"id";"data_inversa";"dia_semana";"horario";"uf";"br";"km";"municipio";"causa_acidente";"tipo_acidente";"classificacao_acidente";"fase_dia";"sentido_via";"condicao_metereologica";"tipo_pista";"tracado_via";"uso_solo";"pessoas";"mortos";"feridos_leves";"feridos_graves";"ilesos";"ignorados";"feridos";"veiculos";"latitude";"longitude";"regional";"delegacia";"uop"
498613;2023-01-11;"quarta-feira";"20:30:00";"SC";101;117,3;"ITAJAI";"Condutor deixou de manter distância do veículo da frente";"Engavetamento";"Sem Vítimas";"Plena Noite";"Decrescente";"Céu Claro";"Dupla";"Reta";"Não";3;0;0;0;2;1;0;3;-26,89185051;-48,72051358;"SPRF-SC";"DEL04-SC";"UOP04-DEL04-SC"
498616;2023-01-11;"quarta-feira";"22:30:00";"PB";101;124;"CAAPORA";"Manobra de mudança de faixa";"Tombamento";"Com Vítimas Feridas";"Plena Noite";"Decrescente";"Nublado";"Dupla";"Curva;Declive";"Não";1;0;1;0;0;0;1;1;-7,46746892;-34,9772648;"SPRF-PB";"DEL01-PB";"UOP02-DEL01-PB"
498620;2023-01-11;"quarta-feira";"18:00:00";"SC";101;316,2;"PESCARIA BRAVA";"Ausência de reação do condutor";"Tombamento";"Com Vítimas Feridas";"Pleno dia";"Decrescente";"Céu Claro";"Dupla";"Aclive;Curva";"Sim";2;0;1;0;0;1;1;2;-28,42944906;-48,87268066;"SPRF-SC";"DEL02-SC";"UOP01-DEL02-SC"
498626;2023-01-11;"quarta-feira";"20:40:00";"PA";230;594;"VITORIA DO XINGU";"Condutor deixou de manter distância do veículo da frente";"Colisão traseira";"Com Vítimas Feridas";"Plena Noite";"Crescente";"Céu Claro";"Simples";"Reta";"Não";6;0;1;0;5;0;1;3;-3,09699324;-51,86687506;"SPRF-PA";"DEL04-PA";"UOP01-DEL04-PA"
498628;2023-01-11;"quarta-feira";"18:00:00";"GO";452;133;"BOM JESUS DE GOIAS";"Demais falhas na via";"Colisão traseira";"Com Vítimas Feridas";"Anoitecer";"Crescente";"Nublado";"Simples";"Reta;Ponte;Declive";"Sim";5;0;3;0;1;3;3;6;-18,23703512;-49,71736106;"SPRF-GO";"DEL03-GO";"UOP02-DEL03-GO"
498629;2023-01-12;"quinta-feira";"00:45:00";"SP";116;59,9;"GUARATINGUETA";"Ausência de reação do condutor";"Queda de ocupante de veículo";"Com Vítimas Fatais";"Plena Noite";"Crescente";"Chuva";"Dupla";"Reta";"Sim";3;1;0;0;1;2;0;4;-22,8016865;-45,14218994;"SPRF-SP";"DEL08-SP";"UOP01-DEL08-SP"
498638;2023-01-12;"quinta-feira";"04:30:00";"ES";259;12,8;"JOAO NEIVA";"Demais falhas mecânicas ou elétricas";"Incêndio";"Sem Vítimas";"Amanhecer";"Crescente";"Nublado";"Simples";"Reta";"Sim";2;0;0;0;1;1;0;2;-19,65107;-40,40650405;"SPRF-ES";"DEL02-ES";"UOP01-DEL02-ES"
498643;2023-01-12;"quinta-feira";"00:30:00";"SP";116;544;"BARRA DO TURVO";"Reação tardia ou ineficiente do condutor";"Colisão com objeto";"Com Vítimas Feridas";"Plena Noite";"Decrescente";"Céu Claro";"Simples";"Curva;Declive";"Não";2;0;0;1;0;1;1;2;-24,95781406;-48,42123049;"SPRF-SP";"DEL05-SP";"UOP02-DEL05-SP"
498647;2023-01-12;"quinta-feira";"06:10:00";"RS";392;102,4;"PELOTAS";"Ausência de reação do condutor";"Colisão transversal";"Com Vítimas Feridas";"Amanhecer";"Decrescente";"Céu Claro";"Simples";"Reta";"Não";4;0;1;0;2;2;1;5;-31,52321383;-52,59145883;"SPRF-RS";"DEL07-RS";"UOP01-DEL07-RS"
498648;2023-01-12;"quinta-feira";"06:22:00";"PE";232;41;"VITORIA DE SANTO ANTAO";"Condutor Dormindo";"Tombamento";"Com Vítimas Feridas";"Pleno dia";"Crescente";"Céu Claro";"Dupla";"Reta";"Não";1;0;1;0;0;0;1;1;-8,11394893;-35,243303;"SPRF-PE";"DEL01-PE";"UOP01-DEL01-PE"
498653;2023-01-12;"quinta-feira";"07:30:00";"RS";116;239;"NOVO HAMBURGO";"Manobra de mudança de faixa";"Colisão lateral mesmo sentido";"Com Vítimas Feridas";"Pleno dia";"Crescente";"Céu Claro";"Dupla";"Reta";"Sim";3;0;2;0;0;1;2;2;-29,6961491;-51,14455767;"SPRF-RS";"DEL01-RS";"UOP02-DEL01-RS"
498654;2023-01-12;"quinta-feira";"06:40:00";"SP";116;145;"SAO JOSE DOS CAMPOS";"Ingestão de álcool pelo condutor";"Colisão lateral mesmo sentido";"Sem Vítimas";"Pleno dia";"Decrescente";"Céu Claro";"Dupla";"Reta";"Não";3;0;0;0;2;1;0;3;-23,18274416;-45,84633592;"SPRF-SP";"DEL02-SP";"UOP01-DEL02-SP"
498656;2023-01-12;"quinta-feira";"07:25:00";"MG";40;610,5;"CONGONHAS";"Velocidade Incompatível";"Derramamento de carga";"Sem Vítimas";"Pleno dia";"Crescente";"Nublado";"Simples";"Curva";"Sim";2;0;0;0;1;1;0;2;-20,50868132;-43,83903265;"SPRF-MG";"DEL05-MG";"UOP02-DEL05-MG"
498668;2023-01-12;"quinta-feira";"04:20:00";"RJ";356;49;"ITAPERUNA";"Demais falhas mecânicas ou elétricas";"Tombamento";"Com Vítimas Feridas";"Plena Noite";"Crescente";"Céu Claro";"Simples";"Curva";"Não";2;0;1;0;0;1;1;2;-21,25281194;-41,78347349;"SPRF-RJ";"DEL08-RJ";"UOP03-DEL08-RJ"
498670;2023-01-12;"quinta-feira";"08:30:00";"ES";101;266,7;"SERRA";"Reação tardia ou ineficiente do condutor";"Tombamento";"Com Vítimas Feridas";"Pleno dia";"Crescente";"Céu Claro";"Dupla";"Reta";"Sim";2;0;0;1;1;0;1;2;-20,190199;-40,26828891;"SPRF-ES";"DEL02-ES";"UOP01-DEL02-ES"
498680;2023-01-12;"quinta-feira";"07:00:00";"RS";472;153,7;"SANTA ROSA";"Acessar a via sem observar a presença dos outros veículos";"Colisão transversal";"Com Vítimas Feridas";"Pleno dia";"Decrescente";"Sol";"Simples";"Curva";"Não";2;0;1;0;1;0;1;2;-27,82134584;-54,40672812;"SPRF-RS";"DEL10-RS";"UOP01-DEL10-RS"
498684;2023-01-12;"quinta-feira";"09:40:00";"SC";101;201,3;"SAO JOSE";"Manobra de mudança de faixa";"Colisão lateral mesmo sentido";"Com Vítimas Feridas";"Pleno dia";"Crescente";"Céu Claro";"Dupla";"Reta";"Sim";3;0;1;0;2;0;1;2;-27,54836599;-48,61977975;"SPRF-SC";"DEL01-SC";"UOP01-DEL01-SC"
498689;2023-01-12;"quinta-feira";"06:30:00";"PB";230;104,9;"MOGEIRO";"Ausência de reação do condutor";"Saída de leito carroçável";"Sem Vítimas";"Pleno dia";"Crescente";"Céu Claro";"Dupla";"Curva";"Não";1;0;0;0;1;0;0;1;-7,2061;-35,5165;"SPRF-PB";"DEL01-PB";"UOP03-DEL01-PB"
498690;2023-01-12;"quinta-feira";"07:30:00";"GO";414;424,5;"ABADIANIA";"Ultrapassagem Indevida";"Colisão frontal";"Com Vítimas Feridas";"Pleno dia";"Crescente";"Nevoeiro/Neblina";"Simples";"Reta";"Não";2;0;0;1;0;1;1;2;-16,15873679;-48,8884715;"SPRF-GO";"DEL02-GO";"UOP01-DEL02-GO"
498692;2023-01-12;"quinta-feira";"11:07:00";"PE";101;163;"RIBEIRAO";"Demais falhas mecânicas ou elétricas";"Saída de leito carroçável";"Sem Vítimas";"Pleno dia";"Crescente";"Céu Claro";"Múltipla";"Curva";"Não";2;0;0;0;1;1;0;2;-8,55039544;-35,44619699;"SPRF-PE";"DEL01-PE";"UOP03-DEL01-PE"
498699;2023-01-12;"quinta-feira";"11:35:00";"SP";116;413;"JUQUIA";"Ausência de reação do condutor";"Colisão traseira";"Com Vítimas Feridas";"Pleno dia";"Decrescente";"Céu Claro";"Dupla";"Reta";"Não";3;0;0;1;1;1;1;3;-24,33231648;-47,60822296;"SPRF-SP";"DEL05-SP";"UOP01-DEL05-SP"
498700;2023-01-12;"quinta-feira";"07:30:00";"PI";135;165;"MANOEL EMIDIO";"Reação tardia ou ineficiente do condutor";"Saída de leito carroçável";"Com Vítimas Feridas";"Pleno dia";"Crescente";"Céu Claro";"Simples";"Curva";"Não";2;0;1;0;0;1;1;2;-7,95284692;-43,84330011;"SPRF-PI";"DEL03-PI";"UOP01-DEL03-PI"
498707;2023-01-12;"quinta-feira";"12:00:00";"PA";316;130,6;"NOVA TIMBOTEUA";"Transitar na contramão";"Colisão lateral sentido oposto";"Com Vítimas Feridas";"Pleno dia";"Crescente";"Chuva";"Simples";"Reta";"Não";5;0;2;1;2;0;3;2;-1,28644069;-47,3517171;"SPRF-PA";"DEL01-PA";"UOP03-DEL01-PA"
498708;2023-01-12;"quinta-feira";"12:25:00";"GO";40;43,2;"LUZIANIA";"Chuva";"Colisão frontal";"Com Vítimas Feridas";"Pleno dia";"Decrescente";"Chuva";"Simples";"Reta";"Não";5;0;0;2;2;1;2;4;-16,384471;-47,826294;"SPRF-DF";"DEL01-DF";"UOP02-DEL01-DF"
498711;2023-01-04;"quarta-feira";"15:05:00";"MS";163;792;"COXIM";"Manobra de mudança de faixa";"Colisão lateral sentido oposto";"Com Vítimas Fatais";"Pleno dia";"Crescente";"Chuva";"Simples";"Reta";"Não";7;1;3;0;2;5;3;8;-17,98835701;-54,67877459;"SPRF-MS";"DEL06-MS";"UOP01-DEL06-MS"
498724;2023-01-12;"quinta-feira";"13:50:00";"GO";50;308;"CUMARI";"Reação tardia ou ineficiente do condutor";"Tombamento";"Com Vítimas Feridas";"Pleno dia";"Crescente";"Céu Claro";"Dupla";"Em Obras;Curva";"Não";2;0;1;0;0;2;1;3;-18,3829;-48,0674;"SPRF-GO";"DEL06-GO";"UOP01-DEL06-GO"
498726;2023-01-12;"quinta-feira";"13:30:00";"PE";407;23,9;"AFRANIO";"Velocidade Incompatível";"Tombamento";"Com Vítimas Fatais";"Pleno dia";"Crescente";"Céu Claro";"Simples";"Curva";"Não";2;1;0;0;0;1;0;2;-8,62237203;-40,99588613;"SPRF-PE";"DEL06-PE";"UOP02-DEL06-PE"
498733;2023-01-12;"quinta-feira";"14:45:00";"SP";153;257,2;"MARILIA";"Acesso irregular";"Eventos atípicos";"Com Vítimas Feridas";"Pleno dia";"Crescente";"Céu Claro";"Dupla";"Reta";"Sim";3;0;0;1;1;1;1;3;-22,23982103;-49,91965379;"SPRF-SP";"DEL07-SP";"UOP02-DEL07-SP"
498736;2023-01-12;"quinta-feira";"15:00:00";"RS";101;78,5;"OSORIO";"Reação tardia ou ineficiente do condutor";"Saída de leito carroçável";"Com Vítimas Feridas";"Pleno dia";"Crescente";"Céu Claro";"Dupla";"Reta";"Não";2;0;1;0;0;1;1;2;-29,81058704;-50,24122892;"SPRF-RS";"DEL03-RS";"UOP01-DEL03-RS"
498737;2023-01-12;"quinta-feira";"15:10:00";"SC";101;438;"SOMBRIO";"Entrada inopinada do pedestre";"Atropelamento de Pedestre";"Com Vítimas Feridas";"Pleno dia";"Decrescente";"Céu Claro";"Dupla";"Reta";"Não";3;0;0;1;1;1;1;3;-29,12427296;-49,6631813;"SPRF-SC";"DEL02-SC";"UOP02-DEL02-SC"
498739;2023-01-12;"quinta-feira";"15:10:00";"AL";316;261;"SATUBA";"Transitar na contramão";"Colisão lateral sentido oposto";"Com Vítimas Feridas";"Pleno dia";"Decrescente";"Céu Claro";"Simples";"Reta";"Não";6;0;2;1;3;0;3;2;-9,59005875;-35,89598604;"SPRF-AL";"DEL02-AL";"UOP01-DEL02-AL"
498748;2023-01-12;"quinta-feira";"08:45:00";"MT";364;523;"ROSARIO OESTE";"Desvio temporário";"Saída de leito carroçável";"Com Vítimas Feridas";"Pleno dia";"Decrescente";"Céu Claro";"Simples";"Reta";"Sim";2;0;1;0;0;3;1;4;-15,06720104;-56,51751552;"SPRF-MT";"DEL01-MT";"UOP01-DEL01-MT"
498749;2023-01-12;"quinta-feira";"17:00:00";"MG";262;365;"JUATUBA";"Pedestre cruzava a pista fora da faixa";"Atropelamento de Pedestre";"Com Vítimas Fatais";"Pleno dia";"Decrescente";"Céu Claro";"Dupla";"Reta";"Não";3;1;0;0;1;1;0;2;-19,97856934;-44,25336717;"SPRF-MG";"DEL01-MG";"UOP03-DEL01-MG"
498750;2023-01-12;"quinta-feira";"10:30:00";"SC";280;27;"ARAQUARI";"Demais falhas mecânicas ou elétricas";"Incêndio";"Sem Vítimas";"Pleno dia";"Decrescente";"Céu Claro";"Simples";"Reta";"Não";1;0;0;0;1;0;0;1;-26,39685622;-48,74021969;"SPRF-SC";"DEL03-SC";"UOP03-DEL03-SC"
498753;2023-01-12;"quinta-feira";"17:00:00";"SP";116;545;"BARRA DO TURVO";"Reação tardia ou ineficiente do condutor";"Tombamento";"Com Vítimas Feridas";"Pleno dia";"Decrescente";"Garoa/Chuvisco";"Dupla";"Curva";"Não";2;0;1;0;0;1;1;2;-24,95016699;-48,42400302;"SPRF-SP";"DEL05-SP";"UOP02-DEL05-SP"
498755;2023-01-12;"quinta-feira";"17:10:00";"GO";60;135;"GOIANIA";"Manobra de mudança de faixa";"Saída de leito carroçável";"Com Vítimas Feridas";"Pleno dia";"Decrescente";"Céu Claro";"Dupla";"Reta";"Não";2;0;1;0;0;1;1;2;-16,589;-49,1945;"SPRF-GO";"DEL01-GO";"UOP01-DEL01-GO"
498763;2023-01-12;"quinta-feira";"11:50:00";"PR";277;129;"BALSA NOVA";"Ausência de reação do condutor";"Saída de leito carroçável";"Com Vítimas Feridas";"Pleno dia";"Decrescente";"Nublado";"Dupla";"Declive;Curva";"Não";1;0;0;1;0;0;1;1;-25,469985;-49,631555;"SPRF-PR";"DEL03-PR";"UOP03-DEL03-PR"
498773;2023-01-08;"domingo";"20:50:00";"BA";116;777,8;"PLANALTO";"Acessar a via sem observar a presença dos outros veículos";"Colisão transversal";"Com Vítimas Fatais";"Plena Noite";"Crescente";"Céu Claro";"Simples";"Reta";"Sim";3;1;0;0;1;1;0;3;-14,607391;-40,44086601;"SPRF-BA";"DEL08-BA";"UOP02-DEL08-BA"
498774;2023-01-12;"quinta-feira";"15:00:00";"PR";277;555,1;"CASCAVEL";"Ultrapassagem Indevida";"Colisão frontal";"Com Vítimas Feridas";"Pleno dia";"Decrescente";"Nublado";"Simples";"Reta";"Não";2;0;1;0;1;0;1;2;-25,08851877;-53,17894042;"SPRF-PR";"DEL04-PR";"UOP04-DEL04-PR"
498778;2023-01-09;"segunda-feira";"00:30:00";"MG";262;520,9;"LUZ";"Ingestão de álcool pelo condutor";"Colisão frontal";"Com Vítimas Feridas";"Plena Noite";"Decrescente";"Chuva";"Simples";"Aclive;Reta";"Não";3;0;2;0;1;0;2;2;-19,7891507;-45,61973095;"SPRF-MG";"DEL08-MG";"UOP03-DEL08-MG"
498780;2023-01-12;"quinta-feira";"19:13:00";"ES";101;141,5;"LINHARES";"Ingestão de álcool pelo condutor";"Colisão traseira";"Com Vítimas Feridas";"Plena Noite";"Crescente";"Céu Claro";"Múltipla";"Reta";"Sim";2;0;0;1;1;0;1;2;-19,33239175;-40,0688464;"SPRF-ES";"DEL04-ES";"UOP01-DEL04-ES"
498782;2023-01-12;"quinta-feira";"19:20:00";"ES";101;279;"SERRA";"Reação tardia ou ineficiente do condutor";"Queda de ocupante de veículo";"Com Vítimas Fatais";"Plena Noite";"Decrescente";"Nublado";"Dupla";"Reta";"Não";3;1;0;0;1;1;0;3;-20,218122;-40,339325;"SPRF-ES";"DEL02-ES";"UOP01-DEL02-ES"
498789;2023-01-12;"quinta-feira";"17:30:00";"TO";153;187;"NOVA OLINDA";"Manobra de mudança de faixa";"Colisão lateral mesmo sentido";"Sem Vítimas";"Pleno dia";"Decrescente";"Céu Claro";"Simples";"Reta";"Não";5;0;0;0;5;0;0;2;-7,53590795;-48,40763309;"SPRF-TO";"DEL02-TO";"UOP01-DEL02-TO"
498790;2023-01-12;"quinta-feira";"17:10:00";"MG";365;546;"ROMARIA";"Reação tardia ou ineficiente do condutor";"Tombamento";"Com Vítimas Feridas";"Pleno dia";"Crescente";"Nublado";"Simples";"Reta";"Não";1;0;1;0;0;0;1;1;-18,93205374;-47,64765491;"SPRF-MG";"DEL10-MG";"UOP01-DEL10-MG"
498791;2023-01-12;"quinta-feira";"20:20:00";"MG";50;190,9;"UBERABA";"Condutor deixou de manter distância do veículo da frente";"Saída de leito carroçável";"Com Vítimas Feridas";"Plena Noite";"Decrescente";"Nublado";"Dupla";"Reta;Aclive";"Não";2;0;1;0;0;1;1;2;-19,85630175;-47,86944462;"SPRF-MG";"DEL13-MG";"UOP01-DEL13-MG"
498794;2023-01-12;"quinta-feira";"15:00:00";"RO";435;97;"COLORADO DO OESTE";"Animais na Pista";"Capotamento";"Com Vítimas Feridas";"Pleno dia";"Crescente";"Nublado";"Simples";"Declive;Curva";"Não";4;0;0;1;2;3;1;5;-13,19098942;-60,58473621;"SPRF-RO";"DEL04-RO";"UOP02-DEL04-RO"
498795;2023-01-12;"quinta-feira";"20:00:00";"MG";40;595;"OURO PRETO";"Estacionar ou parar em local proibido";"Colisão traseira";"Com Vítimas Feridas";"Plena Noite";"Crescente";"Nublado";"Simples";"Reta";"Não";3;0;0;1;0;2;1;3;-20,4079057;-43,89638012;"SPRF-MG";"DEL05-MG";"UOP02-DEL05-MG"
498799;2023-01-12;"quinta-feira";"20:45:00";"MG";381;578,3;"CARMOPOLIS DE MINAS";"Demais falhas mecânicas ou elétricas";"Incêndio";"Sem Vítimas";"Plena Noite";"Crescente";"Nublado";"Dupla";"Reta";"Não";2;0;0;0;1;1;0;2;-20,4741132;-44,58429059;"SPRF-MG";"DEL04-MG";"UOP01-DEL04-MG"
498802;2023-01-12;"quinta-feira";"15:00:00";"MS";158;145,8;"APARECIDA DO TABOADO";"Transitar na contramão";"Colisão lateral sentido oposto";"Com Vítimas Feridas";"Pleno dia";"Decrescente";"Céu Claro";"Simples";"Reta";"Não";3;0;1;0;1;1;1;3;-20,07451637;-51,1280297;"SPRF-MS";"DEL08-MS";"UOP01-DEL08-MS"
498806;2023-01-12;"quinta-feira";"21:47:00";"PE";232;213,1;"PESQUEIRA";"Ingestão de álcool pelo condutor";"Colisão traseira";"Com Vítimas Feridas";"Plena Noite";"Decrescente";"Nublado";"Simples";"Reta";"Sim";3;0;1;0;2;0;1;2;-8,37683577;-36,7222201;"SPRF-PE";"DEL03-PE";"UOP02-DEL03-PE"
498814;2023-01-12;"quinta-feira";"16:26:00";"RO";364;950;"PORTO VELHO";"Pista esburacada";"Tombamento";"Com Vítimas Feridas";"Pleno dia";"Decrescente";"Céu Claro";"Simples";"Reta";"Não";4;0;1;0;1;2;1;3;-9,655162136;-65,5460240278;"SPRF-RO";"DEL01-RO";"UOP03-DEL01-RO"
498816;2023-01-12;"quinta-feira";"22:30:00";"MT";364;474;"JANGADA";"Reação tardia ou ineficiente do condutor";"Tombamento";"Com Vítimas Fatais";"Plena Noite";"Crescente";"Céu Claro";"Simples";"Aclive;Reta";"Não";3;1;0;0;0;3;0;4;-15,43256174;-56,33922156;"SPRF-MT";"DEL01-MT";"UOP02-DEL01-MT"
498817;2023-01-12;"quinta-feira";"20:00:00";"MT";364;263,5;"SAO PEDRO DA CIPA";"Demais falhas mecânicas ou elétricas";"Incêndio";"Sem Vítimas";"Plena Noite";"Decrescente";"Garoa/Chuvisco";"Dupla";"Reta;Aclive";"Não";2;0;0;0;1;1;0;2;-16,01673751;-54,90686447;"SPRF-MT";"DEL02-MT";"UOP01-DEL02-MT"
498818;2023-01-12;"quinta-feira";"20:45:00";"PR";153;230;"TIBAGI";"Problema com o freio";"Incêndio";"Sem Vítimas";"Plena Noite";"Decrescente";"Céu Claro";"Simples";"Reta";"Não";2;0;0;0;1;2;0;3;-24,69481407;-50,44265696;"SPRF-PR";"DEL03-PR";"UOP02-DEL03-PR"
498820;2023-01-13;"sexta-feira";"00:15:00";"SC";280;59,2;"GUARAMIRIM";"Acessar a via sem observar a presença dos outros veículos";"Atropelamento de Pedestre";"Com Vítimas Feridas";"Plena Noite";"Crescente";"Nublado";"Simples";"Reta";"Sim";2;0;0;1;0;1;1;2;-26,476146;-49,031776;"SPRF-SC";"DEL03-SC";"UOP03-DEL03-SC"
498823;2023-01-13;"sexta-feira";"02:10:00";"SC";101;207,9;"SAO JOSE";"Ingestão de álcool pelo condutor";"Colisão com objeto";"Com Vítimas Fatais";"Plena Noite";"Decrescente";"Céu Claro";"Múltipla";"Curva;Em Obras";"Sim";3;1;0;1;1;0;1;2;-27,6028524;-48,6310495;"SPRF-SC";"DEL01-SC";"UOP01-DEL01-SC"
498828;2023-01-13;"sexta-feira";"05:00:00";"BA";242;852;"BARREIRAS";"Ingestão de álcool pelo condutor";"Colisão frontal";"Com Vítimas Fatais";"Amanhecer";"Decrescente";"Nublado";"Simples";"Reta";"Não";3;1;1;0;0;2;1;4;-12,10693421;-45,30657503;"SPRF-BA";"DEL10-BA";"UOP01-DEL10-BA"
498836;2023-01-12;"quinta-feira";"22:35:00";"PR";373;454,3;"CHOPINZINHO";"Reação tardia ou ineficiente do condutor";"Tombamento";"Com Vítimas Feridas";"Plena Noite";"Crescente";"Nublado";"Simples";"Curva";"Não";4;0;2;0;1;1;2;2;-25,89790453;-52,37090248;"SPRF-PR";"DEL02-PR";"UOP01-DEL02-PR"
498837;2023-01-13;"sexta-feira";"06:50:00";"ES";101;261;"SERRA";"Manobra de mudança de faixa";"Capotamento";"Com Vítimas Feridas";"Pleno dia";"Crescente";"Céu Claro";"Dupla";"Reta";"Sim";2;0;0;1;0;1;1;2;-20,14854215;-40,27970926;"SPRF-ES";"DEL02-ES";"UOP01-DEL02-ES"
498838;2023-01-13;"sexta-feira";"07:40:00";"ES";101;291;"CARIACICA";"Condutor deixou de manter distância do veículo da frente";"Colisão traseira";"Com Vítimas Feridas";"Pleno dia";"Crescente";"Céu Claro";"Dupla";"Reta";"Sim";2;0;1;0;1;0;1;2;-20,29755744;-40,39445616;"SPRF-ES";"DEL01-ES";"UOP01-DEL01-ES"
498840;2023-01-13;"sexta-feira";"07:40:00";"ES";101;280,1;"SERRA";"Trafegar com motocicleta (ou similar) entre as faixas";"Tombamento";"Com Vítimas Fatais";"Pleno dia";"Decrescente";"Céu Claro";"Múltipla";"Reta";"Não";2;1;0;0;1;0;0;2;-20,21828666;-40,34895595;"SPRF-ES";"DEL02-ES";"UOP01-DEL02-ES"
498855;2023-01-13;"sexta-feira";"08:28:00";"ES";101;432,7;"ATILIO VIVACQUA";"Manobra de mudança de faixa";"Colisão lateral mesmo sentido";"Com Vítimas Feridas";"Pleno dia";"Crescente";"Sol";"Dupla";"Aclive;Curva";"Não";9;0;0;5;3;1;5;5;-21,03366189;-41,18125221;"SPRF-ES";"DEL03-ES";"UOP02-DEL03-ES"
498859;2023-01-13;"sexta-feira";"09:57:00";"RJ";393;282;"VOLTA REDONDA";"Ultrapassagem Indevida";"Colisão frontal";"Com Vítimas Feridas";"Pleno dia";"Crescente";"Céu Claro";"Simples";"Curva";"Sim";3;0;1;0;1;1;1;3;-22,48082784;-44,04047201;"SPRF-RJ";"DEL05-RJ";"UOP04-DEL05-RJ"
498868;2023-01-13;"sexta-feira";"10:23:00";"TO";153;503;"PARAISO DO TOCANTINS";"Frear bruscamente";"Saída de leito carroçável";"Com Vítimas Feridas";"Pleno dia";"Decrescente";"Nublado";"Simples";"Reta";"Não";1;0;1;0;0;0;1;1;-10,22749198;-48,87609117;"SPRF-TO";"DEL01-TO";"UOP01-DEL01-TO"
498869;2023-01-13;"sexta-feira";"10:33:00";"SC";282;17;"PALHOCA";"Condutor deixou de manter distância do veículo da frente";"Engavetamento";"Com Vítimas Feridas";"Pleno dia";"Decrescente";"Céu Claro";"Simples";"Reta";"Não";5;0;1;0;4;0;1;4;-27,665707;-48,688065;"SPRF-SC";"DEL01-SC";"UOP02-DEL01-SC"
498873;2023-01-13;"sexta-feira";"07:55:00";"RR";432;1;"CARACARAI";"Condutor Dormindo";"Colisão transversal";"Com Vítimas Feridas";"Pleno dia";"Crescente";"Céu Claro";"Simples";"Reta";"Sim";2;0;0;1;1;0;1;2;1,23165785;-60,38064974;"SPRF-RR";"DEL01-RR";"UOP01-DEL01-RR"
498877;2023-01-13;"sexta-feira";"11:10:00";"RS";285;489,8;"ENTRE-IJUIS";"Manobra de mudança de faixa";"Colisão lateral mesmo sentido";"Com Vítimas Feridas";"Pleno dia";"Crescente";"Garoa/Chuvisco";"Simples";"Reta";"Não";3;0;1;0;2;0;1;2;-28,3758448;-54,20834541;"SPRF-RS";"DEL10-RS";"UOP01-DEL10-RS"
498884;2023-01-13;"sexta-feira";"12:30:00";"ES";101;222;"IBIRACU";"Transitar na contramão";"Colisão lateral sentido oposto";"Com Vítimas Feridas";"Pleno dia";"Crescente";"Sol";"Simples";"Curva";"Não";5;0;2;0;2;3;2;6;-19,86967622;-40,40915873;"SPRF-ES";"DEL02-ES";"UOP01-DEL02-ES"
498886;2023-01-13;"sexta-feira";"07:00:00";"PA";155;276;"ELDORADO DO CARAJAS";"Ausência de reação do condutor";"Saída de leito carroçável";"Sem Vítimas";"Pleno dia";"Crescente";"Céu Claro";"Simples";"Reta";"Não";3;0;0;0;2;1;0;3;-5,92992101;-49,21617196;"SPRF-PA";"DEL03-PA";"UOP01-DEL03-PA"
498896;2023-01-13;"sexta-feira";"13:20:00";"SP";116;202;"ARUJA";"Chuva";"Colisão lateral mesmo sentido";"Com Vítimas Feridas";"Pleno dia";"Decrescente";"Chuva";"Dupla";"Aclive";"Sim";4;0;3;0;0;1;3;3;-23,40809408;-46,33859597;"SPRF-SP";"DEL01-SP";"UOP01-DEL01-SP"
498898;2023-01-13;"sexta-feira";"13:10:00";"SC";470;68,3;"INDAIAL";"Acessar a via sem observar a presença dos outros veículos";"Colisão transversal";"Com Vítimas Feridas";"Pleno dia";"Decrescente";"Nublado";"Dupla";"Reta;Em Obras";"Sim";2;0;0;1;1;0;1;2;-26,88031441;-49,2426494;"SPRF-SC";"DEL04-SC";"UOP01-DEL04-SC"
498899;2023-01-13;"sexta-feira";"13:10:00";"SC";470;86,9;"RODEIO";"Reação tardia ou ineficiente do condutor";"Saída de leito carroçável";"Com Vítimas Feridas";"Pleno dia";"Crescente";"Céu Claro";"Simples";"Curva";"Não";2;0;1;1;0;0;2;1;-26,94797188;-49,36526299;"SPRF-SC";"DEL04-SC";"UOP01-DEL04-SC"
498900;2023-01-13;"sexta-feira";"12:45:00";"PR";153;39,6;"SANTO ANTONIO DA PLATINA";"Transitar na contramão";"Colisão frontal";"Com Vítimas Fatais";"Pleno dia";"Crescente";"Chuva";"Simples";"Reta";"Não";3;1;0;0;1;2;0;4;-23,27231767;-50,05734289;"SPRF-PR";"DEL07-PR";"UOP04-DEL07-PR"
498905;2023-01-13;"sexta-feira";"09:30:00";"MA";226;325,7;"JENIPAPO DOS VIEIRAS";"Demais falhas mecânicas ou elétricas";"Incêndio";"Sem Vítimas";"Pleno dia";"Decrescente";"Céu Claro";"Simples";"Reta";"Não";1;0;0;0;1;0;0;1;-5,43497368;-45,41832714;"SPRF-MA";"DEL06-MA";"UOP01-DEL06-MA"
498911;2023-01-07;"sábado";"09:55:00";"MA";230;138,1;"PASTOS BONS";"Ingestão de álcool pelo condutor";"Colisão frontal";"Com Vítimas Fatais";"Pleno dia";"Crescente";"Chuva";"Simples";"Reta;Declive";"Não";6;2;1;1;1;4;2;6;-6,58456592;-44,05032997;"SPRF-MA";"DEL05-MA";"UOP01-DEL05-MA"
498917;2023-01-13;"sexta-feira";"14:00:00";"PE";101;186;"PALMARES";"Condutor deixou de manter distância do veículo da frente";"Colisão traseira";"Com Vítimas Feridas";"Pleno dia";"Decrescente";"Sol";"Dupla";"Reta";"Sim";4;0;1;1;1;1;2;3;-8,68263674;-35,57938824;"SPRF-PE";"DEL01-PE";"UOP03-DEL01-PE"