"id";"data_inversa";"dia_semana";"horario";"uf";"br";"km";"municipio";"causa_acidente";"tipo_acidente";"classificacao_acidente";"fase_dia";"sentido_via";"condicao_metereologica";"tipo_pista";"tracado_via";"uso_solo";"pessoas";"mortos";"feridos_leves";"feridos_graves";"ilesos";"ignorados";"feridos";"veiculos";"latitude";"longitude";"regional";"delegacia";"uop"
499386;2023-01-15;"domingo";"16:30:00";"SC";101;242;"PALHOCA";"Ingestão de substâncias psicoativas pelo condutor";"Colisão lateral mesmo sentido";"Com Vítimas Feridas";"Pleno dia";"Crescente";"Chuva";"Dupla";"Reta";"Não";3;0;1;0;1;2;1;4;-27,875012;-48,646989;"SPRF-SC";"DEL01-SC";"UOP02-DEL01-SC"
499389;2023-01-15;"domingo";"10:40:00";"MG";251;336;"FRUTA DE LEITE";"Velocidade Incompatível";"Colisão lateral sentido oposto";"Com Vítimas Feridas";"Pleno dia";"Crescente";"Sol";"Simples";"Aclive;Curva";"Não";3;0;2;0;0;3;2;5;-16,26002936;-42,42421031;"SPRF-MG";"DEL12-MG";"UOP01-DEL12-MG"
499391;2023-01-15;"domingo";"17:45:00";"PR";153;33;"SANTO ANTONIO DA PLATINA";"Problema com o freio";"Colisão lateral mesmo sentido";"Sem Vítimas";"Pleno dia";"Crescente";"Céu Claro";"Simples";"Declive";"Não";5;0;0;0;4;4;0;8;-23,23229394;-50,0364961;"SPRF-PR";"DEL07-PR";"UOP04-DEL07-PR"
499393;2023-01-15;"domingo";"18:40:00";"TO";153;334;"GUARAI";"Desrespeitar a preferência no cruzamento";"Colisão transversal";"Com Vítimas Feridas";"Pleno dia";"Crescente";"Céu Claro";"Simples";"Interseção de Vias";"Não";2;0;0;1;1;0;1;2;-8,835718;-48,512123;"SPRF-TO";"DEL02-TO";"UOP02-DEL02-TO"
499423;2023-01-15;"domingo";"21:15:00";"BA";101;795;"ITAMARAJU";"Transitar na contramão";"Colisão lateral sentido oposto";"Com Vítimas Fatais";"Plena Noite";"Decrescente";"Céu Claro";"Simples";"Reta";"Não";3;1;0;0;2;0;0;2;-17,10313183;-39,56145878;"SPRF-BA";"DEL09-BA";"UOP01-DEL09-BA"
499425;2023-01-15;"domingo";"20:08:00";"MT";70;501;"CUIABA";"Ingestão de álcool pelo condutor";"Colisão lateral mesmo sentido";"Sem Vítimas";"Plena Noite";"Crescente";"Céu Claro";"Simples";"Reta";"Não";4;0;0;0;3;3;0;5;-15,67848081;-55,93160992;"SPRF-MT";"DEL01-MT";"UOP02-DEL01-MT"
499428;2023-01-14;"sábado";"17:45:00";"MG";153;1;"ARAPORA";"Demais falhas mecânicas ou elétricas";"Saída de leito carroçável";"Com Vítimas Feridas";"Anoitecer";"Decrescente";"Nublado";"Dupla";"Declive;Retorno Regulamentado";"Sim";6;0;3;2;1;0;5;2;-18,42608911;-49,19359032;"SPRF-MG";"DEL15-MG";"UOP03-DEL15-MG"
499440;2023-01-15;"domingo";"20:00:00";"BA";116;652;"JEQUIE";"Conversão proibida";"Colisão transversal";"Com Vítimas Feridas";"Plena Noite";"Decrescente";"Céu Claro";"Simples";"Reta";"Não";4;0;2;1;0;1;3;3;-13,62855903;-40,09262869;"SPRF-BA";"DEL03-BA";"UOP01-DEL03-BA"
499445;2023-01-15;"domingo";"21:50:00";"MG";262;484,7;"BOM DESPACHO";"Velocidade Incompatível";"Capotamento";"Com Vítimas Feridas";"Plena Noite";"Decrescente";"Chuva";"Simples";"Reta";"Não";1;0;1;0;0;0;1;1;-19,78539973;-45,28487104;"SPRF-MG";"DEL08-MG";"UOP03-DEL08-MG"
499455;2023-01-16;"segunda-feira";"00:45:00";"MT";364;573;"NOBRES";"Ingestão de álcool pelo condutor";"Colisão transversal";"Sem Vítimas";"Plena Noite";"Crescente";"Céu Claro";"Dupla";"Reta";"Sim";3;0;0;0;2;4;0;6;-14,70707506;-56,32215373;"SPRF-MT";"DEL01-MT";"UOP01-DEL01-MT"
499463;2023-01-15;"domingo";"19:00:00";"BA";242;443;"SEABRA";"Transitar na contramão";"Colisão transversal";"Com Vítimas Feridas";"Plena Noite";"Crescente";"Céu Claro";"Simples";"Reta";"Não";3;0;1;0;1;4;1;6;-12,42853001;-42,01789856;"SPRF-BA";"DEL06-BA";"UOP01-DEL06-BA"
499465;2023-01-15;"domingo";"22:20:00";"MG";381;641;"SANTO ANTONIO DO AMPARO";"Ausência de reação do condutor";"Saída de leito carroçável";"Com Vítimas Feridas";"Plena Noite";"Decrescente";"Nublado";"Dupla";"Reta";"Não";2;0;1;0;0;1;1;2;-20,92855294;-44,87437629;"SPRF-MG";"DEL04-MG";"UOP01-DEL04-MG"
499466;2023-01-16;"segunda-feira";"06:00:00";"PE";101;65;"RECIFE";"Trafegar com motocicleta (ou similar) entre as faixas";"Colisão traseira";"Com Vítimas Feridas";"Pleno dia";"Decrescente";"Nublado";"Múltipla";"Reta";"Sim";3;0;1;1;0;1;2;2;-8,02478597;-34,94276635;"SPRF-PE";"DEL01-PE";"UOP01-DEL01-PE"
499487;2023-01-16;"segunda-feira";"07:30:00";"RS";470;218;"BENTO GONCALVES";"Acessar a via sem observar a presença dos outros veículos";"Colisão transversal";"Com Vítimas Feridas";"Pleno dia";"Crescente";"Céu Claro";"Simples";"Interseção de Vias;Curva;Retorno Regulamentado";"Sim";2;0;0;1;1;0;1;2;-29,18266191;-51,52032566;"SPRF-RS";"DEL06-RS";"UOP01-DEL06-RS"
499488;2023-01-12;"quinta-feira";"17:30:00";"MG";365;545;"ESTRELA DO SUL";"Condutor deixou de manter distância do veículo da frente";"Saída de leito carroçável";"Com Vítimas Feridas";"Amanhecer";"Crescente";"Céu Claro";"Simples";"Reta";"Não";1;0;1;0;0;0;1;1;-18,93294065;-47,638231;"SPRF-MG";"DEL10-MG";"UOP01-DEL10-MG"
499490;2023-01-16;"segunda-feira";"07:20:00";"SP";116;354;"MIRACATU";"Ausência de reação do condutor";"Colisão traseira";"Sem Vítimas";"Pleno dia";"Decrescente";"Céu Claro";"Dupla";"Reta";"Não";2;0;0;0;1;1;0;2;-24,07491092;-47,24973213;"SPRF-SP";"DEL04-SP";"UOP03-DEL04-SP"
499491;2023-01-16;"segunda-feira";"07:30:00";"RJ";116;236;"PIRAI";"Curva acentuada";"Tombamento";"Com Vítimas Feridas";"Pleno dia";"Decrescente";"Céu Claro";"Simples";"Curva";"Não";2;0;1;0;0;1;1;2;-22,665695;-43,864075;"SPRF-RJ";"DEL07-RJ";"UOP01-DEL07-RJ"
499502;2023-01-16;"segunda-feira";"07:30:00";"ES";101;388,5;"RIO NOVO DO SUL";"Velocidade Incompatível";"Tombamento";"Com Vítimas Feridas";"Pleno dia";"Decrescente";"Nublado";"Simples";"Curva";"Não";2;0;1;0;0;1;1;2;-20,86182443;-40,87482893;"SPRF-ES";"DEL03-ES";"UOP02-DEL03-ES"
499508;2023-01-16;"segunda-feira";"10:00:00";"DF";0;0;"BRASILIA";"Manobra de mudança de faixa";"Colisão lateral mesmo sentido";"Sem Vítimas";"Pleno dia";"Não Informado";"Céu Claro";"Dupla";"Reta";"Sim";5;0;0;0;4;1;0;4;-15,81589;-47,949594;"N/A";"N/A";"N/A"
499515;2023-01-16;"segunda-feira";"04:42:00";"BA";324;430;"RIACHAO DO JACUIPE";"Acessar a via sem observar a presença dos outros veículos";"Colisão transversal";"Com Vítimas Fatais";"Plena Noite";"Crescente";"Céu Claro";"Simples";"Retorno Regulamentado;Reta";"Não";5;1;1;0;1;2;1;5;-11,77381392;-39,45123017;"SPRF-BA";"DEL04-BA";"UOP02-DEL04-BA"
499524;2023-01-16;"segunda-feira";"12:00:00";"CE";222;40,3;"CAUCAIA";"Condutor deixou de manter distância do veículo da frente";"Engavetamento";"Com Vítimas Feridas";"Pleno dia";"Crescente";"Nublado";"Simples";"Reta";"Sim";6;0;3;1;2;0;4;3;-3,68690023;-38,90730706;"SPRF-CE";"DEL01-CE";"UOP03-DEL01-CE"
499538;2023-01-16;"segunda-feira";"12:30:00";"PE";408;59;"TRACUNHAEM";"Desrespeitar a preferência no cruzamento";"Colisão lateral sentido oposto";"Com Vítimas Feridas";"Pleno dia";"Crescente";"Céu Claro";"Simples";"Interseção de Vias";"Sim";4;0;3;0;1;0;3;2;-7,807122;-35,243365;"SPRF-PE";"DEL01-PE";"UOP01-DEL01-PE"
499540;2023-01-16;"segunda-feira";"14:35:00";"MG";262;22;"REDUTO";"Ausência de reação do condutor";"Capotamento";"Com Vítimas Fatais";"Pleno dia";"Crescente";"Céu Claro";"Simples";"Curva";"Não";2;1;0;1;0;0;1;1;-20,24575292;-41,92502101;"SPRF-MG";"DEL06-MG";"UOP03-DEL06-MG"
499549;2023-01-16;"segunda-feira";"13:27:00";"PR";376;445,2;"IPIRANGA";"Reação tardia ou ineficiente do condutor";"Colisão lateral mesmo sentido";"Com Vítimas Feridas";"Pleno dia";"Crescente";"Céu Claro";"Dupla";"Declive;Curva";"Não";2;0;0;1;0;1;1;2;-24,848676;-50,473387;"SPRF-PR";"DEL03-PR";"UOP02-DEL03-PR"
499554;2023-01-16;"segunda-feira";"15:20:00";"MG";262;479,3;"BOM DESPACHO";"Transitar na contramão";"Colisão frontal";"Com Vítimas Fatais";"Pleno dia";"Decrescente";"Sol";"Simples";"Reta;Declive";"Sim";2;1;1;0;0;0;1;2;-19,78628062;-45,23887303;"SPRF-MG";"DEL08-MG";"UOP03-DEL08-MG"
499555;2023-01-16;"segunda-feira";"11:31:00";"BA";324;523;"FEIRA DE SANTANA";"Demais falhas mecânicas ou elétricas";"Incêndio";"Sem Vítimas";"Pleno dia";"Decrescente";"Sol";"Dupla";"Declive;Reta";"Não";1;0;0;0;1;0;0;1;-12,29007099;-38,91206799;"SPRF-BA";"DEL01-BA";"UOP03-DEL01-BA"
499559;2023-01-16;"segunda-feira";"05:30:00";"MG";116;85;"MEDINA";"Animais na Pista";"Saída de leito carroçável";"Com Vítimas Feridas";"Amanhecer";"Decrescente";"Céu Claro";"Dupla";"Reta";"Não";2;0;1;0;0;1;1;2;-16,31233605;-41,4737529;"SPRF-MG";"DEL11-MG";"UOP02-DEL11-MG"
499561;2023-01-16;"segunda-feira";"15:00:00";"MG";381;434,9;"SABARA";"Demais falhas mecânicas ou elétricas";"Saída de leito carroçável";"Com Vítimas Feridas";"Pleno dia";"Decrescente";"Sol";"Simples";"Reta;Declive";"Sim";5;0;2;2;0;1;4;2;-19,80043184;-43,75031407;"SPRF-MG";"DEL01-MG";"UOP01-DEL01-MG"
499562;2023-01-16;"segunda-feira";"10:45:00";"RJ";116;94;"GUAPIMIRIM";"Velocidade Incompatível";"Tombamento";"Com Vítimas Feridas";"Pleno dia";"Crescente";"Nublado";"Simples";"Curva";"Não";1;0;1;0;0;0;1;1;-22,46643519;-43,00088701;"SPRF-RJ";"DEL04-RJ";"UOP01-DEL04-RJ"
499566;2023-01-16;"segunda-feira";"15:30:00";"PR";376;616;"SAO JOSE DOS PINHAIS";"Reação tardia ou ineficiente do condutor";"Colisão traseira";"Sem Vítimas";"Pleno dia";"Decrescente";"Nublado";"Dupla";"Declive;Curva";"Sim";3;0;0;0;2;1;0;3;-25,57583659;-49,17953679;"SPRF-PR";"DEL01-PR";"UOP04-DEL01-PR"
499576;2023-01-16;"segunda-feira";"17:00:00";"GO";452;2;"RIO VERDE";"Ausência de sinalização";"Colisão traseira";"Com Vítimas Feridas";"Pleno dia";"Crescente";"Céu Claro";"Múltipla";"Reta;Declive";"Não";4;0;1;2;1;0;3;2;-17,79595391;-50,88555295;"SPRF-GO";"DEL04-GO";"UOP01-DEL04-GO"
499579;2023-01-16;"segunda-feira";"16:15:00";"MS";359;133;"ALCINOPOLIS";"Ausência de reação do condutor";"Colisão frontal";"Com Vítimas Fatais";"Pleno dia";"Crescente";"Nublado";"Simples";"Reta;Aclive";"Não";3;1;0;0;1;1;0;3;-18,26399307;-53,94390403;"SPRF-MS";"DEL06-MS";"UOP01-DEL06-MS"
499582;2023-01-16;"segunda-feira";"15:55:00";"MG";381;430;"SABARA";"Retorno proibido";"Colisão lateral mesmo sentido";"Com Vítimas Feridas";"Pleno dia";"Decrescente";"Céu Claro";"Dupla";"Reta;Declive";"Não";2;0;0;1;1;0;1;2;-19,78496805;-43,72311799;"SPRF-MG";"DEL01-MG";"UOP01-DEL01-MG"
499583;2023-01-16;"segunda-feira";"16:30:00";"PR";116;210,8;"RIO NEGRO";"Acessar a via sem observar a presença dos outros veículos";"Colisão transversal";"Sem Vítimas";"Pleno dia";"Decrescente";"Céu Claro";"Simples";"Reta";"Sim";4;0;0;0;3;1;0;3;-26,09925138;-49,78061914;"SPRF-SC";"DEL06-SC";"UOP01-DEL06-SC"
499584;2023-01-16;"segunda-feira";"15:00:00";"MA";316;410;"ALTO ALEGRE DO MARANHAO";"Avarias e/ou desgaste excessivo no pneu";"Saída de leito carroçável";"Com Vítimas Feridas";"Pleno dia";"Decrescente";"Chuva";"Simples";"Reta";"Não";3;0;1;1;1;0;2;1;-4,281436;-44,421883;"SPRF-MA";"DEL03-MA";"UOP01-DEL03-MA"
499588;2023-01-16;"segunda-feira";"16:45:00";"PA";10;23,7;"DOM ELISEU";"Condutor deixou de manter distância do veículo da frente";"Colisão traseira";"Com Vítimas Fatais";"Pleno dia";"Decrescente";"Sol";"Simples";"Reta;Aclive";"Não";4;1;1;0;2;0;1;3;-4,24085813;-47,55672076;"SPRF-PA";"DEL02-PA";"UOP02-DEL02-PA"
499593;2023-01-16;"segunda-feira";"13:10:00";"SC";282;450,1;"PONTE SERRADA";"Condutor deixou de manter distância do veículo da frente";"Colisão traseira";"Com Vítimas Fatais";"Pleno dia";"Crescente";"Sol";"Simples";"Reta;Aclive";"Não";5;1;0;0;3;1;0;5;-26,9200989;-51,9370182;"SPRF-SC";"DEL07-SC";"UOP04-DEL07-SC"
499595;2023-01-16;"segunda-feira";"18:30:00";"ES";101;90;"JAGUARE";"Conversão proibida";"Colisão lateral mesmo sentido";"Com Vítimas Feridas";"Anoitecer";"Crescente";"Céu Claro";"Simples";"Reta";"Sim";2;0;1;0;1;0;1;2;-18,89806708;-39,95602283;"SPRF-ES";"DEL04-ES";"UOP02-DEL04-ES"
499597;2023-01-16;"segunda-feira";"18:00:00";"RS";392;92,3;"MORRO REDONDO";"Reação tardia ou ineficiente do condutor";"Colisão lateral sentido oposto";"Com Vítimas Feridas";"Pleno dia";"Decrescente";"Céu Claro";"Simples";"Declive";"Não";4;0;1;0;2;4;1;7;-31,59202994;-52,53032793;"SPRF-RS";"DEL07-RS";"UOP01-DEL07-RS"
499604;2023-01-16;"segunda-feira";"19:10:00";"MG";381;513;"IGARAPE";"Reação tardia ou ineficiente do condutor";"Colisão lateral mesmo sentido";"Com Vítimas Feridas";"Plena Noite";"Crescente";"Céu Claro";"Múltipla";"Reta";"Sim";3;0;1;0;1;1;1;3;-20,099993;-44,318903;"SPRF-MG";"DEL01-MG";"UOP03-DEL01-MG"
499605;2023-01-16;"segunda-feira";"18:45:00";"SC";101;274,1;"IMBITUBA";"Velocidade Incompatível";"Colisão traseira";"Com Vítimas Fatais";"Anoitecer";"Decrescente";"Céu Claro";"Dupla";"Reta";"Sim";3;1;1;0;1;0;1;2;-28,1417472;-48,6920212;"SPRF-SC";"DEL02-SC";"UOP03-DEL02-SC"
499606;2023-01-16;"segunda-feira";"16:40:00";"MS";158;76;"PARANAIBA";"Ausência de reação do condutor";"Colisão traseira";"Com Vítimas Feridas";"Pleno dia";"Crescente";"Céu Claro";"Simples";"Aclive;Reta";"Não";6;0;1;0;4;1;1;3;-19,53525103;-51,26533504;"SPRF-MS";"DEL08-MS";"UOP01-DEL08-MS"
499610;2023-01-16;"segunda-feira";"17:00:00";"MG";40;57,1;"PARACATU";"Transitar na contramão";"Colisão frontal";"Com Vítimas Feridas";"Pleno dia";"Decrescente";"Céu Claro";"Simples";"Reta";"Não";7;0;0;4;1;3;4;5;-17,29349791;-46,77346153;"SPRF-MG";"DEL14-MG";"UOP01-DEL14-MG"
499623;2023-01-16;"segunda-feira";"21:40:00";"MG";262;541;"LUZ";"Avarias e/ou desgaste excessivo no pneu";"Incêndio";"Sem Vítimas";"Plena Noite";"Crescente";"Céu Claro";"Simples";"Reta";"Não";2;0;0;0;1;1;0;2;-19,75771661;-45,81320299;"SPRF-MG";"DEL08-MG";"UOP02-DEL08-MG"
499631;2023-01-16;"segunda-feira";"20:10:00";"MS";163;656;"RIO VERDE DE MATO GROSSO";"Reação tardia ou ineficiente do condutor";"Saída de leito carroçável";"Sem Vítimas";"Plena Noite";"Crescente";"Céu Claro";"Simples";"Aclive";"Não";3;0;0;0;2;3;0;4;-19,10980596;-54,76245493;"SPRF-MS";"DEL06-MS";"UOP02-DEL06-MS"
499634;2023-01-16;"segunda-feira";"22:00:00";"MS";163;772;"COXIM";"Ausência de reação do condutor";"Tombamento";"Com Vítimas Feridas";"Plena Noite";"Decrescente";"Nublado";"Simples";"Reta";"Não";2;0;1;0;0;2;1;3;-18,15529422;-54,67066723;"SPRF-MS";"DEL06-MS";"UOP01-DEL06-MS"
499635;2023-01-16;"segunda-feira";"21:41:00";"PR";277;480,8;"NOVA LARANJEIRAS";"Demais falhas mecânicas ou elétricas";"Incêndio";"Sem Vítimas";"Plena Noite";"Crescente";"Céu Claro";"Simples";"Reta;Aclive";"Não";2;0;0;0;1;1;0;2;-25,2857969;-52,58222295;"SPRF-PR";"DEL04-PR";"UOP02-DEL04-PR"
499644;2023-01-17;"terça-feira";"00:40:00";"PR";376;669;"GUARATUBA";"Condutor deixou de manter distância do veículo da frente";"Colisão traseira";"Com Vítimas Feridas";"Plena Noite";"Crescente";"Chuva";"Dupla";"Curva";"Não";3;0;1;0;1;1;1;3;-25,86958174;-48,93464712;"SPRF-PR";"DEL01-PR";"UOP04-DEL01-PR"
499645;2023-01-16;"segunda-feira";"22:20:00";"SC";470;269;"BRUNOPOLIS";"Velocidade Incompatível";"Tombamento";"Com Vítimas Feridas";"Plena Noite";"Decrescente";"Chuva";"Simples";"Curva";"Não";1;0;1;0;0;0;1;1;-27,31912401;-50,76580524;"SPRF-SC";"DEL07-SC";"UOP06-DEL07-SC"
499646;2023-01-17;"terça-feira";"02:05:00";"MG";40;417,9;"CURVELO";"Condutor Dormindo";"Colisão traseira";"Com Vítimas Feridas";"Plena Noite";"Crescente";"Nublado";"Simples";"Aclive";"Não";2;0;0;1;0;1;1;2;-19,15620979;-44,59445792;"SPRF-MG";"DEL02-MG";"UOP01-DEL02-MG"
499647;2023-01-17;"terça-feira";"00:45:00";"PE";232;133;"CARUARU";"Condutor Dormindo";"Tombamento";"Com Vítimas Feridas";"Plena Noite";"Crescente";"Céu Claro";"Dupla";"Reta";"Sim";1;0;1;0;0;0;1;1;-8,29983303;-35,989662;"SPRF-PE";"DEL02-PE";"UOP01-DEL02-PE"
499648;2023-01-16;"segunda-feira";"19:30:00";"MT";163;557;"DIAMANTINO";"Chuva";"Colisão frontal";"Com Vítimas Fatais";"Plena Noite";"Decrescente";"Chuva";"Simples";"Reta";"Não";8;1;5;1;0;2;6;4;-14,2536656;-56,1397763;"SPRF-MT";"DEL01-MT";"UOP01-DEL01-MT"
499651;2023-01-17;"terça-feira";"02:00:00";"RJ";493;52;"DUQUE DE CAXIAS";"Condutor Dormindo";"Colisão com objeto";"Com Vítimas Feridas";"Plena Noite";"Decrescente";"Céu Claro";"Múltipla";"Reta";"Sim";1;0;1;0;0;0;1;1;-22,6660447;-43,3250838;"SPRF-RJ";"DEL01-RJ";"UOP01-DEL01-RJ"
499655;2023-01-17;"terça-feira";"04:00:00";"MG";381;921;"CAMANDUCAIA";"Velocidade Incompatível";"Colisão com objeto";"Com Vítimas Feridas";"Plena Noite";"Crescente";"Nublado";"Dupla";"Declive;Curva";"Não";2;0;1;0;0;1;1;2;-22,7680939;-46,20854399;"SPRF-MG";"DEL16-MG";"UOP03-DEL16-MG"
499656;2023-01-16;"segunda-feira";"23:25:00";"MG";262;542,3;"LUZ";"Ausência de sinalização";"Colisão com objeto";"Com Vítimas Feridas";"Plena Noite";"Decrescente";"Vento";"Simples";"Reta;Declive";"Não";3;0;0;1;1;3;1;5;-19,75250409;-45,81968114;"SPRF-MG";"DEL08-MG";"UOP02-DEL08-MG"
499659;2023-01-17;"terça-feira";"03:48:00";"TO";230;128;"ARAGUATINS";"Ausência de reação do condutor";"Tombamento";"Com Vítimas Feridas";"Amanhecer";"Crescente";"Nublado";"Simples";"Curva";"Não";5;0;1;1;0;3;2;3;-5,78393405;-48,02665238;"SPRF-TO";"DEL02-TO";"UOP03-DEL02-TO"
499660;2023-01-17;"terça-feira";"06:15:00";"ES";101;125;"SOORETAMA";"Problema com o freio";"Colisão traseira";"Com Vítimas Feridas";"Amanhecer";"Crescente";"Céu Claro";"Simples";"Reta";"Sim";4;0;1;0;2;3;1;6;-19,18496498;-40,09429827;"SPRF-ES";"DEL04-ES";"UOP01-DEL04-ES"
499661;2023-01-16;"segunda-feira";"11:00:00";"MG";116;412,8;"GOVERNADOR VALADARES";"Acessar a via sem observar a presença dos outros veículos";"Colisão lateral mesmo sentido";"Com Vítimas Feridas";"Pleno dia";"Crescente";"Céu Claro";"Dupla";"Reta";"Sim";3;0;2;0;1;0;2;2;-18,86882342;-41,97144241;"SPRF-MG";"DEL06-MG";"UOP01-DEL06-MG"
499663;2023-01-17;"terça-feira";"02:00:00";"MG";116;646,5;"FERVEDOURO";"Condutor Dormindo";"Colisão lateral sentido oposto";"Com Vítimas Feridas";"Plena Noite";"Decrescente";"Ignorado";"Simples";"Curva";"Não";2;0;0;1;1;0;1;2;-20,69799444;-42,27506876;"SPRF-MG";"DEL07-MG";"UOP03-DEL07-MG"
499664;2023-01-16;"segunda-feira";"15:30:00";"CE";222;126;"ITAPAJE";"Ingestão de álcool e/ou substâncias psicoativas pelo pedestre";"Colisão lateral mesmo sentido";"Com Vítimas Feridas";"Pleno dia";"Crescente";"Céu Claro";"Simples";"Reta";"Não";2;0;1;0;0;1;1;2;-3,69613087;-39,6007584;"SPRF-CE";"DEL04-CE";"UOP03-DEL04-CE"
499665;2023-01-17;"terça-feira";"06:50:00";"SC";101;137;"BALNEARIO CAMBORIU";"Condutor deixou de manter distância do veículo da frente";"Colisão lateral mesmo sentido";"Com Vítimas Feridas";"Pleno dia";"Crescente";"Céu Claro";"Simples";"Reta";"Sim";3;0;0;1;1;2;1;4;-27,0157238;-48,61192763;"SPRF-SC";"DEL04-SC";"UOP03-DEL04-SC"
499673;2023-01-17;"terça-feira";"07:50:00";"SC";101;127;"ITAJAI";"Reação tardia ou ineficiente do condutor";"Colisão traseira";"Com Vítimas Feridas";"Pleno dia";"Decrescente";"Céu Claro";"Dupla";"Reta";"Não";2;0;1;0;1;0;1;2;-26,9639319;-48,68328024;"SPRF-SC";"DEL04-SC";"UOP04-DEL04-SC"
499678;2023-01-17;"terça-feira";"08:10:00";"PR";116;46,9;"CAMPINA GRANDE DO SUL";"Velocidade Incompatível";"Tombamento";"Sem Vítimas";"Pleno dia";"Crescente";"Nublado";"Dupla";"Curva";"Não";2;0;0;0;1;1;0;2;-25,20185401;-48,8962139;"SPRF-PR";"DEL01-PR";"UOP02-DEL01-PR"
499682;2023-01-17;"terça-feira";"07:45:00";"MG";365;429,8;"PATOS DE MINAS";"Reação tardia ou ineficiente do condutor";"Colisão traseira";"Com Vítimas Feridas";"Pleno dia";"Decrescente";"Céu Claro";"Simples";"Reta";"Não";7;0;3;0;3;4;3;7;-18,7571266;-46,65766952;"SPRF-MG";"DEL10-MG";"UOP01-DEL10-MG"
499687;2023-01-17;"terça-feira";"07:30:00";"PR";277;516,8;"GUARANIACU";"Ultrapassagem Indevida";"Colisão frontal";"Com Vítimas Feridas";"Pleno dia";"Crescente";"Céu Claro";"Simples";"Declive;Reta";"Não";3;0;0;1;1;1;1;3;-25,11722483;-52,81349172;"SPRF-PR";"DEL04-PR";"UOP04-DEL04-PR"
499691;2023-01-17;"terça-feira";"09:13:00";"PE";101;73;"RECIFE";"Ausência de reação do condutor";"Tombamento";"Com Vítimas Feridas";"Pleno dia";"Crescente";"Sol";"Dupla";"Curva";"Sim";3;0;1;0;1;1;1;3;-8,093369;-34,947464;"SPRF-PE";"DEL01-PE";"UOP01-DEL01-PE"
499694;2023-01-17;"terça-feira";"08:00:00";"PR";277;515,9;"GUARANIACU";"Obstrução na via";"Colisão traseira";"Com Vítimas Feridas";"Pleno dia";"Crescente";"Chuva";"Simples";"Reta";"Não";4;0;0;1;2;2;1;5;-25,12174422;-52,80554699;"SPRF-PR";"DEL04-PR";"UOP04-DEL04-PR"
499696;2023-01-17;"terça-feira";"10:00:00";"DF";70;11,4;"BRASILIA";"Ausência de reação do condutor";"Colisão traseira";"Com Vítimas Feridas";"Pleno dia";"Crescente";"Céu Claro";"Dupla";"Reta";"Sim";3;0;1;0;2;0;1;3;-15,790747;-48,15377;"SPRF-DF";"DEL03-DF";"UOP02-DEL03-DF"
499698;2023-01-17;"terça-feira";"09:45:00";"PR";153;31,7;"SANTO ANTONIO DA PLATINA";"Manobra de mudança de faixa";"Colisão frontal";"Com Vítimas Feridas";"Pleno dia";"Decrescente";"Céu Claro";"Simples";"Reta";"Não";4;0;0;1;1;2;1;4;-23,22262134;-50,02015382;"SPRF-PR";"DEL07-PR";"UOP04-DEL07-PR"
499700;2023-01-17;"terça-feira";"06:30:00";"AL";101;28;"JOAQUIM GOMES";"Reação tardia ou ineficiente do condutor";"Colisão lateral sentido oposto";"Com Vítimas Feridas";"Pleno dia";"Crescente";"Céu Claro";"Simples";"Curva;Aclive";"Não";3;0;1;1;1;0;2;2;-9,06864496;-35,74109702;"SPRF-AL";"DEL01-AL";"UOP02-DEL01-AL"
499709;2023-01-17;"terça-feira";"11:30:00";"TO";153;345;"GUARAI";"Velocidade Incompatível";"Colisão traseira";"Com Vítimas Feridas";"Pleno dia";"Crescente";"Sol";"Simples";"Reta";"Não";8;0;2;1;4;1;3;3;-8,93568917;-48,50773634;"SPRF-TO";"DEL02-TO";"UOP02-DEL02-TO"
499713;2023-01-17;"terça-feira";"12:20:00";"SC";282;425,5;"VARGEM BONITA";"Chuva";"Colisão lateral sentido oposto";"Com Vítimas Feridas";"Pleno dia";"Crescente";"Chuva";"Simples";"Aclive;Curva";"Não";5;0;3;0;1;2;3;4;-26,982269;-51,75414;"SPRF-SC";"DEL07-SC";"UOP05-DEL07-SC"
499714;2023-01-17;"terça-feira";"12:40:00";"PB";230;64,4;"SAO MIGUEL DE TAIPU";"Acumulo de água sobre o pavimento";"Saída de leito carroçável";"Com Vítimas Feridas";"Pleno dia";"Decrescente";"Chuva";"Dupla";"Curva";"Não";4;0;2;2;0;0;4;3;-7,19100704;-35,18355366;"SPRF-PB";"DEL01-PB";"UOP03-DEL01-PB"
499721;2023-01-17;"terça-feira";"10:00:00";"MG";381;449;"SANTA LUZIA";"Demais falhas mecânicas ou elétricas";"Incêndio";"Sem Vítimas";"Pleno dia";"Decrescente";"Céu Claro";"Dupla";"Reta;Aclive";"Sim";2;0;0;0;1;1;0;2;-19,82380006;-43,83021355;"SPRF-MG";"DEL01-MG";"UOP01-DEL01-MG"
499735;2023-01-17;"terça-feira";"14:45:00";"PR";376;506;"PONTA GROSSA";"Reação tardia ou ineficiente do condutor";"Engavetamento";"Com Vítimas Feridas";"Pleno dia";"Decrescente";"Chuva";"Dupla";"Reta;Declive";"Não";6;0;1;0;4;1;1;6;-25,241402;-50,029533;"SPRF-PR";"DEL03-PR";"UOP04-DEL03-PR"
499736;2023-01-17;"terça-feira";"15:30:00";"SP";153;68,5;"SAO JOSE DO RIO PRETO";"Reação tardia ou ineficiente do condutor";"Colisão traseira";"Com Vítimas Feridas";"Pleno dia";"Crescente";"Céu Claro";"Dupla";"Curva";"Sim";3;0;0;1;2;0;1;2;-20,8505829;-49,383795;"SPRF-SP";"DEL09-SP";"UOP01-DEL09-SP"