"id";"data_inversa";"dia_semana";"horario";"uf";"br";"km";"municipio";"causa_acidente";"tipo_acidente";"classificacao_acidente";"fase_dia";"sentido_via";"condicao_metereologica";"tipo_pista";"tracado_via";"uso_solo";"pessoas";"mortos";"feridos_leves";"feridos_graves";"ilesos";"ignorados";"feridos";"veiculos";"latitude";"longitude";"regional";"delegacia";"uop"
501448;2023-01-26;"quinta-feira";"23:30:00";"SC";470;60,3;"BLUMENAU";"Reação tardia ou ineficiente do condutor";"Tombamento";"Sem Vítimas";"Plena Noite";"Decrescente";"Céu Claro";"Simples";"Interseção de Vias;Reta";"Não";2;0;0;0;1;1;0;2;-26,88138;-49,164543;"SPRF-SC";"DEL04-SC";"UOP01-DEL04-SC"
501453;2023-01-27;"sexta-feira";"00:30:00";"MG";116;580;"MANHUACU";"Ausência de reação do condutor";"Tombamento";"Com Vítimas Feridas";"Plena Noite";"Crescente";"Nublado";"Simples";"Curva";"Não";2;0;1;0;0;1;1;2;-20,18726337;-42,18489254;"SPRF-MG";"DEL06-MG";"UOP03-DEL06-MG"
501457;2023-01-27;"sexta-feira";"07:15:00";"MG";40;521;"CONTAGEM";"Acessar a via sem observar a presença dos outros veículos";"Colisão lateral mesmo sentido";"Sem Vítimas";"Pleno dia";"Crescente";"Céu Claro";"Dupla";"Reta";"Sim";2;0;0;0;2;0;0;2;-19,85651501;-44,07213222;"SPRF-MG";"DEL01-MG";"UOP02-DEL01-MG"
501467;2023-01-27;"sexta-feira";"06:28:00";"SC";101;69,1;"ARAQUARI";"Condutor deixou de manter distância do veículo da frente";"Colisão traseira";"Sem Vítimas";"Pleno dia";"Crescente";"Céu Claro";"Dupla";"Reta";"Não";3;0;0;0;2;1;0;3;-26,50298009;-48,72814515;"SPRF-SC";"DEL03-SC";"UOP02-DEL03-SC"
501469;2023-01-27;"sexta-feira";"08:10:00";"GO";153;621;"MORRINHOS";"Condutor Dormindo";"Colisão traseira";"Com Vítimas Feridas";"Pleno dia";"Crescente";"Nublado";"Dupla";"Reta";"Não";2;0;1;0;1;0;1;2;-17,7309;-49,1552;"SPRF-GO";"DEL03-GO";"UOP01-DEL03-GO"
501470;2023-01-27;"sexta-feira";"06:12:00";"MG";365;69,7;"CLARO DOS POCOES";"Reação tardia ou ineficiente do condutor";"Saída de leito carroçável";"Com Vítimas Feridas";"Pleno dia";"Decrescente";"Nublado";"Simples";"Curva;Declive";"Não";2;0;0;1;0;2;1;3;-17,07222805;-44,33952581;"SPRF-MG";"DEL12-MG";"UOP01-DEL12-MG"
501485;2023-01-27;"sexta-feira";"09:50:00";"SP";116;230;"SAO PAULO";"Ausência de reação do condutor";"Colisão traseira";"Com Vítimas Feridas";"Pleno dia";"Crescente";"Sol";"Múltipla";"Reta";"Não";4;0;2;0;2;0;2;2;-23,52251783;-46,5855702;"SPRF-SP";"DEL01-SP";"UOP01-DEL01-SP"
501486;2023-01-27;"sexta-feira";"09:00:00";"SP";116;511;"CAJATI";"Reação tardia ou ineficiente do condutor";"Colisão com objeto";"Com Vítimas Feridas";"Pleno dia";"Crescente";"Céu Claro";"Dupla";"Curva";"Não";1;0;1;0;0;0;1;1;-24,83558399;-48,2223738;"SPRF-SP";"DEL05-SP";"UOP02-DEL05-SP"
501490;2023-01-27;"sexta-feira";"09:55:00";"SP";381;22,3;"BRAGANCA PAULISTA";"Entrada inopinada do pedestre";"Atropelamento de Pedestre";"Com Vítimas Fatais";"Pleno dia";"Crescente";"Sol";"Dupla";"Reta";"Não";3;1;0;0;1;2;0;4;-22,99697186;-46,5163051;"SPRF-SP";"DEL03-SP";"UOP02-DEL03-SP"
501493;2023-01-27;"sexta-feira";"10:30:00";"PR";369;506,1;"CASCAVEL";"Transitar na contramão";"Colisão lateral sentido oposto";"Com Vítimas Feridas";"Pleno dia";"Decrescente";"Sol";"Simples";"Reta";"Não";4;0;2;0;2;0;2;3;-24,8326;-53,3005;"SPRF-PR";"DEL04-PR";"UOP03-DEL04-PR"
501496;2023-01-27;"sexta-feira";"10:00:00";"MG";40;495,5;"ESMERALDAS";"Acumulo de areia ou detritos sobre o pavimento";"Eventos atípicos";"Sem Vítimas";"Pleno dia";"Decrescente";"Céu Claro";"Dupla";"Aclive;Curva";"Não";3;0;0;0;2;1;0;3;-19,66258914;-44,19686822;"SPRF-MG";"DEL02-MG";"UOP01-DEL02-MG"
501501;2023-01-27;"sexta-feira";"11:35:00";"CE";20;177;"BOA VIAGEM";"Demais falhas na via";"Tombamento";"Com Vítimas Feridas";"Pleno dia";"Crescente";"Céu Claro";"Simples";"Declive;Ponte";"Não";3;0;2;0;0;1;2;2;-5,287862;-39,893627;"SPRF-CE";"DEL02-CE";"UOP02-DEL02-CE"
501504;2023-01-27;"sexta-feira";"09:30:00";"MG";262;909,9;"COMENDADOR GOMES";"Demais falhas mecânicas ou elétricas";"Tombamento";"Com Vítimas Feridas";"Pleno dia";"Crescente";"Céu Claro";"Dupla";"Reta;Declive";"Não";2;0;1;0;0;2;1;3;-19,64975778;-48,82869244;"SPRF-MG";"DEL13-MG";"UOP02-DEL13-MG"
501512;2023-01-27;"sexta-feira";"12:30:00";"AL";316;199,5;"MARIBONDO";"Condutor Dormindo";"Colisão frontal";"Sem Vítimas";"Pleno dia";"Crescente";"Céu Claro";"Simples";"Reta";"Não";3;0;0;0;2;3;0;5;-9,5795443;-36,33410919;"SPRF-AL";"DEL03-AL";"UOP01-DEL03-AL"
501515;2023-01-27;"sexta-feira";"11:50:00";"MS";267;226,9;"NOVA ALVORADA DO SUL";"Condutor Dormindo";"Colisão frontal";"Com Vítimas Feridas";"Pleno dia";"Crescente";"Céu Claro";"Simples";"Reta";"Não";5;0;2;0;2;1;2;4;-21,53845148;-54,17967594;"SPRF-MS";"DEL02-MS";"UOP01-DEL02-MS"
501527;2023-01-27;"sexta-feira";"15:00:00";"PB";101;9;"MAMANGUAPE";"Condutor Dormindo";"Colisão traseira";"Com Vítimas Feridas";"Pleno dia";"Crescente";"Céu Claro";"Dupla";"Declive";"Não";2;0;0;1;1;0;1;2;-6,5745330074;-35,1442982212;"SPRF-PB";"DEL01-PB";"UOP04-DEL01-PB"
501530;2023-01-27;"sexta-feira";"13:50:00";"RJ";101;417;"MANGARATIBA";"Ausência de reação do condutor";"Colisão traseira";"Com Vítimas Feridas";"Pleno dia";"Crescente";"Céu Claro";"Simples";"Reta";"Não";2;0;1;0;0;1;1;2;-22,91293797;-43,89732384;"SPRF-RJ";"DEL03-RJ";"UOP02-DEL03-RJ"
501533;2023-01-27;"sexta-feira";"14:40:00";"GO";20;211;"POSSE";"Chuva";"Saída de leito carroçável";"Com Vítimas Feridas";"Pleno dia";"Crescente";"Chuva";"Simples";"Curva;Aclive";"Não";3;0;2;0;0;2;2;3;-14,268924;-46,380203;"SPRF-DF";"DEL02-DF";"UOP03-DEL02-DF"
501537;2023-01-27;"sexta-feira";"10:40:00";"PR";476;165,2;"ARAUCARIA";"Condutor deixou de manter distância do veículo da frente";"Colisão traseira";"Com Vítimas Feridas";"Pleno dia";"Crescente";"Céu Claro";"Simples";"Reta";"Não";2;0;1;0;1;0;1;2;-25,643578;-49,472763;"SPRF-PR";"DEL01-PR";"UOP06-DEL01-PR"
501543;2023-01-27;"sexta-feira";"14:00:00";"SC";280;300,7;"PORTO UNIAO";"Manobra de mudança de faixa";"Colisão lateral mesmo sentido";"Com Vítimas Feridas";"Pleno dia";"Crescente";"Sol";"Simples";"Reta";"Não";5;0;1;0;3;2;1;5;-26,28524961;-51,02104389;"SPRF-SC";"DEL06-SC";"UOP04-DEL06-SC"
501544;2023-01-27;"sexta-feira";"15:10:00";"GO";20;129,5;"FLORES DE GOIAS";"Transitar na contramão";"Colisão transversal";"Com Vítimas Feridas";"Pleno dia";"Decrescente";"Chuva";"Simples";"Reta";"Não";6;0;1;0;5;0;1;3;-14,845849;-46,74799;"SPRF-DF";"DEL02-DF";"UOP03-DEL02-DF"
501549;2023-01-27;"sexta-feira";"15:40:00";"MT";364;349,6;"SANTO ANTONIO DO LEVERGER";"Reação tardia ou ineficiente do condutor";"Colisão traseira";"Sem Vítimas";"Pleno dia";"Crescente";"Nublado";"Dupla";"Declive;Curva";"Não";8;0;0;0;7;5;0;9;-15,793835;-55,582373;"SPRF-MT";"DEL05-MT";"UOP02-DEL05-MT"
501552;2023-01-27;"sexta-feira";"17:10:00";"SC";101;131;"BALNEARIO CAMBORIU";"Ultrapassagem Indevida";"Colisão lateral mesmo sentido";"Com Vítimas Feridas";"Pleno dia";"Crescente";"Céu Claro";"Múltipla";"Reta";"Sim";2;0;1;0;1;0;1;2;-26,99064209;-48,66310912;"SPRF-SC";"DEL04-SC";"UOP03-DEL04-SC"
501557;2023-01-27;"sexta-feira";"17:35:00";"PR";476;144,4;"CURITIBA";"Manobra de mudança de faixa";"Colisão lateral mesmo sentido";"Com Vítimas Feridas";"Pleno dia";"Decrescente";"Céu Claro";"Dupla";"Curva;Declive";"Sim";4;0;1;0;2;1;1;4;-25,542501;-49,313011;"SPRF-PR";"DEL01-PR";"UOP06-DEL01-PR"
501559;2023-01-27;"sexta-feira";"16:50:00";"PE";101;78;"RECIFE";"Trafegar com motocicleta (ou similar) entre as faixas";"Colisão traseira";"Com Vítimas Feridas";"Plena Noite";"Crescente";"Céu Claro";"Dupla";"Reta";"Sim";5;0;0;1;3;2;1;5;-8,13496499;-34,94738614;"SPRF-PE";"DEL01-PE";"UOP01-DEL01-PE"
501560;2023-01-27;"sexta-feira";"17:50:00";"RS";290;115;"ELDORADO DO SUL";"Reação tardia ou ineficiente do condutor";"Colisão traseira";"Com Vítimas Feridas";"Pleno dia";"Decrescente";"Céu Claro";"Simples";"Reta";"Não";9;0;1;0;7;1;1;3;-30,045572;-51,357651;"SPRF-RS";"DEL02-RS";"UOP01-DEL02-RS"
501561;2023-01-27;"sexta-feira";"17:35:00";"ES";101;315,9;"VILA VELHA";"Reação tardia ou ineficiente do condutor";"Colisão lateral mesmo sentido";"Com Vítimas Feridas";"Plena Noite";"Decrescente";"Céu Claro";"Dupla";"Curva";"Não";3;0;1;0;1;1;1;2;-20,46976694;-40,46795209;"SPRF-ES";"DEL01-ES";"UOP01-DEL01-ES"
501565;2023-01-27;"sexta-feira";"17:55:00";"MG";356;264,5;"MURIAE";"Ausência de reação do condutor";"Colisão traseira";"Com Vítimas Fatais";"Pleno dia";"Decrescente";"Nublado";"Simples";"Reta";"Sim";4;1;0;0;1;2;0;4;-21,12552649;-42,37547729;"SPRF-MG";"DEL07-MG";"UOP02-DEL07-MG"
501570;2023-01-22;"domingo";"18:30:00";"MT";163;979;"TERRA NOVA DO NORTE";"Manobra de mudança de faixa";"Colisão lateral sentido oposto";"Com Vítimas Fatais";"Anoitecer";"Crescente";"Céu Claro";"Simples";"Curva";"Não";3;1;0;0;1;1;0;3;-10,67709001;-55,13921885;"SPRF-MT";"DEL06-MT";"UOP03-DEL06-MT"
501571;2023-01-27;"sexta-feira";"08:45:00";"PE";232;402,8;"SERRA TALHADA";"Condutor deixou de manter distância do veículo da frente";"Tombamento";"Com Vítimas Feridas";"Pleno dia";"Crescente";"Céu Claro";"Simples";"Reta";"Não";2;0;1;0;0;1;1;2;-8,00594179;-38,24424505;"SPRF-PE";"DEL04-PE";"UOP01-DEL04-PE"
501577;2023-01-27;"sexta-feira";"18:30:00";"SP";116;94;"PINDAMONHANGABA";"Ausência de reação do condutor";"Engavetamento";"Com Vítimas Feridas";"Anoitecer";"Crescente";"Nublado";"Dupla";"Reta";"Não";6;0;2;0;3;1;2;4;-22,96083987;-45,42156507;"SPRF-SP";"DEL08-SP";"UOP01-DEL08-SP"
501578;2023-01-27;"sexta-feira";"15:30:00";"SC";101;298;"LAGUNA";"Entrada inopinada do pedestre";"Atropelamento de Pedestre";"Com Vítimas Feridas";"Pleno dia";"Decrescente";"Sol";"Múltipla";"Reta";"Não";2;0;1;0;1;0;1;2;-28,32102597;-48,72829906;"SPRF-SC";"DEL02-SC";"UOP03-DEL02-SC"
501595;2023-01-27;"sexta-feira";"18:00:00";"MA";316;413;"ALTO ALEGRE DO MARANHAO";"Velocidade Incompatível";"Colisão transversal";"Com Vítimas Feridas";"Anoitecer";"Decrescente";"Céu Claro";"Simples";"Reta";"Não";2;0;1;0;1;0;1;2;-4,306536;-44,411728;"SPRF-MA";"DEL03-MA";"UOP01-DEL03-MA"
501601;2023-01-27;"sexta-feira";"21:05:00";"MG";40;483,9;"SETE LAGOAS";"Pista esburacada";"Colisão com objeto";"Com Vítimas Feridas";"Plena Noite";"Decrescente";"Céu Claro";"Dupla";"Curva;Declive";"Não";5;0;2;0;1;2;2;4;-19,57184;-44,231534;"SPRF-MG";"DEL02-MG";"UOP01-DEL02-MG"
501603;2023-01-27;"sexta-feira";"20:45:00";"PR";376;660;"TIJUCAS DO SUL";"Carga excessiva e/ou mal acondicionada";"Derramamento de carga";"Sem Vítimas";"Plena Noite";"Decrescente";"Céu Claro";"Simples";"Declive;Reta";"Não";3;0;0;0;2;1;0;3;-25,8516758;-49,00332398;"SPRF-PR";"DEL01-PR";"UOP04-DEL01-PR"
501621;2023-01-27;"sexta-feira";"23:40:00";"SP";116;6,2;"QUELUZ";"Condutor Dormindo";"Colisão traseira";"Com Vítimas Feridas";"Plena Noite";"Crescente";"Chuva";"Dupla";"Reta";"Não";2;0;1;0;1;0;1;2;-22,53158181;-44,75374706;"SPRF-SP";"DEL08-SP";"UOP02-DEL08-SP"
501623;2023-01-28;"sábado";"00:10:00";"SE";235;29,3;"AREIA BRANCA";"Condutor Dormindo";"Colisão frontal";"Com Vítimas Feridas";"Plena Noite";"Decrescente";"Céu Claro";"Simples";"Reta";"Não";2;0;0;1;1;0;1;2;-10,790907;-37,284542;"SPRF-SE";"DEL01-SE";"UOP02-DEL01-SE"
501627;2023-01-27;"sexta-feira";"22:15:00";"MS";262;490,2;"ANASTACIO";"Transitar na contramão";"Colisão lateral sentido oposto";"Com Vítimas Feridas";"Plena Noite";"Crescente";"Nublado";"Simples";"Curva";"Sim";2;0;1;0;1;0;1;2;-20,49915789;-55,81553606;"SPRF-MS";"DEL03-MS";"UOP01-DEL03-MS"
501628;2023-01-27;"sexta-feira";"20:42:00";"BA";30;365;"BRUMADO";"Acessar a via sem observar a presença dos outros veículos";"Colisão traseira";"Com Vítimas Fatais";"Plena Noite";"Decrescente";"Céu Claro";"Simples";"Reta;Aclive";"Sim";4;1;0;1;1;2;1;4;-14,227244;-41,675386;"SPRF-BA";"DEL08-BA";"UOP01-DEL08-BA"
501629;2023-01-28;"sábado";"00:45:00";"MG";40;277;"TRES MARIAS";"Carga excessiva e/ou mal acondicionada";"Tombamento";"Com Vítimas Feridas";"Plena Noite";"Crescente";"Garoa/Chuvisco";"Simples";"Curva;Aclive";"Sim";2;0;1;0;1;0;1;1;-18,21264695;-45,22480595;"SPRF-MG";"DEL14-MG";"UOP02-DEL14-MG"
501634;2023-01-28;"sábado";"02:10:00";"SP";116;304,8;"SAO LOURENCO DA SERRA";"Ausência de reação do condutor";"Saída de leito carroçável";"Com Vítimas Feridas";"Plena Noite";"Crescente";"Céu Claro";"Dupla";"Curva;Declive";"Não";2;0;1;0;0;1;1;2;-23,835151;-46,92964497;"SPRF-SP";"DEL04-SP";"UOP01-DEL04-SP"
501636;2023-01-28;"sábado";"01:00:00";"PR";280;282,2;"FLOR DA SERRA DO SUL";"Demais falhas mecânicas ou elétricas";"Incêndio";"Sem Vítimas";"Plena Noite";"Crescente";"Céu Claro";"Simples";"Reta";"Não";2;0;0;0;1;1;0;2;-26,23960016;-53,24050599;"SPRF-PR";"DEL02-PR";"UOP01-DEL02-PR"
501637;2023-01-28;"sábado";"03:00:00";"SP";116;339,3;"MIRACATU";"Velocidade Incompatível";"Tombamento";"Com Vítimas Feridas";"Plena Noite";"Crescente";"Céu Claro";"Dupla";"Curva;Declive";"Não";2;0;1;0;0;1;1;2;-24,00189616;-47,15224743;"SPRF-SP";"DEL04-SP";"UOP03-DEL04-SP"
501640;2023-01-28;"sábado";"05:00:00";"SP";116;106,8;"TAUBATE";"Manobra de mudança de faixa";"Colisão lateral mesmo sentido";"Sem Vítimas";"Amanhecer";"Crescente";"Céu Claro";"Dupla";"Reta";"Sim";2;0;0;0;1;1;0;2;-23,01250593;-45,52256005;"SPRF-SP";"DEL02-SP";"UOP02-DEL02-SP"
501646;2023-01-28;"sábado";"04:00:00";"PB";230;420,5;"POMBAL";"Condutor deixou de manter distância do veículo da frente";"Colisão traseira";"Com Vítimas Feridas";"Amanhecer";"Decrescente";"Céu Claro";"Simples";"Reta;Declive";"Não";3;0;0;2;0;1;2;2;-6,724832;-37,866383;"SPRF-PB";"DEL03-PB";"UOP02-DEL03-PB"
501647;2023-01-28;"sábado";"04:35:00";"SC";158;118,9;"CUNHA PORA";"Ingestão de álcool pelo condutor";"Colisão traseira";"Sem Vítimas";"Amanhecer";"Crescente";"Céu Claro";"Simples";"Curva";"Sim";2;0;0;0;2;0;0;2;-26,88509485;-53,17463279;"SPRF-SC";"DEL07-SC";"UOP02-DEL07-SC"
501656;2023-01-28;"sábado";"07:05:00";"SC";282;89,3;"ALFREDO WAGNER";"Ultrapassagem Indevida";"Colisão lateral mesmo sentido";"Com Vítimas Fatais";"Pleno dia";"Decrescente";"Céu Claro";"Simples";"Curva";"Não";3;1;0;0;1;1;0;3;-27,679737;-49,218879;"SPRF-SC";"DEL01-SC";"UOP03-DEL01-SC"
501671;2023-01-28;"sábado";"07:30:00";"CE";20;394;"CAUCAIA";"Ultrapassagem Indevida";"Colisão lateral mesmo sentido";"Com Vítimas Feridas";"Pleno dia";"Crescente";"Céu Claro";"Simples";"Reta";"Não";4;0;2;0;1;2;2;4;-3,83210212;-38,7581689;"SPRF-CE";"DEL01-CE";"UOP01-DEL01-CE"
501676;2023-01-28;"sábado";"07:00:00";"SC";163;75,5;"SAO MIGUEL DO OESTE";"Ultrapassagem Indevida";"Colisão lateral sentido oposto";"Com Vítimas Feridas";"Pleno dia";"Decrescente";"Céu Claro";"Simples";"Reta";"Não";4;0;0;1;1;2;1;4;-26,68603933;-53,51444721;"SPRF-SC";"DEL07-SC";"UOP03-DEL07-SC"
501679;2023-01-28;"sábado";"09:40:00";"PR";476;159,4;"ARAUCARIA";"Acessar a via sem observar a presença dos outros veículos";"Colisão lateral mesmo sentido";"Com Vítimas Feridas";"Pleno dia";"Crescente";"Céu Claro";"Simples";"Reta;Interseção de Vias";"Sim";6;0;2;3;1;0;5;2;-25,617077;-49,43091;"SPRF-PR";"DEL01-PR";"UOP06-DEL01-PR"
501683;2023-01-28;"sábado";"09:30:00";"MG";262;40;"MANHUACU";"Acessar a via sem observar a presença dos outros veículos";"Colisão transversal";"Com Vítimas Feridas";"Pleno dia";"Decrescente";"Céu Claro";"Simples";"Reta";"Sim";8;0;4;0;3;1;4;3;-20,27334219;-42,04913988;"SPRF-MG";"DEL06-MG";"UOP03-DEL06-MG"
501692;2023-01-28;"sábado";"11:35:00";"PR";277;719;"FOZ DO IGUACU";"Mal súbito do condutor";"Saída de leito carroçável";"Com Vítimas Fatais";"Pleno dia";"Crescente";"Céu Claro";"Dupla";"Reta;Viaduto";"Sim";4;2;0;0;1;1;0;3;-25,48375622;-54,49425791;"SPRF-PR";"DEL05-PR";"UOP03-DEL05-PR"
501694;2023-01-28;"sábado";"11:55:00";"BA";101;263;"SANTO ANTONIO DE JESUS";"Acessar a via sem observar a presença dos outros veículos";"Colisão lateral mesmo sentido";"Sem Vítimas";"Pleno dia";"Crescente";"Nublado";"Simples";"Reta;Declive";"Sim";4;0;0;0;4;0;0;2;-12,97587123;-39,27597284;"SPRF-BA";"DEL01-BA";"UOP02-DEL01-BA"
501706;2023-01-28;"sábado";"11:50:00";"RJ";40;58;"PETROPOLIS";"Velocidade Incompatível";"Tombamento";"Com Vítimas Feridas";"Pleno dia";"Decrescente";"Céu Claro";"Dupla";"Curva";"Não";2;0;0;1;0;1;1;2;-22,378777;-43,131523;"SPRF-RJ";"DEL05-RJ";"UOP02-DEL05-RJ"
501709;2023-01-28;"sábado";"13:10:00";"MG";40;190,1;"JOAO PINHEIRO";"Acessar a via sem observar a presença dos outros veículos";"Colisão transversal";"Com Vítimas Feridas";"Pleno dia";"Decrescente";"Céu Claro";"Simples";"Reta";"Não";4;0;2;0;1;1;2;3;-17,9996258;-45,89753996;"SPRF-MG";"DEL14-MG";"UOP02-DEL14-MG"
501714;2023-01-28;"sábado";"08:30:00";"BA";116;572;"BREJOES";"Demais falhas mecânicas ou elétricas";"Incêndio";"Sem Vítimas";"Pleno dia";"Crescente";"Céu Claro";"Simples";"Reta";"Sim";1;0;0;0;1;0;0;1;-13,07647;-39,96176;"SPRF-BA";"DEL03-BA";"UOP02-DEL03-BA"
501718;2023-01-28;"sábado";"11:35:00";"RJ";101;304;"SAO GONCALO";"Ausência de reação do condutor";"Engavetamento";"Com Vítimas Feridas";"Pleno dia";"Decrescente";"Céu Claro";"Dupla";"Reta";"Não";6;0;3;0;2;2;3;6;-22,78491869;-42,98627706;"SPRF-RJ";"DEL02-RJ";"UOP02-DEL02-RJ"
501723;2023-01-20;"sexta-feira";"23:25:00";"MA";135;3,1;"SAO LUIS";"Ausência de reação do condutor";"Colisão traseira";"Com Vítimas Feridas";"Plena Noite";"Decrescente";"Ignorado";"Dupla";"Curva;Retorno Regulamentado";"Sim";3;0;0;1;1;3;1;5;-2,652;-44,306;"SPRF-MA";"DEL01-MA";"UOP01-DEL01-MA"
501732;2023-01-28;"sábado";"10:00:00";"MT";70;499;"CUIABA";"Reação tardia ou ineficiente do condutor";"Saída de leito carroçável";"Sem Vítimas";"Pleno dia";"Crescente";"Nublado";"Simples";"Reta";"Não";1;0;0;0;1;0;0;1;-15,68436834;-56,017111;"SPRF-MT";"DEL01-MT";"UOP02-DEL01-MT"
501734;2023-01-28;"sábado";"09:30:00";"MG";116;204;"CARAI";"Reação tardia ou ineficiente do condutor";"Tombamento";"Com Vítimas Feridas";"Pleno dia";"Decrescente";"Céu Claro";"Dupla";"Reta;Aclive";"Não";2;0;1;0;0;1;1;2;-17,275456;-41,51381;"SPRF-MG";"DEL11-MG";"UOP01-DEL11-MG"
501753;2023-01-28;"sábado";"08:30:00";"MG";381;375;"SAO GONCALO DO RIO ABAIXO";"Reação tardia ou ineficiente do condutor";"Tombamento";"Com Vítimas Feridas";"Pleno dia";"Crescente";"Céu Claro";"Simples";"Curva";"Não";3;0;0;1;1;2;1;4;-19,83666149;-43,33681685;"SPRF-MG";"DEL01-MG";"UOP01-DEL01-MG"
501770;2023-01-28;"sábado";"17:35:00";"GO";40;12;"LUZIANIA";"Manobra de mudança de faixa";"Colisão traseira";"Sem Vítimas";"Pleno dia";"Crescente";"Céu Claro";"Dupla";"Reta";"Sim";2;0;0;0;2;0;0;2;-16,145123;-47,945382;"SPRF-DF";"DEL01-DF";"UOP01-DEL01-DF"
501778;2023-01-28;"sábado";"14:50:00";"PB";412;142,5;"MONTEIRO";"Ultrapassagem Indevida";"Colisão frontal";"Com Vítimas Fatais";"Pleno dia";"Crescente";"Céu Claro";"Simples";"Declive;Reta";"Não";2;1;0;0;1;0;0;2;-7,878574;-37,099098;"SPRF-PB";"DEL02-PB";"UOP02-DEL02-PB"
501779;2023-01-28;"sábado";"17:00:00";"MG";251;298;"SALINAS";"Reação tardia ou ineficiente do condutor";"Colisão traseira";"Com Vítimas Feridas";"Pleno dia";"Crescente";"Céu Claro";"Simples";"Reta;Aclive";"Não";3;0;1;0;1;2;1;4;-16,12160476;-42,2187392;"SPRF-MG";"DEL12-MG";"UOP01-DEL12-MG"
501783;2023-01-28;"sábado";"18:59:00";"BA";20;158;"SAO DESIDERIO";"Ausência de reação do condutor";"Colisão com objeto";"Com Vítimas Feridas";"Plena Noite";"Crescente";"Céu Claro";"Simples";"Reta";"Não";2;0;1;1;0;0;2;2;-12,5959;-45,9103;"SPRF-BA";"DEL10-BA";"UOP01-DEL10-BA"
501800;2023-01-28;"sábado";"15:40:00";"MG";251;454;"GRAO MOGOL";"Velocidade Incompatível";"Colisão lateral sentido oposto";"Com Vítimas Feridas";"Pleno dia";"Crescente";"Chuva";"Simples";"Reta;Declive";"Não";5;0;2;0;2;1;2;2;-16,42559253;-43,33498612;"SPRF-MG";"DEL12-MG";"UOP01-DEL12-MG"
501806;2023-01-28;"sábado";"15:30:00";"MT";163;990;"TERRA NOVA DO NORTE";"Manobra de mudança de faixa";"Colisão lateral mesmo sentido";"Com Vítimas Feridas";"Pleno dia";"Decrescente";"Garoa/Chuvisco";"Simples";"Reta";"Não";3;0;1;0;1;4;1;6;-10,68977276;-55,12810486;"SPRF-MT";"DEL06-MT";"UOP03-DEL06-MT"
501811;2023-01-20;"sexta-feira";"19:20:00";"SP";116;25,8;"LAVRINHAS";"Ausência de reação do condutor";"Colisão traseira";"Com Vítimas Feridas";"Plena Noite";"Crescente";"Garoa/Chuvisco";"Múltipla";"Reta";"Não";4;0;2;0;2;0;2;2;-22,60592606;-44,89504495;"SPRF-SP";"DEL08-SP";"UOP02-DEL08-SP"
501823;2023-01-28;"sábado";"20:00:00";"RS";471;191,1;"PANTANO GRANDE";"Acessar a via sem observar a presença dos outros veículos";"Colisão lateral mesmo sentido";"Sem Vítimas";"Plena Noite";"Decrescente";"Nublado";"Simples";"Reta";"Não";3;0;0;0;3;0;0;2;-30,131404;-52,369771;"SPRF-RS";"DEL02-RS";"UOP03-DEL02-RS"
501827;2023-01-28;"sábado";"20:20:00";"MA";316;561,1;"CAXIAS";"Ausência de reação do condutor";"Colisão traseira";"Com Vítimas Fatais";"Plena Noite";"Crescente";"Céu Claro";"Simples";"Reta";"Não";3;1;0;0;1;2;0;4;-4,893173;-43,275978;"SPRF-MA";"DEL03-MA";"UOP02-DEL03-MA"
501833;2023-01-29;"domingo";"00:10:00";"ES";101;122,9;"LINHARES";"Condutor Dormindo";"Tombamento";"Com Vítimas Feridas";"Plena Noite";"Crescente";"Céu Claro";"Simples";"Declive;Reta";"Não";1;0;1;0;0;0;1;1;-19,16016593;-40,08315314;"SPRF-ES";"DEL04-ES";"UOP01-DEL04-ES"
501834;2023-01-28;"sábado";"18:40:00";"RO";364;49;"VILHENA";"Reação tardia ou ineficiente do condutor";"Colisão traseira";"Com Vítimas Fatais";"Anoitecer";"Decrescente";"Céu Claro";"Simples";"Declive;Reta";"Não";3;1;0;0;1;2;0;4;-12,55924713;-60,35437725;"SPRF-RO";"DEL04-RO";"UOP01-DEL04-RO"
501836;2023-01-28;"sábado";"17:20:00";"PA";230;1113;"ITAITUBA";"Reação tardia ou ineficiente do condutor";"Saída de leito carroçável";"Sem Vítimas";"Anoitecer";"Decrescente";"Céu Claro";"Simples";"Curva";"Não";2;0;0;0;1;2;0;3;-4,39947138;-55,91972351;"SPRF-PA";"DEL05-PA";"UOP01-DEL05-PA"
501868;2023-01-29;"domingo";"04:30:00";"PI";316;106;"PASSAGEM FRANCA DO PIAUI";"Ausência de reação do condutor";"Saída de leito carroçável";"Com Vítimas Fatais";"Amanhecer";"Decrescente";"Céu Claro";"Simples";"Reta";"Não";1;1;0;0;0;0;0;1;-5,85744545;-42,44014183;"SPRF-PI";"DEL04-PI";"UOP02-DEL04-PI"
501886;2023-01-21;"sábado";"09:30:00";"GO";153;518;"HIDROLANDIA";"Reação tardia ou ineficiente do condutor";"Saída de leito carroçável";"Com Vítimas Feridas";"Pleno dia";"Crescente";"Nublado";"Dupla";"Declive;Reta";"Não";4;0;1;0;2;1;1;3;-16,867;-49,2505;"SPRF-GO";"DEL01-GO";"UOP03-DEL01-GO"
501890;2023-01-27;"sexta-feira";"08:50:00";"MT";364;391;"CUIABA";"Acumulo de óleo sobre o pavimento";"Colisão com objeto";"Sem Vítimas";"Pleno dia";"Decrescente";"Chuva";"Dupla";"Curva";"Não";1;0;0;0;1;0;0;1;-15,70133417;-55,863696;"SPRF-MT";"DEL01-MT";"UOP02-DEL01-MT"