"id";"data_inversa";"dia_semana";"horario";"uf";"br";"km";"municipio";"causa_acidente";"tipo_acidente";"classificacao_acidente";"fase_dia";"sentido_via";"condicao_metereologica";"tipo_pista";"tracado_via";"uso_solo";"pessoas";"mortos";"feridos_leves";"feridos_graves";"ilesos";"ignorados";"feridos";"veiculos";"latitude";"longitude";"regional";"delegacia";"uop"
505314;2023-02-15;"quarta-feira";"09:40:00";"PR";163;129,2;"CAPITAO LEONIDAS MARQUES";"Reação tardia ou ineficiente do condutor";"Saída de leito carroçável";"Com Vítimas Feridas";"Pleno dia";"Crescente";"Nublado";"Dupla";"Reta";"Não";2;0;1;0;0;2;1;3;-25,56105529;-53,5809738;"SPRF-PR";"DEL05-PR";"UOP05-DEL05-PR"
505316;2023-02-15;"quarta-feira";"20:00:00";"SC";282;73;"RANCHO QUEIMADO";"Ultrapassagem Indevida";"Colisão lateral mesmo sentido";"Com Vítimas Feridas";"Plena Noite";"Crescente";"Garoa/Chuvisco";"Simples";"Reta";"Não";4;0;1;0;3;0;1;2;-27,681437;-49,113388;"SPRF-SC";"DEL01-SC";"UOP03-DEL01-SC"
505322;2023-02-15;"quarta-feira";"18:30:00";"MG";354;705;"CAXAMBU";"Ausência de reação do condutor";"Tombamento";"Sem Vítimas";"Anoitecer";"Decrescente";"Garoa/Chuvisco";"Simples";"Curva";"Não";1;0;0;0;1;0;0;1;-21,99205276;-44,9251702;"SPRF-MG";"DEL17-MG";"UOP01-DEL17-MG"
505327;2023-02-15;"quarta-feira";"20:30:00";"AL";101;192;"JUNQUEIRO";"Manobra de mudança de faixa";"Tombamento";"Sem Vítimas";"Plena Noite";"Decrescente";"Nublado";"Simples";"Curva";"Sim";1;0;0;0;1;0;0;1;-9,93330214;-36,47155881;"SPRF-AL";"DEL02-AL";"UOP02-DEL02-AL"
505347;2023-02-15;"quarta-feira";"23:15:00";"SC";101;172;"TIJUCAS";"Ausência de reação do condutor";"Saída de leito carroçável";"Com Vítimas Feridas";"Plena Noite";"Decrescente";"Nublado";"Dupla";"Reta";"Não";2;0;1;0;0;1;1;2;-27,31398818;-48,63155831;"SPRF-SC";"DEL04-SC";"UOP03-DEL04-SC"
505349;2023-02-15;"quarta-feira";"21:30:00";"PR";476;347;"PAULA FREITAS";"Velocidade Incompatível";"Colisão lateral sentido oposto";"Com Vítimas Feridas";"Plena Noite";"Decrescente";"Nublado";"Simples";"Curva";"Não";3;0;0;1;1;1;1;3;-26,179869;-50,950886;"SPRF-PR";"DEL02-PR";"UOP03-DEL02-PR"
505350;2023-02-15;"quarta-feira";"20:00:00";"AC";364;335;"MANOEL URBANO";"Velocidade Incompatível";"Saída de leito carroçável";"Com Vítimas Feridas";"Plena Noite";"Decrescente";"Céu Claro";"Simples";"Reta";"Não";2;0;1;0;0;1;1;2;-8,93305875;-69,20306284;"SPRF-AC";"DEL01-AC";"UOP01-DEL01-AC"
505356;2023-02-16;"quinta-feira";"02:32:00";"MG";381;864;"POUSO ALEGRE";"Ausência de reação do condutor";"Saída de leito carroçável";"Com Vítimas Feridas";"Amanhecer";"Crescente";"Sol";"Múltipla";"Aclive";"Não";2;0;1;0;0;1;1;2;-22,346852;-45,926637;"SPRF-MG";"DEL16-MG";"UOP01-DEL16-MG"
505357;2023-02-16;"quinta-feira";"01:30:00";"MT";364;548;"ROSARIO OESTE";"Ausência de reação do condutor";"Saída de leito carroçável";"Com Vítimas Feridas";"Plena Noite";"Decrescente";"Céu Claro";"Dupla";"Reta";"Não";1;0;0;1;0;0;1;1;-14,86197218;-56,45603069;"SPRF-MT";"DEL01-MT";"UOP01-DEL01-MT"
505360;2023-02-16;"quinta-feira";"03:40:00";"SC";101;120;"ITAJAI";"Acessar a via sem observar a presença dos outros veículos";"Colisão lateral mesmo sentido";"Com Vítimas Feridas";"Plena Noite";"Crescente";"Chuva";"Múltipla";"Reta;Ponte";"Sim";2;0;0;1;1;0;1;2;-26,90871531;-48,71366761;"SPRF-SC";"DEL04-SC";"UOP04-DEL04-SC"
505361;2023-02-15;"quarta-feira";"15:11:00";"MG";365;421;"PATOS DE MINAS";"Condutor deixou de manter distância do veículo da frente";"Engavetamento";"Sem Vítimas";"Pleno dia";"Crescente";"Sol";"Simples";"Declive;Em Obras";"Não";6;0;0;0;5;4;0;9;-18,695631;-46,59323;"SPRF-MG";"DEL10-MG";"UOP01-DEL10-MG"
505363;2023-02-16;"quinta-feira";"02:25:00";"RJ";116;200;"QUEIMADOS";"Ausência de reação do condutor";"Colisão traseira";"Com Vítimas Feridas";"Plena Noite";"Crescente";"Chuva";"Dupla";"Aclive";"Não";3;0;2;0;0;1;2;2;-22,7306082;-43,59401795;"SPRF-RJ";"DEL01-RJ";"UOP03-DEL01-RJ"
505367;2023-02-16;"quinta-feira";"04:55:00";"MG";381;510,4;"SAO JOAQUIM DE BICAS";"Condutor Dormindo";"Colisão com objeto";"Com Vítimas Feridas";"Amanhecer";"Decrescente";"Nublado";"Simples";"Reta";"Sim";3;0;1;0;1;2;1;4;-20,05813;-44,288133;"SPRF-MG";"DEL04-MG";"UOP03-DEL04-MG"
505369;2023-02-16;"quinta-feira";"04:00:00";"RJ";116;92;"TERESOPOLIS";"Velocidade Incompatível";"Tombamento";"Com Vítimas Feridas";"Plena Noite";"Crescente";"Nublado";"Simples";"Curva";"Não";1;0;1;0;0;0;1;1;-22,46152095;-42,98311201;"SPRF-RJ";"DEL04-RJ";"UOP01-DEL04-RJ"
505374;2023-02-16;"quinta-feira";"05:10:00";"RJ";116;113;"MAGE";"Condutor Dormindo";"Saída de leito carroçável";"Sem Vítimas";"Amanhecer";"Decrescente";"Chuva";"Dupla";"Reta";"Não";2;0;0;0;1;1;0;2;-22,57214;-43,007291;"SPRF-RJ";"DEL04-RJ";"UOP02-DEL04-RJ"
505377;2023-02-16;"quinta-feira";"06:25:00";"MS";60;626;"JARDIM";"Condutor Dormindo";"Saída de leito carroçável";"Com Vítimas Feridas";"Amanhecer";"Crescente";"Céu Claro";"Simples";"Reta";"Não";1;0;0;1;0;0;1;1;-21,72171601;-56,26855803;"SPRF-MS";"DEL05-MS";"UOP01-DEL05-MS"
505380;2023-02-15;"quarta-feira";"11:50:00";"RJ";393;168;"TRES RIOS";"Condutor usando celular";"Colisão transversal";"Sem Vítimas";"Pleno dia";"Crescente";"Céu Claro";"Simples";"Interseção de Vias";"Não";2;0;0;0;2;0;0;2;-22,127502;-43,147022;"SPRF-RJ";"DEL05-RJ";"UOP02-DEL05-RJ"
505383;2023-02-16;"quinta-feira";"06:40:00";"PB";230;23;"JOAO PESSOA";"Trafegar com motocicleta (ou similar) entre as faixas";"Colisão lateral mesmo sentido";"Com Vítimas Fatais";"Pleno dia";"Decrescente";"Sol";"Dupla";"Reta";"Sim";6;1;0;1;3;3;1;6;-7,1562;-34,8574;"SPRF-PB";"DEL01-PB";"UOP01-DEL01-PB"
505403;2023-02-16;"quinta-feira";"01:50:00";"BA";242;166;"RAFAEL JAMBEIRO";"Demais falhas mecânicas ou elétricas";"Incêndio";"Sem Vítimas";"Plena Noite";"Crescente";"Céu Claro";"Simples";"Reta";"Não";2;0;0;0;1;2;0;3;-12,47953705;-39,74136999;"SPRF-BA";"DEL06-BA";"UOP02-DEL06-BA"
505405;2023-02-16;"quinta-feira";"00:10:00";"RN";304;52,4;"MOSSORO";"Condutor Dormindo";"Colisão com objeto";"Com Vítimas Feridas";"Plena Noite";"Crescente";"Céu Claro";"Simples";"Reta";"Não";1;0;1;0;0;0;1;1;-5,26016181;-37,30441867;"SPRF-RN";"DEL04-RN";"UOP01-DEL04-RN"
505406;2023-02-16;"quinta-feira";"07:50:00";"RS";153;577,1;"BAGE";"Demais falhas mecânicas ou elétricas";"Incêndio";"Sem Vítimas";"Pleno dia";"Crescente";"Céu Claro";"Simples";"Curva";"Não";1;0;0;0;1;0;0;1;-31,04864214;-53,6780417;"SPRF-RS";"DEL11-RS";"UOP03-DEL11-RS"
505407;2023-02-16;"quinta-feira";"05:30:00";"MG";381;433;"SABARA";"Carga excessiva e/ou mal acondicionada";"Tombamento";"Com Vítimas Feridas";"Pleno dia";"Decrescente";"Céu Claro";"Simples";"Curva";"Não";2;0;1;0;0;1;1;2;-19,79269213;-43,74585386;"SPRF-MG";"DEL01-MG";"UOP01-DEL01-MG"
505408;2023-02-16;"quinta-feira";"05:42:00";"MG";365;352;"VARJAO DE MINAS";"Condutor Dormindo";"Saída de leito carroçável";"Com Vítimas Feridas";"Amanhecer";"Decrescente";"Céu Claro";"Simples";"Reta";"Não";1;0;0;1;0;0;1;1;-18,34261392;-46,01673413;"SPRF-MG";"DEL10-MG";"UOP01-DEL10-MG"
505410;2023-02-16;"quinta-feira";"05:00:00";"ES";101;407,9;"ITAPEMIRIM";"Velocidade Incompatível";"Tombamento";"Sem Vítimas";"Amanhecer";"Crescente";"Nublado";"Simples";"Curva";"Não";2;0;0;0;1;2;0;3;-20,89068697;-41,03879708;"SPRF-ES";"DEL03-ES";"UOP02-DEL03-ES"
505412;2023-02-16;"quinta-feira";"09:45:00";"RS";386;83,6;"LAJEADO DO BUGRE";"Transitar na contramão";"Colisão frontal";"Com Vítimas Fatais";"Pleno dia";"Decrescente";"Céu Claro";"Simples";"Curva";"Não";2;1;0;0;1;0;0;2;-27,725431;-53,235233;"SPRF-RS";"DEL08-RS";"UOP02-DEL08-RS"
505414;2023-02-16;"quinta-feira";"09:20:00";"PB";230;20;"JOAO PESSOA";"Ausência de reação do condutor";"Colisão com objeto";"Com Vítimas Feridas";"Pleno dia";"Decrescente";"Céu Claro";"Dupla";"Viaduto;Reta";"Não";1;0;1;0;0;0;1;1;-7,13816155;-34,85308712;"SPRF-PB";"DEL01-PB";"UOP01-DEL01-PB"
505418;2023-01-04;"quarta-feira";"10:40:00";"DF";0;0;"BRASILIA";"Obstrução na via";"Colisão com objeto";"Sem Vítimas";"Pleno dia";"Não Informado";"Céu Claro";"Simples";"Reta";"Sim";1;0;0;0;1;0;0;1;-15,81581596;-47,94698412;"SPRF-DF";"N/A";"N/A"
505421;2023-02-14;"terça-feira";"04:20:00";"SP";153;61;"SAO JOSE DO RIO PRETO";"Reação tardia ou ineficiente do condutor";"Colisão traseira";"Sem Vítimas";"Amanhecer";"Decrescente";"Nublado";"Dupla";"Viaduto;Reta";"Sim";2;0;0;0;2;0;0;2;-20,80296845;-49,35551047;"SPRF-SP";"DEL09-SP";"UOP01-DEL09-SP"
505431;2023-02-16;"quinta-feira";"10:30:00";"MT";163;598;"NOVA MUTUM";"Condutor deixou de manter distância do veículo da frente";"Colisão traseira";"Com Vítimas Feridas";"Pleno dia";"Crescente";"Sol";"Dupla";"Reta";"Sim";3;0;1;0;1;5;1;7;-13,92549497;-56,09416031;"SPRF-MT";"DEL01-MT";"UOP01-DEL01-MT"
505437;2023-02-16;"quinta-feira";"08:30:00";"MG";262;549;"LUZ";"Velocidade Incompatível";"Colisão frontal";"Com Vítimas Feridas";"Pleno dia";"Crescente";"Chuva";"Simples";"Curva";"Não";4;0;0;1;1;2;1;4;-19,72508993;-45,86948395;"SPRF-MG";"DEL08-MG";"UOP02-DEL08-MG"
505438;2023-02-16;"quinta-feira";"13:00:00";"RN";101;108;"PARNAMIRIM";"Entrada inopinada do pedestre";"Atropelamento de Pedestre";"Com Vítimas Feridas";"Pleno dia";"Crescente";"Sol";"Múltipla";"Viaduto";"Sim";2;0;0;1;1;0;1;2;-5,92825102;-35,26465683;"SPRF-RN";"DEL01-RN";"UOP01-DEL01-RN"
505440;2023-01-27;"sexta-feira";"04:30:00";"BA";116;495;"RAFAEL JAMBEIRO";"Acessar a via sem observar a presença dos outros veículos";"Colisão transversal";"Com Vítimas Feridas";"Plena Noite";"Decrescente";"Céu Claro";"Simples";"Interseção de Vias";"Não";4;0;1;1;2;0;2;2;-12,56913026;-39,49062787;"SPRF-BA";"DEL02-BA";"UOP01-DEL02-BA"
505443;2023-02-16;"quinta-feira";"12:45:00";"PR";369;238,9;"JANDAIA DO SUL";"Acessar a via sem observar a presença dos outros veículos";"Colisão transversal";"Com Vítimas Feridas";"Pleno dia";"Decrescente";"Chuva";"Simples";"Aclive;Curva";"Sim";4;0;3;0;0;1;3;3;-23,65943943;-51,69001882;"SPRF-PR";"DEL09-PR";"UOP01-DEL09-PR"
505444;2023-02-16;"quinta-feira";"12:35:00";"PR";376;195;"MARIALVA";"Reação tardia ou ineficiente do condutor";"Saída de leito carroçável";"Sem Vítimas";"Pleno dia";"Decrescente";"Nublado";"Dupla";"Desvio Temporário;Curva";"Não";2;0;0;0;1;1;0;2;-23,50244996;-51,79701805;"SPRF-PR";"DEL09-PR";"UOP01-DEL09-PR"
505447;2023-02-16;"quinta-feira";"14:25:00";"BA";116;17,7;"VITORIA DA CONQUISTA";"Reação tardia ou ineficiente do condutor";"Colisão lateral mesmo sentido";"Com Vítimas Feridas";"Pleno dia";"Crescente";"Céu Claro";"Simples";"Reta";"Sim";3;0;2;0;1;0;2;2;-14,851;-40,8485;"SPRF-BA";"DEL08-BA";"UOP01-DEL08-BA"
505452;2023-02-16;"quinta-feira";"10:55:00";"MG";381;521,9;"BRUMADINHO";"Demais falhas mecânicas ou elétricas";"Incêndio";"Sem Vítimas";"Pleno dia";"Crescente";"Nublado";"Dupla";"Reta;Declive";"Não";2;0;0;0;1;1;0;2;-20,13846621;-44,31715274;"SPRF-MG";"DEL04-MG";"UOP03-DEL04-MG"
505454;2023-02-16;"quinta-feira";"14:35:00";"GO";20;3,6;"FORMOSA";"Mal súbito do condutor";"Saída de leito carroçável";"Com Vítimas Fatais";"Pleno dia";"Crescente";"Sol";"Simples";"Reta;Em Obras;Aclive;Interseção de Vias";"Sim";3;1;0;0;1;3;0;5;-15,567487;-47,320309;"SPRF-DF";"DEL02-DF";"UOP02-DEL02-DF"
505459;2023-02-16;"quinta-feira";"15:30:00";"SC";101;89;"BARRA VELHA";"Condutor deixou de manter distância do veículo da frente";"Colisão traseira";"Com Vítimas Feridas";"Pleno dia";"Crescente";"Sol";"Múltipla";"Reta";"Sim";2;0;1;0;1;0;1;2;-26,65175997;-48,68721921;"SPRF-SC";"DEL03-SC";"UOP02-DEL03-SC"
505461;2023-02-16;"quinta-feira";"13:55:00";"GO";364;89;"CACHOEIRA ALTA";"Desrespeitar a preferência no cruzamento";"Colisão transversal";"Com Vítimas Feridas";"Pleno dia";"Decrescente";"Céu Claro";"Simples";"Reta";"Não";5;0;2;0;2;2;2;4;-18,509233;-51,067924;"SPRF-GO";"DEL05-GO";"UOP02-DEL05-GO"
505462;2023-02-16;"quinta-feira";"13:45:00";"BA";101;244;"CONCEICAO DO ALMEIDA";"Reação tardia ou ineficiente do condutor";"Colisão traseira";"Sem Vítimas";"Pleno dia";"Crescente";"Céu Claro";"Simples";"Reta;Declive";"Não";8;0;0;0;7;1;0;4;-12,839429;-39,201835;"SPRF-BA";"DEL01-BA";"UOP02-DEL01-BA"
505465;2023-02-16;"quinta-feira";"11:00:00";"MT";364;169;"PEDRA PRETA";"Manobra de mudança de faixa";"Colisão transversal";"Sem Vítimas";"Pleno dia";"Crescente";"Sol";"Simples";"Reta";"Não";4;0;0;0;3;1;0;3;-16,64771611;-54,40522101;"SPRF-MT";"DEL02-MT";"UOP01-DEL02-MT"
505466;2023-02-16;"quinta-feira";"15:10:00";"MG";459;77,6;"SENADOR JOSE BENTO";"Acessar a via sem observar a presença dos outros veículos";"Colisão transversal";"Com Vítimas Feridas";"Pleno dia";"Crescente";"Nublado";"Simples";"Reta";"Não";2;0;1;0;1;0;1;2;-22,15867528;-46,10299587;"SPRF-MG";"DEL09-MG";"UOP01-DEL09-MG"
505471;2023-02-16;"quinta-feira";"16:40:00";"PR";476;164;"ARAUCARIA";"Carga excessiva e/ou mal acondicionada";"Colisão com objeto";"Com Vítimas Feridas";"Pleno dia";"Crescente";"Nublado";"Simples";"Reta";"Não";5;0;1;0;3;1;1;3;-25,637207;-49,46769;"SPRF-PR";"DEL01-PR";"UOP06-DEL01-PR"
505482;2023-02-07;"terça-feira";"04:50:00";"MG";365;676,8;"MONTE ALEGRE DE MINAS";"Ausência de reação do condutor";"Colisão traseira";"Com Vítimas Feridas";"Plena Noite";"Crescente";"Céu Claro";"Dupla";"Reta";"Não";3;0;0;1;1;3;1;5;-18,85288291;-48,78157697;"SPRF-MG";"DEL15-MG";"UOP01-DEL15-MG"
505486;2023-02-08;"quarta-feira";"05:20:00";"PR";369;165;"CAMBE";"Condutor deixou de manter distância do veículo da frente";"Colisão traseira";"Com Vítimas Feridas";"Amanhecer";"Crescente";"Céu Claro";"Dupla";"Reta;Aclive";"Não";3;0;1;0;1;1;1;3;-23,2964037;-51,3023016;"SPRF-PR";"DEL07-PR";"UOP01-DEL07-PR"
505489;2023-01-27;"sexta-feira";"23:15:00";"MG";381;652;"SANTO ANTONIO DO AMPARO";"Problema com o freio";"Incêndio";"Sem Vítimas";"Plena Noite";"Crescente";"Chuva";"Dupla";"Reta";"Não";2;0;0;0;1;1;0;2;-20,98384831;-44,94479972;"SPRF-MG";"DEL04-MG";"UOP02-DEL04-MG"
505490;2023-02-16;"quinta-feira";"18:00:00";"MS";262;367,1;"CAMPO GRANDE";"Acessar a via sem observar a presença dos outros veículos";"Colisão transversal";"Com Vítimas Feridas";"Anoitecer";"Crescente";"Céu Claro";"Simples";"Interseção de Vias";"Sim";3;0;1;0;1;2;1;4;-20,47734957;-54,75069718;"SPRF-MS";"DEL01-MS";"UOP03-DEL01-MS"
505497;2023-02-16;"quinta-feira";"19:10:00";"BA";116;423;"FEIRA DE SANTANA";"Manobra de mudança de faixa";"Colisão lateral mesmo sentido";"Sem Vítimas";"Plena Noite";"Crescente";"Céu Claro";"Dupla";"Reta";"Sim";2;0;0;0;2;0;0;2;-12,234923;-38,976949;"SPRF-BA";"DEL02-BA";"UOP01-DEL02-BA"
505501;2023-02-16;"quinta-feira";"16:35:00";"BA";116;15;"ABARE";"Demais falhas mecânicas ou elétricas";"Incêndio";"Sem Vítimas";"Pleno dia";"Crescente";"Sol";"Simples";"Reta";"Não";2;0;0;0;1;1;0;2;-8,75032701;-39,26178513;"SPRF-PE";"DEL05-PE";"UOP03-DEL05-PE"
505506;2023-02-16;"quinta-feira";"19:40:00";"PR";277;633,5;"CEU AZUL";"Ausência de reação do condutor";"Colisão traseira";"Com Vítimas Feridas";"Plena Noite";"Crescente";"Nublado";"Simples";"Curva";"Sim";2;0;1;0;1;0;1;2;-25,12585236;-53,81903487;"SPRF-PR";"DEL05-PR";"UOP02-DEL05-PR"
505520;2023-02-16;"quinta-feira";"21:00:00";"MG";262;374;"JUATUBA";"Reação tardia ou ineficiente do condutor";"Saída de leito carroçável";"Sem Vítimas";"Plena Noite";"Decrescente";"Céu Claro";"Dupla";"Curva";"Não";2;0;0;0;1;1;0;2;-19,96727284;-44,33288566;"SPRF-MG";"DEL01-MG";"UOP03-DEL01-MG"
505521;2023-02-16;"quinta-feira";"21:30:00";"RS";116;302;"GUAIBA";"Demais falhas mecânicas ou elétricas";"Saída de leito carroçável";"Sem Vítimas";"Plena Noite";"Decrescente";"Céu Claro";"Simples";"Curva";"Sim";2;0;0;0;1;1;0;2;-30,13970487;-51,35942618;"SPRF-RS";"DEL02-RS";"UOP01-DEL02-RS"
505525;2023-02-16;"quinta-feira";"21:20:00";"PR";277;536,2;"IBEMA";"Transitar na contramão";"Colisão frontal";"Com Vítimas Feridas";"Plena Noite";"Decrescente";"Nublado";"Simples";"Curva";"Não";3;0;1;1;1;0;2;2;-25,11310089;-53,00093021;"SPRF-PR";"DEL04-PR";"UOP04-DEL04-PR"
505526;2023-02-16;"quinta-feira";"22:40:00";"MG";381;792;"SAO GONCALO DO SAPUCAI";"Velocidade Incompatível";"Tombamento";"Com Vítimas Feridas";"Plena Noite";"Crescente";"Chuva";"Dupla";"Curva";"Não";2;0;0;1;0;1;1;2;-21,91931581;-45,59934602;"SPRF-MG";"DEL16-MG";"UOP02-DEL16-MG"
505529;2023-02-16;"quinta-feira";"22:35:00";"MG";40;528;"CONTAGEM";"Demais falhas mecânicas ou elétricas";"Tombamento";"Com Vítimas Feridas";"Plena Noite";"Crescente";"Céu Claro";"Múltipla";"Aclive;Reta";"Sim";3;0;1;0;1;1;1;3;-19,90883179;-44,04436577;"SPRF-MG";"DEL01-MG";"UOP02-DEL01-MG"
505534;2023-02-16;"quinta-feira";"20:00:00";"MT";163;1030;"PEIXOTO DE AZEVEDO";"Acessar a via sem observar a presença dos outros veículos";"Colisão traseira";"Com Vítimas Feridas";"Plena Noite";"Decrescente";"Céu Claro";"Simples";"Interseção de Vias";"Sim";2;0;0;1;0;1;1;2;-10,244343;-54,988674;"SPRF-MT";"DEL06-MT";"UOP03-DEL06-MT"
505538;2023-02-16;"quinta-feira";"20:40:00";"MG";381;862,3;"POUSO ALEGRE";"Reação tardia ou ineficiente do condutor";"Colisão traseira";"Com Vítimas Feridas";"Plena Noite";"Decrescente";"Chuva";"Dupla";"Reta;Declive";"Não";8;0;1;0;6;1;1;4;-22,37453071;-45,93949727;"SPRF-MG";"DEL16-MG";"UOP01-DEL16-MG"
505539;2023-02-16;"quinta-feira";"22:08:00";"RS";293;98;"PINHEIRO MACHADO";"Condutor Dormindo";"Saída de leito carroçável";"Com Vítimas Feridas";"Plena Noite";"Crescente";"Garoa/Chuvisco";"Simples";"Reta;Declive";"Não";2;0;1;0;0;1;1;2;-31,61181334;-53,29145414;"SPRF-RS";"DEL11-RS";"UOP03-DEL11-RS"
505540;2023-02-16;"quinta-feira";"23:50:00";"SC";101;357;"SANGAO";"Ausência de reação do condutor";"Saída de leito carroçável";"Com Vítimas Feridas";"Plena Noite";"Crescente";"Céu Claro";"Simples";"Interseção de Vias;Viaduto";"Sim";2;0;1;0;0;2;1;3;-28,64208;-49,101824;"SPRF-SC";"DEL02-SC";"UOP01-DEL02-SC"
505545;2023-02-16;"quinta-feira";"22:15:00";"BA";407;200;"CALDEIRAO GRANDE";"Condutor deixou de manter distância do veículo da frente";"Colisão traseira";"Com Vítimas Feridas";"Plena Noite";"Decrescente";"Céu Claro";"Simples";"Reta";"Não";3;0;1;0;1;1;1;3;-11,10446996;-40,07076789;"SPRF-BA";"DEL04-BA";"UOP02-DEL04-BA"
505547;2023-02-17;"sexta-feira";"04:10:00";"SP";116;88,1;"PINDAMONHANGABA";"Ausência de reação do condutor";"Colisão com objeto";"Com Vítimas Feridas";"Plena Noite";"Decrescente";"Céu Claro";"Dupla";"Reta";"Não";2;0;1;0;0;1;1;2;-22,93500994;-45,37019403;"SPRF-SP";"DEL08-SP";"UOP01-DEL08-SP"
505548;2023-02-17;"sexta-feira";"03:30:00";"SP";116;169;"JACAREI";"Ausência de reação do condutor";"Colisão traseira";"Com Vítimas Feridas";"Plena Noite";"Crescente";"Céu Claro";"Dupla";"Reta";"Sim";3;0;1;0;1;1;1;3;-23,307652;-46,045128;"SPRF-SP";"DEL02-SP";"UOP01-DEL02-SP"
505551;2023-02-17;"sexta-feira";"05:30:00";"SP";116;429;"REGISTRO";"Ausência de reação do condutor";"Saída de leito carroçável";"Com Vítimas Feridas";"Amanhecer";"Decrescente";"Chuva";"Dupla";"Reta";"Não";2;0;1;0;0;1;1;2;-24,40226511;-47,7383829;"SPRF-SP";"DEL05-SP";"UOP01-DEL05-SP"
505552;2023-02-17;"sexta-feira";"03:40:00";"SP";381;86;"SAO PAULO";"Velocidade Incompatível";"Colisão com objeto";"Com Vítimas Feridas";"Plena Noite";"Crescente";"Céu Claro";"Múltipla";"Curva";"Sim";2;0;1;0;0;1;1;2;-23,45930499;-46,57161179;"SPRF-SP";"DEL03-SP";"UOP01-DEL03-SP"
505554;2023-02-17;"sexta-feira";"05:40:00";"GO";40;7;"VALPARAISO DE GOIAS";"Acessar a via sem observar a presença dos outros veículos";"Colisão lateral mesmo sentido";"Sem Vítimas";"Amanhecer";"Decrescente";"Nublado";"Dupla";"Reta";"Sim";4;0;0;0;3;1;0;3;-16,108482;-47,972524;"SPRF-DF";"DEL01-DF";"UOP01-DEL01-DF"
505556;2023-02-17;"sexta-feira";"06:30:00";"MG";50;175;"UBERABA";"Ausência de reação do condutor";"Colisão traseira";"Com Vítimas Feridas";"Pleno dia";"Decrescente";"Nublado";"Dupla";"Reta";"Sim";3;0;1;0;1;1;1;3;-19,77880359;-47,9695118;"SPRF-MG";"DEL13-MG";"UOP01-DEL13-MG"
505559;2023-02-17;"sexta-feira";"06:20:00";"MG";116;758,5;"LEOPOLDINA";"Reação tardia ou ineficiente do condutor";"Atropelamento de Pedestre";"Com Vítimas Feridas";"Pleno dia";"Crescente";"Nublado";"Simples";"Curva;Declive";"Sim";2;0;0;1;1;0;1;2;-21,50514377;-42,6084137;"SPRF-MG";"DEL07-MG";"UOP01-DEL07-MG"
505560;2023-02-17;"sexta-feira";"06:40:00";"SP";116;221;"GUARULHOS";"Trafegar com motocicleta (ou similar) entre as faixas";"Colisão lateral mesmo sentido";"Com Vítimas Fatais";"Pleno dia";"Decrescente";"Céu Claro";"Múltipla";"Aclive;Reta";"Sim";2;1;0;0;1;0;0;2;-23,46802395;-46,50704901;"SPRF-SP";"DEL01-SP";"UOP01-DEL01-SP"
505563;2023-02-17;"sexta-feira";"02:30:00";"MG";381;728,5;"CARMO DA CACHOEIRA";"Velocidade Incompatível";"Colisão com objeto";"Com Vítimas Feridas";"Pleno dia";"Decrescente";"Céu Claro";"Dupla";"Curva";"Não";2;0;1;0;0;1;1;2;-21,52361199;-45,22481701;"SPRF-MG";"DEL04-MG";"UOP02-DEL04-MG"
505570;2023-02-17;"sexta-feira";"05:25:00";"RJ";393;175,9;"TRES RIOS";"Condutor deixou de manter distância do veículo da frente";"Colisão traseira";"Com Vítimas Feridas";"Amanhecer";"Decrescente";"Céu Claro";"Simples";"Reta";"Não";5;0;3;0;1;2;3;5;-22,12309905;-43,20363803;"SPRF-RJ";"DEL05-RJ";"UOP03-DEL05-RJ"
505579;2023-02-17;"sexta-feira";"07:29:00";"PR";277;124,5;"CAMPO LARGO";"Manobra de mudança de faixa";"Colisão lateral mesmo sentido";"Com Vítimas Feridas";"Amanhecer";"Crescente";"Chuva";"Dupla";"Aclive;Reta";"Não";4;0;2;0;1;1;2;3;-25,4472505;-49,47885404;"SPRF-PR";"DEL03-PR";"UOP03-DEL03-PR"
505580;2023-02-17;"sexta-feira";"06:05:00";"MT";158;581;"AGUA BOA";"Velocidade Incompatível";"Saída de leito carroçável";"Sem Vítimas";"Amanhecer";"Crescente";"Nublado";"Simples";"Curva";"Não";2;0;0;0;1;3;0;4;-14,15617199;-52,19727591;"SPRF-MT";"DEL07-MT";"UOP02-DEL07-MT"
505590;2023-02-17;"sexta-feira";"07:30:00";"MA";230;405,4;"BALSAS";"Acessar a via sem observar a presença dos outros veículos";"Colisão lateral mesmo sentido";"Com Vítimas Feridas";"Pleno dia";"Crescente";"Céu Claro";"Simples";"Reta";"Sim";2;0;0;1;0;1;1;2;-7,52133442;-46,04968976;"SPRF-MA";"DEL05-MA";"UOP01-DEL05-MA"
505594;2023-02-17;"sexta-feira";"08:30:00";"CE";116;3;"FORTALEZA";"Trafegar com motocicleta (ou similar) entre as faixas";"Colisão lateral mesmo sentido";"Com Vítimas Feridas";"Pleno dia";"Decrescente";"Céu Claro";"Simples";"Viaduto;Curva";"Não";5;0;2;0;2;1;2;4;-3,77866493;-38,51490171;"SPRF-CE";"DEL01-CE";"UOP02-DEL01-CE"
505596;2023-01-16;"segunda-feira";"19:30:00";"MT";163;561;"DIAMANTINO";"Chuva";"Tombamento";"Com Vítimas Feridas";"Plena Noite";"Decrescente";"Chuva";"Simples";"Declive;Reta";"Não";2;0;0;1;0;2;1;3;-14,23218537;-56,11056372;"SPRF-MT";"DEL01-MT";"UOP01-DEL01-MT"