"id";"data_inversa";"dia_semana";"horario";"uf";"br";"km";"municipio";"causa_acidente";"tipo_acidente";"classificacao_acidente";"fase_dia";"sentido_via";"condicao_metereologica";"tipo_pista";"tracado_via";"uso_solo";"pessoas";"mortos";"feridos_leves";"feridos_graves";"ilesos";"ignorados";"feridos";"veiculos";"latitude";"longitude";"regional";"delegacia";"uop"
509134;2023-03-07;"terça-feira";"17:15:00";"MG";365;194;"BURITIZEIRO";"Reação tardia ou ineficiente do condutor";"Saída de leito carroçável";"Com Vítimas Feridas";"Pleno dia";"Crescente";"Chuva";"Simples";"Reta";"Não";1;0;1;0;0;0;1;1;-17,46514923;-45,19237868;"SPRF-MG";"DEL10-MG";"UOP01-DEL10-MG"
509138;2023-03-07;"terça-feira";"21:35:00";"SC";280;31;"ARAQUARI";"Reação tardia ou ineficiente do condutor";"Colisão com objeto";"Sem Vítimas";"Plena Noite";"Crescente";"Céu Claro";"Simples";"Reta";"Sim";4;0;0;0;4;0;0;2;-26,41649938;-48,77181215;"SPRF-SC";"DEL03-SC";"UOP03-DEL03-SC"
509139;2023-01-27;"sexta-feira";"09:00:00";"PR";476;293;"SAO MATEUS DO SUL";"Velocidade Incompatível";"Tombamento";"Com Vítimas Feridas";"Pleno dia";"Crescente";"Sol";"Simples";"Curva";"Não";2;0;0;1;0;1;1;2;-25,950428;-50,505707;"SPRF-PR";"DEL02-PR";"UOP03-DEL02-PR"
509142;2023-03-07;"terça-feira";"18:20:00";"PA";316;23;"BENEVIDES";"Acessar a via sem observar a presença dos outros veículos";"Colisão transversal";"Sem Vítimas";"Anoitecer";"Decrescente";"Chuva";"Dupla";"Curva";"Não";2;0;0;0;2;0;0;2;-1,34599732;-48,25152822;"SPRF-PA";"DEL01-PA";"UOP01-DEL01-PA"
509144;2023-03-07;"terça-feira";"18:30:00";"MA";135;5,8;"SAO LUIS";"Desrespeitar a preferência no cruzamento";"Colisão transversal";"Com Vítimas Fatais";"Plena Noite";"Crescente";"Céu Claro";"Dupla";"Retorno Regulamentado";"Sim";2;1;0;0;1;0;0;2;-2,62721686;-44,26215876;"SPRF-MA";"DEL01-MA";"UOP01-DEL01-MA"
509145;2023-03-07;"terça-feira";"18:00:00";"MA";226;267;"BARRA DO CORDA";"Ausência de reação do condutor";"Colisão frontal";"Com Vítimas Fatais";"Anoitecer";"Decrescente";"Sol";"Simples";"Reta";"Não";3;1;0;0;1;1;0;3;-5,412072;-44,993559;"SPRF-MA";"DEL06-MA";"UOP01-DEL06-MA"
509147;2023-03-07;"terça-feira";"23:10:00";"MS";163;153,9;"JUTI";"Condutor Dormindo";"Saída de leito carroçável";"Com Vítimas Feridas";"Plena Noite";"Decrescente";"Nublado";"Simples";"Reta";"Não";2;0;1;0;0;2;1;3;-22,94923801;-54,45402001;"SPRF-MS";"DEL09-MS";"UOP01-DEL09-MS"
509149;2023-03-07;"terça-feira";"23:35:00";"PR";116;27;"CAMPINA GRANDE DO SUL";"Condutor Dormindo";"Tombamento";"Com Vítimas Feridas";"Plena Noite";"Decrescente";"Nublado";"Dupla";"Reta";"Não";2;0;1;0;0;1;1;2;-25,10840189;-48,79505902;"SPRF-PR";"DEL01-PR";"UOP02-DEL01-PR"
509152;2023-03-08;"quarta-feira";"00:50:00";"MG";381;618,3;"OLIVEIRA";"Condutor Dormindo";"Saída de leito carroçável";"Com Vítimas Feridas";"Plena Noite";"Crescente";"Nublado";"Dupla";"Reta";"Não";4;0;1;1;1;2;2;4;-20,76895697;-44,78171707;"SPRF-MG";"DEL04-MG";"UOP01-DEL04-MG"
509156;2023-03-08;"quarta-feira";"03:00:00";"PR";277;265;"IRATI";"Ingestão de álcool pelo condutor";"Saída de leito carroçável";"Sem Vítimas";"Plena Noite";"Crescente";"Céu Claro";"Simples";"Reta";"Não";2;0;0;0;1;1;0;2;-25,40796469;-50,78574703;"SPRF-PR";"DEL08-PR";"UOP02-DEL08-PR"
509157;2023-03-08;"quarta-feira";"04:50:00";"PE";232;9,1;"RECIFE";"Condutor deixou de manter distância do veículo da frente";"Colisão traseira";"Com Vítimas Feridas";"Amanhecer";"Decrescente";"Céu Claro";"Dupla";"Em Obras;Reta";"Sim";2;0;1;0;1;0;1;2;-8,078242;-34,981336;"SPRF-PE";"DEL01-PE";"UOP01-DEL01-PE"
509158;2023-03-08;"quarta-feira";"04:40:00";"RS";386;386,9;"TABAI";"Condutor Dormindo";"Colisão traseira";"Com Vítimas Feridas";"Plena Noite";"Crescente";"Céu Claro";"Dupla";"Reta";"Sim";2;0;1;0;1;0;1;2;-29,691391;-51,706539;"SPRF-RS";"DEL04-RS";"NPF/DEL04-RS"
509159;2023-03-08;"quarta-feira";"05:20:00";"MS";163;449;"CAMPO GRANDE";"Manobra de mudança de faixa";"Colisão lateral sentido oposto";"Com Vítimas Feridas";"Amanhecer";"Crescente";"Céu Claro";"Simples";"Reta";"Não";5;0;1;0;3;2;1;4;-20,73342883;-54,53902046;"SPRF-MS";"DEL01-MS";"UOP01-DEL01-MS"
509168;2023-03-07;"terça-feira";"23:30:00";"MT";163;625;"NOVA MUTUM";"Chuva";"Saída de leito carroçável";"Com Vítimas Feridas";"Plena Noite";"Crescente";"Chuva";"Simples";"Reta";"Não";4;0;3;0;1;0;3;1;-13,69162599;-56,03929807;"SPRF-MT";"DEL01-MT";"UOP01-DEL01-MT"
509170;2023-03-08;"quarta-feira";"07:23:00";"SC";101;198;"BIGUACU";"Condutor deixou de manter distância do veículo da frente";"Engavetamento";"Com Vítimas Feridas";"Pleno dia";"Crescente";"Chuva";"Simples";"Reta";"Não";4;0;1;0;3;0;1;3;-27,52658712;-48,63506019;"SPRF-SC";"DEL01-SC";"UOP01-DEL01-SC"
509171;2023-03-08;"quarta-feira";"07:30:00";"RS";285;294,1;"PASSO FUNDO";"Acessar a via sem observar a presença dos outros veículos";"Colisão transversal";"Com Vítimas Fatais";"Pleno dia";"Crescente";"Céu Claro";"Simples";"Interseção de Vias;Reta";"Não";3;1;1;0;1;0;1;2;-28,234547;-52,384975;"SPRF-RS";"DEL08-RS";"UOP03-DEL08-RS"
509176;2023-02-03;"sexta-feira";"09:30:00";"MG";381;348;"JOAO MONLEVADE";"Demais falhas mecânicas ou elétricas";"Colisão frontal";"Com Vítimas Fatais";"Pleno dia";"Crescente";"Céu Claro";"Simples";"Curva;Declive";"Não";3;1;1;1;0;0;2;2;-19,85243846;-43,14084419;"SPRF-MG";"DEL03-MG";"UOP01-DEL03-MG"
509182;2023-03-08;"quarta-feira";"08:27:00";"BA";116;421;"FEIRA DE SANTANA";"Obras na pista";"Colisão lateral mesmo sentido";"Com Vítimas Feridas";"Pleno dia";"Decrescente";"Céu Claro";"Dupla";"Reta";"Sim";2;0;1;0;1;0;1;2;-12,211936;-38,96567;"SPRF-BA";"DEL02-BA";"UOP01-DEL02-BA"
509187;2023-03-08;"quarta-feira";"08:05:00";"PE";101;28,6;"IGARASSU";"Condutor usando celular";"Saída de leito carroçável";"Com Vítimas Feridas";"Pleno dia";"Crescente";"Nublado";"Dupla";"Reta";"Não";3;0;1;0;2;0;1;1;-7,72555777;-34,94191936;"SPRF-PE";"DEL01-PE";"UOP02-DEL01-PE"
509191;2023-03-08;"quarta-feira";"08:40:00";"MG";381;386;"BARAO DE COCAIS";"Velocidade Incompatível";"Tombamento";"Com Vítimas Feridas";"Pleno dia";"Decrescente";"Céu Claro";"Simples";"Reta";"Não";2;0;0;1;0;1;1;2;-19,79738383;-43,41740299;"SPRF-MG";"DEL01-MG";"UOP01-DEL01-MG"
509198;2023-03-08;"quarta-feira";"05:50:00";"RN";304;288,9;"MACAIBA";"Ultrapassagem Indevida";"Colisão com objeto";"Sem Vítimas";"Amanhecer";"Decrescente";"Nublado";"Simples";"Em Obras;Reta";"Não";4;0;0;0;3;1;0;3;-5,86849713;-35,42070796;"SPRF-RN";"DEL01-RN";"UOP02-DEL01-RN"
509199;2023-03-08;"quarta-feira";"10:10:00";"SP";116;110,4;"TAUBATE";"Acessar a via sem observar a presença dos outros veículos";"Colisão lateral mesmo sentido";"Com Vítimas Feridas";"Pleno dia";"Decrescente";"Céu Claro";"Dupla";"Reta;Interseção de Vias";"Sim";4;0;2;0;1;1;2;3;-23,03412614;-45,5526999;"SPRF-SP";"DEL02-SP";"UOP02-DEL02-SP"
509210;2023-03-08;"quarta-feira";"09:00:00";"SC";470;107,9;"APIUNA";"Transitar na contramão";"Colisão frontal";"Com Vítimas Feridas";"Pleno dia";"Crescente";"Sol";"Simples";"Reta";"Não";2;0;2;0;0;0;2;2;-27,07983788;-49,43899155;"SPRF-SC";"DEL04-SC";"UOP02-DEL04-SC"
509211;2023-03-08;"quarta-feira";"08:20:00";"PA";316;56;"CASTANHAL";"Ausência de reação do condutor";"Colisão traseira";"Com Vítimas Feridas";"Pleno dia";"Decrescente";"Céu Claro";"Dupla";"Reta;Aclive";"Sim";5;0;4;0;1;0;4;3;-1,30296976;-47,99063907;"SPRF-PA";"DEL01-PA";"UOP01-DEL01-PA"
509214;2023-01-31;"terça-feira";"22:20:00";"PR";376;321,5;"ORTIGUEIRA";"Chuva";"Tombamento";"Com Vítimas Feridas";"Plena Noite";"Crescente";"Garoa/Chuvisco";"Simples";"Reta";"Não";2;0;1;0;0;1;1;2;-24,03893912;-51,07955933;"SPRF-PR";"DEL07-PR";"UOP02-DEL07-PR"
509217;2023-03-08;"quarta-feira";"12:20:00";"SP";101;389;"MIRACATU";"Pedestre cruzava a pista fora da faixa";"Atropelamento de Pedestre";"Com Vítimas Feridas";"Pleno dia";"Decrescente";"Sol";"Dupla";"Reta";"Sim";3;0;0;1;1;1;1;2;-24,27295205;-47,40671575;"SPRF-SP";"DEL04-SP";"UOP02-DEL04-SP"
509232;2023-03-08;"quarta-feira";"12:00:00";"SC";282;370;"ERVAL VELHO";"Ultrapassagem Indevida";"Colisão lateral mesmo sentido";"Com Vítimas Feridas";"Pleno dia";"Crescente";"Céu Claro";"Simples";"Declive;Reta";"Não";3;0;1;0;2;0;1;3;-27,268663;-51,443768;"SPRF-SC";"DEL07-SC";"UOP05-DEL07-SC"
509237;2023-03-08;"quarta-feira";"14:13:00";"BA";116;424;"FEIRA DE SANTANA";"Reação tardia ou ineficiente do condutor";"Colisão traseira";"Com Vítimas Feridas";"Pleno dia";"Crescente";"Céu Claro";"Simples";"Reta";"Sim";2;0;1;0;1;0;1;2;-12,23257586;-38,97248506;"SPRF-BA";"DEL02-BA";"UOP01-DEL02-BA"
509257;2023-03-08;"quarta-feira";"15:20:00";"SC";158;101;"CUNHA PORA";"Condutor deixou de manter distância do veículo da frente";"Colisão traseira";"Sem Vítimas";"Pleno dia";"Decrescente";"Nublado";"Simples";"Reta";"Não";2;0;0;0;2;0;0;2;-26,81472581;-53,18241119;"SPRF-SC";"DEL07-SC";"UOP02-DEL07-SC"
509259;2023-03-08;"quarta-feira";"15:45:00";"MG";40;526,9;"CONTAGEM";"Manobra de mudança de faixa";"Colisão lateral mesmo sentido";"Com Vítimas Feridas";"Pleno dia";"Crescente";"Céu Claro";"Múltipla";"Reta";"Sim";4;0;1;0;2;1;1;3;-19,89255399;-44,04985478;"SPRF-MG";"DEL01-MG";"UOP02-DEL01-MG"
509264;2023-03-08;"quarta-feira";"09:00:00";"RO";364;407,7;"JARU";"Carga excessiva e/ou mal acondicionada";"Saída de leito carroçável";"Com Vítimas Feridas";"Pleno dia";"Crescente";"Sol";"Simples";"Reta";"Não";6;0;2;0;4;0;2;1;-10,55481907;-62,38280809;"SPRF-RO";"DEL03-RO";"UOP02-DEL03-RO"
509275;2023-03-08;"quarta-feira";"15:06:00";"MG";116;489;"INHAPIM";"Carga excessiva e/ou mal acondicionada";"Tombamento";"Com Vítimas Feridas";"Pleno dia";"Crescente";"Céu Claro";"Simples";"Curva";"Não";2;0;1;0;0;1;1;2;-19,46771319;-42,13403065;"SPRF-MG";"DEL06-MG";"UOP02-DEL06-MG"
509278;2023-03-08;"quarta-feira";"16:45:00";"SP";116;358;"MIRACATU";"Problema com o freio";"Colisão com objeto";"Com Vítimas Feridas";"Pleno dia";"Crescente";"Céu Claro";"Simples";"Viaduto;Curva";"Não";2;0;1;0;0;1;1;2;-24,10289207;-47,25984898;"SPRF-SP";"DEL04-SP";"UOP03-DEL04-SP"
509279;2023-03-08;"quarta-feira";"16:40:00";"RO";364;46;"VILHENA";"Mal súbito do condutor";"Saída de leito carroçável";"Com Vítimas Feridas";"Anoitecer";"Crescente";"Nublado";"Simples";"Reta";"Não";2;0;0;1;0;3;1;4;-12,58433298;-60,34423392;"SPRF-RO";"DEL04-RO";"UOP01-DEL04-RO"
509280;2023-03-08;"quarta-feira";"17:30:00";"ES";101;314;"VILA VELHA";"Reação tardia ou ineficiente do condutor";"Colisão traseira";"Sem Vítimas";"Pleno dia";"Decrescente";"Céu Claro";"Dupla";"Desvio Temporário;Reta;Declive;Em Obras";"Não";6;0;0;0;4;2;0;4;-20,461157;-40,46533;"SPRF-ES";"DEL01-ES";"UOP01-DEL01-ES"
509281;2023-03-08;"quarta-feira";"17:50:00";"PR";158;507;"CORONEL VIVIDA";"Ingestão de álcool pelo condutor";"Colisão frontal";"Com Vítimas Feridas";"Pleno dia";"Crescente";"Céu Claro";"Simples";"Reta";"Não";4;0;1;0;2;2;1;5;-26,02180124;-52,57733183;"SPRF-PR";"DEL02-PR";"UOP01-DEL02-PR"
509290;2023-03-08;"quarta-feira";"14:00:00";"RO";364;637;"ITAPUA DO OESTE";"Reação tardia ou ineficiente do condutor";"Saída de leito carroçável";"Com Vítimas Feridas";"Pleno dia";"Crescente";"Céu Claro";"Simples";"Reta;Declive";"Não";2;0;1;0;0;2;1;3;-9,03778801;-63,41619406;"SPRF-RO";"DEL01-RO";"UOP04-DEL01-RO"
509294;2023-03-08;"quarta-feira";"19:00:00";"SP";116;107;"TAUBATE";"Reação tardia ou ineficiente do condutor";"Saída de leito carroçável";"Com Vítimas Feridas";"Plena Noite";"Crescente";"Céu Claro";"Múltipla";"Reta";"Sim";3;0;0;1;1;1;1;3;-23,01791287;-45,53009409;"SPRF-SP";"DEL02-SP";"UOP02-DEL02-SP"
509298;2023-03-08;"quarta-feira";"19:20:00";"PE";104;119,8;"PANELAS";"Problema com o freio";"Tombamento";"Com Vítimas Feridas";"Plena Noite";"Decrescente";"Céu Claro";"Simples";"Curva;Declive";"Não";2;0;1;0;0;1;1;2;-8,696822;-36,020709;"SPRF-PE";"DEL02-PE";"UOP03-DEL02-PE"
509304;2023-03-08;"quarta-feira";"20:20:00";"MG";365;620;"UBERLANDIA";"Reação tardia ou ineficiente do condutor";"Tombamento";"Com Vítimas Feridas";"Plena Noite";"Crescente";"Céu Claro";"Dupla";"Interseção de Vias";"Sim";2;0;1;0;0;1;1;2;-18,90349687;-48,28130603;"SPRF-MG";"DEL15-MG";"UOP01-DEL15-MG"
509307;2023-03-08;"quarta-feira";"20:10:00";"PR";153;18;"JACAREZINHO";"Ingestão de álcool pelo condutor";"Colisão lateral mesmo sentido";"Sem Vítimas";"Plena Noite";"Crescente";"Céu Claro";"Simples";"Aclive";"Sim";3;0;0;0;2;1;0;3;-23,14321582;-49,94911225;"SPRF-PR";"DEL07-PR";"UOP04-DEL07-PR"
509308;2023-03-08;"quarta-feira";"21:10:00";"PB";230;23;"JOAO PESSOA";"Acessar a via sem observar a presença dos outros veículos";"Colisão lateral mesmo sentido";"Com Vítimas Feridas";"Plena Noite";"Decrescente";"Ignorado";"Dupla";"Reta";"Sim";3;0;2;0;1;0;2;2;-7,1562;-34,8574;"SPRF-PB";"DEL01-PB";"UOP01-DEL01-PB"
509309;2023-03-08;"quarta-feira";"21:05:00";"SC";101;37;"JOINVILLE";"Reação tardia ou ineficiente do condutor";"Colisão traseira";"Com Vítimas Feridas";"Plena Noite";"Crescente";"Nublado";"Dupla";"Reta";"Sim";3;0;1;0;1;1;1;3;-26,25050176;-48,90863867;"SPRF-SC";"DEL03-SC";"UOP01-DEL03-SC"
509311;2023-03-08;"quarta-feira";"21:10:00";"GO";414;384,1;"CORUMBA DE GOIAS";"Manobra de mudança de faixa";"Colisão lateral sentido oposto";"Com Vítimas Feridas";"Plena Noite";"Decrescente";"Chuva";"Simples";"Reta";"Não";4;0;2;0;1;1;2;3;-15,86700306;-48,77386088;"SPRF-GO";"DEL02-GO";"UOP01-DEL02-GO"
509313;2023-03-08;"quarta-feira";"21:50:00";"ES";101;338,9;"GUARAPARI";"Transitar na contramão";"Colisão frontal";"Com Vítimas Fatais";"Plena Noite";"Decrescente";"Céu Claro";"Simples";"Curva";"Não";3;2;0;0;1;0;0;2;-20,64347205;-40,55826601;"SPRF-ES";"DEL03-ES";"UOP01-DEL03-ES"
509319;2023-03-08;"quarta-feira";"20:10:00";"GO";60;468;"JATAI";"Manobra de mudança de faixa";"Colisão lateral mesmo sentido";"Com Vítimas Feridas";"Plena Noite";"Decrescente";"Céu Claro";"Dupla";"Curva";"Não";2;0;1;0;0;1;1;2;-17,9044;-51,6779;"SPRF-GO";"DEL05-GO";"UOP01-DEL05-GO"
509320;2023-03-08;"quarta-feira";"21:00:00";"MG";116;416,2;"GOVERNADOR VALADARES";"Ultrapassagem Indevida";"Colisão transversal";"Com Vítimas Feridas";"Plena Noite";"Decrescente";"Céu Claro";"Simples";"Reta";"Sim";3;0;0;1;1;1;1;3;-18,89215187;-41,94699543;"SPRF-MG";"DEL06-MG";"UOP01-DEL06-MG"
509321;2023-03-08;"quarta-feira";"12:33:00";"RJ";116;125,6;"MAGE";"Carga excessiva e/ou mal acondicionada";"Derramamento de carga";"Sem Vítimas";"Pleno dia";"Decrescente";"Nublado";"Dupla";"Aclive;Curva";"Não";1;0;0;0;1;0;0;1;-22,66393758;-43,11443925;"SPRF-RJ";"DEL04-RJ";"UOP02-DEL04-RJ"
509324;2023-03-08;"quarta-feira";"23:00:00";"PR";376;2;"MARINGA";"Manobra de mudança de faixa";"Saída de leito carroçável";"Sem Vítimas";"Plena Noite";"Decrescente";"Céu Claro";"Dupla";"Curva";"Sim";3;0;0;0;1;3;0;4;-23,40207567;-51,98030949;"SPRF-PR";"DEL09-PR";"UOP01-DEL09-PR"
509326;2023-03-05;"domingo";"04:48:00";"PA";163;159;"ALTAMIRA";"Acessar a via sem observar a presença dos outros veículos";"Colisão lateral sentido oposto";"Com Vítimas Feridas";"Plena Noite";"Crescente";"Ignorado";"Simples";"Reta";"Não";2;0;1;0;1;0;1;2;-8,311366;-55,103121;"SPRF-PA";"DEL05-PA";"UOP02-DEL05-PA"
509332;2023-03-09;"quinta-feira";"00:01:00";"RJ";101;106;"CAMPOS DOS GOYTACAZES";"Animais na Pista";"Atropelamento de Animal";"Com Vítimas Feridas";"Plena Noite";"Crescente";"Céu Claro";"Dupla";"Reta";"Não";3;0;3;0;0;0;3;3;-21,92528217;-41,62213085;"SPRF-RJ";"DEL08-RJ";"UOP02-DEL08-RJ"
509333;2023-03-08;"quarta-feira";"23:30:00";"PR";277;41,3;"MORRETES";"Ausência de reação do condutor";"Saída de leito carroçável";"Sem Vítimas";"Plena Noite";"Crescente";"Nublado";"Simples";"Declive;Desvio Temporário;Em Obras";"Não";3;0;0;0;1;3;0;4;-25,57361239;-48,84469597;"SPRF-PR";"DEL01-PR";"UOP01-DEL01-PR"
509334;2023-03-08;"quarta-feira";"19:00:00";"PA";10;350,3;"SANTA MARIA DO PARA";"Acostamento em desnível";"Tombamento";"Com Vítimas Feridas";"Plena Noite";"Crescente";"Céu Claro";"Simples";"Reta";"Não";2;0;1;0;0;1;1;2;-1,382082;-47,565167;"SPRF-PA";"DEL01-PA";"UOP02-DEL01-PA"
509336;2023-03-09;"quinta-feira";"00:50:00";"ES";262;148,2;"IBATIBA";"Velocidade Incompatível";"Saída de leito carroçável";"Com Vítimas Feridas";"Plena Noite";"Crescente";"Nublado";"Simples";"Curva";"Não";1;0;1;0;0;0;1;1;-20,21515393;-41,42165422;"SPRF-ES";"DEL01-ES";"UOP02-DEL01-ES"
509339;2023-03-09;"quinta-feira";"01:10:00";"RS";468;95;"TRES PASSOS";"Acessar a via sem observar a presença dos outros veículos";"Colisão transversal";"Sem Vítimas";"Plena Noite";"Crescente";"Céu Claro";"Simples";"Reta";"Não";2;0;0;0;1;1;0;2;-27,50437201;-53,88517025;"SPRF-RS";"DEL08-RS";"UOP02-DEL08-RS"
509340;2023-03-08;"quarta-feira";"20:20:00";"PR";376;493,7;"PONTA GROSSA";"Mal súbito do condutor";"Saída de leito carroçável";"Com Vítimas Feridas";"Plena Noite";"Crescente";"Nublado";"Dupla";"Reta;Aclive";"Sim";3;0;1;0;1;2;1;4;-25,1278;-50,1762;"SPRF-PR";"DEL03-PR";"UOP04-DEL03-PR"
509341;2023-03-09;"quinta-feira";"01:20:00";"MG";381;486;"BETIM";"Manobra de mudança de faixa";"Colisão lateral mesmo sentido";"Com Vítimas Feridas";"Plena Noite";"Decrescente";"Céu Claro";"Dupla";"Curva";"Sim";3;0;1;0;1;1;1;3;-19,95644414;-44,13611598;"SPRF-MG";"DEL01-MG";"UOP03-DEL01-MG"
509342;2023-03-08;"quarta-feira";"19:15:00";"PR";376;493,5;"PONTA GROSSA";"Ingestão de álcool pelo condutor";"Saída de leito carroçável";"Com Vítimas Feridas";"Plena Noite";"Decrescente";"Nublado";"Dupla";"Reta;Declive";"Sim";3;0;1;0;1;1;1;3;-25,12663096;-50,17804842;"SPRF-PR";"DEL03-PR";"UOP04-DEL03-PR"
509346;2023-03-09;"quinta-feira";"03:55:00";"SP";116;316;"JUQUITIBA";"Ausência de reação do condutor";"Tombamento";"Com Vítimas Feridas";"Plena Noite";"Decrescente";"Céu Claro";"Dupla";"Reta";"Sim";1;0;1;0;0;0;1;1;-23,91054997;-46,99149375;"SPRF-SP";"DEL04-SP";"UOP03-DEL04-SP"
509348;2023-03-08;"quarta-feira";"21:45:00";"MG";116;496;"INHAPIM";"Reação tardia ou ineficiente do condutor";"Tombamento";"Sem Vítimas";"Plena Noite";"Decrescente";"Céu Claro";"Simples";"Curva";"Não";2;0;0;0;1;1;0;2;-19,52772702;-42,12719586;"SPRF-MG";"DEL06-MG";"UOP02-DEL06-MG"
509350;2023-03-08;"quarta-feira";"23:00:00";"SC";282;245,5;"SAO JOSE DO CERRITO";"Restrição de visibilidade em curvas horizontais";"Colisão frontal";"Com Vítimas Fatais";"Plena Noite";"Crescente";"Chuva";"Simples";"Curva;Declive";"Não";3;1;1;0;0;1;1;3;-27,729763;-50,52121;"SPRF-SC";"DEL05-SC";"UOP02-DEL05-SC"
509355;2023-03-09;"quinta-feira";"06:10:00";"MG";381;436;"SABARA";"Problema com o freio";"Tombamento";"Com Vítimas Feridas";"Amanhecer";"Crescente";"Céu Claro";"Simples";"Curva";"Não";1;0;1;0;0;0;1;1;-19,804386;-43,76186596;"SPRF-MG";"DEL01-MG";"UOP01-DEL01-MG"
509358;2023-03-09;"quinta-feira";"06:20:00";"MG";40;737;"SANTOS DUMONT";"Ausência de reação do condutor";"Saída de leito carroçável";"Com Vítimas Feridas";"Amanhecer";"Crescente";"Céu Claro";"Simples";"Curva";"Não";2;0;1;0;0;1;1;2;-21,38296999;-43,57033542;"SPRF-MG";"DEL05-MG";"UOP01-DEL05-MG"
509359;2023-03-09;"quinta-feira";"06:00:00";"GO";70;12,2;"AGUAS LINDAS DE GOIAS";"Avarias e/ou desgaste excessivo no pneu";"Colisão traseira";"Com Vítimas Feridas";"Amanhecer";"Decrescente";"Chuva";"Dupla";"Curva";"Sim";5;0;2;0;2;1;2;3;-15,740889;-48,312005;"SPRF-DF";"DEL03-DF";"UOP02-DEL03-DF"
509363;2023-03-09;"quinta-feira";"06:40:00";"PR";116;142;"MANDIRITUBA";"Objeto estático sobre o leito carroçável";"Saída de leito carroçável";"Sem Vítimas";"Pleno dia";"Decrescente";"Céu Claro";"Dupla";"Declive;Reta";"Sim";2;0;0;0;1;1;0;1;-25,746524;-49,31741923;"SPRF-PR";"DEL01-PR";"UOP03-DEL01-PR"
509372;2023-03-09;"quinta-feira";"06:00:00";"MG";365;18;"MONTES CLAROS";"Pista Escorregadia";"Saída de leito carroçável";"Com Vítimas Feridas";"Amanhecer";"Decrescente";"Nublado";"Simples";"Curva";"Não";2;0;1;0;0;1;1;2;-16,87824584;-44,00270102;"SPRF-MG";"DEL12-MG";"UOP01-DEL12-MG"
509378;2023-03-09;"quinta-feira";"08:20:00";"MG";262;372;"JUATUBA";"Ausência de reação do condutor";"Atropelamento de Pedestre";"Com Vítimas Feridas";"Pleno dia";"Crescente";"Céu Claro";"Dupla";"Aclive";"Não";3;0;1;0;1;1;1;3;-19,97359723;-44,31765496;"SPRF-MG";"DEL01-MG";"UOP03-DEL01-MG"
509379;2023-03-09;"quinta-feira";"05:00:00";"SP";116;285,8;"ITAPECERICA DA SERRA";"Demais falhas mecânicas ou elétricas";"Incêndio";"Sem Vítimas";"Pleno dia";"Crescente";"Céu Claro";"Dupla";"Reta";"Sim";2;0;0;0;1;1;0;2;-23,68993509;-46,86268044;"SPRF-SP";"DEL04-SP";"UOP01-DEL04-SP"
509388;2023-03-09;"quinta-feira";"07:35:00";"BA";324;519,2;"FEIRA DE SANTANA";"Ausência de reação do condutor";"Engavetamento";"Com Vítimas Feridas";"Pleno dia";"Decrescente";"Sol";"Dupla";"Declive;Reta";"Não";8;0;1;0;7;0;1;4;-12,27884877;-38,92664194;"SPRF-BA";"DEL02-BA";"UOP01-DEL02-BA"
509392;2023-03-09;"quinta-feira";"07:30:00";"RJ";101;574;"PARATY";"Acessar a via sem observar a presença dos outros veículos";"Colisão transversal";"Com Vítimas Feridas";"Pleno dia";"Crescente";"Céu Claro";"Simples";"Reta";"Não";2;0;1;0;1;0;1;2;-23,2110641772;-44,733732617;"SPRF-RJ";"DEL03-RJ";"UOP03-DEL03-RJ"
509397;2023-03-09;"quinta-feira";"09:00:00";"PR";376;624;"SAO JOSE DOS PINHAIS";"Animais na Pista";"Engavetamento";"Com Vítimas Feridas";"Pleno dia";"Crescente";"Sol";"Múltipla";"Reta";"Sim";7;0;3;0;3;1;3;4;-25,64336599;-49,15942795;"SPRF-PR";"DEL01-PR";"UOP04-DEL01-PR"
509399;2023-03-09;"quinta-feira";"08:00:00";"MT";163;925;"ITAUBA";"Acessar a via sem observar a presença dos outros veículos";"Colisão transversal";"Com Vítimas Feridas";"Pleno dia";"Decrescente";"Sol";"Simples";"Reta";"Não";4;0;1;0;2;3;1;5;-11,0988915;-55,29750131;"SPRF-MT";"DEL06-MT";"UOP02-DEL06-MT"
509402;2023-03-09;"quinta-feira";"07:30:00";"GO";153;512;"APARECIDA DE GOIANIA";"Ausência de reação do condutor";"Colisão lateral mesmo sentido";"Com Vítimas Feridas";"Pleno dia";"Decrescente";"Céu Claro";"Múltipla";"Reta";"Não";2;0;1;0;1;0;1;2;-16,8156;-49,2402;"SPRF-GO";"DEL01-GO";"UOP03-DEL01-GO"
509405;2023-03-09;"quinta-feira";"08:59:00";"BA";20;7;"CORRENTINA";"Condutor Dormindo";"Saída de leito carroçável";"Com Vítimas Feridas";"Pleno dia";"Decrescente";"Céu Claro";"Simples";"Reta";"Não";1;0;0;1;0;0;1;1;-13,8750576;-46,1828522;"SPRF-BA";"DEL10-BA";"UOP01-DEL10-BA"
509406;2023-03-09;"quinta-feira";"10:00:00";"PE";104;23;"TAQUARITINGA DO NORTE";"Pedestre andava na pista";"Atropelamento de Pedestre";"Com Vítimas Fatais";"Pleno dia";"Crescente";"Céu Claro";"Simples";"Curva";"Não";2;1;0;0;1;0;0;2;-7,97182;-36,109932;"SPRF-PE";"DEL02-PE";"UOP01-DEL02-PE"