"id";"data_inversa";"dia_semana";"horario";"uf";"br";"km";"municipio";"causa_acidente";"tipo_acidente";"classificacao_acidente";"fase_dia";"sentido_via";"condicao_metereologica";"tipo_pista";"tracado_via";"uso_solo";"pessoas";"mortos";"feridos_leves";"feridos_graves";"ilesos";"ignorados";"feridos";"veiculos";"latitude";"longitude";"regional";"delegacia";"uop"
510940;2023-03-16;"quinta-feira";"17:39:00";"PA";230;505;"ANAPU";"Ausência de reação do condutor";"Colisão frontal";"Com Vítimas Fatais";"Pleno dia";"Decrescente";"Céu Claro";"Simples";"Reta";"Sim";2;1;0;0;0;1;0;2;-3,41947772;-51,25451182;"SPRF-PA";"DEL04-PA";"UOP01-DEL04-PA"
510948;2023-03-04;"sábado";"13:10:00";"BA";101;233;"SAPEACU";"Transitar na contramão";"Colisão frontal";"Com Vítimas Fatais";"Pleno dia";"Decrescente";"Céu Claro";"Simples";"Reta";"Não";3;1;0;0;2;0;0;2;-12,747768;-39,184207;"SPRF-BA";"DEL01-BA";"UOP02-DEL01-BA"
510951;2023-03-16;"quinta-feira";"19:30:00";"TO";153;411,6;"MIRANORTE";"Condutor Dormindo";"Saída de leito carroçável";"Com Vítimas Feridas";"Plena Noite";"Decrescente";"Nublado";"Múltipla";"Reta";"Sim";2;0;1;0;1;0;1;1;-9,51257672;-48,5890317;"SPRF-TO";"DEL02-TO";"UOP02-DEL02-TO"
510954;2023-03-16;"quinta-feira";"21:20:00";"RS";472;567,5;"URUGUAIANA";"Transitar na contramão";"Colisão lateral sentido oposto";"Com Vítimas Feridas";"Plena Noite";"Crescente";"Céu Claro";"Simples";"Reta";"Não";4;0;1;1;1;1;2;3;-29,71343612;-56,92604078;"SPRF-RS";"DEL13-RS";"UOP01-DEL13-RS"
510958;2023-03-16;"quinta-feira";"19:30:00";"RJ";101;388;"RIO DE JANEIRO";"Reação tardia ou ineficiente do condutor";"Saída de leito carroçável";"Com Vítimas Feridas";"Plena Noite";"Crescente";"Céu Claro";"Dupla";"Reta";"Sim";3;0;2;0;1;0;2;2;-22,88810094;-43,65827302;"SPRF-RJ";"DEL03-RJ";"UOP01-DEL03-RJ"
510964;2023-03-16;"quinta-feira";"14:46:00";"PR";376;307,8;"MAUA DA SERRA";"Velocidade Incompatível";"Tombamento";"Com Vítimas Feridas";"Pleno dia";"Decrescente";"Céu Claro";"Dupla";"Curva;Aclive";"Não";2;0;1;0;0;1;1;2;-23,95055739;-51,1189127;"SPRF-PR";"DEL07-PR";"UOP02-DEL07-PR"
510968;2023-03-16;"quinta-feira";"15:00:00";"GO";364;379;"SANTA RITA DO ARAGUAIA";"Ausência de reação do condutor";"Tombamento";"Com Vítimas Feridas";"Plena Noite";"Crescente";"Nublado";"Simples";"Reta";"Não";2;0;1;0;0;2;1;3;-17,361963;-53,149731;"SPRF-GO";"DEL05-GO";"UOP01-DEL05-GO"
510969;2023-03-16;"quinta-feira";"18:35:00";"MS";163;84,8;"ITAQUIRAI";"Manobra de mudança de faixa";"Saída de leito carroçável";"Com Vítimas Feridas";"Plena Noite";"Decrescente";"Ignorado";"Simples";"Reta";"Não";1;0;1;0;0;0;1;1;-23,42380201;-54,20709108;"SPRF-MS";"DEL09-MS";"UOP01-DEL09-MS"
510970;2023-03-16;"quinta-feira";"21:45:00";"RO";364;197,9;"PIMENTA BUENO";"Acessar a via sem observar a presença dos outros veículos";"Colisão transversal";"Com Vítimas Feridas";"Plena Noite";"Crescente";"Garoa/Chuvisco";"Simples";"Viaduto;Reta;Retorno Regulamentado;Interseção de Vias";"Sim";3;0;1;0;2;0;1;2;-11,670252;-61,191345;"SPRF-RO";"DEL02-RO";"UOP02-DEL02-RO"
510975;2023-03-16;"quinta-feira";"22:30:00";"SP";116;79,9;"ROSEIRA";"Ausência de reação do condutor";"Colisão lateral mesmo sentido";"Com Vítimas Feridas";"Plena Noite";"Crescente";"Céu Claro";"Dupla";"Reta";"Não";4;0;1;1;1;1;2;4;-22,89420903;-45,29471098;"SPRF-SP";"DEL08-SP";"UOP01-DEL08-SP"
510977;2023-03-16;"quinta-feira";"20:50:00";"PR";277;296,1;"PRUDENTOPOLIS";"Ultrapassagem Indevida";"Colisão frontal";"Com Vítimas Fatais";"Plena Noite";"Crescente";"Céu Claro";"Simples";"Curva";"Não";8;1;2;2;1;2;4;5;-25,301292;-51,11528;"SPRF-PR";"DEL08-PR";"UOP02-DEL08-PR"
510978;2023-03-16;"quinta-feira";"17:00:00";"PR";277;179;"PALMEIRA";"Reação tardia ou ineficiente do condutor";"Colisão traseira";"Com Vítimas Feridas";"Anoitecer";"Decrescente";"Céu Claro";"Simples";"Reta";"Não";3;0;1;0;1;2;1;4;-25,420949;-50,087453;"SPRF-PR";"DEL08-PR";"UOP02-DEL08-PR"
510983;2023-03-17;"sexta-feira";"01:00:00";"SP";116;16,5;"LAVRINHAS";"Entrada inopinada do pedestre";"Atropelamento de Pedestre";"Com Vítimas Fatais";"Plena Noite";"Crescente";"Céu Claro";"Dupla";"Curva";"Não";2;1;0;0;1;0;0;2;-22,55822433;-44,83795788;"SPRF-SP";"DEL08-SP";"UOP02-DEL08-SP"
510987;2023-03-17;"sexta-feira";"01:30:00";"RJ";116;336;"RESENDE";"Reação tardia ou ineficiente do condutor";"Tombamento";"Com Vítimas Feridas";"Plena Noite";"Crescente";"Nublado";"Dupla";"Curva";"Não";1;0;1;0;0;0;1;1;-22,50161691;-44,66769805;"SPRF-RJ";"DEL07-RJ";"UOP02-DEL07-RJ"
510994;2023-03-16;"quinta-feira";"20:00:00";"SC";101;56;"ARAQUARI";"Demais falhas mecânicas ou elétricas";"Incêndio";"Sem Vítimas";"Plena Noite";"Decrescente";"Nublado";"Dupla";"Reta";"Sim";1;0;0;0;1;0;0;1;-26,43207484;-48,82263984;"SPRF-SC";"DEL03-SC";"UOP01-DEL03-SC"
511005;2023-03-17;"sexta-feira";"01:45:00";"MG";381;507;"SAO JOAQUIM DE BICAS";"Ingestão de álcool e/ou substâncias psicoativas pelo pedestre";"Colisão lateral mesmo sentido";"Sem Vítimas";"Plena Noite";"Decrescente";"Céu Claro";"Dupla";"Reta";"Sim";2;0;0;0;2;0;0;2;-20,05643192;-44,28663308;"SPRF-MG";"DEL04-MG";"UOP03-DEL04-MG"
511009;2023-03-17;"sexta-feira";"07:10:00";"MG";381;599,9;"CARMOPOLIS DE MINAS";"Velocidade Incompatível";"Colisão traseira";"Com Vítimas Feridas";"Pleno dia";"Crescente";"Céu Claro";"Dupla";"Reta";"Não";3;0;0;1;1;1;1;3;-20,60716895;-44,73310303;"SPRF-MG";"DEL04-MG";"UOP01-DEL04-MG"
511017;2023-03-17;"sexta-feira";"05:00:00";"MG";381;383;"SAO GONCALO DO RIO ABAIXO";"Reação tardia ou ineficiente do condutor";"Tombamento";"Com Vítimas Feridas";"Pleno dia";"Decrescente";"Céu Claro";"Simples";"Curva";"Não";2;0;0;1;0;1;1;2;-19,81468814;-43,39749222;"SPRF-MG";"DEL01-MG";"UOP01-DEL01-MG"
511019;2023-03-13;"segunda-feira";"23:30:00";"MG";365;497,2;"PATROCINIO";"Deficiência do Sistema de Iluminação/Sinalização";"Colisão traseira";"Com Vítimas Feridas";"Plena Noite";"Decrescente";"Chuva";"Simples";"Curva";"Não";2;0;1;0;1;0;1;2;-18,93260407;-47,21402188;"SPRF-MG";"DEL10-MG";"UOP01-DEL10-MG"
511025;2023-03-17;"sexta-feira";"08:00:00";"PR";116;17;"CURITIBA";"Ausência de reação do condutor";"Colisão traseira";"Com Vítimas Feridas";"Pleno dia";"Crescente";"Nublado";"Dupla";"Reta";"Sim";3;0;0;1;2;0;1;3;-25,389;-49,1867;"SPRF-PR";"DEL01-PR";"UOP02-DEL01-PR"
511026;2023-02-05;"domingo";"17:10:00";"MT";163;629;"NOVA MUTUM";"Chuva";"Tombamento";"Com Vítimas Feridas";"Anoitecer";"Decrescente";"Chuva";"Simples";"Reta";"Não";2;0;1;0;0;3;1;4;-13,655916;-56,03628006;"SPRF-MT";"DEL01-MT";"UOP01-DEL01-MT"
511032;2023-03-17;"sexta-feira";"08:00:00";"SC";101;112;"ITAJAI";"Condutor deixou de manter distância do veículo da frente";"Colisão traseira";"Com Vítimas Feridas";"Pleno dia";"Decrescente";"Garoa/Chuvisco";"Dupla";"Reta";"Sim";2;0;1;0;0;1;1;2;-26,84589005;-48,72131295;"SPRF-SC";"DEL04-SC";"UOP04-DEL04-SC"
511034;2023-03-17;"sexta-feira";"09:55:00";"RS";386;37;"FREDERICO WESTPHALEN";"Acessar a via sem observar a presença dos outros veículos";"Colisão transversal";"Com Vítimas Feridas";"Pleno dia";"Crescente";"Céu Claro";"Simples";"Reta";"Sim";2;0;0;1;1;0;1;2;-27,382351;-53,399605;"SPRF-RS";"DEL08-RS";"UOP02-DEL08-RS"
511035;2023-02-14;"terça-feira";"06:45:00";"RS";470;225;"GARIBALDI";"Acessar a via sem observar a presença dos outros veículos";"Colisão transversal";"Com Vítimas Feridas";"Pleno dia";"Crescente";"Céu Claro";"Simples";"Reta;Interseção de Vias";"Sim";2;0;1;0;1;0;1;2;-29,21454003;-51,51762617;"SPRF-RS";"DEL06-RS";"UOP01-DEL06-RS"
511036;2023-03-17;"sexta-feira";"08:30:00";"BA";116;595;"IRAJUBA";"Ultrapassagem Indevida";"Colisão frontal";"Com Vítimas Feridas";"Pleno dia";"Crescente";"Céu Claro";"Simples";"Declive;Curva";"Não";2;0;1;0;1;0;1;2;-13,17351892;-39,99933014;"SPRF-BA";"DEL03-BA";"UOP02-DEL03-BA"
511038;2023-03-17;"sexta-feira";"05:30:00";"MT";158;525,3;"CANARANA";"Ultrapassagem Indevida";"Colisão frontal";"Com Vítimas Feridas";"Amanhecer";"Decrescente";"Nublado";"Simples";"Reta";"Não";5;0;1;1;2;6;2;10;-13,71100548;-52,027249;"SPRF-MT";"DEL07-MT";"UOP02-DEL07-MT"
511039;2023-03-17;"sexta-feira";"09:30:00";"MG";381;362;"JOAO MONLEVADE";"Ausência de reação do condutor";"Tombamento";"Com Vítimas Feridas";"Pleno dia";"Crescente";"Céu Claro";"Simples";"Curva";"Não";2;0;1;0;0;1;1;2;-19,85643939;-43,24280693;"SPRF-MG";"DEL03-MG";"UOP01-DEL03-MG"
511041;2023-03-17;"sexta-feira";"08:20:00";"SP";116;527;"BARRA DO TURVO";"Reação tardia ou ineficiente do condutor";"Colisão traseira";"Com Vítimas Feridas";"Pleno dia";"Crescente";"Nublado";"Dupla";"Reta";"Não";3;0;0;1;1;3;1;5;-24,93316099;-48,283076;"SPRF-SP";"DEL05-SP";"UOP02-DEL05-SP"
511044;2023-03-17;"sexta-feira";"10:30:00";"MG";50;29,8;"ARAGUARI";"Velocidade Incompatível";"Tombamento";"Com Vítimas Feridas";"Pleno dia";"Decrescente";"Céu Claro";"Dupla";"Declive;Curva";"Não";2;0;0;1;0;1;1;2;-18,62034416;-48,11087208;"SPRF-MG";"DEL15-MG";"UOP02-DEL15-MG"
511055;2023-03-17;"sexta-feira";"00:55:00";"PE";232;236,9;"ARCOVERDE";"Ausência de reação do condutor";"Colisão traseira";"Sem Vítimas";"Plena Noite";"Decrescente";"Céu Claro";"Simples";"Reta;Aclive";"Não";2;0;0;0;2;0;0;2;-8,4130238;-36,92650506;"SPRF-PE";"DEL04-PE";"UOP02-DEL04-PE"
511077;2023-01-30;"segunda-feira";"19:10:00";"MG";116;370,3;"FREI INOCENCIO";"Demais falhas na via";"Colisão frontal";"Com Vítimas Fatais";"Plena Noite";"Crescente";"Céu Claro";"Simples";"Reta";"Não";3;1;0;0;2;0;0;3;-18,53888918;-41,89646387;"SPRF-MG";"DEL11-MG";"UOP01-DEL11-MG"
511081;2023-03-05;"domingo";"14:15:00";"SE";101;153;"ESTANCIA";"Reação tardia ou ineficiente do condutor";"Tombamento";"Com Vítimas Feridas";"Pleno dia";"Decrescente";"Céu Claro";"Dupla";"Curva";"Sim";3;0;1;0;1;1;1;2;-11,27698008;-37,44948398;"SPRF-SE";"DEL02-SE";"UOP01-DEL02-SE"
511083;2023-03-17;"sexta-feira";"08:32:00";"RS";158;316;"SANTA MARIA";"Velocidade Incompatível";"Saída de leito carroçável";"Com Vítimas Feridas";"Pleno dia";"Crescente";"Céu Claro";"Simples";"Curva;Declive";"Não";2;0;0;1;0;1;1;2;-29,65231057;-53,76503707;"SPRF-RS";"DEL09-RS";"UOP01-DEL09-RS"
511084;2023-03-17;"sexta-feira";"09:13:00";"RO";319;63;"PORTO VELHO";"Manobra de mudança de faixa";"Colisão lateral mesmo sentido";"Com Vítimas Feridas";"Pleno dia";"Crescente";"Sol";"Simples";"Reta";"Sim";2;0;1;0;1;0;1;2;-8,766685;-63,884052;"SPRF-RO";"DEL01-RO";"UOP01-DEL01-RO"
511086;2023-01-28;"sábado";"15:30:00";"RS";290;40,6;"SANTO ANTONIO DA PATRULHA";"Retorno proibido";"Colisão traseira";"Com Vítimas Fatais";"Pleno dia";"Decrescente";"Céu Claro";"Múltipla";"Reta";"Não";8;1;0;4;1;2;4;4;-29,88628101;-50,65860271;"SPRF-RS";"DEL03-RS";"UOP01-DEL03-RS"
511090;2023-01-20;"sexta-feira";"23:15:00";"PR";277;36,2;"MORRETES";"Reação tardia ou ineficiente do condutor";"Tombamento";"Com Vítimas Fatais";"Plena Noite";"Crescente";"Nublado";"Dupla";"Aclive;Reta";"Não";3;1;0;1;0;1;1;2;-25,5585949;-48,80593311;"SPRF-PR";"DEL01-PR";"UOP05-DEL01-PR"
511092;2023-03-17;"sexta-feira";"13:00:00";"GO";153;626;"MORRINHOS";"Chuva";"Colisão traseira";"Sem Vítimas";"Pleno dia";"Decrescente";"Chuva";"Dupla";"Reta";"Não";3;0;0;0;2;2;0;4;-17,7719;-49,1732;"SPRF-GO";"DEL03-GO";"UOP01-DEL03-GO"
511098;2023-03-17;"sexta-feira";"11:45:00";"SC";101;124,5;"ITAJAI";"Condutor deixou de manter distância do veículo da frente";"Colisão com objeto";"Sem Vítimas";"Pleno dia";"Decrescente";"Céu Claro";"Dupla";"Reta";"Não";2;0;0;0;1;1;0;2;-26,94335064;-48,69198648;"SPRF-SC";"DEL04-SC";"UOP04-DEL04-SC"
511099;2023-03-17;"sexta-feira";"15:10:00";"DF";20;20;"BRASILIA";"Chuva";"Capotamento";"Com Vítimas Feridas";"Pleno dia";"Decrescente";"Chuva";"Dupla";"Declive;Reta";"Sim";2;0;2;0;0;0;2;1;-15,607905;-47,692791;"SPRF-DF";"DEL02-DF";"UOP01-DEL02-DF"
511100;2023-03-17;"sexta-feira";"15:40:00";"BA";116;16,5;"VITORIA DA CONQUISTA";"Transitar na contramão";"Colisão lateral sentido oposto";"Com Vítimas Feridas";"Pleno dia";"Crescente";"Nublado";"Simples";"Curva;Rotatória";"Não";2;0;1;0;0;1;1;2;-14,90255;-40,8448;"SPRF-PE";"DEL05-PE";"UOP03-DEL05-PE"
511103;2023-03-17;"sexta-feira";"16:00:00";"PR";277;81;"CURITIBA";"Condutor usando celular";"Colisão traseira";"Com Vítimas Feridas";"Pleno dia";"Decrescente";"Céu Claro";"Dupla";"Reta";"Sim";3;0;1;0;1;1;1;3;-25,568939;-49,181978;"SPRF-PR";"DEL01-PR";"UOP01-DEL01-PR"
511104;2023-03-17;"sexta-feira";"14:30:00";"MG";381;907,2;"CAMBUI";"Reação tardia ou ineficiente do condutor";"Colisão traseira";"Com Vítimas Feridas";"Pleno dia";"Decrescente";"Céu Claro";"Dupla";"Curva;Declive";"Não";5;0;1;0;3;3;1;6;-22,67557845;-46,09806511;"SPRF-MG";"DEL16-MG";"UOP03-DEL16-MG"
511106;2023-03-17;"sexta-feira";"15:15:00";"SC";101;355;"SANGAO";"Reação tardia ou ineficiente do condutor";"Colisão traseira";"Sem Vítimas";"Pleno dia";"Crescente";"Céu Claro";"Dupla";"Curva";"Não";2;0;0;0;2;0;0;2;-28,63176;-49,09076;"SPRF-SC";"DEL02-SC";"UOP01-DEL02-SC"
511108;2023-01-20;"sexta-feira";"16:46:00";"PR";116;6;"CAMPINA GRANDE DO SUL";"Demais falhas mecânicas ou elétricas";"Queda de ocupante de veículo";"Com Vítimas Fatais";"Pleno dia";"Crescente";"Céu Claro";"Dupla";"Curva";"Não";5;1;0;1;1;2;1;3;-25,08710459;-48,60776389;"SPRF-PR";"DEL01-PR";"UOP02-DEL01-PR"
511112;2023-03-17;"sexta-feira";"16:30:00";"RS";386;215,9;"TIO HUGO";"Acessar a via sem observar a presença dos outros veículos";"Colisão transversal";"Com Vítimas Fatais";"Pleno dia";"Crescente";"Céu Claro";"Simples";"Aclive;Reta";"Sim";2;1;0;0;1;0;0;2;-28,57666;-52,596031;"SPRF-RS";"DEL04-RS";"UOP03-DEL04-RS"
511115;2023-03-17;"sexta-feira";"15:00:00";"MT";70;608;"POCONE";"Condutor deixou de manter distância do veículo da frente";"Colisão traseira";"Com Vítimas Feridas";"Pleno dia";"Crescente";"Céu Claro";"Simples";"Reta";"Não";3;0;1;0;1;1;1;3;-15,84859368;-56,79496503;"SPRF-MT";"DEL03-MT";"UOP02-DEL03-MT"
511119;2023-03-17;"sexta-feira";"16:30:00";"PR";376;594;"CURITIBA";"Condutor deixou de manter distância do veículo da frente";"Engavetamento";"Com Vítimas Feridas";"Pleno dia";"Crescente";"Sol";"Dupla";"Declive";"Sim";5;0;1;0;4;0;1;3;-25,48479613;-49,34730331;"SPRF-PR";"DEL01-PR";"UOP06-DEL01-PR"
511120;2023-03-17;"sexta-feira";"16:50:00";"TO";226;0;"AGUIARNOPOLIS";"Demais falhas mecânicas ou elétricas";"Atropelamento de Pedestre";"Com Vítimas Feridas";"Anoitecer";"Decrescente";"Céu Claro";"Simples";"Declive";"Sim";2;0;0;1;0;1;1;2;-6,560232;-47,460426;"SPRF-TO";"DEL02-TO";"UOP03-DEL02-TO"
511128;2023-03-17;"sexta-feira";"18:13:00";"PE";232;76;"GRAVATA";"Manobra de mudança de faixa";"Colisão lateral mesmo sentido";"Com Vítimas Feridas";"Anoitecer";"Crescente";"Céu Claro";"Dupla";"Reta";"Sim";3;0;1;0;1;1;1;3;-8,19541469;-35,53424693;"SPRF-PE";"DEL02-PE";"UOP02-DEL02PE"
511133;2023-03-17;"sexta-feira";"17:15:00";"PI";343;3,1;"TERESINA";"Condutor deixou de manter distância do veículo da frente";"Colisão traseira";"Com Vítimas Feridas";"Anoitecer";"Decrescente";"Nublado";"Múltipla";"Reta";"Sim";3;0;1;0;2;0;1;3;-5,081168;-42,77756;"SPRF-PI";"DEL01-PI";"UOP01-DEL01-PI"
511141;2023-03-17;"sexta-feira";"15:45:00";"MG";40;57,9;"PARACATU";"Ausência de reação do condutor";"Tombamento";"Com Vítimas Feridas";"Pleno dia";"Decrescente";"Céu Claro";"Simples";"Reta";"Não";1;0;1;0;0;0;1;1;-17,29349791;-46,77346153;"SPRF-MG";"DEL14-MG";"UOP01-DEL14-MG"
511145;2023-03-17;"sexta-feira";"14:56:00";"SC";282;398;"JOACABA";"Ultrapassagem Indevida";"Colisão lateral sentido oposto";"Com Vítimas Feridas";"Pleno dia";"Crescente";"Céu Claro";"Simples";"Curva";"Não";4;0;1;0;2;2;1;5;-27,148859;-51,611007;"SPRF-SC";"DEL07-SC";"UOP05-DEL07-SC"
511161;2023-03-17;"sexta-feira";"18:50:00";"BA";116;855,5;"VITORIA DA CONQUISTA";"Acessar a via sem observar a presença dos outros veículos";"Colisão transversal";"Com Vítimas Fatais";"Plena Noite";"Crescente";"Céu Claro";"Simples";"Reta";"Não";2;1;0;0;1;0;0;2;-15,02658192;-40,95520409;"SPRF-BA";"DEL08-BA";"UOP01-DEL08-BA"
511173;2023-03-17;"sexta-feira";"12:30:00";"MT";158;692;"BARRA DO GARCAS";"Reação tardia ou ineficiente do condutor";"Saída de leito carroçável";"Sem Vítimas";"Pleno dia";"Decrescente";"Nublado";"Simples";"Reta";"Não";2;0;0;0;1;1;0;2;-14,99305999;-52,25909494;"SPRF-MT";"DEL07-MT";"UOP01-DEL07-MT"
511181;2023-03-17;"sexta-feira";"20:30:00";"RJ";356;57;"ITAPERUNA";"Retorno proibido";"Colisão traseira";"Sem Vítimas";"Plena Noite";"Crescente";"Céu Claro";"Simples";"Reta";"Não";3;0;0;0;2;1;0;2;-21,28663997;-41,71935299;"SPRF-RJ";"DEL08-RJ";"UOP03-DEL08-RJ"
511184;2023-03-17;"sexta-feira";"19:50:00";"MG";262;353;"BETIM";"Demais falhas mecânicas ou elétricas";"Colisão com objeto";"Com Vítimas Feridas";"Plena Noite";"Decrescente";"Céu Claro";"Dupla";"Curva";"Não";5;0;4;0;0;1;4;2;-19,95947688;-44,15416308;"SPRF-MG";"DEL01-MG";"UOP03-DEL01-MG"
511185;2023-03-17;"sexta-feira";"23:00:00";"GO";50;120,7;"IPAMERI";"Condutor Dormindo";"Saída de leito carroçável";"Com Vítimas Feridas";"Plena Noite";"Decrescente";"Céu Claro";"Dupla";"Reta";"Não";2;0;0;1;0;1;1;2;-16,9309;-47,7117;"SPRF-GO";"DEL06-GO";"UOP01-DEL06-GO"
511189;2023-03-17;"sexta-feira";"23:30:00";"ES";101;264,2;"SERRA";"Reação tardia ou ineficiente do condutor";"Colisão transversal";"Sem Vítimas";"Plena Noite";"Decrescente";"Garoa/Chuvisco";"Múltipla";"Interseção de Vias;Retorno Regulamentado";"Sim";2;0;0;0;2;0;0;2;-20,17292791;-40,26736384;"SPRF-ES";"DEL02-ES";"UOP01-DEL02-ES"
511191;2023-03-17;"sexta-feira";"20:30:00";"MA";316;605,3;"TIMON";"Chuva";"Colisão lateral mesmo sentido";"Com Vítimas Fatais";"Plena Noite";"Decrescente";"Chuva";"Simples";"Aclive";"Não";2;1;0;0;0;1;0;2;-5,047525;-42,915745;"SPRF-MA";"DEL03-MA";"UOP02-DEL03-MA"
511197;2023-03-17;"sexta-feira";"23:30:00";"RJ";40;124;"DUQUE DE CAXIAS";"Reação tardia ou ineficiente do condutor";"Colisão lateral mesmo sentido";"Com Vítimas Feridas";"Plena Noite";"Decrescente";"Céu Claro";"Dupla";"Curva;Interseção de Vias";"Sim";4;0;0;1;1;2;1;4;-22,807953;-43,289124;"SPRF-RJ";"DEL01-RJ";"UOP01-DEL01-RJ"
511200;2023-03-17;"sexta-feira";"19:55:00";"RS";293;68;"PIRATINI";"Velocidade Incompatível";"Colisão lateral sentido oposto";"Sem Vítimas";"Plena Noite";"Decrescente";"Céu Claro";"Dupla";"Declive;Ponte;Reta";"Não";4;0;0;0;3;4;0;7;-31,6950907;-53,00571292;"SPRF-RS";"DEL07-RS";"UOP01-DEL07-RS"
511204;2023-03-18;"sábado";"01:10:00";"SC";101;11;"GARUVA";"Ingestão de álcool pelo condutor";"Colisão traseira";"Com Vítimas Feridas";"Plena Noite";"Crescente";"Céu Claro";"Múltipla";"Reta";"Não";3;0;2;0;1;0;2;3;-26,079;-48,8616;"SPRF-SC";"DEL03-SC";"UOP01-DEL03-SC"
511205;2023-03-18;"sábado";"02:15:00";"RJ";116;109;"GUAPIMIRIM";"Condutor Dormindo";"Tombamento";"Com Vítimas Feridas";"Plena Noite";"Crescente";"Céu Claro";"Dupla";"Reta";"Não";3;0;3;0;0;0;3;1;-22,54280711;-42,98518617;"SPRF-RJ";"DEL04-RJ";"UOP01-DEL04-RJ"
511207;2023-03-18;"sábado";"01:30:00";"PR";116;26;"CAMPINA GRANDE DO SUL";"Condutor Dormindo";"Tombamento";"Com Vítimas Feridas";"Plena Noite";"Crescente";"Céu Claro";"Simples";"Reta";"Não";2;0;0;1;0;1;1;2;-25,10683694;-48,785333;"SPRF-PR";"DEL01-PR";"UOP02-DEL01-PR"
511209;2023-03-18;"sábado";"01:30:00";"SP";381;76,5;"SAO PAULO";"Reação tardia ou ineficiente do condutor";"Tombamento";"Com Vítimas Feridas";"Plena Noite";"Crescente";"Céu Claro";"Dupla";"Declive;Curva";"Não";2;0;1;0;0;2;1;3;-23,38372401;-46,56502116;"SPRF-SP";"DEL03-SP";"UOP01-DEL03-SP"
511212;2023-03-18;"sábado";"02:50:00";"RS";116;475,4;"SAO LOURENCO DO SUL";"Manobra de mudança de faixa";"Saída de leito carroçável";"Com Vítimas Fatais";"Plena Noite";"Crescente";"Céu Claro";"Simples";"Curva";"Não";2;1;0;0;0;1;0;2;-31,37773268;-52,10790218;"SPRF-RS";"DEL07-RS";"UOP01-DEL07-RS"
511214;2023-03-17;"sexta-feira";"10:15:00";"SC";280;285,3;"IRINEOPOLIS";"Curva acentuada";"Tombamento";"Com Vítimas Feridas";"Pleno dia";"Decrescente";"Sol";"Simples";"Curva";"Não";2;0;0;1;0;1;1;2;-26,292605;-50,874249;"SPRF-SC";"DEL06-SC";"UOP04-DEL06-SC"
511219;2023-03-18;"sábado";"04:15:00";"ES";259;102,5;"BAIXO GUANDU";"Pedestre andava na pista";"Atropelamento de Pedestre";"Com Vítimas Feridas";"Plena Noite";"Crescente";"Chuva";"Simples";"Reta";"Não";2;0;0;1;0;1;1;2;-19,522022;-41,01212;"SPRF-ES";"DEL02-ES";"UOP01-DEL02-ES"
511223;2023-03-17;"sexta-feira";"22:00:00";"RO";364;463;"ARIQUEMES";"Transitar na contramão";"Colisão frontal";"Com Vítimas Fatais";"Plena Noite";"Decrescente";"Nublado";"Simples";"Reta";"Não";4;2;0;0;1;2;0;4;-10,23442916;-62,74725714;"SPRF-RO";"DEL03-RO";"UOP01-DEL03-RO"
511224;2023-03-18;"sábado";"03:30:00";"PR";369;52;"BANDEIRANTES";"Reação tardia ou ineficiente do condutor";"Tombamento";"Com Vítimas Feridas";"Plena Noite";"Decrescente";"Céu Claro";"Dupla";"Curva";"Não";3;0;1;0;0;2;1;3;-23,13972859;-50,38261414;"SPRF-PR";"DEL07-PR";"UOP05-DEL07-PR"
511236;2023-03-18;"sábado";"07:07:00";"SE";101;72;"MARUIM";"Condutor Dormindo";"Colisão lateral sentido oposto";"Com Vítimas Feridas";"Pleno dia";"Decrescente";"Chuva";"Simples";"Declive;Curva;Em Obras";"Não";3;0;1;0;1;1;1;3;-10,74969633;-37,0990116;"SPRF-SE";"DEL01-SE";"UOP01-DEL01-SE"
511238;2023-03-18;"sábado";"06:00:00";"MG";381;402;"BOM JESUS DO AMPARO";"Reação tardia ou ineficiente do condutor";"Colisão com objeto";"Com Vítimas Feridas";"Amanhecer";"Decrescente";"Céu Claro";"Dupla";"Curva";"Não";2;0;1;0;0;1;1;2;-19,75364097;-43,52827802;"SPRF-MG";"DEL01-MG";"UOP01-DEL01-MG"
511239;2023-02-25;"sábado";"05:30:00";"MT";364;0,5;"ALTO ARAGUAIA";"Condutor Dormindo";"Colisão traseira";"Com Vítimas Feridas";"Pleno dia";"Crescente";"Céu Claro";"Dupla";"Reta";"Sim";2;0;1;0;1;0;1;2;-17,31871;-53,211903;"SPRF-MT";"DEL02-MT";"UOP02-DEL02-MT"
511241;2023-03-18;"sábado";"07:02:00";"ES";101;298,9;"VIANA";"Acumulo de água sobre o pavimento";"Colisão com objeto";"Com Vítimas Feridas";"Pleno dia";"Crescente";"Chuva";"Múltipla";"Curva";"Sim";2;0;1;0;1;0;1;2;-20,35860628;-40,42327504;"SPRF-ES";"DEL01-ES";"UOP01-DEL01-ES"
511248;2023-03-18;"sábado";"06:45:00";"PR";376;248,7;"APUCARANA";"Ausência de reação do condutor";"Colisão traseira";"Com Vítimas Feridas";"Amanhecer";"Decrescente";"Vento";"Dupla";"Reta;Aclive";"Não";4;0;0;2;1;1;2;3;-23,60768306;-51,40619874;"SPRF-PR";"DEL07-PR";"UOP03-DEL07-PR"
511249;2023-03-18;"sábado";"07:20:00";"SP";116;427;"REGISTRO";"Manobra de mudança de faixa";"Colisão lateral mesmo sentido";"Com Vítimas Feridas";"Pleno dia";"Crescente";"Céu Claro";"Múltipla";"Curva;Aclive";"Não";6;0;4;0;1;2;4;4;-24,39235791;-47,72343119;"SPRF-SP";"DEL05-SP";"UOP01-DEL05-SP"