"id";"data_inversa";"dia_semana";"horario";"uf";"br";"km";"municipio";"causa_acidente";"tipo_acidente";"classificacao_acidente";"fase_dia";"sentido_via";"condicao_metereologica";"tipo_pista";"tracado_via";"uso_solo";"pessoas";"mortos";"feridos_leves";"feridos_graves";"ilesos";"ignorados";"feridos";"veiculos";"latitude";"longitude";"regional";"delegacia";"uop"
512183;2023-03-16;"quinta-feira";"19:40:00";"RS";290;643;"URUGUAIANA";"Conversão proibida";"Colisão transversal";"Com Vítimas Feridas";"Plena Noite";"Decrescente";"Garoa/Chuvisco";"Simples";"Reta";"Não";2;0;1;0;0;1;1;2;-30,009726;-56,348831;"SPRF-RS";"DEL13-RS";"UOP02-DEL13-RS"
512185;2023-03-22;"quarta-feira";"15:23:00";"PR";116;144;"MANDIRITUBA";"Manobra de mudança de faixa";"Colisão lateral mesmo sentido";"Com Vítimas Feridas";"Pleno dia";"Crescente";"Céu Claro";"Dupla";"Declive;Reta";"Não";6;0;1;1;3;1;2;6;-25,76405694;-49,32116324;"SPRF-PR";"DEL01-PR";"UOP03-DEL01-PR"
512189;2023-03-22;"quarta-feira";"11:50:00";"RO";364;469;"ARIQUEMES";"Reação tardia ou ineficiente do condutor";"Colisão traseira";"Com Vítimas Feridas";"Pleno dia";"Crescente";"Chuva";"Simples";"Reta";"Não";3;0;1;0;1;4;1;6;-10,20221479;-62,78980585;"SPRF-RO";"DEL03-RO";"UOP01-DEL03-RO"
512190;2023-03-22;"quarta-feira";"17:15:00";"SP";116;212;"GUARULHOS";"Reação tardia ou ineficiente do condutor";"Colisão traseira";"Com Vítimas Fatais";"Pleno dia";"Decrescente";"Céu Claro";"Múltipla";"Aclive";"Sim";5;1;0;1;3;0;1;3;-23,43722316;-46,43073557;"SPRF-SP";"DEL01-SP";"UOP01-DEL01-SP"
512197;2023-03-22;"quarta-feira";"16:15:00";"PB";230;438,7;"APARECIDA";"Ausência de reação do condutor";"Saída de leito carroçável";"Com Vítimas Feridas";"Pleno dia";"Decrescente";"Nublado";"Simples";"Declive;Reta";"Não";2;0;1;0;0;1;1;2;-6,7612;-38,0094;"SPRF-PB";"DEL03-PB";"UOP02-DEL03-PB"
512200;2023-03-22;"quarta-feira";"15:50:00";"SC";470;125,1;"LONTRAS";"Reação tardia ou ineficiente do condutor";"Colisão transversal";"Com Vítimas Feridas";"Pleno dia";"Crescente";"Céu Claro";"Simples";"Reta";"Sim";4;0;1;1;1;1;2;4;-27,12323679;-49,53657031;"SPRF-SC";"DEL04-SC";"UOP02-DEL04-SC"
512205;2023-03-22;"quarta-feira";"18:00:00";"SP";153;61;"SAO JOSE DO RIO PRETO";"Ausência de reação do condutor";"Colisão traseira";"Com Vítimas Feridas";"Anoitecer";"Crescente";"Céu Claro";"Dupla";"Reta;Declive";"Sim";2;0;1;0;1;0;1;2;-20,80502876;-49,35574909;"SPRF-SP";"DEL09-SP";"UOP01-DEL09-SP"
512211;2023-03-22;"quarta-feira";"14:15:00";"PA";163;547;"TRAIRAO";"Pista esburacada";"Tombamento";"Sem Vítimas";"Pleno dia";"Crescente";"Céu Claro";"Simples";"Reta";"Não";2;0;0;0;1;3;0;4;-5,203749;-56,0403;"SPRF-PA";"DEL05-PA";"UOP02-DEL05-PA"
512212;2023-03-22;"quarta-feira";"18:45:00";"MG";365;451;"GUIMARANIA";"Demais falhas mecânicas ou elétricas";"Saída de leito carroçável";"Com Vítimas Feridas";"Plena Noite";"Crescente";"Céu Claro";"Simples";"Rotatória;Reta";"Não";2;0;1;0;0;1;1;2;-18,83594238;-46,83646889;"SPRF-MG";"DEL10-MG";"UOP01-DEL10-MG"
512218;2023-03-22;"quarta-feira";"17:00:00";"PR";153;399;"MALLET";"Reação tardia ou ineficiente do condutor";"Tombamento";"Com Vítimas Feridas";"Pleno dia";"Crescente";"Céu Claro";"Simples";"Curva";"Não";3;0;1;0;1;1;1;3;-25,95973098;-50,8432889;"SPRF-PR";"DEL08-PR";"UOP02-DEL08-PR"
512222;2023-03-09;"quinta-feira";"14:00:00";"MT";163;649;"LUCAS DO RIO VERDE";"Transitar na contramão";"Colisão lateral sentido oposto";"Com Vítimas Feridas";"Pleno dia";"Crescente";"Sol";"Simples";"Curva";"Não";3;0;0;1;1;3;1;5;-13,48678294;-56,05721992;"SPRF-MT";"DEL06-MT";"UOP01-DEL06-MT"
512227;2023-03-22;"quarta-feira";"18:00:00";"MG";50;176;"UBERABA";"Condutor deixou de manter distância do veículo da frente";"Engavetamento";"Com Vítimas Feridas";"Anoitecer";"Decrescente";"Céu Claro";"Dupla";"Reta;Em Obras";"Sim";18;0;3;0;15;0;3;3;-19,77919981;-47,960032;"SPRF-MG";"DEL13-MG";"UOP01-DEL13-MG"
512229;2023-03-22;"quarta-feira";"17:30:00";"MG";116;179;"PADRE PARAISO";"Ultrapassagem Indevida";"Colisão traseira";"Com Vítimas Feridas";"Anoitecer";"Crescente";"Céu Claro";"Dupla";"Reta";"Sim";2;0;0;1;1;0;1;2;-17,0764477;-41,48612089;"SPRF-MG";"DEL11-MG";"UOP02-DEL11-MG"
512230;2023-03-12;"domingo";"09:00:00";"MG";40;605,8;"CONGONHAS";"Manobra de mudança de faixa";"Colisão lateral mesmo sentido";"Com Vítimas Fatais";"Pleno dia";"Decrescente";"Céu Claro";"Simples";"Aclive;Reta";"Não";5;2;0;0;2;1;0;4;-20,45904967;-43,83882057;"SPRF-MG";"DEL05-MG";"UOP02-DEL05-MG"
512232;2023-03-22;"quarta-feira";"18:40:00";"PE";428;144;"PETROLINA";"Manobra de mudança de faixa";"Colisão frontal";"Com Vítimas Feridas";"Plena Noite";"Decrescente";"Chuva";"Simples";"Reta";"Não";4;0;3;0;0;1;3;3;-9,02360471;-40,2839345;"SPRF-PE";"DEL06-PE";"UOP01-DEL06-PE"
512246;2023-03-22;"quarta-feira";"19:55:00";"RS";290;485;"ROSARIO DO SUL";"Problema com o freio";"Incêndio";"Sem Vítimas";"Plena Noite";"Decrescente";"Céu Claro";"Simples";"Reta";"Não";2;0;0;0;1;1;0;2;-30,240456;-54,971661;"SPRF-RS";"DEL11-RS";"UOP02-DEL11-RS"
512248;2023-03-22;"quarta-feira";"20:30:00";"GO";60;39;"ALEXANIA";"Reação tardia ou ineficiente do condutor";"Saída de leito carroçável";"Com Vítimas Feridas";"Plena Noite";"Crescente";"Céu Claro";"Dupla";"Reta;Aclive";"Não";1;0;1;0;0;0;1;1;-16,1143;-48,5569;"SPRF-DF";"DEL03-DF";"UOP01-DEL03-DF"
512250;2023-03-22;"quarta-feira";"20:10:00";"PE";116;5;"SALGUEIRO";"Reação tardia ou ineficiente do condutor";"Colisão com objeto";"Sem Vítimas";"Plena Noite";"Crescente";"Nublado";"Simples";"Curva";"Não";2;0;0;0;1;1;0;2;-7,89977032;-39,11381721;"SPRF-PE";"DEL05-PE";"UOP01-DEL05-PE"
512253;2023-03-22;"quarta-feira";"17:55:00";"SC";101;117,4;"ITAJAI";"Acessar a via sem observar a presença dos outros veículos";"Colisão transversal";"Com Vítimas Feridas";"Anoitecer";"Decrescente";"Céu Claro";"Múltipla";"Curva";"Sim";3;0;0;1;1;1;1;3;-26,88747187;-48,72252969;"SPRF-SC";"DEL04-SC";"UOP04-DEL04-SC"
512254;2023-03-22;"quarta-feira";"22:00:00";"MG";365;726;"MONTE ALEGRE DE MINAS";"Ausência de reação do condutor";"Colisão traseira";"Com Vítimas Feridas";"Plena Noite";"Crescente";"Céu Claro";"Simples";"Em Obras";"Não";4;0;2;0;1;1;2;3;-18,893213;-49,241197;"SPRF-MG";"DEL15-MG";"UOP03-DEL15-MG"
512262;2023-03-22;"quarta-feira";"22:10:00";"PE";232;459;"SAO JOSE DO BELMONTE";"Animais na Pista";"Tombamento";"Com Vítimas Feridas";"Plena Noite";"Crescente";"Garoa/Chuvisco";"Simples";"Declive";"Não";2;0;1;0;0;2;1;3;-8,01935472;-38,70660414;"SPRF-PE";"DEL05-PE";"UOP01-DEL05-PE"
512266;2023-03-23;"quinta-feira";"00:15:00";"SP";116;437;"REGISTRO";"Acessar a via sem observar a presença dos outros veículos";"Atropelamento de Pedestre";"Com Vítimas Fatais";"Plena Noite";"Crescente";"Céu Claro";"Dupla";"Reta";"Não";3;1;0;0;1;1;0;3;-24,44201718;-47,79888683;"SPRF-SP";"DEL05-SP";"UOP01-DEL05-SP"
512267;2023-03-22;"quarta-feira";"19:30:00";"GO";158;23;"BOM JARDIM DE GOIAS";"Demais falhas mecânicas ou elétricas";"Incêndio";"Sem Vítimas";"Plena Noite";"Crescente";"Céu Claro";"Simples";"Reta";"Não";2;0;0;0;1;1;0;2;-16,05698603;-52,17118359;"SPRF-GO";"DEL04-GO";"UOP02-DEL04-GO"
512268;2023-03-22;"quarta-feira";"17:55:00";"MT";163;897;"CLAUDIA";"Condutor deixou de manter distância do veículo da frente";"Colisão traseira";"Com Vítimas Feridas";"Pleno dia";"Crescente";"Céu Claro";"Dupla";"Reta";"Não";3;0;1;0;1;3;1;5;-11,46072295;-55,35892834;"SPRF-MT";"DEL06-MT";"UOP02-DEL06-MT"
512269;2023-03-22;"quarta-feira";"19:10:00";"GO";80;94,7;"VILA PROPICIO";"Manobra de mudança de faixa";"Colisão frontal";"Com Vítimas Feridas";"Plena Noite";"Decrescente";"Nublado";"Simples";"Reta";"Sim";2;0;0;1;1;0;1;2;-15,208875;-48,697312;"SPRF-GO";"DEL07-GO";"UOP02-DEL07-GO"
512270;2023-03-23;"quinta-feira";"02:10:00";"SC";101;128;"ITAJAI";"Acumulo de água sobre o pavimento";"Colisão com objeto";"Com Vítimas Feridas";"Plena Noite";"Decrescente";"Chuva";"Dupla";"Reta";"Não";3;0;1;0;1;2;1;4;-26,97284292;-48,68299451;"SPRF-SC";"DEL04-SC";"UOP04-DEL04-SC"
512277;2023-03-23;"quinta-feira";"04:50:00";"MS";60;356;"SIDROLANDIA";"Ausência de reação do condutor";"Saída de leito carroçável";"Com Vítimas Feridas";"Amanhecer";"Crescente";"Céu Claro";"Simples";"Curva";"Não";1;0;0;1;0;0;1;1;-21,00439496;-55,20122051;"SPRF-MS";"DEL01-MS";"UOP03-DEL01-MS"
512279;2023-03-23;"quinta-feira";"05:15:00";"DF";70;3;"BRASILIA";"Ausência de reação do condutor";"Colisão lateral mesmo sentido";"Sem Vítimas";"Amanhecer";"Decrescente";"Céu Claro";"Dupla";"Retorno Regulamentado";"Sim";3;0;0;0;3;0;0;2;-15,802453;-48,080387;"SPRF-DF";"DEL03-DF";"UOP02-DEL03-DF"
512288;2023-03-23;"quinta-feira";"07:10:00";"PB";230;24;"JOAO PESSOA";"Acessar a via sem observar a presença dos outros veículos";"Colisão lateral mesmo sentido";"Sem Vítimas";"Pleno dia";"Decrescente";"Céu Claro";"Múltipla";"Reta;Interseção de Vias;Viaduto";"Sim";3;0;0;0;2;1;0;3;-7,1637;-34,8618;"SPRF-PB";"DEL01-PB";"UOP01-DEL01-PB"
512295;2023-03-23;"quinta-feira";"07:30:00";"ES";101;297;"VIANA";"Ausência de reação do condutor";"Colisão traseira";"Com Vítimas Feridas";"Pleno dia";"Crescente";"Céu Claro";"Dupla";"Reta";"Não";3;0;1;0;2;0;1;2;-20,34529844;-40,41026774;"SPRF-ES";"DEL01-ES";"UOP01-DEL01-ES"
512298;2023-03-23;"quinta-feira";"08:00:00";"MG";116;773,7;"LEOPOLDINA";"Ausência de reação do condutor";"Tombamento";"Com Vítimas Feridas";"Pleno dia";"Decrescente";"Sol";"Simples";"Curva;Declive";"Não";2;0;1;0;0;1;1;2;-21,57227131;-42,67920724;"SPRF-MG";"DEL07-MG";"UOP01-DEL07-MG"
512301;2023-03-23;"quinta-feira";"07:00:00";"MS";163;485,6;"CAMPO GRANDE";"Ausência de reação do condutor";"Engavetamento";"Com Vítimas Feridas";"Pleno dia";"Decrescente";"Céu Claro";"Simples";"Aclive;Reta";"Sim";6;0;2;0;3;4;2;7;-20,4336361;-54,54376745;"SPRF-MS";"DEL01-MS";"UOP02-DEL01-MS"
512307;2023-03-23;"quinta-feira";"07:30:00";"PR";369;147,4;"LONDRINA";"Reação tardia ou ineficiente do condutor";"Colisão traseira";"Com Vítimas Feridas";"Pleno dia";"Crescente";"Céu Claro";"Dupla";"Reta";"Não";4;0;3;0;1;0;3;3;-23,293057;-51,135485;"SPRF-PR";"DEL07-PR";"UOP01-DEL07-PR"
512311;2023-03-23;"quinta-feira";"06:55:00";"RS";285;208,7;"LAGOA VERMELHA";"Acessar a via sem observar a presença dos outros veículos";"Colisão transversal";"Com Vítimas Feridas";"Pleno dia";"Crescente";"Céu Claro";"Simples";"Reta;Retorno Regulamentado;Aclive;Interseção de Vias";"Não";4;0;2;0;1;1;2;3;-28,221825;-51,598278;"SPRF-RS";"DEL08-RS";"UOP05-DEL08-RS"
512312;2023-03-23;"quinta-feira";"08:30:00";"SP";116;281;"EMBU DAS ARTES";"Reação tardia ou ineficiente do condutor";"Engavetamento";"Com Vítimas Feridas";"Pleno dia";"Decrescente";"Céu Claro";"Dupla";"Aclive;Reta";"Sim";5;0;1;0;2;2;1;5;-23,67784787;-46,85769227;"SPRF-SP";"DEL04-SP";"UOP01-DEL04-SP"
512316;2023-03-23;"quinta-feira";"09:30:00";"DF";70;18,7;"BRASILIA";"Trafegar com motocicleta (ou similar) entre as faixas";"Colisão traseira";"Com Vítimas Feridas";"Pleno dia";"Decrescente";"Céu Claro";"Múltipla";"Reta";"Não";2;0;1;0;1;0;1;2;-15,788868;-48,220242;"SPRF-DF";"DEL03-DF";"UOP02-DEL03-DF"
512320;2023-03-23;"quinta-feira";"09:00:00";"BA";116;400,2;"FEIRA DE SANTANA";"Ausência de sinalização";"Colisão lateral sentido oposto";"Sem Vítimas";"Pleno dia";"Crescente";"Céu Claro";"Simples";"Interseção de Vias;Em Obras";"Não";4;0;0;0;3;1;0;4;-12,02850801;-38,97078747;"SPRF-BA";"DEL02-BA";"UOP01-DEL02-BA"
512329;2023-03-10;"sexta-feira";"13:15:00";"MS";376;80;"DEODAPOLIS";"Transitar na contramão";"Colisão lateral sentido oposto";"Com Vítimas Feridas";"Pleno dia";"Crescente";"Céu Claro";"Simples";"Declive;Reta";"Não";5;0;3;0;2;0;3;3;-22,31101395;-54,06131744;"SPRF-MS";"DEL04-MS";"UOP04-DEL04-MS"
512337;2023-01-30;"segunda-feira";"10:10:00";"RJ";116;143;"DUQUE DE CAXIAS";"Manobra de mudança de faixa";"Colisão transversal";"Com Vítimas Feridas";"Pleno dia";"Decrescente";"Nublado";"Dupla";"Reta";"Sim";2;0;0;1;1;0;1;2;-22,67167945;-43,279953;"SPRF-RJ";"DEL01-RJ";"UOP01-DEL01-RJ"
512346;2023-01-14;"sábado";"04:00:00";"RS";290;55,9;"GLORINHA";"Ausência de reação do condutor";"Saída de leito carroçável";"Com Vítimas Feridas";"Plena Noite";"Decrescente";"Céu Claro";"Múltipla";"Reta";"Não";4;0;2;1;0;1;3;2;-29,913401;-50,808426;"SPRF-RS";"DEL03-RS";"UOP01-DEL03-RS"
512354;2023-03-23;"quinta-feira";"13:50:00";"CE";116;152;"RUSSAS";"Obras na pista";"Colisão traseira";"Com Vítimas Feridas";"Pleno dia";"Crescente";"Céu Claro";"Simples";"Declive";"Não";3;0;1;0;1;2;1;4;-4,8537159;-38,03846484;"SPRF-CE";"DEL03-CE";"UOP01-DEL03-CE"
512361;2023-03-23;"quinta-feira";"14:30:00";"MG";381;494;"BETIM";"Ausência de reação do condutor";"Tombamento";"Com Vítimas Feridas";"Pleno dia";"Crescente";"Céu Claro";"Dupla";"Viaduto;Reta";"Sim";2;0;1;0;1;0;1;2;-19,966518;-44,178828;"SPRF-MG";"DEL01-MG";"UOP03-DEL01-MG"
512365;2023-03-23;"quinta-feira";"14:29:00";"CE";222;2,6;"FORTALEZA";"Demais falhas mecânicas ou elétricas";"Eventos atípicos";"Com Vítimas Feridas";"Pleno dia";"Decrescente";"Céu Claro";"Dupla";"Reta";"Sim";3;0;0;1;2;0;1;3;-3,74;-38,593;"SPRF-CE";"DEL01-CE";"UOP01-DEL01-CE"
512370;2023-03-23;"quinta-feira";"12:40:00";"MA";230;375;"BALSAS";"Ultrapassagem Indevida";"Colisão frontal";"Com Vítimas Feridas";"Pleno dia";"Crescente";"Céu Claro";"Simples";"Reta";"Não";3;0;0;1;1;3;1;5;-7,2870651;-45,9314548;"SPRF-MA";"DEL05-MA";"UOP01-DEL05-MA"
512372;2023-03-23;"quinta-feira";"15:20:00";"GO";60;378;"RIO VERDE";"Problema com o freio";"Saída de leito carroçável";"Com Vítimas Fatais";"Pleno dia";"Decrescente";"Sol";"Dupla";"Declive;Reta";"Não";3;1;0;0;0;2;0;2;-17,7481;-50,8763;"SPRF-GO";"DEL04-GO";"UOP02-DEL04-GO"
512373;2023-03-23;"quinta-feira";"15:00:00";"PR";277;1;"PARANAGUA";"Manobra de mudança de faixa";"Colisão transversal";"Com Vítimas Feridas";"Pleno dia";"Crescente";"Céu Claro";"Dupla";"Reta";"Sim";2;0;0;1;1;0;1;2;-25,5205;-48,5095;"SPRF-PR";"DEL01-PR";"UOP05-DEL01-PR"
512374;2023-03-23;"quinta-feira";"16:10:00";"SC";470;142;"RIO DO SUL";"Acumulo de óleo sobre o pavimento";"Tombamento";"Com Vítimas Feridas";"Pleno dia";"Decrescente";"Nublado";"Simples";"Curva;Viaduto";"Sim";2;0;0;1;1;0;1;2;-27,229801;-49,6693;"SPRF-SC";"DEL04-SC";"UOP02-DEL04-SC"
512377;2023-03-23;"quinta-feira";"13:05:00";"PA";316;110,5;"SANTA MARIA DO PARA";"Acessar a via sem observar a presença dos outros veículos";"Colisão lateral sentido oposto";"Sem Vítimas";"Pleno dia";"Crescente";"Céu Claro";"Simples";"Reta";"Não";2;0;0;0;2;0;0;2;-1,318289;-47,515114;"SPRF-PA";"DEL01-PA";"UOP02-DEL01-PA"
512379;2023-03-23;"quinta-feira";"15:50:00";"SC";101;335,1;"TUBARAO";"Ausência de reação do condutor";"Colisão traseira";"Com Vítimas Feridas";"Pleno dia";"Crescente";"Céu Claro";"Dupla";"Reta;Aclive";"Sim";3;0;1;0;1;1;1;3;-28,4738219;-49,02545929;"SPRF-SC";"DEL02-SC";"UOP01-DEL02-SC"
512383;2023-03-23;"quinta-feira";"17:00:00";"SP";381;45;"ATIBAIA";"Condutor deixou de manter distância do veículo da frente";"Colisão lateral mesmo sentido";"Com Vítimas Feridas";"Anoitecer";"Crescente";"Céu Claro";"Dupla";"Reta";"Não";2;0;1;0;1;0;1;2;-23,17274184;-46,57748439;"SPRF-SP";"DEL03-SP";"UOP01-DEL03-SP"
512384;2023-03-23;"quinta-feira";"17:10:00";"SP";116;226;"GUARULHOS";"Condutor deixou de manter distância do veículo da frente";"Colisão traseira";"Com Vítimas Feridas";"Pleno dia";"Decrescente";"Céu Claro";"Múltipla";"Reta";"Não";2;0;1;0;1;0;1;2;-23,49102507;-46,54878195;"SPRF-SP";"DEL01-SP";"UOP01-DEL01-SP"
512386;2023-03-23;"quinta-feira";"16:30:00";"PR";376;665;"GUARATUBA";"Carga excessiva e/ou mal acondicionada";"Tombamento";"Com Vítimas Feridas";"Pleno dia";"Crescente";"Céu Claro";"Dupla";"Declive;Curva";"Não";1;0;1;0;0;0;1;1;-25,85455838;-48,95670808;"SPRF-PR";"DEL01-PR";"UOP04-DEL01-PR"
512389;2023-03-23;"quinta-feira";"16:20:00";"SE";235;13,5;"NOSSA SENHORA DO SOCORRO";"Frear bruscamente";"Saída de leito carroçável";"Com Vítimas Feridas";"Pleno dia";"Crescente";"Nublado";"Simples";"Reta";"Não";2;0;1;0;0;1;1;2;-10,868567;-37,171078;"SPRF-SE";"DEL01-SE";"UOP01-DEL01-SE"
512393;2023-03-23;"quinta-feira";"16:06:00";"MT";364;537,3;"ROSARIO OESTE";"Ausência de reação do condutor";"Tombamento";"Com Vítimas Feridas";"Pleno dia";"Decrescente";"Chuva";"Simples";"Reta;Declive";"Não";2;0;1;0;0;2;1;3;-14,871304;-56,459392;"SPRF-MT";"DEL01-MT";"UOP01-DEL01-MT"
512404;2023-03-23;"quinta-feira";"18:35:00";"RS";448;16;"CANOAS";"Animais na Pista";"Colisão com objeto";"Com Vítimas Feridas";"Anoitecer";"Decrescente";"Céu Claro";"Dupla";"Reta";"Não";2;0;1;0;0;1;1;2;-29,93223;-51,211967;"SPRF-RS";"DEL01-RS";"UOP01-DEL01-RS"
512405;2023-03-23;"quinta-feira";"18:50:00";"RS";290;87;"PORTO ALEGRE";"Condutor Dormindo";"Colisão traseira";"Com Vítimas Feridas";"Plena Noite";"Decrescente";"Céu Claro";"Dupla";"Reta";"Sim";3;0;1;0;1;1;1;3;-29,967838;-51,127197;"SPRF-RS";"DEL01-RS";"UOP01-DEL01-RS"
512410;2023-03-23;"quinta-feira";"17:30:00";"SC";101;79;"ARAQUARI";"Manobra de mudança de faixa";"Colisão transversal";"Com Vítimas Feridas";"Pleno dia";"Decrescente";"Céu Claro";"Múltipla";"Interseção de Vias;Reta";"Não";4;0;2;0;2;0;2;2;-26,58559601;-48,72192112;"SPRF-SC";"DEL03-SC";"UOP02-DEL03-SC"
512411;2023-03-23;"quinta-feira";"14:50:00";"SP";116;521;"CAJATI";"Demais falhas mecânicas ou elétricas";"Incêndio";"Sem Vítimas";"Pleno dia";"Crescente";"Céu Claro";"Múltipla";"Reta;Aclive";"Não";1;0;0;0;1;0;0;1;-24,8997218;-48,24745938;"SPRF-SP";"DEL05-SP";"UOP02-DEL05-SP"
512414;2023-03-23;"quinta-feira";"19:50:00";"SC";282;40,6;"AGUAS MORNAS";"Velocidade Incompatível";"Colisão frontal";"Com Vítimas Feridas";"Plena Noite";"Decrescente";"Chuva";"Simples";"Curva";"Não";2;0;1;0;1;0;1;2;-27,716148;-48,869583;"SPRF-SC";"DEL01-SC";"UOP03-DEL01-SC"
512421;2023-03-23;"quinta-feira";"21:15:00";"SC";101;150;"ITAPEMA";"Reação tardia ou ineficiente do condutor";"Colisão traseira";"Com Vítimas Feridas";"Plena Noite";"Crescente";"Garoa/Chuvisco";"Múltipla";"Reta";"Sim";2;0;1;0;0;1;1;2;-27,11744799;-48,60940987;"SPRF-SC";"DEL04-SC";"UOP03-DEL04-SC"
512422;2023-03-23;"quinta-feira";"22:00:00";"MG";40;614,7;"CONGONHAS";"Reação tardia ou ineficiente do condutor";"Tombamento";"Com Vítimas Feridas";"Plena Noite";"Crescente";"Céu Claro";"Simples";"Aclive;Reta";"Não";2;0;1;0;0;1;1;2;-20,53983;-43,821009;"SPRF-MG";"DEL05-MG";"UOP02-DEL05-MG"
512425;2023-03-23;"quinta-feira";"19:14:00";"RO";364;246,9;"CACOAL";"Reação tardia ou ineficiente do condutor";"Engavetamento";"Com Vítimas Feridas";"Plena Noite";"Decrescente";"Céu Claro";"Simples";"Reta";"Não";6;0;3;0;2;3;3;7;-11,439371;-61,524097;"SPRF-RO";"DEL02-RO";"UOP02-DEL02-RO"
512430;2023-03-23;"quinta-feira";"22:35:00";"RS";386;155,8;"ALMIRANTE TAMANDARE DO SUL";"Acessar a via sem observar a presença dos outros veículos";"Colisão transversal";"Com Vítimas Feridas";"Plena Noite";"Decrescente";"Céu Claro";"Simples";"Curva";"Sim";4;0;2;0;1;1;2;3;-28,117487;-52,853813;"SPRF-RS";"DEL08-RS";"UOP01-DEL08-RS"
512432;2023-03-23;"quinta-feira";"23:30:00";"ES";101;270;"SERRA";"Ausência de reação do condutor";"Tombamento";"Com Vítimas Feridas";"Plena Noite";"Decrescente";"Céu Claro";"Dupla";"Viaduto;Curva;Declive";"Sim";2;0;1;0;0;1;1;2;-20,23316742;-40,27513504;"SPRF-ES";"DEL02-ES";"UOP01-DEL02-ES"
512437;2023-03-23;"quinta-feira";"17:00:00";"PR";158;337,3;"PALMITAL";"Reação tardia ou ineficiente do condutor";"Tombamento";"Com Vítimas Fatais";"Pleno dia";"Crescente";"Céu Claro";"Simples";"Declive;Curva";"Não";1;1;0;0;0;0;0;1;-24,98101762;-52,29789561;"SPRF-PR";"DEL04-PR";"UOP02-DEL04-PR"
512438;2023-03-23;"quinta-feira";"23:00:00";"PE";101;35,7;"IGARASSU";"Ausência de reação do condutor";"Colisão traseira";"Com Vítimas Feridas";"Plena Noite";"Crescente";"Céu Claro";"Dupla";"Reta;Aclive";"Não";3;0;1;0;1;1;1;3;-7,77952193;-34,93231384;"SPRF-PE";"DEL01-PE";"UOP02-DEL01-PE"
512443;2023-03-24;"sexta-feira";"01:00:00";"SP";381;68;"MAIRIPORA";"Reação tardia ou ineficiente do condutor";"Colisão traseira";"Com Vítimas Feridas";"Plena Noite";"Crescente";"Céu Claro";"Dupla";"Reta";"Sim";5;0;2;0;2;3;2;6;-23,34043796;-46,57433588;"SPRF-SP";"DEL03-SP";"UOP01-DEL03-SP"
512445;2023-03-24;"sexta-feira";"01:30:00";"SP";153;84,7;"MIRASSOL";"Sinalização mal posicionada";"Tombamento";"Com Vítimas Feridas";"Plena Noite";"Crescente";"Céu Claro";"Dupla";"Desvio Temporário;Em Obras";"Não";1;0;1;0;0;0;1;1;-20,9344296;-49,51909431;"SPRF-SP";"DEL09-SP";"UOP01-DEL09-SP"
512448;2023-03-24;"sexta-feira";"02:00:00";"SP";116;134;"CACAPAVA";"Condutor deixou de manter distância do veículo da frente";"Colisão traseira";"Com Vítimas Feridas";"Plena Noite";"Decrescente";"Céu Claro";"Dupla";"Reta";"Não";2;0;0;1;0;1;1;2;-23,1402216;-45,7617252;"SPRF-SP";"DEL02-SP";"UOP02-DEL02-SP"
512449;2023-03-24;"sexta-feira";"03:20:00";"PR";376;0,7;"MARIALVA";"Reação tardia ou ineficiente do condutor";"Tombamento";"Com Vítimas Feridas";"Plena Noite";"Crescente";"Céu Claro";"Simples";"Curva;Aclive";"Não";1;0;1;0;0;0;1;1;-23,51016335;-51,71813965;"SPRF-PR";"DEL09-PR";"UOP01-DEL09-PR"
512452;2023-03-24;"sexta-feira";"05:25:00";"SC";470;60;"BLUMENAU";"Reação tardia ou ineficiente do condutor";"Colisão frontal";"Com Vítimas Feridas";"Amanhecer";"Decrescente";"Céu Claro";"Simples";"Reta";"Sim";2;0;1;1;0;0;2;2;-26,88138;-49,164543;"SPRF-SC";"DEL04-SC";"UOP01-DEL04-SC"
512453;2023-03-24;"sexta-feira";"00:19:00";"MG";153;57;"MONTE ALEGRE DE MINAS";"Ausência de reação do condutor";"Tombamento";"Com Vítimas Feridas";"Pleno dia";"Decrescente";"Garoa/Chuvisco";"Dupla";"Declive;Rotatória";"Não";2;0;1;0;0;1;1;2;-18,87131545;-49,0623664;"SPRF-MG";"DEL15-MG";"UOP03-DEL15-MG"
512463;2023-01-09;"segunda-feira";"20:10:00";"PR";369;506;"CORBELIA";"Ausência de reação do condutor";"Colisão traseira";"Com Vítimas Fatais";"Anoitecer";"Decrescente";"Nublado";"Simples";"Reta";"Não";5;2;0;0;2;1;0;4;-24,8326;-53,3005;"SPRF-PR";"DEL04-PR";"UOP03-DEL04-PR"
512467;2023-03-24;"sexta-feira";"07:15:00";"RS";470;203;"BENTO GONCALVES";"Conversão proibida";"Colisão traseira";"Com Vítimas Feridas";"Pleno dia";"Decrescente";"Céu Claro";"Simples";"Reta";"Não";2;0;1;0;1;0;1;2;-29,07601095;-51,57545102;"SPRF-RS";"DEL06-RS";"UOP02-DEL06-RS"
512474;2023-02-04;"sábado";"20:23:00";"CE";222;263,9;"COREAU";"Acessar a via sem observar a presença dos outros veículos";"Colisão transversal";"Com Vítimas Fatais";"Plena Noite";"Crescente";"Céu Claro";"Simples";"Reta";"Não";3;1;0;0;1;2;0;4;-3,74853785;-40,67572499;"SPRF-CE";"DEL04-CE";"UOP02-DEL04-CE"
512475;2023-03-23;"quinta-feira";"03:30:00";"BA";242;440;"SEABRA";"Condutor Dormindo";"Colisão frontal";"Com Vítimas Feridas";"Plena Noite";"Crescente";"Céu Claro";"Simples";"Declive;Reta";"Não";2;0;1;0;1;0;1;2;-12,41782215;-41,98306386;"SPRF-BA";"DEL06-BA";"UOP01-DEL06-BA"