"id";"data_inversa";"dia_semana";"horario";"uf";"br";"km";"municipio";"causa_acidente";"tipo_acidente";"classificacao_acidente";"fase_dia";"sentido_via";"condicao_metereologica";"tipo_pista";"tracado_via";"uso_solo";"pessoas";"mortos";"feridos_leves";"feridos_graves";"ilesos";"ignorados";"feridos";"veiculos";"latitude";"longitude";"regional";"delegacia";"uop"
512477;2023-03-24;"sexta-feira";"08:15:00";"RN";304;216;"CAICARA DO RIO DO VENTO";"Ultrapassagem Indevida";"Colisão traseira";"Com Vítimas Feridas";"Pleno dia";"Crescente";"Sol";"Simples";"Aclive";"Não";4;0;1;0;2;2;1;5;-5,75614196;-36,02459399;"SPRF-RN";"DEL01-RN";"UOP03-DEL01-RN"
512484;2023-03-23;"quinta-feira";"19:00:00";"GO";80;16;"PADRE BERNARDO";"Demais falhas mecânicas ou elétricas";"Saída de leito carroçável";"Sem Vítimas";"Plena Noite";"Crescente";"Céu Claro";"Simples";"Aclive;Curva";"Não";2;0;0;0;1;1;0;2;-15,41442227;-48,20075512;"SPRF-DF";"DEL03-DF";"UOP02-DEL03-DF"
512486;2023-02-28;"terça-feira";"16:05:00";"SC";282;216,5;"LAGES";"Acessar a via sem observar a presença dos outros veículos";"Colisão transversal";"Com Vítimas Fatais";"Pleno dia";"Crescente";"Céu Claro";"Múltipla";"Aclive;Reta;Interseção de Vias";"Sim";3;1;0;0;1;1;0;3;-27,7963533;-50,2885983;"SPRF-SC";"DEL05-SC";"UOP01-DEL05-SC"
512488;2023-03-24;"sexta-feira";"07:00:00";"PA";222;62,7;"DOM ELISEU";"Ausência de reação do condutor";"Colisão traseira";"Com Vítimas Feridas";"Pleno dia";"Crescente";"Céu Claro";"Simples";"Reta";"Não";2;0;0;1;1;0;1;2;-4,502325;-47,823288;"SPRF-PA";"DEL02-PA";"UOP02-DEL02-PA"
512493;2023-03-24;"sexta-feira";"09:30:00";"PR";277;3,4;"PARANAGUA";"Ausência de reação do condutor";"Colisão traseira";"Com Vítimas Feridas";"Pleno dia";"Decrescente";"Céu Claro";"Dupla";"Reta;Interseção de Vias";"Sim";4;0;2;0;1;1;2;3;-25,543932;-48,559358;"SPRF-PR";"DEL01-PR";"UOP05-DEL01-PR"
512501;2023-03-24;"sexta-feira";"10:39:00";"RN";101;149;"GOIANINHA";"Desrespeitar a preferência no cruzamento";"Colisão lateral mesmo sentido";"Com Vítimas Feridas";"Pleno dia";"Crescente";"Nublado";"Dupla";"Aclive";"Não";2;0;0;1;1;0;1;2;-6,28708712;-35,20055221;"SPRF-RN";"DEL01-RN";"UOP01-DEL01-RN"
512502;2023-03-24;"sexta-feira";"10:15:00";"RS";386;355,7;"ESTRELA";"Reação tardia ou ineficiente do condutor";"Saída de leito carroçável";"Com Vítimas Feridas";"Pleno dia";"Decrescente";"Nublado";"Múltipla";"Curva";"Não";2;0;1;0;0;1;1;2;-29,515066;-51,940083;"SPRF-RS";"DEL04-RS";"UOP02-DEL04-RS"
512510;2023-03-24;"sexta-feira";"10:30:00";"MT";364;394;"CUIABA";"Ausência de reação do condutor";"Saída de leito carroçável";"Sem Vítimas";"Pleno dia";"Decrescente";"Céu Claro";"Dupla";"Reta";"Não";1;0;0;0;1;0;0;1;-15,700119;-55,890619;"SPRF-MT";"DEL01-MT";"UOP02-DEL01-MT"
512511;2023-03-24;"sexta-feira";"09:19:00";"MT";163;687;"LUCAS DO RIO VERDE";"Acessar a via sem observar a presença dos outros veículos";"Colisão lateral mesmo sentido";"Sem Vítimas";"Pleno dia";"Decrescente";"Sol";"Simples";"Interseção de Vias";"Sim";5;0;0;0;4;1;0;3;-13,18354788;-55,98612126;"SPRF-MT";"DEL06-MT";"UOP01-DEL06-MT"
512514;2023-03-24;"sexta-feira";"12:00:00";"SP";116;145;"SAO JOSE DOS CAMPOS";"Manobra de mudança de faixa";"Colisão lateral mesmo sentido";"Com Vítimas Feridas";"Pleno dia";"Decrescente";"Céu Claro";"Múltipla";"Reta";"Sim";3;0;1;0;1;1;1;3;-23,1869844;-45,8548078;"SPRF-SP";"DEL02-SP";"UOP01-DEL02-SP"
512517;2023-03-24;"sexta-feira";"12:30:00";"SC";101;79;"ARAQUARI";"Reação tardia ou ineficiente do condutor";"Colisão traseira";"Com Vítimas Feridas";"Pleno dia";"Decrescente";"Céu Claro";"Múltipla";"Reta";"Sim";3;0;1;0;1;1;1;3;-26,58559601;-48,72192112;"SPRF-SC";"DEL03-SC";"UOP02-DEL03-SC"
512518;2023-03-24;"sexta-feira";"11:30:00";"PR";116;60;"CURITIBA";"Manobra de mudança de faixa";"Colisão lateral mesmo sentido";"Com Vítimas Feridas";"Pleno dia";"Crescente";"Céu Claro";"Múltipla";"Em Obras;Reta";"Sim";3;0;1;0;1;1;1;3;-25,38884732;-49,20144439;"SPRF-PR";"DEL01-PR";"UOP02-DEL01-PR"
512519;2023-03-24;"sexta-feira";"11:30:00";"PE";104;63;"CARUARU";"Demais falhas mecânicas ou elétricas";"Saída de leito carroçável";"Com Vítimas Feridas";"Pleno dia";"Crescente";"Sol";"Dupla";"Declive;Reta";"Sim";5;0;1;1;3;0;2;4;-8,2698;-35,9803;"SPRF-PE";"DEL02-PE";"UOP01-DEL02-PE"
512522;2023-03-24;"sexta-feira";"12:07:00";"SC";470;56;"BLUMENAU";"Acessar a via sem observar a presença dos outros veículos";"Colisão transversal";"Com Vítimas Feridas";"Pleno dia";"Crescente";"Céu Claro";"Simples";"Retorno Regulamentado;Reta";"Sim";3;0;1;0;2;0;1;2;-26,87674;-49,127743;"SPRF-SC";"DEL04-SC";"UOP01-DEL04-SC"
512528;2023-03-24;"sexta-feira";"09:30:00";"BA";324;566;"SAO SEBASTIAO DO PASSE";"Demais falhas mecânicas ou elétricas";"Incêndio";"Sem Vítimas";"Pleno dia";"Crescente";"Chuva";"Dupla";"Reta";"Não";2;0;0;0;1;1;0;2;-12,52455997;-38,61040198;"SPRF-BA";"DEL01-BA";"UOP01-DEL01-BA"
512532;2023-03-24;"sexta-feira";"14:04:00";"PI";343;329,2;"TERESINA";"Demais falhas mecânicas ou elétricas";"Incêndio";"Sem Vítimas";"Pleno dia";"Crescente";"Nublado";"Simples";"Reta";"Não";2;0;0;0;1;1;0;2;-5,064808;-42,641769;"SPRF-PI";"DEL01-PI";"UOP01-DEL01-PI"
512533;2023-03-24;"sexta-feira";"13:10:00";"PR";376;491,8;"PONTA GROSSA";"Manobra de mudança de faixa";"Colisão lateral mesmo sentido";"Com Vítimas Feridas";"Pleno dia";"Crescente";"Céu Claro";"Dupla";"Reta";"Não";5;0;1;0;2;3;1;5;-25,1114297;-50,1890972;"SPRF-PR";"DEL03-PR";"UOP04-DEL03-PR"
512538;2023-03-24;"sexta-feira";"14:10:00";"PA";163;665;"ITAITUBA";"Reação tardia ou ineficiente do condutor";"Tombamento";"Com Vítimas Fatais";"Pleno dia";"Crescente";"Céu Claro";"Simples";"Reta;Declive";"Não";5;1;0;1;2;1;1;3;-4,42568209;-55,80681689;"SPRF-PA";"DEL05-PA";"UOP02-DEL05-PA"
512551;2023-03-24;"sexta-feira";"15:25:00";"RS";290;47,3;"GLORINHA";"Condutor Dormindo";"Tombamento";"Com Vítimas Feridas";"Pleno dia";"Crescente";"Céu Claro";"Dupla";"Reta";"Não";1;0;1;0;0;0;1;1;-29,894592;-50,729916;"SPRF-RS";"DEL03-RS";"UOP01-DEL03-RS"
512561;2023-03-24;"sexta-feira";"16:10:00";"PR";277;253,2;"IRATI";"Acessar a via sem observar a presença dos outros veículos";"Colisão transversal";"Com Vítimas Feridas";"Pleno dia";"Decrescente";"Céu Claro";"Simples";"Declive;Reta";"Não";2;0;1;0;1;0;1;2;-25,4448777;-50,67938388;"SPRF-PR";"DEL08-PR";"UOP02-DEL08-PR"
512562;2023-03-24;"sexta-feira";"17:50:00";"MA";10;285;"IMPERATRIZ";"Ausência de reação do condutor";"Colisão traseira";"Sem Vítimas";"Anoitecer";"Decrescente";"Chuva";"Simples";"Reta;Declive";"Não";2;0;0;0;2;0;0;2;-5,24207;-47,509281;"SPRF-MA";"DEL04-MA";"UOP01-DEL04-MA"
512564;2023-03-24;"sexta-feira";"17:10:00";"PI";343;350;"TERESINA";"Ultrapassagem Indevida";"Colisão lateral mesmo sentido";"Sem Vítimas";"Anoitecer";"Crescente";"Nublado";"Múltipla";"Reta;Rotatória";"Sim";2;0;0;0;2;0;0;2;-5,130751;-42,79174;"SPRF-PI";"DEL01-PI";"UOP02-DEL01-PI"
512579;2023-03-24;"sexta-feira";"18:30:00";"PE";232;12;"JABOATAO DOS GUARARAPES";"Entrada inopinada do pedestre";"Atropelamento de Pedestre";"Com Vítimas Fatais";"Plena Noite";"Crescente";"Nublado";"Dupla";"Declive;Reta";"Não";3;1;0;0;1;1;0;3;-8,08577691;-35,00345603;"SPRF-PE";"DEL01-PE";"UOP01-DEL01-PE"
512580;2023-03-24;"sexta-feira";"19:20:00";"SP";459;23;"LORENA";"Ingestão de álcool pelo condutor";"Colisão frontal";"Com Vítimas Fatais";"Plena Noite";"Crescente";"Céu Claro";"Simples";"Reta";"Não";3;1;0;0;1;1;0;3;-22,6716358;-45,1390155;"SPRF-SP";"DEL08-SP";"UOP02-DEL08-SP"
512582;2023-03-24;"sexta-feira";"17:40:00";"PE";232;171,3;"BELO JARDIM";"Ingestão de álcool pelo condutor";"Colisão lateral sentido oposto";"Com Vítimas Feridas";"Anoitecer";"Crescente";"Nublado";"Simples";"Reta";"Não";3;0;0;1;1;2;1;4;-8,34239456;-36,35216713;"SPRF-PE";"DEL03-PE";"UOP02-DEL03-PE"
512583;2023-03-24;"sexta-feira";"17:15:00";"GO";153;436;"ANAPOLIS";"Ausência de reação do condutor";"Colisão traseira";"Com Vítimas Feridas";"Pleno dia";"Crescente";"Nublado";"Dupla";"Reta";"Sim";2;0;1;0;1;0;1;2;-16,283987;-48,951763;"SPRF-GO";"DEL02-GO";"UOP01-DEL02-GO"
512585;2023-03-24;"sexta-feira";"11:15:00";"MG";262;603;"CAMPOS ALTOS";"Ausência de reação do condutor";"Saída de leito carroçável";"Sem Vítimas";"Pleno dia";"Decrescente";"Céu Claro";"Simples";"Reta";"Não";2;0;0;0;1;3;0;4;-19,62544938;-46,26857758;"SPRF-MG";"DEL08-MG";"UOP02-DEL08-MG"
512596;2023-03-24;"sexta-feira";"17:00:00";"SC";470;177,5;"POUSO REDONDO";"Condutor deixou de manter distância do veículo da frente";"Colisão traseira";"Sem Vítimas";"Pleno dia";"Decrescente";"Chuva";"Simples";"Reta;Aclive";"Sim";2;0;0;0;1;1;0;2;-27,24867788;-49,96685028;"SPRF-SC";"DEL04-SC";"UOP02-DEL04-SC"
512598;2023-03-24;"sexta-feira";"18:30:00";"RJ";40;101;"DUQUE DE CAXIAS";"Ultrapassagem Indevida";"Colisão lateral mesmo sentido";"Com Vítimas Feridas";"Anoitecer";"Decrescente";"Céu Claro";"Múltipla";"Reta";"Sim";3;0;1;1;1;0;2;2;-22,60246485;-43,28380739;"SPRF-RJ";"DEL01-RJ";"UOP01-DEL01-RJ"
512606;2023-03-24;"sexta-feira";"19:50:00";"SP";381;45;"ATIBAIA";"Entrada inopinada do pedestre";"Atropelamento de Pedestre";"Com Vítimas Fatais";"Plena Noite";"Decrescente";"Céu Claro";"Dupla";"Reta;Aclive";"Sim";3;1;0;0;1;1;0;3;-23,17274184;-46,57748439;"SPRF-SP";"DEL03-SP";"UOP01-DEL03-SP"
512610;2023-03-24;"sexta-feira";"20:30:00";"MG";40;576;"ITABIRITO";"Acessar a via sem observar a presença dos outros veículos";"Colisão transversal";"Com Vítimas Feridas";"Plena Noite";"Crescente";"Céu Claro";"Dupla";"Retorno Regulamentado;Reta";"Não";5;0;0;1;3;1;1;3;-20,268828;-43,954751;"SPRF-MG";"DEL01-MG";"UOP02-DEL01-MG"
512613;2023-03-24;"sexta-feira";"20:50:00";"MG";381;444;"SANTA LUZIA";"Ausência de reação do condutor";"Colisão transversal";"Com Vítimas Feridas";"Plena Noite";"Decrescente";"Céu Claro";"Simples";"Reta";"Não";2;0;0;1;1;0;1;2;-19,82360393;-43,82539293;"SPRF-MG";"DEL01-MG";"UOP01-DEL01-MG"
512616;2023-03-24;"sexta-feira";"16:15:00";"SC";116;86;"MONTE CASTELO";"Transitar na contramão";"Colisão frontal";"Com Vítimas Feridas";"Pleno dia";"Crescente";"Céu Claro";"Simples";"Reta;Aclive";"Não";2;0;0;1;0;1;1;2;-26,60977491;-50,22937022;"SPRF-SC";"DEL06-SC";"UOP02-DEL06-SC"
512617;2023-03-24;"sexta-feira";"21:00:00";"RS";116;394;"CAMAQUA";"Ausência de reação do condutor";"Colisão traseira";"Com Vítimas Feridas";"Plena Noite";"Crescente";"Nublado";"Dupla";"Reta";"Sim";4;0;2;1;0;1;3;2;-30,84497914;-51,75687894;"SPRF-RS";"DEL02-RS";"UOP02-DEL02-RS"
512618;2023-03-24;"sexta-feira";"09:00:00";"MG";365;371;"PATOS DE MINAS";"Ausência de reação do condutor";"Saída de leito carroçável";"Com Vítimas Feridas";"Pleno dia";"Decrescente";"Céu Claro";"Simples";"Curva;Declive";"Não";2;0;0;1;0;2;1;3;-18,51207296;-46,13673741;"SPRF-MG";"DEL10-MG";"UOP01-DEL10-MG"
512619;2023-03-24;"sexta-feira";"19:20:00";"MT";163;830;"SINOP";"Manobra de mudança de faixa";"Colisão lateral mesmo sentido";"Sem Vítimas";"Plena Noite";"Decrescente";"Nublado";"Dupla";"Retorno Regulamentado";"Sim";3;0;0;0;3;0;0;2;-11,93031749;-55,5132586;"SPRF-MT";"DEL06-MT";"UOP02-DEL06-MT"
512621;2023-03-24;"sexta-feira";"21:40:00";"RS";386;5,1;"IRAI";"Transitar na contramão";"Colisão lateral sentido oposto";"Sem Vítimas";"Plena Noite";"Decrescente";"Nublado";"Simples";"Reta;Interseção de Vias";"Não";2;0;0;0;1;1;0;2;-27,18983722;-53,26465309;"SPRF-RS";"DEL08-RS";"UOP02-DEL08-RS"
512622;2023-03-24;"sexta-feira";"19:00:00";"GO";364;36;"PARANAIGUARA";"Ausência de reação do condutor";"Tombamento";"Com Vítimas Feridas";"Plena Noite";"Decrescente";"Nublado";"Simples";"Reta;Declive";"Não";2;0;1;0;0;2;1;3;-18,872442;-50,783173;"SPRF-GO";"DEL05-GO";"UOP02-DEL05-GO"
512626;2023-03-24;"sexta-feira";"19:35:00";"RO";364;405,2;"JARU";"Reação tardia ou ineficiente do condutor";"Colisão lateral sentido oposto";"Sem Vítimas";"Plena Noite";"Crescente";"Nublado";"Simples";"Reta";"Não";3;0;0;0;3;0;0;2;-10,569027;-62,371756;"SPRF-RO";"DEL03-RO";"UOP02-DEL03-RO"
512636;2023-03-24;"sexta-feira";"22:25:00";"RS";471;646,8;"SANTA VITORIA DO PALMAR";"Ausência de reação do condutor";"Tombamento";"Com Vítimas Feridas";"Plena Noite";"Crescente";"Céu Claro";"Simples";"Reta";"Não";2;0;1;0;0;2;1;3;-33,448067;-53,266071;"SPRF-RS";"DEL07-RS";"UOP04-DEL07-RS"
512640;2023-03-06;"segunda-feira";"07:25:00";"PB";230;54,3;"CRUZ DO ESPIRITO SANTO";"Ausência de reação do condutor";"Colisão traseira";"Com Vítimas Feridas";"Pleno dia";"Decrescente";"Céu Claro";"Dupla";"Reta";"Não";4;0;0;2;1;1;2;3;-7,2007;-35,0854;"SPRF-PB";"DEL01-PB";"UOP03-DEL01-PB"
512660;2023-03-25;"sábado";"02:30:00";"TO";153;135;"ARAGUAINA";"Ingestão de álcool pelo condutor";"Colisão com objeto";"Sem Vítimas";"Plena Noite";"Decrescente";"Nublado";"Simples";"Rotatória";"Sim";2;0;0;0;1;1;0;2;-7,12896688;-48,19843215;"SPRF-TO";"DEL02-TO";"UOP01-DEL02-TO"
512667;2023-03-24;"sexta-feira";"19:00:00";"BA";101;917,6;"NOVA VICOSA";"Ultrapassagem Indevida";"Colisão frontal";"Com Vítimas Fatais";"Plena Noite";"Crescente";"Céu Claro";"Simples";"Reta";"Não";2;1;0;0;1;0;0;2;-17,869666;-39,80644;"SPRF-BA";"DEL09-BA";"UOP02-DEL09-BA"
512671;2023-03-25;"sábado";"01:20:00";"SC";101;369;"ICARA";"Condutor Dormindo";"Saída de leito carroçável";"Com Vítimas Feridas";"Plena Noite";"Decrescente";"Céu Claro";"Dupla";"Reta";"Não";2;0;2;0;0;0;2;1;-28,69775604;-49,182934;"SPRF-SC";"DEL02-SC";"UOP01-DEL02-SC"
512674;2023-03-24;"sexta-feira";"22:40:00";"MG";381;185,5;"PERIQUITO";"Desrespeitar a preferência no cruzamento";"Colisão transversal";"Com Vítimas Feridas";"Plena Noite";"Crescente";"Céu Claro";"Simples";"Reta";"Não";4;0;1;0;2;1;1;3;-19,07143196;-42,17623006;"SPRF-MG";"DEL06-MG";"UOP01-DEL06-MG"
512677;2023-03-25;"sábado";"03:35:00";"MG";40;646,1;"CRISTIANO OTONI";"Condutor deixou de manter distância do veículo da frente";"Colisão traseira";"Com Vítimas Feridas";"Plena Noite";"Crescente";"Céu Claro";"Simples";"Reta";"Não";3;0;1;0;1;1;1;3;-20,797754;-43,809907;"SPRF-MG";"DEL05-MG";"UOP02-DEL05-MG"
512681;2023-03-25;"sábado";"07:15:00";"RS";285;339,3;"CARAZINHO";"Ausência de reação do condutor";"Colisão traseira";"Com Vítimas Fatais";"Pleno dia";"Crescente";"Nublado";"Simples";"Reta;Declive";"Sim";2;1;0;0;1;0;0;2;-28,31280347;-52,78882921;"SPRF-RS";"DEL08-RS";"UOP03-DEL08-RS"
512683;2023-03-25;"sábado";"07:40:00";"MG";381;874;"ESTIVA";"Manobra de mudança de faixa";"Queda de ocupante de veículo";"Com Vítimas Feridas";"Pleno dia";"Decrescente";"Céu Claro";"Dupla";"Reta";"Não";2;0;1;0;1;0;1;2;-22,45619351;-46,00792634;"SPRF-MG";"DEL16-MG";"UOP01-DEL16-MG"
512686;2023-03-10;"sexta-feira";"05:20:00";"PR";277;395;"CANDOI";"Ultrapassagem Indevida";"Saída de leito carroçável";"Com Vítimas Feridas";"Amanhecer";"Crescente";"Céu Claro";"Simples";"Reta";"Não";2;0;0;1;0;1;1;2;-25,44527097;-51,877942;"SPRF-PR";"DEL08-PR";"UOP01-DEL08-PR"
512687;2023-03-25;"sábado";"07:30:00";"RJ";40;114;"DUQUE DE CAXIAS";"Reação tardia ou ineficiente do condutor";"Colisão traseira";"Com Vítimas Feridas";"Pleno dia";"Decrescente";"Céu Claro";"Múltipla";"Reta";"Não";2;0;2;0;0;0;2;2;-22,71853604;-43,28993324;"SPRF-RJ";"DEL01-RJ";"UOP01-DEL01-RJ"
512689;2023-01-30;"segunda-feira";"14:08:00";"DF";20;16;"BRASILIA";"Reação tardia ou ineficiente do condutor";"Colisão lateral mesmo sentido";"Sem Vítimas";"Pleno dia";"Crescente";"Céu Claro";"Dupla";"Declive;Reta";"Sim";3;0;0;0;1;2;0;3;-15,630189;-47,733288;"SPRF-DF";"DEL02-DF";"UOP01-DEL02-DF"
512692;2023-02-18;"sábado";"17:40:00";"BA";101;928;"MUCURI";"Ausência de reação do condutor";"Colisão traseira";"Sem Vítimas";"Amanhecer";"Decrescente";"Céu Claro";"Simples";"Reta";"Não";2;0;0;0;2;0;0;2;-18,14614786;-39,90312408;"SPRF-BA";"DEL09-BA";"UOP02-DEL09-BA"
512695;2023-03-25;"sábado";"08:15:00";"RO";364;240;"CACOAL";"Pista esburacada";"Tombamento";"Com Vítimas Feridas";"Pleno dia";"Crescente";"Céu Claro";"Simples";"Reta";"Sim";4;0;1;0;3;0;1;2;-11,43579019;-61,47096987;"SPRF-RO";"DEL02-RO";"UOP02-DEL02-RO"
512700;2023-03-25;"sábado";"08:00:00";"SC";101;109,7;"PENHA";"Reação tardia ou ineficiente do condutor";"Colisão traseira";"Com Vítimas Feridas";"Pleno dia";"Crescente";"Nublado";"Dupla";"Reta";"Não";3;0;1;0;1;3;1;5;-26,83474286;-48,70246232;"SPRF-SC";"DEL03-SC";"UOP02-DEL03-SC"
512701;2023-03-25;"sábado";"07:40:00";"BA";101;250;"CONCEICAO DO ALMEIDA";"Reação tardia ou ineficiente do condutor";"Colisão transversal";"Com Vítimas Feridas";"Pleno dia";"Decrescente";"Sol";"Simples";"Reta";"Não";5;0;1;0;3;1;1;4;-12,97043464;-39,27440643;"SPRF-BA";"DEL01-BA";"UOP02-DEL01-BA"
512721;2023-02-25;"sábado";"19:30:00";"MG";116;782;"LEOPOLDINA";"Ausência de reação do condutor";"Tombamento";"Com Vítimas Fatais";"Plena Noite";"Decrescente";"Céu Claro";"Simples";"Curva";"Não";2;1;0;0;0;1;0;2;-21,627038;-42,69996898;"SPRF-MG";"DEL07-MG";"UOP01-DEL07-MG"
512737;2023-03-25;"sábado";"13:00:00";"RN";101;108;"PARNAMIRIM";"Condutor deixou de manter distância do veículo da frente";"Colisão traseira";"Sem Vítimas";"Pleno dia";"Crescente";"Sol";"Dupla";"Reta";"Sim";3;0;0;0;3;0;0;3;-5,9282510205;-35,2646568259;"SPRF-RN";"DEL01-RN";"UOP01-DEL01-RN"
512743;2023-03-25;"sábado";"13:00:00";"MS";158;82;"PARANAIBA";"Condutor Dormindo";"Colisão traseira";"Com Vítimas Feridas";"Pleno dia";"Decrescente";"Céu Claro";"Simples";"Reta";"Não";3;0;1;0;1;1;1;3;-19,57998821;-51,2324253;"SPRF-MS";"DEL08-MS";"UOP01-DEL08-MS"
512748;2023-03-25;"sábado";"12:00:00";"GO";452;0;"RIO VERDE";"Manobra de mudança de faixa";"Colisão lateral mesmo sentido";"Com Vítimas Feridas";"Pleno dia";"Crescente";"Céu Claro";"Dupla";"Interseção de Vias";"Não";2;0;1;0;0;1;1;2;-17,786345;-50,901516;"SPRF-GO";"DEL04-GO";"UOP01-DEL04-GO"
512749;2023-03-25;"sábado";"13:40:00";"MT";163;1110;"GUARANTA DO NORTE";"Declive acentuado";"Tombamento";"Com Vítimas Feridas";"Pleno dia";"Crescente";"Céu Claro";"Simples";"Reta;Declive";"Não";2;0;1;0;0;2;1;3;-9,71780888;-54,87808527;"SPRF-MT";"DEL06-MT";"UOP03-DEL06-MT"
512753;2023-03-25;"sábado";"15:30:00";"RJ";116;221;"PARACAMBI";"Manobra de mudança de faixa";"Colisão lateral mesmo sentido";"Com Vítimas Feridas";"Pleno dia";"Crescente";"Céu Claro";"Dupla";"Reta";"Sim";6;0;0;1;4;1;1;4;-22,6931486;-43,78279481;"SPRF-RJ";"DEL07-RJ";"UOP01-DEL07-RJ"
512758;2023-03-25;"sábado";"17:50:00";"PE";423;32;"SAO CAITANO";"Demais falhas mecânicas ou elétricas";"Atropelamento de Pedestre";"Com Vítimas Feridas";"Anoitecer";"Decrescente";"Céu Claro";"Simples";"Reta;Aclive;Em Obras";"Não";2;0;0;1;0;1;1;2;-8,45069903;-36,21115394;"SPRF-PE";"DEL03-PE";"UOP02-DEL03-PE"
512763;2023-03-25;"sábado";"15:30:00";"PR";277;164,3;"PALMEIRA";"Ultrapassagem Indevida";"Colisão transversal";"Com Vítimas Feridas";"Pleno dia";"Decrescente";"Céu Claro";"Simples";"Reta;Declive";"Não";3;0;0;1;1;1;1;3;-25,447659;-49,953909;"SPRF-PR";"DEL03-PR";"UOP03-DEL03-PR"
512766;2023-03-25;"sábado";"10:00:00";"MT";70;503;"VARZEA GRANDE";"Reação tardia ou ineficiente do condutor";"Colisão traseira";"Com Vítimas Feridas";"Pleno dia";"Crescente";"Céu Claro";"Simples";"Reta";"Sim";4;0;1;0;2;6;1;8;-15,70000751;-56,04046583;"SPRF-MT";"DEL01-MT";"UOP02-DEL01-MT"
512769;2023-03-25;"sábado";"17:30:00";"PR";376;550,1;"PALMEIRA";"Demais falhas mecânicas ou elétricas";"Incêndio";"Sem Vítimas";"Anoitecer";"Decrescente";"Céu Claro";"Múltipla";"Aclive;Reta";"Não";2;0;0;0;1;1;0;2;-25,430339;-49,755088;"SPRF-PR";"DEL03-PR";"UOP03-DEL03-PR"
512772;2023-03-25;"sábado";"19:30:00";"SP";116;140,8;"SAO JOSE DOS CAMPOS";"Entrada inopinada do pedestre";"Atropelamento de Pedestre";"Com Vítimas Feridas";"Plena Noite";"Decrescente";"Céu Claro";"Dupla";"Aclive;Reta";"Sim";2;0;0;1;1;0;1;2;-23,16577714;-45,81246193;"SPRF-SP";"DEL02-SP";"UOP01-DEL02-SP"
512778;2023-03-25;"sábado";"04:20:00";"MT";364;337;"SANTO ANTONIO DO LEVERGER";"Reação tardia ou ineficiente do condutor";"Colisão traseira";"Com Vítimas Feridas";"Anoitecer";"Decrescente";"Céu Claro";"Dupla";"Aclive;Curva";"Não";3;0;1;0;1;1;1;3;-15,833065;-55,468155;"SPRF-MT";"DEL05-MT";"UOP02-DEL05-MT"
512782;2023-03-25;"sábado";"19:34:00";"MS";262;488,4;"ANASTACIO";"Ausência de reação do condutor";"Colisão traseira";"Com Vítimas Feridas";"Plena Noite";"Crescente";"Céu Claro";"Simples";"Reta";"Sim";2;0;0;1;0;1;1;2;-20,49984217;-55,80441367;"SPRF-MS";"DEL03-MS";"UOP01-DEL03-MS"
512785;2023-03-25;"sábado";"13:00:00";"PI";316;57;"MONSENHOR GIL";"Reação tardia ou ineficiente do condutor";"Saída de leito carroçável";"Sem Vítimas";"Pleno dia";"Decrescente";"Céu Claro";"Simples";"Curva";"Sim";1;0;0;0;0;1;0;1;-5,54844026;-42,61484423;"SPRF-PI";"DEL01-PI";"UOP02-DEL01-PI"
512795;2023-03-25;"sábado";"17:40:00";"PR";153;471;"PORTO VITORIA";"Ultrapassagem Indevida";"Colisão frontal";"Com Vítimas Fatais";"Anoitecer";"Crescente";"Chuva";"Simples";"Reta";"Não";5;1;0;1;2;4;1;8;-26,29826322;-51,20791522;"SPRF-PR";"DEL02-PR";"UOP03-DEL02-PR"
512797;2023-03-25;"sábado";"18:45:00";"PR";376;616;"SAO JOSE DOS PINHAIS";"Trafegar com motocicleta (ou similar) entre as faixas";"Colisão lateral mesmo sentido";"Com Vítimas Feridas";"Plena Noite";"Decrescente";"Nublado";"Dupla";"Reta;Declive";"Sim";3;0;0;1;1;1;1;3;-25,57583659;-49,17953679;"SPRF-PR";"DEL01-PR";"UOP04-DEL01-PR"
512805;2023-03-25;"sábado";"16:15:00";"RJ";101;19;"CAMPOS DOS GOYTACAZES";"Acessar a via sem observar a presença dos outros veículos";"Colisão transversal";"Com Vítimas Fatais";"Anoitecer";"Crescente";"Céu Claro";"Simples";"Retorno Regulamentado;Reta;Interseção de Vias";"Sim";4;1;0;0;3;0;0;2;-21,3760317;-41,3433581;"SPRF-RJ";"DEL08-RJ";"UOP01-DEL08-RJ"
512806;2023-03-25;"sábado";"15:20:00";"MG";262;570,7;"CORREGO DANTA";"Velocidade Incompatível";"Tombamento";"Com Vítimas Feridas";"Pleno dia";"Crescente";"Céu Claro";"Simples";"Curva";"Não";2;0;1;0;0;1;1;2;-19,71152583;-46,02009773;"SPRF-MG";"DEL08-MG";"UOP02-DEL08-MG"
512810;2023-03-25;"sábado";"18:20:00";"PR";116;102;"SAO JOSE DOS PINHAIS";"Carga excessiva e/ou mal acondicionada";"Derramamento de carga";"Sem Vítimas";"Plena Noite";"Decrescente";"Nublado";"Dupla";"Reta";"Sim";2;0;0;0;1;1;0;2;-25,56722039;-49,17240143;"SPRF-PR";"DEL01-PR";"UOP07-DEL01-PR"
512813;2023-03-25;"sábado";"21:20:00";"SC";282;577;"PINHALZINHO";"Transitar na contramão";"Colisão lateral sentido oposto";"Sem Vítimas";"Plena Noite";"Decrescente";"Chuva";"Simples";"Reta";"Sim";3;0;0;0;1;2;0;3;-26,84676;-52,980644;"SPRF-SC";"DEL07-SC";"UOP02-DEL07-SC"