"id";"data_inversa";"dia_semana";"horario";"uf";"br";"km";"municipio";"causa_acidente";"tipo_acidente";"classificacao_acidente";"fase_dia";"sentido_via";"condicao_metereologica";"tipo_pista";"tracado_via";"uso_solo";"pessoas";"mortos";"feridos_leves";"feridos_graves";"ilesos";"ignorados";"feridos";"veiculos";"latitude";"longitude";"regional";"delegacia";"uop"
512815;2023-03-25;"sábado";"14:50:00";"PR";376;502,8;"PONTA GROSSA";"Desrespeitar a preferência no cruzamento";"Colisão lateral mesmo sentido";"Com Vítimas Feridas";"Pleno dia";"Decrescente";"Céu Claro";"Dupla";"Reta;Interseção de Vias";"Sim";4;0;1;0;2;2;1;4;-25,17332993;-50,10535955;"SPRF-PR";"DEL03-PR";"UOP04-DEL03-PR"
512816;2023-03-25;"sábado";"16:20:00";"RN";304;257;"SANTA MARIA";"Condutor deixou de manter distância do veículo da frente";"Colisão traseira";"Sem Vítimas";"Pleno dia";"Decrescente";"Céu Claro";"Simples";"Reta";"Sim";4;0;0;0;3;1;0;2;-5,84181423;-35,69165405;"SPRF-RN";"DEL01-RN";"UOP02-DEL01-RN"
512821;2023-03-01;"quarta-feira";"10:45:00";"ES";101;3,2;"ICONHA";"Reação tardia ou ineficiente do condutor";"Colisão traseira";"Com Vítimas Feridas";"Pleno dia";"Crescente";"Sol";"Dupla";"Curva";"Não";3;0;0;1;1;1;1;3;-20,79354;-40,811462;"SPRF-ES";"DEL03-ES";"UOP01-DEL03-ES"
512831;2023-03-25;"sábado";"18:30:00";"SP";116;514;"CAJATI";"Reação tardia ou ineficiente do condutor";"Tombamento";"Sem Vítimas";"Anoitecer";"Decrescente";"Céu Claro";"Simples";"Reta;Declive";"Não";3;0;0;0;2;1;0;3;-24,85874304;-48,21731282;"SPRF-SP";"DEL05-SP";"UOP02-DEL05-SP"
512837;2023-03-25;"sábado";"21:55:00";"RO";364;339;"JI-PARANA";"Ausência de reação do condutor";"Colisão traseira";"Com Vítimas Feridas";"Plena Noite";"Crescente";"Nublado";"Simples";"Reta";"Sim";3;0;0;1;1;2;1;4;-10,907816;-61,93017402;"SPRF-RO";"DEL02-RO";"UOP01-DEL02-RO"
512840;2023-03-25;"sábado";"14:50:00";"SC";101;25;"JOINVILLE";"Ingestão de substâncias psicoativas pelo condutor";"Colisão traseira";"Com Vítimas Feridas";"Pleno dia";"Crescente";"Céu Claro";"Dupla";"Reta";"Sim";5;0;2;0;2;2;2;5;-26,1834739;-48,9105912;"SPRF-SC";"DEL03-SC";"UOP01-DEL03-SC"
512844;2023-03-25;"sábado";"22:38:00";"CE";222;265,9;"COREAU";"Transitar na contramão";"Colisão frontal";"Sem Vítimas";"Pleno dia";"Crescente";"Nublado";"Simples";"Reta";"Não";3;0;0;0;1;3;0;4;-3,74873692;-40,69363201;"SPRF-CE";"DEL04-CE";"UOP02-DEL04-CE"
512854;2023-03-26;"domingo";"00:00:00";"PR";476;81;"BOCAIUVA DO SUL";"Velocidade Incompatível";"Tombamento";"Com Vítimas Feridas";"Plena Noite";"Decrescente";"Nublado";"Simples";"Declive;Curva";"Não";2;0;1;0;0;1;1;2;-25,119787;-49,100723;"SPRF-PR";"DEL01-PR";"UOP01-DEL01-PR"
512863;2023-03-26;"domingo";"02:00:00";"RJ";116;232;"PIRAI";"Velocidade Incompatível";"Tombamento";"Com Vítimas Feridas";"Plena Noite";"Decrescente";"Céu Claro";"Dupla";"Declive;Curva";"Não";1;0;1;0;0;0;1;1;-22,65604007;-43,83713888;"SPRF-RJ";"DEL07-RJ";"UOP01-DEL07-RJ"
512865;2023-03-26;"domingo";"02:30:00";"MS";163;833,3;"SONORA";"Transitar na contramão";"Colisão frontal";"Com Vítimas Fatais";"Plena Noite";"Crescente";"Céu Claro";"Simples";"Reta";"Não";5;3;1;0;0;1;1;3;-17,63642882;-54,74651442;"SPRF-MS";"DEL06-MS";"UOP01-DEL06-MS"
512870;2023-03-26;"domingo";"02:45:00";"MG";381;863,6;"POUSO ALEGRE";"Pedestre andava na pista";"Colisão com objeto";"Com Vítimas Feridas";"Plena Noite";"Decrescente";"Céu Claro";"Dupla";"Reta";"Não";3;0;0;1;1;1;1;3;-22,33113905;-45,91468048;"SPRF-MG";"DEL16-MG";"UOP01-DEL16-MG"
512880;2023-03-26;"domingo";"05:10:00";"MG";40;553,9;"NOVA LIMA";"Ingestão de álcool pelo condutor";"Colisão com objeto";"Com Vítimas Feridas";"Amanhecer";"Crescente";"Céu Claro";"Dupla";"Reta";"Sim";5;0;1;1;2;2;2;4;-20,06863326;-43,98194759;"SPRF-MG";"DEL01-MG";"UOP02-DEL01-MG"
512891;2023-03-25;"sábado";"09:00:00";"MT";158;673;"NOVA XAVANTINA";"Reação tardia ou ineficiente do condutor";"Colisão traseira";"Com Vítimas Feridas";"Pleno dia";"Crescente";"Céu Claro";"Simples";"Reta";"Não";4;0;1;0;2;9;1;12;-14,8274791;-52,29820424;"SPRF-MT";"DEL07-MT";"UOP01-DEL07-MT"
512892;2023-03-26;"domingo";"06:01:00";"TO";153;135;"ARAGUAINA";"Ingestão de álcool pelo condutor";"Colisão transversal";"Com Vítimas Feridas";"Amanhecer";"Crescente";"Céu Claro";"Simples";"Interseção de Vias;Reta";"Sim";4;0;2;0;1;2;2;4;-7,12896688;-48,19843215;"SPRF-TO";"DEL02-TO";"UOP01-DEL02-TO"
512899;2023-03-25;"sábado";"16:30:00";"MG";365;612;"UBERLANDIA";"Demais falhas mecânicas ou elétricas";"Saída de leito carroçável";"Com Vítimas Feridas";"Pleno dia";"Decrescente";"Céu Claro";"Simples";"Reta";"Não";2;0;1;0;0;1;1;2;-18,92793854;-48,19198317;"SPRF-MG";"DEL15-MG";"UOP01-DEL15-MG"
512906;2023-03-26;"domingo";"07:30:00";"CE";122;66,9;"CHOROZINHO";"Condutor deixou de manter distância do veículo da frente";"Colisão traseira";"Com Vítimas Feridas";"Pleno dia";"Crescente";"Nublado";"Simples";"Reta";"Sim";4;0;1;0;3;0;1;3;-4,31022806;-38,499704;"SPRF-CE";"DEL03-CE";"UOP02-DEL03-CE"
512917;2023-03-26;"domingo";"05:00:00";"RO";364;416,7;"JARU";"Acessar a via sem observar a presença dos outros veículos";"Colisão transversal";"Com Vítimas Feridas";"Plena Noite";"Crescente";"Nublado";"Simples";"Interseção de Vias;Declive";"Não";8;0;1;2;2;3;3;3;-10,497604;-62,421074;"SPRF-RO";"DEL03-RO";"UOP02-DEL03-RO"
512924;2023-03-26;"domingo";"08:40:00";"TO";153;113;"WANDERLANDIA";"Transitar na contramão";"Colisão frontal";"Com Vítimas Fatais";"Pleno dia";"Crescente";"Céu Claro";"Simples";"Reta";"Não";3;1;0;0;1;1;0;3;-6,975851;-48,09954403;"SPRF-TO";"DEL02-TO";"UOP01-DEL02-TO"
512943;2023-03-26;"domingo";"11:30:00";"MG";40;69,5;"PARACATU";"Ausência de reação do condutor";"Colisão traseira";"Sem Vítimas";"Pleno dia";"Decrescente";"Céu Claro";"Simples";"Aclive;Reta";"Não";3;0;0;0;2;2;0;4;-17,39371065;-46,73333352;"SPRF-MG";"DEL14-MG";"UOP01-DEL14-MG"
512944;2023-03-26;"domingo";"12:30:00";"GO";70;455;"ARAGARCAS";"Acessar a via sem observar a presença dos outros veículos";"Colisão traseira";"Com Vítimas Feridas";"Pleno dia";"Crescente";"Céu Claro";"Simples";"Reta";"Não";3;0;1;0;1;4;1;6;-15,91010558;-52,11000703;"SPRF-GO";"DEL04-GO";"UOP02-DEL04-GO"
512947;2023-03-26;"domingo";"13:00:00";"SC";282;71;"RANCHO QUEIMADO";"Demais falhas mecânicas ou elétricas";"Incêndio";"Sem Vítimas";"Pleno dia";"Crescente";"Céu Claro";"Simples";"Reta";"Não";2;0;0;0;1;1;0;2;-27,689093;-49,097748;"SPRF-SC";"DEL01-SC";"UOP03-DEL01-SC"
512949;2023-03-26;"domingo";"13:10:00";"MG";381;264;"TIMOTEO";"Reação tardia ou ineficiente do condutor";"Colisão traseira";"Com Vítimas Feridas";"Pleno dia";"Decrescente";"Céu Claro";"Simples";"Reta";"Sim";7;0;2;0;5;0;2;3;-19,52389212;-42,65444398;"SPRF-MG";"DEL03-MG";"UOP02-DEL03-MG"
512954;2023-03-26;"domingo";"12:30:00";"BA";116;497;"RAFAEL JAMBEIRO";"Reação tardia ou ineficiente do condutor";"Colisão lateral sentido oposto";"Com Vítimas Feridas";"Pleno dia";"Decrescente";"Chuva";"Simples";"Reta";"Não";3;0;0;1;1;3;1;5;-12,57710215;-39,50699693;"SPRF-BA";"DEL02-BA";"UOP01-DEL02-BA"
512962;2023-03-26;"domingo";"14:00:00";"MT";364;53;"ALTO GARCAS";"Ingestão de álcool pelo condutor";"Saída de leito carroçável";"Com Vítimas Feridas";"Pleno dia";"Crescente";"Céu Claro";"Simples";"Declive;Reta";"Não";1;0;1;0;0;0;1;1;-16,9750381;-53,51270028;"SPRF-MT";"DEL02-MT";"UOP02-DEL02-MT"
512967;2023-03-26;"domingo";"11:40:00";"SC";101;31,9;"JOINVILLE";"Ausência de reação do condutor";"Colisão traseira";"Com Vítimas Feridas";"Pleno dia";"Decrescente";"Céu Claro";"Múltipla";"Reta";"Não";7;0;1;1;4;2;2;5;-26,24379061;-48,91070366;"SPRF-SC";"DEL03-SC";"UOP01-DEL03-SC"
512977;2023-03-26;"domingo";"15:45:00";"MG";381;674,4;"PERDOES";"Velocidade Incompatível";"Colisão com objeto";"Com Vítimas Feridas";"Pleno dia";"Crescente";"Céu Claro";"Dupla";"Declive;Reta";"Não";3;0;1;0;1;1;1;3;-21,088228;-45,066542;"SPRF-MG";"DEL04-MG";"UOP02-DEL04-MG"
512978;2023-03-26;"domingo";"15:45:00";"RJ";40;109;"DUQUE DE CAXIAS";"Trafegar com motocicleta (ou similar) entre as faixas";"Colisão lateral mesmo sentido";"Com Vítimas Feridas";"Pleno dia";"Crescente";"Céu Claro";"Múltipla";"Reta";"Não";2;0;0;1;1;0;1;2;-22,67374628;-43,28638368;"SPRF-RJ";"DEL01-RJ";"UOP01-DEL01-RJ"
512981;2023-03-26;"domingo";"16:30:00";"SP";153;276;"OCAUCU";"Condutor deixou de manter distância do veículo da frente";"Colisão traseira";"Com Vítimas Feridas";"Pleno dia";"Decrescente";"Céu Claro";"Simples";"Reta";"Não";5;0;1;0;3;2;1;6;-22,378054;-49,86655202;"SPRF-SP";"DEL07-SP";"UOP02-DEL07-SP"
512983;2023-03-26;"domingo";"16:10:00";"MT";174;248;"PONTES E LACERDA";"Transitar na contramão";"Colisão frontal";"Com Vítimas Fatais";"Pleno dia";"Decrescente";"Céu Claro";"Simples";"Reta";"Não";10;1;1;4;2;3;5;5;-15,48797858;-59,04782395;"SPRF-MT";"DEL04-MT";"UOP01-DEL04-MT"
512985;2023-03-26;"domingo";"15:34:00";"MS";163;468,8;"CAMPO GRANDE";"Demais falhas mecânicas ou elétricas";"Derramamento de carga";"Sem Vítimas";"Pleno dia";"Decrescente";"Céu Claro";"Simples";"Reta";"Não";2;0;0;0;1;2;0;3;-20,57406377;-54,56902615;"SPRF-MS";"DEL01-MS";"UOP01-DEL01-MS"
512990;2023-03-26;"domingo";"15:30:00";"MT";364;201;"RONDONOPOLIS";"Condutor deixou de manter distância do veículo da frente";"Colisão traseira";"Com Vítimas Feridas";"Pleno dia";"Decrescente";"Céu Claro";"Dupla";"Reta";"Sim";5;0;2;0;1;3;2;5;-16,491405;-54,646378;"SPRF-MT";"DEL02-MT";"UOP01-DEL02-MT"
512996;2023-03-26;"domingo";"18:25:00";"SP";116;413;"JUQUIA";"Acumulo de água sobre o pavimento";"Tombamento";"Com Vítimas Feridas";"Plena Noite";"Crescente";"Chuva";"Dupla";"Reta";"Não";3;0;1;0;2;0;1;2;-24,33005991;-47,62299901;"SPRF-SP";"DEL05-SP";"UOP01-DEL05-SP"
512997;2023-03-26;"domingo";"18:00:00";"SC";101;105;"PENHA";"Ausência de reação do condutor";"Colisão traseira";"Sem Vítimas";"Anoitecer";"Crescente";"Céu Claro";"Dupla";"Curva";"Não";4;0;0;0;3;1;0;4;-26,80215497;-48,67891041;"SPRF-SC";"DEL03-SC";"UOP02-DEL03-SC"
513002;2023-03-26;"domingo";"07:15:00";"SC";282;301;"VARGEM";"Velocidade Incompatível";"Saída de leito carroçável";"Com Vítimas Feridas";"Pleno dia";"Decrescente";"Céu Claro";"Simples";"Declive;Curva";"Não";1;0;1;0;0;0;1;1;-27,510321;-50,922432;"SPRF-SC";"DEL07-SC";"UOP06-DEL07-SC"
513004;2023-03-26;"domingo";"19:12:00";"CE";116;481,1;"MILAGRES";"Pedestre andava na pista";"Atropelamento de Pedestre";"Com Vítimas Fatais";"Plena Noite";"Decrescente";"Chuva";"Simples";"Curva";"Sim";4;1;0;0;3;0;0;2;-7,3092073;-38,936957;"SPRF-CE";"DEL05-CE";"UOP03-DEL05-CE"
513005;2023-03-26;"domingo";"17:40:00";"BA";242;770;"BARREIRAS";"Ingestão de álcool pelo condutor";"Tombamento";"Com Vítimas Feridas";"Pleno dia";"Crescente";"Céu Claro";"Simples";"Reta";"Não";2;0;1;0;0;2;1;3;-12,16082078;-44,61975398;"SPRF-BA";"DEL10-BA";"UOP01-DEL10-BA"
513012;2023-03-26;"domingo";"16:20:00";"MG";381;316;"NOVA ERA";"Velocidade Incompatível";"Tombamento";"Com Vítimas Fatais";"Pleno dia";"Crescente";"Céu Claro";"Simples";"Declive;Curva";"Não";5;1;1;2;1;0;3;3;-19,69896406;-42,99486928;"SPRF-MG";"DEL03-MG";"UOP02-DEL03-MG"
513021;2023-03-26;"domingo";"12:05:00";"PR";116;28;"CAMPINA GRANDE DO SUL";"Reação tardia ou ineficiente do condutor";"Tombamento";"Com Vítimas Feridas";"Pleno dia";"Decrescente";"Céu Claro";"Dupla";"Curva;Aclive";"Não";2;0;1;0;0;1;1;2;-25,10670298;-48,80405799;"SPRF-PR";"DEL01-PR";"UOP02-DEL01-PR"
513027;2023-03-26;"domingo";"12:30:00";"MT";70;281;"PRIMAVERA DO LESTE";"Desrespeitar a preferência no cruzamento";"Colisão transversal";"Sem Vítimas";"Pleno dia";"Decrescente";"Céu Claro";"Simples";"Reta";"Sim";3;0;0;0;2;2;0;4;-15,56702889;-54,30512706;"SPRF-MT";"DEL05-MT";"UOP01-DEL05-MT"
513031;2023-03-26;"domingo";"19:00:00";"PR";163;18;"BOM JESUS DO SUL";"Ultrapassagem Indevida";"Colisão frontal";"Com Vítimas Feridas";"Plena Noite";"Crescente";"Céu Claro";"Simples";"Reta";"Não";5;0;1;1;1;4;2;7;-26,22568301;-53,64279395;"SPRF-PR";"DEL02-PR";"UOP02-DEL02-PR"
513037;2023-03-26;"domingo";"15:45:00";"MG";262;546;"LUZ";"Transitar na contramão";"Colisão frontal";"Com Vítimas Fatais";"Pleno dia";"Decrescente";"Céu Claro";"Simples";"Curva";"Não";3;1;0;0;1;1;0;3;-19,741224;-45,8525;"SPRF-MG";"DEL08-MG";"UOP02-DEL08-MG"
513038;2023-03-26;"domingo";"20:20:00";"RS";116;50,5;"VACARIA";"Ultrapassagem Indevida";"Colisão lateral sentido oposto";"Com Vítimas Feridas";"Plena Noite";"Crescente";"Céu Claro";"Simples";"Reta";"Não";6;0;0;1;3;3;1;6;-28,57077524;-51,01318481;"SPRF-RS";"DEL05-RS";"UOP03-DEL05-RS"
513041;2023-03-26;"domingo";"20:20:00";"SC";116;188;"SAO CRISTOVAO DO SUL";"Acessar a via sem observar a presença dos outros veículos";"Colisão lateral mesmo sentido";"Com Vítimas Feridas";"Plena Noite";"Crescente";"Céu Claro";"Simples";"Reta";"Não";2;0;1;0;0;1;1;2;-27,32965789;-50,42513021;"SPRF-SC";"DEL05-SC";"UOP03-DEL05-SC"
513045;2023-03-25;"sábado";"21:50:00";"PR";476;281;"SAO MATEUS DO SUL";"Ausência de reação do condutor";"Colisão frontal";"Com Vítimas Feridas";"Plena Noite";"Decrescente";"Nublado";"Simples";"Curva";"Sim";3;0;0;1;1;1;1;3;-25,876148;-50,425007;"SPRF-PR";"DEL02-PR";"UOP03-DEL02-PR"
513049;2023-03-26;"domingo";"21:00:00";"TO";242;376;"GURUPI";"Condutor deixou de manter distância do veículo da frente";"Colisão traseira";"Com Vítimas Feridas";"Plena Noite";"Crescente";"Céu Claro";"Simples";"Reta";"Sim";2;0;0;1;0;1;1;2;-11,73655965;-49,02925295;"SPRF-TO";"DEL01-TO";"UOP02-DEL01-TO"
513062;2023-03-26;"domingo";"23:00:00";"ES";101;297;"CARIACICA";"Ausência de reação do condutor";"Colisão lateral mesmo sentido";"Com Vítimas Feridas";"Plena Noite";"Crescente";"Céu Claro";"Dupla";"Reta";"Não";4;0;2;0;1;1;2;3;-20,34529844;-40,41026774;"SPRF-ES";"DEL01-ES";"UOP01-DEL01-ES"
513064;2023-03-26;"domingo";"17:10:00";"RJ";116;140;"DUQUE DE CAXIAS";"Ingestão de álcool pelo condutor";"Colisão com objeto";"Sem Vítimas";"Pleno dia";"Decrescente";"Céu Claro";"Múltipla";"Reta";"Não";1;0;0;0;1;0;0;1;-22,6466198;-43,21112001;"SPRF-RJ";"DEL01-RJ";"UOP01-DEL01-RJ"
513065;2023-03-26;"domingo";"22:00:00";"BA";235;96;"JEREMOABO";"Reação tardia ou ineficiente do condutor";"Colisão traseira";"Com Vítimas Fatais";"Plena Noite";"Decrescente";"Ignorado";"Simples";"Reta";"Sim";3;1;0;0;0;2;0;3;-10,06537278;-38,4785189;"SPRF-BA";"DEL07-BA";"UOP01-DEL07-BA"
513069;2023-03-26;"domingo";"21:30:00";"MG";364;31;"FRUTAL";"Transitar na contramão";"Colisão frontal";"Com Vítimas Fatais";"Plena Noite";"Decrescente";"Céu Claro";"Simples";"Reta";"Sim";2;1;0;0;1;0;0;2;-20,016308;-48,913384;"SPRF-MG";"DEL13-MG";"UOP02-DEL13-MG"
513072;2023-03-26;"domingo";"21:30:00";"MG";251;299;"SALINAS";"Acumulo de óleo sobre o pavimento";"Colisão com objeto";"Com Vítimas Feridas";"Plena Noite";"Decrescente";"Céu Claro";"Simples";"Curva;Declive";"Não";3;0;1;0;1;1;1;3;-16,12787378;-42,22597419;"SPRF-MG";"DEL12-MG";"UOP01-DEL12-MG"
513086;2023-03-26;"domingo";"17:50:00";"RS";116;336,2;"BARRA DO RIBEIRO";"Ausência de reação do condutor";"Saída de leito carroçável";"Sem Vítimas";"Pleno dia";"Decrescente";"Sol";"Dupla";"Reta";"Não";2;0;0;0;1;1;0;2;-30,42368496;-51,46767804;"SPRF-RS";"DEL02-RS";"UOP02-DEL02-RS"
513092;2023-03-27;"segunda-feira";"05:00:00";"BA";242;769;"BARREIRAS";"Velocidade Incompatível";"Colisão traseira";"Com Vítimas Feridas";"Plena Noite";"Crescente";"Céu Claro";"Simples";"Reta";"Não";5;0;0;3;0;3;3;5;-12,16145253;-44,61060097;"SPRF-BA";"DEL10-BA";"UOP01-DEL10-BA"
513109;2023-03-27;"segunda-feira";"07:30:00";"MG";146;426,9;"MUZAMBINHO";"Acessar a via sem observar a presença dos outros veículos";"Colisão transversal";"Com Vítimas Feridas";"Pleno dia";"Crescente";"Céu Claro";"Simples";"Interseção de Vias;Rotatória";"Não";4;0;1;1;2;0;2;2;-21,358428;-46,473383;"SPRF-MG";"DEL09-MG";"UOP01-DEL09-MG"
513110;2023-03-27;"segunda-feira";"06:30:00";"DF";40;5,6;"BRASILIA";"Ausência de reação do condutor";"Colisão lateral mesmo sentido";"Com Vítimas Feridas";"Pleno dia";"Decrescente";"Céu Claro";"Dupla";"Reta";"Sim";2;0;1;0;1;0;1;2;-16,020903;-47,980541;"SPRF-DF";"DEL01-DF";"UOP01-DEL01-DF"
513111;2023-03-26;"domingo";"09:44:00";"MG";153;46,9;"MONTE ALEGRE DE MINAS";"Pista esburacada";"Saída de leito carroçável";"Sem Vítimas";"Pleno dia";"Crescente";"Sol";"Dupla";"Declive;Curva";"Não";2;0;0;0;1;1;0;2;-18,79111534;-49,08445716;"SPRF-MG";"DEL15-MG";"UOP03-DEL15-MG"
513123;2023-03-26;"domingo";"17:00:00";"MT";163;993;"TERRA NOVA DO NORTE";"Ingestão de álcool pelo condutor";"Saída de leito carroçável";"Sem Vítimas";"Pleno dia";"Decrescente";"Nublado";"Simples";"Reta";"Não";2;0;0;0;1;2;0;3;-10,557927;-55,089778;"SPRF-MT";"DEL06-MT";"UOP03-DEL06-MT"
513125;2023-03-21;"terça-feira";"21:30:00";"MG";262;780,3;"UBERABA";"Ultrapassagem Indevida";"Colisão frontal";"Com Vítimas Fatais";"Plena Noite";"Crescente";"Céu Claro";"Simples";"Declive";"Não";4;2;0;0;1;3;0;5;-19,75033611;-47,76840193;"SPRF-MG";"DEL13-MG";"UOP01-DEL13-MG"
513129;2023-03-27;"segunda-feira";"08:30:00";"RS";116;268;"CANOAS";"Trafegar com motocicleta (ou similar) entre as faixas";"Colisão lateral mesmo sentido";"Com Vítimas Feridas";"Pleno dia";"Crescente";"Céu Claro";"Múltipla";"Reta";"Sim";2;0;1;0;1;0;1;2;-29,95042502;-51,17652939;"SPRF-RS";"DEL01-RS";"UOP01-DEL01-RS"
513131;2023-03-07;"terça-feira";"16:04:00";"MG";356;268,2;"MURIAE";"Ultrapassagem Indevida";"Colisão lateral sentido oposto";"Com Vítimas Feridas";"Pleno dia";"Decrescente";"Sol";"Simples";"Interseção de Vias;Aclive;Reta";"Sim";2;0;0;1;0;1;1;2;-21,12876014;-42,34786391;"SPRF-MG";"DEL07-MG";"UOP02-DEL07-MG"
513134;2023-03-27;"segunda-feira";"06:40:00";"MG";381;169,9;"GOVERNADOR VALADARES";"Velocidade Incompatível";"Engavetamento";"Com Vítimas Fatais";"Amanhecer";"Crescente";"Céu Claro";"Simples";"Ponte";"Não";19;1;9;5;3;6;14;11;-18,94590603;-42,06653422;"SPRF-MG";"DEL06-MG";"UOP01-DEL06-MG"
513137;2023-03-27;"segunda-feira";"09:10:00";"SP";153;62,5;"SAO JOSE DO RIO PRETO";"Condutor deixou de manter distância do veículo da frente";"Colisão traseira";"Com Vítimas Feridas";"Pleno dia";"Crescente";"Sol";"Dupla";"Aclive";"Sim";4;0;1;0;2;2;1;4;-20,81325404;-49,35675563;"SPRF-SP";"DEL09-SP";"UOP01-DEL09-SP"
513141;2023-03-27;"segunda-feira";"07:10:00";"SC";101;362,1;"SANGAO";"Reação tardia ou ineficiente do condutor";"Colisão traseira";"Com Vítimas Feridas";"Pleno dia";"Decrescente";"Céu Claro";"Dupla";"Reta;Aclive";"Não";3;0;1;0;1;1;1;3;-28,67727;-49,134613;"SPRF-SC";"DEL02-SC";"UOP01-DEL02-SC"
513143;2023-03-27;"segunda-feira";"08:30:00";"PR";277;616,4;"CEU AZUL";"Transitar na contramão";"Colisão lateral sentido oposto";"Com Vítimas Feridas";"Pleno dia";"Decrescente";"Céu Claro";"Simples";"Reta";"Não";7;0;2;2;1;2;4;5;-25,07429046;-53,673465;"SPRF-PR";"DEL05-PR";"UOP02-DEL05-PR"
513149;2023-03-27;"segunda-feira";"07:00:00";"RJ";393;239;"VASSOURAS";"Ultrapassagem Indevida";"Colisão lateral sentido oposto";"Com Vítimas Feridas";"Pleno dia";"Crescente";"Garoa/Chuvisco";"Simples";"Reta;Aclive";"Não";5;0;1;1;2;1;2;4;-22,40800571;-43,67023264;"SPRF-RJ";"DEL05-RJ";"UOP04-DEL05-RJ"
513151;2023-03-27;"segunda-feira";"10:00:00";"BA";324;612;"SALVADOR";"Condutor deixou de manter distância do veículo da frente";"Engavetamento";"Sem Vítimas";"Pleno dia";"Crescente";"Céu Claro";"Dupla";"Reta";"Sim";6;0;0;0;5;1;0;5;-12,84664721;-38,41741648;"SPRF-BA";"DEL01-BA";"UOP01-DEL01-BA"
513158;2023-03-27;"segunda-feira";"10:50:00";"MG";381;447,3;"SANTA LUZIA";"Velocidade Incompatível";"Tombamento";"Com Vítimas Feridas";"Pleno dia";"Crescente";"Céu Claro";"Simples";"Curva";"Sim";2;0;1;0;0;1;1;2;-19,82543027;-43,83409786;"SPRF-MG";"DEL01-MG";"UOP01-DEL01-MG"
513159;2023-03-27;"segunda-feira";"09:50:00";"PR";153;241;"TIBAGI";"Demais falhas mecânicas ou elétricas";"Tombamento";"Sem Vítimas";"Pleno dia";"Decrescente";"Céu Claro";"Simples";"Curva;Aclive";"Não";1;0;0;0;1;0;0;1;-24,7806828;-50,46413006;"SPRF-PR";"DEL03-PR";"UOP02-DEL03-PR"
513165;2023-02-12;"domingo";"10:30:00";"PR";277;133,5;"BALSA NOVA";"Condutor deixou de manter distância do veículo da frente";"Colisão traseira";"Com Vítimas Feridas";"Pleno dia";"Decrescente";"Céu Claro";"Múltipla";"Aclive;Reta";"Sim";2;0;0;1;1;0;1;2;-25,47161912;-49,67090607;"SPRF-PR";"DEL03-PR";"UOP03-DEL03-PR"
513166;2023-03-27;"segunda-feira";"08:41:00";"RJ";40;90;"PETROPOLIS";"Velocidade Incompatível";"Colisão com objeto";"Com Vítimas Feridas";"Pleno dia";"Decrescente";"Nublado";"Simples";"Aclive;Curva";"Não";3;0;2;0;1;0;2;1;-22,55542638;-43,22963476;"SPRF-RJ";"DEL06-RJ";"UOP01-DEL06-RJ"
513170;2023-03-27;"segunda-feira";"08:55:00";"GO";153;201,5;"URUACU";"Velocidade Incompatível";"Colisão transversal";"Com Vítimas Feridas";"Pleno dia";"Decrescente";"Céu Claro";"Simples";"Reta";"Sim";4;0;2;0;2;0;2;2;-14,54392;-49,161457;"SPRF-GO";"DEL07-GO";"UOP02-DEL07-GO"
513171;2023-03-27;"segunda-feira";"08:35:00";"SP";116;282;"EMBU DAS ARTES";"Ausência de reação do condutor";"Colisão traseira";"Com Vítimas Fatais";"Pleno dia";"Decrescente";"Céu Claro";"Dupla";"Reta";"Sim";4;1;0;0;2;2;0;5;-23,68570216;-46,85970975;"SPRF-SP";"DEL04-SP";"UOP01-DEL04-SP"
513172;2023-03-27;"segunda-feira";"06:45:00";"SC";116;125,6;"SANTA CECILIA";"Ausência de reação do condutor";"Tombamento";"Com Vítimas Feridas";"Pleno dia";"Decrescente";"Céu Claro";"Simples";"Declive;Curva";"Não";2;0;1;0;1;0;1;1;-26,859087;-50,40431503;"SPRF-SC";"DEL06-SC";"UOP02-DEL06-SC"
513173;2023-03-27;"segunda-feira";"11:21:00";"DF";60;4;"BRASILIA";"Condutor deixou de manter distância do veículo da frente";"Colisão traseira";"Com Vítimas Feridas";"Pleno dia";"Crescente";"Sol";"Dupla";"Reta;Declive";"Sim";3;0;1;0;1;1;1;3;-15,892721;-48,095741;"SPRF-DF";"DEL03-DF";"UOP01-DEL03-DF"
513175;2023-03-27;"segunda-feira";"11:20:00";"SC";163;69;"SAO MIGUEL DO OESTE";"Ausência de reação do condutor";"Colisão traseira";"Com Vítimas Feridas";"Pleno dia";"Decrescente";"Céu Claro";"Dupla";"Reta";"Sim";2;0;1;0;1;0;1;2;-26,73392097;-53,50798845;"SPRF-SC";"DEL07-SC";"UOP03-DEL07-SC"
513181;2023-03-27;"segunda-feira";"10:36:00";"PR";153;73,9;"CONSELHEIRO MAIRINCK";"Problema com o freio";"Incêndio";"Sem Vítimas";"Pleno dia";"Crescente";"Céu Claro";"Simples";"Reta";"Não";2;0;0;0;1;1;0;2;-23,55368048;-50,13533592;"SPRF-PR";"DEL07-PR";"UOP04-DEL07-PR"
513182;2023-03-27;"segunda-feira";"12:45:00";"GO";153;700;"ITUMBIARA";"Condutor Dormindo";"Colisão traseira";"Com Vítimas Feridas";"Pleno dia";"Decrescente";"Céu Claro";"Dupla";"Reta";"Sim";3;0;1;0;1;2;1;4;-18,3945;-49,2051;"SPRF-GO";"DEL03-GO";"UOP02-DEL03-GO"