"id";"data_inversa";"dia_semana";"horario";"uf";"br";"km";"municipio";"causa_acidente";"tipo_acidente";"classificacao_acidente";"fase_dia";"sentido_via";"condicao_metereologica";"tipo_pista";"tracado_via";"uso_solo";"pessoas";"mortos";"feridos_leves";"feridos_graves";"ilesos";"ignorados";"feridos";"veiculos";"latitude";"longitude";"regional";"delegacia";"uop"
513187;2023-03-27;"segunda-feira";"12:06:00";"DF";60;3,4;"BRASILIA";"Condutor deixou de manter distância do veículo da frente";"Colisão traseira";"Com Vítimas Feridas";"Pleno dia";"Decrescente";"Céu Claro";"Dupla";"Reta;Declive";"Sim";2;0;1;0;1;0;1;2;-15,890521;-48,086864;"SPRF-DF";"DEL03-DF";"UOP01-DEL03-DF"
513206;2023-03-26;"domingo";"00:27:00";"PE";110;226;"PETROLANDIA";"Ausência de reação do condutor";"Colisão lateral sentido oposto";"Com Vítimas Feridas";"Plena Noite";"Decrescente";"Céu Claro";"Simples";"Reta";"Não";2;0;0;1;0;1;1;2;-9,03930281;-38,25704237;"SPRF-BA";"DEL07-BA";"UOP01-DEL07-BA"
513211;2023-03-27;"segunda-feira";"15:53:00";"MG";50;0;"UBERLANDIA";"Velocidade Incompatível";"Tombamento";"Com Vítimas Feridas";"Pleno dia";"Crescente";"Céu Claro";"Dupla";"Viaduto";"Não";2;0;1;0;0;1;1;2;-18,85881831;-48,25255394;"SPRF-MG";"DEL15-MG";"UOP01-DEL15-MG"
513212;2023-01-10;"terça-feira";"17:50:00";"PR";476;224,1;"LAPA";"Velocidade Incompatível";"Colisão frontal";"Com Vítimas Fatais";"Anoitecer";"Crescente";"Chuva";"Simples";"Curva";"Não";4;1;1;0;1;3;1;6;-25,848568;-49,941429;"SPRF-PR";"DEL01-PR";"UOP06-DEL01-PR"
513214;2023-03-27;"segunda-feira";"13:45:00";"RJ";101;417;"MANGARATIBA";"Chuva";"Colisão frontal";"Com Vítimas Feridas";"Pleno dia";"Crescente";"Chuva";"Dupla";"Declive";"Não";2;0;1;0;1;0;1;2;-22,91293797;-43,89732384;"SPRF-RJ";"DEL03-RJ";"UOP02-DEL03-RJ"
513215;2023-03-09;"quinta-feira";"18:25:00";"MG";262;820;"UBERABA";"Acessar a via sem observar a presença dos outros veículos";"Colisão transversal";"Com Vítimas Feridas";"Anoitecer";"Crescente";"Céu Claro";"Dupla";"Retorno Regulamentado";"Não";2;0;1;1;0;0;2;2;-19,759923;-48,071315;"SPRF-MG";"DEL13-MG";"UOP01-DEL13-MG"
513216;2023-03-27;"segunda-feira";"15:38:00";"MG";40;511,1;"RIBEIRAO DAS NEVES";"Entrada inopinada do pedestre";"Atropelamento de Pedestre";"Com Vítimas Feridas";"Pleno dia";"Decrescente";"Céu Claro";"Dupla";"Reta";"Sim";4;0;0;1;1;2;1;3;-19,78164295;-44,11733194;"SPRF-MG";"DEL01-MG";"UOP02-DEL01-MG"
513222;2023-03-27;"segunda-feira";"17:00:00";"PR";376;399;"TIBAGI";"Manobra de mudança de faixa";"Colisão lateral mesmo sentido";"Sem Vítimas";"Pleno dia";"Crescente";"Céu Claro";"Dupla";"Curva;Aclive";"Não";3;0;0;0;2;1;0;3;-24,59258636;-50,67280728;"SPRF-PR";"DEL03-PR";"UOP02-DEL03-PR"
513248;2023-03-27;"segunda-feira";"17:50:00";"MG";146;455,5;"BOTELHOS";"Demais falhas mecânicas ou elétricas";"Capotamento";"Com Vítimas Feridas";"Anoitecer";"Decrescente";"Céu Claro";"Simples";"Reta;Aclive";"Não";2;0;0;1;0;1;1;2;-21,572286;-46,405156;"SPRF-MG";"DEL09-MG";"UOP01-DEL09-MG"
513249;2023-01-30;"segunda-feira";"14:50:00";"MG";365;776;"ITUIUTABA";"Ausência de reação do condutor";"Colisão frontal";"Com Vítimas Fatais";"Pleno dia";"Decrescente";"Nublado";"Simples";"Reta";"Não";2;1;0;0;1;0;0;2;-18,95872561;-49,67756598;"SPRF-MG";"DEL15-MG";"UOP03-DEL15-MG"
513252;2023-03-27;"segunda-feira";"18:00:00";"MT";70;517;"VARZEA GRANDE";"Condutor desrespeitou a iluminação vermelha do semáforo";"Colisão transversal";"Com Vítimas Feridas";"Anoitecer";"Crescente";"Céu Claro";"Simples";"Reta;Rotatória";"Sim";3;0;1;0;1;2;1;4;-15,70150709;-56,15953445;"SPRF-MT";"DEL01-MT";"UOP02-DEL01-MT"
513255;2023-03-27;"segunda-feira";"07:40:00";"SC";282;599;"MARAVILHA";"Condutor deixou de manter distância do veículo da frente";"Colisão traseira";"Com Vítimas Feridas";"Pleno dia";"Crescente";"Céu Claro";"Simples";"Curva";"Não";4;0;1;0;2;1;1;4;-26,820206;-53,155052;"SPRF-SC";"DEL07-SC";"UOP02-DEL07-SC"
513256;2023-03-27;"segunda-feira";"19:30:00";"MG";381;451;"SABARA";"Acessar a via sem observar a presença dos outros veículos";"Colisão lateral mesmo sentido";"Sem Vítimas";"Plena Noite";"Decrescente";"Céu Claro";"Simples";"Reta";"Sim";3;0;0;0;2;1;0;3;-19,83832024;-43,8806931;"SPRF-MG";"DEL01-MG";"UOP01-DEL01-MG"
513262;2023-03-27;"segunda-feira";"20:30:00";"PR";376;413;"TIBAGI";"Velocidade Incompatível";"Tombamento";"Com Vítimas Fatais";"Plena Noite";"Crescente";"Céu Claro";"Dupla";"Curva;Declive";"Não";2;1;0;0;0;2;0;3;-24,640083;-50,626298;"SPRF-PR";"DEL03-PR";"UOP02-DEL03-PR"
513267;2023-03-27;"segunda-feira";"14:40:00";"PR";277;484,3;"NOVA LARANJEIRAS";"Velocidade Incompatível";"Colisão com objeto";"Com Vítimas Feridas";"Pleno dia";"Decrescente";"Céu Claro";"Simples";"Curva;Declive";"Não";3;0;2;0;0;3;2;4;-25,25849087;-52,62815952;"SPRF-PR";"DEL04-PR";"UOP02-DEL04-PR"
513272;2023-03-27;"segunda-feira";"19:50:00";"RO";364;305,7;"PRESIDENTE MEDICI";"Transitar na contramão";"Colisão frontal";"Sem Vítimas";"Plena Noite";"Decrescente";"Chuva";"Simples";"Reta";"Não";2;0;0;0;2;0;0;2;-11,199493;-61,90149998;"SPRF-RO";"DEL02-RO";"UOP01-DEL02-RO"
513274;2023-03-19;"domingo";"14:00:00";"MS";163;511,4;"JARAGUARI";"Carga excessiva e/ou mal acondicionada";"Derramamento de carga";"Com Vítimas Feridas";"Pleno dia";"Decrescente";"Céu Claro";"Simples";"Reta";"Não";3;0;1;0;2;0;1;2;-20,2366678;-54,47891707;"SPRF-MS";"DEL01-MS";"UOP02-DEL01-MS"
513279;2023-03-27;"segunda-feira";"22:00:00";"MG";50;168;"UBERABA";"Obras na pista";"Colisão com objeto";"Com Vítimas Feridas";"Plena Noite";"Crescente";"Chuva";"Simples";"Desvio Temporário;Em Obras";"Sim";2;0;1;0;0;1;1;2;-19,71878606;-47,97991239;"SPRF-MG";"DEL13-MG";"UOP01-DEL13-MG"
513287;2023-03-27;"segunda-feira";"20:00:00";"PR";373;400;"CANDOI";"Ausência de reação do condutor";"Colisão traseira";"Com Vítimas Fatais";"Plena Noite";"Decrescente";"Céu Claro";"Simples";"Reta";"Sim";3;1;0;0;1;1;0;3;-25,56833681;-52,05164526;"SPRF-PR";"DEL08-PR";"UOP01-DEL08-PR"
513289;2023-03-27;"segunda-feira";"21:05:00";"MS";60;126;"CAMPO GRANDE";"Ingestão de álcool pelo condutor";"Tombamento";"Com Vítimas Feridas";"Plena Noite";"Crescente";"Céu Claro";"Simples";"Curva";"Não";2;0;1;0;0;1;1;2;-20,3737;-54,6694;"SPRF-MS";"DEL06-MS";"UOP02-DEL06-MS"
513292;2023-03-28;"terça-feira";"02:30:00";"MG";50;149,5;"UBERABA";"Condutor Dormindo";"Saída de leito carroçável";"Com Vítimas Feridas";"Plena Noite";"Crescente";"Chuva";"Dupla";"Reta";"Não";2;0;1;0;0;2;1;3;-19,55574501;-48,03471604;"SPRF-MG";"DEL13-MG";"UOP01-DEL13-MG"
513293;2023-03-28;"terça-feira";"03:30:00";"MG";40;822,5;"SIMAO PEREIRA";"Ausência de reação do condutor";"Colisão traseira";"Com Vítimas Feridas";"Plena Noite";"Decrescente";"Ignorado";"Dupla";"Reta;Aclive";"Não";3;0;1;0;1;2;1;4;-21,95323782;-43,3008627;"SPRF-MG";"DEL05-MG";"UOP01-DEL05-MG"
513295;2023-03-28;"terça-feira";"02:28:00";"MS";158;164,7;"APARECIDA DO TABOADO";"Demais falhas mecânicas ou elétricas";"Incêndio";"Sem Vítimas";"Plena Noite";"Decrescente";"Céu Claro";"Simples";"Reta";"Não";2;0;0;0;1;2;0;3;-20,20017295;-51,24612115;"SPRF-MS";"DEL08-MS";"UOP01-DEL08-MS"
513296;2023-03-28;"terça-feira";"05:30:00";"MG";251;490,2;"FRANCISCO SA";"Condutor Dormindo";"Colisão frontal";"Com Vítimas Feridas";"Amanhecer";"Decrescente";"Nublado";"Simples";"Reta";"Não";4;0;1;1;1;2;2;4;-16,53065068;-43,5834233;"SPRF-MG";"DEL12-MG";"UOP01-DEL12-MG"
513300;2023-03-28;"terça-feira";"04:50:00";"MG";50;168,6;"UBERABA";"Reação tardia ou ineficiente do condutor";"Colisão com objeto";"Com Vítimas Feridas";"Amanhecer";"Crescente";"Nublado";"Dupla";"Reta;Desvio Temporário;Em Obras";"Sim";2;0;1;0;0;1;1;2;-19,71878606;-47,97991239;"SPRF-MG";"DEL13-MG";"UOP01-DEL13-MG"
513304;2023-03-28;"terça-feira";"05:55:00";"PR";116;86;"PIRAQUARA";"Curva acentuada";"Colisão com objeto";"Com Vítimas Feridas";"Amanhecer";"Crescente";"Céu Claro";"Dupla";"Curva";"Não";3;0;2;0;0;1;2;2;-25,45962728;-49,08833027;"SPRF-PR";"DEL01-PR";"UOP07-DEL01-PR"
513315;2023-03-28;"terça-feira";"02:40:00";"MG";381;531;"ITATIAIUCU";"Transitar na contramão";"Colisão frontal";"Com Vítimas Fatais";"Plena Noite";"Crescente";"Nevoeiro/Neblina";"Dupla";"Curva";"Não";4;1;0;0;2;11;0;14;-20,18182886;-44,37895835;"SPRF-MG";"DEL04-MG";"UOP03-DEL04-MG"
513321;2023-03-28;"terça-feira";"07:17:00";"SC";116;222;"CORREIA PINTO";"Acessar a via sem observar a presença dos outros veículos";"Colisão lateral mesmo sentido";"Sem Vítimas";"Pleno dia";"Decrescente";"Céu Claro";"Simples";"Reta";"Não";4;0;0;0;3;2;0;4;-27,59523116;-50,35862446;"SPRF-SC";"DEL05-SC";"UOP03-DEL05-SC"
513327;2023-03-28;"terça-feira";"05:00:00";"SC";282;444,1;"PONTE SERRADA";"Acessar a via sem observar a presença dos outros veículos";"Colisão lateral sentido oposto";"Com Vítimas Feridas";"Plena Noite";"Decrescente";"Céu Claro";"Simples";"Reta";"Não";3;0;1;0;1;1;1;3;-26,915865;-51,901859;"SPRF-SC";"DEL07-SC";"UOP04-DEL07-SC"
513330;2023-03-28;"terça-feira";"07:30:00";"RJ";116;262;"PINHEIRAL";"Ausência de sinalização";"Colisão traseira";"Com Vítimas Feridas";"Amanhecer";"Decrescente";"Céu Claro";"Dupla";"Declive";"Não";3;0;1;0;1;1;1;3;-22,5876092;-44,05945791;"SPRF-RJ";"DEL07-RJ";"UOP02-DEL07-RJ"
513331;2023-03-28;"terça-feira";"06:40:00";"MT";163;711;"SORRISO";"Acessar a via sem observar a presença dos outros veículos";"Colisão transversal";"Com Vítimas Feridas";"Pleno dia";"Decrescente";"Céu Claro";"Simples";"Reta";"Não";3;0;1;0;1;1;1;3;-12,88322385;-55,84138155;"SPRF-MT";"DEL06-MT";"UOP01-DEL06-MT"
513338;2023-03-28;"terça-feira";"08:49:00";"BA";324;623;"SALVADOR";"Manobra de mudança de faixa";"Colisão lateral mesmo sentido";"Com Vítimas Feridas";"Pleno dia";"Crescente";"Chuva";"Dupla";"Reta";"Sim";2;0;1;0;1;0;1;2;-12,92628699;-38,46838679;"SPRF-BA";"DEL01-BA";"UOP01-DEL01-BA"
513339;2023-03-28;"terça-feira";"09:00:00";"RJ";493;22;"MAGE";"Reação tardia ou ineficiente do condutor";"Colisão transversal";"Com Vítimas Fatais";"Pleno dia";"Crescente";"Céu Claro";"Simples";"Reta";"Não";6;1;1;0;1;3;1;4;-22,658769;-43,05553;"SPRF-RJ";"DEL04-RJ";"UOP02-DEL04-RJ"
513340;2023-01-13;"sexta-feira";"01:15:00";"PE";232;183,1;"BELO JARDIM";"Ingestão de álcool pelo condutor";"Colisão lateral sentido oposto";"Com Vítimas Feridas";"Plena Noite";"Decrescente";"Céu Claro";"Simples";"Reta";"Não";2;0;1;0;1;0;1;2;-8,34981605;-36,45554399;"SPRF-PE";"DEL03-PE";"UOP02-DEL03-PE"
513353;2023-03-28;"terça-feira";"12:10:00";"RS";116;254;"SAPUCAIA DO SUL";"Frear bruscamente";"Engavetamento";"Com Vítimas Feridas";"Pleno dia";"Decrescente";"Céu Claro";"Dupla";"Reta";"Sim";5;0;2;1;2;0;3;4;-29,82654797;-51,17241311;"SPRF-RS";"DEL01-RS";"UOP02-DEL01-RS"
513355;2023-03-28;"terça-feira";"10:00:00";"GO";158;80;"PIRANHAS";"Reação tardia ou ineficiente do condutor";"Colisão traseira";"Com Vítimas Feridas";"Pleno dia";"Decrescente";"Céu Claro";"Simples";"Reta";"Não";3;0;0;1;1;2;1;4;-16,37652744;-51,87131006;"SPRF-GO";"DEL04-GO";"UOP02-DEL04-GO"
513356;2023-03-28;"terça-feira";"12:15:00";"RJ";40;7;"COMENDADOR LEVY GASPARIAN";"Velocidade Incompatível";"Tombamento";"Com Vítimas Feridas";"Pleno dia";"Decrescente";"Céu Claro";"Dupla";"Curva";"Não";1;0;1;0;0;0;1;1;-22,03172956;-43,2244336;"SPRF-RJ";"DEL05-RJ";"UOP02-DEL05-RJ"
513361;2023-03-28;"terça-feira";"10:20:00";"RS";392;348;"SANTA MARIA";"Reação tardia ou ineficiente do condutor";"Tombamento";"Com Vítimas Feridas";"Pleno dia";"Crescente";"Céu Claro";"Simples";"Reta";"Não";3;0;1;0;1;1;1;3;-29,75217604;-53,78995299;"SPRF-RS";"DEL09-RS";"UOP01-DEL09-RS"
513364;2023-03-28;"terça-feira";"11:24:00";"MA";10;278;"IMPERATRIZ";"Transitar na contramão";"Colisão frontal";"Com Vítimas Feridas";"Pleno dia";"Decrescente";"Garoa/Chuvisco";"Simples";"Reta";"Não";3;0;0;1;1;3;1;5;-5,303832;-47,497295;"SPRF-MA";"DEL04-MA";"UOP01-DEL04-MA"
513365;2023-01-17;"terça-feira";"20:00:00";"PA";163;402;"ITAITUBA";"Curva acentuada";"Tombamento";"Com Vítimas Feridas";"Plena Noite";"Decrescente";"Garoa/Chuvisco";"Simples";"Curva";"Não";2;0;1;0;0;1;1;2;-6,28076292;-55,59574744;"SPRF-PA";"DEL05-PA";"UOP01-DEL05-PA"
513372;2023-03-28;"terça-feira";"13:30:00";"PR";376;143;"PRESIDENTE CASTELO BRANCO";"Manobra de mudança de faixa";"Saída de leito carroçável";"Com Vítimas Feridas";"Pleno dia";"Crescente";"Céu Claro";"Dupla";"Reta";"Não";2;0;1;0;1;0;1;2;-23,26518298;-52,16200896;"SPRF-PR";"DEL09-PR";"UOP02-DEL09-PR"
513376;2023-03-28;"terça-feira";"14:00:00";"PE";232;54;"POMBOS";"Acessar a via sem observar a presença dos outros veículos";"Colisão lateral mesmo sentido";"Com Vítimas Feridas";"Pleno dia";"Crescente";"Sol";"Dupla";"Reta";"Não";3;0;1;0;2;0;1;2;-8,12919504;-35,35716398;"SPRF-PE";"DEL02-PE";"UOP02-DEL02PE"
513378;2023-03-28;"terça-feira";"09:00:00";"MG";262;461,4;"ARAUJOS";"Ultrapassagem Indevida";"Colisão lateral mesmo sentido";"Com Vítimas Feridas";"Pleno dia";"Crescente";"Sol";"Simples";"Reta";"Não";4;0;1;0;2;1;1;3;-19,80736773;-45,12359619;"SPRF-MG";"DEL08-MG";"UOP03-DEL08-MG"
513379;2023-03-28;"terça-feira";"14:25:00";"RS";101;5;"TORRES";"Acessar a via sem observar a presença dos outros veículos";"Colisão traseira";"Com Vítimas Feridas";"Pleno dia";"Decrescente";"Sol";"Dupla";"Curva";"Sim";6;0;1;0;3;3;1;6;-29,34105776;-49,78584432;"SPRF-RS";"DEL03-RS";"UOP02-DEL03-RS"
513381;2023-03-28;"terça-feira";"11:40:00";"GO";153;297,2;"RIALMA";"Demais falhas mecânicas ou elétricas";"Incêndio";"Sem Vítimas";"Pleno dia";"Decrescente";"Céu Claro";"Simples";"Declive;Curva";"Não";2;0;0;0;1;2;0;3;-15,262218;-49,547047;"SPRF-GO";"DEL02-GO";"UOP02-DEL02-GO"
513382;2023-01-07;"sábado";"16:05:00";"MT";163;602;"NOVA MUTUM";"Sinalização mal posicionada";"Colisão transversal";"Com Vítimas Feridas";"Pleno dia";"Decrescente";"Céu Claro";"Simples";"Rotatória";"Não";4;0;0;1;2;1;1;4;-13,89007603;-56,08964479;"SPRF-MT";"DEL01-MT";"UOP01-DEL01-MT"
513390;2023-03-28;"terça-feira";"10:25:00";"MG";116;130;"ITAOBIM";"Reação tardia ou ineficiente do condutor";"Colisão com objeto";"Sem Vítimas";"Pleno dia";"Decrescente";"Sol";"Simples";"Aclive;Reta";"Não";3;0;0;0;1;2;0;3;-16,68916598;-41,50109083;"SPRF-MG";"DEL11-MG";"UOP02-DEL11-MG"
513394;2023-03-28;"terça-feira";"13:15:00";"SC";282;424,9;"VARGEM BONITA";"Reação tardia ou ineficiente do condutor";"Colisão frontal";"Com Vítimas Fatais";"Pleno dia";"Decrescente";"Sol";"Simples";"Declive;Curva";"Não";4;1;0;0;2;1;0;3;-26,9887269;-51,7533025;"SPRF-SC";"DEL07-SC";"UOP05-DEL07-SC"
513395;2023-03-28;"terça-feira";"14:35:00";"PR";376;596;"CURITIBA";"Reação tardia ou ineficiente do condutor";"Colisão traseira";"Com Vítimas Feridas";"Pleno dia";"Decrescente";"Céu Claro";"Dupla";"Reta";"Não";3;0;1;0;1;5;1;7;-25,50194708;-49,3415524;"SPRF-PR";"DEL01-PR";"UOP06-DEL01-PR"
513402;2023-03-28;"terça-feira";"13:59:00";"MT";163;841;"SINOP";"Reação tardia ou ineficiente do condutor";"Colisão transversal";"Com Vítimas Feridas";"Pleno dia";"Crescente";"Céu Claro";"Simples";"Reta";"Sim";4;0;1;0;2;2;1;4;-11,805018;-55,480584;"SPRF-MT";"DEL06-MT";"UOP02-DEL06-MT"
513406;2023-03-28;"terça-feira";"15:40:00";"MG";153;188;"FRUTAL";"Reação tardia ou ineficiente do condutor";"Tombamento";"Com Vítimas Feridas";"Pleno dia";"Crescente";"Céu Claro";"Simples";"Reta";"Não";2;0;1;0;0;1;1;2;-19,92355905;-48,95950712;"SPRF-MG";"DEL13-MG";"UOP02-DEL13-MG"
513407;2023-03-28;"terça-feira";"13:25:00";"SC";282;518,6;"XAXIM";"Reação tardia ou ineficiente do condutor";"Colisão lateral mesmo sentido";"Sem Vítimas";"Pleno dia";"Decrescente";"Céu Claro";"Simples";"Reta";"Não";3;0;0;0;2;2;0;4;-26,94510268;-52,51107574;"SPRF-SC";"DEL07-SC";"UOP01-DEL07-SC"
513409;2023-03-28;"terça-feira";"12:30:00";"GO";153;82;"PORANGATU";"Reação tardia ou ineficiente do condutor";"Colisão traseira";"Com Vítimas Fatais";"Pleno dia";"Decrescente";"Céu Claro";"Simples";"Reta";"Não";3;1;0;0;1;1;0;3;-13,542865;-49,104237;"SPRF-GO";"DEL07-GO";"UOP01-DEL07-GO"
513428;2023-03-28;"terça-feira";"13:40:00";"MT";364;68;"ALTO GARCAS";"Avarias e/ou desgaste excessivo no pneu";"Colisão traseira";"Sem Vítimas";"Pleno dia";"Decrescente";"Nublado";"Simples";"Reta";"Não";3;0;0;0;1;2;0;3;-16,91758296;-53,61702334;"SPRF-MT";"DEL02-MT";"UOP02-DEL02-MT"
513435;2023-03-28;"terça-feira";"16:00:00";"MS";60;515,8;"NIOAQUE";"Problema com o freio";"Colisão com objeto";"Com Vítimas Feridas";"Pleno dia";"Crescente";"Céu Claro";"Dupla";"Curva;Declive";"Não";2;0;1;0;0;1;1;2;-21,17732695;-55,628235;"SPRF-MS";"DEL05-MS";"UOP01-DEL05-MS"
513436;2023-03-28;"terça-feira";"17:10:00";"RJ";116;117;"DUQUE DE CAXIAS";"Manobra de mudança de faixa";"Colisão lateral mesmo sentido";"Com Vítimas Feridas";"Anoitecer";"Decrescente";"Nublado";"Múltipla";"Reta";"Sim";3;0;1;0;1;1;1;3;-22,7510122;-43,28737092;"SPRF-RJ";"DEL04-RJ";"UOP02-DEL04-RJ"
513437;2023-03-28;"terça-feira";"19:30:00";"SP";153;311,9;"SAO PEDRO DO TURVO";"Acesso irregular";"Tombamento";"Com Vítimas Feridas";"Plena Noite";"Crescente";"Céu Claro";"Simples";"Reta";"Não";2;0;1;0;0;1;1;2;-22,677443;-49,88958268;"SPRF-SP";"DEL07-SP";"UOP03-DEL07-SP"
513441;2023-03-28;"terça-feira";"17:00:00";"PR";376;491;"PONTA GROSSA";"Problema com o freio";"Colisão com objeto";"Com Vítimas Feridas";"Pleno dia";"Crescente";"Nublado";"Dupla";"Reta;Declive";"Sim";2;0;1;0;0;1;1;2;-25,10810372;-50,19137615;"SPRF-PR";"DEL03-PR";"UOP04-DEL03-PR"
513451;2023-03-28;"terça-feira";"20:50:00";"RS";290;116,6;"ELDORADO DO SUL";"Demais falhas mecânicas ou elétricas";"Incêndio";"Sem Vítimas";"Plena Noite";"Decrescente";"Céu Claro";"Simples";"Reta";"Não";1;0;0;0;1;0;0;1;-30,046543;-51,367748;"SPRF-RS";"DEL02-RS";"UOP01-DEL02-RS"
513452;2023-03-28;"terça-feira";"20:44:00";"MG";50;118,3;"UBERABA";"Acessar a via sem observar a presença dos outros veículos";"Colisão traseira";"Com Vítimas Feridas";"Plena Noite";"Decrescente";"Céu Claro";"Dupla";"Retorno Regulamentado;Reta";"Não";4;0;0;1;1;3;1;5;-19,29129791;-48,11741979;"SPRF-MG";"DEL13-MG";"UOP01-DEL13-MG"
513457;2023-03-28;"terça-feira";"22:50:00";"ES";101;450;"MIMOSO DO SUL";"Velocidade Incompatível";"Tombamento";"Com Vítimas Feridas";"Plena Noite";"Decrescente";"Céu Claro";"Dupla";"Curva";"Não";2;0;0;1;0;1;1;2;-21,14473102;-41,27036927;"SPRF-ES";"DEL03-ES";"UOP02-DEL03-ES"
513463;2023-03-28;"terça-feira";"18:35:00";"MT";364;151;"PEDRA PRETA";"Demais falhas mecânicas ou elétricas";"Incêndio";"Sem Vítimas";"Anoitecer";"Crescente";"Céu Claro";"Simples";"Reta";"Não";2;0;0;0;1;1;0;2;-16,78856215;-54,21603106;"SPRF-MT";"DEL02-MT";"UOP01-DEL02-MT"
513464;2023-03-28;"terça-feira";"23:50:00";"MG";116;710,3;"MURIAE";"Ausência de reação do condutor";"Colisão com objeto";"Com Vítimas Feridas";"Plena Noite";"Decrescente";"Céu Claro";"Simples";"Declive;Curva";"Não";1;0;1;0;0;0;1;1;-21,17559299;-42,37196176;"SPRF-MG";"DEL07-MG";"UOP02-DEL07-MG"
513466;2023-03-29;"quarta-feira";"00:15:00";"SC";470;69,8;"INDAIAL";"Ultrapassagem Indevida";"Colisão lateral mesmo sentido";"Sem Vítimas";"Plena Noite";"Crescente";"Nublado";"Simples";"Reta;Em Obras";"Sim";2;0;0;0;1;1;0;2;-26,883745;-49,246704;"SPRF-SC";"DEL04-SC";"UOP01-DEL04-SC"
513468;2023-03-29;"quarta-feira";"03:10:00";"SP";116;207;"GUARULHOS";"Reação tardia ou ineficiente do condutor";"Colisão traseira";"Com Vítimas Feridas";"Plena Noite";"Decrescente";"Vento";"Múltipla";"Reta";"Sim";3;0;2;0;0;1;2;2;-23,41972188;-46,38419203;"SPRF-SP";"DEL01-SP";"UOP01-DEL01-SP"
513469;2023-03-29;"quarta-feira";"03:30:00";"MG";381;837,2;"SAO SEBASTIAO DA BELA VISTA";"Demais falhas mecânicas ou elétricas";"Incêndio";"Sem Vítimas";"Pleno dia";"Crescente";"Nublado";"Dupla";"Reta;Aclive";"Não";3;0;0;0;2;1;0;2;-22,18544691;-45,84411022;"SPRF-MG";"DEL16-MG";"UOP01-DEL16-MG"
513475;2023-03-29;"quarta-feira";"06:30:00";"RS";285;479,6;"CORONEL BARROS";"Condutor Dormindo";"Saída de leito carroçável";"Com Vítimas Feridas";"Amanhecer";"Decrescente";"Céu Claro";"Simples";"Aclive;Reta";"Não";1;0;0;1;0;0;1;1;-28,381256;-54,091888;"SPRF-RS";"DEL10-RS";"UOP01-DEL10-RS"
513478;2023-03-29;"quarta-feira";"05:30:00";"ES";101;425,9;"ATILIO VIVACQUA";"Condutor Dormindo";"Saída de leito carroçável";"Com Vítimas Feridas";"Amanhecer";"Crescente";"Céu Claro";"Simples";"Reta";"Não";2;0;0;1;0;1;1;2;-21,00134102;-41,13196798;"SPRF-ES";"DEL03-ES";"UOP02-DEL03-ES"
513481;2023-03-29;"quarta-feira";"06:35:00";"PE";428;149,3;"PETROLINA";"Condutor Dormindo";"Colisão frontal";"Com Vítimas Feridas";"Pleno dia";"Crescente";"Céu Claro";"Simples";"Reta";"Não";3;0;1;0;1;2;1;4;-9,06224329;-40,30675951;"SPRF-PE";"DEL06-PE";"UOP01-DEL06-PE"
513484;2023-03-29;"quarta-feira";"06:00:00";"PR";373;215,9;"IMBITUVA";"Ausência de reação do condutor";"Colisão frontal";"Com Vítimas Feridas";"Amanhecer";"Decrescente";"Céu Claro";"Simples";"Reta";"Não";5;0;1;2;1;2;3;4;-25,154983;-50,533946;"SPRF-PR";"DEL03-PR";"UOP01-DEL03-PR"
513487;2023-03-29;"quarta-feira";"07:30:00";"PR";369;168;"ROLANDIA";"Trafegar com motocicleta (ou similar) entre as faixas";"Colisão lateral mesmo sentido";"Com Vítimas Feridas";"Pleno dia";"Decrescente";"Céu Claro";"Dupla";"Reta";"Não";3;0;1;0;1;1;1;3;-23,30211206;-51,33234143;"SPRF-PR";"DEL07-PR";"UOP01-DEL07-PR"
513493;2023-03-04;"sábado";"12:45:00";"MG";381;331;"NOVA ERA";"Reação tardia ou ineficiente do condutor";"Tombamento";"Com Vítimas Fatais";"Pleno dia";"Decrescente";"Sol";"Dupla";"Curva;Declive";"Sim";4;1;0;2;0;2;2;3;-19,79418323;-43,05545733;"SPRF-MG";"DEL03-MG";"UOP01-DEL03-MG"
513500;2023-03-29;"quarta-feira";"08:00:00";"PB";230;64;"SAO MIGUEL DE TAIPU";"Ausência de reação do condutor";"Saída de leito carroçável";"Sem Vítimas";"Pleno dia";"Decrescente";"Chuva";"Dupla";"Curva";"Não";2;0;0;0;1;1;0;2;-7,1944;-35,1754;"SPRF-PB";"DEL01-PB";"UOP03-DEL01-PB"
513503;2023-03-14;"terça-feira";"20:30:00";"MA";226;474;"SITIO NOVO";"Manobra de mudança de faixa";"Colisão traseira";"Com Vítimas Fatais";"Plena Noite";"Decrescente";"Chuva";"Simples";"Declive;Reta";"Não";4;1;1;0;1;1;1;3;-6,03804802;-46,589816;"SPRF-MA";"DEL04-MA";"UOP02-DEL04-MA"
513504;2023-03-29;"quarta-feira";"09:20:00";"PE";101;37;"IGARASSU";"Reação tardia ou ineficiente do condutor";"Colisão traseira";"Com Vítimas Feridas";"Pleno dia";"Decrescente";"Chuva";"Dupla";"Reta";"Não";3;0;1;0;1;1;1;3;-7,79726705;-34,9274932;"SPRF-PE";"DEL01-PE";"UOP02-DEL01-PE"
513505;2023-03-25;"sábado";"15:30:00";"SC";101;46;"JOINVILLE";"Ingestão de substâncias psicoativas pelo condutor";"Colisão traseira";"Com Vítimas Feridas";"Pleno dia";"Crescente";"Céu Claro";"Dupla";"Curva";"Sim";4;0;2;0;1;4;2;6;-26,33150083;-48,86187762;"SPRF-SC";"DEL03-SC";"UOP01-DEL03-SC"