"id";"data_inversa";"dia_semana";"horario";"uf";"br";"km";"municipio";"causa_acidente";"tipo_acidente";"classificacao_acidente";"fase_dia";"sentido_via";"condicao_metereologica";"tipo_pista";"tracado_via";"uso_solo";"pessoas";"mortos";"feridos_leves";"feridos_graves";"ilesos";"ignorados";"feridos";"veiculos";"latitude";"longitude";"regional";"delegacia";"uop"
514137;2023-04-01;"sábado";"10:00:00";"PA";155;319;"MARABA";"Pista esburacada";"Saída de leito carroçável";"Sem Vítimas";"Pleno dia";"Decrescente";"Céu Claro";"Simples";"Reta";"Não";4;0;0;0;2;2;0;4;-5,5837759;-49,07882552;"SPRF-PA";"DEL03-PA";"UOP01-DEL03-PA"
514141;2023-04-01;"sábado";"12:20:00";"RS";468;84,2;"CAMPO NOVO";"Ausência de reação do condutor";"Colisão lateral mesmo sentido";"Com Vítimas Feridas";"Pleno dia";"Decrescente";"Céu Claro";"Simples";"Curva";"Não";4;0;2;0;1;1;2;3;-27,62540609;-53,85833615;"SPRF-RS";"DEL08-RS";"UOP02-DEL08-RS"
514147;2023-04-01;"sábado";"11:30:00";"PR";116;96,9;"SAO JOSE DOS PINHAIS";"Ausência de reação do condutor";"Colisão com objeto";"Sem Vítimas";"Pleno dia";"Crescente";"Céu Claro";"Múltipla";"Reta";"Sim";5;0;0;0;1;6;0;5;-25,504848;-49,123226;"SPRF-PR";"DEL01-PR";"UOP07-DEL01-PR"
514152;2023-04-01;"sábado";"08:55:00";"BA";101;288,4;"LAJE";"Reação tardia ou ineficiente do condutor";"Colisão traseira";"Sem Vítimas";"Pleno dia";"Crescente";"Céu Claro";"Simples";"Curva;Declive";"Sim";2;0;0;0;1;1;0;2;-13,17050618;-39,31451082;"SPRF-BA";"DEL01-BA";"UOP02-DEL01-BA"
514153;2023-04-01;"sábado";"14:30:00";"MG";262;368;"JUATUBA";"Velocidade Incompatível";"Tombamento";"Com Vítimas Feridas";"Pleno dia";"Crescente";"Sol";"Dupla";"Curva";"Não";2;0;1;1;0;0;2;1;-19,96044136;-44,33773041;"SPRF-MG";"DEL01-MG";"UOP03-DEL01-MG"
514154;2023-04-01;"sábado";"16:00:00";"BA";101;444;"UBAITABA";"Acessar a via sem observar a presença dos outros veículos";"Colisão transversal";"Com Vítimas Feridas";"Pleno dia";"Crescente";"Sol";"Simples";"Interseção de Vias";"Não";2;0;0;1;1;0;1;2;-14,30813386;-39,32245016;"SPRF-BA";"DEL05-BA";"UOP01-DEL05-BA"
514158;2023-04-01;"sábado";"16:30:00";"SC";470;58;"BLUMENAU";"Ausência de reação do condutor";"Colisão traseira";"Com Vítimas Feridas";"Pleno dia";"Crescente";"Sol";"Simples";"Reta;Ponte";"Não";4;0;1;1;1;1;2;3;-26,883879;-49,145622;"SPRF-SC";"DEL04-SC";"UOP01-DEL04-SC"
514159;2023-04-01;"sábado";"12:00:00";"MT";158;551;"AGUA BOA";"Reação tardia ou ineficiente do condutor";"Saída de leito carroçável";"Com Vítimas Feridas";"Pleno dia";"Crescente";"Céu Claro";"Simples";"Reta;Aclive";"Não";2;0;1;0;0;1;1;2;-13,91987321;-52,09374055;"SPRF-MT";"DEL07-MT";"UOP02-DEL07-MT"
514166;2023-04-01;"sábado";"16:35:00";"RS";386;235,5;"SOLEDADE";"Reação tardia ou ineficiente do condutor";"Tombamento";"Com Vítimas Feridas";"Pleno dia";"Decrescente";"Céu Claro";"Simples";"Curva";"Não";2;0;1;0;1;0;1;2;-28,730202;-52,55508;"SPRF-RS";"DEL04-RS";"UOP03-DEL04-RS"
514167;2023-04-01;"sábado";"15:17:00";"PB";230;26;"JOAO PESSOA";"Ausência de reação do condutor";"Colisão traseira";"Sem Vítimas";"Pleno dia";"Crescente";"Sol";"Dupla";"Declive;Reta";"Não";2;0;0;0;2;0;0;2;-7,1693;-34,8782;"SPRF-PB";"DEL01-PB";"UOP01-DEL01-PB"
514170;2023-04-01;"sábado";"11:40:00";"RS";285;271;"MATO CASTELHANO";"Reação tardia ou ineficiente do condutor";"Colisão lateral mesmo sentido";"Com Vítimas Feridas";"Pleno dia";"Decrescente";"Céu Claro";"Simples";"Declive;Reta";"Não";3;0;1;0;1;1;1;3;-28,282991;-52,177471;"SPRF-RS";"DEL08-RS";"UOP03-DEL08-RS"
514176;2023-04-01;"sábado";"14:30:00";"BA";101;48;"ENTRE RIOS";"Demais falhas mecânicas ou elétricas";"Capotamento";"Com Vítimas Feridas";"Pleno dia";"Decrescente";"Céu Claro";"Dupla";"Aclive;Curva";"Não";3;0;2;0;0;1;2;2;-11,92647779;-38,04977417;"SPRF-SE";"DEL02-SE";"UOP03-DEL02-SE"
514184;2023-04-01;"sábado";"16:40:00";"PB";230;155,4;"CAMPINA GRANDE";"Acessar a via sem observar a presença dos outros veículos";"Colisão transversal";"Com Vítimas Feridas";"Pleno dia";"Decrescente";"Céu Claro";"Simples";"Reta;Retorno Regulamentado";"Sim";2;0;0;1;1;0;1;2;-7,27560762;-35,90394551;"SPRF-PB";"DEL02-PB";"UOP01-DEL02-PB"
514185;2023-04-01;"sábado";"18:30:00";"ES";101;214;"IBIRACU";"Acessar a via sem observar a presença dos outros veículos";"Colisão transversal";"Com Vítimas Feridas";"Plena Noite";"Crescente";"Céu Claro";"Simples";"Interseção de Vias";"Não";5;0;1;0;3;2;1;5;-19,82999127;-40,37211181;"SPRF-ES";"DEL02-ES";"UOP01-DEL02-ES"
514187;2023-04-01;"sábado";"18:45:00";"CE";222;218,7;"SOBRAL";"Transitar na contramão";"Colisão frontal";"Com Vítimas Fatais";"Plena Noite";"Decrescente";"Chuva";"Simples";"Reta";"Não";3;1;0;0;1;1;0;3;-3,74992395;-40,30821493;"SPRF-CE";"DEL04-CE";"UOP01-DEL04-CE"
514188;2023-04-01;"sábado";"15:00:00";"PR";163;183,8;"SANTA TEREZA DO OESTE";"Avarias e/ou desgaste excessivo no pneu";"Saída de leito carroçável";"Com Vítimas Feridas";"Pleno dia";"Crescente";"Céu Claro";"Dupla";"Curva";"Não";4;0;2;1;0;1;3;2;-25,15061891;-53,59355915;"SPRF-PR";"DEL05-PR";"UOP05-DEL05-PR"
514193;2023-04-01;"sábado";"11:55:00";"MG";251;254;"CURRAL DE DENTRO";"Reação tardia ou ineficiente do condutor";"Saída de leito carroçável";"Com Vítimas Feridas";"Pleno dia";"Decrescente";"Sol";"Simples";"Curva";"Não";1;0;1;0;0;0;1;1;-15,98936;-41,867539;"SPRF-MG";"DEL12-MG";"UOP01-DEL12-MG"
514194;2023-04-01;"sábado";"16:28:00";"GO";50;155,1;"CAMPO ALEGRE DE GOIAS";"Ingestão de álcool pelo condutor";"Saída de leito carroçável";"Com Vítimas Feridas";"Pleno dia";"Crescente";"Céu Claro";"Dupla";"Reta";"Não";2;0;1;0;0;1;1;2;-17,2132;-47,749;"SPRF-GO";"DEL06-GO";"UOP01-DEL06-GO"
514197;2023-04-01;"sábado";"19:07:00";"ES";101;131;"LINHARES";"Reação tardia ou ineficiente do condutor";"Colisão frontal";"Com Vítimas Fatais";"Plena Noite";"Crescente";"Céu Claro";"Simples";"Reta;Aclive";"Não";4;1;0;2;1;0;2;3;-19,24175;-40,091362;"SPRF-ES";"DEL04-ES";"UOP01-DEL04-ES"
514199;2023-04-01;"sábado";"15:16:00";"BA";135;186;"BARREIRAS";"Condutor deixou de manter distância do veículo da frente";"Queda de ocupante de veículo";"Com Vítimas Feridas";"Pleno dia";"Decrescente";"Céu Claro";"Simples";"Reta";"Não";2;0;1;0;1;0;1;2;-12,20181807;-45,01487075;"SPRF-BA";"DEL08-BA";"UOP04-DEL08-BA"
514203;2023-04-01;"sábado";"15:30:00";"RO";364;259;"CACOAL";"Ausência de reação do condutor";"Saída de leito carroçável";"Com Vítimas Feridas";"Pleno dia";"Crescente";"Nublado";"Simples";"Reta";"Não";1;0;1;0;0;0;1;1;-11,42476401;-61,63834202;"SPRF-RO";"DEL02-RO";"UOP02-DEL02-RO"
514205;2023-04-01;"sábado";"15:00:00";"SC";101;148;"ITAPEMA";"Ausência de reação do condutor";"Colisão traseira";"Com Vítimas Feridas";"Pleno dia";"Decrescente";"Céu Claro";"Dupla";"Reta";"Não";4;0;1;0;3;0;1;2;-27,10123686;-48,61807962;"SPRF-SC";"DEL04-SC";"UOP03-DEL04-SC"
514207;2023-04-01;"sábado";"17:20:00";"GO";80;9,2;"PADRE BERNARDO";"Ultrapassagem Indevida";"Colisão frontal";"Com Vítimas Feridas";"Pleno dia";"Crescente";"Garoa/Chuvisco";"Simples";"Curva;Declive";"Não";3;0;1;0;2;0;1;2;-15,458552;-48,216309;"SPRF-DF";"DEL03-DF";"UOP02-DEL03-DF"
514217;2023-04-01;"sábado";"19:40:00";"PR";476;196;"LAPA";"Desrespeitar a preferência no cruzamento";"Colisão transversal";"Sem Vítimas";"Anoitecer";"Crescente";"Céu Claro";"Dupla";"Interseção de Vias";"Sim";3;0;0;0;1;2;0;3;-25,75236555;-49,72441614;"SPRF-PR";"DEL01-PR";"UOP06-DEL01-PR"
514221;2023-04-01;"sábado";"20:30:00";"PR";376;168,4;"MARINGA";"Pista esburacada";"Tombamento";"Com Vítimas Fatais";"Plena Noite";"Crescente";"Céu Claro";"Dupla";"Reta";"Não";3;1;1;0;0;1;1;2;-23,39677826;-52,00528622;"SPRF-PR";"DEL09-PR";"UOP01-DEL09-PR"
514226;2023-04-01;"sábado";"12:30:00";"MG";381;280;"JAGUARACU";"Demais falhas mecânicas ou elétricas";"Incêndio";"Sem Vítimas";"Pleno dia";"Decrescente";"Céu Claro";"Simples";"Reta";"Não";1;0;0;0;1;0;0;1;-19,60725919;-42,76186834;"SPRF-MG";"DEL03-MG";"UOP02-DEL03-MG"
514237;2023-04-01;"sábado";"17:33:00";"AC";364;132;"RIO BRANCO";"Manobra de mudança de faixa";"Colisão lateral mesmo sentido";"Sem Vítimas";"Anoitecer";"Crescente";"Céu Claro";"Dupla";"Rotatória";"Sim";4;0;0;0;4;0;0;2;-10,00705497;-67,84815609;"SPRF-AC";"DEL01-AC";"UOP01-DEL01-AC"
514254;2023-04-01;"sábado";"23:00:00";"TO";153;270;"BRASILANDIA DO TOCANTINS";"Ingestão de álcool pelo condutor";"Colisão frontal";"Com Vítimas Feridas";"Plena Noite";"Decrescente";"Céu Claro";"Simples";"Reta";"Não";4;0;1;1;0;5;2;7;-8,26400002;-48,46783474;"SPRF-TO";"DEL02-TO";"UOP02-DEL02-TO"
514256;2023-04-01;"sábado";"22:00:00";"SP";153;145,4;"PROMISSAO";"Acessar a via sem observar a presença dos outros veículos";"Colisão transversal";"Sem Vítimas";"Plena Noite";"Decrescente";"Céu Claro";"Simples";"Reta";"Não";4;0;0;0;1;3;0;4;-21,37248804;-49,79171745;"SPRF-SP";"DEL07-SP";"UOP01-DEL07-SP"
514259;2023-04-01;"sábado";"18:45:00";"MS";487;112;"ITAQUIRAI";"Deficiência do Sistema de Iluminação/Sinalização";"Colisão traseira";"Sem Vítimas";"Anoitecer";"Crescente";"Céu Claro";"Simples";"Reta";"Não";4;0;0;0;4;0;0;2;-23,25553629;-53,93677615;"SPRF-MS";"DEL09-MS";"UOP01-DEL09-MS"
514268;2023-04-01;"sábado";"22:50:00";"BA";30;372,7;"BRUMADO";"Ingestão de álcool pelo condutor";"Colisão lateral sentido oposto";"Com Vítimas Fatais";"Plena Noite";"Crescente";"Céu Claro";"Simples";"Reta";"Não";2;1;0;0;1;0;0;2;-14,20855841;-41,62686176;"SPRF-BA";"DEL08-BA";"UOP01-DEL08-BA"
514273;2023-04-01;"sábado";"15:05:00";"PR";153;136;"VENTANIA";"Velocidade Incompatível";"Tombamento";"Com Vítimas Feridas";"Pleno dia";"Crescente";"Céu Claro";"Simples";"Curva";"Não";2;0;1;0;0;2;1;3;-24,04805819;-50,24742694;"SPRF-PR";"DEL07-PR";"UOP04-DEL07-PR"
514280;2023-04-02;"domingo";"04:40:00";"MG";116;141;"PONTO DOS VOLANTES";"Demais falhas mecânicas ou elétricas";"Incêndio";"Sem Vítimas";"Amanhecer";"Decrescente";"Ignorado";"Simples";"Reta";"Não";4;0;0;0;1;3;0;3;-16,775899;-41,4815;"SPRF-MG";"DEL11-MG";"UOP02-DEL11-MG"
514286;2023-04-02;"domingo";"05:40:00";"PR";476;329,9;"PAULA FREITAS";"Transitar na contramão";"Colisão lateral sentido oposto";"Com Vítimas Feridas";"Amanhecer";"Crescente";"Nublado";"Simples";"Reta";"Não";5;0;0;1;3;1;1;4;-26,105099;-50,806057;"SPRF-PR";"DEL02-PR";"UOP03-DEL02-PR"
514291;2023-04-01;"sábado";"17:10:00";"SC";163;71;"SAO MIGUEL DO OESTE";"Acessar a via sem observar a presença dos outros veículos";"Colisão transversal";"Sem Vítimas";"Pleno dia";"Crescente";"Céu Claro";"Dupla";"Reta";"Sim";2;0;0;0;2;0;0;2;-26,73461723;-53,50680015;"SPRF-SC";"DEL07-SC";"UOP03-DEL07-SC"
514294;2023-04-02;"domingo";"05:45:00";"SP";381;23;"BRAGANCA PAULISTA";"Ingestão de álcool pelo condutor";"Colisão traseira";"Com Vítimas Feridas";"Amanhecer";"Decrescente";"Céu Claro";"Dupla";"Reta;Aclive";"Não";4;0;2;0;1;1;2;4;-23,00476488;-46,52061531;"SPRF-SP";"DEL03-SP";"UOP02-DEL03-SP"
514295;2023-04-01;"sábado";"15:15:00";"RJ";116;185;"NOVA IGUACU";"Ausência de reação do condutor";"Colisão com objeto";"Sem Vítimas";"Pleno dia";"Crescente";"Céu Claro";"Dupla";"Reta";"Sim";2;0;0;0;1;1;0;2;-22,74151051;-43,45351823;"SPRF-RJ";"DEL01-RJ";"UOP02-DEL01-RJ"
514297;2023-03-29;"quarta-feira";"19:24:00";"RJ";101;311;"SAO GONCALO";"Ausência de reação do condutor";"Colisão traseira";"Com Vítimas Feridas";"Plena Noite";"Decrescente";"Céu Claro";"Dupla";"Reta";"Não";3;0;2;0;1;0;2;2;-22,80062246;-43,05318779;"SPRF-RJ";"DEL02-RJ";"UOP02-DEL02-RJ"
514304;2023-04-02;"domingo";"01:00:00";"MA";226;258,4;"TUNTUM";"Pista esburacada";"Colisão com objeto";"Com Vítimas Feridas";"Plena Noite";"Crescente";"Nublado";"Simples";"Reta";"Não";2;0;0;1;1;0;1;1;-5,42073846;-44,92442995;"SPRF-MA";"DEL06-MA";"UOP01-DEL06-MA"
514318;2023-04-02;"domingo";"09:00:00";"TO";153;617,9;"ALIANCA DO TOCANTINS";"Reação tardia ou ineficiente do condutor";"Derramamento de carga";"Sem Vítimas";"Pleno dia";"Decrescente";"Céu Claro";"Simples";"Reta";"Não";2;0;0;0;1;1;0;2;-11,24720896;-48,93484648;"SPRF-TO";"DEL01-TO";"UOP02-DEL01-TO"
514324;2023-04-02;"domingo";"05:37:00";"SC";282;523,9;"XAXIM";"Transitar na contramão";"Colisão frontal";"Com Vítimas Fatais";"Amanhecer";"Decrescente";"Céu Claro";"Simples";"Curva";"Não";5;1;0;0;3;1;0;3;-26,9661258;-52,5555924;"SPRF-SC";"DEL07-SC";"UOP01-DEL07-SC"
514325;2023-04-02;"domingo";"09:40:00";"DF";80;8;"BRASILIA";"Acesso irregular";"Colisão transversal";"Com Vítimas Feridas";"Pleno dia";"Crescente";"Céu Claro";"Simples";"Reta";"Não";3;0;1;0;1;1;1;3;-15,731198;-48,148598;"SPRF-DF";"DEL03-DF";"UOP02-DEL03-DF"
514340;2023-04-02;"domingo";"12:00:00";"RS";158;286,5;"JULIO DE CASTILHOS";"Transitar na contramão";"Colisão lateral sentido oposto";"Com Vítimas Feridas";"Pleno dia";"Decrescente";"Céu Claro";"Simples";"Reta";"Não";3;0;0;1;1;2;1;4;-29,43286911;-53,67592471;"SPRF-RS";"DEL09-RS";"UOP01-DEL09-RS"
514343;2023-04-01;"sábado";"05:00:00";"PA";10;46;"ULIANOPOLIS";"Reação tardia ou ineficiente do condutor";"Colisão traseira";"Com Vítimas Feridas";"Amanhecer";"Decrescente";"Nublado";"Simples";"Reta";"Não";5;0;2;2;0;1;4;2;-4,046299;-47,54474;"SPRF-PA";"DEL02-PA";"UOP02-DEL02-PA"
514348;2023-04-02;"domingo";"10:30:00";"RJ";101;482;"ANGRA DOS REIS";"Desrespeitar a preferência no cruzamento";"Colisão transversal";"Com Vítimas Feridas";"Pleno dia";"Decrescente";"Céu Claro";"Múltipla";"Interseção de Vias";"Não";3;0;1;0;1;1;1;2;-23,00453;-44,29746;"SPRF-RJ";"DEL03-RJ";"UOP03-DEL03-RJ"
514349;2023-04-02;"domingo";"13:00:00";"PR";163;54;"PEROLA DOESTE";"Velocidade Incompatível";"Tombamento";"Com Vítimas Feridas";"Pleno dia";"Crescente";"Céu Claro";"Simples";"Curva;Declive";"Não";2;0;1;0;0;1;1;2;-25,924639;-53,750839;"SPRF-PR";"DEL02-PR";"UOP02-DEL02-PR"
514361;2023-04-02;"domingo";"11:40:00";"MT";163;854;"SINOP";"Desrespeitar a preferência no cruzamento";"Colisão transversal";"Sem Vítimas";"Pleno dia";"Crescente";"Céu Claro";"Simples";"Interseção de Vias;Retorno Regulamentado";"Sim";4;0;0;0;3;1;0;3;-11,69392795;-55,4517746;"SPRF-MT";"DEL06-MT";"UOP02-DEL06-MT"
514369;2023-04-02;"domingo";"15:40:00";"RJ";116;170;"RIO DE JANEIRO";"Obstrução Via tentativa Assalto";"Colisão traseira";"Com Vítimas Feridas";"Pleno dia";"Decrescente";"Céu Claro";"Dupla";"Reta";"Não";3;0;1;0;2;0;1;2;-22,81113183;-43,3336729;"SPRF-RJ";"DEL01-RJ";"UOP02-DEL01-RJ"
514371;2023-04-02;"domingo";"16:00:00";"SC";101;74;"ARAQUARI";"Acessar a via sem observar a presença dos outros veículos";"Colisão lateral mesmo sentido";"Com Vítimas Feridas";"Pleno dia";"Decrescente";"Sol";"Múltipla";"Interseção de Vias";"Não";4;0;1;0;3;0;1;3;-26,54446209;-48,71214452;"SPRF-SC";"DEL03-SC";"UOP02-DEL03-SC"
514374;2023-04-02;"domingo";"14:52:00";"MG";40;510;"RIBEIRAO DAS NEVES";"Ausência de reação do condutor";"Saída de leito carroçável";"Com Vítimas Feridas";"Pleno dia";"Decrescente";"Nublado";"Dupla";"Declive;Reta";"Sim";1;0;1;0;0;0;1;1;-19,77463885;-44,12321882;"SPRF-MG";"DEL01-MG";"UOP02-DEL01-MG"
514376;2023-04-02;"domingo";"15:20:00";"PR";476;191;"LAPA";"Demais falhas mecânicas ou elétricas";"Colisão traseira";"Com Vítimas Feridas";"Pleno dia";"Crescente";"Céu Claro";"Simples";"Reta";"Não";5;0;3;0;1;1;3;3;-25,7245221;-49,6990956;"SPRF-PR";"DEL01-PR";"UOP06-DEL01-PR"
514383;2023-04-02;"domingo";"15:55:00";"MG";381;521,6;"BRUMADINHO";"Velocidade Incompatível";"Derramamento de carga";"Com Vítimas Feridas";"Pleno dia";"Crescente";"Céu Claro";"Dupla";"Curva;Declive";"Não";5;0;1;0;4;0;1;2;-20,13846621;-44,31715274;"SPRF-MG";"DEL04-MG";"UOP03-DEL04-MG"
514394;2023-04-02;"domingo";"14:50:00";"TO";153;464,8;"BARROLANDIA";"Condutor deixou de manter distância do veículo da frente";"Colisão lateral sentido oposto";"Com Vítimas Feridas";"Pleno dia";"Crescente";"Nublado";"Simples";"Reta;Aclive";"Não";4;0;2;0;1;1;2;3;-9,94890801;-48,74459784;"SPRF-TO";"DEL01-TO";"UOP01-DEL01-TO"
514398;2023-04-02;"domingo";"18:00:00";"SC";101;63,3;"ARAQUARI";"Manobra de mudança de faixa";"Colisão lateral mesmo sentido";"Com Vítimas Feridas";"Anoitecer";"Decrescente";"Céu Claro";"Dupla";"Curva";"Não";3;0;1;0;2;0;1;2;-26,45898367;-48,7584088;"SPRF-SC";"DEL03-SC";"UOP02-DEL03-SC"
514402;2023-04-02;"domingo";"17:50:00";"RS";386;325,5;"MARQUES DE SOUZA";"Retorno proibido";"Colisão transversal";"Com Vítimas Feridas";"Pleno dia";"Decrescente";"Céu Claro";"Simples";"Reta;Em Obras";"Não";4;0;2;0;1;1;2;3;-29,322716;-52,102533;"SPRF-RS";"DEL04-RS";"UOP01-DEL04-RS"
514406;2023-04-02;"domingo";"18:35:00";"SE";101;135,8;"ESTANCIA";"Ausência de reação do condutor";"Colisão traseira";"Com Vítimas Feridas";"Plena Noite";"Crescente";"Céu Claro";"Dupla";"Reta";"Sim";2;0;0;1;1;0;1;2;-11,13876691;-37,38772403;"SPRF-SE";"DEL02-SE";"UOP01-DEL02-SE"
514411;2023-04-02;"domingo";"16:40:00";"MG";381;740,7;"TRES CORACOES";"Acumulo de óleo sobre o pavimento";"Saída de leito carroçável";"Com Vítimas Feridas";"Pleno dia";"Crescente";"Céu Claro";"Múltipla";"Reta;Declive";"Não";7;0;2;0;4;1;2;3;-21,6193566;-45,24913194;"SPRF-MG";"DEL16-MG";"UOP02-DEL16-MG"
514417;2023-04-02;"domingo";"13:20:00";"BA";242;276;"LAJEDINHO";"Ultrapassagem Indevida";"Tombamento";"Sem Vítimas";"Pleno dia";"Decrescente";"Céu Claro";"Simples";"Reta;Aclive";"Não";2;0;0;0;1;3;0;4;-12,44691374;-40,68325414;"SPRF-BA";"DEL06-BA";"UOP02-DEL06-BA"
514422;2023-04-02;"domingo";"19:00:00";"MG";381;450;"SABARA";"Condutor deixou de manter distância do veículo da frente";"Colisão traseira";"Com Vítimas Feridas";"Plena Noite";"Crescente";"Céu Claro";"Simples";"Reta";"Sim";6;0;1;0;5;0;1;5;-19,84130639;-43,87176902;"SPRF-MG";"DEL01-MG";"UOP01-DEL01-MG"
514424;2023-04-02;"domingo";"16:10:00";"MG";116;496,3;"INHAPIM";"Ausência de reação do condutor";"Saída de leito carroçável";"Com Vítimas Feridas";"Pleno dia";"Decrescente";"Nublado";"Simples";"Declive;Curva";"Não";2;0;1;0;0;1;1;2;-19,52772702;-42,12719586;"SPRF-MG";"DEL06-MG";"UOP02-DEL06-MG"
514434;2023-04-02;"domingo";"16:50:00";"PR";277;42;"MORRETES";"Ingestão de álcool pelo condutor";"Colisão lateral mesmo sentido";"Sem Vítimas";"Pleno dia";"Decrescente";"Garoa/Chuvisco";"Dupla";"Curva";"Não";2;0;0;0;0;2;0;2;-25,57361239;-48,84469597;"SPRF-PR";"DEL01-PR";"UOP01-DEL01-PR"
514436;2023-04-02;"domingo";"19:45:00";"GO";153;512,9;"APARECIDA DE GOIANIA";"Condutor deixou de manter distância do veículo da frente";"Colisão traseira";"Com Vítimas Feridas";"Plena Noite";"Crescente";"Céu Claro";"Dupla";"Reta";"Não";4;0;0;1;2;1;1;4;-16,8156;-49,2402;"SPRF-GO";"DEL01-GO";"UOP03-DEL01-GO"
514437;2023-01-07;"sábado";"11:30:00";"SC";101;141;"BALNEARIO CAMBORIU";"Manobra de mudança de faixa";"Colisão lateral mesmo sentido";"Com Vítimas Feridas";"Pleno dia";"Decrescente";"Céu Claro";"Dupla";"Reta";"Sim";5;0;2;2;1;0;4;2;-27,04761729;-48,59995855;"SPRF-SC";"DEL04-SC";"UOP03-DEL04-SC"
514446;2023-04-02;"domingo";"19:40:00";"MG";116;528;"CARATINGA";"Desrespeitar a preferência no cruzamento";"Colisão transversal";"Com Vítimas Feridas";"Plena Noite";"Crescente";"Céu Claro";"Simples";"Reta";"Sim";2;0;1;0;1;0;1;2;-19,794033;-42,13731414;"SPRF-MG";"DEL06-MG";"UOP02-DEL06-MG"
514448;2023-04-02;"domingo";"19:35:00";"SC";116;5,6;"MAFRA";"Desrespeitar a preferência no cruzamento";"Colisão transversal";"Com Vítimas Fatais";"Plena Noite";"Decrescente";"Céu Claro";"Múltipla";"Interseção de Vias";"Sim";4;1;0;0;1;3;0;5;-26,14533543;-49,82141018;"SPRF-SC";"DEL06-SC";"UOP01-DEL06-SC"
514451;2023-04-02;"domingo";"17:00:00";"BA";242;3;"BARREIRAS";"Manobra de mudança de faixa";"Colisão lateral sentido oposto";"Com Vítimas Fatais";"Anoitecer";"Crescente";"Céu Claro";"Simples";"Curva";"Sim";2;1;1;0;0;0;1;2;-12,10445227;-44,96498108;"SPRF-BA";"DEL10-BA";"UOP01-DEL10-BA"
514456;2023-04-02;"domingo";"20:35:00";"CE";116;475;"MILAGRES";"Entrada inopinada do pedestre";"Atropelamento de Pedestre";"Com Vítimas Feridas";"Plena Noite";"Decrescente";"Céu Claro";"Simples";"Reta;Aclive";"Não";4;0;0;1;1;2;1;3;-7,28554236;-38,86591487;"SPRF-CE";"DEL05-CE";"UOP03-DEL05-CE"
514457;2023-04-02;"domingo";"20:00:00";"BA";324;4;"FEIRA DE SANTANA";"Ingestão de álcool pelo condutor";"Queda de ocupante de veículo";"Com Vítimas Feridas";"Plena Noite";"Crescente";"Céu Claro";"Dupla";"Reta;Declive";"Sim";3;0;1;0;1;2;1;4;-12,2830553;-38,97444534;"SPRF-BA";"DEL02-BA";"UOP01-DEL02-BA"
514458;2023-04-02;"domingo";"21:06:00";"GO";50;98,9;"CRISTALINA";"Reação tardia ou ineficiente do condutor";"Colisão frontal";"Com Vítimas Feridas";"Plena Noite";"Decrescente";"Chuva";"Dupla";"Reta";"Sim";3;0;0;1;1;1;1;3;-16,91033684;-47,74586416;"SPRF-DF";"DEL01-DF";"UOP02-DEL01-DF"
514464;2023-04-02;"domingo";"21:40:00";"SP";116;86;"PINDAMONHANGABA";"Ausência de reação do condutor";"Colisão traseira";"Com Vítimas Feridas";"Plena Noite";"Decrescente";"Céu Claro";"Dupla";"Reta";"Sim";4;0;2;0;2;0;2;2;-22,92639476;-45,35307511;"SPRF-SP";"DEL08-SP";"UOP01-DEL08-SP"
514466;2023-04-02;"domingo";"18:15:00";"MT";364;346;"SANTO ANTONIO DO LEVERGER";"Reação tardia ou ineficiente do condutor";"Colisão com objeto";"Sem Vítimas";"Plena Noite";"Crescente";"Garoa/Chuvisco";"Dupla";"Curva;Declive";"Não";1;0;0;0;1;0;0;1;-15,81193889;-55,53981241;"SPRF-MT";"DEL05-MT";"UOP02-DEL05-MT"
514468;2023-04-02;"domingo";"18:00:00";"MG";116;36,7;"CACHOEIRA DE PAJEU";"Reação tardia ou ineficiente do condutor";"Colisão com objeto";"Com Vítimas Feridas";"Anoitecer";"Decrescente";"Chuva";"Simples";"Curva;Declive";"Não";3;0;1;0;1;1;1;2;-15,94950705;-41,40264747;"SPRF-MG";"DEL11-MG";"UOP02-DEL11-MG"
514475;2023-04-02;"domingo";"22:40:00";"SP";116;322,4;"JUQUITIBA";"Pedestre andava na pista";"Atropelamento de Pedestre";"Com Vítimas Fatais";"Plena Noite";"Decrescente";"Céu Claro";"Dupla";"Reta";"Sim";3;1;0;0;1;1;0;3;-23,935106;-47,026682;"SPRF-SP";"DEL04-SP";"UOP03-DEL04-SP"
514489;2023-04-02;"domingo";"07:00:00";"MT";364;1145;"CAMPOS DE JULIO";"Velocidade Incompatível";"Tombamento";"Com Vítimas Feridas";"Pleno dia";"Decrescente";"Céu Claro";"Simples";"Curva;Ponte";"Não";2;0;1;0;0;1;1;2;-13,55255157;-59,03263092;"SPRF-MT";"DEL04-MT";"UOP02-DEL04-MT"
514492;2023-04-03;"segunda-feira";"00:15:00";"SP";116;448;"REGISTRO";"Estacionar ou parar em local proibido";"Colisão traseira";"Com Vítimas Fatais";"Plena Noite";"Decrescente";"Nublado";"Múltipla";"Reta";"Sim";5;2;0;0;2;1;0;3;-24,51869838;-47,85240239;"SPRF-SP";"DEL05-SP";"UOP01-DEL05-SP"
514497;2023-04-02;"domingo";"18:10:00";"MG";251;299,8;"SALINAS";"Ausência de reação do condutor";"Colisão traseira";"Com Vítimas Fatais";"Anoitecer";"Crescente";"Nublado";"Simples";"Reta;Aclive";"Não";3;1;0;0;1;1;0;3;-16,12787378;-42,22597419;"SPRF-MG";"DEL12-MG";"UOP01-DEL12-MG"