"id";"data_inversa";"dia_semana";"horario";"uf";"br";"km";"municipio";"causa_acidente";"tipo_acidente";"classificacao_acidente";"fase_dia";"sentido_via";"condicao_metereologica";"tipo_pista";"tracado_via";"uso_solo";"pessoas";"mortos";"feridos_leves";"feridos_graves";"ilesos";"ignorados";"feridos";"veiculos";"latitude";"longitude";"regional";"delegacia";"uop"
514807;2023-04-04;"terça-feira";"17:30:00";"MG";381;517;"IGARAPE";"Pedestre andava na pista";"Atropelamento de Pedestre";"Com Vítimas Feridas";"Anoitecer";"Decrescente";"Céu Claro";"Dupla";"Curva;Declive";"Não";3;0;0;1;1;1;1;3;-20,11382303;-44,30720801;"SPRF-MG";"DEL04-MG";"UOP03-DEL04-MG"
514809;2023-04-04;"terça-feira";"17:20:00";"RJ";40;109;"DUQUE DE CAXIAS";"Manobra de mudança de faixa";"Colisão traseira";"Com Vítimas Feridas";"Anoitecer";"Crescente";"Céu Claro";"Dupla";"Reta";"Não";3;0;1;0;2;0;1;3;-22,67752887;-43,28649089;"SPRF-RJ";"DEL01-RJ";"UOP01-DEL01-RJ"
514810;2023-04-04;"terça-feira";"17:00:00";"SC";282;73;"RANCHO QUEIMADO";"Velocidade Incompatível";"Colisão traseira";"Sem Vítimas";"Pleno dia";"Decrescente";"Nublado";"Simples";"Reta";"Não";2;0;0;0;2;0;0;2;-27,681437;-49,113388;"SPRF-SC";"DEL01-SC";"UOP03-DEL01-SC"
514812;2023-03-21;"terça-feira";"16:40:00";"PR";277;525;"GUARANIACU";"Velocidade Incompatível";"Tombamento";"Com Vítimas Feridas";"Anoitecer";"Crescente";"Céu Claro";"Simples";"Aclive;Reta";"Não";2;0;1;0;0;2;1;3;-25,11018112;-52,85167802;"SPRF-PR";"DEL04-PR";"UOP04-DEL04-PR"
514825;2023-04-04;"terça-feira";"19:00:00";"MG";116;765,2;"LEOPOLDINA";"Ausência de reação do condutor";"Colisão lateral sentido oposto";"Com Vítimas Feridas";"Plena Noite";"Crescente";"Céu Claro";"Simples";"Reta;Ponte";"Sim";4;0;0;1;1;2;1;4;-21,5197389;-42,6491103;"SPRF-MG";"DEL07-MG";"UOP01-DEL07-MG"
514827;2023-04-04;"terça-feira";"18:00:00";"RS";470;217;"BENTO GONCALVES";"Reação tardia ou ineficiente do condutor";"Colisão lateral mesmo sentido";"Sem Vítimas";"Pleno dia";"Decrescente";"Céu Claro";"Dupla";"Reta;Em Obras";"Sim";3;0;0;0;2;2;0;4;-29,16462512;-51,52551964;"SPRF-RS";"DEL06-RS";"UOP01-DEL06-RS"
514830;2023-04-04;"terça-feira";"18:45:00";"MG";40;733,5;"OLIVEIRA FORTES";"Pedestre andava na pista";"Atropelamento de Pedestre";"Com Vítimas Fatais";"Plena Noite";"Decrescente";"Céu Claro";"Dupla";"Reta";"Não";3;1;0;0;1;1;0;3;-21,35659703;-43,5810239;"SPRF-MG";"DEL05-MG";"UOP01-DEL05-MG"
514838;2023-04-04;"terça-feira";"15:10:00";"MT";70;610,8;"POCONE";"Ultrapassagem Indevida";"Colisão frontal";"Com Vítimas Fatais";"Pleno dia";"Crescente";"Chuva";"Simples";"Declive";"Não";7;4;0;0;1;2;0;4;-15,885425;-56,888011;"SPRF-MT";"DEL03-MT";"UOP02-DEL03-MT"
514839;2023-04-04;"terça-feira";"04:00:00";"MA";226;478,3;"SITIO NOVO";"Reação tardia ou ineficiente do condutor";"Tombamento";"Com Vítimas Feridas";"Plena Noite";"Decrescente";"Céu Claro";"Simples";"Curva";"Não";2;0;1;1;0;0;2;1;-6,03579186;-46,62951708;"SPRF-MA";"DEL04-MA";"UOP02-DEL04-MA"
514853;2023-04-04;"terça-feira";"20:45:00";"PE";104;97;"AGRESTINA";"Velocidade Incompatível";"Colisão lateral sentido oposto";"Sem Vítimas";"Plena Noite";"Decrescente";"Chuva";"Simples";"Curva";"Não";2;0;0;0;1;1;0;2;-8,539489;-35,936028;"SPRF-PE";"DEL02-PE";"UOP03-DEL02-PE"
514856;2023-04-04;"terça-feira";"11:20:00";"MA";402;76;"ICATU";"Acessar a via sem observar a presença dos outros veículos";"Colisão transversal";"Com Vítimas Feridas";"Pleno dia";"Crescente";"Sol";"Simples";"Reta;Aclive";"Não";5;0;3;1;0;1;4;2;-2,772872;-43,751352;"SPRF-MA";"DEL01-MA";"UOP01-DEL01-MA"
514857;2023-04-04;"terça-feira";"21:40:00";"PR";467;85,4;"CASCAVEL";"Ingestão de álcool pelo condutor";"Colisão lateral mesmo sentido";"Sem Vítimas";"Plena Noite";"Crescente";"Nublado";"Dupla";"Reta";"Não";3;0;0;0;2;2;0;4;-24,8238;-53,6499;"SPRF-PR";"DEL04-PR";"UOP01-DEL04-PR"
514859;2023-04-04;"terça-feira";"22:25:00";"ES";101;358,2;"ANCHIETA";"Condutor deixou de manter distância do veículo da frente";"Colisão traseira";"Com Vítimas Feridas";"Plena Noite";"Crescente";"Céu Claro";"Simples";"Reta;Aclive";"Não";3;0;1;0;1;2;1;4;-20,691717;-40,704254;"SPRF-ES";"DEL03-ES";"UOP01-DEL03-ES"
514861;2023-04-04;"terça-feira";"22:35:00";"SC";101;249,3;"PAULO LOPES";"Reação tardia ou ineficiente do condutor";"Colisão traseira";"Com Vítimas Feridas";"Plena Noite";"Decrescente";"Céu Claro";"Dupla";"Curva";"Não";2;0;1;0;1;0;1;2;-27,93799097;-48,66317868;"SPRF-SC";"DEL02-SC";"UOP03-DEL02-SC"
514863;2023-04-04;"terça-feira";"22:35:00";"MG";381;930;"ITAPEVA";"Reação tardia ou ineficiente do condutor";"Colisão com objeto";"Com Vítimas Feridas";"Plena Noite";"Crescente";"Nublado";"Dupla";"Curva";"Não";2;0;1;0;0;1;1;2;-22,79911462;-46,26123692;"SPRF-MG";"DEL16-MG";"UOP03-DEL16-MG"
514864;2023-04-04;"terça-feira";"22:30:00";"SP";116;304;"SAO LOURENCO DA SERRA";"Condutor Dormindo";"Colisão traseira";"Sem Vítimas";"Plena Noite";"Decrescente";"Céu Claro";"Dupla";"Reta";"Não";3;0;0;0;2;1;0;3;-23,835151;-46,92964497;"SPRF-SP";"DEL04-SP";"UOP01-DEL04-SP"
514868;2023-04-05;"quarta-feira";"01:20:00";"PR";277;2,9;"PARANAGUA";"Conversão proibida";"Colisão transversal";"Com Vítimas Feridas";"Plena Noite";"Decrescente";"Céu Claro";"Simples";"Reta";"Sim";4;0;2;0;1;1;2;3;-25,54244147;-48,55957031;"SPRF-PR";"DEL01-PR";"UOP05-DEL01-PR"
514871;2023-04-04;"terça-feira";"22:40:00";"RO";364;109,8;"PIMENTA BUENO";"Pista esburacada";"Colisão lateral sentido oposto";"Com Vítimas Feridas";"Pleno dia";"Crescente";"Nublado";"Simples";"Reta";"Não";3;0;1;0;1;3;1;5;-12,21565597;-60,69328195;"SPRF-RO";"DEL04-RO";"UOP01-DEL04-RO"
514872;2023-04-05;"quarta-feira";"03:00:00";"PE";101;25;"IGARASSU";"Demais falhas mecânicas ou elétricas";"Incêndio";"Sem Vítimas";"Plena Noite";"Decrescente";"Nublado";"Dupla";"Reta";"Não";2;0;0;0;1;1;0;2;-7,7009082;-34,9229207;"SPRF-PE";"DEL01-PE";"UOP02-DEL01-PE"
514877;2023-04-05;"quarta-feira";"04:00:00";"PR";116;26;"CAMPINA GRANDE DO SUL";"Velocidade Incompatível";"Colisão com objeto";"Com Vítimas Fatais";"Plena Noite";"Decrescente";"Nublado";"Simples";"Declive;Curva";"Não";2;1;0;0;0;1;0;2;-25,10767357;-48,78809452;"SPRF-PR";"DEL01-PR";"UOP02-DEL01-PR"
514880;2023-03-19;"domingo";"18:08:00";"SP";116;527;"BARRA DO TURVO";"Trafegar com motocicleta (ou similar) entre as faixas";"Queda de ocupante de veículo";"Com Vítimas Feridas";"Pleno dia";"Decrescente";"Céu Claro";"Dupla";"Reta";"Não";4;0;1;0;2;1;1;4;-24,93316099;-48,283076;"SPRF-SP";"DEL05-SP";"UOP02-DEL05-SP"
514882;2023-04-05;"quarta-feira";"05:00:00";"RJ";40;104;"DUQUE DE CAXIAS";"Ausência de reação do condutor";"Colisão traseira";"Sem Vítimas";"Amanhecer";"Crescente";"Céu Claro";"Dupla";"Reta";"Não";2;0;0;0;2;0;0;2;-22,62897902;-43,28579508;"SPRF-RJ";"DEL01-RJ";"UOP01-DEL01-RJ"
514883;2023-04-05;"quarta-feira";"05:20:00";"RS";101;22,8;"TRES CACHOEIRAS";"Ausência de reação do condutor";"Colisão traseira";"Com Vítimas Feridas";"Plena Noite";"Crescente";"Céu Claro";"Dupla";"Reta";"Sim";3;0;1;0;1;1;1;3;-29,445509;-49,909889;"SPRF-RS";"DEL03-RS";"UOP02-DEL03-RS"
514885;2023-04-05;"quarta-feira";"05:30:00";"RS";116;502,3;"PELOTAS";"Reação tardia ou ineficiente do condutor";"Saída de leito carroçável";"Com Vítimas Feridas";"Plena Noite";"Crescente";"Céu Claro";"Dupla";"Reta";"Não";1;0;1;0;0;0;1;1;-31,56791105;-52,25884295;"SPRF-RS";"DEL07-RS";"UOP01-DEL07-RS"
514893;2023-04-05;"quarta-feira";"02:00:00";"SE";101;108,8;"SAO CRISTOVAO";"Condutor Dormindo";"Colisão com objeto";"Sem Vítimas";"Plena Noite";"Decrescente";"Ignorado";"Dupla";"Curva";"Não";1;0;0;0;1;0;0;1;-10,96605055;-37,26860762;"SPRF-SE";"DEL02-SE";"UOP01-DEL02-SE"
514901;2023-04-05;"quarta-feira";"04:00:00";"PR";116;26;"CAMPINA GRANDE DO SUL";"Reação tardia ou ineficiente do condutor";"Colisão com objeto";"Sem Vítimas";"Plena Noite";"Decrescente";"Nublado";"Dupla";"Curva;Declive";"Não";4;0;0;0;3;3;0;6;-25,10683694;-48,785333;"SPRF-PR";"DEL01-PR";"UOP02-DEL01-PR"
514904;2023-04-05;"quarta-feira";"08:20:00";"ES";101;269;"SERRA";"Condutor deixou de manter distância do veículo da frente";"Engavetamento";"Com Vítimas Feridas";"Pleno dia";"Decrescente";"Chuva";"Dupla";"Reta";"Sim";3;0;1;0;2;0;1;3;-20,21740496;-40,26990578;"SPRF-ES";"DEL02-ES";"UOP01-DEL02-ES"
514909;2023-04-05;"quarta-feira";"08:30:00";"PR";376;405;"TIBAGI";"Velocidade Incompatível";"Tombamento";"Com Vítimas Feridas";"Pleno dia";"Decrescente";"Céu Claro";"Dupla";"Curva";"Não";2;0;0;1;0;1;1;2;-24,634064;-50,636837;"SPRF-PR";"DEL03-PR";"UOP02-DEL03-PR"
514911;2023-04-05;"quarta-feira";"07:40:00";"CE";116;32,4;"AQUIRAZ";"Reação tardia ou ineficiente do condutor";"Colisão com objeto";"Sem Vítimas";"Pleno dia";"Crescente";"Chuva";"Dupla";"Reta";"Sim";3;0;0;0;2;1;0;3;-4,038562;-38,509401;"SPRF-CE";"DEL01-CE";"UOP02-DEL01-CE"
514915;2023-04-04;"terça-feira";"07:56:00";"MG";381;707,4;"NEPOMUCENO";"Velocidade Incompatível";"Tombamento";"Com Vítimas Feridas";"Pleno dia";"Decrescente";"Céu Claro";"Dupla";"Declive;Curva";"Não";2;0;1;0;0;1;1;2;-21,36199299;-45,19169583;"SPRF-MG";"DEL04-MG";"UOP02-DEL04-MG"
514916;2023-03-28;"terça-feira";"13:20:00";"PE";101;43,1;"IGARASSU";"Manobra de mudança de faixa";"Colisão lateral mesmo sentido";"Com Vítimas Feridas";"Pleno dia";"Crescente";"Sol";"Múltipla";"Reta";"Sim";3;0;1;0;1;1;1;3;-7,84753808;-34,90977038;"SPRF-PE";"DEL01-PE";"UOP02-DEL01-PE"
514921;2023-04-05;"quarta-feira";"07:10:00";"SC";470;81,9;"RODEIO";"Velocidade Incompatível";"Tombamento";"Com Vítimas Feridas";"Amanhecer";"Decrescente";"Céu Claro";"Simples";"Curva";"Não";2;0;1;0;0;1;1;2;-26,950367;-49,325638;"SPRF-SC";"DEL04-SC";"UOP01-DEL04-SC"
514925;2023-03-12;"domingo";"13:00:00";"BA";20;20;"CORRENTINA";"Reação tardia ou ineficiente do condutor";"Colisão traseira";"Com Vítimas Feridas";"Pleno dia";"Crescente";"Céu Claro";"Simples";"Reta";"Não";4;0;1;0;2;1;1;3;-13,9532888;-46,2002488;"SPRF-BA";"DEL10-BA";"UOP01-DEL10-BA"
514926;2023-04-05;"quarta-feira";"10:10:00";"SC";282;536;"CHAPECO";"Desrespeitar a preferência no cruzamento";"Colisão transversal";"Com Vítimas Feridas";"Pleno dia";"Crescente";"Sol";"Simples";"Rotatória;Viaduto";"Não";6;0;2;0;3;1;2;3;-27,000408;-52,64717102;"SPRF-SC";"DEL07-SC";"UOP01-DEL07-SC"
514933;2023-04-05;"quarta-feira";"07:45:00";"PR";277;474,6;"NOVA LARANJEIRAS";"Manobra de mudança de faixa";"Colisão lateral mesmo sentido";"Com Vítimas Feridas";"Pleno dia";"Crescente";"Céu Claro";"Simples";"Reta";"Não";2;0;0;1;1;0;1;2;-25,29905;-52,56074;"SPRF-PR";"DEL04-PR";"UOP02-DEL04-PR"
514934;2023-04-05;"quarta-feira";"11:35:00";"BA";101;718;"EUNAPOLIS";"Acesso irregular";"Colisão lateral mesmo sentido";"Com Vítimas Feridas";"Pleno dia";"Crescente";"Sol";"Simples";"Reta;Rotatória";"Sim";2;0;1;0;1;0;1;2;-16,37536226;-39,58110094;"SPRF-BA";"DEL09-BA";"UOP01-DEL09-BA"
514935;2023-04-05;"quarta-feira";"10:10:00";"PR";376;655;"TIJUCAS DO SUL";"Velocidade Incompatível";"Tombamento";"Com Vítimas Feridas";"Pleno dia";"Decrescente";"Céu Claro";"Simples";"Curva;Aclive";"Não";2;0;1;0;0;1;1;2;-25,84165409;-49,042472;"SPRF-PR";"DEL01-PR";"UOP04-DEL01-PR"
514936;2023-04-05;"quarta-feira";"11:10:00";"SP";381;66;"MAIRIPORA";"Condutor deixou de manter distância do veículo da frente";"Colisão traseira";"Com Vítimas Feridas";"Pleno dia";"Decrescente";"Sol";"Dupla";"Curva";"Sim";3;0;1;0;2;0;1;2;-23,32451103;-46,58021504;"SPRF-SP";"DEL03-SP";"UOP01-DEL03-SP"
514940;2023-04-05;"quarta-feira";"11:25:00";"PR";369;73,7;"SANTA MARIANA";"Transitar na contramão";"Colisão frontal";"Com Vítimas Feridas";"Pleno dia";"Decrescente";"Céu Claro";"Simples";"Curva;Declive";"Sim";3;0;1;2;0;0;3;2;-23,1536725;-50,52172422;"SPRF-PR";"DEL07-PR";"UOP05-DEL07-PR"
514942;2023-04-05;"quarta-feira";"13:10:00";"ES";101;210,6;"IBIRACU";"Manobra de mudança de faixa";"Colisão lateral mesmo sentido";"Com Vítimas Feridas";"Pleno dia";"Crescente";"Céu Claro";"Simples";"Reta";"Sim";7;0;1;0;4;2;1;5;-19,798437;-40,36982;"SPRF-ES";"DEL02-ES";"UOP01-DEL02-ES"
514944;2023-04-05;"quarta-feira";"11:30:00";"RJ";116;111;"MAGE";"Ausência de reação do condutor";"Colisão lateral mesmo sentido";"Com Vítimas Fatais";"Pleno dia";"Decrescente";"Céu Claro";"Dupla";"Reta";"Não";2;1;0;0;1;0;0;2;-22,58379057;-43,0150795;"SPRF-RJ";"DEL04-RJ";"UOP02-DEL04-RJ"
514946;2023-04-05;"quarta-feira";"12:35:00";"PE";101;71;"RECIFE";"Ausência de reação do condutor";"Engavetamento";"Sem Vítimas";"Pleno dia";"Decrescente";"Céu Claro";"Dupla";"Reta";"Sim";5;0;0;0;4;1;0;5;-8,07663102;-34,94277871;"SPRF-PE";"DEL01-PE";"UOP01-DEL01-PE"
514950;2023-04-05;"quarta-feira";"13:50:00";"MG";381;496;"BETIM";"Ausência de reação do condutor";"Colisão traseira";"Com Vítimas Feridas";"Pleno dia";"Crescente";"Nublado";"Dupla";"Curva";"Sim";4;0;2;0;2;0;2;2;-19,99676497;-44,20958506;"SPRF-MG";"DEL01-MG";"UOP03-DEL01-MG"
514954;2023-04-05;"quarta-feira";"14:10:00";"RN";427;112;"SAO FERNANDO";"Ultrapassagem Indevida";"Colisão frontal";"Sem Vítimas";"Pleno dia";"Crescente";"Céu Claro";"Simples";"Reta";"Não";3;0;0;0;3;0;0;3;-6,45948404;-37,19740291;"SPRF-RN";"DEL03-RN";"UOP01-DEL03-RN"
514958;2023-04-05;"quarta-feira";"13:30:00";"MG";262;719;"ARAXA";"Condutor Dormindo";"Saída de leito carroçável";"Com Vítimas Feridas";"Pleno dia";"Crescente";"Sol";"Simples";"Reta";"Não";1;0;0;1;0;0;1;1;-19,61792572;-47,22360493;"SPRF-MG";"DEL08-MG";"UOP01-DEL08-MG"
514959;2023-04-05;"quarta-feira";"13:31:00";"RS";153;40,9;"ERECHIM";"Transitar na contramão";"Colisão frontal";"Com Vítimas Fatais";"Pleno dia";"Decrescente";"Céu Claro";"Simples";"Reta;Aclive";"Não";4;1;0;0;1;2;0;4;-27,59229;-52,233884;"SPRF-RS";"DEL08-RS";"UOP04-DEL08-RS"
514961;2023-04-05;"quarta-feira";"14:50:00";"MG";251;512;"FRANCISCO SA";"Chuva";"Colisão com objeto";"Sem Vítimas";"Pleno dia";"Crescente";"Chuva";"Simples";"Ponte;Reta";"Não";1;0;0;0;1;0;0;1;-16,6553239;-43,71906108;"SPRF-MG";"DEL12-MG";"UOP01-DEL12-MG"
514964;2023-03-01;"quarta-feira";"04:20:00";"SC";280;141;"MAFRA";"Condutor Dormindo";"Saída de leito carroçável";"Com Vítimas Feridas";"Amanhecer";"Decrescente";"Céu Claro";"Simples";"Declive;Curva";"Não";2;0;1;0;0;1;1;2;-26,25591654;-49,62226321;"SPRF-SC";"DEL06-SC";"UOP03-DEL06-SC"
514966;2023-04-05;"quarta-feira";"15:30:00";"TO";153;711;"CARIRI DO TOCANTINS";"Condutor deixou de manter distância do veículo da frente";"Engavetamento";"Com Vítimas Feridas";"Pleno dia";"Crescente";"Céu Claro";"Simples";"Reta";"Não";7;0;0;5;2;0;5;3;-12,04903192;-49,20102045;"SPRF-TO";"DEL01-TO";"UOP02-DEL01-TO"
514969;2023-04-05;"quarta-feira";"13:45:00";"SC";101;362;"SANGAO";"Reação tardia ou ineficiente do condutor";"Colisão traseira";"Com Vítimas Feridas";"Pleno dia";"Decrescente";"Nublado";"Dupla";"Reta;Aclive";"Não";3;0;1;0;0;3;1;4;-28,67136197;-49,12225505;"SPRF-SC";"DEL02-SC";"UOP01-DEL02-SC"
514970;2023-04-01;"sábado";"12:00:00";"RJ";116;225;"PIRAI";"Reação tardia ou ineficiente do condutor";"Tombamento";"Sem Vítimas";"Pleno dia";"Decrescente";"Sol";"Simples";"Curva";"Não";1;0;0;0;1;0;0;1;-22,6804306;-43,83695126;"SPRF-RJ";"DEL07-RJ";"UOP01-DEL07-RJ"
514980;2023-04-05;"quarta-feira";"16:00:00";"MG";262;384;"FLORESTAL";"Reação tardia ou ineficiente do condutor";"Saída de leito carroçável";"Com Vítimas Feridas";"Pleno dia";"Crescente";"Céu Claro";"Dupla";"Reta";"Não";2;0;1;0;0;1;1;2;-19,93073825;-44,41148997;"SPRF-MG";"DEL01-MG";"UOP03-DEL01-MG"
514981;2023-04-05;"quarta-feira";"14:40:00";"RO";364;439;"JARU";"Reação tardia ou ineficiente do condutor";"Colisão lateral mesmo sentido";"Com Vítimas Feridas";"Pleno dia";"Decrescente";"Céu Claro";"Simples";"Reta";"Não";6;0;1;0;4;3;1;5;-10,33587543;-62,60546576;"SPRF-RO";"DEL03-RO";"UOP02-DEL03-RO"
514984;2023-04-05;"quarta-feira";"16:20:00";"RJ";393;252;"BARRA DO PIRAI";"Acessar a via sem observar a presença dos outros veículos";"Colisão transversal";"Sem Vítimas";"Pleno dia";"Crescente";"Céu Claro";"Simples";"Rotatória";"Não";4;0;0;0;4;0;0;2;-22,43422023;-43,77561487;"SPRF-RJ";"DEL05-RJ";"UOP04-DEL05-RJ"
514986;2023-04-05;"quarta-feira";"15:25:00";"MG";116;778;"LEOPOLDINA";"Reação tardia ou ineficiente do condutor";"Tombamento";"Com Vítimas Fatais";"Pleno dia";"Crescente";"Céu Claro";"Simples";"Curva";"Não";2;1;0;0;0;1;0;2;-21,60159985;-42,69912624;"SPRF-MG";"DEL07-MG";"UOP01-DEL07-MG"
514989;2023-04-05;"quarta-feira";"16:15:00";"MG";381;285;"JAGUARACU";"Ausência de reação do condutor";"Colisão frontal";"Com Vítimas Feridas";"Pleno dia";"Crescente";"Céu Claro";"Simples";"Reta;Ponte";"Não";5;0;0;3;2;0;3;3;-19,618952;-42,79967;"SPRF-MG";"DEL03-MG";"UOP02-DEL03-MG"
514998;2023-04-05;"quarta-feira";"05:00:00";"GO";158;149;"CAIAPONIA";"Ausência de reação do condutor";"Saída de leito carroçável";"Com Vítimas Feridas";"Amanhecer";"Decrescente";"Céu Claro";"Simples";"Declive;Reta";"Não";2;0;1;0;0;2;1;3;-16,89831902;-51,79683685;"SPRF-GO";"DEL04-GO";"UOP02-DEL04-GO"
514999;2023-04-05;"quarta-feira";"17:50:00";"PR";163;10;"BARRACAO";"Transitar na contramão";"Colisão frontal";"Com Vítimas Feridas";"Anoitecer";"Decrescente";"Céu Claro";"Simples";"Reta;Declive";"Sim";3;0;1;0;1;2;1;4;-26,25066;-53,635523;"SPRF-PR";"DEL02-PR";"UOP02-DEL02-PR"
515010;2023-04-05;"quarta-feira";"15:55:00";"PR";277;189;"PALMEIRA";"Reação tardia ou ineficiente do condutor";"Colisão lateral sentido oposto";"Com Vítimas Fatais";"Pleno dia";"Crescente";"Céu Claro";"Simples";"Curva";"Não";3;1;0;0;2;0;0;3;-25,43167044;-50,15578085;"SPRF-PR";"DEL08-PR";"UOP02-DEL08-PR"
515015;2023-04-05;"quarta-feira";"13:25:00";"RS";290;269,3;"CACHOEIRA DO SUL";"Velocidade Incompatível";"Colisão traseira";"Sem Vítimas";"Pleno dia";"Decrescente";"Nublado";"Simples";"Em Obras;Aclive;Reta";"Não";3;0;0;0;3;0;0;3;-30,271643;-52,916378;"SPRF-RS";"DEL02-RS";"UOP03-DEL02-RS"
515016;2023-04-05;"quarta-feira";"18:39:00";"SC";101;25,6;"JOINVILLE";"Acessar a via sem observar a presença dos outros veículos";"Colisão lateral mesmo sentido";"Sem Vítimas";"Plena Noite";"Crescente";"Nublado";"Dupla";"Reta;Declive;Interseção de Vias";"Sim";2;0;0;0;2;0;0;2;-26,1834739;-48,9105912;"SPRF-SC";"DEL03-SC";"UOP01-DEL03-SC"
515017;2023-04-05;"quarta-feira";"17:20:00";"PR";277;417,9;"CANTAGALO";"Avarias e/ou desgaste excessivo no pneu";"Colisão frontal";"Com Vítimas Fatais";"Pleno dia";"Crescente";"Chuva";"Simples";"Curva";"Não";4;2;0;0;1;1;0;3;-25,41878206;-52,06188295;"SPRF-PR";"DEL04-PR";"UOP02-DEL04-PR"
515018;2023-04-05;"quarta-feira";"18:45:00";"SP";116;76,3;"ROSEIRA";"Pista Escorregadia";"Colisão transversal";"Com Vítimas Feridas";"Plena Noite";"Crescente";"Chuva";"Dupla";"Reta";"Não";4;0;1;1;1;1;2;3;-22,8774768677;-45,2720390788;"SPRF-SP";"DEL08-SP";"UOP01-DEL08-SP"
515023;2023-04-05;"quarta-feira";"18:52:00";"PI";343;312;"ALTOS";"Transitar na contramão";"Colisão frontal";"Com Vítimas Feridas";"Plena Noite";"Crescente";"Garoa/Chuvisco";"Simples";"Reta";"Não";2;0;0;1;1;0;1;2;-5,041864;-42,502338;"SPRF-PI";"DEL01-PI";"UOP01-DEL01-PI"
515027;2023-04-05;"quarta-feira";"17:00:00";"PE";101;83;"JABOATAO DOS GUARARAPES";"Trafegar com motocicleta (ou similar) entre as faixas";"Tombamento";"Com Vítimas Feridas";"Anoitecer";"Decrescente";"Céu Claro";"Múltipla";"Reta";"Sim";2;0;0;1;1;0;1;2;-8,175172;-34,942642;"SPRF-PE";"DEL01-PE";"UOP01-DEL01-PE"
515028;2023-04-05;"quarta-feira";"19:35:00";"RN";304;95,8;"ACU";"Ausência de reação do condutor";"Colisão traseira";"Com Vítimas Fatais";"Plena Noite";"Crescente";"Céu Claro";"Simples";"Aclive";"Não";3;2;0;1;0;0;1;2;-5,55479419;-37,06347713;"SPRF-RN";"DEL04-RN";"UOP01-DEL04-RN"
515029;2023-04-05;"quarta-feira";"13:53:00";"PR";376;507,7;"PONTA GROSSA";"Velocidade Incompatível";"Tombamento";"Com Vítimas Feridas";"Pleno dia";"Crescente";"Sol";"Dupla";"Reta";"Não";4;0;1;0;0;3;1;3;-25,20219593;-50,07060264;"SPRF-PR";"DEL03-PR";"UOP04-DEL03-PR"
515036;2023-04-05;"quarta-feira";"20:30:00";"SP";116;204;"ARUJA";"Ausência de reação do condutor";"Colisão traseira";"Sem Vítimas";"Plena Noite";"Decrescente";"Céu Claro";"Múltipla";"Reta";"Sim";2;0;0;0;2;0;0;2;-23,41236123;-46,35692496;"SPRF-SP";"DEL01-SP";"UOP01-DEL01-SP"
515037;2023-04-05;"quarta-feira";"19:00:00";"SC";282;342;"CAMPOS NOVOS";"Reação tardia ou ineficiente do condutor";"Colisão traseira";"Sem Vítimas";"Plena Noite";"Decrescente";"Céu Claro";"Simples";"Rotatória";"Não";2;0;0;0;2;0;0;2;-27,5306;-51,390224;"SPRF-SC";"DEL07-SC";"UOP06-DEL07-SC"
515048;2023-04-05;"quarta-feira";"20:45:00";"SC";101;291;"IMBITUBA";"Ausência de reação do condutor";"Colisão traseira";"Com Vítimas Feridas";"Plena Noite";"Crescente";"Céu Claro";"Dupla";"Reta";"Não";2;0;0;1;1;0;1;2;-28,26980586;-48,70081551;"SPRF-SC";"DEL02-SC";"UOP03-DEL02-SC"
515049;2023-04-05;"quarta-feira";"18:35:00";"SC";480;128,9;"CHAPECO";"Reação tardia ou ineficiente do condutor";"Colisão traseira";"Com Vítimas Feridas";"Plena Noite";"Crescente";"Chuva";"Dupla";"Reta";"Sim";4;0;1;0;3;0;1;4;-27,04602306;-52,63598621;"SPRF-SC";"DEL07-SC";"UOP01-DEL07-SC"
515054;2023-04-05;"quarta-feira";"22:20:00";"PR";376;303;"MAUA DA SERRA";"Demais falhas mecânicas ou elétricas";"Incêndio";"Sem Vítimas";"Plena Noite";"Crescente";"Céu Claro";"Dupla";"Curva;Declive";"Não";2;0;0;0;1;1;0;2;-23,93412;-51,13591;"SPRF-PR";"DEL07-PR";"UOP02-DEL07-PR"
515063;2023-04-05;"quarta-feira";"23:10:00";"SC";101;276;"IMBITUBA";"Ausência de reação do condutor";"Colisão transversal";"Com Vítimas Feridas";"Plena Noite";"Decrescente";"Céu Claro";"Dupla";"Reta;Aclive";"Sim";3;0;0;1;1;2;1;4;-28,14644701;-48,69204746;"SPRF-SC";"DEL02-SC";"UOP03-DEL02-SC"
515065;2023-04-06;"quinta-feira";"00:23:00";"GO";20;55;"FORMOSA";"Ausência de reação do condutor";"Colisão traseira";"Com Vítimas Feridas";"Plena Noite";"Decrescente";"Céu Claro";"Simples";"Aclive";"Não";3;0;1;0;1;1;1;3;-15,289079;-47,151413;"SPRF-DF";"DEL02-DF";"UOP02-DEL02-DF"
515069;2023-03-08;"quarta-feira";"16:00:00";"PA";163;805;"RUROPOLIS";"Pista Escorregadia";"Eventos atípicos";"Sem Vítimas";"Pleno dia";"Decrescente";"Nublado";"Simples";"Curva;Aclive";"Não";2;0;0;0;1;3;0;4;-3,969537;-54,891342;"SPRF-PA";"DEL05-PA";"UOP01-DEL05-PA"
515071;2023-04-06;"quinta-feira";"04:40:00";"PR";369;95,2;"CORNELIO PROCOPIO";"Demais falhas mecânicas ou elétricas";"Incêndio";"Sem Vítimas";"Plena Noite";"Crescente";"Céu Claro";"Dupla";"Reta";"Não";1;0;0;0;1;0;0;1;-23,228516;-50,677408;"SPRF-PR";"DEL07-PR";"UOP05-DEL07-PR"