"id";"data_inversa";"dia_semana";"horario";"uf";"br";"km";"municipio";"causa_acidente";"tipo_acidente";"classificacao_acidente";"fase_dia";"sentido_via";"condicao_metereologica";"tipo_pista";"tracado_via";"uso_solo";"pessoas";"mortos";"feridos_leves";"feridos_graves";"ilesos";"ignorados";"feridos";"veiculos";"latitude";"longitude";"regional";"delegacia";"uop"
516012;2023-04-10;"segunda-feira";"10:20:00";"MG";381;451;"SABARA";"Ausência de reação do condutor";"Engavetamento";"Com Vítimas Feridas";"Pleno dia";"Decrescente";"Nublado";"Simples";"Reta;Aclive";"Não";4;0;2;0;2;0;2;3;-19,83832024;-43,8806931;"SPRF-MG";"DEL01-MG";"UOP01-DEL01-MG"
516015;2023-04-10;"segunda-feira";"07:15:00";"BA";116;572;"NOVA ITARANA";"Condutor deixou de manter distância do veículo da frente";"Colisão lateral mesmo sentido";"Com Vítimas Feridas";"Pleno dia";"Crescente";"Nublado";"Simples";"Reta";"Não";4;0;1;0;2;2;1;4;-13,026093;-39,96092;"SPRF-BA";"DEL03-BA";"UOP02-DEL03-BA"
516019;2023-04-10;"segunda-feira";"10:50:00";"RS";153;27,3;"TRES ARROIOS";"Velocidade Incompatível";"Saída de leito carroçável";"Com Vítimas Feridas";"Pleno dia";"Decrescente";"Sol";"Simples";"Curva";"Não";2;0;1;0;0;1;1;2;-27,51446;-52,14473;"SPRF-RS";"DEL08-RS";"UOP04-DEL08-RS"
516026;2023-04-10;"segunda-feira";"10:50:00";"CE";304;53;"ARACATI";"Reação tardia ou ineficiente do condutor";"Colisão transversal";"Com Vítimas Feridas";"Pleno dia";"Crescente";"Nublado";"Simples";"Interseção de Vias";"Não";6;0;2;1;2;1;3;4;-4,57402355;-37,73636121;"SPRF-CE";"DEL03-CE";"UOP03-DEL03-CE"
516030;2023-03-07;"terça-feira";"07:35:00";"BA";415;18;"ILHEUS";"Falta de acostamento";"Saída de leito carroçável";"Com Vítimas Feridas";"Pleno dia";"Crescente";"Céu Claro";"Dupla";"Reta";"Não";6;0;1;1;4;0;2;4;-14,79916381;-39,12465518;"SPRF-BA";"DEL05-BA";"UOP01-DEL05-BA"
516033;2023-04-10;"segunda-feira";"12:40:00";"PR";116;152;"MANDIRITUBA";"Acessar a via sem observar a presença dos outros veículos";"Colisão transversal";"Com Vítimas Feridas";"Pleno dia";"Crescente";"Céu Claro";"Simples";"Rotatória";"Sim";3;0;1;0;2;0;1;2;-25,83236296;-49,33609707;"SPRF-PR";"DEL01-PR";"UOP03-DEL01-PR"
516035;2023-04-10;"segunda-feira";"12:50:00";"RS";392;40,3;"RIO GRANDE";"Estacionar ou parar em local proibido";"Colisão lateral mesmo sentido";"Sem Vítimas";"Pleno dia";"Crescente";"Céu Claro";"Dupla";"Reta";"Não";3;0;0;0;3;0;0;2;-31,96338187;-52,30321871;"SPRF-RS";"DEL07-RS";"UOP02-DEL07-RS"
516037;2023-04-10;"segunda-feira";"12:35:00";"SP";153;81,3;"BADY BASSITT";"Ultrapassagem Indevida";"Colisão frontal";"Com Vítimas Feridas";"Pleno dia";"Decrescente";"Céu Claro";"Simples";"Curva";"Não";6;0;3;1;1;1;4;3;-20,912683;-49,491902;"SPRF-SP";"DEL09-SP";"UOP01-DEL09-SP"
516056;2023-03-01;"quarta-feira";"17:30:00";"ES";259;45,6;"COLATINA";"Velocidade Incompatível";"Tombamento";"Com Vítimas Feridas";"Pleno dia";"Crescente";"Sol";"Simples";"Retorno Regulamentado;Curva";"Sim";1;0;1;0;0;0;1;1;-19,53318486;-40,57148984;"SPRF-ES";"DEL02-ES";"UOP01-DEL02-ES"
516057;2023-04-10;"segunda-feira";"09:00:00";"MG";251;271;"SALINAS";"Ausência de reação do condutor";"Colisão lateral sentido oposto";"Com Vítimas Feridas";"Pleno dia";"Decrescente";"Nublado";"Simples";"Declive;Reta";"Não";3;0;1;0;1;2;1;4;-15,98578905;-42,04302993;"SPRF-MG";"DEL12-MG";"UOP01-DEL12-MG"
516059;2023-01-28;"sábado";"01:40:00";"MG";40;816;"SIMAO PEREIRA";"Reação tardia ou ineficiente do condutor";"Colisão traseira";"Com Vítimas Feridas";"Plena Noite";"Decrescente";"Nublado";"Múltipla";"Reta";"Não";31;0;2;0;28;1;2;3;-21,90755681;-43,31493223;"SPRF-MG";"DEL05-MG";"UOP01-DEL05-MG"
516064;2023-04-10;"segunda-feira";"15:00:00";"SC";101;376;"ICARA";"Reação tardia ou ineficiente do condutor";"Colisão lateral mesmo sentido";"Com Vítimas Feridas";"Pleno dia";"Decrescente";"Céu Claro";"Dupla";"Reta";"Sim";4;0;1;0;2;2;1;4;-28,72736111;-49,24066084;"SPRF-SC";"DEL02-SC";"UOP01-DEL02-SC"
516068;2023-04-10;"segunda-feira";"16:00:00";"PB";230;26,6;"JOAO PESSOA";"Reação tardia ou ineficiente do condutor";"Colisão lateral mesmo sentido";"Com Vítimas Feridas";"Pleno dia";"Decrescente";"Céu Claro";"Dupla";"Aclive";"Sim";3;0;1;0;2;0;1;3;-7,1693;-34,8782;"SPRF-PB";"DEL01-PB";"UOP01-DEL01-PB"
516073;2023-04-10;"segunda-feira";"16:30:00";"RJ";356;83;"ITALVA";"Acessar a via sem observar a presença dos outros veículos";"Colisão traseira";"Com Vítimas Feridas";"Pleno dia";"Crescente";"Nublado";"Dupla";"Aclive;Interseção de Vias;Reta";"Não";3;0;1;0;1;1;1;3;-21,47656091;-41,66549039;"SPRF-RJ";"DEL08-RJ";"UOP03-DEL08-RJ"
516074;2023-04-10;"segunda-feira";"14:40:00";"MT";364;346;"SANTO ANTONIO DO LEVERGER";"Ausência de reação do condutor";"Saída de leito carroçável";"Com Vítimas Feridas";"Pleno dia";"Crescente";"Chuva";"Simples";"Reta";"Não";1;0;0;1;0;0;1;1;-15,81193889;-55,53981241;"SPRF-MT";"DEL05-MT";"UOP02-DEL05-MT"
516078;2023-04-10;"segunda-feira";"16:10:00";"MS";158;227;"SELVIRIA";"Ausência de reação do condutor";"Engavetamento";"Com Vítimas Fatais";"Pleno dia";"Decrescente";"Sol";"Simples";"Reta";"Não";4;1;1;0;1;6;1;9;-20,515677;-51,578564;"SPRF-MS";"DEL07-MS";"UOP01-DEL07-MS"
516081;2023-04-10;"segunda-feira";"10:10:00";"BA";101;322,2;"PRESIDENTE TANCREDO NEVES";"Reação tardia ou ineficiente do condutor";"Tombamento";"Com Vítimas Feridas";"Pleno dia";"Crescente";"Céu Claro";"Simples";"Reta";"Não";1;0;1;0;0;0;1;1;-13,404537;-39,407253;"SPRF-BA";"DEL05-BA";"UOP03-DEL05-BA"
516091;2023-04-09;"domingo";"22:40:00";"PR";373;218;"IMBITUVA";"Reação tardia ou ineficiente do condutor";"Colisão lateral mesmo sentido";"Sem Vítimas";"Plena Noite";"Decrescente";"Céu Claro";"Simples";"Reta";"Não";3;0;0;0;2;2;0;4;-25,16241629;-50,56069189;"SPRF-PR";"DEL03-PR";"UOP01-DEL03-PR"
516094;2023-04-10;"segunda-feira";"14:30:00";"BA";116;540;"MILAGRES";"Ultrapassagem Indevida";"Colisão frontal";"Com Vítimas Fatais";"Pleno dia";"Crescente";"Céu Claro";"Simples";"Reta;Aclive";"Não";5;2;3;0;0;0;3;2;-12,82469494;-39,82778263;"SPRF-BA";"DEL03-BA";"UOP02-DEL03-BA"
516102;2023-04-10;"segunda-feira";"18:30:00";"GO";153;501,2;"GOIANIA";"Trafegar com motocicleta (ou similar) entre as faixas";"Colisão lateral mesmo sentido";"Com Vítimas Feridas";"Anoitecer";"Crescente";"Chuva";"Múltipla";"Reta;Aclive";"Sim";4;0;1;0;2;1;1;4;-16,71344183;-49,23382831;"SPRF-GO";"DEL01-GO";"UOP01-DEL01-GO"
516103;2023-02-10;"sexta-feira";"05:00:00";"MG";40;590,8;"ITABIRITO";"Demais falhas mecânicas ou elétricas";"Colisão traseira";"Com Vítimas Feridas";"Pleno dia";"Decrescente";"Céu Claro";"Dupla";"Declive;Curva";"Não";3;0;1;0;1;2;1;4;-20,36807799;-43,90982881;"SPRF-MG";"DEL01-MG";"UOP02-DEL01-MG"
516107;2023-04-10;"segunda-feira";"16:20:00";"SC";282;304,8;"VARGEM";"Demais falhas mecânicas ou elétricas";"Tombamento";"Com Vítimas Feridas";"Pleno dia";"Decrescente";"Céu Claro";"Simples";"Curva;Declive";"Não";1;0;1;0;0;0;1;1;-27,496103;-50,940418;"SPRF-SC";"DEL07-SC";"UOP06-DEL07-SC"
516116;2023-04-10;"segunda-feira";"19:55:00";"MG";381;923,3;"CAMANDUCAIA";"Manobra de mudança de faixa";"Colisão com objeto";"Com Vítimas Feridas";"Plena Noite";"Crescente";"Céu Claro";"Dupla";"Curva";"Não";4;0;1;0;2;1;1;2;-22,775098;-46,187426;"SPRF-MG";"DEL16-MG";"UOP03-DEL16-MG"
516117;2023-04-10;"segunda-feira";"19:00:00";"RS";153;41,8;"ERECHIM";"Manobra de mudança de faixa";"Colisão transversal";"Com Vítimas Feridas";"Plena Noite";"Decrescente";"Céu Claro";"Simples";"Curva;Aclive";"Não";4;0;0;1;2;1;1;3;-27,60452;-52,23646;"SPRF-RS";"DEL08-RS";"UOP04-DEL08-RS"
516123;2023-03-19;"domingo";"03:20:00";"PI";343;453,5;"SAO PEDRO DO PIAUI";"Acessar a via sem observar a presença dos outros veículos";"Colisão transversal";"Com Vítimas Fatais";"Plena Noite";"Decrescente";"Céu Claro";"Simples";"Reta";"Não";2;1;0;0;1;0;0;2;-5,93665;-42,71008;"SPRF-PI";"DEL01-PI";"UOP02-DEL01-PI"
516124;2023-04-10;"segunda-feira";"19:10:00";"MG";40;579;"ITABIRITO";"Carga excessiva e/ou mal acondicionada";"Derramamento de carga";"Sem Vítimas";"Plena Noite";"Crescente";"Nevoeiro/Neblina";"Dupla";"Reta";"Não";2;0;0;0;1;1;0;2;-20,28638301;-43,94212592;"SPRF-MG";"DEL01-MG";"UOP02-DEL01-MG"
516125;2023-04-10;"segunda-feira";"19:00:00";"MT";158;416;"RIBEIRAO CASCALHEIRA";"Reação tardia ou ineficiente do condutor";"Colisão frontal";"Com Vítimas Fatais";"Plena Noite";"Decrescente";"Céu Claro";"Simples";"Declive;Curva";"Não";3;1;0;0;2;0;0;2;-12,88628215;-51,81995734;"SPRF-MT";"DEL07-MT";"UOP02-DEL07-MT"
516126;2023-04-10;"segunda-feira";"19:20:00";"BA";242;570;"IBOTIRAMA";"Curva acentuada";"Colisão lateral sentido oposto";"Com Vítimas Feridas";"Plena Noite";"Decrescente";"Ignorado";"Simples";"Curva";"Não";3;0;0;1;1;1;1;3;-12,0875676;-43,16156566;"SPRF-BA";"DEL10-BA";"UOP02-DEL10-BA"
516127;2023-04-10;"segunda-feira";"19:45:00";"MS";262;396,5;"TERENOS";"Reação tardia ou ineficiente do condutor";"Saída de leito carroçável";"Com Vítimas Feridas";"Plena Noite";"Crescente";"Nublado";"Simples";"Reta;Interseção de Vias";"Não";3;0;1;0;0;2;1;3;-20,423299;-54,988236;"SPRF-MS";"DEL01-MS";"UOP03-DEL01-MS"
516128;2023-04-10;"segunda-feira";"21:07:00";"TO";153;402;"MIRANORTE";"Reação tardia ou ineficiente do condutor";"Colisão traseira";"Com Vítimas Feridas";"Plena Noite";"Crescente";"Céu Claro";"Simples";"Reta";"Não";5;0;2;0;2;2;2;5;-9,42769595;-48,5731633;"SPRF-TO";"DEL02-TO";"UOP02-DEL02-TO"
516144;2023-04-10;"segunda-feira";"22:00:00";"MA";10;276,9;"IMPERATRIZ";"Pista esburacada";"Tombamento";"Com Vítimas Feridas";"Plena Noite";"Decrescente";"Nublado";"Simples";"Declive";"Não";2;0;0;1;0;1;1;2;-5,321293;-47,492573;"SPRF-MA";"DEL04-MA";"UOP01-DEL04-MA"
516147;2023-04-11;"terça-feira";"00:05:00";"MG";381;853;"POUSO ALEGRE";"Ausência de reação do condutor";"Colisão traseira";"Com Vítimas Feridas";"Plena Noite";"Decrescente";"Ignorado";"Dupla";"Reta;Aclive";"Não";2;0;0;1;1;0;1;2;-22,30499294;-45,90167524;"SPRF-MG";"DEL16-MG";"UOP01-DEL16-MG"
516148;2023-04-10;"segunda-feira";"21:30:00";"AL";101;16;"NOVO LINO";"Demais falhas mecânicas ou elétricas";"Tombamento";"Com Vítimas Feridas";"Plena Noite";"Crescente";"Nublado";"Dupla";"Curva";"Não";2;0;1;0;0;1;1;2;-8,99730698;-35,6760262;"SPRF-AL";"DEL01-AL";"UOP02-DEL01-AL"
516158;2023-04-11;"terça-feira";"04:40:00";"MG";40;551,4;"NOVA LIMA";"Ausência de reação do condutor";"Colisão traseira";"Com Vítimas Feridas";"Amanhecer";"Crescente";"Céu Claro";"Dupla";"Reta;Aclive";"Sim";6;0;2;0;3;1;2;3;-20,05964568;-43,97660147;"SPRF-MG";"DEL01-MG";"UOP02-DEL01-MG"
516162;2023-04-11;"terça-feira";"06:10:00";"ES";101;122,3;"LINHARES";"Ausência de reação do condutor";"Colisão traseira";"Com Vítimas Fatais";"Pleno dia";"Crescente";"Chuva";"Simples";"Declive;Reta";"Não";2;1;1;0;0;0;1;2;-19,16834502;-40,08717096;"SPRF-ES";"DEL04-ES";"UOP01-DEL04-ES"
516169;2023-04-11;"terça-feira";"06:55:00";"PR";116;118;"CURITIBA";"Deixar de acionar o farol da motocicleta (ou similar)";"Colisão traseira";"Com Vítimas Feridas";"Pleno dia";"Decrescente";"Céu Claro";"Dupla";"Reta";"Sim";2;0;1;0;1;0;1;2;-25,54657438;-49,29173608;"SPRF-PR";"DEL01-PR";"UOP03-DEL01-PR"
516170;2023-04-11;"terça-feira";"05:50:00";"MG";40;234;"SAO GONCALO DO ABAETE";"Acostamento em desnível";"Tombamento";"Sem Vítimas";"Amanhecer";"Crescente";"Nublado";"Simples";"Reta;Aclive";"Não";6;0;0;0;5;1;0;4;-18,02096892;-45,54574102;"SPRF-MG";"DEL14-MG";"UOP02-DEL14-MG"
516183;2023-04-07;"sexta-feira";"15:30:00";"PR";277;346;"GUARAPUAVA";"Manobra de mudança de faixa";"Colisão lateral sentido oposto";"Sem Vítimas";"Pleno dia";"Crescente";"Céu Claro";"Simples";"Curva";"Sim";2;0;0;0;2;0;0;2;-25,33928412;-51,42880296;"SPRF-PR";"DEL08-PR";"UOP01-DEL08-PR"
516191;2023-04-11;"terça-feira";"08:02:00";"MG";381;925,1;"ITAPEVA";"Velocidade Incompatível";"Tombamento";"Com Vítimas Feridas";"Pleno dia";"Crescente";"Nublado";"Dupla";"Curva";"Sim";3;0;1;0;1;1;1;3;-22,7711491;-46,19925213;"SPRF-MG";"DEL16-MG";"UOP03-DEL16-MG"
516194;2023-04-11;"terça-feira";"09:10:00";"RS";116;0;"CANOAS";"Manobra de mudança de faixa";"Colisão lateral mesmo sentido";"Com Vítimas Feridas";"Pleno dia";"Crescente";"Céu Claro";"Dupla";"Reta";"Não";2;0;1;0;1;0;1;2;-29,96946914;-51,17649972;"SPRF-RS";"DEL01-RS";"UOP01-DEL01-RS"
516196;2023-04-11;"terça-feira";"09:20:00";"SP";116;449,5;"REGISTRO";"Reação tardia ou ineficiente do condutor";"Colisão traseira";"Com Vítimas Fatais";"Pleno dia";"Crescente";"Céu Claro";"Dupla";"Reta";"Sim";2;1;0;0;1;0;0;2;-24,52913591;-47,85619324;"SPRF-SP";"DEL05-SP";"UOP01-DEL05-SP"
516203;2023-04-11;"terça-feira";"07:00:00";"RJ";116;203;"QUEIMADOS";"Ausência de reação do condutor";"Atropelamento de Pedestre";"Com Vítimas Feridas";"Pleno dia";"Crescente";"Céu Claro";"Dupla";"Reta";"Sim";2;0;1;0;1;0;1;2;-22,72875417;-43,63220017;"SPRF-RJ";"DEL01-RJ";"UOP03-DEL01-RJ"
516208;2023-04-07;"sexta-feira";"07:01:00";"SC";470;180;"POUSO REDONDO";"Acumulo de água sobre o pavimento";"Colisão lateral sentido oposto";"Com Vítimas Feridas";"Pleno dia";"Crescente";"Garoa/Chuvisco";"Simples";"Reta";"Não";5;0;2;1;2;0;3;3;-27,249525;-49,987041;"SPRF-SC";"DEL04-SC";"UOP02-DEL04-SC"
516211;2023-04-11;"terça-feira";"07:20:00";"RS";392;175;"PIRATINI";"Acessar a via sem observar a presença dos outros veículos";"Colisão transversal";"Com Vítimas Feridas";"Amanhecer";"Decrescente";"Nevoeiro/Neblina";"Simples";"Reta";"Não";4;0;2;0;1;1;2;3;-31,02979715;-53,03742314;"SPRF-RS";"DEL07-RS";"UOP01-DEL07-RS"
516214;2023-04-11;"terça-feira";"07:30:00";"SC";470;34,9;"GASPAR";"Manobra de mudança de faixa";"Colisão transversal";"Com Vítimas Feridas";"Pleno dia";"Decrescente";"Céu Claro";"Simples";"Reta";"Sim";5;0;2;0;2;1;2;4;-26,91276988;-48,95817968;"SPRF-SC";"DEL04-SC";"UOP01-DEL04-SC"
516219;2023-04-11;"terça-feira";"09:40:00";"PB";101;79;"SANTA RITA";"Demais falhas mecânicas ou elétricas";"Colisão com objeto";"Sem Vítimas";"Pleno dia";"Decrescente";"Sol";"Dupla";"Reta";"Não";1;0;0;0;1;0;0;1;-7,1147526;-34,95793891;"SPRF-PB";"DEL01-PB";"UOP04-DEL01-PB"
516221;2023-04-11;"terça-feira";"11:50:00";"ES";101;266,1;"SERRA";"Condutor deixou de manter distância do veículo da frente";"Colisão traseira";"Com Vítimas Feridas";"Pleno dia";"Crescente";"Nublado";"Múltipla";"Reta;Interseção de Vias";"Sim";2;0;0;1;1;0;1;2;-20,190199;-40,26828891;"SPRF-ES";"DEL02-ES";"UOP01-DEL02-ES"
516226;2023-04-11;"terça-feira";"10:30:00";"GO";153;323;"RIANAPOLIS";"Acessar a via sem observar a presença dos outros veículos";"Colisão lateral mesmo sentido";"Sem Vítimas";"Pleno dia";"Decrescente";"Céu Claro";"Simples";"Reta;Aclive";"Não";2;0;0;0;1;1;0;2;-15,473006;-49,496449;"SPRF-GO";"DEL02-GO";"UOP02-DEL02-GO"
516227;2023-04-11;"terça-feira";"12:15:00";"PI";343;33,4;"PARNAIBA";"Acessar a via sem observar a presença dos outros veículos";"Colisão transversal";"Sem Vítimas";"Pleno dia";"Crescente";"Sol";"Simples";"Interseção de Vias";"Não";2;0;0;0;2;0;0;2;-3,097037;-41,780117;"SPRF-PI";"DEL05-PI";"UOP01-DEL05-PI"
516233;2023-04-03;"segunda-feira";"04:10:00";"SC";116;127,2;"SANTA CECILIA";"Transitar na contramão";"Colisão lateral sentido oposto";"Sem Vítimas";"Plena Noite";"Crescente";"Nublado";"Simples";"Aclive;Reta";"Não";3;0;0;0;3;0;0;2;-26,87270031;-50,41550285;"SPRF-SC";"DEL06-SC";"UOP02-DEL06-SC"
516236;2023-04-11;"terça-feira";"14:00:00";"SP";116;25,2;"LAVRINHAS";"Ausência de reação do condutor";"Colisão traseira";"Com Vítimas Feridas";"Pleno dia";"Crescente";"Sol";"Múltipla";"Reta;Aclive";"Sim";8;0;6;1;1;0;7;2;-22,60592606;-44,89504495;"SPRF-SP";"DEL08-SP";"UOP02-DEL08-SP"
516238;2023-04-11;"terça-feira";"14:00:00";"MG";262;876;"CAMPO FLORIDO";"Acessar a via sem observar a presença dos outros veículos";"Colisão transversal";"Com Vítimas Feridas";"Pleno dia";"Decrescente";"Céu Claro";"Simples";"Retorno Regulamentado;Reta";"Sim";3;0;1;0;1;3;1;5;-19,78185033;-48,50810792;"SPRF-MG";"DEL13-MG";"UOP01-DEL13-MG"
516240;2023-04-11;"terça-feira";"12:50:00";"RS";290;602;"ALEGRETE";"Avarias e/ou desgaste excessivo no pneu";"Saída de leito carroçável";"Sem Vítimas";"Pleno dia";"Decrescente";"Céu Claro";"Simples";"Reta";"Não";2;0;0;0;1;1;0;2;-29,872198;-55,982094;"SPRF-RS";"DEL13-RS";"UOP02-DEL13-RS"
516243;2023-04-11;"terça-feira";"13:00:00";"MG";381;930,4;"ITAPEVA";"Reação tardia ou ineficiente do condutor";"Colisão lateral mesmo sentido";"Sem Vítimas";"Pleno dia";"Decrescente";"Sol";"Dupla";"Reta";"Não";4;0;0;0;3;1;0;3;-22,78017498;-46,24001926;"SPRF-MG";"DEL16-MG";"UOP03-DEL16-MG"
516247;2023-04-10;"segunda-feira";"15:00:00";"MT";70;120;"GENERAL CARNEIRO";"Velocidade Incompatível";"Tombamento";"Com Vítimas Feridas";"Pleno dia";"Crescente";"Céu Claro";"Simples";"Curva";"Não";2;0;1;0;0;1;1;2;-15,59752533;-53,12106998;"SPRF-MT";"DEL07-MT";"UOP01-DEL07-MT"
516248;2023-04-11;"terça-feira";"12:30:00";"PR";153;23,3;"JACAREZINHO";"Carga excessiva e/ou mal acondicionada";"Tombamento";"Com Vítimas Feridas";"Pleno dia";"Crescente";"Sol";"Dupla";"Rotatória";"Não";2;0;1;0;0;1;1;2;-23,17225028;-49,96840286;"SPRF-PR";"DEL07-PR";"UOP04-DEL07-PR"
516249;2023-04-11;"terça-feira";"12:45:00";"GO";153;635;"MORRINHOS";"Demais falhas mecânicas ou elétricas";"Capotamento";"Com Vítimas Feridas";"Pleno dia";"Crescente";"Céu Claro";"Dupla";"Reta";"Não";1;0;1;0;0;0;1;1;-17,8366;-49,2167;"SPRF-GO";"DEL03-GO";"UOP01-DEL03-GO"
516250;2023-04-11;"terça-feira";"13:50:00";"RS";116;613;"ARROIO GRANDE";"Demais falhas mecânicas ou elétricas";"Saída de leito carroçável";"Com Vítimas Feridas";"Pleno dia";"Crescente";"Céu Claro";"Simples";"Reta";"Não";2;0;1;0;1;0;1;1;-32,25818979;-53,08395721;"SPRF-RS";"DEL07-RS";"UOP03-DEL07-RS"
516251;2023-04-11;"terça-feira";"14:35:00";"MG";381;494,5;"BETIM";"Acessar a via sem observar a presença dos outros veículos";"Colisão traseira";"Com Vítimas Feridas";"Pleno dia";"Decrescente";"Céu Claro";"Múltipla";"Reta;Declive";"Sim";3;0;2;0;1;0;2;2;-19,96882122;-44,18069243;"SPRF-MG";"DEL01-MG";"UOP03-DEL01-MG"
516252;2023-04-11;"terça-feira";"13:30:00";"RJ";40;121;"DUQUE DE CAXIAS";"Demais falhas mecânicas ou elétricas";"Tombamento";"Com Vítimas Feridas";"Pleno dia";"Decrescente";"Céu Claro";"Múltipla";"Reta";"Sim";3;0;1;1;1;0;2;2;-22,78185499;-43,28571273;"SPRF-RJ";"DEL01-RJ";"UOP01-DEL01-RJ"
516253;2023-04-11;"terça-feira";"15:00:00";"MG";381;1,7;"BETIM";"Problema com o freio";"Colisão lateral mesmo sentido";"Com Vítimas Feridas";"Pleno dia";"Crescente";"Céu Claro";"Dupla";"Reta;Em Obras";"Sim";6;0;0;1;4;1;1;6;-19,9750705;-44,1611538;"SPRF-MG";"DEL01-MG";"UOP03-DEL01-MG"
516254;2023-04-11;"terça-feira";"13:00:00";"RN";304;11;"MOSSORO";"Reação tardia ou ineficiente do condutor";"Tombamento";"Com Vítimas Feridas";"Pleno dia";"Crescente";"Céu Claro";"Simples";"Reta";"Não";1;0;1;0;0;0;1;1;-4,96418497;-37,39394095;"SPRF-RN";"DEL04-RN";"UOP02-DEL04-RN"
516257;2023-04-11;"terça-feira";"01:40:00";"MG";153;3,2;"ARAPORA";"Condutor Dormindo";"Saída de leito carroçável";"Sem Vítimas";"Plena Noite";"Crescente";"Céu Claro";"Dupla";"Reta";"Sim";2;0;0;0;1;1;0;2;-18,44267098;-49,18831685;"SPRF-MG";"DEL15-MG";"UOP03-DEL15-MG"
516259;2023-02-10;"sexta-feira";"14:50:00";"RS";470;220;"GARIBALDI";"Desrespeitar a preferência no cruzamento";"Colisão transversal";"Com Vítimas Feridas";"Pleno dia";"Crescente";"Chuva";"Simples";"Retorno Regulamentado;Aclive;Reta";"Sim";2;0;1;0;1;0;1;2;-29,18739172;-51,52056521;"SPRF-RS";"DEL06-RS";"UOP01-DEL06-RS"
516262;2023-04-11;"terça-feira";"14:45:00";"BA";110;383;"CATU";"Avarias e/ou desgaste excessivo no pneu";"Saída de leito carroçável";"Sem Vítimas";"Pleno dia";"Crescente";"Céu Claro";"Simples";"Curva";"Não";2;0;0;0;1;3;0;4;-12,41492998;-38,47450733;"SPRF-BA";"DEL01-BA";"UOP01-DEL01-BA"
516263;2023-04-11;"terça-feira";"11:00:00";"RS";285;127,1;"VACARIA";"Acessar a via sem observar a presença dos outros veículos";"Colisão transversal";"Com Vítimas Feridas";"Pleno dia";"Decrescente";"Céu Claro";"Simples";"Curva;Interseção de Vias";"Não";3;0;0;1;1;2;1;4;-28,46661635;-50,97186327;"SPRF-RS";"DEL05-RS";"UOP03-DEL05-RS"
516268;2023-04-11;"terça-feira";"16:21:00";"SP";116;78,9;"ROSEIRA";"Pedestre cruzava a pista fora da faixa";"Atropelamento de Pedestre";"Com Vítimas Feridas";"Pleno dia";"Crescente";"Céu Claro";"Dupla";"Reta";"Não";3;0;0;1;1;1;1;3;-22,88893407;-45,28690695;"SPRF-SP";"DEL08-SP";"UOP01-DEL08-SP"
516274;2023-04-11;"terça-feira";"18:00:00";"SE";235;90,5;"NOSSA SENHORA DO SOCORRO";"Reação tardia ou ineficiente do condutor";"Queda de ocupante de veículo";"Com Vítimas Fatais";"Anoitecer";"Decrescente";"Céu Claro";"Múltipla";"Reta";"Sim";4;1;1;0;1;2;1;4;-10,89589294;-37,13202953;"SPRF-SE";"DEL01-SE";"UOP02-DEL01-SE"
516281;2023-04-11;"terça-feira";"18:00:00";"PR";153;383;"MALLET";"Transitar na contramão";"Colisão frontal";"Com Vítimas Fatais";"Plena Noite";"Crescente";"Céu Claro";"Simples";"Reta";"Não";3;1;0;0;1;1;0;3;-25,84315731;-50,83605766;"SPRF-PR";"DEL08-PR";"UOP02-DEL08-PR"
516287;2023-04-11;"terça-feira";"10:40:00";"PR";153;123;"IBAITI";"Problema com o freio";"Incêndio";"Sem Vítimas";"Pleno dia";"Crescente";"Céu Claro";"Simples";"Reta";"Não";2;0;0;0;1;1;0;2;-23,94740787;-50,23865266;"SPRF-PR";"DEL07-PR";"UOP04-DEL07-PR"
516291;2023-04-11;"terça-feira";"16:20:00";"PR";153;69;"CONSELHEIRO MAIRINCK";"Problema com o freio";"Eventos atípicos";"Sem Vítimas";"Pleno dia";"Decrescente";"Céu Claro";"Simples";"Reta";"Não";2;0;0;0;1;1;0;2;-23,51588827;-50,11444921;"SPRF-PR";"DEL07-PR";"UOP04-DEL07-PR"
516292;2023-04-11;"terça-feira";"17:55:00";"PE";428;76;"SANTA MARIA DA BOA VISTA";"Condutor deixou de manter distância do veículo da frente";"Colisão traseira";"Sem Vítimas";"Plena Noite";"Decrescente";"Céu Claro";"Simples";"Reta;Aclive";"Não";3;0;0;0;2;1;0;3;-8,7412872;-39,79087579;"SPRF-PE";"DEL06-PE";"UOP03-DEL06-PE"
516293;2023-04-11;"terça-feira";"18:30:00";"PE";104;56;"CARUARU";"Ingestão de álcool pelo condutor";"Colisão lateral mesmo sentido";"Sem Vítimas";"Plena Noite";"Decrescente";"Céu Claro";"Dupla";"Reta";"Sim";2;0;0;0;2;0;0;2;-8,2098;-35,9712;"SPRF-PE";"DEL02-PE";"UOP01-DEL02-PE"
516295;2023-04-11;"terça-feira";"17:10:00";"RJ";40;96;"PETROPOLIS";"Velocidade Incompatível";"Tombamento";"Com Vítimas Feridas";"Pleno dia";"Decrescente";"Céu Claro";"Simples";"Curva;Aclive";"Não";2;0;1;0;0;1;1;2;-22,56876595;-43,27693723;"SPRF-RJ";"DEL01-RJ";"UOP01-DEL01-RJ"
516299;2023-04-11;"terça-feira";"19:50:00";"MT";364;204;"RONDONOPOLIS";"Reação tardia ou ineficiente do condutor";"Colisão lateral mesmo sentido";"Com Vítimas Fatais";"Plena Noite";"Decrescente";"Céu Claro";"Dupla";"Retorno Regulamentado";"Sim";3;1;0;0;1;1;0;3;-16,48347324;-54,64970354;"SPRF-MT";"DEL02-MT";"UOP01-DEL02-MT"