"id";"data_inversa";"dia_semana";"horario";"uf";"br";"km";"municipio";"causa_acidente";"tipo_acidente";"classificacao_acidente";"fase_dia";"sentido_via";"condicao_metereologica";"tipo_pista";"tracado_via";"uso_solo";"pessoas";"mortos";"feridos_leves";"feridos_graves";"ilesos";"ignorados";"feridos";"veiculos";"latitude";"longitude";"regional";"delegacia";"uop"
516300;2023-04-11;"terça-feira";"20:10:00";"CE";222;34;"CAUCAIA";"Pista esburacada";"Colisão traseira";"Com Vítimas Feridas";"Plena Noite";"Crescente";"Céu Claro";"Dupla";"Reta";"Não";2;0;2;0;0;0;2;2;-3,70296419;-38,85572805;"SPRF-CE";"DEL01-CE";"UOP01-DEL01-CE"
516303;2023-04-11;"terça-feira";"17:30:00";"BA";30;338;"MALHADA DE PEDRAS";"Ausência de reação do condutor";"Colisão frontal";"Com Vítimas Feridas";"Anoitecer";"Decrescente";"Céu Claro";"Simples";"Curva";"Não";3;0;0;1;2;0;1;2;-14,23301;-41,901219;"SPRF-BA";"DEL08-BA";"UOP01-DEL08-BA"
516310;2023-04-11;"terça-feira";"17:00:00";"MG";262;611,2;"IBIA";"Pista Escorregadia";"Saída de leito carroçável";"Com Vítimas Feridas";"Anoitecer";"Crescente";"Chuva";"Simples";"Curva;Declive";"Não";1;0;1;0;0;0;1;1;-19,59794921;-46,2913541;"SPRF-MG";"DEL08-MG";"UOP02-DEL08-MG"
516315;2023-04-11;"terça-feira";"22:45:00";"PB";101;122;"CAAPORA";"Ausência de reação do condutor";"Colisão traseira";"Com Vítimas Feridas";"Plena Noite";"Decrescente";"Céu Claro";"Dupla";"Curva;Aclive";"Não";2;0;1;0;1;0;1;2;-7,45038197;-34,97994215;"SPRF-PB";"DEL01-PB";"UOP02-DEL01-PB"
516318;2023-04-12;"quarta-feira";"00:40:00";"SC";470;55;"BLUMENAU";"Ingestão de álcool pelo condutor";"Colisão frontal";"Sem Vítimas";"Plena Noite";"Crescente";"Céu Claro";"Simples";"Reta";"Sim";4;0;0;0;3;1;0;4;-26,875601;-49,117992;"SPRF-SC";"DEL04-SC";"UOP01-DEL04-SC"
516322;2023-04-12;"quarta-feira";"02:00:00";"PR";376;531;"PALMEIRA";"Avarias e/ou desgaste excessivo no pneu";"Incêndio";"Sem Vítimas";"Plena Noite";"Crescente";"Ignorado";"Dupla";"Aclive";"Não";1;0;0;0;1;0;0;1;-25,30142;-49,890916;"SPRF-PR";"DEL03-PR";"UOP03-DEL03-PR"
516327;2023-01-05;"quinta-feira";"15:20:00";"MG";40;469,8;"SETE LAGOAS";"Chuva";"Saída de leito carroçável";"Com Vítimas Feridas";"Pleno dia";"Crescente";"Garoa/Chuvisco";"Múltipla";"Reta";"Sim";3;0;1;0;1;1;1;3;-19,46099279;-44,30121988;"SPRF-MG";"DEL02-MG";"UOP01-DEL02-MG"
516330;2023-04-12;"quarta-feira";"05:40:00";"MG";251;520,8;"MONTES CLAROS";"Demais falhas mecânicas ou elétricas";"Incêndio";"Sem Vítimas";"Pleno dia";"Crescente";"Céu Claro";"Simples";"Curva";"Não";2;0;0;0;1;1;0;2;-16,66359617;-43,77730598;"SPRF-MG";"DEL12-MG";"UOP01-DEL12-MG"
516334;2023-04-12;"quarta-feira";"07:00:00";"MG";40;516;"RIBEIRAO DAS NEVES";"Condutor deixou de manter distância do veículo da frente";"Colisão traseira";"Com Vítimas Feridas";"Pleno dia";"Crescente";"Nublado";"Dupla";"Reta";"Sim";3;0;1;0;1;2;1;4;-19,81628624;-44,08960124;"SPRF-MG";"DEL01-MG";"UOP02-DEL01-MG"
516362;2023-04-12;"quarta-feira";"10:30:00";"MG";381;516;"IGARAPE";"Ausência de reação do condutor";"Colisão traseira";"Com Vítimas Feridas";"Pleno dia";"Decrescente";"Céu Claro";"Dupla";"Curva;Declive";"Não";3;0;0;1;1;1;1;3;-20,10866993;-44,31488799;"SPRF-MG";"DEL04-MG";"UOP03-DEL04-MG"
516366;2023-04-12;"quarta-feira";"11:00:00";"SC";101;327,7;"CAPIVARI DE BAIXO";"Manobra de mudança de faixa";"Colisão lateral mesmo sentido";"Sem Vítimas";"Pleno dia";"Crescente";"Céu Claro";"Dupla";"Reta;Aclive";"Não";4;0;0;0;2;2;0;3;-28,43023306;-48,95205197;"SPRF-SC";"DEL02-SC";"UOP01-DEL02-SC"
516367;2023-04-12;"quarta-feira";"10:00:00";"PA";155;270;"ELDORADO DO CARAJAS";"Ausência de reação do condutor";"Colisão lateral sentido oposto";"Com Vítimas Feridas";"Pleno dia";"Crescente";"Céu Claro";"Simples";"Reta";"Não";3;0;0;1;0;3;1;4;-5,9805958;-49,23350923;"SPRF-PA";"DEL03-PA";"UOP01-DEL03-PA"
516368;2023-04-12;"quarta-feira";"09:50:00";"SC";153;97,7;"CONCORDIA";"Entrada inopinada do pedestre";"Atropelamento de Pedestre";"Com Vítimas Fatais";"Pleno dia";"Decrescente";"Céu Claro";"Simples";"Curva";"Não";2;1;0;0;1;0;0;2;-27,23137;-51,95256;"SPRF-SC";"DEL07-SC";"UOP04-DEL07-SC"
516369;2023-04-12;"quarta-feira";"10:50:00";"SP";116;317;"JUQUITIBA";"Problema com o freio";"Colisão traseira";"Com Vítimas Feridas";"Pleno dia";"Decrescente";"Nublado";"Dupla";"Reta";"Não";2;0;1;0;0;1;1;2;-23,91799802;-46,98973192;"SPRF-SP";"DEL04-SP";"UOP03-DEL04-SP"
516377;2023-04-12;"quarta-feira";"08:05:00";"DF";0;0;"BRASILIA";"Reação tardia ou ineficiente do condutor";"Colisão traseira";"Sem Vítimas";"Pleno dia";"Não Informado";"Céu Claro";"Dupla";"Interseção de Vias";"Sim";2;0;0;0;2;0;0;2;-15,739533;-47,89059;"N/A";"N/A";"N/A"
516378;2023-04-12;"quarta-feira";"07:50:00";"BA";116;747,2;"POCOES";"Velocidade Incompatível";"Tombamento";"Com Vítimas Feridas";"Pleno dia";"Decrescente";"Céu Claro";"Simples";"Reta";"Não";2;0;1;0;0;2;1;3;-14,40741502;-40,35443706;"SPRF-BA";"DEL08-BA";"UOP02-DEL08-BA"
516381;2023-04-12;"quarta-feira";"12:10:00";"MT";364;342;"SANTO ANTONIO DO LEVERGER";"Ausência de reação do condutor";"Saída de leito carroçável";"Com Vítimas Feridas";"Pleno dia";"Crescente";"Nublado";"Dupla";"Curva";"Não";2;0;1;0;0;1;1;2;-15,82665672;-55,5089038;"SPRF-MT";"DEL05-MT";"UOP02-DEL05-MT"
516382;2023-04-12;"quarta-feira";"12:55:00";"PE";232;118,5;"CARUARU";"Condutor deixou de manter distância do veículo da frente";"Colisão traseira";"Com Vítimas Feridas";"Pleno dia";"Decrescente";"Céu Claro";"Dupla";"Reta";"Não";3;0;1;0;1;1;1;3;-8,29431633;-35,88437194;"SPRF-PE";"DEL02-PE";"UOP01-DEL02-PE"
516385;2023-04-12;"quarta-feira";"13:29:00";"DF";70;3;"BRASILIA";"Ausência de reação do condutor";"Colisão lateral mesmo sentido";"Sem Vítimas";"Pleno dia";"Crescente";"Nublado";"Múltipla";"Curva";"Não";2;0;0;0;2;0;0;2;-15,802453;-48,080387;"SPRF-DF";"DEL03-DF";"UOP02-DEL03-DF"
516388;2023-04-12;"quarta-feira";"12:55:00";"SP";116;545;"BARRA DO TURVO";"Ausência de reação do condutor";"Tombamento";"Com Vítimas Feridas";"Pleno dia";"Decrescente";"Céu Claro";"Simples";"Curva;Declive";"Não";2;0;1;0;0;1;1;2;-24,963821;-48,424261;"SPRF-SP";"DEL05-SP";"UOP02-DEL05-SP"
516389;2023-03-27;"segunda-feira";"13:10:00";"SP";116;58;"GUARATINGUETA";"Manobra de mudança de faixa";"Colisão lateral mesmo sentido";"Com Vítimas Feridas";"Pleno dia";"Crescente";"Sol";"Dupla";"Reta";"Sim";3;0;1;0;1;2;1;4;-22,78005511;-45,14572791;"SPRF-SP";"DEL08-SP";"UOP01-DEL08-SP"
516391;2023-04-12;"quarta-feira";"13:50:00";"SP";153;27,7;"NOVA GRANADA";"Desrespeitar a preferência no cruzamento";"Colisão transversal";"Com Vítimas Feridas";"Pleno dia";"Crescente";"Sol";"Simples";"Rotatória;Interseção de Vias;Reta";"Não";3;0;1;0;1;1;1;3;-20,52004613;-49,3258667;"SPRF-SP";"DEL09-SP";"UOP01-DEL09-SP"
516395;2023-04-12;"quarta-feira";"09:10:00";"MG";50;198;"DELTA";"Condutor deixou de manter distância do veículo da frente";"Colisão traseira";"Com Vítimas Feridas";"Pleno dia";"Decrescente";"Céu Claro";"Dupla";"Reta";"Não";5;0;1;0;3;1;1;3;-19,91852802;-47,82724402;"SPRF-MG";"DEL13-MG";"UOP01-DEL13-MG"
516398;2023-04-12;"quarta-feira";"10:35:00";"SC";282;454,6;"PONTE SERRADA";"Estacionar ou parar em local proibido";"Colisão transversal";"Com Vítimas Feridas";"Pleno dia";"Decrescente";"Céu Claro";"Simples";"Reta";"Não";3;0;0;1;1;2;1;4;-26,891756;-51,98447;"SPRF-SC";"DEL07-SC";"UOP04-DEL07-SC"
516400;2023-04-12;"quarta-feira";"14:20:00";"RS";285;224,6;"CASEIROS";"Transitar na contramão";"Colisão lateral sentido oposto";"Com Vítimas Feridas";"Pleno dia";"Decrescente";"Céu Claro";"Simples";"Declive;Curva";"Não";3;0;2;1;0;0;3;2;-28,24786;-51,735794;"SPRF-RS";"DEL08-RS";"UOP05-DEL08-RS"
516416;2023-04-12;"quarta-feira";"15:35:00";"RS";386;219,3;"TIO HUGO";"Ausência de reação do condutor";"Colisão traseira";"Com Vítimas Feridas";"Pleno dia";"Crescente";"Céu Claro";"Simples";"Reta";"Não";3;0;0;1;1;1;1;3;-28,610207;-52,607746;"SPRF-RS";"DEL04-RS";"UOP03-DEL04-RS"
516419;2023-04-12;"quarta-feira";"08:40:00";"ES";259;34,5;"COLATINA";"Reação tardia ou ineficiente do condutor";"Colisão lateral mesmo sentido";"Sem Vítimas";"Pleno dia";"Crescente";"Céu Claro";"Simples";"Ponte";"Não";3;0;0;0;2;1;0;3;-19,55758621;-40,49753666;"SPRF-ES";"DEL02-ES";"UOP01-DEL02-ES"
516423;2023-03-29;"quarta-feira";"17:20:00";"TO";230;88;"SAO BENTO DO TOCANTINS";"Reação tardia ou ineficiente do condutor";"Tombamento";"Com Vítimas Fatais";"Plena Noite";"Crescente";"Céu Claro";"Dupla";"Curva";"Não";4;1;0;0;0;4;0;4;-6,06126184;-47,93331486;"SPRF-TO";"DEL02-TO";"UOP03-DEL02-TO"
516440;2023-04-12;"quarta-feira";"10:40:00";"SC";163;106;"SAO JOSE DO CEDRO";"Condutor deixou de manter distância do veículo da frente";"Colisão lateral mesmo sentido";"Sem Vítimas";"Pleno dia";"Decrescente";"Céu Claro";"Simples";"Reta;Em Obras";"Não";3;0;0;0;1;3;0;4;-26,43752707;-53,51693708;"SPRF-SC";"DEL07-SC";"UOP03-DEL07-SC"
516449;2023-04-12;"quarta-feira";"15:30:00";"MT";163;520;"DIAMANTINO";"Reação tardia ou ineficiente do condutor";"Colisão lateral mesmo sentido";"Sem Vítimas";"Pleno dia";"Decrescente";"Sol";"Simples";"Reta";"Não";5;0;0;0;3;2;0;3;-14,51575087;-56,21122011;"SPRF-MT";"DEL01-MT";"UOP01-DEL01-MT"
516450;2023-04-12;"quarta-feira";"19:25:00";"SP";116;124;"CACAPAVA";"Reação tardia ou ineficiente do condutor";"Colisão traseira";"Com Vítimas Feridas";"Plena Noite";"Decrescente";"Céu Claro";"Dupla";"Reta";"Não";4;0;1;2;1;0;3;2;-23,093116;-45,677904;"SPRF-SP";"DEL02-SP";"UOP02-DEL02-SP"
516456;2023-04-12;"quarta-feira";"18:00:00";"MG";40;591;"ITABIRITO";"Reação tardia ou ineficiente do condutor";"Colisão com objeto";"Com Vítimas Feridas";"Plena Noite";"Decrescente";"Nublado";"Dupla";"Curva;Declive";"Não";1;0;1;0;0;0;1;1;-20,37466721;-43,9077212;"SPRF-MG";"DEL01-MG";"UOP02-DEL01-MG"
516471;2023-04-12;"quarta-feira";"21:35:00";"RJ";101;48;"CAMPOS DOS GOYTACAZES";"Reação tardia ou ineficiente do condutor";"Tombamento";"Com Vítimas Feridas";"Plena Noite";"Crescente";"Céu Claro";"Simples";"Reta";"Não";2;0;1;0;0;1;1;2;-21,61625895;-41,31535762;"SPRF-RJ";"DEL08-RJ";"UOP01-DEL08-RJ"
516474;2023-04-12;"quarta-feira";"20:40:00";"GO";452;185;"ITUMBIARA";"Condutor Dormindo";"Tombamento";"Com Vítimas Feridas";"Plena Noite";"Crescente";"Céu Claro";"Simples";"Declive";"Não";2;0;1;0;0;1;1;2;-18,39956326;-49,31881109;"SPRF-GO";"DEL03-GO";"UOP02-DEL03-GO"
516475;2023-04-12;"quarta-feira";"22:30:00";"BA";135;108;"RIACHAO DAS NEVES";"Ingestão de álcool pelo condutor";"Tombamento";"Sem Vítimas";"Plena Noite";"Decrescente";"Céu Claro";"Simples";"Reta";"Não";2;0;0;0;1;2;0;3;-11,62358614;-44,84458369;"SPRF-BA";"DEL08-BA";"UOP04-DEL08-BA"
516476;2023-04-12;"quarta-feira";"22:10:00";"SC";470;84;"RODEIO";"Ausência de reação do condutor";"Colisão traseira";"Com Vítimas Feridas";"Plena Noite";"Decrescente";"Céu Claro";"Simples";"Reta;Ponte";"Sim";3;0;1;0;2;0;1;2;-26,96137;-49,342415;"SPRF-SC";"DEL04-SC";"UOP01-DEL04-SC"
516480;2023-03-15;"quarta-feira";"10:00:00";"ES";259;47,8;"COLATINA";"Reação tardia ou ineficiente do condutor";"Colisão lateral mesmo sentido";"Com Vítimas Fatais";"Pleno dia";"Decrescente";"Chuva";"Simples";"Aclive;Curva";"Não";4;1;0;0;2;1;0;4;-19,51873313;-40,60040662;"SPRF-ES";"DEL02-ES";"UOP01-DEL02-ES"
516481;2023-04-12;"quarta-feira";"14:30:00";"MG";251;520,8;"MONTES CLAROS";"Obstrução na via";"Incêndio";"Sem Vítimas";"Pleno dia";"Decrescente";"Nublado";"Simples";"Curva";"Não";1;0;0;0;1;0;0;1;-16,66359617;-43,77730598;"SPRF-MG";"DEL12-MG";"UOP01-DEL12-MG"
516486;2023-04-12;"quarta-feira";"22:10:00";"MG";381;844;"SAO SEBASTIAO DA BELA VISTA";"Reação tardia ou ineficiente do condutor";"Colisão traseira";"Com Vítimas Feridas";"Plena Noite";"Crescente";"Céu Claro";"Dupla";"Reta";"Não";2;0;0;1;0;1;1;2;-22,229838;-45,876144;"SPRF-MG";"DEL16-MG";"UOP01-DEL16-MG"
516489;2023-04-12;"quarta-feira";"22:55:00";"PR";376;413;"TIBAGI";"Reação tardia ou ineficiente do condutor";"Colisão com objeto";"Com Vítimas Fatais";"Plena Noite";"Crescente";"Céu Claro";"Dupla";"Curva;Declive";"Não";2;1;0;0;0;3;0;4;-24,68764211;-50,59011115;"SPRF-PR";"DEL03-PR";"UOP02-DEL03-PR"
516493;2023-04-12;"quarta-feira";"21:40:00";"MT";70;515;"VARZEA GRANDE";"Reação tardia ou ineficiente do condutor";"Colisão traseira";"Com Vítimas Feridas";"Plena Noite";"Decrescente";"Céu Claro";"Simples";"Reta;Em Obras";"Não";6;0;2;0;3;3;2;6;-15,706312;-56,141306;"SPRF-MT";"DEL01-MT";"UOP02-DEL01-MT"
516495;2023-04-13;"quinta-feira";"00:20:00";"MS";262;473,9;"ANASTACIO";"Ausência de reação do condutor";"Colisão lateral sentido oposto";"Com Vítimas Feridas";"Plena Noite";"Decrescente";"Céu Claro";"Simples";"Reta";"Não";3;0;1;0;1;2;1;4;-20,50849901;-55,672743;"SPRF-MS";"DEL03-MS";"UOP01-DEL03-MS"
516497;2023-04-13;"quinta-feira";"01:40:00";"MS";376;135,5;"IVINHEMA";"Demais falhas mecânicas ou elétricas";"Incêndio";"Sem Vítimas";"Plena Noite";"Crescente";"Céu Claro";"Simples";"Reta";"Não";2;0;0;0;1;2;0;3;-22,36937018;-53,68990909;"SPRF-MS";"DEL04-MS";"UOP04-DEL04-MS"
516502;2023-04-13;"quinta-feira";"05:39:00";"MG";262;645;"IBIA";"Acessar a via sem observar a presença dos outros veículos";"Colisão transversal";"Com Vítimas Feridas";"Amanhecer";"Crescente";"Nevoeiro/Neblina";"Simples";"Reta";"Não";17;0;3;3;11;0;6;2;-19,57372493;-46,59092002;"SPRF-MG";"DEL08-MG";"UOP01-DEL08-MG"
516516;2023-04-13;"quinta-feira";"07:20:00";"PR";476;154;"ARAUCARIA";"Demais falhas mecânicas ou elétricas";"Tombamento";"Com Vítimas Feridas";"Pleno dia";"Decrescente";"Sol";"Dupla";"Reta";"Sim";4;0;2;0;1;1;2;3;-25,58048568;-49,39619606;"SPRF-PR";"DEL01-PR";"UOP06-DEL01-PR"
516520;2023-04-13;"quinta-feira";"04:13:00";"SC";282;457;"PONTE SERRADA";"Reação tardia ou ineficiente do condutor";"Tombamento";"Com Vítimas Feridas";"Plena Noite";"Crescente";"Céu Claro";"Simples";"Curva";"Não";2;0;1;0;0;1;1;2;-26,8886985;-51,98850632;"SPRF-SC";"DEL07-SC";"UOP04-DEL07-SC"
516521;2023-04-13;"quinta-feira";"08:00:00";"PR";277;574,3;"CASCAVEL";"Velocidade Incompatível";"Engavetamento";"Sem Vítimas";"Pleno dia";"Crescente";"Céu Claro";"Simples";"Reta";"Sim";4;0;0;0;4;0;0;4;-24,992673;-53,311836;"SPRF-PR";"DEL04-PR";"UOP01-DEL04-PR"
516525;2023-04-13;"quinta-feira";"08:30:00";"GO";60;173;"ABADIA DE GOIAS";"Acessar a via sem observar a presença dos outros veículos";"Colisão transversal";"Com Vítimas Feridas";"Pleno dia";"Decrescente";"Céu Claro";"Dupla";"Declive;Reta";"Não";7;0;2;0;4;2;2;4;-16,7423;-49,415;"SPRF-GO";"DEL01-GO";"UOP02-DEL01-GO"
516526;2023-04-13;"quinta-feira";"07:40:00";"MG";40;790,1;"JUIZ DE FORA";"Manobra de mudança de faixa";"Colisão lateral mesmo sentido";"Com Vítimas Feridas";"Pleno dia";"Decrescente";"Céu Claro";"Dupla";"Curva";"Sim";3;0;1;0;1;2;1;4;-21,77130707;-43,43618608;"SPRF-MG";"DEL05-MG";"UOP01-DEL05-MG"
516531;2023-04-12;"quarta-feira";"14:00:00";"SC";101;89,5;"BARRA VELHA";"Acessar a via sem observar a presença dos outros veículos";"Colisão transversal";"Com Vítimas Feridas";"Pleno dia";"Crescente";"Céu Claro";"Dupla";"Reta";"Sim";2;0;1;0;1;0;1;2;-26,66118594;-48,68874902;"SPRF-SC";"DEL03-SC";"UOP02-DEL03-SC"
516534;2023-02-23;"quinta-feira";"23:00:00";"PE";316;113,9;"BODOCO";"Manobra de mudança de faixa";"Tombamento";"Com Vítimas Fatais";"Plena Noite";"Crescente";"Céu Claro";"Simples";"Declive;Reta";"Não";2;1;0;0;0;1;0;2;-7,98338221;-39,83930609;"SPRF-PE";"DEL05-PE";"UOP02-DEL05-PE"
516537;2023-04-13;"quinta-feira";"06:03:00";"SE";101;21;"MALHADA DOS BOIS";"Manobra de mudança de faixa";"Saída de leito carroçável";"Com Vítimas Feridas";"Pleno dia";"Crescente";"Céu Claro";"Dupla";"Reta";"Não";3;0;1;0;1;1;1;2;-10,36933692;-36,91236318;"SPRF-SE";"DEL02-SE";"UOP02-DEL02-SE"
516542;2023-03-09;"quinta-feira";"10:40:00";"RS";392;78,6;"PELOTAS";"Acessar a via sem observar a presença dos outros veículos";"Colisão transversal";"Com Vítimas Feridas";"Pleno dia";"Decrescente";"Céu Claro";"Simples";"Reta";"Não";5;0;1;3;1;0;4;2;-31,69231175;-52,42949285;"SPRF-RS";"DEL07-RS";"UOP01-DEL07-RS"
516546;2023-03-28;"terça-feira";"06:51:00";"RS";285;607,8;"SANTO ANTONIO DAS MISSOES";"Afundamento ou ondulação no pavimento";"Saída de leito carroçável";"Com Vítimas Fatais";"Amanhecer";"Decrescente";"Céu Claro";"Simples";"Declive";"Não";2;1;0;0;0;1;0;2;-28,493053;-55,354687;"SPRF-RS";"DEL12-RS";"UOP01-DEL12-RS"
516563;2023-01-23;"segunda-feira";"10:35:00";"BA";116;1,8;"VITORIA DA CONQUISTA";"Ausência de reação do condutor";"Colisão frontal";"Com Vítimas Fatais";"Pleno dia";"Decrescente";"Sol";"Simples";"Reta";"Não";2;1;1;0;0;0;1;2;-14,825324;-40,847885;"SPRF-BA";"DEL08-BA";"UOP01-DEL08-BA"
516565;2023-03-28;"terça-feira";"06:00:00";"PE";232;29;"MORENO";"Manobra de mudança de faixa";"Colisão transversal";"Sem Vítimas";"Pleno dia";"Crescente";"Céu Claro";"Dupla";"Reta";"Não";2;0;0;0;1;1;0;2;-8,111269;-35,143135;"SPRF-PE";"DEL01-PE";"UOP01-DEL01-PE"
516571;2023-04-13;"quinta-feira";"12:22:00";"CE";116;14;"FORTALEZA";"Condutor deixou de manter distância do veículo da frente";"Colisão traseira";"Com Vítimas Feridas";"Pleno dia";"Crescente";"Nublado";"Múltipla";"Curva";"Sim";4;0;1;0;3;0;1;4;-3,8697335615;-38,4982736077;"SPRF-CE";"DEL01-CE";"UOP02-DEL01-CE"
516575;2023-04-13;"quinta-feira";"12:40:00";"CE";116;472;"MILAGRES";"Demais falhas mecânicas ou elétricas";"Colisão frontal";"Com Vítimas Feridas";"Pleno dia";"Decrescente";"Céu Claro";"Simples";"Curva;Aclive";"Não";3;0;1;0;1;1;1;3;-7,26799609;-38,84709886;"SPRF-CE";"DEL05-CE";"UOP03-DEL05-CE"
516577;2023-03-04;"sábado";"10:10:00";"PR";376;627;"SAO JOSE DOS PINHAIS";"Acessar a via sem observar a presença dos outros veículos";"Colisão transversal";"Com Vítimas Feridas";"Pleno dia";"Decrescente";"Céu Claro";"Múltipla";"Interseção de Vias;Reta";"Não";3;0;0;1;1;1;1;3;-25,67761775;-49,14947391;"SPRF-PR";"DEL01-PR";"UOP04-DEL01-PR"
516578;2023-04-13;"quinta-feira";"10:35:00";"MG";116;641,7;"FERVEDOURO";"Transitar na contramão";"Colisão lateral sentido oposto";"Com Vítimas Feridas";"Pleno dia";"Decrescente";"Céu Claro";"Simples";"Curva;Aclive";"Não";3;0;1;0;1;1;1;3;-20,65183428;-42,2574557;"SPRF-MG";"DEL07-MG";"UOP02-DEL07-MG"
516581;2023-04-13;"quinta-feira";"12:05:00";"PR";280;286,2;"FLOR DA SERRA DO SUL";"Reação tardia ou ineficiente do condutor";"Colisão lateral sentido oposto";"Com Vítimas Feridas";"Pleno dia";"Crescente";"Sol";"Simples";"Curva";"Não";2;0;0;1;1;0;1;2;-26,24620085;-53,27606088;"SPRF-PR";"DEL02-PR";"UOP01-DEL02-PR"
516582;2023-04-13;"quinta-feira";"12:58:00";"SE";101;13,6;"CEDRO DE SAO JOAO";"Ausência de reação do condutor";"Saída de leito carroçável";"Com Vítimas Fatais";"Pleno dia";"Crescente";"Nublado";"Dupla";"Reta";"Não";2;1;1;0;0;0;1;1;-10,305186;-36,888566;"SPRF-SE";"DEL02-SE";"UOP02-DEL02-SE"
516583;2023-04-13;"quinta-feira";"14:10:00";"RJ";116;294;"BARRA MANSA";"Obras na pista";"Colisão lateral mesmo sentido";"Com Vítimas Feridas";"Pleno dia";"Decrescente";"Céu Claro";"Dupla";"Curva;Em Obras";"Não";3;0;1;0;1;1;1;3;-22,46511993;-44,28491095;"SPRF-RJ";"DEL07-RJ";"UOP02-DEL07-RJ"
516586;2023-04-13;"quinta-feira";"07:45:00";"RS";287;296;"SAO PEDRO DO SUL";"Reação tardia ou ineficiente do condutor";"Saída de leito carroçável";"Com Vítimas Feridas";"Pleno dia";"Decrescente";"Nublado";"Simples";"Reta";"Não";2;0;1;0;0;2;1;3;-29,64106493;-54,33346701;"SPRF-RS";"DEL09-RS";"UOP01-DEL09-RS"
516591;2023-04-13;"quinta-feira";"15:24:00";"RJ";101;476;"ANGRA DOS REIS";"Condutor deixou de manter distância do veículo da frente";"Engavetamento";"Com Vítimas Feridas";"Pleno dia";"Decrescente";"Céu Claro";"Simples";"Reta";"Sim";3;0;1;0;2;0;1;3;-23,0055431;-44,26195833;"SPRF-RJ";"DEL03-RJ";"UOP03-DEL03-RJ"
516592;2023-04-01;"sábado";"09:50:00";"PA";163;323,9;"NOVO PROGRESSO";"Ultrapassagem Indevida";"Colisão frontal";"Sem Vítimas";"Pleno dia";"Decrescente";"Ignorado";"Simples";"Reta";"Não";2;0;0;0;1;1;0;2;-6,94905043;-55,45240171;"SPRF-PA";"DEL05-PA";"UOP02-DEL05-PA"
516593;2023-03-27;"segunda-feira";"20:20:00";"MG";381;888,9;"CAMBUI";"Curva acentuada";"Tombamento";"Com Vítimas Fatais";"Plena Noite";"Decrescente";"Céu Claro";"Dupla";"Curva";"Não";2;1;0;0;0;1;0;2;-22,57036508;-46,04169076;"SPRF-MG";"DEL16-MG";"UOP03-DEL16-MG"
516594;2023-04-13;"quinta-feira";"14:30:00";"PR";163;38,2;"SANTO ANTONIO DO SUDOESTE";"Velocidade Incompatível";"Capotamento";"Sem Vítimas";"Pleno dia";"Crescente";"Sol";"Simples";"Curva;Aclive";"Não";2;0;0;0;0;2;0;1;-26,08419909;-53,71615652;"SPRF-PR";"DEL02-PR";"UOP02-DEL02-PR"
516596;2023-04-13;"quinta-feira";"16:00:00";"RJ";493;110;"ITAGUAI";"Reação tardia ou ineficiente do condutor";"Colisão traseira";"Com Vítimas Feridas";"Pleno dia";"Crescente";"Céu Claro";"Dupla";"Reta";"Não";3;0;1;0;1;2;1;4;-22,801349;-43,790526;"SPRF-RJ";"DEL03-RJ";"UOP01-DEL03-RJ"
516598;2023-04-13;"quinta-feira";"13:40:00";"MT";163;1034;"MATUPA";"Velocidade Incompatível";"Colisão traseira";"Com Vítimas Feridas";"Pleno dia";"Crescente";"Chuva";"Simples";"Reta;Em Obras";"Não";5;0;1;0;3;3;1;7;-10,208;-54,962;"SPRF-MT";"DEL06-MT";"UOP03-DEL06-MT"
516610;2023-04-13;"quinta-feira";"15:50:00";"RS";470;225;"GARIBALDI";"Acessar a via sem observar a presença dos outros veículos";"Colisão transversal";"Sem Vítimas";"Pleno dia";"Crescente";"Nublado";"Simples";"Reta;Rotatória";"Sim";3;0;0;0;3;0;0;3;-29,21454003;-51,51762617;"SPRF-RS";"DEL06-RS";"UOP01-DEL06-RS"
516615;2023-04-13;"quinta-feira";"13:57:00";"PE";232;367;"FLORES";"Demais falhas mecânicas ou elétricas";"Saída de leito carroçável";"Com Vítimas Feridas";"Pleno dia";"Crescente";"Sol";"Simples";"Reta";"Não";8;0;7;0;1;0;7;1;-8,0401841;-37,93969602;"SPRF-PE";"DEL04-PE";"UOP01-DEL04-PE"
516618;2023-04-13;"quinta-feira";"17:50:00";"SC";101;112,2;"ITAJAI";"Trafegar com motocicleta (ou similar) entre as faixas";"Colisão lateral mesmo sentido";"Com Vítimas Fatais";"Anoitecer";"Crescente";"Céu Claro";"Múltipla";"Reta";"Sim";3;1;0;0;1;2;0;4;-26,84589005;-48,72131295;"SPRF-SC";"DEL04-SC";"UOP04-DEL04-SC"
516619;2023-04-13;"quinta-feira";"17:48:00";"MG";40;510;"RIBEIRAO DAS NEVES";"Demais falhas mecânicas ou elétricas";"Tombamento";"Com Vítimas Feridas";"Anoitecer";"Decrescente";"Céu Claro";"Dupla";"Reta";"Não";4;0;1;1;1;1;2;3;-19,77463885;-44,12321882;"SPRF-MG";"DEL01-MG";"UOP02-DEL01-MG"
516620;2023-04-13;"quinta-feira";"15:15:00";"CE";20;95,1;"TAUA";"Reação tardia ou ineficiente do condutor";"Colisão traseira";"Com Vítimas Feridas";"Pleno dia";"Decrescente";"Nublado";"Simples";"Reta";"Não";3;0;1;0;1;1;1;3;-5,92373862;-40,22018055;"SPRF-CE";"DEL02-CE";"UOP02-DEL02-CE"