"id";"data_inversa";"dia_semana";"horario";"uf";"br";"km";"municipio";"causa_acidente";"tipo_acidente";"classificacao_acidente";"fase_dia";"sentido_via";"condicao_metereologica";"tipo_pista";"tracado_via";"uso_solo";"pessoas";"mortos";"feridos_leves";"feridos_graves";"ilesos";"ignorados";"feridos";"veiculos";"latitude";"longitude";"regional";"delegacia";"uop"
516632;2023-04-13;"quinta-feira";"18:20:00";"RO";364;199;"PIMENTA BUENO";"Ausência de reação do condutor";"Colisão traseira";"Com Vítimas Feridas";"Plena Noite";"Crescente";"Céu Claro";"Simples";"Interseção de Vias;Aclive;Curva";"Não";2;0;1;0;1;0;1;2;-11,661617;-61,191055;"SPRF-RO";"DEL02-RO";"UOP02-DEL02-RO"
516648;2023-04-13;"quinta-feira";"16:30:00";"PE";101;68;"RECIFE";"Manobra de mudança de faixa";"Colisão lateral mesmo sentido";"Sem Vítimas";"Pleno dia";"Crescente";"Céu Claro";"Dupla";"Rotatória";"Sim";3;0;0;0;2;1;0;2;-8,052207;-34,94658;"SPRF-PE";"DEL01-PE";"UOP01-DEL01-PE"
516652;2023-04-13;"quinta-feira";"17:45:00";"MT";364;611,8;"DIAMANTINO";"Ausência de reação do condutor";"Colisão lateral sentido oposto";"Sem Vítimas";"Anoitecer";"Crescente";"Céu Claro";"Simples";"Reta";"Não";3;0;0;0;2;2;0;4;-14,44610705;-56,28957304;"SPRF-MT";"DEL01-MT";"UOP01-DEL01-MT"
516654;2023-04-13;"quinta-feira";"21:15:00";"GO";50;264,9;"CATALAO";"Velocidade Incompatível";"Saída de leito carroçável";"Com Vítimas Feridas";"Plena Noite";"Crescente";"Chuva";"Dupla";"Viaduto;Reta";"Não";2;0;1;0;0;2;1;3;-18,0611;-47,8637;"SPRF-GO";"DEL06-GO";"UOP01-DEL06-GO"
516656;2023-04-13;"quinta-feira";"17:30:00";"BA";242;351;"LENCOIS";"Velocidade Incompatível";"Tombamento";"Sem Vítimas";"Anoitecer";"Decrescente";"Céu Claro";"Simples";"Curva";"Não";2;0;0;0;1;3;0;4;-12,49243908;-41,3280788;"SPRF-BA";"DEL08-BA";"UOP04-DEL08-BA"
516658;2023-04-13;"quinta-feira";"21:30:00";"CE";116;59;"CHOROZINHO";"Reação tardia ou ineficiente do condutor";"Colisão traseira";"Com Vítimas Feridas";"Plena Noite";"Decrescente";"Céu Claro";"Simples";"Reta";"Não";4;0;0;1;1;2;1;4;-4,23814793;-38,48108225;"SPRF-CE";"DEL03-CE";"UOP02-DEL03-CE"
516661;2023-04-13;"quinta-feira";"19:40:00";"SC";116;22,9;"ITAIOPOLIS";"Demais falhas mecânicas ou elétricas";"Colisão com objeto";"Com Vítimas Feridas";"Plena Noite";"Decrescente";"Céu Claro";"Simples";"Reta";"Não";7;0;1;0;5;1;1;4;-26,2574752;-49,91194265;"SPRF-SC";"DEL06-SC";"UOP01-DEL06-SC"
516667;2023-04-13;"quinta-feira";"22:45:00";"RJ";101;74,3;"CAMPOS DOS GOYTACAZES";"Condutor deixou de manter distância do veículo da frente";"Engavetamento";"Com Vítimas Feridas";"Plena Noite";"Crescente";"Nublado";"Simples";"Reta";"Sim";4;0;1;0;2;1;1;4;-21,807232;-41,39734312;"SPRF-RJ";"DEL08-RJ";"UOP02-DEL08-RJ"
516673;2023-04-14;"sexta-feira";"01:30:00";"PR";116;73;"QUATRO BARRAS";"Entrada inopinada do pedestre";"Atropelamento de Pedestre";"Com Vítimas Feridas";"Plena Noite";"Decrescente";"Ignorado";"Dupla";"Reta;Interseção de Vias;Retorno Regulamentado";"Não";2;0;0;1;1;0;1;2;-25,35839801;-49,04074819;"SPRF-PR";"DEL01-PR";"UOP07-DEL01-PR"
516676;2023-04-14;"sexta-feira";"03:00:00";"PR";369;387,4;"MAMBORE";"Ultrapassagem Indevida";"Colisão frontal";"Com Vítimas Fatais";"Plena Noite";"Decrescente";"Nublado";"Simples";"Curva";"Não";4;2;0;0;1;1;0;3;-24,27267692;-52,51191443;"SPRF-PR";"DEL04-PR";"UOP03-DEL04-PR"
516679;2023-04-14;"sexta-feira";"04:45:00";"SC";101;87,9;"BARRA VELHA";"Problema com o freio";"Incêndio";"Sem Vítimas";"Plena Noite";"Decrescente";"Chuva";"Múltipla";"Declive;Viaduto;Curva";"Sim";2;0;0;0;1;1;0;2;-26,63713377;-48,69651057;"SPRF-SC";"DEL03-SC";"UOP02-DEL03-SC"
516680;2023-04-14;"sexta-feira";"05:00:00";"SC";470;57;"BLUMENAU";"Ausência de reação do condutor";"Colisão traseira";"Com Vítimas Feridas";"Plena Noite";"Crescente";"Chuva";"Simples";"Declive;Reta";"Não";2;0;1;0;0;1;1;2;-26,880428;-49,136532;"SPRF-SC";"DEL04-SC";"UOP01-DEL04-SC"
516682;2023-04-14;"sexta-feira";"05:08:00";"MG";381;406;"NOVA UNIAO";"Condutor Dormindo";"Colisão com objeto";"Com Vítimas Feridas";"Plena Noite";"Crescente";"Céu Claro";"Dupla";"Reta";"Não";3;0;0;1;2;0;1;1;-19,73750804;-43,55759107;"SPRF-MG";"DEL01-MG";"UOP01-DEL01-MG"
516685;2023-04-14;"sexta-feira";"05:35:00";"SC";470;43,8;"BLUMENAU";"Velocidade Incompatível";"Colisão lateral mesmo sentido";"Com Vítimas Feridas";"Amanhecer";"Crescente";"Garoa/Chuvisco";"Dupla";"Reta;Em Obras";"Não";3;0;1;0;1;1;1;3;-26,874519;-49,013454;"SPRF-SC";"DEL04-SC";"UOP01-DEL04-SC"
516686;2023-04-14;"sexta-feira";"01:00:00";"SC";280;22;"ARAQUARI";"Ultrapassagem Indevida";"Colisão transversal";"Com Vítimas Feridas";"Plena Noite";"Decrescente";"Garoa/Chuvisco";"Simples";"Reta";"Não";3;0;0;1;1;1;1;3;-26,37092616;-48,70204099;"SPRF-SC";"DEL03-SC";"UOP03-DEL03-SC"
516688;2023-04-14;"sexta-feira";"06:10:00";"GO";50;273;"CATALAO";"Manobra de mudança de faixa";"Colisão com objeto";"Sem Vítimas";"Pleno dia";"Crescente";"Céu Claro";"Simples";"Reta;Aclive";"Não";3;0;0;0;2;1;0;3;-18,1302;-47,9047;"SPRF-GO";"DEL06-GO";"UOP01-DEL06-GO"
516689;2023-04-14;"sexta-feira";"07:00:00";"GO";153;506;"APARECIDA DE GOIANIA";"Trafegar com motocicleta (ou similar) entre as faixas";"Tombamento";"Com Vítimas Feridas";"Pleno dia";"Crescente";"Céu Claro";"Múltipla";"Reta";"Sim";2;0;0;1;1;0;1;2;-16,7633;-49,24;"SPRF-GO";"DEL01-GO";"UOP01-DEL01-GO"
516693;2023-04-14;"sexta-feira";"07:20:00";"CE";116;15;"FORTALEZA";"Manobra de mudança de faixa";"Colisão lateral mesmo sentido";"Com Vítimas Feridas";"Pleno dia";"Decrescente";"Chuva";"Múltipla";"Reta";"Sim";5;0;2;0;2;1;2;4;-3,87839882;-38,50066893;"SPRF-CE";"DEL01-CE";"UOP02-DEL01-CE"
516694;2023-04-14;"sexta-feira";"06:30:00";"SC";101;374,5;"ICARA";"Ausência de reação do condutor";"Saída de leito carroçável";"Com Vítimas Feridas";"Pleno dia";"Crescente";"Chuva";"Dupla";"Reta";"Não";2;0;1;0;0;1;1;2;-28,71534412;-49,22723198;"SPRF-SC";"DEL02-SC";"UOP01-DEL02-SC"
516696;2023-04-14;"sexta-feira";"00:50:00";"ES";101;415,5;"ITAPEMIRIM";"Condutor Dormindo";"Colisão traseira";"Com Vítimas Feridas";"Plena Noite";"Crescente";"Nublado";"Simples";"Reta";"Não";3;0;1;0;0;3;1;4;-20,94689796;-41,08919209;"SPRF-ES";"DEL03-ES";"UOP02-DEL03-ES"
516706;2023-04-14;"sexta-feira";"08:05:00";"BA";324;518;"FEIRA DE SANTANA";"Condutor deixou de manter distância do veículo da frente";"Engavetamento";"Com Vítimas Feridas";"Pleno dia";"Crescente";"Céu Claro";"Dupla";"Reta";"Sim";5;0;1;0;3;1;1;5;-12,258195;-38,932182;"SPRF-BA";"DEL02-BA";"UOP01-DEL02-BA"
516710;2023-04-14;"sexta-feira";"01:00:00";"SC";280;220;"TRES BARRAS";"Velocidade Incompatível";"Tombamento";"Sem Vítimas";"Plena Noite";"Decrescente";"Chuva";"Simples";"Rotatória";"Não";1;0;0;0;1;0;0;1;-26,17118856;-50,26466388;"SPRF-SC";"DEL06-SC";"UOP04-DEL06-SC"
516713;2023-04-14;"sexta-feira";"08:15:00";"MG";381;481,7;"BETIM";"Reação tardia ou ineficiente do condutor";"Engavetamento";"Com Vítimas Feridas";"Pleno dia";"Decrescente";"Céu Claro";"Múltipla";"Reta";"Sim";8;0;2;0;6;0;2;3;-19,95931561;-44,08825597;"SPRF-MG";"DEL01-MG";"UOP03-DEL01-MG"
516716;2023-04-14;"sexta-feira";"08:00:00";"PE";232;400;"SERRA TALHADA";"Condutor deixou de manter distância do veículo da frente";"Colisão traseira";"Sem Vítimas";"Pleno dia";"Crescente";"Céu Claro";"Simples";"Reta";"Não";5;0;0;0;4;1;0;3;-8,01124778;-38,22523106;"SPRF-PE";"DEL04-PE";"UOP01-DEL04-PE"
516719;2023-04-06;"quinta-feira";"20:15:00";"PR";376;505;"PONTA GROSSA";"Ausência de reação do condutor";"Colisão lateral mesmo sentido";"Sem Vítimas";"Plena Noite";"Crescente";"Chuva";"Dupla";"Declive;Reta";"Não";5;0;0;0;3;3;0;6;-25,23727809;-50,03847808;"SPRF-PR";"DEL03-PR";"UOP04-DEL03-PR"
516729;2023-04-14;"sexta-feira";"10:10:00";"MG";40;76,3;"PARACATU";"Ausência de reação do condutor";"Saída de leito carroçável";"Com Vítimas Feridas";"Pleno dia";"Decrescente";"Céu Claro";"Simples";"Reta";"Não";1;0;1;0;0;0;1;1;-17,44274725;-46,6925432;"SPRF-MG";"DEL14-MG";"UOP01-DEL14-MG"
516731;2023-04-14;"sexta-feira";"10:30:00";"SE";101;54;"CARMOPOLIS";"Ultrapassagem Indevida";"Capotamento";"Com Vítimas Feridas";"Pleno dia";"Decrescente";"Céu Claro";"Simples";"Reta";"Não";4;0;1;0;3;0;1;2;-10,62656711;-36,99773792;"SPRF-SE";"DEL02-SE";"UOP02-DEL02-SE"
516734;2023-04-14;"sexta-feira";"07:42:00";"MT";364;397;"CUIABA";"Problema com o freio";"Capotamento";"Com Vítimas Feridas";"Pleno dia";"Crescente";"Nublado";"Dupla";"Rotatória;Reta";"Sim";3;0;1;0;0;2;1;3;-15,6864248909;-55,9134749503;"SPRF-MT";"DEL01-MT";"UOP02-DEL01-MT"
516736;2023-04-14;"sexta-feira";"10:40:00";"RJ";356;160;"CAMPOS DOS GOYTACAZES";"Ausência de reação do condutor";"Tombamento";"Com Vítimas Feridas";"Pleno dia";"Crescente";"Céu Claro";"Simples";"Reta";"Não";1;0;1;0;0;0;1;1;-21,71992893;-41,17306805;"SPRF-RJ";"DEL08-RJ";"UOP02-DEL08-RJ"
516739;2023-04-14;"sexta-feira";"10:50:00";"CE";20;406;"CAUCAIA";"Ausência de reação do condutor";"Colisão lateral sentido oposto";"Com Vítimas Feridas";"Pleno dia";"Crescente";"Céu Claro";"Simples";"Reta";"Sim";2;0;1;0;1;0;1;2;-3,76999035;-38,67006282;"SPRF-CE";"DEL01-CE";"UOP01-DEL01-CE"
516740;2023-04-14;"sexta-feira";"10:00:00";"MA";316;424;"PERITORO";"Acessar a via sem observar a presença dos outros veículos";"Colisão lateral mesmo sentido";"Com Vítimas Fatais";"Pleno dia";"Crescente";"Céu Claro";"Simples";"Reta";"Sim";2;1;0;0;1;0;0;2;-4,37054;-44,340851;"SPRF-MA";"DEL03-MA";"UOP01-DEL03-MA"
516742;2023-04-14;"sexta-feira";"06:45:00";"SC";163;88;"GUARACIABA";"Ausência de reação do condutor";"Colisão frontal";"Com Vítimas Fatais";"Amanhecer";"Decrescente";"Nevoeiro/Neblina";"Simples";"Reta;Em Obras;Aclive";"Não";6;1;0;1;3;1;1;3;-26,58133127;-53,51676464;"SPRF-SC";"DEL07-SC";"UOP03-DEL07-SC"
516746;2023-03-29;"quarta-feira";"09:00:00";"BA";324;605;"SIMOES FILHO";"Carga excessiva e/ou mal acondicionada";"Derramamento de carga";"Sem Vítimas";"Pleno dia";"Decrescente";"Céu Claro";"Dupla";"Curva;Aclive";"Não";1;0;0;0;1;0;0;1;-12,79783142;-38,40420311;"SPRF-BA";"DEL01-BA";"UOP01-DEL01-BA"
516747;2023-04-14;"sexta-feira";"11:00:00";"SC";101;85;"BARRA VELHA";"Condutor deixou de manter distância do veículo da frente";"Engavetamento";"Sem Vítimas";"Pleno dia";"Decrescente";"Chuva";"Múltipla";"Reta";"Não";5;0;0;0;5;0;0;5;-26,62840879;-48,70813584;"SPRF-SC";"DEL03-SC";"UOP02-DEL03-SC"
516749;2023-04-14;"sexta-feira";"11:20:00";"PR";116;34;"CAMPINA GRANDE DO SUL";"Reação tardia ou ineficiente do condutor";"Saída de leito carroçável";"Sem Vítimas";"Pleno dia";"Crescente";"Garoa/Chuvisco";"Dupla";"Curva";"Não";2;0;0;0;0;2;0;2;-25,1144852;-48,85377328;"SPRF-PR";"DEL01-PR";"UOP02-DEL01-PR"
516755;2023-04-14;"sexta-feira";"10:40:00";"PR";277;504,3;"GUARANIACU";"Mal súbito do condutor";"Tombamento";"Com Vítimas Fatais";"Pleno dia";"Decrescente";"Céu Claro";"Simples";"Curva;Declive";"Não";2;1;0;0;0;1;0;2;-25,14349757;-52,70283222;"SPRF-PR";"DEL04-PR";"UOP04-DEL04-PR"
516757;2023-03-21;"terça-feira";"13:30:00";"RJ";116;93;"TERESOPOLIS";"Velocidade Incompatível";"Colisão transversal";"Com Vítimas Feridas";"Pleno dia";"Crescente";"Chuva";"Simples";"Curva;Ponte";"Não";3;0;2;0;1;0;2;2;-22,46416302;-42,99215699;"SPRF-RJ";"DEL04-RJ";"UOP01-DEL04-RJ"
516760;2023-04-14;"sexta-feira";"13:00:00";"GO";40;7;"VALPARAISO DE GOIAS";"Reação tardia ou ineficiente do condutor";"Colisão traseira";"Com Vítimas Feridas";"Pleno dia";"Crescente";"Céu Claro";"Dupla";"Reta";"Sim";2;0;0;1;1;0;1;2;-16,108482;-47,972524;"SPRF-DF";"DEL01-DF";"UOP01-DEL01-DF"
516766;2023-04-14;"sexta-feira";"11:20:00";"RJ";393;181,9;"PARAIBA DO SUL";"Reação tardia ou ineficiente do condutor";"Colisão lateral sentido oposto";"Com Vítimas Feridas";"Pleno dia";"Crescente";"Sol";"Simples";"Curva;Aclive";"Não";5;0;3;0;1;2;3;4;-22,13626025;-43,25137178;"SPRF-RJ";"DEL05-RJ";"UOP03-DEL05-RJ"
516770;2023-01-28;"sábado";"05:30:00";"PA";230;1113;"ITAITUBA";"Velocidade Incompatível";"Tombamento";"Com Vítimas Fatais";"Amanhecer";"Crescente";"Nublado";"Simples";"Declive;Reta";"Não";3;1;0;0;1;3;0;5;-4,39842;-55,919685;"SPRF-PA";"DEL05-PA";"UOP02-DEL05-PA"
516771;2023-04-14;"sexta-feira";"01:00:00";"MA";135;434,7;"COLINAS";"Demais falhas mecânicas ou elétricas";"Incêndio";"Sem Vítimas";"Plena Noite";"Crescente";"Ignorado";"Simples";"Curva;Aclive";"Não";1;0;0;0;1;0;0;1;-6,04152102;-44,23222802;"SPRF-MA";"DEL05-MA";"UOP01-DEL05-MA"
516772;2023-04-14;"sexta-feira";"13:27:00";"SP";153;227,7;"MARILIA";"Ultrapassagem Indevida";"Colisão frontal";"Com Vítimas Fatais";"Pleno dia";"Decrescente";"Nublado";"Simples";"Ponte";"Não";6;2;0;0;2;2;0;4;-22,05871399;-49,90221969;"SPRF-SP";"DEL07-SP";"UOP02-DEL07-SP"
516782;2023-04-14;"sexta-feira";"08:20:00";"SC";470;132,6;"RIO DO SUL";"Mal súbito do condutor";"Colisão frontal";"Com Vítimas Feridas";"Pleno dia";"Decrescente";"Chuva";"Simples";"Reta";"Não";3;0;0;2;0;1;2;3;-27,170237;-49,574718;"SPRF-SC";"DEL04-SC";"UOP02-DEL04-SC"
516783;2023-04-14;"sexta-feira";"15:00:00";"RS";158;318;"SANTA MARIA";"Ausência de reação do condutor";"Colisão traseira";"Com Vítimas Feridas";"Pleno dia";"Decrescente";"Céu Claro";"Simples";"Curva";"Não";5;0;1;0;3;2;1;5;-29,66358197;-53,77555695;"SPRF-RS";"DEL09-RS";"UOP01-DEL09-RS"
516784;2023-04-14;"sexta-feira";"13:45:00";"MG";262;568;"CORREGO DANTA";"Chuva";"Colisão lateral sentido oposto";"Com Vítimas Feridas";"Pleno dia";"Crescente";"Chuva";"Simples";"Curva";"Não";3;0;0;1;1;3;1;5;-19,72840041;-46,01996161;"SPRF-MG";"DEL08-MG";"UOP02-DEL08-MG"
516787;2023-04-14;"sexta-feira";"15:40:00";"ES";101;293,1;"CARIACICA";"Condutor deixou de manter distância do veículo da frente";"Colisão traseira";"Com Vítimas Feridas";"Pleno dia";"Decrescente";"Céu Claro";"Múltipla";"Reta";"Sim";3;0;2;0;1;0;2;2;-20,31526144;-40,39567044;"SPRF-ES";"DEL01-ES";"UOP01-DEL01-ES"
516789;2023-04-07;"sexta-feira";"05:45:00";"MT";163;858;"SINOP";"Condutor Dormindo";"Colisão lateral sentido oposto";"Com Vítimas Feridas";"Pleno dia";"Crescente";"Céu Claro";"Simples";"Reta";"Não";3;0;2;0;0;2;2;4;-11,65378196;-55,44128609;"SPRF-MT";"DEL06-MT";"UOP02-DEL06-MT"
516796;2023-02-15;"quarta-feira";"09:00:00";"MT";163;514;"DIAMANTINO";"Chuva";"Colisão frontal";"Com Vítimas Fatais";"Pleno dia";"Decrescente";"Chuva";"Simples";"Reta";"Não";4;2;0;0;1;2;0;4;-14,47930404;-56,16711706;"SPRF-MT";"DEL01-MT";"UOP01-DEL01-MT"
516802;2023-04-14;"sexta-feira";"15:10:00";"PR";277;657,9;"MATELANDIA";"Acessar a via sem observar a presença dos outros veículos";"Colisão lateral mesmo sentido";"Com Vítimas Feridas";"Pleno dia";"Crescente";"Céu Claro";"Dupla";"Curva";"Sim";2;0;1;0;1;0;1;2;-25,24310738;-53,97993499;"SPRF-PR";"DEL05-PR";"UOP02-DEL05-PR"
516804;2023-04-14;"sexta-feira";"16:30:00";"RS";116;138;"CAXIAS DO SUL";"Acessar a via sem observar a presença dos outros veículos";"Colisão transversal";"Sem Vítimas";"Pleno dia";"Crescente";"Nevoeiro/Neblina";"Simples";"Reta";"Não";3;0;0;0;2;1;0;3;-29,08970102;-51,11289119;"SPRF-RS";"DEL05-RS";"UOP01-DEL05-RS"
516805;2023-04-14;"sexta-feira";"17:00:00";"SP";116;215;"GUARULHOS";"Ausência de reação do condutor";"Colisão traseira";"Com Vítimas Feridas";"Anoitecer";"Decrescente";"Garoa/Chuvisco";"Múltipla";"Reta";"Sim";2;0;1;0;1;0;1;2;-23,4241788;-46,3978254;"SPRF-SP";"DEL01-SP";"UOP01-DEL01-SP"
516806;2023-04-14;"sexta-feira";"16:25:00";"MG";381;526,3;"BRUMADINHO";"Obstrução na via";"Saída de leito carroçável";"Com Vítimas Feridas";"Pleno dia";"Crescente";"Chuva";"Dupla";"Curva";"Não";3;0;1;0;2;0;1;2;-20,16175378;-44,34144636;"SPRF-MG";"DEL04-MG";"UOP03-DEL04-MG"
516810;2023-04-14;"sexta-feira";"17:20:00";"GO";60;94;"ANAPOLIS";"Ausência de reação do condutor";"Colisão com objeto";"Com Vítimas Feridas";"Anoitecer";"Decrescente";"Céu Claro";"Dupla";"Viaduto";"Sim";1;0;1;0;0;0;1;1;-16,3611;-48,9328;"SPRF-GO";"DEL02-GO";"UOP01-DEL02-GO"
516813;2023-04-14;"sexta-feira";"17:10:00";"BA";116;493;"RAFAEL JAMBEIRO";"Condutor deixou de manter distância do veículo da frente";"Colisão traseira";"Com Vítimas Feridas";"Anoitecer";"Crescente";"Nublado";"Dupla";"Declive;Reta";"Não";3;0;1;0;1;2;1;4;-12,56115018;-39,47426391;"SPRF-BA";"DEL02-BA";"UOP01-DEL02-BA"
516818;2023-04-14;"sexta-feira";"15:00:00";"MG";262;439,4;"NOVA SERRANA";"Reação tardia ou ineficiente do condutor";"Saída de leito carroçável";"Sem Vítimas";"Pleno dia";"Decrescente";"Chuva";"Dupla";"Declive;Reta";"Sim";1;0;0;0;1;0;0;1;-19,89197285;-44,88685183;"SPRF-MG";"DEL08-MG";"UOP03-DEL08-MG"
516821;2023-04-14;"sexta-feira";"13:14:00";"MT";163;1108;"GUARANTA DO NORTE";"Reação tardia ou ineficiente do condutor";"Tombamento";"Com Vítimas Feridas";"Pleno dia";"Crescente";"Céu Claro";"Simples";"Curva";"Não";2;0;1;0;0;3;1;4;-9,7343441;-54,88508876;"SPRF-MT";"DEL06-MT";"UOP03-DEL06-MT"
516825;2023-04-14;"sexta-feira";"14:40:00";"MG";381;758;"TRES CORACOES";"Chuva";"Saída de leito carroçável";"Sem Vítimas";"Pleno dia";"Decrescente";"Chuva";"Dupla";"Declive;Reta";"Não";2;0;0;0;1;2;0;3;-21,70752761;-45,37422642;"SPRF-MG";"DEL16-MG";"UOP02-DEL16-MG"
516830;2023-04-14;"sexta-feira";"18:50:00";"BA";324;518;"FEIRA DE SANTANA";"Conversão proibida";"Colisão traseira";"Com Vítimas Feridas";"Plena Noite";"Crescente";"Céu Claro";"Dupla";"Interseção de Vias";"Sim";3;0;2;0;1;0;2;2;-12,27317041;-38,93463135;"SPRF-BA";"DEL02-BA";"UOP01-DEL02-BA"
516838;2023-04-14;"sexta-feira";"18:00:00";"MG";365;37;"CLARO DOS POCOES";"Transitar na contramão";"Colisão lateral sentido oposto";"Sem Vítimas";"Pleno dia";"Crescente";"Chuva";"Simples";"Curva;Aclive";"Não";3;0;0;0;2;1;0;2;-16,86082685;-44,15747796;"SPRF-MG";"DEL12-MG";"UOP01-DEL12-MG"
516844;2023-04-14;"sexta-feira";"17:35:00";"MG";153;221,2;"FRUTAL";"Condutor deixou de manter distância do veículo da frente";"Saída de leito carroçável";"Com Vítimas Feridas";"Pleno dia";"Crescente";"Chuva";"Simples";"Em Obras;Reta";"Não";1;0;1;0;0;0;1;1;-20,11332631;-49,09858704;"SPRF-MG";"DEL13-MG";"UOP02-DEL13-MG"
516845;2023-04-14;"sexta-feira";"18:45:00";"SP";153;100;"JOSE BONIFACIO";"Reação tardia ou ineficiente do condutor";"Colisão com objeto";"Com Vítimas Feridas";"Plena Noite";"Decrescente";"Nublado";"Simples";"Curva;Declive";"Não";2;0;0;1;0;1;1;2;-21,004251;-49,632793;"SPRF-SP";"DEL09-SP";"UOP01-DEL09-SP"
516856;2023-04-14;"sexta-feira";"18:30:00";"BA";116;658,6;"JEQUIE";"Pedestre andava na pista";"Atropelamento de Pedestre";"Com Vítimas Feridas";"Anoitecer";"Crescente";"Céu Claro";"Simples";"Reta";"Não";2;0;0;1;1;0;1;2;-13,68160894;-40,09548576;"SPRF-BA";"DEL03-BA";"UOP01-DEL03-BA"
516862;2023-04-14;"sexta-feira";"20:30:00";"BA";116;293,3;"TUCANO";"Pista esburacada";"Tombamento";"Com Vítimas Feridas";"Plena Noite";"Decrescente";"Céu Claro";"Simples";"Reta";"Não";4;0;2;0;1;1;2;3;-11,1190824;-38,83313298;"SPRF-BA";"DEL02-BA";"UOP01-DEL02-BA"
516866;2023-04-14;"sexta-feira";"20:47:00";"RS";116;250;"SAO LEOPOLDO";"Reação tardia ou ineficiente do condutor";"Colisão com objeto";"Sem Vítimas";"Plena Noite";"Crescente";"Nublado";"Dupla";"Reta;Aclive";"Sim";3;0;0;0;2;1;0;3;-29,79148798;-51,16399615;"SPRF-RS";"DEL01-RS";"UOP02-DEL01-RS"
516871;2023-04-14;"sexta-feira";"13:00:00";"PR";280;273,7;"MARMELEIRO";"Demais falhas mecânicas ou elétricas";"Incêndio";"Sem Vítimas";"Pleno dia";"Crescente";"Céu Claro";"Simples";"Reta";"Não";2;0;0;0;2;0;0;1;-26,23912732;-53,18358064;"SPRF-PR";"DEL02-PR";"UOP01-DEL02-PR"
516872;2023-04-14;"sexta-feira";"20:00:00";"SC";101;318;"PESCARIA BRAVA";"Reação tardia ou ineficiente do condutor";"Colisão traseira";"Com Vítimas Feridas";"Plena Noite";"Decrescente";"Chuva";"Dupla";"Reta";"Sim";7;0;1;0;5;1;1;6;-28,4266481;-48,86160099;"SPRF-SC";"DEL02-SC";"UOP01-DEL02-SC"
516875;2023-04-01;"sábado";"17:03:00";"PA";163;283;"NOVO PROGRESSO";"Reação tardia ou ineficiente do condutor";"Engavetamento";"Com Vítimas Feridas";"Pleno dia";"Decrescente";"Céu Claro";"Simples";"Reta";"Não";4;0;4;0;0;0;4;3;-7,26714294;-55,31905893;"SPRF-PA";"DEL05-PA";"UOP02-DEL05-PA"
516877;2023-04-14;"sexta-feira";"20:15:00";"PR";369;473,8;"CORBELIA";"Velocidade Incompatível";"Colisão transversal";"Sem Vítimas";"Pleno dia";"Decrescente";"Céu Claro";"Simples";"Reta;Interseção de Vias";"Não";3;0;0;0;1;3;0;4;-24,5882513;-53,20168018;"SPRF-PR";"DEL04-PR";"UOP03-DEL04-PR"
516879;2023-04-14;"sexta-feira";"20:40:00";"MG";381;931,1;"ITAPEVA";"Ingestão de álcool pelo condutor";"Colisão traseira";"Com Vítimas Feridas";"Plena Noite";"Crescente";"Chuva";"Dupla";"Declive;Reta";"Não";3;0;1;0;1;1;1;3;-22,78604372;-46,24178767;"SPRF-MG";"DEL16-MG";"UOP03-DEL16-MG"
516885;2023-04-14;"sexta-feira";"22:05:00";"MS";158;303;"TRES LAGOAS";"Transitar na contramão";"Colisão frontal";"Com Vítimas Fatais";"Plena Noite";"Decrescente";"Nublado";"Simples";"Reta";"Não";2;1;0;0;1;0;0;2;-20,982354;-51,855655;"SPRF-MS";"DEL07-MS";"UOP01-DEL07-MS"
516887;2023-04-14;"sexta-feira";"14:00:00";"GO";80;162;"VILA PROPICIO";"Transitar na contramão";"Colisão frontal";"Com Vítimas Feridas";"Pleno dia";"Decrescente";"Céu Claro";"Simples";"Curva;Aclive";"Não";3;0;0;1;1;1;1;3;-15,208875;-48,697312;"SPRF-GO";"DEL07-GO";"UOP02-DEL07-GO"
516888;2023-04-14;"sexta-feira";"07:47:00";"PA";163;457;"ITAITUBA";"Reação tardia ou ineficiente do condutor";"Saída de leito carroçável";"Com Vítimas Feridas";"Pleno dia";"Crescente";"Ignorado";"Simples";"Declive";"Não";3;0;1;0;1;6;1;8;-5,85505198;-55,71341887;"SPRF-PA";"DEL05-PA";"UOP02-DEL05-PA"
516892;2023-04-14;"sexta-feira";"23:15:00";"SP";116;362,1;"MIRACATU";"Reação tardia ou ineficiente do condutor";"Tombamento";"Com Vítimas Feridas";"Plena Noite";"Crescente";"Nevoeiro/Neblina";"Dupla";"Curva;Declive";"Não";2;0;1;0;0;1;1;2;-24,1220177;-47,27047772;"SPRF-SP";"DEL04-SP";"UOP03-DEL04-SP"
516900;2023-04-14;"sexta-feira";"23:30:00";"MG";262;548;"LUZ";"Chuva";"Colisão frontal";"Com Vítimas Feridas";"Plena Noite";"Crescente";"Nublado";"Simples";"Curva";"Não";2;0;1;0;1;0;1;2;-19,7196714;-45,87750345;"SPRF-MG";"DEL08-MG";"UOP02-DEL08-MG"
516904;2023-04-15;"sábado";"01:45:00";"BA";101;930;"MUCURI";"Ingestão de álcool pelo condutor";"Colisão lateral sentido oposto";"Com Vítimas Feridas";"Plena Noite";"Decrescente";"Céu Claro";"Simples";"Reta";"Não";2;0;1;0;1;0;1;2;-18,16080992;-39,91364314;"SPRF-BA";"DEL09-BA";"UOP02-DEL09-BA"
516905;2023-04-15;"sábado";"01:15:00";"PE";101;19;"GOIANA";"Reação tardia ou ineficiente do condutor";"Colisão traseira";"Com Vítimas Feridas";"Plena Noite";"Crescente";"Chuva";"Dupla";"Reta";"Não";2;0;0;1;1;0;1;2;-7,65403379;-34,94408281;"SPRF-PE";"DEL01-PE";"UOP02-DEL01-PE"