"id";"data_inversa";"dia_semana";"horario";"uf";"br";"km";"municipio";"causa_acidente";"tipo_acidente";"classificacao_acidente";"fase_dia";"sentido_via";"condicao_metereologica";"tipo_pista";"tracado_via";"uso_solo";"pessoas";"mortos";"feridos_leves";"feridos_graves";"ilesos";"ignorados";"feridos";"veiculos";"latitude";"longitude";"regional";"delegacia";"uop"
516906;2023-04-15;"sábado";"02:20:00";"MG";381;448;"SANTA LUZIA";"Condutor Dormindo";"Colisão frontal";"Com Vítimas Feridas";"Plena Noite";"Decrescente";"Céu Claro";"Simples";"Reta";"Não";3;0;0;1;1;1;1;3;-19,83435173;-43,85962899;"SPRF-MG";"DEL01-MG";"UOP01-DEL01-MG"
516907;2023-04-15;"sábado";"00:11:00";"MT";163;46,5;"ITIQUIRA";"Ingestão de álcool pelo condutor";"Colisão lateral sentido oposto";"Com Vítimas Fatais";"Plena Noite";"Crescente";"Céu Claro";"Dupla";"Reta";"Não";6;1;2;0;2;1;2;3;-17,11047602;-54,76061348;"SPRF-MT";"DEL02-MT";"UOP03-DEL02-MT"
516919;2023-04-15;"sábado";"03:40:00";"GO";153;494;"GOIANIA";"Ingestão de álcool pelo condutor";"Colisão lateral mesmo sentido";"Com Vítimas Feridas";"Plena Noite";"Decrescente";"Céu Claro";"Dupla";"Declive;Ponte;Reta";"Sim";2;0;1;0;1;0;1;2;-16,65412188;-49,21724153;"SPRF-GO";"DEL01-GO";"UOP01-DEL01-GO"
516924;2023-04-15;"sábado";"06:24:00";"SP";116;152;"SAO JOSE DOS CAMPOS";"Ausência de reação do condutor";"Colisão com objeto";"Com Vítimas Feridas";"Pleno dia";"Decrescente";"Céu Claro";"Dupla";"Reta";"Sim";4;0;3;0;1;0;3;2;-23,22620401;-45,90682999;"SPRF-SP";"DEL02-SP";"UOP01-DEL02-SP"
516929;2023-04-15;"sábado";"06:23:00";"RS";116;144,8;"CAXIAS DO SUL";"Acesso irregular";"Colisão lateral sentido oposto";"Com Vítimas Feridas";"Amanhecer";"Crescente";"Nublado";"Simples";"Curva";"Sim";2;0;1;0;0;1;1;2;-29,1267449;-51,12768983;"SPRF-RS";"DEL05-RS";"UOP01-DEL05-RS"
516932;2023-04-15;"sábado";"05:50:00";"MG";40;588,4;"ITABIRITO";"Demais falhas mecânicas ou elétricas";"Tombamento";"Com Vítimas Feridas";"Amanhecer";"Crescente";"Céu Claro";"Simples";"Curva;Declive";"Não";1;0;1;0;0;0;1;1;-20,35149094;-43,91313094;"SPRF-MG";"DEL01-MG";"UOP02-DEL01-MG"
516934;2023-04-15;"sábado";"06:30:00";"MG";381;934,5;"EXTREMA";"Velocidade Incompatível";"Colisão traseira";"Com Vítimas Feridas";"Pleno dia";"Crescente";"Chuva";"Simples";"Reta;Aclive";"Não";4;0;1;0;2;1;1;3;-22,79946587;-46,2641573;"SPRF-MG";"DEL16-MG";"UOP03-DEL16-MG"
516936;2023-04-15;"sábado";"06:55:00";"BA";101;111;"ALAGOINHAS";"Reação tardia ou ineficiente do condutor";"Colisão transversal";"Com Vítimas Feridas";"Pleno dia";"Crescente";"Céu Claro";"Simples";"Interseção de Vias";"Não";3;0;0;1;0;2;1;3;-12,16246647;-38,48586813;"SPRF-BA";"DEL01-BA";"UOP04-DEL01-BA"
516938;2023-04-15;"sábado";"06:50:00";"MG";381;668;"PERDOES";"Problema com o freio";"Incêndio";"Sem Vítimas";"Pleno dia";"Crescente";"Céu Claro";"Dupla";"Reta";"Sim";2;0;0;0;1;1;0;2;-21,06787894;-45,05229868;"SPRF-MG";"DEL04-MG";"UOP02-DEL04-MG"
516940;2023-04-15;"sábado";"05:00:00";"MS";262;347;"CAMPO GRANDE";"Transitar na contramão";"Colisão lateral sentido oposto";"Sem Vítimas";"Amanhecer";"Crescente";"Nevoeiro/Neblina";"Simples";"Reta";"Não";3;0;0;0;2;5;0;7;-20,56572179;-54,60345188;"SPRF-MS";"DEL01-MS";"UOP03-DEL01-MS"
516943;2023-04-15;"sábado";"05:40:00";"PR";277;417,2;"CANTAGALO";"Ingestão de álcool pelo condutor";"Colisão frontal";"Sem Vítimas";"Plena Noite";"Decrescente";"Céu Claro";"Simples";"Declive;Curva";"Não";3;0;0;0;2;1;0;3;-25,41878206;-52,06188295;"SPRF-PR";"DEL04-PR";"UOP02-DEL04-PR"
516952;2023-04-15;"sábado";"09:00:00";"MG";381;477,2;"CONTAGEM";"Reação tardia ou ineficiente do condutor";"Colisão traseira";"Com Vítimas Feridas";"Pleno dia";"Decrescente";"Céu Claro";"Dupla";"Reta";"Sim";3;0;1;0;0;2;1;3;-19,9582;-44,0308;"SPRF-MG";"DEL01-MG";"UOP03-DEL01-MG"
516954;2023-04-15;"sábado";"09:15:00";"GO";60;99,3;"ANAPOLIS";"Reação tardia ou ineficiente do condutor";"Colisão traseira";"Com Vítimas Feridas";"Pleno dia";"Decrescente";"Céu Claro";"Dupla";"Curva";"Não";2;0;1;0;1;0;1;2;-16,392541;-48,958846;"SPRF-GO";"DEL02-GO";"UOP01-DEL02-GO"
516956;2023-04-15;"sábado";"06:00:00";"RO";364;70;"VILHENA";"Problema com o freio";"Colisão lateral sentido oposto";"Com Vítimas Feridas";"Amanhecer";"Decrescente";"Céu Claro";"Simples";"Reta";"Não";4;0;2;0;1;2;2;4;-12,46733497;-60,49874289;"SPRF-RO";"DEL04-RO";"UOP01-DEL04-RO"
516957;2023-04-15;"sábado";"09:45:00";"DF";70;19;"BRASILIA";"Condutor deixou de manter distância do veículo da frente";"Colisão traseira";"Com Vítimas Feridas";"Pleno dia";"Decrescente";"Céu Claro";"Dupla";"Curva;Aclive";"Não";2;0;1;0;1;0;1;2;-15,788868;-48,220242;"SPRF-DF";"DEL03-DF";"UOP02-DEL03-DF"
516958;2023-04-15;"sábado";"06:40:00";"MG";381;900,8;"CAMBUI";"Demais falhas mecânicas ou elétricas";"Incêndio";"Sem Vítimas";"Pleno dia";"Decrescente";"Nublado";"Múltipla";"Reta";"Sim";2;0;0;0;1;1;0;2;-22,62841261;-46,07766021;"SPRF-MG";"DEL16-MG";"UOP03-DEL16-MG"
516962;2023-04-15;"sábado";"10:30:00";"ES";259;102;"BAIXO GUANDU";"Acessar a via sem observar a presença dos outros veículos";"Colisão frontal";"Com Vítimas Feridas";"Pleno dia";"Crescente";"Sol";"Simples";"Reta";"Sim";2;0;0;1;1;0;1;2;-19,522022;-41,01212;"SPRF-ES";"DEL02-ES";"UOP01-DEL02-ES"
516969;2023-04-15;"sábado";"09:50:00";"BA";116;596;"IRAJUBA";"Condutor deixou de manter distância do veículo da frente";"Colisão traseira";"Sem Vítimas";"Pleno dia";"Crescente";"Céu Claro";"Simples";"Reta";"Não";3;0;0;0;3;0;0;2;-13,18013991;-40,0048822;"SPRF-BA";"DEL03-BA";"UOP02-DEL03-BA"
516973;2023-03-14;"terça-feira";"13:15:00";"RS";293;49,9;"CERRITO";"Acessar a via sem observar a presença dos outros veículos";"Colisão transversal";"Com Vítimas Feridas";"Pleno dia";"Crescente";"Céu Claro";"Simples";"Declive;Reta;Interseção de Vias";"Não";4;0;2;0;2;0;2;2;-31,73341175;-52,81660594;"SPRF-RS";"DEL07-RS";"UOP01-DEL07-RS"
516977;2023-04-15;"sábado";"13:00:00";"RJ";40;79;"PETROPOLIS";"Acumulo de água sobre o pavimento";"Tombamento";"Com Vítimas Feridas";"Pleno dia";"Crescente";"Chuva";"Dupla";"Curva";"Não";2;0;1;0;1;0;1;1;-22,49130098;-43,22294163;"SPRF-RJ";"DEL06-RJ";"UOP01-DEL06-RJ"
516978;2023-04-15;"sábado";"13:00:00";"RJ";40;79;"PETROPOLIS";"Velocidade Incompatível";"Colisão traseira";"Com Vítimas Feridas";"Pleno dia";"Decrescente";"Céu Claro";"Simples";"Reta";"Não";3;0;1;0;2;0;1;3;-22,49106769;-43,22090149;"SPRF-RJ";"DEL06-RJ";"UOP01-DEL06-RJ"
516983;2023-04-15;"sábado";"13:30:00";"RJ";116;135;"MAGE";"Reação tardia ou ineficiente do condutor";"Colisão traseira";"Com Vítimas Feridas";"Pleno dia";"Decrescente";"Garoa/Chuvisco";"Dupla";"Reta";"Sim";3;0;1;0;2;0;1;2;-22,65225773;-43,16309893;"SPRF-RJ";"DEL04-RJ";"UOP02-DEL04-RJ"
516996;2023-04-15;"sábado";"15:00:00";"TO";10;452,9;"PALMAS";"Manobra de mudança de faixa";"Colisão traseira";"Sem Vítimas";"Pleno dia";"Crescente";"Céu Claro";"Dupla";"Rotatória";"Sim";3;0;0;0;2;1;0;3;-10,22866468;-48,1787123;"SPRF-TO";"DEL01-TO";"UOP03-DEL01-TO"
517005;2023-04-15;"sábado";"08:20:00";"RO";364;478;"ARIQUEMES";"Transitar na contramão";"Colisão lateral sentido oposto";"Com Vítimas Feridas";"Pleno dia";"Decrescente";"Garoa/Chuvisco";"Simples";"Curva";"Não";4;0;2;0;1;3;2;5;-10,14579048;-62,84649152;"SPRF-RO";"DEL03-RO";"UOP01-DEL03-RO"
517015;2023-04-15;"sábado";"16:50:00";"PR";277;34;"MORRETES";"Problema com o freio";"Colisão com objeto";"Com Vítimas Feridas";"Pleno dia";"Decrescente";"Céu Claro";"Dupla";"Desvio Temporário;Em Obras;Curva;Declive";"Não";1;0;1;0;0;0;1;1;-25,571158;-48,815672;"SPRF-PR";"DEL01-PR";"UOP05-DEL01-PR"
517017;2023-04-15;"sábado";"16:45:00";"DF";80;8;"BRASILIA";"Ausência de reação do condutor";"Colisão frontal";"Com Vítimas Fatais";"Pleno dia";"Crescente";"Chuva";"Simples";"Reta;Declive";"Não";3;1;1;1;0;0;2;2;-15,731198;-48,148598;"SPRF-DF";"DEL03-DF";"UOP02-DEL03-DF"
517019;2023-04-15;"sábado";"16:40:00";"RJ";101;46;"CAMPOS DOS GOYTACAZES";"Acessar a via sem observar a presença dos outros veículos";"Colisão transversal";"Com Vítimas Feridas";"Pleno dia";"Crescente";"Céu Claro";"Simples";"Interseção de Vias";"Não";2;0;1;0;0;1;1;2;-21,60648502;-41,31676912;"SPRF-RJ";"DEL08-RJ";"UOP01-DEL08-RJ"
517020;2023-04-15;"sábado";"16:33:00";"MS";267;94;"BATAGUASSU";"Manobra de mudança de faixa";"Colisão lateral sentido oposto";"Sem Vítimas";"Pleno dia";"Decrescente";"Céu Claro";"Simples";"Reta";"Não";2;0;0;0;1;1;0;2;-21,85640785;-52,99283596;"SPRF-MS";"DEL02-MS";"UOP04-DEL02-MS"
517025;2023-04-15;"sábado";"11:24:00";"MG";116;124,1;"ITAOBIM";"Curva acentuada";"Saída de leito carroçável";"Com Vítimas Fatais";"Pleno dia";"Decrescente";"Céu Claro";"Simples";"Curva";"Não";3;1;1;0;0;1;1;2;-16,62714205;-41,50269872;"SPRF-MG";"DEL11-MG";"UOP02-DEL11-MG"
517034;2023-04-15;"sábado";"06:15:00";"GO";364;307,9;"MINEIROS";"Condutor deixou de manter distância do veículo da frente";"Colisão traseira";"Com Vítimas Feridas";"Pleno dia";"Decrescente";"Céu Claro";"Simples";"Reta";"Não";3;0;0;1;1;1;1;2;-17,504978;-52,539757;"SPRF-GO";"DEL05-GO";"UOP01-DEL05-GO"
517041;2023-04-15;"sábado";"19:20:00";"BA";20;182;"LUIS EDUARDO MAGALHAES";"Manobra de mudança de faixa";"Colisão lateral sentido oposto";"Com Vítimas Fatais";"Plena Noite";"Crescente";"Céu Claro";"Simples";"Reta;Aclive";"Não";3;1;1;0;0;2;1;4;-12,370344;-45,863287;"SPRF-BA";"DEL10-BA";"UOP01-DEL10-BA"
517047;2023-04-15;"sábado";"17:40:00";"PR";476;199,6;"LAPA";"Velocidade Incompatível";"Colisão lateral sentido oposto";"Com Vítimas Feridas";"Pleno dia";"Crescente";"Nublado";"Simples";"Curva";"Não";5;0;2;1;1;3;3;5;-25,772074;-49,745663;"SPRF-PR";"DEL01-PR";"UOP06-DEL01-PR"
517052;2023-04-15;"sábado";"16:45:00";"MG";116;772,5;"LEOPOLDINA";"Reação tardia ou ineficiente do condutor";"Colisão transversal";"Com Vítimas Feridas";"Pleno dia";"Decrescente";"Céu Claro";"Simples";"Interseção de Vias;Curva";"Não";13;0;11;0;0;2;11;4;-21,56393225;-42,67830927;"SPRF-MG";"DEL07-MG";"UOP01-DEL07-MG"
517061;2023-04-15;"sábado";"19:00:00";"SC";116;138;"SANTA CECILIA";"Ausência de reação do condutor";"Saída de leito carroçável";"Sem Vítimas";"Plena Noite";"Decrescente";"Garoa/Chuvisco";"Simples";"Reta";"Sim";1;0;0;0;1;0;0;1;-26,95365013;-50,42351412;"SPRF-SC";"DEL06-SC";"UOP02-DEL06-SC"
517081;2023-04-14;"sexta-feira";"20:00:00";"PA";230;433;"PACAJA";"Reação tardia ou ineficiente do condutor";"Saída de leito carroçável";"Com Vítimas Fatais";"Plena Noite";"Decrescente";"Nublado";"Simples";"Curva;Declive";"Não";3;2;0;1;0;0;1;1;-3,78769286;-50,78301995;"SPRF-PA";"DEL04-PA";"UOP01-DEL04-PA"
517090;2023-04-15;"sábado";"20:00:00";"PR";277;539;"IBEMA";"Transitar na contramão";"Colisão frontal";"Sem Vítimas";"Plena Noite";"Decrescente";"Céu Claro";"Simples";"Reta";"Não";2;0;0;0;1;1;0;2;-25,102;-53,041;"SPRF-PR";"DEL04-PR";"UOP04-DEL04-PR"
517103;2023-04-16;"domingo";"03:10:00";"SC";101;421;"ARARANGUA";"Ausência de reação do condutor";"Saída de leito carroçável";"Sem Vítimas";"Plena Noite";"Crescente";"Céu Claro";"Simples";"Reta";"Não";2;0;0;0;1;1;0;2;-29,00475967;-49,56366599;"SPRF-SC";"DEL02-SC";"UOP02-DEL02-SC"
517104;2023-04-16;"domingo";"03:00:00";"PB";101;89,3;"JOAO PESSOA";"Ingestão de álcool ou de substâncias psicoativas pelo pedestre";"Atropelamento de Pedestre";"Com Vítimas Feridas";"Plena Noite";"Decrescente";"Ignorado";"Dupla";"Reta";"Sim";2;0;1;0;1;0;1;2;-7,17304928;-34,8981142;"SPRF-PB";"DEL01-PB";"UOP02-DEL01-PB"
517108;2023-04-16;"domingo";"03:30:00";"SC";101;138,6;"BALNEARIO CAMBORIU";"Problema na suspensão";"Tombamento";"Sem Vítimas";"Amanhecer";"Crescente";"Céu Claro";"Simples";"Aclive;Curva";"Não";2;0;0;0;1;1;0;2;-27,028689;-48,60460997;"SPRF-SC";"DEL04-SC";"UOP03-DEL04-SC"
517114;2023-04-16;"domingo";"04:10:00";"PI";316;313;"PICOS";"Afundamento ou ondulação no pavimento";"Tombamento";"Com Vítimas Feridas";"Plena Noite";"Crescente";"Ignorado";"Múltipla";"Reta";"Sim";3;0;0;2;0;1;2;2;-7,07959049;-41,44975182;"SPRF-PI";"DEL04-PI";"UOP01-DEL04-PI"
517128;2023-04-16;"domingo";"06:50:00";"MG";381;925,1;"ITAPEVA";"Velocidade Incompatível";"Tombamento";"Com Vítimas Fatais";"Pleno dia";"Crescente";"Nevoeiro/Neblina";"Dupla";"Curva";"Não";2;1;0;0;0;1;0;2;-22,77111046;-46,19968562;"SPRF-MG";"DEL16-MG";"UOP03-DEL16-MG"
517139;2023-04-16;"domingo";"05:15:00";"RO";364;508;"ARIQUEMES";"Reação tardia ou ineficiente do condutor";"Colisão lateral sentido oposto";"Com Vítimas Feridas";"Amanhecer";"Decrescente";"Nevoeiro/Neblina";"Simples";"Reta";"Não";3;0;0;1;1;3;1;5;-9,97800567;-63,03088672;"SPRF-RO";"DEL03-RO";"UOP01-DEL03-RO"
517140;2023-04-15;"sábado";"23:30:00";"BA";407;221;"CAPIM GROSSO";"Reação tardia ou ineficiente do condutor";"Saída de leito carroçável";"Com Vítimas Feridas";"Pleno dia";"Crescente";"Céu Claro";"Simples";"Reta";"Sim";3;0;1;2;0;0;3;1;-11,279778;-40,02181903;"SPRF-BA";"DEL04-BA";"UOP02-DEL04-BA"
517142;2023-04-16;"domingo";"06:00:00";"RS";285;625;"SANTO ANTONIO DAS MISSOES";"Ausência de reação do condutor";"Colisão lateral sentido oposto";"Com Vítimas Feridas";"Amanhecer";"Crescente";"Céu Claro";"Simples";"Reta";"Não";6;0;1;0;4;2;1;4;-28,531136;-55,530708;"SPRF-RS";"DEL12-RS";"UOP01-DEL12-RS"
517158;2023-04-16;"domingo";"10:10:00";"PR";153;38;"SANTO ANTONIO DA PLATINA";"Ingestão de álcool pelo condutor";"Tombamento";"Com Vítimas Feridas";"Pleno dia";"Crescente";"Céu Claro";"Simples";"Declive;Curva";"Não";2;0;1;0;0;1;1;2;-23,26886736;-50,0636673;"SPRF-PR";"DEL07-PR";"UOP04-DEL07-PR"
517160;2023-04-16;"domingo";"09:20:00";"RJ";116;127;"MAGE";"Ausência de reação do condutor";"Colisão lateral mesmo sentido";"Com Vítimas Fatais";"Pleno dia";"Decrescente";"Céu Claro";"Dupla";"Reta";"Sim";3;1;0;0;1;1;0;3;-22,65623488;-43,13884735;"SPRF-RJ";"DEL04-RJ";"UOP02-DEL04-RJ"
517163;2023-04-16;"domingo";"10:35:00";"GO";50;169;"CAMPO ALEGRE DE GOIAS";"Reação tardia ou ineficiente do condutor";"Tombamento";"Com Vítimas Feridas";"Pleno dia";"Decrescente";"Céu Claro";"Dupla";"Reta";"Não";2;0;1;0;0;1;1;2;-17,3196;-47,7827;"SPRF-GO";"DEL06-GO";"UOP01-DEL06-GO"
517175;2023-04-16;"domingo";"12:15:00";"SC";101;276,9;"IMBITUBA";"Manobra de mudança de faixa";"Colisão lateral mesmo sentido";"Com Vítimas Feridas";"Pleno dia";"Decrescente";"Céu Claro";"Múltipla";"Reta";"Não";5;0;2;0;3;0;2;2;-28,16648225;-48,69407773;"SPRF-SC";"DEL02-SC";"UOP03-DEL02-SC"
517178;2023-04-16;"domingo";"11:40:00";"BA";242;604;"MUQUEM DE SAO FRANCISCO";"Reação tardia ou ineficiente do condutor";"Saída de leito carroçável";"Com Vítimas Feridas";"Pleno dia";"Decrescente";"Sol";"Simples";"Reta";"Não";4;0;1;0;2;2;1;4;-12,156;-43,381;"SPRF-BA";"DEL10-BA";"UOP02-DEL10-BA"
517185;2023-04-16;"domingo";"10:20:00";"SC";101;310;"LAGUNA";"Ausência de reação do condutor";"Colisão traseira";"Com Vítimas Fatais";"Pleno dia";"Crescente";"Céu Claro";"Dupla";"Reta";"Não";4;1;0;0;2;1;0;4;-28,434328;-48,806946;"SPRF-SC";"DEL02-SC";"UOP01-DEL02-SC"
517188;2023-04-16;"domingo";"14:49:00";"TO";153;674;"GURUPI";"Acessar a via sem observar a presença dos outros veículos";"Colisão transversal";"Com Vítimas Feridas";"Pleno dia";"Crescente";"Sol";"Simples";"Reta";"Sim";3;0;0;1;1;1;1;3;-11,74596399;-49,08518001;"SPRF-TO";"DEL01-TO";"UOP02-DEL01-TO"
517195;2023-04-16;"domingo";"12:40:00";"PR";163;280;"QUATRO PONTES";"Conversão proibida";"Colisão transversal";"Com Vítimas Feridas";"Pleno dia";"Decrescente";"Sol";"Simples";"Reta";"Não";2;0;0;1;1;0;1;2;-24,57344774;-53,99581254;"SPRF-PR";"DEL06-PR";"UOP02-DEL06-PR"
517199;2023-04-16;"domingo";"15:25:00";"MG";381;525,5;"BRUMADINHO";"Velocidade Incompatível";"Saída de leito carroçável";"Com Vítimas Feridas";"Pleno dia";"Crescente";"Céu Claro";"Dupla";"Curva;Declive";"Não";1;0;1;0;0;0;1;1;-20,16710798;-44,33422398;"SPRF-MG";"DEL04-MG";"UOP03-DEL04-MG"
517209;2023-04-16;"domingo";"14:25:00";"PI";316;392;"FRANCISCO MACEDO";"Reação tardia ou ineficiente do condutor";"Colisão traseira";"Com Vítimas Feridas";"Pleno dia";"Crescente";"Chuva";"Simples";"Reta";"Não";5;0;1;0;1;6;1;7;-7,29317616;-40,8198092;"SPRF-PI";"DEL04-PI";"UOP03-DEL04-PI"
517225;2023-04-16;"domingo";"18:30:00";"SP";153;63;"SAO JOSE DO RIO PRETO";"Ausência de reação do condutor";"Colisão traseira";"Com Vítimas Feridas";"Plena Noite";"Decrescente";"Céu Claro";"Dupla";"Reta;Declive";"Sim";3;0;0;1;1;2;1;4;-20,82149698;-49,35764818;"SPRF-SP";"DEL09-SP";"UOP01-DEL09-SP"
517228;2023-04-16;"domingo";"15:10:00";"SP";116;426;"JUQUIA";"Problema com o freio";"Colisão com objeto";"Com Vítimas Feridas";"Pleno dia";"Decrescente";"Céu Claro";"Múltipla";"Reta";"Não";2;0;1;0;1;0;1;1;-24,38735659;-47,7169352;"SPRF-SP";"DEL05-SP";"UOP01-DEL05-SP"
517236;2023-04-16;"domingo";"17:30:00";"SC";470;116;"IBIRAMA";"Retorno proibido";"Colisão transversal";"Com Vítimas Feridas";"Pleno dia";"Decrescente";"Nublado";"Simples";"Curva;Declive;Interseção de Vias";"Sim";3;0;0;1;1;1;1;3;-27,07917874;-49,49904084;"SPRF-SC";"DEL04-SC";"UOP02-DEL04-SC"
517241;2023-04-16;"domingo";"16:25:00";"MG";381;698,7;"LAVRAS";"Velocidade Incompatível";"Tombamento";"Com Vítimas Feridas";"Pleno dia";"Crescente";"Céu Claro";"Dupla";"Curva;Declive";"Não";2;0;1;0;0;1;1;2;-21,29905212;-45,15077778;"SPRF-MG";"DEL04-MG";"UOP02-DEL04-MG"
517249;2023-04-16;"domingo";"19:00:00";"PR";369;186;"ARAPONGAS";"Velocidade Incompatível";"Colisão lateral sentido oposto";"Com Vítimas Feridas";"Plena Noite";"Crescente";"Céu Claro";"Simples";"Rotatória";"Sim";4;0;2;0;2;0;2;2;-23,417515;-51,426606;"SPRF-PR";"DEL07-PR";"UOP03-DEL07-PR"
517252;2023-03-29;"quarta-feira";"20:15:00";"SC";116;124,8;"SANTA CECILIA";"Manobra de mudança de faixa";"Colisão frontal";"Com Vítimas Feridas";"Plena Noite";"Crescente";"Chuva";"Simples";"Curva";"Não";4;0;1;2;0;2;3;4;-26,85025694;-50,40504834;"SPRF-SC";"DEL06-SC";"UOP02-DEL06-SC"
517255;2023-04-16;"domingo";"10:50:00";"SC";116;107,7;"MONTE CASTELO";"Ausência de reação do condutor";"Tombamento";"Com Vítimas Feridas";"Pleno dia";"Decrescente";"Nublado";"Simples";"Curva;Declive";"Não";2;0;1;0;0;1;1;2;-26,75568818;-50,32812388;"SPRF-SC";"DEL06-SC";"UOP02-DEL06-SC"
517265;2023-04-16;"domingo";"15:30:00";"SC";282;58,7;"IRANI";"Desrespeitar a preferência no cruzamento";"Colisão transversal";"Com Vítimas Feridas";"Pleno dia";"Decrescente";"Chuva";"Simples";"Interseção de Vias";"Não";2;0;1;0;1;0;1;2;-26,96950769;-51,85409546;"SPRF-SC";"DEL01-SC";"UOP03-DEL01-SC"
517280;2023-04-16;"domingo";"21:50:00";"MG";116;487;"INHAPIM";"Velocidade Incompatível";"Tombamento";"Com Vítimas Feridas";"Plena Noite";"Crescente";"Céu Claro";"Simples";"Curva";"Não";2;0;1;0;0;1;1;2;-19,45138982;-42,12752114;"SPRF-MG";"DEL06-MG";"UOP02-DEL06-MG"
517284;2023-04-16;"domingo";"20:45:00";"MG";381;500;"BETIM";"Ingestão de álcool pelo condutor";"Colisão lateral mesmo sentido";"Sem Vítimas";"Plena Noite";"Decrescente";"Céu Claro";"Dupla";"Reta;Aclive";"Sim";3;0;0;0;2;1;0;3;-20,02513493;-44,23112709;"SPRF-MG";"DEL01-MG";"UOP03-DEL01-MG"
517285;2023-04-16;"domingo";"22:15:00";"SC";282;541,5;"CHAPECO";"Transitar na contramão";"Colisão frontal";"Com Vítimas Feridas";"Plena Noite";"Decrescente";"Chuva";"Simples";"Reta";"Não";2;0;1;1;0;0;2;2;-26,997713;-52,699165;"SPRF-SC";"DEL07-SC";"UOP01-DEL07-SC"
517288;2023-04-16;"domingo";"21:30:00";"PR";369;152,8;"LONDRINA";"Demais falhas mecânicas ou elétricas";"Colisão com objeto";"Sem Vítimas";"Plena Noite";"Decrescente";"Nublado";"Dupla";"Reta;Declive";"Sim";1;0;0;0;1;0;0;1;-23,29379295;-51,18732887;"SPRF-PR";"DEL07-PR";"UOP01-DEL07-PR"
517289;2023-04-16;"domingo";"21:00:00";"PR";369;49;"BANDEIRANTES";"Ausência de reação do condutor";"Colisão com objeto";"Com Vítimas Feridas";"Plena Noite";"Crescente";"Céu Claro";"Simples";"Reta";"Não";1;0;1;0;0;0;1;1;-23,11604883;-50,32081604;"SPRF-PR";"DEL07-PR";"UOP05-DEL07-PR"
517290;2023-04-16;"domingo";"22:30:00";"PR";373;172;"PONTA GROSSA";"Ausência de reação do condutor";"Colisão com objeto";"Com Vítimas Feridas";"Plena Noite";"Crescente";"Chuva";"Dupla";"Curva";"Sim";3;0;1;0;1;1;1;3;-25,08139932;-50,19200981;"SPRF-PR";"DEL03-PR";"UOP01-DEL03-PR"
517292;2023-04-16;"domingo";"12:25:00";"AL";101;247,5;"PORTO REAL DO COLEGIO";"Ausência de reação do condutor";"Tombamento";"Com Vítimas Feridas";"Pleno dia";"Decrescente";"Céu Claro";"Dupla";"Curva";"Não";2;0;1;0;0;1;1;2;-10,20157574;-36,81810379;"SPRF-AL";"DEL02-AL";"UOP02-DEL02-AL"
517293;2023-04-16;"domingo";"21:30:00";"MG";40;510;"RIBEIRAO DAS NEVES";"Manobra de mudança de faixa";"Colisão lateral mesmo sentido";"Com Vítimas Feridas";"Plena Noite";"Decrescente";"Céu Claro";"Dupla";"Reta";"Não";6;0;1;3;1;1;4;3;-19,77463885;-44,12321882;"SPRF-MG";"DEL01-MG";"UOP02-DEL01-MG"
517295;2023-04-16;"domingo";"22:25:00";"MG";40;610,1;"CONGONHAS";"Demais falhas mecânicas ou elétricas";"Incêndio";"Sem Vítimas";"Plena Noite";"Crescente";"Nublado";"Simples";"Reta";"Não";2;0;0;0;1;1;0;2;-20,504769;-43,838975;"SPRF-MG";"DEL05-MG";"UOP02-DEL05-MG"
517296;2023-04-16;"domingo";"21:20:00";"BA";242;266;"RUY BARBOSA";"Reação tardia ou ineficiente do condutor";"Capotamento";"Com Vítimas Feridas";"Plena Noite";"Decrescente";"Céu Claro";"Simples";"Curva";"Não";1;0;0;1;0;0;1;1;-12,4525739;-40,59396496;"SPRF-BA";"DEL06-BA";"UOP02-DEL06-BA"
517300;2023-04-16;"domingo";"23:00:00";"PR";376;1;"MANDAGUARI";"Manobra de mudança de faixa";"Colisão lateral mesmo sentido";"Com Vítimas Feridas";"Plena Noite";"Decrescente";"Chuva";"Dupla";"Reta";"Não";5;0;2;0;3;0;2;2;-23,51140397;-51,71363219;"SPRF-PR";"DEL09-PR";"UOP01-DEL09-PR"
517305;2023-04-16;"domingo";"20:20:00";"PI";343;228,8;"COCAL DE TELHA";"Chuva";"Colisão lateral sentido oposto";"Com Vítimas Feridas";"Plena Noite";"Decrescente";"Chuva";"Simples";"Reta";"Não";3;0;2;0;0;3;2;5;-4,617801;-42,003155;"SPRF-PI";"DEL01-PI";"UOP03-DEL01-PI"
517306;2023-04-16;"domingo";"18:30:00";"MG";262;555;"CORREGO DANTA";"Ausência de reação do condutor";"Colisão frontal";"Com Vítimas Feridas";"Plena Noite";"Decrescente";"Nublado";"Simples";"Declive;Curva";"Não";6;0;3;1;1;1;4;3;-19,716122;-45,930573;"SPRF-MG";"DEL08-MG";"UOP02-DEL08-MG"
517308;2023-04-17;"segunda-feira";"00:00:00";"DF";20;14;"BRASILIA";"Ausência de reação do condutor";"Colisão traseira";"Com Vítimas Feridas";"Pleno dia";"Decrescente";"Céu Claro";"Dupla";"Reta";"Não";3;0;1;0;1;1;1;3;-15,634938;-47,741241;"SPRF-DF";"DEL02-DF";"UOP01-DEL02-DF"