"id";"data_inversa";"dia_semana";"horario";"uf";"br";"km";"municipio";"causa_acidente";"tipo_acidente";"classificacao_acidente";"fase_dia";"sentido_via";"condicao_metereologica";"tipo_pista";"tracado_via";"uso_solo";"pessoas";"mortos";"feridos_leves";"feridos_graves";"ilesos";"ignorados";"feridos";"veiculos";"latitude";"longitude";"regional";"delegacia";"uop"
517623;2023-04-18;"terça-feira";"14:00:00";"PR";376;175,9;"MARINGA";"Ausência de reação do condutor";"Colisão traseira";"Com Vítimas Feridas";"Pleno dia";"Decrescente";"Chuva";"Dupla";"Reta";"Sim";4;0;1;0;3;0;1;4;-23,4113569;-51,9407767;"SPRF-PR";"DEL09-PR";"UOP01-DEL09-PR"
517628;2023-04-18;"terça-feira";"14:40:00";"PE";407;128,2;"PETROLINA";"Trafegar com motocicleta (ou similar) entre as faixas";"Colisão lateral mesmo sentido";"Com Vítimas Fatais";"Pleno dia";"Decrescente";"Sol";"Dupla";"Curva";"Sim";2;1;0;0;0;1;0;2;-9,39457487;-40,50920963;"SPRF-PE";"DEL06-PE";"UOP01-DEL06-PE"
517635;2023-03-18;"sábado";"16:00:00";"GO";364;265,2;"MINEIROS";"Reação tardia ou ineficiente do condutor";"Colisão traseira";"Com Vítimas Feridas";"Pleno dia";"Crescente";"Chuva";"Simples";"Reta";"Não";5;0;0;1;3;5;1;9;-17,665668;-52,268368;"SPRF-GO";"DEL05-GO";"UOP01-DEL05-GO"
517640;2023-04-18;"terça-feira";"16:35:00";"MG";381;333;"NOVA ERA";"Ausência de reação do condutor";"Tombamento";"Com Vítimas Fatais";"Pleno dia";"Crescente";"Céu Claro";"Simples";"Curva;Declive";"Não";1;1;0;0;0;0;0;1;-19,80306599;-43,06083702;"SPRF-MG";"DEL03-MG";"UOP01-DEL03-MG"
517642;2023-04-18;"terça-feira";"15:20:00";"SE";101;205,3;"CRISTINAPOLIS";"Condutor deixou de manter distância do veículo da frente";"Colisão traseira";"Com Vítimas Feridas";"Pleno dia";"Decrescente";"Sol";"Simples";"Reta;Em Obras;Aclive";"Não";3;0;1;0;1;2;1;4;-11,51443822;-37,79490977;"SPRF-SE";"DEL02-SE";"UOP03-DEL02-SE"
517643;2023-04-18;"terça-feira";"16:54:00";"RJ";116;180;"NOVA IGUACU";"Chuva";"Colisão traseira";"Com Vítimas Feridas";"Anoitecer";"Decrescente";"Garoa/Chuvisco";"Múltipla";"Reta";"Não";2;0;1;0;1;0;1;2;-22,7651616;-43,4154728;"SPRF-RJ";"DEL01-RJ";"UOP02-DEL01-RJ"
517666;2023-04-18;"terça-feira";"18:00:00";"MT";163;844;"SINOP";"Ultrapassagem Indevida";"Colisão transversal";"Sem Vítimas";"Plena Noite";"Crescente";"Chuva";"Simples";"Interseção de Vias";"Não";4;0;0;0;3;3;0;6;-11,90744909;-55,50726663;"SPRF-MT";"DEL06-MT";"UOP02-DEL06-MT"
517669;2023-04-17;"segunda-feira";"22:00:00";"GO";158;63;"PIRANHAS";"Demais falhas mecânicas ou elétricas";"Incêndio";"Sem Vítimas";"Pleno dia";"Crescente";"Céu Claro";"Simples";"Reta";"Não";2;0;0;0;1;1;0;2;-16,29370812;-51,9719461;"SPRF-GO";"DEL04-GO";"UOP02-DEL04-GO"
517681;2023-04-18;"terça-feira";"16:30:00";"GO";153;547;"PROFESSOR JAMIL";"Frear bruscamente";"Colisão traseira";"Com Vítimas Feridas";"Pleno dia";"Crescente";"Céu Claro";"Dupla";"Aclive";"Não";5;0;2;0;2;2;2;4;-17,1147;-49,2132;"SPRF-GO";"DEL01-GO";"UOP03-DEL01-GO"
517685;2023-02-16;"quinta-feira";"09:30:00";"MT";364;169;"PEDRA PRETA";"Reação tardia ou ineficiente do condutor";"Colisão traseira";"Com Vítimas Feridas";"Pleno dia";"Crescente";"Céu Claro";"Simples";"Reta;Em Obras";"Não";3;0;0;1;1;4;1;6;-16,64771611;-54,40522101;"SPRF-MT";"DEL02-MT";"UOP01-DEL02-MT"
517687;2023-04-18;"terça-feira";"19:50:00";"PR";277;37;"MORRETES";"Problema com o freio";"Tombamento";"Com Vítimas Feridas";"Plena Noite";"Decrescente";"Céu Claro";"Dupla";"Curva";"Não";3;0;1;0;1;2;1;4;-25,56011566;-48,81439895;"SPRF-PR";"DEL01-PR";"UOP05-DEL01-PR"
517688;2023-04-18;"terça-feira";"13:40:00";"AL";101;149,3;"JEQUIA DA PRAIA";"Velocidade Incompatível";"Tombamento";"Com Vítimas Feridas";"Pleno dia";"Crescente";"Céu Claro";"Dupla";"Declive;Curva";"Não";2;0;1;0;0;1;1;2;-9,89402674;-36,14110191;"SPRF-AL";"DEL02-AL";"UOP02-DEL02-AL"
517691;2023-04-18;"terça-feira";"17:50:00";"GO";60;136;"GOIANIA";"Avarias e/ou desgaste excessivo no pneu";"Tombamento";"Com Vítimas Feridas";"Anoitecer";"Decrescente";"Céu Claro";"Dupla";"Curva";"Sim";1;0;1;0;0;0;1;1;-16,5959;-49,1965;"SPRF-GO";"DEL01-GO";"UOP01-DEL01-GO"
517698;2023-04-18;"terça-feira";"20:55:00";"BA";101;884;"TEIXEIRA DE FREITAS";"Velocidade Incompatível";"Tombamento";"Com Vítimas Feridas";"Plena Noite";"Crescente";"Céu Claro";"Simples";"Curva;Aclive";"Não";3;0;0;1;1;1;1;3;-17,60115738;-39,74853516;"SPRF-BA";"DEL09-BA";"UOP02-DEL09-BA"
517699;2023-04-18;"terça-feira";"18:40:00";"PR";116;115;"CURITIBA";"Reação tardia ou ineficiente do condutor";"Colisão com objeto";"Com Vítimas Feridas";"Anoitecer";"Decrescente";"Nublado";"Múltipla";"Reta";"Não";1;0;1;0;0;0;1;1;-25,54518095;-49,30338979;"SPRF-PR";"DEL01-PR";"UOP07-DEL01-PR"
517703;2023-04-18;"terça-feira";"22:10:00";"BA";324;612;"SALVADOR";"Demais falhas mecânicas ou elétricas";"Incêndio";"Sem Vítimas";"Plena Noite";"Crescente";"Céu Claro";"Dupla";"Reta";"Não";3;0;0;0;3;0;0;1;-12,86012986;-38,42232227;"SPRF-BA";"DEL01-BA";"UOP01-DEL01-BA"
517706;2023-04-18;"terça-feira";"21:42:00";"CE";116;86,2;"CASCAVEL";"Demais falhas mecânicas ou elétricas";"Incêndio";"Sem Vítimas";"Plena Noite";"Crescente";"Nublado";"Simples";"Reta";"Não";3;0;0;0;2;2;0;3;-4,43667971;-38,39141167;"SPRF-CE";"DEL03-CE";"UOP02-DEL03-CE"
517709;2023-04-18;"terça-feira";"23:20:00";"MG";381;684,7;"LAVRAS";"Ausência de reação do condutor";"Saída de leito carroçável";"Com Vítimas Feridas";"Plena Noite";"Decrescente";"Nublado";"Dupla";"Reta";"Não";4;0;1;0;2;1;1;3;-21,183794;-45,119785;"SPRF-MG";"DEL04-MG";"UOP02-DEL04-MG"
517710;2023-04-18;"terça-feira";"23:50:00";"MG";381;384;"BARAO DE COCAIS";"Transitar na contramão";"Colisão frontal";"Com Vítimas Fatais";"Plena Noite";"Crescente";"Céu Claro";"Simples";"Reta";"Não";3;1;0;0;2;0;0;2;-19,80675104;-43,4020021;"SPRF-MG";"DEL01-MG";"UOP01-DEL01-MG"
517711;2023-04-18;"terça-feira";"21:45:00";"RO";364;17;"VILHENA";"Ausência de reação do condutor";"Saída de leito carroçável";"Sem Vítimas";"Plena Noite";"Decrescente";"Céu Claro";"Simples";"Declive";"Sim";2;0;0;0;1;1;0;2;-12,73207998;-60,16589399;"SPRF-RO";"DEL04-RO";"UOP01-DEL04-RO"
517712;2023-04-18;"terça-feira";"21:00:00";"PI";316;88;"BARRO DURO";"Pista esburacada";"Tombamento";"Com Vítimas Feridas";"Plena Noite";"Decrescente";"Chuva";"Simples";"Reta";"Não";1;0;1;0;0;0;1;1;-5,78420841;-42,57148938;"SPRF-PI";"DEL04-PI";"UOP02-DEL04-PI"
517713;2023-04-19;"quarta-feira";"00:20:00";"MG";381;525;"BRUMADINHO";"Velocidade Incompatível";"Tombamento";"Sem Vítimas";"Plena Noite";"Crescente";"Nublado";"Dupla";"Curva";"Não";2;0;0;0;1;1;0;2;-20,16710798;-44,33422398;"SPRF-MG";"DEL04-MG";"UOP03-DEL04-MG"
517718;2023-04-19;"quarta-feira";"01:45:00";"SC";470;38,3;"GASPAR";"Demais falhas mecânicas ou elétricas";"Tombamento";"Sem Vítimas";"Plena Noite";"Crescente";"Nublado";"Simples";"Desvio Temporário";"Não";1;0;0;0;1;0;0;1;-26,904108;-48,980164;"SPRF-SC";"DEL04-SC";"UOP01-DEL04-SC"
517719;2023-04-18;"terça-feira";"18:30:00";"MG";251;243,4;"SANTA CRUZ DE SALINAS";"Reação tardia ou ineficiente do condutor";"Tombamento";"Com Vítimas Feridas";"Plena Noite";"Decrescente";"Céu Claro";"Simples";"Curva";"Não";2;0;1;0;0;1;1;2;-16,010056;-41,791704;"SPRF-MG";"DEL12-MG";"UOP01-DEL12-MG"
517721;2023-04-19;"quarta-feira";"01:30:00";"RJ";40;111;"DUQUE DE CAXIAS";"Velocidade Incompatível";"Colisão lateral mesmo sentido";"Com Vítimas Feridas";"Plena Noite";"Crescente";"Nublado";"Múltipla";"Reta";"Sim";6;0;2;0;4;0;2;2;-22,69754226;-43,28929966;"SPRF-RJ";"DEL01-RJ";"UOP01-DEL01-RJ"
517723;2023-04-19;"quarta-feira";"02:30:00";"SP";116;74;"APARECIDA";"Ausência de reação do condutor";"Colisão com objeto";"Com Vítimas Feridas";"Plena Noite";"Crescente";"Chuva";"Dupla";"Reta";"Não";6;0;2;0;3;1;2;4;-22,87353809;-45,25320023;"SPRF-SP";"DEL08-SP";"UOP01-DEL08-SP"
517726;2023-04-19;"quarta-feira";"04:30:00";"MG";381;532;"ITATIAIUCU";"Modificação proibida";"Tombamento";"Com Vítimas Feridas";"Amanhecer";"Decrescente";"Nublado";"Dupla";"Curva";"Não";2;0;1;0;0;1;1;2;-20,1904316;-44,38268793;"SPRF-MG";"DEL04-MG";"UOP03-DEL04-MG"
517730;2023-04-19;"quarta-feira";"03:30:00";"RO";319;59;"PORTO VELHO";"Condutor desrespeitou a iluminação vermelha do semáforo";"Colisão transversal";"Com Vítimas Feridas";"Plena Noite";"Crescente";"Nublado";"Dupla";"Interseção de Vias";"Sim";3;0;1;0;1;2;1;4;-8,74345903;-63,91281366;"SPRF-RO";"DEL01-RO";"UOP01-DEL01-RO"
517733;2023-04-19;"quarta-feira";"05:45:00";"RS";293;13;"CAPAO DO LEAO";"Animais na Pista";"Atropelamento de Animal";"Sem Vítimas";"Pleno dia";"Decrescente";"Céu Claro";"Simples";"Reta";"Não";3;0;0;0;2;1;0;3;-31,7543548;-52,45089496;"SPRF-RS";"DEL07-RS";"UOP01-DEL07-RS"
517738;2023-04-19;"quarta-feira";"05:40:00";"MG";262;479;"BOM DESPACHO";"Ausência de reação do condutor";"Colisão traseira";"Com Vítimas Feridas";"Pleno dia";"Decrescente";"Chuva";"Simples";"Reta";"Não";4;0;1;0;2;2;1;5;-19,78628062;-45,23887303;"SPRF-MG";"DEL08-MG";"UOP03-DEL08-MG"
517742;2023-04-19;"quarta-feira";"07:05:00";"RN";304;113,9;"ACU";"Acessar a via sem observar a presença dos outros veículos";"Colisão transversal";"Com Vítimas Feridas";"Pleno dia";"Decrescente";"Céu Claro";"Simples";"Reta";"Sim";3;0;0;1;2;0;1;2;-5,60914311;-36,90655491;"SPRF-RN";"DEL04-RN";"UOP01-DEL04-RN"
517743;2023-04-19;"quarta-feira";"06:05:00";"MS";60;516;"NIOAQUE";"Problema com o freio";"Saída de leito carroçável";"Sem Vítimas";"Amanhecer";"Crescente";"Céu Claro";"Simples";"Declive;Reta";"Não";2;0;0;0;1;2;0;3;-21,17477404;-55,6368241;"SPRF-MS";"DEL05-MS";"UOP01-DEL05-MS"
517749;2023-01-04;"quarta-feira";"16:00:00";"SC";101;266;"PAULO LOPES";"Condutor deixou de manter distância do veículo da frente";"Colisão traseira";"Com Vítimas Feridas";"Pleno dia";"Decrescente";"Céu Claro";"Dupla";"Reta";"Não";7;0;2;0;4;2;2;7;-28,06001385;-48,71690948;"SPRF-SC";"DEL02-SC";"UOP03-DEL02-SC"
517761;2023-04-19;"quarta-feira";"00:50:00";"MG";267;277,9;"AIURUOCA";"Velocidade Incompatível";"Colisão frontal";"Com Vítimas Feridas";"Plena Noite";"Decrescente";"Chuva";"Simples";"Declive;Curva";"Não";3;0;1;0;1;1;1;3;-21,93263164;-44,70242991;"SPRF-MG";"DEL17-MG";"UOP01-DEL17-MG"
517763;2023-03-06;"segunda-feira";"17:10:00";"SC";470;97,8;"APIUNA";"Reação tardia ou ineficiente do condutor";"Colisão traseira";"Com Vítimas Feridas";"Pleno dia";"Crescente";"Ignorado";"Simples";"Interseção de Vias;Reta";"Sim";2;0;1;0;1;0;1;2;-27,03289916;-49,38612076;"SPRF-SC";"DEL04-SC";"UOP01-DEL04-SC"
517771;2023-03-18;"sábado";"13:15:00";"MT";364;17,2;"ALTO ARAGUAIA";"Condutor deixou de manter distância do veículo da frente";"Colisão traseira";"Com Vítimas Feridas";"Pleno dia";"Crescente";"Céu Claro";"Simples";"Reta";"Não";3;0;0;1;1;3;1;5;-17,22241104;-53,3245262;"SPRF-MT";"DEL02-MT";"UOP02-DEL02-MT"
517777;2023-04-03;"segunda-feira";"10:00:00";"MA";10;244;"IMPERATRIZ";"Condutor deixou de manter distância do veículo da frente";"Colisão traseira";"Com Vítimas Feridas";"Pleno dia";"Crescente";"Sol";"Simples";"Reta";"Não";6;0;2;0;3;1;2;3;-5,596112;-47,42886;"SPRF-MA";"DEL04-MA";"UOP01-DEL04-MA"
517786;2023-04-19;"quarta-feira";"09:07:00";"PR";376;594,3;"CURITIBA";"Acessar a via sem observar a presença dos outros veículos";"Atropelamento de Pedestre";"Com Vítimas Feridas";"Pleno dia";"Crescente";"Céu Claro";"Dupla";"Reta";"Não";3;0;0;1;1;1;1;3;-25,48479613;-49,34730331;"SPRF-PR";"DEL01-PR";"UOP06-DEL01-PR"
517790;2023-04-19;"quarta-feira";"07:15:00";"SP";116;545;"BARRA DO TURVO";"Reação tardia ou ineficiente do condutor";"Tombamento";"Com Vítimas Feridas";"Pleno dia";"Decrescente";"Sol";"Dupla";"Curva";"Não";2;0;1;0;0;1;1;2;-24,95016699;-48,42400302;"SPRF-SP";"DEL05-SP";"UOP02-DEL05-SP"
517791;2023-04-19;"quarta-feira";"06:50:00";"RO";364;393;"OURO PRETO DO OESTE";"Demais falhas mecânicas ou elétricas";"Incêndio";"Sem Vítimas";"Pleno dia";"Crescente";"Céu Claro";"Simples";"Declive;Reta";"Não";2;0;0;0;1;2;0;3;-10,65224885;-62,30278881;"SPRF-RO";"DEL03-RO";"UOP02-DEL03-RO"
517795;2023-04-19;"quarta-feira";"10:30:00";"SP";116;226;"GUARULHOS";"Ausência de reação do condutor";"Engavetamento";"Sem Vítimas";"Pleno dia";"Decrescente";"Céu Claro";"Múltipla";"Reta";"Não";5;0;0;0;4;1;0;5;-23,49102507;-46,54878195;"SPRF-SP";"DEL01-SP";"UOP01-DEL01-SP"
517799;2023-04-19;"quarta-feira";"11:00:00";"SP";381;23;"BRAGANCA PAULISTA";"Obras na pista";"Colisão transversal";"Com Vítimas Feridas";"Pleno dia";"Crescente";"Céu Claro";"Dupla";"Reta";"Não";3;0;1;0;0;2;1;3;-23,00476488;-46,52061531;"SPRF-SP";"DEL03-SP";"UOP02-DEL03-SP"
517804;2023-04-19;"quarta-feira";"08:40:00";"PR";376;499;"PONTA GROSSA";"Ausência de reação do condutor";"Colisão com objeto";"Com Vítimas Feridas";"Pleno dia";"Decrescente";"Céu Claro";"Dupla";"Declive";"Sim";3;0;2;0;1;0;2;3;-25,19475149;-50,07738945;"SPRF-PR";"DEL03-PR";"UOP04-DEL03-PR"
517807;2023-04-19;"quarta-feira";"12:59:00";"ES";101;302;"VIANA";"Condutor deixou de manter distância do veículo da frente";"Colisão traseira";"Com Vítimas Feridas";"Pleno dia";"Crescente";"Céu Claro";"Dupla";"Curva";"Não";2;0;1;0;1;0;1;2;-20,36958283;-40,44384551;"SPRF-ES";"DEL01-ES";"UOP01-DEL01-ES"
517813;2023-04-19;"quarta-feira";"10:40:00";"PR";476;122;"CURITIBA";"Manobra de mudança de faixa";"Colisão lateral mesmo sentido";"Sem Vítimas";"Pleno dia";"Crescente";"Céu Claro";"Dupla";"Reta;Em Obras";"Sim";2;0;0;0;2;0;0;2;-25,385775;-49,203377;"SPRF-PR";"DEL01-PR";"UOP01-DEL01-PR"
517814;2023-04-19;"quarta-feira";"13:20:00";"BA";324;545;"AMELIA RODRIGUES";"Conversão proibida";"Colisão lateral mesmo sentido";"Com Vítimas Feridas";"Pleno dia";"Decrescente";"Céu Claro";"Dupla";"Reta;Em Obras";"Sim";2;0;1;0;1;0;1;2;-12,4113926;-38,72866058;"SPRF-BA";"DEL01-BA";"UOP03-DEL01-BA"
517818;2023-04-19;"quarta-feira";"11:45:00";"PA";316;151;"CAPANEMA";"Acessar a via sem observar a presença dos outros veículos";"Saída de leito carroçável";"Com Vítimas Feridas";"Pleno dia";"Decrescente";"Céu Claro";"Simples";"Reta";"Sim";2;0;0;1;1;0;1;2;-1,213487;-47,180488;"SPRF-PA";"DEL01-PA";"UOP03-DEL01-PA"
517827;2023-04-19;"quarta-feira";"12:10:00";"MG";251;509,1;"FRANCISCO SA";"Pista Escorregadia";"Colisão frontal";"Com Vítimas Feridas";"Pleno dia";"Crescente";"Garoa/Chuvisco";"Simples";"Declive;Reta";"Não";3;0;1;0;1;1;1;3;-16,64068999;-43,69966903;"SPRF-MG";"DEL12-MG";"UOP01-DEL12-MG"
517832;2023-04-19;"quarta-feira";"14:50:00";"ES";101;368,5;"ANCHIETA";"Ausência de reação do condutor";"Colisão com objeto";"Com Vítimas Feridas";"Pleno dia";"Decrescente";"Céu Claro";"Simples";"Curva";"Não";2;0;1;0;0;1;1;2;-20,753749;-40,75894999;"SPRF-ES";"DEL03-ES";"UOP01-DEL03-ES"
517833;2023-03-22;"quarta-feira";"08:50:00";"PR";116;126;"FAZENDA RIO GRANDE";"Reação tardia ou ineficiente do condutor";"Colisão com objeto";"Sem Vítimas";"Pleno dia";"Crescente";"Céu Claro";"Dupla";"Reta;Interseção de Vias";"Sim";6;0;0;0;6;0;0;4;-25,637327;-49,313043;"SPRF-PR";"DEL01-PR";"UOP03-DEL01-PR"
517834;2023-04-19;"quarta-feira";"14:34:00";"RS";116;264;"CANOAS";"Reação tardia ou ineficiente do condutor";"Colisão traseira";"Com Vítimas Feridas";"Pleno dia";"Crescente";"Nublado";"Múltipla";"Reta;Interseção de Vias";"Não";3;0;1;0;2;0;1;2;-29,914435;-51,17754495;"SPRF-RS";"DEL01-RS";"UOP01-DEL01-RS"
517840;2023-04-19;"quarta-feira";"13:20:00";"MT";163;768;"SORRISO";"Reação tardia ou ineficiente do condutor";"Colisão lateral sentido oposto";"Com Vítimas Feridas";"Pleno dia";"Decrescente";"Céu Claro";"Simples";"Reta;Declive";"Não";5;0;0;1;2;3;1;6;-12,42515316;-55,64140141;"SPRF-MT";"DEL06-MT";"UOP01-DEL06-MT"
517844;2023-04-19;"quarta-feira";"14:40:00";"SC";470;145,6;"RIO DO SUL";"Condutor deixou de manter distância do veículo da frente";"Colisão traseira";"Com Vítimas Feridas";"Pleno dia";"Decrescente";"Nublado";"Simples";"Reta";"Sim";2;0;1;0;1;0;1;2;-27,237301;-49,682217;"SPRF-SC";"DEL04-SC";"UOP02-DEL04-SC"
517845;2023-04-19;"quarta-feira";"16:05:00";"PR";277;69,4;"PIRAQUARA";"Acessar a via sem observar a presença dos outros veículos";"Colisão lateral mesmo sentido";"Com Vítimas Feridas";"Pleno dia";"Crescente";"Céu Claro";"Dupla";"Interseção de Vias;Reta";"Sim";2;0;1;0;1;0;1;2;-25,53715243;-49,07076619;"SPRF-PR";"DEL01-PR";"UOP01-DEL01-PR"
517853;2023-02-24;"sexta-feira";"09:10:00";"SC";280;285,6;"IRINEOPOLIS";"Velocidade Incompatível";"Tombamento";"Com Vítimas Fatais";"Pleno dia";"Decrescente";"Céu Claro";"Simples";"Declive;Curva";"Não";2;1;0;0;0;1;0;2;-26,29239616;-50,87751706;"SPRF-SC";"DEL06-SC";"UOP04-DEL06-SC"
517857;2023-04-19;"quarta-feira";"15:45:00";"PR";116;126;"FAZENDA RIO GRANDE";"Condutor deixou de manter distância do veículo da frente";"Colisão traseira";"Com Vítimas Feridas";"Pleno dia";"Decrescente";"Nublado";"Dupla";"Reta";"Sim";3;0;1;0;1;3;1;5;-25,637902;-49,313218;"SPRF-PR";"DEL01-PR";"UOP03-DEL01-PR"
517859;2023-04-19;"quarta-feira";"15:20:00";"MT";163;813,8;"SINOP";"Ausência de reação do condutor";"Colisão traseira";"Com Vítimas Feridas";"Pleno dia";"Crescente";"Céu Claro";"Simples";"Reta";"Não";3;0;1;0;1;3;1;5;-12,18052509;-55,52606686;"SPRF-MT";"DEL06-MT";"UOP02-DEL06-MT"
517899;2023-04-19;"quarta-feira";"18:05:00";"MG";381;531;"ITATIAIUCU";"Entrada inopinada do pedestre";"Atropelamento de Pedestre";"Com Vítimas Feridas";"Plena Noite";"Decrescente";"Nublado";"Dupla";"Reta";"Não";2;0;1;0;1;0;1;2;-20,18182886;-44,37895835;"SPRF-MG";"DEL04-MG";"UOP03-DEL04-MG"
517900;2023-04-19;"quarta-feira";"14:00:00";"MG";381;453;"SABARA";"Velocidade Incompatível";"Engavetamento";"Com Vítimas Feridas";"Pleno dia";"Decrescente";"Nublado";"Simples";"Reta;Ponte";"Não";6;0;1;0;4;1;1;5;-19,85197588;-43,88851019;"SPRF-MG";"DEL01-MG";"UOP01-DEL01-MG"
517902;2023-04-19;"quarta-feira";"20:00:00";"MG";251;505;"FRANCISCO SA";"Pista Escorregadia";"Colisão frontal";"Com Vítimas Feridas";"Plena Noite";"Crescente";"Chuva";"Simples";"Declive;Reta";"Não";3;0;2;1;0;0;3;2;-16,61623136;-43,68084596;"SPRF-MG";"DEL12-MG";"UOP01-DEL12-MG"
517903;2023-04-19;"quarta-feira";"17:50:00";"SP";116;512;"CAJATI";"Reação tardia ou ineficiente do condutor";"Saída de leito carroçável";"Com Vítimas Feridas";"Pleno dia";"Crescente";"Céu Claro";"Múltipla";"Reta;Aclive";"Não";2;0;1;0;0;1;1;2;-24,84304306;-48,22027915;"SPRF-SP";"DEL05-SP";"UOP02-DEL05-SP"
517906;2023-04-19;"quarta-feira";"09:00:00";"MG";381;400,9;"BOM JESUS DO AMPARO";"Avarias e/ou desgaste excessivo no pneu";"Colisão com objeto";"Sem Vítimas";"Pleno dia";"Crescente";"Céu Claro";"Simples";"Curva";"Sim";2;0;0;0;1;1;0;2;-19,74021885;-43,51724307;"SPRF-MG";"DEL01-MG";"UOP01-DEL01-MG"
517910;2023-04-19;"quarta-feira";"18:00:00";"MG";381;640,5;"SANTO ANTONIO DO AMPARO";"Manobra de mudança de faixa";"Saída de leito carroçável";"Com Vítimas Feridas";"Anoitecer";"Crescente";"Nublado";"Dupla";"Reta;Retorno Regulamentado";"Não";3;0;1;0;2;0;1;2;-20,90152679;-44,85689014;"SPRF-MG";"DEL04-MG";"UOP01-DEL04-MG"
517913;2023-04-19;"quarta-feira";"15:15:00";"MG";40;56,1;"PARACATU";"Ausência de reação do condutor";"Colisão traseira";"Com Vítimas Fatais";"Anoitecer";"Decrescente";"Céu Claro";"Simples";"Reta";"Não";9;1;0;0;4;4;0;6;-17,28462307;-46,77519033;"SPRF-MG";"DEL14-MG";"UOP01-DEL14-MG"
517914;2023-04-19;"quarta-feira";"20:30:00";"RJ";40;81;"PETROPOLIS";"Velocidade Incompatível";"Colisão com objeto";"Com Vítimas Feridas";"Plena Noite";"Crescente";"Chuva";"Simples";"Declive;Curva";"Não";1;0;1;0;0;0;1;1;-22,52047984;-43,2292093;"SPRF-RJ";"DEL06-RJ";"UOP01-DEL06-RJ"
517918;2023-04-19;"quarta-feira";"18:00:00";"PE";316;23;"ARARIPINA";"Acessar a via sem observar a presença dos outros veículos";"Colisão frontal";"Com Vítimas Feridas";"Plena Noite";"Crescente";"Céu Claro";"Simples";"Declive;Reta";"Não";3;0;0;1;1;2;1;4;-7,55297709;-40,53977312;"SPRF-PE";"DEL05-PE";"UOP02-DEL05-PE"
517924;2023-04-03;"segunda-feira";"19:00:00";"MT";70;184;"GENERAL CARNEIRO";"Manobra de mudança de faixa";"Colisão lateral sentido oposto";"Com Vítimas Fatais";"Plena Noite";"Decrescente";"Céu Claro";"Simples";"Reta";"Não";4;1;1;1;0;1;2;3;-15,697046;-53,612797;"SPRF-MT";"DEL05-MT";"UOP01-DEL05-MT"
517930;2023-04-20;"quinta-feira";"00:40:00";"RJ";116;194;"NOVA IGUACU";"Condutor deixou de manter distância do veículo da frente";"Colisão lateral mesmo sentido";"Com Vítimas Feridas";"Plena Noite";"Decrescente";"Céu Claro";"Dupla";"Reta";"Não";3;0;1;0;1;1;1;3;-22,73711632;-43,53793909;"SPRF-RJ";"DEL01-RJ";"UOP02-DEL01-RJ"
517931;2023-04-20;"quinta-feira";"01:30:00";"PR";376;668;"GUARATUBA";"Ausência de reação do condutor";"Tombamento";"Com Vítimas Feridas";"Plena Noite";"Crescente";"Nublado";"Dupla";"Curva;Declive";"Não";2;0;1;0;0;1;1;2;-25,864159;-48,937538;"SPRF-PR";"DEL01-PR";"UOP04-DEL01-PR"
517933;2023-04-19;"quarta-feira";"10:15:00";"SP";116;499;"CAJATI";"Reação tardia ou ineficiente do condutor";"Tombamento";"Com Vítimas Feridas";"Pleno dia";"Crescente";"Céu Claro";"Múltipla";"Curva";"Não";3;0;2;0;0;1;2;2;-24,78494229;-48,18105698;"SPRF-SP";"DEL05-SP";"UOP02-DEL05-SP"
517940;2023-04-20;"quinta-feira";"06:20:00";"PA";316;97;"SAO FRANCISCO DO PARA";"Ultrapassagem Indevida";"Colisão lateral sentido oposto";"Sem Vítimas";"Amanhecer";"Crescente";"Nevoeiro/Neblina";"Simples";"Reta";"Não";2;0;0;0;1;1;0;2;-1,33032929;-47,63036005;"SPRF-PA";"DEL01-PA";"UOP02-DEL01-PA"
517942;2023-04-20;"quinta-feira";"04:35:00";"RS";290;165,3;"BUTIA";"Transitar na contramão";"Colisão frontal";"Com Vítimas Feridas";"Plena Noite";"Crescente";"Céu Claro";"Simples";"Reta";"Não";3;0;1;1;1;0;2;2;-30,122742;-51,868352;"SPRF-RS";"DEL02-RS";"UOP03-DEL02-RS"
517946;2023-04-19;"quarta-feira";"11:30:00";"MG";365;486;"PATROCINIO";"Reação tardia ou ineficiente do condutor";"Saída de leito carroçável";"Com Vítimas Feridas";"Pleno dia";"Decrescente";"Chuva";"Simples";"Reta";"Não";1;0;0;1;0;0;1;1;-18,8973;-47,1046;"SPRF-MG";"DEL10-MG";"UOP01-DEL10-MG"
517948;2023-04-20;"quinta-feira";"07:40:00";"SP";116;69,8;"APARECIDA";"Demais falhas mecânicas ou elétricas";"Incêndio";"Sem Vítimas";"Pleno dia";"Crescente";"Céu Claro";"Dupla";"Curva";"Sim";1;0;0;0;1;0;0;1;-22,84017188;-45,22364349;"SPRF-SP";"DEL08-SP";"UOP01-DEL08-SP"
517949;2023-04-20;"quinta-feira";"07:30:00";"RJ";116;109;"GUAPIMIRIM";"Problema com o freio";"Tombamento";"Com Vítimas Feridas";"Pleno dia";"Crescente";"Céu Claro";"Simples";"Em Obras";"Não";1;0;1;0;0;0;1;1;-22,54280711;-42,98518617;"SPRF-RJ";"DEL04-RJ";"UOP01-DEL04-RJ"
517956;2023-04-20;"quinta-feira";"06:00:00";"PR";272;555;"TERRA ROXA";"Reação tardia ou ineficiente do condutor";"Colisão lateral sentido oposto";"Com Vítimas Feridas";"Amanhecer";"Decrescente";"Céu Claro";"Simples";"Declive;Reta";"Não";4;0;1;0;2;1;1;3;-24,08251461;-54,15058136;"SPRF-PR";"DEL06-PR";"UOP01-DEL06-PR"