"id";"data_inversa";"dia_semana";"horario";"uf";"br";"km";"municipio";"causa_acidente";"tipo_acidente";"classificacao_acidente";"fase_dia";"sentido_via";"condicao_metereologica";"tipo_pista";"tracado_via";"uso_solo";"pessoas";"mortos";"feridos_leves";"feridos_graves";"ilesos";"ignorados";"feridos";"veiculos";"latitude";"longitude";"regional";"delegacia";"uop"
517957;2023-04-20;"quinta-feira";"07:29:00";"PE";101;65;"RECIFE";"Trafegar com motocicleta (ou similar) entre as faixas";"Colisão lateral mesmo sentido";"Com Vítimas Feridas";"Pleno dia";"Crescente";"Céu Claro";"Múltipla";"Reta";"Sim";4;0;2;0;2;0;2;3;-8,02478597;-34,94276635;"SPRF-PE";"DEL01-PE";"UOP01-DEL01-PE"
517967;2023-04-18;"terça-feira";"21:30:00";"BA";242;378;"PALMEIRAS";"Reação tardia ou ineficiente do condutor";"Tombamento";"Com Vítimas Feridas";"Plena Noite";"Decrescente";"Nublado";"Simples";"Curva";"Não";2;0;1;0;0;2;1;3;-12,4305294;-41,50637602;"SPRF-BA";"DEL06-BA";"UOP01-DEL06-BA"
517968;2023-04-20;"quinta-feira";"06:30:00";"MA";135;171,5;"SAO MATEUS DO MARANHAO";"Acostamento em desnível";"Saída de leito carroçável";"Com Vítimas Feridas";"Amanhecer";"Decrescente";"Céu Claro";"Simples";"Reta";"Não";2;0;1;0;0;3;1;4;-3,94097;-44,48016633;"SPRF-MA";"DEL03-MA";"UOP01-DEL03-MA"
517971;2023-04-20;"quinta-feira";"07:13:00";"PR";376;323;"ORTIGUEIRA";"Curva acentuada";"Colisão com objeto";"Sem Vítimas";"Pleno dia";"Crescente";"Céu Claro";"Simples";"Curva;Declive";"Não";2;0;0;0;1;1;0;2;-24,04458282;-51,07792854;"SPRF-PR";"DEL07-PR";"UOP02-DEL07-PR"
517975;2023-04-20;"quinta-feira";"09:22:00";"SC";101;213;"PALHOCA";"Acessar a via sem observar a presença dos outros veículos";"Colisão lateral mesmo sentido";"Com Vítimas Feridas";"Pleno dia";"Decrescente";"Céu Claro";"Múltipla";"Reta";"Não";3;0;1;0;1;2;1;4;-27,63697369;-48,66514142;"SPRF-SC";"DEL01-SC";"UOP02-DEL01-SC"
517977;2023-04-20;"quinta-feira";"08:30:00";"MG";365;65,9;"JEQUITAI";"Velocidade Incompatível";"Tombamento";"Com Vítimas Feridas";"Plena Noite";"Decrescente";"Céu Claro";"Simples";"Curva";"Não";2;0;0;1;0;1;1;2;-17,034324;-44,318836;"SPRF-MG";"DEL12-MG";"UOP01-DEL12-MG"
517984;2023-04-20;"quinta-feira";"10:35:00";"PE";101;88;"JABOATAO DOS GUARARAPES";"Condutor deixou de manter distância do veículo da frente";"Colisão traseira";"Com Vítimas Feridas";"Pleno dia";"Decrescente";"Céu Claro";"Dupla";"Reta";"Sim";5;0;2;0;3;0;2;4;-8,19971387;-34,9785382;"SPRF-PE";"DEL01-PE";"UOP01-DEL01-PE"
517989;2023-04-20;"quinta-feira";"11:10:00";"SE";101;172,8;"SANTA LUZIA DO ITANHY";"Demais falhas mecânicas ou elétricas";"Saída de leito carroçável";"Sem Vítimas";"Pleno dia";"Decrescente";"Céu Claro";"Simples";"Reta";"Não";1;0;0;0;1;0;0;1;-11,338247;-37,594053;"SPRF-SE";"DEL02-SE";"UOP01-DEL02-SE"
517992;2023-04-20;"quinta-feira";"05:30:00";"GO";40;114;"CRISTALINA";"Condutor Dormindo";"Tombamento";"Com Vítimas Feridas";"Amanhecer";"Decrescente";"Garoa/Chuvisco";"Dupla";"Reta";"Não";2;0;1;0;0;1;1;2;-16,845156;-47,47561;"SPRF-DF";"DEL01-DF";"UOP02-DEL01-DF"
517993;2023-04-20;"quinta-feira";"11:45:00";"BA";135;144,5;"RIACHAO DAS NEVES";"Reação tardia ou ineficiente do condutor";"Saída de leito carroçável";"Com Vítimas Fatais";"Pleno dia";"Crescente";"Céu Claro";"Simples";"Reta";"Não";2;1;0;0;0;1;0;2;-11,89723592;-44,86573308;"SPRF-BA";"DEL08-BA";"UOP04-DEL08-BA"
517998;2023-04-20;"quinta-feira";"11:30:00";"RO";319;60;"PORTO VELHO";"Acessar a via sem observar a presença dos outros veículos";"Colisão lateral mesmo sentido";"Sem Vítimas";"Pleno dia";"Decrescente";"Céu Claro";"Dupla";"Rotatória";"Sim";3;0;0;0;2;3;0;5;-8,73965212;-63,88996124;"SPRF-RO";"DEL01-RO";"UOP01-DEL01-RO"
518001;2023-04-20;"quinta-feira";"12:25:00";"RS";116;256;"ESTEIO";"Carga excessiva e/ou mal acondicionada";"Colisão com objeto";"Com Vítimas Feridas";"Pleno dia";"Crescente";"Sol";"Dupla";"Reta";"Sim";2;0;1;0;0;1;1;2;-29,84393699;-51,17728603;"SPRF-RS";"DEL01-RS";"UOP02-DEL01-RS"
518003;2023-04-20;"quinta-feira";"08:30:00";"MT";163;1102;"GUARANTA DO NORTE";"Curva acentuada";"Tombamento";"Com Vítimas Feridas";"Pleno dia";"Crescente";"Céu Claro";"Simples";"Curva";"Não";2;0;1;0;0;2;1;3;-9,64808316;-54,87252077;"SPRF-MT";"DEL06-MT";"UOP03-DEL06-MT"
518004;2023-04-20;"quinta-feira";"12:30:00";"MG";262;355,5;"BETIM";"Velocidade Incompatível";"Capotamento";"Com Vítimas Feridas";"Pleno dia";"Decrescente";"Céu Claro";"Dupla";"Reta";"Sim";2;0;0;1;0;1;1;2;-19,96466575;-44,17285107;"SPRF-MG";"DEL01-MG";"UOP03-DEL01-MG"
518012;2023-04-20;"quinta-feira";"13:15:00";"SC";280;52,6;"GUARAMIRIM";"Ausência de reação do condutor";"Colisão traseira";"Com Vítimas Feridas";"Pleno dia";"Decrescente";"Céu Claro";"Dupla";"Reta;Em Obras";"Não";3;0;1;0;2;0;1;3;-26,468904;-48,96492;"SPRF-SC";"DEL03-SC";"UOP03-DEL03-SC"
518014;2023-04-20;"quinta-feira";"12:35:00";"MG";381;848,5;"POUSO ALEGRE";"Curva acentuada";"Tombamento";"Com Vítimas Feridas";"Pleno dia";"Decrescente";"Céu Claro";"Dupla";"Curva";"Não";2;0;1;0;0;1;1;2;-22,26114406;-45,89010176;"SPRF-MG";"DEL16-MG";"UOP01-DEL16-MG"
518015;2023-04-20;"quinta-feira";"12:00:00";"RJ";101;294;"ITABORAI";"Ausência de reação do condutor";"Colisão traseira";"Com Vítimas Feridas";"Pleno dia";"Decrescente";"Céu Claro";"Dupla";"Reta";"Não";3;0;1;0;1;1;1;3;-22,7584434;-42,89502344;"SPRF-RJ";"DEL02-RJ";"UOP02-DEL02-RJ"
518018;2023-04-20;"quinta-feira";"13:20:00";"SC";282;211;"LAGES";"Velocidade Incompatível";"Colisão traseira";"Com Vítimas Feridas";"Pleno dia";"Crescente";"Céu Claro";"Simples";"Reta;Aclive";"Não";3;0;0;1;1;1;1;3;-27,780222;-50,241741;"SPRF-SC";"DEL05-SC";"UOP01-DEL05-SC"
518029;2023-04-20;"quinta-feira";"14:30:00";"PE";232;111;"BEZERROS";"Mal súbito do condutor";"Colisão traseira";"Com Vítimas Feridas";"Pleno dia";"Crescente";"Céu Claro";"Dupla";"Reta";"Não";2;0;0;1;1;0;1;2;-8,2922971;-35,82419791;"SPRF-PE";"DEL02-PE";"UOP02-DEL02PE"
518036;2023-04-20;"quinta-feira";"15:25:00";"MG";262;895,6;"CAMPO FLORIDO";"Velocidade Incompatível";"Saída de leito carroçável";"Com Vítimas Feridas";"Pleno dia";"Crescente";"Sol";"Simples";"Declive";"Não";3;0;0;1;1;1;1;3;-19,71475185;-48,73046994;"SPRF-MG";"DEL13-MG";"UOP02-DEL13-MG"
518044;2023-04-20;"quinta-feira";"16:00:00";"MT";158;570;"AGUA BOA";"Ausência de reação do condutor";"Saída de leito carroçável";"Com Vítimas Feridas";"Pleno dia";"Crescente";"Céu Claro";"Simples";"Reta";"Não";3;0;2;0;0;2;2;3;-14,07336599;-52,15323316;"SPRF-MT";"DEL07-MT";"UOP02-DEL07-MT"
518047;2023-04-20;"quinta-feira";"16:15:00";"SC";101;214;"PALHOCA";"Acessar a via sem observar a presença dos outros veículos";"Colisão lateral mesmo sentido";"Com Vítimas Feridas";"Pleno dia";"Crescente";"Céu Claro";"Múltipla";"Reta";"Não";3;0;1;0;1;1;1;3;-27,64443;-48,67057;"SPRF-SC";"DEL01-SC";"UOP02-DEL01-SC"
518058;2023-04-20;"quinta-feira";"17:00:00";"BA";20;144;"SAO DESIDERIO";"Reação tardia ou ineficiente do condutor";"Saída de leito carroçável";"Com Vítimas Feridas";"Anoitecer";"Crescente";"Chuva";"Simples";"Curva;Declive";"Não";4;0;0;2;1;7;2;10;-12,684335;-45,93074;"SPRF-BA";"DEL10-BA";"UOP01-DEL10-BA"
518067;2023-04-20;"quinta-feira";"16:30:00";"RS";153;515,5;"CACAPAVA DO SUL";"Reação tardia ou ineficiente do condutor";"Saída de leito carroçável";"Com Vítimas Feridas";"Pleno dia";"Decrescente";"Céu Claro";"Simples";"Reta";"Não";1;0;1;0;0;0;1;1;-30,61626904;-53,39742952;"SPRF-RS";"DEL09-RS";"UOP02-DEL09-RS"
518068;2023-04-20;"quinta-feira";"17:30:00";"SC";101;29,8;"JOINVILLE";"Ingestão de álcool pelo condutor";"Engavetamento";"Com Vítimas Feridas";"Pleno dia";"Crescente";"Sol";"Dupla";"Reta";"Sim";5;0;1;0;3;1;1;4;-26,211903;-48,91589904;"SPRF-SC";"DEL03-SC";"UOP01-DEL03-SC"
518069;2023-04-20;"quinta-feira";"16:50:00";"PB";104;118;"CAMPINA GRANDE";"Transitar na contramão";"Colisão frontal";"Sem Vítimas";"Anoitecer";"Decrescente";"Céu Claro";"Simples";"Aclive";"Sim";2;0;0;0;2;0;0;2;-7,19637839;-35,87571339;"SPRF-PB";"DEL02-PB";"UOP04-DEL02-PB"
518071;2023-04-20;"quinta-feira";"17:06:00";"MS";163;184;"JUTI";"Ultrapassagem Indevida";"Colisão frontal";"Com Vítimas Feridas";"Pleno dia";"Decrescente";"Céu Claro";"Simples";"Reta;Aclive";"Não";8;0;0;2;5;3;2;7;-22,81424023;-54,71181413;"SPRF-MS";"DEL09-MS";"UOP01-DEL09-MS"
518072;2023-04-20;"quinta-feira";"17:50:00";"SE";235;11;"NOSSA SENHORA DO SOCORRO";"Conversão proibida";"Colisão traseira";"Com Vítimas Feridas";"Plena Noite";"Crescente";"Céu Claro";"Dupla";"Aclive;Curva";"Não";2;0;1;0;1;0;1;2;-10,877883;-37,156052;"SPRF-SE";"DEL01-SE";"UOP01-DEL01-SE"
518083;2023-04-18;"terça-feira";"10:25:00";"RS";101;19,2;"TRES CACHOEIRAS";"Ausência de reação do condutor";"Colisão lateral mesmo sentido";"Com Vítimas Feridas";"Pleno dia";"Decrescente";"Céu Claro";"Dupla";"Reta";"Não";3;0;1;0;2;0;1;2;-29,42307528;-49,87816774;"SPRF-RS";"DEL03-RS";"UOP02-DEL03-RS"
518084;2023-04-20;"quinta-feira";"15:15:00";"SC";116;87,4;"MONTE CASTELO";"Ultrapassagem Indevida";"Colisão lateral mesmo sentido";"Com Vítimas Feridas";"Pleno dia";"Decrescente";"Céu Claro";"Simples";"Ponte";"Não";4;0;1;0;2;1;1;3;-26,61710581;-50,23483816;"SPRF-SC";"DEL06-SC";"UOP02-DEL06-SC"
518102;2023-04-20;"quinta-feira";"16:20:00";"MA";10;145,5;"PORTO FRANCO";"Acessar a via sem observar a presença dos outros veículos";"Colisão traseira";"Com Vítimas Feridas";"Pleno dia";"Crescente";"Sol";"Simples";"Reta";"Não";4;0;2;0;1;2;2;4;-6,451997;-47,396816;"SPRF-MA";"DEL04-MA";"UOP02-DEL04-MA"
518106;2023-04-20;"quinta-feira";"19:00:00";"SC";101;133;"BALNEARIO CAMBORIU";"Ausência de reação do condutor";"Colisão traseira";"Sem Vítimas";"Plena Noite";"Decrescente";"Céu Claro";"Múltipla";"Reta";"Sim";3;0;0;0;2;1;0;3;-26,99936;-48,64609;"SPRF-SC";"DEL04-SC";"UOP03-DEL04-SC"
518110;2023-04-20;"quinta-feira";"17:07:00";"MG";381;872,1;"POUSO ALEGRE";"Demais falhas mecânicas ou elétricas";"Incêndio";"Sem Vítimas";"Pleno dia";"Decrescente";"Céu Claro";"Simples";"Reta;Aclive";"Não";2;0;0;0;1;1;0;2;-22,40529916;-45,95926566;"SPRF-MG";"DEL16-MG";"UOP01-DEL16-MG"
518113;2023-04-20;"quinta-feira";"14:55:00";"CE";116;431;"IPAUMIRIM";"Condutor deixou de manter distância do veículo da frente";"Colisão traseira";"Com Vítimas Feridas";"Pleno dia";"Crescente";"Céu Claro";"Simples";"Reta";"Não";4;0;1;0;3;0;1;2;-6,846858;-38,737392;"SPRF-CE";"DEL05-CE";"UOP01-DEL05-CE"
518117;2023-04-20;"quinta-feira";"18:50:00";"PR";467;72,8;"TOLEDO";"Reação tardia ou ineficiente do condutor";"Colisão frontal";"Com Vítimas Feridas";"Anoitecer";"Decrescente";"Céu Claro";"Dupla";"Aclive;Retorno Regulamentado";"Não";3;0;1;0;1;1;1;3;-24,7253;-53,7052;"SPRF-PR";"DEL04-PR";"UOP01-DEL04-PR"
518127;2023-04-20;"quinta-feira";"19:20:00";"MG";116;412;"GOVERNADOR VALADARES";"Condutor deixou de manter distância do veículo da frente";"Colisão traseira";"Com Vítimas Feridas";"Plena Noite";"Crescente";"Céu Claro";"Simples";"Reta;Ponte";"Sim";6;0;0;1;3;2;1;4;-18,87412816;-41,96648598;"SPRF-MG";"DEL06-MG";"UOP01-DEL06-MG"
518134;2023-04-20;"quinta-feira";"18:50:00";"PR";476;193;"LAPA";"Reação tardia ou ineficiente do condutor";"Saída de leito carroçável";"Com Vítimas Feridas";"Anoitecer";"Decrescente";"Nublado";"Dupla";"Aclive;Reta";"Não";2;0;1;0;0;1;1;2;-25,731451;-49,709415;"SPRF-PR";"DEL01-PR";"UOP06-DEL01-PR"
518135;2023-04-20;"quinta-feira";"16:59:00";"SC";470;56,3;"BLUMENAU";"Entrada inopinada do pedestre";"Atropelamento de Pedestre";"Com Vítimas Fatais";"Pleno dia";"Decrescente";"Céu Claro";"Simples";"Reta;Aclive";"Sim";3;1;0;0;1;1;0;3;-26,87846604;-49,13323229;"SPRF-SC";"DEL04-SC";"UOP01-DEL04-SC"
518139;2023-04-20;"quinta-feira";"21:37:00";"SC";101;200,3;"SAO JOSE";"Condutor deixou de manter distância do veículo da frente";"Colisão traseira";"Com Vítimas Feridas";"Pleno dia";"Crescente";"Céu Claro";"Múltipla";"Curva";"Sim";3;0;1;0;1;2;1;4;-27,54018513;-48,62287714;"SPRF-SC";"DEL01-SC";"UOP01-DEL01-SC"
518146;2023-04-20;"quinta-feira";"14:40:00";"MA";10;245;"IMPERATRIZ";"Reação tardia ou ineficiente do condutor";"Colisão transversal";"Com Vítimas Feridas";"Pleno dia";"Decrescente";"Céu Claro";"Dupla";"Reta";"Sim";3;0;1;0;1;3;1;5;-5,588685;-47,433857;"SPRF-MA";"DEL04-MA";"UOP01-DEL04-MA"
518147;2023-04-20;"quinta-feira";"22:30:00";"SP";116;117;"TAUBATE";"Reação tardia ou ineficiente do condutor";"Colisão traseira";"Com Vítimas Feridas";"Plena Noite";"Crescente";"Céu Claro";"Dupla";"Reta";"Não";5;0;2;1;1;1;3;3;-23,0582298;-45,6176951;"SPRF-SP";"DEL02-SP";"UOP02-DEL02-SP"
518148;2023-04-20;"quinta-feira";"21:00:00";"RS";392;188,1;"SANTANA DA BOA VISTA";"Ausência de reação do condutor";"Colisão frontal";"Com Vítimas Feridas";"Plena Noite";"Crescente";"Céu Claro";"Simples";"Reta";"Não";3;0;0;2;0;1;2;3;-30,94587624;-53,07771921;"SPRF-RS";"DEL07-RS";"UOP01-DEL07-RS"
518153;2023-04-20;"quinta-feira";"22:15:00";"GO";153;504;"APARECIDA DE GOIANIA";"Acesso irregular";"Colisão transversal";"Com Vítimas Feridas";"Plena Noite";"Crescente";"Céu Claro";"Dupla";"Reta;Declive";"Não";4;0;0;1;1;3;1;5;-16,7451;-49,2408;"SPRF-GO";"DEL01-GO";"UOP01-DEL01-GO"
518157;2023-04-20;"quinta-feira";"21:20:00";"PE";101;116;"IPOJUCA";"Ausência de reação do condutor";"Colisão com objeto";"Com Vítimas Feridas";"Plena Noite";"Crescente";"Céu Claro";"Dupla";"Reta";"Não";2;0;1;0;0;1;1;2;-8,34532196;-35,14676704;"SPRF-PE";"DEL01-PE";"UOP03-DEL01-PE"
518163;2023-04-20;"quinta-feira";"16:10:00";"PE";110;222;"PETROLANDIA";"Velocidade Incompatível";"Colisão traseira";"Com Vítimas Feridas";"Pleno dia";"Decrescente";"Sol";"Simples";"Reta";"Não";2;0;1;0;1;0;1;2;-9,01531065;-38,2309433;"SPRF-BA";"DEL07-BA";"UOP01-DEL07-BA"
518165;2023-04-20;"quinta-feira";"23:28:00";"BA";30;239;"GUANAMBI";"Ausência de reação do condutor";"Colisão traseira";"Com Vítimas Feridas";"Plena Noite";"Decrescente";"Garoa/Chuvisco";"Simples";"Reta";"Não";2;0;1;0;1;0;1;2;-14,12193849;-42,61332635;"SPRF-BA";"DEL08-BA";"UOP01-DEL08-BA"
518170;2023-04-20;"quinta-feira";"23:55:00";"GO";50;215,9;"CAMPO ALEGRE DE GOIAS";"Condutor Dormindo";"Colisão traseira";"Com Vítimas Feridas";"Plena Noite";"Crescente";"Céu Claro";"Dupla";"Reta";"Não";3;0;0;1;1;2;1;4;-17,6806;-47,7281;"SPRF-GO";"DEL06-GO";"UOP01-DEL06-GO"
518172;2023-04-20;"quinta-feira";"19:15:00";"MG";116;497,1;"INHAPIM";"Manobra de mudança de faixa";"Colisão transversal";"Com Vítimas Feridas";"Plena Noite";"Crescente";"Nublado";"Simples";"Curva;Retorno Regulamentado";"Não";8;0;1;0;5;2;1;4;-19,53642905;-42,12651952;"SPRF-MG";"DEL06-MG";"UOP02-DEL06-MG"
518177;2023-04-21;"sexta-feira";"00:20:00";"BA";101;885;"TEIXEIRA DE FREITAS";"Velocidade Incompatível";"Tombamento";"Com Vítimas Feridas";"Plena Noite";"Decrescente";"Chuva";"Simples";"Curva;Aclive";"Não";2;0;1;0;0;1;1;2;-17,60075982;-39,74850655;"SPRF-BA";"DEL09-BA";"UOP02-DEL09-BA"
518178;2023-04-20;"quinta-feira";"23:45:00";"BA";116;463;"SANTO ESTEVAO";"Ingestão de álcool ou de substâncias psicoativas pelo pedestre";"Atropelamento de Pedestre";"Com Vítimas Fatais";"Plena Noite";"Crescente";"Céu Claro";"Dupla";"Reta";"Não";2;1;0;0;0;1;0;2;-12,454043;-39,257812;"SPRF-BA";"DEL02-BA";"UOP01-DEL02-BA"
518185;2023-04-21;"sexta-feira";"00:20:00";"MS";262;115;"AGUA CLARA";"Demais falhas mecânicas ou elétricas";"Incêndio";"Sem Vítimas";"Plena Noite";"Crescente";"Céu Claro";"Simples";"Reta";"Não";2;0;0;0;1;3;0;4;-20,51523817;-52,62584503;"SPRF-MS";"DEL07-MS";"UOP02-DEL07-MS"
518197;2023-04-21;"sexta-feira";"05:50:00";"RS";471;175,4;"RIO PARDO";"Acessar a via sem observar a presença dos outros veículos";"Colisão transversal";"Com Vítimas Fatais";"Plena Noite";"Crescente";"Céu Claro";"Simples";"Interseção de Vias;Reta";"Não";2;1;0;0;1;0;0;2;-29,992983;-52,368262;"SPRF-RS";"DEL02-RS";"UOP03-DEL02-RS"
518205;2023-04-19;"quarta-feira";"22:00:00";"RJ";101;315;"SAO GONCALO";"Manobra de mudança de faixa";"Colisão lateral mesmo sentido";"Com Vítimas Feridas";"Plena Noite";"Crescente";"Nublado";"Dupla";"Reta";"Sim";2;0;1;0;1;0;1;2;-22,82262092;-43,08460805;"SPRF-RJ";"DEL02-RJ";"UOP02-DEL02-RJ"
518214;2023-04-21;"sexta-feira";"08:00:00";"SP";116;22,6;"LAVRINHAS";"Velocidade Incompatível";"Colisão com objeto";"Com Vítimas Feridas";"Pleno dia";"Crescente";"Céu Claro";"Dupla";"Aclive;Curva";"Não";3;0;1;0;1;2;1;4;-22,58368521;-44,87772952;"SPRF-SP";"DEL08-SP";"UOP02-DEL08-SP"
518216;2023-03-17;"sexta-feira";"07:00:00";"SP";116;102,3;"PINDAMONHANGABA";"Ausência de reação do condutor";"Colisão lateral mesmo sentido";"Com Vítimas Feridas";"Pleno dia";"Decrescente";"Céu Claro";"Dupla";"Reta";"Não";4;0;1;0;1;3;1;5;-22,99497994;-45,48951403;"SPRF-SP";"DEL08-SP";"UOP01-DEL08-SP"
518220;2023-04-21;"sexta-feira";"06:45:00";"PR";277;66;"SAO JOSE DOS PINHAIS";"Ingestão de álcool pelo condutor";"Colisão traseira";"Com Vítimas Feridas";"Pleno dia";"Decrescente";"Sol";"Múltipla";"Reta;Declive";"Não";4;0;0;1;1;2;1;4;-25,57836923;-49,02374268;"SPRF-PR";"DEL01-PR";"UOP01-DEL01-PR"
518247;2023-04-21;"sexta-feira";"09:41:00";"MG";381;709;"NEPOMUCENO";"Reação tardia ou ineficiente do condutor";"Colisão lateral mesmo sentido";"Com Vítimas Feridas";"Plena Noite";"Decrescente";"Sol";"Dupla";"Aclive;Curva";"Não";5;0;2;0;2;2;2;4;-21,37772086;-45,19419525;"SPRF-MG";"DEL04-MG";"UOP02-DEL04-MG"
518248;2023-04-21;"sexta-feira";"10:00:00";"MS";262;244,2;"RIBAS DO RIO PARDO";"Ausência de reação do condutor";"Colisão lateral sentido oposto";"Com Vítimas Feridas";"Pleno dia";"Crescente";"Céu Claro";"Simples";"Curva;Declive";"Não";3;0;1;0;1;2;1;4;-20,4548435;-53,80367304;"SPRF-MS";"DEL01-MS";"UOP01-DEL01-MS"
518252;2023-04-21;"sexta-feira";"10:10:00";"MS";158;36,9;"PARANAIBA";"Transitar na contramão";"Colisão frontal";"Com Vítimas Fatais";"Pleno dia";"Crescente";"Céu Claro";"Simples";"Reta";"Não";6;3;0;2;0;2;2;4;-19,28295923;-51,48398215;"SPRF-MS";"DEL08-MS";"UOP01-DEL08-MS"
518253;2023-04-21;"sexta-feira";"11:29:00";"PR";153;47;"SANTO ANTONIO DA PLATINA";"Manobra de mudança de faixa";"Colisão frontal";"Com Vítimas Feridas";"Pleno dia";"Decrescente";"Céu Claro";"Simples";"Reta";"Não";6;0;1;0;4;1;1;3;-23,33739902;-50,06723975;"SPRF-PR";"DEL07-PR";"UOP04-DEL07-PR"
518254;2023-04-21;"sexta-feira";"11:25:00";"ES";101;269;"SERRA";"Reação tardia ou ineficiente do condutor";"Colisão traseira";"Com Vítimas Feridas";"Pleno dia";"Crescente";"Céu Claro";"Múltipla";"Desvio Temporário;Reta";"Sim";2;0;0;1;1;0;1;2;-20,21740496;-40,26990578;"SPRF-ES";"DEL02-ES";"UOP01-DEL02-ES"
518258;2023-04-21;"sexta-feira";"10:45:00";"MG";116;801,8;"ALEM PARAIBA";"Condutor usando celular";"Colisão com objeto";"Com Vítimas Feridas";"Pleno dia";"Crescente";"Nublado";"Simples";"Reta";"Não";2;0;1;0;1;0;1;2;-21,77056499;-42,73102799;"SPRF-MG";"DEL07-MG";"UOP01-DEL07-MG"
518260;2023-04-21;"sexta-feira";"11:10:00";"ES";262;151;"IBATIBA";"Ausência de reação do condutor";"Tombamento";"Com Vítimas Feridas";"Pleno dia";"Crescente";"Céu Claro";"Simples";"Curva;Declive";"Não";2;0;1;0;0;1;1;2;-20,2148829;-41,44925529;"SPRF-ES";"DEL01-ES";"UOP02-DEL01-ES"
518279;2023-04-21;"sexta-feira";"14:00:00";"PA";163;593;"TRAIRAO";"Ingestão de álcool pelo condutor";"Colisão transversal";"Com Vítimas Fatais";"Pleno dia";"Decrescente";"Céu Claro";"Simples";"Reta;Em Obras;Declive";"Não";6;1;0;0;1;6;0;6;-4,8884589;-56,17556711;"SPRF-PA";"DEL05-PA";"UOP02-DEL05-PA"
518282;2023-04-21;"sexta-feira";"03:30:00";"BA";101;194;"CONCEICAO DA FEIRA";"Condutor Dormindo";"Colisão frontal";"Com Vítimas Fatais";"Plena Noite";"Decrescente";"Céu Claro";"Simples";"Declive";"Não";5;1;2;0;2;0;2;2;-12,59956989;-39,0203969;"SPRF-BA";"DEL01-BA";"UOP03-DEL01-BA"
518286;2023-04-21;"sexta-feira";"14:00:00";"SC";101;160;"PORTO BELO";"Condutor deixou de manter distância do veículo da frente";"Colisão traseira";"Com Vítimas Feridas";"Pleno dia";"Decrescente";"Céu Claro";"Dupla";"Reta";"Não";4;0;1;0;2;1;1;4;-27,20831288;-48,61987922;"SPRF-SC";"DEL04-SC";"UOP03-DEL04-SC"
518287;2023-04-21;"sexta-feira";"12:00:00";"PA";316;61,3;"CASTANHAL";"Ausência de reação do condutor";"Colisão traseira";"Com Vítimas Feridas";"Pleno dia";"Decrescente";"Céu Claro";"Dupla";"Reta;Interseção de Vias";"Não";3;0;1;1;1;0;2;2;-1,29744208;-47,93618739;"SPRF-PA";"DEL01-PA";"UOP01-DEL01-PA"
518288;2023-04-21;"sexta-feira";"14:55:00";"MG";381;494;"BETIM";"Manobra de mudança de faixa";"Colisão traseira";"Com Vítimas Feridas";"Pleno dia";"Decrescente";"Céu Claro";"Dupla";"Reta";"Sim";4;0;1;0;2;2;1;5;-19,985563;-44,20318;"SPRF-MG";"DEL01-MG";"UOP03-DEL01-MG"
518292;2023-04-21;"sexta-feira";"14:30:00";"TO";153;177;"NOVA OLINDA";"Reação tardia ou ineficiente do condutor";"Saída de leito carroçável";"Com Vítimas Feridas";"Pleno dia";"Crescente";"Céu Claro";"Simples";"Reta";"Não";2;0;0;1;0;2;1;3;-7,45461898;-48,37052606;"SPRF-TO";"DEL02-TO";"UOP01-DEL02-TO"
518293;2023-04-21;"sexta-feira";"15:00:00";"PR";373;436;"CHOPINZINHO";"Velocidade Incompatível";"Tombamento";"Com Vítimas Feridas";"Pleno dia";"Crescente";"Céu Claro";"Simples";"Declive;Curva";"Não";2;0;1;0;0;1;1;2;-25,7835481;-52,26884658;"SPRF-PR";"DEL02-PR";"UOP01-DEL02-PR"
518295;2023-04-21;"sexta-feira";"15:35:00";"MS";60;351;"CAMPO GRANDE";"Ingestão de álcool pelo condutor";"Colisão traseira";"Com Vítimas Feridas";"Pleno dia";"Decrescente";"Céu Claro";"Simples";"Reta";"Não";5;0;1;2;1;3;3;5;-20,44052504;-54,74315643;"SPRF-MS";"DEL01-MS";"UOP03-DEL01-MS"
518296;2023-04-21;"sexta-feira";"14:00:00";"MT";163;925;"ITAUBA";"Condutor deixou de manter distância do veículo da frente";"Colisão lateral mesmo sentido";"Sem Vítimas";"Pleno dia";"Crescente";"Garoa/Chuvisco";"Simples";"Reta";"Não";5;0;0;0;3;9;0;12;-11,21636099;-55,30384296;"SPRF-MT";"DEL06-MT";"UOP02-DEL06-MT"
518298;2023-04-21;"sexta-feira";"11:35:00";"SC";163;122,8;"DIONISIO CERQUEIRA";"Velocidade Incompatível";"Atropelamento de Pedestre";"Com Vítimas Fatais";"Pleno dia";"Decrescente";"Céu Claro";"Simples";"Declive;Em Obras;Curva";"Não";4;1;0;0;2;2;0;4;-26,3036993;-53,5519147;"SPRF-SC";"DEL07-SC";"UOP03-DEL07-SC"
518300;2023-04-21;"sexta-feira";"16:20:00";"PA";10;171;"PARAGOMINAS";"Acessar a via sem observar a presença dos outros veículos";"Colisão transversal";"Com Vítimas Feridas";"Pleno dia";"Crescente";"Céu Claro";"Simples";"Reta";"Não";3;0;1;0;1;2;1;4;-2,93867096;-47,44409518;"SPRF-PA";"DEL02-PA";"UOP01-DEL02-PA"
518302;2023-04-21;"sexta-feira";"14:34:00";"MT";158;767;"BARRA DO GARCAS";"Ultrapassagem Indevida";"Saída de leito carroçável";"Com Vítimas Feridas";"Pleno dia";"Decrescente";"Céu Claro";"Simples";"Reta";"Não";3;0;1;0;1;1;1;3;-15,64359901;-52,20841666;"SPRF-MT";"DEL07-MT";"UOP01-DEL07-MT"