"id";"data_inversa";"dia_semana";"horario";"uf";"br";"km";"municipio";"causa_acidente";"tipo_acidente";"classificacao_acidente";"fase_dia";"sentido_via";"condicao_metereologica";"tipo_pista";"tracado_via";"uso_solo";"pessoas";"mortos";"feridos_leves";"feridos_graves";"ilesos";"ignorados";"feridos";"veiculos";"latitude";"longitude";"regional";"delegacia";"uop"
518308;2023-04-02;"domingo";"05:00:00";"MT";364;538;"ROSARIO OESTE";"Ultrapassagem Indevida";"Tombamento";"Com Vítimas Feridas";"Amanhecer";"Crescente";"Céu Claro";"Simples";"Reta";"Não";3;0;1;0;0;2;1;3;-14,94023384;-56,49573312;"SPRF-MT";"DEL01-MT";"UOP01-DEL01-MT"
518313;2023-04-21;"sexta-feira";"12:00:00";"PR";153;215;"TIBAGI";"Transitar na contramão";"Colisão lateral mesmo sentido";"Com Vítimas Feridas";"Pleno dia";"Decrescente";"Céu Claro";"Simples";"Curva";"Não";4;0;0;1;1;5;1;7;-24,58006858;-50,44441391;"SPRF-PR";"DEL03-PR";"UOP02-DEL03-PR"
518318;2023-04-21;"sexta-feira";"19:00:00";"ES";101;260;"SERRA";"Condutor deixou de manter distância do veículo da frente";"Colisão traseira";"Com Vítimas Feridas";"Plena Noite";"Crescente";"Chuva";"Múltipla";"Reta;Retorno Regulamentado";"Sim";2;0;1;0;1;0;1;2;-20,14616415;-40,28836206;"SPRF-ES";"DEL02-ES";"UOP01-DEL02-ES"
518321;2023-04-20;"quinta-feira";"22:35:00";"PA";163;398;"ITAITUBA";"Condutor Dormindo";"Colisão lateral sentido oposto";"Com Vítimas Feridas";"Plena Noite";"Crescente";"Céu Claro";"Simples";"Aclive;Reta";"Não";3;0;1;0;0;6;1;7;-6,314286;-55,58788601;"SPRF-PA";"DEL05-PA";"UOP02-DEL05-PA"
518337;2023-04-21;"sexta-feira";"18:45:00";"RS";101;85,9;"OSORIO";"Acessar a via sem observar a presença dos outros veículos";"Colisão traseira";"Sem Vítimas";"Plena Noite";"Decrescente";"Céu Claro";"Dupla";"Declive;Curva";"Sim";6;0;0;0;1;5;0;4;-29,86832721;-50,2517237;"SPRF-RS";"DEL03-RS";"UOP01-DEL03-RS"
518344;2023-04-21;"sexta-feira";"19:00:00";"SC";116;166;"PONTE ALTA DO NORTE";"Transitar na contramão";"Colisão lateral sentido oposto";"Sem Vítimas";"Plena Noite";"Crescente";"Nublado";"Simples";"Curva";"Sim";2;0;0;0;2;0;0;2;-27,16000685;-50,46631231;"SPRF-SC";"DEL05-SC";"UOP03-DEL05-SC"
518354;2023-04-21;"sexta-feira";"16:10:00";"MG";116;560,7;"MANHUACU";"Reação tardia ou ineficiente do condutor";"Tombamento";"Com Vítimas Feridas";"Pleno dia";"Decrescente";"Céu Claro";"Simples";"Reta";"Não";2;0;1;0;0;1;1;2;-20,04079579;-42,17396159;"SPRF-MG";"DEL06-MG";"UOP03-DEL06-MG"
518357;2023-04-21;"sexta-feira";"20:20:00";"PR";277;476;"NOVA LARANJEIRAS";"Ingestão de álcool pelo condutor";"Saída de leito carroçável";"Com Vítimas Feridas";"Plena Noite";"Crescente";"Céu Claro";"Simples";"Curva;Declive";"Não";1;0;1;0;0;0;1;1;-25,30570383;-52,55588296;"SPRF-PR";"DEL04-PR";"UOP02-DEL04-PR"
518358;2023-04-21;"sexta-feira";"20:35:00";"PR";116;17;"COLOMBO";"Estacionar ou parar em local proibido";"Colisão traseira";"Com Vítimas Feridas";"Plena Noite";"Decrescente";"Céu Claro";"Dupla";"Viaduto";"Não";3;0;1;0;1;2;1;4;-25,38928636;-49,19105351;"SPRF-PR";"DEL01-PR";"UOP02-DEL01-PR"
518362;2023-04-21;"sexta-feira";"21:00:00";"PB";230;217,5;"SOLEDADE";"Acessar a via sem observar a presença dos outros veículos";"Colisão transversal";"Com Vítimas Fatais";"Plena Noite";"Crescente";"Céu Claro";"Simples";"Reta";"Sim";3;1;0;0;1;1;0;3;-7,0532;-36,3751;"SPRF-PB";"DEL02-PB";"UOP02-DEL02-PB"
518374;2023-04-21;"sexta-feira";"19:30:00";"SC";470;194,5;"POUSO REDONDO";"Reação tardia ou ineficiente do condutor";"Incêndio";"Sem Vítimas";"Plena Noite";"Decrescente";"Céu Claro";"Simples";"Declive;Curva";"Não";2;0;0;0;1;1;0;2;-27,300501;-50,080284;"SPRF-SC";"DEL04-SC";"UOP02-DEL04-SC"
518375;2023-04-21;"sexta-feira";"20:30:00";"MA";226;333,8;"JENIPAPO DOS VIEIRAS";"Pista esburacada";"Tombamento";"Sem Vítimas";"Plena Noite";"Decrescente";"Ignorado";"Simples";"Curva";"Não";2;0;0;0;1;1;0;2;-5,46338393;-45,48030001;"SPRF-MA";"DEL06-MA";"UOP01-DEL06-MA"
518379;2023-04-21;"sexta-feira";"23:50:00";"GO";60;189,8;"GUAPO";"Condutor Dormindo";"Saída de leito carroçável";"Com Vítimas Feridas";"Plena Noite";"Decrescente";"Céu Claro";"Dupla";"Reta;Aclive";"Não";1;0;1;0;0;0;1;1;-16,8222;-49,534;"SPRF-GO";"DEL01-GO";"UOP02-DEL01-GO"
518380;2023-04-21;"sexta-feira";"23:40:00";"MG";381;509,7;"SAO JOAQUIM DE BICAS";"Ausência de reação do condutor";"Atropelamento de Pedestre";"Com Vítimas Feridas";"Pleno dia";"Crescente";"Céu Claro";"Dupla";"Reta";"Sim";3;0;1;1;1;0;2;3;-20,07008;-44,298819;"SPRF-MG";"DEL04-MG";"UOP03-DEL04-MG"
518385;2023-04-21;"sexta-feira";"22:30:00";"MG";262;157;"SAO DOMINGOS DO PRATA";"Problema com o freio";"Saída de leito carroçável";"Com Vítimas Feridas";"Plena Noite";"Decrescente";"Nublado";"Simples";"Declive";"Não";3;0;2;1;0;0;3;1;-19,96304722;-42,81017502;"SPRF-MG";"DEL03-MG";"UOP03-DEL03-MG"
518388;2023-04-22;"sábado";"01:00:00";"ES";101;383;"RIO NOVO DO SUL";"Ausência de reação do condutor";"Tombamento";"Com Vítimas Feridas";"Plena Noite";"Crescente";"Céu Claro";"Simples";"Reta";"Não";2;0;1;0;0;1;1;2;-20,82532924;-40,85473381;"SPRF-ES";"DEL03-ES";"UOP01-DEL03-ES"
518398;2023-04-22;"sábado";"02:00:00";"SC";280;25;"ARAQUARI";"Ultrapassagem Indevida";"Colisão frontal";"Com Vítimas Feridas";"Plena Noite";"Crescente";"Garoa/Chuvisco";"Simples";"Reta";"Sim";4;0;2;0;1;2;2;4;-26,38352781;-48,72677516;"SPRF-SC";"DEL03-SC";"UOP03-DEL03-SC"
518410;2023-04-22;"sábado";"04:40:00";"SE";235;20;"NOSSA SENHORA DO SOCORRO";"Acumulo de água sobre o pavimento";"Saída de leito carroçável";"Com Vítimas Feridas";"Plena Noite";"Decrescente";"Chuva";"Simples";"Reta";"Não";1;0;1;0;0;0;1;1;-10,83545565;-37,22064972;"SPRF-SE";"DEL01-SE";"UOP02-DEL01-SE"
518414;2023-04-22;"sábado";"05:40:00";"BA";116;636;"JAGUAQUARA";"Acessar a via sem observar a presença dos outros veículos";"Colisão transversal";"Com Vítimas Feridas";"Amanhecer";"Decrescente";"Nublado";"Simples";"Reta";"Não";7;0;4;0;2;2;4;4;-13,49889298;-40,05022605;"SPRF-BA";"DEL03-BA";"UOP01-DEL03-BA"
518427;2023-04-22;"sábado";"07:15:00";"SC";101;39;"JOINVILLE";"Demais falhas mecânicas ou elétricas";"Incêndio";"Sem Vítimas";"Pleno dia";"Crescente";"Céu Claro";"Dupla";"Reta";"Sim";1;0;0;0;1;0;0;1;-26,2628107;-48,90192257;"SPRF-SC";"DEL03-SC";"UOP01-DEL03-SC"
518428;2023-04-21;"sexta-feira";"13:30:00";"BA";242;229;"ITABERABA";"Demais falhas mecânicas ou elétricas";"Saída de leito carroçável";"Com Vítimas Feridas";"Pleno dia";"Crescente";"Céu Claro";"Simples";"Reta;Declive";"Sim";2;0;1;0;0;2;1;3;-12,51058614;-40,31333399;"SPRF-BA";"DEL06-BA";"UOP02-DEL06-BA"
518430;2023-04-22;"sábado";"08:00:00";"MS";158;144,2;"APARECIDA DO TABOADO";"Pista esburacada";"Tombamento";"Com Vítimas Feridas";"Pleno dia";"Crescente";"Céu Claro";"Simples";"Curva";"Não";2;0;1;0;0;1;1;2;-20,065768;-51,117438;"SPRF-MS";"DEL08-MS";"UOP01-DEL08-MS"
518436;2023-04-22;"sábado";"08:40:00";"RJ";101;58;"CAMPOS DOS GOYTACAZES";"Reação tardia ou ineficiente do condutor";"Colisão traseira";"Com Vítimas Feridas";"Pleno dia";"Crescente";"Céu Claro";"Simples";"Reta";"Sim";3;0;1;0;1;2;1;4;-21,707472;-41,30921;"SPRF-RJ";"DEL08-RJ";"UOP01-DEL08-RJ"
518440;2023-04-22;"sábado";"09:55:00";"BA";410;25,6;"TUCANO";"Demais falhas mecânicas ou elétricas";"Colisão lateral sentido oposto";"Com Vítimas Feridas";"Pleno dia";"Decrescente";"Chuva";"Simples";"Aclive";"Não";4;0;2;0;1;1;2;3;-10,9458839;-38,7252251;"SPRF-BA";"DEL07-BA";"UOP02-DEL07-BA"
518446;2023-04-22;"sábado";"10:20:00";"RJ";116;97,8;"GUAPIMIRIM";"Problema com o freio";"Colisão lateral sentido oposto";"Com Vítimas Feridas";"Pleno dia";"Decrescente";"Céu Claro";"Simples";"Curva";"Não";4;0;0;1;3;0;1;2;-22,47811419;-42,99603471;"SPRF-RJ";"DEL04-RJ";"UOP01-DEL04-RJ"
518452;2023-03-11;"sábado";"19:11:00";"TO";153;610;"CRIXAS DO TOCANTINS";"Condutor deixou de manter distância do veículo da frente";"Colisão traseira";"Sem Vítimas";"Plena Noite";"Decrescente";"Céu Claro";"Simples";"Reta";"Não";2;0;0;0;1;1;0;2;-11,18486002;-48,92869375;"SPRF-TO";"DEL01-TO";"UOP02-DEL01-TO"
518456;2023-04-22;"sábado";"12:00:00";"MG";381;486,4;"CONTAGEM";"Ausência de reação do condutor";"Engavetamento";"Sem Vítimas";"Pleno dia";"Decrescente";"Céu Claro";"Múltipla";"Declive;Desvio Temporário";"Sim";7;0;0;0;6;1;0;7;-19,95644414;-44,13611598;"SPRF-MG";"DEL01-MG";"UOP03-DEL01-MG"
518467;2023-04-21;"sexta-feira";"21:30:00";"MT";163;1110;"GUARANTA DO NORTE";"Reação tardia ou ineficiente do condutor";"Tombamento";"Com Vítimas Feridas";"Plena Noite";"Decrescente";"Ignorado";"Simples";"Aclive;Curva";"Não";2;0;1;0;0;3;1;4;-9,60031621;-54,89180171;"SPRF-MT";"DEL06-MT";"UOP03-DEL06-MT"
518476;2023-04-22;"sábado";"10:40:00";"SC";163;1,2;"DIONISIO CERQUEIRA";"Desrespeitar a preferência no cruzamento";"Colisão transversal";"Com Vítimas Feridas";"Pleno dia";"Decrescente";"Céu Claro";"Simples";"Rotatória;Interseção de Vias;Reta";"Sim";3;0;0;1;1;1;1;3;-26,26603666;-53,62578034;"SPRF-SC";"DEL07-SC";"UOP03-DEL07-SC"
518480;2023-04-22;"sábado";"11:30:00";"GO";364;269;"MINEIROS";"Velocidade Incompatível";"Colisão lateral sentido oposto";"Com Vítimas Feridas";"Pleno dia";"Crescente";"Céu Claro";"Simples";"Em Obras;Declive;Curva";"Não";3;0;1;0;1;2;1;4;-17,668106;-52,302914;"SPRF-GO";"DEL05-GO";"UOP01-DEL05-GO"
518482;2023-04-22;"sábado";"15:15:00";"MG";381;939;"EXTREMA";"Manobra de mudança de faixa";"Colisão traseira";"Com Vítimas Feridas";"Pleno dia";"Crescente";"Sol";"Dupla";"Declive;Interseção de Vias;Curva";"Sim";5;0;1;0;3;1;1;4;-22,81907297;-46,29837383;"SPRF-MG";"DEL16-MG";"UOP03-DEL16-MG"
518491;2023-04-22;"sábado";"15:20:00";"MG";251;516;"MONTES CLAROS";"Reação tardia ou ineficiente do condutor";"Colisão traseira";"Com Vítimas Feridas";"Pleno dia";"Decrescente";"Nublado";"Simples";"Reta";"Não";4;0;1;0;2;1;1;3;-16,66055591;-43,75217401;"SPRF-MG";"DEL12-MG";"UOP01-DEL12-MG"
518492;2023-04-22;"sábado";"16:30:00";"ES";101;181;"ARACRUZ";"Transitar na contramão";"Colisão frontal";"Com Vítimas Feridas";"Pleno dia";"Crescente";"Nublado";"Dupla";"Reta;Interseção de Vias";"Não";5;0;0;1;3;3;1;6;-19,6312501;-40,22615187;"SPRF-ES";"DEL04-ES";"UOP01-DEL04-ES"
518510;2023-04-22;"sábado";"18:20:00";"SP";116;502;"CAJATI";"Reação tardia ou ineficiente do condutor";"Colisão traseira";"Com Vítimas Fatais";"Anoitecer";"Crescente";"Céu Claro";"Simples";"Reta";"Não";7;1;1;3;1;1;4;3;-24,7750833;-48,20117012;"SPRF-SP";"DEL05-SP";"UOP02-DEL05-SP"
518513;2023-04-22;"sábado";"18:29:00";"RN";226;232,5;"FLORANIA";"Obstrução na via";"Colisão frontal";"Com Vítimas Fatais";"Plena Noite";"Crescente";"Nublado";"Simples";"Declive";"Não";6;1;1;1;2;1;2;3;-6,10387394;-36,92404392;"SPRF-RN";"DEL03-RN";"UOP01-DEL03-RN"
518520;2023-04-22;"sábado";"19:00:00";"PB";116;6,6;"CACHOEIRA DOS INDIOS";"Condutor deixou de manter distância do veículo da frente";"Colisão traseira";"Com Vítimas Fatais";"Plena Noite";"Decrescente";"Céu Claro";"Simples";"Aclive;Reta";"Não";2;1;0;0;1;0;0;2;-6,95359;-38,72197;"SPRF-CE";"DEL05-CE";"UOP03-DEL05-CE"
518524;2023-04-22;"sábado";"19:20:00";"RN";110;90,2;"UPANEMA";"Ausência de sinalização";"Colisão com objeto";"Com Vítimas Feridas";"Plena Noite";"Decrescente";"Céu Claro";"Simples";"Reta;Aclive";"Não";3;0;0;1;1;1;1;3;-5,5760678;-37,31219072;"SPRF-RN";"DEL04-RN";"UOP01-DEL04-RN"
518526;2023-04-22;"sábado";"19:50:00";"MG";116;715,5;"MURIAE";"Demais falhas mecânicas ou elétricas";"Colisão lateral sentido oposto";"Com Vítimas Feridas";"Plena Noite";"Crescente";"Céu Claro";"Simples";"Curva;Declive";"Não";5;0;3;0;1;2;3;4;-21,20407381;-42,3892452;"SPRF-MG";"DEL07-MG";"UOP02-DEL07-MG"
518532;2023-04-22;"sábado";"19:50:00";"MG";40;614,7;"CONGONHAS";"Manobra de mudança de faixa";"Colisão lateral mesmo sentido";"Com Vítimas Fatais";"Plena Noite";"Crescente";"Nublado";"Simples";"Reta";"Não";4;1;0;2;0;1;2;2;-20,53804119;-43,82091165;"SPRF-MG";"DEL05-MG";"UOP02-DEL05-MG"
518535;2023-04-22;"sábado";"14:00:00";"PR";476;208,1;"LAPA";"Velocidade Incompatível";"Tombamento";"Sem Vítimas";"Pleno dia";"Decrescente";"Sol";"Simples";"Declive;Reta";"Não";2;0;0;0;1;2;0;3;-25,779379;-49,831974;"SPRF-PR";"DEL01-PR";"UOP06-DEL01-PR"
518560;2023-04-22;"sábado";"18:30:00";"MS";262;396,5;"TERENOS";"Ingestão de álcool pelo condutor";"Colisão lateral mesmo sentido";"Sem Vítimas";"Pleno dia";"Decrescente";"Céu Claro";"Simples";"Interseção de Vias;Reta";"Não";4;0;0;0;3;1;0;3;-20,42305142;-54,98902917;"SPRF-MS";"DEL01-MS";"UOP03-DEL01-MS"
518563;2023-04-22;"sábado";"19:30:00";"MA";316;331,4;"BACABAL";"Animais na Pista";"Tombamento";"Com Vítimas Feridas";"Plena Noite";"Crescente";"Céu Claro";"Simples";"Reta";"Não";2;0;0;1;0;1;1;2;-4,121362;-44,999702;"SPRF-MA";"DEL02-MA";"UOP01-DEL02-MA"
518565;2023-04-22;"sábado";"23:00:00";"MT";364;359,5;"SANTO ANTONIO DO LEVERGER";"Reação tardia ou ineficiente do condutor";"Saída de leito carroçável";"Com Vítimas Feridas";"Plena Noite";"Decrescente";"Garoa/Chuvisco";"Dupla";"Reta";"Não";6;0;4;0;1;2;4;3;-15,77470584;-55,62130789;"SPRF-MT";"DEL05-MT";"UOP02-DEL05-MT"
518587;2023-04-23;"domingo";"04:00:00";"MG";365;683,8;"MONTE ALEGRE DE MINAS";"Ausência de reação do condutor";"Colisão traseira";"Com Vítimas Feridas";"Plena Noite";"Decrescente";"Céu Claro";"Dupla";"Reta";"Não";4;0;1;0;2;1;1;3;-18,851478;-48,847366;"SPRF-MG";"DEL15-MG";"UOP01-DEL15-MG"
518599;2023-04-22;"sábado";"20:20:00";"PR";277;609;"SANTA TEREZA DO OESTE";"Acessar a via sem observar a presença dos outros veículos";"Colisão transversal";"Com Vítimas Feridas";"Plena Noite";"Crescente";"Céu Claro";"Simples";"Reta";"Sim";5;0;2;0;2;1;2;3;-25,04783521;-53,61298988;"SPRF-PR";"DEL05-PR";"UOP02-DEL05-PR"
518608;2023-04-23;"domingo";"06:45:00";"PA";316;79;"SAO FRANCISCO DO PARA";"Acessar a via sem observar a presença dos outros veículos";"Colisão lateral mesmo sentido";"Sem Vítimas";"Pleno dia";"Crescente";"Céu Claro";"Simples";"Reta";"Sim";3;0;0;0;1;2;0;2;-1,30379211;-47,78865199;"SPRF-PA";"DEL01-PA";"UOP01-DEL01-PA"
518616;2023-04-23;"domingo";"07:50:00";"DF";20;43,2;"BRASILIA";"Condutor deixou de manter distância do veículo da frente";"Colisão traseira";"Sem Vítimas";"Pleno dia";"Decrescente";"Nublado";"Dupla";"Reta;Aclive";"Não";2;0;0;0;0;2;0;2;-15,577199;-47,485268;"SPRF-DF";"DEL02-DF";"UOP01-DEL02-DF"
518623;2023-04-22;"sábado";"19:30:00";"MT";163;760;"SORRISO";"Reação tardia ou ineficiente do condutor";"Colisão traseira";"Com Vítimas Feridas";"Plena Noite";"Crescente";"Garoa/Chuvisco";"Simples";"Reta";"Não";3;0;1;0;1;2;1;4;-12,59739095;-55,74660882;"SPRF-MT";"DEL06-MT";"UOP01-DEL06-MT"
518625;2023-04-22;"sábado";"16:00:00";"GO";158;9;"ARAGARCAS";"Velocidade Incompatível";"Tombamento";"Sem Vítimas";"Plena Noite";"Decrescente";"Nublado";"Dupla";"Viaduto";"Não";2;0;0;0;1;3;0;4;-15,945507;-52,210681;"SPRF-GO";"DEL04-GO";"UOP02-DEL04-GO"
518628;2023-04-05;"quarta-feira";"10:00:00";"PE";423;132,1;"SALOA";"Velocidade Incompatível";"Colisão transversal";"Com Vítimas Feridas";"Pleno dia";"Decrescente";"Céu Claro";"Simples";"Curva;Aclive";"Não";3;0;2;0;0;1;2;2;-8,958949;-36,766119;"SPRF-PE";"DEL03-PE";"UOP01-DEL03-PE"
518634;2023-04-19;"quarta-feira";"10:30:00";"MT";163;530,7;"DIAMANTINO";"Reação tardia ou ineficiente do condutor";"Saída de leito carroçável";"Com Vítimas Feridas";"Pleno dia";"Crescente";"Céu Claro";"Simples";"Reta";"Não";2;0;1;0;0;1;1;2;-14,45712086;-56,14220112;"SPRF-MT";"DEL01-MT";"UOP01-DEL01-MT"
518635;2023-04-21;"sexta-feira";"18:00:00";"PA";163;598;"TRAIRAO";"Reação tardia ou ineficiente do condutor";"Colisão com objeto";"Com Vítimas Feridas";"Anoitecer";"Decrescente";"Céu Claro";"Simples";"Declive";"Não";3;0;1;0;1;5;1;7;-4,84994898;-56,15879205;"SPRF-PA";"DEL05-PA";"UOP02-DEL05-PA"
518640;2023-04-23;"domingo";"09:30:00";"MT";364;265;"SAO PEDRO DA CIPA";"Ausência de reação do condutor";"Colisão lateral mesmo sentido";"Com Vítimas Feridas";"Pleno dia";"Decrescente";"Céu Claro";"Dupla";"Reta;Ponte";"Não";4;0;2;0;1;3;2;5;-16,00440488;-54,92002387;"SPRF-MT";"DEL02-MT";"UOP01-DEL02-MT"
518653;2023-04-23;"domingo";"11:35:00";"PR";376;675;"GUARATUBA";"Problema com o freio";"Incêndio";"Com Vítimas Feridas";"Pleno dia";"Crescente";"Sol";"Dupla";"Reta";"Não";2;0;1;0;0;1;1;2;-25,91744399;-48,91940295;"SPRF-PR";"DEL01-PR";"UOP04-DEL01-PR"
518657;2023-04-23;"domingo";"10:57:00";"MS";163;742,8;"COXIM";"Ausência de reação do condutor";"Saída de leito carroçável";"Sem Vítimas";"Pleno dia";"Crescente";"Céu Claro";"Simples";"Curva";"Não";2;0;0;0;1;1;0;2;-18,41321292;-54,68501911;"SPRF-MS";"DEL06-MS";"UOP01-DEL06-MS"
518662;2023-04-23;"domingo";"10:15:00";"MS";158;114;"PARANAIBA";"Reação tardia ou ineficiente do condutor";"Colisão com objeto";"Sem Vítimas";"Pleno dia";"Crescente";"Céu Claro";"Simples";"Curva;Declive";"Não";2;0;0;0;1;1;0;2;-19,82292705;-51,11442018;"SPRF-MS";"DEL08-MS";"UOP01-DEL08-MS"
518665;2023-04-23;"domingo";"12:17:00";"PE";232;11;"JABOATAO DOS GUARARAPES";"Ingestão de álcool pelo condutor";"Colisão com objeto";"Com Vítimas Feridas";"Pleno dia";"Crescente";"Céu Claro";"Dupla";"Viaduto";"Não";4;0;1;0;0;3;1;3;-8,08195464;-34,99545022;"SPRF-PE";"DEL01-PE";"UOP01-DEL01-PE"
518675;2023-04-23;"domingo";"10:30:00";"BA";101;397;"IBIRAPITANGA";"Carga excessiva e/ou mal acondicionada";"Saída de leito carroçável";"Com Vítimas Feridas";"Pleno dia";"Decrescente";"Chuva";"Simples";"Curva";"Não";2;0;1;0;0;1;1;2;-13,98850789;-39,46597164;"SPRF-BA";"DEL05-BA";"UOP03-DEL05-BA"
518680;2023-04-23;"domingo";"13:40:00";"RS";158;101,5;"PALMEIRA DAS MISSOES";"Ausência de reação do condutor";"Colisão traseira";"Com Vítimas Feridas";"Pleno dia";"Decrescente";"Céu Claro";"Simples";"Reta;Aclive";"Não";3;0;1;0;1;1;1;3;-27,90769074;-53,33985671;"SPRF-RS";"DEL08-RS";"UOP01-DEL08-RS"
518697;2023-04-23;"domingo";"16:00:00";"GO";50;95,7;"CRISTALINA";"Acessar a via sem observar a presença dos outros veículos";"Colisão transversal";"Com Vítimas Feridas";"Pleno dia";"Crescente";"Céu Claro";"Simples";"Reta;Viaduto";"Sim";2;0;1;0;1;0;1;2;-16,9309;-47,7117;"SPRF-DF";"DEL01-DF";"UOP02-DEL01-DF"
518698;2023-04-23;"domingo";"17:00:00";"ES";101;35;"CONCEICAO DA BARRA";"Acessar a via sem observar a presença dos outros veículos";"Colisão lateral mesmo sentido";"Com Vítimas Fatais";"Pleno dia";"Decrescente";"Nublado";"Simples";"Reta;Retorno Regulamentado";"Não";3;1;0;0;1;2;0;4;-18,45416994;-39,9307555;"SPRF-ES";"DEL04-ES";"UOP02-DEL04-ES"
518704;2023-04-23;"domingo";"17:00:00";"RJ";116;268;"BARRA MANSA";"Reação tardia ou ineficiente do condutor";"Colisão lateral mesmo sentido";"Com Vítimas Fatais";"Pleno dia";"Crescente";"Céu Claro";"Dupla";"Curva;Viaduto;Aclive";"Não";7;1;0;2;2;2;2;3;-22,58240306;-44,11006543;"SPRF-RJ";"DEL07-RJ";"UOP02-DEL07-RJ"
518708;2023-04-23;"domingo";"10:50:00";"PA";163;622;"TRAIRAO";"Velocidade Incompatível";"Tombamento";"Com Vítimas Feridas";"Pleno dia";"Crescente";"Céu Claro";"Simples";"Curva";"Não";2;0;1;0;0;2;1;3;-4,719122;-56,014419;"SPRF-PA";"DEL05-PA";"UOP02-DEL05-PA"
518725;2023-04-23;"domingo";"18:30:00";"GO";50;246;"CATALAO";"Ausência de reação do condutor";"Colisão traseira";"Sem Vítimas";"Plena Noite";"Crescente";"Céu Claro";"Dupla";"Reta";"Não";3;0;0;0;2;2;0;4;-17,9343;-47,7877;"SPRF-GO";"DEL06-GO";"UOP01-DEL06-GO"
518730;2023-04-23;"domingo";"11:41:00";"MG";381;731;"CARMO DA CACHOEIRA";"Condutor Dormindo";"Colisão frontal";"Com Vítimas Feridas";"Pleno dia";"Decrescente";"Céu Claro";"Dupla";"Reta";"Não";3;0;2;0;0;1;2;3;-21,54619408;-45,24065887;"SPRF-MG";"DEL16-MG";"UOP02-DEL16-MG"
518745;2023-04-23;"domingo";"18:20:00";"MG";50;197;"DELTA";"Reação tardia ou ineficiente do condutor";"Colisão lateral mesmo sentido";"Sem Vítimas";"Anoitecer";"Crescente";"Céu Claro";"Dupla";"Aclive";"Não";3;0;0;0;2;1;0;3;-19,91076436;-47,83254654;"SPRF-MG";"DEL13-MG";"UOP01-DEL13-MG"
518747;2023-04-23;"domingo";"15:00:00";"MG";381;704,2;"LAVRAS";"Velocidade Incompatível";"Colisão lateral mesmo sentido";"Com Vítimas Feridas";"Pleno dia";"Decrescente";"Céu Claro";"Dupla";"Curva";"Não";4;0;2;0;1;1;2;3;-21,34177704;-45,17643719;"SPRF-MG";"DEL04-MG";"UOP02-DEL04-MG"
518762;2023-04-23;"domingo";"19:50:00";"PR";476;196,5;"LAPA";"Pedestre cruzava a pista fora da faixa";"Atropelamento de Pedestre";"Com Vítimas Fatais";"Plena Noite";"Decrescente";"Nublado";"Simples";"Reta";"Sim";3;1;0;0;1;1;0;2;-25,755607;-49,72792;"SPRF-PR";"DEL01-PR";"UOP06-DEL01-PR"
518766;2023-04-23;"domingo";"20:50:00";"PE";423;131;"SALOA";"Condutor deixou de manter distância do veículo da frente";"Colisão traseira";"Com Vítimas Feridas";"Plena Noite";"Crescente";"Céu Claro";"Simples";"Declive";"Não";2;0;0;1;0;1;1;2;-8,95917999;-36,76823616;"SPRF-PE";"DEL03-PE";"UOP01-DEL03-PE"
518767;2023-04-23;"domingo";"21:40:00";"MT";364;542,9;"ROSARIO OESTE";"Ultrapassagem Indevida";"Colisão frontal";"Com Vítimas Feridas";"Plena Noite";"Crescente";"Céu Claro";"Simples";"Reta";"Sim";5;0;2;0;1;3;2;5;-14,91290882;-56,47221224;"SPRF-MT";"DEL01-MT";"UOP01-DEL01-MT"
518773;2023-04-23;"domingo";"18:55:00";"PE";101;163,4;"AGUA PRETA";"Curva acentuada";"Tombamento";"Sem Vítimas";"Plena Noite";"Decrescente";"Nublado";"Dupla";"Curva";"Não";2;0;0;0;1;1;0;2;-8,55039544;-35,44619699;"SPRF-PE";"DEL01-PE";"UOP03-DEL01-PE"
518779;2023-04-24;"segunda-feira";"00:30:00";"SC";101;106,5;"PENHA";"Ausência de reação do condutor";"Queda de ocupante de veículo";"Com Vítimas Fatais";"Plena Noite";"Decrescente";"Nublado";"Dupla";"Reta";"Não";4;1;0;0;2;2;0;5;-26,8151808;-48,6832731;"SPRF-SC";"DEL03-SC";"UOP02-DEL03-SC"
518789;2023-04-23;"domingo";"23:50:00";"SC";280;151,4;"MAFRA";"Ausência de reação do condutor";"Colisão traseira";"Com Vítimas Feridas";"Plena Noite";"Decrescente";"Céu Claro";"Simples";"Reta;Aclive";"Não";2;0;1;0;1;0;1;2;-26,22094357;-49,71300602;"SPRF-SC";"DEL06-SC";"UOP03-DEL06-SC"
518792;2023-04-24;"segunda-feira";"02:40:00";"MG";381;884;"ESTIVA";"Condutor Dormindo";"Saída de leito carroçável";"Com Vítimas Feridas";"Plena Noite";"Crescente";"Nublado";"Dupla";"Reta";"Não";4;0;1;0;2;1;1;2;-22,48718182;-46,01142883;"SPRF-MG";"DEL16-MG";"UOP03-DEL16-MG"
518793;2023-04-23;"domingo";"23:55:00";"MG";365;696;"MONTE ALEGRE DE MINAS";"Problema com o freio";"Incêndio";"Sem Vítimas";"Plena Noite";"Crescente";"Nublado";"Dupla";"Reta";"Não";2;0;0;0;1;1;0;2;-18,87873931;-48,96010399;"SPRF-MG";"DEL15-MG";"UOP03-DEL15-MG"