"id";"data_inversa";"dia_semana";"horario";"uf";"br";"km";"municipio";"causa_acidente";"tipo_acidente";"classificacao_acidente";"fase_dia";"sentido_via";"condicao_metereologica";"tipo_pista";"tracado_via";"uso_solo";"pessoas";"mortos";"feridos_leves";"feridos_graves";"ilesos";"ignorados";"feridos";"veiculos";"latitude";"longitude";"regional";"delegacia";"uop"
518796;2023-04-24;"segunda-feira";"02:55:00";"SC";101;197,8;"BIGUACU";"Manobra de mudança de faixa";"Colisão lateral mesmo sentido";"Com Vítimas Feridas";"Plena Noite";"Crescente";"Nublado";"Múltipla";"Reta;Declive";"Não";5;0;4;0;0;1;4;4;-27,51844497;-48,63848496;"SPRF-SC";"DEL01-SC";"UOP01-DEL01-SC"
518800;2023-04-24;"segunda-feira";"01:00:00";"SP";116;27,8;"SILVEIRAS";"Ausência de reação do condutor";"Colisão com objeto";"Com Vítimas Feridas";"Plena Noite";"Crescente";"Céu Claro";"Dupla";"Curva;Declive";"Sim";1;0;1;0;0;0;1;1;-22,61994629;-44,90836974;"SPRF-SP";"DEL08-SP";"UOP02-DEL08-SP"
518818;2023-04-24;"segunda-feira";"07:20:00";"GO";50;152;"CAMPO ALEGRE DE GOIAS";"Ausência de reação do condutor";"Colisão traseira";"Com Vítimas Feridas";"Pleno dia";"Decrescente";"Céu Claro";"Dupla";"Reta";"Não";3;0;1;0;1;1;1;3;-17,1901;-47,734;"SPRF-GO";"DEL06-GO";"UOP01-DEL06-GO"
518838;2023-04-24;"segunda-feira";"06:40:00";"MT";163;806;"SINOP";"Demais falhas mecânicas ou elétricas";"Incêndio";"Sem Vítimas";"Pleno dia";"Decrescente";"Céu Claro";"Simples";"Reta";"Não";2;0;0;0;1;3;0;4;-12,112093;-55,516759;"SPRF-MT";"DEL06-MT";"UOP02-DEL06-MT"
518847;2023-04-24;"segunda-feira";"08:46:00";"ES";101;295;"CARIACICA";"Manobra de mudança de faixa";"Colisão traseira";"Com Vítimas Feridas";"Pleno dia";"Decrescente";"Céu Claro";"Dupla";"Declive";"Sim";5;0;2;0;2;1;2;3;-20,33223667;-40,40004683;"SPRF-ES";"DEL01-ES";"UOP01-DEL01-ES"
518848;2023-03-24;"sexta-feira";"11:05:00";"SP";116;225,6;"SAO PAULO";"Manobra de mudança de faixa";"Colisão transversal";"Com Vítimas Feridas";"Pleno dia";"Crescente";"Céu Claro";"Dupla";"Reta";"Sim";2;0;1;0;1;0;1;2;-23,48586772;-46,54075317;"SPRF-SP";"DEL01-SP";"UOP01-DEL01-SP"
518855;2023-04-24;"segunda-feira";"09:30:00";"RS";116;303;"GUAIBA";"Reação tardia ou ineficiente do condutor";"Colisão lateral mesmo sentido";"Sem Vítimas";"Pleno dia";"Decrescente";"Céu Claro";"Dupla";"Reta";"Não";3;0;0;0;3;0;0;2;-30,14752169;-51,36494646;"SPRF-RS";"DEL02-RS";"UOP01-DEL02-RS"
518860;2023-04-24;"segunda-feira";"10:00:00";"SP";116;138;"SAO JOSE DOS CAMPOS";"Reação tardia ou ineficiente do condutor";"Engavetamento";"Com Vítimas Feridas";"Pleno dia";"Crescente";"Céu Claro";"Dupla";"Reta";"Não";3;0;1;0;2;0;1;3;-23,1572739;-45,79554605;"SPRF-SP";"DEL02-SP";"UOP01-DEL02-SP"
518873;2023-04-24;"segunda-feira";"09:00:00";"RJ";116;226;"PIRAI";"Velocidade Incompatível";"Saída de leito carroçável";"Sem Vítimas";"Pleno dia";"Decrescente";"Céu Claro";"Simples";"Curva";"Não";2;0;0;0;1;1;0;2;-22,68023262;-43,83793831;"SPRF-RJ";"DEL07-RJ";"UOP01-DEL07-RJ"
518874;2023-04-24;"segunda-feira";"10:00:00";"MG";365;749,1;"ITUIUTABA";"Ausência de reação do condutor";"Tombamento";"Com Vítimas Feridas";"Pleno dia";"Crescente";"Céu Claro";"Dupla";"Retorno Regulamentado";"Não";4;0;1;0;0;3;1;2;-18,94112485;-49,44782674;"SPRF-MG";"DEL15-MG";"UOP03-DEL15-MG"
518878;2023-04-24;"segunda-feira";"10:15:00";"MT";364;255;"JUSCIMEIRA";"Manobra de mudança de faixa";"Colisão lateral mesmo sentido";"Com Vítimas Feridas";"Pleno dia";"Crescente";"Céu Claro";"Dupla";"Curva";"Sim";2;0;1;0;1;0;1;2;-16,07578903;-54,87413775;"SPRF-MT";"DEL02-MT";"UOP01-DEL02-MT"
518884;2023-04-24;"segunda-feira";"12:40:00";"MG";40;517;"RIBEIRAO DAS NEVES";"Acessar a via sem observar a presença dos outros veículos";"Colisão transversal";"Com Vítimas Feridas";"Pleno dia";"Crescente";"Céu Claro";"Dupla";"Reta";"Sim";3;0;1;0;1;1;1;3;-19,82351202;-44,08438913;"SPRF-MG";"DEL01-MG";"UOP02-DEL01-MG"
518889;2023-04-24;"segunda-feira";"12:20:00";"SC";101;283,8;"IMBITUBA";"Manobra de mudança de faixa";"Colisão lateral mesmo sentido";"Com Vítimas Feridas";"Pleno dia";"Crescente";"Céu Claro";"Dupla";"Reta";"Não";3;0;1;0;1;1;1;3;-28,20457404;-48,6984006;"SPRF-SC";"DEL02-SC";"UOP03-DEL02-SC"
518890;2023-04-24;"segunda-feira";"12:30:00";"GO";40;8,8;"LUZIANIA";"Acessar a via sem observar a presença dos outros veículos";"Colisão transversal";"Com Vítimas Feridas";"Pleno dia";"Decrescente";"Céu Claro";"Dupla";"Reta;Retorno Regulamentado";"Sim";3;0;2;0;1;0;2;3;-16,116158;-47,96761;"SPRF-DF";"DEL01-DF";"UOP01-DEL01-DF"
518891;2023-04-24;"segunda-feira";"12:30:00";"BA";324;620;"SALVADOR";"Ausência de reação do condutor";"Colisão traseira";"Com Vítimas Feridas";"Pleno dia";"Crescente";"Sol";"Dupla";"Reta";"Sim";5;0;1;0;3;1;1;4;-12,90482172;-38,45556535;"SPRF-BA";"DEL01-BA";"UOP01-DEL01-BA"
518896;2023-04-24;"segunda-feira";"03:30:00";"RJ";116;199,1;"QUEIMADOS";"Condutor Dormindo";"Saída de leito carroçável";"Com Vítimas Fatais";"Plena Noite";"Decrescente";"Céu Claro";"Dupla";"Reta";"Não";2;1;0;0;0;2;0;3;-22,72898648;-43,58452101;"SPRF-RJ";"DEL01-RJ";"UOP03-DEL01-RJ"
518899;2023-04-24;"segunda-feira";"12:00:00";"RJ";393;167,4;"TRES RIOS";"Acessar a via sem observar a presença dos outros veículos";"Colisão lateral mesmo sentido";"Com Vítimas Feridas";"Pleno dia";"Crescente";"Céu Claro";"Simples";"Reta";"Sim";4;0;1;0;2;1;1;4;-22,12236191;-43,13976623;"SPRF-RJ";"DEL05-RJ";"UOP02-DEL05-RJ"
518902;2023-04-24;"segunda-feira";"12:30:00";"RJ";101;576;"PARATY";"Acessar a via sem observar a presença dos outros veículos";"Colisão transversal";"Com Vítimas Feridas";"Pleno dia";"Crescente";"Céu Claro";"Simples";"Reta";"Não";2;0;1;0;1;0;1;2;-23,22679237;-44,72881647;"SPRF-RJ";"DEL03-RJ";"UOP02-DEL03-RJ"
518904;2023-03-22;"quarta-feira";"12:20:00";"SC";282;620;"IRACEMINHA";"Reação tardia ou ineficiente do condutor";"Colisão traseira";"Com Vítimas Feridas";"Pleno dia";"Decrescente";"Céu Claro";"Dupla";"Curva";"Não";3;0;1;0;1;3;1;5;-26,799355;-53,308002;"SPRF-SC";"DEL07-SC";"UOP02-DEL07-SC"
518908;2023-04-24;"segunda-feira";"14:00:00";"RS";287;282;"SAO PEDRO DO SUL";"Ausência de reação do condutor";"Colisão traseira";"Com Vítimas Feridas";"Pleno dia";"Decrescente";"Céu Claro";"Simples";"Reta";"Não";2;0;1;0;1;0;1;2;-29,63590192;-54,18948019;"SPRF-RS";"DEL09-RS";"UOP01-DEL09-RS"
518911;2023-04-24;"segunda-feira";"13:20:00";"PR";376;594,5;"CURITIBA";"Ausência de reação do condutor";"Colisão lateral mesmo sentido";"Sem Vítimas";"Pleno dia";"Decrescente";"Céu Claro";"Dupla";"Reta";"Sim";4;0;0;0;3;1;0;3;-25,48479613;-49,34730331;"SPRF-PR";"DEL01-PR";"UOP06-DEL01-PR"
518913;2023-04-24;"segunda-feira";"08:30:00";"RJ";101;420;"MANGARATIBA";"Reação tardia ou ineficiente do condutor";"Colisão lateral mesmo sentido";"Com Vítimas Feridas";"Pleno dia";"Decrescente";"Céu Claro";"Dupla";"Reta";"Não";2;0;1;0;1;0;1;2;-22,9189815;-43,92318002;"SPRF-RJ";"DEL03-RJ";"UOP02-DEL03-RJ"
518914;2023-04-24;"segunda-feira";"11:10:00";"PR";277;487;"NOVA LARANJEIRAS";"Falta de elemento de contenção que evite a saída do leito carroçável";"Saída de leito carroçável";"Sem Vítimas";"Pleno dia";"Crescente";"Sol";"Simples";"Reta;Aclive";"Não";2;0;0;0;1;1;0;2;-25,25715876;-52,62556125;"SPRF-PR";"DEL04-PR";"UOP02-DEL04-PR"
518920;2023-04-24;"segunda-feira";"14:00:00";"BA";116;570;"NOVA ITARANA";"Falta de acostamento";"Saída de leito carroçável";"Com Vítimas Feridas";"Pleno dia";"Crescente";"Céu Claro";"Simples";"Reta";"Não";4;0;1;0;2;1;1;2;-13,00883474;-39,956981;"SPRF-BA";"DEL03-BA";"UOP02-DEL03-BA"
518929;2023-04-24;"segunda-feira";"14:00:00";"MS";267;173,5;"NOVA ALVORADA DO SUL";"Avarias e/ou desgaste excessivo no pneu";"Saída de leito carroçável";"Com Vítimas Feridas";"Pleno dia";"Crescente";"Sol";"Simples";"Reta;Declive";"Não";1;0;1;0;0;0;1;1;-21,6177277;-53,69238496;"SPRF-MS";"DEL02-MS";"UOP03-DEL02-MS"
518931;2023-04-24;"segunda-feira";"15:20:00";"MT";163;827;"SINOP";"Reação tardia ou ineficiente do condutor";"Colisão lateral mesmo sentido";"Com Vítimas Feridas";"Pleno dia";"Decrescente";"Céu Claro";"Dupla";"Reta;Retorno Regulamentado";"Sim";4;0;2;0;1;3;2;5;-11,91629528;-55,50959015;"SPRF-MT";"DEL06-MT";"UOP02-DEL06-MT"
518932;2023-04-24;"segunda-feira";"16:00:00";"MG";381;490;"BETIM";"Reação tardia ou ineficiente do condutor";"Saída de leito carroçável";"Sem Vítimas";"Pleno dia";"Decrescente";"Céu Claro";"Múltipla";"Curva";"Sim";1;0;0;0;1;0;0;1;-19,96502819;-44,17422195;"SPRF-MG";"DEL01-MG";"UOP03-DEL01-MG"
518933;2023-04-24;"segunda-feira";"13:30:00";"MT";163;512;"DIAMANTINO";"Velocidade Incompatível";"Saída de leito carroçável";"Sem Vítimas";"Pleno dia";"Decrescente";"Nublado";"Simples";"Reta";"Não";2;0;0;0;2;0;0;1;-14,497458;-56,189678;"SPRF-MT";"DEL01-MT";"UOP01-DEL01-MT"
518935;2023-04-24;"segunda-feira";"12:35:00";"MG";251;333;"FRUTA DE LEITE";"Ausência de reação do condutor";"Colisão traseira";"Com Vítimas Feridas";"Pleno dia";"Decrescente";"Céu Claro";"Simples";"Reta";"Não";4;0;1;0;1;2;1;4;-16,25683842;-42,43114276;"SPRF-MG";"DEL12-MG";"UOP01-DEL12-MG"
518936;2023-04-24;"segunda-feira";"17:15:00";"MT";158;566;"AGUA BOA";"Mal súbito do condutor";"Colisão frontal";"Com Vítimas Feridas";"Pleno dia";"Crescente";"Céu Claro";"Múltipla";"Reta";"Sim";5;0;2;1;1;4;3;7;-14,03761199;-52,15620489;"SPRF-MT";"DEL07-MT";"UOP02-DEL07-MT"
518937;2023-04-24;"segunda-feira";"16:30:00";"CE";20;80;"TAUA";"Acessar a via sem observar a presença dos outros veículos";"Colisão transversal";"Com Vítimas Fatais";"Pleno dia";"Crescente";"Céu Claro";"Simples";"Reta;Declive";"Não";2;1;0;0;1;0;0;2;-6,02641705;-40,30628395;"SPRF-CE";"DEL02-CE";"UOP02-DEL02-CE"
518942;2023-04-24;"segunda-feira";"15:30:00";"MA";316;506;"CODO";"Ultrapassagem Indevida";"Colisão lateral sentido oposto";"Com Vítimas Feridas";"Pleno dia";"Decrescente";"Céu Claro";"Simples";"Reta";"Não";4;0;1;0;2;3;1;6;-4,72527854;-43,72541428;"SPRF-MA";"DEL03-MA";"UOP02-DEL03-MA"
518943;2023-04-16;"domingo";"14:00:00";"PA";10;349;"SANTA MARIA DO PARA";"Demais falhas mecânicas ou elétricas";"Incêndio";"Sem Vítimas";"Pleno dia";"Crescente";"Céu Claro";"Simples";"Reta;Em Obras";"Não";2;0;0;0;2;0;0;1;-1,3906222;-47,56213743;"SPRF-PA";"DEL01-PA";"UOP02-DEL01-PA"
518947;2023-04-24;"segunda-feira";"15:30:00";"SC";470;50;"BLUMENAU";"Velocidade Incompatível";"Colisão traseira";"Com Vítimas Feridas";"Pleno dia";"Crescente";"Céu Claro";"Dupla";"Reta";"Sim";3;0;1;1;1;0;2;3;-26,859768;-49,074493;"SPRF-SC";"DEL04-SC";"UOP01-DEL04-SC"
518955;2023-04-24;"segunda-feira";"18:44:00";"BA";324;527;"FEIRA DE SANTANA";"Manobra de mudança de faixa";"Colisão traseira";"Com Vítimas Feridas";"Plena Noite";"Decrescente";"Céu Claro";"Dupla";"Declive";"Sim";5;0;3;0;1;1;3;3;-12,31183923;-38,88331817;"SPRF-BA";"DEL01-BA";"UOP03-DEL01-BA"
518962;2023-04-24;"segunda-feira";"16:15:00";"SC";470;126,7;"LONTRAS";"Ausência de reação do condutor";"Colisão transversal";"Com Vítimas Feridas";"Pleno dia";"Decrescente";"Nublado";"Simples";"Reta";"Sim";4;0;2;0;1;1;2;3;-27,13658544;-49,54309344;"SPRF-SC";"DEL04-SC";"UOP02-DEL04-SC"
518966;2023-04-24;"segunda-feira";"18:15:00";"SC";280;168,8;"MAFRA";"Acessar a via sem observar a presença dos outros veículos";"Colisão lateral mesmo sentido";"Com Vítimas Feridas";"Plena Noite";"Crescente";"Céu Claro";"Simples";"Interseção de Vias;Rotatória;Viaduto";"Sim";3;0;1;0;1;2;1;4;-26,1395085;-49,81254816;"SPRF-SC";"DEL06-SC";"UOP01-DEL06-SC"
518967;2023-02-18;"sábado";"00:15:00";"MS";267;163,3;"NOVA ANDRADINA";"Demais falhas mecânicas ou elétricas";"Incêndio";"Sem Vítimas";"Plena Noite";"Decrescente";"Céu Claro";"Simples";"Reta";"Não";2;0;0;0;1;1;0;2;-21,62994961;-53,59668696;"SPRF-MS";"DEL02-MS";"UOP03-DEL02-MS"
518979;2023-04-24;"segunda-feira";"18:35:00";"MG";116;775;"LEOPOLDINA";"Velocidade Incompatível";"Colisão com objeto";"Com Vítimas Feridas";"Plena Noite";"Crescente";"Céu Claro";"Simples";"Reta";"Não";1;0;0;1;0;0;1;1;-21,58153704;-42,68870355;"SPRF-MG";"DEL07-MG";"UOP01-DEL07-MG"
518983;2023-04-24;"segunda-feira";"21:05:00";"MG";381;516,3;"IGARAPE";"Ausência de reação do condutor";"Tombamento";"Com Vítimas Feridas";"Plena Noite";"Decrescente";"Nublado";"Dupla";"Curva";"Sim";3;0;2;0;0;1;2;2;-20,103424;-44,318871;"SPRF-MG";"DEL04-MG";"UOP03-DEL04-MG"
518988;2023-04-24;"segunda-feira";"20:30:00";"RJ";116;258;"VOLTA REDONDA";"Demais falhas mecânicas ou elétricas";"Incêndio";"Sem Vítimas";"Plena Noite";"Decrescente";"Céu Claro";"Dupla";"Curva";"Não";1;0;0;0;1;0;0;1;-22,58138777;-44,02160689;"SPRF-RJ";"DEL07-RJ";"UOP02-DEL07-RJ"
518989;2023-04-24;"segunda-feira";"13:25:00";"MG";116;535,5;"SANTA RITA DE MINAS";"Ultrapassagem Indevida";"Tombamento";"Com Vítimas Feridas";"Pleno dia";"Crescente";"Céu Claro";"Simples";"Curva;Em Obras";"Não";4;0;0;1;1;2;1;4;-19,85292504;-42,14058636;"SPRF-MG";"DEL06-MG";"UOP02-DEL06-MG"
518991;2023-04-24;"segunda-feira";"21:45:00";"MG";381;486;"BETIM";"Pedestre cruzava a pista fora da faixa";"Atropelamento de Pedestre";"Com Vítimas Feridas";"Plena Noite";"Decrescente";"Céu Claro";"Múltipla";"Reta";"Não";2;0;1;0;1;0;1;2;-19,95644414;-44,13611598;"SPRF-MG";"DEL01-MG";"UOP03-DEL01-MG"
518994;2023-04-24;"segunda-feira";"18:40:00";"PI";222;4;"SAO JOAO DA FRONTEIRA";"Condutor deixou de manter distância do veículo da frente";"Colisão traseira";"Com Vítimas Feridas";"Plena Noite";"Decrescente";"Céu Claro";"Simples";"Reta";"Sim";2;0;0;1;1;0;1;2;-3,93654178;-41,2597933;"SPRF-PI";"DEL02-PI";"UOP01-DEL02-PI"
518995;2023-04-24;"segunda-feira";"19:15:00";"MG";40;661,4;"CARANDAI";"Pedestre andava na pista";"Atropelamento de Pedestre";"Com Vítimas Feridas";"Plena Noite";"Crescente";"Céu Claro";"Simples";"Reta;Aclive";"Não";3;0;0;1;1;1;1;3;-20,9139028;-43,82675886;"SPRF-MG";"DEL05-MG";"UOP02-DEL05-MG"
518997;2023-04-24;"segunda-feira";"22:43:00";"RS";290;62,8;"GRAVATAI";"Ausência de reação do condutor";"Colisão traseira";"Com Vítimas Feridas";"Plena Noite";"Crescente";"Céu Claro";"Dupla";"Aclive";"Não";5;0;1;0;3;2;1;4;-29,932089;-50,877304;"SPRF-RS";"DEL03-RS";"UOP01-DEL03-RS"
519006;2023-04-24;"segunda-feira";"22:50:00";"GO";60;48;"ABADIANIA";"Velocidade Incompatível";"Tombamento";"Com Vítimas Feridas";"Plena Noite";"Crescente";"Céu Claro";"Dupla";"Curva;Declive";"Não";3;0;1;0;1;1;1;3;-16,1529;-48,6109;"SPRF-GO";"DEL02-GO";"UOP01-DEL02-GO"
519007;2023-04-25;"terça-feira";"00:20:00";"MG";381;392;"BARAO DE COCAIS";"Reação tardia ou ineficiente do condutor";"Tombamento";"Com Vítimas Feridas";"Plena Noite";"Decrescente";"Nublado";"Dupla";"Desvio Temporário;Declive";"Não";1;0;1;0;0;0;1;1;-19,76614595;-43,45877192;"SPRF-MG";"DEL01-MG";"UOP01-DEL01-MG"
519010;2023-04-25;"terça-feira";"01:00:00";"PR";116;29;"CAMPINA GRANDE DO SUL";"Velocidade Incompatível";"Tombamento";"Com Vítimas Feridas";"Plena Noite";"Decrescente";"Nublado";"Simples";"Reta";"Não";1;0;1;0;0;0;1;1;-25,111129;-48,80888;"SPRF-PR";"DEL01-PR";"UOP02-DEL01-PR"
519011;2023-04-25;"terça-feira";"01:35:00";"PR";376;679,9;"GUARATUBA";"Reação tardia ou ineficiente do condutor";"Tombamento";"Com Vítimas Feridas";"Plena Noite";"Decrescente";"Céu Claro";"Dupla";"Curva";"Não";3;0;1;1;1;0;2;1;-25,95050276;-48,90514477;"SPRF-PR";"DEL01-PR";"UOP04-DEL01-PR"
519019;2023-04-25;"terça-feira";"06:00:00";"PR";376;499;"PONTA GROSSA";"Pedestre andava na pista";"Atropelamento de Pedestre";"Com Vítimas Feridas";"Pleno dia";"Decrescente";"Céu Claro";"Simples";"Reta";"Não";2;0;0;1;1;0;1;2;-25,19475149;-50,07738945;"SPRF-PR";"DEL03-PR";"UOP04-DEL03-PR"
519026;2023-04-25;"terça-feira";"06:45:00";"MG";381;493;"BETIM";"Ausência de reação do condutor";"Colisão traseira";"Com Vítimas Feridas";"Pleno dia";"Decrescente";"Céu Claro";"Dupla";"Reta";"Sim";2;0;1;0;1;0;1;2;-19,97670801;-44,19962698;"SPRF-MG";"DEL04-MG";"UOP03-DEL04-MG"
519030;2023-04-25;"terça-feira";"07:00:00";"RS";285;381,3;"SALDANHA MARINHO";"Condutor Dormindo";"Saída de leito carroçável";"Com Vítimas Feridas";"Pleno dia";"Decrescente";"Céu Claro";"Simples";"Reta;Ponte";"Não";2;0;0;1;0;1;1;2;-28,425051;-53,164528;"SPRF-RS";"DEL10-RS";"UOP02-DEL10-RS"
519034;2023-04-25;"terça-feira";"07:00:00";"PR";376;309;"MAUA DA SERRA";"Velocidade Incompatível";"Tombamento";"Com Vítimas Feridas";"Pleno dia";"Decrescente";"Céu Claro";"Dupla";"Reta;Declive";"Não";2;0;1;0;0;1;1;2;-23,97981536;-51,08609019;"SPRF-PR";"DEL07-PR";"UOP02-DEL07-PR"
519040;2023-04-25;"terça-feira";"05:05:00";"AP";210;90;"PORTO GRANDE";"Reação tardia ou ineficiente do condutor";"Colisão transversal";"Com Vítimas Feridas";"Amanhecer";"Crescente";"Ignorado";"Simples";"Interseção de Vias;Reta";"Não";3;0;1;0;1;3;1;5;0,63664027;-51,29863513;"SPRF-AP";"DEL01-AP";"UOP01-DEL01-AP"
519043;2023-04-25;"terça-feira";"07:00:00";"MG";262;445,3;"NOVA SERRANA";"Velocidade Incompatível";"Colisão transversal";"Com Vítimas Fatais";"Pleno dia";"Crescente";"Céu Claro";"Dupla";"Aclive";"Sim";3;1;0;0;1;2;0;4;-19,87799664;-44,94086286;"SPRF-MG";"DEL08-MG";"UOP03-DEL08-MG"
519045;2023-04-25;"terça-feira";"07:35:00";"BA";324;613;"SALVADOR";"Manobra de mudança de faixa";"Colisão lateral mesmo sentido";"Com Vítimas Feridas";"Pleno dia";"Decrescente";"Sol";"Múltipla";"Reta";"Sim";3;0;1;0;1;1;1;3;-12,82184437;-38,38134222;"SPRF-BA";"DEL01-BA";"UOP01-DEL01-BA"
519048;2023-04-25;"terça-feira";"07:40:00";"SC";470;146;"RIO DO SUL";"Demais falhas mecânicas ou elétricas";"Colisão traseira";"Com Vítimas Feridas";"Pleno dia";"Decrescente";"Nublado";"Simples";"Curva";"Sim";3;0;1;0;2;0;1;2;-27,240673;-49,685822;"SPRF-SC";"DEL04-SC";"UOP02-DEL04-SC"
519057;2023-04-20;"quinta-feira";"09:55:00";"PB";101;84;"BAYEUX";"Reação tardia ou ineficiente do condutor";"Colisão traseira";"Com Vítimas Feridas";"Pleno dia";"Decrescente";"Céu Claro";"Dupla";"Reta";"Sim";5;0;1;1;2;1;2;4;-7,13957906;-34,92312806;"SPRF-PB";"DEL01-PB";"UOP01-DEL01-PB"
519060;2023-04-25;"terça-feira";"07:40:00";"MG";381;481;"BETIM";"Ausência de reação do condutor";"Colisão traseira";"Com Vítimas Feridas";"Pleno dia";"Decrescente";"Sol";"Dupla";"Reta";"Sim";2;0;1;0;1;0;1;2;-19,95947326;-44,05483246;"SPRF-MG";"DEL01-MG";"UOP03-DEL01-MG"
519061;2023-04-25;"terça-feira";"07:15:00";"PR";277;111,5;"CAMPO LARGO";"Reação tardia ou ineficiente do condutor";"Colisão com objeto";"Sem Vítimas";"Pleno dia";"Decrescente";"Nublado";"Dupla";"Declive;Curva";"Não";3;0;0;0;2;2;0;3;-25,44532936;-49,46862509;"SPRF-PR";"DEL03-PR";"UOP03-DEL03-PR"
519062;2023-04-25;"terça-feira";"08:30:00";"RS";116;30,5;"VACARIA";"Desrespeitar a preferência no cruzamento";"Colisão transversal";"Com Vítimas Feridas";"Pleno dia";"Crescente";"Sol";"Simples";"Reta;Retorno Regulamentado";"Não";3;0;0;2;1;0;2;2;-28,45092089;-50,88253498;"SPRF-RS";"DEL05-RS";"UOP03-DEL05-RS"
519064;2023-04-25;"terça-feira";"07:30:00";"PE";116;52;"SALGUEIRO";"Avarias e/ou desgaste excessivo no pneu";"Colisão transversal";"Com Vítimas Feridas";"Pleno dia";"Crescente";"Céu Claro";"Simples";"Reta";"Não";5;0;3;0;2;0;3;2;-8,293407;-39,120644;"SPRF-PE";"DEL05-PE";"UOP01-DEL05-PE"
519068;2023-04-25;"terça-feira";"09:20:00";"PR";369;90;"CORNELIO PROCOPIO";"Retorno proibido";"Colisão transversal";"Com Vítimas Feridas";"Pleno dia";"Crescente";"Céu Claro";"Simples";"Reta;Declive";"Sim";5;0;0;1;3;2;1;4;-23,20324566;-50,65513194;"SPRF-PR";"DEL07-PR";"UOP05-DEL07-PR"
519070;2023-04-25;"terça-feira";"08:05:00";"MT";364;542;"ROSARIO OESTE";"Acessar a via sem observar a presença dos outros veículos";"Colisão transversal";"Com Vítimas Feridas";"Pleno dia";"Decrescente";"Sol";"Simples";"Reta";"Sim";3;0;0;1;1;1;1;3;-14,84248201;-56,44345403;"SPRF-MT";"DEL01-MT";"UOP01-DEL01-MT"
519076;2023-04-13;"quinta-feira";"23:45:00";"PR";476;59;"TUNAS DO PARANA";"Ausência de reação do condutor";"Colisão frontal";"Com Vítimas Feridas";"Plena Noite";"Decrescente";"Garoa/Chuvisco";"Dupla";"Curva";"Não";2;0;1;0;1;0;1;2;-24,996725;-49,082588;"SPRF-PR";"DEL01-PR";"UOP01-DEL01-PR"
519078;2023-04-25;"terça-feira";"10:06:00";"AL";101;233,7;"PORTO REAL DO COLEGIO";"Chuva";"Saída de leito carroçável";"Com Vítimas Feridas";"Pleno dia";"Crescente";"Chuva";"Dupla";"Curva";"Não";1;0;1;0;0;0;1;1;-10,11092575;-36,75955301;"SPRF-AL";"DEL02-AL";"UOP02-DEL02-AL"
519080;2023-04-22;"sábado";"16:20:00";"RS";285;346;"CARAZINHO";"Problema na suspensão";"Saída de leito carroçável";"Com Vítimas Feridas";"Pleno dia";"Crescente";"Sol";"Simples";"Declive;Curva";"Não";2;0;0;1;1;0;1;1;-28,336145;-52,846844;"SPRF-RS";"DEL08-RS";"UOP03-DEL08-RS"
519086;2023-04-25;"terça-feira";"11:00:00";"PR";376;5;"MARINGA";"Ausência de reação do condutor";"Colisão traseira";"Com Vítimas Feridas";"Pleno dia";"Crescente";"Céu Claro";"Dupla";"Curva";"Sim";3;0;0;1;2;0;1;2;-23,38112912;-51,96050406;"SPRF-PR";"DEL09-PR";"UOP01-DEL09-PR"
519090;2023-04-25;"terça-feira";"07:40:00";"PR";163;140;"CAPITAO LEONIDAS MARQUES";"Velocidade Incompatível";"Saída de leito carroçável";"Com Vítimas Feridas";"Pleno dia";"Decrescente";"Céu Claro";"Simples";"Curva";"Não";2;0;1;0;0;1;1;2;-25,49765306;-53,59938318;"SPRF-PR";"DEL05-PR";"UOP05-DEL05-PR"
519092;2023-04-25;"terça-feira";"11:40:00";"MG";262;497;"BETIM";"Carga excessiva e/ou mal acondicionada";"Tombamento";"Com Vítimas Feridas";"Pleno dia";"Decrescente";"Céu Claro";"Simples";"Interseção de Vias;Retorno Regulamentado";"Não";1;0;1;0;0;0;1;1;-19,98464192;-44,20125961;"SPRF-MG";"DEL08-MG";"UOP03-DEL08-MG"
519098;2023-04-25;"terça-feira";"12:05:00";"BA";367;61,9;"PORTO SEGURO";"Mal súbito do condutor";"Colisão frontal";"Com Vítimas Feridas";"Pleno dia";"Crescente";"Céu Claro";"Simples";"Reta";"Sim";2;0;1;0;1;0;1;2;-16,39073805;-39,392441;"SPRF-BA";"DEL09-BA";"UOP03-DEL09-BA"
519100;2023-04-25;"terça-feira";"10:31:00";"RS";153;21,8;"SEVERIANO DE ALMEIDA";"Transitar na contramão";"Colisão frontal";"Com Vítimas Feridas";"Pleno dia";"Decrescente";"Céu Claro";"Simples";"Declive;Curva";"Não";2;0;0;1;1;0;1;2;-27,4744926;-52,10589097;"SPRF-RS";"DEL08-RS";"UOP04-DEL08-RS"
519101;2023-04-06;"quinta-feira";"04:40:00";"MA";135;160;"MATOES DO NORTE";"Pista esburacada";"Tombamento";"Com Vítimas Feridas";"Plena Noite";"Decrescente";"Ignorado";"Simples";"Reta";"Não";2;0;1;0;0;1;1;2;-3,84696112;-44,50618126;"SPRF-MA";"DEL01-MA";"UOP02-DEL01-MA"
519103;2023-04-25;"terça-feira";"10:10:00";"RJ";101;389;"RIO DE JANEIRO";"Condutor deixou de manter distância do veículo da frente";"Colisão traseira";"Com Vítimas Fatais";"Pleno dia";"Crescente";"Chuva";"Múltipla";"Reta";"Sim";3;1;0;0;1;1;0;3;-22,89077885;-43,66684705;"SPRF-RJ";"DEL03-RJ";"UOP01-DEL03-RJ"