"id";"data_inversa";"dia_semana";"horario";"uf";"br";"km";"municipio";"causa_acidente";"tipo_acidente";"classificacao_acidente";"fase_dia";"sentido_via";"condicao_metereologica";"tipo_pista";"tracado_via";"uso_solo";"pessoas";"mortos";"feridos_leves";"feridos_graves";"ilesos";"ignorados";"feridos";"veiculos";"latitude";"longitude";"regional";"delegacia";"uop"
519719;2023-04-28;"sexta-feira";"14:00:00";"CE";116;17;"ITAITINGA";"Ausência de reação do condutor";"Engavetamento";"Sem Vítimas";"Pleno dia";"Crescente";"Céu Claro";"Dupla";"Reta";"Sim";3;0;0;0;3;0;0;3;-3,89617918;-38,50336042;"SPRF-CE";"DEL01-CE";"UOP02-DEL01-CE"
519720;2023-04-28;"sexta-feira";"13:00:00";"GO";60;100;"ANAPOLIS";"Demais falhas mecânicas ou elétricas";"Engavetamento";"Com Vítimas Feridas";"Pleno dia";"Decrescente";"Céu Claro";"Dupla";"Viaduto";"Não";6;0;1;0;5;0;1;4;-16,3979;-48,9664;"SPRF-GO";"DEL02-GO";"UOP01-DEL02-GO"
519725;2023-03-31;"sexta-feira";"15:04:00";"MG";381;706,9;"NEPOMUCENO";"Velocidade Incompatível";"Tombamento";"Com Vítimas Feridas";"Pleno dia";"Decrescente";"Céu Claro";"Dupla";"Declive;Curva";"Não";2;0;1;0;0;1;1;2;-21,356461;-45,18478;"SPRF-MG";"DEL04-MG";"UOP02-DEL04-MG"
519729;2023-04-28;"sexta-feira";"14:45:00";"RS";285;294;"PASSO FUNDO";"Acessar a via sem observar a presença dos outros veículos";"Colisão transversal";"Com Vítimas Feridas";"Pleno dia";"Crescente";"Céu Claro";"Simples";"Interseção de Vias";"Sim";2;0;1;0;1;0;1;2;-28,234547;-52,384975;"SPRF-RS";"DEL08-RS";"UOP03-DEL08-RS"
519745;2023-04-28;"sexta-feira";"16:00:00";"RS";116;358,7;"SENTINELA DO SUL";"Conversão proibida";"Colisão transversal";"Com Vítimas Feridas";"Pleno dia";"Crescente";"Céu Claro";"Dupla";"Reta;Declive";"Não";4;0;2;0;2;0;2;2;-30,60712596;-51,54060211;"SPRF-RS";"DEL02-RS";"UOP02-DEL02-RS"
519752;2023-04-28;"sexta-feira";"17:00:00";"RS";158;152,1;"PANAMBI";"Entrada inopinada do pedestre";"Atropelamento de Pedestre";"Com Vítimas Feridas";"Anoitecer";"Decrescente";"Céu Claro";"Simples";"Interseção de Vias";"Não";4;0;0;1;1;2;1;3;-28,29805005;-53,48527768;"SPRF-RS";"DEL10-RS";"UOP02-DEL10-RS"
519760;2023-04-28;"sexta-feira";"10:40:00";"BA";101;372;"GANDU";"Ausência de reação do condutor";"Saída de leito carroçável";"Com Vítimas Feridas";"Pleno dia";"Decrescente";"Céu Claro";"Simples";"Curva";"Não";2;0;1;1;0;0;2;1;-13,798769;-39,496524;"SPRF-BA";"DEL05-BA";"UOP03-DEL05-BA"
519762;2023-04-28;"sexta-feira";"13:40:00";"SC";101;205;"SAO JOSE";"Manobra de mudança de faixa";"Colisão lateral mesmo sentido";"Com Vítimas Feridas";"Pleno dia";"Decrescente";"Céu Claro";"Múltipla";"Interseção de Vias;Reta";"Sim";4;0;1;0;2;1;1;4;-27,58313237;-48,61532885;"SPRF-SC";"DEL01-SC";"UOP01-DEL01-SC"
519767;2023-04-28;"sexta-feira";"17:30:00";"BA";242;797;"BARREIRAS";"Velocidade Incompatível";"Queda de ocupante de veículo";"Com Vítimas Feridas";"Anoitecer";"Crescente";"Céu Claro";"Simples";"Reta";"Não";4;0;0;1;1;2;1;4;-12,125302;-45,02858;"SPRF-BA";"DEL10-BA";"UOP01-DEL10-BA"
519769;2023-04-01;"sábado";"06:30:00";"RJ";116;229;"PIRAI";"Problema com o freio";"Engavetamento";"Com Vítimas Feridas";"Amanhecer";"Decrescente";"Céu Claro";"Simples";"Declive;Curva";"Não";7;0;0;2;5;0;2;6;-22,67809437;-43,83476257;"SPRF-RJ";"DEL07-RJ";"UOP01-DEL07-RJ"
519770;2023-04-28;"sexta-feira";"17:00:00";"MG";381;874;"ESTIVA";"Demais falhas mecânicas ou elétricas";"Incêndio";"Sem Vítimas";"Pleno dia";"Decrescente";"Sol";"Dupla";"Reta";"Não";2;0;0;0;1;1;0;2;-22,46421508;-46,00859853;"SPRF-MG";"DEL16-MG";"UOP01-DEL16-MG"
519772;2023-04-28;"sexta-feira";"14:00:00";"MA";316;343;"BACABAL";"Manobra de mudança de faixa";"Colisão lateral sentido oposto";"Com Vítimas Fatais";"Pleno dia";"Crescente";"Céu Claro";"Simples";"Reta";"Não";7;2;1;1;2;2;2;5;-4,19219;-44,9388;"SPRF-MA";"DEL02-MA";"UOP01-DEL02-MA"
519773;2023-04-28;"sexta-feira";"16:30:00";"MG";381;507,4;"SAO JOAQUIM DE BICAS";"Ausência de reação do condutor";"Colisão com objeto";"Com Vítimas Feridas";"Anoitecer";"Decrescente";"Nublado";"Dupla";"Declive;Reta";"Sim";4;0;1;0;3;0;1;3;-20,042698;-44,26645875;"SPRF-MG";"DEL04-MG";"UOP03-DEL04-MG"
519781;2023-04-28;"sexta-feira";"18:22:00";"PE";232;176;"BELO JARDIM";"Reação tardia ou ineficiente do condutor";"Colisão lateral sentido oposto";"Com Vítimas Feridas";"Plena Noite";"Decrescente";"Céu Claro";"Simples";"Reta";"Sim";3;0;0;1;2;0;1;2;-8,34573608;-36,39481995;"SPRF-PE";"DEL03-PE";"UOP02-DEL03-PE"
519785;2023-04-28;"sexta-feira";"17:20:00";"PR";376;372;"ORTIGUEIRA";"Reação tardia ou ineficiente do condutor";"Colisão frontal";"Com Vítimas Feridas";"Pleno dia";"Crescente";"Céu Claro";"Simples";"Curva";"Não";7;0;4;0;2;1;4;3;-24,36094315;-50,81786349;"SPRF-PR";"DEL07-PR";"UOP02-DEL07-PR"
519795;2023-04-28;"sexta-feira";"17:30:00";"PA";10;340;"SANTA MARIA DO PARA";"Velocidade Incompatível";"Colisão transversal";"Com Vítimas Fatais";"Pleno dia";"Decrescente";"Sol";"Simples";"Reta";"Não";2;1;0;0;1;0;0;2;-1,46695196;-47,53338287;"SPRF-PA";"DEL01-PA";"UOP02-DEL01-PA"
519802;2023-04-28;"sexta-feira";"20:06:00";"BA";116;402;"SANTA BARBARA";"Condutor deixou de manter distância do veículo da frente";"Colisão traseira";"Com Vítimas Feridas";"Pleno dia";"Crescente";"Céu Claro";"Simples";"Reta";"Não";2;0;1;0;1;0;1;2;-12,04654101;-38,97030341;"SPRF-BA";"DEL02-BA";"UOP01-DEL02-BA"
519805;2023-04-28;"sexta-feira";"20:15:00";"RS";116;115,5;"SAO MARCOS";"Reação tardia ou ineficiente do condutor";"Colisão com objeto";"Sem Vítimas";"Plena Noite";"Decrescente";"Céu Claro";"Simples";"Reta";"Sim";2;0;0;0;1;1;0;2;-28,9712;-51,072197;"SPRF-RS";"DEL05-RS";"UOP01-DEL05-RS"
519808;2023-04-28;"sexta-feira";"20:45:00";"PR";376;195,9;"MARIALVA";"Acessar a via sem observar a presença dos outros veículos";"Atropelamento de Pedestre";"Com Vítimas Feridas";"Plena Noite";"Crescente";"Céu Claro";"Dupla";"Reta";"Não";2;0;0;1;0;1;1;2;-23,49796205;-51,77372722;"SPRF-PR";"DEL09-PR";"UOP01-DEL09-PR"
519809;2023-04-28;"sexta-feira";"17:35:00";"RS";470;234,9;"CARLOS BARBOSA";"Reação tardia ou ineficiente do condutor";"Tombamento";"Com Vítimas Feridas";"Anoitecer";"Decrescente";"Céu Claro";"Simples";"Curva";"Não";2;0;0;1;0;1;1;2;-29,29809;-51,48162;"SPRF-RS";"DEL06-RS";"UOP01-DEL06-RS"
519810;2023-04-28;"sexta-feira";"19:00:00";"MG";116;701,6;"MURIAE";"Condutor deixou de manter distância do veículo da frente";"Colisão traseira";"Com Vítimas Feridas";"Plena Noite";"Crescente";"Nublado";"Simples";"Reta";"Não";2;0;1;0;1;0;1;2;-21,11084891;-42,3806104;"SPRF-MG";"DEL07-MG";"UOP02-DEL07-MG"
519812;2023-04-28;"sexta-feira";"15:20:00";"BA";116;613;"JAGUAQUARA";"Condutor deixou de manter distância do veículo da frente";"Colisão traseira";"Com Vítimas Feridas";"Pleno dia";"Crescente";"Chuva";"Simples";"Reta;Aclive";"Não";3;0;1;0;1;4;1;6;-13,3085198;-40,02556865;"SPRF-BA";"DEL03-BA";"UOP01-DEL03-BA"
519821;2023-04-26;"quarta-feira";"06:30:00";"AC";364;132;"RIO BRANCO";"Desrespeitar a preferência no cruzamento";"Tombamento";"Com Vítimas Feridas";"Pleno dia";"Decrescente";"Céu Claro";"Dupla";"Rotatória";"Sim";2;0;1;0;1;0;1;2;-10,01005063;-67,84552927;"SPRF-AC";"DEL01-AC";"UOP01-DEL01-AC"
519824;2023-04-28;"sexta-feira";"13:10:00";"PR";277;41,1;"MORRETES";"Problema com o freio";"Tombamento";"Com Vítimas Fatais";"Pleno dia";"Decrescente";"Garoa/Chuvisco";"Dupla";"Curva;Declive";"Não";4;1;0;1;1;3;1;5;-25,5826856;-48,8778761;"SPRF-PR";"DEL01-PR";"UOP01-DEL01-PR"
519828;2023-04-28;"sexta-feira";"20:00:00";"MG";365;603,7;"UBERLANDIA";"Condutor Dormindo";"Saída de leito carroçável";"Com Vítimas Feridas";"Plena Noite";"Crescente";"Céu Claro";"Simples";"Retorno Regulamentado;Curva";"Não";1;0;1;0;0;0;1;1;-18,89351821;-48,1370151;"SPRF-MG";"DEL15-MG";"UOP01-DEL15-MG"
519831;2023-04-28;"sexta-feira";"18:03:00";"PR";376;491;"PONTA GROSSA";"Ausência de reação do condutor";"Saída de leito carroçável";"Com Vítimas Feridas";"Pleno dia";"Crescente";"Céu Claro";"Dupla";"Reta";"Não";1;0;1;0;0;0;1;1;-25,15130703;-50,1421625;"SPRF-PR";"DEL03-PR";"UOP04-DEL03-PR"
519832;2023-04-28;"sexta-feira";"21:35:00";"MG";365;685,1;"MONTE ALEGRE DE MINAS";"Condutor deixou de manter distância do veículo da frente";"Colisão traseira";"Com Vítimas Feridas";"Plena Noite";"Crescente";"Céu Claro";"Dupla";"Declive;Reta";"Não";4;0;1;0;1;2;1;4;-18,86128507;-48,8629942;"SPRF-MG";"DEL15-MG";"UOP01-DEL15-MG"
519854;2023-04-28;"sexta-feira";"21:30:00";"MG";262;362,4;"JUATUBA";"Ausência de reação do condutor";"Colisão com objeto";"Sem Vítimas";"Plena Noite";"Decrescente";"Chuva";"Dupla";"Reta";"Sim";1;0;0;0;1;0;0;1;-19,9723779;-44,2850444;"SPRF-MG";"DEL01-MG";"UOP03-DEL01-MG"
519857;2023-04-28;"sexta-feira";"22:05:00";"PR";373;343;"GUARAPUAVA";"Manobra de mudança de faixa";"Colisão lateral mesmo sentido";"Com Vítimas Feridas";"Plena Noite";"Decrescente";"Céu Claro";"Dupla";"Reta";"Sim";3;0;1;0;1;1;1;3;-25,36014009;-51,46782517;"SPRF-PR";"DEL08-PR";"UOP01-DEL08-PR"
519872;2023-04-29;"sábado";"01:00:00";"MG";50;104,2;"UBERABA";"Condutor Dormindo";"Colisão traseira";"Com Vítimas Feridas";"Plena Noite";"Crescente";"Nublado";"Dupla";"Reta";"Não";6;0;4;0;1;2;4;4;-19,17105604;-48,16028013;"SPRF-MG";"DEL13-MG";"UOP01-DEL13-MG"
519875;2023-04-29;"sábado";"01:30:00";"SP";116;223;"GUARULHOS";"Reação tardia ou ineficiente do condutor";"Queda de ocupante de veículo";"Com Vítimas Feridas";"Anoitecer";"Decrescente";"Céu Claro";"Múltipla";"Reta";"Não";2;0;1;0;1;0;1;2;-23,47559815;-46,5246609;"SPRF-SP";"DEL01-SP";"UOP01-DEL01-SP"
519876;2023-04-29;"sábado";"00:00:00";"SC";470;110;"APIUNA";"Transitar na contramão";"Colisão frontal";"Com Vítimas Feridas";"Plena Noite";"Crescente";"Céu Claro";"Simples";"Reta";"Não";2;0;1;0;1;0;1;2;-27,086622;-49,458096;"SPRF-SC";"DEL04-SC";"UOP02-DEL04-SC"
519878;2023-04-13;"quinta-feira";"04:30:00";"SE";101;52,2;"CARMOPOLIS";"Condutor Dormindo";"Colisão frontal";"Com Vítimas Feridas";"Amanhecer";"Crescente";"Céu Claro";"Simples";"Reta";"Não";3;0;1;0;1;1;1;3;-10,63091556;-37,00126648;"SPRF-SE";"DEL02-SE";"UOP02-DEL02-SE"
519880;2023-04-28;"sexta-feira";"23:30:00";"ES";101;315;"VILA VELHA";"Velocidade Incompatível";"Tombamento";"Com Vítimas Feridas";"Plena Noite";"Decrescente";"Chuva";"Dupla";"Curva";"Não";2;0;1;0;0;1;1;2;-20,46305283;-40,46527505;"SPRF-ES";"DEL01-ES";"UOP01-DEL01-ES"
519882;2023-04-29;"sábado";"02:30:00";"SC";101;204,9;"SAO JOSE";"Pedestre andava na pista";"Atropelamento de Pedestre";"Com Vítimas Fatais";"Plena Noite";"Decrescente";"Céu Claro";"Dupla";"Reta";"Sim";3;1;0;0;1;1;0;3;-27,5830796;-48,6151489;"SPRF-SC";"DEL01-SC";"UOP01-DEL01-SC"
519892;2023-04-29;"sábado";"02:05:00";"MG";116;667,3;"SAO FRANCISCO DO GLORIA";"Transitar na contramão";"Colisão lateral sentido oposto";"Com Vítimas Feridas";"Plena Noite";"Decrescente";"Nublado";"Simples";"Viaduto";"Não";2;0;1;0;1;0;1;2;-20,84388797;-42,32659794;"SPRF-MG";"DEL07-MG";"UOP02-DEL07-MG"
519893;2023-04-29;"sábado";"04:50:00";"MG";381;482,6;"BETIM";"Ingestão de álcool pelo condutor";"Colisão traseira";"Com Vítimas Feridas";"Plena Noite";"Crescente";"Nublado";"Dupla";"Reta";"Não";4;0;0;1;2;1;1;3;-19,95874119;-44,06164527;"SPRF-MG";"DEL01-MG";"UOP03-DEL01-MG"
519897;2023-04-29;"sábado";"04:15:00";"PB";104;143,7;"QUEIMADAS";"Ingestão de álcool pelo condutor";"Colisão lateral sentido oposto";"Sem Vítimas";"Amanhecer";"Decrescente";"Nevoeiro/Neblina";"Simples";"Reta";"Não";2;0;0;0;2;0;0;2;-7,40477903;-35,89667929;"SPRF-PB";"DEL02-PB";"UOP03-DEL02-PB"
519898;2023-04-29;"sábado";"05:20:00";"MG";262;461,8;"ARAUJOS";"Reação tardia ou ineficiente do condutor";"Colisão traseira";"Sem Vítimas";"Amanhecer";"Crescente";"Céu Claro";"Simples";"Reta";"Não";2;0;0;0;2;0;0;2;-19,82283349;-45,08196173;"SPRF-MG";"DEL08-MG";"UOP03-DEL08-MG"
519907;2023-04-29;"sábado";"05:30:00";"SC";116;124,1;"SANTA CECILIA";"Condutor Dormindo";"Colisão lateral sentido oposto";"Com Vítimas Feridas";"Plena Noite";"Crescente";"Nublado";"Simples";"Curva";"Não";2;0;1;0;1;0;1;2;-26,85025694;-50,40504834;"SPRF-SC";"DEL06-SC";"UOP02-DEL06-SC"
519913;2023-04-29;"sábado";"05:30:00";"SC";470;2;"NAVEGANTES";"Condutor Dormindo";"Tombamento";"Sem Vítimas";"Amanhecer";"Decrescente";"Céu Claro";"Dupla";"Reta;Em Obras";"Sim";2;0;0;0;1;1;0;2;-26,87132003;-48,67243767;"SPRF-SC";"DEL04-SC";"UOP04-DEL04-SC"
519916;2023-04-29;"sábado";"06:55:00";"MG";381;344;"BELA VISTA DE MINAS";"Pista Escorregadia";"Colisão transversal";"Com Vítimas Feridas";"Pleno dia";"Crescente";"Chuva";"Simples";"Curva";"Não";7;0;2;0;4;1;2;3;-19,85986781;-43,11280984;"SPRF-MG";"DEL03-MG";"UOP01-DEL03-MG"
519917;2023-04-28;"sexta-feira";"16:50:00";"PA";163;523;"TRAIRAO";"Ingestão de álcool pelo condutor";"Colisão lateral sentido oposto";"Sem Vítimas";"Pleno dia";"Decrescente";"Céu Claro";"Simples";"Reta";"Não";3;0;0;0;2;6;0;8;-5,334186;-55,924692;"SPRF-PA";"DEL05-PA";"UOP02-DEL05-PA"
519918;2023-04-28;"sexta-feira";"22:30:00";"BA";116;920;"ENCRUZILHADA";"Curva acentuada";"Saída de leito carroçável";"Com Vítimas Feridas";"Plena Noite";"Decrescente";"Céu Claro";"Simples";"Curva";"Não";1;0;1;0;0;0;1;1;-15,51498634;-41,23800934;"SPRF-BA";"DEL08-BA";"UOP03-DEL08-BA"
519920;2023-04-29;"sábado";"06:00:00";"MT";163;1031;"PEIXOTO DE AZEVEDO";"Ausência de reação do condutor";"Colisão lateral sentido oposto";"Com Vítimas Feridas";"Pleno dia";"Crescente";"Céu Claro";"Simples";"Reta";"Sim";3;0;0;1;1;3;1;5;-10,23562843;-54,98127677;"SPRF-MT";"DEL06-MT";"UOP03-DEL06-MT"
519922;2023-04-12;"quarta-feira";"16:10:00";"SP";153;316,7;"RIBEIRAO DO SUL";"Ingestão de álcool pelo condutor";"Colisão traseira";"Com Vítimas Feridas";"Pleno dia";"Crescente";"Céu Claro";"Simples";"Reta";"Não";4;0;3;1;0;0;4;3;-22,72376;-49,88966797;"SPRF-SP";"DEL07-SP";"UOP03-DEL07-SP"
519930;2023-04-29;"sábado";"07:25:00";"GO";153;516,2;"APARECIDA DE GOIANIA";"Condutor deixou de manter distância do veículo da frente";"Colisão traseira";"Com Vítimas Fatais";"Pleno dia";"Crescente";"Céu Claro";"Dupla";"Reta";"Sim";8;1;0;0;2;5;0;4;-16,8504;-49,2473;"SPRF-GO";"DEL01-GO";"UOP03-DEL01-GO"
519931;2023-04-29;"sábado";"06:00:00";"PI";230;280,4;"NAZARE DO PIAUI";"Demais falhas mecânicas ou elétricas";"Incêndio";"Sem Vítimas";"Amanhecer";"Crescente";"Nublado";"Simples";"Reta;Declive";"Não";2;0;0;0;1;1;0;2;-6,91849951;-42,78950281;"SPRF-PI";"DEL03-PI";"UOP01-DEL03-PI"
519932;2023-04-25;"terça-feira";"20:40:00";"SC";282;517,6;"XAXIM";"Velocidade Incompatível";"Colisão lateral sentido oposto";"Com Vítimas Feridas";"Pleno dia";"Crescente";"Chuva";"Simples";"Curva";"Não";3;0;1;0;1;4;1;6;-26,93876687;-52,5000242;"SPRF-SC";"DEL07-SC";"UOP01-DEL07-SC"
519939;2023-04-23;"domingo";"14:30:00";"MS";163;713;"RIO VERDE DE MATO GROSSO";"Condutor Dormindo";"Colisão traseira";"Com Vítimas Feridas";"Pleno dia";"Decrescente";"Sol";"Simples";"Aclive;Reta";"Não";2;0;1;0;1;0;1;2;-18,649428;-54,789868;"SPRF-MS";"DEL06-MS";"UOP01-DEL06-MS"
519947;2023-04-29;"sábado";"09:20:00";"RJ";116;143;"DUQUE DE CAXIAS";"Reação tardia ou ineficiente do condutor";"Capotamento";"Com Vítimas Feridas";"Pleno dia";"Crescente";"Céu Claro";"Simples";"Curva";"Sim";2;0;1;0;0;2;1;3;-22,65237271;-43,23918118;"SPRF-RJ";"DEL01-RJ";"UOP01-DEL01-RJ"
519952;2023-04-29;"sábado";"10:45:00";"PE";101;44;"IGARASSU";"Acessar a via sem observar a presença dos outros veículos";"Colisão lateral mesmo sentido";"Sem Vítimas";"Pleno dia";"Decrescente";"Céu Claro";"Múltipla";"Reta";"Sim";2;0;0;0;2;0;0;2;-7,85637001;-34,90842109;"SPRF-PE";"DEL01-PE";"UOP02-DEL01-PE"
519957;2023-04-28;"sexta-feira";"11:55:00";"RO";364;459;"ARIQUEMES";"Condutor deixou de manter distância do veículo da frente";"Colisão traseira";"Sem Vítimas";"Pleno dia";"Decrescente";"Sol";"Simples";"Reta";"Não";3;0;0;0;2;3;0;5;-10,25114696;-62,71924497;"SPRF-RO";"DEL03-RO";"UOP02-DEL03-RO"
519958;2023-04-29;"sábado";"07:50:00";"MS";262;560,1;"MIRANDA";"Acessar a via sem observar a presença dos outros veículos";"Colisão transversal";"Com Vítimas Feridas";"Pleno dia";"Crescente";"Céu Claro";"Simples";"Curva;Interseção de Vias";"Não";4;0;2;0;1;2;2;4;-20,22912981;-56,39396087;"SPRF-MS";"DEL03-MS";"UOP02-DEL03-MS"
519963;2023-04-29;"sábado";"11:56:00";"SC";101;214,8;"PALHOCA";"Manobra de mudança de faixa";"Colisão lateral mesmo sentido";"Com Vítimas Feridas";"Pleno dia";"Decrescente";"Céu Claro";"Múltipla";"Reta";"Não";3;0;1;1;1;0;2;2;-27,64443;-48,67057;"SPRF-SC";"DEL01-SC";"UOP02-DEL01-SC"
519966;2023-04-29;"sábado";"10:40:00";"BA";101;804;"ITAMARAJU";"Pista Escorregadia";"Saída de leito carroçável";"Com Vítimas Feridas";"Pleno dia";"Crescente";"Chuva";"Simples";"Curva";"Não";2;0;1;0;0;1;1;2;-17,16628085;-39,5779873;"SPRF-BA";"DEL09-BA";"UOP02-DEL09-BA"
519972;2023-04-29;"sábado";"10:30:00";"MT";364;283,5;"JACIARA";"Reação tardia ou ineficiente do condutor";"Saída de leito carroçável";"Com Vítimas Feridas";"Pleno dia";"Decrescente";"Céu Claro";"Dupla";"Curva";"Não";2;0;1;0;0;3;1;4;-15,91422521;-55,03282318;"SPRF-MT";"DEL05-MT";"UOP02-DEL05-MT"
519979;2023-04-29;"sábado";"12:35:00";"PR";116;38;"CAMPINA GRANDE DO SUL";"Demais falhas mecânicas ou elétricas";"Saída de leito carroçável";"Com Vítimas Feridas";"Pleno dia";"Crescente";"Chuva";"Dupla";"Curva";"Não";4;0;1;0;2;1;1;3;-25,1498575;-48,8588518;"SPRF-PR";"DEL01-PR";"UOP02-DEL01-PR"
519984;2023-01-14;"sábado";"06:30:00";"PR";376;326,8;"ORTIGUEIRA";"Avarias e/ou desgaste excessivo no pneu";"Colisão frontal";"Com Vítimas Feridas";"Amanhecer";"Crescente";"Chuva";"Simples";"Declive;Curva";"Não";7;0;3;1;2;1;4;4;-24,065493;-51,064168;"SPRF-PR";"DEL07-PR";"UOP02-DEL07-PR"
519998;2023-04-29;"sábado";"13:40:00";"RJ";393;218;"VASSOURAS";"Condutor deixou de manter distância do veículo da frente";"Colisão traseira";"Com Vítimas Feridas";"Pleno dia";"Decrescente";"Nublado";"Simples";"Reta";"Não";2;0;1;0;1;0;1;1;-22,3090620909;-43,504095929;"SPRF-RJ";"DEL05-RJ";"UOP03-DEL05-RJ"
520004;2023-04-29;"sábado";"15:05:00";"RN";304;28,2;"MOSSORO";"Ingestão de álcool pelo condutor";"Colisão lateral mesmo sentido";"Com Vítimas Feridas";"Pleno dia";"Decrescente";"Céu Claro";"Simples";"Reta";"Não";2;0;1;0;1;0;1;2;-5,099371;-37,33712502;"SPRF-RN";"DEL04-RN";"UOP02-DEL04-RN"
520007;2023-04-29;"sábado";"11:15:00";"RS";287;355;"JAGUARI";"Curva acentuada";"Tombamento";"Com Vítimas Feridas";"Pleno dia";"Decrescente";"Céu Claro";"Simples";"Interseção de Vias;Declive;Curva";"Sim";3;0;2;0;0;1;2;2;-29,48260578;-54,68942642;"SPRF-RS";"DEL12-RS";"UOP02-DEL12-RS"
520011;2023-04-29;"sábado";"13:40:00";"MT";364;243,4;"JUSCIMEIRA";"Condutor deixou de manter distância do veículo da frente";"Colisão traseira";"Com Vítimas Feridas";"Pleno dia";"Decrescente";"Céu Claro";"Dupla";"Reta";"Não";2;0;0;1;0;1;1;2;-16,15658298;-54,79918242;"SPRF-MT";"DEL02-MT";"UOP01-DEL02-MT"
520015;2023-04-29;"sábado";"15:00:00";"RO";364;35;"VILHENA";"Pista esburacada";"Colisão lateral sentido oposto";"Com Vítimas Feridas";"Pleno dia";"Crescente";"Sol";"Simples";"Reta";"Não";6;0;2;0;3;1;2;3;-12,67080681;-60,30359285;"SPRF-RO";"DEL04-RO";"UOP01-DEL04-RO"
520022;2023-04-29;"sábado";"15:30:00";"RS";471;174;"RIO PARDO";"Ingestão de álcool pelo condutor";"Colisão lateral mesmo sentido";"Sem Vítimas";"Pleno dia";"Decrescente";"Sol";"Dupla";"Retorno Regulamentado;Rotatória";"Sim";3;0;0;0;2;2;0;4;-29,9816281;-52,36933708;"SPRF-RS";"DEL02-RS";"UOP03-DEL02-RS"
520026;2023-04-29;"sábado";"17:20:00";"PE";101;77;"RECIFE";"Manobra de mudança de faixa";"Colisão lateral mesmo sentido";"Com Vítimas Feridas";"Anoitecer";"Decrescente";"Céu Claro";"Dupla";"Reta";"Sim";3;0;1;1;0;1;2;2;-8,126982;-34,94386;"SPRF-PE";"DEL01-PE";"UOP01-DEL01-PE"
520027;2023-04-29;"sábado";"16:00:00";"GO";40;42;"LUZIANIA";"Velocidade Incompatível";"Colisão traseira";"Com Vítimas Feridas";"Pleno dia";"Crescente";"Chuva";"Simples";"Declive;Curva";"Não";3;0;0;1;1;2;1;4;-16,37676;-47,830535;"SPRF-DF";"DEL01-DF";"UOP02-DEL01-DF"
520037;2023-04-29;"sábado";"16:20:00";"BA";116;2,6;"VITORIA DA CONQUISTA";"Transitar na contramão";"Colisão frontal";"Com Vítimas Fatais";"Pleno dia";"Crescente";"Céu Claro";"Simples";"Reta";"Não";3;1;0;0;2;0;0;2;-14,824987;-40,85655;"SPRF-BA";"DEL08-BA";"UOP01-DEL08-BA"
520039;2023-04-29;"sábado";"18:28:00";"CE";116;18,5;"EUSEBIO";"Reação tardia ou ineficiente do condutor";"Colisão traseira";"Sem Vítimas";"Plena Noite";"Decrescente";"Nublado";"Dupla";"Reta";"Sim";2;0;0;0;2;0;0;2;-3,91696918;-38,5066992;"SPRF-CE";"DEL01-CE";"UOP02-DEL01-CE"
520054;2023-04-29;"sábado";"18:05:00";"MG";116;127,2;"ITAOBIM";"Transitar na contramão";"Colisão frontal";"Com Vítimas Fatais";"Anoitecer";"Crescente";"Nublado";"Simples";"Curva";"Não";3;1;0;0;1;1;0;3;-16,66258498;-41,5023964;"SPRF-MG";"DEL11-MG";"UOP02-DEL11-MG"
520059;2023-04-29;"sábado";"19:30:00";"MG";40;455,8;"CAETANOPOLIS";"Reação tardia ou ineficiente do condutor";"Colisão transversal";"Com Vítimas Feridas";"Plena Noite";"Decrescente";"Céu Claro";"Dupla";"Aclive;Reta";"Não";5;0;2;0;1;3;2;5;-19,35767518;-44,34735515;"SPRF-MG";"DEL02-MG";"UOP01-DEL02-MG"
520064;2023-04-29;"sábado";"17:30:00";"MG";381;523,9;"BRUMADINHO";"Velocidade Incompatível";"Saída de leito carroçável";"Com Vítimas Feridas";"Anoitecer";"Crescente";"Chuva";"Dupla";"Curva";"Não";4;0;3;0;0;1;3;3;-20,1530682;-44,32617552;"SPRF-MG";"DEL04-MG";"UOP03-DEL04-MG"
520067;2023-04-29;"sábado";"16:00:00";"MG";381;373;"SAO GONCALO DO RIO ABAIXO";"Velocidade Incompatível";"Tombamento";"Com Vítimas Feridas";"Pleno dia";"Decrescente";"Céu Claro";"Simples";"Curva";"Não";2;0;1;0;0;1;1;2;-19,83992808;-43,3214812;"SPRF-MG";"DEL01-MG";"UOP01-DEL01-MG"
520072;2023-04-29;"sábado";"20:00:00";"DF";70;12;"BRASILIA";"Manobra de mudança de faixa";"Colisão lateral mesmo sentido";"Sem Vítimas";"Plena Noite";"Decrescente";"Céu Claro";"Dupla";"Reta";"Não";3;0;0;0;3;0;0;3;-15,792243;-48,158543;"SPRF-DF";"DEL03-DF";"UOP02-DEL03-DF"
520084;2023-04-29;"sábado";"21:20:00";"MT";70;7,5;"BARRA DO GARCAS";"Desrespeitar a preferência no cruzamento";"Colisão transversal";"Com Vítimas Feridas";"Plena Noite";"Crescente";"Céu Claro";"Simples";"Reta";"Não";3;0;1;1;1;0;2;2;-15,878143;-52,316788;"SPRF-MT";"DEL07-MT";"UOP01-DEL07-MT"
520087;2023-04-29;"sábado";"07:42:00";"BA";430;399,7;"IGAPORA";"Velocidade Incompatível";"Tombamento";"Com Vítimas Feridas";"Amanhecer";"Crescente";"Céu Claro";"Simples";"Curva";"Não";2;0;1;0;0;1;1;2;-13,84858048;-42,65364647;"SPRF-BA";"DEL08-BA";"UOP04-DEL08-BA"