"id";"data_inversa";"dia_semana";"horario";"uf";"br";"km";"municipio";"causa_acidente";"tipo_acidente";"classificacao_acidente";"fase_dia";"sentido_via";"condicao_metereologica";"tipo_pista";"tracado_via";"uso_solo";"pessoas";"mortos";"feridos_leves";"feridos_graves";"ilesos";"ignorados";"feridos";"veiculos";"latitude";"longitude";"regional";"delegacia";"uop"
520089;2023-04-29;"sábado";"20:50:00";"MS";163;616;"SAO GABRIEL DO OESTE";"Acessar a via sem observar a presença dos outros veículos";"Colisão transversal";"Com Vítimas Feridas";"Plena Noite";"Crescente";"Céu Claro";"Simples";"Reta;Interseção de Vias";"Sim";3;0;1;0;1;1;1;3;-19,39073637;-54,57060659;"SPRF-MS";"DEL06-MS";"UOP02-DEL06-MS"
520091;2023-04-29;"sábado";"20:40:00";"PI";135;233;"COLONIA DO GURGUEIA";"Ausência de reação do condutor";"Colisão com objeto";"Com Vítimas Fatais";"Plena Noite";"Decrescente";"Céu Claro";"Simples";"Curva;Aclive";"Não";4;1;0;0;3;0;0;2;-8,23087801;-43,78974869;"SPRF-PI";"DEL03-PI";"UOP02-DEL03-PI"
520095;2023-04-29;"sábado";"19:45:00";"PA";163;976;"SANTAREM";"Transitar na contramão";"Colisão frontal";"Com Vítimas Fatais";"Plena Noite";"Crescente";"Céu Claro";"Simples";"Reta;Declive";"Não";3;1;0;0;0;2;0;2;-2,6449665;-54,79286987;"SPRF-PA";"DEL05-PA";"UOP01-DEL05-PA"
520105;2023-04-29;"sábado";"22:00:00";"RS";290;230;"PANTANO GRANDE";"Problema com o freio";"Incêndio";"Sem Vítimas";"Plena Noite";"Decrescente";"Céu Claro";"Simples";"Reta";"Não";2;0;0;0;1;1;0;2;-30,21175657;-52,53009796;"SPRF-RS";"DEL02-RS";"UOP03-DEL02-RS"
520108;2023-04-29;"sábado";"22:30:00";"MG";251;450;"GRAO MOGOL";"Velocidade Incompatível";"Saída de leito carroçável";"Com Vítimas Feridas";"Plena Noite";"Decrescente";"Nublado";"Simples";"Curva";"Não";1;0;1;0;0;0;1;1;-16,41910292;-43,29880499;"SPRF-MG";"DEL12-MG";"UOP02-DEL12-MG"
520116;2023-04-30;"domingo";"02:45:00";"PE";316;297;"FLORESTA";"Manobra de mudança de faixa";"Colisão frontal";"Com Vítimas Fatais";"Amanhecer";"Decrescente";"Céu Claro";"Simples";"Reta";"Não";2;1;0;0;1;0;0;2;-8,6212637;-38,6304581;"SPRF-PE";"DEL04-PE";"UOP03-DEL04-PE"
520122;2023-04-30;"domingo";"02:10:00";"PA";10;14,8;"DOM ELISEU";"Manobra de mudança de faixa";"Colisão lateral sentido oposto";"Sem Vítimas";"Plena Noite";"Crescente";"Nublado";"Simples";"Reta";"Sim";3;0;0;0;2;3;0;5;-4,32541324;-47,54535722;"SPRF-PA";"DEL02-PA";"UOP02-DEL02-PA"
520131;2023-04-30;"domingo";"05:30:00";"MT";163;1067;"GUARANTA DO NORTE";"Transitar na contramão";"Colisão lateral sentido oposto";"Com Vítimas Fatais";"Amanhecer";"Crescente";"Ignorado";"Simples";"Reta";"Sim";3;1;0;0;1;3;0;5;-9,931628;-54,904304;"SPRF-MT";"DEL06-MT";"UOP03-DEL06-MT"
520133;2023-04-30;"domingo";"05:00:00";"MT";163;837;"SINOP";"Ingestão de álcool pelo condutor";"Colisão com objeto";"Com Vítimas Feridas";"Amanhecer";"Decrescente";"Céu Claro";"Dupla";"Reta";"Sim";4;0;1;0;2;3;1;5;-11,968963;-55,51695578;"SPRF-MT";"DEL06-MT";"UOP02-DEL06-MT"
520137;2023-04-30;"domingo";"05:00:00";"BA";242;640;"MUQUEM DE SAO FRANCISCO";"Demais falhas mecânicas ou elétricas";"Incêndio";"Sem Vítimas";"Amanhecer";"Decrescente";"Céu Claro";"Simples";"Reta";"Não";2;0;0;0;1;2;0;3;-12,22520498;-43,463289;"SPRF-BA";"DEL10-BA";"UOP02-DEL10-BA"
520138;2023-04-30;"domingo";"05:00:00";"MT";158;737;"BARRA DO GARCAS";"Ingestão de álcool pelo condutor";"Colisão traseira";"Com Vítimas Feridas";"Amanhecer";"Crescente";"Céu Claro";"Simples";"Curva";"Não";5;0;3;0;1;2;3;4;-15,37888102;-52,20042229;"SPRF-MT";"DEL07-MT";"UOP01-DEL07-MT"
520149;2023-03-21;"terça-feira";"22:00:00";"GO";50;172,3;"CAMPO ALEGRE DE GOIAS";"Ingestão de álcool pelo condutor";"Tombamento";"Sem Vítimas";"Plena Noite";"Crescente";"Céu Claro";"Dupla";"Reta";"Não";2;0;0;0;0;2;0;2;-17,3441;-47,791;"SPRF-GO";"DEL06-GO";"UOP01-DEL06-GO"
520150;2023-04-30;"domingo";"05:45:00";"RJ";493;110;"ITAGUAI";"Reação tardia ou ineficiente do condutor";"Colisão traseira";"Sem Vítimas";"Amanhecer";"Crescente";"Nublado";"Dupla";"Reta";"Não";3;0;0;0;2;1;0;3;-22,811135;-43,799284;"SPRF-RJ";"DEL03-RJ";"UOP01-DEL03-RJ"
520166;2023-04-30;"domingo";"08:00:00";"SC";101;85;"BARRA VELHA";"Ausência de reação do condutor";"Colisão traseira";"Com Vítimas Feridas";"Pleno dia";"Crescente";"Sol";"Múltipla";"Reta";"Sim";4;0;1;0;0;3;1;3;-26,62840879;-48,70813584;"SPRF-SC";"DEL03-SC";"UOP02-DEL03-SC"
520171;2023-04-30;"domingo";"08:35:00";"PR";476;162,9;"ARAUCARIA";"Transitar na contramão";"Colisão frontal";"Com Vítimas Fatais";"Pleno dia";"Crescente";"Nublado";"Simples";"Curva";"Não";3;1;1;0;0;2;1;4;-25,627626;-49,454449;"SPRF-PR";"DEL01-PR";"UOP06-DEL01-PR"
520175;2023-04-30;"domingo";"10:30:00";"SC";101;56;"JOINVILLE";"Manobra de mudança de faixa";"Colisão traseira";"Com Vítimas Feridas";"Pleno dia";"Decrescente";"Sol";"Dupla";"Declive;Interseção de Vias";"Não";2;0;1;0;1;0;1;2;-26,43207484;-48,82263984;"SPRF-SC";"DEL03-SC";"UOP01-DEL03-SC"
520187;2023-04-30;"domingo";"09:00:00";"PR";277;309;"GUARAPUAVA";"Reação tardia ou ineficiente do condutor";"Tombamento";"Com Vítimas Feridas";"Pleno dia";"Decrescente";"Céu Claro";"Simples";"Curva;Declive";"Não";2;0;1;0;0;1;1;2;-25,307343;-51,210518;"SPRF-PR";"DEL08-PR";"UOP01-DEL08-PR"
520190;2023-04-30;"domingo";"12:40:00";"RS";471;463;"RIO GRANDE";"Frear bruscamente";"Colisão traseira";"Com Vítimas Feridas";"Pleno dia";"Crescente";"Céu Claro";"Simples";"Reta";"Não";4;0;1;0;2;1;1;3;-32,091064;-52,304703;"SPRF-RS";"DEL07-RS";"UOP02-DEL07-RS"
520197;2023-04-30;"domingo";"12:00:00";"MT";70;7;"BARRA DO GARCAS";"Acessar a via sem observar a presença dos outros veículos";"Colisão transversal";"Com Vítimas Feridas";"Pleno dia";"Decrescente";"Céu Claro";"Simples";"Reta";"Não";2;0;1;0;1;0;1;2;-15,878143;-52,316788;"SPRF-MT";"DEL07-MT";"UOP01-DEL07-MT"
520199;2023-04-30;"domingo";"13:15:00";"MG";381;434,1;"SABARA";"Problema com o freio";"Colisão frontal";"Com Vítimas Fatais";"Pleno dia";"Decrescente";"Céu Claro";"Simples";"Curva;Aclive";"Não";6;1;2;0;2;3;2;6;-19,785152;-43,72363;"SPRF-MG";"DEL01-MG";"UOP01-DEL01-MG"
520203;2023-04-30;"domingo";"15:00:00";"SE";101;113;"ITAPORANGA DAJUDA";"Animais na Pista";"Atropelamento de Animal";"Com Vítimas Feridas";"Pleno dia";"Crescente";"Chuva";"Dupla";"Reta";"Sim";2;0;1;0;0;1;1;2;-10,991615;-37,295998;"SPRF-SE";"DEL02-SE";"UOP01-DEL02-SE"
520210;2023-04-30;"domingo";"14:30:00";"BA";116;683;"JEQUIE";"Reação tardia ou ineficiente do condutor";"Saída de leito carroçável";"Com Vítimas Feridas";"Pleno dia";"Decrescente";"Céu Claro";"Simples";"Curva";"Não";2;0;1;0;0;2;1;3;-13,87769527;-40,13464153;"SPRF-BA";"DEL03-BA";"UOP01-DEL03-BA"
520211;2023-04-30;"domingo";"15:10:00";"PR";277;132,6;"BALSA NOVA";"Ausência de reação do condutor";"Colisão traseira";"Com Vítimas Feridas";"Pleno dia";"Decrescente";"Céu Claro";"Dupla";"Reta";"Não";3;0;1;0;1;1;1;3;-25,47181284;-49,66166854;"SPRF-PR";"DEL03-PR";"UOP03-DEL03-PR"
520216;2023-04-30;"domingo";"11:40:00";"PR";369;130;"JATAIZINHO";"Reação tardia ou ineficiente do condutor";"Saída de leito carroçável";"Sem Vítimas";"Pleno dia";"Crescente";"Céu Claro";"Dupla";"Curva;Declive";"Sim";2;0;0;0;1;1;0;2;-23,257276;-50,98475933;"SPRF-PR";"DEL07-PR";"UOP01-DEL07-PR"
520222;2023-04-30;"domingo";"15:30:00";"MG";116;277;"TEOFILO OTONI";"Condutor deixou de manter distância do veículo da frente";"Colisão traseira";"Com Vítimas Feridas";"Pleno dia";"Crescente";"Céu Claro";"Simples";"Reta";"Não";2;0;1;0;1;0;1;2;-17,859945;-41,515144;"SPRF-MG";"DEL11-MG";"UOP01-DEL11-MG"
520225;2023-04-30;"domingo";"01:00:00";"PA";222;29,2;"DOM ELISEU";"Reação tardia ou ineficiente do condutor";"Saída de leito carroçável";"Com Vítimas Feridas";"Plena Noite";"Crescente";"Céu Claro";"Simples";"Reta";"Não";2;0;1;0;0;1;1;2;-4,321331;-47,652176;"SPRF-PA";"DEL02-PA";"UOP02-DEL02-PA"
520226;2023-04-30;"domingo";"16:30:00";"GO";60;4;"SANTO ANTONIO DO DESCOBERTO";"Reação tardia ou ineficiente do condutor";"Saída de leito carroçável";"Com Vítimas Feridas";"Pleno dia";"Crescente";"Garoa/Chuvisco";"Dupla";"Curva;Declive";"Não";2;0;1;0;0;1;1;2;-16,089617;-48,274432;"SPRF-DF";"DEL03-DF";"UOP01-DEL03-DF"
520229;2023-04-26;"quarta-feira";"22:40:00";"MT";70;566;"POCONE";"Velocidade Incompatível";"Derramamento de carga";"Com Vítimas Feridas";"Plena Noite";"Decrescente";"Céu Claro";"Simples";"Reta";"Não";4;0;2;0;1;2;2;4;-15,6960613596;-56,4523059232;"SPRF-MT";"DEL03-MT";"UOP02-DEL03-MT"
520234;2023-04-30;"domingo";"17:15:00";"SE";101;89;"NOSSA SENHORA DO SOCORRO";"Reação tardia ou ineficiente do condutor";"Colisão traseira";"Com Vítimas Feridas";"Anoitecer";"Decrescente";"Chuva";"Dupla";"Aclive";"Sim";6;0;1;3;1;1;4;3;-10,88051024;-37,13355535;"SPRF-SE";"DEL01-SE";"UOP01-DEL01-SE"
520242;2023-04-30;"domingo";"09:50:00";"RO";364;128;"PIMENTA BUENO";"Reação tardia ou ineficiente do condutor";"Tombamento";"Com Vítimas Feridas";"Pleno dia";"Crescente";"Céu Claro";"Simples";"Reta";"Não";2;0;1;0;0;2;1;3;-12,06013397;-60,75930372;"SPRF-RO";"DEL02-RO";"UOP02-DEL02-RO"
520247;2023-04-30;"domingo";"18:20:00";"SP";116;127;"CACAPAVA";"Manobra de mudança de faixa";"Colisão lateral mesmo sentido";"Com Vítimas Feridas";"Anoitecer";"Crescente";"Céu Claro";"Dupla";"Reta";"Sim";4;0;1;0;2;1;1;3;-23,10991026;-45,70246044;"SPRF-SP";"DEL02-SP";"UOP02-DEL02-SP"
520251;2023-04-30;"domingo";"15:40:00";"PA";163;978;"BELTERRA";"Ausência de reação do condutor";"Saída de leito carroçável";"Com Vítimas Feridas";"Pleno dia";"Crescente";"Céu Claro";"Simples";"Reta";"Não";2;0;1;0;0;2;1;3;-2,6388318;-54,76592504;"SPRF-PA";"DEL05-PA";"UOP01-DEL05-PA"
520259;2023-04-30;"domingo";"19:10:00";"RS";386;50,2;"SEBERI";"Transitar na contramão";"Colisão frontal";"Com Vítimas Feridas";"Plena Noite";"Decrescente";"Céu Claro";"Simples";"Reta";"Não";2;0;1;1;0;0;2;2;-27,48862889;-53,38952065;"SPRF-RS";"DEL08-RS";"UOP02-DEL08-RS"
520267;2023-04-30;"domingo";"18:25:00";"MG";262;526,3;"LUZ";"Ausência de reação do condutor";"Colisão lateral sentido oposto";"Sem Vítimas";"Plena Noite";"Crescente";"Céu Claro";"Simples";"Reta;Declive";"Não";4;0;0;0;4;0;0;3;-19,78237125;-45,67644004;"SPRF-MG";"DEL08-MG";"UOP03-DEL08-MG"
520282;2023-04-30;"domingo";"16:15:00";"SC";101;308;"LAGUNA";"Ausência de reação do condutor";"Atropelamento de Pedestre";"Com Vítimas Feridas";"Pleno dia";"Decrescente";"Céu Claro";"Simples";"Reta";"Sim";2;0;0;1;0;1;1;2;-28,42295479;-48,79866779;"SPRF-SC";"DEL02-SC";"UOP01-DEL02-SC"
520297;2023-04-30;"domingo";"23:00:00";"MG";365;55;"CLARO DOS POCOES";"Frear bruscamente";"Colisão com objeto";"Com Vítimas Feridas";"Plena Noite";"Crescente";"Chuva";"Simples";"Curva";"Não";2;0;0;1;0;1;1;2;-16,97517712;-44,26784362;"SPRF-MG";"DEL12-MG";"UOP01-DEL12-MG"
520299;2023-04-30;"domingo";"17:30:00";"MG";251;330;"FRUTA DE LEITE";"Reação tardia ou ineficiente do condutor";"Tombamento";"Com Vítimas Feridas";"Plena Noite";"Decrescente";"Nublado";"Simples";"Curva";"Não";3;0;0;1;1;1;1;2;-16,26404799;-42,41031703;"SPRF-MG";"DEL12-MG";"UOP01-DEL12-MG"
520304;2023-04-30;"domingo";"15:00:00";"MT";364;151,4;"PEDRA PRETA";"Manobra de mudança de faixa";"Colisão lateral sentido oposto";"Com Vítimas Feridas";"Pleno dia";"Crescente";"Céu Claro";"Simples";"Reta";"Não";3;0;1;0;1;4;1;6;-16,78856215;-54,21603106;"SPRF-MT";"DEL02-MT";"UOP01-DEL02-MT"
520321;2023-05-01;"segunda-feira";"04:50:00";"PR";376;185,5;"MARIALVA";"Ingestão de álcool pelo condutor";"Colisão traseira";"Sem Vítimas";"Amanhecer";"Crescente";"Céu Claro";"Dupla";"Reta";"Sim";6;0;0;0;6;0;0;2;-23,45147413;-51,85361808;"SPRF-PR";"DEL09-PR";"UOP01-DEL09-PR"
520328;2023-05-01;"segunda-feira";"06:30:00";"BA";410;4,3;"RIBEIRA DO POMBAL";"Ultrapassagem Indevida";"Colisão lateral mesmo sentido";"Sem Vítimas";"Amanhecer";"Decrescente";"Céu Claro";"Simples";"Aclive";"Não";4;0;0;0;3;15;0;18;-10,83422975;-38,5604295;"SPRF-BA";"DEL07-BA";"UOP02-DEL07-BA"
520334;2023-05-01;"segunda-feira";"05:45:00";"MT";163;115;"RONDONOPOLIS";"Reação tardia ou ineficiente do condutor";"Colisão lateral mesmo sentido";"Com Vítimas Feridas";"Pleno dia";"Crescente";"Céu Claro";"Dupla";"Reta";"Não";3;0;2;0;0;4;2;6;-16,53799506;-54,66666488;"SPRF-MT";"DEL02-MT";"UOP01-DEL02-MT"
520337;2023-05-01;"segunda-feira";"07:45:00";"RS";472;136;"TRES DE MAIO";"Manobra de mudança de faixa";"Colisão lateral mesmo sentido";"Com Vítimas Feridas";"Pleno dia";"Crescente";"Céu Claro";"Simples";"Curva";"Não";2;0;1;0;0;1;1;2;-27,76410206;-54,2655623;"SPRF-RS";"DEL10-RS";"UOP01-DEL10-RS"
520345;2023-05-01;"segunda-feira";"07:00:00";"MS";163;7,7;"MUNDO NOVO";"Transitar na contramão";"Colisão lateral sentido oposto";"Com Vítimas Feridas";"Pleno dia";"Crescente";"Céu Claro";"Simples";"Reta";"Não";3;0;1;0;1;1;1;3;-24,00094566;-54,32020706;"SPRF-MS";"DEL09-MS";"UOP02-DEL09-MS"
520352;2023-05-01;"segunda-feira";"10:15:00";"PE";232;65;"GRAVATA";"Velocidade Incompatível";"Saída de leito carroçável";"Com Vítimas Feridas";"Pleno dia";"Decrescente";"Céu Claro";"Dupla";"Curva";"Não";2;0;1;0;0;1;1;2;-8,16454496;-35,44785302;"SPRF-PE";"DEL02-PE";"UOP02-DEL02PE"
520353;2023-05-01;"segunda-feira";"08:48:00";"MS";267;116;"NOVA ANDRADINA";"Condutor Dormindo";"Saída de leito carroçável";"Com Vítimas Feridas";"Pleno dia";"Crescente";"Céu Claro";"Simples";"Aclive";"Não";1;0;1;0;0;0;1;1;-21,78581139;-53,17998195;"SPRF-MS";"DEL02-MS";"UOP03-DEL02-MS"
520359;2023-04-30;"domingo";"22:00:00";"MT";158;60;"VILA RICA";"Manobra de mudança de faixa";"Colisão frontal";"Com Vítimas Fatais";"Anoitecer";"Crescente";"Céu Claro";"Simples";"Reta";"Não";4;2;0;0;1;3;0;5;-10,17239294;-51,08437979;"SPRF-MT";"DEL07-MT";"NPF/DEL07-MT"
520362;2023-05-01;"segunda-feira";"12:00:00";"GO";20;178,8;"SIMOLANDIA";"Ausência de reação do condutor";"Colisão lateral mesmo sentido";"Com Vítimas Fatais";"Pleno dia";"Decrescente";"Sol";"Dupla";"Reta";"Sim";3;1;0;0;1;1;0;3;-14,491601;-46,504112;"SPRF-DF";"DEL02-DF";"UOP03-DEL02-DF"
520364;2023-05-01;"segunda-feira";"07:56:00";"MG";262;464,8;"ARAUJOS";"Frear bruscamente";"Saída de leito carroçável";"Com Vítimas Feridas";"Pleno dia";"Crescente";"Sol";"Simples";"Reta";"Não";11;0;3;2;1;6;5;6;-19,8117408;-45,10677395;"SPRF-MG";"DEL08-MG";"UOP03-DEL08-MG"
520366;2023-05-01;"segunda-feira";"10:20:00";"PR";116;31;"CAMPINA GRANDE DO SUL";"Reação tardia ou ineficiente do condutor";"Colisão com objeto";"Com Vítimas Feridas";"Pleno dia";"Decrescente";"Céu Claro";"Múltipla";"Reta;Aclive";"Não";3;0;2;0;0;1;2;2;-25,10158154;-48,83062487;"SPRF-PR";"DEL01-PR";"UOP02-DEL01-PR"
520371;2023-05-01;"segunda-feira";"14:14:00";"SP";116;157,7;"SAO JOSE DOS CAMPOS";"Reação tardia ou ineficiente do condutor";"Colisão transversal";"Com Vítimas Feridas";"Pleno dia";"Decrescente";"Céu Claro";"Dupla";"Declive";"Sim";3;0;1;0;1;1;1;3;-23,25558031;-45,9437828;"SPRF-SP";"DEL02-SP";"UOP01-DEL02-SP"
520377;2023-05-01;"segunda-feira";"14:00:00";"BA";242;679;"WANDERLEY";"Chuva";"Saída de leito carroçável";"Com Vítimas Feridas";"Pleno dia";"Decrescente";"Nublado";"Simples";"Reta";"Não";2;0;1;0;0;2;1;3;-12;-44;"SPRF-BA";"DEL10-BA";"UOP02-DEL10-BA"
520381;2023-04-30;"domingo";"23:50:00";"MT";163;765;"SORRISO";"Ausência de reação do condutor";"Colisão traseira";"Com Vítimas Fatais";"Plena Noite";"Crescente";"Ignorado";"Simples";"Reta";"Não";2;1;0;0;0;1;0;2;-12,450443;-55,660395;"SPRF-MT";"DEL06-MT";"UOP01-DEL06-MT"
520382;2023-05-01;"segunda-feira";"14:05:00";"GO";40;97,6;"CRISTALINA";"Pedestre cruzava a pista fora da faixa";"Atropelamento de Pedestre";"Com Vítimas Fatais";"Pleno dia";"Decrescente";"Sol";"Simples";"Reta;Declive";"Sim";4;1;0;0;1;2;0;3;-16,764631;-47,595763;"SPRF-DF";"DEL01-DF";"UOP02-DEL01-DF"
520384;2023-03-10;"sexta-feira";"03:00:00";"MT";158;125;"CONFRESA";"Pista esburacada";"Derramamento de carga";"Sem Vítimas";"Plena Noite";"Crescente";"Céu Claro";"Simples";"Reta";"Não";2;0;0;0;1;2;0;3;-10,53107887;-51,47080864;"SPRF-MT";"DEL07-MT";"NPF/DEL07-MT"
520385;2023-05-01;"segunda-feira";"13:30:00";"MG";381;159,5;"GOVERNADOR VALADARES";"Demais falhas mecânicas ou elétricas";"Colisão lateral sentido oposto";"Com Vítimas Fatais";"Pleno dia";"Crescente";"Céu Claro";"Simples";"Curva";"Não";3;1;0;0;1;1;0;3;-18,92455594;-42,01932801;"SPRF-MG";"DEL06-MG";"UOP01-DEL06-MG"
520396;2023-05-01;"segunda-feira";"14:30:00";"RO";364;72,7;"VILHENA";"Conversão proibida";"Colisão transversal";"Com Vítimas Fatais";"Pleno dia";"Crescente";"Céu Claro";"Simples";"Curva";"Não";2;1;0;0;0;1;0;2;-12,45355287;-60,51023987;"SPRF-RO";"DEL04-RO";"UOP01-DEL04-RO"
520413;2023-05-01;"segunda-feira";"11:40:00";"BA";242;367;"PALMEIRAS";"Manobra de mudança de faixa";"Colisão lateral sentido oposto";"Com Vítimas Feridas";"Pleno dia";"Decrescente";"Céu Claro";"Simples";"Curva";"Não";6;0;5;0;1;0;5;2;-12,47071004;-41,44733298;"SPRF-BA";"DEL06-BA";"UOP01-DEL06-BA"
520415;2023-05-01;"segunda-feira";"16:23:00";"MG";40;420,6;"CURVELO";"Condutor deixou de manter distância do veículo da frente";"Colisão traseira";"Com Vítimas Feridas";"Pleno dia";"Crescente";"Sol";"Simples";"Reta";"Não";3;0;1;0;2;0;1;2;-19,1560839;-44,56655801;"SPRF-MG";"DEL02-MG";"UOP01-DEL02-MG"
520425;2023-04-07;"sexta-feira";"12:00:00";"BA";101;422;"IBIRAPITANGA";"Chuva";"Colisão frontal";"Com Vítimas Feridas";"Pleno dia";"Decrescente";"Chuva";"Simples";"Aclive;Curva";"Não";2;0;1;0;1;0;1;2;-14,12856832;-39,36405659;"SPRF-BA";"DEL05-BA";"UOP03-DEL05-BA"
520429;2023-05-01;"segunda-feira";"17:20:00";"SP";116;68,8;"APARECIDA";"Manobra de mudança de faixa";"Colisão traseira";"Com Vítimas Feridas";"Anoitecer";"Decrescente";"Nublado";"Dupla";"Curva";"Não";8;0;3;0;4;1;3;3;-22,83354783;-45,21713313;"SPRF-SP";"DEL08-SP";"UOP01-DEL08-SP"
520430;2023-05-01;"segunda-feira";"16:30:00";"SC";480;125;"CHAPECO";"Manobra de mudança de faixa";"Colisão lateral mesmo sentido";"Com Vítimas Feridas";"Pleno dia";"Crescente";"Céu Claro";"Dupla";"Reta";"Não";17;0;2;0;14;1;2;8;-27,01164515;-52,63953123;"SPRF-SC";"DEL07-SC";"UOP01-DEL07-SC"
520440;2023-05-01;"segunda-feira";"14:30:00";"MT";364;386;"SANTO ANTONIO DO LEVERGER";"Demais falhas mecânicas ou elétricas";"Incêndio";"Sem Vítimas";"Pleno dia";"Crescente";"Chuva";"Dupla";"Reta";"Não";2;0;0;0;1;1;0;2;-15,70105091;-55,87258458;"SPRF-MT";"DEL01-MT";"UOP02-DEL01-MT"
520441;2023-05-01;"segunda-feira";"17:30:00";"SC";282;538,7;"CHAPECO";"Ingestão de álcool pelo condutor";"Colisão lateral sentido oposto";"Com Vítimas Feridas";"Pleno dia";"Decrescente";"Céu Claro";"Simples";"Curva";"Não";4;0;0;1;2;1;1;3;-26,996157;-52,676411;"SPRF-SC";"DEL07-SC";"UOP01-DEL07-SC"
520461;2023-05-01;"segunda-feira";"17:39:00";"RN";101;85;"NATAL";"Transitar na contramão";"Colisão traseira";"Sem Vítimas";"Plena Noite";"Decrescente";"Céu Claro";"Simples";"Reta;Em Obras";"Sim";4;0;0;0;4;0;0;4;-5,78338221;-35,24723053;"SPRF-RN";"DEL02-RN";"UOP01-DEL02-RN"
520463;2023-05-01;"segunda-feira";"15:03:00";"MG";381;695,5;"LAVRAS";"Falta de elemento de contenção que evite a saída do leito carroçável";"Tombamento";"Com Vítimas Fatais";"Pleno dia";"Decrescente";"Chuva";"Dupla";"Reta";"Não";5;1;1;0;1;2;1;5;-21,27640386;-45,13914121;"SPRF-MG";"DEL04-MG";"UOP02-DEL04-MG"
520470;2023-05-01;"segunda-feira";"19:00:00";"RJ";116;198;"QUEIMADOS";"Condutor deixou de manter distância do veículo da frente";"Engavetamento";"Com Vítimas Feridas";"Plena Noite";"Decrescente";"Céu Claro";"Dupla";"Reta";"Não";6;0;1;1;4;0;2;4;-22,72952183;-43,57481597;"SPRF-RJ";"DEL01-RJ";"UOP02-DEL01-RJ"
520473;2023-05-01;"segunda-feira";"19:10:00";"PE";232;209,4;"PESQUEIRA";"Ingestão de álcool pelo condutor";"Colisão lateral sentido oposto";"Com Vítimas Feridas";"Plena Noite";"Decrescente";"Céu Claro";"Simples";"Reta";"Sim";5;0;2;2;1;0;4;2;-8,36666789;-36,68869898;"SPRF-PE";"DEL03-PE";"UOP02-DEL03-PE"
520482;2023-05-01;"segunda-feira";"21:26:00";"SC";101;27;"JOINVILLE";"Desrespeitar a preferência no cruzamento";"Colisão transversal";"Com Vítimas Feridas";"Plena Noite";"Decrescente";"Nublado";"Simples";"Rotatória";"Não";4;0;2;0;1;2;2;4;-26,20130351;-48,91331794;"SPRF-SC";"DEL03-SC";"UOP01-DEL03-SC"
520483;2023-05-01;"segunda-feira";"15:05:00";"RO";364;443,1;"JARU";"Velocidade Incompatível";"Engavetamento";"Com Vítimas Feridas";"Pleno dia";"Crescente";"Céu Claro";"Simples";"Reta;Declive";"Não";12;0;6;0;6;0;6;4;-10,33792981;-62,60287585;"SPRF-RO";"DEL03-RO";"UOP02-DEL03-RO"
520495;2023-05-01;"segunda-feira";"21:20:00";"MG";153;172,3;"COMENDADOR GOMES";"Ausência de reação do condutor";"Saída de leito carroçável";"Com Vítimas Feridas";"Plena Noite";"Crescente";"Céu Claro";"Simples";"Reta";"Não";1;0;1;0;0;0;1;1;-19,78523104;-48,9660625;"SPRF-MG";"DEL13-MG";"UOP02-DEL13-MG"
520510;2023-05-01;"segunda-feira";"14:20:00";"GO";158;18;"ARAGARCAS";"Pista esburacada";"Tombamento";"Sem Vítimas";"Pleno dia";"Decrescente";"Céu Claro";"Simples";"Reta";"Não";3;0;0;0;2;5;0;7;-16,01506388;-52,18216656;"SPRF-GO";"DEL04-GO";"UOP02-DEL04-GO"
520516;2023-05-01;"segunda-feira";"22:50:00";"SC";470;54;"BLUMENAU";"Pedestre cruzava a pista fora da faixa";"Atropelamento de Pedestre";"Com Vítimas Feridas";"Plena Noite";"Crescente";"Céu Claro";"Simples";"Rotatória";"Sim";2;0;0;1;1;0;1;2;-26,871065;-49,110374;"SPRF-SC";"DEL04-SC";"UOP01-DEL04-SC"
520528;2023-05-02;"terça-feira";"02:30:00";"RS";116;315;"GUAIBA";"Reação tardia ou ineficiente do condutor";"Saída de leito carroçável";"Com Vítimas Feridas";"Plena Noite";"Decrescente";"Garoa/Chuvisco";"Dupla";"Reta";"Não";2;0;1;0;0;1;1;2;-30,24564098;-51,40594986;"SPRF-RS";"DEL02-RS";"UOP01-DEL02-RS"
520530;2023-05-01;"segunda-feira";"22:15:00";"MS";262;222;"RIBAS DO RIO PARDO";"Demais falhas mecânicas ou elétricas";"Incêndio";"Sem Vítimas";"Plena Noite";"Crescente";"Céu Claro";"Simples";"Reta";"Não";2;0;0;0;1;3;0;4;-20,47033298;-53,595788;"SPRF-MS";"DEL07-MS";"UOP02-DEL07-MS"
520535;2023-05-02;"terça-feira";"05:40:00";"GO";153;436,9;"ANAPOLIS";"Manobra de mudança de faixa";"Colisão com objeto";"Com Vítimas Feridas";"Amanhecer";"Crescente";"Céu Claro";"Dupla";"Reta";"Não";3;0;1;0;2;0;1;2;-16,286884;-48,942978;"SPRF-GO";"DEL02-GO";"UOP01-DEL02-GO"
520539;2023-05-02;"terça-feira";"06:15:00";"RJ";116;78;"TERESOPOLIS";"Reação tardia ou ineficiente do condutor";"Saída de leito carroçável";"Com Vítimas Feridas";"Amanhecer";"Crescente";"Nublado";"Simples";"Reta";"Não";4;0;1;0;1;2;1;3;-22,37408687;-42,95260496;"SPRF-RJ";"DEL04-RJ";"UOP01-DEL04-RJ"