"id";"data_inversa";"dia_semana";"horario";"uf";"br";"km";"municipio";"causa_acidente";"tipo_acidente";"classificacao_acidente";"fase_dia";"sentido_via";"condicao_metereologica";"tipo_pista";"tracado_via";"uso_solo";"pessoas";"mortos";"feridos_leves";"feridos_graves";"ilesos";"ignorados";"feridos";"veiculos";"latitude";"longitude";"regional";"delegacia";"uop"
520543;2023-05-01;"segunda-feira";"22:15:00";"RJ";40;11,3;"COMENDADOR LEVY GASPARIAN";"Condutor Dormindo";"Tombamento";"Com Vítimas Feridas";"Plena Noite";"Decrescente";"Céu Claro";"Dupla";"Declive;Curva";"Não";2;0;1;0;0;1;1;2;-22,05001673;-43,19798574;"SPRF-RJ";"DEL05-RJ";"UOP02-DEL05-RJ"
520544;2023-05-02;"terça-feira";"06:30:00";"PA";316;43;"SANTA IZABEL DO PARA";"Manobra de mudança de faixa";"Colisão lateral mesmo sentido";"Com Vítimas Feridas";"Amanhecer";"Decrescente";"Nevoeiro/Neblina";"Dupla";"Curva";"Não";6;0;4;0;1;1;4;3;-1,27585585;-48,09602201;"SPRF-PA";"DEL01-PA";"UOP01-DEL01-PA"
520545;2023-05-02;"terça-feira";"06:40:00";"MG";40;566,6;"NOVA LIMA";"Ausência de reação do condutor";"Colisão frontal";"Com Vítimas Fatais";"Pleno dia";"Crescente";"Céu Claro";"Simples";"Curva";"Não";4;1;0;0;2;1;0;4;-20,17884905;-43,96636352;"SPRF-MG";"DEL01-MG";"UOP02-DEL01-MG"
520548;2023-05-02;"terça-feira";"03:15:00";"RJ";393;246;"BARRA DO PIRAI";"Velocidade Incompatível";"Capotamento";"Com Vítimas Fatais";"Plena Noite";"Crescente";"Nevoeiro/Neblina";"Simples";"Curva";"Não";1;1;0;0;0;0;0;1;-22,43418644;-43,72671584;"SPRF-RJ";"DEL05-RJ";"UOP04-DEL05-RJ"
520556;2023-05-01;"segunda-feira";"20:30:00";"RS";285;567;"SAO LUIZ GONZAGA";"Transitar na contramão";"Colisão transversal";"Com Vítimas Feridas";"Plena Noite";"Crescente";"Nublado";"Simples";"Reta";"Sim";7;0;3;0;3;1;3;3;-28,417452;-54,966869;"SPRF-RS";"DEL12-RS";"UOP01-DEL12-RS"
520561;2023-03-03;"sexta-feira";"21:15:00";"RJ";101;276;"TANGUA";"Manobra de mudança de faixa";"Colisão lateral mesmo sentido";"Com Vítimas Feridas";"Plena Noite";"Decrescente";"Céu Claro";"Dupla";"Reta";"Sim";2;0;1;0;1;0;1;2;-22,73796393;-42,73871802;"SPRF-RJ";"DEL02-RJ";"UOP03-DEL02-RJ"
520584;2023-05-02;"terça-feira";"09:25:00";"PR";277;592,1;"CASCAVEL";"Velocidade Incompatível";"Tombamento";"Com Vítimas Feridas";"Pleno dia";"Crescente";"Sol";"Simples";"Curva;Viaduto;Interseção de Vias;Declive";"Sim";2;0;1;0;0;1;1;2;-24,98244037;-53,47368836;"SPRF-PR";"DEL04-PR";"UOP01-DEL04-PR"
520587;2023-05-02;"terça-feira";"10:11:00";"SC";101;168;"TIJUCAS";"Entrada inopinada do pedestre";"Atropelamento de Pedestre";"Com Vítimas Feridas";"Pleno dia";"Decrescente";"Céu Claro";"Dupla";"Reta";"Sim";3;0;0;1;1;1;1;3;-27,283412;-48,631072;"SPRF-SC";"DEL04-SC";"UOP03-DEL04-SC"
520591;2023-05-02;"terça-feira";"10:30:00";"ES";101;391;"RIO NOVO DO SUL";"Velocidade Incompatível";"Tombamento";"Com Vítimas Feridas";"Pleno dia";"Decrescente";"Nublado";"Simples";"Curva";"Não";2;0;1;0;0;1;1;2;-20,8657929;-40,89634385;"SPRF-ES";"DEL03-ES";"UOP02-DEL03-ES"
520592;2023-05-02;"terça-feira";"09:10:00";"MG";116;513,8;"UBAPORANGA";"Manobra de mudança de faixa";"Tombamento";"Com Vítimas Feridas";"Pleno dia";"Crescente";"Céu Claro";"Simples";"Aclive";"Não";2;0;2;0;0;0;2;1;-19,66981698;-42,11727987;"SPRF-MG";"DEL06-MG";"UOP02-DEL06-MG"
520594;2023-05-02;"terça-feira";"10:40:00";"SC";101;87,3;"BARRA VELHA";"Manobra de mudança de faixa";"Colisão lateral mesmo sentido";"Sem Vítimas";"Pleno dia";"Crescente";"Sol";"Simples";"Curva";"Não";3;0;0;0;2;1;0;3;-26,63713377;-48,69651057;"SPRF-SC";"DEL03-SC";"UOP02-DEL03-SC"
520602;2023-05-02;"terça-feira";"09:30:00";"SP";158;2;"PAULICEIA";"Conversão proibida";"Colisão transversal";"Com Vítimas Feridas";"Pleno dia";"Decrescente";"Céu Claro";"Simples";"Rotatória";"Não";4;0;1;0;2;2;1;4;-21,26904882;-51,845562;"SPRF-MS";"DEL07-MS";"UOP01-DEL07-MS"
520612;2023-04-18;"terça-feira";"17:00:00";"SP";381;7;"VARGEM";"Avarias e/ou desgaste excessivo no pneu";"Incêndio";"Sem Vítimas";"Pleno dia";"Crescente";"Chuva";"Dupla";"Reta";"Não";2;0;0;0;1;1;0;2;-22,90533708;-46,42270582;"SPRF-SP";"DEL03-SP";"UOP02-DEL03-SP"
520614;2023-05-02;"terça-feira";"12:02:00";"GO";40;23;"LUZIANIA";"Manobra de mudança de faixa";"Colisão traseira";"Com Vítimas Feridas";"Pleno dia";"Crescente";"Sol";"Dupla";"Curva;Declive";"Sim";2;0;1;0;1;0;1;2;-16,236391;-47,912182;"SPRF-DF";"DEL01-DF";"UOP01-DEL01-DF"
520615;2023-05-02;"terça-feira";"12:14:00";"MS";158;89;"PARANAIBA";"Ausência de reação do condutor";"Colisão traseira";"Com Vítimas Fatais";"Pleno dia";"Crescente";"Céu Claro";"Simples";"Reta";"Não";7;1;0;0;5;2;0;5;-19,62981993;-51,21111976;"SPRF-MS";"DEL08-MS";"UOP01-DEL08-MS"
520616;2023-05-02;"terça-feira";"11:55:00";"PR";376;626;"SAO JOSE DOS PINHAIS";"Carga excessiva e/ou mal acondicionada";"Derramamento de carga";"Sem Vítimas";"Pleno dia";"Decrescente";"Céu Claro";"Dupla";"Rotatória";"Não";1;0;0;0;1;0;0;1;-25,66095117;-49,15500053;"SPRF-PR";"DEL01-PR";"UOP04-DEL01-PR"
520627;2023-05-02;"terça-feira";"14:00:00";"RJ";116;332;"RESENDE";"Pedestre cruzava a pista fora da faixa";"Atropelamento de Pedestre";"Com Vítimas Feridas";"Pleno dia";"Decrescente";"Céu Claro";"Dupla";"Reta";"Não";3;0;0;1;1;1;1;3;-22,50082905;-44,63502202;"SPRF-RJ";"DEL07-RJ";"UOP02-DEL07-RJ"
520628;2023-05-02;"terça-feira";"12:00:00";"RJ";116;224;"PARACAMBI";"Demais falhas mecânicas ou elétricas";"Incêndio";"Sem Vítimas";"Pleno dia";"Crescente";"Céu Claro";"Dupla";"Reta";"Não";2;0;0;0;1;1;0;2;-22,68709335;-43,81058612;"SPRF-RJ";"DEL07-RJ";"UOP01-DEL07-RJ"
520632;2023-05-02;"terça-feira";"13:50:00";"ES";262;46;"MARECHAL FLORIANO";"Acessar a via sem observar a presença dos outros veículos";"Colisão traseira";"Com Vítimas Feridas";"Pleno dia";"Decrescente";"Chuva";"Simples";"Reta";"Sim";4;0;1;0;2;1;1;3;-20,40565705;-40,67280081;"SPRF-ES";"DEL01-ES";"UOP01-DEL01-ES"
520633;2023-03-11;"sábado";"07:30:00";"MT";364;202;"RONDONOPOLIS";"Ultrapassagem Indevida";"Colisão lateral mesmo sentido";"Com Vítimas Feridas";"Pleno dia";"Decrescente";"Nublado";"Simples";"Ponte;Reta;Em Obras";"Não";3;0;0;1;1;2;1;4;-16,48347324;-54,64970354;"SPRF-MT";"DEL02-MT";"UOP01-DEL02-MT"
520636;2023-05-02;"terça-feira";"13:30:00";"MG";262;751;"SACRAMENTO";"Ausência de reação do condutor";"Colisão traseira";"Com Vítimas Feridas";"Pleno dia";"Crescente";"Céu Claro";"Simples";"Reta";"Não";3;0;1;0;1;2;1;4;-19,644333;-47,517403;"SPRF-MG";"DEL13-MG";"UOP01-DEL13-MG"
520640;2023-05-02;"terça-feira";"15:30:00";"MG";262;449,8;"NOVA SERRANA";"Condutor deixou de manter distância do veículo da frente";"Colisão traseira";"Com Vítimas Feridas";"Pleno dia";"Decrescente";"Sol";"Simples";"Reta";"Não";3;0;1;0;1;1;1;3;-19,8513315;-45,02643585;"SPRF-MG";"DEL08-MG";"UOP03-DEL08-MG"
520643;2023-05-02;"terça-feira";"13:10:00";"BA";101;535;"SAO JOSE DA VITORIA";"Velocidade Incompatível";"Colisão frontal";"Com Vítimas Feridas";"Pleno dia";"Decrescente";"Nublado";"Simples";"Curva;Declive";"Não";3;0;1;0;1;2;1;4;-15,15775202;-39,41074199;"SPRF-BA";"DEL05-BA";"UOP01-DEL05-BA"
520646;2023-05-02;"terça-feira";"16:00:00";"PA";230;115;"NOVO REPARTIMENTO";"Manobra de mudança de faixa";"Colisão frontal";"Com Vítimas Fatais";"Anoitecer";"Crescente";"Céu Claro";"Simples";"Curva;Declive";"Não";7;2;0;3;2;0;3;2;-4,681816;-49,694095;"SPRF-PA";"DEL03-PA";"UOP01-DEL03-PA"
520655;2023-05-02;"terça-feira";"16:52:00";"MG";40;519;"CONTAGEM";"Ausência de reação do condutor";"Colisão traseira";"Com Vítimas Feridas";"Pleno dia";"Decrescente";"Céu Claro";"Dupla";"Reta";"Sim";3;0;0;1;2;0;1;3;-19,83957589;-44,07684485;"SPRF-MG";"DEL01-MG";"UOP02-DEL01-MG"
520659;2023-05-02;"terça-feira";"18:00:00";"MG";116;412,5;"GOVERNADOR VALADARES";"Mal súbito do condutor";"Colisão transversal";"Com Vítimas Feridas";"Pleno dia";"Crescente";"Céu Claro";"Simples";"Reta;Interseção de Vias";"Sim";2;0;1;0;1;0;1;2;-18,86882342;-41,97144241;"SPRF-MG";"DEL06-MG";"UOP01-DEL06-MG"
520671;2023-05-02;"terça-feira";"18:06:00";"SE";101;18;"SAO FRANCISCO";"Reação tardia ou ineficiente do condutor";"Colisão com objeto";"Com Vítimas Feridas";"Plena Noite";"Crescente";"Nublado";"Dupla";"Aclive;Curva";"Não";3;0;1;0;2;0;1;2;-10,34642149;-36,8979388;"SPRF-SE";"DEL02-SE";"UOP02-DEL02-SE"
520678;2023-05-02;"terça-feira";"17:44:00";"ES";259;57;"COLATINA";"Ingestão de álcool pelo condutor";"Colisão lateral sentido oposto";"Sem Vítimas";"Anoitecer";"Crescente";"Céu Claro";"Simples";"Reta";"Não";2;0;0;0;1;1;0;2;-19,50865703;-40,65581416;"SPRF-ES";"DEL02-ES";"UOP01-DEL02-ES"
520683;2023-05-02;"terça-feira";"19:13:00";"MG";40;516;"RIBEIRAO DAS NEVES";"Demais falhas mecânicas ou elétricas";"Colisão transversal";"Sem Vítimas";"Plena Noite";"Decrescente";"Céu Claro";"Dupla";"Interseção de Vias";"Não";2;0;0;0;2;0;0;2;-19,81628624;-44,08960124;"SPRF-MG";"DEL01-MG";"UOP02-DEL01-MG"
520692;2023-05-02;"terça-feira";"18:30:00";"MT";70;363;"CAMPO VERDE";"Reação tardia ou ineficiente do condutor";"Saída de leito carroçável";"Com Vítimas Feridas";"Plena Noite";"Crescente";"Céu Claro";"Simples";"Reta";"Não";2;0;1;0;0;2;1;3;-15,47930689;-54,97787096;"SPRF-MT";"DEL05-MT";"UOP02-DEL05-MT"
520704;2023-05-02;"terça-feira";"18:50:00";"PR";116;173;"QUITANDINHA";"Reação tardia ou ineficiente do condutor";"Colisão traseira";"Com Vítimas Feridas";"Plena Noite";"Crescente";"Céu Claro";"Simples";"Reta";"Não";5;0;0;4;0;1;4;4;-25,89480014;-49,54614395;"SPRF-PR";"DEL01-PR";"UOP03-DEL01-PR"
520710;2023-05-02;"terça-feira";"19:30:00";"SP";116;441;"REGISTRO";"Reação tardia ou ineficiente do condutor";"Colisão traseira";"Com Vítimas Feridas";"Plena Noite";"Decrescente";"Céu Claro";"Dupla";"Reta";"Sim";2;0;1;0;0;1;1;2;-24,4688528;-47,82223728;"SPRF-SP";"DEL05-SP";"UOP01-DEL05-SP"
520711;2023-05-02;"terça-feira";"22:30:00";"MG";116;762,9;"LEOPOLDINA";"Entrada inopinada do pedestre";"Atropelamento de Pedestre";"Com Vítimas Feridas";"Plena Noite";"Crescente";"Céu Claro";"Simples";"Reta;Aclive;Viaduto";"Sim";4;0;1;0;1;2;1;3;-21,52887723;-42,62360898;"SPRF-MG";"DEL07-MG";"UOP01-DEL07-MG"
520714;2023-05-02;"terça-feira";"22:20:00";"RS";290;241,8;"CACHOEIRA DO SUL";"Manobra de mudança de faixa";"Colisão traseira";"Sem Vítimas";"Plena Noite";"Crescente";"Nublado";"Simples";"Reta;Aclive";"Não";3;0;0;0;2;2;0;4;-30,221642;-52,633202;"SPRF-RS";"DEL02-RS";"UOP03-DEL02-RS"
520717;2023-05-02;"terça-feira";"18:00:00";"MG";365;288;"JOAO PINHEIRO";"Demais falhas mecânicas ou elétricas";"Colisão traseira";"Com Vítimas Feridas";"Anoitecer";"Decrescente";"Céu Claro";"Simples";"Reta";"Não";4;0;2;0;1;1;2;3;-18,067266;-45,663961;"SPRF-MG";"DEL10-MG";"UOP02-DEL010-MG"
520721;2023-05-03;"quarta-feira";"02:50:00";"SP";116;169,3;"JACAREI";"Ausência de reação do condutor";"Colisão traseira";"Com Vítimas Feridas";"Plena Noite";"Decrescente";"Céu Claro";"Dupla";"Aclive";"Não";3;0;1;0;1;3;1;5;-23,307652;-46,045128;"SPRF-SP";"DEL02-SP";"UOP01-DEL02-SP"
520723;2023-05-03;"quarta-feira";"02:30:00";"MG";365;541,1;"ROMARIA";"Deficiência do Sistema de Iluminação/Sinalização";"Saída de leito carroçável";"Com Vítimas Feridas";"Plena Noite";"Decrescente";"Céu Claro";"Simples";"Rotatória";"Não";2;0;1;0;0;1;1;2;-18,93273534;-47,58213043;"SPRF-MG";"DEL10-MG";"UOP01-DEL10-MG"
520727;2023-05-03;"quarta-feira";"06:17:00";"GO";20;209,3;"POSSE";"Ultrapassagem Indevida";"Colisão frontal";"Com Vítimas Feridas";"Amanhecer";"Decrescente";"Céu Claro";"Simples";"Declive";"Não";6;0;4;1;1;0;5;2;-14,270616;-46,389462;"SPRF-DF";"DEL02-DF";"UOP03-DEL02-DF"
520730;2023-05-03;"quarta-feira";"07:00:00";"MG";381;487;"BETIM";"Manobra de mudança de faixa";"Colisão lateral mesmo sentido";"Com Vítimas Feridas";"Pleno dia";"Crescente";"Céu Claro";"Múltipla";"Reta";"Sim";3;0;1;0;2;0;1;3;-19,95586853;-44,14609501;"SPRF-MG";"DEL01-MG";"UOP03-DEL01-MG"
520731;2023-03-27;"segunda-feira";"06:30:00";"BA";324;487;"SANTA BARBARA";"Falta de elemento de contenção que evite a saída do leito carroçável";"Saída de leito carroçável";"Com Vítimas Feridas";"Pleno dia";"Crescente";"Nublado";"Simples";"Curva";"Não";1;0;0;1;0;0;1;1;-12,03364074;-39,01582097;"SPRF-BA";"DEL02-BA";"UOP01-DEL02-BA"
520735;2023-05-03;"quarta-feira";"07:20:00";"SP";381;87;"GUARULHOS";"Pista esburacada";"Colisão traseira";"Com Vítimas Feridas";"Pleno dia";"Crescente";"Céu Claro";"Múltipla";"Reta";"Sim";2;0;1;0;1;0;1;2;-23,46885001;-46,56996601;"SPRF-SP";"DEL03-SP";"UOP01-DEL03-SP"
520737;2023-05-03;"quarta-feira";"07:00:00";"RJ";116;225;"PIRAI";"Reação tardia ou ineficiente do condutor";"Tombamento";"Com Vítimas Feridas";"Amanhecer";"Crescente";"Céu Claro";"Simples";"Reta";"Não";2;0;1;0;0;1;1;2;-22,679905;-43,814217;"SPRF-RJ";"DEL07-RJ";"UOP01-DEL07-RJ"
520742;2023-05-03;"quarta-feira";"07:30:00";"RJ";116;169;"RIO DE JANEIRO";"Manobra de mudança de faixa";"Colisão traseira";"Com Vítimas Feridas";"Pleno dia";"Decrescente";"Céu Claro";"Simples";"Curva";"Sim";2;0;1;0;1;0;1;2;-22,816206;-43,324463;"SPRF-RJ";"DEL01-RJ";"UOP02-DEL01-RJ"
520752;2023-05-03;"quarta-feira";"07:10:00";"PE";232;265,9;"SERTANIA";"Condutor Dormindo";"Colisão lateral sentido oposto";"Com Vítimas Feridas";"Pleno dia";"Decrescente";"Céu Claro";"Simples";"Reta";"Não";3;0;1;0;1;1;1;3;-8,40839508;-37,17389501;"SPRF-PE";"DEL04-PE";"UOP02-DEL04-PE"
520754;2023-05-03;"quarta-feira";"07:50:00";"PR";376;432;"TIBAGI";"Reação tardia ou ineficiente do condutor";"Colisão com objeto";"Com Vítimas Fatais";"Pleno dia";"Crescente";"Nublado";"Dupla";"Reta";"Não";4;1;1;0;1;6;1;9;-24,75384647;-50,53642273;"SPRF-PR";"DEL03-PR";"UOP02-DEL03-PR"
520760;2023-03-02;"quinta-feira";"06:00:00";"PR";376;649;"TIJUCAS DO SUL";"Ausência de reação do condutor";"Colisão traseira";"Com Vítimas Feridas";"Pleno dia";"Crescente";"Sol";"Dupla";"Reta";"Não";4;0;1;0;2;1;1;3;-25,84592132;-49,09776415;"SPRF-PR";"DEL01-PR";"UOP04-DEL01-PR"
520761;2023-05-03;"quarta-feira";"09:15:00";"RS";285;477,6;"CORONEL BARROS";"Ausência de reação do condutor";"Saída de leito carroçável";"Com Vítimas Feridas";"Pleno dia";"Crescente";"Chuva";"Simples";"Reta;Declive";"Não";2;0;0;1;0;1;1;2;-28,38226364;-54,08310771;"SPRF-RS";"DEL10-RS";"UOP01-DEL10-RS"
520762;2023-05-03;"quarta-feira";"10:15:00";"PR";376;95;"PARANAVAI";"Ausência de reação do condutor";"Colisão traseira";"Sem Vítimas";"Pleno dia";"Decrescente";"Céu Claro";"Simples";"Reta";"Não";3;0;0;0;2;1;0;3;-23,01459965;-52,52124604;"SPRF-PR";"DEL09-PR";"UOP02-DEL09-PR"
520767;2023-05-03;"quarta-feira";"10:30:00";"CE";116;6;"FORTALEZA";"Ausência de reação do condutor";"Colisão com objeto";"Sem Vítimas";"Pleno dia";"Decrescente";"Céu Claro";"Simples";"Curva;Declive;Viaduto";"Sim";2;0;0;0;1;1;0;2;-3,802624;-38,50400499;"SPRF-CE";"DEL01-CE";"UOP02-DEL01-CE"
520768;2023-05-03;"quarta-feira";"10:30:00";"SP";153;103;"JOSE BONIFACIO";"Reação tardia ou ineficiente do condutor";"Colisão traseira";"Com Vítimas Feridas";"Pleno dia";"Decrescente";"Céu Claro";"Simples";"Reta";"Não";4;0;2;0;1;2;2;4;-21,03114091;-49,64641519;"SPRF-SP";"DEL09-SP";"UOP01-DEL09-SP"
520769;2023-05-03;"quarta-feira";"09:10:00";"PR";116;71,4;"CAMPINA GRANDE DO SUL";"Condutor deixou de manter distância do veículo da frente";"Colisão lateral mesmo sentido";"Com Vítimas Feridas";"Pleno dia";"Crescente";"Céu Claro";"Simples";"Curva";"Não";7;0;5;0;1;2;5;4;-25,34541756;-49,04488757;"SPRF-PR";"DEL01-PR";"UOP07-DEL01-PR"
520770;2023-05-03;"quarta-feira";"09:15:00";"RO";364;170;"PIMENTA BUENO";"Condutor Dormindo";"Colisão lateral sentido oposto";"Com Vítimas Feridas";"Pleno dia";"Crescente";"Céu Claro";"Simples";"Curva";"Não";5;0;1;1;2;7;2;10;-11,846906;-61,017885;"SPRF-RO";"DEL02-RO";"UOP02-DEL02-RO"
520772;2023-05-03;"quarta-feira";"10:30:00";"ES";262;17,5;"VIANA";"Reação tardia ou ineficiente do condutor";"Colisão traseira";"Com Vítimas Feridas";"Pleno dia";"Decrescente";"Céu Claro";"Simples";"Reta";"Sim";2;0;1;0;1;0;1;2;-20,38635961;-40,47272969;"SPRF-ES";"DEL01-ES";"UOP01-DEL01-ES"
520775;2023-05-03;"quarta-feira";"11:30:00";"BA";116;427;"FEIRA DE SANTANA";"Demais falhas na via";"Tombamento";"Com Vítimas Feridas";"Pleno dia";"Decrescente";"Chuva";"Dupla";"Curva;Aclive";"Não";2;0;1;0;0;2;1;3;-12,27374521;-38,99463368;"SPRF-BA";"DEL02-BA";"UOP01-DEL02-BA"
520776;2023-02-28;"terça-feira";"23:20:00";"MG";381;699;"LAVRAS";"Pista esburacada";"Colisão com objeto";"Com Vítimas Fatais";"Plena Noite";"Decrescente";"Céu Claro";"Dupla";"Reta;Declive";"Não";17;1;7;7;1;1;14;3;-21,274547;-45,137872;"SPRF-MG";"DEL04-MG";"UOP02-DEL04-MG"
520780;2023-05-03;"quarta-feira";"11:27:00";"MA";135;7;"SAO LUIS";"Ausência de reação do condutor";"Colisão transversal";"Com Vítimas Feridas";"Pleno dia";"Decrescente";"Céu Claro";"Dupla";"Retorno Regulamentado;Aclive";"Sim";2;0;1;0;1;0;1;2;-2,63608835;-44,26848552;"SPRF-MA";"DEL01-MA";"UOP01-DEL01-MA"
520788;2023-05-03;"quarta-feira";"11:45:00";"BA";20;120;"SAO DESIDERIO";"Manobra de mudança de faixa";"Colisão frontal";"Com Vítimas Fatais";"Pleno dia";"Crescente";"Céu Claro";"Simples";"Reta";"Não";4;2;1;1;0;0;2;2;-12,896117;-45,97568;"SPRF-BA";"DEL10-BA";"UOP01-DEL10-BA"
520789;2023-05-03;"quarta-feira";"12:30:00";"PR";467;79;"TOLEDO";"Acessar a via sem observar a presença dos outros veículos";"Colisão transversal";"Sem Vítimas";"Pleno dia";"Decrescente";"Chuva";"Dupla";"Aclive;Retorno Regulamentado";"Não";4;0;0;0;3;2;0;5;-24,7786;-53,6791;"SPRF-PR";"DEL04-PR";"UOP01-DEL04-PR"
520790;2023-05-03;"quarta-feira";"10:45:00";"MG";153;14,8;"CENTRALINA";"Ausência de reação do condutor";"Tombamento";"Com Vítimas Feridas";"Pleno dia";"Crescente";"Sol";"Dupla";"Aclive;Reta";"Não";2;0;1;0;0;2;1;3;-18,551305;-49,19396;"SPRF-MG";"DEL15-MG";"UOP03-DEL15-MG"
520792;2023-05-03;"quarta-feira";"07:10:00";"BA";242;297;"LAJEDINHO";"Velocidade Incompatível";"Tombamento";"Com Vítimas Fatais";"Pleno dia";"Decrescente";"Nublado";"Simples";"Aclive;Curva";"Não";2;1;0;0;0;1;0;2;-12,445793;-40,857881;"SPRF-BA";"DEL06-BA";"UOP02-DEL06-BA"
520793;2023-05-03;"quarta-feira";"13:05:00";"MS";163;493,5;"CAMPO GRANDE";"Transitar na contramão";"Colisão lateral sentido oposto";"Com Vítimas Feridas";"Pleno dia";"Decrescente";"Céu Claro";"Simples";"Reta;Declive";"Não";3;0;2;0;0;3;2;5;-20,37762705;-54,53752293;"SPRF-MS";"DEL01-MS";"UOP02-DEL01-MS"
520797;2023-04-13;"quinta-feira";"06:05:00";"AM";174;1013,4;"PRESIDENTE FIGUEIREDO";"Manobra de mudança de faixa";"Saída de leito carroçável";"Sem Vítimas";"Amanhecer";"Crescente";"Nevoeiro/Neblina";"Simples";"Curva;Declive";"Não";4;0;0;0;3;1;0;2;-1,86264308;-60,0829731;"SPRF-AM";"DEL01-AM";"UOP02-DEL01-AM"
520798;2023-04-24;"segunda-feira";"10:50:00";"MS";163;9;"MUNDO NOVO";"Pedestre andava na pista";"Atropelamento de Pedestre";"Com Vítimas Feridas";"Pleno dia";"Crescente";"Céu Claro";"Simples";"Reta;Declive";"Não";4;0;0;1;1;2;1;3;-23,98707101;-54,33136162;"SPRF-MS";"DEL09-MS";"UOP02-DEL09-MS"
520803;2023-05-03;"quarta-feira";"14:00:00";"PE";101;39;"IGARASSU";"Entrada inopinada do pedestre";"Atropelamento de Pedestre";"Com Vítimas Fatais";"Pleno dia";"Crescente";"Céu Claro";"Dupla";"Reta";"Não";3;1;0;0;1;1;0;3;-7,818613;-34,9170064;"SPRF-PE";"DEL01-PE";"UOP02-DEL01-PE"
520809;2023-05-03;"quarta-feira";"11:40:00";"SC";116;64,2;"PAPANDUVA";"Conversão proibida";"Colisão traseira";"Com Vítimas Feridas";"Pleno dia";"Decrescente";"Sol";"Simples";"Aclive;Reta";"Não";3;0;0;1;1;1;1;3;-26,41544499;-50,22732716;"SPRF-SC";"DEL06-SC";"UOP02-DEL06-SC"
520810;2023-05-03;"quarta-feira";"15:15:00";"SP";116;151,6;"SAO JOSE DOS CAMPOS";"Manobra de mudança de faixa";"Colisão lateral mesmo sentido";"Com Vítimas Feridas";"Pleno dia";"Decrescente";"Céu Claro";"Dupla";"Reta";"Sim";5;0;1;0;3;1;1;3;-23,21980694;-45,89991605;"SPRF-SP";"DEL02-SP";"UOP01-DEL02-SP"
520816;2023-05-03;"quarta-feira";"16:00:00";"RJ";40;82;"PETROPOLIS";"Reação tardia ou ineficiente do condutor";"Tombamento";"Sem Vítimas";"Pleno dia";"Crescente";"Céu Claro";"Simples";"Curva";"Não";2;0;0;0;2;0;0;1;-22,51183137;-43,23076171;"SPRF-RJ";"DEL06-RJ";"UOP01-DEL06-RJ"
520819;2023-05-03;"quarta-feira";"15:45:00";"RS";386;379,5;"TAQUARI";"Acessar a via sem observar a presença dos outros veículos";"Colisão transversal";"Com Vítimas Fatais";"Pleno dia";"Crescente";"Garoa/Chuvisco";"Dupla";"Interseção de Vias";"Não";4;1;0;0;2;1;0;4;-29,65089082;-51,75998211;"SPRF-RS";"DEL04-RS";"NPF/DEL04-RS"
520829;2023-05-03;"quarta-feira";"17:10:00";"PB";101;92;"JOAO PESSOA";"Reação tardia ou ineficiente do condutor";"Colisão lateral mesmo sentido";"Com Vítimas Feridas";"Anoitecer";"Decrescente";"Céu Claro";"Dupla";"Reta";"Sim";2;0;1;0;1;0;1;2;-7,19683829;-34,90588313;"SPRF-PB";"DEL01-PB";"UOP02-DEL01-PB"
520830;2023-05-03;"quarta-feira";"17:40:00";"BA";324;593;"CANDEIAS";"Ausência de reação do condutor";"Colisão traseira";"Com Vítimas Feridas";"Anoitecer";"Decrescente";"Nublado";"Múltipla";"Reta";"Sim";3;0;1;0;1;2;1;4;-12,69890302;-38,46419428;"SPRF-BA";"DEL01-BA";"UOP01-DEL01-BA"
520835;2023-05-03;"quarta-feira";"18:00:00";"SC";101;125;"ITAJAI";"Acessar a via sem observar a presença dos outros veículos";"Colisão traseira";"Com Vítimas Feridas";"Plena Noite";"Crescente";"Céu Claro";"Múltipla";"Reta";"Não";3;0;1;0;1;2;1;4;-26,94802427;-48,68338515;"SPRF-SC";"DEL04-SC";"UOP04-DEL04-SC"
520840;2023-04-29;"sábado";"20:00:00";"RJ";116;254;"PIRAI";"Ausência de reação do condutor";"Colisão traseira";"Sem Vítimas";"Plena Noite";"Crescente";"Céu Claro";"Dupla";"Reta";"Não";3;0;0;0;3;0;0;2;-22,58104654;-43,99406433;"SPRF-RJ";"DEL07-RJ";"UOP02-DEL07-RJ"
520843;2023-05-03;"quarta-feira";"18:50:00";"RS";386;360;"ESTRELA";"Avarias e/ou desgaste excessivo no pneu";"Saída de leito carroçável";"Com Vítimas Feridas";"Plena Noite";"Decrescente";"Chuva";"Dupla";"Reta";"Não";5;0;2;0;3;0;2;4;-29,5476;-51,908142;"SPRF-RS";"DEL04-RS";"UOP02-DEL04-RS"
520844;2023-04-08;"sábado";"17:30:00";"SC";470;47;"GASPAR";"Transitar na contramão";"Colisão frontal";"Com Vítimas Fatais";"Pleno dia";"Crescente";"Nublado";"Simples";"Curva;Em Obras";"Sim";3;1;0;0;1;1;0;3;-26,864044;-49,046516;"SPRF-SC";"DEL04-SC";"UOP01-DEL04-SC"
520850;2023-05-03;"quarta-feira";"18:45:00";"SC";101;29;"JOINVILLE";"Manobra de mudança de faixa";"Colisão lateral mesmo sentido";"Com Vítimas Feridas";"Anoitecer";"Crescente";"Céu Claro";"Dupla";"Reta";"Não";3;0;1;0;1;1;1;3;-26,20697505;-48,91482635;"SPRF-SC";"DEL03-SC";"UOP01-DEL03-SC"
520853;2023-05-03;"quarta-feira";"18:50:00";"SC";282;580,4;"PINHALZINHO";"Demais falhas mecânicas ou elétricas";"Colisão traseira";"Com Vítimas Feridas";"Plena Noite";"Decrescente";"Garoa/Chuvisco";"Simples";"Reta";"Sim";3;0;1;0;1;2;1;4;-26,832148;-52,994308;"SPRF-SC";"DEL07-SC";"UOP02-DEL07-SC"