"id";"data_inversa";"dia_semana";"horario";"uf";"br";"km";"municipio";"causa_acidente";"tipo_acidente";"classificacao_acidente";"fase_dia";"sentido_via";"condicao_metereologica";"tipo_pista";"tracado_via";"uso_solo";"pessoas";"mortos";"feridos_leves";"feridos_graves";"ilesos";"ignorados";"feridos";"veiculos";"latitude";"longitude";"regional";"delegacia";"uop"
521182;2023-05-05;"sexta-feira";"14:55:00";"MG";381;639;"SANTO ANTONIO DO AMPARO";"Condutor Dormindo";"Colisão frontal";"Com Vítimas Fatais";"Pleno dia";"Crescente";"Céu Claro";"Dupla";"Reta";"Não";7;1;4;1;0;1;5;4;-20,91429316;-44,86508575;"SPRF-MG";"DEL04-MG";"UOP01-DEL04-MG"
521183;2023-04-15;"sábado";"05:30:00";"PI";343;343;"TERESINA";"Ultrapassagem Indevida";"Colisão lateral mesmo sentido";"Com Vítimas Feridas";"Amanhecer";"Crescente";"Ignorado";"Simples";"Reta";"Sim";4;0;0;2;1;1;2;3;-5,087362;-42,757851;"SPRF-PI";"DEL01-PI";"UOP01-DEL01-PI"
521186;2023-05-05;"sexta-feira";"14:40:00";"BA";324;558;"SAO SEBASTIAO DO PASSE";"Velocidade Incompatível";"Colisão traseira";"Com Vítimas Feridas";"Pleno dia";"Crescente";"Céu Claro";"Dupla";"Reta";"Não";3;0;2;0;1;0;2;2;-12,4818251486;-38,6680801088;"SPRF-BA";"DEL01-BA";"UOP03-DEL01-BA"
521187;2023-05-05;"sexta-feira";"16:26:00";"SP";116;426;"JUQUIA";"Acessar a via sem observar a presença dos outros veículos";"Colisão lateral mesmo sentido";"Sem Vítimas";"Pleno dia";"Crescente";"Céu Claro";"Dupla";"Reta";"Não";2;0;0;0;2;0;0;2;-24,38735659;-47,7169352;"SPRF-SP";"DEL05-SP";"UOP01-DEL05-SP"
521188;2023-05-05;"sexta-feira";"15:30:00";"MG";50;178,7;"UBERABA";"Ausência de reação do condutor";"Engavetamento";"Com Vítimas Feridas";"Pleno dia";"Decrescente";"Sol";"Dupla";"Em Obras;Declive;Reta";"Não";5;0;1;0;4;0;1;5;-19,77896821;-47,94093599;"SPRF-MG";"DEL13-MG";"UOP01-DEL13-MG"
521191;2023-05-05;"sexta-feira";"16:00:00";"SC";101;38;"JOINVILLE";"Desrespeitar a preferência no cruzamento";"Colisão transversal";"Com Vítimas Feridas";"Pleno dia";"Crescente";"Céu Claro";"Múltipla";"Interseção de Vias;Viaduto";"Sim";3;0;2;0;1;0;2;2;-26,29662403;-48,8839674;"SPRF-SC";"DEL03-SC";"UOP01-DEL03-SC"
521200;2023-02-21;"terça-feira";"04:05:00";"SC";101;33;"JOINVILLE";"Avarias e/ou desgaste excessivo no pneu";"Tombamento";"Com Vítimas Feridas";"Plena Noite";"Crescente";"Ignorado";"Múltipla";"Curva";"Sim";2;0;1;0;0;1;1;2;-26,24804386;-48,91001701;"SPRF-SC";"DEL03-SC";"UOP01-DEL03-SC"
521219;2023-05-05;"sexta-feira";"18:40:00";"RS";386;49;"SEBERI";"Acessar a via sem observar a presença dos outros veículos";"Atropelamento de Pedestre";"Com Vítimas Feridas";"Plena Noite";"Decrescente";"Céu Claro";"Simples";"Reta";"Não";4;0;0;1;2;1;1;3;-27,482555;-53,392845;"SPRF-RS";"DEL08-RS";"UOP02-DEL08-RS"
521226;2023-02-24;"sexta-feira";"19:30:00";"MG";381;438;"SABARA";"Pedestre andava na pista";"Atropelamento de Pedestre";"Com Vítimas Fatais";"Plena Noite";"Decrescente";"Céu Claro";"Simples";"Reta;Declive";"Não";4;1;0;0;1;2;0;3;-19,80934407;-43,777791;"SPRF-MG";"DEL01-MG";"UOP01-DEL01-MG"
521227;2023-05-05;"sexta-feira";"19:25:00";"PR";116;115,7;"CURITIBA";"Reação tardia ou ineficiente do condutor";"Colisão traseira";"Sem Vítimas";"Plena Noite";"Decrescente";"Céu Claro";"Múltipla";"Reta";"Sim";2;0;0;0;1;1;0;2;-25,549975;-49,304365;"SPRF-PR";"DEL01-PR";"UOP03-DEL01-PR"
521233;2023-05-05;"sexta-feira";"20:15:00";"PR";373;395;"CANDOI";"Transitar na contramão";"Colisão lateral sentido oposto";"Com Vítimas Feridas";"Plena Noite";"Crescente";"Céu Claro";"Simples";"Reta";"Não";5;0;1;1;2;2;2;5;-25,54187475;-52,01243164;"SPRF-PR";"DEL08-PR";"UOP01-DEL08-PR"
521237;2023-05-05;"sexta-feira";"19:15:00";"PR";376;224;"CAMBIRA";"Acessar a via sem observar a presença dos outros veículos";"Atropelamento de Pedestre";"Com Vítimas Fatais";"Plena Noite";"Decrescente";"Céu Claro";"Dupla";"Reta";"Não";2;1;0;0;0;1;0;2;-23,59012534;-51,57481471;"SPRF-PR";"DEL07-PR";"UOP03-DEL07-PR"
521238;2023-05-05;"sexta-feira";"18:55:00";"PR";476;272,7;"SAO MATEUS DO SUL";"Velocidade Incompatível";"Colisão frontal";"Com Vítimas Feridas";"Plena Noite";"Crescente";"Nublado";"Simples";"Curva;Aclive";"Não";6;0;2;1;2;1;3;5;-25,894651;-50,358723;"SPRF-PR";"DEL02-PR";"UOP03-DEL02-PR"
521249;2023-05-05;"sexta-feira";"15:21:00";"MT";158;95;"CONFRESA";"Velocidade Incompatível";"Tombamento";"Com Vítimas Feridas";"Pleno dia";"Decrescente";"Céu Claro";"Simples";"Reta;Declive";"Não";1;0;1;0;0;0;1;1;-10,36838606;-51,29648596;"SPRF-MT";"DEL07-MT";"NPF/DEL07-MT"
521261;2023-05-05;"sexta-feira";"22:00:00";"SP";381;10;"VARGEM";"Ausência de reação do condutor";"Colisão traseira";"Sem Vítimas";"Plena Noite";"Decrescente";"Céu Claro";"Dupla";"Reta;Aclive";"Não";2;0;0;0;2;0;0;2;-22,92484012;-46,45148277;"SPRF-SP";"DEL03-SP";"UOP02-DEL03-SP"
521265;2023-05-05;"sexta-feira";"22:35:00";"PR";476;275,9;"SAO MATEUS DO SUL";"Ingestão de álcool pelo condutor";"Colisão lateral sentido oposto";"Sem Vítimas";"Plena Noite";"Crescente";"Céu Claro";"Simples";"Reta;Ponte";"Sim";3;0;0;0;2;2;0;4;-25,878653;-50,384746;"SPRF-PR";"DEL02-PR";"UOP03-DEL02-PR"
521266;2023-05-05;"sexta-feira";"22:00:00";"PE";423;110,4;"GARANHUNS";"Velocidade Incompatível";"Colisão traseira";"Com Vítimas Fatais";"Plena Noite";"Crescente";"Céu Claro";"Simples";"Reta;Aclive";"Não";3;1;0;0;1;1;0;3;-8,89077197;-36,60778501;"SPRF-PE";"DEL03-PE";"UOP01-DEL03-PE"
521268;2023-05-05;"sexta-feira";"23:05:00";"ES";101;297,5;"VIANA";"Acessar a via sem observar a presença dos outros veículos";"Colisão transversal";"Com Vítimas Fatais";"Plena Noite";"Crescente";"Céu Claro";"Dupla";"Reta";"Sim";2;1;0;0;1;0;0;2;-20,35069981;-40,41296309;"SPRF-ES";"DEL01-ES";"UOP01-DEL01-ES"
521273;2023-05-05;"sexta-feira";"17:30:00";"MT";158;450,8;"RIBEIRAO CASCALHEIRA";"Demais falhas mecânicas ou elétricas";"Incêndio";"Sem Vítimas";"Anoitecer";"Crescente";"Céu Claro";"Simples";"Reta;Declive";"Não";2;0;0;0;1;2;0;3;-13,115553;-51,92314094;"SPRF-MT";"DEL07-MT";"UOP02-DEL07-MT"
521278;2023-05-05;"sexta-feira";"21:40:00";"PB";230;277;"SANTA LUZIA";"Ingestão de álcool pelo condutor";"Colisão frontal";"Sem Vítimas";"Plena Noite";"Crescente";"Céu Claro";"Simples";"Reta;Aclive";"Não";3;0;0;0;2;1;0;3;-6,9579;-36,8398;"SPRF-PB";"DEL03-PB";"UOP01-DEL03-PB"
521279;2023-05-05;"sexta-feira";"21:45:00";"SC";282;408,6;"CATANDUVAS";"Ultrapassagem Indevida";"Colisão transversal";"Com Vítimas Fatais";"Plena Noite";"Crescente";"Céu Claro";"Simples";"Reta";"Não";5;1;0;1;2;1;1;4;-27,07876798;-51,66333675;"SPRF-SC";"DEL07-SC";"UOP05-DEL07-SC"
521282;2023-05-06;"sábado";"00:11:00";"RN";101;69,3;"SERRA CAIADA";"Transitar na contramão";"Colisão frontal";"Com Vítimas Feridas";"Plena Noite";"Crescente";"Chuva";"Simples";"Curva";"Sim";2;0;0;1;1;0;1;2;-6,110778;-35,71174;"SPRF-RN";"DEL02-RN";"UOP01-DEL02-RN"
521284;2023-05-06;"sábado";"00:45:00";"RJ";116;295;"BARRA MANSA";"Ausência de reação do condutor";"Colisão traseira";"Com Vítimas Feridas";"Plena Noite";"Crescente";"Ignorado";"Dupla";"Reta";"Sim";3;0;0;1;0;2;1;3;-22,45013044;-44,3107408;"SPRF-RJ";"DEL07-RJ";"UOP02-DEL07-RJ"
521295;2023-05-06;"sábado";"03:00:00";"PR";116;64;"CAMPINA GRANDE DO SUL";"Condutor Dormindo";"Colisão traseira";"Com Vítimas Feridas";"Plena Noite";"Crescente";"Chuva";"Dupla";"Reta";"Não";3;0;0;1;1;3;1;5;-25,30617192;-48,99337399;"SPRF-PR";"DEL01-PR";"UOP02-DEL01-PR"
521297;2023-05-06;"sábado";"03:00:00";"PR";277;612;"SANTA TEREZA DO OESTE";"Acessar a via sem observar a presença dos outros veículos";"Colisão transversal";"Sem Vítimas";"Plena Noite";"Decrescente";"Céu Claro";"Simples";"Retorno Regulamentado;Reta";"Sim";2;0;0;0;1;1;0;2;-25,05631922;-53,64042585;"SPRF-PR";"DEL05-PR";"UOP02-DEL05-PR"
521299;2023-05-06;"sábado";"03:20:00";"CE";116;176,4;"RUSSAS";"Condutor Dormindo";"Colisão frontal";"Com Vítimas Fatais";"Plena Noite";"Crescente";"Céu Claro";"Simples";"Reta";"Não";2;1;0;0;0;1;0;2;-5,01875184;-38,05602007;"SPRF-CE";"DEL03-CE";"UOP01-DEL03-CE"
521303;2023-05-06;"sábado";"02:40:00";"SP";116;32,5;"CRUZEIRO";"Ingestão de álcool pelo condutor";"Derramamento de carga";"Sem Vítimas";"Plena Noite";"Crescente";"Céu Claro";"Dupla";"Reta;Declive";"Não";2;0;0;0;1;1;0;2;-22,6422031;-44,94731891;"SPRF-SP";"DEL08-SP";"UOP02-DEL08-SP"
521321;2023-04-24;"segunda-feira";"15:45:00";"RS";116;265;"CANOAS";"Condutor deixou de manter distância do veículo da frente";"Colisão traseira";"Com Vítimas Feridas";"Pleno dia";"Decrescente";"Céu Claro";"Dupla";"Reta";"Sim";4;0;0;1;2;1;1;4;-29,92342302;-51,17780944;"SPRF-RS";"DEL01-RS";"UOP01-DEL01-RS"
521322;2023-05-06;"sábado";"03:00:00";"SP";116;125,9;"CACAPAVA";"Ingestão de álcool pelo condutor";"Colisão traseira";"Sem Vítimas";"Amanhecer";"Crescente";"Céu Claro";"Dupla";"Reta;Aclive";"Não";3;0;0;0;3;0;0;3;-23,10037708;-45,68879054;"SPRF-SP";"DEL02-SP";"UOP02-DEL02-SP"
521325;2023-05-06;"sábado";"07:00:00";"MG";262;801;"UBERABA";"Reação tardia ou ineficiente do condutor";"Colisão traseira";"Com Vítimas Feridas";"Pleno dia";"Crescente";"Céu Claro";"Dupla";"Reta;Aclive";"Sim";4;0;0;1;1;2;1;4;-19,77920263;-47,955319;"SPRF-MG";"DEL13-MG";"UOP01-DEL13-MG"
521326;2023-04-23;"domingo";"20:00:00";"MG";262;376,9;"JUATUBA";"Ausência de reação do condutor";"Colisão com objeto";"Sem Vítimas";"Plena Noite";"Decrescente";"Céu Claro";"Dupla";"Reta";"Sim";3;0;0;0;3;0;0;3;-19,93066958;-44,40330505;"SPRF-MG";"DEL01-MG";"UOP03-DEL01-MG"
521337;2023-05-06;"sábado";"07:35:00";"RJ";116;199;"QUEIMADOS";"Acessar a via sem observar a presença dos outros veículos";"Atropelamento de Pedestre";"Com Vítimas Fatais";"Pleno dia";"Decrescente";"Nublado";"Múltipla";"Reta";"Sim";2;1;0;0;1;0;0;2;-22,72898648;-43,58452101;"SPRF-RJ";"DEL01-RJ";"UOP03-DEL01-RJ"
521338;2023-05-06;"sábado";"07:50:00";"MG";116;582,3;"MANHUACU";"Velocidade Incompatível";"Tombamento";"Com Vítimas Feridas";"Pleno dia";"Decrescente";"Céu Claro";"Simples";"Declive;Curva";"Não";1;0;0;1;0;0;1;1;-20,22425596;-42,17832349;"SPRF-MG";"DEL06-MG";"UOP03-DEL06-MG"
521343;2023-05-06;"sábado";"08:20:00";"RS";158;328;"SANTA MARIA";"Avarias e/ou desgaste excessivo no pneu";"Colisão frontal";"Com Vítimas Feridas";"Pleno dia";"Decrescente";"Nublado";"Simples";"Reta";"Sim";3;0;0;2;1;0;2;3;-29,70818028;-53,82567465;"SPRF-RS";"DEL09-RS";"UOP01-DEL09-RS"
521346;2023-05-06;"sábado";"07:00:00";"MA";135;241;"PERITORO";"Pista esburacada";"Capotamento";"Sem Vítimas";"Pleno dia";"Decrescente";"Sol";"Simples";"Reta";"Não";2;0;0;0;1;3;0;4;-4,49480504;-44,35849412;"SPRF-MA";"DEL03-MA";"UOP01-DEL03-MA"
521349;2023-05-06;"sábado";"06:45:00";"CE";222;245,1;"SOBRAL";"Ultrapassagem Indevida";"Colisão traseira";"Com Vítimas Feridas";"Pleno dia";"Decrescente";"Céu Claro";"Simples";"Curva";"Não";4;0;0;1;2;1;1;4;-3,75864341;-40,52289963;"SPRF-CE";"DEL04-CE";"UOP01-DEL04-CE"
521354;2023-05-06;"sábado";"07:15:00";"PR";277;488,3;"NOVA LARANJEIRAS";"Condutor usando celular";"Saída de leito carroçável";"Sem Vítimas";"Pleno dia";"Crescente";"Céu Claro";"Simples";"Reta;Aclive";"Não";2;0;0;0;1;1;0;2;-25,24942715;-52,6289131;"SPRF-PR";"DEL04-PR";"UOP02-DEL04-PR"
521355;2023-05-06;"sábado";"09:40:00";"PR";373;173;"PONTA GROSSA";"Ausência de reação do condutor";"Colisão lateral mesmo sentido";"Com Vítimas Feridas";"Pleno dia";"Decrescente";"Céu Claro";"Dupla";"Retorno Regulamentado;Curva";"Sim";2;0;1;0;1;0;1;2;-25,0805653;-50,20175905;"SPRF-PR";"DEL03-PR";"UOP01-DEL03-PR"
521357;2023-05-06;"sábado";"06:40:00";"RS";158;112,4;"PALMEIRA DAS MISSOES";"Reação tardia ou ineficiente do condutor";"Capotamento";"Sem Vítimas";"Amanhecer";"Crescente";"Nevoeiro/Neblina";"Simples";"Reta";"Não";3;0;0;0;1;4;0;5;-27,99855898;-53,33562102;"SPRF-RS";"DEL08-RS";"UOP01-DEL08-RS"
521359;2023-05-06;"sábado";"10:30:00";"PR";373;223;"IMBITUVA";"Reação tardia ou ineficiente do condutor";"Colisão traseira";"Com Vítimas Feridas";"Pleno dia";"Crescente";"Céu Claro";"Simples";"Rotatória;Reta;Declive";"Não";4;0;1;0;3;0;1;2;-25,17835987;-50,60094493;"SPRF-PR";"DEL03-PR";"UOP01-DEL03-PR"
521364;2023-05-06;"sábado";"11:45:00";"PR";376;189,5;"MARIALVA";"Animais na Pista";"Colisão traseira";"Sem Vítimas";"Pleno dia";"Decrescente";"Céu Claro";"Dupla";"Reta";"Não";3;0;0;0;3;0;0;2;-23,47017473;-51,82225227;"SPRF-PR";"DEL09-PR";"UOP01-DEL09-PR"
521365;2023-05-06;"sábado";"08:30:00";"PR";476;57,2;"TUNAS DO PARANA";"Reação tardia ou ineficiente do condutor";"Saída de leito carroçável";"Com Vítimas Feridas";"Pleno dia";"Decrescente";"Céu Claro";"Simples";"Curva";"Não";2;0;0;1;0;1;1;2;-24,9843;-49,086898;"SPRF-PR";"DEL01-PR";"UOP01-DEL01-PR"
521373;2023-05-06;"sábado";"12:00:00";"SP";381;90;"GUARULHOS";"Reação tardia ou ineficiente do condutor";"Colisão traseira";"Com Vítimas Feridas";"Pleno dia";"Crescente";"Céu Claro";"Dupla";"Reta;Interseção de Vias";"Sim";2;0;1;0;1;0;1;2;-23,49479479;-46,55959864;"SPRF-SP";"DEL03-SP";"UOP01-DEL03-SP"
521375;2023-05-06;"sábado";"11:45:00";"SC";101;31,1;"JOINVILLE";"Manobra de mudança de faixa";"Colisão com objeto";"Com Vítimas Feridas";"Pleno dia";"Crescente";"Céu Claro";"Dupla";"Reta";"Sim";4;0;1;0;2;1;1;3;-26,22195899;-48,91634925;"SPRF-SC";"DEL03-SC";"UOP01-DEL03-SC"
521378;2023-05-06;"sábado";"11:40:00";"SC";101;213;"PALHOCA";"Acumulo de areia ou detritos sobre o pavimento";"Derramamento de carga";"Com Vítimas Feridas";"Pleno dia";"Decrescente";"Céu Claro";"Dupla";"Reta";"Sim";3;0;1;0;1;2;1;4;-27,64327581;-48,66951942;"SPRF-SC";"DEL01-SC";"UOP02-DEL01-SC"
521386;2023-05-06;"sábado";"11:10:00";"BA";101;504;"ITABUNA";"Velocidade Incompatível";"Colisão traseira";"Com Vítimas Fatais";"Pleno dia";"Crescente";"Céu Claro";"Simples";"Declive";"Sim";3;1;1;0;1;0;1;2;-14,78246275;-39,28981489;"SPRF-BA";"DEL05-BA";"UOP01-DEL05-BA"
521387;2023-05-06;"sábado";"13:30:00";"RJ";40;124;"RIO DE JANEIRO";"Ausência de sinalização";"Colisão traseira";"Com Vítimas Feridas";"Pleno dia";"Crescente";"Céu Claro";"Múltipla";"Reta";"Sim";2;0;0;1;1;0;1;2;-22,807953;-43,289124;"SPRF-RJ";"DEL01-RJ";"UOP01-DEL01-RJ"
521390;2023-05-06;"sábado";"08:20:00";"MG";262;27,5;"REDUTO";"Acessar a via sem observar a presença dos outros veículos";"Colisão transversal";"Com Vítimas Feridas";"Pleno dia";"Crescente";"Sol";"Simples";"Reta";"Não";2;0;1;0;1;0;1;2;-20,243266;-41,97278;"SPRF-MG";"DEL06-MG";"UOP03-DEL06-MG"
521393;2023-05-06;"sábado";"14:22:00";"MA";226;313;"BARRA DO CORDA";"Demais falhas mecânicas ou elétricas";"Tombamento";"Sem Vítimas";"Pleno dia";"Decrescente";"Céu Claro";"Simples";"Declive";"Não";1;0;0;0;0;1;0;1;-5,45239279;-45,29276064;"SPRF-MA";"DEL06-MA";"UOP01-DEL06-MA"
521401;2023-05-06;"sábado";"08:00:00";"PR";376;364;"ORTIGUEIRA";"Reação tardia ou ineficiente do condutor";"Saída de leito carroçável";"Com Vítimas Feridas";"Pleno dia";"Crescente";"Céu Claro";"Simples";"Reta;Aclive";"Não";3;0;2;0;0;2;2;3;-24,33855503;-50,83188503;"SPRF-PR";"DEL07-PR";"UOP02-DEL07-PR"
521404;2023-05-06;"sábado";"07:30:00";"PE";101;89;"JABOATAO DOS GUARARAPES";"Acessar a via sem observar a presença dos outros veículos";"Tombamento";"Sem Vítimas";"Pleno dia";"Crescente";"Céu Claro";"Simples";"Curva;Aclive;Viaduto;Retorno Regulamentado";"Não";3;0;0;0;0;3;0;3;-8,20760697;-34,98372005;"SPRF-PE";"DEL01-PE";"UOP01-DEL01-PE"
521405;2023-05-06;"sábado";"15:10:00";"PI";343;3,8;"TERESINA";"Desrespeitar a preferência no cruzamento";"Colisão transversal";"Com Vítimas Feridas";"Pleno dia";"Crescente";"Céu Claro";"Dupla";"Reta;Interseção de Vias";"Sim";2;0;1;0;1;0;1;2;-5,08036444;-42,78361559;"SPRF-PI";"DEL05-PI";"UOP01-DEL05-PI"
521410;2023-05-06;"sábado";"15:00:00";"PE";232;416,9;"SERRA TALHADA";"Ultrapassagem Indevida";"Colisão lateral mesmo sentido";"Com Vítimas Fatais";"Pleno dia";"Decrescente";"Sol";"Simples";"Curva";"Não";4;1;0;0;2;2;0;5;-7,99977297;-38,35316401;"SPRF-PE";"DEL04-PE";"UOP01-DEL04-PE"
521417;2023-05-06;"sábado";"16:15:00";"RS";287;283;"SAO PEDRO DO SUL";"Pedestre cruzava a pista fora da faixa";"Atropelamento de Pedestre";"Com Vítimas Feridas";"Pleno dia";"Crescente";"Garoa/Chuvisco";"Simples";"Reta";"Não";4;0;0;1;1;3;1;4;-29,63555746;-54,19978798;"SPRF-RS";"DEL09-RS";"UOP01-DEL09-RS"
521422;2023-05-06;"sábado";"15:20:00";"RJ";493;96;"SEROPEDICA";"Velocidade Incompatível";"Tombamento";"Com Vítimas Feridas";"Pleno dia";"Decrescente";"Céu Claro";"Múltipla";"Curva";"Não";1;0;1;0;0;0;1;1;-22,71768602;-43,70799065;"SPRF-RJ";"DEL03-RJ";"UOP01-DEL03-RJ"
521423;2023-05-06;"sábado";"15:54:00";"SC";101;136;"BALNEARIO CAMBORIU";"Velocidade Incompatível";"Colisão traseira";"Com Vítimas Fatais";"Pleno dia";"Decrescente";"Céu Claro";"Múltipla";"Curva";"Sim";5;1;1;1;1;2;2;6;-27,008113;-48,617245;"SPRF-SC";"DEL04-SC";"UOP03-DEL04-SC"
521428;2023-05-06;"sábado";"17:10:00";"PR";116;47,5;"CAMPINA GRANDE DO SUL";"Velocidade Incompatível";"Tombamento";"Com Vítimas Feridas";"Pleno dia";"Crescente";"Céu Claro";"Dupla";"Retorno Regulamentado;Interseção de Vias;Curva";"Não";4;0;0;1;1;2;1;4;-25,214942;-48,902374;"SPRF-PR";"DEL01-PR";"UOP02-DEL01-PR"
521430;2023-05-06;"sábado";"16:00:00";"MS";262;99;"TRES LAGOAS";"Reação tardia ou ineficiente do condutor";"Colisão lateral sentido oposto";"Com Vítimas Feridas";"Anoitecer";"Decrescente";"Céu Claro";"Simples";"Aclive;Curva";"Não";4;0;0;1;2;2;1;4;-20,56755838;-52,48375033;"SPRF-MS";"DEL07-MS";"UOP02-DEL07-MS"
521436;2023-05-06;"sábado";"11:30:00";"PR";373;183,4;"PONTA GROSSA";"Velocidade Incompatível";"Saída de leito carroçável";"Com Vítimas Feridas";"Pleno dia";"Crescente";"Céu Claro";"Simples";"Interseção de Vias";"Não";2;0;1;0;0;1;1;2;-25,0394352;-50,28066874;"SPRF-PR";"DEL03-PR";"UOP01-DEL03-PR"
521439;2023-05-06;"sábado";"16:57:00";"MT";163;744;"SORRISO";"Reação tardia ou ineficiente do condutor";"Colisão transversal";"Com Vítimas Feridas";"Pleno dia";"Crescente";"Céu Claro";"Simples";"Reta";"Não";3;0;0;1;1;1;1;3;-12,71577635;-55,82368745;"SPRF-MT";"DEL06-MT";"UOP01-DEL06-MT"
521443;2023-05-06;"sábado";"06:57:00";"PA";163;622;"TRAIRAO";"Velocidade Incompatível";"Tombamento";"Com Vítimas Feridas";"Amanhecer";"Crescente";"Céu Claro";"Simples";"Curva";"Não";2;0;1;0;0;3;1;4;-4,71904094;-56,01445115;"SPRF-PA";"DEL05-PA";"UOP02-DEL05-PA"
521444;2023-05-06;"sábado";"18:15:00";"RS";285;383,3;"SANTA BARBARA DO SUL";"Manobra de mudança de faixa";"Colisão frontal";"Com Vítimas Fatais";"Plena Noite";"Decrescente";"Chuva";"Simples";"Curva";"Não";3;1;1;0;0;1;1;3;-28,432428;-53,181538;"SPRF-RS";"DEL10-RS";"UOP02-DEL10-RS"
521462;2023-05-06;"sábado";"18:13:00";"SC";101;429,7;"SOMBRIO";"Ultrapassagem Indevida";"Colisão lateral sentido oposto";"Com Vítimas Feridas";"Plena Noite";"Decrescente";"Céu Claro";"Simples";"Interseção de Vias;Declive";"Não";5;0;1;0;3;2;1;4;-29,04753891;-49,61825012;"SPRF-SC";"DEL02-SC";"UOP02-DEL02-SC"
521463;2023-05-06;"sábado";"20:00:00";"PE";104;59;"CARUARU";"Manobra de mudança de faixa";"Colisão lateral mesmo sentido";"Sem Vítimas";"Pleno dia";"Decrescente";"Céu Claro";"Dupla";"Reta";"Sim";2;0;0;0;2;0;0;2;-8,2349;-35,9764;"SPRF-PE";"DEL02-PE";"UOP01-DEL02-PE"
521468;2023-05-06;"sábado";"21:00:00";"ES";262;26;"VIANA";"Transitar na contramão";"Colisão frontal";"Com Vítimas Feridas";"Plena Noite";"Decrescente";"Céu Claro";"Simples";"Reta";"Não";2;0;2;0;0;0;2;2;-20,38041768;-40,54402517;"SPRF-ES";"DEL01-ES";"UOP01-DEL01-ES"
521470;2023-05-06;"sábado";"15:20:00";"MA";226;217;"TUNTUM";"Demais falhas mecânicas ou elétricas";"Colisão com objeto";"Com Vítimas Feridas";"Pleno dia";"Decrescente";"Céu Claro";"Simples";"Aclive";"Sim";2;0;1;0;0;1;1;2;-5,32145717;-44,59952498;"SPRF-MA";"DEL06-MA";"UOP01-DEL06-MA"
521472;2023-05-06;"sábado";"20:30:00";"PR";153;346;"REBOUCAS";"Ingestão de álcool pelo condutor";"Colisão frontal";"Com Vítimas Feridas";"Plena Noite";"Crescente";"Céu Claro";"Simples";"Reta";"Não";2;0;0;1;1;0;1;2;-25,57868796;-50,68170412;"SPRF-PR";"DEL08-PR";"UOP02-DEL08-PR"
521490;2023-05-06;"sábado";"18:48:00";"TO";153;511,4;"PUGMIL";"Ultrapassagem Indevida";"Colisão frontal";"Com Vítimas Fatais";"Plena Noite";"Crescente";"Céu Claro";"Simples";"Reta";"Não";3;1;0;0;1;1;0;3;-10,31741036;-48,88614535;"SPRF-TO";"DEL01-TO";"UOP01-DEL01-TO"
521504;2023-05-06;"sábado";"20:40:00";"MS";163;49;"ELDORADO";"Ausência de reação do condutor";"Colisão traseira";"Com Vítimas Feridas";"Plena Noite";"Crescente";"Céu Claro";"Simples";"Reta;Aclive";"Não";3;0;0;1;1;3;1;5;-23,71390594;-54,2707482;"SPRF-MS";"DEL09-MS";"UOP02-DEL09-MS"
521511;2023-05-06;"sábado";"21:00:00";"MA";135;143,2;"MATOES DO NORTE";"Transitar na contramão";"Colisão frontal";"Com Vítimas Feridas";"Plena Noite";"Crescente";"Céu Claro";"Simples";"Reta";"Não";5;0;3;1;0;1;4;3;-3,6980608;-44,51953058;"SPRF-MA";"DEL01-MA";"UOP02-DEL01-MA"
521552;2023-05-07;"domingo";"06:15:00";"SC";101;151;"ITAPEMA";"Manobra de mudança de faixa";"Colisão lateral mesmo sentido";"Com Vítimas Feridas";"Pleno dia";"Crescente";"Céu Claro";"Múltipla";"Reta";"Sim";7;0;0;4;2;1;4;4;-27,126536;-48,609642;"SPRF-SC";"DEL04-SC";"UOP03-DEL04-SC"
521561;2023-05-07;"domingo";"05:30:00";"MG";116;16,8;"CACHOEIRA DE PAJEU";"Reação tardia ou ineficiente do condutor";"Colisão transversal";"Com Vítimas Fatais";"Amanhecer";"Decrescente";"Nevoeiro/Neblina";"Simples";"Curva";"Não";5;1;0;1;2;1;1;4;-15,81769104;-41,38754395;"SPRF-BA";"DEL08-BA";"UOP03-DEL08-BA"
521562;2023-05-04;"quinta-feira";"04:00:00";"SP";116;472;"JACUPIRANGA";"Entrada inopinada do pedestre";"Atropelamento de Pedestre";"Com Vítimas Fatais";"Plena Noite";"Crescente";"Nevoeiro/Neblina";"Dupla";"Reta";"Não";4;1;0;0;3;0;0;3;-24,6649709;-47,9738381;"SPRF-SP";"DEL05-SP";"UOP01-DEL05-SP"
521573;2023-05-07;"domingo";"08:40:00";"SC";101;330;"TUBARAO";"Velocidade Incompatível";"Colisão com objeto";"Com Vítimas Feridas";"Pleno dia";"Decrescente";"Céu Claro";"Dupla";"Reta";"Não";7;0;1;0;5;1;1;4;-28,45115639;-48,97286879;"SPRF-SC";"DEL02-SC";"UOP01-DEL02-SC"
521575;2023-05-07;"domingo";"09:30:00";"PR";153;463,7;"PORTO VITORIA";"Transitar na contramão";"Colisão frontal";"Com Vítimas Fatais";"Pleno dia";"Crescente";"Sol";"Simples";"Reta";"Não";3;1;0;0;1;1;0;3;-26,23600679;-51,15485737;"SPRF-PR";"DEL02-PR";"UOP03-DEL02-PR"
521576;2023-05-07;"domingo";"10:00:00";"AL";101;107;"PILAR";"Velocidade Incompatível";"Tombamento";"Com Vítimas Feridas";"Pleno dia";"Crescente";"Céu Claro";"Dupla";"Curva";"Não";2;0;0;1;0;1;1;2;-9,59200401;-36,00249993;"SPRF-AL";"DEL02-AL";"UOP01-DEL02-AL"