"id";"data_inversa";"dia_semana";"horario";"uf";"br";"km";"municipio";"causa_acidente";"tipo_acidente";"classificacao_acidente";"fase_dia";"sentido_via";"condicao_metereologica";"tipo_pista";"tracado_via";"uso_solo";"pessoas";"mortos";"feridos_leves";"feridos_graves";"ilesos";"ignorados";"feridos";"veiculos";"latitude";"longitude";"regional";"delegacia";"uop"
521579;2023-05-07;"domingo";"10:50:00";"RJ";393;267;"BARRA DO PIRAI";"Demais falhas na via";"Colisão lateral mesmo sentido";"Sem Vítimas";"Pleno dia";"Crescente";"Céu Claro";"Simples";"Reta";"Não";4;0;0;0;3;2;0;4;-22,48615925;-43,90037496;"SPRF-RJ";"DEL05-RJ";"UOP04-DEL05-RJ"
521583;2023-05-07;"domingo";"06:35:00";"RO";364;287;"PRESIDENTE MEDICI";"Reação tardia ou ineficiente do condutor";"Tombamento";"Com Vítimas Feridas";"Pleno dia";"Crescente";"Céu Claro";"Simples";"Reta";"Não";2;0;1;0;0;2;1;3;-11,34919223;-61,85808927;"SPRF-RO";"DEL02-RO";"UOP01-DEL02-RO"
521586;2023-05-07;"domingo";"04:00:00";"MT";158;629;"AGUA BOA";"Falta de acostamento";"Tombamento";"Com Vítimas Feridas";"Plena Noite";"Crescente";"Céu Claro";"Simples";"Reta";"Não";1;0;1;0;0;0;1;1;-14,52498911;-52,30291179;"SPRF-MT";"DEL07-MT";"UOP02-DEL07-MT"
521588;2023-05-07;"domingo";"06:00:00";"SC";116;118;"SANTA CECILIA";"Neblina";"Colisão traseira";"Com Vítimas Feridas";"Amanhecer";"Crescente";"Nevoeiro/Neblina";"Simples";"Aclive";"Não";2;0;1;0;0;1;1;2;-26,82166766;-50,35753411;"SPRF-SC";"DEL06-SC";"UOP02-DEL06-SC"
521591;2023-05-07;"domingo";"11:30:00";"MT";163;543,1;"DIAMANTINO";"Transitar na contramão";"Colisão frontal";"Com Vítimas Feridas";"Pleno dia";"Crescente";"Céu Claro";"Simples";"Reta";"Não";3;0;0;1;2;0;1;2;-14,34988045;-56,14940643;"SPRF-MT";"DEL01-MT";"UOP01-DEL01-MT"
521593;2023-05-07;"domingo";"13:00:00";"MG";251;517,2;"MONTES CLAROS";"Reação tardia ou ineficiente do condutor";"Colisão traseira";"Com Vítimas Feridas";"Pleno dia";"Decrescente";"Sol";"Simples";"Reta";"Não";4;0;1;0;2;2;1;4;-16,66154421;-43,76055398;"SPRF-MG";"DEL12-MG";"UOP02-DEL12-MG"
521596;2023-05-07;"domingo";"13:20:00";"GO";452;183,1;"ITUMBIARA";"Acessar a via sem observar a presença dos outros veículos";"Colisão traseira";"Com Vítimas Feridas";"Pleno dia";"Decrescente";"Nublado";"Simples";"Reta";"Não";3;0;0;2;1;0;2;2;-18,39182893;-49,33487393;"SPRF-GO";"DEL03-GO";"UOP02-DEL03-GO"
521598;2023-05-07;"domingo";"13:00:00";"MS";262;711;"CORUMBA";"Demais falhas mecânicas ou elétricas";"Incêndio";"Sem Vítimas";"Pleno dia";"Crescente";"Céu Claro";"Simples";"Reta";"Não";2;0;0;0;1;1;0;2;-19,48199999;-57,42699207;"SPRF-MS";"DEL03-MS";"UOP03-DEL03-MS"
521599;2023-05-07;"domingo";"14:35:00";"MA";135;48;"BACABEIRA";"Ausência de reação do condutor";"Colisão traseira";"Com Vítimas Feridas";"Pleno dia";"Decrescente";"Céu Claro";"Dupla";"Reta;Declive";"Não";5;0;1;0;4;0;1;2;-2,94707912;-44,32733632;"SPRF-MA";"DEL01-MA";"UOP01-DEL01-MA"
521604;2023-05-07;"domingo";"10:35:00";"BA";101;421;"IBIRAPITANGA";"Velocidade Incompatível";"Colisão frontal";"Com Vítimas Feridas";"Pleno dia";"Decrescente";"Céu Claro";"Simples";"Curva";"Não";6;0;3;2;0;1;5;3;-14,13490793;-39,35802883;"SPRF-BA";"DEL05-BA";"UOP03-DEL05-BA"
521607;2023-05-07;"domingo";"16:00:00";"SP";116;290;"ITAPECERICA DA SERRA";"Manobra de mudança de faixa";"Colisão lateral mesmo sentido";"Sem Vítimas";"Pleno dia";"Crescente";"Céu Claro";"Dupla";"Reta";"Não";8;0;0;0;6;3;0;4;-23,7303281;-46,89425963;"SPRF-SP";"DEL04-SP";"UOP01-DEL04-SP"
521612;2023-05-05;"sexta-feira";"18:30:00";"PR";153;502,4;"GENERAL CARNEIRO";"Condutor Dormindo";"Colisão lateral sentido oposto";"Com Vítimas Feridas";"Plena Noite";"Crescente";"Nublado";"Simples";"Reta";"Não";3;0;1;0;2;0;1;3;-26,53045638;-51,37063724;"SPRF-PR";"DEL02-PR";"UOP03-DEL02-PR"
521617;2023-05-07;"domingo";"12:15:00";"PR";277;276;"PRUDENTOPOLIS";"Manobra de mudança de faixa";"Colisão lateral mesmo sentido";"Sem Vítimas";"Pleno dia";"Decrescente";"Céu Claro";"Simples";"Aclive;Reta";"Não";2;0;0;0;2;0;0;2;-25,37484809;-50,88324199;"SPRF-PR";"DEL08-PR";"UOP02-DEL08-PR"
521623;2023-05-07;"domingo";"17:00:00";"ES";101;15;"PEDRO CANARIO";"Ingestão de álcool pelo condutor";"Colisão traseira";"Com Vítimas Fatais";"Anoitecer";"Crescente";"Céu Claro";"Simples";"Aclive;Curva";"Não";3;1;0;0;1;1;0;3;-18,29002497;-39,95475507;"SPRF-ES";"DEL04-ES";"UOP02-DEL04-ES"
521630;2023-05-07;"domingo";"14:00:00";"BA";116;256;"TUCANO";"Condutor Dormindo";"Colisão frontal";"Com Vítimas Fatais";"Pleno dia";"Decrescente";"Nublado";"Simples";"Reta;Declive";"Não";3;1;0;0;1;1;0;3;-10,82265617;-38,86792634;"SPRF-BA";"DEL07-BA";"UOP02-DEL07-BA"
521644;2023-05-07;"domingo";"18:35:00";"RS";386;8,6;"IRAI";"Ingestão de substâncias psicoativas pelo condutor";"Colisão frontal";"Com Vítimas Fatais";"Plena Noite";"Crescente";"Chuva";"Simples";"Reta";"Não";7;2;0;3;0;3;3;5;-27,20607198;-53,29615831;"SPRF-RS";"DEL08-RS";"UOP02-DEL08-RS"
521658;2023-05-07;"domingo";"21:40:00";"PR";476;152;"ARAUCARIA";"Problema na suspensão";"Tombamento";"Com Vítimas Feridas";"Plena Noite";"Decrescente";"Céu Claro";"Dupla";"Reta";"Não";2;0;1;0;0;1;1;2;-25,570036;-49,384193;"SPRF-PR";"DEL01-PR";"UOP06-DEL01-PR"
521672;2023-05-07;"domingo";"20:00:00";"MG";116;248,1;"TEOFILO OTONI";"Transitar na contramão";"Colisão frontal";"Com Vítimas Fatais";"Plena Noite";"Decrescente";"Nublado";"Simples";"Reta";"Não";3;1;0;0;1;2;0;4;-17,62703918;-41,49796168;"SPRF-MG";"DEL11-MG";"UOP01-DEL11-MG"
521674;2023-05-07;"domingo";"22:20:00";"SP";381;58;"MAIRIPORA";"Ausência de reação do condutor";"Colisão traseira";"Com Vítimas Feridas";"Plena Noite";"Crescente";"Céu Claro";"Dupla";"Reta;Aclive";"Não";2;0;1;0;0;1;1;2;-23,27438497;-46,58530615;"SPRF-SP";"DEL03-SP";"UOP01-DEL03-SP"
521675;2023-03-15;"quarta-feira";"08:45:00";"RO";364;613;"ITAPUA DO OESTE";"Demais falhas mecânicas ou elétricas";"Saída de leito carroçável";"Sem Vítimas";"Pleno dia";"Decrescente";"Céu Claro";"Simples";"Reta";"Não";2;0;0;0;1;1;0;2;-9,13450396;-63,24593296;"SPRF-RO";"DEL01-RO";"UOP04-DEL01-RO"
521699;2023-05-08;"segunda-feira";"01:15:00";"SC";101;357;"SANGAO";"Condutor Dormindo";"Tombamento";"Com Vítimas Feridas";"Plena Noite";"Crescente";"Céu Claro";"Simples";"Curva";"Não";2;0;1;0;0;1;1;2;-28,64189953;-49,10036802;"SPRF-SC";"DEL02-SC";"UOP01-DEL02-SC"
521700;2023-05-08;"segunda-feira";"02:01:00";"ES";101;223;"IBIRACU";"Transitar na contramão";"Colisão lateral sentido oposto";"Com Vítimas Feridas";"Plena Noite";"Decrescente";"Céu Claro";"Simples";"Reta";"Não";4;0;3;0;1;0;3;2;-19,87635624;-40,41496163;"SPRF-ES";"DEL02-ES";"UOP01-DEL02-ES"
521709;2023-05-08;"segunda-feira";"03:00:00";"SC";101;338;"TUBARAO";"Ausência de reação do condutor";"Tombamento";"Com Vítimas Feridas";"Plena Noite";"Crescente";"Nublado";"Dupla";"Reta";"Sim";2;0;1;0;0;1;1;2;-28,485725;-49,03726;"SPRF-SC";"DEL02-SC";"UOP01-DEL02-SC"
521712;2023-05-08;"segunda-feira";"00:30:00";"PE";232;540;"TERRA NOVA";"Transitar na contramão";"Colisão lateral sentido oposto";"Com Vítimas Feridas";"Plena Noite";"Crescente";"Céu Claro";"Simples";"Reta";"Não";2;0;0;1;0;1;1;2;-8,08314316;-39,40479496;"SPRF-PE";"DEL05-PE";"UOP01-DEL05-PE"
521713;2023-05-08;"segunda-feira";"03:00:00";"SP";116;405;"MIRACATU";"Condutor Dormindo";"Colisão traseira";"Com Vítimas Feridas";"Plena Noite";"Decrescente";"Nublado";"Dupla";"Reta";"Não";3;0;1;0;1;1;1;3;-24,32384668;-47,55013034;"SPRF-SP";"DEL04-SP";"UOP02-DEL04-SP"
521716;2023-05-08;"segunda-feira";"02:00:00";"CE";222;194,8;"FORQUILHA";"Velocidade Incompatível";"Saída de leito carroçável";"Com Vítimas Feridas";"Plena Noite";"Crescente";"Céu Claro";"Simples";"Curva";"Não";4;0;4;0;0;0;4;1;-3,80053938;-40,16395569;"SPRF-CE";"DEL04-CE";"UOP01-DEL04-CE"
521721;2023-05-08;"segunda-feira";"03:30:00";"MG";381;612;"OLIVEIRA";"Condutor Dormindo";"Colisão traseira";"Com Vítimas Feridas";"Plena Noite";"Decrescente";"Ignorado";"Múltipla";"Reta";"Não";4;0;1;0;2;1;1;3;-20,72014073;-44,76677037;"SPRF-MG";"DEL04-MG";"UOP01-DEL04-MG"
521730;2023-05-08;"segunda-feira";"06:40:00";"MG";381;591;"CARMOPOLIS DE MINAS";"Ausência de sinalização";"Colisão traseira";"Com Vítimas Feridas";"Amanhecer";"Decrescente";"Céu Claro";"Dupla";"Reta";"Não";4;0;0;2;1;1;2;3;-20,57257068;-44,68042133;"SPRF-MG";"DEL04-MG";"UOP01-DEL04-MG"
521740;2023-05-08;"segunda-feira";"06:45:00";"MG";381;504,3;"BETIM";"Demais falhas mecânicas ou elétricas";"Tombamento";"Com Vítimas Fatais";"Pleno dia";"Crescente";"Sol";"Dupla";"Reta";"Sim";4;1;0;0;1;2;0;4;-20,04164508;-44,26386697;"SPRF-MG";"DEL04-MG";"UOP03-DEL04-MG"
521753;2023-05-08;"segunda-feira";"07:15:00";"PR";376;470;"PONTA GROSSA";"Ausência de reação do condutor";"Colisão lateral mesmo sentido";"Sem Vítimas";"Pleno dia";"Decrescente";"Chuva";"Dupla";"Reta;Declive";"Não";2;0;0;0;2;0;0;2;-25,01658411;-50,33792853;"SPRF-PR";"DEL03-PR";"UOP01-DEL03-PR"
521757;2023-05-08;"segunda-feira";"07:45:00";"MT";163;403;"CUIABA";"Acessar a via sem observar a presença dos outros veículos";"Colisão transversal";"Com Vítimas Feridas";"Pleno dia";"Crescente";"Céu Claro";"Dupla";"Reta";"Sim";2;0;0;1;1;0;1;2;-15,67027135;-55,95111609;"SPRF-MT";"DEL01-MT";"UOP02-DEL01-MT"
521761;2023-05-08;"segunda-feira";"08:10:00";"MS";262;773,9;"CORUMBA";"Acessar a via sem observar a presença dos outros veículos";"Colisão frontal";"Com Vítimas Feridas";"Pleno dia";"Crescente";"Céu Claro";"Simples";"Reta;Interseção de Vias";"Não";3;0;0;1;1;1;1;3;-19,08285699;-57,62168025;"SPRF-MS";"DEL03-MS";"UOP03-DEL03-MS"
521763;2023-04-24;"segunda-feira";"00:40:00";"PR";163;165;"LINDOESTE";"Ausência de reação do condutor";"Colisão traseira";"Sem Vítimas";"Plena Noite";"Crescente";"Céu Claro";"Simples";"Reta";"Sim";2;0;0;0;1;1;0;2;-25,30029591;-53,57516624;"SPRF-PR";"DEL05-PR";"UOP05-DEL05-PR"
521775;2023-05-08;"segunda-feira";"08:35:00";"PR";277;72,3;"SAO JOSE DOS PINHAIS";"Manobra de mudança de faixa";"Saída de leito carroçável";"Com Vítimas Feridas";"Pleno dia";"Decrescente";"Céu Claro";"Dupla";"Reta";"Não";4;0;1;0;2;1;1;3;-25,52522628;-49,09755612;"SPRF-PR";"DEL01-PR";"UOP01-DEL01-PR"
521780;2023-04-01;"sábado";"09:30:00";"ES";101;178;"ARACRUZ";"Reação tardia ou ineficiente do condutor";"Colisão lateral sentido oposto";"Com Vítimas Fatais";"Pleno dia";"Crescente";"Céu Claro";"Simples";"Reta";"Não";8;1;3;0;3;1;3;3;-19,61032522;-40,20858272;"SPRF-ES";"DEL04-ES";"UOP01-DEL04-ES"
521781;2023-05-08;"segunda-feira";"11:30:00";"PR";376;644;"TIJUCAS DO SUL";"Ausência de reação do condutor";"Tombamento";"Com Vítimas Feridas";"Pleno dia";"Crescente";"Nublado";"Dupla";"Curva";"Sim";4;0;1;1;1;2;2;3;-25,81419584;-49,13167969;"SPRF-PR";"DEL01-PR";"UOP04-DEL01-PR"
521782;2023-05-08;"segunda-feira";"08:30:00";"SC";280;225;"TRES BARRAS";"Reação tardia ou ineficiente do condutor";"Colisão traseira";"Com Vítimas Feridas";"Pleno dia";"Crescente";"Céu Claro";"Simples";"Reta;Declive;Em Obras";"Não";4;0;1;0;2;1;1;3;-26,17875971;-50,31308811;"SPRF-SC";"DEL06-SC";"UOP04-DEL06-SC"
521786;2023-05-08;"segunda-feira";"12:00:00";"PR";376;491,8;"PONTA GROSSA";"Reação tardia ou ineficiente do condutor";"Colisão traseira";"Com Vítimas Feridas";"Pleno dia";"Crescente";"Nublado";"Dupla";"Reta";"Não";4;0;1;0;2;3;1;6;-25,11430591;-50,18777311;"SPRF-PR";"DEL03-PR";"UOP04-DEL03-PR"
521787;2023-04-22;"sábado";"18:45:00";"PE";101;83;"JABOATAO DOS GUARARAPES";"Acessar a via sem observar a presença dos outros veículos";"Colisão transversal";"Com Vítimas Feridas";"Plena Noite";"Crescente";"Chuva";"Dupla";"Reta;Retorno Regulamentado";"Sim";3;0;1;0;1;1;1;3;-8,175172;-34,942642;"SPRF-PE";"DEL01-PE";"UOP01-DEL01-PE"
521792;2023-05-08;"segunda-feira";"11:55:00";"PE";316;119;"PARNAMIRIM";"Ausência de reação do condutor";"Saída de leito carroçável";"Com Vítimas Feridas";"Pleno dia";"Crescente";"Céu Claro";"Simples";"Aclive;Reta";"Não";1;0;0;1;0;0;1;1;-8,00456807;-39,78973403;"SPRF-PE";"DEL05-PE";"UOP02-DEL05-PE"
521793;2023-05-08;"segunda-feira";"12:05:00";"MG";116;406;"GOVERNADOR VALADARES";"Condutor Dormindo";"Colisão lateral sentido oposto";"Com Vítimas Feridas";"Pleno dia";"Decrescente";"Céu Claro";"Simples";"Reta";"Não";3;0;2;0;1;0;2;2;-18,82669347;-41,98753335;"SPRF-MG";"DEL06-MG";"UOP01-DEL06-MG"
521797;2023-01-12;"quinta-feira";"01:50:00";"PI";135;307;"CRISTINO CASTRO";"Acessar a via sem observar a presença dos outros veículos";"Colisão transversal";"Com Vítimas Feridas";"Plena Noite";"Decrescente";"Céu Claro";"Simples";"Aclive;Curva";"Não";5;0;1;2;1;1;3;3;-8,75472767;-44,15935426;"SPRF-PI";"DEL03-PI";"UOP02-DEL03-PI"
521801;2023-05-08;"segunda-feira";"12:30:00";"GO";153;686;"ITUMBIARA";"Problema com o freio";"Colisão traseira";"Sem Vítimas";"Pleno dia";"Crescente";"Céu Claro";"Dupla";"Reta";"Não";4;0;0;0;4;0;0;2;-18,2744;-49,2442;"SPRF-GO";"DEL03-GO";"UOP02-DEL03-GO"
521806;2023-03-09;"quinta-feira";"11:50:00";"MG";40;703,1;"BARBACENA";"Estacionar ou parar em local proibido";"Colisão traseira";"Com Vítimas Feridas";"Pleno dia";"Crescente";"Céu Claro";"Dupla";"Aclive;Curva";"Não";2;0;1;0;1;0;1;2;-21,22200479;-43,73141798;"SPRF-MG";"DEL05-MG";"UOP02-DEL05-MG"
521807;2023-04-19;"quarta-feira";"22:00:00";"MT";174;567;"COMODORO";"Manobra de mudança de faixa";"Colisão lateral sentido oposto";"Com Vítimas Fatais";"Plena Noite";"Decrescente";"Céu Claro";"Simples";"Aclive;Curva";"Não";3;1;0;0;1;4;0;6;-13,02834719;-59,91864419;"SPRF-MT";"DEL04-MT";"UOP02-DEL04-MT"
521814;2023-05-08;"segunda-feira";"12:17:00";"MG";381;597;"CARMOPOLIS DE MINAS";"Condutor Dormindo";"Tombamento";"Com Vítimas Feridas";"Pleno dia";"Decrescente";"Céu Claro";"Dupla";"Reta;Declive";"Não";2;0;1;0;0;1;1;2;-20,60569501;-44,72419499;"SPRF-MG";"DEL04-MG";"UOP01-DEL04-MG"
521817;2023-05-08;"segunda-feira";"15:40:00";"SC";280;167,1;"MAFRA";"Pedestre andava na pista";"Atropelamento de Pedestre";"Com Vítimas Feridas";"Pleno dia";"Crescente";"Céu Claro";"Simples";"Reta";"Sim";3;0;1;0;1;1;1;3;-26,16857105;-49,81820938;"SPRF-SC";"DEL06-SC";"UOP01-DEL06-SC"
521818;2023-05-08;"segunda-feira";"15:40:00";"RN";304;184;"ANGICOS";"Demais falhas mecânicas ou elétricas";"Tombamento";"Com Vítimas Feridas";"Pleno dia";"Decrescente";"Céu Claro";"Simples";"Reta";"Não";2;0;1;0;0;2;1;3;-5,6900639091;-36,3020199979;"SPRF-RN";"DEL01-RN";"UOP03-DEL01-RN"
521819;2023-05-08;"segunda-feira";"15:35:00";"PR";277;4,3;"PARANAGUA";"Acumulo de areia ou detritos sobre o pavimento";"Colisão lateral mesmo sentido";"Com Vítimas Feridas";"Pleno dia";"Decrescente";"Nublado";"Simples";"Curva;Aclive";"Sim";3;0;0;1;1;2;1;4;-25,552822;-48,561965;"SPRF-PR";"DEL01-PR";"UOP05-DEL01-PR"
521821;2023-05-08;"segunda-feira";"06:30:00";"GO";70;445;"ARAGARCAS";"Reação tardia ou ineficiente do condutor";"Tombamento";"Com Vítimas Feridas";"Amanhecer";"Decrescente";"Céu Claro";"Simples";"Ponte;Declive";"Não";1;0;1;0;0;0;1;1;-15,90862431;-51,95643514;"SPRF-GO";"DEL04-GO";"UOP02-DEL04-GO"
521822;2023-05-08;"segunda-feira";"15:30:00";"SC";101;117;"ITAJAI";"Ausência de reação do condutor";"Colisão traseira";"Com Vítimas Feridas";"Pleno dia";"Decrescente";"Nublado";"Simples";"Interseção de Vias";"Sim";3;0;1;1;1;0;2;2;-26,88747187;-48,72252969;"SPRF-SC";"DEL04-SC";"UOP04-DEL04-SC"
521824;2023-05-08;"segunda-feira";"15:30:00";"RS";386;76,2;"BOA VISTA DAS MISSOES";"Transitar na contramão";"Colisão lateral sentido oposto";"Com Vítimas Feridas";"Pleno dia";"Decrescente";"Céu Claro";"Simples";"Curva";"Não";2;0;1;0;1;0;1;2;-27,69562;-53,2994;"SPRF-RS";"DEL08-RS";"UOP02-DEL08-RS"
521825;2023-05-08;"segunda-feira";"16:00:00";"MS";163;502;"JARAGUARI";"Acesso irregular";"Colisão lateral mesmo sentido";"Com Vítimas Feridas";"Pleno dia";"Crescente";"Céu Claro";"Dupla";"Reta";"Não";2;0;1;0;1;0;1;2;-20,3103002;-54,50986866;"SPRF-MS";"DEL01-MS";"UOP02-DEL01-MS"
521831;2023-05-08;"segunda-feira";"16:20:00";"MT";70;3,4;"BARRA DO GARCAS";"Curva acentuada";"Tombamento";"Sem Vítimas";"Pleno dia";"Crescente";"Céu Claro";"Dupla";"Rotatória";"Sim";2;0;0;0;1;1;0;2;-15,88252843;-52,27574027;"SPRF-MT";"DEL07-MT";"UOP01-DEL07-MT"
521832;2023-05-08;"segunda-feira";"17:00:00";"RN";304;36;"MOSSORO";"Manobra de mudança de faixa";"Colisão lateral mesmo sentido";"Com Vítimas Feridas";"Anoitecer";"Crescente";"Céu Claro";"Múltipla";"Viaduto";"Não";2;0;1;0;1;0;1;2;-5,16853634;-37,35540171;"SPRF-RN";"DEL04-RN";"UOP02-DEL04-RN"
521849;2023-05-08;"segunda-feira";"17:10:00";"MG";116;760;"LEOPOLDINA";"Condutor deixou de manter distância do veículo da frente";"Colisão traseira";"Sem Vítimas";"Anoitecer";"Crescente";"Céu Claro";"Simples";"Aclive;Reta";"Não";3;0;0;0;2;1;0;3;-21,52702255;-42,62094498;"SPRF-MG";"DEL07-MG";"UOP01-DEL07-MG"
521852;2023-05-08;"segunda-feira";"17:45:00";"BA";324;625;"SALVADOR";"Trafegar com motocicleta (ou similar) entre as faixas";"Colisão lateral mesmo sentido";"Com Vítimas Feridas";"Plena Noite";"Decrescente";"Nublado";"Dupla";"Reta";"Não";4;0;2;0;1;1;2;4;-12,94194706;-38,47081224;"SPRF-BA";"DEL01-BA";"UOP01-DEL01-BA"
521863;2023-05-08;"segunda-feira";"18:22:00";"SC";470;9,2;"NAVEGANTES";"Manobra de mudança de faixa";"Colisão lateral mesmo sentido";"Com Vítimas Feridas";"Anoitecer";"Crescente";"Céu Claro";"Dupla";"Reta";"Não";2;0;1;0;1;0;1;2;-26,833143;-48,727432;"SPRF-SC";"DEL04-SC";"UOP04-DEL04-SC"
521870;2023-05-08;"segunda-feira";"11:10:00";"AL";316;196,7;"MARIBONDO";"Ausência de reação do condutor";"Colisão com objeto";"Com Vítimas Fatais";"Pleno dia";"Decrescente";"Céu Claro";"Simples";"Reta";"Não";1;1;0;0;0;0;0;1;-9,56871;-36,35085;"SPRF-AL";"DEL03-AL";"UOP01-DEL03-AL"
521871;2023-05-08;"segunda-feira";"19:00:00";"SC";282;41;"AGUAS MORNAS";"Pedestre cruzava a pista fora da faixa";"Atropelamento de Pedestre";"Com Vítimas Feridas";"Plena Noite";"Decrescente";"Céu Claro";"Simples";"Reta";"Sim";2;0;0;1;1;0;1;2;-27,715973;-48,878979;"SPRF-SC";"DEL01-SC";"UOP03-DEL01-SC"
521875;2023-05-08;"segunda-feira";"19:35:00";"MS";163;423,8;"CAMPO GRANDE";"Acessar a via sem observar a presença dos outros veículos";"Colisão transversal";"Com Vítimas Feridas";"Plena Noite";"Crescente";"Nublado";"Simples";"Reta";"Não";3;0;2;0;1;0;2;2;-20,95516398;-54,50201214;"SPRF-MS";"DEL01-MS";"UOP01-DEL01-MS"
521878;2023-05-08;"segunda-feira";"17:55:00";"PR";153;466;"PORTO VITORIA";"Chuva";"Colisão com objeto";"Sem Vítimas";"Plena Noite";"Decrescente";"Garoa/Chuvisco";"Simples";"Reta";"Não";2;0;0;0;1;1;0;2;-26,281803;-51,187678;"SPRF-PR";"DEL02-PR";"UOP03-DEL02-PR"
521881;2023-05-08;"segunda-feira";"19:58:00";"RS";158;326,8;"SANTA MARIA";"Ausência de reação do condutor";"Colisão frontal";"Com Vítimas Fatais";"Plena Noite";"Crescente";"Céu Claro";"Simples";"Reta;Desvio Temporário;Em Obras";"Sim";7;3;0;0;2;2;0;4;-29,71371816;-53,81527305;"SPRF-RS";"DEL09-RS";"UOP01-DEL09-RS"
521884;2023-05-08;"segunda-feira";"17:10:00";"MG";50;178,9;"UBERABA";"Frear bruscamente";"Colisão traseira";"Com Vítimas Feridas";"Pleno dia";"Decrescente";"Sol";"Dupla";"Reta;Em Obras;Declive";"Sim";5;0;2;0;3;0;2;3;-19,77896821;-47,94093599;"SPRF-MG";"DEL13-MG";"UOP01-DEL13-MG"
521886;2023-05-08;"segunda-feira";"20:40:00";"RS";392;9,4;"RIO GRANDE";"Condutor deixou de manter distância do veículo da frente";"Colisão traseira";"Com Vítimas Feridas";"Plena Noite";"Decrescente";"Céu Claro";"Simples";"Reta";"Sim";4;0;1;0;2;3;1;6;-32,11099;-52,112198;"SPRF-RS";"DEL07-RS";"UOP02-DEL07-RS"
521888;2023-05-08;"segunda-feira";"20:34:00";"GO";50;98;"CRISTALINA";"Ausência de reação do condutor";"Colisão traseira";"Com Vítimas Feridas";"Plena Noite";"Crescente";"Céu Claro";"Simples";"Reta";"Sim";3;0;0;1;2;0;1;3;-16,7682085;-47,61756957;"SPRF-DF";"DEL01-DF";"UOP02-DEL01-DF"
521890;2023-05-08;"segunda-feira";"19:50:00";"PR";376;668;"GUARATUBA";"Demais falhas mecânicas ou elétricas";"Incêndio";"Sem Vítimas";"Plena Noite";"Crescente";"Nublado";"Dupla";"Curva;Declive";"Não";2;0;0;0;1;1;0;2;-25,864159;-48,937538;"SPRF-PR";"DEL01-PR";"UOP04-DEL01-PR"
521891;2023-05-08;"segunda-feira";"18:15:00";"BA";101;401;"IBIRAPITANGA";"Ingestão de álcool pelo condutor";"Colisão frontal";"Com Vítimas Feridas";"Plena Noite";"Decrescente";"Garoa/Chuvisco";"Simples";"Curva";"Não";3;0;1;0;1;1;1;3;-14,006578;-39,446004;"SPRF-BA";"DEL05-BA";"UOP03-DEL05-BA"
521892;2023-05-08;"segunda-feira";"18:30:00";"RS";287;525,8;"SAO BORJA";"Reação tardia ou ineficiente do condutor";"Colisão lateral mesmo sentido";"Com Vítimas Feridas";"Plena Noite";"Crescente";"Céu Claro";"Simples";"Curva";"Não";2;0;0;1;1;0;1;2;-28,69389502;-55,88904801;"SPRF-RS";"DEL12-RS";"UOP01-DEL12-RS"
521896;2023-05-08;"segunda-feira";"18:45:00";"RJ";116;142;"DUQUE DE CAXIAS";"Condutor usando celular";"Colisão traseira";"Com Vítimas Feridas";"Plena Noite";"Decrescente";"Céu Claro";"Dupla";"Reta";"Sim";4;0;1;0;3;0;1;2;-22,64876087;-43,23031638;"SPRF-RJ";"DEL01-RJ";"UOP01-DEL01-RJ"
521897;2023-05-08;"segunda-feira";"14:22:00";"SC";282;595;"SAUDADES";"Ultrapassagem Indevida";"Colisão frontal";"Com Vítimas Feridas";"Pleno dia";"Decrescente";"Céu Claro";"Simples";"Curva;Declive";"Não";4;0;1;2;0;4;3;6;-26,82897;-53,118107;"SPRF-SC";"DEL07-SC";"UOP02-DEL07-SC"
521900;2023-05-08;"segunda-feira";"21:00:00";"MS";158;287;"TRES LAGOAS";"Condutor Dormindo";"Colisão com objeto";"Com Vítimas Feridas";"Plena Noite";"Crescente";"Nublado";"Simples";"Reta";"Não";2;0;1;0;0;3;1;4;-20,88557295;-51,75354412;"SPRF-MS";"DEL07-MS";"UOP01-DEL07-MS"
521905;2023-05-08;"segunda-feira";"21:40:00";"PR";376;291,7;"MAUA DA SERRA";"Velocidade Incompatível";"Tombamento";"Com Vítimas Feridas";"Plena Noite";"Decrescente";"Nublado";"Dupla";"Curva;Viaduto";"Sim";2;0;1;0;0;1;1;2;-23,90407312;-51,22302532;"SPRF-PR";"DEL07-PR";"UOP02-DEL07-PR"
521909;2023-05-08;"segunda-feira";"23:55:00";"MG";381;906,3;"CAMBUI";"Reação tardia ou ineficiente do condutor";"Colisão traseira";"Com Vítimas Fatais";"Plena Noite";"Decrescente";"Céu Claro";"Dupla";"Reta";"Não";3;1;0;0;1;2;0;4;-22,66775412;-46,09331131;"SPRF-MG";"DEL16-MG";"UOP03-DEL16-MG"
521911;2023-05-08;"segunda-feira";"23:10:00";"SP";116;359;"MIRACATU";"Condutor deixou de manter distância do veículo da frente";"Colisão traseira";"Com Vítimas Feridas";"Plena Noite";"Crescente";"Céu Claro";"Dupla";"Reta;Declive";"Não";3;0;0;1;1;1;1;3;-24,10862227;-47,26589989;"SPRF-SP";"DEL04-SP";"UOP03-DEL04-SP"
521922;2023-05-09;"terça-feira";"05:30:00";"MG";50;83,8;"UBERLANDIA";"Reação tardia ou ineficiente do condutor";"Colisão traseira";"Com Vítimas Feridas";"Plena Noite";"Crescente";"Céu Claro";"Dupla";"Aclive;Reta";"Não";3;0;1;0;1;3;1;5;-18,986906;-48,211853;"SPRF-MG";"DEL15-MG";"UOP01-DEL15-MG"