"id";"data_inversa";"dia_semana";"horario";"uf";"br";"km";"municipio";"causa_acidente";"tipo_acidente";"classificacao_acidente";"fase_dia";"sentido_via";"condicao_metereologica";"tipo_pista";"tracado_via";"uso_solo";"pessoas";"mortos";"feridos_leves";"feridos_graves";"ilesos";"ignorados";"feridos";"veiculos";"latitude";"longitude";"regional";"delegacia";"uop"
521926;2023-05-09;"terça-feira";"06:47:00";"ES";101;269,4;"SERRA";"Reação tardia ou ineficiente do condutor";"Colisão lateral mesmo sentido";"Com Vítimas Feridas";"Pleno dia";"Decrescente";"Nublado";"Múltipla";"Reta";"Sim";4;0;0;1;2;1;1;4;-20,21740496;-40,26990578;"SPRF-ES";"DEL02-ES";"UOP01-DEL02-ES"
521929;2023-05-09;"terça-feira";"06:50:00";"PR";277;80,8;"CURITIBA";"Trafegar com motocicleta (ou similar) entre as faixas";"Colisão lateral mesmo sentido";"Com Vítimas Feridas";"Pleno dia";"Crescente";"Céu Claro";"Dupla";"Reta";"Sim";3;0;1;0;2;0;1;3;-25,468416;-49,213436;"SPRF-PR";"DEL01-PR";"UOP01-DEL01-PR"
521933;2023-05-09;"terça-feira";"07:10:00";"TO";10;456;"PALMAS";"Condutor deixou de manter distância do veículo da frente";"Saída de leito carroçável";"Sem Vítimas";"Amanhecer";"Crescente";"Céu Claro";"Dupla";"Reta";"Não";2;0;0;0;2;0;0;2;-10,29415;-48,29725;"SPRF-TO";"DEL01-TO";"UOP03-DEL01-TO"
521934;2023-05-09;"terça-feira";"05:00:00";"MT";364;273;"JACIARA";"Reação tardia ou ineficiente do condutor";"Saída de leito carroçável";"Com Vítimas Feridas";"Amanhecer";"Crescente";"Céu Claro";"Dupla";"Curva";"Sim";2;0;1;0;0;3;1;4;-15,96077957;-54,96772983;"SPRF-MT";"DEL05-MT";"UOP02-DEL05-MT"
521938;2023-01-09;"segunda-feira";"09:20:00";"MG";50;185;"UBERABA";"Acessar a via sem observar a presença dos outros veículos";"Colisão traseira";"Sem Vítimas";"Pleno dia";"Decrescente";"Nublado";"Dupla";"Reta";"Não";6;0;0;0;5;1;0;5;-19,8172798;-47,89559069;"SPRF-MG";"DEL13-MG";"UOP01-DEL13-MG"
521942;2023-05-09;"terça-feira";"05:30:00";"MT";163;628;"NOVA MUTUM";"Transitar na contramão";"Colisão lateral sentido oposto";"Com Vítimas Feridas";"Amanhecer";"Crescente";"Céu Claro";"Simples";"Reta";"Não";2;0;0;1;1;0;1;2;-13,66484401;-56,03702991;"SPRF-MT";"DEL01-MT";"UOP01-DEL01-MT"
521943;2023-05-08;"segunda-feira";"21:10:00";"MG";267;50,9;"MARIPA DE MINAS";"Carga excessiva e/ou mal acondicionada";"Derramamento de carga";"Sem Vítimas";"Plena Noite";"Crescente";"Nublado";"Simples";"Ponte;Curva";"Não";2;0;0;0;1;1;0;2;-21,69577022;-42,98279189;"SPRF-MG";"DEL07-MG";"UOP01-DEL07-MG"
521951;2023-05-09;"terça-feira";"07:20:00";"GO";153;690,2;"ITUMBIARA";"Condutor Dormindo";"Saída de leito carroçável";"Com Vítimas Feridas";"Pleno dia";"Decrescente";"Céu Claro";"Dupla";"Reta";"Não";3;0;1;0;1;2;1;3;-18,3085;-49,233;"SPRF-GO";"DEL03-GO";"UOP02-DEL03-GO"
521952;2023-05-09;"terça-feira";"08:25:00";"PR";277;125;"CAMPO LARGO";"Condutor deixou de manter distância do veículo da frente";"Colisão traseira";"Com Vítimas Feridas";"Pleno dia";"Decrescente";"Céu Claro";"Simples";"Reta";"Não";5;0;1;1;1;2;2;4;-25,44663809;-49,48877001;"SPRF-PR";"DEL03-PR";"UOP03-DEL03-PR"
521954;2023-05-09;"terça-feira";"09:25:00";"SC";101;223,9;"PALHOCA";"Avarias e/ou desgaste excessivo no pneu";"Colisão com objeto";"Com Vítimas Feridas";"Pleno dia";"Decrescente";"Céu Claro";"Dupla";"Reta";"Não";2;0;0;1;1;0;1;2;-27,71552634;-48,64881251;"SPRF-SC";"DEL01-SC";"UOP02-DEL01-SC"
521955;2023-05-09;"terça-feira";"05:30:00";"MG";251;251,4;"CURRAL DE DENTRO";"Animais na Pista";"Atropelamento de Animal";"Com Vítimas Fatais";"Amanhecer";"Crescente";"Céu Claro";"Simples";"Reta";"Não";3;1;0;0;1;1;0;3;-15,98381498;-41,85254574;"SPRF-MG";"DEL12-MG";"UOP01-DEL12-MG"
521960;2023-05-09;"terça-feira";"09:40:00";"PE";101;22,5;"GOIANA";"Problema com o freio";"Saída de leito carroçável";"Sem Vítimas";"Pleno dia";"Crescente";"Céu Claro";"Dupla";"Aclive";"Não";2;0;0;0;1;1;0;2;-7,68041;-34,925803;"SPRF-PE";"DEL01-PE";"UOP02-DEL01-PE"
521964;2023-05-09;"terça-feira";"08:15:00";"PR";376;55,2;"LOANDA";"Ausência de reação do condutor";"Colisão frontal";"Com Vítimas Feridas";"Pleno dia";"Decrescente";"Nevoeiro/Neblina";"Simples";"Reta";"Não";4;0;2;0;1;2;2;4;-22,91887641;-52,87661121;"SPRF-PR";"DEL09-PR";"UOP02-DEL09-PR"
521967;2023-05-09;"terça-feira";"08:10:00";"MS";158;96,5;"PARANAIBA";"Manobra de mudança de faixa";"Colisão lateral mesmo sentido";"Com Vítimas Feridas";"Pleno dia";"Decrescente";"Céu Claro";"Dupla";"Reta";"Sim";3;0;1;0;1;2;1;4;-19,693408;-51,186213;"SPRF-MS";"DEL08-MS";"UOP01-DEL08-MS"
521968;2023-05-09;"terça-feira";"10:40:00";"RS";116;305;"GUAIBA";"Ausência de reação do condutor";"Colisão frontal";"Sem Vítimas";"Pleno dia";"Crescente";"Sol";"Simples";"Reta";"Não";3;0;0;0;2;1;0;3;-30,16312811;-51,37606884;"SPRF-RS";"DEL02-RS";"UOP01-DEL02-RS"
521971;2023-05-09;"terça-feira";"10:20:00";"PR";369;507;"CASCAVEL";"Demais falhas mecânicas ou elétricas";"Colisão frontal";"Com Vítimas Feridas";"Pleno dia";"Crescente";"Céu Claro";"Simples";"Curva";"Não";3;0;0;1;1;1;1;3;-24,9632622;-53,4066527;"SPRF-PR";"DEL04-PR";"UOP03-DEL04-PR"
521977;2023-05-01;"segunda-feira";"19:30:00";"PR";277;314;"GUARAPUAVA";"Reação tardia ou ineficiente do condutor";"Engavetamento";"Com Vítimas Feridas";"Plena Noite";"Decrescente";"Céu Claro";"Simples";"Reta";"Não";5;0;1;1;2;2;2;6;-25,31360701;-51,202085;"SPRF-PR";"DEL08-PR";"UOP01-DEL08-PR"
521981;2023-05-09;"terça-feira";"11:45:00";"RS";290;75;"GRAVATAI";"Manobra de mudança de faixa";"Colisão lateral mesmo sentido";"Sem Vítimas";"Pleno dia";"Crescente";"Céu Claro";"Múltipla";"Reta";"Não";9;0;0;0;8;1;0;3;-29,95521;-51,006855;"SPRF-RS";"DEL01-RS";"UOP01-DEL01-RS"
521983;2023-05-09;"terça-feira";"03:00:00";"MG";267;237,6;"LIBERDADE";"Demais falhas na via";"Derramamento de carga";"Sem Vítimas";"Plena Noite";"Decrescente";"Nevoeiro/Neblina";"Simples";"Ponte;Curva;Aclive";"Não";2;0;0;0;2;0;0;2;-21,9350669;-44,38211077;"SPRF-MG";"DEL17-MG";"UOP01-DEL17-MG"
521987;2023-05-09;"terça-feira";"09:15:00";"BA";116;7;"VITORIA DA CONQUISTA";"Condutor deixou de manter distância do veículo da frente";"Colisão traseira";"Com Vítimas Feridas";"Pleno dia";"Crescente";"Céu Claro";"Simples";"Declive";"Sim";3;0;1;0;2;0;1;2;-14,83783;-40,88792;"SPRF-BA";"DEL08-BA";"UOP01-DEL08-BA"
521988;2023-05-09;"terça-feira";"12:50:00";"RJ";393;286;"VOLTA REDONDA";"Condutor deixou de manter distância do veículo da frente";"Colisão traseira";"Com Vítimas Feridas";"Pleno dia";"Decrescente";"Céu Claro";"Simples";"Reta";"Sim";3;0;1;0;2;0;1;3;-22,49133996;-44,06505619;"SPRF-RJ";"DEL05-RJ";"UOP04-DEL05-RJ"
521989;2023-05-02;"terça-feira";"05:30:00";"RS";158;142,3;"CONDOR";"Ingestão de álcool pelo condutor";"Colisão lateral sentido oposto";"Com Vítimas Feridas";"Plena Noite";"Decrescente";"Chuva";"Simples";"Curva";"Sim";4;0;0;3;0;1;3;3;-28,21817012;-53,47083065;"SPRF-RS";"DEL10-RS";"UOP02-DEL10-RS"
521996;2023-05-09;"terça-feira";"12:40:00";"PA";316;78,4;"SAO FRANCISCO DO PARA";"Transitar na contramão";"Colisão lateral sentido oposto";"Com Vítimas Fatais";"Pleno dia";"Crescente";"Nublado";"Simples";"Reta";"Não";6;1;0;3;1;1;3;3;-1,30378018;-47,797609;"SPRF-PA";"DEL01-PA";"UOP01-DEL01-PA"
521997;2023-03-11;"sábado";"06:20:00";"BA";324;5;"FEIRA DE SANTANA";"Demais falhas mecânicas ou elétricas";"Atropelamento de Pedestre";"Com Vítimas Feridas";"Pleno dia";"Decrescente";"Céu Claro";"Dupla";"Aclive";"Sim";2;0;0;1;0;2;1;3;-12,28371994;-38,97363652;"SPRF-BA";"DEL02-BA";"UOP01-DEL02-BA"
522002;2023-05-09;"terça-feira";"13:30:00";"PR";376;457;"TIBAGI";"Reação tardia ou ineficiente do condutor";"Colisão com objeto";"Sem Vítimas";"Pleno dia";"Crescente";"Céu Claro";"Dupla";"Reta";"Não";6;0;0;0;5;3;0;5;-24,893997;-50,43102;"SPRF-PR";"DEL03-PR";"UOP01-DEL03-PR"
522005;2023-05-05;"sexta-feira";"09:55:00";"MT";163;63,8;"RONDONOPOLIS";"Mal súbito do condutor";"Saída de leito carroçável";"Com Vítimas Feridas";"Pleno dia";"Decrescente";"Céu Claro";"Dupla";"Reta";"Não";2;0;1;0;0;1;1;2;-16,9619769;-54,74183828;"SPRF-MT";"DEL02-MT";"UOP03-DEL02-MT"
522007;2023-05-09;"terça-feira";"14:30:00";"RS";293;113,5;"PINHEIRO MACHADO";"Manobra de mudança de faixa";"Colisão frontal";"Com Vítimas Feridas";"Pleno dia";"Crescente";"Céu Claro";"Simples";"Reta;Declive";"Não";2;0;1;0;1;0;1;2;-31,545658;-53,444753;"SPRF-RS";"DEL11-RS";"UOP03-DEL11-RS"
522015;2023-05-09;"terça-feira";"13:30:00";"PR";277;685;"SAO MIGUEL DO IGUACU";"Velocidade Incompatível";"Colisão com objeto";"Sem Vítimas";"Pleno dia";"Crescente";"Céu Claro";"Dupla";"Curva;Declive";"Não";2;0;0;0;1;1;0;2;-25,3350861;-54,207268;"SPRF-PR";"DEL05-PR";"UOP01-DEL05-PR"
522025;2023-05-09;"terça-feira";"14:45:00";"GO";364;179;"JATAI";"Reação tardia ou ineficiente do condutor";"Colisão traseira";"Com Vítimas Feridas";"Pleno dia";"Decrescente";"Céu Claro";"Simples";"Reta";"Não";3;0;1;0;1;2;1;4;-17,971079;-51,601059;"SPRF-GO";"DEL05-GO";"UOP01-DEL05-GO"
522027;2023-05-09;"terça-feira";"17:34:00";"SC";101;206;"SAO JOSE";"Trafegar com motocicleta (ou similar) entre as faixas";"Colisão lateral mesmo sentido";"Com Vítimas Feridas";"Anoitecer";"Crescente";"Céu Claro";"Dupla";"Reta";"Sim";2;0;1;0;1;0;1;2;-27,59193546;-48,61824557;"SPRF-SC";"DEL01-SC";"UOP01-DEL01-SC"
522028;2023-05-09;"terça-feira";"06:55:00";"SC";282;471,4;"PONTE SERRADA";"Transitar na contramão";"Colisão frontal";"Com Vítimas Fatais";"Pleno dia";"Decrescente";"Céu Claro";"Simples";"Reta";"Não";3;1;0;1;0;1;1;3;-26,8574106;-52,1130433;"SPRF-SC";"DEL07-SC";"UOP01-DEL07-SC"
522030;2023-05-09;"terça-feira";"17:30:00";"MG";116;701;"MURIAE";"Acessar a via sem observar a presença dos outros veículos";"Atropelamento de Pedestre";"Com Vítimas Feridas";"Anoitecer";"Crescente";"Céu Claro";"Simples";"Curva;Rotatória";"Sim";3;0;1;0;1;1;1;3;-21,12217101;-42,3798023;"SPRF-MG";"DEL07-MG";"UOP02-DEL07-MG"
522033;2023-05-09;"terça-feira";"17:30:00";"RJ";116;311;"RESENDE";"Manobra de mudança de faixa";"Colisão traseira";"Com Vítimas Feridas";"Anoitecer";"Crescente";"Céu Claro";"Dupla";"Curva";"Sim";4;0;1;0;2;1;1;3;-22,46086624;-44,44296321;"SPRF-RJ";"DEL07-RJ";"UOP02-DEL07-RJ"
522034;2023-05-09;"terça-feira";"17:45:00";"SC";101;463;"PASSO DE TORRES";"Velocidade Incompatível";"Colisão lateral mesmo sentido";"Com Vítimas Feridas";"Anoitecer";"Crescente";"Nublado";"Dupla";"Viaduto";"Não";3;0;1;0;2;0;1;2;-29,28473398;-49,75620716;"SPRF-RS";"DEL03-RS";"UOP02-DEL03-RS"
522036;2023-05-09;"terça-feira";"15:00:00";"MT";163;819;"SINOP";"Transitar na contramão";"Colisão frontal";"Com Vítimas Fatais";"Pleno dia";"Crescente";"Céu Claro";"Simples";"Reta;Declive";"Não";4;1;0;0;1;3;0;5;-12,00995488;-55,51720938;"SPRF-MT";"DEL06-MT";"UOP02-DEL06-MT"
522037;2023-05-05;"sexta-feira";"06:05:00";"BA";101;816;"ITAMARAJU";"Fumaça";"Colisão frontal";"Com Vítimas Feridas";"Amanhecer";"Decrescente";"Nevoeiro/Neblina";"Simples";"Reta";"Não";3;0;1;0;1;1;1;3;-17,06721903;-39,55690098;"SPRF-BA";"DEL09-BA";"UOP02-DEL09-BA"
522038;2023-05-09;"terça-feira";"17:02:00";"RO";364;518,2;"ARIQUEMES";"Acessar a via sem observar a presença dos outros veículos";"Atropelamento de Pedestre";"Com Vítimas Feridas";"Pleno dia";"Crescente";"Céu Claro";"Simples";"Aclive;Reta";"Não";3;0;1;0;1;3;1;5;-9,897787;-63,05624596;"SPRF-RO";"DEL03-RO";"UOP01-DEL03-RO"
522041;2023-05-09;"terça-feira";"18:20:00";"SC";470;135;"RIO DO SUL";"Reação tardia ou ineficiente do condutor";"Colisão transversal";"Com Vítimas Feridas";"Anoitecer";"Crescente";"Céu Claro";"Dupla";"Reta";"Sim";2;0;0;1;1;0;1;2;-27,188492;-49,61232;"SPRF-SC";"DEL04-SC";"UOP02-DEL04-SC"
522052;2023-05-09;"terça-feira";"18:35:00";"SC";116;245,6;"LAGES";"Desrespeitar a preferência no cruzamento";"Colisão transversal";"Sem Vítimas";"Plena Noite";"Decrescente";"Céu Claro";"Simples";"Interseção de Vias;Rotatória";"Sim";3;0;0;0;2;1;0;3;-27,80015299;-50,36353827;"SPRF-SC";"DEL05-SC";"UOP02-DEL05-SC"
522054;2023-05-09;"terça-feira";"19:20:00";"RJ";40;88;"PETROPOLIS";"Demais falhas mecânicas ou elétricas";"Tombamento";"Com Vítimas Feridas";"Plena Noite";"Crescente";"Céu Claro";"Dupla";"Reta";"Não";2;0;2;0;0;0;2;1;-22,548575;-43,231738;"SPRF-RJ";"DEL06-RJ";"UOP01-DEL06-RJ"
522055;2023-05-09;"terça-feira";"18:20:00";"RJ";40;78;"PETROPOLIS";"Iluminação deficiente";"Colisão traseira";"Com Vítimas Feridas";"Plena Noite";"Decrescente";"Céu Claro";"Simples";"Reta";"Não";2;0;1;0;1;0;1;2;-22,48485874;-43,22843406;"SPRF-RJ";"DEL06-RJ";"UOP01-DEL06-RJ"
522064;2023-05-09;"terça-feira";"21:00:00";"SC";116;234;"CORREIA PINTO";"Ingestão de álcool pelo condutor";"Colisão lateral sentido oposto";"Sem Vítimas";"Plena Noite";"Decrescente";"Nevoeiro/Neblina";"Dupla";"Curva";"Não";4;0;0;0;4;0;0;2;-27,69306795;-50,33623941;"SPRF-SC";"DEL05-SC";"UOP01-DEL05-SC"
522067;2023-05-09;"terça-feira";"23:35:00";"PB";101;11,7;"MAMANGUAPE";"Velocidade Incompatível";"Tombamento";"Com Vítimas Fatais";"Plena Noite";"Decrescente";"Céu Claro";"Múltipla";"Curva;Declive";"Sim";2;1;0;1;0;0;1;1;-6,59878963;-35,14406204;"SPRF-PB";"DEL01-PB";"UOP04-DEL01-PB"
522069;2023-05-09;"terça-feira";"21:50:00";"MG";262;548;"LUZ";"Velocidade Incompatível";"Tombamento";"Sem Vítimas";"Plena Noite";"Decrescente";"Céu Claro";"Simples";"Curva";"Não";2;0;0;0;1;1;0;2;-19,73163489;-45,8631039;"SPRF-MG";"DEL08-MG";"UOP02-DEL08-MG"
522070;2023-05-09;"terça-feira";"23:55:00";"CE";222;0,6;"FORTALEZA";"Ausência de reação do condutor";"Colisão traseira";"Com Vítimas Feridas";"Plena Noite";"Crescente";"Nublado";"Múltipla";"Reta";"Sim";2;0;1;0;1;0;1;2;-3,7367737;-38,56923;"SPRF-CE";"DEL01-CE";"UOP01-DEL01-CE"
522074;2023-05-09;"terça-feira";"18:30:00";"BA";30;238;"GUANAMBI";"Curva acentuada";"Tombamento";"Com Vítimas Feridas";"Plena Noite";"Decrescente";"Céu Claro";"Simples";"Curva";"Não";2;0;0;1;0;1;1;2;-14,12441815;-42,6169509;"SPRF-BA";"DEL08-BA";"UOP01-DEL08-BA"
522077;2023-05-09;"terça-feira";"22:48:00";"SP";116;514;"CAJATI";"Problema com o freio";"Incêndio";"Sem Vítimas";"Plena Noite";"Decrescente";"Nublado";"Dupla";"Curva";"Não";1;0;0;0;1;0;0;1;-24,85874304;-48,21731282;"SPRF-SP";"DEL05-SP";"UOP02-DEL05-SP"
522080;2023-05-10;"quarta-feira";"04:46:00";"GO";40;81,1;"CRISTALINA";"Condutor Dormindo";"Saída de leito carroçável";"Com Vítimas Feridas";"Amanhecer";"Crescente";"Céu Claro";"Dupla";"Aclive;Reta";"Não";3;0;1;0;1;2;1;4;-16,676939;-47,708216;"SPRF-DF";"DEL01-DF";"UOP02-DEL01-DF"
522085;2023-05-10;"quarta-feira";"05:40:00";"RJ";116;171;"RIO DE JANEIRO";"Condutor Dormindo";"Colisão frontal";"Com Vítimas Fatais";"Plena Noite";"Crescente";"Céu Claro";"Múltipla";"Reta";"Sim";3;1;1;0;0;1;1;3;-22,8060415;-43,34289573;"SPRF-RJ";"DEL01-RJ";"UOP02-DEL01-RJ"
522086;2023-05-10;"quarta-feira";"06:00:00";"PR";158;507;"CORONEL VIVIDA";"Pedestre andava na pista";"Atropelamento de Pedestre";"Com Vítimas Feridas";"Plena Noite";"Crescente";"Nevoeiro/Neblina";"Simples";"Reta";"Não";2;0;0;1;1;0;1;2;-26,02180124;-52,57733183;"SPRF-PR";"DEL02-PR";"UOP01-DEL02-PR"
522088;2023-05-10;"quarta-feira";"06:50:00";"ES";101;268;"SERRA";"Reação tardia ou ineficiente do condutor";"Colisão lateral mesmo sentido";"Com Vítimas Feridas";"Pleno dia";"Decrescente";"Sol";"Múltipla";"Reta";"Sim";3;0;1;0;1;1;1;3;-20,20842;-40,269405;"SPRF-ES";"DEL02-ES";"UOP01-DEL02-ES"
522095;2023-05-10;"quarta-feira";"05:50:00";"RO";364;433,6;"JARU";"Ingestão de álcool pelo condutor";"Colisão traseira";"Com Vítimas Feridas";"Pleno dia";"Crescente";"Céu Claro";"Simples";"Reta";"Não";2;0;1;0;1;0;1;2;-10,39528019;-62,53268714;"SPRF-RO";"DEL03-RO";"UOP02-DEL03-RO"
522098;2023-05-10;"quarta-feira";"03:00:00";"BA";116;265;"TUCANO";"Ausência de reação do condutor";"Saída de leito carroçável";"Com Vítimas Feridas";"Pleno dia";"Decrescente";"Céu Claro";"Simples";"Reta";"Não";2;0;2;0;0;0;2;1;-10,89873097;-38,84184092;"SPRF-BA";"DEL07-BA";"UOP02-DEL07-BA"
522100;2023-05-10;"quarta-feira";"06:00:00";"SP";116;513;"CAJATI";"Problema com o freio";"Colisão lateral mesmo sentido";"Com Vítimas Feridas";"Amanhecer";"Decrescente";"Céu Claro";"Dupla";"Curva;Declive";"Não";5;0;2;0;1;2;2;4;-24,85109616;-48,21802405;"SPRF-SP";"DEL05-SP";"UOP02-DEL05-SP"
522102;2023-05-09;"terça-feira";"12:00:00";"RJ";101;389;"RIO DE JANEIRO";"Pedestre cruzava a pista fora da faixa";"Atropelamento de Pedestre";"Com Vítimas Feridas";"Pleno dia";"Crescente";"Céu Claro";"Múltipla";"Reta";"Não";2;0;0;1;1;0;1;2;-22,89077885;-43,66684705;"SPRF-RJ";"DEL03-RJ";"UOP01-DEL03-RJ"
522108;2023-05-10;"quarta-feira";"08:25:00";"GO";70;36;"COCALZINHO DE GOIAS";"Condutor Dormindo";"Colisão frontal";"Com Vítimas Fatais";"Pleno dia";"Crescente";"Céu Claro";"Simples";"Reta;Declive";"Não";3;1;0;0;1;1;0;3;-15,7779625;-48,49866335;"SPRF-DF";"DEL03-DF";"UOP02-DEL03-DF"
522110;2023-05-10;"quarta-feira";"08:10:00";"PE";232;71,5;"GRAVATA";"Demais falhas mecânicas ou elétricas";"Colisão lateral mesmo sentido";"Sem Vítimas";"Pleno dia";"Crescente";"Céu Claro";"Dupla";"Reta";"Sim";2;0;0;0;2;0;0;2;-8,186448;-35,499964;"SPRF-PE";"DEL02-PE";"UOP02-DEL02PE"
522112;2023-04-29;"sábado";"17:10:00";"SC";282;541,6;"CHAPECO";"Condutor deixou de manter distância do veículo da frente";"Colisão traseira";"Sem Vítimas";"Pleno dia";"Decrescente";"Céu Claro";"Simples";"Curva";"Não";3;0;0;0;3;0;0;2;-26,99732699;-52,70291269;"SPRF-SC";"DEL07-SC";"UOP01-DEL07-SC"
522113;2023-05-10;"quarta-feira";"07:45:00";"PR";116;22;"ANTONINA";"Objeto estático sobre o leito carroçável";"Colisão com objeto";"Sem Vítimas";"Pleno dia";"Crescente";"Garoa/Chuvisco";"Dupla";"Curva;Declive";"Não";28;0;0;0;26;2;0;4;-25,10922624;-48,74659689;"SPRF-PR";"DEL01-PR";"UOP02-DEL01-PR"
522114;2023-05-10;"quarta-feira";"07:25:00";"PR";116;22,8;"ANTONINA";"Carga excessiva e/ou mal acondicionada";"Colisão com objeto";"Sem Vítimas";"Pleno dia";"Decrescente";"Garoa/Chuvisco";"Dupla";"Curva;Declive";"Não";2;0;0;0;1;1;0;2;-25,111193;-48,753266;"SPRF-PR";"DEL01-PR";"UOP02-DEL01-PR"
522115;2023-05-10;"quarta-feira";"08:30:00";"SC";282;518,8;"XAXIM";"Avarias e/ou desgaste excessivo no pneu";"Saída de leito carroçável";"Com Vítimas Feridas";"Pleno dia";"Decrescente";"Nevoeiro/Neblina";"Simples";"Reta;Declive";"Não";1;0;1;0;0;0;1;1;-26,944099;-52,508427;"SPRF-SC";"DEL07-SC";"UOP01-DEL07-SC"
522117;2023-05-10;"quarta-feira";"07:15:00";"SP";381;88;"SAO PAULO";"Manobra de mudança de faixa";"Colisão lateral mesmo sentido";"Com Vítimas Feridas";"Pleno dia";"Crescente";"Garoa/Chuvisco";"Múltipla";"Reta";"Sim";2;0;1;0;1;0;1;2;-23,47469314;-46,56112919;"SPRF-SP";"DEL03-SP";"UOP01-DEL03-SP"
522123;2023-05-10;"quarta-feira";"09:41:00";"CE";116;18,9;"ITAITINGA";"Acessar a via sem observar a presença dos outros veículos";"Colisão lateral mesmo sentido";"Sem Vítimas";"Pleno dia";"Decrescente";"Sol";"Dupla";"Reta";"Não";3;0;0;0;3;0;0;3;-3,90496605;-38,50518756;"SPRF-CE";"DEL01-CE";"UOP02-DEL01-CE"
522126;2023-05-10;"quarta-feira";"06:00:00";"MT";158;152;"PORTO ALEGRE DO NORTE";"Reação tardia ou ineficiente do condutor";"Tombamento";"Com Vítimas Feridas";"Pleno dia";"Crescente";"Céu Claro";"Simples";"Reta";"Não";2;0;1;0;0;2;1;3;-10,73069113;-51,59467563;"SPRF-MT";"DEL07-MT";"NPF/DEL07-MT"
522127;2023-03-10;"sexta-feira";"22:45:00";"TO";153;205;"NOVA OLINDA";"Transitar na contramão";"Colisão lateral sentido oposto";"Com Vítimas Feridas";"Plena Noite";"Crescente";"Céu Claro";"Simples";"Reta";"Não";3;0;0;1;1;1;1;3;-7,69205412;-48,43389165;"SPRF-TO";"DEL02-TO";"UOP01-DEL02-TO"
522129;2023-05-10;"quarta-feira";"10:20:00";"RJ";101;62;"CAMPOS DOS GOYTACAZES";"Condutor deixou de manter distância do veículo da frente";"Colisão traseira";"Com Vítimas Feridas";"Pleno dia";"Decrescente";"Nublado";"Simples";"Reta";"Sim";3;0;1;0;2;0;1;3;-21,73473386;-41,32504025;"SPRF-RJ";"DEL08-RJ";"UOP01-DEL08-RJ"
522137;2023-03-12;"domingo";"16:40:00";"MG";40;768;"JUIZ DE FORA";"Transitar na contramão";"Colisão frontal";"Com Vítimas Fatais";"Pleno dia";"Crescente";"Céu Claro";"Simples";"Reta";"Não";3;1;0;0;1;2;0;4;-21,59924304;-43,4579108;"SPRF-MG";"DEL05-MG";"UOP01-DEL05-MG"
522139;2023-01-26;"quinta-feira";"06:00:00";"MG";381;168;"GOVERNADOR VALADARES";"Ausência de reação do condutor";"Saída de leito carroçável";"Com Vítimas Feridas";"Pleno dia";"Crescente";"Céu Claro";"Simples";"Reta";"Não";1;0;1;0;0;0;1;1;-18,96571703;-42,08181098;"SPRF-MG";"DEL06-MG";"UOP01-DEL06-MG"
522140;2023-05-10;"quarta-feira";"08:56:00";"MA";222;308,4;"VITORIA DO MEARIM";"Condutor deixou de manter distância do veículo da frente";"Colisão lateral mesmo sentido";"Com Vítimas Fatais";"Pleno dia";"Crescente";"Céu Claro";"Dupla";"Reta;Declive";"Sim";2;1;0;0;1;0;0;2;-3,579753;-44,963733;"SPRF-MA";"DEL02-MA";"UOP01-DEL02-MA"
522141;2023-05-10;"quarta-feira";"10:20:00";"MA";222;660;"ACAILANDIA";"Acesso irregular";"Colisão transversal";"Com Vítimas Feridas";"Pleno dia";"Crescente";"Céu Claro";"Simples";"Interseção de Vias;Reta";"Não";3;0;0;2;1;0;2;2;-4,87421783;-47,34477101;"SPRF-MA";"DEL04-MA";"UOP03-DEL04-MA"
522147;2023-01-26;"quinta-feira";"09:20:00";"RJ";40;98;"DUQUE DE CAXIAS";"Demais falhas mecânicas ou elétricas";"Incêndio";"Sem Vítimas";"Pleno dia";"Decrescente";"Céu Claro";"Simples";"Reta";"Não";1;0;0;0;1;0;0;1;-22,5879548;-43,27365875;"SPRF-RJ";"DEL01-RJ";"UOP01-DEL01-RJ"
522150;2023-05-10;"quarta-feira";"10:35:00";"SC";282;547,4;"CHAPECO";"Velocidade Incompatível";"Colisão transversal";"Sem Vítimas";"Pleno dia";"Crescente";"Sol";"Simples";"Interseção de Vias";"Não";2;0;0;0;2;0;0;2;-26,973904;-52,745403;"SPRF-SC";"DEL07-SC";"UOP01-DEL07-SC"
522153;2023-05-10;"quarta-feira";"10:25:00";"MG";365;506,9;"PATROCINIO";"Estacionar ou parar em local proibido";"Colisão traseira";"Com Vítimas Feridas";"Pleno dia";"Decrescente";"Céu Claro";"Simples";"Reta";"Não";29;0;7;0;21;2;7;7;-18,948325;-47,282053;"SPRF-MG";"DEL10-MG";"UOP01-DEL10-MG"
522157;2023-05-10;"quarta-feira";"14:20:00";"CE";116;10;"FORTALEZA";"Ausência de reação do condutor";"Colisão transversal";"Com Vítimas Feridas";"Pleno dia";"Crescente";"Céu Claro";"Dupla";"Reta";"Sim";3;0;2;0;1;0;2;2;-3,83603805;-38,5027281;"SPRF-CE";"DEL01-CE";"UOP02-DEL01-CE"
522159;2023-05-10;"quarta-feira";"13:00:00";"MT";163;937;"ITAUBA";"Reação tardia ou ineficiente do condutor";"Colisão lateral mesmo sentido";"Com Vítimas Feridas";"Pleno dia";"Crescente";"Céu Claro";"Simples";"Aclive";"Não";4;0;2;0;1;1;2;3;-11,111434;-55,30521;"SPRF-MT";"DEL06-MT";"UOP02-DEL06-MT"