"id";"data_inversa";"dia_semana";"horario";"uf";"br";"km";"municipio";"causa_acidente";"tipo_acidente";"classificacao_acidente";"fase_dia";"sentido_via";"condicao_metereologica";"tipo_pista";"tracado_via";"uso_solo";"pessoas";"mortos";"feridos_leves";"feridos_graves";"ilesos";"ignorados";"feridos";"veiculos";"latitude";"longitude";"regional";"delegacia";"uop"
522516;2023-05-12;"sexta-feira";"10:30:00";"RJ";101;435;"MANGARATIBA";"Acumulo de óleo sobre o pavimento";"Colisão frontal";"Com Vítimas Feridas";"Pleno dia";"Crescente";"Chuva";"Simples";"Curva";"Não";3;0;1;0;1;1;1;3;-22,93945885;-44,0529249;"SPRF-RJ";"DEL03-RJ";"UOP02-DEL03-RJ"
522521;2023-05-12;"sexta-feira";"07:20:00";"PR";116;179,6;"CAMPO DO TENENTE";"Reação tardia ou ineficiente do condutor";"Tombamento";"Com Vítimas Feridas";"Pleno dia";"Decrescente";"Céu Claro";"Simples";"Aclive;Curva";"Não";2;0;0;1;0;2;1;3;-25,90048185;-49,56388311;"SPRF-PR";"DEL01-PR";"UOP03-DEL01-PR"
522527;2023-05-05;"sexta-feira";"06:00:00";"RJ";40;31;"AREAL";"Velocidade Incompatível";"Tombamento";"Com Vítimas Feridas";"Pleno dia";"Crescente";"Céu Claro";"Simples";"Curva";"Não";2;0;1;0;0;1;1;2;-22,19245612;-43,16023202;"SPRF-RJ";"DEL05-RJ";"UOP02-DEL05-RJ"
522529;2023-05-12;"sexta-feira";"05:00:00";"PA";222;172;"BOM JESUS DO TOCANTINS";"Ingestão de substâncias psicoativas pelo condutor";"Tombamento";"Com Vítimas Fatais";"Amanhecer";"Decrescente";"Nublado";"Simples";"Reta";"Não";3;1;0;1;0;1;1;2;-5,042631;-48,592007;"SPRF-PA";"DEL03-PA";"UOP01-DEL03-PA"
522531;2023-05-12;"sexta-feira";"10:40:00";"SP";153;107,7;"JOSE BONIFACIO";"Reação tardia ou ineficiente do condutor";"Engavetamento";"Sem Vítimas";"Pleno dia";"Decrescente";"Céu Claro";"Dupla";"Reta";"Não";4;0;0;0;3;3;0;6;-21,06388847;-49,66255104;"SPRF-SP";"DEL09-SP";"UOP01-DEL09-SP"
522534;2023-05-12;"sexta-feira";"07:57:00";"PE";104;67;"CARUARU";"Mal súbito do condutor";"Colisão com objeto";"Com Vítimas Feridas";"Pleno dia";"Crescente";"Céu Claro";"Dupla";"Reta;Aclive";"Sim";1;0;0;1;0;0;1;1;-8,3016;-35,9882;"SPRF-PE";"DEL02-PE";"UOP01-DEL02-PE"
522540;2023-05-12;"sexta-feira";"08:00:00";"MS";262;9,4;"TRES LAGOAS";"Reação tardia ou ineficiente do condutor";"Saída de leito carroçável";"Sem Vítimas";"Pleno dia";"Decrescente";"Céu Claro";"Dupla";"Reta;Interseção de Vias";"Sim";2;0;0;0;1;3;0;4;-20,80451613;-51,68678981;"SPRF-MS";"DEL07-MS";"UOP01-DEL07-MS"
522548;2023-05-12;"sexta-feira";"13:58:00";"RJ";101;282;"TANGUA";"Demais falhas mecânicas ou elétricas";"Incêndio";"Sem Vítimas";"Pleno dia";"Decrescente";"Nublado";"Dupla";"Reta";"Não";1;0;0;0;1;0;0;1;-22,7371391;-42,79664601;"SPRF-RJ";"DEL02-RJ";"UOP03-DEL02-RJ"
522550;2023-05-01;"segunda-feira";"00:45:00";"MS";262;250;"RIBAS DO RIO PARDO";"Velocidade Incompatível";"Colisão traseira";"Com Vítimas Feridas";"Plena Noite";"Decrescente";"Céu Claro";"Simples";"Reta";"Não";9;0;7;1;0;1;8;2;-20,42279411;-53,84965608;"SPRF-MS";"DEL01-MS";"UOP01-DEL01-MS"
522552;2023-04-20;"quinta-feira";"17:10:00";"ES";101;277,9;"SERRA";"Acessar a via sem observar a presença dos outros veículos";"Colisão transversal";"Com Vítimas Fatais";"Pleno dia";"Decrescente";"Nublado";"Dupla";"Reta;Retorno Regulamentado";"Sim";4;1;0;1;1;1;1;3;-20,21288515;-40,29612219;"SPRF-ES";"DEL02-ES";"UOP01-DEL02-ES"
522555;2023-05-12;"sexta-feira";"14:00:00";"PR";277;74;"SAO JOSE DOS PINHAIS";"Reação tardia ou ineficiente do condutor";"Colisão traseira";"Com Vítimas Feridas";"Pleno dia";"Decrescente";"Céu Claro";"Simples";"Reta";"Não";3;0;0;1;1;1;1;3;-25,49670999;-49,16186035;"SPRF-PR";"DEL01-PR";"UOP01-DEL01-PR"
522560;2023-03-31;"sexta-feira";"02:30:00";"GO";153;639;"MORRINHOS";"Condutor Dormindo";"Colisão traseira";"Com Vítimas Feridas";"Plena Noite";"Crescente";"Céu Claro";"Dupla";"Reta";"Não";2;0;1;0;1;0;1;2;-17,8714;-49,2268;"SPRF-GO";"DEL03-GO";"UOP01-DEL03-GO"
522563;2023-05-12;"sexta-feira";"15:20:00";"ES";101;262;"SERRA";"Ausência de reação do condutor";"Colisão traseira";"Com Vítimas Feridas";"Pleno dia";"Crescente";"Nublado";"Dupla";"Declive;Reta";"Não";2;0;1;0;1;0;1;2;-20,1572331;-40,27678329;"SPRF-ES";"DEL02-ES";"UOP01-DEL02-ES"
522566;2023-05-12;"sexta-feira";"10:15:00";"MG";116;89,7;"MEDINA";"Curva acentuada";"Tombamento";"Com Vítimas Feridas";"Pleno dia";"Crescente";"Céu Claro";"Simples";"Curva";"Não";2;0;1;0;0;1;1;2;-16,342478;-41,476151;"SPRF-MG";"DEL11-MG";"UOP02-DEL11-MG"
522585;2023-05-12;"sexta-feira";"16:30:00";"SC";101;118,9;"ITAJAI";"Trafegar com motocicleta (ou similar) entre as faixas";"Colisão lateral mesmo sentido";"Com Vítimas Feridas";"Pleno dia";"Crescente";"Nublado";"Múltipla";"Reta";"Sim";2;0;1;0;1;0;1;2;-26,895859;-48,71903;"SPRF-SC";"DEL04-SC";"UOP04-DEL04-SC"
522595;2023-05-12;"sexta-feira";"17:00:00";"PR";376;491;"PONTA GROSSA";"Reação tardia ou ineficiente do condutor";"Colisão traseira";"Com Vítimas Feridas";"Pleno dia";"Crescente";"Céu Claro";"Dupla";"Reta";"Sim";11;0;2;0;8;1;2;6;-25,15130703;-50,1421625;"SPRF-PR";"DEL03-PR";"UOP04-DEL03-PR"
522601;2023-05-12;"sexta-feira";"16:15:00";"AC";364;122;"RIO BRANCO";"Manobra de mudança de faixa";"Colisão lateral mesmo sentido";"Sem Vítimas";"Pleno dia";"Crescente";"Céu Claro";"Dupla";"Reta";"Não";3;0;0;0;2;1;0;3;-10,01188291;-67,773345;"SPRF-AC";"DEL01-AC";"UOP01-DEL01-AC"
522609;2023-05-12;"sexta-feira";"18:10:00";"PR";116;93,8;"SAO JOSE DOS PINHAIS";"Manobra de mudança de faixa";"Colisão lateral mesmo sentido";"Com Vítimas Feridas";"Anoitecer";"Decrescente";"Céu Claro";"Dupla";"Reta;Aclive";"Sim";4;0;2;0;1;1;2;3;-25,518023;-49,132832;"SPRF-PR";"DEL01-PR";"UOP07-DEL01-PR"
522615;2023-05-12;"sexta-feira";"19:15:00";"SC";101;201,4;"SAO JOSE";"Ausência de reação do condutor";"Colisão lateral mesmo sentido";"Com Vítimas Feridas";"Plena Noite";"Crescente";"Céu Claro";"Dupla";"Reta";"Sim";2;0;1;0;1;0;1;2;-27,54836599;-48,61977975;"SPRF-SC";"DEL01-SC";"UOP01-DEL01-SC"
522616;2023-02-03;"sexta-feira";"03:00:00";"GO";20;8;"FORMOSA";"Condutor Dormindo";"Colisão traseira";"Com Vítimas Feridas";"Plena Noite";"Crescente";"Céu Claro";"Simples";"Declive;Reta;Em Obras";"Não";3;0;1;1;0;1;2;3;-15,551153;-47,283253;"SPRF-DF";"DEL02-DF";"UOP02-DEL02-DF"
522620;2023-05-12;"sexta-feira";"19:20:00";"MG";262;146;"RIO CASCA";"Transitar na contramão";"Colisão frontal";"Com Vítimas Feridas";"Plena Noite";"Decrescente";"Céu Claro";"Simples";"Reta;Declive";"Não";2;0;1;0;1;0;1;2;-20,02822107;-42,74065423;"SPRF-MG";"DEL03-MG";"UOP03-DEL03-MG"
522626;2023-04-26;"quarta-feira";"23:20:00";"MG";381;927,5;"ITAPEVA";"Condutor Dormindo";"Saída de leito carroçável";"Com Vítimas Feridas";"Plena Noite";"Decrescente";"Céu Claro";"Dupla";"Aclive;Reta";"Sim";2;0;0;1;0;1;1;2;-22,79271225;-46,24636988;"SPRF-MG";"DEL16-MG";"UOP03-DEL16-MG"
522636;2023-05-12;"sexta-feira";"20:30:00";"PR";476;92,5;"BOCAIUVA DO SUL";"Velocidade Incompatível";"Colisão frontal";"Com Vítimas Feridas";"Plena Noite";"Crescente";"Nublado";"Simples";"Curva;Declive";"Não";3;0;0;1;1;2;1;4;-25,197078;-49,114543;"SPRF-PR";"DEL01-PR";"UOP01-DEL01-PR"
522645;2023-05-12;"sexta-feira";"18:30:00";"BA";242;743;"CRISTOPOLIS";"Reação tardia ou ineficiente do condutor";"Colisão lateral mesmo sentido";"Com Vítimas Feridas";"Plena Noite";"Crescente";"Céu Claro";"Simples";"Reta";"Não";5;0;2;0;3;0;2;2;-12,23297524;-44,38851999;"SPRF-BA";"DEL10-BA";"UOP01-DEL10-BA"
522647;2023-05-12;"sexta-feira";"20:50:00";"RS";386;416,8;"MONTENEGRO";"Reação tardia ou ineficiente do condutor";"Colisão traseira";"Com Vítimas Feridas";"Plena Noite";"Crescente";"Céu Claro";"Simples";"Reta";"Não";4;0;2;0;1;1;2;3;-29,817648;-51,463001;"SPRF-RS";"DEL01-RS";"UOP01-DEL01-RS"
522649;2023-05-12;"sexta-feira";"21:25:00";"PB";101;62,7;"SANTA RITA";"Reação tardia ou ineficiente do condutor";"Colisão traseira";"Com Vítimas Feridas";"Plena Noite";"Crescente";"Céu Claro";"Dupla";"Curva;Aclive";"Não";4;0;1;0;2;1;1;3;-7,02710902;-35,05990203;"SPRF-PB";"DEL01-PB";"UOP04-DEL01-PB"
522650;2023-05-12;"sexta-feira";"20:15:00";"PR";277;134,5;"CAMPO LARGO";"Demais falhas mecânicas ou elétricas";"Saída de leito carroçável";"Com Vítimas Feridas";"Plena Noite";"Crescente";"Céu Claro";"Dupla";"Declive";"Não";1;0;1;0;0;0;1;1;-25,44518045;-49,4985659;"SPRF-PR";"DEL03-PR";"UOP03-DEL03-PR"
522652;2023-05-12;"sexta-feira";"22:05:00";"MG";262;465;"BOM DESPACHO";"Ultrapassagem Indevida";"Colisão lateral sentido oposto";"Sem Vítimas";"Plena Noite";"Decrescente";"Céu Claro";"Simples";"Reta;Declive";"Não";7;0;0;0;6;1;0;7;-19,80935414;-45,11587504;"SPRF-MG";"DEL08-MG";"UOP03-DEL08-MG"
522653;2023-05-12;"sexta-feira";"17:30:00";"MG";251;462;"GRAO MOGOL";"Demais falhas mecânicas ou elétricas";"Incêndio";"Sem Vítimas";"Anoitecer";"Decrescente";"Nublado";"Simples";"Reta";"Não";2;0;0;0;1;1;0;2;-16,43416418;-43,39185866;"SPRF-MG";"DEL12-MG";"UOP02-DEL12-MG"
522659;2023-05-12;"sexta-feira";"22:25:00";"SP";116;280,5;"EMBU DAS ARTES";"Acesso irregular";"Saída de leito carroçável";"Com Vítimas Fatais";"Plena Noite";"Decrescente";"Céu Claro";"Dupla";"Reta";"Sim";2;1;0;0;1;0;0;2;-23,66996108;-46,85590758;"SPRF-SP";"DEL04-SP";"UOP01-DEL04-SP"
522668;2023-05-12;"sexta-feira";"23:50:00";"MT";70;517,3;"VARZEA GRANDE";"Ausência de reação do condutor";"Colisão transversal";"Com Vítimas Feridas";"Plena Noite";"Crescente";"Céu Claro";"Simples";"Interseção de Vias";"Sim";3;0;1;0;1;3;1;5;-15,70150402;-56,15959346;"SPRF-MT";"DEL01-MT";"UOP02-DEL01-MT"
522669;2023-05-13;"sábado";"02:15:00";"CE";222;21;"CAUCAIA";"Ingestão de álcool pelo condutor";"Colisão frontal";"Com Vítimas Feridas";"Plena Noite";"Crescente";"Céu Claro";"Simples";"Reta";"Não";4;0;0;1;3;0;1;2;-3,73715313;-38,74293507;"SPRF-CE";"DEL01-CE";"UOP01-DEL01-CE"
522670;2023-05-13;"sábado";"01:40:00";"PR";369;131;"IBIPORA";"Animais na Pista";"Atropelamento de Animal";"Sem Vítimas";"Plena Noite";"Decrescente";"Céu Claro";"Múltipla";"Reta";"Não";1;0;0;0;1;0;0;1;-23,25913604;-50,98683536;"SPRF-PR";"DEL07-PR";"UOP01-DEL07-PR"
522673;2023-05-12;"sexta-feira";"23:30:00";"SP";116;283,3;"EMBU DAS ARTES";"Velocidade Incompatível";"Colisão traseira";"Sem Vítimas";"Plena Noite";"Decrescente";"Nublado";"Dupla";"Reta";"Sim";4;0;0;0;2;2;0;3;-23,69297005;-46,86352786;"SPRF-SP";"DEL04-SP";"UOP01-DEL04-SP"
522675;2023-05-13;"sábado";"02:00:00";"SC";470;125;"LONTRAS";"Condutor Dormindo";"Saída de leito carroçável";"Com Vítimas Feridas";"Plena Noite";"Decrescente";"Céu Claro";"Simples";"Reta";"Sim";5;0;2;0;2;1;2;3;-27,120506;-49,534946;"SPRF-SC";"DEL04-SC";"UOP02-DEL04-SC"
522683;2023-05-13;"sábado";"02:20:00";"SP";116;375,5;"MIRACATU";"Ausência de reação do condutor";"Saída de leito carroçável";"Com Vítimas Feridas";"Plena Noite";"Crescente";"Nevoeiro/Neblina";"Dupla";"Reta";"Não";3;0;1;0;1;1;1;2;-24,18239098;-47,35448801;"SPRF-SP";"DEL04-SP";"UOP02-DEL04-SP"
522694;2023-05-13;"sábado";"04:45:00";"PB";230;135;"MASSARANDUBA";"Condutor Dormindo";"Saída de leito carroçável";"Com Vítimas Feridas";"Amanhecer";"Decrescente";"Céu Claro";"Dupla";"Curva";"Não";2;0;1;0;0;1;1;2;-7,2789;-35,7591;"SPRF-PB";"DEL02-PB";"UOP01-DEL02-PB"
522695;2023-05-13;"sábado";"05:20:00";"SC";282;538,2;"CHAPECO";"Ingestão de álcool pelo condutor";"Colisão frontal";"Com Vítimas Feridas";"Plena Noite";"Crescente";"Céu Claro";"Simples";"Reta";"Não";2;0;1;0;1;0;1;2;-26,998323;-52,673199;"SPRF-SC";"DEL07-SC";"UOP01-DEL07-SC"
522704;2023-05-13;"sábado";"04:10:00";"MT";163;82;"RONDONOPOLIS";"Ausência de reação do condutor";"Colisão traseira";"Com Vítimas Feridas";"Plena Noite";"Crescente";"Céu Claro";"Dupla";"Aclive";"Não";2;0;0;1;1;0;1;2;-16,80330589;-54,68074416;"SPRF-MT";"DEL02-MT";"UOP03-DEL02-MT"
522707;2023-05-13;"sábado";"04:00:00";"MG";365;18,9;"MONTES CLAROS";"Demais falhas mecânicas ou elétricas";"Incêndio";"Sem Vítimas";"Amanhecer";"Crescente";"Céu Claro";"Simples";"Reta";"Não";1;0;0;0;1;0;0;1;-16,87824584;-44,00270102;"SPRF-MG";"DEL12-MG";"UOP01-DEL12-MG"
522708;2023-05-13;"sábado";"06:45:00";"RS";290;119;"ELDORADO DO SUL";"Condutor deixou de manter distância do veículo da frente";"Colisão traseira";"Com Vítimas Feridas";"Amanhecer";"Crescente";"Nevoeiro/Neblina";"Simples";"Reta";"Não";4;0;1;0;3;0;1;2;-30,049431;-51,398045;"SPRF-RS";"DEL02-RS";"UOP01-DEL02-RS"
522714;2023-05-13;"sábado";"03:00:00";"MG";116;36,1;"CACHOEIRA DE PAJEU";"Ausência de reação do condutor";"Tombamento";"Com Vítimas Feridas";"Plena Noite";"Decrescente";"Ignorado";"Simples";"Curva;Declive";"Não";3;0;0;2;0;1;2;2;-15,94950705;-41,40264747;"SPRF-MG";"DEL11-MG";"UOP02-DEL11-MG"
522716;2023-05-13;"sábado";"07:00:00";"GO";60;115;"TEREZOPOLIS DE GOIAS";"Demais Fenômenos da natureza";"Colisão traseira";"Com Vítimas Feridas";"Pleno dia";"Decrescente";"Céu Claro";"Dupla";"Reta";"Não";4;0;0;1;2;2;1;4;-16,4691;-49,0705;"SPRF-GO";"DEL01-GO";"UOP01-DEL01-GO"
522717;2023-05-06;"sábado";"00:05:00";"SC";101;203,4;"SAO JOSE";"Manobra de mudança de faixa";"Colisão lateral mesmo sentido";"Com Vítimas Feridas";"Plena Noite";"Crescente";"Nublado";"Múltipla";"Reta";"Sim";4;0;0;1;2;1;1;3;-27,5650044;-48,61460082;"SPRF-SC";"DEL01-SC";"UOP01-DEL01-SC"
522726;2023-05-13;"sábado";"08:30:00";"MT";70;19;"BARRA DO GARCAS";"Transitar na contramão";"Colisão lateral sentido oposto";"Com Vítimas Feridas";"Pleno dia";"Decrescente";"Céu Claro";"Simples";"Reta;Declive";"Não";9;0;0;1;5;3;1;4;-15,85100661;-52,41619365;"SPRF-MT";"DEL07-MT";"UOP01-DEL07-MT"
522728;2023-05-13;"sábado";"07:20:00";"SC";282;47,5;"AGUAS MORNAS";"Condutor deixou de manter distância do veículo da frente";"Tombamento";"Com Vítimas Feridas";"Pleno dia";"Crescente";"Nublado";"Simples";"Curva";"Não";2;0;0;1;1;0;1;2;-27,721771;-48,934837;"SPRF-SC";"DEL01-SC";"UOP03-DEL01-SC"
522730;2023-05-13;"sábado";"05:00:00";"BA";116;584;"BREJOES";"Condutor Dormindo";"Colisão lateral sentido oposto";"Com Vítimas Feridas";"Amanhecer";"Crescente";"Céu Claro";"Simples";"Reta";"Não";4;0;1;0;2;1;1;3;-13,1052027;-39,98209294;"SPRF-BA";"DEL03-BA";"UOP02-DEL03-BA"
522739;2023-03-22;"quarta-feira";"10:15:00";"RS";285;653;"SAO BORJA";"Transitar na contramão";"Colisão frontal";"Com Vítimas Feridas";"Pleno dia";"Decrescente";"Céu Claro";"Simples";"Reta";"Não";5;0;1;1;2;1;2;3;-28,634045;-55,789932;"SPRF-RS";"DEL12-RS";"UOP01-DEL12-RS"
522745;2023-05-13;"sábado";"09:20:00";"MG";40;590,7;"ITABIRITO";"Condutor deixou de manter distância do veículo da frente";"Colisão traseira";"Com Vítimas Feridas";"Pleno dia";"Decrescente";"Céu Claro";"Dupla";"Curva;Declive";"Sim";2;0;0;1;1;0;1;2;-20,36807799;-43,90982881;"SPRF-MG";"DEL01-MG";"UOP02-DEL01-MG"
522753;2023-05-13;"sábado";"10:45:00";"RS";153;41,4;"ERECHIM";"Acessar a via sem observar a presença dos outros veículos";"Colisão transversal";"Com Vítimas Feridas";"Pleno dia";"Decrescente";"Céu Claro";"Simples";"Reta";"Não";2;0;1;0;1;0;1;2;-27,59755702;-52,2349289;"SPRF-RS";"DEL08-RS";"UOP04-DEL08-RS"
522754;2023-05-13;"sábado";"11:00:00";"BA";116;582;"BREJOES";"Transitar na contramão";"Colisão lateral sentido oposto";"Sem Vítimas";"Pleno dia";"Decrescente";"Céu Claro";"Dupla";"Curva";"Não";4;0;0;0;3;3;0;6;-13,1062779;-39,9658473;"SPRF-BA";"DEL03-BA";"UOP02-DEL03-BA"
522757;2023-05-13;"sábado";"02:00:00";"MT";163;972;"NOVA SANTA HELENA";"Demais falhas mecânicas ou elétricas";"Incêndio";"Sem Vítimas";"Amanhecer";"Crescente";"Céu Claro";"Simples";"Reta";"Não";2;0;0;0;1;2;0;3;-10,83089908;-55,17999379;"SPRF-MT";"DEL06-MT";"UOP03-DEL06-MT"
522758;2023-05-13;"sábado";"10:20:00";"RS";386;296,2;"POUSO NOVO";"Velocidade Incompatível";"Tombamento";"Com Vítimas Feridas";"Pleno dia";"Crescente";"Sol";"Simples";"Curva;Declive";"Não";2;0;1;0;0;1;1;2;-29,14080167;-52,23921239;"SPRF-RS";"DEL04-RS";"UOP01-DEL04-RS"
522759;2023-05-13;"sábado";"08:45:00";"BA";116;800;"VITORIA DA CONQUISTA";"Ultrapassagem Indevida";"Colisão traseira";"Com Vítimas Feridas";"Pleno dia";"Crescente";"Céu Claro";"Simples";"Reta";"Não";4;0;0;1;2;2;1;5;-14,70938306;-40,60000997;"SPRF-BA";"DEL08-BA";"UOP02-DEL08-BA"
522761;2023-05-13;"sábado";"09:45:00";"CE";116;3;"FORTALEZA";"Condutor deixou de manter distância do veículo da frente";"Colisão traseira";"Sem Vítimas";"Pleno dia";"Crescente";"Céu Claro";"Dupla";"Viaduto";"Não";2;0;0;0;2;0;0;2;-3,77913616;-38,51504439;"SPRF-CE";"DEL01-CE";"UOP02-DEL01-CE"
522765;2023-05-13;"sábado";"08:55:00";"SC";116;15,3;"MAFRA";"Manobra de mudança de faixa";"Colisão lateral mesmo sentido";"Com Vítimas Feridas";"Pleno dia";"Decrescente";"Céu Claro";"Simples";"Reta";"Não";6;0;1;0;5;0;1;2;-26,20122513;-49,88054366;"SPRF-SC";"DEL06-SC";"UOP01-DEL06-SC"
522767;2023-04-22;"sábado";"17:10:00";"PR";116;117;"CURITIBA";"Manobra de mudança de faixa";"Colisão lateral mesmo sentido";"Com Vítimas Feridas";"Pleno dia";"Decrescente";"Céu Claro";"Dupla";"Reta";"Sim";6;0;2;0;2;2;2;4;-25,56068738;-49,30763841;"SPRF-PR";"DEL01-PR";"UOP03-DEL01-PR"
522768;2023-05-13;"sábado";"11:00:00";"BA";101;209;"GOVERNADOR MANGABEIRA";"Reação tardia ou ineficiente do condutor";"Tombamento";"Sem Vítimas";"Pleno dia";"Decrescente";"Céu Claro";"Simples";"Curva";"Sim";2;0;0;0;1;1;0;2;-12,6014084;-39,0499232;"SPRF-BA";"DEL01-BA";"UOP02-DEL01-BA"
522769;2023-04-11;"terça-feira";"10:50:00";"MG";40;523,6;"CONTAGEM";"Trafegar com motocicleta (ou similar) entre as faixas";"Colisão lateral mesmo sentido";"Com Vítimas Fatais";"Pleno dia";"Crescente";"Nublado";"Dupla";"Reta";"Sim";5;2;0;0;1;2;0;4;-19,86874894;-44,05962197;"SPRF-MG";"DEL01-MG";"UOP02-DEL01-MG"
522771;2023-05-13;"sábado";"12:35:00";"RJ";116;247;"PIRAI";"Velocidade Incompatível";"Tombamento";"Com Vítimas Feridas";"Pleno dia";"Decrescente";"Céu Claro";"Simples";"Curva";"Não";2;0;0;1;0;2;1;3;-22,60655103;-43,93505207;"SPRF-RJ";"DEL07-RJ";"UOP01-DEL07-RJ"
522790;2023-05-13;"sábado";"14:10:00";"BA";242;773;"BARREIRAS";"Manobra de mudança de faixa";"Colisão traseira";"Com Vítimas Feridas";"Pleno dia";"Crescente";"Céu Claro";"Simples";"Reta";"Não";5;0;1;0;3;3;1;5;-12,15890524;-44,64720601;"SPRF-BA";"DEL10-BA";"UOP01-DEL10-BA"
522796;2023-05-13;"sábado";"14:30:00";"SP";116;72,2;"APARECIDA";"Condutor usando celular";"Colisão com objeto";"Com Vítimas Feridas";"Pleno dia";"Crescente";"Céu Claro";"Dupla";"Reta;Declive";"Não";3;0;1;1;0;1;2;2;-22,86354218;-45,23746093;"SPRF-SP";"DEL08-SP";"UOP01-DEL08-SP"
522804;2023-05-13;"sábado";"11:30:00";"PI";316;236,4;"INHUMA";"Acostamento em desnível";"Saída de leito carroçável";"Com Vítimas Feridas";"Pleno dia";"Crescente";"Céu Claro";"Simples";"Reta;Declive";"Não";2;0;2;0;0;0;2;1;-6,61611998;-41,72267376;"SPRF-PI";"DEL04-PI";"UOP02-DEL04-PI"
522812;2023-05-13;"sábado";"15:40:00";"RO";364;221;"PIMENTA BUENO";"Ultrapassagem Indevida";"Colisão lateral mesmo sentido";"Com Vítimas Feridas";"Pleno dia";"Decrescente";"Sol";"Simples";"Reta";"Não";2;0;1;0;0;1;1;2;-11,52919208;-61,33069104;"SPRF-RO";"DEL02-RO";"UOP02-DEL02-RO"
522814;2023-05-13;"sábado";"16:20:00";"SC";282;595;"SAUDADES";"Manobra de mudança de faixa";"Colisão lateral mesmo sentido";"Com Vítimas Feridas";"Pleno dia";"Decrescente";"Sol";"Simples";"Reta";"Não";3;0;1;1;1;0;2;2;-26,82897;-53,118107;"SPRF-SC";"DEL07-SC";"UOP02-DEL07-SC"
522825;2023-05-13;"sábado";"16:35:00";"GO";40;33;"LUZIANIA";"Condutor Dormindo";"Saída de leito carroçável";"Com Vítimas Feridas";"Pleno dia";"Crescente";"Céu Claro";"Dupla";"Reta";"Não";1;0;1;0;0;0;1;1;-16,299561;-47,847163;"SPRF-DF";"DEL01-DF";"UOP01-DEL01-DF"
522826;2023-05-13;"sábado";"16:30:00";"MG";381;480,4;"CONTAGEM";"Acessar a via sem observar a presença dos outros veículos";"Colisão traseira";"Com Vítimas Feridas";"Pleno dia";"Crescente";"Céu Claro";"Múltipla";"Aclive;Reta";"Sim";4;0;0;1;1;2;1;4;-19,95749597;-44,07899901;"SPRF-MG";"DEL01-MG";"UOP03-DEL01-MG"
522852;2023-05-13;"sábado";"18:30:00";"MT";163;1063;"GUARANTA DO NORTE";"Ultrapassagem Indevida";"Colisão frontal";"Com Vítimas Feridas";"Anoitecer";"Crescente";"Céu Claro";"Simples";"Reta";"Não";5;0;0;1;3;3;1;6;-10,01246765;-54,90829468;"SPRF-MT";"DEL06-MT";"UOP03-DEL06-MT"
522856;2023-05-13;"sábado";"14:30:00";"MA";135;49;"BACABEIRA";"Manobra de mudança de faixa";"Colisão lateral mesmo sentido";"Sem Vítimas";"Pleno dia";"Crescente";"Céu Claro";"Dupla";"Aclive";"Sim";2;0;0;0;2;0;0;2;-2,95543489;-44,32401174;"SPRF-MA";"DEL01-MA";"UOP01-DEL01-MA"
522868;2023-05-13;"sábado";"18:30:00";"SC";116;243,7;"LAGES";"Pedestre andava na pista";"Atropelamento de Pedestre";"Com Vítimas Fatais";"Plena Noite";"Crescente";"Nublado";"Simples";"Reta";"Não";3;1;0;0;1;1;0;3;-27,7855346;-50,3522065;"SPRF-SC";"DEL05-SC";"UOP01-DEL05-SC"
522878;2023-05-13;"sábado";"21:55:00";"SP";153;27,3;"NOVA GRANADA";"Ingestão de álcool pelo condutor";"Colisão frontal";"Com Vítimas Feridas";"Pleno dia";"Crescente";"Céu Claro";"Simples";"Curva";"Não";2;0;1;0;1;0;1;2;-20,51309795;-49,32308726;"SPRF-SP";"DEL09-SP";"UOP01-DEL09-SP"
522879;2023-05-13;"sábado";"18:35:00";"GO";40;57,1;"LUZIANIA";"Acesso irregular";"Colisão traseira";"Com Vítimas Feridas";"Plena Noite";"Crescente";"Céu Claro";"Dupla";"Reta";"Não";2;0;0;1;1;0;1;2;-16,502665;-47,810293;"SPRF-DF";"DEL01-DF";"UOP02-DEL01-DF"
522889;2023-05-13;"sábado";"19:50:00";"PI";222;60;"PIRIPIRI";"Demais falhas mecânicas ou elétricas";"Incêndio";"Sem Vítimas";"Plena Noite";"Decrescente";"Céu Claro";"Simples";"Reta";"Não";1;0;0;0;1;0;0;1;-4,18802326;-41,67063956;"SPRF-PI";"DEL02-PI";"UOP01-DEL02-PI"
522892;2023-05-13;"sábado";"14:39:00";"MT";163;580;"NOVA MUTUM";"Ingestão de álcool pelo condutor";"Saída de leito carroçável";"Com Vítimas Fatais";"Pleno dia";"Crescente";"Céu Claro";"Simples";"Reta";"Não";6;4;0;0;1;1;0;3;-14,08195789;-56,1106213;"SPRF-MT";"DEL01-MT";"UOP01-DEL01-MT"
522899;2023-05-13;"sábado";"16:20:00";"PI";135;443;"MONTE ALEGRE DO PIAUI";"Falta de acostamento";"Tombamento";"Com Vítimas Feridas";"Plena Noite";"Decrescente";"Céu Claro";"Simples";"Reta;Em Obras";"Não";2;0;1;0;0;2;1;3;-9,5693147;-44,84670588;"SPRF-PI";"DEL03-PI";"UOP02-DEL03-PI"
522914;2023-05-13;"sábado";"20:30:00";"TO";153;174;"ARAGUAINA";"Transitar na contramão";"Colisão frontal";"Com Vítimas Fatais";"Plena Noite";"Decrescente";"Céu Claro";"Simples";"Reta";"Não";2;1;0;0;1;0;0;2;-7,42870693;-48,36274437;"SPRF-TO";"DEL02-TO";"UOP01-DEL02-TO"
522918;2023-05-13;"sábado";"22:10:00";"PR";116;106;"SAO JOSE DOS PINHAIS";"Ausência de reação do condutor";"Saída de leito carroçável";"Com Vítimas Feridas";"Plena Noite";"Decrescente";"Nevoeiro/Neblina";"Dupla";"Reta";"Não";1;0;1;0;0;0;1;1;-25,568712;-49,22943;"SPRF-PR";"DEL01-PR";"UOP07-DEL01-PR"