"id";"data_inversa";"dia_semana";"horario";"uf";"br";"km";"municipio";"causa_acidente";"tipo_acidente";"classificacao_acidente";"fase_dia";"sentido_via";"condicao_metereologica";"tipo_pista";"tracado_via";"uso_solo";"pessoas";"mortos";"feridos_leves";"feridos_graves";"ilesos";"ignorados";"feridos";"veiculos";"latitude";"longitude";"regional";"delegacia";"uop"
522927;2023-05-13;"sábado";"21:30:00";"MG";153;77;"PRATA";"Condutor Dormindo";"Saída de leito carroçável";"Com Vítimas Feridas";"Plena Noite";"Crescente";"Céu Claro";"Simples";"Curva;Declive";"Não";2;0;1;0;0;1;1;2;-19,03944921;-49,01083952;"SPRF-MG";"DEL15-MG";"UOP03-DEL15-MG"
522951;2023-05-13;"sábado";"21:35:00";"SC";101;439,1;"SOMBRIO";"Condutor deixou de manter distância do veículo da frente";"Colisão traseira";"Com Vítimas Feridas";"Plena Noite";"Decrescente";"Céu Claro";"Múltipla";"Reta";"Não";3;0;0;2;0;1;2;2;-29,12381624;-49,65693799;"SPRF-SC";"DEL02-SC";"UOP02-DEL02-SC"
522954;2023-05-14;"domingo";"01:40:00";"MG";116;399,8;"GOVERNADOR VALADARES";"Ingestão de álcool pelo condutor";"Colisão lateral sentido oposto";"Sem Vítimas";"Plena Noite";"Crescente";"Nublado";"Simples";"Curva";"Não";3;0;0;0;2;1;0;3;-18,77998197;-41,98781122;"SPRF-MG";"DEL06-MG";"UOP01-DEL06-MG"
522956;2023-05-14;"domingo";"05:30:00";"RS";116;524,7;"PELOTAS";"Ausência de reação do condutor";"Colisão traseira";"Com Vítimas Feridas";"Plena Noite";"Decrescente";"Céu Claro";"Dupla";"Reta;Declive";"Sim";2;0;1;0;1;0;1;2;-31,72863738;-52,38746675;"SPRF-RS";"DEL07-RS";"UOP01-DEL07-RS"
522959;2023-05-14;"domingo";"03:40:00";"PI";316;409,6;"MARCOLANDIA";"Transitar na contramão";"Colisão frontal";"Com Vítimas Fatais";"Plena Noite";"Crescente";"Céu Claro";"Simples";"Reta;Aclive";"Não";3;1;0;0;1;1;0;3;-7,40232784;-40,71986403;"SPRF-PI";"DEL04-PI";"UOP03-DEL04-PI"
522963;2023-04-27;"quinta-feira";"20:00:00";"GO";452;174,7;"ITUMBIARA";"Transitar na contramão";"Colisão lateral sentido oposto";"Com Vítimas Feridas";"Plena Noite";"Decrescente";"Céu Claro";"Simples";"Reta";"Não";3;0;1;0;1;5;1;7;-18,34724529;-49,39509812;"SPRF-GO";"DEL03-GO";"UOP02-DEL03-GO"
522969;2023-05-14;"domingo";"03:30:00";"GO";452;19,8;"RIO VERDE";"Ausência de reação do condutor";"Saída de leito carroçável";"Com Vítimas Feridas";"Plena Noite";"Crescente";"Céu Claro";"Simples";"Reta;Declive";"Não";3;0;0;2;0;1;2;2;-17,86328078;-50,74096784;"SPRF-GO";"DEL04-GO";"UOP01-DEL04-GO"
522975;2023-05-14;"domingo";"04:45:00";"MA";316;614,4;"TIMON";"Reação tardia ou ineficiente do condutor";"Engavetamento";"Com Vítimas Feridas";"Plena Noite";"Crescente";"Chuva";"Simples";"Reta";"Sim";19;0;4;1;13;2;5;6;-5,079532;-42,842918;"SPRF-MA";"DEL03-MA";"UOP02-DEL03-MA"
522980;2023-05-14;"domingo";"06:30:00";"PE";232;57,3;"POMBOS";"Acessar a via sem observar a presença dos outros veículos";"Colisão transversal";"Com Vítimas Feridas";"Pleno dia";"Crescente";"Nublado";"Dupla";"Retorno Regulamentado";"Não";5;0;2;2;1;0;4;2;-8,1412132;-35,38181492;"SPRF-PE";"DEL02-PE";"UOP02-DEL02PE"
522981;2023-05-14;"domingo";"05:10:00";"RO";429;146,5;"SAO MIGUEL DO GUAPORE";"Falta de elemento de contenção que evite a saída do leito carroçável";"Saída de leito carroçável";"Com Vítimas Feridas";"Plena Noite";"Crescente";"Céu Claro";"Simples";"Reta";"Não";4;0;3;0;1;0;3;1;-11,6257329;-62,62636414;"SPRF-RO";"DEL02-RO";"UOP03-DEL02-RO"
522998;2023-05-14;"domingo";"05:20:00";"RO";364;31,8;"VILHENA";"Pista esburacada";"Colisão frontal";"Com Vítimas Feridas";"Amanhecer";"Decrescente";"Céu Claro";"Simples";"Reta";"Não";4;0;2;1;0;3;3;5;-12,69590502;-60,27795003;"SPRF-RO";"DEL04-RO";"UOP01-DEL04-RO"
523009;2023-05-14;"domingo";"10:00:00";"MS";158;91;"PARANAIBA";"Acessar a via sem observar a presença dos outros veículos";"Colisão transversal";"Com Vítimas Feridas";"Pleno dia";"Decrescente";"Céu Claro";"Simples";"Reta";"Não";6;0;0;1;4;1;1;3;-19,656206;-51,203968;"SPRF-MS";"DEL08-MS";"UOP01-DEL08-MS"
523010;2023-04-26;"quarta-feira";"08:45:00";"MS";262;698,8;"CORUMBA";"Reação tardia ou ineficiente do condutor";"Colisão lateral sentido oposto";"Com Vítimas Fatais";"Pleno dia";"Decrescente";"Céu Claro";"Simples";"Reta";"Não";5;2;1;0;1;2;1;5;-19,5593823;-57,36086004;"SPRF-MS";"DEL03-MS";"UOP03-DEL03-MS"
523014;2023-05-14;"domingo";"09:30:00";"BA";242;669;"MUQUEM DE SAO FRANCISCO";"Redutor de velocidade em desacordo";"Colisão lateral sentido oposto";"Com Vítimas Feridas";"Pleno dia";"Decrescente";"Garoa/Chuvisco";"Dupla";"Reta;Declive";"Não";4;0;1;0;2;1;1;3;-12,19263671;-43,72678396;"SPRF-BA";"DEL10-BA";"UOP02-DEL10-BA"
523028;2023-05-14;"domingo";"12:45:00";"MG";365;585;"INDIANOPOLIS";"Animais na Pista";"Atropelamento de Animal";"Com Vítimas Feridas";"Pleno dia";"Decrescente";"Céu Claro";"Simples";"Reta";"Não";4;0;1;1;1;3;2;5;-18,8664164;-48,00295805;"SPRF-MG";"DEL15-MG";"UOP02-DEL15-MG"
523039;2023-05-14;"domingo";"14:00:00";"RJ";116;281,5;"BARRA MANSA";"Velocidade Incompatível";"Tombamento";"Com Vítimas Feridas";"Pleno dia";"Crescente";"Nublado";"Dupla";"Curva";"Não";1;0;1;0;0;0;1;1;-22,53244798;-44,19565304;"SPRF-RJ";"DEL07-RJ";"UOP02-DEL07-RJ"
523043;2023-05-14;"domingo";"11:00:00";"RJ";116;204;"QUEIMADOS";"Estacionar ou parar em local proibido";"Colisão traseira";"Com Vítimas Fatais";"Pleno dia";"Decrescente";"Céu Claro";"Dupla";"Reta";"Não";3;1;0;0;1;1;0;3;-22,72895007;-43,63189001;"SPRF-RJ";"DEL01-RJ";"UOP03-DEL01-RJ"
523044;2023-05-14;"domingo";"15:00:00";"MG";153;58;"MONTE ALEGRE DE MINAS";"Condutor deixou de manter distância do veículo da frente";"Colisão traseira";"Com Vítimas Feridas";"Pleno dia";"Crescente";"Céu Claro";"Dupla";"Rotatória;Reta;Interseção de Vias;Declive";"Não";6;0;1;0;3;3;1;6;-18,878386;-49,056637;"SPRF-MG";"DEL15-MG";"UOP03-DEL15-MG"
523052;2023-05-14;"domingo";"15:40:00";"PI";230;13;"FRONTEIRAS";"Reação tardia ou ineficiente do condutor";"Tombamento";"Com Vítimas Feridas";"Pleno dia";"Crescente";"Nublado";"Simples";"Curva";"Não";3;0;2;0;0;1;2;2;-7,08414681;-40,57338202;"SPRF-PI";"DEL04-PI";"UOP03-DEL04-PI"
523059;2023-05-14;"domingo";"10:30:00";"BA";101;614;"MASCOTE";"Velocidade Incompatível";"Tombamento";"Com Vítimas Feridas";"Pleno dia";"Decrescente";"Céu Claro";"Simples";"Curva";"Não";3;0;1;1;0;1;2;2;-15,75042705;-39,4801369;"SPRF-BA";"DEL05-BA";"UOP02-DEL05-BA"
523078;2023-05-14;"domingo";"17:25:00";"MG";251;315,9;"SALINAS";"Acessar a via sem observar a presença dos outros veículos";"Atropelamento de Pedestre";"Com Vítimas Feridas";"Anoitecer";"Crescente";"Céu Claro";"Simples";"Reta;Rotatória";"Não";2;0;0;1;1;0;1;2;-16,18825966;-42,34045841;"SPRF-MG";"DEL12-MG";"UOP01-DEL12-MG"
523092;2023-05-14;"domingo";"17:45:00";"BA";116;733,4;"BOA NOVA";"Ultrapassagem Indevida";"Colisão frontal";"Com Vítimas Feridas";"Anoitecer";"Crescente";"Céu Claro";"Simples";"Reta;Aclive";"Não";4;0;0;2;2;0;2;2;-14,29800003;-40,31404596;"SPRF-BA";"DEL08-BA";"UOP02-DEL08-BA"
523093;2023-05-14;"domingo";"14:35:00";"GO";153;375,6;"SAO FRANCISCO DE GOIAS";"Problema com o freio";"Incêndio";"Sem Vítimas";"Pleno dia";"Decrescente";"Céu Claro";"Simples";"Reta";"Não";2;0;0;0;1;2;0;3;-15,868184;-49,255489;"SPRF-GO";"DEL02-GO";"UOP02-DEL02-GO"
523095;2023-05-14;"domingo";"17:20:00";"PR";277;584,4;"CASCAVEL";"Velocidade Incompatível";"Tombamento";"Com Vítimas Feridas";"Pleno dia";"Decrescente";"Céu Claro";"Simples";"Viaduto;Retorno Regulamentado;Curva";"Não";2;0;1;0;0;1;1;2;-24,96472984;-53,40556026;"SPRF-PR";"DEL04-PR";"UOP01-DEL04-PR"
523099;2023-05-14;"domingo";"16:15:00";"PA";155;266;"ELDORADO DO CARAJAS";"Reação tardia ou ineficiente do condutor";"Colisão lateral mesmo sentido";"Com Vítimas Fatais";"Pleno dia";"Decrescente";"Céu Claro";"Simples";"Reta";"Não";3;1;0;0;1;1;0;3;-6,00800036;-49,25711559;"SPRF-PA";"DEL03-PA";"UOP01-DEL03-PA"
523106;2023-03-19;"domingo";"16:45:00";"RS";392;675,3;"SAO PEDRO DO BUTIA";"Velocidade Incompatível";"Colisão frontal";"Com Vítimas Fatais";"Pleno dia";"Crescente";"Sol";"Simples";"Curva";"Não";5;2;1;2;0;0;3;2;-28,13174478;-54,87174503;"SPRF-RS";"DEL10-RS";"UOP01-DEL10-RS"
523114;2023-05-14;"domingo";"20:20:00";"MG";381;938,6;"EXTREMA";"Reação tardia ou ineficiente do condutor";"Colisão com objeto";"Com Vítimas Feridas";"Plena Noite";"Crescente";"Céu Claro";"Dupla";"Reta";"Não";3;0;1;0;1;1;1;3;-22,83909203;-46,32850893;"SPRF-MG";"DEL16-MG";"UOP03-DEL16-MG"
523120;2023-05-14;"domingo";"18:55:00";"MG";116;310,5;"ITAMBACURI";"Transitar na contramão";"Colisão lateral sentido oposto";"Com Vítimas Feridas";"Plena Noite";"Crescente";"Céu Claro";"Simples";"Reta";"Não";3;0;0;1;1;1;1;3;-18,06936519;-41,67662169;"SPRF-MG";"DEL11-MG";"UOP01-DEL11-MG"
523123;2023-05-14;"domingo";"20:30:00";"GO";70;418;"MONTES CLAROS DE GOIAS";"Velocidade Incompatível";"Tombamento";"Com Vítimas Fatais";"Plena Noite";"Decrescente";"Céu Claro";"Simples";"Curva;Declive";"Não";2;1;0;0;0;1;0;2;-15,89232907;-51,7325592;"SPRF-GO";"DEL04-GO";"UOP02-DEL04-GO"
523124;2023-05-14;"domingo";"14:00:00";"MA";135;360,6;"PRESIDENTE DUTRA";"Pista esburacada";"Tombamento";"Com Vítimas Feridas";"Pleno dia";"Decrescente";"Céu Claro";"Simples";"Aclive;Reta";"Não";3;0;1;0;1;1;1;2;-5,46668808;-44,45604738;"SPRF-MA";"DEL06-MA";"UOP01-DEL06-MA"
523131;2023-05-14;"domingo";"20:30:00";"PE";407;73;"PETROLINA";"Transitar na contramão";"Colisão frontal";"Com Vítimas Fatais";"Plena Noite";"Crescente";"Garoa/Chuvisco";"Simples";"Aclive;Reta;Em Obras";"Não";5;3;1;0;0;1;1;3;-8,95308612;-40,72676897;"SPRF-PE";"DEL06-PE";"UOP02-DEL06-PE"
523140;2023-05-14;"domingo";"21:50:00";"ES";259;88;"BAIXO GUANDU";"Velocidade Incompatível";"Tombamento";"Com Vítimas Feridas";"Plena Noite";"Decrescente";"Céu Claro";"Simples";"Curva";"Não";2;0;1;0;0;1;1;2;-19,51143698;-40,90961107;"SPRF-ES";"DEL02-ES";"UOP01-DEL02-ES"
523149;2023-05-15;"segunda-feira";"04:39:00";"RS";290;91;"PORTO ALEGRE";"Manobra de mudança de faixa";"Colisão lateral mesmo sentido";"Com Vítimas Feridas";"Plena Noite";"Decrescente";"Céu Claro";"Múltipla";"Reta";"Sim";7;0;1;0;5;1;1;3;-29,969055;-51,167439;"SPRF-RS";"DEL01-RS";"UOP01-DEL01-RS"
523157;2023-05-14;"domingo";"17:00:00";"BA";242;260;"ITABERABA";"Velocidade Incompatível";"Tombamento";"Com Vítimas Feridas";"Plena Noite";"Decrescente";"Garoa/Chuvisco";"Simples";"Curva";"Não";2;0;1;0;0;2;1;3;-12,4774;-40,5374;"SPRF-BA";"DEL06-BA";"UOP02-DEL06-BA"
523159;2023-05-14;"domingo";"20:20:00";"BA";242;267;"ITABERABA";"Ausência de reação do condutor";"Saída de leito carroçável";"Com Vítimas Feridas";"Plena Noite";"Decrescente";"Chuva";"Simples";"Curva;Declive";"Não";2;0;0;1;0;2;1;3;-12,450916;-40,60255;"SPRF-BA";"DEL06-BA";"UOP02-DEL06-BA"
523182;2023-05-15;"segunda-feira";"01:40:00";"RJ";116;229;"PIRAI";"Reação tardia ou ineficiente do condutor";"Saída de leito carroçável";"Com Vítimas Feridas";"Plena Noite";"Crescente";"Céu Claro";"Dupla";"Reta";"Não";2;0;2;0;0;0;2;1;-22,65646622;-43,82206692;"SPRF-RJ";"DEL07-RJ";"UOP01-DEL07-RJ"
523185;2023-05-15;"segunda-feira";"02:45:00";"BA";116;437,4;"FEIRA DE SANTANA";"Ingestão de álcool pelo condutor";"Colisão frontal";"Sem Vítimas";"Plena Noite";"Decrescente";"Céu Claro";"Dupla";"Reta";"Não";3;0;0;0;2;1;0;2;-12,30757399;-39,04263987;"SPRF-BA";"DEL02-BA";"UOP01-DEL02-BA"
523188;2023-05-15;"segunda-feira";"05:26:00";"SP";116;282;"EMBU DAS ARTES";"Acessar a via sem observar a presença dos outros veículos";"Colisão lateral mesmo sentido";"Sem Vítimas";"Amanhecer";"Decrescente";"Nevoeiro/Neblina";"Dupla";"Reta";"Sim";4;0;0;0;4;0;0;2;-23,68570216;-46,85970975;"SPRF-SP";"DEL04-SP";"UOP01-DEL04-SP"
523190;2023-05-15;"segunda-feira";"05:40:00";"RJ";40;111;"DUQUE DE CAXIAS";"Manobra de mudança de faixa";"Engavetamento";"Com Vítimas Feridas";"Amanhecer";"Crescente";"Céu Claro";"Dupla";"Reta";"Sim";6;0;1;0;4;1;1;6;-22,691868;-43,287453;"SPRF-RJ";"DEL01-RJ";"UOP01-DEL01-RJ"
523191;2023-05-15;"segunda-feira";"06:00:00";"MG";381;482;"BETIM";"Ausência de reação do condutor";"Colisão traseira";"Com Vítimas Feridas";"Pleno dia";"Crescente";"Céu Claro";"Múltipla";"Reta";"Sim";2;0;1;0;1;0;1;2;-19,955532;-44,097209;"SPRF-MG";"DEL01-MG";"UOP03-DEL01-MG"
523195;2023-05-15;"segunda-feira";"05:10:00";"PE";424;59;"CAETES";"Reação tardia ou ineficiente do condutor";"Colisão traseira";"Sem Vítimas";"Pleno dia";"Decrescente";"Céu Claro";"Simples";"Reta";"Não";2;0;0;0;2;0;0;2;-8,73986646;-36,71041988;"SPRF-PE";"DEL03-PE";"UOP01-DEL03-PE"
523197;2023-05-15;"segunda-feira";"06:55:00";"RS";392;347;"SANTA MARIA";"Acessar a via sem observar a presença dos outros veículos";"Colisão transversal";"Com Vítimas Feridas";"Amanhecer";"Crescente";"Céu Claro";"Simples";"Reta";"Sim";4;0;1;1;1;2;2;4;-29,76125014;-53,78681035;"SPRF-RS";"DEL09-RS";"UOP01-DEL09-RS"
523198;2023-05-15;"segunda-feira";"00:30:00";"RJ";101;277;"TANGUA";"Reação tardia ou ineficiente do condutor";"Saída de leito carroçável";"Sem Vítimas";"Plena Noite";"Decrescente";"Céu Claro";"Dupla";"Reta";"Sim";1;0;0;0;1;0;0;1;-22,73943906;-42,748279;"SPRF-RJ";"DEL02-RJ";"UOP03-DEL02-RJ"
523210;2023-05-15;"segunda-feira";"07:40:00";"ES";262;120;"CONCEICAO DO CASTELO";"Velocidade Incompatível";"Saída de leito carroçável";"Com Vítimas Feridas";"Pleno dia";"Crescente";"Céu Claro";"Simples";"Curva;Declive";"Não";2;0;1;0;0;1;1;2;-20,29432099;-41,2279129;"SPRF-ES";"DEL01-ES";"UOP02-DEL01-ES"
523211;2023-05-15;"segunda-feira";"07:00:00";"MG";381;519;"IGARAPE";"Demais falhas mecânicas ou elétricas";"Incêndio";"Sem Vítimas";"Pleno dia";"Decrescente";"Céu Claro";"Dupla";"Reta;Declive";"Não";2;0;0;0;1;1;0;2;-20,12834104;-44,30330781;"SPRF-MG";"DEL04-MG";"UOP03-DEL04-MG"
523212;2023-05-15;"segunda-feira";"05:30:00";"CE";222;36,4;"CAUCAIA";"Reação tardia ou ineficiente do condutor";"Engavetamento";"Com Vítimas Feridas";"Amanhecer";"Decrescente";"Céu Claro";"Simples";"Reta;Aclive";"Não";7;0;1;2;3;1;3;6;-3,696523;-38,876855;"SPRF-CE";"DEL01-CE";"UOP01-DEL01-CE"
523218;2023-05-15;"segunda-feira";"07:30:00";"PI";135;128,4;"BERTOLINIA";"Problema com o freio";"Colisão traseira";"Com Vítimas Feridas";"Pleno dia";"Decrescente";"Céu Claro";"Simples";"Curva;Declive";"Não";4;0;2;0;2;0;2;2;-7,66967498;-43,94398391;"SPRF-PI";"DEL03-PI";"UOP01-DEL03-PI"
523222;2023-04-13;"quinta-feira";"08:30:00";"MG";116;469,5;"TARUMIRIM";"Velocidade Incompatível";"Tombamento";"Com Vítimas Fatais";"Pleno dia";"Crescente";"Céu Claro";"Múltipla";"Curva;Declive";"Não";5;1;0;3;0;1;3;3;-19,31645798;-42,07362474;"SPRF-MG";"DEL06-MG";"UOP02-DEL06-MG"
523227;2023-05-15;"segunda-feira";"07:40:00";"SC";282;2,9;"FLORIANOPOLIS";"Manobra de mudança de faixa";"Colisão lateral sentido oposto";"Com Vítimas Feridas";"Pleno dia";"Decrescente";"Céu Claro";"Dupla";"Reta";"Sim";3;0;0;1;2;0;1;3;-27,603289;-48,590416;"SPRF-SC";"DEL01-SC";"UOP01-DEL01-SC"
523228;2023-05-15;"segunda-feira";"07:30:00";"MT";364;568;"NOBRES";"Reação tardia ou ineficiente do condutor";"Tombamento";"Com Vítimas Feridas";"Pleno dia";"Crescente";"Céu Claro";"Dupla";"Curva";"Não";2;0;1;0;0;2;1;3;-14,67217165;-56,29996821;"SPRF-MT";"DEL01-MT";"UOP01-DEL01-MT"
523235;2023-04-29;"sábado";"19:15:00";"RO";319;59;"PORTO VELHO";"Manobra de mudança de faixa";"Colisão lateral mesmo sentido";"Sem Vítimas";"Plena Noite";"Decrescente";"Céu Claro";"Dupla";"Reta";"Sim";2;0;0;0;2;0;0;2;-8,74243772;-63,90287519;"SPRF-RO";"DEL01-RO";"UOP01-DEL01-RO"
523241;2023-05-15;"segunda-feira";"06:10:00";"GO";452;176,1;"ITUMBIARA";"Ausência de reação do condutor";"Colisão traseira";"Com Vítimas Fatais";"Amanhecer";"Crescente";"Céu Claro";"Simples";"Reta";"Não";3;1;0;0;1;2;0;4;-18,35517115;-49,38032508;"SPRF-GO";"DEL03-GO";"UOP02-DEL03-GO"
523242;2023-05-13;"sábado";"22:05:00";"SP";116;317;"JUQUITIBA";"Manobra de mudança de faixa";"Colisão lateral mesmo sentido";"Sem Vítimas";"Pleno dia";"Crescente";"Céu Claro";"Múltipla";"Reta";"Não";3;0;0;0;2;2;0;4;-23,91799802;-46,98973192;"SPRF-SP";"DEL04-SP";"UOP03-DEL04-SP"
523249;2023-05-15;"segunda-feira";"09:35:00";"RS";116;210,9;"MORRO REUTER";"Reação tardia ou ineficiente do condutor";"Colisão traseira";"Com Vítimas Feridas";"Pleno dia";"Crescente";"Céu Claro";"Simples";"Reta";"Sim";2;0;1;0;1;0;1;2;-29,50599374;-51,0997709;"SPRF-RS";"DEL05-RS";"UOP02-DEL05-RS"
523250;2023-04-10;"segunda-feira";"03:30:00";"MG";381;653;"SANTO ANTONIO DO AMPARO";"Condutor Dormindo";"Colisão traseira";"Com Vítimas Feridas";"Plena Noite";"Crescente";"Céu Claro";"Dupla";"Reta;Aclive";"Não";5;0;0;1;3;2;1;4;-20,98800417;-44,95317291;"SPRF-MG";"DEL04-MG";"UOP02-DEL04-MG"
523254;2023-05-15;"segunda-feira";"10:45:00";"PR";376;331;"ORTIGUEIRA";"Demais falhas mecânicas ou elétricas";"Tombamento";"Com Vítimas Feridas";"Pleno dia";"Decrescente";"Céu Claro";"Dupla";"Curva";"Sim";2;0;1;0;0;2;1;3;-24,0966;-51,042;"SPRF-PR";"DEL07-PR";"UOP02-DEL07-PR"
523257;2023-05-15;"segunda-feira";"10:49:00";"PR";277;35;"MORRETES";"Problema com o freio";"Colisão traseira";"Sem Vítimas";"Pleno dia";"Decrescente";"Céu Claro";"Dupla";"Declive";"Não";3;0;0;0;2;1;0;3;-25,55225338;-48,79892578;"SPRF-PR";"DEL01-PR";"UOP05-DEL01-PR"
523271;2023-05-15;"segunda-feira";"12:30:00";"RJ";493;11;"GUAPIMIRIM";"Condutor deixou de manter distância do veículo da frente";"Colisão traseira";"Com Vítimas Feridas";"Pleno dia";"Decrescente";"Céu Claro";"Simples";"Reta";"Não";5;0;3;0;1;1;3;3;-22,68668536;-42,95909846;"SPRF-RJ";"DEL04-RJ";"UOP02-DEL04-RJ"
523273;2023-05-15;"segunda-feira";"09:57:00";"MG";381;644,1;"SANTO ANTONIO DO AMPARO";"Condutor Dormindo";"Tombamento";"Com Vítimas Feridas";"Pleno dia";"Crescente";"Céu Claro";"Dupla";"Reta";"Não";2;0;1;0;1;0;1;1;-20,94919537;-44,8872138;"SPRF-MG";"DEL04-MG";"UOP02-DEL04-MG"
523275;2023-05-15;"segunda-feira";"08:50:00";"GO";153;314,9;"RIALMA";"Ultrapassagem Indevida";"Colisão lateral mesmo sentido";"Sem Vítimas";"Pleno dia";"Decrescente";"Céu Claro";"Simples";"Reta";"Não";3;0;0;0;1;2;0;2;-15,422967;-49,516889;"SPRF-GO";"DEL02-GO";"UOP02-DEL02-GO"
523280;2023-05-15;"segunda-feira";"13:50:00";"RS";290;19,1;"SANTO ANTONIO DA PATRULHA";"Manobra de mudança de faixa";"Colisão traseira";"Com Vítimas Feridas";"Pleno dia";"Decrescente";"Céu Claro";"Dupla";"Reta";"Não";3;0;1;0;2;0;1;2;-29,885031;-50,445997;"SPRF-RS";"DEL03-RS";"UOP01-DEL03-RS"
523283;2023-05-15;"segunda-feira";"14:35:00";"PR";277;648,1;"CEU AZUL";"Condutor deixou de manter distância do veículo da frente";"Colisão traseira";"Com Vítimas Feridas";"Pleno dia";"Decrescente";"Céu Claro";"Simples";"Reta";"Não";8;0;3;0;5;0;3;3;-25,18030737;-53,92161654;"SPRF-PR";"DEL05-PR";"UOP02-DEL05-PR"
523304;2023-05-15;"segunda-feira";"16:56:00";"SP";381;89;"GUARULHOS";"Ausência de reação do condutor";"Queda de ocupante de veículo";"Com Vítimas Feridas";"Anoitecer";"Crescente";"Céu Claro";"Dupla";"Reta";"Sim";4;0;1;0;2;1;1;3;-23,48469299;-46,55983288;"SPRF-SP";"DEL03-SP";"UOP01-DEL03-SP"
523308;2023-05-15;"segunda-feira";"16:25:00";"SC";101;107,9;"PENHA";"Condutor usando celular";"Engavetamento";"Com Vítimas Feridas";"Pleno dia";"Crescente";"Céu Claro";"Dupla";"Reta";"Não";3;0;0;1;2;0;1;3;-26,81930608;-48,68390282;"SPRF-SC";"DEL03-SC";"UOP02-DEL03-SC"
523313;2023-05-15;"segunda-feira";"16:40:00";"BA";242;847,8;"BARREIRAS";"Reação tardia ou ineficiente do condutor";"Tombamento";"Sem Vítimas";"Plena Noite";"Decrescente";"Céu Claro";"Simples";"Reta";"Não";2;0;0;0;1;2;0;3;-12,11380015;-45,26120202;"SPRF-BA";"DEL10-BA";"UOP01-DEL10-BA"
523319;2023-05-15;"segunda-feira";"18:00:00";"PR";376;14,9;"MARINGA";"Velocidade Incompatível";"Saída de leito carroçável";"Com Vítimas Fatais";"Anoitecer";"Crescente";"Céu Claro";"Dupla";"Reta";"Sim";4;1;0;0;1;3;0;5;-23,410784;-51,88002;"SPRF-PR";"DEL09-PR";"UOP01-DEL09-PR"
523330;2023-05-15;"segunda-feira";"20:35:00";"RJ";101;186,5;"CASIMIRO DE ABREU";"Transitar na contramão";"Colisão frontal";"Com Vítimas Feridas";"Plena Noite";"Decrescente";"Céu Claro";"Simples";"Reta";"Não";3;0;1;0;1;2;1;4;-22,43520581;-42,04301228;"SPRF-RJ";"DEL08-RJ";"UOP04-DEL08-RJ"
523339;2023-05-15;"segunda-feira";"13:00:00";"GO";70;291;"ITAPIRAPUA";"Falta de elemento de contenção que evite a saída do leito carroçável";"Saída de leito carroçável";"Com Vítimas Feridas";"Pleno dia";"Crescente";"Céu Claro";"Simples";"Ponte;Reta";"Não";1;0;1;0;0;0;1;1;-15,81710161;-50,6283474;"SPRF-GO";"DEL04-GO";"UOP02-DEL04-GO"
523340;2023-05-15;"segunda-feira";"20:20:00";"CE";116;113;"BEBERIBE";"Ausência de reação do condutor";"Colisão transversal";"Sem Vítimas";"Plena Noite";"Decrescente";"Nublado";"Simples";"Reta";"Sim";3;0;0;0;3;0;0;2;-4,59186603;-38,21142018;"SPRF-CE";"DEL03-CE";"UOP01-DEL03-CE"
523345;2023-05-15;"segunda-feira";"14:30:00";"MG";40;508,9;"RIBEIRAO DAS NEVES";"Manobra de mudança de faixa";"Atropelamento de Pedestre";"Com Vítimas Feridas";"Pleno dia";"Decrescente";"Céu Claro";"Dupla";"Reta";"Sim";2;0;0;1;0;1;1;2;-19,76615833;-44,12918329;"SPRF-MG";"DEL01-MG";"UOP02-DEL01-MG"
523346;2023-05-15;"segunda-feira";"19:15:00";"SC";282;489,7;"FAXINAL DOS GUEDES";"Ingestão de álcool pelo condutor";"Colisão lateral sentido oposto";"Sem Vítimas";"Plena Noite";"Decrescente";"Céu Claro";"Simples";"Reta";"Sim";3;0;0;0;2;2;0;4;-26,86628022;-52,27235913;"SPRF-SC";"DEL07-SC";"UOP01-DEL07-SC"
523347;2023-05-13;"sábado";"07:36:00";"TO";153;567,8;"FATIMA";"Manobra de mudança de faixa";"Colisão frontal";"Sem Vítimas";"Pleno dia";"Decrescente";"Céu Claro";"Simples";"Reta;Aclive";"Não";3;0;0;0;2;1;0;3;-10,81268313;-48,90313983;"SPRF-TO";"DEL01-TO";"UOP01-DEL01-TO"
523348;2023-05-15;"segunda-feira";"12:00:00";"MA";230;294;"SAMBAIBA";"Avarias e/ou desgaste excessivo no pneu";"Tombamento";"Com Vítimas Feridas";"Pleno dia";"Decrescente";"Ignorado";"Simples";"Aclive;Curva";"Não";1;0;1;0;0;0;1;1;-6,93032917;-45,32274291;"SPRF-MA";"DEL05-MA";"UOP01-DEL05-MA"
523350;2023-05-15;"segunda-feira";"09:52:00";"RO";364;295;"PRESIDENTE MEDICI";"Acostamento em desnível";"Tombamento";"Com Vítimas Feridas";"Pleno dia";"Crescente";"Céu Claro";"Simples";"Reta";"Não";3;0;1;0;0;3;1;4;-11,28920189;-61,89866179;"SPRF-RO";"DEL02-RO";"UOP01-DEL02-RO"
523352;2023-05-15;"segunda-feira";"17:10:00";"RJ";116;267;"BARRA MANSA";"Reação tardia ou ineficiente do condutor";"Colisão traseira";"Sem Vítimas";"Plena Noite";"Crescente";"Céu Claro";"Dupla";"Reta";"Não";3;0;0;0;2;2;0;4;-22,58964229;-44,10482516;"SPRF-RJ";"DEL07-RJ";"UOP02-DEL07-RJ"