"id";"data_inversa";"dia_semana";"horario";"uf";"br";"km";"municipio";"causa_acidente";"tipo_acidente";"classificacao_acidente";"fase_dia";"sentido_via";"condicao_metereologica";"tipo_pista";"tracado_via";"uso_solo";"pessoas";"mortos";"feridos_leves";"feridos_graves";"ilesos";"ignorados";"feridos";"veiculos";"latitude";"longitude";"regional";"delegacia";"uop"
523360;2023-05-15;"segunda-feira";"23:30:00";"PR";277;419,1;"CANTAGALO";"Ultrapassagem Indevida";"Colisão lateral sentido oposto";"Com Vítimas Feridas";"Plena Noite";"Decrescente";"Céu Claro";"Simples";"Reta";"Sim";6;0;2;0;3;2;2;5;-25,38986;-52,10909;"SPRF-PR";"DEL04-PR";"UOP02-DEL04-PR"
523364;2023-05-16;"terça-feira";"01:10:00";"RO";364;657;"CANDEIAS DO JAMARI";"Reação tardia ou ineficiente do condutor";"Saída de leito carroçável";"Com Vítimas Feridas";"Plena Noite";"Crescente";"Céu Claro";"Simples";"Reta";"Não";2;0;1;0;0;3;1;4;-8,85860999;-63,44479296;"SPRF-RO";"DEL01-RO";"UOP01-DEL01-RO"
523369;2023-05-16;"terça-feira";"05:10:00";"PE";408;88,6;"SAO LOURENCO DA MATA";"Condutor deixou de manter distância do veículo da frente";"Colisão traseira";"Com Vítimas Feridas";"Amanhecer";"Decrescente";"Céu Claro";"Dupla";"Reta";"Não";2;0;0;1;0;1;1;2;-7,97432974;-35,08598372;"SPRF-PE";"DEL01-PE";"UOP01-DEL01-PE"
523371;2023-05-15;"segunda-feira";"20:00:00";"PA";153;128,9;"SAO GERALDO DO ARAGUAIA";"Reação tardia ou ineficiente do condutor";"Colisão traseira";"Com Vítimas Fatais";"Plena Noite";"Crescente";"Nublado";"Simples";"Reta";"Não";5;1;0;2;1;2;2;4;-6,211721;-48,600048;"SPRF-PA";"DEL03-PA";"UOP01-DEL03-PA"
523372;2023-05-16;"terça-feira";"06:40:00";"MT";163;513;"DIAMANTINO";"Ausência de reação do condutor";"Colisão lateral sentido oposto";"Sem Vítimas";"Pleno dia";"Crescente";"Céu Claro";"Simples";"Aclive;Reta";"Não";4;0;0;0;4;0;0;2;-14,5656836;-56,2197257;"SPRF-MT";"DEL01-MT";"UOP01-DEL01-MT"
523373;2023-05-16;"terça-feira";"07:40:00";"RS";290;106;"ELDORADO DO SUL";"Manobra de mudança de faixa";"Colisão lateral mesmo sentido";"Sem Vítimas";"Pleno dia";"Decrescente";"Céu Claro";"Dupla";"Reta;Viaduto";"Sim";3;0;0;0;2;1;0;3;-29,998999;-51,294563;"SPRF-RS";"DEL02-RS";"UOP01-DEL02-RS"
523377;2023-05-16;"terça-feira";"04:25:00";"RJ";101;297,5;"ITABORAI";"Entrada inopinada do pedestre";"Atropelamento de Pedestre";"Com Vítimas Feridas";"Plena Noite";"Decrescente";"Céu Claro";"Múltipla";"Declive;Reta";"Sim";2;0;0;1;1;0;1;2;-22,771487;-42,923804;"SPRF-RJ";"DEL02-RJ";"UOP02-DEL02-RJ"
523380;2023-02-15;"quarta-feira";"10:10:00";"MG";381;237;"SANTANA DO PARAISO";"Ausência de reação do condutor";"Colisão traseira";"Com Vítimas Feridas";"Pleno dia";"Crescente";"Sol";"Simples";"Reta";"Não";4;0;1;0;2;5;1;8;-19,39363909;-42,48302693;"SPRF-MG";"DEL06-MG";"UOP01-DEL06-MG"
523382;2023-05-16;"terça-feira";"06:40:00";"RJ";101;576;"PARATY";"Ausência de reação do condutor";"Colisão frontal";"Com Vítimas Feridas";"Pleno dia";"Crescente";"Nublado";"Simples";"Reta";"Não";2;0;0;1;1;0;1;2;-23,22679237;-44,72881647;"SPRF-RJ";"DEL03-RJ";"UOP02-DEL03-RJ"
523384;2023-05-16;"terça-feira";"07:30:00";"MG";40;784;"JUIZ DE FORA";"Ausência de reação do condutor";"Colisão traseira";"Com Vítimas Feridas";"Pleno dia";"Crescente";"Nevoeiro/Neblina";"Dupla";"Curva";"Não";2;0;1;0;1;0;1;2;-21,71178893;-43,44743099;"SPRF-MG";"DEL05-MG";"UOP01-DEL05-MG"
523395;2023-05-04;"quinta-feira";"18:50:00";"PA";155;337;"MARABA";"Transitar na contramão";"Colisão frontal";"Com Vítimas Fatais";"Plena Noite";"Crescente";"Céu Claro";"Simples";"Reta;Aclive";"Não";2;1;0;0;1;0;0;2;-5,417997;-49,076339;"SPRF-PA";"DEL03-PA";"UOP01-DEL03-PA"
523400;2023-05-16;"terça-feira";"08:50:00";"MT";174;488;"COMODORO";"Carga excessiva e/ou mal acondicionada";"Colisão frontal";"Sem Vítimas";"Pleno dia";"Decrescente";"Céu Claro";"Simples";"Reta";"Não";1;0;0;0;1;0;0;1;-13,63885245;-59,79859708;"SPRF-MT";"DEL04-MT";"UOP02-DEL04-MT"
523402;2023-05-16;"terça-feira";"10:00:00";"PR";369;507;"CASCAVEL";"Transitar na contramão";"Colisão frontal";"Com Vítimas Fatais";"Pleno dia";"Crescente";"Céu Claro";"Simples";"Reta";"Não";6;1;1;0;0;5;1;7;-24,8386;-53,3091;"SPRF-PR";"DEL04-PR";"UOP03-DEL04-PR"
523403;2023-05-16;"terça-feira";"09:30:00";"SP";116;357;"MIRACATU";"Ausência de reação do condutor";"Colisão traseira";"Sem Vítimas";"Pleno dia";"Decrescente";"Sol";"Dupla";"Reta;Aclive";"Não";3;0;0;0;2;3;0;5;-24,09799899;-47,2538542;"SPRF-SP";"DEL04-SP";"UOP03-DEL04-SP"
523414;2023-05-15;"segunda-feira";"23:00:00";"MG";251;424,7;"GRAO MOGOL";"Condutor Dormindo";"Colisão com objeto";"Com Vítimas Feridas";"Plena Noite";"Crescente";"Céu Claro";"Simples";"Reta";"Não";2;0;1;0;0;1;1;2;-16,32147128;-43,11603569;"SPRF-MG";"DEL12-MG";"UOP02-DEL12-MG"
523415;2023-05-16;"terça-feira";"12:00:00";"MG";40;607,5;"CONGONHAS";"Manobra de mudança de faixa";"Colisão lateral mesmo sentido";"Com Vítimas Feridas";"Pleno dia";"Decrescente";"Céu Claro";"Simples";"Reta;Declive";"Não";4;0;2;0;1;1;2;3;-20,47579776;-43,84269847;"SPRF-MG";"DEL05-MG";"UOP02-DEL05-MG"
523418;2023-04-03;"segunda-feira";"11:15:00";"RS";472;427;"ITAQUI";"Ausência de reação do condutor";"Colisão traseira";"Com Vítimas Feridas";"Pleno dia";"Crescente";"Céu Claro";"Simples";"Em Obras;Reta";"Não";3;0;1;1;1;0;2;2;-28,84193498;-56,07526102;"SPRF-RS";"DEL12-RS";"UOP01-DEL12-RS"
523422;2023-05-16;"terça-feira";"10:40:00";"MG";251;283;"SALINAS";"Reação tardia ou ineficiente do condutor";"Colisão lateral mesmo sentido";"Sem Vítimas";"Pleno dia";"Crescente";"Céu Claro";"Simples";"Reta";"Não";5;0;0;0;4;5;0;9;-16,03954626;-42,13592897;"SPRF-MG";"DEL12-MG";"UOP01-DEL12-MG"
523425;2023-05-16;"terça-feira";"06:15:00";"RS";470;232,7;"CARLOS BARBOSA";"Desrespeitar a preferência no cruzamento";"Colisão transversal";"Com Vítimas Feridas";"Amanhecer";"Decrescente";"Céu Claro";"Simples";"Interseção de Vias;Retorno Regulamentado";"Não";6;0;1;0;4;1;1;2;-29,2984694;-51,48095727;"SPRF-RS";"DEL06-RS";"UOP01-DEL06-RS"
523427;2023-05-16;"terça-feira";"13:10:00";"PE";101;69,2;"RECIFE";"Acessar a via sem observar a presença dos outros veículos";"Colisão lateral mesmo sentido";"Sem Vítimas";"Pleno dia";"Decrescente";"Céu Claro";"Dupla";"Interseção de Vias";"Sim";3;0;0;0;2;1;0;3;-8,05951606;-34,94581024;"SPRF-PE";"DEL01-PE";"UOP01-DEL01-PE"
523432;2023-05-16;"terça-feira";"06:30:00";"PE";101;80;"JABOATAO DOS GUARARAPES";"Condutor deixou de manter distância do veículo da frente";"Colisão transversal";"Com Vítimas Fatais";"Pleno dia";"Crescente";"Céu Claro";"Dupla";"Retorno Regulamentado";"Não";4;1;1;0;1;2;1;4;-8,15112589;-34,9428866;"SPRF-PE";"DEL01-PE";"UOP01-DEL01-PE"
523433;2023-05-16;"terça-feira";"06:30:00";"PR";376;454,3;"TIBAGI";"Ausência de reação do condutor";"Colisão com objeto";"Sem Vítimas";"Pleno dia";"Decrescente";"Céu Claro";"Dupla";"Reta";"Não";1;0;0;0;1;0;0;1;-24,96428196;-50,38757595;"SPRF-PR";"DEL03-PR";"UOP02-DEL03-PR"
523452;2023-05-16;"terça-feira";"15:40:00";"BA";116;676;"JEQUIE";"Demais falhas mecânicas ou elétricas";"Saída de leito carroçável";"Sem Vítimas";"Pleno dia";"Crescente";"Céu Claro";"Simples";"Reta";"Não";1;0;0;0;1;0;0;1;-13,82572997;-40,11054482;"SPRF-BA";"DEL03-BA";"UOP01-DEL03-BA"
523454;2023-05-16;"terça-feira";"16:00:00";"MG";381;483,8;"BETIM";"Manobra de mudança de faixa";"Colisão traseira";"Sem Vítimas";"Pleno dia";"Decrescente";"Céu Claro";"Dupla";"Reta;Aclive";"Não";2;0;0;0;1;1;0;2;-19,95979596;-44,08555984;"SPRF-MG";"DEL01-MG";"UOP03-DEL01-MG"
523457;2023-05-16;"terça-feira";"14:05:00";"PR";376;328,2;"ORTIGUEIRA";"Ausência de reação do condutor";"Saída de leito carroçável";"Sem Vítimas";"Pleno dia";"Crescente";"Sol";"Dupla";"Declive;Curva";"Sim";1;0;0;0;1;0;0;1;-24,0790124;-51,05922282;"SPRF-PR";"DEL07-PR";"UOP02-DEL07-PR"
523458;2023-05-14;"domingo";"18:50:00";"SC";470;56;"BLUMENAU";"Entrada inopinada do pedestre";"Atropelamento de Pedestre";"Com Vítimas Feridas";"Plena Noite";"Crescente";"Céu Claro";"Simples";"Reta";"Não";4;0;0;2;1;1;2;3;-26,87674;-49,127743;"SPRF-SC";"DEL04-SC";"UOP01-DEL04-SC"
523459;2023-05-16;"terça-feira";"14:50:00";"MT";163;50;"ITIQUIRA";"Manobra de mudança de faixa";"Colisão lateral mesmo sentido";"Com Vítimas Feridas";"Pleno dia";"Decrescente";"Céu Claro";"Dupla";"Reta;Aclive";"Não";4;0;1;0;3;0;1;2;-17,074646;-54,75921033;"SPRF-MT";"DEL02-MT";"UOP03-DEL02-MT"
523460;2023-05-16;"terça-feira";"15:10:00";"MG";262;570;"CORREGO DANTA";"Ausência de reação do condutor";"Engavetamento";"Com Vítimas Fatais";"Pleno dia";"Crescente";"Céu Claro";"Simples";"Reta";"Não";9;2;1;2;2;4;3;8;-19,72961031;-46,0185403;"SPRF-MG";"DEL08-MG";"UOP02-DEL08-MG"
523462;2023-05-16;"terça-feira";"16:16:00";"GO";70;14,3;"AGUAS LINDAS DE GOIAS";"Acessar a via sem observar a presença dos outros veículos";"Colisão lateral mesmo sentido";"Com Vítimas Feridas";"Pleno dia";"Crescente";"Céu Claro";"Dupla";"Reta";"Sim";2;0;1;0;1;0;1;2;-15,75117968;-48,3251492;"SPRF-DF";"DEL03-DF";"UOP02-DEL03-DF"
523463;2023-05-16;"terça-feira";"15:40:00";"RS";290;213,7;"PANTANO GRANDE";"Acessar a via sem observar a presença dos outros veículos";"Colisão transversal";"Com Vítimas Feridas";"Pleno dia";"Crescente";"Céu Claro";"Simples";"Reta";"Sim";5;0;2;0;1;2;2;4;-30,18757338;-52,36101151;"SPRF-RS";"DEL02-RS";"UOP03-DEL02-RS"
523469;2023-05-16;"terça-feira";"13:20:00";"RJ";40;63;"PETROPOLIS";"Reação tardia ou ineficiente do condutor";"Colisão frontal";"Com Vítimas Feridas";"Pleno dia";"Crescente";"Sol";"Dupla";"Reta;Em Obras";"Não";3;0;0;2;1;0;2;2;-22,41855353;-43,1534726;"SPRF-RJ";"DEL06-RJ";"UOP01-DEL06-RJ"
523474;2023-05-16;"terça-feira";"17:40:00";"CE";222;3,3;"CAUCAIA";"Manobra de mudança de faixa";"Colisão lateral mesmo sentido";"Com Vítimas Feridas";"Anoitecer";"Decrescente";"Céu Claro";"Múltipla";"Reta";"Sim";2;0;1;0;0;1;1;2;-3,7403769;-38,59569202;"SPRF-CE";"DEL01-CE";"UOP01-DEL01-CE"
523475;2023-05-16;"terça-feira";"15:59:00";"PE";101;10,4;"GOIANA";"Ausência de reação do condutor";"Colisão traseira";"Com Vítimas Feridas";"Pleno dia";"Crescente";"Céu Claro";"Dupla";"Aclive";"Não";2;0;1;0;1;0;1;2;-7,61043695;-34,97530291;"SPRF-PE";"DEL01-PE";"UOP02-DEL01-PE"
523478;2023-03-05;"domingo";"16:45:00";"RO";364;508;"ARIQUEMES";"Reação tardia ou ineficiente do condutor";"Colisão lateral mesmo sentido";"Com Vítimas Feridas";"Pleno dia";"Decrescente";"Céu Claro";"Simples";"Reta";"Não";4;0;1;1;1;3;2;6;-9,97800567;-63,03088672;"SPRF-RO";"DEL03-RO";"UOP01-DEL03-RO"
523482;2023-05-04;"quinta-feira";"20:50:00";"AL";101;22;"JOAQUIM GOMES";"Reação tardia ou ineficiente do condutor";"Colisão lateral sentido oposto";"Sem Vítimas";"Plena Noite";"Crescente";"Chuva";"Simples";"Reta";"Não";4;0;0;0;2;2;0;4;-9,04019804;-35,69574399;"SPRF-AL";"DEL01-AL";"UOP02-DEL01-AL"
523484;2023-05-16;"terça-feira";"17:30:00";"PR";487;160;"ARARUNA";"Frear bruscamente";"Colisão lateral sentido oposto";"Com Vítimas Feridas";"Anoitecer";"Decrescente";"Céu Claro";"Simples";"Reta;Aclive";"Sim";4;0;1;1;1;2;2;4;-23,97291871;-52,55603888;"SPRF-PR";"DEL09-PR";"UOP03-DEL09-PR"
523487;2023-05-16;"terça-feira";"15:10:00";"MG";116;458,9;"ENGENHEIRO CALDAS";"Demais falhas mecânicas ou elétricas";"Colisão lateral sentido oposto";"Com Vítimas Feridas";"Pleno dia";"Decrescente";"Céu Claro";"Simples";"Reta";"Não";3;0;1;0;1;1;1;3;-19,21626114;-42,0573808;"SPRF-MG";"DEL06-MG";"UOP02-DEL06-MG"
523491;2023-05-16;"terça-feira";"18:00:00";"PE";101;49;"ABREU E LIMA";"Manobra de mudança de faixa";"Colisão lateral mesmo sentido";"Com Vítimas Feridas";"Plena Noite";"Decrescente";"Vento";"Múltipla";"Reta;Aclive";"Sim";4;0;1;0;3;0;1;2;-7,9005152;-34,90180641;"SPRF-PE";"DEL01-PE";"UOP02-DEL01-PE"
523493;2023-05-16;"terça-feira";"16:40:00";"MT";70;515;"VARZEA GRANDE";"Acessar a via sem observar a presença dos outros veículos";"Colisão transversal";"Com Vítimas Feridas";"Anoitecer";"Crescente";"Céu Claro";"Simples";"Reta";"Sim";4;0;1;0;2;1;1;3;-15,70527598;-56,14532059;"SPRF-MT";"DEL01-MT";"UOP02-DEL01-MT"
523496;2023-03-13;"segunda-feira";"16:44:00";"RS";293;53;"CERRITO";"Ausência de reação do condutor";"Colisão frontal";"Com Vítimas Feridas";"Pleno dia";"Decrescente";"Céu Claro";"Dupla";"Reta;Aclive";"Não";3;0;1;1;0;2;2;4;-31,72618303;-52,867977;"SPRF-RS";"DEL07-RS";"UOP01-DEL07-RS"
523502;2023-05-16;"terça-feira";"19:35:00";"GO";153;506,3;"APARECIDA DE GOIANIA";"Demais falhas na via";"Colisão lateral mesmo sentido";"Com Vítimas Feridas";"Anoitecer";"Decrescente";"Céu Claro";"Múltipla";"Retorno Regulamentado;Reta;Declive";"Sim";3;0;2;0;1;0;2;2;-16,7633;-49,24;"SPRF-GO";"DEL01-GO";"UOP01-DEL01-GO"
523508;2023-05-16;"terça-feira";"19:10:00";"SC";116;31,8;"ITAIOPOLIS";"Ultrapassagem Indevida";"Colisão lateral sentido oposto";"Sem Vítimas";"Plena Noite";"Decrescente";"Nublado";"Simples";"Reta";"Não";3;0;0;0;1;2;0;3;-26,31708989;-49,97099106;"SPRF-SC";"DEL06-SC";"UOP01-DEL06-SC"
523512;2023-05-16;"terça-feira";"20:20:00";"GO";50;312;"CUMARI";"Demais falhas mecânicas ou elétricas";"Incêndio";"Sem Vítimas";"Plena Noite";"Crescente";"Céu Claro";"Dupla";"Reta";"Não";2;0;0;0;1;2;0;3;-18,4142;-48,0818;"SPRF-GO";"DEL06-GO";"UOP01-DEL06-GO"
523520;2023-05-16;"terça-feira";"18:00:00";"SP";381;74,4;"SAO PAULO";"Velocidade Incompatível";"Tombamento";"Com Vítimas Fatais";"Anoitecer";"Decrescente";"Céu Claro";"Dupla";"Curva";"Não";3;1;0;0;0;2;0;3;-23,37707;-46,56435;"SPRF-SP";"DEL03-SP";"UOP01-DEL03-SP"
523522;2023-05-16;"terça-feira";"20:00:00";"BA";242;549;"OLIVEIRA DOS BREJINHOS";"Pedestre andava na pista";"Atropelamento de Pedestre";"Com Vítimas Fatais";"Plena Noite";"Crescente";"Ignorado";"Simples";"Reta";"Não";3;1;0;0;1;2;0;4;-12,17171791;-42,84378291;"SPRF-BA";"DEL10-BA";"UOP02-DEL10-BA"
523525;2023-05-16;"terça-feira";"22:00:00";"SC";282;493,8;"XANXERE";"Ingestão de álcool pelo condutor";"Saída de leito carroçável";"Com Vítimas Feridas";"Plena Noite";"Crescente";"Céu Claro";"Simples";"Reta";"Não";2;0;0;1;1;0;1;2;-26,869814;-52,310135;"SPRF-SC";"DEL07-SC";"UOP01-DEL07-SC"
523527;2023-05-16;"terça-feira";"22:15:00";"ES";101;351,5;"ANCHIETA";"Velocidade Incompatível";"Tombamento";"Com Vítimas Feridas";"Plena Noite";"Crescente";"Céu Claro";"Simples";"Curva;Declive";"Não";3;0;0;1;1;2;1;4;-20,66683838;-40,662117;"SPRF-ES";"DEL03-ES";"UOP01-DEL03-ES"
523532;2023-05-16;"terça-feira";"13:40:00";"MA";226;298,9;"BARRA DO CORDA";"Carga excessiva e/ou mal acondicionada";"Tombamento";"Sem Vítimas";"Pleno dia";"Decrescente";"Sol";"Simples";"Aclive;Curva";"Não";1;0;0;0;1;0;0;1;-5,50176103;-45,23562004;"SPRF-MA";"DEL06-MA";"UOP01-DEL06-MA"
523534;2023-05-16;"terça-feira";"22:35:00";"SC";470;333;"CAMPOS NOVOS";"Ausência de reação do condutor";"Colisão lateral sentido oposto";"Sem Vítimas";"Plena Noite";"Crescente";"Céu Claro";"Simples";"Reta";"Não";2;0;0;0;2;0;0;2;-27,48765;-51,322021;"SPRF-SC";"DEL07-SC";"UOP06-DEL07-SC"
523535;2023-05-16;"terça-feira";"21:30:00";"BA";116;508;"SANTA TERESINHA";"Ultrapassagem Indevida";"Colisão frontal";"Com Vítimas Feridas";"Plena Noite";"Crescente";"Céu Claro";"Simples";"Reta";"Não";3;0;0;2;0;1;2;3;-12,62503832;-39,59296284;"SPRF-BA";"DEL03-BA";"UOP02-DEL03-BA"
523538;2023-05-16;"terça-feira";"18:30:00";"PI";343;620,9;"FLORIANO";"Manobra de mudança de faixa";"Colisão frontal";"Com Vítimas Fatais";"Plena Noite";"Decrescente";"Céu Claro";"Simples";"Reta";"Não";4;1;0;0;3;0;0;2;-6,946492;-43,207981;"SPRF-PI";"DEL03-PI";"UOP01-DEL03-PI"
523540;2023-05-16;"terça-feira";"18:20:00";"MT";158;627,8;"AGUA BOA";"Ingestão de álcool pelo condutor";"Tombamento";"Sem Vítimas";"Anoitecer";"Crescente";"Céu Claro";"Simples";"Reta";"Não";2;0;0;0;1;2;0;3;-14,50888009;-52,29429484;"SPRF-MT";"DEL07-MT";"UOP02-DEL07-MT"
523541;2023-05-16;"terça-feira";"20:40:00";"MT";70;635;"POCONE";"Problema com o freio";"Incêndio";"Sem Vítimas";"Plena Noite";"Crescente";"Céu Claro";"Simples";"Reta";"Não";3;0;0;0;2;1;0;2;-15,93354302;-56,994916;"SPRF-MT";"DEL03-MT";"UOP02-DEL03-MT"
523545;2023-05-17;"quarta-feira";"05:00:00";"PE";101;37;"IGARASSU";"Reação tardia ou ineficiente do condutor";"Colisão com objeto";"Sem Vítimas";"Amanhecer";"Crescente";"Chuva";"Dupla";"Curva";"Não";2;0;0;0;1;1;0;2;-7,79726705;-34,9274932;"SPRF-PE";"DEL01-PE";"UOP02-DEL01-PE"
523546;2023-05-14;"domingo";"16:00:00";"PI";135;425;"REDENCAO DO GURGUEIA";"Ausência de reação do condutor";"Tombamento";"Com Vítimas Feridas";"Anoitecer";"Decrescente";"Chuva";"Simples";"Reta;Aclive;Em Obras";"Não";2;0;1;0;0;2;1;3;-9,50421778;-44,73706714;"SPRF-PI";"DEL03-PI";"UOP02-DEL03-PI"
523547;2023-05-17;"quarta-feira";"04:30:00";"PI";135;342;"SANTA LUZ";"Reação tardia ou ineficiente do condutor";"Tombamento";"Com Vítimas Feridas";"Amanhecer";"Decrescente";"Céu Claro";"Simples";"Curva";"Não";2;0;1;0;0;2;1;3;-9,02011103;-44,30158117;"SPRF-PI";"DEL03-PI";"UOP02-DEL03-PI"
523548;2023-05-16;"terça-feira";"23:26:00";"GO";60;223;"CEZARINA";"Manobra de mudança de faixa";"Tombamento";"Com Vítimas Feridas";"Anoitecer";"Decrescente";"Céu Claro";"Dupla";"Reta";"Não";2;0;0;1;0;1;1;2;-16,9998;-49,768;"SPRF-GO";"DEL01-GO";"UOP02-DEL01-GO"
523554;2023-05-17;"quarta-feira";"06:30:00";"RJ";40;47;"PETROPOLIS";"Reação tardia ou ineficiente do condutor";"Colisão transversal";"Com Vítimas Feridas";"Pleno dia";"Decrescente";"Céu Claro";"Dupla";"Reta";"Não";2;0;1;0;1;0;1;2;-22,29169833;-43,1279826;"SPRF-RJ";"DEL05-RJ";"UOP02-DEL05-RJ"
523555;2023-05-17;"quarta-feira";"06:50:00";"MG";381;707,2;"NEPOMUCENO";"Ausência de reação do condutor";"Tombamento";"Com Vítimas Feridas";"Pleno dia";"Decrescente";"Céu Claro";"Dupla";"Curva";"Não";2;0;1;0;0;1;1;2;-21,36199299;-45,19169583;"SPRF-MG";"DEL04-MG";"UOP02-DEL04-MG"
523556;2023-05-17;"quarta-feira";"07:20:00";"SC";470;48,7;"BLUMENAU";"Ausência de reação do condutor";"Colisão traseira";"Com Vítimas Feridas";"Amanhecer";"Decrescente";"Céu Claro";"Simples";"Em Obras;Reta";"Sim";3;0;1;0;1;1;1;3;-26,859823;-49,055393;"SPRF-SC";"DEL04-SC";"UOP01-DEL04-SC"
523562;2023-05-17;"quarta-feira";"05:30:00";"RJ";116;284,1;"BARRA MANSA";"Condutor deixou de manter distância do veículo da frente";"Colisão traseira";"Com Vítimas Feridas";"Amanhecer";"Decrescente";"Céu Claro";"Dupla";"Aclive;Reta";"Não";4;0;2;0;1;2;2;4;-22,51174295;-44,21705393;"SPRF-RJ";"DEL07-RJ";"UOP02-DEL07-RJ"
523569;2023-05-05;"sexta-feira";"08:00:00";"SC";470;7;"NAVEGANTES";"Condutor deixou de manter distância do veículo da frente";"Colisão lateral mesmo sentido";"Com Vítimas Feridas";"Pleno dia";"Crescente";"Sol";"Simples";"Em Obras;Desvio Temporário";"Não";2;0;1;0;1;0;1;2;-26,84499;-48,71505;"SPRF-SC";"DEL04-SC";"UOP04-DEL04-SC"
523576;2023-05-17;"quarta-feira";"07:47:00";"MT";364;345,9;"SANTO ANTONIO DO LEVERGER";"Reação tardia ou ineficiente do condutor";"Colisão com objeto";"Com Vítimas Feridas";"Pleno dia";"Crescente";"Sol";"Dupla";"Curva;Declive";"Não";6;0;2;0;3;6;2;10;-15,81787097;-55,53388099;"SPRF-MT";"DEL05-MT";"UOP02-DEL05-MT"
523579;2023-05-17;"quarta-feira";"03:50:00";"MG";381;929,7;"ITAPEVA";"Velocidade Incompatível";"Tombamento";"Sem Vítimas";"Plena Noite";"Crescente";"Nevoeiro/Neblina";"Dupla";"Curva";"Não";2;0;0;0;1;1;0;2;-22,79911462;-46,26123692;"SPRF-MG";"DEL16-MG";"UOP03-DEL16-MG"
523581;2023-05-17;"quarta-feira";"07:00:00";"PR";153;371;"RIO AZUL";"Ultrapassagem Indevida";"Colisão lateral sentido oposto";"Com Vítimas Feridas";"Amanhecer";"Crescente";"Nevoeiro/Neblina";"Simples";"Reta";"Não";4;0;1;1;1;1;2;3;-25,74661236;-50,81609661;"SPRF-PR";"DEL08-PR";"UOP02-DEL08-PR"
523586;2023-05-17;"quarta-feira";"09:45:00";"RS";158;96,4;"PALMEIRA DAS MISSOES";"Desrespeitar a preferência no cruzamento";"Colisão transversal";"Com Vítimas Feridas";"Pleno dia";"Crescente";"Céu Claro";"Simples";"Interseção de Vias";"Não";3;0;2;0;0;2;2;4;-27,86686695;-53,33312452;"SPRF-RS";"DEL08-RS";"UOP01-DEL08-RS"
523588;2023-05-17;"quarta-feira";"09:40:00";"MG";262;363,5;"JUATUBA";"Ausência de reação do condutor";"Tombamento";"Com Vítimas Feridas";"Pleno dia";"Decrescente";"Sol";"Dupla";"Reta";"Não";2;0;1;0;1;0;1;2;-19,98246402;-44,23138618;"SPRF-MG";"DEL01-MG";"UOP03-DEL01-MG"
523589;2023-04-23;"domingo";"14:45:00";"ES";262;95;"VENDA NOVA DO IMIGRANTE";"Acessar a via sem observar a presença dos outros veículos";"Colisão transversal";"Com Vítimas Feridas";"Pleno dia";"Crescente";"Nublado";"Simples";"Interseção de Vias";"Não";4;0;1;1;1;1;2;3;-20,3659225;-41,06040133;"SPRF-ES";"DEL01-ES";"UOP02-DEL01-ES"
523591;2023-05-01;"segunda-feira";"21:00:00";"AM";230;615;"HUMAITA";"Condutor Dormindo";"Saída de leito carroçável";"Sem Vítimas";"Plena Noite";"Decrescente";"Garoa/Chuvisco";"Simples";"Reta";"Sim";2;0;0;0;2;0;0;1;-7,52935352;-63,04771945;"SPRF-AM";"DEL01-AM";"UOP05-DEL01-AM"
523598;2023-05-17;"quarta-feira";"11:00:00";"SC";101;336;"TUBARAO";"Acesso irregular";"Colisão transversal";"Com Vítimas Feridas";"Pleno dia";"Crescente";"Céu Claro";"Dupla";"Reta";"Sim";2;0;1;0;1;0;1;2;-28,47311347;-49,02437375;"SPRF-SC";"DEL02-SC";"UOP01-DEL02-SC"
523600;2023-05-17;"quarta-feira";"11:00:00";"MG";50;21;"UBERLANDIA";"Reação tardia ou ineficiente do condutor";"Colisão traseira";"Com Vítimas Feridas";"Pleno dia";"Crescente";"Céu Claro";"Dupla";"Reta;Declive";"Não";4;0;1;0;2;3;1;6;-18,9113;-48,2622;"SPRF-MG";"DEL15-MG";"UOP02-DEL15-MG"
523604;2023-05-17;"quarta-feira";"11:20:00";"SC";282;59;"RANCHO QUEIMADO";"Ausência de reação do condutor";"Colisão transversal";"Com Vítimas Feridas";"Pleno dia";"Decrescente";"Céu Claro";"Simples";"Interseção de Vias";"Sim";6;0;2;0;4;0;2;2;-27,677965;-49,011559;"SPRF-SC";"DEL01-SC";"UOP03-DEL01-SC"
523609;2023-04-03;"segunda-feira";"16:55:00";"DF";20;9;"BRASILIA";"Demais falhas mecânicas ou elétricas";"Colisão lateral mesmo sentido";"Sem Vítimas";"Pleno dia";"Decrescente";"Chuva";"Dupla";"Reta";"Sim";4;0;0;0;4;0;0;3;-15,654671;-47,782917;"SPRF-DF";"DEL02-DF";"UOP01-DEL02-DF"
523617;2023-05-17;"quarta-feira";"13:15:00";"MG";267;30,6;"ARGIRITA";"Condutor deixou de manter distância do veículo da frente";"Colisão traseira";"Com Vítimas Feridas";"Pleno dia";"Decrescente";"Céu Claro";"Simples";"Reta";"Não";6;0;3;0;2;1;3;3;-21,64157078;-42,83885402;"SPRF-MG";"DEL07-MG";"UOP01-DEL07-MG"
523618;2023-05-17;"quarta-feira";"12:10:00";"PE";101;42,2;"IGARASSU";"Acessar a via sem observar a presença dos outros veículos";"Colisão transversal";"Com Vítimas Feridas";"Pleno dia";"Decrescente";"Céu Claro";"Múltipla";"Reta;Declive;Retorno Regulamentado";"Sim";7;0;0;4;3;0;4;3;-7,83887431;-34,91196739;"SPRF-PE";"DEL01-PE";"UOP02-DEL01-PE"