"id";"data_inversa";"dia_semana";"horario";"uf";"br";"km";"municipio";"causa_acidente";"tipo_acidente";"classificacao_acidente";"fase_dia";"sentido_via";"condicao_metereologica";"tipo_pista";"tracado_via";"uso_solo";"pessoas";"mortos";"feridos_leves";"feridos_graves";"ilesos";"ignorados";"feridos";"veiculos";"latitude";"longitude";"regional";"delegacia";"uop"
523929;2023-05-03;"quarta-feira";"19:00:00";"RS";285;371;"SALDANHA MARINHO";"Ultrapassagem Indevida";"Colisão com objeto";"Com Vítimas Feridas";"Plena Noite";"Decrescente";"Chuva";"Simples";"Reta;Aclive";"Não";3;0;1;0;0;2;1;3;-28,40193876;-53,07274554;"SPRF-RS";"DEL08-RS";"UOP03-DEL08-RS"
523932;2023-05-19;"sexta-feira";"06:40:00";"SC";101;215,8;"PALHOCA";"Mal súbito do condutor";"Colisão com objeto";"Com Vítimas Feridas";"Pleno dia";"Decrescente";"Céu Claro";"Múltipla";"Reta;Interseção de Vias";"Sim";2;0;1;0;0;1;1;2;-27,65184843;-48,67604941;"SPRF-SC";"DEL01-SC";"UOP02-DEL01-SC"
523933;2023-04-01;"sábado";"20:05:00";"SC";101;200;"SAO JOSE";"Frear bruscamente";"Colisão traseira";"Sem Vítimas";"Plena Noite";"Decrescente";"Céu Claro";"Dupla";"Reta";"Sim";4;0;0;0;3;1;0;3;-27,54018513;-48,62287714;"SPRF-SC";"DEL01-SC";"UOP01-DEL01-SC"
523934;2023-05-18;"quinta-feira";"22:10:00";"BA";242;293;"LAJEDINHO";"Manobra de mudança de faixa";"Colisão frontal";"Com Vítimas Fatais";"Plena Noite";"Decrescente";"Céu Claro";"Simples";"Curva;Aclive";"Não";7;4;0;1;1;1;1;3;-12,43819;-40,83766222;"SPRF-BA";"DEL06-BA";"UOP02-DEL06-BA"
523943;2023-05-16;"terça-feira";"06:30:00";"SC";101;261;"PAULO LOPES";"Condutor Dormindo";"Saída de leito carroçável";"Com Vítimas Feridas";"Amanhecer";"Crescente";"Céu Claro";"Dupla";"Reta";"Não";2;0;1;0;0;1;1;2;-28,02774;-48,704035;"SPRF-SC";"DEL02-SC";"UOP03-DEL02-SC"
523946;2023-05-19;"sexta-feira";"04:14:00";"RR";401;7;"CANTA";"Demais falhas mecânicas ou elétricas";"Incêndio";"Sem Vítimas";"Amanhecer";"Crescente";"Nublado";"Dupla";"Reta";"Sim";1;0;0;0;1;0;0;1;2,796781;-60,636566;"SPRF-RR";"DEL01-RR";"UOP01-DEL01-RR"
523950;2023-05-19;"sexta-feira";"08:02:00";"MA";135;13;"SAO LUIS";"Reação tardia ou ineficiente do condutor";"Colisão lateral mesmo sentido";"Sem Vítimas";"Pleno dia";"Crescente";"Céu Claro";"Dupla";"Aclive";"Não";2;0;0;0;2;0;0;2;-2,68053538;-44,29512283;"SPRF-MA";"DEL01-MA";"UOP01-DEL01-MA"
523961;2023-05-12;"sexta-feira";"13:20:00";"PR";153;335,3;"IRATI";"Acessar a via sem observar a presença dos outros veículos";"Colisão transversal";"Com Vítimas Feridas";"Pleno dia";"Decrescente";"Céu Claro";"Simples";"Reta";"Sim";3;0;1;0;2;0;1;2;-25,48894141;-50,64508883;"SPRF-PR";"DEL08-PR";"UOP02-DEL08-PR"
523964;2023-05-19;"sexta-feira";"09:00:00";"RJ";101;396;"ITAGUAI";"Manobra de mudança de faixa";"Saída de leito carroçável";"Com Vítimas Feridas";"Pleno dia";"Crescente";"Céu Claro";"Dupla";"Reta";"Não";3;0;1;0;1;1;1;2;-22,87854523;-43,73100666;"SPRF-RJ";"DEL03-RJ";"UOP01-DEL03-RJ"
523966;2023-05-19;"sexta-feira";"08:15:00";"MS";163;491,4;"CAMPO GRANDE";"Ausência de reação do condutor";"Colisão traseira";"Com Vítimas Feridas";"Pleno dia";"Crescente";"Céu Claro";"Simples";"Reta";"Sim";3;0;1;0;2;0;1;2;-20,38987;-54,551708;"SPRF-MS";"DEL01-MS";"UOP02-DEL01-MS"
523968;2023-05-19;"sexta-feira";"07:15:00";"PR";476;189,4;"LAPA";"Velocidade Incompatível";"Saída de leito carroçável";"Com Vítimas Feridas";"Amanhecer";"Decrescente";"Nevoeiro/Neblina";"Simples";"Curva";"Não";2;0;1;0;0;2;1;3;-25,71854;-49,677685;"SPRF-PR";"DEL01-PR";"UOP06-DEL01-PR"
523969;2023-05-19;"sexta-feira";"07:00:00";"RS";285;662;"SAO BORJA";"Reação tardia ou ineficiente do condutor";"Colisão traseira";"Com Vítimas Feridas";"Amanhecer";"Crescente";"Nublado";"Simples";"Reta";"Não";3;0;1;0;1;1;1;3;-28,655907;-55,900005;"SPRF-RS";"DEL12-RS";"UOP01-DEL12-RS"
523970;2023-05-18;"quinta-feira";"22:30:00";"GO";153;376;"SAO FRANCISCO DE GOIAS";"Reação tardia ou ineficiente do condutor";"Saída de leito carroçável";"Com Vítimas Feridas";"Plena Noite";"Decrescente";"Céu Claro";"Simples";"Interseção de Vias;Viaduto";"Não";1;0;1;0;0;0;1;1;-15,89364987;-49,23728943;"SPRF-GO";"DEL02-GO";"UOP02-DEL02-GO"
523973;2023-05-19;"sexta-feira";"10:40:00";"RS";448;10;"CANOAS";"Reação tardia ou ineficiente do condutor";"Colisão traseira";"Com Vítimas Feridas";"Pleno dia";"Crescente";"Céu Claro";"Dupla";"Viaduto";"Não";3;0;2;0;1;0;2;2;-29,88232755;-51,23645782;"SPRF-RS";"DEL01-RS";"UOP01-DEL01-RS"
523976;2023-05-19;"sexta-feira";"08:37:00";"SC";280;194,3;"MAFRA";"Acessar a via sem observar a presença dos outros veículos";"Colisão lateral mesmo sentido";"Com Vítimas Feridas";"Pleno dia";"Crescente";"Nevoeiro/Neblina";"Simples";"Curva;Declive";"Não";2;0;0;1;1;0;1;2;-26,17982857;-50,01575917;"SPRF-SC";"DEL06-SC";"UOP01-DEL06-SC"
523977;2023-05-19;"sexta-feira";"11:00:00";"GO";60;63;"ABADIANIA";"Ausência de reação do condutor";"Colisão lateral mesmo sentido";"Com Vítimas Feridas";"Pleno dia";"Decrescente";"Céu Claro";"Dupla";"Reta";"Não";9;0;7;0;1;2;7;4;-16,1936;-48,7279;"SPRF-GO";"DEL02-GO";"UOP01-DEL02-GO"
523982;2023-05-19;"sexta-feira";"10:15:00";"ES";101;428;"ATILIO VIVACQUA";"Problema com o freio";"Colisão traseira";"Com Vítimas Fatais";"Pleno dia";"Crescente";"Céu Claro";"Simples";"Reta";"Não";4;1;0;0;2;2;0;5;-21,01942295;-41,15230903;"SPRF-ES";"DEL03-ES";"UOP02-DEL03-ES"
523985;2023-05-19;"sexta-feira";"09:40:00";"RO";364;433;"JARU";"Ausência de reação do condutor";"Colisão traseira";"Sem Vítimas";"Pleno dia";"Decrescente";"Sol";"Simples";"Reta";"Não";3;0;0;0;3;0;0;2;-10,39528019;-62,53268714;"SPRF-RO";"DEL03-RO";"UOP02-DEL03-RO"
523988;2023-05-19;"sexta-feira";"10:45:00";"MS";463;13;"DOURADOS";"Reação tardia ou ineficiente do condutor";"Tombamento";"Com Vítimas Feridas";"Pleno dia";"Crescente";"Céu Claro";"Simples";"Reta";"Não";2;0;2;0;0;0;2;1;-22,24064411;-54,92719604;"SPRF-MS";"DEL04-MS";"UOP03-DEL04-MS"
523989;2023-05-19;"sexta-feira";"12:00:00";"PR";116;96;"SAO JOSE DOS PINHAIS";"Ausência de reação do condutor";"Colisão lateral mesmo sentido";"Com Vítimas Feridas";"Pleno dia";"Crescente";"Céu Claro";"Múltipla";"Reta";"Sim";5;0;1;0;1;3;1;5;-25,504848;-49,123226;"SPRF-PR";"DEL01-PR";"UOP07-DEL01-PR"
523992;2023-05-19;"sexta-feira";"11:10:00";"PR";163;159,5;"LINDOESTE";"Velocidade Incompatível";"Saída de leito carroçável";"Com Vítimas Feridas";"Pleno dia";"Crescente";"Sol";"Dupla";"Aclive;Curva";"Não";2;0;1;0;0;2;1;3;-25,34495402;-53,58666028;"SPRF-PR";"DEL05-PR";"UOP05-DEL05-PR"
523996;2023-05-19;"sexta-feira";"12:55:00";"SP";381;71;"MAIRIPORA";"Manobra de mudança de faixa";"Colisão traseira";"Com Vítimas Feridas";"Pleno dia";"Crescente";"Céu Claro";"Simples";"Curva;Aclive";"Sim";4;0;0;1;2;2;1;4;-23,35047979;-46,55267274;"SPRF-SP";"DEL03-SP";"UOP01-DEL03-SP"
523999;2023-03-25;"sábado";"14:30:00";"SC";470;331;"CAMPOS NOVOS";"Demais Fenômenos da natureza";"Incêndio";"Sem Vítimas";"Pleno dia";"Decrescente";"Céu Claro";"Simples";"Reta";"Não";2;0;0;0;1;2;0;3;-27,475849;-51,307117;"SPRF-SC";"DEL07-SC";"UOP06-DEL07-SC"
524001;2023-05-19;"sexta-feira";"11:40:00";"CE";222;63;"SAO GONCALO DO AMARANTE";"Condutor deixou de manter distância do veículo da frente";"Colisão traseira";"Com Vítimas Feridas";"Pleno dia";"Crescente";"Nublado";"Dupla";"Reta";"Sim";2;0;1;0;0;1;1;2;-3,67215268;-39,11763668;"SPRF-CE";"DEL01-CE";"UOP03-DEL01-CE"
524004;2023-05-19;"sexta-feira";"13:40:00";"GO";60;454;"JATAI";"Reação tardia ou ineficiente do condutor";"Saída de leito carroçável";"Com Vítimas Feridas";"Pleno dia";"Decrescente";"Céu Claro";"Dupla";"Reta;Aclive";"Não";2;0;1;0;0;1;1;2;-17,8614;-51,5611;"SPRF-GO";"DEL05-GO";"UOP01-DEL05-GO"
524011;2023-05-19;"sexta-feira";"13:30:00";"RJ";101;171;"MACAE";"Ausência de sinalização";"Colisão frontal";"Com Vítimas Feridas";"Pleno dia";"Decrescente";"Céu Claro";"Simples";"Curva";"Não";5;0;1;0;4;0;1;4;-22,36380992;-41,93502213;"SPRF-RJ";"DEL08-RJ";"UOP04-DEL08-RJ"
524018;2023-05-19;"sexta-feira";"13:50:00";"MS";163;483,4;"CAMPO GRANDE";"Acessar a via sem observar a presença dos outros veículos";"Colisão lateral mesmo sentido";"Com Vítimas Feridas";"Pleno dia";"Crescente";"Céu Claro";"Simples";"Reta";"Sim";4;0;1;0;2;1;1;3;-20,45726263;-54,54671829;"SPRF-MS";"DEL01-MS";"UOP02-DEL01-MS"
524020;2023-05-19;"sexta-feira";"15:00:00";"PR";277;583;"CASCAVEL";"Acessar a via sem observar a presença dos outros veículos";"Colisão lateral mesmo sentido";"Sem Vítimas";"Pleno dia";"Crescente";"Sol";"Dupla";"Reta";"Não";3;0;0;0;3;0;0;2;-24,97165493;-53,39428595;"SPRF-PR";"DEL04-PR";"UOP01-DEL04-PR"
524027;2023-05-19;"sexta-feira";"15:20:00";"GO";153;322,8;"RIANAPOLIS";"Reação tardia ou ineficiente do condutor";"Colisão traseira";"Com Vítimas Feridas";"Pleno dia";"Decrescente";"Céu Claro";"Simples";"Reta";"Não";3;0;1;0;1;4;1;6;-15,487623;-49,491069;"SPRF-GO";"DEL02-GO";"UOP02-DEL02-GO"
524029;2023-05-19;"sexta-feira";"15:10:00";"RS";287;271,1;"SANTA MARIA";"Ausência de reação do condutor";"Saída de leito carroçável";"Com Vítimas Feridas";"Pleno dia";"Decrescente";"Céu Claro";"Simples";"Reta";"Não";3;0;1;0;0;3;1;4;-29,66645294;-54,084251;"SPRF-RS";"DEL09-RS";"UOP01-DEL09-RS"
524030;2023-05-19;"sexta-feira";"16:45:00";"ES";101;215;"IBIRACU";"Acessar a via sem observar a presença dos outros veículos";"Colisão transversal";"Com Vítimas Feridas";"Pleno dia";"Decrescente";"Céu Claro";"Simples";"Reta";"Sim";4;0;2;0;2;0;2;3;-19,83184002;-40,38012995;"SPRF-ES";"DEL02-ES";"UOP01-DEL02-ES"
524033;2023-05-19;"sexta-feira";"16:10:00";"ES";101;290,5;"CARIACICA";"Ausência de reação do condutor";"Colisão traseira";"Com Vítimas Feridas";"Pleno dia";"Crescente";"Céu Claro";"Dupla";"Reta";"Não";2;0;1;0;1;0;1;2;-20,29755744;-40,39445616;"SPRF-ES";"DEL01-ES";"UOP01-DEL01-ES"
524034;2023-05-19;"sexta-feira";"16:50:00";"RS";116;142;"CAXIAS DO SUL";"Condutor desrespeitou a iluminação vermelha do semáforo";"Colisão transversal";"Sem Vítimas";"Pleno dia";"Decrescente";"Céu Claro";"Dupla";"Reta";"Sim";2;0;0;0;1;1;0;2;-29,11727;-51,115208;"SPRF-RS";"DEL05-RS";"UOP01-DEL05-RS"
524037;2023-05-19;"sexta-feira";"16:50:00";"SC";101;112;"ITAJAI";"Ausência de reação do condutor";"Colisão traseira";"Com Vítimas Feridas";"Anoitecer";"Decrescente";"Nublado";"Dupla";"Reta";"Não";2;0;1;0;1;0;1;2;-26,84589005;-48,72131295;"SPRF-SC";"DEL04-SC";"UOP04-DEL04-SC"
524040;2023-05-19;"sexta-feira";"17:30:00";"DF";20;3;"BRASILIA";"Problema com o freio";"Colisão traseira";"Com Vítimas Feridas";"Pleno dia";"Crescente";"Céu Claro";"Dupla";"Reta;Declive";"Sim";6;0;3;0;3;0;3;4;-15,679851;-47,832211;"SPRF-DF";"DEL02-DF";"UOP01-DEL02-DF"
524046;2023-05-19;"sexta-feira";"17:40:00";"ES";101;297,8;"CARIACICA";"Acessar a via sem observar a presença dos outros veículos";"Colisão lateral mesmo sentido";"Com Vítimas Feridas";"Anoitecer";"Decrescente";"Céu Claro";"Dupla";"Declive";"Sim";3;0;1;1;1;0;2;3;-20,34529844;-40,41026774;"SPRF-ES";"DEL01-ES";"UOP01-DEL01-ES"
524047;2023-05-19;"sexta-feira";"18:05:00";"SP";116;176;"GUARAREMA";"Pedestre cruzava a pista fora da faixa";"Atropelamento de Pedestre";"Com Vítimas Feridas";"Plena Noite";"Crescente";"Ignorado";"Dupla";"Reta;Declive";"Não";3;0;1;0;1;1;1;3;-23,32188281;-46,110083;"SPRF-SP";"DEL01-SP";"UOP01-DEL01-SP"
524053;2023-05-19;"sexta-feira";"18:20:00";"RS";290;75;"GRAVATAI";"Reação tardia ou ineficiente do condutor";"Engavetamento";"Com Vítimas Feridas";"Plena Noite";"Decrescente";"Céu Claro";"Múltipla";"Reta";"Sim";3;0;1;0;2;0;1;3;-29,95521;-51,006855;"SPRF-RS";"DEL01-RS";"UOP01-DEL01-RS"
524061;2023-02-04;"sábado";"22:00:00";"MG";40;646,5;"CRISTIANO OTONI";"Falta de acostamento";"Colisão traseira";"Com Vítimas Feridas";"Plena Noite";"Decrescente";"Ignorado";"Simples";"Reta";"Não";5;0;4;0;1;0;4;2;-20,79116504;-43,81052251;"SPRF-MG";"DEL05-MG";"UOP02-DEL05-MG"
524063;2023-05-19;"sexta-feira";"18:28:00";"SP";116;105;"TAUBATE";"Ausência de reação do condutor";"Queda de ocupante de veículo";"Com Vítimas Feridas";"Anoitecer";"Crescente";"Céu Claro";"Dupla";"Reta";"Sim";2;0;1;0;1;0;1;2;-23,00757973;-45,51466613;"SPRF-SP";"DEL02-SP";"UOP02-DEL02-SP"
524072;2023-05-19;"sexta-feira";"18:00:00";"BA";101;179;"FEIRA DE SANTANA";"Condutor deixou de manter distância do veículo da frente";"Colisão traseira";"Com Vítimas Feridas";"Plena Noite";"Crescente";"Céu Claro";"Simples";"Reta;Declive";"Não";5;0;0;1;3;1;1;4;-12,4117279;-38,89826202;"SPRF-BA";"DEL01-BA";"UOP03-DEL01-BA"
524073;2023-05-19;"sexta-feira";"16:36:00";"MG";381;660,8;"SANTO ANTONIO DO AMPARO";"Condutor Dormindo";"Colisão traseira";"Com Vítimas Feridas";"Pleno dia";"Decrescente";"Céu Claro";"Dupla";"Aclive";"Não";2;0;1;0;0;1;1;2;-21,032535;-45,002186;"SPRF-MG";"DEL04-MG";"UOP02-DEL04-MG"
524075;2023-05-19;"sexta-feira";"12:30:00";"MG";251;229;"SANTA CRUZ DE SALINAS";"Animais na Pista";"Atropelamento de Animal";"Com Vítimas Feridas";"Pleno dia";"Decrescente";"Sol";"Simples";"Reta;Declive";"Não";2;0;0;1;1;0;1;2;-15,9559651;-41,68341637;"SPRF-MG";"DEL12-MG";"UOP01-DEL12-MG"
524077;2023-05-19;"sexta-feira";"18:00:00";"MT";163;747;"SORRISO";"Reação tardia ou ineficiente do condutor";"Colisão lateral mesmo sentido";"Com Vítimas Feridas";"Plena Noite";"Crescente";"Céu Claro";"Dupla";"Retorno Regulamentado";"Sim";3;0;1;0;1;1;1;3;-12,598502;-55,747212;"SPRF-MT";"DEL06-MT";"UOP01-DEL06-MT"
524083;2023-05-19;"sexta-feira";"18:00:00";"MT";163;642;"NOVA MUTUM";"Ausência de reação do condutor";"Colisão traseira";"Com Vítimas Feridas";"Plena Noite";"Crescente";"Céu Claro";"Simples";"Reta";"Não";6;0;4;0;1;1;4;2;-13,539845;-56,026715;"SPRF-MT";"DEL01-MT";"UOP01-DEL01-MT"
524088;2023-05-19;"sexta-feira";"18:15:00";"RS";386;46,5;"SEBERI";"Condutor deixou de manter distância do veículo da frente";"Colisão traseira";"Com Vítimas Fatais";"Anoitecer";"Decrescente";"Céu Claro";"Simples";"Reta";"Não";4;1;0;0;2;1;0;4;-27,45904;-53,40793;"SPRF-RS";"DEL08-RS";"UOP02-DEL08-RS"
524091;2023-05-19;"sexta-feira";"19:05:00";"PR";369;442,9;"UBIRATA";"Manobra de mudança de faixa";"Colisão transversal";"Com Vítimas Feridas";"Plena Noite";"Decrescente";"Céu Claro";"Simples";"Reta";"Não";8;0;2;0;5;2;2;6;-24,53535308;-52,94785738;"SPRF-PR";"DEL04-PR";"UOP03-DEL04-PR"
524093;2023-05-19;"sexta-feira";"19:10:00";"MT";163;118;"RONDONOPOLIS";"Ausência de reação do condutor";"Colisão traseira";"Com Vítimas Feridas";"Plena Noite";"Crescente";"Céu Claro";"Dupla";"Reta";"Não";3;0;1;0;1;2;1;4;-16,51361392;-54,65519619;"SPRF-MT";"DEL02-MT";"UOP01-DEL02-MT"
524094;2023-05-19;"sexta-feira";"19:30:00";"RS";285;625;"SANTO ANTONIO DAS MISSOES";"Transitar na contramão";"Colisão lateral sentido oposto";"Com Vítimas Feridas";"Plena Noite";"Crescente";"Céu Claro";"Simples";"Reta";"Não";3;0;1;0;0;2;1;3;-28,531136;-55,530708;"SPRF-RS";"DEL12-RS";"UOP01-DEL12-RS"
524101;2023-05-19;"sexta-feira";"20:30:00";"MT";364;497;"JANGADA";"Ausência de reação do condutor";"Colisão traseira";"Com Vítimas Feridas";"Plena Noite";"Decrescente";"Céu Claro";"Simples";"Reta";"Não";3;0;0;1;1;3;1;5;-15,2702463;-56,4491103;"SPRF-MT";"DEL01-MT";"UOP02-DEL01-MT"
524104;2023-05-19;"sexta-feira";"19:40:00";"MG";116;552,5;"SANTA BARBARA DO LESTE";"Transitar na contramão";"Colisão frontal";"Com Vítimas Feridas";"Plena Noite";"Crescente";"Céu Claro";"Simples";"Reta";"Não";3;0;1;1;1;0;2;2;-19,98476697;-42,1434265;"SPRF-MG";"DEL06-MG";"UOP02-DEL06-MG"
524120;2023-05-19;"sexta-feira";"23:45:00";"SC";101;215;"PALHOCA";"Ausência de reação do condutor";"Colisão lateral mesmo sentido";"Com Vítimas Feridas";"Plena Noite";"Decrescente";"Céu Claro";"Múltipla";"Viaduto;Curva;Aclive";"Sim";3;0;1;0;1;1;1;3;-27,65184843;-48,67604941;"SPRF-SC";"DEL01-SC";"UOP02-DEL01-SC"
524122;2023-05-19;"sexta-feira";"22:30:00";"SC";116;214;"PONTE ALTA";"Velocidade Incompatível";"Tombamento";"Sem Vítimas";"Plena Noite";"Decrescente";"Nevoeiro/Neblina";"Simples";"Curva;Declive";"Não";2;0;0;0;0;3;0;3;-27,53188987;-50,37131713;"SPRF-SC";"DEL05-SC";"UOP03-DEL05-SC"
524128;2023-05-19;"sexta-feira";"23:35:00";"RO";364;427;"JARU";"Estacionar ou parar em local proibido";"Colisão traseira";"Com Vítimas Feridas";"Plena Noite";"Crescente";"Céu Claro";"Simples";"Reta";"Sim";5;0;1;0;2;2;1;4;-10,42731312;-62,48745208;"SPRF-RO";"DEL03-RO";"UOP02-DEL03-RO"
524129;2023-05-20;"sábado";"01:00:00";"PR";376;162,8;"MARINGA";"Ausência de reação do condutor";"Colisão traseira";"Com Vítimas Feridas";"Plena Noite";"Decrescente";"Céu Claro";"Dupla";"Reta";"Não";4;0;2;0;1;2;2;4;-23,37416543;-52,05262721;"SPRF-PR";"DEL09-PR";"UOP01-DEL09-PR"
524134;2023-05-20;"sábado";"01:45:00";"ES";101;162;"LINHARES";"Ausência de reação do condutor";"Colisão transversal";"Com Vítimas Feridas";"Plena Noite";"Crescente";"Céu Claro";"Simples";"Curva";"Não";4;0;1;1;1;1;2;3;-19,49015283;-40,12624024;"SPRF-ES";"DEL04-ES";"UOP01-DEL04-ES"
524135;2023-05-20;"sábado";"01:05:00";"PR";376;162,8;"MARINGA";"Objeto estático sobre o leito carroçável";"Colisão traseira";"Com Vítimas Feridas";"Plena Noite";"Crescente";"Céu Claro";"Dupla";"Reta";"Não";3;0;0;1;1;2;1;4;-23,3743427;-52,05218732;"SPRF-PR";"DEL09-PR";"UOP01-DEL09-PR"
524138;2023-05-20;"sábado";"02:00:00";"MG";381;892,5;"CAMBUI";"Ausência de reação do condutor";"Saída de leito carroçável";"Com Vítimas Feridas";"Plena Noite";"Decrescente";"Nevoeiro/Neblina";"Dupla";"Reta";"Não";3;0;2;0;1;0;2;1;-22,60214538;-46,05862156;"SPRF-MG";"DEL16-MG";"UOP03-DEL16-MG"
524139;2023-05-20;"sábado";"02:30:00";"SP";381;13,9;"BRAGANCA PAULISTA";"Condutor Dormindo";"Colisão traseira";"Com Vítimas Feridas";"Plena Noite";"Crescente";"Céu Claro";"Dupla";"Reta";"Não";2;0;0;1;1;0;1;2;-22,94112083;-46,47449533;"SPRF-SP";"DEL03-SP";"UOP02-DEL03-SP"
524158;2023-05-20;"sábado";"03:50:00";"BA";30;271;"CAETITE";"Faixas de trânsito com largura insuficiente";"Colisão lateral sentido oposto";"Com Vítimas Feridas";"Plena Noite";"Crescente";"Céu Claro";"Simples";"Curva";"Não";3;0;1;0;1;1;1;3;-14,09789655;-42,58010043;"SPRF-BA";"DEL08-BA";"UOP01-DEL08-BA"
524164;2023-05-20;"sábado";"07:05:00";"SP";116;457;"REGISTRO";"Ultrapassagem Indevida";"Colisão traseira";"Com Vítimas Feridas";"Pleno dia";"Decrescente";"Céu Claro";"Dupla";"Reta;Ponte";"Não";5;0;2;1;1;1;3;3;-24,58829794;-47,88151189;"SPRF-SP";"DEL05-SP";"UOP01-DEL05-SP"
524165;2023-05-20;"sábado";"06:45:00";"RJ";101;274;"TANGUA";"Demais Fenômenos da natureza";"Colisão traseira";"Com Vítimas Feridas";"Amanhecer";"Decrescente";"Nevoeiro/Neblina";"Dupla";"Viaduto";"Sim";3;0;1;0;2;0;1;3;-22,73506292;-42,71948103;"SPRF-RJ";"DEL02-RJ";"UOP03-DEL02-RJ"
524173;2023-05-20;"sábado";"04:30:00";"MG";40;179,5;"JOAO PINHEIRO";"Condutor Dormindo";"Saída de leito carroçável";"Com Vítimas Feridas";"Plena Noite";"Decrescente";"Céu Claro";"Dupla";"Aclive";"Não";4;0;1;0;2;1;1;2;-17,96722202;-45,989468;"SPRF-MG";"DEL14-MG";"UOP02-DEL14-MG"
524179;2023-05-20;"sábado";"07:20:00";"SP";116;87;"PINDAMONHANGABA";"Condutor deixou de manter distância do veículo da frente";"Colisão traseira";"Com Vítimas Feridas";"Pleno dia";"Decrescente";"Céu Claro";"Dupla";"Reta";"Não";4;0;1;0;2;1;1;3;-22,93065267;-45,36166116;"SPRF-SP";"DEL08-SP";"UOP01-DEL08-SP"
524184;2023-04-14;"sexta-feira";"20:30:00";"PR";376;471,7;"PONTA GROSSA";"Ausência de reação do condutor";"Saída de leito carroçável";"Com Vítimas Feridas";"Plena Noite";"Crescente";"Garoa/Chuvisco";"Dupla";"Curva";"Não";2;0;1;0;0;1;1;2;-25,022307;-50,333149;"SPRF-PR";"DEL03-PR";"UOP01-DEL03-PR"
524188;2023-05-20;"sábado";"07:00:00";"SC";282;531,3;"CORDILHEIRA ALTA";"Acesso irregular";"Colisão transversal";"Com Vítimas Feridas";"Amanhecer";"Crescente";"Nevoeiro/Neblina";"Simples";"Reta";"Sim";3;0;0;1;1;2;1;4;-26,990747;-52,609776;"SPRF-SC";"DEL07-SC";"UOP01-DEL07-SC"
524190;2023-05-20;"sábado";"09:00:00";"SP";116;309,1;"SAO LOURENCO DA SERRA";"Ausência de reação do condutor";"Colisão lateral mesmo sentido";"Com Vítimas Fatais";"Pleno dia";"Crescente";"Céu Claro";"Dupla";"Reta";"Não";3;1;0;0;1;1;0;3;-23,8717102;-46,96137189;"SPRF-SP";"DEL04-SP";"UOP01-DEL04-SP"
524197;2023-05-20;"sábado";"07:00:00";"PR";376;302;"MAUA DA SERRA";"Velocidade Incompatível";"Tombamento";"Com Vítimas Feridas";"Pleno dia";"Crescente";"Céu Claro";"Dupla";"Curva;Declive";"Não";2;0;1;0;0;2;1;3;-23,9743171;-51,1035821;"SPRF-PR";"DEL07-PR";"UOP02-DEL07-PR"
524199;2023-05-20;"sábado";"08:20:00";"GO";60;104,9;"GOIANAPOLIS";"Manobra de mudança de faixa";"Colisão lateral mesmo sentido";"Com Vítimas Feridas";"Pleno dia";"Crescente";"Céu Claro";"Dupla";"Reta";"Não";3;0;1;0;1;1;1;3;-16,4118;-49,0004;"SPRF-GO";"DEL02-GO";"UOP01-DEL02-GO"
524203;2023-05-20;"sábado";"08:35:00";"CE";222;313,1;"TIANGUA";"Manobra de mudança de faixa";"Colisão lateral mesmo sentido";"Com Vítimas Feridas";"Pleno dia";"Decrescente";"Céu Claro";"Dupla";"Reta";"Não";2;0;1;0;1;0;1;2;-3,7236142;-40,99670064;"SPRF-CE";"DEL04-CE";"UOP02-DEL04-CE"
524204;2023-03-13;"segunda-feira";"11:45:00";"RS";290;75;"GRAVATAI";"Demais falhas mecânicas ou elétricas";"Tombamento";"Com Vítimas Feridas";"Pleno dia";"Decrescente";"Céu Claro";"Simples";"Curva";"Sim";2;0;1;0;0;1;1;2;-29,95521;-51,006855;"SPRF-RS";"DEL01-RS";"UOP01-DEL01-RS"
524210;2023-05-20;"sábado";"10:35:00";"PE";101;42;"IGARASSU";"Trafegar com motocicleta (ou similar) entre as faixas";"Colisão lateral mesmo sentido";"Com Vítimas Fatais";"Pleno dia";"Crescente";"Céu Claro";"Dupla";"Aclive;Reta";"Sim";2;1;0;0;0;1;0;2;-7,85637001;-34,90842109;"SPRF-PE";"DEL01-PE";"UOP02-DEL01-PE"
524211;2023-03-18;"sábado";"05:50:00";"MT";163;540;"DIAMANTINO";"Chuva";"Saída de leito carroçável";"Com Vítimas Feridas";"Amanhecer";"Crescente";"Chuva";"Simples";"Reta";"Não";2;0;0;1;0;1;1;2;-14,38413105;-56,12218806;"SPRF-MT";"DEL01-MT";"UOP01-DEL01-MT"
524217;2023-05-20;"sábado";"08:35:00";"SC";282;421;"VARGEM BONITA";"Ultrapassagem Indevida";"Colisão frontal";"Sem Vítimas";"Pleno dia";"Decrescente";"Céu Claro";"Simples";"Reta;Aclive";"Não";2;0;0;0;1;1;0;2;-27,013739;-51,736528;"SPRF-SC";"DEL07-SC";"UOP05-DEL07-SC"
524220;2023-05-20;"sábado";"08:55:00";"SC";163;70,3;"SAO MIGUEL DO OESTE";"Manobra de mudança de faixa";"Colisão lateral mesmo sentido";"Com Vítimas Feridas";"Pleno dia";"Crescente";"Nublado";"Dupla";"Reta";"Sim";4;0;1;0;2;1;1;4;-26,73303942;-53,50911498;"SPRF-SC";"DEL07-SC";"UOP03-DEL07-SC"