"id";"data_inversa";"dia_semana";"horario";"uf";"br";"km";"municipio";"causa_acidente";"tipo_acidente";"classificacao_acidente";"fase_dia";"sentido_via";"condicao_metereologica";"tipo_pista";"tracado_via";"uso_solo";"pessoas";"mortos";"feridos_leves";"feridos_graves";"ilesos";"ignorados";"feridos";"veiculos";"latitude";"longitude";"regional";"delegacia";"uop"
524606;2023-05-21;"domingo";"14:33:00";"PA";163;805,2;"RUROPOLIS";"Ultrapassagem Indevida";"Colisão lateral mesmo sentido";"Com Vítimas Fatais";"Plena Noite";"Crescente";"Céu Claro";"Simples";"Reta;Declive";"Não";3;1;0;0;0;2;0;3;-3,969537;-54,891342;"SPRF-PA";"DEL05-PA";"UOP01-DEL05-PA"
524608;2023-05-22;"segunda-feira";"06:40:00";"PE";232;4,6;"RECIFE";"Manobra de mudança de faixa";"Colisão lateral mesmo sentido";"Com Vítimas Feridas";"Pleno dia";"Decrescente";"Céu Claro";"Dupla";"Reta;Ponte";"Sim";2;0;1;0;0;1;1;2;-8,064473;-34,936928;"SPRF-PE";"DEL01-PE";"UOP01-DEL01-PE"
524611;2023-05-22;"segunda-feira";"06:30:00";"SC";101;107,4;"PENHA";"Manobra de mudança de faixa";"Saída de leito carroçável";"Sem Vítimas";"Pleno dia";"Crescente";"Céu Claro";"Dupla";"Reta";"Não";4;0;0;0;4;0;0;2;-26,81930608;-48,68390282;"SPRF-SC";"DEL03-SC";"UOP02-DEL03-SC"
524618;2023-05-22;"segunda-feira";"08:00:00";"ES";101;289,9;"CARIACICA";"Reação tardia ou ineficiente do condutor";"Saída de leito carroçável";"Com Vítimas Feridas";"Pleno dia";"Crescente";"Garoa/Chuvisco";"Dupla";"Reta;Declive";"Não";3;0;1;0;1;1;1;2;-20,28729698;-40,39213657;"SPRF-ES";"DEL01-ES";"UOP01-DEL01-ES"
524625;2023-05-22;"segunda-feira";"06:50:00";"SC";470;273,7;"BRUNOPOLIS";"Velocidade Incompatível";"Engavetamento";"Com Vítimas Feridas";"Pleno dia";"Decrescente";"Céu Claro";"Simples";"Reta";"Não";8;0;2;0;5;1;2;4;-27,32579;-50,793224;"SPRF-SC";"DEL07-SC";"UOP06-DEL07-SC"
524631;2023-05-22;"segunda-feira";"08:05:00";"ES";101;289;"CARIACICA";"Chuva";"Colisão traseira";"Com Vítimas Feridas";"Pleno dia";"Decrescente";"Nublado";"Dupla";"Reta";"Sim";4;0;2;0;2;0;2;2;-20,28700923;-40,39218318;"SPRF-ES";"DEL01-ES";"UOP01-DEL01-ES"
524638;2023-05-22;"segunda-feira";"07:00:00";"MA";316;620,1;"TIMON";"Reação tardia ou ineficiente do condutor";"Colisão traseira";"Com Vítimas Feridas";"Pleno dia";"Crescente";"Céu Claro";"Simples";"Reta";"Sim";3;0;0;1;1;2;1;4;-5,12957158;-42,82131488;"SPRF-MA";"DEL03-MA";"UOP02-DEL03-MA"
524643;2023-05-22;"segunda-feira";"09:20:00";"GO";153;494;"GOIANIA";"Ausência de reação do condutor";"Colisão traseira";"Sem Vítimas";"Pleno dia";"Crescente";"Sol";"Dupla";"Aclive;Reta";"Sim";3;0;0;0;3;0;0;3;-16,6614;-49,2218;"SPRF-GO";"DEL01-GO";"UOP01-DEL01-GO"
524647;2023-05-22;"segunda-feira";"10:20:00";"ES";101;162;"LINHARES";"Reação tardia ou ineficiente do condutor";"Colisão traseira";"Sem Vítimas";"Pleno dia";"Crescente";"Céu Claro";"Simples";"Reta";"Sim";3;0;0;0;2;2;0;4;-19,49015283;-40,12624024;"SPRF-ES";"DEL04-ES";"UOP01-DEL04-ES"
524651;2023-05-22;"segunda-feira";"05:30:00";"RS";448;17;"CANOAS";"Ausência de reação do condutor";"Saída de leito carroçável";"Com Vítimas Feridas";"Plena Noite";"Decrescente";"Nublado";"Dupla";"Reta";"Sim";1;0;1;0;0;0;1;1;-29,937889;-51,207005;"SPRF-RS";"DEL01-RS";"UOP01-DEL01-RS"
524653;2023-05-22;"segunda-feira";"11:04:00";"SC";101;275,5;"IMBITUBA";"Ausência de reação do condutor";"Colisão traseira";"Com Vítimas Fatais";"Pleno dia";"Decrescente";"Nublado";"Dupla";"Reta";"Sim";2;1;0;0;1;0;0;2;-28,15371275;-48,69235039;"SPRF-SC";"DEL02-SC";"UOP03-DEL02-SC"
524657;2023-05-22;"segunda-feira";"09:30:00";"PE";424;32,2;"VENTUROSA";"Ultrapassagem Indevida";"Colisão lateral mesmo sentido";"Com Vítimas Feridas";"Pleno dia";"Crescente";"Garoa/Chuvisco";"Simples";"Reta";"Não";3;0;1;1;0;1;2;3;-8,59261097;-36,86223494;"SPRF-PE";"DEL04-PE";"UOP02-DEL04-PE"
524661;2023-05-17;"quarta-feira";"17:15:00";"RS";290;142;"ELDORADO DO SUL";"Ausência de reação do condutor";"Colisão traseira";"Com Vítimas Feridas";"Anoitecer";"Crescente";"Céu Claro";"Simples";"Reta";"Sim";2;0;1;0;1;0;1;2;-30,089678;-51,628311;"SPRF-RS";"DEL02-RS";"UOP01-DEL02-RS"
524663;2023-05-22;"segunda-feira";"11:30:00";"RO";364;8,4;"VILHENA";"Demais falhas mecânicas ou elétricas";"Colisão com objeto";"Sem Vítimas";"Pleno dia";"Decrescente";"Céu Claro";"Dupla";"Reta";"Sim";2;0;0;0;1;2;0;3;-12,76679409;-60,09631128;"SPRF-RO";"DEL04-RO";"UOP01-DEL04-RO"
524666;2023-05-22;"segunda-feira";"11:10:00";"PR";277;516,5;"GUARANIACU";"Reação tardia ou ineficiente do condutor";"Colisão traseira";"Com Vítimas Feridas";"Pleno dia";"Decrescente";"Nublado";"Simples";"Reta";"Não";2;0;1;0;1;0;1;2;-25,11722483;-52,81349172;"SPRF-PR";"DEL04-PR";"UOP04-DEL04-PR"
524670;2023-05-22;"segunda-feira";"06:10:00";"GO";158;17,6;"ARAGARCAS";"Transitar na contramão";"Colisão frontal";"Com Vítimas Fatais";"Pleno dia";"Crescente";"Céu Claro";"Simples";"Reta";"Não";4;1;0;0;2;2;0;4;-16,012334;-52,182789;"SPRF-GO";"DEL04-GO";"UOP02-DEL04-GO"
524673;2023-05-22;"segunda-feira";"12:35:00";"MG";381;420;"CAETE";"Acessar a via sem observar a presença dos outros veículos";"Colisão transversal";"Com Vítimas Feridas";"Pleno dia";"Decrescente";"Sol";"Dupla";"Interseção de Vias;Reta";"Sim";2;0;0;1;1;0;1;2;-19,77712975;-43,65501412;"SPRF-MG";"DEL01-MG";"UOP01-DEL01-MG"
524683;2023-05-22;"segunda-feira";"14:58:00";"BA";101;231,2;"SAPEACU";"Reação tardia ou ineficiente do condutor";"Colisão lateral sentido oposto";"Com Vítimas Feridas";"Pleno dia";"Decrescente";"Nublado";"Simples";"Aclive";"Não";3;0;1;0;1;1;1;3;-12,84349412;-39,20479086;"SPRF-BA";"DEL01-BA";"UOP02-DEL01-BA"
524691;2023-05-22;"segunda-feira";"16:00:00";"RS";392;49,7;"RIO GRANDE";"Condutor Dormindo";"Saída de leito carroçável";"Com Vítimas Feridas";"Pleno dia";"Crescente";"Céu Claro";"Dupla";"Reta";"Não";2;0;1;0;0;2;1;3;-31,88320305;-52,32070832;"SPRF-RS";"DEL07-RS";"UOP02-DEL07-RS"
524692;2023-05-22;"segunda-feira";"16:15:00";"PR";277;5;"PARANAGUA";"Condutor deixou de manter distância do veículo da frente";"Colisão traseira";"Com Vítimas Fatais";"Pleno dia";"Decrescente";"Nublado";"Dupla";"Reta";"Sim";3;2;0;0;1;0;0;2;-25,55699971;-48,56746674;"SPRF-PR";"DEL01-PR";"UOP05-DEL01-PR"
524695;2023-05-22;"segunda-feira";"14:40:00";"RJ";116;185;"NOVA IGUACU";"Acessar a via sem observar a presença dos outros veículos";"Colisão lateral mesmo sentido";"Com Vítimas Feridas";"Pleno dia";"Crescente";"Céu Claro";"Simples";"Reta";"Sim";3;0;2;0;0;1;2;2;-22,74151051;-43,45351823;"SPRF-RJ";"DEL01-RJ";"UOP02-DEL01-RJ"
524696;2023-05-22;"segunda-feira";"16:00:00";"PR";277;604,4;"SANTA TEREZA DO OESTE";"Ultrapassagem Indevida";"Colisão frontal";"Com Vítimas Feridas";"Pleno dia";"Decrescente";"Nublado";"Simples";"Reta;Aclive";"Não";2;0;0;1;1;0;1;2;-25,02905699;-53,569607;"SPRF-PR";"DEL05-PR";"UOP02-DEL05-PR"
524704;2023-05-22;"segunda-feira";"15:30:00";"ES";101;219,9;"IBIRACU";"Ausência de reação do condutor";"Colisão traseira";"Sem Vítimas";"Pleno dia";"Crescente";"Céu Claro";"Dupla";"Curva";"Sim";3;0;0;0;2;1;0;3;-19,86460092;-40,38336629;"SPRF-ES";"DEL02-ES";"UOP01-DEL02-ES"
524709;2023-05-22;"segunda-feira";"17:45:00";"MG";381;908,2;"CAMBUI";"Reação tardia ou ineficiente do condutor";"Tombamento";"Com Vítimas Feridas";"Anoitecer";"Decrescente";"Nublado";"Dupla";"Curva";"Não";2;0;1;0;0;1;1;2;-22,71744092;-46,12652111;"SPRF-MG";"DEL16-MG";"UOP03-DEL16-MG"
524711;2023-04-20;"quinta-feira";"18:10:00";"ES";101;337,4;"GUARAPARI";"Manobra de mudança de faixa";"Atropelamento de Pedestre";"Com Vítimas Fatais";"Plena Noite";"Crescente";"Nublado";"Dupla";"Curva";"Não";4;1;0;0;2;2;0;4;-20,63575379;-40,54199324;"SPRF-ES";"DEL03-ES";"UOP01-DEL03-ES"
524715;2023-05-22;"segunda-feira";"13:40:00";"BA";116;590;"IRAJUBA";"Ingestão de álcool pelo condutor";"Saída de leito carroçável";"Sem Vítimas";"Pleno dia";"Crescente";"Céu Claro";"Simples";"Curva";"Não";1;0;0;0;1;0;0;1;-13,13736057;-40,00011212;"SPRF-BA";"DEL03-BA";"UOP02-DEL03-BA"
524717;2023-05-22;"segunda-feira";"15:38:00";"MG";116;682;"MIRADOURO";"Conversão proibida";"Colisão lateral mesmo sentido";"Com Vítimas Feridas";"Pleno dia";"Decrescente";"Céu Claro";"Simples";"Curva";"Não";3;0;2;0;1;0;2;2;-20,95666795;-42,34992689;"SPRF-MG";"DEL07-MG";"UOP02-DEL07-MG"
524723;2023-03-31;"sexta-feira";"13:45:00";"SC";282;272,3;"SAO JOSE DO CERRITO";"Condutor deixou de manter distância do veículo da frente";"Colisão traseira";"Com Vítimas Feridas";"Pleno dia";"Crescente";"Céu Claro";"Simples";"Reta;Em Obras";"Não";4;0;2;1;1;0;3;4;-27,613758;-50,6968;"SPRF-SC";"DEL05-SC";"UOP02-DEL05-SC"
524731;2023-05-22;"segunda-feira";"19:30:00";"SP";381;39;"ATIBAIA";"Reação tardia ou ineficiente do condutor";"Colisão lateral mesmo sentido";"Sem Vítimas";"Plena Noite";"Decrescente";"Céu Claro";"Dupla";"Reta";"Sim";2;0;0;0;2;0;0;2;-23,1215761;-46,57471572;"SPRF-SP";"DEL03-SP";"UOP01-DEL03-SP"
524735;2023-05-22;"segunda-feira";"19:35:00";"PR";277;14,8;"PARANAGUA";"Reação tardia ou ineficiente do condutor";"Saída de leito carroçável";"Com Vítimas Fatais";"Plena Noite";"Decrescente";"Céu Claro";"Dupla";"Reta";"Não";4;1;1;1;0;2;2;3;-25,55447737;-48,65974545;"SPRF-PR";"DEL01-PR";"UOP05-DEL01-PR"
524742;2023-05-22;"segunda-feira";"20:25:00";"SC";101;147;"ITAPEMA";"Manobra de mudança de faixa";"Colisão lateral mesmo sentido";"Com Vítimas Feridas";"Plena Noite";"Decrescente";"Nublado";"Múltipla";"Reta";"Sim";5;0;1;0;1;3;1;4;-27,09237407;-48,61730888;"SPRF-SC";"DEL04-SC";"UOP03-DEL04-SC"
524749;2023-05-22;"segunda-feira";"18:50:00";"RJ";101;236;"SILVA JARDIM";"Manobra de mudança de faixa";"Colisão traseira";"Com Vítimas Feridas";"Plena Noite";"Decrescente";"Céu Claro";"Dupla";"Reta";"Não";7;0;3;2;1;1;5;3;-22,61013794;-42,40427401;"SPRF-RJ";"DEL02-RJ";"UOP03-DEL02-RJ"
524759;2023-05-22;"segunda-feira";"21:00:00";"MG";267;267,5;"AIURUOCA";"Carga excessiva e/ou mal acondicionada";"Saída de leito carroçável";"Com Vítimas Feridas";"Plena Noite";"Crescente";"Céu Claro";"Simples";"Curva";"Não";2;0;1;0;0;1;1;2;-21,93231153;-44,63637015;"SPRF-MG";"DEL17-MG";"UOP01-DEL17-MG"
524761;2023-05-22;"segunda-feira";"14:20:00";"SC";470;201;"PONTE ALTA";"Ausência de reação do condutor";"Saída de leito carroçável";"Sem Vítimas";"Pleno dia";"Decrescente";"Nublado";"Simples";"Reta";"Não";2;0;0;0;1;1;0;2;-27,298632;-50,143291;"SPRF-SC";"DEL05-SC";"UOP03-DEL05-SC"
524764;2023-05-22;"segunda-feira";"20:30:00";"PR";487;110,3;"CRUZEIRO DO OESTE";"Transitar na contramão";"Colisão frontal";"Com Vítimas Fatais";"Plena Noite";"Crescente";"Nublado";"Simples";"Reta;Declive";"Não";4;1;0;2;1;0;2;3;-23,80831805;-53,01059102;"SPRF-PR";"DEL09-PR";"UOP03-DEL09-PR"
524765;2023-05-22;"segunda-feira";"22:00:00";"CE";20;274,5;"MARANGUAPE";"Pista Escorregadia";"Tombamento";"Com Vítimas Feridas";"Pleno dia";"Crescente";"Chuva";"Simples";"Reta";"Não";2;0;1;0;1;0;1;1;-3,95;-38,87;"SPRF-CE";"DEL02-CE";"UOP01-DEL02-CE"
524772;2023-05-23;"terça-feira";"00:00:00";"PA";316;80;"CASTANHAL";"Pedestre andava na pista";"Atropelamento de Pedestre";"Com Vítimas Feridas";"Plena Noite";"Crescente";"Céu Claro";"Simples";"Reta";"Não";4;0;0;1;2;2;1;4;-1,30379211;-47,78865199;"SPRF-PA";"DEL01-PA";"UOP02-DEL01-PA"
524775;2023-05-23;"terça-feira";"00:50:00";"RJ";393;235;"VASSOURAS";"Ausência de sinalização";"Colisão frontal";"Com Vítimas Fatais";"Plena Noite";"Crescente";"Céu Claro";"Simples";"Reta";"Sim";3;1;0;0;1;1;0;3;-22,38370934;-43,64221072;"SPRF-RJ";"DEL05-RJ";"UOP03-DEL05-RJ"
524777;2023-04-28;"sexta-feira";"08:00:00";"PR";277;654;"MATELANDIA";"Ultrapassagem Indevida";"Colisão frontal";"Com Vítimas Feridas";"Pleno dia";"Crescente";"Céu Claro";"Simples";"Reta";"Não";4;0;1;0;2;2;1;5;-25,22232211;-53,9513177;"SPRF-PR";"DEL05-PR";"UOP02-DEL05-PR"
524779;2023-05-23;"terça-feira";"01:50:00";"SC";101;142;"ITAPEMA";"Ingestão de álcool pelo condutor";"Colisão lateral mesmo sentido";"Sem Vítimas";"Plena Noite";"Decrescente";"Céu Claro";"Dupla";"Curva";"Sim";4;0;0;0;2;2;0;4;-27,056089;-48,599449;"SPRF-SC";"DEL04-SC";"UOP03-DEL04-SC"
524783;2023-05-23;"terça-feira";"03:32:00";"MA";135;0;"SAO LUIS";"Reação tardia ou ineficiente do condutor";"Colisão com objeto";"Sem Vítimas";"Plena Noite";"Decrescente";"Céu Claro";"Dupla";"Curva";"Sim";2;0;0;0;1;3;0;4;-2,67470315;-44,29565191;"SPRF-MA";"DEL01-MA";"UOP01-DEL01-MA"
524785;2023-05-23;"terça-feira";"05:05:00";"MS";262;320;"CAMPO GRANDE";"Ausência de sinalização";"Colisão lateral sentido oposto";"Com Vítimas Feridas";"Amanhecer";"Decrescente";"Sol";"Simples";"Reta;Em Obras";"Não";12;0;1;1;9;2;2;4;-20,47012216;-54,47732401;"SPRF-MS";"DEL01-MS";"UOP01-DEL01-MS"
524786;2023-05-23;"terça-feira";"04:45:00";"MG";116;291;"TEOFILO OTONI";"Pista esburacada";"Colisão lateral sentido oposto";"Sem Vítimas";"Amanhecer";"Crescente";"Céu Claro";"Simples";"Curva";"Não";3;0;0;0;2;1;0;3;-17,97623406;-41,54707092;"SPRF-MG";"DEL11-MG";"UOP01-DEL11-MG"
524787;2023-05-23;"terça-feira";"05:45:00";"SE";101;69,5;"MARUIM";"Ultrapassagem Indevida";"Colisão frontal";"Com Vítimas Feridas";"Amanhecer";"Decrescente";"Chuva";"Simples";"Reta";"Não";3;0;1;1;1;0;2;2;-10,72937357;-37,0810103;"SPRF-SE";"DEL01-SE";"UOP01-DEL01-SE"
524790;2023-05-23;"terça-feira";"07:00:00";"RS";158;323;"SANTA MARIA";"Acessar a via sem observar a presença dos outros veículos";"Colisão lateral mesmo sentido";"Com Vítimas Feridas";"Amanhecer";"Crescente";"Céu Claro";"Dupla";"Reta;Viaduto";"Sim";2;0;1;0;1;0;1;2;-29,70109785;-53,79223287;"SPRF-RS";"DEL09-RS";"UOP01-DEL09-RS"
524791;2023-05-23;"terça-feira";"05:40:00";"MS";267;132,1;"NOVA ANDRADINA";"Manobra de mudança de faixa";"Colisão lateral sentido oposto";"Com Vítimas Feridas";"Amanhecer";"Crescente";"Céu Claro";"Dupla";"Reta";"Não";8;0;4;1;2;4;5;8;-21,72404541;-53,32041922;"SPRF-MS";"DEL02-MS";"UOP03-DEL02-MS"
524794;2023-05-23;"terça-feira";"06:50:00";"PR";376;435;"TIBAGI";"Manobra de mudança de faixa";"Colisão lateral mesmo sentido";"Com Vítimas Feridas";"Amanhecer";"Crescente";"Céu Claro";"Dupla";"Reta";"Não";8;0;2;0;5;2;2;5;-24,82838892;-50,47874774;"SPRF-PR";"DEL03-PR";"UOP02-DEL03-PR"
524800;2023-05-23;"terça-feira";"07:30:00";"PE";101;74;"RECIFE";"Condutor deixou de manter distância do veículo da frente";"Colisão traseira";"Com Vítimas Feridas";"Pleno dia";"Crescente";"Nublado";"Dupla";"Reta";"Sim";3;0;2;0;0;1;2;2;-8,10146485;-34,94901577;"SPRF-PE";"DEL01-PE";"UOP01-DEL01-PE"
524803;2023-05-23;"terça-feira";"07:10:00";"PR";116;116;"CURITIBA";"Trafegar com motocicleta (ou similar) entre as faixas";"Colisão traseira";"Com Vítimas Feridas";"Pleno dia";"Crescente";"Céu Claro";"Dupla";"Reta";"Sim";6;0;1;1;4;0;2;4;-25,55468195;-49,27402397;"SPRF-PR";"DEL01-PR";"UOP03-DEL01-PR"
524804;2023-05-23;"terça-feira";"08:15:00";"SC";101;232;"PALHOCA";"Ausência de reação do condutor";"Colisão lateral mesmo sentido";"Com Vítimas Feridas";"Pleno dia";"Crescente";"Céu Claro";"Dupla";"Curva;Desvio Temporário;Em Obras;Aclive";"Não";2;0;1;0;1;0;1;2;-27,795666;-48,638153;"SPRF-SC";"DEL01-SC";"UOP02-DEL01-SC"
524805;2023-05-23;"terça-feira";"07:50:00";"MG";50;36;"ARAGUARI";"Reação tardia ou ineficiente do condutor";"Colisão traseira";"Com Vítimas Feridas";"Pleno dia";"Decrescente";"Sol";"Dupla";"Reta";"Sim";3;0;0;1;1;1;1;3;-18,65453092;-48,14727203;"SPRF-MG";"DEL15-MG";"UOP02-DEL15-MG"
524807;2023-04-17;"segunda-feira";"11:45:00";"MG";40;747,3;"SANTOS DUMONT";"Acessar a via sem observar a presença dos outros veículos";"Colisão transversal";"Com Vítimas Feridas";"Pleno dia";"Crescente";"Céu Claro";"Simples";"Curva;Interseção de Vias";"Sim";3;0;1;0;1;1;1;3;-21,4328731;-43,55221915;"SPRF-MG";"DEL05-MG";"UOP01-DEL05-MG"
524810;2023-05-23;"terça-feira";"08:03:00";"PR";277;40,8;"MORRETES";"Manobra de mudança de faixa";"Colisão traseira";"Com Vítimas Feridas";"Pleno dia";"Decrescente";"Céu Claro";"Dupla";"Curva;Declive";"Não";3;0;1;0;1;1;1;2;-25,58105588;-48,87675762;"SPRF-PR";"DEL01-PR";"UOP01-DEL01-PR"
524813;2023-05-23;"terça-feira";"08:40:00";"PR";116;12;"COLOMBO";"Condutor deixou de manter distância do veículo da frente";"Colisão traseira";"Sem Vítimas";"Pleno dia";"Crescente";"Céu Claro";"Dupla";"Reta";"Sim";2;0;0;0;2;0;0;2;-25,37619201;-49,15161967;"SPRF-PR";"DEL01-PR";"UOP02-DEL01-PR"
524815;2023-05-07;"domingo";"08:00:00";"AM";174;901;"MANAUS";"Ultrapassagem Indevida";"Colisão traseira";"Com Vítimas Feridas";"Pleno dia";"Crescente";"Céu Claro";"Simples";"Reta";"Não";25;0;19;3;1;2;22;3;-2,82570798;-60,03474185;"SPRF-AM";"DEL01-AM";"UOP01-DEL01-AM"
524821;2023-05-23;"terça-feira";"09:15:00";"SC";101;187;"BIGUACU";"Velocidade Incompatível";"Colisão lateral mesmo sentido";"Sem Vítimas";"Pleno dia";"Decrescente";"Céu Claro";"Múltipla";"Reta";"Sim";4;0;0;0;4;0;0;4;-27,44307116;-48,62848475;"SPRF-SC";"DEL01-SC";"UOP01-DEL01-SC"
524827;2023-05-23;"terça-feira";"07:20:00";"BA";110;272;"INHAMBUPE";"Condutor Dormindo";"Colisão lateral sentido oposto";"Com Vítimas Feridas";"Pleno dia";"Crescente";"Chuva";"Simples";"Reta";"Não";2;0;1;0;1;0;1;2;-11,66631687;-38,30804228;"SPRF-BA";"DEL01-BA";"UOP04-DEL01-BA"
524833;2023-05-23;"terça-feira";"10:40:00";"SE";101;172;"SANTA LUZIA DO ITANHY";"Frear bruscamente";"Colisão frontal";"Com Vítimas Feridas";"Pleno dia";"Crescente";"Chuva";"Simples";"Reta";"Não";3;0;1;1;0;3;2;5;-11,33829;-37,59416;"SPRF-SE";"DEL02-SE";"UOP01-DEL02-SE"
524834;2023-05-23;"terça-feira";"06:15:00";"MG";262;553,1;"LUZ";"Velocidade Incompatível";"Tombamento";"Com Vítimas Feridas";"Amanhecer";"Decrescente";"Céu Claro";"Simples";"Curva";"Não";2;0;0;1;0;1;1;2;-19,71984814;-45,87787628;"SPRF-MG";"DEL08-MG";"UOP02-DEL08-MG"
524835;2023-03-03;"sexta-feira";"11:30:00";"GO";60;124;"GOIANAPOLIS";"Condutor usando celular";"Colisão traseira";"Com Vítimas Feridas";"Pleno dia";"Crescente";"Céu Claro";"Dupla";"Aclive";"Não";3;0;0;1;1;1;1;3;-16,5243;-49,1313;"SPRF-GO";"DEL01-GO";"UOP01-DEL01-GO"
524841;2023-05-23;"terça-feira";"11:45:00";"RS";116;361;"TAPES";"Conversão proibida";"Colisão frontal";"Com Vítimas Feridas";"Pleno dia";"Crescente";"Céu Claro";"Simples";"Reta";"Não";2;0;1;0;1;0;1;2;-30,63341897;-51,54988909;"SPRF-RS";"DEL02-RS";"UOP02-DEL02-RS"
524842;2023-05-23;"terça-feira";"09:15:00";"PI";316;310;"PICOS";"Reação tardia ou ineficiente do condutor";"Colisão lateral mesmo sentido";"Com Vítimas Feridas";"Pleno dia";"Crescente";"Céu Claro";"Simples";"Reta;Rotatória";"Sim";4;0;2;0;1;1;2;3;-7,07639186;-41,47475001;"SPRF-PI";"DEL04-PI";"UOP01-DEL04-PI"
524847;2023-05-23;"terça-feira";"11:50:00";"RS";285;419,6;"PANAMBI";"Transitar na contramão";"Colisão frontal";"Com Vítimas Fatais";"Pleno dia";"Decrescente";"Céu Claro";"Simples";"Reta";"Não";3;1;0;0;1;1;0;3;-28,342995;-53,541256;"SPRF-RS";"DEL10-RS";"UOP01-DEL10-RS"
524849;2023-05-23;"terça-feira";"13:30:00";"MG";381;365;"SAO GONCALO DO RIO ABAIXO";"Velocidade Incompatível";"Tombamento";"Com Vítimas Feridas";"Pleno dia";"Decrescente";"Nublado";"Simples";"Curva";"Não";2;0;0;1;0;1;1;2;-19,854651;-43,261071;"SPRF-MG";"DEL03-MG";"UOP01-DEL03-MG"
524850;2023-05-23;"terça-feira";"11:50:00";"AC";364;126;"RIO BRANCO";"Pedestre andava na pista";"Atropelamento de Pedestre";"Com Vítimas Feridas";"Pleno dia";"Decrescente";"Céu Claro";"Dupla";"Curva";"Não";2;0;1;0;0;1;1;2;-10,012822;-67,80875;"SPRF-AC";"DEL01-AC";"UOP01-DEL01-AC"
524851;2023-05-23;"terça-feira";"12:40:00";"PR";369;163;"CAMBE";"Velocidade Incompatível";"Tombamento";"Com Vítimas Feridas";"Pleno dia";"Decrescente";"Céu Claro";"Dupla";"Viaduto";"Sim";2;0;0;1;0;1;1;2;-23,297291;-51,278476;"SPRF-PR";"DEL07-PR";"UOP01-DEL07-PR"
524858;2023-05-23;"terça-feira";"13:20:00";"PR";277;193,5;"PALMEIRA";"Transitar na contramão";"Colisão frontal";"Com Vítimas Fatais";"Pleno dia";"Crescente";"Céu Claro";"Simples";"Aclive;Reta";"Não";6;3;0;0;1;2;0;4;-25,461731;-50,220602;"SPRF-PR";"DEL08-PR";"UOP02-DEL08-PR"
524861;2023-03-08;"quarta-feira";"17:40:00";"SC";470;163;"TROMBUDO CENTRAL";"Transitar na contramão";"Colisão frontal";"Com Vítimas Fatais";"Pleno dia";"Decrescente";"Céu Claro";"Simples";"Aclive";"Não";3;1;0;0;2;0;0;2;-27,278976;-49,825996;"SPRF-SC";"DEL04-SC";"UOP02-DEL04-SC"
524864;2023-05-23;"terça-feira";"11:00:00";"RJ";116;144;"DUQUE DE CAXIAS";"Reação tardia ou ineficiente do condutor";"Colisão traseira";"Com Vítimas Feridas";"Pleno dia";"Decrescente";"Sol";"Dupla";"Reta";"Sim";7;0;4;0;2;1;4;3;-22,659031;-43,249949;"SPRF-RJ";"DEL01-RJ";"UOP01-DEL01-RJ"
524867;2023-05-23;"terça-feira";"15:05:00";"MG";365;21,9;"MONTES CLAROS";"Velocidade Incompatível";"Saída de leito carroçável";"Com Vítimas Feridas";"Pleno dia";"Crescente";"Sol";"Simples";"Reta;Declive";"Não";3;0;0;2;0;1;2;2;-16,86408314;-44,02535005;"SPRF-MG";"DEL12-MG";"UOP01-DEL12-MG"
524868;2023-05-23;"terça-feira";"10:30:00";"MG";116;268,7;"TEOFILO OTONI";"Reação tardia ou ineficiente do condutor";"Capotamento";"Com Vítimas Feridas";"Pleno dia";"Decrescente";"Nublado";"Simples";"Curva";"Não";1;0;0;1;0;0;1;1;-17,78709397;-41,49977395;"SPRF-MG";"DEL11-MG";"UOP01-DEL11-MG"
524869;2023-05-23;"terça-feira";"15:05:00";"RS";448;3,9;"ESTEIO";"Reação tardia ou ineficiente do condutor";"Colisão traseira";"Com Vítimas Feridas";"Pleno dia";"Decrescente";"Céu Claro";"Simples";"Curva";"Não";4;0;2;0;1;1;2;3;-29,84876693;-51,195742;"SPRF-RS";"DEL01-RS";"UOP02-DEL01-RS"
524872;2023-05-23;"terça-feira";"10:00:00";"GO";452;134;"BOM JESUS DE GOIAS";"Mal súbito do condutor";"Colisão traseira";"Com Vítimas Feridas";"Pleno dia";"Crescente";"Sol";"Simples";"Reta;Interseção de Vias";"Sim";4;0;1;0;1;5;1;7;-18,24113336;-49,70845327;"SPRF-GO";"DEL03-GO";"UOP02-DEL03-GO"
524875;2023-05-23;"terça-feira";"15:00:00";"BA";101;259;"SANTO ANTONIO DE JESUS";"Problema com o freio";"Saída de leito carroçável";"Com Vítimas Feridas";"Pleno dia";"Decrescente";"Chuva";"Simples";"Rotatória;Retorno Regulamentado;Reta;Interseção de Vias";"Sim";1;0;1;0;0;0;1;1;-13,05707208;-39,28148909;"SPRF-BA";"DEL01-BA";"UOP02-DEL01-BA"
524882;2023-05-23;"terça-feira";"15:30:00";"SP";116;153;"SAO JOSE DOS CAMPOS";"Manobra de mudança de faixa";"Colisão lateral mesmo sentido";"Sem Vítimas";"Pleno dia";"Decrescente";"Céu Claro";"Dupla";"Reta";"Sim";3;0;0;0;2;1;0;3;-23,23262274;-45,91372624;"SPRF-SP";"DEL02-SP";"UOP01-DEL02-SP"
524885;2023-05-23;"terça-feira";"15:30:00";"BA";101;349;"WENCESLAU GUIMARAES";"Acumulo de água sobre o pavimento";"Engavetamento";"Com Vítimas Feridas";"Pleno dia";"Decrescente";"Chuva";"Simples";"Curva";"Sim";4;0;1;0;3;0;1;3;-13,607466;-39,497854;"SPRF-BA";"DEL05-BA";"UOP03-DEL05-BA"