"id";"data_inversa";"dia_semana";"horario";"uf";"br";"km";"municipio";"causa_acidente";"tipo_acidente";"classificacao_acidente";"fase_dia";"sentido_via";"condicao_metereologica";"tipo_pista";"tracado_via";"uso_solo";"pessoas";"mortos";"feridos_leves";"feridos_graves";"ilesos";"ignorados";"feridos";"veiculos";"latitude";"longitude";"regional";"delegacia";"uop"
524886;2023-05-23;"terça-feira";"16:15:00";"RO";364;196;"PIMENTA BUENO";"Manobra de mudança de faixa";"Colisão lateral mesmo sentido";"Com Vítimas Feridas";"Pleno dia";"Crescente";"Céu Claro";"Dupla";"Reta";"Sim";2;0;0;1;1;0;1;2;-11,68671732;-61,18347731;"SPRF-RO";"DEL02-RO";"UOP02-DEL02-RO"
524887;2023-05-23;"terça-feira";"13:55:00";"RO";364;35,5;"VILHENA";"Pista esburacada";"Colisão lateral sentido oposto";"Com Vítimas Feridas";"Pleno dia";"Crescente";"Céu Claro";"Simples";"Reta";"Não";5;0;2;0;2;8;2;11;-12,67080681;-60,30359285;"SPRF-RO";"DEL04-RO";"UOP01-DEL04-RO"
524891;2023-05-23;"terça-feira";"17:57:00";"PR";277;15,3;"PARANAGUA";"Frear bruscamente";"Colisão traseira";"Com Vítimas Feridas";"Pleno dia";"Decrescente";"Céu Claro";"Dupla";"Reta";"Não";5;0;2;0;2;2;2;5;-25,56102614;-48,64643097;"SPRF-PR";"DEL01-PR";"UOP05-DEL01-PR"
524893;2023-05-23;"terça-feira";"16:25:00";"MT";163;777,7;"SORRISO";"Reação tardia ou ineficiente do condutor";"Colisão traseira";"Com Vítimas Feridas";"Pleno dia";"Crescente";"Sol";"Simples";"Reta";"Não";4;0;1;0;2;1;1;3;-12,358;-55,601;"SPRF-MT";"DEL06-MT";"UOP01-DEL06-MT"
524906;2023-03-19;"domingo";"00:03:00";"PI";343;314,5;"ALTOS";"Ausência de reação do condutor";"Colisão traseira";"Com Vítimas Fatais";"Plena Noite";"Crescente";"Nublado";"Simples";"Reta";"Não";2;1;0;0;1;0;0;2;-5,047346;-42,518414;"SPRF-PI";"DEL01-PI";"UOP01-DEL01-PI"
524913;2023-05-23;"terça-feira";"10:50:00";"MG";262;148;"COMENDADOR GOMES";"Desrespeitar a preferência no cruzamento";"Colisão transversal";"Com Vítimas Feridas";"Pleno dia";"Crescente";"Céu Claro";"Simples";"Interseção de Vias";"Não";2;0;1;0;1;0;1;2;-19,6297513;-48,84926146;"SPRF-MG";"DEL03-MG";"UOP03-DEL03-MG"
524919;2023-04-29;"sábado";"16:50:00";"RJ";101;429;"MANGARATIBA";"Velocidade Incompatível";"Colisão frontal";"Com Vítimas Feridas";"Pleno dia";"Crescente";"Chuva";"Simples";"Curva";"Não";4;0;2;1;0;1;3;3;-22,935335;-44,0004;"SPRF-RJ";"DEL03-RJ";"UOP02-DEL03-RJ"
524926;2023-05-23;"terça-feira";"19:35:00";"SP";116;400,2;"MIRACATU";"Acessar a via sem observar a presença dos outros veículos";"Atropelamento de Pedestre";"Com Vítimas Fatais";"Plena Noite";"Crescente";"Céu Claro";"Dupla";"Reta";"Não";4;1;0;0;2;1;0;4;-24,30807105;-47,50100998;"SPRF-SP";"DEL04-SP";"UOP02-DEL04-SP"
524927;2023-05-23;"terça-feira";"20:25:00";"SP";116;511;"CAJATI";"Reação tardia ou ineficiente do condutor";"Colisão com objeto";"Com Vítimas Feridas";"Plena Noite";"Crescente";"Nevoeiro/Neblina";"Simples";"Curva;Declive";"Não";1;0;1;0;0;0;1;1;-24,83558399;-48,2223738;"SPRF-SP";"DEL05-SP";"UOP02-DEL05-SP"
524934;2023-05-23;"terça-feira";"16:30:00";"PR";277;40;"MORRETES";"Ingestão de álcool pelo condutor";"Colisão traseira";"Sem Vítimas";"Pleno dia";"Decrescente";"Céu Claro";"Dupla";"Declive";"Não";3;0;0;0;1;3;0;4;-25,57368831;-48,82659689;"SPRF-PR";"DEL01-PR";"UOP05-DEL01-PR"
524935;2023-05-23;"terça-feira";"19:30:00";"PR";369;28;"CAMBARA";"Acessar a via sem observar a presença dos outros veículos";"Capotamento";"Com Vítimas Feridas";"Plena Noite";"Decrescente";"Céu Claro";"Simples";"Declive;Reta";"Não";5;0;1;0;1;3;1;4;-23,03497;-50,15257;"SPRF-PR";"DEL07-PR";"UOP05-DEL07-PR"
524936;2023-05-23;"terça-feira";"20:40:00";"SP";381;86,3;"SAO PAULO";"Velocidade Incompatível";"Colisão lateral mesmo sentido";"Com Vítimas Feridas";"Plena Noite";"Decrescente";"Céu Claro";"Múltipla";"Reta";"Não";2;0;1;0;1;0;1;2;-23,45930499;-46,57161179;"SPRF-SP";"DEL03-SP";"UOP01-DEL03-SP"
524939;2023-05-23;"terça-feira";"08:10:00";"GO";153;643;"MORRINHOS";"Reação tardia ou ineficiente do condutor";"Saída de leito carroçável";"Com Vítimas Feridas";"Plena Noite";"Crescente";"Céu Claro";"Dupla";"Curva;Retorno Regulamentado";"Não";2;0;1;0;0;1;1;2;-17,9057;-49,2375;"SPRF-GO";"DEL03-GO";"UOP01-DEL03-GO"
524944;2023-05-23;"terça-feira";"22:00:00";"MA";135;3;"SAO LUIS";"Acessar a via sem observar a presença dos outros veículos";"Saída de leito carroçável";"Sem Vítimas";"Plena Noite";"Decrescente";"Chuva";"Dupla";"Reta";"Não";2;0;0;0;2;0;0;2;-2,65080803;-44,30589091;"SPRF-MA";"DEL01-MA";"UOP01-DEL01-MA"
524949;2023-05-23;"terça-feira";"21:30:00";"SP";153;275,5;"OCAUCU";"Ingestão de álcool pelo condutor";"Colisão frontal";"Com Vítimas Feridas";"Plena Noite";"Crescente";"Céu Claro";"Simples";"Curva;Aclive";"Não";3;0;1;0;1;1;1;3;-22,36978805;-49,86406266;"SPRF-SP";"DEL07-SP";"UOP02-DEL07-SP"
524950;2023-05-24;"quarta-feira";"00:50:00";"ES";101;293;"CARIACICA";"Condutor Dormindo";"Saída de leito carroçável";"Com Vítimas Feridas";"Plena Noite";"Decrescente";"Chuva";"Dupla";"Em Obras;Curva";"Sim";1;0;1;0;0;0;1;1;-20,32415948;-40,3952903;"SPRF-ES";"DEL01-ES";"UOP01-DEL01-ES"
524951;2023-05-24;"quarta-feira";"02:35:00";"PR";376;673;"GUARATUBA";"Reação tardia ou ineficiente do condutor";"Colisão traseira";"Com Vítimas Feridas";"Plena Noite";"Crescente";"Céu Claro";"Dupla";"Reta;Declive";"Não";2;0;1;0;1;0;1;2;-25,91026574;-48,92057419;"SPRF-PR";"DEL01-PR";"UOP04-DEL01-PR"
524953;2023-05-23;"terça-feira";"12:30:00";"MT";70;713,2;"CACERES";"Ultrapassagem Indevida";"Colisão frontal";"Com Vítimas Feridas";"Pleno dia";"Crescente";"Céu Claro";"Simples";"Aclive;Curva";"Não";3;0;1;0;1;1;1;3;-16,194982;-57,58678;"SPRF-MT";"DEL03-MT";"UOP01-DEL03-MT"
524954;2023-05-24;"quarta-feira";"04:20:00";"SP";116;400,8;"MIRACATU";"Reação tardia ou ineficiente do condutor";"Colisão frontal";"Com Vítimas Fatais";"Plena Noite";"Decrescente";"Nevoeiro/Neblina";"Dupla";"Reta";"Não";35;1;7;0;26;1;7;3;-24,31051469;-47,50995275;"SPRF-SP";"DEL04-SP";"UOP02-DEL04-SP"
524957;2023-05-24;"quarta-feira";"05:50:00";"RS";285;424,8;"PANAMBI";"Demais falhas mecânicas ou elétricas";"Incêndio";"Sem Vítimas";"Amanhecer";"Decrescente";"Céu Claro";"Simples";"Reta";"Não";2;0;0;0;1;3;0;4;-28,32761;-53,588711;"SPRF-RS";"DEL10-RS";"UOP01-DEL10-RS"
524958;2023-05-24;"quarta-feira";"06:45:00";"MG";40;269;"SAO GONCALO DO ABAETE";"Ultrapassagem Indevida";"Colisão lateral sentido oposto";"Com Vítimas Feridas";"Pleno dia";"Crescente";"Céu Claro";"Simples";"Reta;Declive";"Não";7;0;2;0;4;4;2;8;-18,17756133;-45,27818317;"SPRF-MG";"DEL14-MG";"UOP02-DEL14-MG"
524960;2023-05-24;"quarta-feira";"06:40:00";"BA";101;731,3;"ITABELA";"Transitar na contramão";"Colisão frontal";"Com Vítimas Feridas";"Pleno dia";"Crescente";"Chuva";"Simples";"Curva";"Não";3;0;0;2;1;0;2;2;-16,50150744;-39,57827336;"SPRF-BA";"DEL09-BA";"UOP01-DEL09-BA"
524964;2023-05-24;"quarta-feira";"07:00:00";"SP";116;123;"CACAPAVA";"Reação tardia ou ineficiente do condutor";"Colisão traseira";"Com Vítimas Feridas";"Pleno dia";"Decrescente";"Sol";"Dupla";"Reta";"Não";2;0;1;0;1;0;1;2;-23,08754228;-45,66969781;"SPRF-SP";"DEL02-SP";"UOP02-DEL02-SP"
524970;2023-02-17;"sexta-feira";"16:53:00";"MT";364;256;"SAO PEDRO DA CIPA";"Obras na pista";"Colisão traseira";"Com Vítimas Feridas";"Pleno dia";"Decrescente";"Céu Claro";"Dupla";"Reta;Aclive";"Não";3;0;1;0;1;2;1;4;-16,00440488;-54,92002387;"SPRF-MT";"DEL02-MT";"UOP01-DEL02-MT"
524971;2023-05-24;"quarta-feira";"07:05:00";"MT";364;272;"JACIARA";"Reação tardia ou ineficiente do condutor";"Tombamento";"Com Vítimas Feridas";"Pleno dia";"Decrescente";"Céu Claro";"Dupla";"Reta;Declive";"Não";3;0;2;0;0;3;2;4;-15,96667987;-54,96121981;"SPRF-MT";"DEL05-MT";"UOP02-DEL05-MT"
524981;2023-05-24;"quarta-feira";"08:25:00";"MG";381;869,5;"POUSO ALEGRE";"Reação tardia ou ineficiente do condutor";"Colisão com objeto";"Com Vítimas Feridas";"Pleno dia";"Decrescente";"Céu Claro";"Dupla";"Curva";"Não";1;0;1;0;0;0;1;1;-22,38469586;-45,9504095;"SPRF-MG";"DEL16-MG";"UOP01-DEL16-MG"
524988;2023-05-24;"quarta-feira";"08:30:00";"MS";262;351,6;"CAMPO GRANDE";"Restrição de visibilidade em curvas horizontais";"Colisão lateral mesmo sentido";"Com Vítimas Feridas";"Pleno dia";"Decrescente";"Céu Claro";"Dupla";"Curva";"Não";2;0;1;0;1;0;1;2;-20,56780935;-54,64946423;"SPRF-MS";"DEL01-MS";"UOP03-DEL01-MS"
524990;2023-05-24;"quarta-feira";"09:15:00";"CE";116;4,5;"FORTALEZA";"Condutor deixou de manter distância do veículo da frente";"Colisão traseira";"Sem Vítimas";"Pleno dia";"Decrescente";"Céu Claro";"Dupla";"Reta";"Sim";2;0;0;0;2;0;0;2;-3,7867209;-38,5114568;"SPRF-CE";"DEL01-CE";"UOP02-DEL01-CE"
524993;2023-05-24;"quarta-feira";"06:55:00";"MT";163;831;"SINOP";"Reação tardia ou ineficiente do condutor";"Colisão traseira";"Sem Vítimas";"Pleno dia";"Crescente";"Sol";"Simples";"Retorno Regulamentado;Rotatória";"Não";2;0;0;0;2;0;0;2;-11,89329399;-55,50354123;"SPRF-MT";"DEL06-MT";"UOP02-DEL06-MT"
524995;2023-05-24;"quarta-feira";"10:10:00";"MA";135;3;"SAO LUIS";"Manobra de mudança de faixa";"Colisão lateral mesmo sentido";"Com Vítimas Feridas";"Pleno dia";"Crescente";"Céu Claro";"Dupla";"Reta";"Não";2;0;1;0;1;0;1;2;-2,53073;-44,3068;"SPRF-MA";"DEL01-MA";"UOP01-DEL01-MA"
524996;2023-05-24;"quarta-feira";"10:15:00";"RN";304;42,2;"MOSSORO";"Velocidade Incompatível";"Saída de leito carroçável";"Com Vítimas Feridas";"Pleno dia";"Decrescente";"Chuva";"Dupla";"Curva;Declive";"Não";2;0;1;0;1;0;1;1;-5,302786;-37,281144;"SPRF-RN";"DEL04-RN";"UOP01-DEL04-RN"
524997;2023-05-24;"quarta-feira";"09:30:00";"PR";476;75,3;"BOCAIUVA DO SUL";"Acumulo de água sobre o pavimento";"Colisão frontal";"Com Vítimas Feridas";"Pleno dia";"Decrescente";"Nublado";"Simples";"Curva;Aclive";"Não";3;0;1;0;2;0;1;2;-25,099689;-49,102699;"SPRF-PR";"DEL01-PR";"UOP01-DEL01-PR"
524998;2023-05-24;"quarta-feira";"08:15:00";"MG";116;602,7;"SAO JOAO DO MANHUACU";"Ausência de reação do condutor";"Capotamento";"Com Vítimas Fatais";"Pleno dia";"Crescente";"Nublado";"Simples";"Curva";"Não";3;1;1;0;0;1;1;2;-20,34697376;-42,14642112;"SPRF-MG";"DEL06-MG";"UOP03-DEL06-MG"
525000;2023-05-24;"quarta-feira";"09:00:00";"RJ";101;328;"NITEROI";"Reação tardia ou ineficiente do condutor";"Colisão traseira";"Com Vítimas Fatais";"Pleno dia";"Decrescente";"Céu Claro";"Dupla";"Reta";"Sim";2;1;0;0;1;0;0;2;-22,87028692;-43,16579699;"SPRF-RJ";"DEL02-RJ";"UOP01-DEL02-RJ"
525007;2023-05-24;"quarta-feira";"11:30:00";"RS";116;101,8;"SAO MARCOS";"Reação tardia ou ineficiente do condutor";"Tombamento";"Com Vítimas Feridas";"Pleno dia";"Crescente";"Céu Claro";"Simples";"Curva";"Não";2;0;1;0;0;1;1;2;-28,89092406;-51,11503543;"SPRF-RS";"DEL05-RS";"UOP01-DEL05-RS"
525010;2023-05-24;"quarta-feira";"05:35:00";"MA";222;567,6;"BOM JESUS DAS SELVAS";"Pista esburacada";"Colisão frontal";"Com Vítimas Fatais";"Amanhecer";"Crescente";"Céu Claro";"Simples";"Reta;Declive";"Não";5;3;0;1;0;3;1;5;-4,40995035;-46,75013264;"SPRF-MA";"DEL04-MA";"UOP03-DEL04-MA"
525013;2023-05-24;"quarta-feira";"13:30:00";"MG";381;488;"BETIM";"Ausência de reação do condutor";"Colisão com objeto";"Com Vítimas Feridas";"Pleno dia";"Decrescente";"Nublado";"Dupla";"Reta;Aclive";"Sim";3;0;2;0;1;0;2;2;-19,9598656;-44,15489715;"SPRF-MG";"DEL01-MG";"UOP03-DEL01-MG"
525020;2023-05-24;"quarta-feira";"13:25:00";"MG";116;715,6;"MURIAE";"Chuva";"Saída de leito carroçável";"Com Vítimas Feridas";"Pleno dia";"Crescente";"Chuva";"Simples";"Curva";"Não";2;0;1;0;1;0;1;1;-21,20407381;-42,3892452;"SPRF-MG";"DEL07-MG";"UOP02-DEL07-MG"
525023;2023-05-24;"quarta-feira";"14:00:00";"MT";163;603;"NOVA MUTUM";"Acessar a via sem observar a presença dos outros veículos";"Colisão lateral mesmo sentido";"Sem Vítimas";"Pleno dia";"Crescente";"Céu Claro";"Simples";"Retorno Regulamentado";"Não";4;0;0;0;3;2;0;4;-13,74540883;-56,05160236;"SPRF-MT";"DEL01-MT";"UOP01-DEL01-MT"
525024;2023-05-10;"quarta-feira";"01:50:00";"CE";116;211;"TABULEIRO DO NORTE";"Condutor Dormindo";"Colisão frontal";"Com Vítimas Fatais";"Plena Noite";"Crescente";"Céu Claro";"Simples";"Declive;Reta";"Não";3;1;0;0;1;2;0;4;-5,26323294;-38,18396879;"SPRF-CE";"DEL03-CE";"UOP01-DEL03-CE"
525026;2023-05-24;"quarta-feira";"13:40:00";"MT";364;379;"SANTO ANTONIO DO LEVERGER";"Condutor deixou de manter distância do veículo da frente";"Eventos atípicos";"Sem Vítimas";"Pleno dia";"Decrescente";"Céu Claro";"Dupla";"Reta";"Não";4;0;0;0;3;1;0;2;-15,70357434;-55,755179;"SPRF-MT";"DEL01-MT";"UOP02-DEL01-MT"
525028;2023-05-24;"quarta-feira";"14:10:00";"SP";116;413,8;"JUQUIA";"Reação tardia ou ineficiente do condutor";"Colisão traseira";"Com Vítimas Feridas";"Pleno dia";"Decrescente";"Céu Claro";"Múltipla";"Reta";"Sim";3;0;1;0;1;1;1;3;-24,33005991;-47,62299901;"SPRF-SP";"DEL05-SP";"UOP01-DEL05-SP"
525038;2023-05-24;"quarta-feira";"16:20:00";"MG";262;375;"JUATUBA";"Obstrução na via";"Colisão traseira";"Com Vítimas Feridas";"Pleno dia";"Decrescente";"Céu Claro";"Dupla";"Reta;Aclive";"Não";2;0;1;0;1;0;1;2;-19,959929;-44,337997;"SPRF-MG";"DEL01-MG";"UOP03-DEL01-MG"
525042;2023-05-24;"quarta-feira";"15:50:00";"SC";470;144,8;"RIO DO SUL";"Condutor deixou de manter distância do veículo da frente";"Colisão traseira";"Com Vítimas Feridas";"Pleno dia";"Crescente";"Sol";"Simples";"Reta";"Sim";4;0;3;0;1;0;3;3;-27,235138;-49,677608;"SPRF-SC";"DEL04-SC";"UOP02-DEL04-SC"
525044;2023-05-24;"quarta-feira";"14:35:00";"PE";232;82;"GRAVATA";"Ausência de reação do condutor";"Colisão com objeto";"Com Vítimas Feridas";"Pleno dia";"Crescente";"Chuva";"Dupla";"Reta;Declive";"Sim";2;0;1;0;1;0;1;1;-8,19905415;-35,58715194;"SPRF-PE";"DEL02-PE";"UOP02-DEL02PE"
525048;2023-05-24;"quarta-feira";"16:40:00";"MG";381;336;"NOVA ERA";"Transitar na contramão";"Colisão lateral sentido oposto";"Com Vítimas Feridas";"Pleno dia";"Crescente";"Nublado";"Simples";"Aclive";"Não";13;0;1;0;11;2;1;5;-19,82119502;-43,07407899;"SPRF-MG";"DEL03-MG";"UOP01-DEL03-MG"
525052;2023-05-24;"quarta-feira";"15:45:00";"GO";452;8;"RIO VERDE";"Reação tardia ou ineficiente do condutor";"Engavetamento";"Com Vítimas Feridas";"Pleno dia";"Decrescente";"Céu Claro";"Simples";"Aclive;Reta";"Não";5;0;2;0;2;4;2;7;-17,82421698;-50,83685499;"SPRF-GO";"DEL04-GO";"UOP01-DEL04-GO"
525054;2023-05-24;"quarta-feira";"15:00:00";"MT";364;731;"DIAMANTINO";"Condutor deixou de manter distância do veículo da frente";"Colisão traseira";"Sem Vítimas";"Pleno dia";"Decrescente";"Céu Claro";"Simples";"Reta";"Não";3;0;0;0;2;4;0;6;-14,16967982;-57,26890802;"SPRF-MT";"DEL01-MT";"NPF/DEL01-MT"
525056;2023-05-24;"quarta-feira";"16:15:00";"PR";277;305;"PRUDENTOPOLIS";"Falta de elemento de contenção que evite a saída do leito carroçável";"Saída de leito carroçável";"Com Vítimas Feridas";"Pleno dia";"Decrescente";"Céu Claro";"Simples";"Reta;Declive";"Não";2;0;1;0;0;1;1;2;-25,32252758;-51,19141817;"SPRF-PR";"DEL08-PR";"UOP01-DEL08-PR"
525062;2023-05-24;"quarta-feira";"17:00:00";"MG";40;509,4;"RIBEIRAO DAS NEVES";"Ausência de reação do condutor";"Colisão traseira";"Com Vítimas Feridas";"Anoitecer";"Decrescente";"Céu Claro";"Dupla";"Aclive;Reta";"Sim";3;0;1;0;2;0;1;2;-19,76728744;-44,12855905;"SPRF-MG";"DEL01-MG";"UOP02-DEL01-MG"
525063;2023-05-24;"quarta-feira";"17:15:00";"MT";158;571;"AGUA BOA";"Reação tardia ou ineficiente do condutor";"Colisão com objeto";"Sem Vítimas";"Pleno dia";"Decrescente";"Sol";"Simples";"Reta";"Sim";3;0;0;0;2;2;0;4;-14,0814012;-52,15733668;"SPRF-MT";"DEL07-MT";"UOP02-DEL07-MT"
525072;2023-05-24;"quarta-feira";"12:45:00";"MS";487;112;"ITAQUIRAI";"Ausência de reação do condutor";"Saída de leito carroçável";"Sem Vítimas";"Pleno dia";"Crescente";"Céu Claro";"Simples";"Reta";"Não";1;0;0;0;0;1;0;1;-23,25553629;-53,93677615;"SPRF-MS";"DEL09-MS";"UOP01-DEL09-MS"
525074;2023-05-24;"quarta-feira";"18:23:00";"GO";50;206;"CAMPO ALEGRE DE GOIAS";"Reação tardia ou ineficiente do condutor";"Colisão traseira";"Com Vítimas Feridas";"Anoitecer";"Decrescente";"Céu Claro";"Dupla";"Reta";"Não";3;0;1;0;1;2;1;4;-17,6173;-47,7787;"SPRF-GO";"DEL06-GO";"UOP01-DEL06-GO"
525084;2023-05-24;"quarta-feira";"18:37:00";"RS";158;334,5;"SANTA MARIA";"Ausência de reação do condutor";"Colisão traseira";"Com Vítimas Feridas";"Plena Noite";"Crescente";"Nublado";"Simples";"Reta";"Não";6;0;2;0;4;0;2;2;-29,7083135;-53,86590242;"SPRF-RS";"DEL09-RS";"UOP01-DEL09-RS"
525086;2023-05-24;"quarta-feira";"01:30:00";"MT";364;1206;"CAMPOS DE JULIO";"Condutor Dormindo";"Colisão traseira";"Com Vítimas Feridas";"Plena Noite";"Decrescente";"Ignorado";"Simples";"Reta";"Não";3;0;0;1;1;6;1;8;-13,79121335;-59,36667299;"SPRF-MT";"DEL04-MT";"UOP02-DEL04-MT"
525087;2023-05-04;"quinta-feira";"13:00:00";"PE";101;110;"IPOJUCA";"Velocidade Incompatível";"Tombamento";"Com Vítimas Feridas";"Pleno dia";"Decrescente";"Céu Claro";"Múltipla";"Curva";"Não";3;0;0;1;1;3;1;5;-8,31648181;-35,10571612;"SPRF-PE";"DEL01-PE";"UOP03-DEL01-PE"
525100;2023-05-24;"quarta-feira";"18:45:00";"MS";267;297,6;"RIO BRILHANTE";"Reação tardia ou ineficiente do condutor";"Colisão lateral sentido oposto";"Com Vítimas Feridas";"Plena Noite";"Crescente";"Céu Claro";"Simples";"Curva";"Não";4;0;1;0;2;1;1;2;-21,76535542;-54,58520127;"SPRF-MS";"DEL02-MS";"UOP02-DEL02-MS"
525105;2023-05-24;"quarta-feira";"19:00:00";"PB";230;410,2;"POMBAL";"Condutor deixou de manter distância do veículo da frente";"Colisão traseira";"Com Vítimas Feridas";"Plena Noite";"Decrescente";"Céu Claro";"Simples";"Reta";"Não";4;0;1;0;2;1;1;3;-6,7494;-37,7884;"SPRF-PB";"DEL03-PB";"UOP02-DEL03-PB"
525106;2023-05-24;"quarta-feira";"17:20:00";"SC";282;412,8;"CATANDUVAS";"Ultrapassagem Indevida";"Colisão frontal";"Com Vítimas Feridas";"Anoitecer";"Crescente";"Céu Claro";"Simples";"Reta";"Não";3;0;1;0;1;1;1;3;-27,055775;-51,688843;"SPRF-SC";"DEL07-SC";"UOP05-DEL07-SC"
525107;2023-05-24;"quarta-feira";"20:00:00";"SC";282;101,8;"ALFREDO WAGNER";"Reação tardia ou ineficiente do condutor";"Capotamento";"Com Vítimas Feridas";"Plena Noite";"Decrescente";"Céu Claro";"Simples";"Reta";"Não";3;0;0;1;1;2;1;4;-27,694626;-49,305317;"SPRF-SC";"DEL01-SC";"UOP03-DEL01-SC"
525108;2023-04-02;"domingo";"20:45:00";"BA";110;174;"RIBEIRA DO POMBAL";"Mal súbito do condutor";"Colisão frontal";"Com Vítimas Feridas";"Plena Noite";"Crescente";"Céu Claro";"Simples";"Reta";"Sim";2;0;0;1;1;0;1;2;-10,932129;-38,51860209;"SPRF-BA";"DEL07-BA";"UOP02-DEL07-BA"
525110;2023-05-24;"quarta-feira";"21:05:00";"SP";116;145;"SAO JOSE DOS CAMPOS";"Manobra de mudança de faixa";"Colisão lateral mesmo sentido";"Com Vítimas Feridas";"Plena Noite";"Decrescente";"Céu Claro";"Múltipla";"Reta";"Não";4;0;1;0;2;1;1;3;-23,1869844;-45,8548078;"SPRF-SP";"DEL02-SP";"UOP01-DEL02-SP"
525116;2023-05-24;"quarta-feira";"23:20:00";"CE";116;141;"RUSSAS";"Condutor Dormindo";"Saída de leito carroçável";"Com Vítimas Feridas";"Plena Noite";"Decrescente";"Céu Claro";"Simples";"Curva";"Não";4;0;4;0;0;0;4;1;-4,7660178;-38,05603378;"SPRF-CE";"DEL03-CE";"UOP01-DEL03-CE"
525119;2023-05-08;"segunda-feira";"16:00:00";"MS";163;190,5;"CAARAPO";"Reação tardia ou ineficiente do condutor";"Colisão traseira";"Com Vítimas Feridas";"Pleno dia";"Crescente";"Céu Claro";"Simples";"Declive";"Não";3;0;1;0;2;0;1;2;-22,78083407;-54,76304055;"SPRF-MS";"DEL09-MS";"UOP01-DEL09-MS"
525122;2023-05-24;"quarta-feira";"20:00:00";"PR";277;173;"PALMEIRA";"Ultrapassagem Indevida";"Colisão frontal";"Com Vítimas Feridas";"Plena Noite";"Decrescente";"Céu Claro";"Simples";"Reta;Declive";"Não";5;0;2;0;2;2;2;5;-25,431008;-50,039195;"SPRF-PR";"DEL08-PR";"UOP02-DEL08-PR"
525124;2023-05-24;"quarta-feira";"21:20:00";"TO";153;609,9;"CRIXAS DO TOCANTINS";"Desrespeitar a preferência no cruzamento";"Colisão frontal";"Sem Vítimas";"Plena Noite";"Decrescente";"Céu Claro";"Simples";"Reta";"Não";5;0;0;0;4;1;0;3;-11,18486002;-48,92869375;"SPRF-TO";"DEL01-TO";"UOP02-DEL01-TO"
525126;2023-05-24;"quarta-feira";"22:40:00";"SP";116;52;"LORENA";"Acessar a via sem observar a presença dos outros veículos";"Colisão traseira";"Com Vítimas Feridas";"Plena Noite";"Crescente";"Céu Claro";"Dupla";"Reta";"Não";3;0;1;0;1;1;1;3;-22,74708138;-45,09973038;"SPRF-SP";"DEL08-SP";"UOP02-DEL08-SP"
525127;2023-05-24;"quarta-feira";"22:11:00";"MA";135;33;"BACABEIRA";"Demais falhas mecânicas ou elétricas";"Incêndio";"Sem Vítimas";"Plena Noite";"Crescente";"Céu Claro";"Dupla";"Reta";"Não";2;0;0;0;1;1;0;2;-2,83108301;-44,3745066;"SPRF-MA";"DEL01-MA";"UOP01-DEL01-MA"
525131;2023-05-25;"quinta-feira";"03:00:00";"BA";324;5;"FEIRA DE SANTANA";"Problema com o freio";"Incêndio";"Sem Vítimas";"Plena Noite";"Crescente";"Garoa/Chuvisco";"Dupla";"Reta";"Sim";2;0;0;0;1;2;0;3;-12,284327;-38,973917;"SPRF-BA";"DEL02-BA";"UOP01-DEL02-BA"
525132;2023-05-24;"quarta-feira";"18:50:00";"GO";364;5,4;"SAO SIMAO";"Reação tardia ou ineficiente do condutor";"Tombamento";"Com Vítimas Feridas";"Plena Noite";"Decrescente";"Céu Claro";"Simples";"Reta";"Não";2;0;1;0;0;1;1;2;-19,01319837;-50,54372061;"SPRF-GO";"DEL05-GO";"UOP02-DEL05-GO"
525133;2023-05-25;"quinta-feira";"02:09:00";"MT";163;927;"ITAUBA";"Reação tardia ou ineficiente do condutor";"Colisão traseira";"Com Vítimas Feridas";"Plena Noite";"Crescente";"Céu Claro";"Simples";"Reta;Aclive";"Não";3;0;1;0;1;2;1;4;-11,19868697;-55,30697185;"SPRF-MT";"DEL06-MT";"UOP02-DEL06-MT"
525135;2023-05-25;"quinta-feira";"01:20:00";"PE";232;362,1;"FLORES";"Ausência de reação do condutor";"Tombamento";"Com Vítimas Feridas";"Plena Noite";"Crescente";"Céu Claro";"Simples";"Reta";"Não";1;0;1;0;0;0;1;1;-8,044331;-37,891407;"SPRF-PE";"DEL04-PE";"UOP01-DEL04-PE"
525138;2023-05-25;"quinta-feira";"05:50:00";"SC";470;52,7;"BLUMENAU";"Acessar a via sem observar a presença dos outros veículos";"Colisão transversal";"Com Vítimas Feridas";"Plena Noite";"Crescente";"Nublado";"Simples";"Interseção de Vias";"Sim";2;0;1;0;1;0;1;2;-26,862286;-49,093903;"SPRF-SC";"DEL04-SC";"UOP01-DEL04-SC"
525141;2023-05-25;"quinta-feira";"05:50:00";"SC";101;355;"SANGAO";"Condutor Dormindo";"Saída de leito carroçável";"Com Vítimas Feridas";"Amanhecer";"Decrescente";"Céu Claro";"Dupla";"Reta";"Não";2;0;1;0;0;1;1;2;-28,62380715;-49,07828489;"SPRF-SC";"DEL02-SC";"UOP01-DEL02-SC"
525143;2023-05-25;"quinta-feira";"05:00:00";"CE";116;506;"BREJO SANTO";"Demais falhas mecânicas ou elétricas";"Incêndio";"Sem Vítimas";"Amanhecer";"Crescente";"Céu Claro";"Simples";"Aclive;Reta";"Não";2;0;0;0;1;2;0;3;-7,524136;-38,99583;"SPRF-CE";"DEL05-CE";"UOP03-DEL05-CE"
525147;2023-05-25;"quinta-feira";"06:00:00";"MG";262;802;"UBERABA";"Ausência de reação do condutor";"Colisão traseira";"Com Vítimas Feridas";"Amanhecer";"Crescente";"Céu Claro";"Dupla";"Reta";"Sim";3;0;0;1;2;0;1;2;-19,77062101;-47,90657043;"SPRF-MG";"DEL13-MG";"UOP01-DEL13-MG"