"id";"data_inversa";"dia_semana";"horario";"uf";"br";"km";"municipio";"causa_acidente";"tipo_acidente";"classificacao_acidente";"fase_dia";"sentido_via";"condicao_metereologica";"tipo_pista";"tracado_via";"uso_solo";"pessoas";"mortos";"feridos_leves";"feridos_graves";"ilesos";"ignorados";"feridos";"veiculos";"latitude";"longitude";"regional";"delegacia";"uop"
525868;2023-05-28;"domingo";"13:20:00";"PR";116;197,5;"RIO NEGRO";"Ausência de reação do condutor";"Colisão com objeto";"Com Vítimas Feridas";"Plena Noite";"Crescente";"Chuva";"Simples";"Curva";"Não";3;0;1;0;1;1;1;3;-26,01330694;-49,67224922;"SPRF-SC";"DEL06-SC";"UOP01-DEL06-SC"
525870;2023-05-28;"domingo";"13:45:00";"SC";101;233,7;"PALHOCA";"Velocidade Incompatível";"Colisão com objeto";"Com Vítimas Feridas";"Pleno dia";"Crescente";"Garoa/Chuvisco";"Dupla";"Curva";"Não";2;0;1;0;0;1;1;2;-27,80376397;-48,63826211;"SPRF-SC";"DEL01-SC";"UOP02-DEL01-SC"
525877;2023-05-28;"domingo";"14:40:00";"MG";381;169,9;"GOVERNADOR VALADARES";"Ultrapassagem Indevida";"Colisão lateral mesmo sentido";"Com Vítimas Fatais";"Pleno dia";"Crescente";"Céu Claro";"Simples";"Ponte";"Não";7;2;3;0;1;2;3;5;-18,96700208;-42,09033791;"SPRF-MG";"DEL06-MG";"UOP01-DEL06-MG"
525882;2023-05-28;"domingo";"15:30:00";"GO";20;85,2;"VILA BOA";"Reação tardia ou ineficiente do condutor";"Saída de leito carroçável";"Com Vítimas Feridas";"Pleno dia";"Crescente";"Céu Claro";"Simples";"Reta";"Não";2;0;2;0;0;0;2;1;-15,057553;-47,072803;"SPRF-DF";"DEL02-DF";"UOP02-DEL02-DF"
525884;2023-05-28;"domingo";"13:00:00";"SC";470;64,3;"BLUMENAU";"Transitar na contramão";"Colisão frontal";"Com Vítimas Fatais";"Pleno dia";"Decrescente";"Chuva";"Simples";"Reta;Aclive";"Sim";4;1;0;0;1;2;0;4;-26,8698966;-49,2068154;"SPRF-SC";"DEL04-SC";"UOP01-DEL04-SC"
525889;2023-05-27;"sábado";"18:40:00";"BA";135;136;"RIACHAO DAS NEVES";"Transitar na contramão";"Colisão frontal";"Com Vítimas Fatais";"Plena Noite";"Crescente";"Céu Claro";"Simples";"Reta";"Não";3;1;0;0;1;1;0;3;-11,83905986;-44,85448068;"SPRF-BA";"DEL08-BA";"UOP04-DEL08-BA"
525896;2023-05-28;"domingo";"16:30:00";"AL";101;181;"JUNQUEIRO";"Problema com o freio";"Colisão com objeto";"Sem Vítimas";"Pleno dia";"Decrescente";"Ignorado";"Dupla";"Aclive";"Não";2;0;0;0;1;1;0;2;-9,89535548;-36,41225988;"SPRF-AL";"DEL02-AL";"UOP02-DEL02-AL"
525906;2023-05-28;"domingo";"14:56:00";"MT";163;583;"NOVA MUTUM";"Chuva";"Colisão frontal";"Com Vítimas Fatais";"Pleno dia";"Crescente";"Chuva";"Simples";"Reta";"Não";5;1;0;2;1;3;2;5;-14,05793518;-56,09856364;"SPRF-MT";"DEL01-MT";"UOP01-DEL01-MT"
525907;2023-05-28;"domingo";"17:00:00";"RS";386;307,5;"POUSO NOVO";"Demais falhas mecânicas ou elétricas";"Incêndio";"Sem Vítimas";"Pleno dia";"Crescente";"Nublado";"Simples";"Reta;Declive";"Não";2;0;0;0;1;2;0;3;-29,202335;-52,183838;"SPRF-RS";"DEL04-RS";"UOP01-DEL04-RS"
525909;2023-05-28;"domingo";"08:20:00";"PI";135;468;"MONTE ALEGRE DO PIAUI";"Demais falhas mecânicas ou elétricas";"Incêndio";"Sem Vítimas";"Pleno dia";"Decrescente";"Céu Claro";"Simples";"Reta";"Sim";3;0;0;0;1;2;0;3;-9,60233583;-45,04962316;"SPRF-PI";"DEL03-PI";"UOP02-DEL03-PI"
525918;2023-05-28;"domingo";"18:36:00";"GO";364;19;"PARANAIGUARA";"Transitar na contramão";"Colisão frontal";"Com Vítimas Feridas";"Plena Noite";"Decrescente";"Céu Claro";"Simples";"Reta;Aclive";"Não";5;0;0;1;1;4;1;6;-18,937643;-50,641537;"SPRF-GO";"DEL05-GO";"UOP02-DEL05-GO"
525921;2023-05-28;"domingo";"09:50:00";"MG";381;908,8;"CAMANDUCAIA";"Velocidade Incompatível";"Tombamento";"Com Vítimas Feridas";"Pleno dia";"Decrescente";"Céu Claro";"Dupla";"Curva;Declive";"Não";2;0;1;0;0;1;1;2;-22,71744092;-46,12652111;"SPRF-MG";"DEL16-MG";"UOP03-DEL16-MG"
525923;2023-05-28;"domingo";"17:05:00";"PR";476;209,6;"LAPA";"Demais falhas mecânicas ou elétricas";"Saída de leito carroçável";"Com Vítimas Feridas";"Plena Noite";"Decrescente";"Chuva";"Simples";"Reta";"Não";2;0;1;0;0;1;1;2;-25,780699;-49,841194;"SPRF-PR";"DEL01-PR";"UOP06-DEL01-PR"
525928;2023-05-28;"domingo";"16:45:00";"SP";116;316,2;"JUQUITIBA";"Pedestre andava na pista";"Colisão lateral mesmo sentido";"Com Vítimas Feridas";"Anoitecer";"Decrescente";"Garoa/Chuvisco";"Dupla";"Reta";"Não";5;0;0;1;3;1;1;4;-23,91054997;-46,99149375;"SPRF-SP";"DEL04-SP";"UOP03-DEL04-SP"
525939;2023-05-28;"domingo";"12:40:00";"MT";158;634;"NOVA XAVANTINA";"Ausência de reação do condutor";"Tombamento";"Sem Vítimas";"Pleno dia";"Crescente";"Céu Claro";"Simples";"Reta";"Não";2;0;0;0;1;2;0;3;-14,53357488;-52,33600203;"SPRF-MT";"DEL07-MT";"UOP02-DEL07-MT"
525950;2023-05-28;"domingo";"20:45:00";"MG";153;77,8;"PRATA";"Velocidade Incompatível";"Tombamento";"Com Vítimas Feridas";"Plena Noite";"Decrescente";"Céu Claro";"Simples";"Aclive;Curva";"Não";2;0;0;1;0;1;1;2;-19,048214;-49,011505;"SPRF-MG";"DEL15-MG";"UOP03-DEL15-MG"
525953;2023-05-28;"domingo";"18:10:00";"SC";116;48;"PAPANDUVA";"Ingestão de álcool pelo condutor";"Colisão traseira";"Com Vítimas Feridas";"Plena Noite";"Decrescente";"Chuva";"Simples";"Reta";"Não";3;0;1;0;1;1;1;3;-26,36355729;-50,11956966;"SPRF-SC";"DEL06-SC";"UOP01-DEL06-SC"
525962;2023-05-28;"domingo";"18:40:00";"BA";242;860;"BARREIRAS";"Acesso irregular";"Colisão transversal";"Com Vítimas Feridas";"Pleno dia";"Crescente";"Céu Claro";"Simples";"Reta";"Não";3;0;0;1;1;1;1;3;-12,09594834;-45,37916805;"SPRF-BA";"DEL10-BA";"UOP01-DEL10-BA"
525966;2023-05-28;"domingo";"21:00:00";"SC";101;242,5;"PALHOCA";"Ausência de reação do condutor";"Colisão traseira";"Com Vítimas Feridas";"Plena Noite";"Decrescente";"Nublado";"Dupla";"Reta";"Não";4;0;0;1;2;1;1;4;-27,87545797;-48,64678433;"SPRF-SC";"DEL01-SC";"UOP02-DEL01-SC"
525983;2023-05-28;"domingo";"12:00:00";"SP";153;293,2;"OCAUCU";"Transitar na contramão";"Colisão frontal";"Com Vítimas Fatais";"Pleno dia";"Decrescente";"Céu Claro";"Simples";"Declive;Reta";"Não";3;1;0;1;0;2;1;4;-22,518731;-49,889507;"SPRF-SP";"DEL07-SP";"UOP02-DEL07-SP"
525992;2023-05-28;"domingo";"22:43:00";"RO";421;1;"ARIQUEMES";"Transitar na contramão";"Colisão lateral sentido oposto";"Sem Vítimas";"Plena Noite";"Crescente";"Céu Claro";"Simples";"Reta";"Sim";2;0;0;0;2;0;0;2;-9,920987;-63,063728;"SPRF-RO";"DEL03-RO";"UOP01-DEL03-RO"
525996;2023-05-28;"domingo";"18:35:00";"MT";70;67;"GENERAL CARNEIRO";"Transitar na contramão";"Colisão frontal";"Com Vítimas Fatais";"Plena Noite";"Decrescente";"Céu Claro";"Simples";"Declive";"Sim";3;1;0;0;2;0;0;2;-15,7064647;-52,76621819;"SPRF-MT";"DEL07-MT";"UOP01-DEL07-MT"
526003;2023-05-29;"segunda-feira";"02:00:00";"SP";116;392;"MIRACATU";"Ausência de reação do condutor";"Colisão transversal";"Com Vítimas Feridas";"Plena Noite";"Decrescente";"Chuva";"Dupla";"Reta";"Não";6;0;2;0;3;2;2;4;-24,2823606;-47,4330272;"SPRF-SP";"DEL04-SP";"UOP02-DEL04-SP"
526004;2023-05-29;"segunda-feira";"03:15:00";"SP";381;4;"VARGEM";"Transitar na contramão";"Colisão frontal";"Com Vítimas Feridas";"Plena Noite";"Crescente";"Céu Claro";"Dupla";"Reta";"Sim";2;0;0;1;1;0;1;2;-22,8826217;-46,40779515;"SPRF-SP";"DEL03-SP";"UOP02-DEL03-SP"
526009;2023-05-29;"segunda-feira";"00:15:00";"PR";376;592,3;"CURITIBA";"Transitar na contramão";"Colisão lateral sentido oposto";"Com Vítimas Feridas";"Plena Noite";"Decrescente";"Nevoeiro/Neblina";"Dupla";"Reta";"Sim";3;0;0;1;1;1;1;3;-25,46833525;-49,35524543;"SPRF-PR";"DEL01-PR";"UOP06-DEL01-PR"
526012;2023-05-28;"domingo";"17:20:00";"BA";101;424;"MARAU";"Entrada inopinada do pedestre";"Atropelamento de Pedestre";"Com Vítimas Fatais";"Anoitecer";"Crescente";"Céu Claro";"Simples";"Reta";"Não";2;1;0;0;1;0;0;2;-14,26510203;-39,32585091;"SPRF-BA";"DEL05-BA";"UOP03-DEL05-BA"
526014;2023-05-28;"domingo";"14:10:00";"BA";101;352;"TEOLANDIA";"Velocidade Incompatível";"Tombamento";"Com Vítimas Feridas";"Pleno dia";"Decrescente";"Céu Claro";"Simples";"Curva;Declive";"Não";1;0;1;0;0;0;1;1;-13,61666713;-39,4972229;"SPRF-BA";"DEL05-BA";"UOP03-DEL05-BA"
526015;2023-05-29;"segunda-feira";"00:20:00";"MG";116;367;"FREI INOCENCIO";"Condutor Dormindo";"Colisão frontal";"Com Vítimas Feridas";"Plena Noite";"Crescente";"Céu Claro";"Simples";"Reta";"Não";2;0;0;1;1;0;1;2;-18,51669884;-41,88061628;"SPRF-MG";"DEL11-MG";"UOP01-DEL11-MG"
526017;2023-05-29;"segunda-feira";"06:00:00";"MG";381;525;"BRUMADINHO";"Velocidade Incompatível";"Tombamento";"Com Vítimas Feridas";"Amanhecer";"Crescente";"Nublado";"Dupla";"Curva";"Não";2;0;1;0;0;1;1;2;-20,16710798;-44,33422398;"SPRF-MG";"DEL04-MG";"UOP03-DEL04-MG"
526019;2023-03-05;"domingo";"12:15:00";"MG";251;302,4;"SALINAS";"Transitar na contramão";"Colisão frontal";"Com Vítimas Feridas";"Pleno dia";"Decrescente";"Céu Claro";"Simples";"Curva;Aclive";"Não";4;0;1;1;1;4;2;7;-16,13377552;-42,25305493;"SPRF-MG";"DEL12-MG";"UOP01-DEL12-MG"
526034;2023-05-28;"domingo";"23:30:00";"PR";373;244,5;"GUAMIRANGA";"Ausência de reação do condutor";"Saída de leito carroçável";"Com Vítimas Feridas";"Plena Noite";"Crescente";"Céu Claro";"Simples";"Curva";"Não";2;0;1;0;0;1;1;2;-25,19374625;-50,785954;"SPRF-PR";"DEL03-PR";"UOP01-DEL03-PR"
526042;2023-05-28;"domingo";"05:30:00";"TO";226;32;"PALMEIRAS DO TOCANTINS";"Ausência de reação do condutor";"Saída de leito carroçável";"Com Vítimas Feridas";"Plena Noite";"Crescente";"Céu Claro";"Simples";"Curva;Declive";"Não";1;0;1;0;0;0;1;1;-6,654036;-47,718834;"SPRF-TO";"DEL02-TO";"UOP03-DEL02-TO"
526046;2023-05-28;"domingo";"20:30:00";"AL";101;24;"JOAQUIM GOMES";"Fumaça";"Incêndio";"Sem Vítimas";"Plena Noite";"Decrescente";"Nublado";"Simples";"Reta";"Não";2;0;0;0;1;1;0;2;-9,05000091;-35,71075009;"SPRF-AL";"DEL01-AL";"UOP02-DEL01-AL"
526054;2023-05-29;"segunda-feira";"01:00:00";"PA";10;267;"MAE DO RIO";"Manobra de mudança de faixa";"Saída de leito carroçável";"Com Vítimas Feridas";"Plena Noite";"Crescente";"Céu Claro";"Simples";"Reta";"Não";2;0;1;0;0;1;1;2;-2,09617098;-47,56002117;"SPRF-PA";"DEL02-PA";"UOP01-DEL02-PA"
526056;2023-05-29;"segunda-feira";"07:00:00";"PI";343;158,8;"BRASILEIRA";"Neblina";"Colisão frontal";"Com Vítimas Feridas";"Pleno dia";"Crescente";"Nevoeiro/Neblina";"Simples";"Reta";"Não";2;0;1;1;0;0;2;2;-4,056035;-41,770027;"SPRF-PI";"DEL02-PI";"UOP01-DEL02-PI"
526061;2023-05-29;"segunda-feira";"08:15:00";"MT";364;346;"SANTO ANTONIO DO LEVERGER";"Velocidade Incompatível";"Saída de leito carroçável";"Com Vítimas Feridas";"Pleno dia";"Crescente";"Garoa/Chuvisco";"Dupla";"Curva";"Não";2;0;1;0;0;3;1;4;-15,81193889;-55,53981241;"SPRF-MT";"DEL05-MT";"UOP02-DEL05-MT"
526065;2023-05-29;"segunda-feira";"08:55:00";"MG";381;531,9;"ITATIAIUCU";"Velocidade Incompatível";"Tombamento";"Com Vítimas Feridas";"Pleno dia";"Decrescente";"Nublado";"Dupla";"Curva;Declive";"Não";4;0;0;1;2;1;1;3;-20,18182886;-44,37895835;"SPRF-MG";"DEL04-MG";"UOP03-DEL04-MG"
526076;2023-05-29;"segunda-feira";"10:40:00";"RS";392;125;"CANGUCU";"Transitar na contramão";"Colisão frontal";"Com Vítimas Fatais";"Pleno dia";"Crescente";"Céu Claro";"Simples";"Reta";"Não";3;1;0;0;2;0;0;2;-31,36506;-52,72544;"SPRF-RS";"DEL07-RS";"UOP01-DEL07-RS"
526078;2023-04-12;"quarta-feira";"07:27:00";"SP";116;102,5;"PINDAMONHANGABA";"Manobra de mudança de faixa";"Colisão traseira";"Com Vítimas Feridas";"Pleno dia";"Decrescente";"Céu Claro";"Dupla";"Reta";"Não";2;0;1;0;1;0;1;2;-22,99497994;-45,48951403;"SPRF-SP";"DEL08-SP";"UOP01-DEL08-SP"
526081;2023-05-29;"segunda-feira";"11:30:00";"PR";376;676;"GUARATUBA";"Ausência de reação do condutor";"Colisão traseira";"Com Vítimas Feridas";"Pleno dia";"Crescente";"Chuva";"Dupla";"Curva";"Não";7;0;1;1;4;1;2;3;-25,9253011;-48,91465313;"SPRF-PR";"DEL01-PR";"UOP04-DEL01-PR"
526083;2023-05-29;"segunda-feira";"11:25:00";"BA";324;517;"FEIRA DE SANTANA";"Condutor deixou de manter distância do veículo da frente";"Colisão traseira";"Sem Vítimas";"Pleno dia";"Crescente";"Céu Claro";"Simples";"Reta";"Sim";5;0;0;0;4;2;0;4;-12,24953308;-38,93362525;"SPRF-BA";"DEL02-BA";"UOP01-DEL02-BA"
526094;2023-05-29;"segunda-feira";"10:30:00";"MG";262;52,3;"MANHUACU";"Reação tardia ou ineficiente do condutor";"Colisão lateral sentido oposto";"Com Vítimas Feridas";"Pleno dia";"Crescente";"Nublado";"Simples";"Curva";"Não";2;0;0;1;1;0;1;2;-20,24685283;-42,15478501;"SPRF-MG";"DEL06-MG";"UOP03-DEL06-MG"
526096;2023-05-29;"segunda-feira";"07:20:00";"RO";364;362;"OURO PRETO DO OESTE";"Condutor Dormindo";"Colisão lateral sentido oposto";"Com Vítimas Feridas";"Pleno dia";"Decrescente";"Sol";"Simples";"Declive;Reta";"Não";3;0;1;0;1;3;1;5;-10,77706265;-62,07442393;"SPRF-RO";"DEL02-RO";"UOP01-DEL02-RO"
526110;2023-05-29;"segunda-feira";"13:50:00";"RS";116;234;"NOVO HAMBURGO";"Transitar na contramão";"Colisão frontal";"Com Vítimas Fatais";"Pleno dia";"Decrescente";"Céu Claro";"Simples";"Declive;Reta";"Sim";3;2;0;0;0;1;0;3;-29,64143006;-51,14255905;"SPRF-RS";"DEL01-RS";"UOP02-DEL01-RS"
526118;2023-05-29;"segunda-feira";"13:20:00";"SC";101;41;"JOINVILLE";"Acesso irregular";"Colisão transversal";"Com Vítimas Feridas";"Pleno dia";"Crescente";"Chuva";"Simples";"Interseção de Vias";"Sim";3;0;0;1;1;1;1;3;-26,31854621;-48,87217641;"SPRF-SC";"DEL03-SC";"UOP01-DEL03-SC"
526119;2023-05-29;"segunda-feira";"14:09:00";"PB";101;117;"PEDRAS DE FOGO";"Ausência de reação do condutor";"Colisão traseira";"Com Vítimas Feridas";"Pleno dia";"Crescente";"Chuva";"Dupla";"Retorno Regulamentado;Reta;Aclive";"Não";3;0;0;1;1;1;1;3;-7,41279207;-34,95642424;"SPRF-PB";"DEL01-PB";"UOP02-DEL01-PB"
526120;2023-05-29;"segunda-feira";"15:00:00";"PR";277;20;"PARANAGUA";"Reação tardia ou ineficiente do condutor";"Colisão lateral mesmo sentido";"Sem Vítimas";"Pleno dia";"Crescente";"Nublado";"Dupla";"Reta";"Não";3;0;0;0;2;1;0;3;-25,55344668;-48,66191283;"SPRF-PR";"DEL01-PR";"UOP05-DEL01-PR"
526123;2023-05-29;"segunda-feira";"14:10:00";"RO";364;692;"CANDEIAS DO JAMARI";"Acessar a via sem observar a presença dos outros veículos";"Colisão lateral mesmo sentido";"Com Vítimas Feridas";"Pleno dia";"Crescente";"Nublado";"Dupla";"Curva";"Sim";4;0;0;1;3;0;1;3;-8,79793941;-63,70679498;"SPRF-RO";"DEL01-RO";"UOP01-DEL01-RO"
526127;2023-05-29;"segunda-feira";"15:17:00";"PR";376;600;"CURITIBA";"Manobra de mudança de faixa";"Colisão lateral mesmo sentido";"Com Vítimas Feridas";"Pleno dia";"Crescente";"Garoa/Chuvisco";"Dupla";"Reta";"Sim";2;0;1;0;1;0;1;2;-25,5273136;-49,3290096;"SPRF-PR";"DEL01-PR";"UOP06-DEL01-PR"
526128;2023-05-29;"segunda-feira";"15:00:00";"RO";364;203,7;"PIMENTA BUENO";"Condutor deixou de manter distância do veículo da frente";"Colisão traseira";"Com Vítimas Feridas";"Pleno dia";"Decrescente";"Céu Claro";"Simples";"Reta";"Não";2;0;1;0;1;0;1;2;-11,623255;-61,210357;"SPRF-RO";"DEL02-RO";"UOP02-DEL02-RO"
526129;2023-05-29;"segunda-feira";"15:40:00";"SP";116;223,9;"GUARULHOS";"Ingestão de álcool pelo condutor";"Tombamento";"Sem Vítimas";"Pleno dia";"Decrescente";"Nublado";"Múltipla";"Reta";"Sim";2;0;0;0;1;1;0;2;-23,48182621;-46,53430939;"SPRF-SP";"DEL01-SP";"UOP01-DEL01-SP"
526130;2023-05-29;"segunda-feira";"16:15:00";"MG";381;494,1;"BETIM";"Ausência de reação do condutor";"Colisão lateral mesmo sentido";"Com Vítimas Feridas";"Pleno dia";"Decrescente";"Nublado";"Múltipla";"Curva";"Sim";3;0;1;0;1;1;1;3;-19,98690045;-44,18014526;"SPRF-MG";"DEL04-MG";"UOP03-DEL04-MG"
526138;2023-05-29;"segunda-feira";"16:00:00";"SC";470;60,8;"BLUMENAU";"Acessar a via sem observar a presença dos outros veículos";"Colisão transversal";"Sem Vítimas";"Pleno dia";"Decrescente";"Céu Claro";"Simples";"Curva";"Sim";3;0;0;0;2;1;0;3;-26,88138;-49,164543;"SPRF-SC";"DEL04-SC";"UOP01-DEL04-SC"
526141;2023-05-29;"segunda-feira";"16:55:00";"RS";158;121;"PALMEIRA DAS MISSOES";"Manobra de mudança de faixa";"Colisão lateral mesmo sentido";"Com Vítimas Feridas";"Anoitecer";"Crescente";"Céu Claro";"Simples";"Reta";"Não";4;0;1;0;2;3;1;5;-28,06328669;-53,38453516;"SPRF-RS";"DEL08-RS";"UOP01-DEL08-RS"
526144;2023-05-29;"segunda-feira";"14:50:00";"BA";101;247;"SANTO ANTONIO DE JESUS";"Velocidade Incompatível";"Saída de leito carroçável";"Com Vítimas Feridas";"Pleno dia";"Crescente";"Céu Claro";"Simples";"Curva";"Não";2;0;1;0;0;2;1;3;-12,984957;-39,291156;"SPRF-BA";"DEL01-BA";"UOP02-DEL01-BA"
526147;2023-05-29;"segunda-feira";"16:50:00";"RJ";116;278,9;"BARRA MANSA";"Carga excessiva e/ou mal acondicionada";"Tombamento";"Com Vítimas Feridas";"Pleno dia";"Crescente";"Nublado";"Dupla";"Curva";"Sim";4;0;1;0;2;1;1;3;-22,55271018;-44,17778004;"SPRF-RJ";"DEL07-RJ";"UOP02-DEL07-RJ"
526153;2023-05-29;"segunda-feira";"15:40:00";"MT";163;1014;"TERRA NOVA DO NORTE";"Manobra de mudança de faixa";"Tombamento";"Com Vítimas Feridas";"Pleno dia";"Crescente";"Sol";"Simples";"Reta";"Não";4;0;1;0;1;7;1;9;-10,50141605;-55,07265474;"SPRF-MT";"DEL06-MT";"UOP03-DEL06-MT"
526159;2023-05-29;"segunda-feira";"18:25:00";"GO";60;72,6;"ABADIANIA";"Velocidade Incompatível";"Colisão traseira";"Com Vítimas Feridas";"Anoitecer";"Decrescente";"Céu Claro";"Dupla";"Aclive;Reta";"Não";3;0;1;1;1;0;2;2;-16,266253;-48,766194;"SPRF-GO";"DEL02-GO";"UOP01-DEL02-GO"
526166;2023-05-29;"segunda-feira";"19:30:00";"SC";280;22;"ARAQUARI";"Acessar a via sem observar a presença dos outros veículos";"Colisão frontal";"Com Vítimas Feridas";"Plena Noite";"Crescente";"Nublado";"Simples";"Reta";"Não";4;0;1;0;2;2;1;5;-26,37092616;-48,70204099;"SPRF-SC";"DEL03-SC";"UOP03-DEL03-SC"
526170;2023-05-29;"segunda-feira";"19:00:00";"BA";242;710;"CRISTOPOLIS";"Reação tardia ou ineficiente do condutor";"Tombamento";"Com Vítimas Fatais";"Plena Noite";"Decrescente";"Céu Claro";"Simples";"Declive;Reta";"Não";2;1;0;0;0;1;0;2;-12,22309212;-44,30073738;"SPRF-BA";"DEL10-BA";"UOP02-DEL10-BA"
526181;2023-05-29;"segunda-feira";"18:00:00";"MT";163;1102;"GUARANTA DO NORTE";"Reação tardia ou ineficiente do condutor";"Tombamento";"Com Vítimas Feridas";"Anoitecer";"Decrescente";"Céu Claro";"Dupla";"Declive;Curva";"Não";2;0;1;0;0;2;1;3;-9,78200529;-54,90867173;"SPRF-MT";"DEL06-MT";"UOP03-DEL06-MT"
526192;2023-05-29;"segunda-feira";"19:40:00";"RS";386;272;"FONTOURA XAVIER";"Velocidade Incompatível";"Saída de leito carroçável";"Sem Vítimas";"Plena Noite";"Crescente";"Céu Claro";"Simples";"Curva";"Não";1;0;0;0;0;1;0;1;-28,99000043;-52,36515284;"SPRF-RS";"DEL04-RS";"UOP03-DEL04-RS"
526194;2023-05-29;"segunda-feira";"20:50:00";"MG";116;688,4;"MURIAE";"Velocidade Incompatível";"Tombamento";"Sem Vítimas";"Plena Noite";"Decrescente";"Céu Claro";"Simples";"Aclive;Curva";"Não";2;0;0;0;1;1;0;2;-21,00463422;-42,36667213;"SPRF-MG";"DEL07-MG";"UOP02-DEL07-MG"
526197;2023-05-10;"quarta-feira";"05:30:00";"RS";392;61;"PELOTAS";"Condutor Dormindo";"Saída de leito carroçável";"Com Vítimas Feridas";"Amanhecer";"Decrescente";"Céu Claro";"Simples";"Curva";"Não";2;0;1;0;0;1;1;2;-31,78636127;-52,3528092;"SPRF-RS";"DEL07-RS";"UOP01-DEL07-RS"
526200;2023-05-29;"segunda-feira";"23:26:00";"RN";304;35;"MOSSORO";"Ingestão de álcool e/ou substâncias psicoativas pelo pedestre";"Colisão com objeto";"Sem Vítimas";"Plena Noite";"Crescente";"Céu Claro";"Dupla";"Reta;Aclive";"Sim";1;0;0;0;0;1;0;1;-5,16149497;-37,35068212;"SPRF-RN";"DEL04-RN";"UOP02-DEL04-RN"
526202;2023-05-30;"terça-feira";"01:10:00";"MG";40;530,5;"CONTAGEM";"Ausência de reação do condutor";"Colisão traseira";"Com Vítimas Feridas";"Plena Noite";"Decrescente";"Céu Claro";"Dupla";"Curva";"Sim";4;0;1;0;2;1;1;3;-19,92064782;-44,0335681;"SPRF-MG";"DEL01-MG";"UOP02-DEL01-MG"
526203;2023-05-30;"terça-feira";"00:45:00";"SP";116;516;"CAJATI";"Reação tardia ou ineficiente do condutor";"Colisão traseira";"Com Vítimas Feridas";"Plena Noite";"Decrescente";"Garoa/Chuvisco";"Dupla";"Curva";"Não";5;0;2;0;2;1;2;2;-24,87423036;-48,2190838;"SPRF-SP";"DEL05-SP";"UOP02-DEL05-SP"
526205;2023-05-30;"terça-feira";"03:00:00";"SP";116;146;"SAO JOSE DOS CAMPOS";"Ausência de reação do condutor";"Colisão traseira";"Com Vítimas Feridas";"Plena Noite";"Decrescente";"Céu Claro";"Múltipla";"Aclive";"Não";3;0;1;0;1;1;1;3;-23,19122919;-45,86327591;"SPRF-SP";"DEL02-SP";"UOP01-DEL02-SP"
526206;2023-05-30;"terça-feira";"00:23:00";"MG";381;653;"SANTO ANTONIO DO AMPARO";"Condutor Dormindo";"Tombamento";"Com Vítimas Feridas";"Plena Noite";"Decrescente";"Céu Claro";"Dupla";"Curva;Aclive";"Não";2;0;1;0;0;1;1;2;-20,98800417;-44,95317291;"SPRF-MG";"DEL04-MG";"UOP02-DEL04-MG"
526214;2023-05-30;"terça-feira";"01:55:00";"MT";364;330,9;"SANTO ANTONIO DO LEVERGER";"Demais falhas mecânicas ou elétricas";"Incêndio";"Sem Vítimas";"Plena Noite";"Decrescente";"Nevoeiro/Neblina";"Dupla";"Reta";"Não";2;0;0;0;1;2;0;3;-15,8205252;-55,41110578;"SPRF-MT";"DEL05-MT";"UOP02-DEL05-MT"
526215;2023-05-29;"segunda-feira";"20:30:00";"PR";376;550,7;"PALMEIRA";"Demais falhas mecânicas ou elétricas";"Incêndio";"Sem Vítimas";"Plena Noite";"Crescente";"Céu Claro";"Dupla";"Reta";"Não";2;0;0;0;1;2;0;3;-25,4334;-49,75267;"SPRF-PR";"DEL03-PR";"UOP03-DEL03-PR"
526216;2023-05-30;"terça-feira";"06:30:00";"SP";116;108,2;"TAUBATE";"Manobra de mudança de faixa";"Colisão lateral mesmo sentido";"Com Vítimas Feridas";"Pleno dia";"Crescente";"Nublado";"Dupla";"Reta";"Não";3;0;1;0;1;1;1;3;-23,0233097;-45,53763622;"SPRF-SP";"DEL02-SP";"UOP02-DEL02-SP"
526227;2023-05-30;"terça-feira";"07:20:00";"PE";408;100,6;"SAO LOURENCO DA MATA";"Ausência de reação do condutor";"Colisão traseira";"Com Vítimas Feridas";"Pleno dia";"Decrescente";"Céu Claro";"Dupla";"Viaduto;Aclive";"Sim";2;0;1;0;1;0;1;2;-8,04364056;-35,01674995;"SPRF-PE";"DEL01-PE";"UOP01-DEL01-PE"
526229;2023-05-30;"terça-feira";"02:15:00";"MA";135;137;"MATOES DO NORTE";"Acostamento em desnível";"Saída de leito carroçável";"Com Vítimas Feridas";"Plena Noite";"Decrescente";"Céu Claro";"Simples";"Reta";"Não";2;0;1;0;0;1;1;2;-3,64935592;-44,54345984;"SPRF-MA";"DEL01-MA";"UOP02-DEL01-MA"
526232;2023-05-30;"terça-feira";"08:00:00";"CE";304;50,5;"ARACATI";"Manobra de mudança de faixa";"Colisão frontal";"Com Vítimas Feridas";"Pleno dia";"Decrescente";"Sol";"Simples";"Reta";"Sim";2;0;0;1;1;0;1;2;-4,572322;-37,757907;"SPRF-CE";"DEL03-CE";"UOP03-DEL03-CE"
526233;2023-05-30;"terça-feira";"08:02:00";"RJ";493;7;"ITABORAI";"Mal súbito do condutor";"Colisão lateral sentido oposto";"Com Vítimas Feridas";"Pleno dia";"Crescente";"Nublado";"Simples";"Reta";"Não";4;0;0;1;2;1;1;4;-22,72223999;-42,95160296;"SPRF-RJ";"DEL02-RJ";"UOP02-DEL02-RJ"
526236;2023-05-07;"domingo";"00:10:00";"PA";158;882;"SANTANA DO ARAGUAIA";"Reação tardia ou ineficiente do condutor";"Capotamento";"Com Vítimas Feridas";"Plena Noite";"Crescente";"Céu Claro";"Simples";"Reta";"Não";7;0;2;0;4;1;2;2;-9,703195;-50,978137;"SPRF-PA";"DEL03-PA";"UOP01-DEL03-PA"