"id";"data_inversa";"dia_semana";"horario";"uf";"br";"km";"municipio";"causa_acidente";"tipo_acidente";"classificacao_acidente";"fase_dia";"sentido_via";"condicao_metereologica";"tipo_pista";"tracado_via";"uso_solo";"pessoas";"mortos";"feridos_leves";"feridos_graves";"ilesos";"ignorados";"feridos";"veiculos";"latitude";"longitude";"regional";"delegacia";"uop"
526474;2023-05-31;"quarta-feira";"13:30:00";"MG";381;482;"BETIM";"Ausência de reação do condutor";"Colisão traseira";"Com Vítimas Feridas";"Pleno dia";"Decrescente";"Céu Claro";"Dupla";"Aclive;Reta";"Não";2;0;1;0;1;0;1;2;-19,955532;-44,097209;"SPRF-MG";"DEL01-MG";"UOP03-DEL01-MG"
526475;2023-05-31;"quarta-feira";"13:30:00";"MG";381;455;"BELO HORIZONTE";"Acessar a via sem observar a presença dos outros veículos";"Colisão transversal";"Com Vítimas Feridas";"Pleno dia";"Crescente";"Céu Claro";"Simples";"Declive;Reta";"Sim";3;0;1;0;1;2;1;4;-19,8377868;-43,8819503;"SPRF-MG";"DEL01-MG";"UOP01-DEL01-MG"
526476;2023-05-31;"quarta-feira";"11:30:00";"MG";381;457;"BELO HORIZONTE";"Reação tardia ou ineficiente do condutor";"Colisão traseira";"Com Vítimas Feridas";"Pleno dia";"Crescente";"Céu Claro";"Dupla";"Reta";"Sim";3;0;0;1;1;1;1;3;-19,86134886;-43,92063055;"SPRF-MG";"DEL01-MG";"UOP01-DEL01-MG"
526478;2023-05-31;"quarta-feira";"08:42:00";"GO";452;43;"SANTA HELENA DE GOIAS";"Reação tardia ou ineficiente do condutor";"Colisão com objeto";"Sem Vítimas";"Pleno dia";"Crescente";"Chuva";"Simples";"Reta";"Não";2;0;0;0;2;0;0;1;-17,93788573;-50,53442988;"SPRF-GO";"DEL04-GO";"UOP01-DEL04-GO"
526479;2023-05-31;"quarta-feira";"12:00:00";"PE";316;302;"FLORESTA";"Acessar a via sem observar a presença dos outros veículos";"Colisão transversal";"Com Vítimas Feridas";"Pleno dia";"Crescente";"Céu Claro";"Simples";"Reta;Interseção de Vias";"Não";5;0;0;3;1;3;3;5;-8,60666402;-38,587711;"SPRF-PE";"DEL04-PE";"UOP03-DEL04-PE"
526481;2023-05-31;"quarta-feira";"13:30:00";"DF";40;6;"BRASILIA";"Manobra de mudança de faixa";"Colisão lateral mesmo sentido";"Com Vítimas Feridas";"Pleno dia";"Crescente";"Céu Claro";"Dupla";"Reta";"Sim";4;0;1;0;2;1;1;3;-16,029741;-47,978867;"SPRF-DF";"DEL01-DF";"UOP01-DEL01-DF"
526486;2023-05-23;"terça-feira";"13:30:00";"RJ";116;170;"RIO DE JANEIRO";"Manobra de mudança de faixa";"Colisão traseira";"Com Vítimas Feridas";"Pleno dia";"Crescente";"Céu Claro";"Múltipla";"Reta";"Sim";3;0;0;1;1;1;1;3;-22,81113183;-43,3336729;"SPRF-RJ";"DEL01-RJ";"UOP02-DEL01-RJ"
526488;2023-05-31;"quarta-feira";"14:40:00";"PR";277;476;"NOVA LARANJEIRAS";"Desrespeitar a preferência no cruzamento";"Colisão transversal";"Com Vítimas Feridas";"Pleno dia";"Decrescente";"Céu Claro";"Simples";"Rotatória;Reta";"Não";3;0;2;0;1;0;2;2;-25,3057038348;-52,555882962;"SPRF-PR";"DEL04-PR";"UOP02-DEL04-PR"
526493;2023-05-31;"quarta-feira";"06:35:00";"MA";226;355;"JENIPAPO DOS VIEIRAS";"Velocidade Incompatível";"Tombamento";"Com Vítimas Feridas";"Pleno dia";"Crescente";"Céu Claro";"Simples";"Declive;Curva";"Não";3;0;0;2;0;1;2;2;-5,55349724;-45,65177271;"SPRF-MA";"DEL06-MA";"UOP01-DEL06-MA"
526500;2023-05-31;"quarta-feira";"14:40:00";"SC";470;103;"APIUNA";"Demais falhas mecânicas ou elétricas";"Colisão traseira";"Com Vítimas Feridas";"Pleno dia";"Crescente";"Nublado";"Simples";"Reta";"Sim";4;0;2;0;1;1;2;3;-27,064796;-49,401424;"SPRF-SC";"DEL04-SC";"UOP02-DEL04-SC"
526505;2023-05-31;"quarta-feira";"15:40:00";"MG";262;593,5;"CAMPOS ALTOS";"Velocidade Incompatível";"Colisão lateral sentido oposto";"Com Vítimas Feridas";"Pleno dia";"Decrescente";"Chuva";"Simples";"Curva";"Não";3;0;1;1;0;2;2;4;-19,666414;-46,16032;"SPRF-MG";"DEL08-MG";"UOP02-DEL08-MG"
526506;2023-05-31;"quarta-feira";"12:45:00";"AL";423;42;"INHAPI";"Ultrapassagem Indevida";"Colisão frontal";"Com Vítimas Feridas";"Pleno dia";"Crescente";"Céu Claro";"Simples";"Reta";"Não";5;0;2;0;2;1;2;4;-9,23880129;-37,6531139;"SPRF-AL";"DEL03-AL";"UOP02-DEL03-AL"
526513;2023-05-31;"quarta-feira";"17:05:00";"GO";20;64;"FORMOSA";"Demais falhas mecânicas ou elétricas";"Colisão lateral sentido oposto";"Com Vítimas Feridas";"Pleno dia";"Crescente";"Céu Claro";"Simples";"Reta";"Sim";5;0;1;0;3;3;1;7;-15,221292;-47,161102;"SPRF-DF";"DEL02-DF";"UOP02-DEL02-DF"
526515;2023-05-31;"quarta-feira";"13:15:00";"RS";470;3,2;"BARRACAO";"Ausência de reação do condutor";"Saída de leito carroçável";"Com Vítimas Feridas";"Pleno dia";"Decrescente";"Céu Claro";"Simples";"Curva;Declive";"Não";2;0;0;1;0;1;1;2;-27,61996908;-51,48708344;"SPRF-RS";"DEL08-RS";"UOP05-DEL08-RS"
526525;2023-05-31;"quarta-feira";"15:20:00";"MS";163;25,3;"MUNDO NOVO";"Acessar a via sem observar a presença dos outros veículos";"Colisão transversal";"Com Vítimas Feridas";"Pleno dia";"Crescente";"Céu Claro";"Simples";"Interseção de Vias;Reta";"Não";2;0;1;0;1;0;1;2;-23,88981194;-54,31346792;"SPRF-MS";"DEL09-MS";"UOP02-DEL09-MS"
526527;2023-05-31;"quarta-feira";"17:45:00";"MG";40;662,9;"CARANDAI";"Demais falhas mecânicas ou elétricas";"Colisão frontal";"Com Vítimas Fatais";"Pleno dia";"Crescente";"Garoa/Chuvisco";"Simples";"Reta";"Não";2;1;1;0;0;0;1;2;-20,924688;-43,820545;"SPRF-MG";"DEL05-MG";"UOP02-DEL05-MG"
526528;2023-05-31;"quarta-feira";"18:20:00";"PR";116;93;"SAO JOSE DOS PINHAIS";"Reação tardia ou ineficiente do condutor";"Colisão traseira";"Com Vítimas Feridas";"Plena Noite";"Decrescente";"Nevoeiro/Neblina";"Dupla";"Reta";"Não";4;0;0;1;2;1;1;4;-25,48227693;-49,10588805;"SPRF-PR";"DEL01-PR";"UOP07-DEL01-PR"
526529;2023-05-31;"quarta-feira";"17:15:00";"MT";174;3;"PONTES E LACERDA";"Ultrapassagem Indevida";"Colisão frontal";"Com Vítimas Feridas";"Anoitecer";"Crescente";"Nublado";"Simples";"Reta";"Sim";4;0;0;1;3;0;1;2;-15,226537;-59,335728;"SPRF-MT";"DEL04-MT";"UOP01-DEL04-MT"
526534;2023-04-25;"terça-feira";"20:15:00";"PB";101;124,6;"CAAPORA";"Condutor deixou de manter distância do veículo da frente";"Colisão traseira";"Com Vítimas Feridas";"Plena Noite";"Crescente";"Céu Claro";"Dupla";"Reta";"Não";3;0;0;2;0;1;2;2;-7,46746892;-34,9772648;"SPRF-PB";"DEL01-PB";"UOP02-DEL01-PB"
526539;2023-05-31;"quarta-feira";"15:19:00";"MT";70;380;"CAMPO VERDE";"Acessar a via sem observar a presença dos outros veículos";"Colisão transversal";"Com Vítimas Feridas";"Pleno dia";"Crescente";"Céu Claro";"Simples";"Rotatória";"Não";3;0;2;0;1;0;2;2;-15,51448159;-55,11820542;"SPRF-MT";"DEL05-MT";"UOP02-DEL05-MT"
526543;2023-05-31;"quarta-feira";"16:00:00";"SC";282;420,8;"VARGEM BONITA";"Demais falhas mecânicas ou elétricas";"Saída de leito carroçável";"Com Vítimas Feridas";"Pleno dia";"Decrescente";"Céu Claro";"Dupla";"Reta";"Não";2;0;1;0;0;1;1;2;-27,014404;-51,736601;"SPRF-SC";"DEL07-SC";"UOP05-DEL07-SC"
526544;2023-05-31;"quarta-feira";"18:40:00";"MG";50;45;"ARAGUARI";"Reação tardia ou ineficiente do condutor";"Colisão traseira";"Com Vítimas Feridas";"Plena Noite";"Decrescente";"Nublado";"Dupla";"Aclive;Reta";"Não";3;0;1;0;1;2;1;4;-18,71289097;-48,19662304;"SPRF-MG";"DEL15-MG";"UOP02-DEL15-MG"
526547;2023-05-31;"quarta-feira";"13:20:00";"PR";376;11,7;"MARINGA";"Falta de acostamento";"Colisão traseira";"Sem Vítimas";"Pleno dia";"Decrescente";"Céu Claro";"Dupla";"Declive;Reta";"Não";4;0;0;0;3;1;0;4;-23,4273;-51,9375;"SPRF-PR";"DEL09-PR";"UOP01-DEL09-PR"
526551;2023-05-31;"quarta-feira";"21:40:00";"ES";101;183,7;"ARACRUZ";"Reação tardia ou ineficiente do condutor";"Tombamento";"Com Vítimas Feridas";"Plena Noite";"Decrescente";"Céu Claro";"Simples";"Reta";"Não";2;0;1;0;0;1;1;2;-19,64708421;-40,23286555;"SPRF-ES";"DEL04-ES";"UOP01-DEL04-ES"
526553;2023-05-31;"quarta-feira";"21:30:00";"BA";20;197;"LUIS EDUARDO MAGALHAES";"Ultrapassagem Indevida";"Colisão lateral mesmo sentido";"Com Vítimas Fatais";"Plena Noite";"Crescente";"Céu Claro";"Simples";"Reta";"Não";8;1;4;0;2;2;4;6;-12,220557;-45,832389;"SPRF-BA";"DEL10-BA";"UOP01-DEL10-BA"
526562;2023-05-31;"quarta-feira";"23:20:00";"PB";104;150,2;"QUEIMADAS";"Ausência de reação do condutor";"Colisão frontal";"Com Vítimas Fatais";"Plena Noite";"Decrescente";"Céu Claro";"Simples";"Reta";"Não";2;1;0;0;1;0;0;2;-7,45915;-35,919905;"SPRF-PB";"DEL02-PB";"UOP03-DEL02-PB"
526569;2023-05-31;"quarta-feira";"21:30:00";"MT";158;525;"CANARANA";"Ultrapassagem Indevida";"Colisão lateral mesmo sentido";"Sem Vítimas";"Plena Noite";"Crescente";"Céu Claro";"Simples";"Reta";"Não";4;0;0;0;3;4;0;7;-13,71100548;-52,027249;"SPRF-MT";"DEL07-MT";"UOP02-DEL07-MT"
526572;2023-06-01;"quinta-feira";"01:05:00";"PR";153;2,1;"JACAREZINHO";"Transitar na contramão";"Colisão com objeto";"Sem Vítimas";"Plena Noite";"Decrescente";"Céu Claro";"Simples";"Reta";"Não";2;0;0;0;1;1;0;2;-23,01063981;-49,90871127;"SPRF-PR";"DEL07-PR";"UOP04-DEL07-PR"
526575;2023-06-01;"quinta-feira";"03:45:00";"RS";101;85,4;"OSORIO";"Pedestre andava na pista";"Atropelamento de Pedestre";"Com Vítimas Fatais";"Plena Noite";"Crescente";"Céu Claro";"Dupla";"Reta";"Sim";2;1;0;0;0;1;0;2;-29,86832721;-50,2517237;"SPRF-RS";"DEL03-RS";"UOP01-DEL03-RS"
526576;2023-06-01;"quinta-feira";"05:30:00";"GO";153;356,3;"JARAGUA";"Desrespeitar a preferência no cruzamento";"Colisão transversal";"Com Vítimas Feridas";"Plena Noite";"Crescente";"Céu Claro";"Simples";"Interseção de Vias";"Sim";3;0;1;0;2;0;1;2;-15,73510707;-49,32348859;"SPRF-GO";"DEL02-GO";"UOP02-DEL02-GO"
526578;2023-05-31;"quarta-feira";"16:40:00";"RS";472;472;"ITAQUI";"Acessar a via sem observar a presença dos outros veículos";"Colisão transversal";"Com Vítimas Feridas";"Pleno dia";"Crescente";"Céu Claro";"Simples";"Interseção de Vias";"Não";4;0;2;0;1;1;2;3;-29,1541137;-56,34904722;"SPRF-RS";"DEL12-RS";"UOP01-DEL12-RS"
526579;2023-06-01;"quinta-feira";"06:15:00";"PR";369;394;"MAMBORE";"Reação tardia ou ineficiente do condutor";"Colisão frontal";"Com Vítimas Feridas";"Pleno dia";"Crescente";"Céu Claro";"Simples";"Curva";"Não";3;0;0;1;1;1;1;3;-24,2872;-52,5668;"SPRF-PR";"DEL04-PR";"UOP03-DEL04-PR"
526580;2023-05-31;"quarta-feira";"23:00:00";"GO";80;26,7;"PADRE BERNARDO";"Transitar na contramão";"Colisão frontal";"Com Vítimas Fatais";"Plena Noite";"Crescente";"Céu Claro";"Simples";"Reta";"Não";3;1;0;1;0;1;1;3;-15,328886;-48,231654;"SPRF-DF";"DEL03-DF";"UOP02-DEL03-DF"
526583;2023-05-31;"quarta-feira";"22:30:00";"MT";70;8;"BARRA DO GARCAS";"Demais falhas mecânicas ou elétricas";"Incêndio";"Sem Vítimas";"Plena Noite";"Decrescente";"Céu Claro";"Simples";"Aclive";"Não";2;0;0;0;1;2;0;3;-15,87825854;-52,325823;"SPRF-MT";"DEL07-MT";"UOP01-DEL07-MT"
526588;2023-06-01;"quinta-feira";"06:32:00";"GO";50;193,5;"CAMPO ALEGRE DE GOIAS";"Ausência de reação do condutor";"Colisão traseira";"Com Vítimas Feridas";"Amanhecer";"Crescente";"Nevoeiro/Neblina";"Dupla";"Reta";"Não";3;0;1;0;1;1;1;3;-17,5189;-47,8261;"SPRF-GO";"DEL06-GO";"UOP01-DEL06-GO"
526593;2023-06-01;"quinta-feira";"02:00:00";"MG";116;809,4;"ALEM PARAIBA";"Demais falhas mecânicas ou elétricas";"Incêndio";"Sem Vítimas";"Plena Noite";"Decrescente";"Nevoeiro/Neblina";"Simples";"Reta";"Não";2;0;0;0;1;1;0;2;-21,82600491;-42,68294095;"SPRF-MG";"DEL07-MG";"UOP01-DEL07-MG"
526598;2023-06-01;"quinta-feira";"07:00:00";"MS";262;316;"CAMPO GRANDE";"Ausência de reação do condutor";"Tombamento";"Com Vítimas Feridas";"Pleno dia";"Crescente";"Céu Claro";"Simples";"Reta;Declive";"Não";3;0;2;0;0;1;2;2;-20,47159896;-54,43906;"SPRF-MS";"DEL01-MS";"UOP01-DEL01-MS"
526599;2023-06-01;"quinta-feira";"07:10:00";"MG";40;356,2;"FELIXLANDIA";"Ausência de reação do condutor";"Colisão frontal";"Com Vítimas Feridas";"Pleno dia";"Decrescente";"Céu Claro";"Simples";"Reta";"Não";2;0;0;1;1;0;1;2;-18,73053982;-44,88268599;"SPRF-MG";"DEL02-MG";"UOP01-DEL02-MG"
526601;2023-06-01;"quinta-feira";"07:50:00";"PR";369;190;"ARAPONGAS";"Neblina";"Colisão traseira";"Com Vítimas Feridas";"Pleno dia";"Decrescente";"Nevoeiro/Neblina";"Dupla";"Reta";"Não";3;0;1;0;1;1;1;3;-23,44618;-51,42322;"SPRF-PR";"DEL07-PR";"UOP03-DEL07-PR"
526603;2023-06-01;"quinta-feira";"08:26:00";"MG";381;508,8;"SAO JOAQUIM DE BICAS";"Manobra de mudança de faixa";"Colisão traseira";"Com Vítimas Feridas";"Pleno dia";"Decrescente";"Nublado";"Dupla";"Curva;Declive";"Não";4;0;1;0;2;2;1;4;-20,06277698;-44,29329002;"SPRF-MG";"DEL04-MG";"UOP03-DEL04-MG"
526604;2023-06-01;"quinta-feira";"07:55:00";"SC";470;64,3;"INDAIAL";"Conversão proibida";"Colisão lateral mesmo sentido";"Com Vítimas Feridas";"Pleno dia";"Decrescente";"Céu Claro";"Simples";"Aclive;Reta";"Sim";2;0;1;0;1;0;1;2;-26,869867;-49,201859;"SPRF-SC";"DEL04-SC";"UOP01-DEL04-SC"
526605;2023-05-31;"quarta-feira";"21:30:00";"RO";364;438;"JARU";"Transitar na contramão";"Colisão lateral sentido oposto";"Com Vítimas Fatais";"Plena Noite";"Crescente";"Céu Claro";"Simples";"Aclive;Reta";"Não";4;2;1;0;0;1;1;4;-10,36530904;-62,56654003;"SPRF-RO";"DEL03-RO";"UOP02-DEL03-RO"
526606;2023-06-01;"quinta-feira";"07:45:00";"MG";262;471,9;"BOM DESPACHO";"Ausência de reação do condutor";"Colisão traseira";"Com Vítimas Feridas";"Pleno dia";"Crescente";"Nublado";"Simples";"Aclive;Reta";"Não";2;0;1;0;1;0;1;2;-19,78632286;-45,16679393;"SPRF-MG";"DEL08-MG";"UOP03-DEL08-MG"
526612;2023-06-01;"quinta-feira";"08:30:00";"BA";242;815;"BARREIRAS";"Demais falhas mecânicas ou elétricas";"Tombamento";"Com Vítimas Feridas";"Pleno dia";"Crescente";"Céu Claro";"Simples";"Declive";"Não";3;0;0;1;1;1;1;2;-12,14882598;-44,999386;"SPRF-BA";"DEL10-BA";"UOP01-DEL10-BA"
526616;2023-06-01;"quinta-feira";"06:40:00";"RO";364;536;"ALTO PARAISO";"Reação tardia ou ineficiente do condutor";"Colisão transversal";"Com Vítimas Feridas";"Pleno dia";"Crescente";"Céu Claro";"Simples";"Curva";"Não";2;0;1;0;1;0;1;2;-9,75382227;-63,10575094;"SPRF-RO";"DEL03-RO";"UOP01-DEL03-RO"
526618;2023-05-24;"quarta-feira";"08:30:00";"PR";376;126;"ALTO PARANA";"Manobra de mudança de faixa";"Colisão traseira";"Com Vítimas Feridas";"Pleno dia";"Decrescente";"Céu Claro";"Dupla";"Aclive;Reta";"Não";3;0;1;0;1;2;1;4;-23,15542233;-52,26667625;"SPRF-PR";"DEL09-PR";"UOP02-DEL09-PR"
526626;2023-06-01;"quinta-feira";"07:35:00";"PR";373;182;"PONTA GROSSA";"Conversão proibida";"Colisão transversal";"Com Vítimas Feridas";"Pleno dia";"Decrescente";"Nevoeiro/Neblina";"Dupla";"Reta";"Sim";4;0;2;0;1;1;2;4;-25,04193864;-50,26741587;"SPRF-PR";"DEL03-PR";"UOP01-DEL03-PR"
526629;2023-06-01;"quinta-feira";"09:20:00";"PE";101;71,9;"RECIFE";"Ausência de reação do condutor";"Colisão traseira";"Com Vítimas Feridas";"Pleno dia";"Decrescente";"Céu Claro";"Dupla";"Reta";"Sim";2;0;1;0;1;0;1;2;-8,07663102;-34,94277871;"SPRF-PE";"DEL01-PE";"UOP01-DEL01-PE"
526631;2023-06-01;"quinta-feira";"08:26:00";"RO";364;713;"PORTO VELHO";"Ausência de reação do condutor";"Colisão lateral mesmo sentido";"Com Vítimas Feridas";"Pleno dia";"Decrescente";"Céu Claro";"Dupla";"Reta";"Sim";2;0;1;0;1;0;1;2;-8,77331583;-63,87969248;"SPRF-RO";"DEL01-RO";"UOP01-DEL01-RO"
526632;2023-06-01;"quinta-feira";"06:20:00";"MG";116;131,4;"ITAOBIM";"Ausência de reação do condutor";"Colisão lateral sentido oposto";"Com Vítimas Feridas";"Amanhecer";"Crescente";"Céu Claro";"Simples";"Curva";"Não";3;0;0;1;2;0;1;2;-16,69818905;-41,4999644;"SPRF-MG";"DEL11-MG";"UOP02-DEL11-MG"
526634;2023-06-01;"quinta-feira";"09:00:00";"SC";101;206,4;"SAO JOSE";"Ausência de reação do condutor";"Saída de leito carroçável";"Sem Vítimas";"Pleno dia";"Decrescente";"Céu Claro";"Dupla";"Reta";"Sim";4;0;0;0;3;1;0;4;-27,59193546;-48,61824557;"SPRF-SC";"DEL01-SC";"UOP01-DEL01-SC"
526637;2023-06-01;"quinta-feira";"10:25:00";"PE";232;14,5;"JABOATAO DOS GUARARAPES";"Problema com o freio";"Saída de leito carroçável";"Com Vítimas Feridas";"Pleno dia";"Crescente";"Céu Claro";"Dupla";"Curva;Declive";"Não";2;0;1;1;0;0;2;1;-8,09025488;-35,02052302;"SPRF-PE";"DEL01-PE";"UOP01-DEL01-PE"
526639;2023-06-01;"quinta-feira";"06:50:00";"SC";282;560,7;"NOVA ITABERABA";"Transitar na contramão";"Colisão frontal";"Com Vítimas Feridas";"Amanhecer";"Crescente";"Nevoeiro/Neblina";"Simples";"Reta";"Não";3;0;1;1;1;0;2;3;-26,919464;-52,861614;"SPRF-SC";"DEL07-SC";"UOP02-DEL07-SC"
526642;2023-03-08;"quarta-feira";"05:40:00";"SP";116;274;"TABOAO DA SERRA";"Reação tardia ou ineficiente do condutor";"Colisão traseira";"Com Vítimas Feridas";"Amanhecer";"Crescente";"Sol";"Múltipla";"Reta";"Não";2;0;0;1;1;0;1;2;-23,63445084;-46,82418514;"SPRF-SP";"DEL04-SP";"UOP01-DEL04-SP"
526645;2023-06-01;"quinta-feira";"05:30:00";"RJ";116;255;"PIRAI";"Manobra de mudança de faixa";"Colisão com objeto";"Com Vítimas Fatais";"Amanhecer";"Crescente";"Nevoeiro/Neblina";"Dupla";"Reta";"Não";2;1;1;0;0;0;1;1;-22,58171235;-43,99533787;"SPRF-RJ";"DEL07-RJ";"UOP02-DEL07-RJ"
526648;2023-06-01;"quinta-feira";"10:30:00";"PE";423;57;"LAJEDO";"Acessar a via sem observar a presença dos outros veículos";"Colisão traseira";"Com Vítimas Feridas";"Pleno dia";"Decrescente";"Céu Claro";"Simples";"Reta";"Não";3;0;1;0;1;1;1;3;-8,63241321;-36,30454473;"SPRF-PE";"DEL03-PE";"UOP01-DEL03-PE"
526650;2023-06-01;"quinta-feira";"10:10:00";"RO";364;670;"PORTO VELHO";"Manobra de mudança de faixa";"Colisão transversal";"Sem Vítimas";"Pleno dia";"Decrescente";"Céu Claro";"Simples";"Reta";"Não";4;0;0;0;3;1;0;3;-8,80022;-63,7618292;"SPRF-RO";"DEL01-RO";"UOP01-DEL01-RO"
526653;2023-06-01;"quinta-feira";"11:00:00";"MT";70;280;"PRIMAVERA DO LESTE";"Acesso irregular";"Colisão lateral sentido oposto";"Com Vítimas Feridas";"Pleno dia";"Crescente";"Céu Claro";"Simples";"Reta";"Sim";3;0;0;1;1;1;1;3;-15,572751;-54,315917;"SPRF-MT";"DEL05-MT";"UOP01-DEL05-MT"
526656;2023-06-01;"quinta-feira";"08:07:00";"RO";364;341,8;"JI-PARANA";"Ultrapassagem Indevida";"Queda de ocupante de veículo";"Com Vítimas Fatais";"Pleno dia";"Crescente";"Céu Claro";"Dupla";"Interseção de Vias;Reta";"Sim";2;1;0;0;1;0;0;2;-10,88527305;-61,93495274;"SPRF-RO";"DEL02-RO";"UOP01-DEL02-RO"
526661;2023-06-01;"quinta-feira";"11:30:00";"PR";376;189,5;"MARIALVA";"Desrespeitar a preferência no cruzamento";"Colisão transversal";"Sem Vítimas";"Pleno dia";"Crescente";"Céu Claro";"Dupla";"Reta;Retorno Regulamentado";"Não";3;0;0;0;2;3;0;5;-23,46537213;-51,8304491;"SPRF-PR";"DEL09-PR";"UOP01-DEL09-PR"
526665;2023-06-01;"quinta-feira";"03:00:00";"SP";116;411;"JUQUIA";"Reação tardia ou ineficiente do condutor";"Saída de leito carroçável";"Sem Vítimas";"Plena Noite";"Decrescente";"Nublado";"Dupla";"Reta";"Não";1;0;0;0;1;0;0;1;-24,33308537;-47,60360609;"SPRF-SP";"DEL05-SP";"UOP01-DEL05-SP"
526667;2023-06-01;"quinta-feira";"12:38:00";"ES";101;331,9;"GUARAPARI";"Reação tardia ou ineficiente do condutor";"Tombamento";"Com Vítimas Feridas";"Pleno dia";"Decrescente";"Céu Claro";"Dupla";"Reta";"Não";1;0;1;0;0;0;1;1;-20,60149301;-40,50248706;"SPRF-ES";"DEL03-ES";"UOP01-DEL03-ES"
526670;2023-06-01;"quinta-feira";"14:25:00";"SP";116;204;"ARUJA";"Manobra de mudança de faixa";"Colisão lateral mesmo sentido";"Com Vítimas Feridas";"Pleno dia";"Decrescente";"Céu Claro";"Dupla";"Reta";"Não";5;0;1;0;3;1;1;4;-23,41236123;-46,35692496;"SPRF-SP";"DEL01-SP";"UOP01-DEL01-SP"
526671;2023-06-01;"quinta-feira";"06:00:00";"MG";116;610,4;"SAO JOAO DO MANHUACU";"Condutor Dormindo";"Saída de leito carroçável";"Com Vítimas Feridas";"Amanhecer";"Decrescente";"Nublado";"Simples";"Reta";"Não";2;0;2;0;0;0;2;1;-20,414006;-42,15263002;"SPRF-MG";"DEL07-MG";"UOP02-DEL07-MG"
526673;2023-06-01;"quinta-feira";"14:30:00";"PR";376;626;"SAO JOSE DOS PINHAIS";"Ausência de reação do condutor";"Colisão traseira";"Com Vítimas Feridas";"Pleno dia";"Crescente";"Céu Claro";"Dupla";"Reta";"Não";3;0;0;2;1;0;2;2;-25,66095117;-49,15500053;"SPRF-PR";"DEL01-PR";"UOP04-DEL01-PR"
526674;2023-06-01;"quinta-feira";"11:20:00";"MG";381;402;"BOM JESUS DO AMPARO";"Problema com o freio";"Colisão traseira";"Com Vítimas Feridas";"Pleno dia";"Decrescente";"Céu Claro";"Dupla";"Curva";"Não";3;0;1;0;1;1;1;3;-19,75364097;-43,52827802;"SPRF-MG";"DEL01-MG";"UOP01-DEL01-MG"
526677;2023-06-01;"quinta-feira";"09:20:00";"RS";287;352,5;"JAGUARI";"Carga excessiva e/ou mal acondicionada";"Colisão com objeto";"Sem Vítimas";"Pleno dia";"Decrescente";"Céu Claro";"Simples";"Reta";"Não";2;0;0;0;2;0;0;2;-29,49589076;-54,67430678;"SPRF-RS";"DEL12-RS";"UOP02-DEL12-RS"
526678;2023-06-01;"quinta-feira";"12:15:00";"RO";421;17;"MONTE NEGRO";"Condutor deixou de manter distância do veículo da frente";"Colisão lateral sentido oposto";"Sem Vítimas";"Pleno dia";"Decrescente";"Nublado";"Simples";"Aclive;Reta";"Não";4;0;0;0;4;0;0;3;-10,017674;-63,167126;"SPRF-RO";"DEL03-RO";"UOP01-DEL03-RO"
526680;2023-05-20;"sábado";"10:00:00";"TO";10;453;"PALMAS";"Manobra de mudança de faixa";"Colisão lateral mesmo sentido";"Com Vítimas Feridas";"Pleno dia";"Decrescente";"Céu Claro";"Múltipla";"Reta";"Sim";5;0;3;0;1;2;3;4;-10,3204;-48,29719;"SPRF-TO";"DEL01-TO";"UOP03-DEL01-TO"
526681;2023-06-01;"quinta-feira";"10:10:00";"MT";163;1066;"GUARANTA DO NORTE";"Acessar a via sem observar a presença dos outros veículos";"Colisão transversal";"Com Vítimas Feridas";"Pleno dia";"Crescente";"Nublado";"Simples";"Reta";"Sim";4;0;0;1;2;3;1;5;-9,93665;-54,903476;"SPRF-MT";"DEL06-MT";"UOP03-DEL06-MT"
526684;2023-06-01;"quinta-feira";"14:30:00";"MG";381;368;"SAO GONCALO DO RIO ABAIXO";"Reação tardia ou ineficiente do condutor";"Colisão traseira";"Com Vítimas Feridas";"Pleno dia";"Decrescente";"Céu Claro";"Dupla";"Em Obras;Reta;Aclive";"Não";7;0;2;0;5;0;2;4;-19,84959351;-43,27455396;"SPRF-MG";"DEL03-MG";"UOP01-DEL03-MG"
526687;2023-06-01;"quinta-feira";"14:30:00";"AL";101;3,7;"NOVO LINO";"Ausência de reação do condutor";"Saída de leito carroçável";"Com Vítimas Feridas";"Pleno dia";"Crescente";"Nublado";"Dupla";"Curva;Aclive";"Não";2;0;0;1;0;1;1;2;-8,90455804;-35,63722012;"SPRF-AL";"DEL01-AL";"UOP02-DEL01-AL"
526688;2023-06-01;"quinta-feira";"13:50:00";"MG";116;490,9;"INHAPIM";"Condutor Dormindo";"Colisão lateral sentido oposto";"Com Vítimas Feridas";"Pleno dia";"Decrescente";"Céu Claro";"Simples";"Reta";"Não";3;0;1;0;1;1;1;3;-19,4748916;-42,1310568;"SPRF-MG";"DEL06-MG";"UOP02-DEL06-MG"
526693;2023-06-01;"quinta-feira";"17:00:00";"GO";50;151;"CAMPO ALEGRE DE GOIAS";"Avarias e/ou desgaste excessivo no pneu";"Colisão traseira";"Com Vítimas Feridas";"Anoitecer";"Decrescente";"Céu Claro";"Dupla";"Reta";"Não";4;0;1;0;2;1;1;3;-17,1825;-47,7291;"SPRF-GO";"DEL06-GO";"UOP01-DEL06-GO"
526694;2023-06-01;"quinta-feira";"14:30:00";"MT";364;348,8;"SANTO ANTONIO DO LEVERGER";"Reação tardia ou ineficiente do condutor";"Saída de leito carroçável";"Com Vítimas Feridas";"Pleno dia";"Crescente";"Céu Claro";"Dupla";"Curva";"Não";1;0;0;1;0;0;1;1;-15,80416834;-55,55429598;"SPRF-MT";"DEL05-MT";"UOP02-DEL05-MT"