"id";"data_inversa";"dia_semana";"horario";"uf";"br";"km";"municipio";"causa_acidente";"tipo_acidente";"classificacao_acidente";"fase_dia";"sentido_via";"condicao_metereologica";"tipo_pista";"tracado_via";"uso_solo";"pessoas";"mortos";"feridos_leves";"feridos_graves";"ilesos";"ignorados";"feridos";"veiculos";"latitude";"longitude";"regional";"delegacia";"uop"
527072;2023-06-03;"sábado";"07:30:00";"MA";226;303,9;"BARRA DO CORDA";"Transitar na contramão";"Colisão frontal";"Com Vítimas Fatais";"Pleno dia";"Decrescente";"Sol";"Simples";"Reta";"Sim";6;1;0;2;3;0;2;2;-5,4925089;-45,27266489;"SPRF-MA";"DEL06-MA";"UOP01-DEL06-MA"
527073;2023-06-03;"sábado";"08:50:00";"DF";80;12;"BRASILIA";"Estacionar ou parar em local proibido";"Colisão traseira";"Com Vítimas Feridas";"Pleno dia";"Decrescente";"Céu Claro";"Simples";"Reta;Aclive";"Não";3;0;1;0;2;0;1;2;-15,730772;-48,186657;"SPRF-DF";"DEL03-DF";"UOP02-DEL03-DF"
527074;2023-06-03;"sábado";"09:45:00";"MG";381;449;"SABARA";"Acesso irregular";"Colisão lateral mesmo sentido";"Com Vítimas Feridas";"Pleno dia";"Crescente";"Céu Claro";"Simples";"Reta";"Sim";2;0;1;0;1;0;1;2;-19,84164036;-43,86232683;"SPRF-MG";"DEL01-MG";"UOP01-DEL01-MG"
527078;2023-06-03;"sábado";"07:45:00";"BA";116;791,9;"PLANALTO";"Ultrapassagem Indevida";"Colisão lateral sentido oposto";"Com Vítimas Feridas";"Pleno dia";"Decrescente";"Céu Claro";"Simples";"Reta";"Não";4;0;2;0;2;0;2;2;-14,6848998;-40,53817749;"SPRF-BA";"DEL08-BA";"UOP02-DEL08-BA"
527087;2023-06-03;"sábado";"10:10:00";"RS";472;548,4;"URUGUAIANA";"Conversão proibida";"Colisão transversal";"Sem Vítimas";"Pleno dia";"Decrescente";"Sol";"Simples";"Reta";"Não";4;0;0;0;3;1;0;3;-29,5565333;-56,84791967;"SPRF-RS";"DEL13-RS";"UOP01-DEL13-RS"
527092;2023-06-03;"sábado";"04:30:00";"MG";365;239;"BURITIZEIRO";"Demais falhas mecânicas ou elétricas";"Incêndio";"Sem Vítimas";"Plena Noite";"Decrescente";"Céu Claro";"Simples";"Reta";"Não";1;0;0;0;1;0;0;1;-17,75189806;-45,41571663;"SPRF-MG";"DEL10-MG";"UOP02-DEL010-MG"
527096;2023-06-03;"sábado";"06:10:00";"RO";364;82,9;"VILHENA";"Ultrapassagem Indevida";"Colisão frontal";"Com Vítimas Feridas";"Pleno dia";"Decrescente";"Céu Claro";"Simples";"Reta;Aclive";"Não";6;0;0;3;2;2;3;5;-12,4226799;-60,59238494;"SPRF-RO";"DEL04-RO";"UOP01-DEL04-RO"
527101;2023-06-03;"sábado";"07:00:00";"MG";40;197;"JOAO PINHEIRO";"Velocidade Incompatível";"Colisão lateral sentido oposto";"Com Vítimas Feridas";"Pleno dia";"Crescente";"Céu Claro";"Simples";"Curva;Declive";"Não";3;0;0;1;1;1;1;3;-17,99811028;-45,83441815;"SPRF-MG";"DEL14-MG";"UOP02-DEL14-MG"
527103;2023-06-03;"sábado";"07:05:00";"PE";104;119;"PANELAS";"Condutor Dormindo";"Saída de leito carroçável";"Com Vítimas Feridas";"Pleno dia";"Crescente";"Céu Claro";"Simples";"Curva;Declive";"Não";2;0;0;1;0;1;1;2;-8,69214;-36,023621;"SPRF-PE";"DEL02-PE";"UOP03-DEL02-PE"
527110;2023-06-03;"sábado";"12:50:00";"PA";10;61,7;"ULIANOPOLIS";"Manobra de mudança de faixa";"Colisão frontal";"Com Vítimas Fatais";"Pleno dia";"Crescente";"Céu Claro";"Simples";"Reta";"Não";3;1;0;0;1;1;0;3;-3,9140771;-47,53011259;"SPRF-PA";"DEL02-PA";"UOP02-DEL02-PA"
527129;2023-06-03;"sábado";"14:05:00";"RO";364;514;"ARIQUEMES";"Acessar a via sem observar a presença dos outros veículos";"Colisão transversal";"Com Vítimas Feridas";"Pleno dia";"Crescente";"Céu Claro";"Simples";"Reta";"Sim";3;0;1;0;1;3;1;5;-9,93398403;-63,05522959;"SPRF-RO";"DEL03-RO";"UOP01-DEL03-RO"
527134;2023-06-03;"sábado";"13:47:00";"RN";405;64,9;"FELIPE GUERRA";"Condutor deixou de manter distância do veículo da frente";"Colisão lateral mesmo sentido";"Com Vítimas Feridas";"Pleno dia";"Crescente";"Céu Claro";"Simples";"Reta";"Não";5;0;3;0;1;2;3;5;-5,56260054;-37,74888928;"SPRF-RN";"DEL04-RN";"UOP02-DEL04-RN"
527136;2023-06-03;"sábado";"11:55:00";"MG";116;404,3;"GOVERNADOR VALADARES";"Demais falhas mecânicas ou elétricas";"Incêndio";"Sem Vítimas";"Pleno dia";"Decrescente";"Céu Claro";"Simples";"Reta";"Não";1;0;0;0;1;0;0;1;-18,81054997;-41,98453386;"SPRF-MG";"DEL06-MG";"UOP01-DEL06-MG"
527141;2023-06-03;"sábado";"15:00:00";"CE";116;3;"FORTALEZA";"Manobra de mudança de faixa";"Colisão lateral mesmo sentido";"Com Vítimas Feridas";"Pleno dia";"Crescente";"Céu Claro";"Dupla";"Reta";"Sim";3;0;1;0;1;1;1;3;-3,77866493;-38,51490171;"SPRF-CE";"DEL01-CE";"UOP02-DEL01-CE"
527143;2023-06-03;"sábado";"09:35:00";"MS";376;143;"IVINHEMA";"Acessar a via sem observar a presença dos outros veículos";"Colisão transversal";"Com Vítimas Feridas";"Pleno dia";"Decrescente";"Sol";"Simples";"Reta";"Sim";5;0;1;0;1;4;1;5;-22,38742742;-53,59280879;"SPRF-MS";"DEL04-MS";"UOP04-DEL04-MS"
527145;2023-06-03;"sábado";"15:40:00";"MS";163;328;"RIO BRILHANTE";"Ausência de reação do condutor";"Colisão traseira";"Com Vítimas Feridas";"Pleno dia";"Crescente";"Céu Claro";"Simples";"Reta";"Não";4;0;1;0;2;1;1;3;-21,74228579;-54,51550554;"SPRF-MS";"DEL02-MS";"UOP02-DEL02-MS"
527153;2023-06-03;"sábado";"17:10:00";"MG";365;612,9;"UBERLANDIA";"Acessar a via sem observar a presença dos outros veículos";"Colisão transversal";"Com Vítimas Feridas";"Pleno dia";"Crescente";"Sol";"Simples";"Reta";"Sim";2;0;1;0;1;0;1;2;-18,91862695;-48,20912093;"SPRF-MG";"DEL15-MG";"UOP01-DEL15-MG"
527155;2023-06-03;"sábado";"14:40:00";"PR";376;313;"ORTIGUEIRA";"Demais falhas mecânicas ou elétricas";"Tombamento";"Com Vítimas Feridas";"Pleno dia";"Crescente";"Céu Claro";"Dupla";"Declive;Curva";"Não";2;0;0;1;0;2;1;3;-24,01071301;-51,09287371;"SPRF-PR";"DEL07-PR";"UOP02-DEL07-PR"
527160;2023-06-03;"sábado";"16:15:00";"MG";262;701,9;"ARAXA";"Transitar na contramão";"Colisão lateral sentido oposto";"Com Vítimas Feridas";"Pleno dia";"Decrescente";"Céu Claro";"Simples";"Curva";"Não";4;0;1;0;2;1;1;3;-19,56852468;-47,04242706;"SPRF-MG";"DEL08-MG";"UOP01-DEL08-MG"
527205;2023-06-03;"sábado";"19:30:00";"BA";330;810,6;"JITAUNA";"Pedestre andava na pista";"Atropelamento de Pedestre";"Com Vítimas Fatais";"Plena Noite";"Decrescente";"Céu Claro";"Simples";"Reta";"Não";2;1;0;0;0;1;0;2;-14,00565728;-39,92249674;"SPRF-BA";"DEL03-BA";"UOP01-DEL03-BA"
527213;2023-06-03;"sábado";"16:30:00";"PI";343;192;"PIRIPIRI";"Manobra de mudança de faixa";"Colisão frontal";"Com Vítimas Fatais";"Pleno dia";"Crescente";"Céu Claro";"Simples";"Reta";"Não";4;1;0;1;1;1;1;3;-4,333408;-41,794598;"SPRF-PI";"DEL02-PI";"UOP01-DEL02-PI"
527221;2023-06-03;"sábado";"18:30:00";"SC";280;110,9;"SAO BENTO DO SUL";"Transitar na contramão";"Colisão lateral sentido oposto";"Com Vítimas Feridas";"Plena Noite";"Decrescente";"Céu Claro";"Simples";"Curva";"Não";5;0;2;0;2;1;2;3;-26,31295828;-49,38837778;"SPRF-SC";"DEL06-SC";"UOP03-DEL06-SC"
527224;2023-06-03;"sábado";"20:15:00";"PE";104;43;"CARUARU";"Ausência de sinalização";"Atropelamento de Pedestre";"Com Vítimas Feridas";"Plena Noite";"Decrescente";"Céu Claro";"Dupla";"Reta;Rotatória";"Não";2;0;0;1;0;1;1;2;-8,1133;-36,0155;"SPRF-PE";"DEL02-PE";"UOP01-DEL02-PE"
527237;2023-06-03;"sábado";"20:50:00";"PR";277;518,6;"GUARANIACU";"Acessar a via sem observar a presença dos outros veículos";"Colisão transversal";"Com Vítimas Fatais";"Plena Noite";"Crescente";"Céu Claro";"Simples";"Reta";"Sim";3;1;0;0;1;2;0;4;-25,10778323;-52,85948825;"SPRF-PR";"DEL04-PR";"UOP04-DEL04-PR"
527238;2023-06-03;"sábado";"21:30:00";"BA";116;709;"MANOEL VITORINO";"Pedestre andava na pista";"Atropelamento de Pedestre";"Sem Vítimas";"Plena Noite";"Decrescente";"Céu Claro";"Simples";"Reta";"Não";1;0;0;0;0;1;0;1;-14,10719019;-40,22427462;"SPRF-BA";"DEL03-BA";"UOP01-DEL03-BA"
527240;2023-04-24;"segunda-feira";"17:18:00";"ES";101;241,8;"SERRA";"Problema com o freio";"Colisão com objeto";"Sem Vítimas";"Anoitecer";"Decrescente";"Nublado";"Múltipla";"Reta";"Sim";2;0;0;0;2;0;0;2;-20,02389596;-40,39998096;"SPRF-ES";"DEL02-ES";"UOP01-DEL02-ES"
527244;2023-06-03;"sábado";"22:30:00";"PE";423;98;"GARANHUNS";"Transitar na contramão";"Colisão lateral sentido oposto";"Sem Vítimas";"Plena Noite";"Crescente";"Garoa/Chuvisco";"Simples";"Reta";"Não";5;0;0;0;4;1;0;3;-8,87617488;-36,50363499;"SPRF-PE";"DEL03-PE";"UOP01-DEL03-PE"
527262;2023-06-03;"sábado";"23:13:00";"MS";163;807;"SONORA";"Ausência de reação do condutor";"Colisão lateral sentido oposto";"Sem Vítimas";"Plena Noite";"Crescente";"Céu Claro";"Simples";"Reta";"Não";4;0;0;0;3;1;0;3;-17,85626404;-54,7022401;"SPRF-MS";"DEL06-MS";"UOP01-DEL06-MS"
527276;2023-06-04;"domingo";"05:10:00";"PE";316;85;"OURICURI";"Transitar na contramão";"Incêndio";"Com Vítimas Fatais";"Amanhecer";"Crescente";"Nublado";"Simples";"Reta";"Não";4;1;0;0;1;2;0;4;-7,89033342;-40,06181717;"SPRF-PE";"DEL05-PE";"UOP02-DEL05-PE"
527291;2023-06-04;"domingo";"06:00:00";"RS";392;278;"SAO SEPE";"Reação tardia ou ineficiente do condutor";"Tombamento";"Com Vítimas Feridas";"Amanhecer";"Decrescente";"Céu Claro";"Simples";"Curva";"Não";2;0;0;1;0;1;1;2;-30,32569095;-53,53033243;"SPRF-RS";"DEL09-RS";"UOP02-DEL09-RS"
527292;2023-06-04;"domingo";"04:20:00";"MS";376;121;"IVINHEMA";"Ingestão de álcool pelo condutor";"Colisão com objeto";"Sem Vítimas";"Amanhecer";"Crescente";"Nevoeiro/Neblina";"Simples";"Reta";"Sim";2;0;0;0;2;0;0;2;-22,31739233;-53,81754413;"SPRF-MS";"DEL04-MS";"UOP04-DEL04-MS"
527295;2023-06-04;"domingo";"06:20:00";"GO";364;173;"JATAI";"Acessar a via sem observar a presença dos outros veículos";"Colisão lateral mesmo sentido";"Com Vítimas Feridas";"Amanhecer";"Crescente";"Céu Claro";"Dupla";"Retorno Regulamentado;Reta";"Não";3;0;1;0;1;1;1;2;-18,008829;-51,563248;"SPRF-GO";"DEL05-GO";"UOP01-DEL05-GO"
527305;2023-06-04;"domingo";"06:40:00";"BA";420;348;"JAGUAQUARA";"Ausência de reação do condutor";"Colisão frontal";"Com Vítimas Feridas";"Pleno dia";"Crescente";"Céu Claro";"Simples";"Curva";"Não";4;0;2;0;2;0;2;2;-13,50815149;-40,0429421;"SPRF-BA";"DEL03-BA";"UOP01-DEL03-BA"
527313;2023-06-04;"domingo";"09:00:00";"SC";282;40,8;"AGUAS MORNAS";"Desrespeitar a preferência no cruzamento";"Colisão transversal";"Com Vítimas Feridas";"Pleno dia";"Crescente";"Céu Claro";"Simples";"Reta";"Sim";3;0;1;0;2;0;1;2;-27,716148;-48,869583;"SPRF-SC";"DEL01-SC";"UOP03-DEL01-SC"
527327;2023-06-03;"sábado";"19:30:00";"PR";476;242;"LAPA";"Curva acentuada";"Tombamento";"Sem Vítimas";"Plena Noite";"Crescente";"Nevoeiro/Neblina";"Simples";"Curva";"Não";3;0;0;0;2;1;0;2;-25,858768;-50,08609;"SPRF-PR";"DEL02-PR";"UOP03-DEL02-PR"
527335;2023-06-04;"domingo";"10:55:00";"SC";101;123,1;"ITAJAI";"Manobra de mudança de faixa";"Colisão lateral mesmo sentido";"Com Vítimas Feridas";"Pleno dia";"Crescente";"Céu Claro";"Múltipla";"Viaduto";"Sim";3;0;0;1;1;2;1;4;-26,93668609;-48,69876905;"SPRF-SC";"DEL04-SC";"UOP04-DEL04-SC"
527336;2023-06-04;"domingo";"02:10:00";"PR";153;502;"GENERAL CARNEIRO";"Condutor Dormindo";"Tombamento";"Com Vítimas Feridas";"Plena Noite";"Crescente";"Nevoeiro/Neblina";"Simples";"Reta";"Não";2;0;2;0;0;0;2;1;-26,47624248;-51,32806778;"SPRF-PR";"DEL02-PR";"UOP03-DEL02-PR"
527338;2023-06-04;"domingo";"09:30:00";"GO";153;71;"PORANGATU";"Acessar a via sem observar a presença dos outros veículos";"Colisão transversal";"Sem Vítimas";"Pleno dia";"Crescente";"Céu Claro";"Simples";"Reta";"Sim";2;0;0;0;2;0;0;2;-13,44067297;-49,13275838;"SPRF-GO";"DEL07-GO";"UOP01-DEL07-GO"
527346;2023-06-04;"domingo";"13:00:00";"MG";40;150;"JOAO PINHEIRO";"Reação tardia ou ineficiente do condutor";"Saída de leito carroçável";"Com Vítimas Feridas";"Pleno dia";"Decrescente";"Céu Claro";"Simples";"Reta;Declive";"Não";1;0;0;1;0;0;1;1;-17,78938301;-46,13614406;"SPRF-MG";"DEL14-MG";"UOP02-DEL14-MG"
527354;2023-06-04;"domingo";"13:00:00";"RJ";393;284;"VOLTA REDONDA";"Ausência de reação do condutor";"Colisão traseira";"Com Vítimas Feridas";"Pleno dia";"Decrescente";"Céu Claro";"Simples";"Interseção de Vias;Reta";"Sim";3;0;1;0;1;2;1;4;-22,49663278;-44,07091141;"SPRF-RJ";"DEL05-RJ";"UOP04-DEL05-RJ"
527375;2023-06-04;"domingo";"15:00:00";"PR";376;378;"IMBAU";"Reação tardia ou ineficiente do condutor";"Colisão traseira";"Com Vítimas Feridas";"Pleno dia";"Crescente";"Céu Claro";"Simples";"Reta;Aclive";"Não";3;0;0;1;1;1;1;3;-24,43554389;-50,76433874;"SPRF-PR";"DEL03-PR";"UOP02-DEL03-PR"
527407;2023-06-04;"domingo";"18:15:00";"RN";406;122;"TAIPU";"Pedestre andava na pista";"Atropelamento de Pedestre";"Com Vítimas Fatais";"Plena Noite";"Decrescente";"Céu Claro";"Simples";"Reta";"Não";2;1;0;0;1;0;0;2;-5,58902879;-35,65036593;"SPRF-RN";"DEL02-RN";"UOP01-DEL02-RN"
527413;2023-06-04;"domingo";"19:00:00";"SC";116;250,8;"LAGES";"Retorno proibido";"Colisão transversal";"Com Vítimas Feridas";"Plena Noite";"Decrescente";"Céu Claro";"Simples";"Reta";"Não";4;0;1;0;2;1;1;3;-27,83626507;-50,38045026;"SPRF-SC";"DEL05-SC";"UOP02-DEL05-SC"
527414;2023-06-04;"domingo";"16:00:00";"SP";116;347,7;"MIRACATU";"Problema com o freio";"Tombamento";"Com Vítimas Feridas";"Pleno dia";"Crescente";"Céu Claro";"Dupla";"Declive;Curva";"Não";3;0;2;0;0;1;2;3;-24,04699491;-47,19706111;"SPRF-SP";"DEL04-SP";"UOP03-DEL04-SP"
527417;2023-06-04;"domingo";"18:40:00";"RS";158;196,3;"CRUZ ALTA";"Acessar a via sem observar a presença dos outros veículos";"Colisão transversal";"Sem Vítimas";"Plena Noite";"Crescente";"Céu Claro";"Simples";"Interseção de Vias;Rotatória";"Sim";2;0;0;0;2;0;0;2;-28,65262927;-53,58355777;"SPRF-RS";"DEL10-RS";"UOP02-DEL10-RS"
527423;2023-06-04;"domingo";"19:45:00";"PR";476;186,5;"LAPA";"Reação tardia ou ineficiente do condutor";"Colisão lateral sentido oposto";"Com Vítimas Feridas";"Plena Noite";"Crescente";"Céu Claro";"Simples";"Curva";"Não";5;0;0;1;3;1;1;5;-25,717602;-49,646587;"SPRF-PR";"DEL01-PR";"UOP06-DEL01-PR"
527428;2023-04-24;"segunda-feira";"06:40:00";"BA";101;451;"AURELINO LEAL";"Condutor Dormindo";"Colisão frontal";"Com Vítimas Feridas";"Pleno dia";"Decrescente";"Chuva";"Simples";"Reta";"Não";2;0;1;0;1;0;1;2;-14,37313;-39,32725;"SPRF-BA";"DEL05-BA";"UOP01-DEL05-BA"
527431;2023-06-04;"domingo";"16:40:00";"PE";428;148;"PETROLINA";"Ingestão de álcool pelo condutor";"Colisão frontal";"Com Vítimas Feridas";"Anoitecer";"Crescente";"Céu Claro";"Simples";"Reta";"Não";2;0;0;1;1;0;1;2;-9,05451581;-40,30219433;"SPRF-PE";"DEL06-PE";"UOP01-DEL06-PE"
527437;2023-06-04;"domingo";"19:00:00";"SP";116;345;"MIRACATU";"Reação tardia ou ineficiente do condutor";"Engavetamento";"Com Vítimas Feridas";"Plena Noite";"Crescente";"Céu Claro";"Dupla";"Reta;Declive";"Não";10;0;1;0;9;0;1;3;-24,03551364;-47,18593225;"SPRF-SP";"DEL04-SP";"UOP03-DEL04-SP"
527441;2023-06-04;"domingo";"23:00:00";"MG";364;3;"PLANURA";"Ausência de reação do condutor";"Colisão lateral sentido oposto";"Com Vítimas Feridas";"Plena Noite";"Crescente";"Céu Claro";"Simples";"Declive";"Sim";4;0;1;1;1;1;2;3;-20,146789;-48,688844;"SPRF-MG";"DEL13-MG";"UOP02-DEL13-MG"
527448;2023-06-04;"domingo";"22:00:00";"PE";101;70;"RECIFE";"Ingestão de substâncias psicoativas pelo condutor";"Colisão traseira";"Com Vítimas Feridas";"Plena Noite";"Crescente";"Céu Claro";"Dupla";"Reta";"Não";4;0;0;1;3;0;1;3;-8,06776119;-34,94265074;"SPRF-PE";"DEL01-PE";"UOP01-DEL01-PE"
527449;2023-06-04;"domingo";"18:10:00";"SP";116;359;"MIRACATU";"Reação tardia ou ineficiente do condutor";"Colisão traseira";"Com Vítimas Feridas";"Anoitecer";"Decrescente";"Céu Claro";"Dupla";"Reta";"Não";2;0;1;0;1;0;1;2;-24,10862227;-47,26589989;"SPRF-SP";"DEL04-SP";"UOP03-DEL04-SP"
527459;2023-06-04;"domingo";"18:23:00";"PR";163;10,2;"BARRACAO";"Manobra de mudança de faixa";"Colisão lateral sentido oposto";"Com Vítimas Feridas";"Anoitecer";"Crescente";"Céu Claro";"Simples";"Declive;Reta";"Sim";5;0;1;0;3;3;1;5;-26,24475;-53,63415;"SPRF-PR";"DEL02-PR";"UOP02-DEL02-PR"
527465;2023-06-05;"segunda-feira";"00:30:00";"MS";163;496,1;"CAMPO GRANDE";"Avarias e/ou desgaste excessivo no pneu";"Incêndio";"Sem Vítimas";"Plena Noite";"Crescente";"Céu Claro";"Simples";"Reta";"Não";2;0;0;0;1;1;0;2;-20,3568315;-54,523403;"SPRF-MS";"DEL01-MS";"UOP02-DEL01-MS"
527466;2023-06-05;"segunda-feira";"00:40:00";"MS";163;99;"ITAQUIRAI";"Acessar a via sem observar a presença dos outros veículos";"Colisão transversal";"Com Vítimas Fatais";"Plena Noite";"Crescente";"Céu Claro";"Simples";"Reta";"Não";3;1;0;0;1;2;0;4;-23,28969397;-54,2245658;"SPRF-MS";"DEL09-MS";"UOP01-DEL09-MS"
527475;2023-06-05;"segunda-feira";"04:40:00";"RJ";40;69;"PETROPOLIS";"Ingestão de substâncias psicoativas pelo condutor";"Colisão traseira";"Com Vítimas Feridas";"Amanhecer";"Crescente";"Céu Claro";"Simples";"Reta";"Não";2;0;0;1;1;0;1;2;-22,44351715;-43,19229188;"SPRF-RJ";"DEL06-RJ";"UOP01-DEL06-RJ"
527492;2023-06-05;"segunda-feira";"06:10:00";"PR";116;112;"CURITIBA";"Velocidade Incompatível";"Colisão traseira";"Com Vítimas Feridas";"Amanhecer";"Decrescente";"Nevoeiro/Neblina";"Dupla";"Reta";"Não";3;0;1;0;1;1;1;3;-25,56730763;-49,23706792;"SPRF-PR";"DEL01-PR";"UOP07-DEL01-PR"
527499;2023-06-05;"segunda-feira";"06:40:00";"MG";116;690,9;"MURIAE";"Condutor deixou de manter distância do veículo da frente";"Colisão traseira";"Com Vítimas Feridas";"Pleno dia";"Decrescente";"Céu Claro";"Simples";"Curva";"Não";2;0;0;1;1;0;1;2;-21,01876307;-42,36118053;"SPRF-MG";"DEL07-MG";"UOP02-DEL07-MG"
527501;2023-06-05;"segunda-feira";"07:50:00";"SC";101;201,5;"SAO JOSE";"Condutor deixou de manter distância do veículo da frente";"Colisão traseira";"Com Vítimas Feridas";"Pleno dia";"Crescente";"Céu Claro";"Múltipla";"Reta";"Sim";3;0;2;0;1;0;2;2;-27,54836599;-48,61977975;"SPRF-SC";"DEL01-SC";"UOP01-DEL01-SC"
527504;2023-06-05;"segunda-feira";"07:10:00";"RJ";101;196,1;"CASIMIRO DE ABREU";"Condutor Dormindo";"Tombamento";"Com Vítimas Feridas";"Pleno dia";"Decrescente";"Céu Claro";"Dupla";"Curva";"Não";2;0;0;1;0;1;1;2;-22,49207101;-42,10926701;"SPRF-RJ";"DEL08-RJ";"UOP04-DEL08-RJ"
527505;2023-06-05;"segunda-feira";"06:50:00";"RS";116;253;"SAPUCAIA DO SUL";"Ausência de reação do condutor";"Colisão traseira";"Com Vítimas Fatais";"Amanhecer";"Decrescente";"Garoa/Chuvisco";"Múltipla";"Reta;Declive";"Sim";5;1;0;0;1;3;0;5;-29,80913395;-51,1675292;"SPRF-RS";"DEL01-RS";"UOP02-DEL01-RS"
527512;2023-06-05;"segunda-feira";"07:30:00";"RJ";116;212;"SEROPEDICA";"Trafegar com motocicleta (ou similar) entre as faixas";"Colisão lateral mesmo sentido";"Com Vítimas Feridas";"Amanhecer";"Decrescente";"Céu Claro";"Dupla";"Reta";"Não";3;0;1;0;1;1;1;3;-22,71844298;-43,700897;"SPRF-RJ";"DEL01-RJ";"UOP03-DEL01-RJ"
527513;2023-06-05;"segunda-feira";"07:00:00";"MS";262;354,5;"CAMPO GRANDE";"Ausência de reação do condutor";"Colisão frontal";"Com Vítimas Feridas";"Pleno dia";"Crescente";"Céu Claro";"Simples";"Reta";"Sim";4;0;2;1;0;1;3;3;-20,556599;-54,664516;"SPRF-MS";"DEL01-MS";"UOP03-DEL01-MS"
527516;2023-06-05;"segunda-feira";"08:00:00";"SC";116;248,7;"LAGES";"Ultrapassagem Indevida";"Colisão frontal";"Com Vítimas Feridas";"Pleno dia";"Decrescente";"Nevoeiro/Neblina";"Simples";"Reta";"Não";3;0;0;1;1;1;1;3;-27,81994481;-50,37454423;"SPRF-SC";"DEL05-SC";"UOP02-DEL05-SC"
527530;2023-06-05;"segunda-feira";"06:40:00";"MS";262;98,7;"TRES LAGOAS";"Transitar na contramão";"Colisão frontal";"Com Vítimas Fatais";"Pleno dia";"Crescente";"Céu Claro";"Simples";"Reta";"Não";3;1;0;0;1;3;0;5;-20,56897248;-52,48227954;"SPRF-MS";"DEL07-MS";"UOP02-DEL07-MS"
527539;2023-06-05;"segunda-feira";"10:00:00";"SC";101;40,9;"JOINVILLE";"Velocidade Incompatível";"Tombamento";"Com Vítimas Feridas";"Pleno dia";"Decrescente";"Sol";"Dupla";"Curva;Declive";"Sim";2;0;0;1;0;1;1;2;-26,27176094;-48,89468382;"SPRF-SC";"DEL03-SC";"UOP01-DEL03-SC"
527541;2023-05-26;"sexta-feira";"20:00:00";"MT";158;153;"PORTO ALEGRE DO NORTE";"Acessar a via sem observar a presença dos outros veículos";"Colisão lateral mesmo sentido";"Com Vítimas Feridas";"Plena Noite";"Decrescente";"Céu Claro";"Simples";"Reta";"Não";2;0;1;0;1;0;1;2;-10,73887592;-51,59740823;"SPRF-MT";"DEL07-MT";"NPF/DEL07-MT"
527542;2023-06-05;"segunda-feira";"08:00:00";"MT";70;514;"VARZEA GRANDE";"Reação tardia ou ineficiente do condutor";"Colisão transversal";"Com Vítimas Feridas";"Pleno dia";"Decrescente";"Céu Claro";"Simples";"Reta;Rotatória;Interseção de Vias";"Não";4;0;2;0;1;1;2;3;-15,70609288;-56,13193989;"SPRF-MT";"DEL01-MT";"UOP02-DEL01-MT"
527546;2023-06-05;"segunda-feira";"10:40:00";"ES";101;289,5;"CARIACICA";"Entrada inopinada do pedestre";"Atropelamento de Pedestre";"Com Vítimas Fatais";"Pleno dia";"Decrescente";"Céu Claro";"Dupla";"Reta;Declive";"Sim";3;1;0;0;1;1;0;3;-20,28401333;-40,39291089;"SPRF-ES";"DEL01-ES";"UOP01-DEL01-ES"
527547;2023-06-05;"segunda-feira";"11:25:00";"MG";381;499;"BETIM";"Estacionar ou parar em local proibido";"Colisão traseira";"Com Vítimas Feridas";"Pleno dia";"Decrescente";"Céu Claro";"Dupla";"Curva;Aclive";"Não";3;0;1;0;1;1;1;3;-20,01792651;-44,2261448;"SPRF-MG";"DEL04-MG";"UOP03-DEL04-MG"
527548;2023-06-05;"segunda-feira";"10:41:00";"ES";101;382,9;"RIO NOVO DO SUL";"Mal súbito do condutor";"Saída de leito carroçável";"Com Vítimas Feridas";"Pleno dia";"Decrescente";"Céu Claro";"Simples";"Curva";"Não";2;0;1;0;0;1;1;2;-20,82072713;-40,84702482;"SPRF-ES";"DEL03-ES";"UOP01-DEL03-ES"
527549;2023-06-05;"segunda-feira";"11:30:00";"SP";116;223;"GUARULHOS";"Frear bruscamente";"Colisão traseira";"Com Vítimas Feridas";"Pleno dia";"Crescente";"Céu Claro";"Múltipla";"Reta";"Sim";2;0;1;0;1;0;1;2;-23,47559815;-46,5246609;"SPRF-SP";"DEL01-SP";"UOP01-DEL01-SP"
527550;2023-06-05;"segunda-feira";"11:20:00";"PE";101;51;"ABREU E LIMA";"Reação tardia ou ineficiente do condutor";"Colisão traseira";"Com Vítimas Feridas";"Pleno dia";"Crescente";"Céu Claro";"Dupla";"Reta;Em Obras";"Sim";6;0;3;0;3;0;3;4;-7,9169968;-34,89689272;"SPRF-PE";"DEL01-PE";"UOP02-DEL01-PE"
527556;2023-06-05;"segunda-feira";"11:50:00";"RJ";116;193;"NOVA IGUACU";"Reação tardia ou ineficiente do condutor";"Colisão traseira";"Com Vítimas Feridas";"Pleno dia";"Crescente";"Céu Claro";"Dupla";"Reta";"Sim";3;0;2;0;1;0;2;2;-22,73960178;-43,52859094;"SPRF-RJ";"DEL01-RJ";"UOP02-DEL01-RJ"
527559;2023-06-05;"segunda-feira";"11:20:00";"RJ";40;111;"DUQUE DE CAXIAS";"Ausência de reação do condutor";"Colisão lateral mesmo sentido";"Com Vítimas Feridas";"Pleno dia";"Crescente";"Céu Claro";"Múltipla";"Reta;Declive";"Sim";3;0;1;0;2;0;1;2;-22,691868;-43,287453;"SPRF-RJ";"DEL01-RJ";"UOP01-DEL01-RJ"
527565;2023-06-05;"segunda-feira";"12:15:00";"BA";0;0;"FEIRA DE SANTANA";"Ausência de reação do condutor";"Colisão com objeto";"Sem Vítimas";"Pleno dia";"Não Informado";"Nublado";"Simples";"Declive";"Sim";1;0;0;0;1;0;0;1;-12,28929378;-39,01042856;"SPRF-BA";"DEL02-BA";"UOP01-DEL02-BA"