"id";"data_inversa";"dia_semana";"horario";"uf";"br";"km";"municipio";"causa_acidente";"tipo_acidente";"classificacao_acidente";"fase_dia";"sentido_via";"condicao_metereologica";"tipo_pista";"tracado_via";"uso_solo";"pessoas";"mortos";"feridos_leves";"feridos_graves";"ilesos";"ignorados";"feridos";"veiculos";"latitude";"longitude";"regional";"delegacia";"uop"
527566;2023-06-05;"segunda-feira";"12:30:00";"CE";222;41,2;"CAUCAIA";"Manobra de mudança de faixa";"Colisão lateral mesmo sentido";"Com Vítimas Feridas";"Pleno dia";"Crescente";"Céu Claro";"Simples";"Interseção de Vias;Reta";"Não";2;0;1;0;1;0;1;2;-3,683758;-38,918461;"SPRF-CE";"DEL01-CE";"UOP03-DEL01-CE"
527568;2023-06-05;"segunda-feira";"13:00:00";"ES";101;145;"LINHARES";"Manobra de mudança de faixa";"Colisão lateral mesmo sentido";"Com Vítimas Feridas";"Pleno dia";"Crescente";"Céu Claro";"Dupla";"Reta";"Sim";2;0;1;0;1;0;1;2;-19,36089598;-40,06464018;"SPRF-ES";"DEL04-ES";"UOP01-DEL04-ES"
527569;2023-06-05;"segunda-feira";"11:51:00";"PR";369;186,5;"ARAPONGAS";"Ultrapassagem Indevida";"Colisão lateral mesmo sentido";"Com Vítimas Feridas";"Pleno dia";"Crescente";"Sol";"Simples";"Reta;Interseção de Vias";"Sim";3;0;0;1;2;0;1;3;-23,42027481;-51,42519414;"SPRF-PR";"DEL07-PR";"UOP03-DEL07-PR"
527576;2023-06-03;"sábado";"03:10:00";"SC";101;100;"BALNEARIO PICARRAS";"Ingestão de álcool pelo condutor";"Colisão lateral mesmo sentido";"Sem Vítimas";"Plena Noite";"Crescente";"Nublado";"Dupla";"Reta";"Não";2;0;0;0;2;0;0;2;-26,75482787;-48,68993675;"SPRF-SC";"DEL03-SC";"UOP02-DEL03-SC"
527582;2023-06-05;"segunda-feira";"09:30:00";"RJ";116;108;"GUAPIMIRIM";"Acessar a via sem observar a presença dos outros veículos";"Colisão transversal";"Com Vítimas Feridas";"Pleno dia";"Decrescente";"Céu Claro";"Dupla";"Retorno Regulamentado";"Sim";2;0;1;0;1;0;1;2;-22,535843;-42,99125;"SPRF-RJ";"DEL04-RJ";"UOP01-DEL04-RJ"
527586;2023-06-05;"segunda-feira";"16:15:00";"BA";101;55;"ENTRE RIOS";"Demais falhas mecânicas ou elétricas";"Saída de leito carroçável";"Sem Vítimas";"Pleno dia";"Crescente";"Nublado";"Dupla";"Reta;Aclive";"Não";1;0;0;0;1;0;0;1;-11,94811498;-38,07127201;"SPRF-BA";"DEL01-BA";"UOP04-DEL01-BA"
527588;2023-06-05;"segunda-feira";"15:20:00";"RJ";40;125;"DUQUE DE CAXIAS";"Ausência de reação do condutor";"Colisão traseira";"Sem Vítimas";"Pleno dia";"Crescente";"Céu Claro";"Dupla";"Viaduto";"Sim";2;0;0;0;2;0;0;2;-22,81487101;-43,28828833;"SPRF-RJ";"DEL01-RJ";"UOP01-DEL01-RJ"
527591;2023-06-05;"segunda-feira";"15:34:00";"MT";163;761;"SORRISO";"Reação tardia ou ineficiente do condutor";"Tombamento";"Com Vítimas Feridas";"Pleno dia";"Decrescente";"Céu Claro";"Simples";"Reta";"Não";2;0;1;0;0;3;1;4;-12,59053996;-55,74088705;"SPRF-MT";"DEL06-MT";"UOP01-DEL06-MT"
527593;2023-06-05;"segunda-feira";"12:30:00";"PA";155;213;"XINGUARA";"Manobra de mudança de faixa";"Colisão frontal";"Com Vítimas Fatais";"Pleno dia";"Crescente";"Céu Claro";"Simples";"Reta";"Não";4;2;0;1;0;2;1;4;-6,41284899;-49,41458204;"SPRF-PA";"DEL03-PA";"UOP01-DEL03-PA"
527607;2023-06-05;"segunda-feira";"17:40:00";"ES";101;147;"LINHARES";"Condutor deixou de manter distância do veículo da frente";"Colisão traseira";"Com Vítimas Feridas";"Plena Noite";"Crescente";"Céu Claro";"Múltipla";"Reta";"Sim";3;0;1;0;2;0;1;2;-19,37887202;-40,06657892;"SPRF-ES";"DEL04-ES";"UOP01-DEL04-ES"
527611;2023-06-05;"segunda-feira";"18:50:00";"SC";282;514,3;"XAXIM";"Ausência de reação do condutor";"Saída de leito carroçável";"Sem Vítimas";"Plena Noite";"Crescente";"Céu Claro";"Simples";"Curva";"Não";2;0;0;0;1;1;0;2;-26,91618662;-52,49212861;"SPRF-SC";"DEL07-SC";"UOP01-DEL07-SC"
527613;2023-06-05;"segunda-feira";"15:45:00";"SC";101;277;"IMBITUBA";"Ausência de reação do condutor";"Queda de ocupante de veículo";"Com Vítimas Feridas";"Pleno dia";"Decrescente";"Sol";"Dupla";"Reta";"Sim";2;0;1;0;0;1;1;2;-28,15478103;-48,69265474;"SPRF-SC";"DEL02-SC";"UOP03-DEL02-SC"
527621;2023-06-05;"segunda-feira";"16:02:00";"RS";386;2,7;"IRAI";"Condutor deixou de manter distância do veículo da frente";"Colisão traseira";"Com Vítimas Feridas";"Pleno dia";"Decrescente";"Céu Claro";"Simples";"Reta";"Não";3;0;1;0;1;1;1;3;-27,178265;-53,243065;"SPRF-RS";"DEL08-RS";"UOP02-DEL08-RS"
527624;2023-06-05;"segunda-feira";"17:00:00";"PR";163;143;"CAPITAO LEONIDAS MARQUES";"Reação tardia ou ineficiente do condutor";"Saída de leito carroçável";"Com Vítimas Feridas";"Pleno dia";"Crescente";"Sol";"Dupla";"Curva;Declive";"Não";2;0;1;0;0;1;1;2;-25,47546601;-53,58833898;"SPRF-PR";"DEL05-PR";"UOP05-DEL05-PR"
527628;2023-06-05;"segunda-feira";"19:20:00";"RS";290;22;"PORTO ALEGRE";"Acessar a via sem observar a presença dos outros veículos";"Colisão lateral mesmo sentido";"Sem Vítimas";"Plena Noite";"Decrescente";"Céu Claro";"Dupla";"Reta";"Não";3;0;0;0;3;0;0;2;-29,97177686;-51,19942188;"SPRF-RS";"DEL03-RS";"UOP01-DEL03-RS"
527636;2023-06-05;"segunda-feira";"20:15:00";"SP";116;517,5;"CAJATI";"Demais falhas mecânicas ou elétricas";"Incêndio";"Sem Vítimas";"Plena Noite";"Crescente";"Céu Claro";"Simples";"Curva;Aclive";"Não";1;0;0;0;1;0;0;1;-24,8768469;-48,22732309;"SPRF-SP";"DEL05-SP";"UOP02-DEL05-SP"
527640;2023-06-05;"segunda-feira";"19:30:00";"PR";277;321,6;"GUARAPUAVA";"Transitar na contramão";"Colisão lateral sentido oposto";"Com Vítimas Feridas";"Plena Noite";"Decrescente";"Céu Claro";"Simples";"Reta";"Sim";3;0;1;0;1;1;1;3;-25,375977;-51,285656;"SPRF-PR";"DEL08-PR";"UOP01-DEL08-PR"
527644;2023-06-05;"segunda-feira";"22:00:00";"SP";116;225;"GUARULHOS";"Acessar a via sem observar a presença dos outros veículos";"Colisão lateral mesmo sentido";"Com Vítimas Feridas";"Plena Noite";"Decrescente";"Céu Claro";"Múltipla";"Declive";"Sim";4;0;1;0;2;1;1;3;-23,48586772;-46,54075317;"SPRF-SP";"DEL01-SP";"UOP01-DEL01-SP"
527646;2023-06-05;"segunda-feira";"19:05:00";"MG";40;221,2;"JOAO PINHEIRO";"Ausência de reação do condutor";"Saída de leito carroçável";"Com Vítimas Feridas";"Plena Noite";"Crescente";"Céu Claro";"Simples";"Reta";"Não";2;0;1;0;0;1;1;2;-17,96602714;-45,64114504;"SPRF-MG";"DEL14-MG";"UOP02-DEL14-MG"
527649;2023-06-05;"segunda-feira";"21:00:00";"MG";251;303,2;"SALINAS";"Avarias e/ou desgaste excessivo no pneu";"Saída de leito carroçável";"Com Vítimas Feridas";"Plena Noite";"Crescente";"Céu Claro";"Simples";"Reta";"Não";2;0;1;0;0;1;1;2;-16,13553034;-42,26204273;"SPRF-MG";"DEL12-MG";"UOP01-DEL12-MG"
527651;2023-06-05;"segunda-feira";"20:30:00";"MG";40;587;"ITABIRITO";"Ausência de reação do condutor";"Saída de leito carroçável";"Com Vítimas Feridas";"Plena Noite";"Crescente";"Céu Claro";"Simples";"Declive;Reta";"Não";2;0;1;0;0;1;1;2;-20,34858326;-43,92200604;"SPRF-MG";"DEL01-MG";"UOP02-DEL01-MG"
527652;2023-06-05;"segunda-feira";"19:00:00";"BA";116;585;"IRAJUBA";"Problema com o freio";"Saída de leito carroçável";"Com Vítimas Feridas";"Plena Noite";"Crescente";"Céu Claro";"Simples";"Reta";"Não";1;0;1;0;0;0;1;1;-13,10445428;-39,99104101;"SPRF-BA";"DEL03-BA";"UOP02-DEL03-BA"
527654;2023-06-05;"segunda-feira";"22:50:00";"SC";101;354;"SANGAO";"Ingestão de álcool pelo condutor";"Colisão transversal";"Sem Vítimas";"Plena Noite";"Crescente";"Céu Claro";"Dupla";"Reta";"Sim";3;0;0;0;1;2;0;3;-28,61806302;-49,07013199;"SPRF-SC";"DEL02-SC";"UOP01-DEL02-SC"
527656;2023-06-05;"segunda-feira";"23:40:00";"RN";304;83,2;"ACU";"Ausência de reação do condutor";"Colisão traseira";"Com Vítimas Feridas";"Plena Noite";"Decrescente";"Céu Claro";"Simples";"Reta";"Não";3;0;1;0;1;1;1;3;-5,49402183;-37,15295679;"SPRF-RN";"DEL04-RN";"UOP01-DEL04-RN"
527664;2023-06-05;"segunda-feira";"23:00:00";"MG";116;812,5;"ALEM PARAIBA";"Velocidade Incompatível";"Tombamento";"Sem Vítimas";"Plena Noite";"Crescente";"Céu Claro";"Simples";"Curva";"Não";2;0;0;0;1;1;0;2;-21,8449291;-42,67297203;"SPRF-MG";"DEL07-MG";"UOP01-DEL07-MG"
527665;2023-06-06;"terça-feira";"00:05:00";"GO";20;101,1;"VILA BOA";"Condutor Dormindo";"Saída de leito carroçável";"Com Vítimas Feridas";"Plena Noite";"Decrescente";"Céu Claro";"Simples";"Reta;Declive";"Não";1;0;1;0;0;0;1;1;-14,940716;-46,986126;"SPRF-DF";"DEL02-DF";"UOP02-DEL02-DF"
527672;2023-06-05;"segunda-feira";"21:40:00";"MG";381;400;"BOM JESUS DO AMPARO";"Mal súbito do condutor";"Saída de leito carroçável";"Com Vítimas Fatais";"Plena Noite";"Crescente";"Céu Claro";"Dupla";"Reta;Declive";"Não";2;1;0;0;0;1;0;2;-19,75050768;-43,48392963;"SPRF-MG";"DEL01-MG";"UOP01-DEL01-MG"
527680;2023-06-06;"terça-feira";"07:43:00";"RJ";101;104;"CAMPOS DOS GOYTACAZES";"Reação tardia ou ineficiente do condutor";"Colisão traseira";"Com Vítimas Feridas";"Pleno dia";"Crescente";"Céu Claro";"Simples";"Reta";"Não";4;0;2;0;1;1;2;3;-21,91070181;-41,61099126;"SPRF-RJ";"DEL08-RJ";"UOP02-DEL08-RJ"
527692;2023-06-06;"terça-feira";"07:13:00";"BA";116;403;"FEIRA DE SANTANA";"Acessar a via sem observar a presença dos outros veículos";"Colisão lateral mesmo sentido";"Com Vítimas Feridas";"Pleno dia";"Crescente";"Nublado";"Dupla";"Interseção de Vias;Aclive";"Não";3;0;0;1;1;1;1;3;-12,14246805;-38,96658117;"SPRF-BA";"DEL02-BA";"UOP01-DEL02-BA"
527696;2023-06-06;"terça-feira";"07:17:00";"MG";251;319;"SALINAS";"Velocidade Incompatível";"Tombamento";"Com Vítimas Feridas";"Pleno dia";"Decrescente";"Céu Claro";"Simples";"Curva;Declive";"Não";1;0;1;0;0;0;1;1;-16,19914104;-42,35270596;"SPRF-MG";"DEL12-MG";"UOP01-DEL12-MG"
527697;2023-06-06;"terça-feira";"08:00:00";"GO";20;0;"FORMOSA";"Velocidade Incompatível";"Colisão traseira";"Com Vítimas Feridas";"Pleno dia";"Crescente";"Céu Claro";"Dupla";"Reta;Aclive;Em Obras;Desvio Temporário";"Não";6;0;1;1;3;3;2;5;-15,581744;-47,343241;"SPRF-DF";"DEL02-DF";"UOP02-DEL02-DF"
527699;2023-05-13;"sábado";"20:00:00";"PR";277;34;"MORRETES";"Velocidade Incompatível";"Tombamento";"Com Vítimas Feridas";"Plena Noite";"Decrescente";"Céu Claro";"Dupla";"Em Obras;Declive;Curva;Desvio Temporário";"Não";2;0;1;0;0;1;1;2;-25,56745947;-48,81097376;"SPRF-PR";"DEL01-PR";"UOP05-DEL01-PR"
527705;2023-06-06;"terça-feira";"07:45:00";"MS";163;137,1;"NAVIRAI";"Reação tardia ou ineficiente do condutor";"Saída de leito carroçável";"Com Vítimas Feridas";"Pleno dia";"Decrescente";"Céu Claro";"Simples";"Reta";"Não";5;0;2;0;1;3;2;5;-23,01293788;-54,31915597;"SPRF-MS";"DEL09-MS";"UOP01-DEL09-MS"
527711;2023-06-06;"terça-feira";"08:20:00";"MT";364;378;"SANTO ANTONIO DO LEVERGER";"Demais falhas mecânicas ou elétricas";"Incêndio";"Sem Vítimas";"Pleno dia";"Crescente";"Sol";"Dupla";"Reta";"Não";1;0;0;0;1;0;0;1;-15,70377454;-55,74613599;"SPRF-MT";"DEL01-MT";"UOP02-DEL01-MT"
527715;2023-06-06;"terça-feira";"08:20:00";"GO";153;295,8;"RIALMA";"Desrespeitar a preferência no cruzamento";"Colisão transversal";"Com Vítimas Feridas";"Pleno dia";"Crescente";"Sol";"Simples";"Interseção de Vias;Rotatória";"Não";2;0;0;1;1;0;1;2;-15,24967;-49,556309;"SPRF-GO";"DEL02-GO";"UOP02-DEL02-GO"
527716;2023-06-06;"terça-feira";"10:15:00";"RS";392;261,9;"CACAPAVA DO SUL";"Obras na pista";"Atropelamento de Pedestre";"Com Vítimas Feridas";"Pleno dia";"Decrescente";"Céu Claro";"Simples";"Curva";"Não";5;0;0;1;2;3;1;5;-30,46762575;-53,48766755;"SPRF-RS";"DEL09-RS";"UOP02-DEL09-RS"
527717;2023-06-06;"terça-feira";"11:00:00";"SP";116;227;"SAO PAULO";"Ausência de reação do condutor";"Colisão frontal";"Com Vítimas Feridas";"Pleno dia";"Crescente";"Céu Claro";"Múltipla";"Reta";"Não";3;0;2;0;1;0;2;2;-23,49659264;-46,55648754;"SPRF-SP";"DEL01-SP";"UOP01-DEL01-SP"
527719;2023-06-06;"terça-feira";"09:05:00";"AL";101;52,1;"FLEXEIRAS";"Velocidade Incompatível";"Colisão com objeto";"Com Vítimas Feridas";"Pleno dia";"Crescente";"Chuva";"Dupla";"Curva;Aclive";"Não";2;0;1;0;0;1;1;2;-9,26780247;-35,78483784;"SPRF-AL";"DEL01-AL";"UOP02-DEL01-AL"
527721;2023-06-06;"terça-feira";"11:15:00";"BA";324;566;"SAO SEBASTIAO DO PASSE";"Condutor deixou de manter distância do veículo da frente";"Colisão traseira";"Com Vítimas Feridas";"Pleno dia";"Decrescente";"Chuva";"Dupla";"Reta";"Não";4;0;3;0;0;1;3;2;-12,53680189;-38,59394073;"SPRF-BA";"DEL01-BA";"UOP01-DEL01-BA"
527727;2023-06-06;"terça-feira";"10:50:00";"RO";364;100;"VILHENA";"Reação tardia ou ineficiente do condutor";"Engavetamento";"Com Vítimas Feridas";"Pleno dia";"Decrescente";"Céu Claro";"Simples";"Reta";"Não";5;0;1;0;3;2;1;5;-12,27246405;-60,64207431;"SPRF-RO";"DEL04-RO";"UOP01-DEL04-RO"
527728;2023-06-06;"terça-feira";"11:35:00";"PR";277;714,2;"SANTA TEREZINHA DE ITAIPU";"Reação tardia ou ineficiente do condutor";"Colisão traseira";"Com Vítimas Feridas";"Pleno dia";"Crescente";"Céu Claro";"Dupla";"Reta";"Não";3;0;0;1;1;1;1;3;-25,4650714;-54,44902954;"SPRF-PR";"DEL05-PR";"UOP01-DEL05-PR"
527731;2023-06-06;"terça-feira";"10:05:00";"AC";364;123;"RIO BRANCO";"Carga excessiva e/ou mal acondicionada";"Saída de leito carroçável";"Com Vítimas Feridas";"Pleno dia";"Crescente";"Sol";"Dupla";"Reta";"Sim";5;0;1;0;4;0;1;2;-10,0117071;-67,782373;"SPRF-AC";"DEL01-AC";"UOP01-DEL01-AC"
527732;2023-06-06;"terça-feira";"13:20:00";"SC";101;202;"SAO JOSE";"Ausência de reação do condutor";"Colisão traseira";"Com Vítimas Feridas";"Pleno dia";"Crescente";"Céu Claro";"Múltipla";"Reta";"Não";2;0;0;1;1;0;1;2;-27,55711595;-48,61897889;"SPRF-SC";"DEL01-SC";"UOP01-DEL01-SC"
527734;2023-06-06;"terça-feira";"08:31:00";"PR";476;172,8;"CONTENDA";"Ingestão de álcool pelo condutor";"Saída de leito carroçável";"Sem Vítimas";"Pleno dia";"Crescente";"Garoa/Chuvisco";"Dupla";"Curva;Rotatória";"Sim";2;0;0;0;1;3;0;4;-25,67441925;-49,51420944;"SPRF-PR";"DEL01-PR";"UOP06-DEL01-PR"
527738;2023-06-06;"terça-feira";"12:20:00";"PR";277;329;"GUARAPUAVA";"Conversão proibida";"Colisão transversal";"Com Vítimas Feridas";"Pleno dia";"Decrescente";"Céu Claro";"Simples";"Reta";"Não";5;0;2;1;2;0;3;2;-25,37463596;-51,29878598;"SPRF-PR";"DEL08-PR";"UOP01-DEL08-PR"
527741;2023-06-06;"terça-feira";"10:30:00";"BA";116;614;"IRAJUBA";"Ultrapassagem Indevida";"Colisão frontal";"Com Vítimas Fatais";"Pleno dia";"Decrescente";"Céu Claro";"Simples";"Reta";"Não";3;1;1;0;0;2;1;4;-13,31341959;-40,01822673;"SPRF-BA";"DEL03-BA";"UOP01-DEL03-BA"
527744;2023-06-06;"terça-feira";"13:00:00";"PR";476;325,7;"PAULO FRONTIN";"Frear bruscamente";"Colisão frontal";"Com Vítimas Feridas";"Pleno dia";"Crescente";"Céu Claro";"Simples";"Reta;Declive";"Não";3;0;1;2;0;0;3;2;-26,09255497;-50,77949524;"SPRF-PR";"DEL02-PR";"UOP03-DEL02-PR"
527745;2023-06-05;"segunda-feira";"21:40:00";"BA";116;519;"ITATIM";"Acessar a via sem observar a presença dos outros veículos";"Colisão frontal";"Com Vítimas Feridas";"Plena Noite";"Crescente";"Céu Claro";"Simples";"Reta";"Não";2;0;1;0;1;0;1;2;-12,68062205;-39,67114397;"SPRF-BA";"DEL03-BA";"UOP02-DEL03-BA"
527749;2023-06-02;"sexta-feira";"11:00:00";"PR";277;5;"PARANAGUA";"Conversão proibida";"Colisão traseira";"Com Vítimas Feridas";"Pleno dia";"Decrescente";"Céu Claro";"Dupla";"Reta";"Sim";5;0;1;0;3;2;1;4;-25,55784178;-48,56971979;"SPRF-PR";"DEL01-PR";"UOP05-DEL01-PR"
527753;2023-06-06;"terça-feira";"15:15:00";"RS";386;134;"SARANDI";"Acessar a via sem observar a presença dos outros veículos";"Colisão transversal";"Com Vítimas Fatais";"Pleno dia";"Crescente";"Céu Claro";"Simples";"Reta";"Sim";5;1;0;1;2;1;1;4;-27,953636;-52,916374;"SPRF-RS";"DEL08-RS";"UOP01-DEL08-RS"
527755;2023-02-18;"sábado";"19:30:00";"PR";116;48,8;"CAMPINA GRANDE DO SUL";"Acessar a via sem observar a presença dos outros veículos";"Colisão transversal";"Com Vítimas Feridas";"Plena Noite";"Crescente";"Garoa/Chuvisco";"Dupla";"Reta";"Não";3;0;0;1;1;2;1;4;-25,21708693;-48,90395114;"SPRF-PR";"DEL01-PR";"UOP02-DEL01-PR"
527757;2023-06-06;"terça-feira";"12:40:00";"MT";70;323;"DOM AQUINO";"Condutor Dormindo";"Colisão lateral sentido oposto";"Com Vítimas Feridas";"Pleno dia";"Crescente";"Céu Claro";"Simples";"Curva";"Não";3;0;1;0;2;0;1;2;-15,5095892;-54,64469197;"SPRF-MT";"DEL05-MT";"UOP01-DEL05-MT"
527763;2023-06-06;"terça-feira";"12:55:00";"CE";222;119;"ITAPAJE";"Pista Escorregadia";"Tombamento";"Sem Vítimas";"Pleno dia";"Decrescente";"Chuva";"Simples";"Declive;Reta";"Não";2;0;0;0;1;1;0;2;-3,72231305;-39,5617951;"SPRF-CE";"DEL04-CE";"UOP03-DEL04-CE"
527764;2023-06-06;"terça-feira";"13:26:00";"MG";381;524;"BRUMADINHO";"Demais falhas mecânicas ou elétricas";"Incêndio";"Sem Vítimas";"Pleno dia";"Decrescente";"Céu Claro";"Dupla";"Reta;Aclive";"Não";2;0;0;0;1;2;0;3;-20,160736;-44,329843;"SPRF-MG";"DEL04-MG";"UOP03-DEL04-MG"
527768;2023-06-06;"terça-feira";"16:39:00";"SP";116;336,1;"JUQUITIBA";"Velocidade Incompatível";"Colisão traseira";"Com Vítimas Feridas";"Pleno dia";"Decrescente";"Céu Claro";"Dupla";"Curva";"Não";4;0;2;0;1;1;2;3;-23,975182;-47,140694;"SPRF-SP";"DEL04-SP";"UOP03-DEL04-SP"
527770;2023-06-06;"terça-feira";"17:15:00";"RS";287;264,1;"SANTA MARIA";"Ausência de reação do condutor";"Colisão frontal";"Com Vítimas Fatais";"Anoitecer";"Crescente";"Céu Claro";"Simples";"Reta;Aclive";"Não";3;1;1;0;0;1;1;3;-29,67151646;-54,01217104;"SPRF-RS";"DEL09-RS";"UOP01-DEL09-RS"
527772;2023-06-06;"terça-feira";"13:00:00";"MS";262;255,7;"RIBAS DO RIO PARDO";"Demais falhas mecânicas ou elétricas";"Incêndio";"Sem Vítimas";"Pleno dia";"Decrescente";"Céu Claro";"Simples";"Reta";"Não";2;0;0;0;0;2;0;2;-20,40123502;-53,891253;"SPRF-MS";"DEL01-MS";"UOP01-DEL01-MS"
527773;2023-05-29;"segunda-feira";"21:50:00";"PR";376;547,5;"PALMEIRA";"Ausência de reação do condutor";"Engavetamento";"Com Vítimas Fatais";"Plena Noite";"Crescente";"Céu Claro";"Dupla";"Reta";"Não";4;1;0;0;2;2;0;5;-25,408884;-49,780713;"SPRF-PR";"DEL03-PR";"UOP03-DEL03-PR"
527781;2023-06-06;"terça-feira";"11:00:00";"SC";282;324;"CAMPOS NOVOS";"Reação tardia ou ineficiente do condutor";"Tombamento";"Sem Vítimas";"Pleno dia";"Decrescente";"Céu Claro";"Simples";"Curva";"Não";2;0;0;0;1;1;0;2;-27,387329;-51,055897;"SPRF-SC";"DEL07-SC";"UOP06-DEL07-SC"
527783;2023-06-06;"terça-feira";"18:40:00";"SE";235;33,6;"AREIA BRANCA";"Chuva";"Atropelamento de Pedestre";"Com Vítimas Fatais";"Plena Noite";"Crescente";"Chuva";"Simples";"Reta;Aclive";"Sim";2;1;0;0;0;1;0;2;-10,762641;-37,30447;"SPRF-SE";"DEL01-SE";"UOP02-DEL01-SE"
527788;2023-06-06;"terça-feira";"17:00:00";"MG";251;245,9;"CURRAL DE DENTRO";"Ausência de reação do condutor";"Colisão traseira";"Com Vítimas Feridas";"Anoitecer";"Crescente";"Céu Claro";"Simples";"Curva";"Não";3;0;1;0;1;1;1;3;-15,99103453;-41,8209875;"SPRF-MG";"DEL12-MG";"UOP01-DEL12-MG"
527790;2023-06-06;"terça-feira";"18:00:00";"SC";101;15,9;"JOINVILLE";"Velocidade Incompatível";"Colisão traseira";"Sem Vítimas";"Plena Noite";"Decrescente";"Nublado";"Dupla";"Reta";"Não";6;0;0;0;5;1;0;3;-26,10609917;-48,87224159;"SPRF-SC";"DEL03-SC";"UOP01-DEL03-SC"
527796;2023-06-06;"terça-feira";"17:40:00";"MG";40;548;"NOVA LIMA";"Reação tardia ou ineficiente do condutor";"Colisão traseira";"Com Vítimas Feridas";"Anoitecer";"Crescente";"Céu Claro";"Dupla";"Reta;Aclive";"Não";2;0;1;0;0;1;1;2;-20,03136499;-43,96967792;"SPRF-MG";"DEL01-MG";"UOP02-DEL01-MG"
527807;2023-06-06;"terça-feira";"20:00:00";"RS";386;144,5;"SARANDI";"Velocidade Incompatível";"Engavetamento";"Com Vítimas Feridas";"Plena Noite";"Crescente";"Céu Claro";"Simples";"Reta;Aclive";"Não";5;0;1;0;3;1;1;5;-28,039812;-52,873158;"SPRF-RS";"DEL08-RS";"UOP01-DEL08-RS"
527812;2023-06-06;"terça-feira";"19:20:00";"SC";101;453,4;"SAO JOAO DO SUL";"Acessar a via sem observar a presença dos outros veículos";"Colisão lateral mesmo sentido";"Sem Vítimas";"Plena Noite";"Decrescente";"Céu Claro";"Múltipla";"Reta";"Não";7;0;0;0;6;1;0;3;-29,19759996;-49,75264078;"SPRF-SC";"DEL02-SC";"UOP02-DEL02-SC"
527816;2023-06-06;"terça-feira";"20:30:00";"GO";60;224,8;"CEZARINA";"Condutor deixou de manter distância do veículo da frente";"Colisão traseira";"Com Vítimas Feridas";"Plena Noite";"Crescente";"Céu Claro";"Dupla";"Declive";"Não";5;0;0;3;1;2;3;4;-17,0148;-49,7762;"SPRF-GO";"DEL01-GO";"UOP02-DEL01-GO"
527821;2023-06-06;"terça-feira";"14:37:00";"MG";153;1;"ARAPORA";"Velocidade Incompatível";"Saída de leito carroçável";"Com Vítimas Feridas";"Pleno dia";"Decrescente";"Céu Claro";"Dupla";"Retorno Regulamentado";"Não";2;0;0;1;0;1;1;2;-18,42109754;-49,19468187;"SPRF-MG";"DEL15-MG";"UOP03-DEL15-MG"
527822;2023-06-06;"terça-feira";"22:01:00";"RJ";101;74,1;"CAMPOS DOS GOYTACAZES";"Transitar na contramão";"Colisão lateral sentido oposto";"Com Vítimas Feridas";"Plena Noite";"Crescente";"Céu Claro";"Simples";"Reta";"Sim";4;0;1;0;1;2;1;4;-21,810739;-41,397028;"SPRF-RJ";"DEL08-RJ";"UOP02-DEL08-RJ"
527824;2023-06-06;"terça-feira";"22:20:00";"RJ";101;317;"SAO GONCALO";"Reação tardia ou ineficiente do condutor";"Colisão traseira";"Com Vítimas Feridas";"Plena Noite";"Crescente";"Nevoeiro/Neblina";"Dupla";"Reta";"Sim";2;0;0;1;0;1;1;2;-22,83707798;-43,09492006;"SPRF-RJ";"DEL02-RJ";"UOP02-DEL02-RJ"
527826;2023-06-06;"terça-feira";"21:50:00";"CE";222;301;"TIANGUA";"Reação tardia ou ineficiente do condutor";"Tombamento";"Com Vítimas Feridas";"Plena Noite";"Decrescente";"Nublado";"Simples";"Declive;Curva";"Não";1;0;1;0;0;0;1;1;-3,66159701;-40,940041;"SPRF-CE";"DEL04-CE";"UOP02-DEL04-CE"
527827;2023-06-06;"terça-feira";"22:40:00";"MG";116;531,5;"CARATINGA";"Reação tardia ou ineficiente do condutor";"Colisão frontal";"Com Vítimas Feridas";"Plena Noite";"Decrescente";"Céu Claro";"Simples";"Curva";"Não";4;0;2;1;1;0;3;2;-19,81937899;-42,13692704;"SPRF-MG";"DEL06-MG";"UOP02-DEL06-MG"
527831;2023-06-07;"quarta-feira";"00:10:00";"BA";116;451;"ANTONIO CARDOSO";"Acumulo de água sobre o pavimento";"Colisão com objeto";"Com Vítimas Feridas";"Plena Noite";"Crescente";"Garoa/Chuvisco";"Dupla";"Reta";"Não";2;0;1;0;1;0;1;2;-12,385248;-39,135998;"SPRF-BA";"DEL02-BA";"UOP01-DEL02-BA"
527835;2023-06-07;"quarta-feira";"00:20:00";"MS";163;150,6;"NAVIRAI";"Demais falhas mecânicas ou elétricas";"Eventos atípicos";"Com Vítimas Feridas";"Plena Noite";"Decrescente";"Céu Claro";"Simples";"Ponte";"Não";3;0;1;0;1;3;1;5;-22,96283073;-54,4287818;"SPRF-MS";"DEL09-MS";"UOP01-DEL09-MS"
527839;2023-06-07;"quarta-feira";"03:20:00";"SC";280;4;"SAO FRANCISCO DO SUL";"Ingestão de álcool pelo condutor";"Colisão lateral sentido oposto";"Sem Vítimas";"Plena Noite";"Decrescente";"Céu Claro";"Simples";"Reta";"Sim";3;0;0;0;2;2;0;4;-26,27887292;-48,64668626;"SPRF-SC";"DEL03-SC";"UOP03-DEL03-SC"
527840;2023-06-07;"quarta-feira";"02:40:00";"MS";163;49,6;"ELDORADO";"Ausência de reação do condutor";"Tombamento";"Com Vítimas Feridas";"Plena Noite";"Decrescente";"Céu Claro";"Simples";"Declive";"Não";2;0;1;0;0;1;1;2;-23,70499995;-54,26920532;"SPRF-MS";"DEL09-MS";"UOP02-DEL09-MS"