"id";"data_inversa";"dia_semana";"horario";"uf";"br";"km";"municipio";"causa_acidente";"tipo_acidente";"classificacao_acidente";"fase_dia";"sentido_via";"condicao_metereologica";"tipo_pista";"tracado_via";"uso_solo";"pessoas";"mortos";"feridos_leves";"feridos_graves";"ilesos";"ignorados";"feridos";"veiculos";"latitude";"longitude";"regional";"delegacia";"uop"
528225;2023-06-08;"quinta-feira";"19:15:00";"PR";373;175,4;"PONTA GROSSA";"Reação tardia ou ineficiente do condutor";"Colisão traseira";"Com Vítimas Fatais";"Plena Noite";"Decrescente";"Céu Claro";"Múltipla";"Reta";"Sim";5;1;0;0;2;2;0;5;-25,07539275;-50,21024399;"SPRF-PR";"DEL03-PR";"UOP01-DEL03-PR"
528229;2023-06-08;"quinta-feira";"21:00:00";"ES";101;270,8;"SERRA";"Manobra de mudança de faixa";"Colisão lateral mesmo sentido";"Com Vítimas Feridas";"Plena Noite";"Crescente";"Céu Claro";"Múltipla";"Curva";"Sim";4;0;1;0;2;1;1;3;-20,22662056;-40,27075088;"SPRF-ES";"DEL02-ES";"UOP01-DEL02-ES"
528239;2023-06-08;"quinta-feira";"18:50:00";"MG";50;119;"UBERABA";"Manobra de mudança de faixa";"Colisão traseira";"Com Vítimas Feridas";"Anoitecer";"Decrescente";"Céu Claro";"Dupla";"Retorno Regulamentado;Reta";"Não";3;0;0;1;1;4;1;6;-19,29969201;-48,11376802;"SPRF-MG";"DEL13-MG";"UOP01-DEL13-MG"
528241;2023-06-08;"quinta-feira";"21:50:00";"BA";101;504;"ITABUNA";"Ingestão de álcool pelo condutor";"Colisão lateral sentido oposto";"Sem Vítimas";"Plena Noite";"Crescente";"Nublado";"Simples";"Reta";"Sim";3;0;0;0;2;1;0;3;-14,78635287;-39,29044789;"SPRF-BA";"DEL05-BA";"UOP01-DEL05-BA"
528248;2023-06-08;"quinta-feira";"21:30:00";"PE";101;89;"CABO DE SANTO AGOSTINHO";"Falta de elemento de contenção que evite a saída do leito carroçável";"Saída de leito carroçável";"Com Vítimas Feridas";"Plena Noite";"Crescente";"Nublado";"Dupla";"Reta";"Não";3;0;0;1;2;0;1;3;-8,20760697;-34,98372005;"SPRF-PE";"DEL01-PE";"UOP01-DEL01-PE"
528249;2023-06-08;"quinta-feira";"18:30:00";"MS";60;140;"PARAISO DAS AGUAS";"Ausência de reação do condutor";"Colisão com objeto";"Sem Vítimas";"Anoitecer";"Decrescente";"Céu Claro";"Simples";"Ponte";"Não";2;0;0;0;1;1;0;2;-19,37612082;-53,57488916;"SPRF-MS";"DEL06-MS";"UOP02-DEL06-MS"
528250;2023-06-08;"quinta-feira";"21:50:00";"RS";470;213,8;"BENTO GONCALVES";"Transitar na contramão";"Colisão frontal";"Com Vítimas Feridas";"Plena Noite";"Decrescente";"Céu Claro";"Simples";"Reta";"Sim";3;0;0;1;1;1;1;3;-29,15114378;-51,53005242;"SPRF-RS";"DEL06-RS";"UOP01-DEL06-RS"
528255;2023-06-08;"quinta-feira";"19:40:00";"RS";153;566,2;"BAGE";"Problema na suspensão";"Saída de leito carroçável";"Com Vítimas Feridas";"Plena Noite";"Crescente";"Nublado";"Simples";"Curva;Aclive";"Não";2;0;1;0;0;1;1;2;-30,96114605;-53,63823583;"SPRF-RS";"DEL11-RS";"UOP03-DEL11-RS"
528259;2023-06-08;"quinta-feira";"21:00:00";"RJ";116;42;"TERESOPOLIS";"Acessar a via sem observar a presença dos outros veículos";"Colisão transversal";"Com Vítimas Feridas";"Plena Noite";"Crescente";"Céu Claro";"Simples";"Reta";"Sim";3;0;2;0;1;0;2;2;-22,14560636;-42,79362881;"SPRF-RJ";"DEL04-RJ";"UOP01-DEL04-RJ"
528267;2023-06-09;"sexta-feira";"00:30:00";"SP";116;229;"SAO PAULO";"Demais falhas mecânicas ou elétricas";"Incêndio";"Sem Vítimas";"Plena Noite";"Crescente";"Céu Claro";"Dupla";"Reta";"Sim";2;0;0;0;1;1;0;2;-23,51291902;-46,57604698;"SPRF-SP";"DEL01-SP";"UOP01-DEL01-SP"
528270;2023-06-09;"sexta-feira";"00:30:00";"RJ";40;72;"PETROPOLIS";"Reação tardia ou ineficiente do condutor";"Colisão traseira";"Com Vítimas Feridas";"Plena Noite";"Crescente";"Céu Claro";"Simples";"Reta;Aclive";"Não";2;0;1;0;0;1;1;2;-22,4585308;-43,21600514;"SPRF-RJ";"DEL06-RJ";"UOP01-DEL06-RJ"
528271;2023-06-09;"sexta-feira";"01:40:00";"SP";116;212;"GUARULHOS";"Reação tardia ou ineficiente do condutor";"Colisão traseira";"Com Vítimas Feridas";"Plena Noite";"Decrescente";"Ignorado";"Dupla";"Reta";"Não";2;0;1;0;1;0;1;2;-23,43608315;-46,42805094;"SPRF-SP";"DEL01-SP";"UOP01-DEL01-SP"
528274;2023-06-09;"sexta-feira";"00:40:00";"PE";101;83,7;"JABOATAO DOS GUARARAPES";"Ingestão de álcool pelo condutor";"Colisão traseira";"Sem Vítimas";"Plena Noite";"Crescente";"Chuva";"Dupla";"Reta";"Não";3;0;0;0;2;2;0;4;-8,175172;-34,942642;"SPRF-PE";"DEL01-PE";"UOP01-DEL01-PE"
528277;2023-06-09;"sexta-feira";"02:10:00";"SP";381;40;"ATIBAIA";"Ausência de reação do condutor";"Colisão com objeto";"Sem Vítimas";"Plena Noite";"Decrescente";"Céu Claro";"Dupla";"Declive;Reta";"Não";4;0;0;0;3;3;0;6;-23,12997498;-46,5767598;"SPRF-SP";"DEL03-SP";"UOP01-DEL03-SP"
528280;2023-06-09;"sexta-feira";"03:00:00";"MS";163;520,1;"JARAGUARI";"Condutor Dormindo";"Colisão com objeto";"Sem Vítimas";"Plena Noite";"Crescente";"Céu Claro";"Dupla";"Reta";"Não";1;0;0;0;1;0;0;1;-20,16179487;-54,44469725;"SPRF-MS";"DEL01-MS";"UOP02-DEL01-MS"
528285;2023-06-09;"sexta-feira";"04:50:00";"MG";354;757,8;"ITAMONTE";"Ingestão de álcool pelo condutor";"Colisão frontal";"Com Vítimas Feridas";"Plena Noite";"Crescente";"Céu Claro";"Simples";"Curva";"Não";4;0;3;0;0;1;3;2;-22,31949272;-44,84721578;"SPRF-MG";"DEL17-MG";"UOP01-DEL17-MG"
528288;2023-06-09;"sexta-feira";"06:00:00";"RS";290;506,7;"ROSARIO DO SUL";"Condutor Dormindo";"Saída de leito carroçável";"Com Vítimas Feridas";"Amanhecer";"Crescente";"Céu Claro";"Simples";"Reta";"Não";1;0;0;1;0;0;1;1;-30,157763;-55,157421;"SPRF-RS";"DEL11-RS";"UOP02-DEL11-RS"
528290;2023-06-09;"sexta-feira";"05:40:00";"RJ";101;150,3;"MACAE";"Transitar na contramão";"Colisão frontal";"Com Vítimas Fatais";"Amanhecer";"Decrescente";"Céu Claro";"Simples";"Curva";"Não";5;1;0;2;1;1;2;3;-22,23967891;-41,80006315;"SPRF-RJ";"DEL08-RJ";"UOP04-DEL08-RJ"
528294;2023-06-09;"sexta-feira";"04:40:00";"RO";429;162;"SAO MIGUEL DO GUAPORE";"Ausência de reação do condutor";"Colisão com objeto";"Com Vítimas Fatais";"Plena Noite";"Decrescente";"Nublado";"Dupla";"Reta";"Sim";2;1;0;0;1;0;0;2;-11,701479;-62,7222;"SPRF-RO";"DEL02-RO";"UOP03-DEL02-RO"
528295;2023-06-09;"sexta-feira";"03:30:00";"MG";365;658;"MONTE ALEGRE DE MINAS";"Condutor Dormindo";"Colisão com objeto";"Com Vítimas Feridas";"Plena Noite";"Crescente";"Céu Claro";"Dupla";"Reta";"Não";1;0;1;0;0;0;1;1;-18,889779;-48,630506;"SPRF-MG";"DEL15-MG";"UOP01-DEL15-MG"
528297;2023-06-09;"sexta-feira";"07:05:00";"SC";101;138,6;"BALNEARIO CAMBORIU";"Velocidade Incompatível";"Tombamento";"Com Vítimas Feridas";"Pleno dia";"Crescente";"Céu Claro";"Dupla";"Viaduto;Curva";"Sim";2;0;1;0;0;1;1;2;-27,02397426;-48,60761649;"SPRF-SC";"DEL04-SC";"UOP03-DEL04-SC"
528299;2023-06-09;"sexta-feira";"05:40:00";"RO";364;704;"PORTO VELHO";"Pedestre cruzava a pista fora da faixa";"Atropelamento de Pedestre";"Com Vítimas Fatais";"Amanhecer";"Crescente";"Céu Claro";"Dupla";"Reta";"Não";3;1;0;0;1;1;0;3;-8,80032739;-63,804543;"SPRF-RO";"DEL01-RO";"UOP01-DEL01-RO"
528301;2023-06-09;"sexta-feira";"07:50:00";"CE";222;251,4;"SOBRAL";"Frear bruscamente";"Colisão com objeto";"Sem Vítimas";"Pleno dia";"Decrescente";"Céu Claro";"Simples";"Reta;Aclive";"Não";2;0;0;0;1;2;0;3;-3,75461;-40,57774;"SPRF-CE";"DEL04-CE";"UOP01-DEL04-CE"
528307;2023-06-09;"sexta-feira";"07:40:00";"TO";153;787,8;"TALISMA";"Reação tardia ou ineficiente do condutor";"Saída de leito carroçável";"Com Vítimas Feridas";"Pleno dia";"Crescente";"Céu Claro";"Simples";"Reta";"Não";3;0;1;1;0;1;2;2;-12,71041199;-49,07501703;"SPRF-TO";"DEL01-TO";"UOP02-DEL01-TO"
528316;2023-06-09;"sexta-feira";"07:40:00";"BA";324;518;"FEIRA DE SANTANA";"Trafegar com motocicleta (ou similar) entre as faixas";"Colisão lateral mesmo sentido";"Com Vítimas Fatais";"Pleno dia";"Decrescente";"Nublado";"Dupla";"Reta";"Não";5;1;0;0;3;2;0;5;-12,275303;-38,931335;"SPRF-BA";"DEL02-BA";"UOP01-DEL02-BA"
528326;2023-06-09;"sexta-feira";"09:30:00";"SP";116;287;"ITAPECERICA DA SERRA";"Condutor deixou de manter distância do veículo da frente";"Colisão traseira";"Com Vítimas Feridas";"Pleno dia";"Crescente";"Céu Claro";"Dupla";"Reta";"Sim";3;0;1;0;1;1;1;3;-23,71441779;-46,87929634;"SPRF-SP";"DEL04-SP";"UOP01-DEL04-SP"
528329;2023-06-09;"sexta-feira";"09:24:00";"GO";60;252;"INDIARA";"Condutor deixou de manter distância do veículo da frente";"Colisão traseira";"Com Vítimas Feridas";"Pleno dia";"Decrescente";"Céu Claro";"Dupla";"Reta";"Não";3;0;0;1;1;1;1;3;-17,1299;-49,9774;"SPRF-GO";"DEL01-GO";"UOP02-DEL01-GO"
528335;2023-05-13;"sábado";"04:36:00";"MT";163;810;"SINOP";"Reação tardia ou ineficiente do condutor";"Colisão frontal";"Com Vítimas Fatais";"Plena Noite";"Crescente";"Ignorado";"Simples";"Reta";"Não";6;2;0;0;3;3;0;7;-12,18265649;-55,5273056;"SPRF-MT";"DEL06-MT";"UOP02-DEL06-MT"
528338;2023-06-09;"sexta-feira";"11:30:00";"PR";116;11,3;"COLOMBO";"Ausência de reação do condutor";"Colisão lateral mesmo sentido";"Com Vítimas Feridas";"Pleno dia";"Crescente";"Céu Claro";"Dupla";"Reta";"Sim";2;0;1;0;0;1;1;2;-25,3727;-49,1408;"SPRF-PR";"DEL01-PR";"UOP02-DEL01-PR"
528346;2023-06-09;"sexta-feira";"08:30:00";"GO";153;580;"PROFESSOR JAMIL";"Manobra de mudança de faixa";"Colisão lateral mesmo sentido";"Com Vítimas Feridas";"Pleno dia";"Crescente";"Sol";"Dupla";"Reta";"Não";2;0;1;0;1;0;1;2;-17,38070245;-49,23711777;"SPRF-GO";"DEL03-GO";"UOP01-DEL03-GO"
528354;2023-06-09;"sexta-feira";"12:25:00";"SP";116;211;"GUARULHOS";"Reação tardia ou ineficiente do condutor";"Colisão traseira";"Com Vítimas Feridas";"Pleno dia";"Crescente";"Céu Claro";"Múltipla";"Reta";"Não";3;0;1;0;2;0;1;2;-23,4324306;-46,4194352;"SPRF-SP";"DEL01-SP";"UOP01-DEL01-SP"
528360;2023-06-09;"sexta-feira";"13:20:00";"PE";101;189,6;"PALMARES";"Acessar a via sem observar a presença dos outros veículos";"Colisão lateral mesmo sentido";"Sem Vítimas";"Pleno dia";"Crescente";"Chuva";"Dupla";"Curva";"Não";3;0;0;0;2;1;0;3;-8,69036647;-35,60430503;"SPRF-PE";"DEL01-PE";"UOP03-DEL01-PE"
528364;2023-04-18;"terça-feira";"08:30:00";"MG";381;371;"SAO GONCALO DO RIO ABAIXO";"Ausência de reação do condutor";"Tombamento";"Com Vítimas Feridas";"Pleno dia";"Decrescente";"Céu Claro";"Simples";"Curva";"Não";2;0;0;1;0;1;1;2;-19,84407789;-43,30732499;"SPRF-MG";"DEL01-MG";"UOP01-DEL01-MG"
528366;2023-06-09;"sexta-feira";"14:55:00";"PR";376;2,5;"APUCARANA";"Reação tardia ou ineficiente do condutor";"Colisão traseira";"Com Vítimas Feridas";"Pleno dia";"Crescente";"Céu Claro";"Simples";"Declive;Reta";"Sim";2;0;0;1;1;0;1;2;-23,56278735;-51,43425465;"SPRF-PR";"DEL07-PR";"UOP03-DEL07-PR"
528368;2023-06-09;"sexta-feira";"13:45:00";"SC";101;396;"MARACAJA";"Ingestão de álcool pelo condutor";"Colisão traseira";"Com Vítimas Feridas";"Pleno dia";"Decrescente";"Céu Claro";"Dupla";"Reta";"Não";4;0;2;0;2;0;2;2;-28,83644095;-49,42113876;"SPRF-SC";"DEL02-SC";"UOP02-DEL02-SC"
528372;2023-06-09;"sexta-feira";"15:55:00";"RS";290;108;"ELDORADO DO SUL";"Desrespeitar a preferência no cruzamento";"Colisão transversal";"Com Vítimas Feridas";"Pleno dia";"Crescente";"Sol";"Simples";"Interseção de Vias";"Não";3;0;1;0;2;0;1;2;-30,006546;-51,312927;"SPRF-RS";"DEL02-RS";"UOP01-DEL02-RS"
528373;2023-06-09;"sexta-feira";"11:40:00";"RO";364;513;"ARIQUEMES";"Ultrapassagem Indevida";"Colisão lateral mesmo sentido";"Com Vítimas Feridas";"Pleno dia";"Crescente";"Céu Claro";"Simples";"Curva";"Não";4;0;0;1;2;1;1;4;-9,94283084;-63,05467875;"SPRF-RO";"DEL03-RO";"UOP01-DEL03-RO"
528377;2023-06-09;"sexta-feira";"16:00:00";"DF";80;28;"BRASILIA";"Acumulo de óleo sobre o pavimento";"Incêndio";"Sem Vítimas";"Pleno dia";"Crescente";"Sol";"Simples";"Curva;Aclive";"Não";2;0;0;0;1;2;0;3;-15,595818;-48,203102;"SPRF-DF";"DEL03-DF";"UOP02-DEL03-DF"
528387;2023-06-09;"sexta-feira";"16:40:00";"RS";386;270,8;"FONTOURA XAVIER";"Entrada inopinada do pedestre";"Atropelamento de Pedestre";"Com Vítimas Feridas";"Pleno dia";"Crescente";"Céu Claro";"Simples";"Reta";"Sim";3;0;0;1;1;1;1;3;-28,972395;-52,369072;"SPRF-RS";"DEL04-RS";"UOP03-DEL04-RS"
528401;2023-06-09;"sexta-feira";"10:00:00";"MG";116;99;"MEDINA";"Condutor Dormindo";"Saída de leito carroçável";"Com Vítimas Feridas";"Pleno dia";"Decrescente";"Céu Claro";"Simples";"Curva";"Não";4;0;1;0;0;3;1;3;-16,42391709;-41,48937682;"SPRF-MG";"DEL11-MG";"UOP02-DEL11-MG"
528407;2023-06-09;"sexta-feira";"17:30:00";"MS";262;356,2;"CAMPO GRANDE";"Reação tardia ou ineficiente do condutor";"Tombamento";"Com Vítimas Feridas";"Plena Noite";"Decrescente";"Céu Claro";"Simples";"Rotatória";"Não";2;0;0;1;0;1;1;2;-20,54695254;-54,68214154;"SPRF-MS";"DEL01-MS";"UOP03-DEL01-MS"
528408;2023-06-09;"sexta-feira";"12:40:00";"MG";365;88;"JEQUITAI";"Velocidade Incompatível";"Saída de leito carroçável";"Sem Vítimas";"Pleno dia";"Crescente";"Céu Claro";"Simples";"Reta";"Não";1;0;0;0;1;0;0;1;-17,18913001;-44,43099298;"SPRF-MG";"DEL12-MG";"UOP01-DEL12-MG"
528409;2023-06-09;"sexta-feira";"15:45:00";"MS";436;1;"APARECIDA DO TABOADO";"Ausência de reação do condutor";"Colisão lateral mesmo sentido";"Com Vítimas Feridas";"Pleno dia";"Crescente";"Céu Claro";"Dupla";"Ponte";"Não";5;0;1;0;3;1;1;3;-20,11223;-50,995363;"SPRF-MS";"DEL08-MS";"UOP01-DEL08-MS"
528416;2023-06-09;"sexta-feira";"18:25:00";"GO";153;251,1;"SAO LUIZ DO NORTE";"Ultrapassagem Indevida";"Colisão frontal";"Com Vítimas Fatais";"Plena Noite";"Decrescente";"Céu Claro";"Simples";"Reta;Declive";"Não";9;2;0;1;5;1;1;4;-14,92452;-49,36216;"SPRF-GO";"DEL07-GO";"UOP02-DEL07-GO"
528418;2023-06-09;"sexta-feira";"18:45:00";"GO";153;362,3;"JARAGUA";"Transitar na contramão";"Colisão lateral sentido oposto";"Com Vítimas Feridas";"Plena Noite";"Decrescente";"Céu Claro";"Simples";"Reta";"Sim";3;0;2;0;1;0;2;2;-15,766983;-49,309837;"SPRF-GO";"DEL02-GO";"UOP02-DEL02-GO"
528419;2023-06-09;"sexta-feira";"17:50:00";"SC";470;128,5;"LONTRAS";"Manobra de mudança de faixa";"Colisão lateral mesmo sentido";"Com Vítimas Feridas";"Anoitecer";"Decrescente";"Céu Claro";"Simples";"Curva";"Não";4;0;0;1;1;2;1;4;-27,143742;-49,548897;"SPRF-SC";"DEL04-SC";"UOP02-DEL04-SC"
528421;2023-06-09;"sexta-feira";"18:00:00";"SC";101;10;"GARUVA";"Ingestão de álcool pelo condutor";"Colisão traseira";"Com Vítimas Feridas";"Plena Noite";"Crescente";"Céu Claro";"Múltipla";"Reta";"Não";3;0;1;0;1;1;1;3;-26,063011;-48,86020605;"SPRF-SC";"DEL03-SC";"UOP01-DEL03-SC"
528428;2023-06-09;"sexta-feira";"16:51:00";"MT";364;261,5;"JUSCIMEIRA";"Manobra de mudança de faixa";"Colisão traseira";"Com Vítimas Feridas";"Plena Noite";"Crescente";"Céu Claro";"Dupla";"Reta";"Não";5;0;2;0;2;2;2;4;-16,03146754;-54,89455522;"SPRF-MT";"DEL02-MT";"UOP01-DEL02-MT"
528435;2023-06-09;"sexta-feira";"18:00:00";"RO";421;70;"MONTE NEGRO";"Acesso irregular";"Colisão lateral mesmo sentido";"Com Vítimas Feridas";"Plena Noite";"Decrescente";"Céu Claro";"Simples";"Reta";"Não";3;0;0;1;1;1;1;3;-10,352003;-63,428802;"SPRF-RO";"DEL03-RO";"UOP01-DEL03-RO"
528445;2023-06-09;"sexta-feira";"20:45:00";"MG";365;95,4;"JEQUITAI";"Ausência de reação do condutor";"Saída de leito carroçável";"Com Vítimas Fatais";"Plena Noite";"Crescente";"Céu Claro";"Simples";"Reta;Ponte";"Não";2;1;0;1;0;0;1;1;-17,21418093;-44,481062;"SPRF-MG";"DEL12-MG";"UOP01-DEL12-MG"
528447;2023-06-09;"sexta-feira";"22:00:00";"SP";116;221;"GUARULHOS";"Carga excessiva e/ou mal acondicionada";"Derramamento de carga";"Sem Vítimas";"Plena Noite";"Crescente";"Céu Claro";"Múltipla";"Reta";"Sim";1;0;0;0;0;1;0;1;-23,46802395;-46,50704901;"SPRF-SP";"DEL01-SP";"UOP01-DEL01-SP"
528451;2023-06-09;"sexta-feira";"20:20:00";"AL";101;40;"JOAQUIM GOMES";"Velocidade Incompatível";"Saída de leito carroçável";"Com Vítimas Feridas";"Plena Noite";"Decrescente";"Chuva";"Dupla";"Curva";"Não";1;0;1;0;0;0;1;1;-9,16377891;-35,77034503;"SPRF-AL";"DEL01-AL";"UOP02-DEL01-AL"
528452;2023-06-09;"sexta-feira";"22:00:00";"ES";101;2;"PEDRO CANARIO";"Ausência de reação do condutor";"Colisão traseira";"Com Vítimas Feridas";"Plena Noite";"Crescente";"Céu Claro";"Simples";"Reta";"Não";5;0;0;1;3;3;1;5;-18,19250223;-39,92246769;"SPRF-ES";"DEL04-ES";"UOP02-DEL04-ES"
528454;2023-06-09;"sexta-feira";"19:30:00";"MG";262;879;"CAMPO FLORIDO";"Acesso irregular";"Colisão transversal";"Com Vítimas Feridas";"Plena Noite";"Decrescente";"Céu Claro";"Simples";"Reta";"Não";5;0;2;0;1;3;2;5;-19,78486111;-48,52892005;"SPRF-MG";"DEL13-MG";"UOP02-DEL13-MG"
528457;2023-06-09;"sexta-feira";"19:20:00";"AM";174;885;"MANAUS";"Transitar na contramão";"Colisão lateral sentido oposto";"Com Vítimas Feridas";"Plena Noite";"Decrescente";"Céu Claro";"Simples";"Reta;Aclive";"Não";5;0;1;1;3;0;2;4;-2,964365;-60,02367;"SPRF-AM";"DEL01-AM";"UOP01-DEL01-AM"
528465;2023-06-09;"sexta-feira";"22:50:00";"PB";116;1,2;"CACHOEIRA DOS INDIOS";"Velocidade Incompatível";"Saída de leito carroçável";"Com Vítimas Feridas";"Plena Noite";"Decrescente";"Chuva";"Simples";"Reta";"Não";1;0;1;0;0;0;1;1;-6,905371;-38,729153;"SPRF-CE";"DEL05-CE";"UOP03-DEL05-CE"
528471;2023-06-10;"sábado";"01:00:00";"MG";50;36;"ARAGUARI";"Ausência de reação do condutor";"Colisão com objeto";"Sem Vítimas";"Plena Noite";"Crescente";"Céu Claro";"Dupla";"Reta";"Sim";2;0;0;0;1;1;0;2;-18,65453092;-48,14727203;"SPRF-MG";"DEL15-MG";"UOP02-DEL15-MG"
528472;2023-06-09;"sexta-feira";"14:00:00";"MA";230;391;"BALSAS";"Problema com o freio";"Colisão lateral sentido oposto";"Sem Vítimas";"Pleno dia";"Crescente";"Céu Claro";"Simples";"Declive";"Não";4;0;0;0;3;1;0;4;-7,41720515;-45,99525969;"SPRF-MA";"DEL05-MA";"UOP01-DEL05-MA"
528474;2023-06-10;"sábado";"02:00:00";"PE";232;410;"SERRA TALHADA";"Transitar na contramão";"Colisão lateral sentido oposto";"Sem Vítimas";"Plena Noite";"Crescente";"Céu Claro";"Simples";"Ponte";"Sim";3;0;0;0;1;3;0;4;-7,98261841;-38,30039606;"SPRF-PE";"DEL04-PE";"UOP01-DEL04-PE"
528478;2023-06-10;"sábado";"01:55:00";"PE";232;234;"ARCOVERDE";"Transitar na contramão";"Colisão frontal";"Sem Vítimas";"Plena Noite";"Decrescente";"Céu Claro";"Simples";"Curva";"Não";2;0;0;0;0;2;0;2;-8,40708897;-36,910579;"SPRF-PE";"DEL04-PE";"UOP02-DEL04-PE"
528480;2023-06-10;"sábado";"03:30:00";"MA";135;96;"ITAPECURU MIRIM";"Transitar na contramão";"Colisão frontal";"Com Vítimas Feridas";"Plena Noite";"Decrescente";"Céu Claro";"Simples";"Reta";"Sim";2;0;0;1;1;0;1;2;-3,33474838;-44,44835256;"SPRF-MA";"DEL01-MA";"UOP02-DEL01-MA"
528483;2023-06-09;"sexta-feira";"22:16:00";"RJ";101;292;"ITABORAI";"Reação tardia ou ineficiente do condutor";"Colisão traseira";"Com Vítimas Feridas";"Plena Noite";"Decrescente";"Céu Claro";"Dupla";"Reta";"Não";2;0;0;1;1;0;1;2;-22,76038215;-42,87856408;"SPRF-RJ";"DEL02-RJ";"UOP02-DEL02-RJ"
528494;2023-06-10;"sábado";"05:40:00";"ES";101;126,4;"LINHARES";"Ausência de reação do condutor";"Colisão frontal";"Sem Vítimas";"Amanhecer";"Crescente";"Céu Claro";"Simples";"Reta";"Não";2;0;0;0;1;1;0;2;-19,193953;-40,0951;"SPRF-ES";"DEL04-ES";"UOP01-DEL04-ES"
528496;2023-06-10;"sábado";"06:00:00";"PR";376;369;"ORTIGUEIRA";"Manobra de mudança de faixa";"Colisão transversal";"Com Vítimas Feridas";"Amanhecer";"Decrescente";"Céu Claro";"Simples";"Reta";"Não";3;0;0;1;1;1;1;3;-24,3676303;-50,80074024;"SPRF-PR";"DEL07-PR";"UOP02-DEL07-PR"
528511;2023-06-10;"sábado";"07:20:00";"MG";381;288;"JAGUARACU";"Velocidade Incompatível";"Colisão traseira";"Com Vítimas Feridas";"Pleno dia";"Decrescente";"Céu Claro";"Dupla";"Reta;Em Obras;Túnel;Desvio Temporário";"Não";4;0;2;0;2;0;2;2;-19,63905081;-42,81290207;"SPRF-MG";"DEL03-MG";"UOP02-DEL03-MG"
528515;2023-06-10;"sábado";"08:30:00";"MG";50;102;"UBERABA";"Reação tardia ou ineficiente do condutor";"Saída de leito carroçável";"Com Vítimas Feridas";"Pleno dia";"Decrescente";"Céu Claro";"Dupla";"Reta;Declive";"Não";2;0;1;0;0;2;1;3;-19,15357015;-48,16546551;"SPRF-MG";"DEL15-MG";"UOP01-DEL15-MG"
528519;2023-06-04;"domingo";"17:45:00";"PA";163;101;"ALTAMIRA";"Reação tardia ou ineficiente do condutor";"Saída de leito carroçável";"Com Vítimas Fatais";"Pleno dia";"Crescente";"Céu Claro";"Simples";"Reta";"Não";3;1;1;0;0;2;1;3;-8,745648;-54,96337398;"SPRF-PA";"DEL05-PA";"UOP02-DEL05-PA"
528522;2023-06-10;"sábado";"08:10:00";"GO";153;224;"CAMPINORTE";"Curva acentuada";"Tombamento";"Com Vítimas Feridas";"Amanhecer";"Decrescente";"Céu Claro";"Múltipla";"Curva";"Não";1;0;1;0;0;0;1;1;-14,10881;-49,103657;"SPRF-GO";"DEL07-GO";"UOP02-DEL07-GO"
528532;2023-06-10;"sábado";"06:50:00";"RO";364;693;"CANDEIAS DO JAMARI";"Ingestão de álcool pelo condutor";"Colisão com objeto";"Sem Vítimas";"Pleno dia";"Crescente";"Céu Claro";"Dupla";"Reta";"Sim";3;0;0;0;2;4;0;6;-8,798112;-63,708916;"SPRF-RO";"DEL01-RO";"UOP01-DEL01-RO"
528543;2023-06-10;"sábado";"12:00:00";"MG";381;498,9;"BETIM";"Demais falhas mecânicas ou elétricas";"Eventos atípicos";"Com Vítimas Feridas";"Pleno dia";"Crescente";"Céu Claro";"Múltipla";"Interseção de Vias;Aclive;Reta";"Sim";2;0;1;0;1;0;1;2;-19,9931043;-44,2078636;"SPRF-MG";"DEL04-MG";"UOP03-DEL04-MG"
528545;2023-06-10;"sábado";"12:10:00";"CE";116;525;"JATI";"Entrada inopinada do pedestre";"Atropelamento de Pedestre";"Com Vítimas Fatais";"Pleno dia";"Crescente";"Sol";"Simples";"Reta";"Sim";2;1;0;0;1;0;0;2;-7,68683547;-39,00764465;"SPRF-CE";"DEL05-CE";"UOP03-DEL05-CE"
528551;2023-06-10;"sábado";"12:20:00";"PR";277;726,5;"FOZ DO IGUACU";"Manobra de mudança de faixa";"Colisão lateral mesmo sentido";"Sem Vítimas";"Pleno dia";"Decrescente";"Céu Claro";"Dupla";"Em Obras;Rotatória;Curva";"Sim";3;0;0;0;2;1;0;3;-25,5106015;-54,55481999;"SPRF-PR";"DEL05-PR";"UOP03-DEL05-PR"
528556;2023-06-10;"sábado";"12:55:00";"PR";277;216;"TEIXEIRA SOARES";"Demais falhas mecânicas ou elétricas";"Colisão frontal";"Com Vítimas Feridas";"Pleno dia";"Decrescente";"Céu Claro";"Simples";"Reta;Declive";"Não";4;0;2;0;1;3;2;5;-25,45928696;-50,34213707;"SPRF-PR";"DEL08-PR";"UOP02-DEL08-PR"
528561;2023-06-10;"sábado";"13:50:00";"SE";101;174;"SANTA LUZIA DO ITANHY";"Desrespeitar a preferência no cruzamento";"Colisão transversal";"Com Vítimas Feridas";"Pleno dia";"Decrescente";"Nublado";"Simples";"Reta";"Não";3;0;1;0;1;1;1;3;-11,34367006;-37,60336957;"SPRF-SE";"DEL02-SE";"UOP01-DEL02-SE"
528564;2023-06-10;"sábado";"11:30:00";"RS";285;673;"SAO BORJA";"Manobra de mudança de faixa";"Colisão transversal";"Com Vítimas Feridas";"Pleno dia";"Crescente";"Nublado";"Simples";"Reta";"Sim";3;0;1;0;1;1;1;3;-28,664228;-55,987453;"SPRF-RS";"DEL12-RS";"UOP01-DEL12-RS"
528568;2023-06-10;"sábado";"14:45:00";"RS";116;400;"CAMAQUA";"Ausência de reação do condutor";"Saída de leito carroçável";"Sem Vítimas";"Pleno dia";"Crescente";"Céu Claro";"Simples";"Reta";"Não";1;0;0;0;1;0;0;1;-30,87210669;-51,80852516;"SPRF-RS";"DEL02-RS";"UOP02-DEL02-RS"
528574;2023-06-10;"sábado";"14:45:00";"RJ";393;182;"PARAIBA DO SUL";"Ausência de reação do condutor";"Atropelamento de Pedestre";"Com Vítimas Feridas";"Pleno dia";"Crescente";"Céu Claro";"Simples";"Reta";"Não";3;0;0;1;1;1;1;2;-22,14322969;-43,28546762;"SPRF-RJ";"DEL05-RJ";"UOP03-DEL05-RJ"