"id";"data_inversa";"dia_semana";"horario";"uf";"br";"km";"municipio";"causa_acidente";"tipo_acidente";"classificacao_acidente";"fase_dia";"sentido_via";"condicao_metereologica";"tipo_pista";"tracado_via";"uso_solo";"pessoas";"mortos";"feridos_leves";"feridos_graves";"ilesos";"ignorados";"feridos";"veiculos";"latitude";"longitude";"regional";"delegacia";"uop"
528581;2023-06-10;"sábado";"10:50:00";"MG";116;802,3;"ALEM PARAIBA";"Transitar na contramão";"Colisão frontal";"Com Vítimas Feridas";"Pleno dia";"Crescente";"Céu Claro";"Simples";"Ponte;Reta";"Não";2;0;0;1;1;0;1;2;-21,77810174;-42,72568662;"SPRF-MG";"DEL07-MG";"UOP01-DEL07-MG"
528582;2023-06-10;"sábado";"12:00:00";"PI";230;268;"NAZARE DO PIAUI";"Ausência de reação do condutor";"Saída de leito carroçável";"Com Vítimas Feridas";"Pleno dia";"Decrescente";"Sol";"Simples";"Reta";"Não";2;0;1;0;0;1;1;2;-6,95794491;-42,68841896;"SPRF-PI";"DEL03-PI";"UOP01-DEL03-PI"
528583;2023-06-10;"sábado";"14:50:00";"RO";364;209;"PIMENTA BUENO";"Reação tardia ou ineficiente do condutor";"Colisão traseira";"Com Vítimas Feridas";"Pleno dia";"Decrescente";"Céu Claro";"Simples";"Declive;Em Obras;Reta";"Não";3;0;1;0;1;3;1;5;-11,59383384;-61,24554291;"SPRF-RO";"DEL02-RO";"UOP02-DEL02-RO"
528592;2023-06-10;"sábado";"17:04:00";"SP";116;206;"GUARULHOS";"Manobra de mudança de faixa";"Colisão lateral mesmo sentido";"Com Vítimas Feridas";"Pleno dia";"Decrescente";"Nublado";"Múltipla";"Reta";"Sim";4;0;2;0;1;1;2;3;-23,41722629;-46,37510292;"SPRF-SP";"DEL01-SP";"UOP01-DEL01-SP"
528593;2023-06-10;"sábado";"16:40:00";"PE";101;78;"RECIFE";"Acessar a via sem observar a presença dos outros veículos";"Colisão lateral mesmo sentido";"Com Vítimas Feridas";"Pleno dia";"Crescente";"Céu Claro";"Dupla";"Reta";"Sim";2;0;0;1;1;0;1;2;-8,13496499;-34,94738614;"SPRF-PE";"DEL01-PE";"UOP01-DEL01-PE"
528601;2023-06-10;"sábado";"12:00:00";"MG";262;417,8;"PARA DE MINAS";"Reação tardia ou ineficiente do condutor";"Saída de leito carroçável";"Com Vítimas Feridas";"Pleno dia";"Decrescente";"Sol";"Dupla";"Reta";"Sim";2;0;1;0;0;1;1;2;-19,90564403;-44,68893403;"SPRF-MG";"DEL08-MG";"UOP03-DEL08-MG"
528602;2023-06-10;"sábado";"16:42:00";"GO";60;7;"SANTO ANTONIO DO DESCOBERTO";"Condutor Dormindo";"Saída de leito carroçável";"Sem Vítimas";"Pleno dia";"Decrescente";"Céu Claro";"Dupla";"Reta;Declive";"Não";1;0;0;0;1;0;0;1;-16,1033;-48,2922;"SPRF-DF";"DEL03-DF";"UOP01-DEL03-DF"
528605;2023-06-10;"sábado";"17:30:00";"MG";40;628;"CONSELHEIRO LAFAIETE";"Acessar a via sem observar a presença dos outros veículos";"Colisão lateral mesmo sentido";"Com Vítimas Feridas";"Anoitecer";"Crescente";"Céu Claro";"Simples";"Interseção de Vias;Reta";"Não";6;0;2;1;2;1;3;4;-20,64410984;-43,81128176;"SPRF-MG";"DEL05-MG";"UOP02-DEL05-MG"
528617;2023-06-10;"sábado";"16:00:00";"MG";381;726,2;"CARMO DA CACHOEIRA";"Velocidade Incompatível";"Tombamento";"Com Vítimas Feridas";"Pleno dia";"Decrescente";"Céu Claro";"Dupla";"Curva";"Não";2;0;1;0;0;1;1;2;-21,50846497;-45,21540331;"SPRF-MG";"DEL04-MG";"UOP02-DEL04-MG"
528621;2023-06-10;"sábado";"16:05:00";"CE";116;229;"ALTO SANTO";"Chuva";"Saída de leito carroçável";"Com Vítimas Feridas";"Pleno dia";"Decrescente";"Chuva";"Simples";"Curva";"Não";3;0;1;0;2;0;1;1;-5,39895918;-38,24067187;"SPRF-CE";"DEL03-CE";"UOP01-DEL03-CE"
528623;2023-06-10;"sábado";"17:20:00";"TO";153;202;"NOVA OLINDA";"Transitar na contramão";"Colisão lateral sentido oposto";"Com Vítimas Feridas";"Anoitecer";"Decrescente";"Céu Claro";"Simples";"Reta";"Não";4;0;0;2;0;3;2;4;-7,66626598;-48,42565937;"SPRF-TO";"DEL02-TO";"UOP01-DEL02-TO"
528634;2023-06-10;"sábado";"20:14:00";"SC";101;228,7;"PALHOCA";"Reação tardia ou ineficiente do condutor";"Colisão traseira";"Com Vítimas Feridas";"Plena Noite";"Crescente";"Nublado";"Dupla";"Reta";"Não";3;0;1;0;1;1;1;3;-27,7597249;-48,63078869;"SPRF-SC";"DEL01-SC";"UOP02-DEL01-SC"
528635;2023-06-10;"sábado";"13:30:00";"MG";267;272,5;"AIURUOCA";"Reação tardia ou ineficiente do condutor";"Saída de leito carroçável";"Com Vítimas Feridas";"Pleno dia";"Crescente";"Céu Claro";"Simples";"Curva;Aclive";"Não";3;0;2;1;0;0;3;1;-21,93555445;-44,65527997;"SPRF-MG";"DEL17-MG";"UOP01-DEL17-MG"
528643;2023-06-10;"sábado";"20:10:00";"PR";277;144;"BALSA NOVA";"Reação tardia ou ineficiente do condutor";"Saída de leito carroçável";"Com Vítimas Feridas";"Plena Noite";"Decrescente";"Céu Claro";"Simples";"Reta";"Não";2;0;1;0;0;2;1;3;-25,46471887;-49,762187;"SPRF-PR";"DEL03-PR";"UOP03-DEL03-PR"
528647;2023-06-10;"sábado";"19:44:00";"SC";101;39;"JOINVILLE";"Avarias e/ou desgaste excessivo no pneu";"Queda de ocupante de veículo";"Com Vítimas Feridas";"Plena Noite";"Decrescente";"Nublado";"Dupla";"Reta";"Sim";11;0;2;0;9;0;2;6;-26,2628107;-48,90192257;"SPRF-SC";"DEL03-SC";"UOP01-DEL03-SC"
528649;2023-06-10;"sábado";"21:00:00";"MG";354;729;"POUSO ALTO";"Reação tardia ou ineficiente do condutor";"Colisão transversal";"Com Vítimas Feridas";"Plena Noite";"Decrescente";"Céu Claro";"Simples";"Curva";"Não";3;0;0;1;1;1;1;3;-22,15769397;-44,96393873;"SPRF-MG";"DEL17-MG";"UOP01-DEL17-MG"
528651;2023-06-10;"sábado";"20:30:00";"AL";101;174,6;"TEOTONIO VILELA";"Ausência de sinalização";"Colisão traseira";"Com Vítimas Feridas";"Plena Noite";"Decrescente";"Céu Claro";"Simples";"Reta";"Sim";2;0;1;0;1;0;1;2;-9,90270371;-36,35878384;"SPRF-AL";"DEL02-AL";"UOP02-DEL02-AL"
528658;2023-06-10;"sábado";"17:15:00";"RO";364;317;"PRESIDENTE MEDICI";"Acostamento em desnível";"Colisão lateral mesmo sentido";"Com Vítimas Feridas";"Pleno dia";"Crescente";"Sol";"Simples";"Reta";"Sim";4;0;1;1;1;1;2;3;-11,09335704;-61,91055507;"SPRF-RO";"DEL02-RO";"UOP01-DEL02-RO"
528661;2023-06-10;"sábado";"21:45:00";"MT";163;844;"SINOP";"Acessar a via sem observar a presença dos outros veículos";"Colisão transversal";"Com Vítimas Feridas";"Plena Noite";"Crescente";"Céu Claro";"Simples";"Interseção de Vias";"Não";3;0;0;1;1;3;1;5;-11,77806;-55,4736;"SPRF-MT";"DEL06-MT";"UOP02-DEL06-MT"
528674;2023-06-10;"sábado";"22:30:00";"SC";282;571;"NOVA ERECHIM";"Acesso irregular";"Colisão frontal";"Com Vítimas Feridas";"Plena Noite";"Decrescente";"Céu Claro";"Simples";"Reta";"Não";3;0;2;0;1;0;2;2;-26,883053;-52,939816;"SPRF-SC";"DEL07-SC";"UOP02-DEL07-SC"
528675;2023-06-10;"sábado";"23:00:00";"MS";60;368;"CAMPO GRANDE";"Ausência de reação do condutor";"Atropelamento de Pedestre";"Com Vítimas Fatais";"Plena Noite";"Decrescente";"Céu Claro";"Simples";"Reta";"Não";2;1;0;0;0;1;0;2;-20,55793089;-54,674628;"SPRF-MS";"DEL01-MS";"UOP04-DEL01-MS"
528676;2023-06-10;"sábado";"19:20:00";"MA";226;217,6;"TUNTUM";"Demais falhas mecânicas ou elétricas";"Colisão lateral sentido oposto";"Com Vítimas Feridas";"Plena Noite";"Crescente";"Céu Claro";"Simples";"Reta";"Não";3;0;1;0;1;1;1;3;-5,32145717;-44,59952498;"SPRF-MA";"DEL06-MA";"UOP01-DEL06-MA"
528678;2023-06-10;"sábado";"23:40:00";"PR";116;153;"MANDIRITUBA";"Acesso irregular";"Colisão transversal";"Sem Vítimas";"Plena Noite";"Crescente";"Céu Claro";"Simples";"Reta";"Sim";3;0;0;0;3;0;0;2;-25,86456;-49,363032;"SPRF-PR";"DEL01-PR";"UOP03-DEL01-PR"
528684;2023-06-10;"sábado";"22:10:00";"MG";116;405,9;"GOVERNADOR VALADARES";"Condutor Dormindo";"Colisão lateral sentido oposto";"Com Vítimas Fatais";"Plena Noite";"Decrescente";"Céu Claro";"Simples";"Curva";"Não";3;1;0;0;1;1;0;3;-18,81853329;-41,98467936;"SPRF-MG";"DEL06-MG";"UOP01-DEL06-MG"
528685;2023-06-11;"domingo";"00:52:00";"MG";381;510,2;"SAO JOAQUIM DE BICAS";"Ausência de reação do condutor";"Colisão traseira";"Com Vítimas Feridas";"Plena Noite";"Crescente";"Céu Claro";"Dupla";"Reta;Aclive";"Sim";3;0;1;0;1;1;1;3;-20,05689877;-44,28657532;"SPRF-MG";"DEL04-MG";"UOP03-DEL04-MG"
528694;2023-06-11;"domingo";"01:50:00";"MT";163;832;"SINOP";"Ausência de reação do condutor";"Colisão traseira";"Com Vítimas Feridas";"Plena Noite";"Crescente";"Céu Claro";"Simples";"Reta";"Não";3;0;0;1;2;0;1;2;-12,0138;-55,51719;"SPRF-MT";"DEL06-MT";"UOP02-DEL06-MT"
528710;2023-06-11;"domingo";"01:20:00";"PB";405;1;"UIRAUNA";"Reação tardia ou ineficiente do condutor";"Colisão traseira";"Com Vítimas Fatais";"Plena Noite";"Decrescente";"Céu Claro";"Simples";"Reta;Declive";"Não";2;1;0;0;0;1;0;2;-6,461908;-38,378624;"SPRF-PB";"DEL03-PB";"UOP03-DEL03-PB"
528713;2023-06-11;"domingo";"04:20:00";"PE";423;75,6;"JUCATI";"Transitar na contramão";"Colisão frontal";"Com Vítimas Fatais";"Amanhecer";"Decrescente";"Nevoeiro/Neblina";"Simples";"Declive";"Não";2;1;0;0;1;0;0;2;-8,72421234;-36,42879161;"SPRF-PE";"DEL03-PE";"UOP01-DEL03-PE"
528724;2023-06-11;"domingo";"05:40:00";"ES";101;45;"CONCEICAO DA BARRA";"Pedestre andava na pista";"Atropelamento de Pedestre";"Com Vítimas Fatais";"Amanhecer";"Crescente";"Nevoeiro/Neblina";"Simples";"Reta";"Não";2;1;1;0;0;0;1;2;-18,54283908;-39,90546928;"SPRF-ES";"DEL04-ES";"UOP02-DEL04-ES"
528726;2023-06-11;"domingo";"03:40:00";"MA";316;597,5;"TIMON";"Ingestão de álcool pelo condutor";"Colisão lateral sentido oposto";"Com Vítimas Feridas";"Plena Noite";"Decrescente";"Céu Claro";"Simples";"Reta";"Não";2;0;1;0;1;0;1;2;-5,0178443;-42,98703432;"SPRF-MA";"DEL03-MA";"UOP02-DEL03-MA"
528730;2023-06-11;"domingo";"05:50:00";"BA";116;835;"VITORIA DA CONQUISTA";"Desrespeitar a preferência no cruzamento";"Colisão transversal";"Com Vítimas Feridas";"Pleno dia";"Crescente";"Nublado";"Simples";"Reta";"Não";3;0;1;0;1;1;1;3;-14,950343;-40,899516;"SPRF-BA";"DEL08-BA";"UOP01-DEL08-BA"
528742;2023-06-11;"domingo";"07:40:00";"PE";232;5;"RECIFE";"Condutor deixou de manter distância do veículo da frente";"Colisão traseira";"Sem Vítimas";"Pleno dia";"Crescente";"Chuva";"Simples";"Reta";"Sim";3;0;0;0;2;1;0;3;-8,067931;-34,946972;"SPRF-PE";"DEL01-PE";"UOP01-DEL01-PE"
528747;2023-06-11;"domingo";"02:30:00";"RJ";40;94;"DUQUE DE CAXIAS";"Reação tardia ou ineficiente do condutor";"Saída de leito carroçável";"Com Vítimas Feridas";"Plena Noite";"Crescente";"Céu Claro";"Simples";"Curva;Declive";"Não";45;0;6;0;38;1;6;2;-22,55763285;-43,26574352;"SPRF-RJ";"DEL01-RJ";"UOP01-DEL01-RJ"
528754;2023-06-11;"domingo";"07:48:00";"MG";381;581;"CARMOPOLIS DE MINAS";"Reação tardia ou ineficiente do condutor";"Colisão traseira";"Com Vítimas Feridas";"Pleno dia";"Decrescente";"Céu Claro";"Dupla";"Reta;Aclive";"Não";4;0;1;0;2;1;1;3;-20,49836082;-44,60793614;"SPRF-MG";"DEL04-MG";"UOP01-DEL04-MG"
528757;2023-06-11;"domingo";"09:30:00";"BA";116;598;"IRAJUBA";"Manobra de mudança de faixa";"Colisão lateral mesmo sentido";"Com Vítimas Feridas";"Pleno dia";"Decrescente";"Céu Claro";"Simples";"Aclive;Curva";"Não";4;0;2;0;1;1;2;4;-13,2198614;-40,0290421;"SPRF-BA";"DEL03-BA";"UOP02-DEL03-BA"
528761;2023-06-11;"domingo";"06:50:00";"MA";226;310,2;"BARRA DO CORDA";"Transitar na contramão";"Colisão frontal";"Com Vítimas Fatais";"Pleno dia";"Crescente";"Céu Claro";"Simples";"Reta";"Não";3;1;0;0;1;2;0;4;-5,44287605;-45,30622904;"SPRF-MA";"DEL06-MA";"UOP01-DEL06-MA"
528765;2023-06-11;"domingo";"11:05:00";"MG";381;584,3;"CARMOPOLIS DE MINAS";"Condutor Dormindo";"Colisão traseira";"Com Vítimas Feridas";"Pleno dia";"Crescente";"Céu Claro";"Dupla";"Reta";"Não";8;0;2;2;3;1;4;3;-20,52949002;-44,63874994;"SPRF-MG";"DEL04-MG";"UOP01-DEL04-MG"
528773;2023-06-11;"domingo";"10:40:00";"PI";316;318;"PICOS";"Condutor deixou de manter distância do veículo da frente";"Colisão traseira";"Com Vítimas Feridas";"Pleno dia";"Decrescente";"Céu Claro";"Simples";"Reta";"Não";3;0;0;1;1;2;1;4;-7,08606465;-41,40601287;"SPRF-PI";"DEL04-PI";"UOP01-DEL04-PI"
528777;2023-06-11;"domingo";"11:11:00";"PR";116;31;"CAMPINA GRANDE DO SUL";"Velocidade Incompatível";"Saída de leito carroçável";"Com Vítimas Feridas";"Pleno dia";"Decrescente";"Céu Claro";"Dupla";"Curva";"Não";2;0;1;0;0;1;1;2;-25,109121;-48,828196;"SPRF-PR";"DEL01-PR";"UOP02-DEL01-PR"
528788;2023-06-11;"domingo";"12:20:00";"RS";290;80,5;"GRAVATAI";"Ausência de reação do condutor";"Colisão traseira";"Com Vítimas Feridas";"Pleno dia";"Decrescente";"Nublado";"Múltipla";"Reta";"Sim";4;0;1;0;2;1;1;3;-29,95343;-51,058449;"SPRF-RS";"DEL01-RS";"UOP01-DEL01-RS"
528792;2023-06-11;"domingo";"08:20:00";"SP";116;544,8;"BARRA DO TURVO";"Velocidade Incompatível";"Colisão com objeto";"Com Vítimas Feridas";"Pleno dia";"Decrescente";"Céu Claro";"Simples";"Curva;Declive";"Não";2;0;1;0;0;1;1;2;-24,95781406;-48,42123049;"SPRF-SP";"DEL05-SP";"UOP02-DEL05-SP"
528801;2023-06-11;"domingo";"13:15:00";"MS";163;37,1;"ELDORADO";"Ausência de reação do condutor";"Engavetamento";"Com Vítimas Fatais";"Pleno dia";"Crescente";"Nublado";"Simples";"Reta;Declive";"Não";8;2;0;1;4;4;1;9;-23,80317571;-54,3038891;"SPRF-MS";"DEL09-MS";"UOP02-DEL09-MS"
528802;2023-06-11;"domingo";"13:15:00";"MG";40;758,8;"EWBANK DA CAMARA";"Condutor deixou de manter distância do veículo da frente";"Engavetamento";"Com Vítimas Feridas";"Pleno dia";"Crescente";"Céu Claro";"Simples";"Reta";"Não";8;0;3;0;5;0;3;4;-21,51149748;-43,5259874;"SPRF-MG";"DEL05-MG";"UOP01-DEL05-MG"
528807;2023-06-11;"domingo";"14:50:00";"MG";40;373;"FELIXLANDIA";"Acostamento em desnível";"Colisão lateral sentido oposto";"Com Vítimas Feridas";"Pleno dia";"Decrescente";"Céu Claro";"Simples";"Aclive;Reta";"Não";6;0;2;1;2;2;3;5;-18,83569098;-44,77192198;"SPRF-MG";"DEL02-MG";"UOP01-DEL02-MG"
528809;2023-06-11;"domingo";"06:00:00";"MG";153;203,5;"FRUTAL";"Condutor Dormindo";"Saída de leito carroçável";"Com Vítimas Feridas";"Amanhecer";"Decrescente";"Céu Claro";"Simples";"Declive";"Não";2;0;1;0;0;3;1;4;-20,01723093;-49,04675064;"SPRF-MG";"DEL13-MG";"UOP02-DEL13-MG"
528810;2023-06-11;"domingo";"14:50:00";"SC";470;130;"LONTRAS";"Reação tardia ou ineficiente do condutor";"Colisão traseira";"Sem Vítimas";"Pleno dia";"Decrescente";"Chuva";"Simples";"Reta";"Não";4;0;0;0;4;0;0;4;-27,148499;-49,556137;"SPRF-SC";"DEL04-SC";"UOP02-DEL04-SC"
528811;2023-06-11;"domingo";"13:30:00";"MG";381;837;"SAO SEBASTIAO DA BELA VISTA";"Carga excessiva e/ou mal acondicionada";"Saída de leito carroçável";"Com Vítimas Feridas";"Pleno dia";"Decrescente";"Céu Claro";"Dupla";"Curva";"Não";1;0;1;0;0;0;1;1;-22,18544691;-45,84411022;"SPRF-MG";"DEL16-MG";"UOP01-DEL16-MG"
528826;2023-06-11;"domingo";"14:50:00";"PR";153;494;"GENERAL CARNEIRO";"Chuva";"Saída de leito carroçável";"Com Vítimas Feridas";"Pleno dia";"Decrescente";"Chuva";"Simples";"Curva;Declive";"Não";1;0;1;0;0;0;1;1;-26,46504095;-51,32383347;"SPRF-PR";"DEL02-PR";"UOP03-DEL02-PR"
528841;2023-06-11;"domingo";"14:20:00";"MA";135;81,7;"ITAPECURU MIRIM";"Manobra de mudança de faixa";"Colisão frontal";"Com Vítimas Fatais";"Pleno dia";"Crescente";"Sol";"Simples";"Reta";"Não";3;1;0;0;1;1;0;3;-3,22929609;-44,3649149;"SPRF-MA";"DEL01-MA";"UOP02-DEL01-MA"
528857;2023-06-11;"domingo";"14:00:00";"MT";364;485,8;"JANGADA";"Ingestão de álcool pelo condutor";"Colisão lateral sentido oposto";"Com Vítimas Feridas";"Pleno dia";"Decrescente";"Céu Claro";"Múltipla";"Reta;Declive";"Não";3;0;1;0;1;2;1;4;-15,36640171;-56,40847758;"SPRF-MT";"DEL01-MT";"UOP02-DEL01-MT"
528872;2023-06-11;"domingo";"18:15:00";"BA";367;68;"PORTO SEGURO";"Transitar na contramão";"Colisão frontal";"Com Vítimas Fatais";"Anoitecer";"Crescente";"Céu Claro";"Simples";"Reta";"Não";4;2;1;0;1;0;1;2;-16,38725526;-39,45086677;"SPRF-BA";"DEL09-BA";"UOP03-DEL09-BA"
528883;2023-06-11;"domingo";"18:35:00";"PR";163;199,6;"CASCAVEL";"Transitar na contramão";"Colisão frontal";"Com Vítimas Feridas";"Plena Noite";"Crescente";"Chuva";"Simples";"Reta;Declive";"Não";6;0;2;2;1;1;4;3;-25,00655604;-53,55484463;"SPRF-PR";"DEL05-PR";"UOP05-DEL05-PR"
528888;2023-06-11;"domingo";"15:30:00";"PR";277;311;"GUARAPUAVA";"Velocidade Incompatível";"Colisão frontal";"Com Vítimas Feridas";"Pleno dia";"Crescente";"Chuva";"Simples";"Reta";"Não";3;0;0;1;1;5;1;7;-25,31576601;-51,18861896;"SPRF-PR";"DEL08-PR";"UOP01-DEL08-PR"
528892;2023-06-11;"domingo";"15:50:00";"PR";376;345,5;"ORTIGUEIRA";"Carga excessiva e/ou mal acondicionada";"Saída de leito carroçável";"Sem Vítimas";"Pleno dia";"Decrescente";"Céu Claro";"Simples";"Curva;Aclive";"Não";1;0;0;0;1;0;0;1;-24,20950613;-50,94230475;"SPRF-PR";"DEL07-PR";"UOP02-DEL07-PR"
528893;2023-06-11;"domingo";"19:45:00";"BA";116;672;"JEQUIE";"Trafegar com motocicleta (ou similar) entre as faixas";"Colisão lateral sentido oposto";"Com Vítimas Feridas";"Plena Noite";"Crescente";"Céu Claro";"Simples";"Reta";"Sim";3;0;1;0;1;1;1;3;-13,79970305;-40,11130458;"SPRF-BA";"DEL03-BA";"UOP01-DEL03-BA"
528894;2023-06-11;"domingo";"20:30:00";"SC";101;134;"BALNEARIO CAMBORIU";"Acessar a via sem observar a presença dos outros veículos";"Colisão transversal";"Sem Vítimas";"Plena Noite";"Decrescente";"Chuva";"Múltipla";"Reta";"Sim";6;0;0;0;5;1;0;4;-27,00233899;-48,63562703;"SPRF-SC";"DEL04-SC";"UOP03-DEL04-SC"
528898;2023-06-11;"domingo";"19:30:00";"MT";70;500;"CUIABA";"Demais falhas mecânicas ou elétricas";"Incêndio";"Sem Vítimas";"Plena Noite";"Crescente";"Ignorado";"Simples";"Reta";"Não";2;0;0;0;1;1;0;2;-15,68206569;-55,92335686;"SPRF-MT";"DEL01-MT";"UOP02-DEL01-MT"
528899;2023-06-11;"domingo";"20:50:00";"PE";101;78;"JABOATAO DOS GUARARAPES";"Manobra de mudança de faixa";"Colisão lateral mesmo sentido";"Sem Vítimas";"Plena Noite";"Crescente";"Chuva";"Dupla";"Reta";"Não";2;0;0;0;2;0;0;2;-8,13496499;-34,94738614;"SPRF-PE";"DEL01-PE";"UOP01-DEL01-PE"
528901;2023-06-11;"domingo";"19:15:00";"SC";282;333;"CAMPOS NOVOS";"Reação tardia ou ineficiente do condutor";"Colisão frontal";"Sem Vítimas";"Plena Noite";"Decrescente";"Chuva";"Simples";"Reta";"Não";2;0;0;0;1;1;0;2;-27,392469;-51,135845;"SPRF-SC";"DEL07-SC";"UOP06-DEL07-SC"
528908;2023-06-11;"domingo";"19:28:00";"PA";163;591;"TRAIRAO";"Ultrapassagem Indevida";"Colisão frontal";"Com Vítimas Fatais";"Plena Noite";"Decrescente";"Céu Claro";"Simples";"Reta";"Não";4;2;1;0;0;3;1;5;-4,90250197;-56,18616339;"SPRF-PA";"DEL05-PA";"UOP02-DEL05-PA"
528928;2023-06-11;"domingo";"12:05:00";"GO";452;93;"BOM JESUS DE GOIAS";"Condutor Dormindo";"Colisão traseira";"Com Vítimas Feridas";"Pleno dia";"Crescente";"Céu Claro";"Simples";"Reta";"Não";3;0;0;1;1;3;1;5;-18,10606455;-50,06132783;"SPRF-GO";"DEL03-GO";"UOP02-DEL03-GO"
528935;2023-06-11;"domingo";"13:50:00";"PA";10;113,6;"PARAGOMINAS";"Ultrapassagem Indevida";"Colisão lateral mesmo sentido";"Com Vítimas Feridas";"Pleno dia";"Decrescente";"Céu Claro";"Simples";"Reta;Declive";"Não";9;0;3;0;4;3;3;6;-3,45303094;-47,46374718;"SPRF-PA";"DEL02-PA";"UOP02-DEL02-PA"
528938;2023-06-11;"domingo";"21:00:00";"BA";101;751;"ITABELA";"Velocidade Incompatível";"Saída de leito carroçável";"Com Vítimas Feridas";"Plena Noite";"Decrescente";"Céu Claro";"Simples";"Curva";"Não";1;0;1;0;0;0;1;1;-16,76698299;-39,47088666;"SPRF-BA";"DEL09-BA";"UOP01-DEL09-BA"
528939;2023-06-11;"domingo";"23:15:00";"AL";101;38,8;"JOAQUIM GOMES";"Condutor Dormindo";"Saída de leito carroçável";"Com Vítimas Feridas";"Plena Noite";"Decrescente";"Garoa/Chuvisco";"Dupla";"Reta";"Não";2;0;1;0;0;1;1;2;-9,14817905;-35,7687835;"SPRF-AL";"DEL01-AL";"UOP02-DEL01-AL"
528949;2023-06-11;"domingo";"21:30:00";"PR";277;20,9;"MORRETES";"Demais falhas mecânicas ou elétricas";"Saída de leito carroçável";"Com Vítimas Feridas";"Plena Noite";"Decrescente";"Chuva";"Dupla";"Curva";"Não";2;0;1;0;0;3;1;4;-25,53345785;-48,71578217;"SPRF-PR";"DEL01-PR";"UOP05-DEL01-PR"
528952;2023-06-12;"segunda-feira";"03:25:00";"PR";116;143,8;"MANDIRITUBA";"Falta de acostamento";"Atropelamento de Pedestre";"Com Vítimas Feridas";"Plena Noite";"Decrescente";"Chuva";"Dupla";"Aclive";"Não";2;0;0;1;1;0;1;2;-25,75533595;-49,31864209;"SPRF-PR";"DEL01-PR";"UOP03-DEL01-PR"
528956;2023-06-12;"segunda-feira";"04:40:00";"MG";381;376;"SAO GONCALO DO RIO ABAIXO";"Condutor Dormindo";"Colisão frontal";"Com Vítimas Fatais";"Plena Noite";"Decrescente";"Céu Claro";"Simples";"Curva;Declive";"Não";4;1;1;0;0;2;1;3;-19,83666149;-43,33681685;"SPRF-MG";"DEL01-MG";"UOP01-DEL01-MG"
528959;2023-06-12;"segunda-feira";"04:40:00";"SC";101;39;"JOINVILLE";"Ausência de reação do condutor";"Colisão com objeto";"Com Vítimas Feridas";"Plena Noite";"Crescente";"Chuva";"Dupla";"Curva";"Não";1;0;1;0;0;0;1;1;-26,2628107;-48,90192257;"SPRF-SC";"DEL03-SC";"UOP01-DEL03-SC"
528960;2023-06-12;"segunda-feira";"05:16:00";"CE";20;403;"CAUCAIA";"Ingestão de álcool pelo condutor";"Colisão transversal";"Com Vítimas Feridas";"Amanhecer";"Decrescente";"Céu Claro";"Simples";"Retorno Regulamentado";"Não";3;0;1;0;2;0;1;3;-3,78330069;-38,69351522;"SPRF-CE";"DEL01-CE";"UOP01-DEL01-CE"
528963;2023-06-12;"segunda-feira";"05:45:00";"SP";116;342;"MIRACATU";"Pedestre cruzava a pista fora da faixa";"Atropelamento de Pedestre";"Com Vítimas Fatais";"Plena Noite";"Decrescente";"Nublado";"Dupla";"Reta";"Não";2;1;0;0;0;1;0;2;-24,01625202;-47,16797896;"SPRF-SP";"DEL04-SP";"UOP03-DEL04-SP"
528965;2023-06-12;"segunda-feira";"05:30:00";"MG";40;479,4;"SETE LAGOAS";"Condutor Dormindo";"Colisão traseira";"Com Vítimas Feridas";"Amanhecer";"Crescente";"Céu Claro";"Dupla";"Reta;Aclive";"Não";3;0;1;1;1;0;2;2;-19,53622599;-44,25468498;"SPRF-MG";"DEL02-MG";"UOP01-DEL02-MG"
528967;2023-06-11;"domingo";"21:10:00";"BA";101;877;"TEIXEIRA DE FREITAS";"Acessar a via sem observar a presença dos outros veículos";"Colisão transversal";"Com Vítimas Feridas";"Plena Noite";"Decrescente";"Nublado";"Simples";"Reta";"Não";2;0;0;1;1;0;1;2;-17,53871238;-39,7147572;"SPRF-BA";"DEL09-BA";"UOP02-DEL09-BA"
528975;2023-06-12;"segunda-feira";"07:00:00";"SC";470;62,7;"BLUMENAU";"Chuva";"Colisão frontal";"Com Vítimas Feridas";"Amanhecer";"Crescente";"Chuva";"Simples";"Curva";"Não";4;0;1;1;1;1;2;4;-26,874521;-49,182938;"SPRF-SC";"DEL04-SC";"UOP01-DEL04-SC"
528977;2023-06-12;"segunda-feira";"03:40:00";"BA";101;335;"PRESIDENTE TANCREDO NEVES";"Velocidade Incompatível";"Colisão frontal";"Com Vítimas Fatais";"Amanhecer";"Crescente";"Nevoeiro/Neblina";"Simples";"Curva";"Sim";4;2;0;0;1;3;0;5;-13,509036;-39,448159;"SPRF-BA";"DEL05-BA";"UOP03-DEL05-BA"
528983;2023-06-12;"segunda-feira";"07:30:00";"SC";101;186;"BIGUACU";"Velocidade Incompatível";"Colisão com objeto";"Sem Vítimas";"Pleno dia";"Crescente";"Chuva";"Dupla";"Curva";"Não";2;0;0;0;2;0;0;2;-27,4341098;-48,62567129;"SPRF-SC";"DEL01-SC";"UOP01-DEL01-SC"
528989;2023-06-12;"segunda-feira";"07:00:00";"PR";376;616;"SAO JOSE DOS PINHAIS";"Acessar a via sem observar a presença dos outros veículos";"Colisão transversal";"Sem Vítimas";"Amanhecer";"Crescente";"Garoa/Chuvisco";"Dupla";"Curva";"Não";3;0;0;0;2;1;0;3;-25,57620148;-49,17995453;"SPRF-PR";"DEL01-PR";"UOP04-DEL01-PR"