"id";"data_inversa";"dia_semana";"horario";"uf";"br";"km";"municipio";"causa_acidente";"tipo_acidente";"classificacao_acidente";"fase_dia";"sentido_via";"condicao_metereologica";"tipo_pista";"tracado_via";"uso_solo";"pessoas";"mortos";"feridos_leves";"feridos_graves";"ilesos";"ignorados";"feridos";"veiculos";"latitude";"longitude";"regional";"delegacia";"uop"
528994;2023-06-12;"segunda-feira";"06:55:00";"SP";381;25,4;"ATIBAIA";"Condutor deixou de manter distância do veículo da frente";"Engavetamento";"Com Vítimas Feridas";"Pleno dia";"Crescente";"Sol";"Dupla";"Reta";"Sim";5;0;2;0;3;0;2;5;-23,02018004;-46,52966596;"SPRF-SP";"DEL03-SP";"UOP02-DEL03-SP"
528995;2023-06-12;"segunda-feira";"07:15:00";"MG";262;407,7;"PARA DE MINAS";"Demais Fenômenos da natureza";"Colisão traseira";"Com Vítimas Feridas";"Pleno dia";"Decrescente";"Céu Claro";"Dupla";"Aclive";"Não";7;0;0;4;2;3;4;5;-19,88288286;-44,60782994;"SPRF-MG";"DEL08-MG";"UOP03-DEL08-MG"
529000;2023-06-12;"segunda-feira";"05:45:00";"SC";282;421,3;"VARGEM BONITA";"Manobra de mudança de faixa";"Colisão frontal";"Com Vítimas Feridas";"Amanhecer";"Crescente";"Chuva";"Simples";"Curva";"Não";2;0;1;0;1;0;1;2;-27,00980453;-51,73554182;"SPRF-SC";"DEL07-SC";"UOP05-DEL07-SC"
529001;2023-06-12;"segunda-feira";"08:30:00";"RS";392;87;"PELOTAS";"Desrespeitar a preferência no cruzamento";"Colisão transversal";"Com Vítimas Feridas";"Pleno dia";"Crescente";"Céu Claro";"Simples";"Reta";"Não";2;0;0;1;1;0;1;2;-31,62766;-52,499901;"SPRF-RS";"DEL07-RS";"UOP01-DEL07-RS"
529012;2023-06-12;"segunda-feira";"06:20:00";"BA";116;797,8;"VITORIA DA CONQUISTA";"Manobra de mudança de faixa";"Colisão lateral sentido oposto";"Com Vítimas Feridas";"Pleno dia";"Decrescente";"Nublado";"Simples";"Reta";"Não";6;0;3;0;2;1;3;4;-14,69663096;-40,57562802;"SPRF-BA";"DEL08-BA";"UOP02-DEL08-BA"
529015;2023-06-12;"segunda-feira";"09:00:00";"SP";116;414;"JUQUIA";"Ausência de reação do condutor";"Colisão transversal";"Com Vítimas Feridas";"Pleno dia";"Decrescente";"Nublado";"Dupla";"Reta";"Sim";5;0;1;0;2;2;1;4;-24,33164;-47,632774;"SPRF-SP";"DEL05-SP";"UOP01-DEL05-SP"
529016;2023-06-12;"segunda-feira";"08:40:00";"PR";277;70,5;"SAO JOSE DOS PINHAIS";"Velocidade Incompatível";"Colisão traseira";"Sem Vítimas";"Pleno dia";"Crescente";"Chuva";"Dupla";"Curva;Viaduto";"Não";3;0;0;0;2;3;0;5;-25,51022203;-49,12887096;"SPRF-PR";"DEL01-PR";"UOP01-DEL01-PR"
529018;2023-06-12;"segunda-feira";"09:35:00";"PE";101;68;"RECIFE";"Reação tardia ou ineficiente do condutor";"Colisão traseira";"Com Vítimas Feridas";"Pleno dia";"Decrescente";"Céu Claro";"Dupla";"Reta";"Sim";3;0;1;0;2;0;1;3;-8,057674;-34,946116;"SPRF-PE";"DEL01-PE";"UOP01-DEL01-PE"
529020;2023-06-12;"segunda-feira";"08:15:00";"MT";163;119;"RONDONOPOLIS";"Ultrapassagem Indevida";"Colisão lateral mesmo sentido";"Com Vítimas Feridas";"Pleno dia";"Decrescente";"Nublado";"Dupla";"Reta";"Sim";3;0;0;1;0;2;1;3;-16,505412;-54,65154;"SPRF-MT";"DEL02-MT";"UOP01-DEL02-MT"
529029;2023-06-12;"segunda-feira";"09:10:00";"PR";277;3;"PARANAGUA";"Ingestão de álcool pelo condutor";"Colisão traseira";"Com Vítimas Feridas";"Pleno dia";"Crescente";"Chuva";"Simples";"Curva";"Sim";3;0;1;0;1;2;1;4;-25,5358229;-48,55547839;"SPRF-PR";"DEL01-PR";"UOP05-DEL01-PR"
529031;2023-06-12;"segunda-feira";"07:40:00";"PA";155;344;"MARABA";"Reação tardia ou ineficiente do condutor";"Colisão transversal";"Com Vítimas Feridas";"Pleno dia";"Decrescente";"Céu Claro";"Simples";"Reta";"Não";2;0;1;0;1;0;1;2;-5,36957395;-49,07796968;"SPRF-PA";"DEL03-PA";"UOP01-DEL03-PA"
529036;2023-04-19;"quarta-feira";"08:40:00";"MA";135;169;"SAO MATEUS DO MARANHAO";"Ausência de reação do condutor";"Tombamento";"Com Vítimas Feridas";"Pleno dia";"Decrescente";"Nublado";"Simples";"Reta";"Não";2;0;1;0;0;2;1;3;-3,92286;-44,480053;"SPRF-MA";"DEL01-MA";"UOP02-DEL01-MA"
529037;2023-06-12;"segunda-feira";"10:15:00";"MT";70;47;"BARRA DO GARCAS";"Reação tardia ou ineficiente do condutor";"Saída de leito carroçável";"Com Vítimas Fatais";"Pleno dia";"Crescente";"Céu Claro";"Simples";"Curva;Declive";"Não";1;1;0;0;0;0;0;1;-15,74586406;-52,61386501;"SPRF-MT";"DEL07-MT";"UOP01-DEL07-MT"
529040;2023-06-12;"segunda-feira";"11:55:00";"BA";324;3;"FEIRA DE SANTANA";"Condutor deixou de manter distância do veículo da frente";"Tombamento";"Com Vítimas Feridas";"Pleno dia";"Crescente";"Céu Claro";"Dupla";"Interseção de Vias";"Sim";2;0;1;0;1;0;1;2;-12,28458313;-38,95035803;"SPRF-BA";"DEL02-BA";"UOP01-DEL02-BA"
529048;2023-06-12;"segunda-feira";"11:55:00";"RS";290;116;"ELDORADO DO SUL";"Reação tardia ou ineficiente do condutor";"Engavetamento";"Com Vítimas Feridas";"Pleno dia";"Decrescente";"Céu Claro";"Simples";"Reta";"Não";8;0;1;0;6;1;1;7;-30,046543;-51,367748;"SPRF-RS";"DEL02-RS";"UOP01-DEL02-RS"
529051;2023-06-12;"segunda-feira";"08:10:00";"SC";282;536,6;"CHAPECO";"Acessar a via sem observar a presença dos outros veículos";"Colisão transversal";"Com Vítimas Feridas";"Pleno dia";"Decrescente";"Nevoeiro/Neblina";"Simples";"Reta";"Não";3;0;1;0;1;2;1;4;-27,00046536;-52,65923023;"SPRF-SC";"DEL07-SC";"UOP01-DEL07-SC"
529053;2023-06-12;"segunda-feira";"10:00:00";"MG";364;18;"FRUTAL";"Ultrapassagem Indevida";"Colisão lateral mesmo sentido";"Com Vítimas Feridas";"Pleno dia";"Crescente";"Céu Claro";"Simples";"Retorno Regulamentado;Reta";"Não";5;0;2;0;2;3;2;6;-20,025185;-48,94096;"SPRF-MG";"DEL13-MG";"UOP02-DEL13-MG"
529057;2023-06-12;"segunda-feira";"13:30:00";"MG";381;489;"BETIM";"Condutor deixou de manter distância do veículo da frente";"Colisão traseira";"Com Vítimas Feridas";"Pleno dia";"Crescente";"Céu Claro";"Dupla";"Reta;Aclive";"Sim";4;0;1;0;2;1;1;3;-19,96245618;-44,16455495;"SPRF-MG";"DEL01-MG";"UOP03-DEL01-MG"
529059;2023-06-12;"segunda-feira";"09:30:00";"PA";308;166;"TRACUATEUA";"Afundamento ou ondulação no pavimento";"Saída de leito carroçável";"Com Vítimas Feridas";"Pleno dia";"Decrescente";"Céu Claro";"Simples";"Aclive";"Não";2;0;1;0;0;2;1;3;-1,19636331;-47,05310719;"SPRF-PA";"DEL01-PA";"UOP03-DEL01-PA"
529061;2023-02-28;"terça-feira";"12:30:00";"MG";116;305,2;"ITAMBACURI";"Curva acentuada";"Tombamento";"Com Vítimas Feridas";"Pleno dia";"Crescente";"Céu Claro";"Simples";"Curva";"Não";3;0;2;0;0;1;2;2;-18,03188584;-41,65290534;"SPRF-MG";"DEL11-MG";"UOP01-DEL11-MG"
529063;2023-06-12;"segunda-feira";"14:00:00";"PE";101;78;"JABOATAO DOS GUARARAPES";"Demais falhas mecânicas ou elétricas";"Incêndio";"Sem Vítimas";"Pleno dia";"Decrescente";"Sol";"Múltipla";"Reta";"Sim";2;0;0;0;1;1;0;2;-8,13496499;-34,94738614;"SPRF-PE";"DEL01-PE";"UOP01-DEL01-PE"
529064;2023-06-12;"segunda-feira";"13:30:00";"MT";163;556;"DIAMANTINO";"Transitar na contramão";"Colisão frontal";"Com Vítimas Fatais";"Pleno dia";"Crescente";"Céu Claro";"Simples";"Reta";"Não";2;1;0;0;1;0;0;2;-14,32460057;-56,14356995;"SPRF-MT";"DEL01-MT";"UOP01-DEL01-MT"
529067;2023-02-20;"segunda-feira";"18:31:00";"CE";222;79,9;"SAO LUIS DO CURU";"Problema com o freio";"Tombamento";"Sem Vítimas";"Anoitecer";"Decrescente";"Nublado";"Simples";"Reta";"Não";2;0;0;0;1;3;0;4;-3,68121595;-39,27869797;"SPRF-CE";"DEL04-CE";"UOP03-DEL04-CE"
529073;2023-06-12;"segunda-feira";"14:15:00";"RS";290;372,1;"VILA NOVA DO SUL";"Condutor deixou de manter distância do veículo da frente";"Colisão traseira";"Com Vítimas Feridas";"Pleno dia";"Decrescente";"Céu Claro";"Simples";"Em Obras;Reta";"Sim";5;0;1;0;3;1;1;3;-30,339338;-53,87907;"SPRF-RS";"DEL09-RS";"UOP02-DEL09-RS"
529086;2023-06-12;"segunda-feira";"16:40:00";"SC";282;64;"RANCHO QUEIMADO";"Ausência de reação do condutor";"Colisão frontal";"Com Vítimas Feridas";"Anoitecer";"Crescente";"Chuva";"Simples";"Curva";"Não";3;0;1;0;1;1;1;3;-27,696323;-49,052456;"SPRF-SC";"DEL01-SC";"UOP03-DEL01-SC"
529088;2023-06-12;"segunda-feira";"12:20:00";"PR";277;153;"PORTO AMAZONAS";"Velocidade Incompatível";"Saída de leito carroçável";"Com Vítimas Feridas";"Pleno dia";"Decrescente";"Chuva";"Dupla";"Curva;Declive";"Não";2;0;0;1;0;1;1;2;-25,4782054;-49,85591412;"SPRF-PR";"DEL03-PR";"UOP03-DEL03-PR"
529089;2023-06-12;"segunda-feira";"14:10:00";"BA";101;595,4;"CAMACAN";"Velocidade Incompatível";"Colisão lateral sentido oposto";"Com Vítimas Feridas";"Pleno dia";"Decrescente";"Sol";"Simples";"Curva";"Não";4;0;1;0;2;1;1;3;-15,62026199;-39,43176488;"SPRF-BA";"DEL05-BA";"UOP02-DEL05-BA"
529090;2023-06-12;"segunda-feira";"13:40:00";"PR";277;556,2;"CASCAVEL";"Demais falhas mecânicas ou elétricas";"Colisão lateral sentido oposto";"Com Vítimas Feridas";"Pleno dia";"Crescente";"Nublado";"Simples";"Curva";"Não";46;0;2;0;44;0;2;2;-25,08848857;-53,17848305;"SPRF-PR";"DEL04-PR";"UOP04-DEL04-PR"
529092;2023-05-31;"quarta-feira";"23:30:00";"BA";324;559;"SAO SEBASTIAO DO PASSE";"Condutor Dormindo";"Saída de leito carroçável";"Com Vítimas Feridas";"Plena Noite";"Decrescente";"Céu Claro";"Dupla";"Reta";"Não";1;0;1;0;0;0;1;1;-12,4857037;-38,66338557;"SPRF-BA";"DEL01-BA";"UOP03-DEL01-BA"
529094;2023-06-12;"segunda-feira";"11:30:00";"PR";376;326;"ORTIGUEIRA";"Ausência de reação do condutor";"Saída de leito carroçável";"Com Vítimas Feridas";"Pleno dia";"Crescente";"Chuva";"Simples";"Curva;Declive";"Não";3;0;0;1;1;3;1;5;-24,09427565;-51,04402976;"SPRF-PR";"DEL07-PR";"UOP02-DEL07-PR"
529095;2023-06-12;"segunda-feira";"17:00:00";"PI";343;13,6;"PARNAIBA";"Acessar a via sem observar a presença dos outros veículos";"Colisão transversal";"Com Vítimas Feridas";"Pleno dia";"Crescente";"Céu Claro";"Dupla";"Reta";"Sim";4;0;0;1;3;0;1;2;-2,919029;-41,754124;"SPRF-PI";"DEL05-PI";"UOP01-DEL05-PI"
529098;2023-06-12;"segunda-feira";"17:10:00";"CE";116;23;"EUSEBIO";"Manobra de mudança de faixa";"Colisão lateral mesmo sentido";"Com Vítimas Feridas";"Anoitecer";"Decrescente";"Céu Claro";"Múltipla";"Reta";"Não";3;0;0;1;0;2;1;2;-3,94905489;-38,51212845;"SPRF-CE";"DEL01-CE";"UOP02-DEL01-CE"
529104;2023-06-12;"segunda-feira";"18:00:00";"PE";101;50;"ABREU E LIMA";"Trafegar com motocicleta (ou similar) entre as faixas";"Colisão lateral mesmo sentido";"Com Vítimas Feridas";"Plena Noite";"Crescente";"Céu Claro";"Múltipla";"Reta";"Sim";3;0;0;1;2;0;1;3;-7,90938602;-34,90123228;"SPRF-PE";"DEL01-PE";"UOP02-DEL01-PE"
529107;2023-06-12;"segunda-feira";"15:30:00";"MG";381;477;"CONTAGEM";"Ausência de reação do condutor";"Engavetamento";"Sem Vítimas";"Pleno dia";"Decrescente";"Sol";"Dupla";"Reta";"Não";5;0;0;0;4;1;0;5;-19,96179268;-44,05041676;"SPRF-MG";"DEL01-MG";"UOP03-DEL01-MG"
529113;2023-06-12;"segunda-feira";"16:00:00";"MT";163;1098;"GUARANTA DO NORTE";"Reação tardia ou ineficiente do condutor";"Engavetamento";"Com Vítimas Feridas";"Pleno dia";"Decrescente";"Céu Claro";"Simples";"Reta";"Não";5;0;1;0;2;4;1;6;-9,682114;-54,881068;"SPRF-MT";"DEL06-MT";"UOP03-DEL06-MT"
529116;2023-06-12;"segunda-feira";"18:20:00";"SP";116;337,1;"MIRACATU";"Pedestre andava na pista";"Atropelamento de Pedestre";"Com Vítimas Fatais";"Plena Noite";"Decrescente";"Nublado";"Dupla";"Reta";"Sim";4;1;0;0;2;1;0;4;-23,9818403;-47,14564419;"SPRF-SP";"DEL04-SP";"UOP03-DEL04-SP"
529119;2023-06-12;"segunda-feira";"19:10:00";"SP";116;286,1;"ITAPECERICA DA SERRA";"Entrada inopinada do pedestre";"Atropelamento de Pedestre";"Com Vítimas Fatais";"Plena Noite";"Decrescente";"Garoa/Chuvisco";"Dupla";"Reta";"Não";2;1;0;0;1;0;0;2;-23,70925128;-46,87588966;"SPRF-SP";"DEL04-SP";"UOP01-DEL04-SP"
529124;2023-06-12;"segunda-feira";"19:15:00";"PR";277;10;"PARANAGUA";"Reação tardia ou ineficiente do condutor";"Saída de leito carroçável";"Com Vítimas Feridas";"Plena Noite";"Crescente";"Chuva";"Dupla";"Reta";"Não";2;0;1;0;0;2;1;3;-25,568198;-48,615292;"SPRF-PR";"DEL01-PR";"UOP05-DEL01-PR"
529129;2023-06-12;"segunda-feira";"17:30:00";"TO";153;244;"COLINAS DO TOCANTINS";"Ausência de reação do condutor";"Colisão traseira";"Sem Vítimas";"Anoitecer";"Crescente";"Céu Claro";"Simples";"Reta";"Não";4;0;0;0;3;3;0;6;-8,02983501;-48,46574949;"SPRF-TO";"DEL02-TO";"UOP01-DEL02-TO"
529130;2023-06-12;"segunda-feira";"17:00:00";"RJ";116;263;"PINHEIRAL";"Condutor deixou de manter distância do veículo da frente";"Colisão traseira";"Com Vítimas Feridas";"Pleno dia";"Crescente";"Céu Claro";"Dupla";"Reta";"Sim";5;0;1;0;3;2;1;5;-22,59220328;-44,06782285;"SPRF-RJ";"DEL07-RJ";"UOP02-DEL07-RJ"
529132;2023-06-12;"segunda-feira";"14:30:00";"PA";163;891;"BELTERRA";"Demais falhas mecânicas ou elétricas";"Colisão com objeto";"Com Vítimas Feridas";"Pleno dia";"Crescente";"Sol";"Simples";"Reta;Declive";"Não";4;0;0;2;1;2;2;4;-3,315668;-54,93342101;"SPRF-PA";"DEL05-PA";"UOP01-DEL05-PA"
529138;2023-06-12;"segunda-feira";"17:15:00";"MT";163;541,9;"DIAMANTINO";"Reação tardia ou ineficiente do condutor";"Saída de leito carroçável";"Com Vítimas Feridas";"Anoitecer";"Crescente";"Nublado";"Simples";"Reta";"Não";3;0;1;0;0;3;1;4;-14,2806743;-56,15216039;"SPRF-MT";"DEL01-MT";"UOP01-DEL01-MT"
529139;2023-06-12;"segunda-feira";"19:30:00";"MS";60;40,3;"PARAISO DAS AGUAS";"Reação tardia ou ineficiente do condutor";"Colisão frontal";"Com Vítimas Feridas";"Plena Noite";"Crescente";"Nublado";"Simples";"Reta";"Não";5;0;1;0;3;2;1;4;-18,95962635;-52,82309093;"SPRF-MS";"DEL08-MS";"UOP01-DEL08-MS"
529142;2023-06-12;"segunda-feira";"18:40:00";"MT";364;163;"PEDRA PRETA";"Avarias e/ou desgaste excessivo no pneu";"Incêndio";"Sem Vítimas";"Plena Noite";"Crescente";"Céu Claro";"Simples";"Reta";"Não";2;0;0;0;1;1;0;2;-16,69556569;-54,28440252;"SPRF-MT";"DEL02-MT";"UOP01-DEL02-MT"
529146;2023-06-12;"segunda-feira";"19:40:00";"PR";277;282;"PRUDENTOPOLIS";"Reação tardia ou ineficiente do condutor";"Colisão traseira";"Sem Vítimas";"Plena Noite";"Decrescente";"Chuva";"Simples";"Reta";"Não";5;0;0;0;4;1;0;3;-25,34688486;-50,9324159;"SPRF-PR";"DEL08-PR";"UOP02-DEL08-PR"
529151;2023-06-12;"segunda-feira";"20:10:00";"SC";282;645,8;"SAO MIGUEL DO OESTE";"Ingestão de álcool pelo condutor";"Eventos atípicos";"Sem Vítimas";"Plena Noite";"Decrescente";"Céu Claro";"Simples";"Desvio Temporário";"Não";2;0;0;0;1;1;0;2;-26,763933;-53,496826;"SPRF-SC";"DEL07-SC";"UOP03-DEL07-SC"
529152;2023-06-12;"segunda-feira";"22:15:00";"SC";101;60,8;"ARAQUARI";"Deficiência do Sistema de Iluminação/Sinalização";"Saída de leito carroçável";"Com Vítimas Feridas";"Plena Noite";"Decrescente";"Céu Claro";"Dupla";"Curva";"Não";2;0;1;0;1;0;1;1;-26,45072823;-48,78570317;"SPRF-SC";"DEL03-SC";"UOP02-DEL03-SC"
529155;2023-06-12;"segunda-feira";"20:50:00";"MT";174;289;"PONTES E LACERDA";"Transitar na contramão";"Colisão frontal";"Sem Vítimas";"Plena Noite";"Crescente";"Nublado";"Simples";"Rotatória";"Sim";2;0;0;0;2;0;0;2;-15,24343573;-59,31488514;"SPRF-MT";"DEL04-MT";"UOP01-DEL04-MT"
529156;2023-06-12;"segunda-feira";"19:35:00";"SP";116;512;"CAJATI";"Reação tardia ou ineficiente do condutor";"Saída de leito carroçável";"Com Vítimas Feridas";"Plena Noite";"Decrescente";"Chuva";"Simples";"Declive;Curva";"Não";3;0;2;0;0;3;2;4;-24,84656535;-48,21418762;"SPRF-SP";"DEL05-SP";"UOP02-DEL05-SP"
529157;2023-06-12;"segunda-feira";"22:12:00";"BA";407;210;"CAPIM GROSSO";"Ingestão de álcool pelo condutor";"Tombamento";"Com Vítimas Feridas";"Plena Noite";"Crescente";"Céu Claro";"Simples";"Reta";"Não";1;0;1;0;0;0;1;1;-11,19290185;-40,04392505;"SPRF-BA";"DEL04-BA";"UOP02-DEL04-BA"
529158;2023-06-13;"terça-feira";"00:30:00";"RS";116;357;"TAPES";"Ingestão de álcool pelo condutor";"Colisão lateral mesmo sentido";"Sem Vítimas";"Plena Noite";"Crescente";"Céu Claro";"Dupla";"Curva";"Não";2;0;0;0;2;0;0;2;-30,598012;-51,540005;"SPRF-RS";"DEL02-RS";"UOP02-DEL02-RS"
529161;2023-06-13;"terça-feira";"00:30:00";"PI";343;644;"JERUMENHA";"Ausência de reação do condutor";"Saída de leito carroçável";"Com Vítimas Feridas";"Plena Noite";"Decrescente";"Céu Claro";"Simples";"Reta";"Não";1;0;1;0;0;0;1;1;-7,03616;-43,404137;"SPRF-PI";"DEL03-PI";"UOP01-DEL03-PI"
529162;2023-06-13;"terça-feira";"00:35:00";"BA";324;597,9;"SIMOES FILHO";"Condutor Dormindo";"Colisão traseira";"Com Vítimas Feridas";"Plena Noite";"Crescente";"Céu Claro";"Dupla";"Reta";"Não";4;0;1;0;1;2;1;4;-12,72850579;-38,44885046;"SPRF-BA";"DEL01-BA";"UOP01-DEL01-BA"
529168;2023-06-13;"terça-feira";"05:00:00";"PR";277;12;"PARANAGUA";"Ausência de reação do condutor";"Tombamento";"Com Vítimas Feridas";"Plena Noite";"Decrescente";"Nublado";"Dupla";"Reta";"Não";2;0;0;1;0;1;1;2;-25,56367133;-48,63534384;"SPRF-PR";"DEL01-PR";"UOP05-DEL01-PR"
529170;2023-06-13;"terça-feira";"04:30:00";"MT";70;517;"VARZEA GRANDE";"Condutor desrespeitou a iluminação vermelha do semáforo";"Colisão transversal";"Com Vítimas Feridas";"Amanhecer";"Decrescente";"Garoa/Chuvisco";"Simples";"Interseção de Vias";"Sim";4;0;1;0;2;2;1;4;-15,70153807;-56,15955591;"SPRF-MT";"DEL01-MT";"UOP02-DEL01-MT"
529173;2023-06-04;"domingo";"15:00:00";"MG";262;539,8;"LUZ";"Ingestão de substâncias psicoativas pelo condutor";"Colisão frontal";"Com Vítimas Fatais";"Pleno dia";"Crescente";"Céu Claro";"Simples";"Declive;Reta";"Não";4;2;1;0;0;1;1;3;-19,76268587;-45,79506296;"SPRF-MG";"DEL08-MG";"UOP02-DEL08-MG"
529181;2023-06-12;"segunda-feira";"18:15:00";"SC";153;105;"CONCORDIA";"Transitar na contramão";"Colisão frontal";"Com Vítimas Feridas";"Plena Noite";"Decrescente";"Nublado";"Simples";"Curva";"Sim";2;0;0;1;1;0;1;2;-27,2819;-51,969429;"SPRF-SC";"DEL07-SC";"UOP04-DEL07-SC"
529182;2023-06-13;"terça-feira";"05:50:00";"MG";50;170;"UBERABA";"Condutor Dormindo";"Colisão traseira";"Com Vítimas Feridas";"Amanhecer";"Decrescente";"Nublado";"Dupla";"Aclive;Reta";"Não";3;0;0;1;1;2;1;4;-19,73661208;-47,98290957;"SPRF-MG";"DEL13-MG";"UOP01-DEL13-MG"
529184;2023-06-05;"segunda-feira";"01:25:00";"PA";230;115;"MARABA";"Ausência de reação do condutor";"Engavetamento";"Com Vítimas Fatais";"Plena Noite";"Crescente";"Céu Claro";"Simples";"Reta";"Sim";4;1;0;1;0;2;1;4;-5,36466678;-49,06623294;"SPRF-PA";"DEL03-PA";"UOP01-DEL03-PA"
529195;2023-06-13;"terça-feira";"08:15:00";"RJ";101;65;"CAMPOS DOS GOYTACAZES";"Ultrapassagem Indevida";"Queda de ocupante de veículo";"Com Vítimas Feridas";"Pleno dia";"Crescente";"Céu Claro";"Simples";"Reta";"Sim";3;0;1;1;1;0;2;2;-21,75371806;-41,344292;"SPRF-RJ";"DEL08-RJ";"UOP02-DEL08-RJ"
529197;2023-04-06;"quinta-feira";"13:50:00";"MG";50;70,3;"UBERLANDIA";"Manobra de mudança de faixa";"Colisão lateral mesmo sentido";"Com Vítimas Feridas";"Pleno dia";"Decrescente";"Céu Claro";"Dupla";"Reta;Aclive";"Sim";5;0;1;0;3;3;1;5;-18,85140204;-48,25345932;"SPRF-MG";"DEL15-MG";"UOP01-DEL15-MG"
529206;2023-06-13;"terça-feira";"07:21:00";"PE";116;49;"SALGUEIRO";"Transitar na contramão";"Colisão frontal";"Com Vítimas Fatais";"Pleno dia";"Crescente";"Nublado";"Simples";"Reta;Aclive";"Não";5;3;0;0;1;1;0;3;-8,266694;-39,116516;"SPRF-PE";"DEL05-PE";"UOP01-DEL05-PE"
529209;2023-05-25;"quinta-feira";"18:05:00";"PR";369;147;"LONDRINA";"Acessar a via sem observar a presença dos outros veículos";"Colisão traseira";"Com Vítimas Feridas";"Pleno dia";"Crescente";"Céu Claro";"Dupla";"Reta;Interseção de Vias";"Sim";2;0;1;0;0;1;1;2;-23,29310839;-51,13449633;"SPRF-PR";"DEL07-PR";"UOP01-DEL07-PR"
529211;2023-06-13;"terça-feira";"09:20:00";"RN";101;85;"SAO GONCALO DO AMARANTE";"Problema com o freio";"Colisão lateral mesmo sentido";"Com Vítimas Feridas";"Pleno dia";"Crescente";"Céu Claro";"Dupla";"Declive";"Sim";5;0;2;0;3;0;2;3;-5,777664;-35,24937;"SPRF-RN";"DEL02-RN";"UOP01-DEL02-RN"
529215;2023-06-13;"terça-feira";"09:50:00";"SC";101;117,8;"ITAJAI";"Condutor deixou de manter distância do veículo da frente";"Colisão traseira";"Com Vítimas Feridas";"Pleno dia";"Crescente";"Chuva";"Múltipla";"Reta";"Sim";2;0;1;0;0;1;1;2;-26,88747187;-48,72252969;"SPRF-SC";"DEL04-SC";"UOP04-DEL04-SC"
529216;2023-06-13;"terça-feira";"08:30:00";"PR";116;2;"QUATRO BARRAS";"Reação tardia ou ineficiente do condutor";"Colisão traseira";"Com Vítimas Feridas";"Pleno dia";"Decrescente";"Chuva";"Dupla";"Reta";"Sim";6;0;2;0;3;1;2;5;-25,3562;-49,0677;"SPRF-PR";"DEL01-PR";"UOP02-DEL01-PR"
529219;2023-06-13;"terça-feira";"07:20:00";"MG";40;576,3;"NOVA LIMA";"Acessar a via sem observar a presença dos outros veículos";"Colisão transversal";"Sem Vítimas";"Pleno dia";"Crescente";"Céu Claro";"Simples";"Retorno Regulamentado";"Não";3;0;0;0;1;2;0;3;-20,26485707;-43,9573481;"SPRF-MG";"DEL01-MG";"UOP02-DEL01-MG"
529230;2023-06-13;"terça-feira";"09:00:00";"PA";230;1;"ALTAMIRA";"Reação tardia ou ineficiente do condutor";"Colisão com objeto";"Sem Vítimas";"Pleno dia";"Decrescente";"Céu Claro";"Dupla";"Reta";"Sim";2;0;0;0;1;1;0;2;-3,17747434;-52,18266606;"SPRF-PA";"DEL04-PA";"UOP01-DEL04-PA"
529235;2023-06-13;"terça-feira";"11:30:00";"PB";101;92,6;"JOAO PESSOA";"Ausência de reação do condutor";"Colisão lateral mesmo sentido";"Sem Vítimas";"Pleno dia";"Decrescente";"Céu Claro";"Dupla";"Reta";"Não";2;0;0;0;2;0;0;2;-7,19683829;-34,90588313;"SPRF-PB";"DEL01-PB";"UOP02-DEL01-PB"
529237;2023-06-13;"terça-feira";"10:35:00";"PR";116;103;"SAO JOSE DOS PINHAIS";"Reação tardia ou ineficiente do condutor";"Saída de leito carroçável";"Com Vítimas Feridas";"Pleno dia";"Crescente";"Chuva";"Dupla";"Reta";"Não";3;0;2;0;1;0;2;1;-25,55944814;-49,15099774;"SPRF-PR";"DEL01-PR";"UOP07-DEL01-PR"
529241;2023-06-13;"terça-feira";"12:45:00";"SP";153;319,2;"RIBEIRAO DO SUL";"Transitar na contramão";"Colisão frontal";"Com Vítimas Fatais";"Pleno dia";"Decrescente";"Chuva";"Simples";"Reta";"Não";2;1;1;0;0;0;1;2;-22,751547;-49,8897;"SPRF-SP";"DEL07-SP";"UOP03-DEL07-SP"
529243;2023-06-13;"terça-feira";"11:30:00";"GO";153;554;"PROFESSOR JAMIL";"Velocidade Incompatível";"Colisão traseira";"Com Vítimas Feridas";"Pleno dia";"Crescente";"Nublado";"Dupla";"Reta;Viaduto;Aclive";"Não";2;0;1;0;1;0;1;2;-17,1765;-49,2104;"SPRF-GO";"DEL03-GO";"UOP01-DEL03-GO"
529245;2023-06-13;"terça-feira";"09:15:00";"BA";101;569;"ARATACA";"Problema com o freio";"Incêndio";"Sem Vítimas";"Pleno dia";"Crescente";"Céu Claro";"Simples";"Reta";"Não";2;0;0;0;1;1;0;2;-15,265729;-39,464392;"SPRF-BA";"DEL05-BA";"UOP02-DEL05-BA"
529251;2023-06-13;"terça-feira";"07:30:00";"BA";242;390;"PALMEIRAS";"Demais falhas mecânicas ou elétricas";"Incêndio";"Sem Vítimas";"Pleno dia";"Decrescente";"Céu Claro";"Simples";"Curva";"Não";2;0;0;0;1;2;0;3;-12,44034303;-41,546251;"SPRF-BA";"DEL06-BA";"UOP01-DEL06-BA"
529253;2023-06-13;"terça-feira";"07:15:00";"MT";364;536;"ROSARIO OESTE";"Demais falhas mecânicas ou elétricas";"Eventos atípicos";"Sem Vítimas";"Pleno dia";"Crescente";"Nublado";"Simples";"Reta";"Não";2;0;0;0;1;1;0;2;-14,95357719;-56,50745464;"SPRF-MT";"DEL01-MT";"UOP01-DEL01-MT"