"id";"data_inversa";"dia_semana";"horario";"uf";"br";"km";"municipio";"causa_acidente";"tipo_acidente";"classificacao_acidente";"fase_dia";"sentido_via";"condicao_metereologica";"tipo_pista";"tracado_via";"uso_solo";"pessoas";"mortos";"feridos_leves";"feridos_graves";"ilesos";"ignorados";"feridos";"veiculos";"latitude";"longitude";"regional";"delegacia";"uop"
529254;2023-05-24;"quarta-feira";"16:30:00";"PI";316;8;"TERESINA";"Estacionar ou parar em local proibido";"Colisão com objeto";"Com Vítimas Fatais";"Pleno dia";"Decrescente";"Céu Claro";"Múltipla";"Reta;Declive";"Sim";3;1;0;0;1;1;0;3;-5,16483402;-42,76899508;"SPRF-PI";"DEL01-PI";"UOP02-DEL01-PI"
529257;2023-06-13;"terça-feira";"10:30:00";"GO";60;408;"RIO VERDE";"Velocidade Incompatível";"Colisão lateral mesmo sentido";"Com Vítimas Feridas";"Pleno dia";"Crescente";"Céu Claro";"Dupla";"Reta;Declive;Retorno Regulamentado";"Não";4;0;1;0;1;3;1;5;-17,8163;-51,1282;"SPRF-GO";"DEL04-GO";"UOP02-DEL04-GO"
529261;2023-06-08;"quinta-feira";"21:20:00";"PR";376;161;"MARINGA";"Manobra de mudança de faixa";"Colisão lateral mesmo sentido";"Com Vítimas Feridas";"Plena Noite";"Crescente";"Céu Claro";"Dupla";"Reta";"Não";5;0;4;0;1;0;4;2;-23,37281665;-52,05547485;"SPRF-PR";"DEL09-PR";"UOP01-DEL09-PR"
529262;2023-06-13;"terça-feira";"14:20:00";"SC";470;75,7;"INDAIAL";"Reação tardia ou ineficiente do condutor";"Engavetamento";"Com Vítimas Feridas";"Pleno dia";"Crescente";"Chuva";"Simples";"Reta";"Não";11;0;0;1;9;2;1;9;-26,933308;-49,287426;"SPRF-SC";"DEL04-SC";"UOP01-DEL04-SC"
529265;2023-06-13;"terça-feira";"09:50:00";"PR";116;44;"CAMPINA GRANDE DO SUL";"Reação tardia ou ineficiente do condutor";"Colisão com objeto";"Sem Vítimas";"Pleno dia";"Crescente";"Chuva";"Dupla";"Curva";"Não";2;0;0;0;1;1;0;2;-25,1882321;-48,88492529;"SPRF-PR";"DEL01-PR";"UOP02-DEL01-PR"
529269;2023-06-13;"terça-feira";"13:50:00";"PR";116;183;"CAMPO DO TENENTE";"Obras na pista";"Engavetamento";"Com Vítimas Feridas";"Pleno dia";"Crescente";"Chuva";"Simples";"Curva;Em Obras";"Não";4;0;1;0;3;0;1;3;-25,935905;-49,63814;"SPRF-PR";"DEL01-PR";"UOP03-DEL01-PR"
529273;2023-06-13;"terça-feira";"11:20:00";"PR";376;326,8;"ORTIGUEIRA";"Reação tardia ou ineficiente do condutor";"Colisão com objeto";"Sem Vítimas";"Pleno dia";"Crescente";"Chuva";"Simples";"Curva;Declive";"Não";2;0;0;0;1;1;0;2;-24,066065;-51,064398;"SPRF-PR";"DEL07-PR";"UOP02-DEL07-PR"
529278;2023-06-13;"terça-feira";"15:26:00";"RS";386;277,9;"SAO JOSE DO HERVAL";"Velocidade Incompatível";"Colisão lateral mesmo sentido";"Com Vítimas Feridas";"Pleno dia";"Crescente";"Nublado";"Simples";"Reta;Aclive";"Não";6;0;3;1;1;1;4;3;-29,015963;-52,324341;"SPRF-RS";"DEL04-RS";"UOP03-DEL04-RS"
529280;2023-06-13;"terça-feira";"15:02:00";"PR";487;7;"ALTO PARAISO";"Carga excessiva e/ou mal acondicionada";"Colisão com objeto";"Sem Vítimas";"Pleno dia";"Decrescente";"Garoa/Chuvisco";"Simples";"Reta";"Não";3;0;0;0;2;1;0;2;-23,37816581;-53,75590503;"SPRF-PR";"DEL06-PR";"UOP03-DEL06-PR"
529284;2023-06-13;"terça-feira";"16:00:00";"RJ";40;108;"DUQUE DE CAXIAS";"Reação tardia ou ineficiente do condutor";"Queda de ocupante de veículo";"Com Vítimas Feridas";"Pleno dia";"Decrescente";"Céu Claro";"Dupla";"Curva";"Não";4;0;0;2;1;1;2;3;-22,66476979;-43,28495144;"SPRF-RJ";"DEL01-RJ";"UOP01-DEL01-RJ"
529289;2023-06-13;"terça-feira";"14:55:00";"RJ";101;62;"CAMPOS DOS GOYTACAZES";"Transitar na contramão";"Colisão frontal";"Com Vítimas Feridas";"Anoitecer";"Decrescente";"Nublado";"Simples";"Reta";"Sim";2;0;1;0;1;0;1;2;-21,73473386;-41,32504025;"SPRF-RJ";"DEL08-RJ";"UOP01-DEL08-RJ"
529290;2023-06-13;"terça-feira";"14:00:00";"PR";277;135,5;"BALSA NOVA";"Reação tardia ou ineficiente do condutor";"Saída de leito carroçável";"Sem Vítimas";"Pleno dia";"Crescente";"Chuva";"Dupla";"Curva";"Não";2;0;0;0;1;2;0;3;-25,4691976;-49,65846062;"SPRF-PR";"DEL03-PR";"UOP03-DEL03-PR"
529299;2023-06-13;"terça-feira";"18:15:00";"SP";116;288;"ITAPECERICA DA SERRA";"Avarias e/ou desgaste excessivo no pneu";"Colisão frontal";"Com Vítimas Feridas";"Plena Noite";"Decrescente";"Garoa/Chuvisco";"Simples";"Retorno Regulamentado;Curva";"Não";5;0;2;0;2;2;2;4;-23,719254;-46,883144;"SPRF-SP";"DEL04-SP";"UOP01-DEL04-SP"
529306;2023-06-13;"terça-feira";"18:55:00";"RS";470;219;"BENTO GONCALVES";"Acessar a via sem observar a presença dos outros veículos";"Colisão traseira";"Com Vítimas Feridas";"Plena Noite";"Crescente";"Chuva";"Simples";"Curva";"Sim";4;0;1;0;3;0;1;2;-29,17909489;-51,51855675;"SPRF-RS";"DEL06-RS";"UOP01-DEL06-RS"
529307;2023-06-13;"terça-feira";"18:15:00";"PR";376;681,5;"GUARATUBA";"Demais falhas mecânicas ou elétricas";"Colisão traseira";"Com Vítimas Feridas";"Plena Noite";"Decrescente";"Chuva";"Dupla";"Reta";"Não";5;0;1;1;2;1;2;4;-25,975397;-48,889347;"SPRF-PR";"DEL01-PR";"UOP04-DEL01-PR"
529308;2023-06-13;"terça-feira";"16:00:00";"AC";364;124;"RIO BRANCO";"Manobra de mudança de faixa";"Colisão lateral mesmo sentido";"Com Vítimas Feridas";"Pleno dia";"Decrescente";"Garoa/Chuvisco";"Dupla";"Rotatória";"Sim";3;0;1;0;1;1;1;3;-10,01189084;-67,79775739;"SPRF-AC";"DEL01-AC";"UOP01-DEL01-AC"
529309;2023-06-13;"terça-feira";"14:40:00";"MG";153;28,4;"CENTRALINA";"Condutor Dormindo";"Saída de leito carroçável";"Com Vítimas Feridas";"Pleno dia";"Decrescente";"Nublado";"Dupla";"Declive";"Não";1;0;0;1;0;0;1;1;-18,66327211;-49,16526319;"SPRF-MG";"DEL15-MG";"UOP03-DEL15-MG"
529311;2023-06-13;"terça-feira";"18:30:00";"GO";70;315;"JUSSARA";"Velocidade Incompatível";"Colisão traseira";"Com Vítimas Feridas";"Plena Noite";"Decrescente";"Céu Claro";"Dupla";"Reta;Aclive";"Sim";8;0;2;0;6;0;2;2;-15,87776878;-50,8763659;"SPRF-GO";"DEL04-GO";"UOP02-DEL04-GO"
529313;2023-06-13;"terça-feira";"14:35:00";"PR";116;12,4;"CAMPINA GRANDE DO SUL";"Reação tardia ou ineficiente do condutor";"Colisão com objeto";"Com Vítimas Feridas";"Pleno dia";"Crescente";"Chuva";"Dupla";"Curva";"Não";2;0;1;0;0;1;1;2;-25,09706813;-48,65517895;"SPRF-PR";"DEL01-PR";"UOP02-DEL01-PR"
529314;2023-06-13;"terça-feira";"13:50:00";"SC";282;529,1;"CORDILHEIRA ALTA";"Reação tardia ou ineficiente do condutor";"Colisão transversal";"Sem Vítimas";"Pleno dia";"Decrescente";"Nevoeiro/Neblina";"Simples";"Reta;Declive;Retorno Regulamentado";"Não";3;0;0;0;2;1;0;3;-26,98246353;-52,59783983;"SPRF-SC";"DEL07-SC";"UOP01-DEL07-SC"
529324;2023-06-13;"terça-feira";"16:30:00";"PR";277;659;"MATELANDIA";"Velocidade Incompatível";"Tombamento";"Com Vítimas Feridas";"Pleno dia";"Crescente";"Nublado";"Dupla";"Curva;Declive";"Não";4;0;0;2;1;1;2;3;-25,24664169;-53,98334832;"SPRF-PR";"DEL05-PR";"UOP02-DEL05-PR"
529327;2023-06-13;"terça-feira";"09:50:00";"MG";381;173,5;"GOVERNADOR VALADARES";"Carga excessiva e/ou mal acondicionada";"Derramamento de carga";"Com Vítimas Feridas";"Pleno dia";"Crescente";"Céu Claro";"Simples";"Curva";"Não";3;0;1;0;1;1;1;3;-18,9921031;-42,11590091;"SPRF-MG";"DEL06-MG";"UOP01-DEL06-MG"
529329;2023-06-13;"terça-feira";"19:35:00";"BA";242;651;"MUQUEM DE SAO FRANCISCO";"Transitar na contramão";"Colisão frontal";"Com Vítimas Fatais";"Plena Noite";"Crescente";"Céu Claro";"Simples";"Reta";"Não";5;2;1;0;0;3;1;6;-12,21315228;-43,56303803;"SPRF-BA";"DEL10-BA";"UOP02-DEL10-BA"
529333;2023-06-13;"terça-feira";"16:35:00";"MG";381;371;"SAO GONCALO DO RIO ABAIXO";"Transitar na contramão";"Colisão frontal";"Com Vítimas Fatais";"Pleno dia";"Decrescente";"Céu Claro";"Simples";"Curva";"Não";2;1;0;0;1;0;0;2;-19,84407789;-43,30732499;"SPRF-MG";"DEL01-MG";"UOP01-DEL01-MG"
529334;2023-06-13;"terça-feira";"21:00:00";"SP";116;355,9;"MIRACATU";"Chuva";"Saída de leito carroçável";"Com Vítimas Feridas";"Plena Noite";"Decrescente";"Chuva";"Dupla";"Curva";"Não";2;0;0;1;0;1;1;2;-24,08289401;-47,25237399;"SPRF-SP";"DEL04-SP";"UOP03-DEL04-SP"
529341;2023-06-13;"terça-feira";"23:45:00";"SC";101;117,5;"ITAJAI";"Condutor deixou de manter distância do veículo da frente";"Colisão traseira";"Com Vítimas Feridas";"Plena Noite";"Decrescente";"Chuva";"Múltipla";"Reta";"Sim";4;0;1;2;1;0;3;2;-26,89296838;-48,71992057;"SPRF-SC";"DEL04-SC";"UOP04-DEL04-SC"
529342;2023-06-13;"terça-feira";"21:39:00";"MS";163;492;"CAMPO GRANDE";"Ingestão de álcool pelo condutor";"Colisão frontal";"Com Vítimas Feridas";"Plena Noite";"Decrescente";"Garoa/Chuvisco";"Simples";"Reta";"Não";3;0;0;2;0;1;2;2;-20,36949987;-54,5320492;"SPRF-MS";"DEL01-MS";"UOP02-DEL01-MS"
529343;2023-06-13;"terça-feira";"23:40:00";"RS";386;279;"SAO JOSE DO HERVAL";"Acumulo de água sobre o pavimento";"Tombamento";"Com Vítimas Feridas";"Plena Noite";"Crescente";"Nublado";"Simples";"Reta";"Não";2;0;1;0;0;1;1;2;-29,022665;-52,319885;"SPRF-RS";"DEL04-RS";"UOP03-DEL04-RS"
529344;2023-06-13;"terça-feira";"18:30:00";"MS";262;395;"TERENOS";"Demais falhas mecânicas ou elétricas";"Tombamento";"Sem Vítimas";"Plena Noite";"Crescente";"Chuva";"Simples";"Reta";"Não";2;0;0;0;1;1;0;2;-20,42479738;-54,97302205;"SPRF-MS";"DEL01-MS";"UOP03-DEL01-MS"
529346;2023-06-14;"quarta-feira";"01:29:00";"RJ";116;269,6;"BARRA MANSA";"Transitar na contramão";"Colisão frontal";"Com Vítimas Fatais";"Plena Noite";"Crescente";"Garoa/Chuvisco";"Simples";"Declive";"Não";3;1;0;0;1;1;0;3;-22,5719267;-44,1169715;"SPRF-RJ";"DEL07-RJ";"UOP02-DEL07-RJ"
529349;2023-06-14;"quarta-feira";"02:00:00";"RS";158;531,5;"SANTANA DO LIVRAMENTO";"Acostamento em desnível";"Saída de leito carroçável";"Com Vítimas Feridas";"Plena Noite";"Crescente";"Céu Claro";"Simples";"Reta;Declive";"Não";2;0;1;0;0;1;1;2;-30,78540531;-55,18067837;"SPRF-RS";"DEL11-RS";"UOP01-DEL11-RS"
529351;2023-06-09;"sexta-feira";"22:00:00";"SC";101;22,3;"JOINVILLE";"Manobra de mudança de faixa";"Colisão lateral mesmo sentido";"Com Vítimas Feridas";"Plena Noite";"Decrescente";"Céu Claro";"Múltipla";"Reta";"Não";3;0;1;0;1;2;1;4;-26,15679993;-48,90786269;"SPRF-SC";"DEL03-SC";"UOP01-DEL03-SC"
529352;2023-06-14;"quarta-feira";"06:20:00";"RN";406;145,8;"CEARA-MIRIM";"Acessar a via sem observar a presença dos outros veículos";"Colisão lateral mesmo sentido";"Com Vítimas Feridas";"Pleno dia";"Crescente";"Céu Claro";"Simples";"Reta";"Não";3;0;1;1;1;0;2;2;-5,64601005;-35,47699599;"SPRF-RN";"DEL02-RN";"UOP01-DEL02-RN"
529353;2023-06-14;"quarta-feira";"05:15:00";"PR";116;126;"FAZENDA RIO GRANDE";"Reação tardia ou ineficiente do condutor";"Engavetamento";"Com Vítimas Feridas";"Amanhecer";"Crescente";"Garoa/Chuvisco";"Múltipla";"Reta";"Sim";4;0;1;0;2;1;1;4;-25,636836;-49,313021;"SPRF-PR";"DEL01-PR";"UOP03-DEL01-PR"
529358;2023-06-14;"quarta-feira";"06:20:00";"SP";116;94;"PINDAMONHANGABA";"Manobra de mudança de faixa";"Colisão traseira";"Com Vítimas Feridas";"Amanhecer";"Crescente";"Nublado";"Dupla";"Reta";"Não";3;0;0;1;1;1;1;3;-22,96083987;-45,42156507;"SPRF-SP";"DEL08-SP";"UOP01-DEL08-SP"
529360;2023-06-14;"quarta-feira";"06:45:00";"RJ";40;89;"PETROPOLIS";"Manobra de mudança de faixa";"Colisão lateral mesmo sentido";"Sem Vítimas";"Pleno dia";"Crescente";"Céu Claro";"Dupla";"Reta";"Não";2;0;0;0;2;0;0;2;-22,556263;-43,23718;"SPRF-RJ";"DEL06-RJ";"UOP01-DEL06-RJ"
529364;2023-06-14;"quarta-feira";"07:20:00";"RJ";101;70;"CAMPOS DOS GOYTACAZES";"Ausência de reação do condutor";"Colisão traseira";"Com Vítimas Feridas";"Pleno dia";"Crescente";"Céu Claro";"Simples";"Reta";"Não";3;0;1;0;1;1;1;3;-21,781011;-41,373363;"SPRF-RJ";"DEL08-RJ";"UOP02-DEL08-RJ"
529381;2023-06-14;"quarta-feira";"06:00:00";"CE";116;10;"FORTALEZA";"Manobra de mudança de faixa";"Colisão traseira";"Sem Vítimas";"Pleno dia";"Crescente";"Céu Claro";"Dupla";"Reta";"Sim";3;0;0;0;2;2;0;4;-3,83603805;-38,5027281;"SPRF-CE";"DEL01-CE";"UOP02-DEL01-CE"
529382;2023-06-14;"quarta-feira";"06:08:00";"RO";364;10;"VILHENA";"Ausência de reação do condutor";"Colisão traseira";"Com Vítimas Feridas";"Amanhecer";"Decrescente";"Nublado";"Simples";"Reta";"Sim";3;0;1;0;1;1;1;3;-12,75194006;-60,10600907;"SPRF-RO";"DEL04-RO";"UOP01-DEL04-RO"
529384;2023-06-14;"quarta-feira";"08:10:00";"CE";116;5;"FORTALEZA";"Demais falhas mecânicas ou elétricas";"Colisão traseira";"Com Vítimas Feridas";"Pleno dia";"Decrescente";"Sol";"Múltipla";"Reta";"Sim";3;0;1;0;2;0;1;3;-3,79467116;-38,50772734;"SPRF-CE";"DEL01-CE";"UOP02-DEL01-CE"
529385;2023-06-04;"domingo";"04:00:00";"CE";20;364,6;"MARANGUAPE";"Transitar na contramão";"Colisão frontal";"Com Vítimas Feridas";"Plena Noite";"Crescente";"Céu Claro";"Simples";"Reta";"Não";3;0;1;0;1;3;1;5;-4,00360328;-38,9596279;"SPRF-CE";"DEL02-CE";"UOP01-DEL02-CE"
529393;2023-06-14;"quarta-feira";"08:30:00";"SE";101;167,5;"SANTA LUZIA DO ITANHY";"Ultrapassagem Indevida";"Colisão lateral sentido oposto";"Com Vítimas Feridas";"Pleno dia";"Decrescente";"Céu Claro";"Simples";"Curva;Aclive";"Não";4;0;1;0;2;2;1;5;-11,31194915;-37,54165101;"SPRF-SE";"DEL02-SE";"UOP01-DEL02-SE"
529396;2023-06-14;"quarta-feira";"07:40:00";"PR";116;115,4;"CURITIBA";"Trafegar com motocicleta (ou similar) entre as faixas";"Colisão traseira";"Com Vítimas Feridas";"Pleno dia";"Decrescente";"Nublado";"Dupla";"Reta";"Sim";2;0;1;0;1;0;1;2;-25,547889;-49,304022;"SPRF-PR";"DEL01-PR";"UOP03-DEL01-PR"
529400;2023-06-14;"quarta-feira";"07:00:00";"BA";242;463;"IBITIARA";"Reação tardia ou ineficiente do condutor";"Tombamento";"Sem Vítimas";"Pleno dia";"Decrescente";"Céu Claro";"Simples";"Curva;Declive";"Não";2;0;0;0;1;2;0;3;-12,4423791;-42,17379204;"SPRF-BA";"DEL06-BA";"UOP01-DEL06-BA"
529404;2023-06-14;"quarta-feira";"04:00:00";"MA";10;255,9;"IMPERATRIZ";"Ausência de reação do condutor";"Colisão com objeto";"Sem Vítimas";"Amanhecer";"Crescente";"Céu Claro";"Simples";"Reta";"Sim";3;0;0;0;2;3;0;5;-5,508798;-47,471718;"SPRF-MA";"DEL04-MA";"UOP01-DEL04-MA"
529410;2023-06-14;"quarta-feira";"10:15:00";"PA";10;1;"DOM ELISEU";"Acessar a via sem observar a presença dos outros veículos";"Colisão transversal";"Com Vítimas Feridas";"Pleno dia";"Crescente";"Céu Claro";"Simples";"Reta;Em Obras";"Sim";3;0;0;1;1;1;1;3;-4,436798;-47,536163;"SPRF-PA";"DEL02-PA";"UOP02-DEL02-PA"
529418;2023-06-14;"quarta-feira";"08:48:00";"PB";104;14,2;"CUITE";"Demais falhas na via";"Saída de leito carroçável";"Com Vítimas Feridas";"Pleno dia";"Decrescente";"Chuva";"Simples";"Aclive";"Não";1;0;1;0;0;0;1;1;-6,51620801;-36,15064203;"SPRF-PB";"DEL02-PB";"UOP04-DEL02-PB"
529419;2023-06-14;"quarta-feira";"11:45:00";"SP";116;210;"GUARULHOS";"Reação tardia ou ineficiente do condutor";"Engavetamento";"Com Vítimas Feridas";"Pleno dia";"Decrescente";"Garoa/Chuvisco";"Dupla";"Reta";"Sim";4;0;1;0;3;0;1;4;-23,42870023;-46,41085991;"SPRF-SP";"DEL01-SP";"UOP01-DEL01-SP"
529424;2023-06-14;"quarta-feira";"12:10:00";"SC";101;114,7;"ITAJAI";"Condutor deixou de manter distância do veículo da frente";"Colisão traseira";"Com Vítimas Fatais";"Pleno dia";"Decrescente";"Chuva";"Múltipla";"Reta";"Sim";4;1;0;0;2;1;0;4;-26,8678903;-48,730068;"SPRF-SC";"DEL04-SC";"UOP04-DEL04-SC"
529429;2023-06-14;"quarta-feira";"11:37:00";"PR";476;105;"COLOMBO";"Velocidade Incompatível";"Colisão transversal";"Com Vítimas Feridas";"Pleno dia";"Decrescente";"Chuva";"Simples";"Curva;Aclive";"Não";3;0;2;0;1;0;2;2;-25,279358;-49,140411;"SPRF-PR";"DEL01-PR";"UOP01-DEL01-PR"
529430;2023-06-14;"quarta-feira";"11:30:00";"MG";50;176,5;"UBERABA";"Ausência de reação do condutor";"Engavetamento";"Com Vítimas Feridas";"Pleno dia";"Crescente";"Sol";"Dupla";"Reta;Declive;Em Obras";"Sim";4;0;1;0;1;2;1;3;-19,77919981;-47,960032;"SPRF-MG";"DEL13-MG";"UOP01-DEL13-MG"
529431;2023-06-14;"quarta-feira";"11:40:00";"BA";367;83;"EUNAPOLIS";"Acessar a via sem observar a presença dos outros veículos";"Colisão lateral mesmo sentido";"Com Vítimas Feridas";"Pleno dia";"Decrescente";"Nublado";"Simples";"Reta";"Sim";2;0;1;0;1;0;1;2;-16,37256267;-39,57064408;"SPRF-BA";"DEL09-BA";"UOP03-DEL09-BA"
529439;2023-06-14;"quarta-feira";"10:40:00";"SC";163;101;"SAO JOSE DO CEDRO";"Condutor deixou de manter distância do veículo da frente";"Colisão lateral sentido oposto";"Com Vítimas Feridas";"Pleno dia";"Decrescente";"Nevoeiro/Neblina";"Simples";"Reta";"Não";5;0;2;1;1;2;3;4;-26,47803802;-53,50670007;"SPRF-SC";"DEL07-SC";"UOP03-DEL07-SC"
529445;2023-06-14;"quarta-feira";"13:00:00";"SP";116;392,9;"MIRACATU";"Reação tardia ou ineficiente do condutor";"Colisão traseira";"Com Vítimas Feridas";"Pleno dia";"Decrescente";"Garoa/Chuvisco";"Dupla";"Reta";"Não";6;0;4;0;1;1;4;3;-24,2823606;-47,4330272;"SPRF-SP";"DEL04-SP";"UOP02-DEL04-SP"
529446;2023-06-14;"quarta-feira";"08:30:00";"MG";365;32,2;"CLARO DOS POCOES";"Ultrapassagem Indevida";"Colisão lateral mesmo sentido";"Com Vítimas Feridas";"Pleno dia";"Decrescente";"Céu Claro";"Simples";"Reta;Aclive";"Não";5;0;0;1;3;2;1;4;-16,85619511;-44,11701088;"SPRF-MG";"DEL12-MG";"UOP01-DEL12-MG"
529448;2023-06-13;"terça-feira";"18:30:00";"PE";424;26,1;"VENTUROSA";"Reação tardia ou ineficiente do condutor";"Colisão com objeto";"Sem Vítimas";"Plena Noite";"Decrescente";"Céu Claro";"Simples";"Reta;Ponte";"Não";1;0;0;0;1;0;0;1;-8,5542719;-36,89884489;"SPRF-PE";"DEL04-PE";"UOP02-DEL04-PE"
529451;2023-06-14;"quarta-feira";"13:10:00";"RS";290;172,6;"BUTIA";"Reação tardia ou ineficiente do condutor";"Saída de leito carroçável";"Com Vítimas Feridas";"Pleno dia";"Crescente";"Garoa/Chuvisco";"Simples";"Reta";"Não";1;0;1;0;0;0;1;1;-30,12800637;-51,94883108;"SPRF-RS";"DEL02-RS";"UOP03-DEL02-RS"
529454;2023-06-10;"sábado";"13:10:00";"BA";0;0;"SANTANA";"Reação tardia ou ineficiente do condutor";"Colisão lateral sentido oposto";"Sem Vítimas";"Pleno dia";"Não Informado";"Céu Claro";"Simples";"Declive;Curva";"Não";3;0;0;0;2;1;0;3;-13;-44;"SPRF-BA";"DEL10-BA";"N/A"
529468;2023-06-14;"quarta-feira";"15:20:00";"GO";40;7;"VALPARAISO DE GOIAS";"Ingestão de álcool pelo condutor";"Colisão lateral mesmo sentido";"Com Vítimas Feridas";"Pleno dia";"Crescente";"Céu Claro";"Dupla";"Reta";"Sim";3;0;1;0;2;0;1;2;-16,108482;-47,972524;"SPRF-DF";"DEL01-DF";"UOP01-DEL01-DF"
529469;2023-06-14;"quarta-feira";"15:55:00";"AL";101;192;"JUNQUEIRO";"Condutor Dormindo";"Tombamento";"Com Vítimas Feridas";"Pleno dia";"Crescente";"Céu Claro";"Simples";"Curva";"Sim";2;0;1;0;0;1;1;2;-9,93276016;-36,48032295;"SPRF-AL";"DEL02-AL";"UOP02-DEL02-AL"
529470;2023-06-14;"quarta-feira";"16:20:00";"SC";282;72;"RANCHO QUEIMADO";"Velocidade Incompatível";"Colisão lateral mesmo sentido";"Sem Vítimas";"Pleno dia";"Crescente";"Chuva";"Simples";"Curva";"Não";2;0;0;0;2;0;0;2;-27,683439;-49,105259;"SPRF-SC";"DEL01-SC";"UOP03-DEL01-SC"
529481;2023-06-14;"quarta-feira";"16:40:00";"RJ";40;110;"DUQUE DE CAXIAS";"Condutor deixou de manter distância do veículo da frente";"Colisão traseira";"Com Vítimas Feridas";"Pleno dia";"Decrescente";"Céu Claro";"Múltipla";"Reta";"Sim";4;0;2;0;1;1;2;3;-22,68289906;-43,28549346;"SPRF-RJ";"DEL01-RJ";"UOP01-DEL01-RJ"
529485;2023-06-14;"quarta-feira";"17:30:00";"PR";116;48;"CAMPINA GRANDE DO SUL";"Velocidade Incompatível";"Colisão transversal";"Com Vítimas Feridas";"Anoitecer";"Decrescente";"Chuva";"Dupla";"Reta";"Não";3;0;1;0;1;2;1;4;-25,21538293;-48,90275896;"SPRF-PR";"DEL01-PR";"UOP02-DEL01-PR"
529489;2023-06-14;"quarta-feira";"18:40:00";"SC";101;202,5;"SAO JOSE";"Ausência de reação do condutor";"Colisão traseira";"Com Vítimas Feridas";"Plena Noite";"Decrescente";"Chuva";"Múltipla";"Reta";"Sim";2;0;1;0;1;0;1;2;-27,55711595;-48,61897889;"SPRF-SC";"DEL01-SC";"UOP01-DEL01-SC"
529491;2023-06-14;"quarta-feira";"18:30:00";"MG";381;852;"POUSO ALEGRE";"Condutor deixou de manter distância do veículo da frente";"Colisão traseira";"Com Vítimas Feridas";"Plena Noite";"Decrescente";"Céu Claro";"Dupla";"Reta";"Não";3;0;1;0;1;1;1;3;-22,29622613;-45,89935251;"SPRF-MG";"DEL16-MG";"UOP01-DEL16-MG"
529492;2023-06-14;"quarta-feira";"18:20:00";"RS";153;50,1;"ERECHIM";"Condutor deixou de manter distância do veículo da frente";"Colisão traseira";"Com Vítimas Feridas";"Anoitecer";"Crescente";"Chuva";"Simples";"Reta";"Não";3;0;1;0;2;0;1;3;-27,65623359;-52,27554709;"SPRF-RS";"DEL08-RS";"UOP04-DEL08-RS"
529499;2023-06-14;"quarta-feira";"18:00:00";"SC";101;134,3;"BALNEARIO CAMBORIU";"Ausência de reação do condutor";"Colisão traseira";"Com Vítimas Feridas";"Anoitecer";"Decrescente";"Chuva";"Múltipla";"Reta";"Não";3;0;0;1;2;0;1;3;-27,00218;-48,636433;"SPRF-SC";"DEL04-SC";"UOP03-DEL04-SC"
529503;2023-06-14;"quarta-feira";"14:25:00";"SC";470;259,2;"CURITIBANOS";"Velocidade Incompatível";"Tombamento";"Com Vítimas Feridas";"Pleno dia";"Decrescente";"Chuva";"Simples";"Curva;Declive";"Não";3;0;1;0;1;1;1;2;-27,303122;-50,661118;"SPRF-SC";"DEL05-SC";"UOP03-DEL05-SC"
529508;2023-06-14;"quarta-feira";"18:30:00";"GO";153;671;"GOIATUBA";"Reação tardia ou ineficiente do condutor";"Tombamento";"Com Vítimas Feridas";"Plena Noite";"Crescente";"Céu Claro";"Dupla";"Curva;Ponte;Declive";"Não";3;0;0;1;1;3;1;5;-18,1502;-49,2873;"SPRF-GO";"DEL03-GO";"UOP02-DEL03-GO"
529511;2023-06-07;"quarta-feira";"11:30:00";"RJ";101;325;"NITEROI";"Reação tardia ou ineficiente do condutor";"Colisão traseira";"Sem Vítimas";"Pleno dia";"Decrescente";"Céu Claro";"Dupla";"Reta";"Não";2;0;0;0;2;0;0;2;-22,87292569;-43,13625699;"SPRF-RJ";"DEL02-RJ";"UOP01-DEL02-RJ"
529516;2023-06-14;"quarta-feira";"15:45:00";"MG";40;594;"OURO PRETO";"Demais falhas mecânicas ou elétricas";"Derramamento de carga";"Sem Vítimas";"Pleno dia";"Crescente";"Céu Claro";"Simples";"Reta;Aclive";"Não";2;0;0;0;1;2;0;3;-20,39632706;-43,90313706;"SPRF-MG";"DEL05-MG";"UOP02-DEL05-MG"
529520;2023-06-14;"quarta-feira";"18:20:00";"PB";230;374,4;"CONDADO";"Transitar na contramão";"Colisão frontal";"Sem Vítimas";"Plena Noite";"Decrescente";"Chuva";"Simples";"Reta";"Não";2;0;0;0;1;1;0;2;-6,9068;-37,5834;"SPRF-PB";"DEL03-PB";"UOP02-DEL03-PB"
529526;2023-06-14;"quarta-feira";"18:25:00";"PR";277;12;"PARANAGUA";"Estacionar ou parar em local proibido";"Colisão lateral mesmo sentido";"Sem Vítimas";"Anoitecer";"Crescente";"Chuva";"Dupla";"Reta";"Não";4;0;0;0;3;4;0;7;-25,56307321;-48,63685661;"SPRF-PR";"DEL01-PR";"UOP05-DEL01-PR"
529527;2023-06-14;"quarta-feira";"21:00:00";"PR";277;473,9;"NOVA LARANJEIRAS";"Velocidade Incompatível";"Tombamento";"Com Vítimas Feridas";"Plena Noite";"Crescente";"Chuva";"Simples";"Aclive;Curva";"Não";2;0;1;0;0;1;1;2;-25,31228529;-52,52903626;"SPRF-PR";"DEL04-PR";"UOP02-DEL04-PR"
529531;2023-06-14;"quarta-feira";"13:30:00";"PE";424;47,9;"VENTUROSA";"Reação tardia ou ineficiente do condutor";"Saída de leito carroçável";"Com Vítimas Feridas";"Pleno dia";"Decrescente";"Céu Claro";"Simples";"Curva;Declive";"Não";2;0;1;0;0;1;1;2;-8,69835023;-36,78668889;"SPRF-PE";"DEL03-PE";"UOP01-DEL03-PE"