"id";"data_inversa";"dia_semana";"horario";"uf";"br";"km";"municipio";"causa_acidente";"tipo_acidente";"classificacao_acidente";"fase_dia";"sentido_via";"condicao_metereologica";"tipo_pista";"tracado_via";"uso_solo";"pessoas";"mortos";"feridos_leves";"feridos_graves";"ilesos";"ignorados";"feridos";"veiculos";"latitude";"longitude";"regional";"delegacia";"uop"
529532;2023-06-14;"quarta-feira";"22:20:00";"PR";376;590;"CURITIBA";"Reação tardia ou ineficiente do condutor";"Colisão traseira";"Com Vítimas Feridas";"Pleno dia";"Decrescente";"Chuva";"Dupla";"Reta";"Sim";3;0;0;1;1;1;1;3;-25,45155592;-49,36237578;"SPRF-PR";"DEL01-PR";"UOP06-DEL01-PR"
529534;2023-06-14;"quarta-feira";"22:40:00";"PB";116;11,1;"CACHOEIRA DOS INDIOS";"Velocidade Incompatível";"Saída de leito carroçável";"Com Vítimas Fatais";"Plena Noite";"Crescente";"Chuva";"Simples";"Curva;Declive";"Não";2;1;0;1;0;0;1;1;-6,988112;-38,744367;"SPRF-CE";"DEL05-CE";"UOP03-DEL05-CE"
529538;2023-06-14;"quarta-feira";"21:00:00";"MG";381;367;"SAO GONCALO DO RIO ABAIXO";"Velocidade Incompatível";"Tombamento";"Com Vítimas Feridas";"Plena Noite";"Decrescente";"Céu Claro";"Simples";"Curva";"Não";2;0;1;0;0;1;1;2;-19,84959351;-43,27455396;"SPRF-MG";"DEL03-MG";"UOP01-DEL03-MG"
529542;2023-06-14;"quarta-feira";"23:20:00";"SC";101;79,3;"ARAQUARI";"Ingestão de álcool pelo condutor";"Colisão transversal";"Sem Vítimas";"Plena Noite";"Decrescente";"Chuva";"Múltipla";"Reta";"Sim";3;0;0;0;2;1;0;3;-26,58559601;-48,72192112;"SPRF-SC";"DEL03-SC";"UOP02-DEL03-SC"
529546;2023-06-15;"quinta-feira";"03:30:00";"PR";369;485;"CORBELIA";"Transitar na contramão";"Colisão frontal";"Sem Vítimas";"Plena Noite";"Crescente";"Chuva";"Simples";"Reta";"Não";2;0;0;0;1;1;0;2;-24,6769;-53,2222;"SPRF-PR";"DEL04-PR";"UOP03-DEL04-PR"
529551;2023-06-15;"quinta-feira";"05:30:00";"RS";386;432,7;"NOVA SANTA RITA";"Ausência de reação do condutor";"Colisão lateral mesmo sentido";"Com Vítimas Feridas";"Plena Noite";"Decrescente";"Chuva";"Dupla";"Reta";"Não";4;0;0;1;1;2;1;4;-29,839973;-51,294933;"SPRF-RS";"DEL04-RS";"UOP02-DEL04-RS"
529553;2023-06-15;"quinta-feira";"06:45:00";"SC";101;211,6;"PALHOCA";"Condutor deixou de manter distância do veículo da frente";"Colisão traseira";"Com Vítimas Feridas";"Amanhecer";"Decrescente";"Chuva";"Múltipla";"Reta";"Sim";3;0;2;0;1;0;2;2;-27,62329313;-48,65245588;"SPRF-SC";"DEL01-SC";"UOP02-DEL01-SC"
529561;2023-06-15;"quinta-feira";"02:30:00";"RJ";40;124;"DUQUE DE CAXIAS";"Acesso irregular";"Colisão traseira";"Com Vítimas Fatais";"Plena Noite";"Crescente";"Nublado";"Simples";"Curva";"Sim";6;1;0;1;1;3;1;4;-22,807953;-43,289124;"SPRF-RJ";"DEL01-RJ";"UOP01-DEL01-RJ"
529563;2023-04-22;"sábado";"17:39:00";"MG";381;510;"SAO JOAQUIM DE BICAS";"Reação tardia ou ineficiente do condutor";"Colisão traseira";"Com Vítimas Feridas";"Anoitecer";"Crescente";"Céu Claro";"Dupla";"Reta";"Sim";3;0;0;1;1;3;1;5;-20,07738209;-44,30434488;"SPRF-MG";"DEL04-MG";"UOP03-DEL04-MG"
529565;2023-06-15;"quinta-feira";"07:00:00";"MG";262;368,7;"JUATUBA";"Ausência de reação do condutor";"Colisão lateral mesmo sentido";"Com Vítimas Feridas";"Pleno dia";"Crescente";"Céu Claro";"Dupla";"Reta";"Sim";3;0;0;1;1;3;1;5;-19,97239513;-44,28042402;"SPRF-MG";"DEL01-MG";"UOP03-DEL01-MG"
529566;2023-06-14;"quarta-feira";"19:30:00";"MT";364;519;"ROSARIO OESTE";"Pista Escorregadia";"Colisão frontal";"Com Vítimas Feridas";"Plena Noite";"Crescente";"Garoa/Chuvisco";"Simples";"Reta";"Não";3;0;1;0;1;3;1;5;-15,10294599;-56,51994216;"SPRF-MT";"DEL01-MT";"UOP01-DEL01-MT"
529569;2023-04-28;"sexta-feira";"06:55:00";"PI";343;592;"FLORIANO";"Reação tardia ou ineficiente do condutor";"Tombamento";"Com Vítimas Feridas";"Pleno dia";"Decrescente";"Céu Claro";"Dupla";"Retorno Regulamentado";"Sim";2;0;0;1;1;0;1;2;-6,777731;-43,031559;"SPRF-PI";"DEL03-PI";"UOP01-DEL03-PI"
529571;2023-06-15;"quinta-feira";"08:30:00";"BA";101;162;"CONCEICAO DO JACUIPE";"Ausência de reação do condutor";"Colisão com objeto";"Com Vítimas Feridas";"Pleno dia";"Crescente";"Nublado";"Dupla";"Reta";"Não";2;0;0;1;1;0;1;2;-12,35551436;-38,782478;"SPRF-BA";"DEL01-BA";"UOP03-DEL01-BA"
529572;2023-04-20;"quinta-feira";"09:40:00";"SC";282;2,8;"FLORIANOPOLIS";"Ausência de reação do condutor";"Colisão traseira";"Com Vítimas Feridas";"Pleno dia";"Crescente";"Céu Claro";"Dupla";"Curva";"Sim";3;0;1;1;1;0;2;2;-27,603289;-48,590416;"SPRF-SC";"DEL01-SC";"UOP01-DEL01-SC"
529576;2023-06-15;"quinta-feira";"06:40:00";"MS";163;174;"JUTI";"Demais falhas mecânicas ou elétricas";"Incêndio";"Com Vítimas Feridas";"Pleno dia";"Decrescente";"Nublado";"Simples";"Reta";"Não";2;0;1;0;0;2;1;3;-22,85963099;-54,62834999;"SPRF-MS";"DEL09-MS";"UOP01-DEL09-MS"
529583;2023-06-15;"quinta-feira";"08:40:00";"PE";101;58,9;"RECIFE";"Condutor deixou de manter distância do veículo da frente";"Colisão lateral mesmo sentido";"Com Vítimas Feridas";"Pleno dia";"Crescente";"Céu Claro";"Dupla";"Ponte;Declive";"Sim";3;0;1;0;1;1;1;3;-7,97063209;-34,92064675;"SPRF-PE";"DEL01-PE";"UOP02-DEL01-PE"
529590;2023-06-11;"domingo";"22:45:00";"GO";153;613,9;"MORRINHOS";"Velocidade Incompatível";"Saída de leito carroçável";"Com Vítimas Feridas";"Plena Noite";"Crescente";"Céu Claro";"Dupla";"Curva";"Não";2;0;1;0;0;3;1;4;-17,6612;-49,168;"SPRF-GO";"DEL03-GO";"UOP01-DEL03-GO"
529593;2023-06-15;"quinta-feira";"09:32:00";"MA";135;13,9;"SAO LUIS";"Manobra de mudança de faixa";"Colisão lateral mesmo sentido";"Com Vítimas Feridas";"Pleno dia";"Crescente";"Céu Claro";"Dupla";"Reta";"Sim";5;0;1;1;1;3;2;5;-2,68053538;-44,29512283;"SPRF-MA";"DEL01-MA";"UOP01-DEL01-MA"
529594;2023-06-15;"quinta-feira";"10:00:00";"PE";101;37,2;"ITAPISSUMA";"Ausência de reação do condutor";"Colisão transversal";"Sem Vítimas";"Pleno dia";"Decrescente";"Garoa/Chuvisco";"Dupla";"Reta";"Não";3;0;0;0;2;2;0;4;-7,79726705;-34,9274932;"SPRF-PE";"DEL01-PE";"UOP02-DEL01-PE"
529598;2023-05-06;"sábado";"23:00:00";"MT";364;497;"JANGADA";"Ausência de reação do condutor";"Saída de leito carroçável";"Com Vítimas Fatais";"Plena Noite";"Decrescente";"Céu Claro";"Simples";"Reta";"Não";4;1;0;0;2;6;0;9;-15,211726;-56,504033;"SPRF-MT";"DEL01-MT";"UOP02-DEL01-MT"
529603;2023-02-18;"sábado";"21:00:00";"GO";153;216;"URUACU";"Condutor deixou de manter distância do veículo da frente";"Colisão traseira";"Com Vítimas Feridas";"Plena Noite";"Decrescente";"Chuva";"Simples";"Aclive";"Não";4;0;0;2;1;1;2;3;-14,65742;-49,190792;"SPRF-GO";"DEL07-GO";"UOP02-DEL07-GO"
529604;2023-06-15;"quinta-feira";"04:40:00";"RO";364;297;"PRESIDENTE MEDICI";"Acostamento em desnível";"Tombamento";"Com Vítimas Feridas";"Amanhecer";"Crescente";"Céu Claro";"Simples";"Declive;Reta";"Não";2;0;1;0;0;1;1;2;-11,271894;-61,902;"SPRF-RO";"DEL02-RO";"UOP01-DEL02-RO"
529610;2023-04-24;"segunda-feira";"02:30:00";"SP";116;206;"GUARULHOS";"Demais falhas mecânicas ou elétricas";"Engavetamento";"Com Vítimas Feridas";"Plena Noite";"Decrescente";"Céu Claro";"Múltipla";"Reta";"Não";3;0;2;0;1;0;2;3;-23,41722629;-46,37510292;"SPRF-SP";"DEL01-SP";"UOP01-DEL01-SP"
529614;2023-06-15;"quinta-feira";"12:40:00";"RS";386;345,3;"LAJEADO";"Ausência de reação do condutor";"Colisão traseira";"Com Vítimas Feridas";"Pleno dia";"Crescente";"Chuva";"Simples";"Em Obras;Reta;Declive";"Sim";6;0;2;0;3;1;2;4;-29,443069;-51,984135;"SPRF-RS";"DEL04-RS";"UOP01-DEL04-RS"
529617;2023-06-15;"quinta-feira";"13:30:00";"SP";116;200;"ARUJA";"Acumulo de água sobre o pavimento";"Colisão lateral mesmo sentido";"Com Vítimas Feridas";"Pleno dia";"Decrescente";"Chuva";"Dupla";"Reta";"Não";2;0;1;0;1;0;1;2;-23,40281294;-46,3211;"SPRF-SP";"DEL01-SP";"UOP01-DEL01-SP"
529620;2023-06-15;"quinta-feira";"12:20:00";"SC";101;31,8;"JOINVILLE";"Velocidade Incompatível";"Colisão com objeto";"Com Vítimas Feridas";"Pleno dia";"Decrescente";"Garoa/Chuvisco";"Dupla";"Reta";"Sim";2;0;1;0;0;1;1;2;-26,23200799;-48,91678053;"SPRF-SC";"DEL03-SC";"UOP01-DEL03-SC"
529624;2023-06-15;"quinta-feira";"07:15:00";"SC";116;31,4;"ITAIOPOLIS";"Ausência de reação do condutor";"Colisão frontal";"Com Vítimas Fatais";"Pleno dia";"Decrescente";"Chuva";"Simples";"Reta";"Não";5;2;0;1;1;3;1;5;-26,318493;-49,973518;"SPRF-SC";"DEL06-SC";"UOP01-DEL06-SC"
529625;2023-06-15;"quinta-feira";"11:00:00";"PR";153;491,9;"GENERAL CARNEIRO";"Frear bruscamente";"Colisão traseira";"Com Vítimas Feridas";"Pleno dia";"Crescente";"Chuva";"Simples";"Reta";"Sim";3;0;0;1;1;1;1;3;-26,42815367;-51,31203175;"SPRF-PR";"DEL02-PR";"UOP03-DEL02-PR"
529630;2023-06-15;"quinta-feira";"14:00:00";"SC";101;118;"ITAJAI";"Manobra de mudança de faixa";"Colisão lateral mesmo sentido";"Com Vítimas Feridas";"Pleno dia";"Crescente";"Chuva";"Dupla";"Reta";"Não";3;0;1;0;1;1;1;3;-26,895859;-48,71903;"SPRF-SC";"DEL04-SC";"UOP04-DEL04-SC"
529633;2023-04-25;"terça-feira";"13:35:00";"BA";116;420;"FEIRA DE SANTANA";"Ausência de reação do condutor";"Engavetamento";"Com Vítimas Feridas";"Pleno dia";"Crescente";"Céu Claro";"Dupla";"Reta";"Sim";4;0;0;1;3;0;1;4;-12,20321398;-38,96555531;"SPRF-BA";"DEL02-BA";"UOP01-DEL02-BA"
529636;2023-06-15;"quinta-feira";"15:40:00";"BA";324;414;"FEIRA DE SANTANA";"Acessar a via sem observar a presença dos outros veículos";"Colisão traseira";"Com Vítimas Feridas";"Pleno dia";"Decrescente";"Céu Claro";"Dupla";"Reta;Declive";"Sim";5;0;4;0;1;0;4;2;-12,1623;-38,9649;"SPRF-BA";"DEL04-BA";"UOP02-DEL04-BA"
529637;2023-06-15;"quinta-feira";"15:18:00";"PB";101;95;"CONDE";"Acessar a via sem observar a presença dos outros veículos";"Colisão transversal";"Com Vítimas Feridas";"Pleno dia";"Decrescente";"Céu Claro";"Dupla";"Reta";"Sim";2;0;1;0;1;0;1;2;-7,22379403;-34,91488195;"SPRF-PB";"DEL01-PB";"UOP02-DEL01-PB"
529640;2023-06-15;"quinta-feira";"15:00:00";"PR";277;49,3;"MORRETES";"Ingestão de álcool pelo condutor";"Saída de leito carroçável";"Sem Vítimas";"Pleno dia";"Decrescente";"Nublado";"Dupla";"Reta";"Não";2;0;0;0;1;1;0;2;-25,58910487;-48,93974662;"SPRF-PR";"DEL01-PR";"UOP01-DEL01-PR"
529642;2023-06-15;"quinta-feira";"16:25:00";"MG";381;845;"SAO SEBASTIAO DA BELA VISTA";"Ausência de reação do condutor";"Colisão traseira";"Com Vítimas Feridas";"Pleno dia";"Decrescente";"Chuva";"Dupla";"Reta";"Não";5;0;0;2;1;2;2;4;-22,23698876;-45,87928703;"SPRF-MG";"DEL16-MG";"UOP01-DEL16-MG"
529644;2023-06-15;"quinta-feira";"16:30:00";"PR";376;666,2;"GUARATUBA";"Velocidade Incompatível";"Tombamento";"Com Vítimas Feridas";"Pleno dia";"Crescente";"Nublado";"Dupla";"Declive;Curva";"Não";2;0;1;0;0;1;1;2;-25,86037408;-48,95087256;"SPRF-PR";"DEL01-PR";"UOP04-DEL01-PR"
529647;2023-06-15;"quinta-feira";"14:39:00";"MT";163;750;"SORRISO";"Manobra de mudança de faixa";"Colisão transversal";"Com Vítimas Feridas";"Pleno dia";"Decrescente";"Céu Claro";"Dupla";"Retorno Regulamentado";"Sim";3;0;0;1;1;2;1;4;-12,57326243;-55,72795535;"SPRF-MT";"DEL06-MT";"UOP01-DEL06-MT"
529648;2023-06-15;"quinta-feira";"16:20:00";"SC";282;17,8;"PALHOCA";"Reação tardia ou ineficiente do condutor";"Colisão traseira";"Com Vítimas Feridas";"Pleno dia";"Decrescente";"Chuva";"Simples";"Reta";"Sim";2;0;1;0;1;0;1;2;-27,665707;-48,688065;"SPRF-SC";"DEL01-SC";"UOP02-DEL01-SC"
529650;2023-06-15;"quinta-feira";"14:00:00";"PR";116;189;"CAMPO DO TENENTE";"Desrespeitar a preferência no cruzamento";"Colisão transversal";"Com Vítimas Feridas";"Pleno dia";"Decrescente";"Garoa/Chuvisco";"Simples";"Interseção de Vias;Reta;Rotatória";"Não";2;0;1;0;1;0;1;2;-25,94704813;-49,64358785;"SPRF-PR";"DEL01-PR";"UOP03-DEL01-PR"
529654;2023-06-15;"quinta-feira";"14:00:00";"SP";116;500;"CAJATI";"Pista Escorregadia";"Saída de leito carroçável";"Com Vítimas Feridas";"Pleno dia";"Crescente";"Garoa/Chuvisco";"Múltipla";"Curva";"Não";4;0;1;0;2;1;1;3;-24,78162109;-48,18342711;"SPRF-SP";"DEL05-SP";"UOP02-DEL05-SP"
529656;2023-06-15;"quinta-feira";"16:01:00";"TO";153;701,5;"CARIRI DO TOCANTINS";"Acessar a via sem observar a presença dos outros veículos";"Colisão transversal";"Com Vítimas Feridas";"Pleno dia";"Crescente";"Céu Claro";"Simples";"Reta";"Não";4;0;1;0;2;2;1;4;-11,9609026;-49,19947692;"SPRF-TO";"DEL01-TO";"UOP02-DEL01-TO"
529660;2023-06-15;"quinta-feira";"14:30:00";"RO";364;382,7;"OURO PRETO DO OESTE";"Ausência de reação do condutor";"Colisão traseira";"Com Vítimas Feridas";"Pleno dia";"Crescente";"Céu Claro";"Simples";"Curva;Aclive";"Não";3;0;1;0;1;3;1;5;-10,72605374;-62,23652595;"SPRF-RO";"DEL02-RO";"UOP01-DEL02-RO"
529663;2023-06-15;"quinta-feira";"18:05:00";"RS";386;344,5;"LAJEADO";"Acessar a via sem observar a presença dos outros veículos";"Queda de ocupante de veículo";"Com Vítimas Feridas";"Plena Noite";"Crescente";"Chuva";"Simples";"Em Obras;Declive;Reta";"Sim";2;0;0;1;0;1;1;2;-29,439268;-51,993633;"SPRF-RS";"DEL04-RS";"UOP01-DEL04-RS"
529665;2023-06-15;"quinta-feira";"18:30:00";"CE";116;483,6;"MILAGRES";"Pista Escorregadia";"Colisão frontal";"Com Vítimas Fatais";"Plena Noite";"Decrescente";"Chuva";"Simples";"Reta";"Não";3;1;0;0;1;1;0;3;-7,30553661;-38,91991281;"SPRF-CE";"DEL05-CE";"UOP03-DEL05-CE"
529677;2023-06-15;"quinta-feira";"17:53:00";"PI";316;44,9;"LAGOA DO PIAUI";"Ultrapassagem Indevida";"Colisão lateral mesmo sentido";"Com Vítimas Feridas";"Anoitecer";"Crescente";"Nublado";"Simples";"Reta";"Não";4;0;1;0;2;2;1;4;-5,43754797;-42,63447174;"SPRF-PI";"DEL01-PI";"UOP02-DEL01-PI"
529679;2023-06-15;"quinta-feira";"17:20:00";"RS";470;219;"BENTO GONCALVES";"Acumulo de água sobre o pavimento";"Colisão lateral mesmo sentido";"Com Vítimas Feridas";"Anoitecer";"Crescente";"Chuva";"Dupla";"Curva;Aclive";"Não";3;0;1;0;2;0;1;3;-29,17909489;-51,51855675;"SPRF-RS";"DEL06-RS";"UOP01-DEL06-RS"
529682;2023-06-15;"quinta-feira";"18:23:00";"SP";116;102;"PINDAMONHANGABA";"Condutor deixou de manter distância do veículo da frente";"Colisão traseira";"Com Vítimas Feridas";"Plena Noite";"Decrescente";"Chuva";"Dupla";"Reta";"Não";4;0;1;1;1;1;2;4;-22,99497994;-45,48951403;"SPRF-SP";"DEL08-SP";"UOP01-DEL08-SP"
529687;2023-06-15;"quinta-feira";"19:25:00";"TO";153;785;"TALISMA";"Mal súbito do condutor";"Colisão lateral sentido oposto";"Com Vítimas Feridas";"Plena Noite";"Crescente";"Céu Claro";"Simples";"Reta";"Não";4;0;1;1;1;1;2;3;-12,68421396;-49,06938618;"SPRF-TO";"DEL01-TO";"UOP02-DEL01-TO"
529688;2023-06-15;"quinta-feira";"17:40:00";"CE";222;108;"ITAPAJE";"Pista esburacada";"Tombamento";"Sem Vítimas";"Anoitecer";"Decrescente";"Chuva";"Simples";"Reta";"Não";1;0;0;0;1;0;0;1;-3,76280807;-39,47940301;"SPRF-CE";"DEL04-CE";"UOP03-DEL04-CE"
529691;2023-06-15;"quinta-feira";"09:40:00";"PB";104;88;"REMIGIO";"Reação tardia ou ineficiente do condutor";"Colisão transversal";"Com Vítimas Feridas";"Pleno dia";"Crescente";"Nublado";"Simples";"Reta";"Sim";3;0;2;0;1;0;2;2;-6,97062252;-35,80045324;"SPRF-PB";"DEL02-PB";"UOP04-DEL02-PB"
529693;2023-06-15;"quinta-feira";"20:10:00";"PR";369;107,1;"URAI";"Demais falhas mecânicas ou elétricas";"Incêndio";"Sem Vítimas";"Plena Noite";"Decrescente";"Nublado";"Dupla";"Reta";"Não";1;0;0;0;1;0;0;1;-23,26321;-50,781335;"SPRF-PR";"DEL07-PR";"UOP05-DEL07-PR"
529694;2023-06-15;"quinta-feira";"17:30:00";"SC";470;65,2;"INDAIAL";"Condutor deixou de manter distância do veículo da frente";"Colisão lateral mesmo sentido";"Com Vítimas Feridas";"Anoitecer";"Crescente";"Garoa/Chuvisco";"Simples";"Reta;Em Obras";"Não";3;0;0;1;1;1;1;3;-26,87062;-49,21379;"SPRF-SC";"DEL04-SC";"UOP01-DEL04-SC"
529697;2023-06-15;"quinta-feira";"20:40:00";"RS";101;28;"TRES CACHOEIRAS";"Velocidade Incompatível";"Colisão traseira";"Com Vítimas Feridas";"Plena Noite";"Crescente";"Chuva";"Dupla";"Reta";"Não";4;0;2;0;1;1;2;3;-29,46628752;-49,95379023;"SPRF-RS";"DEL03-RS";"UOP02-DEL03-RS"
529700;2023-06-15;"quinta-feira";"20:35:00";"MG";40;658,6;"CRISTIANO OTONI";"Acessar a via sem observar a presença dos outros veículos";"Tombamento";"Com Vítimas Fatais";"Plena Noite";"Crescente";"Céu Claro";"Simples";"Interseção de Vias;Reta;Retorno Regulamentado";"Não";4;1;0;0;2;1;0;4;-20,891788;-43,817051;"SPRF-MG";"DEL05-MG";"UOP02-DEL05-MG"
529707;2023-06-15;"quinta-feira";"21:33:00";"MG";50;69;"UBERLANDIA";"Carga excessiva e/ou mal acondicionada";"Derramamento de carga";"Com Vítimas Feridas";"Plena Noite";"Crescente";"Céu Claro";"Dupla";"Reta";"Sim";4;0;0;1;2;1;1;4;-18,85140204;-48,25345932;"SPRF-MG";"DEL15-MG";"UOP01-DEL15-MG"
529714;2023-06-15;"quinta-feira";"19:30:00";"PI";135;374;"BOM JESUS";"Ingestão de álcool pelo condutor";"Colisão traseira";"Com Vítimas Feridas";"Plena Noite";"Decrescente";"Céu Claro";"Simples";"Reta";"Sim";2;0;1;0;1;0;1;2;-9,23222695;-44,45708609;"SPRF-PI";"DEL03-PI";"UOP02-DEL03-PI"
529720;2023-06-16;"sexta-feira";"00:15:00";"PE";424;19,3;"PEDRA";"Manobra de mudança de faixa";"Colisão frontal";"Com Vítimas Feridas";"Plena Noite";"Crescente";"Céu Claro";"Simples";"Reta";"Sim";4;0;1;1;1;1;2;3;-8,505358;-36,932062;"SPRF-PE";"DEL04-PE";"UOP02-DEL04-PE"
529721;2023-06-16;"sexta-feira";"00:45:00";"MG";40;568,5;"NOVA LIMA";"Manobra de mudança de faixa";"Colisão frontal";"Com Vítimas Fatais";"Plena Noite";"Crescente";"Céu Claro";"Simples";"Reta";"Não";2;1;0;0;1;0;0;2;-20,20195702;-43,97518158;"SPRF-MG";"DEL01-MG";"UOP02-DEL01-MG"
529722;2023-06-16;"sexta-feira";"01:35:00";"RJ";101;83;"CAMPOS DOS GOYTACAZES";"Velocidade Incompatível";"Tombamento";"Com Vítimas Feridas";"Plena Noite";"Decrescente";"Céu Claro";"Simples";"Curva";"Sim";1;0;1;0;0;0;1;1;-21,820696;-41,468283;"SPRF-RJ";"DEL08-RJ";"UOP02-DEL08-RJ"
529728;2023-06-16;"sexta-feira";"02:50:00";"PR";277;4;"PARANAGUA";"Objeto estático sobre o leito carroçável";"Colisão com objeto";"Com Vítimas Feridas";"Plena Noite";"Crescente";"Nublado";"Simples";"Reta";"Sim";2;0;1;0;0;2;1;3;-25,555235;-48,563636;"SPRF-PR";"DEL01-PR";"UOP05-DEL01-PR"
529735;2023-06-16;"sexta-feira";"05:28:00";"GO";50;108,7;"CRISTALINA";"Condutor Dormindo";"Saída de leito carroçável";"Com Vítimas Feridas";"Amanhecer";"Decrescente";"Céu Claro";"Dupla";"Reta";"Não";7;0;6;0;0;3;6;4;-16,9309;-47,7117;"SPRF-DF";"DEL01-DF";"UOP02-DEL01-DF"
529737;2023-06-16;"sexta-feira";"06:33:00";"GO";153;597,5;"MORRINHOS";"Ausência de sinalização";"Tombamento";"Com Vítimas Feridas";"Plena Noite";"Decrescente";"Nublado";"Simples";"Interseção de Vias";"Não";1;0;1;0;0;0;1;1;-17,5271;-49,2152;"SPRF-GO";"DEL03-GO";"UOP01-DEL03-GO"
529740;2023-06-16;"sexta-feira";"06:05:00";"SC";282;16,2;"PALHOCA";"Reação tardia ou ineficiente do condutor";"Colisão traseira";"Com Vítimas Feridas";"Pleno dia";"Decrescente";"Céu Claro";"Simples";"Reta";"Sim";4;0;1;0;2;1;1;3;-27,658611;-48,681847;"SPRF-SC";"DEL01-SC";"UOP02-DEL01-SC"
529746;2023-06-16;"sexta-feira";"05:50:00";"RS";386;132;"SARANDI";"Carga excessiva e/ou mal acondicionada";"Derramamento de carga";"Sem Vítimas";"Plena Noite";"Decrescente";"Garoa/Chuvisco";"Simples";"Reta";"Sim";2;0;0;0;1;1;0;2;-27,945366;-52,931618;"SPRF-RS";"DEL08-RS";"UOP01-DEL08-RS"
529752;2023-06-16;"sexta-feira";"06:00:00";"MG";381;401,8;"BOM JESUS DO AMPARO";"Condutor Dormindo";"Colisão traseira";"Com Vítimas Feridas";"Amanhecer";"Crescente";"Ignorado";"Simples";"Reta";"Não";6;0;2;2;1;1;4;3;-19,74743793;-43,52145519;"SPRF-MG";"DEL01-MG";"UOP01-DEL01-MG"
529758;2023-06-16;"sexta-feira";"05:00:00";"MG";365;495;"PATROCINIO";"Reação tardia ou ineficiente do condutor";"Saída de leito carroçável";"Com Vítimas Fatais";"Amanhecer";"Decrescente";"Céu Claro";"Simples";"Aclive";"Sim";1;1;0;0;0;0;0;1;-18,917469;-47,203773;"SPRF-MG";"DEL10-MG";"UOP01-DEL10-MG"
529762;2023-06-16;"sexta-feira";"06:30:00";"PA";308;155;"CAPANEMA";"Reação tardia ou ineficiente do condutor";"Engavetamento";"Com Vítimas Feridas";"Pleno dia";"Decrescente";"Céu Claro";"Simples";"Declive;Curva";"Sim";5;0;0;1;4;0;1;3;-1,20989609;-47,14983403;"SPRF-PA";"DEL01-PA";"UOP03-DEL01-PA"
529766;2023-06-16;"sexta-feira";"06:25:00";"BA";324;1,1;"FEIRA DE SANTANA";"Acessar a via sem observar a presença dos outros veículos";"Colisão traseira";"Sem Vítimas";"Pleno dia";"Decrescente";"Nublado";"Dupla";"Reta";"Sim";3;0;0;0;2;2;0;4;-12,27935197;-38,94149065;"SPRF-BA";"DEL02-BA";"UOP01-DEL02-BA"
529772;2023-06-16;"sexta-feira";"07:15:00";"MG";381;424;"CAETE";"Velocidade Incompatível";"Colisão com objeto";"Com Vítimas Feridas";"Pleno dia";"Decrescente";"Céu Claro";"Dupla";"Reta";"Não";2;0;0;1;0;1;1;2;-19,78291797;-43,66412044;"SPRF-MG";"DEL01-MG";"UOP01-DEL01-MG"
529774;2023-06-16;"sexta-feira";"07:15:00";"MT";364;204;"RONDONOPOLIS";"Ultrapassagem Indevida";"Colisão lateral mesmo sentido";"Com Vítimas Fatais";"Pleno dia";"Crescente";"Céu Claro";"Dupla";"Reta";"Sim";5;2;0;0;1;2;0;4;-16,467325;-54,657196;"SPRF-MT";"DEL02-MT";"UOP01-DEL02-MT"
529776;2023-06-15;"quinta-feira";"20:30:00";"PR";153;520,7;"GENERAL CARNEIRO";"Transitar na contramão";"Colisão frontal";"Com Vítimas Fatais";"Plena Noite";"Crescente";"Garoa/Chuvisco";"Simples";"Curva";"Não";3;1;0;1;0;1;1;3;-26,601204;-51,463485;"SPRF-PR";"DEL02-PR";"UOP03-DEL02-PR"
529777;2023-06-16;"sexta-feira";"09:05:00";"SP";116;227,6;"GUARULHOS";"Reação tardia ou ineficiente do condutor";"Colisão traseira";"Com Vítimas Feridas";"Pleno dia";"Crescente";"Céu Claro";"Dupla";"Reta";"Sim";2;0;1;0;1;0;1;2;-23,49659264;-46,55648754;"SPRF-SP";"DEL01-SP";"UOP01-DEL01-SP"
529781;2023-06-15;"quinta-feira";"17:20:00";"PR";376;462;"PONTA GROSSA";"Ausência de reação do condutor";"Tombamento";"Com Vítimas Feridas";"Anoitecer";"Decrescente";"Garoa/Chuvisco";"Dupla";"Reta;Aclive";"Não";2;0;1;0;0;2;1;3;-25,01599;-50,338458;"SPRF-PR";"DEL03-PR";"UOP01-DEL03-PR"
529786;2023-06-16;"sexta-feira";"09:10:00";"RJ";116;174;"SAO JOAO DE MERITI";"Condutor deixou de manter distância do veículo da frente";"Colisão traseira";"Com Vítimas Feridas";"Pleno dia";"Decrescente";"Céu Claro";"Dupla";"Reta";"Sim";4;0;1;0;3;0;1;3;-22,79454286;-43,36404269;"SPRF-RJ";"DEL01-RJ";"UOP02-DEL01-RJ"
529791;2023-06-16;"sexta-feira";"09:00:00";"ES";101;269;"SERRA";"Acessar a via sem observar a presença dos outros veículos";"Queda de ocupante de veículo";"Com Vítimas Feridas";"Pleno dia";"Decrescente";"Céu Claro";"Múltipla";"Reta";"Não";2;0;1;0;1;0;1;2;-20,21740496;-40,26990578;"SPRF-ES";"DEL02-ES";"UOP01-DEL02-ES"
529793;2023-06-16;"sexta-feira";"08:40:00";"RJ";101;285;"ITABORAI";"Manobra de mudança de faixa";"Colisão lateral mesmo sentido";"Sem Vítimas";"Pleno dia";"Crescente";"Céu Claro";"Dupla";"Reta";"Sim";3;0;0;0;2;1;0;3;-22,7498742;-42,81644087;"SPRF-RJ";"DEL02-RJ";"UOP02-DEL02-RJ"