"id";"data_inversa";"dia_semana";"horario";"uf";"br";"km";"municipio";"causa_acidente";"tipo_acidente";"classificacao_acidente";"fase_dia";"sentido_via";"condicao_metereologica";"tipo_pista";"tracado_via";"uso_solo";"pessoas";"mortos";"feridos_leves";"feridos_graves";"ilesos";"ignorados";"feridos";"veiculos";"latitude";"longitude";"regional";"delegacia";"uop"
529795;2023-06-16;"sexta-feira";"07:00:00";"PI";316;117;"PASSAGEM FRANCA DO PIAUI";"Carga excessiva e/ou mal acondicionada";"Tombamento";"Com Vítimas Feridas";"Plena Noite";"Decrescente";"Nublado";"Simples";"Reta";"Não";1;0;1;0;0;0;1;1;-5,93319732;-42,38002737;"SPRF-PI";"DEL04-PI";"UOP02-DEL04-PI"
529796;2023-06-16;"sexta-feira";"09:30:00";"BA";116;676;"JEQUIE";"Ingestão de álcool pelo condutor";"Colisão frontal";"Com Vítimas Feridas";"Pleno dia";"Decrescente";"Céu Claro";"Simples";"Curva";"Não";3;0;1;1;0;2;2;4;-13,83349688;-40,1065688;"SPRF-BA";"DEL03-BA";"UOP01-DEL03-BA"
529801;2023-06-16;"sexta-feira";"10:30:00";"PB";230;135,4;"MASSARANDUBA";"Velocidade Incompatível";"Colisão com objeto";"Sem Vítimas";"Pleno dia";"Decrescente";"Nublado";"Dupla";"Interseção de Vias;Retorno Regulamentado;Reta;Declive";"Não";1;0;0;0;1;0;0;1;-7,281406;-35,769794;"SPRF-PB";"DEL02-PB";"UOP01-DEL02-PB"
529805;2023-06-16;"sexta-feira";"07:30:00";"RO";364;285;"PRESIDENTE MEDICI";"Ausência de reação do condutor";"Colisão traseira";"Com Vítimas Feridas";"Pleno dia";"Decrescente";"Céu Claro";"Simples";"Reta";"Não";4;0;0;1;2;6;1;9;-11,3628587;-61,84606267;"SPRF-RO";"DEL02-RO";"UOP01-DEL02-RO"
529808;2023-06-16;"sexta-feira";"05:11:00";"BA";116;318,6;"ARACI";"Condutor Dormindo";"Colisão frontal";"Com Vítimas Fatais";"Plena Noite";"Crescente";"Céu Claro";"Simples";"Reta";"Não";11;1;2;4;3;1;6;5;-11,31489323;-38,9451956;"SPRF-BA";"DEL02-BA";"UOP01-DEL02-BA"
529809;2023-06-16;"sexta-feira";"11:48:00";"ES";101;269;"SERRA";"Manobra de mudança de faixa";"Colisão lateral mesmo sentido";"Com Vítimas Feridas";"Pleno dia";"Crescente";"Céu Claro";"Dupla";"Interseção de Vias;Reta";"Sim";2;0;1;0;1;0;1;2;-20,21740496;-40,26990578;"SPRF-ES";"DEL02-ES";"UOP01-DEL02-ES"
529810;2023-06-16;"sexta-feira";"10:30:00";"RN";304;283;"MACAIBA";"Reação tardia ou ineficiente do condutor";"Colisão traseira";"Sem Vítimas";"Pleno dia";"Decrescente";"Nublado";"Múltipla";"Reta";"Não";2;0;0;0;1;1;0;2;-5,88178314;-35,46369696;"SPRF-RN";"DEL01-RN";"UOP02-DEL01-RN"
529811;2023-06-16;"sexta-feira";"11:50:00";"RJ";116;177;"SAO JOAO DE MERITI";"Manobra de mudança de faixa";"Colisão traseira";"Com Vítimas Feridas";"Pleno dia";"Crescente";"Nublado";"Dupla";"Reta";"Não";3;0;1;0;1;1;1;3;-22,78055198;-43,39208599;"SPRF-RJ";"DEL01-RJ";"UOP02-DEL01-RJ"
529815;2023-06-16;"sexta-feira";"08:42:00";"PR";277;491,9;"NOVA LARANJEIRAS";"Demais falhas mecânicas ou elétricas";"Tombamento";"Sem Vítimas";"Pleno dia";"Decrescente";"Nevoeiro/Neblina";"Simples";"Aclive;Reta";"Não";2;0;0;0;1;1;0;2;-25,23353017;-52,6472803;"SPRF-PR";"DEL04-PR";"UOP02-DEL04-PR"
529817;2023-06-16;"sexta-feira";"12:00:00";"RJ";116;139,7;"MAGE";"Condutor deixou de manter distância do veículo da frente";"Colisão lateral mesmo sentido";"Sem Vítimas";"Pleno dia";"Crescente";"Céu Claro";"Dupla";"Reta";"Sim";3;0;0;0;2;1;0;3;-22,64655224;-43,20138601;"SPRF-RJ";"DEL01-RJ";"UOP01-DEL01-RJ"
529818;2023-06-16;"sexta-feira";"10:30:00";"PR";277;661,8;"MATELANDIA";"Ausência de reação do condutor";"Saída de leito carroçável";"Com Vítimas Feridas";"Pleno dia";"Crescente";"Nublado";"Dupla";"Reta";"Não";2;0;1;0;0;1;1;2;-25,25275526;-53,99939905;"SPRF-PR";"DEL05-PR";"UOP02-DEL05-PR"
529819;2023-06-16;"sexta-feira";"10:10:00";"SC";282;563;"NOVA ERECHIM";"Desrespeitar a preferência no cruzamento";"Colisão lateral sentido oposto";"Com Vítimas Feridas";"Pleno dia";"Crescente";"Chuva";"Múltipla";"Aclive;Reta";"Não";2;0;1;0;1;0;1;2;-26,902191;-52,868835;"SPRF-SC";"DEL07-SC";"UOP02-DEL07-SC"
529820;2023-06-15;"quinta-feira";"05:50:00";"BA";101;535;"BUERAREMA";"Chuva";"Tombamento";"Com Vítimas Feridas";"Amanhecer";"Decrescente";"Chuva";"Simples";"Curva;Declive";"Não";3;0;3;0;0;0;3;1;-15,01090059;-39,32976797;"SPRF-BA";"DEL05-BA";"UOP01-DEL05-BA"
529822;2023-06-15;"quinta-feira";"04:50:00";"PE";101;117;"ESCADA";"Acumulo de água sobre o pavimento";"Tombamento";"Sem Vítimas";"Pleno dia";"Decrescente";"Chuva";"Dupla";"Reta";"Não";1;0;0;0;1;0;0;1;-8,35274267;-35,15136019;"SPRF-PE";"DEL01-PE";"UOP03-DEL01-PE"
529826;2023-06-15;"quinta-feira";"17:30:00";"PR";373;223,3;"IMBITUVA";"Acessar a via sem observar a presença dos outros veículos";"Colisão lateral mesmo sentido";"Com Vítimas Feridas";"Plena Noite";"Crescente";"Céu Claro";"Simples";"Rotatória";"Não";4;0;2;0;1;2;2;4;-25,18081419;-50,59592485;"SPRF-PR";"DEL03-PR";"UOP01-DEL03-PR"
529829;2023-06-16;"sexta-feira";"12:35:00";"MG";381;707;"NEPOMUCENO";"Ausência de reação do condutor";"Colisão traseira";"Com Vítimas Feridas";"Pleno dia";"Decrescente";"Céu Claro";"Dupla";"Curva;Declive";"Não";3;0;1;0;2;0;1;2;-21,36199299;-45,19169583;"SPRF-MG";"DEL04-MG";"UOP02-DEL04-MG"
529834;2023-06-16;"sexta-feira";"14:20:00";"SC";101;100;"BALNEARIO PICARRAS";"Manobra de mudança de faixa";"Colisão lateral mesmo sentido";"Com Vítimas Feridas";"Pleno dia";"Crescente";"Sol";"Dupla";"Reta";"Não";2;0;1;0;1;0;1;2;-26,75482787;-48,68993675;"SPRF-SC";"DEL03-SC";"UOP02-DEL03-SC"
529837;2023-06-16;"sexta-feira";"14:50:00";"GO";60;88,7;"ANAPOLIS";"Condutor deixou de manter distância do veículo da frente";"Colisão traseira";"Com Vítimas Feridas";"Pleno dia";"Crescente";"Chuva";"Dupla";"Reta";"Sim";3;0;1;0;2;0;1;2;-16,3367;-48,8957;"SPRF-GO";"DEL02-GO";"UOP01-DEL02-GO"
529841;2023-06-16;"sexta-feira";"15:30:00";"GO";60;5,8;"SANTO ANTONIO DO DESCOBERTO";"Condutor Dormindo";"Saída de leito carroçável";"Com Vítimas Feridas";"Pleno dia";"Decrescente";"Nublado";"Dupla";"Reta";"Não";4;0;1;0;2;2;1;5;-16,096474;-48,283301;"SPRF-DF";"DEL03-DF";"UOP01-DEL03-DF"
529842;2023-06-16;"sexta-feira";"12:15:00";"RJ";101;67;"CAMPOS DOS GOYTACAZES";"Sinalização encoberta";"Colisão lateral mesmo sentido";"Sem Vítimas";"Pleno dia";"Decrescente";"Céu Claro";"Dupla";"Rotatória";"Sim";2;0;0;0;2;0;0;2;-21,76751094;-41,34876249;"SPRF-RJ";"DEL08-RJ";"UOP02-DEL08-RJ"
529844;2023-05-19;"sexta-feira";"11:51:00";"ES";262;162;"IBATIBA";"Acessar a via sem observar a presença dos outros veículos";"Colisão transversal";"Com Vítimas Feridas";"Pleno dia";"Crescente";"Céu Claro";"Simples";"Curva;Em Obras";"Não";4;0;0;2;1;1;2;3;-20,23593228;-41,53109078;"SPRF-ES";"DEL01-ES";"UOP02-DEL01-ES"
529849;2023-06-16;"sexta-feira";"15:15:00";"GO";60;304;"ACREUNA";"Acessar a via sem observar a presença dos outros veículos";"Colisão lateral mesmo sentido";"Sem Vítimas";"Pleno dia";"Decrescente";"Céu Claro";"Múltipla";"Reta;Retorno Regulamentado";"Sim";3;0;0;0;2;2;0;4;-17,38549423;-50,37405252;"SPRF-GO";"DEL04-GO";"UOP02-DEL04-GO"
529853;2023-06-16;"sexta-feira";"14:30:00";"MT";163;80,9;"RONDONOPOLIS";"Condutor deixou de manter distância do veículo da frente";"Colisão traseira";"Com Vítimas Fatais";"Pleno dia";"Crescente";"Nublado";"Dupla";"Em Obras;Reta;Declive";"Não";4;1;0;0;1;2;0;3;-16,81816699;-54,69093901;"SPRF-MT";"DEL02-MT";"UOP03-DEL02-MT"
529860;2023-06-16;"sexta-feira";"16:30:00";"MG";381;490;"BETIM";"Demais falhas mecânicas ou elétricas";"Colisão lateral mesmo sentido";"Com Vítimas Feridas";"Pleno dia";"Decrescente";"Céu Claro";"Simples";"Declive";"Não";5;0;1;0;3;1;1;5;-19,96502819;-44,17422195;"SPRF-MG";"DEL01-MG";"UOP03-DEL01-MG"
529871;2023-06-16;"sexta-feira";"16:00:00";"PE";101;47;"IGARASSU";"Pedestre andava na pista";"Atropelamento de Pedestre";"Com Vítimas Fatais";"Pleno dia";"Crescente";"Nublado";"Múltipla";"Reta";"Sim";3;1;0;0;1;2;0;4;-7,880901;-34,905231;"SPRF-PE";"DEL01-PE";"UOP02-DEL01-PE"
529872;2023-06-16;"sexta-feira";"15:00:00";"MG";40;664,2;"CARANDAI";"Manobra de mudança de faixa";"Colisão lateral mesmo sentido";"Sem Vítimas";"Pleno dia";"Decrescente";"Nublado";"Simples";"Curva";"Não";3;0;0;0;2;2;0;4;-20,936221;-43,815868;"SPRF-MG";"DEL05-MG";"UOP02-DEL05-MG"
529876;2023-06-16;"sexta-feira";"16:40:00";"SC";280;122;"RIO NEGRINHO";"Ausência de reação do condutor";"Colisão traseira";"Com Vítimas Feridas";"Pleno dia";"Crescente";"Céu Claro";"Simples";"Reta";"Não";2;0;1;0;1;0;1;2;-26,24855895;-49,45712883;"SPRF-SC";"DEL06-SC";"UOP03-DEL06-SC"
529883;2023-06-16;"sexta-feira";"18:00:00";"SP";116;164;"JACAREI";"Trafegar com motocicleta (ou similar) entre as faixas";"Colisão lateral mesmo sentido";"Com Vítimas Feridas";"Plena Noite";"Decrescente";"Céu Claro";"Dupla";"Reta";"Não";2;0;1;0;0;1;1;2;-23,29166028;-46,00002382;"SPRF-SP";"DEL02-SP";"UOP01-DEL02-SP"
529888;2023-06-16;"sexta-feira";"15:20:00";"PR";476;265,5;"SAO MATEUS DO SUL";"Velocidade Incompatível";"Colisão lateral sentido oposto";"Com Vítimas Fatais";"Pleno dia";"Decrescente";"Céu Claro";"Simples";"Curva";"Não";4;1;3;0;0;0;3;2;-25,891741;-50,292095;"SPRF-PR";"DEL02-PR";"UOP03-DEL02-PR"
529896;2023-06-16;"sexta-feira";"18:45:00";"PR";277;134;"BALSA NOVA";"Velocidade Incompatível";"Colisão traseira";"Com Vítimas Feridas";"Plena Noite";"Decrescente";"Céu Claro";"Dupla";"Reta";"Não";3;0;1;0;1;2;1;4;-25,471;-49,675;"SPRF-PR";"DEL03-PR";"UOP03-DEL03-PR"
529897;2023-06-16;"sexta-feira";"18:30:00";"MT";163;819;"SINOP";"Reação tardia ou ineficiente do condutor";"Saída de leito carroçável";"Com Vítimas Feridas";"Plena Noite";"Crescente";"Céu Claro";"Simples";"Aclive;Reta";"Sim";3;0;1;0;1;2;1;4;-11,999193;-55,517115;"SPRF-MT";"DEL06-MT";"UOP02-DEL06-MT"
529899;2023-06-16;"sexta-feira";"13:10:00";"PR";369;100;"CORNELIO PROCOPIO";"Curva acentuada";"Tombamento";"Com Vítimas Feridas";"Pleno dia";"Crescente";"Céu Claro";"Dupla";"Curva;Declive";"Não";2;0;1;0;0;1;1;2;-23,2449;-50,7127;"SPRF-PR";"DEL07-PR";"UOP05-DEL07-PR"
529900;2023-06-16;"sexta-feira";"18:45:00";"RO";364;709;"PORTO VELHO";"Condutor deixou de manter distância do veículo da frente";"Engavetamento";"Com Vítimas Feridas";"Plena Noite";"Decrescente";"Céu Claro";"Dupla";"Reta";"Sim";3;0;1;0;2;0;1;3;-8,7909383;-63,84895617;"SPRF-RO";"DEL01-RO";"UOP01-DEL01-RO"
529901;2023-06-16;"sexta-feira";"19:00:00";"ES";262;99;"VENDA NOVA DO IMIGRANTE";"Carga excessiva e/ou mal acondicionada";"Tombamento";"Com Vítimas Feridas";"Plena Noite";"Decrescente";"Céu Claro";"Simples";"Curva";"Não";3;0;2;0;0;2;2;3;-20,35052264;-41,09312126;"SPRF-ES";"DEL01-ES";"UOP02-DEL01-ES"
529909;2023-06-16;"sexta-feira";"16:00:00";"PR";163;310;"MERCEDES";"Ingestão de substâncias psicoativas pelo condutor";"Colisão lateral sentido oposto";"Com Vítimas Feridas";"Pleno dia";"Crescente";"Céu Claro";"Simples";"Curva";"Não";3;0;1;0;1;1;1;3;-24,386427;-54,154705;"SPRF-PR";"DEL06-PR";"UOP02-DEL06-PR"
529920;2023-06-16;"sexta-feira";"16:50:00";"MG";262;431,5;"NOVA SERRANA";"Velocidade Incompatível";"Saída de leito carroçável";"Com Vítimas Fatais";"Pleno dia";"Decrescente";"Céu Claro";"Dupla";"Curva";"Não";2;1;0;0;0;1;0;2;-19,89020759;-44,83338711;"SPRF-MG";"DEL08-MG";"UOP03-DEL08-MG"
529921;2023-06-16;"sexta-feira";"20:45:00";"RS";471;464;"RIO GRANDE";"Frear bruscamente";"Colisão traseira";"Com Vítimas Feridas";"Plena Noite";"Decrescente";"Nublado";"Simples";"Reta";"Não";3;0;1;0;2;0;1;2;-32,095284;-52,31464;"SPRF-RS";"DEL07-RS";"UOP02-DEL07-RS"
529925;2023-06-16;"sexta-feira";"21:00:00";"SP";116;125;"CACAPAVA";"Transitar na contramão";"Colisão com objeto";"Com Vítimas Feridas";"Pleno dia";"Crescente";"Céu Claro";"Simples";"Declive;Retorno Regulamentado";"Não";1;0;1;0;0;0;1;1;-23,09670727;-45,6838131;"SPRF-SP";"DEL02-SP";"UOP02-DEL02-SP"
529927;2023-06-16;"sexta-feira";"19:30:00";"RN";226;220,4;"FLORANIA";"Estacionar ou parar em local proibido";"Colisão com objeto";"Com Vítimas Feridas";"Plena Noite";"Decrescente";"Céu Claro";"Simples";"Reta";"Sim";3;0;0;1;1;1;1;2;-6,13109868;-36,83145894;"SPRF-RN";"DEL03-RN";"UOP01-DEL03-RN"
529930;2023-06-16;"sexta-feira";"21:20:00";"PE";423;19;"SAO CAITANO";"Avarias e/ou desgaste excessivo no pneu";"Queda de ocupante de veículo";"Com Vítimas Fatais";"Plena Noite";"Crescente";"Céu Claro";"Dupla";"Reta";"Não";3;1;1;0;1;0;1;2;-8,33379683;-36,15201612;"SPRF-PE";"DEL03-PE";"UOP02-DEL03-PE"
529933;2023-06-16;"sexta-feira";"22:15:00";"MG";262;435;"NOVA SERRANA";"Ausência de reação do condutor";"Colisão traseira";"Com Vítimas Feridas";"Plena Noite";"Decrescente";"Chuva";"Dupla";"Reta";"Não";4;0;1;0;2;1;1;4;-19,89666118;-44,85116191;"SPRF-MG";"DEL08-MG";"UOP03-DEL08-MG"
529938;2023-06-16;"sexta-feira";"23:02:00";"GO";20;180,6;"SIMOLANDIA";"Ausência de reação do condutor";"Saída de leito carroçável";"Com Vítimas Feridas";"Plena Noite";"Decrescente";"Céu Claro";"Dupla";"Reta";"Sim";2;0;1;0;1;0;1;2;-14,473449;-46,488541;"SPRF-DF";"DEL02-DF";"UOP03-DEL02-DF"
529940;2023-06-16;"sexta-feira";"15:40:00";"PA";222;186;"BOM JESUS DO TOCANTINS";"Ausência de reação do condutor";"Colisão lateral sentido oposto";"Com Vítimas Fatais";"Pleno dia";"Crescente";"Céu Claro";"Simples";"Aclive";"Não";4;1;0;1;1;2;1;4;-5,089361;-48,710663;"SPRF-PA";"DEL03-PA";"UOP01-DEL03-PA"
529942;2023-06-16;"sexta-feira";"20:05:00";"MA";316;286;"BELA VISTA DO MARANHAO";"Entrada inopinada do pedestre";"Atropelamento de Pedestre";"Sem Vítimas";"Plena Noite";"Decrescente";"Céu Claro";"Simples";"Reta";"Não";2;0;0;0;1;1;0;2;-3,789674;-45,210686;"SPRF-MA";"DEL02-MA";"UOP01-DEL02-MA"
529944;2023-06-16;"sexta-feira";"20:50:00";"SC";280;28,8;"ARAQUARI";"Ingestão de álcool pelo condutor";"Colisão lateral mesmo sentido";"Com Vítimas Fatais";"Plena Noite";"Decrescente";"Céu Claro";"Simples";"Reta";"Sim";4;1;0;0;1;3;0;5;-26,4091844;-48,7510421;"SPRF-SC";"DEL03-SC";"UOP03-DEL03-SC"
529946;2023-06-16;"sexta-feira";"21:30:00";"RO";364;574;"ITAPUA DO OESTE";"Acostamento em desnível";"Tombamento";"Com Vítimas Feridas";"Plena Noite";"Crescente";"Céu Claro";"Simples";"Curva";"Não";2;0;1;0;0;1;1;2;-9,445375;-63,10235038;"SPRF-RO";"DEL01-RO";"UOP04-DEL01-RO"
529947;2023-06-16;"sexta-feira";"23:20:00";"PR";373;182,5;"PONTA GROSSA";"Transitar na contramão";"Colisão frontal";"Com Vítimas Fatais";"Plena Noite";"Crescente";"Nevoeiro/Neblina";"Simples";"Reta";"Sim";4;1;0;0;2;1;0;4;-25,04193864;-50,26741587;"SPRF-PR";"DEL03-PR";"UOP01-DEL03-PR"
529955;2023-06-16;"sexta-feira";"22:10:00";"RJ";101;48;"CAMPOS DOS GOYTACAZES";"Acessar a via sem observar a presença dos outros veículos";"Atropelamento de Pedestre";"Com Vítimas Feridas";"Plena Noite";"Crescente";"Nublado";"Simples";"Reta";"Sim";2;0;0;1;1;0;1;2;-21,61625895;-41,31535762;"SPRF-RJ";"DEL08-RJ";"UOP01-DEL08-RJ"
529957;2023-06-17;"sábado";"02:00:00";"SP";381;84;"SAO PAULO";"Condutor deixou de manter distância do veículo da frente";"Colisão traseira";"Com Vítimas Feridas";"Plena Noite";"Decrescente";"Céu Claro";"Dupla";"Reta";"Não";4;0;0;1;2;1;1;4;-23,43937;-46,56807;"SPRF-SP";"DEL03-SP";"UOP01-DEL03-SP"
529967;2023-06-17;"sábado";"04:00:00";"SP";116;58;"GUARATINGUETA";"Ingestão de álcool pelo condutor";"Colisão transversal";"Com Vítimas Feridas";"Plena Noite";"Crescente";"Nublado";"Dupla";"Reta";"Sim";12;0;0;3;8;1;3;5;-22,78005511;-45,14572791;"SPRF-SP";"DEL08-SP";"UOP01-DEL08-SP"
529969;2023-06-17;"sábado";"04:35:00";"SC";101;253,3;"PAULO LOPES";"Reação tardia ou ineficiente do condutor";"Saída de leito carroçável";"Sem Vítimas";"Plena Noite";"Crescente";"Céu Claro";"Dupla";"Reta";"Sim";1;0;0;0;1;0;0;1;-27,97209569;-48,67967075;"SPRF-SC";"DEL02-SC";"UOP03-DEL02-SC"
529971;2023-06-17;"sábado";"06:00:00";"RS";285;464;"IJUI";"Transitar na contramão";"Colisão frontal";"Com Vítimas Feridas";"Amanhecer";"Crescente";"Nevoeiro/Neblina";"Simples";"Reta";"Não";2;0;0;1;1;0;1;2;-28,405897;-53,945621;"SPRF-RS";"DEL10-RS";"UOP01-DEL10-RS"
529975;2023-06-17;"sábado";"06:00:00";"PR";116;98,6;"SAO JOSE DOS PINHAIS";"Velocidade Incompatível";"Engavetamento";"Com Vítimas Feridas";"Plena Noite";"Crescente";"Nublado";"Dupla";"Curva";"Não";4;0;2;0;1;1;2;4;-25,5552814;-49,1497793;"SPRF-PR";"DEL01-PR";"UOP07-DEL01-PR"
529982;2023-06-17;"sábado";"06:05:00";"PR";116;123;"FAZENDA RIO GRANDE";"Ausência de reação do condutor";"Colisão traseira";"Sem Vítimas";"Amanhecer";"Crescente";"Céu Claro";"Dupla";"Aclive;Reta";"Sim";3;0;0;0;2;1;0;3;-25,60236346;-49,31797385;"SPRF-PR";"DEL01-PR";"UOP03-DEL01-PR"
529990;2023-06-17;"sábado";"05:45:00";"MT";163;856,9;"SINOP";"Ultrapassagem Indevida";"Saída de leito carroçável";"Com Vítimas Feridas";"Amanhecer";"Crescente";"Céu Claro";"Simples";"Reta";"Não";2;0;1;0;0;1;1;2;-11,66793451;-55,44470215;"SPRF-MT";"DEL06-MT";"UOP02-DEL06-MT"
529996;2023-06-17;"sábado";"07:20:00";"MG";381;490;"BETIM";"Velocidade Incompatível";"Colisão traseira";"Com Vítimas Feridas";"Pleno dia";"Crescente";"Céu Claro";"Dupla";"Reta;Declive";"Sim";3;0;1;0;1;1;1;3;-19,96502819;-44,17422195;"SPRF-MG";"DEL01-MG";"UOP03-DEL01-MG"
529997;2023-06-17;"sábado";"05:00:00";"MA";135;54;"BACABEIRA";"Reação tardia ou ineficiente do condutor";"Colisão traseira";"Com Vítimas Feridas";"Amanhecer";"Decrescente";"Nublado";"Dupla";"Reta";"Não";4;0;3;0;1;0;3;2;-2,99822097;-44,3133313;"SPRF-MA";"DEL01-MA";"UOP02-DEL01-MA"
529998;2023-06-17;"sábado";"07:15:00";"MG";381;755;"TRES CORACOES";"Condutor Dormindo";"Colisão traseira";"Com Vítimas Feridas";"Pleno dia";"Crescente";"Sol";"Dupla";"Reta";"Não";4;0;0;1;2;1;1;3;-21,69306291;-45,35229106;"SPRF-MG";"DEL16-MG";"UOP02-DEL16-MG"
530001;2023-06-17;"sábado";"08:25:00";"RN";304;299;"MACAIBA";"Demais falhas mecânicas ou elétricas";"Colisão traseira";"Sem Vítimas";"Pleno dia";"Crescente";"Nublado";"Dupla";"Reta;Declive";"Sim";3;0;0;0;2;1;0;3;-5,87097876;-35,32410264;"SPRF-RN";"DEL01-RN";"UOP02-DEL01-RN"
530003;2023-06-17;"sábado";"02:30:00";"RS";116;132;"CAXIAS DO SUL";"Reação tardia ou ineficiente do condutor";"Tombamento";"Sem Vítimas";"Plena Noite";"Decrescente";"Céu Claro";"Simples";"Curva";"Não";3;0;0;0;2;1;0;2;-29,05058626;-51,09156082;"SPRF-RS";"DEL05-RS";"UOP01-DEL05-RS"
530008;2023-05-13;"sábado";"14:00:00";"MG";251;287;"SALINAS";"Acessar a via sem observar a presença dos outros veículos";"Colisão lateral mesmo sentido";"Com Vítimas Feridas";"Pleno dia";"Crescente";"Céu Claro";"Simples";"Reta";"Não";3;0;0;1;1;1;1;2;-16,03817554;-42,12761968;"SPRF-MG";"DEL12-MG";"UOP01-DEL12-MG"
530009;2023-06-17;"sábado";"06:30:00";"MG";153;156;"COMENDADOR GOMES";"Condutor Dormindo";"Colisão frontal";"Com Vítimas Fatais";"Amanhecer";"Crescente";"Céu Claro";"Simples";"Declive";"Não";5;2;0;2;0;1;2;3;-19,628656;-48,916283;"SPRF-MG";"DEL13-MG";"UOP02-DEL13-MG"
530017;2023-06-17;"sábado";"09:25:00";"MT";70;156;"GENERAL CARNEIRO";"Condutor deixou de manter distância do veículo da frente";"Colisão traseira";"Com Vítimas Feridas";"Pleno dia";"Decrescente";"Céu Claro";"Simples";"Reta";"Não";2;0;1;0;1;0;1;2;-15,57110517;-53,42494311;"SPRF-MT";"DEL05-MT";"UOP01-DEL05-MT"
530020;2023-06-17;"sábado";"11:00:00";"SE";235;3;"NOSSA SENHORA DO SOCORRO";"Manobra de mudança de faixa";"Colisão lateral mesmo sentido";"Com Vítimas Feridas";"Pleno dia";"Decrescente";"Céu Claro";"Dupla";"Reta";"Sim";3;0;1;0;2;0;1;2;-10,9059;-37,111;"SPRF-SE";"DEL01-SE";"UOP01-DEL01-SE"
530025;2023-06-17;"sábado";"08:07:00";"SC";282;583,2;"PINHALZINHO";"Transitar na contramão";"Colisão lateral sentido oposto";"Com Vítimas Feridas";"Pleno dia";"Crescente";"Nublado";"Simples";"Curva;Declive";"Não";4;0;0;1;3;0;1;3;-26,828905;-53,009552;"SPRF-SC";"DEL07-SC";"UOP02-DEL07-SC"
530029;2023-06-17;"sábado";"12:30:00";"ES";101;144;"LINHARES";"Acessar a via sem observar a presença dos outros veículos";"Colisão lateral mesmo sentido";"Com Vítimas Feridas";"Pleno dia";"Crescente";"Céu Claro";"Múltipla";"Reta";"Sim";2;0;0;1;1;0;1;2;-19,35188295;-40,0636685;"SPRF-ES";"DEL04-ES";"UOP01-DEL04-ES"
530032;2023-06-17;"sábado";"11:45:00";"MG";50;20;"ARAGUARI";"Velocidade Incompatível";"Colisão traseira";"Com Vítimas Feridas";"Pleno dia";"Decrescente";"Sol";"Dupla";"Declive;Reta";"Não";3;0;1;0;1;1;1;3;-18,58721011;-48,05645629;"SPRF-MG";"DEL15-MG";"UOP02-DEL15-MG"
530045;2023-06-17;"sábado";"09:45:00";"SC";470;259,3;"CURITIBANOS";"Velocidade Incompatível";"Tombamento";"Com Vítimas Feridas";"Pleno dia";"Crescente";"Nublado";"Simples";"Curva;Aclive";"Não";3;0;2;0;0;1;2;2;-27,303122;-50,661118;"SPRF-SC";"DEL05-SC";"UOP03-DEL05-SC"
530046;2023-06-17;"sábado";"14:00:00";"ES";101;296;"CARIACICA";"Manobra de mudança de faixa";"Colisão lateral mesmo sentido";"Com Vítimas Feridas";"Pleno dia";"Crescente";"Céu Claro";"Dupla";"Curva;Viaduto;Aclive";"Sim";3;0;1;0;2;0;1;3;-20,34029997;-40,40405712;"SPRF-ES";"DEL01-ES";"UOP01-DEL01-ES"
530047;2023-06-17;"sábado";"08:20:00";"MG";116;29,9;"CACHOEIRA DE PAJEU";"Reação tardia ou ineficiente do condutor";"Colisão traseira";"Com Vítimas Feridas";"Pleno dia";"Decrescente";"Nublado";"Simples";"Aclive";"Não";3;0;1;0;1;1;1;3;-15,89812313;-41,41608042;"SPRF-MG";"DEL11-MG";"UOP02-DEL11-MG"
530049;2023-06-13;"terça-feira";"18:50:00";"RS";290;80;"GRAVATAI";"Ausência de reação do condutor";"Colisão lateral mesmo sentido";"Com Vítimas Feridas";"Plena Noite";"Decrescente";"Nublado";"Dupla";"Reta";"Não";4;0;2;0;1;1;2;3;-29,95343;-51,058449;"SPRF-RS";"DEL01-RS";"UOP01-DEL01-RS"
530052;2023-06-17;"sábado";"14:01:00";"MG";262;53,9;"MANHUACU";"Carga excessiva e/ou mal acondicionada";"Derramamento de carga";"Sem Vítimas";"Pleno dia";"Crescente";"Céu Claro";"Simples";"Reta";"Não";6;0;0;0;6;0;0;3;-20,25369201;-42,15987098;"SPRF-MG";"DEL06-MG";"UOP03-DEL06-MG"
530056;2023-06-17;"sábado";"14:16:00";"ES";101;8,1;"PEDRO CANARIO";"Curva acentuada";"Tombamento";"Com Vítimas Fatais";"Pleno dia";"Decrescente";"Céu Claro";"Simples";"Curva;Aclive";"Não";1;1;0;0;0;0;0;1;-18,23027961;-39,95278417;"SPRF-ES";"DEL04-ES";"UOP02-DEL04-ES"
530063;2023-06-17;"sábado";"16:00:00";"BA";116;3;"VITORIA DA CONQUISTA";"Acessar a via sem observar a presença dos outros veículos";"Colisão transversal";"Com Vítimas Fatais";"Pleno dia";"Crescente";"Céu Claro";"Simples";"Interseção de Vias";"Não";3;1;0;0;1;1;0;3;-14,824889;-40,862223;"SPRF-BA";"DEL08-BA";"UOP01-DEL08-BA"
530065;2023-03-17;"sexta-feira";"17:00:00";"BA";242;658;"MUQUEM DE SAO FRANCISCO";"Reação tardia ou ineficiente do condutor";"Tombamento";"Com Vítimas Fatais";"Pleno dia";"Decrescente";"Céu Claro";"Simples";"Curva;Declive";"Não";2;1;0;0;0;1;0;2;-12,22921566;-43,83381844;"SPRF-BA";"DEL10-BA";"UOP02-DEL10-BA"