"id";"data_inversa";"dia_semana";"horario";"uf";"br";"km";"municipio";"causa_acidente";"tipo_acidente";"classificacao_acidente";"fase_dia";"sentido_via";"condicao_metereologica";"tipo_pista";"tracado_via";"uso_solo";"pessoas";"mortos";"feridos_leves";"feridos_graves";"ilesos";"ignorados";"feridos";"veiculos";"latitude";"longitude";"regional";"delegacia";"uop"
530069;2023-06-17;"sábado";"17:00:00";"SP";116;512;"CAJATI";"Reação tardia ou ineficiente do condutor";"Tombamento";"Com Vítimas Feridas";"Pleno dia";"Decrescente";"Nublado";"Dupla";"Curva;Declive";"Não";2;0;1;0;0;1;1;2;-24,84304306;-48,22027915;"SPRF-SP";"DEL05-SP";"UOP02-DEL05-SP"
530073;2023-06-17;"sábado";"16:00:00";"MT";163;630;"NOVA MUTUM";"Demais falhas mecânicas ou elétricas";"Incêndio";"Sem Vítimas";"Pleno dia";"Crescente";"Céu Claro";"Simples";"Reta";"Não";1;0;0;0;1;0;0;1;-13,64698704;-56,03553852;"SPRF-MT";"DEL01-MT";"UOP01-DEL01-MT"
530075;2023-06-17;"sábado";"16:45:00";"PR";163;245;"TOLEDO";"Ingestão de álcool pelo condutor";"Colisão lateral mesmo sentido";"Sem Vítimas";"Pleno dia";"Decrescente";"Céu Claro";"Dupla";"Aclive;Reta";"Não";4;0;0;0;2;2;0;4;-24,71471235;-53,71404648;"SPRF-PR";"DEL06-PR";"UOP02-DEL06-PR"
530082;2023-06-17;"sábado";"16:35:00";"MA";10;247,5;"IMPERATRIZ";"Velocidade Incompatível";"Colisão traseira";"Com Vítimas Feridas";"Pleno dia";"Decrescente";"Céu Claro";"Múltipla";"Reta";"Sim";3;0;0;1;1;1;1;3;-5,573772;-47,443893;"SPRF-MA";"DEL04-MA";"UOP01-DEL04-MA"
530092;2023-06-17;"sábado";"15:00:00";"MG";50;177;"UBERABA";"Demais falhas mecânicas ou elétricas";"Incêndio";"Sem Vítimas";"Pleno dia";"Crescente";"Céu Claro";"Dupla";"Reta;Em Obras";"Sim";2;0;0;0;1;1;0;2;-19,77914852;-47,95047701;"SPRF-MG";"DEL13-MG";"UOP01-DEL13-MG"
530097;2023-06-17;"sábado";"17:25:00";"BA";116;813,6;"VITORIA DA CONQUISTA";"Condutor deixou de manter distância do veículo da frente";"Colisão traseira";"Com Vítimas Feridas";"Pleno dia";"Crescente";"Céu Claro";"Simples";"Reta";"Sim";3;0;1;0;2;0;1;2;-14,805447;-40,7839;"SPRF-BA";"DEL08-BA";"UOP01-DEL08-BA"
530106;2023-06-17;"sábado";"09:00:00";"GO";364;316;"PORTELANDIA";"Ausência de reação do condutor";"Saída de leito carroçável";"Com Vítimas Feridas";"Pleno dia";"Crescente";"Céu Claro";"Simples";"Aclive";"Não";1;0;1;0;0;0;1;1;-17,446447;-52,598991;"SPRF-GO";"DEL05-GO";"UOP01-DEL05-GO"
530109;2023-06-17;"sábado";"15:25:00";"GO";153;169;"CAMPINORTE";"Ultrapassagem Indevida";"Colisão lateral sentido oposto";"Com Vítimas Feridas";"Pleno dia";"Crescente";"Céu Claro";"Simples";"Aclive;Reta";"Não";3;0;2;1;0;0;3;2;-14,248932;-49,139103;"SPRF-GO";"DEL07-GO";"UOP02-DEL07-GO"
530119;2023-06-17;"sábado";"19:34:00";"GO";153;692,6;"ITUMBIARA";"Ausência de reação do condutor";"Saída de leito carroçável";"Com Vítimas Feridas";"Plena Noite";"Decrescente";"Nublado";"Dupla";"Retorno Regulamentado";"Sim";2;0;1;0;0;1;1;2;-18,3259;-49,2276;"SPRF-GO";"DEL03-GO";"UOP02-DEL03-GO"
530120;2023-06-17;"sábado";"19:45:00";"SC";101;289;"IMBITUBA";"Ingestão de álcool pelo condutor";"Colisão lateral mesmo sentido";"Sem Vítimas";"Plena Noite";"Crescente";"Nublado";"Dupla";"Interseção de Vias";"Sim";5;0;0;0;3;2;0;4;-28,25395282;-48,70289554;"SPRF-SC";"DEL02-SC";"UOP03-DEL02-SC"
530134;2023-06-17;"sábado";"17:50:00";"MT";364;76,5;"ALTO GARCAS";"Acostamento em desnível";"Tombamento";"Com Vítimas Feridas";"Anoitecer";"Crescente";"Céu Claro";"Simples";"Aclive";"Não";3;0;1;1;0;1;2;2;-16,89799742;-53,65740636;"SPRF-MT";"DEL02-MT";"UOP02-DEL02-MT"
530135;2023-06-17;"sábado";"12:20:00";"RJ";101;264;"RIO BONITO";"Acessar a via sem observar a presença dos outros veículos";"Colisão lateral mesmo sentido";"Sem Vítimas";"Pleno dia";"Decrescente";"Céu Claro";"Dupla";"Reta";"Não";3;0;0;0;1;2;0;3;-22,71818337;-42,63600702;"SPRF-RJ";"DEL02-RJ";"UOP03-DEL02-RJ"
530139;2023-06-17;"sábado";"22:16:00";"DF";70;10;"BRASILIA";"Ingestão de álcool pelo condutor";"Colisão transversal";"Com Vítimas Feridas";"Plena Noite";"Decrescente";"Céu Claro";"Dupla";"Reta";"Não";4;0;1;0;3;0;1;2;-15,787066;-48,140709;"SPRF-DF";"DEL03-DF";"UOP02-DEL03-DF"
530141;2023-06-17;"sábado";"18:40:00";"MG";116;232,2;"TEOFILO OTONI";"Ausência de reação do condutor";"Colisão frontal";"Sem Vítimas";"Plena Noite";"Decrescente";"Céu Claro";"Simples";"Curva";"Não";3;0;0;0;2;1;0;2;-17,53796419;-41,47966256;"SPRF-MG";"DEL11-MG";"UOP01-DEL11-MG"
530150;2023-06-17;"sábado";"16:00:00";"BA";242;618;"MUQUEM DE SAO FRANCISCO";"Ingestão de álcool pelo condutor";"Tombamento";"Sem Vítimas";"Pleno dia";"Decrescente";"Céu Claro";"Simples";"Reta";"Não";2;0;0;0;1;2;0;3;-12,2249;-43,4659;"SPRF-BA";"DEL10-BA";"UOP02-DEL10-BA"
530155;2023-06-17;"sábado";"20:59:00";"MG";365;706;"MONTE ALEGRE DE MINAS";"Ingestão de álcool pelo condutor";"Tombamento";"Sem Vítimas";"Plena Noite";"Crescente";"Céu Claro";"Dupla";"Interseção de Vias";"Não";1;0;0;0;1;0;0;1;-18,8789182;-49,05482003;"SPRF-MG";"DEL15-MG";"UOP03-DEL15-MG"
530166;2023-06-18;"domingo";"00:10:00";"GO";60;95;"ANAPOLIS";"Ingestão de álcool pelo condutor";"Colisão lateral mesmo sentido";"Com Vítimas Feridas";"Plena Noite";"Decrescente";"Céu Claro";"Dupla";"Reta";"Sim";4;0;1;0;2;1;1;3;-16,3679;-48,939;"SPRF-GO";"DEL02-GO";"UOP01-DEL02-GO"
530185;2023-06-18;"domingo";"00:30:00";"RO";319;39,9;"PORTO VELHO";"Acesso irregular";"Colisão transversal";"Com Vítimas Feridas";"Plena Noite";"Decrescente";"Céu Claro";"Dupla";"Rotatória";"Não";3;0;2;0;1;0;2;2;-8,766685;-63,884052;"SPRF-RO";"DEL01-RO";"UOP01-DEL01-RO"
530186;2023-06-17;"sábado";"19:00:00";"MT";174;580;"COMODORO";"Manobra de mudança de faixa";"Colisão frontal";"Com Vítimas Fatais";"Plena Noite";"Crescente";"Céu Claro";"Simples";"Reta";"Não";3;1;0;0;1;2;0;4;-12,93229289;-60,04401768;"SPRF-MT";"DEL04-MT";"UOP02-DEL04-MT"
530197;2023-06-18;"domingo";"02:10:00";"BA";116;663;"JEQUIE";"Condutor Dormindo";"Colisão lateral sentido oposto";"Com Vítimas Feridas";"Plena Noite";"Decrescente";"Céu Claro";"Simples";"Reta";"Não";26;0;1;1;24;0;2;3;-13,72455201;-40,09665291;"SPRF-BA";"DEL03-BA";"UOP01-DEL03-BA"
530198;2023-06-18;"domingo";"02:20:00";"MG";381;382;"SAO GONCALO DO RIO ABAIXO";"Transitar na contramão";"Colisão lateral sentido oposto";"Com Vítimas Feridas";"Plena Noite";"Decrescente";"Nevoeiro/Neblina";"Simples";"Rotatória";"Não";5;0;2;2;1;0;4;2;-19,8203938;-43,39028183;"SPRF-MG";"DEL01-MG";"UOP01-DEL01-MG"
530207;2023-06-18;"domingo";"05:00:00";"PR";116;180;"CAMPO DO TENENTE";"Velocidade Incompatível";"Tombamento";"Com Vítimas Feridas";"Amanhecer";"Decrescente";"Nevoeiro/Neblina";"Simples";"Curva";"Não";3;0;2;1;0;0;3;2;-25,9054246;-49,57265724;"SPRF-PR";"DEL01-PR";"UOP03-DEL01-PR"
530208;2023-06-18;"domingo";"04:15:00";"PI";343;595;"FLORIANO";"Transitar na contramão";"Colisão frontal";"Com Vítimas Feridas";"Plena Noite";"Decrescente";"Ignorado";"Simples";"Ponte;Reta";"Sim";3;0;0;1;2;0;1;2;-6,797033;-43,046871;"SPRF-PI";"DEL03-PI";"UOP01-DEL03-PI"
530215;2023-06-18;"domingo";"04:35:00";"SP";153;335,6;"SALTO GRANDE";"Ingestão de álcool pelo condutor";"Colisão lateral mesmo sentido";"Com Vítimas Feridas";"Plena Noite";"Decrescente";"Nevoeiro/Neblina";"Simples";"Reta;Declive";"Não";4;0;1;0;2;1;1;3;-22,90903;-49,889572;"SPRF-SP";"DEL07-SP";"UOP03-DEL07-SP"
530217;2023-06-18;"domingo";"06:05:00";"SC";280;48,7;"GUARAMIRIM";"Acessar a via sem observar a presença dos outros veículos";"Colisão frontal";"Com Vítimas Feridas";"Amanhecer";"Decrescente";"Céu Claro";"Simples";"Reta;Em Obras";"Não";5;0;0;1;1;3;1;4;-26,45620445;-48,93014431;"SPRF-SC";"DEL03-SC";"UOP03-DEL03-SC"
530226;2023-06-18;"domingo";"06:15:00";"BA";101;853;"TEIXEIRA DE FREITAS";"Velocidade Incompatível";"Tombamento";"Com Vítimas Feridas";"Pleno dia";"Decrescente";"Nublado";"Simples";"Curva";"Não";2;0;0;1;0;1;1;2;-17,3554911;-39,63034429;"SPRF-BA";"DEL09-BA";"UOP02-DEL09-BA"
530230;2023-06-17;"sábado";"20:30:00";"MA";316;588,4;"CAXIAS";"Transitar na contramão";"Colisão lateral sentido oposto";"Com Vítimas Feridas";"Plena Noite";"Crescente";"Céu Claro";"Simples";"Reta";"Não";3;0;1;0;1;1;1;2;-4,991687;-43,056046;"SPRF-MA";"DEL03-MA";"UOP02-DEL03-MA"
530232;2023-06-18;"domingo";"08:05:00";"MG";40;462,5;"SETE LAGOAS";"Ingestão de álcool pelo condutor";"Colisão traseira";"Com Vítimas Feridas";"Pleno dia";"Decrescente";"Céu Claro";"Dupla";"Aclive;Reta";"Não";5;0;2;1;1;2;3;4;-19,4136917;-44,33879427;"SPRF-MG";"DEL02-MG";"UOP01-DEL02-MG"
530246;2023-06-18;"domingo";"08:10:00";"PR";376;504;"PONTA GROSSA";"Neblina";"Colisão traseira";"Com Vítimas Feridas";"Pleno dia";"Crescente";"Nublado";"Dupla";"Reta";"Não";3;0;0;1;1;1;1;3;-25,23024416;-50,04503118;"SPRF-PR";"DEL03-PR";"UOP04-DEL03-PR"
530248;2023-05-31;"quarta-feira";"15:00:00";"MS";60;593,3;"JARDIM";"Acessar a via sem observar a presença dos outros veículos";"Colisão transversal";"Com Vítimas Feridas";"Pleno dia";"Decrescente";"Céu Claro";"Simples";"Reta";"Sim";3;0;0;1;2;0;1;2;-21,48665603;-56,15344048;"SPRF-MS";"DEL05-MS";"UOP01-DEL05-MS"
530250;2023-06-18;"domingo";"09:15:00";"GO";50;298;"CUMARI";"Manobra de mudança de faixa";"Colisão com objeto";"Com Vítimas Feridas";"Pleno dia";"Decrescente";"Céu Claro";"Dupla";"Curva";"Não";3;0;1;0;1;3;1;5;-18,31362568;-48,01604748;"SPRF-GO";"DEL06-GO";"UOP01-DEL06-GO"
530257;2023-06-18;"domingo";"10:47:00";"PR";277;165;"PALMEIRA";"Reação tardia ou ineficiente do condutor";"Colisão traseira";"Sem Vítimas";"Pleno dia";"Crescente";"Nublado";"Simples";"Aclive;Reta";"Não";3;0;0;0;2;2;0;4;-25,47289;-49,895964;"SPRF-PR";"DEL03-PR";"UOP03-DEL03-PR"
530258;2023-06-18;"domingo";"09:00:00";"GO";364;318;"MINEIROS";"Ultrapassagem Indevida";"Colisão frontal";"Com Vítimas Feridas";"Pleno dia";"Crescente";"Céu Claro";"Simples";"Curva";"Não";5;0;2;0;2;1;2;3;-17,433357;-52,613876;"SPRF-GO";"DEL05-GO";"UOP01-DEL05-GO"
530259;2023-06-18;"domingo";"10:00:00";"GO";364;280;"MINEIROS";"Transitar na contramão";"Colisão frontal";"Com Vítimas Feridas";"Pleno dia";"Crescente";"Céu Claro";"Simples";"Reta";"Não";4;0;1;0;2;2;1;4;-17,627277;-52,386288;"SPRF-GO";"DEL05-GO";"UOP01-DEL05-GO"
530265;2023-06-18;"domingo";"12:00:00";"PA";10;182,6;"IPIXUNA DO PARA";"Manobra de mudança de faixa";"Colisão traseira";"Com Vítimas Feridas";"Pleno dia";"Decrescente";"Sol";"Simples";"Reta";"Não";5;0;1;0;3;1;1;3;-2,84103897;-47,44322185;"SPRF-PA";"DEL02-PA";"UOP01-DEL02-PA"
530268;2023-06-18;"domingo";"10:00:00";"GO";153;162,3;"CAMPINORTE";"Problema com o freio";"Incêndio";"Sem Vítimas";"Pleno dia";"Crescente";"Céu Claro";"Simples";"Reta;Aclive";"Não";2;0;0;0;1;1;0;2;-14,186724;-49,126968;"SPRF-GO";"DEL07-GO";"UOP02-DEL07-GO"
530272;2023-06-18;"domingo";"13:15:00";"SC";282;16,2;"PALHOCA";"Acessar a via sem observar a presença dos outros veículos";"Colisão transversal";"Com Vítimas Feridas";"Pleno dia";"Crescente";"Céu Claro";"Simples";"Reta;Interseção de Vias";"Sim";4;0;1;0;3;0;1;4;-27,658611;-48,681847;"SPRF-SC";"DEL01-SC";"UOP02-DEL01-SC"
530273;2023-06-18;"domingo";"13:15:00";"SE";101;70;"MARUIM";"Entrada inopinada do pedestre";"Atropelamento de Pedestre";"Com Vítimas Feridas";"Pleno dia";"Decrescente";"Céu Claro";"Simples";"Declive;Reta;Em Obras";"Sim";3;0;1;0;1;1;1;3;-10,7356;-37,08768;"SPRF-SE";"DEL01-SE";"UOP01-DEL01-SE"
530275;2023-06-18;"domingo";"13:00:00";"MT";364;193;"RONDONOPOLIS";"Transitar na contramão";"Colisão frontal";"Com Vítimas Fatais";"Pleno dia";"Crescente";"Céu Claro";"Simples";"Reta";"Não";2;1;0;0;1;0;0;2;-16,53246336;-54,58496737;"SPRF-MT";"DEL02-MT";"UOP01-DEL02-MT"
530281;2023-03-15;"quarta-feira";"21:15:00";"RS";290;453,2;"SAO GABRIEL";"Animais na Pista";"Atropelamento de Animal";"Com Vítimas Feridas";"Plena Noite";"Crescente";"Chuva";"Simples";"Reta";"Não";4;0;1;0;2;1;1;3;-30,232815;-54,645508;"SPRF-RS";"DEL11-RS";"UOP02-DEL11-RS"
530282;2023-06-18;"domingo";"10:15:00";"MG";116;776,8;"LEOPOLDINA";"Velocidade Incompatível";"Tombamento";"Com Vítimas Feridas";"Pleno dia";"Decrescente";"Céu Claro";"Simples";"Curva;Ponte";"Não";2;0;1;0;0;1;1;2;-21,59632074;-42,69196405;"SPRF-MG";"DEL07-MG";"UOP01-DEL07-MG"
530298;2023-06-18;"domingo";"07:30:00";"BA";20;77;"SAO DESIDERIO";"Reação tardia ou ineficiente do condutor";"Tombamento";"Com Vítimas Feridas";"Pleno dia";"Decrescente";"Céu Claro";"Simples";"Reta";"Não";1;0;1;0;0;0;1;1;-13,29129503;-46,05738688;"SPRF-BA";"DEL10-BA";"UOP01-DEL10-BA"
530302;2023-06-18;"domingo";"14:00:00";"MT";163;737;"SORRISO";"Ausência de reação do condutor";"Colisão lateral sentido oposto";"Com Vítimas Feridas";"Pleno dia";"Decrescente";"Sol";"Simples";"Reta";"Não";4;0;0;1;2;2;1;5;-12,666901;-55,792542;"SPRF-MT";"DEL06-MT";"UOP01-DEL06-MT"
530303;2023-06-18;"domingo";"12:40:00";"TO";226;39;"DARCINOPOLIS";"Ausência de reação do condutor";"Colisão transversal";"Com Vítimas Fatais";"Pleno dia";"Decrescente";"Céu Claro";"Simples";"Reta;Interseção de Vias;Retorno Regulamentado";"Sim";4;1;0;0;2;1;0;3;-6,705505;-47,753178;"SPRF-TO";"DEL02-TO";"UOP03-DEL02-TO"
530325;2023-06-18;"domingo";"16:37:00";"MT";163;747;"SORRISO";"Reação tardia ou ineficiente do condutor";"Colisão traseira";"Com Vítimas Feridas";"Pleno dia";"Crescente";"Céu Claro";"Dupla";"Rotatória";"Não";4;0;0;1;2;3;1;5;-12,69420885;-55,80767215;"SPRF-MT";"DEL06-MT";"UOP01-DEL06-MT"
530328;2023-06-18;"domingo";"15:50:00";"SP";116;441;"REGISTRO";"Ingestão de álcool pelo condutor";"Colisão transversal";"Sem Vítimas";"Pleno dia";"Decrescente";"Céu Claro";"Dupla";"Reta";"Não";6;0;0;0;5;1;0;3;-24,4688528;-47,82223728;"SPRF-SP";"DEL05-SP";"UOP01-DEL05-SP"
530333;2023-06-18;"domingo";"19:00:00";"SP";116;57,6;"GUARATINGUETA";"Deficiência do Sistema de Iluminação/Sinalização";"Saída de leito carroçável";"Com Vítimas Feridas";"Plena Noite";"Decrescente";"Céu Claro";"Dupla";"Reta";"Não";8;0;5;0;2;1;5;3;-22,77454618;-45,13807087;"SPRF-SP";"DEL08-SP";"UOP01-DEL08-SP"
530343;2023-06-02;"sexta-feira";"19:00:00";"PR";277;123;"CAMPO LARGO";"Manobra de mudança de faixa";"Capotamento";"Com Vítimas Feridas";"Plena Noite";"Decrescente";"Céu Claro";"Simples";"Reta";"Não";4;0;1;0;1;2;1;4;-25,4639;-49,5896;"SPRF-PR";"DEL03-PR";"UOP03-DEL03-PR"
530350;2023-06-18;"domingo";"20:27:00";"BA";101;222;"CRUZ DAS ALMAS";"Pedestre andava na pista";"Atropelamento de Pedestre";"Com Vítimas Feridas";"Plena Noite";"Decrescente";"Garoa/Chuvisco";"Simples";"Curva";"Sim";3;0;0;1;1;1;1;3;-12,68036394;-39,13923047;"SPRF-BA";"DEL01-BA";"UOP02-DEL01-BA"
530365;2023-06-18;"domingo";"18:15:00";"PB";230;240,9;"JUAZEIRINHO";"Entrada inopinada do pedestre";"Atropelamento de Pedestre";"Com Vítimas Feridas";"Plena Noite";"Decrescente";"Céu Claro";"Simples";"Aclive;Reta";"Sim";2;0;0;1;1;0;1;2;-7,0634;-36,563;"SPRF-PB";"DEL02-PB";"UOP02-DEL02-PB"
530367;2023-06-18;"domingo";"21:30:00";"RJ";101;74;"CAMPOS DOS GOYTACAZES";"Reação tardia ou ineficiente do condutor";"Colisão traseira";"Com Vítimas Feridas";"Plena Noite";"Decrescente";"Nublado";"Simples";"Reta";"Sim";2;0;1;0;1;0;1;2;-21,8101328;-41,39711314;"SPRF-RJ";"DEL08-RJ";"UOP02-DEL08-RJ"
530385;2023-06-18;"domingo";"21:10:00";"PE";428;13;"CABROBO";"Transitar na contramão";"Colisão frontal";"Com Vítimas Fatais";"Plena Noite";"Decrescente";"Céu Claro";"Simples";"Reta";"Não";4;1;0;0;1;2;0;3;-8,50171811;-39,33382601;"SPRF-PE";"DEL05-PE";"UOP03-DEL05-PE"
530388;2023-06-18;"domingo";"21:00:00";"MG";381;721,2;"CARMO DA CACHOEIRA";"Acessar a via sem observar a presença dos outros veículos";"Colisão traseira";"Sem Vítimas";"Plena Noite";"Decrescente";"Céu Claro";"Dupla";"Curva";"Não";4;0;0;0;2;2;0;4;-21,46901694;-45,20581183;"SPRF-MG";"DEL04-MG";"UOP02-DEL04-MG"
530391;2023-06-18;"domingo";"23:10:00";"PR";116;129,5;"FAZENDA RIO GRANDE";"Pedestre cruzava a pista fora da faixa";"Atropelamento de Pedestre";"Com Vítimas Fatais";"Plena Noite";"Crescente";"Céu Claro";"Dupla";"Reta";"Sim";2;1;0;0;0;1;0;2;-25,667317;-49,314513;"SPRF-PR";"DEL01-PR";"UOP03-DEL01-PR"
530393;2023-06-18;"domingo";"23:50:00";"MG";381;942;"EXTREMA";"Condutor Dormindo";"Colisão traseira";"Com Vítimas Feridas";"Plena Noite";"Crescente";"Céu Claro";"Dupla";"Declive;Reta";"Não";3;0;0;1;1;1;1;3;-22,83817945;-46,32801147;"SPRF-MG";"DEL16-MG";"UOP03-DEL16-MG"
530402;2023-06-18;"domingo";"19:25:00";"MS";463;107;"PONTA PORA";"Ingestão de álcool pelo condutor";"Colisão frontal";"Com Vítimas Feridas";"Plena Noite";"Decrescente";"Céu Claro";"Simples";"Reta";"Não";3;0;1;0;2;0;1;2;-22,59094101;-55,67301101;"SPRF-MS";"DEL04-MS";"UOP03-DEL04-MS"
530404;2023-06-19;"segunda-feira";"01:10:00";"PI";316;220;"VALENCA DO PIAUI";"Demais falhas mecânicas ou elétricas";"Incêndio";"Sem Vítimas";"Plena Noite";"Crescente";"Céu Claro";"Simples";"Reta";"Não";1;0;0;0;1;0;0;1;-6,45514696;-41,74674273;"SPRF-PI";"DEL04-PI";"UOP02-DEL04-PI"
530408;2023-06-19;"segunda-feira";"04:20:00";"BA";101;32;"ESPLANADA";"Condutor Dormindo";"Tombamento";"Com Vítimas Feridas";"Amanhecer";"Decrescente";"Nublado";"Dupla";"Curva;Aclive";"Não";2;0;2;0;0;0;2;1;-11,80296015;-37,95772351;"SPRF-SE";"DEL02-SE";"UOP03-DEL02-SE"
530410;2023-06-19;"segunda-feira";"04:40:00";"RJ";116;203;"QUEIMADOS";"Ausência de reação do condutor";"Colisão traseira";"Com Vítimas Feridas";"Amanhecer";"Decrescente";"Nublado";"Dupla";"Reta";"Não";3;0;0;1;2;0;1;2;-22,73096751;-43,62245615;"SPRF-RJ";"DEL01-RJ";"UOP03-DEL01-RJ"
530411;2023-06-19;"segunda-feira";"05:40:00";"SP";381;89;"GUARULHOS";"Manobra de mudança de faixa";"Colisão lateral mesmo sentido";"Sem Vítimas";"Amanhecer";"Crescente";"Céu Claro";"Múltipla";"Reta";"Sim";2;0;0;0;2;0;0;2;-23,48469299;-46,55983288;"SPRF-SP";"DEL03-SP";"UOP01-DEL03-SP"
530414;2023-06-19;"segunda-feira";"03:30:00";"SE";101;156,4;"ESTANCIA";"Condutor Dormindo";"Capotamento";"Com Vítimas Feridas";"Plena Noite";"Decrescente";"Céu Claro";"Simples";"Curva";"Não";1;0;1;0;0;0;1;1;-11,2859163;-37,45833996;"SPRF-SE";"DEL02-SE";"UOP01-DEL02-SE"
530417;2023-06-19;"segunda-feira";"06:05:00";"PE";101;77;"RECIFE";"Ausência de reação do condutor";"Colisão traseira";"Com Vítimas Fatais";"Pleno dia";"Crescente";"Céu Claro";"Dupla";"Reta";"Sim";3;1;0;0;2;0;0;3;-8,126982;-34,94386;"SPRF-PE";"DEL01-PE";"UOP01-DEL01-PE"
530421;2023-06-19;"segunda-feira";"04:30:00";"SC";101;327,1;"CAPIVARI DE BAIXO";"Pedestre andava na pista";"Atropelamento de Pedestre";"Com Vítimas Fatais";"Plena Noite";"Decrescente";"Céu Claro";"Múltipla";"Reta;Declive";"Não";2;1;0;0;1;0;0;2;-28,4385883;-48,9617231;"SPRF-SC";"DEL02-SC";"UOP01-DEL02-SC"
530436;2023-06-19;"segunda-feira";"07:26:00";"MG";40;516,5;"RIBEIRAO DAS NEVES";"Reação tardia ou ineficiente do condutor";"Colisão traseira";"Com Vítimas Feridas";"Pleno dia";"Crescente";"Céu Claro";"Dupla";"Curva";"Sim";3;0;1;0;1;1;1;3;-19,81628624;-44,08960124;"SPRF-MG";"DEL01-MG";"UOP02-DEL01-MG"
530452;2023-05-30;"terça-feira";"15:30:00";"MG";262;45,4;"MANHUACU";"Ausência de reação do condutor";"Colisão traseira";"Com Vítimas Fatais";"Pleno dia";"Crescente";"Nublado";"Simples";"Reta";"Não";4;1;0;0;1;2;0;3;-20,26145201;-42,09686296;"SPRF-MG";"DEL06-MG";"UOP03-DEL06-MG"
530456;2023-06-19;"segunda-feira";"09:00:00";"MG";116;771;"LEOPOLDINA";"Reação tardia ou ineficiente do condutor";"Saída de leito carroçável";"Com Vítimas Feridas";"Pleno dia";"Decrescente";"Céu Claro";"Simples";"Curva;Declive";"Não";2;0;1;0;0;1;1;2;-21,55638202;-42,67583002;"SPRF-MG";"DEL07-MG";"UOP01-DEL07-MG"
530458;2023-06-19;"segunda-feira";"06:50:00";"MG";251;319;"SALINAS";"Velocidade Incompatível";"Saída de leito carroçável";"Com Vítimas Feridas";"Pleno dia";"Decrescente";"Céu Claro";"Simples";"Curva;Declive";"Não";3;0;1;1;1;0;2;1;-16,174397;-42,332015;"SPRF-MG";"DEL12-MG";"UOP01-DEL12-MG"
530460;2023-06-19;"segunda-feira";"09:50:00";"SC";470;46,9;"BLUMENAU";"Ausência de reação do condutor";"Colisão frontal";"Com Vítimas Feridas";"Pleno dia";"Crescente";"Céu Claro";"Simples";"Curva;Em Obras";"Sim";4;0;1;2;0;1;3;4;-26,860388;-49,037617;"SPRF-SC";"DEL04-SC";"UOP01-DEL04-SC"
530461;2023-06-13;"terça-feira";"16:02:00";"RR";401;1;"BOA VISTA";"Faixas de trânsito com largura insuficiente";"Colisão lateral mesmo sentido";"Sem Vítimas";"Pleno dia";"Decrescente";"Céu Claro";"Simples";"Rotatória";"Sim";3;0;0;0;3;0;0;2;2,80229396;-60,68243402;"SPRF-RR";"DEL01-RR";"UOP01-DEL01-RR"
530462;2023-06-19;"segunda-feira";"06:40:00";"MA";226;306,4;"BARRA DO CORDA";"Acessar a via sem observar a presença dos outros veículos";"Colisão transversal";"Com Vítimas Feridas";"Pleno dia";"Decrescente";"Céu Claro";"Simples";"Reta";"Sim";3;0;0;1;1;3;1;5;-5,46803891;-45,28368284;"SPRF-MA";"DEL06-MA";"UOP01-DEL06-MA"
530463;2023-06-18;"domingo";"21:00:00";"MA";316;74;"MARANHAOZINHO";"Ingestão de álcool pelo condutor";"Colisão lateral sentido oposto";"Com Vítimas Feridas";"Plena Noite";"Crescente";"Nublado";"Simples";"Reta";"Não";3;0;3;0;0;0;3;2;-2,190633;-45,870529;"SPRF-MA";"DEL02-MA";"UOP02-DEL02-MA"
530469;2023-06-19;"segunda-feira";"11:00:00";"MG";262;818;"UBERABA";"Reação tardia ou ineficiente do condutor";"Colisão traseira";"Com Vítimas Fatais";"Pleno dia";"Crescente";"Sol";"Dupla";"Reta;Em Obras";"Não";4;1;1;0;0;2;1;4;-19,76344636;-48,13141707;"SPRF-MG";"DEL13-MG";"UOP01-DEL13-MG"
530470;2023-06-19;"segunda-feira";"08:30:00";"SP";116;370;"MIRACATU";"Demais falhas mecânicas ou elétricas";"Colisão traseira";"Com Vítimas Feridas";"Pleno dia";"Crescente";"Céu Claro";"Dupla";"Reta";"Sim";3;0;1;0;0;2;1;3;-24,15230452;-47,32081981;"SPRF-SP";"DEL04-SP";"UOP02-DEL04-SP"
530471;2023-06-19;"segunda-feira";"08:45:00";"MT";364;255;"JUSCIMEIRA";"Manobra de mudança de faixa";"Colisão traseira";"Com Vítimas Feridas";"Pleno dia";"Decrescente";"Céu Claro";"Dupla";"Reta;Declive";"Não";5;0;1;2;0;2;3;4;-16,08098188;-54,8728077;"SPRF-MT";"DEL02-MT";"UOP01-DEL02-MT"
530473;2023-06-19;"segunda-feira";"09:20:00";"SP";116;360;"MIRACATU";"Ausência de reação do condutor";"Tombamento";"Com Vítimas Fatais";"Pleno dia";"Decrescente";"Céu Claro";"Dupla";"Reta";"Não";2;1;0;0;0;1;0;2;-24,11248793;-47,26510606;"SPRF-SP";"DEL04-SP";"UOP03-DEL04-SP"
530476;2023-06-19;"segunda-feira";"12:00:00";"SC";101;121,5;"ITAJAI";"Ausência de reação do condutor";"Colisão traseira";"Com Vítimas Feridas";"Pleno dia";"Crescente";"Sol";"Dupla";"Reta";"Não";2;0;0;1;1;0;1;2;-26,92103178;-48,70856446;"SPRF-SC";"DEL04-SC";"UOP04-DEL04-SC"
530480;2023-06-19;"segunda-feira";"09:15:00";"GO";70;8;"AGUAS LINDAS DE GOIAS";"Ausência de sinalização";"Colisão lateral mesmo sentido";"Com Vítimas Feridas";"Pleno dia";"Crescente";"Céu Claro";"Dupla";"Reta;Em Obras";"Sim";4;0;1;0;3;0;1;2;-15,73733681;-48,27407468;"SPRF-DF";"DEL03-DF";"UOP02-DEL03-DF"