"id";"data_inversa";"dia_semana";"horario";"uf";"br";"km";"municipio";"causa_acidente";"tipo_acidente";"classificacao_acidente";"fase_dia";"sentido_via";"condicao_metereologica";"tipo_pista";"tracado_via";"uso_solo";"pessoas";"mortos";"feridos_leves";"feridos_graves";"ilesos";"ignorados";"feridos";"veiculos";"latitude";"longitude";"regional";"delegacia";"uop"
530484;2023-06-19;"segunda-feira";"12:10:00";"PR";277;302;"PRUDENTOPOLIS";"Acessar a via sem observar a presença dos outros veículos";"Colisão transversal";"Com Vítimas Feridas";"Pleno dia";"Crescente";"Céu Claro";"Simples";"Reta";"Não";4;0;0;1;2;2;1;4;-25,312381;-51,171469;"SPRF-PR";"DEL08-PR";"UOP01-DEL08-PR"
530491;2023-06-08;"quinta-feira";"06:25:00";"BA";101;717;"ITAMARAJU";"Demais falhas mecânicas ou elétricas";"Eventos atípicos";"Com Vítimas Feridas";"Pleno dia";"Decrescente";"Céu Claro";"Simples";"Aclive;Em Obras";"Não";2;0;0;1;1;0;1;2;-17,10699575;-39,56314087;"SPRF-BA";"DEL09-BA";"UOP01-DEL09-BA"
530495;2023-06-19;"segunda-feira";"07:30:00";"BA";116;601;"IRAJUBA";"Velocidade Incompatível";"Tombamento";"Com Vítimas Feridas";"Pleno dia";"Crescente";"Nevoeiro/Neblina";"Simples";"Reta";"Não";2;0;1;0;0;1;1;2;-13,21447505;-40,02668493;"SPRF-BA";"DEL03-BA";"UOP02-DEL03-BA"
530499;2023-06-19;"segunda-feira";"13:20:00";"ES";262;76,3;"DOMINGOS MARTINS";"Velocidade Incompatível";"Tombamento";"Com Vítimas Feridas";"Pleno dia";"Decrescente";"Sol";"Simples";"Curva;Declive";"Não";2;0;1;0;0;1;1;2;-20,41563106;-40,90669155;"SPRF-ES";"DEL01-ES";"UOP02-DEL01-ES"
530505;2023-06-19;"segunda-feira";"14:50:00";"MG";381;907;"CAMBUI";"Reação tardia ou ineficiente do condutor";"Saída de leito carroçável";"Com Vítimas Feridas";"Pleno dia";"Decrescente";"Céu Claro";"Dupla";"Curva";"Não";1;0;1;0;0;0;1;1;-22,71022398;-46,12178305;"SPRF-MG";"DEL16-MG";"UOP03-DEL16-MG"
530506;2023-06-19;"segunda-feira";"08:39:00";"MG";381;779,7;"CAMPANHA";"Neblina";"Colisão lateral mesmo sentido";"Com Vítimas Feridas";"Pleno dia";"Decrescente";"Nublado";"Dupla";"Reta";"Não";2;0;1;0;1;0;1;2;-21,83682863;-45,50981014;"SPRF-MG";"DEL16-MG";"UOP02-DEL16-MG"
530509;2023-01-30;"segunda-feira";"17:25:00";"PR";476;160;"ARAUCARIA";"Transitar na contramão";"Saída de leito carroçável";"Com Vítimas Fatais";"Anoitecer";"Crescente";"Céu Claro";"Simples";"Reta";"Sim";5;2;0;0;1;4;0;7;-25,619013;-49,440125;"SPRF-PR";"DEL01-PR";"UOP06-DEL01-PR"
530513;2023-06-19;"segunda-feira";"14:00:00";"RS";153;3,5;"CACHOEIRA DO SUL";"Acessar a via sem observar a presença dos outros veículos";"Colisão transversal";"Com Vítimas Feridas";"Pleno dia";"Crescente";"Sol";"Simples";"Curva";"Não";3;0;1;0;2;0;1;2;-30,01329416;-52,89822578;"SPRF-RS";"DEL02-RS";"UOP03-DEL02-RS"
530530;2023-06-08;"quinta-feira";"07:10:00";"MG";381;361;"JOAO MONLEVADE";"Reação tardia ou ineficiente do condutor";"Colisão transversal";"Com Vítimas Fatais";"Pleno dia";"Crescente";"Céu Claro";"Simples";"Reta";"Não";2;1;0;0;1;0;0;2;-19,85881293;-43,234108;"SPRF-MG";"DEL03-MG";"UOP01-DEL03-MG"
530536;2023-06-19;"segunda-feira";"19:00:00";"PR";373;184,8;"PONTA GROSSA";"Desvio temporário";"Saída de leito carroçável";"Com Vítimas Feridas";"Plena Noite";"Decrescente";"Céu Claro";"Simples";"Curva";"Não";1;0;1;0;0;0;1;1;-25,04420006;-50,28426695;"SPRF-PR";"DEL03-PR";"UOP01-DEL03-PR"
530540;2023-06-19;"segunda-feira";"17:00:00";"MT";364;36;"ALTO GARCAS";"Condutor deixou de manter distância do veículo da frente";"Colisão lateral mesmo sentido";"Com Vítimas Feridas";"Pleno dia";"Crescente";"Sol";"Simples";"Reta;Declive";"Não";4;0;1;0;1;4;1;6;-17,12412774;-53,44857953;"SPRF-MT";"DEL02-MT";"UOP02-DEL02-MT"
530555;2023-06-19;"segunda-feira";"18:50:00";"MG";365;648,1;"UBERLANDIA";"Ausência de reação do condutor";"Colisão traseira";"Com Vítimas Feridas";"Plena Noite";"Decrescente";"Céu Claro";"Dupla";"Reta";"Não";2;0;1;0;1;0;1;2;-18,87284932;-48,54026605;"SPRF-MG";"DEL15-MG";"UOP01-DEL15-MG"
530562;2023-06-19;"segunda-feira";"13:00:00";"MT";158;512;"CANARANA";"Ingestão de álcool pelo condutor";"Tombamento";"Sem Vítimas";"Pleno dia";"Decrescente";"Céu Claro";"Simples";"Reta;Aclive";"Não";2;0;0;0;1;2;0;3;-13,625467;-51,94790101;"SPRF-MT";"DEL07-MT";"UOP02-DEL07-MT"
530564;2023-06-19;"segunda-feira";"16:30:00";"PR";153;354;"REBOUCAS";"Reação tardia ou ineficiente do condutor";"Saída de leito carroçável";"Com Vítimas Feridas";"Pleno dia";"Crescente";"Céu Claro";"Simples";"Reta";"Não";2;0;1;0;0;2;1;3;-25,63077912;-50,7269568;"SPRF-PR";"DEL08-PR";"UOP02-DEL08-PR"
530565;2023-06-19;"segunda-feira";"19:10:00";"MA";10;173,6;"CAMPESTRE DO MARANHAO";"Acessar a via sem observar a presença dos outros veículos";"Colisão transversal";"Com Vítimas Feridas";"Plena Noite";"Decrescente";"Céu Claro";"Simples";"Reta";"Não";3;0;1;1;1;0;2;2;-6,203282;-47,357876;"SPRF-MA";"DEL04-MA";"UOP02-DEL04-MA"
530566;2023-06-19;"segunda-feira";"18:50:00";"PR";277;599;"CASCAVEL";"Manobra de mudança de faixa";"Colisão lateral mesmo sentido";"Sem Vítimas";"Plena Noite";"Decrescente";"Céu Claro";"Dupla";"Reta";"Não";2;0;0;0;1;1;0;2;-24,996818;-53,516253;"SPRF-PR";"DEL04-PR";"UOP01-DEL04-PR"
530571;2023-06-19;"segunda-feira";"21:05:00";"ES";101;366,9;"ANCHIETA";"Mal súbito do condutor";"Colisão frontal";"Com Vítimas Fatais";"Plena Noite";"Decrescente";"Nublado";"Simples";"Reta";"Não";4;1;0;1;1;1;1;3;-20,73590976;-40,7597842;"SPRF-ES";"DEL03-ES";"UOP01-DEL03-ES"
530572;2023-06-19;"segunda-feira";"20:10:00";"RJ";116;284,1;"BARRA MANSA";"Reação tardia ou ineficiente do condutor";"Colisão traseira";"Com Vítimas Feridas";"Plena Noite";"Decrescente";"Céu Claro";"Dupla";"Aclive;Reta;Viaduto";"Não";6;0;4;0;1;1;4;3;-22,5135679;-44,21166658;"SPRF-RJ";"DEL07-RJ";"UOP02-DEL07-RJ"
530573;2023-06-19;"segunda-feira";"18:50:00";"SP";381;81;"SAO PAULO";"Ausência de sinalização";"Colisão traseira";"Com Vítimas Feridas";"Plena Noite";"Crescente";"Céu Claro";"Múltipla";"Reta";"Não";4;0;1;0;3;0;1;3;-23,41704481;-46,58022057;"SPRF-SP";"DEL03-SP";"UOP01-DEL03-SP"
530575;2023-06-19;"segunda-feira";"19:00:00";"BA";324;418,3;"RIACHAO DO JACUIPE";"Mal súbito do condutor";"Colisão frontal";"Com Vítimas Fatais";"Plena Noite";"Crescente";"Chuva";"Simples";"Reta";"Não";3;1;0;0;2;0;0;2;-11,69434774;-39,53730176;"SPRF-BA";"DEL04-BA";"UOP02-DEL04-BA"
530577;2023-06-19;"segunda-feira";"17:45:00";"AM";174;1083;"PRESIDENTE FIGUEIREDO";"Transitar na contramão";"Colisão lateral sentido oposto";"Com Vítimas Fatais";"Anoitecer";"Decrescente";"Céu Claro";"Simples";"Aclive;Reta";"Não";3;1;0;0;1;1;0;3;-1,33784094;-60,37592189;"SPRF-AM";"DEL01-AM";"UOP02-DEL01-AM"
530580;2023-04-04;"terça-feira";"23:30:00";"MG";153;57,8;"MONTE ALEGRE DE MINAS";"Ultrapassagem Indevida";"Colisão lateral sentido oposto";"Com Vítimas Feridas";"Plena Noite";"Decrescente";"Céu Claro";"Simples";"Reta";"Não";4;0;1;0;2;2;1;5;-18,87131545;-49,0623664;"SPRF-MG";"DEL15-MG";"UOP03-DEL15-MG"
530581;2023-06-19;"segunda-feira";"20:30:00";"BA";101;769;"ITABELA";"Condutor Dormindo";"Saída de leito carroçável";"Com Vítimas Feridas";"Plena Noite";"Crescente";"Céu Claro";"Simples";"Reta";"Não";1;0;1;0;0;0;1;1;-16,902591;-39,52546126;"SPRF-BA";"DEL09-BA";"UOP01-DEL09-BA"
530584;2023-06-18;"domingo";"13:00:00";"GO";452;34;"SANTA HELENA DE GOIAS";"Reação tardia ou ineficiente do condutor";"Saída de leito carroçável";"Com Vítimas Feridas";"Pleno dia";"Decrescente";"Céu Claro";"Simples";"Curva;Aclive";"Não";2;0;1;0;0;1;1;2;-17,916181;-50,609433;"SPRF-GO";"DEL04-GO";"UOP01-DEL04-GO"
530589;2023-06-19;"segunda-feira";"19:50:00";"RS";116;529,1;"CAPAO DO LEAO";"Entrada inopinada do pedestre";"Atropelamento de Pedestre";"Com Vítimas Feridas";"Plena Noite";"Decrescente";"Céu Claro";"Simples";"Interseção de Vias";"Sim";2;0;1;0;0;1;1;2;-31,75446042;-52,42803583;"SPRF-RS";"DEL07-RS";"UOP01-DEL07-RS"
530593;2023-06-20;"terça-feira";"01:00:00";"GO";60;302;"ACREUNA";"Demais falhas mecânicas ou elétricas";"Incêndio";"Sem Vítimas";"Plena Noite";"Crescente";"Céu Claro";"Dupla";"Reta";"Não";1;0;0;0;1;0;0;1;-17,3745;-50,3507;"SPRF-GO";"DEL04-GO";"UOP02-DEL04-GO"
530594;2023-06-20;"terça-feira";"02:10:00";"PE";232;20,2;"MORENO";"Manobra de mudança de faixa";"Tombamento";"Com Vítimas Feridas";"Plena Noite";"Decrescente";"Chuva";"Dupla";"Reta";"Não";2;0;1;0;0;1;1;2;-8,09543537;-35,07136107;"SPRF-PE";"DEL01-PE";"UOP01-DEL01-PE"
530595;2023-06-19;"segunda-feira";"21:45:00";"BA";367;149;"ITAGIMIRIM";"Reação tardia ou ineficiente do condutor";"Colisão frontal";"Com Vítimas Fatais";"Plena Noite";"Crescente";"Céu Claro";"Simples";"Curva";"Não";2;1;0;0;1;0;0;2;-16,09170926;-39,85897584;"SPRF-BA";"DEL09-BA";"UOP01-DEL09-BA"
530597;2023-06-20;"terça-feira";"02:20:00";"BA";101;440;"UBAITABA";"Velocidade Incompatível";"Colisão transversal";"Com Vítimas Fatais";"Plena Noite";"Crescente";"Céu Claro";"Simples";"Rotatória;Reta";"Não";3;1;1;0;0;1;1;2;-14,266732;-39,32642;"SPRF-BA";"DEL05-BA";"UOP01-DEL05-BA"
530602;2023-06-20;"terça-feira";"05:20:00";"RJ";116;281;"BARRA MANSA";"Condutor Dormindo";"Colisão com objeto";"Com Vítimas Feridas";"Amanhecer";"Crescente";"Céu Claro";"Dupla";"Reta";"Não";2;0;1;0;0;2;1;3;-22,53453899;-44,19606354;"SPRF-RJ";"DEL07-RJ";"UOP02-DEL07-RJ"
530605;2023-06-20;"terça-feira";"06:00:00";"MG";40;532,4;"BELO HORIZONTE";"Mal súbito do condutor";"Saída de leito carroçável";"Com Vítimas Fatais";"Amanhecer";"Decrescente";"Céu Claro";"Dupla";"Reta";"Sim";1;1;0;0;0;0;0;1;-19,92372561;-44,01700789;"SPRF-MG";"DEL01-MG";"UOP02-DEL01-MG"
530609;2023-06-20;"terça-feira";"06:10:00";"RS";470;215;"BENTO GONCALVES";"Conversão proibida";"Colisão transversal";"Com Vítimas Feridas";"Amanhecer";"Crescente";"Céu Claro";"Simples";"Reta";"Sim";2;0;1;0;1;0;1;2;-29,16026584;-51,52877569;"SPRF-RS";"DEL06-RS";"UOP01-DEL06-RS"
530614;2023-06-20;"terça-feira";"06:00:00";"MA";135;5,9;"SAO LUIS";"Acumulo de água sobre o pavimento";"Engavetamento";"Com Vítimas Feridas";"Amanhecer";"Crescente";"Garoa/Chuvisco";"Dupla";"Reta";"Sim";4;0;1;0;2;3;1;6;-2,6293152;-44,31442738;"SPRF-MA";"DEL01-MA";"UOP01-DEL01-MA"
530620;2023-06-20;"terça-feira";"04:00:00";"PA";10;334;"SAO MIGUEL DO GUAMA";"Manobra de mudança de faixa";"Colisão lateral sentido oposto";"Sem Vítimas";"Plena Noite";"Crescente";"Céu Claro";"Simples";"Reta;Declive";"Não";2;0;0;0;2;0;0;2;-1,5222518;-47,519505;"SPRF-PA";"DEL01-PA";"UOP02-DEL01-PA"
530621;2023-06-20;"terça-feira";"07:57:00";"CE";222;3;"FORTALEZA";"Reação tardia ou ineficiente do condutor";"Colisão traseira";"Com Vítimas Feridas";"Pleno dia";"Decrescente";"Céu Claro";"Múltipla";"Reta";"Sim";2;0;1;0;1;0;1;2;-3,7403769;-38,59569202;"SPRF-CE";"DEL01-CE";"UOP01-DEL01-CE"
530629;2023-06-20;"terça-feira";"07:40:00";"MG";381;482,9;"BETIM";"Reação tardia ou ineficiente do condutor";"Colisão traseira";"Com Vítimas Feridas";"Pleno dia";"Decrescente";"Céu Claro";"Dupla";"Aclive";"Não";4;0;1;0;2;3;1;5;-19,955532;-44,097209;"SPRF-MG";"DEL01-MG";"UOP03-DEL01-MG"
530637;2023-06-20;"terça-feira";"08:30:00";"SE";235;19,8;"NOSSA SENHORA DO SOCORRO";"Curva acentuada";"Colisão lateral sentido oposto";"Com Vítimas Feridas";"Pleno dia";"Decrescente";"Chuva";"Simples";"Curva";"Não";2;0;2;0;0;0;2;2;-10,84173597;-37,21232414;"SPRF-SE";"DEL01-SE";"UOP02-DEL01-SE"
530638;2023-05-23;"terça-feira";"17:48:00";"MT";364;435;"VARZEA GRANDE";"Acesso irregular";"Colisão transversal";"Com Vítimas Feridas";"Anoitecer";"Crescente";"Céu Claro";"Dupla";"Reta";"Sim";4;0;0;1;1;4;1;6;-15,64127781;-56,13085281;"SPRF-MT";"DEL01-MT";"UOP02-DEL01-MT"
530642;2023-06-20;"terça-feira";"05:30:00";"PE";232;356,1;"FLORES";"Acesso irregular";"Colisão transversal";"Com Vítimas Feridas";"Amanhecer";"Crescente";"Céu Claro";"Simples";"Reta";"Sim";10;0;6;0;3;3;6;5;-8,04849067;-37,84054579;"SPRF-PE";"DEL04-PE";"UOP01-DEL04-PE"
530643;2023-06-20;"terça-feira";"09:45:00";"MG";365;840;"SANTA VITORIA";"Acessar a via sem observar a presença dos outros veículos";"Colisão traseira";"Com Vítimas Feridas";"Pleno dia";"Crescente";"Céu Claro";"Simples";"Reta";"Não";4;0;1;0;2;2;1;4;-18,93659169;-50,26932836;"SPRF-MG";"DEL15-MG";"UOP03-DEL15-MG"
530647;2023-06-20;"terça-feira";"10:10:00";"ES";262;73;"DOMINGOS MARTINS";"Velocidade Incompatível";"Tombamento";"Com Vítimas Feridas";"Pleno dia";"Decrescente";"Céu Claro";"Simples";"Curva";"Não";3;0;1;0;2;0;1;3;-20,41066352;-40,88380166;"SPRF-ES";"DEL01-ES";"UOP02-DEL01-ES"
530648;2023-06-20;"terça-feira";"06:50:00";"MS";0;0;"NAVIRAI";"Demais Fenômenos da natureza";"Colisão com objeto";"Sem Vítimas";"Amanhecer";"Não Informado";"Sol";"Dupla";"Reta";"Sim";4;0;0;0;3;2;0;4;-23,058747;-54,243038;"SPRF-MS";"DEL09-MS";"UOP01-DEL09-MS"
530649;2023-06-20;"terça-feira";"06:35:00";"PR";153;238,1;"TIBAGI";"Mal súbito do condutor";"Colisão lateral sentido oposto";"Com Vítimas Fatais";"Amanhecer";"Crescente";"Nevoeiro/Neblina";"Simples";"Declive;Curva";"Não";6;1;0;2;2;4;2;7;-24,77583313;-50,46194458;"SPRF-PR";"DEL03-PR";"UOP02-DEL03-PR"
530651;2023-06-20;"terça-feira";"07:50:00";"RS";290;30;"SANTO ANTONIO DA PATRULHA";"Condutor Dormindo";"Colisão traseira";"Com Vítimas Feridas";"Pleno dia";"Decrescente";"Céu Claro";"Múltipla";"Reta";"Não";2;0;1;0;1;0;1;2;-29,883583;-50,555428;"SPRF-RS";"DEL03-RS";"UOP01-DEL03-RS"
530656;2023-06-20;"terça-feira";"10:30:00";"MG";262;116;"RIO CASCA";"Velocidade Incompatível";"Tombamento";"Sem Vítimas";"Pleno dia";"Crescente";"Sol";"Simples";"Reta";"Sim";1;0;0;0;1;0;0;1;-20,23385336;-42,6212197;"SPRF-MG";"DEL03-MG";"UOP03-DEL03-MG"
530660;2023-06-20;"terça-feira";"08:00:00";"RJ";116;232;"PIRAI";"Ausência de reação do condutor";"Tombamento";"Com Vítimas Feridas";"Amanhecer";"Decrescente";"Céu Claro";"Simples";"Curva;Declive";"Não";2;0;1;0;0;1;1;2;-22,65604007;-43,83713888;"SPRF-RJ";"DEL07-RJ";"UOP01-DEL07-RJ"
530661;2023-06-20;"terça-feira";"11:30:00";"MS";262;467,6;"ANASTACIO";"Ausência de reação do condutor";"Saída de leito carroçável";"Com Vítimas Feridas";"Pleno dia";"Crescente";"Céu Claro";"Simples";"Reta";"Não";2;0;1;0;0;3;1;4;-20,52233486;-55,59918494;"SPRF-MS";"DEL03-MS";"UOP01-DEL03-MS"
530663;2023-06-20;"terça-feira";"11:20:00";"PR";116;105,5;"SAO JOSE DOS PINHAIS";"Reação tardia ou ineficiente do condutor";"Colisão traseira";"Sem Vítimas";"Pleno dia";"Crescente";"Céu Claro";"Dupla";"Reta";"Não";3;0;0;0;2;1;0;3;-25,56635207;-49,16833598;"SPRF-PR";"DEL01-PR";"UOP07-DEL01-PR"
530664;2023-06-20;"terça-feira";"12:00:00";"ES";101;329;"GUARAPARI";"Carga excessiva e/ou mal acondicionada";"Tombamento";"Com Vítimas Feridas";"Pleno dia";"Decrescente";"Céu Claro";"Dupla";"Curva";"Não";1;0;1;0;0;0;1;1;-20,58543019;-40,49702183;"SPRF-ES";"DEL03-ES";"UOP01-DEL03-ES"
530667;2023-06-20;"terça-feira";"12:40:00";"PI";343;42,2;"BURITI DOS LOPES";"Transitar na contramão";"Colisão frontal";"Com Vítimas Feridas";"Pleno dia";"Decrescente";"Garoa/Chuvisco";"Simples";"Curva";"Não";3;0;1;0;2;0;1;2;-3,162885;-41,822133;"SPRF-PI";"DEL05-PI";"UOP01-DEL05-PI"
530671;2023-06-20;"terça-feira";"10:40:00";"RS";285;515,5;"VITORIA DAS MISSOES";"Manobra de mudança de faixa";"Colisão lateral mesmo sentido";"Com Vítimas Feridas";"Pleno dia";"Decrescente";"Céu Claro";"Simples";"Aclive;Reta";"Não";4;0;2;0;1;1;2;3;-28,397205;-54,443333;"SPRF-RS";"DEL10-RS";"UOP01-DEL10-RS"
530685;2023-06-20;"terça-feira";"12:50:00";"MG";116;275;"TEOFILO OTONI";"Reação tardia ou ineficiente do condutor";"Colisão lateral mesmo sentido";"Com Vítimas Feridas";"Pleno dia";"Decrescente";"Céu Claro";"Simples";"Reta";"Sim";3;0;1;0;1;1;1;3;-17,84235093;-41,51410418;"SPRF-MG";"DEL11-MG";"UOP01-DEL11-MG"
530693;2023-06-20;"terça-feira";"14:30:00";"MG";381;313,8;"ANTONIO DIAS";"Demais falhas mecânicas ou elétricas";"Incêndio";"Sem Vítimas";"Pleno dia";"Decrescente";"Céu Claro";"Simples";"Reta";"Não";1;0;0;0;1;0;0;1;-19,68108013;-42,98147866;"SPRF-MG";"DEL03-MG";"UOP02-DEL03-MG"
530695;2023-06-20;"terça-feira";"15:40:00";"PE";101;45;"ABREU E LIMA";"Acessar a via sem observar a presença dos outros veículos";"Colisão lateral mesmo sentido";"Com Vítimas Feridas";"Pleno dia";"Decrescente";"Nublado";"Múltipla";"Reta";"Sim";4;0;0;1;3;0;1;2;-7,86521297;-34,90715176;"SPRF-PE";"DEL01-PE";"UOP02-DEL01-PE"
530697;2023-06-20;"terça-feira";"14:15:00";"RS";290;213;"PANTANO GRANDE";"Desrespeitar a preferência no cruzamento";"Colisão transversal";"Com Vítimas Feridas";"Pleno dia";"Crescente";"Céu Claro";"Simples";"Interseção de Vias;Rotatória;Declive";"Não";3;0;1;0;1;2;1;4;-30,1867638;-52,35860288;"SPRF-RS";"DEL02-RS";"UOP03-DEL02-RS"
530701;2023-06-03;"sábado";"23:30:00";"BA";116;764;"POCOES";"Conversão proibida";"Colisão transversal";"Com Vítimas Feridas";"Plena Noite";"Decrescente";"Céu Claro";"Simples";"Reta;Declive";"Não";7;0;0;3;3;1;3;3;-14,51619902;-40,36913998;"SPRF-BA";"DEL08-BA";"UOP02-DEL08-BA"
530706;2023-06-20;"terça-feira";"16:20:00";"GO";50;244,2;"CATALAO";"Velocidade Incompatível";"Tombamento";"Com Vítimas Feridas";"Pleno dia";"Crescente";"Sol";"Dupla";"Viaduto;Rotatória";"Sim";3;0;2;0;0;3;2;4;-17,9172;-47,7901;"SPRF-GO";"DEL06-GO";"UOP01-DEL06-GO"
530719;2023-06-20;"terça-feira";"17:00:00";"PR";476;146;"ARAUCARIA";"Condutor deixou de manter distância do veículo da frente";"Colisão lateral mesmo sentido";"Com Vítimas Feridas";"Anoitecer";"Decrescente";"Céu Claro";"Dupla";"Curva";"Não";3;0;1;0;1;1;1;3;-25,551186;-49,330109;"SPRF-PR";"DEL01-PR";"UOP06-DEL01-PR"
530722;2023-06-20;"terça-feira";"17:00:00";"MT";163;939;"ITAUBA";"Ausência de reação do condutor";"Colisão traseira";"Com Vítimas Feridas";"Pleno dia";"Crescente";"Céu Claro";"Simples";"Aclive;Reta";"Não";3;0;2;0;1;0;2;2;-10,96823048;-55,22578914;"SPRF-MT";"DEL06-MT";"UOP02-DEL06-MT"
530729;2023-06-20;"terça-feira";"18:00:00";"PA";316;20;"BENEVIDES";"Ausência de reação do condutor";"Colisão traseira";"Com Vítimas Feridas";"Anoitecer";"Crescente";"Nublado";"Dupla";"Curva";"Sim";3;0;2;0;1;0;2;2;-1,3642339;-48,266582;"SPRF-PA";"DEL01-PA";"UOP01-DEL01-PA"
530736;2023-06-20;"terça-feira";"18:50:00";"PB";230;160;"CAMPINA GRANDE";"Ultrapassagem Indevida";"Colisão lateral mesmo sentido";"Sem Vítimas";"Plena Noite";"Crescente";"Céu Claro";"Simples";"Rotatória";"Não";3;0;0;0;2;1;0;3;-7,2436;-35,9375;"SPRF-PB";"DEL02-PB";"UOP01-DEL02-PB"
530737;2023-06-20;"terça-feira";"19:00:00";"RJ";116;241;"PIRAI";"Demais falhas mecânicas ou elétricas";"Incêndio";"Sem Vítimas";"Plena Noite";"Decrescente";"Céu Claro";"Múltipla";"Reta";"Não";1;0;0;0;1;0;0;1;-22,64242197;-43,89766093;"SPRF-RJ";"DEL07-RJ";"UOP01-DEL07-RJ"
530740;2023-06-20;"terça-feira";"17:30:00";"RJ";116;250;"PIRAI";"Reação tardia ou ineficiente do condutor";"Colisão lateral mesmo sentido";"Com Vítimas Feridas";"Anoitecer";"Decrescente";"Céu Claro";"Múltipla";"Aclive;Reta";"Não";3;0;2;0;0;1;2;3;-22,58358254;-44,04590607;"SPRF-RJ";"DEL07-RJ";"UOP01-DEL07-RJ"
530742;2023-06-20;"terça-feira";"19:10:00";"DF";20;4,7;"BRASILIA";"Ausência de reação do condutor";"Colisão traseira";"Com Vítimas Feridas";"Plena Noite";"Decrescente";"Céu Claro";"Dupla";"Aclive";"Sim";2;0;0;1;1;0;1;2;-15,675484;-47,823761;"SPRF-DF";"DEL02-DF";"UOP01-DEL02-DF"
530745;2023-06-20;"terça-feira";"19:00:00";"MS";262;375,6;"TERENOS";"Reação tardia ou ineficiente do condutor";"Colisão lateral sentido oposto";"Com Vítimas Feridas";"Plena Noite";"Crescente";"Céu Claro";"Simples";"Curva";"Não";5;0;1;3;1;0;4;3;-20,48772428;-54,81319021;"SPRF-MS";"DEL01-MS";"UOP03-DEL01-MS"
530746;2023-06-20;"terça-feira";"18:40:00";"GO";153;200;"URUACU";"Acesso irregular";"Colisão transversal";"Com Vítimas Feridas";"Plena Noite";"Decrescente";"Céu Claro";"Simples";"Reta";"Sim";4;0;2;0;1;2;2;4;-14,513057;-49,149277;"SPRF-GO";"DEL07-GO";"UOP02-DEL07-GO"
530747;2023-06-20;"terça-feira";"17:55:00";"PE";232;275,6;"SERTANIA";"Transitar na contramão";"Colisão frontal";"Com Vítimas Feridas";"Plena Noite";"Decrescente";"Nublado";"Simples";"Reta";"Não";3;0;0;1;1;1;1;3;-8,37767902;-37,25556603;"SPRF-PE";"DEL04-PE";"UOP02-DEL04-PE"
530752;2023-06-20;"terça-feira";"08:40:00";"SP";116;165;"JACAREI";"Ausência de reação do condutor";"Saída de leito carroçável";"Com Vítimas Feridas";"Pleno dia";"Decrescente";"Céu Claro";"Dupla";"Reta";"Não";2;0;0;1;0;1;1;2;-23,29691791;-46,00798704;"SPRF-SP";"DEL02-SP";"UOP01-DEL02-SP"
530755;2023-06-20;"terça-feira";"08:00:00";"RO";364;103;"VILHENA";"Demais falhas mecânicas ou elétricas";"Tombamento";"Sem Vítimas";"Pleno dia";"Crescente";"Sol";"Simples";"Reta";"Não";1;0;0;0;1;0;0;1;-12,25760086;-60,66201795;"SPRF-RO";"DEL04-RO";"UOP01-DEL04-RO"
530758;2023-06-20;"terça-feira";"20:00:00";"GO";364;358;"MINEIROS";"Reação tardia ou ineficiente do condutor";"Colisão transversal";"Com Vítimas Feridas";"Plena Noite";"Crescente";"Céu Claro";"Simples";"Reta";"Não";9;0;6;1;2;0;7;2;-17,386873;-53,033463;"SPRF-GO";"DEL05-GO";"UOP01-DEL05-GO"
530763;2023-06-20;"terça-feira";"22:45:00";"MG";381;589,1;"CARMOPOLIS DE MINAS";"Velocidade Incompatível";"Colisão traseira";"Com Vítimas Feridas";"Plena Noite";"Decrescente";"Céu Claro";"Dupla";"Reta";"Sim";4;0;3;0;1;0;3;2;-20,56175976;-44,66523212;"SPRF-MG";"DEL04-MG";"UOP01-DEL04-MG"
530769;2023-06-20;"terça-feira";"12:30:00";"MG";251;357;"PADRE CARVALHO";"Ausência de reação do condutor";"Tombamento";"Com Vítimas Feridas";"Pleno dia";"Crescente";"Céu Claro";"Simples";"Curva";"Não";2;0;1;0;0;1;1;2;-16,2680488;-42,56319568;"SPRF-MG";"DEL12-MG";"UOP01-DEL12-MG"
530776;2023-06-21;"quarta-feira";"00:30:00";"GO";50;122;"IPAMERI";"Condutor Dormindo";"Saída de leito carroçável";"Com Vítimas Feridas";"Plena Noite";"Decrescente";"Céu Claro";"Dupla";"Curva";"Não";1;0;1;0;0;0;1;1;-16,9417;-47,7264;"SPRF-GO";"DEL06-GO";"UOP01-DEL06-GO"
530784;2023-06-21;"quarta-feira";"03:00:00";"SP";153;256,3;"MARILIA";"Velocidade Incompatível";"Tombamento";"Com Vítimas Feridas";"Plena Noite";"Decrescente";"Céu Claro";"Dupla";"Rotatória";"Sim";2;0;1;0;0;1;1;2;-22,2378627;-49,91891384;"SPRF-SP";"DEL07-SP";"UOP02-DEL07-SP"
530785;2023-06-21;"quarta-feira";"04:00:00";"RJ";356;50;"ITAPERUNA";"Demais falhas mecânicas ou elétricas";"Incêndio";"Sem Vítimas";"Plena Noite";"Decrescente";"Nevoeiro/Neblina";"Simples";"Reta";"Não";2;0;0;0;1;1;0;2;-21,2573533;-41,77513029;"SPRF-RJ";"DEL08-RJ";"UOP03-DEL08-RJ"
530790;2023-06-21;"quarta-feira";"06:07:00";"RS";153;38,6;"ERECHIM";"Condutor Dormindo";"Saída de leito carroçável";"Sem Vítimas";"Amanhecer";"Decrescente";"Céu Claro";"Simples";"Reta";"Não";2;0;0;0;1;1;0;2;-27,57462084;-52,22292364;"SPRF-RS";"DEL08-RS";"UOP04-DEL08-RS"