"id";"data_inversa";"dia_semana";"horario";"uf";"br";"km";"municipio";"causa_acidente";"tipo_acidente";"classificacao_acidente";"fase_dia";"sentido_via";"condicao_metereologica";"tipo_pista";"tracado_via";"uso_solo";"pessoas";"mortos";"feridos_leves";"feridos_graves";"ilesos";"ignorados";"feridos";"veiculos";"latitude";"longitude";"regional";"delegacia";"uop"
531085;2023-06-22;"quinta-feira";"14:20:00";"BA";116;384;"SANTA BARBARA";"Transitar na contramão";"Saída de leito carroçável";"Com Vítimas Feridas";"Pleno dia";"Crescente";"Céu Claro";"Simples";"Reta";"Não";4;0;2;0;2;0;2;3;-11,886881;-38,9807925;"SPRF-BA";"DEL02-BA";"UOP01-DEL02-BA"
531088;2023-06-22;"quinta-feira";"12:45:00";"BA";101;257;"SANTO ANTONIO DE JESUS";"Velocidade Incompatível";"Tombamento";"Com Vítimas Fatais";"Pleno dia";"Decrescente";"Céu Claro";"Dupla";"Curva;Interseção de Vias;Ponte";"Não";3;1;0;0;0;3;0;4;-13,04006608;-39,28675236;"SPRF-BA";"DEL01-BA";"UOP02-DEL01-BA"
531094;2023-06-22;"quinta-feira";"15:06:00";"MS";262;733,6;"CORUMBA";"Reação tardia ou ineficiente do condutor";"Colisão com objeto";"Com Vítimas Feridas";"Pleno dia";"Decrescente";"Céu Claro";"Simples";"Curva";"Não";2;0;1;0;0;1;1;2;-19,32863876;-57,57419586;"SPRF-MS";"DEL03-MS";"UOP03-DEL03-MS"
531095;2023-06-15;"quinta-feira";"16:10:00";"RS";386;438;"NOVA SANTA RITA";"Conversão proibida";"Colisão transversal";"Com Vítimas Fatais";"Anoitecer";"Decrescente";"Chuva";"Dupla";"Retorno Regulamentado;Reta";"Sim";6;1;4;1;0;0;5;2;-29,863266;-51,252903;"SPRF-RS";"DEL04-RS";"UOP02-DEL04-RS"
531097;2023-06-22;"quinta-feira";"15:30:00";"PE";101;81,8;"JABOATAO DOS GUARARAPES";"Demais falhas mecânicas ou elétricas";"Tombamento";"Com Vítimas Feridas";"Pleno dia";"Decrescente";"Céu Claro";"Dupla";"Curva;Viaduto;Declive";"Sim";3;0;0;1;1;1;1;3;-8,169528;-34,937317;"SPRF-PE";"DEL01-PE";"UOP01-DEL01-PE"
531107;2023-06-11;"domingo";"03:30:00";"RO";364;562,1;"ALTO PARAISO";"Transitar na contramão";"Colisão lateral sentido oposto";"Com Vítimas Fatais";"Plena Noite";"Crescente";"Céu Claro";"Simples";"Reta";"Não";3;1;0;0;1;3;0;5;-9,5531938;-63,0757514;"SPRF-RO";"DEL01-RO";"UOP04-DEL01-RO"
531109;2023-06-22;"quinta-feira";"16:55:00";"RS";116;246;"SAO LEOPOLDO";"Acessar a via sem observar a presença dos outros veículos";"Colisão lateral mesmo sentido";"Com Vítimas Feridas";"Pleno dia";"Decrescente";"Nublado";"Dupla";"Interseção de Vias;Reta";"Sim";3;0;0;1;1;1;1;3;-29,7617789;-51,15225792;"SPRF-RS";"DEL01-RS";"UOP02-DEL01-RS"
531110;2023-06-22;"quinta-feira";"18:00:00";"RJ";393;143;"SAPUCAIA";"Acessar a via sem observar a presença dos outros veículos";"Colisão transversal";"Com Vítimas Fatais";"Anoitecer";"Crescente";"Céu Claro";"Simples";"Reta";"Sim";2;1;1;0;0;0;1;2;-22,02408891;-42,97247704;"SPRF-RJ";"DEL05-RJ";"UOP01-DEL05-RJ"
531113;2023-06-22;"quinta-feira";"17:30:00";"MG";40;552;"NOVA LIMA";"Acessar a via sem observar a presença dos outros veículos";"Colisão lateral mesmo sentido";"Sem Vítimas";"Pleno dia";"Crescente";"Céu Claro";"Simples";"Reta;Declive";"Não";2;0;0;0;1;1;0;2;-20,06084086;-43,97716423;"SPRF-MG";"DEL01-MG";"UOP02-DEL01-MG"
531114;2023-06-22;"quinta-feira";"16:19:00";"GO";70;68;"COCALZINHO DE GOIAS";"Ausência de reação do condutor";"Tombamento";"Com Vítimas Feridas";"Pleno dia";"Crescente";"Céu Claro";"Simples";"Reta;Declive";"Não";3;0;2;0;0;1;2;2;-15,790628;-48,772987;"SPRF-GO";"DEL02-GO";"UOP02-DEL02-GO"
531118;2023-06-22;"quinta-feira";"15:50:00";"RJ";493;52;"DUQUE DE CAXIAS";"Ultrapassagem Indevida";"Colisão lateral mesmo sentido";"Com Vítimas Fatais";"Pleno dia";"Crescente";"Céu Claro";"Dupla";"Reta";"Não";3;2;0;0;1;0;0;2;-22,665575;-43,3266439;"SPRF-RJ";"DEL01-RJ";"UOP01-DEL01-RJ"
531120;2023-06-22;"quinta-feira";"00:45:00";"RS";285;434,9;"BOZANO";"Ausência de reação do condutor";"Colisão frontal";"Com Vítimas Feridas";"Plena Noite";"Crescente";"Chuva";"Simples";"Curva";"Não";2;0;0;1;1;0;1;2;-28,340496;-53,681808;"SPRF-RS";"DEL10-RS";"UOP01-DEL10-RS"
531122;2023-06-22;"quinta-feira";"17:00:00";"GO";70;64;"COCALZINHO DE GOIAS";"Demais falhas mecânicas ou elétricas";"Incêndio";"Sem Vítimas";"Pleno dia";"Crescente";"Céu Claro";"Simples";"Aclive;Reta";"Não";2;0;0;0;1;2;0;3;-15,75740729;-48,74036355;"SPRF-DF";"DEL03-DF";"UOP02-DEL03-DF"
531124;2023-06-22;"quinta-feira";"18:15:00";"MG";381;492,4;"BETIM";"Estacionar ou parar em local proibido";"Colisão traseira";"Com Vítimas Feridas";"Plena Noite";"Crescente";"Céu Claro";"Múltipla";"Reta";"Sim";3;0;1;0;1;1;1;3;-19,96173215;-44,16227102;"SPRF-MG";"DEL01-MG";"UOP03-DEL01-MG"
531125;2023-06-22;"quinta-feira";"12:50:00";"SC";470;199,3;"PONTE ALTA";"Desrespeitar a preferência no cruzamento";"Colisão transversal";"Com Vítimas Feridas";"Pleno dia";"Crescente";"Nublado";"Simples";"Rotatória";"Não";3;0;1;0;1;1;1;3;-27,30814239;-50,13371587;"SPRF-SC";"DEL05-SC";"UOP03-DEL05-SC"
531126;2023-06-22;"quinta-feira";"16:15:00";"MS";487;112;"ITAQUIRAI";"Ingestão de álcool pelo condutor";"Colisão lateral sentido oposto";"Com Vítimas Feridas";"Pleno dia";"Decrescente";"Céu Claro";"Simples";"Declive";"Não";3;0;0;1;1;1;1;3;-23,25553629;-53,93677615;"SPRF-MS";"DEL09-MS";"UOP01-DEL09-MS"
531129;2023-06-22;"quinta-feira";"17:46:00";"MS";163;26;"MUNDO NOVO";"Acessar a via sem observar a presença dos outros veículos";"Colisão transversal";"Com Vítimas Feridas";"Plena Noite";"Crescente";"Nublado";"Simples";"Interseção de Vias";"Não";3;0;1;0;1;1;1;3;-23,88211103;-54,31859604;"SPRF-MS";"DEL09-MS";"UOP02-DEL09-MS"
531147;2023-03-25;"sábado";"01:42:00";"PA";163;665;"ITAITUBA";"Acostamento em desnível";"Tombamento";"Com Vítimas Feridas";"Plena Noite";"Decrescente";"Chuva";"Simples";"Em Obras;Reta";"Não";2;0;1;0;0;1;1;2;-4,421121;-55,80314;"SPRF-PA";"DEL05-PA";"UOP02-DEL05-PA"
531148;2023-06-22;"quinta-feira";"19:41:00";"ES";101;388,6;"RIO NOVO DO SUL";"Velocidade Incompatível";"Tombamento";"Com Vítimas Feridas";"Plena Noite";"Crescente";"Céu Claro";"Simples";"Curva";"Não";2;0;0;1;0;1;1;2;-20,86687222;-40,89531898;"SPRF-ES";"DEL03-ES";"UOP02-DEL03-ES"
531149;2023-06-22;"quinta-feira";"19:15:00";"MG";381;260;"CORONEL FABRICIANO";"Ultrapassagem Indevida";"Colisão lateral sentido oposto";"Com Vítimas Feridas";"Plena Noite";"Crescente";"Céu Claro";"Simples";"Curva";"Não";3;0;1;0;1;1;1;3;-19,52607;-42,5782;"SPRF-MG";"DEL03-MG";"UOP02-DEL03-MG"
531151;2023-06-22;"quinta-feira";"17:20:00";"MG";116;373;"FREI INOCENCIO";"Reação tardia ou ineficiente do condutor";"Colisão transversal";"Com Vítimas Feridas";"Pleno dia";"Decrescente";"Nublado";"Simples";"Reta";"Sim";2;0;0;1;1;0;1;2;-18,56011998;-41,90596461;"SPRF-MG";"DEL11-MG";"UOP01-DEL11-MG"
531153;2023-06-16;"sexta-feira";"16:01:00";"PA";163;105;"ALTAMIRA";"Reação tardia ou ineficiente do condutor";"Tombamento";"Com Vítimas Feridas";"Pleno dia";"Crescente";"Céu Claro";"Simples";"Curva";"Não";2;0;0;1;0;2;1;3;-8,72632457;-54,97348185;"SPRF-PA";"DEL05-PA";"UOP02-DEL05-PA"
531159;2023-06-22;"quinta-feira";"18:40:00";"MA";226;215,5;"TUNTUM";"Deficiência do Sistema de Iluminação/Sinalização";"Colisão lateral mesmo sentido";"Com Vítimas Feridas";"Plena Noite";"Crescente";"Céu Claro";"Simples";"Reta";"Não";5;0;2;0;2;1;2;4;-5,31583784;-44,58265809;"SPRF-MA";"DEL06-MA";"UOP01-DEL06-MA"
531162;2023-06-22;"quinta-feira";"21:15:00";"MG";116;593,9;"SAO JOAO DO MANHUACU";"Transitar na contramão";"Colisão frontal";"Com Vítimas Feridas";"Plena Noite";"Decrescente";"Céu Claro";"Simples";"Curva";"Não";2;0;0;1;1;0;1;2;-20,27877125;-42,14511164;"SPRF-MG";"DEL06-MG";"UOP03-DEL06-MG"
531166;2023-06-22;"quinta-feira";"20:08:00";"MT";70;264;"PRIMAVERA DO LESTE";"Condutor Dormindo";"Tombamento";"Com Vítimas Feridas";"Plena Noite";"Crescente";"Céu Claro";"Simples";"Reta";"Não";2;0;1;0;0;1;1;2;-15,57071998;-54,19124468;"SPRF-MT";"DEL05-MT";"UOP01-DEL05-MT"
531174;2023-06-23;"sexta-feira";"00:15:00";"PR";376;495;"PONTA GROSSA";"Reação tardia ou ineficiente do condutor";"Colisão frontal";"Com Vítimas Feridas";"Plena Noite";"Crescente";"Ignorado";"Dupla";"Reta";"Não";3;0;1;0;1;3;1;5;-25,17134586;-50,1084609;"SPRF-PR";"DEL03-PR";"UOP04-DEL03-PR"
531181;2023-06-23;"sexta-feira";"00:50:00";"PE";316;248;"BELEM DE SAO FRANCISCO";"Ausência de reação do condutor";"Saída de leito carroçável";"Com Vítimas Feridas";"Pleno dia";"Decrescente";"Céu Claro";"Simples";"Curva";"Não";2;0;0;1;0;1;1;2;-8,66960846;-38,98660323;"SPRF-PE";"DEL05-PE";"UOP03-DEL05-PE"
531186;2023-06-23;"sexta-feira";"02:50:00";"SP";116;487;"CAJATI";"Ausência de reação do condutor";"Colisão traseira";"Com Vítimas Fatais";"Plena Noite";"Decrescente";"Céu Claro";"Simples";"Reta";"Não";3;1;0;0;2;0;0;3;-24,72633575;-48,08998415;"SPRF-SP";"DEL05-SP";"UOP01-DEL05-SP"
531191;2023-06-23;"sexta-feira";"04:00:00";"BA";116;819,7;"VITORIA DA CONQUISTA";"Ingestão de álcool pelo condutor";"Colisão lateral sentido oposto";"Com Vítimas Feridas";"Plena Noite";"Decrescente";"Nublado";"Simples";"Curva";"Não";3;0;2;0;0;1;2;2;-14,829587;-40,834593;"SPRF-BA";"DEL08-BA";"UOP01-DEL08-BA"
531200;2023-06-23;"sexta-feira";"03:35:00";"MG";381;727,9;"CARMO DA CACHOEIRA";"Condutor Dormindo";"Colisão traseira";"Com Vítimas Feridas";"Plena Noite";"Decrescente";"Céu Claro";"Dupla";"Reta";"Não";50;0;1;0;48;1;1;3;-21,51583943;-45,22069256;"SPRF-MG";"DEL04-MG";"UOP02-DEL04-MG"
531203;2023-06-23;"sexta-feira";"06:25:00";"SP";116;205;"GUARULHOS";"Ausência de reação do condutor";"Colisão traseira";"Com Vítimas Feridas";"Pleno dia";"Decrescente";"Céu Claro";"Múltipla";"Reta";"Sim";5;0;3;0;1;2;3;5;-23,41475243;-46,36600788;"SPRF-SP";"DEL01-SP";"UOP01-DEL01-SP"
531207;2023-06-23;"sexta-feira";"05:20:00";"RO";364;674;"CANDEIAS DO JAMARI";"Ausência de reação do condutor";"Saída de leito carroçável";"Com Vítimas Feridas";"Amanhecer";"Decrescente";"Nevoeiro/Neblina";"Simples";"Reta";"Não";2;0;1;0;0;2;1;3;-8,780292;-63,538591;"SPRF-RO";"DEL01-RO";"UOP01-DEL01-RO"
531208;2023-06-23;"sexta-feira";"05:50:00";"MT";364;397;"CUIABA";"Pedestre andava na pista";"Atropelamento de Pedestre";"Com Vítimas Fatais";"Amanhecer";"Crescente";"Céu Claro";"Dupla";"Retorno Regulamentado";"Sim";2;1;0;0;0;1;0;2;-15,68642489;-55,91347495;"SPRF-MT";"DEL01-MT";"UOP02-DEL01-MT"
531211;2023-06-22;"quinta-feira";"22:50:00";"SC";470;171,6;"POUSO REDONDO";"Transitar na contramão";"Colisão frontal";"Com Vítimas Feridas";"Plena Noite";"Crescente";"Chuva";"Simples";"Curva";"Não";3;0;0;1;1;1;1;3;-27,2600278;-49,90470886;"SPRF-SC";"DEL04-SC";"UOP02-DEL04-SC"
531213;2023-05-01;"segunda-feira";"09:40:00";"PI";343;337;"TERESINA";"Reação tardia ou ineficiente do condutor";"Tombamento";"Com Vítimas Feridas";"Pleno dia";"Crescente";"Céu Claro";"Dupla";"Reta";"Não";4;0;3;1;0;0;4;1;-5,061969;-42,714039;"SPRF-PI";"DEL01-PI";"UOP01-DEL01-PI"
531218;2023-06-23;"sexta-feira";"08:00:00";"SP";116;218;"GUARULHOS";"Manobra de mudança de faixa";"Colisão com objeto";"Com Vítimas Feridas";"Pleno dia";"Decrescente";"Céu Claro";"Múltipla";"Aclive;Reta";"Sim";4;0;2;0;0;2;2;3;-23,457972;-46,479927;"SPRF-SP";"DEL01-SP";"UOP01-DEL01-SP"
531219;2023-06-23;"sexta-feira";"06:44:00";"PR";153;469;"PORTO VITORIA";"Velocidade Incompatível";"Saída de leito carroçável";"Com Vítimas Feridas";"Amanhecer";"Crescente";"Chuva";"Simples";"Curva";"Não";1;0;1;0;0;0;1;1;-26,28883636;-51,19907856;"SPRF-PR";"DEL02-PR";"UOP03-DEL02-PR"
531220;2023-06-23;"sexta-feira";"07:25:00";"SE";235;29;"AREIA BRANCA";"Demais falhas mecânicas ou elétricas";"Incêndio";"Sem Vítimas";"Pleno dia";"Crescente";"Nublado";"Simples";"Aclive;Reta";"Não";1;0;0;0;1;0;0;1;-10,790907;-37,284542;"SPRF-SE";"DEL01-SE";"UOP02-DEL01-SE"
531228;2023-06-23;"sexta-feira";"04:30:00";"RJ";116;202;"QUEIMADOS";"Condutor Dormindo";"Saída de leito carroçável";"Com Vítimas Fatais";"Amanhecer";"Crescente";"Céu Claro";"Dupla";"Reta";"Sim";3;1;0;1;0;2;1;4;-22,72996588;-43,61317403;"SPRF-RJ";"DEL01-RJ";"UOP03-DEL01-RJ"
531230;2023-06-23;"sexta-feira";"07:50:00";"PE";101;75;"RECIFE";"Manobra de mudança de faixa";"Colisão transversal";"Com Vítimas Feridas";"Pleno dia";"Decrescente";"Garoa/Chuvisco";"Dupla";"Reta";"Sim";3;0;2;0;1;0;2;2;-8,118724;-34,943117;"SPRF-PE";"DEL01-PE";"UOP01-DEL01-PE"
531238;2023-06-23;"sexta-feira";"07:30:00";"PR";277;511,4;"GUARANIACU";"Manobra de mudança de faixa";"Colisão lateral mesmo sentido";"Com Vítimas Feridas";"Pleno dia";"Decrescente";"Nublado";"Simples";"Reta;Declive";"Não";2;0;1;0;1;0;1;2;-25,12170846;-52,76593808;"SPRF-PR";"DEL04-PR";"UOP04-DEL04-PR"
531241;2023-06-23;"sexta-feira";"05:58:00";"BA";101;349,4;"WENCESLAU GUIMARAES";"Chuva";"Colisão frontal";"Sem Vítimas";"Amanhecer";"Crescente";"Chuva";"Simples";"Curva;Declive";"Não";2;0;0;0;1;1;0;2;-13,616727;-39,497029;"SPRF-BA";"DEL05-BA";"UOP03-DEL05-BA"
531243;2023-06-23;"sexta-feira";"07:30:00";"PB";230;236;"JUAZEIRINHO";"Ausência de reação do condutor";"Colisão com objeto";"Com Vítimas Feridas";"Pleno dia";"Crescente";"Chuva";"Simples";"Reta;Declive";"Não";2;0;2;0;0;0;2;1;-7,049147;-36,533095;"SPRF-PB";"DEL02-PB";"UOP02-DEL02-PB"
531244;2023-06-23;"sexta-feira";"07:52:00";"RO";319;62;"PORTO VELHO";"Manobra de mudança de faixa";"Colisão traseira";"Com Vítimas Fatais";"Pleno dia";"Decrescente";"Céu Claro";"Múltipla";"Interseção de Vias;Reta";"Sim";2;1;0;0;1;0;0;2;-8,75583769;-63,88677478;"SPRF-RO";"DEL01-RO";"UOP01-DEL01-RO"
531246;2023-06-23;"sexta-feira";"10:00:00";"RJ";40;86;"PETROPOLIS";"Velocidade Incompatível";"Tombamento";"Com Vítimas Feridas";"Pleno dia";"Crescente";"Céu Claro";"Dupla";"Curva";"Não";2;0;0;1;0;1;1;2;-22,53575484;-43,23295774;"SPRF-RJ";"DEL06-RJ";"UOP01-DEL06-RJ"
531248;2023-06-23;"sexta-feira";"11:00:00";"MG";381;939;"EXTREMA";"Manobra de mudança de faixa";"Colisão traseira";"Com Vítimas Feridas";"Pleno dia";"Decrescente";"Céu Claro";"Dupla";"Reta";"Não";4;0;2;0;1;1;2;3;-22,84701434;-46,33321175;"SPRF-MG";"DEL16-MG";"UOP03-DEL16-MG"
531252;2023-06-23;"sexta-feira";"10:35:00";"SE";235;6;"NOSSA SENHORA DO SOCORRO";"Manobra de mudança de faixa";"Eventos atípicos";"Sem Vítimas";"Pleno dia";"Decrescente";"Céu Claro";"Dupla";"Reta";"Sim";4;0;0;0;4;0;0;2;-10,903851;-37,128677;"SPRF-SE";"DEL01-SE";"UOP01-DEL01-SE"
531253;2023-06-23;"sexta-feira";"05:30:00";"BA";101;136,9;"TEODORO SAMPAIO";"Transitar na contramão";"Colisão frontal";"Com Vítimas Fatais";"Amanhecer";"Crescente";"Garoa/Chuvisco";"Simples";"Reta";"Não";4;2;0;0;1;1;0;3;-12,26146936;-38,65505285;"SPRF-BA";"DEL01-BA";"UOP04-DEL01-BA"
531259;2023-06-23;"sexta-feira";"11:30:00";"MG";116;699,7;"MURIAE";"Desrespeitar a preferência no cruzamento";"Colisão transversal";"Com Vítimas Feridas";"Pleno dia";"Crescente";"Sol";"Simples";"Reta;Interseção de Vias";"Sim";3;0;1;0;2;0;1;3;-21,10283531;-42,37859314;"SPRF-MG";"DEL07-MG";"UOP02-DEL07-MG"
531260;2023-06-23;"sexta-feira";"12:35:00";"PE";101;45,3;"IGARASSU";"Condutor deixou de manter distância do veículo da frente";"Colisão traseira";"Com Vítimas Feridas";"Pleno dia";"Decrescente";"Nublado";"Múltipla";"Reta";"Sim";5;0;1;0;2;2;1;4;-7,86521297;-34,90715176;"SPRF-PE";"DEL01-PE";"UOP02-DEL01-PE"
531261;2023-06-23;"sexta-feira";"11:20:00";"RJ";40;103;"DUQUE DE CAXIAS";"Reação tardia ou ineficiente do condutor";"Tombamento";"Com Vítimas Feridas";"Pleno dia";"Decrescente";"Céu Claro";"Simples";"Curva";"Não";2;0;1;0;0;1;1;2;-22,62009;-43,286922;"SPRF-RJ";"DEL01-RJ";"UOP01-DEL01-RJ"
531264;2023-06-23;"sexta-feira";"12:55:00";"SP";153;274,4;"OCAUCU";"Mal súbito do condutor";"Saída de leito carroçável";"Com Vítimas Fatais";"Pleno dia";"Decrescente";"Céu Claro";"Simples";"Curva";"Não";2;1;0;0;0;1;0;2;-22,37219533;-49,87033316;"SPRF-SP";"DEL07-SP";"UOP02-DEL07-SP"
531268;2023-06-23;"sexta-feira";"13:20:00";"PR";116;176,3;"QUITANDINHA";"Demais falhas mecânicas ou elétricas";"Incêndio";"Sem Vítimas";"Pleno dia";"Crescente";"Nublado";"Simples";"Reta";"Não";2;0;0;0;1;1;0;2;-25,90733877;-49,57760274;"SPRF-PR";"DEL01-PR";"UOP03-DEL01-PR"
531274;2023-06-22;"quinta-feira";"17:00:00";"MA";135;8;"SAO LUIS";"Condutor deixou de manter distância do veículo da frente";"Colisão traseira";"Sem Vítimas";"Pleno dia";"Decrescente";"Céu Claro";"Dupla";"Reta";"Sim";2;0;0;0;2;0;0;2;-2,64342093;-44,27374175;"SPRF-MA";"DEL01-MA";"UOP01-DEL01-MA"
531284;2023-06-23;"sexta-feira";"14:20:00";"RS";392;67;"PELOTAS";"Desrespeitar a preferência no cruzamento";"Colisão transversal";"Com Vítimas Feridas";"Pleno dia";"Crescente";"Nublado";"Dupla";"Interseção de Vias;Rotatória";"Sim";3;0;1;0;1;3;1;5;-31,7561324;-52,40006447;"SPRF-RS";"DEL07-RS";"UOP01-DEL07-RS"
531292;2023-06-23;"sexta-feira";"07:30:00";"MT";163;622;"NOVA MUTUM";"Ausência de reação do condutor";"Colisão com objeto";"Com Vítimas Feridas";"Pleno dia";"Decrescente";"Céu Claro";"Simples";"Reta";"Não";6;0;1;0;5;0;1;5;-13,71799206;-56,0440388;"SPRF-MT";"DEL01-MT";"UOP01-DEL01-MT"
531295;2023-06-23;"sexta-feira";"15:00:00";"SP";116;70,7;"APARECIDA";"Demais falhas mecânicas ou elétricas";"Atropelamento de Pedestre";"Com Vítimas Feridas";"Pleno dia";"Decrescente";"Sol";"Dupla";"Curva";"Sim";2;0;0;1;1;0;1;2;-22,84852898;-45,22705084;"SPRF-SP";"DEL08-SP";"UOP01-DEL08-SP"
531296;2023-06-23;"sexta-feira";"14:00:00";"GO";153;497,6;"GOIANIA";"Demais falhas mecânicas ou elétricas";"Incêndio";"Sem Vítimas";"Pleno dia";"Crescente";"Céu Claro";"Dupla";"Reta";"Não";1;0;0;0;1;0;0;1;-16,6854;-49,2338;"SPRF-GO";"DEL01-GO";"UOP01-DEL01-GO"
531300;2023-06-23;"sexta-feira";"15:10:00";"RS";116;429;"CRISTAL";"Condutor deixou de manter distância do veículo da frente";"Colisão traseira";"Com Vítimas Feridas";"Pleno dia";"Crescente";"Nublado";"Simples";"Interseção de Vias";"Sim";3;0;1;0;2;0;1;2;-31,00407603;-52,0517208;"SPRF-RS";"DEL02-RS";"UOP02-DEL02-RS"
531304;2023-06-23;"sexta-feira";"11:43:00";"MG";116;262,1;"TEOFILO OTONI";"Demais falhas mecânicas ou elétricas";"Incêndio";"Sem Vítimas";"Pleno dia";"Decrescente";"Céu Claro";"Simples";"Declive;Reta";"Não";2;0;0;0;1;1;0;2;-17,73929595;-41,50092126;"SPRF-MG";"DEL11-MG";"UOP01-DEL11-MG"
531306;2023-06-05;"segunda-feira";"08:07:00";"PA";163;399;"ITAITUBA";"Demais falhas mecânicas ou elétricas";"Engavetamento";"Com Vítimas Fatais";"Pleno dia";"Decrescente";"Céu Claro";"Simples";"Reta";"Não";5;2;2;0;1;0;2;3;-6,314286;-55,58788601;"SPRF-PA";"DEL05-PA";"UOP02-DEL05-PA"
531311;2023-06-23;"sexta-feira";"12:30:00";"BA";101;333;"PRESIDENTE TANCREDO NEVES";"Desrespeitar a preferência no cruzamento";"Colisão transversal";"Com Vítimas Feridas";"Pleno dia";"Crescente";"Céu Claro";"Simples";"Declive;Reta";"Não";2;0;2;0;0;0;2;2;-13,481354;-39,421504;"SPRF-BA";"DEL05-BA";"UOP03-DEL05-BA"
531313;2023-06-23;"sexta-feira";"17:20:00";"MG";381;637,2;"SANTO ANTONIO DO AMPARO";"Reação tardia ou ineficiente do condutor";"Colisão traseira";"Com Vítimas Feridas";"Pleno dia";"Decrescente";"Céu Claro";"Dupla";"Curva;Declive";"Não";4;0;2;0;1;1;2;3;-20,89963404;-44,85537595;"SPRF-MG";"DEL04-MG";"UOP01-DEL04-MG"
531314;2023-06-23;"sexta-feira";"15:10:00";"MG";262;51;"MANHUACU";"Conversão proibida";"Colisão transversal";"Com Vítimas Feridas";"Pleno dia";"Crescente";"Céu Claro";"Simples";"Reta";"Sim";2;0;1;0;1;0;1;2;-20,24788425;-42,14549605;"SPRF-MG";"DEL06-MG";"UOP03-DEL06-MG"
531315;2023-06-23;"sexta-feira";"17:10:00";"RJ";101;66;"CAMPOS DOS GOYTACAZES";"Acessar a via sem observar a presença dos outros veículos";"Colisão lateral mesmo sentido";"Com Vítimas Feridas";"Pleno dia";"Crescente";"Céu Claro";"Simples";"Reta;Em Obras";"Sim";3;0;0;1;1;3;1;5;-21,76090387;-41,34788959;"SPRF-RJ";"DEL08-RJ";"UOP02-DEL08-RJ"
531317;2023-05-12;"sexta-feira";"09:15:00";"CE";222;286;"FRECHEIRINHA";"Reação tardia ou ineficiente do condutor";"Colisão lateral mesmo sentido";"Com Vítimas Fatais";"Pleno dia";"Decrescente";"Céu Claro";"Simples";"Reta";"Não";4;1;0;0;1;3;0;4;-3,70446826;-40,8704042;"SPRF-CE";"DEL04-CE";"UOP02-DEL04-CE"
531322;2023-06-23;"sexta-feira";"17:30:00";"CE";222;4;"CAUCAIA";"Condutor deixou de manter distância do veículo da frente";"Colisão traseira";"Sem Vítimas";"Anoitecer";"Crescente";"Céu Claro";"Múltipla";"Reta";"Sim";3;0;0;0;2;1;0;3;-3,741575;-38,605453;"SPRF-CE";"DEL01-CE";"UOP01-DEL01-CE"
531327;2023-06-23;"sexta-feira";"12:30:00";"PR";163;129,3;"CAPITAO LEONIDAS MARQUES";"Pista Escorregadia";"Saída de leito carroçável";"Com Vítimas Feridas";"Pleno dia";"Decrescente";"Chuva";"Dupla";"Declive";"Não";1;0;1;0;0;0;1;1;-25,58198409;-53,56205219;"SPRF-PR";"DEL05-PR";"UOP05-DEL05-PR"
531330;2023-06-23;"sexta-feira";"17:50:00";"PR";476;149,5;"ARAUCARIA";"Trafegar com motocicleta (ou similar) entre as faixas";"Colisão lateral mesmo sentido";"Com Vítimas Fatais";"Anoitecer";"Decrescente";"Céu Claro";"Dupla";"Reta";"Sim";2;1;0;0;1;0;0;2;-25,55861323;-49,36814368;"SPRF-PR";"DEL01-PR";"UOP06-DEL01-PR"
531337;2023-06-23;"sexta-feira";"14:15:00";"SC";116;67,8;"MONTE CASTELO";"Ausência de reação do condutor";"Colisão lateral mesmo sentido";"Com Vítimas Feridas";"Pleno dia";"Decrescente";"Chuva";"Simples";"Reta";"Não";3;0;2;0;1;0;2;2;-26,44247501;-50,2284382;"SPRF-SC";"DEL06-SC";"UOP02-DEL06-SC"
531339;2023-06-23;"sexta-feira";"17:50:00";"PR";277;690;"SAO MIGUEL DO IGUACU";"Acessar a via sem observar a presença dos outros veículos";"Colisão lateral mesmo sentido";"Sem Vítimas";"Anoitecer";"Crescente";"Garoa/Chuvisco";"Dupla";"Retorno Regulamentado;Reta;Aclive";"Sim";4;0;0;0;4;0;0;2;-25,3582673;-54,24527283;"SPRF-PR";"DEL05-PR";"UOP01-DEL05-PR"
531340;2023-06-23;"sexta-feira";"18:05:00";"PR";277;584,6;"CASCAVEL";"Manobra de mudança de faixa";"Colisão lateral mesmo sentido";"Com Vítimas Feridas";"Anoitecer";"Crescente";"Nublado";"Múltipla";"Curva;Interseção de Vias";"Sim";3;0;1;0;1;1;1;3;-24,96489519;-53,40557098;"SPRF-PR";"DEL04-PR";"UOP01-DEL04-PR"
531341;2023-06-23;"sexta-feira";"14:00:00";"SC";101;351,8;"JAGUARUNA";"Manobra de mudança de faixa";"Colisão lateral mesmo sentido";"Sem Vítimas";"Pleno dia";"Decrescente";"Nublado";"Dupla";"Reta";"Não";6;0;0;0;5;1;0;3;-28,5977641;-49,04943589;"SPRF-SC";"DEL02-SC";"UOP01-DEL02-SC"
531347;2023-06-23;"sexta-feira";"16:20:00";"MT";158;39;"VILA RICA";"Acessar a via sem observar a presença dos outros veículos";"Colisão transversal";"Com Vítimas Feridas";"Anoitecer";"Crescente";"Céu Claro";"Simples";"Declive";"Sim";2;0;1;0;1;0;1;2;-10,00726999;-51,12425896;"SPRF-MT";"DEL07-MT";"NPF/DEL07-MT"
531351;2023-06-23;"sexta-feira";"18:45:00";"PR";116;47,2;"CAMPINA GRANDE DO SUL";"Acessar a via sem observar a presença dos outros veículos";"Colisão transversal";"Com Vítimas Feridas";"Plena Noite";"Crescente";"Céu Claro";"Dupla";"Retorno Regulamentado";"Não";6;0;4;0;1;1;4;3;-25,21708693;-48,90395114;"SPRF-PR";"DEL01-PR";"UOP02-DEL01-PR"