"id";"data_inversa";"dia_semana";"horario";"uf";"br";"km";"municipio";"causa_acidente";"tipo_acidente";"classificacao_acidente";"fase_dia";"sentido_via";"condicao_metereologica";"tipo_pista";"tracado_via";"uso_solo";"pessoas";"mortos";"feridos_leves";"feridos_graves";"ilesos";"ignorados";"feridos";"veiculos";"latitude";"longitude";"regional";"delegacia";"uop"
531844;2023-06-25;"domingo";"22:30:00";"PR";376;169,1;"MARINGA";"Reação tardia ou ineficiente do condutor";"Colisão traseira";"Com Vítimas Feridas";"Plena Noite";"Decrescente";"Nublado";"Dupla";"Aclive;Reta";"Não";4;0;1;0;2;1;1;4;-23,40501967;-51,99403167;"SPRF-PR";"DEL09-PR";"UOP01-DEL09-PR"
531848;2023-06-25;"domingo";"19:30:00";"MG";116;745,2;"LEOPOLDINA";"Transitar na contramão";"Colisão frontal";"Com Vítimas Fatais";"Plena Noite";"Decrescente";"Céu Claro";"Simples";"Aclive;Reta";"Não";3;1;0;0;1;1;0;3;-21,43413487;-42,51889229;"SPRF-MG";"DEL07-MG";"UOP01-DEL07-MG"
531853;2023-06-25;"domingo";"21:10:00";"MG";459;82,6;"CONGONHAL";"Ultrapassagem Indevida";"Colisão frontal";"Com Vítimas Fatais";"Plena Noite";"Decrescente";"Céu Claro";"Simples";"Reta";"Sim";5;2;0;1;1;1;1;3;-22,152356;-46,056887;"SPRF-MG";"DEL09-MG";"UOP01-DEL09-MG"
531857;2023-06-25;"domingo";"22:21:00";"SC";153;42,5;"VARGEM BONITA";"Estacionar ou parar em local proibido";"Colisão traseira";"Com Vítimas Feridas";"Plena Noite";"Decrescente";"Nublado";"Dupla";"Aclive";"Não";3;0;0;1;1;3;1;5;-26,860281;-51,744846;"SPRF-SC";"DEL07-SC";"UOP07-DEL07-SC"
531858;2023-06-25;"domingo";"23:25:00";"MG";116;743;"LEOPOLDINA";"Demais falhas mecânicas ou elétricas";"Engavetamento";"Com Vítimas Feridas";"Plena Noite";"Crescente";"Céu Claro";"Simples";"Declive;Reta";"Não";6;0;0;1;3;2;1;5;-21,41440191;-42,50433031;"SPRF-MG";"DEL07-MG";"UOP01-DEL07-MG"
531862;2023-06-26;"segunda-feira";"01:50:00";"BA";110;161;"RIBEIRA DO POMBAL";"Pista esburacada";"Colisão lateral sentido oposto";"Sem Vítimas";"Plena Noite";"Crescente";"Nublado";"Simples";"Aclive";"Não";4;0;0;0;4;0;0;2;-10,76468984;-38,51131045;"SPRF-BA";"DEL07-BA";"UOP02-DEL07-BA"
531870;2023-06-26;"segunda-feira";"04:30:00";"MG";381;872;"POUSO ALEGRE";"Ausência de reação do condutor";"Colisão traseira";"Com Vítimas Feridas";"Plena Noite";"Decrescente";"Céu Claro";"Dupla";"Reta";"Não";3;0;0;1;1;2;1;4;-22,44483063;-45,99289738;"SPRF-MG";"DEL16-MG";"UOP01-DEL16-MG"
531872;2023-06-26;"segunda-feira";"02:00:00";"CE";116;371;"ICO";"Ausência de reação do condutor";"Saída de leito carroçável";"Com Vítimas Feridas";"Plena Noite";"Decrescente";"Céu Claro";"Simples";"Reta";"Sim";2;0;0;1;0;1;1;2;-6,37318104;-38,80311799;"SPRF-CE";"DEL05-CE";"UOP01-DEL05-CE"
531873;2023-06-26;"segunda-feira";"03:40:00";"MS";262;90,1;"TRES LAGOAS";"Reação tardia ou ineficiente do condutor";"Eventos atípicos";"Com Vítimas Feridas";"Plena Noite";"Crescente";"Céu Claro";"Simples";"Reta";"Não";2;0;1;0;0;3;1;4;-20,60416799;-52,409433;"SPRF-MS";"DEL07-MS";"UOP02-DEL07-MS"
531876;2023-06-26;"segunda-feira";"04:50:00";"MS";262;284,8;"RIBAS DO RIO PARDO";"Ausência de sinalização";"Colisão frontal";"Com Vítimas Fatais";"Amanhecer";"Decrescente";"Céu Claro";"Simples";"Aclive;Reta";"Não";4;2;0;0;1;1;0;3;-20,483887;-54,154385;"SPRF-MS";"DEL01-MS";"UOP01-DEL01-MS"
531877;2023-06-26;"segunda-feira";"04:20:00";"ES";101;160;"LINHARES";"Acessar a via sem observar a presença dos outros veículos";"Colisão transversal";"Sem Vítimas";"Plena Noite";"Crescente";"Nublado";"Simples";"Reta";"Não";2;0;0;0;1;1;0;2;-19,47662979;-40,11402541;"SPRF-ES";"DEL04-ES";"UOP01-DEL04-ES"
531879;2023-06-25;"domingo";"18:56:00";"MT";163;650;"LUCAS DO RIO VERDE";"Ingestão de álcool pelo condutor";"Colisão frontal";"Com Vítimas Feridas";"Plena Noite";"Crescente";"Céu Claro";"Simples";"Reta";"Não";5;0;1;1;2;3;2;6;-13,47948624;-56,06252934;"SPRF-MT";"DEL06-MT";"UOP01-DEL06-MT"
531891;2023-06-20;"terça-feira";"09:41:00";"ES";101;271;"SERRA";"Manobra de mudança de faixa";"Colisão lateral mesmo sentido";"Com Vítimas Feridas";"Pleno dia";"Decrescente";"Céu Claro";"Dupla";"Curva";"Não";3;0;0;1;1;1;1;3;-20,23267;-40,27658;"SPRF-ES";"DEL02-ES";"UOP01-DEL02-ES"
531892;2023-06-26;"segunda-feira";"07:50:00";"SC";101;206,8;"SAO JOSE";"Condutor deixou de manter distância do veículo da frente";"Colisão traseira";"Com Vítimas Feridas";"Pleno dia";"Crescente";"Céu Claro";"Dupla";"Reta";"Sim";4;0;0;1;3;0;1;4;-27,59193546;-48,61824557;"SPRF-SC";"DEL01-SC";"UOP01-DEL01-SC"
531896;2023-06-26;"segunda-feira";"08:40:00";"RS";386;338;"LAJEADO";"Transitar na contramão";"Colisão frontal";"Com Vítimas Feridas";"Pleno dia";"Decrescente";"Céu Claro";"Simples";"Reta";"Não";5;0;1;1;2;2;2;4;-29,404047;-52,036518;"SPRF-RS";"DEL04-RS";"UOP01-DEL04-RS"
531905;2023-06-26;"segunda-feira";"09:00:00";"SC";101;127,9;"BALNEARIO CAMBORIU";"Condutor deixou de manter distância do veículo da frente";"Colisão traseira";"Com Vítimas Feridas";"Pleno dia";"Crescente";"Céu Claro";"Dupla";"Reta";"Não";4;0;0;1;2;2;1;5;-26,9639319;-48,68328024;"SPRF-SC";"DEL04-SC";"UOP04-DEL04-SC"
531906;2023-04-30;"domingo";"17:00:00";"RO";421;56;"MONTE NEGRO";"Condutor deixou de manter distância do veículo da frente";"Colisão lateral mesmo sentido";"Com Vítimas Fatais";"Anoitecer";"Decrescente";"Nublado";"Simples";"Curva";"Não";4;1;1;1;1;0;2;3;-10,306989;-63,325909;"SPRF-RO";"DEL03-RO";"UOP01-DEL03-RO"
531908;2023-06-26;"segunda-feira";"10:10:00";"BA";116;785;"PLANALTO";"Ultrapassagem Indevida";"Saída de leito carroçável";"Com Vítimas Feridas";"Pleno dia";"Crescente";"Nublado";"Simples";"Curva;Aclive";"Não";2;0;1;0;0;2;1;3;-14,68607;-40,55485;"SPRF-BA";"DEL08-BA";"UOP02-DEL08-BA"
531909;2023-06-26;"segunda-feira";"07:50:00";"GO";60;217,8;"CEZARINA";"Reação tardia ou ineficiente do condutor";"Saída de leito carroçável";"Com Vítimas Feridas";"Pleno dia";"Crescente";"Céu Claro";"Dupla";"Ponte";"Não";1;0;1;0;0;0;1;1;-16,964;-49,7253;"SPRF-GO";"DEL01-GO";"UOP02-DEL01-GO"
531912;2023-06-26;"segunda-feira";"00:45:00";"MT";158;524,9;"CANARANA";"Ingestão de álcool pelo condutor";"Tombamento";"Sem Vítimas";"Plena Noite";"Crescente";"Céu Claro";"Simples";"Reta";"Não";3;0;0;0;2;4;0;6;-13,70257611;-52,02308678;"SPRF-MT";"DEL07-MT";"UOP02-DEL07-MT"
531923;2023-06-20;"terça-feira";"12:00:00";"MT";163;642;"NOVA MUTUM";"Ultrapassagem Indevida";"Colisão frontal";"Com Vítimas Feridas";"Pleno dia";"Decrescente";"Céu Claro";"Simples";"Reta";"Não";6;0;4;0;1;2;4;5;-13,539845;-56,026715;"SPRF-MT";"DEL01-MT";"UOP01-DEL01-MT"
531924;2023-06-26;"segunda-feira";"07:00:00";"MT";70;77;"GENERAL CARNEIRO";"Ausência de sinalização";"Tombamento";"Com Vítimas Feridas";"Pleno dia";"Crescente";"Céu Claro";"Simples";"Curva;Declive";"Não";5;0;2;0;0;3;2;3;-15,67116412;-52,80483996;"SPRF-MT";"DEL07-MT";"UOP01-DEL07-MT"
531934;2023-06-26;"segunda-feira";"12:15:00";"PR";163;255;"TOLEDO";"Reação tardia ou ineficiente do condutor";"Colisão traseira";"Sem Vítimas";"Pleno dia";"Crescente";"Céu Claro";"Dupla";"Curva";"Não";3;0;0;0;2;2;0;4;-24,68418265;-53,77699081;"SPRF-PR";"DEL06-PR";"UOP02-DEL06-PR"
531938;2023-06-26;"segunda-feira";"07:00:00";"MA";230;329;"SAO RAIMUNDO DAS MANGABEIRAS";"Demais falhas na via";"Tombamento";"Com Vítimas Fatais";"Pleno dia";"Crescente";"Céu Claro";"Simples";"Reta";"Não";2;1;0;0;0;3;0;4;-7,071148;-45,593342;"SPRF-MA";"DEL05-MA";"UOP01-DEL05-MA"
531939;2023-01-22;"domingo";"15:30:00";"SP";116;81,5;"ROSEIRA";"Condutor deixou de manter distância do veículo da frente";"Colisão traseira";"Com Vítimas Feridas";"Pleno dia";"Crescente";"Céu Claro";"Dupla";"Reta";"Sim";6;0;2;3;1;0;5;2;-22,90717096;-45,31542778;"SPRF-SP";"DEL08-SP";"UOP01-DEL08-SP"
531942;2023-06-26;"segunda-feira";"10:30:00";"RS";153;2,9;"MARCELINO RAMOS";"Reação tardia ou ineficiente do condutor";"Colisão com objeto";"Sem Vítimas";"Pleno dia";"Decrescente";"Céu Claro";"Simples";"Reta";"Não";2;0;0;0;1;1;0;2;-27,38681998;-52,00458884;"SPRF-RS";"DEL08-RS";"UOP04-DEL08-RS"
531943;2023-06-26;"segunda-feira";"13:35:00";"RJ";393;280;"BARRA DO PIRAI";"Ausência de reação do condutor";"Colisão frontal";"Com Vítimas Feridas";"Pleno dia";"Decrescente";"Céu Claro";"Simples";"Reta";"Sim";2;0;0;1;1;0;1;2;-22,47750785;-44,01954402;"SPRF-RJ";"DEL05-RJ";"UOP04-DEL05-RJ"
531945;2023-06-26;"segunda-feira";"14:00:00";"MG";262;126;"RIO CASCA";"Velocidade Incompatível";"Tombamento";"Com Vítimas Feridas";"Pleno dia";"Crescente";"Céu Claro";"Simples";"Curva";"Não";2;0;1;0;0;1;1;2;-20,18799924;-42,69190926;"SPRF-MG";"DEL03-MG";"UOP03-DEL03-MG"
531946;2023-04-15;"sábado";"16:15:00";"MT";70;624;"POCONE";"Frear bruscamente";"Colisão transversal";"Com Vítimas Feridas";"Pleno dia";"Decrescente";"Sol";"Simples";"Reta";"Não";4;0;1;0;1;2;1;4;-15,9349204;-56,93183899;"SPRF-MT";"DEL03-MT";"UOP02-DEL03-MT"
531949;2023-06-26;"segunda-feira";"13:32:00";"MS";262;240,4;"RIBAS DO RIO PARDO";"Acessar a via sem observar a presença dos outros veículos";"Colisão transversal";"Com Vítimas Feridas";"Pleno dia";"Crescente";"Céu Claro";"Simples";"Reta;Interseção de Vias";"Sim";2;0;1;0;1;0;1;2;-20,45766622;-53,76551998;"SPRF-MS";"DEL01-MS";"UOP01-DEL01-MS"
531952;2023-06-26;"segunda-feira";"14:50:00";"RS";293;1;"PELOTAS";"Acessar a via sem observar a presença dos outros veículos";"Colisão lateral mesmo sentido";"Sem Vítimas";"Pleno dia";"Crescente";"Céu Claro";"Simples";"Curva;Interseção de Vias";"Sim";2;0;0;0;2;0;0;2;-31,760326;-52,356205;"SPRF-RS";"DEL07-RS";"UOP01-DEL07-RS"
531955;2023-06-26;"segunda-feira";"14:50:00";"GO";452;132,9;"BOM JESUS DE GOIAS";"Ultrapassagem Indevida";"Colisão lateral sentido oposto";"Com Vítimas Fatais";"Pleno dia";"Crescente";"Céu Claro";"Simples";"Reta";"Não";5;1;1;1;1;1;2;3;-18,23291495;-49,72625498;"SPRF-GO";"DEL03-GO";"UOP02-DEL03-GO"
531958;2023-06-26;"segunda-feira";"15:30:00";"PR";376;320,2;"ORTIGUEIRA";"Objeto estático sobre o leito carroçável";"Colisão com objeto";"Com Vítimas Feridas";"Pleno dia";"Crescente";"Céu Claro";"Simples";"Reta";"Não";2;0;1;0;0;1;1;2;-24,03247207;-51,09533072;"SPRF-PR";"DEL07-PR";"UOP02-DEL07-PR"
531966;2023-06-26;"segunda-feira";"10:15:00";"MG";40;119;"LAGOA GRANDE";"Acessar a via sem observar a presença dos outros veículos";"Colisão transversal";"Com Vítimas Feridas";"Pleno dia";"Crescente";"Céu Claro";"Simples";"Interseção de Vias;Reta";"Não";7;0;3;2;0;2;5;3;-17,66037989;-46,37535095;"SPRF-MG";"DEL14-MG";"UOP01-DEL14-MG"
531967;2023-03-10;"sexta-feira";"13:43:00";"SC";153;39;"AGUA DOCE";"Condutor deixou de manter distância do veículo da frente";"Colisão lateral sentido oposto";"Com Vítimas Feridas";"Pleno dia";"Crescente";"Céu Claro";"Dupla";"Reta;Declive";"Não";4;0;1;0;2;2;1;5;-26,836941;-51,74242;"SPRF-SC";"DEL07-SC";"UOP07-DEL07-SC"
531970;2023-06-26;"segunda-feira";"14:20:00";"SC";101;126;"ITAJAI";"Pedestre andava na pista";"Atropelamento de Pedestre";"Com Vítimas Feridas";"Pleno dia";"Decrescente";"Céu Claro";"Dupla";"Ponte;Curva";"Não";3;0;0;1;1;1;1;3;-26,95564404;-48,67978366;"SPRF-SC";"DEL04-SC";"UOP04-DEL04-SC"
531974;2023-06-26;"segunda-feira";"15:20:00";"MT";163;733;"SORRISO";"Ausência de reação do condutor";"Colisão lateral sentido oposto";"Com Vítimas Feridas";"Pleno dia";"Crescente";"Céu Claro";"Simples";"Reta";"Não";3;0;0;1;1;6;1;8;-12,81114991;-55,83002267;"SPRF-MT";"DEL06-MT";"UOP01-DEL06-MT"
531985;2023-06-26;"segunda-feira";"17:00:00";"MG";262;360,3;"BETIM";"Demais Fenômenos da natureza";"Colisão traseira";"Com Vítimas Feridas";"Pleno dia";"Crescente";"Sol";"Dupla";"Reta";"Não";2;0;1;0;1;0;1;2;-19,97318745;-44,26477432;"SPRF-MG";"DEL01-MG";"UOP03-DEL01-MG"
531986;2023-06-26;"segunda-feira";"17:10:00";"MG";262;360;"BETIM";"Ausência de reação do condutor";"Colisão traseira";"Com Vítimas Feridas";"Pleno dia";"Crescente";"Céu Claro";"Dupla";"Aclive;Reta";"Não";3;0;1;0;1;1;1;3;-19,9768523;-44,256341;"SPRF-MG";"DEL01-MG";"UOP03-DEL01-MG"
531987;2023-06-26;"segunda-feira";"17:10:00";"MG";262;360;"BETIM";"Velocidade Incompatível";"Colisão traseira";"Com Vítimas Feridas";"Pleno dia";"Crescente";"Sol";"Dupla";"Reta";"Não";2;0;0;1;1;0;1;2;-19,97496214;-44,26116943;"SPRF-MG";"DEL01-MG";"UOP03-DEL01-MG"
531991;2023-06-26;"segunda-feira";"18:30:00";"PR";277;64;"SAO JOSE DOS PINHAIS";"Condutor deixou de manter distância do veículo da frente";"Colisão traseira";"Com Vítimas Feridas";"Plena Noite";"Crescente";"Céu Claro";"Dupla";"Reta";"Não";5;0;2;0;2;1;2;3;-25,55703867;-49,02612685;"SPRF-PR";"DEL01-PR";"UOP01-DEL01-PR"
532009;2023-06-26;"segunda-feira";"17:40:00";"PE";424;89,8;"GARANHUNS";"Ingestão de álcool pelo condutor";"Colisão lateral sentido oposto";"Sem Vítimas";"Plena Noite";"Decrescente";"Chuva";"Simples";"Curva;Declive";"Sim";3;0;0;0;2;1;0;3;-8,895017;-36,50062;"SPRF-PE";"DEL03-PE";"UOP01-DEL03-PE"
532011;2023-06-26;"segunda-feira";"12:00:00";"PE";423;131,7;"SALOA";"Demais falhas mecânicas ou elétricas";"Incêndio";"Sem Vítimas";"Pleno dia";"Decrescente";"Chuva";"Simples";"Curva";"Não";2;0;0;0;1;1;0;2;-8,961403;-36,763302;"SPRF-PE";"DEL03-PE";"UOP01-DEL03-PE"
532012;2023-06-26;"segunda-feira";"20:00:00";"SP";381;58;"MAIRIPORA";"Condutor deixou de manter distância do veículo da frente";"Colisão traseira";"Com Vítimas Feridas";"Plena Noite";"Crescente";"Nublado";"Dupla";"Aclive";"Não";2;0;0;1;0;1;1;2;-23,27438497;-46,58530615;"SPRF-SP";"DEL03-SP";"UOP01-DEL03-SP"
532013;2023-04-27;"quinta-feira";"16:10:00";"PR";163;159;"LINDOESTE";"Velocidade Incompatível";"Tombamento";"Com Vítimas Feridas";"Pleno dia";"Crescente";"Céu Claro";"Dupla";"Curva";"Não";2;0;1;0;0;1;1;2;-25,34495402;-53,58666028;"SPRF-PR";"DEL05-PR";"UOP05-DEL05-PR"
532016;2023-06-26;"segunda-feira";"19:20:00";"MT";70;518;"VARZEA GRANDE";"Condutor deixou de manter distância do veículo da frente";"Colisão traseira";"Com Vítimas Feridas";"Plena Noite";"Crescente";"Céu Claro";"Simples";"Reta";"Sim";2;0;1;0;1;0;1;2;-15,68852;-56,169983;"SPRF-MT";"DEL01-MT";"UOP02-DEL01-MT"
532026;2023-06-26;"segunda-feira";"19:34:00";"SC";116;72,5;"MONTE CASTELO";"Manobra de mudança de faixa";"Colisão lateral sentido oposto";"Com Vítimas Feridas";"Plena Noite";"Decrescente";"Nublado";"Simples";"Interseção de Vias;Aclive";"Não";2;0;0;1;1;0;1;2;-26,48707;-50,23276105;"SPRF-SC";"DEL06-SC";"UOP02-DEL06-SC"
532039;2023-06-26;"segunda-feira";"18:45:00";"GO";153;563,9;"PROFESSOR JAMIL";"Condutor Dormindo";"Queda de ocupante de veículo";"Com Vítimas Feridas";"Plena Noite";"Decrescente";"Céu Claro";"Dupla";"Reta;Declive";"Não";2;0;0;1;0;1;1;2;-17,2383;-49,239;"SPRF-GO";"DEL03-GO";"UOP01-DEL03-GO"
532040;2023-06-26;"segunda-feira";"15:10:00";"MA";135;148;"MATOES DO NORTE";"Condutor deixou de manter distância do veículo da frente";"Colisão frontal";"Com Vítimas Fatais";"Pleno dia";"Crescente";"Céu Claro";"Simples";"Reta";"Sim";4;1;0;0;2;2;0;5;-3,74225399;-44,51033463;"SPRF-MA";"DEL01-MA";"UOP02-DEL01-MA"
532043;2023-06-26;"segunda-feira";"22:10:00";"GO";60;45,8;"ALEXANIA";"Condutor deixou de manter distância do veículo da frente";"Colisão traseira";"Com Vítimas Feridas";"Plena Noite";"Decrescente";"Céu Claro";"Dupla";"Aclive;Reta";"Não";3;0;0;1;1;2;1;4;-16,1324;-48,5977;"SPRF-GO";"DEL02-GO";"UOP01-DEL02-GO"
532045;2023-06-26;"segunda-feira";"20:45:00";"SC";116;247,9;"LAGES";"Pedestre andava na pista";"Atropelamento de Pedestre";"Com Vítimas Fatais";"Plena Noite";"Decrescente";"Nevoeiro/Neblina";"Simples";"Reta";"Não";2;1;0;0;0;1;0;2;-27,81865791;-50,37334442;"SPRF-SC";"DEL05-SC";"UOP02-DEL05-SC"
532046;2023-06-26;"segunda-feira";"16:50:00";"SC";280;139;"RIO NEGRINHO";"Avarias e/ou desgaste excessivo no pneu";"Tombamento";"Com Vítimas Feridas";"Pleno dia";"Crescente";"Céu Claro";"Simples";"Reta";"Não";4;0;1;0;2;1;1;4;-26,255;-49,618;"SPRF-SC";"DEL06-SC";"UOP03-DEL06-SC"
532049;2023-06-26;"segunda-feira";"22:00:00";"RS";285;190,7;"LAGOA VERMELHA";"Condutor Dormindo";"Tombamento";"Com Vítimas Feridas";"Plena Noite";"Crescente";"Céu Claro";"Simples";"Declive;Curva";"Não";2;0;1;0;0;2;1;3;-28,26110871;-51,47787809;"SPRF-RS";"DEL08-RS";"UOP05-DEL08-RS"
532053;2023-06-27;"terça-feira";"01:50:00";"BA";116;856,1;"VITORIA DA CONQUISTA";"Ingestão de álcool pelo condutor";"Saída de leito carroçável";"Com Vítimas Feridas";"Plena Noite";"Crescente";"Nublado";"Simples";"Reta";"Não";2;0;1;0;0;1;1;2;-15,097558;-41,01889;"SPRF-BA";"DEL08-BA";"UOP01-DEL08-BA"
532059;2023-06-26;"segunda-feira";"16:40:00";"SP";116;39;"CACHOEIRA PAULISTA";"Demais falhas mecânicas ou elétricas";"Incêndio";"Sem Vítimas";"Pleno dia";"Decrescente";"Céu Claro";"Dupla";"Reta";"Não";1;0;0;0;1;0;0;1;-22,67644447;-45,00073439;"SPRF-SP";"DEL08-SP";"UOP02-DEL08-SP"
532060;2023-06-27;"terça-feira";"03:30:00";"PB";230;176,7;"POCINHOS";"Pista Escorregadia";"Saída de leito carroçável";"Com Vítimas Feridas";"Plena Noite";"Decrescente";"Chuva";"Simples";"Declive";"Não";1;0;1;0;0;0;1;1;-7,1733;-36,0333;"SPRF-PB";"DEL02-PB";"UOP02-DEL02-PB"
532062;2023-06-27;"terça-feira";"05:50:00";"PR";376;306;"MAUA DA SERRA";"Velocidade Incompatível";"Tombamento";"Com Vítimas Feridas";"Amanhecer";"Decrescente";"Céu Claro";"Dupla";"Curva";"Não";3;0;1;0;1;1;1;2;-23,939148;-51,121249;"SPRF-PR";"DEL07-PR";"UOP02-DEL07-PR"
532068;2023-06-27;"terça-feira";"06:45:00";"SE";235;12,7;"NOSSA SENHORA DO SOCORRO";"Demais falhas mecânicas ou elétricas";"Colisão com objeto";"Sem Vítimas";"Pleno dia";"Decrescente";"Céu Claro";"Simples";"Reta";"Não";4;0;0;0;4;0;0;3;-10,86821939;-37,1717155;"SPRF-SE";"DEL01-SE";"UOP01-DEL01-SE"
532070;2023-06-27;"terça-feira";"05:23:00";"PE";423;83,2;"JUCATI";"Ausência de reação do condutor";"Colisão traseira";"Com Vítimas Feridas";"Pleno dia";"Crescente";"Chuva";"Simples";"Reta;Declive";"Não";2;0;1;0;0;1;1;2;-8,79028092;-36,43450918;"SPRF-PE";"DEL03-PE";"UOP01-DEL03-PE"
532076;2023-06-27;"terça-feira";"06:45:00";"RS";290;83;"GRAVATAI";"Manobra de mudança de faixa";"Colisão lateral mesmo sentido";"Com Vítimas Feridas";"Amanhecer";"Crescente";"Céu Claro";"Dupla";"Reta";"Sim";5;0;1;0;3;1;1;4;-29,959141;-51,088791;"SPRF-RS";"DEL01-RS";"UOP01-DEL01-RS"
532084;2023-06-27;"terça-feira";"04:00:00";"BA";101;895;"CARAVELAS";"Reação tardia ou ineficiente do condutor";"Capotamento";"Com Vítimas Fatais";"Plena Noite";"Crescente";"Nublado";"Simples";"Curva";"Não";1;1;0;0;0;0;0;1;-17,69237874;-39,77457619;"SPRF-BA";"DEL09-BA";"UOP02-DEL09-BA"
532085;2023-04-28;"sexta-feira";"21:30:00";"MG";50;65,5;"UBERLANDIA";"Ausência de reação do condutor";"Colisão traseira";"Com Vítimas Feridas";"Plena Noite";"Crescente";"Céu Claro";"Dupla";"Reta";"Sim";4;0;0;1;2;5;1;8;-18,85140204;-48,25345932;"SPRF-MG";"DEL15-MG";"UOP02-DEL15-MG"
532099;2023-06-27;"terça-feira";"05:30:00";"MT";163;927;"ITAUBA";"Condutor deixou de manter distância do veículo da frente";"Colisão traseira";"Com Vítimas Feridas";"Amanhecer";"Decrescente";"Sol";"Simples";"Declive";"Não";5;0;2;0;2;5;2;8;-11,19868697;-55,30697185;"SPRF-MT";"DEL06-MT";"UOP02-DEL06-MT"
532101;2023-06-27;"terça-feira";"03:00:00";"GO";452;156;"ITUMBIARA";"Condutor Dormindo";"Saída de leito carroçável";"Sem Vítimas";"Plena Noite";"Crescente";"Céu Claro";"Simples";"Reta";"Não";2;0;0;0;1;2;0;3;-18,29685014;-49,53730602;"SPRF-GO";"DEL03-GO";"UOP02-DEL03-GO"
532102;2023-06-27;"terça-feira";"08:45:00";"SC";101;286,8;"IMBITUBA";"Manobra de mudança de faixa";"Colisão lateral mesmo sentido";"Sem Vítimas";"Pleno dia";"Decrescente";"Céu Claro";"Múltipla";"Reta";"Não";3;0;0;0;1;2;0;3;-28,25421948;-48,7028861;"SPRF-SC";"DEL02-SC";"UOP03-DEL02-SC"
532105;2023-04-16;"domingo";"19:10:00";"SC";101;6;"GARUVA";"Reação tardia ou ineficiente do condutor";"Colisão traseira";"Com Vítimas Feridas";"Plena Noite";"Decrescente";"Chuva";"Dupla";"Reta;Viaduto";"Sim";3;0;0;1;1;3;1;5;-26,02692002;-48,86142017;"SPRF-SC";"DEL03-SC";"UOP01-DEL03-SC"
532106;2023-06-27;"terça-feira";"09:20:00";"RJ";101;425;"MANGARATIBA";"Demais falhas mecânicas ou elétricas";"Tombamento";"Com Vítimas Feridas";"Pleno dia";"Crescente";"Céu Claro";"Simples";"Curva";"Não";1;0;1;0;0;0;1;1;-22,92618815;-43,96323294;"SPRF-RJ";"DEL03-RJ";"UOP02-DEL03-RJ"
532109;2023-06-27;"terça-feira";"08:40:00";"PR";116;96,3;"SAO JOSE DOS PINHAIS";"Ausência de reação do condutor";"Colisão traseira";"Com Vítimas Feridas";"Pleno dia";"Crescente";"Céu Claro";"Dupla";"Reta";"Sim";3;0;1;0;1;2;1;4;-25,54064773;-49,15085256;"SPRF-PR";"DEL01-PR";"UOP07-DEL01-PR"
532110;2023-06-27;"terça-feira";"09:40:00";"MG";381;430,2;"SABARA";"Chuva";"Colisão lateral sentido oposto";"Com Vítimas Feridas";"Pleno dia";"Crescente";"Garoa/Chuvisco";"Simples";"Curva";"Não";3;0;0;1;1;3;1;5;-19,78496805;-43,72311799;"SPRF-MG";"DEL01-MG";"UOP01-DEL01-MG"
532119;2023-06-27;"terça-feira";"09:10:00";"MG";40;547,6;"NOVA LIMA";"Demais falhas mecânicas ou elétricas";"Incêndio";"Sem Vítimas";"Pleno dia";"Crescente";"Céu Claro";"Dupla";"Aclive;Reta";"Não";1;0;0;0;1;0;0;1;-20,02979437;-43,96997474;"SPRF-MG";"DEL01-MG";"UOP02-DEL01-MG"
532121;2023-06-27;"terça-feira";"08:57:00";"PR";373;399;"CANDOI";"Acessar a via sem observar a presença dos outros veículos";"Colisão transversal";"Com Vítimas Feridas";"Pleno dia";"Decrescente";"Céu Claro";"Simples";"Rotatória";"Não";3;0;0;2;1;0;2;2;-25,5666465;-52,05045998;"SPRF-PR";"DEL08-PR";"UOP01-DEL08-PR"
532122;2023-06-26;"segunda-feira";"21:50:00";"MG";262;492;"MOEMA";"Reação tardia ou ineficiente do condutor";"Colisão transversal";"Com Vítimas Feridas";"Plena Noite";"Crescente";"Nublado";"Simples";"Interseção de Vias";"Não";3;0;1;0;1;2;1;4;-19,78179443;-45,36099191;"SPRF-MG";"DEL08-MG";"UOP03-DEL08-MG"
532127;2023-06-27;"terça-feira";"10:00:00";"MG";262;438,8;"NOVA SERRANA";"Acessar a via sem observar a presença dos outros veículos";"Colisão traseira";"Com Vítimas Feridas";"Pleno dia";"Decrescente";"Sol";"Dupla";"Reta";"Não";2;0;1;0;1;0;1;2;-19,89280962;-44,878453;"SPRF-MG";"DEL08-MG";"UOP03-DEL08-MG"
532131;2023-06-27;"terça-feira";"10:00:00";"SE";235;98;"CARIRA";"Reação tardia ou ineficiente do condutor";"Colisão traseira";"Com Vítimas Feridas";"Pleno dia";"Decrescente";"Chuva";"Simples";"Declive;Reta";"Não";3;0;1;0;1;1;1;3;-10,437386;-37,677494;"SPRF-SE";"DEL01-SE";"UOP02-DEL01-SE"
532134;2023-06-27;"terça-feira";"09:00:00";"MT";163;923;"ITAUBA";"Reação tardia ou ineficiente do condutor";"Colisão traseira";"Com Vítimas Feridas";"Pleno dia";"Decrescente";"Céu Claro";"Simples";"Reta";"Não";3;0;1;0;1;3;1;5;-11,23395388;-55,30433047;"SPRF-MT";"DEL06-MT";"UOP02-DEL06-MT"