"id";"data_inversa";"dia_semana";"horario";"uf";"br";"km";"municipio";"causa_acidente";"tipo_acidente";"classificacao_acidente";"fase_dia";"sentido_via";"condicao_metereologica";"tipo_pista";"tracado_via";"uso_solo";"pessoas";"mortos";"feridos_leves";"feridos_graves";"ilesos";"ignorados";"feridos";"veiculos";"latitude";"longitude";"regional";"delegacia";"uop"
532443;2023-06-28;"quarta-feira";"18:00:00";"CE";116;515;"BREJO SANTO";"Curva acentuada";"Saída de leito carroçável";"Com Vítimas Fatais";"Plena Noite";"Decrescente";"Nublado";"Simples";"Curva;Declive";"Não";3;1;1;0;0;1;1;2;-7,564275;-39,020442;"SPRF-CE";"DEL05-CE";"UOP03-DEL05-CE"
532450;2023-06-29;"quinta-feira";"03:31:00";"RS";116;298;"GUAIBA";"Reação tardia ou ineficiente do condutor";"Colisão traseira";"Com Vítimas Feridas";"Plena Noite";"Crescente";"Céu Claro";"Dupla";"Reta";"Não";3;0;1;0;1;1;1;2;-30,10644302;-51,34381389;"SPRF-RS";"DEL02-RS";"UOP01-DEL02-RS"
532451;2023-06-29;"quinta-feira";"02:50:00";"SC";116;165,1;"PONTE ALTA DO NORTE";"Transitar na contramão";"Colisão lateral sentido oposto";"Com Vítimas Feridas";"Plena Noite";"Decrescente";"Céu Claro";"Simples";"Curva";"Não";5;0;3;0;1;1;3;3;-27,15176073;-50,46219055;"SPRF-SC";"DEL05-SC";"UOP03-DEL05-SC"
532453;2023-06-29;"quinta-feira";"04:40:00";"SC";470;70,8;"INDAIAL";"Ausência de reação do condutor";"Colisão com objeto";"Com Vítimas Feridas";"Plena Noite";"Crescente";"Nublado";"Simples";"Reta";"Não";3;0;0;1;2;0;1;2;-26,889374;-49,254478;"SPRF-SC";"DEL04-SC";"UOP01-DEL04-SC"
532454;2023-06-29;"quinta-feira";"04:00:00";"GO";153;303,8;"RIALMA";"Ingestão de álcool pelo condutor";"Colisão frontal";"Com Vítimas Feridas";"Plena Noite";"Decrescente";"Céu Claro";"Simples";"Reta";"Não";3;0;0;1;1;1;1;3;-15,302937;-49,570522;"SPRF-GO";"DEL02-GO";"UOP02-DEL02-GO"
532455;2023-06-29;"quinta-feira";"05:56:00";"GO";80;122;"BARRO ALTO";"Deficiência do Sistema de Iluminação/Sinalização";"Colisão transversal";"Com Vítimas Feridas";"Plena Noite";"Crescente";"Céu Claro";"Simples";"Interseção de Vias;Reta";"Não";3;0;1;0;1;5;1;7;-15,083906;-48,860964;"SPRF-GO";"DEL07-GO";"UOP02-DEL07-GO"
532456;2023-06-29;"quinta-feira";"03:45:00";"RS";290;343,5;"SAO SEPE";"Transitar na contramão";"Colisão frontal";"Com Vítimas Fatais";"Plena Noite";"Decrescente";"Céu Claro";"Simples";"Reta;Declive";"Não";3;1;1;0;0;3;1;5;-30,36572903;-53,60976219;"SPRF-RS";"DEL09-RS";"UOP02-DEL09-RS"
532457;2023-06-29;"quinta-feira";"05:14:00";"GO";70;313;"JUSSARA";"Curva acentuada";"Tombamento";"Sem Vítimas";"Plena Noite";"Crescente";"Céu Claro";"Dupla";"Interseção de Vias;Curva";"Sim";2;0;0;0;2;0;0;1;-15,87299668;-50,84936538;"SPRF-GO";"DEL04-GO";"UOP02-DEL04-GO"
532458;2023-06-28;"quarta-feira";"16:20:00";"MA";316;355,7;"BACABAL";"Demais falhas mecânicas ou elétricas";"Incêndio";"Sem Vítimas";"Pleno dia";"Crescente";"Céu Claro";"Simples";"Curva;Em Obras";"Não";1;0;0;0;1;0;0;1;-4,226579;-44,836018;"SPRF-MA";"DEL02-MA";"UOP01-DEL02-MA"
532462;2023-06-29;"quinta-feira";"05:20:00";"MG";116;105,9;"MEDINA";"Reação tardia ou ineficiente do condutor";"Colisão frontal";"Com Vítimas Feridas";"Amanhecer";"Crescente";"Nevoeiro/Neblina";"Simples";"Curva;Aclive";"Não";5;0;4;0;1;0;4;2;-16,47154499;-41,50365177;"SPRF-MG";"DEL11-MG";"UOP02-DEL11-MG"
532464;2023-06-29;"quinta-feira";"05:30:00";"PB";101;103;"ALHANDRA";"Objeto estático sobre o leito carroçável";"Colisão traseira";"Com Vítimas Feridas";"Pleno dia";"Crescente";"Chuva";"Dupla";"Curva";"Não";4;0;2;0;0;2;2;3;-7,29163604;-34,93807826;"SPRF-PB";"DEL01-PB";"UOP02-DEL01-PB"
532468;2023-06-29;"quinta-feira";"06:10:00";"MS";60;327,7;"CAMPO GRANDE";"Condutor Dormindo";"Colisão frontal";"Com Vítimas Fatais";"Pleno dia";"Crescente";"Céu Claro";"Simples";"Aclive;Reta";"Não";2;1;0;0;1;0;0;2;-20,35386;-54,573438;"SPRF-MS";"DEL01-MS";"UOP02-DEL01-MS"
532472;2023-06-29;"quinta-feira";"06:30:00";"PR";376;596;"CURITIBA";"Pedestre cruzava a pista fora da faixa";"Atropelamento de Pedestre";"Com Vítimas Feridas";"Pleno dia";"Crescente";"Nublado";"Dupla";"Reta";"Não";3;0;1;0;1;1;1;3;-25,50194708;-49,3415524;"SPRF-PR";"DEL01-PR";"UOP06-DEL01-PR"
532476;2023-06-29;"quinta-feira";"05:45:00";"PR";116;117;"CURITIBA";"Condutor deixou de manter distância do veículo da frente";"Colisão traseira";"Sem Vítimas";"Amanhecer";"Crescente";"Nublado";"Dupla";"Reta";"Sim";2;0;0;0;2;0;0;2;-25,56106;-49,307948;"SPRF-PR";"DEL01-PR";"UOP03-DEL01-PR"
532477;2023-06-29;"quinta-feira";"06:35:00";"RS";386;338;"FORQUETINHA";"Acessar a via sem observar a presença dos outros veículos";"Colisão transversal";"Com Vítimas Feridas";"Amanhecer";"Crescente";"Nevoeiro/Neblina";"Simples";"Reta;Em Obras";"Não";4;0;0;1;1;2;1;4;-29,404047;-52,036518;"SPRF-RS";"DEL04-RS";"UOP01-DEL04-RS"
532483;2023-03-30;"quinta-feira";"19:30:00";"MT";364;106,7;"ALTO GARCAS";"Condutor Dormindo";"Tombamento";"Sem Vítimas";"Plena Noite";"Crescente";"Céu Claro";"Simples";"Reta";"Não";2;0;0;0;1;2;0;3;-16,84615077;-53,80820705;"SPRF-MT";"DEL02-MT";"UOP02-DEL02-MT"
532492;2023-06-29;"quinta-feira";"08:10:00";"PE";101;81,8;"JABOATAO DOS GUARARAPES";"Condutor deixou de manter distância do veículo da frente";"Colisão lateral mesmo sentido";"Com Vítimas Feridas";"Pleno dia";"Decrescente";"Chuva";"Dupla";"Reta";"Sim";2;0;1;0;1;0;1;2;-8,166914;-34,938018;"SPRF-PE";"DEL01-PE";"UOP01-DEL01-PE"
532493;2023-06-29;"quinta-feira";"07:15:00";"SP";153;57,9;"SAO JOSE DO RIO PRETO";"Reação tardia ou ineficiente do condutor";"Colisão traseira";"Com Vítimas Feridas";"Pleno dia";"Crescente";"Céu Claro";"Dupla";"Aclive;Reta";"Sim";2;0;1;0;0;1;1;2;-20,76991095;-49,34982212;"SPRF-SP";"DEL09-SP";"UOP01-DEL09-SP"
532496;2023-06-29;"quinta-feira";"07:40:00";"MT";364;271,8;"JACIARA";"Ultrapassagem Indevida";"Colisão lateral mesmo sentido";"Com Vítimas Feridas";"Pleno dia";"Decrescente";"Céu Claro";"Dupla";"Reta";"Sim";4;0;0;1;2;1;1;4;-15,96962998;-54,95363;"SPRF-MT";"DEL05-MT";"UOP02-DEL05-MT"
532497;2023-06-29;"quinta-feira";"08:45:00";"GO";153;495;"GOIANIA";"Estacionar ou parar em local proibido";"Colisão traseira";"Com Vítimas Fatais";"Pleno dia";"Decrescente";"Sol";"Dupla";"Reta";"Sim";4;1;0;0;2;2;0;4;-16,6681;-49,2263;"SPRF-GO";"DEL01-GO";"UOP01-DEL01-GO"
532499;2023-06-29;"quinta-feira";"09:42:00";"CE";116;41;"HORIZONTE";"Ingestão de álcool pelo condutor";"Engavetamento";"Sem Vítimas";"Pleno dia";"Crescente";"Céu Claro";"Múltipla";"Reta";"Sim";5;0;0;0;4;1;0;5;-4,1024351;-38,50001011;"SPRF-CE";"DEL01-CE";"UOP02-DEL01-CE"
532503;2023-04-26;"quarta-feira";"09:28:00";"PE";101;70;"RECIFE";"Acessar a via sem observar a presença dos outros veículos";"Colisão lateral mesmo sentido";"Com Vítimas Feridas";"Pleno dia";"Crescente";"Céu Claro";"Dupla";"Reta";"Sim";3;0;1;0;1;1;1;3;-8,06776119;-34,94265074;"SPRF-PE";"DEL01-PE";"UOP01-DEL01-PE"
532505;2023-06-29;"quinta-feira";"09:20:00";"MS";262;231;"RIBAS DO RIO PARDO";"Desrespeitar a preferência no cruzamento";"Colisão transversal";"Com Vítimas Feridas";"Pleno dia";"Decrescente";"Céu Claro";"Simples";"Reta";"Não";3;0;0;1;1;1;1;3;-20,46780989;-53,68106697;"SPRF-MS";"DEL07-MS";"UOP02-DEL07-MS"
532509;2023-06-29;"quinta-feira";"09:20:00";"MG";381;428;"SABARA";"Manobra de mudança de faixa";"Colisão lateral mesmo sentido";"Com Vítimas Feridas";"Pleno dia";"Decrescente";"Céu Claro";"Simples";"Declive;Reta";"Não";10;0;6;1;0;3;7;4;-19,78860676;-43,69766414;"SPRF-MG";"DEL01-MG";"UOP01-DEL01-MG"
532520;2023-06-29;"quinta-feira";"10:40:00";"PR";163;33;"SANTO ANTONIO DO SUDOESTE";"Acessar a via sem observar a presença dos outros veículos";"Colisão transversal";"Com Vítimas Feridas";"Pleno dia";"Crescente";"Céu Claro";"Simples";"Reta";"Sim";3;0;2;0;1;0;2;2;-26,082816;-53,716496;"SPRF-PR";"DEL02-PR";"UOP02-DEL02-PR"
532521;2023-06-29;"quinta-feira";"09:50:00";"RS";386;180;"CARAZINHO";"Conversão proibida";"Colisão transversal";"Com Vítimas Feridas";"Pleno dia";"Decrescente";"Nublado";"Simples";"Interseção de Vias";"Não";4;0;2;0;1;2;2;4;-28,30035656;-52,74512529;"SPRF-RS";"DEL08-RS";"UOP01-DEL08-RS"
532524;2023-05-19;"sexta-feira";"15:02:00";"TO";153;794;"TALISMA";"Manobra de mudança de faixa";"Colisão transversal";"Com Vítimas Fatais";"Pleno dia";"Crescente";"Céu Claro";"Simples";"Reta";"Não";4;1;0;1;0;2;1;4;-12,770952;-49,088295;"SPRF-TO";"DEL01-TO";"UOP02-DEL01-TO"
532525;2023-02-21;"terça-feira";"10:10:00";"MG";381;580,2;"CARMOPOLIS DE MINAS";"Reação tardia ou ineficiente do condutor";"Colisão traseira";"Com Vítimas Feridas";"Pleno dia";"Crescente";"Sol";"Dupla";"Aclive;Curva";"Não";3;0;1;0;1;1;1;3;-20,485462;-44,592192;"SPRF-MG";"DEL04-MG";"UOP01-DEL04-MG"
532528;2023-04-15;"sábado";"11:50:00";"SP";116;359,9;"MIRACATU";"Demais falhas mecânicas ou elétricas";"Incêndio";"Sem Vítimas";"Pleno dia";"Crescente";"Nublado";"Dupla";"Reta;Túnel";"Não";2;0;0;0;1;1;0;2;-24,10862227;-47,26589989;"SPRF-SP";"DEL04-SP";"UOP03-DEL04-SP"
532531;2023-06-29;"quinta-feira";"10:55:00";"MS";262;3,5;"TRES LAGOAS";"Transitar na contramão";"Colisão frontal";"Com Vítimas Feridas";"Pleno dia";"Decrescente";"Céu Claro";"Simples";"Curva";"Não";4;0;1;1;1;1;2;3;-20,78685035;-51,65355206;"SPRF-MS";"DEL07-MS";"UOP01-DEL07-MS"
532537;2023-06-29;"quinta-feira";"11:45:00";"SP";116;522;"CAJATI";"Reação tardia ou ineficiente do condutor";"Colisão traseira";"Com Vítimas Feridas";"Pleno dia";"Decrescente";"Chuva";"Simples";"Reta";"Não";4;0;2;0;1;1;2;3;-24,90722357;-48,25011849;"SPRF-SP";"DEL05-SP";"UOP02-DEL05-SP"
532538;2023-06-29;"quinta-feira";"12:20:00";"PR";369;446,5;"UBIRATA";"Velocidade Incompatível";"Colisão traseira";"Sem Vítimas";"Pleno dia";"Crescente";"Sol";"Simples";"Aclive;Reta";"Sim";2;0;0;0;2;0;0;2;-24,55481316;-52,96637535;"SPRF-PR";"DEL04-PR";"UOP03-DEL04-PR"
532540;2023-06-29;"quinta-feira";"10:00:00";"PR";280;259;"MARMELEIRO";"Velocidade Incompatível";"Tombamento";"Com Vítimas Feridas";"Pleno dia";"Crescente";"Céu Claro";"Simples";"Curva";"Sim";5;0;1;1;2;1;2;2;-26,1580913;-53,0304301;"SPRF-PR";"DEL02-PR";"UOP01-DEL02-PR"
532543;2023-06-28;"quarta-feira";"11:00:00";"AL";104;8,5;"SAO JOSE DA LAJE";"Velocidade Incompatível";"Saída de leito carroçável";"Com Vítimas Feridas";"Pleno dia";"Crescente";"Nublado";"Simples";"Curva;Declive";"Não";1;0;0;1;0;0;1;1;-8,96386265;-36,02023815;"SPRF-AL";"DEL01-AL";"UOP02-DEL01-AL"
532544;2023-06-29;"quinta-feira";"11:00:00";"MG";146;398;"GUAXUPE";"Problema com o freio";"Colisão traseira";"Com Vítimas Feridas";"Pleno dia";"Decrescente";"Céu Claro";"Simples";"Interseção de Vias;Rotatória;Declive";"Não";2;0;1;0;1;0;1;2;-21,28869458;-46,69569254;"SPRF-MG";"DEL09-MG";"UOP01-DEL09-MG"
532546;2023-06-29;"quinta-feira";"13:30:00";"MG";50;0;"UBERLANDIA";"Velocidade Incompatível";"Tombamento";"Com Vítimas Feridas";"Pleno dia";"Crescente";"Sol";"Simples";"Curva";"Não";2;0;1;0;0;2;1;3;-18,9113;-48,2622;"SPRF-MG";"DEL15-MG";"UOP01-DEL15-MG"
532547;2023-06-29;"quinta-feira";"13:30:00";"MG";381;859,3;"POUSO ALEGRE";"Condutor deixou de manter distância do veículo da frente";"Colisão traseira";"Com Vítimas Feridas";"Pleno dia";"Decrescente";"Céu Claro";"Dupla";"Reta";"Não";5;0;1;0;3;1;1;3;-22,315122;-45,904288;"SPRF-MG";"DEL16-MG";"UOP01-DEL16-MG"
532552;2023-06-29;"quinta-feira";"08:20:00";"PE";232;4,8;"RECIFE";"Pista Escorregadia";"Colisão lateral mesmo sentido";"Sem Vítimas";"Pleno dia";"Crescente";"Chuva";"Múltipla";"Viaduto;Declive;Em Obras";"Sim";5;0;0;0;3;2;0;3;-8,067319;-34,943765;"SPRF-PE";"DEL01-PE";"UOP01-DEL01-PE"
532555;2023-06-29;"quinta-feira";"13:45:00";"ES";101;349,5;"ANCHIETA";"Reação tardia ou ineficiente do condutor";"Colisão frontal";"Com Vítimas Feridas";"Pleno dia";"Crescente";"Sol";"Simples";"Reta";"Não";5;0;3;0;1;2;3;4;-20,6527553;-40,64346758;"SPRF-ES";"DEL03-ES";"UOP01-DEL03-ES"
532558;2023-05-16;"terça-feira";"13:45:00";"MS";163;626,7;"SAO GABRIEL DO OESTE";"Transitar na contramão";"Colisão frontal";"Com Vítimas Fatais";"Pleno dia";"Crescente";"Céu Claro";"Simples";"Reta";"Não";5;3;0;0;1;2;0;4;-19,3136279;-54,61889488;"SPRF-MS";"DEL06-MS";"UOP02-DEL06-MS"
532563;2023-06-29;"quinta-feira";"10:25:00";"ES";101;297;"CARIACICA";"Condutor deixou de manter distância do veículo da frente";"Colisão traseira";"Com Vítimas Feridas";"Pleno dia";"Crescente";"Céu Claro";"Dupla";"Reta";"Sim";2;0;0;1;1;0;1;2;-20,34529844;-40,41026774;"SPRF-ES";"DEL01-ES";"UOP01-DEL01-ES"
532564;2023-06-18;"domingo";"05:10:00";"RS";392;34;"RIO GRANDE";"Condutor Dormindo";"Saída de leito carroçável";"Com Vítimas Feridas";"Plena Noite";"Decrescente";"Céu Claro";"Dupla";"Reta";"Não";1;0;1;0;0;0;1;1;-32,01573599;-52,28800966;"SPRF-RS";"DEL07-RS";"UOP02-DEL07-RS"
532566;2023-06-29;"quinta-feira";"15:30:00";"GO";452;183,6;"ITUMBIARA";"Condutor Dormindo";"Colisão frontal";"Com Vítimas Fatais";"Pleno dia";"Crescente";"Céu Claro";"Simples";"Curva";"Não";4;1;0;0;1;2;0;4;-18,39182893;-49,33487393;"SPRF-GO";"DEL03-GO";"UOP02-DEL03-GO"
532575;2023-06-29;"quinta-feira";"15:30:00";"MG";381;309;"ANTONIO DIAS";"Desvio temporário";"Colisão lateral mesmo sentido";"Sem Vítimas";"Pleno dia";"Decrescente";"Céu Claro";"Simples";"Reta;Desvio Temporário";"Não";3;0;0;0;2;1;0;3;-19,64614211;-42,91069811;"SPRF-MG";"DEL03-MG";"UOP02-DEL03-MG"
532577;2023-06-29;"quinta-feira";"16:00:00";"PR";376;190;"MARIALVA";"Retorno proibido";"Colisão transversal";"Sem Vítimas";"Pleno dia";"Crescente";"Céu Claro";"Dupla";"Reta";"Não";2;0;0;0;2;0;0;2;-23,47560277;-51,81167587;"SPRF-PR";"DEL09-PR";"UOP01-DEL09-PR"
532579;2023-06-29;"quinta-feira";"15:45:00";"MG";365;589,8;"ARAGUARI";"Demais falhas mecânicas ou elétricas";"Incêndio";"Sem Vítimas";"Pleno dia";"Crescente";"Sol";"Simples";"Declive;Reta";"Não";2;0;0;0;1;1;0;2;-18,88216035;-48,03476866;"SPRF-MG";"DEL15-MG";"UOP02-DEL15-MG"
532581;2023-06-29;"quinta-feira";"16:26:00";"PA";316;32;"SANTA IZABEL DO PARA";"Reação tardia ou ineficiente do condutor";"Colisão lateral mesmo sentido";"Com Vítimas Feridas";"Pleno dia";"Crescente";"Céu Claro";"Dupla";"Reta";"Sim";3;0;0;1;1;1;1;3;-1,298897;-48,181937;"SPRF-PA";"DEL01-PA";"UOP01-DEL01-PA"
532586;2023-06-29;"quinta-feira";"15:45:00";"MG";116;16;"AGUAS VERMELHAS";"Ausência de reação do condutor";"Colisão traseira";"Com Vítimas Feridas";"Pleno dia";"Decrescente";"Céu Claro";"Simples";"Reta;Declive";"Não";2;0;1;0;0;1;1;2;-15,81176708;-41,38078596;"SPRF-BA";"DEL08-BA";"UOP03-DEL08-BA"
532587;2023-06-21;"quarta-feira";"11:40:00";"RO";364;513;"ARIQUEMES";"Transitar na contramão";"Colisão lateral sentido oposto";"Com Vítimas Feridas";"Pleno dia";"Crescente";"Céu Claro";"Simples";"Aclive;Reta";"Não";3;0;1;0;1;2;1;4;-9,94283084;-63,05467875;"SPRF-RO";"DEL03-RO";"UOP01-DEL03-RO"
532591;2023-06-29;"quinta-feira";"17:10:00";"PR";277;471,9;"NOVA LARANJEIRAS";"Desrespeitar a preferência no cruzamento";"Colisão transversal";"Com Vítimas Feridas";"Anoitecer";"Crescente";"Céu Claro";"Simples";"Interseção de Vias;Reta";"Sim";5;0;1;0;3;1;1;3;-25,3069668;-52,5424643;"SPRF-PR";"DEL04-PR";"UOP02-DEL04-PR"
532592;2023-06-22;"quinta-feira";"09:50:00";"BA";407;166,5;"FILADELFIA";"Ultrapassagem Indevida";"Saída de leito carroçável";"Com Vítimas Feridas";"Pleno dia";"Crescente";"Céu Claro";"Simples";"Reta";"Não";3;0;1;0;0;11;1;12;-10,80326898;-40,11635072;"SPRF-BA";"DEL04-BA";"UOP01-DEL04-BA"
532593;2023-06-24;"sábado";"15:30:00";"CE";116;54;"PACAJUS";"Acessar a via sem observar a presença dos outros veículos";"Colisão lateral mesmo sentido";"Sem Vítimas";"Pleno dia";"Decrescente";"Céu Claro";"Dupla";"Curva";"Não";2;0;0;0;2;0;0;2;-4,19566554;-38,47123658;"SPRF-CE";"DEL03-CE";"UOP02-DEL03-CE"
532594;2023-04-18;"terça-feira";"15:40:00";"PR";277;586,4;"CASCAVEL";"Desrespeitar a preferência no cruzamento";"Colisão transversal";"Com Vítimas Feridas";"Pleno dia";"Crescente";"Céu Claro";"Simples";"Declive;Reta";"Não";4;0;1;0;2;3;1;5;-24,9649472;-53,4210459;"SPRF-PR";"DEL04-PR";"UOP01-DEL04-PR"
532604;2023-06-29;"quinta-feira";"16:40:00";"PR";376;169,1;"MARINGA";"Reação tardia ou ineficiente do condutor";"Colisão traseira";"Com Vítimas Fatais";"Pleno dia";"Crescente";"Sol";"Dupla";"Declive;Reta";"Não";4;1;0;1;1;1;1;3;-23,41293401;-51,98354301;"SPRF-PR";"DEL09-PR";"UOP01-DEL09-PR"
532610;2023-06-29;"quinta-feira";"14:00:00";"BA";242;355,2;"LENCOIS";"Manobra de mudança de faixa";"Saída de leito carroçável";"Com Vítimas Feridas";"Pleno dia";"Crescente";"Céu Claro";"Simples";"Rotatória";"Não";4;0;2;0;1;1;2;3;-12,48219879;-41,35263996;"SPRF-BA";"DEL08-BA";"UOP04-DEL08-BA"
532612;2023-06-29;"quinta-feira";"18:00:00";"PB";230;154;"CAMPINA GRANDE";"Acessar a via sem observar a presença dos outros veículos";"Colisão transversal";"Com Vítimas Feridas";"Plena Noite";"Crescente";"Garoa/Chuvisco";"Simples";"Em Obras;Retorno Regulamentado";"Sim";3;0;1;0;1;1;1;3;-7,2777;-35,8985;"SPRF-PB";"DEL02-PB";"UOP01-DEL02-PB"
532617;2023-06-29;"quinta-feira";"12:55:00";"PR";277;482,9;"NOVA LARANJEIRAS";"Ausência de reação do condutor";"Colisão com objeto";"Sem Vítimas";"Pleno dia";"Decrescente";"Céu Claro";"Simples";"Curva;Declive";"Não";2;0;0;0;1;2;0;3;-25,2662;-52,624518;"SPRF-PR";"DEL04-PR";"UOP02-DEL04-PR"
532626;2023-06-29;"quinta-feira";"13:20:00";"MT";364;130;"PEDRA PRETA";"Problema na suspensão";"Colisão lateral sentido oposto";"Com Vítimas Feridas";"Pleno dia";"Decrescente";"Céu Claro";"Simples";"Reta";"Não";4;0;0;1;1;5;1;7;-16,82985771;-54,01578902;"SPRF-MT";"DEL02-MT";"UOP01-DEL02-MT"
532634;2023-06-29;"quinta-feira";"19:00:00";"CE";222;30;"CAUCAIA";"Acessar a via sem observar a presença dos outros veículos";"Colisão transversal";"Sem Vítimas";"Plena Noite";"Crescente";"Céu Claro";"Dupla";"Interseção de Vias";"Sim";3;0;0;0;1;2;0;3;-3,71177966;-38,81972495;"SPRF-CE";"DEL01-CE";"UOP01-DEL01-CE"
532638;2023-06-29;"quinta-feira";"19:34:00";"SC";101;111,1;"NAVEGANTES";"Acessar a via sem observar a presença dos outros veículos";"Colisão lateral mesmo sentido";"Com Vítimas Fatais";"Plena Noite";"Crescente";"Nublado";"Múltipla";"Reta";"Sim";3;1;1;0;0;1;1;2;-26,840602;-48,715223;"SPRF-SC";"DEL04-SC";"UOP04-DEL04-SC"
532640;2023-05-24;"quarta-feira";"18:10:00";"PR";116;210,8;"RIO NEGRO";"Acessar a via sem observar a presença dos outros veículos";"Colisão transversal";"Com Vítimas Feridas";"Plena Noite";"Crescente";"Céu Claro";"Simples";"Rotatória;Declive;Reta;Interseção de Vias";"Sim";3;0;0;2;1;0;2;2;-26,09984588;-49,78068888;"SPRF-SC";"DEL06-SC";"UOP01-DEL06-SC"
532644;2023-06-29;"quinta-feira";"19:20:00";"RJ";493;24,5;"MAGE";"Ausência de reação do condutor";"Colisão lateral mesmo sentido";"Com Vítimas Fatais";"Plena Noite";"Decrescente";"Nublado";"Simples";"Reta;Ponte";"Não";2;1;0;0;1;0;0;2;-22,65715069;-43,07072902;"SPRF-RJ";"DEL04-RJ";"UOP02-DEL04-RJ"
532645;2023-06-29;"quinta-feira";"21:00:00";"DF";70;10;"BRASILIA";"Velocidade Incompatível";"Tombamento";"Com Vítimas Feridas";"Plena Noite";"Decrescente";"Céu Claro";"Múltipla";"Reta";"Não";3;0;2;0;1;0;2;1;-15,787066;-48,140709;"SPRF-DF";"DEL03-DF";"UOP02-DEL03-DF"
532654;2023-06-29;"quinta-feira";"22:30:00";"MG";262;483,7;"BOM DESPACHO";"Demais falhas mecânicas ou elétricas";"Incêndio";"Sem Vítimas";"Plena Noite";"Decrescente";"Vento";"Simples";"Aclive;Reta";"Não";2;0;0;0;2;0;0;1;-19,78475619;-45,27534199;"SPRF-MG";"DEL08-MG";"UOP03-DEL08-MG"
532655;2023-01-07;"sábado";"10:30:00";"RS";101;67,1;"MAQUINE";"Ausência de reação do condutor";"Colisão com objeto";"Com Vítimas Feridas";"Pleno dia";"Decrescente";"Céu Claro";"Dupla";"Reta";"Não";3;0;1;0;1;1;1;2;-29,724619;-50,198845;"SPRF-RS";"DEL03-RS";"UOP02-DEL03-RS"
532657;2023-06-29;"quinta-feira";"17:40:00";"MA";222;636;"ACAILANDIA";"Animais na Pista";"Tombamento";"Com Vítimas Feridas";"Pleno dia";"Decrescente";"Céu Claro";"Simples";"Reta;Declive";"Não";2;0;1;0;0;2;1;3;-4,78027205;-47,165397;"SPRF-MA";"DEL04-MA";"UOP03-DEL04-MA"
532658;2023-06-29;"quinta-feira";"22:59:00";"RN";304;68,9;"MOSSORO";"Condutor Dormindo";"Colisão frontal";"Com Vítimas Feridas";"Plena Noite";"Crescente";"Céu Claro";"Simples";"Reta";"Não";2;0;1;1;0;0;2;2;-5,386368;-37,234276;"SPRF-RN";"DEL04-RN";"UOP01-DEL04-RN"
532660;2023-06-29;"quinta-feira";"22:30:00";"MG";153;73,5;"MONTE ALEGRE DE MINAS";"Reação tardia ou ineficiente do condutor";"Colisão traseira";"Com Vítimas Feridas";"Plena Noite";"Decrescente";"Céu Claro";"Simples";"Aclive;Reta";"Não";3;0;0;1;1;3;1;5;-19,00511296;-49,01869972;"SPRF-MG";"DEL15-MG";"UOP03-DEL15-MG"
532661;2023-06-29;"quinta-feira";"20:50:00";"PR";277;349,2;"GUARAPUAVA";"Desrespeitar a preferência no cruzamento";"Colisão frontal";"Com Vítimas Fatais";"Plena Noite";"Crescente";"Céu Claro";"Simples";"Em Obras;Reta;Desvio Temporário";"Sim";3;1;0;0;1;1;0;3;-25,38295981;-51,51197433;"SPRF-PR";"DEL08-PR";"UOP01-DEL08-PR"
532662;2023-06-29;"quinta-feira";"16:20:00";"BA";101;447;"AURELINO LEAL";"Velocidade Incompatível";"Colisão frontal";"Com Vítimas Fatais";"Pleno dia";"Crescente";"Chuva";"Simples";"Curva";"Não";3;2;1;0;0;0;1;2;-14,47398806;-39,32749872;"SPRF-BA";"DEL05-BA";"UOP01-DEL05-BA"
532664;2023-06-30;"sexta-feira";"00:13:00";"RN";304;177;"ANGICOS";"Demais falhas mecânicas ou elétricas";"Incêndio";"Sem Vítimas";"Plena Noite";"Crescente";"Céu Claro";"Simples";"Reta";"Não";3;0;0;0;2;1;0;2;-5,689074;-36,359548;"SPRF-RN";"DEL01-RN";"UOP03-DEL01-RN"
532669;2023-06-29;"quinta-feira";"23:50:00";"PI";316;77,6;"MIGUEL LEAO";"Condutor deixou de manter distância do veículo da frente";"Colisão lateral mesmo sentido";"Com Vítimas Fatais";"Plena Noite";"Decrescente";"Céu Claro";"Simples";"Reta";"Não";2;1;0;0;0;1;0;2;-5,71848967;-42,60454112;"SPRF-PI";"DEL01-PI";"UOP02-DEL01-PI"
532670;2023-06-30;"sexta-feira";"00:20:00";"PR";376;655;"TIJUCAS DO SUL";"Reação tardia ou ineficiente do condutor";"Saída de leito carroçável";"Sem Vítimas";"Plena Noite";"Decrescente";"Nevoeiro/Neblina";"Dupla";"Curva";"Não";1;0;0;0;1;0;0;1;-25,84165409;-49,042472;"SPRF-PR";"DEL01-PR";"UOP04-DEL01-PR"
532672;2023-06-29;"quinta-feira";"22:45:00";"MG";381;720,9;"CARMO DA CACHOEIRA";"Velocidade Incompatível";"Tombamento";"Com Vítimas Feridas";"Plena Noite";"Decrescente";"Céu Claro";"Dupla";"Curva;Declive";"Não";3;0;1;0;1;1;1;2;-21,43271635;-45,21060568;"SPRF-MG";"DEL04-MG";"UOP02-DEL04-MG"
532676;2023-06-30;"sexta-feira";"01:55:00";"PR";376;674,3;"GUARATUBA";"Reação tardia ou ineficiente do condutor";"Colisão traseira";"Com Vítimas Feridas";"Plena Noite";"Crescente";"Nublado";"Dupla";"Reta;Declive";"Não";4;0;1;0;2;2;1;5;-25,916864;-48,919552;"SPRF-PR";"DEL01-PR";"UOP04-DEL01-PR"