"id";"data_inversa";"dia_semana";"horario";"uf";"br";"km";"municipio";"causa_acidente";"tipo_acidente";"classificacao_acidente";"fase_dia";"sentido_via";"condicao_metereologica";"tipo_pista";"tracado_via";"uso_solo";"pessoas";"mortos";"feridos_leves";"feridos_graves";"ilesos";"ignorados";"feridos";"veiculos";"latitude";"longitude";"regional";"delegacia";"uop"
532952;2023-07-01;"sábado";"06:30:00";"PR";376;659;"TIJUCAS DO SUL";"Problema com o freio";"Saída de leito carroçável";"Sem Vítimas";"Pleno dia";"Crescente";"Céu Claro";"Simples";"Reta;Declive";"Não";1;0;0;0;1;0;0;1;-25,8497383;-49,01288607;"SPRF-PR";"DEL01-PR";"UOP04-DEL01-PR"
532953;2023-07-01;"sábado";"09:00:00";"MG";381;314;"ANTONIO DIAS";"Demais falhas mecânicas ou elétricas";"Incêndio";"Sem Vítimas";"Pleno dia";"Decrescente";"Céu Claro";"Simples";"Curva;Declive";"Não";2;0;0;0;1;3;0;4;-19,66837215;-42,96671391;"SPRF-MG";"DEL03-MG";"UOP02-DEL03-MG"
532954;2023-07-01;"sábado";"08:50:00";"MT";158;34;"VILA RICA";"Reação tardia ou ineficiente do condutor";"Colisão traseira";"Com Vítimas Feridas";"Pleno dia";"Crescente";"Céu Claro";"Simples";"Retorno Regulamentado;Rotatória";"Não";4;0;1;0;2;4;1;6;-9,97743078;-51,1336863;"SPRF-MT";"DEL07-MT";"NPF/DEL07-MT"
532956;2023-07-01;"sábado";"05:30:00";"MT";163;643;"LUCAS DO RIO VERDE";"Reação tardia ou ineficiente do condutor";"Colisão frontal";"Com Vítimas Feridas";"Amanhecer";"Crescente";"Céu Claro";"Simples";"Reta";"Não";3;0;1;0;1;1;1;3;-13,434955;-56,081173;"SPRF-MT";"DEL06-MT";"UOP01-DEL06-MT"
532959;2023-07-01;"sábado";"09:50:00";"CE";116;46,8;"PACAJUS";"Ingestão de álcool pelo condutor";"Colisão traseira";"Com Vítimas Fatais";"Pleno dia";"Decrescente";"Céu Claro";"Múltipla";"Reta";"Não";2;1;0;0;1;0;0;2;-4,145643;-38,477155;"SPRF-CE";"DEL01-CE";"UOP02-DEL01-CE"
532981;2023-07-01;"sábado";"12:10:00";"SC";101;327;"CAPIVARI DE BAIXO";"Desrespeitar a preferência no cruzamento";"Colisão lateral mesmo sentido";"Com Vítimas Feridas";"Pleno dia";"Crescente";"Céu Claro";"Dupla";"Interseção de Vias;Reta;Em Obras";"Sim";5;0;1;0;3;1;1;4;-28,4433856794;-48,9656318736;"SPRF-SC";"DEL02-SC";"UOP01-DEL02-SC"
532988;2023-07-01;"sábado";"11:00:00";"MT";163;118;"RONDONOPOLIS";"Desrespeitar a preferência no cruzamento";"Colisão transversal";"Com Vítimas Feridas";"Pleno dia";"Crescente";"Céu Claro";"Dupla";"Curva";"Sim";2;0;1;0;1;0;1;2;-16,51361392;-54,65519619;"SPRF-MT";"DEL02-MT";"UOP01-DEL02-MT"
532989;2023-07-01;"sábado";"07:30:00";"MA";222;163;"PRESIDENTE VARGAS";"Ausência de reação do condutor";"Colisão traseira";"Com Vítimas Fatais";"Pleno dia";"Decrescente";"Céu Claro";"Simples";"Reta;Em Obras";"Não";3;1;0;0;1;2;0;4;-3,50574221;-44,01875816;"SPRF-MA";"DEL01-MA";"UOP02-DEL01-MA"
532991;2023-07-01;"sábado";"12:30:00";"MS";158;260;"TRES LAGOAS";"Manobra de mudança de faixa";"Colisão frontal";"Com Vítimas Feridas";"Pleno dia";"Decrescente";"Céu Claro";"Simples";"Reta";"Não";2;0;0;1;1;0;1;2;-20,72107489;-51,74683283;"SPRF-MS";"DEL07-MS";"UOP01-DEL07-MS"
532992;2023-07-01;"sábado";"12:15:00";"PR";277;391;"CANDOI";"Ultrapassagem Indevida";"Colisão frontal";"Com Vítimas Feridas";"Pleno dia";"Decrescente";"Céu Claro";"Simples";"Reta";"Não";6;0;2;1;1;4;3;6;-25,44091094;-51,83855201;"SPRF-PR";"DEL08-PR";"UOP01-DEL08-PR"
532995;2023-07-01;"sábado";"12:50:00";"MG";262;771;"UBERABA";"Demais falhas mecânicas ou elétricas";"Colisão frontal";"Com Vítimas Feridas";"Pleno dia";"Decrescente";"Céu Claro";"Simples";"Reta";"Não";2;0;0;1;1;0;1;2;-19,70498587;-47,69269801;"SPRF-MG";"DEL13-MG";"UOP01-DEL13-MG"
533000;2023-07-01;"sábado";"14:00:00";"PR";153;460,9;"UNIAO DA VITORIA";"Problema com o freio";"Saída de leito carroçável";"Com Vítimas Feridas";"Pleno dia";"Decrescente";"Céu Claro";"Simples";"Curva";"Não";2;0;1;0;0;1;1;2;-26,233662;-51,146255;"SPRF-PR";"DEL02-PR";"UOP03-DEL02-PR"
533006;2023-07-01;"sábado";"14:20:00";"SP";116;64,8;"GUARATINGUETA";"Ausência de reação do condutor";"Colisão lateral mesmo sentido";"Com Vítimas Feridas";"Pleno dia";"Crescente";"Sol";"Dupla";"Reta";"Sim";6;0;2;0;2;2;2;4;-22,81942006;-45,18421298;"SPRF-SP";"DEL08-SP";"UOP01-DEL08-SP"
533007;2023-07-01;"sábado";"15:20:00";"MG";381;431;"SABARA";"Reação tardia ou ineficiente do condutor";"Saída de leito carroçável";"Com Vítimas Feridas";"Pleno dia";"Crescente";"Céu Claro";"Simples";"Curva";"Não";4;0;1;0;0;3;1;3;-19,78750571;-43,73981096;"SPRF-MG";"DEL01-MG";"UOP01-DEL01-MG"
533014;2023-07-01;"sábado";"16:00:00";"SP";116;487;"CAJATI";"Entrada inopinada do pedestre";"Atropelamento de Pedestre";"Com Vítimas Feridas";"Pleno dia";"Decrescente";"Céu Claro";"Dupla";"Curva";"Sim";4;0;1;0;2;1;1;3;-24,72633575;-48,08998415;"SPRF-SP";"DEL05-SP";"UOP01-DEL05-SP"
533015;2023-07-01;"sábado";"16:05:00";"BA";324;522;"FEIRA DE SANTANA";"Transitar no Acostamento";"Colisão traseira";"Com Vítimas Feridas";"Pleno dia";"Decrescente";"Nublado";"Dupla";"Reta";"Não";2;0;1;0;0;1;1;2;-12,28462524;-38,91926018;"SPRF-BA";"DEL01-BA";"UOP03-DEL01-BA"
533020;2023-07-01;"sábado";"14:30:00";"MT";364;446;"VARZEA GRANDE";"Demais falhas mecânicas ou elétricas";"Incêndio";"Sem Vítimas";"Pleno dia";"Crescente";"Sol";"Simples";"Reta";"Não";2;0;0;0;1;2;0;3;-15,61443692;-56,20471037;"SPRF-MT";"DEL01-MT";"UOP02-DEL01-MT"
533023;2023-03-28;"terça-feira";"08:01:00";"PA";316;22,6;"BENEVIDES";"Reação tardia ou ineficiente do condutor";"Colisão traseira";"Com Vítimas Feridas";"Pleno dia";"Decrescente";"Sol";"Dupla";"Reta";"Não";3;0;1;0;1;3;1;5;-1,349903;-48,254638;"SPRF-PA";"DEL01-PA";"UOP01-DEL01-PA"
533024;2023-07-01;"sábado";"16:14:00";"PE";101;206;"XEXEU";"Acessar a via sem observar a presença dos outros veículos";"Colisão traseira";"Com Vítimas Feridas";"Pleno dia";"Crescente";"Chuva";"Dupla";"Reta;Retorno Regulamentado";"Sim";4;0;2;0;1;1;2;3;-8,81905901;-35,63955699;"SPRF-PE";"DEL01-PE";"UOP03-DEL01-PE"
533025;2023-07-01;"sábado";"13:15:00";"PR";373;180,8;"PONTA GROSSA";"Reação tardia ou ineficiente do condutor";"Eventos atípicos";"Com Vítimas Feridas";"Pleno dia";"Decrescente";"Céu Claro";"Simples";"Reta";"Sim";7;0;4;2;0;3;6;6;-25,03983629;-50,24852895;"SPRF-PR";"DEL03-PR";"UOP01-DEL03-PR"
533027;2023-07-01;"sábado";"16:10:00";"BA";324;553;"AMELIA RODRIGUES";"Reação tardia ou ineficiente do condutor";"Colisão traseira";"Com Vítimas Feridas";"Pleno dia";"Crescente";"Céu Claro";"Dupla";"Reta";"Não";3;0;1;0;2;0;1;3;-12,45504393;-38,70402395;"SPRF-BA";"DEL01-BA";"UOP03-DEL01-BA"
533031;2023-07-01;"sábado";"13:35:00";"PA";163;234;"NOVO PROGRESSO";"Conversão proibida";"Colisão transversal";"Com Vítimas Fatais";"Pleno dia";"Crescente";"Céu Claro";"Simples";"Reta;Declive";"Não";4;1;0;1;1;2;1;4;-7,65839806;-55,2204932;"SPRF-PA";"DEL05-PA";"UOP02-DEL05-PA"
533034;2023-07-01;"sábado";"16:30:00";"CE";116;82;"CASCAVEL";"Ingestão de álcool pelo condutor";"Colisão traseira";"Sem Vítimas";"Pleno dia";"Decrescente";"Céu Claro";"Simples";"Reta";"Sim";2;0;0;0;2;0;0;2;-4,414697;-38,410259;"SPRF-CE";"DEL03-CE";"UOP02-DEL03-CE"
533035;2023-07-01;"sábado";"16:30:00";"MT";163;879,6;"CLAUDIA";"Ingestão de álcool pelo condutor";"Tombamento";"Com Vítimas Feridas";"Pleno dia";"Crescente";"Sol";"Simples";"Reta";"Não";3;0;3;0;0;0;3;1;-11,492;-55,363;"SPRF-MT";"DEL06-MT";"UOP02-DEL06-MT"
533036;2023-07-01;"sábado";"14:20:00";"MG";116;710;"MURIAE";"Velocidade Incompatível";"Tombamento";"Com Vítimas Feridas";"Pleno dia";"Decrescente";"Sol";"Simples";"Curva;Declive";"Não";2;0;1;0;0;1;1;2;-21,17559299;-42,37196176;"SPRF-MG";"DEL07-MG";"UOP02-DEL07-MG"
533037;2023-07-01;"sábado";"16:40:00";"PR";277;473,7;"NOVA LARANJEIRAS";"Velocidade Incompatível";"Tombamento";"Com Vítimas Feridas";"Pleno dia";"Decrescente";"Céu Claro";"Simples";"Curva;Declive";"Não";2;0;1;0;0;2;1;3;-25,30505011;-52,55873931;"SPRF-PR";"DEL04-PR";"UOP02-DEL04-PR"
533038;2023-07-01;"sábado";"16:53:00";"PR";277;3;"PARANAGUA";"Retorno proibido";"Colisão traseira";"Com Vítimas Feridas";"Pleno dia";"Decrescente";"Nublado";"Simples";"Reta";"Sim";5;0;2;1;1;1;3;3;-25,568198;-48,615292;"SPRF-PR";"DEL01-PR";"UOP05-DEL01-PR"
533040;2023-07-01;"sábado";"10:00:00";"BA";242;363;"LENCOIS";"Velocidade Incompatível";"Tombamento";"Com Vítimas Feridas";"Pleno dia";"Decrescente";"Sol";"Simples";"Curva";"Não";3;0;1;1;0;2;2;3;-12,46727769;-41,4150469;"SPRF-BA";"DEL06-BA";"UOP01-DEL06-BA"
533042;2023-07-01;"sábado";"13:15:00";"SC";116;107,7;"MONTE CASTELO";"Velocidade Incompatível";"Tombamento";"Com Vítimas Feridas";"Pleno dia";"Decrescente";"Céu Claro";"Simples";"Curva";"Não";2;0;1;0;0;2;1;3;-26,75568818;-50,32812388;"SPRF-SC";"DEL06-SC";"UOP02-DEL06-SC"
533049;2023-07-01;"sábado";"16:00:00";"MG";381;749,3;"TRES CORACOES";"Ingestão de álcool pelo condutor";"Colisão lateral mesmo sentido";"Sem Vítimas";"Pleno dia";"Decrescente";"Céu Claro";"Dupla";"Reta";"Não";3;0;0;0;2;1;0;3;-21,6382219;-45,28442144;"SPRF-MG";"DEL16-MG";"UOP02-DEL16-MG"
533053;2023-07-01;"sábado";"19:30:00";"RS";386;415,2;"MONTENEGRO";"Transitar na contramão";"Colisão lateral sentido oposto";"Com Vítimas Feridas";"Plena Noite";"Decrescente";"Céu Claro";"Simples";"Reta";"Sim";8;0;4;3;0;1;7;5;-29,817522;-51,473202;"SPRF-RS";"DEL04-RS";"UOP02-DEL04-RS"
533060;2023-07-01;"sábado";"18:20:00";"MS";163;607;"SAO GABRIEL DO OESTE";"Condutor deixou de manter distância do veículo da frente";"Colisão traseira";"Com Vítimas Feridas";"Anoitecer";"Crescente";"Céu Claro";"Dupla";"Reta";"Não";3;0;1;0;0;2;1;3;-19,45404567;-54,5177677;"SPRF-MS";"DEL06-MS";"UOP02-DEL06-MS"
533069;2023-07-01;"sábado";"08:00:00";"MA";135;252,1;"CAPINZAL DO NORTE";"Manobra de mudança de faixa";"Colisão lateral sentido oposto";"Sem Vítimas";"Pleno dia";"Decrescente";"Céu Claro";"Simples";"Reta";"Não";2;0;0;0;0;2;0;2;-4,59006;-44,34815;"SPRF-MA";"DEL03-MA";"UOP01-DEL03-MA"
533073;2023-07-01;"sábado";"20:10:00";"SP";116;505;"CAJATI";"Ausência de reação do condutor";"Tombamento";"Com Vítimas Feridas";"Plena Noite";"Decrescente";"Céu Claro";"Simples";"Declive;Curva";"Não";2;0;1;0;0;1;1;2;-24,78840989;-48,18011284;"SPRF-SP";"DEL05-SP";"UOP02-DEL05-SP"
533082;2023-07-01;"sábado";"17:45:00";"RO";364;420;"JARU";"Transitar na contramão";"Colisão frontal";"Com Vítimas Feridas";"Pleno dia";"Decrescente";"Sol";"Simples";"Reta";"Não";5;0;1;1;2;2;2;4;-10,47470369;-62,44575957;"SPRF-RO";"DEL03-RO";"UOP02-DEL03-RO"
533086;2023-07-01;"sábado";"21:01:00";"SP";116;449;"REGISTRO";"Pedestre cruzava a pista fora da faixa";"Atropelamento de Pedestre";"Com Vítimas Fatais";"Plena Noite";"Crescente";"Céu Claro";"Dupla";"Reta";"Sim";5;1;0;0;2;2;0;5;-24,52913591;-47,85619324;"SPRF-SP";"DEL05-SP";"UOP01-DEL05-SP"
533087;2023-07-01;"sábado";"12:58:00";"RS";470;186;"VERANOPOLIS";"Velocidade Incompatível";"Tombamento";"Sem Vítimas";"Pleno dia";"Crescente";"Nublado";"Dupla";"Curva";"Não";2;0;0;0;1;1;0;2;-29,00634714;-51,54974121;"SPRF-RS";"DEL06-RS";"UOP02-DEL06-RS"
533090;2023-07-01;"sábado";"21:00:00";"RS";386;59,8;"SEBERI";"Transitar na contramão";"Colisão frontal";"Com Vítimas Fatais";"Plena Noite";"Crescente";"Nevoeiro/Neblina";"Simples";"Reta";"Não";2;1;0;0;1;0;0;2;-27,570587;-53,352303;"SPRF-RS";"DEL08-RS";"UOP02-DEL08-RS"
533099;2023-07-01;"sábado";"21:40:00";"ES";101;387,7;"RIO NOVO DO SUL";"Ausência de reação do condutor";"Tombamento";"Com Vítimas Feridas";"Plena Noite";"Decrescente";"Nublado";"Simples";"Curva;Ponte";"Não";2;0;1;0;0;1;1;2;-20,85415981;-40,87841034;"SPRF-ES";"DEL03-ES";"UOP02-DEL03-ES"
533115;2023-07-01;"sábado";"23:05:00";"GO";153;205;"URUACU";"Reação tardia ou ineficiente do condutor";"Saída de leito carroçável";"Com Vítimas Feridas";"Plena Noite";"Decrescente";"Céu Claro";"Simples";"Reta;Declive";"Não";1;0;1;0;0;0;1;1;-14,582688;-49,16007;"SPRF-GO";"DEL07-GO";"UOP02-DEL07-GO"
533119;2023-07-01;"sábado";"19:10:00";"MG";251;255;"CURRAL DE DENTRO";"Demais falhas mecânicas ou elétricas";"Tombamento";"Com Vítimas Feridas";"Plena Noite";"Decrescente";"Céu Claro";"Simples";"Reta";"Não";2;0;1;0;0;1;1;2;-15,990948;-41,876391;"SPRF-MG";"DEL12-MG";"UOP02-DEL12-MG"
533122;2023-07-02;"domingo";"00:20:00";"ES";259;105;"BAIXO GUANDU";"Reação tardia ou ineficiente do condutor";"Colisão frontal";"Com Vítimas Feridas";"Plena Noite";"Crescente";"Nublado";"Simples";"Curva";"Sim";3;0;0;1;1;1;1;3;-19,50792605;-41,03435442;"SPRF-ES";"DEL02-ES";"UOP01-DEL02-ES"
533126;2023-07-02;"domingo";"00:50:00";"MA";135;11,9;"SAO LUIS";"Acessar a via sem observar a presença dos outros veículos";"Colisão transversal";"Com Vítimas Feridas";"Plena Noite";"Crescente";"Céu Claro";"Dupla";"Reta";"Sim";3;0;0;1;1;2;1;4;-2,66470782;-44,28673431;"SPRF-MA";"DEL01-MA";"UOP01-DEL01-MA"
533136;2023-07-02;"domingo";"03:31:00";"PE";232;433;"SERRA TALHADA";"Transitar na contramão";"Colisão frontal";"Com Vítimas Fatais";"Plena Noite";"Crescente";"Ignorado";"Simples";"Curva";"Não";2;1;0;0;0;1;0;2;-8,00939466;-38,5028851;"SPRF-PE";"DEL04-PE";"UOP01-DEL04-PE"
533155;2023-07-02;"domingo";"04:30:00";"SC";116;45,3;"ITAIOPOLIS";"Transitar na contramão";"Colisão frontal";"Sem Vítimas";"Plena Noite";"Decrescente";"Garoa/Chuvisco";"Simples";"Reta";"Não";4;0;0;0;3;1;0;3;-26,34267556;-50,1007322;"SPRF-SC";"DEL06-SC";"UOP01-DEL06-SC"
533156;2023-07-02;"domingo";"06:12:00";"MG";40;555,9;"NOVA LIMA";"Velocidade Incompatível";"Colisão traseira";"Com Vítimas Fatais";"Amanhecer";"Decrescente";"Céu Claro";"Dupla";"Reta";"Não";2;1;0;0;1;0;0;2;-20,08472706;-43,97697012;"SPRF-MG";"DEL01-MG";"UOP02-DEL01-MG"
533158;2023-07-02;"domingo";"05:40:00";"PR";116;87;"PIRAQUARA";"Demais falhas mecânicas ou elétricas";"Incêndio";"Sem Vítimas";"Amanhecer";"Decrescente";"Céu Claro";"Dupla";"Reta";"Não";2;0;0;0;1;1;0;2;-25,47597967;-49,09617938;"SPRF-PR";"DEL01-PR";"UOP07-DEL01-PR"
533164;2023-07-02;"domingo";"06:50:00";"PR";376;678;"GUARATUBA";"Demais falhas mecânicas ou elétricas";"Incêndio";"Sem Vítimas";"Pleno dia";"Crescente";"Céu Claro";"Dupla";"Reta";"Não";2;0;0;0;1;1;0;2;-25,94235196;-48,90906594;"SPRF-PR";"DEL01-PR";"UOP04-DEL01-PR"
533166;2023-07-02;"domingo";"07:00:00";"BA";101;735;"ITABELA";"Velocidade Incompatível";"Tombamento";"Com Vítimas Feridas";"Pleno dia";"Crescente";"Céu Claro";"Simples";"Curva;Aclive";"Não";2;0;0;1;0;1;1;2;-16,500618;-39,575369;"SPRF-BA";"DEL09-BA";"UOP01-DEL09-BA"
533180;2023-07-02;"domingo";"08:25:00";"PE";428;172;"PETROLINA";"Acessar a via sem observar a presença dos outros veículos";"Colisão transversal";"Com Vítimas Fatais";"Pleno dia";"Decrescente";"Nublado";"Simples";"Reta";"Não";3;1;0;0;1;1;0;3;-9,23632318;-40,41701564;"SPRF-PE";"DEL06-PE";"UOP01-DEL06-PE"
533186;2023-07-02;"domingo";"06:24:00";"PA";163;407;"ITAITUBA";"Acessar a via sem observar a presença dos outros veículos";"Colisão lateral mesmo sentido";"Com Vítimas Fatais";"Amanhecer";"Decrescente";"Céu Claro";"Simples";"Reta";"Não";3;2;0;0;0;1;0;2;-6,24742824;-55,61849759;"SPRF-PA";"DEL05-PA";"UOP02-DEL05-PA"
533196;2023-07-02;"domingo";"08:45:00";"SC";163;85,8;"GUARACIABA";"Reação tardia ou ineficiente do condutor";"Saída de leito carroçável";"Com Vítimas Feridas";"Pleno dia";"Decrescente";"Céu Claro";"Simples";"Curva;Interseção de Vias;Rotatória;Em Obras;Declive";"Sim";2;0;1;0;0;1;1;2;-26,59957913;-53,5155201;"SPRF-SC";"DEL07-SC";"UOP03-DEL07-SC"
533197;2023-07-02;"domingo";"08:40:00";"SC";282;256,3;"SAO JOSE DO CERRITO";"Transitar na contramão";"Colisão transversal";"Com Vítimas Feridas";"Pleno dia";"Decrescente";"Nevoeiro/Neblina";"Simples";"Aclive;Reta";"Não";2;0;0;1;1;0;1;2;-27,67211;-50,581013;"SPRF-SC";"DEL05-SC";"UOP02-DEL05-SC"
533198;2023-07-02;"domingo";"10:00:00";"PA";163;483;"ITAITUBA";"Transitar na contramão";"Colisão lateral sentido oposto";"Com Vítimas Feridas";"Pleno dia";"Crescente";"Sol";"Simples";"Reta;Declive";"Não";6;0;3;0;2;3;3;5;-5,64390419;-55,79045435;"SPRF-PA";"DEL05-PA";"UOP02-DEL05-PA"
533204;2023-07-02;"domingo";"10:15:00";"RS";116;143,2;"CAXIAS DO SUL";"Condutor desrespeitou a iluminação vermelha do semáforo";"Colisão transversal";"Com Vítimas Feridas";"Pleno dia";"Decrescente";"Nublado";"Dupla";"Reta";"Sim";4;0;2;0;2;0;2;3;-29,1201739;-51,12260651;"SPRF-RS";"DEL05-RS";"UOP01-DEL05-RS"
533205;2023-07-02;"domingo";"09:25:00";"MT";163;616;"NOVA MUTUM";"Mal súbito do condutor";"Eventos atípicos";"Com Vítimas Fatais";"Pleno dia";"Decrescente";"Céu Claro";"Simples";"Reta";"Não";2;1;0;0;0;2;0;3;-13,76981205;-56,05660988;"SPRF-MT";"DEL01-MT";"UOP01-DEL01-MT"
533208;2023-07-02;"domingo";"07:30:00";"PR";376;396;"TIBAGI";"Reação tardia ou ineficiente do condutor";"Tombamento";"Com Vítimas Fatais";"Pleno dia";"Crescente";"Nevoeiro/Neblina";"Dupla";"Declive;Curva";"Não";2;1;0;0;0;2;0;3;-24,57161629;-50,6863904;"SPRF-PR";"DEL03-PR";"UOP02-DEL03-PR"
533209;2023-07-02;"domingo";"10:35:00";"CE";116;57;"PACAJUS";"Transitar na contramão";"Colisão lateral sentido oposto";"Com Vítimas Feridas";"Pleno dia";"Crescente";"Céu Claro";"Simples";"Reta;Ponte";"Não";3;0;0;1;1;1;1;3;-4,22090704;-38,47582987;"SPRF-CE";"DEL03-CE";"UOP02-DEL03-CE"
533210;2023-07-02;"domingo";"09:00:00";"PR";277;349,2;"GUARAPUAVA";"Desrespeitar a preferência no cruzamento";"Colisão frontal";"Com Vítimas Feridas";"Pleno dia";"Crescente";"Céu Claro";"Simples";"Reta;Em Obras;Desvio Temporário";"Sim";6;0;1;0;2;4;1;5;-25,33928412;-51,42880296;"SPRF-PR";"DEL08-PR";"UOP01-DEL08-PR"
533220;2023-07-02;"domingo";"11:18:00";"PR";376;666,1;"GUARATUBA";"Carga excessiva e/ou mal acondicionada";"Engavetamento";"Com Vítimas Feridas";"Pleno dia";"Crescente";"Céu Claro";"Dupla";"Curva;Declive";"Não";20;0;6;0;13;5;6;20;-25,86037408;-48,95087256;"SPRF-PR";"DEL01-PR";"UOP04-DEL01-PR"
533226;2023-07-02;"domingo";"11:20:00";"RO";319;63;"PORTO VELHO";"Reação tardia ou ineficiente do condutor";"Colisão lateral mesmo sentido";"Sem Vítimas";"Pleno dia";"Crescente";"Céu Claro";"Dupla";"Em Obras";"Sim";2;0;0;0;2;0;0;2;-8,766685;-63,884052;"SPRF-RO";"DEL01-RO";"UOP01-DEL01-RO"
533231;2023-07-02;"domingo";"11:00:00";"RS";386;370;"FAZENDA VILANOVA";"Manobra de mudança de faixa";"Colisão transversal";"Com Vítimas Feridas";"Pleno dia";"Crescente";"Nublado";"Dupla";"Reta;Retorno Regulamentado";"Não";4;0;1;0;2;2;1;4;-29,57369035;-51,85148835;"SPRF-RS";"DEL04-RS";"UOP01-DEL04-RS"
533232;2023-07-02;"domingo";"06:00:00";"BA";116;530;"ITATIM";"Velocidade Incompatível";"Saída de leito carroçável";"Com Vítimas Feridas";"Pleno dia";"Crescente";"Céu Claro";"Simples";"Reta";"Não";2;0;1;0;0;2;1;3;-12,72182285;-39,76161404;"SPRF-BA";"DEL03-BA";"UOP02-DEL03-BA"
533239;2023-07-02;"domingo";"12:25:00";"RS";285;124,1;"VACARIA";"Transitar no Acostamento";"Colisão traseira";"Com Vítimas Feridas";"Pleno dia";"Crescente";"Céu Claro";"Simples";"Reta";"Não";4;0;1;0;2;1;1;3;-28,491489;-50,955837;"SPRF-RS";"DEL05-RS";"UOP03-DEL05-RS"
533247;2023-07-02;"domingo";"11:10:00";"MT";364;633,5;"DIAMANTINO";"Velocidade Incompatível";"Colisão lateral sentido oposto";"Sem Vítimas";"Pleno dia";"Decrescente";"Céu Claro";"Simples";"Curva;Aclive;Em Obras";"Não";6;0;0;0;5;3;0;8;-14,27206596;-56,49520875;"SPRF-MT";"DEL01-MT";"UOP01-DEL01-MT"
533263;2023-07-02;"domingo";"13:45:00";"SC";280;28;"ARAQUARI";"Ingestão de álcool pelo condutor";"Saída de leito carroçável";"Com Vítimas Feridas";"Pleno dia";"Crescente";"Nublado";"Simples";"Reta";"Não";2;0;1;0;0;1;1;2;-26,40450077;-48,74561031;"SPRF-SC";"DEL03-SC";"UOP03-DEL03-SC"
533264;2023-07-02;"domingo";"17:20:00";"RS";290;115;"ELDORADO DO SUL";"Ausência de reação do condutor";"Colisão transversal";"Com Vítimas Feridas";"Anoitecer";"Crescente";"Céu Claro";"Simples";"Reta";"Não";6;0;1;0;4;1;1;5;-30,045572;-51,357651;"SPRF-RS";"DEL02-RS";"UOP01-DEL02-RS"
533266;2023-07-02;"domingo";"17:20:00";"PR";376;166,8;"MARINGA";"Ausência de reação do condutor";"Colisão traseira";"Sem Vítimas";"Anoitecer";"Decrescente";"Sol";"Dupla";"Reta";"Não";2;0;0;0;2;0;0;2;-23,39663206;-52,00514304;"SPRF-PR";"DEL09-PR";"UOP01-DEL09-PR"
533269;2023-07-02;"domingo";"16:40:00";"RS";285;131,3;"VACARIA";"Velocidade Incompatível";"Tombamento";"Sem Vítimas";"Pleno dia";"Crescente";"Céu Claro";"Simples";"Curva";"Não";2;0;0;0;1;1;0;2;-28,442188;-50,996849;"SPRF-RS";"DEL05-RS";"UOP03-DEL05-RS"
533276;2023-06-20;"terça-feira";"21:00:00";"RS";285;354;"CARAZINHO";"Ingestão de álcool ou de substâncias psicoativas pelo pedestre";"Colisão frontal";"Com Vítimas Feridas";"Plena Noite";"Crescente";"Céu Claro";"Simples";"Reta";"Não";3;0;0;1;1;1;1;3;-28,38519741;-53,01120043;"SPRF-RS";"DEL08-RS";"UOP03-DEL08-RS"
533289;2023-07-02;"domingo";"18:30:00";"BA";101;817,9;"VEREDA";"Mal súbito do condutor";"Colisão frontal";"Com Vítimas Fatais";"Anoitecer";"Crescente";"Céu Claro";"Simples";"Desvio Temporário;Curva;Em Obras";"Não";3;1;0;0;1;2;0;4;-17,25428798;-39,63099022;"SPRF-BA";"DEL09-BA";"UOP02-DEL09-BA"
533298;2023-07-02;"domingo";"19:40:00";"SC";280;165,5;"MAFRA";"Transitar na contramão";"Colisão lateral sentido oposto";"Sem Vítimas";"Plena Noite";"Crescente";"Céu Claro";"Simples";"Reta";"Sim";3;0;0;0;3;0;0;3;-26,18505272;-49,8119696;"SPRF-SC";"DEL06-SC";"UOP01-DEL06-SC"
533299;2023-07-02;"domingo";"19:45:00";"MG";40;478;"SETE LAGOAS";"Manobra de mudança de faixa";"Colisão lateral mesmo sentido";"Sem Vítimas";"Plena Noite";"Crescente";"Céu Claro";"Múltipla";"Reta;Declive";"Não";3;0;0;0;2;1;0;3;-19,52925;-44,259171;"SPRF-MG";"DEL02-MG";"UOP01-DEL02-MG"
533300;2023-07-02;"domingo";"09:41:00";"PI";407;595,4;"ACAUA";"Acessar a via sem observar a presença dos outros veículos";"Colisão transversal";"Com Vítimas Fatais";"Pleno dia";"Crescente";"Céu Claro";"Simples";"Declive;Reta";"Não";2;1;0;0;1;0;0;2;-8,326604;-41,06636;"SPRF-PI";"DEL04-PI";"UOP01-DEL04-PI"
533313;2023-07-02;"domingo";"17:20:00";"BA";116;746;"POCOES";"Demais falhas mecânicas ou elétricas";"Incêndio";"Sem Vítimas";"Anoitecer";"Crescente";"Céu Claro";"Simples";"Reta";"Não";2;0;0;0;1;1;0;2;-14,40016204;-40,35442986;"SPRF-BA";"DEL08-BA";"UOP02-DEL08-BA"
533314;2023-07-02;"domingo";"16:20:00";"PR";373;456;"CHOPINZINHO";"Demais falhas mecânicas ou elétricas";"Tombamento";"Sem Vítimas";"Pleno dia";"Decrescente";"Céu Claro";"Simples";"Curva";"Não";2;0;0;0;1;3;0;4;-25,91125699;-52,38182501;"SPRF-PR";"DEL02-PR";"UOP01-DEL02-PR"
533331;2023-07-02;"domingo";"21:35:00";"SC";282;23;"SANTO AMARO DA IMPERATRIZ";"Ingestão de álcool pelo condutor";"Colisão lateral mesmo sentido";"Com Vítimas Feridas";"Plena Noite";"Crescente";"Nublado";"Simples";"Reta";"Sim";3;0;1;0;2;0;1;3;-27,687958;-48,736794;"SPRF-SC";"DEL01-SC";"UOP02-DEL01-SC"