"id";"data_inversa";"dia_semana";"horario";"uf";"br";"km";"municipio";"causa_acidente";"tipo_acidente";"classificacao_acidente";"fase_dia";"sentido_via";"condicao_metereologica";"tipo_pista";"tracado_via";"uso_solo";"pessoas";"mortos";"feridos_leves";"feridos_graves";"ilesos";"ignorados";"feridos";"veiculos";"latitude";"longitude";"regional";"delegacia";"uop"
533334;2023-07-02;"domingo";"17:20:00";"MT";70;122;"MIRASSOL DOESTE";"Reação tardia ou ineficiente do condutor";"Tombamento";"Com Vítimas Feridas";"Anoitecer";"Crescente";"Céu Claro";"Simples";"Reta;Aclive";"Não";5;0;1;0;3;3;1;4;-15,82991156;-58,06240082;"SPRF-MT";"DEL07-MT";"UOP01-DEL07-MT"
533335;2023-07-02;"domingo";"15:50:00";"PR";277;473,8;"NOVA LARANJEIRAS";"Velocidade Incompatível";"Tombamento";"Com Vítimas Feridas";"Pleno dia";"Decrescente";"Céu Claro";"Simples";"Curva";"Não";2;0;1;0;0;2;1;3;-25,31228529;-52,52903626;"SPRF-PR";"DEL04-PR";"UOP02-DEL04-PR"
533337;2023-07-02;"domingo";"04:50:00";"RO";429;246,6;"SAO FRANCISCO DO GUAPORE";"Reação tardia ou ineficiente do condutor";"Saída de leito carroçável";"Com Vítimas Fatais";"Amanhecer";"Crescente";"Céu Claro";"Simples";"Curva";"Não";2;1;0;0;0;1;0;2;-12,042159;-63,339259;"SPRF-RO";"DEL02-RO";"UOP03-DEL02-RO"
533356;2023-07-03;"segunda-feira";"01:30:00";"SC";101;144;"ITAPEMA";"Ingestão de álcool e/ou substâncias psicoativas pelo pedestre";"Colisão traseira";"Sem Vítimas";"Plena Noite";"Crescente";"Nublado";"Dupla";"Reta";"Sim";2;0;0;0;2;0;0;2;-27,0732659;-48,59672716;"SPRF-SC";"DEL04-SC";"UOP03-DEL04-SC"
533359;2023-07-03;"segunda-feira";"03:05:00";"SP";116;226;"GUARULHOS";"Reação tardia ou ineficiente do condutor";"Colisão traseira";"Com Vítimas Feridas";"Plena Noite";"Crescente";"Nublado";"Múltipla";"Aclive;Reta";"Sim";2;0;1;0;1;0;1;2;-23,49102507;-46,54878195;"SPRF-SP";"DEL01-SP";"UOP01-DEL01-SP"
533364;2023-07-03;"segunda-feira";"01:41:00";"PE";104;91,5;"AGRESTINA";"Reação tardia ou ineficiente do condutor";"Colisão lateral sentido oposto";"Com Vítimas Fatais";"Plena Noite";"Crescente";"Céu Claro";"Simples";"Reta";"Não";5;1;1;1;2;0;2;3;-8,487702;-35,946243;"SPRF-PE";"DEL02-PE";"UOP03-DEL02-PE"
533369;2023-07-03;"segunda-feira";"05:00:00";"SP";116;165;"JACAREI";"Reação tardia ou ineficiente do condutor";"Colisão traseira";"Com Vítimas Feridas";"Plena Noite";"Crescente";"Nevoeiro/Neblina";"Dupla";"Reta";"Não";4;0;1;0;1;2;1;4;-23,29691791;-46,00798704;"SPRF-SP";"DEL02-SP";"UOP01-DEL02-SP"
533372;2023-07-03;"segunda-feira";"04:00:00";"PE";101;86,7;"JABOATAO DOS GUARARAPES";"Pista esburacada";"Colisão lateral mesmo sentido";"Com Vítimas Feridas";"Plena Noite";"Decrescente";"Chuva";"Dupla";"Reta";"Não";3;0;1;0;1;1;1;3;-8,189143;-34,973587;"SPRF-PE";"DEL01-PE";"UOP01-DEL01-PE"
533373;2023-07-03;"segunda-feira";"01:40:00";"PR";277;401,7;"CANDOI";"Velocidade Incompatível";"Tombamento";"Com Vítimas Feridas";"Plena Noite";"Crescente";"Céu Claro";"Simples";"Curva";"Não";2;0;0;1;0;2;1;3;-25,44334;-51,97897;"SPRF-PR";"DEL04-PR";"UOP02-DEL04-PR"
533375;2023-07-03;"segunda-feira";"01:00:00";"BA";116;529;"ITATIM";"Condutor deixou de manter distância do veículo da frente";"Colisão traseira";"Sem Vítimas";"Plena Noite";"Crescente";"Céu Claro";"Simples";"Reta";"Não";1;0;0;0;1;0;0;1;-12,71959614;-39,75288696;"SPRF-BA";"DEL03-BA";"UOP02-DEL03-BA"
533376;2023-07-03;"segunda-feira";"06:05:00";"BA";116;845,3;"VITORIA DA CONQUISTA";"Reação tardia ou ineficiente do condutor";"Engavetamento";"Com Vítimas Feridas";"Amanhecer";"Decrescente";"Nevoeiro/Neblina";"Simples";"Aclive";"Não";10;0;6;0;4;0;6;3;-15,02414;-40,953111;"SPRF-BA";"DEL08-BA";"UOP01-DEL08-BA"
533377;2023-07-03;"segunda-feira";"05:45:00";"BA";116;614,5;"IRAJUBA";"Reação tardia ou ineficiente do condutor";"Engavetamento";"Com Vítimas Fatais";"Amanhecer";"Crescente";"Céu Claro";"Simples";"Reta;Declive";"Não";5;1;1;0;2;2;1;5;-13,321861;-40,01699509;"SPRF-BA";"DEL03-BA";"UOP01-DEL03-BA"
533378;2023-07-03;"segunda-feira";"05:45:00";"GO";153;205,9;"URUACU";"Transitar na contramão";"Colisão frontal";"Com Vítimas Fatais";"Amanhecer";"Crescente";"Céu Claro";"Simples";"Aclive";"Não";52;1;1;0;48;3;1;6;-14,557212;-49,158016;"SPRF-GO";"DEL07-GO";"UOP02-DEL07-GO"
533381;2023-07-03;"segunda-feira";"05:45:00";"SC";101;138;"BALNEARIO CAMBORIU";"Manobra de mudança de faixa";"Colisão lateral mesmo sentido";"Com Vítimas Feridas";"Plena Noite";"Crescente";"Nublado";"Múltipla";"Reta";"Sim";2;0;1;0;0;1;1;2;-27,02397426;-48,60761649;"SPRF-SC";"DEL04-SC";"UOP03-DEL04-SC"
533394;2023-07-03;"segunda-feira";"07:20:00";"PE";101;68;"RECIFE";"Trafegar com motocicleta (ou similar) entre as faixas";"Colisão lateral mesmo sentido";"Com Vítimas Feridas";"Pleno dia";"Decrescente";"Nublado";"Dupla";"Declive;Viaduto";"Sim";2;0;0;1;1;0;1;2;-8,052101;-34,946107;"SPRF-PE";"DEL01-PE";"UOP01-DEL01-PE"
533398;2023-07-03;"segunda-feira";"07:15:00";"MG";116;781,6;"LEOPOLDINA";"Reação tardia ou ineficiente do condutor";"Tombamento";"Com Vítimas Feridas";"Pleno dia";"Decrescente";"Céu Claro";"Simples";"Curva";"Não";2;0;0;1;0;1;1;2;-21,62223589;-42,69312807;"SPRF-MG";"DEL07-MG";"UOP01-DEL07-MG"
533399;2023-07-03;"segunda-feira";"06:50:00";"PR";158;403,8;"LARANJEIRAS DO SUL";"Retorno proibido";"Colisão transversal";"Com Vítimas Feridas";"Pleno dia";"Decrescente";"Céu Claro";"Simples";"Reta";"Não";2;0;1;0;1;0;1;2;-25,35697701;-52,382364;"SPRF-PR";"DEL04-PR";"UOP02-DEL04-PR"
533401;2023-07-03;"segunda-feira";"06:40:00";"SC";280;55;"GUARAMIRIM";"Desrespeitar a preferência no cruzamento";"Colisão transversal";"Com Vítimas Feridas";"Amanhecer";"Crescente";"Chuva";"Dupla";"Rotatória";"Sim";3;0;1;0;2;0;1;2;-26,47584353;-48,9937858;"SPRF-SC";"DEL03-SC";"UOP03-DEL03-SC"
533402;2023-07-03;"segunda-feira";"06:00:00";"RJ";40;120,4;"DUQUE DE CAXIAS";"Trafegar com motocicleta (ou similar) entre as faixas";"Colisão transversal";"Com Vítimas Feridas";"Pleno dia";"Crescente";"Nublado";"Múltipla";"Reta";"Sim";3;0;1;0;1;1;1;3;-22,77280597;-43,28626763;"SPRF-RJ";"DEL01-RJ";"UOP01-DEL01-RJ"
533419;2023-07-03;"segunda-feira";"08:25:00";"PR";476;153,3;"ARAUCARIA";"Retorno proibido";"Colisão lateral mesmo sentido";"Com Vítimas Feridas";"Pleno dia";"Crescente";"Nublado";"Dupla";"Interseção de Vias;Reta;Em Obras";"Sim";4;0;2;0;2;0;2;2;-25,577307;-49,392338;"SPRF-PR";"DEL01-PR";"UOP06-DEL01-PR"
533421;2023-07-03;"segunda-feira";"08:20:00";"RJ";101;472;"ANGRA DOS REIS";"Demais falhas mecânicas ou elétricas";"Colisão lateral mesmo sentido";"Sem Vítimas";"Pleno dia";"Crescente";"Nublado";"Simples";"Reta";"Não";2;0;0;0;2;0;0;2;-22,988676;-44,23305893;"SPRF-RJ";"DEL03-RJ";"UOP03-DEL03-RJ"
533423;2023-07-03;"segunda-feira";"08:10:00";"BA";116;22,9;"VITORIA DA CONQUISTA";"Acessar a via sem observar a presença dos outros veículos";"Colisão transversal";"Com Vítimas Feridas";"Pleno dia";"Decrescente";"Céu Claro";"Simples";"Reta";"Não";3;0;2;0;1;0;2;2;-14,875958;-40,799462;"SPRF-BA";"DEL08-BA";"UOP01-DEL08-BA"
533424;2023-07-03;"segunda-feira";"07:50:00";"MS";163;484,7;"CAMPO GRANDE";"Velocidade Incompatível";"Colisão traseira";"Com Vítimas Fatais";"Pleno dia";"Crescente";"Céu Claro";"Simples";"Reta";"Sim";5;1;0;1;2;1;1;5;-20,444876;-54,541386;"SPRF-MS";"DEL01-MS";"UOP02-DEL01-MS"
533426;2023-07-03;"segunda-feira";"09:47:00";"SC";280;5,8;"SAO FRANCISCO DO SUL";"Reação tardia ou ineficiente do condutor";"Atropelamento de Pedestre";"Com Vítimas Feridas";"Pleno dia";"Crescente";"Céu Claro";"Simples";"Reta";"Não";4;0;0;1;2;2;1;4;-26,26006182;-48,62550974;"SPRF-SC";"DEL03-SC";"UOP03-DEL03-SC"
533436;2023-07-03;"segunda-feira";"10:15:00";"RS";392;50,8;"RIO GRANDE";"Manobra de mudança de faixa";"Colisão lateral mesmo sentido";"Sem Vítimas";"Pleno dia";"Decrescente";"Nublado";"Dupla";"Reta";"Não";4;0;0;0;3;1;0;4;-31,86485645;-52,323879;"SPRF-RS";"DEL07-RS";"UOP02-DEL07-RS"
533444;2023-07-03;"segunda-feira";"11:45:00";"DF";20;18;"BRASILIA";"Reação tardia ou ineficiente do condutor";"Colisão traseira";"Sem Vítimas";"Pleno dia";"Crescente";"Céu Claro";"Dupla";"Declive;Reta";"Sim";6;0;0;0;6;0;0;2;-15,616901;-47,708927;"SPRF-DF";"DEL02-DF";"UOP01-DEL02-DF"
533449;2023-07-03;"segunda-feira";"08:00:00";"SP";116;109,5;"TAUBATE";"Ausência de reação do condutor";"Tombamento";"Sem Vítimas";"Pleno dia";"Crescente";"Nublado";"Dupla";"Reta";"Sim";1;0;0;0;1;0;0;1;-23,02871304;-45,54517097;"SPRF-SP";"DEL02-SP";"UOP02-DEL02-SP"
533455;2023-07-03;"segunda-feira";"12:30:00";"PR";277;475,3;"NOVA LARANJEIRAS";"Pedestre andava na pista";"Atropelamento de Pedestre";"Com Vítimas Feridas";"Pleno dia";"Decrescente";"Sol";"Simples";"Reta;Declive";"Não";3;0;0;1;1;1;1;3;-25,30798916;-52,54687394;"SPRF-PR";"DEL04-PR";"UOP02-DEL04-PR"
533467;2023-07-03;"segunda-feira";"12:20:00";"RO";174;16;"VILHENA";"Reação tardia ou ineficiente do condutor";"Colisão traseira";"Sem Vítimas";"Pleno dia";"Crescente";"Céu Claro";"Simples";"Reta";"Sim";2;0;0;0;2;0;0;2;-12,71452302;-60,1262149;"SPRF-RO";"DEL04-RO";"UOP01-DEL04-RO"
533469;2023-07-03;"segunda-feira";"11:30:00";"TO";153;711,6;"CARIRI DO TOCANTINS";"Mal súbito do condutor";"Saída de leito carroçável";"Com Vítimas Feridas";"Pleno dia";"Crescente";"Céu Claro";"Simples";"Reta";"Não";2;0;1;0;0;1;1;2;-12,04903192;-49,20102045;"SPRF-TO";"DEL01-TO";"UOP02-DEL01-TO"
533472;2023-07-03;"segunda-feira";"14:50:00";"GO";40;92,8;"CRISTALINA";"Acessar a via sem observar a presença dos outros veículos";"Colisão transversal";"Sem Vítimas";"Pleno dia";"Decrescente";"Céu Claro";"Simples";"Interseção de Vias";"Não";3;0;0;0;3;0;0;2;-16,73438967;-47,62120485;"SPRF-DF";"DEL01-DF";"UOP02-DEL01-DF"
533478;2023-07-03;"segunda-feira";"14:20:00";"PR";277;527,1;"GUARANIACU";"Transitar na contramão";"Colisão frontal";"Com Vítimas Fatais";"Pleno dia";"Crescente";"Céu Claro";"Simples";"Reta";"Não";4;2;0;0;1;2;0;4;-25,091649;-52,949265;"SPRF-PR";"DEL04-PR";"UOP04-DEL04-PR"
533479;2023-07-03;"segunda-feira";"15:40:00";"CE";116;26;"ITAITINGA";"Condutor deixou de manter distância do veículo da frente";"Colisão traseira";"Sem Vítimas";"Pleno dia";"Crescente";"Céu Claro";"Dupla";"Reta";"Sim";2;0;0;0;2;0;0;2;-3,9752959;-38,51436047;"SPRF-CE";"DEL01-CE";"UOP02-DEL01-CE"
533480;2023-07-03;"segunda-feira";"16:19:00";"SP";381;69;"MAIRIPORA";"Mal súbito do condutor";"Colisão traseira";"Sem Vítimas";"Pleno dia";"Crescente";"Céu Claro";"Dupla";"Reta";"Sim";3;0;0;0;2;2;0;4;-23,34553108;-46,56787903;"SPRF-SP";"DEL03-SP";"UOP01-DEL03-SP"
533481;2023-07-03;"segunda-feira";"16:20:00";"RS";285;299,8;"PASSO FUNDO";"Acessar a via sem observar a presença dos outros veículos";"Colisão transversal";"Com Vítimas Feridas";"Pleno dia";"Crescente";"Sol";"Simples";"Interseção de Vias";"Sim";4;0;2;0;2;0;2;2;-28,2309024;-52,43941784;"SPRF-RS";"DEL08-RS";"UOP03-DEL08-RS"
533486;2023-07-03;"segunda-feira";"14:15:00";"MG";381;733,3;"CARMO DA CACHOEIRA";"Objeto estático sobre o leito carroçável";"Colisão com objeto";"Com Vítimas Feridas";"Pleno dia";"Crescente";"Sol";"Dupla";"Reta";"Não";4;0;1;0;2;2;1;4;-21,56277607;-45,24379974;"SPRF-MG";"DEL16-MG";"UOP02-DEL16-MG"
533489;2023-07-03;"segunda-feira";"17:30:00";"RN";304;32,2;"MOSSORO";"Acessar a via sem observar a presença dos outros veículos";"Colisão transversal";"Sem Vítimas";"Anoitecer";"Crescente";"Céu Claro";"Simples";"Reta;Em Obras";"Não";3;0;0;0;2;1;0;3;-5,13471117;-37,34486327;"SPRF-RN";"DEL04-RN";"UOP02-DEL04-RN"
533492;2023-07-03;"segunda-feira";"17:32:00";"TO";10;457;"PALMAS";"Reação tardia ou ineficiente do condutor";"Colisão lateral mesmo sentido";"Com Vítimas Feridas";"Pleno dia";"Decrescente";"Céu Claro";"Dupla";"Reta";"Não";2;0;1;0;1;0;1;2;-10,28499;-48,29894;"SPRF-TO";"DEL01-TO";"UOP03-DEL01-TO"
533494;2023-07-03;"segunda-feira";"14:50:00";"RJ";116;268;"BARRA MANSA";"Reação tardia ou ineficiente do condutor";"Tombamento";"Com Vítimas Feridas";"Pleno dia";"Crescente";"Céu Claro";"Dupla";"Curva";"Não";2;0;0;1;0;1;1;2;-22,58240306;-44,11006543;"SPRF-RJ";"DEL07-RJ";"UOP02-DEL07-RJ"
533495;2023-07-03;"segunda-feira";"16:20:00";"BA";20;89;"SAO DESIDERIO";"Velocidade Incompatível";"Colisão frontal";"Com Vítimas Fatais";"Pleno dia";"Decrescente";"Céu Claro";"Simples";"Reta";"Não";6;4;1;0;0;3;1;5;-13,171255;-46,030156;"SPRF-BA";"DEL10-BA";"UOP01-DEL10-BA"
533496;2023-07-03;"segunda-feira";"15:00:00";"MA";135;80;"ITAPECURU MIRIM";"Reação tardia ou ineficiente do condutor";"Colisão lateral mesmo sentido";"Sem Vítimas";"Pleno dia";"Crescente";"Céu Claro";"Simples";"Reta;Em Obras";"Não";3;0;0;0;2;2;0;4;-3,221162;-44,36206;"SPRF-MA";"DEL01-MA";"UOP02-DEL01-MA"
533503;2023-06-25;"domingo";"17:45:00";"MT";70;58,4;"BARRA DO GARCAS";"Ingestão de álcool pelo condutor";"Colisão frontal";"Com Vítimas Fatais";"Pleno dia";"Crescente";"Céu Claro";"Simples";"Curva";"Não";3;1;0;0;1;2;0;4;-15,7025796;-52,67675939;"SPRF-MT";"DEL07-MT";"UOP01-DEL07-MT"
533515;2023-07-03;"segunda-feira";"18:00:00";"MT";364;393;"CUIABA";"Reação tardia ou ineficiente do condutor";"Colisão transversal";"Com Vítimas Feridas";"Plena Noite";"Crescente";"Céu Claro";"Dupla";"Reta;Retorno Regulamentado";"Sim";4;0;0;2;1;2;2;4;-15,701122;-55,881774;"SPRF-MT";"DEL01-MT";"UOP02-DEL01-MT"
533524;2023-07-03;"segunda-feira";"16:30:00";"MT";163;956;"NOVA SANTA HELENA";"Ausência de reação do condutor";"Colisão lateral mesmo sentido";"Sem Vítimas";"Pleno dia";"Decrescente";"Céu Claro";"Simples";"Reta";"Sim";4;0;0;0;3;2;0;4;-10,8492727;-55,18761724;"SPRF-MT";"DEL06-MT";"UOP02-DEL06-MT"
533529;2023-07-03;"segunda-feira";"18:50:00";"MS";163;459;"CAMPO GRANDE";"Pedestre andava na pista";"Atropelamento de Pedestre";"Com Vítimas Feridas";"Plena Noite";"Decrescente";"Céu Claro";"Simples";"Reta;Declive";"Não";3;0;0;1;1;2;1;4;-20,64663492;-54,56591872;"SPRF-MS";"DEL01-MS";"UOP01-DEL01-MS"
533533;2023-07-03;"segunda-feira";"12:50:00";"MG";251;222;"CACHOEIRA DE PAJEU";"Transitar na contramão";"Colisão lateral mesmo sentido";"Com Vítimas Fatais";"Pleno dia";"Crescente";"Céu Claro";"Simples";"Reta;Aclive";"Não";6;2;2;0;1;3;2;6;-15,95895516;-41,63528096;"SPRF-MG";"DEL12-MG";"UOP02-DEL12-MG"
533534;2023-07-03;"segunda-feira";"17:50:00";"PE";232;336;"CUSTODIA";"Ausência de reação do condutor";"Colisão traseira";"Com Vítimas Feridas";"Anoitecer";"Decrescente";"Céu Claro";"Simples";"Reta;Declive";"Não";3;0;0;1;1;1;1;3;-8,08346027;-37,65571502;"SPRF-PE";"DEL04-PE";"UOP02-DEL04-PE"
533539;2023-07-03;"segunda-feira";"19:00:00";"MG";50;104,9;"UBERABA";"Ausência de reação do condutor";"Colisão traseira";"Com Vítimas Feridas";"Plena Noite";"Decrescente";"Céu Claro";"Dupla";"Reta";"Não";2;0;1;0;1;0;1;2;-19,18075291;-48,15727764;"SPRF-MG";"DEL13-MG";"UOP01-DEL13-MG"
533540;2023-07-03;"segunda-feira";"19:49:00";"SC";116;107,8;"MONTE CASTELO";"Ausência de reação do condutor";"Colisão frontal";"Com Vítimas Feridas";"Plena Noite";"Decrescente";"Nublado";"Simples";"Curva";"Não";6;0;0;3;1;2;3;4;-26,75568818;-50,32812388;"SPRF-SC";"DEL06-SC";"UOP02-DEL06-SC"
533544;2023-07-03;"segunda-feira";"20:50:00";"RJ";116;292;"BARRA MANSA";"Condutor Dormindo";"Colisão traseira";"Com Vítimas Feridas";"Plena Noite";"Crescente";"Nublado";"Dupla";"Reta";"Não";3;0;1;0;1;1;1;3;-22,46511993;-44,28491095;"SPRF-RJ";"DEL07-RJ";"UOP02-DEL07-RJ"
533546;2023-07-03;"segunda-feira";"23:25:00";"MG";381;488;"BETIM";"Ingestão de álcool pelo condutor";"Colisão lateral mesmo sentido";"Sem Vítimas";"Plena Noite";"Decrescente";"Céu Claro";"Dupla";"Aclive;Reta";"Sim";3;0;0;0;2;1;0;3;-19,9598656;-44,15489715;"SPRF-MG";"DEL01-MG";"UOP03-DEL01-MG"
533548;2023-07-03;"segunda-feira";"16:00:00";"SC";282;535;"CHAPECO";"Velocidade Incompatível";"Tombamento";"Sem Vítimas";"Pleno dia";"Crescente";"Céu Claro";"Simples";"Rotatória";"Sim";2;0;0;0;1;1;0;2;-26,998245;-52,643768;"SPRF-SC";"DEL07-SC";"UOP01-DEL07-SC"
533551;2023-07-03;"segunda-feira";"19:20:00";"GO";153;309;"RIALMA";"Demais falhas mecânicas ou elétricas";"Colisão com objeto";"Com Vítimas Feridas";"Plena Noite";"Decrescente";"Céu Claro";"Simples";"Reta";"Não";2;0;1;0;1;0;1;2;-15,357812;-49,564758;"SPRF-GO";"DEL02-GO";"UOP02-DEL02-GO"
533554;2023-07-04;"terça-feira";"00:20:00";"PE";232;129;"CARUARU";"Velocidade Incompatível";"Colisão traseira";"Com Vítimas Fatais";"Plena Noite";"Crescente";"Céu Claro";"Dupla";"Reta;Declive";"Não";2;1;0;0;1;0;0;2;-8,30193507;-35,98092002;"SPRF-PE";"DEL02-PE";"UOP01-DEL02-PE"
533555;2023-07-04;"terça-feira";"00:20:00";"MG";153;222,3;"FRUTAL";"Reação tardia ou ineficiente do condutor";"Colisão transversal";"Com Vítimas Feridas";"Plena Noite";"Crescente";"Céu Claro";"Simples";"Reta";"Não";6;0;3;1;1;2;4;4;-20,117064;-49,100303;"SPRF-MG";"DEL13-MG";"UOP02-DEL13-MG"
533556;2023-07-04;"terça-feira";"00:42:00";"PR";277;642,7;"CEU AZUL";"Condutor Dormindo";"Colisão com objeto";"Sem Vítimas";"Plena Noite";"Decrescente";"Céu Claro";"Simples";"Reta";"Não";1;0;0;0;1;0;0;1;-25,18289824;-53,87111011;"SPRF-PR";"DEL05-PR";"UOP02-DEL05-PR"
533559;2023-07-04;"terça-feira";"01:20:00";"RJ";101;70;"CAMPOS DOS GOYTACAZES";"Animais na Pista";"Atropelamento de Animal";"Sem Vítimas";"Plena Noite";"Crescente";"Chuva";"Simples";"Reta";"Não";1;0;0;0;1;0;0;1;-21,781011;-41,373363;"SPRF-RJ";"DEL08-RJ";"UOP02-DEL08-RJ"
533560;2023-07-04;"terça-feira";"03:00:00";"MG";381;903,4;"CAMBUI";"Ingestão de álcool pelo condutor";"Saída de leito carroçável";"Com Vítimas Feridas";"Plena Noite";"Crescente";"Nublado";"Dupla";"Curva";"Não";3;0;1;0;1;1;1;3;-22,64815505;-46,0894345;"SPRF-MG";"DEL16-MG";"UOP03-DEL16-MG"
533562;2023-07-04;"terça-feira";"02:30:00";"PR";376;37,8;"NOVA LONDRINA";"Animais na Pista";"Tombamento";"Com Vítimas Feridas";"Plena Noite";"Crescente";"Céu Claro";"Simples";"Rotatória";"Não";1;0;0;1;0;0;1;1;-22,81079997;-53,01876761;"SPRF-PR";"DEL09-PR";"UOP02-DEL09-PR"
533568;2023-07-03;"segunda-feira";"21:40:00";"PI";316;186;"VALENCA DO PIAUI";"Ingestão de álcool pelo condutor";"Colisão lateral mesmo sentido";"Com Vítimas Fatais";"Plena Noite";"Decrescente";"Céu Claro";"Simples";"Reta";"Não";3;1;0;0;1;1;0;3;-6,28658493;-41,93976192;"SPRF-PI";"DEL04-PI";"UOP02-DEL04-PI"
533581;2023-07-04;"terça-feira";"08:25:00";"SC";101;117;"ITAJAI";"Condutor deixou de manter distância do veículo da frente";"Colisão traseira";"Com Vítimas Feridas";"Pleno dia";"Crescente";"Céu Claro";"Múltipla";"Reta";"Não";3;0;1;0;2;0;1;3;-26,88747187;-48,72252969;"SPRF-SC";"DEL04-SC";"UOP04-DEL04-SC"
533586;2023-07-04;"terça-feira";"08:07:00";"PR";277;609,2;"SANTA TEREZA DO OESTE";"Condutor deixou de manter distância do veículo da frente";"Colisão traseira";"Com Vítimas Fatais";"Pleno dia";"Crescente";"Céu Claro";"Simples";"Reta";"Sim";2;1;0;0;1;0;0;2;-25,04783521;-53,61298988;"SPRF-PR";"DEL05-PR";"UOP02-DEL05-PR"
533595;2023-07-04;"terça-feira";"06:40:00";"MA";135;22;"SAO LUIS";"Acessar a via sem observar a presença dos outros veículos";"Colisão transversal";"Sem Vítimas";"Pleno dia";"Decrescente";"Céu Claro";"Dupla";"Reta";"Sim";2;0;0;0;1;1;0;2;-2,53073;-44,3068;"SPRF-MA";"DEL01-MA";"UOP01-DEL01-MA"
533597;2023-07-04;"terça-feira";"06:30:00";"MG";381;543;"ITATIAIUCU";"Velocidade Incompatível";"Tombamento";"Com Vítimas Fatais";"Amanhecer";"Decrescente";"Nublado";"Dupla";"Curva;Declive";"Não";2;1;0;0;0;1;0;2;-20,27336801;-44,42585498;"SPRF-MG";"DEL04-MG";"UOP03-DEL04-MG"
533606;2023-07-04;"terça-feira";"10:00:00";"SP";116;230,5;"SAO PAULO";"Condutor deixou de manter distância do veículo da frente";"Engavetamento";"Com Vítimas Feridas";"Pleno dia";"Crescente";"Céu Claro";"Dupla";"Reta";"Não";5;0;1;0;4;0;1;4;-23,52251783;-46,5855702;"SPRF-SP";"DEL01-SP";"UOP01-DEL01-SP"
533611;2023-07-04;"terça-feira";"08:40:00";"MG";116;302,6;"ITAMBACURI";"Transitar no Acostamento";"Colisão com objeto";"Com Vítimas Feridas";"Pleno dia";"Decrescente";"Céu Claro";"Simples";"Curva";"Não";3;0;0;1;1;1;1;3;-18,01809416;-41,63418999;"SPRF-MG";"DEL11-MG";"UOP01-DEL11-MG"
533613;2023-07-04;"terça-feira";"09:00:00";"MG";153;155;"COMENDADOR GOMES";"Demais falhas mecânicas ou elétricas";"Incêndio";"Sem Vítimas";"Pleno dia";"Crescente";"Céu Claro";"Simples";"Reta";"Não";2;0;0;0;1;2;0;3;-19,62824275;-48,935707;"SPRF-MG";"DEL13-MG";"UOP02-DEL13-MG"
533620;2023-07-04;"terça-feira";"11:50:00";"PE";101;76,7;"RECIFE";"Ausência de reação do condutor";"Engavetamento";"Sem Vítimas";"Pleno dia";"Decrescente";"Céu Claro";"Dupla";"Aclive;Reta";"Sim";5;0;0;0;4;1;0;4;-8,126223;-34,943775;"SPRF-PE";"DEL01-PE";"UOP01-DEL01-PE"
533621;2023-07-04;"terça-feira";"09:30:00";"MA";222;289;"VITORIA DO MEARIM";"Afundamento ou ondulação no pavimento";"Colisão lateral sentido oposto";"Com Vítimas Feridas";"Pleno dia";"Decrescente";"Céu Claro";"Simples";"Reta";"Não";2;0;1;0;1;0;1;2;-3,45086892;-44,84786102;"SPRF-MA";"DEL02-MA";"UOP01-DEL02-MA"
533624;2023-07-04;"terça-feira";"11:20:00";"SC";101;151,1;"ITAPEMA";"Condutor deixou de manter distância do veículo da frente";"Colisão traseira";"Com Vítimas Feridas";"Pleno dia";"Crescente";"Céu Claro";"Dupla";"Reta";"Sim";2;0;1;0;1;0;1;2;-27,126536;-48,609642;"SPRF-SC";"DEL04-SC";"UOP03-DEL04-SC"
533635;2023-07-04;"terça-feira";"09:40:00";"GO";80;128;"BARRO ALTO";"Ultrapassagem Indevida";"Colisão lateral sentido oposto";"Com Vítimas Feridas";"Pleno dia";"Crescente";"Céu Claro";"Simples";"Aclive;Reta";"Não";5;0;2;0;2;4;2;7;-15,004874;-48,903266;"SPRF-GO";"DEL07-GO";"UOP02-DEL07-GO"
533642;2023-07-04;"terça-feira";"13:25:00";"MG";459;50,8;"SANTA RITA DE CALDAS";"Ultrapassagem Indevida";"Colisão lateral sentido oposto";"Com Vítimas Feridas";"Pleno dia";"Decrescente";"Céu Claro";"Simples";"Curva";"Não";2;0;0;1;1;0;1;2;-22,0729303;-46,2653217;"SPRF-MG";"DEL09-MG";"UOP01-DEL09-MG"
533645;2023-07-04;"terça-feira";"13:00:00";"GO";20;119,7;"FLORES DE GOIAS";"Reação tardia ou ineficiente do condutor";"Colisão traseira";"Com Vítimas Feridas";"Pleno dia";"Crescente";"Céu Claro";"Simples";"Reta";"Não";3;0;1;0;1;3;1;5;-14,873932;-46,835747;"SPRF-DF";"DEL02-DF";"UOP03-DEL02-DF"
533648;2023-07-04;"terça-feira";"14:20:00";"CE";116;16;"ITAITINGA";"Manobra de mudança de faixa";"Colisão lateral mesmo sentido";"Com Vítimas Feridas";"Pleno dia";"Crescente";"Sol";"Dupla";"Reta";"Sim";3;0;0;1;1;1;1;3;-3,88732794;-38,50185439;"SPRF-CE";"DEL01-CE";"UOP02-DEL01-CE"
533649;2023-06-08;"quinta-feira";"06:30:00";"RJ";40;96;"DUQUE DE CAXIAS";"Velocidade Incompatível";"Tombamento";"Com Vítimas Fatais";"Pleno dia";"Decrescente";"Sol";"Dupla";"Curva";"Não";6;1;1;0;3;2;1;7;-22,56876595;-43,27693723;"SPRF-RJ";"DEL01-RJ";"UOP01-DEL01-RJ"