"id";"data_inversa";"dia_semana";"horario";"uf";"br";"km";"municipio";"causa_acidente";"tipo_acidente";"classificacao_acidente";"fase_dia";"sentido_via";"condicao_metereologica";"tipo_pista";"tracado_via";"uso_solo";"pessoas";"mortos";"feridos_leves";"feridos_graves";"ilesos";"ignorados";"feridos";"veiculos";"latitude";"longitude";"regional";"delegacia";"uop"
533651;2023-07-04;"terça-feira";"13:50:00";"MG";381;517,6;"IGARAPE";"Velocidade Incompatível";"Colisão traseira";"Com Vítimas Feridas";"Pleno dia";"Decrescente";"Céu Claro";"Dupla";"Declive;Curva";"Sim";6;0;2;0;3;2;2;6;-20,1083078;-44,3264796;"SPRF-MG";"DEL04-MG";"UOP03-DEL04-MG"
533654;2023-07-04;"terça-feira";"15:00:00";"MG";381;514;"IGARAPE";"Demais falhas mecânicas ou elétricas";"Incêndio";"Sem Vítimas";"Pleno dia";"Decrescente";"Céu Claro";"Simples";"Reta";"Não";2;0;0;0;1;1;0;2;-20,0882552;-44,3122399;"SPRF-MG";"DEL04-MG";"UOP03-DEL04-MG"
533658;2023-07-04;"terça-feira";"15:16:00";"RS";285;331;"CARAZINHO";"Condutor usando celular";"Colisão lateral sentido oposto";"Com Vítimas Feridas";"Pleno dia";"Crescente";"Céu Claro";"Simples";"Curva";"Não";3;0;1;0;1;1;1;3;-28,29013;-52,72047;"SPRF-RS";"DEL08-RS";"UOP03-DEL08-RS"
533666;2023-07-04;"terça-feira";"15:20:00";"ES";259;35,1;"COLATINA";"Condutor Dormindo";"Colisão com objeto";"Com Vítimas Feridas";"Pleno dia";"Decrescente";"Céu Claro";"Simples";"Curva";"Não";2;0;1;0;0;1;1;2;-19,55449975;-40,50035667;"SPRF-ES";"DEL02-ES";"UOP01-DEL02-ES"
533670;2023-06-18;"domingo";"16:00:00";"MT";174;205;"PORTO ESPERIDIAO";"Condutor deixou de manter distância do veículo da frente";"Colisão traseira";"Com Vítimas Feridas";"Pleno dia";"Crescente";"Céu Claro";"Simples";"Reta";"Sim";4;0;0;1;2;2;1;5;-15,6786048;-58,72630257;"SPRF-MT";"DEL04-MT";"UOP01-DEL04-MT"
533678;2023-07-04;"terça-feira";"16:00:00";"GO";60;334;"SANTO ANTONIO DA BARRA";"Manobra de mudança de faixa";"Colisão com objeto";"Sem Vítimas";"Pleno dia";"Decrescente";"Céu Claro";"Dupla";"Ponte;Declive";"Não";1;0;0;0;0;1;0;1;-17,5449;-50,5538;"SPRF-GO";"DEL04-GO";"UOP02-DEL04-GO"
533685;2023-07-04;"terça-feira";"15:50:00";"RJ";116;134;"MAGE";"Mal súbito do condutor";"Eventos atípicos";"Com Vítimas Fatais";"Pleno dia";"Decrescente";"Céu Claro";"Dupla";"Curva";"Sim";1;1;0;0;0;0;0;1;-22,65368834;-43,153534;"SPRF-RJ";"DEL04-RJ";"UOP02-DEL04-RJ"
533686;2023-07-04;"terça-feira";"17:20:00";"ES";101;142,3;"LINHARES";"Condutor deixou de manter distância do veículo da frente";"Colisão traseira";"Com Vítimas Feridas";"Anoitecer";"Crescente";"Céu Claro";"Dupla";"Reta";"Sim";2;0;1;0;1;0;1;2;-19,33458987;-40,06755477;"SPRF-ES";"DEL04-ES";"UOP01-DEL04-ES"
533687;2023-07-04;"terça-feira";"17:00:00";"SC";158;101;"CUNHA PORA";"Ausência de reação do condutor";"Colisão lateral mesmo sentido";"Com Vítimas Feridas";"Pleno dia";"Crescente";"Céu Claro";"Simples";"Reta";"Não";2;0;1;0;1;0;1;2;-26,82020702;-53,18127085;"SPRF-SC";"DEL07-SC";"UOP02-DEL07-SC"
533695;2023-07-04;"terça-feira";"18:40:00";"SE";101;74,8;"LARANJEIRAS";"Falta de acostamento";"Saída de leito carroçável";"Com Vítimas Feridas";"Plena Noite";"Decrescente";"Céu Claro";"Simples";"Curva;Em Obras";"Não";1;0;1;0;0;0;1;1;-10,76513054;-37,1148026;"SPRF-SE";"DEL01-SE";"UOP01-DEL01-SE"
533702;2023-07-04;"terça-feira";"16:45:00";"BA";135;194;"BARREIRAS";"Acessar a via sem observar a presença dos outros veículos";"Colisão transversal";"Com Vítimas Feridas";"Pleno dia";"Crescente";"Nublado";"Simples";"Reta;Declive";"Não";4;0;1;1;1;1;2;3;-12,27346297;-45,02476163;"SPRF-BA";"DEL08-BA";"UOP04-DEL08-BA"
533706;2023-07-04;"terça-feira";"18:20:00";"PB";230;127,3;"CAMPINA GRANDE";"Ausência de reação do condutor";"Colisão traseira";"Com Vítimas Feridas";"Plena Noite";"Decrescente";"Céu Claro";"Dupla";"Curva";"Não";5;0;2;0;2;1;2;2;-7,2602;-35,6965;"SPRF-PB";"DEL02-PB";"UOP01-DEL02-PB"
533710;2023-07-04;"terça-feira";"18:40:00";"MA";316;575;"CAXIAS";"Ingestão de álcool ou de substâncias psicoativas pelo pedestre";"Atropelamento de Pedestre";"Com Vítimas Feridas";"Anoitecer";"Crescente";"Céu Claro";"Simples";"Curva";"Não";2;0;0;1;0;1;1;2;-4,941659;-43,160339;"SPRF-MA";"DEL03-MA";"UOP02-DEL03-MA"
533711;2023-06-24;"sábado";"09:00:00";"RS";386;345;"LAJEADO";"Manobra de mudança de faixa";"Colisão lateral mesmo sentido";"Com Vítimas Feridas";"Pleno dia";"Crescente";"Céu Claro";"Simples";"Reta";"Sim";3;0;1;0;1;1;1;3;-29,443069;-51,984135;"SPRF-RS";"DEL04-RS";"UOP01-DEL04-RS"
533715;2023-07-04;"terça-feira";"15:05:00";"MA";135;118;"MIRANDA DO NORTE";"Ultrapassagem Indevida";"Colisão lateral sentido oposto";"Com Vítimas Fatais";"Pleno dia";"Crescente";"Sol";"Simples";"Reta";"Não";3;2;0;0;1;0;0;2;-3,50268905;-44,54623388;"SPRF-MA";"DEL01-MA";"UOP02-DEL01-MA"
533716;2023-07-04;"terça-feira";"18:10:00";"MG";116;499,9;"INHAPIM";"Acessar a via sem observar a presença dos outros veículos";"Colisão transversal";"Com Vítimas Feridas";"Plena Noite";"Crescente";"Nublado";"Simples";"Reta";"Não";3;0;1;0;1;1;1;3;-19,55247801;-42,12429712;"SPRF-MG";"DEL06-MG";"UOP02-DEL06-MG"
533717;2023-07-04;"terça-feira";"17:45:00";"RS";392;99,4;"MORRO REDONDO";"Problema com o freio";"Tombamento";"Com Vítimas Feridas";"Anoitecer";"Crescente";"Céu Claro";"Simples";"Rotatória";"Não";3;0;1;1;0;1;2;2;-31,54130208;-52,56823006;"SPRF-RS";"DEL07-RS";"UOP01-DEL07-RS"
533728;2023-07-04;"terça-feira";"21:03:00";"SP";116;516;"CAJATI";"Demais falhas mecânicas ou elétricas";"Incêndio";"Sem Vítimas";"Plena Noite";"Crescente";"Nublado";"Múltipla";"Reta";"Não";1;0;0;0;1;0;0;1;-24,87423036;-48,2190838;"SPRF-SP";"DEL05-SP";"UOP02-DEL05-SP"
533732;2023-07-05;"quarta-feira";"00:30:00";"RJ";101;273;"TANGUA";"Entrada inopinada do pedestre";"Atropelamento de Pedestre";"Com Vítimas Fatais";"Plena Noite";"Crescente";"Céu Claro";"Dupla";"Viaduto";"Sim";3;1;0;0;0;2;0;2;-22,7316093;-42,71051285;"SPRF-RJ";"DEL02-RJ";"UOP03-DEL02-RJ"
533738;2023-07-04;"terça-feira";"18:20:00";"SC";116;290,6;"CAPAO ALTO";"Velocidade Incompatível";"Saída de leito carroçável";"Com Vítimas Feridas";"Plena Noite";"Decrescente";"Nublado";"Simples";"Aclive;Reta";"Não";3;0;2;0;0;1;2;2;-28,114358;-50,625197;"SPRF-SC";"DEL05-SC";"UOP02-DEL05-SC"
533739;2023-07-04;"terça-feira";"20:30:00";"GO";153;399,8;"PIRENOPOLIS";"Velocidade Incompatível";"Tombamento";"Sem Vítimas";"Plena Noite";"Crescente";"Céu Claro";"Simples";"Aclive;Reta";"Não";2;0;0;0;0;2;0;2;-16,02478;-49,101807;"SPRF-GO";"DEL02-GO";"UOP02-DEL02-GO"
533741;2023-07-05;"quarta-feira";"04:00:00";"MG";381;447;"SABARA";"Velocidade Incompatível";"Colisão frontal";"Com Vítimas Feridas";"Amanhecer";"Crescente";"Céu Claro";"Simples";"Curva";"Sim";5;0;1;3;1;0;4;2;-19,83447607;-43,85011601;"SPRF-MG";"DEL01-MG";"UOP01-DEL01-MG"
533745;2023-07-05;"quarta-feira";"05:25:00";"MG";153;83,7;"PRATA";"Ausência de reação do condutor";"Colisão com objeto";"Com Vítimas Feridas";"Plena Noite";"Decrescente";"Céu Claro";"Simples";"Reta;Ponte";"Não";3;0;1;1;0;2;2;3;-19,08664;-48,9932;"SPRF-MG";"DEL15-MG";"UOP03-DEL15-MG"
533748;2023-07-05;"quarta-feira";"05:30:00";"PR";277;119;"CAMPO LARGO";"Ausência de reação do condutor";"Colisão traseira";"Com Vítimas Feridas";"Amanhecer";"Decrescente";"Nevoeiro/Neblina";"Dupla";"Aclive;Reta";"Não";4;0;0;1;2;2;1;4;-25,4330687;-49,43430906;"SPRF-PR";"DEL03-PR";"UOP03-DEL03-PR"
533752;2023-07-05;"quarta-feira";"07:21:00";"DF";40;1;"BRASILIA";"Trafegar com motocicleta (ou similar) entre as faixas";"Colisão lateral sentido oposto";"Com Vítimas Feridas";"Pleno dia";"Decrescente";"Céu Claro";"Dupla";"Reta";"Não";3;0;0;1;1;2;1;4;-15,985532;-47,987747;"SPRF-DF";"DEL01-DF";"UOP01-DEL01-DF"
533754;2023-07-05;"quarta-feira";"06:55:00";"TO";153;147;"ARAGUAINA";"Velocidade Incompatível";"Colisão traseira";"Com Vítimas Feridas";"Pleno dia";"Crescente";"Céu Claro";"Múltipla";"Rotatória";"Sim";3;0;1;0;1;1;1;3;-7,22175693;-48,24826214;"SPRF-TO";"DEL02-TO";"UOP01-DEL02-TO"
533766;2023-07-05;"quarta-feira";"07:40:00";"SP";116;504;"CAJATI";"Falta de acostamento";"Saída de leito carroçável";"Com Vítimas Feridas";"Pleno dia";"Crescente";"Céu Claro";"Simples";"Aclive;Reta";"Não";3;0;0;1;1;2;1;3;-24,78266496;-48,20865858;"SPRF-SP";"DEL05-SP";"UOP02-DEL05-SP"
533773;2023-07-05;"quarta-feira";"08:29:00";"TO";153;199;"NOVA OLINDA";"Ultrapassagem Indevida";"Colisão frontal";"Com Vítimas Feridas";"Pleno dia";"Crescente";"Céu Claro";"Simples";"Reta";"Sim";5;0;2;0;2;3;2;6;-7,63927804;-48,42756601;"SPRF-TO";"DEL02-TO";"UOP01-DEL02-TO"
533780;2023-06-01;"quinta-feira";"17:46:00";"PE";232;29;"MORENO";"Avarias e/ou desgaste excessivo no pneu";"Saída de leito carroçável";"Com Vítimas Feridas";"Plena Noite";"Decrescente";"Céu Claro";"Dupla";"Reta";"Não";3;0;3;0;0;0;3;1;-8,111269;-35,143135;"SPRF-PE";"DEL01-PE";"UOP01-DEL01-PE"
533781;2023-07-05;"quarta-feira";"10:25:00";"RN";304;69,5;"MOSSORO";"Demais falhas mecânicas ou elétricas";"Engavetamento";"Sem Vítimas";"Pleno dia";"Decrescente";"Céu Claro";"Simples";"Reta";"Não";3;0;0;0;3;0;0;3;-5,3941491;-37,22978817;"SPRF-RN";"DEL04-RN";"UOP01-DEL04-RN"
533783;2023-07-05;"quarta-feira";"08:42:00";"PR";163;211,5;"CASCAVEL";"Ultrapassagem Indevida";"Colisão lateral sentido oposto";"Com Vítimas Feridas";"Pleno dia";"Crescente";"Céu Claro";"Simples";"Reta;Ponte;Em Obras";"Não";5;0;0;1;3;6;1;10;-24,90089828;-53,53463888;"SPRF-PR";"DEL05-PR";"UOP05-DEL05-PR"
533790;2023-07-05;"quarta-feira";"11:14:00";"DF";251;35,4;"BRASILIA";"Acessar a via sem observar a presença dos outros veículos";"Colisão transversal";"Com Vítimas Fatais";"Pleno dia";"Decrescente";"Céu Claro";"Simples";"Declive;Reta";"Não";4;1;0;0;3;0;0;2;-15,940731;-47,770015;"SPRF-DF";"DEL01-DF";"UOP01-DEL01-DF"
533799;2023-07-05;"quarta-feira";"11:25:00";"GO";153;184;"CAMPINORTE";"Ingestão de álcool e/ou substâncias psicoativas pelo pedestre";"Eventos atípicos";"Com Vítimas Feridas";"Pleno dia";"Crescente";"Céu Claro";"Simples";"Declive;Reta";"Não";3;0;1;0;1;1;1;3;-14,377925;-49,15807;"SPRF-GO";"DEL07-GO";"UOP02-DEL07-GO"
533803;2023-07-05;"quarta-feira";"11:55:00";"MG";381;483,4;"BETIM";"Reação tardia ou ineficiente do condutor";"Tombamento";"Com Vítimas Fatais";"Pleno dia";"Crescente";"Sol";"Múltipla";"Curva;Declive";"Sim";4;1;0;0;1;2;0;4;-19,95963461;-44,08246994;"SPRF-MG";"DEL01-MG";"UOP03-DEL01-MG"
533806;2023-07-05;"quarta-feira";"12:00:00";"PB";230;237,7;"JUAZEIRINHO";"Reação tardia ou ineficiente do condutor";"Tombamento";"Com Vítimas Feridas";"Pleno dia";"Crescente";"Céu Claro";"Simples";"Curva";"Não";1;0;1;0;0;0;1;1;-7,05319367;-36,54911041;"SPRF-PB";"DEL02-PB";"UOP02-DEL02-PB"
533814;2023-07-05;"quarta-feira";"09:30:00";"BA";101;274;"SAO MIGUEL DAS MATAS";"Ultrapassagem Indevida";"Colisão frontal";"Com Vítimas Feridas";"Pleno dia";"Crescente";"Céu Claro";"Simples";"Curva;Aclive";"Não";6;0;1;0;4;1;1;5;-13,0597365;-39,27973866;"SPRF-BA";"DEL01-BA";"UOP02-DEL01-BA"
533823;2023-07-05;"quarta-feira";"13:35:00";"MS";262;16;"TRES LAGOAS";"Demais falhas mecânicas ou elétricas";"Colisão com objeto";"Com Vítimas Fatais";"Pleno dia";"Decrescente";"Céu Claro";"Simples";"Reta";"Não";13;1;5;0;6;3;5;5;-20,81325288;-51,73650801;"SPRF-MS";"DEL07-MS";"UOP01-DEL07-MS"
533829;2023-07-05;"quarta-feira";"14:00:00";"CE";116;75;"CHOROZINHO";"Ausência de reação do condutor";"Colisão lateral sentido oposto";"Com Vítimas Feridas";"Pleno dia";"Decrescente";"Céu Claro";"Simples";"Reta";"Não";3;0;1;0;1;1;1;3;-4,36132783;-38,45616581;"SPRF-CE";"DEL03-CE";"UOP02-DEL03-CE"
533831;2023-07-03;"segunda-feira";"15:00:00";"BA";324;514;"FEIRA DE SANTANA";"Reação tardia ou ineficiente do condutor";"Colisão traseira";"Com Vítimas Feridas";"Pleno dia";"Crescente";"Céu Claro";"Simples";"Declive";"Sim";3;0;1;0;2;0;1;2;-12,23229233;-38,95215305;"SPRF-BA";"DEL02-BA";"UOP01-DEL02-BA"
533835;2023-07-05;"quarta-feira";"15:10:00";"RS";290;102,9;"PORTO ALEGRE";"Condutor Dormindo";"Colisão com objeto";"Com Vítimas Feridas";"Pleno dia";"Crescente";"Céu Claro";"Dupla";"Ponte;Reta";"Sim";1;0;1;0;0;0;1;1;-29,987228;-51,25613;"SPRF-RS";"DEL01-RS";"UOP01-DEL01-RS"
533837;2023-07-05;"quarta-feira";"12:40:00";"SC";101;113;"ITAJAI";"Velocidade Incompatível";"Engavetamento";"Com Vítimas Feridas";"Pleno dia";"Crescente";"Céu Claro";"Dupla";"Reta";"Não";8;0;1;0;6;1;1;7;-26,85311393;-48,72689927;"SPRF-SC";"DEL04-SC";"UOP04-DEL04-SC"
533846;2023-07-05;"quarta-feira";"16:35:00";"GO";153;526,9;"HIDROLANDIA";"Transitar no Acostamento";"Colisão traseira";"Com Vítimas Feridas";"Pleno dia";"Decrescente";"Céu Claro";"Dupla";"Aclive;Reta";"Não";4;0;0;1;2;1;1;4;-16,9376;-49,2532;"SPRF-GO";"DEL01-GO";"UOP03-DEL01-GO"
533848;2023-07-05;"quarta-feira";"16:00:00";"PR";116;28,1;"CAMPINA GRANDE DO SUL";"Ausência de reação do condutor";"Colisão com objeto";"Com Vítimas Fatais";"Pleno dia";"Decrescente";"Céu Claro";"Dupla";"Curva";"Não";3;1;0;0;0;2;0;3;-25,11027719;-48,79684925;"SPRF-PR";"DEL01-PR";"UOP02-DEL01-PR"
533852;2023-07-05;"quarta-feira";"15:40:00";"MG";40;44;"PARACATU";"Acessar a via sem observar a presença dos outros veículos";"Colisão transversal";"Com Vítimas Fatais";"Pleno dia";"Crescente";"Céu Claro";"Simples";"Interseção de Vias";"Sim";3;1;0;0;1;2;0;4;-17,23101648;-46,85390396;"SPRF-MG";"DEL14-MG";"UOP01-DEL14-MG"
533856;2023-07-05;"quarta-feira";"17:00:00";"BA";101;895,8;"CARAVELAS";"Velocidade Incompatível";"Colisão frontal";"Com Vítimas Fatais";"Anoitecer";"Crescente";"Nublado";"Simples";"Curva";"Não";3;1;0;0;1;1;0;3;-17,69213078;-39,77457762;"SPRF-BA";"DEL09-BA";"UOP02-DEL09-BA"
533869;2023-07-05;"quarta-feira";"17:40:00";"ES";262;104;"VENDA NOVA DO IMIGRANTE";"Acessar a via sem observar a presença dos outros veículos";"Colisão transversal";"Sem Vítimas";"Anoitecer";"Crescente";"Nublado";"Dupla";"Interseção de Vias;Desvio Temporário";"Sim";2;0;0;0;2;0;0;2;-20,33302593;-41,12931881;"SPRF-ES";"DEL01-ES";"UOP02-DEL01-ES"
533884;2023-07-05;"quarta-feira";"12:20:00";"PE";101;82;"JABOATAO DOS GUARARAPES";"Manobra de mudança de faixa";"Colisão lateral mesmo sentido";"Sem Vítimas";"Pleno dia";"Decrescente";"Nublado";"Dupla";"Reta";"Sim";2;0;0;0;1;1;0;2;-8,168383;-34,9376;"SPRF-PE";"DEL01-PE";"UOP01-DEL01-PE"
533895;2023-07-05;"quarta-feira";"20:20:00";"GO";60;37,5;"GOIANIA";"Desrespeitar a preferência no cruzamento";"Colisão lateral mesmo sentido";"Com Vítimas Feridas";"Plena Noite";"Decrescente";"Céu Claro";"Simples";"Curva";"Sim";2;0;1;0;1;0;1;2;-16,6777;-49,2676;"SPRF-GO";"DEL01-GO";"UOP02-DEL01-GO"
533897;2023-07-05;"quarta-feira";"19:25:00";"MG";365;590,1;"INDIANOPOLIS";"Reação tardia ou ineficiente do condutor";"Capotamento";"Sem Vítimas";"Plena Noite";"Decrescente";"Céu Claro";"Dupla";"Aclive;Reta";"Não";2;0;0;0;1;1;0;2;-18,872952;-48,026667;"SPRF-MG";"DEL15-MG";"UOP02-DEL15-MG"
533898;2023-07-05;"quarta-feira";"18:00:00";"PI";316;272,9;"DOM EXPEDITO LOPES";"Conversão proibida";"Colisão transversal";"Com Vítimas Feridas";"Anoitecer";"Decrescente";"Céu Claro";"Simples";"Curva";"Não";2;0;0;1;0;1;1;2;-6,93433826;-41,74457258;"SPRF-PI";"DEL04-PI";"UOP01-DEL04-PI"
533907;2023-07-05;"quarta-feira";"13:10:00";"GO";153;274;"NOVA GLORIA";"Reação tardia ou ineficiente do condutor";"Colisão traseira";"Com Vítimas Feridas";"Pleno dia";"Crescente";"Sol";"Simples";"Reta;Aclive;Em Obras";"Não";3;0;2;0;1;0;2;2;-15,099608;-49,47702;"SPRF-GO";"DEL07-GO";"UOP02-DEL07-GO"
533911;2023-07-05;"quarta-feira";"17:54:00";"MA";222;251;"MIRANDA DO NORTE";"Reação tardia ou ineficiente do condutor";"Colisão frontal";"Com Vítimas Fatais";"Plena Noite";"Crescente";"Céu Claro";"Simples";"Reta";"Não";3;1;0;0;1;1;0;2;-3,57696;-44,616462;"SPRF-MA";"DEL01-MA";"UOP02-DEL01-MA"
533913;2023-07-05;"quarta-feira";"19:35:00";"MG";381;522,5;"BRUMADINHO";"Velocidade Incompatível";"Colisão com objeto";"Com Vítimas Feridas";"Plena Noite";"Crescente";"Céu Claro";"Dupla";"Curva";"Não";2;0;1;0;0;12;1;13;-20,14551016;-44,32277183;"SPRF-MG";"DEL04-MG";"UOP03-DEL04-MG"
533917;2023-07-05;"quarta-feira";"21:15:00";"SC";470;47,4;"BLUMENAU";"Retorno proibido";"Colisão transversal";"Com Vítimas Feridas";"Plena Noite";"Decrescente";"Céu Claro";"Múltipla";"Em Obras;Declive;Interseção de Vias;Reta";"Sim";4;0;2;0;1;2;2;4;-26,86261065;-49,04987812;"SPRF-SC";"DEL04-SC";"UOP01-DEL04-SC"
533923;2023-07-05;"quarta-feira";"21:00:00";"RS";448;3;"ESTEIO";"Condutor usando celular";"Colisão lateral mesmo sentido";"Com Vítimas Feridas";"Plena Noite";"Decrescente";"Nublado";"Dupla";"Reta";"Não";3;0;1;0;2;0;1;2;-29,846483;-51,206802;"SPRF-RS";"DEL01-RS";"UOP02-DEL01-RS"
533924;2023-07-05;"quarta-feira";"21:55:00";"GO";40;6,5;"VALPARAISO DE GOIAS";"Pedestre cruzava a pista fora da faixa";"Atropelamento de Pedestre";"Com Vítimas Feridas";"Plena Noite";"Decrescente";"Céu Claro";"Dupla";"Reta";"Sim";3;0;0;1;1;1;1;3;-16,10625507;-47,97388852;"SPRF-DF";"DEL01-DF";"UOP01-DEL01-DF"
533925;2023-07-05;"quarta-feira";"22:15:00";"PR";376;665,8;"GUARATUBA";"Demais falhas mecânicas ou elétricas";"Incêndio";"Sem Vítimas";"Plena Noite";"Decrescente";"Ignorado";"Simples";"Reta";"Não";1;0;0;0;1;0;0;1;-25,85455838;-48,95670808;"SPRF-PR";"DEL01-PR";"UOP04-DEL01-PR"
533927;2023-07-05;"quarta-feira";"22:30:00";"SC";101;270,9;"IMBITUBA";"Pedestre andava na pista";"Atropelamento de Pedestre";"Com Vítimas Fatais";"Plena Noite";"Crescente";"Céu Claro";"Múltipla";"Reta";"Não";5;1;0;0;2;2;0;5;-28,11392836;-48,70107293;"SPRF-SC";"DEL02-SC";"UOP03-DEL02-SC"
533931;2023-07-05;"quarta-feira";"20:50:00";"MG";116;328,1;"CAMPANARIO";"Demais falhas mecânicas ou elétricas";"Incêndio";"Sem Vítimas";"Plena Noite";"Crescente";"Céu Claro";"Simples";"Reta";"Não";2;0;0;0;2;0;0;1;-18,22394402;-41,71822293;"SPRF-MG";"DEL11-MG";"UOP01-DEL11-MG"
533933;2023-07-05;"quarta-feira";"22:50:00";"PE";232;11;"JABOATAO DOS GUARARAPES";"Deficiência do Sistema de Iluminação/Sinalização";"Colisão lateral mesmo sentido";"Com Vítimas Feridas";"Plena Noite";"Decrescente";"Garoa/Chuvisco";"Dupla";"Desvio Temporário";"Sim";2;0;0;1;1;0;1;2;-8,08195464;-34,99545022;"SPRF-PE";"DEL01-PE";"UOP01-DEL01-PE"
533934;2023-07-05;"quarta-feira";"23:30:00";"SE";101;77;"LARANJEIRAS";"Reação tardia ou ineficiente do condutor";"Saída de leito carroçável";"Sem Vítimas";"Plena Noite";"Decrescente";"Nublado";"Dupla";"Rotatória";"Sim";1;0;0;0;0;1;0;1;-10,77959829;-37,13956654;"SPRF-SE";"DEL01-SE";"UOP01-DEL01-SE"
533935;2023-07-05;"quarta-feira";"23:20:00";"PB";230;135,7;"CAMPINA GRANDE";"Reação tardia ou ineficiente do condutor";"Tombamento";"Com Vítimas Feridas";"Plena Noite";"Crescente";"Nublado";"Dupla";"Curva";"Não";2;0;0;1;0;1;1;2;-7,2789;-35,7591;"SPRF-PB";"DEL02-PB";"UOP01-DEL02-PB"
533940;2023-07-05;"quarta-feira";"20:40:00";"PR";277;312,7;"GUARAPUAVA";"Transitar na contramão";"Colisão lateral sentido oposto";"Sem Vítimas";"Plena Noite";"Decrescente";"Céu Claro";"Simples";"Reta";"Não";4;0;0;0;1;3;0;4;-25,337303;-51,215817;"SPRF-PR";"DEL08-PR";"UOP01-DEL08-PR"
533945;2023-07-06;"quinta-feira";"02:30:00";"RJ";116;233;"PIRAI";"Mal súbito do condutor";"Colisão traseira";"Com Vítimas Feridas";"Plena Noite";"Crescente";"Céu Claro";"Simples";"Aclive;Reta";"Não";3;0;1;0;1;1;1;3;-22,66355363;-43,84062168;"SPRF-RJ";"DEL07-RJ";"UOP01-DEL07-RJ"
533947;2023-07-06;"quinta-feira";"02:00:00";"MG";381;368;"SAO GONCALO DO RIO ABAIXO";"Ingestão de álcool pelo condutor";"Colisão lateral sentido oposto";"Sem Vítimas";"Plena Noite";"Crescente";"Nublado";"Dupla";"Curva";"Não";3;0;0;0;2;1;0;3;-19,85072732;-43,28377384;"SPRF-MG";"DEL03-MG";"UOP01-DEL03-MG"
533948;2023-07-06;"quinta-feira";"03:00:00";"BA";116;407;"FEIRA DE SANTANA";"Ausência de reação do condutor";"Colisão traseira";"Com Vítimas Feridas";"Plena Noite";"Decrescente";"Céu Claro";"Dupla";"Reta";"Não";2;0;1;0;1;0;1;2;-12,090345;-38,969154;"SPRF-BA";"DEL02-BA";"UOP01-DEL02-BA"
533949;2023-07-06;"quinta-feira";"03:55:00";"SC";101;232;"PALHOCA";"Ausência de reação do condutor";"Colisão com objeto";"Sem Vítimas";"Plena Noite";"Crescente";"Céu Claro";"Dupla";"Curva;Declive;Em Obras";"Não";1;0;0;0;1;0;0;1;-27,795666;-48,638153;"SPRF-SC";"DEL01-SC";"UOP02-DEL01-SC"
533951;2023-07-06;"quinta-feira";"05:20:00";"SP";116;24,9;"LAVRINHAS";"Entrada inopinada do pedestre";"Atropelamento de Pedestre";"Com Vítimas Fatais";"Plena Noite";"Decrescente";"Céu Claro";"Múltipla";"Reta";"Não";2;1;0;0;0;1;0;2;-22,59895814;-44,88797962;"SPRF-SP";"DEL08-SP";"UOP02-DEL08-SP"
533952;2023-07-06;"quinta-feira";"05:20:00";"ES";101;427,9;"ATILIO VIVACQUA";"Condutor Dormindo";"Saída de leito carroçável";"Com Vítimas Feridas";"Amanhecer";"Decrescente";"Céu Claro";"Simples";"Reta";"Não";3;0;1;0;2;0;1;1;-21,01779485;-41,14995718;"SPRF-ES";"DEL03-ES";"UOP02-DEL03-ES"
533955;2023-07-06;"quinta-feira";"06:50:00";"RJ";40;91;"PETROPOLIS";"Ausência de reação do condutor";"Tombamento";"Com Vítimas Feridas";"Amanhecer";"Crescente";"Céu Claro";"Simples";"Curva;Declive";"Sim";2;0;1;0;1;0;1;1;-22,54903566;-43,24229724;"SPRF-RJ";"DEL06-RJ";"UOP01-DEL06-RJ"
533963;2023-07-06;"quinta-feira";"06:40:00";"RS";116;235;"ESTANCIA VELHA";"Acessar a via sem observar a presença dos outros veículos";"Colisão transversal";"Com Vítimas Fatais";"Amanhecer";"Crescente";"Céu Claro";"Múltipla";"Interseção de Vias;Reta";"Sim";2;1;0;0;1;0;0;2;-29,65743813;-51,14431381;"SPRF-RS";"DEL01-RS";"UOP02-DEL01-RS"
533964;2023-07-06;"quinta-feira";"06:45:00";"SP";116;396;"MIRACATU";"Condutor Dormindo";"Tombamento";"Com Vítimas Feridas";"Pleno dia";"Crescente";"Céu Claro";"Múltipla";"Reta";"Não";2;0;1;0;0;1;1;2;-24,29194738;-47,46959192;"SPRF-SP";"DEL04-SP";"UOP02-DEL04-SP"
533974;2023-07-06;"quinta-feira";"07:40:00";"SC";101;154;"PORTO BELO";"Ausência de sinalização";"Colisão traseira";"Com Vítimas Feridas";"Pleno dia";"Decrescente";"Céu Claro";"Múltipla";"Reta";"Sim";3;0;0;1;2;0;1;2;-27,153819;-48,61086393;"SPRF-SC";"DEL04-SC";"UOP03-DEL04-SC"
533975;2023-07-06;"quinta-feira";"08:00:00";"RJ";116;144;"DUQUE DE CAXIAS";"Ausência de reação do condutor";"Colisão lateral sentido oposto";"Com Vítimas Feridas";"Pleno dia";"Crescente";"Céu Claro";"Dupla";"Reta";"Não";2;0;1;0;1;0;1;2;-22,65737709;-43,24724694;"SPRF-RJ";"DEL01-RJ";"UOP01-DEL01-RJ"
533976;2023-07-06;"quinta-feira";"06:15:00";"BA";116;736;"BOA NOVA";"Velocidade Incompatível";"Tombamento";"Com Vítimas Feridas";"Pleno dia";"Decrescente";"Céu Claro";"Simples";"Curva";"Não";2;0;1;0;1;0;1;1;-14,32130297;-40,32617043;"SPRF-BA";"DEL08-BA";"UOP02-DEL08-BA"
533977;2023-07-06;"quinta-feira";"06:20:00";"GO";20;199,4;"POSSE";"Condutor Dormindo";"Colisão frontal";"Com Vítimas Feridas";"Amanhecer";"Crescente";"Céu Claro";"Dupla";"Curva;Aclive";"Não";4;0;1;0;2;4;1;7;-14,322757;-46,443226;"SPRF-DF";"DEL02-DF";"UOP03-DEL02-DF"