"id";"data_inversa";"dia_semana";"horario";"uf";"br";"km";"municipio";"causa_acidente";"tipo_acidente";"classificacao_acidente";"fase_dia";"sentido_via";"condicao_metereologica";"tipo_pista";"tracado_via";"uso_solo";"pessoas";"mortos";"feridos_leves";"feridos_graves";"ilesos";"ignorados";"feridos";"veiculos";"latitude";"longitude";"regional";"delegacia";"uop"
534242;2023-07-07;"sexta-feira";"08:00:00";"RJ";493;11;"GUAPIMIRIM";"Reação tardia ou ineficiente do condutor";"Colisão traseira";"Com Vítimas Feridas";"Pleno dia";"Crescente";"Sol";"Simples";"Reta;Em Obras";"Não";5;0;3;0;2;0;3;3;-22,68668536;-42,95909846;"SPRF-RJ";"DEL04-RJ";"UOP02-DEL04-RJ"
534246;2023-07-07;"sexta-feira";"13:30:00";"MG";381;481,1;"BETIM";"Ausência de reação do condutor";"Colisão traseira";"Com Vítimas Feridas";"Pleno dia";"Crescente";"Céu Claro";"Múltipla";"Reta";"Sim";3;0;1;0;2;0;1;3;-19,95931561;-44,08825597;"SPRF-MG";"DEL01-MG";"UOP03-DEL01-MG"
534253;2023-07-07;"sexta-feira";"13:50:00";"PR";277;12,9;"PARANAGUA";"Condutor deixou de manter distância do veículo da frente";"Colisão traseira";"Sem Vítimas";"Pleno dia";"Crescente";"Céu Claro";"Dupla";"Reta";"Não";3;0;0;0;2;1;0;3;-25,568198;-48,615292;"SPRF-PR";"DEL01-PR";"UOP05-DEL01-PR"
534261;2023-07-06;"quinta-feira";"22:40:00";"MG";365;623;"UBERLANDIA";"Pedestre andava na pista";"Atropelamento de Pedestre";"Com Vítimas Feridas";"Plena Noite";"Crescente";"Céu Claro";"Dupla";"Reta";"Sim";2;0;0;1;0;1;1;2;-18,90751667;-48,29937209;"SPRF-MG";"DEL15-MG";"UOP01-DEL15-MG"
534265;2023-06-21;"quarta-feira";"21:00:00";"ES";259;38;"COLATINA";"Reação tardia ou ineficiente do condutor";"Capotamento";"Com Vítimas Feridas";"Plena Noite";"Crescente";"Céu Claro";"Simples";"Declive;Reta";"Não";3;0;1;0;1;3;1;5;-19,55880276;-40,52027201;"SPRF-ES";"DEL02-ES";"UOP01-DEL02-ES"
534275;2023-07-07;"sexta-feira";"15:50:00";"MG";40;517;"RIBEIRAO DAS NEVES";"Transitar no Acostamento";"Colisão traseira";"Com Vítimas Feridas";"Pleno dia";"Crescente";"Céu Claro";"Dupla";"Reta";"Sim";3;0;0;1;1;1;1;3;-19,82351202;-44,08438913;"SPRF-MG";"DEL01-MG";"UOP02-DEL01-MG"
534281;2023-07-07;"sexta-feira";"17:30:00";"ES";101;224,3;"IBIRACU";"Reação tardia ou ineficiente do condutor";"Engavetamento";"Com Vítimas Feridas";"Anoitecer";"Crescente";"Céu Claro";"Simples";"Reta";"Não";7;0;3;0;3;2;3;6;-19,88448281;-40,41556146;"SPRF-ES";"DEL02-ES";"UOP01-DEL02-ES"
534305;2023-07-07;"sexta-feira";"19:15:00";"GO";60;99,5;"ANAPOLIS";"Manobra de mudança de faixa";"Colisão lateral mesmo sentido";"Com Vítimas Feridas";"Plena Noite";"Crescente";"Céu Claro";"Dupla";"Rotatória";"Sim";2;0;1;0;1;0;1;2;-16,3924;-48,9588;"SPRF-GO";"DEL02-GO";"UOP01-DEL02-GO"
534307;2023-07-07;"sexta-feira";"17:40:00";"PE";316;75;"OURICURI";"Falta de acostamento";"Queda de ocupante de veículo";"Com Vítimas Feridas";"Anoitecer";"Crescente";"Nublado";"Simples";"Ponte;Reta";"Não";2;0;1;0;0;1;1;2;-7,83384491;-40,14394393;"SPRF-PE";"DEL05-PE";"UOP02-DEL05-PE"
534315;2023-07-07;"sexta-feira";"18:50:00";"RS";158;149,8;"PANAMBI";"Condutor deixou de manter distância do veículo da frente";"Colisão traseira";"Com Vítimas Feridas";"Plena Noite";"Crescente";"Chuva";"Simples";"Interseção de Vias;Rotatória";"Sim";4;0;1;0;2;1;1;3;-28,27817115;-53,48649323;"SPRF-RS";"DEL10-RS";"UOP02-DEL10-RS"
534318;2023-05-20;"sábado";"18:15:00";"PR";376;309,6;"ORTIGUEIRA";"Reação tardia ou ineficiente do condutor";"Engavetamento";"Sem Vítimas";"Anoitecer";"Decrescente";"Céu Claro";"Dupla";"Declive;Reta";"Não";16;0;0;0;15;6;0;14;-23,96081995;-51,11423677;"SPRF-PR";"DEL07-PR";"UOP02-DEL07-PR"
534321;2023-07-07;"sexta-feira";"18:50:00";"MG";381;489;"BETIM";"Reação tardia ou ineficiente do condutor";"Colisão traseira";"Com Vítimas Feridas";"Plena Noite";"Decrescente";"Céu Claro";"Dupla";"Aclive;Reta";"Sim";4;0;1;0;2;1;1;3;-19,96245618;-44,16455495;"SPRF-MG";"DEL01-MG";"UOP03-DEL01-MG"
534322;2023-07-07;"sexta-feira";"17:35:00";"PR";376;343,9;"ORTIGUEIRA";"Manobra de mudança de faixa";"Colisão lateral mesmo sentido";"Com Vítimas Feridas";"Plena Noite";"Decrescente";"Céu Claro";"Simples";"Aclive;Curva";"Não";6;0;2;0;3;4;2;7;-24,2017732;-50,94742728;"SPRF-PR";"DEL07-PR";"UOP02-DEL07-PR"
534325;2023-07-07;"sexta-feira";"19:20:00";"SC";282;531,2;"CORDILHEIRA ALTA";"Manobra de mudança de faixa";"Colisão lateral mesmo sentido";"Sem Vítimas";"Plena Noite";"Crescente";"Céu Claro";"Simples";"Curva";"Não";3;0;0;0;3;0;0;2;-26,990747;-52,609776;"SPRF-SC";"DEL07-SC";"UOP01-DEL07-SC"
534326;2023-07-07;"sexta-feira";"17:10:00";"GO";40;98;"CRISTALINA";"Frear bruscamente";"Saída de leito carroçável";"Com Vítimas Feridas";"Pleno dia";"Crescente";"Céu Claro";"Simples";"Aclive";"Não";2;0;1;0;0;3;1;4;-16,771633;-47,589856;"SPRF-DF";"DEL01-DF";"UOP02-DEL01-DF"
534327;2023-07-07;"sexta-feira";"20:30:00";"MG";50;45;"ARAGUARI";"Ingestão de álcool pelo condutor";"Saída de leito carroçável";"Com Vítimas Feridas";"Plena Noite";"Crescente";"Céu Claro";"Dupla";"Declive;Reta";"Não";2;0;1;0;0;2;1;3;-18,70561658;-48,19108255;"SPRF-MG";"DEL15-MG";"UOP02-DEL15-MG"
534332;2023-07-07;"sexta-feira";"11:00:00";"PE";104;1;"TAQUARITINGA DO NORTE";"Chuva";"Colisão transversal";"Com Vítimas Feridas";"Pleno dia";"Crescente";"Chuva";"Simples";"Curva";"Não";1;0;1;0;0;0;1;1;-7,792624;-36,101326;"SPRF-PE";"DEL02-PE";"UOP01-DEL02-PE"
534339;2023-07-07;"sexta-feira";"19:20:00";"MT";364;203;"RONDONOPOLIS";"Ausência de reação do condutor";"Colisão traseira";"Com Vítimas Feridas";"Plena Noite";"Crescente";"Céu Claro";"Dupla";"Aclive;Reta";"Sim";3;0;1;0;1;3;1;5;-16,47555256;-54,65344724;"SPRF-MT";"DEL02-MT";"UOP01-DEL02-MT"
534340;2023-07-07;"sexta-feira";"20:30:00";"CE";222;198;"FORQUILHA";"Condutor Dormindo";"Colisão lateral sentido oposto";"Com Vítimas Fatais";"Plena Noite";"Crescente";"Céu Claro";"Simples";"Curva;Declive";"Não";2;1;0;0;1;0;0;2;-3,80233599;-40,191586;"SPRF-CE";"DEL04-CE";"UOP01-DEL04-CE"
534341;2023-07-07;"sexta-feira";"11:30:00";"BA";101;560;"ARATACA";"Falta de elemento de contenção que evite a saída do leito carroçável";"Saída de leito carroçável";"Sem Vítimas";"Pleno dia";"Crescente";"Céu Claro";"Simples";"Reta";"Não";2;0;0;0;1;1;0;2;-15,198669;-39,442703;"SPRF-BA";"DEL05-BA";"UOP02-DEL05-BA"
534344;2023-07-07;"sexta-feira";"20:00:00";"BA";407;0,2;"JUAZEIRO";"Ingestão de álcool pelo condutor";"Colisão frontal";"Sem Vítimas";"Plena Noite";"Crescente";"Céu Claro";"Simples";"Reta";"Sim";2;0;0;0;2;0;0;2;-9,41274873;-40,50591588;"SPRF-PE";"DEL06-PE";"UOP01-DEL06-PE"
534348;2023-07-07;"sexta-feira";"15:55:00";"SC";116;69,1;"MONTE CASTELO";"Reação tardia ou ineficiente do condutor";"Colisão transversal";"Com Vítimas Feridas";"Pleno dia";"Decrescente";"Céu Claro";"Simples";"Rotatória";"Sim";5;0;3;0;2;0;3;2;-26,46068041;-50,22865534;"SPRF-SC";"DEL06-SC";"UOP02-DEL06-SC"
534353;2023-07-07;"sexta-feira";"21:45:00";"BA";116;674;"JEQUIE";"Reação tardia ou ineficiente do condutor";"Colisão lateral sentido oposto";"Sem Vítimas";"Plena Noite";"Crescente";"Céu Claro";"Simples";"Reta";"Sim";3;0;0;0;2;1;0;3;-13,81715;-40,11209098;"SPRF-BA";"DEL03-BA";"UOP01-DEL03-BA"
534357;2023-07-07;"sexta-feira";"19:00:00";"PI";316;309;"PICOS";"Ingestão de álcool pelo condutor";"Colisão transversal";"Sem Vítimas";"Plena Noite";"Crescente";"Céu Claro";"Simples";"Rotatória;Reta";"Sim";2;0;0;0;2;0;0;2;-7,08150845;-41,43397928;"SPRF-PI";"DEL04-PI";"UOP01-DEL04-PI"
534374;2023-07-07;"sexta-feira";"18:12:00";"MG";262;43,3;"MANHUACU";"Demais falhas mecânicas ou elétricas";"Eventos atípicos";"Com Vítimas Feridas";"Plena Noite";"Decrescente";"Céu Claro";"Simples";"Curva";"Não";3;0;1;0;1;1;1;3;-20,26409492;-42,07800593;"SPRF-MG";"DEL06-MG";"UOP03-DEL06-MG"
534377;2023-07-08;"sábado";"00:40:00";"SP";116;199;"ARUJA";"Reação tardia ou ineficiente do condutor";"Colisão com objeto";"Sem Vítimas";"Plena Noite";"Crescente";"Céu Claro";"Dupla";"Reta";"Sim";3;0;0;0;2;1;0;3;-23,40217413;-46,31418586;"SPRF-SP";"DEL01-SP";"UOP01-DEL01-SP"
534384;2023-07-08;"sábado";"00:40:00";"SC";470;212,2;"SAO CRISTOVAO DO SUL";"Velocidade Incompatível";"Saída de leito carroçável";"Sem Vítimas";"Plena Noite";"Decrescente";"Chuva";"Simples";"Reta";"Não";1;0;0;0;0;1;0;1;-27,309645;-50,237347;"SPRF-SC";"DEL05-SC";"UOP03-DEL05-SC"
534390;2023-07-08;"sábado";"03:00:00";"MG";381;937,1;"EXTREMA";"Velocidade Incompatível";"Tombamento";"Com Vítimas Feridas";"Plena Noite";"Decrescente";"Céu Claro";"Dupla";"Curva";"Não";2;0;0;1;0;1;1;2;-22,81247535;-46,28453135;"SPRF-MG";"DEL16-MG";"UOP03-DEL16-MG"
534395;2023-07-08;"sábado";"03:00:00";"MS";163;687,3;"RIO VERDE DE MATO GROSSO";"Pedestre andava na pista";"Atropelamento de Pedestre";"Com Vítimas Fatais";"Plena Noite";"Crescente";"Céu Claro";"Simples";"Reta";"Não";2;1;0;0;0;1;0;2;-18,86803903;-54,82781994;"SPRF-MS";"DEL06-MS";"UOP01-DEL06-MS"
534401;2023-07-08;"sábado";"05:00:00";"BA";110;7;"PAULO AFONSO";"Animais na Pista";"Saída de leito carroçável";"Com Vítimas Feridas";"Amanhecer";"Decrescente";"Garoa/Chuvisco";"Simples";"Reta";"Não";2;0;1;0;0;1;1;2;-9,51447403;-38,21809076;"SPRF-BA";"DEL07-BA";"UOP01-DEL07-BA"
534411;2023-07-08;"sábado";"06:30:00";"RS";448;8;"CANOAS";"Reação tardia ou ineficiente do condutor";"Saída de leito carroçável";"Com Vítimas Feridas";"Amanhecer";"Crescente";"Nublado";"Dupla";"Reta";"Não";3;0;1;0;1;1;1;2;-29,889404;-51,240623;"SPRF-RS";"DEL01-RS";"UOP02-DEL01-RS"
534412;2023-07-08;"sábado";"03:00:00";"MT";163;97,5;"RONDONOPOLIS";"Condutor Dormindo";"Saída de leito carroçável";"Com Vítimas Feridas";"Plena Noite";"Decrescente";"Céu Claro";"Dupla";"Reta";"Não";2;0;1;0;0;3;1;4;-16,68462981;-54,66875067;"SPRF-MT";"DEL02-MT";"UOP03-DEL02-MT"
534413;2023-07-08;"sábado";"06:10:00";"BA";116;916;"ENCRUZILHADA";"Ultrapassagem Indevida";"Colisão lateral mesmo sentido";"Com Vítimas Feridas";"Amanhecer";"Crescente";"Céu Claro";"Simples";"Reta";"Não";4;0;1;0;1;2;1;3;-15,557931;-41,263431;"SPRF-BA";"DEL08-BA";"UOP03-DEL08-BA"
534417;2023-07-08;"sábado";"06:40:00";"GO";60;66,1;"ABADIANIA";"Condutor Dormindo";"Saída de leito carroçável";"Com Vítimas Fatais";"Amanhecer";"Crescente";"Céu Claro";"Dupla";"Reta";"Não";2;2;0;0;0;0;0;1;-16,2138;-48,7457;"SPRF-GO";"DEL02-GO";"UOP01-DEL02-GO"
534418;2023-07-08;"sábado";"06:40:00";"MG";153;0,1;"ARAPORA";"Transitar na contramão";"Colisão frontal";"Com Vítimas Feridas";"Amanhecer";"Decrescente";"Nublado";"Simples";"Reta;Ponte";"Sim";5;0;1;2;0;2;3;4;-18,41758;-49,194427;"SPRF-MG";"DEL15-MG";"UOP03-DEL15-MG"
534419;2023-07-08;"sábado";"05:15:00";"SC";153;59;"IRANI";"Desrespeitar a preferência no cruzamento";"Colisão transversal";"Com Vítimas Feridas";"Plena Noite";"Crescente";"Chuva";"Simples";"Interseção de Vias";"Não";3;0;3;0;0;0;3;2;-26,96948856;-51,85481429;"SPRF-SC";"DEL07-SC";"UOP04-DEL07-SC"
534420;2023-07-07;"sexta-feira";"21:20:00";"MG";40;91;"LAGOA GRANDE";"Problema com o freio";"Colisão com objeto";"Com Vítimas Feridas";"Plena Noite";"Crescente";"Céu Claro";"Múltipla";"Reta";"Não";2;0;2;0;0;0;2;1;-17,50437166;-46,56757983;"SPRF-MG";"DEL14-MG";"UOP01-DEL14-MG"
534424;2023-07-08;"sábado";"06:45:00";"SC";101;98;"BALNEARIO PICARRAS";"Reação tardia ou ineficiente do condutor";"Colisão lateral mesmo sentido";"Com Vítimas Feridas";"Amanhecer";"Decrescente";"Nublado";"Múltipla";"Reta";"Não";3;0;2;0;1;0;2;2;-26,73760897;-48,69918789;"SPRF-SC";"DEL03-SC";"UOP02-DEL03-SC"
534426;2023-07-08;"sábado";"07:15:00";"GO";40;48,6;"LUZIANIA";"Transitar na contramão";"Colisão lateral sentido oposto";"Com Vítimas Feridas";"Pleno dia";"Crescente";"Céu Claro";"Simples";"Curva";"Não";8;0;1;0;5;3;1;6;-16,427776;-47,821183;"SPRF-DF";"DEL01-DF";"UOP02-DEL01-DF"
534430;2023-07-08;"sábado";"04:40:00";"MG";381;873,8;"ESTIVA";"Reação tardia ou ineficiente do condutor";"Colisão com objeto";"Com Vítimas Feridas";"Plena Noite";"Crescente";"Céu Claro";"Dupla";"Declive";"Não";8;0;4;0;3;1;4;4;-22,450796;-46,000139;"SPRF-MG";"DEL16-MG";"UOP01-DEL16-MG"
534439;2023-07-08;"sábado";"08:15:00";"PA";10;221;"IPIXUNA DO PARA";"Ausência de reação do condutor";"Colisão frontal";"Sem Vítimas";"Pleno dia";"Crescente";"Céu Claro";"Simples";"Curva";"Não";3;0;0;0;2;1;0;3;-2,49604797;-47,50976192;"SPRF-PA";"DEL02-PA";"UOP01-DEL02-PA"
534440;2023-07-08;"sábado";"07:55:00";"RS";116;31,9;"VACARIA";"Demais falhas mecânicas ou elétricas";"Saída de leito carroçável";"Sem Vítimas";"Pleno dia";"Crescente";"Chuva";"Simples";"Reta";"Não";1;0;0;0;0;1;0;1;-28,45414698;-50,88424803;"SPRF-RS";"DEL05-RS";"UOP03-DEL05-RS"
534441;2023-07-07;"sexta-feira";"04:00:00";"BA";324;537;"AMELIA RODRIGUES";"Condutor deixou de manter distância do veículo da frente";"Colisão traseira";"Com Vítimas Feridas";"Plena Noite";"Crescente";"Céu Claro";"Dupla";"Reta";"Não";2;0;1;0;1;0;1;2;-12,36902201;-38,81384601;"SPRF-BA";"DEL01-BA";"UOP03-DEL01-BA"
534445;2023-07-07;"sexta-feira";"14:47:00";"BA";324;529;"FEIRA DE SANTANA";"Ausência de reação do condutor";"Colisão traseira";"Com Vítimas Feridas";"Pleno dia";"Crescente";"Céu Claro";"Dupla";"Reta";"Não";2;0;1;0;1;0;1;2;-12,32272991;-38,86892893;"SPRF-BA";"DEL01-BA";"UOP03-DEL01-BA"
534451;2023-07-08;"sábado";"08:40:00";"RS";470;187;"VERANOPOLIS";"Reação tardia ou ineficiente do condutor";"Saída de leito carroçável";"Sem Vítimas";"Pleno dia";"Crescente";"Nublado";"Simples";"Reta;Declive";"Não";1;0;0;0;1;0;0;1;-29,00751109;-51,55777697;"SPRF-RS";"DEL06-RS";"UOP02-DEL06-RS"
534453;2023-07-08;"sábado";"10:38:00";"ES";101;306,9;"VIANA";"Manobra de mudança de faixa";"Colisão lateral mesmo sentido";"Com Vítimas Feridas";"Pleno dia";"Crescente";"Céu Claro";"Dupla";"Reta";"Sim";3;0;2;0;1;0;2;2;-20,3926639;-40,46178818;"SPRF-ES";"DEL01-ES";"UOP01-DEL01-ES"
534456;2023-07-08;"sábado";"09:55:00";"SC";282;26,8;"SANTO AMARO DA IMPERATRIZ";"Acessar a via sem observar a presença dos outros veículos";"Colisão transversal";"Com Vítimas Feridas";"Pleno dia";"Crescente";"Nublado";"Simples";"Reta;Retorno Regulamentado";"Não";3;0;1;1;1;0;2;2;-27,67563274;-48,76794577;"SPRF-SC";"DEL01-SC";"UOP03-DEL01-SC"
534469;2023-07-08;"sábado";"10:30:00";"PR";277;114;"CAMPO LARGO";"Condutor deixou de manter distância do veículo da frente";"Colisão lateral mesmo sentido";"Sem Vítimas";"Pleno dia";"Decrescente";"Nublado";"Simples";"Reta;Retorno Regulamentado";"Sim";2;0;0;0;2;0;0;2;-25,447114;-49,48849;"SPRF-PR";"DEL03-PR";"UOP03-DEL03-PR"
534473;2023-07-08;"sábado";"09:50:00";"PR";163;139;"CAPITAO LEONIDAS MARQUES";"Chuva";"Saída de leito carroçável";"Com Vítimas Feridas";"Pleno dia";"Decrescente";"Chuva";"Simples";"Curva;Declive";"Não";2;0;1;0;0;2;1;3;-25,48284277;-53,59229524;"SPRF-PR";"DEL05-PR";"UOP05-DEL05-PR"
534474;2023-07-08;"sábado";"11:42:00";"MS";60;353,7;"CAMPO GRANDE";"Ausência de reação do condutor";"Colisão traseira";"Com Vítimas Feridas";"Pleno dia";"Crescente";"Céu Claro";"Simples";"Curva";"Não";2;0;0;1;1;0;1;2;-20,477694;-54,749947;"SPRF-MS";"DEL01-MS";"UOP03-DEL01-MS"
534476;2023-07-08;"sábado";"08:00:00";"BA";242;538;"OLIVEIRA DOS BREJINHOS";"Condutor deixou de manter distância do veículo da frente";"Colisão traseira";"Com Vítimas Feridas";"Pleno dia";"Decrescente";"Céu Claro";"Simples";"Reta";"Não";29;0;12;0;16;2;12;4;-12,24038159;-42,77182472;"SPRF-BA";"DEL10-BA";"UOP02-DEL10-BA"
534477;2023-07-08;"sábado";"10:30:00";"MT";163;524;"DIAMANTINO";"Ingestão de álcool pelo condutor";"Colisão lateral mesmo sentido";"Sem Vítimas";"Pleno dia";"Decrescente";"Céu Claro";"Simples";"Reta";"Não";3;0;0;0;2;3;0;5;-14,49229875;-56,18361021;"SPRF-MT";"DEL01-MT";"UOP01-DEL01-MT"
534479;2023-07-08;"sábado";"12:10:00";"RJ";116;280;"BARRA MANSA";"Reação tardia ou ineficiente do condutor";"Colisão com objeto";"Com Vítimas Feridas";"Pleno dia";"Crescente";"Céu Claro";"Dupla";"Declive";"Não";2;0;2;0;0;0;2;1;-22,54134895;-44,19176093;"SPRF-RJ";"DEL07-RJ";"UOP02-DEL07-RJ"
534480;2023-07-08;"sábado";"10:34:00";"SC";282;385;"JOACABA";"Velocidade Incompatível";"Saída de leito carroçável";"Com Vítimas Feridas";"Pleno dia";"Decrescente";"Chuva";"Simples";"Curva;Declive";"Não";1;0;1;0;0;0;1;1;-27,194431;-51,515869;"SPRF-SC";"DEL07-SC";"UOP05-DEL07-SC"
534488;2023-07-08;"sábado";"12:45:00";"MG";50;179;"UBERABA";"Entrada inopinada do pedestre";"Atropelamento de Pedestre";"Com Vítimas Feridas";"Pleno dia";"Crescente";"Céu Claro";"Dupla";"Reta";"Sim";2;0;0;1;0;1;1;2;-19,77827047;-47,93140998;"SPRF-MG";"DEL13-MG";"UOP01-DEL13-MG"
534495;2023-07-08;"sábado";"13:40:00";"AL";101;75;"RIO LARGO";"Mal súbito do condutor";"Colisão traseira";"Com Vítimas Feridas";"Pleno dia";"Crescente";"Céu Claro";"Dupla";"Reta";"Não";4;0;2;0;1;1;2;3;-9,40436484;-35,83998111;"SPRF-AL";"DEL01-AL";"UOP01-DEL01-AL"
534498;2023-07-08;"sábado";"13:50:00";"SC";282;28,6;"SANTO AMARO DA IMPERATRIZ";"Ingestão de álcool pelo condutor";"Colisão frontal";"Sem Vítimas";"Pleno dia";"Decrescente";"Céu Claro";"Simples";"Curva";"Sim";3;0;0;0;2;1;0;3;-27,67866363;-48,78650665;"SPRF-SC";"DEL01-SC";"UOP03-DEL01-SC"
534501;2023-07-08;"sábado";"13:00:00";"PR";277;5;"PARANAGUA";"Mal súbito do condutor";"Queda de ocupante de veículo";"Com Vítimas Fatais";"Pleno dia";"Decrescente";"Chuva";"Simples";"Reta";"Sim";3;1;0;0;0;3;0;4;-25,568198;-48,615292;"SPRF-PR";"DEL01-PR";"UOP05-DEL01-PR"
534504;2023-07-08;"sábado";"08:20:00";"BA";116;421;"FEIRA DE SANTANA";"Carga excessiva e/ou mal acondicionada";"Colisão com objeto";"Sem Vítimas";"Pleno dia";"Crescente";"Céu Claro";"Dupla";"Reta";"Sim";2;0;0;0;1;2;0;3;-12,211936;-38,96567;"SPRF-BA";"DEL02-BA";"UOP01-DEL02-BA"
534513;2023-07-08;"sábado";"11:30:00";"MT";163;854;"SINOP";"Ausência de reação do condutor";"Colisão traseira";"Sem Vítimas";"Pleno dia";"Decrescente";"Céu Claro";"Simples";"Reta";"Sim";4;0;0;0;3;3;0;5;-11,700995;-55,453539;"SPRF-MT";"DEL06-MT";"UOP02-DEL06-MT"
534520;2023-07-08;"sábado";"16:10:00";"SC";101;221;"PALHOCA";"Ausência de reação do condutor";"Colisão traseira";"Com Vítimas Feridas";"Pleno dia";"Crescente";"Céu Claro";"Dupla";"Viaduto;Reta";"Não";3;0;1;0;1;1;1;3;-27,7041806;-48,65877986;"SPRF-SC";"DEL01-SC";"UOP02-DEL01-SC"
534524;2023-07-08;"sábado";"13:09:00";"AC";364;117;"RIO BRANCO";"Transitar na contramão";"Colisão frontal";"Com Vítimas Fatais";"Pleno dia";"Crescente";"Sol";"Dupla";"Reta";"Não";2;1;0;0;1;0;0;2;-10,012801;-67,728245;"SPRF-AC";"DEL01-AC";"UOP01-DEL01-AC"
534533;2023-07-08;"sábado";"14:52:00";"MS";262;261;"RIBAS DO RIO PARDO";"Ausência de reação do condutor";"Colisão frontal";"Com Vítimas Fatais";"Anoitecer";"Crescente";"Céu Claro";"Simples";"Curva";"Não";3;1;0;0;1;2;0;4;-20,41755321;-53,94273586;"SPRF-MS";"DEL01-MS";"UOP01-DEL01-MS"
534543;2023-07-08;"sábado";"09:06:00";"RO";364;384;"OURO PRETO DO OESTE";"Reação tardia ou ineficiente do condutor";"Colisão transversal";"Com Vítimas Feridas";"Pleno dia";"Crescente";"Sol";"Simples";"Interseção de Vias;Reta;Em Obras";"Sim";3;0;1;0;1;2;1;4;-10,71524933;-62,25065352;"SPRF-RO";"DEL02-RO";"UOP01-DEL02-RO"
534549;2023-07-08;"sábado";"18:25:00";"GO";50;99,5;"CRISTALINA";"Acessar a via sem observar a presença dos outros veículos";"Colisão transversal";"Com Vítimas Feridas";"Plena Noite";"Crescente";"Céu Claro";"Simples";"Reta;Em Obras";"Sim";4;0;2;0;1;3;2;5;-16,77769524;-47,62622687;"SPRF-DF";"DEL01-DF";"UOP02-DEL01-DF"
534563;2023-06-29;"quinta-feira";"19:16:00";"SP";116;67,4;"GUARATINGUETA";"Acessar a via sem observar a presença dos outros veículos";"Colisão traseira";"Com Vítimas Feridas";"Plena Noite";"Crescente";"Céu Claro";"Múltipla";"Reta;Interseção de Vias";"Sim";3;0;1;0;1;1;1;3;-22,82867578;-45,2088941;"SPRF-SP";"DEL08-SP";"UOP01-DEL08-SP"
534565;2023-07-08;"sábado";"18:45:00";"PE";232;194;"SANHARO";"Ultrapassagem Indevida";"Colisão frontal";"Com Vítimas Fatais";"Plena Noite";"Crescente";"Céu Claro";"Simples";"Reta";"Não";3;1;0;1;1;0;1;2;-8,36209062;-36,55441109;"SPRF-PE";"DEL03-PE";"UOP02-DEL03-PE"
534566;2023-07-08;"sábado";"19:20:00";"PR";116;152;"MANDIRITUBA";"Transitar no Acostamento";"Colisão lateral mesmo sentido";"Sem Vítimas";"Plena Noite";"Decrescente";"Nublado";"Simples";"Reta";"Não";3;0;0;0;2;1;0;3;-25,86357;-49,362495;"SPRF-PR";"DEL01-PR";"UOP03-DEL01-PR"
534572;2023-07-08;"sábado";"20:20:00";"SE";101;47;"JAPARATUBA";"Ingestão de álcool pelo condutor";"Colisão traseira";"Com Vítimas Feridas";"Plena Noite";"Crescente";"Céu Claro";"Dupla";"Declive;Reta";"Não";3;0;1;0;1;2;1;4;-10,57953635;-36,96510841;"SPRF-SE";"DEL02-SE";"UOP02-DEL02-SE"
534574;2023-07-08;"sábado";"17:15:00";"AM";174;1004;"PRESIDENTE FIGUEIREDO";"Estacionar ou parar em local proibido";"Tombamento";"Com Vítimas Feridas";"Anoitecer";"Crescente";"Céu Claro";"Simples";"Reta";"Não";3;0;2;0;0;1;2;2;-1,93555488;-60,04773973;"SPRF-AM";"DEL01-AM";"UOP02-DEL01-AM"
534575;2023-07-08;"sábado";"16:49:00";"RJ";101;221;"SILVA JARDIM";"Reação tardia ou ineficiente do condutor";"Colisão traseira";"Com Vítimas Feridas";"Pleno dia";"Crescente";"Céu Claro";"Dupla";"Reta;Retorno Regulamentado";"Não";3;0;2;0;1;0;2;2;-22,51732418;-42,33133078;"SPRF-RJ";"DEL02-RJ";"UOP03-DEL02-RJ"
534576;2023-07-08;"sábado";"15:30:00";"MG";40;123;"JOAO PINHEIRO";"Transitar na contramão";"Colisão frontal";"Com Vítimas Fatais";"Pleno dia";"Decrescente";"Céu Claro";"Simples";"Reta";"Não";3;1;1;0;0;2;1;4;-17,67034724;-46,33963466;"SPRF-MG";"DEL14-MG";"UOP01-DEL14-MG"
534580;2023-07-08;"sábado";"16:29:00";"PA";230;1121;"ITAITUBA";"Transitar na contramão";"Colisão frontal";"Com Vítimas Fatais";"Pleno dia";"Decrescente";"Céu Claro";"Simples";"Curva;Declive";"Não";3;1;0;0;0;4;0;5;-4,3739758;-55,84671907;"SPRF-PA";"DEL05-PA";"UOP02-DEL05-PA"
534582;2023-07-08;"sábado";"21:00:00";"MG";50;55;"UBERLANDIA";"Demais falhas mecânicas ou elétricas";"Colisão traseira";"Com Vítimas Feridas";"Plena Noite";"Decrescente";"Céu Claro";"Dupla";"Declive";"Não";3;0;1;0;1;2;1;4;-18,77290538;-48,24124319;"SPRF-MG";"DEL15-MG";"UOP02-DEL15-MG"
534583;2023-07-08;"sábado";"09:27:00";"MS";60;74,8;"PARAISO DAS AGUAS";"Ingestão de álcool pelo condutor";"Tombamento";"Sem Vítimas";"Pleno dia";"Crescente";"Céu Claro";"Simples";"Reta";"Não";2;0;0;0;1;1;0;2;-19,12495608;-53,04752678;"SPRF-MS";"DEL06-MS";"UOP02-DEL06-MS"
534590;2023-07-08;"sábado";"17:50:00";"MG";153;219;"FRUTAL";"Reação tardia ou ineficiente do condutor";"Colisão traseira";"Com Vítimas Feridas";"Pleno dia";"Crescente";"Céu Claro";"Simples";"Reta";"Sim";4;0;3;0;1;0;3;2;-20,14538599;-49,11088214;"SPRF-MG";"DEL13-MG";"UOP02-DEL13-MG"