"id";"data_inversa";"dia_semana";"horario";"uf";"br";"km";"municipio";"causa_acidente";"tipo_acidente";"classificacao_acidente";"fase_dia";"sentido_via";"condicao_metereologica";"tipo_pista";"tracado_via";"uso_solo";"pessoas";"mortos";"feridos_leves";"feridos_graves";"ilesos";"ignorados";"feridos";"veiculos";"latitude";"longitude";"regional";"delegacia";"uop"
535009;2023-07-10;"segunda-feira";"15:55:00";"MS";163;655;"RIO VERDE DE MATO GROSSO";"Ultrapassagem Indevida";"Colisão lateral sentido oposto";"Sem Vítimas";"Pleno dia";"Decrescente";"Céu Claro";"Simples";"Reta";"Não";4;0;0;0;2;2;0;3;-19,11772981;-54,75802065;"SPRF-MS";"DEL06-MS";"UOP02-DEL06-MS"
535010;2023-07-10;"segunda-feira";"18:30:00";"RN";110;46,6;"MOSSORO";"Acessar a via sem observar a presença dos outros veículos";"Colisão transversal";"Com Vítimas Feridas";"Plena Noite";"Decrescente";"Céu Claro";"Simples";"Reta";"Sim";3;0;1;0;1;1;1;3;-5,19797675;-37,31839819;"SPRF-RN";"DEL04-RN";"UOP01-DEL04-RN"
535016;2023-07-10;"segunda-feira";"17:15:00";"RO";364;269,7;"CACOAL";"Ingestão de álcool pelo condutor";"Colisão traseira";"Com Vítimas Feridas";"Pleno dia";"Decrescente";"Sol";"Simples";"Aclive;Em Obras;Reta";"Não";4;0;1;0;2;1;1;3;-11,380074;-61,711972;"SPRF-RO";"DEL02-RO";"UOP02-DEL02-RO"
535021;2023-07-10;"segunda-feira";"18:30:00";"SC";282;582,1;"PINHALZINHO";"Transitar na contramão";"Colisão frontal";"Com Vítimas Feridas";"Anoitecer";"Crescente";"Chuva";"Simples";"Reta";"Sim";3;0;1;0;1;1;1;3;-26,826683;-53,002621;"SPRF-SC";"DEL07-SC";"UOP02-DEL07-SC"
535022;2023-07-10;"segunda-feira";"16:00:00";"GO";364;8;"SAO SIMAO";"Manobra de mudança de faixa";"Colisão traseira";"Sem Vítimas";"Pleno dia";"Decrescente";"Céu Claro";"Simples";"Reta";"Não";3;0;0;0;2;2;0;4;-19,00415;-50,555191;"SPRF-GO";"DEL05-GO";"UOP02-DEL05-GO"
535023;2023-07-10;"segunda-feira";"16:50:00";"PR";376;494,3;"PONTA GROSSA";"Pista Escorregadia";"Saída de leito carroçável";"Com Vítimas Feridas";"Plena Noite";"Crescente";"Chuva";"Dupla";"Viaduto;Reta;Aclive";"Sim";1;0;1;0;0;0;1;1;-25,13242223;-50,16907275;"SPRF-PR";"DEL03-PR";"UOP04-DEL03-PR"
535024;2023-07-10;"segunda-feira";"19:40:00";"SC";116;247,4;"LAGES";"Acessar a via sem observar a presença dos outros veículos";"Colisão transversal";"Com Vítimas Feridas";"Plena Noite";"Crescente";"Chuva";"Simples";"Interseção de Vias;Reta";"Sim";3;0;0;1;1;1;1;3;-27,81262488;-50,36859817;"SPRF-SC";"DEL05-SC";"UOP02-DEL05-SC"
535028;2023-07-10;"segunda-feira";"18:30:00";"RS";290;684;"URUGUAIANA";"Ausência de reação do condutor";"Saída de leito carroçável";"Com Vítimas Feridas";"Plena Noite";"Crescente";"Céu Claro";"Simples";"Reta";"Não";3;0;1;0;0;2;1;3;-29,89077;-56,732689;"SPRF-RS";"DEL13-RS";"UOP01-DEL13-RS"
535030;2023-07-10;"segunda-feira";"18:50:00";"SP";153;61,6;"SAO JOSE DO RIO PRETO";"Ausência de reação do condutor";"Colisão traseira";"Com Vítimas Feridas";"Plena Noite";"Decrescente";"Céu Claro";"Dupla";"Declive";"Sim";2;0;1;0;1;0;1;2;-20,80502876;-49,35574909;"SPRF-SP";"DEL09-SP";"UOP01-DEL09-SP"
535032;2023-05-23;"terça-feira";"20:20:00";"PR";277;371,1;"GUARAPUAVA";"Ausência de reação do condutor";"Colisão traseira";"Com Vítimas Feridas";"Plena Noite";"Decrescente";"Céu Claro";"Simples";"Reta";"Não";3;0;1;0;1;1;1;3;-25,41399419;-51,67554517;"SPRF-PR";"DEL08-PR";"UOP01-DEL08-PR"
535034;2023-06-08;"quinta-feira";"08:50:00";"MG";381;754;"TRES CORACOES";"Manobra de mudança de faixa";"Colisão lateral mesmo sentido";"Com Vítimas Feridas";"Pleno dia";"Decrescente";"Céu Claro";"Dupla";"Reta";"Não";3;0;1;0;1;1;1;3;-21,68626885;-45,34601116;"SPRF-MG";"DEL16-MG";"UOP02-DEL16-MG"
535039;2023-07-10;"segunda-feira";"20:30:00";"MG";381;765;"CAMPANHA";"Ausência de reação do condutor";"Colisão traseira";"Com Vítimas Feridas";"Plena Noite";"Crescente";"Céu Claro";"Dupla";"Curva";"Não";3;0;0;1;1;2;1;4;-21,75667108;-45,40552196;"SPRF-MG";"DEL16-MG";"UOP02-DEL16-MG"
535041;2023-07-10;"segunda-feira";"18:20:00";"SP";116;277;"EMBU DAS ARTES";"Condutor deixou de manter distância do veículo da frente";"Colisão lateral mesmo sentido";"Sem Vítimas";"Plena Noite";"Crescente";"Céu Claro";"Dupla";"Reta";"Não";4;0;0;0;3;1;0;4;-23,64870535;-46,84395469;"SPRF-SP";"DEL04-SP";"UOP01-DEL04-SP"
535044;2023-07-10;"segunda-feira";"17:00:00";"RJ";101;330;"RIO DE JANEIRO";"Ausência de reação do condutor";"Colisão traseira";"Com Vítimas Feridas";"Anoitecer";"Decrescente";"Céu Claro";"Múltipla";"Reta";"Não";2;0;1;0;1;0;1;2;-22,8684989;-43,18548699;"SPRF-RJ";"DEL02-RJ";"UOP01-DEL02-RJ"
535046;2023-07-10;"segunda-feira";"20:00:00";"RJ";101;381;"RIO DE JANEIRO";"Reação tardia ou ineficiente do condutor";"Colisão traseira";"Com Vítimas Feridas";"Plena Noite";"Decrescente";"Céu Claro";"Dupla";"Reta;Aclive";"Não";5;0;1;1;2;2;2;4;-22,86942567;-43,59816381;"SPRF-RJ";"DEL03-RJ";"UOP01-DEL03-RJ"
535049;2023-07-10;"segunda-feira";"16:07:00";"PE";423;161,8;"AGUAS BELAS";"Pista esburacada";"Colisão lateral sentido oposto";"Com Vítimas Feridas";"Pleno dia";"Decrescente";"Nublado";"Simples";"Reta";"Não";4;0;1;1;1;2;2;4;-9,09475044;-36,98347867;"SPRF-PE";"DEL03-PE";"UOP01-DEL03-PE"
535054;2023-04-30;"domingo";"17:55:00";"MS";163;659;"RIO VERDE DE MATO GROSSO";"Ausência de reação do condutor";"Colisão traseira";"Com Vítimas Feridas";"Anoitecer";"Decrescente";"Céu Claro";"Simples";"Reta;Declive";"Não";3;0;1;0;1;4;1;6;-19,08811614;-54,77804661;"SPRF-MS";"DEL06-MS";"UOP02-DEL06-MS"
535055;2023-07-10;"segunda-feira";"21:15:00";"GO";80;15,2;"PADRE BERNARDO";"Falta de elemento de contenção que evite a saída do leito carroçável";"Saída de leito carroçável";"Com Vítimas Fatais";"Plena Noite";"Decrescente";"Céu Claro";"Simples";"Curva";"Não";2;1;0;0;0;2;0;3;-15,4144041;-48,200575;"SPRF-DF";"DEL03-DF";"UOP02-DEL03-DF"
535057;2023-07-10;"segunda-feira";"19:00:00";"PR";153;321;"IMBITUVA";"Chuva";"Colisão frontal";"Com Vítimas Feridas";"Plena Noite";"Decrescente";"Chuva";"Simples";"Curva";"Não";4;0;0;1;2;2;1;4;-25,3800171;-50,62271438;"SPRF-PR";"DEL08-PR";"UOP02-DEL08-PR"
535058;2023-07-10;"segunda-feira";"19:00:00";"MG";50;138,3;"UBERABA";"Velocidade Incompatível";"Colisão traseira";"Com Vítimas Feridas";"Plena Noite";"Crescente";"Céu Claro";"Dupla";"Aclive";"Não";5;0;0;3;1;2;3;4;-19,45923317;-48,05872556;"SPRF-MG";"DEL13-MG";"UOP01-DEL13-MG"
535059;2023-07-10;"segunda-feira";"22:20:00";"RJ";393;285;"VOLTA REDONDA";"Conversão proibida";"Colisão transversal";"Com Vítimas Feridas";"Plena Noite";"Crescente";"Céu Claro";"Simples";"Curva;Declive";"Sim";2;0;1;0;1;0;1;2;-22,481726;-44,06308602;"SPRF-RJ";"DEL05-RJ";"UOP04-DEL05-RJ"
535064;2023-07-10;"segunda-feira";"14:45:00";"MT";364;136;"PEDRA PRETA";"Curva acentuada";"Tombamento";"Com Vítimas Feridas";"Pleno dia";"Decrescente";"Sol";"Simples";"Curva;Aclive";"Não";2;0;1;0;0;1;1;2;-16,792466;-54,196093;"SPRF-MT";"DEL02-MT";"UOP01-DEL02-MT"
535067;2023-07-10;"segunda-feira";"19:40:00";"MA";226;554;"PORTO FRANCO";"Transitar na contramão";"Colisão frontal";"Com Vítimas Fatais";"Plena Noite";"Crescente";"Céu Claro";"Simples";"Curva";"Não";3;1;1;0;1;0;1;2;-6,28048803;-47,24968798;"SPRF-MA";"DEL04-MA";"UOP02-DEL04-MA"
535068;2023-07-10;"segunda-feira";"23:30:00";"SC";101;88,5;"BARRA VELHA";"Ingestão de álcool pelo condutor";"Colisão lateral mesmo sentido";"Sem Vítimas";"Plena Noite";"Crescente";"Garoa/Chuvisco";"Dupla";"Reta";"Sim";4;0;0;0;3;1;0;3;-26,655804;-48,687754;"SPRF-SC";"DEL03-SC";"UOP02-DEL03-SC"
535070;2023-07-11;"terça-feira";"01:00:00";"PR";376;426,4;"TIBAGI";"Condutor Dormindo";"Colisão traseira";"Com Vítimas Feridas";"Plena Noite";"Crescente";"Garoa/Chuvisco";"Dupla";"Reta;Declive";"Não";4;0;1;0;2;1;1;3;-24,713771;-50,549787;"SPRF-PR";"DEL03-PR";"UOP02-DEL03-PR"
535074;2023-07-10;"segunda-feira";"17:00:00";"MG";251;326;"FRUTA DE LEITE";"Carga excessiva e/ou mal acondicionada";"Tombamento";"Com Vítimas Feridas";"Anoitecer";"Crescente";"Céu Claro";"Simples";"Curva;Declive";"Não";3;0;1;0;0;2;1;3;-16,22457865;-42,37126702;"SPRF-MG";"DEL12-MG";"UOP02-DEL12-MG"
535076;2023-07-11;"terça-feira";"03:26:00";"MS";262;165;"RIBAS DO RIO PARDO";"Ausência de reação do condutor";"Colisão com objeto";"Com Vítimas Feridas";"Plena Noite";"Crescente";"Céu Claro";"Simples";"Reta";"Não";3;0;0;1;1;3;1;4;-20,44224945;-53,0717691;"SPRF-MS";"DEL07-MS";"UOP02-DEL07-MS"
535085;2023-07-11;"terça-feira";"04:50:00";"SP";116;161;"JACAREI";"Ausência de reação do condutor";"Colisão traseira";"Com Vítimas Feridas";"Amanhecer";"Decrescente";"Céu Claro";"Dupla";"Reta";"Sim";2;0;1;0;1;0;1;2;-23,27617003;-45,97592098;"SPRF-SP";"DEL02-SP";"UOP01-DEL02-SP"
535092;2023-07-11;"terça-feira";"06:30:00";"PR";376;492,9;"PONTA GROSSA";"Chuva";"Colisão lateral mesmo sentido";"Sem Vítimas";"Pleno dia";"Decrescente";"Chuva";"Dupla";"Curva;Ponte;Declive";"Sim";3;0;0;0;2;1;0;3;-25,12205789;-50,1840502;"SPRF-PR";"DEL03-PR";"UOP04-DEL03-PR"
535095;2023-07-11;"terça-feira";"07:20:00";"RJ";101;131;"CARAPEBUS";"Manobra de mudança de faixa";"Colisão lateral mesmo sentido";"Com Vítimas Feridas";"Pleno dia";"Crescente";"Céu Claro";"Dupla";"Reta";"Não";3;0;1;0;0;2;1;3;-22,11497887;-41,70257522;"SPRF-RJ";"DEL08-RJ";"UOP04-DEL08-RJ"
535102;2023-07-11;"terça-feira";"08:00:00";"RS";116;520,4;"PELOTAS";"Manobra de mudança de faixa";"Colisão traseira";"Sem Vítimas";"Pleno dia";"Decrescente";"Nublado";"Múltipla";"Reta";"Sim";4;0;0;0;2;2;0;4;-31,70060621;-52,36130079;"SPRF-RS";"DEL07-RS";"UOP01-DEL07-RS"
535105;2023-07-11;"terça-feira";"09:00:00";"SP";116;146;"SAO JOSE DOS CAMPOS";"Condutor Dormindo";"Colisão lateral mesmo sentido";"Sem Vítimas";"Pleno dia";"Decrescente";"Céu Claro";"Dupla";"Reta";"Sim";3;0;0;0;2;1;0;3;-23,19122919;-45,86327591;"SPRF-SP";"DEL02-SP";"UOP01-DEL02-SP"
535108;2023-07-11;"terça-feira";"09:30:00";"MG";40;737,9;"SANTOS DUMONT";"Reação tardia ou ineficiente do condutor";"Tombamento";"Com Vítimas Feridas";"Pleno dia";"Decrescente";"Céu Claro";"Simples";"Curva;Aclive";"Não";2;0;1;0;0;1;1;2;-21,38296999;-43,57033542;"SPRF-MG";"DEL05-MG";"UOP01-DEL05-MG"
535115;2023-07-11;"terça-feira";"09:20:00";"PR";376;532,4;"PALMEIRA";"Reação tardia ou ineficiente do condutor";"Colisão frontal";"Com Vítimas Fatais";"Pleno dia";"Decrescente";"Garoa/Chuvisco";"Dupla";"Reta";"Não";3;1;0;0;1;1;0;3;-25,3125;-49,8818;"SPRF-PR";"DEL03-PR";"UOP03-DEL03-PR"
535124;2023-05-22;"segunda-feira";"13:00:00";"RS";472;438;"ITAQUI";"Ausência de reação do condutor";"Engavetamento";"Com Vítimas Feridas";"Pleno dia";"Decrescente";"Céu Claro";"Simples";"Reta";"Não";7;0;1;3;3;0;4;4;-28,93281596;-56,11123804;"SPRF-RS";"DEL12-RS";"UOP01-DEL12-RS"
535133;2023-07-11;"terça-feira";"10:00:00";"SC";282;67,7;"RANCHO QUEIMADO";"Reação tardia ou ineficiente do condutor";"Colisão frontal";"Com Vítimas Feridas";"Pleno dia";"Decrescente";"Chuva";"Simples";"Curva;Declive";"Não";6;0;2;1;2;2;3;4;-27,695963;-49,0695;"SPRF-SC";"DEL01-SC";"UOP03-DEL01-SC"
535136;2023-07-06;"quinta-feira";"14:30:00";"PR";376;182,7;"SARANDI";"Manobra de mudança de faixa";"Colisão lateral mesmo sentido";"Com Vítimas Feridas";"Pleno dia";"Decrescente";"Céu Claro";"Dupla";"Reta";"Sim";4;0;1;0;2;2;1;5;-23,43684112;-51,87880764;"SPRF-PR";"DEL09-PR";"UOP01-DEL09-PR"
535139;2023-03-21;"terça-feira";"18:00:00";"RN";101;104,7;"PARNAMIRIM";"Ausência de reação do condutor";"Colisão lateral mesmo sentido";"Com Vítimas Feridas";"Plena Noite";"Crescente";"Céu Claro";"Simples";"Reta";"Sim";2;0;1;0;0;1;1;2;-5,8972452;-35,25854057;"SPRF-RN";"DEL01-RN";"UOP01-DEL01-RN"
535143;2023-05-12;"sexta-feira";"10:53:00";"SC";282;124;"BOM RETIRO";"Avarias e/ou desgaste excessivo no pneu";"Incêndio";"Sem Vítimas";"Pleno dia";"Crescente";"Céu Claro";"Simples";"Reta";"Não";3;0;0;0;3;0;0;1;-27,805086;-49,450378;"SPRF-SC";"DEL05-SC";"UOP01-DEL05-SC"
535146;2023-07-11;"terça-feira";"11:00:00";"MG";40;707,9;"BARBACENA";"Ausência de reação do condutor";"Colisão traseira";"Com Vítimas Feridas";"Pleno dia";"Decrescente";"Céu Claro";"Dupla";"Curva;Aclive";"Não";3;0;1;0;1;1;1;3;-21,23747124;-43,70467096;"SPRF-MG";"DEL05-MG";"UOP02-DEL05-MG"
535151;2023-07-11;"terça-feira";"13:50:00";"PR";163;125,8;"REALEZA";"Ingestão de álcool pelo condutor";"Colisão frontal";"Sem Vítimas";"Pleno dia";"Decrescente";"Nublado";"Simples";"Reta";"Não";3;0;0;0;2;2;0;4;-25,59960009;-53,58643503;"SPRF-PR";"DEL02-PR";"UOP02-DEL02-PR"
535152;2023-07-11;"terça-feira";"10:30:00";"PR";376;432,1;"TIBAGI";"Ausência de reação do condutor";"Colisão com objeto";"Com Vítimas Fatais";"Pleno dia";"Crescente";"Nublado";"Dupla";"Curva";"Não";4;1;0;0;2;2;0;4;-24,75431;-50,535401;"SPRF-PR";"DEL03-PR";"UOP02-DEL03-PR"
535162;2023-06-28;"quarta-feira";"04:30:00";"BA";407;97,8;"JAGUARARI";"Condutor deixou de manter distância do veículo da frente";"Colisão traseira";"Com Vítimas Feridas";"Amanhecer";"Decrescente";"Céu Claro";"Simples";"Aclive";"Não";8;0;7;0;1;0;7;2;-10,20328111;-40,21881246;"SPRF-BA";"DEL04-BA";"UOP01-DEL04-BA"
535163;2023-07-11;"terça-feira";"13:50:00";"MS";163;395;"NOVA ALVORADA DO SUL";"Manobra de mudança de faixa";"Colisão frontal";"Com Vítimas Fatais";"Pleno dia";"Crescente";"Céu Claro";"Simples";"Reta";"Não";4;1;0;0;1;3;0;5;-21,21082806;-54,46063927;"SPRF-MS";"DEL02-MS";"UOP01-DEL02-MS"
535165;2023-07-11;"terça-feira";"14:23:00";"TO";153;152;"ARAGUAINA";"Acessar a via sem observar a presença dos outros veículos";"Colisão transversal";"Com Vítimas Feridas";"Pleno dia";"Crescente";"Céu Claro";"Simples";"Interseção de Vias;Reta";"Não";2;0;0;1;1;0;1;2;-7,26778624;-48,2638979;"SPRF-TO";"DEL02-TO";"UOP01-DEL02-TO"
535168;2023-07-11;"terça-feira";"15:00:00";"SC";101;25,2;"JOINVILLE";"Desrespeitar a preferência no cruzamento";"Colisão frontal";"Com Vítimas Feridas";"Pleno dia";"Decrescente";"Garoa/Chuvisco";"Simples";"Interseção de Vias";"Sim";4;0;2;0;1;1;2;3;-26,1834739;-48,9105912;"SPRF-SC";"DEL03-SC";"UOP01-DEL03-SC"
535170;2023-07-11;"terça-feira";"09:00:00";"RS";287;446,9;"UNISTALDA";"Curva acentuada";"Colisão lateral sentido oposto";"Com Vítimas Feridas";"Pleno dia";"Crescente";"Nublado";"Simples";"Curva;Aclive";"Não";4;0;2;0;1;1;2;3;-29,01981205;-55,26509285;"SPRF-RS";"DEL12-RS";"UOP02-DEL12-RS"
535171;2023-07-11;"terça-feira";"08:40:00";"BA";242;378;"PALMEIRAS";"Velocidade Incompatível";"Tombamento";"Com Vítimas Feridas";"Pleno dia";"Decrescente";"Céu Claro";"Simples";"Curva;Declive";"Não";2;0;1;0;0;2;1;3;-12,4305294;-41,50637602;"SPRF-BA";"DEL08-BA";"UOP04-DEL08-BA"
535175;2023-07-11;"terça-feira";"14:30:00";"MS";163;457,1;"CAMPO GRANDE";"Frear bruscamente";"Colisão traseira";"Sem Vítimas";"Pleno dia";"Crescente";"Céu Claro";"Simples";"Reta";"Não";3;0;0;0;3;0;0;2;-20,66403994;-54,5606768;"SPRF-MS";"DEL01-MS";"UOP01-DEL01-MS"
535182;2023-07-11;"terça-feira";"15:35:00";"PR";153;501,9;"GENERAL CARNEIRO";"Objeto estático sobre o leito carroçável";"Colisão lateral sentido oposto";"Com Vítimas Fatais";"Pleno dia";"Crescente";"Chuva";"Simples";"Curva";"Não";2;1;0;0;1;0;0;2;-26,506584;-51,336746;"SPRF-PR";"DEL02-PR";"UOP03-DEL02-PR"
535186;2023-07-11;"terça-feira";"12:35:00";"MS";376;129,5;"IVINHEMA";"Manobra de mudança de faixa";"Colisão lateral mesmo sentido";"Com Vítimas Feridas";"Pleno dia";"Crescente";"Céu Claro";"Simples";"Reta";"Não";4;0;1;0;2;2;1;4;-22,34282558;-53,74250285;"SPRF-MS";"DEL04-MS";"UOP04-DEL04-MS"
535187;2023-07-11;"terça-feira";"15:30:00";"MG";153;58;"MONTE ALEGRE DE MINAS";"Reação tardia ou ineficiente do condutor";"Tombamento";"Com Vítimas Feridas";"Pleno dia";"Crescente";"Céu Claro";"Dupla";"Rotatória";"Não";2;0;1;0;0;1;1;2;-18,878386;-49,056637;"SPRF-MG";"DEL15-MG";"UOP03-DEL15-MG"
535191;2023-07-11;"terça-feira";"15:45:00";"PI";343;588,7;"FLORIANO";"Ausência de reação do condutor";"Colisão traseira";"Com Vítimas Feridas";"Pleno dia";"Crescente";"Sol";"Simples";"Reta";"Sim";3;0;0;1;1;3;1;5;-6,785625;-42,995167;"SPRF-PI";"DEL03-PI";"UOP01-DEL03-PI"
535195;2023-07-11;"terça-feira";"11:10:00";"BA";116;546;"MILAGRES";"Acessar a via sem observar a presença dos outros veículos";"Colisão transversal";"Com Vítimas Feridas";"Pleno dia";"Decrescente";"Céu Claro";"Simples";"Reta";"Sim";2;0;1;0;1;0;1;2;-12,83724098;-39,83431503;"SPRF-BA";"DEL03-BA";"UOP02-DEL03-BA"
535196;2023-07-11;"terça-feira";"17:50:00";"PE";101;79;"JABOATAO DOS GUARARAPES";"Acessar a via sem observar a presença dos outros veículos";"Colisão transversal";"Com Vítimas Feridas";"Anoitecer";"Crescente";"Nublado";"Dupla";"Reta";"Sim";4;0;2;0;1;1;2;3;-8,148408;-34,94403;"SPRF-PE";"DEL01-PE";"UOP01-DEL01-PE"
535199;2023-07-11;"terça-feira";"18:40:00";"GO";153;279;"NOVA GLORIA";"Desvio temporário";"Colisão frontal";"Com Vítimas Feridas";"Plena Noite";"Crescente";"Céu Claro";"Simples";"Reta;Aclive;Desvio Temporário";"Não";3;0;0;1;1;1;1;3;-15,129216;-49,511303;"SPRF-GO";"DEL07-GO";"UOP02-DEL07-GO"
535200;2023-07-11;"terça-feira";"17:55:00";"MS";163;699,8;"RIO VERDE DE MATO GROSSO";"Demais falhas mecânicas ou elétricas";"Colisão com objeto";"Com Vítimas Feridas";"Plena Noite";"Crescente";"Céu Claro";"Simples";"Reta";"Não";3;0;0;1;1;3;1;5;-18,76522925;-54,82786565;"SPRF-MS";"DEL06-MS";"UOP01-DEL06-MS"
535204;2023-07-11;"terça-feira";"15:45:00";"SC";282;361,5;"ERVAL VELHO";"Transitar na contramão";"Colisão lateral sentido oposto";"Com Vítimas Fatais";"Pleno dia";"Crescente";"Chuva";"Simples";"Curva;Aclive";"Não";5;1;0;0;4;0;0;3;-27,3122199;-51,3706767;"SPRF-SC";"DEL07-SC";"UOP05-DEL07-SC"
535207;2023-07-11;"terça-feira";"17:20:00";"MA";316;435,6;"PERITORO";"Ultrapassagem Indevida";"Colisão lateral mesmo sentido";"Com Vítimas Feridas";"Pleno dia";"Crescente";"Céu Claro";"Simples";"Reta";"Não";4;0;0;1;1;2;1;4;-4,410838;-44,249836;"SPRF-MA";"DEL03-MA";"UOP01-DEL03-MA"
535208;2023-06-21;"quarta-feira";"16:30:00";"SC";101;101;"BALNEARIO PICARRAS";"Manobra de mudança de faixa";"Colisão lateral mesmo sentido";"Com Vítimas Feridas";"Anoitecer";"Crescente";"Céu Claro";"Múltipla";"Reta";"Sim";3;0;1;0;1;1;1;3;-26,76404198;-48,68657667;"SPRF-SC";"DEL03-SC";"UOP02-DEL03-SC"
535211;2023-07-11;"terça-feira";"16:00:00";"MG";40;264;"SAO GONCALO DO ABAETE";"Demais falhas mecânicas ou elétricas";"Incêndio";"Sem Vítimas";"Pleno dia";"Decrescente";"Céu Claro";"Simples";"Reta";"Não";3;0;0;0;2;1;0;2;-18,14870194;-45,31944594;"SPRF-MG";"DEL14-MG";"UOP02-DEL14-MG"
535213;2023-07-11;"terça-feira";"18:40:00";"BA";324;626;"SALVADOR";"Trafegar com motocicleta (ou similar) entre as faixas";"Colisão lateral mesmo sentido";"Com Vítimas Fatais";"Plena Noite";"Decrescente";"Ignorado";"Múltipla";"Reta";"Sim";4;1;0;1;1;1;1;3;-12,95020997;-38,47073108;"SPRF-BA";"DEL01-BA";"UOP01-DEL01-BA"
535216;2023-07-11;"terça-feira";"15:00:00";"PA";163;406;"ITAITUBA";"Demais falhas mecânicas ou elétricas";"Incêndio";"Sem Vítimas";"Pleno dia";"Decrescente";"Nublado";"Simples";"Reta";"Não";2;0;0;0;1;2;0;3;-6,25402826;-55,61310615;"SPRF-PA";"DEL05-PA";"UOP02-DEL05-PA"
535226;2023-07-11;"terça-feira";"07:00:00";"BA";30;277;"CAETITE";"Declive acentuado";"Tombamento";"Com Vítimas Feridas";"Pleno dia";"Crescente";"Céu Claro";"Simples";"Curva";"Não";2;0;1;0;0;1;1;2;-14,09789655;-42,58010043;"SPRF-BA";"DEL08-BA";"UOP01-DEL08-BA"
535230;2023-07-11;"terça-feira";"16:45:00";"BA";116;219;"EUCLIDES DA CUNHA";"Transitar na contramão";"Colisão transversal";"Com Vítimas Feridas";"Pleno dia";"Decrescente";"Céu Claro";"Simples";"Reta";"Não";2;0;0;1;1;0;1;2;-10,570782;-38,98928893;"SPRF-BA";"DEL07-BA";"UOP02-DEL07-BA"
535232;2023-05-01;"segunda-feira";"06:10:00";"MA";316;16;"BOA VISTA DO GURUPI";"Demais falhas mecânicas ou elétricas";"Incêndio";"Sem Vítimas";"Amanhecer";"Decrescente";"Nublado";"Simples";"Reta";"Não";2;0;0;0;1;2;0;3;-1,805701;-46,188423;"SPRF-MA";"DEL02-MA";"UOP02-DEL02-MA"
535236;2023-07-11;"terça-feira";"19:00:00";"RS";290;225;"PANTANO GRANDE";"Pedestre cruzava a pista fora da faixa";"Atropelamento de Pedestre";"Com Vítimas Feridas";"Plena Noite";"Decrescente";"Céu Claro";"Simples";"Reta";"Não";3;0;0;1;1;1;1;2;-30,203808;-52,468433;"SPRF-RS";"DEL02-RS";"UOP03-DEL02-RS"
535239;2023-07-11;"terça-feira";"22:15:00";"SC";280;22,4;"ARAQUARI";"Condutor deixou de manter distância do veículo da frente";"Colisão traseira";"Com Vítimas Feridas";"Plena Noite";"Decrescente";"Chuva";"Simples";"Reta";"Não";3;0;0;1;1;1;1;3;-26,37092616;-48,70204099;"SPRF-SC";"DEL03-SC";"UOP03-DEL03-SC"
535248;2023-07-11;"terça-feira";"19:00:00";"PE";116;2;"SALGUEIRO";"Manobra de mudança de faixa";"Colisão frontal";"Com Vítimas Feridas";"Plena Noite";"Crescente";"Céu Claro";"Simples";"Reta";"Não";4;0;0;2;2;0;2;2;-7,873192;-39,099377;"SPRF-PE";"DEL05-PE";"UOP01-DEL05-PE"
535249;2023-07-11;"terça-feira";"23:05:00";"ES";262;164,6;"IBATIBA";"Manobra de mudança de faixa";"Colisão frontal";"Com Vítimas Feridas";"Plena Noite";"Crescente";"Céu Claro";"Simples";"Curva";"Não";2;0;0;1;1;0;1;2;-20,24268196;-41,54659319;"SPRF-ES";"DEL01-ES";"UOP02-DEL01-ES"
535253;2023-07-02;"domingo";"18:20:00";"MS";163;484,3;"CAMPO GRANDE";"Acessar a via sem observar a presença dos outros veículos";"Colisão transversal";"Sem Vítimas";"Plena Noite";"Crescente";"Céu Claro";"Simples";"Interseção de Vias;Reta";"Sim";2;0;0;0;1;1;0;2;-20,447254;-54,54099;"SPRF-MS";"DEL01-MS";"UOP02-DEL01-MS"
535254;2023-07-11;"terça-feira";"23:00:00";"SP";459;8;"PIQUETE";"Demais falhas mecânicas ou elétricas";"Atropelamento de Pedestre";"Com Vítimas Feridas";"Plena Noite";"Crescente";"Céu Claro";"Simples";"Reta";"Não";2;0;0;1;0;1;1;2;-22,575514;-45,193367;"SPRF-SP";"DEL08-SP";"UOP02-DEL08-SP"
535255;2023-07-11;"terça-feira";"19:00:00";"PE";407;16;"AFRANIO";"Carga excessiva e/ou mal acondicionada";"Tombamento";"Com Vítimas Feridas";"Plena Noite";"Crescente";"Céu Claro";"Simples";"Curva";"Não";1;0;1;0;0;0;1;1;-8,56128192;-40,99442519;"SPRF-PE";"DEL06-PE";"UOP02-DEL06-PE"
535256;2023-07-11;"terça-feira";"13:10:00";"RO";364;294;"PRESIDENTE MEDICI";"Reação tardia ou ineficiente do condutor";"Saída de leito carroçável";"Com Vítimas Feridas";"Pleno dia";"Crescente";"Céu Claro";"Simples";"Reta";"Não";2;0;1;0;0;3;1;4;-11,29701584;-61,89403573;"SPRF-RO";"DEL02-RO";"UOP01-DEL02-RO"
535257;2023-07-11;"terça-feira";"22:00:00";"PR";277;176;"PALMEIRA";"Objeto estático sobre o leito carroçável";"Colisão com objeto";"Com Vítimas Feridas";"Plena Noite";"Crescente";"Chuva";"Simples";"Reta;Aclive";"Não";4;0;1;0;2;3;1;6;-25,431275;-50,061604;"SPRF-PR";"DEL08-PR";"UOP02-DEL08-PR"
535260;2023-07-12;"quarta-feira";"01:30:00";"PR";369;127;"JATAIZINHO";"Ausência de reação do condutor";"Colisão traseira";"Com Vítimas Feridas";"Plena Noite";"Crescente";"Céu Claro";"Dupla";"Declive";"Não";3;0;0;2;0;1;2;2;-23,2761;-50,962;"SPRF-PR";"DEL07-PR";"UOP01-DEL07-PR"