"id";"data_inversa";"dia_semana";"horario";"uf";"br";"km";"municipio";"causa_acidente";"tipo_acidente";"classificacao_acidente";"fase_dia";"sentido_via";"condicao_metereologica";"tipo_pista";"tracado_via";"uso_solo";"pessoas";"mortos";"feridos_leves";"feridos_graves";"ilesos";"ignorados";"feridos";"veiculos";"latitude";"longitude";"regional";"delegacia";"uop"
535804;2023-07-14;"sexta-feira";"17:29:00";"PB";230;17,8;"JOAO PESSOA";"Reação tardia ou ineficiente do condutor";"Colisão traseira";"Com Vítimas Feridas";"Plena Noite";"Decrescente";"Céu Claro";"Dupla";"Reta";"Não";2;0;0;1;1;0;1;2;-7,12144379;-34,84511945;"SPRF-PB";"DEL01-PB";"UOP01-DEL01-PB"
535816;2023-07-14;"sexta-feira";"17:40:00";"MG";381;485,5;"BETIM";"Trafegar com motocicleta (ou similar) entre as faixas";"Colisão lateral mesmo sentido";"Com Vítimas Feridas";"Anoitecer";"Crescente";"Céu Claro";"Dupla";"Aclive;Reta";"Sim";3;0;0;1;2;0;1;3;-19,95598402;-44,10216808;"SPRF-MG";"DEL01-MG";"UOP03-DEL01-MG"
535819;2023-07-14;"sexta-feira";"17:30:00";"SP";116;372;"MIRACATU";"Velocidade Incompatível";"Colisão traseira";"Com Vítimas Feridas";"Pleno dia";"Decrescente";"Nublado";"Dupla";"Reta";"Não";6;0;1;0;5;0;1;2;-24,16540804;-47,33274697;"SPRF-SP";"DEL04-SP";"UOP02-DEL04-SP"
535824;2023-07-14;"sexta-feira";"14:45:00";"MG";365;257,8;"JOAO PINHEIRO";"Ausência de reação do condutor";"Saída de leito carroçável";"Com Vítimas Feridas";"Pleno dia";"Crescente";"Céu Claro";"Simples";"Reta";"Não";1;0;0;1;0;0;1;1;-17,85644745;-45,49716183;"SPRF-MG";"DEL10-MG";"UOP02-DEL010-MG"
535828;2023-07-14;"sexta-feira";"18:00:00";"PR";376;338,9;"ORTIGUEIRA";"Transitar na contramão";"Colisão lateral sentido oposto";"Com Vítimas Feridas";"Anoitecer";"Decrescente";"Céu Claro";"Simples";"Curva";"Não";3;0;0;1;1;1;1;3;-24,13944999;-51,00600243;"SPRF-PR";"DEL07-PR";"UOP02-DEL07-PR"
535837;2023-07-06;"quinta-feira";"17:00:00";"MA";222;667;"ACAILANDIA";"Reação tardia ou ineficiente do condutor";"Colisão com objeto";"Sem Vítimas";"Pleno dia";"Crescente";"Céu Claro";"Simples";"Reta";"Sim";2;0;0;0;1;1;0;2;-4,90264174;-47,39968016;"SPRF-MA";"DEL04-MA";"UOP03-DEL04-MA"
535841;2023-07-14;"sexta-feira";"15:40:00";"PR";376;510;"PONTA GROSSA";"Ausência de reação do condutor";"Colisão traseira";"Com Vítimas Feridas";"Pleno dia";"Decrescente";"Céu Claro";"Dupla";"Declive;Reta";"Não";3;0;1;0;1;1;1;3;-25,217536;-50,056504;"SPRF-PR";"DEL03-PR";"UOP04-DEL03-PR"
535843;2023-07-14;"sexta-feira";"19:05:00";"RS";470;225;"GARIBALDI";"Desrespeitar a preferência no cruzamento";"Colisão transversal";"Com Vítimas Feridas";"Plena Noite";"Crescente";"Céu Claro";"Simples";"Curva;Retorno Regulamentado";"Sim";6;0;1;0;5;0;1;2;-29,24297071;-51,51730657;"SPRF-RS";"DEL06-RS";"UOP01-DEL06-RS"
535845;2023-07-14;"sexta-feira";"18:40:00";"MG";116;701,7;"MURIAE";"Acessar a via sem observar a presença dos outros veículos";"Colisão traseira";"Sem Vítimas";"Plena Noite";"Crescente";"Céu Claro";"Simples";"Interseção de Vias;Reta";"Não";3;0;0;0;1;3;0;4;-21,12056778;-42,38002192;"SPRF-MG";"DEL07-MG";"UOP02-DEL07-MG"
535849;2023-05-31;"quarta-feira";"17:15:00";"SC";282;539,9;"CHAPECO";"Acessar a via sem observar a presença dos outros veículos";"Colisão transversal";"Com Vítimas Fatais";"Pleno dia";"Crescente";"Sol";"Simples";"Curva;Interseção de Vias";"Não";4;1;0;0;1;3;0;5;-26,9925577;-52,6887614;"SPRF-SC";"DEL07-SC";"UOP01-DEL07-SC"
535850;2023-07-14;"sexta-feira";"15:00:00";"RJ";356;10;"ITAPERUNA";"Condutor Dormindo";"Saída de leito carroçável";"Com Vítimas Feridas";"Pleno dia";"Decrescente";"Céu Claro";"Simples";"Curva";"Não";2;0;1;0;0;3;1;4;-21,17503248;-42,09717594;"SPRF-RJ";"DEL08-RJ";"UOP03-DEL08-RJ"
535853;2023-07-14;"sexta-feira";"16:00:00";"MG";40;145,2;"JOAO PINHEIRO";"Acessar a via sem observar a presença dos outros veículos";"Colisão transversal";"Com Vítimas Feridas";"Pleno dia";"Crescente";"Céu Claro";"Simples";"Declive;Reta;Interseção de Vias";"Não";11;0;1;1;8;1;2;5;-17,75566262;-46,16329585;"SPRF-MG";"DEL14-MG";"UOP02-DEL14-MG"
535855;2023-07-14;"sexta-feira";"19:40:00";"MG";50;20;"UBERLANDIA";"Manobra de mudança de faixa";"Colisão lateral mesmo sentido";"Com Vítimas Feridas";"Plena Noite";"Crescente";"Nublado";"Dupla";"Reta";"Não";4;0;1;2;1;0;3;4;-18,93662213;-48,20695639;"SPRF-MG";"DEL15-MG";"UOP01-DEL15-MG"
535858;2023-07-14;"sexta-feira";"18:35:00";"PR";163;285;"MARECHAL CANDIDO RONDON";"Acessar a via sem observar a presença dos outros veículos";"Colisão transversal";"Com Vítimas Feridas";"Plena Noite";"Crescente";"Céu Claro";"Simples";"Reta;Declive";"Sim";2;0;0;1;1;0;1;2;-24,568102;-54,034168;"SPRF-PR";"DEL06-PR";"UOP02-DEL06-PR"
535860;2023-07-14;"sexta-feira";"19:00:00";"SP";381;31;"ATIBAIA";"Demais falhas mecânicas ou elétricas";"Incêndio";"Sem Vítimas";"Plena Noite";"Crescente";"Céu Claro";"Dupla";"Aclive";"Sim";1;0;0;0;1;0;0;1;-23,0559669;-46,57063716;"SPRF-SP";"DEL03-SP";"UOP02-DEL03-SP"
535864;2023-07-14;"sexta-feira";"20:30:00";"MG";381;905,1;"CAMBUI";"Manobra de mudança de faixa";"Colisão lateral mesmo sentido";"Com Vítimas Feridas";"Plena Noite";"Crescente";"Céu Claro";"Dupla";"Curva";"Não";7;0;4;0;2;1;4;3;-22,69514484;-46,1125442;"SPRF-MG";"DEL16-MG";"UOP03-DEL16-MG"
535873;2023-07-14;"sexta-feira";"18:00:00";"BA";101;840,7;"PRADO";"Frear bruscamente";"Tombamento";"Com Vítimas Feridas";"Anoitecer";"Decrescente";"Ignorado";"Simples";"Declive;Curva";"Não";3;0;1;0;1;1;1;2;-17,2518;-39,627482;"SPRF-BA";"DEL09-BA";"UOP02-DEL09-BA"
535875;2023-07-14;"sexta-feira";"16:30:00";"RS";293;68,1;"PIRATINI";"Velocidade Incompatível";"Colisão traseira";"Com Vítimas Fatais";"Pleno dia";"Decrescente";"Céu Claro";"Simples";"Reta;Declive";"Não";9;1;0;3;3;3;3;7;-31,6950907;-53,00571292;"SPRF-RS";"DEL07-RS";"UOP01-DEL07-RS"
535884;2023-07-14;"sexta-feira";"20:25:00";"MT";364;302,9;"JACIARA";"Reação tardia ou ineficiente do condutor";"Colisão traseira";"Com Vítimas Feridas";"Plena Noite";"Decrescente";"Céu Claro";"Dupla";"Reta";"Não";4;0;1;0;2;2;1;5;-15,83217442;-55,17825816;"SPRF-MT";"DEL05-MT";"UOP02-DEL05-MT"
535888;2023-07-14;"sexta-feira";"22:30:00";"PR";277;291;"PRUDENTOPOLIS";"Transitar na contramão";"Colisão frontal";"Com Vítimas Fatais";"Plena Noite";"Decrescente";"Céu Claro";"Simples";"Reta";"Não";5;1;2;1;0;1;3;3;-25,3195781;-51,01242801;"SPRF-PR";"DEL08-PR";"UOP02-DEL08-PR"
535890;2023-07-14;"sexta-feira";"21:00:00";"MG";116;27,2;"CACHOEIRA DE PAJEU";"Reação tardia ou ineficiente do condutor";"Saída de leito carroçável";"Com Vítimas Fatais";"Plena Noite";"Decrescente";"Nublado";"Simples";"Curva";"Não";1;1;0;0;0;0;0;1;-15,8827529;-41,420799;"SPRF-MG";"DEL11-MG";"UOP02-DEL11-MG"
535897;2023-07-14;"sexta-feira";"23:35:00";"MG";381;480,5;"CONTAGEM";"Ausência de reação do condutor";"Colisão lateral mesmo sentido";"Com Vítimas Feridas";"Plena Noite";"Crescente";"Nublado";"Dupla";"Curva";"Sim";3;0;0;1;1;1;1;3;-19,958015;-44,056931;"SPRF-MG";"DEL01-MG";"UOP03-DEL01-MG"
535899;2023-07-14;"sexta-feira";"23:40:00";"MG";381;273;"CORONEL FABRICIANO";"Animais na Pista";"Colisão frontal";"Com Vítimas Feridas";"Plena Noite";"Decrescente";"Céu Claro";"Simples";"Reta";"Não";5;0;2;1;1;1;3;3;-19,56842682;-42,71237428;"SPRF-MG";"DEL03-MG";"UOP02-DEL03-MG"
535902;2023-07-14;"sexta-feira";"22:44:00";"PR";376;548;"PALMEIRA";"Pedestre andava na pista";"Atropelamento de Pedestre";"Com Vítimas Fatais";"Plena Noite";"Decrescente";"Ignorado";"Dupla";"Reta";"Não";3;1;0;0;1;1;0;3;-25,40907505;-49,77991104;"SPRF-PR";"DEL03-PR";"UOP03-DEL03-PR"
535905;2023-07-14;"sexta-feira";"18:00:00";"MT";364;151;"PEDRA PRETA";"Ingestão de álcool pelo condutor";"Tombamento";"Sem Vítimas";"Anoitecer";"Crescente";"Céu Claro";"Simples";"Reta";"Não";2;0;0;0;1;3;0;4;-16,78856215;-54,21603106;"SPRF-MT";"DEL02-MT";"UOP01-DEL02-MT"
535906;2023-07-14;"sexta-feira";"22:15:00";"SC";101;24,9;"JOINVILLE";"Ausência de reação do condutor";"Colisão traseira";"Com Vítimas Feridas";"Plena Noite";"Crescente";"Céu Claro";"Dupla";"Reta";"Sim";11;0;2;3;5;3;5;8;-26,17483309;-48,90767978;"SPRF-SC";"DEL03-SC";"UOP01-DEL03-SC"
535912;2023-07-15;"sábado";"01:10:00";"SP";116;394;"MIRACATU";"Condutor Dormindo";"Colisão traseira";"Com Vítimas Feridas";"Plena Noite";"Crescente";"Céu Claro";"Dupla";"Reta";"Não";3;0;1;0;1;2;1;4;-24,28717454;-47,45143994;"SPRF-SP";"DEL04-SP";"UOP02-DEL04-SP"
535914;2023-07-14;"sexta-feira";"21:55:00";"PR";277;199,4;"PALMEIRA";"Reação tardia ou ineficiente do condutor";"Colisão traseira";"Com Vítimas Fatais";"Plena Noite";"Crescente";"Céu Claro";"Simples";"Declive;Reta";"Não";2;1;0;0;1;0;0;2;-25,466081;-50,272235;"SPRF-PR";"DEL08-PR";"UOP02-DEL08-PR"
535918;2023-07-15;"sábado";"01:45:00";"RJ";393;246;"BARRA DO PIRAI";"Condutor Dormindo";"Tombamento";"Com Vítimas Feridas";"Plena Noite";"Crescente";"Nevoeiro/Neblina";"Simples";"Curva";"Não";5;0;1;0;3;1;1;2;-22,43418644;-43,72671584;"SPRF-RJ";"DEL05-RJ";"UOP04-DEL05-RJ"
535933;2023-07-15;"sábado";"04:45:00";"MG";116;774,3;"LEOPOLDINA";"Condutor Dormindo";"Colisão lateral sentido oposto";"Com Vítimas Feridas";"Plena Noite";"Crescente";"Nublado";"Simples";"Curva";"Não";4;0;0;1;2;1;1;3;-21,57932128;-42,68264985;"SPRF-MG";"DEL07-MG";"UOP01-DEL07-MG"
535940;2023-07-14;"sexta-feira";"20:15:00";"RJ";116;51;"TERESOPOLIS";"Carga excessiva e/ou mal acondicionada";"Tombamento";"Com Vítimas Feridas";"Plena Noite";"Decrescente";"Céu Claro";"Simples";"Curva";"Não";2;0;2;0;0;0;2;1;-22,18834141;-42,86207381;"SPRF-RJ";"DEL04-RJ";"UOP01-DEL04-RJ"
535944;2023-07-15;"sábado";"05:50:00";"SC";282;571;"NOVA ERECHIM";"Manobra de mudança de faixa";"Colisão traseira";"Com Vítimas Feridas";"Plena Noite";"Decrescente";"Nevoeiro/Neblina";"Simples";"Reta";"Sim";2;0;1;0;1;0;1;2;-26,883053;-52,939816;"SPRF-SC";"DEL07-SC";"UOP02-DEL07-SC"
535946;2023-07-15;"sábado";"05:18:00";"MG";381;732,9;"CARMO DA CACHOEIRA";"Condutor Dormindo";"Colisão traseira";"Com Vítimas Feridas";"Plena Noite";"Crescente";"Céu Claro";"Dupla";"Reta";"Não";2;0;1;0;1;0;1;2;-21,55413799;-45,24499427;"SPRF-MG";"DEL16-MG";"UOP02-DEL16-MG"
535948;2023-07-15;"sábado";"08:20:00";"PR";376;493,5;"PONTA GROSSA";"Ingestão de álcool pelo condutor";"Colisão traseira";"Sem Vítimas";"Pleno dia";"Crescente";"Céu Claro";"Dupla";"Viaduto;Aclive;Reta";"Não";5;0;0;0;4;1;0;5;-25,12552572;-50,17996252;"SPRF-PR";"DEL03-PR";"UOP04-DEL03-PR"
535951;2023-07-15;"sábado";"08:00:00";"PR";376;1;"MARINGA";"Reação tardia ou ineficiente do condutor";"Tombamento";"Com Vítimas Feridas";"Pleno dia";"Crescente";"Céu Claro";"Dupla";"Interseção de Vias";"Sim";3;0;1;0;1;1;1;2;-23,4102141;-51,9880104;"SPRF-PR";"DEL09-PR";"UOP01-DEL09-PR"
535962;2023-07-14;"sexta-feira";"14:30:00";"RJ";40;112;"DUQUE DE CAXIAS";"Reação tardia ou ineficiente do condutor";"Colisão traseira";"Com Vítimas Feridas";"Pleno dia";"Decrescente";"Céu Claro";"Múltipla";"Reta";"Sim";3;0;2;0;1;0;2;2;-22,7004454;-43,29014851;"SPRF-RJ";"DEL01-RJ";"UOP01-DEL01-RJ"
535967;2023-07-15;"sábado";"09:40:00";"MG";381;860,8;"POUSO ALEGRE";"Velocidade Incompatível";"Engavetamento";"Com Vítimas Feridas";"Pleno dia";"Decrescente";"Céu Claro";"Dupla";"Aclive;Reta";"Não";6;0;1;0;5;0;1;4;-22,32505617;-45,91032766;"SPRF-MG";"DEL16-MG";"UOP01-DEL16-MG"
535968;2023-07-15;"sábado";"09:55:00";"SC";158;101,1;"CUNHA PORA";"Desrespeitar a preferência no cruzamento";"Colisão transversal";"Com Vítimas Feridas";"Pleno dia";"Decrescente";"Céu Claro";"Simples";"Declive;Reta";"Não";3;0;1;0;1;1;1;3;-26,82899985;-53,18089264;"SPRF-SC";"DEL07-SC";"UOP02-DEL07-SC"
535972;2023-07-15;"sábado";"07:50:00";"GO";153;215,1;"URUACU";"Ultrapassagem Indevida";"Colisão frontal";"Com Vítimas Feridas";"Pleno dia";"Decrescente";"Céu Claro";"Simples";"Declive;Reta";"Não";4;0;1;1;1;1;2;3;-14,660149;-49,19257;"SPRF-GO";"DEL07-GO";"UOP02-DEL07-GO"
535979;2023-07-15;"sábado";"12:15:00";"PR";369;387,5;"MAMBORE";"Desrespeitar a preferência no cruzamento";"Colisão transversal";"Com Vítimas Feridas";"Pleno dia";"Crescente";"Céu Claro";"Simples";"Interseção de Vias";"Não";2;0;1;1;0;0;2;2;-24,2636;-52,5088;"SPRF-PR";"DEL04-PR";"UOP03-DEL04-PR"
535985;2023-07-15;"sábado";"10:20:00";"MG";116;816;"ALEM PARAIBA";"Sinalização mal posicionada";"Colisão lateral sentido oposto";"Com Vítimas Feridas";"Pleno dia";"Crescente";"Céu Claro";"Simples";"Desvio Temporário";"Sim";5;0;0;1;1;3;1;4;-21,86902523;-42,67084185;"SPRF-MG";"DEL07-MG";"UOP01-DEL07-MG"
535988;2023-07-15;"sábado";"12:31:00";"TO";153;119;"WANDERLANDIA";"Reação tardia ou ineficiente do condutor";"Colisão lateral sentido oposto";"Com Vítimas Feridas";"Pleno dia";"Crescente";"Céu Claro";"Simples";"Reta;Declive";"Não";3;0;1;0;1;3;1;5;-7,02953802;-48,10299691;"SPRF-TO";"DEL02-TO";"UOP01-DEL02-TO"
535990;2023-07-15;"sábado";"08:00:00";"MG";153;75,1;"MONTE ALEGRE DE MINAS";"Estacionar ou parar em local proibido";"Colisão traseira";"Com Vítimas Feridas";"Pleno dia";"Crescente";"Céu Claro";"Simples";"Reta;Ponte;Declive";"Não";5;0;1;0;2;6;1;9;-19,02227706;-49,01308814;"SPRF-MG";"DEL15-MG";"UOP03-DEL15-MG"
535991;2023-07-15;"sábado";"09:50:00";"MG";262;778;"UBERABA";"Ausência de reação do condutor";"Engavetamento";"Com Vítimas Feridas";"Pleno dia";"Decrescente";"Céu Claro";"Simples";"Aclive";"Não";10;0;3;0;6;2;3;5;-19,73370171;-47,74583122;"SPRF-MG";"DEL13-MG";"UOP01-DEL13-MG"
535993;2023-07-15;"sábado";"11:30:00";"PR";467;100,4;"CASCAVEL";"Demais falhas mecânicas ou elétricas";"Incêndio";"Sem Vítimas";"Pleno dia";"Crescente";"Céu Claro";"Dupla";"Reta";"Não";1;0;0;0;1;0;0;1;-24,8947;-53,5355;"SPRF-PR";"DEL04-PR";"UOP01-DEL04-PR"
535999;2023-07-15;"sábado";"14:30:00";"CE";116;12;"FORTALEZA";"Condutor deixou de manter distância do veículo da frente";"Colisão lateral mesmo sentido";"Com Vítimas Feridas";"Pleno dia";"Decrescente";"Céu Claro";"Dupla";"Reta";"Sim";4;0;2;0;1;1;2;4;-3,852077;-38,495525;"SPRF-CE";"DEL01-CE";"UOP02-DEL01-CE"
536000;2023-07-15;"sábado";"11:00:00";"BA";30;237,6;"GUANAMBI";"Demais falhas mecânicas ou elétricas";"Incêndio";"Sem Vítimas";"Pleno dia";"Decrescente";"Sol";"Simples";"Reta";"Não";1;0;0;0;1;0;0;1;-14,13185717;-42,62782588;"SPRF-BA";"DEL08-BA";"UOP01-DEL08-BA"
536016;2023-07-15;"sábado";"15:23:00";"MS";463;102,7;"PONTA PORA";"Transitar no Acostamento";"Colisão com objeto";"Com Vítimas Fatais";"Pleno dia";"Decrescente";"Céu Claro";"Simples";"Reta";"Sim";4;1;0;0;2;1;0;4;-22,61219637;-55,64158218;"SPRF-MS";"DEL04-MS";"UOP03-DEL04-MS"
536022;2023-07-15;"sábado";"15:30:00";"MG";365;95,8;"JEQUITAI";"Demais falhas mecânicas ou elétricas";"Colisão com objeto";"Com Vítimas Fatais";"Pleno dia";"Crescente";"Sol";"Simples";"Ponte;Reta";"Não";1;1;0;0;0;0;0;1;-17,21418093;-44,481062;"SPRF-MG";"DEL12-MG";"UOP01-DEL12-MG"
536025;2023-07-15;"sábado";"17:30:00";"GO";158;20;"BOM JARDIM DE GOIAS";"Manobra de mudança de faixa";"Colisão lateral sentido oposto";"Com Vítimas Feridas";"Anoitecer";"Crescente";"Céu Claro";"Simples";"Reta";"Não";7;0;4;1;1;2;5;5;-16,03086585;-52,17343783;"SPRF-GO";"DEL04-GO";"UOP02-DEL04-GO"
536029;2023-07-15;"sábado";"17:00:00";"MG";153;98,5;"PRATA";"Ausência de reação do condutor";"Saída de leito carroçável";"Com Vítimas Fatais";"Pleno dia";"Decrescente";"Céu Claro";"Simples";"Reta;Declive";"Não";2;1;0;0;0;1;0;2;-19,21129908;-48,93783422;"SPRF-MG";"DEL15-MG";"UOP03-DEL15-MG"
536035;2023-07-15;"sábado";"15:45:00";"PE";116;17,3;"SALGUEIRO";"Ultrapassagem Indevida";"Colisão frontal";"Com Vítimas Fatais";"Pleno dia";"Crescente";"Céu Claro";"Simples";"Curva";"Não";4;1;0;0;1;2;0;4;-7,99306;-39,140823;"SPRF-PE";"DEL05-PE";"UOP01-DEL05-PE"
536041;2023-07-15;"sábado";"18:20:00";"PR";476;177,8;"CONTENDA";"Reação tardia ou ineficiente do condutor";"Saída de leito carroçável";"Com Vítimas Feridas";"Anoitecer";"Decrescente";"Céu Claro";"Simples";"Reta";"Não";2;0;0;1;0;1;1;2;-25,696129;-49,563389;"SPRF-PR";"DEL01-PR";"UOP06-DEL01-PR"
536049;2023-07-15;"sábado";"13:32:00";"MG";381;810,5;"CAREACU";"Velocidade Incompatível";"Colisão lateral mesmo sentido";"Com Vítimas Feridas";"Pleno dia";"Decrescente";"Céu Claro";"Dupla";"Reta";"Não";4;0;2;0;1;2;2;4;-22,04560399;-45,68921401;"SPRF-MG";"DEL16-MG";"UOP02-DEL16-MG"
536051;2023-07-15;"sábado";"12:50:00";"PR";277;504,1;"GUARANIACU";"Velocidade Incompatível";"Tombamento";"Com Vítimas Feridas";"Pleno dia";"Decrescente";"Céu Claro";"Simples";"Curva";"Não";5;0;0;3;1;1;3;2;-25,14324156;-52,70593386;"SPRF-PR";"DEL04-PR";"UOP04-DEL04-PR"
536065;2023-07-15;"sábado";"14:30:00";"MA";135;190,8;"SAO MATEUS DO MARANHAO";"Demais falhas mecânicas ou elétricas";"Incêndio";"Sem Vítimas";"Pleno dia";"Decrescente";"Céu Claro";"Simples";"Reta";"Não";1;0;0;0;1;0;0;1;-4,10940899;-44,47204083;"SPRF-MA";"DEL03-MA";"UOP01-DEL03-MA"
536067;2023-07-15;"sábado";"19:10:00";"SC";101;134;"BALNEARIO CAMBORIU";"Trafegar com motocicleta (ou similar) entre as faixas";"Colisão lateral mesmo sentido";"Com Vítimas Feridas";"Pleno dia";"Crescente";"Nublado";"Múltipla";"Reta";"Sim";3;0;0;1;1;3;1;5;-27,00218;-48,636433;"SPRF-SC";"DEL04-SC";"UOP03-DEL04-SC"
536090;2023-07-15;"sábado";"21:35:00";"PE";423;70,6;"JUPI";"Acessar a via sem observar a presença dos outros veículos";"Colisão transversal";"Sem Vítimas";"Plena Noite";"Crescente";"Céu Claro";"Simples";"Declive;Reta";"Não";4;0;0;0;2;2;0;3;-8,68393495;-36,40767506;"SPRF-PE";"DEL03-PE";"UOP01-DEL03-PE"
536100;2023-07-15;"sábado";"14:00:00";"BA";116;512;"SANTA TERESINHA";"Velocidade Incompatível";"Colisão frontal";"Com Vítimas Fatais";"Pleno dia";"Decrescente";"Céu Claro";"Simples";"Reta";"Não";5;4;0;0;0;1;0;2;-12,65310515;-39,61371492;"SPRF-BA";"DEL03-BA";"UOP02-DEL03-BA"
536111;2023-07-16;"domingo";"01:20:00";"AP";210;13;"MACAPA";"Reação tardia ou ineficiente do condutor";"Atropelamento de Pedestre";"Com Vítimas Fatais";"Plena Noite";"Decrescente";"Céu Claro";"Simples";"Curva";"Não";3;1;0;0;1;3;0;5;0,14168188;-51,1439583;"SPRF-AP";"DEL01-AP";"UOP01-DEL01-AP"
536114;2023-07-16;"domingo";"01:45:00";"MG";459;68,4;"SENADOR JOSE BENTO";"Ausência de reação do condutor";"Capotamento";"Com Vítimas Fatais";"Plena Noite";"Crescente";"Céu Claro";"Simples";"Declive;Curva";"Não";1;1;0;0;0;0;0;1;-22,131567;-46,175579;"SPRF-MG";"DEL09-MG";"UOP01-DEL09-MG"
536116;2023-07-16;"domingo";"00:30:00";"MT";364;272;"JACIARA";"Ausência de reação do condutor";"Colisão traseira";"Com Vítimas Feridas";"Pleno dia";"Decrescente";"Céu Claro";"Dupla";"Aclive";"Sim";4;0;1;1;2;0;2;2;-15,96667987;-54,96121981;"SPRF-MT";"DEL05-MT";"UOP02-DEL05-MT"
536134;2023-07-16;"domingo";"04:00:00";"SC";282;645,1;"SAO MIGUEL DO OESTE";"Ausência de reação do condutor";"Colisão frontal";"Com Vítimas Feridas";"Plena Noite";"Decrescente";"Céu Claro";"Simples";"Reta";"Não";2;0;1;0;1;0;1;2;-26,765184;-53,487823;"SPRF-SC";"DEL07-SC";"UOP03-DEL07-SC"
536150;2023-07-16;"domingo";"05:30:00";"SC";101;106;"PENHA";"Velocidade Incompatível";"Saída de leito carroçável";"Sem Vítimas";"Plena Noite";"Decrescente";"Nevoeiro/Neblina";"Dupla";"Curva";"Não";3;0;0;0;2;1;0;2;-26,81693585;-48,68293047;"SPRF-SC";"DEL03-SC";"UOP02-DEL03-SC"
536158;2023-07-16;"domingo";"06:30:00";"MT";364;285,4;"JACIARA";"Reação tardia ou ineficiente do condutor";"Tombamento";"Com Vítimas Feridas";"Pleno dia";"Decrescente";"Céu Claro";"Dupla";"Curva";"Não";2;0;0;1;0;1;1;2;-15,90624979;-55,04864784;"SPRF-MT";"DEL05-MT";"UOP02-DEL05-MT"
536160;2023-07-16;"domingo";"07:25:00";"PR";153;34,5;"SANTO ANTONIO DA PLATINA";"Ingestão de álcool pelo condutor";"Colisão lateral mesmo sentido";"Com Vítimas Feridas";"Pleno dia";"Crescente";"Céu Claro";"Simples";"Aclive";"Não";5;0;2;0;2;3;2;5;-23,24053595;-50,03827052;"SPRF-PR";"DEL07-PR";"UOP04-DEL07-PR"
536181;2023-07-16;"domingo";"10:20:00";"PI";343;183;"PIRIPIRI";"Acessar a via sem observar a presença dos outros veículos";"Colisão transversal";"Com Vítimas Feridas";"Pleno dia";"Crescente";"Céu Claro";"Simples";"Reta";"Sim";6;0;0;4;1;1;4;3;-4,264742;-41,756226;"SPRF-PI";"DEL02-PI";"UOP01-DEL02-PI"
536188;2023-07-16;"domingo";"11:30:00";"MT";163;885;"CLAUDIA";"Ultrapassagem Indevida";"Colisão lateral mesmo sentido";"Com Vítimas Fatais";"Pleno dia";"Crescente";"Céu Claro";"Simples";"Curva";"Não";8;3;0;2;2;4;2;7;-11,51147717;-55,37569427;"SPRF-MT";"DEL06-MT";"UOP02-DEL06-MT"
536192;2023-07-16;"domingo";"08:20:00";"SE";235;19,5;"LARANJEIRAS";"Velocidade Incompatível";"Saída de leito carroçável";"Sem Vítimas";"Pleno dia";"Crescente";"Chuva";"Simples";"Curva";"Não";1;0;0;0;0;1;0;1;-10,84079;-37,215904;"SPRF-SE";"DEL01-SE";"UOP02-DEL01-SE"
536193;2023-07-16;"domingo";"13:00:00";"PR";277;35,1;"MORRETES";"Reação tardia ou ineficiente do condutor";"Colisão traseira";"Com Vítimas Feridas";"Pleno dia";"Decrescente";"Sol";"Dupla";"Declive;Curva";"Não";3;0;2;0;0;3;2;5;-25,574208;-48,828065;"SPRF-PR";"DEL01-PR";"UOP05-DEL01-PR"
536194;2023-07-16;"domingo";"08:20:00";"MA";222;643,8;"ACAILANDIA";"Condutor Dormindo";"Colisão frontal";"Com Vítimas Feridas";"Pleno dia";"Decrescente";"Sol";"Simples";"Declive;Curva";"Não";3;0;2;1;0;0;3;2;-4,7973408;-47,22026797;"SPRF-MA";"DEL04-MA";"UOP03-DEL04-MA"
536198;2023-07-15;"sábado";"20:26:00";"AC";364;94;"SENADOR GUIOMARD";"Transitar na contramão";"Colisão lateral sentido oposto";"Com Vítimas Fatais";"Plena Noite";"Crescente";"Céu Claro";"Simples";"Ponte;Reta";"Não";5;1;0;0;3;1;0;3;-10,0798599;-67,54185396;"SPRF-AC";"DEL01-AC";"UOP03-DEL01-AC"
536199;2023-07-16;"domingo";"10:15:00";"MG";116;729,2;"LARANJAL";"Acessar a via sem observar a presença dos outros veículos";"Colisão lateral mesmo sentido";"Com Vítimas Feridas";"Pleno dia";"Decrescente";"Céu Claro";"Simples";"Reta";"Não";3;0;1;0;1;1;1;3;-21,30969372;-42,43657622;"SPRF-MG";"DEL07-MG";"UOP02-DEL07-MG"
536202;2023-07-16;"domingo";"12:00:00";"MA";135;47;"BACABEIRA";"Condutor usando celular";"Colisão traseira";"Com Vítimas Feridas";"Pleno dia";"Decrescente";"Céu Claro";"Dupla";"Reta";"Não";5;0;0;2;3;0;2;2;-2,93871687;-44,33065366;"SPRF-MA";"DEL01-MA";"UOP01-DEL01-MA"
536208;2023-07-16;"domingo";"14:00:00";"MS";262;209;"RIBAS DO RIO PARDO";"Reação tardia ou ineficiente do condutor";"Colisão lateral sentido oposto";"Com Vítimas Feridas";"Pleno dia";"Decrescente";"Sol";"Simples";"Declive";"Não";7;0;2;1;3;3;3;5;-20,46542;-53,476992;"SPRF-MS";"DEL07-MS";"UOP02-DEL07-MS"
536214;2023-07-16;"domingo";"11:45:00";"MT";364;238,4;"JUSCIMEIRA";"Manobra de mudança de faixa";"Colisão transversal";"Sem Vítimas";"Pleno dia";"Crescente";"Céu Claro";"Dupla";"Reta;Aclive";"Não";6;0;0;0;3;5;0;5;-16,19634212;-54,78316547;"SPRF-MT";"DEL02-MT";"UOP01-DEL02-MT"