"id";"data_inversa";"dia_semana";"horario";"uf";"br";"km";"municipio";"causa_acidente";"tipo_acidente";"classificacao_acidente";"fase_dia";"sentido_via";"condicao_metereologica";"tipo_pista";"tracado_via";"uso_solo";"pessoas";"mortos";"feridos_leves";"feridos_graves";"ilesos";"ignorados";"feridos";"veiculos";"latitude";"longitude";"regional";"delegacia";"uop"
536235;2023-07-16;"domingo";"16:50:00";"PR";116;152;"MANDIRITUBA";"Condutor deixou de manter distância do veículo da frente";"Engavetamento";"Com Vítimas Feridas";"Pleno dia";"Decrescente";"Céu Claro";"Simples";"Reta";"Sim";11;0;1;0;9;3;1;8;-25,86016683;-49,36075151;"SPRF-PR";"DEL01-PR";"UOP03-DEL01-PR"
536241;2023-07-16;"domingo";"17:00:00";"TO";153;513;"PARAISO DO TOCANTINS";"Frear bruscamente";"Colisão traseira";"Sem Vítimas";"Pleno dia";"Crescente";"Céu Claro";"Simples";"Reta";"Não";6;0;0;0;5;2;0;5;-10,29936901;-48,88409895;"SPRF-TO";"DEL01-TO";"UOP01-DEL01-TO"
536244;2023-07-16;"domingo";"16:30:00";"SC";101;12;"GARUVA";"Velocidade Incompatível";"Colisão traseira";"Com Vítimas Feridas";"Pleno dia";"Crescente";"Nublado";"Dupla";"Aclive;Reta";"Não";6;0;3;0;2;1;3;6;-26,08104399;-48,86175612;"SPRF-SC";"DEL03-SC";"UOP01-DEL03-SC"
536246;2023-07-16;"domingo";"17:00:00";"SC";280;98,6;"SAO BENTO DO SUL";"Velocidade Incompatível";"Tombamento";"Com Vítimas Fatais";"Pleno dia";"Crescente";"Céu Claro";"Simples";"Curva;Aclive";"Não";2;1;0;0;0;1;0;2;-26,37111848;-49,32696104;"SPRF-SC";"DEL06-SC";"UOP03-DEL06-SC"
536247;2023-07-16;"domingo";"16:10:00";"TO";153;345,2;"GUARAI";"Ultrapassagem Indevida";"Colisão lateral mesmo sentido";"Com Vítimas Feridas";"Pleno dia";"Crescente";"Céu Claro";"Simples";"Reta";"Não";7;0;2;0;4;3;2;5;-8,93568917;-48,50773634;"SPRF-TO";"DEL02-TO";"UOP02-DEL02-TO"
536250;2023-07-16;"domingo";"16:00:00";"MT";364;315,2;"CAMPO VERDE";"Reação tardia ou ineficiente do condutor";"Colisão lateral mesmo sentido";"Com Vítimas Feridas";"Pleno dia";"Crescente";"Céu Claro";"Dupla";"Curva";"Não";3;0;1;0;1;3;1;5;-15,80827535;-55,28328306;"SPRF-MT";"DEL05-MT";"UOP02-DEL05-MT"
536256;2023-07-16;"domingo";"16:10:00";"RO";364;361;"JI-PARANA";"Condutor deixou de manter distância do veículo da frente";"Colisão traseira";"Com Vítimas Feridas";"Pleno dia";"Decrescente";"Céu Claro";"Simples";"Aclive;Curva";"Não";7;0;2;0;4;3;2;6;-10,779437;-62,061907;"SPRF-RO";"DEL02-RO";"UOP01-DEL02-RO"
536258;2023-07-16;"domingo";"18:10:00";"MG";40;610,2;"CONGONHAS";"Entrada inopinada do pedestre";"Atropelamento de Pedestre";"Com Vítimas Feridas";"Plena Noite";"Crescente";"Céu Claro";"Simples";"Reta";"Sim";3;0;0;1;0;2;1;3;-20,5019758;-43,83840447;"SPRF-MG";"DEL05-MG";"UOP02-DEL05-MG"
536274;2023-07-16;"domingo";"19:15:00";"SP";116;294;"ITAPECERICA DA SERRA";"Trafegar com motocicleta (ou similar) entre as faixas";"Colisão lateral mesmo sentido";"Com Vítimas Feridas";"Plena Noite";"Decrescente";"Céu Claro";"Dupla";"Reta";"Não";5;0;0;2;2;2;2;5;-23,76154691;-46,90483412;"SPRF-SP";"DEL04-SP";"UOP01-DEL04-SP"
536276;2023-07-16;"domingo";"18:11:00";"MS";163;768;"COXIM";"Acessar a via sem observar a presença dos outros veículos";"Atropelamento de Pedestre";"Com Vítimas Feridas";"Plena Noite";"Crescente";"Céu Claro";"Simples";"Reta";"Não";3;0;0;1;1;1;1;3;-18,18749118;-54,65391279;"SPRF-MS";"DEL06-MS";"UOP01-DEL06-MS"
536296;2023-07-16;"domingo";"10:30:00";"PA";155;225;"ELDORADO DO CARAJAS";"Afundamento ou ondulação no pavimento";"Saída de leito carroçável";"Com Vítimas Feridas";"Pleno dia";"Crescente";"Céu Claro";"Simples";"Reta";"Não";8;0;5;0;2;1;5;4;-6,31621;-49,368168;"SPRF-PA";"DEL03-PA";"UOP01-DEL03-PA"
536298;2023-07-16;"domingo";"19:00:00";"BA";101;799,7;"ITAMARAJU";"Reação tardia ou ineficiente do condutor";"Tombamento";"Com Vítimas Feridas";"Plena Noite";"Crescente";"Céu Claro";"Simples";"Reta";"Não";2;0;1;0;0;1;1;2;-17,18376299;-39,58077401;"SPRF-BA";"DEL09-BA";"UOP01-DEL09-BA"
536299;2023-07-16;"domingo";"18:45:00";"MG";251;361,2;"PADRE CARVALHO";"Condutor deixou de manter distância do veículo da frente";"Colisão traseira";"Com Vítimas Feridas";"Plena Noite";"Decrescente";"Céu Claro";"Simples";"Curva";"Não";5;0;0;1;3;1;1;4;-16,27077165;-42,59607553;"SPRF-MG";"DEL12-MG";"UOP02-DEL12-MG"
536306;2023-07-16;"domingo";"20:30:00";"SC";101;11,5;"GARUVA";"Problema na suspensão";"Colisão lateral mesmo sentido";"Com Vítimas Feridas";"Plena Noite";"Crescente";"Nublado";"Dupla";"Reta";"Não";3;0;1;0;1;2;1;4;-26,07202503;-48,86100853;"SPRF-SC";"DEL03-SC";"UOP01-DEL03-SC"
536311;2023-07-16;"domingo";"21:30:00";"MA";135;6;"SAO LUIS";"Ausência de reação do condutor";"Colisão traseira";"Com Vítimas Feridas";"Plena Noite";"Decrescente";"Céu Claro";"Dupla";"Reta";"Sim";4;0;0;1;3;0;1;3;-2,62877986;-44,26321818;"SPRF-MA";"DEL01-MA";"UOP01-DEL01-MA"
536313;2023-07-16;"domingo";"20:45:00";"BA";101;816;"ITAMARAJU";"Reação tardia ou ineficiente do condutor";"Colisão com objeto";"Com Vítimas Feridas";"Plena Noite";"Crescente";"Céu Claro";"Simples";"Curva";"Não";1;0;0;1;0;0;1;1;-17,085909;-39,571321;"SPRF-BA";"DEL09-BA";"UOP02-DEL09-BA"
536325;2023-07-16;"domingo";"22:30:00";"SC";280;22,3;"ARAQUARI";"Ingestão de álcool pelo condutor";"Saída de leito carroçável";"Com Vítimas Feridas";"Plena Noite";"Decrescente";"Nublado";"Simples";"Reta";"Não";3;0;1;0;1;1;1;2;-26,37092616;-48,70204099;"SPRF-SC";"DEL03-SC";"UOP03-DEL03-SC"
536328;2023-07-16;"domingo";"21:50:00";"PB";361;4,7;"PATOS";"Ausência de reação do condutor";"Colisão lateral sentido oposto";"Com Vítimas Feridas";"Pleno dia";"Crescente";"Céu Claro";"Simples";"Reta";"Não";2;0;1;0;1;0;1;2;-7,03594312;-37,31112598;"SPRF-PB";"DEL03-PB";"UOP01-DEL03-PB"
536338;2023-07-16;"domingo";"17:20:00";"MG";262;553,2;"LUZ";"Velocidade Incompatível";"Tombamento";"Com Vítimas Feridas";"Anoitecer";"Decrescente";"Céu Claro";"Simples";"Declive;Curva";"Não";2;0;1;0;0;1;1;2;-19,71819541;-45,89938601;"SPRF-MG";"DEL08-MG";"UOP02-DEL08-MG"
536343;2023-07-16;"domingo";"21:20:00";"MG";40;180,7;"JOAO PINHEIRO";"Reação tardia ou ineficiente do condutor";"Colisão com objeto";"Com Vítimas Feridas";"Plena Noite";"Crescente";"Céu Claro";"Simples";"Ponte";"Não";2;0;1;0;0;1;1;2;-17,9694458;-45,98046692;"SPRF-MG";"DEL14-MG";"UOP02-DEL14-MG"
536345;2023-07-17;"segunda-feira";"00:05:00";"GO";50;281,2;"CATALAO";"Condutor deixou de manter distância do veículo da frente";"Colisão traseira";"Sem Vítimas";"Plena Noite";"Decrescente";"Céu Claro";"Simples";"Reta";"Sim";2;0;0;0;1;1;0;2;-18,1838;-47,9441;"SPRF-GO";"DEL06-GO";"UOP01-DEL06-GO"
536347;2023-07-16;"domingo";"23:45:00";"MA";135;10;"SAO LUIS";"Reação tardia ou ineficiente do condutor";"Colisão traseira";"Com Vítimas Feridas";"Plena Noite";"Crescente";"Céu Claro";"Dupla";"Curva;Interseção de Vias;Declive";"Sim";4;0;2;0;1;1;2;2;-2,655912;-44,28629098;"SPRF-MA";"DEL01-MA";"UOP01-DEL01-MA"
536348;2023-07-17;"segunda-feira";"00:30:00";"RJ";101;295;"ITABORAI";"Ausência de reação do condutor";"Colisão lateral mesmo sentido";"Com Vítimas Feridas";"Plena Noite";"Crescente";"Céu Claro";"Múltipla";"Reta";"Sim";4;0;1;0;2;1;1;3;-22,76365068;-42,90223623;"SPRF-RJ";"DEL02-RJ";"UOP02-DEL02-RJ"
536350;2023-07-16;"domingo";"23:50:00";"MA";226;302,8;"BARRA DO CORDA";"Acostamento em desnível";"Tombamento";"Com Vítimas Feridas";"Plena Noite";"Crescente";"Céu Claro";"Simples";"Reta";"Sim";2;0;1;0;0;1;1;2;-5,49733929;-45,26542899;"SPRF-MA";"DEL06-MA";"UOP01-DEL06-MA"
536352;2023-07-17;"segunda-feira";"00:49:00";"RO";364;236;"CACOAL";"Ingestão de álcool pelo condutor";"Colisão frontal";"Com Vítimas Feridas";"Plena Noite";"Crescente";"Céu Claro";"Simples";"Declive;Reta";"Sim";4;0;2;0;1;1;2;3;-11,44491556;-61,44130826;"SPRF-RO";"DEL02-RO";"UOP02-DEL02-RO"
536354;2023-07-16;"domingo";"07:00:00";"BA";101;526;"BUERAREMA";"Demais falhas mecânicas ou elétricas";"Tombamento";"Com Vítimas Feridas";"Pleno dia";"Decrescente";"Garoa/Chuvisco";"Simples";"Reta";"Sim";2;0;1;0;0;2;1;3;-14,96438164;-39,31347758;"SPRF-BA";"DEL05-BA";"UOP01-DEL05-BA"
536357;2023-07-17;"segunda-feira";"03:30:00";"BA";242;786;"BARREIRAS";"Ausência de reação do condutor";"Colisão traseira";"Com Vítimas Feridas";"Plena Noite";"Decrescente";"Céu Claro";"Simples";"Reta";"Sim";2;0;0;1;1;0;1;2;-12,13956292;-44,76317799;"SPRF-BA";"DEL10-BA";"UOP01-DEL10-BA"
536359;2023-07-17;"segunda-feira";"04:40:00";"PB";230;91,4;"GURINHEM";"Ausência de reação do condutor";"Colisão traseira";"Com Vítimas Feridas";"Amanhecer";"Decrescente";"Céu Claro";"Dupla";"Aclive;Reta";"Não";17;0;9;6;1;1;15;3;-7,1746;-35,4022;"SPRF-PB";"DEL01-PB";"UOP03-DEL01-PB"
536360;2023-07-17;"segunda-feira";"05:00:00";"SC";101;174,1;"BIGUACU";"Estacionar ou parar em local proibido";"Colisão traseira";"Com Vítimas Feridas";"Plena Noite";"Crescente";"Céu Claro";"Dupla";"Reta";"Não";2;0;0;1;1;0;1;2;-27,33081601;-48,62697562;"SPRF-SC";"DEL01-SC";"UOP01-DEL01-SC"
536367;2023-07-16;"domingo";"23:00:00";"GO";20;125,4;"FLORES DE GOIAS";"Ultrapassagem Indevida";"Colisão frontal";"Sem Vítimas";"Plena Noite";"Decrescente";"Céu Claro";"Simples";"Aclive";"Não";2;0;0;0;1;1;0;2;-14,854227;-46,78397;"SPRF-DF";"DEL02-DF";"UOP03-DEL02-DF"
536369;2023-07-17;"segunda-feira";"06:30:00";"CE";222;190;"SOBRAL";"Reação tardia ou ineficiente do condutor";"Saída de leito carroçável";"Com Vítimas Feridas";"Pleno dia";"Decrescente";"Céu Claro";"Simples";"Reta";"Não";4;0;1;1;1;1;2;2;-3,77958608;-40,1251898;"SPRF-CE";"DEL04-CE";"UOP01-DEL04-CE"
536372;2023-07-16;"domingo";"20:40:00";"BA";330;889;"UBAITABA";"Pista esburacada";"Saída de leito carroçável";"Com Vítimas Feridas";"Plena Noite";"Crescente";"Céu Claro";"Simples";"Curva";"Não";2;0;2;0;0;0;2;1;-14,25939197;-39,35268402;"SPRF-BA";"DEL05-BA";"UOP01-DEL05-BA"
536388;2023-07-14;"sexta-feira";"17:15:00";"SC";282;611,5;"MARAVILHA";"Reação tardia ou ineficiente do condutor";"Colisão frontal";"Com Vítimas Feridas";"Pleno dia";"Decrescente";"Céu Claro";"Simples";"Declive;Reta";"Não";3;0;1;0;2;0;1;3;-26,75906;-53,248955;"SPRF-SC";"DEL07-SC";"UOP02-DEL07-SC"
536394;2023-07-16;"domingo";"16:20:00";"BA";110;154;"RIBEIRA DO POMBAL";"Demais falhas mecânicas ou elétricas";"Incêndio";"Sem Vítimas";"Pleno dia";"Decrescente";"Céu Claro";"Simples";"Reta";"Sim";6;0;0;0;1;5;0;3;-10,71682605;-38,47177696;"SPRF-BA";"DEL07-BA";"UOP02-DEL07-BA"
536395;2023-07-17;"segunda-feira";"08:15:00";"ES";101;350,9;"ANCHIETA";"Carga excessiva e/ou mal acondicionada";"Derramamento de carga";"Sem Vítimas";"Pleno dia";"Decrescente";"Céu Claro";"Simples";"Curva";"Não";2;0;0;0;1;1;0;2;-20,65985684;-40,64894709;"SPRF-ES";"DEL03-ES";"UOP01-DEL03-ES"
536409;2023-07-17;"segunda-feira";"08:30:00";"PI";316;204,5;"VALENCA DO PIAUI";"Ingestão de substâncias psicoativas pelo condutor";"Colisão lateral mesmo sentido";"Com Vítimas Feridas";"Pleno dia";"Crescente";"Céu Claro";"Simples";"Reta";"Não";7;0;3;0;3;1;3;3;-6,34990236;-41,80395131;"SPRF-PI";"DEL04-PI";"UOP02-DEL04-PI"
536415;2023-07-17;"segunda-feira";"08:05:00";"MG";365;624;"UBERLANDIA";"Ultrapassagem Indevida";"Colisão lateral mesmo sentido";"Com Vítimas Feridas";"Pleno dia";"Decrescente";"Céu Claro";"Simples";"Reta";"Sim";3;0;1;0;1;1;1;3;-18,90754763;-48,3160669;"SPRF-MG";"DEL15-MG";"UOP01-DEL15-MG"
536417;2023-07-17;"segunda-feira";"10:00:00";"MG";40;585;"ITABIRITO";"Demais falhas mecânicas ou elétricas";"Eventos atípicos";"Com Vítimas Feridas";"Pleno dia";"Crescente";"Céu Claro";"Simples";"Declive;Reta";"Não";4;0;2;0;1;3;2;5;-20,33358116;-43,92346859;"SPRF-MG";"DEL01-MG";"UOP02-DEL01-MG"
536418;2023-07-03;"segunda-feira";"18:00:00";"MS";163;118;"NAVIRAI";"Objeto estático sobre o leito carroçável";"Colisão com objeto";"Sem Vítimas";"Anoitecer";"Decrescente";"Nublado";"Simples";"Reta";"Não";4;0;0;0;3;1;0;2;-23,127331;-54,203379;"SPRF-MS";"DEL09-MS";"UOP01-DEL09-MS"
536421;2023-07-17;"segunda-feira";"11:15:00";"ES";101;293;"CARIACICA";"Manobra de mudança de faixa";"Colisão lateral mesmo sentido";"Com Vítimas Feridas";"Pleno dia";"Decrescente";"Céu Claro";"Dupla";"Reta";"Sim";2;0;1;0;1;0;1;2;-20,31526144;-40,39567044;"SPRF-ES";"DEL01-ES";"UOP01-DEL01-ES"
536422;2023-07-17;"segunda-feira";"10:30:00";"MA";135;5;"SAO LUIS";"Pedestre cruzava a pista fora da faixa";"Atropelamento de Pedestre";"Com Vítimas Feridas";"Pleno dia";"Crescente";"Sol";"Dupla";"Reta";"Sim";3;0;1;1;1;0;2;2;-2,62145385;-44,25797421;"SPRF-MA";"DEL01-MA";"UOP01-DEL01-MA"
536423;2023-07-17;"segunda-feira";"11:25:00";"MG";381;479,5;"CONTAGEM";"Ausência de sinalização";"Colisão traseira";"Com Vítimas Feridas";"Pleno dia";"Crescente";"Nublado";"Dupla";"Aclive;Reta";"Sim";3;0;0;1;1;1;1;3;-19,962372;-44,049856;"SPRF-MG";"DEL01-MG";"UOP03-DEL01-MG"
536428;2023-07-17;"segunda-feira";"11:35:00";"PE";101;73,2;"RECIFE";"Ultrapassagem Indevida";"Tombamento";"Com Vítimas Fatais";"Pleno dia";"Crescente";"Céu Claro";"Dupla";"Reta;Ponte";"Sim";4;1;0;0;2;2;0;4;-8,093369;-34,947464;"SPRF-PE";"DEL01-PE";"UOP01-DEL01-PE"
536432;2023-07-17;"segunda-feira";"11:00:00";"MT";364;372;"SANTO ANTONIO DO LEVERGER";"Retorno proibido";"Colisão transversal";"Com Vítimas Feridas";"Pleno dia";"Crescente";"Céu Claro";"Dupla";"Reta;Rotatória";"Não";3;0;1;0;1;2;1;4;-15,71316342;-55,69410819;"SPRF-MT";"DEL01-MT";"UOP02-DEL01-MT"
536440;2023-06-15;"quinta-feira";"18:30:00";"RS";471;153,8;"SANTA CRUZ DO SUL";"Pedestre andava na pista";"Atropelamento de Pedestre";"Com Vítimas Fatais";"Plena Noite";"Decrescente";"Chuva";"Simples";"Declive;Reta";"Não";2;1;0;0;0;1;0;2;-29,807357;-52,405497;"SPRF-RS";"DEL02-RS";"UOP03-DEL02-RS"
536447;2023-07-17;"segunda-feira";"11:00:00";"MA";316;40;"MARACACUME";"Mal súbito do condutor";"Colisão frontal";"Com Vítimas Fatais";"Pleno dia";"Decrescente";"Céu Claro";"Simples";"Reta";"Não";2;1;1;0;0;0;1;2;-1,929815;-46,036091;"SPRF-MA";"DEL02-MA";"UOP02-DEL02-MA"
536450;2023-07-17;"segunda-feira";"12:00:00";"MA";222;413,9;"SANTA LUZIA";"Transitar na contramão";"Colisão frontal";"Com Vítimas Fatais";"Pleno dia";"Decrescente";"Céu Claro";"Simples";"Reta";"Não";3;1;0;0;2;0;0;2;-3,987242;-45,691709;"SPRF-MA";"DEL02-MA";"UOP01-DEL02-MA"
536452;2023-07-17;"segunda-feira";"12:10:00";"PR";153;466;"PORTO VITORIA";"Acessar a via sem observar a presença dos outros veículos";"Colisão transversal";"Com Vítimas Feridas";"Pleno dia";"Decrescente";"Céu Claro";"Simples";"Reta";"Sim";7;0;3;2;1;1;5;3;-26,25477946;-51,16384506;"SPRF-PR";"DEL02-PR";"UOP03-DEL02-PR"
536457;2023-07-17;"segunda-feira";"11:15:00";"PR";163;168;"LINDOESTE";"Ausência de reação do condutor";"Saída de leito carroçável";"Com Vítimas Feridas";"Pleno dia";"Crescente";"Nublado";"Dupla";"Em Obras;Aclive;Curva";"Não";2;0;1;0;0;1;1;2;-25,29248982;-53,57038619;"SPRF-PR";"DEL05-PR";"UOP05-DEL05-PR"
536461;2023-07-17;"segunda-feira";"13:00:00";"MT";158;124;"CONFRESA";"Reação tardia ou ineficiente do condutor";"Tombamento";"Com Vítimas Feridas";"Pleno dia";"Crescente";"Sol";"Simples";"Curva;Aclive";"Não";4;0;0;1;2;4;1;7;-10,521992;-51,473931;"SPRF-MT";"DEL07-MT";"NPF/DEL07-MT"
536464;2023-07-17;"segunda-feira";"14:54:00";"SP";116;272;"TABOAO DA SERRA";"Ausência de reação do condutor";"Colisão traseira";"Com Vítimas Feridas";"Pleno dia";"Crescente";"Céu Claro";"Dupla";"Reta";"Sim";4;0;1;0;2;1;1;4;-23,621691;-46,813288;"SPRF-SP";"DEL04-SP";"UOP01-DEL04-SP"
536487;2023-07-17;"segunda-feira";"15:00:00";"PR";376;499;"PONTA GROSSA";"Acessar a via sem observar a presença dos outros veículos";"Atropelamento de Pedestre";"Com Vítimas Feridas";"Pleno dia";"Decrescente";"Chuva";"Dupla";"Reta";"Não";3;0;0;1;0;2;1;2;-25,19475149;-50,07738945;"SPRF-PR";"DEL03-PR";"UOP04-DEL03-PR"
536488;2023-07-17;"segunda-feira";"17:30:00";"ES";101;383,8;"RIO NOVO DO SUL";"Velocidade Incompatível";"Tombamento";"Com Vítimas Feridas";"Pleno dia";"Decrescente";"Céu Claro";"Simples";"Curva";"Não";3;0;1;1;0;2;2;4;-20,82532924;-40,85473381;"SPRF-ES";"DEL03-ES";"UOP01-DEL03-ES"
536507;2023-07-17;"segunda-feira";"17:50:00";"MS";60;352,2;"CAMPO GRANDE";"Reação tardia ou ineficiente do condutor";"Colisão com objeto";"Com Vítimas Fatais";"Anoitecer";"Crescente";"Céu Claro";"Simples";"Aclive";"Não";2;1;0;0;0;1;0;2;-20,450797;-54,747878;"SPRF-MS";"DEL01-MS";"UOP03-DEL01-MS"
536510;2023-06-30;"sexta-feira";"07:00:00";"MT";70;612;"POCONE";"Ultrapassagem Indevida";"Colisão frontal";"Com Vítimas Fatais";"Pleno dia";"Decrescente";"Céu Claro";"Simples";"Reta";"Não";9;1;3;1;1;4;4;5;-15,85223309;-56,831131;"SPRF-MT";"DEL03-MT";"UOP02-DEL03-MT"
536515;2023-07-17;"segunda-feira";"18:50:00";"BA";116;464,9;"SANTO ESTEVAO";"Deficiência do Sistema de Iluminação/Sinalização";"Colisão lateral mesmo sentido";"Com Vítimas Feridas";"Plena Noite";"Decrescente";"Céu Claro";"Dupla";"Reta";"Não";2;0;0;1;0;1;1;2;-12,44815636;-39,24588382;"SPRF-BA";"DEL02-BA";"UOP01-DEL02-BA"
536523;2023-07-17;"segunda-feira";"19:00:00";"MS";463;35;"PONTA PORA";"Ausência de sinalização";"Colisão traseira";"Com Vítimas Feridas";"Plena Noite";"Crescente";"Céu Claro";"Simples";"Reta";"Não";3;0;1;0;1;1;1;3;-22,30412615;-55,11399797;"SPRF-MS";"DEL04-MS";"UOP03-DEL04-MS"
536527;2023-07-17;"segunda-feira";"19:40:00";"RS";392;121,5;"CANGUCU";"Transitar na contramão";"Colisão frontal";"Sem Vítimas";"Plena Noite";"Crescente";"Céu Claro";"Simples";"Rotatória";"Não";2;0;0;0;2;0;0;2;-31,39134151;-52,69918993;"SPRF-RS";"DEL07-RS";"UOP01-DEL07-RS"
536528;2023-07-17;"segunda-feira";"15:20:00";"RJ";493;23;"MAGE";"Entrada inopinada do pedestre";"Atropelamento de Pedestre";"Com Vítimas Fatais";"Pleno dia";"Crescente";"Nublado";"Simples";"Em Obras;Reta";"Sim";3;1;0;0;1;1;0;2;-22,65705297;-43,061742;"SPRF-RJ";"DEL04-RJ";"UOP02-DEL04-RJ"
536535;2023-07-17;"segunda-feira";"18:40:00";"PR";373;472;"CORONEL VIVIDA";"Transitar na contramão";"Colisão frontal";"Com Vítimas Fatais";"Plena Noite";"Crescente";"Garoa/Chuvisco";"Simples";"Curva";"Não";2;1;0;0;1;0;0;2;-25,96453368;-52,48569992;"SPRF-PR";"DEL02-PR";"UOP01-DEL02-PR"
536547;2023-07-17;"segunda-feira";"14:15:00";"SC";280;303,5;"PORTO UNIAO";"Curva acentuada";"Tombamento";"Com Vítimas Feridas";"Pleno dia";"Crescente";"Nublado";"Simples";"Interseção de Vias";"Sim";2;0;2;0;0;0;2;1;-26,27999553;-51,05063229;"SPRF-SC";"DEL06-SC";"UOP04-DEL06-SC"
536552;2023-07-17;"segunda-feira";"17:40:00";"SC";280;291,3;"PORTO UNIAO";"Frear bruscamente";"Tombamento";"Sem Vítimas";"Anoitecer";"Crescente";"Nublado";"Simples";"Reta;Rotatória";"Não";2;0;0;0;1;2;0;3;-26,29569109;-50,93533704;"SPRF-SC";"DEL06-SC";"UOP04-DEL06-SC"
536553;2023-07-17;"segunda-feira";"21:20:00";"RS";116;251;"SAPUCAIA DO SUL";"Manobra de mudança de faixa";"Colisão lateral mesmo sentido";"Com Vítimas Feridas";"Plena Noite";"Decrescente";"Céu Claro";"Dupla";"Reta";"Sim";5;0;1;0;3;1;1;3;-29,80035406;-51,16550365;"SPRF-RS";"DEL01-RS";"UOP02-DEL01-RS"
536568;2023-07-18;"terça-feira";"04:30:00";"PR";277;132,8;"BALSA NOVA";"Ausência de reação do condutor";"Colisão com objeto";"Com Vítimas Feridas";"Amanhecer";"Crescente";"Garoa/Chuvisco";"Múltipla";"Curva";"Não";2;0;1;0;0;1;1;2;-25,471218;-49,661936;"SPRF-PR";"DEL03-PR";"UOP03-DEL03-PR"
536577;2023-07-18;"terça-feira";"06:00:00";"RJ";116;184;"NOVA IGUACU";"Ausência de reação do condutor";"Colisão traseira";"Com Vítimas Feridas";"Pleno dia";"Crescente";"Céu Claro";"Simples";"Reta";"Sim";6;0;1;0;5;0;1;6;-22,74647215;-43,44594311;"SPRF-RJ";"DEL01-RJ";"UOP02-DEL01-RJ"
536578;2023-07-18;"terça-feira";"06:10:00";"ES";101;173;"ARACRUZ";"Ultrapassagem Indevida";"Colisão lateral sentido oposto";"Com Vítimas Feridas";"Amanhecer";"Decrescente";"Céu Claro";"Simples";"Reta";"Não";4;0;0;1;3;0;1;2;-19,57221883;-40,18397327;"SPRF-ES";"DEL04-ES";"UOP01-DEL04-ES"
536588;2023-07-18;"terça-feira";"05:50:00";"MG";381;743,2;"TRES CORACOES";"Reação tardia ou ineficiente do condutor";"Eventos atípicos";"Com Vítimas Feridas";"Amanhecer";"Decrescente";"Ignorado";"Dupla";"Reta";"Não";3;0;0;1;0;2;1;3;-21,62606989;-45,26880608;"SPRF-MG";"DEL16-MG";"UOP02-DEL16-MG"
536592;2023-07-18;"terça-feira";"05:40:00";"MG";116;248,8;"TEOFILO OTONI";"Transitar na contramão";"Colisão lateral sentido oposto";"Com Vítimas Feridas";"Amanhecer";"Decrescente";"Nevoeiro/Neblina";"Simples";"Reta";"Não";7;0;2;2;2;1;4;3;-17,62703918;-41,49796168;"SPRF-MG";"DEL11-MG";"UOP01-DEL11-MG"
536595;2023-07-18;"terça-feira";"04:00:00";"PR";277;306,8;"GUARAPUAVA";"Ausência de reação do condutor";"Saída de leito carroçável";"Sem Vítimas";"Plena Noite";"Crescente";"Chuva";"Simples";"Curva;Aclive";"Não";2;0;0;0;2;0;0;1;-25,321153;-51,195602;"SPRF-PR";"DEL08-PR";"UOP01-DEL08-PR"
536598;2023-07-18;"terça-feira";"06:50:00";"SP";116;351;"MIRACATU";"Condutor deixou de manter distância do veículo da frente";"Colisão traseira";"Com Vítimas Feridas";"Amanhecer";"Decrescente";"Chuva";"Dupla";"Curva";"Não";4;0;2;0;1;3;2;5;-24,06157909;-47,22591797;"SPRF-SP";"DEL04-SP";"UOP03-DEL04-SP"
536600;2023-07-18;"terça-feira";"08:30:00";"RS";285;299,8;"PASSO FUNDO";"Acessar a via sem observar a presença dos outros veículos";"Colisão transversal";"Com Vítimas Feridas";"Pleno dia";"Decrescente";"Céu Claro";"Simples";"Interseção de Vias";"Sim";3;0;1;0;1;1;1;3;-28,234184;-52,43314;"SPRF-RS";"DEL08-RS";"UOP03-DEL08-RS"
536606;2023-06-06;"terça-feira";"19:05:00";"RS";290;83;"CACHOEIRINHA";"Ausência de reação do condutor";"Colisão traseira";"Com Vítimas Feridas";"Plena Noite";"Decrescente";"Céu Claro";"Dupla";"Reta";"Não";4;0;1;1;2;0;2;2;-29,959141;-51,088791;"SPRF-RS";"DEL01-RS";"UOP01-DEL01-RS"
536609;2023-06-30;"sexta-feira";"22:30:00";"MA";222;653;"ACAILANDIA";"Transitar na contramão";"Saída de leito carroçável";"Com Vítimas Feridas";"Plena Noite";"Crescente";"Céu Claro";"Simples";"Reta";"Não";2;0;1;0;0;1;1;2;-4,84191782;-47,29429252;"SPRF-MA";"DEL04-MA";"UOP03-DEL04-MA"
536610;2023-07-18;"terça-feira";"08:07:00";"TO";153;262,5;"COLINAS DO TOCANTINS";"Reação tardia ou ineficiente do condutor";"Colisão lateral sentido oposto";"Com Vítimas Feridas";"Pleno dia";"Crescente";"Sol";"Simples";"Reta";"Não";4;0;1;0;2;1;1;3;-8,19009902;-48,46196265;"SPRF-TO";"DEL02-TO";"UOP02-DEL02-TO"
536612;2023-07-18;"terça-feira";"08:20:00";"PE";232;410;"SERRA TALHADA";"Manobra de mudança de faixa";"Colisão frontal";"Com Vítimas Feridas";"Pleno dia";"Crescente";"Céu Claro";"Simples";"Reta";"Sim";2;0;1;0;1;0;1;2;-7,98261841;-38,30039606;"SPRF-PE";"DEL04-PE";"UOP01-DEL04-PE"