"id";"data_inversa";"dia_semana";"horario";"uf";"br";"km";"municipio";"causa_acidente";"tipo_acidente";"classificacao_acidente";"fase_dia";"sentido_via";"condicao_metereologica";"tipo_pista";"tracado_via";"uso_solo";"pessoas";"mortos";"feridos_leves";"feridos_graves";"ilesos";"ignorados";"feridos";"veiculos";"latitude";"longitude";"regional";"delegacia";"uop"
536613;2023-07-18;"terça-feira";"10:15:00";"GO";60;175,5;"ABADIA DE GOIAS";"Condutor Dormindo";"Colisão traseira";"Com Vítimas Feridas";"Pleno dia";"Decrescente";"Céu Claro";"Dupla";"Aclive;Reta";"Não";4;0;2;0;1;2;2;4;-16,7519;-49,4317;"SPRF-GO";"DEL01-GO";"UOP02-DEL01-GO"
536615;2023-07-18;"terça-feira";"07:40:00";"RO";364;23;"VILHENA";"Ultrapassagem Indevida";"Colisão transversal";"Com Vítimas Feridas";"Pleno dia";"Crescente";"Céu Claro";"Simples";"Reta";"Não";8;0;1;0;6;1;1;3;-12,72492207;-60,220407;"SPRF-RO";"DEL04-RO";"UOP01-DEL04-RO"
536619;2023-07-18;"terça-feira";"10:15:00";"PR";116;114,2;"CURITIBA";"Entrada inopinada do pedestre";"Atropelamento de Pedestre";"Com Vítimas Feridas";"Pleno dia";"Crescente";"Nublado";"Dupla";"Reta";"Sim";3;0;0;1;1;1;1;3;-25,54620416;-49,29360693;"SPRF-PR";"DEL01-PR";"UOP07-DEL01-PR"
536628;2023-07-18;"terça-feira";"10:00:00";"SP";116;364;"MIRACATU";"Ausência de reação do condutor";"Tombamento";"Com Vítimas Feridas";"Pleno dia";"Decrescente";"Garoa/Chuvisco";"Dupla";"Curva";"Não";2;0;1;0;0;1;1;2;-24,13881806;-47,27310246;"SPRF-SP";"DEL04-SP";"UOP02-DEL04-SP"
536629;2023-07-18;"terça-feira";"11:40:00";"MG";381;700,7;"LAVRAS";"Velocidade Incompatível";"Colisão com objeto";"Com Vítimas Feridas";"Pleno dia";"Crescente";"Céu Claro";"Dupla";"Declive;Curva";"Não";2;0;1;0;0;1;1;2;-21,31137883;-45,16451703;"SPRF-MG";"DEL04-MG";"UOP02-DEL04-MG"
536630;2023-07-18;"terça-feira";"11:30:00";"SE";235;51;"ITABAIANA";"Acessar a via sem observar a presença dos outros veículos";"Colisão transversal";"Com Vítimas Feridas";"Pleno dia";"Decrescente";"Sol";"Dupla";"Curva";"Sim";2;0;1;0;1;0;1;2;-10,700226;-37,431423;"SPRF-SE";"DEL01-SE";"UOP02-DEL01-SE"
536634;2023-01-29;"domingo";"15:20:00";"BA";116;687,5;"JEQUIE";"Ingestão de álcool pelo condutor";"Colisão traseira";"Com Vítimas Feridas";"Pleno dia";"Decrescente";"Céu Claro";"Simples";"Reta";"Não";3;0;1;1;1;0;2;2;-13,9121709;-40,15218318;"SPRF-BA";"DEL03-BA";"UOP01-DEL03-BA"
536637;2023-07-18;"terça-feira";"12:30:00";"MG";116;455;"ENGENHEIRO CALDAS";"Acessar a via sem observar a presença dos outros veículos";"Colisão transversal";"Com Vítimas Fatais";"Pleno dia";"Crescente";"Céu Claro";"Simples";"Reta";"Sim";3;1;0;0;1;1;0;3;-19,192935;-42,043011;"SPRF-MG";"DEL06-MG";"UOP02-DEL06-MG"
536641;2023-07-18;"terça-feira";"07:30:00";"PR";376;335,5;"ORTIGUEIRA";"Reação tardia ou ineficiente do condutor";"Tombamento";"Sem Vítimas";"Amanhecer";"Crescente";"Nublado";"Simples";"Declive;Curva";"Não";2;0;0;0;1;3;0;4;-24,118708;-51,019775;"SPRF-PR";"DEL07-PR";"UOP02-DEL07-PR"
536646;2023-07-18;"terça-feira";"12:45:00";"MG";153;14;"ARAPORA";"Deficiência do Sistema de Iluminação/Sinalização";"Incêndio";"Sem Vítimas";"Pleno dia";"Crescente";"Sol";"Dupla";"Reta";"Não";2;0;0;0;1;1;0;2;-18,534287;-49,192558;"SPRF-MG";"DEL15-MG";"UOP03-DEL15-MG"
536648;2023-06-20;"terça-feira";"15:13:00";"PA";163;418;"ITAITUBA";"Pista Escorregadia";"Colisão frontal";"Com Vítimas Fatais";"Pleno dia";"Crescente";"Céu Claro";"Simples";"Declive;Curva";"Não";3;1;0;0;1;3;0;5;-6,15318995;-55,63266175;"SPRF-PA";"DEL05-PA";"UOP02-DEL05-PA"
536649;2023-07-18;"terça-feira";"11:50:00";"SC";0;0;"LAGES";"Ausência de reação do condutor";"Colisão com objeto";"Sem Vítimas";"Pleno dia";"Não Informado";"Nublado";"Simples";"Reta";"Sim";4;0;0;0;4;0;0;2;-27,81262488;-50,36859817;"SPRF-SC";"DEL05-SC";"UOP02-DEL05-SC"
536650;2023-07-18;"terça-feira";"12:30:00";"SP";116;109;"TAUBATE";"Trafegar com motocicleta (ou similar) entre as faixas";"Colisão traseira";"Com Vítimas Feridas";"Pleno dia";"Crescente";"Garoa/Chuvisco";"Dupla";"Reta";"Sim";2;0;1;0;1;0;1;2;-23,02871304;-45,54517097;"SPRF-SP";"DEL02-SP";"UOP02-DEL02-SP"
536652;2023-07-18;"terça-feira";"12:54:00";"ES";101;367,6;"ANCHIETA";"Transitar na contramão";"Colisão frontal";"Com Vítimas Fatais";"Pleno dia";"Crescente";"Céu Claro";"Simples";"Reta";"Não";4;1;0;1;1;2;1;4;-20,74480799;-40,7602114;"SPRF-ES";"DEL03-ES";"UOP01-DEL03-ES"
536664;2023-04-07;"sexta-feira";"15:00:00";"MA";10;160;"PORTO FRANCO";"Demais falhas mecânicas ou elétricas";"Tombamento";"Com Vítimas Feridas";"Pleno dia";"Crescente";"Céu Claro";"Simples";"Reta";"Não";1;0;1;0;0;0;1;1;-6,320334;-47,368732;"SPRF-MA";"DEL04-MA";"UOP02-DEL04-MA"
536671;2023-07-18;"terça-feira";"14:40:00";"PR";376;233;"APUCARANA";"Ausência de reação do condutor";"Colisão com objeto";"Sem Vítimas";"Pleno dia";"Decrescente";"Céu Claro";"Dupla";"Curva";"Não";3;0;0;0;2;3;0;4;-23,57498045;-51,49682129;"SPRF-PR";"DEL07-PR";"UOP03-DEL07-PR"
536676;2023-07-18;"terça-feira";"14:20:00";"GO";251;0;"CRISTALINA";"Condutor deixou de manter distância do veículo da frente";"Colisão traseira";"Com Vítimas Feridas";"Pleno dia";"Crescente";"Céu Claro";"Dupla";"Retorno Regulamentado;Reta";"Não";3;0;1;0;1;1;1;3;-16,248925;-47,328127;"SPRF-DF";"DEL01-DF";"UOP01-DEL01-DF"
536682;2023-07-18;"terça-feira";"16:00:00";"SC";280;33;"ARAQUARI";"Ausência de reação do condutor";"Tombamento";"Sem Vítimas";"Pleno dia";"Decrescente";"Garoa/Chuvisco";"Simples";"Reta";"Sim";2;0;0;0;1;3;0;4;-26,42576441;-48,78741376;"SPRF-SC";"DEL03-SC";"UOP03-DEL03-SC"
536685;2023-07-18;"terça-feira";"16:40:00";"GO";60;81,5;"ANAPOLIS";"Frear bruscamente";"Colisão traseira";"Com Vítimas Fatais";"Pleno dia";"Decrescente";"Céu Claro";"Dupla";"Reta";"Não";73;1;25;2;43;2;27;3;-16,313039;-48,832281;"SPRF-GO";"DEL02-GO";"UOP01-DEL02-GO"
536686;2023-07-18;"terça-feira";"15:40:00";"ES";101;372;"ICONHA";"Reação tardia ou ineficiente do condutor";"Colisão traseira";"Com Vítimas Feridas";"Pleno dia";"Crescente";"Céu Claro";"Simples";"Reta";"Não";3;0;1;0;2;0;1;3;-20,77215419;-40,77695658;"SPRF-ES";"DEL03-ES";"UOP01-DEL03-ES"
536700;2023-07-18;"terça-feira";"17:35:00";"MS";163;75,5;"ITAQUIRAI";"Reação tardia ou ineficiente do condutor";"Colisão traseira";"Com Vítimas Feridas";"Plena Noite";"Crescente";"Nublado";"Simples";"Declive;Reta";"Não";9;0;2;1;3;4;3;6;-23,50091105;-54,18729772;"SPRF-MS";"DEL09-MS";"UOP01-DEL09-MS"
536710;2023-07-18;"terça-feira";"18:30:00";"DF";70;8;"BRASILIA";"Trafegar com motocicleta (ou similar) entre as faixas";"Colisão lateral mesmo sentido";"Com Vítimas Feridas";"Anoitecer";"Crescente";"Céu Claro";"Dupla";"Curva";"Sim";3;0;1;0;1;1;1;2;-15,784966;-48,122108;"SPRF-DF";"DEL03-DF";"UOP02-DEL03-DF"
536719;2023-07-02;"domingo";"22:45:00";"MG";381;495;"BETIM";"Reação tardia ou ineficiente do condutor";"Colisão traseira";"Com Vítimas Feridas";"Plena Noite";"Decrescente";"Céu Claro";"Dupla";"Reta;Aclive";"Sim";4;0;2;0;2;0;2;2;-19,9681572;-44,17999077;"SPRF-MG";"DEL04-MG";"UOP03-DEL04-MG"
536729;2023-07-18;"terça-feira";"19:00:00";"ES";101;191;"ARACRUZ";"Avarias e/ou desgaste excessivo no pneu";"Colisão com objeto";"Com Vítimas Feridas";"Plena Noite";"Decrescente";"Céu Claro";"Simples";"Declive;Reta";"Não";3;0;1;0;2;0;1;2;-19,68908911;-40,28696073;"SPRF-ES";"DEL04-ES";"UOP01-DEL04-ES"
536730;2023-07-18;"terça-feira";"18:40:00";"PR";376;659;"TIJUCAS DO SUL";"Condutor deixou de manter distância do veículo da frente";"Colisão traseira";"Com Vítimas Feridas";"Plena Noite";"Decrescente";"Garoa/Chuvisco";"Simples";"Curva;Aclive";"Não";2;0;1;0;0;1;1;2;-25,8497383;-49,01288607;"SPRF-PR";"DEL01-PR";"UOP04-DEL01-PR"
536732;2023-07-18;"terça-feira";"21:00:00";"CE";222;249,4;"SOBRAL";"Pedestre andava na pista";"Atropelamento de Pedestre";"Com Vítimas Fatais";"Plena Noite";"Crescente";"Céu Claro";"Simples";"Reta";"Sim";2;1;0;0;0;1;0;2;-3,75582243;-40,56020379;"SPRF-CE";"DEL04-CE";"UOP01-DEL04-CE"
536733;2023-07-18;"terça-feira";"19:40:00";"BA";116;911,2;"ENCRUZILHADA";"Acessar a via sem observar a presença dos outros veículos";"Colisão transversal";"Com Vítimas Feridas";"Plena Noite";"Decrescente";"Nublado";"Simples";"Declive";"Não";3;0;0;1;1;1;1;3;-15,52292;-41,24323;"SPRF-BA";"DEL08-BA";"UOP03-DEL08-BA"
536736;2023-07-18;"terça-feira";"20:00:00";"MT";163;105,9;"RONDONOPOLIS";"Condutor Dormindo";"Colisão traseira";"Com Vítimas Feridas";"Plena Noite";"Crescente";"Céu Claro";"Dupla";"Declive;Reta";"Não";2;0;1;0;1;0;1;2;-16,60757093;-54,69899654;"SPRF-MT";"DEL02-MT";"UOP01-DEL02-MT"
536740;2023-07-19;"quarta-feira";"00:20:00";"ES";101;250,8;"SERRA";"Avarias e/ou desgaste excessivo no pneu";"Colisão lateral sentido oposto";"Com Vítimas Feridas";"Plena Noite";"Crescente";"Céu Claro";"Simples";"Declive;Reta";"Não";3;0;1;0;1;1;1;3;-20,08138878;-40,34937691;"SPRF-ES";"DEL02-ES";"UOP01-DEL02-ES"
536742;2023-07-19;"quarta-feira";"00:25:00";"RJ";40;32;"AREAL";"Animais na Pista";"Tombamento";"Com Vítimas Feridas";"Plena Noite";"Crescente";"Céu Claro";"Dupla";"Curva";"Não";1;0;1;0;0;0;1;1;-22,2007562;-43,15034866;"SPRF-RJ";"DEL05-RJ";"UOP02-DEL05-RJ"
536746;2023-07-19;"quarta-feira";"01:40:00";"PB";230;210,9;"SOLEDADE";"Condutor Dormindo";"Saída de leito carroçável";"Com Vítimas Feridas";"Plena Noite";"Crescente";"Céu Claro";"Simples";"Reta";"Não";2;0;1;0;0;1;1;2;-7,0807;-36,3232;"SPRF-PB";"DEL02-PB";"UOP02-DEL02-PB"
536752;2023-07-19;"quarta-feira";"05:00:00";"PR";476;67;"TUNAS DO PARANA";"Velocidade Incompatível";"Tombamento";"Sem Vítimas";"Amanhecer";"Crescente";"Céu Claro";"Simples";"Curva";"Não";2;0;0;0;0;2;0;2;-25,0505383;-49,08631258;"SPRF-PR";"DEL01-PR";"UOP01-DEL01-PR"
536754;2023-07-19;"quarta-feira";"06:20:00";"MG";40;476;"SETE LAGOAS";"Reação tardia ou ineficiente do condutor";"Colisão lateral mesmo sentido";"Com Vítimas Feridas";"Amanhecer";"Crescente";"Céu Claro";"Dupla";"Aclive";"Não";4;0;2;0;1;1;2;3;-19,51363098;-44,27021397;"SPRF-MG";"DEL02-MG";"UOP01-DEL02-MG"
536758;2023-07-18;"terça-feira";"22:00:00";"RJ";116;56;"SAPUCAIA";"Chuva";"Colisão transversal";"Com Vítimas Feridas";"Plena Noite";"Crescente";"Chuva";"Simples";"Curva";"Não";5;0;3;0;1;1;3;3;-22,07132329;-42,79621124;"SPRF-RJ";"DEL04-RJ";"UOP01-DEL04-RJ"
536760;2023-07-19;"quarta-feira";"07:25:00";"AL";101;81,3;"RIO LARGO";"Acumulo de água sobre o pavimento";"Colisão com objeto";"Sem Vítimas";"Pleno dia";"Decrescente";"Garoa/Chuvisco";"Dupla";"Aclive;Reta;Ponte";"Não";2;0;0;0;1;1;0;2;-9,44701176;-35,851915;"SPRF-AL";"DEL01-AL";"UOP01-DEL01-AL"
536765;2023-07-19;"quarta-feira";"07:20:00";"TO";226;68;"WANDERLANDIA";"Demais falhas na via";"Colisão traseira";"Sem Vítimas";"Pleno dia";"Crescente";"Céu Claro";"Simples";"Reta";"Não";3;0;0;0;2;3;0;5;-6,837503;-47,93671;"SPRF-TO";"DEL02-TO";"UOP03-DEL02-TO"
536767;2023-07-18;"terça-feira";"20:00:00";"DF";40;2;"BRASILIA";"Demais falhas mecânicas ou elétricas";"Eventos atípicos";"Com Vítimas Feridas";"Plena Noite";"Decrescente";"Ignorado";"Dupla";"Reta;Viaduto";"Sim";2;0;0;1;1;0;1;2;-15,99435;-47,985947;"SPRF-DF";"DEL01-DF";"UOP01-DEL01-DF"
536769;2023-07-19;"quarta-feira";"08:00:00";"MS";163;504,3;"JARAGUARI";"Demais falhas mecânicas ou elétricas";"Incêndio";"Sem Vítimas";"Pleno dia";"Crescente";"Céu Claro";"Dupla";"Reta";"Não";2;0;0;0;1;1;0;2;-20,29465516;-54,50087672;"SPRF-MS";"DEL01-MS";"UOP02-DEL01-MS"
536775;2023-06-29;"quinta-feira";"12:00:00";"PR";369;168;"CAMBE";"Acessar a via sem observar a presença dos outros veículos";"Colisão transversal";"Com Vítimas Fatais";"Pleno dia";"Crescente";"Céu Claro";"Dupla";"Interseção de Vias;Reta";"Sim";3;1;0;0;2;0;0;2;-23,30012;-51,3268;"SPRF-PR";"DEL07-PR";"UOP01-DEL07-PR"
536779;2023-07-19;"quarta-feira";"06:30:00";"MG";365;511;"PATROCINIO";"Manobra de mudança de faixa";"Colisão frontal";"Com Vítimas Feridas";"Pleno dia";"Crescente";"Céu Claro";"Simples";"Reta";"Não";2;0;1;0;1;0;1;2;-18,93040294;-47,32517994;"SPRF-MG";"DEL10-MG";"UOP01-DEL10-MG"
536780;2023-07-17;"segunda-feira";"19:30:00";"BA";116;736;"BOA NOVA";"Entrada inopinada do pedestre";"Atropelamento de Pedestre";"Com Vítimas Feridas";"Plena Noite";"Decrescente";"Céu Claro";"Simples";"Declive";"Não";2;0;1;0;1;0;1;2;-14,32130297;-40,32617043;"SPRF-BA";"DEL08-BA";"UOP02-DEL08-BA"
536781;2023-07-19;"quarta-feira";"10:00:00";"ES";101;271,2;"SERRA";"Condutor deixou de manter distância do veículo da frente";"Colisão lateral mesmo sentido";"Sem Vítimas";"Pleno dia";"Crescente";"Nublado";"Dupla";"Reta";"Sim";3;0;0;0;2;1;0;3;-20,2304997;-40,28060675;"SPRF-ES";"DEL02-ES";"UOP01-DEL02-ES"
536782;2023-07-19;"quarta-feira";"07:05:00";"PR";376;41,5;"NOVA LONDRINA";"Ultrapassagem Indevida";"Colisão lateral sentido oposto";"Com Vítimas Fatais";"Pleno dia";"Decrescente";"Céu Claro";"Simples";"Declive;Reta";"Não";5;1;1;2;0;1;3;4;-22,84503931;-52,98017934;"SPRF-PR";"DEL09-PR";"UOP02-DEL09-PR"
536784;2023-07-19;"quarta-feira";"09:51:00";"SP";116;408;"JUQUIA";"Ausência de reação do condutor";"Colisão traseira";"Com Vítimas Feridas";"Pleno dia";"Decrescente";"Chuva";"Dupla";"Reta";"Não";3;0;0;1;1;2;1;4;-24,32873462;-47,57541707;"SPRF-SP";"DEL05-SP";"UOP01-DEL05-SP"
536789;2023-07-19;"quarta-feira";"08:50:00";"PI";316;312;"PICOS";"Acessar a via sem observar a presença dos outros veículos";"Colisão transversal";"Com Vítimas Feridas";"Pleno dia";"Decrescente";"Céu Claro";"Simples";"Reta";"Sim";2;0;0;1;1;0;1;2;-7,08092534;-41,4582602;"SPRF-PI";"DEL04-PI";"UOP01-DEL04-PI"
536790;2023-06-05;"segunda-feira";"11:40:00";"MT";70;278;"PRIMAVERA DO LESTE";"Condutor deixou de manter distância do veículo da frente";"Engavetamento";"Com Vítimas Feridas";"Pleno dia";"Crescente";"Sol";"Simples";"Reta";"Sim";5;0;2;0;3;0;2;4;-15,55739918;-54,27981896;"SPRF-MT";"DEL05-MT";"UOP01-DEL05-MT"
536795;2023-07-19;"quarta-feira";"11:10:00";"MT";163;834;"SINOP";"Reação tardia ou ineficiente do condutor";"Colisão traseira";"Com Vítimas Feridas";"Pleno dia";"Decrescente";"Céu Claro";"Simples";"Rotatória";"Sim";3;0;1;0;1;1;1;3;-11,995863;-55,51709;"SPRF-MT";"DEL06-MT";"UOP02-DEL06-MT"
536798;2023-07-19;"quarta-feira";"13:00:00";"PR";369;72,5;"SANTA MARIANA";"Acessar a via sem observar a presença dos outros veículos";"Colisão transversal";"Com Vítimas Feridas";"Pleno dia";"Crescente";"Céu Claro";"Simples";"Interseção de Vias;Reta";"Sim";3;0;1;0;1;1;1;3;-23,14130709;-50,48938751;"SPRF-PR";"DEL07-PR";"UOP05-DEL07-PR"
536802;2023-07-19;"quarta-feira";"11:50:00";"RS";116;363;"TAPES";"Ausência de reação do condutor";"Colisão com objeto";"Sem Vítimas";"Pleno dia";"Decrescente";"Céu Claro";"Simples";"Reta";"Não";1;0;0;0;1;0;0;1;-30,64814964;-51,56101323;"SPRF-RS";"DEL02-RS";"UOP02-DEL02-RS"
536803;2023-07-19;"quarta-feira";"12:30:00";"SP";381;32;"ATIBAIA";"Reação tardia ou ineficiente do condutor";"Engavetamento";"Com Vítimas Feridas";"Pleno dia";"Crescente";"Nublado";"Dupla";"Aclive;Reta";"Não";6;0;1;0;4;4;1;9;-23,06461405;-46,57048121;"SPRF-SP";"DEL03-SP";"UOP02-DEL03-SP"
536804;2023-07-19;"quarta-feira";"11:15:00";"BA";418;66;"NOVA VICOSA";"Reação tardia ou ineficiente do condutor";"Colisão transversal";"Com Vítimas Feridas";"Pleno dia";"Decrescente";"Céu Claro";"Simples";"Reta";"Sim";2;0;0;1;1;0;1;2;-17,8134418;-39,6471471;"SPRF-BA";"DEL09-BA";"UOP02-DEL09-BA"
536807;2023-07-19;"quarta-feira";"13:05:00";"MG";262;453,8;"NOVA SERRANA";"Ultrapassagem Indevida";"Colisão lateral mesmo sentido";"Com Vítimas Feridas";"Pleno dia";"Decrescente";"Céu Claro";"Simples";"Reta";"Não";3;0;1;0;1;1;1;3;-19,85274128;-45,02424211;"SPRF-MG";"DEL08-MG";"UOP03-DEL08-MG"
536808;2023-07-19;"quarta-feira";"13:10:00";"SC";101;3;"GARUVA";"Demais falhas mecânicas ou elétricas";"Colisão com objeto";"Sem Vítimas";"Pleno dia";"Crescente";"Nublado";"Múltipla";"Curva;Declive";"Não";2;0;0;0;1;2;0;3;-26,004;-48,8717;"SPRF-SC";"DEL03-SC";"UOP01-DEL03-SC"
536809;2023-07-19;"quarta-feira";"12:20:00";"RJ";465;4,8;"SEROPEDICA";"Acessar a via sem observar a presença dos outros veículos";"Colisão traseira";"Com Vítimas Feridas";"Pleno dia";"Decrescente";"Nublado";"Simples";"Reta";"Sim";3;0;1;0;1;1;1;3;-22,740971;-43,705597;"SPRF-RJ";"DEL01-RJ";"UOP03-DEL01-RJ"
536810;2023-07-19;"quarta-feira";"12:10:00";"RJ";101;213,4;"CASIMIRO DE ABREU";"Demais falhas mecânicas ou elétricas";"Incêndio";"Com Vítimas Feridas";"Pleno dia";"Decrescente";"Garoa/Chuvisco";"Dupla";"Reta";"Não";1;0;1;0;0;0;1;1;-22,49143999;-42,26199401;"SPRF-RJ";"DEL08-RJ";"UOP04-DEL08-RJ"
536820;2023-07-19;"quarta-feira";"13:16:00";"GO";50;109;"CRISTALINA";"Carga excessiva e/ou mal acondicionada";"Saída de leito carroçável";"Com Vítimas Feridas";"Pleno dia";"Decrescente";"Céu Claro";"Dupla";"Reta";"Não";2;0;1;0;0;1;1;2;-16,842662;-47,67482758;"SPRF-DF";"DEL01-DF";"UOP02-DEL01-DF"
536824;2023-07-19;"quarta-feira";"15:19:00";"PE";101;89;"JABOATAO DOS GUARARAPES";"Reação tardia ou ineficiente do condutor";"Colisão traseira";"Com Vítimas Feridas";"Pleno dia";"Decrescente";"Céu Claro";"Dupla";"Aclive;Reta";"Sim";5;0;1;0;3;1;1;4;-8,20760697;-34,98372005;"SPRF-PE";"DEL01-PE";"UOP01-DEL01-PE"
536827;2023-07-19;"quarta-feira";"11:15:00";"SC";470;126,6;"LONTRAS";"Acessar a via sem observar a presença dos outros veículos";"Colisão transversal";"Sem Vítimas";"Pleno dia";"Decrescente";"Nublado";"Simples";"Retorno Regulamentado";"Não";2;0;0;0;2;0;0;2;-27,129;-49,538277;"SPRF-SC";"DEL04-SC";"UOP02-DEL04-SC"
536831;2023-07-19;"quarta-feira";"14:40:00";"MS";163;512,8;"JARAGUARI";"Ausência de reação do condutor";"Colisão traseira";"Com Vítimas Feridas";"Pleno dia";"Decrescente";"Céu Claro";"Dupla";"Aclive;Reta";"Não";3;0;0;1;1;3;1;5;-20,2209447;-54,4753489;"SPRF-MS";"DEL01-MS";"UOP02-DEL01-MS"
536834;2023-07-19;"quarta-feira";"14:00:00";"GO";153;186;"URUACU";"Reação tardia ou ineficiente do condutor";"Engavetamento";"Com Vítimas Feridas";"Pleno dia";"Crescente";"Céu Claro";"Simples";"Declive";"Não";5;0;0;1;2;3;1;6;-14,394958;-49,157684;"SPRF-GO";"DEL07-GO";"UOP02-DEL07-GO"
536835;2023-07-19;"quarta-feira";"12:00:00";"RJ";493;41;"MAGE";"Transitar na contramão";"Colisão frontal";"Com Vítimas Feridas";"Pleno dia";"Crescente";"Nublado";"Simples";"Reta";"Sim";2;0;0;1;1;0;1;2;-22,647444;-43,22374;"SPRF-RJ";"DEL01-RJ";"UOP01-DEL01-RJ"
536842;2023-07-19;"quarta-feira";"16:50:00";"ES";101;219,8;"IBIRACU";"Ausência de reação do condutor";"Queda de ocupante de veículo";"Com Vítimas Fatais";"Pleno dia";"Crescente";"Céu Claro";"Múltipla";"Curva;Aclive";"Sim";3;1;0;0;1;2;0;4;-19,86460092;-40,38336629;"SPRF-ES";"DEL02-ES";"UOP01-DEL02-ES"
536847;2023-07-19;"quarta-feira";"17:20:00";"SP";116;517;"CAJATI";"Reação tardia ou ineficiente do condutor";"Tombamento";"Com Vítimas Feridas";"Pleno dia";"Decrescente";"Garoa/Chuvisco";"Simples";"Curva";"Não";2;0;1;0;0;1;1;2;-24,8768469;-48,22732309;"SPRF-SP";"DEL05-SP";"UOP02-DEL05-SP"
536850;2023-07-19;"quarta-feira";"17:05:00";"RS";386;274,4;"FONTOURA XAVIER";"Transitar na contramão";"Colisão frontal";"Com Vítimas Feridas";"Pleno dia";"Crescente";"Nublado";"Simples";"Curva;Declive";"Não";3;0;0;1;1;1;1;3;-29,00528792;-52,34916687;"SPRF-RS";"DEL04-RS";"UOP03-DEL04-RS"
536859;2023-07-19;"quarta-feira";"13:15:00";"PR";376;460,9;"PONTA GROSSA";"Velocidade Incompatível";"Saída de leito carroçável";"Sem Vítimas";"Pleno dia";"Decrescente";"Nublado";"Dupla";"Aclive;Reta";"Não";2;0;0;0;1;2;0;3;-25,01133488;-50,34693693;"SPRF-PR";"DEL03-PR";"UOP01-DEL03-PR"
536860;2023-07-15;"sábado";"19:30:00";"BA";116;337;"TEOFILANDIA";"Transitar na contramão";"Colisão frontal";"Com Vítimas Feridas";"Plena Noite";"Crescente";"Céu Claro";"Simples";"Reta";"Sim";3;0;0;1;1;1;1;3;-11,47624586;-38,99386633;"SPRF-BA";"DEL02-BA";"UOP01-DEL02-BA"
536864;2023-07-19;"quarta-feira";"18:25:00";"SP";116;413;"JUQUIA";"Ingestão de álcool pelo condutor";"Colisão lateral mesmo sentido";"Sem Vítimas";"Plena Noite";"Decrescente";"Chuva";"Dupla";"Reta";"Não";3;0;0;0;3;0;0;2;-24,33005991;-47,62299901;"SPRF-SP";"DEL05-SP";"UOP01-DEL05-SP"
536869;2023-07-18;"terça-feira";"20:30:00";"SP";116;545;"BARRA DO TURVO";"Reação tardia ou ineficiente do condutor";"Colisão lateral mesmo sentido";"Sem Vítimas";"Plena Noite";"Crescente";"Garoa/Chuvisco";"Simples";"Declive;Curva";"Não";7;0;0;0;5;12;0;17;-24,95016699;-48,42400302;"SPRF-SP";"DEL05-SP";"UOP02-DEL05-SP"
536874;2023-07-19;"quarta-feira";"19:30:00";"SP";381;60,5;"MAIRIPORA";"Pedestre cruzava a pista fora da faixa";"Atropelamento de Pedestre";"Com Vítimas Feridas";"Plena Noite";"Crescente";"Céu Claro";"Dupla";"Reta;Declive";"Não";2;0;0;1;1;0;1;2;-23,28957673;-46,58729853;"SPRF-SP";"DEL03-SP";"UOP01-DEL03-SP"
536881;2023-07-19;"quarta-feira";"19:35:00";"PR";369;508;"CASCAVEL";"Transitar na contramão";"Colisão frontal";"Com Vítimas Fatais";"Plena Noite";"Crescente";"Nublado";"Simples";"Reta";"Não";3;1;2;0;0;0;2;2;-24,844;-53,3169;"SPRF-PR";"DEL04-PR";"UOP01-DEL04-PR"
536882;2023-07-19;"quarta-feira";"19:00:00";"MT";163;848;"SINOP";"Acessar a via sem observar a presença dos outros veículos";"Colisão transversal";"Com Vítimas Feridas";"Anoitecer";"Crescente";"Céu Claro";"Simples";"Reta";"Sim";4;0;2;0;1;2;2;4;-11,87278895;-55,49810615;"SPRF-MT";"DEL06-MT";"UOP02-DEL06-MT"
536885;2023-07-19;"quarta-feira";"19:40:00";"SC";101;115,4;"ITAJAI";"Demais falhas mecânicas ou elétricas";"Incêndio";"Sem Vítimas";"Plena Noite";"Crescente";"Céu Claro";"Múltipla";"Reta";"Sim";2;0;0;0;1;1;0;2;-26,87064015;-48,72954134;"SPRF-SC";"DEL04-SC";"UOP04-DEL04-SC"
536896;2023-07-19;"quarta-feira";"20:35:00";"RJ";116;322;"ITATIAIA";"Velocidade Incompatível";"Colisão com objeto";"Com Vítimas Feridas";"Plena Noite";"Crescente";"Nublado";"Dupla";"Curva;Declive";"Sim";2;0;1;0;1;0;1;2;-22,48404979;-44,54454609;"SPRF-RJ";"DEL07-RJ";"UOP02-DEL07-RJ"
536900;2023-07-19;"quarta-feira";"21:40:00";"RS";290;1;"OSORIO";"Velocidade Incompatível";"Colisão traseira";"Sem Vítimas";"Plena Noite";"Crescente";"Nublado";"Dupla";"Curva";"Não";3;0;0;0;2;1;0;3;-29,894957;-50,286026;"SPRF-RS";"DEL03-RS";"UOP01-DEL03-RS"
536905;2023-07-19;"quarta-feira";"22:20:00";"SP";116;513;"CAJATI";"Reação tardia ou ineficiente do condutor";"Engavetamento";"Com Vítimas Feridas";"Plena Noite";"Decrescente";"Chuva";"Simples";"Curva;Declive";"Não";5;0;1;0;3;1;1;4;-24,85824768;-48,21152687;"SPRF-SP";"DEL05-SP";"UOP02-DEL05-SP"
536908;2023-07-19;"quarta-feira";"19:40:00";"MT";174;319;"PONTES E LACERDA";"Animais na Pista";"Atropelamento de Animal";"Com Vítimas Feridas";"Plena Noite";"Crescente";"Céu Claro";"Simples";"Reta;Aclive";"Não";5;0;1;0;3;1;1;3;-14,97453903;-59,29164144;"SPRF-MT";"DEL04-MT";"UOP01-DEL04-MT"