"id";"data_inversa";"dia_semana";"horario";"uf";"br";"km";"municipio";"causa_acidente";"tipo_acidente";"classificacao_acidente";"fase_dia";"sentido_via";"condicao_metereologica";"tipo_pista";"tracado_via";"uso_solo";"pessoas";"mortos";"feridos_leves";"feridos_graves";"ilesos";"ignorados";"feridos";"veiculos";"latitude";"longitude";"regional";"delegacia";"uop"
537195;2023-07-21;"sexta-feira";"11:00:00";"RS";293;252;"DOM PEDRITO";"Entrada inopinada do pedestre";"Atropelamento de Pedestre";"Com Vítimas Feridas";"Pleno dia";"Decrescente";"Céu Claro";"Simples";"Reta";"Sim";2;0;0;1;1;0;1;2;-30,95997654;-54,6785778;"SPRF-RS";"DEL11-RS";"UOP01-DEL11-RS"
537198;2023-07-21;"sexta-feira";"16:05:00";"PE";101;50;"ABREU E LIMA";"Condutor deixou de manter distância do veículo da frente";"Colisão lateral mesmo sentido";"Com Vítimas Feridas";"Pleno dia";"Decrescente";"Céu Claro";"Múltipla";"Reta";"Sim";4;0;1;0;2;1;1;4;-7,90938602;-34,90123228;"SPRF-PE";"DEL01-PE";"UOP02-DEL01-PE"
537199;2023-07-21;"sexta-feira";"16:50:00";"SC";101;192,4;"BIGUACU";"Manobra de mudança de faixa";"Colisão lateral mesmo sentido";"Com Vítimas Feridas";"Pleno dia";"Decrescente";"Céu Claro";"Múltipla";"Reta";"Sim";4;0;1;0;2;2;1;4;-27,48443781;-48,64765238;"SPRF-SC";"DEL01-SC";"UOP01-DEL01-SC"
537200;2023-07-21;"sexta-feira";"16:00:00";"SC";101;138;"BALNEARIO CAMBORIU";"Reação tardia ou ineficiente do condutor";"Colisão traseira";"Com Vítimas Feridas";"Pleno dia";"Decrescente";"Nublado";"Dupla";"Reta";"Sim";4;0;1;0;1;3;1;5;-27,02397426;-48,60761649;"SPRF-SC";"DEL04-SC";"UOP03-DEL04-SC"
537215;2023-07-21;"sexta-feira";"16:07:00";"RS";470;224;"GARIBALDI";"Transitar na contramão";"Colisão frontal";"Com Vítimas Feridas";"Pleno dia";"Decrescente";"Céu Claro";"Simples";"Reta";"Não";1;0;1;0;0;0;1;1;-29,21351804;-51,51780626;"SPRF-RS";"DEL06-RS";"UOP01-DEL06-RS"
537218;2023-07-21;"sexta-feira";"17:20:00";"BA";101;184;"CONCEICAO DA FEIRA";"Avarias e/ou desgaste excessivo no pneu";"Capotamento";"Com Vítimas Feridas";"Anoitecer";"Crescente";"Garoa/Chuvisco";"Simples";"Declive;Reta";"Não";2;0;1;0;1;0;1;1;-12,54436805;-38,98077683;"SPRF-BA";"DEL01-BA";"UOP03-DEL01-BA"
537230;2023-07-21;"sexta-feira";"17:25:00";"MS";163;831;"SONORA";"Acessar a via sem observar a presença dos outros veículos";"Colisão transversal";"Com Vítimas Feridas";"Anoitecer";"Decrescente";"Céu Claro";"Simples";"Reta";"Não";4;0;1;0;2;2;1;4;-17,65424;-54,748356;"SPRF-MS";"DEL06-MS";"UOP01-DEL06-MS"
537241;2023-07-21;"sexta-feira";"17:00:00";"BA";324;533;"FEIRA DE SANTANA";"Condutor deixou de manter distância do veículo da frente";"Engavetamento";"Com Vítimas Feridas";"Anoitecer";"Decrescente";"Chuva";"Dupla";"Reta";"Sim";6;0;2;0;4;0;2;4;-12,34449694;-38,84017496;"SPRF-BA";"DEL01-BA";"UOP03-DEL01-BA"
537243;2023-07-21;"sexta-feira";"08:00:00";"RS";116;521;"PELOTAS";"Ausência de reação do condutor";"Colisão transversal";"Com Vítimas Feridas";"Pleno dia";"Crescente";"Céu Claro";"Dupla";"Interseção de Vias;Reta";"Não";2;0;1;0;1;0;1;2;-31,70752405;-52,36800695;"SPRF-RS";"DEL07-RS";"UOP01-DEL07-RS"
537246;2023-07-21;"sexta-feira";"18:15:00";"MG";381;501;"BETIM";"Manobra de mudança de faixa";"Colisão lateral mesmo sentido";"Com Vítimas Feridas";"Anoitecer";"Crescente";"Céu Claro";"Dupla";"Reta";"Não";4;0;1;0;3;0;1;2;-20,00668548;-44,21521612;"SPRF-MG";"DEL04-MG";"UOP03-DEL04-MG"
537247;2023-07-21;"sexta-feira";"14:50:00";"MG";262;25,4;"REDUTO";"Transitar na contramão";"Colisão lateral sentido oposto";"Com Vítimas Feridas";"Pleno dia";"Crescente";"Nublado";"Simples";"Curva";"Não";4;0;0;1;2;1;1;4;-20,24682025;-41,94929213;"SPRF-MG";"DEL06-MG";"UOP03-DEL06-MG"
537253;2023-07-21;"sexta-feira";"19:00:00";"ES";101;212;"IBIRACU";"Acessar a via sem observar a presença dos outros veículos";"Colisão transversal";"Com Vítimas Feridas";"Plena Noite";"Crescente";"Nublado";"Simples";"Reta";"Sim";5;0;1;0;3;1;1;4;-19,81537521;-40,36655964;"SPRF-ES";"DEL02-ES";"UOP01-DEL02-ES"
537282;2023-07-21;"sexta-feira";"16:40:00";"PI";407;577;"PAULISTANA";"Manobra de mudança de faixa";"Colisão lateral mesmo sentido";"Com Vítimas Feridas";"Pleno dia";"Crescente";"Sol";"Simples";"Reta";"Não";3;0;1;1;1;0;2;2;-8,15919;-41,120197;"SPRF-PI";"DEL04-PI";"UOP01-DEL04-PI"
537286;2023-07-21;"sexta-feira";"19:30:00";"MG";262;85;"ABRE CAMPO";"Demais falhas mecânicas ou elétricas";"Incêndio";"Sem Vítimas";"Plena Noite";"Crescente";"Céu Claro";"Simples";"Reta";"Não";2;0;0;0;2;0;0;1;-20,33869519;-42,42127699;"SPRF-MG";"DEL03-MG";"UOP03-DEL03-MG"
537291;2023-07-21;"sexta-feira";"22:30:00";"SP";116;216;"GUARULHOS";"Condutor Dormindo";"Colisão traseira";"Com Vítimas Feridas";"Plena Noite";"Decrescente";"Céu Claro";"Múltipla";"Reta";"Sim";2;0;1;0;0;1;1;2;-23,45056589;-46,46258105;"SPRF-SP";"DEL01-SP";"UOP01-DEL01-SP"
537297;2023-07-21;"sexta-feira";"22:17:00";"PR";116;188,7;"CAMPO DO TENENTE";"Desrespeitar a preferência no cruzamento";"Colisão transversal";"Com Vítimas Feridas";"Plena Noite";"Decrescente";"Céu Claro";"Simples";"Interseção de Vias;Reta";"Não";3;0;0;1;1;1;1;3;-25,939325;-49,6380209;"SPRF-PR";"DEL01-PR";"UOP03-DEL01-PR"
537298;2023-07-21;"sexta-feira";"16:45:00";"BA";242;225;"ITABERABA";"Ausência de reação do condutor";"Colisão traseira";"Com Vítimas Feridas";"Pleno dia";"Crescente";"Céu Claro";"Simples";"Reta";"Sim";4;0;1;0;2;4;1;6;-12,520196;-40,278976;"SPRF-BA";"DEL06-BA";"UOP02-DEL06-BA"
537303;2023-07-21;"sexta-feira";"22:55:00";"PR";163;183;"SANTA TEREZA DO OESTE";"Condutor Dormindo";"Saída de leito carroçável";"Com Vítimas Feridas";"Plena Noite";"Crescente";"Céu Claro";"Dupla";"Curva;Aclive;Viaduto";"Sim";1;0;1;0;0;0;1;1;-25,14894602;-53,59247804;"SPRF-PR";"DEL05-PR";"UOP05-DEL05-PR"
537311;2023-07-22;"sábado";"01:00:00";"MG";459;69,9;"SENADOR JOSE BENTO";"Velocidade Incompatível";"Tombamento";"Com Vítimas Feridas";"Plena Noite";"Crescente";"Céu Claro";"Simples";"Declive;Curva";"Não";2;0;1;0;0;1;1;2;-22,1298286;-46,14666138;"SPRF-MG";"DEL09-MG";"UOP01-DEL09-MG"
537312;2023-07-22;"sábado";"01:05:00";"MG";116;487;"INHAPIM";"Velocidade Incompatível";"Tombamento";"Com Vítimas Feridas";"Plena Noite";"Crescente";"Céu Claro";"Simples";"Curva";"Não";2;0;1;0;0;1;1;2;-19,45138982;-42,12752114;"SPRF-MG";"DEL06-MG";"UOP02-DEL06-MG"
537313;2023-07-22;"sábado";"01:00:00";"RS";392;25,7;"RIO GRANDE";"Condutor Dormindo";"Saída de leito carroçável";"Com Vítimas Feridas";"Plena Noite";"Decrescente";"Céu Claro";"Dupla";"Reta";"Não";2;0;1;0;0;1;1;2;-32,08156917;-52,24713604;"SPRF-RS";"DEL07-RS";"UOP02-DEL07-RS"
537314;2023-07-21;"sexta-feira";"22:05:00";"PA";10;264;"AURORA DO PARA";"Iluminação deficiente";"Colisão traseira";"Com Vítimas Feridas";"Plena Noite";"Decrescente";"Ignorado";"Simples";"Reta";"Sim";3;0;0;1;1;1;1;3;-2,12325701;-47,56058366;"SPRF-PA";"DEL02-PA";"UOP01-DEL02-PA"
537320;2023-07-22;"sábado";"01:40:00";"BA";110;182;"RIBEIRA DO POMBAL";"Transitar na contramão";"Colisão frontal";"Com Vítimas Feridas";"Plena Noite";"Crescente";"Céu Claro";"Simples";"Reta";"Não";2;0;1;0;1;0;1;2;-10,95001497;-38,52120922;"SPRF-BA";"DEL07-BA";"UOP02-DEL07-BA"
537322;2023-07-22;"sábado";"03:00:00";"RJ";116;35,5;"SAPUCAIA";"Velocidade Incompatível";"Tombamento";"Com Vítimas Fatais";"Plena Noite";"Crescente";"Céu Claro";"Simples";"Curva";"Não";2;2;0;0;0;0;0;1;-22,10008118;-42,79989552;"SPRF-RJ";"DEL05-RJ";"UOP01-DEL05-RJ"
537323;2023-07-22;"sábado";"00:30:00";"RO";364;248,7;"CACOAL";"Condutor Dormindo";"Colisão lateral sentido oposto";"Com Vítimas Feridas";"Plena Noite";"Decrescente";"Céu Claro";"Simples";"Reta";"Não";4;0;2;0;1;2;2;4;-11,43857664;-61,54241798;"SPRF-RO";"DEL02-RO";"UOP02-DEL02-RO"
537324;2023-07-22;"sábado";"04:00:00";"MG";50;21;"UBERLANDIA";"Ingestão de álcool pelo condutor";"Colisão transversal";"Com Vítimas Feridas";"Plena Noite";"Decrescente";"Céu Claro";"Simples";"Reta";"Não";6;0;1;0;4;2;1;4;-18,9113;-48,2622;"SPRF-MG";"DEL15-MG";"UOP01-DEL15-MG"
537331;2023-07-22;"sábado";"04:25:00";"BA";116;452,5;"SANTO ESTEVAO";"Condutor deixou de manter distância do veículo da frente";"Colisão traseira";"Com Vítimas Feridas";"Plena Noite";"Crescente";"Chuva";"Dupla";"Declive;Reta";"Não";5;0;1;1;3;0;2;2;-12,40614931;-39,17603374;"SPRF-BA";"DEL02-BA";"UOP01-DEL02-BA"
537336;2023-07-22;"sábado";"06:20:00";"PR";277;2,5;"PARANAGUA";"Reação tardia ou ineficiente do condutor";"Colisão traseira";"Com Vítimas Feridas";"Pleno dia";"Decrescente";"Céu Claro";"Dupla";"Reta";"Sim";3;0;0;1;1;1;1;3;-25,54409497;-48,54090951;"SPRF-PR";"DEL01-PR";"UOP05-DEL01-PR"
537343;2023-07-22;"sábado";"06:40:00";"SC";116;276,9;"SAO CRISTOVAO DO SUL";"Ausência de reação do condutor";"Colisão traseira";"Com Vítimas Feridas";"Amanhecer";"Decrescente";"Nublado";"Simples";"Reta";"Não";6;0;2;0;4;0;2;4;-27,24608345;-50,45900345;"SPRF-SC";"DEL05-SC";"UOP02-DEL05-SC"
537344;2023-07-22;"sábado";"06:12:00";"ES";101;225;"FUNDAO";"Ultrapassagem Indevida";"Colisão lateral mesmo sentido";"Com Vítimas Feridas";"Pleno dia";"Decrescente";"Garoa/Chuvisco";"Simples";"Reta";"Não";3;0;2;0;1;0;2;2;-19,89290688;-40,41230369;"SPRF-ES";"DEL02-ES";"UOP01-DEL02-ES"
537345;2023-07-22;"sábado";"05:00:00";"GO";158;217;"JATAI";"Demais falhas mecânicas ou elétricas";"Incêndio";"Sem Vítimas";"Pleno dia";"Crescente";"Céu Claro";"Simples";"Reta";"Não";2;0;0;0;1;2;0;3;-17,45691524;-51,90009951;"SPRF-GO";"DEL05-GO";"UOP01-DEL05-GO"
537350;2023-07-22;"sábado";"08:10:00";"RJ";493;96;"SEROPEDICA";"Pedestre andava na pista";"Atropelamento de Pedestre";"Com Vítimas Feridas";"Amanhecer";"Crescente";"Céu Claro";"Dupla";"Reta";"Sim";2;0;1;0;1;0;1;2;-22,71049109;-43,70100617;"SPRF-RJ";"DEL03-RJ";"UOP01-DEL03-RJ"
537362;2023-07-22;"sábado";"08:40:00";"RS";392;351;"SANTA MARIA";"Acessar a via sem observar a presença dos outros veículos";"Colisão transversal";"Com Vítimas Feridas";"Pleno dia";"Crescente";"Céu Claro";"Simples";"Reta";"Sim";5;0;1;0;3;2;1;5;-29,7284269;-53,80323691;"SPRF-RS";"DEL09-RS";"UOP01-DEL09-RS"
537363;2023-07-22;"sábado";"08:30:00";"DF";70;1;"BRASILIA";"Condutor Dormindo";"Saída de leito carroçável";"Com Vítimas Feridas";"Pleno dia";"Crescente";"Céu Claro";"Dupla";"Reta";"Sim";1;0;1;0;0;0;1;1;-15,795264;-48,063801;"SPRF-DF";"DEL03-DF";"UOP02-DEL03-DF"
537370;2023-07-22;"sábado";"08:30:00";"MS";262;768;"CORUMBA";"Ausência de reação do condutor";"Tombamento";"Com Vítimas Feridas";"Pleno dia";"Crescente";"Céu Claro";"Simples";"Aclive;Curva";"Não";2;0;1;0;0;1;1;2;-19,08285699;-57,62168025;"SPRF-MS";"DEL03-MS";"UOP03-DEL03-MS"
537374;2023-06-13;"terça-feira";"19:30:00";"MT";163;711;"SORRISO";"Transitar na contramão";"Colisão frontal";"Com Vítimas Feridas";"Plena Noite";"Crescente";"Céu Claro";"Simples";"Reta";"Não";3;0;0;1;1;3;1;5;-12,99608915;-55,88510462;"SPRF-MT";"DEL06-MT";"UOP01-DEL06-MT"
537387;2023-07-22;"sábado";"10:40:00";"MG";381;899;"CAMBUI";"Ausência de reação do condutor";"Saída de leito carroçável";"Com Vítimas Feridas";"Pleno dia";"Crescente";"Céu Claro";"Dupla";"Reta";"Não";2;0;1;0;0;1;1;2;-22,65351405;-46,08907579;"SPRF-MG";"DEL16-MG";"UOP03-DEL16-MG"
537394;2023-07-22;"sábado";"08:50:00";"MT";163;578;"NOVA MUTUM";"Ultrapassagem Indevida";"Colisão lateral sentido oposto";"Sem Vítimas";"Pleno dia";"Decrescente";"Sol";"Simples";"Curva";"Não";7;0;0;0;6;4;0;10;-14,05690926;-56,09799385;"SPRF-MT";"DEL01-MT";"UOP01-DEL01-MT"
537401;2023-07-22;"sábado";"12:30:00";"SC";101;106;"PENHA";"Manobra de mudança de faixa";"Colisão lateral mesmo sentido";"Sem Vítimas";"Pleno dia";"Crescente";"Sol";"Dupla";"Curva";"Não";5;0;0;0;4;2;0;6;-26,81031601;-48,68293896;"SPRF-SC";"DEL03-SC";"UOP02-DEL03-SC"
537403;2023-07-22;"sábado";"08:50:00";"MG";381;654,6;"SANTO ANTONIO DO AMPARO";"Condutor Dormindo";"Colisão frontal";"Com Vítimas Fatais";"Pleno dia";"Crescente";"Céu Claro";"Dupla";"Declive;Reta";"Não";3;1;1;0;0;1;1;3;-20,99437964;-44,96041633;"SPRF-MG";"DEL04-MG";"UOP02-DEL04-MG"
537407;2023-07-22;"sábado";"12:10:00";"PR";163;287;"MARECHAL CANDIDO RONDON";"Reação tardia ou ineficiente do condutor";"Engavetamento";"Com Vítimas Fatais";"Pleno dia";"Crescente";"Sol";"Simples";"Em Obras;Declive;Reta";"Não";17;4;3;7;2;1;10;7;-24,52232087;-54,06451464;"SPRF-PR";"DEL06-PR";"UOP02-DEL06-PR"
537415;2023-07-22;"sábado";"13:20:00";"MG";381;514;"IGARAPE";"Transitar na contramão";"Colisão frontal";"Com Vítimas Feridas";"Pleno dia";"Decrescente";"Céu Claro";"Dupla";"Reta";"Não";3;0;1;0;1;1;1;3;-20,1065028;-44,32327616;"SPRF-MG";"DEL04-MG";"UOP03-DEL04-MG"
537418;2023-07-22;"sábado";"14:00:00";"PR";467;91,8;"CASCAVEL";"Ausência de reação do condutor";"Colisão traseira";"Com Vítimas Feridas";"Pleno dia";"Crescente";"Céu Claro";"Dupla";"Declive;Curva";"Não";2;0;0;1;0;1;1;2;-24,8515;-53,6035;"SPRF-PR";"DEL04-PR";"UOP01-DEL04-PR"
537426;2023-07-22;"sábado";"13:30:00";"RJ";493;67;"NOVA IGUACU";"Reação tardia ou ineficiente do condutor";"Saída de leito carroçável";"Sem Vítimas";"Pleno dia";"Crescente";"Céu Claro";"Dupla";"Reta";"Não";2;0;0;0;2;0;0;1;-22,68146011;-43,47262144;"SPRF-RJ";"DEL01-RJ";"UOP03-DEL01-RJ"
537429;2023-07-22;"sábado";"04:00:00";"PA";163;889;"BELTERRA";"Pedestre andava na pista";"Atropelamento de Pedestre";"Com Vítimas Fatais";"Plena Noite";"Decrescente";"Céu Claro";"Simples";"Reta";"Não";2;1;0;0;0;1;0;2;-3,33323793;-54,92965769;"SPRF-PA";"DEL05-PA";"UOP01-DEL05-PA"
537433;2023-07-22;"sábado";"09:25:00";"RO";364;267,2;"CACOAL";"Acessar a via sem observar a presença dos outros veículos";"Saída de leito carroçável";"Com Vítimas Feridas";"Pleno dia";"Decrescente";"Sol";"Simples";"Curva";"Não";2;0;1;0;0;2;1;3;-11,376305;-61,689264;"SPRF-RO";"DEL02-RO";"UOP02-DEL02-RO"
537434;2023-07-22;"sábado";"13:00:00";"RO";364;180,6;"PIMENTA BUENO";"Objeto estático sobre o leito carroçável";"Colisão com objeto";"Com Vítimas Feridas";"Pleno dia";"Decrescente";"Céu Claro";"Simples";"Reta";"Não";2;0;0;1;0;2;1;3;-11,7775679;-61,07357688;"SPRF-RO";"DEL02-RO";"UOP02-DEL02-RO"
537440;2023-07-22;"sábado";"16:10:00";"SP";381;71;"SAO PAULO";"Manobra de mudança de faixa";"Colisão lateral mesmo sentido";"Com Vítimas Feridas";"Anoitecer";"Crescente";"Céu Claro";"Simples";"Curva;Túnel";"Sim";3;0;1;0;1;1;1;2;-23,35047979;-46,55267274;"SPRF-SP";"DEL03-SP";"UOP01-DEL03-SP"
537446;2023-07-22;"sábado";"16:00:00";"PR";376;237,4;"APUCARANA";"Velocidade Incompatível";"Colisão com objeto";"Sem Vítimas";"Pleno dia";"Crescente";"Sol";"Dupla";"Reta";"Não";2;0;0;0;1;3;0;4;-23,586274;-51,481875;"SPRF-PR";"DEL07-PR";"UOP03-DEL07-PR"
537450;2023-07-22;"sábado";"11:50:00";"GO";153;283;"NOVA GLORIA";"Reação tardia ou ineficiente do condutor";"Engavetamento";"Com Vítimas Feridas";"Pleno dia";"Crescente";"Céu Claro";"Simples";"Aclive";"Não";7;0;3;0;3;2;3;5;-15,153842;-49,53722;"SPRF-GO";"DEL07-GO";"UOP02-DEL07-GO"
537469;2023-07-22;"sábado";"19:50:00";"PE";101;44,9;"IGARASSU";"Mal súbito do condutor";"Saída de leito carroçável";"Com Vítimas Feridas";"Plena Noite";"Crescente";"Chuva";"Múltipla";"Reta";"Sim";2;0;0;1;0;1;1;2;-7,86338181;-34,90779161;"SPRF-PE";"DEL01-PE";"UOP02-DEL01-PE"
537479;2023-07-22;"sábado";"20:00:00";"MG";153;132;"PRATA";"Reação tardia ou ineficiente do condutor";"Colisão traseira";"Com Vítimas Feridas";"Plena Noite";"Crescente";"Céu Claro";"Simples";"Aclive";"Não";4;0;2;0;1;4;2;7;-19,49973068;-48,85139954;"SPRF-MG";"DEL15-MG";"UOP03-DEL15-MG"
537490;2023-07-22;"sábado";"19:39:00";"PE";232;525;"SALGUEIRO";"Transitar no Acostamento";"Atropelamento de Animal";"Com Vítimas Feridas";"Plena Noite";"Crescente";"Céu Claro";"Simples";"Reta";"Não";2;0;0;1;1;0;1;2;-8,069877;-39,270428;"SPRF-PE";"DEL05-PE";"UOP01-DEL05-PE"
537491;2023-07-22;"sábado";"17:55:00";"MT";70;272;"PRIMAVERA DO LESTE";"Pedestre andava na pista";"Atropelamento de Pedestre";"Com Vítimas Fatais";"Plena Noite";"Crescente";"Céu Claro";"Simples";"Reta";"Não";2;1;0;0;0;1;0;2;-15,53758802;-54,22946999;"SPRF-MT";"DEL05-MT";"UOP01-DEL05-MT"
537495;2023-07-22;"sábado";"21:10:00";"SP";153;78;"BADY BASSITT";"Ausência de reação do condutor";"Atropelamento de Pedestre";"Com Vítimas Feridas";"Plena Noite";"Crescente";"Céu Claro";"Dupla";"Declive";"Não";4;0;0;2;0;2;2;3;-20,90428329;-49,46169392;"SPRF-SP";"DEL09-SP";"UOP01-DEL09-SP"
537501;2023-07-22;"sábado";"19:50:00";"MG";116;117,6;"ITAOBIM";"Transitar na contramão";"Colisão lateral sentido oposto";"Com Vítimas Feridas";"Plena Noite";"Crescente";"Céu Claro";"Múltipla";"Reta";"Não";3;0;0;1;1;1;1;3;-16,57411225;-41,50497449;"SPRF-MG";"DEL11-MG";"UOP02-DEL11-MG"
537502;2023-05-22;"segunda-feira";"06:27:00";"SC";101;114;"ITAJAI";"Ausência de reação do condutor";"Engavetamento";"Com Vítimas Feridas";"Amanhecer";"Crescente";"Nublado";"Dupla";"Reta";"Não";5;0;1;0;3;1;1;5;-26,86192886;-48,7286704;"SPRF-SC";"DEL04-SC";"UOP04-DEL04-SC"
537505;2023-07-22;"sábado";"14:30:00";"RO";364;662;"CANDEIAS DO JAMARI";"Demais falhas na via";"Saída de leito carroçável";"Sem Vítimas";"Pleno dia";"Crescente";"Céu Claro";"Simples";"Reta";"Não";1;0;0;0;1;0;0;1;-8,81556089;-63,45804476;"SPRF-RO";"DEL01-RO";"UOP01-DEL01-RO"
537516;2023-07-22;"sábado";"20:20:00";"PR";376;679;"GUARATUBA";"Problema na suspensão";"Derramamento de carga";"Sem Vítimas";"Plena Noite";"Crescente";"Céu Claro";"Dupla";"Reta";"Não";2;0;0;0;1;2;0;3;-25,95050276;-48,90514477;"SPRF-PR";"DEL01-PR";"UOP04-DEL01-PR"
537524;2023-07-19;"quarta-feira";"07:00:00";"RJ";116;230;"PIRAI";"Carga excessiva e/ou mal acondicionada";"Eventos atípicos";"Sem Vítimas";"Amanhecer";"Decrescente";"Céu Claro";"Dupla";"Reta";"Não";1;0;0;0;1;0;0;1;-22,65208783;-43,82143902;"SPRF-RJ";"DEL07-RJ";"UOP01-DEL07-RJ"
537529;2023-07-22;"sábado";"22:53:00";"PI";343;324;"TERESINA";"Ingestão de álcool pelo condutor";"Saída de leito carroçável";"Com Vítimas Feridas";"Plena Noite";"Decrescente";"Ignorado";"Simples";"Aclive;Reta";"Não";1;0;1;0;0;0;1;1;-5,061587;-42,60183;"SPRF-PI";"DEL01-PI";"UOP01-DEL01-PI"
537532;2023-07-22;"sábado";"16:45:00";"PI";343;589;"FLORIANO";"Reação tardia ou ineficiente do condutor";"Colisão com objeto";"Sem Vítimas";"Pleno dia";"Crescente";"Céu Claro";"Dupla";"Interseção de Vias;Declive";"Sim";1;0;0;0;0;1;0;1;-6,776695;-43,009346;"SPRF-PI";"DEL03-PI";"UOP01-DEL03-PI"
537534;2023-07-22;"sábado";"21:07:00";"MS";267;110,7;"NOVA ANDRADINA";"Manobra de mudança de faixa";"Colisão lateral mesmo sentido";"Com Vítimas Feridas";"Plena Noite";"Decrescente";"Céu Claro";"Simples";"Declive;Reta";"Não";3;0;1;0;1;2;1;4;-21,81120787;-53,13404893;"SPRF-MS";"DEL02-MS";"UOP03-DEL02-MS"
537536;2023-07-22;"sábado";"23:00:00";"PR";277;338;"GUARAPUAVA";"Transitar na contramão";"Colisão transversal";"Sem Vítimas";"Plena Noite";"Decrescente";"Céu Claro";"Dupla";"Reta";"Não";3;0;0;0;1;3;0;4;-25,34041898;-51,42162681;"SPRF-PR";"DEL08-PR";"UOP01-DEL08-PR"
537543;2023-07-22;"sábado";"22:50:00";"BA";116;433,5;"FEIRA DE SANTANA";"Condutor Dormindo";"Tombamento";"Com Vítimas Feridas";"Plena Noite";"Decrescente";"Garoa/Chuvisco";"Dupla";"Curva";"Não";2;0;1;0;0;2;1;3;-12,30271643;-39,04043935;"SPRF-BA";"DEL02-BA";"UOP01-DEL02-BA"
537558;2023-07-23;"domingo";"02:50:00";"PR";369;486,9;"CORBELIA";"Acesso irregular";"Colisão frontal";"Com Vítimas Fatais";"Plena Noite";"Crescente";"Céu Claro";"Simples";"Curva";"Não";5;1;2;0;2;0;2;2;-24,6836;-53,2279;"SPRF-PR";"DEL04-PR";"UOP03-DEL04-PR"
537560;2023-07-23;"domingo";"01:25:00";"MA";316;549,5;"CAXIAS";"Manobra de mudança de faixa";"Colisão lateral sentido oposto";"Com Vítimas Fatais";"Plena Noite";"Crescente";"Céu Claro";"Simples";"Reta";"Não";3;1;1;0;0;1;1;3;-4,887895;-43,371475;"SPRF-MA";"DEL03-MA";"UOP02-DEL03-MA"
537562;2023-07-23;"domingo";"04:40:00";"PE";101;189;"PALMARES";"Velocidade Incompatível";"Capotamento";"Com Vítimas Fatais";"Amanhecer";"Decrescente";"Nublado";"Dupla";"Curva";"Sim";1;1;0;0;0;0;0;1;-8,691145;-35,60774;"SPRF-PE";"DEL01-PE";"UOP03-DEL01-PE"
537583;2023-07-23;"domingo";"04:10:00";"SC";470;319,9;"CAMPOS NOVOS";"Ingestão de álcool pelo condutor";"Colisão frontal";"Com Vítimas Feridas";"Amanhecer";"Crescente";"Céu Claro";"Simples";"Declive;Curva";"Não";3;0;0;1;1;2;1;4;-27,409864;-51,224949;"SPRF-SC";"DEL07-SC";"UOP06-DEL07-SC"
537587;2023-07-22;"sábado";"23:45:00";"SC";470;193,9;"POUSO REDONDO";"Ausência de sinalização";"Colisão lateral sentido oposto";"Com Vítimas Feridas";"Plena Noite";"Crescente";"Nevoeiro/Neblina";"Simples";"Curva";"Não";2;0;1;0;1;0;1;2;-27,30047749;-50,08036137;"SPRF-SC";"DEL04-SC";"UOP02-DEL04-SC"
537588;2023-07-23;"domingo";"04:20:00";"PR";376;660;"TIJUCAS DO SUL";"Ausência de reação do condutor";"Colisão traseira";"Com Vítimas Feridas";"Plena Noite";"Decrescente";"Céu Claro";"Dupla";"Curva";"Não";2;0;1;0;1;0;1;2;-25,8516758;-49,00332398;"SPRF-PR";"DEL01-PR";"UOP04-DEL01-PR"
537599;2023-07-23;"domingo";"08:15:00";"SP";116;511;"CAJATI";"Reação tardia ou ineficiente do condutor";"Tombamento";"Com Vítimas Feridas";"Pleno dia";"Crescente";"Céu Claro";"Simples";"Declive;Curva";"Não";6;0;4;1;0;1;5;3;-24,83558399;-48,2223738;"SPRF-SP";"DEL05-SP";"UOP02-DEL05-SP"
537601;2023-07-23;"domingo";"07:45:00";"RO";364;146,5;"PIMENTA BUENO";"Ultrapassagem Indevida";"Colisão lateral mesmo sentido";"Com Vítimas Feridas";"Pleno dia";"Crescente";"Céu Claro";"Simples";"Aclive";"Não";6;0;2;0;3;5;2;8;-12,01036994;-60,900442;"SPRF-RO";"DEL02-RO";"UOP02-DEL02-RO"
537603;2023-07-23;"domingo";"09:00:00";"MG";251;513;"FRANCISCO SA";"Condutor deixou de manter distância do veículo da frente";"Colisão com objeto";"Sem Vítimas";"Pleno dia";"Crescente";"Céu Claro";"Simples";"Ponte;Reta";"Não";2;0;0;0;1;1;0;2;-16,6575132;-43,72704597;"SPRF-MG";"DEL12-MG";"UOP01-DEL12-MG"
537607;2023-07-23;"domingo";"09:10:00";"SC";116;193,1;"PONTE ALTA";"Velocidade Incompatível";"Tombamento";"Com Vítimas Feridas";"Pleno dia";"Decrescente";"Nublado";"Simples";"Curva";"Não";2;0;1;0;0;1;1;2;-27,37129308;-50,42970441;"SPRF-SC";"DEL05-SC";"UOP03-DEL05-SC"
537616;2023-07-23;"domingo";"10:30:00";"RS";386;419;"MONTENEGRO";"Condutor Dormindo";"Colisão frontal";"Com Vítimas Feridas";"Pleno dia";"Crescente";"Céu Claro";"Simples";"Reta";"Não";4;0;0;1;1;3;1;5;-29,81764;-51,432823;"SPRF-RS";"DEL04-RS";"UOP02-DEL04-RS"
537617;2023-07-23;"domingo";"10:00:00";"PE";316;85;"OURICURI";"Ultrapassagem Indevida";"Colisão frontal";"Com Vítimas Feridas";"Pleno dia";"Crescente";"Céu Claro";"Simples";"Reta";"Sim";4;0;0;1;2;1;1;4;-7,88417113;-40,0701651;"SPRF-PE";"DEL05-PE";"UOP02-DEL05-PE"
537618;2023-07-03;"segunda-feira";"19:38:00";"SC";282;528;"XAXIM";"Reação tardia ou ineficiente do condutor";"Colisão transversal";"Com Vítimas Feridas";"Plena Noite";"Decrescente";"Céu Claro";"Simples";"Curva";"Não";3;0;2;0;1;0;2;2;-26,978798;-52,588566;"SPRF-SC";"DEL07-SC";"UOP01-DEL07-SC"