"id";"data_inversa";"dia_semana";"horario";"uf";"br";"km";"municipio";"causa_acidente";"tipo_acidente";"classificacao_acidente";"fase_dia";"sentido_via";"condicao_metereologica";"tipo_pista";"tracado_via";"uso_solo";"pessoas";"mortos";"feridos_leves";"feridos_graves";"ilesos";"ignorados";"feridos";"veiculos";"latitude";"longitude";"regional";"delegacia";"uop"
538038;2023-07-25;"terça-feira";"07:15:00";"ES";101;269,8;"SERRA";"Trafegar com motocicleta (ou similar) entre as faixas";"Colisão lateral mesmo sentido";"Com Vítimas Fatais";"Pleno dia";"Crescente";"Chuva";"Múltipla";"Reta";"Sim";3;1;0;0;2;0;0;3;-20,21740496;-40,26990578;"SPRF-ES";"DEL02-ES";"UOP01-DEL02-ES"
538046;2023-07-25;"terça-feira";"07:30:00";"TO";10;457;"PALMAS";"Reação tardia ou ineficiente do condutor";"Colisão traseira";"Com Vítimas Feridas";"Pleno dia";"Crescente";"Céu Claro";"Múltipla";"Reta";"Sim";3;0;1;0;0;2;1;3;-10,20499186;-48,16363986;"SPRF-TO";"DEL01-TO";"UOP03-DEL01-TO"
538055;2023-07-25;"terça-feira";"01:15:00";"MG";381;377;"SAO GONCALO DO RIO ABAIXO";"Reação tardia ou ineficiente do condutor";"Tombamento";"Com Vítimas Feridas";"Plena Noite";"Crescente";"Céu Claro";"Simples";"Curva";"Não";2;0;1;0;0;1;1;2;-19,8367193;-43,34504908;"SPRF-MG";"DEL01-MG";"UOP01-DEL01-MG"
538058;2023-07-25;"terça-feira";"07:20:00";"PR";376;665;"GUARATUBA";"Demais falhas mecânicas ou elétricas";"Colisão traseira";"Com Vítimas Feridas";"Pleno dia";"Crescente";"Céu Claro";"Dupla";"Curva;Declive";"Não";3;0;1;0;1;2;1;4;-25,85455838;-48,95670808;"SPRF-PR";"DEL01-PR";"UOP04-DEL01-PR"
538063;2023-07-25;"terça-feira";"08:00:00";"PR";153;217;"TIBAGI";"Condutor Dormindo";"Colisão frontal";"Com Vítimas Fatais";"Pleno dia";"Crescente";"Céu Claro";"Simples";"Declive;Reta";"Não";3;1;0;0;1;1;0;3;-24,6072216;-50,44194412;"SPRF-PR";"DEL03-PR";"UOP02-DEL03-PR"
538067;2023-07-25;"terça-feira";"10:20:00";"RS";290;107,6;"ELDORADO DO SUL";"Manobra de mudança de faixa";"Colisão lateral mesmo sentido";"Sem Vítimas";"Pleno dia";"Crescente";"Chuva";"Simples";"Viaduto;Declive";"Não";4;0;0;0;3;1;0;3;-30,001852;-51,304264;"SPRF-RS";"DEL02-RS";"UOP01-DEL02-RS"
538069;2023-07-25;"terça-feira";"11:00:00";"SC";101;191,5;"BIGUACU";"Reação tardia ou ineficiente do condutor";"Colisão lateral mesmo sentido";"Sem Vítimas";"Pleno dia";"Decrescente";"Céu Claro";"Dupla";"Reta";"Sim";3;0;0;0;2;1;0;3;-27,47730273;-48,64127329;"SPRF-SC";"DEL01-SC";"UOP01-DEL01-SC"
538071;2023-07-25;"terça-feira";"09:50:00";"PR";376;672,6;"GUARATUBA";"Reação tardia ou ineficiente do condutor";"Eventos atípicos";"Com Vítimas Feridas";"Pleno dia";"Decrescente";"Céu Claro";"Dupla";"Reta";"Não";3;0;0;1;1;2;1;4;-25,89358488;-48,93146782;"SPRF-PR";"DEL01-PR";"UOP04-DEL01-PR"
538075;2023-07-25;"terça-feira";"06:50:00";"AL";0;0;"MACEIO";"Reação tardia ou ineficiente do condutor";"Colisão traseira";"Com Vítimas Feridas";"Pleno dia";"Não Informado";"Céu Claro";"Dupla";"Reta";"Sim";3;0;1;0;2;0;1;2;-9,580622;-35,735931;"SPRF-AL";"DEL01-AL";"UOP01-DEL01-AL"
538076;2023-07-25;"terça-feira";"09:40:00";"SC";101;232,2;"PALHOCA";"Entrada inopinada do pedestre";"Atropelamento de Pedestre";"Com Vítimas Feridas";"Pleno dia";"Decrescente";"Céu Claro";"Dupla";"Curva;Declive";"Não";3;0;0;1;1;1;1;3;-27,795666;-48,638153;"SPRF-SC";"DEL01-SC";"UOP02-DEL01-SC"
538077;2023-07-24;"segunda-feira";"21:00:00";"AL";423;47,2;"INHAPI";"Entrada inopinada do pedestre";"Atropelamento de Pedestre";"Com Vítimas Fatais";"Plena Noite";"Crescente";"Céu Claro";"Simples";"Reta";"Não";2;1;0;0;0;1;0;2;-9,25308345;-37,69629818;"SPRF-AL";"DEL03-AL";"UOP02-DEL03-AL"
538086;2023-07-25;"terça-feira";"12:40:00";"MG";251;517,1;"MONTES CLAROS";"Reação tardia ou ineficiente do condutor";"Colisão lateral mesmo sentido";"Com Vítimas Feridas";"Pleno dia";"Crescente";"Sol";"Simples";"Reta";"Não";3;0;0;1;1;1;1;3;-16,66154421;-43,76055398;"SPRF-MG";"DEL12-MG";"UOP01-DEL12-MG"
538088;2023-07-25;"terça-feira";"11:50:00";"PR";369;93;"CORNELIO PROCOPIO";"Manobra de mudança de faixa";"Colisão lateral mesmo sentido";"Sem Vítimas";"Pleno dia";"Crescente";"Céu Claro";"Dupla";"Curva";"Não";2;0;0;0;2;0;0;2;-23,213132;-50,6688;"SPRF-PR";"DEL07-PR";"UOP05-DEL07-PR"
538091;2023-07-25;"terça-feira";"12:30:00";"RJ";101;163,5;"MACAE";"Reação tardia ou ineficiente do condutor";"Engavetamento";"Com Vítimas Feridas";"Pleno dia";"Crescente";"Céu Claro";"Simples";"Reta";"Não";4;0;2;0;1;2;2;5;-22,312486;-41,894002;"SPRF-RJ";"DEL08-RJ";"UOP04-DEL08-RJ"
538095;2023-07-25;"terça-feira";"14:00:00";"SP";116;230;"SAO PAULO";"Trafegar com motocicleta (ou similar) entre as faixas";"Colisão lateral mesmo sentido";"Com Vítimas Feridas";"Pleno dia";"Crescente";"Céu Claro";"Dupla";"Reta";"Não";4;0;1;0;2;1;1;4;-23,52251783;-46,5855702;"SPRF-SP";"DEL01-SP";"UOP01-DEL01-SP"
538110;2023-07-25;"terça-feira";"15:35:00";"SP";381;84;"SAO PAULO";"Acessar a via sem observar a presença dos outros veículos";"Colisão lateral mesmo sentido";"Com Vítimas Feridas";"Pleno dia";"Crescente";"Céu Claro";"Múltipla";"Reta";"Sim";2;0;1;0;1;0;1;2;-23,43937;-46,56807;"SPRF-SP";"DEL03-SP";"UOP01-DEL03-SP"
538120;2023-07-25;"terça-feira";"16:12:00";"MS";163;483;"CAMPO GRANDE";"Ausência de reação do condutor";"Engavetamento";"Com Vítimas Feridas";"Pleno dia";"Decrescente";"Céu Claro";"Simples";"Declive;Reta";"Sim";3;0;0;1;2;0;1;3;-20,45726263;-54,54671829;"SPRF-MS";"DEL01-MS";"UOP02-DEL01-MS"
538125;2023-07-25;"terça-feira";"17:40:00";"PA";155;343;"MARABA";"Acessar a via sem observar a presença dos outros veículos";"Colisão transversal";"Com Vítimas Feridas";"Anoitecer";"Decrescente";"Céu Claro";"Simples";"Declive;Interseção de Vias;Reta";"Sim";2;0;1;0;1;0;1;2;-5,36957395;-49,07796968;"SPRF-PA";"DEL03-PA";"UOP01-DEL03-PA"
538127;2023-07-16;"domingo";"13:40:00";"MS";163;499,2;"JARAGUARI";"Falta de elemento de contenção que evite a saída do leito carroçável";"Saída de leito carroçável";"Com Vítimas Feridas";"Pleno dia";"Decrescente";"Nublado";"Dupla";"Reta";"Não";2;0;1;0;0;2;1;3;-20,334964;-54,518658;"SPRF-MS";"DEL01-MS";"UOP02-DEL01-MS"
538140;2023-07-06;"quinta-feira";"10:45:00";"PB";101;80;"BAYEUX";"Reação tardia ou ineficiente do condutor";"Engavetamento";"Sem Vítimas";"Pleno dia";"Decrescente";"Chuva";"Dupla";"Reta";"Sim";4;0;0;0;4;0;0;4;-7,11753704;-34,94951428;"SPRF-PB";"DEL01-PB";"UOP04-DEL01-PB"
538142;2023-07-25;"terça-feira";"17:40:00";"MG";40;413;"CURVELO";"Velocidade Incompatível";"Colisão transversal";"Com Vítimas Feridas";"Anoitecer";"Crescente";"Céu Claro";"Simples";"Curva";"Não";3;0;0;1;1;1;1;3;-19,13504259;-44,61890101;"SPRF-MG";"DEL02-MG";"UOP01-DEL02-MG"
538148;2023-07-25;"terça-feira";"15:10:00";"GO";153;271;"NOVA GLORIA";"Ausência de reação do condutor";"Saída de leito carroçável";"Com Vítimas Feridas";"Pleno dia";"Crescente";"Céu Claro";"Simples";"Reta;Declive";"Não";4;0;1;0;2;2;1;3;-15,077479;-49,460964;"SPRF-GO";"DEL07-GO";"UOP02-DEL07-GO"
538150;2023-07-25;"terça-feira";"17:50:00";"RS";392;1;"RIO GRANDE";"Ultrapassagem Indevida";"Colisão lateral mesmo sentido";"Sem Vítimas";"Anoitecer";"Decrescente";"Garoa/Chuvisco";"Simples";"Interseção de Vias";"Não";3;0;0;0;2;1;0;3;-32,13097963;-52,11166196;"SPRF-RS";"DEL07-RS";"UOP02-DEL07-RS"
538157;2023-07-25;"terça-feira";"15:30:00";"BA";407;125;"SENHOR DO BONFIM";"Transitar na contramão";"Colisão frontal";"Com Vítimas Feridas";"Pleno dia";"Decrescente";"Céu Claro";"Simples";"Reta";"Sim";2;0;1;0;1;0;1;2;-10,4558193;-40,18119143;"SPRF-BA";"DEL04-BA";"UOP01-DEL04-BA"
538158;2023-07-25;"terça-feira";"16:05:00";"PR";376;382,1;"IMBAU";"Carga excessiva e/ou mal acondicionada";"Tombamento";"Com Vítimas Feridas";"Pleno dia";"Decrescente";"Sol";"Simples";"Curva";"Não";3;0;0;2;0;1;2;2;-24,41745464;-50,776577;"SPRF-PR";"DEL03-PR";"UOP02-DEL03-PR"
538160;2023-07-25;"terça-feira";"15:15:00";"ES";262;64;"MARECHAL FLORIANO";"Demais falhas mecânicas ou elétricas";"Tombamento";"Com Vítimas Feridas";"Pleno dia";"Decrescente";"Nublado";"Simples";"Curva";"Não";2;0;1;0;0;1;1;2;-20,41797008;-40,81618087;"SPRF-ES";"DEL01-ES";"UOP02-DEL01-ES"
538164;2023-07-25;"terça-feira";"17:26:00";"GO";60;394;"RIO VERDE";"Sinalização mal posicionada";"Saída de leito carroçável";"Sem Vítimas";"Pleno dia";"Decrescente";"Céu Claro";"Dupla";"Curva;Desvio Temporário;Declive";"Não";5;0;0;0;2;5;0;6;-17,8228;-50,9983;"SPRF-GO";"DEL04-GO";"UOP02-DEL04-GO"
538170;2023-07-25;"terça-feira";"19:36:00";"PE";101;49;"ABREU E LIMA";"Manobra de mudança de faixa";"Colisão lateral mesmo sentido";"Sem Vítimas";"Plena Noite";"Decrescente";"Céu Claro";"Dupla";"Reta";"Sim";3;0;0;0;2;1;0;3;-7,9005152;-34,90180641;"SPRF-PE";"DEL01-PE";"UOP02-DEL01-PE"
538176;2023-07-25;"terça-feira";"15:04:00";"MG";381;686,7;"LAVRAS";"Velocidade Incompatível";"Tombamento";"Com Vítimas Feridas";"Pleno dia";"Decrescente";"Céu Claro";"Dupla";"Curva";"Não";2;0;1;0;0;1;1;2;-21,20030689;-45,11944438;"SPRF-MG";"DEL04-MG";"UOP02-DEL04-MG"
538178;2023-07-25;"terça-feira";"19:45:00";"PR";153;457;"UNIAO DA VITORIA";"Ingestão de álcool pelo condutor";"Colisão traseira";"Sem Vítimas";"Plena Noite";"Crescente";"Céu Claro";"Simples";"Reta";"Não";3;0;0;0;2;1;0;3;-26,20989091;-51,11876786;"SPRF-PR";"DEL02-PR";"UOP03-DEL02-PR"
538179;2023-07-25;"terça-feira";"21:15:00";"SC";101;134,8;"BALNEARIO CAMBORIU";"Condutor deixou de manter distância do veículo da frente";"Colisão traseira";"Sem Vítimas";"Plena Noite";"Crescente";"Céu Claro";"Dupla";"Reta";"Sim";4;0;0;0;4;0;0;2;-27,00218;-48,636433;"SPRF-SC";"DEL04-SC";"UOP03-DEL04-SC"
538181;2023-07-25;"terça-feira";"21:18:00";"PB";101;125;"CAAPORA";"Ausência de reação do condutor";"Colisão traseira";"Sem Vítimas";"Plena Noite";"Crescente";"Céu Claro";"Dupla";"Aclive;Reta";"Não";3;0;0;0;2;1;0;3;-7,45909075;-34,98049935;"SPRF-PB";"DEL01-PB";"UOP02-DEL01-PB"
538182;2023-07-25;"terça-feira";"21:15:00";"RS";116;38,5;"VACARIA";"Manobra de mudança de faixa";"Colisão transversal";"Com Vítimas Feridas";"Plena Noite";"Decrescente";"Céu Claro";"Simples";"Interseção de Vias";"Sim";3;0;1;0;1;1;1;3;-28,51018166;-50,9304285;"SPRF-RS";"DEL05-RS";"UOP03-DEL05-RS"
538187;2023-07-25;"terça-feira";"22:20:00";"SC";101;207,8;"SAO JOSE";"Velocidade Incompatível";"Colisão traseira";"Com Vítimas Feridas";"Plena Noite";"Decrescente";"Nublado";"Múltipla";"Reta";"Sim";3;0;0;1;1;1;1;3;-27,60001226;-48,6226467;"SPRF-SC";"DEL01-SC";"UOP01-DEL01-SC"
538190;2023-07-25;"terça-feira";"19:30:00";"MA";135;5,5;"SAO LUIS";"Reação tardia ou ineficiente do condutor";"Colisão traseira";"Com Vítimas Feridas";"Plena Noite";"Decrescente";"Ignorado";"Dupla";"Reta";"Sim";2;0;1;0;1;0;1;2;-2,62145385;-44,25797421;"SPRF-MA";"DEL01-MA";"UOP01-DEL01-MA"
538195;2023-07-25;"terça-feira";"22:50:00";"SC";282;524;"XAXIM";"Animais na Pista";"Atropelamento de Animal";"Com Vítimas Feridas";"Plena Noite";"Decrescente";"Céu Claro";"Simples";"Aclive;Reta";"Não";4;0;1;0;2;1;1;3;-26,965002;-52,557384;"SPRF-SC";"DEL07-SC";"UOP01-DEL07-SC"
538198;2023-05-01;"segunda-feira";"14:20:00";"BA";101;817;"VEREDA";"Velocidade Incompatível";"Tombamento";"Com Vítimas Feridas";"Pleno dia";"Crescente";"Céu Claro";"Simples";"Em Obras;Declive;Desvio Temporário";"Não";3;0;2;0;0;1;2;2;-17,25428798;-39,63099022;"SPRF-BA";"DEL09-BA";"UOP02-DEL09-BA"
538202;2023-07-25;"terça-feira";"22:30:00";"MG";116;508,8;"UBAPORANGA";"Velocidade Incompatível";"Colisão traseira";"Com Vítimas Feridas";"Plena Noite";"Crescente";"Chuva";"Simples";"Declive;Reta;Interseção de Vias";"Sim";3;0;1;0;0;2;1;3;-19,62776197;-42,10624519;"SPRF-MG";"DEL06-MG";"UOP02-DEL06-MG"
538205;2023-07-26;"quarta-feira";"01:00:00";"SC";101;133;"BALNEARIO CAMBORIU";"Demais falhas mecânicas ou elétricas";"Incêndio";"Sem Vítimas";"Plena Noite";"Decrescente";"Nublado";"Múltipla";"Reta";"Sim";1;0;0;0;1;0;0;1;-26,99936;-48,64609;"SPRF-SC";"DEL04-SC";"UOP03-DEL04-SC"
538207;2023-07-25;"terça-feira";"20:00:00";"MA";222;538;"BOM JESUS DAS SELVAS";"Transitar na contramão";"Colisão frontal";"Com Vítimas Feridas";"Plena Noite";"Crescente";"Céu Claro";"Simples";"Reta";"Não";3;0;0;2;0;2;2;4;-4,30551435;-46,54447615;"SPRF-MA";"DEL04-MA";"UOP03-DEL04-MA"
538209;2023-07-26;"quarta-feira";"04:00:00";"ES";101;248;"SERRA";"Reação tardia ou ineficiente do condutor";"Tombamento";"Com Vítimas Feridas";"Plena Noite";"Crescente";"Chuva";"Simples";"Curva";"Não";2;0;1;0;0;1;1;2;-20,08090311;-40,35039067;"SPRF-ES";"DEL02-ES";"UOP01-DEL02-ES"
538210;2023-07-26;"quarta-feira";"02:20:00";"MS";60;449;"SIDROLANDIA";"Ausência de reação do condutor";"Saída de leito carroçável";"Com Vítimas Feridas";"Plena Noite";"Crescente";"Céu Claro";"Simples";"Reta";"Não";1;0;1;0;0;0;1;1;-21,00492084;-55,12925298;"SPRF-MS";"DEL01-MS";"UOP04-DEL01-MS"
538212;2023-07-26;"quarta-feira";"03:00:00";"MG";381;269,5;"TIMOTEO";"Chuva";"Colisão lateral sentido oposto";"Com Vítimas Feridas";"Plena Noite";"Crescente";"Chuva";"Simples";"Reta";"Não";4;0;3;0;0;1;3;2;-19,54442685;-42,69096321;"SPRF-MG";"DEL03-MG";"UOP02-DEL03-MG"
538216;2023-07-26;"quarta-feira";"05:50:00";"SP";116;219;"GUARULHOS";"Reação tardia ou ineficiente do condutor";"Colisão com objeto";"Com Vítimas Feridas";"Amanhecer";"Decrescente";"Ignorado";"Múltipla";"Curva";"Sim";2;0;0;1;1;0;1;2;-23,46143954;-46,48885316;"SPRF-SP";"DEL01-SP";"UOP01-DEL01-SP"
538221;2023-07-26;"quarta-feira";"06:50:00";"PR";116;95,9;"SAO JOSE DOS PINHAIS";"Manobra de mudança de faixa";"Colisão lateral mesmo sentido";"Com Vítimas Feridas";"Pleno dia";"Crescente";"Céu Claro";"Dupla";"Reta;Aclive";"Não";4;0;1;0;2;1;1;4;-25,4971982;-49,11761871;"SPRF-PR";"DEL01-PR";"UOP07-DEL01-PR"
538222;2023-07-26;"quarta-feira";"06:30:00";"MG";262;96,3;"ABRE CAMPO";"Desvio temporário";"Colisão frontal";"Com Vítimas Feridas";"Pleno dia";"Decrescente";"Garoa/Chuvisco";"Simples";"Curva;Desvio Temporário;Aclive";"Sim";5;0;2;1;1;1;3;3;-20,29226219;-42,48301875;"SPRF-MG";"DEL03-MG";"UOP03-DEL03-MG"
538224;2023-07-26;"quarta-feira";"07:00:00";"RS";285;673;"SAO BORJA";"Acessar a via sem observar a presença dos outros veículos";"Queda de ocupante de veículo";"Com Vítimas Feridas";"Amanhecer";"Crescente";"Nevoeiro/Neblina";"Simples";"Reta";"Sim";2;0;1;0;1;0;1;2;-28,664228;-55,987453;"SPRF-RS";"DEL12-RS";"UOP01-DEL12-RS"
538227;2023-07-25;"terça-feira";"23:30:00";"BA";242;352;"LENCOIS";"Ausência de reação do condutor";"Saída de leito carroçável";"Com Vítimas Fatais";"Plena Noite";"Decrescente";"Céu Claro";"Simples";"Curva";"Não";1;1;0;0;0;0;0;1;-12,49857081;-41,33159186;"SPRF-BA";"DEL06-BA";"UOP01-DEL06-BA"
538228;2023-07-26;"quarta-feira";"06:14:00";"SC";470;95;"ASCURRA";"Acessar a via sem observar a presença dos outros veículos";"Colisão frontal";"Com Vítimas Feridas";"Amanhecer";"Decrescente";"Céu Claro";"Simples";"Curva";"Não";2;0;1;0;1;0;1;2;-27,011988;-49,372101;"SPRF-SC";"DEL04-SC";"UOP01-DEL04-SC"
538234;2023-07-25;"terça-feira";"15:50:00";"MG";381;684,8;"RIBEIRAO VERMELHO";"Velocidade Incompatível";"Tombamento";"Com Vítimas Feridas";"Pleno dia";"Crescente";"Céu Claro";"Dupla";"Curva;Declive";"Não";3;0;1;0;1;3;1;5;-21,183794;-45,119785;"SPRF-MG";"DEL04-MG";"UOP02-DEL04-MG"
538238;2023-03-18;"sábado";"09:17:00";"ES";101;70,2;"SAO MATEUS";"Manobra de mudança de faixa";"Colisão lateral mesmo sentido";"Com Vítimas Feridas";"Pleno dia";"Crescente";"Céu Claro";"Simples";"Reta";"Sim";2;0;0;1;1;0;1;2;-18,74453703;-39,86164665;"SPRF-ES";"DEL04-ES";"UOP02-DEL04-ES"
538243;2023-07-26;"quarta-feira";"07:30:00";"RO";364;9;"VILHENA";"Reação tardia ou ineficiente do condutor";"Colisão com objeto";"Sem Vítimas";"Pleno dia";"Decrescente";"Céu Claro";"Dupla";"Reta";"Sim";2;0;0;0;2;0;0;1;-12,75881009;-60,1001711;"SPRF-RO";"DEL04-RO";"UOP01-DEL04-RO"
538245;2023-07-26;"quarta-feira";"05:50:00";"PB";230;191,5;"POCINHOS";"Condutor Dormindo";"Colisão frontal";"Com Vítimas Fatais";"Amanhecer";"Crescente";"Nublado";"Simples";"Reta";"Não";4;1;0;0;2;1;0;3;-7,132517;-36,163062;"SPRF-PB";"DEL02-PB";"UOP02-DEL02-PB"
538247;2023-07-26;"quarta-feira";"08:50:00";"MG";381;897;"CAMBUI";"Ausência de reação do condutor";"Colisão traseira";"Com Vítimas Feridas";"Pleno dia";"Crescente";"Céu Claro";"Dupla";"Reta";"Sim";3;0;0;1;1;2;1;4;-22,63961103;-46,08077997;"SPRF-MG";"DEL16-MG";"UOP03-DEL16-MG"
538251;2023-07-11;"terça-feira";"06:30:00";"MG";381;366;"SAO GONCALO DO RIO ABAIXO";"Ausência de reação do condutor";"Colisão lateral sentido oposto";"Com Vítimas Feridas";"Pleno dia";"Crescente";"Céu Claro";"Simples";"Declive;Curva";"Não";2;0;0;1;1;0;1;2;-19,850555;-43,267783;"SPRF-MG";"DEL03-MG";"UOP01-DEL03-MG"
538256;2023-05-11;"quinta-feira";"08:00:00";"MG";40;710,4;"BARBACENA";"Velocidade Incompatível";"Colisão com objeto";"Com Vítimas Feridas";"Pleno dia";"Crescente";"Céu Claro";"Dupla";"Curva";"Não";2;0;0;1;0;2;1;3;-21,245926;-43,68207;"SPRF-MG";"DEL05-MG";"UOP02-DEL05-MG"
538259;2023-07-26;"quarta-feira";"09:35:00";"SC";101;209,2;"SAO JOSE";"Desrespeitar a preferência no cruzamento";"Colisão transversal";"Com Vítimas Feridas";"Pleno dia";"Decrescente";"Céu Claro";"Simples";"Interseção de Vias";"Sim";2;0;1;0;1;0;1;2;-27,61000542;-48,63895057;"SPRF-SC";"DEL01-SC";"UOP01-DEL01-SC"
538260;2023-07-26;"quarta-feira";"09:20:00";"SC";470;19;"ILHOTA";"Redutor de velocidade em desacordo";"Tombamento";"Com Vítimas Feridas";"Pleno dia";"Crescente";"Céu Claro";"Dupla";"Em Obras;Desvio Temporário";"Não";5;0;3;0;1;1;3;2;-26,862995;-48,814396;"SPRF-SC";"DEL04-SC";"UOP04-DEL04-SC"
538262;2023-07-26;"quarta-feira";"10:25:00";"SC";470;137;"RIO DO SUL";"Desrespeitar a preferência no cruzamento";"Colisão transversal";"Com Vítimas Feridas";"Pleno dia";"Crescente";"Céu Claro";"Simples";"Interseção de Vias";"Não";3;0;2;0;1;0;2;2;-27,203201;-49,635063;"SPRF-SC";"DEL04-SC";"UOP02-DEL04-SC"
538265;2023-07-26;"quarta-feira";"10:50:00";"SP";116;227;"SAO PAULO";"Reação tardia ou ineficiente do condutor";"Engavetamento";"Sem Vítimas";"Pleno dia";"Crescente";"Céu Claro";"Múltipla";"Reta";"Sim";6;0;0;0;5;2;0;7;-23,49659264;-46,55648754;"SPRF-SP";"DEL01-SP";"UOP01-DEL01-SP"
538266;2023-07-26;"quarta-feira";"09:10:00";"PE";316;249;"BELEM DE SAO FRANCISCO";"Ausência de reação do condutor";"Colisão lateral sentido oposto";"Com Vítimas Feridas";"Pleno dia";"Decrescente";"Céu Claro";"Simples";"Curva";"Não";4;0;1;0;2;1;1;3;-8,6737083;-38,97854215;"SPRF-PE";"DEL05-PE";"UOP03-DEL05-PE"
538267;2023-07-26;"quarta-feira";"11:10:00";"GO";60;390;"RIO VERDE";"Manobra de mudança de faixa";"Colisão lateral mesmo sentido";"Sem Vítimas";"Pleno dia";"Decrescente";"Céu Claro";"Dupla";"Reta";"Sim";3;0;0;0;2;2;0;4;-17,823;-50,9515;"SPRF-GO";"DEL04-GO";"UOP02-DEL04-GO"
538269;2023-07-26;"quarta-feira";"10:10:00";"MG";381;685,7;"LAVRAS";"Velocidade Incompatível";"Colisão traseira";"Com Vítimas Feridas";"Pleno dia";"Crescente";"Céu Claro";"Dupla";"Curva;Declive";"Não";4;0;0;1;2;3;1;6;-21,16693408;-45,12632132;"SPRF-MG";"DEL04-MG";"UOP02-DEL04-MG"
538270;2023-07-26;"quarta-feira";"07:50:00";"PR";277;432;"VIRMOND";"Transitar na contramão";"Colisão frontal";"Com Vítimas Fatais";"Pleno dia";"Decrescente";"Nublado";"Simples";"Curva;Declive";"Não";5;2;0;1;2;0;1;3;-25,37489488;-52,21660137;"SPRF-PR";"DEL04-PR";"UOP02-DEL04-PR"
538273;2023-07-26;"quarta-feira";"12:00:00";"PR";277;23;"MORRETES";"Reação tardia ou ineficiente do condutor";"Saída de leito carroçável";"Sem Vítimas";"Pleno dia";"Crescente";"Céu Claro";"Simples";"Curva";"Não";1;0;0;0;1;0;0;1;-25,54134292;-48,68821697;"SPRF-PR";"DEL01-PR";"UOP05-DEL01-PR"
538276;2023-07-26;"quarta-feira";"12:30:00";"SP";116;155;"SAO JOSE DOS CAMPOS";"Manobra de mudança de faixa";"Colisão lateral mesmo sentido";"Com Vítimas Feridas";"Pleno dia";"Decrescente";"Céu Claro";"Múltipla";"Reta";"Sim";2;0;1;0;1;0;1;2;-23,24524337;-45,92772774;"SPRF-SP";"DEL02-SP";"UOP01-DEL02-SP"
538279;2023-07-26;"quarta-feira";"11:20:00";"PE";232;4,6;"RECIFE";"Ausência de reação do condutor";"Colisão traseira";"Sem Vítimas";"Pleno dia";"Crescente";"Céu Claro";"Múltipla";"Viaduto";"Não";5;0;0;0;5;0;0;2;-8,064473;-34,936928;"SPRF-PE";"DEL01-PE";"UOP01-DEL01-PE"
538282;2023-07-26;"quarta-feira";"13:30:00";"MG";459;67;"SENADOR JOSE BENTO";"Velocidade Incompatível";"Capotamento";"Com Vítimas Fatais";"Pleno dia";"Crescente";"Céu Claro";"Simples";"Declive;Curva";"Não";1;1;0;0;0;0;0;1;-22,131327;-46,181057;"SPRF-MG";"DEL09-MG";"UOP01-DEL09-MG"
538286;2023-07-26;"quarta-feira";"12:00:00";"MG";116;286;"TEOFILO OTONI";"Demais falhas mecânicas ou elétricas";"Tombamento";"Sem Vítimas";"Pleno dia";"Crescente";"Nublado";"Simples";"Curva;Declive";"Não";2;0;0;0;1;1;0;2;-17,93577075;-41,52783055;"SPRF-MG";"DEL11-MG";"UOP01-DEL11-MG"
538288;2023-07-26;"quarta-feira";"12:35:00";"MG";381;888,8;"CAMBUI";"Reação tardia ou ineficiente do condutor";"Engavetamento";"Com Vítimas Feridas";"Pleno dia";"Crescente";"Céu Claro";"Dupla";"Curva";"Não";10;0;0;1;8;4;1;12;-22,53265447;-46,02872456;"SPRF-MG";"DEL16-MG";"UOP03-DEL16-MG"
538292;2023-07-26;"quarta-feira";"15:00:00";"ES";101;142;"LINHARES";"Condutor deixou de manter distância do veículo da frente";"Colisão traseira";"Com Vítimas Feridas";"Pleno dia";"Decrescente";"Céu Claro";"Múltipla";"Interseção de Vias;Reta";"Sim";2;0;1;0;1;0;1;2;-19,33458987;-40,06755477;"SPRF-ES";"DEL04-ES";"UOP01-DEL04-ES"
538293;2023-07-26;"quarta-feira";"14:10:00";"SC";101;137;"BALNEARIO CAMBORIU";"Condutor deixou de manter distância do veículo da frente";"Colisão traseira";"Sem Vítimas";"Pleno dia";"Decrescente";"Céu Claro";"Múltipla";"Aclive;Reta";"Sim";3;0;0;0;2;1;0;3;-27,0157238;-48,61192763;"SPRF-SC";"DEL04-SC";"UOP03-DEL04-SC"
538295;2023-07-26;"quarta-feira";"11:25:00";"RJ";116;14;"SAPUCAIA";"Velocidade Incompatível";"Saída de leito carroçável";"Com Vítimas Feridas";"Pleno dia";"Crescente";"Garoa/Chuvisco";"Simples";"Curva";"Não";1;0;0;1;0;0;1;1;-21,96021372;-42,7364942;"SPRF-RJ";"DEL05-RJ";"UOP01-DEL05-RJ"
538304;2023-07-26;"quarta-feira";"14:50:00";"MG";40;611,8;"CONGONHAS";"Condutor deixou de manter distância do veículo da frente";"Colisão traseira";"Com Vítimas Feridas";"Pleno dia";"Crescente";"Nublado";"Simples";"Reta";"Sim";3;0;1;0;1;2;1;4;-20,51043545;-43,84039195;"SPRF-MG";"DEL05-MG";"UOP02-DEL05-MG"
538305;2023-07-26;"quarta-feira";"13:00:00";"MG";40;605,9;"CONGONHAS";"Condutor deixou de manter distância do veículo da frente";"Colisão traseira";"Com Vítimas Feridas";"Pleno dia";"Crescente";"Sol";"Simples";"Curva;Declive";"Não";7;0;2;0;4;1;2;6;-20,470505;-43,844016;"SPRF-MG";"DEL05-MG";"UOP02-DEL05-MG"