"id";"data_inversa";"dia_semana";"horario";"uf";"br";"km";"municipio";"causa_acidente";"tipo_acidente";"classificacao_acidente";"fase_dia";"sentido_via";"condicao_metereologica";"tipo_pista";"tracado_via";"uso_solo";"pessoas";"mortos";"feridos_leves";"feridos_graves";"ilesos";"ignorados";"feridos";"veiculos";"latitude";"longitude";"regional";"delegacia";"uop"
538307;2023-07-26;"quarta-feira";"15:25:00";"SC";116;207;"PONTE ALTA";"Ausência de reação do condutor";"Colisão traseira";"Com Vítimas Feridas";"Pleno dia";"Crescente";"Chuva";"Simples";"Interseção de Vias;Reta";"Sim";2;0;1;0;0;1;1;2;-27,48199748;-50,37911479;"SPRF-SC";"DEL05-SC";"UOP03-DEL05-SC"
538308;2023-07-26;"quarta-feira";"09:00:00";"BA";116;277;"TUCANO";"Acesso irregular";"Colisão lateral mesmo sentido";"Com Vítimas Feridas";"Pleno dia";"Decrescente";"Céu Claro";"Simples";"Curva;Declive";"Não";2;0;1;0;1;0;1;2;-10,98605827;-38,80013655;"SPRF-BA";"DEL07-BA";"UOP02-DEL07-BA"
538312;2023-07-26;"quarta-feira";"12:28:00";"SC";158;126;"CAIBI";"Mal súbito do condutor";"Colisão frontal";"Com Vítimas Fatais";"Pleno dia";"Decrescente";"Céu Claro";"Simples";"Curva";"Não";3;1;0;0;1;1;0;3;-27,0109242;-53,224917;"SPRF-SC";"DEL07-SC";"UOP02-DEL07-SC"
538314;2023-07-26;"quarta-feira";"17:05:00";"BA";116;813;"VITORIA DA CONQUISTA";"Condutor deixou de manter distância do veículo da frente";"Colisão lateral mesmo sentido";"Com Vítimas Feridas";"Pleno dia";"Decrescente";"Chuva";"Simples";"Reta";"Sim";3;0;0;1;1;1;1;3;-14,803444;-40,779831;"SPRF-BA";"DEL08-BA";"UOP01-DEL08-BA"
538320;2023-07-26;"quarta-feira";"17:44:00";"GO";153;500,1;"GOIANIA";"Manobra de mudança de faixa";"Colisão lateral mesmo sentido";"Com Vítimas Feridas";"Anoitecer";"Crescente";"Céu Claro";"Múltipla";"Reta";"Sim";3;0;1;0;1;1;1;3;-16,70360182;-49,23120802;"SPRF-GO";"DEL01-GO";"UOP01-DEL01-GO"
538321;2023-07-26;"quarta-feira";"17:20:00";"SP";153;99,3;"JOSE BONIFACIO";"Acessar a via sem observar a presença dos outros veículos";"Colisão lateral mesmo sentido";"Com Vítimas Feridas";"Pleno dia";"Decrescente";"Céu Claro";"Simples";"Interseção de Vias";"Não";3;0;1;0;1;1;1;3;-21,0005177;-49,6305986;"SPRF-SP";"DEL09-SP";"UOP01-DEL09-SP"
538327;2023-06-26;"segunda-feira";"08:30:00";"BA";116;508;"SANTA TERESINHA";"Ultrapassagem Indevida";"Colisão frontal";"Com Vítimas Feridas";"Pleno dia";"Decrescente";"Céu Claro";"Simples";"Aclive;Curva";"Não";5;0;1;0;3;1;1;5;-12,62503832;-39,59296284;"SPRF-BA";"DEL03-BA";"UOP02-DEL03-BA"
538331;2023-07-26;"quarta-feira";"15:30:00";"RJ";493;1;"ITABORAI";"Conversão proibida";"Colisão transversal";"Com Vítimas Feridas";"Pleno dia";"Decrescente";"Céu Claro";"Simples";"Reta";"Sim";3;0;1;0;2;0;1;2;-22,76398788;-42,92731895;"SPRF-RJ";"DEL02-RJ";"UOP02-DEL02-RJ"
538333;2023-07-26;"quarta-feira";"12:40:00";"GO";60;391;"RIO VERDE";"Ingestão de álcool pelo condutor";"Colisão lateral mesmo sentido";"Sem Vítimas";"Pleno dia";"Crescente";"Céu Claro";"Dupla";"Curva;Aclive";"Sim";3;0;0;0;1;2;0;3;-17,8252;-50,9624;"SPRF-GO";"DEL04-GO";"UOP02-DEL04-GO"
538337;2023-07-26;"quarta-feira";"17:30:00";"MG";365;823;"SANTA VITORIA";"Reação tardia ou ineficiente do condutor";"Colisão traseira";"Com Vítimas Fatais";"Pleno dia";"Decrescente";"Sol";"Simples";"Reta";"Não";3;1;0;0;1;2;0;4;-18,87661741;-50,12370676;"SPRF-MG";"DEL15-MG";"UOP03-DEL15-MG"
538339;2023-07-26;"quarta-feira";"18:50:00";"GO";50;278,8;"CATALAO";"Desrespeitar a preferência no cruzamento";"Colisão transversal";"Sem Vítimas";"Plena Noite";"Decrescente";"Céu Claro";"Simples";"Rotatória;Reta;Interseção de Vias";"Sim";3;0;0;0;2;2;0;4;-18,1739;-47,9289;"SPRF-GO";"DEL06-GO";"UOP01-DEL06-GO"
538341;2023-07-26;"quarta-feira";"18:20:00";"RO";364;702;"PORTO VELHO";"Reação tardia ou ineficiente do condutor";"Queda de ocupante de veículo";"Com Vítimas Feridas";"Pleno dia";"Decrescente";"Sol";"Simples";"Curva";"Não";2;0;1;0;1;0;1;2;-8,80043238;-63,786732;"SPRF-RO";"DEL01-RO";"UOP01-DEL01-RO"
538343;2023-07-26;"quarta-feira";"12:15:00";"MG";116;576,9;"MANHUACU";"Reação tardia ou ineficiente do condutor";"Capotamento";"Com Vítimas Feridas";"Pleno dia";"Decrescente";"Chuva";"Simples";"Reta";"Não";2;0;1;0;0;1;1;2;-20,15473996;-42,18629605;"SPRF-MG";"DEL06-MG";"UOP03-DEL06-MG"
538345;2023-07-26;"quarta-feira";"17:20:00";"PA";10;70;"ULIANOPOLIS";"Condutor deixou de manter distância do veículo da frente";"Colisão traseira";"Com Vítimas Feridas";"Pleno dia";"Decrescente";"Céu Claro";"Simples";"Reta;Aclive";"Não";9;0;7;0;1;1;7;4;-3,833287;-47,515775;"SPRF-PA";"DEL02-PA";"UOP02-DEL02-PA"
538346;2023-07-26;"quarta-feira";"18:05:00";"SC";163;69;"SAO MIGUEL DO OESTE";"Reação tardia ou ineficiente do condutor";"Colisão transversal";"Com Vítimas Feridas";"Anoitecer";"Decrescente";"Nublado";"Dupla";"Reta";"Sim";3;0;0;1;1;1;1;3;-26,74164378;-53,50113273;"SPRF-SC";"DEL07-SC";"UOP03-DEL07-SC"
538349;2023-07-26;"quarta-feira";"19:15:00";"AL";101;224;"PORTO REAL DO COLEGIO";"Ingestão de álcool ou de substâncias psicoativas pelo pedestre";"Atropelamento de Pedestre";"Com Vítimas Fatais";"Plena Noite";"Crescente";"Céu Claro";"Dupla";"Reta";"Sim";2;1;0;0;1;0;0;2;-10,08246295;-36,69715516;"SPRF-AL";"DEL02-AL";"UOP02-DEL02-AL"
538350;2023-07-26;"quarta-feira";"18:15:00";"RJ";493;57;"DUQUE DE CAXIAS";"Reação tardia ou ineficiente do condutor";"Colisão traseira";"Com Vítimas Feridas";"Plena Noite";"Decrescente";"Céu Claro";"Dupla";"Reta";"Não";3;0;2;0;1;0;2;2;-22,672089;-43,285053;"SPRF-RJ";"DEL01-RJ";"UOP01-DEL01-RJ"
538352;2023-07-26;"quarta-feira";"16:30:00";"SP";116;511;"CAJATI";"Reação tardia ou ineficiente do condutor";"Tombamento";"Com Vítimas Feridas";"Pleno dia";"Decrescente";"Céu Claro";"Dupla";"Declive;Curva";"Não";1;0;1;0;0;0;1;1;-24,83558399;-48,2223738;"SPRF-SP";"DEL05-SP";"UOP02-DEL05-SP"
538355;2023-07-26;"quarta-feira";"15:00:00";"MT";158;525;"CANARANA";"Pista esburacada";"Tombamento";"Sem Vítimas";"Pleno dia";"Crescente";"Céu Claro";"Simples";"Reta";"Não";3;0;0;0;2;2;0;3;-13,71100548;-52,027249;"SPRF-MT";"DEL07-MT";"UOP02-DEL07-MT"
538362;2023-07-26;"quarta-feira";"16:00:00";"RJ";465;14,2;"SEROPEDICA";"Acumulo de areia ou detritos sobre o pavimento";"Queda de ocupante de veículo";"Com Vítimas Feridas";"Pleno dia";"Crescente";"Céu Claro";"Simples";"Reta";"Sim";3;0;1;0;1;1;1;3;-22,804979;-43,638828;"SPRF-RJ";"DEL01-RJ";"UOP03-DEL01-RJ"
538377;2023-07-26;"quarta-feira";"21:00:00";"PB";230;161;"CAMPINA GRANDE";"Transitar no Acostamento";"Colisão transversal";"Com Vítimas Feridas";"Plena Noite";"Decrescente";"Nublado";"Simples";"Reta";"Não";4;0;1;0;2;1;1;3;-7,2361;-35,941;"SPRF-PB";"DEL02-PB";"UOP01-DEL02-PB"
538378;2023-07-26;"quarta-feira";"20:25:00";"CE";116;491;"MILAGRES";"Manobra de mudança de faixa";"Colisão traseira";"Com Vítimas Feridas";"Plena Noite";"Decrescente";"Céu Claro";"Simples";"Reta";"Não";4;0;4;0;0;0;4;2;-7,36801025;-38,95096252;"SPRF-CE";"DEL05-CE";"UOP03-DEL05-CE"
538384;2023-07-26;"quarta-feira";"23:00:00";"MG";381;375;"SAO GONCALO DO RIO ABAIXO";"Velocidade Incompatível";"Colisão frontal";"Com Vítimas Fatais";"Plena Noite";"Crescente";"Chuva";"Simples";"Curva";"Não";9;1;2;2;1;4;4;6;-19,84691811;-43,3067131;"SPRF-MG";"DEL01-MG";"UOP01-DEL01-MG"
538391;2023-07-26;"quarta-feira";"23:15:00";"PI";316;48,7;"LAGOA DO PIAUI";"Reação tardia ou ineficiente do condutor";"Colisão traseira";"Sem Vítimas";"Plena Noite";"Decrescente";"Céu Claro";"Simples";"Declive;Reta";"Não";2;0;0;0;2;0;0;2;-5,47548993;-42,63739729;"SPRF-PI";"DEL01-PI";"UOP02-DEL01-PI"
538394;2023-07-26;"quarta-feira";"16:30:00";"PA";155;340;"MARABA";"Demais falhas mecânicas ou elétricas";"Incêndio";"Sem Vítimas";"Pleno dia";"Crescente";"Céu Claro";"Simples";"Reta";"Não";3;0;0;0;2;2;0;3;-5,396032;-49,077478;"SPRF-PA";"DEL03-PA";"UOP01-DEL03-PA"
538395;2023-07-27;"quinta-feira";"04:00:00";"PI";343;346,2;"TERESINA";"Ausência de reação do condutor";"Capotamento";"Com Vítimas Feridas";"Plena Noite";"Crescente";"Céu Claro";"Simples";"Reta";"Sim";2;0;1;0;0;1;1;2;-5,110751;-42,770531;"SPRF-PI";"DEL01-PI";"UOP01-DEL01-PI"
538396;2023-07-27;"quinta-feira";"02:00:00";"MT";364;438;"VARZEA GRANDE";"Ausência de reação do condutor";"Tombamento";"Com Vítimas Feridas";"Plena Noite";"Decrescente";"Céu Claro";"Dupla";"Aclive";"Não";2;0;1;0;0;2;1;3;-15,6421378;-56,16354393;"SPRF-MT";"DEL01-MT";"UOP02-DEL01-MT"
538399;2023-07-27;"quinta-feira";"05:50:00";"SP";116;213;"GUARULHOS";"Reação tardia ou ineficiente do condutor";"Colisão traseira";"Com Vítimas Feridas";"Amanhecer";"Decrescente";"Céu Claro";"Dupla";"Reta";"Não";3;0;1;0;1;1;1;3;-23,43971486;-46,43667806;"SPRF-SP";"DEL01-SP";"UOP01-DEL01-SP"
538402;2023-07-27;"quinta-feira";"06:10:00";"RS";392;108;"MORRO REDONDO";"Demais falhas mecânicas ou elétricas";"Incêndio";"Sem Vítimas";"Amanhecer";"Crescente";"Nevoeiro/Neblina";"Simples";"Aclive;Reta";"Não";1;0;0;0;1;0;0;1;-31,47814089;-52,62386287;"SPRF-RS";"DEL07-RS";"UOP01-DEL07-RS"
538406;2023-07-27;"quinta-feira";"05:30:00";"SP";116;347;"MIRACATU";"Demais falhas mecânicas ou elétricas";"Incêndio";"Sem Vítimas";"Pleno dia";"Crescente";"Céu Claro";"Dupla";"Reta";"Não";2;0;0;0;1;1;0;2;-24,04699491;-47,19706111;"SPRF-SP";"DEL04-SP";"UOP03-DEL04-SP"
538409;2023-07-27;"quinta-feira";"06:30:00";"RJ";40;113;"DUQUE DE CAXIAS";"Demais falhas mecânicas ou elétricas";"Colisão com objeto";"Com Vítimas Feridas";"Amanhecer";"Decrescente";"Céu Claro";"Dupla";"Viaduto";"Não";2;0;1;0;1;0;1;2;-22,70948502;-43,29040354;"SPRF-RJ";"DEL01-RJ";"UOP01-DEL01-RJ"
538415;2023-07-27;"quinta-feira";"07:30:00";"PB";230;22,8;"JOAO PESSOA";"Reação tardia ou ineficiente do condutor";"Colisão traseira";"Com Vítimas Fatais";"Pleno dia";"Decrescente";"Nublado";"Dupla";"Reta";"Sim";5;1;0;0;1;4;0;6;-7,1495;-34,8517;"SPRF-PB";"DEL01-PB";"UOP01-DEL01-PB"
538416;2023-07-27;"quinta-feira";"06:55:00";"MS";163;271,9;"DOURADOS";"Condutor usando celular";"Colisão com objeto";"Com Vítimas Feridas";"Pleno dia";"Decrescente";"Céu Claro";"Dupla";"Interseção de Vias";"Sim";2;0;1;0;0;2;1;3;-22,1833517;-54,67749596;"SPRF-MS";"DEL04-MS";"UOP01-DEL04-MS"
538419;2023-07-26;"quarta-feira";"19:30:00";"BA";110;216,5;"NOVA SOURE";"Reação tardia ou ineficiente do condutor";"Colisão lateral mesmo sentido";"Com Vítimas Fatais";"Plena Noite";"Crescente";"Céu Claro";"Simples";"Reta;Interseção de Vias";"Não";4;1;0;0;1;2;0;4;-11,24349396;-38,47573597;"SPRF-BA";"DEL07-BA";"UOP02-DEL07-BA"
538424;2023-07-27;"quinta-feira";"07:20:00";"RJ";101;255;"RIO BONITO";"Condutor deixou de manter distância do veículo da frente";"Colisão traseira";"Com Vítimas Feridas";"Pleno dia";"Decrescente";"Céu Claro";"Dupla";"Reta";"Sim";3;0;1;0;1;1;1;3;-22,69421578;-42,55904705;"SPRF-RJ";"DEL02-RJ";"UOP03-DEL02-RJ"
538428;2023-07-27;"quinta-feira";"09:00:00";"ES";101;296;"CARIACICA";"Ausência de reação do condutor";"Colisão traseira";"Com Vítimas Feridas";"Pleno dia";"Decrescente";"Nublado";"Dupla";"Reta";"Sim";2;0;1;0;1;0;1;2;-20,34029997;-40,40405712;"SPRF-ES";"DEL01-ES";"UOP01-DEL01-ES"
538429;2023-07-27;"quinta-feira";"07:00:00";"RJ";116;24;"SAPUCAIA";"Carga excessiva e/ou mal acondicionada";"Tombamento";"Com Vítimas Feridas";"Pleno dia";"Decrescente";"Sol";"Simples";"Reta";"Não";2;0;1;0;0;1;1;2;-22,03064831;-42,77714236;"SPRF-RJ";"DEL05-RJ";"UOP01-DEL05-RJ"
538430;2023-07-27;"quinta-feira";"09:00:00";"ES";101;75;"SAO MATEUS";"Ultrapassagem Indevida";"Colisão traseira";"Com Vítimas Feridas";"Pleno dia";"Decrescente";"Céu Claro";"Simples";"Aclive;Reta";"Não";6;0;0;1;2;3;1;6;-18,78487912;-39,87911084;"SPRF-ES";"DEL04-ES";"UOP02-DEL04-ES"
538432;2023-07-27;"quinta-feira";"06:25:00";"SC";116;173;"SAO CRISTOVAO DO SUL";"Carga excessiva e/ou mal acondicionada";"Derramamento de carga";"Sem Vítimas";"Amanhecer";"Decrescente";"Nublado";"Simples";"Reta";"Não";8;0;0;0;8;0;0;4;-27,22247044;-50,46194851;"SPRF-SC";"DEL05-SC";"UOP03-DEL05-SC"
538445;2023-07-27;"quinta-feira";"09:30:00";"MG";40;48,9;"PARACATU";"Frear bruscamente";"Engavetamento";"Com Vítimas Feridas";"Pleno dia";"Crescente";"Céu Claro";"Simples";"Aclive";"Não";4;0;1;0;2;1;1;4;-17,24150062;-46,81848808;"SPRF-MG";"DEL14-MG";"UOP01-DEL14-MG"
538450;2023-07-27;"quinta-feira";"10:30:00";"PR";277;124,3;"BALSA NOVA";"Manobra de mudança de faixa";"Colisão lateral mesmo sentido";"Com Vítimas Feridas";"Pleno dia";"Decrescente";"Céu Claro";"Dupla";"Reta;Rotatória";"Não";6;0;2;2;1;2;4;4;-25,46741442;-49,59438264;"SPRF-PR";"DEL03-PR";"UOP03-DEL03-PR"
538455;2023-07-27;"quinta-feira";"05:15:00";"MG";50;122;"UBERABA";"Problema com o freio";"Incêndio";"Sem Vítimas";"Pleno dia";"Crescente";"Céu Claro";"Dupla";"Reta";"Não";2;0;0;0;1;1;0;2;-19,32486914;-48,10279232;"SPRF-MG";"DEL13-MG";"UOP01-DEL13-MG"
538458;2023-07-27;"quinta-feira";"04:00:00";"MA";222;494;"SANTA LUZIA";"Ausência de reação do condutor";"Colisão traseira";"Com Vítimas Feridas";"Plena Noite";"Crescente";"Céu Claro";"Simples";"Reta";"Não";2;0;1;0;1;0;1;2;-4,27282789;-46,20581538;"SPRF-MA";"DEL02-MA";"UOP01-DEL02-MA"
538459;2023-07-14;"sexta-feira";"20:15:00";"BA";116;379;"SANTA BARBARA";"Acostamento em desnível";"Colisão lateral sentido oposto";"Com Vítimas Fatais";"Plena Noite";"Crescente";"Céu Claro";"Simples";"Aclive";"Não";9;5;1;1;1;1;2;3;-11,84074803;-38,97495477;"SPRF-BA";"DEL02-BA";"UOP01-DEL02-BA"
538461;2023-07-26;"quarta-feira";"23:00:00";"MT";163;1108;"GUARANTA DO NORTE";"Ultrapassagem Indevida";"Tombamento";"Com Vítimas Feridas";"Plena Noite";"Crescente";"Céu Claro";"Simples";"Curva";"Não";3;0;1;0;0;3;1;4;-9,7343441;-54,88508876;"SPRF-MT";"DEL06-MT";"UOP03-DEL06-MT"
538468;2023-07-27;"quinta-feira";"13:30:00";"ES";101;297;"VIANA";"Condutor deixou de manter distância do veículo da frente";"Colisão traseira";"Com Vítimas Feridas";"Pleno dia";"Decrescente";"Céu Claro";"Dupla";"Reta";"Sim";3;0;2;0;1;0;2;2;-20,34529844;-40,41026774;"SPRF-ES";"DEL01-ES";"UOP01-DEL01-ES"
538470;2023-07-15;"sábado";"14:05:00";"MT";163;592;"NOVA MUTUM";"Transitar na contramão";"Colisão lateral sentido oposto";"Com Vítimas Fatais";"Pleno dia";"Decrescente";"Céu Claro";"Simples";"Reta";"Não";5;1;0;1;2;8;1;11;-13,98765008;-56,09892131;"SPRF-MT";"DEL01-MT";"UOP01-DEL01-MT"
538472;2023-07-27;"quinta-feira";"13:20:00";"PR";116;28;"CAMPINA GRANDE DO SUL";"Ausência de reação do condutor";"Tombamento";"Sem Vítimas";"Pleno dia";"Decrescente";"Nublado";"Simples";"Curva";"Não";2;0;0;0;1;1;0;2;-25,09959035;-48,81307125;"SPRF-PR";"DEL01-PR";"UOP02-DEL01-PR"
538473;2023-07-12;"quarta-feira";"09:10:00";"SC";101;414,5;"ARARANGUA";"Reação tardia ou ineficiente do condutor";"Saída de leito carroçável";"Com Vítimas Feridas";"Pleno dia";"Decrescente";"Chuva";"Dupla";"Curva";"Não";2;0;1;0;1;0;1;1;-28,961744;-49,52235;"SPRF-SC";"DEL02-SC";"UOP02-DEL02-SC"
538474;2023-07-27;"quinta-feira";"05:45:00";"MA";10;257;"IMPERATRIZ";"Transitar na contramão";"Colisão transversal";"Sem Vítimas";"Anoitecer";"Decrescente";"Céu Claro";"Simples";"Reta";"Sim";2;0;0;0;2;0;0;2;-5,490634;-47,471973;"SPRF-MA";"DEL04-MA";"UOP01-DEL04-MA"
538475;2023-07-27;"quinta-feira";"13:50:00";"MG";153;178;"COMENDADOR GOMES";"Avarias e/ou desgaste excessivo no pneu";"Saída de leito carroçável";"Com Vítimas Feridas";"Pleno dia";"Decrescente";"Céu Claro";"Simples";"Declive;Reta";"Não";3;0;1;0;2;0;1;1;-19,79157979;-48,96640778;"SPRF-MG";"DEL13-MG";"UOP02-DEL13-MG"
538483;2023-07-27;"quinta-feira";"14:15:00";"SC";101;214;"PALHOCA";"Ausência de reação do condutor";"Colisão lateral mesmo sentido";"Com Vítimas Feridas";"Pleno dia";"Decrescente";"Nublado";"Dupla";"Reta";"Sim";8;0;3;0;4;1;3;5;-27,64443;-48,67057;"SPRF-SC";"DEL01-SC";"UOP02-DEL01-SC"
538485;2023-07-27;"quinta-feira";"09:20:00";"RJ";101;590;"PARATY";"Acessar a via sem observar a presença dos outros veículos";"Colisão lateral mesmo sentido";"Com Vítimas Feridas";"Pleno dia";"Decrescente";"Céu Claro";"Simples";"Reta";"Não";2;0;1;0;1;0;1;2;-23,30840813;-44,70725998;"SPRF-RJ";"DEL03-RJ";"UOP04-DEL03-RJ"
538486;2023-07-27;"quinta-feira";"15:00:00";"MG";50;69;"UBERLANDIA";"Manobra de mudança de faixa";"Colisão lateral mesmo sentido";"Com Vítimas Feridas";"Pleno dia";"Crescente";"Céu Claro";"Dupla";"Reta";"Sim";6;0;1;0;4;2;1;4;-18,89037052;-48,25641632;"SPRF-MG";"DEL15-MG";"UOP01-DEL15-MG"
538490;2023-07-27;"quinta-feira";"10:10:00";"MG";116;229;"TEOFILO OTONI";"Ausência de reação do condutor";"Colisão transversal";"Com Vítimas Fatais";"Pleno dia";"Decrescente";"Céu Claro";"Simples";"Declive;Curva";"Não";7;2;3;0;0;2;3;3;-17,4783411;-41,49387021;"SPRF-MG";"DEL11-MG";"UOP01-DEL11-MG"
538493;2023-07-03;"segunda-feira";"20:00:00";"MT";163;603;"NOVA MUTUM";"Ausência de reação do condutor";"Colisão lateral sentido oposto";"Com Vítimas Feridas";"Plena Noite";"Crescente";"Céu Claro";"Simples";"Reta";"Não";3;0;1;0;1;2;1;4;-13,88122005;-56,08852761;"SPRF-MT";"DEL01-MT";"UOP01-DEL01-MT"
538497;2023-07-27;"quinta-feira";"15:50:00";"RS";386;350,1;"ESTRELA";"Pedestre andava na pista";"Atropelamento de Pedestre";"Com Vítimas Feridas";"Pleno dia";"Crescente";"Céu Claro";"Simples";"Reta";"Sim";2;0;0;1;1;0;1;2;-29,4743;-51,952923;"SPRF-RS";"DEL04-RS";"UOP01-DEL04-RS"
538498;2023-07-27;"quinta-feira";"16:00:00";"RJ";116;170;"RIO DE JANEIRO";"Reação tardia ou ineficiente do condutor";"Colisão lateral mesmo sentido";"Sem Vítimas";"Pleno dia";"Crescente";"Céu Claro";"Dupla";"Reta";"Sim";5;0;0;0;4;1;0;3;-22,81113183;-43,3336729;"SPRF-RJ";"DEL01-RJ";"UOP02-DEL01-RJ"
538501;2023-07-27;"quinta-feira";"16:36:00";"CE";116;188;"LIMOEIRO DO NORTE";"Transitar na contramão";"Colisão frontal";"Com Vítimas Fatais";"Pleno dia";"Crescente";"Céu Claro";"Simples";"Reta";"Não";3;1;0;0;1;1;0;3;-5,10532825;-38,13044273;"SPRF-CE";"DEL03-CE";"UOP01-DEL03-CE"
538504;2023-07-27;"quinta-feira";"16:40:00";"CE";116;21;"AQUIRAZ";"Ingestão de álcool pelo condutor";"Saída de leito carroçável";"Com Vítimas Feridas";"Pleno dia";"Crescente";"Céu Claro";"Dupla";"Reta;Declive";"Não";2;0;1;0;0;1;1;2;-3,93175901;-38,50825087;"SPRF-CE";"DEL01-CE";"UOP02-DEL01-CE"
538508;2023-07-27;"quinta-feira";"17:10:00";"PE";428;182,7;"PETROLINA";"Acessar a via sem observar a presença dos outros veículos";"Colisão lateral mesmo sentido";"Com Vítimas Feridas";"Pleno dia";"Crescente";"Céu Claro";"Dupla";"Retorno Regulamentado";"Não";3;0;0;1;1;1;1;3;-9,33328796;-40,46687901;"SPRF-PE";"DEL06-PE";"UOP01-DEL06-PE"
538513;2023-07-27;"quinta-feira";"12:30:00";"MG";40;118,9;"LAGOA GRANDE";"Acessar a via sem observar a presença dos outros veículos";"Colisão transversal";"Com Vítimas Feridas";"Pleno dia";"Crescente";"Céu Claro";"Simples";"Interseção de Vias";"Não";6;0;2;1;2;4;3;6;-17,65869879;-46,38339596;"SPRF-MG";"DEL14-MG";"UOP01-DEL14-MG"
538521;2023-07-27;"quinta-feira";"16:50:00";"SC";470;62;"INDAIAL";"Acessar a via sem observar a presença dos outros veículos";"Colisão transversal";"Com Vítimas Feridas";"Pleno dia";"Crescente";"Céu Claro";"Simples";"Reta";"Não";2;0;1;0;1;0;1;2;-26,874521;-49,182938;"SPRF-SC";"DEL04-SC";"UOP01-DEL04-SC"
538535;2023-07-27;"quinta-feira";"18:35:00";"SP";116;115;"TAUBATE";"Entrada inopinada do pedestre";"Atropelamento de Pedestre";"Com Vítimas Fatais";"Anoitecer";"Crescente";"Céu Claro";"Dupla";"Reta";"Sim";2;1;0;0;1;0;0;2;-23,0496047;-45,59973712;"SPRF-SP";"DEL02-SP";"UOP02-DEL02-SP"
538536;2023-07-27;"quinta-feira";"18:15:00";"MG";267;177,6;"OLARIA";"Ausência de sinalização";"Colisão traseira";"Com Vítimas Feridas";"Anoitecer";"Decrescente";"Céu Claro";"Simples";"Declive;Reta";"Não";6;0;4;1;1;0;5;4;-21,870708;-43,921874;"SPRF-MG";"DEL05-MG";"UOP01-DEL05-MG"
538544;2023-07-27;"quinta-feira";"17:40:00";"RS";287;269,1;"SANTA MARIA";"Reação tardia ou ineficiente do condutor";"Colisão frontal";"Com Vítimas Feridas";"Anoitecer";"Crescente";"Nublado";"Simples";"Reta";"Não";4;0;2;0;2;0;2;2;-29,66803033;-54,06367003;"SPRF-RS";"DEL09-RS";"UOP01-DEL09-RS"
538549;2023-07-27;"quinta-feira";"17:35:00";"SC";470;225,4;"SAO CRISTOVAO DO SUL";"Velocidade Incompatível";"Colisão frontal";"Com Vítimas Feridas";"Anoitecer";"Decrescente";"Nublado";"Simples";"Curva";"Não";3;0;1;0;1;1;1;3;-27,32673043;-50,35802364;"SPRF-SC";"DEL05-SC";"UOP03-DEL05-SC"
538552;2023-06-13;"terça-feira";"17:45:00";"PA";230;1110;"ITAITUBA";"Ultrapassagem Indevida";"Colisão lateral sentido oposto";"Com Vítimas Feridas";"Pleno dia";"Crescente";"Céu Claro";"Simples";"Curva";"Não";3;0;0;1;1;5;1;7;-4,394221;-55,894403;"SPRF-PA";"DEL05-PA";"UOP02-DEL05-PA"
538557;2023-07-27;"quinta-feira";"11:20:00";"MG";116;96;"MEDINA";"Reação tardia ou ineficiente do condutor";"Saída de leito carroçável";"Com Vítimas Feridas";"Pleno dia";"Crescente";"Nublado";"Simples";"Curva";"Não";2;0;1;0;0;1;1;2;-16,40244787;-41,47432334;"SPRF-MG";"DEL11-MG";"UOP02-DEL11-MG"
538566;2023-07-27;"quinta-feira";"19:00:00";"BA";242;588;"IBOTIRAMA";"Animais na Pista";"Atropelamento de Animal";"Sem Vítimas";"Plena Noite";"Crescente";"Céu Claro";"Simples";"Reta";"Não";3;0;0;0;2;1;0;3;-12,177615;-43,246445;"SPRF-BA";"DEL10-BA";"UOP02-DEL10-BA"
538568;2023-07-27;"quinta-feira";"10:50:00";"RJ";0;0;"SAO JOAO DE MERITI";"Frear bruscamente";"Colisão traseira";"Sem Vítimas";"Pleno dia";"Não Informado";"Céu Claro";"Dupla";"Reta";"Sim";2;0;0;0;1;1;0;2;-22,79423806;-43,36403759;"SPRF-RJ";"DEL01-RJ";"UOP02-DEL01-RJ"
538569;2023-07-27;"quinta-feira";"20:45:00";"PR";277;163;"PALMEIRA";"Transitar na contramão";"Colisão frontal";"Com Vítimas Fatais";"Plena Noite";"Crescente";"Garoa/Chuvisco";"Simples";"Reta";"Não";8;1;0;0;6;1;0;4;-25,47289;-49,895964;"SPRF-PR";"DEL03-PR";"UOP03-DEL03-PR"
538570;2023-07-27;"quinta-feira";"20:30:00";"SP";153;126,6;"UBARANA";"Manobra de mudança de faixa";"Colisão lateral sentido oposto";"Com Vítimas Feridas";"Plena Noite";"Decrescente";"Céu Claro";"Simples";"Reta";"Não";3;0;2;0;0;2;2;4;-21,21932393;-49,73961214;"SPRF-SP";"DEL09-SP";"UOP01-DEL09-SP"
538571;2023-07-27;"quinta-feira";"18:20:00";"BA";116;569;"NOVA ITARANA";"Demais falhas na via";"Tombamento";"Com Vítimas Feridas";"Plena Noite";"Crescente";"Nublado";"Simples";"Aclive;Reta";"Não";4;0;1;0;3;0;1;1;-13,00012602;-39,95465592;"SPRF-BA";"DEL03-BA";"UOP02-DEL03-BA"
538577;2023-07-27;"quinta-feira";"20:20:00";"RS";158;316;"SANTA MARIA";"Ausência de reação do condutor";"Tombamento";"Com Vítimas Feridas";"Plena Noite";"Crescente";"Céu Claro";"Simples";"Declive;Curva";"Não";2;0;1;0;0;1;1;2;-29,65567565;-53,77379201;"SPRF-RS";"DEL09-RS";"UOP01-DEL09-RS"