"id";"data_inversa";"dia_semana";"horario";"uf";"br";"km";"municipio";"causa_acidente";"tipo_acidente";"classificacao_acidente";"fase_dia";"sentido_via";"condicao_metereologica";"tipo_pista";"tracado_via";"uso_solo";"pessoas";"mortos";"feridos_leves";"feridos_graves";"ilesos";"ignorados";"feridos";"veiculos";"latitude";"longitude";"regional";"delegacia";"uop"
538579;2023-07-27;"quinta-feira";"23:31:00";"SP";116;116;"TAUBATE";"Manobra de mudança de faixa";"Colisão lateral sentido oposto";"Sem Vítimas";"Plena Noite";"Crescente";"Céu Claro";"Dupla";"Reta";"Sim";5;0;0;0;4;1;0;3;-23,05376319;-45,6088049;"SPRF-SP";"DEL02-SP";"UOP02-DEL02-SP"
538580;2023-07-27;"quinta-feira";"20:25:00";"RS";101;19,3;"TRES CACHOEIRAS";"Desrespeitar a preferência no cruzamento";"Colisão transversal";"Com Vítimas Fatais";"Plena Noite";"Crescente";"Céu Claro";"Dupla";"Rotatória;Reta";"Sim";4;1;0;0;2;2;0;5;-29,42161914;-49,8743999;"SPRF-RS";"DEL03-RS";"UOP02-DEL03-RS"
538581;2023-07-27;"quinta-feira";"18:50:00";"MG";262;509,9;"LUZ";"Ultrapassagem Indevida";"Colisão lateral mesmo sentido";"Sem Vítimas";"Plena Noite";"Crescente";"Céu Claro";"Simples";"Aclive;Reta";"Não";3;0;0;0;2;2;0;4;-19,77231093;-45,51991603;"SPRF-MG";"DEL08-MG";"UOP03-DEL08-MG"
538582;2023-07-27;"quinta-feira";"22:30:00";"PR";476;279;"SAO MATEUS DO SUL";"Mal súbito do condutor";"Saída de leito carroçável";"Com Vítimas Feridas";"Plena Noite";"Crescente";"Garoa/Chuvisco";"Simples";"Reta";"Sim";4;0;1;0;0;3;1;3;-25,871132;-50,406021;"SPRF-PR";"DEL02-PR";"UOP03-DEL02-PR"
538588;2023-07-28;"sexta-feira";"00:05:00";"SC";101;207;"SAO JOSE";"Trafegar com motocicleta (ou similar) entre as faixas";"Colisão traseira";"Com Vítimas Feridas";"Plena Noite";"Crescente";"Céu Claro";"Dupla";"Reta";"Sim";3;0;0;1;1;1;1;3;-27,60001226;-48,6226467;"SPRF-SC";"DEL01-SC";"UOP01-DEL01-SC"
538589;2023-07-28;"sexta-feira";"00:10:00";"PA";316;54,7;"CASTANHAL";"Ausência de reação do condutor";"Colisão transversal";"Com Vítimas Fatais";"Plena Noite";"Crescente";"Céu Claro";"Dupla";"Retorno Regulamentado;Reta";"Não";20;2;4;0;13;1;4;3;-1,30608532;-48,00803597;"SPRF-PA";"DEL01-PA";"UOP01-DEL01-PA"
538590;2023-07-27;"quinta-feira";"22:10:00";"SC";282;459,5;"PONTE SERRADA";"Acessar a via sem observar a presença dos outros veículos";"Atropelamento de Pedestre";"Com Vítimas Feridas";"Plena Noite";"Crescente";"Nublado";"Simples";"Reta";"Sim";5;0;0;2;1;2;2;3;-26,863695;-52,024818;"SPRF-SC";"DEL07-SC";"UOP04-DEL07-SC"
538592;2023-07-28;"sexta-feira";"00:30:00";"PA";316;64;"CASTANHAL";"Pedestre cruzava a pista fora da faixa";"Atropelamento de Pedestre";"Com Vítimas Fatais";"Plena Noite";"Crescente";"Céu Claro";"Dupla";"Reta";"Sim";2;1;0;0;1;0;0;2;-1,29629557;-47,91983997;"SPRF-PA";"DEL01-PA";"UOP01-DEL01-PA"
538595;2023-07-28;"sexta-feira";"01:40:00";"SP";381;54;"MAIRIPORA";"Demais falhas mecânicas ou elétricas";"Incêndio";"Sem Vítimas";"Plena Noite";"Crescente";"Nublado";"Dupla";"Reta";"Não";1;0;0;0;1;0;0;1;-23,2449074;-46,59562343;"SPRF-SP";"DEL03-SP";"UOP01-DEL03-SP"
538597;2023-07-27;"quinta-feira";"19:30:00";"BA";30;272,9;"CAETITE";"Ultrapassagem Indevida";"Colisão frontal";"Com Vítimas Fatais";"Plena Noite";"Decrescente";"Céu Claro";"Simples";"Reta";"Não";3;1;0;0;1;1;0;3;-14,09789655;-42,58010043;"SPRF-BA";"DEL08-BA";"UOP01-DEL08-BA"
538598;2023-07-28;"sexta-feira";"01:00:00";"MT";158;750;"BARRA DO GARCAS";"Transitar na contramão";"Colisão lateral sentido oposto";"Com Vítimas Feridas";"Plena Noite";"Crescente";"Céu Claro";"Simples";"Reta";"Não";2;0;1;0;0;2;1;3;-15,48817799;-52,20307029;"SPRF-MT";"DEL07-MT";"UOP01-DEL07-MT"
538604;2023-07-28;"sexta-feira";"03:30:00";"MG";381;766,4;"CAMPANHA";"Ausência de reação do condutor";"Colisão traseira";"Com Vítimas Feridas";"Plena Noite";"Crescente";"Céu Claro";"Dupla";"Curva;Aclive";"Não";4;0;0;1;2;2;1;4;-21,76294597;-45,41241603;"SPRF-MG";"DEL16-MG";"UOP02-DEL16-MG"
538607;2023-07-28;"sexta-feira";"05:00:00";"MS";163;342;"RIO BRILHANTE";"Reação tardia ou ineficiente do condutor";"Colisão traseira";"Com Vítimas Feridas";"Plena Noite";"Crescente";"Céu Claro";"Simples";"Reta";"Sim";4;0;0;1;2;2;1;4;-21,65708677;-54,42922206;"SPRF-MS";"DEL02-MS";"UOP02-DEL02-MS"
538610;2023-07-27;"quinta-feira";"17:00:00";"MG";116;219;"CATUJI";"Ausência de reação do condutor";"Tombamento";"Com Vítimas Feridas";"Anoitecer";"Decrescente";"Céu Claro";"Simples";"Reta";"Não";2;0;1;0;0;1;1;2;-17,39927496;-41,51977491;"SPRF-MG";"DEL11-MG";"UOP01-DEL11-MG"
538617;2023-07-28;"sexta-feira";"04:00:00";"MS";163;586;"BANDEIRANTES";"Ausência de reação do condutor";"Saída de leito carroçável";"Sem Vítimas";"Plena Noite";"Crescente";"Céu Claro";"Dupla";"Reta";"Não";2;0;0;0;0;2;0;2;-19,60097438;-54,39540752;"SPRF-MS";"DEL06-MS";"UOP02-DEL06-MS"
538623;2023-07-28;"sexta-feira";"06:50:00";"PR";277;338;"GUARAPUAVA";"Ausência de reação do condutor";"Colisão traseira";"Com Vítimas Feridas";"Amanhecer";"Crescente";"Céu Claro";"Simples";"Declive;Reta";"Não";2;0;2;0;0;0;2;2;-25,35029389;-51,37783491;"SPRF-PR";"DEL08-PR";"UOP01-DEL08-PR"
538628;2023-07-28;"sexta-feira";"06:30:00";"SP";116;223;"GUARULHOS";"Manobra de mudança de faixa";"Colisão lateral mesmo sentido";"Com Vítimas Feridas";"Pleno dia";"Crescente";"Nublado";"Múltipla";"Reta";"Sim";3;0;1;0;1;1;1;3;-23,47559815;-46,5246609;"SPRF-SP";"DEL01-SP";"UOP01-DEL01-SP"
538638;2023-07-28;"sexta-feira";"08:08:00";"RN";226;3,1;"NATAL";"Demais falhas mecânicas ou elétricas";"Colisão transversal";"Com Vítimas Feridas";"Pleno dia";"Crescente";"Céu Claro";"Simples";"Reta";"Sim";4;0;1;1;2;0;2;2;-5,82085671;-35,25187091;"SPRF-RN";"DEL01-RN";"UOP02-DEL01-RN"
538640;2023-07-28;"sexta-feira";"09:06:00";"RS";116;247,9;"SAO LEOPOLDO";"Condutor deixou de manter distância do veículo da frente";"Colisão traseira";"Com Vítimas Feridas";"Pleno dia";"Decrescente";"Garoa/Chuvisco";"Dupla";"Retorno Regulamentado";"Sim";2;0;1;0;1;0;1;2;-29,76733091;-51,1535296;"SPRF-RS";"DEL01-RS";"UOP02-DEL01-RS"
538645;2023-07-28;"sexta-feira";"07:50:00";"MG";365;141;"PIRAPORA";"Velocidade Incompatível";"Tombamento";"Com Vítimas Feridas";"Pleno dia";"Crescente";"Sol";"Simples";"Rotatória;Curva";"Sim";4;0;1;0;2;1;1;4;-17,22430629;-44,8243825;"SPRF-MG";"DEL12-MG";"UOP01-DEL12-MG"
538649;2023-07-28;"sexta-feira";"09:10:00";"GO";153;145;"MARA ROSA";"Demais falhas mecânicas ou elétricas";"Colisão transversal";"Com Vítimas Feridas";"Pleno dia";"Crescente";"Céu Claro";"Simples";"Reta";"Não";3;0;0;1;1;2;1;4;-14,038253;-49,088352;"SPRF-GO";"DEL07-GO";"UOP02-DEL07-GO"
538656;2023-07-28;"sexta-feira";"11:00:00";"SC";101;203;"SAO JOSE";"Condutor deixou de manter distância do veículo da frente";"Engavetamento";"Com Vítimas Feridas";"Pleno dia";"Crescente";"Nublado";"Múltipla";"Reta";"Sim";5;0;1;0;3;1;1;5;-27,5650044;-48,61460082;"SPRF-SC";"DEL01-SC";"UOP01-DEL01-SC"
538659;2023-07-28;"sexta-feira";"09:00:00";"BA";242;258,5;"BOA VISTA DO TUPIM";"Chuva";"Tombamento";"Com Vítimas Feridas";"Amanhecer";"Decrescente";"Chuva";"Simples";"Curva;Aclive";"Não";1;0;1;0;0;0;1;1;-12,47654323;-40,53365808;"SPRF-BA";"DEL06-BA";"UOP02-DEL06-BA"
538665;2023-07-28;"sexta-feira";"11:13:00";"MG";50;29,7;"ARAGUARI";"Velocidade Incompatível";"Saída de leito carroçável";"Com Vítimas Feridas";"Pleno dia";"Decrescente";"Sol";"Dupla";"Declive;Curva";"Não";2;0;1;0;0;1;1;2;-18,615001;-48,114934;"SPRF-MG";"DEL15-MG";"UOP02-DEL15-MG"
538671;2023-07-28;"sexta-feira";"10:05:00";"BA";324;408;"NOVA FATIMA";"Acessar a via sem observar a presença dos outros veículos";"Colisão transversal";"Com Vítimas Fatais";"Pleno dia";"Crescente";"Nublado";"Simples";"Reta";"Não";2;1;0;0;1;0;0;2;-11,63936414;-39,59600329;"SPRF-BA";"DEL04-BA";"UOP02-DEL04-BA"
538672;2023-07-28;"sexta-feira";"11:30:00";"CE";222;302;"TIANGUA";"Velocidade Incompatível";"Tombamento";"Sem Vítimas";"Pleno dia";"Decrescente";"Céu Claro";"Simples";"Declive;Curva";"Não";2;0;0;0;1;3;0;4;-3,66080397;-40,94779895;"SPRF-CE";"DEL04-CE";"UOP02-DEL04-CE"
538673;2023-07-28;"sexta-feira";"11:30:00";"PR";277;587,5;"CASCAVEL";"Pedestre andava na pista";"Atropelamento de Pedestre";"Com Vítimas Fatais";"Pleno dia";"Decrescente";"Nublado";"Simples";"Reta;Aclive";"Sim";4;1;0;0;1;2;0;3;-24,96941255;-53,42959722;"SPRF-PR";"DEL04-PR";"UOP01-DEL04-PR"
538675;2023-07-28;"sexta-feira";"09:10:00";"SC";470;218;"SAO CRISTOVAO DO SUL";"Ausência de reação do condutor";"Colisão traseira";"Com Vítimas Feridas";"Pleno dia";"Crescente";"Nublado";"Dupla";"Reta;Aclive";"Não";6;0;1;0;4;1;1;3;-27,297842;-50,294914;"SPRF-SC";"DEL05-SC";"UOP03-DEL05-SC"
538679;2023-07-28;"sexta-feira";"11:41:00";"MT";70;514;"VARZEA GRANDE";"Ausência de reação do condutor";"Colisão transversal";"Com Vítimas Feridas";"Pleno dia";"Crescente";"Céu Claro";"Simples";"Reta";"Sim";3;0;0;1;1;1;1;3;-15,70604124;-56,1325407;"SPRF-MT";"DEL01-MT";"UOP02-DEL01-MT"
538686;2023-06-17;"sábado";"05:40:00";"SC";470;104,5;"APIUNA";"Ingestão de substâncias psicoativas pelo condutor";"Colisão frontal";"Com Vítimas Fatais";"Amanhecer";"Decrescente";"Céu Claro";"Simples";"Curva";"Não";2;1;0;0;1;0;0;2;-27,0651103;-49,4161369;"SPRF-SC";"DEL04-SC";"UOP02-DEL04-SC"
538687;2023-07-28;"sexta-feira";"06:02:00";"BA";116;806,1;"VITORIA DA CONQUISTA";"Reação tardia ou ineficiente do condutor";"Saída de leito carroçável";"Com Vítimas Feridas";"Pleno dia";"Crescente";"Céu Claro";"Simples";"Reta";"Não";2;0;1;0;0;1;1;2;-14,73489475;-40,64877613;"SPRF-BA";"DEL08-BA";"UOP01-DEL08-BA"
538690;2023-07-28;"sexta-feira";"13:20:00";"GO";153;94,3;"ANAPOLIS";"Velocidade Incompatível";"Tombamento";"Com Vítimas Feridas";"Pleno dia";"Decrescente";"Céu Claro";"Dupla";"Curva";"Sim";2;0;1;0;0;2;1;3;-16,354034;-48,928768;"SPRF-GO";"DEL07-GO";"UOP01-DEL07-GO"
538695;2023-07-28;"sexta-feira";"13:30:00";"PR";369;178;"ROLANDIA";"Pista Escorregadia";"Colisão lateral mesmo sentido";"Com Vítimas Feridas";"Pleno dia";"Decrescente";"Nublado";"Simples";"Reta";"Sim";2;0;1;0;1;0;1;2;-23,3454199;-51,38643001;"SPRF-PR";"DEL07-PR";"UOP01-DEL07-PR"
538707;2023-07-28;"sexta-feira";"14:40:00";"CE";222;12,5;"CAUCAIA";"Reação tardia ou ineficiente do condutor";"Engavetamento";"Com Vítimas Feridas";"Pleno dia";"Crescente";"Céu Claro";"Dupla";"Reta";"Não";4;0;1;0;3;0;1;4;-3,76479979;-38,66897196;"SPRF-CE";"DEL01-CE";"UOP01-DEL01-CE"
538710;2023-07-28;"sexta-feira";"15:10:00";"TO";153;495;"PARAISO DO TOCANTINS";"Ausência de sinalização";"Engavetamento";"Com Vítimas Feridas";"Pleno dia";"Crescente";"Céu Claro";"Simples";"Reta";"Sim";8;0;1;0;6;2;1;6;-10,17523682;-48,88052881;"SPRF-TO";"DEL01-TO";"UOP01-DEL01-TO"
538714;2023-07-28;"sexta-feira";"15:50:00";"RS";386;384,7;"TABAI";"Condutor Dormindo";"Colisão traseira";"Com Vítimas Feridas";"Pleno dia";"Decrescente";"Céu Claro";"Dupla";"Declive;Reta";"Sim";2;0;0;1;1;0;1;2;-29,676041;-51,731548;"SPRF-RS";"DEL04-RS";"UOP01-DEL04-RS"
538715;2023-07-03;"segunda-feira";"08:00:00";"MT";163;851;"SINOP";"Velocidade Incompatível";"Colisão frontal";"Com Vítimas Fatais";"Pleno dia";"Crescente";"Céu Claro";"Simples";"Declive;Reta";"Não";3;1;0;1;0;5;1;7;-11,84672611;-55,49144358;"SPRF-MT";"DEL06-MT";"UOP02-DEL06-MT"
538721;2023-07-28;"sexta-feira";"16:20:00";"SP";116;159;"SAO JOSE DOS CAMPOS";"Manobra de mudança de faixa";"Colisão lateral mesmo sentido";"Com Vítimas Feridas";"Pleno dia";"Decrescente";"Céu Claro";"Dupla";"Reta";"Não";2;0;0;1;0;1;1;2;-23,26585409;-45,95983994;"SPRF-SP";"DEL02-SP";"UOP01-DEL02-SP"
538725;2023-07-28;"sexta-feira";"15:40:00";"MT";163;435,4;"VARZEA GRANDE";"Conversão proibida";"Colisão transversal";"Com Vítimas Feridas";"Pleno dia";"Decrescente";"Sol";"Dupla";"Reta";"Sim";4;0;2;0;2;0;2;2;-15,64540393;-56,19900867;"SPRF-MT";"DEL01-MT";"UOP01-DEL01-MT"
538733;2023-07-28;"sexta-feira";"17:00:00";"MG";381;485,8;"BETIM";"Manobra de mudança de faixa";"Colisão lateral mesmo sentido";"Sem Vítimas";"Pleno dia";"Crescente";"Céu Claro";"Dupla";"Reta;Aclive";"Não";3;0;0;0;2;1;0;3;-19,95659361;-44,12622893;"SPRF-MG";"DEL01-MG";"UOP03-DEL01-MG"
538738;2023-07-28;"sexta-feira";"17:30:00";"MS";163;78;"ITAQUIRAI";"Acessar a via sem observar a presença dos outros veículos";"Colisão transversal";"Com Vítimas Feridas";"Plena Noite";"Crescente";"Nublado";"Simples";"Retorno Regulamentado;Rotatória;Interseção de Vias;Reta";"Sim";3;0;1;0;1;2;1;4;-23,47441924;-54,18829399;"SPRF-MS";"DEL09-MS";"UOP01-DEL09-MS"
538740;2023-07-13;"quinta-feira";"00:40:00";"PR";376;535,5;"PALMEIRA";"Pedestre andava na pista";"Atropelamento de Pedestre";"Com Vítimas Feridas";"Plena Noite";"Crescente";"Chuva";"Dupla";"Reta";"Não";3;0;0;1;1;1;1;3;-25,38045417;-49,80922117;"SPRF-PR";"DEL03-PR";"UOP03-DEL03-PR"
538742;2023-07-28;"sexta-feira";"18:25:00";"BA";324;582;"CANDEIAS";"Condutor deixou de manter distância do veículo da frente";"Colisão traseira";"Com Vítimas Feridas";"Plena Noite";"Decrescente";"Céu Claro";"Dupla";"Reta";"Não";3;0;1;0;2;0;1;2;-12,60856603;-38,49390902;"SPRF-BA";"DEL01-BA";"UOP01-DEL01-BA"
538744;2023-07-28;"sexta-feira";"14:35:00";"PR";376;338,9;"ORTIGUEIRA";"Chuva";"Colisão transversal";"Com Vítimas Feridas";"Pleno dia";"Crescente";"Chuva";"Simples";"Declive;Curva";"Não";4;0;1;0;2;2;1;4;-24,13884297;-51,00589514;"SPRF-PR";"DEL07-PR";"UOP02-DEL07-PR"
538747;2023-07-28;"sexta-feira";"18:25:00";"GO";153;367;"JARAGUA";"Ausência de reação do condutor";"Colisão traseira";"Sem Vítimas";"Plena Noite";"Decrescente";"Céu Claro";"Múltipla";"Reta";"Não";6;0;0;0;6;0;0;2;-15,807127;-49,296074;"SPRF-GO";"DEL02-GO";"UOP02-DEL02-GO"
538755;2023-07-28;"sexta-feira";"12:00:00";"RJ";116;278,3;"BARRA MANSA";"Ausência de reação do condutor";"Colisão com objeto";"Com Vítimas Feridas";"Pleno dia";"Crescente";"Céu Claro";"Dupla";"Curva";"Não";3;0;1;0;1;1;1;3;-22,55271018;-44,17778004;"SPRF-RJ";"DEL07-RJ";"UOP02-DEL07-RJ"
538757;2023-07-28;"sexta-feira";"17:45:00";"PR";163;177;"LINDOESTE";"Ingestão de álcool pelo condutor";"Colisão lateral mesmo sentido";"Com Vítimas Feridas";"Pleno dia";"Decrescente";"Céu Claro";"Dupla";"Declive";"Sim";3;0;1;0;1;2;1;4;-25,2011763;-53,60081316;"SPRF-PR";"DEL05-PR";"UOP05-DEL05-PR"
538777;2023-07-28;"sexta-feira";"20:15:00";"BA";324;584;"CANDEIAS";"Condutor deixou de manter distância do veículo da frente";"Colisão traseira";"Com Vítimas Feridas";"Plena Noite";"Decrescente";"Nublado";"Dupla";"Reta";"Não";2;0;1;0;1;0;1;2;-12,62182288;-38,48260875;"SPRF-BA";"DEL01-BA";"UOP01-DEL01-BA"
538779;2023-07-28;"sexta-feira";"09:30:00";"BA";101;577;"CAMACAN";"Reação tardia ou ineficiente do condutor";"Saída de leito carroçável";"Com Vítimas Feridas";"Pleno dia";"Decrescente";"Chuva";"Simples";"Reta";"Não";1;0;0;1;0;0;1;1;-15,488837;-39,432544;"SPRF-BA";"DEL05-BA";"UOP02-DEL05-BA"
538781;2023-07-28;"sexta-feira";"20:50:00";"RS";392;350;"SANTA MARIA";"Ausência de reação do condutor";"Colisão traseira";"Com Vítimas Feridas";"Plena Noite";"Decrescente";"Nublado";"Dupla";"Reta";"Não";3;0;2;0;0;1;2;2;-29,7440791;-53,79306521;"SPRF-RS";"DEL09-RS";"UOP01-DEL09-RS"
538783;2023-07-28;"sexta-feira";"15:42:00";"MT";364;541;"ROSARIO OESTE";"Entrada inopinada do pedestre";"Atropelamento de Pedestre";"Com Vítimas Feridas";"Pleno dia";"Decrescente";"Céu Claro";"Simples";"Reta";"Sim";3;0;0;1;1;1;1;3;-14,92009078;-56,47771528;"SPRF-MT";"DEL01-MT";"UOP01-DEL01-MT"
538795;2023-07-28;"sexta-feira";"09:45:00";"MG";50;126;"UBERABA";"Ausência de reação do condutor";"Colisão lateral mesmo sentido";"Sem Vítimas";"Pleno dia";"Crescente";"Céu Claro";"Dupla";"Reta";"Não";1;0;0;0;1;0;0;1;-19,35661694;-48,08567397;"SPRF-MG";"DEL13-MG";"UOP01-DEL13-MG"
538799;2023-07-28;"sexta-feira";"18:03:00";"MG";116;135;"PONTO DOS VOLANTES";"Ultrapassagem Indevida";"Colisão lateral mesmo sentido";"Com Vítimas Feridas";"Plena Noite";"Crescente";"Céu Claro";"Simples";"Reta";"Não";4;0;1;0;2;2;1;4;-16,731626;-41,50644479;"SPRF-MG";"DEL11-MG";"UOP02-DEL11-MG"
538802;2023-07-28;"sexta-feira";"21:00:00";"SC";282;439;"IRANI";"Condutor Dormindo";"Saída de leito carroçável";"Com Vítimas Feridas";"Plena Noite";"Crescente";"Nublado";"Simples";"Curva";"Não";2;0;1;0;0;1;1;2;-26,945671;-51,861717;"SPRF-SC";"DEL07-SC";"UOP04-DEL07-SC"
538817;2023-07-29;"sábado";"00:00:00";"SP";116;229;"SAO PAULO";"Manobra de mudança de faixa";"Colisão com objeto";"Com Vítimas Feridas";"Plena Noite";"Crescente";"Nevoeiro/Neblina";"Múltipla";"Declive;Reta";"Sim";3;0;1;0;1;1;1;2;-23,51291902;-46,57604698;"SPRF-SP";"DEL01-SP";"UOP01-DEL01-SP"
538824;2023-07-29;"sábado";"00:45:00";"MG";381;723;"CARMO DA CACHOEIRA";"Condutor Dormindo";"Colisão traseira";"Com Vítimas Feridas";"Plena Noite";"Decrescente";"Céu Claro";"Dupla";"Curva;Aclive";"Não";2;0;1;0;1;0;1;2;-21,484833;-45,2055;"SPRF-MG";"DEL04-MG";"UOP02-DEL04-MG"
538827;2023-07-28;"sexta-feira";"19:00:00";"MS";158;322;"TRES LAGOAS";"Demais falhas mecânicas ou elétricas";"Incêndio";"Sem Vítimas";"Plena Noite";"Crescente";"Céu Claro";"Simples";"Reta";"Não";2;0;0;0;1;3;0;4;-21,11939191;-51,94700016;"SPRF-MS";"DEL07-MS";"UOP01-DEL07-MS"
538828;2023-07-28;"sexta-feira";"20:15:00";"MG";381;932;"EXTREMA";"Velocidade Incompatível";"Tombamento";"Sem Vítimas";"Plena Noite";"Crescente";"Céu Claro";"Dupla";"Curva";"Não";2;0;0;0;1;1;0;2;-22,79304167;-46,24665213;"SPRF-MG";"DEL16-MG";"UOP03-DEL16-MG"
538829;2023-07-28;"sexta-feira";"22:51:00";"MT";163;854;"SINOP";"Ausência de sinalização";"Colisão traseira";"Com Vítimas Feridas";"Plena Noite";"Decrescente";"Céu Claro";"Simples";"Declive";"Sim";3;0;0;1;1;1;1;3;-11,69392795;-55,45194626;"SPRF-MT";"DEL06-MT";"UOP02-DEL06-MT"
538830;2023-07-28;"sexta-feira";"20:30:00";"MG";381;933;"EXTREMA";"Ausência de reação do condutor";"Saída de leito carroçável";"Sem Vítimas";"Plena Noite";"Decrescente";"Céu Claro";"Dupla";"Curva;Declive";"Sim";3;0;0;0;1;2;0;3;-22,81492017;-46,2920647;"SPRF-MG";"DEL16-MG";"UOP03-DEL16-MG"
538832;2023-07-28;"sexta-feira";"20:20:00";"PI";316;358,8;"CAMPO GRANDE DO PIAUI";"Transitar na contramão";"Colisão lateral sentido oposto";"Com Vítimas Fatais";"Plena Noite";"Crescente";"Céu Claro";"Simples";"Declive;Reta";"Não";2;1;0;0;1;0;0;2;-7,13141037;-41,04702704;"SPRF-PI";"DEL04-PI";"UOP03-DEL04-PI"
538835;2023-07-29;"sábado";"02:00:00";"PR";153;40,7;"SANTO ANTONIO DA PLATINA";"Condutor Dormindo";"Colisão lateral sentido oposto";"Com Vítimas Feridas";"Plena Noite";"Crescente";"Nevoeiro/Neblina";"Simples";"Reta";"Sim";6;0;2;1;1;4;3;5;-23,29546464;-50,0660491;"SPRF-PR";"DEL07-PR";"UOP04-DEL07-PR"
538837;2023-05-01;"segunda-feira";"22:50:00";"PA";10;20;"DOM ELISEU";"Condutor deixou de manter distância do veículo da frente";"Colisão traseira";"Com Vítimas Feridas";"Plena Noite";"Decrescente";"Chuva";"Simples";"Aclive;Reta";"Não";31;0;28;2;1;0;30;2;-4,27528701;-47,5594881;"SPRF-PA";"DEL02-PA";"UOP02-DEL02-PA"
538839;2023-07-29;"sábado";"03:40:00";"PR";277;274;"PRUDENTOPOLIS";"Entrada inopinada do pedestre";"Atropelamento de Pedestre";"Com Vítimas Feridas";"Plena Noite";"Decrescente";"Nevoeiro/Neblina";"Simples";"Reta";"Não";3;0;1;0;2;0;1;2;-25,38037508;-50,86558905;"SPRF-PR";"DEL08-PR";"UOP02-DEL08-PR"
538852;2023-07-29;"sábado";"04:40:00";"GO";20;206;"POSSE";"Ultrapassagem Indevida";"Saída de leito carroçável";"Com Vítimas Feridas";"Amanhecer";"Crescente";"Céu Claro";"Simples";"Curva;Aclive";"Não";5;0;1;0;3;2;1;4;-14,285869;-46,410671;"SPRF-DF";"DEL02-DF";"UOP03-DEL02-DF"
538856;2023-07-29;"sábado";"05:00:00";"SC";280;125,7;"RIO NEGRINHO";"Pista Escorregadia";"Colisão com objeto";"Sem Vítimas";"Plena Noite";"Crescente";"Garoa/Chuvisco";"Simples";"Reta;Declive";"Sim";4;0;0;0;3;1;0;3;-26,24128863;-49,50991988;"SPRF-SC";"DEL06-SC";"UOP03-DEL06-SC"
538858;2023-07-29;"sábado";"06:10:00";"MG";381;454,9;"BELO HORIZONTE";"Condutor Dormindo";"Colisão traseira";"Com Vítimas Feridas";"Amanhecer";"Crescente";"Céu Claro";"Simples";"Reta";"Sim";3;0;0;1;1;1;1;3;-19,85593827;-43,89662047;"SPRF-MG";"DEL01-MG";"UOP01-DEL01-MG"
538859;2023-07-29;"sábado";"00:30:00";"RS";290;281;"CACHOEIRA DO SUL";"Manobra de mudança de faixa";"Colisão lateral sentido oposto";"Com Vítimas Feridas";"Plena Noite";"Crescente";"Céu Claro";"Simples";"Reta";"Não";4;0;1;1;2;0;2;2;-30,251297;-53,033596;"SPRF-RS";"DEL02-RS";"UOP03-DEL02-RS"
538861;2023-07-29;"sábado";"06:30:00";"MG";381;844,7;"SAO SEBASTIAO DA BELA VISTA";"Velocidade Incompatível";"Tombamento";"Com Vítimas Feridas";"Amanhecer";"Decrescente";"Céu Claro";"Simples";"Curva";"Não";2;0;1;0;0;1;1;2;-22,20013701;-45,85549951;"SPRF-MG";"DEL16-MG";"UOP01-DEL16-MG"
538862;2023-07-29;"sábado";"06:25:00";"MS";163;717;"RIO VERDE DE MATO GROSSO";"Condutor Dormindo";"Colisão lateral sentido oposto";"Com Vítimas Feridas";"Amanhecer";"Crescente";"Céu Claro";"Simples";"Reta";"Não";3;0;1;0;1;1;1;3;-18,61968801;-54,77287631;"SPRF-MS";"DEL06-MS";"UOP01-DEL06-MS"
538864;2023-07-29;"sábado";"06:45:00";"ES";101;266,6;"SERRA";"Velocidade Incompatível";"Tombamento";"Sem Vítimas";"Pleno dia";"Decrescente";"Céu Claro";"Dupla";"Retorno Regulamentado";"Sim";1;0;0;0;0;1;0;1;-20,190199;-40,26828891;"SPRF-ES";"DEL02-ES";"UOP01-DEL02-ES"
538870;2023-07-29;"sábado";"05:00:00";"GO";452;147,6;"BOM JESUS DE GOIAS";"Deficiência do Sistema de Iluminação/Sinalização";"Colisão traseira";"Com Vítimas Feridas";"Amanhecer";"Decrescente";"Céu Claro";"Simples";"Reta";"Não";3;0;1;0;1;1;1;3;-18,28706779;-49,60856091;"SPRF-GO";"DEL03-GO";"UOP02-DEL03-GO"
538872;2023-07-29;"sábado";"05:20:00";"PR";376;341;"ORTIGUEIRA";"Ausência de reação do condutor";"Tombamento";"Com Vítimas Feridas";"Amanhecer";"Decrescente";"Nublado";"Simples";"Curva";"Não";2;0;1;0;0;1;1;2;-24,18027227;-50,96153138;"SPRF-PR";"DEL07-PR";"UOP02-DEL07-PR"
538882;2023-07-29;"sábado";"08:53:00";"SP";116;362;"MIRACATU";"Velocidade Incompatível";"Colisão lateral mesmo sentido";"Com Vítimas Feridas";"Pleno dia";"Crescente";"Garoa/Chuvisco";"Dupla";"Curva";"Não";3;0;1;0;1;3;1;5;-24,1220177;-47,27047772;"SPRF-SP";"DEL04-SP";"UOP03-DEL04-SP"
538883;2023-07-29;"sábado";"08:00:00";"MS";163;188;"JUTI";"Condutor deixou de manter distância do veículo da frente";"Colisão lateral mesmo sentido";"Com Vítimas Feridas";"Pleno dia";"Decrescente";"Céu Claro";"Simples";"Curva";"Não";3;0;1;0;1;2;1;4;-22,80058587;-54,73696393;"SPRF-MS";"DEL09-MS";"UOP01-DEL09-MS"
538885;2023-07-29;"sábado";"06:10:00";"BA";101;355;"WENCESLAU GUIMARAES";"Ingestão de álcool pelo condutor";"Tombamento";"Com Vítimas Feridas";"Amanhecer";"Crescente";"Céu Claro";"Simples";"Curva";"Não";2;0;1;0;0;1;1;2;-13,66166697;-39,47954178;"SPRF-BA";"DEL05-BA";"UOP03-DEL05-BA"