"id";"data_inversa";"dia_semana";"horario";"uf";"br";"km";"municipio";"causa_acidente";"tipo_acidente";"classificacao_acidente";"fase_dia";"sentido_via";"condicao_metereologica";"tipo_pista";"tracado_via";"uso_solo";"pessoas";"mortos";"feridos_leves";"feridos_graves";"ilesos";"ignorados";"feridos";"veiculos";"latitude";"longitude";"regional";"delegacia";"uop"
538886;2023-07-29;"sábado";"08:15:00";"SC";101;329,1;"TUBARAO";"Reação tardia ou ineficiente do condutor";"Colisão lateral mesmo sentido";"Com Vítimas Feridas";"Pleno dia";"Crescente";"Céu Claro";"Dupla";"Curva";"Não";3;0;1;0;1;2;1;4;-28,45232641;-48,97488356;"SPRF-SC";"DEL02-SC";"UOP01-DEL02-SC"
538888;2023-07-13;"quinta-feira";"22:00:00";"SC";116;107,8;"MONTE CASTELO";"Reação tardia ou ineficiente do condutor";"Tombamento";"Com Vítimas Feridas";"Plena Noite";"Decrescente";"Garoa/Chuvisco";"Simples";"Curva";"Não";2;0;1;0;0;1;1;2;-26,75568818;-50,32812388;"SPRF-SC";"DEL06-SC";"UOP02-DEL06-SC"
538898;2023-07-29;"sábado";"08:40:00";"MG";381;663;"SANTO ANTONIO DO AMPARO";"Manobra de mudança de faixa";"Colisão traseira";"Com Vítimas Feridas";"Pleno dia";"Crescente";"Céu Claro";"Dupla";"Aclive;Reta";"Não";5;0;1;1;2;1;2;3;-21,0529508;-45,01152206;"SPRF-MG";"DEL04-MG";"UOP02-DEL04-MG"
538908;2023-07-29;"sábado";"11:00:00";"RS";116;0,3;"PORTO ALEGRE";"Reação tardia ou ineficiente do condutor";"Colisão com objeto";"Com Vítimas Feridas";"Pleno dia";"Crescente";"Céu Claro";"Múltipla";"Reta";"Sim";2;0;1;0;1;0;1;2;-29,96900718;-51,17620468;"SPRF-RS";"DEL01-RS";"UOP01-DEL01-RS"
538909;2023-07-29;"sábado";"10:00:00";"MT";163;588;"NOVA MUTUM";"Demais falhas mecânicas ou elétricas";"Colisão traseira";"Com Vítimas Feridas";"Pleno dia";"Crescente";"Céu Claro";"Simples";"Reta";"Não";3;0;0;1;1;3;1;5;-14,01402698;-56,09917973;"SPRF-MT";"DEL01-MT";"UOP01-DEL01-MT"
538915;2023-07-29;"sábado";"11:05:00";"RJ";101;41,8;"CAMPOS DOS GOYTACAZES";"Ultrapassagem Indevida";"Colisão lateral mesmo sentido";"Com Vítimas Feridas";"Pleno dia";"Crescente";"Nublado";"Simples";"Curva";"Não";6;0;4;0;1;1;4;3;-21,55565098;-41,32869598;"SPRF-RJ";"DEL08-RJ";"UOP01-DEL08-RJ"
538917;2023-07-29;"sábado";"06:26:00";"RN";406;95,9;"JOAO CAMARA";"Avarias e/ou desgaste excessivo no pneu";"Capotamento";"Com Vítimas Feridas";"Pleno dia";"Crescente";"Céu Claro";"Simples";"Reta";"Não";1;0;0;1;0;0;1;1;-5,5066483;-35,87534309;"SPRF-RN";"DEL02-RN";"UOP01-DEL02-RN"
538920;2023-07-29;"sábado";"05:30:00";"MG";116;52;"MEDINA";"Condutor Dormindo";"Colisão frontal";"Com Vítimas Feridas";"Pleno dia";"Decrescente";"Céu Claro";"Simples";"Reta";"Não";7;0;2;3;1;1;5;3;-16,07331101;-41,44760682;"SPRF-MG";"DEL11-MG";"UOP02-DEL11-MG"
538933;2023-07-29;"sábado";"10:50:00";"CE";116;65;"CHOROZINHO";"Acessar a via sem observar a presença dos outros veículos";"Colisão transversal";"Com Vítimas Feridas";"Pleno dia";"Crescente";"Céu Claro";"Simples";"Reta";"Não";2;0;1;0;1;0;1;2;-4,28986706;-38,49688277;"SPRF-CE";"DEL03-CE";"UOP02-DEL03-CE"
538938;2023-07-29;"sábado";"13:40:00";"RS";290;102,6;"PORTO ALEGRE";"Ausência de reação do condutor";"Engavetamento";"Com Vítimas Feridas";"Pleno dia";"Crescente";"Céu Claro";"Dupla";"Ponte;Reta";"Sim";7;0;1;0;6;0;1;3;-29,987228;-51,25613;"SPRF-RS";"DEL01-RS";"UOP01-DEL01-RS"
538942;2023-07-29;"sábado";"13:50:00";"SC";280;56;"GUARAMIRIM";"Desrespeitar a preferência no cruzamento";"Colisão transversal";"Com Vítimas Feridas";"Pleno dia";"Decrescente";"Nublado";"Simples";"Rotatória";"Sim";6;0;2;0;3;1;2;3;-26,47947677;-49,00298702;"SPRF-SC";"DEL03-SC";"UOP03-DEL03-SC"
538948;2023-07-29;"sábado";"15:00:00";"GO";20;127;"FLORES DE GOIAS";"Condutor Dormindo";"Colisão lateral sentido oposto";"Com Vítimas Feridas";"Pleno dia";"Crescente";"Céu Claro";"Simples";"Reta";"Não";4;0;1;0;2;3;1;5;-14,849504;-46,766163;"SPRF-DF";"DEL02-DF";"UOP03-DEL02-DF"
538954;2023-07-29;"sábado";"13:26:00";"PE";316;124,9;"PARNAMIRIM";"Demais falhas mecânicas ou elétricas";"Incêndio";"Sem Vítimas";"Pleno dia";"Crescente";"Céu Claro";"Simples";"Reta";"Não";1;0;0;0;1;0;0;1;-8,02226451;-39,74844622;"SPRF-PE";"DEL05-PE";"UOP02-DEL05-PE"
538955;2023-07-08;"sábado";"17:40:00";"PE";423;114;"PARANATAMA";"Reação tardia ou ineficiente do condutor";"Colisão traseira";"Sem Vítimas";"Anoitecer";"Crescente";"Garoa/Chuvisco";"Simples";"Reta";"Não";7;0;0;0;7;0;0;2;-8,8998297;-36,64277108;"SPRF-PE";"DEL03-PE";"UOP01-DEL03-PE"
538968;2023-07-29;"sábado";"16:00:00";"SP";116;363,8;"MIRACATU";"Reação tardia ou ineficiente do condutor";"Tombamento";"Com Vítimas Feridas";"Pleno dia";"Crescente";"Garoa/Chuvisco";"Dupla";"Curva";"Não";3;0;0;1;1;1;1;2;-24,13881806;-47,27310246;"SPRF-SP";"DEL04-SP";"UOP02-DEL04-SP"
538970;2023-07-29;"sábado";"11:00:00";"MA";226;409,5;"GRAJAU";"Estacionar ou parar em local proibido";"Colisão traseira";"Com Vítimas Fatais";"Plena Noite";"Crescente";"Céu Claro";"Simples";"Reta";"Não";7;1;2;1;3;0;3;2;-5,7745215;-46,07900136;"SPRF-MA";"DEL06-MA";"UOP01-DEL06-MA"
538976;2023-07-29;"sábado";"13:20:00";"RJ";116;230;"PIRAI";"Problema com o freio";"Colisão traseira";"Com Vítimas Feridas";"Pleno dia";"Decrescente";"Garoa/Chuvisco";"Simples";"Curva";"Não";2;0;1;0;1;0;1;2;-22,65208783;-43,82143902;"SPRF-RJ";"DEL07-RJ";"UOP01-DEL07-RJ"
538991;2023-07-29;"sábado";"17:40:00";"CE";222;4,2;"CAUCAIA";"Demais falhas mecânicas ou elétricas";"Colisão traseira";"Com Vítimas Feridas";"Anoitecer";"Decrescente";"Céu Claro";"Múltipla";"Reta";"Sim";4;0;2;0;2;0;2;2;-3,74164754;-38,60449792;"SPRF-CE";"DEL01-CE";"UOP01-DEL01-CE"
538996;2023-07-29;"sábado";"18:54:00";"MG";40;456,9;"CAETANOPOLIS";"Ingestão de álcool pelo condutor";"Colisão traseira";"Com Vítimas Feridas";"Plena Noite";"Decrescente";"Céu Claro";"Dupla";"Curva";"Não";2;0;1;0;1;0;1;2;-19,37126583;-44,33588505;"SPRF-MG";"DEL02-MG";"UOP01-DEL02-MG"
539007;2023-07-29;"sábado";"16:32:00";"MA";135;34,3;"BACABEIRA";"Acumulo de água sobre o pavimento";"Saída de leito carroçável";"Sem Vítimas";"Pleno dia";"Decrescente";"Chuva";"Dupla";"Reta";"Não";2;0;0;0;1;1;0;1;-2,840086;-44,37459507;"SPRF-MA";"DEL01-MA";"UOP01-DEL01-MA"
539030;2023-07-29;"sábado";"17:00:00";"PI";316;0,5;"TERESINA";"Ultrapassagem Indevida";"Colisão lateral sentido oposto";"Com Vítimas Feridas";"Pleno dia";"Crescente";"Céu Claro";"Simples";"Curva";"Sim";4;0;0;1;1;2;1;4;-5,131168;-42,81564;"SPRF-PI";"DEL01-PI";"UOP02-DEL01-PI"
539038;2023-07-29;"sábado";"21:00:00";"SP";116;37,9;"CACHOEIRA PAULISTA";"Reação tardia ou ineficiente do condutor";"Capotamento";"Com Vítimas Feridas";"Plena Noite";"Decrescente";"Garoa/Chuvisco";"Dupla";"Curva;Declive";"Não";7;0;3;0;3;1;3;5;-22,66497021;-44,98430985;"SPRF-SP";"DEL08-SP";"UOP02-DEL08-SP"
539042;2023-07-29;"sábado";"21:45:00";"SP";116;135;"SAO JOSE DOS CAMPOS";"Reação tardia ou ineficiente do condutor";"Colisão frontal";"Com Vítimas Feridas";"Plena Noite";"Decrescente";"Céu Claro";"Dupla";"Reta";"Sim";3;0;0;1;1;1;1;3;-23,144484;-45,77018;"SPRF-SP";"DEL02-SP";"UOP01-DEL02-SP"
539051;2023-07-29;"sábado";"21:40:00";"PR";376;387,1;"IMBAU";"Ingestão de álcool pelo condutor";"Colisão traseira";"Sem Vítimas";"Plena Noite";"Decrescente";"Nublado";"Dupla";"Reta";"Não";2;0;0;0;1;1;0;2;-24,50165014;-50,71899331;"SPRF-PR";"DEL03-PR";"UOP02-DEL03-PR"
539058;2023-07-29;"sábado";"22:15:00";"SC";101;47,9;"JOINVILLE";"Velocidade Incompatível";"Colisão traseira";"Com Vítimas Feridas";"Plena Noite";"Crescente";"Nublado";"Dupla";"Aclive;Reta";"Sim";4;0;1;0;2;1;1;3;-26,34234997;-48,85840089;"SPRF-SC";"DEL03-SC";"UOP01-DEL03-SC"
539060;2023-07-29;"sábado";"23:10:00";"GO";153;174;"CAMPINORTE";"Acessar a via sem observar a presença dos outros veículos";"Colisão transversal";"Com Vítimas Feridas";"Plena Noite";"Crescente";"Céu Claro";"Simples";"Reta";"Não";6;0;5;0;1;0;5;2;-14,292733;-49,150192;"SPRF-GO";"DEL07-GO";"UOP02-DEL07-GO"
539066;2023-07-29;"sábado";"19:15:00";"MT";163;728;"SORRISO";"Transitar na contramão";"Colisão lateral sentido oposto";"Com Vítimas Fatais";"Plena Noite";"Crescente";"Céu Claro";"Simples";"Reta";"Não";6;2;1;0;1;2;1;4;-12,73796211;-55,83133936;"SPRF-MT";"DEL06-MT";"UOP01-DEL06-MT"
539072;2023-07-30;"domingo";"00:35:00";"GO";50;121,7;"IPAMERI";"Animais na Pista";"Saída de leito carroçável";"Com Vítimas Feridas";"Plena Noite";"Crescente";"Céu Claro";"Dupla";"Reta";"Não";2;0;1;0;0;1;1;2;-16,9362;-47,7189;"SPRF-GO";"DEL06-GO";"UOP01-DEL06-GO"
539096;2023-07-30;"domingo";"05:30:00";"BA";116;597;"IRAJUBA";"Acesso irregular";"Colisão traseira";"Com Vítimas Feridas";"Pleno dia";"Crescente";"Céu Claro";"Simples";"Reta";"Não";4;0;1;0;2;1;1;3;-13,1886621;-40,00636166;"SPRF-BA";"DEL03-BA";"UOP02-DEL03-BA"
539101;2023-07-30;"domingo";"04:50:00";"PR";369;486,7;"CORBELIA";"Transitar na contramão";"Colisão lateral sentido oposto";"Com Vítimas Feridas";"Plena Noite";"Crescente";"Nevoeiro/Neblina";"Simples";"Reta";"Não";3;0;0;1;1;1;1;3;-24,6836;-53,2279;"SPRF-PR";"DEL04-PR";"UOP03-DEL04-PR"
539103;2023-07-30;"domingo";"01:00:00";"PE";104;137;"QUIPAPA";"Demais falhas mecânicas ou elétricas";"Tombamento";"Com Vítimas Feridas";"Plena Noite";"Crescente";"Nublado";"Simples";"Declive;Reta";"Sim";2;0;1;0;0;1;1;2;-8,825912;-36,029057;"SPRF-PE";"DEL02-PE";"UOP03-DEL02-PE"
539104;2023-07-30;"domingo";"04:10:00";"AL";101;45,6;"FLEXEIRAS";"Curva acentuada";"Tombamento";"Sem Vítimas";"Plena Noite";"Crescente";"Céu Claro";"Dupla";"Curva";"Não";1;0;0;0;1;0;0;1;-9,20251191;-35,78756691;"SPRF-AL";"DEL01-AL";"UOP02-DEL01-AL"
539116;2023-07-30;"domingo";"00:40:00";"GO";50;297;"CUMARI";"Ausência de reação do condutor";"Colisão traseira";"Com Vítimas Feridas";"Plena Noite";"Crescente";"Céu Claro";"Dupla";"Aclive;Viaduto;Curva";"Não";3;0;0;1;1;1;1;3;-18,3061;-48,0148;"SPRF-GO";"DEL06-GO";"UOP01-DEL06-GO"
539117;2023-07-29;"sábado";"21:00:00";"PA";10;46;"ULIANOPOLIS";"Ausência de reação do condutor";"Colisão lateral sentido oposto";"Com Vítimas Fatais";"Plena Noite";"Crescente";"Céu Claro";"Simples";"Reta";"Não";4;1;0;0;1;2;0;4;-4,046299;-47,54474;"SPRF-PA";"DEL02-PA";"UOP02-DEL02-PA"
539120;2023-06-06;"terça-feira";"14:35:00";"PR";277;138,9;"BALSA NOVA";"Ausência de reação do condutor";"Engavetamento";"Com Vítimas Feridas";"Pleno dia";"Crescente";"Céu Claro";"Dupla";"Declive;Reta";"Não";11;0;5;2;3;3;7;9;-25,4744917;-49,72203836;"SPRF-PR";"DEL03-PR";"UOP03-DEL03-PR"
539121;2023-07-30;"domingo";"02:00:00";"PA";10;309;"IRITUIA";"Pedestre andava na pista";"Atropelamento de Pedestre";"Com Vítimas Feridas";"Plena Noite";"Crescente";"Céu Claro";"Simples";"Reta";"Não";2;0;0;1;0;1;1;2;-1,72948399;-47,50308232;"SPRF-PA";"DEL01-PA";"UOP02-DEL01-PA"
539124;2023-04-17;"segunda-feira";"23:15:00";"RS";293;137;"CANDIOTA";"Acessar a via sem observar a presença dos outros veículos";"Colisão transversal";"Com Vítimas Fatais";"Plena Noite";"Decrescente";"Céu Claro";"Simples";"Rotatória;Interseção de Vias;Reta";"Sim";4;1;0;1;1;1;1;3;-31,4652752;-53,66323471;"SPRF-RS";"DEL11-RS";"UOP03-DEL11-RS"
539125;2023-07-30;"domingo";"07:23:00";"PA";230;111;"MARABA";"Manobra de mudança de faixa";"Colisão frontal";"Com Vítimas Fatais";"Pleno dia";"Decrescente";"Céu Claro";"Simples";"Reta";"Não";3;1;0;0;1;1;0;3;-5,37139594;-49,04004698;"SPRF-PA";"DEL03-PA";"UOP01-DEL03-PA"
539131;2023-05-05;"sexta-feira";"12:45:00";"PR";277;124;"BALSA NOVA";"Acessar a via sem observar a presença dos outros veículos";"Colisão lateral mesmo sentido";"Com Vítimas Feridas";"Pleno dia";"Decrescente";"Sol";"Dupla";"Reta";"Não";3;0;1;0;1;1;1;3;-25,465911;-49,592123;"SPRF-PR";"DEL03-PR";"UOP03-DEL03-PR"
539132;2023-07-18;"terça-feira";"14:50:00";"MS";163;258;"DOURADOS";"Acesso irregular";"Engavetamento";"Com Vítimas Feridas";"Pleno dia";"Decrescente";"Céu Claro";"Dupla";"Reta";"Sim";5;0;1;0;2;4;1;7;-22,25859;-54,783592;"SPRF-MS";"DEL04-MS";"UOP01-DEL04-MS"
539149;2023-07-18;"terça-feira";"11:40:00";"MG";365;757;"ITUIUTABA";"Acessar a via sem observar a presença dos outros veículos";"Colisão transversal";"Com Vítimas Feridas";"Pleno dia";"Crescente";"Céu Claro";"Simples";"Reta";"Não";2;0;0;1;1;0;1;2;-18,965298;-49,515193;"SPRF-MG";"DEL15-MG";"UOP03-DEL15-MG"
539151;2023-07-30;"domingo";"11:20:00";"MG";381;928,9;"ITAPEVA";"Velocidade Incompatível";"Colisão lateral mesmo sentido";"Com Vítimas Feridas";"Pleno dia";"Crescente";"Céu Claro";"Dupla";"Curva";"Sim";8;0;4;0;2;2;4;4;-22,77052871;-46,23157167;"SPRF-MG";"DEL16-MG";"UOP03-DEL16-MG"
539153;2023-07-30;"domingo";"11:20:00";"GO";20;59,8;"FORMOSA";"Acesso irregular";"Colisão traseira";"Sem Vítimas";"Pleno dia";"Decrescente";"Céu Claro";"Simples";"Curva;Declive";"Não";3;0;0;0;3;0;0;3;-15,25577;-47,165115;"SPRF-DF";"DEL02-DF";"UOP02-DEL02-DF"
539154;2023-07-29;"sábado";"23:46:00";"PA";10;47;"ULIANOPOLIS";"Ingestão de álcool pelo condutor";"Colisão frontal";"Com Vítimas Feridas";"Pleno dia";"Crescente";"Céu Claro";"Simples";"Reta";"Não";4;0;1;0;1;2;1;4;-4,037293;-47,54463;"SPRF-PA";"DEL02-PA";"UOP02-DEL02-PA"
539156;2023-07-30;"domingo";"07:45:00";"SC";116;40;"ITAIOPOLIS";"Ausência de reação do condutor";"Colisão lateral sentido oposto";"Com Vítimas Feridas";"Pleno dia";"Decrescente";"Nublado";"Simples";"Aclive;Reta";"Não";5;0;1;1;3;0;2;3;-26,34149288;-50,05296894;"SPRF-SC";"DEL06-SC";"UOP01-DEL06-SC"
539157;2023-07-30;"domingo";"11:20:00";"SP";116;132,9;"CACAPAVA";"Manobra de mudança de faixa";"Colisão lateral mesmo sentido";"Com Vítimas Feridas";"Pleno dia";"Decrescente";"Céu Claro";"Dupla";"Reta";"Não";4;0;1;0;2;1;1;3;-23,13169757;-45,74481322;"SPRF-SP";"DEL02-SP";"UOP02-DEL02-SP"
539161;2023-07-30;"domingo";"10:00:00";"MG";381;576;"ITAGUARA";"Frear bruscamente";"Colisão lateral mesmo sentido";"Com Vítimas Feridas";"Pleno dia";"Decrescente";"Céu Claro";"Dupla";"Aclive;Reta";"Não";6;0;4;0;1;2;4;4;-20,48100267;-44,58883345;"SPRF-MG";"DEL04-MG";"UOP01-DEL04-MG"
539163;2023-07-30;"domingo";"08:50:00";"PR";277;412;"CANDOI";"Velocidade Incompatível";"Tombamento";"Com Vítimas Feridas";"Pleno dia";"Crescente";"Céu Claro";"Simples";"Declive;Curva";"Não";3;0;1;0;1;1;1;2;-25,41707911;-52,06011867;"SPRF-PR";"DEL04-PR";"UOP02-DEL04-PR"
539166;2023-07-30;"domingo";"07:50:00";"GO";158;157;"CAIAPONIA";"Acessar a via sem observar a presença dos outros veículos";"Colisão transversal";"Com Vítimas Feridas";"Amanhecer";"Crescente";"Céu Claro";"Simples";"Interseção de Vias;Rotatória;Reta";"Sim";5;0;1;0;3;4;1;7;-16,956467;-51,82909;"SPRF-GO";"DEL05-GO";"UOP01-DEL05-GO"
539176;2023-07-30;"domingo";"11:30:00";"SP";116;65,7;"GUARATINGUETA";"Ausência de reação do condutor";"Colisão traseira";"Com Vítimas Feridas";"Pleno dia";"Crescente";"Nublado";"Dupla";"Curva";"Sim";2;0;1;0;1;0;1;2;-22,823273;-45,192806;"SPRF-SP";"DEL08-SP";"UOP01-DEL08-SP"
539184;2023-07-30;"domingo";"15:00:00";"RJ";101;504;"ANGRA DOS REIS";"Reação tardia ou ineficiente do condutor";"Colisão traseira";"Com Vítimas Feridas";"Pleno dia";"Decrescente";"Céu Claro";"Simples";"Reta";"Sim";2;0;1;0;1;0;1;2;-22,93155828;-44,38812093;"SPRF-RJ";"DEL03-RJ";"UOP03-DEL03-RJ"
539185;2023-07-30;"domingo";"15:10:00";"GO";158;175;"CAIAPONIA";"Ultrapassagem Indevida";"Colisão lateral sentido oposto";"Com Vítimas Feridas";"Pleno dia";"Crescente";"Céu Claro";"Simples";"Reta";"Não";3;0;0;1;1;2;1;4;-17,10401097;-51,87033008;"SPRF-GO";"DEL05-GO";"UOP01-DEL05-GO"
539191;2023-07-30;"domingo";"13:30:00";"PR";163;276;"QUATRO PONTES";"Ausência de reação do condutor";"Colisão traseira";"Com Vítimas Feridas";"Pleno dia";"Decrescente";"Céu Claro";"Dupla";"Curva";"Não";3;0;1;0;1;3;1;5;-24,60909125;-53,96412507;"SPRF-PR";"DEL06-PR";"UOP02-DEL06-PR"
539194;2023-07-30;"domingo";"15:05:00";"SP";116;488;"CAJATI";"Curva acentuada";"Tombamento";"Sem Vítimas";"Pleno dia";"Decrescente";"Céu Claro";"Dupla";"Curva";"Sim";2;0;0;0;1;1;0;2;-24,73097634;-48,09815591;"SPRF-SP";"DEL05-SP";"UOP01-DEL05-SP"
539198;2023-07-30;"domingo";"15:40:00";"SP";116;486,8;"CAJATI";"Frear bruscamente";"Tombamento";"Sem Vítimas";"Pleno dia";"Crescente";"Céu Claro";"Dupla";"Reta";"Não";1;0;0;0;1;0;0;1;-24,72188994;-48,072155;"SPRF-SP";"DEL05-SP";"UOP01-DEL05-SP"
539201;2023-07-30;"domingo";"15:30:00";"PR";376;338,9;"ORTIGUEIRA";"Transitar na contramão";"Colisão lateral sentido oposto";"Com Vítimas Feridas";"Pleno dia";"Crescente";"Céu Claro";"Simples";"Curva";"Não";3;0;1;0;1;2;1;4;-24,13811;-51,00482;"SPRF-PR";"DEL07-PR";"UOP02-DEL07-PR"
539210;2023-07-30;"domingo";"09:20:00";"MT";158;586;"AGUA BOA";"Ultrapassagem Indevida";"Colisão lateral mesmo sentido";"Sem Vítimas";"Pleno dia";"Decrescente";"Céu Claro";"Simples";"Reta;Aclive";"Não";3;0;0;0;2;4;0;6;-14,20076094;-52,19166651;"SPRF-MT";"DEL07-MT";"UOP02-DEL07-MT"
539219;2023-07-30;"domingo";"17:00:00";"RS";116;257;"ESTEIO";"Manobra de mudança de faixa";"Colisão lateral mesmo sentido";"Com Vítimas Feridas";"Pleno dia";"Decrescente";"Sol";"Dupla";"Reta";"Sim";6;0;3;0;2;1;3;3;-29,85262195;-51,17968329;"SPRF-RS";"DEL01-RS";"UOP02-DEL01-RS"
539220;2023-04-18;"terça-feira";"07:30:00";"MA";135;110;"ITAPECURU MIRIM";"Reação tardia ou ineficiente do condutor";"Colisão lateral sentido oposto";"Com Vítimas Feridas";"Pleno dia";"Crescente";"Céu Claro";"Simples";"Reta";"Não";6;0;2;0;4;0;2;4;-3,43517703;-44,52090589;"SPRF-MA";"DEL01-MA";"UOP02-DEL01-MA"
539237;2023-07-30;"domingo";"16:04:00";"RO";364;340,8;"JI-PARANA";"Manobra de mudança de faixa";"Colisão traseira";"Com Vítimas Feridas";"Pleno dia";"Decrescente";"Céu Claro";"Múltipla";"Reta;Interseção de Vias";"Sim";4;0;0;2;1;2;2;4;-10,898802;-61,93046;"SPRF-RO";"DEL02-RO";"UOP01-DEL02-RO"
539251;2023-07-30;"domingo";"18:45:00";"RS";285;339;"CARAZINHO";"Acessar a via sem observar a presença dos outros veículos";"Colisão lateral mesmo sentido";"Com Vítimas Feridas";"Plena Noite";"Decrescente";"Céu Claro";"Simples";"Reta";"Sim";4;0;2;0;2;0;2;3;-28,31284;-52,788609;"SPRF-RS";"DEL08-RS";"UOP03-DEL08-RS"
539255;2023-07-30;"domingo";"19:20:00";"MG";381;297;"ANTONIO DIAS";"Entrada inopinada do pedestre";"Atropelamento de Pedestre";"Com Vítimas Feridas";"Plena Noite";"Crescente";"Nublado";"Simples";"Reta";"Não";3;0;0;1;2;0;1;2;-19,62698434;-42,8708198;"SPRF-MG";"DEL03-MG";"UOP02-DEL03-MG"
539272;2023-07-30;"domingo";"19:45:00";"MS";267;378;"MARACAJU";"Acessar a via sem observar a presença dos outros veículos";"Colisão transversal";"Com Vítimas Fatais";"Plena Noite";"Crescente";"Céu Claro";"Simples";"Reta";"Não";5;1;0;2;1;1;2;3;-21,62003446;-55,3757459;"SPRF-MS";"DEL05-MS";"UOP01-DEL05-MS"
539274;2023-07-30;"domingo";"11:00:00";"RO";364;451;"JARU";"Acesso irregular";"Colisão lateral mesmo sentido";"Sem Vítimas";"Pleno dia";"Crescente";"Céu Claro";"Simples";"Declive;Reta";"Não";2;0;0;0;2;0;0;2;-10,29426297;-62,66107398;"SPRF-RO";"DEL03-RO";"UOP02-DEL03-RO"
539276;2023-07-30;"domingo";"07:20:00";"PA";230;1113;"ITAITUBA";"Reação tardia ou ineficiente do condutor";"Tombamento";"Com Vítimas Feridas";"Pleno dia";"Crescente";"Céu Claro";"Simples";"Reta";"Não";2;0;1;0;0;2;1;3;-4,34481903;-55,78267997;"SPRF-PA";"DEL05-PA";"UOP02-DEL05-PA"
539286;2023-07-30;"domingo";"15:30:00";"PR";476;238,2;"LAPA";"Velocidade Incompatível";"Capotamento";"Com Vítimas Feridas";"Pleno dia";"Decrescente";"Céu Claro";"Simples";"Curva";"Não";2;0;1;0;0;2;1;3;-25,872885;-50,054314;"SPRF-PR";"DEL02-PR";"UOP03-DEL02-PR"
539288;2023-07-30;"domingo";"17:00:00";"RS";470;187;"VERANOPOLIS";"Ausência de reação do condutor";"Colisão frontal";"Com Vítimas Feridas";"Pleno dia";"Crescente";"Céu Claro";"Simples";"Reta";"Não";3;0;1;0;2;0;1;2;-29,00788708;-51,55917274;"SPRF-RS";"DEL06-RS";"UOP02-DEL06-RS"
539309;2023-07-31;"segunda-feira";"04:41:00";"SP";153;37,5;"ONDA VERDE";"Ausência de reação do condutor";"Colisão transversal";"Com Vítimas Feridas";"Plena Noite";"Crescente";"Céu Claro";"Simples";"Interseção de Vias;Rotatória";"Não";4;0;0;2;1;2;2;4;-20,59800483;-49,31715452;"SPRF-SP";"DEL09-SP";"UOP01-DEL09-SP"
539310;2023-07-31;"segunda-feira";"04:00:00";"PR";277;31;"MORRETES";"Problema na suspensão";"Incêndio";"Sem Vítimas";"Plena Noite";"Decrescente";"Céu Claro";"Dupla";"Reta;Declive";"Não";2;0;0;0;1;1;0;2;-25,56025184;-48,80753517;"SPRF-PR";"DEL01-PR";"UOP05-DEL01-PR"
539315;2023-07-31;"segunda-feira";"04:45:00";"MG";40;484,1;"CAPIM BRANCO";"Ausência de reação do condutor";"Colisão traseira";"Com Vítimas Feridas";"Plena Noite";"Crescente";"Céu Claro";"Dupla";"Aclive";"Não";5;0;3;0;1;1;3;3;-19,57299;-44,23021;"SPRF-MG";"DEL02-MG";"UOP01-DEL02-MG"
539317;2023-07-31;"segunda-feira";"00:23:00";"SC";470;272,2;"BRUNOPOLIS";"Velocidade Incompatível";"Colisão traseira";"Com Vítimas Feridas";"Plena Noite";"Decrescente";"Nevoeiro/Neblina";"Simples";"Reta";"Não";3;0;1;0;1;1;1;3;-27,325785;-50,78363;"SPRF-SC";"DEL07-SC";"UOP06-DEL07-SC"
539320;2023-07-31;"segunda-feira";"06:30:00";"SC";101;210,9;"SAO JOSE";"Reação tardia ou ineficiente do condutor";"Colisão lateral mesmo sentido";"Sem Vítimas";"Amanhecer";"Crescente";"Céu Claro";"Dupla";"Reta";"Sim";1;0;0;0;1;0;0;1;-27,6167305;-48,6457265;"SPRF-SC";"DEL01-SC";"UOP01-DEL01-SC"
539326;2023-07-31;"segunda-feira";"06:40:00";"GO";60;387;"RIO VERDE";"Ingestão de álcool pelo condutor";"Colisão lateral mesmo sentido";"Sem Vítimas";"Amanhecer";"Decrescente";"Céu Claro";"Múltipla";"Aclive;Reta";"Sim";4;0;0;0;2;7;0;9;-17,810676;-50,92742;"SPRF-GO";"DEL04-GO";"UOP02-DEL04-GO"
539331;2023-07-31;"segunda-feira";"06:18:00";"MS";262;2;"TRES LAGOAS";"Ausência de reação do condutor";"Colisão traseira";"Com Vítimas Feridas";"Pleno dia";"Decrescente";"Céu Claro";"Simples";"Rotatória";"Não";2;0;1;0;1;0;1;2;-20,78893667;-51,64020538;"SPRF-MS";"DEL07-MS";"UOP01-DEL07-MS"
539336;2023-07-31;"segunda-feira";"07:00:00";"PE";101;43,5;"IGARASSU";"Velocidade Incompatível";"Engavetamento";"Com Vítimas Feridas";"Pleno dia";"Crescente";"Céu Claro";"Múltipla";"Reta";"Sim";4;0;1;0;3;0;1;4;-7,84948984;-34,90969598;"SPRF-PE";"DEL01-PE";"UOP02-DEL01-PE"
539338;2023-07-31;"segunda-feira";"07:00:00";"MG";262;418;"PARA DE MINAS";"Restrição de visibilidade em curvas verticais";"Colisão transversal";"Com Vítimas Feridas";"Amanhecer";"Decrescente";"Céu Claro";"Dupla";"Reta;Retorno Regulamentado";"Não";4;0;1;1;1;1;2;3;-19,8828334;-44,75390196;"SPRF-MG";"DEL08-MG";"UOP03-DEL08-MG"
539340;2023-07-31;"segunda-feira";"07:30:00";"GO";153;492;"GOIANIA";"Acessar a via sem observar a presença dos outros veículos";"Colisão com objeto";"Com Vítimas Feridas";"Pleno dia";"Decrescente";"Céu Claro";"Dupla";"Reta";"Sim";2;0;1;0;1;0;1;2;-16,6461;-49,2114;"SPRF-GO";"DEL01-GO";"UOP01-DEL01-GO"