"id";"data_inversa";"dia_semana";"horario";"uf";"br";"km";"municipio";"causa_acidente";"tipo_acidente";"classificacao_acidente";"fase_dia";"sentido_via";"condicao_metereologica";"tipo_pista";"tracado_via";"uso_solo";"pessoas";"mortos";"feridos_leves";"feridos_graves";"ilesos";"ignorados";"feridos";"veiculos";"latitude";"longitude";"regional";"delegacia";"uop"
539678;2023-08-01;"terça-feira";"19:30:00";"MG";262;184;"SAO DOMINGOS DO PRATA";"Animais na Pista";"Atropelamento de Animal";"Com Vítimas Feridas";"Plena Noite";"Decrescente";"Céu Claro";"Simples";"Declive;Reta;Em Obras";"Não";7;0;1;1;4;2;2;4;-19,90554246;-43,02879988;"SPRF-MG";"DEL03-MG";"UOP01-DEL03-MG"
539684;2023-08-01;"terça-feira";"21:25:00";"TO";153;506;"PARAISO DO TOCANTINS";"Demais falhas mecânicas ou elétricas";"Incêndio";"Sem Vítimas";"Plena Noite";"Crescente";"Céu Claro";"Simples";"Reta";"Não";2;0;0;0;1;1;0;2;-10,254444;-48,87909303;"SPRF-TO";"DEL01-TO";"UOP01-DEL01-TO"
539690;2023-08-01;"terça-feira";"17:25:00";"MA";316;80;"MARANHAOZINHO";"Condutor Dormindo";"Colisão frontal";"Com Vítimas Fatais";"Pleno dia";"Crescente";"Céu Claro";"Simples";"Reta";"Sim";2;1;0;0;1;0;0;2;-2,243207;-45,856514;"SPRF-MA";"DEL02-MA";"UOP02-DEL02-MA"
539694;2023-08-01;"terça-feira";"21:10:00";"PR";116;163;"QUITANDINHA";"Transitar na contramão";"Colisão frontal";"Com Vítimas Fatais";"Plena Noite";"Decrescente";"Céu Claro";"Simples";"Aclive;Reta";"Não";3;1;0;0;1;1;0;3;-25,868585;-49,454998;"SPRF-PR";"DEL01-PR";"UOP03-DEL01-PR"
539697;2023-08-01;"terça-feira";"20:40:00";"BA";101;842;"TEIXEIRA DE FREITAS";"Reação tardia ou ineficiente do condutor";"Saída de leito carroçável";"Com Vítimas Feridas";"Plena Noite";"Crescente";"Céu Claro";"Simples";"Curva";"Não";1;0;1;0;0;0;1;1;-17,45299422;-39,69732754;"SPRF-BA";"DEL09-BA";"UOP02-DEL09-BA"
539699;2023-08-01;"terça-feira";"23:30:00";"RJ";116;99;"GUAPIMIRIM";"Ausência de reação do condutor";"Colisão traseira";"Com Vítimas Feridas";"Plena Noite";"Crescente";"Vento";"Simples";"Curva";"Não";3;0;1;0;2;0;1;2;-22,48851488;-42,99935184;"SPRF-RJ";"DEL04-RJ";"UOP01-DEL04-RJ"
539704;2023-08-02;"quarta-feira";"02:10:00";"SP";116;442,2;"REGISTRO";"Entrada inopinada do pedestre";"Atropelamento de Pedestre";"Com Vítimas Feridas";"Plena Noite";"Decrescente";"Céu Claro";"Dupla";"Reta";"Não";2;0;0;1;0;1;1;2;-24,47609886;-47,8273532;"SPRF-SP";"DEL05-SP";"UOP01-DEL05-SP"
539705;2023-08-02;"quarta-feira";"02:10:00";"GO";40;95;"CRISTALINA";"Ingestão de álcool pelo condutor";"Colisão traseira";"Com Vítimas Feridas";"Plena Noite";"Decrescente";"Céu Claro";"Simples";"Interseção de Vias";"Sim";3;0;1;0;1;1;1;3;-16,750555;-47,607549;"SPRF-DF";"DEL01-DF";"UOP02-DEL01-DF"
539706;2023-08-02;"quarta-feira";"02:00:00";"MT";70;57;"BARRA DO GARCAS";"Ingestão de álcool pelo condutor";"Colisão traseira";"Com Vítimas Feridas";"Plena Noite";"Decrescente";"Céu Claro";"Simples";"Reta";"Não";3;0;0;1;1;2;1;4;-15,7087872;-52,67042618;"SPRF-MT";"DEL07-MT";"UOP01-DEL07-MT"
539713;2023-08-02;"quarta-feira";"07:15:00";"MG";381;507,3;"SAO JOAQUIM DE BICAS";"Estacionar ou parar em local proibido";"Colisão traseira";"Com Vítimas Feridas";"Pleno dia";"Crescente";"Céu Claro";"Múltipla";"Interseção de Vias;Reta";"Sim";4;0;1;1;1;1;2;3;-20,04201;-44,26335;"SPRF-MG";"DEL04-MG";"UOP03-DEL04-MG"
539718;2023-08-02;"quarta-feira";"07:36:00";"DF";251;48;"BRASILIA";"Avarias e/ou desgaste excessivo no pneu";"Tombamento";"Com Vítimas Feridas";"Pleno dia";"Decrescente";"Céu Claro";"Simples";"Reta";"Não";6;0;2;1;3;0;3;3;-15,948113;-47,845235;"SPRF-DF";"DEL01-DF";"UOP01-DEL01-DF"
539719;2023-05-14;"domingo";"10:15:00";"PR";116;82;"PIRAQUARA";"Velocidade Incompatível";"Colisão transversal";"Com Vítimas Feridas";"Pleno dia";"Decrescente";"Céu Claro";"Dupla";"Reta";"Não";3;0;0;1;1;4;1;6;-25,41543703;-49,06759143;"SPRF-PR";"DEL01-PR";"UOP07-DEL01-PR"
539720;2023-08-02;"quarta-feira";"05:00:00";"BA";407;4;"JUAZEIRO";"Condutor deixou de manter distância do veículo da frente";"Colisão traseira";"Com Vítimas Feridas";"Amanhecer";"Decrescente";"Garoa/Chuvisco";"Simples";"Reta";"Sim";4;0;2;0;1;1;2;3;-9,43957495;-40,49433089;"SPRF-PE";"DEL06-PE";"UOP01-DEL06-PE"
539721;2023-08-02;"quarta-feira";"07:20:00";"PR";277;107;"CAMPO LARGO";"Ausência de reação do condutor";"Colisão traseira";"Com Vítimas Feridas";"Pleno dia";"Decrescente";"Céu Claro";"Dupla";"Reta";"Sim";3;0;1;1;1;0;2;2;-25,436864;-49,4439;"SPRF-PR";"DEL03-PR";"UOP03-DEL03-PR"
539722;2023-08-02;"quarta-feira";"05:00:00";"SP";116;290;"ITAPECERICA DA SERRA";"Ausência de reação do condutor";"Tombamento";"Sem Vítimas";"Amanhecer";"Crescente";"Nevoeiro/Neblina";"Dupla";"Interseção de Vias;Reta";"Não";1;0;0;0;1;0;0;1;-23,7303281;-46,89425963;"SPRF-SP";"DEL04-SP";"UOP01-DEL04-SP"
539729;2023-08-02;"quarta-feira";"07:15:00";"SP";381;64;"MAIRIPORA";"Demais falhas mecânicas ou elétricas";"Colisão traseira";"Com Vítimas Feridas";"Pleno dia";"Crescente";"Nevoeiro/Neblina";"Dupla";"Curva;Declive";"Sim";3;0;1;0;2;0;1;3;-23,3089645;-46,57924651;"SPRF-SP";"DEL03-SP";"UOP01-DEL03-SP"
539730;2023-08-02;"quarta-feira";"08:20:00";"SP";116;134,5;"SAO JOSE DOS CAMPOS";"Velocidade Incompatível";"Engavetamento";"Com Vítimas Feridas";"Pleno dia";"Crescente";"Céu Claro";"Dupla";"Reta;Aclive";"Não";4;0;1;0;2;2;1;5;-23,1402216;-45,7617252;"SPRF-SP";"DEL02-SP";"UOP01-DEL02-SP"
539733;2023-08-02;"quarta-feira";"08:30:00";"RJ";101;38;"CAMPOS DOS GOYTACAZES";"Mal súbito do condutor";"Saída de leito carroçável";"Com Vítimas Feridas";"Pleno dia";"Decrescente";"Céu Claro";"Simples";"Reta";"Não";1;0;0;1;0;0;1;1;-21,53334973;-41,3404255;"SPRF-RJ";"DEL08-RJ";"UOP01-DEL08-RJ"
539734;2023-08-02;"quarta-feira";"07:40:00";"SC";101;167;"TIJUCAS";"Manobra de mudança de faixa";"Colisão lateral mesmo sentido";"Com Vítimas Feridas";"Pleno dia";"Decrescente";"Sol";"Dupla";"Reta";"Não";3;0;1;0;1;1;1;3;-27,27029501;-48,63176618;"SPRF-SC";"DEL04-SC";"UOP03-DEL04-SC"
539735;2023-07-18;"terça-feira";"04:55:00";"RS";392;319;"SAO SEPE";"Reação tardia ou ineficiente do condutor";"Colisão lateral mesmo sentido";"Sem Vítimas";"Plena Noite";"Decrescente";"Céu Claro";"Simples";"Reta";"Sim";3;0;0;0;1;3;0;4;-29,99814396;-53,68536406;"SPRF-RS";"DEL09-RS";"UOP01-DEL09-RS"
539739;2023-08-02;"quarta-feira";"05:10:00";"BA";407;230;"CAPIM GROSSO";"Reação tardia ou ineficiente do condutor";"Colisão traseira";"Com Vítimas Feridas";"Amanhecer";"Crescente";"Chuva";"Simples";"Reta";"Sim";3;0;1;0;2;0;1;2;-11,35597598;-40,01403164;"SPRF-BA";"DEL04-BA";"UOP02-DEL04-BA"
539745;2023-08-01;"terça-feira";"06:00:00";"MT";70;230;"PRIMAVERA DO LESTE";"Demais falhas mecânicas ou elétricas";"Incêndio";"Sem Vítimas";"Pleno dia";"Decrescente";"Céu Claro";"Simples";"Reta";"Não";2;0;0;0;1;1;0;2;-15,5648;-54,3064064;"SPRF-MT";"DEL05-MT";"UOP01-DEL05-MT"
539747;2023-08-02;"quarta-feira";"09:00:00";"BA";324;580;"CANDEIAS";"Acessar a via sem observar a presença dos outros veículos";"Atropelamento de Pedestre";"Com Vítimas Fatais";"Pleno dia";"Decrescente";"Céu Claro";"Dupla";"Reta";"Sim";2;1;0;0;0;1;0;2;-12,59913862;-38,50896481;"SPRF-BA";"DEL01-BA";"UOP01-DEL01-BA"
539750;2023-08-02;"quarta-feira";"08:05:00";"RJ";116;331,8;"ITATIAIA";"Manobra de mudança de faixa";"Colisão lateral mesmo sentido";"Com Vítimas Feridas";"Pleno dia";"Decrescente";"Nevoeiro/Neblina";"Dupla";"Aclive;Reta";"Não";3;0;1;0;2;0;1;2;-22,50415169;-44,6259809;"SPRF-RJ";"DEL07-RJ";"UOP02-DEL07-RJ"
539752;2023-08-02;"quarta-feira";"09:30:00";"CE";116;29;"ITAITINGA";"Carga excessiva e/ou mal acondicionada";"Derramamento de carga";"Sem Vítimas";"Pleno dia";"Crescente";"Céu Claro";"Dupla";"Reta";"Sim";3;0;0;0;2;2;0;4;-4,00202799;-38,51692006;"SPRF-CE";"DEL01-CE";"UOP02-DEL01-CE"
539754;2023-08-02;"quarta-feira";"07:45:00";"SC";280;230,9;"PORTO UNIAO";"Ultrapassagem Indevida";"Colisão frontal";"Com Vítimas Feridas";"Amanhecer";"Decrescente";"Nevoeiro/Neblina";"Simples";"Reta";"Não";2;0;1;0;1;0;1;2;-26,28402667;-51,02540016;"SPRF-SC";"DEL06-SC";"UOP04-DEL06-SC"
539756;2023-08-02;"quarta-feira";"10:30:00";"SC";101;111;"ITAJAI";"Condutor deixou de manter distância do veículo da frente";"Colisão traseira";"Com Vítimas Feridas";"Pleno dia";"Crescente";"Céu Claro";"Dupla";"Ponte";"Sim";3;0;0;2;1;0;2;2;-26,83955734;-48,71418074;"SPRF-SC";"DEL04-SC";"UOP04-DEL04-SC"
539759;2023-07-28;"sexta-feira";"04:45:00";"PR";277;590,1;"CASCAVEL";"Ultrapassagem Indevida";"Colisão frontal";"Com Vítimas Feridas";"Plena Noite";"Crescente";"Chuva";"Simples";"Interseção de Vias;Reta";"Sim";5;0;0;2;2;1;2;3;-24,98120697;-53,45591501;"SPRF-PR";"DEL04-PR";"UOP01-DEL04-PR"
539763;2023-08-02;"quarta-feira";"12:00:00";"ES";101;149;"LINHARES";"Entrada inopinada do pedestre";"Atropelamento de Pedestre";"Com Vítimas Feridas";"Pleno dia";"Decrescente";"Céu Claro";"Dupla";"Reta";"Sim";2;0;0;1;1;0;1;2;-19,39619083;-40,06435871;"SPRF-ES";"DEL04-ES";"UOP01-DEL04-ES"
539770;2023-08-02;"quarta-feira";"12:30:00";"PB";104;136,4;"QUEIMADAS";"Reação tardia ou ineficiente do condutor";"Colisão traseira";"Com Vítimas Feridas";"Pleno dia";"Decrescente";"Céu Claro";"Simples";"Reta";"Não";2;0;1;0;1;0;1;2;-7,34336909;-35,89968752;"SPRF-PB";"DEL02-PB";"UOP03-DEL02-PB"
539776;2023-08-02;"quarta-feira";"14:00:00";"RJ";116;169;"RIO DE JANEIRO";"Condutor deixou de manter distância do veículo da frente";"Colisão traseira";"Sem Vítimas";"Pleno dia";"Decrescente";"Céu Claro";"Dupla";"Reta";"Sim";3;0;0;0;3;0;0;2;-22,816206;-43,324463;"SPRF-RJ";"DEL01-RJ";"UOP02-DEL01-RJ"
539777;2023-04-28;"sexta-feira";"10:50:00";"CE";222;201,7;"FORQUILHA";"Velocidade Incompatível";"Tombamento";"Com Vítimas Feridas";"Pleno dia";"Crescente";"Céu Claro";"Simples";"Curva";"Não";2;0;0;1;0;1;1;2;-3,79402683;-40,21841314;"SPRF-CE";"DEL04-CE";"UOP01-DEL04-CE"
539778;2023-08-02;"quarta-feira";"12:30:00";"RS";472;144,8;"TRES DE MAIO";"Reação tardia ou ineficiente do condutor";"Engavetamento";"Com Vítimas Feridas";"Pleno dia";"Crescente";"Céu Claro";"Simples";"Reta;Ponte";"Não";10;0;3;0;6;1;3;7;-27,77249413;-54,35811996;"SPRF-RS";"DEL10-RS";"UOP01-DEL10-RS"
539786;2023-08-02;"quarta-feira";"13:15:00";"MS";163;252;"DOURADOS";"Condutor deixou de manter distância do veículo da frente";"Colisão traseira";"Com Vítimas Feridas";"Pleno dia";"Decrescente";"Céu Claro";"Simples";"Reta";"Não";4;0;2;0;1;3;2;6;-22,28788183;-54,82182116;"SPRF-MS";"DEL04-MS";"UOP02-DEL04-MS"
539787;2023-08-02;"quarta-feira";"14:10:00";"SC";101;271,8;"IMBITUBA";"Demais falhas mecânicas ou elétricas";"Incêndio";"Sem Vítimas";"Pleno dia";"Crescente";"Céu Claro";"Múltipla";"Reta";"Não";1;0;0;0;1;0;0;1;-28,12119568;-48,69760752;"SPRF-SC";"DEL02-SC";"UOP03-DEL02-SC"
539788;2023-08-02;"quarta-feira";"08:40:00";"MT";163;574;"DIAMANTINO";"Manobra de mudança de faixa";"Colisão traseira";"Com Vítimas Feridas";"Pleno dia";"Decrescente";"Céu Claro";"Dupla";"Declive;Curva";"Não";3;0;1;0;1;4;1;6;-14,13148636;-56,10995832;"SPRF-MT";"DEL01-MT";"UOP01-DEL01-MT"
539791;2023-08-02;"quarta-feira";"14:10:00";"RJ";40;117;"DUQUE DE CAXIAS";"Condutor deixou de manter distância do veículo da frente";"Colisão lateral mesmo sentido";"Com Vítimas Feridas";"Pleno dia";"Crescente";"Céu Claro";"Múltipla";"Reta";"Não";2;0;1;0;1;0;1;2;-22,745676;-43,2881;"SPRF-RJ";"DEL01-RJ";"UOP01-DEL01-RJ"
539793;2023-08-02;"quarta-feira";"13:30:00";"SC";158;109;"CUNHA PORA";"Demais falhas mecânicas ou elétricas";"Atropelamento de Pedestre";"Com Vítimas Feridas";"Pleno dia";"Decrescente";"Sol";"Simples";"Curva";"Sim";3;0;0;1;1;3;1;5;-26,88547373;-53,17471862;"SPRF-SC";"DEL07-SC";"UOP02-DEL07-SC"
539795;2023-08-02;"quarta-feira";"14:00:00";"MT";163;617;"NOVA MUTUM";"Acessar a via sem observar a presença dos outros veículos";"Colisão transversal";"Com Vítimas Feridas";"Pleno dia";"Crescente";"Céu Claro";"Simples";"Reta";"Não";5;0;2;0;2;4;2;7;-13,761484;-56,05323601;"SPRF-MT";"DEL01-MT";"UOP01-DEL01-MT"
539796;2023-07-31;"segunda-feira";"12:35:00";"MS";267;470,7;"GUIA LOPES DA LAGUNA";"Carga excessiva e/ou mal acondicionada";"Colisão com objeto";"Sem Vítimas";"Pleno dia";"Crescente";"Céu Claro";"Simples";"Reta";"Não";1;0;0;0;1;0;0;1;-21,42336869;-56,06329679;"SPRF-MS";"DEL05-MS";"UOP01-DEL05-MS"
539799;2023-08-02;"quarta-feira";"13:40:00";"BA";101;421,3;"IBIRAPITANGA";"Curva acentuada";"Tombamento";"Com Vítimas Fatais";"Pleno dia";"Crescente";"Céu Claro";"Simples";"Curva";"Não";3;1;1;0;0;2;1;4;-14,136389;-39,358244;"SPRF-BA";"DEL05-BA";"UOP03-DEL05-BA"
539802;2023-08-02;"quarta-feira";"14:45:00";"BA";324;0,8;"FEIRA DE SANTANA";"Acessar a via sem observar a presença dos outros veículos";"Colisão lateral mesmo sentido";"Com Vítimas Feridas";"Pleno dia";"Decrescente";"Garoa/Chuvisco";"Dupla";"Curva";"Sim";3;0;1;0;1;1;1;3;-12,28099926;-38,94348439;"SPRF-BA";"DEL02-BA";"UOP01-DEL02-BA"
539804;2023-08-02;"quarta-feira";"15:00:00";"ES";101;318,9;"VILA VELHA";"Manobra de mudança de faixa";"Colisão lateral mesmo sentido";"Sem Vítimas";"Pleno dia";"Decrescente";"Céu Claro";"Dupla";"Aclive";"Não";5;0;0;0;5;0;0;2;-20,49468895;-40,47662771;"SPRF-ES";"DEL01-ES";"UOP01-DEL01-ES"
539809;2023-08-02;"quarta-feira";"15:15:00";"RS";290;302;"CACHOEIRA DO SUL";"Condutor deixou de manter distância do veículo da frente";"Engavetamento";"Com Vítimas Feridas";"Pleno dia";"Crescente";"Céu Claro";"Simples";"Aclive;Reta";"Não";4;0;0;1;2;3;1;6;-30,321455;-53,228436;"SPRF-RS";"DEL09-RS";"UOP02-DEL09-RS"
539810;2023-08-02;"quarta-feira";"10:00:00";"MT";163;613;"NOVA MUTUM";"Ausência de reação do condutor";"Colisão traseira";"Com Vítimas Feridas";"Pleno dia";"Decrescente";"Céu Claro";"Simples";"Reta";"Não";3;0;1;0;1;4;1;6;-13,79479843;-56,06675191;"SPRF-MT";"DEL01-MT";"UOP01-DEL01-MT"
539814;2023-07-14;"sexta-feira";"22:12:00";"MT";158;558;"AGUA BOA";"Condutor Dormindo";"Saída de leito carroçável";"Com Vítimas Feridas";"Plena Noite";"Crescente";"Céu Claro";"Simples";"Reta";"Não";2;0;1;0;0;2;1;3;-13,97297931;-52,12824861;"SPRF-MT";"DEL07-MT";"UOP02-DEL07-MT"
539815;2023-08-02;"quarta-feira";"16:15:00";"PR";116;100;"SAO JOSE DOS PINHAIS";"Demais falhas mecânicas ou elétricas";"Incêndio";"Sem Vítimas";"Pleno dia";"Decrescente";"Céu Claro";"Dupla";"Reta";"Não";2;0;0;0;1;1;0;2;-25,56656687;-49,16829548;"SPRF-PR";"DEL01-PR";"UOP07-DEL01-PR"
539817;2023-08-02;"quarta-feira";"16:55:00";"SC";101;246,9;"PAULO LOPES";"Manobra de mudança de faixa";"Colisão lateral mesmo sentido";"Com Vítimas Feridas";"Pleno dia";"Crescente";"Céu Claro";"Dupla";"Retorno Regulamentado";"Não";5;0;1;0;4;0;1;2;-27,91761705;-48,65368903;"SPRF-SC";"DEL02-SC";"UOP03-DEL02-SC"
539818;2023-08-02;"quarta-feira";"12:55:00";"PA";10;176;"PARAGOMINAS";"Ausência de reação do condutor";"Tombamento";"Sem Vítimas";"Pleno dia";"Crescente";"Céu Claro";"Simples";"Rotatória";"Não";1;0;0;0;0;1;0;1;-2,89433295;-47,4335408;"SPRF-PA";"DEL02-PA";"UOP01-DEL02-PA"
539822;2023-08-02;"quarta-feira";"09:50:00";"CE";222;63;"SAO GONCALO DO AMARANTE";"Acessar a via sem observar a presença dos outros veículos";"Colisão lateral mesmo sentido";"Sem Vítimas";"Pleno dia";"Decrescente";"Céu Claro";"Dupla";"Reta";"Sim";2;0;0;0;2;0;0;2;-3,6717776;-39,10726798;"SPRF-CE";"DEL01-CE";"UOP03-DEL01-CE"
539823;2023-08-02;"quarta-feira";"16:50:00";"PR";277;597,8;"CASCAVEL";"Ingestão de álcool pelo condutor";"Colisão transversal";"Com Vítimas Feridas";"Pleno dia";"Crescente";"Céu Claro";"Dupla";"Retorno Regulamentado";"Sim";3;0;1;0;1;2;1;4;-24,99599861;-53,51520034;"SPRF-PR";"DEL04-PR";"UOP01-DEL04-PR"
539827;2023-08-02;"quarta-feira";"14:10:00";"MT";364;574;"NOBRES";"Problema com o freio";"Tombamento";"Com Vítimas Feridas";"Pleno dia";"Decrescente";"Céu Claro";"Dupla";"Declive";"Não";2;0;1;0;0;2;1;3;-14,69987761;-56,31727433;"SPRF-MT";"DEL01-MT";"UOP01-DEL01-MT"
539833;2023-08-02;"quarta-feira";"13:30:00";"PR";376;364;"ORTIGUEIRA";"Ausência de reação do condutor";"Colisão traseira";"Sem Vítimas";"Pleno dia";"Crescente";"Céu Claro";"Simples";"Reta";"Não";3;0;0;0;1;4;0;5;-24,33855503;-50,83188503;"SPRF-PR";"DEL07-PR";"UOP02-DEL07-PR"
539835;2023-08-02;"quarta-feira";"17:00:00";"MG";365;24,8;"MONTES CLAROS";"Condutor Dormindo";"Saída de leito carroçável";"Com Vítimas Feridas";"Anoitecer";"Decrescente";"Céu Claro";"Simples";"Reta";"Não";2;0;1;0;0;2;1;3;-16,85651501;-44,052111;"SPRF-MG";"DEL12-MG";"UOP01-DEL12-MG"
539836;2023-07-02;"domingo";"06:45:00";"MG";153;86,1;"PRATA";"Condutor Dormindo";"Colisão lateral sentido oposto";"Com Vítimas Fatais";"Pleno dia";"Decrescente";"Céu Claro";"Simples";"Reta";"Não";3;1;0;0;1;2;0;4;-19,10959519;-48,97442725;"SPRF-MG";"DEL15-MG";"UOP03-DEL15-MG"
539841;2023-07-23;"domingo";"16:50:00";"AM";230;638;"HUMAITA";"Demais falhas mecânicas ou elétricas";"Saída de leito carroçável";"Com Vítimas Feridas";"Pleno dia";"Crescente";"Sol";"Simples";"Curva";"Não";1;0;1;0;0;0;1;1;-7,58547525;-63,23313216;"SPRF-AM";"DEL01-AM";"UOP05-DEL01-AM"
539844;2023-07-11;"terça-feira";"14:20:00";"GO";60;387;"RIO VERDE";"Velocidade Incompatível";"Colisão traseira";"Com Vítimas Feridas";"Pleno dia";"Crescente";"Céu Claro";"Dupla";"Reta";"Sim";7;0;2;1;3;2;3;6;-17,8098;-50,9267;"SPRF-GO";"DEL04-GO";"UOP02-DEL04-GO"
539855;2023-08-02;"quarta-feira";"20:20:00";"PR";476;325;"PAULA FREITAS";"Transitar na contramão";"Colisão frontal";"Com Vítimas Feridas";"Plena Noite";"Crescente";"Céu Claro";"Simples";"Reta";"Não";2;0;2;0;0;0;2;2;-26,091063;-50,771263;"SPRF-PR";"DEL02-PR";"UOP03-DEL02-PR"
539861;2023-08-02;"quarta-feira";"19:30:00";"RJ";116;76;"TERESOPOLIS";"Transitar na contramão";"Colisão frontal";"Com Vítimas Feridas";"Plena Noite";"Decrescente";"Céu Claro";"Simples";"Curva";"Sim";2;0;0;1;1;0;1;2;-22,36124312;-42,94876288;"SPRF-RJ";"DEL04-RJ";"UOP01-DEL04-RJ"
539863;2023-08-02;"quarta-feira";"19:36:00";"TO";153;665;"GURUPI";"Condutor deixou de manter distância do veículo da frente";"Colisão lateral mesmo sentido";"Sem Vítimas";"Plena Noite";"Decrescente";"Céu Claro";"Simples";"Reta";"Não";3;0;0;0;2;1;0;3;-11,66591706;-49,06217382;"SPRF-TO";"DEL01-TO";"UOP02-DEL01-TO"
539873;2023-07-20;"quinta-feira";"11:30:00";"MT";364;17;"ALTO ARAGUAIA";"Fumaça";"Incêndio";"Sem Vítimas";"Pleno dia";"Decrescente";"Céu Claro";"Simples";"Reta";"Não";2;0;0;0;1;1;0;2;-17,22241104;-53,3245262;"SPRF-MT";"DEL02-MT";"UOP02-DEL02-MT"
539874;2023-08-02;"quarta-feira";"21:10:00";"CE";222;59,1;"SAO GONCALO DO AMARANTE";"Frear bruscamente";"Colisão traseira";"Com Vítimas Feridas";"Plena Noite";"Crescente";"Céu Claro";"Simples";"Reta";"Sim";6;0;1;0;5;0;1;2;-3,67053434;-39,07182499;"SPRF-CE";"DEL01-CE";"UOP03-DEL01-CE"
539880;2023-08-02;"quarta-feira";"23:00:00";"MG";381;369;"SAO GONCALO DO RIO ABAIXO";"Reação tardia ou ineficiente do condutor";"Tombamento";"Com Vítimas Feridas";"Plena Noite";"Decrescente";"Céu Claro";"Simples";"Curva";"Não";3;0;2;0;0;1;2;2;-19,85129538;-43,29305902;"SPRF-MG";"DEL03-MG";"UOP01-DEL03-MG"
539881;2023-08-03;"quinta-feira";"01:00:00";"RJ";393;144;"SAPUCAIA";"Velocidade Incompatível";"Colisão frontal";"Com Vítimas Feridas";"Plena Noite";"Crescente";"Céu Claro";"Simples";"Curva;Aclive";"Não";4;0;1;1;1;1;2;3;-22,02958854;-42,9801137;"SPRF-RJ";"DEL05-RJ";"UOP01-DEL05-RJ"
539884;2023-08-02;"quarta-feira";"21:15:00";"PB";412;128,9;"SUME";"Acessar a via sem observar a presença dos outros veículos";"Colisão transversal";"Com Vítimas Feridas";"Plena Noite";"Decrescente";"Céu Claro";"Simples";"Reta";"Não";4;0;2;0;1;1;2;2;-7,787073;-37,012352;"SPRF-PB";"DEL02-PB";"UOP02-DEL02-PB"
539887;2023-08-03;"quinta-feira";"01:30:00";"MG";459;31;"CALDAS";"Carga excessiva e/ou mal acondicionada";"Derramamento de carga";"Com Vítimas Feridas";"Plena Noite";"Decrescente";"Céu Claro";"Simples";"Curva";"Não";1;0;0;1;0;0;1;1;-21,924654;-46,368149;"SPRF-MG";"DEL09-MG";"UOP01-DEL09-MG"
539892;2023-08-03;"quinta-feira";"03:40:00";"SP";116;111,4;"TAUBATE";"Manobra de mudança de faixa";"Colisão lateral mesmo sentido";"Com Vítimas Feridas";"Plena Noite";"Crescente";"Céu Claro";"Dupla";"Reta";"Não";2;0;1;0;0;1;1;2;-23,03887149;-45,56097419;"SPRF-SP";"DEL02-SP";"UOP02-DEL02-SP"
539894;2023-08-03;"quinta-feira";"04:00:00";"SC";116;125,4;"SANTA CECILIA";"Condutor deixou de manter distância do veículo da frente";"Colisão traseira";"Com Vítimas Feridas";"Plena Noite";"Crescente";"Céu Claro";"Simples";"Reta";"Não";4;0;1;0;2;2;1;5;-26,859087;-50,40431503;"SPRF-SC";"DEL06-SC";"UOP02-DEL06-SC"
539904;2023-08-03;"quinta-feira";"07:15:00";"PB";230;252;"JUAZEIRINHO";"Desrespeitar a preferência no cruzamento";"Colisão transversal";"Com Vítimas Feridas";"Pleno dia";"Crescente";"Céu Claro";"Simples";"Reta";"Não";3;0;0;1;1;2;1;4;-7,0468;-36,6581;"SPRF-PB";"DEL03-PB";"UOP01-DEL03-PB"
539910;2023-08-03;"quinta-feira";"08:00:00";"PB";230;23;"JOAO PESSOA";"Ausência de reação do condutor";"Colisão traseira";"Com Vítimas Feridas";"Pleno dia";"Decrescente";"Céu Claro";"Dupla";"Reta";"Sim";3;0;1;0;1;2;1;4;-7,1562;-34,8574;"SPRF-PB";"DEL01-PB";"UOP01-DEL01-PB"
539916;2023-08-03;"quinta-feira";"08:17:00";"SP";116;286;"ITAPECERICA DA SERRA";"Reação tardia ou ineficiente do condutor";"Colisão traseira";"Com Vítimas Feridas";"Pleno dia";"Decrescente";"Sol";"Dupla";"Reta";"Sim";4;0;2;0;1;1;2;3;-23,70925128;-46,87588966;"SPRF-SP";"DEL04-SP";"UOP01-DEL04-SP"
539922;2023-08-03;"quinta-feira";"09:40:00";"SE";101;3;"PROPRIA";"Acessar a via sem observar a presença dos outros veículos";"Colisão lateral mesmo sentido";"Com Vítimas Feridas";"Pleno dia";"Decrescente";"Céu Claro";"Dupla";"Interseção de Vias;Viaduto";"Sim";3;0;1;1;1;0;2;2;-10,23035888;-36,83992624;"SPRF-SE";"DEL02-SE";"UOP02-DEL02-SE"
539923;2023-08-03;"quinta-feira";"08:25:00";"RS";392;350;"SANTA MARIA";"Acessar a via sem observar a presença dos outros veículos";"Colisão transversal";"Sem Vítimas";"Pleno dia";"Crescente";"Céu Claro";"Simples";"Em Obras;Interseção de Vias;Reta";"Sim";2;0;0;0;2;0;0;2;-29,73468177;-53,7988472;"SPRF-RS";"DEL09-RS";"UOP01-DEL09-RS"
539927;2023-08-03;"quinta-feira";"08:40:00";"PR";116;99,9;"SAO JOSE DOS PINHAIS";"Ausência de reação do condutor";"Colisão traseira";"Com Vítimas Feridas";"Pleno dia";"Crescente";"Céu Claro";"Dupla";"Reta";"Não";4;0;1;0;3;0;1;4;-25,56536557;-49,16234493;"SPRF-PR";"DEL01-PR";"UOP07-DEL01-PR"
539928;2023-07-20;"quinta-feira";"22:50:00";"PR";376;366;"ORTIGUEIRA";"Ultrapassagem Indevida";"Colisão frontal";"Com Vítimas Fatais";"Plena Noite";"Decrescente";"Nublado";"Simples";"Curva";"Não";2;1;0;0;1;0;0;2;-24,291454;-50,877146;"SPRF-PR";"DEL07-PR";"UOP02-DEL07-PR"