"id";"data_inversa";"dia_semana";"horario";"uf";"br";"km";"municipio";"causa_acidente";"tipo_acidente";"classificacao_acidente";"fase_dia";"sentido_via";"condicao_metereologica";"tipo_pista";"tracado_via";"uso_solo";"pessoas";"mortos";"feridos_leves";"feridos_graves";"ilesos";"ignorados";"feridos";"veiculos";"latitude";"longitude";"regional";"delegacia";"uop"
539942;2023-08-03;"quinta-feira";"10:50:00";"RJ";101;65;"CAMPOS DOS GOYTACAZES";"Acessar a via sem observar a presença dos outros veículos";"Colisão transversal";"Sem Vítimas";"Pleno dia";"Crescente";"Céu Claro";"Simples";"Reta";"Sim";2;0;0;0;2;0;0;2;-21,75371806;-41,344292;"SPRF-RJ";"DEL08-RJ";"UOP02-DEL08-RJ"
539946;2023-08-03;"quinta-feira";"07:20:00";"RJ";40;80;"PETROPOLIS";"Velocidade Incompatível";"Colisão com objeto";"Com Vítimas Feridas";"Pleno dia";"Crescente";"Céu Claro";"Simples";"Declive;Curva";"Não";1;0;1;0;0;0;1;1;-22,49960234;-43,23085785;"SPRF-RJ";"DEL06-RJ";"UOP01-DEL06-RJ"
539948;2023-08-03;"quinta-feira";"09:40:00";"MT";163;752;"SORRISO";"Ausência de reação do condutor";"Colisão traseira";"Sem Vítimas";"Pleno dia";"Decrescente";"Céu Claro";"Simples";"Desvio Temporário;Em Obras;Reta";"Sim";5;0;0;0;4;3;0;5;-12,64601993;-55,78671414;"SPRF-MT";"DEL06-MT";"UOP01-DEL06-MT"
539951;2023-07-12;"quarta-feira";"19:30:00";"SC";282;401,6;"JOACABA";"Objeto estático sobre o leito carroçável";"Colisão traseira";"Com Vítimas Feridas";"Plena Noite";"Decrescente";"Chuva";"Simples";"Reta;Declive";"Não";4;0;2;0;1;1;2;3;-27,127701;-51,6286;"SPRF-SC";"DEL07-SC";"UOP05-DEL07-SC"
539955;2023-08-03;"quinta-feira";"12:15:00";"SC";470;0,8;"NAVEGANTES";"Transitar na contramão";"Colisão frontal";"Com Vítimas Feridas";"Pleno dia";"Crescente";"Céu Claro";"Dupla";"Reta";"Sim";2;0;0;1;1;0;1;2;-26,88232;-48,66183;"SPRF-SC";"DEL04-SC";"UOP04-DEL04-SC"
539958;2023-08-03;"quinta-feira";"12:00:00";"SP";116;568;"BARRA DO TURVO";"Reação tardia ou ineficiente do condutor";"Colisão com objeto";"Com Vítimas Feridas";"Pleno dia";"Decrescente";"Céu Claro";"Simples";"Curva";"Não";2;0;1;0;0;1;1;2;-25,055473;-48,55555216;"SPRF-SP";"DEL05-SP";"UOP02-DEL05-SP"
539960;2023-08-03;"quinta-feira";"12:35:00";"PR";376;162;"MARINGA";"Velocidade Incompatível";"Colisão traseira";"Com Vítimas Feridas";"Pleno dia";"Crescente";"Céu Claro";"Dupla";"Interseção de Vias;Reta";"Sim";2;0;1;0;1;0;1;2;-23,37710685;-52,04510993;"SPRF-PR";"DEL09-PR";"UOP01-DEL09-PR"
539961;2023-08-03;"quinta-feira";"09:30:00";"MA";10;258;"IMPERATRIZ";"Acesso irregular";"Colisão transversal";"Com Vítimas Feridas";"Pleno dia";"Decrescente";"Céu Claro";"Simples";"Reta";"Sim";2;0;0;1;1;0;1;2;-5,481554;-47,472092;"SPRF-MA";"DEL04-MA";"UOP01-DEL04-MA"
539965;2023-05-03;"quarta-feira";"23:55:00";"MG";381;449;"SANTA LUZIA";"Pedestre andava na pista";"Atropelamento de Pedestre";"Com Vítimas Feridas";"Plena Noite";"Crescente";"Céu Claro";"Simples";"Declive;Reta";"Não";3;0;0;1;1;1;1;3;-19,82616181;-43,83552432;"SPRF-MG";"DEL01-MG";"UOP01-DEL01-MG"
539966;2023-08-03;"quinta-feira";"13:10:00";"MA";135;4;"SAO LUIS";"Reação tardia ou ineficiente do condutor";"Colisão traseira";"Com Vítimas Feridas";"Pleno dia";"Crescente";"Chuva";"Dupla";"Reta";"Não";4;0;1;1;1;1;2;3;-2,53073;-44,3068;"SPRF-MA";"DEL01-MA";"UOP01-DEL01-MA"
539967;2023-08-03;"quinta-feira";"13:50:00";"PR";277;650;"MATELANDIA";"Reação tardia ou ineficiente do condutor";"Engavetamento";"Com Vítimas Feridas";"Pleno dia";"Crescente";"Céu Claro";"Simples";"Aclive;Reta";"Sim";7;0;2;0;4;1;2;4;-25,19035881;-53,93738222;"SPRF-PR";"DEL05-PR";"UOP02-DEL05-PR"
539972;2023-08-03;"quinta-feira";"13:50:00";"PI";135;352;"BOM JESUS";"Ausência de reação do condutor";"Colisão transversal";"Sem Vítimas";"Pleno dia";"Crescente";"Nublado";"Simples";"Curva;Aclive;Interseção de Vias";"Sim";3;0;0;0;2;3;0;5;-9,07686;-44,359858;"SPRF-PI";"DEL03-PI";"UOP02-DEL03-PI"
539973;2023-08-03;"quinta-feira";"09:10:00";"BA";330;888;"UBAITABA";"Demais falhas mecânicas ou elétricas";"Incêndio";"Sem Vítimas";"Pleno dia";"Decrescente";"Céu Claro";"Simples";"Reta";"Não";1;0;0;0;1;0;0;1;-14,24583408;-39,36092799;"SPRF-BA";"DEL05-BA";"UOP01-DEL05-BA"
539977;2023-07-02;"domingo";"14:20:00";"MT";364;39;"ALTO GARCAS";"Manobra de mudança de faixa";"Colisão lateral sentido oposto";"Com Vítimas Fatais";"Pleno dia";"Decrescente";"Sol";"Simples";"Curva";"Não";4;1;1;0;0;4;1;6;-17,09305394;-53,46622478;"SPRF-MT";"DEL02-MT";"UOP02-DEL02-MT"
539978;2023-08-03;"quinta-feira";"13:30:00";"BA";407;4;"JUAZEIRO";"Mal súbito do condutor";"Saída de leito carroçável";"Com Vítimas Feridas";"Pleno dia";"Crescente";"Céu Claro";"Simples";"Em Obras;Reta";"Sim";5;0;1;0;3;1;1;5;-9,43957495;-40,49433089;"SPRF-PE";"DEL06-PE";"UOP01-DEL06-PE"
539980;2023-08-03;"quinta-feira";"15:40:00";"SC";101;117,9;"ITAJAI";"Ausência de reação do condutor";"Colisão traseira";"Com Vítimas Feridas";"Pleno dia";"Decrescente";"Sol";"Dupla";"Reta";"Não";3;0;1;0;1;1;1;3;-26,88747187;-48,72252969;"SPRF-SC";"DEL04-SC";"UOP04-DEL04-SC"
539984;2023-07-14;"sexta-feira";"11:35:00";"ES";101;381,9;"RIO NOVO DO SUL";"Ausência de reação do condutor";"Colisão lateral mesmo sentido";"Sem Vítimas";"Pleno dia";"Crescente";"Nublado";"Simples";"Reta";"Não";4;0;0;0;3;1;0;3;-20,81426791;-40,84094115;"SPRF-ES";"DEL03-ES";"UOP01-DEL03-ES"
539986;2023-08-03;"quinta-feira";"15:30:00";"GO";414;307,8;"VILA PROPICIO";"Reação tardia ou ineficiente do condutor";"Colisão transversal";"Com Vítimas Feridas";"Pleno dia";"Crescente";"Céu Claro";"Simples";"Declive";"Não";4;0;2;0;1;1;2;3;-15,20091703;-48,70185812;"SPRF-GO";"DEL02-GO";"UOP01-DEL02-GO"
539997;2023-08-03;"quinta-feira";"13:00:00";"MG";40;618,5;"CONGONHAS";"Velocidade Incompatível";"Tombamento";"Com Vítimas Feridas";"Pleno dia";"Decrescente";"Sol";"Simples";"Retorno Regulamentado;Curva";"Não";2;0;1;0;0;2;1;3;-20,569697;-43,811829;"SPRF-MG";"DEL05-MG";"UOP02-DEL05-MG"
540008;2023-08-03;"quinta-feira";"11:00:00";"MG";267;287;"BAEPENDI";"Velocidade Incompatível";"Tombamento";"Com Vítimas Feridas";"Pleno dia";"Decrescente";"Céu Claro";"Simples";"Curva";"Não";2;0;1;0;0;1;1;2;-21,92806706;-44,78614808;"SPRF-MG";"DEL17-MG";"UOP01-DEL17-MG"
540010;2023-08-03;"quinta-feira";"15:45:00";"GO";60;48;"ALEXANIA";"Reação tardia ou ineficiente do condutor";"Colisão traseira";"Com Vítimas Feridas";"Pleno dia";"Crescente";"Céu Claro";"Dupla";"Aclive;Reta";"Não";4;0;1;0;2;1;1;3;-16,1529;-48,6109;"SPRF-GO";"DEL02-GO";"UOP01-DEL02-GO"
540011;2023-08-03;"quinta-feira";"17:30:00";"BA";324;616,8;"SALVADOR";"Trafegar com motocicleta (ou similar) entre as faixas";"Colisão lateral mesmo sentido";"Com Vítimas Feridas";"Anoitecer";"Decrescente";"Céu Claro";"Múltipla";"Reta";"Sim";4;0;1;0;1;2;1;4;-12,89096321;-38,44474554;"SPRF-BA";"DEL01-BA";"UOP01-DEL01-BA"
540016;2023-08-03;"quinta-feira";"15:52:00";"CE";222;299;"TIANGUA";"Problema com o freio";"Tombamento";"Com Vítimas Feridas";"Pleno dia";"Decrescente";"Céu Claro";"Simples";"Curva";"Não";2;0;0;1;0;2;1;3;-3,65543602;-40,93356192;"SPRF-CE";"DEL04-CE";"UOP02-DEL04-CE"
540018;2023-08-03;"quinta-feira";"18:20:00";"SC";280;8,9;"SAO FRANCISCO DO SUL";"Ausência de reação do condutor";"Colisão traseira";"Com Vítimas Feridas";"Plena Noite";"Crescente";"Céu Claro";"Simples";"Reta";"Não";3;0;1;0;1;1;1;3;-26,27887292;-48,64668626;"SPRF-SC";"DEL03-SC";"UOP03-DEL03-SC"
540019;2023-08-03;"quinta-feira";"17:30:00";"RO";364;12,1;"VILHENA";"Manobra de mudança de faixa";"Colisão lateral mesmo sentido";"Sem Vítimas";"Pleno dia";"Crescente";"Céu Claro";"Simples";"Interseção de Vias";"Não";2;0;0;0;2;0;0;2;-12,74370233;-60,12147609;"SPRF-RO";"DEL04-RO";"UOP01-DEL04-RO"
540022;2023-08-03;"quinta-feira";"14:00:00";"PB";101;123;"CAAPORA";"Demais falhas mecânicas ou elétricas";"Colisão com objeto";"Sem Vítimas";"Pleno dia";"Decrescente";"Sol";"Dupla";"Reta;Aclive";"Não";2;0;0;0;1;1;0;2;-7,45909075;-34,98049935;"SPRF-PB";"DEL01-PB";"UOP02-DEL01-PB"
540024;2023-08-03;"quinta-feira";"16:45:00";"SC";282;59,4;"IRANI";"Desrespeitar a preferência no cruzamento";"Colisão transversal";"Com Vítimas Feridas";"Anoitecer";"Decrescente";"Céu Claro";"Simples";"Interseção de Vias;Rotatória";"Não";4;0;0;2;1;1;2;3;-26,96962916;-51,85410267;"SPRF-SC";"DEL01-SC";"UOP03-DEL01-SC"
540028;2023-08-03;"quinta-feira";"19:05:00";"SC";101;206;"SAO JOSE";"Manobra de mudança de faixa";"Colisão traseira";"Com Vítimas Feridas";"Pleno dia";"Crescente";"Céu Claro";"Múltipla";"Reta";"Sim";5;0;1;0;1;3;1;5;-27,59193546;-48,61824557;"SPRF-SC";"DEL01-SC";"UOP01-DEL01-SC"
540033;2023-08-03;"quinta-feira";"17:30:00";"RS";386;42;"FREDERICO WESTPHALEN";"Acessar a via sem observar a presença dos outros veículos";"Colisão transversal";"Com Vítimas Feridas";"Anoitecer";"Crescente";"Céu Claro";"Simples";"Interseção de Vias;Reta";"Sim";4;0;0;2;1;1;2;3;-27,420906;-53,42049;"SPRF-RS";"DEL08-RS";"UOP02-DEL08-RS"
540034;2023-08-03;"quinta-feira";"16:20:00";"MG";262;470,5;"BOM DESPACHO";"Velocidade Incompatível";"Colisão frontal";"Com Vítimas Fatais";"Pleno dia";"Crescente";"Céu Claro";"Simples";"Curva";"Não";3;1;0;0;1;1;0;3;-19,78651123;-45,17550886;"SPRF-MG";"DEL08-MG";"UOP03-DEL08-MG"
540042;2023-08-03;"quinta-feira";"20:30:00";"ES";101;231;"FUNDAO";"Pedestre cruzava a pista fora da faixa";"Atropelamento de Pedestre";"Com Vítimas Feridas";"Plena Noite";"Crescente";"Céu Claro";"Simples";"Reta";"Não";3;0;0;1;1;1;1;3;-19,94425773;-40,40662323;"SPRF-ES";"DEL02-ES";"UOP01-DEL02-ES"
540043;2023-08-03;"quinta-feira";"20:05:00";"SP";381;1,1;"VARGEM";"Objeto estático sobre o leito carroçável";"Colisão traseira";"Sem Vítimas";"Plena Noite";"Crescente";"Céu Claro";"Dupla";"Reta";"Não";3;0;0;0;3;0;0;3;-22,88146043;-46,38105397;"SPRF-SP";"DEL03-SP";"UOP02-DEL03-SP"
540046;2023-08-03;"quinta-feira";"20:50:00";"ES";262;40,8;"DOMINGOS MARTINS";"Reação tardia ou ineficiente do condutor";"Colisão com objeto";"Com Vítimas Fatais";"Plena Noite";"Crescente";"Céu Claro";"Dupla";"Aclive;Reta";"Não";2;1;0;0;1;0;0;2;-20,38395807;-40,63664401;"SPRF-ES";"DEL01-ES";"UOP01-DEL01-ES"
540048;2023-08-03;"quinta-feira";"18:30:00";"RJ";40;124;"DUQUE DE CAXIAS";"Reação tardia ou ineficiente do condutor";"Colisão lateral mesmo sentido";"Sem Vítimas";"Plena Noite";"Crescente";"Céu Claro";"Múltipla";"Reta";"Não";2;0;0;0;2;0;0;2;-22,807953;-43,289124;"SPRF-RJ";"DEL01-RJ";"UOP01-DEL01-RJ"
540049;2023-08-03;"quinta-feira";"16:20:00";"PR";277;442,1;"LARANJEIRAS DO SUL";"Demais falhas mecânicas ou elétricas";"Saída de leito carroçável";"Sem Vítimas";"Pleno dia";"Decrescente";"Céu Claro";"Simples";"Declive;Curva";"Não";2;0;0;0;1;2;0;3;-25,37458072;-52,2742009;"SPRF-PR";"DEL04-PR";"UOP02-DEL04-PR"
540052;2023-07-19;"quarta-feira";"08:40:00";"PI";135;555;"SAO GONCALO DO GURGUEIA";"Transitar na contramão";"Colisão frontal";"Com Vítimas Fatais";"Pleno dia";"Decrescente";"Sol";"Simples";"Declive;Curva";"Não";2;1;1;0;0;0;1;2;-10,13468727;-45,2085483;"SPRF-PI";"DEL03-PI";"UOP02-DEL03-PI"
540054;2023-08-03;"quinta-feira";"20:35:00";"RO";364;519;"ARIQUEMES";"Acessar a via sem observar a presença dos outros veículos";"Colisão transversal";"Com Vítimas Feridas";"Plena Noite";"Crescente";"Céu Claro";"Simples";"Reta";"Sim";3;0;0;1;1;1;1;3;-9,88869603;-63,05672846;"SPRF-RO";"DEL03-RO";"UOP01-DEL03-RO"
540056;2023-08-03;"quinta-feira";"21:35:00";"PR";153;21,7;"JACAREZINHO";"Conversão proibida";"Colisão transversal";"Com Vítimas Feridas";"Plena Noite";"Crescente";"Céu Claro";"Simples";"Curva";"Não";2;0;1;0;1;0;1;2;-23,16713207;-49,96067665;"SPRF-PR";"DEL07-PR";"UOP04-DEL07-PR"
540061;2023-08-03;"quinta-feira";"23:00:00";"SC";101;129;"BALNEARIO CAMBORIU";"Transitar na contramão";"Colisão frontal";"Com Vítimas Feridas";"Plena Noite";"Crescente";"Nublado";"Dupla";"Reta";"Sim";2;0;0;1;1;0;1;2;-26,98064277;-48,6790679;"SPRF-SC";"DEL04-SC";"UOP03-DEL04-SC"
540064;2023-08-03;"quinta-feira";"23:30:00";"SP";116;294;"ITAPECERICA DA SERRA";"Condutor deixou de manter distância do veículo da frente";"Colisão traseira";"Com Vítimas Feridas";"Plena Noite";"Crescente";"Céu Claro";"Dupla";"Reta";"Não";7;0;0;1;5;1;1;5;-23,76154691;-46,90483412;"SPRF-SP";"DEL04-SP";"UOP01-DEL04-SP"
540065;2023-08-03;"quinta-feira";"23:30:00";"GO";153;666,2;"GOIATUBA";"Frear bruscamente";"Colisão traseira";"Com Vítimas Feridas";"Plena Noite";"Crescente";"Céu Claro";"Dupla";"Reta";"Não";3;0;2;0;1;0;2;2;-18,1072;-49,2766;"SPRF-GO";"DEL03-GO";"UOP02-DEL03-GO"
540073;2023-08-04;"sexta-feira";"01:00:00";"RS";386;439;"NOVA SANTA RITA";"Ausência de reação do condutor";"Colisão lateral mesmo sentido";"Com Vítimas Fatais";"Plena Noite";"Crescente";"Céu Claro";"Dupla";"Reta";"Sim";5;2;0;0;1;2;0;3;-29,871458;-51,248714;"SPRF-RS";"DEL04-RS";"UOP02-DEL04-RS"
540076;2023-08-04;"sexta-feira";"02:30:00";"PR";277;53,7;"SAO JOSE DOS PINHAIS";"Ultrapassagem Indevida";"Saída de leito carroçável";"Sem Vítimas";"Plena Noite";"Crescente";"Nevoeiro/Neblina";"Dupla";"Curva";"Não";2;0;0;0;1;1;0;2;-25,591842;-48,92584;"SPRF-PR";"DEL01-PR";"UOP01-DEL01-PR"
540078;2023-08-04;"sexta-feira";"03:45:00";"SC";101;37;"JOINVILLE";"Manobra de mudança de faixa";"Colisão lateral mesmo sentido";"Sem Vítimas";"Plena Noite";"Crescente";"Céu Claro";"Dupla";"Reta";"Não";2;0;0;0;2;0;0;2;-26,25050176;-48,90863867;"SPRF-SC";"DEL03-SC";"UOP01-DEL03-SC"
540082;2023-08-04;"sexta-feira";"05:00:00";"RS";116;150,1;"CAXIAS DO SUL";"Condutor desrespeitou a iluminação vermelha do semáforo";"Colisão transversal";"Com Vítimas Feridas";"Amanhecer";"Decrescente";"Céu Claro";"Dupla";"Interseção de Vias";"Sim";3;0;0;1;1;1;1;3;-29,168428;-51,158337;"SPRF-RS";"DEL05-RS";"UOP01-DEL05-RS"
540085;2023-08-03;"quinta-feira";"22:00:00";"BA";101;387;"IBIRAPITANGA";"Curva acentuada";"Tombamento";"Sem Vítimas";"Plena Noite";"Decrescente";"Nublado";"Simples";"Curva";"Não";2;0;0;0;1;1;0;2;-14,01464603;-39,43631783;"SPRF-BA";"DEL05-BA";"UOP03-DEL05-BA"
540094;2023-08-04;"sexta-feira";"07:00:00";"PR";376;531;"PALMEIRA";"Condutor deixou de manter distância do veículo da frente";"Colisão traseira";"Com Vítimas Feridas";"Pleno dia";"Crescente";"Céu Claro";"Dupla";"Aclive;Reta";"Não";3;0;1;0;1;2;1;4;-25,353997;-49,836048;"SPRF-PR";"DEL03-PR";"UOP03-DEL03-PR"
540095;2023-08-04;"sexta-feira";"06:00:00";"SC";470;45,9;"GASPAR";"Transitar na contramão";"Colisão frontal";"Com Vítimas Fatais";"Amanhecer";"Crescente";"Céu Claro";"Simples";"Curva;Em Obras";"Não";13;3;0;8;1;1;8;3;-26,8603718;-49,0376061;"SPRF-SC";"DEL04-SC";"UOP01-DEL04-SC"
540096;2023-08-04;"sexta-feira";"04:00:00";"AC";364;117;"RIO BRANCO";"Acessar a via sem observar a presença dos outros veículos";"Colisão transversal";"Com Vítimas Fatais";"Amanhecer";"Decrescente";"Céu Claro";"Dupla";"Reta";"Não";10;5;0;3;1;1;3;3;-10,012801;-67,728245;"SPRF-AC";"DEL01-AC";"UOP01-DEL01-AC"
540098;2023-08-03;"quinta-feira";"19:30:00";"SC";280;291,7;"PORTO UNIAO";"Pedestre andava na pista";"Atropelamento de Pedestre";"Com Vítimas Feridas";"Plena Noite";"Decrescente";"Céu Claro";"Simples";"Reta";"Não";2;0;0;1;1;0;1;2;-26,29569109;-50,93533704;"SPRF-SC";"DEL06-SC";"UOP04-DEL06-SC"
540100;2023-08-04;"sexta-feira";"06:45:00";"RS";116;261;"CANOAS";"Ausência de reação do condutor";"Colisão traseira";"Com Vítimas Feridas";"Amanhecer";"Decrescente";"Nublado";"Simples";"Reta";"Sim";2;0;1;0;1;0;1;2;-29,887983;-51,17901;"SPRF-RS";"DEL01-RS";"UOP01-DEL01-RS"
540101;2023-08-04;"sexta-feira";"07:30:00";"ES";101;304,4;"VIANA";"Reação tardia ou ineficiente do condutor";"Colisão traseira";"Sem Vítimas";"Pleno dia";"Decrescente";"Sol";"Dupla";"Reta";"Sim";2;0;0;0;2;0;0;2;-20,3800645;-40,45431391;"SPRF-ES";"DEL01-ES";"UOP01-DEL01-ES"
540103;2023-08-04;"sexta-feira";"06:40:00";"ES";262;165;"IBATIBA";"Desrespeitar a preferência no cruzamento";"Colisão transversal";"Com Vítimas Fatais";"Amanhecer";"Crescente";"Céu Claro";"Simples";"Interseção de Vias;Aclive;Curva";"Não";2;1;0;0;1;0;0;2;-20,24911466;-41,55151398;"SPRF-ES";"DEL01-ES";"UOP02-DEL01-ES"
540117;2023-08-04;"sexta-feira";"06:00:00";"MA";10;190,9;"RIBAMAR FIQUENE";"Condutor Dormindo";"Saída de leito carroçável";"Com Vítimas Feridas";"Amanhecer";"Crescente";"Céu Claro";"Simples";"Reta";"Não";2;0;1;1;0;0;2;1;-6,053978;-47,382309;"SPRF-MA";"DEL04-MA";"UOP02-DEL04-MA"
540118;2023-08-04;"sexta-feira";"07:30:00";"PA";316;35,7;"SANTA IZABEL DO PARA";"Acessar a via sem observar a presença dos outros veículos";"Colisão transversal";"Sem Vítimas";"Pleno dia";"Decrescente";"Céu Claro";"Dupla";"Retorno Regulamentado;Reta";"Sim";2;0;0;0;1;1;0;2;-1,29146197;-48,164561;"SPRF-PA";"DEL01-PA";"UOP01-DEL01-PA"
540120;2023-08-04;"sexta-feira";"07:05:00";"RS";470;172;"VERANOPOLIS";"Acessar a via sem observar a presença dos outros veículos";"Colisão transversal";"Com Vítimas Feridas";"Pleno dia";"Crescente";"Céu Claro";"Simples";"Interseção de Vias;Rotatória";"Sim";3;0;1;0;1;2;1;4;-28,89708754;-51,5526098;"SPRF-RS";"DEL06-RS";"UOP02-DEL06-RS"
540122;2023-08-04;"sexta-feira";"03:40:00";"RJ";116;220;"PARACAMBI";"Reação tardia ou ineficiente do condutor";"Tombamento";"Com Vítimas Feridas";"Plena Noite";"Decrescente";"Nublado";"Dupla";"Curva";"Não";2;0;1;0;0;1;1;2;-22,69305776;-43,77362606;"SPRF-RJ";"DEL07-RJ";"UOP01-DEL07-RJ"
540129;2023-08-04;"sexta-feira";"09:00:00";"GO";153;503;"GOIANIA";"Reação tardia ou ineficiente do condutor";"Colisão traseira";"Sem Vítimas";"Pleno dia";"Crescente";"Céu Claro";"Dupla";"Reta";"Sim";3;0;0;0;2;1;0;3;-16,7366;-49,243;"SPRF-GO";"DEL01-GO";"UOP01-DEL01-GO"
540130;2023-08-04;"sexta-feira";"08:30:00";"SC";101;88;"BARRA VELHA";"Condutor deixou de manter distância do veículo da frente";"Colisão traseira";"Com Vítimas Feridas";"Pleno dia";"Decrescente";"Sol";"Múltipla";"Viaduto";"Não";2;0;1;0;1;0;1;2;-26,64253985;-48,68950684;"SPRF-SC";"DEL03-SC";"UOP02-DEL03-SC"
540131;2023-08-04;"sexta-feira";"09:10:00";"SE";235;1,8;"ARACAJU";"Manobra de mudança de faixa";"Colisão lateral mesmo sentido";"Com Vítimas Feridas";"Pleno dia";"Crescente";"Céu Claro";"Simples";"Viaduto;Aclive;Reta";"Sim";2;0;1;0;1;0;1;2;-10,9062;-37,1034;"SPRF-SE";"DEL01-SE";"UOP01-DEL01-SE"
540135;2023-05-28;"domingo";"13:00:00";"SC";101;53,8;"JOINVILLE";"Ausência de reação do condutor";"Engavetamento";"Com Vítimas Feridas";"Pleno dia";"Crescente";"Garoa/Chuvisco";"Dupla";"Aclive;Reta";"Sim";8;0;2;1;4;1;3;5;-26,40231201;-48,83969703;"SPRF-SC";"DEL03-SC";"UOP01-DEL03-SC"
540137;2023-08-04;"sexta-feira";"09:30:00";"MG";116;638,2;"DIVINO";"Curva acentuada";"Saída de leito carroçável";"Com Vítimas Fatais";"Pleno dia";"Decrescente";"Sol";"Simples";"Declive;Curva";"Não";5;1;1;0;0;3;1;3;-20,63865095;-42,23648111;"SPRF-MG";"DEL07-MG";"UOP02-DEL07-MG"
540138;2023-08-04;"sexta-feira";"08:20:00";"PR";476;164;"ARAUCARIA";"Ultrapassagem Indevida";"Colisão lateral sentido oposto";"Com Vítimas Feridas";"Pleno dia";"Decrescente";"Nublado";"Simples";"Reta";"Não";6;0;0;4;1;1;4;4;-25,637207;-49,46769;"SPRF-PR";"DEL01-PR";"UOP06-DEL01-PR"
540139;2023-08-04;"sexta-feira";"08:05:00";"PE";104;64;"CARUARU";"Acessar a via sem observar a presença dos outros veículos";"Colisão traseira";"Com Vítimas Feridas";"Pleno dia";"Crescente";"Céu Claro";"Dupla";"Reta";"Sim";2;0;1;0;1;0;1;2;-8,2783;-35,9815;"SPRF-PE";"DEL02-PE";"UOP01-DEL02-PE"
540140;2023-07-16;"domingo";"04:20:00";"SP";153;12;"ICEM";"Manobra de mudança de faixa";"Colisão frontal";"Com Vítimas Fatais";"Plena Noite";"Decrescente";"Céu Claro";"Simples";"Curva";"Não";4;1;1;0;1;1;1;3;-20,40386008;-49,24534986;"SPRF-SP";"DEL09-SP";"UOP01-DEL09-SP"
540141;2023-07-21;"sexta-feira";"21:15:00";"DF";60;7,5;"BRASILIA";"Entrada inopinada do pedestre";"Colisão lateral mesmo sentido";"Com Vítimas Feridas";"Plena Noite";"Crescente";"Céu Claro";"Dupla";"Reta";"Sim";13;0;3;1;8;1;4;5;-15,902148;-48,12686;"SPRF-DF";"DEL03-DF";"UOP01-DEL03-DF"
540145;2023-08-04;"sexta-feira";"09:20:00";"MG";40;615,7;"CONGONHAS";"Condutor deixou de manter distância do veículo da frente";"Colisão traseira";"Com Vítimas Feridas";"Pleno dia";"Crescente";"Sol";"Simples";"Aclive;Viaduto;Reta";"Não";4;0;1;0;3;0;1;4;-20,5474835;-43,81815526;"SPRF-MG";"DEL05-MG";"UOP02-DEL05-MG"
540147;2023-08-04;"sexta-feira";"11:42:00";"ES";101;259;"SERRA";"Demais falhas mecânicas ou elétricas";"Colisão traseira";"Com Vítimas Feridas";"Pleno dia";"Decrescente";"Céu Claro";"Dupla";"Reta";"Sim";4;0;1;0;2;3;1;6;-20,138397;-40,292213;"SPRF-ES";"DEL02-ES";"UOP01-DEL02-ES"
540151;2023-08-04;"sexta-feira";"09:00:00";"BA";116;910;"ENCRUZILHADA";"Demais falhas mecânicas ou elétricas";"Saída de leito carroçável";"Sem Vítimas";"Pleno dia";"Decrescente";"Céu Claro";"Simples";"Declive;Reta";"Sim";3;0;0;0;1;3;0;4;-15,515383;-41,238097;"SPRF-BA";"DEL08-BA";"UOP03-DEL08-BA"
540157;2023-08-04;"sexta-feira";"12:10:00";"SP";381;54,4;"MAIRIPORA";"Reação tardia ou ineficiente do condutor";"Colisão traseira";"Com Vítimas Feridas";"Pleno dia";"Decrescente";"Sol";"Dupla";"Curva;Declive";"Não";6;0;1;0;4;1;1;5;-23,2449074;-46,59562343;"SPRF-SP";"DEL03-SP";"UOP01-DEL03-SP"
540160;2023-08-04;"sexta-feira";"13:10:00";"MG";40;605,9;"CONGONHAS";"Ausência de reação do condutor";"Colisão frontal";"Com Vítimas Feridas";"Pleno dia";"Decrescente";"Céu Claro";"Simples";"Curva;Declive";"Não";12;0;7;1;3;1;8;7;-20,45960587;-43,83907941;"SPRF-MG";"DEL05-MG";"UOP02-DEL05-MG"
540162;2023-06-30;"sexta-feira";"23:15:00";"RS";468;4,6;"PALMEIRA DAS MISSOES";"Ausência de reação do condutor";"Saída de leito carroçável";"Com Vítimas Fatais";"Anoitecer";"Decrescente";"Nevoeiro/Neblina";"Simples";"Declive;Reta";"Não";2;1;0;0;0;1;0;2;-27,86356506;-53,35098506;"SPRF-RS";"DEL08-RS";"UOP01-DEL08-RS"
540165;2023-07-27;"quinta-feira";"11:18:00";"PA";163;205;"NOVO PROGRESSO";"Ultrapassagem Indevida";"Colisão frontal";"Sem Vítimas";"Pleno dia";"Crescente";"Céu Claro";"Simples";"Declive";"Não";4;0;0;0;1;5;0;5;-7,91160412;-55,16976133;"SPRF-PA";"DEL05-PA";"UOP02-DEL05-PA"
540174;2023-08-04;"sexta-feira";"13:50:00";"MS";262;239,3;"RIBAS DO RIO PARDO";"Acessar a via sem observar a presença dos outros veículos";"Colisão transversal";"Com Vítimas Feridas";"Pleno dia";"Crescente";"Céu Claro";"Simples";"Reta";"Sim";7;0;1;0;5;3;1;6;-20,45746391;-53,76333475;"SPRF-MS";"DEL01-MS";"UOP01-DEL01-MS"