"id";"data_inversa";"dia_semana";"horario";"uf";"br";"km";"municipio";"causa_acidente";"tipo_acidente";"classificacao_acidente";"fase_dia";"sentido_via";"condicao_metereologica";"tipo_pista";"tracado_via";"uso_solo";"pessoas";"mortos";"feridos_leves";"feridos_graves";"ilesos";"ignorados";"feridos";"veiculos";"latitude";"longitude";"regional";"delegacia";"uop"
540177;2023-06-05;"segunda-feira";"09:00:00";"MG";381;438;"SABARA";"Ultrapassagem Indevida";"Colisão frontal";"Com Vítimas Fatais";"Pleno dia";"Decrescente";"Sol";"Simples";"Declive;Reta";"Sim";7;1;0;4;1;1;4;4;-19,80927691;-43,78706001;"SPRF-MG";"DEL01-MG";"UOP01-DEL01-MG"
540180;2023-08-04;"sexta-feira";"15:15:00";"RS";448;11;"CANOAS";"Velocidade Incompatível";"Tombamento";"Com Vítimas Fatais";"Pleno dia";"Crescente";"Sol";"Simples";"Curva";"Sim";2;1;0;0;0;1;0;2;-29,88185048;-51,23856848;"SPRF-RS";"DEL01-RS";"UOP01-DEL01-RS"
540184;2023-07-28;"sexta-feira";"04:30:00";"BA";116;749;"POCOES";"Ultrapassagem Indevida";"Saída de leito carroçável";"Com Vítimas Feridas";"Plena Noite";"Crescente";"Céu Claro";"Simples";"Reta";"Não";2;0;1;0;1;0;1;1;-14,46929;-40,339748;"SPRF-BA";"DEL08-BA";"UOP02-DEL08-BA"
540185;2023-08-04;"sexta-feira";"11:30:00";"MT";163;546;"DIAMANTINO";"Demais falhas mecânicas ou elétricas";"Incêndio";"Sem Vítimas";"Pleno dia";"Decrescente";"Céu Claro";"Simples";"Reta";"Não";2;0;0;0;2;0;0;1;-14,34231194;-56,14794124;"SPRF-MT";"DEL01-MT";"UOP01-DEL01-MT"
540186;2023-08-04;"sexta-feira";"14:30:00";"RJ";116;322;"ITATIAIA";"Fumaça";"Engavetamento";"Com Vítimas Feridas";"Pleno dia";"Crescente";"Sol";"Dupla";"Reta";"Não";5;0;1;0;3;1;1;4;-22,48404979;-44,54454609;"SPRF-RJ";"DEL07-RJ";"UOP02-DEL07-RJ"
540187;2023-08-04;"sexta-feira";"13:40:00";"SC";282;211;"LAGES";"Reação tardia ou ineficiente do condutor";"Colisão lateral sentido oposto";"Com Vítimas Feridas";"Pleno dia";"Crescente";"Céu Claro";"Simples";"Curva";"Não";7;0;1;0;5;1;1;4;-27,780222;-50,241741;"SPRF-SC";"DEL05-SC";"UOP01-DEL05-SC"
540188;2023-07-23;"domingo";"11:00:00";"TO";153;479;"PARAISO DO TOCANTINS";"Ultrapassagem Indevida";"Tombamento";"Com Vítimas Feridas";"Pleno dia";"Decrescente";"Céu Claro";"Simples";"Curva;Aclive";"Não";4;0;3;0;0;2;3;3;-10,05344392;-48,82068619;"SPRF-TO";"DEL01-TO";"UOP01-DEL01-TO"
540189;2023-08-04;"sexta-feira";"15:50:00";"ES";262;158;"IBATIBA";"Condutor deixou de manter distância do veículo da frente";"Colisão traseira";"Com Vítimas Feridas";"Pleno dia";"Crescente";"Céu Claro";"Simples";"Reta";"Sim";2;0;0;1;0;1;1;2;-20,23111383;-41,49626094;"SPRF-ES";"DEL01-ES";"UOP02-DEL01-ES"
540193;2023-08-04;"sexta-feira";"16:00:00";"MG";381;451;"SABARA";"Manobra de mudança de faixa";"Colisão lateral mesmo sentido";"Sem Vítimas";"Pleno dia";"Crescente";"Sol";"Simples";"Declive;Curva";"Sim";2;0;0;0;2;0;0;2;-19,83832024;-43,8806931;"SPRF-MG";"DEL01-MG";"UOP01-DEL01-MG"
540195;2023-08-04;"sexta-feira";"15:00:00";"MG";381;686;"LAVRAS";"Ausência de reação do condutor";"Colisão com objeto";"Sem Vítimas";"Pleno dia";"Crescente";"Céu Claro";"Dupla";"Curva";"Não";2;0;0;0;1;1;0;2;-21,20030689;-45,11944438;"SPRF-MG";"DEL04-MG";"UOP02-DEL04-MG"
540200;2023-08-04;"sexta-feira";"14:25:00";"SC";116;49,1;"PAPANDUVA";"Ausência de reação do condutor";"Engavetamento";"Com Vítimas Feridas";"Pleno dia";"Crescente";"Céu Claro";"Simples";"Reta";"Não";5;0;1;0;3;2;1;6;-26,37076692;-50,1256021;"SPRF-SC";"DEL06-SC";"UOP01-DEL06-SC"
540204;2023-08-04;"sexta-feira";"15:50:00";"MS";60;515,8;"NIOAQUE";"Velocidade Incompatível";"Tombamento";"Com Vítimas Fatais";"Pleno dia";"Crescente";"Céu Claro";"Dupla";"Curva;Declive";"Não";3;1;0;0;0;4;0;5;-21,17732695;-55,628235;"SPRF-MS";"DEL05-MS";"UOP01-DEL05-MS"
540215;2023-08-04;"sexta-feira";"14:40:00";"MT";364;5;"ALTO ARAGUAIA";"Demais Fenômenos da natureza";"Incêndio";"Sem Vítimas";"Pleno dia";"Decrescente";"Céu Claro";"Simples";"Reta";"Sim";2;0;0;0;1;1;0;2;-17,28940522;-53,24444019;"SPRF-MT";"DEL02-MT";"UOP02-DEL02-MT"
540218;2023-08-04;"sexta-feira";"18:20:00";"CE";116;56,1;"PACAJUS";"Demais falhas mecânicas ou elétricas";"Incêndio";"Sem Vítimas";"Plena Noite";"Crescente";"Céu Claro";"Simples";"Reta;Aclive";"Não";3;0;0;0;2;1;0;2;-4,21228207;-38,47322379;"SPRF-CE";"DEL03-CE";"UOP02-DEL03-CE"
540219;2023-08-04;"sexta-feira";"16:50:00";"MS";158;270;"TRES LAGOAS";"Demais falhas mecânicas ou elétricas";"Incêndio";"Sem Vítimas";"Pleno dia";"Crescente";"Céu Claro";"Simples";"Reta";"Sim";1;0;0;0;1;0;0;1;-20,773651;-51,67124;"SPRF-MS";"DEL07-MS";"UOP01-DEL07-MS"
540222;2023-08-04;"sexta-feira";"16:20:00";"RJ";493;24;"MAGE";"Carga excessiva e/ou mal acondicionada";"Derramamento de carga";"Sem Vítimas";"Pleno dia";"Decrescente";"Céu Claro";"Simples";"Reta";"Não";2;0;0;0;1;1;0;2;-22,65715069;-43,07072902;"SPRF-RJ";"DEL04-RJ";"UOP02-DEL04-RJ"
540225;2023-08-04;"sexta-feira";"14:00:00";"MG";153;64;"MONTE ALEGRE DE MINAS";"Demais falhas mecânicas ou elétricas";"Incêndio";"Com Vítimas Feridas";"Pleno dia";"Decrescente";"Céu Claro";"Simples";"Aclive;Reta";"Não";2;0;1;0;0;1;1;2;-18,92679699;-49,03242496;"SPRF-MG";"DEL15-MG";"UOP03-DEL15-MG"
540231;2023-08-04;"sexta-feira";"18:40:00";"PR";277;646,3;"CEU AZUL";"Reação tardia ou ineficiente do condutor";"Colisão lateral sentido oposto";"Com Vítimas Feridas";"Plena Noite";"Decrescente";"Céu Claro";"Simples";"Curva";"Não";3;0;1;0;0;2;1;3;-25,171778;-53,90896;"SPRF-PR";"DEL05-PR";"UOP02-DEL05-PR"
540232;2023-08-04;"sexta-feira";"15:15:00";"RS";290;354;"SAO SEPE";"Ingestão de álcool pelo condutor";"Colisão traseira";"Com Vítimas Feridas";"Pleno dia";"Crescente";"Céu Claro";"Simples";"Declive;Em Obras;Reta";"Não";4;0;2;0;1;1;2;3;-30,376383;-53,712734;"SPRF-RS";"DEL09-RS";"UOP02-DEL09-RS"
540236;2023-08-04;"sexta-feira";"19:52:00";"PE";101;46;"IGARASSU";"Manobra de mudança de faixa";"Colisão lateral mesmo sentido";"Com Vítimas Feridas";"Plena Noite";"Decrescente";"Céu Claro";"Dupla";"Reta";"Sim";3;0;2;0;0;1;2;2;-7,87406004;-34,90588126;"SPRF-PE";"DEL01-PE";"UOP02-DEL01-PE"
540244;2023-08-04;"sexta-feira";"20:50:00";"PR";476;145,3;"CURITIBA";"Velocidade Incompatível";"Colisão frontal";"Com Vítimas Feridas";"Plena Noite";"Decrescente";"Céu Claro";"Simples";"Retorno Regulamentado;Reta";"Sim";4;0;0;1;1;2;1;4;-25,547749;-49,32095;"SPRF-PR";"DEL01-PR";"UOP06-DEL01-PR"
540248;2023-08-04;"sexta-feira";"13:05:00";"GO";452;35;"SANTA HELENA DE GOIAS";"Condutor deixou de manter distância do veículo da frente";"Engavetamento";"Com Vítimas Feridas";"Pleno dia";"Decrescente";"Céu Claro";"Simples";"Ponte;Reta;Declive";"Não";5;0;2;0;2;1;2;4;-17,91541508;-50,60147599;"SPRF-GO";"DEL04-GO";"UOP01-DEL04-GO"
540252;2023-08-04;"sexta-feira";"20:47:00";"PR";376;679;"GUARATUBA";"Problema com o freio";"Incêndio";"Com Vítimas Feridas";"Plena Noite";"Crescente";"Céu Claro";"Dupla";"Curva";"Não";2;0;1;0;0;1;1;2;-25,95050276;-48,90514477;"SPRF-PR";"DEL01-PR";"UOP04-DEL01-PR"
540266;2023-08-04;"sexta-feira";"22:50:00";"MG";40;342,8;"FELIXLANDIA";"Ultrapassagem Indevida";"Saída de leito carroçável";"Com Vítimas Feridas";"Plena Noite";"Crescente";"Céu Claro";"Simples";"Reta";"Não";2;0;0;1;0;1;1;2;-18,67746389;-44,99330056;"SPRF-MG";"DEL02-MG";"UOP01-DEL02-MG"
540270;2023-08-04;"sexta-feira";"11:30:00";"MA";230;78,1;"SUCUPIRA DO RIACHAO";"Reação tardia ou ineficiente do condutor";"Tombamento";"Com Vítimas Feridas";"Pleno dia";"Decrescente";"Céu Claro";"Simples";"Curva;Aclive";"Não";2;0;0;1;0;1;1;2;-6,47851071;-43,58836218;"SPRF-PI";"DEL03-PI";"UOP01-DEL03-PI"
540284;2023-08-04;"sexta-feira";"23:25:00";"AL";316;265;"SATUBA";"Ingestão de álcool pelo condutor";"Colisão lateral sentido oposto";"Sem Vítimas";"Plena Noite";"Crescente";"Céu Claro";"Simples";"Declive";"Não";2;0;0;0;2;0;0;2;-9,5871392;-35,86110997;"SPRF-AL";"DEL02-AL";"UOP01-DEL02-AL"
540291;2023-08-05;"sábado";"02:00:00";"SC";470;160,5;"TROMBUDO CENTRAL";"Velocidade Incompatível";"Tombamento";"Com Vítimas Feridas";"Plena Noite";"Decrescente";"Nevoeiro/Neblina";"Simples";"Curva";"Não";2;0;1;0;0;1;1;2;-27,28579449;-49,80525255;"SPRF-SC";"DEL04-SC";"UOP02-DEL04-SC"
540298;2023-08-04;"sexta-feira";"13:30:00";"MG";381;380;"SAO GONCALO DO RIO ABAIXO";"Ausência de reação do condutor";"Colisão traseira";"Com Vítimas Feridas";"Pleno dia";"Crescente";"Céu Claro";"Simples";"Curva";"Não";6;0;4;0;1;1;4;3;-19,8315359;-43,37649498;"SPRF-MG";"DEL01-MG";"UOP01-DEL01-MG"
540299;2023-08-05;"sábado";"00:10:00";"RO";364;510;"ARIQUEMES";"Transitar na contramão";"Colisão com objeto";"Com Vítimas Fatais";"Plena Noite";"Crescente";"Céu Claro";"Simples";"Curva";"Não";7;3;0;2;1;2;2;4;-9,9616862;-63,04993629;"SPRF-RO";"DEL03-RO";"UOP01-DEL03-RO"
540301;2023-08-05;"sábado";"05:15:00";"MG";262;508,1;"LUZ";"Velocidade Incompatível";"Saída de leito carroçável";"Com Vítimas Fatais";"Amanhecer";"Decrescente";"Céu Claro";"Simples";"Curva";"Não";2;1;0;0;0;2;0;3;-19,78099979;-45,54184914;"SPRF-MG";"DEL08-MG";"UOP03-DEL08-MG"
540304;2023-08-05;"sábado";"05:20:00";"SP";116;167;"JACAREI";"Ausência de reação do condutor";"Colisão traseira";"Com Vítimas Feridas";"Plena Noite";"Crescente";"Nevoeiro/Neblina";"Múltipla";"Reta";"Não";3;0;0;1;1;3;1;5;-23,30254924;-46,02640493;"SPRF-SP";"DEL02-SP";"UOP01-DEL02-SP"
540309;2023-08-05;"sábado";"05:35:00";"MS";163;262;"DOURADOS";"Reação tardia ou ineficiente do condutor";"Colisão transversal";"Com Vítimas Feridas";"Amanhecer";"Crescente";"Céu Claro";"Dupla";"Rotatória";"Sim";3;0;1;0;1;2;1;4;-22,2352256;-54,75663316;"SPRF-MS";"DEL04-MS";"UOP01-DEL04-MS"
540310;2023-08-04;"sexta-feira";"14:10:00";"PI";316;215;"VALENCA DO PIAUI";"Condutor Dormindo";"Colisão traseira";"Com Vítimas Feridas";"Pleno dia";"Decrescente";"Sol";"Simples";"Reta";"Sim";4;0;2;0;2;0;2;2;-6,42835121;-41,75117135;"SPRF-PI";"DEL04-PI";"UOP02-DEL04-PI"
540311;2023-08-05;"sábado";"05:40:00";"MG";365;683,9;"MONTE ALEGRE DE MINAS";"Ausência de reação do condutor";"Saída de leito carroçável";"Com Vítimas Feridas";"Amanhecer";"Crescente";"Céu Claro";"Dupla";"Reta";"Não";3;0;1;0;1;1;1;2;-18,851478;-48,847366;"SPRF-MG";"DEL15-MG";"UOP01-DEL15-MG"
540319;2023-08-05;"sábado";"05:30:00";"SC";280;30;"ARAQUARI";"Ausência de reação do condutor";"Colisão frontal";"Com Vítimas Feridas";"Amanhecer";"Crescente";"Céu Claro";"Simples";"Reta";"Sim";3;0;0;1;1;2;1;4;-26,4141523;-48,76209493;"SPRF-SC";"DEL03-SC";"UOP03-DEL03-SC"
540328;2023-08-05;"sábado";"03:10:00";"PR";153;464;"PORTO VITORIA";"Ausência de reação do condutor";"Saída de leito carroçável";"Com Vítimas Feridas";"Plena Noite";"Decrescente";"Nevoeiro/Neblina";"Simples";"Curva";"Não";2;0;1;0;0;1;1;2;-26,25435429;-51,16328012;"SPRF-PR";"DEL02-PR";"UOP03-DEL02-PR"
540334;2023-08-05;"sábado";"07:20:00";"MT";364;24;"ALTO ARAGUAIA";"Transitar na contramão";"Colisão lateral sentido oposto";"Com Vítimas Feridas";"Pleno dia";"Crescente";"Céu Claro";"Simples";"Curva;Declive";"Não";3;0;1;0;1;1;1;3;-17,18817231;-53,37043101;"SPRF-MT";"DEL02-MT";"UOP02-DEL02-MT"
540335;2023-02-22;"quarta-feira";"19:30:00";"MG";365;361;"VARJAO DE MINAS";"Velocidade Incompatível";"Colisão frontal";"Com Vítimas Feridas";"Plena Noite";"Crescente";"Chuva";"Simples";"Reta";"Não";2;0;1;1;0;0;2;2;-18,42947014;-46,06914371;"SPRF-MG";"DEL10-MG";"UOP01-DEL10-MG"
540339;2023-08-05;"sábado";"08:25:00";"MG";381;355;"JOAO MONLEVADE";"Ausência de reação do condutor";"Colisão frontal";"Com Vítimas Feridas";"Pleno dia";"Decrescente";"Céu Claro";"Simples";"Reta";"Não";5;0;1;2;1;1;3;3;-19,84112398;-43,199388;"SPRF-MG";"DEL03-MG";"UOP01-DEL03-MG"
540340;2023-08-05;"sábado";"08:30:00";"RN";304;57,4;"MOSSORO";"Reação tardia ou ineficiente do condutor";"Colisão com objeto";"Sem Vítimas";"Pleno dia";"Decrescente";"Céu Claro";"Simples";"Reta";"Não";3;0;0;0;2;1;0;2;-5,30267275;-37,28093505;"SPRF-RN";"DEL04-RN";"UOP01-DEL04-RN"
540345;2023-08-04;"sexta-feira";"23:00:00";"MT";158;455;"RIBEIRAO CASCALHEIRA";"Velocidade Incompatível";"Tombamento";"Com Vítimas Feridas";"Plena Noite";"Crescente";"Céu Claro";"Simples";"Curva;Declive";"Não";1;0;1;0;0;0;1;1;-13,15239901;-51,92201207;"SPRF-MT";"DEL07-MT";"UOP02-DEL07-MT"
540346;2023-08-05;"sábado";"09:32:00";"GO";364;2;"SAO SIMAO";"Conversão proibida";"Colisão transversal";"Com Vítimas Feridas";"Pleno dia";"Crescente";"Céu Claro";"Simples";"Reta";"Não";3;0;2;0;0;1;2;3;-19,03413;-50,515717;"SPRF-GO";"DEL05-GO";"UOP02-DEL05-GO"
540347;2023-08-05;"sábado";"07:10:00";"SC";280;141,2;"MAFRA";"Velocidade Incompatível";"Tombamento";"Com Vítimas Feridas";"Amanhecer";"Decrescente";"Nevoeiro/Neblina";"Simples";"Declive;Curva";"Não";2;0;1;0;0;2;1;3;-26,24830187;-49,63041544;"SPRF-SC";"DEL06-SC";"UOP03-DEL06-SC"
540349;2023-08-05;"sábado";"09:45:00";"SC";101;355;"SANGAO";"Manobra de mudança de faixa";"Colisão lateral mesmo sentido";"Sem Vítimas";"Pleno dia";"Crescente";"Céu Claro";"Múltipla";"Reta";"Não";2;0;0;0;2;0;0;2;-28,62380715;-49,07828489;"SPRF-SC";"DEL02-SC";"UOP01-DEL02-SC"
540368;2023-08-05;"sábado";"10:15:00";"PE";316;292;"BELEM DE SAO FRANCISCO";"Ultrapassagem Indevida";"Colisão transversal";"Sem Vítimas";"Pleno dia";"Decrescente";"Céu Claro";"Simples";"Ponte";"Não";13;0;0;0;9;5;0;10;-8,63600187;-38,67315705;"SPRF-PE";"DEL04-PE";"UOP03-DEL04-PE"
540369;2023-08-05;"sábado";"10:10:00";"SP";116;21,4;"LAVRINHAS";"Estacionar ou parar em local proibido";"Colisão traseira";"Com Vítimas Feridas";"Pleno dia";"Crescente";"Céu Claro";"Dupla";"Curva";"Não";6;0;4;0;1;1;4;3;-22,57651319;-44,87315394;"SPRF-SP";"DEL08-SP";"UOP02-DEL08-SP"
540373;2023-08-05;"sábado";"11:30:00";"PR";369;426;"JURANDA";"Manobra de mudança de faixa";"Colisão transversal";"Com Vítimas Feridas";"Pleno dia";"Decrescente";"Céu Claro";"Simples";"Reta";"Não";2;0;0;1;1;0;1;2;-24,4251;-52,828;"SPRF-PR";"DEL04-PR";"UOP03-DEL04-PR"
540374;2023-08-05;"sábado";"11:05:00";"PR";369;473,2;"CORBELIA";"Desrespeitar a preferência no cruzamento";"Colisão transversal";"Com Vítimas Feridas";"Pleno dia";"Crescente";"Sol";"Simples";"Declive;Curva";"Não";4;0;1;0;2;1;1;3;-24,58796838;-53,20146561;"SPRF-PR";"DEL04-PR";"UOP03-DEL04-PR"
540377;2023-08-05;"sábado";"10:45:00";"MG";153;198,4;"FRUTAL";"Ausência de reação do condutor";"Colisão traseira";"Com Vítimas Feridas";"Pleno dia";"Crescente";"Sol";"Simples";"Reta";"Não";7;0;0;1;1;5;1;4;-19,98409981;-49,01874013;"SPRF-MG";"DEL13-MG";"UOP02-DEL13-MG"
540378;2023-05-29;"segunda-feira";"07:45:00";"GO";60;49;"ABADIANIA";"Velocidade Incompatível";"Colisão lateral mesmo sentido";"Com Vítimas Feridas";"Pleno dia";"Crescente";"Céu Claro";"Dupla";"Curva;Aclive";"Não";3;0;0;1;1;1;1;3;-16,1607;-48,6148;"SPRF-GO";"DEL02-GO";"UOP01-DEL02-GO"
540379;2023-08-05;"sábado";"12:00:00";"MT";163;748;"SORRISO";"Manobra de mudança de faixa";"Colisão lateral mesmo sentido";"Com Vítimas Feridas";"Pleno dia";"Decrescente";"Céu Claro";"Dupla";"Reta";"Não";4;0;1;0;1;2;1;4;-12,68767697;-55,80144603;"SPRF-MT";"DEL06-MT";"UOP01-DEL06-MT"
540382;2023-08-05;"sábado";"07:45:00";"PR";467;84,3;"CASCAVEL";"Condutor Dormindo";"Colisão traseira";"Com Vítimas Feridas";"Pleno dia";"Decrescente";"Céu Claro";"Dupla";"Reta";"Sim";3;0;1;0;1;1;1;3;-24,81592715;-53,66057765;"SPRF-PR";"DEL04-PR";"UOP01-DEL04-PR"
540391;2023-07-30;"domingo";"23:30:00";"MA";230;75;"SAO JOAO DOS PATOS";"Mal súbito do condutor";"Saída de leito carroçável";"Com Vítimas Feridas";"Plena Noite";"Decrescente";"Céu Claro";"Simples";"Reta";"Não";1;0;0;1;0;0;1;1;-6,4976972;-43,57233842;"SPRF-PI";"DEL03-PI";"UOP01-DEL03-PI"
540399;2023-08-05;"sábado";"14:01:00";"SC";280;130;"RIO NEGRINHO";"Condutor Dormindo";"Colisão traseira";"Com Vítimas Feridas";"Pleno dia";"Decrescente";"Céu Claro";"Simples";"Reta";"Não";4;0;2;0;2;0;2;2;-26,2530246;-49,52924913;"SPRF-SC";"DEL06-SC";"UOP03-DEL06-SC"
540401;2023-08-05;"sábado";"15:30:00";"RJ";40;79;"PETROPOLIS";"Ultrapassagem Indevida";"Colisão traseira";"Com Vítimas Feridas";"Pleno dia";"Decrescente";"Céu Claro";"Simples";"Curva";"Não";7;0;4;1;1;1;5;3;-22,49130098;-43,22294163;"SPRF-RJ";"DEL06-RJ";"UOP01-DEL06-RJ"
540405;2023-08-05;"sábado";"15:30:00";"PR";376;378;"IMBAU";"Frear bruscamente";"Colisão traseira";"Com Vítimas Feridas";"Pleno dia";"Crescente";"Céu Claro";"Simples";"Aclive;Reta";"Não";4;0;1;0;2;1;1;3;-24,40135;-50,784149;"SPRF-PR";"DEL03-PR";"UOP02-DEL03-PR"
540416;2023-08-05;"sábado";"15:00:00";"BA";410;26;"TUCANO";"Manobra de mudança de faixa";"Colisão lateral mesmo sentido";"Sem Vítimas";"Pleno dia";"Decrescente";"Céu Claro";"Simples";"Reta";"Não";3;0;0;0;2;3;0;5;-10,9458839;-38,7252251;"SPRF-BA";"DEL07-BA";"UOP02-DEL07-BA"
540420;2023-08-05;"sábado";"15:40:00";"PR";277;32;"MORRETES";"Velocidade Incompatível";"Tombamento";"Com Vítimas Feridas";"Pleno dia";"Crescente";"Céu Claro";"Simples";"Curva;Aclive";"Não";2;0;1;0;0;1;1;2;-25,56027411;-48,81528788;"SPRF-PR";"DEL01-PR";"UOP05-DEL01-PR"
540421;2023-08-05;"sábado";"16:30:00";"PR";376;336;"ORTIGUEIRA";"Reação tardia ou ineficiente do condutor";"Colisão lateral sentido oposto";"Com Vítimas Feridas";"Pleno dia";"Crescente";"Céu Claro";"Simples";"Declive;Curva";"Não";5;0;0;1;3;1;1;3;-24,13507378;-51,00438382;"SPRF-PR";"DEL07-PR";"UOP02-DEL07-PR"
540444;2023-08-05;"sábado";"14:30:00";"BA";116;896;"CANDIDO SALES";"Demais falhas mecânicas ou elétricas";"Incêndio";"Sem Vítimas";"Pleno dia";"Decrescente";"Céu Claro";"Simples";"Reta";"Não";3;0;0;0;2;1;0;2;-15,33381719;-41,15847264;"SPRF-BA";"DEL08-BA";"UOP03-DEL08-BA"
540451;2023-08-05;"sábado";"19:50:00";"MG";365;625,6;"UBERLANDIA";"Condutor deixou de manter distância do veículo da frente";"Colisão traseira";"Com Vítimas Feridas";"Plena Noite";"Decrescente";"Céu Claro";"Dupla";"Reta";"Não";4;0;1;0;1;2;1;4;-18,90585472;-48,32526001;"SPRF-MG";"DEL15-MG";"UOP01-DEL15-MG"
540476;2023-08-05;"sábado";"22:20:00";"SP";116;165,3;"JACAREI";"Manobra de mudança de faixa";"Colisão lateral mesmo sentido";"Com Vítimas Feridas";"Plena Noite";"Crescente";"Céu Claro";"Dupla";"Reta";"Sim";3;0;1;0;1;1;1;3;-23,29691791;-46,00798704;"SPRF-SP";"DEL02-SP";"UOP01-DEL02-SP"
540481;2023-08-05;"sábado";"22:30:00";"PR";277;697,1;"SAO MIGUEL DO IGUACU";"Reação tardia ou ineficiente do condutor";"Saída de leito carroçável";"Sem Vítimas";"Plena Noite";"Crescente";"Vento";"Dupla";"Declive;Reta";"Não";2;0;0;0;1;1;0;2;-25,39163815;-54,30338792;"SPRF-PR";"DEL05-PR";"UOP01-DEL05-PR"
540483;2023-08-05;"sábado";"22:00:00";"PR";376;648;"TIJUCAS DO SUL";"Ausência de reação do condutor";"Colisão traseira";"Com Vítimas Fatais";"Plena Noite";"Crescente";"Céu Claro";"Dupla";"Declive;Reta";"Não";2;1;0;0;1;0;0;2;-25,84026108;-49,10549706;"SPRF-PR";"DEL01-PR";"UOP04-DEL01-PR"
540485;2023-08-05;"sábado";"18:15:00";"SC";282;305;"VARGEM";"Velocidade Incompatível";"Colisão traseira";"Com Vítimas Feridas";"Anoitecer";"Crescente";"Céu Claro";"Simples";"Reta";"Não";2;0;0;1;1;0;1;2;-27,500679;-50,949047;"SPRF-SC";"DEL07-SC";"UOP06-DEL07-SC"
540488;2023-08-05;"sábado";"22:50:00";"MS";163;18,1;"MUNDO NOVO";"Transitar na contramão";"Colisão transversal";"Com Vítimas Feridas";"Plena Noite";"Crescente";"Céu Claro";"Simples";"Curva";"Sim";3;0;0;1;1;1;1;3;-23,94186304;-54,28068144;"SPRF-MS";"DEL09-MS";"UOP02-DEL09-MS"
540495;2023-08-06;"domingo";"00:30:00";"ES";101;30,6;"CONCEICAO DA BARRA";"Ausência de reação do condutor";"Colisão traseira";"Com Vítimas Feridas";"Plena Noite";"Crescente";"Céu Claro";"Simples";"Aclive;Reta";"Não";3;0;0;1;1;3;1;5;-18,40842097;-39,93732567;"SPRF-ES";"DEL04-ES";"UOP02-DEL04-ES"
540507;2023-08-05;"sábado";"21:00:00";"MA";316;368;"BACABAL";"Transitar na contramão";"Colisão frontal";"Com Vítimas Feridas";"Plena Noite";"Decrescente";"Céu Claro";"Simples";"Reta";"Sim";4;0;1;1;1;1;2;4;-4,219252;-44,724731;"SPRF-MA";"DEL03-MA";"UOP01-DEL03-MA"
540517;2023-08-06;"domingo";"03:40:00";"SE";235;39,4;"AREIA BRANCA";"Condutor usando celular";"Tombamento";"Com Vítimas Feridas";"Plena Noite";"Crescente";"Céu Claro";"Simples";"Curva";"Não";2;0;1;0;0;1;1;2;-10,769717;-37,35527;"SPRF-SE";"DEL01-SE";"UOP02-DEL01-SE"
540518;2023-08-06;"domingo";"03:30:00";"SC";101;374,5;"ICARA";"Condutor Dormindo";"Tombamento";"Com Vítimas Feridas";"Plena Noite";"Crescente";"Nevoeiro/Neblina";"Dupla";"Reta";"Não";1;0;1;0;0;0;1;1;-28,72361717;-49,23769712;"SPRF-SC";"DEL02-SC";"UOP01-DEL02-SC"
540535;2023-08-05;"sábado";"19:50:00";"SC";101;29;"JOINVILLE";"Ingestão de álcool pelo condutor";"Colisão lateral sentido oposto";"Com Vítimas Feridas";"Plena Noite";"Decrescente";"Céu Claro";"Dupla";"Declive;Reta";"Não";2;0;1;0;0;1;1;2;-26,211903;-48,91589904;"SPRF-SC";"DEL03-SC";"UOP01-DEL03-SC"
540539;2023-08-06;"domingo";"06:45:00";"MG";50;179;"UBERABA";"Reação tardia ou ineficiente do condutor";"Colisão traseira";"Com Vítimas Feridas";"Amanhecer";"Crescente";"Sol";"Dupla";"Aclive;Reta";"Sim";5;0;4;0;0;1;4;2;-19,77827047;-47,93140998;"SPRF-MG";"DEL13-MG";"UOP01-DEL13-MG"
540540;2023-08-06;"domingo";"05:20:00";"RO";319;64;"PORTO VELHO";"Condutor desrespeitou a iluminação vermelha do semáforo";"Colisão transversal";"Com Vítimas Feridas";"Amanhecer";"Crescente";"Céu Claro";"Dupla";"Reta;Interseção de Vias";"Sim";5;0;2;0;3;0;2;2;-8,76754405;-63,88426065;"SPRF-RO";"DEL01-RO";"UOP01-DEL01-RO"
540544;2023-08-02;"quarta-feira";"19:30:00";"PR";277;468,5;"NOVA LARANJEIRAS";"Falta de elemento de contenção que evite a saída do leito carroçável";"Saída de leito carroçável";"Sem Vítimas";"Plena Noite";"Decrescente";"Céu Claro";"Simples";"Interseção de Vias;Reta";"Não";2;0;0;0;1;1;0;2;-25,34211314;-52,49655008;"SPRF-PR";"DEL04-PR";"UOP02-DEL04-PR"
540546;2023-08-06;"domingo";"07:10:00";"GO";50;222;"CAMPO ALEGRE DE GOIAS";"Ingestão de álcool pelo condutor";"Saída de leito carroçável";"Sem Vítimas";"Pleno dia";"Crescente";"Céu Claro";"Dupla";"Reta";"Não";2;0;0;0;1;2;0;3;-17,7395;-47,7318;"SPRF-GO";"DEL06-GO";"UOP01-DEL06-GO"
540555;2023-08-06;"domingo";"06:40:00";"SC";101;173,5;"GOVERNADOR CELSO RAMOS";"Ingestão de álcool pelo condutor";"Colisão traseira";"Com Vítimas Feridas";"Pleno dia";"Decrescente";"Céu Claro";"Dupla";"Curva;Declive";"Não";3;0;2;0;1;0;2;2;-27,32203197;-48,62757785;"SPRF-SC";"DEL01-SC";"UOP01-DEL01-SC"
540572;2023-08-06;"domingo";"09:00:00";"MS";262;743,8;"CORUMBA";"Reação tardia ou ineficiente do condutor";"Saída de leito carroçável";"Com Vítimas Feridas";"Pleno dia";"Decrescente";"Céu Claro";"Simples";"Reta";"Não";3;0;1;0;1;1;1;2;-19,28805808;-57,62512606;"SPRF-MS";"DEL03-MS";"UOP03-DEL03-MS"
540582;2023-08-06;"domingo";"10:15:00";"PR";376;630,7;"SAO JOSE DOS PINHAIS";"Trafegar com motocicleta (ou similar) entre as faixas";"Queda de ocupante de veículo";"Com Vítimas Fatais";"Pleno dia";"Crescente";"Céu Claro";"Múltipla";"Reta";"Não";5;1;0;0;3;1;0;3;-25,695757;-49,144882;"SPRF-PR";"DEL01-PR";"UOP04-DEL01-PR"