"id";"data_inversa";"dia_semana";"horario";"uf";"br";"km";"municipio";"causa_acidente";"tipo_acidente";"classificacao_acidente";"fase_dia";"sentido_via";"condicao_metereologica";"tipo_pista";"tracado_via";"uso_solo";"pessoas";"mortos";"feridos_leves";"feridos_graves";"ilesos";"ignorados";"feridos";"veiculos";"latitude";"longitude";"regional";"delegacia";"uop"
540593;2023-08-06;"domingo";"09:22:00";"MG";381;700,4;"LAVRAS";"Velocidade Incompatível";"Tombamento";"Com Vítimas Feridas";"Pleno dia";"Crescente";"Céu Claro";"Dupla";"Declive;Curva";"Não";1;0;1;0;0;0;1;1;-21,31137883;-45,16451703;"SPRF-MG";"DEL04-MG";"UOP02-DEL04-MG"
540603;2023-08-06;"domingo";"15:10:00";"PR";376;671,1;"GUARATUBA";"Reação tardia ou ineficiente do condutor";"Colisão traseira";"Com Vítimas Feridas";"Pleno dia";"Decrescente";"Sol";"Dupla";"Reta";"Não";5;0;1;0;3;3;1;5;-25,885323;-48,935154;"SPRF-PR";"DEL01-PR";"UOP04-DEL01-PR"
540605;2023-08-06;"domingo";"15:20:00";"BA";101;873,7;"TEIXEIRA DE FREITAS";"Velocidade Incompatível";"Colisão traseira";"Com Vítimas Fatais";"Pleno dia";"Decrescente";"Céu Claro";"Simples";"Ponte;Reta";"Não";8;2;1;4;0;2;5;5;-17,511067;-39,704937;"SPRF-BA";"DEL09-BA";"UOP02-DEL09-BA"
540611;2023-08-06;"domingo";"10:30:00";"SC";280;189,7;"MAFRA";"Transitar na contramão";"Colisão frontal";"Com Vítimas Fatais";"Pleno dia";"Crescente";"Céu Claro";"Simples";"Aclive;Em Obras;Reta";"Não";3;1;0;0;1;1;0;3;-26,175454;-49,974566;"SPRF-SC";"DEL06-SC";"UOP01-DEL06-SC"
540617;2023-08-06;"domingo";"15:25:00";"BA";110;200;"CIPO";"Demais falhas mecânicas ou elétricas";"Saída de leito carroçável";"Com Vítimas Feridas";"Pleno dia";"Decrescente";"Chuva";"Simples";"Reta";"Não";2;0;1;0;1;0;1;1;-11,10708814;-38,51876462;"SPRF-BA";"DEL07-BA";"UOP02-DEL07-BA"
540620;2023-08-06;"domingo";"14:20:00";"AC";364;66;"PLACIDO DE CASTRO";"Acesso irregular";"Colisão lateral mesmo sentido";"Com Vítimas Feridas";"Pleno dia";"Crescente";"Céu Claro";"Simples";"Declive;Reta";"Não";4;0;0;1;2;1;1;3;-10,06207411;-67,30393301;"SPRF-AC";"DEL01-AC";"UOP03-DEL01-AC"
540622;2023-08-06;"domingo";"16:45:00";"SC";282;45,9;"AGUAS MORNAS";"Velocidade Incompatível";"Colisão lateral mesmo sentido";"Com Vítimas Feridas";"Pleno dia";"Decrescente";"Céu Claro";"Simples";"Declive;Curva";"Não";3;0;1;0;1;1;1;3;-27,719851;-48,916126;"SPRF-SC";"DEL01-SC";"UOP03-DEL01-SC"
540635;2023-08-06;"domingo";"15:40:00";"BA";242;495;"OLIVEIRA DOS BREJINHOS";"Ausência de reação do condutor";"Colisão traseira";"Sem Vítimas";"Pleno dia";"Crescente";"Céu Claro";"Simples";"Reta";"Não";3;0;0;0;2;1;0;3;-12,38561892;-42,40889692;"SPRF-BA";"DEL06-BA";"UOP01-DEL06-BA"
540651;2023-08-06;"domingo";"19:00:00";"BA";101;235;"CONCEICAO DO ALMEIDA";"Transitar na contramão";"Colisão lateral sentido oposto";"Sem Vítimas";"Plena Noite";"Decrescente";"Nublado";"Simples";"Reta;Aclive";"Não";3;0;0;0;1;2;0;3;-12,772877;-39,185313;"SPRF-BA";"DEL01-BA";"UOP02-DEL01-BA"
540655;2023-08-06;"domingo";"19:30:00";"TO";153;594,5;"SANTA RITA DO TOCANTINS";"Ausência de reação do condutor";"Colisão lateral sentido oposto";"Com Vítimas Fatais";"Plena Noite";"Decrescente";"Céu Claro";"Simples";"Reta";"Não";2;1;1;0;0;0;1;2;-11,08696092;-48,91859642;"SPRF-TO";"DEL01-TO";"UOP01-DEL01-TO"
540673;2023-08-06;"domingo";"18:40:00";"PR";373;183,3;"PONTA GROSSA";"Desrespeitar a preferência no cruzamento";"Colisão transversal";"Com Vítimas Feridas";"Plena Noite";"Decrescente";"Céu Claro";"Simples";"Interseção de Vias";"Não";4;0;2;0;1;2;2;4;-25,03948228;-50,27826196;"SPRF-PR";"DEL03-PR";"UOP01-DEL03-PR"
540677;2023-08-06;"domingo";"19:35:00";"PR";116;103;"SAO JOSE DOS PINHAIS";"Reação tardia ou ineficiente do condutor";"Engavetamento";"Sem Vítimas";"Plena Noite";"Crescente";"Céu Claro";"Dupla";"Reta";"Sim";4;0;0;0;3;2;0;5;-25,55944814;-49,15099774;"SPRF-PR";"DEL01-PR";"UOP07-DEL01-PR"
540689;2023-08-06;"domingo";"18:40:00";"MT";163;837;"SINOP";"Ingestão de álcool pelo condutor";"Colisão lateral mesmo sentido";"Sem Vítimas";"Plena Noite";"Decrescente";"Céu Claro";"Dupla";"Reta";"Sim";6;0;0;0;5;2;0;4;-11,84103784;-55,49036407;"SPRF-MT";"DEL06-MT";"UOP02-DEL06-MT"
540695;2023-08-06;"domingo";"20:30:00";"TO";153;797;"TALISMA";"Acessar a via sem observar a presença dos outros veículos";"Colisão transversal";"Com Vítimas Feridas";"Plena Noite";"Decrescente";"Céu Claro";"Simples";"Reta;Retorno Regulamentado";"Sim";4;0;1;0;2;1;1;3;-12,788952;-49,092148;"SPRF-TO";"DEL01-TO";"UOP02-DEL01-TO"
540698;2023-08-06;"domingo";"22:00:00";"RS";386;281;"SAO JOSE DO HERVAL";"Ingestão de álcool pelo condutor";"Colisão lateral mesmo sentido";"Com Vítimas Feridas";"Plena Noite";"Crescente";"Céu Claro";"Simples";"Reta";"Não";3;0;1;0;1;1;1;3;-29,030159;-52,304897;"SPRF-RS";"DEL04-RS";"UOP03-DEL04-RS"
540710;2023-08-06;"domingo";"19:40:00";"PR";373;263;"PRUDENTOPOLIS";"Transitar na contramão";"Colisão lateral sentido oposto";"Com Vítimas Feridas";"Plena Noite";"Decrescente";"Céu Claro";"Simples";"Reta";"Sim";3;0;1;0;1;1;1;3;-25,20001905;-50,97298899;"SPRF-PR";"DEL08-PR";"UOP01-DEL08-PR"
540723;2023-08-06;"domingo";"22:45:00";"MT";163;829;"SINOP";"Ausência de reação do condutor";"Colisão traseira";"Com Vítimas Feridas";"Plena Noite";"Crescente";"Céu Claro";"Dupla";"Reta";"Sim";2;0;0;1;1;0;1;2;-12,040704;-55,51732275;"SPRF-MT";"DEL06-MT";"UOP02-DEL06-MT"
540727;2023-08-06;"domingo";"19:40:00";"RO";174;10;"VILHENA";"Manobra de mudança de faixa";"Colisão lateral mesmo sentido";"Sem Vítimas";"Plena Noite";"Crescente";"Céu Claro";"Dupla";"Interseção de Vias";"Sim";2;0;0;0;2;0;0;2;-12,74507806;-60,1152885;"SPRF-RO";"DEL04-RO";"UOP01-DEL04-RO"
540730;2023-05-19;"sexta-feira";"08:00:00";"AL";316;187,7;"TANQUE DARCA";"Reação tardia ou ineficiente do condutor";"Saída de leito carroçável";"Com Vítimas Feridas";"Pleno dia";"Crescente";"Garoa/Chuvisco";"Simples";"Curva;Rotatória";"Não";2;0;0;1;1;0;1;1;-9,586238;-36,428838;"SPRF-AL";"DEL03-AL";"UOP01-DEL03-AL"
540731;2023-08-07;"segunda-feira";"00:00:00";"MA";135;11;"SAO LUIS";"Ingestão de álcool ou de substâncias psicoativas pelo pedestre";"Colisão traseira";"Sem Vítimas";"Plena Noite";"Crescente";"Céu Claro";"Dupla";"Reta;Retorno Regulamentado";"Sim";2;0;0;0;2;0;0;2;-2,66470782;-44,28673431;"SPRF-MA";"DEL01-MA";"UOP01-DEL01-MA"
540734;2023-08-06;"domingo";"21:00:00";"PA";316;93;"SAO FRANCISCO DO PARA";"Reação tardia ou ineficiente do condutor";"Colisão lateral mesmo sentido";"Com Vítimas Feridas";"Plena Noite";"Decrescente";"Céu Claro";"Simples";"Declive";"Não";5;0;2;0;2;1;2;3;-1,32412974;-47,66551295;"SPRF-PA";"DEL01-PA";"UOP02-DEL01-PA"
540736;2023-08-06;"domingo";"15:40:00";"BA";101;873,7;"TEIXEIRA DE FREITAS";"Velocidade Incompatível";"Colisão traseira";"Com Vítimas Feridas";"Pleno dia";"Decrescente";"Céu Claro";"Simples";"Ponte";"Sim";11;0;1;4;2;4;5;6;-17,51146866;-39,70527649;"SPRF-BA";"DEL09-BA";"UOP02-DEL09-BA"
540745;2023-08-06;"domingo";"19:00:00";"MG";365;626,5;"UBERLANDIA";"Condutor deixou de manter distância do veículo da frente";"Colisão lateral mesmo sentido";"Com Vítimas Feridas";"Plena Noite";"Crescente";"Céu Claro";"Dupla";"Curva";"Sim";3;0;1;1;0;1;2;2;-18,90659356;-48,33469405;"SPRF-MG";"DEL15-MG";"UOP01-DEL15-MG"
540748;2023-08-07;"segunda-feira";"03:50:00";"PB";104;176,3;"ALCANTIL";"Velocidade Incompatível";"Colisão traseira";"Com Vítimas Feridas";"Plena Noite";"Decrescente";"Céu Claro";"Simples";"Reta";"Não";4;0;2;0;0;2;2;3;-7,61618189;-36,07162605;"SPRF-PB";"DEL02-PB";"UOP03-DEL02-PB"
540750;2023-08-07;"segunda-feira";"06:35:00";"BA";324;617;"SALVADOR";"Reação tardia ou ineficiente do condutor";"Colisão traseira";"Sem Vítimas";"Pleno dia";"Decrescente";"Nublado";"Múltipla";"Reta";"Não";2;0;0;0;2;0;0;2;-12,89194012;-38,44567212;"SPRF-BA";"DEL01-BA";"UOP01-DEL01-BA"
540755;2023-08-07;"segunda-feira";"04:00:00";"BA";407;159;"FILADELFIA";"Pedestre andava na pista";"Atropelamento de Pedestre";"Com Vítimas Fatais";"Amanhecer";"Decrescente";"Nublado";"Simples";"Reta";"Sim";2;1;0;0;1;0;0;2;-10,74048404;-40,12149043;"SPRF-BA";"DEL04-BA";"UOP01-DEL04-BA"
540756;2023-08-07;"segunda-feira";"06:50:00";"SP";381;89,6;"GUARULHOS";"Trafegar com motocicleta (ou similar) entre as faixas";"Colisão lateral mesmo sentido";"Com Vítimas Feridas";"Pleno dia";"Crescente";"Céu Claro";"Múltipla";"Reta";"Não";4;0;0;1;3;0;1;4;-23,48469299;-46,55983288;"SPRF-SP";"DEL03-SP";"UOP01-DEL03-SP"
540758;2023-08-07;"segunda-feira";"04:06:00";"MG";116;267;"TEOFILO OTONI";"Reação tardia ou ineficiente do condutor";"Colisão lateral sentido oposto";"Com Vítimas Feridas";"Amanhecer";"Decrescente";"Céu Claro";"Simples";"Reta";"Não";3;0;0;1;1;1;1;3;-17,77862602;-41,49956897;"SPRF-MG";"DEL11-MG";"UOP01-DEL11-MG"
540766;2023-08-07;"segunda-feira";"07:40:00";"SP";116;273;"TABOAO DA SERRA";"Ausência de reação do condutor";"Colisão lateral mesmo sentido";"Com Vítimas Feridas";"Pleno dia";"Decrescente";"Céu Claro";"Múltipla";"Reta";"Não";2;0;1;0;0;1;1;2;-23,62809795;-46,81870306;"SPRF-SP";"DEL04-SP";"UOP01-DEL04-SP"
540769;2023-08-07;"segunda-feira";"06:20:00";"MG";262;87,3;"ABRE CAMPO";"Condutor Dormindo";"Colisão lateral sentido oposto";"Sem Vítimas";"Pleno dia";"Crescente";"Céu Claro";"Simples";"Aclive;Reta";"Não";3;0;0;0;3;0;0;2;-20,333214;-42,437654;"SPRF-MG";"DEL03-MG";"UOP03-DEL03-MG"
540771;2023-08-07;"segunda-feira";"06:00:00";"MG";40;323;"TRES MARIAS";"Reação tardia ou ineficiente do condutor";"Colisão traseira";"Com Vítimas Feridas";"Amanhecer";"Decrescente";"Céu Claro";"Simples";"Reta";"Não";2;0;1;0;0;1;1;2;-18,52616436;-45,05783129;"SPRF-MG";"DEL14-MG";"UOP02-DEL14-MG"
540776;2023-08-07;"segunda-feira";"06:55:00";"PR";277;474;"NOVA LARANJEIRAS";"Velocidade Incompatível";"Tombamento";"Com Vítimas Feridas";"Amanhecer";"Crescente";"Céu Claro";"Simples";"Curva;Ponte";"Não";2;0;0;1;0;1;1;2;-25,30767734;-52,53721208;"SPRF-PR";"DEL04-PR";"UOP02-DEL04-PR"
540777;2023-08-07;"segunda-feira";"07:50:00";"PE";101;80;"JABOATAO DOS GUARARAPES";"Trafegar com motocicleta (ou similar) entre as faixas";"Colisão lateral mesmo sentido";"Com Vítimas Fatais";"Pleno dia";"Crescente";"Céu Claro";"Múltipla";"Reta";"Sim";2;1;0;0;1;0;0;2;-8,15112589;-34,9428866;"SPRF-PE";"DEL01-PE";"UOP01-DEL01-PE"
540793;2023-03-25;"sábado";"02:50:00";"MG";381;480,8;"CONTAGEM";"Pedestre cruzava a pista fora da faixa";"Atropelamento de Pedestre";"Com Vítimas Fatais";"Plena Noite";"Decrescente";"Céu Claro";"Dupla";"Declive;Reta";"Sim";2;1;0;0;1;0;0;2;-19,95830347;-44,05787945;"SPRF-MG";"DEL01-MG";"UOP03-DEL01-MG"
540795;2023-08-07;"segunda-feira";"08:00:00";"MT";163;566;"DIAMANTINO";"Condutor Dormindo";"Saída de leito carroçável";"Com Vítimas Feridas";"Pleno dia";"Crescente";"Céu Claro";"Simples";"Curva";"Não";2;0;1;0;0;1;1;2;-14,19737101;-56,08748148;"SPRF-MT";"DEL01-MT";"UOP01-DEL01-MT"
540799;2023-07-18;"terça-feira";"13:09:00";"PR";277;3;"PARANAGUA";"Manobra de mudança de faixa";"Tombamento";"Com Vítimas Feridas";"Pleno dia";"Crescente";"Garoa/Chuvisco";"Dupla";"Reta";"Sim";4;0;0;1;1;4;1;6;-25,54536487;-48,5429728;"SPRF-PR";"DEL01-PR";"UOP05-DEL01-PR"
540801;2023-08-07;"segunda-feira";"09:00:00";"MG";40;385,9;"CURVELO";"Mal súbito do condutor";"Saída de leito carroçável";"Com Vítimas Feridas";"Pleno dia";"Crescente";"Céu Claro";"Simples";"Declive;Ponte;Reta";"Não";1;0;1;0;0;0;1;1;-18,91566485;-44,68369246;"SPRF-MG";"DEL02-MG";"UOP01-DEL02-MG"
540804;2023-08-07;"segunda-feira";"09:05:00";"SP";116;155;"SAO JOSE DOS CAMPOS";"Trafegar com motocicleta (ou similar) entre as faixas";"Colisão traseira";"Com Vítimas Feridas";"Pleno dia";"Crescente";"Céu Claro";"Dupla";"Declive;Em Obras;Reta";"Sim";2;0;1;0;1;0;1;2;-23,24524337;-45,92772774;"SPRF-SP";"DEL02-SP";"UOP01-DEL02-SP"
540805;2023-08-07;"segunda-feira";"09:00:00";"SP";116;108;"TAUBATE";"Reação tardia ou ineficiente do condutor";"Colisão traseira";"Sem Vítimas";"Pleno dia";"Crescente";"Céu Claro";"Dupla";"Reta";"Não";4;0;0;0;3;2;0;5;-23,0233097;-45,53763622;"SPRF-SP";"DEL08-SP";"UOP01-DEL08-SP"
540806;2023-07-10;"segunda-feira";"03:45:00";"MG";381;365;"SAO GONCALO DO RIO ABAIXO";"Ausência de reação do condutor";"Tombamento";"Com Vítimas Fatais";"Plena Noite";"Decrescente";"Céu Claro";"Simples";"Curva;Declive";"Não";2;1;0;0;0;1;0;2;-19,854651;-43,261071;"SPRF-MG";"DEL03-MG";"UOP01-DEL03-MG"
540808;2023-08-07;"segunda-feira";"10:00:00";"BA";116;572;"BREJOES";"Mal súbito do condutor";"Colisão frontal";"Com Vítimas Fatais";"Pleno dia";"Crescente";"Céu Claro";"Simples";"Declive;Reta";"Não";4;2;0;0;1;2;0;4;-13,026093;-39,96092;"SPRF-BA";"DEL03-BA";"UOP02-DEL03-BA"
540813;2023-08-07;"segunda-feira";"11:05:00";"SC";101;163;"TIJUCAS";"Demais falhas mecânicas ou elétricas";"Tombamento";"Sem Vítimas";"Pleno dia";"Decrescente";"Nublado";"Múltipla";"Ponte;Reta;Aclive";"Sim";1;0;0;0;1;0;0;1;-27,24514868;-48,63087416;"SPRF-SC";"DEL04-SC";"UOP03-DEL04-SC"
540818;2023-08-07;"segunda-feira";"11:20:00";"MG";251;482,1;"FRANCISCO SA";"Condutor Dormindo";"Colisão com objeto";"Sem Vítimas";"Pleno dia";"Crescente";"Céu Claro";"Simples";"Reta";"Não";2;0;0;0;1;1;0;2;-16,493197;-43,52061;"SPRF-MG";"DEL12-MG";"UOP01-DEL12-MG"
540819;2023-08-07;"segunda-feira";"09:55:00";"RS";386;384;"TABAI";"Chuva";"Colisão traseira";"Com Vítimas Feridas";"Pleno dia";"Crescente";"Chuva";"Dupla";"Reta";"Não";4;0;2;0;2;0;2;2;-29,676041;-51,731548;"SPRF-RS";"DEL04-RS";"UOP01-DEL04-RS"
540824;2023-08-07;"segunda-feira";"10:40:00";"RS";386;62,7;"BOA VISTA DAS MISSOES";"Condutor deixou de manter distância do veículo da frente";"Colisão traseira";"Com Vítimas Feridas";"Pleno dia";"Crescente";"Chuva";"Simples";"Reta";"Não";7;0;1;1;4;2;2;6;-27,598866;-53,343384;"SPRF-RS";"DEL08-RS";"UOP02-DEL08-RS"
540828;2023-08-07;"segunda-feira";"09:20:00";"PR";280;262,9;"MARMELEIRO";"Mal súbito do condutor";"Saída de leito carroçável";"Com Vítimas Feridas";"Pleno dia";"Decrescente";"Nublado";"Simples";"Reta";"Não";2;0;1;0;0;1;1;2;-26,18574678;-53,07714718;"SPRF-PR";"DEL02-PR";"UOP01-DEL02-PR"
540831;2023-08-07;"segunda-feira";"12:30:00";"SC";101;215;"PALHOCA";"Condutor deixou de manter distância do veículo da frente";"Colisão traseira";"Com Vítimas Feridas";"Pleno dia";"Crescente";"Céu Claro";"Dupla";"Reta";"Não";4;0;1;0;2;1;1;3;-27,65184843;-48,67604941;"SPRF-SC";"DEL01-SC";"UOP02-DEL01-SC"
540835;2023-08-07;"segunda-feira";"12:50:00";"ES";101;214;"IBIRACU";"Problema com o freio";"Colisão traseira";"Com Vítimas Feridas";"Pleno dia";"Crescente";"Céu Claro";"Simples";"Reta";"Não";2;0;1;0;1;0;1;2;-19,82999127;-40,37211181;"SPRF-ES";"DEL02-ES";"UOP01-DEL02-ES"
540838;2023-08-07;"segunda-feira";"12:10:00";"MG";262;48,1;"MANHUACU";"Transitar na contramão";"Colisão lateral sentido oposto";"Sem Vítimas";"Pleno dia";"Crescente";"Céu Claro";"Simples";"Curva";"Não";2;0;0;0;1;1;0;2;-20,25373412;-42,12287611;"SPRF-MG";"DEL06-MG";"UOP03-DEL06-MG"
540839;2023-08-07;"segunda-feira";"13:00:00";"RS";386;306,6;"POUSO NOVO";"Ausência de reação do condutor";"Saída de leito carroçável";"Com Vítimas Feridas";"Pleno dia";"Crescente";"Chuva";"Simples";"Curva;Aclive";"Não";2;0;2;0;0;0;2;1;-29,2017077;-52,1834265;"SPRF-RS";"DEL04-RS";"UOP01-DEL04-RS"
540845;2023-08-07;"segunda-feira";"14:30:00";"RS";285;195,5;"LAGOA VERMELHA";"Demais falhas mecânicas ou elétricas";"Colisão com objeto";"Com Vítimas Feridas";"Pleno dia";"Decrescente";"Chuva";"Simples";"Reta";"Não";3;0;1;0;1;1;1;3;-28,234371;-51,50174;"SPRF-RS";"DEL08-RS";"UOP05-DEL08-RS"
540847;2023-05-13;"sábado";"17:50:00";"PI";343;308;"ALTOS";"Pedestre cruzava a pista fora da faixa";"Atropelamento de Pedestre";"Com Vítimas Feridas";"Anoitecer";"Crescente";"Céu Claro";"Simples";"Reta";"Sim";3;0;0;1;1;1;1;3;-5,03975375;-42,47284412;"SPRF-PI";"DEL01-PI";"UOP01-DEL01-PI"
540849;2023-08-07;"segunda-feira";"12:30:00";"PR";277;115;"CAMPO LARGO";"Ausência de reação do condutor";"Colisão lateral mesmo sentido";"Sem Vítimas";"Pleno dia";"Crescente";"Céu Claro";"Dupla";"Reta";"Não";3;0;0;0;2;2;0;4;-25,44357;-49,50564;"SPRF-PR";"DEL03-PR";"UOP03-DEL03-PR"
540850;2023-08-07;"segunda-feira";"13:40:00";"SP";381;57;"MAIRIPORA";"Manobra de mudança de faixa";"Colisão traseira";"Com Vítimas Feridas";"Pleno dia";"Crescente";"Céu Claro";"Dupla";"Curva;Declive";"Sim";3;0;1;0;1;1;1;3;-23,2658219;-46,5839857;"SPRF-SP";"DEL03-SP";"UOP01-DEL03-SP"
540851;2023-08-07;"segunda-feira";"13:50:00";"MG";381;438;"SABARA";"Ausência de reação do condutor";"Tombamento";"Com Vítimas Feridas";"Pleno dia";"Crescente";"Céu Claro";"Simples";"Curva";"Não";2;0;1;0;0;1;1;2;-19,80934407;-43,777791;"SPRF-MG";"DEL01-MG";"UOP01-DEL01-MG"
540854;2023-08-07;"segunda-feira";"14:40:00";"RS";116;233;"ESTANCIA VELHA";"Transitar na contramão";"Colisão frontal";"Com Vítimas Fatais";"Pleno dia";"Crescente";"Chuva";"Simples";"Declive;Reta";"Não";3;1;0;0;1;1;0;3;-29,63549101;-51,14253343;"SPRF-RS";"DEL01-RS";"UOP02-DEL01-RS"
540857;2023-08-07;"segunda-feira";"15:20:00";"SC";101;2;"GARUVA";"Manobra de mudança de faixa";"Colisão traseira";"Com Vítimas Feridas";"Pleno dia";"Crescente";"Nublado";"Dupla";"Reta";"Não";3;0;1;0;1;1;1;3;-25,99699834;-48,87891655;"SPRF-SC";"DEL03-SC";"UOP01-DEL03-SC"
540860;2023-06-24;"sábado";"15:50:00";"ES";101;457,9;"MIMOSO DO SUL";"Velocidade Incompatível";"Colisão frontal";"Com Vítimas Feridas";"Pleno dia";"Decrescente";"Céu Claro";"Simples";"Curva";"Não";4;0;1;1;1;1;2;4;-21,19404508;-41,29778404;"SPRF-ES";"DEL03-ES";"UOP02-DEL03-ES"
540862;2023-08-07;"segunda-feira";"15:52:00";"PI";343;345,6;"TERESINA";"Trafegar com motocicleta (ou similar) entre as faixas";"Colisão lateral mesmo sentido";"Com Vítimas Feridas";"Pleno dia";"Decrescente";"Sol";"Dupla";"Reta";"Sim";2;0;0;1;1;0;1;2;-5,102889;-42,766506;"SPRF-PI";"DEL01-PI";"UOP01-DEL01-PI"
540866;2023-08-07;"segunda-feira";"16:55:00";"PR";373;172;"PONTA GROSSA";"Ausência de reação do condutor";"Colisão lateral mesmo sentido";"Com Vítimas Feridas";"Pleno dia";"Crescente";"Céu Claro";"Dupla";"Reta";"Sim";3;0;1;0;1;1;1;3;-25,08139932;-50,19200981;"SPRF-PR";"DEL03-PR";"UOP01-DEL03-PR"
540875;2023-08-07;"segunda-feira";"17:00:00";"PE";101;66,4;"RECIFE";"Trafegar com motocicleta (ou similar) entre as faixas";"Colisão lateral mesmo sentido";"Com Vítimas Fatais";"Anoitecer";"Crescente";"Céu Claro";"Dupla";"Viaduto;Reta";"Sim";4;1;0;0;1;2;0;4;-8,03368534;-34,94184125;"SPRF-PE";"DEL01-PE";"UOP01-DEL01-PE"
540876;2023-08-07;"segunda-feira";"17:35:00";"SC";101;33;"JOINVILLE";"Reação tardia ou ineficiente do condutor";"Colisão traseira";"Com Vítimas Feridas";"Anoitecer";"Crescente";"Chuva";"Dupla";"Reta";"Não";3;0;1;0;1;2;1;4;-26,25370179;-48,90666962;"SPRF-SC";"DEL03-SC";"UOP01-DEL03-SC"
540879;2023-08-07;"segunda-feira";"18:03:00";"ES";101;145;"LINHARES";"Acessar a via sem observar a presença dos outros veículos";"Colisão transversal";"Com Vítimas Feridas";"Plena Noite";"Crescente";"Nublado";"Simples";"Reta";"Sim";4;0;0;1;1;2;1;4;-19,36089598;-40,06464018;"SPRF-ES";"DEL04-ES";"UOP01-DEL04-ES"
540882;2023-08-07;"segunda-feira";"18:00:00";"GO";60;164;"GOIANIA";"Transitar no Acostamento";"Queda de ocupante de veículo";"Com Vítimas Feridas";"Pleno dia";"Crescente";"Céu Claro";"Dupla";"Reta";"Sim";3;0;0;1;1;3;1;5;-16,7036;-49,342;"SPRF-GO";"DEL01-GO";"UOP02-DEL01-GO"
540883;2023-08-07;"segunda-feira";"16:40:00";"MS";262;36,1;"TRES LAGOAS";"Ausência de reação do condutor";"Colisão traseira";"Com Vítimas Feridas";"Anoitecer";"Crescente";"Sol";"Simples";"Reta";"Não";3;0;1;0;1;2;1;4;-20,784993;-51,933201;"SPRF-MS";"DEL07-MS";"UOP01-DEL07-MS"
540886;2023-08-07;"segunda-feira";"18:40:00";"SC";101;208;"SAO JOSE";"Acessar a via sem observar a presença dos outros veículos";"Colisão lateral mesmo sentido";"Sem Vítimas";"Pleno dia";"Decrescente";"Nublado";"Múltipla";"Reta";"Não";2;0;0;0;2;0;0;2;-27,60327979;-48,63201818;"SPRF-SC";"DEL01-SC";"UOP01-DEL01-SC"
540887;2023-08-07;"segunda-feira";"17:45:00";"GO";153;670;"PANAMA";"Demais falhas mecânicas ou elétricas";"Capotamento";"Com Vítimas Feridas";"Pleno dia";"Decrescente";"Céu Claro";"Dupla";"Declive;Reta";"Não";3;0;1;0;2;0;1;2;-18,1413;-49,2886;"SPRF-GO";"DEL03-GO";"UOP02-DEL03-GO"
540896;2023-08-07;"segunda-feira";"19:08:00";"SP";153;85;"MIRASSOL";"Demais falhas na via";"Colisão traseira";"Com Vítimas Feridas";"Plena Noite";"Decrescente";"Céu Claro";"Dupla";"Reta;Viaduto;Aclive;Em Obras";"Não";4;0;0;1;2;1;1;4;-20,9344296;-49,51909431;"SPRF-SP";"DEL09-SP";"UOP01-DEL09-SP"
540899;2023-08-07;"segunda-feira";"18:30:00";"PR";116;101;"SAO JOSE DOS PINHAIS";"Trafegar com motocicleta (ou similar) entre as faixas";"Colisão lateral mesmo sentido";"Com Vítimas Fatais";"Anoitecer";"Crescente";"Céu Claro";"Dupla";"Reta";"Não";5;1;0;0;1;3;0;5;-25,54167701;-49,1509368;"SPRF-PR";"DEL01-PR";"UOP07-DEL01-PR"
540900;2023-08-07;"segunda-feira";"10:56:00";"MG";364;1;"PLANURA";"Condutor deixou de manter distância do veículo da frente";"Saída de leito carroçável";"Sem Vítimas";"Pleno dia";"Crescente";"Céu Claro";"Simples";"Reta";"Não";4;0;0;0;2;2;0;3;-20,13824;-48,702347;"SPRF-MG";"DEL13-MG";"UOP02-DEL13-MG"
540903;2023-08-07;"segunda-feira";"19:00:00";"BA";116;8;"VITORIA DA CONQUISTA";"Problema com o freio";"Colisão lateral sentido oposto";"Com Vítimas Feridas";"Plena Noite";"Crescente";"Céu Claro";"Simples";"Declive";"Sim";5;0;1;0;3;1;1;5;-14,83277906;-40,88709399;"SPRF-PE";"DEL05-PE";"UOP03-DEL05-PE"
540904;2023-08-07;"segunda-feira";"08:05:00";"MG";262;815,7;"UBERABA";"Condutor Dormindo";"Saída de leito carroçável";"Com Vítimas Feridas";"Pleno dia";"Crescente";"Céu Claro";"Dupla";"Reta";"Não";2;0;1;0;1;0;1;1;-19,76466268;-48,12500294;"SPRF-MG";"DEL13-MG";"UOP01-DEL13-MG"
540907;2023-08-07;"segunda-feira";"15:15:00";"MG";50;137,7;"UBERABA";"Ausência de reação do condutor";"Colisão traseira";"Com Vítimas Feridas";"Anoitecer";"Crescente";"Céu Claro";"Dupla";"Reta";"Não";3;0;1;0;1;2;1;4;-19,45056192;-48,06142574;"SPRF-MG";"DEL13-MG";"UOP01-DEL13-MG"
540911;2023-08-07;"segunda-feira";"16:30:00";"BA";101;825;"ITAMARAJU";"Reação tardia ou ineficiente do condutor";"Saída de leito carroçável";"Com Vítimas Feridas";"Pleno dia";"Crescente";"Chuva";"Simples";"Reta";"Não";2;0;1;0;0;1;1;2;-17,145545;-39,567803;"SPRF-BA";"DEL09-BA";"UOP02-DEL09-BA"