"id";"data_inversa";"dia_semana";"horario";"uf";"br";"km";"municipio";"causa_acidente";"tipo_acidente";"classificacao_acidente";"fase_dia";"sentido_via";"condicao_metereologica";"tipo_pista";"tracado_via";"uso_solo";"pessoas";"mortos";"feridos_leves";"feridos_graves";"ilesos";"ignorados";"feridos";"veiculos";"latitude";"longitude";"regional";"delegacia";"uop"
540913;2023-07-30;"domingo";"08:35:00";"AM";174;948;"MANAUS";"Transitar na contramão";"Colisão frontal";"Com Vítimas Feridas";"Pleno dia";"Decrescente";"Céu Claro";"Simples";"Reta";"Não";4;0;1;0;2;1;1;3;-2,4168429;-60,03191056;"SPRF-AM";"DEL01-AM";"UOP01-DEL01-AM"
540922;2023-08-07;"segunda-feira";"19:50:00";"CE";116;487,4;"MILAGRES";"Pista esburacada";"Saída de leito carroçável";"Sem Vítimas";"Plena Noite";"Crescente";"Céu Claro";"Simples";"Reta";"Não";3;0;0;0;2;3;0;4;-7,335577;-38,93697408;"SPRF-CE";"DEL05-CE";"UOP03-DEL05-CE"
540927;2023-08-07;"segunda-feira";"22:10:00";"PR";116;22;"CAMPINA GRANDE DO SUL";"Reação tardia ou ineficiente do condutor";"Saída de leito carroçável";"Sem Vítimas";"Plena Noite";"Decrescente";"Ignorado";"Dupla";"Curva";"Não";4;0;0;0;3;2;0;5;-25,10922624;-48,74659689;"SPRF-PR";"DEL01-PR";"UOP02-DEL01-PR"
540929;2023-08-07;"segunda-feira";"21:00:00";"PR";476;189;"LAPA";"Carga excessiva e/ou mal acondicionada";"Tombamento";"Com Vítimas Feridas";"Plena Noite";"Decrescente";"Céu Claro";"Simples";"Curva";"Não";2;0;1;0;0;2;1;3;-25,71854;-49,677685;"SPRF-PR";"DEL01-PR";"UOP06-DEL01-PR"
540932;2023-08-07;"segunda-feira";"23:35:00";"PR";376;476;"PONTA GROSSA";"Ausência de reação do condutor";"Tombamento";"Com Vítimas Feridas";"Plena Noite";"Decrescente";"Nublado";"Dupla";"Curva";"Não";2;0;0;1;0;1;1;2;-25,03935712;-50,2767641;"SPRF-PR";"DEL03-PR";"UOP01-DEL03-PR"
540936;2023-08-08;"terça-feira";"03:15:00";"BA";324;444;"RIACHAO DO JACUIPE";"Transitar na contramão";"Colisão frontal";"Com Vítimas Feridas";"Plena Noite";"Crescente";"Nublado";"Simples";"Aclive;Reta";"Não";3;0;1;0;1;1;1;3;-11,83266201;-39,35776591;"SPRF-BA";"DEL02-BA";"UOP01-DEL02-BA"
540939;2023-08-08;"terça-feira";"03:50:00";"PI";316;216;"VALENCA DO PIAUI";"Condutor Dormindo";"Saída de leito carroçável";"Com Vítimas Feridas";"Plena Noite";"Decrescente";"Céu Claro";"Simples";"Reta";"Não";2;0;1;0;0;1;1;2;-6,43729834;-41,74969221;"SPRF-PI";"DEL04-PI";"UOP02-DEL04-PI"
540943;2023-08-08;"terça-feira";"07:00:00";"PE";101;69;"RECIFE";"Ausência de reação do condutor";"Colisão traseira";"Sem Vítimas";"Pleno dia";"Crescente";"Céu Claro";"Múltipla";"Reta";"Sim";2;0;0;0;2;0;0;2;-8,05951606;-34,94581024;"SPRF-PE";"DEL01-PE";"UOP01-DEL01-PE"
540948;2023-08-08;"terça-feira";"06:35:00";"RS";386;165,4;"CARAZINHO";"Condutor deixou de manter distância do veículo da frente";"Colisão traseira";"Com Vítimas Fatais";"Amanhecer";"Decrescente";"Céu Claro";"Dupla";"Reta";"Não";3;1;0;0;1;1;0;3;-28,197134;-52,827736;"SPRF-RS";"DEL08-RS";"UOP01-DEL08-RS"
540949;2023-08-08;"terça-feira";"06:20:00";"SC";101;242;"PALHOCA";"Ausência de reação do condutor";"Colisão lateral mesmo sentido";"Com Vítimas Feridas";"Pleno dia";"Crescente";"Nublado";"Múltipla";"Reta";"Não";2;0;1;0;0;1;1;2;-27,88419902;-48,64750077;"SPRF-SC";"DEL01-SC";"UOP02-DEL01-SC"
540964;2023-08-08;"terça-feira";"08:30:00";"GO";60;165;"GOIANIA";"Ausência de sinalização";"Colisão traseira";"Com Vítimas Feridas";"Pleno dia";"Crescente";"Céu Claro";"Dupla";"Reta";"Não";2;0;0;1;1;0;1;2;-16,7084;-49,3503;"SPRF-GO";"DEL01-GO";"UOP02-DEL01-GO"
540965;2023-08-08;"terça-feira";"05:40:00";"RO";364;76;"VILHENA";"Demais falhas mecânicas ou elétricas";"Incêndio";"Sem Vítimas";"Amanhecer";"Crescente";"Céu Claro";"Simples";"Declive;Reta";"Não";2;0;0;0;1;3;0;4;-12,45032778;-60,54493192;"SPRF-RO";"DEL04-RO";"UOP01-DEL04-RO"
540966;2023-08-08;"terça-feira";"06:21:00";"BA";101;730;"ITABELA";"Ausência de reação do condutor";"Tombamento";"Com Vítimas Feridas";"Amanhecer";"Decrescente";"Céu Claro";"Simples";"Curva;Aclive";"Não";2;0;1;0;0;2;1;3;-16,469907;-39,574709;"SPRF-BA";"DEL09-BA";"UOP01-DEL09-BA"
540968;2023-08-05;"sábado";"07:30:00";"MG";116;440,2;"ENGENHEIRO CALDAS";"Condutor deixou de manter distância do veículo da frente";"Colisão traseira";"Com Vítimas Feridas";"Pleno dia";"Decrescente";"Céu Claro";"Simples";"Reta";"Não";5;0;1;0;2;3;1;6;-19,07573504;-41,99988204;"SPRF-MG";"DEL06-MG";"UOP01-DEL06-MG"
540974;2023-08-07;"segunda-feira";"16:30:00";"RS";472;575;"URUGUAIANA";"Acessar a via sem observar a presença dos outros veículos";"Colisão transversal";"Com Vítimas Feridas";"Pleno dia";"Crescente";"Céu Claro";"Simples";"Rotatória";"Sim";2;0;1;0;1;0;1;2;-29,76244016;-57,05715179;"SPRF-RS";"DEL13-RS";"UOP01-DEL13-RS"
540976;2023-08-08;"terça-feira";"08:15:00";"RS";386;218,9;"TIO HUGO";"Ausência de reação do condutor";"Colisão lateral sentido oposto";"Com Vítimas Feridas";"Pleno dia";"Crescente";"Céu Claro";"Simples";"Curva";"Não";3;0;2;0;0;1;2;3;-28,60810956;-52,60687351;"SPRF-RS";"DEL04-RS";"UOP03-DEL04-RS"
540980;2023-08-08;"terça-feira";"05:50:00";"RO";364;496;"ARIQUEMES";"Condutor Dormindo";"Colisão frontal";"Com Vítimas Feridas";"Amanhecer";"Crescente";"Céu Claro";"Simples";"Declive;Reta";"Não";5;0;1;2;1;3;3;5;-10,06422899;-62,97402181;"SPRF-RO";"DEL03-RO";"UOP01-DEL03-RO"
540982;2023-08-08;"terça-feira";"05:00:00";"MG";381;942;"EXTREMA";"Problema na suspensão";"Saída de leito carroçável";"Sem Vítimas";"Amanhecer";"Crescente";"Céu Claro";"Dupla";"Declive";"Não";3;0;0;0;0;3;0;2;-22,86605937;-46,34940386;"SPRF-MG";"DEL16-MG";"UOP03-DEL16-MG"
540985;2023-08-08;"terça-feira";"08:30:00";"SP";116;317;"JUQUITIBA";"Manobra de mudança de faixa";"Colisão traseira";"Sem Vítimas";"Pleno dia";"Decrescente";"Chuva";"Dupla";"Curva";"Não";3;0;0;0;3;0;0;2;-23,91799802;-46,98973192;"SPRF-SP";"DEL04-SP";"UOP03-DEL04-SP"
540991;2023-08-08;"terça-feira";"10:15:00";"SC";101;91,9;"BARRA VELHA";"Condutor deixou de manter distância do veículo da frente";"Colisão traseira";"Com Vítimas Feridas";"Pleno dia";"Decrescente";"Nublado";"Dupla";"Reta";"Não";5;0;2;0;3;0;2;4;-26,67123757;-48,68999004;"SPRF-SC";"DEL03-SC";"UOP02-DEL03-SC"
540996;2023-08-08;"terça-feira";"10:10:00";"RS";392;113;"CANGUCU";"Acessar a via sem observar a presença dos outros veículos";"Colisão lateral mesmo sentido";"Sem Vítimas";"Pleno dia";"Crescente";"Céu Claro";"Simples";"Reta";"Sim";3;0;0;0;2;1;0;3;-31,43953295;-52,64988094;"SPRF-RS";"DEL07-RS";"UOP01-DEL07-RS"
540997;2023-08-08;"terça-feira";"09:55:00";"RS";290;492,2;"ROSARIO DO SUL";"Transitar na contramão";"Colisão frontal";"Com Vítimas Fatais";"Pleno dia";"Crescente";"Céu Claro";"Simples";"Curva;Aclive";"Não";3;1;0;0;1;1;0;3;-30,221771;-55,036678;"SPRF-RS";"DEL11-RS";"UOP02-DEL11-RS"
541001;2023-08-08;"terça-feira";"10:00:00";"CE";116;30;"AQUIRAZ";"Avarias e/ou desgaste excessivo no pneu";"Colisão lateral mesmo sentido";"Sem Vítimas";"Pleno dia";"Decrescente";"Céu Claro";"Múltipla";"Curva";"Não";2;0;0;0;2;0;0;2;-4,01095;-38,518024;"SPRF-CE";"DEL01-CE";"UOP02-DEL01-CE"
541002;2023-08-08;"terça-feira";"11:10:00";"RS";386;236,9;"SOLEDADE";"Velocidade Incompatível";"Colisão traseira";"Com Vítimas Feridas";"Pleno dia";"Decrescente";"Céu Claro";"Simples";"Aclive";"Não";7;0;2;0;4;1;2;4;-28,738714;-52,553207;"SPRF-RS";"DEL04-RS";"UOP03-DEL04-RS"
541004;2023-08-08;"terça-feira";"11:30:00";"SP";116;212;"GUARULHOS";"Acessar a via sem observar a presença dos outros veículos";"Colisão transversal";"Com Vítimas Feridas";"Pleno dia";"Crescente";"Nublado";"Múltipla";"Aclive;Reta";"Sim";4;0;1;2;1;0;3;2;-23,43608315;-46,42805094;"SPRF-SP";"DEL01-SP";"UOP01-DEL01-SP"
541005;2023-08-08;"terça-feira";"08:00:00";"SP";116;364;"PEDRO DE TOLEDO";"Acumulo de óleo sobre o pavimento";"Colisão com objeto";"Com Vítimas Feridas";"Pleno dia";"Decrescente";"Nublado";"Dupla";"Reta";"Não";2;0;1;0;0;1;1;2;-24,13881806;-47,27310246;"SPRF-SP";"DEL04-SP";"UOP02-DEL04-SP"
541008;2023-08-08;"terça-feira";"10:00:00";"SP";116;339;"JUQUITIBA";"Chuva";"Saída de leito carroçável";"Com Vítimas Feridas";"Pleno dia";"Crescente";"Chuva";"Dupla";"Declive;Reta";"Não";2;0;1;0;0;1;1;2;-23,9983939;-47,14927316;"SPRF-SP";"DEL04-SP";"UOP03-DEL04-SP"
541012;2023-08-08;"terça-feira";"08:30:00";"PR";153;137,5;"VENTANIA";"Velocidade Incompatível";"Colisão lateral sentido oposto";"Com Vítimas Fatais";"Pleno dia";"Crescente";"Chuva";"Simples";"Curva";"Não";6;1;0;0;3;5;0;8;-24,06436138;-50,25337458;"SPRF-PR";"DEL07-PR";"UOP04-DEL07-PR"
541014;2023-08-08;"terça-feira";"10:50:00";"MG";251;518,1;"MONTES CLAROS";"Acumulo de óleo sobre o pavimento";"Saída de leito carroçável";"Com Vítimas Feridas";"Pleno dia";"Decrescente";"Sol";"Simples";"Reta";"Não";1;0;1;0;0;0;1;1;-16,66257909;-43,76892799;"SPRF-MG";"DEL12-MG";"UOP01-DEL12-MG"
541015;2023-08-08;"terça-feira";"12:00:00";"SC";282;58,1;"RANCHO QUEIMADO";"Reação tardia ou ineficiente do condutor";"Colisão transversal";"Com Vítimas Feridas";"Pleno dia";"Decrescente";"Nublado";"Simples";"Curva";"Sim";6;0;5;0;1;0;5;2;-27,683594;-49,005539;"SPRF-SC";"DEL01-SC";"UOP03-DEL01-SC"
541019;2023-07-06;"quinta-feira";"09:52:00";"PA";163;306;"NOVO PROGRESSO";"Transitar na contramão";"Colisão frontal";"Com Vítimas Fatais";"Pleno dia";"Decrescente";"Céu Claro";"Simples";"Aclive;Reta";"Não";4;1;0;0;2;6;0;9;-7,080094;-55,406313;"SPRF-PA";"DEL05-PA";"UOP02-DEL05-PA"
541023;2023-08-08;"terça-feira";"11:30:00";"MG";354;711,9;"CAXAMBU";"Transitar na contramão";"Colisão frontal";"Com Vítimas Feridas";"Pleno dia";"Decrescente";"Céu Claro";"Simples";"Curva";"Não";4;0;1;0;3;0;1;2;-22,04454885;-44,92651912;"SPRF-MG";"DEL17-MG";"UOP01-DEL17-MG"
541025;2023-08-08;"terça-feira";"12:35:00";"MG";40;516;"RIBEIRAO DAS NEVES";"Manobra de mudança de faixa";"Colisão lateral mesmo sentido";"Com Vítimas Feridas";"Pleno dia";"Decrescente";"Céu Claro";"Dupla";"Aclive;Reta";"Sim";3;0;1;0;1;2;1;4;-19,81628624;-44,08960124;"SPRF-MG";"DEL01-MG";"UOP02-DEL01-MG"
541031;2023-07-27;"quinta-feira";"06:40:00";"RJ";393;205;"VASSOURAS";"Ausência de reação do condutor";"Colisão frontal";"Com Vítimas Fatais";"Amanhecer";"Crescente";"Nublado";"Simples";"Declive;Curva";"Não";2;1;0;0;1;0;0;2;-22,24;-43,418945;"SPRF-RJ";"DEL05-RJ";"UOP03-DEL05-RJ"
541032;2023-08-08;"terça-feira";"14:20:00";"TO";153;721;"FIGUEIROPOLIS";"Transitar na contramão";"Colisão frontal";"Com Vítimas Feridas";"Pleno dia";"Crescente";"Céu Claro";"Simples";"Reta";"Sim";2;0;0;1;1;0;1;2;-12,12858166;-49,17194586;"SPRF-TO";"DEL01-TO";"UOP02-DEL01-TO"
541036;2023-08-08;"terça-feira";"14:50:00";"PR";277;146,5;"PALMEIRA";"Ausência de sinalização";"Colisão traseira";"Com Vítimas Feridas";"Pleno dia";"Decrescente";"Nublado";"Simples";"Reta";"Não";5;0;1;0;3;1;1;4;-25,470178;-49,791223;"SPRF-PR";"DEL03-PR";"UOP03-DEL03-PR"
541042;2023-08-08;"terça-feira";"11:30:00";"MT";364;342,7;"SANTO ANTONIO DO LEVERGER";"Velocidade Incompatível";"Engavetamento";"Sem Vítimas";"Pleno dia";"Crescente";"Céu Claro";"Dupla";"Reta";"Não";7;0;0;0;6;4;0;10;-15,82922629;-55,46004487;"SPRF-MT";"DEL05-MT";"UOP02-DEL05-MT"
541050;2023-08-08;"terça-feira";"14:45:00";"MG";381;812,1;"CAREACU";"Manobra de mudança de faixa";"Colisão traseira";"Sem Vítimas";"Pleno dia";"Decrescente";"Céu Claro";"Dupla";"Curva;Aclive";"Não";3;0;0;0;2;1;0;3;-22,06199504;-45,70068392;"SPRF-MG";"DEL16-MG";"UOP02-DEL16-MG"
541055;2023-08-08;"terça-feira";"15:40:00";"RS";470;232;"CARLOS BARBOSA";"Acessar a via sem observar a presença dos outros veículos";"Colisão transversal";"Com Vítimas Feridas";"Pleno dia";"Decrescente";"Nublado";"Simples";"Rotatória;Interseção de Vias";"Não";2;0;1;0;1;0;1;2;-29,23579206;-51,51193423;"SPRF-RS";"DEL06-RS";"UOP01-DEL06-RS"
541057;2023-08-08;"terça-feira";"16:45:00";"CE";116;83,6;"OCARA";"Condutor deixou de manter distância do veículo da frente";"Colisão traseira";"Com Vítimas Feridas";"Pleno dia";"Crescente";"Céu Claro";"Simples";"Reta";"Não";4;0;1;0;3;0;1;2;-4,41359159;-38,41133595;"SPRF-CE";"DEL03-CE";"UOP02-DEL03-CE"
541059;2023-08-08;"terça-feira";"14:45:00";"PR";376;668,8;"GUARATUBA";"Problema com o freio";"Engavetamento";"Sem Vítimas";"Pleno dia";"Crescente";"Garoa/Chuvisco";"Dupla";"Declive;Curva";"Não";5;0;0;0;4;3;0;7;-25,872444;-48,936806;"SPRF-PR";"DEL01-PR";"UOP04-DEL01-PR"
541061;2023-08-08;"terça-feira";"13:40:00";"SC";282;418,7;"VARGEM BONITA";"Transitar na contramão";"Colisão frontal";"Com Vítimas Fatais";"Pleno dia";"Decrescente";"Céu Claro";"Simples";"Curva;Aclive";"Não";3;1;0;0;1;2;0;4;-27,02642;-51,729151;"SPRF-SC";"DEL07-SC";"UOP05-DEL07-SC"
541062;2023-08-08;"terça-feira";"13:50:00";"BA";349;985;"CORRENTINA";"Ingestão de álcool pelo condutor";"Colisão transversal";"Com Vítimas Fatais";"Pleno dia";"Crescente";"Céu Claro";"Simples";"Em Obras;Reta";"Não";5;1;1;0;3;0;1;2;-13,56590171;-45,14144897;"SPRF-BA";"DEL08-BA";"UOP04-DEL08-BA"
541063;2023-08-08;"terça-feira";"16:40:00";"SC";282;506;"XANXERE";"Reação tardia ou ineficiente do condutor";"Colisão traseira";"Com Vítimas Feridas";"Pleno dia";"Decrescente";"Céu Claro";"Dupla";"Aclive";"Não";3;0;1;0;1;2;1;4;-26,87149;-52,318768;"SPRF-SC";"DEL07-SC";"UOP01-DEL07-SC"
541070;2023-07-22;"sábado";"09:16:00";"ES";101;298;"VIANA";"Reação tardia ou ineficiente do condutor";"Colisão lateral sentido oposto";"Com Vítimas Feridas";"Pleno dia";"Crescente";"Nublado";"Dupla";"Reta";"Sim";3;0;0;1;1;1;1;3;-20,35702126;-40,41883495;"SPRF-ES";"DEL01-ES";"UOP01-DEL01-ES"
541075;2023-08-08;"terça-feira";"16:30:00";"GO";153;516,8;"APARECIDA DE GOIANIA";"Afundamento ou ondulação no pavimento";"Colisão traseira";"Sem Vítimas";"Pleno dia";"Decrescente";"Céu Claro";"Dupla";"Declive;Reta";"Não";6;0;0;0;5;1;0;3;-16,8504;-49,2473;"SPRF-GO";"DEL01-GO";"UOP03-DEL01-GO"
541077;2023-08-08;"terça-feira";"18:40:00";"MG";50;33,9;"ARAGUARI";"Condutor usando celular";"Engavetamento";"Com Vítimas Feridas";"Plena Noite";"Crescente";"Céu Claro";"Dupla";"Declive;Reta";"Não";4;0;1;0;2;4;1;7;-18,64031273;-48,12395543;"SPRF-MG";"DEL15-MG";"UOP02-DEL15-MG"
541078;2023-08-08;"terça-feira";"18:15:00";"SP";153;61,8;"SAO JOSE DO RIO PRETO";"Condutor deixou de manter distância do veículo da frente";"Colisão lateral mesmo sentido";"Com Vítimas Fatais";"Anoitecer";"Crescente";"Céu Claro";"Dupla";"Interseção de Vias";"Sim";8;1;0;0;6;1;0;7;-20,80502876;-49,35574909;"SPRF-SP";"DEL09-SP";"UOP01-DEL09-SP"
541084;2023-08-08;"terça-feira";"18:00:00";"PA";163;985;"SANTAREM";"Ingestão de álcool pelo condutor";"Derramamento de carga";"Sem Vítimas";"Anoitecer";"Decrescente";"Céu Claro";"Simples";"Reta";"Não";2;0;0;0;1;1;0;2;-2,60170904;-54,7193154;"SPRF-PA";"DEL05-PA";"UOP01-DEL05-PA"
541085;2023-06-04;"domingo";"09:15:00";"ES";101;8;"PEDRO CANARIO";"Velocidade Incompatível";"Tombamento";"Com Vítimas Feridas";"Pleno dia";"Crescente";"Céu Claro";"Simples";"Curva";"Não";2;0;0;1;0;1;1;2;-18,23027961;-39,95278417;"SPRF-ES";"DEL04-ES";"UOP02-DEL04-ES"
541087;2023-08-08;"terça-feira";"19:00:00";"PR";376;433;"TIBAGI";"Acessar a via sem observar a presença dos outros veículos";"Colisão lateral mesmo sentido";"Com Vítimas Feridas";"Plena Noite";"Decrescente";"Nublado";"Dupla";"Reta;Declive";"Não";3;0;0;1;1;1;1;3;-24,76099185;-50,52892327;"SPRF-PR";"DEL03-PR";"UOP02-DEL03-PR"
541089;2023-08-08;"terça-feira";"19:30:00";"PR";376;635;"SAO JOSE DOS PINHAIS";"Manobra de mudança de faixa";"Colisão transversal";"Com Vítimas Feridas";"Plena Noite";"Crescente";"Garoa/Chuvisco";"Dupla";"Reta";"Não";3;0;2;0;0;1;2;3;-25,73890105;-49,13059434;"SPRF-PR";"DEL01-PR";"UOP04-DEL01-PR"
541090;2023-07-28;"sexta-feira";"07:00:00";"AM";230;582,1;"HUMAITA";"Transitar na contramão";"Colisão lateral mesmo sentido";"Sem Vítimas";"Pleno dia";"Decrescente";"Céu Claro";"Simples";"Reta";"Não";2;0;0;0;2;0;0;2;-7,56265121;-62,8111021;"SPRF-AM";"DEL01-AM";"UOP05-DEL01-AM"
541099;2023-07-16;"domingo";"17:10:00";"SC";101;176;"GOVERNADOR CELSO RAMOS";"Trafegar com motocicleta (ou similar) entre as faixas";"Colisão traseira";"Com Vítimas Feridas";"Anoitecer";"Decrescente";"Céu Claro";"Dupla";"Reta";"Não";6;0;2;0;2;2;2;4;-27,34661396;-48,63300917;"SPRF-SC";"DEL01-SC";"UOP01-DEL01-SC"
541102;2023-08-08;"terça-feira";"10:55:00";"MT";70;521;"VARZEA GRANDE";"Acessar a via sem observar a presença dos outros veículos";"Colisão transversal";"Com Vítimas Feridas";"Pleno dia";"Decrescente";"Céu Claro";"Simples";"Reta";"Sim";3;0;1;0;1;1;1;3;-15,6675308;-56,18213123;"SPRF-MT";"DEL01-MT";"UOP02-DEL01-MT"
541105;2023-07-24;"segunda-feira";"00:10:00";"MT";163;1071;"GUARANTA DO NORTE";"Transitar na contramão";"Colisão frontal";"Com Vítimas Fatais";"Plena Noite";"Crescente";"Céu Claro";"Simples";"Reta";"Não";3;1;0;0;1;3;0;5;-10,03399901;-54,90986187;"SPRF-MT";"DEL06-MT";"UOP03-DEL06-MT"
541106;2023-08-08;"terça-feira";"20:50:00";"MG";262;357;"BETIM";"Acessar a via sem observar a presença dos outros veículos";"Colisão lateral mesmo sentido";"Com Vítimas Feridas";"Plena Noite";"Crescente";"Céu Claro";"Dupla";"Curva;Aclive";"Não";2;0;1;0;1;0;1;2;-19,97470835;-44,18804897;"SPRF-MG";"DEL01-MG";"UOP03-DEL01-MG"
541113;2023-08-08;"terça-feira";"19:50:00";"SP";116;4,7;"QUELUZ";"Problema com o freio";"Incêndio";"Sem Vítimas";"Plena Noite";"Decrescente";"Céu Claro";"Dupla";"Reta";"Não";2;0;0;0;1;1;0;2;-22,52543456;-44,73580573;"SPRF-SP";"DEL08-SP";"UOP02-DEL08-SP"
541115;2023-08-08;"terça-feira";"21:10:00";"PR";373;178,4;"PONTA GROSSA";"Entrada inopinada do pedestre";"Atropelamento de Pedestre";"Com Vítimas Fatais";"Plena Noite";"Decrescente";"Chuva";"Dupla";"Reta";"Sim";3;1;0;0;1;1;0;3;-25,047919;-50,23551;"SPRF-PR";"DEL03-PR";"UOP01-DEL03-PR"
541120;2023-08-08;"terça-feira";"21:49:00";"RJ";116;186;"NOVA IGUACU";"Ausência de reação do condutor";"Colisão traseira";"Com Vítimas Feridas";"Plena Noite";"Crescente";"Chuva";"Dupla";"Reta";"Sim";4;0;2;0;1;1;2;3;-22,73962339;-43,46276495;"SPRF-RJ";"DEL01-RJ";"UOP02-DEL01-RJ"
541121;2023-08-08;"terça-feira";"15:00:00";"BA";349;967;"CORRENTINA";"Entrada inopinada do pedestre";"Atropelamento de Pedestre";"Com Vítimas Fatais";"Pleno dia";"Decrescente";"Céu Claro";"Simples";"Reta";"Não";3;1;0;0;2;0;0;2;-13,54921391;-45,10368347;"SPRF-BA";"DEL08-BA";"UOP04-DEL08-BA"
541122;2023-08-08;"terça-feira";"20:25:00";"RS";285;185,9;"LAGOA VERMELHA";"Ausência de reação do condutor";"Colisão frontal";"Com Vítimas Feridas";"Plena Noite";"Decrescente";"Céu Claro";"Simples";"Curva";"Não";2;0;2;0;0;0;2;2;-28,297844;-51,450111;"SPRF-RS";"DEL08-RS";"UOP05-DEL08-RS"
541127;2023-08-08;"terça-feira";"15:40:00";"MG";116;638,2;"DIVINO";"Curva acentuada";"Saída de leito carroçável";"Com Vítimas Feridas";"Pleno dia";"Decrescente";"Céu Claro";"Simples";"Declive;Curva";"Não";3;0;0;1;0;2;1;3;-20,64107762;-42,24416971;"SPRF-MG";"DEL07-MG";"UOP02-DEL07-MG"
541132;2023-08-08;"terça-feira";"23:30:00";"PR";116;126,6;"CURITIBA";"Reação tardia ou ineficiente do condutor";"Colisão traseira";"Sem Vítimas";"Plena Noite";"Crescente";"Garoa/Chuvisco";"Múltipla";"Interseção de Vias;Reta";"Sim";2;0;0;0;2;0;0;2;-25,6441844;-49,31288481;"SPRF-PR";"DEL01-PR";"UOP03-DEL01-PR"
541138;2023-08-08;"terça-feira";"19:25:00";"RS";287;353;"JAGUARI";"Velocidade Incompatível";"Capotamento";"Com Vítimas Fatais";"Plena Noite";"Decrescente";"Nublado";"Simples";"Ponte;Curva;Declive";"Não";2;1;0;0;0;1;0;2;-29,49037595;-54,68028545;"SPRF-RS";"DEL12-RS";"UOP02-DEL12-RS"
541140;2023-08-09;"quarta-feira";"02:40:00";"TO";153;477;"BARROLANDIA";"Demais falhas mecânicas ou elétricas";"Incêndio";"Sem Vítimas";"Plena Noite";"Crescente";"Céu Claro";"Simples";"Reta";"Não";1;0;0;0;1;0;0;1;-10,04091944;-48,80805067;"SPRF-TO";"DEL01-TO";"UOP01-DEL01-TO"
541141;2023-08-09;"quarta-feira";"04:20:00";"MG";262;358;"BETIM";"Ausência de reação do condutor";"Colisão traseira";"Com Vítimas Feridas";"Plena Noite";"Decrescente";"Céu Claro";"Dupla";"Aclive;Reta";"Não";3;0;0;1;1;2;1;4;-19,97562699;-44,197751;"SPRF-MG";"DEL01-MG";"UOP03-DEL01-MG"
541142;2023-08-08;"terça-feira";"21:40:00";"GO";153;213;"URUACU";"Reação tardia ou ineficiente do condutor";"Tombamento";"Com Vítimas Feridas";"Plena Noite";"Decrescente";"Céu Claro";"Simples";"Curva;Rotatória";"Não";2;0;1;0;0;1;1;2;-14,634578;-49,175987;"SPRF-GO";"DEL07-GO";"UOP02-DEL07-GO"
541143;2023-08-09;"quarta-feira";"05:20:00";"CE";222;206;"FORQUILHA";"Ultrapassagem Indevida";"Colisão frontal";"Com Vítimas Feridas";"Amanhecer";"Crescente";"Ignorado";"Simples";"Reta";"Não";2;0;0;1;1;0;1;2;-3,78502295;-40,23752899;"SPRF-CE";"DEL04-CE";"UOP01-DEL04-CE"
541144;2023-08-09;"quarta-feira";"04:50:00";"PR";277;644,4;"CEU AZUL";"Reação tardia ou ineficiente do condutor";"Saída de leito carroçável";"Com Vítimas Feridas";"Plena Noite";"Crescente";"Chuva";"Simples";"Reta";"Não";1;0;1;0;0;0;1;1;-25,17363131;-53,88603272;"SPRF-PR";"DEL05-PR";"UOP02-DEL05-PR"
541158;2023-08-08;"terça-feira";"13:20:00";"RJ";356;64;"ITAPERUNA";"Velocidade Incompatível";"Saída de leito carroçável";"Com Vítimas Feridas";"Pleno dia";"Crescente";"Céu Claro";"Simples";"Curva;Aclive";"Não";2;0;1;0;0;3;1;4;-21,341824;-41,71171;"SPRF-RJ";"DEL08-RJ";"UOP03-DEL08-RJ"
541162;2023-08-08;"terça-feira";"13:30:00";"RO";364;483;"ARIQUEMES";"Transitar na contramão";"Colisão lateral mesmo sentido";"Sem Vítimas";"Pleno dia";"Decrescente";"Sol";"Simples";"Reta";"Não";2;0;0;0;2;0;0;2;-10,12654917;-62,88763807;"SPRF-RO";"DEL03-RO";"UOP01-DEL03-RO"
541165;2023-08-09;"quarta-feira";"07:40:00";"RJ";101;65;"CAMPOS DOS GOYTACAZES";"Acesso irregular";"Colisão transversal";"Com Vítimas Feridas";"Pleno dia";"Crescente";"Garoa/Chuvisco";"Simples";"Interseção de Vias";"Sim";4;0;1;0;3;0;1;2;-21,75371806;-41,344292;"SPRF-RJ";"DEL08-RJ";"UOP02-DEL08-RJ"
541180;2023-08-09;"quarta-feira";"09:10:00";"RS";386;226,6;"MORMACO";"Ultrapassagem Indevida";"Colisão frontal";"Com Vítimas Fatais";"Pleno dia";"Crescente";"Garoa/Chuvisco";"Simples";"Reta";"Não";7;2;0;3;1;1;3;4;-28,671412;-52,609882;"SPRF-RS";"DEL04-RS";"UOP03-DEL04-RS"
541183;2023-08-09;"quarta-feira";"09:10:00";"PR";277;671,5;"MEDIANEIRA";"Condutor deixou de manter distância do veículo da frente";"Colisão com objeto";"Sem Vítimas";"Pleno dia";"Crescente";"Chuva";"Dupla";"Curva;Declive";"Sim";2;0;0;0;1;1;0;2;-25,28490106;-54,08744898;"SPRF-PR";"DEL05-PR";"UOP02-DEL05-PR"
541187;2023-08-09;"quarta-feira";"08:25:00";"MG";381;573,5;"ITAGUARA";"Condutor deixou de manter distância do veículo da frente";"Colisão lateral mesmo sentido";"Com Vítimas Feridas";"Amanhecer";"Decrescente";"Céu Claro";"Dupla";"Reta";"Não";4;0;2;0;1;1;2;3;-20,46009378;-44,57276625;"SPRF-MG";"DEL04-MG";"UOP01-DEL04-MG"