"id";"data_inversa";"dia_semana";"horario";"uf";"br";"km";"municipio";"causa_acidente";"tipo_acidente";"classificacao_acidente";"fase_dia";"sentido_via";"condicao_metereologica";"tipo_pista";"tracado_via";"uso_solo";"pessoas";"mortos";"feridos_leves";"feridos_graves";"ilesos";"ignorados";"feridos";"veiculos";"latitude";"longitude";"regional";"delegacia";"uop"
541741;2023-08-11;"sexta-feira";"19:40:00";"MG";40;129,2;"JOAO PINHEIRO";"Entrada inopinada do pedestre";"Atropelamento de Pedestre";"Com Vítimas Feridas";"Plena Noite";"Decrescente";"Céu Claro";"Simples";"Reta";"Sim";2;0;0;1;0;1;1;2;-17,70395211;-46,29471003;"SPRF-MG";"DEL14-MG";"UOP01-DEL14-MG"
541750;2023-08-11;"sexta-feira";"21:58:00";"PB";230;11;"CABEDELO";"Acessar a via sem observar a presença dos outros veículos";"Colisão lateral mesmo sentido";"Sem Vítimas";"Plena Noite";"Crescente";"Céu Claro";"Dupla";"Reta";"Sim";2;0;0;0;2;0;0;2;-7,06495601;-34,85044062;"SPRF-PB";"DEL01-PB";"UOP01-DEL01-PB"
541759;2023-08-11;"sexta-feira";"18:30:00";"BA";101;612,3;"MASCOTE";"Velocidade Incompatível";"Saída de leito carroçável";"Com Vítimas Fatais";"Plena Noite";"Decrescente";"Céu Claro";"Simples";"Declive;Curva";"Não";2;1;0;0;0;1;0;2;-15,59181;-39,42702;"SPRF-BA";"DEL05-BA";"UOP02-DEL05-BA"
541760;2023-08-12;"sábado";"00:45:00";"BA";101;7;"RIO REAL";"Ingestão de álcool e/ou substâncias psicoativas pelo pedestre";"Atropelamento de Pedestre";"Com Vítimas Feridas";"Plena Noite";"Crescente";"Céu Claro";"Simples";"Reta";"Sim";3;0;1;0;1;1;1;2;-11,59666208;-37,87803974;"SPRF-SE";"DEL02-SE";"UOP03-DEL02-SE"
541777;2023-08-12;"sábado";"04:00:00";"CE";230;6,9;"IPAUMIRIM";"Condutor Dormindo";"Saída de leito carroçável";"Com Vítimas Feridas";"Plena Noite";"Crescente";"Céu Claro";"Simples";"Reta";"Não";2;0;1;0;0;1;1;2;-6,8425145;-38,73614073;"SPRF-CE";"DEL05-CE";"UOP01-DEL05-CE"
541779;2023-08-12;"sábado";"04:30:00";"SC";470;90;"ASCURRA";"Transitar na contramão";"Colisão lateral sentido oposto";"Com Vítimas Feridas";"Plena Noite";"Decrescente";"Nublado";"Simples";"Reta";"Não";5;0;2;1;1;1;3;4;-26,969337;-49,367718;"SPRF-SC";"DEL04-SC";"UOP01-DEL04-SC"
541781;2023-08-12;"sábado";"05:10:00";"BA";407;2;"JUAZEIRO";"Ingestão de álcool pelo condutor";"Colisão lateral sentido oposto";"Com Vítimas Feridas";"Amanhecer";"Decrescente";"Céu Claro";"Simples";"Reta";"Sim";2;0;1;0;0;1;1;2;-9,4250917;-40,50357694;"SPRF-PE";"DEL06-PE";"UOP01-DEL06-PE"
541795;2023-08-12;"sábado";"06:29:00";"PE";101;80;"JABOATAO DOS GUARARAPES";"Condutor deixou de manter distância do veículo da frente";"Colisão traseira";"Com Vítimas Feridas";"Pleno dia";"Crescente";"Céu Claro";"Dupla";"Reta";"Sim";3;0;1;0;2;0;1;3;-8,15112589;-34,9428866;"SPRF-PE";"DEL01-PE";"UOP01-DEL01-PE"
541798;2023-08-12;"sábado";"04:00:00";"MT";364;470;"VARZEA GRANDE";"Demais falhas mecânicas ou elétricas";"Incêndio";"Sem Vítimas";"Plena Noite";"Crescente";"Céu Claro";"Simples";"Reta";"Não";2;0;0;0;1;2;0;3;-15,46225165;-56,31982579;"SPRF-MT";"DEL01-MT";"UOP02-DEL01-MT"
541801;2023-08-12;"sábado";"02:20:00";"SC";116;211;"PONTE ALTA";"Ingestão de álcool pelo condutor";"Colisão lateral sentido oposto";"Com Vítimas Feridas";"Plena Noite";"Crescente";"Chuva";"Simples";"Em Obras;Reta";"Não";3;0;0;1;1;1;1;3;-27,51040007;-50,36397936;"SPRF-SC";"DEL05-SC";"UOP03-DEL05-SC"
541802;2023-08-11;"sexta-feira";"16:30:00";"MG";365;517;"MONTE CARMELO";"Ausência de reação do condutor";"Saída de leito carroçável";"Com Vítimas Feridas";"Pleno dia";"Crescente";"Céu Claro";"Simples";"Reta";"Não";2;0;1;0;0;2;1;3;-18,91496818;-47,377739;"SPRF-MG";"DEL10-MG";"UOP01-DEL10-MG"
541810;2023-07-19;"quarta-feira";"15:20:00";"PE";232;62;"POMBOS";"Reação tardia ou ineficiente do condutor";"Tombamento";"Sem Vítimas";"Pleno dia";"Decrescente";"Céu Claro";"Dupla";"Curva;Declive";"Não";3;0;0;0;1;2;0;3;-8,15598579;-35,42308007;"SPRF-PE";"DEL02-PE";"UOP02-DEL02PE"
541815;2023-08-12;"sábado";"06:00:00";"MT";70;315;"DOM AQUINO";"Condutor Dormindo";"Tombamento";"Sem Vítimas";"Pleno dia";"Crescente";"Nublado";"Simples";"Curva";"Não";2;0;0;0;1;3;0;4;-15,55657861;-54,59855688;"SPRF-MT";"DEL05-MT";"UOP01-DEL05-MT"
541818;2023-08-12;"sábado";"07:35:00";"CE";116;428;"IPAUMIRIM";"Velocidade Incompatível";"Tombamento";"Com Vítimas Feridas";"Pleno dia";"Decrescente";"Céu Claro";"Simples";"Rotatória";"Não";2;0;1;0;0;1;1;2;-6,82429079;-38,75036573;"SPRF-CE";"DEL05-CE";"UOP01-DEL05-CE"
541825;2023-08-12;"sábado";"08:00:00";"PA";316;31,2;"SANTA IZABEL DO PARA";"Ingestão de álcool pelo condutor";"Colisão lateral mesmo sentido";"Com Vítimas Feridas";"Pleno dia";"Crescente";"Céu Claro";"Dupla";"Curva";"Não";2;0;1;0;1;0;1;2;-1,3025866;-48,1965672;"SPRF-PA";"DEL01-PA";"UOP01-DEL01-PA"
541828;2023-08-12;"sábado";"09:30:00";"AL";101;156,1;"CAMPO ALEGRE";"Acessar a via sem observar a presença dos outros veículos";"Colisão transversal";"Com Vítimas Fatais";"Pleno dia";"Decrescente";"Céu Claro";"Dupla";"Retorno Regulamentado;Reta";"Não";4;1;0;1;1;2;1;4;-9,89678676;-36,20287412;"SPRF-AL";"DEL02-AL";"UOP02-DEL02-AL"
541832;2023-08-12;"sábado";"09:05:00";"PA";230;1116;"ITAITUBA";"Reação tardia ou ineficiente do condutor";"Colisão lateral sentido oposto";"Com Vítimas Fatais";"Pleno dia";"Crescente";"Sol";"Simples";"Aclive;Reta";"Não";3;1;0;1;0;2;1;4;-4,35698041;-55,80607483;"SPRF-PA";"DEL05-PA";"UOP02-DEL05-PA"
541835;2023-08-11;"sexta-feira";"22:45:00";"BA";116;905;"CANDIDO SALES";"Iluminação deficiente";"Colisão traseira";"Com Vítimas Feridas";"Plena Noite";"Decrescente";"Céu Claro";"Simples";"Reta";"Não";2;0;1;0;1;0;1;2;-15,39610606;-41,20627884;"SPRF-BA";"DEL08-BA";"UOP03-DEL08-BA"
541841;2023-08-12;"sábado";"10:00:00";"RN";304;216,2;"CAICARA DO RIO DO VENTO";"Reação tardia ou ineficiente do condutor";"Colisão traseira";"Com Vítimas Feridas";"Pleno dia";"Decrescente";"Céu Claro";"Simples";"Aclive;Reta";"Não";3;0;0;1;1;1;1;3;-5,75614196;-36,02459399;"SPRF-RN";"DEL01-RN";"UOP03-DEL01-RN"
541844;2023-08-12;"sábado";"09:29:00";"ES";101;447;"MIMOSO DO SUL";"Manobra de mudança de faixa";"Colisão lateral mesmo sentido";"Com Vítimas Feridas";"Pleno dia";"Crescente";"Sol";"Simples";"Curva;Aclive";"Não";3;0;1;0;2;0;1;2;-21,12405791;-41,27538314;"SPRF-ES";"DEL03-ES";"UOP02-DEL03-ES"
541846;2023-08-12;"sábado";"09:10:00";"PR";153;401,5;"MALLET";"Reação tardia ou ineficiente do condutor";"Saída de leito carroçável";"Com Vítimas Feridas";"Pleno dia";"Decrescente";"Chuva";"Simples";"Reta";"Não";3;0;1;0;1;1;1;2;-25,97625577;-50,83931923;"SPRF-PR";"DEL08-PR";"UOP02-DEL08-PR"
541862;2023-07-07;"sexta-feira";"02:55:00";"MS";163;647,9;"SAO GABRIEL DO OESTE";"Reação tardia ou ineficiente do condutor";"Colisão traseira";"Sem Vítimas";"Plena Noite";"Crescente";"Céu Claro";"Simples";"Reta";"Não";3;0;0;0;2;1;0;3;-19,18613194;-54,75072584;"SPRF-MS";"DEL06-MS";"UOP02-DEL06-MS"
541863;2023-08-12;"sábado";"06:55:00";"PI";343;620,5;"FLORIANO";"Manobra de mudança de faixa";"Colisão transversal";"Com Vítimas Feridas";"Pleno dia";"Decrescente";"Céu Claro";"Simples";"Reta;Aclive";"Não";3;0;1;0;1;1;1;3;-6,946492;-43,207981;"SPRF-PI";"DEL03-PI";"UOP01-DEL03-PI"
541870;2023-08-12;"sábado";"06:45:00";"MS";262;118;"AGUA CLARA";"Demais falhas na via";"Tombamento";"Com Vítimas Feridas";"Plena Noite";"Decrescente";"Céu Claro";"Simples";"Reta";"Não";3;0;1;0;0;4;1;5;-20,510899;-52,649162;"SPRF-MS";"DEL07-MS";"UOP02-DEL07-MS"
541896;2023-08-12;"sábado";"08:00:00";"MG";365;450;"PATROCINIO";"Acostamento em desnível";"Colisão lateral sentido oposto";"Com Vítimas Feridas";"Amanhecer";"Decrescente";"Céu Claro";"Simples";"Reta";"Não";4;0;0;2;1;2;2;4;-18,8332322;-46,82735694;"SPRF-MG";"DEL10-MG";"UOP01-DEL10-MG"
541897;2023-08-12;"sábado";"15:50:00";"MG";40;525;"CONTAGEM";"Ausência de reação do condutor";"Engavetamento";"Com Vítimas Feridas";"Pleno dia";"Decrescente";"Céu Claro";"Dupla";"Reta";"Sim";9;0;1;0;8;0;1;5;-19,88361702;-44,05039336;"SPRF-MG";"DEL01-MG";"UOP02-DEL01-MG"
541899;2023-08-12;"sábado";"14:13:00";"MT";70;514;"VARZEA GRANDE";"Condutor desrespeitou a iluminação vermelha do semáforo";"Colisão transversal";"Com Vítimas Feridas";"Pleno dia";"Crescente";"Céu Claro";"Simples";"Reta";"Não";3;0;2;0;0;1;2;2;-15,70585;-56,16281;"SPRF-MT";"DEL01-MT";"UOP02-DEL01-MT"
541906;2023-08-12;"sábado";"16:10:00";"PE";232;343,7;"CUSTODIA";"Transitar na contramão";"Tombamento";"Com Vítimas Fatais";"Pleno dia";"Crescente";"Céu Claro";"Simples";"Reta";"Não";3;1;0;0;1;3;0;5;-8,08787091;-37,704512;"SPRF-PE";"DEL04-PE";"UOP02-DEL04-PE"
541907;2023-08-12;"sábado";"17:20:00";"PR";376;164;"MARINGA";"Ingestão de álcool pelo condutor";"Colisão traseira";"Com Vítimas Feridas";"Pleno dia";"Decrescente";"Nublado";"Dupla";"Reta";"Não";4;0;1;0;2;2;1;4;-23,38591406;-52,02449602;"SPRF-PR";"DEL09-PR";"UOP01-DEL09-PR"
541919;2023-08-12;"sábado";"18:18:00";"SC";280;48,7;"GUARAMIRIM";"Retorno proibido";"Colisão traseira";"Com Vítimas Feridas";"Plena Noite";"Crescente";"Nublado";"Simples";"Desvio Temporário;Aclive;Reta;Em Obras";"Não";3;0;1;0;2;0;1;2;-26,45506795;-48,92766502;"SPRF-SC";"DEL03-SC";"UOP03-DEL03-SC"
541926;2023-08-12;"sábado";"18:00:00";"MS";262;15;"TRES LAGOAS";"Ausência de reação do condutor";"Colisão traseira";"Com Vítimas Feridas";"Plena Noite";"Crescente";"Nublado";"Simples";"Reta";"Não";3;0;1;0;1;3;1;5;-20,81325288;-51,73650801;"SPRF-MS";"DEL07-MS";"UOP01-DEL07-MS"
541936;2023-08-12;"sábado";"18:30:00";"PI";402;79,9;"LUIS CORREIA";"Transitar na contramão";"Colisão frontal";"Com Vítimas Fatais";"Anoitecer";"Decrescente";"Céu Claro";"Simples";"Reta";"Não";4;1;0;0;2;1;0;3;-3,05524327;-41,40051062;"SPRF-PI";"DEL05-PI";"UOP01-DEL05-PI"
541939;2023-08-12;"sábado";"19:45:00";"PE";101;3;"JABOATAO DOS GUARARAPES";"Demais falhas na via";"Colisão lateral mesmo sentido";"Com Vítimas Feridas";"Plena Noite";"Crescente";"Céu Claro";"Simples";"Reta";"Sim";2;0;0;1;0;1;1;2;-8,19862614;-34,95879038;"SPRF-PE";"DEL01-PE";"UOP02-DEL01-PE"
541944;2023-08-12;"sábado";"19:40:00";"RS";116;405,2;"CAMAQUA";"Ausência de reação do condutor";"Colisão traseira";"Com Vítimas Feridas";"Plena Noite";"Decrescente";"Céu Claro";"Dupla";"Reta";"Não";3;0;1;0;1;1;1;3;-30,89496088;-51,85038907;"SPRF-RS";"DEL02-RS";"UOP02-DEL02-RS"
541949;2023-08-12;"sábado";"17:40:00";"MT";70;133;"GENERAL CARNEIRO";"Reação tardia ou ineficiente do condutor";"Tombamento";"Com Vítimas Feridas";"Plena Noite";"Decrescente";"Céu Claro";"Simples";"Reta";"Não";2;0;1;0;0;2;1;3;-15,59068783;-53,22057013;"SPRF-MT";"DEL07-MT";"UOP01-DEL07-MT"
541950;2023-08-12;"sábado";"15:25:00";"PR";163;24,9;"SANTO ANTONIO DO SUDOESTE";"Transitar na contramão";"Colisão frontal";"Com Vítimas Fatais";"Pleno dia";"Crescente";"Céu Claro";"Simples";"Aclive;Curva";"Não";4;1;0;0;1;2;0;4;-26,13435;-53,680468;"SPRF-PR";"DEL02-PR";"UOP02-DEL02-PR"
541959;2023-08-12;"sábado";"20:00:00";"TO";153;560;"OLIVEIRA DE FATIMA";"Transitar na contramão";"Colisão frontal";"Com Vítimas Fatais";"Plena Noite";"Decrescente";"Céu Claro";"Simples";"Reta";"Não";3;1;0;0;1;1;0;3;-10,74245889;-48,90320815;"SPRF-TO";"DEL01-TO";"UOP01-DEL01-TO"
541967;2023-08-12;"sábado";"19:45:00";"SC";116;271,7;"CAPAO ALTO";"Transitar na contramão";"Colisão frontal";"Com Vítimas Feridas";"Anoitecer";"Crescente";"Nublado";"Simples";"Declive;Reta";"Não";5;0;0;2;2;1;2;3;-27,97707988;-50,50914813;"SPRF-SC";"DEL05-SC";"UOP02-DEL05-SC"
541976;2023-08-12;"sábado";"18:15:00";"SC";116;26,9;"ITAIOPOLIS";"Reação tardia ou ineficiente do condutor";"Queda de ocupante de veículo";"Com Vítimas Fatais";"Plena Noite";"Decrescente";"Nublado";"Simples";"Reta";"Não";3;1;0;0;0;2;0;3;-26,2919664;-49,9419505;"SPRF-SC";"DEL06-SC";"UOP01-DEL06-SC"
541977;2023-08-12;"sábado";"16:40:00";"MG";40;110,9;"LAGOA GRANDE";"Acessar a via sem observar a presença dos outros veículos";"Colisão transversal";"Com Vítimas Feridas";"Pleno dia";"Decrescente";"Céu Claro";"Simples";"Reta";"Não";3;0;2;0;0;3;2;5;-17,6346567;-46,45403382;"SPRF-MG";"DEL14-MG";"UOP01-DEL14-MG"
541995;2023-08-12;"sábado";"23:30:00";"PR";116;90;"SAO JOSE DOS PINHAIS";"Reação tardia ou ineficiente do condutor";"Colisão traseira";"Com Vítimas Feridas";"Plena Noite";"Crescente";"Nublado";"Dupla";"Reta";"Sim";2;0;1;0;1;0;1;2;-25,49782651;-49,11746979;"SPRF-PR";"DEL01-PR";"UOP07-DEL01-PR"
542011;2023-08-13;"domingo";"03:00:00";"CE";116;69,4;"CHOROZINHO";"Transitar na contramão";"Colisão lateral sentido oposto";"Sem Vítimas";"Plena Noite";"Decrescente";"Céu Claro";"Simples";"Reta";"Sim";3;0;0;0;2;1;0;2;-4,32059871;-38,4911177;"SPRF-CE";"DEL03-CE";"UOP02-DEL03-CE"
542027;2023-08-13;"domingo";"03:45:00";"RS";386;354,7;"ESTRELA";"Reação tardia ou ineficiente do condutor";"Colisão com objeto";"Com Vítimas Fatais";"Plena Noite";"Decrescente";"Céu Claro";"Dupla";"Aclive;Ponte;Reta";"Não";1;1;0;0;0;0;0;1;-29,512189;-51,940901;"SPRF-RS";"DEL04-RS";"UOP01-DEL04-RS"
542029;2023-08-12;"sábado";"23:00:00";"MG";267;286,6;"BAEPENDI";"Velocidade Incompatível";"Tombamento";"Com Vítimas Feridas";"Plena Noite";"Decrescente";"Céu Claro";"Simples";"Curva";"Não";1;0;1;0;0;0;1;1;-21,9266963;-44,7832973;"SPRF-MG";"DEL17-MG";"UOP01-DEL17-MG"
542037;2023-08-12;"sábado";"14:00:00";"RJ";393;128;"SAPUCAIA";"Velocidade Incompatível";"Colisão lateral sentido oposto";"Com Vítimas Feridas";"Pleno dia";"Decrescente";"Nublado";"Simples";"Curva";"Não";2;0;1;0;1;0;1;2;-21,95979504;-42,851543;"SPRF-RJ";"DEL05-RJ";"UOP01-DEL05-RJ"
542050;2023-05-10;"quarta-feira";"02:30:00";"SP";116;514;"CAJATI";"Ausência de reação do condutor";"Colisão traseira";"Com Vítimas Feridas";"Plena Noite";"Decrescente";"Nublado";"Dupla";"Curva";"Não";3;0;0;1;2;0;1;2;-24,85874304;-48,21731282;"SPRF-SP";"DEL05-SP";"UOP02-DEL05-SP"
542055;2023-08-13;"domingo";"09:00:00";"MG";381;452,6;"BELO HORIZONTE";"Pedestre cruzava a pista fora da faixa";"Atropelamento de Pedestre";"Com Vítimas Feridas";"Pleno dia";"Decrescente";"Céu Claro";"Simples";"Declive;Curva";"Sim";3;0;0;1;1;1;1;3;-19,83809117;-43,8804245;"SPRF-MG";"DEL01-MG";"UOP01-DEL01-MG"
542060;2023-08-13;"domingo";"06:45:00";"GO";452;60;"MAURILANDIA";"Transitar na contramão";"Colisão frontal";"Sem Vítimas";"Pleno dia";"Decrescente";"Céu Claro";"Simples";"Declive;Reta";"Não";3;0;0;0;1;2;0;3;-18,00065206;-50,390369;"SPRF-GO";"DEL04-GO";"UOP01-DEL04-GO"
542061;2023-07-28;"sexta-feira";"17:02:00";"MG";153;102;"PRATA";"Carga excessiva e/ou mal acondicionada";"Colisão frontal";"Com Vítimas Feridas";"Anoitecer";"Crescente";"Céu Claro";"Simples";"Reta";"Não";6;0;2;3;0;1;5;4;-19,24602501;-48,92747904;"SPRF-MG";"DEL15-MG";"UOP03-DEL15-MG"
542066;2023-08-13;"domingo";"08:23:00";"BA";101;240;"CONCEICAO DO ALMEIDA";"Ultrapassagem Indevida";"Colisão lateral sentido oposto";"Com Vítimas Feridas";"Pleno dia";"Decrescente";"Garoa/Chuvisco";"Simples";"Curva";"Não";5;0;1;0;3;2;1;5;-12,88117996;-39,21999041;"SPRF-BA";"DEL01-BA";"UOP02-DEL01-BA"
542077;2023-08-13;"domingo";"08:05:00";"BA";116;637;"JAGUAQUARA";"Acessar a via sem observar a presença dos outros veículos";"Colisão transversal";"Com Vítimas Feridas";"Pleno dia";"Decrescente";"Nublado";"Simples";"Reta";"Não";4;0;1;1;1;1;2;3;-13,50672946;-40,05364095;"SPRF-BA";"DEL03-BA";"UOP01-DEL03-BA"
542084;2023-08-13;"domingo";"08:20:00";"GO";153;298,8;"RIALMA";"Ausência de reação do condutor";"Colisão lateral sentido oposto";"Com Vítimas Feridas";"Pleno dia";"Decrescente";"Céu Claro";"Simples";"Reta";"Não";4;0;1;0;2;1;1;4;-15,270069;-49,549572;"SPRF-GO";"DEL02-GO";"UOP02-DEL02-GO"
542093;2023-08-13;"domingo";"11:06:00";"SP";116;511;"CAJATI";"Reação tardia ou ineficiente do condutor";"Tombamento";"Com Vítimas Feridas";"Pleno dia";"Crescente";"Nublado";"Dupla";"Curva;Aclive";"Não";2;0;1;0;0;1;1;2;-24,83558399;-48,2223738;"SPRF-SP";"DEL05-SP";"UOP02-DEL05-SP"
542094;2023-08-13;"domingo";"09:15:00";"PR";376;490,3;"PONTA GROSSA";"Condutor Dormindo";"Colisão traseira";"Com Vítimas Feridas";"Pleno dia";"Decrescente";"Nublado";"Dupla";"Reta;Aclive";"Sim";3;0;2;0;0;1;2;2;-25,14692309;-50,15072006;"SPRF-PR";"DEL03-PR";"UOP04-DEL03-PR"
542114;2023-08-13;"domingo";"14:38:00";"BA";116;543;"MILAGRES";"Acessar a via sem observar a presença dos outros veículos";"Colisão transversal";"Com Vítimas Feridas";"Pleno dia";"Decrescente";"Sol";"Simples";"Interseção de Vias";"Não";4;0;0;2;1;2;2;4;-12,84666784;-39,84095335;"SPRF-BA";"DEL03-BA";"UOP02-DEL03-BA"
542126;2023-08-13;"domingo";"15:45:00";"SC";282;501,3;"XANXERE";"Ausência de reação do condutor";"Colisão lateral mesmo sentido";"Sem Vítimas";"Pleno dia";"Crescente";"Céu Claro";"Dupla";"Rotatória";"Sim";2;0;0;0;2;0;0;2;-26,882715;-52,381729;"SPRF-SC";"DEL07-SC";"UOP01-DEL07-SC"
542128;2023-08-13;"domingo";"12:30:00";"RJ";101;297;"ITABORAI";"Acesso irregular";"Colisão lateral mesmo sentido";"Com Vítimas Feridas";"Pleno dia";"Decrescente";"Nublado";"Dupla";"Reta";"Sim";3;0;1;0;2;0;1;3;-22,76942037;-42,91873581;"SPRF-RJ";"DEL02-RJ";"UOP02-DEL02-RJ"
542131;2023-08-13;"domingo";"14:37:00";"ES";262;63,9;"MARECHAL FLORIANO";"Velocidade Incompatível";"Tombamento";"Com Vítimas Feridas";"Pleno dia";"Crescente";"Céu Claro";"Simples";"Curva";"Não";3;0;1;0;1;1;1;2;-20,42077468;-40,80814348;"SPRF-ES";"DEL01-ES";"UOP02-DEL01-ES"
542133;2023-08-13;"domingo";"16:00:00";"RS";386;21,9;"FREDERICO WESTPHALEN";"Velocidade Incompatível";"Tombamento";"Com Vítimas Feridas";"Pleno dia";"Decrescente";"Céu Claro";"Simples";"Curva;Declive";"Não";2;0;0;1;0;1;1;2;-27,270937;-53,347481;"SPRF-RS";"DEL08-RS";"UOP02-DEL08-RS"
542139;2023-08-13;"domingo";"16:00:00";"PR";376;2,8;"MARINGA";"Condutor deixou de manter distância do veículo da frente";"Colisão traseira";"Com Vítimas Feridas";"Pleno dia";"Crescente";"Céu Claro";"Dupla";"Reta";"Sim";5;0;1;1;2;1;2;4;-23,40087442;-51,97940826;"SPRF-PR";"DEL09-PR";"UOP01-DEL09-PR"
542155;2023-08-13;"domingo";"09:30:00";"MA";135;178,5;"SAO MATEUS DO MARANHAO";"Reação tardia ou ineficiente do condutor";"Saída de leito carroçável";"Com Vítimas Feridas";"Pleno dia";"Crescente";"Sol";"Simples";"Reta";"Sim";7;0;2;2;2;2;4;6;-4,00301408;-44,47055677;"SPRF-MA";"DEL03-MA";"UOP01-DEL03-MA"
542162;2023-08-13;"domingo";"18:40:00";"GO";20;2;"FORMOSA";"Ingestão de álcool pelo condutor";"Colisão transversal";"Com Vítimas Feridas";"Plena Noite";"Crescente";"Céu Claro";"Simples";"Declive;Reta";"Sim";3;0;1;0;1;1;1;3;-15,57387;-47,327488;"SPRF-DF";"DEL02-DF";"UOP02-DEL02-DF"
542163;2023-08-13;"domingo";"14:00:00";"SP";153;313,9;"RIBEIRAO DO SUL";"Condutor Dormindo";"Colisão lateral sentido oposto";"Com Vítimas Feridas";"Pleno dia";"Crescente";"Céu Claro";"Simples";"Reta";"Não";4;0;0;1;2;4;1;6;-22,69979201;-49,88960266;"SPRF-SP";"DEL07-SP";"UOP03-DEL07-SP"
542174;2023-08-13;"domingo";"18:10:00";"TO";153;356;"FORTALEZA DO TABOCAO";"Ingestão de álcool pelo condutor";"Colisão transversal";"Com Vítimas Feridas";"Plena Noite";"Decrescente";"Céu Claro";"Simples";"Reta";"Sim";2;0;1;0;0;1;1;2;-9,03156989;-48,5054722;"SPRF-TO";"DEL02-TO";"UOP02-DEL02-TO"
542181;2023-08-13;"domingo";"19:50:00";"RS";448;10,7;"CANOAS";"Condutor deixou de manter distância do veículo da frente";"Colisão traseira";"Com Vítimas Feridas";"Plena Noite";"Crescente";"Céu Claro";"Dupla";"Reta";"Não";3;0;2;0;0;1;2;2;-29,889584;-51,240879;"SPRF-RS";"DEL01-RS";"UOP01-DEL01-RS"
542185;2023-08-13;"domingo";"20:30:00";"GO";153;292,8;"RIALMA";"Transitar na contramão";"Colisão frontal";"Com Vítimas Fatais";"Plena Noite";"Decrescente";"Céu Claro";"Simples";"Aclive;Reta";"Não";7;1;3;0;2;1;3;4;-15,252078;-49,554228;"SPRF-GO";"DEL02-GO";"UOP02-DEL02-GO"
542188;2023-08-13;"domingo";"20:03:00";"PR";376;549;"PALMEIRA";"Ausência de reação do condutor";"Colisão transversal";"Com Vítimas Fatais";"Plena Noite";"Decrescente";"Céu Claro";"Dupla";"Reta";"Não";3;1;0;0;1;2;0;4;-25,47549518;-49,72062508;"SPRF-PR";"DEL03-PR";"UOP03-DEL03-PR"
542193;2023-08-13;"domingo";"19:15:00";"MA";10;272,3;"IMPERATRIZ";"Transitar na contramão";"Colisão lateral sentido oposto";"Com Vítimas Feridas";"Plena Noite";"Crescente";"Céu Claro";"Simples";"Aclive;Reta";"Não";3;0;1;0;1;3;1;5;-5,356215;-47,483128;"SPRF-MA";"DEL04-MA";"UOP01-DEL04-MA"
542195;2023-08-13;"domingo";"20:50:00";"RS";158;199,5;"CRUZ ALTA";"Ultrapassagem Indevida";"Colisão lateral mesmo sentido";"Com Vítimas Feridas";"Plena Noite";"Decrescente";"Céu Claro";"Simples";"Reta";"Não";6;0;3;0;2;2;3;5;-28,6774444;-53,5948552;"SPRF-RS";"DEL10-RS";"UOP02-DEL10-RS"
542201;2023-08-13;"domingo";"19:00:00";"RJ";393;112;"SAPUCAIA";"Animais na Pista";"Atropelamento de Animal";"Com Vítimas Feridas";"Plena Noite";"Crescente";"Céu Claro";"Simples";"Reta";"Não";1;0;1;0;0;0;1;1;-21,914649;-42,751594;"SPRF-RJ";"DEL05-RJ";"UOP01-DEL05-RJ"
542205;2023-08-13;"domingo";"21:25:00";"PR";277;434,5;"VIRMOND";"Transitar na contramão";"Colisão frontal";"Com Vítimas Fatais";"Plena Noite";"Decrescente";"Céu Claro";"Simples";"Reta";"Não";3;1;0;0;1;1;0;3;-25,37723279;-52,21201082;"SPRF-PR";"DEL04-PR";"UOP02-DEL04-PR"
542207;2023-08-13;"domingo";"19:20:00";"SC";282;610,7;"MARAVILHA";"Ingestão de álcool pelo condutor";"Saída de leito carroçável";"Sem Vítimas";"Plena Noite";"Decrescente";"Nublado";"Simples";"Curva;Declive";"Não";5;0;0;0;4;2;0;5;-26,756321;-53,230247;"SPRF-SC";"DEL07-SC";"UOP02-DEL07-SC"
542208;2023-08-13;"domingo";"13:30:00";"PA";163;669;"ITAITUBA";"Velocidade Incompatível";"Colisão lateral sentido oposto";"Com Vítimas Feridas";"Pleno dia";"Crescente";"Céu Claro";"Simples";"Aclive;Reta";"Não";4;0;0;1;2;6;1;9;-4,39405178;-55,79024037;"SPRF-PA";"DEL05-PA";"UOP02-DEL05-PA"
542209;2023-08-13;"domingo";"22:00:00";"BA";407;119;"SENHOR DO BONFIM";"Acessar a via sem observar a presença dos outros veículos";"Atropelamento de Animal";"Com Vítimas Fatais";"Plena Noite";"Decrescente";"Céu Claro";"Simples";"Reta";"Não";3;1;0;0;1;1;0;3;-10,39518217;-40,17775944;"SPRF-BA";"DEL04-BA";"UOP01-DEL04-BA"
542213;2023-08-13;"domingo";"21:50:00";"PI";343;259;"CAMPO MAIOR";"Reação tardia ou ineficiente do condutor";"Tombamento";"Com Vítimas Fatais";"Plena Noite";"Decrescente";"Céu Claro";"Simples";"Reta";"Não";2;1;0;0;0;1;0;2;-4,796538;-42,131245;"SPRF-PI";"DEL01-PI";"UOP03-DEL01-PI"
542216;2023-08-13;"domingo";"22:00:00";"MG";354;750;"ITAMONTE";"Ausência de reação do condutor";"Saída de leito carroçável";"Com Vítimas Feridas";"Plena Noite";"Decrescente";"Céu Claro";"Simples";"Curva";"Não";2;0;1;0;0;1;1;2;-22,28077569;-44,87170669;"SPRF-MG";"DEL17-MG";"UOP01-DEL17-MG"