"id";"data_inversa";"dia_semana";"horario";"uf";"br";"km";"municipio";"causa_acidente";"tipo_acidente";"classificacao_acidente";"fase_dia";"sentido_via";"condicao_metereologica";"tipo_pista";"tracado_via";"uso_solo";"pessoas";"mortos";"feridos_leves";"feridos_graves";"ilesos";"ignorados";"feridos";"veiculos";"latitude";"longitude";"regional";"delegacia";"uop"
542238;2023-08-13;"domingo";"23:00:00";"GO";452;8;"RIO VERDE";"Ingestão de álcool pelo condutor";"Colisão lateral sentido oposto";"Com Vítimas Feridas";"Plena Noite";"Decrescente";"Céu Claro";"Simples";"Reta";"Não";5;0;2;0;1;2;2;4;-17,82421698;-50,83685499;"SPRF-GO";"DEL04-GO";"UOP01-DEL04-GO"
542244;2023-08-14;"segunda-feira";"01:35:00";"RS";386;417,4;"MONTENEGRO";"Transitar na contramão";"Colisão transversal";"Com Vítimas Fatais";"Plena Noite";"Decrescente";"Céu Claro";"Simples";"Reta";"Não";5;1;1;2;1;0;3;2;-29,818958;-51,452934;"SPRF-RS";"DEL04-RS";"UOP02-DEL04-RS"
542245;2023-08-14;"segunda-feira";"02:00:00";"PA";316;60,8;"CASTANHAL";"Transitar na contramão";"Colisão lateral sentido oposto";"Com Vítimas Feridas";"Pleno dia";"Crescente";"Céu Claro";"Dupla";"Curva";"Sim";3;0;0;1;2;0;1;2;-1,29772957;-47,95528793;"SPRF-PA";"DEL01-PA";"UOP01-DEL01-PA"
542246;2023-08-14;"segunda-feira";"03:55:00";"SC";470;18,8;"ILHOTA";"Desvio temporário";"Tombamento";"Com Vítimas Feridas";"Plena Noite";"Crescente";"Nublado";"Simples";"Desvio Temporário;Em Obras";"Não";1;0;1;0;0;0;1;1;-26,88288046;-48,84384155;"SPRF-SC";"DEL04-SC";"UOP04-DEL04-SC"
542248;2023-08-14;"segunda-feira";"04:05:00";"BA";116;456;"SANTO ESTEVAO";"Condutor Dormindo";"Colisão traseira";"Com Vítimas Feridas";"Amanhecer";"Decrescente";"Chuva";"Dupla";"Reta";"Não";6;0;1;0;4;1;1;2;-12,40612105;-39,17593097;"SPRF-BA";"DEL02-BA";"UOP01-DEL02-BA"
542253;2023-08-14;"segunda-feira";"05:00:00";"PR";376;525;"PONTA GROSSA";"Reação tardia ou ineficiente do condutor";"Tombamento";"Sem Vítimas";"Plena Noite";"Decrescente";"Céu Claro";"Dupla";"Curva;Declive";"Não";2;0;0;0;1;2;0;3;-25,31565784;-49,87766188;"SPRF-PR";"DEL03-PR";"UOP04-DEL03-PR"
542269;2023-08-13;"domingo";"02:30:00";"BA";101;190;"CACHOEIRA";"Velocidade Incompatível";"Colisão frontal";"Com Vítimas Feridas";"Plena Noite";"Crescente";"Chuva";"Simples";"Reta";"Não";2;0;0;1;1;0;1;2;-12,59306904;-38,98826795;"SPRF-BA";"DEL01-BA";"UOP03-DEL01-BA"
542278;2023-08-11;"sexta-feira";"13:00:00";"MT";364;146;"PEDRA PRETA";"Demais Fenômenos da natureza";"Incêndio";"Sem Vítimas";"Pleno dia";"Crescente";"Sol";"Simples";"Curva;Declive";"Não";2;0;0;0;1;3;0;4;-16,800198;-54,166473;"SPRF-MT";"DEL02-MT";"UOP01-DEL02-MT"
542280;2023-08-14;"segunda-feira";"07:30:00";"SC";470;88,8;"ASCURRA";"Acessar a via sem observar a presença dos outros veículos";"Colisão lateral mesmo sentido";"Com Vítimas Feridas";"Pleno dia";"Decrescente";"Céu Claro";"Simples";"Interseção de Vias;Reta;Rotatória";"Sim";2;0;0;1;1;0;1;2;-26,961573;-49,371918;"SPRF-SC";"DEL04-SC";"UOP01-DEL04-SC"
542290;2023-08-14;"segunda-feira";"01:00:00";"PE";408;58;"TRACUNHAEM";"Velocidade Incompatível";"Capotamento";"Com Vítimas Feridas";"Amanhecer";"Crescente";"Nublado";"Simples";"Reta";"Sim";1;0;1;0;0;0;1;1;-7,796847;-35,244858;"SPRF-PE";"DEL01-PE";"UOP01-DEL01-PE"
542292;2023-08-14;"segunda-feira";"07:45:00";"SC";153;68;"IRANI";"Acessar a via sem observar a presença dos outros veículos";"Colisão lateral mesmo sentido";"Com Vítimas Feridas";"Pleno dia";"Decrescente";"Céu Claro";"Simples";"Aclive;Curva";"Sim";2;0;1;0;1;0;1;2;-27,033516;-51,879311;"SPRF-SC";"DEL07-SC";"UOP04-DEL07-SC"
542295;2023-08-14;"segunda-feira";"09:35:00";"PE";101;71,2;"RECIFE";"Demais falhas na via";"Tombamento";"Com Vítimas Feridas";"Pleno dia";"Decrescente";"Nublado";"Dupla";"Reta";"Sim";2;0;1;0;0;1;1;2;-8,079037;-34,942952;"SPRF-PE";"DEL01-PE";"UOP01-DEL01-PE"
542296;2023-08-14;"segunda-feira";"09:15:00";"MG";40;737,8;"SANTOS DUMONT";"Velocidade Incompatível";"Saída de leito carroçável";"Com Vítimas Feridas";"Pleno dia";"Decrescente";"Nublado";"Simples";"Curva";"Não";1;0;1;0;0;0;1;1;-21,38296999;-43,57033542;"SPRF-MG";"DEL05-MG";"UOP01-DEL05-MG"
542299;2023-08-14;"segunda-feira";"09:55:00";"GO";60;413;"RIO VERDE";"Velocidade Incompatível";"Colisão lateral mesmo sentido";"Com Vítimas Feridas";"Pleno dia";"Crescente";"Sol";"Dupla";"Reta;Retorno Regulamentado";"Não";3;0;1;0;1;3;1;5;-17,818589;-51,181172;"SPRF-GO";"DEL04-GO";"UOP02-DEL04-GO"
542302;2023-08-14;"segunda-feira";"09:30:00";"MT";364;202;"RONDONOPOLIS";"Condutor Dormindo";"Colisão traseira";"Com Vítimas Feridas";"Pleno dia";"Crescente";"Nublado";"Dupla";"Reta";"Sim";2;0;1;0;1;0;1;2;-16,47351809;-54,65434313;"SPRF-MT";"DEL02-MT";"UOP01-DEL02-MT"
542304;2023-08-14;"segunda-feira";"10:15:00";"MG";381;498;"BETIM";"Ausência de reação do condutor";"Engavetamento";"Com Vítimas Feridas";"Pleno dia";"Crescente";"Céu Claro";"Dupla";"Aclive;Reta";"Não";5;0;1;0;3;3;1;6;-20,01172662;-44,21976041;"SPRF-MG";"DEL04-MG";"UOP03-DEL04-MG"
542309;2023-08-14;"segunda-feira";"07:30:00";"MA";222;286,9;"VITORIA DO MEARIM";"Transitar na contramão";"Colisão frontal";"Com Vítimas Fatais";"Pleno dia";"Decrescente";"Céu Claro";"Simples";"Reta";"Não";7;4;0;1;0;4;1;5;-3,45122533;-44,82401108;"SPRF-MA";"DEL02-MA";"UOP01-DEL02-MA"
542312;2023-08-14;"segunda-feira";"09:30:00";"GO";20;50;"FORMOSA";"Demais falhas mecânicas ou elétricas";"Eventos atípicos";"Com Vítimas Feridas";"Pleno dia";"Decrescente";"Céu Claro";"Simples";"Reta";"Não";3;0;0;1;2;0;1;2;-15,328272;-47,129505;"SPRF-DF";"DEL02-DF";"UOP02-DEL02-DF"
542314;2023-08-14;"segunda-feira";"11:20:00";"PR";369;453,1;"UBIRATA";"Manobra de mudança de faixa";"Colisão lateral mesmo sentido";"Sem Vítimas";"Pleno dia";"Crescente";"Nublado";"Simples";"Aclive;Reta";"Não";7;0;0;0;6;2;0;7;-24,5513;-53,0224;"SPRF-PR";"DEL04-PR";"UOP03-DEL04-PR"
542321;2023-08-14;"segunda-feira";"10:30:00";"MG";262;381;"MATEUS LEME";"Demais falhas mecânicas ou elétricas";"Incêndio";"Sem Vítimas";"Pleno dia";"Decrescente";"Céu Claro";"Dupla";"Curva;Aclive";"Não";2;0;0;0;1;1;0;2;-19,940622;-44,386969;"SPRF-MG";"DEL01-MG";"UOP03-DEL01-MG"
542328;2023-08-14;"segunda-feira";"13:20:00";"MG";40;602,9;"CONGONHAS";"Retorno proibido";"Colisão transversal";"Com Vítimas Feridas";"Pleno dia";"Crescente";"Sol";"Simples";"Curva";"Não";4;0;1;0;2;1;1;3;-20,446465;-43,839693;"SPRF-MG";"DEL05-MG";"UOP02-DEL05-MG"
542329;2023-07-17;"segunda-feira";"18:25:00";"MT";364;322;"CAMPO VERDE";"Reação tardia ou ineficiente do condutor";"Colisão traseira";"Com Vítimas Feridas";"Plena Noite";"Decrescente";"Céu Claro";"Dupla";"Aclive";"Não";3;0;0;1;1;3;1;5;-15,81713741;-55,34144607;"SPRF-MT";"DEL05-MT";"UOP02-DEL05-MT"
542337;2023-08-14;"segunda-feira";"13:50:00";"SC";101;117;"ITAJAI";"Acesso irregular";"Colisão transversal";"Sem Vítimas";"Pleno dia";"Decrescente";"Céu Claro";"Dupla";"Reta";"Sim";3;0;0;0;2;3;0;5;-26,88747187;-48,72252969;"SPRF-SC";"DEL04-SC";"UOP04-DEL04-SC"
542339;2023-08-14;"segunda-feira";"14:10:00";"PR";369;141,8;"IBIPORA";"Velocidade Incompatível";"Colisão traseira";"Sem Vítimas";"Pleno dia";"Crescente";"Céu Claro";"Dupla";"Rotatória";"Não";3;0;0;0;2;1;0;2;-23,292372;-51,09025;"SPRF-PR";"DEL07-PR";"UOP01-DEL07-PR"
542342;2023-08-14;"segunda-feira";"09:30:00";"PA";230;125,8;"MARABA";"Reação tardia ou ineficiente do condutor";"Colisão traseira";"Sem Vítimas";"Pleno dia";"Decrescente";"Céu Claro";"Simples";"Reta";"Não";3;0;0;0;3;0;0;2;-5,373326;-49,167191;"SPRF-PA";"DEL03-PA";"UOP01-DEL03-PA"
542343;2023-08-14;"segunda-feira";"12:30:00";"MG";116;144,8;"PONTO DOS VOLANTES";"Transitar na contramão";"Colisão lateral sentido oposto";"Com Vítimas Fatais";"Pleno dia";"Decrescente";"Céu Claro";"Simples";"Curva";"Não";3;1;0;0;1;2;0;4;-16,8019472;-41,47716326;"SPRF-MG";"DEL11-MG";"UOP02-DEL11-MG"
542345;2023-08-14;"segunda-feira";"13:50:00";"TO";153;587,6;"SANTA RITA DO TOCANTINS";"Manobra de mudança de faixa";"Saída de leito carroçável";"Com Vítimas Feridas";"Pleno dia";"Decrescente";"Sol";"Simples";"Reta;Aclive";"Não";2;0;1;0;0;2;1;3;-10,96265;-48,909325;"SPRF-TO";"DEL01-TO";"UOP01-DEL01-TO"
542349;2023-08-14;"segunda-feira";"15:40:00";"SC";470;65;"INDAIAL";"Acessar a via sem observar a presença dos outros veículos";"Colisão transversal";"Com Vítimas Feridas";"Pleno dia";"Crescente";"Céu Claro";"Simples";"Em Obras;Reta";"Não";2;0;1;0;1;0;1;2;-26,870411;-49,211864;"SPRF-SC";"DEL04-SC";"UOP01-DEL04-SC"
542352;2023-08-14;"segunda-feira";"14:07:00";"SC";101;78,2;"ARAQUARI";"Ausência de reação do condutor";"Colisão traseira";"Com Vítimas Feridas";"Pleno dia";"Crescente";"Sol";"Múltipla";"Reta";"Não";3;0;1;0;1;2;1;4;-26,57672096;-48,72270551;"SPRF-SC";"DEL03-SC";"UOP02-DEL03-SC"
542357;2023-08-14;"segunda-feira";"11:00:00";"RJ";393;162;"TRES RIOS";"Demais falhas mecânicas ou elétricas";"Derramamento de carga";"Com Vítimas Feridas";"Pleno dia";"Decrescente";"Céu Claro";"Simples";"Curva";"Não";1;0;1;0;0;0;1;1;-22,10618725;-43,10077682;"SPRF-RJ";"DEL05-RJ";"UOP02-DEL05-RJ"
542358;2023-08-14;"segunda-feira";"09:30:00";"BA";101;75;"ALAGOINHAS";"Manobra de mudança de faixa";"Colisão lateral mesmo sentido";"Com Vítimas Feridas";"Pleno dia";"Decrescente";"Céu Claro";"Dupla";"Reta;Declive";"Não";2;0;1;0;0;1;1;2;-11,99107419;-38,23974304;"SPRF-BA";"DEL01-BA";"UOP04-DEL01-BA"
542361;2023-08-14;"segunda-feira";"13:35:00";"PR";376;15,3;"MARINGA";"Velocidade Incompatível";"Derramamento de carga";"Sem Vítimas";"Pleno dia";"Decrescente";"Sol";"Dupla";"Curva;Retorno Regulamentado;Rotatória";"Sim";3;0;0;0;2;1;0;2;-23,4273;-51,9375;"SPRF-PR";"DEL09-PR";"UOP01-DEL09-PR"
542363;2023-08-14;"segunda-feira";"16:30:00";"PR";153;457;"UNIAO DA VITORIA";"Demais falhas mecânicas ou elétricas";"Incêndio";"Sem Vítimas";"Pleno dia";"Crescente";"Céu Claro";"Simples";"Reta";"Não";1;0;0;0;1;0;0;1;-26,21334754;-51,1271739;"SPRF-PR";"DEL02-PR";"UOP03-DEL02-PR"
542364;2023-08-14;"segunda-feira";"15:20:00";"GO";364;223,7;"JATAI";"Reação tardia ou ineficiente do condutor";"Saída de leito carroçável";"Com Vítimas Feridas";"Pleno dia";"Crescente";"Céu Claro";"Simples";"Reta";"Não";3;0;1;0;0;4;1;5;-17,836323;-51,944599;"SPRF-GO";"DEL05-GO";"UOP01-DEL05-GO"
542366;2023-08-14;"segunda-feira";"17:02:00";"TO";153;139;"ARAGUAINA";"Condutor usando celular";"Colisão traseira";"Com Vítimas Feridas";"Pleno dia";"Crescente";"Céu Claro";"Dupla";"Reta";"Sim";2;0;0;1;1;0;1;2;-7,16325275;-48,20698926;"SPRF-TO";"DEL02-TO";"UOP01-DEL02-TO"
542367;2023-08-14;"segunda-feira";"14:10:00";"MT";163;750;"SORRISO";"Acessar a via sem observar a presença dos outros veículos";"Colisão lateral mesmo sentido";"Sem Vítimas";"Pleno dia";"Crescente";"Sol";"Múltipla";"Interseção de Vias";"Sim";4;0;0;0;3;3;0;5;-12,571308;-55,726428;"SPRF-MT";"DEL06-MT";"UOP01-DEL06-MT"
542370;2023-08-14;"segunda-feira";"10:00:00";"SC";116;217;"CORREIA PINTO";"Carga excessiva e/ou mal acondicionada";"Derramamento de carga";"Com Vítimas Feridas";"Pleno dia";"Decrescente";"Céu Claro";"Simples";"Ponte";"Não";4;0;1;0;2;2;1;4;-27,56260035;-50,37607491;"SPRF-SC";"DEL05-SC";"UOP03-DEL05-SC"
542372;2023-08-14;"segunda-feira";"10:45:00";"RO";435;73;"COLORADO DO OESTE";"Carga excessiva e/ou mal acondicionada";"Tombamento";"Sem Vítimas";"Pleno dia";"Decrescente";"Céu Claro";"Simples";"Declive;Curva";"Não";2;0;0;0;1;1;0;2;-13,1038111;-60,4273343;"SPRF-RO";"DEL04-RO";"UOP02-DEL04-RO"
542376;2023-08-14;"segunda-feira";"15:30:00";"RJ";465;13;"SEROPEDICA";"Ausência de reação do condutor";"Colisão lateral mesmo sentido";"Com Vítimas Feridas";"Pleno dia";"Decrescente";"Garoa/Chuvisco";"Simples";"Reta";"Sim";2;0;1;0;1;0;1;2;-22,798468;-43,645508;"SPRF-RJ";"DEL01-RJ";"UOP03-DEL01-RJ"
542378;2023-08-14;"segunda-feira";"17:40:00";"PI";316;13,5;"TERESINA";"Reação tardia ou ineficiente do condutor";"Colisão lateral mesmo sentido";"Com Vítimas Feridas";"Pleno dia";"Decrescente";"Sol";"Múltipla";"Retorno Regulamentado";"Sim";3;0;1;0;1;1;1;3;-5,2096314;-42,75526995;"SPRF-PI";"DEL01-PI";"UOP02-DEL01-PI"
542381;2023-08-14;"segunda-feira";"10:15:00";"MG";365;205;"BURITIZEIRO";"Reação tardia ou ineficiente do condutor";"Colisão frontal";"Com Vítimas Fatais";"Pleno dia";"Decrescente";"Céu Claro";"Simples";"Reta";"Não";3;1;0;0;1;1;0;3;-17,52731272;-45,26707709;"SPRF-MG";"DEL10-MG";"UOP02-DEL010-MG"
542383;2023-08-14;"segunda-feira";"18:30:00";"SC";280;55,8;"GUARAMIRIM";"Pedestre cruzava a pista fora da faixa";"Atropelamento de Pedestre";"Com Vítimas Feridas";"Plena Noite";"Crescente";"Céu Claro";"Dupla";"Reta";"Sim";2;0;0;1;1;0;1;2;-26,47584353;-48,9937858;"SPRF-SC";"DEL03-SC";"UOP03-DEL03-SC"
542384;2023-08-14;"segunda-feira";"12:55:00";"MA";135;298;"DOM PEDRO";"Reação tardia ou ineficiente do condutor";"Colisão frontal";"Com Vítimas Fatais";"Pleno dia";"Decrescente";"Céu Claro";"Simples";"Reta";"Não";3;2;0;0;0;1;0;2;-4,94727605;-44,40934597;"SPRF-MA";"DEL03-MA";"UOP01-DEL03-MA"
542386;2023-08-14;"segunda-feira";"15:35:00";"RN";226;228,3;"FLORANIA";"Demais falhas mecânicas ou elétricas";"Saída de leito carroçável";"Com Vítimas Feridas";"Pleno dia";"Decrescente";"Sol";"Simples";"Aclive";"Não";3;0;1;1;0;1;2;2;-6,11896378;-36,89479901;"SPRF-RN";"DEL03-RN";"UOP01-DEL03-RN"
542388;2023-08-14;"segunda-feira";"07:00:00";"MG";365;129,7;"VARZEA DA PALMA";"Manobra de mudança de faixa";"Tombamento";"Com Vítimas Fatais";"Pleno dia";"Decrescente";"Sol";"Simples";"Reta";"Não";2;1;0;0;0;2;0;3;-17,14279779;-44,76663122;"SPRF-MG";"DEL12-MG";"UOP01-DEL12-MG"
542390;2023-08-14;"segunda-feira";"18:20:00";"SP";116;50,8;"LORENA";"Manobra de mudança de faixa";"Colisão lateral mesmo sentido";"Com Vítimas Feridas";"Plena Noite";"Decrescente";"Nublado";"Dupla";"Reta";"Não";4;0;2;0;1;1;2;3;-22,73603721;-45,08433485;"SPRF-SP";"DEL08-SP";"UOP02-DEL08-SP"
542402;2023-08-14;"segunda-feira";"13:00:00";"MG";262;850,2;"CONCEICAO DAS ALAGOAS";"Ausência de reação do condutor";"Colisão com objeto";"Com Vítimas Feridas";"Pleno dia";"Crescente";"Céu Claro";"Simples";"Curva;Ponte;Declive";"Não";2;0;0;2;0;0;2;1;-19,75599413;-48,33588893;"SPRF-MG";"DEL13-MG";"UOP01-DEL13-MG"
542404;2023-08-14;"segunda-feira";"14:05:00";"MT";70;736;"CACERES";"Demais falhas mecânicas ou elétricas";"Incêndio";"Sem Vítimas";"Pleno dia";"Crescente";"Sol";"Simples";"Reta";"Não";2;0;0;0;1;1;0;2;-16,06428964;-57,71118164;"SPRF-MT";"DEL03-MT";"UOP01-DEL03-MT"
542406;2023-08-06;"domingo";"18:15:00";"MS";163;23;"MUNDO NOVO";"Acessar a via sem observar a presença dos outros veículos";"Colisão transversal";"Com Vítimas Feridas";"Plena Noite";"Crescente";"Céu Claro";"Simples";"Reta";"Não";4;0;1;0;2;2;1;4;-23,90290298;-54,3024534;"SPRF-MS";"DEL09-MS";"UOP02-DEL09-MS"
542408;2023-08-14;"segunda-feira";"19:00:00";"BA";367;42;"PORTO SEGURO";"Pedestre andava na pista";"Atropelamento de Pedestre";"Com Vítimas Feridas";"Plena Noite";"Decrescente";"Céu Claro";"Simples";"Reta";"Não";2;0;0;1;1;0;1;2;-16,38083898;-39,22681398;"SPRF-BA";"DEL09-BA";"UOP03-DEL09-BA"
542415;2023-08-14;"segunda-feira";"20:30:00";"MS";163;467;"CAMPO GRANDE";"Reação tardia ou ineficiente do condutor";"Engavetamento";"Com Vítimas Feridas";"Plena Noite";"Crescente";"Céu Claro";"Simples";"Reta";"Sim";4;0;0;2;2;0;2;3;-20,57932863;-54,57695024;"SPRF-MS";"DEL01-MS";"UOP01-DEL01-MS"
542420;2023-08-14;"segunda-feira";"21:20:00";"SC";101;34,5;"JOINVILLE";"Animais na Pista";"Atropelamento de Animal";"Com Vítimas Feridas";"Plena Noite";"Crescente";"Nublado";"Dupla";"Reta";"Não";3;0;0;1;2;0;1;2;-26,26557822;-48,89930534;"SPRF-SC";"DEL03-SC";"UOP01-DEL03-SC"
542423;2023-08-14;"segunda-feira";"20:30:00";"SC";101;174,5;"GOVERNADOR CELSO RAMOS";"Demais falhas mecânicas ou elétricas";"Incêndio";"Sem Vítimas";"Plena Noite";"Crescente";"Céu Claro";"Dupla";"Reta";"Não";2;0;0;0;1;1;0;2;-27,33081601;-48,62697562;"SPRF-SC";"DEL01-SC";"UOP01-DEL01-SC"
542424;2023-08-14;"segunda-feira";"19:02:00";"MG";40;291,5;"TRES MARIAS";"Reação tardia ou ineficiente do condutor";"Colisão traseira";"Sem Vítimas";"Plena Noite";"Decrescente";"Céu Claro";"Simples";"Aclive;Reta";"Não";3;0;0;0;2;1;0;3;-18,32760097;-45,10834689;"SPRF-MG";"DEL14-MG";"UOP02-DEL14-MG"
542425;2023-08-14;"segunda-feira";"18:53:00";"BA";407;202,5;"CALDEIRAO GRANDE";"Manobra de mudança de faixa";"Colisão frontal";"Com Vítimas Feridas";"Plena Noite";"Crescente";"Céu Claro";"Simples";"Reta";"Não";7;0;4;2;1;0;6;2;-11,12176086;-40,06552557;"SPRF-BA";"DEL04-BA";"UOP02-DEL04-BA"
542432;2023-08-14;"segunda-feira";"18:20:00";"MT";70;532;"VARZEA GRANDE";"Ausência de reação do condutor";"Colisão frontal";"Com Vítimas Fatais";"Plena Noite";"Crescente";"Nublado";"Simples";"Reta";"Não";4;1;0;0;1;2;0;4;-15,674432;-56,253362;"SPRF-MT";"DEL01-MT";"UOP02-DEL01-MT"
542434;2023-08-14;"segunda-feira";"22:50:00";"MT";364;197;"RONDONOPOLIS";"Ingestão de álcool pelo condutor";"Saída de leito carroçável";"Sem Vítimas";"Plena Noite";"Decrescente";"Nublado";"Dupla";"Reta;Declive;Rotatória";"Sim";2;0;0;0;1;3;0;4;-16,51125876;-54,61517884;"SPRF-MT";"DEL02-MT";"UOP01-DEL02-MT"
542436;2023-08-15;"terça-feira";"00:40:00";"MT";163;1034;"PEIXOTO DE AZEVEDO";"Manobra de mudança de faixa";"Colisão lateral sentido oposto";"Com Vítimas Feridas";"Plena Noite";"Crescente";"Céu Claro";"Simples";"Reta";"Não";6;0;0;1;4;1;1;4;-10,32534197;-55,03743014;"SPRF-MT";"DEL06-MT";"UOP03-DEL06-MT"
542437;2023-08-14;"segunda-feira";"20:30:00";"MA";316;342,9;"BACABAL";"Ingestão de álcool e/ou substâncias psicoativas pelo pedestre";"Atropelamento de Pedestre";"Com Vítimas Fatais";"Plena Noite";"Crescente";"Céu Claro";"Simples";"Reta";"Sim";2;1;0;0;1;0;0;2;-4,194722;-44,93597;"SPRF-MA";"DEL02-MA";"UOP01-DEL02-MA"
542441;2023-08-15;"terça-feira";"01:30:00";"MT";70;502;"CUIABA";"Demais falhas mecânicas ou elétricas";"Incêndio";"Sem Vítimas";"Plena Noite";"Decrescente";"Céu Claro";"Simples";"Aclive;Reta";"Não";2;0;0;0;1;3;0;4;-15,696614;-56,027257;"SPRF-MT";"DEL01-MT";"UOP02-DEL01-MT"
542447;2023-08-15;"terça-feira";"05:50:00";"PR";476;336;"PAULA FREITAS";"Acessar a via sem observar a presença dos outros veículos";"Colisão transversal";"Com Vítimas Fatais";"Amanhecer";"Crescente";"Nevoeiro/Neblina";"Simples";"Reta";"Não";3;1;0;0;1;1;0;3;-26,13571361;-50,86326599;"SPRF-PR";"DEL02-PR";"UOP03-DEL02-PR"
542451;2023-08-15;"terça-feira";"03:55:00";"MG";116;581,5;"MANHUACU";"Condutor Dormindo";"Colisão frontal";"Com Vítimas Fatais";"Plena Noite";"Decrescente";"Nublado";"Simples";"Reta";"Não";5;4;0;0;0;1;0;3;-20,208717;-42,18196;"SPRF-MG";"DEL06-MG";"UOP03-DEL06-MG"
542457;2023-08-15;"terça-feira";"07:38:00";"SC";101;194;"BIGUACU";"Condutor deixou de manter distância do veículo da frente";"Colisão traseira";"Com Vítimas Feridas";"Pleno dia";"Decrescente";"Céu Claro";"Múltipla";"Reta";"Sim";9;0;1;0;8;0;1;3;-27,49815117;-48,65661236;"SPRF-SC";"DEL01-SC";"UOP01-DEL01-SC"
542461;2023-08-15;"terça-feira";"03:20:00";"RO";364;675;"CANDEIAS DO JAMARI";"Reação tardia ou ineficiente do condutor";"Saída de leito carroçável";"Com Vítimas Fatais";"Plena Noite";"Crescente";"Céu Claro";"Simples";"Reta";"Não";1;1;0;0;0;0;0;1;-8,78080028;-63,54351197;"SPRF-RO";"DEL01-RO";"UOP01-DEL01-RO"
542462;2023-08-15;"terça-feira";"05:15:00";"MG";381;162,8;"GOVERNADOR VALADARES";"Condutor Dormindo";"Colisão traseira";"Com Vítimas Feridas";"Amanhecer";"Decrescente";"Céu Claro";"Simples";"Reta";"Não";3;0;2;0;0;1;2;3;-18,92981969;-42,04461724;"SPRF-MG";"DEL06-MG";"UOP01-DEL06-MG"
542468;2023-08-15;"terça-feira";"06:50:00";"BA";324;533;"CONCEICAO DO JACUIPE";"Condutor deixou de manter distância do veículo da frente";"Colisão traseira";"Com Vítimas Feridas";"Pleno dia";"Decrescente";"Céu Claro";"Dupla";"Reta";"Sim";4;0;1;0;2;2;1;4;-12,34449694;-38,84017496;"SPRF-BA";"DEL01-BA";"UOP03-DEL01-BA"
542470;2023-08-15;"terça-feira";"08:00:00";"RS";153;49,9;"ERECHIM";"Condutor deixou de manter distância do veículo da frente";"Colisão traseira";"Com Vítimas Feridas";"Pleno dia";"Crescente";"Céu Claro";"Simples";"Reta";"Sim";3;0;1;0;2;0;1;3;-27,65513812;-52,26579899;"SPRF-RS";"DEL08-RS";"UOP04-DEL08-RS"
542474;2023-08-15;"terça-feira";"06:40:00";"MT";364;551;"ROSARIO OESTE";"Ausência de reação do condutor";"Colisão traseira";"Com Vítimas Feridas";"Pleno dia";"Crescente";"Céu Claro";"Dupla";"Reta";"Não";4;0;0;2;1;2;2;4;-14,840096;-56,440548;"SPRF-MT";"DEL01-MT";"UOP01-DEL01-MT"
542475;2023-08-15;"terça-feira";"08:00:00";"SC";282;553,3;"NOVA ITABERABA";"Conversão proibida";"Colisão traseira";"Com Vítimas Feridas";"Pleno dia";"Decrescente";"Céu Claro";"Simples";"Aclive;Reta";"Não";2;0;0;1;1;0;1;2;-26,93815;-52,791916;"SPRF-SC";"DEL07-SC";"UOP01-DEL07-SC"
542479;2023-08-15;"terça-feira";"08:40:00";"RS";116;332;"BARRA DO RIBEIRO";"Ausência de reação do condutor";"Colisão traseira";"Com Vítimas Feridas";"Pleno dia";"Crescente";"Céu Claro";"Dupla";"Curva";"Não";3;0;0;1;1;2;1;4;-30,39620212;-51,44091884;"SPRF-RS";"DEL02-RS";"UOP02-DEL02-RS"
542481;2023-07-07;"sexta-feira";"09:00:00";"ES";101;146;"LINHARES";"Manobra de mudança de faixa";"Colisão traseira";"Com Vítimas Feridas";"Pleno dia";"Decrescente";"Céu Claro";"Dupla";"Reta";"Sim";3;0;0;1;2;0;1;3;-19,36990998;-40,06560718;"SPRF-ES";"DEL04-ES";"UOP01-DEL04-ES"
542482;2023-08-15;"terça-feira";"08:18:00";"RN";226;3;"NATAL";"Acessar a via sem observar a presença dos outros veículos";"Colisão traseira";"Com Vítimas Feridas";"Pleno dia";"Crescente";"Céu Claro";"Simples";"Reta";"Sim";2;0;1;0;1;0;1;2;-5,82085671;-35,25187091;"SPRF-RN";"DEL01-RN";"UOP02-DEL01-RN"
542486;2023-06-20;"terça-feira";"20:00:00";"PE";423;76;"JUCATI";"Transitar na contramão";"Colisão frontal";"Com Vítimas Feridas";"Plena Noite";"Crescente";"Nublado";"Simples";"Curva;Declive";"Não";2;0;1;0;1;0;1;2;-8,73183901;-36,43146015;"SPRF-PE";"DEL03-PE";"UOP01-DEL03-PE"
542491;2023-08-15;"terça-feira";"09:00:00";"PE";101;67;"RECIFE";"Ausência de reação do condutor";"Colisão traseira";"Com Vítimas Feridas";"Pleno dia";"Crescente";"Céu Claro";"Dupla";"Reta";"Não";4;0;1;0;3;0;1;4;-8,042334;-34,943096;"SPRF-PE";"DEL01-PE";"UOP01-DEL01-PE"
542500;2023-08-15;"terça-feira";"08:20:00";"SC";153;48,3;"VARGEM BONITA";"Ultrapassagem Indevida";"Colisão frontal";"Com Vítimas Fatais";"Pleno dia";"Crescente";"Céu Claro";"Simples";"Declive;Reta";"Não";4;1;0;0;2;2;0;5;-26,908689;-51,78401;"SPRF-SC";"DEL07-SC";"UOP07-DEL07-SC"