"id";"data_inversa";"dia_semana";"horario";"uf";"br";"km";"municipio";"causa_acidente";"tipo_acidente";"classificacao_acidente";"fase_dia";"sentido_via";"condicao_metereologica";"tipo_pista";"tracado_via";"uso_solo";"pessoas";"mortos";"feridos_leves";"feridos_graves";"ilesos";"ignorados";"feridos";"veiculos";"latitude";"longitude";"regional";"delegacia";"uop"
542501;2023-08-15;"terça-feira";"12:15:00";"RS";386;342,4;"LAJEADO";"Acessar a via sem observar a presença dos outros veículos";"Colisão transversal";"Com Vítimas Feridas";"Pleno dia";"Decrescente";"Céu Claro";"Simples";"Interseção de Vias;Reta";"Sim";2;0;1;0;1;0;1;2;-29,43376708;-52,00711012;"SPRF-RS";"DEL04-RS";"UOP01-DEL04-RS"
542502;2023-08-15;"terça-feira";"08:15:00";"RS";153;27,7;"TRES ARROIOS";"Velocidade Incompatível";"Saída de leito carroçável";"Com Vítimas Feridas";"Pleno dia";"Crescente";"Céu Claro";"Simples";"Curva";"Não";2;0;1;0;0;1;1;2;-27,51119074;-52,14344017;"SPRF-RS";"DEL08-RS";"UOP04-DEL08-RS"
542508;2023-08-15;"terça-feira";"10:40:00";"MG";116;93,5;"MEDINA";"Reação tardia ou ineficiente do condutor";"Tombamento";"Com Vítimas Feridas";"Pleno dia";"Crescente";"Céu Claro";"Simples";"Curva";"Não";1;0;1;0;0;0;1;1;-16,37582396;-41,47226824;"SPRF-MG";"DEL11-MG";"UOP02-DEL11-MG"
542509;2023-08-15;"terça-feira";"06:10:00";"PI";343;290;"ALTOS";"Condutor Dormindo";"Colisão com objeto";"Sem Vítimas";"Amanhecer";"Crescente";"Céu Claro";"Simples";"Reta";"Não";2;0;0;0;1;2;0;3;-4,950524;-42,344837;"SPRF-PI";"DEL01-PI";"UOP03-DEL01-PI"
542512;2023-08-15;"terça-feira";"08:30:00";"BA";110;360,3;"CATU";"Transitar no Acostamento";"Atropelamento de Pedestre";"Com Vítimas Fatais";"Pleno dia";"Decrescente";"Sol";"Simples";"Reta";"Sim";2;1;0;0;0;1;0;2;-12,36659322;-38,38801135;"SPRF-BA";"DEL01-BA";"UOP04-DEL01-BA"
542514;2023-08-15;"terça-feira";"13:25:00";"CE";222;201;"FORQUILHA";"Velocidade Incompatível";"Tombamento";"Com Vítimas Feridas";"Pleno dia";"Crescente";"Céu Claro";"Simples";"Curva";"Não";2;0;1;0;0;1;1;2;-3,80547002;-40,19978001;"SPRF-CE";"DEL04-CE";"UOP01-DEL04-CE"
542516;2023-07-27;"quinta-feira";"02:45:00";"ES";101;283,6;"CARIACICA";"Transitar na contramão";"Colisão frontal";"Com Vítimas Fatais";"Plena Noite";"Crescente";"Céu Claro";"Dupla";"Reta";"Sim";3;1;0;0;1;2;0;4;-20,23438373;-40,3693577;"SPRF-ES";"DEL01-ES";"UOP01-DEL01-ES"
542520;2023-08-15;"terça-feira";"13:25:00";"RS";386;432,4;"NOVA SANTA RITA";"Manobra de mudança de faixa";"Colisão transversal";"Com Vítimas Feridas";"Pleno dia";"Decrescente";"Céu Claro";"Dupla";"Reta";"Não";4;0;1;1;1;1;2;3;-29,839973;-51,294933;"SPRF-RS";"DEL04-RS";"UOP02-DEL04-RS"
542521;2023-08-15;"terça-feira";"10:30:00";"TO";153;497;"PARAISO DO TOCANTINS";"Acessar a via sem observar a presença dos outros veículos";"Colisão transversal";"Sem Vítimas";"Pleno dia";"Crescente";"Céu Claro";"Simples";"Reta";"Sim";2;0;0;0;2;0;0;2;-10,17483505;-48,88054838;"SPRF-TO";"DEL01-TO";"UOP01-DEL01-TO"
542538;2023-08-15;"terça-feira";"14:00:00";"SC";101;96,8;"BALNEARIO PICARRAS";"Ausência de reação do condutor";"Engavetamento";"Com Vítimas Feridas";"Pleno dia";"Crescente";"Céu Claro";"Dupla";"Reta";"Não";5;0;1;0;4;0;1;3;-26,718427;-48,70233;"SPRF-SC";"DEL03-SC";"UOP02-DEL03-SC"
542539;2023-08-15;"terça-feira";"15:00:00";"RS";116;396;"CAMAQUA";"Estacionar ou parar em local proibido";"Colisão traseira";"Sem Vítimas";"Pleno dia";"Crescente";"Céu Claro";"Dupla";"Reta";"Sim";2;0;0;0;2;0;0;2;-30,85277648;-51,77498979;"SPRF-RS";"DEL02-RS";"UOP02-DEL02-RS"
542541;2023-08-15;"terça-feira";"13:45:00";"RS";293;136;"CANDIOTA";"Acessar a via sem observar a presença dos outros veículos";"Colisão transversal";"Sem Vítimas";"Pleno dia";"Decrescente";"Céu Claro";"Simples";"Reta";"Sim";3;0;0;0;2;1;0;3;-31,47443826;-53,64695212;"SPRF-RS";"DEL11-RS";"UOP03-DEL11-RS"
542546;2023-08-15;"terça-feira";"15:00:00";"PR";116;109;"CURITIBA";"Condutor deixou de manter distância do veículo da frente";"Engavetamento";"Com Vítimas Feridas";"Pleno dia";"Crescente";"Sol";"Dupla";"Reta";"Não";7;0;3;1;2;6;4;10;-25,5649431;-49,24784124;"SPRF-PR";"DEL01-PR";"UOP07-DEL01-PR"
542547;2023-08-15;"terça-feira";"15:45:00";"SP";116;107;"TAUBATE";"Manobra de mudança de faixa";"Colisão lateral mesmo sentido";"Com Vítimas Feridas";"Pleno dia";"Crescente";"Céu Claro";"Dupla";"Reta";"Não";3;0;1;0;1;2;1;4;-23,01791287;-45,53009409;"SPRF-SP";"DEL08-SP";"UOP01-DEL08-SP"
542548;2023-08-15;"terça-feira";"14:30:00";"PR";116;111;"CURITIBA";"Reação tardia ou ineficiente do condutor";"Colisão traseira";"Com Vítimas Feridas";"Pleno dia";"Decrescente";"Sol";"Dupla";"Reta;Viaduto";"Sim";6;0;1;2;2;3;3;7;-25,55629026;-49,27170217;"SPRF-PR";"DEL01-PR";"UOP07-DEL01-PR"
542552;2023-08-15;"terça-feira";"17:00:00";"SC";101;193;"BIGUACU";"Trafegar com motocicleta (ou similar) entre as faixas";"Colisão lateral mesmo sentido";"Com Vítimas Feridas";"Pleno dia";"Decrescente";"Céu Claro";"Dupla";"Reta";"Sim";7;0;0;1;6;0;1;3;-27,489574;-48,655914;"SPRF-SC";"DEL01-SC";"UOP01-DEL01-SC"
542556;2023-08-15;"terça-feira";"16:20:00";"SC";470;171;"POUSO REDONDO";"Transitar na contramão";"Colisão frontal";"Com Vítimas Feridas";"Pleno dia";"Crescente";"Nublado";"Simples";"Curva;Aclive";"Não";2;0;0;2;0;0;2;2;-27,260828;-49,900455;"SPRF-SC";"DEL04-SC";"UOP02-DEL04-SC"
542563;2023-08-15;"terça-feira";"09:15:00";"MG";116;485;"DOM CAVATI";"Demais falhas mecânicas ou elétricas";"Tombamento";"Com Vítimas Feridas";"Pleno dia";"Decrescente";"Céu Claro";"Simples";"Curva";"Não";1;0;1;0;0;0;1;1;-19,4367023;-42,1257636;"SPRF-MG";"DEL06-MG";"UOP02-DEL06-MG"
542566;2023-08-15;"terça-feira";"19:01:00";"PE";428;152;"PETROLINA";"Ausência de reação do condutor";"Colisão lateral mesmo sentido";"Sem Vítimas";"Plena Noite";"Crescente";"Céu Claro";"Simples";"Reta";"Não";5;0;0;0;5;0;0;2;-9,0854229;-40,32046116;"SPRF-PE";"DEL06-PE";"UOP01-DEL06-PE"
542569;2023-08-15;"terça-feira";"15:30:00";"TO";153;497;"PARAISO DO TOCANTINS";"Velocidade Incompatível";"Colisão traseira";"Com Vítimas Feridas";"Pleno dia";"Crescente";"Céu Claro";"Dupla";"Reta";"Sim";2;0;1;0;1;0;1;2;-10,17483505;-48,88054838;"SPRF-TO";"DEL01-TO";"UOP01-DEL01-TO"
542570;2023-08-15;"terça-feira";"18:02:00";"PE";101;197,5;"XEXEU";"Entrada inopinada do pedestre";"Atropelamento de Pedestre";"Com Vítimas Fatais";"Plena Noite";"Decrescente";"Chuva";"Dupla";"Declive;Reta";"Não";2;1;0;0;0;1;0;2;-8,75523097;-35,60154384;"SPRF-PE";"DEL01-PE";"UOP03-DEL01-PE"
542576;2023-08-15;"terça-feira";"19:00:00";"RS";285;99,5;"MONTE ALEGRE DOS CAMPOS";"Acessar a via sem observar a presença dos outros veículos";"Colisão lateral mesmo sentido";"Com Vítimas Feridas";"Plena Noite";"Decrescente";"Céu Claro";"Simples";"Reta";"Não";4;0;2;0;1;1;2;4;-28,585506;-50,768902;"SPRF-RS";"DEL05-RS";"UOP03-DEL05-RS"
542582;2023-07-30;"domingo";"13:30:00";"MG";50;191;"UBERABA";"Reação tardia ou ineficiente do condutor";"Saída de leito carroçável";"Com Vítimas Feridas";"Pleno dia";"Crescente";"Céu Claro";"Dupla";"Declive;Reta";"Não";4;0;1;0;2;1;1;3;-19,87187797;-47,85892196;"SPRF-MG";"DEL13-MG";"UOP01-DEL13-MG"
542584;2023-08-15;"terça-feira";"20:25:00";"SP";116;474,3;"JACUPIRANGA";"Velocidade Incompatível";"Saída de leito carroçável";"Com Vítimas Feridas";"Plena Noite";"Crescente";"Garoa/Chuvisco";"Dupla";"Reta";"Não";1;0;1;0;0;0;1;1;-24,68015127;-47,98251273;"SPRF-SP";"DEL05-SP";"UOP01-DEL05-SP"
542586;2023-08-15;"terça-feira";"19:40:00";"PR";376;591;"CURITIBA";"Condutor deixou de manter distância do veículo da frente";"Colisão traseira";"Sem Vítimas";"Plena Noite";"Crescente";"Nublado";"Dupla";"Reta";"Não";3;0;0;0;2;2;0;4;-25,45999605;-49,35895013;"SPRF-PR";"DEL01-PR";"UOP06-DEL01-PR"
542589;2023-08-15;"terça-feira";"20:50:00";"PE";101;47,9;"IGARASSU";"Acessar a via sem observar a presença dos outros veículos";"Colisão lateral mesmo sentido";"Com Vítimas Feridas";"Plena Noite";"Decrescente";"Céu Claro";"Dupla";"Curva";"Sim";3;0;0;1;1;1;1;3;-7,88290701;-34,90461208;"SPRF-PE";"DEL01-PE";"UOP02-DEL01-PE"
542606;2023-08-15;"terça-feira";"22:00:00";"MG";365;862,5;"SANTA VITORIA";"Acessar a via sem observar a presença dos outros veículos";"Colisão transversal";"Com Vítimas Fatais";"Plena Noite";"Crescente";"Céu Claro";"Simples";"Reta";"Não";5;1;0;2;1;2;2;4;-19,042757;-50,432309;"SPRF-MG";"DEL15-MG";"UOP03-DEL15-MG"
542607;2023-08-15;"terça-feira";"22:47:00";"RS";290;76;"GRAVATAI";"Reação tardia ou ineficiente do condutor";"Tombamento";"Com Vítimas Feridas";"Plena Noite";"Crescente";"Céu Claro";"Múltipla";"Reta";"Não";4;0;2;0;1;1;2;3;-29,956612;-51,017124;"SPRF-RS";"DEL01-RS";"UOP01-DEL01-RS"
542611;2023-08-15;"terça-feira";"21:10:00";"TO";153;786,4;"TALISMA";"Condutor Dormindo";"Saída de leito carroçável";"Com Vítimas Feridas";"Plena Noite";"Decrescente";"Céu Claro";"Simples";"Reta";"Não";2;0;1;0;0;2;1;3;-12,69293995;-49,07129625;"SPRF-TO";"DEL01-TO";"UOP02-DEL01-TO"
542612;2023-08-15;"terça-feira";"23:00:00";"MG";365;368;"PATOS DE MINAS";"Velocidade Incompatível";"Tombamento";"Com Vítimas Feridas";"Plena Noite";"Decrescente";"Ignorado";"Simples";"Reta";"Não";3;0;0;1;1;2;1;4;-18,50025784;-46,10951814;"SPRF-MG";"DEL10-MG";"UOP01-DEL10-MG"
542615;2023-08-15;"terça-feira";"23:00:00";"MG";251;415,3;"GRAO MOGOL";"Velocidade Incompatível";"Saída de leito carroçável";"Com Vítimas Feridas";"Plena Noite";"Decrescente";"Céu Claro";"Simples";"Reta";"Não";2;0;1;0;0;1;1;2;-16,2964018;-43,04220808;"SPRF-MG";"DEL12-MG";"UOP01-DEL12-MG"
542617;2023-08-16;"quarta-feira";"03:45:00";"MG";40;548,5;"NOVA LIMA";"Transitar na contramão";"Colisão lateral sentido oposto";"Com Vítimas Fatais";"Plena Noite";"Crescente";"Céu Claro";"Dupla";"Aclive;Reta";"Sim";3;1;0;0;2;0;0;2;-20,03136499;-43,96967792;"SPRF-MG";"DEL01-MG";"UOP02-DEL01-MG"
542622;2023-08-16;"quarta-feira";"04:30:00";"PA";10;0,2;"DOM ELISEU";"Manobra de mudança de faixa";"Colisão frontal";"Com Vítimas Feridas";"Plena Noite";"Decrescente";"Céu Claro";"Simples";"Declive;Reta";"Não";3;0;0;1;1;1;1;2;-4,443492;-47,532508;"SPRF-PA";"DEL02-PA";"UOP02-DEL02-PA"
542625;2023-08-16;"quarta-feira";"04:00:00";"MG";262;176;"SAO DOMINGOS DO PRATA";"Demais falhas mecânicas ou elétricas";"Incêndio";"Sem Vítimas";"Plena Noite";"Crescente";"Nublado";"Simples";"Reta";"Não";2;0;0;0;1;1;0;2;-19,9308266;-42,9636919;"SPRF-MG";"DEL03-MG";"UOP01-DEL03-MG"
542626;2023-08-16;"quarta-feira";"04:00:00";"PR";163;282;"MARECHAL CANDIDO RONDON";"Sinalização mal posicionada";"Queda de ocupante de veículo";"Com Vítimas Fatais";"Plena Noite";"Crescente";"Céu Claro";"Simples";"Declive;Interseção de Vias;Em Obras";"Não";2;1;0;0;1;0;0;2;-24,57864514;-53,99236214;"SPRF-PR";"DEL06-PR";"UOP02-DEL06-PR"
542629;2023-08-16;"quarta-feira";"05:10:00";"SC";470;54,4;"BLUMENAU";"Ausência de reação do condutor";"Saída de leito carroçável";"Com Vítimas Feridas";"Amanhecer";"Crescente";"Nublado";"Simples";"Interseção de Vias";"Sim";2;0;1;0;0;1;1;2;-26,871065;-49,110374;"SPRF-SC";"DEL04-SC";"UOP01-DEL04-SC"
542632;2023-08-16;"quarta-feira";"02:40:00";"RJ";116;231;"PIRAI";"Demais falhas mecânicas ou elétricas";"Tombamento";"Sem Vítimas";"Plena Noite";"Decrescente";"Nevoeiro/Neblina";"Simples";"Declive;Curva";"Não";1;0;0;0;1;0;0;1;-22,65223367;-43,82992389;"SPRF-RJ";"DEL07-RJ";"UOP01-DEL07-RJ"
542634;2023-08-16;"quarta-feira";"07:30:00";"CE";116;18;"EUSEBIO";"Manobra de mudança de faixa";"Colisão traseira";"Com Vítimas Feridas";"Pleno dia";"Decrescente";"Céu Claro";"Múltipla";"Reta";"Sim";3;0;0;1;1;1;1;3;-3,90496605;-38,50518756;"SPRF-CE";"DEL01-CE";"UOP02-DEL01-CE"
542637;2023-08-15;"terça-feira";"23:40:00";"MG";381;626,6;"OLIVEIRA";"Velocidade Incompatível";"Colisão com objeto";"Com Vítimas Feridas";"Plena Noite";"Crescente";"Nublado";"Dupla";"Curva";"Não";2;0;0;1;1;0;1;1;-20,828287;-44,807964;"SPRF-MG";"DEL04-MG";"UOP01-DEL04-MG"
542639;2023-08-16;"quarta-feira";"00:10:00";"MT";163;612;"NOVA MUTUM";"Transitar na contramão";"Colisão frontal";"Com Vítimas Feridas";"Plena Noite";"Crescente";"Céu Claro";"Simples";"Reta";"Não";3;0;1;0;1;1;1;3;-13,75005681;-56,05327606;"SPRF-MT";"DEL01-MT";"UOP01-DEL01-MT"
542641;2023-08-12;"sábado";"03:00:00";"ES";101;307;"VIANA";"Declive acentuado";"Eventos atípicos";"Sem Vítimas";"Plena Noite";"Decrescente";"Nublado";"Dupla";"Aclive";"Não";3;0;0;0;2;1;0;2;-20,39978524;-40,45604748;"SPRF-ES";"DEL01-ES";"UOP01-DEL01-ES"
542645;2023-08-16;"quarta-feira";"06:45:00";"BA";116;9,2;"VITORIA DA CONQUISTA";"Ausência de reação do condutor";"Colisão lateral mesmo sentido";"Com Vítimas Feridas";"Pleno dia";"Crescente";"Nublado";"Simples";"Declive";"Sim";5;0;2;0;2;1;2;4;-14,851;-40,8485;"SPRF-BA";"DEL08-BA";"UOP01-DEL08-BA"
542651;2023-08-16;"quarta-feira";"08:20:00";"MG";50;10;"ARAGUARI";"Velocidade Incompatível";"Colisão traseira";"Com Vítimas Feridas";"Pleno dia";"Decrescente";"Céu Claro";"Dupla";"Reta;Declive";"Não";4;0;1;2;0;3;3;5;-18,50601025;-48,04052945;"SPRF-MG";"DEL15-MG";"UOP02-DEL15-MG"
542658;2023-08-16;"quarta-feira";"06:45:00";"MG";381;163,2;"GOVERNADOR VALADARES";"Acessar a via sem observar a presença dos outros veículos";"Colisão traseira";"Com Vítimas Feridas";"Pleno dia";"Decrescente";"Céu Claro";"Simples";"Reta";"Não";2;0;1;0;1;0;1;2;-18,93550625;-42,0516298;"SPRF-MG";"DEL06-MG";"UOP01-DEL06-MG"
542659;2023-07-29;"sábado";"17:55:00";"MG";116;729,2;"LARANJAL";"Ultrapassagem Indevida";"Colisão frontal";"Com Vítimas Fatais";"Anoitecer";"Decrescente";"Nublado";"Simples";"Reta";"Não";4;1;1;0;1;4;1;7;-21,30969372;-42,43657622;"SPRF-MG";"DEL07-MG";"UOP02-DEL07-MG"
542663;2023-08-08;"terça-feira";"15:30:00";"PR";476;116,1;"COLOMBO";"Manobra de mudança de faixa";"Colisão lateral mesmo sentido";"Com Vítimas Feridas";"Pleno dia";"Crescente";"Nublado";"Dupla";"Curva";"Sim";3;0;1;0;1;1;1;2;-25,349634;-49,167373;"SPRF-PR";"DEL01-PR";"UOP01-DEL01-PR"
542669;2023-08-16;"quarta-feira";"08:30:00";"MG";381;447;"SABARA";"Ausência de reação do condutor";"Tombamento";"Com Vítimas Feridas";"Pleno dia";"Decrescente";"Nublado";"Simples";"Reta";"Não";1;0;1;0;0;0;1;1;-19,83447607;-43,85011601;"SPRF-MG";"DEL01-MG";"UOP01-DEL01-MG"
542671;2023-06-24;"sábado";"14:08:00";"SE";101;39,6;"CAPELA";"Chuva";"Colisão com objeto";"Sem Vítimas";"Pleno dia";"Crescente";"Chuva";"Dupla";"Declive;Reta";"Não";2;0;0;0;1;1;0;2;-10,517972;-36,950147;"SPRF-SE";"DEL02-SE";"UOP02-DEL02-SE"
542672;2023-08-16;"quarta-feira";"06:45:00";"RJ";116;131;"MAGE";"Demais falhas mecânicas ou elétricas";"Tombamento";"Com Vítimas Feridas";"Pleno dia";"Decrescente";"Nublado";"Dupla";"Reta";"Sim";2;0;1;0;0;1;1;2;-22,65608024;-43,12511494;"SPRF-RJ";"DEL04-RJ";"UOP02-DEL04-RJ"
542673;2023-07-15;"sábado";"10:45:00";"MG";50;153;"UBERABA";"Ultrapassagem Indevida";"Colisão lateral mesmo sentido";"Com Vítimas Feridas";"Pleno dia";"Crescente";"Céu Claro";"Dupla";"Reta";"Não";2;0;1;0;1;0;1;2;-19,59125905;-48,02849514;"SPRF-MG";"DEL13-MG";"UOP01-DEL13-MG"
542678;2023-07-19;"quarta-feira";"15:30:00";"RJ";116;122;"MAGE";"Condutor deixou de manter distância do veículo da frente";"Colisão traseira";"Com Vítimas Feridas";"Pleno dia";"Decrescente";"Céu Claro";"Simples";"Reta";"Não";2;0;1;0;1;0;1;2;-22,63509742;-43,05577963;"SPRF-RJ";"DEL04-RJ";"UOP02-DEL04-RJ"
542680;2023-08-16;"quarta-feira";"11:07:00";"ES";101;239,8;"FUNDAO";"Ausência de reação do condutor";"Colisão com objeto";"Com Vítimas Fatais";"Pleno dia";"Crescente";"Nublado";"Simples";"Ponte";"Não";1;1;0;0;0;0;0;1;-20,00782494;-40,40790907;"SPRF-ES";"DEL02-ES";"UOP01-DEL02-ES"
542681;2023-08-16;"quarta-feira";"10:40:00";"MG";365;681,2;"MONTE ALEGRE DE MINAS";"Demais Fenômenos da natureza";"Tombamento";"Com Vítimas Feridas";"Pleno dia";"Crescente";"Vento";"Dupla";"Reta";"Não";2;0;1;0;0;1;1;2;-18,8497713;-48,82855398;"SPRF-MG";"DEL15-MG";"UOP01-DEL15-MG"
542682;2023-07-23;"domingo";"06:40:00";"MA";230;194,4;"SAO DOMINGOS DO AZEITAO";"Transitar na contramão";"Colisão frontal";"Com Vítimas Fatais";"Amanhecer";"Crescente";"Céu Claro";"Simples";"Reta";"Não";3;2;0;0;0;5;0;7;-6,82967131;-44,48178185;"SPRF-MA";"DEL05-MA";"UOP01-DEL05-MA"
542684;2023-07-29;"sábado";"14:55:00";"MS";262;367;"CAMPO GRANDE";"Transitar na contramão";"Colisão lateral sentido oposto";"Com Vítimas Feridas";"Pleno dia";"Crescente";"Céu Claro";"Simples";"Reta";"Sim";6;0;2;0;2;5;2;8;-20,47734957;-54,75069718;"SPRF-MS";"DEL01-MS";"UOP03-DEL01-MS"
542690;2023-08-16;"quarta-feira";"10:20:00";"PR";116;109,2;"CURITIBA";"Ausência de reação do condutor";"Saída de leito carroçável";"Sem Vítimas";"Pleno dia";"Crescente";"Céu Claro";"Dupla";"Reta";"Não";1;0;0;0;1;0;0;1;-25,56194955;-49,26041007;"SPRF-PR";"DEL01-PR";"UOP07-DEL01-PR"
542697;2023-08-16;"quarta-feira";"12:36:00";"RJ";101;92;"CAMPOS DOS GOYTACAZES";"Ausência de reação do condutor";"Tombamento";"Com Vítimas Feridas";"Pleno dia";"Crescente";"Nublado";"Dupla";"Curva;Aclive";"Não";2;0;1;0;0;1;1;2;-21,85456357;-41,52621893;"SPRF-RJ";"DEL08-RJ";"UOP02-DEL08-RJ"
542703;2023-08-16;"quarta-feira";"11:50:00";"MT";163;41,2;"ITIQUIRA";"Condutor Dormindo";"Colisão traseira";"Com Vítimas Fatais";"Pleno dia";"Decrescente";"Céu Claro";"Dupla";"Reta";"Não";4;1;2;0;1;0;2;2;-17,15520801;-54,75726784;"SPRF-MT";"DEL02-MT";"UOP03-DEL02-MT"
542705;2023-08-16;"quarta-feira";"10:30:00";"MT";364;5;"ALTO ARAGUAIA";"Demais Fenômenos da natureza";"Incêndio";"Sem Vítimas";"Pleno dia";"Decrescente";"Céu Claro";"Simples";"Reta";"Sim";2;0;0;0;1;1;0;2;-17,28940522;-53,24444019;"SPRF-MT";"DEL02-MT";"UOP02-DEL02-MT"
542706;2023-08-16;"quarta-feira";"11:40:00";"RO";364;242;"CACOAL";"Condutor deixou de manter distância do veículo da frente";"Colisão traseira";"Sem Vítimas";"Pleno dia";"Crescente";"Céu Claro";"Simples";"Rotatória";"Sim";3;0;0;0;2;4;0;6;-11,44084787;-61,48767999;"SPRF-RO";"DEL02-RO";"UOP02-DEL02-RO"
542707;2023-08-16;"quarta-feira";"13:00:00";"RS";470;189,7;"VERANOPOLIS";"Problema com o freio";"Saída de leito carroçável";"Com Vítimas Feridas";"Pleno dia";"Crescente";"Céu Claro";"Simples";"Curva;Declive";"Não";2;0;0;1;0;1;1;2;-29,01883633;-51,56467438;"SPRF-RS";"DEL06-RS";"UOP02-DEL06-RS"
542708;2023-08-16;"quarta-feira";"10:40:00";"MG";153;125;"PRATA";"Demais falhas mecânicas ou elétricas";"Incêndio";"Com Vítimas Feridas";"Pleno dia";"Decrescente";"Céu Claro";"Dupla";"Reta";"Não";2;0;1;0;0;1;1;2;-19,44680403;-48,88789409;"SPRF-MG";"DEL15-MG";"UOP03-DEL15-MG"
542714;2023-08-16;"quarta-feira";"13:00:00";"BA";110;392;"SAO SEBASTIAO DO PASSE";"Conversão proibida";"Colisão traseira";"Com Vítimas Feridas";"Pleno dia";"Decrescente";"Céu Claro";"Simples";"Reta;Declive";"Não";3;0;1;0;1;1;1;3;-12,50766107;-38,49626949;"SPRF-BA";"DEL01-BA";"UOP01-DEL01-BA"
542715;2023-08-16;"quarta-feira";"15:19:00";"MG";381;507;"IGARAPE";"Ausência de reação do condutor";"Colisão traseira";"Com Vítimas Fatais";"Pleno dia";"Crescente";"Céu Claro";"Dupla";"Reta";"Sim";3;1;0;0;1;3;0;5;-20,05643192;-44,28663308;"SPRF-MG";"DEL04-MG";"UOP03-DEL04-MG"
542716;2023-08-16;"quarta-feira";"08:20:00";"PE";408;35;"ALIANCA";"Carga excessiva e/ou mal acondicionada";"Derramamento de carga";"Sem Vítimas";"Amanhecer";"Crescente";"Céu Claro";"Simples";"Aclive";"Não";2;0;0;0;1;1;0;2;-7,5940327;-35,24470263;"SPRF-PE";"DEL01-PE";"UOP02-DEL01-PE"
542722;2023-08-16;"quarta-feira";"12:40:00";"BA";324;616;"SALVADOR";"Ultrapassagem Indevida";"Colisão lateral mesmo sentido";"Com Vítimas Feridas";"Pleno dia";"Decrescente";"Nublado";"Múltipla";"Interseção de Vias";"Sim";3;0;1;0;2;0;1;2;-12,87957905;-38,43213893;"SPRF-BA";"DEL01-BA";"UOP01-DEL01-BA"
542724;2023-08-16;"quarta-feira";"15:00:00";"MT";163;899;"CLAUDIA";"Condutor deixou de manter distância do veículo da frente";"Colisão traseira";"Com Vítimas Feridas";"Pleno dia";"Crescente";"Céu Claro";"Simples";"Declive";"Não";4;0;1;0;2;3;1;6;-11,309483;-55,323644;"SPRF-MT";"DEL06-MT";"UOP02-DEL06-MT"
542736;2023-08-16;"quarta-feira";"15:30:00";"MG";381;441;"SABARA";"Demais falhas mecânicas ou elétricas";"Colisão lateral sentido oposto";"Com Vítimas Feridas";"Pleno dia";"Decrescente";"Céu Claro";"Simples";"Declive;Reta";"Sim";3;0;1;0;1;1;1;3;-19,8183901;-43,81131985;"SPRF-MG";"DEL01-MG";"UOP01-DEL01-MG"
542744;2023-08-16;"quarta-feira";"18:00:00";"SE";235;112;"CARIRA";"Reação tardia ou ineficiente do condutor";"Colisão lateral mesmo sentido";"Com Vítimas Feridas";"Plena Noite";"Decrescente";"Céu Claro";"Simples";"Reta";"Não";2;0;0;1;0;1;1;2;-10,33242;-37,724377;"SPRF-SE";"DEL01-SE";"UOP02-DEL01-SE"
542752;2023-08-02;"quarta-feira";"14:20:00";"MT";163;702;"SORRISO";"Ultrapassagem Indevida";"Colisão traseira";"Com Vítimas Feridas";"Pleno dia";"Decrescente";"Sol";"Simples";"Declive;Reta";"Não";7;0;1;0;4;4;1;7;-12,961783;-55,87187;"SPRF-MT";"DEL06-MT";"UOP01-DEL06-MT"
542754;2023-08-16;"quarta-feira";"17:20:00";"RJ";116;174;"SAO JOAO DE MERITI";"Trafegar com motocicleta (ou similar) entre as faixas";"Colisão traseira";"Com Vítimas Feridas";"Anoitecer";"Crescente";"Céu Claro";"Dupla";"Reta";"Sim";5;0;1;0;3;1;1;4;-22,79423806;-43,36403759;"SPRF-RJ";"DEL01-RJ";"UOP02-DEL01-RJ"
542755;2023-08-16;"quarta-feira";"18:45:00";"SC";101;120,8;"ITAJAI";"Manobra de mudança de faixa";"Colisão lateral mesmo sentido";"Sem Vítimas";"Plena Noite";"Crescente";"Nevoeiro/Neblina";"Dupla";"Reta";"Não";3;0;0;0;2;1;0;3;-26,912758;-48,711998;"SPRF-SC";"DEL04-SC";"UOP04-DEL04-SC"
542757;2023-08-16;"quarta-feira";"17:50:00";"MT";364;436;"VARZEA GRANDE";"Acessar a via sem observar a presença dos outros veículos";"Colisão transversal";"Com Vítimas Feridas";"Anoitecer";"Crescente";"Céu Claro";"Dupla";"Curva";"Sim";4;0;1;1;1;1;2;3;-15,634977;-56,2048;"SPRF-MT";"DEL01-MT";"UOP02-DEL01-MT"
542763;2023-08-16;"quarta-feira";"18:45:00";"PR";280;264;"MARMELEIRO";"Ultrapassagem Indevida";"Colisão frontal";"Com Vítimas Feridas";"Plena Noite";"Crescente";"Céu Claro";"Simples";"Curva";"Não";5;0;3;0;1;1;3;3;-26,20456439;-53,09775265;"SPRF-PR";"DEL02-PR";"UOP01-DEL02-PR"
542770;2023-08-16;"quarta-feira";"07:30:00";"SC";280;303,1;"PORTO UNIAO";"Velocidade Incompatível";"Tombamento";"Com Vítimas Feridas";"Pleno dia";"Crescente";"Sol";"Simples";"Curva;Ponte";"Sim";1;0;0;1;0;0;1;1;-26,2819873;-51,04756594;"SPRF-SC";"DEL06-SC";"UOP04-DEL06-SC"
542772;2023-08-16;"quarta-feira";"20:55:00";"PR";116;23;"ANTONINA";"Reação tardia ou ineficiente do condutor";"Tombamento";"Com Vítimas Feridas";"Plena Noite";"Decrescente";"Céu Claro";"Simples";"Curva";"Não";2;0;1;0;0;1;1;2;-25,113467;-48,758713;"SPRF-PR";"DEL01-PR";"UOP02-DEL01-PR"