"id";"data_inversa";"dia_semana";"horario";"uf";"br";"km";"municipio";"causa_acidente";"tipo_acidente";"classificacao_acidente";"fase_dia";"sentido_via";"condicao_metereologica";"tipo_pista";"tracado_via";"uso_solo";"pessoas";"mortos";"feridos_leves";"feridos_graves";"ilesos";"ignorados";"feridos";"veiculos";"latitude";"longitude";"regional";"delegacia";"uop"
542777;2023-08-16;"quarta-feira";"14:20:00";"RJ";40;34,1;"AREAL";"Reação tardia ou ineficiente do condutor";"Colisão com objeto";"Com Vítimas Fatais";"Pleno dia";"Crescente";"Céu Claro";"Dupla";"Curva";"Não";2;1;0;0;0;1;0;2;-22,20122568;-43,14116761;"SPRF-RJ";"DEL05-RJ";"UOP02-DEL05-RJ"
542781;2023-08-16;"quarta-feira";"17:00:00";"MT";163;627;"NOVA MUTUM";"Acostamento em desnível";"Saída de leito carroçável";"Com Vítimas Feridas";"Pleno dia";"Decrescente";"Céu Claro";"Simples";"Reta";"Não";2;0;1;0;0;1;1;2;-13,67377202;-56,03778485;"SPRF-MT";"DEL01-MT";"UOP01-DEL01-MT"
542782;2023-08-16;"quarta-feira";"21:05:00";"RS";290;416,2;"SAO GABRIEL";"Reação tardia ou ineficiente do condutor";"Colisão lateral mesmo sentido";"Com Vítimas Feridas";"Plena Noite";"Crescente";"Céu Claro";"Simples";"Reta";"Não";5;0;0;1;0;4;1;3;-30,361155;-54,309517;"SPRF-RS";"DEL11-RS";"UOP02-DEL11-RS"
542784;2023-08-16;"quarta-feira";"22:04:00";"DF";20;9;"BRASILIA";"Desrespeitar a preferência no cruzamento";"Colisão transversal";"Com Vítimas Fatais";"Plena Noite";"Crescente";"Céu Claro";"Dupla";"Reta;Retorno Regulamentado;Interseção de Vias;Viaduto;Em Obras";"Sim";3;1;0;0;1;1;0;3;-15,665888;-47,808308;"SPRF-DF";"DEL02-DF";"UOP01-DEL02-DF"
542785;2023-08-16;"quarta-feira";"21:20:00";"BA";242;641;"MUQUEM DE SAO FRANCISCO";"Manobra de mudança de faixa";"Colisão frontal";"Com Vítimas Feridas";"Plena Noite";"Decrescente";"Céu Claro";"Simples";"Reta";"Sim";2;0;0;1;1;0;1;2;-12,22412513;-43,47234602;"SPRF-BA";"DEL10-BA";"UOP02-DEL10-BA"
542787;2023-08-16;"quarta-feira";"20:35:00";"SC";101;125;"ITAJAI";"Ausência de reação do condutor";"Colisão traseira";"Com Vítimas Fatais";"Plena Noite";"Decrescente";"Nevoeiro/Neblina";"Dupla";"Reta";"Não";4;1;0;0;1;2;0;4;-26,94802427;-48,68338515;"SPRF-SC";"DEL04-SC";"UOP04-DEL04-SC"
542792;2023-08-16;"quarta-feira";"23:37:00";"SP";116;144;"SAO JOSE DOS CAMPOS";"Ausência de reação do condutor";"Colisão lateral mesmo sentido";"Com Vítimas Feridas";"Plena Noite";"Crescente";"Nublado";"Múltipla";"Reta";"Sim";3;0;1;0;1;1;1;3;-23,18274416;-45,84633592;"SPRF-SP";"DEL02-SP";"UOP01-DEL02-SP"
542793;2023-08-16;"quarta-feira";"22:40:00";"PE";423;18,3;"SAO CAITANO";"Reação tardia ou ineficiente do condutor";"Colisão lateral mesmo sentido";"Sem Vítimas";"Plena Noite";"Crescente";"Chuva";"Simples";"Curva";"Não";2;0;0;0;1;1;0;2;-8,33033097;-36,14470299;"SPRF-PE";"DEL03-PE";"UOP02-DEL03-PE"
542799;2023-08-17;"quinta-feira";"01:43:00";"SC";282;16,3;"SAO JOSE";"Conversão proibida";"Colisão transversal";"Sem Vítimas";"Plena Noite";"Crescente";"Céu Claro";"Simples";"Interseção de Vias";"Sim";2;0;0;0;1;1;0;2;-27,658611;-48,681847;"SPRF-SC";"DEL01-SC";"UOP02-DEL01-SC"
542806;2023-08-17;"quinta-feira";"04:19:00";"SC";101;382,7;"ICARA";"Condutor Dormindo";"Saída de leito carroçável";"Com Vítimas Feridas";"Plena Noite";"Crescente";"Céu Claro";"Múltipla";"Reta";"Sim";1;0;1;0;0;0;1;1;-28,75966988;-49,28552404;"SPRF-SC";"DEL02-SC";"UOP02-DEL02-SC"
542808;2023-08-17;"quinta-feira";"06:20:00";"BA";101;200;"CACHOEIRA";"Demais falhas mecânicas ou elétricas";"Saída de leito carroçável";"Com Vítimas Feridas";"Amanhecer";"Crescente";"Nevoeiro/Neblina";"Simples";"Declive";"Não";3;0;1;0;2;0;1;1;-12,58700031;-38,98416996;"SPRF-BA";"DEL01-BA";"UOP03-DEL01-BA"
542811;2023-08-17;"quinta-feira";"07:10:00";"SC";101;199,8;"SAO JOSE";"Ausência de reação do condutor";"Engavetamento";"Com Vítimas Feridas";"Pleno dia";"Crescente";"Céu Claro";"Múltipla";"Reta;Declive";"Sim";4;0;1;0;3;0;1;4;-27,53413705;-48,63003205;"SPRF-SC";"DEL01-SC";"UOP01-DEL01-SC"
542812;2023-08-17;"quinta-feira";"03:40:00";"ES";259;87;"BAIXO GUANDU";"Neblina";"Saída de leito carroçável";"Com Vítimas Feridas";"Plena Noite";"Decrescente";"Nevoeiro/Neblina";"Simples";"Reta";"Não";2;0;1;0;0;1;1;2;-19,51794277;-40,89319018;"SPRF-ES";"DEL02-ES";"UOP01-DEL02-ES"
542827;2023-08-17;"quinta-feira";"05:40:00";"GO";153;511,6;"APARECIDA DE GOIANIA";"Manobra de mudança de faixa";"Colisão traseira";"Sem Vítimas";"Amanhecer";"Decrescente";"Céu Claro";"Múltipla";"Retorno Regulamentado";"Sim";2;0;0;0;2;0;0;2;-16,8067;-49,2394;"SPRF-GO";"DEL01-GO";"UOP03-DEL01-GO"
542828;2023-08-17;"quinta-feira";"06:15:00";"CE";116;101,9;"MORADA NOVA";"Transitar na contramão";"Colisão lateral sentido oposto";"Com Vítimas Feridas";"Pleno dia";"Crescente";"Céu Claro";"Simples";"Reta";"Não";6;0;0;2;3;1;2;3;-4,5285675;-38,31128328;"SPRF-CE";"DEL03-CE";"UOP02-DEL03-CE"
542829;2023-08-05;"sábado";"11:15:00";"SP";116;565;"BARRA DO TURVO";"Reação tardia ou ineficiente do condutor";"Colisão traseira";"Com Vítimas Feridas";"Pleno dia";"Crescente";"Sol";"Múltipla";"Aclive;Reta";"Não";4;0;1;1;1;4;2;7;-25,0358686;-48,54404396;"SPRF-SP";"DEL05-SP";"UOP02-DEL05-SP"
542840;2023-08-09;"quarta-feira";"17:30:00";"MS";267;214;"NOVA ALVORADA DO SUL";"Ingestão de álcool e/ou substâncias psicoativas pelo pedestre";"Colisão lateral sentido oposto";"Com Vítimas Feridas";"Anoitecer";"Decrescente";"Céu Claro";"Simples";"Reta";"Não";3;0;1;0;1;1;1;3;-21,592212;-54,083245;"SPRF-MS";"DEL02-MS";"UOP01-DEL02-MS"
542842;2023-04-11;"terça-feira";"08:07:00";"MG";40;532,1;"BELO HORIZONTE";"Ausência de reação do condutor";"Colisão traseira";"Com Vítimas Feridas";"Pleno dia";"Crescente";"Céu Claro";"Dupla";"Reta;Declive";"Sim";2;0;0;1;0;1;1;2;-19,92372561;-44,01700789;"SPRF-MG";"DEL01-MG";"UOP02-DEL01-MG"
542845;2023-08-17;"quinta-feira";"10:15:00";"MG";354;749;"ITANHANDU";"Mal súbito do condutor";"Colisão lateral sentido oposto";"Com Vítimas Feridas";"Pleno dia";"Crescente";"Céu Claro";"Simples";"Reta";"Não";3;0;1;0;1;1;1;3;-22,27036552;-44,87906649;"SPRF-MG";"DEL17-MG";"UOP01-DEL17-MG"
542846;2023-08-17;"quinta-feira";"08:01:00";"PR";277;0,2;"PARANAGUA";"Ultrapassagem Indevida";"Tombamento";"Com Vítimas Fatais";"Pleno dia";"Crescente";"Céu Claro";"Simples";"Reta";"Sim";4;1;0;0;1;3;0;5;-25,51971;-48,54356;"SPRF-PR";"DEL01-PR";"UOP05-DEL01-PR"
542853;2023-08-17;"quinta-feira";"10:40:00";"RO";319;62;"PORTO VELHO";"Desrespeitar a preferência no cruzamento";"Colisão transversal";"Com Vítimas Feridas";"Pleno dia";"Crescente";"Céu Claro";"Dupla";"Interseção de Vias";"Sim";3;0;0;1;1;1;1;3;-8,766685;-63,884052;"SPRF-RO";"DEL01-RO";"UOP01-DEL01-RO"
542855;2023-08-17;"quinta-feira";"11:00:00";"MG";381;848,9;"POUSO ALEGRE";"Velocidade Incompatível";"Tombamento";"Com Vítimas Feridas";"Pleno dia";"Decrescente";"Nublado";"Dupla";"Curva";"Sim";2;0;1;0;0;1;1;2;-22,23128833;-45,87589145;"SPRF-MG";"DEL16-MG";"UOP01-DEL16-MG"
542856;2023-08-17;"quinta-feira";"10:30:00";"PR";116;95;"SAO JOSE DOS PINHAIS";"Condutor deixou de manter distância do veículo da frente";"Colisão traseira";"Com Vítimas Feridas";"Pleno dia";"Crescente";"Sol";"Dupla";"Reta";"Não";4;0;0;1;2;5;1;8;-25,53004041;-49,14317071;"SPRF-PR";"DEL01-PR";"UOP07-DEL01-PR"
542857;2023-08-17;"quinta-feira";"11:30:00";"RN";226;251,3;"JUCURUTU";"Reação tardia ou ineficiente do condutor";"Colisão traseira";"Com Vítimas Feridas";"Pleno dia";"Decrescente";"Céu Claro";"Simples";"Em Obras;Reta";"Não";2;0;1;0;1;0;1;2;-5,99009899;-37,0352167;"SPRF-RN";"DEL03-RN";"UOP01-DEL03-RN"
542859;2023-08-17;"quinta-feira";"10:40:00";"MT";163;979;"TERRA NOVA DO NORTE";"Reação tardia ou ineficiente do condutor";"Colisão traseira";"Com Vítimas Feridas";"Pleno dia";"Crescente";"Céu Claro";"Simples";"Declive;Reta";"Não";8;0;1;1;3;11;2;14;-10,773404;-55,15506801;"SPRF-MT";"DEL06-MT";"UOP03-DEL06-MT"
542860;2023-02-04;"sábado";"21:00:00";"PA";163;54;"NOVO PROGRESSO";"Transitar na contramão";"Colisão frontal";"Com Vítimas Fatais";"Plena Noite";"Decrescente";"Nublado";"Simples";"Reta";"Não";2;1;0;0;0;1;0;2;-9,12540379;-54,91160756;"SPRF-PA";"DEL05-PA";"UOP02-DEL05-PA"
542862;2023-06-06;"terça-feira";"23:05:00";"MG";381;422;"CAETE";"Velocidade Incompatível";"Colisão traseira";"Com Vítimas Fatais";"Pleno dia";"Decrescente";"Céu Claro";"Dupla";"Reta";"Não";3;1;0;0;1;1;0;3;-19,78353087;-43,66633394;"SPRF-MG";"DEL01-MG";"UOP01-DEL01-MG"
542864;2023-08-17;"quinta-feira";"10:30:00";"RS";158;563;"SANTANA DO LIVRAMENTO";"Acumulo de óleo sobre o pavimento";"Tombamento";"Com Vítimas Feridas";"Pleno dia";"Decrescente";"Céu Claro";"Simples";"Reta;Interseção de Vias;Rotatória;Declive";"Sim";3;0;2;0;1;0;2;2;-30,8547642;-55,4965204;"SPRF-RS";"DEL11-RS";"UOP01-DEL11-RS"
542868;2023-08-17;"quinta-feira";"05:40:00";"RO";364;423,1;"JARU";"Demais falhas mecânicas ou elétricas";"Colisão com objeto";"Sem Vítimas";"Amanhecer";"Decrescente";"Céu Claro";"Simples";"Reta";"Sim";2;0;0;0;1;3;0;4;-10,45220802;-62,46072003;"SPRF-RO";"DEL03-RO";"UOP02-DEL03-RO"
542870;2023-08-17;"quinta-feira";"13:52:00";"MG";381;2;"BETIM";"Velocidade Incompatível";"Tombamento";"Com Vítimas Feridas";"Pleno dia";"Crescente";"Céu Claro";"Dupla";"Curva";"Sim";5;0;3;0;1;1;3;4;-19,9801473;-44,1611815;"SPRF-MG";"DEL01-MG";"UOP03-DEL01-MG"
542873;2023-08-17;"quinta-feira";"14:10:00";"SE";101;20;"SAO FRANCISCO";"Condutor Dormindo";"Saída de leito carroçável";"Sem Vítimas";"Pleno dia";"Crescente";"Nublado";"Dupla";"Aclive;Reta";"Não";2;0;0;0;1;1;0;2;-10,36128499;-36,90821202;"SPRF-SE";"DEL02-SE";"UOP02-DEL02-SE"
542876;2023-08-17;"quinta-feira";"11:50:00";"MT";70;300;"POXOREO";"Acessar a via sem observar a presença dos outros veículos";"Colisão lateral mesmo sentido";"Sem Vítimas";"Pleno dia";"Crescente";"Céu Claro";"Simples";"Declive;Desvio Temporário";"Não";4;0;0;0;3;2;0;4;-15,57911988;-54,47201099;"SPRF-MT";"DEL05-MT";"UOP01-DEL05-MT"
542877;2023-08-17;"quinta-feira";"08:00:00";"MT";70;299;"POXOREO";"Acostamento em desnível";"Saída de leito carroçável";"Com Vítimas Feridas";"Pleno dia";"Decrescente";"Sol";"Simples";"Reta";"Não";3;0;1;0;1;1;1;3;-15,57996026;-54,46351203;"SPRF-MT";"DEL05-MT";"UOP01-DEL05-MT"
542879;2023-08-17;"quinta-feira";"14:30:00";"BA";116;759;"POCOES";"Deficiência do Sistema de Iluminação/Sinalização";"Incêndio";"Sem Vítimas";"Pleno dia";"Crescente";"Céu Claro";"Simples";"Reta";"Sim";2;0;0;0;2;0;0;1;-14,488576;-40,342007;"SPRF-BA";"DEL08-BA";"UOP02-DEL08-BA"
542881;2023-08-17;"quinta-feira";"14:00:00";"BA";116;62,7;"CHORROCHO";"Pista esburacada";"Colisão com objeto";"Com Vítimas Fatais";"Pleno dia";"Crescente";"Céu Claro";"Simples";"Reta";"Não";3;1;0;0;0;2;0;3;-9,14756294;-39,11957987;"SPRF-PE";"DEL05-PE";"UOP03-DEL05-PE"
542883;2023-08-11;"sexta-feira";"08:00:00";"MT";163;572;"NOVA MUTUM";"Frear bruscamente";"Engavetamento";"Sem Vítimas";"Pleno dia";"Decrescente";"Sol";"Simples";"Reta";"Não";5;0;0;0;4;12;0;16;-13,99403898;-56,0975647;"SPRF-MT";"DEL01-MT";"UOP01-DEL01-MT"
542884;2023-08-17;"quinta-feira";"12:25:00";"PR";376;491;"PONTA GROSSA";"Reação tardia ou ineficiente do condutor";"Colisão traseira";"Com Vítimas Feridas";"Pleno dia";"Crescente";"Céu Claro";"Dupla";"Reta";"Não";16;0;4;2;9;4;6;15;-25,15559918;-50,13322909;"SPRF-PR";"DEL03-PR";"UOP04-DEL03-PR"
542891;2023-08-08;"terça-feira";"06:00:00";"PR";277;201,6;"PALMEIRA";"Reação tardia ou ineficiente do condutor";"Colisão traseira";"Sem Vítimas";"Plena Noite";"Decrescente";"Nublado";"Simples";"Curva;Aclive";"Não";3;0;0;0;2;2;0;4;-25,468174;-50,284762;"SPRF-PR";"DEL08-PR";"UOP02-DEL08-PR"
542893;2023-08-17;"quinta-feira";"15:20:00";"MT";163;798;"VERA";"Ultrapassagem Indevida";"Colisão lateral sentido oposto";"Sem Vítimas";"Pleno dia";"Decrescente";"Céu Claro";"Simples";"Reta";"Não";3;0;0;0;1;3;0;4;-12,3047452;-55,57478659;"SPRF-MT";"DEL06-MT";"UOP01-DEL06-MT"
542896;2023-08-17;"quinta-feira";"14:00:00";"SC";282;31;"SANTO AMARO DA IMPERATRIZ";"Velocidade Incompatível";"Colisão traseira";"Com Vítimas Feridas";"Pleno dia";"Decrescente";"Céu Claro";"Simples";"Aclive";"Não";2;0;1;0;1;0;1;2;-27,695198;-48,793308;"SPRF-SC";"DEL01-SC";"UOP03-DEL01-SC"
542898;2023-08-17;"quinta-feira";"16:55:00";"PR";277;635,5;"CEU AZUL";"Acessar a via sem observar a presença dos outros veículos";"Colisão transversal";"Com Vítimas Feridas";"Pleno dia";"Decrescente";"Céu Claro";"Simples";"Declive;Retorno Regulamentado;Rotatória";"Sim";3;0;0;1;1;1;1;3;-25,14338102;-53,83456349;"SPRF-PR";"DEL05-PR";"UOP02-DEL05-PR"
542901;2023-08-17;"quinta-feira";"17:50:00";"ES";259;53;"COLATINA";"Ausência de reação do condutor";"Colisão lateral mesmo sentido";"Com Vítimas Feridas";"Plena Noite";"Crescente";"Céu Claro";"Simples";"Reta";"Não";2;0;1;0;1;0;1;2;-19,49989886;-40,62939795;"SPRF-ES";"DEL02-ES";"UOP01-DEL02-ES"
542902;2023-06-24;"sábado";"07:00:00";"SC";101;9;"GARUVA";"Acostamento em desnível";"Tombamento";"Com Vítimas Feridas";"Pleno dia";"Crescente";"Céu Claro";"Dupla";"Reta";"Sim";2;0;1;0;0;1;1;2;-26,053987;-48,859608;"SPRF-SC";"DEL03-SC";"UOP01-DEL03-SC"
542905;2023-08-17;"quinta-feira";"17:10:00";"SC";470;60;"BLUMENAU";"Condutor deixou de manter distância do veículo da frente";"Colisão traseira";"Com Vítimas Feridas";"Pleno dia";"Decrescente";"Céu Claro";"Simples";"Reta";"Sim";3;0;2;0;1;0;2;3;-26,88138;-49,164543;"SPRF-SC";"DEL04-SC";"UOP01-DEL04-SC"
542906;2023-08-17;"quinta-feira";"16:52:00";"GO";80;4;"PADRE BERNARDO";"Carga excessiva e/ou mal acondicionada";"Colisão com objeto";"Com Vítimas Feridas";"Pleno dia";"Crescente";"Céu Claro";"Simples";"Curva";"Não";2;0;1;0;0;1;1;2;-15,493857;-48,22503;"SPRF-DF";"DEL03-DF";"UOP02-DEL03-DF"
542909;2023-08-17;"quinta-feira";"17:40:00";"PR";376;674;"GUARATUBA";"Reação tardia ou ineficiente do condutor";"Colisão traseira";"Com Vítimas Fatais";"Pleno dia";"Crescente";"Sol";"Dupla";"Reta";"Não";2;1;0;0;1;0;0;2;-25,90851198;-48,92070682;"SPRF-PR";"DEL01-PR";"UOP04-DEL01-PR"
542920;2023-05-29;"segunda-feira";"21:30:00";"MG";267;262,9;"SERITINGA";"Velocidade Incompatível";"Saída de leito carroçável";"Com Vítimas Feridas";"Plena Noite";"Decrescente";"Nublado";"Simples";"Declive;Curva";"Não";2;0;1;0;0;1;1;2;-21,92699084;-44,44240831;"SPRF-MG";"DEL17-MG";"UOP01-DEL17-MG"
542922;2023-08-17;"quinta-feira";"18:40:00";"RS";116;249;"SAO LEOPOLDO";"Reação tardia ou ineficiente do condutor";"Colisão traseira";"Com Vítimas Feridas";"Anoitecer";"Decrescente";"Céu Claro";"Dupla";"Reta";"Sim";7;0;1;0;6;0;1;4;-29,78888731;-51,16350174;"SPRF-RS";"DEL01-RS";"UOP02-DEL01-RS"
542923;2023-08-17;"quinta-feira";"19:25:00";"RS";101;24,1;"TRES CACHOEIRAS";"Condutor deixou de manter distância do veículo da frente";"Colisão traseira";"Com Vítimas Feridas";"Plena Noite";"Decrescente";"Céu Claro";"Dupla";"Reta;Viaduto";"Sim";2;0;1;0;0;1;1;2;-29,45065153;-49,91714085;"SPRF-RS";"DEL03-RS";"UOP02-DEL03-RS"
542924;2023-08-17;"quinta-feira";"17:00:00";"MS";163;128;"NAVIRAI";"Ausência de reação do condutor";"Saída de leito carroçável";"Com Vítimas Feridas";"Anoitecer";"Crescente";"Céu Claro";"Simples";"Aclive";"Não";2;0;1;0;0;3;1;4;-23,0506352;-54,24358312;"SPRF-MS";"DEL09-MS";"UOP01-DEL09-MS"
542927;2023-08-17;"quinta-feira";"18:57:00";"PR";163;342;"GUAIRA";"Acessar a via sem observar a presença dos outros veículos";"Colisão transversal";"Com Vítimas Feridas";"Plena Noite";"Crescente";"Céu Claro";"Simples";"Reta";"Não";4;0;1;0;1;2;1;4;-24,21375699;-54,19958751;"SPRF-PR";"DEL06-PR";"UOP01-DEL06-PR"
542935;2023-08-17;"quinta-feira";"17:00:00";"BA";242;283;"LAJEDINHO";"Reação tardia ou ineficiente do condutor";"Colisão lateral sentido oposto";"Com Vítimas Feridas";"Pleno dia";"Crescente";"Céu Claro";"Simples";"Reta";"Não";3;0;1;0;1;2;1;4;-12,44370086;-40,74234724;"SPRF-BA";"DEL06-BA";"UOP02-DEL06-BA"
542936;2023-08-17;"quinta-feira";"20:40:00";"RS";116;530;"CAPAO DO LEAO";"Acessar a via sem observar a presença dos outros veículos";"Colisão transversal";"Com Vítimas Feridas";"Plena Noite";"Crescente";"Chuva";"Simples";"Interseção de Vias";"Sim";5;0;3;0;1;1;3;3;-31,7590834;-52,43687971;"SPRF-RS";"DEL07-RS";"UOP01-DEL07-RS"
542937;2023-08-17;"quinta-feira";"20:30:00";"SP";116;160;"SAO JOSE DOS CAMPOS";"Ausência de reação do condutor";"Saída de leito carroçável";"Com Vítimas Feridas";"Plena Noite";"Crescente";"Céu Claro";"Dupla";"Reta";"Sim";1;0;0;1;0;0;1;1;-23,27101606;-45,96787896;"SPRF-SP";"DEL02-SP";"UOP01-DEL02-SP"
542939;2023-06-09;"sexta-feira";"19:30:00";"SP";116;545;"BARRA DO TURVO";"Velocidade Incompatível";"Tombamento";"Com Vítimas Feridas";"Plena Noite";"Crescente";"Céu Claro";"Simples";"Curva";"Não";3;0;1;0;1;1;1;2;-24,95016699;-48,42400302;"SPRF-SP";"DEL05-SP";"UOP02-DEL05-SP"
542943;2023-08-17;"quinta-feira";"20:15:00";"PR";369;507;"CASCAVEL";"Ingestão de álcool pelo condutor";"Tombamento";"Sem Vítimas";"Plena Noite";"Crescente";"Céu Claro";"Simples";"Reta;Declive";"Não";3;0;0;0;2;2;0;4;-24,8386;-53,3091;"SPRF-PR";"DEL04-PR";"UOP03-DEL04-PR"
542950;2023-08-17;"quinta-feira";"13:20:00";"MG";262;445;"NOVA SERRANA";"Condutor deixou de manter distância do veículo da frente";"Colisão traseira";"Com Vítimas Feridas";"Pleno dia";"Crescente";"Sol";"Dupla";"Curva";"Sim";2;0;1;0;1;0;1;2;-19,87799664;-44,94086286;"SPRF-MG";"DEL08-MG";"UOP03-DEL08-MG"
542952;2023-08-17;"quinta-feira";"18:48:00";"GO";364;68;"CACHOEIRA ALTA";"Ausência de reação do condutor";"Saída de leito carroçável";"Sem Vítimas";"Plena Noite";"Decrescente";"Céu Claro";"Simples";"Reta";"Não";2;0;0;0;0;3;0;3;-18,670822;-50,988216;"SPRF-GO";"DEL05-GO";"UOP02-DEL05-GO"
542959;2023-08-18;"sexta-feira";"03:10:00";"ES";101;373,8;"ICONHA";"Acessar a via sem observar a presença dos outros veículos";"Colisão traseira";"Com Vítimas Fatais";"Plena Noite";"Crescente";"Céu Claro";"Dupla";"Reta";"Não";2;1;0;0;1;0;0;2;-20,78503482;-40,78209758;"SPRF-ES";"DEL03-ES";"UOP01-DEL03-ES"
542960;2023-08-18;"sexta-feira";"02:45:00";"MG";381;353;"JOAO MONLEVADE";"Demais falhas mecânicas ou elétricas";"Incêndio";"Sem Vítimas";"Plena Noite";"Decrescente";"Nublado";"Simples";"Reta";"Não";1;0;0;0;1;0;0;1;-19,83894801;-43,18248641;"SPRF-MG";"DEL03-MG";"UOP01-DEL03-MG"
542962;2023-08-17;"quinta-feira";"23:00:00";"RS";470;171;"VERANOPOLIS";"Acessar a via sem observar a presença dos outros veículos";"Colisão transversal";"Com Vítimas Feridas";"Plena Noite";"Decrescente";"Céu Claro";"Simples";"Reta;Interseção de Vias";"Sim";2;0;1;0;1;0;1;2;-28,88090703;-51,5484283;"SPRF-RS";"DEL06-RS";"UOP02-DEL06-RS"
542965;2023-08-18;"sexta-feira";"04:45:00";"PI";343;235;"COCAL DE TELHA";"Ausência de reação do condutor";"Saída de leito carroçável";"Com Vítimas Feridas";"Amanhecer";"Crescente";"Céu Claro";"Simples";"Reta";"Não";2;0;2;0;0;0;2;1;-4,633632;-42,024948;"SPRF-PI";"DEL01-PI";"UOP03-DEL01-PI"
542969;2023-08-18;"sexta-feira";"01:30:00";"RO";364;337,5;"JI-PARANA";"Transitar na contramão";"Colisão frontal";"Com Vítimas Fatais";"Plena Noite";"Decrescente";"Céu Claro";"Simples";"Curva;Declive;Em Obras";"Não";4;2;0;0;1;3;0;5;-10,92585401;-61,9296014;"SPRF-RO";"DEL02-RO";"UOP01-DEL02-RO"
542971;2023-08-18;"sexta-feira";"05:45:00";"RJ";116;206;"SEROPEDICA";"Reação tardia ou ineficiente do condutor";"Colisão traseira";"Com Vítimas Feridas";"Amanhecer";"Decrescente";"Céu Claro";"Dupla";"Reta";"Não";2;0;2;0;0;0;2;2;-22,72601603;-43,651569;"SPRF-RJ";"DEL01-RJ";"UOP03-DEL01-RJ"
542973;2023-08-17;"quinta-feira";"19:00:00";"PA";163;571;"TRAIRAO";"Ingestão de álcool pelo condutor";"Colisão frontal";"Com Vítimas Fatais";"Plena Noite";"Crescente";"Céu Claro";"Simples";"Aclive;Reta";"Não";5;1;0;0;3;2;0;4;-5,04900585;-56,17760981;"SPRF-PA";"DEL05-PA";"UOP02-DEL05-PA"
542985;2023-08-18;"sexta-feira";"06:00:00";"MS";267;469,9;"GUIA LOPES DA LAGUNA";"Desrespeitar a preferência no cruzamento";"Colisão transversal";"Com Vítimas Feridas";"Amanhecer";"Crescente";"Céu Claro";"Simples";"Interseção de Vias";"Não";4;0;0;1;1;5;1;7;-21,41410441;-56,0469259;"SPRF-MS";"DEL05-MS";"UOP01-DEL05-MS"
542990;2023-08-18;"sexta-feira";"06:50:00";"RJ";116;279;"BARRA MANSA";"Ausência de reação do condutor";"Atropelamento de Pedestre";"Com Vítimas Fatais";"Pleno dia";"Crescente";"Céu Claro";"Múltipla";"Reta";"Não";2;1;0;0;1;0;0;2;-22,54744306;-44,1836602;"SPRF-RJ";"DEL07-RJ";"UOP02-DEL07-RJ"
542992;2023-08-18;"sexta-feira";"07:15:00";"SC";101;96,3;"BARRA VELHA";"Ausência de reação do condutor";"Colisão lateral mesmo sentido";"Com Vítimas Feridas";"Amanhecer";"Crescente";"Nublado";"Múltipla";"Reta";"Sim";3;0;1;0;1;3;1;5;-26,718427;-48,70233;"SPRF-SC";"DEL03-SC";"UOP02-DEL03-SC"
542998;2023-08-18;"sexta-feira";"06:20:00";"MG";381;848,9;"POUSO ALEGRE";"Velocidade Incompatível";"Tombamento";"Com Vítimas Feridas";"Pleno dia";"Decrescente";"Céu Claro";"Dupla";"Curva;Declive";"Sim";2;0;1;0;0;1;1;2;-22,26991499;-45,89241402;"SPRF-MG";"DEL16-MG";"UOP01-DEL16-MG"
542999;2023-08-18;"sexta-feira";"07:40:00";"BA";116;10,9;"VITORIA DA CONQUISTA";"Acesso irregular";"Colisão transversal";"Com Vítimas Feridas";"Pleno dia";"Crescente";"Céu Claro";"Simples";"Reta";"Não";2;0;0;1;1;0;1;2;-14,87008229;-40,87150281;"SPRF-BA";"DEL08-BA";"UOP01-DEL08-BA"
543001;2023-08-18;"sexta-feira";"07:10:00";"SC";163;72;"SAO MIGUEL DO OESTE";"Reação tardia ou ineficiente do condutor";"Colisão lateral mesmo sentido";"Com Vítimas Feridas";"Pleno dia";"Decrescente";"Céu Claro";"Dupla";"Reta";"Sim";2;0;0;1;1;0;1;2;-26,71908804;-53,5157791;"SPRF-SC";"DEL07-SC";"UOP03-DEL07-SC"
543005;2023-07-06;"quinta-feira";"20:43:00";"RN";405;102;"ITAU";"Transitar na contramão";"Colisão frontal";"Com Vítimas Fatais";"Plena Noite";"Crescente";"Céu Claro";"Simples";"Reta";"Não";3;1;1;1;0;0;2;2;-5,80390555;-37,93700032;"SPRF-RN";"DEL04-RN";"UOP02-DEL04-RN"
543007;2023-05-07;"domingo";"00:30:00";"ES";101;341,6;"GUARAPARI";"Reação tardia ou ineficiente do condutor";"Colisão traseira";"Com Vítimas Feridas";"Plena Noite";"Decrescente";"Chuva";"Dupla";"Aclive;Reta";"Não";5;0;0;1;3;2;1;5;-20,65278033;-40,57410974;"SPRF-ES";"DEL03-ES";"UOP01-DEL03-ES"
543015;2023-08-18;"sexta-feira";"08:20:00";"PR";116;108;"SAO JOSE DOS PINHAIS";"Ausência de reação do condutor";"Engavetamento";"Com Vítimas Feridas";"Amanhecer";"Crescente";"Céu Claro";"Dupla";"Reta";"Não";5;0;1;0;3;3;1;7;-25,5670577;-49,2382289;"SPRF-PR";"DEL01-PR";"UOP07-DEL01-PR"
543020;2023-08-18;"sexta-feira";"09:27:00";"PR";277;434,2;"VIRMOND";"Transitar na contramão";"Colisão frontal";"Com Vítimas Fatais";"Pleno dia";"Crescente";"Céu Claro";"Simples";"Reta";"Não";5;2;1;0;2;0;1;3;-25,377822;-52,235702;"SPRF-PR";"DEL04-PR";"UOP02-DEL04-PR"