"id";"data_inversa";"dia_semana";"horario";"uf";"br";"km";"municipio";"causa_acidente";"tipo_acidente";"classificacao_acidente";"fase_dia";"sentido_via";"condicao_metereologica";"tipo_pista";"tracado_via";"uso_solo";"pessoas";"mortos";"feridos_leves";"feridos_graves";"ilesos";"ignorados";"feridos";"veiculos";"latitude";"longitude";"regional";"delegacia";"uop"
543025;2023-08-18;"sexta-feira";"08:50:00";"PR";376;676,3;"GUARATUBA";"Condutor deixou de manter distância do veículo da frente";"Engavetamento";"Com Vítimas Feridas";"Pleno dia";"Crescente";"Céu Claro";"Simples";"Reta;Declive";"Não";5;0;1;0;3;2;1;6;-25,9253011;-48,91465313;"SPRF-PR";"DEL01-PR";"UOP04-DEL01-PR"
543026;2023-08-18;"sexta-feira";"09:39:00";"RJ";116;275;"BARRA MANSA";"Velocidade Incompatível";"Colisão lateral mesmo sentido";"Com Vítimas Feridas";"Pleno dia";"Crescente";"Sol";"Dupla";"Reta";"Sim";5;0;3;0;1;1;3;3;-22,56148014;-44,15624142;"SPRF-RJ";"DEL07-RJ";"UOP02-DEL07-RJ"
543032;2023-08-04;"sexta-feira";"15:20:00";"GO";60;97,5;"ANAPOLIS";"Acessar a via sem observar a presença dos outros veículos";"Colisão lateral mesmo sentido";"Com Vítimas Feridas";"Pleno dia";"Decrescente";"Céu Claro";"Dupla";"Retorno Regulamentado";"Sim";3;0;1;0;2;0;1;3;-16,38131912;-48,95205444;"SPRF-GO";"DEL02-GO";"UOP01-DEL02-GO"
543034;2023-08-04;"sexta-feira";"14:50:00";"PI";135;388;"BOM JESUS";"Transitar na contramão";"Colisão frontal";"Com Vítimas Fatais";"Pleno dia";"Decrescente";"Céu Claro";"Simples";"Curva";"Não";4;1;3;0;0;0;3;2;-9,336872;-44,522526;"SPRF-PI";"DEL03-PI";"UOP02-DEL03-PI"
543037;2023-08-18;"sexta-feira";"11:30:00";"PR";369;185;"ARAPONGAS";"Trafegar com motocicleta (ou similar) entre as faixas";"Colisão lateral mesmo sentido";"Com Vítimas Feridas";"Pleno dia";"Crescente";"Céu Claro";"Simples";"Interseção de Vias";"Sim";2;0;1;0;1;0;1;2;-23,40745509;-51,42803997;"SPRF-PR";"DEL07-PR";"UOP03-DEL07-PR"
543042;2023-08-18;"sexta-feira";"08:00:00";"PR";376;682;"GUARATUBA";"Demais falhas mecânicas ou elétricas";"Incêndio";"Sem Vítimas";"Pleno dia";"Crescente";"Céu Claro";"Dupla";"Reta";"Não";2;0;0;0;1;1;0;2;-25,97311818;-48,89058063;"SPRF-PR";"DEL01-PR";"UOP04-DEL01-PR"
543044;2023-08-18;"sexta-feira";"12:00:00";"RS";116;517;"PELOTAS";"Desrespeitar a preferência no cruzamento";"Colisão transversal";"Com Vítimas Feridas";"Pleno dia";"Decrescente";"Chuva";"Simples";"Rotatória";"Não";2;0;1;0;1;0;1;2;-31,67908686;-52,34256731;"SPRF-RS";"DEL07-RS";"UOP01-DEL07-RS"
543052;2023-08-18;"sexta-feira";"12:20:00";"MG";365;645,8;"UBERLANDIA";"Ausência de reação do condutor";"Saída de leito carroçável";"Com Vítimas Feridas";"Pleno dia";"Crescente";"Céu Claro";"Dupla";"Reta";"Não";2;0;1;0;1;0;1;2;-18,87670373;-48,5176152;"SPRF-MG";"DEL15-MG";"UOP01-DEL15-MG"
543055;2023-08-18;"sexta-feira";"12:00:00";"RS";470;11;"BARRACAO";"Demais falhas na via";"Colisão lateral mesmo sentido";"Sem Vítimas";"Pleno dia";"Decrescente";"Nublado";"Simples";"Reta";"Sim";2;0;0;0;2;0;0;2;-27,66229079;-51,45618168;"SPRF-RS";"DEL08-RS";"UOP05-DEL08-RS"
543059;2023-08-18;"sexta-feira";"13:35:00";"RJ";116;27;"SAPUCAIA";"Ausência de reação do condutor";"Tombamento";"Com Vítimas Feridas";"Pleno dia";"Crescente";"Céu Claro";"Simples";"Reta";"Não";2;0;1;0;0;1;1;2;-22,05084092;-42,78853;"SPRF-RJ";"DEL05-RJ";"UOP01-DEL05-RJ"
543060;2023-08-18;"sexta-feira";"10:30:00";"MS";163;135;"NAVIRAI";"Ausência de reação do condutor";"Saída de leito carroçável";"Com Vítimas Feridas";"Pleno dia";"Decrescente";"Céu Claro";"Simples";"Reta";"Não";2;0;1;0;0;2;1;3;-23,01910606;-54,30128306;"SPRF-MS";"DEL09-MS";"UOP01-DEL09-MS"
543061;2023-08-17;"quinta-feira";"22:50:00";"BA";20;80;"SAO DESIDERIO";"Mal súbito do condutor";"Saída de leito carroçável";"Com Vítimas Fatais";"Pleno dia";"Decrescente";"Céu Claro";"Simples";"Reta";"Não";3;1;0;0;0;3;0;4;-13;-46;"SPRF-BA";"DEL10-BA";"UOP01-DEL10-BA"
543062;2023-08-18;"sexta-feira";"02:20:00";"CE";304;24,3;"ARACATI";"Manobra de mudança de faixa";"Saída de leito carroçável";"Sem Vítimas";"Pleno dia";"Crescente";"Céu Claro";"Simples";"Reta";"Não";2;0;0;0;0;3;0;3;-4,58389838;-37,99552002;"SPRF-CE";"DEL03-CE";"UOP03-DEL03-CE"
543063;2023-08-18;"sexta-feira";"14:10:00";"PE";232;33,6;"MORENO";"Reação tardia ou ineficiente do condutor";"Colisão traseira";"Com Vítimas Feridas";"Pleno dia";"Crescente";"Nublado";"Dupla";"Reta";"Sim";6;0;2;0;4;0;2;3;-8,10659425;-35,18180609;"SPRF-PE";"DEL01-PE";"UOP01-DEL01-PE"
543067;2023-08-05;"sábado";"18:30:00";"SC";280;18,8;"ARAQUARI";"Ingestão de álcool e/ou substâncias psicoativas pelo pedestre";"Tombamento";"Sem Vítimas";"Anoitecer";"Decrescente";"Céu Claro";"Simples";"Curva";"Não";2;0;0;0;1;2;0;3;-26,36432495;-48,66444809;"SPRF-SC";"DEL03-SC";"UOP03-DEL03-SC"
543071;2023-08-18;"sexta-feira";"13:16:00";"GO";50;110,1;"CRISTALINA";"Demais falhas mecânicas ou elétricas";"Incêndio";"Sem Vítimas";"Pleno dia";"Crescente";"Céu Claro";"Dupla";"Reta";"Não";2;0;0;0;1;1;0;2;-16,9309;-47,7117;"SPRF-DF";"DEL01-DF";"UOP02-DEL01-DF"
543072;2023-08-18;"sexta-feira";"12:00:00";"PE";316;90,3;"OURICURI";"Reação tardia ou ineficiente do condutor";"Colisão traseira";"Com Vítimas Feridas";"Pleno dia";"Decrescente";"Céu Claro";"Simples";"Reta";"Não";11;0;7;1;2;1;8;3;-7,90337946;-40,02982219;"SPRF-PE";"DEL05-PE";"UOP02-DEL05-PE"
543080;2023-08-18;"sexta-feira";"15:10:00";"RS";116;248;"SAO LEOPOLDO";"Condutor deixou de manter distância do veículo da frente";"Colisão traseira";"Sem Vítimas";"Pleno dia";"Decrescente";"Chuva";"Dupla";"Reta";"Sim";3;0;0;0;3;0;0;2;-29,76733091;-51,1535296;"SPRF-RS";"DEL01-RS";"UOP02-DEL01-RS"
543081;2023-08-18;"sexta-feira";"15:00:00";"SP";116;112,1;"TAUBATE";"Ingestão de substâncias psicoativas pelo condutor";"Colisão lateral mesmo sentido";"Com Vítimas Feridas";"Pleno dia";"Crescente";"Céu Claro";"Dupla";"Reta";"Sim";3;0;1;0;2;0;1;3;-23,04159343;-45,57065616;"SPRF-SP";"DEL02-SP";"UOP02-DEL02-SP"
543082;2023-08-18;"sexta-feira";"14:40:00";"RS";386;2,6;"IRAI";"Acessar a via sem observar a presença dos outros veículos";"Colisão transversal";"Com Vítimas Feridas";"Pleno dia";"Decrescente";"Chuva";"Simples";"Curva;Interseção de Vias";"Não";3;0;1;0;2;0;1;2;-27,18196658;-53,24403763;"SPRF-RS";"DEL08-RS";"UOP02-DEL08-RS"
543084;2023-08-18;"sexta-feira";"13:30:00";"MS";163;388;"NOVA ALVORADA DO SUL";"Demais falhas mecânicas ou elétricas";"Incêndio";"Sem Vítimas";"Pleno dia";"Decrescente";"Sol";"Simples";"Reta";"Não";2;0;0;0;1;3;0;4;-21,27192709;-54,44313833;"SPRF-MS";"DEL02-MS";"UOP01-DEL02-MS"
543087;2023-08-18;"sexta-feira";"15:30:00";"MG";116;192,1;"CARAI";"Transitar na contramão";"Colisão lateral sentido oposto";"Com Vítimas Fatais";"Pleno dia";"Crescente";"Céu Claro";"Simples";"Aclive;Curva";"Não";5;1;0;2;1;3;2;5;-17,17971924;-41,49345216;"SPRF-MG";"DEL11-MG";"UOP01-DEL11-MG"
543094;2023-08-17;"quinta-feira";"02:15:00";"SC";282;508,1;"XANXERE";"Ingestão de álcool pelo condutor";"Colisão traseira";"Com Vítimas Feridas";"Plena Noite";"Crescente";"Céu Claro";"Simples";"Curva;Aclive";"Não";4;0;1;0;2;2;1;4;-26,88570055;-52,44630039;"SPRF-SC";"DEL07-SC";"UOP01-DEL07-SC"
543095;2023-08-18;"sexta-feira";"15:51:00";"DF";251;60;"BRASILIA";"Ausência de reação do condutor";"Colisão traseira";"Com Vítimas Feridas";"Pleno dia";"Crescente";"Céu Claro";"Simples";"Reta";"Não";3;0;1;0;2;0;1;3;-15,948113;-47,845235;"SPRF-DF";"DEL01-DF";"UOP01-DEL01-DF"
543096;2023-08-18;"sexta-feira";"14:00:00";"PE";104;8;"TAQUARITINGA DO NORTE";"Chuva";"Saída de leito carroçável";"Com Vítimas Feridas";"Pleno dia";"Crescente";"Garoa/Chuvisco";"Simples";"Reta";"Não";2;0;1;0;0;1;1;2;-7,854047;-36,102032;"SPRF-PE";"DEL02-PE";"UOP01-DEL02-PE"
543098;2023-08-18;"sexta-feira";"09:35:00";"CE";222;39,4;"CAUCAIA";"Manobra de mudança de faixa";"Tombamento";"Com Vítimas Feridas";"Pleno dia";"Crescente";"Céu Claro";"Simples";"Reta";"Não";2;0;1;0;0;1;1;2;-3,68870601;-38,89853601;"SPRF-CE";"DEL01-CE";"UOP01-DEL01-CE"
543101;2023-08-18;"sexta-feira";"15:10:00";"GO";60;466;"JATAI";"Ingestão de álcool pelo condutor";"Saída de leito carroçável";"Sem Vítimas";"Pleno dia";"Decrescente";"Céu Claro";"Dupla";"Reta";"Não";2;0;0;0;1;1;0;2;-17,8947;-51,663;"SPRF-GO";"DEL05-GO";"UOP01-DEL05-GO"
543102;2023-08-18;"sexta-feira";"15:40:00";"MA";135;24;"SAO LUIS";"Problema com o freio";"Saída de leito carroçável";"Com Vítimas Feridas";"Pleno dia";"Crescente";"Céu Claro";"Dupla";"Reta";"Não";3;0;1;1;0;1;2;3;-2,75938096;-44,35428204;"SPRF-MA";"DEL01-MA";"UOP01-DEL01-MA"
543109;2023-08-18;"sexta-feira";"17:00:00";"MG";40;743,7;"SANTOS DUMONT";"Transitar na contramão";"Tombamento";"Com Vítimas Feridas";"Pleno dia";"Decrescente";"Céu Claro";"Simples";"Curva";"Não";2;0;1;0;0;1;1;2;-21,41562494;-43,56352376;"SPRF-MG";"DEL05-MG";"UOP01-DEL05-MG"
543117;2023-08-18;"sexta-feira";"16:50:00";"PR";153;464;"UNIAO DA VITORIA";"Chuva";"Colisão frontal";"Sem Vítimas";"Anoitecer";"Crescente";"Garoa/Chuvisco";"Simples";"Reta";"Não";4;0;0;0;4;0;0;4;-26,26724891;-51,17259979;"SPRF-PR";"DEL02-PR";"UOP03-DEL02-PR"
543124;2023-08-18;"sexta-feira";"14:55:00";"RJ";101;332;"RIO DE JANEIRO";"Trafegar com motocicleta (ou similar) entre as faixas";"Colisão traseira";"Com Vítimas Feridas";"Pleno dia";"Crescente";"Céu Claro";"Múltipla";"Reta;Ponte";"Sim";2;0;0;1;1;0;1;2;-22,87775678;-43,21025848;"SPRF-RJ";"DEL02-RJ";"UOP01-DEL02-RJ"
543128;2023-08-18;"sexta-feira";"17:35:00";"SC";282;222,8;"LAGES";"Acessar a via sem observar a presença dos outros veículos";"Colisão transversal";"Com Vítimas Feridas";"Anoitecer";"Decrescente";"Chuva";"Simples";"Curva;Aclive;Interseção de Vias";"Sim";4;0;0;2;2;0;2;2;-27,7998493;-50,36115646;"SPRF-SC";"DEL05-SC";"UOP01-DEL05-SC"
543141;2023-08-18;"sexta-feira";"19:20:00";"SC";101;221;"PALHOCA";"Entrada inopinada do pedestre";"Colisão com objeto";"Com Vítimas Feridas";"Plena Noite";"Crescente";"Chuva";"Dupla";"Curva";"Não";4;0;0;1;3;0;1;4;-27,70012652;-48,66021182;"SPRF-SC";"DEL01-SC";"UOP02-DEL01-SC"
543149;2023-08-18;"sexta-feira";"19:30:00";"ES";393;0,5;"CACHOEIRO DE ITAPEMIRIM";"Pedestre andava na pista";"Atropelamento de Pedestre";"Com Vítimas Feridas";"Plena Noite";"Crescente";"Céu Claro";"Simples";"Reta";"Não";2;0;0;1;0;1;1;2;-20,83917428;-41,16202008;"SPRF-ES";"DEL03-ES";"UOP02-DEL03-ES"
543151;2023-08-18;"sexta-feira";"18:30:00";"PR";277;321;"GUARAPUAVA";"Transitar na contramão";"Colisão frontal";"Com Vítimas Feridas";"Plena Noite";"Crescente";"Chuva";"Simples";"Curva";"Não";3;0;1;1;1;0;2;2;-25,35344678;-51,22861718;"SPRF-PR";"DEL08-PR";"UOP01-DEL08-PR"
543155;2023-08-18;"sexta-feira";"19:30:00";"PE";104;59,2;"CARUARU";"Acessar a via sem observar a presença dos outros veículos";"Colisão traseira";"Com Vítimas Feridas";"Plena Noite";"Crescente";"Nublado";"Dupla";"Curva";"Sim";3;0;1;0;1;1;1;3;-8,22889422;-35,97878695;"SPRF-PE";"DEL02-PE";"UOP01-DEL02-PE"
543165;2023-08-18;"sexta-feira";"21:05:00";"ES";262;37,7;"DOMINGOS MARTINS";"Acessar a via sem observar a presença dos outros veículos";"Colisão transversal";"Com Vítimas Feridas";"Plena Noite";"Crescente";"Céu Claro";"Simples";"Interseção de Vias";"Sim";3;0;1;1;1;0;2;2;-20,38127779;-40,61151172;"SPRF-ES";"DEL01-ES";"UOP01-DEL01-ES"
543168;2023-08-18;"sexta-feira";"19:30:00";"PR";376;100,5;"PARANAVAI";"Pedestre andava na pista";"Atropelamento de Pedestre";"Com Vítimas Fatais";"Plena Noite";"Crescente";"Chuva";"Simples";"Reta";"Não";2;1;0;0;0;1;0;2;-23,02284163;-52,49499321;"SPRF-PR";"DEL09-PR";"UOP02-DEL09-PR"
543170;2023-08-18;"sexta-feira";"20:00:00";"PR";116;47;"CAMPINA GRANDE DO SUL";"Acessar a via sem observar a presença dos outros veículos";"Colisão transversal";"Com Vítimas Feridas";"Plena Noite";"Crescente";"Nublado";"Dupla";"Aclive;Retorno Regulamentado;Curva";"Não";3;0;1;0;1;3;1;5;-25,21672242;-48,90371382;"SPRF-PR";"DEL01-PR";"UOP02-DEL01-PR"
543175;2023-08-18;"sexta-feira";"18:00:00";"SC";116;71,3;"MONTE CASTELO";"Demais falhas mecânicas ou elétricas";"Colisão lateral mesmo sentido";"Sem Vítimas";"Anoitecer";"Crescente";"Chuva";"Simples";"Reta";"Não";3;0;0;0;2;1;0;3;-26,47804399;-50,23238915;"SPRF-SC";"DEL06-SC";"UOP02-DEL06-SC"
543180;2023-08-18;"sexta-feira";"20:30:00";"BA";30;278;"CAETITE";"Ultrapassagem Indevida";"Colisão traseira";"Com Vítimas Feridas";"Plena Noite";"Decrescente";"Céu Claro";"Simples";"Ponte";"Não";7;0;2;0;4;2;2;5;-14,09789655;-42,58010043;"SPRF-BA";"DEL08-BA";"UOP01-DEL08-BA"
543189;2023-08-18;"sexta-feira";"23:20:00";"PB";101;30;"MAMANGUAPE";"Reação tardia ou ineficiente do condutor";"Saída de leito carroçável";"Com Vítimas Feridas";"Plena Noite";"Crescente";"Céu Claro";"Dupla";"Reta";"Não";1;0;1;0;0;0;1;1;-6,748999;-35,133778;"SPRF-PB";"DEL01-PB";"UOP04-DEL01-PB"
543190;2023-08-18;"sexta-feira";"22:30:00";"RJ";116;183;"NOVA IGUACU";"Condutor Dormindo";"Colisão lateral mesmo sentido";"Com Vítimas Feridas";"Plena Noite";"Crescente";"Ignorado";"Dupla";"Reta";"Não";3;0;1;0;1;1;1;3;-22,7516014;-43,43849831;"SPRF-RJ";"DEL01-RJ";"UOP02-DEL01-RJ"
543191;2023-08-18;"sexta-feira";"18:15:00";"BA";367;56,9;"PORTO SEGURO";"Ultrapassagem Indevida";"Colisão lateral mesmo sentido";"Com Vítimas Feridas";"Plena Noite";"Crescente";"Céu Claro";"Simples";"Reta";"Não";6;0;3;0;3;0;3;2;-16,38851188;-39,348101;"SPRF-BA";"DEL09-BA";"UOP03-DEL09-BA"
543198;2023-08-18;"sexta-feira";"23:50:00";"SC";470;60;"BLUMENAU";"Manobra de mudança de faixa";"Colisão lateral mesmo sentido";"Com Vítimas Feridas";"Plena Noite";"Crescente";"Garoa/Chuvisco";"Simples";"Reta";"Não";3;0;1;0;1;1;1;3;-26,88138;-49,164543;"SPRF-SC";"DEL04-SC";"UOP01-DEL04-SC"
543202;2023-08-18;"sexta-feira";"15:30:00";"MT";163;529;"DIAMANTINO";"Ultrapassagem Indevida";"Colisão frontal";"Com Vítimas Feridas";"Pleno dia";"Crescente";"Sol";"Simples";"Reta";"Não";3;0;1;0;1;6;1;8;-14,46297832;-56,14910673;"SPRF-MT";"DEL01-MT";"UOP01-DEL01-MT"
543203;2023-08-19;"sábado";"01:00:00";"PR";369;70,5;"SANTA MARIANA";"Ingestão de álcool pelo condutor";"Colisão transversal";"Com Vítimas Fatais";"Plena Noite";"Crescente";"Nublado";"Simples";"Interseção de Vias";"Não";5;1;0;2;1;2;2;4;-23,14664709;-50,49887609;"SPRF-PR";"DEL07-PR";"UOP05-DEL07-PR"
543207;2023-08-19;"sábado";"01:10:00";"MG";116;304;"ITAMBACURI";"Ausência de sinalização";"Colisão com objeto";"Com Vítimas Feridas";"Plena Noite";"Decrescente";"Céu Claro";"Simples";"Reta";"Não";3;0;0;1;1;2;1;4;-18,02424603;-41,64791895;"SPRF-MG";"DEL11-MG";"UOP01-DEL11-MG"
543208;2023-08-19;"sábado";"01:50:00";"MG";381;942;"EXTREMA";"Velocidade Incompatível";"Saída de leito carroçável";"Com Vítimas Fatais";"Plena Noite";"Crescente";"Ignorado";"Dupla";"Reta;Declive";"Não";5;1;0;1;1;2;1;3;-22,859163;-46,339643;"SPRF-MG";"DEL16-MG";"UOP03-DEL16-MG"
543209;2023-08-19;"sábado";"02:00:00";"SP";381;25;"BRAGANCA PAULISTA";"Reação tardia ou ineficiente do condutor";"Colisão lateral mesmo sentido";"Com Vítimas Feridas";"Plena Noite";"Crescente";"Céu Claro";"Dupla";"Reta";"Não";3;0;0;1;0;2;1;3;-23,02018004;-46,52966596;"SPRF-SP";"DEL03-SP";"UOP02-DEL03-SP"
543216;2023-08-19;"sábado";"03:50:00";"SP";116;394;"MIRACATU";"Ausência de reação do condutor";"Colisão traseira";"Com Vítimas Feridas";"Plena Noite";"Crescente";"Garoa/Chuvisco";"Dupla";"Reta";"Sim";4;0;2;0;1;1;2;3;-24,28717454;-47,45143994;"SPRF-SP";"DEL04-SP";"UOP02-DEL04-SP"
543219;2023-08-19;"sábado";"05:15:00";"PR";376;511;"PONTA GROSSA";"Demais falhas mecânicas ou elétricas";"Incêndio";"Sem Vítimas";"Plena Noite";"Decrescente";"Nublado";"Dupla";"Declive;Reta";"Não";2;0;0;0;1;1;0;2;-25,224185;-50,050186;"SPRF-PR";"DEL03-PR";"UOP04-DEL03-PR"
543220;2023-08-19;"sábado";"05:26:00";"GO";20;95;"VILA BOA";"Ultrapassagem Indevida";"Saída de leito carroçável";"Com Vítimas Feridas";"Amanhecer";"Decrescente";"Céu Claro";"Simples";"Reta";"Sim";4;0;3;0;0;2;3;3;-14,983032;-47,020199;"SPRF-DF";"DEL02-DF";"UOP02-DEL02-DF"
543221;2023-08-18;"sexta-feira";"16:40:00";"PE";423;27;"SAO CAITANO";"Ultrapassagem Indevida";"Colisão frontal";"Com Vítimas Fatais";"Anoitecer";"Crescente";"Garoa/Chuvisco";"Simples";"Reta";"Não";4;1;1;1;0;1;2;3;-8,39548998;-36,18077804;"SPRF-PE";"DEL03-PE";"UOP02-DEL03-PE"
543225;2023-08-18;"sexta-feira";"19:16:00";"PA";163;591;"TRAIRAO";"Manobra de mudança de faixa";"Colisão transversal";"Com Vítimas Feridas";"Plena Noite";"Crescente";"Céu Claro";"Simples";"Curva";"Não";4;0;3;0;0;1;3;2;-4,90250197;-56,18616339;"SPRF-PA";"DEL05-PA";"UOP02-DEL05-PA"
543228;2023-08-18;"sexta-feira";"14:30:00";"MG";262;163,7;"SAO DOMINGOS DO PRATA";"Condutor Dormindo";"Tombamento";"Sem Vítimas";"Pleno dia";"Decrescente";"Céu Claro";"Simples";"Aclive;Reta";"Não";2;0;0;0;1;1;0;2;-19,95885148;-42,86157307;"SPRF-MG";"DEL03-MG";"UOP03-DEL03-MG"
543232;2023-07-12;"quarta-feira";"15:00:00";"PR";277;189;"PALMEIRA";"Reação tardia ou ineficiente do condutor";"Saída de leito carroçável";"Com Vítimas Fatais";"Pleno dia";"Crescente";"Céu Claro";"Simples";"Reta";"Não";4;1;1;0;1;4;1;7;-25,42338489;-50,10286399;"SPRF-PR";"DEL08-PR";"UOP02-DEL08-PR"
543246;2023-08-19;"sábado";"07:20:00";"PE";424;91,9;"GARANHUNS";"Ingestão de álcool pelo condutor";"Colisão lateral mesmo sentido";"Com Vítimas Feridas";"Pleno dia";"Decrescente";"Nublado";"Simples";"Reta";"Sim";2;0;0;1;1;0;1;2;-8,90408773;-36,49978995;"SPRF-PE";"DEL03-PE";"UOP01-DEL03-PE"
543248;2023-07-26;"quarta-feira";"12:00:00";"GO";414;380,3;"CORUMBA DE GOIAS";"Transitar na contramão";"Colisão lateral sentido oposto";"Com Vítimas Fatais";"Pleno dia";"Decrescente";"Céu Claro";"Simples";"Reta;Declive";"Não";5;1;0;2;2;0;2;2;-15,828443;-48,779239;"SPRF-GO";"DEL02-GO";"UOP01-DEL02-GO"
543263;2023-08-19;"sábado";"09:50:00";"MG";40;462,2;"SETE LAGOAS";"Condutor deixou de manter distância do veículo da frente";"Colisão lateral mesmo sentido";"Com Vítimas Feridas";"Pleno dia";"Crescente";"Céu Claro";"Dupla";"Declive;Curva";"Não";2;0;1;0;0;1;1;2;-19,414742;-44,33982;"SPRF-MG";"DEL02-MG";"UOP01-DEL02-MG"
543269;2023-08-19;"sábado";"08:00:00";"SP";381;60;"MAIRIPORA";"Reação tardia ou ineficiente do condutor";"Tombamento";"Com Vítimas Feridas";"Pleno dia";"Crescente";"Céu Claro";"Dupla";"Curva;Declive";"Sim";1;0;1;0;0;0;1;1;-23,28957673;-46,58729853;"SPRF-SP";"DEL03-SP";"UOP01-DEL03-SP"
543279;2023-08-19;"sábado";"11:00:00";"GO";153;521;"HIDROLANDIA";"Reação tardia ou ineficiente do condutor";"Saída de leito carroçável";"Com Vítimas Feridas";"Pleno dia";"Decrescente";"Céu Claro";"Dupla";"Declive;Reta";"Sim";2;0;1;0;0;1;1;2;-16,8937;-49,2557;"SPRF-GO";"DEL01-GO";"UOP03-DEL01-GO"
543280;2023-08-19;"sábado";"11:10:00";"RS";290;115;"ELDORADO DO SUL";"Ausência de reação do condutor";"Saída de leito carroçável";"Com Vítimas Feridas";"Pleno dia";"Crescente";"Céu Claro";"Simples";"Reta";"Não";2;0;1;0;0;1;1;2;-30,045572;-51,357651;"SPRF-RS";"DEL02-RS";"UOP01-DEL02-RS"
543289;2023-08-19;"sábado";"10:30:00";"PR";280;313,6;"BARRACAO";"Ultrapassagem Indevida";"Colisão lateral mesmo sentido";"Com Vítimas Feridas";"Pleno dia";"Crescente";"Sol";"Simples";"Curva";"Não";4;0;2;0;2;0;2;2;-26,29742952;-53,50990121;"SPRF-PR";"DEL02-PR";"UOP01-DEL02-PR"
543296;2023-08-19;"sábado";"12:00:00";"RS";290;149,8;"ARROIO DOS RATOS";"Ausência de reação do condutor";"Saída de leito carroçável";"Com Vítimas Feridas";"Pleno dia";"Crescente";"Céu Claro";"Simples";"Reta;Ponte";"Não";1;0;0;1;0;0;1;1;-30,106575;-51,696537;"SPRF-RS";"DEL02-RS";"UOP01-DEL02-RS"
543299;2023-08-19;"sábado";"13:05:00";"BA";324;532;"FEIRA DE SANTANA";"Frear bruscamente";"Saída de leito carroçável";"Com Vítimas Feridas";"Pleno dia";"Crescente";"Céu Claro";"Dupla";"Declive;Reta";"Não";4;0;3;0;0;1;3;2;-12,34774715;-38,8369596;"SPRF-BA";"DEL01-BA";"UOP03-DEL01-BA"
543305;2023-08-19;"sábado";"13:30:00";"RJ";393;175;"TRES RIOS";"Condutor deixou de manter distância do veículo da frente";"Colisão traseira";"Sem Vítimas";"Pleno dia";"Decrescente";"Céu Claro";"Simples";"Reta";"Não";3;0;0;0;3;0;0;2;-22,12309905;-43,20363803;"SPRF-RJ";"DEL05-RJ";"UOP02-DEL05-RJ"
543308;2023-08-19;"sábado";"14:20:00";"MG";251;449,8;"GRAO MOGOL";"Acumulo de óleo sobre o pavimento";"Tombamento";"Com Vítimas Feridas";"Pleno dia";"Decrescente";"Sol";"Simples";"Declive;Curva";"Não";3;0;1;0;0;2;1;3;-16,420528;-43,28967;"SPRF-MG";"DEL12-MG";"UOP01-DEL12-MG"
543309;2023-08-19;"sábado";"14:20:00";"SC";101;139;"BALNEARIO CAMBORIU";"Condutor deixou de manter distância do veículo da frente";"Colisão traseira";"Com Vítimas Feridas";"Pleno dia";"Crescente";"Nublado";"Dupla";"Aclive";"Não";3;0;1;0;2;0;1;3;-27,02982303;-48,60115006;"SPRF-SC";"DEL04-SC";"UOP03-DEL04-SC"
543311;2023-08-19;"sábado";"13:00:00";"SC";101;335,7;"TUBARAO";"Reação tardia ou ineficiente do condutor";"Colisão lateral mesmo sentido";"Com Vítimas Feridas";"Pleno dia";"Crescente";"Céu Claro";"Múltipla";"Reta";"Sim";6;0;1;1;4;0;2;6;-28,46927473;-49,01557908;"SPRF-SC";"DEL02-SC";"UOP01-DEL02-SC"
543312;2023-08-19;"sábado";"14:00:00";"SC";101;333;"TUBARAO";"Ausência de reação do condutor";"Colisão traseira";"Com Vítimas Feridas";"Pleno dia";"Crescente";"Céu Claro";"Múltipla";"Aclive;Em Obras;Reta";"Sim";3;0;0;1;1;1;1;3;-28,46630107;-48,99653096;"SPRF-SC";"DEL02-SC";"UOP01-DEL02-SC"
543313;2023-06-28;"quarta-feira";"23:30:00";"MT";70;324;"DOM AQUINO";"Falta de acostamento";"Colisão traseira";"Com Vítimas Feridas";"Plena Noite";"Decrescente";"Céu Claro";"Simples";"Reta";"Não";40;0;32;7;1;0;39;2;-15,51069712;-54,65364598;"SPRF-MT";"DEL05-MT";"UOP01-DEL05-MT"
543316;2023-08-19;"sábado";"15:40:00";"RS";392;350,8;"SANTA MARIA";"Acessar a via sem observar a presença dos outros veículos";"Colisão transversal";"Sem Vítimas";"Pleno dia";"Decrescente";"Céu Claro";"Simples";"Interseção de Vias;Reta;Em Obras";"Sim";4;0;0;0;1;4;0;5;-29,73451408;-53,79893303;"SPRF-RS";"DEL09-RS";"UOP01-DEL09-RS"
543317;2023-08-19;"sábado";"14:40:00";"BA";116;843;"VITORIA DA CONQUISTA";"Ausência de reação do condutor";"Colisão traseira";"Com Vítimas Feridas";"Pleno dia";"Crescente";"Nublado";"Simples";"Aclive;Reta";"Não";3;0;1;0;2;0;1;2;-14,93856528;-40,89213957;"SPRF-BA";"DEL08-BA";"UOP01-DEL08-BA"
543319;2023-08-19;"sábado";"15:20:00";"BA";116;811;"VITORIA DA CONQUISTA";"Acessar a via sem observar a presença dos outros veículos";"Colisão frontal";"Com Vítimas Feridas";"Pleno dia";"Crescente";"Céu Claro";"Simples";"Reta";"Não";3;0;1;0;1;1;1;3;-14,793988;-40,762024;"SPRF-BA";"DEL08-BA";"UOP01-DEL08-BA"