"id";"data_inversa";"dia_semana";"horario";"uf";"br";"km";"municipio";"causa_acidente";"tipo_acidente";"classificacao_acidente";"fase_dia";"sentido_via";"condicao_metereologica";"tipo_pista";"tracado_via";"uso_solo";"pessoas";"mortos";"feridos_leves";"feridos_graves";"ilesos";"ignorados";"feridos";"veiculos";"latitude";"longitude";"regional";"delegacia";"uop"
543322;2023-08-19;"sábado";"15:30:00";"MA";135;7;"SAO LUIS";"Retorno proibido";"Colisão lateral mesmo sentido";"Com Vítimas Feridas";"Pleno dia";"Crescente";"Céu Claro";"Simples";"Reta";"Sim";3;0;1;0;1;1;1;3;-2,53073;-44,3068;"SPRF-MA";"DEL01-MA";"UOP01-DEL01-MA"
543327;2023-08-19;"sábado";"15:40:00";"MG";116;409,9;"GOVERNADOR VALADARES";"Velocidade Incompatível";"Colisão lateral mesmo sentido";"Com Vítimas Feridas";"Pleno dia";"Decrescente";"Nublado";"Dupla";"Reta";"Sim";3;0;2;0;1;0;2;2;-18,84936788;-41,97891368;"SPRF-MG";"DEL06-MG";"UOP01-DEL06-MG"
543328;2023-07-16;"domingo";"09:50:00";"BA";116;644;"JAGUAQUARA";"Reação tardia ou ineficiente do condutor";"Saída de leito carroçável";"Com Vítimas Feridas";"Pleno dia";"Decrescente";"Céu Claro";"Simples";"Curva";"Não";2;0;0;1;0;1;1;2;-13,56327202;-40,0799949;"SPRF-BA";"DEL03-BA";"UOP01-DEL03-BA"
543331;2023-08-19;"sábado";"16:20:00";"MG";381;188;"PERIQUITO";"Ausência de reação do condutor";"Saída de leito carroçável";"Com Vítimas Feridas";"Pleno dia";"Decrescente";"Céu Claro";"Simples";"Reta";"Não";1;0;1;0;0;0;1;1;-19,09255133;-42,19074995;"SPRF-MG";"DEL06-MG";"UOP01-DEL06-MG"
543335;2023-08-19;"sábado";"17:00:00";"MT";70;76;"GENERAL CARNEIRO";"Reação tardia ou ineficiente do condutor";"Colisão frontal";"Com Vítimas Fatais";"Anoitecer";"Crescente";"Céu Claro";"Simples";"Aclive;Curva";"Não";4;1;0;1;1;2;1;4;-15,66922801;-52,80115128;"SPRF-MT";"DEL07-MT";"UOP01-DEL07-MT"
543338;2023-08-19;"sábado";"18:00:00";"RS";386;432,4;"NOVA SANTA RITA";"Reação tardia ou ineficiente do condutor";"Colisão traseira";"Com Vítimas Feridas";"Anoitecer";"Decrescente";"Céu Claro";"Dupla";"Reta";"Não";5;0;0;1;3;1;1;4;-29,837873;-51,304909;"SPRF-RS";"DEL04-RS";"UOP02-DEL04-RS"
543340;2023-08-19;"sábado";"17:10:00";"SC";101;197,6;"BIGUACU";"Ingestão de álcool pelo condutor";"Colisão traseira";"Sem Vítimas";"Pleno dia";"Crescente";"Céu Claro";"Múltipla";"Reta";"Sim";6;0;0;0;5;1;0;3;-27,51844497;-48,63848496;"SPRF-SC";"DEL01-SC";"UOP01-DEL01-SC"
543341;2023-08-19;"sábado";"15:50:00";"RO";364;681;"CANDEIAS DO JAMARI";"Acessar a via sem observar a presença dos outros veículos";"Colisão lateral sentido oposto";"Sem Vítimas";"Pleno dia";"Decrescente";"Céu Claro";"Simples";"Reta";"Não";2;0;0;0;2;0;0;2;-8,78665087;-63,59725301;"SPRF-RO";"DEL01-RO";"UOP01-DEL01-RO"
543344;2023-08-19;"sábado";"16:30:00";"GO";153;401;"PIRENOPOLIS";"Velocidade Incompatível";"Colisão transversal";"Com Vítimas Feridas";"Pleno dia";"Crescente";"Céu Claro";"Simples";"Declive;Interseção de Vias;Reta";"Não";3;0;1;0;2;0;1;2;-16,033798;-49,085724;"SPRF-GO";"DEL02-GO";"UOP02-DEL02-GO"
543362;2023-08-19;"sábado";"17:00:00";"PE";104;120;"PANELAS";"Velocidade Incompatível";"Saída de leito carroçável";"Com Vítimas Feridas";"Anoitecer";"Decrescente";"Ignorado";"Simples";"Reta";"Não";2;0;1;0;0;1;1;2;-8,699489;-36,022697;"SPRF-PE";"DEL02-PE";"UOP03-DEL02-PE"
543364;2023-08-19;"sábado";"19:15:00";"GO";20;159;"ALVORADA DO NORTE";"Acessar a via sem observar a presença dos outros veículos";"Colisão frontal";"Com Vítimas Fatais";"Plena Noite";"Crescente";"Céu Claro";"Simples";"Reta";"Não";3;1;0;0;2;0;0;3;-14,625212;-46,616703;"SPRF-DF";"DEL02-DF";"UOP03-DEL02-DF"
543365;2023-08-19;"sábado";"20:30:00";"MG";40;545;"NOVA LIMA";"Ausência de reação do condutor";"Colisão traseira";"Com Vítimas Feridas";"Plena Noite";"Decrescente";"Céu Claro";"Dupla";"Curva";"Sim";3;0;1;0;1;2;1;4;-20,00670404;-43,96418668;"SPRF-MG";"DEL01-MG";"UOP02-DEL01-MG"
543367;2023-08-19;"sábado";"19:30:00";"CE";116;118,2;"RUSSAS";"Transitar na contramão";"Colisão lateral sentido oposto";"Sem Vítimas";"Plena Noite";"Crescente";"Céu Claro";"Simples";"Reta";"Não";3;0;0;0;1;2;0;3;-4,61483991;-38,18838891;"SPRF-CE";"DEL03-CE";"UOP01-DEL03-CE"
543372;2023-08-19;"sábado";"17:45:00";"GO";364;236;"JATAI";"Reação tardia ou ineficiente do condutor";"Colisão transversal";"Com Vítimas Feridas";"Pleno dia";"Decrescente";"Céu Claro";"Simples";"Reta";"Não";3;0;1;0;1;1;1;3;-17,797705;-52,051029;"SPRF-GO";"DEL05-GO";"UOP01-DEL05-GO"
543381;2023-08-19;"sábado";"22:15:00";"GO";452;157,5;"ITUMBIARA";"Condutor Dormindo";"Colisão frontal";"Com Vítimas Fatais";"Plena Noite";"Crescente";"Céu Claro";"Simples";"Reta";"Não";2;1;0;1;0;0;1;2;-18,29940891;-49,52931496;"SPRF-GO";"DEL03-GO";"UOP02-DEL03-GO"
543384;2023-08-07;"segunda-feira";"07:30:00";"ES";101;184;"ARACRUZ";"Carga excessiva e/ou mal acondicionada";"Derramamento de carga";"Sem Vítimas";"Pleno dia";"Crescente";"Sol";"Simples";"Reta;Declive";"Não";4;0;0;0;3;2;0;5;-19,65524008;-40,23355674;"SPRF-ES";"DEL04-ES";"UOP01-DEL04-ES"
543395;2023-08-19;"sábado";"23:13:00";"RJ";101;35;"CAMPOS DOS GOYTACAZES";"Transitar na contramão";"Colisão frontal";"Com Vítimas Fatais";"Plena Noite";"Decrescente";"Céu Claro";"Múltipla";"Declive";"Não";2;1;0;0;1;0;0;2;-21,5079623062;-41,336795556;"SPRF-RJ";"DEL08-RJ";"UOP01-DEL08-RJ"
543401;2023-08-19;"sábado";"11:15:00";"MG";116;702,6;"MURIAE";"Acessar a via sem observar a presença dos outros veículos";"Colisão transversal";"Com Vítimas Feridas";"Pleno dia";"Crescente";"Céu Claro";"Simples";"Curva";"Sim";3;0;2;0;1;0;2;2;-21,11938311;-42,38006362;"SPRF-MG";"DEL07-MG";"UOP02-DEL07-MG"
543402;2023-08-19;"sábado";"23:00:00";"PR";277;282;"PRUDENTOPOLIS";"Ausência de reação do condutor";"Colisão lateral sentido oposto";"Com Vítimas Feridas";"Plena Noite";"Crescente";"Céu Claro";"Simples";"Curva";"Não";3;0;0;1;1;2;1;4;-25,34688486;-50,9324159;"SPRF-PR";"DEL08-PR";"UOP02-DEL08-PR"
543403;2023-08-20;"domingo";"00:20:00";"PR";116;95;"SAO JOSE DOS PINHAIS";"Ausência de reação do condutor";"Colisão traseira";"Com Vítimas Feridas";"Plena Noite";"Decrescente";"Nevoeiro/Neblina";"Dupla";"Reta";"Não";3;0;1;0;1;1;1;3;-25,4971982;-49,11761871;"SPRF-PR";"DEL01-PR";"UOP07-DEL01-PR"
543414;2023-08-19;"sábado";"21:24:00";"AC";364;284;"SENA MADUREIRA";"Ausência de reação do condutor";"Colisão lateral sentido oposto";"Com Vítimas Feridas";"Plena Noite";"Crescente";"Céu Claro";"Simples";"Curva;Declive;Em Obras";"Não";4;0;2;1;1;0;3;2;-9,05244212;-68,76174607;"SPRF-AC";"DEL01-AC";"UOP01-DEL01-AC"
543415;2023-08-20;"domingo";"02:30:00";"PE";232;10;"JABOATAO DOS GUARARAPES";"Ausência de reação do condutor";"Colisão traseira";"Com Vítimas Fatais";"Plena Noite";"Crescente";"Chuva";"Múltipla";"Reta";"Não";2;1;0;0;1;0;0;2;-8,07917241;-34,98718609;"SPRF-PE";"DEL01-PE";"UOP01-DEL01-PE"
543424;2023-08-19;"sábado";"21:50:00";"MT";163;1110;"GUARANTA DO NORTE";"Ausência de reação do condutor";"Tombamento";"Com Vítimas Feridas";"Plena Noite";"Crescente";"Céu Claro";"Simples";"Curva;Declive";"Não";2;0;1;0;0;3;1;4;-9,71780888;-54,87808527;"SPRF-MT";"DEL06-MT";"UOP03-DEL06-MT"
543428;2023-08-20;"domingo";"02:45:00";"TO";153;263,2;"COLINAS DO TOCANTINS";"Ingestão de álcool pelo condutor";"Colisão lateral sentido oposto";"Sem Vítimas";"Plena Noite";"Crescente";"Céu Claro";"Simples";"Reta";"Não";3;0;0;0;2;1;0;3;-8,19933701;-48,46268783;"SPRF-TO";"DEL02-TO";"UOP02-DEL02-TO"
543429;2023-08-20;"domingo";"03:53:00";"ES";101;288,9;"CARIACICA";"Ingestão de álcool pelo condutor";"Colisão transversal";"Com Vítimas Feridas";"Plena Noite";"Decrescente";"Céu Claro";"Dupla";"Reta;Retorno Regulamentado";"Não";7;0;5;0;1;2;5;4;-20,27160351;-40,39091743;"SPRF-ES";"DEL01-ES";"UOP01-DEL01-ES"
543451;2023-08-20;"domingo";"05:40:00";"PR";376;522;"PONTA GROSSA";"Demais falhas mecânicas ou elétricas";"Incêndio";"Sem Vítimas";"Amanhecer";"Crescente";"Nevoeiro/Neblina";"Dupla";"Reta;Aclive";"Não";2;0;0;0;1;3;0;4;-25,29555894;-49,89661593;"SPRF-PR";"DEL03-PR";"UOP04-DEL03-PR"
543452;2023-08-19;"sábado";"14:40:00";"RO";364;93;"VILHENA";"Ausência de reação do condutor";"Colisão lateral sentido oposto";"Com Vítimas Feridas";"Pleno dia";"Decrescente";"Céu Claro";"Simples";"Reta";"Não";4;0;1;0;2;1;1;3;-12,33507301;-60,63287207;"SPRF-RO";"DEL04-RO";"UOP01-DEL04-RO"
543456;2023-08-20;"domingo";"08:00:00";"BA";242;463;"IBITIARA";"Velocidade Incompatível";"Tombamento";"Com Vítimas Feridas";"Pleno dia";"Crescente";"Céu Claro";"Simples";"Curva;Declive";"Não";2;0;1;0;0;11;1;12;-12,4423791;-42,17379204;"SPRF-BA";"DEL06-BA";"UOP01-DEL06-BA"
543457;2023-08-20;"domingo";"06:25:00";"CE";116;466;"BARRO";"Curva acentuada";"Colisão frontal";"Com Vítimas Fatais";"Pleno dia";"Decrescente";"Céu Claro";"Simples";"Curva;Declive";"Não";3;1;0;0;1;1;0;3;-7,22243491;-38,83869519;"SPRF-CE";"DEL05-CE";"UOP03-DEL05-CE"
543459;2023-08-12;"sábado";"19:20:00";"PR";163;142;"CAPITAO LEONIDAS MARQUES";"Curva acentuada";"Saída de leito carroçável";"Com Vítimas Feridas";"Plena Noite";"Decrescente";"Céu Claro";"Simples";"Curva;Em Obras";"Não";2;0;1;0;0;1;1;2;-25,48284277;-53,59229524;"SPRF-PR";"DEL05-PR";"UOP05-DEL05-PR"
543461;2023-08-16;"quarta-feira";"08:00:00";"RJ";40;123;"DUQUE DE CAXIAS";"Demais falhas mecânicas ou elétricas";"Incêndio";"Sem Vítimas";"Pleno dia";"Decrescente";"Céu Claro";"Múltipla";"Reta";"Não";2;0;0;0;1;1;0;2;-22,79907687;-43,29015739;"SPRF-RJ";"DEL01-RJ";"UOP01-DEL01-RJ"
543469;2023-08-20;"domingo";"09:29:00";"CE";230;78;"VARZEA ALEGRE";"Reação tardia ou ineficiente do condutor";"Colisão traseira";"Com Vítimas Feridas";"Pleno dia";"Crescente";"Céu Claro";"Dupla";"Reta;Interseção de Vias";"Sim";2;0;0;1;1;0;1;2;-6,79181788;-39,28100002;"SPRF-CE";"DEL05-CE";"UOP01-DEL05-CE"
543482;2023-08-20;"domingo";"10:30:00";"MG";40;362,8;"FELIXLANDIA";"Demais falhas mecânicas ou elétricas";"Colisão com objeto";"Com Vítimas Feridas";"Pleno dia";"Crescente";"Céu Claro";"Simples";"Reta";"Não";2;0;1;0;0;1;1;2;-18,76938601;-44,83310901;"SPRF-MG";"DEL02-MG";"UOP01-DEL02-MG"
543484;2023-08-20;"domingo";"10:15:00";"SC";101;317;"PESCARIA BRAVA";"Ausência de reação do condutor";"Colisão lateral mesmo sentido";"Com Vítimas Feridas";"Pleno dia";"Crescente";"Céu Claro";"Dupla";"Aclive;Curva";"Sim";2;0;1;0;1;0;1;2;-28,42708421;-48,85211624;"SPRF-SC";"DEL02-SC";"UOP01-DEL02-SC"
543486;2023-08-12;"sábado";"08:15:00";"SC";101;280;"IMBITUBA";"Reação tardia ou ineficiente do condutor";"Colisão traseira";"Com Vítimas Feridas";"Pleno dia";"Crescente";"Chuva";"Múltipla";"Reta";"Sim";5;0;3;0;1;1;3;3;-28,17962805;-48,6956297;"SPRF-SC";"DEL02-SC";"UOP03-DEL02-SC"
543488;2023-08-20;"domingo";"06:59:00";"TO";153;558,8;"FATIMA";"Problema na suspensão";"Saída de leito carroçável";"Sem Vítimas";"Pleno dia";"Decrescente";"Céu Claro";"Simples";"Reta";"Não";2;0;0;0;1;2;0;3;-10,722909;-48,904507;"SPRF-TO";"DEL01-TO";"UOP01-DEL01-TO"
543493;2023-08-20;"domingo";"12:00:00";"PR";376;217;"JANDAIA DO SUL";"Ultrapassagem Indevida";"Colisão lateral sentido oposto";"Sem Vítimas";"Pleno dia";"Crescente";"Céu Claro";"Simples";"Curva";"Não";4;0;0;0;3;4;0;7;-23,5978436;-51,62416462;"SPRF-PR";"DEL09-PR";"UOP01-DEL09-PR"
543495;2023-08-20;"domingo";"07:50:00";"MA";135;267,8;"CAPINZAL DO NORTE";"Manobra de mudança de faixa";"Colisão lateral sentido oposto";"Com Vítimas Feridas";"Pleno dia";"Crescente";"Céu Claro";"Simples";"Reta;Em Obras";"Sim";3;0;0;1;1;2;1;4;-4,71941091;-44,33226624;"SPRF-MA";"DEL03-MA";"UOP01-DEL03-MA"
543507;2023-08-20;"domingo";"14:30:00";"MG";153;120;"PRATA";"Ausência de reação do condutor";"Colisão lateral mesmo sentido";"Com Vítimas Feridas";"Pleno dia";"Crescente";"Chuva";"Dupla";"Reta";"Não";3;0;1;0;1;1;1;3;-19,40288904;-48,89560041;"SPRF-MG";"DEL15-MG";"UOP03-DEL15-MG"
543514;2023-08-20;"domingo";"14:40:00";"RS";290;324;"CACAPAVA DO SUL";"Transitar na contramão";"Colisão lateral sentido oposto";"Com Vítimas Feridas";"Pleno dia";"Crescente";"Céu Claro";"Simples";"Curva;Aclive";"Não";3;0;1;0;1;1;1;3;-30,37139416;-53,43269348;"SPRF-RS";"DEL09-RS";"UOP02-DEL09-RS"
543517;2023-07-19;"quarta-feira";"22:58:00";"SC";101;213;"PALHOCA";"Desrespeitar a preferência no cruzamento";"Colisão transversal";"Com Vítimas Feridas";"Plena Noite";"Decrescente";"Céu Claro";"Múltipla";"Interseção de Vias;Retorno Regulamentado;Viaduto";"Sim";5;0;4;0;1;0;4;2;-27,63697369;-48,66514142;"SPRF-SC";"DEL01-SC";"UOP02-DEL01-SC"
543521;2023-08-20;"domingo";"14:28:00";"PE";232;341,4;"CUSTODIA";"Demais falhas mecânicas ou elétricas";"Colisão lateral mesmo sentido";"Com Vítimas Feridas";"Pleno dia";"Crescente";"Céu Claro";"Simples";"Reta";"Não";3;0;1;0;1;2;1;4;-8,08787091;-37,704512;"SPRF-PE";"DEL04-PE";"UOP02-DEL04-PE"
543523;2023-08-20;"domingo";"15:10:00";"PR";369;432,6;"JURANDA";"Ingestão de álcool pelo condutor";"Colisão traseira";"Sem Vítimas";"Pleno dia";"Decrescente";"Nublado";"Simples";"Reta";"Sim";5;0;0;0;4;2;0;5;-24,4663;-52,8654;"SPRF-PR";"DEL04-PR";"UOP03-DEL04-PR"
543542;2023-08-20;"domingo";"17:10:00";"MG";40;362,8;"FELIXLANDIA";"Objeto estático sobre o leito carroçável";"Colisão traseira";"Com Vítimas Fatais";"Pleno dia";"Crescente";"Nublado";"Simples";"Reta";"Não";5;2;0;0;3;0;0;4;-18,768727;-44,833893;"SPRF-MG";"DEL02-MG";"UOP01-DEL02-MG"
543543;2023-08-20;"domingo";"17:25:00";"RS";386;342,8;"LAJEADO";"Transitar no Acostamento";"Colisão lateral mesmo sentido";"Com Vítimas Feridas";"Pleno dia";"Decrescente";"Céu Claro";"Simples";"Em Obras;Reta";"Sim";2;0;1;0;1;0;1;2;-29,431631;-52,011932;"SPRF-RS";"DEL04-RS";"UOP01-DEL04-RS"
543545;2023-08-20;"domingo";"12:40:00";"MT";364;620;"DIAMANTINO";"Carga excessiva e/ou mal acondicionada";"Incêndio";"Com Vítimas Feridas";"Pleno dia";"Decrescente";"Céu Claro";"Simples";"Reta;Em Obras";"Não";7;0;2;0;5;0;2;1;-14,39422231;-56,3486113;"SPRF-MT";"DEL01-MT";"UOP01-DEL01-MT"
543552;2023-08-20;"domingo";"17:45:00";"SP";116;302;"SAO LOURENCO DA SERRA";"Condutor Dormindo";"Colisão traseira";"Com Vítimas Feridas";"Pleno dia";"Decrescente";"Céu Claro";"Múltipla";"Reta";"Não";2;0;1;0;1;0;1;2;-23,81957108;-46,92449376;"SPRF-SP";"DEL04-SP";"UOP01-DEL04-SP"
543575;2023-08-20;"domingo";"13:30:00";"MA";230;376,3;"BALSAS";"Acessar a via sem observar a presença dos outros veículos";"Colisão transversal";"Sem Vítimas";"Pleno dia";"Crescente";"Céu Claro";"Simples";"Reta";"Não";3;0;0;0;1;3;0;4;-7,29512185;-45,93560829;"SPRF-MA";"DEL05-MA";"UOP01-DEL05-MA"
543576;2023-08-20;"domingo";"19:40:00";"MG";381;534,2;"ITATIAIUCU";"Demais falhas mecânicas ou elétricas";"Capotamento";"Com Vítimas Feridas";"Plena Noite";"Decrescente";"Chuva";"Dupla";"Reta;Declive";"Sim";3;0;1;0;1;2;1;4;-20,18003269;-44,37817276;"SPRF-MG";"DEL04-MG";"UOP03-DEL04-MG"
543616;2023-08-20;"domingo";"22:00:00";"PR";277;3;"PARANAGUA";"Transitar na contramão";"Colisão frontal";"Com Vítimas Feridas";"Plena Noite";"Crescente";"Céu Claro";"Simples";"Reta";"Sim";3;0;1;0;1;1;1;3;-25,53480062;-48,55401814;"SPRF-PR";"DEL01-PR";"UOP05-DEL01-PR"
543618;2023-08-20;"domingo";"19:00:00";"MG";40;248;"SAO GONCALO DO ABAETE";"Chuva";"Tombamento";"Com Vítimas Feridas";"Plena Noite";"Crescente";"Chuva";"Dupla";"Curva;Declive";"Não";2;0;1;0;0;1;1;2;-18,11429113;-45,45822411;"SPRF-MG";"DEL14-MG";"UOP02-DEL14-MG"
543630;2023-08-21;"segunda-feira";"00:20:00";"ES";101;435;"MIMOSO DO SUL";"Demais falhas mecânicas ou elétricas";"Tombamento";"Com Vítimas Feridas";"Plena Noite";"Crescente";"Nevoeiro/Neblina";"Simples";"Curva";"Não";1;0;1;0;0;0;1;1;-21,05500952;-41,19609059;"SPRF-ES";"DEL03-ES";"UOP02-DEL03-ES"
543631;2023-08-20;"domingo";"23:38:00";"MT";163;82,9;"RONDONOPOLIS";"Condutor Dormindo";"Colisão traseira";"Com Vítimas Feridas";"Plena Noite";"Crescente";"Nublado";"Dupla";"Reta";"Não";3;0;1;0;1;2;1;4;-16,80330589;-54,68074416;"SPRF-MT";"DEL02-MT";"UOP03-DEL02-MT"
543640;2023-06-25;"domingo";"13:30:00";"MG";153;112;"PRATA";"Ausência de reação do condutor";"Colisão frontal";"Com Vítimas Fatais";"Pleno dia";"Crescente";"Céu Claro";"Simples";"Declive;Reta";"Não";4;1;0;0;2;1;0;3;-19,33228987;-48,90407174;"SPRF-MG";"DEL15-MG";"UOP03-DEL15-MG"
543643;2023-08-21;"segunda-feira";"05:30:00";"PR";277;382,5;"CANDOI";"Transitar na contramão";"Colisão frontal";"Com Vítimas Feridas";"Amanhecer";"Crescente";"Céu Claro";"Simples";"Aclive;Reta";"Não";3;0;1;0;1;1;1;3;-25,40819705;-51,75947599;"SPRF-PR";"DEL08-PR";"UOP01-DEL08-PR"
543645;2023-08-21;"segunda-feira";"07:05:00";"SE";101;182;"UMBAUBA";"Condutor deixou de manter distância do veículo da frente";"Colisão traseira";"Com Vítimas Feridas";"Pleno dia";"Crescente";"Céu Claro";"Simples";"Reta";"Sim";2;0;1;0;0;1;1;2;-11,37390377;-37,65552315;"SPRF-SE";"DEL02-SE";"UOP03-DEL02-SE"
543648;2023-08-01;"terça-feira";"07:15:00";"RS";285;265,5;"SALDANHA MARINHO";"Transitar na contramão";"Colisão frontal";"Com Vítimas Feridas";"Pleno dia";"Crescente";"Céu Claro";"Simples";"Reta;Aclive";"Não";5;0;0;1;1;3;1;3;-28,38777598;-53,02310944;"SPRF-RS";"DEL08-RS";"UOP03-DEL08-RS"
543649;2023-06-18;"domingo";"03:00:00";"MG";365;795;"GURINHATA";"Condutor deixou de manter distância do veículo da frente";"Colisão traseira";"Com Vítimas Fatais";"Plena Noite";"Crescente";"Céu Claro";"Simples";"Declive;Reta";"Não";3;1;0;0;1;1;0;3;-18,9221326;-49,86351686;"SPRF-MG";"DEL15-MG";"UOP03-DEL15-MG"
543658;2023-08-08;"terça-feira";"09:10:00";"SC";282;609,7;"MARAVILHA";"Condutor deixou de manter distância do veículo da frente";"Colisão transversal";"Com Vítimas Feridas";"Pleno dia";"Decrescente";"Céu Claro";"Simples";"Reta";"Não";3;0;0;1;1;3;1;5;-26,761354;-53,221897;"SPRF-SC";"DEL07-SC";"UOP02-DEL07-SC"
543665;2023-08-21;"segunda-feira";"06:40:00";"RS";470;167,3;"VILA FLORES";"Demais falhas mecânicas ou elétricas";"Incêndio";"Sem Vítimas";"Amanhecer";"Crescente";"Céu Claro";"Simples";"Interseção de Vias";"Sim";2;0;0;0;1;1;0;2;-28,85841556;-51,5558517;"SPRF-RS";"DEL06-RS";"UOP02-DEL06-RS"
543669;2023-08-21;"segunda-feira";"08:30:00";"BA";101;899,1;"CARAVELAS";"Manobra de mudança de faixa";"Colisão lateral mesmo sentido";"Com Vítimas Feridas";"Pleno dia";"Crescente";"Céu Claro";"Simples";"Reta";"Não";4;0;1;1;0;2;2;3;-17,719732;-39,767434;"SPRF-BA";"DEL09-BA";"UOP02-DEL09-BA"
543672;2023-08-21;"segunda-feira";"10:10:00";"SP";116;71;"APARECIDA";"Manobra de mudança de faixa";"Colisão lateral mesmo sentido";"Com Vítimas Feridas";"Pleno dia";"Crescente";"Céu Claro";"Dupla";"Reta";"Sim";3;0;1;0;1;1;1;3;-22,85815341;-45,23290522;"SPRF-SP";"DEL08-SP";"UOP01-DEL08-SP"
543677;2023-08-21;"segunda-feira";"09:30:00";"RS";471;656,2;"SANTA VITORIA DO PALMAR";"Mal súbito do condutor";"Colisão frontal";"Com Vítimas Feridas";"Pleno dia";"Decrescente";"Nublado";"Simples";"Reta";"Não";6;0;1;1;3;2;2;6;-33,508198;-53,325054;"SPRF-RS";"DEL07-RS";"UOP04-DEL07-RS"
543678;2023-08-21;"segunda-feira";"09:30:00";"CE";116;15;"FORTALEZA";"Demais falhas mecânicas ou elétricas";"Colisão lateral mesmo sentido";"Com Vítimas Feridas";"Pleno dia";"Crescente";"Sol";"Dupla";"Reta";"Sim";3;0;1;0;1;1;1;3;-3,87839882;-38,50066893;"SPRF-CE";"DEL01-CE";"UOP02-DEL01-CE"
543680;2023-08-21;"segunda-feira";"09:20:00";"MG";381;559,6;"ITAGUARA";"Reação tardia ou ineficiente do condutor";"Colisão com objeto";"Com Vítimas Feridas";"Pleno dia";"Crescente";"Nublado";"Dupla";"Curva;Declive";"Não";3;0;2;0;0;1;2;2;-20,38230203;-44,48068397;"SPRF-MG";"DEL04-MG";"UOP03-DEL04-MG"
543682;2023-08-21;"segunda-feira";"08:15:00";"MG";50;125;"UBERABA";"Demais falhas mecânicas ou elétricas";"Incêndio";"Sem Vítimas";"Pleno dia";"Crescente";"Céu Claro";"Dupla";"Reta";"Não";2;0;0;0;2;0;0;1;-19,35005196;-48,09182591;"SPRF-MG";"DEL13-MG";"UOP01-DEL13-MG"
543683;2023-08-21;"segunda-feira";"10:15:00";"BA";101;115;"ALAGOINHAS";"Velocidade Incompatível";"Capotamento";"Com Vítimas Feridas";"Pleno dia";"Crescente";"Céu Claro";"Simples";"Reta";"Não";5;0;2;0;2;1;2;3;-12,15321792;-38,52079102;"SPRF-BA";"DEL01-BA";"UOP04-DEL01-BA"
543686;2023-08-21;"segunda-feira";"06:47:00";"MG";116;515,6;"UBAPORANGA";"Condutor Dormindo";"Colisão frontal";"Com Vítimas Fatais";"Amanhecer";"Decrescente";"Chuva";"Simples";"Reta";"Não";10;3;0;4;2;1;4;3;-19,68778501;-42,11758577;"SPRF-MG";"DEL06-MG";"UOP02-DEL06-MG"
543688;2023-08-21;"segunda-feira";"09:50:00";"MT";163;826;"SINOP";"Reação tardia ou ineficiente do condutor";"Colisão transversal";"Com Vítimas Feridas";"Pleno dia";"Decrescente";"Céu Claro";"Simples";"Reta;Retorno Regulamentado";"Sim";3;0;1;0;1;6;1;8;-12,067608;-55,51749791;"SPRF-MT";"DEL06-MT";"UOP02-DEL06-MT"
543700;2023-08-10;"quinta-feira";"18:20:00";"MS";163;159,6;"JUTI";"Demais falhas mecânicas ou elétricas";"Incêndio";"Sem Vítimas";"Plena Noite";"Crescente";"Céu Claro";"Simples";"Reta";"Não";2;0;0;0;1;3;0;4;-22,92559705;-54,50382002;"SPRF-MS";"DEL09-MS";"UOP01-DEL09-MS"
543704;2023-08-21;"segunda-feira";"13:10:00";"SC";101;139,4;"BALNEARIO CAMBORIU";"Condutor deixou de manter distância do veículo da frente";"Colisão traseira";"Com Vítimas Feridas";"Pleno dia";"Crescente";"Céu Claro";"Simples";"Aclive;Reta";"Não";2;0;1;0;1;0;1;2;-27,02982303;-48,60115006;"SPRF-SC";"DEL04-SC";"UOP03-DEL04-SC"
543708;2023-08-07;"segunda-feira";"21:30:00";"BA";20;86,4;"SAO DESIDERIO";"Transitar na contramão";"Colisão lateral sentido oposto";"Com Vítimas Feridas";"Plena Noite";"Crescente";"Céu Claro";"Simples";"Reta";"Não";4;0;1;2;0;2;3;4;-13,18011689;-46,03271484;"SPRF-BA";"DEL10-BA";"UOP01-DEL10-BA"
543711;2023-08-21;"segunda-feira";"15:30:00";"MG";40;487,3;"ESMERALDAS";"Condutor deixou de manter distância do veículo da frente";"Colisão traseira";"Com Vítimas Feridas";"Pleno dia";"Crescente";"Céu Claro";"Dupla";"Reta";"Sim";3;0;1;0;2;0;1;2;-19,59896404;-44,22303708;"SPRF-MG";"DEL02-MG";"UOP01-DEL02-MG"
543714;2023-08-21;"segunda-feira";"11:25:00";"PR";376;437;"TIBAGI";"Velocidade Incompatível";"Tombamento";"Com Vítimas Feridas";"Pleno dia";"Decrescente";"Sol";"Dupla";"Declive;Curva";"Não";3;0;1;0;1;4;1;6;-24,78699753;-50,50734758;"SPRF-PR";"DEL03-PR";"UOP02-DEL03-PR"
543716;2023-08-21;"segunda-feira";"15:40:00";"RS";392;352,7;"SANTA MARIA";"Mal súbito do condutor";"Saída de leito carroçável";"Com Vítimas Feridas";"Pleno dia";"Crescente";"Sol";"Simples";"Reta";"Sim";3;0;0;1;0;2;1;3;-29,7192623;-53,80819201;"SPRF-RS";"DEL09-RS";"UOP01-DEL09-RS"
543720;2023-08-21;"segunda-feira";"15:19:00";"PR";369;185;"ARAPONGAS";"Ausência de reação do condutor";"Colisão traseira";"Com Vítimas Feridas";"Pleno dia";"Decrescente";"Céu Claro";"Simples";"Interseção de Vias";"Sim";2;0;0;1;1;0;1;2;-23,407852;-51,427932;"SPRF-PR";"DEL07-PR";"UOP03-DEL07-PR"