"id";"data_inversa";"dia_semana";"horario";"uf";"br";"km";"municipio";"causa_acidente";"tipo_acidente";"classificacao_acidente";"fase_dia";"sentido_via";"condicao_metereologica";"tipo_pista";"tracado_via";"uso_solo";"pessoas";"mortos";"feridos_leves";"feridos_graves";"ilesos";"ignorados";"feridos";"veiculos";"latitude";"longitude";"regional";"delegacia";"uop"
543722;2023-08-21;"segunda-feira";"16:25:00";"ES";101;232;"FUNDAO";"Mal súbito do condutor";"Colisão lateral sentido oposto";"Com Vítimas Feridas";"Pleno dia";"Crescente";"Nublado";"Simples";"Reta";"Não";3;0;1;0;1;1;1;3;-19,95224103;-40,40879816;"SPRF-ES";"DEL02-ES";"UOP01-DEL02-ES"
543724;2023-08-21;"segunda-feira";"15:20:00";"MG";381;854,5;"POUSO ALEGRE";"Acessar a via sem observar a presença dos outros veículos";"Colisão lateral mesmo sentido";"Sem Vítimas";"Pleno dia";"Crescente";"Sol";"Dupla";"Reta;Retorno Regulamentado";"Não";6;0;0;0;5;1;0;3;-22,31374792;-45,90405426;"SPRF-MG";"DEL16-MG";"UOP01-DEL16-MG"
543731;2023-08-21;"segunda-feira";"16:40:00";"SC";101;190;"BIGUACU";"Acessar a via sem observar a presença dos outros veículos";"Colisão lateral mesmo sentido";"Sem Vítimas";"Pleno dia";"Decrescente";"Céu Claro";"Múltipla";"Reta";"Não";2;0;0;0;1;1;0;2;-27,468056;-48,641712;"SPRF-SC";"DEL01-SC";"UOP01-DEL01-SC"
543737;2023-08-21;"segunda-feira";"17:00:00";"PR";277;65,5;"SAO JOSE DOS PINHAIS";"Manobra de mudança de faixa";"Colisão traseira";"Com Vítimas Feridas";"Pleno dia";"Decrescente";"Sol";"Dupla";"Reta";"Sim";31;0;10;0;20;4;10;9;-25,53276762;-49,08071816;"SPRF-PR";"DEL01-PR";"UOP01-DEL01-PR"
543748;2023-08-21;"segunda-feira";"18:15:00";"MG";50;114;"UBERABA";"Reação tardia ou ineficiente do condutor";"Saída de leito carroçável";"Com Vítimas Feridas";"Anoitecer";"Crescente";"Céu Claro";"Dupla";"Reta";"Não";2;0;1;0;0;3;1;4;-19,25772707;-48,13205017;"SPRF-MG";"DEL13-MG";"UOP01-DEL13-MG"
543749;2023-08-21;"segunda-feira";"18:20:00";"MG";146;452;"CABO VERDE";"Demais falhas mecânicas ou elétricas";"Saída de leito carroçável";"Com Vítimas Feridas";"Plena Noite";"Crescente";"Céu Claro";"Simples";"Reta;Declive";"Não";2;0;1;0;0;1;1;2;-21,546452;-46,406193;"SPRF-MG";"DEL09-MG";"UOP01-DEL09-MG"
543758;2023-08-21;"segunda-feira";"16:35:00";"SC";101;138,7;"BALNEARIO CAMBORIU";"Velocidade Incompatível";"Colisão traseira";"Com Vítimas Feridas";"Pleno dia";"Crescente";"Céu Claro";"Dupla";"Curva";"Não";3;0;0;1;1;1;1;3;-27,02397426;-48,60761649;"SPRF-SC";"DEL04-SC";"UOP03-DEL04-SC"
543763;2023-08-21;"segunda-feira";"20:15:00";"SE";235;70,9;"FREI PAULO";"Condutor Dormindo";"Colisão traseira";"Com Vítimas Feridas";"Plena Noite";"Crescente";"Céu Claro";"Simples";"Reta";"Não";3;0;1;0;1;1;1;3;-10,56251;-37,516956;"SPRF-SE";"DEL01-SE";"UOP02-DEL01-SE"
543764;2023-08-21;"segunda-feira";"16:28:00";"PR";376;307;"MAUA DA SERRA";"Curva acentuada";"Colisão com objeto";"Sem Vítimas";"Pleno dia";"Crescente";"Céu Claro";"Dupla";"Curva;Declive";"Não";2;0;0;0;1;3;0;4;-23,95123393;-51,11822605;"SPRF-PR";"DEL07-PR";"UOP02-DEL07-PR"
543769;2023-08-21;"segunda-feira";"15:40:00";"BA";116;659;"JEQUIE";"Condutor Dormindo";"Saída de leito carroçável";"Com Vítimas Feridas";"Pleno dia";"Crescente";"Céu Claro";"Simples";"Reta";"Não";2;0;1;0;0;1;1;2;-13,69021048;-40,09452834;"SPRF-BA";"DEL03-BA";"UOP01-DEL03-BA"
543770;2023-08-21;"segunda-feira";"20:00:00";"SE";101;197;"CRISTINAPOLIS";"Ingestão de álcool pelo condutor";"Colisão lateral sentido oposto";"Sem Vítimas";"Plena Noite";"Crescente";"Nublado";"Simples";"Curva";"Não";3;0;0;0;2;1;0;3;-11,46981308;-37,74693679;"SPRF-SE";"DEL02-SE";"UOP03-DEL02-SE"
543773;2023-08-21;"segunda-feira";"18:00:00";"MA";230;214,3;"SAO DOMINGOS DO AZEITAO";"Transitar na contramão";"Colisão lateral sentido oposto";"Com Vítimas Fatais";"Anoitecer";"Decrescente";"Céu Claro";"Simples";"Curva;Declive";"Não";3;1;0;0;1;3;0;5;-6,82472164;-44,65640322;"SPRF-MA";"DEL05-MA";"UOP01-DEL05-MA"
543779;2023-08-21;"segunda-feira";"23:15:00";"GO";20;63;"FORMOSA";"Condutor deixou de manter distância do veículo da frente";"Colisão traseira";"Com Vítimas Feridas";"Plena Noite";"Crescente";"Céu Claro";"Simples";"Curva;Aclive";"Não";2;0;1;0;1;0;1;2;-15,222443;-47,169949;"SPRF-DF";"DEL02-DF";"UOP02-DEL02-DF"
543780;2023-08-21;"segunda-feira";"22:30:00";"MG";267;188,9;"BOM JARDIM DE MINAS";"Condutor Dormindo";"Saída de leito carroçável";"Com Vítimas Feridas";"Plena Noite";"Decrescente";"Nublado";"Simples";"Ponte;Reta";"Não";1;0;0;1;0;0;1;1;-21,91205285;-44,00375709;"SPRF-MG";"DEL05-MG";"UOP01-DEL05-MG"
543782;2023-08-22;"terça-feira";"00:20:00";"SP";116;142;"SAO JOSE DOS CAMPOS";"Ausência de reação do condutor";"Colisão traseira";"Com Vítimas Feridas";"Plena Noite";"Crescente";"Nublado";"Dupla";"Reta";"Não";4;0;1;0;2;1;1;4;-23,17426078;-45,82940111;"SPRF-SP";"DEL02-SP";"UOP01-DEL02-SP"
543783;2023-08-21;"segunda-feira";"21:50:00";"SP";381;40;"ATIBAIA";"Pedestre cruzava a pista fora da faixa";"Atropelamento de Pedestre";"Com Vítimas Feridas";"Plena Noite";"Decrescente";"Céu Claro";"Dupla";"Em Obras;Reta";"Não";3;0;0;1;2;0;1;2;-23,12997498;-46,5767598;"SPRF-SP";"DEL03-SP";"UOP01-DEL03-SP"
543784;2023-08-22;"terça-feira";"01:15:00";"SE";101;176;"SANTA LUZIA DO ITANHY";"Ingestão de álcool pelo condutor";"Colisão frontal";"Com Vítimas Feridas";"Plena Noite";"Crescente";"Garoa/Chuvisco";"Simples";"Reta";"Sim";2;0;0;1;1;0;1;2;-11,34921696;-37,61704722;"SPRF-SE";"DEL02-SE";"UOP03-DEL02-SE"
543785;2023-08-21;"segunda-feira";"22:15:00";"MG";116;469,2;"TARUMIRIM";"Reação tardia ou ineficiente do condutor";"Tombamento";"Com Vítimas Feridas";"Plena Noite";"Crescente";"Nublado";"Simples";"Curva";"Não";2;0;1;0;0;1;1;2;-19,31016755;-42,0786674;"SPRF-MG";"DEL06-MG";"UOP02-DEL06-MG"
543787;2023-08-22;"terça-feira";"02:00:00";"MG";381;794;"SAO GONCALO DO SAPUCAI";"Condutor Dormindo";"Colisão traseira";"Com Vítimas Feridas";"Plena Noite";"Decrescente";"Céu Claro";"Dupla";"Curva";"Não";3;0;1;0;1;3;1;5;-21,90943478;-45,57168388;"SPRF-MG";"DEL16-MG";"UOP02-DEL16-MG"
543788;2023-08-21;"segunda-feira";"22:35:00";"PI";343;347,4;"TERESINA";"Reação tardia ou ineficiente do condutor";"Colisão com objeto";"Com Vítimas Feridas";"Plena Noite";"Crescente";"Céu Claro";"Dupla";"Reta";"Sim";1;0;1;0;0;0;1;1;-5,114822;-42,778355;"SPRF-PI";"DEL01-PI";"UOP01-DEL01-PI"
543789;2023-08-22;"terça-feira";"01:34:00";"MG";40;357,8;"FELIXLANDIA";"Ingestão de álcool pelo condutor";"Colisão lateral sentido oposto";"Sem Vítimas";"Plena Noite";"Decrescente";"Nublado";"Simples";"Curva";"Não";3;0;0;0;2;3;0;5;-18,73166974;-44,87334188;"SPRF-MG";"DEL02-MG";"UOP01-DEL02-MG"
543793;2023-08-22;"terça-feira";"00:10:00";"PE";116;73;"CABROBO";"Transitar na contramão";"Colisão lateral sentido oposto";"Com Vítimas Feridas";"Plena Noite";"Crescente";"Céu Claro";"Simples";"Curva;Declive";"Não";3;0;0;1;1;1;1;3;-8,465946;-39,197342;"SPRF-PE";"DEL05-PE";"UOP03-DEL05-PE"
543798;2023-08-21;"segunda-feira";"20:00:00";"SC";470;41,8;"GASPAR";"Ausência de reação do condutor";"Derramamento de carga";"Sem Vítimas";"Plena Noite";"Decrescente";"Céu Claro";"Dupla";"Reta";"Não";3;0;0;0;1;2;0;3;-26,882343;-48,996975;"SPRF-SC";"DEL04-SC";"UOP01-DEL04-SC"
543799;2023-08-22;"terça-feira";"05:10:00";"RO";364;430;"JARU";"Acessar a via sem observar a presença dos outros veículos";"Colisão transversal";"Sem Vítimas";"Amanhecer";"Crescente";"Ignorado";"Simples";"Rotatória";"Não";4;0;0;0;4;0;0;2;-10,41098263;-62,51010043;"SPRF-RO";"DEL03-RO";"UOP02-DEL03-RO"
543801;2023-08-22;"terça-feira";"06:50:00";"GO";50;306,5;"CUMARI";"Velocidade Incompatível";"Tombamento";"Com Vítimas Feridas";"Pleno dia";"Crescente";"Céu Claro";"Dupla";"Curva;Declive";"Não";2;0;1;0;0;2;1;3;-18,3701;-48,0555;"SPRF-GO";"DEL06-GO";"UOP01-DEL06-GO"
543809;2023-08-21;"segunda-feira";"20:00:00";"RJ";493;91;"DUQUE DE CAXIAS";"Pedestre andava na pista";"Atropelamento de Pedestre";"Com Vítimas Feridas";"Plena Noite";"Crescente";"Céu Claro";"Dupla";"Reta";"Não";3;0;0;1;0;2;1;3;-22,672089;-43,285053;"SPRF-RJ";"DEL03-RJ";"UOP01-DEL03-RJ"
543810;2023-08-22;"terça-feira";"07:30:00";"PR";376;173;"MARINGA";"Manobra de mudança de faixa";"Colisão lateral mesmo sentido";"Sem Vítimas";"Pleno dia";"Decrescente";"Céu Claro";"Dupla";"Reta";"Sim";5;0;0;0;5;0;0;2;-23,4172197;-51,9589231;"SPRF-PR";"DEL09-PR";"UOP01-DEL09-PR"
543814;2023-08-21;"segunda-feira";"23:40:00";"MT";163;579;"NOVA MUTUM";"Demais falhas mecânicas ou elétricas";"Incêndio";"Sem Vítimas";"Pleno dia";"Crescente";"Céu Claro";"Simples";"Reta";"Não";2;0;0;0;1;2;0;3;-14,090363;-56,113688;"SPRF-MT";"DEL01-MT";"UOP01-DEL01-MT"
543818;2023-08-22;"terça-feira";"07:00:00";"PR";376;592,4;"CURITIBA";"Trafegar com motocicleta (ou similar) entre as faixas";"Tombamento";"Com Vítimas Fatais";"Pleno dia";"Decrescente";"Céu Claro";"Dupla";"Reta";"Sim";3;1;0;0;1;1;0;3;-25,475532;-49,351375;"SPRF-PR";"DEL01-PR";"UOP06-DEL01-PR"
543819;2023-08-22;"terça-feira";"07:40:00";"MG";381;281,1;"JAGUARACU";"Ausência de reação do condutor";"Colisão traseira";"Com Vítimas Feridas";"Pleno dia";"Crescente";"Céu Claro";"Simples";"Reta";"Não";3;0;1;0;1;1;1;3;-19,61293798;-42,76905001;"SPRF-MG";"DEL03-MG";"UOP02-DEL03-MG"
543820;2023-08-22;"terça-feira";"07:50:00";"MS";163;14;"MUNDO NOVO";"Manobra de mudança de faixa";"Colisão lateral mesmo sentido";"Com Vítimas Feridas";"Pleno dia";"Decrescente";"Céu Claro";"Simples";"Reta";"Não";4;0;2;1;1;0;3;2;-23,95007428;-54,30870967;"SPRF-MS";"DEL09-MS";"UOP02-DEL09-MS"
543823;2023-08-22;"terça-feira";"08:15:00";"SC";101;33,4;"JOINVILLE";"Acessar a via sem observar a presença dos outros veículos";"Colisão lateral mesmo sentido";"Sem Vítimas";"Pleno dia";"Decrescente";"Céu Claro";"Dupla";"Reta";"Não";3;0;0;0;2;1;0;3;-26,23200799;-48,91678053;"SPRF-SC";"DEL03-SC";"UOP01-DEL03-SC"
543828;2023-08-22;"terça-feira";"06:50:00";"MG";381;529,8;"BRUMADINHO";"Velocidade Incompatível";"Tombamento";"Sem Vítimas";"Pleno dia";"Decrescente";"Nevoeiro/Neblina";"Dupla";"Curva";"Não";2;0;0;0;1;1;0;2;-20,16619722;-44,36914378;"SPRF-MG";"DEL04-MG";"UOP03-DEL04-MG"
543829;2023-08-22;"terça-feira";"08:00:00";"PR";277;66,7;"SAO JOSE DOS PINHAIS";"Reação tardia ou ineficiente do condutor";"Colisão transversal";"Com Vítimas Feridas";"Pleno dia";"Crescente";"Sol";"Simples";"Interseção de Vias;Reta";"Sim";2;0;1;0;1;0;1;2;-25,53097949;-49,08519745;"SPRF-PR";"DEL01-PR";"UOP01-DEL01-PR"
543830;2023-08-22;"terça-feira";"06:51:00";"MG";381;529,9;"BRUMADINHO";"Condutor deixou de manter distância do veículo da frente";"Colisão traseira";"Sem Vítimas";"Pleno dia";"Decrescente";"Nevoeiro/Neblina";"Dupla";"Curva";"Não";3;0;0;0;2;1;0;3;-20,16619722;-44,36914378;"SPRF-MG";"DEL04-MG";"UOP03-DEL04-MG"
543832;2023-08-21;"segunda-feira";"17:28:00";"MG";381;576,3;"ITAGUARA";"Reação tardia ou ineficiente do condutor";"Colisão traseira";"Sem Vítimas";"Pleno dia";"Crescente";"Céu Claro";"Dupla";"Declive;Reta";"Não";2;0;0;0;2;0;0;2;-20,45920133;-44,57192846;"SPRF-MG";"DEL04-MG";"UOP01-DEL04-MG"
543840;2023-08-22;"terça-feira";"10:10:00";"RS";290;109;"ELDORADO DO SUL";"Frear bruscamente";"Tombamento";"Com Vítimas Feridas";"Pleno dia";"Crescente";"Céu Claro";"Dupla";"Reta";"Sim";2;0;1;0;0;1;1;2;-30,015047;-51,317017;"SPRF-RS";"DEL02-RS";"UOP01-DEL02-RS"
543843;2023-08-22;"terça-feira";"10:15:00";"BA";116;419;"FEIRA DE SANTANA";"Condutor deixou de manter distância do veículo da frente";"Colisão traseira";"Com Vítimas Feridas";"Pleno dia";"Decrescente";"Céu Claro";"Dupla";"Reta";"Sim";2;0;1;0;1;0;1;2;-12,194529;-38,965336;"SPRF-BA";"DEL02-BA";"UOP01-DEL02-BA"
543844;2023-08-22;"terça-feira";"10:00:00";"RO";319;62,1;"PORTO VELHO";"Frear bruscamente";"Colisão traseira";"Com Vítimas Feridas";"Pleno dia";"Crescente";"Céu Claro";"Múltipla";"Interseção de Vias;Reta";"Sim";2;0;1;0;1;0;1;2;-8,766685;-63,884052;"SPRF-RO";"DEL01-RO";"UOP01-DEL01-RO"
543847;2023-08-22;"terça-feira";"10:01:00";"MA";230;398;"BALSAS";"Falta de acostamento";"Colisão transversal";"Com Vítimas Feridas";"Pleno dia";"Decrescente";"Céu Claro";"Simples";"Reta";"Não";5;0;4;0;1;0;4;2;-7,47496903;-46,01938735;"SPRF-MA";"DEL05-MA";"UOP01-DEL05-MA"
543851;2023-08-22;"terça-feira";"12:30:00";"RS";290;723,4;"URUGUAIANA";"Reação tardia ou ineficiente do condutor";"Colisão transversal";"Com Vítimas Feridas";"Pleno dia";"Crescente";"Sol";"Simples";"Reta";"Não";2;0;1;0;1;0;1;2;-29,749682;-57,072974;"SPRF-RS";"DEL13-RS";"UOP01-DEL13-RS"
543855;2023-08-22;"terça-feira";"12:50:00";"ES";259;38;"COLATINA";"Velocidade Incompatível";"Colisão frontal";"Com Vítimas Fatais";"Pleno dia";"Decrescente";"Sol";"Simples";"Aclive;Reta";"Não";5;2;1;1;0;1;2;3;-19,55880276;-40,52027201;"SPRF-ES";"DEL02-ES";"UOP01-DEL02-ES"
543857;2023-06-03;"sábado";"18:32:00";"MS";163;483;"CAMPO GRANDE";"Retorno proibido";"Queda de ocupante de veículo";"Com Vítimas Feridas";"Anoitecer";"Crescente";"Céu Claro";"Simples";"Reta";"Não";4;0;1;0;3;0;1;4;-20,45726263;-54,54671829;"SPRF-MS";"DEL01-MS";"UOP02-DEL01-MS"
543861;2023-08-22;"terça-feira";"10:00:00";"MT";174;516;"COMODORO";"Reação tardia ou ineficiente do condutor";"Saída de leito carroçável";"Com Vítimas Feridas";"Pleno dia";"Crescente";"Céu Claro";"Simples";"Reta";"Não";3;0;1;0;1;1;1;3;-13,39807191;-59,85708368;"SPRF-MT";"DEL04-MT";"UOP02-DEL04-MT"
543866;2023-08-22;"terça-feira";"15:20:00";"MG";146;397;"GUAXUPE";"Problema com o freio";"Tombamento";"Com Vítimas Feridas";"Pleno dia";"Crescente";"Céu Claro";"Simples";"Rotatória";"Sim";1;0;1;0;0;0;1;1;-21,28937436;-46,70288086;"SPRF-MG";"DEL09-MG";"UOP01-DEL09-MG"
543874;2023-08-18;"sexta-feira";"11:00:00";"MT";163;103,8;"RONDONOPOLIS";"Objeto estático sobre o leito carroçável";"Tombamento";"Com Vítimas Feridas";"Pleno dia";"Crescente";"Sol";"Dupla";"Reta";"Não";3;0;2;0;0;1;2;2;-16,63713456;-54,69416719;"SPRF-MT";"DEL02-MT";"UOP03-DEL02-MT"
543877;2023-08-22;"terça-feira";"10:00:00";"MA";10;207,1;"RIBAMAR FIQUENE";"Falta de elemento de contenção que evite a saída do leito carroçável";"Saída de leito carroçável";"Com Vítimas Fatais";"Pleno dia";"Crescente";"Céu Claro";"Simples";"Reta";"Não";3;1;0;0;0;2;0;1;-5,906318;-47,370419;"SPRF-MA";"DEL04-MA";"UOP01-DEL04-MA"
543879;2023-08-22;"terça-feira";"14:30:00";"RS";290;88;"PORTO ALEGRE";"Condutor deixou de manter distância do veículo da frente";"Colisão traseira";"Com Vítimas Feridas";"Pleno dia";"Decrescente";"Chuva";"Múltipla";"Reta";"Sim";1;0;1;0;0;0;1;1;-29,967531;-51,137264;"SPRF-RS";"DEL01-RS";"UOP01-DEL01-RS"
543881;2023-08-22;"terça-feira";"15:15:00";"GO";70;55;"COCALZINHO DE GOIAS";"Demais falhas mecânicas ou elétricas";"Incêndio";"Sem Vítimas";"Pleno dia";"Decrescente";"Céu Claro";"Simples";"Reta";"Não";2;0;0;0;1;2;0;3;-15,75025254;-48,67232525;"SPRF-DF";"DEL03-DF";"UOP02-DEL03-DF"
543884;2023-08-22;"terça-feira";"15:30:00";"RJ";356;26,6;"ITAPERUNA";"Condutor deixou de manter distância do veículo da frente";"Colisão traseira";"Com Vítimas Feridas";"Pleno dia";"Decrescente";"Céu Claro";"Simples";"Aclive;Reta";"Não";6;0;4;0;2;0;4;2;-21,17939459;-41,95448991;"SPRF-RJ";"DEL08-RJ";"UOP03-DEL08-RJ"
543888;2023-08-22;"terça-feira";"15:10:00";"BA";110;314;"ALAGOINHAS";"Condutor Dormindo";"Saída de leito carroçável";"Com Vítimas Feridas";"Pleno dia";"Crescente";"Céu Claro";"Simples";"Curva";"Não";3;0;1;0;2;0;1;1;-12,02618331;-38,36746191;"SPRF-BA";"DEL01-BA";"UOP04-DEL01-BA"
543889;2023-08-18;"sexta-feira";"22:00:00";"PR";376;406;"TIBAGI";"Manobra de mudança de faixa";"Tombamento";"Com Vítimas Feridas";"Plena Noite";"Crescente";"Ignorado";"Dupla";"Em Obras;Desvio Temporário";"Não";2;0;1;0;0;2;1;3;-24,63926284;-50,629534;"SPRF-PR";"DEL03-PR";"UOP02-DEL03-PR"
543893;2023-08-22;"terça-feira";"15:35:00";"GO";153;529,5;"HIDROLANDIA";"Ausência de reação do condutor";"Saída de leito carroçável";"Sem Vítimas";"Pleno dia";"Decrescente";"Céu Claro";"Múltipla";"Reta";"Sim";2;0;0;0;1;1;0;2;-16,9603;-49,2384;"SPRF-GO";"DEL01-GO";"UOP03-DEL01-GO"
543895;2023-08-22;"terça-feira";"16:00:00";"RJ";493;86;"DUQUE DE CAXIAS";"Ausência de reação do condutor";"Atropelamento de Pedestre";"Com Vítimas Fatais";"Pleno dia";"Decrescente";"Céu Claro";"Múltipla";"Reta;Declive";"Não";3;1;0;0;0;2;0;2;-22,66090804;-43,3493042;"SPRF-RJ";"DEL01-RJ";"UOP03-DEL01-RJ"
543902;2023-08-22;"terça-feira";"17:30:00";"RS";386;356,6;"ESTRELA";"Reação tardia ou ineficiente do condutor";"Colisão lateral mesmo sentido";"Com Vítimas Feridas";"Pleno dia";"Crescente";"Céu Claro";"Dupla";"Curva";"Não";3;0;1;0;1;1;1;3;-29,522612;-51,935017;"SPRF-RS";"DEL04-RS";"UOP01-DEL04-RS"
543916;2023-08-22;"terça-feira";"17:40:00";"PB";230;165,8;"CAMPINA GRANDE";"Acostamento em desnível";"Tombamento";"Com Vítimas Fatais";"Anoitecer";"Crescente";"Céu Claro";"Simples";"Aclive;Em Obras";"Sim";2;1;0;0;1;0;0;2;-7,2051;-35,951;"SPRF-PB";"DEL02-PB";"UOP02-DEL02-PB"
543924;2023-08-22;"terça-feira";"17:00:00";"AM";174;900;"MANAUS";"Demais falhas mecânicas ou elétricas";"Incêndio";"Sem Vítimas";"Pleno dia";"Decrescente";"Céu Claro";"Simples";"Aclive;Reta";"Não";2;0;0;0;0;3;0;3;-2,83486603;-60,03363028;"SPRF-AM";"DEL01-AM";"UOP01-DEL01-AM"
543927;2023-08-22;"terça-feira";"18:30:00";"MT";364;595;"DIAMANTINO";"Velocidade Incompatível";"Colisão lateral mesmo sentido";"Sem Vítimas";"Plena Noite";"Decrescente";"Vento";"Simples";"Curva;Aclive";"Não";5;0;0;0;3;3;0;5;-14,55263486;-56,22588427;"SPRF-MT";"DEL01-MT";"UOP01-DEL01-MT"
543934;2023-08-22;"terça-feira";"19:50:00";"PR";277;236;"IRATI";"Manobra de mudança de faixa";"Colisão traseira";"Sem Vítimas";"Plena Noite";"Crescente";"Céu Claro";"Simples";"Reta";"Não";4;0;0;0;4;0;0;3;-25,46125468;-50,60165405;"SPRF-PR";"DEL08-PR";"UOP02-DEL08-PR"
543938;2023-08-22;"terça-feira";"17:06:00";"MG";40;40,7;"PARACATU";"Acesso irregular";"Colisão com objeto";"Sem Vítimas";"Anoitecer";"Crescente";"Céu Claro";"Simples";"Interseção de Vias";"Não";2;0;0;0;1;1;0;2;-17,21013894;-46,88089301;"SPRF-MG";"DEL14-MG";"UOP01-DEL14-MG"
543939;2023-08-22;"terça-feira";"18:00:00";"GO";153;592;"MORRINHOS";"Condutor deixou de manter distância do veículo da frente";"Colisão traseira";"Com Vítimas Feridas";"Anoitecer";"Crescente";"Céu Claro";"Dupla";"Reta";"Não";4;0;1;0;2;2;1;4;-17,4826;-49,2097;"SPRF-GO";"DEL03-GO";"UOP01-DEL03-GO"
543947;2023-08-22;"terça-feira";"20:30:00";"GO";60;426;"RIO VERDE";"Ingestão de álcool pelo condutor";"Saída de leito carroçável";"Com Vítimas Feridas";"Plena Noite";"Crescente";"Nublado";"Dupla";"Declive;Reta";"Não";2;0;1;0;0;2;1;3;-17,820292;-51,305536;"SPRF-GO";"DEL04-GO";"UOP02-DEL04-GO"
543950;2023-08-22;"terça-feira";"21:40:00";"SP";116;207;"GUARULHOS";"Ausência de reação do condutor";"Tombamento";"Com Vítimas Feridas";"Pleno dia";"Decrescente";"Nublado";"Dupla";"Reta";"Não";2;0;1;0;0;1;1;2;-23,41972188;-46,38419203;"SPRF-SP";"DEL01-SP";"UOP01-DEL01-SP"
543951;2023-08-22;"terça-feira";"18:00:00";"AC";364;128;"RIO BRANCO";"Reação tardia ou ineficiente do condutor";"Colisão lateral sentido oposto";"Com Vítimas Feridas";"Plena Noite";"Crescente";"Céu Claro";"Simples";"Curva";"Não";5;0;1;0;4;0;1;2;-10,02644375;-67,8206882;"SPRF-AC";"DEL01-AC";"UOP01-DEL01-AC"
543956;2023-08-22;"terça-feira";"22:18:00";"BA";135;187;"BARREIRAS";"Manobra de mudança de faixa";"Saída de leito carroçável";"Com Vítimas Feridas";"Plena Noite";"Crescente";"Céu Claro";"Simples";"Reta";"Não";1;0;1;0;0;0;1;1;-12,21064305;-45,0171418;"SPRF-BA";"DEL08-BA";"UOP04-DEL08-BA"
543966;2023-08-22;"terça-feira";"21:15:00";"SC";116;257;"CAPAO ALTO";"Velocidade Incompatível";"Colisão traseira";"Com Vítimas Feridas";"Plena Noite";"Decrescente";"Céu Claro";"Simples";"Aclive;Reta";"Não";3;0;1;0;1;2;1;4;-27,88918313;-50,41838408;"SPRF-SC";"DEL05-SC";"UOP02-DEL05-SC"
543972;2023-08-22;"terça-feira";"22:25:00";"MT";364;598;"DIAMANTINO";"Reação tardia ou ineficiente do condutor";"Colisão traseira";"Com Vítimas Feridas";"Plena Noite";"Decrescente";"Céu Claro";"Simples";"Curva;Declive";"Não";3;0;1;0;1;2;1;4;-14,52792676;-56,22961113;"SPRF-MT";"DEL01-MT";"UOP01-DEL01-MT"
543974;2023-08-23;"quarta-feira";"01:50:00";"SP";381;62;"MAIRIPORA";"Condutor Dormindo";"Colisão traseira";"Com Vítimas Fatais";"Plena Noite";"Decrescente";"Céu Claro";"Dupla";"Reta";"Sim";3;1;0;0;1;3;0;5;-23,29437896;-46,57254696;"SPRF-SP";"DEL03-SP";"UOP01-DEL03-SP"
543975;2023-08-23;"quarta-feira";"02:35:00";"SP";116;516;"CAJATI";"Condutor Dormindo";"Colisão traseira";"Com Vítimas Feridas";"Plena Noite";"Decrescente";"Céu Claro";"Dupla";"Curva;Declive";"Não";2;0;0;1;1;0;1;2;-24,87423036;-48,2190838;"SPRF-SP";"DEL05-SP";"UOP02-DEL05-SP"
543977;2023-08-22;"terça-feira";"07:20:00";"PI";316;61,6;"MONSENHOR GIL";"Acostamento em desnível";"Saída de leito carroçável";"Com Vítimas Feridas";"Pleno dia";"Decrescente";"Céu Claro";"Simples";"Reta";"Não";2;0;1;0;0;1;1;2;-5,58402402;-42,61489907;"SPRF-PI";"DEL01-PI";"UOP02-DEL01-PI"
543980;2023-08-22;"terça-feira";"21:00:00";"MA";226;248,2;"TUNTUM";"Ausência de reação do condutor";"Saída de leito carroçável";"Com Vítimas Feridas";"Plena Noite";"Crescente";"Nublado";"Simples";"Reta";"Não";2;0;0;1;0;1;1;2;-5,41129098;-44,851784;"SPRF-MA";"DEL06-MA";"UOP01-DEL06-MA"
543983;2023-08-22;"terça-feira";"20:13:00";"RS";116;106,8;"SAO MARCOS";"Transitar na contramão";"Colisão transversal";"Com Vítimas Feridas";"Plena Noite";"Crescente";"Céu Claro";"Simples";"Reta";"Não";6;0;1;1;1;3;2;4;-28,91069987;-51,11544728;"SPRF-RS";"DEL05-RS";"UOP01-DEL05-RS"
543984;2023-08-23;"quarta-feira";"04:30:00";"SP";116;371;"MIRACATU";"Condutor Dormindo";"Colisão traseira";"Com Vítimas Feridas";"Plena Noite";"Decrescente";"Nublado";"Dupla";"Reta";"Não";3;0;2;0;1;0;2;2;-24,16456447;-47,33183742;"SPRF-SP";"DEL04-SP";"UOP02-DEL04-SP"
543986;2023-08-22;"terça-feira";"23:00:00";"SC";101;144,8;"ITAPEMA";"Manobra de mudança de faixa";"Capotamento";"Com Vítimas Feridas";"Plena Noite";"Decrescente";"Nublado";"Múltipla";"Aclive;Reta";"Sim";7;0;4;0;2;3;4;5;-27,07107774;-48,59557629;"SPRF-SC";"DEL04-SC";"UOP03-DEL04-SC"
543988;2023-08-22;"terça-feira";"17:08:00";"BA";242;292;"LAJEDINHO";"Velocidade Incompatível";"Tombamento";"Com Vítimas Feridas";"Anoitecer";"Decrescente";"Céu Claro";"Simples";"Declive;Reta";"Não";3;0;0;2;0;1;2;2;-12,4430846;-40,82521228;"SPRF-BA";"DEL06-BA";"UOP02-DEL06-BA"
543993;2023-08-23;"quarta-feira";"03:00:00";"RJ";40;94;"DUQUE DE CAXIAS";"Reação tardia ou ineficiente do condutor";"Tombamento";"Com Vítimas Feridas";"Plena Noite";"Crescente";"Céu Claro";"Simples";"Curva;Declive";"Não";1;0;1;0;0;0;1;1;-22,55763285;-43,26574352;"SPRF-RJ";"DEL01-RJ";"UOP01-DEL01-RJ"