"id";"data_inversa";"dia_semana";"horario";"uf";"br";"km";"municipio";"causa_acidente";"tipo_acidente";"classificacao_acidente";"fase_dia";"sentido_via";"condicao_metereologica";"tipo_pista";"tracado_via";"uso_solo";"pessoas";"mortos";"feridos_leves";"feridos_graves";"ilesos";"ignorados";"feridos";"veiculos";"latitude";"longitude";"regional";"delegacia";"uop"
543994;2023-08-22;"terça-feira";"20:20:00";"RJ";40;116;"DUQUE DE CAXIAS";"Condutor deixou de manter distância do veículo da frente";"Colisão traseira";"Com Vítimas Feridas";"Plena Noite";"Crescente";"Céu Claro";"Múltipla";"Reta";"Não";2;0;0;1;0;1;1;2;-22,73662299;-43,28858785;"SPRF-RJ";"DEL01-RJ";"UOP01-DEL01-RJ"
543995;2023-08-23;"quarta-feira";"07:32:00";"SP";116;144,6;"SAO JOSE DOS CAMPOS";"Ultrapassagem Indevida";"Colisão lateral mesmo sentido";"Com Vítimas Feridas";"Pleno dia";"Crescente";"Céu Claro";"Dupla";"Aclive";"Sim";2;0;1;0;1;0;1;2;-23,18274416;-45,84633592;"SPRF-SP";"DEL02-SP";"UOP01-DEL02-SP"
543996;2023-08-23;"quarta-feira";"07:50:00";"GO";60;97,2;"ANAPOLIS";"Desrespeitar a preferência no cruzamento";"Colisão lateral sentido oposto";"Com Vítimas Feridas";"Pleno dia";"Crescente";"Céu Claro";"Múltipla";"Interseção de Vias;Reta";"Sim";2;0;1;0;1;0;1;2;-16,379283;-48,95098;"SPRF-GO";"DEL02-GO";"UOP01-DEL02-GO"
544002;2023-08-23;"quarta-feira";"06:50:00";"PR";376;218;"JANDAIA DO SUL";"Velocidade Incompatível";"Colisão transversal";"Com Vítimas Feridas";"Pleno dia";"Decrescente";"Céu Claro";"Simples";"Em Obras;Retorno Regulamentado;Interseção de Vias;Reta";"Sim";2;0;0;1;1;0;1;2;-23,59717604;-51,615043;"SPRF-PR";"DEL09-PR";"UOP01-DEL09-PR"
544011;2023-08-23;"quarta-feira";"09:00:00";"MS";163;844;"SONORA";"Ausência de reação do condutor";"Saída de leito carroçável";"Sem Vítimas";"Pleno dia";"Decrescente";"Sol";"Dupla";"Reta";"Não";2;0;0;0;1;1;0;2;-17,536986;-54,74086403;"SPRF-MS";"DEL06-MS";"UOP01-DEL06-MS"
544013;2023-08-23;"quarta-feira";"08:30:00";"ES";101;288,5;"CARIACICA";"Manobra de mudança de faixa";"Colisão lateral mesmo sentido";"Sem Vítimas";"Pleno dia";"Decrescente";"Céu Claro";"Dupla";"Reta";"Sim";4;0;0;0;3;1;0;3;-20,27160351;-40,39091743;"SPRF-ES";"DEL01-ES";"UOP01-DEL01-ES"
544014;2023-08-23;"quarta-feira";"08:40:00";"TO";153;163;"ARAGUAINA";"Reação tardia ou ineficiente do condutor";"Engavetamento";"Com Vítimas Feridas";"Pleno dia";"Decrescente";"Céu Claro";"Simples";"Reta";"Não";5;0;2;0;2;3;2;6;-7,34312206;-48,32116893;"SPRF-TO";"DEL02-TO";"UOP01-DEL02-TO"
544015;2023-08-23;"quarta-feira";"10:00:00";"BA";101;723,4;"EUNAPOLIS";"Velocidade Incompatível";"Colisão lateral sentido oposto";"Com Vítimas Feridas";"Pleno dia";"Crescente";"Sol";"Simples";"Curva";"Não";3;0;0;1;1;3;1;5;-16,41369195;-39,58648682;"SPRF-BA";"DEL09-BA";"UOP01-DEL09-BA"
544020;2023-08-23;"quarta-feira";"09:50:00";"SC";101;2,3;"GARUVA";"Manobra de mudança de faixa";"Colisão lateral mesmo sentido";"Com Vítimas Feridas";"Pleno dia";"Crescente";"Sol";"Dupla";"Reta";"Sim";2;0;1;0;0;1;1;2;-25,99699834;-48,87891655;"SPRF-SC";"DEL03-SC";"UOP01-DEL03-SC"
544027;2023-08-08;"terça-feira";"18:10:00";"SP";116;546;"BARRA DO TURVO";"Reação tardia ou ineficiente do condutor";"Colisão com objeto";"Sem Vítimas";"Anoitecer";"Crescente";"Chuva";"Dupla";"Curva";"Não";6;0;0;0;5;3;0;8;-24,9470862;-48,43042095;"SPRF-SP";"DEL05-SP";"UOP02-DEL05-SP"
544033;2023-08-23;"quarta-feira";"10:40:00";"SP";116;228;"SAO PAULO";"Reação tardia ou ineficiente do condutor";"Colisão lateral mesmo sentido";"Com Vítimas Feridas";"Pleno dia";"Crescente";"Céu Claro";"Múltipla";"Reta";"Sim";4;0;0;1;3;0;1;2;-23,50343484;-46,56638712;"SPRF-SP";"DEL01-SP";"UOP01-DEL01-SP"
544034;2023-08-23;"quarta-feira";"12:20:00";"PR";277;564,5;"CASCAVEL";"Transitar na contramão";"Colisão frontal";"Com Vítimas Fatais";"Pleno dia";"Decrescente";"Céu Claro";"Simples";"Aclive;Reta";"Não";3;1;1;0;0;1;1;3;-25,04535879;-53,24700247;"SPRF-PR";"DEL04-PR";"UOP04-DEL04-PR"
544035;2023-08-23;"quarta-feira";"11:55:00";"SC";280;22,4;"ARAQUARI";"Acessar a via sem observar a presença dos outros veículos";"Colisão transversal";"Com Vítimas Feridas";"Pleno dia";"Crescente";"Céu Claro";"Simples";"Reta";"Sim";3;0;1;0;1;2;1;4;-26,37092616;-48,70204099;"SPRF-SC";"DEL03-SC";"UOP03-DEL03-SC"
544039;2023-08-05;"sábado";"18:10:00";"SC";282;312,3;"VARGEM";"Velocidade Incompatível";"Colisão frontal";"Com Vítimas Fatais";"Plena Noite";"Crescente";"Céu Claro";"Simples";"Curva";"Não";6;2;0;2;1;1;2;3;-27,4597928;-50,9898705;"SPRF-SC";"DEL07-SC";"UOP06-DEL07-SC"
544045;2023-08-23;"quarta-feira";"09:00:00";"MA";222;444;"SANTA LUZIA";"Demais falhas mecânicas ou elétricas";"Colisão frontal";"Com Vítimas Feridas";"Pleno dia";"Decrescente";"Céu Claro";"Simples";"Curva;Declive";"Sim";6;0;3;0;2;1;3;3;-4,07737348;-45,93760274;"SPRF-MA";"DEL02-MA";"UOP01-DEL02-MA"
544047;2023-08-23;"quarta-feira";"08:50:00";"MA";135;93;"ITAPECURU MIRIM";"Reação tardia ou ineficiente do condutor";"Colisão traseira";"Com Vítimas Feridas";"Pleno dia";"Decrescente";"Céu Claro";"Simples";"Reta;Em Obras";"Não";5;0;1;0;3;7;1;11;-3,31440313;-44,43044386;"SPRF-MA";"DEL01-MA";"UOP02-DEL01-MA"
544048;2023-08-23;"quarta-feira";"13:05:00";"RJ";116;196;"QUEIMADOS";"Reação tardia ou ineficiente do condutor";"Colisão frontal";"Com Vítimas Feridas";"Pleno dia";"Decrescente";"Céu Claro";"Dupla";"Reta";"Não";3;0;1;0;1;1;1;3;-22,73336575;-43,55659479;"SPRF-RJ";"DEL01-RJ";"UOP02-DEL01-RJ"
544050;2023-08-23;"quarta-feira";"13:00:00";"PR";376;216,5;"JANDAIA DO SUL";"Ausência de reação do condutor";"Colisão traseira";"Com Vítimas Feridas";"Pleno dia";"Crescente";"Céu Claro";"Simples";"Reta;Em Obras";"Sim";3;0;1;0;1;1;1;3;-23,59767281;-51,63339596;"SPRF-PR";"DEL09-PR";"UOP01-DEL09-PR"
544052;2023-08-23;"quarta-feira";"13:30:00";"MG";381;924,4;"ITAPEVA";"Velocidade Incompatível";"Tombamento";"Com Vítimas Feridas";"Pleno dia";"Decrescente";"Céu Claro";"Dupla";"Curva";"Não";2;0;1;0;0;1;1;2;-22,77050246;-46,23490598;"SPRF-MG";"DEL16-MG";"UOP03-DEL16-MG"
544053;2023-08-23;"quarta-feira";"13:30:00";"RJ";116;128;"MAGE";"Demais falhas mecânicas ou elétricas";"Saída de leito carroçável";"Com Vítimas Fatais";"Pleno dia";"Crescente";"Céu Claro";"Dupla";"Aclive;Reta";"Sim";3;1;1;0;1;0;1;1;-22,6657139;-43,10092001;"SPRF-RJ";"DEL04-RJ";"UOP02-DEL04-RJ"
544062;2023-08-23;"quarta-feira";"14:40:00";"SC";101;163;"TIJUCAS";"Condutor deixou de manter distância do veículo da frente";"Colisão lateral mesmo sentido";"Sem Vítimas";"Pleno dia";"Decrescente";"Céu Claro";"Dupla";"Reta";"Sim";3;0;0;0;2;1;0;3;-27,23830651;-48,6304611;"SPRF-SC";"DEL04-SC";"UOP03-DEL04-SC"
544065;2023-08-23;"quarta-feira";"15:40:00";"AL";316;242,8;"ATALAIA";"Carga excessiva e/ou mal acondicionada";"Tombamento";"Com Vítimas Feridas";"Pleno dia";"Decrescente";"Céu Claro";"Simples";"Curva;Declive";"Sim";2;0;1;0;0;2;1;3;-9,50727405;-36,02113501;"SPRF-AL";"DEL01-AL";"UOP01-DEL01-AL"
544068;2023-08-23;"quarta-feira";"15:50:00";"RS";290;28,7;"SANTO ANTONIO DA PATRULHA";"Demais falhas mecânicas ou elétricas";"Tombamento";"Com Vítimas Feridas";"Pleno dia";"Crescente";"Chuva";"Dupla";"Reta";"Não";3;0;3;0;0;0;3;1;-29,882647;-50,534782;"SPRF-RS";"DEL03-RS";"UOP01-DEL03-RS"
544070;2023-08-23;"quarta-feira";"14:50:00";"SP";116;499;"CAJATI";"Reação tardia ou ineficiente do condutor";"Tombamento";"Com Vítimas Feridas";"Pleno dia";"Crescente";"Céu Claro";"Múltipla";"Curva";"Não";2;0;1;0;0;1;1;2;-24,78228753;-48,17695233;"SPRF-SP";"DEL05-SP";"UOP02-DEL05-SP"
544073;2023-08-23;"quarta-feira";"14:40:00";"BA";101;253;"SANTO ANTONIO DE JESUS";"Ultrapassagem Indevida";"Colisão frontal";"Com Vítimas Feridas";"Pleno dia";"Decrescente";"Céu Claro";"Simples";"Reta";"Não";5;0;2;0;2;1;2;5;-13,00688191;-39,29414184;"SPRF-BA";"DEL01-BA";"UOP02-DEL01-BA"
544080;2023-08-23;"quarta-feira";"15:45:00";"PR";277;359;"GUARAPUAVA";"Reação tardia ou ineficiente do condutor";"Colisão frontal";"Com Vítimas Feridas";"Pleno dia";"Crescente";"Céu Claro";"Simples";"Aclive;Reta";"Não";2;0;1;0;1;0;1;2;-25,40880193;-51,55549308;"SPRF-PR";"DEL08-PR";"UOP01-DEL08-PR"
544086;2023-08-23;"quarta-feira";"16:20:00";"MG";267;293,8;"BAEPENDI";"Ingestão de álcool pelo condutor";"Colisão com objeto";"Com Vítimas Feridas";"Pleno dia";"Crescente";"Sol";"Simples";"Declive;Reta";"Não";1;0;1;0;0;0;1;1;-21,93120403;-44,83482299;"SPRF-MG";"DEL17-MG";"UOP01-DEL17-MG"
544089;2023-08-23;"quarta-feira";"15:00:00";"MT";364;572;"NOBRES";"Carga excessiva e/ou mal acondicionada";"Incêndio";"Sem Vítimas";"Pleno dia";"Decrescente";"Céu Claro";"Dupla";"Reta";"Não";2;0;0;0;1;1;0;2;-14,71561176;-56,32266963;"SPRF-MT";"DEL01-MT";"UOP01-DEL01-MT"
544104;2023-08-23;"quarta-feira";"17:00:00";"RS";116;268;"CANOAS";"Acesso irregular";"Colisão com objeto";"Sem Vítimas";"Anoitecer";"Decrescente";"Chuva";"Múltipla";"Reta";"Sim";1;0;0;0;1;0;0;1;-29,95042502;-51,17652939;"SPRF-RS";"DEL01-RS";"UOP01-DEL01-RS"
544117;2023-08-23;"quarta-feira";"20:30:00";"PR";153;488;"GENERAL CARNEIRO";"Demais falhas mecânicas ou elétricas";"Incêndio";"Sem Vítimas";"Plena Noite";"Crescente";"Céu Claro";"Simples";"Curva";"Não";2;0;0;0;1;1;0;2;-26,40423;-51,28945;"SPRF-PR";"DEL02-PR";"UOP03-DEL02-PR"
544119;2023-08-23;"quarta-feira";"20:45:00";"PR";376;306;"MAUA DA SERRA";"Reação tardia ou ineficiente do condutor";"Saída de leito carroçável";"Sem Vítimas";"Plena Noite";"Decrescente";"Céu Claro";"Simples";"Curva";"Não";1;0;0;0;1;0;0;1;-23,94019304;-51,12095118;"SPRF-PR";"DEL07-PR";"UOP02-DEL07-PR"
544120;2023-08-23;"quarta-feira";"16:45:00";"BA";116;718;"MANOEL VITORINO";"Avarias e/ou desgaste excessivo no pneu";"Colisão frontal";"Com Vítimas Fatais";"Pleno dia";"Decrescente";"Sol";"Simples";"Declive";"Não";5;2;0;1;1;1;1;3;-14,18092791;-40,26183522;"SPRF-BA";"DEL08-BA";"UOP02-DEL08-BA"
544121;2023-08-23;"quarta-feira";"21:30:00";"PR";376;672;"GUARATUBA";"Demais falhas mecânicas ou elétricas";"Incêndio";"Sem Vítimas";"Plena Noite";"Decrescente";"Céu Claro";"Dupla";"Reta";"Não";2;0;0;0;1;1;0;2;-25,89358488;-48,93146782;"SPRF-PR";"DEL01-PR";"UOP04-DEL01-PR"
544123;2023-08-03;"quinta-feira";"23:30:00";"PR";116;13,5;"COLOMBO";"Reação tardia ou ineficiente do condutor";"Colisão traseira";"Sem Vítimas";"Plena Noite";"Crescente";"Céu Claro";"Dupla";"Reta";"Sim";2;0;0;0;2;0;0;2;-25,37821009;-49,15607214;"SPRF-PR";"DEL01-PR";"UOP02-DEL01-PR"
544133;2023-08-23;"quarta-feira";"20:00:00";"MT";70;73;"GENERAL CARNEIRO";"Acostamento em desnível";"Tombamento";"Com Vítimas Feridas";"Plena Noite";"Decrescente";"Céu Claro";"Simples";"Reta";"Não";2;0;1;0;0;1;1;2;-15,67421693;-52,81408803;"SPRF-MT";"DEL07-MT";"UOP01-DEL07-MT"
544136;2023-08-23;"quarta-feira";"21:20:00";"MG";116;701,7;"MURIAE";"Conversão proibida";"Colisão transversal";"Com Vítimas Fatais";"Plena Noite";"Crescente";"Céu Claro";"Simples";"Interseção de Vias;Reta";"Sim";3;1;0;0;1;1;0;3;-21,11977159;-42,38006744;"SPRF-MG";"DEL07-MG";"UOP02-DEL07-MG"
544139;2023-08-23;"quarta-feira";"15:50:00";"RS";285;131,6;"VACARIA";"Reação tardia ou ineficiente do condutor";"Tombamento";"Com Vítimas Feridas";"Pleno dia";"Crescente";"Céu Claro";"Simples";"Curva";"Não";2;0;1;0;0;2;1;3;-28,43982074;-50,99718332;"SPRF-RS";"DEL05-RS";"UOP03-DEL05-RS"
544143;2023-08-24;"quinta-feira";"00:10:00";"PR";376;511;"PONTA GROSSA";"Reação tardia ou ineficiente do condutor";"Colisão traseira";"Com Vítimas Feridas";"Plena Noite";"Decrescente";"Céu Claro";"Dupla";"Aclive";"Não";3;0;1;0;1;3;1;5;-25,23931608;-50,03578708;"SPRF-PR";"DEL03-PR";"UOP04-DEL03-PR"
544144;2023-08-23;"quarta-feira";"23:50:00";"SP";116;489;"CAJATI";"Demais falhas mecânicas ou elétricas";"Incêndio";"Sem Vítimas";"Plena Noite";"Crescente";"Céu Claro";"Dupla";"Reta";"Sim";2;0;0;0;1;1;0;2;-24,73034183;-48,10760707;"SPRF-SP";"DEL05-SP";"UOP01-DEL05-SP"
544148;2023-08-23;"quarta-feira";"23:40:00";"PR";163;280;"QUATRO PONTES";"Ultrapassagem Indevida";"Colisão lateral sentido oposto";"Com Vítimas Feridas";"Plena Noite";"Crescente";"Céu Claro";"Simples";"Reta";"Não";3;0;1;0;1;1;1;3;-24,57085522;-53,99986267;"SPRF-PR";"DEL06-PR";"UOP02-DEL06-PR"
544150;2023-08-23;"quarta-feira";"23:00:00";"MG";381;719;"CARMO DA CACHOEIRA";"Reação tardia ou ineficiente do condutor";"Tombamento";"Com Vítimas Feridas";"Plena Noite";"Crescente";"Céu Claro";"Dupla";"Curva;Declive";"Não";2;0;1;0;0;1;1;2;-21,45321803;-45,21174621;"SPRF-MG";"DEL04-MG";"UOP02-DEL04-MG"
544151;2023-08-23;"quarta-feira";"20:30:00";"MA";226;377;"GRAJAU";"Transitar na contramão";"Colisão lateral sentido oposto";"Com Vítimas Fatais";"Plena Noite";"Decrescente";"Céu Claro";"Simples";"Reta";"Não";4;1;0;0;2;2;0;5;-5,64800615;-45,81949493;"SPRF-MA";"DEL06-MA";"UOP01-DEL06-MA"
544153;2023-08-23;"quarta-feira";"22:00:00";"SP";381;81;"SAO PAULO";"Pedestre andava na pista";"Atropelamento de Pedestre";"Com Vítimas Fatais";"Plena Noite";"Crescente";"Céu Claro";"Dupla";"Reta";"Não";2;1;0;0;1;0;0;2;-23,41704481;-46,58022057;"SPRF-SP";"DEL03-SP";"UOP01-DEL03-SP"
544155;2023-08-24;"quinta-feira";"01:00:00";"MT";158;679;"BARRA DO GARCAS";"Ingestão de álcool pelo condutor";"Colisão lateral sentido oposto";"Com Vítimas Feridas";"Plena Noite";"Crescente";"Céu Claro";"Simples";"Reta";"Não";3;0;1;0;1;2;1;4;-14,8786471;-52,28427238;"SPRF-MT";"DEL07-MT";"UOP01-DEL07-MT"
544156;2023-08-24;"quinta-feira";"01:45:00";"PR";376;512;"PONTA GROSSA";"Ausência de sinalização";"Colisão traseira";"Com Vítimas Feridas";"Plena Noite";"Decrescente";"Céu Claro";"Dupla";"Aclive;Reta";"Sim";3;0;1;0;1;2;1;4;-25,25986852;-49,98092888;"SPRF-PR";"DEL03-PR";"UOP04-DEL03-PR"
544159;2023-08-24;"quinta-feira";"04:40:00";"SC";101;10;"GARUVA";"Reação tardia ou ineficiente do condutor";"Colisão traseira";"Com Vítimas Feridas";"Plena Noite";"Decrescente";"Céu Claro";"Dupla";"Reta";"Não";4;0;1;1;1;3;2;5;-26,063011;-48,86020605;"SPRF-SC";"DEL03-SC";"UOP01-DEL03-SC"
544160;2023-08-24;"quinta-feira";"04:15:00";"MG";364;30,5;"FRUTAL";"Ausência de reação do condutor";"Colisão traseira";"Com Vítimas Fatais";"Amanhecer";"Crescente";"Céu Claro";"Simples";"Reta";"Sim";2;1;0;0;1;0;0;2;-20,013289;-48,920025;"SPRF-MG";"DEL13-MG";"UOP02-DEL13-MG"
544163;2023-08-24;"quinta-feira";"05:45:00";"MG";153;132,8;"PRATA";"Demais falhas mecânicas ou elétricas";"Colisão frontal";"Com Vítimas Fatais";"Amanhecer";"Crescente";"Céu Claro";"Simples";"Aclive";"Não";3;1;0;0;1;3;0;5;-19,507987;-48,845703;"SPRF-MG";"DEL15-MG";"UOP03-DEL15-MG"
544168;2023-08-24;"quinta-feira";"06:00:00";"RJ";40;117;"DUQUE DE CAXIAS";"Condutor deixou de manter distância do veículo da frente";"Colisão traseira";"Com Vítimas Feridas";"Pleno dia";"Crescente";"Céu Claro";"Múltipla";"Reta";"Sim";2;0;1;0;1;0;1;2;-22,7495914;-43,2877357;"SPRF-RJ";"DEL01-RJ";"UOP01-DEL01-RJ"
544170;2023-08-24;"quinta-feira";"05:15:00";"ES";101;366;"ANCHIETA";"Velocidade Incompatível";"Colisão com objeto";"Com Vítimas Feridas";"Amanhecer";"Crescente";"Céu Claro";"Simples";"Curva";"Não";2;0;0;1;0;1;1;2;-20,73590976;-40,7597842;"SPRF-ES";"DEL03-ES";"UOP01-DEL03-ES"
544176;2023-08-24;"quinta-feira";"06:30:00";"SC";101;178;"BIGUACU";"Carga excessiva e/ou mal acondicionada";"Colisão com objeto";"Com Vítimas Feridas";"Pleno dia";"Decrescente";"Nublado";"Dupla";"Reta";"Sim";4;0;1;0;2;1;1;4;-27,36408098;-48,63391212;"SPRF-SC";"DEL01-SC";"UOP01-DEL01-SC"
544182;2023-08-24;"quinta-feira";"06:06:00";"MG";381;683,7;"RIBEIRAO VERMELHO";"Problema com o freio";"Incêndio";"Sem Vítimas";"Amanhecer";"Decrescente";"Céu Claro";"Dupla";"Reta";"Não";2;0;0;0;1;1;0;2;-21,17656293;-45,12506072;"SPRF-MG";"DEL04-MG";"UOP02-DEL04-MG"
544187;2023-08-24;"quinta-feira";"07:30:00";"RN";405;1;"MOSSORO";"Condutor deixou de manter distância do veículo da frente";"Colisão traseira";"Com Vítimas Feridas";"Pleno dia";"Decrescente";"Céu Claro";"Dupla";"Reta";"Não";2;0;1;0;1;0;1;2;-5,19170196;-37,361471;"SPRF-RN";"DEL04-RN";"UOP02-DEL04-RN"
544190;2023-08-11;"sexta-feira";"15:20:00";"BA";242;180;"RAFAEL JAMBEIRO";"Condutor deixou de manter distância do veículo da frente";"Colisão traseira";"Com Vítimas Feridas";"Pleno dia";"Decrescente";"Céu Claro";"Simples";"Reta";"Não";3;0;1;0;1;4;1;6;-12,49693067;-39,84094006;"SPRF-BA";"DEL06-BA";"UOP02-DEL06-BA"
544191;2023-08-24;"quinta-feira";"07:20:00";"PR";376;657;"TIJUCAS DO SUL";"Demais falhas mecânicas ou elétricas";"Incêndio";"Com Vítimas Feridas";"Pleno dia";"Crescente";"Céu Claro";"Dupla";"Reta";"Não";2;0;1;0;0;7;1;8;-25,85232468;-49,03032776;"SPRF-PR";"DEL01-PR";"UOP04-DEL01-PR"
544192;2023-08-24;"quinta-feira";"07:35:00";"MG";381;929,8;"ITAPEVA";"Velocidade Incompatível";"Tombamento";"Com Vítimas Feridas";"Pleno dia";"Crescente";"Céu Claro";"Dupla";"Curva;Declive";"Não";3;0;0;2;0;1;2;2;-22,77089307;-46,23560082;"SPRF-MG";"DEL16-MG";"UOP03-DEL16-MG"
544193;2023-08-24;"quinta-feira";"08:25:00";"SP";116;320;"JUQUITIBA";"Manobra de mudança de faixa";"Colisão lateral mesmo sentido";"Sem Vítimas";"Pleno dia";"Decrescente";"Céu Claro";"Dupla";"Reta";"Não";5;0;0;0;4;1;0;3;-23,93226;-47,00835;"SPRF-SP";"DEL04-SP";"UOP03-DEL04-SP"
544199;2023-08-24;"quinta-feira";"08:10:00";"RS";158;87,1;"BOA VISTA DAS MISSOES";"Transitar na contramão";"Colisão frontal";"Com Vítimas Feridas";"Pleno dia";"Crescente";"Nublado";"Simples";"Aclive;Reta";"Não";2;0;0;1;1;0;1;2;-27,79327998;-53,3340397;"SPRF-RS";"DEL08-RS";"UOP02-DEL08-RS"
544202;2023-08-12;"sábado";"09:40:00";"SC";282;206,6;"LAGES";"Acessar a via sem observar a presença dos outros veículos";"Colisão frontal";"Com Vítimas Fatais";"Pleno dia";"Crescente";"Chuva";"Simples";"Reta";"Não";3;1;0;0;1;1;0;3;-27,77292131;-50,19782066;"SPRF-SC";"DEL05-SC";"UOP01-DEL05-SC"
544203;2023-05-16;"terça-feira";"23:00:00";"GO";60;117;"TEREZOPOLIS DE GOIAS";"Avarias e/ou desgaste excessivo no pneu";"Colisão lateral mesmo sentido";"Com Vítimas Feridas";"Plena Noite";"Crescente";"Céu Claro";"Dupla";"Reta";"Não";4;0;3;0;1;0;3;2;-16,4789;-49,0864;"SPRF-GO";"DEL01-GO";"UOP01-DEL01-GO"
544212;2023-08-24;"quinta-feira";"07:47:00";"AL";316;239,9;"ATALAIA";"Reação tardia ou ineficiente do condutor";"Colisão com objeto";"Com Vítimas Feridas";"Pleno dia";"Crescente";"Céu Claro";"Simples";"Curva";"Sim";2;0;0;1;1;0;1;2;-9,50625459;-36,04053891;"SPRF-AL";"DEL01-AL";"UOP01-DEL01-AL"
544213;2023-08-24;"quinta-feira";"09:45:00";"MG";262;72,2;"MATIPO";"Acessar a via sem observar a presença dos outros veículos";"Colisão transversal";"Com Vítimas Fatais";"Pleno dia";"Crescente";"Céu Claro";"Simples";"Reta";"Não";2;1;0;0;1;0;0;2;-20,31052475;-42,31517791;"SPRF-MG";"DEL06-MG";"UOP03-DEL06-MG"
544217;2023-08-24;"quinta-feira";"06:00:00";"MG";116;499;"INHAPIM";"Reação tardia ou ineficiente do condutor";"Colisão com objeto";"Com Vítimas Feridas";"Pleno dia";"Decrescente";"Céu Claro";"Simples";"Reta";"Sim";1;0;1;0;0;0;1;1;-19,55247801;-42,12429712;"SPRF-MG";"DEL06-MG";"UOP02-DEL06-MG"
544222;2023-08-24;"quinta-feira";"09:30:00";"RJ";356;83;"ITALVA";"Ultrapassagem Indevida";"Colisão transversal";"Com Vítimas Feridas";"Pleno dia";"Decrescente";"Céu Claro";"Simples";"Reta";"Não";2;0;1;0;1;0;1;2;-21,47656091;-41,66549039;"SPRF-RJ";"DEL08-RJ";"UOP03-DEL08-RJ"
544225;2023-08-24;"quinta-feira";"04:00:00";"MS";158;165,2;"APARECIDA DO TABOADO";"Demais falhas mecânicas ou elétricas";"Incêndio";"Sem Vítimas";"Plena Noite";"Decrescente";"Céu Claro";"Simples";"Reta";"Não";2;0;0;0;1;2;0;3;-20,20109955;-51,25312702;"SPRF-MS";"DEL08-MS";"UOP01-DEL08-MS"
544227;2023-08-24;"quinta-feira";"10:30:00";"PR";376;137,3;"NOVA ESPERANCA";"Ausência de reação do condutor";"Saída de leito carroçável";"Com Vítimas Feridas";"Pleno dia";"Decrescente";"Sol";"Dupla";"Reta";"Não";1;0;1;0;0;0;1;1;-23,21115395;-52,19115794;"SPRF-PR";"DEL09-PR";"UOP02-DEL09-PR"
544228;2023-08-24;"quinta-feira";"10:52:00";"RJ";101;333;"RIO DE JANEIRO";"Demais falhas mecânicas ou elétricas";"Tombamento";"Com Vítimas Feridas";"Pleno dia";"Crescente";"Céu Claro";"Dupla";"Reta";"Sim";3;0;1;0;2;0;1;3;-22,87827816;-43,21053578;"SPRF-RJ";"DEL02-RJ";"UOP01-DEL02-RJ"
544231;2023-08-24;"quinta-feira";"10:15:00";"PR";277;336;"GUARAPUAVA";"Reação tardia ou ineficiente do condutor";"Colisão lateral mesmo sentido";"Sem Vítimas";"Pleno dia";"Decrescente";"Céu Claro";"Dupla";"Aclive;Reta";"Não";2;0;0;0;1;1;0;2;-25,36058272;-51,35210476;"SPRF-PR";"DEL08-PR";"UOP01-DEL08-PR"
544233;2023-08-09;"quarta-feira";"08:00:00";"MT";70;76;"GENERAL CARNEIRO";"Ausência de reação do condutor";"Tombamento";"Sem Vítimas";"Pleno dia";"Decrescente";"Céu Claro";"Simples";"Aclive;Reta";"Não";2;0;0;0;1;3;0;4;-15,67421693;-52,81408803;"SPRF-MT";"DEL07-MT";"UOP01-DEL07-MT"
544234;2023-08-24;"quinta-feira";"11:40:00";"SC";101;118,4;"ITAJAI";"Trafegar com motocicleta (ou similar) entre as faixas";"Colisão lateral mesmo sentido";"Com Vítimas Feridas";"Pleno dia";"Decrescente";"Céu Claro";"Múltipla";"Reta";"Sim";3;0;0;1;1;1;1;3;-26,9043179;-48,71555481;"SPRF-SC";"DEL04-SC";"UOP04-DEL04-SC"
544236;2023-08-24;"quinta-feira";"09:30:00";"SC";101;344;"TUBARAO";"Ausência de reação do condutor";"Colisão com objeto";"Com Vítimas Feridas";"Pleno dia";"Crescente";"Chuva";"Múltipla";"Reta";"Não";4;0;1;0;2;1;1;2;-28,554061;-49,054474;"SPRF-SC";"DEL02-SC";"UOP01-DEL02-SC"
544246;2023-08-24;"quinta-feira";"10:00:00";"MT";163;604;"NOVA MUTUM";"Desrespeitar a preferência no cruzamento";"Colisão transversal";"Com Vítimas Feridas";"Pleno dia";"Crescente";"Céu Claro";"Simples";"Reta;Retorno Regulamentado";"Sim";5;0;2;0;2;2;2;5;-13,76706386;-56,05567932;"SPRF-MT";"DEL01-MT";"UOP01-DEL01-MT"
544249;2023-08-24;"quinta-feira";"13:30:00";"MG";50;58;"UBERLANDIA";"Reação tardia ou ineficiente do condutor";"Tombamento";"Com Vítimas Feridas";"Pleno dia";"Crescente";"Céu Claro";"Dupla";"Aclive;Reta";"Não";2;0;1;0;0;1;1;2;-18,79408225;-48,23421867;"SPRF-MG";"DEL15-MG";"UOP02-DEL15-MG"
544250;2023-08-18;"sexta-feira";"17:00:00";"SP";381;48;"ATIBAIA";"Reação tardia ou ineficiente do condutor";"Engavetamento";"Com Vítimas Feridas";"Pleno dia";"Decrescente";"Céu Claro";"Múltipla";"Reta";"Sim";6;0;2;0;4;0;2;4;-23,19720018;-46,58736556;"SPRF-SP";"DEL03-SP";"UOP01-DEL03-SP"
544251;2023-08-24;"quinta-feira";"12:00:00";"SC";101;71,4;"ARAQUARI";"Manobra de mudança de faixa";"Colisão com objeto";"Com Vítimas Feridas";"Pleno dia";"Crescente";"Nublado";"Dupla";"Reta";"Não";3;0;1;0;1;1;1;3;-26,52503436;-48,71608257;"SPRF-SC";"DEL03-SC";"UOP02-DEL03-SC"