"id";"data_inversa";"dia_semana";"horario";"uf";"br";"km";"municipio";"causa_acidente";"tipo_acidente";"classificacao_acidente";"fase_dia";"sentido_via";"condicao_metereologica";"tipo_pista";"tracado_via";"uso_solo";"pessoas";"mortos";"feridos_leves";"feridos_graves";"ilesos";"ignorados";"feridos";"veiculos";"latitude";"longitude";"regional";"delegacia";"uop"
544252;2023-08-24;"quinta-feira";"13:00:00";"BA";415;47;"ITABUNA";"Transitar no Acostamento";"Colisão lateral mesmo sentido";"Com Vítimas Fatais";"Pleno dia";"Decrescente";"Céu Claro";"Simples";"Reta";"Sim";3;1;0;1;1;0;1;2;-14,8173536;-39,30106223;"SPRF-BA";"DEL05-BA";"UOP01-DEL05-BA"
544254;2023-08-24;"quinta-feira";"10:35:00";"SC";282;546,1;"CHAPECO";"Conversão proibida";"Colisão transversal";"Com Vítimas Feridas";"Pleno dia";"Crescente";"Céu Claro";"Simples";"Curva;Declive";"Não";3;0;1;0;2;0;1;3;-26,979046;-52,736637;"SPRF-SC";"DEL07-SC";"UOP01-DEL07-SC"
544262;2023-08-24;"quinta-feira";"13:00:00";"AC";364;94;"SENADOR GUIOMARD";"Demais Fenômenos da natureza";"Colisão com objeto";"Com Vítimas Feridas";"Pleno dia";"Crescente";"Céu Claro";"Simples";"Reta";"Não";1;0;1;0;0;0;1;1;-10,0798599;-67,54185396;"SPRF-AC";"DEL01-AC";"UOP03-DEL01-AC"
544264;2023-08-24;"quinta-feira";"14:55:00";"PR";373;177,3;"PONTA GROSSA";"Ausência de reação do condutor";"Colisão lateral mesmo sentido";"Sem Vítimas";"Pleno dia";"Crescente";"Sol";"Dupla";"Curva";"Sim";3;0;0;0;2;2;0;4;-25,05596766;-50,22677884;"SPRF-PR";"DEL03-PR";"UOP01-DEL03-PR"
544266;2023-08-24;"quinta-feira";"15:20:00";"ES";101;184;"ARACRUZ";"Declive acentuado";"Tombamento";"Com Vítimas Feridas";"Pleno dia";"Crescente";"Céu Claro";"Simples";"Curva;Declive";"Não";2;0;0;1;0;1;1;2;-19,65524008;-40,23355674;"SPRF-ES";"DEL04-ES";"UOP01-DEL04-ES"
544267;2023-08-24;"quinta-feira";"15:00:00";"SC";470;129;"LONTRAS";"Transitar na contramão";"Colisão frontal";"Com Vítimas Feridas";"Pleno dia";"Crescente";"Garoa/Chuvisco";"Simples";"Curva;Em Obras";"Não";3;0;1;0;2;0;1;2;-27,148499;-49,556137;"SPRF-SC";"DEL04-SC";"UOP02-DEL04-SC"
544268;2023-08-24;"quinta-feira";"15:30:00";"BA";116;661,8;"JEQUIE";"Ultrapassagem Indevida";"Saída de leito carroçável";"Com Vítimas Feridas";"Pleno dia";"Decrescente";"Céu Claro";"Simples";"Reta";"Não";3;0;1;1;0;1;2;2;-13,70748902;-40,0959642;"SPRF-BA";"DEL03-BA";"UOP01-DEL03-BA"
544272;2023-08-24;"quinta-feira";"15:30:00";"SP";381;54;"MAIRIPORA";"Reação tardia ou ineficiente do condutor";"Engavetamento";"Com Vítimas Feridas";"Pleno dia";"Decrescente";"Garoa/Chuvisco";"Dupla";"Declive;Retorno Regulamentado;Reta";"Sim";10;0;2;0;7;1;2;7;-23,2449074;-46,59562343;"SPRF-SP";"DEL03-SP";"UOP01-DEL03-SP"
544278;2023-08-23;"quarta-feira";"08:00:00";"SP";153;171,7;"GUAICARA";"Acessar a via sem observar a presença dos outros veículos";"Colisão transversal";"Com Vítimas Feridas";"Pleno dia";"Decrescente";"Céu Claro";"Simples";"Reta";"Não";3;0;0;1;1;2;1;4;-21,60621901;-49,78538881;"SPRF-SP";"DEL07-SP";"UOP01-DEL07-SP"
544279;2023-08-24;"quinta-feira";"16:40:00";"MG";381;421;"CAETE";"Reação tardia ou ineficiente do condutor";"Colisão lateral mesmo sentido";"Com Vítimas Feridas";"Pleno dia";"Decrescente";"Céu Claro";"Dupla";"Reta;Declive";"Sim";3;0;2;0;1;0;2;2;-19,783061;-43,66116123;"SPRF-MG";"DEL01-MG";"UOP01-DEL01-MG"
544285;2023-08-24;"quinta-feira";"16:34:00";"ES";101;4,9;"ICONHA";"Manobra de mudança de faixa";"Colisão traseira";"Com Vítimas Feridas";"Anoitecer";"Decrescente";"Céu Claro";"Dupla";"Reta";"Não";4;0;1;0;2;1;1;4;-20,79354;-40,811462;"SPRF-ES";"DEL03-ES";"UOP01-DEL03-ES"
544289;2023-08-24;"quinta-feira";"17:10:00";"ES";101;288,8;"CARIACICA";"Demais falhas mecânicas ou elétricas";"Tombamento";"Com Vítimas Feridas";"Anoitecer";"Crescente";"Céu Claro";"Dupla";"Reta";"Não";2;0;1;0;0;1;1;2;-20,27160351;-40,39091743;"SPRF-ES";"DEL01-ES";"UOP01-DEL01-ES"
544292;2023-08-24;"quinta-feira";"12:40:00";"MA";230;316;"SAO RAIMUNDO DAS MANGABEIRAS";"Acessar a via sem observar a presença dos outros veículos";"Colisão transversal";"Com Vítimas Feridas";"Pleno dia";"Decrescente";"Céu Claro";"Simples";"Curva";"Sim";2;0;0;1;1;0;1;2;-7,02658868;-45,48883921;"SPRF-MA";"DEL05-MA";"UOP01-DEL05-MA"
544298;2023-08-17;"quinta-feira";"06:15:00";"SC";153;99,8;"CONCORDIA";"Pedestre andava na pista";"Atropelamento de Pedestre";"Com Vítimas Feridas";"Amanhecer";"Crescente";"Céu Claro";"Simples";"Curva";"Sim";2;0;1;0;1;0;1;2;-27,23776561;-51,95425987;"SPRF-SC";"DEL07-SC";"UOP04-DEL07-SC"
544299;2023-08-24;"quinta-feira";"15:00:00";"SC";101;57;"ARAQUARI";"Ausência de reação do condutor";"Colisão traseira";"Com Vítimas Feridas";"Pleno dia";"Crescente";"Chuva";"Múltipla";"Reta";"Não";3;0;1;0;1;1;1;3;-26,43646093;-48,81113029;"SPRF-SC";"DEL03-SC";"UOP01-DEL03-SC"
544300;2023-08-05;"sábado";"20:00:00";"PR";116;59;"CAMPINA GRANDE DO SUL";"Transitar na contramão";"Colisão frontal";"Com Vítimas Fatais";"Plena Noite";"Decrescente";"Céu Claro";"Dupla";"Reta";"Não";4;1;0;0;1;2;0;4;-25,304735;-48,945531;"SPRF-PR";"DEL01-PR";"UOP02-DEL01-PR"
544305;2023-08-24;"quinta-feira";"16:00:00";"PR";376;488,2;"PONTA GROSSA";"Demais falhas mecânicas ou elétricas";"Eventos atípicos";"Sem Vítimas";"Pleno dia";"Crescente";"Céu Claro";"Dupla";"Reta;Aclive";"Sim";2;0;0;0;1;1;0;2;-25,08656086;-50,19338965;"SPRF-PR";"DEL03-PR";"UOP04-DEL03-PR"
544308;2023-08-24;"quinta-feira";"17:30:00";"AL";424;105;"MARECHAL DEODORO";"Ausência de sinalização";"Colisão com objeto";"Com Vítimas Feridas";"Anoitecer";"Crescente";"Céu Claro";"Simples";"Curva;Declive;Em Obras";"Não";7;0;1;2;0;4;3;4;-9,68581717;-35,82572614;"SPRF-AL";"DEL02-AL";"UOP01-DEL02-AL"
544310;2023-08-24;"quinta-feira";"18:40:00";"SP";116;216;"GUARULHOS";"Reação tardia ou ineficiente do condutor";"Eventos atípicos";"Com Vítimas Feridas";"Plena Noite";"Decrescente";"Nublado";"Múltipla";"Aclive;Reta";"Sim";4;0;1;0;2;1;1;3;-23,451619;-46,465111;"SPRF-SP";"DEL01-SP";"UOP01-DEL01-SP"
544316;2023-08-24;"quinta-feira";"17:30:00";"MT";70;376,8;"CAMPO VERDE";"Acessar a via sem observar a presença dos outros veículos";"Colisão transversal";"Com Vítimas Fatais";"Anoitecer";"Crescente";"Céu Claro";"Simples";"Aclive";"Sim";4;1;0;1;1;2;1;4;-15,49268776;-55,08985972;"SPRF-MT";"DEL05-MT";"UOP02-DEL05-MT"
544317;2023-08-24;"quinta-feira";"16:40:00";"RJ";101;209;"CASIMIRO DE ABREU";"Reação tardia ou ineficiente do condutor";"Tombamento";"Com Vítimas Feridas";"Anoitecer";"Decrescente";"Céu Claro";"Dupla";"Curva";"Não";2;0;0;1;0;1;1;2;-22,48133694;-42,22930101;"SPRF-RJ";"DEL08-RJ";"UOP04-DEL08-RJ"
544318;2023-08-24;"quinta-feira";"15:10:00";"PA";163;469;"ITAITUBA";"Ultrapassagem Indevida";"Colisão lateral sentido oposto";"Com Vítimas Feridas";"Pleno dia";"Decrescente";"Sol";"Simples";"Reta";"Não";4;0;0;1;2;3;1;5;-5,75265194;-55,73624966;"SPRF-PA";"DEL05-PA";"UOP02-DEL05-PA"
544320;2023-08-24;"quinta-feira";"18:20:00";"AL";316;140;"ESTRELA DE ALAGOAS";"Acesso irregular";"Colisão transversal";"Com Vítimas Feridas";"Plena Noite";"Crescente";"Céu Claro";"Simples";"Interseção de Vias;Reta";"Sim";3;0;1;1;1;0;2;2;-9,39046832;-36,75850007;"SPRF-AL";"DEL03-AL";"UOP01-DEL03-AL"
544321;2023-08-24;"quinta-feira";"15:20:00";"RJ";465;14;"SEROPEDICA";"Acessar a via sem observar a presença dos outros veículos";"Colisão transversal";"Com Vítimas Feridas";"Pleno dia";"Decrescente";"Céu Claro";"Simples";"Reta";"Sim";3;0;0;1;1;1;1;3;-22,804979;-43,638828;"SPRF-RJ";"DEL01-RJ";"UOP03-DEL01-RJ"
544323;2023-08-24;"quinta-feira";"07:30:00";"BA";116;25;"VITORIA DA CONQUISTA";"Reação tardia ou ineficiente do condutor";"Atropelamento de Pedestre";"Com Vítimas Feridas";"Pleno dia";"Decrescente";"Céu Claro";"Simples";"Reta";"Sim";2;0;1;0;1;0;1;2;-14,85719566;-40,79798698;"SPRF-BA";"DEL08-BA";"UOP01-DEL08-BA"
544325;2023-08-24;"quinta-feira";"19:00:00";"MG";459;66,4;"SENADOR JOSE BENTO";"Velocidade Incompatível";"Colisão frontal";"Com Vítimas Feridas";"Plena Noite";"Crescente";"Céu Claro";"Simples";"Curva;Declive";"Não";4;0;1;1;1;1;2;3;-22,13143335;-46,17391706;"SPRF-MG";"DEL09-MG";"UOP01-DEL09-MG"
544327;2023-08-24;"quinta-feira";"19:40:00";"DF";60;16,7;"BRASILIA";"Problema com o freio";"Queda de ocupante de veículo";"Com Vítimas Fatais";"Plena Noite";"Crescente";"Céu Claro";"Dupla";"Curva;Declive";"Não";4;1;0;1;1;1;1;2;-15,958751;-48,176741;"SPRF-DF";"DEL03-DF";"UOP01-DEL03-DF"
544329;2023-08-24;"quinta-feira";"17:50:00";"MT";70;517,3;"VARZEA GRANDE";"Acessar a via sem observar a presença dos outros veículos";"Colisão transversal";"Com Vítimas Feridas";"Plena Noite";"Crescente";"Céu Claro";"Simples";"Curva";"Sim";3;0;1;0;1;1;1;3;-15,69970229;-56,16439169;"SPRF-MT";"DEL01-MT";"UOP02-DEL01-MT"
544330;2023-08-24;"quinta-feira";"20:21:00";"SC";101;185,4;"BIGUACU";"Pedestre cruzava a pista fora da faixa";"Atropelamento de Pedestre";"Com Vítimas Feridas";"Plena Noite";"Crescente";"Nublado";"Dupla";"Reta";"Não";3;0;0;1;1;2;1;4;-27,42536698;-48,62465876;"SPRF-SC";"DEL01-SC";"UOP01-DEL01-SC"
544335;2023-08-24;"quinta-feira";"20:24:00";"PB";101;96,2;"CONDE";"Animais na Pista";"Tombamento";"Com Vítimas Feridas";"Plena Noite";"Decrescente";"Céu Claro";"Dupla";"Curva";"Não";2;0;1;0;1;0;1;2;-7,23500195;-34,92460012;"SPRF-PB";"DEL01-PB";"UOP02-DEL01-PB"
544338;2023-08-24;"quinta-feira";"21:00:00";"SC";470;141,8;"RIO DO SUL";"Condutor deixou de manter distância do veículo da frente";"Colisão traseira";"Com Vítimas Feridas";"Plena Noite";"Crescente";"Garoa/Chuvisco";"Simples";"Reta";"Sim";4;0;2;0;1;2;2;5;-27,20936209;-49,6518302;"SPRF-SC";"DEL04-SC";"UOP02-DEL04-SC"
544344;2023-08-24;"quinta-feira";"22:25:00";"PE";101;77;"RECIFE";"Acessar a via sem observar a presença dos outros veículos";"Atropelamento de Pedestre";"Com Vítimas Fatais";"Plena Noite";"Crescente";"Céu Claro";"Dupla";"Reta";"Sim";2;1;0;0;0;1;0;2;-8,132903;-34,946759;"SPRF-PE";"DEL01-PE";"UOP01-DEL01-PE"
544353;2023-08-24;"quinta-feira";"18:15:00";"PE";316;64,9;"TRINDADE";"Reação tardia ou ineficiente do condutor";"Colisão traseira";"Com Vítimas Feridas";"Anoitecer";"Crescente";"Céu Claro";"Simples";"Reta;Aclive";"Não";2;0;1;0;0;1;1;2;-7,78543662;-40,22695512;"SPRF-PE";"DEL05-PE";"UOP02-DEL05-PE"
544354;2023-08-24;"quinta-feira";"21:30:00";"BA";242;519;"OLIVEIRA DOS BREJINHOS";"Demais falhas mecânicas ou elétricas";"Incêndio";"Sem Vítimas";"Pleno dia";"Decrescente";"Céu Claro";"Simples";"Reta";"Não";2;0;0;0;1;3;0;4;-12,30759424;-42,61410809;"SPRF-BA";"DEL06-BA";"UOP01-DEL06-BA"
544357;2023-08-24;"quinta-feira";"20:20:00";"PE";232;334;"CUSTODIA";"Reação tardia ou ineficiente do condutor";"Colisão frontal";"Com Vítimas Feridas";"Plena Noite";"Crescente";"Céu Claro";"Simples";"Reta";"Sim";3;0;1;0;2;0;1;2;-8,08748731;-37,6361501;"SPRF-PE";"DEL04-PE";"UOP02-DEL04-PE"
544359;2023-08-24;"quinta-feira";"23:25:00";"DF";60;5;"BRASILIA";"Reação tardia ou ineficiente do condutor";"Colisão traseira";"Com Vítimas Feridas";"Plena Noite";"Decrescente";"Céu Claro";"Dupla";"Reta";"Não";2;0;1;0;1;0;1;2;-15,895847;-48,104478;"SPRF-DF";"DEL03-DF";"UOP01-DEL03-DF"
544360;2023-08-24;"quinta-feira";"22:00:00";"SC";470;143;"RIO DO SUL";"Ausência de reação do condutor";"Colisão traseira";"Com Vítimas Feridas";"Plena Noite";"Decrescente";"Garoa/Chuvisco";"Simples";"Reta";"Sim";2;0;0;1;1;0;1;2;-27,21899094;-49,65670109;"SPRF-SC";"DEL04-SC";"UOP02-DEL04-SC"
544365;2023-08-24;"quinta-feira";"22:30:00";"MG";381;364;"SAO GONCALO DO RIO ABAIXO";"Acostamento em desnível";"Tombamento";"Sem Vítimas";"Plena Noite";"Decrescente";"Céu Claro";"Simples";"Aclive;Reta";"Não";2;0;0;0;1;2;0;3;-19,84955579;-43,25424839;"SPRF-MG";"DEL03-MG";"UOP01-DEL03-MG"
544367;2023-08-24;"quinta-feira";"21:20:00";"PR";277;413,9;"CANTAGALO";"Condutor Dormindo";"Saída de leito carroçável";"Com Vítimas Fatais";"Plena Noite";"Crescente";"Céu Claro";"Simples";"Reta";"Não";2;1;0;0;0;1;0;2;-25,41539539;-52,07467144;"SPRF-PR";"DEL04-PR";"UOP02-DEL04-PR"
544368;2023-08-25;"sexta-feira";"02:00:00";"RJ";101;61;"CAMPOS DOS GOYTACAZES";"Condutor desrespeitou a iluminação vermelha do semáforo";"Colisão transversal";"Com Vítimas Feridas";"Plena Noite";"Crescente";"Céu Claro";"Simples";"Reta";"Sim";3;0;0;1;1;1;1;3;-21,72655788;-41,32133519;"SPRF-RJ";"DEL08-RJ";"UOP01-DEL08-RJ"
544371;2023-08-25;"sexta-feira";"05:00:00";"PR";277;592,6;"CASCAVEL";"Pedestre andava na pista";"Atropelamento de Pedestre";"Com Vítimas Fatais";"Plena Noite";"Decrescente";"Nublado";"Simples";"Declive;Reta";"Sim";2;1;0;0;1;0;0;2;-24,98154566;-53,47833395;"SPRF-PR";"DEL04-PR";"UOP01-DEL04-PR"
544373;2023-08-25;"sexta-feira";"04:55:00";"MG";381;671,1;"PERDOES";"Condutor Dormindo";"Colisão traseira";"Com Vítimas Feridas";"Plena Noite";"Decrescente";"Nublado";"Dupla";"Reta;Aclive";"Não";4;0;2;0;1;3;2;5;-21,0597119;-45,04958868;"SPRF-MG";"DEL04-MG";"UOP02-DEL04-MG"
544374;2023-08-25;"sexta-feira";"04:00:00";"SP";116;199;"ARUJA";"Reação tardia ou ineficiente do condutor";"Colisão traseira";"Sem Vítimas";"Plena Noite";"Crescente";"Garoa/Chuvisco";"Dupla";"Aclive;Reta";"Não";2;0;0;0;1;1;0;2;-23,40185327;-46,31154312;"SPRF-SP";"DEL01-SP";"UOP01-DEL01-SP"
544375;2023-08-25;"sexta-feira";"04:59:00";"PB";230;28;"JOAO PESSOA";"Carga excessiva e/ou mal acondicionada";"Tombamento";"Com Vítimas Feridas";"Amanhecer";"Crescente";"Céu Claro";"Dupla";"Viaduto;Curva";"Sim";2;0;1;0;0;1;1;2;-7,16540438;-34,89515792;"SPRF-PB";"DEL01-PB";"UOP01-DEL01-PB"
544377;2023-08-25;"sexta-feira";"03:00:00";"SC";116;71,8;"MONTE CASTELO";"Ingestão de álcool pelo condutor";"Colisão frontal";"Com Vítimas Feridas";"Plena Noite";"Crescente";"Nublado";"Simples";"Aclive;Reta";"Não";3;0;1;0;1;1;1;3;-26,47804399;-50,23238915;"SPRF-SC";"DEL06-SC";"UOP02-DEL06-SC"
544378;2023-07-03;"segunda-feira";"11:15:00";"SC";101;55;"JOINVILLE";"Velocidade Incompatível";"Colisão traseira";"Sem Vítimas";"Pleno dia";"Crescente";"Céu Claro";"Dupla";"Reta";"Não";3;0;0;0;2;1;0;3;-26,42280898;-48,82977496;"SPRF-SC";"DEL03-SC";"UOP01-DEL03-SC"
544390;2023-08-24;"quinta-feira";"18:55:00";"PE";428;4;"CABROBO";"Transitar na contramão";"Colisão frontal";"Com Vítimas Fatais";"Plena Noite";"Crescente";"Céu Claro";"Simples";"Reta";"Não";5;2;1;1;1;0;2;2;-8,53181343;-39,25892123;"SPRF-PE";"DEL05-PE";"UOP03-DEL05-PE"
544395;2023-08-25;"sexta-feira";"07:05:00";"PE";101;51,9;"PAULISTA";"Reação tardia ou ineficiente do condutor";"Saída de leito carroçável";"Com Vítimas Feridas";"Pleno dia";"Decrescente";"Céu Claro";"Dupla";"Curva";"Sim";2;0;1;0;0;1;1;2;-7,9169968;-34,89689272;"SPRF-PE";"DEL01-PE";"UOP02-DEL01-PE"
544397;2023-08-25;"sexta-feira";"07:20:00";"GO";364;173;"JATAI";"Ausência de reação do condutor";"Tombamento";"Com Vítimas Feridas";"Pleno dia";"Decrescente";"Céu Claro";"Simples";"Declive";"Não";2;0;1;0;0;1;1;2;-18,008829;-51,563248;"SPRF-GO";"DEL05-GO";"UOP01-DEL05-GO"
544416;2023-08-25;"sexta-feira";"08:00:00";"MA";10;233;"GOVERNADOR EDISON LOBAO";"Transitar na contramão";"Colisão lateral sentido oposto";"Com Vítimas Feridas";"Pleno dia";"Decrescente";"Céu Claro";"Simples";"Reta";"Não";11;0;8;1;1;1;9;3;-5,677963;-47,374077;"SPRF-MA";"DEL04-MA";"UOP01-DEL04-MA"
544428;2023-08-25;"sexta-feira";"09:35:00";"MG";40;464,3;"SETE LAGOAS";"Reação tardia ou ineficiente do condutor";"Colisão lateral mesmo sentido";"Com Vítimas Feridas";"Pleno dia";"Crescente";"Chuva";"Dupla";"Reta;Aclive";"Não";3;0;1;0;2;0;1;2;-19,43110896;-44,33657482;"SPRF-MG";"DEL02-MG";"UOP01-DEL02-MG"
544430;2023-07-28;"sexta-feira";"23:18:00";"ES";101;370,2;"ANCHIETA";"Acessar a via sem observar a presença dos outros veículos";"Colisão transversal";"Com Vítimas Feridas";"Plena Noite";"Decrescente";"Nublado";"Simples";"Interseção de Vias;Reta";"Sim";3;0;0;1;0;2;1;3;-20,77084088;-40,76348305;"SPRF-ES";"DEL03-ES";"UOP01-DEL03-ES"
544437;2023-08-25;"sexta-feira";"12:25:00";"SC";101;48,9;"JOINVILLE";"Condutor deixou de manter distância do veículo da frente";"Colisão traseira";"Com Vítimas Feridas";"Pleno dia";"Crescente";"Nublado";"Dupla";"Curva";"Não";4;0;1;0;2;1;1;3;-26,35345909;-48,85867862;"SPRF-SC";"DEL03-SC";"UOP01-DEL03-SC"
544440;2023-08-25;"sexta-feira";"12:55:00";"RS";386;36,2;"FREDERICO WESTPHALEN";"Acessar a via sem observar a presença dos outros veículos";"Colisão transversal";"Com Vítimas Feridas";"Pleno dia";"Decrescente";"Nublado";"Simples";"Interseção de Vias";"Sim";3;0;1;0;1;1;1;3;-27,37643293;-53,39811981;"SPRF-RS";"DEL08-RS";"UOP02-DEL08-RS"
544442;2023-08-25;"sexta-feira";"08:40:00";"MT";364;275;"JACIARA";"Demais falhas mecânicas ou elétricas";"Tombamento";"Com Vítimas Feridas";"Pleno dia";"Decrescente";"Céu Claro";"Simples";"Aclive";"Não";1;0;1;0;0;0;1;1;-15,95085604;-54,98237599;"SPRF-MT";"DEL05-MT";"UOP02-DEL05-MT"
544443;2023-08-25;"sexta-feira";"12:30:00";"RJ";356;146;"CAMPOS DOS GOYTACAZES";"Manobra de mudança de faixa";"Colisão traseira";"Com Vítimas Feridas";"Pleno dia";"Crescente";"Nublado";"Múltipla";"Reta;Retorno Regulamentado";"Sim";2;0;1;0;1;0;1;2;-21,78447827;-41,298455;"SPRF-RJ";"DEL08-RJ";"UOP02-DEL08-RJ"
544449;2023-08-25;"sexta-feira";"13:11:00";"RS";290;160;"ARROIO DOS RATOS";"Acesso irregular";"Colisão lateral mesmo sentido";"Sem Vítimas";"Pleno dia";"Decrescente";"Céu Claro";"Simples";"Reta";"Não";3;0;0;0;2;1;0;3;-30,10997;-51,80854;"SPRF-RS";"DEL02-RS";"UOP01-DEL02-RS"
544450;2023-08-25;"sexta-feira";"09:30:00";"GO";153;374;"SAO FRANCISCO DE GOIAS";"Condutor deixou de manter distância do veículo da frente";"Colisão traseira";"Com Vítimas Feridas";"Pleno dia";"Crescente";"Céu Claro";"Simples";"Reta";"Não";6;0;2;0;3;1;2;3;-15,878496;-49,248063;"SPRF-GO";"DEL02-GO";"UOP02-DEL02-GO"
544455;2023-08-25;"sexta-feira";"13:50:00";"SC";282;16,4;"PALHOCA";"Ausência de reação do condutor";"Colisão traseira";"Com Vítimas Feridas";"Pleno dia";"Crescente";"Nublado";"Simples";"Reta";"Sim";3;0;1;0;2;0;1;2;-27,658611;-48,681847;"SPRF-SC";"DEL01-SC";"UOP02-DEL01-SC"
544457;2023-08-25;"sexta-feira";"13:30:00";"SC";282;381;"HERVAL DOESTE";"Condutor Dormindo";"Colisão com objeto";"Com Vítimas Feridas";"Pleno dia";"Decrescente";"Chuva";"Simples";"Reta";"Não";4;0;1;0;2;1;1;3;-27,204979;-51,501442;"SPRF-SC";"DEL07-SC";"UOP05-DEL07-SC"
544458;2023-08-25;"sexta-feira";"12:00:00";"MT";174;251;"JAURU";"Acumulo de areia ou detritos sobre o pavimento";"Eventos atípicos";"Sem Vítimas";"Pleno dia";"Crescente";"Céu Claro";"Simples";"Reta";"Não";1;0;0;0;1;0;0;1;-15,48351554;-59,07536883;"SPRF-MT";"DEL04-MT";"UOP01-DEL04-MT"
544459;2023-08-25;"sexta-feira";"14:40:00";"SC";116;6,9;"MAFRA";"Ingestão de álcool pelo condutor";"Tombamento";"Com Vítimas Feridas";"Pleno dia";"Crescente";"Nublado";"Simples";"Reta;Interseção de Vias";"Sim";2;0;1;0;1;0;1;2;-26,15196176;-49,83102416;"SPRF-SC";"DEL06-SC";"UOP01-DEL06-SC"
544463;2023-08-25;"sexta-feira";"09:50:00";"MG";40;83;"PARACATU";"Condutor deixou de manter distância do veículo da frente";"Colisão traseira";"Com Vítimas Feridas";"Pleno dia";"Decrescente";"Céu Claro";"Simples";"Reta";"Não";6;0;1;0;3;3;1;6;-17,47406205;-46,63560502;"SPRF-MG";"DEL14-MG";"UOP01-DEL14-MG"
544467;2023-08-25;"sexta-feira";"12:15:00";"SC";101;132,5;"BALNEARIO CAMBORIU";"Pista Escorregadia";"Colisão lateral mesmo sentido";"Com Vítimas Feridas";"Pleno dia";"Decrescente";"Chuva";"Múltipla";"Reta";"Sim";2;0;1;0;1;0;1;2;-26,99654133;-48,65564711;"SPRF-SC";"DEL04-SC";"UOP03-DEL04-SC"
544468;2023-08-25;"sexta-feira";"13:00:00";"RO";364;514;"ARIQUEMES";"Acesso irregular";"Colisão transversal";"Com Vítimas Feridas";"Pleno dia";"Crescente";"Céu Claro";"Simples";"Reta";"Sim";2;0;1;0;1;0;1;2;-9,93398403;-63,05522959;"SPRF-RO";"DEL03-RO";"UOP01-DEL03-RO"
544472;2023-08-25;"sexta-feira";"16:00:00";"PE";101;78;"JABOATAO DOS GUARARAPES";"Acessar a via sem observar a presença dos outros veículos";"Colisão lateral mesmo sentido";"Com Vítimas Feridas";"Pleno dia";"Crescente";"Céu Claro";"Dupla";"Aclive;Reta";"Sim";3;0;1;0;1;1;1;3;-8,13763;-34,947539;"SPRF-PE";"DEL01-PE";"UOP01-DEL01-PE"
544476;2023-08-25;"sexta-feira";"16:05:00";"MG";50;147,8;"UBERABA";"Manobra de mudança de faixa";"Colisão lateral mesmo sentido";"Com Vítimas Feridas";"Pleno dia";"Crescente";"Céu Claro";"Dupla";"Reta";"Não";3;0;0;1;1;2;1;4;-19,545198;-48,036129;"SPRF-MG";"DEL13-MG";"UOP01-DEL13-MG"
544479;2023-08-25;"sexta-feira";"10:10:00";"PB";230;493;"CAJAZEIRAS";"Demais falhas mecânicas ou elétricas";"Incêndio";"Sem Vítimas";"Pleno dia";"Crescente";"Sol";"Simples";"Aclive;Reta";"Não";2;0;0;0;1;1;0;2;-6,875;-38,4488;"SPRF-PB";"DEL03-PB";"UOP03-DEL03-PB"
544480;2023-08-25;"sexta-feira";"10:30:00";"MT";364;453;"VARZEA GRANDE";"Condutor deixou de manter distância do veículo da frente";"Colisão traseira";"Com Vítimas Feridas";"Pleno dia";"Decrescente";"Nublado";"Simples";"Reta";"Não";2;0;1;0;0;2;1;3;-15,57469114;-56,24259707;"SPRF-MT";"DEL01-MT";"UOP02-DEL01-MT"
544489;2023-08-25;"sexta-feira";"14:10:00";"MT";163;539;"DIAMANTINO";"Chuva";"Colisão traseira";"Com Vítimas Feridas";"Pleno dia";"Crescente";"Chuva";"Simples";"Reta;Declive";"Não";4;0;1;0;2;7;1;10;-14,39101303;-56,11636404;"SPRF-MT";"DEL01-MT";"UOP01-DEL01-MT"
544490;2023-08-25;"sexta-feira";"17:30:00";"SE";235;42;"ITABAIANA";"Demais falhas mecânicas ou elétricas";"Colisão frontal";"Sem Vítimas";"Anoitecer";"Crescente";"Céu Claro";"Simples";"Declive;Reta";"Não";2;0;0;0;2;0;0;2;-10,766954;-37,381672;"SPRF-SE";"DEL01-SE";"UOP02-DEL01-SE"
544495;2023-08-25;"sexta-feira";"18:10:00";"ES";101;278;"SERRA";"Desrespeitar a preferência no cruzamento";"Colisão transversal";"Com Vítimas Feridas";"Plena Noite";"Crescente";"Chuva";"Dupla";"Retorno Regulamentado";"Não";2;0;0;1;1;0;1;2;-20,21307738;-40,32125972;"SPRF-ES";"DEL02-ES";"UOP01-DEL02-ES"
544501;2023-08-25;"sexta-feira";"18:30:00";"SP";116;205;"GUARULHOS";"Reação tardia ou ineficiente do condutor";"Colisão traseira";"Com Vítimas Feridas";"Plena Noite";"Crescente";"Chuva";"Múltipla";"Reta";"Não";2;0;1;0;1;0;1;2;-23,41475243;-46,36600788;"SPRF-SP";"DEL01-SP";"UOP01-DEL01-SP"
544506;2023-08-25;"sexta-feira";"17:40:00";"MG";262;811;"UBERABA";"Manobra de mudança de faixa";"Colisão lateral mesmo sentido";"Com Vítimas Feridas";"Anoitecer";"Decrescente";"Nublado";"Dupla";"Reta";"Sim";3;0;1;1;0;1;2;2;-19,76527861;-48,11638905;"SPRF-MG";"DEL13-MG";"UOP01-DEL13-MG"
544508;2023-07-05;"quarta-feira";"08:30:00";"RJ";116;181;"NOVA IGUACU";"Ausência de reação do condutor";"Colisão traseira";"Com Vítimas Fatais";"Pleno dia";"Crescente";"Sol";"Dupla";"Reta";"Sim";3;1;0;0;1;1;0;3;-22,761312;-43,423492;"SPRF-RJ";"DEL01-RJ";"UOP02-DEL01-RJ"