"id";"data_inversa";"dia_semana";"horario";"uf";"br";"km";"municipio";"causa_acidente";"tipo_acidente";"classificacao_acidente";"fase_dia";"sentido_via";"condicao_metereologica";"tipo_pista";"tracado_via";"uso_solo";"pessoas";"mortos";"feridos_leves";"feridos_graves";"ilesos";"ignorados";"feridos";"veiculos";"latitude";"longitude";"regional";"delegacia";"uop"
544511;2023-08-25;"sexta-feira";"16:40:00";"MG";354;761;"ITAMONTE";"Ausência de reação do condutor";"Tombamento";"Com Vítimas Feridas";"Pleno dia";"Decrescente";"Céu Claro";"Simples";"Curva";"Não";2;0;1;0;0;1;1;2;-22,33634273;-44,82845824;"SPRF-MG";"DEL17-MG";"UOP01-DEL17-MG"
544517;2023-08-25;"sexta-feira";"18:50:00";"PR";277;1;"PARANAGUA";"Pedestre cruzava a pista fora da faixa";"Atropelamento de Pedestre";"Com Vítimas Fatais";"Plena Noite";"Decrescente";"Chuva";"Simples";"Interseção de Vias;Reta";"Sim";3;1;0;0;1;1;0;3;-25,568198;-48,615292;"SPRF-PR";"DEL01-PR";"UOP05-DEL01-PR"
544518;2023-08-25;"sexta-feira";"17:00:00";"RJ";40;85;"PETROPOLIS";"Demais falhas mecânicas ou elétricas";"Colisão traseira";"Com Vítimas Feridas";"Anoitecer";"Crescente";"Céu Claro";"Simples";"Reta;Declive";"Não";50;0;0;1;49;0;1;2;-22,52145512;-43,23707996;"SPRF-RJ";"DEL06-RJ";"UOP01-DEL06-RJ"
544519;2023-08-25;"sexta-feira";"19:00:00";"BA";324;519;"FEIRA DE SANTANA";"Ausência de reação do condutor";"Colisão traseira";"Com Vítimas Feridas";"Plena Noite";"Decrescente";"Céu Claro";"Dupla";"Reta";"Não";3;0;1;0;1;1;1;3;-12,26687642;-38,93349875;"SPRF-BA";"DEL02-BA";"UOP01-DEL02-BA"
544520;2023-08-25;"sexta-feira";"19:30:00";"SC";282;396;"JOACABA";"Transitar na contramão";"Colisão frontal";"Com Vítimas Feridas";"Plena Noite";"Decrescente";"Céu Claro";"Simples";"Curva;Declive";"Não";2;0;0;1;1;0;1;2;-27,155375;-51,601593;"SPRF-SC";"DEL07-SC";"UOP05-DEL07-SC"
544524;2023-08-25;"sexta-feira";"16:05:00";"RO";364;430;"JARU";"Condutor deixou de manter distância do veículo da frente";"Colisão frontal";"Com Vítimas Fatais";"Pleno dia";"Crescente";"Chuva";"Simples";"Reta;Declive";"Não";5;1;0;1;2;1;1;4;-10,41091081;-62,51027372;"SPRF-RO";"DEL03-RO";"UOP02-DEL03-RO"
544525;2023-08-25;"sexta-feira";"18:00:00";"SC";470;166;"POUSO REDONDO";"Reação tardia ou ineficiente do condutor";"Colisão transversal";"Com Vítimas Feridas";"Plena Noite";"Decrescente";"Nublado";"Simples";"Curva;Declive";"Não";4;0;1;0;2;1;1;3;-27,275208;-49,855125;"SPRF-SC";"DEL04-SC";"UOP02-DEL04-SC"
544526;2023-08-25;"sexta-feira";"17:40:00";"SC";280;40;"ARAQUARI";"Reação tardia ou ineficiente do condutor";"Colisão transversal";"Com Vítimas Feridas";"Pleno dia";"Decrescente";"Garoa/Chuvisco";"Simples";"Reta";"Sim";9;0;6;1;2;0;7;3;-26,44938176;-48,84792002;"SPRF-SC";"DEL03-SC";"UOP03-DEL03-SC"
544527;2023-08-25;"sexta-feira";"20:40:00";"PR";116;112;"CURITIBA";"Manobra de mudança de faixa";"Colisão lateral mesmo sentido";"Sem Vítimas";"Plena Noite";"Decrescente";"Garoa/Chuvisco";"Dupla";"Reta";"Sim";3;0;0;0;2;1;0;2;-25,551462;-49,279812;"SPRF-PR";"DEL01-PR";"UOP07-DEL01-PR"
544532;2023-08-25;"sexta-feira";"20:00:00";"MT";364;401;"CUIABA";"Reação tardia ou ineficiente do condutor";"Colisão com objeto";"Sem Vítimas";"Plena Noite";"Crescente";"Nublado";"Dupla";"Aclive;Reta";"Sim";1;0;0;0;1;0;0;1;-15,65813316;-55,97964406;"SPRF-MT";"DEL01-MT";"UOP02-DEL01-MT"
544533;2023-08-25;"sexta-feira";"20:00:00";"BA";101;252,7;"WENCESLAU GUIMARAES";"Transitar na contramão";"Colisão lateral sentido oposto";"Com Vítimas Feridas";"Plena Noite";"Crescente";"Céu Claro";"Simples";"Reta";"Sim";3;0;1;0;1;1;1;3;-13,638633;-39,488389;"SPRF-BA";"DEL01-BA";"UOP02-DEL01-BA"
544540;2023-08-25;"sexta-feira";"20:05:00";"RS";287;409;"SANTIAGO";"Velocidade Incompatível";"Colisão transversal";"Com Vítimas Feridas";"Plena Noite";"Crescente";"Céu Claro";"Simples";"Interseção de Vias;Rotatória";"Não";3;0;2;0;1;0;2;2;-29,09682707;-54,9212122;"SPRF-RS";"DEL12-RS";"UOP02-DEL12-RS"
544544;2023-08-25;"sexta-feira";"21:40:00";"ES";262;27,4;"VIANA";"Velocidade Incompatível";"Tombamento";"Com Vítimas Feridas";"Plena Noite";"Crescente";"Céu Claro";"Simples";"Curva;Declive";"Não";2;0;0;1;0;1;1;2;-20,38590584;-40,55354118;"SPRF-ES";"DEL01-ES";"UOP01-DEL01-ES"
544545;2023-08-25;"sexta-feira";"14:40:00";"MT";70;665;"CACERES";"Reação tardia ou ineficiente do condutor";"Colisão traseira";"Com Vítimas Feridas";"Pleno dia";"Crescente";"Céu Claro";"Simples";"Reta;Declive";"Não";8;0;3;0;4;2;3;6;-16,01937703;-57,23051898;"SPRF-MT";"DEL03-MT";"UOP02-DEL03-MT"
544556;2023-08-25;"sexta-feira";"21:00:00";"BA";349;885;"CORRENTINA";"Manobra de mudança de faixa";"Colisão frontal";"Com Vítimas Fatais";"Plena Noite";"Decrescente";"Céu Claro";"Simples";"Reta";"Não";2;1;0;1;0;0;1;2;-13,38412379;-44,59658589;"SPRF-BA";"DEL08-BA";"UOP04-DEL08-BA"
544557;2023-08-26;"sábado";"00:15:00";"GO";20;182;"SIMOLANDIA";"Condutor deixou de manter distância do veículo da frente";"Colisão traseira";"Sem Vítimas";"Plena Noite";"Decrescente";"Céu Claro";"Dupla";"Reta;Aclive";"Sim";3;0;0;0;2;1;0;3;-14,463847;-46,480179;"SPRF-DF";"DEL02-DF";"UOP03-DEL02-DF"
544560;2023-08-25;"sexta-feira";"22:30:00";"RJ";116;307;"RESENDE";"Ausência de reação do condutor";"Colisão traseira";"Com Vítimas Fatais";"Plena Noite";"Crescente";"Nublado";"Dupla";"Reta";"Sim";3;1;0;0;1;1;0;3;-22,45713262;-44,41063703;"SPRF-RJ";"DEL07-RJ";"UOP02-DEL07-RJ"
544562;2023-08-25;"sexta-feira";"22:00:00";"MS";163;146;"NAVIRAI";"Ausência de reação do condutor";"Saída de leito carroçável";"Com Vítimas Feridas";"Plena Noite";"Crescente";"Céu Claro";"Simples";"Reta";"Não";5;0;3;0;1;1;3;2;-22,98868683;-54,40154884;"SPRF-MS";"DEL09-MS";"UOP01-DEL09-MS"
544564;2023-08-26;"sábado";"00:01:00";"MS";262;652,5;"MIRANDA";"Condutor Dormindo";"Saída de leito carroçável";"Com Vítimas Feridas";"Plena Noite";"Crescente";"Céu Claro";"Simples";"Reta";"Não";1;0;1;0;0;0;1;1;-19,70640704;-56,99428208;"SPRF-MS";"DEL03-MS";"UOP02-DEL03-MS"
544565;2023-08-25;"sexta-feira";"23:58:00";"SP";116;220;"GUARULHOS";"Ausência de reação do condutor";"Colisão com objeto";"Com Vítimas Feridas";"Plena Noite";"Crescente";"Garoa/Chuvisco";"Múltipla";"Reta";"Sim";2;0;1;0;0;1;1;2;-23,46472809;-46,49793962;"SPRF-SP";"DEL01-SP";"UOP01-DEL01-SP"
544567;2023-08-25;"sexta-feira";"22:00:00";"MG";267;212,6;"BOM JARDIM DE MINAS";"Transitar na contramão";"Colisão frontal";"Com Vítimas Fatais";"Plena Noite";"Crescente";"Nublado";"Simples";"Reta";"Não";3;1;0;0;1;3;0;5;-21,94774717;-44,18530805;"SPRF-MG";"DEL17-MG";"UOP01-DEL17-MG"
544572;2023-08-25;"sexta-feira";"23:45:00";"SC";282;38,6;"AGUAS MORNAS";"Ingestão de álcool pelo condutor";"Colisão frontal";"Com Vítimas Fatais";"Plena Noite";"Crescente";"Nublado";"Simples";"Curva";"Não";3;1;1;0;0;1;1;3;-27,7132937;-48,8587696;"SPRF-SC";"DEL01-SC";"UOP03-DEL01-SC"
544575;2023-08-26;"sábado";"00:00:00";"GO";153;137;"MARA ROSA";"Ausência de reação do condutor";"Colisão traseira";"Sem Vítimas";"Plena Noite";"Crescente";"Céu Claro";"Simples";"Aclive";"Não";2;0;0;0;2;0;0;2;-13,9671;-49,090271;"SPRF-GO";"DEL07-GO";"UOP01-DEL07-GO"
544579;2023-08-26;"sábado";"00:39:00";"MT";364;134,7;"PEDRA PRETA";"Condutor Dormindo";"Tombamento";"Com Vítimas Fatais";"Plena Noite";"Crescente";"Nublado";"Simples";"Curva;Declive";"Não";2;1;0;0;0;1;0;2;-16,82537001;-54,060275;"SPRF-MT";"DEL02-MT";"UOP01-DEL02-MT"
544584;2023-08-26;"sábado";"03:50:00";"BA";324;606;"SIMOES FILHO";"Ausência de reação do condutor";"Tombamento";"Com Vítimas Feridas";"Plena Noite";"Crescente";"Céu Claro";"Dupla";"Reta";"Não";2;0;1;0;0;1;1;2;-12,79340512;-38,40485325;"SPRF-BA";"DEL01-BA";"UOP01-DEL01-BA"
544586;2023-08-26;"sábado";"01:00:00";"PE";232;318,2;"SERTANIA";"Reação tardia ou ineficiente do condutor";"Colisão lateral sentido oposto";"Com Vítimas Feridas";"Plena Noite";"Crescente";"Céu Claro";"Simples";"Reta";"Não";4;0;0;2;1;2;2;4;-8,12760745;-37,52513618;"SPRF-PE";"DEL04-PE";"UOP02-DEL04-PE"
544587;2023-08-26;"sábado";"04:53:00";"SP";381;40;"ATIBAIA";"Velocidade Incompatível";"Colisão com objeto";"Com Vítimas Feridas";"Amanhecer";"Decrescente";"Chuva";"Dupla";"Em Obras;Reta";"Sim";2;0;1;0;1;0;1;2;-23,12997498;-46,5767598;"SPRF-SP";"DEL03-SP";"UOP01-DEL03-SP"
544588;2023-08-26;"sábado";"05:25:00";"CE";230;44,6;"LAVRAS DA MANGABEIRA";"Transitar na contramão";"Colisão frontal";"Com Vítimas Fatais";"Amanhecer";"Crescente";"Nublado";"Simples";"Curva;Aclive";"Não";3;1;1;1;0;0;2;2;-6,76420279;-38,9955531;"SPRF-CE";"DEL05-CE";"UOP01-DEL05-CE"
544589;2023-08-26;"sábado";"05:50:00";"PR";277;231;"TEIXEIRA SOARES";"Reação tardia ou ineficiente do condutor";"Colisão lateral sentido oposto";"Com Vítimas Fatais";"Amanhecer";"Crescente";"Céu Claro";"Simples";"Reta";"Não";4;1;0;0;2;1;0;4;-25,47102707;-50,47003802;"SPRF-PR";"DEL08-PR";"UOP02-DEL08-PR"
544591;2023-08-26;"sábado";"05:45:00";"MG";40;515,7;"RIBEIRAO DAS NEVES";"Manobra de mudança de faixa";"Colisão lateral mesmo sentido";"Com Vítimas Feridas";"Amanhecer";"Crescente";"Nublado";"Dupla";"Reta;Desvio Temporário;Em Obras";"Não";5;0;1;0;1;3;1;5;-19,8090079;-44,09493479;"SPRF-MG";"DEL01-MG";"UOP02-DEL01-MG"
544595;2023-08-25;"sexta-feira";"18:30:00";"MG";381;594;"CARMOPOLIS DE MINAS";"Condutor deixou de manter distância do veículo da frente";"Colisão traseira";"Sem Vítimas";"Plena Noite";"Crescente";"Céu Claro";"Dupla";"Reta";"Não";3;0;0;0;3;0;0;2;-20,59143674;-44,70067816;"SPRF-MG";"DEL04-MG";"UOP01-DEL04-MG"
544600;2023-08-26;"sábado";"06:45:00";"MG";381;924,5;"CAMANDUCAIA";"Velocidade Incompatível";"Colisão lateral mesmo sentido";"Com Vítimas Feridas";"Pleno dia";"Crescente";"Chuva";"Dupla";"Curva";"Não";3;0;1;0;1;1;1;3;-22,77050246;-46,23490598;"SPRF-MG";"DEL16-MG";"UOP03-DEL16-MG"
544607;2023-08-26;"sábado";"07:00:00";"SP";116;340;"JUQUITIBA";"Velocidade Incompatível";"Tombamento";"Com Vítimas Feridas";"Amanhecer";"Decrescente";"Garoa/Chuvisco";"Dupla";"Curva";"Não";2;0;1;0;0;3;1;4;-24,00328505;-47,15633198;"SPRF-SP";"DEL04-SP";"UOP03-DEL04-SP"
544610;2023-08-26;"sábado";"05:55:00";"MA";316;541;"CAXIAS";"Reação tardia ou ineficiente do condutor";"Colisão lateral mesmo sentido";"Com Vítimas Feridas";"Pleno dia";"Decrescente";"Céu Claro";"Simples";"Reta";"Não";4;0;2;0;1;1;2;3;-4,856601;-43,436214;"SPRF-MA";"DEL03-MA";"UOP02-DEL03-MA"
544615;2023-07-29;"sábado";"07:00:00";"SC";101;124;"ITAJAI";"Ausência de reação do condutor";"Colisão traseira";"Com Vítimas Feridas";"Pleno dia";"Decrescente";"Céu Claro";"Múltipla";"Reta";"Não";3;0;1;0;1;2;1;4;-26,94335064;-48,69198648;"SPRF-SC";"DEL04-SC";"UOP04-DEL04-SC"
544629;2023-08-26;"sábado";"07:50:00";"BA";101;748;"ITABELA";"Problema com o freio";"Capotamento";"Com Vítimas Feridas";"Pleno dia";"Crescente";"Céu Claro";"Simples";"Curva";"Não";3;0;2;0;0;1;2;2;-16,75062719;-39,45294486;"SPRF-BA";"DEL09-BA";"UOP01-DEL09-BA"
544633;2023-08-23;"quarta-feira";"06:00:00";"MG";365;713,7;"MONTE ALEGRE DE MINAS";"Condutor Dormindo";"Colisão lateral sentido oposto";"Com Vítimas Feridas";"Pleno dia";"Crescente";"Céu Claro";"Simples";"Reta";"Não";3;0;1;0;1;2;1;4;-18,87969033;-49,12098699;"SPRF-MG";"DEL15-MG";"UOP03-DEL15-MG"
544639;2023-08-26;"sábado";"05:00:00";"RO";364;423,3;"JARU";"Reação tardia ou ineficiente do condutor";"Colisão com objeto";"Sem Vítimas";"Plena Noite";"Decrescente";"Céu Claro";"Simples";"Reta;Ponte";"Sim";1;0;0;0;1;0;0;1;-10,45220802;-62,46072003;"SPRF-RO";"DEL03-RO";"UOP02-DEL03-RO"
544642;2023-08-26;"sábado";"06:10:00";"RO";364;680;"CANDEIAS DO JAMARI";"Transitar na contramão";"Colisão lateral sentido oposto";"Com Vítimas Fatais";"Amanhecer";"Crescente";"Céu Claro";"Simples";"Em Obras;Reta";"Não";3;1;0;0;2;0;0;2;-8,786;-63,593;"SPRF-RO";"DEL01-RO";"UOP01-DEL01-RO"
544643;2023-08-19;"sábado";"09:10:00";"SP";153;307,5;"SAO PEDRO DO TURVO";"Mal súbito do condutor";"Colisão lateral sentido oposto";"Com Vítimas Feridas";"Amanhecer";"Crescente";"Céu Claro";"Simples";"Reta";"Não";4;0;1;0;2;2;1;5;-22,64811295;-49,88964021;"SPRF-SP";"DEL07-SP";"UOP03-DEL07-SP"
544645;2023-08-26;"sábado";"05:55:00";"SC";116;253,5;"LAGES";"Pedestre andava na pista";"Atropelamento de Pedestre";"Com Vítimas Fatais";"Plena Noite";"Decrescente";"Nublado";"Simples";"Reta";"Não";6;1;0;0;3;2;0;3;-27,862848;-50,391483;"SPRF-SC";"DEL05-SC";"UOP02-DEL05-SC"
544650;2023-08-26;"sábado";"10:00:00";"MG";40;739,5;"SANTOS DUMONT";"Reação tardia ou ineficiente do condutor";"Tombamento";"Com Vítimas Feridas";"Pleno dia";"Crescente";"Nublado";"Simples";"Curva";"Não";2;0;1;0;0;1;1;2;-21,394039;-43,56680295;"SPRF-MG";"DEL05-MG";"UOP01-DEL05-MG"
544655;2023-08-26;"sábado";"10:19:00";"ES";262;25,6;"VIANA";"Transitar na contramão";"Colisão frontal";"Com Vítimas Fatais";"Pleno dia";"Crescente";"Nublado";"Simples";"Reta";"Não";4;1;0;2;1;0;2;2;-20,37910854;-40,53514614;"SPRF-ES";"DEL01-ES";"UOP01-DEL01-ES"
544656;2023-08-26;"sábado";"10:30:00";"SP";116;326;"JUQUITIBA";"Chuva";"Colisão com objeto";"Com Vítimas Feridas";"Pleno dia";"Decrescente";"Chuva";"Dupla";"Curva";"Não";4;0;2;0;1;1;2;3;-23,93901304;-47,06241203;"SPRF-SP";"DEL04-SP";"UOP03-DEL04-SP"
544659;2023-08-26;"sábado";"11:15:00";"SE";101;48,8;"JAPARATUBA";"Problema com o freio";"Tombamento";"Com Vítimas Feridas";"Pleno dia";"Crescente";"Céu Claro";"Dupla";"Curva";"Não";2;0;2;0;0;0;2;1;-10,58662416;-36,97002095;"SPRF-SE";"DEL02-SE";"UOP02-DEL02-SE"
544661;2023-08-26;"sábado";"11:00:00";"BA";116;18,5;"VITORIA DA CONQUISTA";"Conversão proibida";"Colisão lateral mesmo sentido";"Com Vítimas Feridas";"Pleno dia";"Crescente";"Céu Claro";"Simples";"Reta";"Sim";4;0;1;0;2;1;1;3;-14,89654;-40,83001;"SPRF-BA";"DEL08-BA";"UOP01-DEL08-BA"
544662;2023-08-26;"sábado";"11:40:00";"RJ";101;63;"CAMPOS DOS GOYTACAZES";"Acessar a via sem observar a presença dos outros veículos";"Colisão lateral mesmo sentido";"Com Vítimas Feridas";"Pleno dia";"Decrescente";"Garoa/Chuvisco";"Dupla";"Reta";"Sim";5;0;1;0;4;0;1;2;-21,73473386;-41,32504025;"SPRF-RJ";"DEL08-RJ";"UOP01-DEL08-RJ"
544665;2023-08-26;"sábado";"10:30:00";"PA";155;301;"MARABA";"Ausência de reação do condutor";"Saída de leito carroçável";"Com Vítimas Feridas";"Pleno dia";"Decrescente";"Céu Claro";"Simples";"Reta";"Não";1;0;0;1;0;0;1;1;-5,72355612;-49,14191765;"SPRF-PA";"DEL03-PA";"UOP01-DEL03-PA"
544669;2023-08-26;"sábado";"12:46:00";"ES";101;140,8;"LINHARES";"Mal súbito do condutor";"Tombamento";"Com Vítimas Feridas";"Pleno dia";"Crescente";"Céu Claro";"Simples";"Reta";"Sim";3;0;2;0;0;3;2;4;-19,31817306;-40,07552313;"SPRF-ES";"DEL04-ES";"UOP01-DEL04-ES"
544672;2023-08-26;"sábado";"11:05:00";"RS";392;190,7;"SANTANA DA BOA VISTA";"Ausência de reação do condutor";"Colisão traseira";"Com Vítimas Fatais";"Pleno dia";"Crescente";"Céu Claro";"Múltipla";"Reta";"Não";3;1;0;0;1;2;0;4;-30,94257579;-53,09655597;"SPRF-RS";"DEL09-RS";"UOP02-DEL09-RS"
544681;2023-08-26;"sábado";"13:45:00";"GO";153;308;"RIALMA";"Ultrapassagem Indevida";"Colisão lateral mesmo sentido";"Com Vítimas Fatais";"Pleno dia";"Decrescente";"Céu Claro";"Simples";"Aclive;Reta";"Não";3;1;0;0;1;2;0;4;-15,348556;-49,568298;"SPRF-GO";"DEL02-GO";"UOP02-DEL02-GO"
544685;2023-08-26;"sábado";"13:20:00";"PR";376;553;"BALSA NOVA";"Ingestão de álcool pelo condutor";"Saída de leito carroçável";"Sem Vítimas";"Pleno dia";"Decrescente";"Céu Claro";"Dupla";"Curva;Declive";"Não";2;0;0;0;1;3;0;4;-25,47086377;-49,68169198;"SPRF-PR";"DEL03-PR";"UOP03-DEL03-PR"
544701;2023-08-10;"quinta-feira";"05:40:00";"MS";163;650;"RIO VERDE DE MATO GROSSO";"Ausência de reação do condutor";"Tombamento";"Com Vítimas Feridas";"Pleno dia";"Decrescente";"Céu Claro";"Dupla";"Reta";"Não";2;0;1;0;0;1;1;2;-19,16069392;-54,76002175;"SPRF-MS";"DEL06-MS";"UOP02-DEL06-MS"
544711;2023-08-26;"sábado";"14:10:00";"PB";230;234,5;"JUAZEIRINHO";"Reação tardia ou ineficiente do condutor";"Colisão traseira";"Com Vítimas Fatais";"Pleno dia";"Crescente";"Céu Claro";"Simples";"Declive";"Não";2;1;0;0;1;0;0;2;-7,0416;-36,5166;"SPRF-PB";"DEL02-PB";"UOP02-DEL02-PB"
544714;2023-08-26;"sábado";"16:00:00";"MG";40;518;"RIBEIRAO DAS NEVES";"Ausência de reação do condutor";"Colisão lateral mesmo sentido";"Com Vítimas Feridas";"Pleno dia";"Decrescente";"Céu Claro";"Dupla";"Retorno Regulamentado";"Sim";3;0;2;0;1;0;2;2;-19,8321242;-44,08208533;"SPRF-MG";"DEL01-MG";"UOP02-DEL01-MG"
544729;2023-08-26;"sábado";"16:10:00";"MS";163;724;"COXIM";"Reação tardia ou ineficiente do condutor";"Saída de leito carroçável";"Sem Vítimas";"Pleno dia";"Crescente";"Nublado";"Simples";"Aclive;Reta";"Sim";2;0;0;0;1;2;0;3;-18,56046808;-54,75517984;"SPRF-MS";"DEL06-MS";"UOP01-DEL06-MS"
544730;2023-07-05;"quarta-feira";"06:00:00";"MG";365;700;"MONTE ALEGRE DE MINAS";"Ausência de reação do condutor";"Saída de leito carroçável";"Com Vítimas Feridas";"Pleno dia";"Crescente";"Céu Claro";"Dupla";"Reta";"Não";2;0;1;0;0;1;1;2;-18,88013775;-48,99816201;"SPRF-MG";"DEL15-MG";"UOP03-DEL15-MG"
544734;2023-08-26;"sábado";"11:46:00";"MG";381;924,5;"CAMANDUCAIA";"Condutor deixou de manter distância do veículo da frente";"Colisão traseira";"Com Vítimas Feridas";"Pleno dia";"Decrescente";"Chuva";"Dupla";"Curva";"Não";3;0;2;0;0;1;2;2;-22,77050246;-46,23490598;"SPRF-MG";"DEL16-MG";"UOP03-DEL16-MG"
544736;2023-08-23;"quarta-feira";"05:00:00";"PR";476;104;"COLOMBO";"Velocidade Incompatível";"Tombamento";"Com Vítimas Feridas";"Amanhecer";"Decrescente";"Céu Claro";"Simples";"Curva;Declive";"Não";2;0;1;0;0;1;1;2;-25,271278;-49,140888;"SPRF-PR";"DEL01-PR";"UOP01-DEL01-PR"
544741;2023-08-26;"sábado";"17:30:00";"MG";116;715,7;"MURIAE";"Velocidade Incompatível";"Colisão frontal";"Com Vítimas Fatais";"Anoitecer";"Decrescente";"Chuva";"Simples";"Curva";"Não";5;3;0;0;1;1;0;3;-21,21283022;-42,38932659;"SPRF-MG";"DEL07-MG";"UOP02-DEL07-MG"
544742;2023-08-18;"sexta-feira";"16:15:00";"PR";277;80;"CURITIBA";"Transitar no Acostamento";"Colisão traseira";"Com Vítimas Feridas";"Pleno dia";"Crescente";"Céu Claro";"Dupla";"Reta";"Sim";2;0;1;0;0;1;1;2;-25,47388561;-49,20939445;"SPRF-PR";"DEL01-PR";"UOP01-DEL01-PR"
544748;2023-08-26;"sábado";"18:48:00";"MS";163;699;"RIO VERDE DE MATO GROSSO";"Ingestão de álcool pelo condutor";"Colisão lateral sentido oposto";"Com Vítimas Feridas";"Anoitecer";"Crescente";"Céu Claro";"Simples";"Declive;Reta";"Não";3;0;0;1;1;2;1;4;-18,76522925;-54,82786565;"SPRF-MS";"DEL06-MS";"UOP01-DEL06-MS"
544751;2023-08-26;"sábado";"15:20:00";"MT";158;519;"CANARANA";"Reação tardia ou ineficiente do condutor";"Tombamento";"Com Vítimas Feridas";"Pleno dia";"Crescente";"Céu Claro";"Simples";"Reta";"Não";2;0;1;0;0;2;1;3;-13,67337222;-51,99133096;"SPRF-MT";"DEL07-MT";"UOP02-DEL07-MT"
544755;2023-08-26;"sábado";"16:50:00";"BA";116;743,8;"BOA NOVA";"Demais falhas mecânicas ou elétricas";"Incêndio";"Sem Vítimas";"Pleno dia";"Crescente";"Céu Claro";"Simples";"Aclive;Reta";"Não";2;0;0;0;1;1;0;2;-14,37848904;-40,34823985;"SPRF-BA";"DEL08-BA";"UOP02-DEL08-BA"
544763;2023-08-26;"sábado";"20:00:00";"GO";364;15,4;"SAO SIMAO";"Transitar na contramão";"Colisão frontal";"Com Vítimas Fatais";"Plena Noite";"Crescente";"Céu Claro";"Simples";"Reta";"Não";3;1;0;0;1;1;0;3;-18,958576;-50,619792;"SPRF-GO";"DEL05-GO";"UOP02-DEL05-GO"
544764;2023-08-26;"sábado";"18:29:00";"MT";163;749;"SORRISO";"Acumulo de água sobre o pavimento";"Atropelamento de Pedestre";"Com Vítimas Feridas";"Plena Noite";"Crescente";"Chuva";"Dupla";"Declive;Reta";"Sim";4;0;0;1;2;1;1;3;-12,58177961;-55,73344946;"SPRF-MT";"DEL06-MT";"UOP01-DEL06-MT"
544768;2023-07-31;"segunda-feira";"17:15:00";"PA";10;30;"DOM ELISEU";"Ultrapassagem Indevida";"Colisão traseira";"Com Vítimas Feridas";"Pleno dia";"Decrescente";"Céu Claro";"Simples";"Aclive";"Não";3;0;1;0;2;0;1;3;-4,189719;-47,545036;"SPRF-PA";"DEL02-PA";"UOP02-DEL02-PA"
544785;2023-08-26;"sábado";"21:30:00";"BA";101;34,6;"ESPLANADA";"Ingestão de álcool pelo condutor";"Colisão frontal";"Com Vítimas Feridas";"Plena Noite";"Decrescente";"Céu Claro";"Simples";"Aclive;Curva;Interseção de Vias";"Não";3;0;2;0;1;0;2;2;-11,77888863;-37,94589758;"SPRF-SE";"DEL02-SE";"UOP03-DEL02-SE"
544789;2023-08-26;"sábado";"05:00:00";"MG";153;162,5;"COMENDADOR GOMES";"Condutor Dormindo";"Tombamento";"Com Vítimas Feridas";"Plena Noite";"Decrescente";"Céu Claro";"Simples";"Reta";"Não";2;0;1;0;0;1;1;2;-19,68475413;-48,98573457;"SPRF-MG";"DEL13-MG";"UOP02-DEL13-MG"
544792;2023-08-26;"sábado";"19:40:00";"GO";60;377;"RIO VERDE";"Ausência de reação do condutor";"Colisão traseira";"Sem Vítimas";"Plena Noite";"Crescente";"Nublado";"Múltipla";"Reta";"Não";4;0;0;0;3;2;0;4;-17,739;-50,8729;"SPRF-GO";"DEL04-GO";"UOP02-DEL04-GO"
544794;2023-08-26;"sábado";"21:22:00";"MG";50;117;"UBERABA";"Entrada inopinada do pedestre";"Atropelamento de Pedestre";"Com Vítimas Feridas";"Plena Noite";"Decrescente";"Céu Claro";"Dupla";"Reta";"Não";3;0;1;1;0;1;2;2;-19,28290502;-48,12107706;"SPRF-MG";"DEL13-MG";"UOP01-DEL13-MG"
544801;2023-08-26;"sábado";"13:30:00";"RR";174;245;"CARACARAI";"Carga excessiva e/ou mal acondicionada";"Tombamento";"Com Vítimas Feridas";"Pleno dia";"Decrescente";"Céu Claro";"Simples";"Rotatória";"Sim";2;0;1;0;0;1;1;2;1,218244;-60,388416;"SPRF-RR";"DEL01-RR";"UOP01-DEL01-RR"
544806;2023-08-26;"sábado";"15:40:00";"BA";30;238,2;"GUANAMBI";"Curva acentuada";"Colisão frontal";"Com Vítimas Fatais";"Pleno dia";"Crescente";"Céu Claro";"Simples";"Declive;Curva";"Não";4;1;0;2;0;1;2;3;-14,15305488;-42,69887924;"SPRF-BA";"DEL08-BA";"UOP01-DEL08-BA"
544811;2023-08-26;"sábado";"22:36:00";"MG";381;905;"CAMBUI";"Ausência de reação do condutor";"Saída de leito carroçável";"Com Vítimas Fatais";"Plena Noite";"Decrescente";"Céu Claro";"Dupla";"Curva;Declive";"Não";2;2;0;0;0;0;0;1;-22,663971;-46,090927;"SPRF-MG";"DEL16-MG";"UOP03-DEL16-MG"
544818;2023-08-27;"domingo";"03:20:00";"MT";163;689;"LUCAS DO RIO VERDE";"Acessar a via sem observar a presença dos outros veículos";"Colisão transversal";"Com Vítimas Feridas";"Amanhecer";"Crescente";"Garoa/Chuvisco";"Simples";"Reta";"Sim";3;0;1;0;2;0;1;2;-13,06586825;-55,9228689;"SPRF-MT";"DEL06-MT";"UOP01-DEL06-MT"
544820;2023-08-27;"domingo";"02:30:00";"MG";381;759;"TRES CORACOES";"Reação tardia ou ineficiente do condutor";"Colisão traseira";"Com Vítimas Feridas";"Plena Noite";"Crescente";"Nublado";"Dupla";"Reta";"Não";4;0;1;0;2;2;1;4;-21,71597801;-45,37713297;"SPRF-MG";"DEL16-MG";"UOP02-DEL16-MG"