"id";"data_inversa";"dia_semana";"horario";"uf";"br";"km";"municipio";"causa_acidente";"tipo_acidente";"classificacao_acidente";"fase_dia";"sentido_via";"condicao_metereologica";"tipo_pista";"tracado_via";"uso_solo";"pessoas";"mortos";"feridos_leves";"feridos_graves";"ilesos";"ignorados";"feridos";"veiculos";"latitude";"longitude";"regional";"delegacia";"uop"
544825;2023-08-27;"domingo";"03:40:00";"SC";101;415,2;"ARARANGUA";"Pedestre andava na pista";"Atropelamento de Pedestre";"Com Vítimas Fatais";"Plena Noite";"Decrescente";"Céu Claro";"Múltipla";"Aclive;Reta";"Sim";2;1;0;0;0;1;0;2;-28,967426;-49,523559;"SPRF-SC";"DEL02-SC";"UOP02-DEL02-SC"
544831;2023-08-27;"domingo";"03:15:00";"MG";116;222,1;"CATUJI";"Ingestão de álcool pelo condutor";"Colisão frontal";"Com Vítimas Feridas";"Plena Noite";"Decrescente";"Chuva";"Simples";"Curva;Declive";"Não";6;0;2;3;0;1;5;3;-17,423266;-41,513863;"SPRF-MG";"DEL11-MG";"UOP01-DEL11-MG"
544854;2023-08-27;"domingo";"07:25:00";"MG";116;770;"LEOPOLDINA";"Velocidade Incompatível";"Colisão frontal";"Com Vítimas Feridas";"Pleno dia";"Decrescente";"Chuva";"Simples";"Curva";"Não";3;0;1;0;0;2;1;3;-21,55054675;-42,67361103;"SPRF-MG";"DEL07-MG";"UOP01-DEL07-MG"
544858;2023-08-27;"domingo";"06:05:00";"RO";421;51;"MONTE NEGRO";"Conversão proibida";"Colisão transversal";"Com Vítimas Feridas";"Amanhecer";"Decrescente";"Chuva";"Simples";"Reta";"Sim";2;0;1;0;1;0;1;2;-10,270235;-63,300957;"SPRF-RO";"DEL03-RO";"UOP01-DEL03-RO"
544859;2023-08-27;"domingo";"07:09:00";"TO";153;437;"MIRACEMA DO TOCANTINS";"Reação tardia ou ineficiente do condutor";"Saída de leito carroçável";"Com Vítimas Feridas";"Amanhecer";"Decrescente";"Céu Claro";"Simples";"Reta";"Não";2;0;1;0;0;3;1;4;-9,7153932;-48,6830002;"SPRF-TO";"DEL01-TO";"UOP01-DEL01-TO"
544865;2023-08-27;"domingo";"07:50:00";"MT";364;345;"SANTO ANTONIO DO LEVERGER";"Reação tardia ou ineficiente do condutor";"Tombamento";"Com Vítimas Feridas";"Pleno dia";"Crescente";"Céu Claro";"Dupla";"Curva";"Não";2;0;1;0;0;3;1;4;-15,81787097;-55,53388099;"SPRF-MT";"DEL05-MT";"UOP02-DEL05-MT"
544878;2023-08-27;"domingo";"11:00:00";"RO";364;236;"CACOAL";"Condutor deixou de manter distância do veículo da frente";"Engavetamento";"Com Vítimas Feridas";"Pleno dia";"Crescente";"Céu Claro";"Simples";"Em Obras;Aclive;Reta";"Não";7;0;1;0;5;1;1;3;-11,44587672;-61,43784993;"SPRF-RO";"DEL02-RO";"UOP02-DEL02-RO"
544891;2023-08-27;"domingo";"06:00:00";"MG";251;283;"SALINAS";"Ultrapassagem Indevida";"Colisão lateral sentido oposto";"Com Vítimas Feridas";"Pleno dia";"Decrescente";"Nublado";"Simples";"Aclive;Reta";"Não";5;0;1;0;1;3;1;5;-16,03954626;-42,13592897;"SPRF-MG";"DEL12-MG";"UOP02-DEL12-MG"
544894;2023-08-27;"domingo";"13:00:00";"MG";381;483;"BETIM";"Manobra de mudança de faixa";"Colisão lateral mesmo sentido";"Com Vítimas Feridas";"Pleno dia";"Crescente";"Nublado";"Dupla";"Declive;Reta";"Sim";2;0;1;0;0;1;1;2;-19,95594491;-44,10721699;"SPRF-MG";"DEL01-MG";"UOP03-DEL01-MG"
544913;2023-08-15;"terça-feira";"10:50:00";"PI";343;344,8;"TERESINA";"Condutor deixou de manter distância do veículo da frente";"Colisão lateral mesmo sentido";"Com Vítimas Feridas";"Pleno dia";"Decrescente";"Céu Claro";"Simples";"Reta";"Não";3;0;0;1;1;1;1;3;-5,094729;-42,762775;"SPRF-PI";"DEL01-PI";"UOP01-DEL01-PI"
544922;2023-08-27;"domingo";"15:55:00";"SP";153;22,7;"NOVA GRANADA";"Ausência de reação do condutor";"Tombamento";"Com Vítimas Feridas";"Pleno dia";"Crescente";"Nublado";"Simples";"Aclive";"Não";2;0;1;0;0;2;1;3;-20,476847;-49,296506;"SPRF-SP";"DEL09-SP";"UOP01-DEL09-SP"
544932;2023-08-27;"domingo";"15:20:00";"MG";381;324;"NOVA ERA";"Velocidade Incompatível";"Colisão frontal";"Com Vítimas Feridas";"Pleno dia";"Decrescente";"Chuva";"Simples";"Curva";"Não";3;0;1;0;1;1;1;3;-19,759028;-43,028651;"SPRF-MG";"DEL03-MG";"UOP02-DEL03-MG"
544935;2023-08-27;"domingo";"16:30:00";"PR";116;35,3;"CAMPINA GRANDE DO SUL";"Reação tardia ou ineficiente do condutor";"Colisão traseira";"Com Vítimas Feridas";"Anoitecer";"Decrescente";"Garoa/Chuvisco";"Dupla";"Curva";"Não";4;0;2;0;1;3;2;5;-25,126812;-48,85716;"SPRF-PR";"DEL01-PR";"UOP02-DEL01-PR"
544939;2023-08-27;"domingo";"02:45:00";"PI";407;600;"ACAUA";"Reação tardia ou ineficiente do condutor";"Tombamento";"Com Vítimas Feridas";"Plena Noite";"Decrescente";"Céu Claro";"Simples";"Reta";"Não";2;0;0;1;0;1;1;2;-8,34086699;-41,06296704;"SPRF-PI";"DEL04-PI";"UOP01-DEL04-PI"
544945;2023-08-27;"domingo";"16:20:00";"PR";369;17,8;"CAMBARA";"Acessar a via sem observar a presença dos outros veículos";"Colisão transversal";"Com Vítimas Feridas";"Pleno dia";"Decrescente";"Céu Claro";"Simples";"Reta;Interseção de Vias;Declive";"Sim";4;0;3;0;1;0;3;2;-23,033501;-50,0595;"SPRF-PR";"DEL07-PR";"UOP05-DEL07-PR"
544951;2023-08-27;"domingo";"17:20:00";"PR";277;396;"CANDOI";"Acessar a via sem observar a presença dos outros veículos";"Colisão traseira";"Com Vítimas Feridas";"Pleno dia";"Crescente";"Sol";"Simples";"Rotatória";"Sim";5;0;2;0;3;0;2;2;-25,44610025;-51,88783898;"SPRF-PR";"DEL08-PR";"UOP01-DEL08-PR"
544963;2023-08-27;"domingo";"18:20:00";"SP";116;162;"JACAREI";"Reação tardia ou ineficiente do condutor";"Colisão traseira";"Com Vítimas Feridas";"Plena Noite";"Decrescente";"Chuva";"Múltipla";"Reta";"Não";2;0;1;0;0;1;1;2;-23,28133317;-45,98394689;"SPRF-SP";"DEL02-SP";"UOP01-DEL02-SP"
544978;2023-08-27;"domingo";"17:15:00";"BA";407;169;"PONTO NOVO";"Ultrapassagem Indevida";"Colisão lateral sentido oposto";"Com Vítimas Feridas";"Pleno dia";"Crescente";"Céu Claro";"Simples";"Reta";"Não";5;0;2;1;1;2;3;4;-10,83017998;-40,11418081;"SPRF-BA";"DEL04-BA";"UOP01-DEL04-BA"
544981;2023-08-27;"domingo";"11:30:00";"PE";428;35;"OROCO";"Demais falhas mecânicas ou elétricas";"Capotamento";"Com Vítimas Feridas";"Pleno dia";"Crescente";"Céu Claro";"Simples";"Reta";"Não";2;0;1;1;0;0;2;1;-8,53655813;-39,51949393;"SPRF-PE";"DEL05-PE";"UOP03-DEL05-PE"
544991;2023-08-27;"domingo";"17:30:00";"RJ";493;22,5;"MAGE";"Chuva";"Colisão frontal";"Com Vítimas Fatais";"Anoitecer";"Decrescente";"Chuva";"Simples";"Curva";"Sim";7;3;1;2;0;1;3;3;-22,65860118;-43,05589199;"SPRF-RJ";"DEL04-RJ";"UOP02-DEL04-RJ"
544993;2023-08-27;"domingo";"20:30:00";"SC";101;104,3;"BALNEARIO PICARRAS";"Reação tardia ou ineficiente do condutor";"Colisão traseira";"Sem Vítimas";"Plena Noite";"Crescente";"Nublado";"Dupla";"Reta";"Não";4;0;0;0;4;0;0;2;-26,79281742;-48,68080819;"SPRF-SC";"DEL03-SC";"UOP02-DEL03-SC"
544994;2023-08-27;"domingo";"21:30:00";"SP";116;473;"JACUPIRANGA";"Reação tardia ou ineficiente do condutor";"Saída de leito carroçável";"Com Vítimas Feridas";"Plena Noite";"Decrescente";"Garoa/Chuvisco";"Dupla";"Curva";"Não";2;0;1;0;0;1;1;2;-24,67227596;-47,97879913;"SPRF-SP";"DEL05-SP";"UOP01-DEL05-SP"
544995;2023-08-27;"domingo";"20:40:00";"MS";163;26;"MUNDO NOVO";"Acessar a via sem observar a presença dos outros veículos";"Colisão transversal";"Com Vítimas Feridas";"Plena Noite";"Crescente";"Céu Claro";"Simples";"Interseção de Vias";"Não";4;0;1;1;1;2;2;4;-23,88211103;-54,31859604;"SPRF-MS";"DEL09-MS";"UOP02-DEL09-MS"
545001;2023-08-27;"domingo";"21:28:00";"MG";381;674,9;"PERDOES";"Manobra de mudança de faixa";"Colisão lateral mesmo sentido";"Com Vítimas Feridas";"Plena Noite";"Decrescente";"Chuva";"Dupla";"Curva";"Sim";3;0;1;0;1;1;1;2;-21,09004582;-45,07029533;"SPRF-MG";"DEL04-MG";"UOP02-DEL04-MG"
545003;2023-08-27;"domingo";"19:20:00";"MG";116;690;"MURIAE";"Ausência de reação do condutor";"Colisão traseira";"Com Vítimas Feridas";"Plena Noite";"Crescente";"Garoa/Chuvisco";"Simples";"Aclive;Reta";"Não";3;0;2;0;0;1;2;2;-21,0228008;-42,36204836;"SPRF-MG";"DEL07-MG";"UOP02-DEL07-MG"
545007;2023-08-27;"domingo";"21:00:00";"RJ";40;121;"DUQUE DE CAXIAS";"Ausência de reação do condutor";"Colisão transversal";"Com Vítimas Feridas";"Plena Noite";"Crescente";"Chuva";"Dupla";"Reta";"Sim";4;0;1;2;0;1;3;2;-22,78185499;-43,28571273;"SPRF-RJ";"DEL01-RJ";"UOP01-DEL01-RJ"
545011;2023-08-27;"domingo";"22:40:00";"BA";101;713,9;"EUNAPOLIS";"Ingestão de álcool pelo condutor";"Colisão frontal";"Com Vítimas Fatais";"Plena Noite";"Crescente";"Nublado";"Simples";"Reta";"Sim";3;1;0;0;2;0;0;3;-16,3458688;-39,58045721;"SPRF-BA";"DEL09-BA";"UOP01-DEL09-BA"
545018;2023-08-27;"domingo";"23:30:00";"BA";242;719;"CRISTOPOLIS";"Acessar a via sem observar a presença dos outros veículos";"Colisão transversal";"Sem Vítimas";"Plena Noite";"Crescente";"Nublado";"Simples";"Interseção de Vias;Reta";"Não";3;0;0;0;1;2;0;3;-12,23271775;-44,37773824;"SPRF-BA";"DEL10-BA";"UOP02-DEL10-BA"
545022;2023-08-27;"domingo";"21:30:00";"PA";163;960;"BELTERRA";"Reação tardia ou ineficiente do condutor";"Tombamento";"Com Vítimas Feridas";"Plena Noite";"Crescente";"Céu Claro";"Simples";"Reta";"Não";3;0;2;0;0;3;2;4;-2,71293896;-54,9001872;"SPRF-PA";"DEL05-PA";"UOP01-DEL05-PA"
545033;2023-08-28;"segunda-feira";"01:55:00";"MG";381;364;"SAO GONCALO DO RIO ABAIXO";"Velocidade Incompatível";"Tombamento";"Com Vítimas Feridas";"Plena Noite";"Decrescente";"Chuva";"Simples";"Curva;Declive";"Não";2;0;1;0;0;1;1;2;-19,84955579;-43,25424839;"SPRF-MG";"DEL03-MG";"UOP01-DEL03-MG"
545034;2023-08-27;"domingo";"22:30:00";"GO";80;2,5;"PADRE BERNARDO";"Reação tardia ou ineficiente do condutor";"Saída de leito carroçável";"Com Vítimas Feridas";"Plena Noite";"Crescente";"Chuva";"Dupla";"Curva";"Não";2;0;2;0;0;0;2;1;-15,50138786;-48,2163763;"SPRF-DF";"DEL03-DF";"UOP02-DEL03-DF"
545037;2023-08-27;"domingo";"21:30:00";"MT";174;586;"COMODORO";"Transitar na contramão";"Colisão frontal";"Com Vítimas Fatais";"Plena Noite";"Crescente";"Ignorado";"Simples";"Declive";"Não";3;1;0;0;1;1;0;3;-12,84507893;-60,07070273;"SPRF-MT";"DEL04-MT";"UOP02-DEL04-MT"
545039;2023-08-28;"segunda-feira";"02:40:00";"PR";376;668;"GUARATUBA";"Problema com o freio";"Colisão com objeto";"Com Vítimas Feridas";"Plena Noite";"Decrescente";"Nublado";"Simples";"Curva;Declive";"Não";3;0;1;0;1;2;1;4;-25,864159;-48,937538;"SPRF-PR";"DEL01-PR";"UOP04-DEL01-PR"
545040;2023-08-27;"domingo";"17:25:00";"ES";101;148;"LINHARES";"Condutor desrespeitou a iluminação vermelha do semáforo";"Colisão transversal";"Com Vítimas Feridas";"Anoitecer";"Decrescente";"Chuva";"Múltipla";"Interseção de Vias;Reta";"Sim";4;0;1;0;3;0;1;2;-19,38787399;-40,06752766;"SPRF-ES";"DEL04-ES";"UOP01-DEL04-ES"
545041;2023-08-27;"domingo";"16:00:00";"RO";435;96;"COLORADO DO OESTE";"Ultrapassagem Indevida";"Saída de leito carroçável";"Com Vítimas Feridas";"Pleno dia";"Crescente";"Nublado";"Simples";"Reta";"Não";3;0;0;1;0;5;1;6;-13,1924849;-60,61775208;"SPRF-RO";"DEL04-RO";"UOP02-DEL04-RO"
545042;2023-07-22;"sábado";"22:20:00";"RS";101;8,8;"TORRES";"Ingestão de álcool pelo condutor";"Colisão traseira";"Sem Vítimas";"Plena Noite";"Decrescente";"Céu Claro";"Dupla";"Reta";"Sim";2;0;0;0;2;0;0;2;-29,36042487;-49,80779711;"SPRF-RS";"DEL03-RS";"UOP02-DEL03-RS"
545043;2023-08-28;"segunda-feira";"04:00:00";"SP";116;128;"CACAPAVA";"Demais falhas mecânicas ou elétricas";"Incêndio";"Sem Vítimas";"Plena Noite";"Crescente";"Nublado";"Dupla";"Reta";"Sim";1;0;0;0;1;0;0;1;-23,11454664;-45,71105567;"SPRF-SP";"DEL02-SP";"UOP02-DEL02-SP"
545044;2023-08-28;"segunda-feira";"03:30:00";"PR";369;183,2;"ARAPONGAS";"Acessar a via sem observar a presença dos outros veículos";"Colisão transversal";"Com Vítimas Feridas";"Plena Noite";"Crescente";"Céu Claro";"Dupla";"Reta;Interseção de Vias";"Sim";2;0;1;0;1;0;1;2;-23,39368052;-51,42383695;"SPRF-PR";"DEL07-PR";"UOP03-DEL07-PR"
545048;2023-08-28;"segunda-feira";"05:40:00";"BA";110;321;"ALAGOINHAS";"Velocidade Incompatível";"Colisão traseira";"Com Vítimas Feridas";"Amanhecer";"Decrescente";"Céu Claro";"Simples";"Curva";"Não";3;0;1;0;0;2;1;3;-12,07521394;-38,34597792;"SPRF-BA";"DEL01-BA";"UOP04-DEL01-BA"
545049;2023-08-28;"segunda-feira";"05:55:00";"PR";277;584;"CASCAVEL";"Manobra de mudança de faixa";"Colisão traseira";"Com Vítimas Feridas";"Amanhecer";"Decrescente";"Céu Claro";"Múltipla";"Interseção de Vias";"Sim";2;0;1;0;1;0;1;2;-24,96684176;-53,40258186;"SPRF-PR";"DEL04-PR";"UOP01-DEL04-PR"
545051;2023-08-28;"segunda-feira";"06:10:00";"RS";472;572;"URUGUAIANA";"Animais na Pista";"Atropelamento de Animal";"Com Vítimas Feridas";"Plena Noite";"Crescente";"Céu Claro";"Simples";"Reta";"Não";5;0;1;0;3;1;1;3;-29,73717678;-56,9690701;"SPRF-RS";"DEL13-RS";"UOP01-DEL13-RS"
545052;2023-08-28;"segunda-feira";"05:47:00";"MS";163;80;"ITAQUIRAI";"Condutor deixou de manter distância do veículo da frente";"Colisão traseira";"Com Vítimas Feridas";"Pleno dia";"Crescente";"Céu Claro";"Simples";"Reta";"Não";3;0;1;0;1;1;1;3;-23,45800218;-54,1957354;"SPRF-MS";"DEL09-MS";"UOP01-DEL09-MS"
545055;2023-08-27;"domingo";"09:30:00";"MA";316;611;"TIMON";"Desrespeitar a preferência no cruzamento";"Colisão transversal";"Com Vítimas Feridas";"Pleno dia";"Crescente";"Céu Claro";"Dupla";"Rotatória";"Sim";3;0;1;1;1;0;2;2;-5,07093871;-42,87456393;"SPRF-MA";"DEL03-MA";"UOP02-DEL03-MA"
545056;2023-08-28;"segunda-feira";"02:30:00";"PI";316;87,5;"OLHO DAGUA DO PIAUI";"Ultrapassagem Indevida";"Colisão lateral sentido oposto";"Com Vítimas Feridas";"Plena Noite";"Decrescente";"Céu Claro";"Simples";"Em Obras;Curva";"Não";5;0;4;0;1;0;4;2;-5,7826605;-42,57911052;"SPRF-PI";"DEL04-PI";"UOP02-DEL04-PI"
545057;2023-08-28;"segunda-feira";"06:15:00";"PR";376;526,5;"PONTA GROSSA";"Ausência de reação do condutor";"Saída de leito carroçável";"Com Vítimas Feridas";"Pleno dia";"Decrescente";"Céu Claro";"Dupla";"Curva;Declive";"Não";2;0;0;1;1;0;1;1;-25,269966;-49,934059;"SPRF-PR";"DEL03-PR";"UOP04-DEL03-PR"
545060;2023-08-28;"segunda-feira";"07:05:00";"SC";101;205;"SAO JOSE";"Ausência de reação do condutor";"Colisão lateral mesmo sentido";"Com Vítimas Feridas";"Pleno dia";"Decrescente";"Céu Claro";"Múltipla";"Reta";"Não";2;0;1;0;1;0;1;2;-27,58313237;-48,61532885;"SPRF-SC";"DEL01-SC";"UOP01-DEL01-SC"
545065;2023-08-28;"segunda-feira";"07:50:00";"RN";101;109;"PARNAMIRIM";"Pista esburacada";"Queda de ocupante de veículo";"Com Vítimas Feridas";"Pleno dia";"Decrescente";"Céu Claro";"Dupla";"Reta";"Não";4;0;0;2;1;1;2;3;-5,937378;-35,26483;"SPRF-RN";"DEL01-RN";"UOP01-DEL01-RN"
545070;2023-08-28;"segunda-feira";"08:30:00";"PR";277;656,2;"MATELANDIA";"Manobra de mudança de faixa";"Saída de leito carroçável";"Com Vítimas Feridas";"Pleno dia";"Decrescente";"Céu Claro";"Dupla";"Reta";"Não";4;0;1;0;2;2;1;4;-25,23423637;-53,96184188;"SPRF-PR";"DEL05-PR";"UOP02-DEL05-PR"
545088;2023-08-28;"segunda-feira";"08:10:00";"MG";116;515;"UBAPORANGA";"Transitar na contramão";"Colisão lateral sentido oposto";"Sem Vítimas";"Pleno dia";"Crescente";"Chuva";"Simples";"Curva";"Não";2;0;0;0;2;0;0;2;-19,68778501;-42,11758577;"SPRF-MG";"DEL06-MG";"UOP02-DEL06-MG"
545092;2023-08-28;"segunda-feira";"09:24:00";"GO";153;518;"HIDROLANDIA";"Manobra de mudança de faixa";"Saída de leito carroçável";"Sem Vítimas";"Pleno dia";"Crescente";"Céu Claro";"Dupla";"Aclive;Reta";"Não";2;0;0;0;1;1;0;2;-16,867;-49,2505;"SPRF-GO";"DEL01-GO";"UOP03-DEL01-GO"
545093;2023-08-28;"segunda-feira";"07:37:00";"PB";230;278;"SANTA LUZIA";"Ausência de reação do condutor";"Saída de leito carroçável";"Com Vítimas Feridas";"Pleno dia";"Crescente";"Céu Claro";"Simples";"Reta";"Não";2;0;2;0;0;0;2;1;-6,9513;-36,8451;"SPRF-PB";"DEL03-PB";"UOP01-DEL03-PB"
545094;2023-08-28;"segunda-feira";"07:07:00";"SP";116;45;"CANAS";"Avarias e/ou desgaste excessivo no pneu";"Tombamento";"Com Vítimas Feridas";"Pleno dia";"Crescente";"Nublado";"Dupla";"Aclive;Reta";"Não";3;0;2;0;1;0;2;2;-22,70843505;-45,04559397;"SPRF-SP";"DEL08-SP";"UOP02-DEL08-SP"
545098;2023-08-28;"segunda-feira";"09:00:00";"CE";222;127,1;"ITAPAJE";"Reação tardia ou ineficiente do condutor";"Colisão traseira";"Sem Vítimas";"Pleno dia";"Crescente";"Céu Claro";"Simples";"Aclive;Reta";"Não";5;0;0;0;3;3;0;5;-3,70184137;-39,60669592;"SPRF-CE";"DEL04-CE";"UOP03-DEL04-CE"
545104;2023-08-28;"segunda-feira";"08:25:00";"MS";262;344;"CAMPO GRANDE";"Manobra de mudança de faixa";"Colisão lateral mesmo sentido";"Sem Vítimas";"Pleno dia";"Crescente";"Céu Claro";"Simples";"Rotatória";"Não";3;0;0;0;2;1;0;3;-20,58313686;-54,58446511;"SPRF-MS";"DEL01-MS";"UOP03-DEL01-MS"
545105;2023-08-28;"segunda-feira";"09:30:00";"MG";381;760,7;"TRES CORACOES";"Velocidade Incompatível";"Colisão traseira";"Com Vítimas Feridas";"Pleno dia";"Decrescente";"Nublado";"Dupla";"Aclive;Reta";"Não";3;0;1;0;1;2;1;4;-21,69886361;-45,36703348;"SPRF-MG";"DEL16-MG";"UOP02-DEL16-MG"
545108;2023-08-28;"segunda-feira";"07:00:00";"ES";101;435;"ATILIO VIVACQUA";"Chuva";"Tombamento";"Com Vítimas Feridas";"Plena Noite";"Crescente";"Chuva";"Simples";"Curva";"Não";1;0;1;0;0;0;1;1;-21,05500952;-41,19609059;"SPRF-ES";"DEL03-ES";"UOP02-DEL03-ES"
545123;2023-07-16;"domingo";"12:30:00";"GO";153;631,4;"MORRINHOS";"Condutor deixou de manter distância do veículo da frente";"Colisão traseira";"Com Vítimas Feridas";"Pleno dia";"Crescente";"Céu Claro";"Dupla";"Aclive;Reta";"Não";7;0;1;0;2;4;1;6;-17,8017;-49,2067;"SPRF-GO";"DEL03-GO";"UOP01-DEL03-GO"
545127;2023-08-28;"segunda-feira";"11:19:00";"SE";101;54;"CARMOPOLIS";"Condutor deixou de manter distância do veículo da frente";"Colisão traseira";"Com Vítimas Feridas";"Pleno dia";"Crescente";"Céu Claro";"Simples";"Reta;Em Obras";"Não";3;0;0;1;2;0;1;2;-10,62656711;-36,99773792;"SPRF-SE";"DEL02-SE";"UOP02-DEL02-SE"
545129;2023-08-28;"segunda-feira";"10:30:00";"MG";251;502;"FRANCISCO SA";"Problema com o freio";"Saída de leito carroçável";"Sem Vítimas";"Pleno dia";"Decrescente";"Chuva";"Simples";"Aclive;Reta";"Não";1;0;0;0;1;0;0;1;-16,60880407;-43,65899216;"SPRF-MG";"DEL12-MG";"UOP01-DEL12-MG"
545130;2023-08-28;"segunda-feira";"12:30:00";"PB";230;156;"CAMPINA GRANDE";"Acessar a via sem observar a presença dos outros veículos";"Saída de leito carroçável";"Sem Vítimas";"Pleno dia";"Decrescente";"Céu Claro";"Simples";"Retorno Regulamentado;Rotatória;Reta";"Não";2;0;0;0;2;0;0;2;-7,2693;-35,9138;"SPRF-PB";"DEL02-PB";"UOP01-DEL02-PB"
545135;2023-08-28;"segunda-feira";"10:59:00";"PI";316;310;"PICOS";"Pedestre cruzava a pista fora da faixa";"Atropelamento de Pedestre";"Com Vítimas Feridas";"Pleno dia";"Decrescente";"Céu Claro";"Simples";"Reta";"Sim";3;0;0;1;2;0;1;2;-7,07639186;-41,47475001;"SPRF-PI";"DEL04-PI";"UOP01-DEL04-PI"
545140;2023-08-28;"segunda-feira";"12:10:00";"BA";116;832;"VITORIA DA CONQUISTA";"Acessar a via sem observar a presença dos outros veículos";"Colisão transversal";"Com Vítimas Feridas";"Pleno dia";"Decrescente";"Nublado";"Simples";"Interseção de Vias;Reta";"Não";3;0;1;0;2;0;1;2;-14,85593072;-40,84931252;"SPRF-BA";"DEL08-BA";"UOP01-DEL08-BA"
545142;2023-06-29;"quinta-feira";"12:40:00";"MG";116;36,3;"CACHOEIRA DE PAJEU";"Reação tardia ou ineficiente do condutor";"Tombamento";"Com Vítimas Fatais";"Pleno dia";"Decrescente";"Garoa/Chuvisco";"Simples";"Declive;Curva";"Não";2;1;0;0;0;1;0;2;-15,94950705;-41,40264747;"SPRF-MG";"DEL11-MG";"UOP02-DEL11-MG"
545145;2023-08-28;"segunda-feira";"09:20:00";"SC";280;264;"IRINEOPOLIS";"Ultrapassagem Indevida";"Colisão lateral mesmo sentido";"Com Vítimas Feridas";"Pleno dia";"Decrescente";"Nublado";"Simples";"Reta;Declive";"Não";3;0;1;0;1;2;1;4;-26,2624955;-50,67821301;"SPRF-SC";"DEL06-SC";"UOP04-DEL06-SC"
545149;2023-08-28;"segunda-feira";"09:00:00";"RJ";495;10;"PETROPOLIS";"Demais falhas mecânicas ou elétricas";"Incêndio";"Sem Vítimas";"Pleno dia";"Crescente";"Chuva";"Dupla";"Curva";"Não";1;0;0;0;1;0;0;1;-22,412571;-43,027103;"SPRF-RJ";"DEL04-RJ";"UOP01-DEL04-RJ"
545151;2023-08-28;"segunda-feira";"12:47:00";"ES";101;183;"ARACRUZ";"Condutor Dormindo";"Colisão frontal";"Com Vítimas Feridas";"Pleno dia";"Crescente";"Chuva";"Simples";"Curva";"Não";3;0;2;0;1;0;2;2;-19,64708421;-40,23286555;"SPRF-ES";"DEL04-ES";"UOP01-DEL04-ES"
545155;2023-08-28;"segunda-feira";"12:55:00";"MS";163;649,8;"RIO VERDE DE MATO GROSSO";"Demais falhas mecânicas ou elétricas";"Saída de leito carroçável";"Sem Vítimas";"Pleno dia";"Crescente";"Sol";"Simples";"Aclive";"Não";1;0;0;0;1;0;0;1;-19,16918;-54,756944;"SPRF-MS";"DEL06-MS";"UOP02-DEL06-MS"
545158;2023-08-28;"segunda-feira";"14:50:00";"PR";116;126;"FAZENDA RIO GRANDE";"Acessar a via sem observar a presença dos outros veículos";"Colisão lateral mesmo sentido";"Com Vítimas Feridas";"Pleno dia";"Crescente";"Nublado";"Simples";"Curva";"Não";3;0;1;0;1;1;1;3;-25,64078841;-49,31283653;"SPRF-PR";"DEL01-PR";"UOP03-DEL01-PR"
545159;2023-08-28;"segunda-feira";"14:20:00";"RJ";116;183;"NOVA IGUACU";"Ausência de reação do condutor";"Engavetamento";"Sem Vítimas";"Pleno dia";"Crescente";"Céu Claro";"Dupla";"Reta";"Não";6;0;0;0;5;1;0;4;-22,7516014;-43,43849831;"SPRF-RJ";"DEL01-RJ";"UOP02-DEL01-RJ"
545172;2023-08-28;"segunda-feira";"14:30:00";"RS";285;217;"CASEIROS";"Demais falhas mecânicas ou elétricas";"Tombamento";"Com Vítimas Feridas";"Pleno dia";"Decrescente";"Céu Claro";"Simples";"Rotatória";"Sim";2;0;1;0;0;1;1;2;-28,273781;-51,681526;"SPRF-RS";"DEL08-RS";"UOP05-DEL08-RS"
545174;2023-08-28;"segunda-feira";"16:20:00";"ES";101;217,4;"IBIRACU";"Velocidade Incompatível";"Colisão traseira";"Com Vítimas Feridas";"Pleno dia";"Decrescente";"Chuva";"Dupla";"Curva";"Não";3;0;1;0;1;1;1;3;-19,847186;-40,384266;"SPRF-ES";"DEL02-ES";"UOP01-DEL02-ES"
545175;2023-08-28;"segunda-feira";"15:25:00";"RS";386;347;"LAJEADO";"Ausência de reação do condutor";"Colisão traseira";"Com Vítimas Feridas";"Pleno dia";"Decrescente";"Céu Claro";"Dupla";"Reta";"Sim";5;0;0;2;2;2;2;5;-29,451736;-51,965893;"SPRF-RS";"DEL04-RS";"UOP01-DEL04-RS"
545181;2023-08-28;"segunda-feira";"14:40:00";"RJ";393;229;"VASSOURAS";"Condutor Dormindo";"Saída de leito carroçável";"Com Vítimas Feridas";"Pleno dia";"Decrescente";"Chuva";"Simples";"Curva";"Não";2;0;1;0;0;1;1;2;-22,35662374;-43,59317007;"SPRF-RJ";"DEL05-RJ";"UOP03-DEL05-RJ"
545182;2023-08-28;"segunda-feira";"04:00:00";"MG";116;11;"DIVISA ALEGRE";"Demais falhas mecânicas ou elétricas";"Incêndio";"Sem Vítimas";"Amanhecer";"Decrescente";"Nevoeiro/Neblina";"Simples";"Declive";"Não";1;0;0;0;1;0;0;1;-15,79280203;-41,34152578;"SPRF-BA";"DEL08-BA";"UOP03-DEL08-BA"
545189;2023-08-28;"segunda-feira";"17:00:00";"PR";163;286;"MARECHAL CANDIDO RONDON";"Suicídio (presumido)";"Colisão lateral sentido oposto";"Com Vítimas Feridas";"Pleno dia";"Crescente";"Céu Claro";"Simples";"Curva";"Não";3;0;0;1;1;1;1;3;-24,568102;-54,034168;"SPRF-PR";"DEL06-PR";"UOP02-DEL06-PR"
545191;2023-08-28;"segunda-feira";"16:55:00";"PA";316;64;"CASTANHAL";"Conversão proibida";"Colisão traseira";"Com Vítimas Feridas";"Pleno dia";"Crescente";"Sol";"Dupla";"Reta";"Sim";5;0;1;0;4;0;1;5;-1,295733;-47,911443;"SPRF-PA";"DEL01-PA";"UOP01-DEL01-PA"