"id";"data_inversa";"dia_semana";"horario";"uf";"br";"km";"municipio";"causa_acidente";"tipo_acidente";"classificacao_acidente";"fase_dia";"sentido_via";"condicao_metereologica";"tipo_pista";"tracado_via";"uso_solo";"pessoas";"mortos";"feridos_leves";"feridos_graves";"ilesos";"ignorados";"feridos";"veiculos";"latitude";"longitude";"regional";"delegacia";"uop"
545194;2023-08-28;"segunda-feira";"16:40:00";"SC";282;612,8;"MARAVILHA";"Ultrapassagem Indevida";"Colisão lateral mesmo sentido";"Com Vítimas Feridas";"Pleno dia";"Decrescente";"Sol";"Simples";"Reta";"Não";3;0;0;1;2;0;1;3;-26,75906;-53,248955;"SPRF-SC";"DEL07-SC";"UOP02-DEL07-SC"
545200;2023-08-28;"segunda-feira";"18:00:00";"MG";365;716,5;"MONTE ALEGRE DE MINAS";"Ausência de reação do condutor";"Saída de leito carroçável";"Com Vítimas Feridas";"Anoitecer";"Decrescente";"Nublado";"Simples";"Reta";"Não";2;0;1;0;0;1;1;2;-18,88010828;-49,14944499;"SPRF-MG";"DEL15-MG";"UOP03-DEL15-MG"
545207;2023-08-28;"segunda-feira";"19:45:00";"ES";262;98;"VENDA NOVA DO IMIGRANTE";"Chuva";"Colisão frontal";"Com Vítimas Feridas";"Plena Noite";"Decrescente";"Chuva";"Simples";"Curva;Aclive";"Não";3;0;0;1;1;1;1;3;-20,35623595;-41,08499497;"SPRF-ES";"DEL01-ES";"UOP02-DEL01-ES"
545208;2023-08-28;"segunda-feira";"19:10:00";"SC";282;398,3;"JOACABA";"Ultrapassagem Indevida";"Colisão frontal";"Com Vítimas Feridas";"Plena Noite";"Crescente";"Céu Claro";"Dupla";"Curva";"Não";4;0;1;0;2;1;1;4;-27,143419;-51,613823;"SPRF-SC";"DEL07-SC";"UOP05-DEL07-SC"
545215;2023-08-28;"segunda-feira";"20:15:00";"PR";153;95,7;"JAPIRA";"Acessar a via sem observar a presença dos outros veículos";"Colisão transversal";"Sem Vítimas";"Plena Noite";"Decrescente";"Céu Claro";"Simples";"Curva";"Não";2;0;0;0;2;0;0;2;-23,73015023;-50,17832875;"SPRF-PR";"DEL07-PR";"UOP04-DEL07-PR"
545218;2023-08-28;"segunda-feira";"21:24:00";"SP";381;71;"SAO PAULO";"Condutor deixou de manter distância do veículo da frente";"Colisão traseira";"Com Vítimas Feridas";"Plena Noite";"Decrescente";"Chuva";"Dupla";"Declive";"Não";5;0;2;0;2;1;2;3;-23,35047979;-46,55267274;"SPRF-SP";"DEL03-SP";"UOP01-DEL03-SP"
545219;2023-08-28;"segunda-feira";"17:15:00";"SC";116;34,5;"ITAIOPOLIS";"Ausência de reação do condutor";"Colisão traseira";"Com Vítimas Feridas";"Pleno dia";"Decrescente";"Céu Claro";"Simples";"Reta";"Não";5;0;0;2;2;1;2;4;-26,33118709;-49,99664695;"SPRF-SC";"DEL06-SC";"UOP01-DEL06-SC"
545222;2023-08-28;"segunda-feira";"18:50:00";"MA";316;276,4;"BELA VISTA DO MARANHAO";"Transitar na contramão";"Colisão frontal";"Com Vítimas Fatais";"Plena Noite";"Crescente";"Céu Claro";"Simples";"Reta";"Não";3;1;0;1;0;1;1;2;-3,729033;-45,270409;"SPRF-MA";"DEL02-MA";"UOP01-DEL02-MA"
545223;2023-08-28;"segunda-feira";"21:50:00";"RS";472;571,4;"URUGUAIANA";"Pedestre andava na pista";"Atropelamento de Pedestre";"Com Vítimas Fatais";"Plena Noite";"Crescente";"Céu Claro";"Simples";"Reta";"Não";3;1;0;0;1;1;0;2;-29,76707823;-57,02245474;"SPRF-RS";"DEL13-RS";"UOP01-DEL13-RS"
545230;2023-08-28;"segunda-feira";"18:00:00";"MT";163;1111;"GUARANTA DO NORTE";"Reação tardia ou ineficiente do condutor";"Colisão lateral sentido oposto";"Com Vítimas Feridas";"Plena Noite";"Decrescente";"Ignorado";"Dupla";"Curva";"Não";8;0;2;1;4;6;3;9;-9,70917;-54,87616404;"SPRF-MT";"DEL06-MT";"UOP03-DEL06-MT"
545231;2023-08-28;"segunda-feira";"20:30:00";"SP";381;77;"MAIRIPORA";"Pista Escorregadia";"Saída de leito carroçável";"Com Vítimas Feridas";"Plena Noite";"Decrescente";"Garoa/Chuvisco";"Dupla";"Curva;Declive";"Não";7;0;1;0;5;1;1;7;-23,388839;-46,5693478;"SPRF-SP";"DEL03-SP";"UOP01-DEL03-SP"
545232;2023-08-29;"terça-feira";"01:15:00";"SP";116;516;"CAJATI";"Reação tardia ou ineficiente do condutor";"Colisão com objeto";"Com Vítimas Feridas";"Plena Noite";"Decrescente";"Garoa/Chuvisco";"Simples";"Declive;Reta";"Não";2;0;1;0;0;1;1;2;-24,87423036;-48,2190838;"SPRF-SP";"DEL05-SP";"UOP02-DEL05-SP"
545233;2023-08-29;"terça-feira";"01:20:00";"PR";376;600;"CURITIBA";"Reação tardia ou ineficiente do condutor";"Colisão traseira";"Com Vítimas Feridas";"Plena Noite";"Crescente";"Nublado";"Dupla";"Aclive;Reta";"Sim";3;0;0;1;1;2;1;4;-25,53195602;-49,32205901;"SPRF-PR";"DEL01-PR";"UOP06-DEL01-PR"
545234;2023-08-29;"terça-feira";"01:30:00";"DF";251;34;"BRASILIA";"Ingestão de álcool pelo condutor";"Colisão lateral mesmo sentido";"Com Vítimas Feridas";"Plena Noite";"Crescente";"Céu Claro";"Simples";"Reta";"Sim";3;0;1;0;1;1;1;2;-15,938301;-47,759799;"SPRF-DF";"DEL01-DF";"UOP01-DEL01-DF"
545235;2023-08-29;"terça-feira";"02:55:00";"SP";116;211;"GUARULHOS";"Ausência de reação do condutor";"Colisão traseira";"Sem Vítimas";"Plena Noite";"Decrescente";"Céu Claro";"Múltipla";"Aclive";"Não";3;0;0;0;2;1;0;3;-23,4324306;-46,4194352;"SPRF-SP";"DEL01-SP";"UOP01-DEL01-SP"
545236;2023-08-28;"segunda-feira";"19:00:00";"RJ";101;308;"SAO GONCALO";"Condutor deixou de manter distância do veículo da frente";"Colisão traseira";"Sem Vítimas";"Plena Noite";"Crescente";"Chuva";"Dupla";"Reta";"Sim";2;0;0;0;2;0;0;2;-22,79309326;-43,02479595;"SPRF-RJ";"DEL02-RJ";"UOP02-DEL02-RJ"
545251;2023-08-29;"terça-feira";"07:25:00";"SP";116;462,8;"PARIQUERA-ACU";"Condutor Dormindo";"Colisão traseira";"Com Vítimas Feridas";"Pleno dia";"Crescente";"Chuva";"Dupla";"Reta";"Não";3;0;0;1;1;1;1;3;-24,6228914;-47,89579562;"SPRF-SP";"DEL05-SP";"UOP01-DEL05-SP"
545258;2023-08-29;"terça-feira";"08:30:00";"RJ";116;6,8;"SAPUCAIA";"Reação tardia ou ineficiente do condutor";"Colisão lateral sentido oposto";"Com Vítimas Feridas";"Pleno dia";"Crescente";"Nublado";"Simples";"Curva;Ponte;Declive";"Sim";4;0;2;0;1;1;2;3;-21,90897631;-42,69105244;"SPRF-RJ";"DEL05-RJ";"UOP01-DEL05-RJ"
545262;2023-08-29;"terça-feira";"08:40:00";"MG";40;735;"SANTOS DUMONT";"Chuva";"Colisão frontal";"Com Vítimas Fatais";"Pleno dia";"Crescente";"Garoa/Chuvisco";"Simples";"Curva";"Não";3;1;0;0;1;1;0;3;-21,37012696;-43,57558994;"SPRF-MG";"DEL05-MG";"UOP01-DEL05-MG"
545267;2023-07-06;"quinta-feira";"05:00:00";"MT";70;288;"PRIMAVERA DO LESTE";"Acessar a via sem observar a presença dos outros veículos";"Eventos atípicos";"Com Vítimas Feridas";"Amanhecer";"Decrescente";"Céu Claro";"Simples";"Reta";"Não";4;0;0;1;1;2;1;4;-15,57668413;-54,36785699;"SPRF-MT";"DEL05-MT";"UOP01-DEL05-MT"
545275;2023-08-29;"terça-feira";"11:55:00";"RS";448;0;"SAPUCAIA DO SUL";"Acessar a via sem observar a presença dos outros veículos";"Colisão lateral mesmo sentido";"Com Vítimas Feridas";"Pleno dia";"Decrescente";"Céu Claro";"Dupla";"Viaduto;Reta";"Não";2;0;1;0;1;0;1;2;-29,83044364;-51,1763227;"SPRF-RS";"DEL01-RS";"UOP02-DEL01-RS"
545280;2023-08-29;"terça-feira";"10:50:00";"MG";40;622,3;"CONSELHEIRO LAFAIETE";"Problema com o freio";"Colisão traseira";"Com Vítimas Feridas";"Pleno dia";"Decrescente";"Céu Claro";"Simples";"Reta";"Não";6;0;5;0;1;0;5;2;-20,593914;-43,80411985;"SPRF-MG";"DEL05-MG";"UOP02-DEL05-MG"
545281;2023-08-29;"terça-feira";"11:30:00";"PR";376;462;"PONTA GROSSA";"Velocidade Incompatível";"Tombamento";"Com Vítimas Feridas";"Pleno dia";"Decrescente";"Céu Claro";"Dupla";"Aclive;Curva";"Não";2;0;1;0;0;1;1;2;-25,01599;-50,338458;"SPRF-PR";"DEL03-PR";"UOP01-DEL03-PR"
545282;2023-08-29;"terça-feira";"12:00:00";"SC";101;131;"BALNEARIO CAMBORIU";"Transitar na contramão";"Colisão lateral sentido oposto";"Com Vítimas Feridas";"Pleno dia";"Crescente";"Nublado";"Múltipla";"Reta";"Sim";2;0;1;0;1;0;1;2;-26,99064209;-48,66310912;"SPRF-SC";"DEL04-SC";"UOP03-DEL04-SC"
545289;2023-08-05;"sábado";"05:15:00";"SP";116;72,2;"APARECIDA";"Estacionar ou parar em local proibido";"Colisão traseira";"Sem Vítimas";"Plena Noite";"Crescente";"Nublado";"Múltipla";"Curva";"Não";2;0;0;0;2;0;0;2;-22,86354218;-45,23746093;"SPRF-SP";"DEL08-SP";"UOP01-DEL08-SP"
545293;2023-08-29;"terça-feira";"09:15:00";"PR";163;8;"BARRACAO";"Reação tardia ou ineficiente do condutor";"Colisão lateral mesmo sentido";"Sem Vítimas";"Pleno dia";"Decrescente";"Céu Claro";"Dupla";"Reta";"Não";3;0;0;0;2;1;0;3;-26,257558;-53,62339;"SPRF-PR";"DEL02-PR";"UOP02-DEL02-PR"
545295;2023-08-29;"terça-feira";"12:45:00";"RS";290;94;"PORTO ALEGRE";"Manobra de mudança de faixa";"Colisão lateral mesmo sentido";"Com Vítimas Feridas";"Pleno dia";"Crescente";"Céu Claro";"Múltipla";"Curva";"Não";3;0;1;0;2;0;1;2;-29,973856;-51,197853;"SPRF-RS";"DEL01-RS";"UOP01-DEL01-RS"
545296;2023-08-29;"terça-feira";"05:30:00";"MS";163;824;"SONORA";"Reação tardia ou ineficiente do condutor";"Colisão traseira";"Sem Vítimas";"Amanhecer";"Crescente";"Céu Claro";"Dupla";"Reta";"Não";3;0;0;0;2;3;0;5;-17,71667901;-54,75416098;"SPRF-MS";"DEL06-MS";"UOP01-DEL06-MS"
545299;2023-08-29;"terça-feira";"10:30:00";"RO";319;61;"PORTO VELHO";"Reação tardia ou ineficiente do condutor";"Colisão traseira";"Com Vítimas Feridas";"Pleno dia";"Decrescente";"Céu Claro";"Múltipla";"Reta";"Sim";4;0;1;0;2;6;1;9;-8,74063674;-63,88974044;"SPRF-RO";"DEL01-RO";"UOP01-DEL01-RO"
545302;2023-08-29;"terça-feira";"04:55:00";"CE";222;193,1;"FORQUILHA";"Velocidade Incompatível";"Saída de leito carroçável";"Sem Vítimas";"Amanhecer";"Decrescente";"Céu Claro";"Simples";"Reta";"Não";1;0;0;0;1;0;0;1;-3,79909508;-40,14271498;"SPRF-CE";"DEL04-CE";"UOP01-DEL04-CE"
545306;2023-08-29;"terça-feira";"14:00:00";"SC";101;208;"SAO JOSE";"Ausência de reação do condutor";"Colisão lateral mesmo sentido";"Com Vítimas Feridas";"Pleno dia";"Crescente";"Nublado";"Múltipla";"Reta";"Sim";3;0;1;0;1;1;1;2;-27,60327979;-48,63201818;"SPRF-SC";"DEL01-SC";"UOP01-DEL01-SC"
545310;2023-07-04;"terça-feira";"00:30:00";"BA";30;345,7;"BRUMADO";"Condutor Dormindo";"Colisão frontal";"Com Vítimas Fatais";"Plena Noite";"Crescente";"Céu Claro";"Simples";"Reta";"Não";3;2;0;1;0;0;1;2;-14,24757162;-41,85997023;"SPRF-BA";"DEL08-BA";"UOP01-DEL08-BA"
545312;2023-08-29;"terça-feira";"14:15:00";"MG";40;506;"RIBEIRAO DAS NEVES";"Condutor deixou de manter distância do veículo da frente";"Queda de ocupante de veículo";"Com Vítimas Feridas";"Pleno dia";"Crescente";"Céu Claro";"Dupla";"Reta";"Sim";7;0;2;0;2;5;2;7;-19,74716686;-44,14731173;"SPRF-MG";"DEL02-MG";"UOP01-DEL02-MG"
545315;2023-08-06;"domingo";"13:00:00";"MS";262;180;"RIBAS DO RIO PARDO";"Demais falhas mecânicas ou elétricas";"Engavetamento";"Com Vítimas Feridas";"Pleno dia";"Crescente";"Céu Claro";"Simples";"Reta;Aclive";"Não";4;0;1;0;2;6;1;9;-20,40894369;-53,20823696;"SPRF-MS";"DEL07-MS";"UOP02-DEL07-MS"
545317;2023-08-29;"terça-feira";"15:40:00";"PE";101;71;"RECIFE";"Manobra de mudança de faixa";"Colisão transversal";"Com Vítimas Feridas";"Pleno dia";"Crescente";"Céu Claro";"Dupla";"Reta";"Sim";2;0;0;1;1;0;1;2;-8,07695;-34,935414;"SPRF-PE";"DEL01-PE";"UOP01-DEL01-PE"
545320;2023-08-29;"terça-feira";"14:20:00";"MG";381;625;"OLIVEIRA";"Condutor Dormindo";"Colisão lateral mesmo sentido";"Com Vítimas Feridas";"Pleno dia";"Decrescente";"Nublado";"Dupla";"Reta";"Não";3;0;1;0;1;2;1;4;-20,82314205;-44,80113661;"SPRF-MG";"DEL04-MG";"UOP01-DEL04-MG"
545325;2023-08-29;"terça-feira";"15:30:00";"SP";116;53;"LORENA";"Reação tardia ou ineficiente do condutor";"Capotamento";"Com Vítimas Feridas";"Pleno dia";"Decrescente";"Nublado";"Dupla";"Reta";"Não";4;0;0;1;2;1;1;3;-22,75255433;-45,10741076;"SPRF-SP";"DEL08-SP";"UOP02-DEL08-SP"
545327;2023-08-29;"terça-feira";"16:20:00";"PE";104;65;"CARUARU";"Velocidade Incompatível";"Colisão traseira";"Com Vítimas Feridas";"Pleno dia";"Decrescente";"Céu Claro";"Dupla";"Em Obras;Aclive;Reta";"Sim";2;0;1;0;1;0;1;2;-8,2867;-35,9838;"SPRF-PE";"DEL02-PE";"UOP01-DEL02-PE"
545345;2023-08-29;"terça-feira";"16:05:00";"MG";262;549,4;"LUZ";"Chuva";"Colisão frontal";"Com Vítimas Feridas";"Pleno dia";"Decrescente";"Chuva";"Simples";"Curva";"Não";3;0;0;1;1;1;1;3;-19,72508993;-45,86948395;"SPRF-MG";"DEL08-MG";"UOP02-DEL08-MG"
545347;2023-08-29;"terça-feira";"18:00:00";"DF";60;12;"BRASILIA";"Acessar a via sem observar a presença dos outros veículos";"Colisão lateral mesmo sentido";"Com Vítimas Feridas";"Anoitecer";"Crescente";"Nublado";"Dupla";"Reta";"Não";2;0;0;1;1;0;1;2;-15,916267;-48,164268;"SPRF-DF";"DEL03-DF";"UOP01-DEL03-DF"
545354;2023-08-29;"terça-feira";"15:50:00";"BA";324;620;"SALVADOR";"Manobra de mudança de faixa";"Colisão lateral mesmo sentido";"Sem Vítimas";"Pleno dia";"Decrescente";"Céu Claro";"Dupla";"Rotatória;Viaduto;Reta";"Não";3;0;0;0;2;1;0;3;-12,90482172;-38,45556535;"SPRF-BA";"DEL01-BA";"UOP01-DEL01-BA"
545362;2023-08-29;"terça-feira";"19:41:00";"PR";376;47,5;"NOVA LONDRINA";"Acessar a via sem observar a presença dos outros veículos";"Colisão transversal";"Com Vítimas Fatais";"Plena Noite";"Crescente";"Nublado";"Simples";"Reta";"Não";6;2;0;2;1;1;2;3;-22,87429062;-52,95292944;"SPRF-PR";"DEL09-PR";"UOP02-DEL09-PR"
545365;2023-08-29;"terça-feira";"19:00:00";"PA";10;320;"SAO MIGUEL DO GUAMA";"Acessar a via sem observar a presença dos outros veículos";"Colisão lateral mesmo sentido";"Com Vítimas Fatais";"Plena Noite";"Crescente";"Céu Claro";"Simples";"Reta";"Sim";3;1;0;0;1;1;0;3;-1,63357298;-47,48708408;"SPRF-PA";"DEL01-PA";"UOP02-DEL01-PA"
545366;2023-08-29;"terça-feira";"20:18:00";"PR";116;102;"SAO JOSE DOS PINHAIS";"Condutor deixou de manter distância do veículo da frente";"Colisão traseira";"Com Vítimas Feridas";"Plena Noite";"Decrescente";"Garoa/Chuvisco";"Dupla";"Reta";"Não";2;0;1;0;0;1;1;2;-25,550639;-49,15025;"SPRF-PR";"DEL01-PR";"UOP07-DEL01-PR"
545372;2023-08-29;"terça-feira";"19:20:00";"MA";135;151;"MATOES DO NORTE";"Demais falhas mecânicas ou elétricas";"Incêndio";"Sem Vítimas";"Plena Noite";"Crescente";"Céu Claro";"Simples";"Reta";"Não";2;0;0;0;1;1;0;2;-3,76939;-44,509693;"SPRF-MA";"DEL01-MA";"UOP02-DEL01-MA"
545378;2023-08-29;"terça-feira";"22:50:00";"PE";101;70;"RECIFE";"Reação tardia ou ineficiente do condutor";"Colisão traseira";"Sem Vítimas";"Plena Noite";"Crescente";"Céu Claro";"Múltipla";"Reta";"Sim";3;0;0;0;3;0;0;3;-8,06776119;-34,94265074;"SPRF-PE";"DEL01-PE";"UOP01-DEL01-PE"
545379;2023-08-28;"segunda-feira";"18:30:00";"PA";230;538;"ANAPU";"Reação tardia ou ineficiente do condutor";"Saída de leito carroçável";"Com Vítimas Feridas";"Anoitecer";"Decrescente";"Céu Claro";"Simples";"Declive;Reta";"Não";3;0;1;0;2;0;1;3;-3,248226;-51,479527;"SPRF-PA";"DEL04-PA";"UOP01-DEL04-PA"
545380;2023-08-29;"terça-feira";"22:30:00";"RS";290;17;"SANTO ANTONIO DA PATRULHA";"Ausência de reação do condutor";"Colisão lateral mesmo sentido";"Sem Vítimas";"Plena Noite";"Decrescente";"Céu Claro";"Múltipla";"Reta";"Não";3;0;0;0;2;1;0;3;-29,876266;-50,426552;"SPRF-RS";"DEL03-RS";"UOP01-DEL03-RS"
545386;2023-08-29;"terça-feira";"22:20:00";"SC";282;528;"CORDILHEIRA ALTA";"Ausência de sinalização";"Colisão traseira";"Sem Vítimas";"Plena Noite";"Crescente";"Céu Claro";"Simples";"Curva";"Não";3;0;0;0;3;0;0;2;-26,978798;-52,588566;"SPRF-SC";"DEL07-SC";"UOP01-DEL07-SC"
545387;2023-08-29;"terça-feira";"22:10:00";"MA";222;663;"ACAILANDIA";"Condutor deixou de manter distância do veículo da frente";"Queda de ocupante de veículo";"Com Vítimas Fatais";"Plena Noite";"Crescente";"Céu Claro";"Simples";"Reta";"Sim";2;1;0;0;0;1;0;2;-4,88471004;-47,36887698;"SPRF-MA";"DEL04-MA";"UOP03-DEL04-MA"
545388;2023-08-29;"terça-feira";"19:10:00";"MT";163;508,2;"DIAMANTINO";"Reação tardia ou ineficiente do condutor";"Colisão traseira";"Com Vítimas Feridas";"Plena Noite";"Decrescente";"Céu Claro";"Simples";"Reta;Em Obras";"Não";3;0;1;0;1;4;1;6;-14,52230956;-56,219231;"SPRF-MT";"DEL01-MT";"UOP01-DEL01-MT"
545390;2023-08-29;"terça-feira";"23:18:00";"MG";50;128;"UBERABA";"Reação tardia ou ineficiente do condutor";"Saída de leito carroçável";"Com Vítimas Feridas";"Plena Noite";"Decrescente";"Céu Claro";"Dupla";"Aclive;Reta";"Não";2;0;1;0;0;1;1;2;-19,37184398;-48,07827086;"SPRF-MG";"DEL13-MG";"UOP01-DEL13-MG"
545395;2023-08-30;"quarta-feira";"00:40:00";"CE";222;298,3;"TIANGUA";"Reação tardia ou ineficiente do condutor";"Tombamento";"Sem Vítimas";"Plena Noite";"Crescente";"Céu Claro";"Simples";"Curva";"Não";1;0;0;0;0;1;0;1;-3,65334406;-40,9299664;"SPRF-CE";"DEL04-CE";"UOP02-DEL04-CE"
545397;2023-08-30;"quarta-feira";"00:05:00";"PR";369;78;"SANTA MARIANA";"Ingestão de álcool pelo condutor";"Colisão traseira";"Com Vítimas Feridas";"Plena Noite";"Decrescente";"Céu Claro";"Simples";"Reta";"Não";4;0;1;0;2;1;1;4;-23,14533218;-50,57620525;"SPRF-PR";"DEL07-PR";"UOP05-DEL07-PR"
545399;2023-08-30;"quarta-feira";"01:27:00";"SP";116;516;"CAJATI";"Reação tardia ou ineficiente do condutor";"Colisão traseira";"Com Vítimas Feridas";"Plena Noite";"Decrescente";"Garoa/Chuvisco";"Dupla";"Reta;Declive";"Não";3;0;1;0;1;1;1;3;-24,87423036;-48,2190838;"SPRF-SP";"DEL05-SP";"UOP02-DEL05-SP"
545400;2023-08-30;"quarta-feira";"01:30:00";"PR";277;284;"PRUDENTOPOLIS";"Transitar na contramão";"Colisão frontal";"Com Vítimas Feridas";"Plena Noite";"Decrescente";"Céu Claro";"Simples";"Reta";"Não";3;0;2;0;1;0;2;2;-25,318244;-51,007198;"SPRF-PR";"DEL08-PR";"UOP02-DEL08-PR"
545401;2023-08-29;"terça-feira";"20:50:00";"RJ";393;147,7;"TRES RIOS";"Ausência de reação do condutor";"Atropelamento de Pedestre";"Com Vítimas Fatais";"Plena Noite";"Crescente";"Céu Claro";"Simples";"Reta";"Sim";5;2;0;0;2;1;0;4;-22,0463883;-43,00066133;"SPRF-RJ";"DEL05-RJ";"UOP02-DEL05-RJ"
545406;2023-08-30;"quarta-feira";"03:50:00";"PR";277;119;"CAMPO LARGO";"Manobra de mudança de faixa";"Colisão lateral mesmo sentido";"Com Vítimas Feridas";"Amanhecer";"Decrescente";"Nublado";"Dupla";"Reta";"Sim";2;0;0;1;0;1;1;2;-25,44;-49,552346;"SPRF-PR";"DEL03-PR";"UOP03-DEL03-PR"
545410;2023-08-30;"quarta-feira";"04:40:00";"SC";470;259,5;"CURITIBANOS";"Transitar na contramão";"Colisão lateral sentido oposto";"Com Vítimas Fatais";"Plena Noite";"Decrescente";"Nevoeiro/Neblina";"Simples";"Curva;Declive";"Não";3;1;0;0;1;2;0;4;-27,30017241;-50,67881584;"SPRF-SC";"DEL05-SC";"UOP03-DEL05-SC"
545412;2023-08-29;"terça-feira";"23:30:00";"BA";324;533;"FEIRA DE SANTANA";"Ausência de reação do condutor";"Colisão traseira";"Com Vítimas Feridas";"Plena Noite";"Decrescente";"Céu Claro";"Dupla";"Aclive";"Não";4;0;2;0;1;3;2;5;-12,34449694;-38,84017496;"SPRF-BA";"DEL01-BA";"UOP03-DEL01-BA"
545413;2023-08-30;"quarta-feira";"06:50:00";"MG";40;675,5;"CARANDAI";"Ausência de reação do condutor";"Capotamento";"Com Vítimas Feridas";"Pleno dia";"Decrescente";"Nublado";"Simples";"Reta";"Não";2;0;1;0;0;1;1;2;-21,00358089;-43,77957913;"SPRF-MG";"DEL05-MG";"UOP02-DEL05-MG"
545417;2023-08-30;"quarta-feira";"04:15:00";"MG";381;707,4;"NEPOMUCENO";"Carga excessiva e/ou mal acondicionada";"Derramamento de carga";"Com Vítimas Feridas";"Plena Noite";"Crescente";"Céu Claro";"Dupla";"Curva";"Não";3;0;2;0;1;0;2;2;-21,33389285;-45,1724124;"SPRF-MG";"DEL04-MG";"UOP02-DEL04-MG"
545419;2023-08-29;"terça-feira";"23:50:00";"RO";364;894;"PORTO VELHO";"Condutor Dormindo";"Tombamento";"Com Vítimas Feridas";"Plena Noite";"Decrescente";"Ignorado";"Simples";"Reta";"Não";2;0;1;0;0;1;1;2;-9,67796993;-65,07484402;"SPRF-RO";"DEL01-RO";"UOP02-DEL01-RO"
545427;2023-08-30;"quarta-feira";"07:45:00";"PR";163;83;"PLANALTO";"Acessar a via sem observar a presença dos outros veículos";"Colisão transversal";"Com Vítimas Feridas";"Pleno dia";"Crescente";"Céu Claro";"Simples";"Rotatória;Reta";"Não";3;0;1;0;2;0;1;2;-25,73044895;-53,79670803;"SPRF-PR";"DEL02-PR";"UOP02-DEL02-PR"
545435;2023-08-30;"quarta-feira";"09:50:00";"SC";470;45,3;"GASPAR";"Ultrapassagem Indevida";"Colisão lateral sentido oposto";"Com Vítimas Feridas";"Pleno dia";"Crescente";"Céu Claro";"Simples";"Curva;Declive;Em Obras";"Não";2;0;0;1;1;0;1;2;-26,86155782;-49,03573751;"SPRF-SC";"DEL04-SC";"UOP01-DEL04-SC"
545436;2023-08-22;"terça-feira";"17:45:00";"MS";163;241;"DOURADOS";"Transitar na contramão";"Colisão lateral sentido oposto";"Com Vítimas Feridas";"Anoitecer";"Crescente";"Céu Claro";"Simples";"Reta";"Não";3;0;1;0;1;3;1;5;-22,38181002;-54,79220932;"SPRF-MS";"DEL04-MS";"UOP02-DEL04-MS"
545455;2023-08-30;"quarta-feira";"11:55:00";"AL";101;228;"PORTO REAL DO COLEGIO";"Acessar a via sem observar a presença dos outros veículos";"Colisão transversal";"Com Vítimas Feridas";"Pleno dia";"Crescente";"Céu Claro";"Dupla";"Reta";"Não";5;0;2;0;1;3;2;5;-10,1098756;-36,71933632;"SPRF-AL";"DEL02-AL";"UOP02-DEL02-AL"
545457;2023-08-30;"quarta-feira";"12:30:00";"MG";40;526;"CONTAGEM";"Trafegar com motocicleta (ou similar) entre as faixas";"Colisão com objeto";"Com Vítimas Feridas";"Pleno dia";"Crescente";"Céu Claro";"Dupla";"Reta";"Não";2;0;1;0;0;1;1;2;-19,89255399;-44,04985478;"SPRF-MG";"DEL01-MG";"UOP02-DEL01-MG"
545458;2023-08-24;"quinta-feira";"19:00:00";"SP";116;12;"QUELUZ";"Demais falhas mecânicas ou elétricas";"Saída de leito carroçável";"Com Vítimas Feridas";"Plena Noite";"Crescente";"Nublado";"Múltipla";"Reta";"Não";2;0;1;0;0;1;1;2;-22,54640191;-44,8039181;"SPRF-SP";"DEL08-SP";"UOP02-DEL08-SP"
545460;2023-08-30;"quarta-feira";"07:50:00";"PE";232;87,2;"GRAVATA";"Condutor deixou de manter distância do veículo da frente";"Colisão traseira";"Com Vítimas Feridas";"Pleno dia";"Crescente";"Céu Claro";"Dupla";"Reta;Declive";"Não";2;0;1;0;0;1;1;2;-8,214602;-35,633242;"SPRF-PE";"DEL02-PE";"UOP02-DEL02PE"
545462;2023-08-30;"quarta-feira";"11:45:00";"SC";470;75,7;"INDAIAL";"Reação tardia ou ineficiente do condutor";"Colisão frontal";"Sem Vítimas";"Pleno dia";"Crescente";"Céu Claro";"Simples";"Em Obras;Reta";"Não";3;0;0;0;2;1;0;3;-26,924833;-49,284004;"SPRF-SC";"DEL04-SC";"UOP01-DEL04-SC"
545465;2023-08-30;"quarta-feira";"08:00:00";"RS";392;243,2;"CACAPAVA DO SUL";"Transitar na contramão";"Colisão lateral sentido oposto";"Com Vítimas Feridas";"Pleno dia";"Decrescente";"Céu Claro";"Simples";"Curva;Aclive";"Não";6;0;1;0;4;4;1;7;-30,59187169;-53,38187478;"SPRF-RS";"DEL09-RS";"UOP02-DEL09-RS"
545467;2023-08-30;"quarta-feira";"06:50:00";"MA";230;310,4;"SAO RAIMUNDO DAS MANGABEIRAS";"Transitar na contramão";"Colisão frontal";"Com Vítimas Fatais";"Pleno dia";"Decrescente";"Chuva";"Simples";"Aclive;Reta";"Não";4;1;0;2;0;1;2;3;-7,00342902;-45,445144;"SPRF-MA";"DEL05-MA";"UOP01-DEL05-MA"
545469;2023-08-30;"quarta-feira";"14:00:00";"SC";470;56;"BLUMENAU";"Ultrapassagem Indevida";"Colisão lateral mesmo sentido";"Com Vítimas Feridas";"Pleno dia";"Crescente";"Céu Claro";"Simples";"Reta";"Sim";2;0;1;0;1;0;1;2;-26,87674;-49,127743;"SPRF-SC";"DEL04-SC";"UOP01-DEL04-SC"