"id";"data_inversa";"dia_semana";"horario";"uf";"br";"km";"municipio";"causa_acidente";"tipo_acidente";"classificacao_acidente";"fase_dia";"sentido_via";"condicao_metereologica";"tipo_pista";"tracado_via";"uso_solo";"pessoas";"mortos";"feridos_leves";"feridos_graves";"ilesos";"ignorados";"feridos";"veiculos";"latitude";"longitude";"regional";"delegacia";"uop"
545475;2023-08-30;"quarta-feira";"14:40:00";"RJ";393;275;"BARRA DO PIRAI";"Reação tardia ou ineficiente do condutor";"Colisão traseira";"Sem Vítimas";"Pleno dia";"Decrescente";"Sol";"Simples";"Reta";"Não";5;0;0;0;5;0;0;3;-22,4753986;-44,0028859;"SPRF-RJ";"DEL05-RJ";"UOP04-DEL05-RJ"
545479;2023-08-30;"quarta-feira";"14:30:00";"PR";277;214;"PALMEIRA";"Demais falhas mecânicas ou elétricas";"Saída de leito carroçável";"Com Vítimas Feridas";"Pleno dia";"Decrescente";"Céu Claro";"Simples";"Curva";"Não";3;0;2;0;0;1;2;2;-25,46498694;-50,32907393;"SPRF-PR";"DEL08-PR";"UOP02-DEL08-PR"
545483;2023-08-30;"quarta-feira";"12:10:00";"BA";110;267;"INHAMBUPE";"Condutor Dormindo";"Colisão lateral sentido oposto";"Com Vítimas Feridas";"Pleno dia";"Crescente";"Céu Claro";"Simples";"Reta;Aclive";"Não";3;0;2;0;1;0;2;2;-11,62199103;-38,30115484;"SPRF-BA";"DEL01-BA";"UOP04-DEL01-BA"
545491;2023-04-12;"quarta-feira";"17:15:00";"MT";158;49;"VILA RICA";"Demais falhas mecânicas ou elétricas";"Tombamento";"Sem Vítimas";"Anoitecer";"Crescente";"Céu Claro";"Simples";"Reta";"Não";1;0;0;0;1;0;0;1;-10,09368;-51,102537;"SPRF-MT";"DEL07-MT";"NPF/DEL07-MT"
545495;2023-08-30;"quarta-feira";"16:30:00";"MG";262;445;"NOVA SERRANA";"Acessar a via sem observar a presença dos outros veículos";"Colisão transversal";"Com Vítimas Feridas";"Anoitecer";"Decrescente";"Céu Claro";"Dupla";"Reta;Interseção de Vias";"Sim";3;0;0;1;1;1;1;3;-19,87799664;-44,94086286;"SPRF-MG";"DEL08-MG";"UOP03-DEL08-MG"
545497;2023-08-30;"quarta-feira";"16:00:00";"MT";163;702;"SORRISO";"Acumulo de água sobre o pavimento";"Saída de leito carroçável";"Com Vítimas Feridas";"Pleno dia";"Crescente";"Chuva";"Simples";"Reta";"Não";2;0;1;0;1;0;1;1;-12,96187;-55,871853;"SPRF-MT";"DEL06-MT";"UOP01-DEL06-MT"
545499;2023-08-30;"quarta-feira";"16:15:00";"PR";277;325,4;"GUARAPUAVA";"Pedestre andava na pista";"Atropelamento de Pedestre";"Com Vítimas Feridas";"Pleno dia";"Decrescente";"Céu Claro";"Simples";"Curva";"Não";4;0;0;1;1;3;1;4;-25,373033;-51,319969;"SPRF-PR";"DEL08-PR";"UOP01-DEL08-PR"
545500;2023-08-30;"quarta-feira";"17:00:00";"PR";116;104;"SAO JOSE DOS PINHAIS";"Reação tardia ou ineficiente do condutor";"Colisão com objeto";"Com Vítimas Feridas";"Pleno dia";"Decrescente";"Céu Claro";"Dupla";"Reta";"Sim";2;0;1;0;0;1;1;2;-25,56472785;-49,15859603;"SPRF-PR";"DEL01-PR";"UOP07-DEL01-PR"
545503;2023-08-30;"quarta-feira";"15:35:00";"PR";277;383;"CANDOI";"Reação tardia ou ineficiente do condutor";"Colisão frontal";"Com Vítimas Feridas";"Pleno dia";"Crescente";"Céu Claro";"Simples";"Curva";"Não";2;0;1;0;0;1;1;2;-25,40942771;-51,76931904;"SPRF-PR";"DEL08-PR";"UOP01-DEL08-PR"
545505;2023-08-30;"quarta-feira";"15:05:00";"SC";282;494,2;"XANXERE";"Reação tardia ou ineficiente do condutor";"Tombamento";"Com Vítimas Feridas";"Pleno dia";"Crescente";"Céu Claro";"Simples";"Curva;Aclive";"Não";2;0;1;0;1;0;1;1;-26,87149;-52,318768;"SPRF-SC";"DEL07-SC";"UOP01-DEL07-SC"
545517;2023-08-30;"quarta-feira";"16:00:00";"BA";418;86,7;"NOVA VICOSA";"Acessar a via sem observar a presença dos outros veículos";"Colisão transversal";"Com Vítimas Feridas";"Pleno dia";"Decrescente";"Nublado";"Simples";"Interseção de Vias";"Não";3;0;0;1;1;1;1;3;-17,885817;-39,83771;"SPRF-BA";"DEL09-BA";"UOP02-DEL09-BA"
545521;2023-08-30;"quarta-feira";"19:00:00";"MG";364;29;"FRUTAL";"Conversão proibida";"Colisão frontal";"Com Vítimas Fatais";"Plena Noite";"Crescente";"Nublado";"Simples";"Declive";"Não";2;1;0;0;1;0;0;2;-20,01523722;-48,91566575;"SPRF-MG";"DEL13-MG";"UOP02-DEL13-MG"
545527;2023-08-30;"quarta-feira";"16:00:00";"MG";50;118;"UBERABA";"Demais falhas na via";"Tombamento";"Sem Vítimas";"Plena Noite";"Crescente";"Céu Claro";"Dupla";"Reta";"Não";2;0;0;0;1;1;0;2;-19,29129791;-48,11741979;"SPRF-MG";"DEL13-MG";"UOP01-DEL13-MG"
545530;2023-08-30;"quarta-feira";"19:30:00";"PR";467;74,5;"TOLEDO";"Manobra de mudança de faixa";"Colisão lateral mesmo sentido";"Com Vítimas Feridas";"Plena Noite";"Crescente";"Céu Claro";"Dupla";"Curva";"Não";5;0;1;0;3;4;1;7;-24,7402;-53,6935;"SPRF-PR";"DEL04-PR";"UOP01-DEL04-PR"
545534;2023-08-30;"quarta-feira";"06:30:00";"MT";163;561,9;"NOVA MUTUM";"Ultrapassagem Indevida";"Colisão frontal";"Com Vítimas Fatais";"Pleno dia";"Decrescente";"Chuva";"Simples";"Reta";"Não";5;4;0;0;1;0;0;2;-14,13672;-56,10511;"SPRF-MT";"DEL01-MT";"UOP01-DEL01-MT"
545536;2023-08-30;"quarta-feira";"18:08:00";"GO";153;347,1;"JARAGUA";"Reação tardia ou ineficiente do condutor";"Colisão lateral sentido oposto";"Com Vítimas Feridas";"Anoitecer";"Decrescente";"Céu Claro";"Simples";"Reta";"Não";3;0;0;1;2;0;1;2;-15,645235;-49,368702;"SPRF-GO";"DEL02-GO";"UOP02-DEL02-GO"
545537;2023-08-30;"quarta-feira";"13:45:00";"PI";316;11;"TERESINA";"Desrespeitar a preferência no cruzamento";"Colisão transversal";"Sem Vítimas";"Pleno dia";"Crescente";"Céu Claro";"Múltipla";"Rotatória";"Sim";3;0;0;0;2;1;0;3;-5,191739;-42,76076102;"SPRF-PI";"DEL01-PI";"UOP02-DEL01-PI"
545543;2023-08-30;"quarta-feira";"21:50:00";"SP";116;209;"GUARULHOS";"Reação tardia ou ineficiente do condutor";"Colisão traseira";"Com Vítimas Feridas";"Plena Noite";"Decrescente";"Ignorado";"Múltipla";"Interseção de Vias";"Não";3;0;1;0;2;0;1;2;-23,42764108;-46,4089483;"SPRF-SP";"DEL01-SP";"UOP01-DEL01-SP"
545544;2023-08-30;"quarta-feira";"21:45:00";"SP";116;511;"CAJATI";"Velocidade Incompatível";"Tombamento";"Com Vítimas Feridas";"Anoitecer";"Decrescente";"Céu Claro";"Simples";"Curva";"Não";1;0;1;0;0;0;1;1;-24,83587992;-48,21332932;"SPRF-SP";"DEL05-SP";"UOP02-DEL05-SP"
545547;2023-08-29;"terça-feira";"18:10:00";"MA";222;501;"BURITICUPU";"Demais falhas mecânicas ou elétricas";"Eventos atípicos";"Com Vítimas Fatais";"Plena Noite";"Crescente";"Céu Claro";"Simples";"Reta";"Sim";3;1;1;0;1;0;1;2;-4,30955397;-46,2543704;"SPRF-MA";"DEL02-MA";"UOP01-DEL02-MA"
545551;2023-08-30;"quarta-feira";"23:15:00";"SP";116;143;"SAO JOSE DOS CAMPOS";"Demais falhas mecânicas ou elétricas";"Incêndio";"Sem Vítimas";"Pleno dia";"Decrescente";"Céu Claro";"Dupla";"Reta";"Sim";2;0;0;0;1;1;0;2;-23,17849879;-45,83787411;"SPRF-SP";"DEL02-SP";"UOP01-DEL02-SP"
545552;2023-08-30;"quarta-feira";"17:00:00";"GO";364;60;"CACHOEIRA ALTA";"Problema na suspensão";"Tombamento";"Com Vítimas Feridas";"Pleno dia";"Decrescente";"Chuva";"Simples";"Declive;Reta";"Não";3;0;1;0;1;2;1;3;-18,7332;-50,947502;"SPRF-GO";"DEL05-GO";"UOP02-DEL05-GO"
545555;2023-08-30;"quarta-feira";"12:30:00";"MT";364;468;"VARZEA GRANDE";"Falta de elemento de contenção que evite a saída do leito carroçável";"Saída de leito carroçável";"Com Vítimas Feridas";"Pleno dia";"Crescente";"Céu Claro";"Simples";"Reta";"Não";1;0;1;0;0;0;1;1;-15,47294515;-56,30539414;"SPRF-MT";"DEL01-MT";"UOP02-DEL01-MT"
545559;2023-08-30;"quarta-feira";"21:30:00";"MG";50;173,5;"UBERABA";"Reação tardia ou ineficiente do condutor";"Colisão com objeto";"Sem Vítimas";"Plena Noite";"Decrescente";"Céu Claro";"Dupla";"Curva;Viaduto";"Sim";1;0;0;0;1;0;0;1;-19,7624352;-47,97701547;"SPRF-MG";"DEL13-MG";"UOP01-DEL13-MG"
545560;2023-08-30;"quarta-feira";"21:10:00";"MT";163;949;"ITAUBA";"Ausência de reação do condutor";"Tombamento";"Com Vítimas Feridas";"Plena Noite";"Crescente";"Céu Claro";"Simples";"Reta";"Não";2;0;0;1;0;1;1;2;-10,907;-55,197;"SPRF-MT";"DEL06-MT";"UOP02-DEL06-MT"
545561;2023-08-30;"quarta-feira";"22:05:00";"SP";116;526;"BARRA DO TURVO";"Manobra de mudança de faixa";"Colisão lateral mesmo sentido";"Sem Vítimas";"Plena Noite";"Decrescente";"Garoa/Chuvisco";"Dupla";"Ponte;Reta";"Não";4;0;0;0;4;0;0;2;-24,9299205;-48,27412524;"SPRF-SP";"DEL05-SP";"UOP02-DEL05-SP"
545563;2023-08-31;"quinta-feira";"00:40:00";"PB";101;88;"JOAO PESSOA";"Transitar na contramão";"Colisão lateral sentido oposto";"Com Vítimas Feridas";"Plena Noite";"Decrescente";"Céu Claro";"Dupla";"Reta";"Sim";2;0;1;0;1;0;1;2;-7,172698;-34,897982;"SPRF-PB";"DEL01-PB";"UOP01-DEL01-PB"
545565;2023-08-31;"quinta-feira";"01:18:00";"AL";316;214,8;"ATALAIA";"Velocidade Incompatível";"Tombamento";"Com Vítimas Fatais";"Plena Noite";"Crescente";"Chuva";"Simples";"Curva;Declive";"Não";1;1;0;0;0;0;0;1;-9,51559115;-36,22746693;"SPRF-AL";"DEL01-AL";"UOP01-DEL01-AL"
545566;2023-08-30;"quarta-feira";"18:04:00";"PA";230;1110;"ITAITUBA";"Reação tardia ou ineficiente do condutor";"Tombamento";"Com Vítimas Feridas";"Anoitecer";"Crescente";"Nublado";"Simples";"Aclive;Curva";"Não";2;0;1;0;0;2;1;3;-4,33008189;-55,76001907;"SPRF-PA";"DEL05-PA";"UOP02-DEL05-PA"
545570;2023-08-31;"quinta-feira";"00:10:00";"PR";376;221,6;"CAMBIRA";"Ausência de reação do condutor";"Saída de leito carroçável";"Com Vítimas Feridas";"Plena Noite";"Crescente";"Céu Claro";"Dupla";"Curva";"Não";2;0;1;0;0;1;1;2;-23,60248;-51,60002;"SPRF-PR";"DEL09-PR";"UOP01-DEL09-PR"
545572;2023-08-31;"quinta-feira";"03:30:00";"SC";280;221;"TRES BARRAS";"Velocidade Incompatível";"Tombamento";"Sem Vítimas";"Plena Noite";"Decrescente";"Nublado";"Simples";"Reta;Rotatória";"Não";2;0;0;0;1;1;0;2;-26,173056;-50,27445;"SPRF-SC";"DEL06-SC";"UOP04-DEL06-SC"
545573;2023-08-31;"quinta-feira";"04:50:00";"SP";116;475,5;"JACUPIRANGA";"Mal súbito do condutor";"Saída de leito carroçável";"Com Vítimas Feridas";"Plena Noite";"Crescente";"Nublado";"Dupla";"Reta";"Não";2;0;1;0;0;1;1;2;-24,68648001;-47,98910399;"SPRF-SP";"DEL05-SP";"UOP01-DEL05-SP"
545574;2023-08-02;"quarta-feira";"11:45:00";"AL";101;185,2;"JUNQUEIRO";"Acessar a via sem observar a presença dos outros veículos";"Colisão transversal";"Com Vítimas Feridas";"Pleno dia";"Decrescente";"Nublado";"Dupla";"Reta";"Sim";6;0;4;1;1;0;5;2;-9,89848266;-36,43998038;"SPRF-AL";"DEL02-AL";"UOP02-DEL02-AL"
545580;2023-08-31;"quinta-feira";"06:12:00";"PB";101;12;"MAMANGUAPE";"Ausência de reação do condutor";"Queda de ocupante de veículo";"Com Vítimas Feridas";"Pleno dia";"Crescente";"Céu Claro";"Dupla";"Aclive";"Não";2;0;1;0;1;0;1;2;-6,60110408;-35,14339905;"SPRF-PB";"DEL01-PB";"UOP04-DEL01-PB"
545584;2023-08-31;"quinta-feira";"03:00:00";"SP";116;360;"MIRACATU";"Ausência de reação do condutor";"Colisão com objeto";"Com Vítimas Feridas";"Amanhecer";"Decrescente";"Céu Claro";"Dupla";"Curva;Aclive";"Não";2;0;1;0;0;2;1;3;-24,11248793;-47,26510606;"SPRF-SP";"DEL04-SP";"UOP03-DEL04-SP"
545589;2023-08-31;"quinta-feira";"07:30:00";"MG";153;243;"FRONTEIRA";"Ultrapassagem Indevida";"Colisão lateral mesmo sentido";"Com Vítimas Feridas";"Pleno dia";"Decrescente";"Céu Claro";"Simples";"Reta";"Sim";2;0;1;0;1;0;1;2;-20,29847332;-49,20614844;"SPRF-MG";"DEL13-MG";"UOP02-DEL13-MG"
545594;2023-08-31;"quinta-feira";"07:30:00";"SC";101;216,3;"PALHOCA";"Reação tardia ou ineficiente do condutor";"Colisão lateral mesmo sentido";"Com Vítimas Feridas";"Pleno dia";"Decrescente";"Céu Claro";"Dupla";"Reta;Declive";"Sim";3;0;1;0;2;0;1;3;-27,65981409;-48,67747798;"SPRF-SC";"DEL01-SC";"UOP02-DEL01-SC"
545595;2023-08-31;"quinta-feira";"07:00:00";"SP";116;214;"GUARULHOS";"Ausência de reação do condutor";"Colisão traseira";"Com Vítimas Feridas";"Pleno dia";"Crescente";"Céu Claro";"Múltipla";"Reta";"Sim";2;0;0;1;1;0;1;2;-23,44333014;-46,44531294;"SPRF-SP";"DEL01-SP";"UOP01-DEL01-SP"
545598;2023-08-31;"quinta-feira";"06:25:00";"MG";381;611,6;"OLIVEIRA";"Ausência de reação do condutor";"Saída de leito carroçável";"Com Vítimas Feridas";"Amanhecer";"Decrescente";"Nevoeiro/Neblina";"Dupla";"Curva";"Não";1;0;1;0;0;0;1;1;-20,6976389;-44,74863195;"SPRF-MG";"DEL04-MG";"UOP01-DEL04-MG"
545599;2023-08-31;"quinta-feira";"07:35:00";"SP";116;230;"SAO PAULO";"Transitar no Acostamento";"Colisão transversal";"Com Vítimas Feridas";"Amanhecer";"Crescente";"Céu Claro";"Múltipla";"Reta";"Sim";2;0;1;0;1;0;1;2;-23,52251783;-46,5855702;"SPRF-SP";"DEL01-SP";"UOP01-DEL01-SP"
545602;2023-08-31;"quinta-feira";"07:10:00";"MS";163;258;"DOURADOS";"Ausência de reação do condutor";"Colisão traseira";"Com Vítimas Feridas";"Pleno dia";"Crescente";"Nublado";"Dupla";"Reta";"Sim";2;0;1;0;1;0;1;2;-22,25859;-54,783592;"SPRF-MS";"DEL04-MS";"UOP01-DEL04-MS"
545606;2023-08-31;"quinta-feira";"07:45:00";"RO";364;235,2;"CACOAL";"Reação tardia ou ineficiente do condutor";"Colisão lateral mesmo sentido";"Com Vítimas Feridas";"Pleno dia";"Crescente";"Sol";"Simples";"Reta";"Sim";4;0;1;1;1;1;2;3;-11,449002;-61,431683;"SPRF-RO";"DEL02-RO";"UOP02-DEL02-RO"
545611;2023-08-31;"quinta-feira";"08:25:00";"CE";222;201;"FORQUILHA";"Velocidade Incompatível";"Tombamento";"Com Vítimas Feridas";"Pleno dia";"Crescente";"Céu Claro";"Simples";"Curva";"Não";3;0;2;0;0;1;2;2;-3,80136098;-40,20767198;"SPRF-CE";"DEL04-CE";"UOP01-DEL04-CE"
545619;2023-08-30;"quarta-feira";"19:18:00";"RO";364;482;"CACAULANDIA";"Transitar na contramão";"Colisão lateral sentido oposto";"Com Vítimas Feridas";"Plena Noite";"Decrescente";"Céu Claro";"Simples";"Reta";"Não";2;0;1;0;1;0;1;2;-10,13020543;-62,87929519;"SPRF-RO";"DEL03-RO";"UOP01-DEL03-RO"
545623;2023-08-31;"quinta-feira";"09:20:00";"CE";222;245,6;"SOBRAL";"Pista esburacada";"Colisão lateral sentido oposto";"Com Vítimas Feridas";"Pleno dia";"Crescente";"Céu Claro";"Simples";"Reta";"Não";3;0;2;0;0;3;2;5;-3,71626363;-40,44565201;"SPRF-CE";"DEL04-CE";"UOP01-DEL04-CE"
545626;2023-08-31;"quinta-feira";"08:25:00";"RS";470;191,9;"VERANOPOLIS";"Ultrapassagem Indevida";"Colisão traseira";"Com Vítimas Feridas";"Pleno dia";"Crescente";"Céu Claro";"Simples";"Reta";"Não";3;0;2;0;1;0;2;3;-29,02062651;-51,56379461;"SPRF-RS";"DEL06-RS";"UOP02-DEL06-RS"
545627;2023-08-31;"quinta-feira";"08:50:00";"MA";222;208;"ITAPECURU MIRIM";"Sinalização mal posicionada";"Colisão lateral mesmo sentido";"Sem Vítimas";"Pleno dia";"Decrescente";"Céu Claro";"Simples";"Em Obras;Reta";"Não";2;0;0;0;2;0;0;2;-3,39157076;-44,36271275;"SPRF-MA";"DEL01-MA";"UOP02-DEL01-MA"
545636;2023-07-30;"domingo";"13:00:00";"GO";153;300;"RIALMA";"Reação tardia ou ineficiente do condutor";"Colisão traseira";"Com Vítimas Feridas";"Pleno dia";"Crescente";"Céu Claro";"Simples";"Reta";"Sim";3;0;1;0;1;1;1;2;-15,282618;-49,559143;"SPRF-GO";"DEL02-GO";"UOP02-DEL02-GO"
545638;2023-08-31;"quinta-feira";"04:00:00";"RO";435;91,2;"COLORADO DO OESTE";"Manobra de mudança de faixa";"Colisão lateral sentido oposto";"Com Vítimas Feridas";"Plena Noite";"Decrescente";"Céu Claro";"Simples";"Reta";"Não";3;0;1;0;1;3;1;5;-13,175628;-60,544884;"SPRF-RO";"DEL04-RO";"UOP02-DEL04-RO"
545640;2023-08-31;"quinta-feira";"12:00:00";"MT";70;94;"GENERAL CARNEIRO";"Velocidade Incompatível";"Colisão frontal";"Com Vítimas Feridas";"Pleno dia";"Crescente";"Céu Claro";"Simples";"Curva";"Não";4;0;2;0;1;3;2;5;-15,57393657;-52,89453804;"SPRF-MT";"DEL07-MT";"UOP01-DEL07-MT"
545641;2023-08-31;"quinta-feira";"11:00:00";"RO";364;630;"ITAPUA DO OESTE";"Reação tardia ou ineficiente do condutor";"Colisão lateral mesmo sentido";"Sem Vítimas";"Pleno dia";"Decrescente";"Céu Claro";"Simples";"Reta";"Não";3;0;0;0;2;1;0;3;-9,08302052;-63,3715249;"SPRF-RO";"DEL01-RO";"UOP04-DEL01-RO"
545642;2023-08-31;"quinta-feira";"12:00:00";"PE";101;46;"IGARASSU";"Afundamento ou ondulação no pavimento";"Colisão lateral mesmo sentido";"Sem Vítimas";"Pleno dia";"Crescente";"Céu Claro";"Múltipla";"Reta";"Sim";3;0;0;0;1;2;0;3;-7,87406004;-34,90588126;"SPRF-PE";"DEL01-PE";"UOP02-DEL01-PE"
545653;2023-08-31;"quinta-feira";"13:30:00";"SP";116;112;"TAUBATE";"Manobra de mudança de faixa";"Colisão lateral mesmo sentido";"Com Vítimas Feridas";"Pleno dia";"Crescente";"Céu Claro";"Dupla";"Reta";"Sim";4;0;1;0;2;1;1;3;-23,04159343;-45,57065616;"SPRF-SP";"DEL02-SP";"UOP02-DEL02-SP"
545656;2023-08-31;"quinta-feira";"14:15:00";"PR";116;12,7;"COLOMBO";"Problema com o freio";"Colisão com objeto";"Sem Vítimas";"Pleno dia";"Decrescente";"Céu Claro";"Dupla";"Reta";"Não";1;0;0;0;1;0;0;1;-25,38020694;-49,16055679;"SPRF-PR";"DEL01-PR";"UOP02-DEL01-PR"
545661;2023-08-31;"quinta-feira";"15:48:00";"TO";153;145;"ARAGUAINA";"Ausência de reação do condutor";"Colisão traseira";"Sem Vítimas";"Pleno dia";"Decrescente";"Céu Claro";"Múltipla";"Ponte;Reta";"Sim";2;0;0;0;2;0;0;2;-7,20503614;-48,24035166;"SPRF-TO";"DEL02-TO";"UOP01-DEL02-TO"
545662;2023-08-31;"quinta-feira";"15:35:00";"RS";386;306,7;"POUSO NOVO";"Problema com o freio";"Tombamento";"Com Vítimas Fatais";"Pleno dia";"Crescente";"Sol";"Simples";"Curva;Declive";"Não";2;1;0;0;0;1;0;2;-29,194696;-52,185722;"SPRF-RS";"DEL04-RS";"UOP01-DEL04-RS"
545663;2023-08-31;"quinta-feira";"14:30:00";"MG";251;385,6;"GRAO MOGOL";"Velocidade Incompatível";"Saída de leito carroçável";"Com Vítimas Feridas";"Pleno dia";"Decrescente";"Céu Claro";"Simples";"Reta";"Não";1;0;0;1;0;0;1;1;-16,27786304;-42,81693102;"SPRF-MG";"DEL12-MG";"UOP01-DEL12-MG"
545664;2023-08-31;"quinta-feira";"15:25:00";"RS";116;397,3;"CAMAQUA";"Acesso irregular";"Colisão transversal";"Com Vítimas Feridas";"Pleno dia";"Crescente";"Céu Claro";"Simples";"Reta";"Não";4;0;3;0;0;1;3;3;-30,85729896;-51,78523779;"SPRF-RS";"DEL02-RS";"UOP02-DEL02-RS"
545666;2023-08-31;"quinta-feira";"14:35:00";"SP";116;169;"JACAREI";"Demais falhas mecânicas ou elétricas";"Incêndio";"Sem Vítimas";"Pleno dia";"Crescente";"Céu Claro";"Múltipla";"Reta";"Não";2;0;0;0;0;2;0;2;-23,307652;-46,045128;"SPRF-SP";"DEL02-SP";"UOP01-DEL02-SP"
545669;2023-08-31;"quinta-feira";"14:05:00";"MG";262;450,5;"NOVA SERRANA";"Chuva";"Saída de leito carroçável";"Com Vítimas Feridas";"Pleno dia";"Crescente";"Chuva";"Simples";"Reta";"Não";2;0;0;1;1;0;1;1;-19,86755552;-44,9889018;"SPRF-MG";"DEL08-MG";"UOP03-DEL08-MG"
545670;2023-08-31;"quinta-feira";"15:15:00";"MG";365;691;"MONTE ALEGRE DE MINAS";"Ausência de reação do condutor";"Colisão traseira";"Com Vítimas Feridas";"Pleno dia";"Crescente";"Nublado";"Dupla";"Reta";"Não";3;0;0;1;1;1;1;3;-18,87690265;-48,91252701;"SPRF-MG";"DEL15-MG";"UOP03-DEL15-MG"
545671;2023-08-31;"quinta-feira";"13:28:00";"MG";116;703,7;"MURIAE";"Conversão proibida";"Colisão lateral mesmo sentido";"Com Vítimas Feridas";"Pleno dia";"Crescente";"Sol";"Simples";"Interseção de Vias;Reta";"Sim";2;0;1;0;1;0;1;2;-21,12754273;-42,38361868;"SPRF-MG";"DEL07-MG";"UOP02-DEL07-MG"
545673;2023-08-31;"quinta-feira";"15:30:00";"MG";40;469,6;"SETE LAGOAS";"Reação tardia ou ineficiente do condutor";"Capotamento";"Sem Vítimas";"Pleno dia";"Decrescente";"Chuva";"Dupla";"Declive;Reta";"Não";1;0;0;0;1;0;0;1;-19,46099279;-44,30121988;"SPRF-MG";"DEL02-MG";"UOP01-DEL02-MG"
545675;2023-08-31;"quinta-feira";"15:35:00";"MG";40;469,7;"SETE LAGOAS";"Objeto estático sobre o leito carroçável";"Engavetamento";"Com Vítimas Feridas";"Pleno dia";"Decrescente";"Chuva";"Múltipla";"Declive;Reta";"Não";10;0;3;2;3;2;5;6;-19,46099279;-44,30121988;"SPRF-MG";"DEL02-MG";"UOP01-DEL02-MG"
545676;2023-08-26;"sábado";"19:40:00";"ES";101;26;"CONCEICAO DA BARRA";"Ingestão de álcool pelo condutor";"Colisão transversal";"Com Vítimas Feridas";"Plena Noite";"Decrescente";"Nublado";"Simples";"Reta";"Sim";3;0;0;1;1;2;1;4;-18,37551795;-39,94781087;"SPRF-ES";"DEL04-ES";"UOP02-DEL04-ES"
545679;2023-08-31;"quinta-feira";"16:10:00";"SC";470;62,6;"INDAIAL";"Condutor deixou de manter distância do veículo da frente";"Colisão traseira";"Sem Vítimas";"Pleno dia";"Decrescente";"Céu Claro";"Simples";"Reta;Declive";"Sim";4;0;0;0;4;0;0;4;-26,872396;-49,19228;"SPRF-SC";"DEL04-SC";"UOP01-DEL04-SC"
545690;2023-08-31;"quinta-feira";"17:10:00";"RS";290;481,8;"ROSARIO DO SUL";"Ausência de reação do condutor";"Colisão lateral mesmo sentido";"Sem Vítimas";"Pleno dia";"Decrescente";"Céu Claro";"Simples";"Reta;Declive";"Sim";3;0;0;0;2;1;0;2;-30,24204584;-54,93849635;"SPRF-RS";"DEL11-RS";"UOP02-DEL11-RS"
545691;2023-08-31;"quinta-feira";"15:30:00";"MG";153;45;"CANAPOLIS";"Velocidade Incompatível";"Colisão frontal";"Com Vítimas Feridas";"Pleno dia";"Crescente";"Chuva";"Dupla";"Aclive;Reta";"Não";3;0;0;2;0;1;2;3;-18,78035791;-49,07866011;"SPRF-MG";"DEL15-MG";"UOP03-DEL15-MG"
545692;2023-08-31;"quinta-feira";"15:34:00";"SC";101;457,5;"SAO JOAO DO SUL";"Condutor deixou de manter distância do veículo da frente";"Colisão traseira";"Sem Vítimas";"Pleno dia";"Decrescente";"Céu Claro";"Múltipla";"Reta";"Não";3;0;0;0;2;2;0;4;-29,2321129;-49,7583037;"SPRF-SC";"DEL02-SC";"UOP02-DEL02-SC"
545697;2023-08-23;"quarta-feira";"15:30:00";"PA";230;572,5;"VITORIA DO XINGU";"Velocidade Incompatível";"Tombamento";"Com Vítimas Feridas";"Pleno dia";"Decrescente";"Sol";"Simples";"Aclive;Curva";"Não";2;0;0;1;0;1;1;2;-3,13528828;-51,71238899;"SPRF-PA";"DEL04-PA";"UOP01-DEL04-PA"
545699;2023-08-31;"quinta-feira";"12:00:00";"MT";70;697,3;"CACERES";"Ausência de reação do condutor";"Colisão frontal";"Com Vítimas Fatais";"Pleno dia";"Crescente";"Céu Claro";"Simples";"Reta";"Não";5;3;0;0;1;3;0;5;-16,21556185;-57,4183132;"SPRF-MT";"DEL03-MT";"UOP01-DEL03-MT"
545700;2023-08-31;"quinta-feira";"16:00:00";"MG";40;132;"JOAO PINHEIRO";"Estacionar ou parar em local proibido";"Colisão traseira";"Sem Vítimas";"Anoitecer";"Crescente";"Céu Claro";"Simples";"Reta";"Não";3;0;0;0;2;1;0;3;-17,71046924;-46,26721306;"SPRF-MG";"DEL14-MG";"UOP01-DEL14-MG"
545708;2023-08-31;"quinta-feira";"18:25:00";"RS";116;39;"VACARIA";"Acessar a via sem observar a presença dos outros veículos";"Colisão lateral mesmo sentido";"Sem Vítimas";"Plena Noite";"Crescente";"Céu Claro";"Simples";"Rotatória";"Sim";3;0;0;0;3;0;0;3;-28,51426381;-50,93456984;"SPRF-RS";"DEL05-RS";"UOP03-DEL05-RS"
545711;2023-08-31;"quinta-feira";"17:30:00";"BA";242;489;"OLIVEIRA DOS BREJINHOS";"Velocidade Incompatível";"Tombamento";"Com Vítimas Feridas";"Anoitecer";"Crescente";"Chuva";"Simples";"Curva";"Não";1;0;1;0;0;0;1;1;-12,41360616;-42,36805991;"SPRF-BA";"DEL06-BA";"UOP01-DEL06-BA"
545715;2023-08-31;"quinta-feira";"17:50:00";"PR";277;502,6;"GUARANIACU";"Velocidade Incompatível";"Tombamento";"Sem Vítimas";"Pleno dia";"Decrescente";"Céu Claro";"Simples";"Curva;Declive";"Não";2;0;0;0;1;3;0;4;-25,15665106;-52,69694215;"SPRF-PR";"DEL04-PR";"UOP04-DEL04-PR"
545722;2023-08-31;"quinta-feira";"19:26:00";"MG";50;115;"UBERABA";"Pista Escorregadia";"Capotamento";"Com Vítimas Feridas";"Plena Noite";"Decrescente";"Nublado";"Dupla";"Reta";"Não";2;0;0;1;1;0;1;2;-19,26611991;-48,12839379;"SPRF-MG";"DEL13-MG";"UOP01-DEL13-MG"