"id";"data_inversa";"dia_semana";"horario";"uf";"br";"km";"municipio";"causa_acidente";"tipo_acidente";"classificacao_acidente";"fase_dia";"sentido_via";"condicao_metereologica";"tipo_pista";"tracado_via";"uso_solo";"pessoas";"mortos";"feridos_leves";"feridos_graves";"ilesos";"ignorados";"feridos";"veiculos";"latitude";"longitude";"regional";"delegacia";"uop"
545724;2023-08-31;"quinta-feira";"20:38:00";"ES";101;409;"ITAPEMIRIM";"Acessar a via sem observar a presença dos outros veículos";"Colisão frontal";"Com Vítimas Fatais";"Plena Noite";"Crescente";"Céu Claro";"Simples";"Reta";"Não";5;2;0;1;1;1;1;3;-20,89643008;-41,04527197;"SPRF-ES";"DEL03-ES";"UOP02-DEL03-ES"
545725;2023-08-31;"quinta-feira";"20:17:00";"BA";242;452;"IBITIARA";"Manobra de mudança de faixa";"Colisão frontal";"Com Vítimas Fatais";"Plena Noite";"Crescente";"Chuva";"Simples";"Curva";"Não";7;5;0;0;1;1;0;3;-12,41866894;-42,08792102;"SPRF-BA";"DEL06-BA";"UOP01-DEL06-BA"
545727;2023-08-31;"quinta-feira";"20:50:00";"DF";20;10;"BRASILIA";"Acumulo de água sobre o pavimento";"Colisão com objeto";"Sem Vítimas";"Plena Noite";"Decrescente";"Chuva";"Dupla";"Declive;Reta";"Não";1;0;0;0;1;0;0;1;-15,650243;-47,773872;"SPRF-DF";"DEL02-DF";"UOP01-DEL02-DF"
545728;2023-08-31;"quinta-feira";"16:00:00";"MG";365;321,9;"JOAO PINHEIRO";"Pista Escorregadia";"Tombamento";"Com Vítimas Feridas";"Pleno dia";"Decrescente";"Chuva";"Simples";"Curva;Declive";"Não";3;0;2;0;0;1;2;2;-18,27540395;-45,89263002;"SPRF-MG";"DEL10-MG";"UOP01-DEL10-MG"
545730;2023-08-31;"quinta-feira";"20:00:00";"RJ";116;83;"JAPERI";"Ausência de reação do condutor";"Colisão traseira";"Com Vítimas Feridas";"Plena Noite";"Crescente";"Céu Claro";"Dupla";"Reta";"Não";2;0;0;1;1;0;1;2;-22,66461576;-43,58282268;"SPRF-RJ";"DEL04-RJ";"UOP01-DEL04-RJ"
545731;2023-07-23;"domingo";"05:45:00";"BA";101;507;"ITABUNA";"Ingestão de álcool pelo condutor";"Colisão frontal";"Sem Vítimas";"Amanhecer";"Crescente";"Chuva";"Simples";"Ponte";"Não";9;0;0;0;7;2;0;6;-14,81583555;-39,29620743;"SPRF-BA";"DEL05-BA";"UOP01-DEL05-BA"
545747;2023-07-10;"segunda-feira";"20:15:00";"RN";304;84;"ACU";"Condutor Dormindo";"Colisão frontal";"Com Vítimas Fatais";"Plena Noite";"Decrescente";"Céu Claro";"Simples";"Reta";"Sim";2;1;0;0;1;0;0;2;-5,49932609;-37,14569806;"SPRF-RN";"DEL04-RN";"UOP01-DEL04-RN"
545751;2023-08-31;"quinta-feira";"22:50:00";"CE";222;307,9;"TIANGUA";"Ausência de reação do condutor";"Colisão traseira";"Com Vítimas Fatais";"Plena Noite";"Crescente";"Céu Claro";"Simples";"Reta";"Não";3;1;0;0;1;1;0;3;-3,68203653;-40,97306466;"SPRF-CE";"DEL04-CE";"UOP02-DEL04-CE"
545753;2023-09-01;"sexta-feira";"02:00:00";"RS";290;59,7;"GRAVATAI";"Condutor Dormindo";"Colisão traseira";"Com Vítimas Fatais";"Plena Noite";"Crescente";"Nevoeiro/Neblina";"Dupla";"Reta";"Não";7;2;2;0;2;1;2;4;-29,923475;-50,854708;"SPRF-RS";"DEL03-RS";"UOP01-DEL03-RS"
545754;2023-09-01;"sexta-feira";"02:30:00";"PE";101;68,7;"RECIFE";"Manobra de mudança de faixa";"Colisão lateral mesmo sentido";"Com Vítimas Feridas";"Plena Noite";"Crescente";"Céu Claro";"Dupla";"Reta";"Sim";2;0;1;0;0;1;1;2;-8,05951606;-34,94581024;"SPRF-PE";"DEL01-PE";"UOP01-DEL01-PE"
545755;2023-09-01;"sexta-feira";"02:30:00";"SP";116;2;"QUELUZ";"Ausência de reação do condutor";"Saída de leito carroçável";"Com Vítimas Feridas";"Plena Noite";"Decrescente";"Céu Claro";"Dupla";"Curva";"Não";2;0;2;0;0;0;2;1;-22,523817;-44,72018123;"SPRF-SP";"DEL08-SP";"UOP02-DEL08-SP"
545756;2023-09-01;"sexta-feira";"00:50:00";"BA";101;817;"ITAMARAJU";"Reação tardia ou ineficiente do condutor";"Saída de leito carroçável";"Com Vítimas Feridas";"Plena Noite";"Crescente";"Céu Claro";"Simples";"Curva;Declive";"Não";1;0;1;0;0;0;1;1;-17,08599404;-39,57172394;"SPRF-BA";"DEL09-BA";"UOP02-DEL09-BA"
545758;2023-09-01;"sexta-feira";"02:30:00";"MG";40;610,3;"CONGONHAS";"Velocidade Incompatível";"Colisão lateral sentido oposto";"Com Vítimas Feridas";"Plena Noite";"Crescente";"Nublado";"Simples";"Curva";"Sim";3;0;1;0;1;2;1;4;-20,50770006;-43,83842739;"SPRF-MG";"DEL05-MG";"UOP02-DEL05-MG"
545761;2023-09-01;"sexta-feira";"04:00:00";"PR";116;128;"FAZENDA RIO GRANDE";"Ausência de reação do condutor";"Colisão traseira";"Com Vítimas Feridas";"Plena Noite";"Decrescente";"Nublado";"Dupla";"Reta";"Sim";3;0;1;0;1;1;1;3;-25,65724275;-49,3120265;"SPRF-PR";"DEL01-PR";"UOP03-DEL01-PR"
545766;2023-09-01;"sexta-feira";"05:40:00";"PE";101;61,5;"RECIFE";"Reação tardia ou ineficiente do condutor";"Colisão traseira";"Com Vítimas Feridas";"Pleno dia";"Crescente";"Sol";"Dupla";"Reta";"Sim";2;0;1;0;1;0;1;2;-7,99097103;-34,93598295;"SPRF-PE";"DEL01-PE";"UOP02-DEL01-PE"
545773;2023-09-01;"sexta-feira";"07:01:00";"SP";116;143;"SAO JOSE DOS CAMPOS";"Ausência de reação do condutor";"Engavetamento";"Com Vítimas Feridas";"Pleno dia";"Decrescente";"Céu Claro";"Múltipla";"Aclive;Reta";"Não";5;0;1;0;3;1;1;5;-23,17849879;-45,83787411;"SPRF-SP";"DEL02-SP";"UOP01-DEL02-SP"
545774;2023-08-31;"quinta-feira";"18:23:00";"RO";364;298;"PRESIDENTE MEDICI";"Acostamento em desnível";"Tombamento";"Com Vítimas Feridas";"Anoitecer";"Crescente";"Céu Claro";"Simples";"Aclive";"Não";2;0;1;0;0;2;1;3;-11,262843;-61,90205;"SPRF-RO";"DEL02-RO";"UOP01-DEL02-RO"
545780;2023-09-01;"sexta-feira";"07:00:00";"MG";40;516,9;"RIBEIRAO DAS NEVES";"Condutor deixou de manter distância do veículo da frente";"Colisão traseira";"Com Vítimas Feridas";"Pleno dia";"Crescente";"Céu Claro";"Dupla";"Reta";"Sim";2;0;1;0;1;0;1;2;-19,81810748;-44,08813477;"SPRF-MG";"DEL01-MG";"UOP02-DEL01-MG"
545785;2023-09-01;"sexta-feira";"05:30:00";"MT";70;516;"VARZEA GRANDE";"Conversão proibida";"Colisão lateral sentido oposto";"Com Vítimas Feridas";"Plena Noite";"Crescente";"Céu Claro";"Simples";"Reta";"Não";3;0;1;0;1;3;1;5;-15,70314737;-56,1519029;"SPRF-MT";"DEL01-MT";"UOP02-DEL01-MT"
545789;2023-09-01;"sexta-feira";"07:00:00";"MG";40;348,6;"FELIXLANDIA";"Acostamento em desnível";"Saída de leito carroçável";"Com Vítimas Feridas";"Pleno dia";"Crescente";"Céu Claro";"Simples";"Reta";"Não";5;0;0;3;1;1;3;3;-18,723546;-44,940825;"SPRF-MG";"DEL02-MG";"UOP01-DEL02-MG"
545802;2023-09-01;"sexta-feira";"08:45:00";"PR";277;658;"MATELANDIA";"Ausência de reação do condutor";"Colisão traseira";"Com Vítimas Feridas";"Pleno dia";"Crescente";"Garoa/Chuvisco";"Dupla";"Curva";"Sim";3;0;1;0;2;0;1;2;-25,2426837;-53,97329107;"SPRF-PR";"DEL05-PR";"UOP02-DEL05-PR"
545804;2023-09-01;"sexta-feira";"08:45:00";"GO";153;503;"GOIANIA";"Condutor deixou de manter distância do veículo da frente";"Colisão traseira";"Com Vítimas Feridas";"Pleno dia";"Decrescente";"Céu Claro";"Dupla";"Reta";"Sim";2;0;1;0;1;0;1;2;-16,7366;-49,243;"SPRF-GO";"DEL01-GO";"UOP01-DEL01-GO"
545808;2023-09-01;"sexta-feira";"09:25:00";"RS";290;716;"URUGUAIANA";"Transitar na contramão";"Colisão lateral sentido oposto";"Com Vítimas Feridas";"Pleno dia";"Decrescente";"Nublado";"Simples";"Reta";"Não";7;0;2;0;2;3;2;5;-29,781853;-57,025253;"SPRF-RS";"DEL13-RS";"UOP01-DEL13-RS"
545818;2023-08-04;"sexta-feira";"15:35:00";"PB";230;154,8;"CAMPINA GRANDE";"Ausência de reação do condutor";"Colisão traseira";"Com Vítimas Feridas";"Pleno dia";"Decrescente";"Céu Claro";"Simples";"Reta";"Sim";6;0;2;0;4;0;2;5;-7,2777;-35,8985;"SPRF-PB";"DEL02-PB";"UOP01-DEL02-PB"
545819;2023-09-01;"sexta-feira";"09:25:00";"RS";287;280;"SAO PEDRO DO SUL";"Acessar a via sem observar a presença dos outros veículos";"Colisão transversal";"Com Vítimas Feridas";"Pleno dia";"Decrescente";"Céu Claro";"Simples";"Reta";"Não";4;0;2;0;2;0;2;2;-29,6410317;-54,17002483;"SPRF-RS";"DEL09-RS";"UOP01-DEL09-RS"
545820;2023-09-01;"sexta-feira";"09:00:00";"PA";155;20;"REDENCAO";"Reação tardia ou ineficiente do condutor";"Saída de leito carroçável";"Sem Vítimas";"Pleno dia";"Crescente";"Céu Claro";"Simples";"Ponte;Reta";"Não";2;0;0;0;0;3;0;3;-7,866214;-50,04450299;"SPRF-PA";"DEL03-PA";"UOP01-DEL03-PA"
545828;2023-09-01;"sexta-feira";"11:55:00";"RS";116;251;"SAO LEOPOLDO";"Reação tardia ou ineficiente do condutor";"Colisão traseira";"Com Vítimas Feridas";"Pleno dia";"Decrescente";"Céu Claro";"Dupla";"Reta";"Sim";2;0;1;0;1;0;1;2;-29,80035406;-51,16550365;"SPRF-RS";"DEL01-RS";"UOP02-DEL01-RS"
545829;2023-09-01;"sexta-feira";"11:39:00";"GO";40;24;"LUZIANIA";"Demais falhas mecânicas ou elétricas";"Colisão traseira";"Com Vítimas Feridas";"Pleno dia";"Decrescente";"Céu Claro";"Dupla";"Reta";"Sim";3;0;1;1;1;0;2;2;-16,252738;-47,900437;"SPRF-DF";"DEL01-DF";"UOP01-DEL01-DF"
545831;2023-09-01;"sexta-feira";"11:20:00";"MG";116;707,8;"MURIAE";"Reação tardia ou ineficiente do condutor";"Colisão com objeto";"Com Vítimas Feridas";"Pleno dia";"Crescente";"Sol";"Simples";"Curva";"Não";2;0;1;0;0;1;1;2;-21,15538281;-42,38264744;"SPRF-MG";"DEL07-MG";"UOP02-DEL07-MG"
545832;2023-09-01;"sexta-feira";"11:15:00";"PA";10;100;"ULIANOPOLIS";"Acostamento em desnível";"Colisão lateral sentido oposto";"Com Vítimas Fatais";"Pleno dia";"Crescente";"Sol";"Simples";"Reta";"Não";3;1;0;0;1;3;0;5;-3,56699498;-47,49129661;"SPRF-PA";"DEL02-PA";"UOP02-DEL02-PA"
545836;2023-09-01;"sexta-feira";"12:31:00";"GO";153;500;"GOIANIA";"Condutor deixou de manter distância do veículo da frente";"Colisão traseira";"Com Vítimas Feridas";"Pleno dia";"Crescente";"Sol";"Dupla";"Reta";"Sim";2;0;0;1;1;0;1;2;-16,7118;-49,2324;"SPRF-GO";"DEL01-GO";"UOP01-DEL01-GO"
545837;2023-09-01;"sexta-feira";"11:30:00";"MG";50;86;"UBERLANDIA";"Velocidade Incompatível";"Colisão traseira";"Com Vítimas Feridas";"Pleno dia";"Crescente";"Sol";"Dupla";"Reta";"Não";3;0;1;0;1;2;1;4;-19,0137791;-48,2072524;"SPRF-MG";"DEL15-MG";"UOP01-DEL15-MG"
545843;2023-09-01;"sexta-feira";"12:20:00";"SC";470;146;"RIO DO SUL";"Velocidade Incompatível";"Colisão lateral sentido oposto";"Com Vítimas Feridas";"Pleno dia";"Decrescente";"Sol";"Simples";"Curva";"Não";3;0;0;1;1;1;1;3;-27,240673;-49,685822;"SPRF-SC";"DEL04-SC";"UOP02-DEL04-SC"
545851;2023-09-01;"sexta-feira";"13:20:00";"MG";116;706,5;"MURIAE";"Manobra de mudança de faixa";"Colisão lateral mesmo sentido";"Com Vítimas Feridas";"Pleno dia";"Crescente";"Céu Claro";"Simples";"Reta";"Não";3;0;1;0;1;1;1;3;-21,147048;-42,381522;"SPRF-MG";"DEL07-MG";"UOP02-DEL07-MG"
545854;2023-09-01;"sexta-feira";"14:00:00";"MG";40;492,8;"ESMERALDAS";"Velocidade Incompatível";"Colisão com objeto";"Com Vítimas Feridas";"Pleno dia";"Crescente";"Céu Claro";"Dupla";"Curva;Declive";"Não";2;0;1;0;0;1;1;2;-19,63737896;-44,20372986;"SPRF-MG";"DEL02-MG";"UOP01-DEL02-MG"
545856;2023-09-01;"sexta-feira";"13:30:00";"PR";476;298;"SAO MATEUS DO SUL";"Ausência de reação do condutor";"Colisão traseira";"Com Vítimas Feridas";"Pleno dia";"Crescente";"Nublado";"Simples";"Aclive;Reta;Em Obras";"Não";3;0;1;0;1;1;1;3;-25,974737;-50,547321;"SPRF-PR";"DEL02-PR";"UOP03-DEL02-PR"
545860;2023-09-01;"sexta-feira";"13:50:00";"BA";242;440;"SEABRA";"Manobra de mudança de faixa";"Colisão lateral sentido oposto";"Com Vítimas Feridas";"Pleno dia";"Decrescente";"Céu Claro";"Simples";"Reta";"Não";3;0;1;0;1;2;1;4;-12,39198225;-41,90975189;"SPRF-BA";"DEL06-BA";"UOP01-DEL06-BA"
545863;2023-09-01;"sexta-feira";"15:00:00";"SC";101;195;"BIGUACU";"Ausência de reação do condutor";"Colisão lateral mesmo sentido";"Com Vítimas Feridas";"Pleno dia";"Decrescente";"Nublado";"Dupla";"Reta";"Sim";3;0;1;0;2;0;1;2;-27,5047092;-48,65010819;"SPRF-SC";"DEL01-SC";"UOP01-DEL01-SC"
545872;2023-09-01;"sexta-feira";"14:30:00";"SP";153;32;"NOVA GRANADA";"Ultrapassagem Indevida";"Colisão lateral mesmo sentido";"Sem Vítimas";"Pleno dia";"Crescente";"Sol";"Simples";"Declive;Reta";"Não";3;0;0;0;1;2;0;3;-20,55543809;-49,32522215;"SPRF-SP";"DEL09-SP";"UOP01-DEL09-SP"
545878;2023-09-01;"sexta-feira";"09:00:00";"BA";116;508;"SANTA TERESINHA";"Acostamento em desnível";"Tombamento";"Sem Vítimas";"Pleno dia";"Decrescente";"Céu Claro";"Simples";"Reta";"Não";2;0;0;0;1;3;0;4;-12,62503832;-39,59296284;"SPRF-BA";"DEL03-BA";"UOP02-DEL03-BA"
545882;2023-09-01;"sexta-feira";"15:20:00";"PA";316;106;"SANTA MARIA DO PARA";"Acessar a via sem observar a presença dos outros veículos";"Colisão transversal";"Com Vítimas Feridas";"Pleno dia";"Crescente";"Céu Claro";"Simples";"Reta";"Sim";3;0;1;0;1;2;1;4;-1,335919;-47,538636;"SPRF-PA";"DEL01-PA";"UOP02-DEL01-PA"
545883;2023-08-31;"quinta-feira";"15:00:00";"PA";163;617;"TRAIRAO";"Velocidade Incompatível";"Tombamento";"Com Vítimas Feridas";"Pleno dia";"Decrescente";"Céu Claro";"Simples";"Curva;Declive";"Não";2;0;1;0;0;1;1;2;-4,73795095;-56,05091106;"SPRF-PA";"DEL05-PA";"UOP02-DEL05-PA"
545888;2023-09-01;"sexta-feira";"16:10:00";"MG";50;37,1;"ARAGUARI";"Demais falhas mecânicas ou elétricas";"Incêndio";"Sem Vítimas";"Pleno dia";"Decrescente";"Sol";"Dupla";"Reta";"Não";1;0;0;0;1;0;0;1;-18,65832814;-48,15585894;"SPRF-MG";"DEL15-MG";"UOP02-DEL15-MG"
545899;2023-09-01;"sexta-feira";"17:10:00";"SP";116;270,5;"TABOAO DA SERRA";"Condutor deixou de manter distância do veículo da frente";"Colisão traseira";"Com Vítimas Feridas";"Pleno dia";"Decrescente";"Céu Claro";"Dupla";"Reta";"Sim";2;0;1;0;1;0;1;2;-23,61799728;-46,79677694;"SPRF-SP";"DEL04-SP";"UOP01-DEL04-SP"
545905;2023-09-01;"sexta-feira";"17:30:00";"PR";376;304;"MAUA DA SERRA";"Reação tardia ou ineficiente do condutor";"Tombamento";"Com Vítimas Feridas";"Anoitecer";"Crescente";"Nublado";"Dupla";"Curva;Declive";"Não";3;0;1;0;1;1;1;2;-23,952969;-51,114033;"SPRF-PR";"DEL07-PR";"UOP02-DEL07-PR"
545913;2023-09-01;"sexta-feira";"13:20:00";"RO";364;333;"JI-PARANA";"Ausência de reação do condutor";"Colisão traseira";"Com Vítimas Fatais";"Pleno dia";"Crescente";"Céu Claro";"Simples";"Curva";"Não";2;1;0;0;0;1;0;2;-10,95763508;-61,91765021;"SPRF-RO";"DEL02-RO";"UOP01-DEL02-RO"
545914;2023-09-01;"sexta-feira";"16:40:00";"SC";282;593,1;"SAUDADES";"Demais falhas mecânicas ou elétricas";"Saída de leito carroçável";"Com Vítimas Feridas";"Pleno dia";"Crescente";"Chuva";"Simples";"Curva";"Não";2;0;2;0;0;0;2;1;-26,826199;-53,10162;"SPRF-SC";"DEL07-SC";"UOP02-DEL07-SC"
545918;2023-09-01;"sexta-feira";"19:04:00";"PE";101;46;"IGARASSU";"Reação tardia ou ineficiente do condutor";"Colisão lateral mesmo sentido";"Com Vítimas Feridas";"Plena Noite";"Decrescente";"Céu Claro";"Múltipla";"Reta";"Sim";3;0;1;0;2;0;1;3;-7,87406004;-34,90588126;"SPRF-PE";"DEL01-PE";"UOP02-DEL01-PE"
545922;2023-09-01;"sexta-feira";"18:30:00";"RS";470;225,8;"GARIBALDI";"Acessar a via sem observar a presença dos outros veículos";"Colisão transversal";"Com Vítimas Feridas";"Anoitecer";"Crescente";"Chuva";"Múltipla";"Interseção de Vias;Retorno Regulamentado;Reta";"Sim";2;0;0;1;1;0;1;2;-29,2460558;-51,51615935;"SPRF-RS";"DEL06-RS";"UOP01-DEL06-RS"
545923;2023-09-01;"sexta-feira";"18:40:00";"RS";116;250;"SAO LEOPOLDO";"Reação tardia ou ineficiente do condutor";"Colisão traseira";"Com Vítimas Feridas";"Plena Noite";"Decrescente";"Nublado";"Dupla";"Declive;Reta";"Sim";2;0;1;0;1;0;1;2;-29,79148798;-51,16399615;"SPRF-RS";"DEL01-RS";"UOP02-DEL01-RS"
545925;2023-09-01;"sexta-feira";"12:44:00";"MT";163;639,8;"NOVA MUTUM";"Condutor deixou de manter distância do veículo da frente";"Colisão traseira";"Com Vítimas Feridas";"Pleno dia";"Decrescente";"Ignorado";"Simples";"Reta";"Não";3;0;1;0;1;4;1;6;-13,56662999;-56,0289131;"SPRF-MT";"DEL01-MT";"UOP01-DEL01-MT"
545931;2023-09-01;"sexta-feira";"18:30:00";"PR";373;217;"IMBITUVA";"Reação tardia ou ineficiente do condutor";"Colisão lateral sentido oposto";"Com Vítimas Feridas";"Anoitecer";"Crescente";"Ignorado";"Simples";"Reta;Desvio Temporário";"Não";4;0;2;0;1;1;2;3;-25,15942947;-50,55152074;"SPRF-PR";"DEL03-PR";"UOP01-DEL03-PR"
545933;2023-09-01;"sexta-feira";"16:00:00";"RN";304;26,2;"MOSSORO";"Problema com o freio";"Incêndio";"Sem Vítimas";"Pleno dia";"Crescente";"Céu Claro";"Simples";"Declive;Em Obras;Reta";"Sim";2;0;0;0;1;1;0;2;-5,08165;-37,33349;"SPRF-RN";"DEL04-RN";"UOP02-DEL04-RN"
545936;2023-09-01;"sexta-feira";"19:48:00";"PB";101;13;"MAMANGUAPE";"Frear bruscamente";"Colisão traseira";"Com Vítimas Feridas";"Plena Noite";"Crescente";"Céu Claro";"Dupla";"Reta";"Não";3;0;1;0;1;1;1;2;-6,60852702;-35,13959152;"SPRF-PB";"DEL01-PB";"UOP04-DEL01-PB"
545939;2023-09-01;"sexta-feira";"11:00:00";"GO";364;0,9;"SAO SIMAO";"Acumulo de areia ou detritos sobre o pavimento";"Tombamento";"Com Vítimas Feridas";"Pleno dia";"Decrescente";"Céu Claro";"Dupla";"Curva;Declive";"Não";2;0;1;0;0;1;1;2;-19,04009121;-50,51080227;"SPRF-GO";"DEL05-GO";"UOP02-DEL05-GO"
545947;2023-09-01;"sexta-feira";"15:00:00";"SC";101;114;"ITAJAI";"Acessar a via sem observar a presença dos outros veículos";"Colisão transversal";"Com Vítimas Feridas";"Pleno dia";"Crescente";"Céu Claro";"Múltipla";"Interseção de Vias;Retorno Regulamentado";"Sim";2;0;1;0;1;0;1;2;-26,86192886;-48,7286704;"SPRF-SC";"DEL04-SC";"UOP04-DEL04-SC"
545949;2023-09-01;"sexta-feira";"20:01:00";"PR";277;627,2;"CEU AZUL";"Ultrapassagem Indevida";"Colisão lateral sentido oposto";"Com Vítimas Feridas";"Plena Noite";"Crescente";"Céu Claro";"Simples";"Curva;Aclive";"Não";4;0;1;0;2;1;1;4;-25,112253;-53,768697;"SPRF-PR";"DEL05-PR";"UOP02-DEL05-PR"
545959;2023-09-01;"sexta-feira";"20:50:00";"BA";116;605;"IRAJUBA";"Ultrapassagem Indevida";"Colisão frontal";"Com Vítimas Feridas";"Plena Noite";"Crescente";"Céu Claro";"Simples";"Reta";"Não";4;0;0;3;0;2;3;4;-13,24217798;-40,01764175;"SPRF-BA";"DEL03-BA";"UOP01-DEL03-BA"
545962;2023-09-01;"sexta-feira";"18:30:00";"MS";163;565;"BANDEIRANTES";"Acessar a via sem observar a presença dos outros veículos";"Colisão traseira";"Com Vítimas Feridas";"Plena Noite";"Crescente";"Céu Claro";"Simples";"Declive;Reta";"Não";2;0;1;0;1;0;1;2;-19,84995931;-54,36932786;"SPRF-MS";"DEL01-MS";"UOP02-DEL01-MS"
545965;2023-09-01;"sexta-feira";"20:45:00";"PI";343;257;"CAMPO MAIOR";"Condutor Dormindo";"Colisão lateral sentido oposto";"Com Vítimas Feridas";"Plena Noite";"Decrescente";"Céu Claro";"Simples";"Curva";"Não";2;0;1;0;1;0;1;2;-4,78523;-42,118954;"SPRF-PI";"DEL01-PI";"UOP03-DEL01-PI"
545966;2023-09-01;"sexta-feira";"22:30:00";"BA";242;843;"BARREIRAS";"Ingestão de álcool pelo condutor";"Colisão lateral sentido oposto";"Sem Vítimas";"Plena Noite";"Decrescente";"Garoa/Chuvisco";"Simples";"Reta";"Não";3;0;0;0;2;4;0;6;-12,1174799;-45,224732;"SPRF-BA";"DEL10-BA";"UOP01-DEL10-BA"
545968;2023-09-01;"sexta-feira";"21:15:00";"BA";101;767,1;"ITABELA";"Condutor deixou de manter distância do veículo da frente";"Colisão traseira";"Sem Vítimas";"Plena Noite";"Decrescente";"Nublado";"Simples";"Declive;Curva";"Não";2;0;0;0;1;1;0;2;-16,720436;-39,452015;"SPRF-BA";"DEL09-BA";"UOP01-DEL09-BA"
545974;2023-09-01;"sexta-feira";"18:50:00";"RJ";101;55;"CAMPOS DOS GOYTACAZES";"Acessar a via sem observar a presença dos outros veículos";"Colisão transversal";"Com Vítimas Feridas";"Plena Noite";"Crescente";"Céu Claro";"Simples";"Reta";"Não";3;0;0;1;1;1;1;3;-21,67827099;-41,31079872;"SPRF-RJ";"DEL08-RJ";"UOP01-DEL08-RJ"
545976;2023-09-01;"sexta-feira";"19:12:00";"MS";163;483;"CAMPO GRANDE";"Acessar a via sem observar a presença dos outros veículos";"Colisão lateral mesmo sentido";"Com Vítimas Feridas";"Plena Noite";"Decrescente";"Céu Claro";"Simples";"Reta";"Sim";6;0;2;0;3;2;2;5;-20,45572487;-54,54471588;"SPRF-MS";"DEL01-MS";"UOP02-DEL01-MS"
545981;2023-09-01;"sexta-feira";"21:50:00";"MA";230;421;"BALSAS";"Transitar na contramão";"Colisão frontal";"Com Vítimas Feridas";"Plena Noite";"Crescente";"Ignorado";"Simples";"Reta";"Não";4;0;1;1;1;2;2;4;-7,47625265;-46,18654187;"SPRF-MA";"DEL05-MA";"UOP01-DEL05-MA"
545988;2023-09-02;"sábado";"01:10:00";"GO";364;201,2;"JATAI";"Transitar na contramão";"Colisão frontal";"Com Vítimas Feridas";"Plena Noite";"Decrescente";"Céu Claro";"Simples";"Declive;Em Obras";"Não";6;0;3;3;0;0;6;2;-17,914806;-51,765602;"SPRF-GO";"DEL05-GO";"UOP01-DEL05-GO"
545991;2023-09-02;"sábado";"01:42:00";"MG";381;548,3;"RIO MANSO";"Condutor Dormindo";"Saída de leito carroçável";"Com Vítimas Feridas";"Plena Noite";"Decrescente";"Céu Claro";"Dupla";"Reta";"Não";2;0;1;0;0;11;1;12;-20,3102109;-44,44993116;"SPRF-MG";"DEL04-MG";"UOP03-DEL04-MG"
545999;2023-09-02;"sábado";"03:00:00";"MT";364;294;"JACIARA";"Velocidade Incompatível";"Saída de leito carroçável";"Com Vítimas Feridas";"Plena Noite";"Crescente";"Céu Claro";"Dupla";"Reta";"Não";2;0;0;1;0;2;1;3;-15,87817597;-55,11485796;"SPRF-MT";"DEL05-MT";"UOP02-DEL05-MT"
546007;2023-09-02;"sábado";"03:15:00";"PE";101;186;"PALMARES";"Condutor Dormindo";"Tombamento";"Com Vítimas Feridas";"Plena Noite";"Crescente";"Céu Claro";"Múltipla";"Reta";"Sim";2;0;1;0;0;1;1;2;-8,68263674;-35,57938824;"SPRF-PE";"DEL01-PE";"UOP03-DEL01-PE"
546010;2023-09-02;"sábado";"05:46:00";"SP";116;146,2;"SAO JOSE DOS CAMPOS";"Trafegar com motocicleta (ou similar) entre as faixas";"Tombamento";"Com Vítimas Fatais";"Amanhecer";"Crescente";"Céu Claro";"Dupla";"Reta;Declive";"Sim";2;1;0;0;0;1;0;2;-23,19122919;-45,86327591;"SPRF-SP";"DEL02-SP";"UOP01-DEL02-SP"
546012;2023-09-02;"sábado";"05:23:00";"SP";381;49;"ATIBAIA";"Transitar na contramão";"Colisão frontal";"Com Vítimas Fatais";"Amanhecer";"Crescente";"Céu Claro";"Dupla";"Reta";"Sim";5;1;1;0;2;1;1;4;-23,20535293;-46,59066516;"SPRF-SP";"DEL03-SP";"UOP01-DEL03-SP"
546015;2023-06-26;"segunda-feira";"18:00:00";"RJ";101;309;"SAO GONCALO";"Pedestre cruzava a pista fora da faixa";"Atropelamento de Pedestre";"Com Vítimas Fatais";"Anoitecer";"Decrescente";"Ignorado";"Dupla";"Reta";"Sim";4;1;0;0;1;2;0;3;-22,79498873;-43,03446105;"SPRF-RJ";"DEL02-RJ";"UOP02-DEL02-RJ"
546018;2023-09-02;"sábado";"05:20:00";"SC";153;82,7;"IRANI";"Ingestão de álcool pelo condutor";"Colisão lateral sentido oposto";"Sem Vítimas";"Plena Noite";"Crescente";"Chuva";"Simples";"Curva";"Não";2;0;0;0;2;0;0;2;-27,122955;-51,926865;"SPRF-SC";"DEL07-SC";"UOP04-DEL07-SC"
546019;2023-09-01;"sexta-feira";"22:30:00";"MG";381;425;"CAETE";"Demais falhas na via";"Tombamento";"Com Vítimas Feridas";"Plena Noite";"Decrescente";"Nublado";"Dupla";"Reta";"Não";3;0;1;1;0;1;2;2;-19,789917;-43,68234;"SPRF-MG";"DEL01-MG";"UOP01-DEL01-MG"
546021;2023-09-02;"sábado";"06:40:00";"PR";376;366;"ORTIGUEIRA";"Transitar na contramão";"Colisão lateral sentido oposto";"Com Vítimas Fatais";"Amanhecer";"Crescente";"Nublado";"Simples";"Reta";"Sim";3;1;0;0;1;1;0;3;-24,320283;-50,855138;"SPRF-PR";"DEL07-PR";"UOP02-DEL07-PR"
546022;2023-09-02;"sábado";"07:06:00";"PR";376;679,5;"GUARATUBA";"Velocidade Incompatível";"Tombamento";"Com Vítimas Feridas";"Amanhecer";"Crescente";"Nublado";"Dupla";"Declive;Curva";"Não";2;0;0;1;0;1;1;2;-25,960387;-48,900125;"SPRF-PR";"DEL01-PR";"UOP04-DEL01-PR"