"id";"data_inversa";"dia_semana";"horario";"uf";"br";"km";"municipio";"causa_acidente";"tipo_acidente";"classificacao_acidente";"fase_dia";"sentido_via";"condicao_metereologica";"tipo_pista";"tracado_via";"uso_solo";"pessoas";"mortos";"feridos_leves";"feridos_graves";"ilesos";"ignorados";"feridos";"veiculos";"latitude";"longitude";"regional";"delegacia";"uop"
546966;2023-09-06;"quarta-feira";"17:10:00";"SC";101;125,1;"ITAJAI";"Condutor deixou de manter distância do veículo da frente";"Colisão traseira";"Com Vítimas Feridas";"Pleno dia";"Crescente";"Nublado";"Múltipla";"Reta";"Sim";3;0;1;0;2;0;1;2;-26,94802427;-48,68338515;"SPRF-SC";"DEL04-SC";"UOP04-DEL04-SC"
546970;2023-09-06;"quarta-feira";"18:00:00";"RJ";116;172;"SAO JOAO DE MERITI";"Demais falhas mecânicas ou elétricas";"Incêndio";"Sem Vítimas";"Plena Noite";"Decrescente";"Nublado";"Múltipla";"Reta";"Sim";1;0;0;0;1;0;0;1;-22,80188151;-43,35043673;"SPRF-RJ";"DEL01-RJ";"UOP02-DEL01-RJ"
546972;2023-09-06;"quarta-feira";"18:10:00";"RN";406;169,3;"SAO GONCALO DO AMARANTE";"Entrada inopinada do pedestre";"Atropelamento de Pedestre";"Com Vítimas Fatais";"Plena Noite";"Crescente";"Céu Claro";"Dupla";"Reta";"Sim";2;1;0;0;1;0;0;2;-5,75570118;-35,30728507;"SPRF-RN";"DEL02-RN";"UOP01-DEL02-RN"
546974;2023-09-06;"quarta-feira";"01:00:00";"BA";407;123;"SENHOR DO BONFIM";"Acessar a via sem observar a presença dos outros veículos";"Atropelamento de Pedestre";"Com Vítimas Fatais";"Plena Noite";"Decrescente";"Céu Claro";"Simples";"Declive";"Não";2;1;0;0;0;1;0;2;-10,42999697;-40,18666127;"SPRF-BA";"DEL04-BA";"UOP01-DEL04-BA"
546984;2023-09-06;"quarta-feira";"18:30:00";"SP";116;230,5;"SAO PAULO";"Trafegar com motocicleta (ou similar) entre as faixas";"Colisão lateral mesmo sentido";"Com Vítimas Feridas";"Plena Noite";"Decrescente";"Céu Claro";"Múltipla";"Reta";"Sim";5;0;2;0;2;1;2;4;-23,52251783;-46,5855702;"SPRF-SP";"DEL01-SP";"UOP01-DEL01-SP"
546986;2023-09-06;"quarta-feira";"16:10:00";"PR";376;91;"PARANAVAI";"Ultrapassagem Indevida";"Colisão lateral mesmo sentido";"Com Vítimas Feridas";"Pleno dia";"Crescente";"Céu Claro";"Simples";"Reta;Declive";"Não";6;0;2;0;3;1;2;5;-23,00236363;-52,5566649;"SPRF-PR";"DEL09-PR";"UOP02-DEL09-PR"
546988;2023-09-06;"quarta-feira";"15:00:00";"MT";70;514;"VARZEA GRANDE";"Conversão proibida";"Colisão transversal";"Sem Vítimas";"Pleno dia";"Decrescente";"Céu Claro";"Simples";"Rotatória;Retorno Regulamentado;Reta;Interseção de Vias";"Sim";3;0;0;0;1;4;0;5;-15,706068;-56,131887;"SPRF-MT";"DEL01-MT";"UOP02-DEL01-MT"
546990;2023-09-06;"quarta-feira";"14:10:00";"MA";135;24;"SAO LUIS";"Pedestre cruzava a pista fora da faixa";"Eventos atípicos";"Com Vítimas Feridas";"Pleno dia";"Crescente";"Céu Claro";"Dupla";"Reta";"Sim";2;0;0;1;0;1;1;2;-2,75938096;-44,35428204;"SPRF-MA";"DEL01-MA";"UOP01-DEL01-MA"
546992;2023-09-06;"quarta-feira";"18:00:00";"BA";324;534;"CONCEICAO DO JACUIPE";"Condutor deixou de manter distância do veículo da frente";"Engavetamento";"Com Vítimas Feridas";"Anoitecer";"Decrescente";"Nublado";"Dupla";"Reta";"Não";7;0;2;0;5;0;2;5;-12,36254591;-38,82283075;"SPRF-BA";"DEL01-BA";"UOP03-DEL01-BA"
546993;2023-09-06;"quarta-feira";"17:50:00";"BA";116;379;"SANTA BARBARA";"Ingestão de álcool pelo condutor";"Colisão lateral sentido oposto";"Com Vítimas Feridas";"Anoitecer";"Decrescente";"Chuva";"Simples";"Reta";"Não";3;0;1;0;1;1;1;3;-11,8433912;-38,9752462;"SPRF-BA";"DEL02-BA";"UOP01-DEL02-BA"
547000;2023-09-06;"quarta-feira";"17:40:00";"BA";324;354;"CONCEICAO DO JACUIPE";"Ausência de reação do condutor";"Colisão traseira";"Sem Vítimas";"Anoitecer";"Decrescente";"Chuva";"Dupla";"Reta";"Não";4;0;0;0;3;1;0;3;-12,36109;-38,824059;"SPRF-BA";"DEL04-BA";"UOP02-DEL04-BA"
547009;2023-09-06;"quarta-feira";"15:00:00";"MA";230;49;"BARAO DE GRAJAU";"Reação tardia ou ineficiente do condutor";"Tombamento";"Com Vítimas Feridas";"Pleno dia";"Decrescente";"Céu Claro";"Simples";"Curva";"Não";4;0;1;1;1;2;2;3;-6,61265242;-43,39803382;"SPRF-PI";"DEL03-PI";"UOP01-DEL03-PI"
547016;2023-09-06;"quarta-feira";"16:40:00";"SC";282;467,3;"PONTE SERRADA";"Acessar a via sem observar a presença dos outros veículos";"Colisão transversal";"Com Vítimas Feridas";"Pleno dia";"Crescente";"Céu Claro";"Simples";"Reta";"Não";5;0;2;0;2;2;2;4;-26,854425;-52,096107;"SPRF-SC";"DEL07-SC";"UOP04-DEL07-SC"
547019;2023-09-06;"quarta-feira";"20:30:00";"SP";116;208;"GUARULHOS";"Velocidade Incompatível";"Capotamento";"Sem Vítimas";"Plena Noite";"Crescente";"Nublado";"Dupla";"Reta";"Sim";3;0;0;0;2;1;0;3;-23,42222263;-46,3932771;"SPRF-SP";"DEL01-SP";"UOP01-DEL01-SP"
547026;2023-09-06;"quarta-feira";"18:50:00";"GO";452;13;"RIO VERDE";"Ultrapassagem Indevida";"Colisão frontal";"Com Vítimas Fatais";"Plena Noite";"Crescente";"Céu Claro";"Simples";"Aclive";"Não";8;1;4;0;1;2;4;5;-17,8421988;-50,79337593;"SPRF-GO";"DEL04-GO";"UOP01-DEL04-GO"
547035;2023-09-06;"quarta-feira";"20:00:00";"BA";324;545;"AMELIA RODRIGUES";"Condutor deixou de manter distância do veículo da frente";"Colisão traseira";"Com Vítimas Feridas";"Plena Noite";"Decrescente";"Nublado";"Dupla";"Reta";"Sim";3;0;1;0;1;2;1;4;-12,40647;-38,753143;"SPRF-BA";"DEL01-BA";"UOP03-DEL01-BA"
547042;2023-09-06;"quarta-feira";"21:10:00";"PB";104;134,9;"QUEIMADAS";"Transitar na contramão";"Colisão frontal";"Com Vítimas Fatais";"Plena Noite";"Decrescente";"Céu Claro";"Simples";"Reta";"Sim";2;1;0;0;1;0;0;2;-7,34336909;-35,89968752;"SPRF-PB";"DEL02-PB";"UOP03-DEL02-PB"
547043;2023-09-06;"quarta-feira";"21:00:00";"SC";101;279,9;"IMBITUBA";"Reação tardia ou ineficiente do condutor";"Colisão lateral sentido oposto";"Com Vítimas Feridas";"Plena Noite";"Decrescente";"Nublado";"Simples";"Interseção de Vias";"Não";2;0;1;0;1;0;1;2;-28,19393344;-48,69754851;"SPRF-SC";"DEL02-SC";"UOP03-DEL02-SC"
547048;2023-09-06;"quarta-feira";"21:53:00";"MG";381;488,5;"BETIM";"Condutor deixou de manter distância do veículo da frente";"Colisão lateral mesmo sentido";"Com Vítimas Feridas";"Plena Noite";"Decrescente";"Nublado";"Dupla";"Aclive;Curva";"Sim";3;0;1;0;1;1;1;2;-19,9558731;-44,1299201;"SPRF-MG";"DEL01-MG";"UOP03-DEL01-MG"
547051;2023-09-06;"quarta-feira";"19:50:00";"MG";381;588,7;"CARMOPOLIS DE MINAS";"Entrada inopinada do pedestre";"Atropelamento de Pedestre";"Com Vítimas Fatais";"Plena Noite";"Decrescente";"Nublado";"Dupla";"Aclive;Curva";"Sim";2;1;0;0;1;0;0;2;-20,55378184;-44,66117041;"SPRF-MG";"DEL04-MG";"UOP01-DEL04-MG"
547056;2023-09-06;"quarta-feira";"21:50:00";"BA";324;583,6;"CANDEIAS";"Condutor Dormindo";"Colisão traseira";"Com Vítimas Feridas";"Plena Noite";"Decrescente";"Garoa/Chuvisco";"Dupla";"Reta";"Não";27;0;3;0;24;0;3;2;-12,6141891;-38,48700311;"SPRF-BA";"DEL01-BA";"UOP01-DEL01-BA"
547059;2023-09-06;"quarta-feira";"20:55:00";"GO";364;199;"JATAI";"Reação tardia ou ineficiente do condutor";"Colisão traseira";"Com Vítimas Feridas";"Plena Noite";"Decrescente";"Céu Claro";"Dupla";"Reta";"Não";4;0;2;0;1;2;2;4;-17,920801;-51,748596;"SPRF-GO";"DEL05-GO";"UOP01-DEL05-GO"
547070;2023-09-06;"quarta-feira";"23:00:00";"MS";163;466,2;"CAMPO GRANDE";"Acessar a via sem observar a presença dos outros veículos";"Colisão lateral mesmo sentido";"Com Vítimas Feridas";"Plena Noite";"Decrescente";"Céu Claro";"Dupla";"Rotatória";"Sim";3;0;1;0;1;1;1;3;-20,58566898;-54,58258181;"SPRF-MS";"DEL01-MS";"UOP01-DEL01-MS"
547075;2023-09-06;"quarta-feira";"23:30:00";"BA";101;207;"GOVERNADOR MANGABEIRA";"Transitar na contramão";"Colisão frontal";"Com Vítimas Fatais";"Plena Noite";"Crescente";"Chuva";"Simples";"Aclive";"Não";2;1;0;0;1;0;0;2;-12,6131779;-39,0090234;"SPRF-BA";"DEL01-BA";"UOP02-DEL01-BA"
547077;2023-09-06;"quarta-feira";"17:01:00";"BA";20;144;"SAO DESIDERIO";"Condutor deixou de manter distância do veículo da frente";"Colisão lateral mesmo sentido";"Com Vítimas Feridas";"Plena Noite";"Crescente";"Céu Claro";"Múltipla";"Curva;Aclive";"Não";5;0;0;1;3;7;1;11;-12,7438264;-45,9329441;"SPRF-BA";"DEL10-BA";"UOP01-DEL10-BA"
547080;2023-09-07;"quinta-feira";"01:50:00";"TO";153;141;"ARAGUAINA";"Reação tardia ou ineficiente do condutor";"Colisão com objeto";"Sem Vítimas";"Plena Noite";"Decrescente";"Chuva";"Dupla";"Reta";"Sim";2;0;0;0;0;4;0;4;-7,18358757;-48,2264185;"SPRF-TO";"DEL02-TO";"UOP01-DEL02-TO"
547090;2023-09-07;"quinta-feira";"03:40:00";"SP";116;474;"JACUPIRANGA";"Ingestão de álcool pelo condutor";"Colisão frontal";"Com Vítimas Fatais";"Plena Noite";"Crescente";"Céu Claro";"Dupla";"Reta";"Não";12;1;3;0;7;1;3;5;-24,68015127;-47,98251273;"SPRF-SP";"DEL05-SP";"UOP01-DEL05-SP"
547098;2023-09-07;"quinta-feira";"02:15:00";"TO";153;131;"WANDERLANDIA";"Iluminação deficiente";"Saída de leito carroçável";"Com Vítimas Feridas";"Plena Noite";"Decrescente";"Chuva";"Simples";"Rotatória;Retorno Regulamentado";"Não";2;0;0;1;0;1;1;2;-7,10025201;-48,17644299;"SPRF-TO";"DEL02-TO";"UOP01-DEL02-TO"
547103;2023-09-07;"quinta-feira";"03:40:00";"MT";70;524;"VARZEA GRANDE";"Velocidade Incompatível";"Tombamento";"Com Vítimas Feridas";"Plena Noite";"Decrescente";"Garoa/Chuvisco";"Simples";"Rotatória";"Sim";1;0;1;0;0;0;1;1;-15,65015994;-56,19567033;"SPRF-MT";"DEL01-MT";"UOP02-DEL01-MT"
547108;2023-09-06;"quarta-feira";"16:30:00";"MT";163;572;"NOVA MUTUM";"Pista Escorregadia";"Colisão frontal";"Com Vítimas Fatais";"Pleno dia";"Decrescente";"Chuva";"Simples";"Reta";"Não";4;2;0;0;1;5;0;8;-14,1461131;-56,09974417;"SPRF-MT";"DEL01-MT";"UOP01-DEL01-MT"
547109;2023-07-11;"terça-feira";"09:00:00";"MG";116;343;"CAMPANARIO";"Manobra de mudança de faixa";"Colisão lateral sentido oposto";"Com Vítimas Feridas";"Pleno dia";"Crescente";"Céu Claro";"Simples";"Ponte;Reta";"Não";2;0;1;0;0;1;1;2;-18,346238;-41,771921;"SPRF-MG";"DEL11-MG";"UOP01-DEL11-MG"
547112;2023-09-07;"quinta-feira";"07:00:00";"SC";101;132,2;"BALNEARIO CAMBORIU";"Manobra de mudança de faixa";"Tombamento";"Com Vítimas Feridas";"Pleno dia";"Crescente";"Nublado";"Múltipla";"Reta";"Sim";2;0;1;0;1;0;1;2;-26,99654133;-48,65564711;"SPRF-SC";"DEL04-SC";"UOP03-DEL04-SC"
547114;2023-09-07;"quinta-feira";"06:00:00";"SC";101;106;"PENHA";"Ingestão de álcool pelo condutor";"Colisão lateral mesmo sentido";"Com Vítimas Feridas";"Amanhecer";"Crescente";"Céu Claro";"Dupla";"Reta";"Não";3;0;0;1;1;1;1;3;-26,81031601;-48,68293896;"SPRF-SC";"DEL03-SC";"UOP02-DEL03-SC"
547118;2023-09-07;"quinta-feira";"04:50:00";"SC";470;104,9;"APIUNA";"Ingestão de álcool pelo condutor";"Colisão lateral sentido oposto";"Sem Vítimas";"Plena Noite";"Crescente";"Chuva";"Simples";"Curva";"Não";3;0;0;0;2;3;0;5;-27,06135;-49,410408;"SPRF-SC";"DEL04-SC";"UOP02-DEL04-SC"
547123;2023-09-07;"quinta-feira";"03:45:00";"MG";381;526,6;"BRUMADINHO";"Velocidade Incompatível";"Colisão com objeto";"Com Vítimas Feridas";"Plena Noite";"Crescente";"Céu Claro";"Dupla";"Declive;Curva";"Não";3;0;1;0;1;1;1;3;-20,16175378;-44,34144636;"SPRF-MG";"DEL04-MG";"UOP03-DEL04-MG"
547132;2023-09-07;"quinta-feira";"06:50:00";"TO";153;351;"GUARAI";"Acessar a via sem observar a presença dos outros veículos";"Colisão transversal";"Com Vítimas Feridas";"Pleno dia";"Crescente";"Céu Claro";"Simples";"Reta";"Não";3;0;1;0;1;3;1;5;-8,98695198;-48,49979919;"SPRF-TO";"DEL02-TO";"UOP02-DEL02-TO"
547140;2023-09-07;"quinta-feira";"08:45:00";"PE";101;46;"IGARASSU";"Entrada inopinada do pedestre";"Atropelamento de Pedestre";"Com Vítimas Feridas";"Pleno dia";"Decrescente";"Nublado";"Dupla";"Reta";"Sim";3;0;0;1;1;1;1;3;-7,87406004;-34,90588126;"SPRF-PE";"DEL01-PE";"UOP02-DEL01-PE"
547143;2023-09-07;"quinta-feira";"06:20:00";"PR";116;7,5;"CAMPINA GRANDE DO SUL";"Reação tardia ou ineficiente do condutor";"Colisão lateral mesmo sentido";"Com Vítimas Feridas";"Amanhecer";"Crescente";"Garoa/Chuvisco";"Dupla";"Curva;Declive";"Não";7;0;3;0;3;1;3;3;-25,08194531;-48,61909389;"SPRF-PR";"DEL01-PR";"UOP02-DEL01-PR"
547144;2023-09-07;"quinta-feira";"05:54:00";"SP";116;564;"BARRA DO TURVO";"Reação tardia ou ineficiente do condutor";"Saída de leito carroçável";"Com Vítimas Feridas";"Plena Noite";"Crescente";"Chuva";"Dupla";"Curva";"Não";1;0;1;0;0;0;1;1;-25,03458919;-48,53543877;"SPRF-SP";"DEL05-SP";"UOP02-DEL05-SP"
547148;2023-08-08;"terça-feira";"19:00:00";"MG";381;737,4;"TRES CORACOES";"Reação tardia ou ineficiente do condutor";"Tombamento";"Com Vítimas Feridas";"Plena Noite";"Crescente";"Céu Claro";"Dupla";"Curva;Declive";"Não";2;0;1;0;0;1;1;2;-21,59740119;-45,23880352;"SPRF-MG";"DEL16-MG";"UOP02-DEL16-MG"
547158;2023-09-07;"quinta-feira";"09:09:00";"GO";20;47;"FORMOSA";"Reação tardia ou ineficiente do condutor";"Colisão lateral sentido oposto";"Com Vítimas Feridas";"Pleno dia";"Crescente";"Céu Claro";"Simples";"Reta";"Não";9;0;7;0;1;3;7;6;-15,352169;-47,115894;"SPRF-DF";"DEL02-DF";"UOP02-DEL02-DF"
547160;2023-09-07;"quinta-feira";"10:50:00";"GO";60;94;"ANAPOLIS";"Acessar a via sem observar a presença dos outros veículos";"Colisão transversal";"Com Vítimas Feridas";"Pleno dia";"Crescente";"Céu Claro";"Dupla";"Retorno Regulamentado";"Sim";4;0;1;0;3;0;1;3;-16,3611;-48,9328;"SPRF-GO";"DEL02-GO";"UOP01-DEL02-GO"
547162;2023-09-06;"quarta-feira";"23:30:00";"SC";470;149;"AGRONOMICA";"Ingestão de álcool pelo condutor";"Colisão lateral mesmo sentido";"Sem Vítimas";"Plena Noite";"Decrescente";"Chuva";"Simples";"Reta";"Não";3;0;0;0;2;1;0;3;-27,252104;-49,702129;"SPRF-SC";"DEL04-SC";"UOP02-DEL04-SC"
547167;2023-09-07;"quinta-feira";"11:15:00";"SC";101;12,5;"GARUVA";"Ausência de reação do condutor";"Colisão traseira";"Com Vítimas Feridas";"Pleno dia";"Decrescente";"Nublado";"Dupla";"Aclive;Reta";"Não";2;0;1;0;1;0;1;2;-26,08104399;-48,86175612;"SPRF-SC";"DEL03-SC";"UOP01-DEL03-SC"
547174;2023-09-07;"quinta-feira";"11:30:00";"RO";364;239,4;"CACOAL";"Ultrapassagem Indevida";"Colisão frontal";"Com Vítimas Feridas";"Pleno dia";"Crescente";"Céu Claro";"Simples";"Curva;Declive";"Sim";5;0;1;1;0;7;2;8;-11,433967;-61,468375;"SPRF-RO";"DEL02-RO";"UOP02-DEL02-RO"
547180;2023-06-27;"terça-feira";"07:10:00";"PR";376;34;"NOVA LONDRINA";"Frear bruscamente";"Colisão traseira";"Com Vítimas Feridas";"Pleno dia";"Crescente";"Céu Claro";"Simples";"Reta";"Não";2;0;1;0;0;1;1;2;-22,79178069;-52,99261808;"SPRF-PR";"DEL09-PR";"UOP02-DEL09-PR"
547183;2023-09-07;"quinta-feira";"13:45:00";"MG";40;481,9;"SETE LAGOAS";"Demais falhas mecânicas ou elétricas";"Saída de leito carroçável";"Com Vítimas Fatais";"Pleno dia";"Decrescente";"Céu Claro";"Dupla";"Reta;Declive";"Não";6;3;1;0;1;14;1;17;-19,5511262;-44,24459038;"SPRF-MG";"DEL02-MG";"UOP01-DEL02-MG"
547201;2023-09-07;"quinta-feira";"14:50:00";"PR";277;109;"CAMPO LARGO";"Condutor deixou de manter distância do veículo da frente";"Engavetamento";"Com Vítimas Feridas";"Pleno dia";"Decrescente";"Céu Claro";"Dupla";"Reta;Declive";"Sim";5;0;1;0;3;1;1;5;-25,443035;-49,451312;"SPRF-PR";"DEL03-PR";"UOP03-DEL03-PR"
547203;2023-09-07;"quinta-feira";"10:00:00";"GO";70;386;"ARAGARCAS";"Demais falhas mecânicas ou elétricas";"Incêndio";"Sem Vítimas";"Pleno dia";"Decrescente";"Sol";"Simples";"Reta";"Não";2;0;0;0;1;2;0;3;-15,89265927;-51,85546875;"SPRF-GO";"DEL04-GO";"UOP02-DEL04-GO"
547206;2023-09-07;"quinta-feira";"10:00:00";"BA";20;39;"CORRENTINA";"Carga excessiva e/ou mal acondicionada";"Incêndio";"Sem Vítimas";"Pleno dia";"Crescente";"Sol";"Simples";"Reta";"Não";2;0;0;0;1;1;0;2;-13,36156276;-46,0697937;"SPRF-BA";"DEL10-BA";"UOP01-DEL10-BA"
547211;2023-09-07;"quinta-feira";"16:00:00";"PR";277;113;"CAMPO LARGO";"Reação tardia ou ineficiente do condutor";"Colisão transversal";"Com Vítimas Feridas";"Pleno dia";"Decrescente";"Nublado";"Dupla";"Reta";"Sim";4;0;1;0;3;0;1;3;-25,42970087;-49,37850986;"SPRF-PR";"DEL03-PR";"UOP03-DEL03-PR"
547224;2023-09-07;"quinta-feira";"17:20:00";"PE";101;51,4;"PAULISTA";"Condutor deixou de manter distância do veículo da frente";"Colisão traseira";"Com Vítimas Feridas";"Plena Noite";"Crescente";"Céu Claro";"Dupla";"Curva";"Sim";4;0;0;1;2;1;1;3;-7,9169968;-34,89689272;"SPRF-PE";"DEL01-PE";"UOP02-DEL01-PE"
547229;2023-09-07;"quinta-feira";"12:00:00";"BA";242;259;"ITABERABA";"Chuva";"Tombamento";"Com Vítimas Feridas";"Pleno dia";"Decrescente";"Chuva";"Simples";"Curva";"Não";2;0;1;0;0;2;1;3;-12,47309394;-40,54008887;"SPRF-BA";"DEL06-BA";"UOP02-DEL06-BA"
547230;2023-09-07;"quinta-feira";"13:00:00";"MT";163;1066;"GUARANTA DO NORTE";"Condutor deixou de manter distância do veículo da frente";"Colisão traseira";"Com Vítimas Feridas";"Pleno dia";"Crescente";"Nublado";"Dupla";"Retorno Regulamentado";"Sim";4;0;1;0;2;3;1;5;-9,94291539;-54,90341121;"SPRF-MT";"DEL06-MT";"UOP03-DEL06-MT"
547243;2023-09-07;"quinta-feira";"15:00:00";"MG";116;11;"DIVISA ALEGRE";"Reação tardia ou ineficiente do condutor";"Colisão frontal";"Com Vítimas Feridas";"Pleno dia";"Crescente";"Céu Claro";"Simples";"Declive;Em Obras";"Não";2;0;1;0;1;0;1;2;-15,79280203;-41,34152578;"SPRF-BA";"DEL08-BA";"UOP03-DEL08-BA"
547245;2023-09-07;"quinta-feira";"18:00:00";"MG";40;413;"CURVELO";"Acessar a via sem observar a presença dos outros veículos";"Colisão transversal";"Com Vítimas Feridas";"Anoitecer";"Crescente";"Céu Claro";"Simples";"Reta;Interseção de Vias";"Não";4;0;1;0;2;2;1;4;-19,13248388;-44,62252053;"SPRF-MG";"DEL02-MG";"UOP01-DEL02-MG"
547251;2023-09-07;"quinta-feira";"19:15:00";"MS";163;781;"COXIM";"Ultrapassagem Indevida";"Colisão frontal";"Com Vítimas Fatais";"Plena Noite";"Crescente";"Céu Claro";"Simples";"Reta";"Não";9;1;3;2;2;1;5;4;-18,08657998;-54,6940541;"SPRF-MS";"DEL06-MS";"UOP01-DEL06-MS"
547253;2023-09-07;"quinta-feira";"14:53:00";"MT";163;808;"SINOP";"Objeto estático sobre o leito carroçável";"Colisão com objeto";"Sem Vítimas";"Pleno dia";"Crescente";"Chuva";"Simples";"Reta";"Não";3;0;0;0;2;2;0;3;-12,096;-55,518;"SPRF-MT";"DEL06-MT";"UOP02-DEL06-MT"
547256;2023-09-07;"quinta-feira";"16:40:00";"MA";230;498,3;"RIACHAO";"Reação tardia ou ineficiente do condutor";"Tombamento";"Com Vítimas Feridas";"Plena Noite";"Decrescente";"Céu Claro";"Simples";"Curva;Declive";"Não";1;0;1;0;0;0;1;1;-7,43414436;-46,80717089;"SPRF-MA";"DEL05-MA";"UOP01-DEL05-MA"
547262;2023-09-07;"quinta-feira";"20:00:00";"PR";369;17,7;"CAMBARA";"Ingestão de álcool pelo condutor";"Colisão traseira";"Com Vítimas Feridas";"Plena Noite";"Crescente";"Céu Claro";"Simples";"Interseção de Vias";"Sim";3;0;1;0;1;1;1;3;-23,03339352;-50,05951524;"SPRF-PR";"DEL07-PR";"UOP05-DEL07-PR"
547269;2023-09-07;"quinta-feira";"15:30:00";"MA";316;14,5;"BOA VISTA DO GURUPI";"Reação tardia ou ineficiente do condutor";"Colisão frontal";"Com Vítimas Feridas";"Pleno dia";"Decrescente";"Céu Claro";"Simples";"Curva";"Não";4;0;3;0;0;1;3;2;-1,80489246;-46,19716644;"SPRF-MA";"DEL02-MA";"UOP02-DEL02-MA"
547276;2023-09-07;"quinta-feira";"18:30:00";"MG";116;401,8;"GOVERNADOR VALADARES";"Reação tardia ou ineficiente do condutor";"Colisão lateral mesmo sentido";"Sem Vítimas";"Plena Noite";"Crescente";"Céu Claro";"Simples";"Reta";"Não";2;0;0;0;2;0;0;2;-18,78798009;-41,98938377;"SPRF-MG";"DEL06-MG";"UOP01-DEL06-MG"
547280;2023-09-07;"quinta-feira";"19:30:00";"PA";163;626;"TRAIRAO";"Ausência de reação do condutor";"Colisão traseira";"Com Vítimas Fatais";"Plena Noite";"Decrescente";"Céu Claro";"Dupla";"Reta";"Sim";4;1;1;0;0;2;1;3;-4,69594486;-55,99082066;"SPRF-PA";"DEL05-PA";"UOP02-DEL05-PA"
547282;2023-09-07;"quinta-feira";"17:00:00";"PR";153;4;"IMBITUVA";"Carga excessiva e/ou mal acondicionada";"Tombamento";"Com Vítimas Feridas";"Pleno dia";"Crescente";"Céu Claro";"Simples";"Curva";"Sim";1;0;1;0;0;0;1;1;-25,218813;-50,5911376;"SPRF-PR";"DEL07-PR";"UOP04-DEL07-PR"
547284;2023-09-07;"quinta-feira";"22:40:00";"BA";101;178;"SAO GONCALO DOS CAMPOS";"Ausência de reação do condutor";"Colisão traseira";"Com Vítimas Feridas";"Plena Noite";"Crescente";"Nublado";"Simples";"Reta";"Não";2;0;0;1;1;0;1;2;-12,519078;-38,970829;"SPRF-BA";"DEL01-BA";"UOP03-DEL01-BA"
547292;2023-09-07;"quinta-feira";"22:10:00";"PE";316;87;"OURICURI";"Ingestão de álcool pelo condutor";"Colisão transversal";"Com Vítimas Feridas";"Plena Noite";"Decrescente";"Céu Claro";"Simples";"Reta";"Não";2;0;0;1;0;1;1;2;-7,89302781;-40,05470593;"SPRF-PE";"DEL05-PE";"UOP02-DEL05-PE"
547301;2023-09-08;"sexta-feira";"01:45:00";"BA";116;9,2;"VITORIA DA CONQUISTA";"Animais na Pista";"Atropelamento de Animal";"Sem Vítimas";"Plena Noite";"Crescente";"Nublado";"Simples";"Reta";"Sim";1;0;0;0;1;0;0;1;-14,85371126;-40,88098526;"SPRF-BA";"DEL08-BA";"UOP01-DEL08-BA"
547302;2023-09-07;"quinta-feira";"13:00:00";"MG";40;119,9;"LAGOA GRANDE";"Demais falhas mecânicas ou elétricas";"Incêndio";"Sem Vítimas";"Pleno dia";"Decrescente";"Céu Claro";"Simples";"Aclive;Reta";"Não";2;0;0;0;1;3;0;4;-17,6604168;-46,37414974;"SPRF-MG";"DEL14-MG";"UOP01-DEL14-MG"
547304;2023-09-08;"sexta-feira";"01:30:00";"RS";158;249,5;"JULIO DE CASTILHOS";"Velocidade Incompatível";"Tombamento";"Sem Vítimas";"Plena Noite";"Decrescente";"Chuva";"Simples";"Reta;Declive;Ponte";"Não";2;0;0;0;1;1;0;2;-29,10973298;-53,65093978;"SPRF-RS";"DEL10-RS";"UOP02-DEL10-RS"
547306;2023-09-08;"sexta-feira";"01:40:00";"RJ";101;490;"ANGRA DOS REIS";"Acesso irregular";"Colisão traseira";"Com Vítimas Feridas";"Plena Noite";"Crescente";"Céu Claro";"Simples";"Reta";"Não";2;0;1;0;1;0;1;2;-22,95640053;-44,31282898;"SPRF-RJ";"DEL03-RJ";"UOP03-DEL03-RJ"
547310;2023-09-08;"sexta-feira";"02:50:00";"SP";488;0,1;"APARECIDA";"Condutor Dormindo";"Colisão traseira";"Com Vítimas Feridas";"Plena Noite";"Crescente";"Céu Claro";"Dupla";"Reta";"Sim";3;0;0;1;1;1;1;3;-22,85856;-45,233116;"SPRF-SP";"DEL08-SP";"UOP01-DEL08-SP"
547313;2023-09-08;"sexta-feira";"04:30:00";"MS";376;40;"VICENTINA";"Condutor Dormindo";"Saída de leito carroçável";"Com Vítimas Fatais";"Plena Noite";"Crescente";"Céu Claro";"Simples";"Reta";"Não";1;1;0;0;0;0;0;1;-22,416954;-54,415449;"SPRF-MS";"DEL04-MS";"UOP01-DEL04-MS"
547314;2023-09-07;"quinta-feira";"21:45:00";"ES";101;453,9;"MIMOSO DO SUL";"Velocidade Incompatível";"Saída de leito carroçável";"Com Vítimas Feridas";"Plena Noite";"Decrescente";"Nublado";"Simples";"Reta";"Não";1;0;1;0;0;0;1;1;-21,16576582;-41,28618246;"SPRF-ES";"DEL03-ES";"UOP02-DEL03-ES"
547315;2023-09-07;"quinta-feira";"18:15:00";"GO";80;4;"PADRE BERNARDO";"Condutor Dormindo";"Tombamento";"Com Vítimas Feridas";"Plena Noite";"Crescente";"Céu Claro";"Simples";"Curva;Declive";"Não";2;0;1;0;0;3;1;4;-15,493857;-48,22503;"SPRF-DF";"DEL03-DF";"UOP02-DEL03-DF"
547316;2023-05-11;"quinta-feira";"16:15:00";"RJ";101;313;"SAO GONCALO";"Acesso irregular";"Atropelamento de Pedestre";"Com Vítimas Fatais";"Pleno dia";"Crescente";"Nublado";"Dupla";"Reta";"Sim";2;1;0;0;1;0;0;2;-22,81049093;-43,06983304;"SPRF-RJ";"DEL02-RJ";"UOP02-DEL02-RJ"