"id";"data_inversa";"dia_semana";"horario";"uf";"br";"km";"municipio";"causa_acidente";"tipo_acidente";"classificacao_acidente";"fase_dia";"sentido_via";"condicao_metereologica";"tipo_pista";"tracado_via";"uso_solo";"pessoas";"mortos";"feridos_leves";"feridos_graves";"ilesos";"ignorados";"feridos";"veiculos";"latitude";"longitude";"regional";"delegacia";"uop"
547320;2023-09-08;"sexta-feira";"06:50:00";"MG";262;366;"JUATUBA";"Ausência de reação do condutor";"Engavetamento";"Com Vítimas Feridas";"Amanhecer";"Decrescente";"Céu Claro";"Dupla";"Reta;Aclive";"Sim";5;0;0;2;3;0;2;5;-19,97446;-44,321981;"SPRF-MG";"DEL01-MG";"UOP03-DEL01-MG"
547329;2023-09-08;"sexta-feira";"05:55:00";"SE";235;6;"NOSSA SENHORA DO SOCORRO";"Ausência de reação do condutor";"Colisão traseira";"Com Vítimas Feridas";"Pleno dia";"Decrescente";"Céu Claro";"Dupla";"Declive;Interseção de Vias";"Não";2;0;1;0;1;0;1;2;-10,903851;-37,128677;"SPRF-SE";"DEL01-SE";"UOP01-DEL01-SE"
547335;2023-09-08;"sexta-feira";"07:00:00";"MT";163;894,1;"CLAUDIA";"Transitar na contramão";"Colisão frontal";"Com Vítimas Feridas";"Pleno dia";"Decrescente";"Céu Claro";"Simples";"Reta";"Não";3;0;0;1;1;3;1;5;-11,48739996;-55,36253133;"SPRF-MT";"DEL06-MT";"UOP02-DEL06-MT"
547341;2023-09-08;"sexta-feira";"08:20:00";"RJ";116;142;"DUQUE DE CAXIAS";"Ausência de reação do condutor";"Colisão traseira";"Com Vítimas Feridas";"Pleno dia";"Crescente";"Sol";"Dupla";"Reta";"Sim";3;0;1;0;1;1;1;3;-22,64876087;-43,23031638;"SPRF-RJ";"DEL01-RJ";"UOP01-DEL01-RJ"
547342;2023-09-08;"sexta-feira";"07:32:00";"MG";381;479;"CONTAGEM";"Ausência de reação do condutor";"Colisão lateral mesmo sentido";"Com Vítimas Feridas";"Pleno dia";"Crescente";"Céu Claro";"Dupla";"Curva";"Não";3;0;1;0;1;1;1;3;-19,95889605;-44,069202;"SPRF-MG";"DEL01-MG";"UOP03-DEL01-MG"
547343;2023-08-19;"sábado";"10:30:00";"RS";471;192,5;"PANTANO GRANDE";"Transitar na contramão";"Colisão transversal";"Com Vítimas Feridas";"Pleno dia";"Crescente";"Céu Claro";"Simples";"Reta";"Sim";8;0;2;3;2;1;5;3;-30,1858729;-52,3739607;"SPRF-RS";"DEL02-RS";"UOP03-DEL02-RS"
547350;2023-09-08;"sexta-feira";"09:00:00";"PE";101;77,8;"RECIFE";"Trafegar com motocicleta (ou similar) entre as faixas";"Colisão lateral mesmo sentido";"Com Vítimas Feridas";"Pleno dia";"Crescente";"Céu Claro";"Dupla";"Reta";"Sim";2;0;1;0;0;1;1;2;-8,126982;-34,94386;"SPRF-PE";"DEL01-PE";"UOP01-DEL01-PE"
547351;2023-09-08;"sexta-feira";"09:25:00";"RJ";40;96;"DUQUE DE CAXIAS";"Velocidade Incompatível";"Tombamento";"Com Vítimas Feridas";"Pleno dia";"Decrescente";"Céu Claro";"Dupla";"Curva";"Não";2;0;1;0;0;1;1;2;-22,56876595;-43,27693723;"SPRF-RJ";"DEL01-RJ";"UOP01-DEL01-RJ"
547356;2023-09-08;"sexta-feira";"10:15:00";"SP";116;42,9;"CACHOEIRA PAULISTA";"Reação tardia ou ineficiente do condutor";"Colisão lateral mesmo sentido";"Com Vítimas Feridas";"Pleno dia";"Decrescente";"Céu Claro";"Dupla";"Aclive;Reta";"Não";3;0;1;0;1;1;1;3;-22,69182132;-45,02240378;"SPRF-SP";"DEL08-SP";"UOP02-DEL08-SP"
547361;2023-09-08;"sexta-feira";"09:35:00";"RS";116;64,6;"CAMPESTRE DA SERRA";"Reação tardia ou ineficiente do condutor";"Tombamento";"Com Vítimas Feridas";"Pleno dia";"Decrescente";"Nublado";"Simples";"Curva";"Não";3;0;2;0;0;1;2;2;-28,67070899;-51,06396104;"SPRF-RS";"DEL05-RS";"UOP03-DEL05-RS"
547362;2023-09-08;"sexta-feira";"09:40:00";"MS";267;2,6;"BATAGUASSU";"Mal súbito do condutor";"Colisão frontal";"Com Vítimas Fatais";"Pleno dia";"Decrescente";"Nublado";"Simples";"Reta";"Não";7;2;1;0;0;9;1;10;-21,76561538;-52,16905632;"SPRF-MS";"DEL02-MS";"UOP04-DEL02-MS"
547363;2023-09-08;"sexta-feira";"09:40:00";"MS";262;610;"MIRANDA";"Transitar na contramão";"Colisão lateral sentido oposto";"Com Vítimas Feridas";"Pleno dia";"Decrescente";"Céu Claro";"Simples";"Reta";"Não";3;0;1;0;1;1;1;3;-20,031473;-56,797336;"SPRF-MS";"DEL03-MS";"UOP02-DEL03-MS"
547365;2023-09-08;"sexta-feira";"06:41:00";"MG";381;737;"TRES CORACOES";"Velocidade Incompatível";"Colisão lateral mesmo sentido";"Com Vítimas Feridas";"Pleno dia";"Crescente";"Sol";"Dupla";"Curva;Declive";"Não";3;0;2;0;0;2;2;4;-21,59740119;-45,23880352;"SPRF-MG";"DEL16-MG";"UOP02-DEL16-MG"
547368;2023-09-08;"sexta-feira";"10:15:00";"MA";10;273;"IMPERATRIZ";"Acessar a via sem observar a presença dos outros veículos";"Colisão transversal";"Com Vítimas Feridas";"Pleno dia";"Crescente";"Céu Claro";"Simples";"Reta";"Não";5;0;4;0;1;0;4;2;-5,347485;-47,485489;"SPRF-MA";"DEL04-MA";"UOP01-DEL04-MA"
547371;2023-09-08;"sexta-feira";"12:15:00";"SP";116;215;"GUARULHOS";"Reação tardia ou ineficiente do condutor";"Colisão traseira";"Com Vítimas Feridas";"Pleno dia";"Decrescente";"Sol";"Múltipla";"Reta";"Sim";3;0;1;0;2;0;1;3;-23,44695693;-46,45394103;"SPRF-SP";"DEL01-SP";"UOP01-DEL01-SP"
547373;2023-09-08;"sexta-feira";"12:00:00";"MS";163;245,3;"DOURADOS";"Transitar na contramão";"Colisão frontal";"Com Vítimas Fatais";"Pleno dia";"Crescente";"Chuva";"Simples";"Reta";"Não";3;1;0;0;1;1;0;3;-22,34867697;-54,80735394;"SPRF-MS";"DEL04-MS";"UOP02-DEL04-MS"
547376;2023-09-08;"sexta-feira";"11:00:00";"RO";364;343;"JI-PARANA";"Ultrapassagem Indevida";"Colisão lateral mesmo sentido";"Com Vítimas Feridas";"Pleno dia";"Decrescente";"Céu Claro";"Dupla";"Interseção de Vias";"Sim";3;0;1;0;1;1;1;3;-10,87878519;-61,94499012;"SPRF-RO";"DEL02-RO";"UOP01-DEL02-RO"
547378;2023-09-08;"sexta-feira";"09:50:00";"SC";282;394,5;"JOACABA";"Acumulo de óleo sobre o pavimento";"Tombamento";"Com Vítimas Feridas";"Pleno dia";"Decrescente";"Chuva";"Simples";"Reta";"Não";1;0;1;0;0;0;1;1;-27,16017;-51,58284;"SPRF-SC";"DEL07-SC";"UOP05-DEL07-SC"
547384;2023-09-08;"sexta-feira";"11:20:00";"MG";50;0,5;"ARAGUARI";"Velocidade Incompatível";"Saída de leito carroçável";"Com Vítimas Feridas";"Pleno dia";"Crescente";"Céu Claro";"Dupla";"Curva;Declive";"Não";3;0;1;0;0;2;1;3;-18,42432;-48,068207;"SPRF-MG";"DEL15-MG";"UOP02-DEL15-MG"
547388;2023-09-08;"sexta-feira";"10:40:00";"MA";222;293,3;"VITORIA DO MEARIM";"Retorno proibido";"Colisão frontal";"Com Vítimas Feridas";"Pleno dia";"Decrescente";"Céu Claro";"Dupla";"Reta;Retorno Regulamentado";"Sim";2;0;1;0;0;1;1;2;-3,46428625;-44,87271228;"SPRF-MA";"DEL02-MA";"UOP01-DEL02-MA"
547390;2023-09-02;"sábado";"09:40:00";"PI";316;331,5;"PICOS";"Desrespeitar a preferência no cruzamento";"Colisão transversal";"Com Vítimas Feridas";"Pleno dia";"Decrescente";"Céu Claro";"Simples";"Reta;Interseção de Vias";"Não";3;0;0;1;2;0;1;2;-7,10464313;-41,28999002;"SPRF-PI";"DEL04-PI";"UOP01-DEL04-PI"
547392;2023-09-08;"sexta-feira";"14:14:00";"MG";381;357;"JOAO MONLEVADE";"Reação tardia ou ineficiente do condutor";"Colisão traseira";"Com Vítimas Fatais";"Pleno dia";"Crescente";"Sol";"Simples";"Reta";"Não";3;1;0;0;1;1;0;3;-19,85175308;-43,213709;"SPRF-MG";"DEL03-MG";"UOP01-DEL03-MG"
547393;2023-09-08;"sexta-feira";"14:15:00";"SP";116;226;"GUARULHOS";"Reação tardia ou ineficiente do condutor";"Colisão traseira";"Com Vítimas Feridas";"Pleno dia";"Decrescente";"Céu Claro";"Múltipla";"Reta";"Sim";2;0;0;1;1;0;1;2;-23,49102507;-46,54878195;"SPRF-SP";"DEL01-SP";"UOP01-DEL01-SP"
547395;2023-09-08;"sexta-feira";"12:22:00";"MS";163;647;"SAO GABRIEL DO OESTE";"Ausência de reação do condutor";"Saída de leito carroçável";"Com Vítimas Feridas";"Pleno dia";"Decrescente";"Céu Claro";"Simples";"Reta";"Não";2;0;1;0;0;1;1;2;-19,18613194;-54,75072584;"SPRF-MS";"DEL06-MS";"UOP02-DEL06-MS"
547396;2023-09-08;"sexta-feira";"15:02:00";"SE";101;104;"SAO CRISTOVAO";"Carga excessiva e/ou mal acondicionada";"Colisão com objeto";"Sem Vítimas";"Pleno dia";"Crescente";"Céu Claro";"Dupla";"Reta";"Não";4;0;0;0;2;13;0;15;-10,95669127;-37,22726486;"SPRF-SE";"DEL02-SE";"UOP01-DEL02-SE"
547399;2023-09-08;"sexta-feira";"15:00:00";"PA";316;65;"CASTANHAL";"Acessar a via sem observar a presença dos outros veículos";"Colisão transversal";"Com Vítimas Feridas";"Pleno dia";"Decrescente";"Céu Claro";"Simples";"Reta";"Sim";2;0;1;0;1;0;1;2;-1,2948794;-47,89280703;"SPRF-PA";"DEL01-PA";"UOP01-DEL01-PA"
547408;2023-09-08;"sexta-feira";"16:02:00";"SP";116;220;"GUARULHOS";"Manobra de mudança de faixa";"Colisão traseira";"Com Vítimas Feridas";"Pleno dia";"Crescente";"Céu Claro";"Múltipla";"Reta";"Sim";3;0;2;0;0;1;2;2;-23,46472809;-46,49793962;"SPRF-SP";"DEL01-SP";"UOP01-DEL01-SP"
547412;2023-09-08;"sexta-feira";"15:10:00";"RJ";116;230;"PIRAI";"Ausência de reação do condutor";"Tombamento";"Sem Vítimas";"Pleno dia";"Decrescente";"Sol";"Simples";"Curva;Declive";"Não";2;0;0;0;1;1;0;2;-22,67193646;-43,83513235;"SPRF-RJ";"DEL07-RJ";"UOP01-DEL07-RJ"
547417;2023-09-08;"sexta-feira";"16:30:00";"PR";476;182;"LAPA";"Velocidade Incompatível";"Saída de leito carroçável";"Sem Vítimas";"Pleno dia";"Crescente";"Céu Claro";"Simples";"Curva";"Não";2;0;0;0;1;2;0;3;-25,714262;-49,608009;"SPRF-PR";"DEL01-PR";"UOP06-DEL01-PR"
547418;2023-09-08;"sexta-feira";"14:00:00";"PE";110;231;"PETROLANDIA";"Acessar a via sem observar a presença dos outros veículos";"Colisão lateral mesmo sentido";"Com Vítimas Feridas";"Pleno dia";"Crescente";"Céu Claro";"Simples";"Reta";"Não";3;0;3;0;0;0;3;2;-9,07159281;-38,28401717;"SPRF-BA";"DEL07-BA";"UOP01-DEL07-BA"
547427;2023-09-08;"sexta-feira";"17:00:00";"PR";369;153;"LONDRINA";"Reação tardia ou ineficiente do condutor";"Colisão traseira";"Sem Vítimas";"Anoitecer";"Crescente";"Céu Claro";"Dupla";"Interseção de Vias";"Sim";3;0;0;0;3;0;0;2;-23,29530194;-51,18976169;"SPRF-PR";"DEL07-PR";"UOP01-DEL07-PR"
547439;2023-09-08;"sexta-feira";"17:50:00";"BA";116;401;"FEIRA DE SANTANA";"Demais falhas mecânicas ou elétricas";"Incêndio";"Sem Vítimas";"Plena Noite";"Crescente";"Céu Claro";"Dupla";"Reta";"Não";1;0;0;0;1;0;0;1;-12,040612;-38,969857;"SPRF-BA";"DEL02-BA";"UOP01-DEL02-BA"
547441;2023-09-08;"sexta-feira";"18:12:00";"RS";392;25;"RIO GRANDE";"Reação tardia ou ineficiente do condutor";"Colisão lateral mesmo sentido";"Com Vítimas Feridas";"Anoitecer";"Crescente";"Nublado";"Dupla";"Reta;Interseção de Vias";"Não";4;0;0;1;2;3;1;6;-32,08156917;-52,24713604;"SPRF-RS";"DEL07-RS";"UOP02-DEL07-RS"
547445;2023-09-08;"sexta-feira";"14:07:00";"PR";376;309;"ORTIGUEIRA";"Mal súbito do condutor";"Saída de leito carroçável";"Com Vítimas Feridas";"Pleno dia";"Crescente";"Nublado";"Dupla";"Declive;Reta";"Não";2;0;1;0;0;1;1;2;-23,97981536;-51,08609019;"SPRF-PR";"DEL07-PR";"UOP02-DEL07-PR"
547446;2023-08-23;"quarta-feira";"16:45:00";"GO";153;502;"GOIANIA";"Condutor deixou de manter distância do veículo da frente";"Colisão traseira";"Com Vítimas Feridas";"Pleno dia";"Crescente";"Céu Claro";"Dupla";"Reta";"Sim";2;0;1;0;1;0;1;2;-16,7287;-49,2424;"SPRF-GO";"DEL01-GO";"UOP01-DEL01-GO"
547453;2023-09-08;"sexta-feira";"13:30:00";"PE";104;15,7;"TAQUARITINGA DO NORTE";"Ausência de reação do condutor";"Saída de leito carroçável";"Com Vítimas Feridas";"Pleno dia";"Decrescente";"Céu Claro";"Simples";"Curva";"Não";1;0;1;0;0;0;1;1;-7,914735;-36,116093;"SPRF-PE";"DEL02-PE";"UOP01-DEL02-PE"
547455;2023-09-08;"sexta-feira";"16:50:00";"PR";158;514,7;"PATO BRANCO";"Ausência de reação do condutor";"Saída de leito carroçável";"Com Vítimas Feridas";"Pleno dia";"Crescente";"Chuva";"Simples";"Reta";"Não";4;0;4;0;0;0;4;1;-26,0653838;-52,63609922;"SPRF-PR";"DEL02-PR";"UOP01-DEL02-PR"
547475;2023-09-08;"sexta-feira";"14:00:00";"BA";110;307;"INHAMBUPE";"Transitar na contramão";"Capotamento";"Com Vítimas Feridas";"Pleno dia";"Decrescente";"Nublado";"Simples";"Reta";"Não";3;0;1;0;2;0;1;1;-11,96854588;-38,37449642;"SPRF-BA";"DEL01-BA";"UOP04-DEL01-BA"
547479;2023-09-08;"sexta-feira";"18:00:00";"MT";70;522;"VARZEA GRANDE";"Conversão proibida";"Colisão transversal";"Com Vítimas Feridas";"Plena Noite";"Decrescente";"Céu Claro";"Simples";"Reta";"Sim";3;0;0;1;1;2;1;4;-15,65642859;-56,19060516;"SPRF-MT";"DEL01-MT";"UOP02-DEL01-MT"
547495;2023-09-08;"sexta-feira";"23:00:00";"PA";316;58;"CASTANHAL";"Condutor deixou de manter distância do veículo da frente";"Engavetamento";"Com Vítimas Feridas";"Plena Noite";"Crescente";"Céu Claro";"Dupla";"Reta";"Sim";6;0;3;1;1;1;4;4;-1,299877;-47,964233;"SPRF-PA";"DEL01-PA";"UOP01-DEL01-PA"
547503;2023-09-08;"sexta-feira";"21:32:00";"MG";381;170,4;"GOVERNADOR VALADARES";"Ausência de reação do condutor";"Colisão frontal";"Com Vítimas Fatais";"Plena Noite";"Decrescente";"Céu Claro";"Simples";"Reta;Declive";"Não";3;1;2;0;0;0;2;2;-18,94606981;-42,06673622;"SPRF-MG";"DEL06-MG";"UOP01-DEL06-MG"
547504;2023-09-09;"sábado";"01:40:00";"PR";277;18,5;"MORRETES";"Reação tardia ou ineficiente do condutor";"Colisão lateral mesmo sentido";"Com Vítimas Feridas";"Plena Noite";"Decrescente";"Nublado";"Dupla";"Reta";"Não";4;0;2;0;1;1;2;3;-25,54003348;-48,69110584;"SPRF-PR";"DEL01-PR";"UOP05-DEL01-PR"
547505;2023-09-09;"sábado";"02:15:00";"MG";365;706,5;"MONTE ALEGRE DE MINAS";"Velocidade Incompatível";"Tombamento";"Com Vítimas Feridas";"Plena Noite";"Crescente";"Céu Claro";"Dupla";"Rotatória";"Não";1;0;1;0;0;0;1;1;-18,8789182;-49,05482003;"SPRF-MG";"DEL15-MG";"UOP03-DEL15-MG"
547509;2023-09-09;"sábado";"00:10:00";"SC";101;365,8;"SANGAO";"Condutor Dormindo";"Saída de leito carroçável";"Com Vítimas Feridas";"Plena Noite";"Crescente";"Céu Claro";"Dupla";"Reta";"Não";2;0;0;1;0;1;1;2;-28,68290284;-49,14759308;"SPRF-SC";"DEL02-SC";"UOP01-DEL02-SC"
547512;2023-09-09;"sábado";"03:00:00";"SC";101;369,8;"ICARA";"Condutor Dormindo";"Colisão com objeto";"Com Vítimas Feridas";"Plena Noite";"Crescente";"Céu Claro";"Dupla";"Reta";"Não";6;0;4;0;0;2;4;3;-28,70536283;-49,20334339;"SPRF-SC";"DEL02-SC";"UOP01-DEL02-SC"
547520;2023-09-09;"sábado";"06:00:00";"MG";262;483;"BOM DESPACHO";"Ausência de reação do condutor";"Colisão traseira";"Com Vítimas Feridas";"Amanhecer";"Decrescente";"Sol";"Simples";"Aclive;Reta";"Não";5;0;0;4;1;0;4;2;-19,78475619;-45,27534199;"SPRF-MG";"DEL08-MG";"UOP03-DEL08-MG"
547523;2023-09-08;"sexta-feira";"23:30:00";"PA";153;72,8;"SAO DOMINGOS DO ARAGUAIA";"Manobra de mudança de faixa";"Tombamento";"Com Vítimas Fatais";"Plena Noite";"Decrescente";"Céu Claro";"Simples";"Reta";"Não";3;1;0;0;1;1;0;2;-5,738679;-48,680725;"SPRF-PA";"DEL03-PA";"UOP01-DEL03-PA"
547525;2023-09-09;"sábado";"05:00:00";"MG";50;73,7;"UBERLANDIA";"Demais falhas mecânicas ou elétricas";"Saída de leito carroçável";"Sem Vítimas";"Pleno dia";"Crescente";"Céu Claro";"Dupla";"Reta";"Não";3;0;0;0;1;4;0;5;-18,85140204;-48,25345932;"SPRF-MG";"DEL15-MG";"UOP01-DEL15-MG"
547530;2023-09-09;"sábado";"06:35:00";"BA";116;909;"CANDIDO SALES";"Problema com o freio";"Colisão frontal";"Com Vítimas Feridas";"Pleno dia";"Crescente";"Céu Claro";"Simples";"Aclive;Ponte";"Sim";6;0;2;2;1;1;4;3;-15,50926569;-41,23649597;"SPRF-BA";"DEL08-BA";"UOP03-DEL08-BA"
547535;2023-09-08;"sexta-feira";"22:16:00";"PE";316;302;"FLORESTA";"Conversão proibida";"Colisão traseira";"Com Vítimas Feridas";"Plena Noite";"Crescente";"Céu Claro";"Simples";"Reta;Retorno Regulamentado";"Não";3;0;2;0;1;0;2;2;-8,60666402;-38,587711;"SPRF-PE";"DEL04-PE";"UOP03-DEL04-PE"
547539;2023-08-11;"sexta-feira";"19:20:00";"PR";277;665;"MEDIANEIRA";"Reação tardia ou ineficiente do condutor";"Colisão traseira";"Sem Vítimas";"Plena Noite";"Decrescente";"Céu Claro";"Dupla";"Declive;Reta";"Não";3;0;0;0;2;1;0;3;-25,25599605;-54,03772597;"SPRF-PR";"DEL05-PR";"UOP02-DEL05-PR"
547543;2023-09-09;"sábado";"02:20:00";"MT";158;510,5;"CANARANA";"Condutor Dormindo";"Saída de leito carroçável";"Sem Vítimas";"Plena Noite";"Crescente";"Céu Claro";"Simples";"Reta";"Não";2;0;0;0;1;2;0;3;-13,60919196;-51,94248804;"SPRF-MT";"DEL07-MT";"UOP02-DEL07-MT"
547546;2023-09-09;"sábado";"09:20:00";"MG";381;637,5;"SANTO ANTONIO DO AMPARO";"Velocidade Incompatível";"Tombamento";"Com Vítimas Fatais";"Pleno dia";"Decrescente";"Céu Claro";"Dupla";"Curva";"Não";3;1;0;0;1;1;0;3;-20,89963404;-44,85537595;"SPRF-MG";"DEL04-MG";"UOP01-DEL04-MG"
547547;2023-09-09;"sábado";"06:39:00";"TO";153;549;"NOVA ROSALANDIA";"Condutor Dormindo";"Saída de leito carroçável";"Com Vítimas Feridas";"Pleno dia";"Decrescente";"Céu Claro";"Simples";"Reta";"Não";2;0;1;0;0;1;1;2;-10,63867299;-48,91009181;"SPRF-TO";"DEL01-TO";"UOP01-DEL01-TO"
547548;2023-09-09;"sábado";"08:30:00";"PR";277;111;"CAMPO LARGO";"Ausência de reação do condutor";"Colisão com objeto";"Com Vítimas Feridas";"Pleno dia";"Decrescente";"Céu Claro";"Dupla";"Curva;Declive";"Sim";3;0;1;1;0;1;2;2;-25,443818;-49,466028;"SPRF-PR";"DEL03-PR";"UOP03-DEL03-PR"
547549;2023-09-09;"sábado";"08:00:00";"GO";153;505,6;"APARECIDA DE GOIANIA";"Condutor Dormindo";"Saída de leito carroçável";"Com Vítimas Feridas";"Pleno dia";"Crescente";"Céu Claro";"Dupla";"Reta";"Sim";1;0;1;0;0;0;1;1;-16,7537;-49,2411;"SPRF-GO";"DEL01-GO";"UOP01-DEL01-GO"
547553;2023-09-09;"sábado";"07:00:00";"MG";116;745,2;"LEOPOLDINA";"Conversão proibida";"Colisão transversal";"Com Vítimas Feridas";"Amanhecer";"Decrescente";"Nevoeiro/Neblina";"Simples";"Reta";"Não";2;0;1;0;1;0;1;2;-21,429308;-42,51473;"SPRF-MG";"DEL07-MG";"UOP01-DEL07-MG"
547557;2023-09-09;"sábado";"01:30:00";"RS";153;581,2;"BAGE";"Demais falhas mecânicas ou elétricas";"Tombamento";"Sem Vítimas";"Plena Noite";"Crescente";"Céu Claro";"Simples";"Reta";"Não";2;0;0;0;1;1;0;2;-31,08043931;-53,69475585;"SPRF-RS";"DEL11-RS";"UOP03-DEL11-RS"
547559;2023-09-09;"sábado";"05:00:00";"MG";116;339,2;"CAMPANARIO";"Condutor Dormindo";"Colisão traseira";"Com Vítimas Feridas";"Amanhecer";"Decrescente";"Céu Claro";"Simples";"Reta";"Não";2;0;1;0;0;1;1;2;-18,31161008;-41,75557576;"SPRF-MG";"DEL11-MG";"UOP01-DEL11-MG"
547560;2023-09-09;"sábado";"08:50:00";"RS";293;4;"PELOTAS";"Acessar a via sem observar a presença dos outros veículos";"Colisão transversal";"Com Vítimas Feridas";"Pleno dia";"Crescente";"Céu Claro";"Simples";"Reta";"Sim";3;0;1;0;2;0;1;2;-31,73357732;-52,37275615;"SPRF-RS";"DEL07-RS";"UOP01-DEL07-RS"
547565;2023-09-09;"sábado";"11:13:00";"PR";277;11;"PARANAGUA";"Reação tardia ou ineficiente do condutor";"Colisão traseira";"Com Vítimas Feridas";"Pleno dia";"Crescente";"Nublado";"Dupla";"Reta";"Não";10;0;9;0;0;1;9;4;-25,568198;-48,615292;"SPRF-PR";"DEL01-PR";"UOP05-DEL01-PR"
547567;2023-09-09;"sábado";"10:50:00";"SC";282;606,9;"MARAVILHA";"Ingestão de álcool pelo condutor";"Colisão frontal";"Com Vítimas Feridas";"Pleno dia";"Crescente";"Nublado";"Simples";"Reta";"Não";5;0;0;1;1;4;1;5;-26,778643;-53,198692;"SPRF-SC";"DEL07-SC";"UOP02-DEL07-SC"
547568;2023-09-09;"sábado";"09:37:00";"RO";364;92;"VILHENA";"Reação tardia ou ineficiente do condutor";"Colisão traseira";"Com Vítimas Feridas";"Pleno dia";"Crescente";"Céu Claro";"Simples";"Aclive;Reta";"Não";4;0;2;0;1;3;2;5;-12,34401202;-60,63151613;"SPRF-RO";"DEL04-RO";"UOP01-DEL04-RO"
547569;2023-09-09;"sábado";"11:00:00";"RJ";101;271;"RIO BONITO";"Acessar a via sem observar a presença dos outros veículos";"Colisão traseira";"Com Vítimas Feridas";"Pleno dia";"Crescente";"Céu Claro";"Dupla";"Reta";"Não";2;0;1;0;1;0;1;2;-22,72443147;-42,69368143;"SPRF-RJ";"DEL02-RJ";"UOP03-DEL02-RJ"
547572;2023-09-09;"sábado";"12:00:00";"BA";116;427;"FEIRA DE SANTANA";"Ausência de reação do condutor";"Colisão traseira";"Com Vítimas Feridas";"Pleno dia";"Decrescente";"Céu Claro";"Dupla";"Aclive;Reta";"Não";3;0;0;1;1;2;1;4;-12,25241793;-38,98887036;"SPRF-BA";"DEL02-BA";"UOP01-DEL02-BA"
547573;2023-09-09;"sábado";"11:45:00";"PR";116;122;"CURITIBA";"Mal súbito do condutor";"Colisão com objeto";"Sem Vítimas";"Pleno dia";"Crescente";"Nublado";"Dupla";"Reta";"Sim";1;0;0;0;1;0;0;1;-25,56857207;-49,31023179;"SPRF-PR";"DEL01-PR";"UOP03-DEL01-PR"
547574;2023-09-09;"sábado";"12:38:00";"SE";101;184,9;"UMBAUBA";"Acessar a via sem observar a presença dos outros veículos";"Colisão lateral mesmo sentido";"Com Vítimas Feridas";"Pleno dia";"Decrescente";"Céu Claro";"Simples";"Reta";"Não";3;0;0;1;1;2;1;4;-11,3869269;-37,66865876;"SPRF-SE";"DEL02-SE";"UOP03-DEL02-SE"
547583;2023-09-09;"sábado";"12:00:00";"SP";116;555;"BARRA DO TURVO";"Velocidade Incompatível";"Tombamento";"Com Vítimas Feridas";"Pleno dia";"Crescente";"Céu Claro";"Simples";"Declive;Reta";"Não";3;0;2;0;0;1;2;2;-24,97447301;-48,504597;"SPRF-SP";"DEL05-SP";"UOP02-DEL05-SP"
547584;2023-09-09;"sábado";"10:44:00";"MG";381;617,6;"OLIVEIRA";"Condutor Dormindo";"Saída de leito carroçável";"Com Vítimas Feridas";"Pleno dia";"Decrescente";"Sol";"Dupla";"Curva";"Não";1;0;1;0;0;0;1;1;-20,76156591;-44,77700024;"SPRF-MG";"DEL04-MG";"UOP01-DEL04-MG"
547589;2023-09-09;"sábado";"09:00:00";"MG";381;211,7;"BELO ORIENTE";"Velocidade Incompatível";"Saída de leito carroçável";"Com Vítimas Feridas";"Pleno dia";"Decrescente";"Céu Claro";"Simples";"Curva";"Não";1;0;1;0;0;0;1;1;-19,23795112;-42,33237583;"SPRF-MG";"DEL06-MG";"UOP01-DEL06-MG"
547604;2023-09-09;"sábado";"15:00:00";"SC";101;214,6;"PALHOCA";"Acesso irregular";"Colisão frontal";"Com Vítimas Feridas";"Pleno dia";"Crescente";"Nublado";"Múltipla";"Reta";"Sim";4;0;1;0;2;1;1;4;-27,64443;-48,67057;"SPRF-SC";"DEL01-SC";"UOP02-DEL01-SC"
547608;2023-09-09;"sábado";"13:00:00";"AL";101;104;"PILAR";"Velocidade Incompatível";"Tombamento";"Sem Vítimas";"Pleno dia";"Decrescente";"Céu Claro";"Dupla";"Interseção de Vias;Reta";"Sim";1;0;0;0;1;0;0;1;-9,58714551;-35,98027797;"SPRF-AL";"DEL02-AL";"UOP01-DEL02-AL"
547610;2023-09-09;"sábado";"13:05:00";"BA";101;533;"BUERAREMA";"Condutor Dormindo";"Colisão transversal";"Com Vítimas Feridas";"Pleno dia";"Crescente";"Sol";"Simples";"Curva";"Não";19;0;3;0;15;3;3;5;-15,018386;-39,329075;"SPRF-BA";"DEL05-BA";"UOP01-DEL05-BA"
547618;2023-09-09;"sábado";"13:25:00";"BA";116;640;"JAGUAQUARA";"Ultrapassagem Indevida";"Colisão frontal";"Com Vítimas Feridas";"Pleno dia";"Crescente";"Céu Claro";"Simples";"Reta";"Não";3;0;1;0;2;0;1;2;-13,53126279;-40,06433648;"SPRF-BA";"DEL03-BA";"UOP01-DEL03-BA"
547628;2023-09-09;"sábado";"14:00:00";"TO";153;218;"NOVA OLINDA";"Entrada inopinada do pedestre";"Atropelamento de Pedestre";"Com Vítimas Feridas";"Pleno dia";"Crescente";"Céu Claro";"Simples";"Reta";"Não";3;0;0;1;1;1;1;3;-7,80145831;-48,45676103;"SPRF-TO";"DEL02-TO";"UOP01-DEL02-TO"
547633;2023-09-09;"sábado";"17:45:00";"PR";376;218;"JANDAIA DO SUL";"Acessar a via sem observar a presença dos outros veículos";"Colisão transversal";"Com Vítimas Feridas";"Plena Noite";"Crescente";"Nublado";"Simples";"Reta;Interseção de Vias";"Sim";4;0;1;0;2;3;1;5;-23,59717604;-51,615043;"SPRF-PR";"DEL09-PR";"UOP01-DEL09-PR"