"id";"data_inversa";"dia_semana";"horario";"uf";"br";"km";"municipio";"causa_acidente";"tipo_acidente";"classificacao_acidente";"fase_dia";"sentido_via";"condicao_metereologica";"tipo_pista";"tracado_via";"uso_solo";"pessoas";"mortos";"feridos_leves";"feridos_graves";"ilesos";"ignorados";"feridos";"veiculos";"latitude";"longitude";"regional";"delegacia";"uop"
547635;2023-09-09;"sábado";"16:00:00";"MG";381;430;"SABARA";"Condutor Dormindo";"Saída de leito carroçável";"Com Vítimas Feridas";"Pleno dia";"Crescente";"Céu Claro";"Simples";"Curva";"Não";1;0;0;1;0;0;1;1;-19,78496805;-43,72311799;"SPRF-MG";"DEL01-MG";"UOP01-DEL01-MG"
547637;2023-09-09;"sábado";"13:10:00";"MA";226;484;"SITIO NOVO";"Ingestão de álcool pelo condutor";"Tombamento";"Com Vítimas Feridas";"Pleno dia";"Crescente";"Céu Claro";"Simples";"Reta";"Não";2;0;1;0;0;1;1;2;-6,05339676;-46,67676609;"SPRF-MA";"DEL04-MA";"UOP02-DEL04-MA"
547638;2023-09-09;"sábado";"16:00:00";"MS";262;558,5;"MIRANDA";"Desrespeitar a preferência no cruzamento";"Colisão transversal";"Com Vítimas Feridas";"Pleno dia";"Crescente";"Garoa/Chuvisco";"Dupla";"Rotatória";"Sim";3;0;0;1;1;1;1;3;-20,23208924;-56,3849643;"SPRF-MS";"DEL03-MS";"UOP02-DEL03-MS"
547641;2023-09-09;"sábado";"18:10:00";"SC";101;445,2;"SANTA ROSA DO SUL";"Suicídio (presumido)";"Atropelamento de Pedestre";"Com Vítimas Feridas";"Plena Noite";"Crescente";"Chuva";"Múltipla";"Reta";"Sim";4;0;1;0;1;3;1;4;-29,14503998;-49,72223282;"SPRF-SC";"DEL02-SC";"UOP02-DEL02-SC"
547645;2023-09-09;"sábado";"16:00:00";"MT";158;28;"VILA RICA";"Acessar a via sem observar a presença dos outros veículos";"Colisão frontal";"Sem Vítimas";"Pleno dia";"Crescente";"Céu Claro";"Simples";"Curva;Declive;Interseção de Vias";"Não";3;0;0;0;3;0;0;2;-9,92272304;-51,14483356;"SPRF-MT";"DEL07-MT";"NPF/DEL07-MT"
547651;2023-09-07;"quinta-feira";"10:01:00";"PA";163;618;"TRAIRAO";"Curva acentuada";"Tombamento";"Com Vítimas Feridas";"Pleno dia";"Crescente";"Céu Claro";"Simples";"Reta";"Não";2;0;0;1;0;2;1;3;-4,73343252;-56,04523015;"SPRF-PA";"DEL05-PA";"UOP02-DEL05-PA"
547654;2023-09-09;"sábado";"16:51:00";"AL";101;104;"PILAR";"Manobra de mudança de faixa";"Colisão lateral mesmo sentido";"Sem Vítimas";"Pleno dia";"Crescente";"Céu Claro";"Dupla";"Curva;Retorno Regulamentado";"Não";3;0;0;0;2;1;0;3;-9,58714551;-35,98027797;"SPRF-AL";"DEL02-AL";"UOP01-DEL02-AL"
547661;2023-09-09;"sábado";"20:00:00";"PR";476;202;"LAPA";"Transitar na contramão";"Colisão lateral sentido oposto";"Com Vítimas Feridas";"Plena Noite";"Decrescente";"Nublado";"Simples";"Reta";"Não";8;0;0;1;5;2;1;4;-25,776426;-49,774784;"SPRF-PR";"DEL01-PR";"UOP06-DEL01-PR"
547666;2023-09-09;"sábado";"18:00:00";"MS";267;654,9;"PORTO MURTINHO";"Ausência de reação do condutor";"Tombamento";"Com Vítimas Feridas";"Anoitecer";"Crescente";"Céu Claro";"Simples";"Reta";"Não";2;0;2;0;0;0;2;1;-21,71229377;-57,65809602;"SPRF-MS";"DEL05-MS";"UOP01-DEL05-MS"
547668;2023-09-09;"sábado";"15:00:00";"PR";376;450,9;"TIBAGI";"Velocidade Incompatível";"Tombamento";"Com Vítimas Feridas";"Pleno dia";"Crescente";"Sol";"Dupla";"Curva;Declive";"Não";2;0;0;1;0;1;1;2;-24,87731671;-50,4420948;"SPRF-PR";"DEL03-PR";"UOP02-DEL03-PR"
547672;2023-09-09;"sábado";"17:55:00";"BA";116;796;"VITORIA DA CONQUISTA";"Manobra de mudança de faixa";"Colisão lateral sentido oposto";"Com Vítimas Feridas";"Plena Noite";"Crescente";"Céu Claro";"Simples";"Reta";"Não";3;0;1;0;1;1;1;3;-14,730072;-40,6393;"SPRF-BA";"DEL08-BA";"UOP02-DEL08-BA"
547681;2023-09-09;"sábado";"19:50:00";"ES";101;60;"SAO MATEUS";"Ausência de reação do condutor";"Colisão traseira";"Sem Vítimas";"Plena Noite";"Crescente";"Céu Claro";"Simples";"Reta";"Sim";3;0;0;0;2;2;0;4;-18,67286757;-39,86626189;"SPRF-ES";"DEL04-ES";"UOP02-DEL04-ES"
547683;2023-09-09;"sábado";"21:00:00";"ES";101;126,5;"SOORETAMA";"Ultrapassagem Indevida";"Colisão frontal";"Com Vítimas Fatais";"Plena Noite";"Decrescente";"Nublado";"Simples";"Reta";"Sim";3;2;0;0;1;0;0;3;-19,193953;-40,0951;"SPRF-ES";"DEL04-ES";"UOP01-DEL04-ES"
547689;2023-09-09;"sábado";"21:30:00";"MG";365;706,5;"MONTE ALEGRE DE MINAS";"Velocidade Incompatível";"Tombamento";"Com Vítimas Feridas";"Plena Noite";"Decrescente";"Céu Claro";"Simples";"Rotatória";"Não";2;0;1;0;0;1;1;2;-18,8789182;-49,05482003;"SPRF-MG";"DEL15-MG";"UOP03-DEL15-MG"
547713;2023-09-09;"sábado";"22:30:00";"PI";316;14;"TERESINA";"Ausência de reação do condutor";"Tombamento";"Sem Vítimas";"Plena Noite";"Decrescente";"Céu Claro";"Múltipla";"Reta";"Sim";1;0;0;0;0;1;0;1;-5,21837815;-42,75257727;"SPRF-PI";"DEL01-PI";"UOP02-DEL01-PI"
547720;2023-09-10;"domingo";"00:30:00";"MG";381;606,9;"OLIVEIRA";"Condutor Dormindo";"Saída de leito carroçável";"Com Vítimas Fatais";"Plena Noite";"Crescente";"Céu Claro";"Dupla";"Reta";"Não";1;1;0;0;0;0;0;1;-20,67638406;-44,73850226;"SPRF-MG";"DEL04-MG";"UOP01-DEL04-MG"
547735;2023-09-10;"domingo";"03:15:00";"MG";50;79,7;"UBERLANDIA";"Condutor Dormindo";"Saída de leito carroçável";"Com Vítimas Feridas";"Plena Noite";"Decrescente";"Céu Claro";"Dupla";"Reta";"Não";2;0;0;1;0;1;1;2;-18,986906;-48,211853;"SPRF-MG";"DEL15-MG";"UOP01-DEL15-MG"
547750;2023-09-10;"domingo";"05:30:00";"BA";116;386,8;"SANTA BARBARA";"Ingestão de álcool e/ou substâncias psicoativas pelo pedestre";"Colisão frontal";"Com Vítimas Feridas";"Amanhecer";"Crescente";"Céu Claro";"Simples";"Reta";"Não";5;0;3;0;1;1;3;3;-11,90345104;-38,98262068;"SPRF-BA";"DEL02-BA";"UOP01-DEL02-BA"
547751;2023-09-09;"sábado";"17:15:00";"MG";116;586,1;"MANHUACU";"Ausência de reação do condutor";"Atropelamento de Pedestre";"Com Vítimas Feridas";"Pleno dia";"Crescente";"Céu Claro";"Simples";"Reta";"Sim";2;0;1;0;1;0;1;2;-20,23618707;-42,16556506;"SPRF-MG";"DEL06-MG";"UOP03-DEL06-MG"
547758;2023-09-10;"domingo";"01:20:00";"PR";153;121,5;"IBAITI";"Velocidade Incompatível";"Saída de leito carroçável";"Com Vítimas Fatais";"Plena Noite";"Crescente";"Nevoeiro/Neblina";"Simples";"Curva;Declive";"Não";1;1;0;0;0;0;0;1;-23,93119102;-50,23840265;"SPRF-PR";"DEL07-PR";"UOP04-DEL07-PR"
547759;2023-09-10;"domingo";"06:35:00";"GO";40;99;"CRISTALINA";"Transtornos Mentais (exceto suicidio)";"Colisão frontal";"Com Vítimas Fatais";"Amanhecer";"Crescente";"Céu Claro";"Dupla";"Declive;Reta";"Sim";3;1;0;0;1;1;0;3;-16,779273;-47,584937;"SPRF-DF";"DEL01-DF";"UOP02-DEL01-DF"
547762;2023-09-10;"domingo";"06:00:00";"BA";407;115;"JAGUARARI";"Transitar na contramão";"Colisão transversal";"Com Vítimas Feridas";"Pleno dia";"Crescente";"Céu Claro";"Simples";"Declive;Reta";"Não";3;0;0;1;1;1;1;3;-10,36046202;-40,16891967;"SPRF-BA";"DEL04-BA";"UOP01-DEL04-BA"
547763;2023-09-10;"domingo";"00:30:00";"PR";153;153,8;"VENTANIA";"Velocidade Incompatível";"Saída de leito carroçável";"Sem Vítimas";"Plena Noite";"Crescente";"Céu Claro";"Simples";"Curva";"Não";1;0;0;0;1;0;0;1;-24,1796657;-50,2132138;"SPRF-PR";"DEL07-PR";"UOP04-DEL07-PR"
547780;2023-09-10;"domingo";"08:50:00";"PE";101;66;"RECIFE";"Entrada inopinada do pedestre";"Atropelamento de Pedestre";"Com Vítimas Fatais";"Pleno dia";"Decrescente";"Céu Claro";"Dupla";"Reta";"Sim";3;1;0;0;1;1;0;3;-8,03368534;-34,94184125;"SPRF-PE";"DEL01-PE";"UOP01-DEL01-PE"
547781;2023-09-10;"domingo";"08:50:00";"PR";376;546;"PALMEIRA";"Ausência de reação do condutor";"Colisão traseira";"Com Vítimas Feridas";"Pleno dia";"Crescente";"Garoa/Chuvisco";"Dupla";"Reta";"Não";7;0;1;0;5;1;1;3;-25,45305085;-49,7368738;"SPRF-PR";"DEL03-PR";"UOP03-DEL03-PR"
547787;2023-09-10;"domingo";"06:30:00";"SC";282;620;"IRACEMINHA";"Reação tardia ou ineficiente do condutor";"Saída de leito carroçável";"Com Vítimas Feridas";"Pleno dia";"Decrescente";"Céu Claro";"Simples";"Reta";"Não";3;0;1;0;0;2;1;3;-26,799355;-53,308002;"SPRF-SC";"DEL07-SC";"UOP02-DEL07-SC"
547788;2023-09-10;"domingo";"08:55:00";"SP";153;327;"SALTO GRANDE";"Acessar a via sem observar a presença dos outros veículos";"Colisão lateral mesmo sentido";"Com Vítimas Feridas";"Pleno dia";"Crescente";"Céu Claro";"Simples";"Reta;Retorno Regulamentado";"Não";4;0;0;1;2;2;1;5;-22,825658;-49,889645;"SPRF-SP";"DEL07-SP";"UOP03-DEL07-SP"
547790;2023-08-21;"segunda-feira";"07:30:00";"MG";381;360,6;"JOAO MONLEVADE";"Reação tardia ou ineficiente do condutor";"Colisão lateral mesmo sentido";"Com Vítimas Feridas";"Pleno dia";"Crescente";"Céu Claro";"Simples";"Reta";"Não";2;0;0;1;0;1;1;2;-19,85985912;-43,22566968;"SPRF-MG";"DEL03-MG";"UOP01-DEL03-MG"
547804;2023-09-10;"domingo";"11:15:00";"PE";428;49,2;"OROCO";"Reação tardia ou ineficiente do condutor";"Colisão traseira";"Sem Vítimas";"Pleno dia";"Crescente";"Sol";"Simples";"Curva";"Não";4;0;0;0;4;0;0;2;-8,62100363;-39,61060419;"SPRF-PE";"DEL06-PE";"UOP03-DEL06-PE"
547824;2023-09-10;"domingo";"12:40:00";"MG";40;517;"RIBEIRAO DAS NEVES";"Reação tardia ou ineficiente do condutor";"Saída de leito carroçável";"Sem Vítimas";"Pleno dia";"Crescente";"Céu Claro";"Dupla";"Curva";"Sim";3;0;0;0;1;6;0;7;-19,82351202;-44,08438913;"SPRF-MG";"DEL01-MG";"UOP02-DEL01-MG"
547833;2023-09-10;"domingo";"14:40:00";"RS";386;280;"SAO JOSE DO HERVAL";"Condutor Dormindo";"Colisão lateral sentido oposto";"Com Vítimas Feridas";"Pleno dia";"Crescente";"Céu Claro";"Simples";"Reta";"Não";9;0;3;0;5;2;3;6;-29,030927;-52,303559;"SPRF-RS";"DEL04-RS";"UOP03-DEL04-RS"
547841;2023-09-10;"domingo";"09:15:00";"MG";116;547,7;"SANTA BARBARA DO LESTE";"Velocidade Incompatível";"Tombamento";"Com Vítimas Feridas";"Pleno dia";"Decrescente";"Céu Claro";"Simples";"Curva";"Não";2;0;1;0;0;1;1;2;-19,94406896;-42,1320258;"SPRF-MG";"DEL06-MG";"UOP02-DEL06-MG"
547844;2023-09-10;"domingo";"15:15:00";"MS";163;124;"NAVIRAI";"Velocidade Incompatível";"Tombamento";"Com Vítimas Feridas";"Pleno dia";"Crescente";"Céu Claro";"Simples";"Rotatória;Curva";"Não";3;0;1;0;1;2;1;3;-23,08074209;-54,2278866;"SPRF-MS";"DEL09-MS";"UOP01-DEL09-MS"
547852;2023-09-10;"domingo";"15:40:00";"GO";153;360;"JARAGUA";"Ausência de reação do condutor";"Capotamento";"Com Vítimas Feridas";"Pleno dia";"Crescente";"Céu Claro";"Simples";"Interseção de Vias";"Sim";1;0;1;0;0;0;1;1;-15,750625;-49,316742;"SPRF-GO";"DEL02-GO";"UOP02-DEL02-GO"
547857;2023-09-10;"domingo";"14:10:00";"BA";116;380;"SANTA BARBARA";"Reação tardia ou ineficiente do condutor";"Colisão traseira";"Com Vítimas Feridas";"Anoitecer";"Crescente";"Garoa/Chuvisco";"Simples";"Aclive;Reta";"Não";5;0;2;0;2;1;2;3;-11,84971195;-38,97600042;"SPRF-BA";"DEL02-BA";"UOP01-DEL02-BA"
547865;2023-09-10;"domingo";"10:15:00";"BA";116;548;"MILAGRES";"Demais falhas mecânicas ou elétricas";"Incêndio";"Sem Vítimas";"Pleno dia";"Crescente";"Céu Claro";"Simples";"Aclive";"Não";2;0;0;0;1;2;0;3;-12,85201953;-39,84486464;"SPRF-BA";"DEL03-BA";"UOP02-DEL03-BA"
547867;2023-09-10;"domingo";"17:20:00";"MA";135;255,6;"CAPINZAL DO NORTE";"Acesso irregular";"Colisão traseira";"Com Vítimas Fatais";"Pleno dia";"Decrescente";"Céu Claro";"Simples";"Reta";"Não";2;1;0;0;0;1;0;2;-4,657918;-44,33659818;"SPRF-MA";"DEL03-MA";"UOP01-DEL03-MA"
547890;2023-09-10;"domingo";"10:00:00";"MG";262;154,4;"SAO DOMINGOS DO PRATA";"Problema com o freio";"Colisão traseira";"Com Vítimas Feridas";"Pleno dia";"Crescente";"Céu Claro";"Simples";"Reta;Declive";"Não";9;0;6;3;0;0;9;3;-19,98327065;-42,7986145;"SPRF-MG";"DEL03-MG";"UOP03-DEL03-MG"
547894;2023-09-10;"domingo";"18:15:00";"PB";230;2,1;"CABEDELO";"Manobra de mudança de faixa";"Colisão lateral mesmo sentido";"Com Vítimas Feridas";"Plena Noite";"Decrescente";"Céu Claro";"Dupla";"Reta";"Sim";5;0;1;1;1;2;2;4;-6,9837;-34,8295;"SPRF-PB";"DEL01-PB";"UOP01-DEL01-PB"
547913;2023-09-10;"domingo";"20:00:00";"MG";381;320;"NOVA ERA";"Reação tardia ou ineficiente do condutor";"Colisão frontal";"Com Vítimas Feridas";"Plena Noite";"Crescente";"Céu Claro";"Simples";"Curva";"Não";3;0;0;1;1;1;1;3;-19,72651221;-43,01085192;"SPRF-MG";"DEL03-MG";"UOP02-DEL03-MG"
547917;2023-09-10;"domingo";"19:00:00";"TO";153;529;"PUGMIL";"Reação tardia ou ineficiente do condutor";"Colisão lateral sentido oposto";"Sem Vítimas";"Plena Noite";"Crescente";"Céu Claro";"Simples";"Reta";"Não";4;0;0;0;3;1;0;4;-10,462549;-48,90229402;"SPRF-TO";"DEL01-TO";"UOP01-DEL01-TO"
547941;2023-09-10;"domingo";"19:50:00";"PR";376;474,6;"PONTA GROSSA";"Manobra de mudança de faixa";"Colisão lateral mesmo sentido";"Com Vítimas Feridas";"Plena Noite";"Crescente";"Nublado";"Dupla";"Reta";"Não";8;0;2;0;3;4;2;5;-25,0372219;-50,29583358;"SPRF-PR";"DEL03-PR";"UOP01-DEL03-PR"
547944;2023-09-10;"domingo";"22:30:00";"PB";230;152,5;"CAMPINA GRANDE";"Ausência de reação do condutor";"Saída de leito carroçável";"Com Vítimas Feridas";"Plena Noite";"Decrescente";"Céu Claro";"Simples";"Reta;Declive";"Sim";1;0;1;0;0;0;1;1;-7,27295;-35,886111;"SPRF-PB";"DEL02-PB";"UOP01-DEL02-PB"
547954;2023-09-11;"segunda-feira";"00:50:00";"PR";376;303,9;"MAUA DA SERRA";"Ausência de reação do condutor";"Tombamento";"Com Vítimas Feridas";"Plena Noite";"Decrescente";"Vento";"Dupla";"Aclive;Curva";"Não";2;0;1;0;0;1;1;2;-23,93404464;-51,1357677;"SPRF-PR";"DEL07-PR";"UOP02-DEL07-PR"
547956;2023-09-10;"domingo";"19:45:00";"PA";230;87;"SAO JOAO DO ARAGUAIA";"Ultrapassagem Indevida";"Colisão frontal";"Com Vítimas Feridas";"Plena Noite";"Decrescente";"Céu Claro";"Simples";"Reta";"Não";7;0;4;0;2;1;4;3;-5,4776494;-48,8577382;"SPRF-PA";"DEL03-PA";"UOP01-DEL03-PA"
547958;2023-09-11;"segunda-feira";"03:15:00";"MG";381;478,5;"CONTAGEM";"Velocidade Incompatível";"Colisão traseira";"Com Vítimas Feridas";"Plena Noite";"Crescente";"Céu Claro";"Múltipla";"Aclive;Reta";"Sim";2;0;0;1;1;0;1;2;-19,96213552;-44,03957605;"SPRF-MG";"DEL01-MG";"UOP03-DEL01-MG"
547963;2023-09-11;"segunda-feira";"05:50:00";"PE";101;51;"ABREU E LIMA";"Condutor deixou de manter distância do veículo da frente";"Queda de ocupante de veículo";"Com Vítimas Feridas";"Pleno dia";"Crescente";"Céu Claro";"Dupla";"Reta";"Não";6;0;2;0;4;0;2;3;-7,9169968;-34,89689272;"SPRF-PE";"DEL01-PE";"UOP02-DEL01-PE"
547966;2023-09-11;"segunda-feira";"05:40:00";"SC";470;157,9;"TROMBUDO CENTRAL";"Acostamento em desnível";"Colisão frontal";"Com Vítimas Feridas";"Pleno dia";"Crescente";"Céu Claro";"Simples";"Curva;Declive";"Não";3;0;0;2;0;1;2;3;-27,285425;-49,76881;"SPRF-SC";"DEL04-SC";"UOP02-DEL04-SC"
547990;2023-05-18;"quinta-feira";"13:30:00";"MT";70;119,3;"GENERAL CARNEIRO";"Velocidade Incompatível";"Tombamento";"Com Vítimas Feridas";"Pleno dia";"Crescente";"Sol";"Simples";"Curva";"Não";2;0;1;0;0;2;1;3;-15,60456566;-53,11711786;"SPRF-MT";"DEL07-MT";"UOP01-DEL07-MT"
547995;2023-09-11;"segunda-feira";"07:02:00";"TO";153;704;"CARIRI DO TOCANTINS";"Transitar na contramão";"Colisão frontal";"Com Vítimas Feridas";"Pleno dia";"Crescente";"Céu Claro";"Simples";"Reta";"Não";6;0;3;1;1;1;4;3;-11,98690703;-49,20203743;"SPRF-TO";"DEL01-TO";"UOP02-DEL01-TO"
547999;2023-09-11;"segunda-feira";"06:47:00";"MT";163;539;"DIAMANTINO";"Demais falhas mecânicas ou elétricas";"Incêndio";"Sem Vítimas";"Pleno dia";"Crescente";"Céu Claro";"Simples";"Curva";"Não";2;0;0;0;1;3;0;4;-14,39101303;-56,11636404;"SPRF-MT";"DEL01-MT";"UOP01-DEL01-MT"
548000;2023-09-11;"segunda-feira";"08:45:00";"MA";10;256,7;"IMPERATRIZ";"Acesso irregular";"Colisão frontal";"Com Vítimas Feridas";"Pleno dia";"Crescente";"Céu Claro";"Simples";"Reta";"Sim";2;0;0;1;1;0;1;2;-5,499715;-47,471836;"SPRF-MA";"DEL04-MA";"UOP01-DEL04-MA"
548001;2023-09-11;"segunda-feira";"06:30:00";"RO";364;422,8;"JARU";"Condutor deixou de manter distância do veículo da frente";"Colisão lateral mesmo sentido";"Com Vítimas Feridas";"Pleno dia";"Decrescente";"Céu Claro";"Simples";"Reta;Desvio Temporário;Aclive";"Sim";3;0;2;0;1;0;2;2;-10,452829;-62,460138;"SPRF-RO";"DEL03-RO";"UOP02-DEL03-RO"
548004;2023-07-21;"sexta-feira";"21:00:00";"ES";101;409,6;"ITAPEMIRIM";"Manobra de mudança de faixa";"Colisão frontal";"Com Vítimas Feridas";"Plena Noite";"Decrescente";"Nublado";"Simples";"Reta";"Não";3;0;0;1;1;1;1;3;-20,89685441;-41,05120897;"SPRF-ES";"DEL03-ES";"UOP02-DEL03-ES"
548011;2023-09-11;"segunda-feira";"04:30:00";"BA";324;433;"RIACHAO DO JACUIPE";"Condutor Dormindo";"Colisão frontal";"Com Vítimas Feridas";"Plena Noite";"Decrescente";"Céu Claro";"Simples";"Reta";"Não";3;0;1;1;1;0;2;2;-11,78465185;-39,4313739;"SPRF-BA";"DEL04-BA";"UOP02-DEL04-BA"
548013;2023-09-11;"segunda-feira";"06:50:00";"PR";369;22,5;"CAMBARA";"Desrespeitar a preferência no cruzamento";"Colisão transversal";"Sem Vítimas";"Pleno dia";"Decrescente";"Céu Claro";"Simples";"Reta";"Não";3;0;0;0;2;1;0;3;-23,043514;-50,104431;"SPRF-PR";"DEL07-PR";"UOP05-DEL07-PR"
548019;2023-09-11;"segunda-feira";"09:50:00";"BA";116;845,8;"VITORIA DA CONQUISTA";"Velocidade Incompatível";"Colisão traseira";"Com Vítimas Feridas";"Pleno dia";"Crescente";"Céu Claro";"Simples";"Reta";"Sim";4;0;3;0;1;0;3;2;-14,953925;-40,90171301;"SPRF-BA";"DEL08-BA";"UOP01-DEL08-BA"
548024;2023-09-11;"segunda-feira";"11:10:00";"MG";459;34,4;"CALDAS";"Acesso irregular";"Colisão traseira";"Com Vítimas Feridas";"Pleno dia";"Crescente";"Céu Claro";"Simples";"Aclive;Interseção de Vias";"Não";5;0;1;1;3;0;2;3;-21,93508404;-46,35565281;"SPRF-MG";"DEL09-MG";"UOP01-DEL09-MG"
548027;2023-09-11;"segunda-feira";"10:00:00";"MG";381;491;"BETIM";"Demais falhas mecânicas ou elétricas";"Incêndio";"Sem Vítimas";"Pleno dia";"Decrescente";"Céu Claro";"Dupla";"Reta";"Não";2;0;0;0;1;1;0;2;-19,97018187;-44,18210416;"SPRF-MG";"DEL01-MG";"UOP03-DEL01-MG"
548028;2023-09-11;"segunda-feira";"10:30:00";"MA";135;5;"SAO LUIS";"Reação tardia ou ineficiente do condutor";"Colisão transversal";"Com Vítimas Feridas";"Pleno dia";"Crescente";"Céu Claro";"Dupla";"Reta";"Não";3;0;1;0;1;1;1;3;-2,62145385;-44,25797421;"SPRF-MA";"DEL01-MA";"UOP01-DEL01-MA"
548036;2023-09-11;"segunda-feira";"07:30:00";"BA";116;441,7;"FEIRA DE SANTANA";"Velocidade Incompatível";"Saída de leito carroçável";"Com Vítimas Feridas";"Pleno dia";"Crescente";"Chuva";"Dupla";"Curva";"Não";4;0;1;1;1;1;2;3;-12,351598;-39,092541;"SPRF-BA";"DEL02-BA";"UOP01-DEL02-BA"
548037;2023-09-11;"segunda-feira";"11:25:00";"MG";146;436,9;"CABO VERDE";"Acessar a via sem observar a presença dos outros veículos";"Atropelamento de Pedestre";"Com Vítimas Feridas";"Pleno dia";"Decrescente";"Céu Claro";"Simples";"Curva";"Não";4;0;1;0;1;2;1;3;-21,43165812;-46,4289093;"SPRF-MG";"DEL09-MG";"UOP01-DEL09-MG"
548040;2023-09-11;"segunda-feira";"12:00:00";"MT";364;396,5;"CUIABA";"Manobra de mudança de faixa";"Colisão traseira";"Sem Vítimas";"Pleno dia";"Decrescente";"Céu Claro";"Dupla";"Retorno Regulamentado";"Sim";3;0;0;0;2;3;0;5;-15,67014433;-55,95135396;"SPRF-MT";"DEL01-MT";"UOP02-DEL01-MT"
548044;2023-09-11;"segunda-feira";"12:00:00";"RS";287;257;"SANTA MARIA";"Reação tardia ou ineficiente do condutor";"Colisão traseira";"Sem Vítimas";"Pleno dia";"Decrescente";"Céu Claro";"Simples";"Reta;Em Obras";"Não";5;0;0;0;4;2;0;4;-29,68138871;-53,94121388;"SPRF-RS";"DEL09-RS";"UOP01-DEL09-RS"
548053;2023-09-11;"segunda-feira";"12:20:00";"RS";386;88,3;"LAJEADO DO BUGRE";"Reação tardia ou ineficiente do condutor";"Engavetamento";"Com Vítimas Feridas";"Pleno dia";"Crescente";"Céu Claro";"Simples";"Reta";"Não";5;0;2;0;3;0;2;3;-27,745968;-53,202919;"SPRF-RS";"DEL08-RS";"UOP01-DEL08-RS"
548059;2023-09-11;"segunda-feira";"14:10:00";"RS";392;163;"CANGUCU";"Acessar a via sem observar a presença dos outros veículos";"Colisão transversal";"Com Vítimas Feridas";"Pleno dia";"Crescente";"Céu Claro";"Simples";"Reta";"Não";3;0;1;0;1;3;1;5;-31,10698535;-52,95266713;"SPRF-RS";"DEL07-RS";"UOP01-DEL07-RS"
548063;2023-09-11;"segunda-feira";"14:05:00";"RS";285;326,2;"CARAZINHO";"Transitar na contramão";"Colisão frontal";"Com Vítimas Feridas";"Pleno dia";"Decrescente";"Sol";"Simples";"Reta";"Não";2;0;0;1;1;0;1;2;-28,271332;-52,678734;"SPRF-RS";"DEL08-RS";"UOP03-DEL08-RS"
548064;2023-09-11;"segunda-feira";"14:10:00";"PR";467;98,7;"CASCAVEL";"Manobra de mudança de faixa";"Colisão lateral mesmo sentido";"Com Vítimas Feridas";"Pleno dia";"Crescente";"Céu Claro";"Dupla";"Curva;Declive";"Não";4;0;1;0;2;1;1;3;-24,8897;-53,5525;"SPRF-PR";"DEL04-PR";"UOP01-DEL04-PR"
548066;2023-09-11;"segunda-feira";"14:30:00";"PR";369;147,9;"LONDRINA";"Mal súbito do condutor";"Colisão lateral mesmo sentido";"Com Vítimas Feridas";"Pleno dia";"Decrescente";"Céu Claro";"Dupla";"Reta";"Sim";3;0;1;0;1;1;1;3;-23,293002;-51,141386;"SPRF-PR";"DEL07-PR";"UOP01-DEL07-PR"
548067;2023-09-11;"segunda-feira";"14:30:00";"PR";277;332,5;"GUARAPUAVA";"Reação tardia ou ineficiente do condutor";"Colisão traseira";"Com Vítimas Feridas";"Pleno dia";"Crescente";"Céu Claro";"Dupla";"Reta";"Não";3;0;0;1;1;1;1;3;-25,36747765;-51,33617597;"SPRF-PR";"DEL08-PR";"UOP01-DEL08-PR"
548086;2023-09-01;"sexta-feira";"18:30:00";"PA";230;816;"URUARA";"Demais falhas mecânicas ou elétricas";"Colisão frontal";"Com Vítimas Feridas";"Anoitecer";"Decrescente";"Céu Claro";"Simples";"Reta";"Não";4;0;2;0;1;1;2;3;-3,64455999;-53,469914;"SPRF-PA";"DEL04-PA";"UOP01-DEL04-PA"
548087;2023-08-21;"segunda-feira";"09:40:00";"RS";116;401;"CAMAQUA";"Acessar a via sem observar a presença dos outros veículos";"Atropelamento de Pedestre";"Com Vítimas Feridas";"Pleno dia";"Decrescente";"Céu Claro";"Simples";"Reta";"Sim";2;0;0;1;1;0;1;2;-30,87687893;-51,81673894;"SPRF-RS";"DEL02-RS";"UOP02-DEL02-RS"
548102;2023-09-11;"segunda-feira";"17:00:00";"MA";135;5;"SAO LUIS";"Condutor deixou de manter distância do veículo da frente";"Colisão traseira";"Com Vítimas Feridas";"Pleno dia";"Crescente";"Sol";"Dupla";"Reta";"Sim";2;0;0;1;1;0;1;2;-2,62145385;-44,25797421;"SPRF-MA";"DEL01-MA";"UOP01-DEL01-MA"
548103;2023-09-11;"segunda-feira";"18:30:00";"RS";470;220,2;"GARIBALDI";"Acessar a via sem observar a presença dos outros veículos";"Colisão transversal";"Com Vítimas Feridas";"Plena Noite";"Crescente";"Céu Claro";"Simples";"Aclive;Reta;Retorno Regulamentado";"Não";2;0;1;0;1;0;1;2;-29,198132;-51,518616;"SPRF-RS";"DEL06-RS";"UOP01-DEL06-RS"
548105;2023-09-11;"segunda-feira";"16:40:00";"MA";226;275;"BARRA DO CORDA";"Manobra de mudança de faixa";"Colisão traseira";"Com Vítimas Feridas";"Pleno dia";"Crescente";"Céu Claro";"Simples";"Declive";"Não";3;0;0;1;1;1;1;3;-5,4412195;-45,05432082;"SPRF-MA";"DEL06-MA";"UOP01-DEL06-MA"
548109;2023-09-11;"segunda-feira";"14:35:00";"RJ";101;209;"CASIMIRO DE ABREU";"Reação tardia ou ineficiente do condutor";"Tombamento";"Com Vítimas Feridas";"Pleno dia";"Crescente";"Céu Claro";"Dupla";"Curva";"Não";2;0;1;0;0;1;1;2;-22,48133694;-42,22930101;"SPRF-RJ";"DEL08-RJ";"UOP04-DEL08-RJ"