"id";"data_inversa";"dia_semana";"horario";"uf";"br";"km";"municipio";"causa_acidente";"tipo_acidente";"classificacao_acidente";"fase_dia";"sentido_via";"condicao_metereologica";"tipo_pista";"tracado_via";"uso_solo";"pessoas";"mortos";"feridos_leves";"feridos_graves";"ilesos";"ignorados";"feridos";"veiculos";"latitude";"longitude";"regional";"delegacia";"uop"
548381;2023-09-13;"quarta-feira";"08:00:00";"BA";242;402;"SEABRA";"Demais falhas mecânicas ou elétricas";"Colisão com objeto";"Com Vítimas Feridas";"Pleno dia";"Crescente";"Sol";"Simples";"Curva";"Não";3;0;0;1;1;2;1;4;-12,47110529;-41,70823799;"SPRF-BA";"DEL06-BA";"UOP01-DEL06-BA"
548384;2023-09-13;"quarta-feira";"09:00:00";"MT";163;826;"SINOP";"Reação tardia ou ineficiente do condutor";"Colisão traseira";"Com Vítimas Feridas";"Pleno dia";"Crescente";"Céu Claro";"Dupla";"Retorno Regulamentado";"Sim";4;0;0;1;2;8;1;11;-11,93894199;-55,51561486;"SPRF-MT";"DEL06-MT";"UOP02-DEL06-MT"
548386;2023-09-13;"quarta-feira";"08:55:00";"RJ";116;226;"PARACAMBI";"Manobra de mudança de faixa";"Tombamento";"Com Vítimas Feridas";"Pleno dia";"Crescente";"Céu Claro";"Dupla";"Curva";"Não";3;0;1;0;1;2;1;4;-22,67208078;-43,81789284;"SPRF-RJ";"DEL07-RJ";"UOP01-DEL07-RJ"
548387;2023-09-13;"quarta-feira";"10:45:00";"SC";116;5,9;"MAFRA";"Ausência de reação do condutor";"Engavetamento";"Sem Vítimas";"Pleno dia";"Crescente";"Céu Claro";"Simples";"Declive;Reta";"Sim";5;0;0;0;5;0;0;4;-26,14094396;-49,81508303;"SPRF-SC";"DEL06-SC";"UOP01-DEL06-SC"
548390;2023-09-13;"quarta-feira";"11:10:00";"PA";163;985;"SANTAREM";"Acessar a via sem observar a presença dos outros veículos";"Colisão lateral mesmo sentido";"Sem Vítimas";"Pleno dia";"Crescente";"Sol";"Simples";"Reta";"Sim";4;0;0;0;3;2;0;4;-2,59578885;-54,7198019;"SPRF-PA";"DEL05-PA";"UOP01-DEL05-PA"
548394;2023-09-13;"quarta-feira";"09:20:00";"MT";163;603;"NOVA MUTUM";"Ausência de reação do condutor";"Colisão traseira";"Com Vítimas Feridas";"Pleno dia";"Crescente";"Céu Claro";"Simples";"Reta";"Sim";3;0;1;0;1;6;1;8;-13,88122005;-56,08852761;"SPRF-MT";"DEL01-MT";"UOP01-DEL01-MT"
548395;2023-09-13;"quarta-feira";"10:35:00";"MG";251;475,9;"FRANCISCO SA";"Ultrapassagem Indevida";"Colisão frontal";"Com Vítimas Feridas";"Pleno dia";"Crescente";"Céu Claro";"Simples";"Curva;Declive";"Não";6;0;3;0;2;1;3;3;-16,47174429;-43,46596604;"SPRF-MG";"DEL12-MG";"UOP01-DEL12-MG"
548397;2023-09-13;"quarta-feira";"11:30:00";"SP";381;38;"ATIBAIA";"Avarias e/ou desgaste excessivo no pneu";"Colisão com objeto";"Com Vítimas Feridas";"Pleno dia";"Crescente";"Céu Claro";"Dupla";"Reta;Declive";"Não";2;0;1;0;1;0;1;2;-23,1133221;-46,57174974;"SPRF-SP";"DEL03-SP";"UOP01-DEL03-SP"
548403;2023-09-13;"quarta-feira";"10:09:00";"PE";232;9;"JABOATAO DOS GUARARAPES";"Reação tardia ou ineficiente do condutor";"Saída de leito carroçável";"Sem Vítimas";"Pleno dia";"Crescente";"Nublado";"Dupla";"Reta";"Sim";2;0;0;0;1;1;0;2;-8,07764447;-34,97863609;"SPRF-PE";"DEL01-PE";"UOP01-DEL01-PE"
548405;2023-09-13;"quarta-feira";"10:15:00";"RS";392;623,5;"SANTO ANGELO";"Condutor deixou de manter distância do veículo da frente";"Colisão traseira";"Com Vítimas Feridas";"Pleno dia";"Crescente";"Chuva";"Simples";"Curva";"Não";3;0;1;0;2;0;1;2;-28,18037196;-54,384204;"SPRF-RS";"DEL10-RS";"UOP01-DEL10-RS"
548406;2023-09-13;"quarta-feira";"08:50:00";"BA";242;268;"BOA VISTA DO TUPIM";"Demais falhas mecânicas ou elétricas";"Incêndio";"Sem Vítimas";"Pleno dia";"Crescente";"Céu Claro";"Simples";"Reta";"Não";1;0;0;0;1;0;0;1;-12,44976476;-40,61152302;"SPRF-BA";"DEL06-BA";"UOP02-DEL06-BA"
548407;2023-09-13;"quarta-feira";"14:05:00";"CE";116;43,1;"HORIZONTE";"Área urbana sem a presença de local apropriado para a travessia de pedestres";"Atropelamento de Pedestre";"Com Vítimas Fatais";"Pleno dia";"Crescente";"Céu Claro";"Dupla";"Reta";"Sim";3;1;0;0;1;1;0;3;-4,11528518;-38,48917049;"SPRF-CE";"DEL01-CE";"UOP02-DEL01-CE"
548409;2023-09-13;"quarta-feira";"08:00:00";"BA";135;55;"FORMOSA DO RIO PRETO";"Reação tardia ou ineficiente do condutor";"Colisão traseira";"Com Vítimas Feridas";"Pleno dia";"Decrescente";"Céu Claro";"Simples";"Reta";"Não";3;0;1;0;1;2;1;4;-11,15013;-45,07113;"SPRF-BA";"DEL08-BA";"UOP04-DEL08-BA"
548411;2023-09-13;"quarta-feira";"13:30:00";"SC";101;106;"PENHA";"Ausência de reação do condutor";"Colisão lateral mesmo sentido";"Com Vítimas Feridas";"Pleno dia";"Decrescente";"Sol";"Múltipla";"Reta";"Não";5;0;3;0;1;1;3;3;-26,81031601;-48,68293896;"SPRF-SC";"DEL03-SC";"UOP02-DEL03-SC"
548417;2023-09-13;"quarta-feira";"14:30:00";"PR";277;61,5;"PIRAQUARA";"Condutor deixou de manter distância do veículo da frente";"Colisão traseira";"Com Vítimas Fatais";"Pleno dia";"Decrescente";"Céu Claro";"Dupla";"Reta";"Não";3;1;0;0;1;3;0;5;-25,546877;-49,048909;"SPRF-PR";"DEL01-PR";"UOP01-DEL01-PR"
548418;2023-09-13;"quarta-feira";"15:15:00";"SE";101;90;"NOSSA SENHORA DO SOCORRO";"Manobra de mudança de faixa";"Colisão lateral mesmo sentido";"Com Vítimas Feridas";"Pleno dia";"Decrescente";"Céu Claro";"Dupla";"Reta;Aclive";"Sim";3;0;1;0;2;0;1;2;-10,88958218;-37,13256719;"SPRF-SE";"DEL01-SE";"UOP01-DEL01-SE"
548424;2023-09-13;"quarta-feira";"14:40:00";"PR";277;202;"PALMEIRA";"Ultrapassagem Indevida";"Colisão frontal";"Com Vítimas Feridas";"Pleno dia";"Crescente";"Céu Claro";"Simples";"Reta;Declive";"Não";6;0;0;4;1;1;4;3;-25,4617584;-50,22090389;"SPRF-PR";"DEL08-PR";"UOP02-DEL08-PR"
548426;2023-09-13;"quarta-feira";"14:30:00";"PR";116;15,8;"COLOMBO";"Condutor deixou de manter distância do veículo da frente";"Colisão traseira";"Com Vítimas Fatais";"Pleno dia";"Crescente";"Céu Claro";"Dupla";"Reta;Declive";"Sim";5;1;0;1;1;2;1;4;-25,38636;-49,174981;"SPRF-PR";"DEL01-PR";"UOP02-DEL01-PR"
548427;2023-09-13;"quarta-feira";"12:40:00";"SC";282;4,5;"SAO JOSE";"Ausência de reação do condutor";"Colisão lateral mesmo sentido";"Sem Vítimas";"Pleno dia";"Crescente";"Nublado";"Múltipla";"Interseção de Vias";"Sim";2;0;0;0;2;0;0;2;-27,592646;-48,604034;"SPRF-SC";"DEL01-SC";"UOP01-DEL01-SC"
548428;2023-09-13;"quarta-feira";"14:15:00";"MG";262;623,8;"IBIA";"Mal súbito do condutor";"Saída de leito carroçável";"Com Vítimas Fatais";"Pleno dia";"Decrescente";"Céu Claro";"Simples";"Reta";"Não";2;1;0;0;0;1;0;2;-19,58247471;-46,41895294;"SPRF-MG";"DEL08-MG";"UOP02-DEL08-MG"
548433;2023-09-13;"quarta-feira";"13:05:00";"SC";282;404,5;"JOACABA";"Transitar na contramão";"Colisão frontal";"Com Vítimas Feridas";"Pleno dia";"Decrescente";"Céu Claro";"Simples";"Curva;Declive";"Não";3;0;0;1;1;2;1;4;-27,106423;-51,642834;"SPRF-SC";"DEL07-SC";"UOP05-DEL07-SC"
548434;2023-09-13;"quarta-feira";"07:00:00";"MA";135;116;"ITAPECURU MIRIM";"Reação tardia ou ineficiente do condutor";"Tombamento";"Sem Vítimas";"Pleno dia";"Decrescente";"Céu Claro";"Simples";"Reta";"Não";1;0;0;0;1;0;0;1;-3,48622006;-44,53885486;"SPRF-MA";"DEL01-MA";"UOP02-DEL01-MA"
548435;2023-09-13;"quarta-feira";"12:10:00";"RO";364;533;"ARIQUEMES";"Ultrapassagem Indevida";"Colisão traseira";"Com Vítimas Feridas";"Pleno dia";"Crescente";"Sol";"Simples";"Reta";"Não";4;0;1;0;2;2;1;4;-9,77171898;-63,09272491;"SPRF-RO";"DEL03-RO";"UOP01-DEL03-RO"
548443;2023-09-13;"quarta-feira";"15:11:00";"MA";222;674;"ACAILANDIA";"Reação tardia ou ineficiente do condutor";"Colisão frontal";"Com Vítimas Feridas";"Pleno dia";"Crescente";"Céu Claro";"Simples";"Reta";"Sim";2;0;0;1;1;0;1;2;-4,95626629;-47,49261439;"SPRF-MA";"DEL04-MA";"UOP03-DEL04-MA"
548445;2023-09-13;"quarta-feira";"16:30:00";"SC";101;457,5;"SAO JOAO DO SUL";"Velocidade Incompatível";"Colisão com objeto";"Com Vítimas Feridas";"Pleno dia";"Decrescente";"Chuva";"Dupla";"Reta";"Não";2;0;1;0;1;0;1;1;-29,24416898;-49,7543335;"SPRF-SC";"DEL02-SC";"UOP02-DEL02-SC"
548457;2023-09-13;"quarta-feira";"18:00:00";"PR";373;178;"PONTA GROSSA";"Retorno proibido";"Colisão transversal";"Com Vítimas Feridas";"Plena Noite";"Crescente";"Chuva";"Simples";"Reta";"Sim";3;0;1;0;1;2;1;4;-25,05025485;-50,23418475;"SPRF-PR";"DEL03-PR";"UOP01-DEL03-PR"
548458;2023-09-13;"quarta-feira";"18:00:00";"PE";316;49;"ARARIPINA";"Reação tardia ou ineficiente do condutor";"Colisão traseira";"Com Vítimas Fatais";"Plena Noite";"Decrescente";"Céu Claro";"Simples";"Reta";"Não";4;1;1;0;1;1;1;3;-7,71202586;-40,32958089;"SPRF-PE";"DEL05-PE";"UOP02-DEL05-PE"
548461;2023-09-13;"quarta-feira";"18:40:00";"PR";373;178;"PONTA GROSSA";"Demais falhas mecânicas ou elétricas";"Eventos atípicos";"Sem Vítimas";"Plena Noite";"Crescente";"Chuva";"Dupla";"Curva";"Sim";2;0;0;0;2;0;0;2;-25,05025485;-50,23418475;"SPRF-PR";"DEL03-PR";"UOP01-DEL03-PR"
548463;2023-09-13;"quarta-feira";"18:20:00";"RS";285;532,9;"SAO LUIZ GONZAGA";"Velocidade Incompatível";"Colisão lateral sentido oposto";"Com Vítimas Feridas";"Anoitecer";"Decrescente";"Chuva";"Simples";"Reta;Declive";"Não";4;0;1;0;2;2;1;5;-28,406292;-54,611805;"SPRF-RS";"DEL10-RS";"UOP01-DEL10-RS"
548468;2023-09-13;"quarta-feira";"16:30:00";"MA";135;46;"BACABEIRA";"Acessar a via sem observar a presença dos outros veículos";"Colisão transversal";"Com Vítimas Feridas";"Pleno dia";"Crescente";"Céu Claro";"Dupla";"Reta";"Não";3;0;2;0;1;0;2;2;-2,93050867;-44,33424959;"SPRF-MA";"DEL01-MA";"UOP01-DEL01-MA"
548473;2023-09-13;"quarta-feira";"18:11:00";"PR";277;210;"PALMEIRA";"Demais falhas mecânicas ou elétricas";"Colisão com objeto";"Sem Vítimas";"Anoitecer";"Crescente";"Chuva";"Simples";"Reta";"Não";3;0;0;0;2;1;0;3;-25,46745868;-50,295484;"SPRF-PR";"DEL08-PR";"UOP02-DEL08-PR"
548479;2023-09-13;"quarta-feira";"21:10:00";"MG";50;13,8;"ARAGUARI";"Ingestão de álcool pelo condutor";"Colisão traseira";"Com Vítimas Feridas";"Plena Noite";"Crescente";"Céu Claro";"Dupla";"Reta";"Não";3;0;0;1;1;2;1;4;-18,53888193;-48,04646111;"SPRF-MG";"DEL15-MG";"UOP02-DEL15-MG"
548486;2023-09-09;"sábado";"06:35:00";"BA";101;694,2;"EUNAPOLIS";"Velocidade Incompatível";"Saída de leito carroçável";"Com Vítimas Feridas";"Pleno dia";"Crescente";"Garoa/Chuvisco";"Simples";"Reta;Aclive";"Não";1;0;1;0;0;0;1;1;-16,201705;-39,605286;"SPRF-BA";"DEL09-BA";"UOP01-DEL09-BA"
548490;2023-09-13;"quarta-feira";"22:20:00";"SP";116;443,8;"REGISTRO";"Pedestre andava na pista";"Atropelamento de Pedestre";"Com Vítimas Feridas";"Plena Noite";"Decrescente";"Nublado";"Dupla";"Reta";"Sim";2;0;0;1;0;1;1;2;-24,48336513;-47,8324358;"SPRF-SP";"DEL05-SP";"UOP01-DEL05-SP"
548494;2023-09-13;"quarta-feira";"22:00:00";"PR";277;125;"CAMPO LARGO";"Problema com o freio";"Saída de leito carroçável";"Com Vítimas Fatais";"Plena Noite";"Decrescente";"Chuva";"Dupla";"Curva";"Não";2;1;0;0;0;2;0;3;-25,44663809;-49,48877001;"SPRF-PR";"DEL03-PR";"UOP03-DEL03-PR"
548496;2023-09-13;"quarta-feira";"23:00:00";"PR";376;327;"ORTIGUEIRA";"Velocidade Incompatível";"Colisão frontal";"Com Vítimas Feridas";"Plena Noite";"Decrescente";"Nevoeiro/Neblina";"Múltipla";"Curva;Declive";"Não";4;0;1;0;2;1;1;4;-24,10226312;-51,04241024;"SPRF-PR";"DEL07-PR";"UOP02-DEL07-PR"
548502;2023-09-14;"quinta-feira";"01:15:00";"MG";40;743,8;"SANTOS DUMONT";"Condutor Dormindo";"Tombamento";"Com Vítimas Fatais";"Plena Noite";"Crescente";"Ignorado";"Simples";"Curva;Declive;Viaduto";"Sim";3;1;1;0;0;1;1;2;-21,41562494;-43,56352376;"SPRF-MG";"DEL05-MG";"UOP01-DEL05-MG"
548503;2023-09-14;"quinta-feira";"01:30:00";"ES";259;44,5;"COLATINA";"Reação tardia ou ineficiente do condutor";"Saída de leito carroçável";"Com Vítimas Feridas";"Plena Noite";"Crescente";"Céu Claro";"Simples";"Curva";"Não";2;0;0;1;0;2;1;3;-19,53324029;-40,57137705;"SPRF-ES";"DEL02-ES";"UOP01-DEL02-ES"
548504;2023-09-14;"quinta-feira";"00:20:00";"MA";135;136;"MATOES DO NORTE";"Transitar na contramão";"Colisão frontal";"Com Vítimas Fatais";"Plena Noite";"Crescente";"Céu Claro";"Simples";"Reta";"Não";2;1;0;0;1;0;0;2;-3,64123421;-44,54743644;"SPRF-MA";"DEL01-MA";"UOP02-DEL01-MA"
548505;2023-09-14;"quinta-feira";"01:30:00";"RS";386;47,2;"SEBERI";"Transitar na contramão";"Colisão frontal";"Com Vítimas Feridas";"Plena Noite";"Crescente";"Nublado";"Simples";"Reta";"Sim";2;0;0;1;1;0;1;2;-27,466236;-53,404499;"SPRF-RS";"DEL08-RS";"UOP02-DEL08-RS"
548507;2023-09-14;"quinta-feira";"03:50:00";"PR";116;1;"CAMPINA GRANDE DO SUL";"Ausência de reação do condutor";"Tombamento";"Com Vítimas Feridas";"Plena Noite";"Decrescente";"Nublado";"Dupla";"Curva";"Não";2;0;1;0;1;0;1;1;-25,06368403;-48,57051896;"SPRF-PR";"DEL01-PR";"UOP02-DEL01-PR"
548512;2023-09-14;"quinta-feira";"04:00:00";"RN";405;70;"APODI";"Ausência de reação do condutor";"Capotamento";"Com Vítimas Feridas";"Amanhecer";"Crescente";"Céu Claro";"Simples";"Reta";"Não";1;0;1;0;0;0;1;1;-5,60649332;-37,78040355;"SPRF-RN";"DEL04-RN";"UOP02-DEL04-RN"
548513;2023-09-14;"quinta-feira";"06:00:00";"SC";470;54,5;"BLUMENAU";"Conversão proibida";"Colisão transversal";"Com Vítimas Feridas";"Amanhecer";"Decrescente";"Céu Claro";"Simples";"Curva";"Sim";3;0;1;0;1;1;1;3;-26,87413369;-49,11435843;"SPRF-SC";"DEL04-SC";"UOP01-DEL04-SC"
548524;2023-09-14;"quinta-feira";"06:50:00";"SC";101;206;"SAO JOSE";"Ausência de reação do condutor";"Colisão lateral mesmo sentido";"Com Vítimas Feridas";"Pleno dia";"Crescente";"Céu Claro";"Múltipla";"Reta";"Sim";3;0;1;0;2;0;1;3;-27,59193546;-48,61824557;"SPRF-SC";"DEL01-SC";"UOP01-DEL01-SC"
548529;2023-09-14;"quinta-feira";"00:45:00";"MG";381;599,1;"CARMOPOLIS DE MINAS";"Condutor Dormindo";"Tombamento";"Sem Vítimas";"Plena Noite";"Decrescente";"Nublado";"Dupla";"Declive;Reta";"Não";2;0;0;0;1;1;0;2;-20,60240897;-44,71738265;"SPRF-MG";"DEL04-MG";"UOP01-DEL04-MG"
548530;2023-09-14;"quinta-feira";"06:00:00";"SC";470;71,6;"INDAIAL";"Ausência de reação do condutor";"Colisão traseira";"Com Vítimas Feridas";"Pleno dia";"Decrescente";"Céu Claro";"Dupla";"Reta";"Sim";4;0;0;1;2;1;1;4;-26,90044851;-49,26754475;"SPRF-SC";"DEL04-SC";"UOP01-DEL04-SC"
548535;2023-09-14;"quinta-feira";"06:30:00";"MS";163;647,3;"SAO GABRIEL DO OESTE";"Ausência de reação do condutor";"Engavetamento";"Com Vítimas Feridas";"Pleno dia";"Decrescente";"Nevoeiro/Neblina";"Simples";"Reta";"Não";6;0;2;0;2;2;2;4;-19,177231;-54,754054;"SPRF-MS";"DEL06-MS";"UOP02-DEL06-MS"
548541;2023-09-14;"quinta-feira";"06:30:00";"BA";242;377;"PALMEIRAS";"Ausência de reação do condutor";"Tombamento";"Com Vítimas Feridas";"Amanhecer";"Decrescente";"Céu Claro";"Simples";"Curva";"Não";2;0;1;0;0;2;1;3;-12,43834712;-41,50300952;"SPRF-BA";"DEL08-BA";"UOP04-DEL08-BA"
548547;2023-09-14;"quinta-feira";"05:50:00";"RO";364;383;"OURO PRETO DO OESTE";"Transitar na contramão";"Colisão frontal";"Com Vítimas Feridas";"Amanhecer";"Decrescente";"Nublado";"Simples";"Reta";"Sim";3;0;1;0;1;2;1;4;-10,71791788;-62,2485888;"SPRF-RO";"DEL02-RO";"UOP01-DEL02-RO"
548549;2023-09-14;"quinta-feira";"06:58:00";"MG";40;80,3;"PARACATU";"Demais falhas mecânicas ou elétricas";"Incêndio";"Sem Vítimas";"Pleno dia";"Crescente";"Céu Claro";"Simples";"Reta";"Não";1;0;0;0;1;0;0;1;-17,46129069;-46,66046185;"SPRF-MG";"DEL14-MG";"UOP01-DEL14-MG"
548553;2023-09-14;"quinta-feira";"07:45:00";"PR";116;105;"SAO JOSE DOS PINHAIS";"Ausência de reação do condutor";"Colisão lateral mesmo sentido";"Com Vítimas Feridas";"Pleno dia";"Decrescente";"Nublado";"Dupla";"Reta";"Não";5;0;1;0;3;1;1;3;-25,56635207;-49,16833598;"SPRF-PR";"DEL01-PR";"UOP07-DEL01-PR"
548561;2023-08-21;"segunda-feira";"13:00:00";"SP";153;300,4;"CAMPOS NOVOS PAULISTA";"Ausência de reação do condutor";"Colisão traseira";"Com Vítimas Fatais";"Pleno dia";"Decrescente";"Sol";"Simples";"Aclive;Reta";"Não";13;4;2;3;2;2;5;7;-22,588912;-49,889369;"SPRF-SP";"DEL07-SP";"UOP03-DEL07-SP"
548562;2023-09-14;"quinta-feira";"09:20:00";"RS";290;495,8;"ROSARIO DO SUL";"Reação tardia ou ineficiente do condutor";"Saída de leito carroçável";"Com Vítimas Feridas";"Pleno dia";"Crescente";"Céu Claro";"Simples";"Reta";"Não";2;0;0;2;0;0;2;2;-30,209293;-55,063148;"SPRF-RS";"DEL11-RS";"UOP02-DEL11-RS"
548563;2023-09-14;"quinta-feira";"09:50:00";"RJ";101;415;"MANGARATIBA";"Acessar a via sem observar a presença dos outros veículos";"Colisão transversal";"Sem Vítimas";"Pleno dia";"Crescente";"Céu Claro";"Múltipla";"Interseção de Vias";"Não";2;0;0;0;2;0;0;2;-22,90433243;-43,88181398;"SPRF-RJ";"DEL03-RJ";"UOP01-DEL03-RJ"
548564;2023-09-14;"quinta-feira";"08:30:00";"MG";153;197;"FRUTAL";"Acessar a via sem observar a presença dos outros veículos";"Colisão transversal";"Com Vítimas Feridas";"Pleno dia";"Crescente";"Céu Claro";"Simples";"Reta;Interseção de Vias";"Não";3;0;1;2;0;0;3;2;-19,97863114;-49,0111349;"SPRF-MG";"DEL13-MG";"UOP02-DEL13-MG"
548574;2023-09-14;"quinta-feira";"08:00:00";"MG";116;527;"CARATINGA";"Manobra de mudança de faixa";"Tombamento";"Com Vítimas Feridas";"Pleno dia";"Decrescente";"Nublado";"Dupla";"Reta";"Sim";2;0;1;0;1;0;1;2;-19,78510701;-42,13445297;"SPRF-MG";"DEL06-MG";"UOP02-DEL06-MG"
548578;2023-09-14;"quinta-feira";"08:00:00";"PR";476;253;"LAPA";"Reação tardia ou ineficiente do condutor";"Tombamento";"Com Vítimas Feridas";"Pleno dia";"Crescente";"Sol";"Simples";"Reta";"Não";3;0;1;0;1;3;1;5;-25,885603;-50,182251;"SPRF-PR";"DEL02-PR";"UOP03-DEL02-PR"
548585;2023-09-14;"quinta-feira";"12:00:00";"SE";101;26,6;"MURIBECA";"Acumulo de areia ou detritos sobre o pavimento";"Tombamento";"Com Vítimas Fatais";"Pleno dia";"Crescente";"Nublado";"Dupla";"Declive;Reta;Em Obras";"Não";2;1;0;0;0;1;0;2;-10,41385308;-36,92027362;"SPRF-SE";"DEL02-SE";"UOP02-DEL02-SE"
548586;2023-09-14;"quinta-feira";"06:20:00";"BA";20;30;"CORRENTINA";"Problema com o freio";"Incêndio";"Com Vítimas Feridas";"Pleno dia";"Decrescente";"Céu Claro";"Simples";"Reta";"Não";2;0;1;0;0;2;1;3;-13,50448483;-46,10137939;"SPRF-BA";"DEL10-BA";"UOP01-DEL10-BA"
548591;2023-09-14;"quinta-feira";"10:00:00";"MG";365;405,3;"PATOS DE MINAS";"Condutor deixou de manter distância do veículo da frente";"Colisão traseira";"Com Vítimas Feridas";"Pleno dia";"Crescente";"Céu Claro";"Dupla";"Reta";"Não";3;0;2;0;0;1;2;3;-18,63548589;-46,48266962;"SPRF-MG";"DEL10-MG";"UOP01-DEL10-MG"
548592;2023-09-14;"quinta-feira";"11:00:00";"SC";280;81;"CORUPA";"Reação tardia ou ineficiente do condutor";"Saída de leito carroçável";"Sem Vítimas";"Pleno dia";"Crescente";"Céu Claro";"Simples";"Reta;Aclive;Rotatória";"Sim";2;0;0;0;1;1;0;2;-26,43547443;-49,24534678;"SPRF-SC";"DEL06-SC";"UOP03-DEL06-SC"
548593;2023-09-14;"quinta-feira";"10:13:00";"MG";365;405;"PATOS DE MINAS";"Estacionar ou parar em local proibido";"Colisão transversal";"Sem Vítimas";"Pleno dia";"Crescente";"Sol";"Simples";"Rotatória;Aclive";"Não";2;0;0;0;2;0;0;2;-18,63548589;-46,48266962;"SPRF-MG";"DEL10-MG";"UOP01-DEL10-MG"
548598;2023-09-14;"quinta-feira";"12:30:00";"PR";376;491;"PONTA GROSSA";"Velocidade Incompatível";"Colisão traseira";"Com Vítimas Feridas";"Pleno dia";"Crescente";"Céu Claro";"Dupla";"Declive;Reta";"Sim";5;0;1;1;2;3;2;7;-25,1068071;-50,1924777;"SPRF-PR";"DEL03-PR";"UOP04-DEL03-PR"
548603;2023-09-14;"quinta-feira";"08:05:00";"MT";70;291;"PRIMAVERA DO LESTE";"Transitar na contramão";"Colisão frontal";"Com Vítimas Fatais";"Pleno dia";"Crescente";"Nublado";"Simples";"Reta";"Não";3;1;0;0;1;1;0;3;-15,57837833;-54,39533997;"SPRF-MT";"DEL05-MT";"UOP01-DEL05-MT"
548606;2023-09-14;"quinta-feira";"12:05:00";"BA";116;429;"FEIRA DE SANTANA";"Carga excessiva e/ou mal acondicionada";"Colisão com objeto";"Sem Vítimas";"Pleno dia";"Decrescente";"Céu Claro";"Dupla";"Reta";"Sim";2;0;0;0;1;1;0;2;-12,2690438;-38,98923481;"SPRF-BA";"DEL02-BA";"UOP01-DEL02-BA"
548609;2023-09-14;"quinta-feira";"15:00:00";"CE";116;465;"BARRO";"Problema com o freio";"Colisão traseira";"Sem Vítimas";"Pleno dia";"Decrescente";"Céu Claro";"Simples";"Reta;Declive";"Não";3;0;0;0;1;2;0;3;-7,21455971;-38,83506552;"SPRF-CE";"DEL05-CE";"UOP03-DEL05-CE"
548616;2023-09-14;"quinta-feira";"13:20:00";"RS";468;91;"BOM PROGRESSO";"Transitar na contramão";"Colisão frontal";"Com Vítimas Feridas";"Pleno dia";"Decrescente";"Céu Claro";"Simples";"Curva";"Não";3;0;2;1;0;0;3;2;-27,53572406;-53,87615877;"SPRF-RS";"DEL08-RS";"UOP02-DEL08-RS"
548619;2023-09-14;"quinta-feira";"10:00:00";"RO";364;292,3;"PRESIDENTE MEDICI";"Ausência de reação do condutor";"Colisão traseira";"Com Vítimas Feridas";"Pleno dia";"Crescente";"Céu Claro";"Simples";"Reta";"Não";3;0;0;1;1;2;1;4;-11,31266214;-61,88482323;"SPRF-RO";"DEL02-RO";"UOP01-DEL02-RO"
548623;2023-09-14;"quinta-feira";"15:50:00";"GO";60;179;"ABADIA DE GOIAS";"Velocidade Incompatível";"Colisão traseira";"Com Vítimas Feridas";"Pleno dia";"Decrescente";"Sol";"Dupla";"Reta;Aclive";"Não";2;0;1;0;1;0;1;2;-16,7638;-49,466;"SPRF-GO";"DEL01-GO";"UOP02-DEL01-GO"
548626;2023-09-14;"quinta-feira";"13:30:00";"RJ";40;93;"DUQUE DE CAXIAS";"Carga excessiva e/ou mal acondicionada";"Tombamento";"Com Vítimas Feridas";"Pleno dia";"Decrescente";"Garoa/Chuvisco";"Dupla";"Curva";"Não";2;0;1;0;0;1;1;2;-22,5554282;-43,25829998;"SPRF-RJ";"DEL06-RJ";"UOP01-DEL06-RJ"
548627;2023-09-14;"quinta-feira";"14:20:00";"SC";101;54;"JOINVILLE";"Manobra de mudança de faixa";"Colisão lateral mesmo sentido";"Com Vítimas Feridas";"Pleno dia";"Crescente";"Céu Claro";"Dupla";"Curva";"Não";5;0;1;0;3;1;1;3;-26,41319508;-48,83617332;"SPRF-SC";"DEL03-SC";"UOP01-DEL03-SC"
548638;2023-09-14;"quinta-feira";"14:25:00";"RJ";356;1,4;"ITAPERUNA";"Acessar a via sem observar a presença dos outros veículos";"Colisão transversal";"Com Vítimas Feridas";"Pleno dia";"Crescente";"Céu Claro";"Simples";"Curva";"Não";2;0;1;0;1;0;1;2;-21,1423902;-42,16936013;"SPRF-RJ";"DEL08-RJ";"UOP03-DEL08-RJ"
548639;2023-09-14;"quinta-feira";"15:00:00";"MA";316;401,6;"ALTO ALEGRE DO MARANHAO";"Acessar a via sem observar a presença dos outros veículos";"Colisão transversal";"Com Vítimas Feridas";"Pleno dia";"Decrescente";"Céu Claro";"Simples";"Reta";"Sim";2;0;1;0;0;1;1;2;-4,206411;-44,453041;"SPRF-MA";"DEL03-MA";"UOP01-DEL03-MA"
548641;2023-09-14;"quinta-feira";"17:27:00";"PE";101;63,3;"RECIFE";"Reação tardia ou ineficiente do condutor";"Tombamento";"Com Vítimas Fatais";"Anoitecer";"Crescente";"Céu Claro";"Múltipla";"Reta";"Sim";4;1;1;0;1;1;1;3;-8,00800604;-34,93756535;"SPRF-PE";"DEL01-PE";"UOP01-DEL01-PE"
548642;2023-09-14;"quinta-feira";"16:40:00";"RJ";493;108;"SEROPEDICA";"Reação tardia ou ineficiente do condutor";"Colisão traseira";"Com Vítimas Feridas";"Pleno dia";"Decrescente";"Garoa/Chuvisco";"Dupla";"Reta;Desvio Temporário;Em Obras";"Não";3;0;2;0;1;0;2;2;-22,80023733;-43,78875732;"SPRF-RJ";"DEL03-RJ";"UOP01-DEL03-RJ"