"id";"data_inversa";"dia_semana";"horario";"uf";"br";"km";"municipio";"causa_acidente";"tipo_acidente";"classificacao_acidente";"fase_dia";"sentido_via";"condicao_metereologica";"tipo_pista";"tracado_via";"uso_solo";"pessoas";"mortos";"feridos_leves";"feridos_graves";"ilesos";"ignorados";"feridos";"veiculos";"latitude";"longitude";"regional";"delegacia";"uop"
548643;2023-09-14;"quinta-feira";"17:00:00";"PE";101;82,9;"JABOATAO DOS GUARARAPES";"Reação tardia ou ineficiente do condutor";"Colisão lateral mesmo sentido";"Sem Vítimas";"Anoitecer";"Decrescente";"Céu Claro";"Dupla";"Interseção de Vias";"Sim";2;0;0;0;2;0;0;2;-8,168383;-34,9376;"SPRF-PE";"DEL01-PE";"UOP01-DEL01-PE"
548647;2023-09-14;"quinta-feira";"17:00:00";"GO";50;96;"CRISTALINA";"Velocidade Incompatível";"Tombamento";"Com Vítimas Feridas";"Pleno dia";"Decrescente";"Céu Claro";"Simples";"Curva";"Sim";2;0;0;1;0;1;1;2;-16,7534623;-47,6038922;"SPRF-DF";"DEL01-DF";"UOP02-DEL01-DF"
548651;2023-09-10;"domingo";"15:40:00";"MT";364;474;"VARZEA GRANDE";"Estacionar ou parar em local proibido";"Colisão lateral mesmo sentido";"Com Vítimas Feridas";"Pleno dia";"Crescente";"Céu Claro";"Simples";"Curva;Aclive";"Não";2;0;1;0;1;0;1;2;-15,43256174;-56,33922156;"SPRF-MT";"DEL01-MT";"UOP02-DEL01-MT"
548652;2023-09-14;"quinta-feira";"16:30:00";"MS";376;127;"IVINHEMA";"Ausência de reação do condutor";"Tombamento";"Sem Vítimas";"Anoitecer";"Crescente";"Céu Claro";"Simples";"Declive;Reta";"Não";2;0;0;0;1;2;0;3;-22,33644658;-53,76125686;"SPRF-MS";"DEL04-MS";"UOP04-DEL04-MS"
548656;2023-09-14;"quinta-feira";"12:30:00";"PR";376;490,5;"PONTA GROSSA";"Velocidade Incompatível";"Colisão lateral mesmo sentido";"Com Vítimas Feridas";"Pleno dia";"Crescente";"Sol";"Dupla";"Reta";"Sim";3;0;1;0;1;2;1;4;-25,10465214;-50,19531012;"SPRF-PR";"DEL03-PR";"UOP04-DEL03-PR"
548658;2023-09-14;"quinta-feira";"08:10:00";"BA";30;325;"RIO DO ANTONIO";"Manobra de mudança de faixa";"Colisão lateral mesmo sentido";"Com Vítimas Fatais";"Pleno dia";"Decrescente";"Céu Claro";"Simples";"Reta";"Não";7;1;2;1;3;0;3;2;-14,20960002;-42,033958;"SPRF-BA";"DEL08-BA";"UOP01-DEL08-BA"
548662;2023-09-13;"quarta-feira";"04:00:00";"BA";242;690;"MUQUEM DE SAO FRANCISCO";"Reação tardia ou ineficiente do condutor";"Tombamento";"Com Vítimas Feridas";"Plena Noite";"Decrescente";"Céu Claro";"Simples";"Reta";"Não";2;0;1;0;0;2;1;3;-12,22968473;-43,90421599;"SPRF-BA";"DEL10-BA";"UOP02-DEL10-BA"
548663;2023-09-14;"quinta-feira";"18:00:00";"PR";277;133;"BALSA NOVA";"Reação tardia ou ineficiente do condutor";"Saída de leito carroçável";"Com Vítimas Feridas";"Anoitecer";"Crescente";"Céu Claro";"Dupla";"Reta";"Não";2;0;1;0;0;1;1;2;-25,46956567;-49,65906143;"SPRF-PR";"DEL03-PR";"UOP03-DEL03-PR"
548664;2023-09-07;"quinta-feira";"10:20:00";"BA";116;848,4;"VITORIA DA CONQUISTA";"Condutor Dormindo";"Saída de leito carroçável";"Com Vítimas Feridas";"Pleno dia";"Crescente";"Céu Claro";"Simples";"Reta";"Não";2;0;1;0;0;1;1;2;-14,96927774;-40,91128844;"SPRF-BA";"DEL08-BA";"UOP01-DEL08-BA"
548667;2023-08-12;"sábado";"00:30:00";"GO";70;358;"JUSSARA";"Condutor Dormindo";"Tombamento";"Com Vítimas Fatais";"Plena Noite";"Decrescente";"Céu Claro";"Simples";"Declive";"Não";2;1;0;0;0;1;0;2;-15,93010895;-51,22680187;"SPRF-GO";"DEL04-GO";"UOP02-DEL04-GO"
548673;2023-09-14;"quinta-feira";"20:02:00";"TO";242;329,2;"PEIXE";"Reação tardia ou ineficiente do condutor";"Atropelamento de Pedestre";"Com Vítimas Feridas";"Plena Noite";"Decrescente";"Céu Claro";"Simples";"Interseção de Vias;Reta";"Não";3;0;0;1;0;2;1;2;-11,9442398;-48,68688473;"SPRF-TO";"DEL01-TO";"UOP02-DEL01-TO"
548674;2023-09-14;"quinta-feira";"19:20:00";"PR";277;45,9;"MORRETES";"Manobra de mudança de faixa";"Colisão traseira";"Com Vítimas Feridas";"Plena Noite";"Crescente";"Nublado";"Dupla";"Aclive;Curva";"Não";5;0;1;0;3;3;1;6;-25,58236192;-48,86961092;"SPRF-PR";"DEL01-PR";"UOP01-DEL01-PR"
548676;2023-09-14;"quinta-feira";"19:10:00";"BA";101;508;"ITABUNA";"Acessar a via sem observar a presença dos outros veículos";"Colisão lateral mesmo sentido";"Com Vítimas Feridas";"Plena Noite";"Decrescente";"Céu Claro";"Simples";"Interseção de Vias";"Sim";2;0;1;0;1;0;1;2;-14,81969395;-39,29397583;"SPRF-BA";"DEL05-BA";"UOP01-DEL05-BA"
548680;2023-09-14;"quinta-feira";"19:40:00";"MG";381;489;"BETIM";"Ausência de reação do condutor";"Colisão traseira";"Com Vítimas Feridas";"Pleno dia";"Decrescente";"Nublado";"Múltipla";"Reta";"Sim";4;0;1;0;1;2;1;4;-19,95608487;-44,13396835;"SPRF-MG";"DEL01-MG";"UOP03-DEL01-MG"
548685;2023-09-14;"quinta-feira";"17:00:00";"RJ";101;422;"MANGARATIBA";"Velocidade Incompatível";"Saída de leito carroçável";"Com Vítimas Feridas";"Pleno dia";"Crescente";"Chuva";"Simples";"Curva";"Sim";3;0;2;1;0;0;3;2;-22,91666975;-43,93080593;"SPRF-RJ";"DEL03-RJ";"UOP02-DEL03-RJ"
548691;2023-09-14;"quinta-feira";"20:55:00";"MG";50;62;"UBERLANDIA";"Velocidade Incompatível";"Saída de leito carroçável";"Com Vítimas Feridas";"Plena Noite";"Crescente";"Chuva";"Dupla";"Declive;Curva";"Não";1;0;1;0;0;0;1;1;-18,83461207;-48,24970007;"SPRF-MG";"DEL15-MG";"UOP02-DEL15-MG"
548693;2023-09-14;"quinta-feira";"18:30:00";"BA";367;58;"PORTO SEGURO";"Manobra de mudança de faixa";"Colisão frontal";"Com Vítimas Feridas";"Plena Noite";"Decrescente";"Céu Claro";"Simples";"Reta";"Não";5;0;2;0;2;1;2;3;-16,38808224;-39,36613702;"SPRF-BA";"DEL09-BA";"UOP03-DEL09-BA"
548695;2023-09-14;"quinta-feira";"15:45:00";"BA";235;277;"CURACA";"Velocidade Incompatível";"Tombamento";"Com Vítimas Feridas";"Pleno dia";"Crescente";"Sol";"Simples";"Curva;Rotatória";"Não";2;0;1;0;0;1;1;2;-9,621853;-39,813642;"SPRF-BA";"DEL07-BA";"UOP01-DEL07-BA"
548701;2023-09-14;"quinta-feira";"20:00:00";"PB";230;241,3;"JUAZEIRINHO";"Acessar a via sem observar a presença dos outros veículos";"Colisão transversal";"Sem Vítimas";"Plena Noite";"Decrescente";"Céu Claro";"Simples";"Reta";"Sim";4;0;0;0;3;1;0;2;-7,0688;-36,5739;"SPRF-PB";"DEL02-PB";"UOP02-DEL02-PB"
548702;2023-09-14;"quinta-feira";"18:55:00";"MG";153;144,8;"CAMPO FLORIDO";"Ultrapassagem Indevida";"Colisão frontal";"Com Vítimas Feridas";"Plena Noite";"Crescente";"Céu Claro";"Simples";"Reta";"Não";4;0;1;1;1;1;2;3;-19,603078;-48,835427;"SPRF-MG";"DEL13-MG";"UOP02-DEL13-MG"
548704;2023-09-14;"quinta-feira";"14:00:00";"BA";101;13,6;"RIO REAL";"Ausência de reação do condutor";"Saída de leito carroçável";"Com Vítimas Feridas";"Pleno dia";"Decrescente";"Sol";"Dupla";"Reta";"Não";3;0;1;0;1;2;1;3;-11,59739;-37,878153;"SPRF-SE";"DEL02-SE";"UOP03-DEL02-SE"
548706;2023-09-14;"quinta-feira";"22:40:00";"PE";101;11;"GOIANA";"Ingestão de álcool pelo condutor";"Colisão traseira";"Com Vítimas Feridas";"Plena Noite";"Crescente";"Nublado";"Dupla";"Reta";"Não";2;0;1;0;1;0;1;2;-7,59514001;-34,98460002;"SPRF-PE";"DEL01-PE";"UOP02-DEL01-PE"
548708;2023-09-14;"quinta-feira";"22:00:00";"MT";364;202;"RONDONOPOLIS";"Manobra de mudança de faixa";"Colisão lateral mesmo sentido";"Com Vítimas Feridas";"Plena Noite";"Crescente";"Céu Claro";"Dupla";"Reta";"Sim";4;0;1;0;2;3;1;5;-16,48347324;-54,64970354;"SPRF-MT";"DEL02-MT";"UOP01-DEL02-MT"
548709;2023-09-14;"quinta-feira";"16:30:00";"AM";319;542;"TAPAUA";"Ausência de reação do condutor";"Colisão frontal";"Com Vítimas Feridas";"Pleno dia";"Crescente";"Céu Claro";"Simples";"Reta;Em Obras";"Não";7;0;0;6;1;0;6;2;-6,57758996;-62,94870417;"SPRF-AM";"DEL01-AM";"UOP04-DEL01-AM"
548711;2023-09-14;"quinta-feira";"22:40:00";"MG";381;941,1;"EXTREMA";"Velocidade Incompatível";"Colisão com objeto";"Com Vítimas Feridas";"Plena Noite";"Decrescente";"Chuva";"Dupla";"Reta";"Sim";2;0;1;0;0;1;1;2;-22,86021873;-46,34260711;"SPRF-MG";"DEL16-MG";"UOP03-DEL16-MG"
548713;2023-09-14;"quinta-feira";"21:10:00";"MG";381;376;"SAO GONCALO DO RIO ABAIXO";"Condutor Dormindo";"Saída de leito carroçável";"Com Vítimas Feridas";"Plena Noite";"Decrescente";"Céu Claro";"Simples";"Curva";"Não";2;0;0;1;0;1;1;2;-19,8367193;-43,34504908;"SPRF-MG";"DEL01-MG";"UOP01-DEL01-MG"
548716;2023-09-15;"sexta-feira";"02:00:00";"PR";277;553,8;"CASCAVEL";"Transitar na contramão";"Colisão frontal";"Sem Vítimas";"Plena Noite";"Crescente";"Céu Claro";"Simples";"Reta";"Não";3;0;0;0;2;1;0;3;-25,08323773;-53,15057793;"SPRF-PR";"DEL04-PR";"UOP04-DEL04-PR"
548719;2023-09-15;"sexta-feira";"05:50:00";"ES";101;262,5;"SERRA";"Manobra de mudança de faixa";"Colisão lateral mesmo sentido";"Com Vítimas Feridas";"Pleno dia";"Crescente";"Nublado";"Dupla";"Reta";"Sim";7;0;4;0;2;2;4;6;-20,1572331;-40,27678329;"SPRF-ES";"DEL02-ES";"UOP01-DEL02-ES"
548720;2023-09-15;"sexta-feira";"05:15:00";"MG";153;99,2;"PRATA";"Condutor Dormindo";"Colisão frontal";"Com Vítimas Feridas";"Amanhecer";"Crescente";"Garoa/Chuvisco";"Simples";"Reta";"Não";3;0;0;1;1;1;1;3;-19,21986713;-48,93484939;"SPRF-MG";"DEL15-MG";"UOP03-DEL15-MG"
548724;2023-09-14;"quinta-feira";"20:20:00";"MG";50;187;"UBERABA";"Condutor deixou de manter distância do veículo da frente";"Colisão traseira";"Com Vítimas Feridas";"Anoitecer";"Decrescente";"Nublado";"Dupla";"Reta";"Não";3;0;1;0;1;4;1;6;-19,83290398;-47,88516697;"SPRF-MG";"DEL13-MG";"UOP01-DEL13-MG"
548731;2023-09-15;"sexta-feira";"07:30:00";"RJ";116;111;"GUAPIMIRIM";"Ausência de reação do condutor";"Colisão traseira";"Com Vítimas Feridas";"Pleno dia";"Decrescente";"Garoa/Chuvisco";"Dupla";"Reta";"Sim";3;0;2;0;1;0;2;2;-22,55838319;-42,99482067;"SPRF-RJ";"DEL04-RJ";"UOP02-DEL04-RJ"
548736;2023-08-15;"terça-feira";"04:25:00";"MG";40;564;"NOVA LIMA";"Acessar a via sem observar a presença dos outros veículos";"Colisão traseira";"Com Vítimas Feridas";"Plena Noite";"Decrescente";"Ignorado";"Dupla";"Aclive;Reta";"Não";12;0;10;0;1;1;10;2;-20,16086012;-43,96464349;"SPRF-MG";"DEL01-MG";"UOP02-DEL01-MG"
548741;2023-09-15;"sexta-feira";"04:20:00";"MG";40;320;"TRES MARIAS";"Velocidade Incompatível";"Tombamento";"Com Vítimas Fatais";"Plena Noite";"Crescente";"Céu Claro";"Simples";"Curva;Declive";"Não";1;1;0;0;0;0;0;1;-18,51247005;-45,07802246;"SPRF-MG";"DEL14-MG";"UOP02-DEL14-MG"
548743;2023-09-15;"sexta-feira";"08:30:00";"MG";116;539,5;"SANTA RITA DE MINAS";"Velocidade Incompatível";"Tombamento";"Com Vítimas Feridas";"Pleno dia";"Decrescente";"Céu Claro";"Simples";"Curva";"Não";2;0;1;0;0;1;1;2;-19,88240027;-42,13242591;"SPRF-MG";"DEL06-MG";"UOP02-DEL06-MG"
548745;2023-08-23;"quarta-feira";"11:40:00";"MG";116;799,2;"ALEM PARAIBA";"Ausência de reação do condutor";"Colisão traseira";"Com Vítimas Fatais";"Pleno dia";"Decrescente";"Céu Claro";"Simples";"Reta;Em Obras";"Não";3;1;0;0;1;2;0;4;-21,75344009;-42,73239666;"SPRF-MG";"DEL07-MG";"UOP01-DEL07-MG"
548748;2023-09-15;"sexta-feira";"06:42:00";"SC";101;448,3;"SANTA ROSA DO SUL";"Ausência de reação do condutor";"Saída de leito carroçável";"Com Vítimas Fatais";"Pleno dia";"Crescente";"Céu Claro";"Múltipla";"Aclive;Reta";"Não";3;1;0;0;0;2;0;3;-29,16672752;-49,74456489;"SPRF-SC";"DEL02-SC";"UOP02-DEL02-SC"
548757;2023-08-30;"quarta-feira";"15:40:00";"CE";304;16,5;"BEBERIBE";"Manobra de mudança de faixa";"Colisão frontal";"Com Vítimas Fatais";"Pleno dia";"Decrescente";"Céu Claro";"Dupla";"Reta";"Não";2;1;0;0;1;0;0;2;-4,58587513;-38,05851;"SPRF-CE";"DEL03-CE";"UOP03-DEL03-CE"
548760;2023-09-15;"sexta-feira";"09:10:00";"MT";364;285;"JACIARA";"Velocidade Incompatível";"Saída de leito carroçável";"Com Vítimas Feridas";"Pleno dia";"Decrescente";"Céu Claro";"Dupla";"Curva";"Não";2;0;1;0;0;2;1;3;-15,90147129;-55,05706072;"SPRF-MT";"DEL05-MT";"UOP02-DEL05-MT"
548761;2023-09-15;"sexta-feira";"08:55:00";"BA";116;758;"POCOES";"Ausência de reação do condutor";"Colisão frontal";"Sem Vítimas";"Pleno dia";"Crescente";"Céu Claro";"Simples";"Reta";"Sim";6;0;0;0;1;5;0;3;-14,48268504;-40,33737489;"SPRF-BA";"DEL08-BA";"UOP02-DEL08-BA"
548763;2023-08-11;"sexta-feira";"07:00:00";"RJ";393;131;"SAPUCAIA";"Curva acentuada";"Tombamento";"Com Vítimas Feridas";"Pleno dia";"Crescente";"Céu Claro";"Simples";"Curva";"Não";2;0;1;0;0;1;1;2;-21,98953084;-42,90298998;"SPRF-RJ";"DEL05-RJ";"UOP01-DEL05-RJ"
548764;2023-09-15;"sexta-feira";"10:44:00";"GO";364;335;"PORTELANDIA";"Demais falhas mecânicas ou elétricas";"Incêndio";"Sem Vítimas";"Pleno dia";"Crescente";"Céu Claro";"Simples";"Reta";"Não";2;0;0;0;1;3;0;4;-17,40715;-52,644875;"SPRF-GO";"DEL05-GO";"UOP01-DEL05-GO"
548767;2023-09-15;"sexta-feira";"08:00:00";"BA";242;287;"LAJEDINHO";"Reação tardia ou ineficiente do condutor";"Saída de leito carroçável";"Com Vítimas Feridas";"Pleno dia";"Decrescente";"Céu Claro";"Simples";"Reta;Aclive";"Não";2;0;1;0;0;1;1;2;-12,44275629;-40,78160294;"SPRF-BA";"DEL06-BA";"UOP02-DEL06-BA"
548769;2023-09-09;"sábado";"04:00:00";"BA";101;214;"CRUZ DAS ALMAS";"Condutor Dormindo";"Saída de leito carroçável";"Com Vítimas Feridas";"Plena Noite";"Decrescente";"Céu Claro";"Simples";"Reta";"Não";1;0;1;0;0;0;1;1;-12,65351724;-39,12236761;"SPRF-BA";"DEL01-BA";"UOP02-DEL01-BA"
548773;2023-09-15;"sexta-feira";"09:00:00";"MG";381;307;"ANTONIO DIAS";"Estacionar ou parar em local proibido";"Colisão traseira";"Com Vítimas Feridas";"Pleno dia";"Decrescente";"Céu Claro";"Dupla";"Curva";"Não";3;0;1;0;1;1;1;3;-19,6517757;-42,9472291;"SPRF-MG";"DEL03-MG";"UOP02-DEL03-MG"
548779;2023-09-15;"sexta-feira";"10:45:00";"PR";277;466,8;"NOVA LARANJEIRAS";"Velocidade Incompatível";"Tombamento";"Com Vítimas Feridas";"Pleno dia";"Crescente";"Sol";"Simples";"Declive;Curva";"Não";2;0;1;0;0;2;1;3;-25,35433409;-52,48223603;"SPRF-PR";"DEL04-PR";"UOP02-DEL04-PR"
548784;2023-09-15;"sexta-feira";"12:25:00";"PR";272;366;"CAMPO MOURAO";"Acessar a via sem observar a presença dos outros veículos";"Colisão lateral mesmo sentido";"Com Vítimas Feridas";"Pleno dia";"Crescente";"Céu Claro";"Dupla";"Rotatória";"Sim";2;0;0;1;1;0;1;2;-24,04638081;-52,39456989;"SPRF-PR";"DEL09-PR";"UOP03-DEL09-PR"
548788;2023-09-15;"sexta-feira";"09:10:00";"MG";381;688;"LAVRAS";"Velocidade Incompatível";"Tombamento";"Com Vítimas Feridas";"Pleno dia";"Decrescente";"Nublado";"Simples";"Curva;Aclive";"Não";2;0;1;0;0;1;1;2;-21,21737985;-45,1265452;"SPRF-MG";"DEL04-MG";"UOP02-DEL04-MG"
548789;2023-09-15;"sexta-feira";"13:02:00";"PR";277;473,7;"NOVA LARANJEIRAS";"Velocidade Incompatível";"Tombamento";"Sem Vítimas";"Pleno dia";"Decrescente";"Sol";"Simples";"Declive;Curva;Ponte";"Sim";2;0;0;0;1;2;0;3;-25,30492452;-52,5592804;"SPRF-PR";"DEL04-PR";"UOP02-DEL04-PR"
548792;2023-09-15;"sexta-feira";"13:00:00";"PE";232;65;"GRAVATA";"Problema com o freio";"Saída de leito carroçável";"Com Vítimas Feridas";"Pleno dia";"Decrescente";"Céu Claro";"Dupla";"Curva;Declive";"Não";1;0;1;0;0;0;1;1;-8,17043577;-35,45266628;"SPRF-PE";"DEL02-PE";"UOP02-DEL02PE"
548793;2023-09-15;"sexta-feira";"13:30:00";"SC";101;200,3;"SAO JOSE";"Acessar a via sem observar a presença dos outros veículos";"Colisão transversal";"Com Vítimas Feridas";"Pleno dia";"Crescente";"Céu Claro";"Múltipla";"Reta";"Sim";3;0;1;0;2;0;1;2;-27,54018513;-48,62287714;"SPRF-SC";"DEL01-SC";"UOP01-DEL01-SC"
548797;2023-09-15;"sexta-feira";"13:10:00";"SC";282;520,7;"XAXIM";"Condutor deixou de manter distância do veículo da frente";"Colisão traseira";"Com Vítimas Feridas";"Pleno dia";"Decrescente";"Céu Claro";"Simples";"Interseção de Vias;Rotatória";"Sim";2;0;1;0;1;0;1;2;-26,950415;-52,526096;"SPRF-SC";"DEL07-SC";"UOP01-DEL07-SC"
548798;2023-08-13;"domingo";"12:40:00";"RJ";493;16;"MAGE";"Manobra de mudança de faixa";"Colisão lateral sentido oposto";"Sem Vítimas";"Pleno dia";"Decrescente";"Céu Claro";"Simples";"Reta";"Não";3;0;0;0;3;0;0;3;-22,66434888;-43,00014505;"SPRF-RJ";"DEL04-RJ";"UOP02-DEL04-RJ"
548800;2023-09-15;"sexta-feira";"13:15:00";"PE";101;77,3;"RECIFE";"Ausência de reação do condutor";"Colisão lateral mesmo sentido";"Sem Vítimas";"Pleno dia";"Crescente";"Céu Claro";"Dupla";"Curva";"Sim";5;0;0;0;4;1;0;3;-8,129644;-34,944259;"SPRF-PE";"DEL01-PE";"UOP01-DEL01-PE"
548801;2023-09-15;"sexta-feira";"14:00:00";"MG";40;751,3;"SANTOS DUMONT";"Reação tardia ou ineficiente do condutor";"Colisão com objeto";"Com Vítimas Fatais";"Pleno dia";"Decrescente";"Chuva";"Simples";"Curva";"Não";2;1;0;0;1;0;0;2;-21,46537559;-43,56167779;"SPRF-MG";"DEL05-MG";"UOP01-DEL05-MG"
548803;2023-09-15;"sexta-feira";"14:30:00";"PR";376;498;"PONTA GROSSA";"Ausência de reação do condutor";"Colisão traseira";"Com Vítimas Feridas";"Pleno dia";"Crescente";"Céu Claro";"Dupla";"Reta";"Sim";5;0;1;1;3;0;2;4;-25,18839776;-50,0846328;"SPRF-PR";"DEL03-PR";"UOP04-DEL03-PR"
548804;2023-09-15;"sexta-feira";"14:30:00";"SP";153;69,2;"SAO JOSE DO RIO PRETO";"Estacionar ou parar em local proibido";"Colisão traseira";"Com Vítimas Feridas";"Pleno dia";"Decrescente";"Céu Claro";"Dupla";"Curva";"Sim";2;0;1;0;1;0;1;2;-20,85072923;-49,392352;"SPRF-SP";"DEL09-SP";"UOP01-DEL09-SP"
548811;2023-09-15;"sexta-feira";"12:09:00";"RR";174;10;"BOA VISTA";"Reação tardia ou ineficiente do condutor";"Colisão frontal";"Com Vítimas Feridas";"Pleno dia";"Crescente";"Céu Claro";"Simples";"Reta";"Não";5;0;0;2;2;2;2;5;2,89524218;-60,70309276;"SPRF-RR";"DEL01-RR";"UOP01-DEL01-RR"
548812;2023-09-15;"sexta-feira";"14:00:00";"MT";364;380;"SANTO ANTONIO DO LEVERGER";"Demais falhas mecânicas ou elétricas";"Eventos atípicos";"Com Vítimas Feridas";"Pleno dia";"Decrescente";"Céu Claro";"Dupla";"Reta";"Não";3;0;1;0;1;3;1;5;-15,70337385;-55,764222;"SPRF-MT";"DEL01-MT";"UOP02-DEL01-MT"
548816;2023-09-15;"sexta-feira";"14:50:00";"PE";232;138;"CARUARU";"Acessar a via sem observar a presença dos outros veículos";"Saída de leito carroçável";"Sem Vítimas";"Pleno dia";"Crescente";"Céu Claro";"Dupla";"Aclive;Retorno Regulamentado";"Não";2;0;0;0;1;1;0;2;-8,31829493;-36,05907802;"SPRF-PE";"DEL02-PE";"UOP01-DEL02-PE"
548819;2023-09-15;"sexta-feira";"15:38:00";"SC";280;70;"JARAGUA DO SUL";"Conversão proibida";"Colisão transversal";"Com Vítimas Feridas";"Pleno dia";"Crescente";"Céu Claro";"Simples";"Reta";"Sim";3;0;2;0;1;0;2;3;-26,46522052;-49,12675918;"SPRF-SC";"DEL03-SC";"UOP03-DEL03-SC"
548820;2023-09-15;"sexta-feira";"11:55:00";"SC";280;57,5;"GUARAMIRIM";"Ausência de reação do condutor";"Colisão frontal";"Com Vítimas Feridas";"Pleno dia";"Crescente";"Céu Claro";"Simples";"Reta";"Não";2;0;1;0;1;0;1;2;-26,47811421;-49,01259213;"SPRF-SC";"DEL03-SC";"UOP03-DEL03-SC"
548823;2023-09-15;"sexta-feira";"15:00:00";"MG";262;374;"JUATUBA";"Entrada inopinada do pedestre";"Colisão lateral mesmo sentido";"Com Vítimas Feridas";"Pleno dia";"Decrescente";"Céu Claro";"Dupla";"Reta";"Não";4;0;1;0;2;1;1;3;-19,96727284;-44,33288566;"SPRF-MG";"DEL01-MG";"UOP03-DEL01-MG"
548824;2023-09-14;"quinta-feira";"21:30:00";"MG";251;405,7;"GRAO MOGOL";"Animais na Pista";"Atropelamento de Animal";"Sem Vítimas";"Plena Noite";"Crescente";"Céu Claro";"Simples";"Aclive;Reta";"Não";1;0;0;0;1;0;0;1;-16,26065115;-42,95698091;"SPRF-MG";"DEL12-MG";"UOP01-DEL12-MG"
548834;2023-09-15;"sexta-feira";"16:00:00";"PR";277;690;"SAO MIGUEL DO IGUACU";"Ausência de reação do condutor";"Colisão transversal";"Com Vítimas Feridas";"Pleno dia";"Decrescente";"Céu Claro";"Dupla";"Declive";"Não";3;0;1;0;2;0;1;2;-25,3582673;-54,24527283;"SPRF-PR";"DEL05-PR";"UOP01-DEL05-PR"
548835;2023-09-15;"sexta-feira";"16:17:00";"PR";376;601,8;"CURITIBA";"Trafegar com motocicleta (ou similar) entre as faixas";"Colisão lateral mesmo sentido";"Com Vítimas Feridas";"Pleno dia";"Crescente";"Sol";"Dupla";"Curva";"Sim";4;0;0;1;0;3;1;3;-25,54329052;-49,30719981;"SPRF-PR";"DEL01-PR";"UOP06-DEL01-PR"
548836;2023-09-15;"sexta-feira";"15:20:00";"PR";476;257,9;"ANTONIO OLINTO";"Velocidade Incompatível";"Engavetamento";"Com Vítimas Feridas";"Pleno dia";"Decrescente";"Céu Claro";"Simples";"Reta;Em Obras;Declive";"Não";5;0;2;0;1;4;2;7;-25,888903;-50,216633;"SPRF-PR";"DEL02-PR";"UOP03-DEL02-PR"
548843;2023-09-15;"sexta-feira";"16:45:00";"MS";158;94;"PARANAIBA";"Reação tardia ou ineficiente do condutor";"Colisão traseira";"Com Vítimas Feridas";"Pleno dia";"Decrescente";"Céu Claro";"Dupla";"Reta;Declive";"Sim";3;0;1;0;1;3;1;5;-19,68300402;-51,20065706;"SPRF-MS";"DEL08-MS";"UOP01-DEL08-MS"
548854;2023-09-15;"sexta-feira";"13:25:00";"RS";285;555;"SAO LUIZ GONZAGA";"Acessar a via sem observar a presença dos outros veículos";"Colisão transversal";"Sem Vítimas";"Pleno dia";"Crescente";"Céu Claro";"Simples";"Declive;Reta;Em Obras";"Não";3;0;0;0;2;1;0;3;-28,418262;-54,844631;"SPRF-RS";"DEL10-RS";"UOP01-DEL10-RS"
548868;2023-09-15;"sexta-feira";"18:12:00";"RJ";493;101,8;"SEROPEDICA";"Acessar a via sem observar a presença dos outros veículos";"Colisão traseira";"Com Vítimas Feridas";"Plena Noite";"Decrescente";"Chuva";"Dupla";"Reta";"Não";6;0;1;0;5;0;1;2;-22,752457;-43,727845;"SPRF-RJ";"DEL03-RJ";"UOP01-DEL03-RJ"
548876;2023-09-15;"sexta-feira";"12:30:00";"AL";101;3,7;"NOVO LINO";"Velocidade Incompatível";"Tombamento";"Com Vítimas Feridas";"Pleno dia";"Crescente";"Sol";"Dupla";"Curva";"Não";2;0;1;0;0;1;1;2;-8,90455804;-35,63722012;"SPRF-AL";"DEL01-AL";"UOP02-DEL01-AL"
548878;2023-09-15;"sexta-feira";"15:30:00";"PR";153;119,5;"IBAITI";"Velocidade Incompatível";"Saída de leito carroçável";"Com Vítimas Feridas";"Pleno dia";"Crescente";"Céu Claro";"Simples";"Curva;Declive";"Não";1;0;0;1;0;0;1;1;-23,91812302;-50,22862199;"SPRF-PR";"DEL07-PR";"UOP04-DEL07-PR"
548880;2023-09-15;"sexta-feira";"17:45:00";"RJ";101;65;"CAMPOS DOS GOYTACAZES";"Ultrapassagem Indevida";"Colisão transversal";"Com Vítimas Feridas";"Anoitecer";"Crescente";"Nublado";"Simples";"Interseção de Vias;Rotatória";"Sim";3;0;0;1;2;0;1;2;-21,75371806;-41,344292;"SPRF-RJ";"DEL08-RJ";"UOP02-DEL08-RJ"
548889;2023-09-11;"segunda-feira";"04:15:00";"RJ";116;193;"QUEIMADOS";"Reação tardia ou ineficiente do condutor";"Colisão traseira";"Com Vítimas Feridas";"Plena Noite";"Crescente";"Céu Claro";"Dupla";"Reta";"Não";3;0;1;0;2;0;1;2;-22,73960178;-43,52859094;"SPRF-RJ";"DEL01-RJ";"UOP02-DEL01-RJ"
548890;2023-09-15;"sexta-feira";"14:55:00";"MG";381;211;"NAQUE";"Ingestão de álcool pelo condutor";"Colisão frontal";"Com Vítimas Fatais";"Pleno dia";"Crescente";"Chuva";"Simples";"Curva";"Não";3;1;0;1;1;0;1;2;-19,23795112;-42,33237583;"SPRF-MG";"DEL06-MG";"UOP01-DEL06-MG"
548902;2023-09-15;"sexta-feira";"09:30:00";"MT";174;96;"CACERES";"Frear bruscamente";"Engavetamento";"Sem Vítimas";"Pleno dia";"Crescente";"Céu Claro";"Simples";"Reta";"Não";3;0;0;0;3;0;0;3;-15,86120831;-57,83904448;"SPRF-MT";"DEL03-MT";"UOP01-DEL03-MT"
548905;2023-09-15;"sexta-feira";"16:15:00";"RO";364;65;"VILHENA";"Manobra de mudança de faixa";"Tombamento";"Com Vítimas Feridas";"Pleno dia";"Crescente";"Céu Claro";"Simples";"Aclive";"Não";3;0;1;0;1;2;1;4;-12,50461682;-60,479963;"SPRF-RO";"DEL04-RO";"UOP01-DEL04-RO"