"id";"data_inversa";"dia_semana";"horario";"uf";"br";"km";"municipio";"causa_acidente";"tipo_acidente";"classificacao_acidente";"fase_dia";"sentido_via";"condicao_metereologica";"tipo_pista";"tracado_via";"uso_solo";"pessoas";"mortos";"feridos_leves";"feridos_graves";"ilesos";"ignorados";"feridos";"veiculos";"latitude";"longitude";"regional";"delegacia";"uop"
548906;2023-09-15;"sexta-feira";"22:00:00";"MT";163;543;"DIAMANTINO";"Ausência de reação do condutor";"Tombamento";"Com Vítimas Feridas";"Plena Noite";"Crescente";"Céu Claro";"Simples";"Reta";"Não";2;0;1;0;0;3;1;4;-14,36459123;-56,14081519;"SPRF-MT";"DEL01-MT";"UOP01-DEL01-MT"
548911;2023-09-15;"sexta-feira";"20:10:00";"PR";163;42,8;"PRANCHITA";"Conversão proibida";"Colisão traseira";"Com Vítimas Feridas";"Plena Noite";"Decrescente";"Vento";"Simples";"Curva";"Não";3;0;1;1;0;2;2;4;-26,00529995;-53,72759163;"SPRF-PR";"DEL02-PR";"UOP02-DEL02-PR"
548915;2023-08-31;"quinta-feira";"04:20:00";"SC";101;208;"SAO JOSE";"Demais falhas mecânicas ou elétricas";"Incêndio";"Sem Vítimas";"Plena Noite";"Decrescente";"Céu Claro";"Múltipla";"Reta";"Sim";1;0;0;0;1;0;0;1;-27,60327979;-48,63201818;"SPRF-SC";"DEL01-SC";"UOP01-DEL01-SC"
548916;2023-09-15;"sexta-feira";"21:00:00";"MG";116;633,8;"DIVINO";"Velocidade Incompatível";"Colisão frontal";"Com Vítimas Feridas";"Plena Noite";"Crescente";"Chuva";"Simples";"Curva";"Não";2;0;0;1;1;0;1;2;-20,61019609;-42,21031063;"SPRF-MG";"DEL07-MG";"UOP02-DEL07-MG"
548930;2023-09-16;"sábado";"01:40:00";"SP";116;524;"BARRA DO TURVO";"Reação tardia ou ineficiente do condutor";"Colisão traseira";"Com Vítimas Feridas";"Plena Noite";"Crescente";"Céu Claro";"Dupla";"Reta";"Não";4;0;1;0;2;1;1;3;-24,91989431;-48,25856355;"SPRF-SP";"DEL05-SP";"UOP02-DEL05-SP"
548931;2023-09-16;"sábado";"02:20:00";"MG";381;448;"SANTA LUZIA";"Velocidade Incompatível";"Saída de leito carroçável";"Com Vítimas Feridas";"Plena Noite";"Decrescente";"Céu Claro";"Simples";"Aclive;Reta";"Sim";2;0;0;1;0;1;1;2;-19,82470843;-43,82220984;"SPRF-MG";"DEL01-MG";"UOP01-DEL01-MG"
548937;2023-09-16;"sábado";"03:30:00";"SP";101;48,8;"UBATUBA";"Acessar a via sem observar a presença dos outros veículos";"Colisão frontal";"Com Vítimas Feridas";"Plena Noite";"Decrescente";"Céu Claro";"Simples";"Ponte";"Sim";3;0;0;1;1;1;1;3;-23,44255447;-45,08531034;"SPRF-SP";"DEL06-SP";"UOP01-DEL06-SP"
548941;2023-09-16;"sábado";"00:01:00";"MG";381;389;"SAO GONCALO DO RIO ABAIXO";"Condutor Dormindo";"Saída de leito carroçável";"Com Vítimas Feridas";"Plena Noite";"Decrescente";"Céu Claro";"Simples";"Reta";"Não";2;0;0;2;0;0;2;1;-19,80675104;-43,4020021;"SPRF-MG";"DEL01-MG";"UOP01-DEL01-MG"
548943;2023-09-16;"sábado";"05:05:00";"RS";386;404,5;"TRIUNFO";"Ingestão de substâncias psicoativas pelo condutor";"Colisão lateral mesmo sentido";"Com Vítimas Feridas";"Plena Noite";"Decrescente";"Céu Claro";"Simples";"Curva";"Não";2;0;1;0;1;0;1;2;-29,773928;-51,570385;"SPRF-RS";"DEL04-RS";"UOP02-DEL04-RS"
548950;2023-09-16;"sábado";"01:00:00";"PR";376;445;"TIBAGI";"Velocidade Incompatível";"Colisão com objeto";"Sem Vítimas";"Plena Noite";"Decrescente";"Céu Claro";"Dupla";"Curva;Aclive";"Não";2;0;0;0;1;3;0;4;-24,89647103;-50,42823003;"SPRF-PR";"DEL03-PR";"UOP02-DEL03-PR"
548967;2023-09-16;"sábado";"04:30:00";"RJ";465;11;"SEROPEDICA";"Ausência de reação do condutor";"Colisão lateral sentido oposto";"Com Vítimas Feridas";"Amanhecer";"Decrescente";"Nublado";"Simples";"Reta";"Não";2;0;1;0;1;0;1;2;-22,784172;-43,656998;"SPRF-RJ";"DEL01-RJ";"UOP03-DEL01-RJ"
548970;2023-09-16;"sábado";"08:05:00";"MT";70;288;"PRIMAVERA DO LESTE";"Acessar a via sem observar a presença dos outros veículos";"Colisão transversal";"Com Vítimas Feridas";"Pleno dia";"Decrescente";"Sol";"Simples";"Interseção de Vias";"Não";3;0;1;0;1;1;1;3;-15,57847846;-54,3948555;"SPRF-MT";"DEL05-MT";"UOP01-DEL05-MT"
548971;2023-09-16;"sábado";"08:40:00";"BA";423;2;"PAULO AFONSO";"Acesso irregular";"Colisão com objeto";"Sem Vítimas";"Pleno dia";"Decrescente";"Sol";"Dupla";"Rotatória";"Sim";3;0;0;0;1;2;0;3;-9,43738829;-38,20386171;"SPRF-BA";"DEL07-BA";"UOP01-DEL07-BA"
548983;2023-09-16;"sábado";"10:30:00";"RS";290;194,9;"RIO PARDO";"Acesso irregular";"Colisão traseira";"Com Vítimas Feridas";"Pleno dia";"Crescente";"Céu Claro";"Dupla";"Aclive;Reta";"Não";6;0;1;0;4;1;1;4;-30,163651;-52,15506;"SPRF-RS";"DEL02-RS";"UOP03-DEL02-RS"
548984;2023-09-16;"sábado";"11:20:00";"BA";116;836;"VITORIA DA CONQUISTA";"Demais falhas mecânicas ou elétricas";"Incêndio";"Sem Vítimas";"Pleno dia";"Crescente";"Sol";"Simples";"Reta";"Não";2;0;0;0;1;1;0;2;-14,956261;-40,903617;"SPRF-BA";"DEL08-BA";"UOP01-DEL08-BA"
549000;2023-09-16;"sábado";"12:35:00";"ES";101;94;"JAGUARE";"Velocidade Incompatível";"Colisão traseira";"Com Vítimas Feridas";"Pleno dia";"Decrescente";"Nublado";"Simples";"Reta;Aclive";"Sim";5;0;0;2;1;4;2;5;-18,92266916;-39,96785068;"SPRF-ES";"DEL04-ES";"UOP02-DEL04-ES"
549023;2023-09-16;"sábado";"11:10:00";"PI";343;590,4;"FLORIANO";"Acessar a via sem observar a presença dos outros veículos";"Colisão transversal";"Com Vítimas Feridas";"Pleno dia";"Decrescente";"Céu Claro";"Dupla";"Reta;Retorno Regulamentado";"Sim";5;0;1;0;3;1;1;3;-6,783895;-43,015095;"SPRF-PI";"DEL03-PI";"UOP01-DEL03-PI"
549025;2023-09-16;"sábado";"13:30:00";"MT";163;746;"SORRISO";"Faixas de trânsito com largura insuficiente";"Colisão traseira";"Com Vítimas Feridas";"Pleno dia";"Decrescente";"Céu Claro";"Dupla";"Rotatória";"Não";4;0;1;0;2;4;1;6;-12,7007392;-55,81389079;"SPRF-MT";"DEL06-MT";"UOP01-DEL06-MT"
549029;2023-09-16;"sábado";"14:40:00";"MG";116;3,5;"DIVISA ALEGRE";"Conversão proibida";"Colisão lateral mesmo sentido";"Com Vítimas Feridas";"Pleno dia";"Crescente";"Céu Claro";"Simples";"Aclive";"Não";3;0;1;0;1;1;1;3;-15,72609196;-41,34372437;"SPRF-BA";"DEL08-BA";"UOP03-DEL08-BA"
549032;2023-09-16;"sábado";"15:38:00";"TO";153;485,6;"PARAISO DO TOCANTINS";"Ingestão de álcool pelo condutor";"Colisão lateral sentido oposto";"Sem Vítimas";"Pleno dia";"Decrescente";"Céu Claro";"Simples";"Reta;Declive";"Não";3;0;0;0;2;1;0;3;-10,08646891;-48,86003811;"SPRF-TO";"DEL01-TO";"UOP01-DEL01-TO"
549043;2023-09-16;"sábado";"11:30:00";"MG";116;409,7;"GOVERNADOR VALADARES";"Condutor deixou de manter distância do veículo da frente";"Engavetamento";"Com Vítimas Feridas";"Pleno dia";"Decrescente";"Céu Claro";"Dupla";"Reta";"Sim";4;0;1;0;2;1;1;4;-18,85629736;-41,97528178;"SPRF-MG";"DEL06-MG";"UOP01-DEL06-MG"
549046;2023-09-16;"sábado";"16:30:00";"DF";20;11;"BRASILIA";"Ausência de reação do condutor";"Saída de leito carroçável";"Com Vítimas Feridas";"Pleno dia";"Decrescente";"Chuva";"Dupla";"Reta";"Sim";2;0;1;0;1;0;1;1;-15,64654;-47,766422;"SPRF-DF";"DEL02-DF";"UOP01-DEL02-DF"
549047;2023-09-16;"sábado";"10:50:00";"MG";262;582,6;"CAMPOS ALTOS";"Ultrapassagem Indevida";"Colisão lateral mesmo sentido";"Com Vítimas Feridas";"Pleno dia";"Decrescente";"Céu Claro";"Simples";"Curva";"Não";5;0;3;0;1;1;3;3;-19,65778399;-46,08627319;"SPRF-MG";"DEL08-MG";"UOP02-DEL08-MG"
549049;2023-09-16;"sábado";"15:10:00";"PR";373;229,5;"IMBITUVA";"Acessar a via sem observar a presença dos outros veículos";"Colisão transversal";"Com Vítimas Fatais";"Pleno dia";"Decrescente";"Céu Claro";"Dupla";"Interseção de Vias";"Sim";5;1;0;1;1;3;1;5;-25,17831099;-50,65235853;"SPRF-PR";"DEL03-PR";"UOP01-DEL03-PR"
549050;2023-09-16;"sábado";"12:15:00";"GO";80;121;"VILA PROPICIO";"Ausência de reação do condutor";"Colisão lateral sentido oposto";"Com Vítimas Feridas";"Pleno dia";"Crescente";"Céu Claro";"Simples";"Reta";"Não";2;0;0;1;1;0;1;2;-15,208875;-48,697312;"SPRF-GO";"DEL07-GO";"UOP02-DEL07-GO"
549051;2023-09-16;"sábado";"14:40:00";"SP";381;68;"MAIRIPORA";"Ausência de reação do condutor";"Colisão traseira";"Com Vítimas Fatais";"Pleno dia";"Crescente";"Céu Claro";"Dupla";"Curva";"Sim";3;1;0;0;2;0;0;3;-23,34043796;-46,57433588;"SPRF-SP";"DEL03-SP";"UOP01-DEL03-SP"
549055;2023-09-16;"sábado";"17:00:00";"MS";163;19;"MUNDO NOVO";"Desrespeitar a preferência no cruzamento";"Colisão transversal";"Com Vítimas Feridas";"Pleno dia";"Crescente";"Sol";"Simples";"Interseção de Vias";"Sim";7;0;3;0;3;3;3;6;-23,93556461;-54,2813015;"SPRF-MS";"DEL09-MS";"UOP02-DEL09-MS"
549056;2023-09-16;"sábado";"17:00:00";"MS";262;7;"TRES LAGOAS";"Condutor deixou de manter distância do veículo da frente";"Colisão lateral mesmo sentido";"Com Vítimas Feridas";"Pleno dia";"Decrescente";"Céu Claro";"Simples";"Reta";"Sim";3;0;1;0;1;3;1;5;-20,79371103;-51,67965531;"SPRF-MS";"DEL07-MS";"UOP01-DEL07-MS"
549061;2023-02-08;"quarta-feira";"15:20:00";"PB";230;147;"CAMPINA GRANDE";"Demais falhas mecânicas ou elétricas";"Saída de leito carroçável";"Sem Vítimas";"Pleno dia";"Crescente";"Céu Claro";"Dupla";"Reta";"Sim";2;0;0;0;1;1;0;2;-7,2425;-35,8567;"SPRF-PB";"DEL02-PB";"UOP01-DEL02-PB"
549073;2023-09-16;"sábado";"17:50:00";"PE";101;35;"IGARASSU";"Ausência de reação do condutor";"Colisão traseira";"Com Vítimas Feridas";"Plena Noite";"Crescente";"Céu Claro";"Dupla";"Reta";"Não";6;0;0;2;4;0;2;2;-7,77952193;-34,93231384;"SPRF-PE";"DEL01-PE";"UOP02-DEL01-PE"
549081;2023-09-16;"sábado";"11:05:00";"PR";153;125,5;"IBAITI";"Velocidade Incompatível";"Tombamento";"Com Vítimas Feridas";"Pleno dia";"Decrescente";"Céu Claro";"Simples";"Curva";"Não";2;0;1;0;0;2;1;3;-23,96870233;-50,23573101;"SPRF-PR";"DEL07-PR";"UOP04-DEL07-PR"
549087;2023-09-16;"sábado";"19:10:00";"RO";364;516;"ARIQUEMES";"Ausência de reação do condutor";"Colisão transversal";"Com Vítimas Feridas";"Plena Noite";"Decrescente";"Céu Claro";"Simples";"Reta";"Sim";2;0;0;1;1;0;1;2;-9,911647;-63,055775;"SPRF-RO";"DEL03-RO";"UOP01-DEL03-RO"
549094;2023-09-16;"sábado";"18:50:00";"MA";135;70;"SANTA RITA";"Reação tardia ou ineficiente do condutor";"Queda de ocupante de veículo";"Com Vítimas Fatais";"Plena Noite";"Decrescente";"Céu Claro";"Dupla";"Reta";"Sim";2;1;0;0;0;1;0;2;-3,14173789;-44,3255132;"SPRF-MA";"DEL01-MA";"UOP02-DEL01-MA"
549102;2023-09-16;"sábado";"19:05:00";"PR";373;415;"CANDOI";"Acessar a via sem observar a presença dos outros veículos";"Colisão transversal";"Com Vítimas Feridas";"Plena Noite";"Crescente";"Nublado";"Simples";"Reta;Declive";"Sim";5;0;2;2;1;0;4;2;-25,6692179;-52,1228802;"SPRF-PR";"DEL08-PR";"UOP01-DEL08-PR"
549107;2023-09-13;"quarta-feira";"03:55:00";"SP";116;329;"JUQUITIBA";"Reação tardia ou ineficiente do condutor";"Colisão lateral mesmo sentido";"Sem Vítimas";"Plena Noite";"Decrescente";"Céu Claro";"Dupla";"Reta";"Não";1;0;0;0;1;0;0;1;-23,93981788;-47,08868406;"SPRF-SP";"DEL04-SP";"UOP03-DEL04-SP"
549111;2023-09-16;"sábado";"21:30:00";"SP";116;369,7;"MIRACATU";"Demais falhas mecânicas ou elétricas";"Incêndio";"Com Vítimas Feridas";"Plena Noite";"Decrescente";"Céu Claro";"Dupla";"Reta";"Sim";3;0;1;0;1;1;1;2;-24,15197737;-47,319485;"SPRF-SP";"DEL04-SP";"UOP02-DEL04-SP"
549127;2023-09-15;"sexta-feira";"15:50:00";"PA";163;618;"TRAIRAO";"Reação tardia ou ineficiente do condutor";"Tombamento";"Com Vítimas Feridas";"Pleno dia";"Crescente";"Céu Claro";"Simples";"Curva";"Não";2;0;1;0;0;2;1;3;-4,73343252;-56,04523015;"SPRF-PA";"DEL05-PA";"UOP02-DEL05-PA"
549130;2023-09-16;"sábado";"20:55:00";"SC";282;519,3;"XAXIM";"Ausência de reação do condutor";"Colisão traseira";"Com Vítimas Fatais";"Plena Noite";"Crescente";"Céu Claro";"Simples";"Reta;Aclive";"Sim";3;1;0;0;1;2;0;4;-26,947527;-52,517536;"SPRF-SC";"DEL07-SC";"UOP01-DEL07-SC"
549134;2023-09-16;"sábado";"19:10:00";"SC";470;287,8;"BRUNOPOLIS";"Ingestão de álcool pelo condutor";"Tombamento";"Com Vítimas Feridas";"Plena Noite";"Crescente";"Céu Claro";"Simples";"Reta";"Não";2;0;1;0;0;1;1;2;-27,327944;-50,932907;"SPRF-SC";"DEL07-SC";"UOP06-DEL07-SC"
549136;2023-09-16;"sábado";"18:10:00";"PA";163;925,7;"BELTERRA";"Reação tardia ou ineficiente do condutor";"Tombamento";"Sem Vítimas";"Anoitecer";"Crescente";"Céu Claro";"Simples";"Reta;Declive";"Não";3;0;0;0;2;6;0;8;-3,009095;-54,930395;"SPRF-PA";"DEL05-PA";"UOP01-DEL05-PA"
549137;2023-09-16;"sábado";"23:00:00";"PE";423;76;"JUCATI";"Transitar na contramão";"Colisão frontal";"Com Vítimas Feridas";"Plena Noite";"Crescente";"Céu Claro";"Simples";"Aclive;Reta";"Não";2;0;0;1;1;0;1;2;-8,73183901;-36,43146015;"SPRF-PE";"DEL03-PE";"UOP01-DEL03-PE"
549138;2023-09-16;"sábado";"17:30:00";"PA";163;943;"BELTERRA";"Manobra de mudança de faixa";"Colisão lateral sentido oposto";"Sem Vítimas";"Pleno dia";"Crescente";"Céu Claro";"Simples";"Reta";"Não";4;0;0;0;2;3;0;4;-2,86440082;-54,90329019;"SPRF-PA";"DEL05-PA";"UOP01-DEL05-PA"
549140;2023-09-16;"sábado";"23:15:00";"BA";116;490;"RAFAEL JAMBEIRO";"Condutor Dormindo";"Saída de leito carroçável";"Com Vítimas Feridas";"Plena Noite";"Decrescente";"Céu Claro";"Dupla";"Reta";"Não";2;0;1;0;0;1;1;2;-12,54909415;-39,44976293;"SPRF-BA";"DEL02-BA";"UOP01-DEL02-BA"
549169;2023-09-17;"domingo";"05:00:00";"SC";282;489,3;"FAXINAL DOS GUEDES";"Ingestão de álcool pelo condutor";"Colisão frontal";"Com Vítimas Feridas";"Plena Noite";"Crescente";"Céu Claro";"Simples";"Rotatória";"Sim";3;0;1;0;1;1;1;3;-26,870375;-52,274731;"SPRF-SC";"DEL07-SC";"UOP01-DEL07-SC"
549181;2023-09-17;"domingo";"04:40:00";"MT";163;785;"VERA";"Transitar na contramão";"Colisão frontal";"Com Vítimas Fatais";"Plena Noite";"Decrescente";"Céu Claro";"Simples";"Reta;Ponte";"Não";3;1;0;0;1;2;0;4;-12,29180594;-55,56585431;"SPRF-MT";"DEL06-MT";"UOP01-DEL06-MT"
549182;2023-09-17;"domingo";"06:30:00";"RJ";116;298;"PORTO REAL";"Reação tardia ou ineficiente do condutor";"Saída de leito carroçável";"Com Vítimas Feridas";"Pleno dia";"Crescente";"Céu Claro";"Simples";"Reta;Retorno Regulamentado";"Não";2;0;1;0;0;1;1;2;-22,45083254;-44,33823701;"SPRF-RJ";"DEL07-RJ";"UOP02-DEL07-RJ"
549186;2023-09-05;"terça-feira";"08:30:00";"RS";392;342;"SANTA MARIA";"Problema na suspensão";"Colisão frontal";"Com Vítimas Feridas";"Pleno dia";"Decrescente";"Nublado";"Simples";"Reta;Ponte";"Não";3;0;1;0;1;1;1;3;-29,80175449;-53,77729297;"SPRF-RS";"DEL09-RS";"UOP01-DEL09-RS"
549202;2023-09-17;"domingo";"08:17:00";"MG";40;576,7;"ITABIRITO";"Manobra de mudança de faixa";"Colisão lateral mesmo sentido";"Sem Vítimas";"Pleno dia";"Crescente";"Céu Claro";"Simples";"Reta";"Não";10;0;0;0;9;1;0;4;-20,26485707;-43,9573481;"SPRF-MG";"DEL01-MG";"UOP02-DEL01-MG"
549203;2023-09-17;"domingo";"07:00:00";"BA";110;100;"JEREMOABO";"Reação tardia ou ineficiente do condutor";"Saída de leito carroçável";"Com Vítimas Feridas";"Pleno dia";"Decrescente";"Céu Claro";"Simples";"Reta";"Não";2;0;1;0;0;1;1;2;-10,29841001;-38,31139822;"SPRF-BA";"DEL07-BA";"UOP01-DEL07-BA"
549204;2023-09-17;"domingo";"09:20:00";"GO";153;505;"APARECIDA DE GOIANIA";"Ingestão de álcool ou de substâncias psicoativas pelo pedestre";"Colisão traseira";"Com Vítimas Feridas";"Pleno dia";"Decrescente";"Céu Claro";"Dupla";"Reta";"Não";4;0;2;0;1;1;2;3;-16,7537;-49,2411;"SPRF-GO";"DEL01-GO";"UOP01-DEL01-GO"
549206;2023-09-17;"domingo";"09:10:00";"BA";116;643;"JAGUAQUARA";"Ultrapassagem Indevida";"Saída de leito carroçável";"Com Vítimas Feridas";"Pleno dia";"Crescente";"Céu Claro";"Simples";"Reta";"Não";6;0;1;3;1;3;4;6;-13,55599586;-40,07502733;"SPRF-BA";"DEL03-BA";"UOP01-DEL03-BA"
549213;2023-09-16;"sábado";"22:30:00";"PE";101;19;"GOIANA";"Ingestão de álcool pelo condutor";"Saída de leito carroçável";"Sem Vítimas";"Plena Noite";"Decrescente";"Nublado";"Dupla";"Curva";"Não";2;0;0;0;1;1;0;2;-7,6609591;-34,9369081;"SPRF-PE";"DEL01-PE";"UOP02-DEL01-PE"
549219;2023-09-17;"domingo";"12:25:00";"RS";472;553,2;"URUGUAIANA";"Demais falhas mecânicas ou elétricas";"Incêndio";"Sem Vítimas";"Pleno dia";"Crescente";"Céu Claro";"Simples";"Reta";"Não";2;0;0;0;1;1;0;2;-29,59921095;-56,86448213;"SPRF-RS";"DEL13-RS";"UOP01-DEL13-RS"
549221;2023-09-17;"domingo";"12:45:00";"MG";40;769,2;"JUIZ DE FORA";"Reação tardia ou ineficiente do condutor";"Saída de leito carroçável";"Com Vítimas Feridas";"Pleno dia";"Decrescente";"Céu Claro";"Simples";"Reta";"Não";2;0;1;0;0;1;1;2;-21,58922593;-43,4583538;"SPRF-MG";"DEL05-MG";"UOP01-DEL05-MG"
549223;2023-08-04;"sexta-feira";"10:55:00";"RS";386;180;"CARAZINHO";"Velocidade Incompatível";"Tombamento";"Com Vítimas Feridas";"Pleno dia";"Crescente";"Céu Claro";"Simples";"Aclive;Curva";"Sim";2;0;0;1;0;2;1;3;-28,30301099;-52,74321556;"SPRF-RS";"DEL08-RS";"UOP01-DEL08-RS"
549226;2023-09-01;"sexta-feira";"08:50:00";"MS";158;49;"PARANAIBA";"Ultrapassagem Indevida";"Colisão lateral mesmo sentido";"Sem Vítimas";"Pleno dia";"Crescente";"Céu Claro";"Simples";"Curva";"Não";3;0;0;0;2;1;0;3;-19,37081711;-51,44798514;"SPRF-MS";"DEL08-MS";"UOP01-DEL08-MS"
549230;2023-09-17;"domingo";"13:10:00";"PE";101;84,8;"JABOATAO DOS GUARARAPES";"Entrada inopinada do pedestre";"Atropelamento de Pedestre";"Com Vítimas Feridas";"Pleno dia";"Crescente";"Céu Claro";"Dupla";"Ponte";"Não";3;0;1;0;1;1;1;3;-8,18065563;-34,95965322;"SPRF-PE";"DEL01-PE";"UOP01-DEL01-PE"
549239;2023-09-17;"domingo";"10:28:00";"MG";40;272;"SAO GONCALO DO ABAETE";"Problema com o freio";"Colisão frontal";"Sem Vítimas";"Pleno dia";"Decrescente";"Céu Claro";"Simples";"Reta;Declive";"Não";3;0;0;0;1;2;0;3;-18,18478495;-45,26086898;"SPRF-MG";"DEL14-MG";"UOP02-DEL14-MG"
549242;2023-09-17;"domingo";"14:00:00";"GO";153;51;"PORANGATU";"Manobra de mudança de faixa";"Colisão lateral mesmo sentido";"Com Vítimas Feridas";"Pleno dia";"Crescente";"Nublado";"Simples";"Reta";"Não";3;0;0;1;1;1;1;3;-13,25914;-49,135551;"SPRF-GO";"DEL07-GO";"UOP01-DEL07-GO"
549244;2023-09-17;"domingo";"13:30:00";"SP";116;355;"MIRACATU";"Manobra de mudança de faixa";"Colisão lateral mesmo sentido";"Com Vítimas Feridas";"Pleno dia";"Decrescente";"Céu Claro";"Dupla";"Reta";"Não";3;0;1;0;2;0;1;2;-24,08289401;-47,25237399;"SPRF-SP";"DEL04-SP";"UOP03-DEL04-SP"
549257;2023-09-17;"domingo";"15:50:00";"SP";116;282;"EMBU DAS ARTES";"Ausência de reação do condutor";"Colisão traseira";"Com Vítimas Feridas";"Pleno dia";"Crescente";"Céu Claro";"Múltipla";"Reta";"Não";3;0;1;0;1;1;1;3;-23,68570216;-46,85970975;"SPRF-SP";"DEL04-SP";"UOP01-DEL04-SP"
549259;2023-09-17;"domingo";"14:50:00";"MG";146;398,2;"GUAXUPE";"Condutor Dormindo";"Capotamento";"Com Vítimas Feridas";"Pleno dia";"Crescente";"Céu Claro";"Simples";"Aclive;Reta";"Não";2;0;1;0;0;1;1;2;-21,2929866;-46,6986948;"SPRF-MG";"DEL09-MG";"UOP01-DEL09-MG"
549260;2023-09-17;"domingo";"16:20:00";"SE";101;107,8;"SAO CRISTOVAO";"Manobra de mudança de faixa";"Colisão lateral mesmo sentido";"Com Vítimas Feridas";"Pleno dia";"Decrescente";"Sol";"Dupla";"Reta";"Não";7;0;1;0;5;1;1;3;-10,96046958;-37,25352078;"SPRF-SE";"DEL02-SE";"UOP01-DEL02-SE"
549262;2023-09-17;"domingo";"16:20:00";"SC";470;41;"GASPAR";"Demais falhas mecânicas ou elétricas";"Incêndio";"Sem Vítimas";"Pleno dia";"Crescente";"Céu Claro";"Dupla";"Curva";"Sim";1;0;0;0;1;0;0;1;-26,882343;-48,996975;"SPRF-SC";"DEL04-SC";"UOP01-DEL04-SC"
549267;2023-09-17;"domingo";"16:30:00";"GO";60;75;"ABADIANIA";"Ingestão de álcool pelo condutor";"Tombamento";"Sem Vítimas";"Pleno dia";"Crescente";"Nublado";"Dupla";"Reta;Aclive";"Não";2;0;0;0;1;2;0;3;-16,2774;-48,7864;"SPRF-GO";"DEL02-GO";"UOP01-DEL02-GO"
549268;2023-09-17;"domingo";"17:30:00";"SC";101;221;"PALHOCA";"Acessar a via sem observar a presença dos outros veículos";"Colisão transversal";"Com Vítimas Feridas";"Pleno dia";"Decrescente";"Céu Claro";"Simples";"Interseção de Vias";"Não";3;0;0;1;1;1;1;3;-27,70012652;-48,66021182;"SPRF-SC";"DEL01-SC";"UOP02-DEL01-SC"
549269;2023-09-17;"domingo";"09:15:00";"MG";267;21,5;"ARGIRITA";"Ausência de reação do condutor";"Saída de leito carroçável";"Com Vítimas Feridas";"Pleno dia";"Crescente";"Céu Claro";"Simples";"Curva";"Não";2;0;0;1;0;1;1;2;-21,59274447;-42,78538272;"SPRF-MG";"DEL07-MG";"UOP01-DEL07-MG"
549278;2023-09-17;"domingo";"17:00:00";"SC";470;90;"ASCURRA";"Demais falhas mecânicas ou elétricas";"Incêndio";"Sem Vítimas";"Pleno dia";"Crescente";"Sol";"Simples";"Reta";"Não";2;0;0;0;1;1;0;2;-26,97254479;-49,36693668;"SPRF-SC";"DEL04-SC";"UOP01-DEL04-SC"
549285;2023-09-17;"domingo";"18:45:00";"PR";369;160;"CAMBE";"Acessar a via sem observar a presença dos outros veículos";"Colisão transversal";"Sem Vítimas";"Plena Noite";"Decrescente";"Céu Claro";"Dupla";"Aclive";"Sim";2;0;0;0;2;0;0;2;-23,28298064;-51,25019073;"SPRF-PR";"DEL07-PR";"UOP01-DEL07-PR"
549291;2023-08-24;"quinta-feira";"15:00:00";"MG";365;25;"MONTES CLAROS";"Pista Escorregadia";"Colisão frontal";"Com Vítimas Feridas";"Pleno dia";"Crescente";"Chuva";"Simples";"Declive;Curva";"Não";6;0;5;0;0;3;5;6;-16,856837;-44,045257;"SPRF-MG";"DEL12-MG";"UOP01-DEL12-MG"
549312;2023-09-17;"domingo";"15:10:00";"BA";101;675;"EUNAPOLIS";"Velocidade Incompatível";"Tombamento";"Com Vítimas Feridas";"Pleno dia";"Decrescente";"Céu Claro";"Simples";"Curva;Declive";"Não";2;0;1;0;0;1;1;2;-16,22940098;-39,5977231;"SPRF-BA";"DEL09-BA";"UOP01-DEL09-BA"
549315;2023-09-17;"domingo";"16:30:00";"MT";70;731;"CACERES";"Condutor usando celular";"Colisão transversal";"Com Vítimas Feridas";"Pleno dia";"Crescente";"Céu Claro";"Simples";"Reta";"Sim";3;0;1;0;1;3;1;5;-16,15109224;-57,62618406;"SPRF-MT";"DEL03-MT";"UOP01-DEL03-MT"
549317;2023-09-17;"domingo";"20:00:00";"SP";116;431;"REGISTRO";"Ausência de reação do condutor";"Saída de leito carroçável";"Com Vítimas Feridas";"Plena Noite";"Crescente";"Céu Claro";"Dupla";"Reta";"Não";1;0;1;0;0;0;1;1;-24,41194876;-47,75392914;"SPRF-SP";"DEL05-SP";"UOP01-DEL05-SP"
549349;2023-09-17;"domingo";"22:20:00";"RS";386;28,6;"FREDERICO WESTPHALEN";"Transitar na contramão";"Colisão frontal";"Sem Vítimas";"Plena Noite";"Crescente";"Céu Claro";"Simples";"Reta";"Não";3;0;0;0;1;2;0;3;-27,309925;-53,378048;"SPRF-RS";"DEL08-RS";"UOP02-DEL08-RS"
549373;2023-09-18;"segunda-feira";"01:15:00";"MG";262;493;"MOEMA";"Ausência de reação do condutor";"Colisão traseira";"Com Vítimas Fatais";"Plena Noite";"Crescente";"Céu Claro";"Simples";"Reta";"Não";3;1;0;0;1;2;0;4;-19,78391044;-45,3702819;"SPRF-MG";"DEL08-MG";"UOP03-DEL08-MG"
549374;2023-09-18;"segunda-feira";"00:50:00";"PR";163;153;"SANTA LUCIA";"Condutor deixou de manter distância do veículo da frente";"Colisão traseira";"Com Vítimas Feridas";"Plena Noite";"Decrescente";"Céu Claro";"Dupla";"Reta";"Não";3;0;1;1;0;1;2;2;-25,39324795;-53,57661137;"SPRF-PR";"DEL05-PR";"UOP05-DEL05-PR"