"id";"data_inversa";"dia_semana";"horario";"uf";"br";"km";"municipio";"causa_acidente";"tipo_acidente";"classificacao_acidente";"fase_dia";"sentido_via";"condicao_metereologica";"tipo_pista";"tracado_via";"uso_solo";"pessoas";"mortos";"feridos_leves";"feridos_graves";"ilesos";"ignorados";"feridos";"veiculos";"latitude";"longitude";"regional";"delegacia";"uop"
549604;2023-09-19;"terça-feira";"05:50:00";"SC";116;202;"PONTE ALTA";"Ausência de reação do condutor";"Colisão lateral sentido oposto";"Com Vítimas Feridas";"Amanhecer";"Decrescente";"Nublado";"Simples";"Curva;Declive";"Não";3;0;0;1;1;1;1;3;-27,440827;-50,395915;"SPRF-SC";"DEL05-SC";"UOP03-DEL05-SC"
549605;2023-09-19;"terça-feira";"06:55:00";"BA";324;1,9;"FEIRA DE SANTANA";"Reação tardia ou ineficiente do condutor";"Colisão lateral mesmo sentido";"Com Vítimas Feridas";"Pleno dia";"Decrescente";"Céu Claro";"Dupla";"Reta";"Sim";6;0;1;0;4;3;1;8;-12,2845484;-38,94989848;"SPRF-BA";"DEL02-BA";"UOP01-DEL02-BA"
549608;2023-09-19;"terça-feira";"00:10:00";"MG";381;809,5;"SAO GONCALO DO SAPUCAI";"Demais falhas mecânicas ou elétricas";"Incêndio";"Sem Vítimas";"Plena Noite";"Decrescente";"Céu Claro";"Dupla";"Reta;Retorno Regulamentado";"Não";2;0;0;0;1;1;0;2;-21,99055;-45,666014;"SPRF-MG";"DEL16-MG";"UOP02-DEL16-MG"
549612;2023-09-19;"terça-feira";"06:45:00";"SP";116;111;"TAUBATE";"Velocidade Incompatível";"Colisão traseira";"Com Vítimas Feridas";"Pleno dia";"Decrescente";"Céu Claro";"Dupla";"Reta";"Não";3;0;1;0;1;1;1;3;-23,03887149;-45,56097419;"SPRF-SP";"DEL02-SP";"UOP02-DEL02-SP"
549614;2023-09-19;"terça-feira";"06:40:00";"SC";470;122;"IBIRAMA";"Ausência de reação do condutor";"Colisão frontal";"Com Vítimas Feridas";"Pleno dia";"Decrescente";"Céu Claro";"Simples";"Curva;Aclive";"Sim";2;0;0;1;1;0;1;2;-27,099888;-49,527679;"SPRF-SC";"DEL04-SC";"UOP02-DEL04-SC"
549620;2023-09-19;"terça-feira";"07:25:00";"RN";101;155,6;"CANGUARETAMA";"Avarias e/ou desgaste excessivo no pneu";"Queda de ocupante de veículo";"Com Vítimas Feridas";"Pleno dia";"Crescente";"Céu Claro";"Dupla";"Reta";"Não";4;0;2;0;1;1;2;3;-6,33270015;-35,17448225;"SPRF-RN";"DEL01-RN";"UOP01-DEL01-RN"
549629;2023-09-19;"terça-feira";"07:45:00";"SC";101;209,3;"SAO JOSE";"Condutor deixou de manter distância do veículo da frente";"Colisão traseira";"Com Vítimas Feridas";"Pleno dia";"Crescente";"Sol";"Múltipla";"Reta";"Sim";5;0;2;0;2;1;2;4;-27,61000542;-48,63895057;"SPRF-SC";"DEL01-SC";"UOP01-DEL01-SC"
549632;2023-07-07;"sexta-feira";"09:20:00";"RS";448;19;"CANOAS";"Acessar a via sem observar a presença dos outros veículos";"Colisão traseira";"Com Vítimas Feridas";"Pleno dia";"Crescente";"Chuva";"Dupla";"Reta";"Não";3;0;1;0;1;1;1;3;-29,951647;-51,203125;"SPRF-RS";"DEL01-RS";"UOP01-DEL01-RS"
549637;2023-09-19;"terça-feira";"06:10:00";"ES";259;104;"BAIXO GUANDU";"Acessar a via sem observar a presença dos outros veículos";"Colisão lateral mesmo sentido";"Com Vítimas Feridas";"Amanhecer";"Crescente";"Céu Claro";"Simples";"Reta";"Não";3;0;1;0;1;1;1;3;-19,5128073;-41,0276761;"SPRF-ES";"DEL02-ES";"UOP01-DEL02-ES"
549642;2023-09-19;"terça-feira";"01:40:00";"RJ";116;224;"PARACAMBI";"Curva acentuada";"Tombamento";"Sem Vítimas";"Plena Noite";"Decrescente";"Céu Claro";"Dupla";"Curva";"Não";3;0;0;0;2;1;0;3;-22,68709335;-43,81058612;"SPRF-RJ";"DEL07-RJ";"UOP01-DEL07-RJ"
549655;2023-09-19;"terça-feira";"09:50:00";"ES";101;388,6;"RIO NOVO DO SUL";"Problema na suspensão";"Tombamento";"Com Vítimas Feridas";"Pleno dia";"Crescente";"Sol";"Simples";"Curva";"Não";3;0;2;0;0;1;2;2;-20,85689511;-40,8767812;"SPRF-ES";"DEL03-ES";"UOP02-DEL03-ES"
549657;2023-09-15;"sexta-feira";"15:50:00";"MA";135;233,1;"PERITORO";"Reação tardia ou ineficiente do condutor";"Colisão traseira";"Com Vítimas Feridas";"Pleno dia";"Decrescente";"Céu Claro";"Simples";"Reta;Em Obras;Desvio Temporário";"Não";3;0;1;0;2;0;1;3;-4,43287273;-44,36792724;"SPRF-MA";"DEL03-MA";"UOP01-DEL03-MA"
549658;2023-09-13;"quarta-feira";"21:30:00";"RO";364;298;"PRESIDENTE MEDICI";"Acostamento em desnível";"Saída de leito carroçável";"Sem Vítimas";"Plena Noite";"Crescente";"Garoa/Chuvisco";"Simples";"Reta";"Não";2;0;0;0;1;3;0;4;-11,262843;-61,90205;"SPRF-RO";"DEL02-RO";"UOP01-DEL02-RO"
549664;2023-09-19;"terça-feira";"11:50:00";"ES";101;386,5;"RIO NOVO DO SUL";"Ausência de reação do condutor";"Colisão traseira";"Com Vítimas Feridas";"Pleno dia";"Decrescente";"Sol";"Simples";"Curva";"Não";6;0;4;0;2;0;4;3;-20,84290625;-40,87422184;"SPRF-ES";"DEL03-ES";"UOP01-DEL03-ES"
549666;2023-09-19;"terça-feira";"09:05:00";"MA";226;312;"BARRA DO CORDA";"Ausência de reação do condutor";"Colisão traseira";"Com Vítimas Feridas";"Pleno dia";"Decrescente";"Sol";"Simples";"Em Obras;Reta";"Não";2;0;0;1;1;0;1;2;-5,43470535;-45,32213914;"SPRF-MA";"DEL06-MA";"UOP01-DEL06-MA"
549671;2023-09-19;"terça-feira";"13:25:00";"SC";101;210;"SAO JOSE";"Trafegar com motocicleta (ou similar) entre as faixas";"Colisão lateral mesmo sentido";"Com Vítimas Feridas";"Pleno dia";"Crescente";"Céu Claro";"Múltipla";"Reta";"Sim";5;0;1;1;2;2;2;5;-27,6167305;-48,6457265;"SPRF-SC";"DEL01-SC";"UOP01-DEL01-SC"
549673;2023-09-19;"terça-feira";"11:20:00";"BA";116;422;"FEIRA DE SANTANA";"Condutor deixou de manter distância do veículo da frente";"Colisão transversal";"Com Vítimas Feridas";"Pleno dia";"Crescente";"Céu Claro";"Dupla";"Reta";"Sim";2;0;1;0;0;1;1;2;-12,22064702;-38,96561131;"SPRF-BA";"DEL02-BA";"UOP01-DEL02-BA"
549676;2023-08-14;"segunda-feira";"23:40:00";"SP";381;58;"MAIRIPORA";"Ausência de reação do condutor";"Colisão traseira";"Com Vítimas Feridas";"Plena Noite";"Crescente";"Nublado";"Dupla";"Reta";"Não";2;0;1;0;1;0;1;2;-23,27438497;-46,58530615;"SPRF-SP";"DEL03-SP";"UOP01-DEL03-SP"
549678;2023-09-19;"terça-feira";"12:18:00";"RN";110;62,9;"MOSSORO";"Acessar a via sem observar a presença dos outros veículos";"Colisão frontal";"Com Vítimas Feridas";"Pleno dia";"Crescente";"Céu Claro";"Simples";"Reta";"Não";3;0;1;0;2;0;1;3;-5,31386835;-37,32982635;"SPRF-RN";"DEL04-RN";"UOP01-DEL04-RN"
549679;2023-09-19;"terça-feira";"13:20:00";"PR";376;182,7;"SARANDI";"Manobra de mudança de faixa";"Colisão lateral mesmo sentido";"Com Vítimas Feridas";"Pleno dia";"Crescente";"Céu Claro";"Dupla";"Reta";"Sim";3;0;1;0;1;1;1;3;-23,43727145;-51,87849283;"SPRF-PR";"DEL09-PR";"UOP01-DEL09-PR"
549680;2023-09-19;"terça-feira";"13:55:00";"MG";381;402,2;"BOM JESUS DO AMPARO";"Velocidade Incompatível";"Saída de leito carroçável";"Com Vítimas Feridas";"Pleno dia";"Crescente";"Céu Claro";"Dupla";"Curva;Em Obras;Declive";"Não";4;0;1;0;0;3;1;3;-19,75621517;-43,47246139;"SPRF-MG";"DEL01-MG";"UOP01-DEL01-MG"
549681;2023-09-19;"terça-feira";"13:30:00";"MG";116;698,7;"MURIAE";"Condutor deixou de manter distância do veículo da frente";"Colisão traseira";"Com Vítimas Feridas";"Pleno dia";"Decrescente";"Sol";"Simples";"Reta;Aclive";"Não";2;0;1;0;1;0;1;2;-21,08628099;-42,37472805;"SPRF-MG";"DEL07-MG";"UOP02-DEL07-MG"
549683;2023-09-19;"terça-feira";"08:40:00";"GO";60;408;"RIO VERDE";"Condutor Dormindo";"Saída de leito carroçável";"Com Vítimas Feridas";"Pleno dia";"Decrescente";"Sol";"Dupla";"Reta;Declive";"Não";1;0;1;0;0;0;1;1;-17,8163;-51,1282;"SPRF-GO";"DEL04-GO";"UOP02-DEL04-GO"
549684;2023-09-19;"terça-feira";"13:40:00";"MT";163;829;"SINOP";"Manobra de mudança de faixa";"Colisão lateral mesmo sentido";"Com Vítimas Feridas";"Pleno dia";"Decrescente";"Sol";"Dupla";"Reta";"Sim";2;0;0;1;0;1;1;2;-11,91;-55,508;"SPRF-MT";"DEL06-MT";"UOP02-DEL06-MT"
549686;2023-09-19;"terça-feira";"05:15:00";"PR";369;167;"CAMBE";"Demais falhas mecânicas ou elétricas";"Incêndio";"Sem Vítimas";"Amanhecer";"Crescente";"Céu Claro";"Dupla";"Aclive;Reta";"Sim";1;0;0;0;1;0;0;1;-23,29511867;-51,30947292;"SPRF-PR";"DEL07-PR";"UOP01-DEL07-PR"
549688;2023-09-19;"terça-feira";"14:45:00";"MG";40;448,8;"CAETANOPOLIS";"Velocidade Incompatível";"Saída de leito carroçável";"Com Vítimas Feridas";"Pleno dia";"Crescente";"Céu Claro";"Dupla";"Reta";"Sim";4;0;2;0;1;1;2;3;-19,301651;-44,377922;"SPRF-MG";"DEL02-MG";"UOP01-DEL02-MG"
549695;2023-09-19;"terça-feira";"14:40:00";"MT";163;755;"SORRISO";"Estacionar ou parar em local proibido";"Colisão traseira";"Com Vítimas Fatais";"Pleno dia";"Crescente";"Céu Claro";"Dupla";"Aclive;Reta";"Sim";4;1;0;0;1;3;0;5;-12,51668207;-55,69750692;"SPRF-MT";"DEL06-MT";"UOP01-DEL06-MT"
549697;2023-09-19;"terça-feira";"15:20:00";"BA";407;98;"JAGUARARI";"Ultrapassagem Indevida";"Colisão frontal";"Com Vítimas Feridas";"Pleno dia";"Crescente";"Céu Claro";"Simples";"Aclive";"Não";4;0;1;0;2;2;1;5;-10,22018224;-40,21285144;"SPRF-BA";"DEL04-BA";"UOP01-DEL04-BA"
549702;2023-09-19;"terça-feira";"15:50:00";"RS";470;226,7;"GARIBALDI";"Reação tardia ou ineficiente do condutor";"Colisão traseira";"Com Vítimas Feridas";"Pleno dia";"Crescente";"Nublado";"Simples";"Reta";"Não";2;0;1;0;1;0;1;2;-29,2584039;-51,50930285;"SPRF-RS";"DEL06-RS";"UOP01-DEL06-RS"
549703;2023-09-19;"terça-feira";"15:55:00";"SP";116;224;"GUARULHOS";"Ausência de reação do condutor";"Colisão traseira";"Com Vítimas Feridas";"Pleno dia";"Decrescente";"Céu Claro";"Múltipla";"Reta";"Sim";2;0;1;0;1;0;1;2;-23,47975115;-46,53122397;"SPRF-SP";"DEL01-SP";"UOP01-DEL01-SP"
549708;2023-09-18;"segunda-feira";"14:20:00";"RS";470;227;"GARIBALDI";"Manobra de mudança de faixa";"Colisão lateral mesmo sentido";"Com Vítimas Feridas";"Pleno dia";"Decrescente";"Garoa/Chuvisco";"Simples";"Curva;Aclive;Em Obras";"Não";7;0;3;0;3;1;3;5;-29,25901777;-51,50883508;"SPRF-RS";"DEL06-RS";"UOP01-DEL06-RS"
549709;2023-09-18;"segunda-feira";"18:10:00";"BA";30;353;"BRUMADO";"Desrespeitar a preferência no cruzamento";"Colisão transversal";"Com Vítimas Feridas";"Anoitecer";"Decrescente";"Céu Claro";"Simples";"Reta;Interseção de Vias";"Não";3;0;2;0;0;1;2;3;-14,2559813;-41,76358223;"SPRF-BA";"DEL08-BA";"UOP01-DEL08-BA"
549710;2023-09-06;"quarta-feira";"19:00:00";"GO";153;254;"SAO LUIZ DO NORTE";"Deficiência do Sistema de Iluminação/Sinalização";"Colisão transversal";"Com Vítimas Fatais";"Plena Noite";"Decrescente";"Céu Claro";"Simples";"Reta;Interseção de Vias";"Não";5;2;1;0;1;2;1;4;-14,948179;-49,375813;"SPRF-GO";"DEL07-GO";"UOP02-DEL07-GO"
549716;2023-09-19;"terça-feira";"15:20:00";"MA";316;611,5;"TIMON";"Manobra de mudança de faixa";"Tombamento";"Com Vítimas Feridas";"Pleno dia";"Crescente";"Céu Claro";"Dupla";"Rotatória";"Sim";4;0;1;0;0;3;1;4;-5,072684;-42,868118;"SPRF-MA";"DEL03-MA";"UOP02-DEL03-MA"
549717;2023-09-19;"terça-feira";"09:15:00";"RS";158;268,9;"JULIO DE CASTILHOS";"Reação tardia ou ineficiente do condutor";"Tombamento";"Com Vítimas Feridas";"Pleno dia";"Crescente";"Nevoeiro/Neblina";"Simples";"Reta";"Não";2;0;1;0;0;2;1;3;-29,27472094;-53,66884035;"SPRF-RS";"DEL09-RS";"UOP01-DEL09-RS"
549725;2023-09-19;"terça-feira";"13:00:00";"MG";116;215,7;"CATUJI";"Manobra de mudança de faixa";"Colisão lateral mesmo sentido";"Com Vítimas Feridas";"Pleno dia";"Crescente";"Céu Claro";"Simples";"Curva;Aclive";"Não";2;0;1;0;1;0;1;2;-17,37337121;-41,53059483;"SPRF-MG";"DEL11-MG";"UOP01-DEL11-MG"
549736;2023-09-19;"terça-feira";"19:10:00";"BA";101;65;"ENTRE RIOS";"Velocidade Incompatível";"Colisão frontal";"Com Vítimas Fatais";"Plena Noite";"Decrescente";"Céu Claro";"Simples";"Reta";"Não";6;2;0;1;1;2;1;4;-11,96567431;-38,15393102;"SPRF-BA";"DEL01-BA";"UOP04-DEL01-BA"
549737;2023-09-19;"terça-feira";"15:00:00";"MG";50;78;"UBERLANDIA";"Reação tardia ou ineficiente do condutor";"Colisão traseira";"Com Vítimas Feridas";"Pleno dia";"Decrescente";"Céu Claro";"Dupla";"Reta";"Sim";2;0;1;0;1;0;1;2;-18,986906;-48,211853;"SPRF-MG";"DEL15-MG";"UOP01-DEL15-MG"
549742;2023-09-19;"terça-feira";"19:11:00";"PR";116;145;"MANDIRITUBA";"Ingestão de álcool pelo condutor";"Colisão frontal";"Com Vítimas Feridas";"Plena Noite";"Decrescente";"Chuva";"Dupla";"Curva";"Não";6;0;3;1;1;2;4;4;-25,8084269;-49,32638705;"SPRF-PR";"DEL01-PR";"UOP03-DEL01-PR"
549743;2023-09-19;"terça-feira";"17:20:00";"MT";163;836;"SINOP";"Carga excessiva e/ou mal acondicionada";"Derramamento de carga";"Sem Vítimas";"Anoitecer";"Decrescente";"Céu Claro";"Simples";"Reta";"Sim";1;0;0;0;1;0;0;1;-11,853862;-55,49341;"SPRF-MT";"DEL06-MT";"UOP02-DEL06-MT"
549746;2023-09-19;"terça-feira";"19:20:00";"PR";376;616,2;"SAO JOSE DOS PINHAIS";"Chuva";"Colisão lateral mesmo sentido";"Com Vítimas Feridas";"Plena Noite";"Crescente";"Chuva";"Dupla";"Reta";"Sim";2;0;1;0;0;1;1;2;-25,57583659;-49,17953679;"SPRF-PR";"DEL01-PR";"UOP04-DEL01-PR"
549749;2023-09-19;"terça-feira";"19:30:00";"PR";277;142;"BALSA NOVA";"Reação tardia ou ineficiente do condutor";"Colisão traseira";"Com Vítimas Feridas";"Plena Noite";"Crescente";"Chuva";"Simples";"Reta;Aclive";"Não";2;0;0;1;1;0;1;2;-25,4652759;-49,7511165;"SPRF-PR";"DEL03-PR";"UOP03-DEL03-PR"
549752;2023-09-19;"terça-feira";"13:40:00";"MT";70;262;"PRIMAVERA DO LESTE";"Ausência de reação do condutor";"Tombamento";"Com Vítimas Feridas";"Pleno dia";"Decrescente";"Céu Claro";"Simples";"Reta";"Não";2;0;1;0;0;1;1;2;-15,58838098;-54,19001374;"SPRF-MT";"DEL05-MT";"UOP01-DEL05-MT"
549757;2023-09-19;"terça-feira";"19:40:00";"BA";101;230,5;"SAPEACU";"Reação tardia ou ineficiente do condutor";"Saída de leito carroçável";"Com Vítimas Feridas";"Plena Noite";"Decrescente";"Céu Claro";"Simples";"Aclive";"Não";2;0;1;0;0;1;1;2;-12,83551106;-39,20129659;"SPRF-BA";"DEL01-BA";"UOP02-DEL01-BA"
549762;2023-09-19;"terça-feira";"19:30:00";"MG";50;5;"ARAGUARI";"Demais falhas mecânicas ou elétricas";"Incêndio";"Sem Vítimas";"Plena Noite";"Crescente";"Céu Claro";"Dupla";"Reta;Declive";"Não";2;0;0;0;1;3;0;4;-18,46291;-48,04973;"SPRF-MG";"DEL15-MG";"UOP02-DEL15-MG"
549763;2023-09-19;"terça-feira";"20:50:00";"RJ";116;244;"PIRAI";"Ausência de reação do condutor";"Colisão traseira";"Com Vítimas Feridas";"Plena Noite";"Crescente";"Céu Claro";"Múltipla";"Aclive;Reta";"Não";4;0;1;0;2;2;1;5;-22,62453834;-43,91765203;"SPRF-RJ";"DEL07-RJ";"UOP01-DEL07-RJ"
549767;2023-09-19;"terça-feira";"20:25:00";"MG";153;22;"CENTRALINA";"Ausência de reação do condutor";"Saída de leito carroçável";"Com Vítimas Feridas";"Plena Noite";"Decrescente";"Céu Claro";"Dupla";"Reta";"Não";2;0;1;0;0;1;1;2;-18,61511099;-49,19148491;"SPRF-MG";"DEL15-MG";"UOP03-DEL15-MG"
549768;2023-09-19;"terça-feira";"16:00:00";"BA";101;553;"ARATACA";"Velocidade Incompatível";"Capotamento";"Com Vítimas Fatais";"Pleno dia";"Crescente";"Céu Claro";"Simples";"Curva";"Não";2;1;1;0;0;0;1;1;-15,29360303;-39,48744897;"SPRF-BA";"DEL05-BA";"UOP02-DEL05-BA"
549769;2023-09-19;"terça-feira";"23:30:00";"PR";277;587,2;"CASCAVEL";"Ingestão de álcool pelo condutor";"Colisão frontal";"Com Vítimas Feridas";"Plena Noite";"Decrescente";"Céu Claro";"Simples";"Reta;Aclive";"Sim";2;0;1;0;1;0;1;2;-24,96941255;-53,42959722;"SPRF-PR";"DEL04-PR";"UOP01-DEL04-PR"
549771;2023-09-19;"terça-feira";"23:00:00";"MG";262;121;"RIO CASCA";"Iluminação deficiente";"Colisão transversal";"Com Vítimas Feridas";"Plena Noite";"Crescente";"Nublado";"Simples";"Reta";"Sim";3;0;0;2;1;0;2;2;-20,21312389;-42,65721909;"SPRF-MG";"DEL03-MG";"UOP03-DEL03-MG"
549772;2023-09-19;"terça-feira";"23:55:00";"DF";251;8,3;"BRASILIA";"Condutor Dormindo";"Saída de leito carroçável";"Com Vítimas Feridas";"Plena Noite";"Crescente";"Céu Claro";"Simples";"Interseção de Vias;Reta";"Não";3;0;0;1;1;1;1;3;-15,99027148;-47,57453442;"SPRF-DF";"DEL01-DF";"UOP01-DEL01-DF"
549784;2023-09-20;"quarta-feira";"05:40:00";"PR";376;547,3;"PALMEIRA";"Ausência de reação do condutor";"Colisão traseira";"Com Vítimas Fatais";"Plena Noite";"Crescente";"Nevoeiro/Neblina";"Dupla";"Reta";"Não";3;1;0;0;1;1;0;3;-25,4080492;-49,78105869;"SPRF-PR";"DEL03-PR";"UOP03-DEL03-PR"
549790;2023-09-20;"quarta-feira";"06:45:00";"RS";116;268;"CANOAS";"Reação tardia ou ineficiente do condutor";"Colisão traseira";"Com Vítimas Feridas";"Amanhecer";"Decrescente";"Nublado";"Múltipla";"Reta";"Sim";4;0;1;0;2;1;1;3;-29,95042502;-51,17652939;"SPRF-RS";"DEL01-RS";"UOP01-DEL01-RS"
549793;2023-09-20;"quarta-feira";"05:45:00";"GO";364;6;"SAO SIMAO";"Reação tardia ou ineficiente do condutor";"Colisão com objeto";"Com Vítimas Feridas";"Amanhecer";"Decrescente";"Céu Claro";"Dupla";"Curva;Declive";"Não";2;0;2;0;0;0;2;1;-19,014099;-50,542088;"SPRF-GO";"DEL05-GO";"UOP02-DEL05-GO"
549798;2023-09-20;"quarta-feira";"06:00:00";"PE";104;16;"TAQUARITINGA DO NORTE";"Pista Escorregadia";"Colisão com objeto";"Com Vítimas Feridas";"Amanhecer";"Crescente";"Garoa/Chuvisco";"Simples";"Reta";"Não";1;0;1;0;0;0;1;1;-7,923709;-36,116184;"SPRF-PE";"DEL02-PE";"UOP01-DEL02-PE"
549800;2023-09-20;"quarta-feira";"04:50:00";"MA";316;594,4;"TIMON";"Transitar na contramão";"Colisão lateral sentido oposto";"Com Vítimas Feridas";"Plena Noite";"Decrescente";"Céu Claro";"Simples";"Reta";"Não";5;0;3;1;0;1;4;3;-5,01027101;-43,01212203;"SPRF-MA";"DEL03-MA";"UOP02-DEL03-MA"
549813;2023-09-16;"sábado";"12:36:00";"MS";163;97;"ITAQUIRAI";"Demais falhas mecânicas ou elétricas";"Tombamento";"Com Vítimas Feridas";"Pleno dia";"Crescente";"Céu Claro";"Simples";"Declive;Reta";"Não";1;0;1;0;0;0;1;1;-23,30753605;-54,22191632;"SPRF-MS";"DEL09-MS";"UOP01-DEL09-MS"
549814;2023-09-20;"quarta-feira";"03:20:00";"TO";153;226;"COLINAS DO TOCANTINS";"Estacionar ou parar em local proibido";"Colisão lateral mesmo sentido";"Com Vítimas Feridas";"Plena Noite";"Crescente";"Céu Claro";"Simples";"Reta";"Não";4;0;1;0;2;3;1;6;-7,87160101;-48,45739218;"SPRF-TO";"DEL02-TO";"UOP01-DEL02-TO"
549816;2023-09-18;"segunda-feira";"23:00:00";"SC";116;121,4;"SANTA CECILIA";"Condutor Dormindo";"Saída de leito carroçável";"Sem Vítimas";"Plena Noite";"Decrescente";"Nublado";"Simples";"Reta";"Não";1;0;0;0;1;0;0;1;-26,8303456;-50,38617912;"SPRF-SC";"DEL06-SC";"UOP02-DEL06-SC"
549817;2023-09-16;"sábado";"10:20:00";"MS";163;444;"CAMPO GRANDE";"Ausência de reação do condutor";"Tombamento";"Com Vítimas Feridas";"Pleno dia";"Decrescente";"Céu Claro";"Simples";"Reta";"Não";2;0;0;1;0;1;1;2;-20,75951198;-54,53107192;"SPRF-MS";"DEL01-MS";"UOP01-DEL01-MS"
549818;2023-09-15;"sexta-feira";"00:30:00";"SP";116;434,7;"REGISTRO";"Reação tardia ou ineficiente do condutor";"Saída de leito carroçável";"Sem Vítimas";"Plena Noite";"Crescente";"Céu Claro";"Dupla";"Curva";"Não";2;0;0;0;1;1;0;2;-24,42368904;-47,77892497;"SPRF-SP";"DEL05-SP";"UOP01-DEL05-SP"
549820;2023-08-03;"quinta-feira";"19:20:00";"PR";376;616;"SAO JOSE DOS PINHAIS";"Condutor deixou de manter distância do veículo da frente";"Engavetamento";"Com Vítimas Feridas";"Plena Noite";"Decrescente";"Nublado";"Dupla";"Curva";"Não";4;0;2;0;2;0;2;4;-25,57583659;-49,17953679;"SPRF-PR";"DEL01-PR";"UOP04-DEL01-PR"
549821;2023-09-20;"quarta-feira";"09:30:00";"RJ";40;82,9;"PETROPOLIS";"Velocidade Incompatível";"Tombamento";"Com Vítimas Feridas";"Pleno dia";"Crescente";"Céu Claro";"Simples";"Curva;Declive";"Sim";2;0;1;0;0;1;1;2;-22,51915769;-43,22872281;"SPRF-RJ";"DEL06-RJ";"UOP01-DEL06-RJ"
549822;2023-09-20;"quarta-feira";"07:00:00";"BA";242;577;"IBOTIRAMA";"Velocidade Incompatível";"Colisão lateral mesmo sentido";"Com Vítimas Feridas";"Pleno dia";"Crescente";"Céu Claro";"Simples";"Aclive";"Não";2;0;1;0;0;1;1;2;-12,15672294;-43,18486735;"SPRF-BA";"DEL10-BA";"UOP02-DEL10-BA"
549834;2023-09-20;"quarta-feira";"08:45:00";"SC";116;132,9;"SANTA CECILIA";"Velocidade Incompatível";"Tombamento";"Com Vítimas Feridas";"Pleno dia";"Crescente";"Céu Claro";"Simples";"Rotatória";"Não";2;0;0;1;0;1;1;2;-26,90777447;-50,44120314;"SPRF-SC";"DEL06-SC";"UOP02-DEL06-SC"
549836;2023-03-14;"terça-feira";"14:00:00";"MT";364;1199;"CAMPOS DE JULIO";"Ultrapassagem Indevida";"Colisão frontal";"Com Vítimas Fatais";"Pleno dia";"Decrescente";"Céu Claro";"Simples";"Reta";"Não";5;1;1;0;0;7;1;8;-13,7923679;-59,4290095;"SPRF-MT";"DEL04-MT";"UOP02-DEL04-MT"
549837;2023-02-03;"sexta-feira";"21:50:00";"SP";116;193;"SANTA ISABEL";"Ausência de reação do condutor";"Colisão traseira";"Com Vítimas Feridas";"Plena Noite";"Decrescente";"Nublado";"Dupla";"Aclive";"Não";6;0;2;1;3;0;3;2;-23,380407;-46,258509;"SPRF-SP";"DEL01-SP";"UOP01-DEL01-SP"
549838;2023-09-20;"quarta-feira";"11:15:00";"GO";50;306,3;"CUMARI";"Ausência de reação do condutor";"Colisão com objeto";"Com Vítimas Feridas";"Pleno dia";"Crescente";"Céu Claro";"Dupla";"Curva";"Não";2;0;0;1;0;1;1;2;-18,3701;-48,0555;"SPRF-GO";"DEL06-GO";"UOP01-DEL06-GO"
549842;2023-09-20;"quarta-feira";"09:50:00";"PR";163;8;"BARRACAO";"Reação tardia ou ineficiente do condutor";"Colisão lateral mesmo sentido";"Com Vítimas Feridas";"Pleno dia";"Crescente";"Céu Claro";"Dupla";"Reta";"Não";2;0;0;1;1;0;1;2;-26,25799317;-53,62467527;"SPRF-PR";"DEL02-PR";"UOP02-DEL02-PR"
549848;2023-09-20;"quarta-feira";"11:15:00";"PR";163;143;"SANTA LUCIA";"Ausência de reação do condutor";"Colisão traseira";"Com Vítimas Feridas";"Pleno dia";"Decrescente";"Céu Claro";"Dupla";"Reta;Aclive;Em Obras";"Sim";3;0;0;1;1;2;1;4;-25,47546601;-53,58833898;"SPRF-PR";"DEL05-PR";"UOP05-DEL05-PR"
549849;2023-08-27;"domingo";"15:40:00";"MS";163;540;"BANDEIRANTES";"Ausência de reação do condutor";"Colisão traseira";"Com Vítimas Feridas";"Pleno dia";"Decrescente";"Céu Claro";"Simples";"Reta";"Não";4;0;1;0;2;1;1;4;-19,9894849;-54,39027124;"SPRF-MS";"DEL01-MS";"UOP02-DEL01-MS"
549850;2023-09-20;"quarta-feira";"13:00:00";"SC";101;198,9;"BIGUACU";"Condutor deixou de manter distância do veículo da frente";"Colisão traseira";"Com Vítimas Feridas";"Pleno dia";"Crescente";"Céu Claro";"Dupla";"Reta";"Sim";3;0;1;0;2;0;1;3;-27,52658712;-48,63506019;"SPRF-SC";"DEL01-SC";"UOP01-DEL01-SC"
549852;2023-09-20;"quarta-feira";"12:10:00";"BA";116;619;"JAGUAQUARA";"Falta de acostamento";"Colisão lateral sentido oposto";"Sem Vítimas";"Pleno dia";"Crescente";"Céu Claro";"Simples";"Declive;Reta";"Não";3;0;0;0;2;2;0;4;-13,35700606;-40,01713362;"SPRF-BA";"DEL03-BA";"UOP01-DEL03-BA"
549854;2023-09-20;"quarta-feira";"11:00:00";"MG";153;83,7;"PRATA";"Ausência de reação do condutor";"Saída de leito carroçável";"Com Vítimas Feridas";"Pleno dia";"Crescente";"Sol";"Simples";"Reta";"Não";2;0;1;0;0;1;1;2;-19,08815127;-48,99176131;"SPRF-MG";"DEL15-MG";"UOP03-DEL15-MG"
549855;2023-09-20;"quarta-feira";"11:35:00";"SC";282;519,7;"XAXIM";"Acesso irregular";"Colisão traseira";"Com Vítimas Feridas";"Pleno dia";"Crescente";"Céu Claro";"Simples";"Aclive;Reta";"Sim";4;0;1;0;2;1;1;4;-26,94983683;-52,52199769;"SPRF-SC";"DEL07-SC";"UOP01-DEL07-SC"
549859;2023-09-20;"quarta-feira";"11:45:00";"MG";381;547,3;"RIO MANSO";"Manobra de mudança de faixa";"Colisão traseira";"Com Vítimas Feridas";"Pleno dia";"Decrescente";"Céu Claro";"Dupla";"Reta;Aclive";"Não";18;0;8;0;8;2;8;4;-20,30272561;-44,44474427;"SPRF-MG";"DEL04-MG";"UOP03-DEL04-MG"