"id";"data_inversa";"dia_semana";"horario";"uf";"br";"km";"municipio";"causa_acidente";"tipo_acidente";"classificacao_acidente";"fase_dia";"sentido_via";"condicao_metereologica";"tipo_pista";"tracado_via";"uso_solo";"pessoas";"mortos";"feridos_leves";"feridos_graves";"ilesos";"ignorados";"feridos";"veiculos";"latitude";"longitude";"regional";"delegacia";"uop"
549862;2023-04-15;"sábado";"18:00:00";"MA";316;595,1;"TIMON";"Manobra de mudança de faixa";"Colisão lateral sentido oposto";"Com Vítimas Fatais";"Plena Noite";"Crescente";"Céu Claro";"Simples";"Reta";"Não";4;1;1;0;1;1;1;3;-5,014564;-42,997887;"SPRF-MA";"DEL03-MA";"UOP02-DEL03-MA"
549864;2023-08-19;"sábado";"19:00:00";"PR";116;107;"SAO JOSE DOS PINHAIS";"Condutor deixou de manter distância do veículo da frente";"Engavetamento";"Com Vítimas Feridas";"Anoitecer";"Crescente";"Céu Claro";"Dupla";"Reta";"Não";4;0;2;0;2;0;2;4;-25,56989668;-49,18778205;"SPRF-PR";"DEL01-PR";"UOP07-DEL01-PR"
549865;2023-09-20;"quarta-feira";"14:15:00";"SC";101;85;"BARRA VELHA";"Estacionar ou parar em local proibido";"Colisão lateral mesmo sentido";"Com Vítimas Feridas";"Pleno dia";"Decrescente";"Céu Claro";"Múltipla";"Interseção de Vias";"Sim";4;0;0;1;2;1;1;4;-26,62840879;-48,70813584;"SPRF-SC";"DEL03-SC";"UOP02-DEL03-SC"
549867;2023-09-20;"quarta-feira";"15:20:00";"MG";40;525;"CONTAGEM";"Reação tardia ou ineficiente do condutor";"Colisão lateral mesmo sentido";"Com Vítimas Feridas";"Pleno dia";"Decrescente";"Céu Claro";"Dupla";"Reta";"Sim";3;0;1;0;1;1;1;3;-19,88361702;-44,05039336;"SPRF-MG";"DEL01-MG";"UOP02-DEL01-MG"
549868;2023-09-20;"quarta-feira";"09:00:00";"MG";262;153,6;"SAO DOMINGOS DO PRATA";"Velocidade Incompatível";"Saída de leito carroçável";"Com Vítimas Fatais";"Pleno dia";"Decrescente";"Céu Claro";"Simples";"Curva;Declive";"Não";1;1;0;0;0;0;0;1;-19,99113399;-42,79060753;"SPRF-MG";"DEL03-MG";"UOP03-DEL03-MG"
549869;2023-09-20;"quarta-feira";"14:30:00";"MG";381;320;"NOVA ERA";"Condutor Dormindo";"Colisão frontal";"Com Vítimas Feridas";"Pleno dia";"Decrescente";"Nublado";"Simples";"Curva;Declive";"Não";3;0;1;0;1;1;1;3;-19,72651221;-43,01085192;"SPRF-MG";"DEL03-MG";"UOP02-DEL03-MG"
549872;2023-09-20;"quarta-feira";"15:30:00";"GO";364;23;"PARANAIGUARA";"Mal súbito do condutor";"Colisão frontal";"Com Vítimas Fatais";"Pleno dia";"Crescente";"Sol";"Simples";"Reta";"Não";4;1;0;0;2;1;0;4;-18,91576;-50,668957;"SPRF-GO";"DEL05-GO";"UOP02-DEL05-GO"
549874;2023-09-20;"quarta-feira";"15:55:00";"MG";381;678,2;"PERDOES";"Reação tardia ou ineficiente do condutor";"Colisão traseira";"Com Vítimas Feridas";"Pleno dia";"Crescente";"Sol";"Dupla";"Reta;Aclive";"Não";3;0;1;0;1;2;1;4;-21,11340774;-45,09355545;"SPRF-MG";"DEL04-MG";"UOP02-DEL04-MG"
549879;2023-09-20;"quarta-feira";"16:00:00";"GO";60;234;"CEZARINA";"Velocidade Incompatível";"Colisão traseira";"Com Vítimas Feridas";"Pleno dia";"Crescente";"Céu Claro";"Dupla";"Reta";"Não";4;0;0;2;1;1;2;3;-17,0757;-49,8215;"SPRF-GO";"DEL01-GO";"UOP02-DEL01-GO"
549886;2023-09-20;"quarta-feira";"17:20:00";"SP";116;326,5;"JUQUITIBA";"Reação tardia ou ineficiente do condutor";"Colisão traseira";"Com Vítimas Feridas";"Anoitecer";"Decrescente";"Céu Claro";"Dupla";"Reta;Retorno Regulamentado";"Sim";4;0;0;1;3;0;1;2;-23,93901304;-47,06241203;"SPRF-SP";"DEL04-SP";"UOP03-DEL04-SP"
549895;2023-09-20;"quarta-feira";"12:50:00";"MG";251;353,9;"PADRE CARVALHO";"Velocidade Incompatível";"Tombamento";"Com Vítimas Feridas";"Pleno dia";"Decrescente";"Céu Claro";"Simples";"Curva;Aclive";"Não";2;0;1;0;0;1;1;2;-16,27666394;-42,55328994;"SPRF-MG";"DEL12-MG";"UOP02-DEL12-MG"
549906;2023-09-20;"quarta-feira";"09:00:00";"MS";163;572;"BANDEIRANTES";"Demais falhas mecânicas ou elétricas";"Incêndio";"Sem Vítimas";"Pleno dia";"Crescente";"Céu Claro";"Simples";"Reta";"Não";2;0;0;0;1;2;0;3;-19,71383699;-54,35113711;"SPRF-MS";"DEL01-MS";"UOP02-DEL01-MS"
549909;2023-09-20;"quarta-feira";"18:00:00";"MG";381;455,5;"BELO HORIZONTE";"Conversão proibida";"Colisão transversal";"Com Vítimas Feridas";"Plena Noite";"Decrescente";"Céu Claro";"Simples";"Curva;Aclive";"Sim";3;0;0;1;2;0;1;3;-19,837901;-43,881952;"SPRF-MG";"DEL01-MG";"UOP01-DEL01-MG"
549912;2023-09-20;"quarta-feira";"16:40:00";"ES";101;386;"RIO NOVO DO SUL";"Velocidade Incompatível";"Saída de leito carroçável";"Com Vítimas Feridas";"Pleno dia";"Decrescente";"Céu Claro";"Simples";"Curva";"Não";2;0;1;0;0;1;1;2;-20,84290625;-40,87422184;"SPRF-ES";"DEL03-ES";"UOP01-DEL03-ES"
549919;2023-09-20;"quarta-feira";"18:50:00";"ES";101;212;"IBIRACU";"Reação tardia ou ineficiente do condutor";"Colisão traseira";"Sem Vítimas";"Plena Noite";"Crescente";"Céu Claro";"Simples";"Reta";"Não";2;0;0;0;1;1;0;2;-19,81537521;-40,36655964;"SPRF-ES";"DEL02-ES";"UOP01-DEL02-ES"
549923;2023-09-20;"quarta-feira";"19:35:00";"SP";116;280,8;"EMBU DAS ARTES";"Reação tardia ou ineficiente do condutor";"Colisão lateral mesmo sentido";"Com Vítimas Feridas";"Plena Noite";"Crescente";"Céu Claro";"Dupla";"Reta";"Não";3;0;0;1;1;1;1;3;-23,66996108;-46,85590758;"SPRF-SP";"DEL04-SP";"UOP01-DEL04-SP"
549924;2023-09-20;"quarta-feira";"19:25:00";"SC";101;203;"SAO JOSE";"Condutor deixou de manter distância do veículo da frente";"Colisão traseira";"Com Vítimas Feridas";"Anoitecer";"Decrescente";"Céu Claro";"Múltipla";"Aclive";"Sim";3;0;1;0;1;2;1;4;-27,5650044;-48,61460082;"SPRF-SC";"DEL01-SC";"UOP01-DEL01-SC"
549926;2023-09-20;"quarta-feira";"20:40:00";"MG";381;696;"LAVRAS";"Velocidade Incompatível";"Tombamento";"Com Vítimas Feridas";"Plena Noite";"Crescente";"Céu Claro";"Dupla";"Reta";"Não";2;0;1;0;0;1;1;2;-21,28522379;-45,14051435;"SPRF-MG";"DEL04-MG";"UOP02-DEL04-MG"
549931;2023-09-20;"quarta-feira";"20:35:00";"PB";230;57;"CRUZ DO ESPIRITO SANTO";"Avarias e/ou desgaste excessivo no pneu";"Colisão com objeto";"Com Vítimas Feridas";"Plena Noite";"Crescente";"Nublado";"Dupla";"Reta";"Não";2;0;1;0;0;1;1;2;-7,2028;-35,1125;"SPRF-PB";"DEL01-PB";"UOP03-DEL01-PB"
549937;2023-09-20;"quarta-feira";"10:30:00";"GO";70;350;"SANTA FE DE GOIAS";"Problema com o freio";"Incêndio";"Sem Vítimas";"Pleno dia";"Crescente";"Céu Claro";"Simples";"Curva";"Não";2;0;0;0;1;2;0;3;-15,92681979;-51,14625715;"SPRF-GO";"DEL04-GO";"UOP02-DEL04-GO"
549938;2023-09-20;"quarta-feira";"16:00:00";"MT";163;982;"TERRA NOVA DO NORTE";"Ultrapassagem Indevida";"Colisão lateral sentido oposto";"Com Vítimas Feridas";"Pleno dia";"Decrescente";"Céu Claro";"Simples";"Aclive;Reta";"Não";5;0;0;1;3;11;1;15;-10,7481159;-55,14584334;"SPRF-MT";"DEL06-MT";"UOP03-DEL06-MT"
549944;2023-09-20;"quarta-feira";"18:55:00";"PR";376;672;"GUARATUBA";"Reação tardia ou ineficiente do condutor";"Colisão traseira";"Sem Vítimas";"Plena Noite";"Decrescente";"Céu Claro";"Múltipla";"Reta;Aclive";"Não";3;0;0;0;2;2;0;4;-25,89358488;-48,93146782;"SPRF-PR";"DEL01-PR";"UOP04-DEL01-PR"
549945;2023-09-20;"quarta-feira";"17:50:00";"SC";282;487,3;"FAXINAL DOS GUEDES";"Ausência de reação do condutor";"Saída de leito carroçável";"Com Vítimas Feridas";"Anoitecer";"Crescente";"Céu Claro";"Simples";"Reta";"Sim";2;0;1;0;0;1;1;2;-26,85535551;-52,25463158;"SPRF-SC";"DEL07-SC";"UOP01-DEL07-SC"
549949;2023-09-20;"quarta-feira";"15:50:00";"BA";418;48;"CARAVELAS";"Pedestre andava na pista";"Atropelamento de Pedestre";"Com Vítimas Feridas";"Pleno dia";"Crescente";"Céu Claro";"Simples";"Reta";"Não";2;0;0;1;1;0;1;2;-17,72294004;-39,52868298;"SPRF-BA";"DEL09-BA";"UOP02-DEL09-BA"
549962;2023-09-21;"quinta-feira";"00:15:00";"SC";101;65;"ARAQUARI";"Demais falhas mecânicas ou elétricas";"Incêndio";"Sem Vítimas";"Plena Noite";"Crescente";"Céu Claro";"Múltipla";"Reta";"Não";2;0;0;0;1;1;0;2;-26,47135714;-48,74457217;"SPRF-SC";"DEL03-SC";"UOP02-DEL03-SC"
549964;2023-09-20;"quarta-feira";"23:55:00";"SE";101;90;"NOSSA SENHORA DO SOCORRO";"Condutor deixou de manter distância do veículo da frente";"Colisão traseira";"Com Vítimas Feridas";"Plena Noite";"Crescente";"Nublado";"Dupla";"Reta";"Sim";3;0;1;0;1;1;1;3;-10,88868663;-37,13292003;"SPRF-SE";"DEL01-SE";"UOP01-DEL01-SE"
549966;2023-09-21;"quinta-feira";"00:10:00";"PR";163;148;"SANTA LUCIA";"Ausência de reação do condutor";"Saída de leito carroçável";"Com Vítimas Feridas";"Plena Noite";"Decrescente";"Céu Claro";"Simples";"Curva;Rotatória;Em Obras";"Não";2;0;1;0;0;1;1;2;-25,43548;-53,57678909;"SPRF-PR";"DEL05-PR";"UOP05-DEL05-PR"
549967;2023-09-20;"quarta-feira";"23:50:00";"MS";60;375;"CAMPO GRANDE";"Transitar no Acostamento";"Colisão traseira";"Com Vítimas Feridas";"Plena Noite";"Decrescente";"Céu Claro";"Simples";"Reta";"Não";3;0;1;0;1;2;1;4;-20,59006584;-54,72209517;"SPRF-MS";"DEL01-MS";"UOP04-DEL01-MS"
549978;2023-09-21;"quinta-feira";"05:15:00";"SC";101;62;"ARAQUARI";"Demais falhas mecânicas ou elétricas";"Incêndio";"Sem Vítimas";"Amanhecer";"Decrescente";"Nublado";"Dupla";"Reta";"Sim";1;0;0;0;1;0;0;1;-26,45504246;-48,76711901;"SPRF-SC";"DEL03-SC";"UOP02-DEL03-SC"
549989;2023-09-21;"quinta-feira";"07:25:00";"SC";101;139;"BALNEARIO CAMBORIU";"Reação tardia ou ineficiente do condutor";"Colisão traseira";"Com Vítimas Feridas";"Pleno dia";"Crescente";"Sol";"Dupla";"Reta";"Não";2;0;0;1;1;0;1;2;-27,02982303;-48,60115006;"SPRF-SC";"DEL04-SC";"UOP03-DEL04-SC"
549991;2023-09-21;"quinta-feira";"07:10:00";"PR";376;404,7;"TIBAGI";"Reação tardia ou ineficiente do condutor";"Colisão lateral mesmo sentido";"Sem Vítimas";"Pleno dia";"Decrescente";"Céu Claro";"Simples";"Curva";"Não";5;0;0;0;4;5;0;9;-24,5909927;-50,67606926;"SPRF-PR";"DEL03-PR";"UOP02-DEL03-PR"
550000;2023-08-24;"quinta-feira";"15:30:00";"MG";365;9,5;"MONTES CLAROS";"Velocidade Incompatível";"Tombamento";"Com Vítimas Feridas";"Pleno dia";"Decrescente";"Chuva";"Simples";"Reta";"Não";2;0;1;0;0;1;1;2;-16,83452;-43,943562;"SPRF-MG";"DEL12-MG";"UOP01-DEL12-MG"
550001;2023-07-25;"terça-feira";"10:30:00";"MG";40;517,6;"RIBEIRAO DAS NEVES";"Condutor deixou de manter distância do veículo da frente";"Colisão traseira";"Com Vítimas Feridas";"Pleno dia";"Crescente";"Céu Claro";"Dupla";"Reta";"Sim";3;0;1;0;1;1;1;3;-19,82351202;-44,08438913;"SPRF-MG";"DEL01-MG";"UOP02-DEL01-MG"
550002;2023-09-21;"quinta-feira";"04:30:00";"RJ";101;86;"CAMPOS DOS GOYTACAZES";"Velocidade Incompatível";"Tombamento";"Com Vítimas Feridas";"Plena Noite";"Decrescente";"Céu Claro";"Dupla";"Curva";"Não";2;0;0;1;0;1;1;2;-21,82667291;-41,48736902;"SPRF-RJ";"DEL08-RJ";"UOP02-DEL08-RJ"
550006;2023-09-21;"quinta-feira";"08:30:00";"PB";101;81,4;"BAYEUX";"Condutor deixou de manter distância do veículo da frente";"Colisão traseira";"Sem Vítimas";"Pleno dia";"Crescente";"Nublado";"Dupla";"Reta;Aclive";"Sim";2;0;0;0;2;0;0;2;-7,12750139;-34,94045734;"SPRF-PB";"DEL01-PB";"UOP01-DEL01-PB"
550008;2023-09-21;"quinta-feira";"08:30:00";"MG";381;490;"BETIM";"Manobra de mudança de faixa";"Colisão lateral mesmo sentido";"Com Vítimas Feridas";"Pleno dia";"Decrescente";"Céu Claro";"Múltipla";"Aclive;Reta";"Sim";6;0;1;0;4;2;1;5;-19,96502819;-44,17422195;"SPRF-MG";"DEL01-MG";"UOP03-DEL01-MG"
550012;2023-08-22;"terça-feira";"09:00:00";"PI";135;371;"BOM JESUS";"Demais falhas mecânicas ou elétricas";"Saída de leito carroçável";"Sem Vítimas";"Pleno dia";"Crescente";"Céu Claro";"Simples";"Curva";"Sim";3;0;0;0;0;4;0;4;-9,211738;-44,439964;"SPRF-PI";"DEL03-PI";"UOP02-DEL03-PI"
550020;2023-09-13;"quarta-feira";"17:10:00";"MT";70;514;"VARZEA GRANDE";"Condutor desrespeitou a iluminação vermelha do semáforo";"Colisão transversal";"Com Vítimas Feridas";"Pleno dia";"Decrescente";"Chuva";"Dupla";"Interseção de Vias;Reta";"Não";3;0;1;0;1;2;1;4;-15,70607222;-56,13193989;"SPRF-MT";"DEL01-MT";"UOP02-DEL01-MT"
550025;2023-08-14;"segunda-feira";"00:05:00";"SP";116;92;"PINDAMONHANGABA";"Ausência de reação do condutor";"Colisão traseira";"Com Vítimas Feridas";"Plena Noite";"Crescente";"Céu Claro";"Dupla";"Reta";"Não";3;0;1;0;1;1;1;3;-22,95222732;-45,40443885;"SPRF-SP";"DEL08-SP";"UOP01-DEL08-SP"
550031;2023-09-21;"quinta-feira";"08:30:00";"MG";40;520,7;"CONTAGEM";"Acessar a via sem observar a presença dos outros veículos";"Colisão transversal";"Com Vítimas Feridas";"Pleno dia";"Decrescente";"Céu Claro";"Dupla";"Reta;Interseção de Vias";"Não";3;0;0;2;1;0;2;2;-19,84761911;-44,07276144;"SPRF-MG";"DEL01-MG";"UOP02-DEL01-MG"
550032;2023-09-21;"quinta-feira";"09:50:00";"PB";230;334;"PATOS";"Mal súbito do condutor";"Engavetamento";"Com Vítimas Feridas";"Pleno dia";"Crescente";"Céu Claro";"Múltipla";"Rotatória";"Sim";8;0;5;0;2;1;5;3;-7,018148;-37,259165;"SPRF-PB";"DEL03-PB";"UOP01-DEL03-PB"
550038;2023-09-21;"quinta-feira";"11:00:00";"SC";101;192,8;"BIGUACU";"Ausência de reação do condutor";"Colisão com objeto";"Com Vítimas Feridas";"Pleno dia";"Decrescente";"Céu Claro";"Múltipla";"Reta";"Sim";4;0;1;0;1;2;1;4;-27,48443781;-48,64765238;"SPRF-SC";"DEL01-SC";"UOP01-DEL01-SC"
550042;2023-09-21;"quinta-feira";"11:10:00";"AL";101;62;"MESSIAS";"Velocidade Incompatível";"Saída de leito carroçável";"Sem Vítimas";"Pleno dia";"Decrescente";"Chuva";"Dupla";"Curva";"Não";2;0;0;0;1;1;0;2;-9,30153295;-35,82114728;"SPRF-AL";"DEL01-AL";"UOP02-DEL01-AL"
550043;2023-09-06;"quarta-feira";"05:20:00";"SP";116;533;"BARRA DO TURVO";"Reação tardia ou ineficiente do condutor";"Colisão traseira";"Com Vítimas Fatais";"Amanhecer";"Crescente";"Garoa/Chuvisco";"Dupla";"Reta";"Não";4;1;0;0;2;1;0;3;-24,95624836;-48,33304769;"SPRF-SP";"DEL05-SP";"UOP02-DEL05-SP"
550044;2023-09-21;"quinta-feira";"09:30:00";"MG";262;615,3;"IBIA";"Condutor Dormindo";"Colisão frontal";"Com Vítimas Fatais";"Pleno dia";"Crescente";"Céu Claro";"Simples";"Curva";"Não";4;1;0;1;1;3;1;5;-19,58551007;-46,32494606;"SPRF-MG";"DEL08-MG";"UOP02-DEL08-MG"
550046;2023-09-21;"quinta-feira";"11:00:00";"RJ";116;125;"MAGE";"Avarias e/ou desgaste excessivo no pneu";"Tombamento";"Sem Vítimas";"Pleno dia";"Crescente";"Sol";"Dupla";"Reta";"Não";1;0;0;0;1;0;0;1;-22,65156898;-43,07769901;"SPRF-RJ";"DEL04-RJ";"UOP02-DEL04-RJ"
550050;2023-04-09;"domingo";"22:40:00";"PR";277;332,9;"GUARAPUAVA";"Reação tardia ou ineficiente do condutor";"Tombamento";"Com Vítimas Feridas";"Plena Noite";"Decrescente";"Céu Claro";"Dupla";"Curva;Declive";"Não";3;0;0;1;1;1;1;3;-25,37175406;-51,32074356;"SPRF-PR";"DEL08-PR";"UOP01-DEL08-PR"
550052;2023-09-21;"quinta-feira";"09:50:00";"SC";282;437;"VARGEM BONITA";"Condutor deixou de manter distância do veículo da frente";"Colisão traseira";"Com Vítimas Feridas";"Pleno dia";"Decrescente";"Céu Claro";"Dupla";"Reta;Aclive";"Não";2;0;0;1;1;0;1;2;-26,970082;-51,853378;"SPRF-SC";"DEL07-SC";"UOP04-DEL07-SC"
550054;2023-09-21;"quinta-feira";"08:45:00";"RJ";40;124;"DUQUE DE CAXIAS";"Reação tardia ou ineficiente do condutor";"Colisão lateral mesmo sentido";"Com Vítimas Feridas";"Pleno dia";"Crescente";"Céu Claro";"Dupla";"Reta";"Sim";2;0;1;0;1;0;1;2;-22,807953;-43,289124;"SPRF-RJ";"DEL01-RJ";"UOP01-DEL01-RJ"
550059;2023-07-11;"terça-feira";"13:10:00";"PI";343;255;"CAMPO MAIOR";"Manobra de mudança de faixa";"Colisão frontal";"Com Vítimas Feridas";"Pleno dia";"Crescente";"Céu Claro";"Simples";"Reta";"Não";3;0;1;1;0;1;2;3;-4,768979;-42,113426;"SPRF-PI";"DEL01-PI";"UOP03-DEL01-PI"
550062;2023-09-21;"quinta-feira";"10:00:00";"MG";381;938;"EXTREMA";"Velocidade Incompatível";"Tombamento";"Com Vítimas Feridas";"Pleno dia";"Decrescente";"Céu Claro";"Dupla";"Curva;Declive";"Não";3;0;1;0;1;1;1;2;-22,83909203;-46,32850893;"SPRF-MG";"DEL16-MG";"UOP03-DEL16-MG"
550063;2023-09-21;"quinta-feira";"15:15:00";"MG";40;730,4;"OLIVEIRA FORTES";"Reação tardia ou ineficiente do condutor";"Tombamento";"Com Vítimas Feridas";"Pleno dia";"Crescente";"Céu Claro";"Dupla";"Curva;Declive";"Não";2;0;1;0;0;1;1;2;-21,33378994;-43,5866212;"SPRF-MG";"DEL05-MG";"UOP01-DEL05-MG"
550073;2023-09-21;"quinta-feira";"15:10:00";"MG";381;940;"EXTREMA";"Reação tardia ou ineficiente do condutor";"Engavetamento";"Com Vítimas Feridas";"Pleno dia";"Crescente";"Céu Claro";"Dupla";"Reta";"Não";4;0;2;0;1;2;2;5;-22,85421396;-46,33740277;"SPRF-MG";"DEL16-MG";"UOP03-DEL16-MG"
550074;2023-09-21;"quinta-feira";"11:40:00";"MA";316;542;"CAXIAS";"Demais falhas mecânicas ou elétricas";"Incêndio";"Sem Vítimas";"Pleno dia";"Decrescente";"Céu Claro";"Simples";"Reta";"Não";3;0;0;0;2;1;0;2;-4,8605;-43,428078;"SPRF-MA";"DEL03-MA";"UOP02-DEL03-MA"
550076;2023-09-21;"quinta-feira";"15:00:00";"SC";101;35;"JOINVILLE";"Condutor deixou de manter distância do veículo da frente";"Colisão traseira";"Com Vítimas Feridas";"Pleno dia";"Decrescente";"Céu Claro";"Dupla";"Reta";"Sim";2;0;1;0;1;0;1;2;-26,2411301;-48,91227415;"SPRF-SC";"DEL03-SC";"UOP01-DEL03-SC"
550078;2023-09-21;"quinta-feira";"15:10:00";"RJ";116;300,1;"PORTO REAL";"Pedestre andava na pista";"Colisão lateral mesmo sentido";"Com Vítimas Fatais";"Pleno dia";"Crescente";"Céu Claro";"Simples";"Reta";"Não";3;1;1;0;0;1;1;3;-22,45223481;-44,35432502;"SPRF-RJ";"DEL07-RJ";"UOP02-DEL07-RJ"
550081;2023-09-21;"quinta-feira";"14:10:00";"MG";116;97,5;"MEDINA";"Demais falhas mecânicas ou elétricas";"Tombamento";"Com Vítimas Feridas";"Pleno dia";"Crescente";"Sol";"Simples";"Declive;Reta";"Não";1;0;0;1;0;0;1;1;-16,41007208;-41,47875196;"SPRF-MG";"DEL11-MG";"UOP02-DEL11-MG"
550083;2023-09-21;"quinta-feira";"11:30:00";"MT";364;134;"PEDRA PRETA";"Reação tardia ou ineficiente do condutor";"Tombamento";"Com Vítimas Feridas";"Pleno dia";"Crescente";"Céu Claro";"Simples";"Curva;Declive";"Não";2;0;1;0;0;2;1;3;-16,786118;-54,167498;"SPRF-MT";"DEL02-MT";"UOP01-DEL02-MT"
550089;2023-09-21;"quinta-feira";"09:00:00";"PA";158;594;"REDENCAO";"Reação tardia ou ineficiente do condutor";"Colisão traseira";"Com Vítimas Feridas";"Pleno dia";"Crescente";"Ignorado";"Simples";"Reta";"Não";4;0;3;0;0;1;3;4;-8,03445281;-50,07672397;"SPRF-PA";"DEL03-PA";"UOP01-DEL03-PA"
550092;2023-09-21;"quinta-feira";"12:20:00";"MT";364;349,7;"SANTO ANTONIO DO LEVERGER";"Reação tardia ou ineficiente do condutor";"Tombamento";"Com Vítimas Feridas";"Pleno dia";"Crescente";"Céu Claro";"Dupla";"Curva;Declive";"Não";4;0;0;3;0;3;3;4;-15,80502622;-55,5546431;"SPRF-MT";"DEL05-MT";"UOP02-DEL05-MT"
550094;2023-09-21;"quinta-feira";"17:50:00";"BA";324;512,9;"FEIRA DE SANTANA";"Acessar a via sem observar a presença dos outros veículos";"Colisão lateral mesmo sentido";"Sem Vítimas";"Plena Noite";"Crescente";"Céu Claro";"Múltipla";"Reta";"Sim";4;0;0;0;3;1;0;3;-12,232;-38,9543;"SPRF-BA";"DEL02-BA";"UOP01-DEL02-BA"
550095;2023-09-21;"quinta-feira";"17:55:00";"MG";381;493;"BETIM";"Trafegar com motocicleta (ou similar) entre as faixas";"Colisão lateral mesmo sentido";"Com Vítimas Feridas";"Anoitecer";"Decrescente";"Céu Claro";"Múltipla";"Reta;Aclive";"Não";5;0;1;0;2;2;1;4;-19,97670801;-44,19962698;"SPRF-MG";"DEL04-MG";"UOP03-DEL04-MG"
550098;2023-09-21;"quinta-feira";"17:00:00";"MS";60;515,8;"NIOAQUE";"Ausência de reação do condutor";"Colisão lateral mesmo sentido";"Com Vítimas Feridas";"Pleno dia";"Crescente";"Céu Claro";"Simples";"Declive;Curva";"Não";3;0;0;1;1;2;1;4;-21,17732695;-55,628235;"SPRF-MS";"DEL05-MS";"UOP01-DEL05-MS"
550099;2023-09-21;"quinta-feira";"14:10:00";"PR";369;507;"CASCAVEL";"Transitar na contramão";"Colisão frontal";"Com Vítimas Fatais";"Pleno dia";"Crescente";"Céu Claro";"Simples";"Reta";"Não";3;1;0;0;1;1;0;3;-24,871841;-53,342274;"SPRF-PR";"DEL04-PR";"UOP03-DEL04-PR"
550105;2023-09-21;"quinta-feira";"16:20:00";"SC";280;7,5;"SAO FRANCISCO DO SUL";"Demais falhas mecânicas ou elétricas";"Tombamento";"Sem Vítimas";"Pleno dia";"Crescente";"Céu Claro";"Simples";"Reta";"Sim";2;0;0;0;1;1;0;2;-26,275297;-48,644104;"SPRF-SC";"DEL03-SC";"UOP03-DEL03-SC"
550110;2023-09-21;"quinta-feira";"17:30:00";"MS";163;374;"NOVA ALVORADA DO SUL";"Manobra de mudança de faixa";"Colisão lateral mesmo sentido";"Com Vítimas Feridas";"Anoitecer";"Crescente";"Céu Claro";"Simples";"Aclive";"Não";3;0;1;0;1;4;1;6;-21,39332793;-54,40779977;"SPRF-MS";"DEL02-MS";"UOP01-DEL02-MS"
550111;2023-09-21;"quinta-feira";"18:30:00";"RO";364;237,4;"CACOAL";"Desrespeitar a preferência no cruzamento";"Colisão transversal";"Sem Vítimas";"Anoitecer";"Crescente";"Céu Claro";"Simples";"Interseção de Vias;Declive;Reta";"Sim";3;0;0;0;3;0;0;2;-11,440636;-61,451274;"SPRF-RO";"DEL02-RO";"UOP02-DEL02-RO"
550121;2023-09-21;"quinta-feira";"18:35:00";"RS";290;55;"GLORINHA";"Manobra de mudança de faixa";"Colisão traseira";"Sem Vítimas";"Plena Noite";"Decrescente";"Nublado";"Dupla";"Reta";"Não";3;0;0;0;2;1;0;3;-29,913401;-50,808426;"SPRF-RS";"DEL03-RS";"UOP01-DEL03-RS"
550124;2023-09-21;"quinta-feira";"19:00:00";"PR";277;146;"PORTO AMAZONAS";"Condutor deixou de manter distância do veículo da frente";"Engavetamento";"Com Vítimas Feridas";"Plena Noite";"Crescente";"Nublado";"Simples";"Declive";"Não";6;0;1;0;3;3;1;6;-25,47332868;-49,81987864;"SPRF-PR";"DEL03-PR";"UOP03-DEL03-PR"
550126;2023-09-21;"quinta-feira";"18:00:00";"RJ";101;15,9;"CAMPOS DOS GOYTACAZES";"Ultrapassagem Indevida";"Colisão lateral mesmo sentido";"Com Vítimas Feridas";"Plena Noite";"Crescente";"Céu Claro";"Simples";"Reta";"Não";6;0;1;0;4;1;1;3;-21,34132801;-41,33552699;"SPRF-RJ";"DEL08-RJ";"UOP01-DEL08-RJ"
550131;2023-09-21;"quinta-feira";"20:50:00";"MG";40;581,7;"ITABIRITO";"Manobra de mudança de faixa";"Colisão lateral mesmo sentido";"Sem Vítimas";"Plena Noite";"Crescente";"Céu Claro";"Simples";"Reta";"Não";2;0;0;0;2;0;0;2;-20,30234388;-43,93887077;"SPRF-MG";"DEL01-MG";"UOP02-DEL01-MG"
550132;2023-09-21;"quinta-feira";"20:00:00";"MG";381;532;"ITATIAIUCU";"Velocidade Incompatível";"Colisão traseira";"Com Vítimas Feridas";"Plena Noite";"Decrescente";"Céu Claro";"Dupla";"Reta";"Não";4;0;1;0;2;2;1;5;-20,1904316;-44,38268793;"SPRF-MG";"DEL04-MG";"UOP03-DEL04-MG"
550139;2023-09-21;"quinta-feira";"18:20:00";"MT";364;358;"SANTO ANTONIO DO LEVERGER";"Demais falhas mecânicas ou elétricas";"Incêndio";"Sem Vítimas";"Pleno dia";"Crescente";"Céu Claro";"Dupla";"Reta";"Não";2;0;0;0;1;1;0;2;-15,77787608;-55,6140231;"SPRF-MT";"DEL05-MT";"UOP02-DEL05-MT"
550141;2023-09-16;"sábado";"05:50:00";"MT";163;721;"SORRISO";"Ingestão de álcool pelo condutor";"Colisão frontal";"Sem Vítimas";"Pleno dia";"Crescente";"Céu Claro";"Simples";"Reta";"Não";3;0;0;0;2;3;0;5;-12,804918;-55,831972;"SPRF-MT";"DEL06-MT";"UOP01-DEL06-MT"
550142;2023-09-21;"quinta-feira";"21:20:00";"RJ";101;326;"NITEROI";"Condutor deixou de manter distância do veículo da frente";"Colisão traseira";"Com Vítimas Feridas";"Plena Noite";"Crescente";"Céu Claro";"Simples";"Reta;Ponte";"Sim";3;0;2;0;1;0;2;2;-22,871256;-43,153767;"SPRF-RJ";"DEL02-RJ";"UOP01-DEL02-RJ"