"id";"data_inversa";"dia_semana";"horario";"uf";"br";"km";"municipio";"causa_acidente";"tipo_acidente";"classificacao_acidente";"fase_dia";"sentido_via";"condicao_metereologica";"tipo_pista";"tracado_via";"uso_solo";"pessoas";"mortos";"feridos_leves";"feridos_graves";"ilesos";"ignorados";"feridos";"veiculos";"latitude";"longitude";"regional";"delegacia";"uop"
550145;2023-09-21;"quinta-feira";"17:00:00";"MG";381;524;"BRUMADINHO";"Velocidade Incompatível";"Tombamento";"Com Vítimas Feridas";"Pleno dia";"Crescente";"Sol";"Dupla";"Curva;Declive";"Não";2;0;1;0;0;1;1;2;-20,161793;-44,32994771;"SPRF-MG";"DEL04-MG";"UOP03-DEL04-MG"
550148;2023-09-21;"quinta-feira";"13:45:00";"MG";50;206;"DELTA";"Velocidade Incompatível";"Colisão traseira";"Com Vítimas Feridas";"Pleno dia";"Decrescente";"Céu Claro";"Dupla";"Reta";"Não";5;0;2;0;2;1;2;3;-19,92627147;-47,82191068;"SPRF-MG";"DEL13-MG";"UOP01-DEL13-MG"
550151;2023-09-21;"quinta-feira";"23:00:00";"SP";116;216;"GUARULHOS";"Manobra de mudança de faixa";"Colisão lateral mesmo sentido";"Com Vítimas Feridas";"Plena Noite";"Crescente";"Nublado";"Múltipla";"Reta";"Não";2;0;1;0;0;1;1;2;-23,44695693;-46,45394103;"SPRF-SP";"DEL01-SP";"UOP01-DEL01-SP"
550154;2023-09-21;"quinta-feira";"22:00:00";"SC";116;107,7;"MONTE CASTELO";"Ausência de reação do condutor";"Tombamento";"Com Vítimas Feridas";"Plena Noite";"Decrescente";"Céu Claro";"Simples";"Curva;Declive";"Não";2;0;1;0;0;1;1;2;-26,75568818;-50,32812388;"SPRF-SC";"DEL06-SC";"UOP02-DEL06-SC"
550156;2023-09-22;"sexta-feira";"00:10:00";"BA";101;948;"MUCURI";"Manobra de mudança de faixa";"Colisão frontal";"Com Vítimas Feridas";"Plena Noite";"Decrescente";"Céu Claro";"Simples";"Curva";"Não";3;0;1;0;1;2;1;4;-18,16840196;-39,91873914;"SPRF-BA";"DEL09-BA";"UOP02-DEL09-BA"
550158;2023-09-21;"quinta-feira";"21:00:00";"PE";101;30;"ITAPISSUMA";"Condutor deixou de manter distância do veículo da frente";"Colisão traseira";"Com Vítimas Feridas";"Plena Noite";"Decrescente";"Ignorado";"Dupla";"Aclive";"Não";2;0;1;0;1;0;1;2;-7,73816195;-34,94265811;"SPRF-PE";"DEL01-PE";"UOP02-DEL01-PE"
550160;2023-09-21;"quinta-feira";"23:15:00";"SC";101;431,5;"SOMBRIO";"Manobra de mudança de faixa";"Colisão lateral mesmo sentido";"Com Vítimas Feridas";"Plena Noite";"Crescente";"Céu Claro";"Múltipla";"Reta";"Não";6;0;3;1;1;2;4;4;-29,075452;-49,627866;"SPRF-SC";"DEL02-SC";"UOP02-DEL02-SC"
550163;2023-09-21;"quinta-feira";"20:45:00";"GO";251;33,7;"CRISTALINA";"Deficiência do Sistema de Iluminação/Sinalização";"Colisão traseira";"Com Vítimas Fatais";"Plena Noite";"Decrescente";"Céu Claro";"Dupla";"Reta";"Não";3;1;0;1;1;0;1;2;-16,0507626;-47,53715515;"SPRF-DF";"DEL01-DF";"UOP01-DEL01-DF"
550168;2023-09-22;"sexta-feira";"03:30:00";"PR";369;453;"UBIRATA";"Ingestão de álcool pelo condutor";"Colisão frontal";"Com Vítimas Feridas";"Plena Noite";"Crescente";"Céu Claro";"Simples";"Declive;Reta";"Não";3;0;1;0;2;0;1;3;-24,55165135;-53,02817345;"SPRF-PR";"DEL04-PR";"UOP03-DEL04-PR"
550170;2023-09-22;"sexta-feira";"05:42:00";"MG";40;406;"CURVELO";"Demais falhas mecânicas ou elétricas";"Incêndio";"Sem Vítimas";"Amanhecer";"Crescente";"Céu Claro";"Simples";"Aclive;Reta";"Não";1;0;0;0;1;0;0;1;-19,08328705;-44,65463133;"SPRF-MG";"DEL02-MG";"UOP01-DEL02-MG"
550171;2023-09-22;"sexta-feira";"05:40:00";"MG";40;530,8;"BELO HORIZONTE";"Velocidade Incompatível";"Tombamento";"Com Vítimas Feridas";"Pleno dia";"Crescente";"Céu Claro";"Dupla";"Curva;Interseção de Vias;Retorno Regulamentado;Declive";"Sim";1;0;1;0;0;0;1;1;-19,91965786;-44,02592009;"SPRF-MG";"DEL01-MG";"UOP02-DEL01-MG"
550176;2023-09-22;"sexta-feira";"06:40:00";"PR";476;162,5;"ARAUCARIA";"Manobra de mudança de faixa";"Colisão lateral mesmo sentido";"Com Vítimas Feridas";"Pleno dia";"Decrescente";"Sol";"Simples";"Reta;Declive";"Não";2;0;1;0;1;0;1;2;-25,627626;-49,454449;"SPRF-PR";"DEL01-PR";"UOP06-DEL01-PR"
550192;2023-09-22;"sexta-feira";"07:30:00";"MG";116;276,1;"TEOFILO OTONI";"Condutor deixou de manter distância do veículo da frente";"Colisão traseira";"Com Vítimas Feridas";"Pleno dia";"Decrescente";"Céu Claro";"Dupla";"Reta";"Não";2;0;1;0;1;0;1;2;-17,85105696;-41,51454492;"SPRF-MG";"DEL11-MG";"UOP01-DEL11-MG"
550203;2023-09-22;"sexta-feira";"09:30:00";"SP";381;89,6;"GUARULHOS";"Manobra de mudança de faixa";"Colisão lateral mesmo sentido";"Com Vítimas Feridas";"Pleno dia";"Crescente";"Céu Claro";"Dupla";"Reta";"Não";3;0;1;0;1;1;1;3;-23,492959;-46,559422;"SPRF-SP";"DEL03-SP";"UOP01-DEL03-SP"
550210;2023-09-22;"sexta-feira";"09:00:00";"MT";163;844;"SINOP";"Acessar a via sem observar a presença dos outros veículos";"Colisão frontal";"Com Vítimas Feridas";"Pleno dia";"Crescente";"Céu Claro";"Simples";"Interseção de Vias;Reta";"Sim";4;0;0;1;2;3;1;5;-11,77783834;-55,47355413;"SPRF-MT";"DEL06-MT";"UOP02-DEL06-MT"
550212;2023-09-22;"sexta-feira";"09:30:00";"SP";116;219;"GUARULHOS";"Ausência de reação do condutor";"Colisão traseira";"Com Vítimas Feridas";"Pleno dia";"Crescente";"Sol";"Múltipla";"Curva;Aclive";"Sim";4;0;1;0;2;1;1;3;-23,46143954;-46,48885316;"SPRF-SP";"DEL01-SP";"UOP01-DEL01-SP"
550213;2023-09-22;"sexta-feira";"11:00:00";"MG";251;218;"CACHOEIRA DE PAJEU";"Transitar na contramão";"Colisão frontal";"Com Vítimas Feridas";"Pleno dia";"Crescente";"Sol";"Simples";"Reta";"Não";3;0;2;0;1;0;2;2;-15,91791797;-41,59089088;"SPRF-MG";"DEL12-MG";"UOP02-DEL12-MG"
550214;2023-09-22;"sexta-feira";"11:30:00";"AL";104;87,7;"RIO LARGO";"Condutor deixou de manter distância do veículo da frente";"Colisão traseira";"Sem Vítimas";"Pleno dia";"Crescente";"Nublado";"Dupla";"Reta";"Sim";3;0;0;0;3;0;0;3;-9,47532901;-35,82160002;"SPRF-AL";"DEL01-AL";"UOP01-DEL01-AL"
550217;2023-09-22;"sexta-feira";"10:35:00";"MG";381;938,4;"EXTREMA";"Velocidade Incompatível";"Colisão traseira";"Com Vítimas Feridas";"Pleno dia";"Decrescente";"Céu Claro";"Dupla";"Curva";"Não";4;0;2;0;2;0;2;2;-22,8171787;-46,29341483;"SPRF-MG";"DEL16-MG";"UOP03-DEL16-MG"
550218;2023-09-22;"sexta-feira";"11:30:00";"MG";40;576;"ITABIRITO";"Reação tardia ou ineficiente do condutor";"Colisão traseira";"Com Vítimas Feridas";"Pleno dia";"Crescente";"Céu Claro";"Simples";"Reta";"Não";3;0;1;0;1;1;1;3;-20,26485707;-43,9573481;"SPRF-MG";"DEL01-MG";"UOP02-DEL01-MG"
550219;2023-09-22;"sexta-feira";"12:20:00";"MG";381;496,9;"BETIM";"Ausência de reação do condutor";"Colisão com objeto";"Com Vítimas Feridas";"Pleno dia";"Crescente";"Sol";"Múltipla";"Curva;Declive";"Sim";3;0;1;2;0;0;3;1;-19,97717039;-44,19984341;"SPRF-MG";"DEL04-MG";"UOP03-DEL04-MG"
550220;2023-09-22;"sexta-feira";"10:05:00";"BA";101;738,9;"ITABELA";"Reação tardia ou ineficiente do condutor";"Saída de leito carroçável";"Com Vítimas Feridas";"Pleno dia";"Decrescente";"Céu Claro";"Simples";"Curva;Declive";"Não";2;0;0;2;0;0;2;1;-16,532665;-39,566543;"SPRF-BA";"DEL09-BA";"UOP01-DEL09-BA"
550221;2023-08-09;"quarta-feira";"14:00:00";"ES";101;4,3;"ICONHA";"Mal súbito do condutor";"Colisão com objeto";"Com Vítimas Feridas";"Pleno dia";"Crescente";"Nublado";"Dupla";"Reta";"Não";2;0;0;1;0;1;1;2;-20,80329942;-40,81558228;"SPRF-ES";"DEL03-ES";"UOP01-DEL03-ES"
550231;2023-09-22;"sexta-feira";"13:40:00";"PR";277;25;"MORRETES";"Reação tardia ou ineficiente do condutor";"Engavetamento";"Com Vítimas Feridas";"Pleno dia";"Crescente";"Garoa/Chuvisco";"Dupla";"Reta";"Não";12;0;5;0;5;3;5;10;-25,5343724;-48,70654307;"SPRF-PR";"DEL01-PR";"UOP05-DEL01-PR"
550234;2023-09-22;"sexta-feira";"14:00:00";"RN";406;168;"SAO GONCALO DO AMARANTE";"Acessar a via sem observar a presença dos outros veículos";"Colisão transversal";"Sem Vítimas";"Pleno dia";"Decrescente";"Sol";"Dupla";"Reta";"Sim";3;0;0;0;2;1;0;3;-5,753388;-35,312827;"SPRF-RN";"DEL02-RN";"UOP01-DEL02-RN"
550235;2023-09-22;"sexta-feira";"14:25:00";"SC";116;5;"MAFRA";"Ausência de reação do condutor";"Colisão traseira";"Com Vítimas Feridas";"Pleno dia";"Crescente";"Céu Claro";"Simples";"Reta";"Sim";2;0;1;0;1;0;1;2;-26,14094396;-49,81508303;"SPRF-SC";"DEL06-SC";"UOP01-DEL06-SC"
550237;2023-09-22;"sexta-feira";"13:55:00";"PR";376;15,4;"MARINGA";"Reação tardia ou ineficiente do condutor";"Tombamento";"Com Vítimas Feridas";"Pleno dia";"Decrescente";"Céu Claro";"Dupla";"Curva";"Sim";2;0;1;0;0;2;1;3;-23,4273;-51,9375;"SPRF-PR";"DEL09-PR";"UOP01-DEL09-PR"
550238;2023-09-22;"sexta-feira";"15:00:00";"BA";324;5;"FEIRA DE SANTANA";"Acessar a via sem observar a presença dos outros veículos";"Colisão transversal";"Com Vítimas Feridas";"Pleno dia";"Crescente";"Céu Claro";"Dupla";"Reta;Declive";"Sim";4;0;1;1;1;2;2;4;-12,267113;-38,966988;"SPRF-BA";"DEL02-BA";"UOP01-DEL02-BA"
550240;2023-09-22;"sexta-feira";"14:05:00";"AL";316;251,2;"PILAR";"Desrespeitar a preferência no cruzamento";"Colisão lateral mesmo sentido";"Com Vítimas Feridas";"Pleno dia";"Decrescente";"Céu Claro";"Simples";"Interseção de Vias";"Não";4;0;1;1;1;1;2;3;-9,56369581;-35,97111969;"SPRF-AL";"DEL01-AL";"UOP01-DEL01-AL"
550246;2023-09-22;"sexta-feira";"12:30:00";"GO";60;423;"RIO VERDE";"Condutor Dormindo";"Colisão traseira";"Com Vítimas Feridas";"Pleno dia";"Decrescente";"Céu Claro";"Dupla";"Reta;Aclive";"Não";3;0;1;0;1;2;1;4;-17,814;-51,2659;"SPRF-GO";"DEL04-GO";"UOP02-DEL04-GO"
550266;2023-09-22;"sexta-feira";"11:10:00";"BA";242;290;"LAJEDINHO";"Velocidade Incompatível";"Eventos atípicos";"Sem Vítimas";"Pleno dia";"Crescente";"Céu Claro";"Simples";"Curva";"Não";2;0;0;0;1;3;0;4;-12,44188944;-40,80808524;"SPRF-BA";"DEL06-BA";"UOP02-DEL06-BA"
550268;2023-09-19;"terça-feira";"03:15:00";"PR";163;319;"GUAIRA";"Reação tardia ou ineficiente do condutor";"Saída de leito carroçável";"Sem Vítimas";"Plena Noite";"Crescente";"Céu Claro";"Simples";"Reta;Declive";"Não";1;0;0;0;0;1;0;1;-24,35318399;-54,14934204;"SPRF-PR";"DEL06-PR";"UOP01-DEL06-PR"
550274;2023-08-26;"sábado";"14:30:00";"RN";405;142;"SAO FRANCISCO DO OESTE";"Pista esburacada";"Colisão lateral mesmo sentido";"Com Vítimas Fatais";"Pleno dia";"Decrescente";"Céu Claro";"Simples";"Reta";"Não";2;1;0;0;1;0;0;2;-6,03641304;-38,19399888;"SPRF-RN";"DEL04-RN";"UOP02-DEL04-RN"
550280;2023-09-22;"sexta-feira";"18:00:00";"PB";230;175,8;"CAMPINA GRANDE";"Ultrapassagem Indevida";"Colisão frontal";"Com Vítimas Fatais";"Plena Noite";"Decrescente";"Céu Claro";"Simples";"Reta;Em Obras;Aclive";"Não";3;2;0;0;1;0;0;2;-7,1775;-36,0247;"SPRF-PB";"DEL02-PB";"UOP02-DEL02-PB"
550283;2023-09-22;"sexta-feira";"17:45:00";"PR";163;288;"MARECHAL CANDIDO RONDON";"Ausência de reação do condutor";"Colisão traseira";"Com Vítimas Fatais";"Anoitecer";"Decrescente";"Céu Claro";"Simples";"Aclive;Reta";"Não";2;1;0;0;1;0;0;2;-24,520478;-54,068014;"SPRF-PR";"DEL06-PR";"UOP02-DEL06-PR"
550285;2023-02-06;"segunda-feira";"11:00:00";"RJ";116;130,5;"MAGE";"Ausência de reação do condutor";"Colisão com objeto";"Com Vítimas Fatais";"Pleno dia";"Decrescente";"Céu Claro";"Dupla";"Reta";"Sim";5;1;0;3;1;0;3;2;-22,65949914;-43,11671944;"SPRF-RJ";"DEL04-RJ";"UOP02-DEL04-RJ"
550288;2023-09-22;"sexta-feira";"16:50:00";"MT";163;596;"NOVA MUTUM";"Entrada inopinada do pedestre";"Atropelamento de Pedestre";"Com Vítimas Fatais";"Anoitecer";"Decrescente";"Céu Claro";"Dupla";"Reta";"Sim";2;1;0;0;1;0;0;2;-13,94323505;-56,09610157;"SPRF-MT";"DEL01-MT";"UOP01-DEL01-MT"
550290;2023-09-22;"sexta-feira";"17:20:00";"PB";230;13,2;"CABEDELO";"Condutor deixou de manter distância do veículo da frente";"Colisão traseira";"Com Vítimas Fatais";"Pleno dia";"Decrescente";"Nublado";"Dupla";"Reta";"Sim";3;1;0;0;1;1;0;3;-7,0834533;-34,84880447;"SPRF-PB";"DEL01-PB";"UOP01-DEL01-PB"
550295;2023-09-22;"sexta-feira";"20:10:00";"GO";50;242,7;"CATALAO";"Ausência de reação do condutor";"Colisão traseira";"Com Vítimas Feridas";"Plena Noite";"Crescente";"Céu Claro";"Dupla";"Aclive;Reta";"Não";2;0;0;1;0;1;1;2;-17,9009;-47,7953;"SPRF-GO";"DEL06-GO";"UOP01-DEL06-GO"
550297;2023-09-22;"sexta-feira";"19:05:00";"PB";412;27;"BOA VISTA";"Ausência de reação do condutor";"Saída de leito carroçável";"Com Vítimas Feridas";"Plena Noite";"Decrescente";"Céu Claro";"Simples";"Reta";"Não";1;0;1;0;0;0;1;1;-7,289562;-36,295708;"SPRF-PB";"DEL02-PB";"UOP02-DEL02-PB"
550299;2023-09-22;"sexta-feira";"19:30:00";"RJ";116;185;"NOVA IGUACU";"Demais falhas mecânicas ou elétricas";"Colisão lateral mesmo sentido";"Com Vítimas Feridas";"Plena Noite";"Decrescente";"Céu Claro";"Dupla";"Reta";"Não";4;0;1;0;2;1;1;3;-22,74151051;-43,45351823;"SPRF-RJ";"DEL01-RJ";"UOP02-DEL01-RJ"
550301;2023-09-22;"sexta-feira";"20:50:00";"RJ";40;75;"PETROPOLIS";"Reação tardia ou ineficiente do condutor";"Colisão frontal";"Com Vítimas Feridas";"Plena Noite";"Decrescente";"Céu Claro";"Dupla";"Curva";"Não";4;0;1;0;3;0;1;4;-22,46857126;-43,22958698;"SPRF-RJ";"DEL06-RJ";"UOP01-DEL06-RJ"
550306;2023-09-22;"sexta-feira";"16:58:00";"MT";70;381;"CAMPO VERDE";"Suicídio (presumido)";"Atropelamento de Pedestre";"Com Vítimas Fatais";"Pleno dia";"Crescente";"Céu Claro";"Simples";"Reta";"Sim";3;1;0;0;0;2;0;3;-15,52081988;-55,12450612;"SPRF-MT";"DEL05-MT";"UOP02-DEL05-MT"
550309;2023-09-22;"sexta-feira";"19:15:00";"BA";135;165;"BARREIRAS";"Demais falhas na via";"Colisão traseira";"Com Vítimas Feridas";"Plena Noite";"Decrescente";"Céu Claro";"Simples";"Reta";"Não";7;0;1;0;5;1;1;3;-12,04796112;-44,9630617;"SPRF-BA";"DEL08-BA";"UOP04-DEL08-BA"
550313;2023-09-22;"sexta-feira";"15:00:00";"BA";101;566,6;"ARATACA";"Demais falhas mecânicas ou elétricas";"Tombamento";"Com Vítimas Feridas";"Pleno dia";"Crescente";"Nublado";"Simples";"Curva;Declive";"Não";2;0;1;0;0;1;1;2;-15,3853068;-39,48541982;"SPRF-BA";"DEL05-BA";"UOP02-DEL05-BA"
550314;2023-09-22;"sexta-feira";"19:35:00";"GO";153;16;"PORANGATU";"Demais falhas mecânicas ou elétricas";"Incêndio";"Sem Vítimas";"Plena Noite";"Decrescente";"Céu Claro";"Simples";"Reta";"Não";1;0;0;0;1;0;0;1;-12,970815;-49,144413;"SPRF-GO";"DEL07-GO";"UOP01-DEL07-GO"
550317;2023-09-22;"sexta-feira";"23:00:00";"MG";153;203,7;"FRUTAL";"Condutor Dormindo";"Saída de leito carroçável";"Com Vítimas Feridas";"Plena Noite";"Crescente";"Céu Claro";"Simples";"Reta";"Não";1;0;0;1;0;0;1;1;-20,01723093;-49,04675064;"SPRF-MG";"DEL13-MG";"UOP02-DEL13-MG"
550318;2023-09-22;"sexta-feira";"17:15:00";"RS";285;330;"CARAZINHO";"Velocidade Incompatível";"Tombamento";"Com Vítimas Feridas";"Pleno dia";"Crescente";"Céu Claro";"Simples";"Curva;Declive";"Não";2;0;1;0;0;1;1;2;-28,28824;-52,713528;"SPRF-RS";"DEL08-RS";"UOP03-DEL08-RS"
550323;2023-09-22;"sexta-feira";"19:00:00";"SP";116;394;"MIRACATU";"Reação tardia ou ineficiente do condutor";"Colisão traseira";"Sem Vítimas";"Plena Noite";"Decrescente";"Céu Claro";"Dupla";"Reta";"Não";2;0;0;0;0;2;0;2;-24,28717454;-47,45143994;"SPRF-SP";"DEL04-SP";"UOP02-DEL04-SP"
550325;2023-09-22;"sexta-feira";"23:32:00";"PR";277;454;"LARANJEIRAS DO SUL";"Acesso irregular";"Colisão transversal";"Com Vítimas Feridas";"Plena Noite";"Decrescente";"Céu Claro";"Simples";"Declive;Rotatória;Reta";"Não";3;0;0;1;1;1;1;3;-25,36980336;-52,37913399;"SPRF-PR";"DEL04-PR";"UOP02-DEL04-PR"
550328;2023-09-22;"sexta-feira";"21:40:00";"MG";116;677,1;"MIRADOURO";"Condutor Dormindo";"Colisão frontal";"Com Vítimas Fatais";"Plena Noite";"Crescente";"Céu Claro";"Simples";"Reta";"Não";4;1;1;1;0;1;2;3;-20,921909;-42,338219;"SPRF-MG";"DEL07-MG";"UOP02-DEL07-MG"
550330;2023-09-23;"sábado";"01:10:00";"MG";381;631,8;"OLIVEIRA";"Velocidade Incompatível";"Tombamento";"Com Vítimas Feridas";"Plena Noite";"Crescente";"Céu Claro";"Dupla";"Curva";"Não";1;0;1;0;0;0;1;1;-20,86147692;-44,84048107;"SPRF-MG";"DEL04-MG";"UOP01-DEL04-MG"
550331;2023-09-22;"sexta-feira";"23:50:00";"RO";319;55;"PORTO VELHO";"Reação tardia ou ineficiente do condutor";"Tombamento";"Com Vítimas Feridas";"Plena Noite";"Crescente";"Céu Claro";"Simples";"Declive;Curva";"Não";2;0;1;0;0;1;1;2;-8,74359689;-63,94798279;"SPRF-RO";"DEL01-RO";"UOP01-DEL01-RO"
550335;2023-09-23;"sábado";"02:00:00";"GO";50;255;"CATALAO";"Reação tardia ou ineficiente do condutor";"Saída de leito carroçável";"Com Vítimas Fatais";"Plena Noite";"Crescente";"Céu Claro";"Dupla";"Reta;Viaduto";"Não";2;1;0;0;0;1;0;2;-18,0093;-47,8085;"SPRF-GO";"DEL06-GO";"UOP01-DEL06-GO"
550344;2023-09-23;"sábado";"05:00:00";"BA";116;283;"TUCANO";"Condutor Dormindo";"Colisão frontal";"Com Vítimas Fatais";"Amanhecer";"Crescente";"Céu Claro";"Simples";"Reta";"Não";3;1;0;1;0;1;1;3;-11,03228027;-38,82859755;"SPRF-BA";"DEL02-BA";"UOP01-DEL02-BA"
550348;2023-09-23;"sábado";"04:00:00";"AL";423;24;"CANAPI";"Ingestão de álcool ou de substâncias psicoativas pelo pedestre";"Atropelamento de Pedestre";"Com Vítimas Fatais";"Amanhecer";"Crescente";"Céu Claro";"Simples";"Reta";"Não";2;1;0;0;1;0;0;2;-9,18800386;-37,49754004;"SPRF-AL";"DEL03-AL";"UOP02-DEL03-AL"
550350;2023-09-22;"sexta-feira";"10:42:00";"RJ";116;270;"VOLTA REDONDA";"Ausência de reação do condutor";"Colisão transversal";"Com Vítimas Feridas";"Pleno dia";"Decrescente";"Céu Claro";"Dupla";"Reta";"Não";3;0;2;0;1;0;2;2;-22,56923335;-44,12024318;"SPRF-RJ";"DEL07-RJ";"UOP02-DEL07-RJ"
550351;2023-09-22;"sexta-feira";"20:40:00";"MT";364;349;"SANTO ANTONIO DO LEVERGER";"Curva acentuada";"Tombamento";"Com Vítimas Feridas";"Plena Noite";"Crescente";"Céu Claro";"Dupla";"Curva";"Não";2;0;1;0;0;1;1;2;-15,80502622;-55,5546431;"SPRF-MT";"DEL05-MT";"UOP02-DEL05-MT"
550353;2023-09-23;"sábado";"04:15:00";"MG";40;614,2;"CONGONHAS";"Acessar a via sem observar a presença dos outros veículos";"Colisão traseira";"Com Vítimas Feridas";"Amanhecer";"Crescente";"Céu Claro";"Simples";"Curva";"Sim";3;0;1;0;1;1;1;3;-20,52977973;-43,82351464;"SPRF-MG";"DEL05-MG";"UOP02-DEL05-MG"
550355;2023-09-23;"sábado";"04:50:00";"SC";116;262,8;"CAPAO ALTO";"Ausência de reação do condutor";"Colisão frontal";"Com Vítimas Feridas";"Amanhecer";"Decrescente";"Nublado";"Simples";"Curva";"Não";3;0;0;1;1;1;1;3;-27,91854079;-50,45008746;"SPRF-SC";"DEL05-SC";"UOP02-DEL05-SC"
550358;2023-09-23;"sábado";"05:30:00";"SC";470;86;"RODEIO";"Condutor Dormindo";"Colisão frontal";"Com Vítimas Feridas";"Plena Noite";"Crescente";"Céu Claro";"Simples";"Curva";"Não";2;0;2;0;0;0;2;2;-26,949951;-49,357296;"SPRF-SC";"DEL04-SC";"UOP01-DEL04-SC"
550361;2023-09-22;"sexta-feira";"21:00:00";"PR";277;123;"CAMPO LARGO";"Reação tardia ou ineficiente do condutor";"Colisão com objeto";"Com Vítimas Feridas";"Anoitecer";"Decrescente";"Céu Claro";"Dupla";"Curva";"Não";2;0;1;0;0;1;1;2;-25,462072;-49,58131677;"SPRF-PR";"DEL03-PR";"UOP03-DEL03-PR"
550362;2023-09-22;"sexta-feira";"18:40:00";"MG";365;495;"PATROCINIO";"Objeto estático sobre o leito carroçável";"Saída de leito carroçável";"Sem Vítimas";"Plena Noite";"Decrescente";"Céu Claro";"Simples";"Aclive";"Não";2;0;0;0;1;1;0;2;-18,917469;-47,203773;"SPRF-MG";"DEL10-MG";"UOP01-DEL10-MG"
550366;2023-09-22;"sexta-feira";"16:50:00";"GO";60;387,9;"RIO VERDE";"Manobra de mudança de faixa";"Colisão transversal";"Sem Vítimas";"Pleno dia";"Decrescente";"Céu Claro";"Dupla";"Reta;Declive";"Sim";5;0;0;0;3;2;0;3;-17,8098;-50,9267;"SPRF-GO";"DEL04-GO";"UOP02-DEL04-GO"
550370;2023-09-23;"sábado";"07:40:00";"SC";101;216,5;"PALHOCA";"Reação tardia ou ineficiente do condutor";"Colisão lateral mesmo sentido";"Com Vítimas Feridas";"Pleno dia";"Crescente";"Nublado";"Dupla";"Rotatória;Interseção de Vias;Viaduto";"Sim";2;0;1;0;1;0;1;2;-27,65981409;-48,67747798;"SPRF-SC";"DEL01-SC";"UOP02-DEL01-SC"
550372;2023-09-07;"quinta-feira";"19:00:00";"MG";116;9;"PEDRA AZUL";"Ausência de reação do condutor";"Colisão frontal";"Com Vítimas Feridas";"Plena Noite";"Decrescente";"Céu Claro";"Simples";"Reta;Em Obras";"Não";2;0;0;1;0;1;1;2;-15,78511;-41,34025;"SPRF-BA";"DEL08-BA";"UOP03-DEL08-BA"
550374;2023-09-23;"sábado";"05:30:00";"PR";376;675;"GUARATUBA";"Demais falhas mecânicas ou elétricas";"Saída de leito carroçável";"Com Vítimas Feridas";"Amanhecer";"Crescente";"Nublado";"Simples";"Reta";"Não";2;0;1;0;0;2;1;3;-25,91744399;-48,91940295;"SPRF-PR";"DEL01-PR";"UOP04-DEL01-PR"
550376;2023-09-23;"sábado";"07:35:00";"PR";277;106,7;"CAMPO LARGO";"Reação tardia ou ineficiente do condutor";"Tombamento";"Com Vítimas Fatais";"Pleno dia";"Crescente";"Céu Claro";"Dupla";"Reta";"Não";5;1;0;0;2;4;0;7;-25,431733;-49,42886;"SPRF-PR";"DEL03-PR";"UOP03-DEL03-PR"
550380;2023-09-23;"sábado";"07:30:00";"MT";163;959;"NOVA SANTA HELENA";"Acessar a via sem observar a presença dos outros veículos";"Colisão frontal";"Com Vítimas Feridas";"Pleno dia";"Crescente";"Nublado";"Simples";"Interseção de Vias;Reta";"Não";4;0;0;1;2;2;1;4;-10,8178785;-55,17454147;"SPRF-MT";"DEL06-MT";"UOP02-DEL06-MT"
550383;2023-09-20;"quarta-feira";"07:20:00";"RO";364;421;"JARU";"Ausência de reação do condutor";"Colisão com objeto";"Com Vítimas Feridas";"Pleno dia";"Decrescente";"Sol";"Simples";"Reta";"Sim";4;0;1;0;2;2;1;4;-10,46729967;-62,45088748;"SPRF-RO";"DEL03-RO";"UOP02-DEL03-RO"
550386;2023-09-23;"sábado";"09:55:00";"CE";116;24;"EUSEBIO";"Ausência de reação do condutor";"Colisão traseira";"Com Vítimas Feridas";"Pleno dia";"Decrescente";"Céu Claro";"Dupla";"Aclive";"Não";2;0;1;0;1;0;1;2;-3,93175901;-38,50825087;"SPRF-CE";"DEL01-CE";"UOP02-DEL01-CE"
550393;2023-09-23;"sábado";"07:00:00";"MA";10;257;"IMPERATRIZ";"Manobra de mudança de faixa";"Colisão frontal";"Com Vítimas Feridas";"Pleno dia";"Decrescente";"Céu Claro";"Simples";"Reta";"Sim";3;0;0;1;1;1;1;3;-5,490634;-47,471973;"SPRF-MA";"DEL04-MA";"UOP01-DEL04-MA"
550398;2023-09-23;"sábado";"09:00:00";"RS";158;263,9;"JULIO DE CASTILHOS";"Demais falhas mecânicas ou elétricas";"Tombamento";"Com Vítimas Feridas";"Pleno dia";"Decrescente";"Sol";"Simples";"Declive;Reta";"Não";2;0;1;0;0;1;1;2;-29,22989896;-53,66607575;"SPRF-RS";"DEL10-RS";"UOP02-DEL10-RS"
550403;2023-09-23;"sábado";"11:07:00";"MG";381;934,3;"EXTREMA";"Carga excessiva e/ou mal acondicionada";"Tombamento";"Com Vítimas Feridas";"Pleno dia";"Decrescente";"Céu Claro";"Dupla";"Declive;Curva";"Não";2;0;1;0;0;2;1;3;-22,80471537;-46,25992256;"SPRF-MG";"DEL16-MG";"UOP03-DEL16-MG"
550412;2023-09-23;"sábado";"13:30:00";"MG";40;617,7;"CONGONHAS";"Ausência de reação do condutor";"Colisão traseira";"Com Vítimas Feridas";"Pleno dia";"Crescente";"Céu Claro";"Simples";"Reta";"Não";3;0;1;0;1;1;1;3;-20,564274;-43,811663;"SPRF-MG";"DEL05-MG";"UOP02-DEL05-MG"
550413;2023-09-23;"sábado";"13:30:00";"SC";470;114;"IBIRAMA";"Ultrapassagem Indevida";"Colisão lateral mesmo sentido";"Com Vítimas Feridas";"Pleno dia";"Crescente";"Céu Claro";"Simples";"Reta";"Não";4;0;1;0;2;1;1;4;-27,086386;-49,478001;"SPRF-SC";"DEL04-SC";"UOP02-DEL04-SC"