"id";"data_inversa";"dia_semana";"horario";"uf";"br";"km";"municipio";"causa_acidente";"tipo_acidente";"classificacao_acidente";"fase_dia";"sentido_via";"condicao_metereologica";"tipo_pista";"tracado_via";"uso_solo";"pessoas";"mortos";"feridos_leves";"feridos_graves";"ilesos";"ignorados";"feridos";"veiculos";"latitude";"longitude";"regional";"delegacia";"uop"
550415;2023-09-23;"sábado";"10:20:00";"MA";316;528,7;"CAXIAS";"Manobra de mudança de faixa";"Colisão lateral sentido oposto";"Com Vítimas Feridas";"Pleno dia";"Decrescente";"Céu Claro";"Simples";"Reta";"Não";5;0;2;1;1;1;3;3;-4,814452;-43,544891;"SPRF-MA";"DEL03-MA";"UOP02-DEL03-MA"
550420;2023-09-23;"sábado";"10:30:00";"BA";242;352;"LENCOIS";"Manobra de mudança de faixa";"Colisão transversal";"Com Vítimas Feridas";"Pleno dia";"Crescente";"Céu Claro";"Simples";"Aclive;Curva";"Não";6;0;1;0;4;1;1;3;-12,49857081;-41,33159186;"SPRF-BA";"DEL06-BA";"UOP01-DEL06-BA"
550427;2023-09-23;"sábado";"13:50:00";"PR";153;371;"RIO AZUL";"Condutor Dormindo";"Saída de leito carroçável";"Com Vítimas Feridas";"Pleno dia";"Crescente";"Céu Claro";"Simples";"Curva";"Não";2;0;1;0;0;2;1;3;-25,741168;-50,80901;"SPRF-PR";"DEL08-PR";"UOP02-DEL08-PR"
550428;2023-09-23;"sábado";"15:05:00";"PE";104;135,9;"QUIPAPA";"Condutor Dormindo";"Capotamento";"Com Vítimas Feridas";"Pleno dia";"Decrescente";"Sol";"Simples";"Curva;Ponte;Declive";"Não";2;0;0;1;0;1;1;2;-8,809525;-36,012314;"SPRF-PE";"DEL02-PE";"UOP03-DEL02-PE"
550436;2023-09-23;"sábado";"11:05:00";"RO";364;512;"ARIQUEMES";"Entrada inopinada do pedestre";"Atropelamento de Pedestre";"Com Vítimas Fatais";"Pleno dia";"Crescente";"Sol";"Simples";"Reta";"Não";3;1;0;0;1;1;0;2;-9,95093501;-63,05095013;"SPRF-RO";"DEL03-RO";"UOP01-DEL03-RO"
550437;2023-09-23;"sábado";"14:30:00";"PR";277;37;"MORRETES";"Reação tardia ou ineficiente do condutor";"Saída de leito carroçável";"Com Vítimas Feridas";"Pleno dia";"Crescente";"Céu Claro";"Dupla";"Reta;Aclive";"Não";2;0;1;0;0;1;1;2;-25,574651;-48,849016;"SPRF-PR";"DEL01-PR";"UOP05-DEL01-PR"
550439;2023-09-23;"sábado";"15:10:00";"CE";222;22;"CAUCAIA";"Ultrapassagem Indevida";"Colisão frontal";"Com Vítimas Feridas";"Pleno dia";"Crescente";"Céu Claro";"Simples";"Curva";"Sim";3;0;3;0;0;0;3;2;-3,73348986;-38,75032425;"SPRF-CE";"DEL01-CE";"UOP01-DEL01-CE"
550443;2023-09-23;"sábado";"15:20:00";"GO";20;202,8;"POSSE";"Velocidade Incompatível";"Saída de leito carroçável";"Com Vítimas Feridas";"Pleno dia";"Decrescente";"Sol";"Simples";"Reta";"Não";4;0;1;1;1;1;2;3;-14,298611;-46,444744;"SPRF-DF";"DEL02-DF";"UOP03-DEL02-DF"
550453;2023-09-23;"sábado";"16:25:00";"SC";101;37,7;"JOINVILLE";"Transitar no Acostamento";"Colisão lateral mesmo sentido";"Sem Vítimas";"Pleno dia";"Crescente";"Nublado";"Dupla";"Aclive;Reta";"Não";3;0;0;0;2;1;0;3;-26,25050176;-48,90863867;"SPRF-SC";"DEL03-SC";"UOP01-DEL03-SC"
550455;2023-09-15;"sexta-feira";"14:00:00";"MT";163;1088;"GUARANTA DO NORTE";"Demais falhas mecânicas ou elétricas";"Incêndio";"Sem Vítimas";"Pleno dia";"Crescente";"Céu Claro";"Simples";"Reta";"Não";2;0;0;0;1;3;0;4;-9,76324726;-54,89726728;"SPRF-MT";"DEL06-MT";"UOP03-DEL06-MT"
550456;2023-09-23;"sábado";"16:40:00";"MG";365;495;"PATROCINIO";"Reação tardia ou ineficiente do condutor";"Colisão traseira";"Com Vítimas Feridas";"Pleno dia";"Crescente";"Céu Claro";"Simples";"Reta;Declive";"Não";4;0;1;0;1;2;1;4;-18,917469;-47,203773;"SPRF-MG";"DEL10-MG";"UOP01-DEL10-MG"
550457;2023-09-23;"sábado";"17:00:00";"BA";242;904;"LUIS EDUARDO MAGALHAES";"Acessar a via sem observar a presença dos outros veículos";"Colisão transversal";"Com Vítimas Feridas";"Anoitecer";"Crescente";"Céu Claro";"Simples";"Interseção de Vias";"Não";5;0;2;0;2;3;2;5;-12,1147669;-45,97218079;"SPRF-BA";"DEL10-BA";"UOP01-DEL10-BA"
550458;2023-09-23;"sábado";"15:00:00";"MA";226;32;"TIMON";"Transitar na contramão";"Colisão frontal";"Com Vítimas Feridas";"Pleno dia";"Crescente";"Céu Claro";"Simples";"Reta";"Não";2;0;0;1;1;0;1;2;-5,0970742;-43,03277537;"SPRF-MA";"DEL03-MA";"UOP02-DEL03-MA"
550463;2023-09-23;"sábado";"17:35:00";"BA";110;346;"ALAGOINHAS";"Ultrapassagem Indevida";"Colisão lateral sentido oposto";"Com Vítimas Feridas";"Pleno dia";"Crescente";"Céu Claro";"Simples";"Curva";"Sim";6;0;3;0;3;0;3;3;-12,25680114;-38,38744515;"SPRF-BA";"DEL01-BA";"UOP04-DEL01-BA"
550464;2023-09-23;"sábado";"16:00:00";"MG";116;607,5;"SAO JOAO DO MANHUACU";"Transitar na contramão";"Colisão transversal";"Com Vítimas Feridas";"Pleno dia";"Crescente";"Sol";"Simples";"Reta";"Não";3;0;1;0;1;2;1;4;-20,40319073;-42,15115808;"SPRF-MG";"DEL06-MG";"UOP03-DEL06-MG"
550469;2023-09-23;"sábado";"14:30:00";"BA";101;443;"UBAITABA";"Manobra de mudança de faixa";"Colisão transversal";"Com Vítimas Feridas";"Pleno dia";"Crescente";"Céu Claro";"Simples";"Reta";"Não";3;0;0;1;1;1;1;3;-14,306856;-39,322784;"SPRF-BA";"DEL05-BA";"UOP01-DEL05-BA"
550470;2023-09-23;"sábado";"17:05:00";"MG";40;479,6;"SETE LAGOAS";"Acessar a via sem observar a presença dos outros veículos";"Saída de leito carroçável";"Com Vítimas Feridas";"Pleno dia";"Decrescente";"Céu Claro";"Dupla";"Declive;Reta";"Não";6;0;1;0;2;3;1;4;-19,53989533;-44,25157428;"SPRF-MG";"DEL02-MG";"UOP01-DEL02-MG"
550472;2023-09-23;"sábado";"16:58:00";"MG";381;659,8;"SANTO ANTONIO DO AMPARO";"Ausência de reação do condutor";"Colisão com objeto";"Com Vítimas Feridas";"Pleno dia";"Decrescente";"Céu Claro";"Dupla";"Reta;Declive";"Não";2;0;1;0;0;1;1;2;-21,04169602;-45,0008111;"SPRF-MG";"DEL04-MG";"UOP02-DEL04-MG"
550474;2023-09-23;"sábado";"18:30:00";"SC";470;142;"RIO DO SUL";"Acesso irregular";"Colisão frontal";"Com Vítimas Feridas";"Plena Noite";"Crescente";"Céu Claro";"Simples";"Reta";"Sim";5;0;3;0;1;1;3;3;-27,229801;-49,6693;"SPRF-SC";"DEL04-SC";"UOP02-DEL04-SC"
550480;2023-09-23;"sábado";"18:30:00";"TO";242;427;"FORMOSO DO ARAGUAIA";"Ausência de reação do condutor";"Colisão traseira";"Com Vítimas Feridas";"Anoitecer";"Crescente";"Céu Claro";"Simples";"Reta";"Não";3;0;0;1;1;1;1;3;-11,91182412;-49,3362183;"SPRF-TO";"DEL01-TO";"UOP02-DEL01-TO"
550506;2023-09-23;"sábado";"18:00:00";"MS";376;114,8;"IVINHEMA";"Ingestão de álcool pelo condutor";"Colisão transversal";"Com Vítimas Feridas";"Plena Noite";"Crescente";"Céu Claro";"Simples";"Reta";"Sim";2;0;1;0;1;0;1;2;-22,3077186;-53,84586096;"SPRF-MS";"DEL04-MS";"UOP04-DEL04-MS"
550519;2023-09-23;"sábado";"18:00:00";"PA";10;165,9;"PARAGOMINAS";"Entrada inopinada do pedestre";"Atropelamento de Pedestre";"Com Vítimas Fatais";"Anoitecer";"Decrescente";"Nublado";"Simples";"Reta";"Sim";3;1;0;0;1;2;0;4;-2,99184245;-47,45688018;"SPRF-PA";"DEL02-PA";"UOP01-DEL02-PA"
550521;2023-09-23;"sábado";"20:10:00";"PR";476;292,5;"SAO MATEUS DO SUL";"Transitar na contramão";"Colisão frontal";"Com Vítimas Fatais";"Plena Noite";"Crescente";"Nevoeiro/Neblina";"Simples";"Reta;Declive";"Não";2;1;0;0;1;0;0;2;-25,935797;-50,480778;"SPRF-PR";"DEL02-PR";"UOP03-DEL02-PR"
550527;2023-09-23;"sábado";"08:20:00";"RS";116;56,3;"VACARIA";"Reação tardia ou ineficiente do condutor";"Tombamento";"Com Vítimas Feridas";"Pleno dia";"Crescente";"Céu Claro";"Simples";"Curva;Declive";"Não";2;0;1;0;0;1;1;2;-28,60961593;-51,04158739;"SPRF-RS";"DEL05-RS";"UOP03-DEL05-RS"
550528;2023-09-23;"sábado";"22:00:00";"PR";376;167,7;"MARINGA";"Manobra de mudança de faixa";"Colisão lateral mesmo sentido";"Com Vítimas Feridas";"Plena Noite";"Decrescente";"Céu Claro";"Dupla";"Aclive";"Não";3;0;1;0;1;3;1;5;-23,39406055;-52,00841904;"SPRF-PR";"DEL09-PR";"UOP01-DEL09-PR"
550532;2023-09-23;"sábado";"20:01:00";"SC";163;102,8;"SAO JOSE DO CEDRO";"Manobra de mudança de faixa";"Colisão transversal";"Com Vítimas Fatais";"Plena Noite";"Decrescente";"Céu Claro";"Simples";"Reta";"Sim";4;1;0;1;1;2;1;4;-26,4642801;-53,5053726;"SPRF-SC";"DEL07-SC";"UOP03-DEL07-SC"
550552;2023-09-24;"domingo";"02:10:00";"SP";116;98;"PINDAMONHANGABA";"Velocidade Incompatível";"Colisão traseira";"Com Vítimas Feridas";"Plena Noite";"Crescente";"Céu Claro";"Dupla";"Reta";"Não";5;0;1;2;2;0;3;4;-22,97805164;-45,45583318;"SPRF-SP";"DEL08-SP";"UOP01-DEL08-SP"
550560;2023-09-24;"domingo";"02:13:00";"PE";407;117;"PETROLINA";"Ingestão de álcool pelo condutor";"Colisão traseira";"Sem Vítimas";"Plena Noite";"Decrescente";"Céu Claro";"Simples";"Reta";"Não";2;0;0;0;2;0;0;2;-9,32344425;-40,56824505;"SPRF-PE";"DEL06-PE";"UOP01-DEL06-PE"
550567;2023-07-01;"sábado";"08:40:00";"MG";381;456,7;"BELO HORIZONTE";"Condutor deixou de manter distância do veículo da frente";"Colisão traseira";"Sem Vítimas";"Pleno dia";"Crescente";"Céu Claro";"Dupla";"Reta";"Sim";4;0;0;0;2;2;0;4;-19,84535734;-43,88718367;"SPRF-MG";"DEL01-MG";"UOP01-DEL01-MG"
550568;2023-09-24;"domingo";"04:17:00";"MG";116;135;"PONTO DOS VOLANTES";"Ausência de reação do condutor";"Colisão traseira";"Com Vítimas Feridas";"Plena Noite";"Crescente";"Nublado";"Simples";"Aclive";"Não";3;0;2;0;1;0;2;2;-16,731626;-41,50644479;"SPRF-MG";"DEL11-MG";"UOP02-DEL11-MG"
550572;2023-09-24;"domingo";"05:50:00";"PB";116;8,4;"CACHOEIRA DOS INDIOS";"Condutor Dormindo";"Saída de leito carroçável";"Com Vítimas Feridas";"Amanhecer";"Crescente";"Céu Claro";"Simples";"Reta;Declive";"Não";2;0;2;0;0;0;2;1;-6,967428;-38,730755;"SPRF-CE";"DEL05-CE";"UOP03-DEL05-CE"
550575;2023-09-24;"domingo";"06:00:00";"SC";470;162,6;"TROMBUDO CENTRAL";"Transitar na contramão";"Colisão frontal";"Com Vítimas Fatais";"Pleno dia";"Crescente";"Nublado";"Simples";"Reta";"Não";5;2;1;1;0;1;2;3;-27,2795889;-49,8218283;"SPRF-SC";"DEL04-SC";"UOP02-DEL04-SC"
550586;2023-09-24;"domingo";"00:45:00";"MG";40;234,5;"SAO GONCALO DO ABAETE";"Reação tardia ou ineficiente do condutor";"Derramamento de carga";"Sem Vítimas";"Plena Noite";"Crescente";"Céu Claro";"Simples";"Aclive;Reta";"Não";2;0;0;0;2;0;0;1;-18,02167408;-45,54020403;"SPRF-MG";"DEL14-MG";"UOP02-DEL14-MG"
550593;2023-09-24;"domingo";"06:45:00";"MT";163;511;"DIAMANTINO";"Reação tardia ou ineficiente do condutor";"Colisão traseira";"Com Vítimas Feridas";"Pleno dia";"Crescente";"Céu Claro";"Simples";"Reta";"Não";5;0;1;0;4;0;1;3;-14,58119697;-56,22660003;"SPRF-MT";"DEL01-MT";"UOP01-DEL01-MT"
550596;2023-09-24;"domingo";"07:50:00";"MS";262;354,2;"CAMPO GRANDE";"Ausência de reação do condutor";"Colisão lateral sentido oposto";"Com Vítimas Feridas";"Pleno dia";"Crescente";"Céu Claro";"Simples";"Reta";"Não";3;0;0;1;1;3;1;5;-20,556599;-54,664516;"SPRF-MS";"DEL01-MS";"UOP03-DEL01-MS"
550601;2023-08-22;"terça-feira";"19:05:00";"RN";405;109;"ITAU";"Acessar a via sem observar a presença dos outros veículos";"Colisão frontal";"Com Vítimas Feridas";"Plena Noite";"Decrescente";"Céu Claro";"Simples";"Reta";"Não";4;0;1;1;1;2;2;4;-5,83846381;-37,98775618;"SPRF-RN";"DEL04-RN";"UOP02-DEL04-RN"
550604;2023-09-24;"domingo";"04:30:00";"BA";407;80,6;"JAGUARARI";"Ingestão de álcool pelo condutor";"Colisão frontal";"Com Vítimas Fatais";"Plena Noite";"Decrescente";"Céu Claro";"Simples";"Reta";"Não";2;1;0;0;0;1;0;2;-10,06058895;-40,23036221;"SPRF-BA";"DEL04-BA";"UOP01-DEL04-BA"
550606;2023-09-24;"domingo";"09:40:00";"MG";116;278,1;"TEOFILO OTONI";"Manobra de mudança de faixa";"Colisão transversal";"Com Vítimas Feridas";"Pleno dia";"Decrescente";"Céu Claro";"Simples";"Reta";"Sim";6;0;3;1;1;1;4;4;-17,86846089;-41,5171394;"SPRF-MG";"DEL11-MG";"UOP01-DEL11-MG"
550608;2023-08-29;"terça-feira";"06:30:00";"MG";40;86;"PARACATU";"Reação tardia ou ineficiente do condutor";"Colisão lateral sentido oposto";"Com Vítimas Feridas";"Amanhecer";"Decrescente";"Céu Claro";"Simples";"Reta";"Não";2;0;1;0;1;0;1;2;-17,48684082;-46,6107509;"SPRF-MG";"DEL14-MG";"UOP01-DEL14-MG"
550613;2023-09-24;"domingo";"10:30:00";"PR";376;528,3;"PALMEIRA";"Ausência de reação do condutor";"Colisão traseira";"Com Vítimas Feridas";"Pleno dia";"Crescente";"Céu Claro";"Dupla";"Reta";"Não";3;0;1;1;1;0;2;2;-25,33411669;-49,85609969;"SPRF-PR";"DEL03-PR";"UOP04-DEL03-PR"
550616;2023-09-24;"domingo";"10:55:00";"MG";381;384;"SAO GONCALO DO RIO ABAIXO";"Problema com o freio";"Colisão traseira";"Com Vítimas Feridas";"Pleno dia";"Decrescente";"Céu Claro";"Simples";"Curva";"Não";3;0;1;0;1;3;1;5;-19,80675104;-43,4020021;"SPRF-MG";"DEL01-MG";"UOP01-DEL01-MG"
550625;2023-09-24;"domingo";"08:30:00";"SE";101;196,5;"CRISTINAPOLIS";"Demais falhas mecânicas ou elétricas";"Tombamento";"Sem Vítimas";"Pleno dia";"Decrescente";"Céu Claro";"Simples";"Curva;Aclive";"Não";2;0;0;0;1;1;0;2;-11,46225469;-37,74281194;"SPRF-SE";"DEL02-SE";"UOP03-DEL02-SE"
550628;2023-09-24;"domingo";"06:30:00";"MA";226;302;"BARRA DO CORDA";"Reação tardia ou ineficiente do condutor";"Tombamento";"Com Vítimas Feridas";"Amanhecer";"Decrescente";"Sol";"Simples";"Reta";"Não";2;0;1;0;0;3;1;4;-5,46022912;-45,2882442;"SPRF-MA";"DEL06-MA";"UOP01-DEL06-MA"
550632;2023-09-24;"domingo";"10:20:00";"GO";153;673;"PANAMA";"Demais falhas mecânicas ou elétricas";"Incêndio";"Sem Vítimas";"Pleno dia";"Crescente";"Sol";"Dupla";"Reta";"Não";3;0;0;0;3;0;0;1;-18,168;-49,2891;"SPRF-GO";"DEL03-GO";"UOP02-DEL03-GO"
550633;2023-09-24;"domingo";"12:30:00";"AL";101;192;"JUNQUEIRO";"Condutor deixou de manter distância do veículo da frente";"Colisão traseira";"Sem Vítimas";"Pleno dia";"Decrescente";"Céu Claro";"Simples";"Reta";"Não";2;0;0;0;0;2;0;2;-9,93276016;-36,48032295;"SPRF-AL";"DEL02-AL";"UOP02-DEL02-AL"
550642;2023-09-24;"domingo";"11:30:00";"MS";267;177,5;"NOVA ANDRADINA";"Avarias e/ou desgaste excessivo no pneu";"Eventos atípicos";"Sem Vítimas";"Pleno dia";"Crescente";"Céu Claro";"Simples";"Reta";"Não";2;0;0;0;1;3;0;4;-21,611737;-53,7434469;"SPRF-MS";"DEL02-MS";"UOP03-DEL02-MS"
550648;2023-09-24;"domingo";"14:00:00";"BA";116;296;"TUCANO";"Ingestão de álcool pelo condutor";"Tombamento";"Com Vítimas Feridas";"Pleno dia";"Crescente";"Céu Claro";"Simples";"Reta";"Não";3;0;2;0;0;1;2;3;-11,14259492;-38,84442218;"SPRF-BA";"DEL02-BA";"UOP01-DEL02-BA"
550651;2023-09-24;"domingo";"14:00:00";"BA";116;909,6;"CANDIDO SALES";"Demais falhas mecânicas ou elétricas";"Colisão traseira";"Com Vítimas Fatais";"Pleno dia";"Decrescente";"Céu Claro";"Simples";"Reta";"Não";5;1;0;2;1;1;2;4;-15,42964301;-41,21952898;"SPRF-BA";"DEL08-BA";"UOP03-DEL08-BA"
550654;2023-09-08;"sexta-feira";"22:20:00";"SC";470;108;"APIUNA";"Ingestão de álcool pelo condutor";"Colisão frontal";"Com Vítimas Feridas";"Plena Noite";"Crescente";"Nublado";"Simples";"Reta";"Não";3;0;0;1;1;1;1;3;-27,080708;-49,440491;"SPRF-SC";"DEL04-SC";"UOP02-DEL04-SC"
550655;2023-09-24;"domingo";"14:50:00";"CE";116;25;"ITAITINGA";"Condutor deixou de manter distância do veículo da frente";"Colisão traseira";"Com Vítimas Feridas";"Pleno dia";"Decrescente";"Céu Claro";"Dupla";"Reta";"Não";2;0;1;0;0;1;1;2;-3,96633279;-38,51525324;"SPRF-CE";"DEL01-CE";"UOP02-DEL01-CE"
550658;2023-09-24;"domingo";"15:00:00";"SP";381;74;"SAO PAULO";"Carga excessiva e/ou mal acondicionada";"Derramamento de carga";"Sem Vítimas";"Pleno dia";"Decrescente";"Sol";"Múltipla";"Reta;Declive";"Não";1;0;0;0;1;0;0;1;-23,37208014;-46,55700294;"SPRF-SP";"DEL03-SP";"UOP01-DEL03-SP"
550674;2023-09-24;"domingo";"15:10:00";"MS";163;502;"JARAGUARI";"Ausência de reação do condutor";"Colisão com objeto";"Com Vítimas Feridas";"Pleno dia";"Decrescente";"Céu Claro";"Simples";"Aclive;Reta";"Não";2;0;1;0;0;1;1;2;-20,3103002;-54,50986866;"SPRF-MS";"DEL01-MS";"UOP02-DEL01-MS"
550677;2023-09-24;"domingo";"17:15:00";"SE";101;104;"SAO CRISTOVAO";"Velocidade Incompatível";"Colisão com objeto";"Sem Vítimas";"Pleno dia";"Decrescente";"Céu Claro";"Dupla";"Reta";"Não";2;0;0;0;1;2;0;3;-10,95669127;-37,22726486;"SPRF-SE";"DEL02-SE";"UOP01-DEL02-SE"
550678;2023-09-24;"domingo";"17:50:00";"SP";116;230;"SAO PAULO";"Manobra de mudança de faixa";"Colisão traseira";"Com Vítimas Feridas";"Anoitecer";"Decrescente";"Céu Claro";"Dupla";"Reta";"Sim";2;0;1;0;0;1;1;2;-23,52251783;-46,5855702;"SPRF-SP";"DEL01-SP";"UOP01-DEL01-SP"
550686;2023-09-20;"quarta-feira";"22:00:00";"PA";0;0;"VITORIA DO XINGU";"Problema com o freio";"Colisão transversal";"Sem Vítimas";"Plena Noite";"Não Informado";"Céu Claro";"Simples";"Declive;Reta";"Não";2;0;0;0;1;1;0;2;-3,065758;-52,000226;"SPRF-PA";"DEL04-PA";"N/A"
550689;2023-09-24;"domingo";"16:30:00";"SC";101;174,9;"BIGUACU";"Acumulo de água sobre o pavimento";"Saída de leito carroçável";"Com Vítimas Feridas";"Pleno dia";"Decrescente";"Nublado";"Dupla";"Reta";"Não";2;0;1;0;1;0;1;1;-27,33081601;-48,62697562;"SPRF-SC";"DEL01-SC";"UOP01-DEL01-SC"
550701;2023-09-24;"domingo";"19:40:00";"ES";101;240;"SERRA";"Entrada inopinada do pedestre";"Atropelamento de Pedestre";"Com Vítimas Feridas";"Plena Noite";"Crescente";"Céu Claro";"Simples";"Reta";"Não";2;0;0;1;1;0;1;2;-20,0193733;-40,403198;"SPRF-ES";"DEL02-ES";"UOP01-DEL02-ES"
550703;2023-09-24;"domingo";"18:50:00";"BA";116;7;"VITORIA DA CONQUISTA";"Frear bruscamente";"Tombamento";"Com Vítimas Feridas";"Plena Noite";"Decrescente";"Céu Claro";"Simples";"Curva";"Não";3;0;2;0;0;1;2;2;-14,851;-40,8485;"SPRF-BA";"DEL08-BA";"UOP01-DEL08-BA"
550706;2023-09-24;"domingo";"19:45:00";"TO";153;336;"GUARAI";"Reação tardia ou ineficiente do condutor";"Colisão lateral sentido oposto";"Com Vítimas Feridas";"Plena Noite";"Crescente";"Céu Claro";"Simples";"Curva";"Sim";7;0;1;0;5;1;1;3;-8,85386;-48,508884;"SPRF-TO";"DEL02-TO";"UOP02-DEL02-TO"
550707;2023-09-24;"domingo";"18:35:00";"PR";116;152;"MANDIRITUBA";"Acesso irregular";"Colisão traseira";"Com Vítimas Feridas";"Plena Noite";"Crescente";"Nublado";"Simples";"Curva";"Não";3;0;1;0;1;3;1;5;-25,83236296;-49,33609707;"SPRF-PR";"DEL01-PR";"UOP03-DEL01-PR"
550723;2023-09-24;"domingo";"19:10:00";"MG";116;305,2;"ITAMBACURI";"Ausência de reação do condutor";"Saída de leito carroçável";"Com Vítimas Feridas";"Plena Noite";"Crescente";"Céu Claro";"Simples";"Curva";"Não";2;0;1;0;0;1;1;2;-18,03188584;-41,65290534;"SPRF-MG";"DEL11-MG";"UOP01-DEL11-MG"
550725;2023-09-24;"domingo";"10:45:00";"MG";116;407;"GOVERNADOR VALADARES";"Condutor Dormindo";"Tombamento";"Com Vítimas Feridas";"Pleno dia";"Decrescente";"Sol";"Simples";"Declive;Curva";"Não";2;0;1;0;0;1;1;2;-18,835552;-41,98926799;"SPRF-MG";"DEL06-MG";"UOP01-DEL06-MG"
550730;2023-09-24;"domingo";"20:37:00";"MS";262;16,5;"TRES LAGOAS";"Ultrapassagem Indevida";"Colisão frontal";"Com Vítimas Feridas";"Plena Noite";"Crescente";"Céu Claro";"Simples";"Reta";"Não";11;0;8;0;2;3;8;6;-20,81380239;-51,74605698;"SPRF-MS";"DEL07-MS";"UOP01-DEL07-MS"
550738;2023-09-24;"domingo";"17:00:00";"MG";116;441,7;"ENGENHEIRO CALDAS";"Reação tardia ou ineficiente do condutor";"Tombamento";"Com Vítimas Feridas";"Pleno dia";"Decrescente";"Céu Claro";"Simples";"Curva";"Não";3;0;0;2;0;3;2;4;-19,08450198;-41,99845794;"SPRF-MG";"DEL06-MG";"UOP01-DEL06-MG"
550746;2023-09-24;"domingo";"20:30:00";"BA";30;261;"CAETITE";"Acessar a via sem observar a presença dos outros veículos";"Colisão transversal";"Com Vítimas Feridas";"Plena Noite";"Crescente";"Céu Claro";"Simples";"Reta";"Não";3;0;1;1;0;2;2;4;-14,09789655;-42,58010043;"SPRF-BA";"DEL08-BA";"UOP01-DEL08-BA"
550749;2023-09-24;"domingo";"21:35:00";"PE";232;206;"PESQUEIRA";"Ingestão de álcool pelo condutor";"Colisão frontal";"Com Vítimas Feridas";"Plena Noite";"Decrescente";"Céu Claro";"Dupla";"Reta";"Não";5;0;1;3;1;0;4;2;-8,37056848;-36,66177606;"SPRF-PE";"DEL03-PE";"UOP02-DEL03-PE"
550752;2023-09-24;"domingo";"18:00:00";"BA";407;13;"JUAZEIRO";"Ausência de reação do condutor";"Colisão lateral sentido oposto";"Com Vítimas Feridas";"Anoitecer";"Crescente";"Céu Claro";"Simples";"Reta";"Não";3;0;1;0;1;1;1;3;-9,5045299;-40,46346078;"SPRF-BA";"DEL04-BA";"UOP01-DEL04-BA"
550772;2023-09-25;"segunda-feira";"01:10:00";"SP";116;45,4;"CANAS";"Reação tardia ou ineficiente do condutor";"Colisão traseira";"Com Vítimas Feridas";"Plena Noite";"Decrescente";"Céu Claro";"Dupla";"Reta";"Não";2;0;0;1;1;0;1;2;-22,70843505;-45,04559397;"SPRF-SP";"DEL08-SP";"UOP02-DEL08-SP"
550775;2023-09-25;"segunda-feira";"01:18:00";"PR";369;39;"ANDIRA";"Transitar na contramão";"Colisão frontal";"Com Vítimas Fatais";"Plena Noite";"Crescente";"Céu Claro";"Simples";"Reta;Em Obras";"Não";2;1;0;0;1;0;0;2;-23,06222908;-50,25401093;"SPRF-PR";"DEL07-PR";"UOP05-DEL07-PR"
550777;2023-09-25;"segunda-feira";"02:50:00";"MG";40;597;"OURO PRETO";"Condutor Dormindo";"Saída de leito carroçável";"Com Vítimas Feridas";"Plena Noite";"Crescente";"Céu Claro";"Simples";"Reta";"Não";2;0;1;0;0;1;1;2;-20,418948;-43,884181;"SPRF-MG";"DEL05-MG";"UOP02-DEL05-MG"
550778;2023-09-24;"domingo";"23:50:00";"SP";116;166,8;"JACAREI";"Ausência de reação do condutor";"Tombamento";"Sem Vítimas";"Plena Noite";"Crescente";"Céu Claro";"Múltipla";"Reta;Aclive";"Sim";2;0;0;0;1;2;0;3;-23,30055667;-46,01686506;"SPRF-SP";"DEL02-SP";"UOP01-DEL02-SP"
550780;2023-09-25;"segunda-feira";"02:00:00";"PE";232;133,5;"CARUARU";"Reação tardia ou ineficiente do condutor";"Colisão traseira";"Com Vítimas Feridas";"Plena Noite";"Crescente";"Céu Claro";"Dupla";"Reta";"Sim";2;0;1;0;0;1;1;2;-8,30853497;-36,02442101;"SPRF-PE";"DEL02-PE";"UOP01-DEL02-PE"
550781;2023-09-25;"segunda-feira";"02:00:00";"RJ";116;298;"PORTO REAL";"Ausência de reação do condutor";"Colisão traseira";"Sem Vítimas";"Plena Noite";"Crescente";"Chuva";"Dupla";"Reta";"Não";3;0;0;0;2;1;0;3;-22,45083254;-44,33823701;"SPRF-RJ";"DEL07-RJ";"UOP02-DEL07-RJ"
550785;2023-09-25;"segunda-feira";"03:42:00";"DF";251;15;"BRASILIA";"Curva acentuada";"Tombamento";"Sem Vítimas";"Plena Noite";"Crescente";"Céu Claro";"Dupla";"Retorno Regulamentado";"Sim";1;0;0;0;1;0;0;1;-15,939043;-47,606361;"SPRF-DF";"DEL01-DF";"UOP01-DEL01-DF"
550790;2023-09-25;"segunda-feira";"05:30:00";"MG";40;525;"CONTAGEM";"Velocidade Incompatível";"Colisão traseira";"Com Vítimas Feridas";"Amanhecer";"Crescente";"Céu Claro";"Dupla";"Reta";"Sim";2;0;1;0;1;0;1;2;-19,8874744;-44,05036926;"SPRF-MG";"DEL01-MG";"UOP02-DEL01-MG"
550791;2023-09-25;"segunda-feira";"05:11:00";"GO";40;55;"CRISTALINA";"Problema com o freio";"Incêndio";"Sem Vítimas";"Amanhecer";"Decrescente";"Céu Claro";"Dupla";"Reta";"Não";2;0;0;0;1;1;0;2;-16,485283;-47,813032;"SPRF-DF";"DEL01-DF";"UOP02-DEL01-DF"
550792;2023-09-24;"domingo";"22:54:00";"MS";163;69;"ITAQUIRAI";"Condutor Dormindo";"Saída de leito carroçável";"Sem Vítimas";"Plena Noite";"Crescente";"Céu Claro";"Simples";"Reta";"Não";2;0;0;0;1;1;0;2;-23,55459497;-54,1944383;"SPRF-MS";"DEL09-MS";"UOP02-DEL09-MS"
550795;2023-09-25;"segunda-feira";"06:40:00";"MG";381;933,8;"EXTREMA";"Ausência de reação do condutor";"Saída de leito carroçável";"Com Vítimas Feridas";"Pleno dia";"Crescente";"Céu Claro";"Dupla";"Retorno Regulamentado;Curva";"Não";2;0;1;0;0;1;1;2;-22,79939478;-46,25991605;"SPRF-MG";"DEL16-MG";"UOP03-DEL16-MG"