"id";"data_inversa";"dia_semana";"horario";"uf";"br";"km";"municipio";"causa_acidente";"tipo_acidente";"classificacao_acidente";"fase_dia";"sentido_via";"condicao_metereologica";"tipo_pista";"tracado_via";"uso_solo";"pessoas";"mortos";"feridos_leves";"feridos_graves";"ilesos";"ignorados";"feridos";"veiculos";"latitude";"longitude";"regional";"delegacia";"uop"
550796;2023-09-25;"segunda-feira";"03:20:00";"BA";101;913;"NOVA VICOSA";"Ultrapassagem Indevida";"Colisão frontal";"Com Vítimas Fatais";"Plena Noite";"Crescente";"Céu Claro";"Simples";"Reta";"Não";2;1;0;1;0;0;1;2;-18,03101192;-39,86412233;"SPRF-BA";"DEL09-BA";"UOP02-DEL09-BA"
550801;2023-09-25;"segunda-feira";"06:55:00";"SC";101;99,9;"BALNEARIO PICARRAS";"Acessar a via sem observar a presença dos outros veículos";"Colisão lateral mesmo sentido";"Com Vítimas Feridas";"Pleno dia";"Decrescente";"Nublado";"Dupla";"Reta";"Não";3;0;1;0;2;0;1;3;-26,753886;-48,690288;"SPRF-SC";"DEL03-SC";"UOP02-DEL03-SC"
550806;2023-09-25;"segunda-feira";"04:00:00";"RJ";465;4;"SEROPEDICA";"Reação tardia ou ineficiente do condutor";"Colisão traseira";"Com Vítimas Feridas";"Plena Noite";"Decrescente";"Céu Claro";"Simples";"Reta";"Sim";5;0;2;1;1;1;3;3;-22,740971;-43,705597;"SPRF-RJ";"DEL01-RJ";"UOP03-DEL01-RJ"
550810;2023-09-23;"sábado";"02:30:00";"BA";324;546;"AMELIA RODRIGUES";"Condutor Dormindo";"Saída de leito carroçável";"Com Vítimas Feridas";"Amanhecer";"Crescente";"Céu Claro";"Dupla";"Reta";"Não";2;0;2;0;0;0;2;1;-12,41513603;-38,75158107;"SPRF-BA";"DEL01-BA";"UOP03-DEL01-BA"
550811;2023-09-25;"segunda-feira";"07:10:00";"MG";40;728,8;"OLIVEIRA FORTES";"Problema com o freio";"Colisão com objeto";"Com Vítimas Feridas";"Pleno dia";"Crescente";"Céu Claro";"Dupla";"Curva;Declive";"Não";2;0;0;1;0;2;1;3;-21,32603098;-43,58445806;"SPRF-MG";"DEL05-MG";"UOP01-DEL05-MG"
550812;2023-09-25;"segunda-feira";"07:00:00";"MG";116;412;"GOVERNADOR VALADARES";"Condutor deixou de manter distância do veículo da frente";"Colisão traseira";"Com Vítimas Feridas";"Pleno dia";"Crescente";"Céu Claro";"Dupla";"Reta";"Sim";3;0;1;0;2;0;1;3;-18,86882342;-41,97144241;"SPRF-MG";"DEL06-MG";"UOP01-DEL06-MG"
550818;2023-09-25;"segunda-feira";"06:10:00";"MG";116;688,6;"MURIAE";"Velocidade Incompatível";"Tombamento";"Com Vítimas Fatais";"Amanhecer";"Crescente";"Céu Claro";"Simples";"Curva;Declive";"Não";2;1;0;0;0;1;0;2;-21,00239571;-42,36740588;"SPRF-MG";"DEL07-MG";"UOP02-DEL07-MG"
550827;2023-09-25;"segunda-feira";"09:10:00";"SC";101;138;"BALNEARIO CAMBORIU";"Manobra de mudança de faixa";"Colisão lateral sentido oposto";"Com Vítimas Feridas";"Pleno dia";"Decrescente";"Nublado";"Múltipla";"Reta";"Sim";2;0;0;1;1;0;1;2;-27,02397426;-48,60761649;"SPRF-SC";"DEL04-SC";"UOP03-DEL04-SC"
550837;2023-09-25;"segunda-feira";"07:50:00";"BA";116;497,9;"SANTA TERESINHA";"Ausência de reação do condutor";"Saída de leito carroçável";"Com Vítimas Feridas";"Pleno dia";"Decrescente";"Céu Claro";"Simples";"Declive;Reta";"Não";2;0;1;0;0;1;1;2;-12,5984429;-39,5400137;"SPRF-BA";"DEL02-BA";"UOP01-DEL02-BA"
550840;2023-09-25;"segunda-feira";"05:30:00";"SC";282;357,7;"CAMPOS NOVOS";"Condutor Dormindo";"Colisão com objeto";"Com Vítimas Feridas";"Pleno dia";"Crescente";"Céu Claro";"Simples";"Aclive;Curva";"Não";2;0;1;0;0;2;1;3;-27,335176;-51,346149;"SPRF-SC";"DEL07-SC";"UOP05-DEL07-SC"
550843;2023-09-16;"sábado";"05:50:00";"RR";174;463;"BOA VISTA";"Ausência de reação do condutor";"Colisão traseira";"Sem Vítimas";"Amanhecer";"Decrescente";"Céu Claro";"Simples";"Reta";"Não";3;0;0;0;2;2;0;4;2,554278;-60,876972;"SPRF-RR";"DEL01-RR";"UOP01-DEL01-RR"
550852;2023-09-25;"segunda-feira";"10:45:00";"MG";50;137;"UBERABA";"Ausência de reação do condutor";"Colisão traseira";"Com Vítimas Feridas";"Pleno dia";"Crescente";"Céu Claro";"Dupla";"Reta";"Não";4;0;0;3;1;0;3;2;-19,460105;-48,058649;"SPRF-MG";"DEL13-MG";"UOP01-DEL13-MG"
550853;2023-09-25;"segunda-feira";"10:40:00";"GO";414;418,1;"ABADIANIA";"Velocidade Incompatível";"Engavetamento";"Com Vítimas Fatais";"Pleno dia";"Crescente";"Céu Claro";"Simples";"Reta;Em Obras;Ponte;Declive;Desvio Temporário";"Não";29;3;11;7;6;8;18;25;-16,10791381;-48,8741361;"SPRF-GO";"DEL02-GO";"UOP01-DEL02-GO"
550856;2023-09-17;"domingo";"19:20:00";"CE";116;183;"RUSSAS";"Ingestão de álcool pelo condutor";"Colisão lateral mesmo sentido";"Com Vítimas Feridas";"Plena Noite";"Crescente";"Céu Claro";"Simples";"Aclive;Reta";"Não";3;0;1;0;1;1;1;3;-5,0663368;-38,10758934;"SPRF-CE";"DEL03-CE";"UOP01-DEL03-CE"
550860;2023-09-13;"quarta-feira";"10:45:00";"PR";116;124;"FAZENDA RIO GRANDE";"Reação tardia ou ineficiente do condutor";"Colisão traseira";"Com Vítimas Feridas";"Pleno dia";"Decrescente";"Sol";"Dupla";"Reta";"Sim";4;0;1;0;3;0;1;2;-25,58620703;-49,31436887;"SPRF-PR";"DEL01-PR";"UOP03-DEL01-PR"
550864;2023-09-25;"segunda-feira";"08:20:00";"AC";364;18;"ACRELANDIA";"Acessar a via sem observar a presença dos outros veículos";"Colisão lateral mesmo sentido";"Com Vítimas Feridas";"Pleno dia";"Crescente";"Céu Claro";"Simples";"Reta";"Não";3;0;1;0;1;2;1;4;-9,893886;-66,939327;"SPRF-AC";"DEL01-AC";"UOP03-DEL01-AC"
550869;2023-09-25;"segunda-feira";"13:00:00";"MG";153;62,2;"MONTE ALEGRE DE MINAS";"Ausência de reação do condutor";"Colisão traseira";"Com Vítimas Feridas";"Pleno dia";"Crescente";"Céu Claro";"Simples";"Em Obras;Reta";"Não";4;0;0;2;1;2;2;5;-18,90963798;-49,03804997;"SPRF-MG";"DEL15-MG";"UOP03-DEL15-MG"
550872;2023-05-04;"quinta-feira";"14:20:00";"PA";163;145;"ALTAMIRA";"Transitar na contramão";"Colisão frontal";"Com Vítimas Feridas";"Pleno dia";"Decrescente";"Ignorado";"Simples";"Reta";"Não";2;0;0;1;1;0;1;2;-8,43104683;-55,11138822;"SPRF-PA";"DEL05-PA";"UOP02-DEL05-PA"
550874;2023-09-25;"segunda-feira";"10:00:00";"BA";101;142,8;"TEODORO SAMPAIO";"Condutor Dormindo";"Colisão lateral sentido oposto";"Com Vítimas Feridas";"Pleno dia";"Crescente";"Céu Claro";"Simples";"Reta";"Não";5;0;3;1;1;0;4;2;-12,28566684;-38,70373609;"SPRF-BA";"DEL01-BA";"UOP04-DEL01-BA"
550875;2023-08-10;"quinta-feira";"13:10:00";"AL";423;60;"AGUA BRANCA";"Pista esburacada";"Colisão lateral sentido oposto";"Com Vítimas Feridas";"Pleno dia";"Crescente";"Céu Claro";"Simples";"Em Obras;Reta";"Não";3;0;1;0;1;3;1;5;-9,288524;-37,809048;"SPRF-AL";"DEL03-AL";"UOP02-DEL03-AL"
550881;2023-09-25;"segunda-feira";"13:50:00";"SP";381;87;"SAO PAULO";"Reação tardia ou ineficiente do condutor";"Colisão lateral mesmo sentido";"Com Vítimas Feridas";"Pleno dia";"Decrescente";"Céu Claro";"Múltipla";"Reta";"Sim";2;0;1;0;1;0;1;2;-23,46885001;-46,56996601;"SPRF-SP";"DEL03-SP";"UOP01-DEL03-SP"
550884;2023-09-25;"segunda-feira";"13:15:00";"PR";277;235;"FERNANDES PINHEIRO";"Reação tardia ou ineficiente do condutor";"Colisão frontal";"Com Vítimas Feridas";"Pleno dia";"Decrescente";"Chuva";"Simples";"Aclive;Reta";"Não";4;0;1;2;1;0;3;2;-25,46813144;-50,50708614;"SPRF-PR";"DEL08-PR";"UOP02-DEL08-PR"
550885;2023-09-25;"segunda-feira";"14:40:00";"MG";153;194,7;"FRUTAL";"Carga excessiva e/ou mal acondicionada";"Colisão lateral sentido oposto";"Sem Vítimas";"Pleno dia";"Crescente";"Céu Claro";"Simples";"Ponte;Reta;Aclive";"Não";3;0;0;0;2;1;0;3;-19,92701832;-48,9580822;"SPRF-MG";"DEL13-MG";"UOP02-DEL13-MG"
550886;2023-09-25;"segunda-feira";"12:55:00";"SC";280;224,5;"TRES BARRAS";"Ausência de reação do condutor";"Colisão traseira";"Com Vítimas Feridas";"Pleno dia";"Decrescente";"Nublado";"Simples";"Reta;Aclive";"Não";3;0;1;1;1;0;2;2;-26,17532694;-50,29413599;"SPRF-SC";"DEL06-SC";"UOP04-DEL06-SC"
550887;2023-09-25;"segunda-feira";"14:05:00";"PR";277;8,8;"PARANAGUA";"Demais falhas mecânicas ou elétricas";"Saída de leito carroçável";"Com Vítimas Feridas";"Pleno dia";"Decrescente";"Nublado";"Dupla";"Reta;Aclive";"Não";2;0;1;0;0;1;1;2;-25,56583639;-48,60366583;"SPRF-PR";"DEL01-PR";"UOP05-DEL01-PR"
550903;2023-09-25;"segunda-feira";"14:55:00";"TO";153;209;"NOVA OLINDA";"Manobra de mudança de faixa";"Colisão frontal";"Com Vítimas Feridas";"Pleno dia";"Crescente";"Céu Claro";"Simples";"Reta";"Não";3;0;0;1;1;1;1;3;-7,72636509;-48,44519874;"SPRF-TO";"DEL02-TO";"UOP01-DEL02-TO"
550906;2023-09-25;"segunda-feira";"09:00:00";"MG";251;353,9;"PADRE CARVALHO";"Reação tardia ou ineficiente do condutor";"Tombamento";"Com Vítimas Fatais";"Pleno dia";"Decrescente";"Céu Claro";"Simples";"Curva";"Não";4;1;0;1;0;3;1;4;-16,27666394;-42,55328994;"SPRF-MG";"DEL12-MG";"UOP02-DEL12-MG"
550909;2023-09-25;"segunda-feira";"16:00:00";"SP";153;114,5;"JOSE BONIFACIO";"Ultrapassagem Indevida";"Saída de leito carroçável";"Com Vítimas Feridas";"Pleno dia";"Crescente";"Céu Claro";"Simples";"Reta";"Não";2;0;1;0;0;1;1;2;-21,12117412;-49,69084075;"SPRF-SP";"DEL09-SP";"UOP01-DEL09-SP"
550910;2023-07-03;"segunda-feira";"19:15:00";"PR";376;131,2;"NOVA ESPERANCA";"Animais na Pista";"Tombamento";"Com Vítimas Feridas";"Plena Noite";"Crescente";"Céu Claro";"Dupla";"Declive";"Não";3;0;0;1;1;1;1;2;-23,17841393;-52,22515697;"SPRF-PR";"DEL09-PR";"UOP02-DEL09-PR"
550911;2023-09-25;"segunda-feira";"15:50:00";"BA";324;622;"SALVADOR";"Carga excessiva e/ou mal acondicionada";"Atropelamento de Pedestre";"Com Vítimas Feridas";"Pleno dia";"Crescente";"Céu Claro";"Múltipla";"Reta";"Não";2;0;1;0;1;0;1;2;-12,93539;-38,47243;"SPRF-BA";"DEL01-BA";"UOP01-DEL01-BA"
550912;2023-09-25;"segunda-feira";"15:50:00";"MT";364;287;"JACIARA";"Reação tardia ou ineficiente do condutor";"Colisão lateral mesmo sentido";"Com Vítimas Feridas";"Pleno dia";"Decrescente";"Nublado";"Dupla";"Reta";"Não";3;0;1;0;1;2;1;4;-15,90304687;-55,06513802;"SPRF-MT";"DEL05-MT";"UOP02-DEL05-MT"
550914;2023-09-25;"segunda-feira";"16:50:00";"PR";277;584;"CASCAVEL";"Manobra de mudança de faixa";"Derramamento de carga";"Sem Vítimas";"Pleno dia";"Decrescente";"Céu Claro";"Dupla";"Aclive;Curva";"Não";2;0;0;0;1;1;0;2;-24,96684176;-53,40258186;"SPRF-PR";"DEL04-PR";"UOP01-DEL04-PR"
550921;2023-09-25;"segunda-feira";"15:08:00";"PA";163;569;"TRAIRAO";"Demais falhas mecânicas ou elétricas";"Incêndio";"Sem Vítimas";"Pleno dia";"Decrescente";"Céu Claro";"Simples";"Reta";"Não";3;0;0;0;2;1;0;2;-5,06093967;-56,16435663;"SPRF-PA";"DEL05-PA";"UOP02-DEL05-PA"
550925;2023-03-10;"sexta-feira";"05:39:00";"RJ";101;54;"CAMPOS DOS GOYTACAZES";"Acumulo de areia ou detritos sobre o pavimento";"Eventos atípicos";"Com Vítimas Feridas";"Amanhecer";"Crescente";"Ignorado";"Simples";"Reta";"Sim";2;0;1;0;0;1;1;2;-21,66937699;-41,31111673;"SPRF-RJ";"DEL08-RJ";"UOP01-DEL08-RJ"
550928;2023-09-05;"terça-feira";"04:41:00";"GO";153;28;"PORANGATU";"Demais falhas mecânicas ou elétricas";"Incêndio";"Sem Vítimas";"Amanhecer";"Crescente";"Céu Claro";"Dupla";"Reta;Aclive";"Não";3;0;0;0;2;1;0;2;-13,070325;-49,185505;"SPRF-GO";"DEL07-GO";"UOP01-DEL07-GO"
550942;2023-09-25;"segunda-feira";"19:00:00";"SC";280;22,3;"ARAQUARI";"Acessar a via sem observar a presença dos outros veículos";"Colisão traseira";"Com Vítimas Feridas";"Plena Noite";"Decrescente";"Chuva";"Simples";"Reta";"Sim";3;0;0;1;1;2;1;4;-26,37092616;-48,70204099;"SPRF-SC";"DEL03-SC";"UOP03-DEL03-SC"
550943;2023-09-25;"segunda-feira";"10:00:00";"MT";70;662;"CACERES";"Reação tardia ou ineficiente do condutor";"Saída de leito carroçável";"Sem Vítimas";"Pleno dia";"Decrescente";"Sol";"Simples";"Reta";"Não";2;0;0;0;1;1;0;2;-16,00259112;-57,20947789;"SPRF-MT";"DEL03-MT";"UOP02-DEL03-MT"
550953;2023-09-25;"segunda-feira";"19:00:00";"RO";364;162,7;"PIMENTA BUENO";"Demais falhas mecânicas ou elétricas";"Incêndio";"Sem Vítimas";"Plena Noite";"Decrescente";"Céu Claro";"Simples";"Reta;Aclive";"Não";2;0;0;0;1;1;0;2;-11,900303;-60,977431;"SPRF-RO";"DEL02-RO";"UOP02-DEL02-RO"
550959;2023-09-25;"segunda-feira";"19:50:00";"PR";116;45;"CAMPINA GRANDE DO SUL";"Reação tardia ou ineficiente do condutor";"Colisão lateral mesmo sentido";"Sem Vítimas";"Plena Noite";"Crescente";"Garoa/Chuvisco";"Dupla";"Reta";"Não";3;0;0;0;2;1;0;3;-25,19502698;-48,89003802;"SPRF-PR";"DEL01-PR";"UOP02-DEL01-PR"
550960;2023-09-25;"segunda-feira";"20:00:00";"PR";116;45;"CAMPINA GRANDE DO SUL";"Reação tardia ou ineficiente do condutor";"Colisão com objeto";"Com Vítimas Feridas";"Plena Noite";"Crescente";"Garoa/Chuvisco";"Dupla";"Declive;Curva";"Não";3;0;1;0;2;0;1;1;-25,19502698;-48,89003802;"SPRF-PR";"DEL01-PR";"UOP02-DEL01-PR"
550963;2023-09-25;"segunda-feira";"15:00:00";"PR";163;77,8;"PLANALTO";"Condutor Dormindo";"Colisão frontal";"Com Vítimas Feridas";"Pleno dia";"Crescente";"Céu Claro";"Simples";"Reta;Ponte;Aclive";"Não";5;0;0;1;3;1;1;4;-25,779344;-53,79078701;"SPRF-PR";"DEL02-PR";"UOP02-DEL02-PR"
550964;2023-09-25;"segunda-feira";"10:00:00";"ES";262;171;"IBATIBA";"Curva acentuada";"Tombamento";"Com Vítimas Feridas";"Pleno dia";"Decrescente";"Céu Claro";"Simples";"Curva";"Não";2;0;1;0;0;1;1;2;-20,26434457;-41,59340179;"SPRF-ES";"DEL01-ES";"UOP02-DEL01-ES"
550969;2023-09-25;"segunda-feira";"19:15:00";"SC";280;8,7;"SAO FRANCISCO DO SUL";"Acessar a via sem observar a presença dos outros veículos";"Colisão transversal";"Com Vítimas Feridas";"Plena Noite";"Crescente";"Chuva";"Simples";"Reta";"Sim";3;0;0;1;1;3;1;5;-26,28518;-48,646222;"SPRF-SC";"DEL03-SC";"UOP03-DEL03-SC"
550973;2023-09-25;"segunda-feira";"21:15:00";"GO";40;76,6;"CRISTALINA";"Reação tardia ou ineficiente do condutor";"Colisão traseira";"Com Vítimas Feridas";"Plena Noite";"Decrescente";"Céu Claro";"Simples";"Curva";"Não";4;0;2;0;1;1;2;3;-16,644545;-47,739479;"SPRF-DF";"DEL01-DF";"UOP02-DEL01-DF"
550974;2023-09-25;"segunda-feira";"22:00:00";"SC";282;506;"XANXERE";"Reação tardia ou ineficiente do condutor";"Capotamento";"Com Vítimas Feridas";"Plena Noite";"Decrescente";"Céu Claro";"Dupla";"Reta";"Não";3;0;1;0;1;1;1;3;-26,885712;-52,42907;"SPRF-SC";"DEL07-SC";"UOP01-DEL07-SC"
550981;2023-09-25;"segunda-feira";"23:50:00";"PE";232;8,4;"RECIFE";"Deficiência do Sistema de Iluminação/Sinalização";"Colisão traseira";"Com Vítimas Feridas";"Plena Noite";"Crescente";"Céu Claro";"Múltipla";"Reta";"Sim";3;0;0;1;2;0;1;2;-8,07583727;-34,97015791;"SPRF-PE";"DEL01-PE";"UOP01-DEL01-PE"
550983;2023-09-25;"segunda-feira";"23:00:00";"SC";280;24,3;"ARAQUARI";"Ausência de reação do condutor";"Colisão lateral sentido oposto";"Com Vítimas Feridas";"Plena Noite";"Decrescente";"Garoa/Chuvisco";"Simples";"Reta";"Sim";5;0;1;0;3;2;1;4;-26,37724921;-48,71953282;"SPRF-SC";"DEL03-SC";"UOP03-DEL03-SC"
550986;2023-09-26;"terça-feira";"00:04:00";"SC";101;205;"SAO JOSE";"Ausência de reação do condutor";"Colisão traseira";"Sem Vítimas";"Plena Noite";"Crescente";"Garoa/Chuvisco";"Simples";"Curva";"Não";2;0;0;0;2;0;0;2;-27,58313237;-48,61532885;"SPRF-SC";"DEL01-SC";"UOP01-DEL01-SC"
550990;2023-09-26;"terça-feira";"00:50:00";"PR";376;666;"GUARATUBA";"Velocidade Incompatível";"Tombamento";"Com Vítimas Feridas";"Plena Noite";"Crescente";"Nublado";"Dupla";"Declive;Curva";"Não";3;0;2;0;1;0;2;1;-25,86037408;-48,95087256;"SPRF-PR";"DEL01-PR";"UOP04-DEL01-PR"
550992;2023-09-26;"terça-feira";"01:20:00";"PR";116;19;"ANTONINA";"Ausência de reação do condutor";"Colisão traseira";"Com Vítimas Fatais";"Plena Noite";"Crescente";"Nublado";"Dupla";"Reta";"Não";4;1;1;0;1;1;1;2;-25,103087;-48,72037;"SPRF-PR";"DEL01-PR";"UOP02-DEL01-PR"
550996;2023-09-26;"terça-feira";"03:30:00";"GO";50;131,1;"IPAMERI";"Condutor Dormindo";"Tombamento";"Com Vítimas Fatais";"Plena Noite";"Decrescente";"Céu Claro";"Dupla";"Reta";"Não";2;1;0;0;0;1;0;2;-17,0157;-47,7603;"SPRF-GO";"DEL06-GO";"UOP01-DEL06-GO"
550997;2023-09-26;"terça-feira";"04:20:00";"RJ";101;273;"TANGUA";"Condutor Dormindo";"Colisão traseira";"Com Vítimas Feridas";"Plena Noite";"Crescente";"Céu Claro";"Dupla";"Reta";"Não";2;0;1;0;1;0;1;2;-22,7316093;-42,71051285;"SPRF-RJ";"DEL02-RJ";"UOP03-DEL02-RJ"
550999;2023-09-14;"quinta-feira";"07:15:00";"SP";381;25;"ATIBAIA";"Manobra de mudança de faixa";"Colisão com objeto";"Com Vítimas Feridas";"Amanhecer";"Crescente";"Céu Claro";"Dupla";"Reta";"Não";2;0;1;0;1;0;1;2;-23,02018004;-46,52966596;"SPRF-SP";"DEL03-SP";"UOP02-DEL03-SP"
551000;2023-09-26;"terça-feira";"06:50:00";"MG";381;525,5;"BRUMADINHO";"Condutor Dormindo";"Capotamento";"Com Vítimas Fatais";"Pleno dia";"Crescente";"Sol";"Dupla";"Curva";"Não";1;1;0;0;0;0;0;1;-20,16710798;-44,33422398;"SPRF-MG";"DEL04-MG";"UOP03-DEL04-MG"
551003;2023-06-29;"quinta-feira";"02:15:00";"CE";116;541;"PENAFORTE";"Animais na Pista";"Atropelamento de Animal";"Com Vítimas Feridas";"Amanhecer";"Crescente";"Céu Claro";"Simples";"Reta";"Não";1;0;1;0;0;0;1;1;-7,77028401;-39,06799897;"SPRF-CE";"DEL05-CE";"UOP03-DEL05-CE"
551005;2023-09-26;"terça-feira";"06:30:00";"MG";365;685,7;"MONTE ALEGRE DE MINAS";"Suicídio (presumido)";"Atropelamento de Pedestre";"Com Vítimas Fatais";"Pleno dia";"Crescente";"Céu Claro";"Múltipla";"Reta";"Sim";3;1;0;0;1;1;0;3;-18,86708255;-48,86813164;"SPRF-MG";"DEL15-MG";"UOP01-DEL15-MG"
551008;2023-09-09;"sábado";"12:30:00";"CE";222;285;"FRECHEIRINHA";"Condutor Dormindo";"Colisão frontal";"Com Vítimas Feridas";"Pleno dia";"Crescente";"Céu Claro";"Simples";"Reta";"Não";5;0;1;1;2;3;2;6;-3,72176534;-40,84965827;"SPRF-CE";"DEL04-CE";"UOP02-DEL04-CE"
551010;2023-09-26;"terça-feira";"05:00:00";"SC";280;180,2;"MAFRA";"Ultrapassagem Indevida";"Colisão frontal";"Com Vítimas Feridas";"Amanhecer";"Decrescente";"Chuva";"Simples";"Declive;Curva";"Não";3;0;0;1;1;1;1;3;-26,1759124;-49,8879912;"SPRF-SC";"DEL06-SC";"UOP01-DEL06-SC"
551018;2023-09-26;"terça-feira";"07:10:00";"MG";381;505,6;"BETIM";"Condutor Dormindo";"Colisão lateral mesmo sentido";"Com Vítimas Feridas";"Pleno dia";"Decrescente";"Céu Claro";"Dupla";"Reta";"Sim";3;0;1;0;1;1;1;3;-20,04478441;-44,27276484;"SPRF-MG";"DEL04-MG";"UOP03-DEL04-MG"
551019;2023-09-26;"terça-feira";"08:00:00";"GO";153;505;"APARECIDA DE GOIANIA";"Deficiência do Sistema de Iluminação/Sinalização";"Colisão traseira";"Com Vítimas Feridas";"Pleno dia";"Crescente";"Céu Claro";"Simples";"Reta";"Sim";2;0;1;0;1;0;1;2;-16,7537;-49,2411;"SPRF-GO";"DEL01-GO";"UOP01-DEL01-GO"
551022;2023-09-26;"terça-feira";"07:00:00";"TO";226;15;"PALMEIRAS DO TOCANTINS";"Demais falhas mecânicas ou elétricas";"Incêndio";"Sem Vítimas";"Amanhecer";"Crescente";"Céu Claro";"Simples";"Reta";"Não";2;0;0;0;2;0;0;1;-6,623703;-47,570244;"SPRF-TO";"DEL02-TO";"UOP03-DEL02-TO"
551026;2023-09-26;"terça-feira";"08:00:00";"MG";40;515,4;"RIBEIRAO DAS NEVES";"Condutor deixou de manter distância do veículo da frente";"Colisão lateral mesmo sentido";"Com Vítimas Feridas";"Pleno dia";"Crescente";"Céu Claro";"Dupla";"Reta";"Sim";3;0;0;1;1;2;1;4;-19,8090079;-44,09493479;"SPRF-MG";"DEL01-MG";"UOP02-DEL01-MG"
551027;2023-06-13;"terça-feira";"17:00:00";"MG";116;726,5;"LARANJAL";"Condutor deixou de manter distância do veículo da frente";"Colisão traseira";"Com Vítimas Feridas";"Anoitecer";"Crescente";"Chuva";"Simples";"Em Obras;Reta";"Não";2;0;1;0;1;0;1;2;-21,28972825;-42,41763654;"SPRF-MG";"DEL07-MG";"UOP02-DEL07-MG"
551032;2023-09-26;"terça-feira";"08:45:00";"SC";101;204,3;"SAO JOSE";"Trafegar com motocicleta (ou similar) entre as faixas";"Colisão lateral mesmo sentido";"Sem Vítimas";"Pleno dia";"Crescente";"Chuva";"Múltipla";"Reta";"Sim";3;0;0;0;2;2;0;4;-27,57413014;-48,61363083;"SPRF-SC";"DEL01-SC";"UOP01-DEL01-SC"
551036;2023-09-26;"terça-feira";"08:30:00";"PR";467;93,7;"CASCAVEL";"Velocidade Incompatível";"Saída de leito carroçável";"Com Vítimas Feridas";"Pleno dia";"Decrescente";"Céu Claro";"Dupla";"Curva";"Não";4;0;1;0;2;3;1;6;-24,8599;-53,5868;"SPRF-PR";"DEL04-PR";"UOP01-DEL04-PR"
551037;2023-09-10;"domingo";"16:20:00";"CE";222;311;"TIANGUA";"Velocidade Incompatível";"Atropelamento de Pedestre";"Com Vítimas Fatais";"Pleno dia";"Decrescente";"Céu Claro";"Simples";"Reta";"Sim";2;1;0;0;1;0;0;2;-3,711973;-40,984356;"SPRF-CE";"DEL04-CE";"UOP02-DEL04-CE"
551046;2023-09-26;"terça-feira";"09:58:00";"MG";40;613,4;"CONGONHAS";"Acumulo de areia ou detritos sobre o pavimento";"Colisão com objeto";"Sem Vítimas";"Pleno dia";"Decrescente";"Céu Claro";"Simples";"Curva";"Sim";5;0;0;0;4;1;0;3;-20,52319889;-43,8291359;"SPRF-MG";"DEL05-MG";"UOP02-DEL05-MG"
551047;2023-09-26;"terça-feira";"10:25:00";"SC";280;5;"SAO FRANCISCO DO SUL";"Condutor deixou de manter distância do veículo da frente";"Colisão traseira";"Com Vítimas Feridas";"Pleno dia";"Crescente";"Nublado";"Simples";"Reta";"Sim";1;0;1;0;0;0;1;1;-26,26011706;-48,62571995;"SPRF-SC";"DEL03-SC";"UOP03-DEL03-SC"
551053;2023-09-26;"terça-feira";"10:30:00";"PR";376;3,3;"APUCARANA";"Ausência de reação do condutor";"Colisão traseira";"Com Vítimas Feridas";"Pleno dia";"Decrescente";"Céu Claro";"Dupla";"Declive;Reta;Interseção de Vias";"Sim";2;0;1;0;1;0;1;2;-23,559051;-51,438971;"SPRF-PR";"DEL07-PR";"UOP03-DEL07-PR"
551055;2023-09-26;"terça-feira";"10:08:00";"PE";101;70;"RECIFE";"Reação tardia ou ineficiente do condutor";"Colisão traseira";"Com Vítimas Feridas";"Pleno dia";"Decrescente";"Céu Claro";"Dupla";"Reta";"Sim";4;0;2;0;1;1;2;3;-8,070136;-34,942389;"SPRF-PE";"DEL01-PE";"UOP01-DEL01-PE"
551056;2023-09-26;"terça-feira";"05:20:00";"BA";116;687;"JEQUIE";"Transitar na contramão";"Colisão lateral sentido oposto";"Com Vítimas Feridas";"Amanhecer";"Decrescente";"Céu Claro";"Simples";"Reta";"Não";4;0;0;1;2;2;1;4;-13,9121709;-40,15218318;"SPRF-BA";"DEL03-BA";"UOP01-DEL03-BA"
551070;2023-09-26;"terça-feira";"11:35:00";"SC";101;199;"SAO JOSE";"Reação tardia ou ineficiente do condutor";"Colisão traseira";"Com Vítimas Feridas";"Pleno dia";"Decrescente";"Chuva";"Dupla";"Declive;Reta";"Sim";3;0;1;0;1;1;1;3;-27,53699328;-48,62628037;"SPRF-SC";"DEL01-SC";"UOP01-DEL01-SC"
551073;2023-09-26;"terça-feira";"11:50:00";"CE";116;63,5;"CHOROZINHO";"Demais falhas mecânicas ou elétricas";"Incêndio";"Sem Vítimas";"Pleno dia";"Crescente";"Céu Claro";"Simples";"Reta";"Não";3;0;0;0;3;0;0;1;-4,24676793;-38,48372024;"SPRF-CE";"DEL03-CE";"UOP02-DEL03-CE"
551077;2023-08-25;"sexta-feira";"11:40:00";"MG";153;76;"PRATA";"Ausência de reação do condutor";"Engavetamento";"Com Vítimas Feridas";"Pleno dia";"Crescente";"Céu Claro";"Simples";"Declive";"Não";14;0;3;3;8;0;6;6;-19,03073298;-49,01085007;"SPRF-MG";"DEL15-MG";"UOP03-DEL15-MG"
551078;2023-09-26;"terça-feira";"11:15:00";"SC";282;527,2;"CORDILHEIRA ALTA";"Ausência de reação do condutor";"Colisão lateral sentido oposto";"Com Vítimas Feridas";"Pleno dia";"Decrescente";"Céu Claro";"Simples";"Curva";"Não";5;0;0;1;3;1;1;5;-26,97439;-52,587551;"SPRF-SC";"DEL07-SC";"UOP01-DEL07-SC"