"id";"data_inversa";"dia_semana";"horario";"uf";"br";"km";"municipio";"causa_acidente";"tipo_acidente";"classificacao_acidente";"fase_dia";"sentido_via";"condicao_metereologica";"tipo_pista";"tracado_via";"uso_solo";"pessoas";"mortos";"feridos_leves";"feridos_graves";"ilesos";"ignorados";"feridos";"veiculos";"latitude";"longitude";"regional";"delegacia";"uop"
551080;2023-09-26;"terça-feira";"11:48:00";"BA";324;592;"CANDEIAS";"Condutor deixou de manter distância do veículo da frente";"Colisão traseira";"Com Vítimas Feridas";"Pleno dia";"Decrescente";"Céu Claro";"Dupla";"Curva";"Não";3;0;1;0;1;2;1;4;-12,70439932;-38,46382141;"SPRF-BA";"DEL01-BA";"UOP01-DEL01-BA"
551082;2023-09-26;"terça-feira";"12:10:00";"PE";101;101;"CABO DE SANTO AGOSTINHO";"Condutor Dormindo";"Tombamento";"Com Vítimas Feridas";"Pleno dia";"Decrescente";"Céu Claro";"Dupla";"Reta";"Não";3;0;1;0;1;2;1;3;-8,2757433;-35,05378122;"SPRF-PE";"DEL01-PE";"UOP03-DEL01-PE"
551083;2023-09-26;"terça-feira";"12:45:00";"PB";104;168;"BARRA DE SANTANA";"Acessar a via sem observar a presença dos outros veículos";"Colisão transversal";"Com Vítimas Feridas";"Pleno dia";"Decrescente";"Céu Claro";"Simples";"Curva";"Não";5;0;4;0;1;0;4;2;-7,5782404179;-36,0145538924;"SPRF-PB";"DEL02-PB";"UOP03-DEL02-PB"
551091;2023-09-26;"terça-feira";"14:20:00";"MG";381;483,7;"BETIM";"Ausência de reação do condutor";"Colisão traseira";"Com Vítimas Feridas";"Pleno dia";"Decrescente";"Sol";"Dupla";"Reta";"Sim";3;0;2;0;0;1;2;2;-19,9597052;-44,08605337;"SPRF-MG";"DEL01-MG";"UOP03-DEL01-MG"
551092;2023-09-26;"terça-feira";"13:30:00";"CE";116;57;"PACAJUS";"Transtornos Mentais (exceto suicidio)";"Colisão lateral sentido oposto";"Com Vítimas Feridas";"Pleno dia";"Crescente";"Céu Claro";"Simples";"Declive;Reta";"Não";2;0;1;0;1;0;1;2;-4,22090704;-38,47582987;"SPRF-CE";"DEL03-CE";"UOP02-DEL03-CE"
551093;2023-09-26;"terça-feira";"06:10:00";"SC";282;419;"VARGEM BONITA";"Velocidade Incompatível";"Tombamento";"Com Vítimas Feridas";"Amanhecer";"Crescente";"Céu Claro";"Simples";"Curva";"Não";1;0;0;1;0;0;1;1;-27,019398;-51,729195;"SPRF-SC";"DEL07-SC";"UOP05-DEL07-SC"
551094;2023-09-19;"terça-feira";"20:40:00";"BA";101;613;"MASCOTE";"Velocidade Incompatível";"Tombamento";"Com Vítimas Feridas";"Plena Noite";"Crescente";"Céu Claro";"Simples";"Curva";"Não";2;0;1;0;0;1;1;2;-15,75042705;-39,4801369;"SPRF-BA";"DEL05-BA";"UOP02-DEL05-BA"
551095;2023-09-26;"terça-feira";"14:40:00";"RJ";393;267,9;"BARRA DO PIRAI";"Acessar a via sem observar a presença dos outros veículos";"Colisão transversal";"Com Vítimas Feridas";"Pleno dia";"Crescente";"Céu Claro";"Simples";"Reta";"Sim";3;0;0;1;1;1;1;3;-22,48780458;-43,90932706;"SPRF-RJ";"DEL05-RJ";"UOP04-DEL05-RJ"
551097;2023-09-26;"terça-feira";"11:20:00";"MG";40;599,2;"OURO PRETO";"Condutor deixou de manter distância do veículo da frente";"Colisão traseira";"Com Vítimas Feridas";"Pleno dia";"Decrescente";"Céu Claro";"Simples";"Curva;Aclive";"Não";2;0;1;0;1;0;1;2;-20,42266935;-43,86998534;"SPRF-MG";"DEL05-MG";"UOP02-DEL05-MG"
551102;2023-09-26;"terça-feira";"15:00:00";"SP";116;72,9;"APARECIDA";"Manobra de mudança de faixa";"Colisão lateral mesmo sentido";"Com Vítimas Feridas";"Pleno dia";"Decrescente";"Céu Claro";"Dupla";"Reta;Aclive";"Não";4;0;1;0;2;1;1;3;-22,86354218;-45,23746093;"SPRF-SP";"DEL08-SP";"UOP01-DEL08-SP"
551105;2023-09-26;"terça-feira";"12:40:00";"PR";369;25;"CAMBARA";"Ausência de reação do condutor";"Colisão traseira";"Com Vítimas Feridas";"Pleno dia";"Decrescente";"Sol";"Simples";"Reta";"Não";3;0;1;0;1;1;1;3;-23,0388604;-50,12345374;"SPRF-PR";"DEL07-PR";"UOP05-DEL07-PR"
551109;2023-09-26;"terça-feira";"10:00:00";"RJ";40;52;"PETROPOLIS";"Ausência de reação do condutor";"Colisão traseira";"Com Vítimas Feridas";"Pleno dia";"Crescente";"Céu Claro";"Dupla";"Aclive;Curva";"Não";3;0;1;0;1;1;1;3;-22,33571319;-43,13320403;"SPRF-RJ";"DEL05-RJ";"UOP02-DEL05-RJ"
551112;2023-09-06;"quarta-feira";"12:30:00";"MG";365;590;"ARAGUARI";"Carga excessiva e/ou mal acondicionada";"Saída de leito carroçável";"Com Vítimas Feridas";"Pleno dia";"Decrescente";"Céu Claro";"Simples";"Aclive";"Não";1;0;1;0;0;0;1;1;-18,88309889;-48,04310394;"SPRF-MG";"DEL15-MG";"UOP02-DEL15-MG"
551115;2023-09-26;"terça-feira";"16:15:00";"PR";376;412,8;"TIBAGI";"Manobra de mudança de faixa";"Colisão lateral mesmo sentido";"Sem Vítimas";"Pleno dia";"Crescente";"Céu Claro";"Dupla";"Reta;Declive";"Não";3;0;0;0;2;2;0;4;-24,63786425;-50,63357234;"SPRF-PR";"DEL03-PR";"UOP02-DEL03-PR"
551120;2023-09-26;"terça-feira";"16:50:00";"PR";376;213;"MANDAGUARI";"Demais falhas mecânicas ou elétricas";"Incêndio";"Com Vítimas Feridas";"Pleno dia";"Crescente";"Céu Claro";"Dupla";"Reta";"Não";2;0;1;0;0;1;1;2;-23,5808343;-51,65143895;"SPRF-PR";"DEL09-PR";"UOP01-DEL09-PR"
551123;2023-09-26;"terça-feira";"16:15:00";"MG";262;695;"ARAXA";"Condutor deixou de manter distância do veículo da frente";"Colisão traseira";"Sem Vítimas";"Pleno dia";"Decrescente";"Céu Claro";"Simples";"Reta;Aclive";"Não";3;0;0;0;2;3;0;5;-19,567251;-46,983777;"SPRF-MG";"DEL08-MG";"UOP01-DEL08-MG"
551130;2023-09-26;"terça-feira";"17:11:00";"RS";392;134,9;"CANGUCU";"Acessar a via sem observar a presença dos outros veículos";"Colisão transversal";"Com Vítimas Feridas";"Anoitecer";"Crescente";"Chuva";"Simples";"Reta";"Não";3;0;0;1;1;1;1;3;-31,290649;-52,78312401;"SPRF-RS";"DEL07-RS";"UOP01-DEL07-RS"
551153;2023-09-26;"terça-feira";"15:50:00";"DF";20;19;"BRASILIA";"Chuva";"Saída de leito carroçável";"Sem Vítimas";"Pleno dia";"Decrescente";"Chuva";"Dupla";"Declive";"Sim";2;0;0;0;1;1;0;2;-15,612175;-47,700928;"SPRF-DF";"DEL02-DF";"UOP01-DEL02-DF"
551155;2023-09-26;"terça-feira";"15:00:00";"DF";20;16;"BRASILIA";"Chuva";"Saída de leito carroçável";"Sem Vítimas";"Pleno dia";"Crescente";"Chuva";"Dupla";"Declive;Reta";"Não";2;0;0;0;1;1;0;2;-15,625675;-47,725159;"SPRF-DF";"DEL02-DF";"UOP01-DEL02-DF"
551157;2023-09-26;"terça-feira";"16:40:00";"MA";222;677;"ACAILANDIA";"Conversão proibida";"Colisão transversal";"Com Vítimas Feridas";"Pleno dia";"Crescente";"Sol";"Simples";"Reta";"Sim";2;0;0;1;1;0;1;2;-4,94746472;-47,47679017;"SPRF-MA";"DEL04-MA";"UOP03-DEL04-MA"
551159;2023-09-26;"terça-feira";"17:00:00";"SC";101;412;"ARARANGUA";"Ausência de reação do condutor";"Tombamento";"Sem Vítimas";"Pleno dia";"Decrescente";"Chuva";"Dupla";"Reta";"Não";2;0;0;0;1;2;0;3;-28,939333;-49,497513;"SPRF-SC";"DEL02-SC";"UOP02-DEL02-SC"
551160;2023-09-26;"terça-feira";"19:30:00";"PR";376;646;"TIJUCAS DO SUL";"Velocidade Incompatível";"Colisão traseira";"Com Vítimas Feridas";"Plena Noite";"Crescente";"Nublado";"Dupla";"Reta";"Não";4;0;1;0;2;2;1;5;-25,82793738;-49,11945654;"SPRF-PR";"DEL01-PR";"UOP04-DEL01-PR"
551163;2023-08-04;"sexta-feira";"12:30:00";"PI";316;85,2;"OLHO DAGUA DO PIAUI";"Ultrapassagem Indevida";"Capotamento";"Com Vítimas Feridas";"Pleno dia";"Crescente";"Sol";"Simples";"Em Obras;Reta";"Não";3;0;0;1;0;2;1;3;-5,77177776;-42,5931729;"SPRF-PI";"DEL04-PI";"UOP02-DEL04-PI"
551164;2023-09-26;"terça-feira";"19:01:00";"PE";316;4,8;"ARARIPINA";"Acessar a via sem observar a presença dos outros veículos";"Colisão transversal";"Com Vítimas Feridas";"Plena Noite";"Crescente";"Céu Claro";"Simples";"Reta";"Não";2;0;0;1;1;0;1;2;-7,46125825;-40,62917726;"SPRF-PE";"DEL05-PE";"UOP02-DEL05-PE"
551167;2023-09-26;"terça-feira";"17:40:00";"MG";365;418;"PATOS DE MINAS";"Acessar a via sem observar a presença dos outros veículos";"Colisão transversal";"Com Vítimas Fatais";"Pleno dia";"Decrescente";"Céu Claro";"Simples";"Reta";"Não";3;1;0;0;1;1;0;3;-18,69066567;-46,58673522;"SPRF-MG";"DEL10-MG";"UOP01-DEL10-MG"
551169;2023-09-26;"terça-feira";"21:15:00";"MG";381;497;"BETIM";"Pedestre cruzava a pista fora da faixa";"Atropelamento de Pedestre";"Com Vítimas Feridas";"Plena Noite";"Decrescente";"Céu Claro";"Dupla";"Curva;Aclive";"Sim";3;0;1;0;0;2;1;2;-19,97578898;-44,19750452;"SPRF-MG";"DEL04-MG";"UOP03-DEL04-MG"
551171;2023-09-26;"terça-feira";"11:20:00";"BA";242;293;"LAJEDINHO";"Reação tardia ou ineficiente do condutor";"Tombamento";"Sem Vítimas";"Pleno dia";"Decrescente";"Céu Claro";"Simples";"Declive;Curva";"Não";2;0;0;0;1;2;0;3;-12,44104699;-40,83284199;"SPRF-BA";"DEL06-BA";"UOP02-DEL06-BA"
551172;2023-09-26;"terça-feira";"21:00:00";"PR";277;4,5;"PARANAGUA";"Condutor desrespeitou a iluminação vermelha do semáforo";"Colisão lateral mesmo sentido";"Com Vítimas Feridas";"Plena Noite";"Decrescente";"Céu Claro";"Dupla";"Reta";"Sim";6;0;0;1;3;4;1;7;-25,53266037;-48,52980182;"SPRF-PR";"DEL01-PR";"UOP05-DEL01-PR"
551174;2023-09-26;"terça-feira";"20:00:00";"AL";316;94;"SANTANA DO IPANEMA";"Condutor deixou de manter distância do veículo da frente";"Colisão traseira";"Sem Vítimas";"Plena Noite";"Crescente";"Céu Claro";"Simples";"Reta";"Não";2;0;0;0;1;1;0;2;-9,38741982;-37,17073;"SPRF-AL";"DEL03-AL";"UOP02-DEL03-AL"
551185;2023-09-26;"terça-feira";"22:50:00";"PR";376;615;"SAO JOSE DOS PINHAIS";"Ausência de reação do condutor";"Colisão traseira";"Com Vítimas Feridas";"Plena Noite";"Decrescente";"Céu Claro";"Dupla";"Reta;Declive";"Não";2;0;1;0;1;0;1;2;-25,569237;-49,183735;"SPRF-PR";"DEL01-PR";"UOP06-DEL01-PR"
551188;2023-09-26;"terça-feira";"23:00:00";"RJ";393;281;"BARRA DO PIRAI";"Reação tardia ou ineficiente do condutor";"Engavetamento";"Com Vítimas Feridas";"Plena Noite";"Decrescente";"Céu Claro";"Simples";"Reta";"Sim";6;0;2;0;2;2;2;4;-22,48025569;-44,02974901;"SPRF-RJ";"DEL05-RJ";"UOP04-DEL05-RJ"
551190;2023-09-26;"terça-feira";"23:10:00";"MG";116;777,2;"LEOPOLDINA";"Demais falhas mecânicas ou elétricas";"Incêndio";"Sem Vítimas";"Plena Noite";"Crescente";"Céu Claro";"Simples";"Curva";"Não";1;0;0;0;1;0;0;1;-21,59632074;-42,69196405;"SPRF-MG";"DEL07-MG";"UOP01-DEL07-MG"
551191;2023-09-26;"terça-feira";"18:15:00";"MA";230;525;"RIACHAO";"Transitar na contramão";"Colisão frontal";"Com Vítimas Fatais";"Plena Noite";"Decrescente";"Céu Claro";"Simples";"Reta;Aclive";"Não";3;1;0;1;0;1;1;2;-7,410773;-47,048069;"SPRF-MA";"DEL05-MA";"UOP01-DEL05-MA"
551195;2023-09-26;"terça-feira";"23:11:00";"MG";50;193,9;"UBERABA";"Ausência de reação do condutor";"Colisão com objeto";"Com Vítimas Feridas";"Plena Noite";"Crescente";"Garoa/Chuvisco";"Dupla";"Reta";"Não";2;0;1;0;0;1;1;2;-19,87965993;-47,85365089;"SPRF-MG";"DEL13-MG";"UOP01-DEL13-MG"
551196;2023-09-26;"terça-feira";"19:15:00";"RS";448;15;"CANOAS";"Acessar a via sem observar a presença dos outros veículos";"Colisão transversal";"Com Vítimas Fatais";"Plena Noite";"Crescente";"Chuva";"Múltipla";"Reta";"Não";4;1;0;0;2;1;0;4;-29,927263;-51,217751;"SPRF-RS";"DEL01-RS";"UOP01-DEL01-RS"
551197;2023-09-27;"quarta-feira";"00:30:00";"GO";50;146;"IPAMERI";"Reação tardia ou ineficiente do condutor";"Saída de leito carroçável";"Com Vítimas Feridas";"Plena Noite";"Crescente";"Céu Claro";"Dupla";"Reta";"Não";2;0;1;0;0;2;1;3;-17,1391;-47,7232;"SPRF-GO";"DEL06-GO";"UOP01-DEL06-GO"
551198;2023-09-27;"quarta-feira";"01:50:00";"SC";101;192;"BIGUACU";"Velocidade Incompatível";"Derramamento de carga";"Sem Vítimas";"Plena Noite";"Decrescente";"Chuva";"Dupla";"Curva";"Não";2;0;0;0;1;2;0;3;-27,48443781;-48,64765238;"SPRF-SC";"DEL01-SC";"UOP01-DEL01-SC"
551199;2023-09-27;"quarta-feira";"05:00:00";"MG";267;238,5;"LIBERDADE";"Curva acentuada";"Tombamento";"Com Vítimas Feridas";"Amanhecer";"Crescente";"Nublado";"Simples";"Curva";"Não";3;0;1;0;0;2;1;3;-21,92856091;-44,38769398;"SPRF-MG";"DEL17-MG";"UOP01-DEL17-MG"
551200;2023-09-27;"quarta-feira";"05:10:00";"SP";116;223;"GUARULHOS";"Reação tardia ou ineficiente do condutor";"Colisão traseira";"Com Vítimas Feridas";"Amanhecer";"Decrescente";"Nublado";"Múltipla";"Reta";"Sim";2;0;1;0;1;0;1;2;-23,47559815;-46,5246609;"SPRF-SP";"DEL01-SP";"UOP01-DEL01-SP"
551201;2023-09-27;"quarta-feira";"01:10:00";"PB";412;85,8;"SERRA BRANCA";"Condutor Dormindo";"Saída de leito carroçável";"Sem Vítimas";"Plena Noite";"Decrescente";"Céu Claro";"Simples";"Reta";"Não";2;0;0;0;1;2;0;3;-7,537379;-36,729534;"SPRF-PB";"DEL02-PB";"UOP02-DEL02-PB"
551203;2023-09-27;"quarta-feira";"06:00:00";"PE";423;85;"SAO JOAO";"Acesso irregular";"Colisão transversal";"Sem Vítimas";"Amanhecer";"Decrescente";"Céu Claro";"Simples";"Reta";"Não";2;0;0;0;2;0;0;2;-8,811144;-36,443924;"SPRF-PE";"DEL03-PE";"UOP01-DEL03-PE"
551204;2023-09-27;"quarta-feira";"04:45:00";"MG";50;157;"UBERABA";"Demais falhas mecânicas ou elétricas";"Incêndio";"Com Vítimas Feridas";"Amanhecer";"Crescente";"Céu Claro";"Dupla";"Reta;Aclive";"Não";1;0;1;0;0;0;1;1;-19,62528388;-48,01556068;"SPRF-MG";"DEL13-MG";"UOP01-DEL13-MG"
551205;2023-09-27;"quarta-feira";"05:40:00";"DF";20;7;"BRASILIA";"Reação tardia ou ineficiente do condutor";"Colisão traseira";"Com Vítimas Feridas";"Amanhecer";"Crescente";"Céu Claro";"Dupla";"Declive;Reta";"Sim";6;0;4;0;2;0;4;3;-15,662208;-47,799866;"SPRF-DF";"DEL02-DF";"UOP01-DEL02-DF"
551208;2023-09-27;"quarta-feira";"03:00:00";"MS";262;120;"AGUA CLARA";"Demais falhas mecânicas ou elétricas";"Incêndio";"Sem Vítimas";"Plena Noite";"Crescente";"Céu Claro";"Simples";"Reta";"Não";2;0;0;0;1;3;0;4;-20,50642214;-52,67299202;"SPRF-MS";"DEL07-MS";"UOP02-DEL07-MS"
551213;2023-09-27;"quarta-feira";"06:00:00";"GO";60;109;"GOIANAPOLIS";"Condutor deixou de manter distância do veículo da frente";"Colisão traseira";"Com Vítimas Feridas";"Amanhecer";"Crescente";"Chuva";"Dupla";"Reta";"Não";4;0;1;1;1;1;2;3;-16,4478;-49,0224;"SPRF-GO";"DEL01-GO";"UOP01-DEL01-GO"
551214;2023-09-27;"quarta-feira";"05:50:00";"MT";158;749;"BARRA DO GARCAS";"Reação tardia ou ineficiente do condutor";"Colisão traseira";"Com Vítimas Feridas";"Amanhecer";"Crescente";"Garoa/Chuvisco";"Simples";"Reta";"Não";5;0;0;2;2;2;2;4;-15,47903301;-52,20282258;"SPRF-MT";"DEL07-MT";"UOP01-DEL07-MT"
551215;2023-09-27;"quarta-feira";"06:50:00";"BA";101;231;"SAPEACU";"Entrada inopinada do pedestre";"Atropelamento de Pedestre";"Com Vítimas Fatais";"Pleno dia";"Crescente";"Céu Claro";"Simples";"Reta";"Não";2;1;0;0;1;0;0;2;-12,72957144;-39,18119373;"SPRF-BA";"DEL01-BA";"UOP02-DEL01-BA"
551216;2023-09-27;"quarta-feira";"03:44:00";"MG";381;657;"SANTO ANTONIO DO AMPARO";"Condutor deixou de manter distância do veículo da frente";"Colisão traseira";"Com Vítimas Feridas";"Plena Noite";"Crescente";"Nublado";"Dupla";"Declive;Reta";"Não";2;0;2;0;0;0;2;2;-20,997156;-44,963565;"SPRF-MG";"DEL04-MG";"UOP02-DEL04-MG"
551217;2023-09-27;"quarta-feira";"07:15:00";"PR";369;203;"APUCARANA";"Manobra de mudança de faixa";"Colisão lateral mesmo sentido";"Sem Vítimas";"Pleno dia";"Decrescente";"Céu Claro";"Simples";"Declive;Reta";"Sim";4;0;0;0;3;1;0;3;-23,54774694;-51,45124376;"SPRF-PR";"DEL07-PR";"UOP03-DEL07-PR"
551220;2023-09-27;"quarta-feira";"07:50:00";"ES";101;229,9;"FUNDAO";"Reação tardia ou ineficiente do condutor";"Colisão frontal";"Sem Vítimas";"Pleno dia";"Crescente";"Sol";"Simples";"Curva";"Sim";3;0;0;0;2;1;0;3;-19,92727879;-40,40587142;"SPRF-ES";"DEL02-ES";"UOP01-DEL02-ES"
551227;2023-09-27;"quarta-feira";"07:30:00";"CE";116;60;"CHOROZINHO";"Ultrapassagem Indevida";"Colisão frontal";"Com Vítimas Feridas";"Pleno dia";"Crescente";"Céu Claro";"Simples";"Reta;Aclive";"Sim";3;0;2;0;0;1;2;3;-4,24676793;-38,48372024;"SPRF-CE";"DEL03-CE";"UOP02-DEL03-CE"
551232;2023-09-27;"quarta-feira";"09:05:00";"SC";101;213,1;"PALHOCA";"Ausência de reação do condutor";"Colisão traseira";"Sem Vítimas";"Pleno dia";"Decrescente";"Nublado";"Dupla";"Aclive;Reta";"Sim";3;0;0;0;2;1;0;3;-27,63697369;-48,66514142;"SPRF-SC";"DEL01-SC";"UOP02-DEL01-SC"
551236;2023-09-27;"quarta-feira";"08:00:00";"PR";277;431,9;"VIRMOND";"Condutor Dormindo";"Colisão frontal";"Com Vítimas Feridas";"Pleno dia";"Decrescente";"Céu Claro";"Simples";"Curva";"Não";3;0;0;1;1;1;1;3;-25,37546;-52,21646;"SPRF-PR";"DEL04-PR";"UOP02-DEL04-PR"
551239;2023-09-27;"quarta-feira";"08:00:00";"MS";376;6,3;"DOURADOS";"Objeto estático sobre o leito carroçável";"Colisão com objeto";"Com Vítimas Feridas";"Pleno dia";"Crescente";"Nublado";"Simples";"Reta";"Não";2;0;1;0;0;1;1;2;-22,23642697;-54,65583896;"SPRF-MS";"DEL04-MS";"UOP01-DEL04-MS"
551243;2023-09-27;"quarta-feira";"09:39:00";"SP";116;323,6;"JUQUITIBA";"Manobra de mudança de faixa";"Colisão lateral mesmo sentido";"Sem Vítimas";"Pleno dia";"Decrescente";"Nublado";"Dupla";"Reta";"Sim";2;0;0;0;2;0;0;2;-23,93663197;-47,03568002;"SPRF-SP";"DEL04-SP";"UOP03-DEL04-SP"
551244;2023-08-14;"segunda-feira";"14:10:00";"TO";153;149;"ARAGUAINA";"Ingestão de álcool pelo condutor";"Tombamento";"Com Vítimas Feridas";"Pleno dia";"Decrescente";"Céu Claro";"Simples";"Reta";"Sim";4;0;1;1;1;2;2;5;-7,239191;-48,254288;"SPRF-TO";"DEL02-TO";"UOP01-DEL02-TO"
551245;2023-09-27;"quarta-feira";"09:40:00";"MG";381;611,9;"OLIVEIRA";"Demais falhas mecânicas ou elétricas";"Engavetamento";"Com Vítimas Feridas";"Pleno dia";"Crescente";"Chuva";"Dupla";"Reta";"Não";5;0;1;0;3;2;1;6;-20,69380629;-44,74707127;"SPRF-MG";"DEL04-MG";"UOP01-DEL04-MG"
551249;2023-09-27;"quarta-feira";"08:00:00";"BA";242;294;"LAJEDINHO";"Acostamento em desnível";"Eventos atípicos";"Sem Vítimas";"Amanhecer";"Decrescente";"Céu Claro";"Simples";"Reta;Declive";"Não";2;0;0;0;1;2;0;3;-12,43874222;-40,84106995;"SPRF-BA";"DEL06-BA";"UOP02-DEL06-BA"
551250;2023-09-27;"quarta-feira";"09:55:00";"PR";277;569,4;"CASCAVEL";"Ausência de reação do condutor";"Colisão lateral sentido oposto";"Com Vítimas Feridas";"Pleno dia";"Decrescente";"Nevoeiro/Neblina";"Simples";"Curva";"Não";3;0;1;0;1;1;1;3;-25,02498709;-53,27677113;"SPRF-PR";"DEL04-PR";"UOP01-DEL04-PR"
551253;2023-09-27;"quarta-feira";"09:45:00";"GO";20;61,4;"FORMOSA";"Reação tardia ou ineficiente do condutor";"Colisão traseira";"Com Vítimas Feridas";"Pleno dia";"Crescente";"Sol";"Simples";"Declive";"Não";5;0;2;0;2;2;2;4;-15,238772;-47,17049;"SPRF-DF";"DEL02-DF";"UOP02-DEL02-DF"
551254;2023-09-27;"quarta-feira";"10:00:00";"BA";116;818;"VITORIA DA CONQUISTA";"Condutor usando celular";"Colisão traseira";"Com Vítimas Feridas";"Pleno dia";"Crescente";"Céu Claro";"Simples";"Aclive";"Não";2;0;0;1;1;0;1;2;-14,78621813;-40,74705093;"SPRF-BA";"DEL08-BA";"UOP01-DEL08-BA"
551255;2023-09-27;"quarta-feira";"10:30:00";"BA";116;814;"VITORIA DA CONQUISTA";"Condutor deixou de manter distância do veículo da frente";"Engavetamento";"Com Vítimas Feridas";"Pleno dia";"Crescente";"Céu Claro";"Simples";"Reta";"Não";4;0;1;0;2;3;1;6;-14,80712;-40,78697;"SPRF-BA";"DEL08-BA";"UOP01-DEL08-BA"
551257;2023-09-27;"quarta-feira";"11:10:00";"ES";101;395,4;"RIO NOVO DO SUL";"Conversão proibida";"Colisão transversal";"Com Vítimas Feridas";"Pleno dia";"Decrescente";"Sol";"Simples";"Curva;Rotatória";"Sim";4;0;1;0;1;2;1;4;-20,86609026;-40,93698978;"SPRF-ES";"DEL03-ES";"UOP02-DEL03-ES"
551261;2023-09-27;"quarta-feira";"10:50:00";"SE";101;151;"ESTANCIA";"Condutor deixou de manter distância do veículo da frente";"Colisão traseira";"Com Vítimas Feridas";"Pleno dia";"Crescente";"Céu Claro";"Simples";"Reta";"Sim";7;0;1;0;5;1;1;4;-11,26151;-37,441227;"SPRF-SE";"DEL02-SE";"UOP01-DEL02-SE"
551263;2023-09-27;"quarta-feira";"11:38:00";"PR";277;32,3;"MORRETES";"Velocidade Incompatível";"Tombamento";"Com Vítimas Feridas";"Pleno dia";"Crescente";"Céu Claro";"Simples";"Curva;Declive";"Não";2;0;1;0;0;1;1;2;-25,547373;-48,790559;"SPRF-PR";"DEL01-PR";"UOP05-DEL01-PR"
551266;2023-09-27;"quarta-feira";"11:15:00";"RJ";101;478;"ANGRA DOS REIS";"Reação tardia ou ineficiente do condutor";"Saída de leito carroçável";"Com Vítimas Feridas";"Pleno dia";"Crescente";"Nublado";"Simples";"Reta;Declive";"Sim";2;0;1;0;1;0;1;1;-23,00246527;-44,27270594;"SPRF-RJ";"DEL03-RJ";"UOP03-DEL03-RJ"
551269;2023-09-27;"quarta-feira";"10:15:00";"TO";153;153;"ARAGUAINA";"Acessar a via sem observar a presença dos outros veículos";"Colisão transversal";"Com Vítimas Fatais";"Pleno dia";"Crescente";"Céu Claro";"Simples";"Reta";"Não";3;1;0;0;1;1;0;3;-7,27288096;-48,2662611;"SPRF-TO";"DEL02-TO";"UOP01-DEL02-TO"
551270;2023-09-27;"quarta-feira";"07:00:00";"TO";153;242;"COLINAS DO TOCANTINS";"Demais falhas mecânicas ou elétricas";"Colisão traseira";"Com Vítimas Feridas";"Pleno dia";"Crescente";"Céu Claro";"Simples";"Reta";"Não";4;0;1;0;2;3;1;6;-8,01201701;-48,46522056;"SPRF-TO";"DEL02-TO";"UOP01-DEL02-TO"
551283;2023-07-31;"segunda-feira";"03:30:00";"RJ";116;75;"TERESOPOLIS";"Transitar na contramão";"Colisão frontal";"Com Vítimas Fatais";"Plena Noite";"Decrescente";"Nublado";"Simples";"Curva";"Não";2;1;0;0;1;0;0;2;-22,3617791;-42,94152556;"SPRF-RJ";"DEL04-RJ";"UOP01-DEL04-RJ"
551284;2023-09-27;"quarta-feira";"13:30:00";"MS";163;479;"CAMPO GRANDE";"Conversão proibida";"Colisão transversal";"Com Vítimas Feridas";"Pleno dia";"Crescente";"Céu Claro";"Simples";"Reta";"Sim";2;0;0;1;1;0;1;2;-20,487322;-54,55929095;"SPRF-MS";"DEL01-MS";"UOP01-DEL01-MS"
551288;2023-09-27;"quarta-feira";"09:30:00";"BA";116;719,2;"MANOEL VITORINO";"Velocidade Incompatível";"Tombamento";"Com Vítimas Feridas";"Pleno dia";"Decrescente";"Sol";"Simples";"Curva;Declive";"Não";2;0;1;0;0;1;1;2;-14,22811175;-40,2803421;"SPRF-BA";"DEL08-BA";"UOP02-DEL08-BA"
551289;2023-09-27;"quarta-feira";"14:30:00";"SP";116;311;"SAO LOURENCO DA SERRA";"Ausência de reação do condutor";"Saída de leito carroçável";"Com Vítimas Feridas";"Pleno dia";"Crescente";"Nublado";"Dupla";"Curva";"Sim";2;0;1;0;0;1;1;2;-23,87725502;-46,96775798;"SPRF-SP";"DEL04-SP";"UOP01-DEL04-SP"
551292;2023-09-27;"quarta-feira";"14:00:00";"RO";364;709;"PORTO VELHO";"Acessar a via sem observar a presença dos outros veículos";"Colisão lateral mesmo sentido";"Com Vítimas Feridas";"Pleno dia";"Crescente";"Nublado";"Dupla";"Reta";"Sim";3;0;2;0;1;0;2;2;-8,79554083;-63,84072487;"SPRF-RO";"DEL01-RO";"UOP01-DEL01-RO"
551296;2023-09-27;"quarta-feira";"15:15:00";"TO";153;496;"PARAISO DO TOCANTINS";"Velocidade Incompatível";"Colisão frontal";"Com Vítimas Fatais";"Pleno dia";"Decrescente";"Céu Claro";"Simples";"Curva";"Não";3;1;0;0;1;2;0;4;-10,16527794;-48,88094578;"SPRF-TO";"DEL01-TO";"UOP01-DEL01-TO"
551301;2023-09-23;"sábado";"11:40:00";"SC";101;132,2;"BALNEARIO CAMBORIU";"Pedestre cruzava a pista fora da faixa";"Atropelamento de Pedestre";"Com Vítimas Fatais";"Pleno dia";"Decrescente";"Nublado";"Múltipla";"Reta";"Sim";3;1;0;0;1;1;0;3;-26,9973054;-48,6525774;"SPRF-SC";"DEL04-SC";"UOP03-DEL04-SC"
551308;2023-07-13;"quinta-feira";"14:00:00";"MT";163;1046;"MATUPA";"Ausência de reação do condutor";"Colisão lateral sentido oposto";"Com Vítimas Feridas";"Pleno dia";"Crescente";"Céu Claro";"Simples";"Curva";"Não";6;0;2;0;2;2;2;3;-10,23589082;-54,98158223;"SPRF-MT";"DEL06-MT";"UOP03-DEL06-MT"