"id";"data_inversa";"dia_semana";"horario";"uf";"br";"km";"municipio";"causa_acidente";"tipo_acidente";"classificacao_acidente";"fase_dia";"sentido_via";"condicao_metereologica";"tipo_pista";"tracado_via";"uso_solo";"pessoas";"mortos";"feridos_leves";"feridos_graves";"ilesos";"ignorados";"feridos";"veiculos";"latitude";"longitude";"regional";"delegacia";"uop"
551310;2023-09-27;"quarta-feira";"14:50:00";"MT";364;283,6;"JACIARA";"Reação tardia ou ineficiente do condutor";"Saída de leito carroçável";"Com Vítimas Feridas";"Pleno dia";"Decrescente";"Chuva";"Dupla";"Curva;Aclive";"Não";2;0;0;1;0;1;1;2;-15,91114583;-55,04114295;"SPRF-MT";"DEL05-MT";"UOP02-DEL05-MT"
551312;2023-09-27;"quarta-feira";"16:20:00";"SC";101;120;"ITAJAI";"Manobra de mudança de faixa";"Colisão lateral mesmo sentido";"Com Vítimas Feridas";"Pleno dia";"Decrescente";"Nublado";"Dupla";"Reta";"Não";2;0;1;0;1;0;1;2;-26,912758;-48,711998;"SPRF-SC";"DEL04-SC";"UOP04-DEL04-SC"
551315;2023-09-27;"quarta-feira";"16:15:00";"GO";40;41,8;"LUZIANIA";"Avarias e/ou desgaste excessivo no pneu";"Colisão frontal";"Com Vítimas Fatais";"Pleno dia";"Crescente";"Chuva";"Simples";"Declive;Curva";"Não";5;1;1;1;1;1;2;5;-16,367802;-47,826972;"SPRF-DF";"DEL01-DF";"UOP02-DEL01-DF"
551317;2023-09-27;"quarta-feira";"15:30:00";"TO";153;145;"ARAGUAINA";"Estacionar ou parar em local proibido";"Colisão traseira";"Com Vítimas Fatais";"Pleno dia";"Decrescente";"Céu Claro";"Dupla";"Rotatória;Reta;Interseção de Vias";"Sim";3;1;0;0;1;1;0;3;-7,20503614;-48,24035166;"SPRF-TO";"DEL02-TO";"UOP01-DEL02-TO"
551318;2023-09-27;"quarta-feira";"14:28:00";"GO";60;389;"RIO VERDE";"Frear bruscamente";"Colisão traseira";"Sem Vítimas";"Pleno dia";"Decrescente";"Chuva";"Dupla";"Reta;Interseção de Vias";"Sim";7;0;0;0;7;0;0;3;-17,819;-50,943;"SPRF-GO";"DEL04-GO";"UOP02-DEL04-GO"
551324;2023-09-27;"quarta-feira";"15:10:00";"PR";116;180;"QUITANDINHA";"Condutor Dormindo";"Colisão lateral sentido oposto";"Com Vítimas Feridas";"Pleno dia";"Decrescente";"Sol";"Dupla";"Reta";"Não";4;0;1;0;2;2;1;5;-25,9054246;-49,57265724;"SPRF-PR";"DEL01-PR";"UOP03-DEL01-PR"
551327;2023-09-27;"quarta-feira";"17:00:00";"SP";116;282;"EMBU DAS ARTES";"Acessar a via sem observar a presença dos outros veículos";"Colisão lateral mesmo sentido";"Sem Vítimas";"Pleno dia";"Decrescente";"Céu Claro";"Dupla";"Viaduto;Reta";"Sim";3;0;0;0;3;0;0;2;-23,65937371;-46,85104609;"SPRF-SP";"DEL04-SP";"UOP01-DEL04-SP"
551333;2023-09-27;"quarta-feira";"17:35:00";"RJ";116;147;"DUQUE DE CAXIAS";"Reação tardia ou ineficiente do condutor";"Colisão traseira";"Com Vítimas Feridas";"Anoitecer";"Decrescente";"Nublado";"Dupla";"Reta";"Sim";3;0;2;0;1;0;2;2;-22,66978425;-43,27286493;"SPRF-RJ";"DEL01-RJ";"UOP01-DEL01-RJ"
551339;2023-09-27;"quarta-feira";"14:15:00";"MT";163;886,6;"CLAUDIA";"Conversão proibida";"Colisão frontal";"Sem Vítimas";"Pleno dia";"Crescente";"Céu Claro";"Simples";"Reta";"Não";3;0;0;0;2;1;0;3;-11,429;-55,354;"SPRF-MT";"DEL06-MT";"UOP02-DEL06-MT"
551341;2023-09-27;"quarta-feira";"17:50:00";"SE";101;109;"SAO CRISTOVAO";"Manobra de mudança de faixa";"Colisão lateral mesmo sentido";"Com Vítimas Feridas";"Anoitecer";"Decrescente";"Céu Claro";"Dupla";"Reta";"Não";5;0;2;0;2;1;2;3;-10,966443;-37,270634;"SPRF-SE";"DEL02-SE";"UOP01-DEL02-SE"
551344;2023-09-27;"quarta-feira";"13:50:00";"CE";116;127,1;"RUSSAS";"Demais falhas mecânicas ou elétricas";"Incêndio";"Sem Vítimas";"Pleno dia";"Decrescente";"Céu Claro";"Simples";"Reta";"Não";3;0;0;0;3;0;0;1;-4,67440651;-38,1343744;"SPRF-CE";"DEL03-CE";"UOP01-DEL03-CE"
551347;2023-09-27;"quarta-feira";"18:25:00";"MS";163;486;"CAMPO GRANDE";"Reação tardia ou ineficiente do condutor";"Colisão transversal";"Com Vítimas Feridas";"Plena Noite";"Crescente";"Céu Claro";"Simples";"Reta";"Sim";3;0;0;1;2;0;1;2;-20,4336361;-54,54376745;"SPRF-MS";"DEL01-MS";"UOP02-DEL01-MS"
551349;2023-09-27;"quarta-feira";"19:30:00";"SP";116;187;"SANTA ISABEL";"Ausência de reação do condutor";"Colisão lateral mesmo sentido";"Sem Vítimas";"Plena Noite";"Decrescente";"Chuva";"Dupla";"Curva;Declive";"Sim";4;0;0;0;2;2;0;3;-23,35713072;-46,20737811;"SPRF-SP";"DEL01-SP";"UOP01-DEL01-SP"
551352;2023-09-27;"quarta-feira";"19:09:00";"SP";116;364;"MIRACATU";"Pista Escorregadia";"Colisão com objeto";"Com Vítimas Feridas";"Plena Noite";"Decrescente";"Garoa/Chuvisco";"Dupla";"Reta";"Não";2;0;1;0;0;1;1;2;-24,13881806;-47,27310246;"SPRF-SP";"DEL04-SP";"UOP02-DEL04-SP"
551356;2023-09-27;"quarta-feira";"18:50:00";"ES";101;88,9;"SAO MATEUS";"Transitar no Acostamento";"Colisão lateral mesmo sentido";"Com Vítimas Feridas";"Plena Noite";"Crescente";"Céu Claro";"Simples";"Reta";"Não";3;0;0;1;1;2;1;4;-18,88167392;-39,94813218;"SPRF-ES";"DEL04-ES";"UOP02-DEL04-ES"
551362;2023-09-27;"quarta-feira";"16:30:00";"RJ";116;14;"SAPUCAIA";"Velocidade Incompatível";"Saída de leito carroçável";"Com Vítimas Feridas";"Pleno dia";"Crescente";"Céu Claro";"Simples";"Ponte;Curva";"Não";2;0;1;0;0;1;1;2;-21,96021372;-42,7364942;"SPRF-RJ";"DEL05-RJ";"UOP01-DEL05-RJ"
551370;2023-09-27;"quarta-feira";"15:00:00";"SC";470;204,3;"PONTE ALTA";"Reação tardia ou ineficiente do condutor";"Saída de leito carroçável";"Com Vítimas Feridas";"Pleno dia";"Decrescente";"Nublado";"Simples";"Curva;Declive";"Não";1;0;1;0;0;0;1;1;-27,289373;-50,166328;"SPRF-SC";"DEL05-SC";"UOP03-DEL05-SC"
551372;2023-09-27;"quarta-feira";"20:25:00";"MG";381;861,2;"POUSO ALEGRE";"Sistema de drenagem ineficiente";"Colisão com objeto";"Com Vítimas Feridas";"Plena Noite";"Decrescente";"Chuva";"Dupla";"Reta";"Não";3;0;0;2;1;0;2;2;-22,36795485;-45,93285817;"SPRF-MG";"DEL16-MG";"UOP01-DEL16-MG"
551376;2023-09-27;"quarta-feira";"20:28:00";"BA";110;340;"ALAGOINHAS";"Acessar a via sem observar a presença dos outros veículos";"Colisão transversal";"Com Vítimas Feridas";"Plena Noite";"Crescente";"Céu Claro";"Simples";"Reta";"Sim";2;0;1;0;1;0;1;2;-12,21614599;-38,41432082;"SPRF-BA";"DEL01-BA";"UOP04-DEL01-BA"
551377;2023-09-27;"quarta-feira";"20:55:00";"MS";158;269;"TRES LAGOAS";"Ausência de reação do condutor";"Colisão traseira";"Com Vítimas Fatais";"Plena Noite";"Decrescente";"Céu Claro";"Simples";"Reta";"Sim";3;1;0;0;1;2;0;4;-20,76821265;-51,67978181;"SPRF-MS";"DEL07-MS";"UOP01-DEL07-MS"
551379;2023-09-27;"quarta-feira";"22:00:00";"RS";290;13,3;"SANTO ANTONIO DA PATRULHA";"Retorno proibido";"Colisão transversal";"Com Vítimas Feridas";"Plena Noite";"Crescente";"Céu Claro";"Dupla";"Reta";"Não";4;0;2;0;1;2;2;4;-29,875334;-50,396614;"SPRF-RS";"DEL03-RS";"UOP01-DEL03-RS"
551382;2023-09-10;"domingo";"14:20:00";"TO";153;490;"PARAISO DO TOCANTINS";"Ultrapassagem Indevida";"Tombamento";"Com Vítimas Feridas";"Pleno dia";"Crescente";"Céu Claro";"Simples";"Curva";"Não";2;0;1;0;0;3;1;4;-10,12486384;-48,88412526;"SPRF-TO";"DEL01-TO";"UOP01-DEL01-TO"
551384;2023-09-27;"quarta-feira";"17:20:00";"PR";116;42;"CAMPINA GRANDE DO SUL";"Velocidade Incompatível";"Tombamento";"Com Vítimas Feridas";"Anoitecer";"Decrescente";"Céu Claro";"Simples";"Curva";"Não";2;0;0;1;0;1;1;2;-25,177408;-48,87890339;"SPRF-PR";"DEL01-PR";"UOP02-DEL01-PR"
551390;2023-09-27;"quarta-feira";"20:15:00";"RS";386;248,1;"SOLEDADE";"Acessar a via sem observar a presença dos outros veículos";"Colisão transversal";"Com Vítimas Feridas";"Plena Noite";"Decrescente";"Nublado";"Simples";"Retorno Regulamentado;Declive;Reta";"Sim";3;0;2;0;0;1;2;3;-28,81933435;-52,48241901;"SPRF-RS";"DEL04-RS";"UOP03-DEL04-RS"
551392;2023-09-27;"quarta-feira";"19:00:00";"MT";163;786,2;"VERA";"Reação tardia ou ineficiente do condutor";"Colisão traseira";"Sem Vítimas";"Plena Noite";"Crescente";"Nublado";"Simples";"Reta";"Não";2;0;0;0;1;1;0;2;-12,286;-55,561;"SPRF-MT";"DEL06-MT";"UOP01-DEL06-MT"
551397;2023-09-28;"quinta-feira";"00:00:00";"MA";316;565;"CAXIAS";"Condutor Dormindo";"Colisão lateral sentido oposto";"Com Vítimas Feridas";"Plena Noite";"Decrescente";"Céu Claro";"Simples";"Declive;Reta";"Não";2;0;0;1;1;0;1;2;-4,904245;-43,24197;"SPRF-MA";"DEL03-MA";"UOP02-DEL03-MA"
551401;2023-09-28;"quinta-feira";"02:20:00";"PE";232;120,7;"CARUARU";"Condutor Dormindo";"Saída de leito carroçável";"Com Vítimas Fatais";"Plena Noite";"Decrescente";"Nublado";"Dupla";"Reta;Declive";"Não";1;1;0;0;0;0;0;1;-8,29826697;-35,90192301;"SPRF-PE";"DEL02-PE";"UOP01-DEL02-PE"
551402;2023-09-28;"quinta-feira";"04:25:00";"MS";163;480;"CAMPO GRANDE";"Demais falhas mecânicas ou elétricas";"Incêndio";"Sem Vítimas";"Amanhecer";"Decrescente";"Céu Claro";"Simples";"Reta";"Sim";2;0;0;0;2;0;0;1;-20,47835401;-54,55936408;"SPRF-MS";"DEL01-MS";"UOP01-DEL01-MS"
551409;2023-09-28;"quinta-feira";"05:20:00";"PE";232;120;"CARUARU";"Velocidade Incompatível";"Saída de leito carroçável";"Com Vítimas Feridas";"Amanhecer";"Decrescente";"Céu Claro";"Dupla";"Declive;Reta";"Não";2;0;1;0;0;1;1;2;-8,29826697;-35,90192301;"SPRF-PE";"DEL02-PE";"UOP01-DEL02-PE"
551425;2023-09-28;"quinta-feira";"06:50:00";"RJ";101;387;"RIO DE JANEIRO";"Demais falhas mecânicas ou elétricas";"Queda de ocupante de veículo";"Com Vítimas Feridas";"Amanhecer";"Crescente";"Garoa/Chuvisco";"Dupla";"Reta";"Sim";6;0;1;0;4;1;1;5;-22,88537839;-43,64965688;"SPRF-RJ";"DEL03-RJ";"UOP01-DEL03-RJ"
551430;2023-09-28;"quinta-feira";"07:12:00";"PB";101;113;"CAAPORA";"Condutor Dormindo";"Saída de leito carroçável";"Com Vítimas Feridas";"Pleno dia";"Crescente";"Sol";"Dupla";"Curva;Declive;Retorno Regulamentado";"Não";2;0;1;0;0;3;1;4;-7,37852293;-34,95673822;"SPRF-PB";"DEL01-PB";"UOP02-DEL01-PB"
551432;2023-09-28;"quinta-feira";"08:30:00";"RS";158;303,8;"ITAARA";"Acessar a via sem observar a presença dos outros veículos";"Colisão traseira";"Sem Vítimas";"Pleno dia";"Decrescente";"Céu Claro";"Simples";"Reta;Interseção de Vias";"Não";3;0;0;0;3;0;0;2;-29,55253079;-53,76014746;"SPRF-RS";"DEL09-RS";"UOP01-DEL09-RS"
551438;2023-09-28;"quinta-feira";"04:10:00";"PA";10;307,1;"IRITUIA";"Reação tardia ou ineficiente do condutor";"Colisão traseira";"Com Vítimas Fatais";"Amanhecer";"Decrescente";"Céu Claro";"Simples";"Reta";"Sim";3;1;0;0;1;3;0;5;-1,75691395;-47,5039093;"SPRF-PA";"DEL02-PA";"UOP01-DEL02-PA"
551440;2023-08-06;"domingo";"19:30:00";"MA";230;1,9;"BARAO DE GRAJAU";"Acessar a via sem observar a presença dos outros veículos";"Colisão transversal";"Com Vítimas Feridas";"Plena Noite";"Crescente";"Céu Claro";"Simples";"Reta";"Sim";3;0;0;1;1;3;1;5;-6,75491021;-43,01659198;"SPRF-PI";"DEL03-PI";"UOP01-DEL03-PI"
551441;2023-09-28;"quinta-feira";"09:50:00";"MG";40;770,5;"JUIZ DE FORA";"Velocidade Incompatível";"Colisão traseira";"Com Vítimas Feridas";"Pleno dia";"Decrescente";"Céu Claro";"Simples";"Curva";"Não";2;0;1;0;1;0;1;2;-21,59924304;-43,4579108;"SPRF-MG";"DEL05-MG";"UOP01-DEL05-MG"
551446;2023-07-06;"quinta-feira";"14:30:00";"PR";153;499;"GENERAL CARNEIRO";"Reação tardia ou ineficiente do condutor";"Colisão frontal";"Com Vítimas Fatais";"Pleno dia";"Crescente";"Céu Claro";"Simples";"Curva";"Não";5;1;1;2;0;1;3;4;-26,44506181;-51,31954193;"SPRF-PR";"DEL02-PR";"UOP03-DEL02-PR"
551449;2023-08-26;"sábado";"14:04:00";"SP";381;70;"MAIRIPORA";"Ausência de reação do condutor";"Colisão com objeto";"Com Vítimas Feridas";"Pleno dia";"Decrescente";"Garoa/Chuvisco";"Múltipla";"Reta";"Não";3;0;3;0;0;0;3;3;-23,34972978;-46,56070474;"SPRF-SP";"DEL03-SP";"UOP01-DEL03-SP"
551452;2023-08-26;"sábado";"13:30:00";"MG";381;937;"EXTREMA";"Ausência de reação do condutor";"Tombamento";"Sem Vítimas";"Pleno dia";"Decrescente";"Nublado";"Dupla";"Curva";"Não";2;0;0;0;1;1;0;2;-22,83554657;-46,32086698;"SPRF-MG";"DEL16-MG";"UOP03-DEL16-MG"
551458;2023-09-28;"quinta-feira";"11:40:00";"RS";290;527;"ALEGRETE";"Acostamento em desnível";"Saída de leito carroçável";"Com Vítimas Feridas";"Pleno dia";"Crescente";"Sol";"Simples";"Reta;Declive";"Não";2;0;1;0;0;1;1;2;-30,044365;-55,312889;"SPRF-RS";"DEL13-RS";"UOP02-DEL13-RS"
551469;2023-09-28;"quinta-feira";"14:04:00";"RJ";116;282;"BARRA MANSA";"Reação tardia ou ineficiente do condutor";"Colisão traseira";"Com Vítimas Feridas";"Pleno dia";"Decrescente";"Chuva";"Dupla";"Reta";"Sim";3;0;1;0;2;0;1;3;-22,52405173;-44,20072574;"SPRF-RJ";"DEL07-RJ";"UOP02-DEL07-RJ"
551472;2023-09-28;"quinta-feira";"05:30:00";"RS";386;98,3;"SAO JOSE DAS MISSOES";"Ausência de reação do condutor";"Saída de leito carroçável";"Sem Vítimas";"Pleno dia";"Crescente";"Céu Claro";"Simples";"Curva";"Não";2;0;0;0;1;1;0;2;-27,756456;-53,121758;"SPRF-RS";"DEL08-RS";"UOP01-DEL08-RS"
551473;2023-09-28;"quinta-feira";"15:00:00";"SC";101;121,1;"ITAJAI";"Ultrapassagem Indevida";"Colisão lateral mesmo sentido";"Com Vítimas Feridas";"Pleno dia";"Crescente";"Nublado";"Dupla";"Reta";"Não";2;0;1;0;1;0;1;2;-26,92103178;-48,70856446;"SPRF-SC";"DEL04-SC";"UOP04-DEL04-SC"
551476;2023-09-28;"quinta-feira";"15:20:00";"SC";101;394,8;"CRICIUMA";"Acessar a via sem observar a presença dos outros veículos";"Colisão transversal";"Com Vítimas Feridas";"Pleno dia";"Crescente";"Sol";"Múltipla";"Reta;Túnel";"Sim";2;0;0;1;1;0;1;2;-28,829611;-49,411704;"SPRF-SC";"DEL02-SC";"UOP02-DEL02-SC"
551477;2023-09-28;"quinta-feira";"13:50:00";"DF";251;58;"BRASILIA";"Conversão proibida";"Colisão transversal";"Com Vítimas Feridas";"Pleno dia";"Crescente";"Sol";"Simples";"Reta";"Não";4;0;1;0;2;1;1;2;-15,948113;-47,845235;"SPRF-DF";"DEL01-DF";"UOP01-DEL01-DF"
551478;2023-09-28;"quinta-feira";"16:30:00";"ES";101;269;"SERRA";"Ausência de reação do condutor";"Colisão traseira";"Com Vítimas Feridas";"Pleno dia";"Decrescente";"Nublado";"Múltipla";"Reta";"Sim";3;0;2;0;1;0;2;2;-20,22662056;-40,27075088;"SPRF-ES";"DEL02-ES";"UOP01-DEL02-ES"
551479;2023-09-28;"quinta-feira";"14:25:00";"PA";10;225;"IPIXUNA DO PARA";"Ausência de sinalização";"Colisão lateral mesmo sentido";"Sem Vítimas";"Amanhecer";"Decrescente";"Céu Claro";"Simples";"Declive;Em Obras;Reta";"Não";3;0;0;0;1;3;0;4;-2,46277;-47,509827;"SPRF-PA";"DEL02-PA";"UOP01-DEL02-PA"
551480;2023-09-28;"quinta-feira";"12:50:00";"PR";163;249;"TOLEDO";"Demais falhas mecânicas ou elétricas";"Incêndio";"Sem Vítimas";"Pleno dia";"Crescente";"Sol";"Dupla";"Aclive;Viaduto";"Não";3;0;0;0;1;2;0;3;-24,7051411;-53,72529408;"SPRF-PR";"DEL06-PR";"UOP02-DEL06-PR"
551481;2023-09-28;"quinta-feira";"13:00:00";"PE";232;409;"SERRA TALHADA";"Reação tardia ou ineficiente do condutor";"Colisão lateral mesmo sentido";"Sem Vítimas";"Pleno dia";"Crescente";"Céu Claro";"Simples";"Interseção de Vias;Retorno Regulamentado;Viaduto";"Sim";3;0;0;0;2;1;0;3;-7,981944;-38,289467;"SPRF-PE";"DEL04-PE";"UOP01-DEL04-PE"
551482;2023-09-28;"quinta-feira";"16:00:00";"DF";70;7;"BRASILIA";"Condutor deixou de manter distância do veículo da frente";"Colisão traseira";"Com Vítimas Feridas";"Pleno dia";"Crescente";"Céu Claro";"Dupla";"Reta";"Sim";2;0;1;0;1;0;1;2;-15,787601;-48,114429;"SPRF-DF";"DEL03-DF";"UOP02-DEL03-DF"
551484;2023-09-14;"quinta-feira";"04:00:00";"MG";262;780;"UBERABA";"Ausência de reação do condutor";"Colisão lateral mesmo sentido";"Sem Vítimas";"Plena Noite";"Crescente";"Nublado";"Simples";"Reta";"Não";2;0;0;0;2;0;0;2;-19,7448167;-47,76085822;"SPRF-MG";"DEL13-MG";"UOP01-DEL13-MG"
551485;2023-09-05;"terça-feira";"08:35:00";"SC";470;323,8;"CAMPOS NOVOS";"Mal súbito do condutor";"Colisão transversal";"Com Vítimas Fatais";"Pleno dia";"Crescente";"Céu Claro";"Simples";"Reta;Interseção de Vias";"Não";6;3;1;0;1;1;1;4;-27,44744816;-51,24776602;"SPRF-SC";"DEL07-SC";"UOP06-DEL07-SC"
551488;2023-09-28;"quinta-feira";"07:50:00";"PI";20;412;"PIO IX";"Demais falhas mecânicas ou elétricas";"Eventos atípicos";"Sem Vítimas";"Pleno dia";"Crescente";"Céu Claro";"Simples";"Reta";"Sim";2;0;0;0;1;1;0;2;-6,52590614;-40,78990288;"SPRF-PI";"DEL04-PI";"UOP01-DEL04-PI"
551493;2023-09-28;"quinta-feira";"16:50:00";"MG";381;727,2;"CARMO DA CACHOEIRA";"Ausência de reação do condutor";"Saída de leito carroçável";"Sem Vítimas";"Pleno dia";"Decrescente";"Nublado";"Dupla";"Reta";"Não";2;0;0;0;1;1;0;2;-21,51583943;-45,22069256;"SPRF-MG";"DEL04-MG";"UOP02-DEL04-MG"
551498;2023-09-28;"quinta-feira";"17:45:00";"PB";230;87,5;"GURINHEM";"Ingestão de álcool e/ou substâncias psicoativas pelo pedestre";"Atropelamento de Pedestre";"Com Vítimas Fatais";"Anoitecer";"Decrescente";"Céu Claro";"Dupla";"Reta";"Não";4;1;0;0;1;2;0;4;-7,17117965;-35,38396272;"SPRF-PB";"DEL01-PB";"UOP03-DEL01-PB"
551507;2023-09-28;"quinta-feira";"17:05:00";"SC";101;46,1;"JOINVILLE";"Trafegar com motocicleta (ou similar) entre as faixas";"Colisão lateral mesmo sentido";"Com Vítimas Fatais";"Pleno dia";"Decrescente";"Céu Claro";"Dupla";"Reta";"Sim";4;1;0;0;1;3;0;5;-26,35775654;-48,85882974;"SPRF-SC";"DEL03-SC";"UOP01-DEL03-SC"
551508;2023-09-28;"quinta-feira";"18:25:00";"MG";365;625,2;"UBERLANDIA";"Condutor deixou de manter distância do veículo da frente";"Colisão lateral mesmo sentido";"Com Vítimas Feridas";"Plena Noite";"Crescente";"Nublado";"Dupla";"Reta;Interseção de Vias";"Sim";2;0;0;1;1;0;1;2;-18,90742329;-48,29994321;"SPRF-MG";"DEL15-MG";"UOP01-DEL15-MG"
551513;2023-09-28;"quinta-feira";"18:15:00";"MG";50;180;"UBERABA";"Ultrapassagem Indevida";"Colisão lateral mesmo sentido";"Com Vítimas Feridas";"Anoitecer";"Crescente";"Céu Claro";"Múltipla";"Interseção de Vias";"Sim";3;0;0;1;1;3;1;5;-19,77848216;-47,92194709;"SPRF-MG";"DEL13-MG";"UOP01-DEL13-MG"
551516;2023-09-28;"quinta-feira";"14:00:00";"PA";163;760;"RUROPOLIS";"Reação tardia ou ineficiente do condutor";"Colisão lateral sentido oposto";"Com Vítimas Fatais";"Pleno dia";"Decrescente";"Chuva";"Simples";"Reta";"Não";3;1;0;0;1;5;0;7;-4,12057678;-55,1226049;"SPRF-PA";"DEL05-PA";"UOP02-DEL05-PA"
551532;2023-09-28;"quinta-feira";"19:00:00";"MG";40;522;"CONTAGEM";"Ausência de reação do condutor";"Queda de ocupante de veículo";"Com Vítimas Feridas";"Plena Noite";"Crescente";"Céu Claro";"Dupla";"Reta";"Não";3;0;0;1;1;2;1;4;-19,8638731;-44,06749809;"SPRF-MG";"DEL01-MG";"UOP02-DEL01-MG"
551533;2023-09-28;"quinta-feira";"15:00:00";"MG";354;720;"POUSO ALTO";"Velocidade Incompatível";"Tombamento";"Sem Vítimas";"Pleno dia";"Crescente";"Céu Claro";"Simples";"Curva";"Não";2;0;0;0;1;1;0;2;-22,08471347;-44,95816492;"SPRF-MG";"DEL17-MG";"UOP01-DEL17-MG"
551543;2023-09-28;"quinta-feira";"21:00:00";"PE";232;80;"GRAVATA";"Ausência de reação do condutor";"Colisão traseira";"Com Vítimas Fatais";"Plena Noite";"Crescente";"Céu Claro";"Simples";"Reta";"Sim";3;1;0;0;1;1;0;3;-8,19579864;-35,56962305;"SPRF-PE";"DEL02-PE";"UOP02-DEL02PE"
551547;2023-09-28;"quinta-feira";"21:10:00";"MG";40;464,2;"SETE LAGOAS";"Avarias e/ou desgaste excessivo no pneu";"Saída de leito carroçável";"Com Vítimas Feridas";"Plena Noite";"Crescente";"Chuva";"Dupla";"Curva;Aclive";"Não";1;0;1;0;0;0;1;1;-19,432903;-44,335877;"SPRF-MG";"DEL02-MG";"UOP01-DEL02-MG"
551548;2023-09-28;"quinta-feira";"19:00:00";"BA";110;222;"NOVA SOURE";"Ausência de reação do condutor";"Colisão traseira";"Com Vítimas Fatais";"Plena Noite";"Crescente";"Céu Claro";"Simples";"Reta";"Sim";3;1;0;0;1;1;0;3;-11,28020696;-38,43532297;"SPRF-BA";"DEL07-BA";"UOP02-DEL07-BA"
551552;2023-09-28;"quinta-feira";"22:20:00";"SP";116;353;"MIRACATU";"Problema com o freio";"Colisão lateral mesmo sentido";"Sem Vítimas";"Plena Noite";"Crescente";"Garoa/Chuvisco";"Dupla";"Curva";"Não";2;0;0;0;2;0;0;2;-24,07031103;-47,24202498;"SPRF-SP";"DEL04-SP";"UOP03-DEL04-SP"
551553;2023-09-27;"quarta-feira";"17:45:00";"PA";230;451;"PACAJA";"Velocidade Incompatível";"Tombamento";"Com Vítimas Fatais";"Pleno dia";"Decrescente";"Céu Claro";"Simples";"Curva;Declive";"Não";2;1;0;0;0;1;0;2;-3,70882777;-50,90566585;"SPRF-PA";"DEL04-PA";"UOP01-DEL04-PA"
551557;2023-09-28;"quinta-feira";"22:10:00";"MG";381;561,3;"ITAGUARA";"Velocidade Incompatível";"Colisão com objeto";"Com Vítimas Fatais";"Plena Noite";"Crescente";"Nublado";"Dupla";"Declive;Curva";"Sim";1;1;0;0;0;0;0;1;-20,39224209;-44,49492995;"SPRF-MG";"DEL04-MG";"UOP03-DEL04-MG"
551558;2023-09-28;"quinta-feira";"19:30:00";"MG";116;602,4;"SAO JOAO DO MANHUACU";"Acessar a via sem observar a presença dos outros veículos";"Colisão transversal";"Com Vítimas Fatais";"Plena Noite";"Decrescente";"Céu Claro";"Simples";"Reta;Declive";"Não";3;1;0;0;1;1;0;3;-20,34697376;-42,14642112;"SPRF-MG";"DEL06-MG";"UOP03-DEL06-MG"
551564;2023-09-28;"quinta-feira";"22:00:00";"PE";101;15;"GOIANA";"Ausência de reação do condutor";"Colisão traseira";"Com Vítimas Fatais";"Plena Noite";"Crescente";"Céu Claro";"Dupla";"Reta";"Não";3;1;0;0;1;1;0;3;-7,62621106;-34,96669711;"SPRF-PE";"DEL01-PE";"UOP02-DEL01-PE"
551567;2023-09-28;"quinta-feira";"22:00:00";"GO";452;85;"PORTEIRAO";"Condutor Dormindo";"Colisão com objeto";"Com Vítimas Feridas";"Pleno dia";"Crescente";"Céu Claro";"Simples";"Reta;Ponte";"Não";1;0;0;1;0;0;1;1;-18,07841;-50,131283;"SPRF-GO";"DEL03-GO";"UOP02-DEL03-GO"
551568;2023-09-29;"sexta-feira";"00:10:00";"PE";232;508;"SALGUEIRO";"Acessar a via sem observar a presença dos outros veículos";"Colisão lateral mesmo sentido";"Sem Vítimas";"Plena Noite";"Crescente";"Céu Claro";"Simples";"Interseção de Vias";"Sim";3;0;0;0;2;2;0;4;-8,06223271;-39,12095006;"SPRF-PE";"DEL05-PE";"UOP01-DEL05-PE"
551575;2023-09-29;"sexta-feira";"00:20:00";"MG";381;273;"CORONEL FABRICIANO";"Transitar na contramão";"Colisão transversal";"Com Vítimas Feridas";"Plena Noite";"Decrescente";"Nublado";"Simples";"Curva";"Não";6;0;2;1;3;0;3;4;-19,56842682;-42,71237428;"SPRF-MG";"DEL03-MG";"UOP02-DEL03-MG"
551576;2023-09-29;"sexta-feira";"01:36:00";"SP";116;30,5;"CRUZEIRO";"Reação tardia ou ineficiente do condutor";"Colisão traseira";"Com Vítimas Feridas";"Plena Noite";"Decrescente";"Nublado";"Dupla";"Declive;Reta";"Não";4;0;1;0;1;2;1;4;-22,63400287;-44,93203106;"SPRF-SP";"DEL08-SP";"UOP02-DEL08-SP"
551577;2023-09-28;"quinta-feira";"18:30:00";"MT";70;76;"GENERAL CARNEIRO";"Reação tardia ou ineficiente do condutor";"Saída de leito carroçável";"Com Vítimas Feridas";"Plena Noite";"Crescente";"Céu Claro";"Simples";"Curva;Aclive";"Não";3;0;0;2;0;4;2;6;-15,66954825;-52,80130148;"SPRF-MT";"DEL07-MT";"UOP01-DEL07-MT"
551579;2023-09-29;"sexta-feira";"03:10:00";"SP";116;271;"TABOAO DA SERRA";"Reação tardia ou ineficiente do condutor";"Colisão traseira";"Com Vítimas Feridas";"Plena Noite";"Decrescente";"Céu Claro";"Dupla";"Reta";"Sim";3;0;0;1;1;2;1;4;-23,61809286;-46,80556302;"SPRF-SP";"DEL04-SP";"UOP01-DEL04-SP"
551580;2023-09-29;"sexta-feira";"03:54:00";"GO";20;39;"FORMOSA";"Ausência de reação do condutor";"Colisão traseira";"Com Vítimas Feridas";"Plena Noite";"Decrescente";"Chuva";"Simples";"Reta";"Não";7;0;1;0;5;4;1;10;-15,419437;-47,098999;"SPRF-DF";"DEL02-DF";"UOP02-DEL02-DF"