"id";"data_inversa";"dia_semana";"horario";"uf";"br";"km";"municipio";"causa_acidente";"tipo_acidente";"classificacao_acidente";"fase_dia";"sentido_via";"condicao_metereologica";"tipo_pista";"tracado_via";"uso_solo";"pessoas";"mortos";"feridos_leves";"feridos_graves";"ilesos";"ignorados";"feridos";"veiculos";"latitude";"longitude";"regional";"delegacia";"uop"
551879;2023-09-30;"sábado";"08:40:00";"PE";101;82;"JABOATAO DOS GUARARAPES";"Manobra de mudança de faixa";"Colisão com objeto";"Com Vítimas Feridas";"Pleno dia";"Decrescente";"Céu Claro";"Dupla";"Curva;Viaduto";"Sim";3;0;2;0;1;0;2;2;-8,17092;-34,937647;"SPRF-PE";"DEL01-PE";"UOP01-DEL01-PE"
551882;2023-08-22;"terça-feira";"06:00:00";"MG";381;392;"BARAO DE COCAIS";"Ausência de reação do condutor";"Colisão com objeto";"Com Vítimas Feridas";"Pleno dia";"Crescente";"Céu Claro";"Dupla";"Reta";"Não";1;0;0;1;0;0;1;1;-19,76614595;-43,45877192;"SPRF-MG";"DEL01-MG";"UOP01-DEL01-MG"
551890;2023-09-30;"sábado";"09:50:00";"BA";110;193;"RIBEIRA DO AMPARO";"Reação tardia ou ineficiente do condutor";"Engavetamento";"Com Vítimas Feridas";"Pleno dia";"Crescente";"Céu Claro";"Simples";"Reta";"Não";4;0;1;1;2;0;2;3;-11,04772902;-38,5141004;"SPRF-BA";"DEL07-BA";"UOP02-DEL07-BA"
551892;2023-09-30;"sábado";"09:00:00";"CE";222;300;"TIANGUA";"Problema com o freio";"Tombamento";"Sem Vítimas";"Pleno dia";"Decrescente";"Céu Claro";"Simples";"Curva";"Não";2;0;0;0;1;11;0;12;-3,65653078;-40,9347551;"SPRF-CE";"DEL04-CE";"UOP02-DEL04-CE"
551896;2023-09-30;"sábado";"05:00:00";"MT";364;213;"RONDONOPOLIS";"Ingestão de álcool pelo condutor";"Colisão lateral mesmo sentido";"Sem Vítimas";"Amanhecer";"Crescente";"Céu Claro";"Dupla";"Reta";"Não";3;0;0;0;2;4;0;6;-16,40139601;-54,71543294;"SPRF-MT";"DEL02-MT";"UOP01-DEL02-MT"
551897;2023-09-30;"sábado";"06:00:00";"GO";364;275;"MINEIROS";"Condutor deixou de manter distância do veículo da frente";"Colisão traseira";"Com Vítimas Feridas";"Amanhecer";"Decrescente";"Nublado";"Simples";"Reta;Aclive";"Não";3;0;1;0;1;1;1;3;-17,651951;-52,34901;"SPRF-GO";"DEL05-GO";"UOP01-DEL05-GO"
551902;2023-09-30;"sábado";"08:15:00";"PR";163;321;"GUAIRA";"Condutor deixou de manter distância do veículo da frente";"Colisão traseira";"Sem Vítimas";"Pleno dia";"Decrescente";"Chuva";"Simples";"Reta;Aclive";"Não";5;0;0;0;4;3;0;6;-24,28408326;-54,17156696;"SPRF-PR";"DEL06-PR";"UOP01-DEL06-PR"
551912;2023-09-30;"sábado";"11:05:00";"TO";153;540;"NOVA ROSALANDIA";"Acessar a via sem observar a presença dos outros veículos";"Colisão transversal";"Com Vítimas Feridas";"Pleno dia";"Crescente";"Sol";"Dupla";"Reta";"Sim";3;0;0;1;1;1;1;3;-10,56256782;-48,91385794;"SPRF-TO";"DEL01-TO";"UOP01-DEL01-TO"
551913;2023-09-30;"sábado";"12:00:00";"SC";101;212,8;"PALHOCA";"Acessar a via sem observar a presença dos outros veículos";"Colisão traseira";"Com Vítimas Feridas";"Pleno dia";"Decrescente";"Céu Claro";"Dupla";"Reta";"Não";3;0;1;0;1;1;1;3;-27,62996929;-48,65903871;"SPRF-SC";"DEL01-SC";"UOP02-DEL01-SC"
551919;2023-09-30;"sábado";"12:00:00";"PR";116;46,2;"CAMPINA GRANDE DO SUL";"Acumulo de água sobre o pavimento";"Colisão lateral mesmo sentido";"Sem Vítimas";"Pleno dia";"Decrescente";"Chuva";"Dupla";"Reta";"Não";6;0;0;0;5;1;0;3;-25,210221;-48,896913;"SPRF-PR";"DEL01-PR";"UOP02-DEL01-PR"
551920;2023-09-30;"sábado";"13:21:00";"MG";381;493,5;"BETIM";"Manobra de mudança de faixa";"Tombamento";"Com Vítimas Feridas";"Pleno dia";"Crescente";"Sol";"Múltipla";"Declive;Reta";"Sim";3;0;1;0;1;1;1;3;-19,96436;-44,17406;"SPRF-MG";"DEL04-MG";"UOP03-DEL04-MG"
551921;2023-09-30;"sábado";"07:30:00";"PR";376;323;"ORTIGUEIRA";"Carga excessiva e/ou mal acondicionada";"Tombamento";"Sem Vítimas";"Pleno dia";"Decrescente";"Nublado";"Simples";"Reta";"Não";2;0;0;0;1;1;0;2;-24,07453985;-51,0583234;"SPRF-PR";"DEL07-PR";"UOP02-DEL07-PR"
551923;2023-09-30;"sábado";"05:50:00";"MA";222;517;"BURITICUPU";"Transitar na contramão";"Colisão frontal";"Com Vítimas Fatais";"Amanhecer";"Decrescente";"Céu Claro";"Simples";"Reta";"Não";5;3;0;0;1;3;0;5;-4,3508875;-46,38123195;"SPRF-MA";"DEL02-MA";"UOP01-DEL02-MA"
551924;2023-09-29;"sexta-feira";"08:15:00";"MA";135;45,3;"BACABEIRA";"Ausência de reação do condutor";"Colisão traseira";"Com Vítimas Feridas";"Pleno dia";"Crescente";"Céu Claro";"Dupla";"Declive;Reta;Viaduto";"Não";3;0;0;1;1;1;1;3;-2,92373274;-44,34012671;"SPRF-MA";"DEL01-MA";"UOP01-DEL01-MA"
551926;2023-09-30;"sábado";"08:30:00";"SC";116;140,9;"SANTA CECILIA";"Ausência de reação do condutor";"Colisão transversal";"Com Vítimas Feridas";"Pleno dia";"Crescente";"Garoa/Chuvisco";"Simples";"Reta";"Sim";3;0;1;0;2;0;1;3;-26,96625517;-50,40928315;"SPRF-SC";"DEL06-SC";"UOP02-DEL06-SC"
551933;2023-09-30;"sábado";"03:00:00";"BA";30;278,6;"CAETITE";"Velocidade Incompatível";"Saída de leito carroçável";"Com Vítimas Feridas";"Amanhecer";"Crescente";"Céu Claro";"Simples";"Curva";"Não";1;0;1;0;0;0;1;1;-14,1294;-42,40549;"SPRF-BA";"DEL08-BA";"UOP01-DEL08-BA"
551938;2023-08-24;"quinta-feira";"12:20:00";"PA";230;1112;"ITAITUBA";"Curva acentuada";"Saída de leito carroçável";"Com Vítimas Feridas";"Pleno dia";"Crescente";"Céu Claro";"Simples";"Curva";"Não";2;0;0;1;0;3;1;4;-4,399095;-55,919023;"SPRF-PA";"DEL05-PA";"UOP02-DEL05-PA"
551941;2023-09-30;"sábado";"14:30:00";"MS";163;801,8;"SONORA";"Condutor deixou de manter distância do veículo da frente";"Colisão traseira";"Com Vítimas Feridas";"Pleno dia";"Decrescente";"Céu Claro";"Simples";"Declive;Reta";"Não";3;0;1;1;0;2;2;4;-17,90860902;-54,69098114;"SPRF-MS";"DEL06-MS";"UOP01-DEL06-MS"
551943;2023-09-30;"sábado";"15:20:00";"SC";101;146,5;"ITAPEMA";"Condutor deixou de manter distância do veículo da frente";"Engavetamento";"Com Vítimas Feridas";"Pleno dia";"Decrescente";"Chuva";"Dupla";"Reta";"Não";7;0;2;0;5;0;2;6;-27,08666525;-48,60955587;"SPRF-SC";"DEL04-SC";"UOP03-DEL04-SC"
551946;2023-09-30;"sábado";"16:51:00";"PE";101;69;"RECIFE";"Ultrapassagem Indevida";"Colisão traseira";"Com Vítimas Feridas";"Anoitecer";"Crescente";"Céu Claro";"Múltipla";"Reta";"Sim";3;0;1;0;1;1;1;3;-8,05951606;-34,94581024;"SPRF-PE";"DEL01-PE";"UOP01-DEL01-PE"
551950;2023-09-30;"sábado";"16:10:00";"SC";101;165,7;"TIJUCAS";"Manobra de mudança de faixa";"Colisão lateral mesmo sentido";"Com Vítimas Feridas";"Pleno dia";"Crescente";"Nublado";"Dupla";"Reta";"Não";3;0;1;0;1;1;1;3;-27,252663;-48,63154894;"SPRF-SC";"DEL04-SC";"UOP03-DEL04-SC"
551952;2023-09-30;"sábado";"15:30:00";"BA";101;648;"ITAPEBI";"Velocidade Incompatível";"Colisão frontal";"Com Vítimas Fatais";"Pleno dia";"Decrescente";"Garoa/Chuvisco";"Simples";"Declive;Curva";"Não";5;2;0;1;1;1;1;3;-16,00727976;-39,59590502;"SPRF-BA";"DEL05-BA";"UOP02-DEL05-BA"
551956;2023-08-01;"terça-feira";"01:20:00";"AL";316;233,2;"ATALAIA";"Avarias e/ou desgaste excessivo no pneu";"Saída de leito carroçável";"Com Vítimas Feridas";"Plena Noite";"Decrescente";"Chuva";"Simples";"Reta";"Não";2;0;0;2;0;0;2;1;-9,49500482;-36,09152499;"SPRF-AL";"DEL01-AL";"UOP01-DEL01-AL"
551960;2023-09-28;"quinta-feira";"20:50:00";"SC";163;67,7;"SAO MIGUEL DO OESTE";"Velocidade Incompatível";"Saída de leito carroçável";"Com Vítimas Feridas";"Plena Noite";"Crescente";"Céu Claro";"Dupla";"Reta";"Sim";2;0;2;0;0;0;2;1;-26,759436;-53,50055292;"SPRF-SC";"DEL07-SC";"UOP03-DEL07-SC"
551967;2023-09-30;"sábado";"17:00:00";"MG";381;457,6;"BELO HORIZONTE";"Manobra de mudança de faixa";"Colisão lateral mesmo sentido";"Com Vítimas Feridas";"Pleno dia";"Crescente";"Sol";"Dupla";"Reta";"Não";3;0;1;0;1;1;1;3;-19,86134886;-43,92063055;"SPRF-MG";"DEL01-MG";"UOP01-DEL01-MG"
551972;2023-09-14;"quinta-feira";"10:00:00";"MG";40;470;"SETE LAGOAS";"Manobra de mudança de faixa";"Colisão lateral mesmo sentido";"Sem Vítimas";"Pleno dia";"Crescente";"Céu Claro";"Dupla";"Reta;Aclive";"Não";2;0;0;0;1;1;0;2;-19,46787403;-44,29555707;"SPRF-MG";"DEL02-MG";"UOP01-DEL02-MG"
551979;2023-09-30;"sábado";"16:30:00";"MT";163;512;"DIAMANTINO";"Acumulo de água sobre o pavimento";"Colisão traseira";"Sem Vítimas";"Pleno dia";"Decrescente";"Chuva";"Simples";"Reta";"Não";2;0;0;0;2;0;0;2;-14,499237;-56,191693;"SPRF-MT";"DEL01-MT";"UOP01-DEL01-MT"
551983;2023-09-30;"sábado";"18:45:00";"MG";116;699,4;"MURIAE";"Acessar a via sem observar a presença dos outros veículos";"Colisão transversal";"Com Vítimas Fatais";"Plena Noite";"Crescente";"Nublado";"Simples";"Reta";"Sim";2;1;0;0;1;0;0;2;-21,09470198;-42,37369904;"SPRF-MG";"DEL07-MG";"UOP02-DEL07-MG"
551990;2023-09-30;"sábado";"19:00:00";"BA";110;290;"INHAMBUPE";"Animais na Pista";"Atropelamento de Animal";"Com Vítimas Fatais";"Plena Noite";"Decrescente";"Céu Claro";"Dupla";"Reta";"Não";2;1;0;0;1;0;0;2;-11,82090111;-38,35767177;"SPRF-BA";"DEL01-BA";"UOP04-DEL01-BA"
552011;2023-08-23;"quarta-feira";"07:40:00";"PE";423;102,5;"GARANHUNS";"Transitar na contramão";"Colisão frontal";"Com Vítimas Fatais";"Pleno dia";"Decrescente";"Nublado";"Simples";"Reta;Aclive";"Não";8;1;1;1;1;5;2;6;-8,87197126;-36,53800093;"SPRF-PE";"DEL03-PE";"UOP01-DEL03-PE"
552015;2023-09-30;"sábado";"17:00:00";"PI";316;94;"BARRO DURO";"Acessar a via sem observar a presença dos outros veículos";"Colisão lateral mesmo sentido";"Com Vítimas Feridas";"Pleno dia";"Decrescente";"Céu Claro";"Simples";"Reta;Em Obras";"Não";2;0;0;1;1;0;1;2;-5,80521663;-42,5285828;"SPRF-PI";"DEL04-PI";"UOP02-DEL04-PI"
552019;2023-09-30;"sábado";"23:30:00";"MG";116;626;"ORIZANIA";"Velocidade Incompatível";"Colisão com objeto";"Com Vítimas Feridas";"Plena Noite";"Crescente";"Nublado";"Simples";"Declive;Curva";"Não";4;0;2;0;1;1;2;3;-20,557301;-42,209023;"SPRF-MG";"DEL07-MG";"UOP02-DEL07-MG"
552023;2023-09-30;"sábado";"21:30:00";"RJ";465;22;"RIO DE JANEIRO";"Ausência de reação do condutor";"Colisão transversal";"Com Vítimas Feridas";"Plena Noite";"Decrescente";"Nublado";"Dupla";"Reta";"Sim";5;0;3;0;1;1;3;3;-22,863579;-43,601479;"SPRF-RJ";"DEL03-RJ";"UOP01-DEL03-RJ"
552036;2023-10-01;"domingo";"00:10:00";"PR";163;36,7;"SANTO ANTONIO DO SUDOESTE";"Ingestão de álcool pelo condutor";"Colisão lateral sentido oposto";"Com Vítimas Feridas";"Plena Noite";"Decrescente";"Céu Claro";"Simples";"Declive;Reta";"Sim";3;0;1;0;1;1;1;3;-26,054174;-53,726418;"SPRF-PR";"DEL02-PR";"UOP02-DEL02-PR"
552044;2023-10-01;"domingo";"02:37:00";"ES";101;435,8;"MIMOSO DO SUL";"Condutor Dormindo";"Tombamento";"Com Vítimas Feridas";"Plena Noite";"Crescente";"Nublado";"Simples";"Reta";"Não";1;0;1;0;0;0;1;1;-21,05840799;-41,204146;"SPRF-ES";"DEL03-ES";"UOP02-DEL03-ES"
552054;2023-10-01;"domingo";"04:30:00";"BA";418;72;"NOVA VICOSA";"Transitar na contramão";"Colisão lateral mesmo sentido";"Com Vítimas Feridas";"Plena Noite";"Crescente";"Céu Claro";"Simples";"Reta";"Não";4;0;0;1;3;0;1;2;-17,837789;-39,695238;"SPRF-BA";"DEL09-BA";"UOP02-DEL09-BA"
552055;2023-10-01;"domingo";"03:00:00";"MG";116;390;"GOVERNADOR VALADARES";"Condutor deixou de manter distância do veículo da frente";"Colisão lateral sentido oposto";"Com Vítimas Feridas";"Plena Noite";"Crescente";"Céu Claro";"Simples";"Curva";"Não";2;0;1;0;1;0;1;2;-18,70114901;-41,98544802;"SPRF-MG";"DEL06-MG";"UOP01-DEL06-MG"
552068;2023-10-01;"domingo";"06:30:00";"SP";116;468;"JACUPIRANGA";"Conversão proibida";"Colisão transversal";"Com Vítimas Feridas";"Pleno dia";"Decrescente";"Nublado";"Dupla";"Reta";"Não";3;0;0;1;1;1;1;3;-24,65092046;-47,94065092;"SPRF-SP";"DEL05-SP";"UOP01-DEL05-SP"
552075;2023-10-01;"domingo";"05:45:00";"SC";163;75,2;"SAO MIGUEL DO OESTE";"Transitar na contramão";"Colisão frontal";"Com Vítimas Feridas";"Amanhecer";"Crescente";"Céu Claro";"Simples";"Curva";"Não";6;0;0;4;1;2;4;4;-26,69341396;-53,5158321;"SPRF-SC";"DEL07-SC";"UOP03-DEL07-SC"
552086;2023-10-01;"domingo";"08:15:00";"BA";324;613,9;"SALVADOR";"Reação tardia ou ineficiente do condutor";"Saída de leito carroçável";"Com Vítimas Feridas";"Pleno dia";"Decrescente";"Chuva";"Múltipla";"Reta";"Sim";1;0;1;0;0;0;1;1;-12,85531601;-38,42055197;"SPRF-BA";"DEL01-BA";"UOP01-DEL01-BA"
552089;2023-10-01;"domingo";"07:00:00";"MT";163;931;"ITAUBA";"Condutor Dormindo";"Colisão traseira";"Com Vítimas Feridas";"Pleno dia";"Crescente";"Céu Claro";"Simples";"Reta";"Não";3;0;1;0;1;3;1;5;-11,04560915;-55,27062308;"SPRF-MT";"DEL06-MT";"UOP02-DEL06-MT"
552093;2023-08-30;"quarta-feira";"16:00:00";"ES";101;270;"SERRA";"Condutor deixou de manter distância do veículo da frente";"Colisão traseira";"Com Vítimas Feridas";"Anoitecer";"Crescente";"Céu Claro";"Múltipla";"Reta";"Não";4;0;0;1;2;1;1;4;-20,22662056;-40,27075088;"SPRF-ES";"DEL02-ES";"UOP01-DEL02-ES"
552108;2023-09-27;"quarta-feira";"10:00:00";"SC";101;103,9;"PENHA";"Condutor deixou de manter distância do veículo da frente";"Engavetamento";"Com Vítimas Feridas";"Pleno dia";"Crescente";"Céu Claro";"Dupla";"Reta";"Sim";8;0;1;0;7;0;1;8;-26,7832381;-48,68314632;"SPRF-SC";"DEL03-SC";"UOP02-DEL03-SC"
552115;2023-10-01;"domingo";"07:30:00";"RO";319;43;"PORTO VELHO";"Ultrapassagem Indevida";"Colisão frontal";"Com Vítimas Feridas";"Pleno dia";"Crescente";"Céu Claro";"Simples";"Reta";"Não";2;0;1;0;1;0;1;2;-8,65745602;-63,99521824;"SPRF-RO";"DEL01-RO";"UOP01-DEL01-RO"
552116;2023-10-01;"domingo";"10:15:00";"MG";50;177;"UBERABA";"Reação tardia ou ineficiente do condutor";"Colisão com objeto";"Com Vítimas Feridas";"Pleno dia";"Crescente";"Nublado";"Dupla";"Reta";"Sim";4;0;1;0;2;1;1;3;-19,77914852;-47,95047701;"SPRF-MG";"DEL13-MG";"UOP01-DEL13-MG"
552119;2023-10-01;"domingo";"06:25:00";"BA";242;364,5;"LENCOIS";"Ingestão de álcool pelo condutor";"Derramamento de carga";"Sem Vítimas";"Pleno dia";"Decrescente";"Nublado";"Simples";"Reta";"Não";2;0;0;0;1;2;0;3;-12,4615682;-41,42170104;"SPRF-BA";"DEL08-BA";"UOP04-DEL08-BA"
552122;2023-10-01;"domingo";"09:45:00";"MT";364;189;"RONDONOPOLIS";"Condutor deixou de manter distância do veículo da frente";"Colisão traseira";"Com Vítimas Feridas";"Pleno dia";"Crescente";"Céu Claro";"Simples";"Reta";"Não";4;0;1;0;2;2;1;5;-16,55814995;-54,56173598;"SPRF-MT";"DEL02-MT";"UOP01-DEL02-MT"
552131;2023-10-01;"domingo";"09:30:00";"MG";251;333;"FRUTA DE LEITE";"Reação tardia ou ineficiente do condutor";"Colisão traseira";"Com Vítimas Feridas";"Pleno dia";"Decrescente";"Sol";"Simples";"Declive;Curva";"Não";3;0;1;0;1;1;1;3;-16,2568384188;-42,4311427649;"SPRF-MG";"DEL12-MG";"UOP02-DEL12-MG"
552133;2023-10-01;"domingo";"08:00:00";"PA";10;85,3;"ULIANOPOLIS";"Ausência de reação do condutor";"Saída de leito carroçável";"Com Vítimas Fatais";"Pleno dia";"Decrescente";"Céu Claro";"Simples";"Reta";"Não";2;1;0;0;0;2;0;3;-3,703507;-47,48722993;"SPRF-PA";"DEL02-PA";"UOP02-DEL02-PA"
552137;2023-10-01;"domingo";"10:55:00";"AL";101;10,6;"NOVO LINO";"Velocidade Incompatível";"Colisão com objeto";"Com Vítimas Feridas";"Pleno dia";"Crescente";"Céu Claro";"Dupla";"Reta";"Sim";2;0;1;0;0;1;1;2;-8,9481489019;-35,6664000465;"SPRF-AL";"DEL01-AL";"UOP02-DEL01-AL"
552151;2023-10-01;"domingo";"13:15:00";"MG";381;439;"SABARA";"Velocidade Incompatível";"Colisão com objeto";"Sem Vítimas";"Pleno dia";"Decrescente";"Chuva";"Simples";"Curva;Declive";"Não";3;0;0;0;3;0;0;3;-19,80513;-43,76185;"SPRF-MG";"DEL01-MG";"UOP01-DEL01-MG"
552157;2023-10-01;"domingo";"13:10:00";"MG";116;314,4;"ITAMBACURI";"Condutor deixou de manter distância do veículo da frente";"Engavetamento";"Com Vítimas Feridas";"Pleno dia";"Decrescente";"Nublado";"Simples";"Declive;Reta";"Não";4;0;1;0;2;2;1;5;-18,106942;-41,691076;"SPRF-MG";"DEL11-MG";"UOP01-DEL11-MG"
552158;2023-10-01;"domingo";"10:30:00";"BA";242;321;"LAJEDINHO";"Transitar na contramão";"Colisão frontal";"Com Vítimas Fatais";"Pleno dia";"Crescente";"Nublado";"Simples";"Curva";"Não";3;1;0;0;1;1;0;3;-12,468407;-41,072232;"SPRF-BA";"DEL06-BA";"UOP02-DEL06-BA"
552163;2023-10-01;"domingo";"10:06:00";"SC";101;402;"MARACAJA";"Manobra de mudança de faixa";"Colisão lateral mesmo sentido";"Com Vítimas Feridas";"Pleno dia";"Crescente";"Nublado";"Dupla";"Reta";"Não";3;0;0;1;1;1;1;3;-28,86330994;-49,44595308;"SPRF-SC";"DEL02-SC";"UOP02-DEL02-SC"
552182;2023-10-01;"domingo";"15:00:00";"PR";369;469,2;"CORBELIA";"Condutor Dormindo";"Tombamento";"Com Vítimas Feridas";"Pleno dia";"Crescente";"Céu Claro";"Simples";"Curva;Aclive";"Não";2;0;1;0;0;1;1;2;-24,5819546;-53,1656115;"SPRF-PR";"DEL04-PR";"UOP03-DEL04-PR"
552184;2023-10-01;"domingo";"16:20:00";"MG";381;436,7;"SABARA";"Transitar na contramão";"Colisão frontal";"Com Vítimas Fatais";"Pleno dia";"Decrescente";"Chuva";"Simples";"Declive;Curva";"Não";11;3;2;1;4;1;3;5;-19,791687;-43,744947;"SPRF-MG";"DEL01-MG";"UOP01-DEL01-MG"
552186;2023-10-01;"domingo";"12:05:00";"MT";364;299;"JACIARA";"Demais falhas mecânicas ou elétricas";"Incêndio";"Sem Vítimas";"Pleno dia";"Decrescente";"Céu Claro";"Dupla";"Reta";"Não";1;0;0;0;1;0;0;1;-15,84691555;-55,14590671;"SPRF-MT";"DEL05-MT";"UOP02-DEL05-MT"
552188;2023-10-01;"domingo";"16:40:00";"RS";392;351;"SANTA MARIA";"Velocidade Incompatível";"Colisão com objeto";"Sem Vítimas";"Pleno dia";"Decrescente";"Céu Claro";"Simples";"Curva;Interseção de Vias";"Sim";2;0;0;0;1;2;0;3;-29,72504837;-53,80601406;"SPRF-RS";"DEL09-RS";"UOP01-DEL09-RS"
552190;2023-10-01;"domingo";"15:40:00";"MG";116;789,2;"LEOPOLDINA";"Acostamento em desnível";"Tombamento";"Com Vítimas Feridas";"Pleno dia";"Crescente";"Garoa/Chuvisco";"Simples";"Declive;Curva";"Não";2;0;1;0;0;1;1;2;-21,66675874;-42,73137141;"SPRF-MG";"DEL07-MG";"UOP01-DEL07-MG"
552192;2023-10-01;"domingo";"17:35:00";"RS";285;566;"SAO LUIZ GONZAGA";"Acessar a via sem observar a presença dos outros veículos";"Colisão transversal";"Com Vítimas Feridas";"Pleno dia";"Crescente";"Céu Claro";"Simples";"Interseção de Vias";"Sim";6;0;4;0;1;1;4;3;-28,41717166;-54,93844271;"SPRF-RS";"DEL10-RS";"UOP01-DEL10-RS"
552196;2023-10-01;"domingo";"13:47:00";"MG";381;636,8;"SANTO ANTONIO DO AMPARO";"Chuva";"Colisão com objeto";"Com Vítimas Feridas";"Pleno dia";"Decrescente";"Chuva";"Dupla";"Reta;Declive";"Não";6;0;1;0;4;1;1;5;-20,89141186;-44,8525565;"SPRF-MG";"DEL04-MG";"UOP01-DEL04-MG"
552197;2023-10-01;"domingo";"17:50:00";"PE";101;70;"RECIFE";"Manobra de mudança de faixa";"Colisão lateral mesmo sentido";"Com Vítimas Feridas";"Plena Noite";"Crescente";"Céu Claro";"Dupla";"Reta";"Sim";4;0;2;0;1;2;2;4;-8,06776119;-34,94265074;"SPRF-PE";"DEL01-PE";"UOP01-DEL01-PE"
552222;2023-10-01;"domingo";"19:10:00";"PR";116;168;"QUITANDINHA";"Entrada inopinada do pedestre";"Atropelamento de Pedestre";"Com Vítimas Fatais";"Plena Noite";"Crescente";"Céu Claro";"Simples";"Reta";"Não";6;1;0;0;2;4;0;5;-25,886376;-49,504808;"SPRF-PR";"DEL01-PR";"UOP03-DEL01-PR"
552231;2023-10-01;"domingo";"19:45:00";"MT";163;838,7;"SINOP";"Manobra de mudança de faixa";"Colisão lateral mesmo sentido";"Com Vítimas Feridas";"Plena Noite";"Decrescente";"Céu Claro";"Dupla";"Reta";"Sim";3;0;1;0;0;2;1;3;-11,829;-55,487;"SPRF-MT";"DEL06-MT";"UOP02-DEL06-MT"
552233;2023-10-01;"domingo";"18:30:00";"MT";174;177;"PORTO ESPERIDIAO";"Acessar a via sem observar a presença dos outros veículos";"Colisão transversal";"Com Vítimas Fatais";"Anoitecer";"Decrescente";"Céu Claro";"Simples";"Reta;Interseção de Vias";"Não";4;1;1;1;0;1;2;3;-15,851315;-58,528248;"SPRF-MT";"DEL03-MT";"UOP01-DEL03-MT"
552234;2023-10-01;"domingo";"20:00:00";"RJ";116;195;"QUEIMADOS";"Manobra de mudança de faixa";"Colisão lateral mesmo sentido";"Com Vítimas Feridas";"Plena Noite";"Decrescente";"Garoa/Chuvisco";"Dupla";"Reta";"Sim";7;0;4;0;2;1;4;3;-22,73573614;-43,54749701;"SPRF-RJ";"DEL01-RJ";"UOP02-DEL01-RJ"
552250;2023-10-01;"domingo";"20:40:00";"SC";101;156;"PORTO BELO";"Acessar a via sem observar a presença dos outros veículos";"Colisão lateral mesmo sentido";"Com Vítimas Feridas";"Plena Noite";"Decrescente";"Céu Claro";"Dupla";"Reta";"Sim";5;0;1;0;3;1;1;3;-27,172272;-48,61170204;"SPRF-SC";"DEL04-SC";"UOP03-DEL04-SC"
552256;2023-10-01;"domingo";"20:30:00";"MG";40;552;"NOVA LIMA";"Demais falhas mecânicas ou elétricas";"Incêndio";"Com Vítimas Feridas";"Plena Noite";"Crescente";"Chuva";"Dupla";"Reta";"Sim";1;0;1;0;0;0;1;1;-20,06084086;-43,97716423;"SPRF-MG";"DEL01-MG";"UOP02-DEL01-MG"
552278;2023-10-01;"domingo";"22:40:00";"GO";40;8;"LUZIANIA";"Pedestre cruzava a pista fora da faixa";"Atropelamento de Pedestre";"Com Vítimas Feridas";"Plena Noite";"Crescente";"Nublado";"Dupla";"Reta";"Sim";2;0;0;1;1;0;1;2;-16,116158;-47,96761;"SPRF-DF";"DEL01-DF";"UOP01-DEL01-DF"
552293;2023-10-01;"domingo";"17:46:00";"MG";381;638,1;"SANTO ANTONIO DO AMPARO";"Problema com o freio";"Incêndio";"Sem Vítimas";"Anoitecer";"Decrescente";"Nublado";"Dupla";"Reta;Declive";"Não";2;0;0;0;1;1;0;2;-20,90711508;-44,86007488;"SPRF-MG";"DEL04-MG";"UOP01-DEL04-MG"
552302;2023-10-02;"segunda-feira";"00:30:00";"BA";116;840;"VITORIA DA CONQUISTA";"Reação tardia ou ineficiente do condutor";"Colisão traseira";"Com Vítimas Feridas";"Plena Noite";"Decrescente";"Céu Claro";"Simples";"Reta";"Não";2;0;1;0;1;0;1;2;-14,91252;-40,87522;"SPRF-BA";"DEL08-BA";"UOP01-DEL08-BA"
552303;2023-10-02;"segunda-feira";"01:50:00";"GO";40;17;"LUZIANIA";"Pista Escorregadia";"Capotamento";"Com Vítimas Feridas";"Plena Noite";"Decrescente";"Chuva";"Dupla";"Declive";"Não";1;0;1;0;0;0;1;1;-16,18487;-47,928641;"SPRF-DF";"DEL01-DF";"UOP01-DEL01-DF"
552308;2023-10-02;"segunda-feira";"03:10:00";"BA";101;98;"ALAGOINHAS";"Condutor Dormindo";"Tombamento";"Com Vítimas Feridas";"Plena Noite";"Crescente";"Céu Claro";"Simples";"Reta";"Sim";2;0;1;0;0;1;1;2;-12,12395106;-38,39300331;"SPRF-BA";"DEL01-BA";"UOP04-DEL01-BA"
552312;2023-10-01;"domingo";"18:00:00";"MT";364;442;"VARZEA GRANDE";"Manobra de mudança de faixa";"Colisão transversal";"Com Vítimas Fatais";"Plena Noite";"Crescente";"Garoa/Chuvisco";"Simples";"Curva;Declive";"Não";4;1;1;0;0;3;1;5;-15,600446;-56,20621;"SPRF-MT";"DEL01-MT";"UOP02-DEL01-MT"
552314;2023-10-02;"segunda-feira";"04:15:00";"PE";101;172;"JOAQUIM NABUCO";"Problema com o freio";"Incêndio";"Sem Vítimas";"Amanhecer";"Decrescente";"Céu Claro";"Dupla";"Reta";"Não";1;0;0;0;1;0;0;1;-8,58971231;-35,51252489;"SPRF-PE";"DEL01-PE";"UOP03-DEL01-PE"
552316;2023-10-01;"domingo";"19:59:00";"MT";364;269;"JACIARA";"Transitar na contramão";"Colisão frontal";"Sem Vítimas";"Plena Noite";"Decrescente";"Céu Claro";"Simples";"Reta";"Sim";3;0;0;0;1;2;0;3;-15,974228;-54,938;"SPRF-MT";"DEL02-MT";"UOP01-DEL02-MT"
552317;2023-10-02;"segunda-feira";"04:30:00";"BA";116;466;"SANTO ESTEVAO";"Condutor deixou de manter distância do veículo da frente";"Colisão traseira";"Com Vítimas Feridas";"Plena Noite";"Decrescente";"Céu Claro";"Dupla";"Reta";"Não";3;0;0;1;1;2;1;4;-12,45221025;-39,25402888;"SPRF-BA";"DEL02-BA";"UOP01-DEL02-BA"