"id";"data_inversa";"dia_semana";"horario";"uf";"br";"km";"municipio";"causa_acidente";"tipo_acidente";"classificacao_acidente";"fase_dia";"sentido_via";"condicao_metereologica";"tipo_pista";"tracado_via";"uso_solo";"pessoas";"mortos";"feridos_leves";"feridos_graves";"ilesos";"ignorados";"feridos";"veiculos";"latitude";"longitude";"regional";"delegacia";"uop"
553086;2023-10-06;"sexta-feira";"06:00:00";"PE";101;11,2;"GOIANA";"Condutor deixou de manter distância do veículo da frente";"Colisão traseira";"Com Vítimas Feridas";"Pleno dia";"Crescente";"Céu Claro";"Dupla";"Reta";"Não";2;0;1;0;0;1;1;2;-7,59514001;-34,98460002;"SPRF-PE";"DEL01-PE";"UOP02-DEL01-PE"
553088;2023-10-06;"sexta-feira";"00:50:00";"BA";116;38;"CHORROCHO";"Demais falhas mecânicas ou elétricas";"Incêndio";"Com Vítimas Feridas";"Plena Noite";"Decrescente";"Céu Claro";"Simples";"Reta";"Não";2;0;1;0;0;1;1;2;-8,9496439;-39,21474479;"SPRF-PE";"DEL05-PE";"UOP03-DEL05-PE"
553089;2023-10-06;"sexta-feira";"04:00:00";"BA";242;822;"BARREIRAS";"Reação tardia ou ineficiente do condutor";"Colisão traseira";"Com Vítimas Feridas";"Amanhecer";"Crescente";"Céu Claro";"Simples";"Reta";"Não";2;0;0;1;0;1;1;2;-12,11990727;-45,04979699;"SPRF-BA";"DEL10-BA";"UOP01-DEL10-BA"
553095;2023-10-06;"sexta-feira";"06:00:00";"MS";60;534,9;"NIOAQUE";"Ausência de reação do condutor";"Colisão traseira";"Com Vítimas Feridas";"Pleno dia";"Crescente";"Céu Claro";"Simples";"Reta;Em Obras";"Não";3;0;1;0;2;0;1;2;-21,14137497;-55,79273901;"SPRF-MS";"DEL05-MS";"UOP01-DEL05-MS"
553097;2023-10-06;"sexta-feira";"07:00:00";"PR";277;693;"SAO MIGUEL DO IGUACU";"Manobra de mudança de faixa";"Colisão lateral mesmo sentido";"Com Vítimas Feridas";"Pleno dia";"Crescente";"Céu Claro";"Dupla";"Reta;Declive";"Não";7;0;3;0;4;0;3;2;-25,37239725;-54,27033988;"SPRF-PR";"DEL05-PR";"UOP01-DEL05-PR"
553098;2023-10-06;"sexta-feira";"06:50:00";"BA";116;608,3;"IRAJUBA";"Ausência de reação do condutor";"Colisão com objeto";"Com Vítimas Feridas";"Pleno dia";"Crescente";"Sol";"Simples";"Curva";"Não";2;0;1;0;0;1;1;2;-13,26711126;-40,01362387;"SPRF-BA";"DEL03-BA";"UOP01-DEL03-BA"
553101;2023-10-06;"sexta-feira";"06:10:00";"PR";163;127;"REALEZA";"Condutor Dormindo";"Saída de leito carroçável";"Com Vítimas Feridas";"Amanhecer";"Crescente";"Céu Claro";"Dupla";"Reta;Declive;Ponte";"Não";2;0;1;0;0;1;1;2;-25,57513407;-53,56643379;"SPRF-PR";"DEL02-PR";"UOP02-DEL02-PR"
553112;2023-10-06;"sexta-feira";"08:24:00";"PI";343;1,7;"TERESINA";"Manobra de mudança de faixa";"Colisão lateral mesmo sentido";"Com Vítimas Feridas";"Pleno dia";"Crescente";"Céu Claro";"Múltipla";"Reta";"Sim";3;0;1;0;2;0;1;2;-5,081399;-42,765673;"SPRF-PI";"DEL05-PI";"UOP01-DEL05-PI"
553113;2023-10-06;"sexta-feira";"02:00:00";"MG";251;444,6;"GRAO MOGOL";"Transitar no Acostamento";"Atropelamento de Pedestre";"Com Vítimas Fatais";"Plena Noite";"Crescente";"Nublado";"Simples";"Reta";"Não";3;1;0;0;0;2;0;2;-16,4185062;-43,26071281;"SPRF-MG";"DEL12-MG";"UOP01-DEL12-MG"
553118;2023-10-06;"sexta-feira";"07:52:00";"RN";101;56;"CEARA-MIRIM";"Condutor Dormindo";"Saída de leito carroçável";"Sem Vítimas";"Pleno dia";"Decrescente";"Céu Claro";"Simples";"Reta";"Não";1;0;0;0;0;1;0;1;-5,57410138;-35,28870445;"SPRF-RN";"DEL02-RN";"UOP01-DEL02-RN"
553129;2023-10-06;"sexta-feira";"09:00:00";"MG";40;528,9;"CONTAGEM";"Trafegar com motocicleta (ou similar) entre as faixas";"Tombamento";"Com Vítimas Feridas";"Pleno dia";"Crescente";"Nublado";"Dupla";"Curva;Aclive";"Não";2;0;1;0;1;0;1;2;-19,91295715;-44,04092789;"SPRF-MG";"DEL01-MG";"UOP02-DEL01-MG"
553133;2023-09-12;"terça-feira";"18:25:00";"MT";163;558;"DIAMANTINO";"Transitar na contramão";"Colisão frontal";"Com Vítimas Feridas";"Plena Noite";"Crescente";"Nublado";"Simples";"Curva";"Não";3;0;0;1;1;4;1;6;-14,158;-56,094;"SPRF-MT";"DEL01-MT";"UOP01-DEL01-MT"
553136;2023-10-06;"sexta-feira";"09:05:00";"RS";0;0;"AMETISTA DO SUL";"Transitar na contramão";"Colisão lateral mesmo sentido";"Sem Vítimas";"Pleno dia";"Não Informado";"Nublado";"Simples";"Em Obras;Reta";"Não";3;0;0;0;3;0;0;2;-27,36512111;-53,22760642;"SPRF-RS";"DEL08-RS";"UOP02-DEL08-RS"
553146;2023-10-06;"sexta-feira";"07:00:00";"MS";163;571;"BANDEIRANTES";"Ausência de reação do condutor";"Saída de leito carroçável";"Com Vítimas Feridas";"Pleno dia";"Decrescente";"Céu Claro";"Simples";"Aclive";"Não";2;0;1;0;0;1;1;2;-19,72285;-54,35136984;"SPRF-MS";"DEL01-MS";"UOP02-DEL01-MS"
553147;2023-10-06;"sexta-feira";"10:05:00";"RS";392;0,4;"RIO GRANDE";"Acessar a via sem observar a presença dos outros veículos";"Colisão transversal";"Com Vítimas Feridas";"Pleno dia";"Decrescente";"Sol";"Simples";"Reta;Interseção de Vias";"Sim";3;0;1;0;1;1;1;3;-32,04506911;-52,07964778;"SPRF-RS";"DEL07-RS";"UOP02-DEL07-RS"
553150;2023-10-06;"sexta-feira";"11:50:00";"SC";101;119,8;"ITAJAI";"Ausência de reação do condutor";"Colisão traseira";"Sem Vítimas";"Pleno dia";"Decrescente";"Nublado";"Dupla";"Reta";"Sim";2;0;0;0;2;0;0;2;-26,9043179;-48,71555481;"SPRF-SC";"DEL04-SC";"UOP04-DEL04-SC"
553163;2023-10-06;"sexta-feira";"13:10:00";"GO";20;26;"FORMOSA";"Reação tardia ou ineficiente do condutor";"Colisão transversal";"Com Vítimas Feridas";"Pleno dia";"Decrescente";"Céu Claro";"Simples";"Reta";"Não";3;0;1;0;1;2;1;4;-15,528576;-47,129608;"SPRF-DF";"DEL02-DF";"UOP02-DEL02-DF"
553164;2023-10-06;"sexta-feira";"12:50:00";"MA";226;469,8;"SITIO NOVO";"Ingestão de álcool pelo condutor";"Colisão lateral mesmo sentido";"Sem Vítimas";"Pleno dia";"Decrescente";"Céu Claro";"Simples";"Reta";"Não";3;0;0;0;2;3;0;5;-6,03508696;-46,54477001;"SPRF-MA";"DEL04-MA";"UOP02-DEL04-MA"
553167;2023-10-06;"sexta-feira";"09:25:00";"MA";10;259;"IMPERATRIZ";"Reação tardia ou ineficiente do condutor";"Colisão traseira";"Com Vítimas Feridas";"Pleno dia";"Crescente";"Céu Claro";"Simples";"Reta;Aclive";"Não";5;0;0;2;2;1;2;4;-5,472474;-47,472221;"SPRF-MA";"DEL04-MA";"UOP01-DEL04-MA"
553174;2023-10-06;"sexta-feira";"14:00:00";"SC";280;70,2;"JARAGUA DO SUL";"Suicídio (presumido)";"Colisão frontal";"Com Vítimas Fatais";"Pleno dia";"Crescente";"Nublado";"Simples";"Reta";"Sim";4;1;0;0;1;2;0;4;-26,4623517;-49,1329656;"SPRF-SC";"DEL03-SC";"UOP03-DEL03-SC"
553178;2023-10-06;"sexta-feira";"14:50:00";"RS";386;344,2;"LAJEADO";"Reação tardia ou ineficiente do condutor";"Colisão traseira";"Com Vítimas Feridas";"Pleno dia";"Decrescente";"Céu Claro";"Simples";"Em Obras;Reta";"Sim";8;0;2;0;5;1;2;5;-29,43953873;-51,99347913;"SPRF-RS";"DEL04-RS";"UOP01-DEL04-RS"
553179;2023-08-17;"quinta-feira";"04:30:00";"BA";101;182;"SAO GONCALO DOS CAMPOS";"Ausência de reação do condutor";"Saída de leito carroçável";"Com Vítimas Fatais";"Plena Noite";"Crescente";"Céu Claro";"Simples";"Reta;Declive";"Não";1;1;0;0;0;0;0;1;-12,43712023;-38,91871127;"SPRF-BA";"DEL01-BA";"UOP03-DEL01-BA"
553187;2023-10-06;"sexta-feira";"10:55:00";"MG";40;675,7;"CARANDAI";"Reação tardia ou ineficiente do condutor";"Colisão traseira";"Com Vítimas Fatais";"Pleno dia";"Crescente";"Sol";"Simples";"Reta";"Não";2;1;0;0;1;0;0;2;-21,019451;-43,783141;"SPRF-MG";"DEL05-MG";"UOP02-DEL05-MG"
553188;2023-10-01;"domingo";"17:10:00";"MS";163;491;"CAMPO GRANDE";"Acessar a via sem observar a presença dos outros veículos";"Colisão transversal";"Sem Vítimas";"Anoitecer";"Decrescente";"Céu Claro";"Simples";"Reta";"Sim";3;0;0;0;2;1;0;3;-20,36434577;-54,52853585;"SPRF-MS";"DEL01-MS";"UOP02-DEL01-MS"
553189;2023-10-06;"sexta-feira";"15:00:00";"SC";101;101;"BALNEARIO PICARRAS";"Ausência de reação do condutor";"Colisão traseira";"Com Vítimas Feridas";"Pleno dia";"Crescente";"Nublado";"Múltipla";"Reta";"Não";6;0;2;1;2;2;3;5;-26,76404198;-48,68657667;"SPRF-SC";"DEL03-SC";"UOP02-DEL03-SC"
553191;2023-10-06;"sexta-feira";"14:36:00";"ES";101;240,9;"FUNDAO";"Ausência de reação do condutor";"Saída de leito carroçável";"Com Vítimas Feridas";"Pleno dia";"Crescente";"Céu Claro";"Simples";"Reta";"Não";1;0;0;1;0;0;1;1;-20,01594191;-40,40401764;"SPRF-ES";"DEL02-ES";"UOP01-DEL02-ES"
553195;2023-04-25;"terça-feira";"12:09:00";"PE";408;102,8;"RECIFE";"Velocidade Incompatível";"Colisão com objeto";"Com Vítimas Feridas";"Pleno dia";"Crescente";"Céu Claro";"Dupla";"Declive";"Não";10;0;2;3;4;1;5;9;-8,056301;-34,996951;"SPRF-PE";"DEL01-PE";"UOP01-DEL01-PE"
553197;2023-10-06;"sexta-feira";"14:00:00";"BA";242;495;"OLIVEIRA DOS BREJINHOS";"Manobra de mudança de faixa";"Colisão lateral sentido oposto";"Com Vítimas Fatais";"Pleno dia";"Crescente";"Sol";"Simples";"Reta";"Não";5;1;0;1;2;6;1;10;-12,38561892;-42,40889692;"SPRF-BA";"DEL06-BA";"UOP01-DEL06-BA"
553204;2023-10-06;"sexta-feira";"16:23:00";"MG";50;29,8;"ARAGUARI";"Velocidade Incompatível";"Tombamento";"Com Vítimas Feridas";"Pleno dia";"Decrescente";"Céu Claro";"Dupla";"Curva";"Não";2;0;1;0;0;2;1;3;-18,61566;-48,114071;"SPRF-MG";"DEL15-MG";"UOP02-DEL15-MG"
553205;2023-10-06;"sexta-feira";"16:30:00";"AL";316;262;"SATUBA";"Condutor deixou de manter distância do veículo da frente";"Colisão traseira";"Com Vítimas Feridas";"Pleno dia";"Crescente";"Céu Claro";"Simples";"Reta";"Não";4;0;0;1;3;0;1;2;-9,58877051;-35,88700493;"SPRF-AL";"DEL02-AL";"UOP01-DEL02-AL"
553206;2023-10-06;"sexta-feira";"12:30:00";"RN";110;44;"MOSSORO";"Demais falhas mecânicas ou elétricas";"Saída de leito carroçável";"Com Vítimas Feridas";"Pleno dia";"Crescente";"Céu Claro";"Simples";"Reta";"Não";2;0;2;0;0;0;2;1;-5,18717768;-37,30390524;"SPRF-RN";"DEL04-RN";"UOP01-DEL04-RN"
553208;2023-10-06;"sexta-feira";"15:15:00";"MG";116;554,5;"MANHUACU";"Chuva";"Colisão frontal";"Com Vítimas Fatais";"Pleno dia";"Crescente";"Chuva";"Simples";"Reta;Declive";"Não";4;1;0;1;1;2;1;4;-20,00117809;-42,14034158;"SPRF-MG";"DEL06-MG";"UOP02-DEL06-MG"
553211;2023-10-06;"sexta-feira";"17:20:00";"RS";470;218;"BENTO GONCALVES";"Acessar a via sem observar a presença dos outros veículos";"Colisão transversal";"Com Vítimas Feridas";"Anoitecer";"Crescente";"Chuva";"Simples";"Rotatória;Retorno Regulamentado";"Sim";5;0;2;0;2;1;2;3;-29,18233421;-51,52029455;"SPRF-RS";"DEL06-RS";"UOP01-DEL06-RS"
553215;2023-10-06;"sexta-feira";"12:50:00";"TO";153;398,5;"RIO DOS BOIS";"Ultrapassagem Indevida";"Colisão traseira";"Sem Vítimas";"Pleno dia";"Crescente";"Céu Claro";"Simples";"Aclive";"Não";7;0;0;0;6;1;0;3;-9,393278;-48,56296901;"SPRF-TO";"DEL02-TO";"UOP02-DEL02-TO"
553217;2023-10-06;"sexta-feira";"16:45:00";"PR";277;672;"MEDIANEIRA";"Velocidade Incompatível";"Colisão traseira";"Com Vítimas Feridas";"Pleno dia";"Decrescente";"Céu Claro";"Dupla";"Reta";"Não";4;0;1;0;2;1;1;3;-25,28740438;-54,09701091;"SPRF-PR";"DEL05-PR";"UOP02-DEL05-PR"
553229;2023-10-06;"sexta-feira";"19:18:00";"CE";116;13;"FORTALEZA";"Entrada inopinada do pedestre";"Atropelamento de Pedestre";"Com Vítimas Feridas";"Plena Noite";"Crescente";"Céu Claro";"Múltipla";"Reta;Declive";"Sim";2;0;0;1;1;0;1;2;-3,86088501;-38,49715296;"SPRF-CE";"DEL01-CE";"UOP02-DEL01-CE"
553231;2023-10-06;"sexta-feira";"18:10:00";"PI";343;16,6;"PARNAIBA";"Condutor deixou de manter distância do veículo da frente";"Engavetamento";"Com Vítimas Feridas";"Anoitecer";"Crescente";"Céu Claro";"Simples";"Reta";"Sim";3;0;1;0;1;1;1;3;-2,945431;-41,756462;"SPRF-PI";"DEL05-PI";"UOP01-DEL05-PI"
553235;2023-10-06;"sexta-feira";"16:00:00";"PR";277;667;"MEDIANEIRA";"Condutor Dormindo";"Colisão traseira";"Com Vítimas Feridas";"Pleno dia";"Crescente";"Sol";"Dupla";"Reta;Aclive";"Não";2;0;1;0;1;0;1;2;-25,26577498;-54,05432901;"SPRF-PR";"DEL05-PR";"UOP02-DEL05-PR"
553237;2023-10-06;"sexta-feira";"18:10:00";"MA";10;226;"GOVERNADOR EDISON LOBAO";"Transitar na contramão";"Colisão frontal";"Com Vítimas Fatais";"Plena Noite";"Decrescente";"Céu Claro";"Simples";"Reta";"Não";3;1;0;0;2;0;0;2;-5,736645;-47,35976;"SPRF-MA";"DEL04-MA";"UOP01-DEL04-MA"
553238;2023-10-06;"sexta-feira";"17:05:00";"MG";365;596,7;"UBERLANDIA";"Reação tardia ou ineficiente do condutor";"Colisão lateral sentido oposto";"Sem Vítimas";"Pleno dia";"Crescente";"Nublado";"Simples";"Aclive";"Não";2;0;0;0;0;2;0;2;-18,88071533;-48,09478179;"SPRF-MG";"DEL15-MG";"UOP01-DEL15-MG"
553242;2023-10-06;"sexta-feira";"19:45:00";"RS";392;79;"PELOTAS";"Transitar no Acostamento";"Colisão traseira";"Com Vítimas Feridas";"Plena Noite";"Crescente";"Nublado";"Simples";"Reta";"Não";4;0;0;1;1;3;1;5;-31,68196393;-52,44676696;"SPRF-RS";"DEL07-RS";"UOP01-DEL07-RS"
553246;2023-10-06;"sexta-feira";"19:50:00";"GO";153;428;"ANAPOLIS";"Ausência de sinalização";"Colisão frontal";"Com Vítimas Feridas";"Plena Noite";"Crescente";"Nublado";"Dupla";"Reta";"Sim";4;0;1;0;2;1;1;3;-16,255061;-48,991751;"SPRF-GO";"DEL02-GO";"UOP01-DEL02-GO"
553256;2023-10-06;"sexta-feira";"13:10:00";"RJ";40;119;"DUQUE DE CAXIAS";"Velocidade Incompatível";"Tombamento";"Com Vítimas Feridas";"Pleno dia";"Decrescente";"Sol";"Múltipla";"Aclive;Curva;Viaduto";"Sim";2;0;1;0;0;1;1;2;-22,76375592;-43,28683062;"SPRF-RJ";"DEL01-RJ";"UOP01-DEL01-RJ"
553260;2023-10-06;"sexta-feira";"19:00:00";"BA";116;518;"ITATIM";"Reação tardia ou ineficiente do condutor";"Colisão frontal";"Com Vítimas Feridas";"Plena Noite";"Crescente";"Céu Claro";"Simples";"Reta";"Não";3;0;2;0;0;2;2;4;-12,67669892;-39,66293504;"SPRF-BA";"DEL03-BA";"UOP02-DEL03-BA"
553266;2023-10-06;"sexta-feira";"20:10:00";"RS";392;282;"SAO SEPE";"Acessar a via sem observar a presença dos outros veículos";"Colisão transversal";"Com Vítimas Feridas";"Plena Noite";"Crescente";"Céu Claro";"Simples";"Reta;Aclive";"Não";4;0;0;1;1;2;1;4;-30,2905489;-53,53929569;"SPRF-RS";"DEL09-RS";"UOP02-DEL09-RS"
553270;2023-10-04;"quarta-feira";"07:30:00";"AM";174;1088;"PRESIDENTE FIGUEIREDO";"Acessar a via sem observar a presença dos outros veículos";"Colisão lateral mesmo sentido";"Com Vítimas Feridas";"Pleno dia";"Decrescente";"Sol";"Simples";"Reta";"Não";3;0;1;0;1;2;1;4;-1,29460771;-60,40441009;"SPRF-AM";"DEL01-AM";"UOP02-DEL01-AM"
553272;2023-10-06;"sexta-feira";"20:19:00";"PR";153;385;"MALLET";"Transitar na contramão";"Colisão lateral sentido oposto";"Com Vítimas Feridas";"Plena Noite";"Crescente";"Nevoeiro/Neblina";"Simples";"Curva";"Não";3;0;2;0;1;0;2;2;-25,84266194;-50,83626789;"SPRF-PR";"DEL08-PR";"UOP02-DEL08-PR"
553275;2023-09-22;"sexta-feira";"13:50:00";"PR";373;173,1;"PONTA GROSSA";"Pedestre cruzava a pista fora da faixa";"Atropelamento de Pedestre";"Com Vítimas Feridas";"Pleno dia";"Decrescente";"Sol";"Simples";"Reta";"Sim";2;0;0;1;1;0;1;2;-25,0805653;-50,20175905;"SPRF-PR";"DEL03-PR";"UOP01-DEL03-PR"
553281;2023-10-06;"sexta-feira";"19:26:00";"GO";0;0;"JATAI";"Reação tardia ou ineficiente do condutor";"Derramamento de carga";"Com Vítimas Feridas";"Plena Noite";"Não Informado";"Nublado";"Dupla";"Reta;Aclive";"Não";5;0;1;0;2;3;1;5;-17,90121;-51,762142;"SPRF-GO";"DEL05-GO";"UOP01-DEL05-GO"
553282;2023-10-06;"sexta-feira";"17:00:00";"MG";153;152;"COMENDADOR GOMES";"Transitar na contramão";"Colisão lateral sentido oposto";"Com Vítimas Feridas";"Pleno dia";"Crescente";"Céu Claro";"Simples";"Curva;Declive";"Não";3;0;0;1;1;3;1;5;-19,62918559;-48,89659299;"SPRF-MG";"DEL13-MG";"UOP02-DEL13-MG"
553283;2023-08-05;"sábado";"14:55:00";"BA";324;616;"SALVADOR";"Velocidade Incompatível";"Colisão lateral mesmo sentido";"Sem Vítimas";"Pleno dia";"Crescente";"Céu Claro";"Múltipla";"Reta";"Sim";3;0;0;0;2;1;0;3;-12,87957905;-38,43213893;"SPRF-BA";"DEL01-BA";"UOP01-DEL01-BA"
553289;2023-10-06;"sexta-feira";"15:45:00";"PR";376;451,2;"TIBAGI";"Reação tardia ou ineficiente do condutor";"Tombamento";"Com Vítimas Fatais";"Pleno dia";"Crescente";"Céu Claro";"Dupla";"Curva;Declive";"Não";2;1;0;0;0;1;0;2;-24,87795911;-50,44083953;"SPRF-PR";"DEL03-PR";"UOP02-DEL03-PR"
553294;2023-10-06;"sexta-feira";"17:20:00";"MG";116;177;"PADRE PARAISO";"Pedestre andava na pista";"Atropelamento de Pedestre";"Com Vítimas Fatais";"Anoitecer";"Crescente";"Céu Claro";"Simples";"Reta";"Não";3;1;0;0;1;1;0;3;-17,06613668;-41,47373204;"SPRF-MG";"DEL11-MG";"UOP02-DEL11-MG"
553295;2023-10-06;"sexta-feira";"22:00:00";"GO";50;297;"CUMARI";"Reação tardia ou ineficiente do condutor";"Colisão traseira";"Com Vítimas Feridas";"Plena Noite";"Decrescente";"Céu Claro";"Simples";"Reta";"Não";11;0;2;1;7;2;3;7;-18,3061;-48,0148;"SPRF-GO";"DEL06-GO";"UOP01-DEL06-GO"
553300;2023-10-06;"sexta-feira";"22:20:00";"PR";277;100,1;"CURITIBA";"Ausência de reação do condutor";"Colisão traseira";"Com Vítimas Feridas";"Plena Noite";"Decrescente";"Céu Claro";"Dupla";"Reta";"Não";3;0;1;0;0;2;1;3;-25,43306;-49,3702478;"SPRF-PR";"DEL01-PR";"UOP06-DEL01-PR"
553312;2023-10-06;"sexta-feira";"19:36:00";"GO";158;199;"CAIAPONIA";"Ausência de reação do condutor";"Tombamento";"Sem Vítimas";"Anoitecer";"Decrescente";"Céu Claro";"Simples";"Reta;Declive";"Não";2;0;0;0;1;2;0;3;-17,309656;-51,883157;"SPRF-GO";"DEL05-GO";"UOP01-DEL05-GO"
553328;2023-10-07;"sábado";"02:00:00";"RJ";101;42,3;"CAMPOS DOS GOYTACAZES";"Ingestão de álcool pelo condutor";"Colisão transversal";"Com Vítimas Feridas";"Plena Noite";"Decrescente";"Céu Claro";"Simples";"Reta;Aclive";"Não";2;0;0;1;1;0;1;2;-21,56357908;-41,32424043;"SPRF-RJ";"DEL08-RJ";"UOP01-DEL08-RJ"
553330;2023-10-07;"sábado";"03:40:00";"CE";20;296,2;"CANINDE";"Condutor Dormindo";"Saída de leito carroçável";"Sem Vítimas";"Plena Noite";"Decrescente";"Céu Claro";"Simples";"Reta";"Não";2;0;0;0;1;1;0;2;-4,44744398;-39,33936102;"SPRF-CE";"DEL02-CE";"UOP01-DEL02-CE"
553336;2023-10-07;"sábado";"04:05:00";"PB";101;104,9;"ALHANDRA";"Condutor Dormindo";"Saída de leito carroçável";"Com Vítimas Fatais";"Plena Noite";"Decrescente";"Céu Claro";"Simples";"Retorno Regulamentado";"Não";2;1;1;0;0;0;1;1;-7,30029088;-34,93888622;"SPRF-PB";"DEL01-PB";"UOP02-DEL01-PB"
553339;2023-10-07;"sábado";"05:30:00";"RJ";101;88,2;"CAMPOS DOS GOYTACAZES";"Suicídio (presumido)";"Colisão frontal";"Com Vítimas Fatais";"Amanhecer";"Crescente";"Céu Claro";"Dupla";"Curva;Aclive";"Não";2;1;0;0;1;0;0;2;-21,83354897;-41,50191804;"SPRF-RJ";"DEL08-RJ";"UOP02-DEL08-RJ"
553340;2023-10-07;"sábado";"06:10:00";"RN";304;249,5;"SANTA MARIA";"Conversão proibida";"Colisão lateral sentido oposto";"Sem Vítimas";"Pleno dia";"Crescente";"Sol";"Simples";"Interseção de Vias";"Não";3;0;0;0;2;1;0;3;-5,82829756;-35,76618433;"SPRF-RN";"DEL01-RN";"UOP02-DEL01-RN"
553342;2023-10-06;"sexta-feira";"16:00:00";"MS";267;183;"NOVA ALVORADA DO SUL";"Demais falhas mecânicas ou elétricas";"Incêndio";"Sem Vítimas";"Pleno dia";"Crescente";"Céu Claro";"Simples";"Reta";"Não";2;0;0;0;1;1;0;2;-21,60624066;-53,78818596;"SPRF-MS";"DEL02-MS";"UOP03-DEL02-MS"
553347;2023-10-07;"sábado";"06:59:00";"TO";153;412;"MIRANORTE";"Ausência de reação do condutor";"Colisão transversal";"Com Vítimas Feridas";"Pleno dia";"Crescente";"Céu Claro";"Simples";"Retorno Regulamentado;Interseção de Vias";"Não";2;0;0;1;0;1;1;2;-9,49885975;-48,58649141;"SPRF-TO";"DEL02-TO";"UOP02-DEL02-TO"
553358;2023-10-07;"sábado";"04:40:00";"MT";364;3;"ALTO ARAGUAIA";"Ausência de reação do condutor";"Colisão frontal";"Com Vítimas Fatais";"Amanhecer";"Crescente";"Nublado";"Simples";"Reta";"Não";4;2;0;0;1;1;0;3;-17,30429599;-53,23345499;"SPRF-MT";"DEL02-MT";"UOP02-DEL02-MT"
553368;2023-10-07;"sábado";"05:40:00";"RR";174;480;"BOA VISTA";"Ingestão de álcool pelo condutor";"Colisão lateral sentido oposto";"Com Vítimas Feridas";"Plena Noite";"Decrescente";"Céu Claro";"Simples";"Reta";"Não";4;0;1;0;2;2;1;4;2,694232;-60,858209;"SPRF-RR";"DEL01-RR";"UOP01-DEL01-RR"
553369;2023-08-10;"quinta-feira";"23:00:00";"MG";365;648,5;"UBERLANDIA";"Condutor Dormindo";"Colisão lateral sentido oposto";"Com Vítimas Fatais";"Plena Noite";"Crescente";"Céu Claro";"Dupla";"Reta";"Não";3;2;0;0;0;2;0;4;-18,87453984;-48,53093797;"SPRF-MG";"DEL15-MG";"UOP01-DEL15-MG"
553375;2023-10-06;"sexta-feira";"19:30:00";"MT";364;529;"ROSARIO OESTE";"Reação tardia ou ineficiente do condutor";"Tombamento";"Com Vítimas Fatais";"Plena Noite";"Decrescente";"Nublado";"Simples";"Reta;Ponte";"Não";6;1;1;1;2;8;2;11;-15,01361502;-56,5153232;"SPRF-MT";"DEL01-MT";"UOP01-DEL01-MT"
553379;2023-09-18;"segunda-feira";"16:31:00";"SC";470;41;"GASPAR";"Ausência de reação do condutor";"Engavetamento";"Com Vítimas Feridas";"Pleno dia";"Decrescente";"Céu Claro";"Dupla";"Reta";"Sim";6;0;0;2;3;1;2;6;-26,889574;-48,99094;"SPRF-SC";"DEL04-SC";"UOP01-DEL04-SC"
553383;2023-10-07;"sábado";"07:30:00";"GO";60;352;"SANTO ANTONIO DA BARRA";"Velocidade Incompatível";"Tombamento";"Com Vítimas Feridas";"Pleno dia";"Decrescente";"Nublado";"Dupla";"Retorno Regulamentado;Aclive";"Não";3;0;1;0;0;4;1;5;-17,592618;-50,71070194;"SPRF-GO";"DEL04-GO";"UOP02-DEL04-GO"
553384;2023-10-07;"sábado";"08:15:00";"BA";324;519,9;"FEIRA DE SANTANA";"Reação tardia ou ineficiente do condutor";"Tombamento";"Com Vítimas Feridas";"Pleno dia";"Decrescente";"Céu Claro";"Dupla";"Viaduto;Reta";"Sim";2;0;1;0;0;1;1;2;-12,27234586;-38,93529123;"SPRF-BA";"DEL01-BA";"UOP03-DEL01-BA"
553394;2023-10-07;"sábado";"10:01:00";"MG";116;523,4;"CARATINGA";"Transitar na contramão";"Colisão lateral sentido oposto";"Com Vítimas Feridas";"Pleno dia";"Decrescente";"Céu Claro";"Simples";"Curva";"Sim";4;0;2;0;1;1;2;3;-19,76027352;-42,13398823;"SPRF-MG";"DEL06-MG";"UOP02-DEL06-MG"
553398;2023-10-07;"sábado";"10:20:00";"RS";386;135;"SARANDI";"Acessar a via sem observar a presença dos outros veículos";"Colisão lateral mesmo sentido";"Com Vítimas Feridas";"Pleno dia";"Decrescente";"Chuva";"Simples";"Interseção de Vias";"Não";5;0;2;2;1;0;4;2;-27,9527479;-52,91710854;"SPRF-RS";"DEL08-RS";"UOP01-DEL08-RS"
553399;2023-10-07;"sábado";"09:50:00";"SC";101;91,3;"BARRA VELHA";"Manobra de mudança de faixa";"Colisão lateral mesmo sentido";"Com Vítimas Feridas";"Pleno dia";"Decrescente";"Chuva";"Dupla";"Reta";"Sim";3;0;1;0;2;0;1;2;-26,67120698;-48,69011814;"SPRF-SC";"DEL03-SC";"UOP02-DEL03-SC"
553402;2023-10-07;"sábado";"08:30:00";"BA";101;385,3;"IBIRAPITANGA";"Reação tardia ou ineficiente do condutor";"Tombamento";"Com Vítimas Feridas";"Pleno dia";"Decrescente";"Chuva";"Simples";"Curva";"Não";2;0;1;0;0;2;1;3;-13,907131;-39,47979;"SPRF-BA";"DEL05-BA";"UOP03-DEL05-BA"
553409;2023-10-07;"sábado";"12:02:00";"MG";381;494;"BETIM";"Condutor deixou de manter distância do veículo da frente";"Colisão traseira";"Com Vítimas Fatais";"Pleno dia";"Crescente";"Céu Claro";"Múltipla";"Reta;Aclive";"Sim";4;1;0;0;2;2;0;5;-19,985563;-44,20318;"SPRF-MG";"DEL01-MG";"UOP03-DEL01-MG"
553412;2023-10-07;"sábado";"12:03:00";"MG";381;526,8;"BRUMADINHO";"Velocidade Incompatível";"Tombamento";"Com Vítimas Feridas";"Pleno dia";"Decrescente";"Sol";"Dupla";"Curva";"Não";3;0;1;1;0;1;2;2;-20,16283256;-44,35072739;"SPRF-MG";"DEL04-MG";"UOP03-DEL04-MG"