"id";"data_inversa";"dia_semana";"horario";"uf";"br";"km";"municipio";"causa_acidente";"tipo_acidente";"classificacao_acidente";"fase_dia";"sentido_via";"condicao_metereologica";"tipo_pista";"tracado_via";"uso_solo";"pessoas";"mortos";"feridos_leves";"feridos_graves";"ilesos";"ignorados";"feridos";"veiculos";"latitude";"longitude";"regional";"delegacia";"uop"
553415;2023-10-07;"sábado";"12:10:00";"PR";376;650,8;"TIJUCAS DO SUL";"Condutor deixou de manter distância do veículo da frente";"Saída de leito carroçável";"Com Vítimas Feridas";"Pleno dia";"Decrescente";"Chuva";"Dupla";"Reta;Declive";"Não";3;0;1;0;1;1;1;3;-25,844948;-49,07259;"SPRF-PR";"DEL01-PR";"UOP04-DEL01-PR"
553417;2023-10-07;"sábado";"09:00:00";"RO";364;934;"PORTO VELHO";"Velocidade Incompatível";"Colisão traseira";"Com Vítimas Feridas";"Pleno dia";"Decrescente";"Céu Claro";"Simples";"Reta";"Não";4;0;0;1;1;2;1;3;-9,67144966;-65,40658389;"SPRF-RO";"DEL01-RO";"UOP03-DEL01-RO"
553420;2023-10-07;"sábado";"12:00:00";"PR";277;698;"SAO MIGUEL DO IGUACU";"Manobra de mudança de faixa";"Saída de leito carroçável";"Sem Vítimas";"Pleno dia";"Decrescente";"Céu Claro";"Dupla";"Reta;Declive";"Não";2;0;0;0;1;1;0;2;-25,3964712;-54,31179289;"SPRF-PR";"DEL05-PR";"UOP01-DEL05-PR"
553422;2023-05-10;"quarta-feira";"17:45:00";"MA";226;487;"SITIO NOVO";"Condutor deixou de manter distância do veículo da frente";"Colisão traseira";"Com Vítimas Feridas";"Pleno dia";"Decrescente";"Ignorado";"Simples";"Reta";"Não";2;0;0;1;0;1;1;2;-6,06315586;-46,70204605;"SPRF-MA";"DEL04-MA";"UOP02-DEL04-MA"
553425;2023-10-07;"sábado";"13:28:00";"MG";381;508;"SAO JOAQUIM DE BICAS";"Velocidade Incompatível";"Engavetamento";"Com Vítimas Feridas";"Pleno dia";"Decrescente";"Céu Claro";"Dupla";"Reta";"Sim";13;0;2;4;5;3;6;10;-20,06277698;-44,29329002;"SPRF-MG";"DEL01-MG";"UOP03-DEL01-MG"
553434;2023-10-07;"sábado";"12:00:00";"MT";158;784;"BARRA DO GARCAS";"Ultrapassagem Indevida";"Colisão traseira";"Com Vítimas Feridas";"Pleno dia";"Decrescente";"Céu Claro";"Simples";"Reta;Declive";"Não";4;0;1;0;2;2;1;4;-15,77641997;-52,28416808;"SPRF-MT";"DEL07-MT";"UOP01-DEL07-MT"
553444;2023-10-07;"sábado";"11:20:00";"MT";163;22,9;"ITIQUIRA";"Avarias e/ou desgaste excessivo no pneu";"Saída de leito carroçável";"Sem Vítimas";"Pleno dia";"Crescente";"Céu Claro";"Dupla";"Aclive";"Não";1;0;0;0;1;0;0;1;-17,32505699;-54,76070288;"SPRF-MT";"DEL02-MT";"UOP03-DEL02-MT"
553445;2023-10-05;"quinta-feira";"08:01:00";"PE";101;57;"PAULISTA";"Reação tardia ou ineficiente do condutor";"Colisão lateral mesmo sentido";"Com Vítimas Feridas";"Pleno dia";"Crescente";"Céu Claro";"Dupla";"Reta;Declive";"Não";2;0;1;0;1;0;1;2;-7,96346213;-34,91513486;"SPRF-PE";"DEL01-PE";"UOP02-DEL01-PE"
553448;2023-10-07;"sábado";"14:55:00";"BA";116;777,3;"PLANALTO";"Estacionar ou parar em local proibido";"Colisão traseira";"Com Vítimas Feridas";"Pleno dia";"Decrescente";"Céu Claro";"Simples";"Reta";"Sim";3;0;0;1;1;1;1;3;-14,670558;-40,476209;"SPRF-BA";"DEL08-BA";"UOP02-DEL08-BA"
553451;2023-10-07;"sábado";"12:35:00";"MG";251;264,3;"SALINAS";"Condutor Dormindo";"Colisão lateral sentido oposto";"Com Vítimas Feridas";"Pleno dia";"Crescente";"Sol";"Simples";"Reta";"Não";3;0;0;1;1;1;1;3;-15,99763534;-41,94889069;"SPRF-MG";"DEL12-MG";"UOP02-DEL12-MG"
553455;2023-10-07;"sábado";"16:10:00";"PR";116;47,6;"CAMPINA GRANDE DO SUL";"Demais falhas mecânicas ou elétricas";"Colisão traseira";"Sem Vítimas";"Anoitecer";"Decrescente";"Chuva";"Dupla";"Curva";"Não";3;0;0;0;2;1;0;3;-25,21058799;-48,89720903;"SPRF-PR";"DEL01-PR";"UOP02-DEL01-PR"
553458;2023-10-07;"sábado";"17:00:00";"SE";101;50,4;"CARMOPOLIS";"Pista Escorregadia";"Colisão com objeto";"Sem Vítimas";"Pleno dia";"Crescente";"Chuva";"Dupla";"Declive";"Não";1;0;0;0;1;0;0;1;-10,60303597;-36,9754765;"SPRF-SE";"DEL02-SE";"UOP02-DEL02-SE"
553463;2023-10-07;"sábado";"15:00:00";"BA";116;446,8;"ANTONIO CARDOSO";"Reação tardia ou ineficiente do condutor";"Saída de leito carroçável";"Com Vítimas Fatais";"Pleno dia";"Decrescente";"Céu Claro";"Dupla";"Reta";"Não";2;1;0;0;0;2;0;3;-12,380942;-39,128192;"SPRF-BA";"DEL02-BA";"UOP01-DEL02-BA"
553465;2023-10-07;"sábado";"17:10:00";"PR";376;681,9;"GUARATUBA";"Condutor deixou de manter distância do veículo da frente";"Colisão com objeto";"Com Vítimas Feridas";"Pleno dia";"Crescente";"Chuva";"Dupla";"Curva";"Não";2;0;1;0;0;1;1;2;-25,979783;-48,887747;"SPRF-PR";"DEL01-PR";"UOP04-DEL01-PR"
553467;2023-10-07;"sábado";"18:15:00";"PR";116;38;"CAMPINA GRANDE DO SUL";"Estacionar ou parar em local proibido";"Colisão traseira";"Com Vítimas Feridas";"Plena Noite";"Crescente";"Chuva";"Dupla";"Curva";"Não";3;0;1;0;1;1;1;2;-25,14802509;-48,85922071;"SPRF-PR";"DEL01-PR";"UOP02-DEL01-PR"
553490;2023-10-07;"sábado";"19:45:00";"BA";324;535;"CONCEICAO DO JACUIPE";"Demais falhas mecânicas ou elétricas";"Colisão com objeto";"Sem Vítimas";"Plena Noite";"Crescente";"Céu Claro";"Dupla";"Reta";"Sim";2;0;0;0;1;1;0;2;-12,35775097;-38,82802597;"SPRF-BA";"DEL01-BA";"UOP03-DEL01-BA"
553496;2023-06-19;"segunda-feira";"23:30:00";"AL";101;33,9;"JOAQUIM GOMES";"Chuva";"Saída de leito carroçável";"Com Vítimas Feridas";"Plena Noite";"Crescente";"Chuva";"Dupla";"Curva";"Não";2;0;1;0;0;1;1;2;-9,10736895;-35,75887214;"SPRF-AL";"DEL01-AL";"UOP02-DEL01-AL"
553502;2023-10-07;"sábado";"20:00:00";"MG";251;349;"PADRE CARVALHO";"Reação tardia ou ineficiente do condutor";"Tombamento";"Com Vítimas Feridas";"Plena Noite";"Decrescente";"Céu Claro";"Simples";"Declive;Curva";"Não";3;0;2;1;0;0;3;1;-16,25752652;-42,52361298;"SPRF-MG";"DEL12-MG";"UOP02-DEL12-MG"
553506;2023-10-07;"sábado";"21:05:00";"RS";290;49,2;"GLORINHA";"Ingestão de álcool pelo condutor";"Saída de leito carroçável";"Sem Vítimas";"Plena Noite";"Decrescente";"Céu Claro";"Múltipla";"Reta";"Não";1;0;0;0;1;0;0;1;-29,902617;-50,748444;"SPRF-RS";"DEL03-RS";"UOP01-DEL03-RS"
553520;2023-10-07;"sábado";"17:10:00";"MT";163;765;"SORRISO";"Ingestão de álcool pelo condutor";"Colisão lateral sentido oposto";"Sem Vítimas";"Anoitecer";"Crescente";"Céu Claro";"Simples";"Reta";"Não";3;0;0;0;2;2;0;4;-12,450205;-55,660296;"SPRF-MT";"DEL06-MT";"UOP01-DEL06-MT"
553524;2023-10-08;"domingo";"00:05:00";"ES";101;439;"MIMOSO DO SUL";"Acessar a via sem observar a presença dos outros veículos";"Colisão transversal";"Com Vítimas Feridas";"Plena Noite";"Crescente";"Nublado";"Simples";"Curva";"Não";3;0;1;0;1;1;1;3;-21,07264705;-41,22787382;"SPRF-ES";"DEL03-ES";"UOP02-DEL03-ES"
553525;2023-10-07;"sábado";"17:20:00";"RJ";101;414;"MANGARATIBA";"Velocidade Incompatível";"Colisão traseira";"Com Vítimas Fatais";"Anoitecer";"Decrescente";"Nublado";"Dupla";"Reta";"Não";3;1;0;1;1;0;1;2;-22,90390285;-43,87258001;"SPRF-RJ";"DEL03-RJ";"UOP01-DEL03-RJ"
553531;2023-10-07;"sábado";"22:40:00";"SP";116;85,6;"PINDAMONHANGABA";"Falta de acostamento";"Atropelamento de Pedestre";"Com Vítimas Feridas";"Plena Noite";"Decrescente";"Chuva";"Dupla";"Reta";"Não";2;0;0;1;0;1;1;2;-22,92475119;-45,34965277;"SPRF-SP";"DEL08-SP";"UOP01-DEL08-SP"
553532;2023-10-08;"domingo";"01:15:00";"MG";40;474;"SETE LAGOAS";"Problema na suspensão";"Tombamento";"Sem Vítimas";"Plena Noite";"Crescente";"Céu Claro";"Dupla";"Curva";"Não";1;0;0;0;1;0;0;1;-19,50551591;-44,27423377;"SPRF-MG";"DEL02-MG";"UOP01-DEL02-MG"
553534;2023-10-08;"domingo";"00:01:00";"PR";376;517;"PONTA GROSSA";"Reação tardia ou ineficiente do condutor";"Colisão traseira";"Com Vítimas Feridas";"Plena Noite";"Decrescente";"Chuva";"Dupla";"Reta";"Não";3;0;1;0;1;3;1;5;-25,26986796;-49,93608;"SPRF-PR";"DEL03-PR";"UOP04-DEL03-PR"
553550;2023-10-08;"domingo";"01:10:00";"MG";116;53,4;"MEDINA";"Transitar na contramão";"Colisão lateral sentido oposto";"Com Vítimas Feridas";"Plena Noite";"Decrescente";"Ignorado";"Simples";"Curva";"Não";2;0;0;1;1;0;1;2;-16,082129;-41,4461371;"SPRF-MG";"DEL11-MG";"UOP02-DEL11-MG"
553554;2023-10-08;"domingo";"00:30:00";"MT";163;104,7;"RONDONOPOLIS";"Condutor Dormindo";"Saída de leito carroçável";"Com Vítimas Feridas";"Plena Noite";"Crescente";"Céu Claro";"Dupla";"Curva;Declive";"Não";2;0;1;0;0;1;1;2;-16,6287819;-54,69729761;"SPRF-MT";"DEL02-MT";"UOP03-DEL02-MT"
553572;2023-10-08;"domingo";"05:40:00";"SC";101;388,6;"CRICIUMA";"Transitar na contramão";"Colisão frontal";"Com Vítimas Feridas";"Amanhecer";"Decrescente";"Chuva";"Dupla";"Reta";"Não";3;0;1;0;1;1;1;3;-28,79835142;-49,35916901;"SPRF-SC";"DEL02-SC";"UOP02-DEL02-SC"
553573;2023-10-08;"domingo";"06:00:00";"GO";60;407;"RIO VERDE";"Transtornos Mentais (exceto suicidio)";"Saída de leito carroçável";"Com Vítimas Feridas";"Amanhecer";"Decrescente";"Céu Claro";"Dupla";"Reta";"Não";1;0;1;0;0;0;1;1;-17,816;-51,118176;"SPRF-GO";"DEL04-GO";"UOP02-DEL04-GO"
553579;2023-10-07;"sábado";"19:45:00";"MG";116;567;"MANHUACU";"Transitar na contramão";"Colisão frontal";"Sem Vítimas";"Plena Noite";"Crescente";"Nublado";"Simples";"Reta";"Não";2;0;0;0;1;1;0;2;-20,08349985;-42,18405862;"SPRF-MG";"DEL06-MG";"UOP03-DEL06-MG"
553587;2023-10-08;"domingo";"04:00:00";"MG";381;509;"SAO JOAQUIM DE BICAS";"Demais falhas mecânicas ou elétricas";"Incêndio";"Sem Vítimas";"Amanhecer";"Decrescente";"Céu Claro";"Dupla";"Curva";"Não";1;0;0;0;0;1;0;1;-20,09239724;-44,31458341;"SPRF-MG";"DEL01-MG";"UOP03-DEL01-MG"
553588;2023-10-08;"domingo";"04:00:00";"SP";381;72;"SAO PAULO";"Reação tardia ou ineficiente do condutor";"Eventos atípicos";"Com Vítimas Feridas";"Plena Noite";"Decrescente";"Chuva";"Dupla";"Reta;Aclive";"Não";3;0;1;0;1;1;1;3;-23,35761806;-46,54970281;"SPRF-SP";"DEL03-SP";"UOP01-DEL03-SP"
553599;2023-10-04;"quarta-feira";"14:40:00";"PR";116;32;"CAMPINA GRANDE DO SUL";"Manobra de mudança de faixa";"Colisão lateral mesmo sentido";"Com Vítimas Feridas";"Pleno dia";"Decrescente";"Chuva";"Dupla";"Reta;Aclive";"Não";4;0;0;1;2;2;1;4;-25,10497579;-48,83973903;"SPRF-PR";"DEL01-PR";"UOP02-DEL01-PR"
553607;2023-10-07;"sábado";"22:30:00";"MG";153;10;"ARAPORA";"Ingestão de álcool pelo condutor";"Colisão traseira";"Com Vítimas Feridas";"Plena Noite";"Crescente";"Céu Claro";"Dupla";"Reta";"Não";3;0;0;1;1;2;1;4;-18,50602699;-49,18897335;"SPRF-MG";"DEL15-MG";"UOP03-DEL15-MG"
553610;2023-10-08;"domingo";"10:00:00";"SP";116;229;"SAO PAULO";"Chuva";"Colisão lateral mesmo sentido";"Sem Vítimas";"Pleno dia";"Decrescente";"Chuva";"Múltipla";"Reta";"Sim";5;0;0;0;5;0;0;3;-23,51291902;-46,57604698;"SPRF-SP";"DEL01-SP";"UOP01-DEL01-SP"
553611;2023-10-08;"domingo";"09:25:00";"PR";277;671,3;"MEDIANEIRA";"Reação tardia ou ineficiente do condutor";"Colisão traseira";"Com Vítimas Feridas";"Pleno dia";"Decrescente";"Garoa/Chuvisco";"Dupla";"Reta;Aclive";"Sim";2;0;0;1;1;0;1;2;-25,28653314;-54,09311771;"SPRF-PR";"DEL05-PR";"UOP02-DEL05-PR"
553615;2023-10-08;"domingo";"10:45:00";"SP";116;3,4;"QUELUZ";"Ausência de reação do condutor";"Colisão lateral mesmo sentido";"Sem Vítimas";"Pleno dia";"Crescente";"Nublado";"Dupla";"Reta";"Sim";2;0;0;0;1;1;0;2;-22,52383208;-44,72621799;"SPRF-SP";"DEL08-SP";"UOP02-DEL08-SP"
553622;2023-10-08;"domingo";"08:30:00";"MG";251;427,7;"GRAO MOGOL";"Demais falhas mecânicas ou elétricas";"Tombamento";"Com Vítimas Fatais";"Pleno dia";"Decrescente";"Céu Claro";"Simples";"Curva";"Não";3;1;0;0;1;4;0;6;-16,33690716;-43,13798285;"SPRF-MG";"DEL12-MG";"UOP01-DEL12-MG"
553632;2023-10-08;"domingo";"14:00:00";"GO";153;384,9;"SAO FRANCISCO DE GOIAS";"Ausência de reação do condutor";"Engavetamento";"Com Vítimas Fatais";"Pleno dia";"Decrescente";"Céu Claro";"Simples";"Reta";"Não";6;1;0;1;3;1;1;5;-15,952985;-49,185686;"SPRF-GO";"DEL02-GO";"UOP02-DEL02-GO"
553636;2023-10-08;"domingo";"12:00:00";"MG";116;537,8;"SANTA RITA DE MINAS";"Ingestão de álcool pelo condutor";"Colisão frontal";"Com Vítimas Feridas";"Pleno dia";"Crescente";"Céu Claro";"Simples";"Reta";"Não";2;0;0;1;1;0;1;2;-19,86620285;-42,1352356;"SPRF-MG";"DEL06-MG";"UOP02-DEL06-MG"
553638;2023-10-08;"domingo";"12:00:00";"MT";70;311,6;"POXOREO";"Reação tardia ou ineficiente do condutor";"Colisão lateral sentido oposto";"Com Vítimas Feridas";"Pleno dia";"Decrescente";"Céu Claro";"Simples";"Reta";"Não";3;0;0;1;1;2;1;4;-15,56661274;-54,56482092;"SPRF-MT";"DEL05-MT";"UOP01-DEL05-MT"
553640;2023-10-08;"domingo";"09:50:00";"MT";70;263;"PRIMAVERA DO LESTE";"Acostamento em desnível";"Tombamento";"Com Vítimas Feridas";"Pleno dia";"Decrescente";"Céu Claro";"Simples";"Reta";"Não";3;0;2;0;0;2;2;3;-15,57954998;-54,19061952;"SPRF-MT";"DEL05-MT";"UOP01-DEL05-MT"
553646;2023-10-08;"domingo";"12:07:00";"SP";116;514;"CAJATI";"Chuva";"Eventos atípicos";"Com Vítimas Feridas";"Pleno dia";"Decrescente";"Chuva";"Dupla";"Curva";"Não";2;0;1;0;0;1;1;2;-24,85874304;-48,21731282;"SPRF-SP";"DEL05-SP";"UOP02-DEL05-SP"
553647;2023-10-08;"domingo";"14:35:00";"RJ";393;263;"BARRA DO PIRAI";"Ausência de reação do condutor";"Tombamento";"Com Vítimas Feridas";"Pleno dia";"Decrescente";"Céu Claro";"Simples";"Curva";"Não";2;0;1;0;0;1;1;2;-22,47030537;-43,86674189;"SPRF-RJ";"DEL05-RJ";"UOP04-DEL05-RJ"
553653;2023-05-06;"sábado";"04:00:00";"MS";262;147;"RIBAS DO RIO PARDO";"Reação tardia ou ineficiente do condutor";"Colisão traseira";"Com Vítimas Feridas";"Plena Noite";"Decrescente";"Céu Claro";"Simples";"Reta";"Não";3;0;1;0;1;1;1;3;-20,44944289;-52,90842206;"SPRF-MS";"DEL07-MS";"UOP02-DEL07-MS"
553664;2023-10-08;"domingo";"14:45:00";"GO";153;139;"MARA ROSA";"Reação tardia ou ineficiente do condutor";"Colisão traseira";"Com Vítimas Feridas";"Pleno dia";"Decrescente";"Céu Claro";"Simples";"Declive";"Não";2;0;1;0;1;0;1;2;-13,985113;-49,090572;"SPRF-GO";"DEL07-GO";"UOP01-DEL07-GO"
553679;2023-10-08;"domingo";"15:15:00";"PR";369;231;"JANDAIA DO SUL";"Reação tardia ou ineficiente do condutor";"Saída de leito carroçável";"Com Vítimas Feridas";"Pleno dia";"Crescente";"Chuva";"Simples";"Declive;Curva";"Não";3;0;1;1;0;1;2;2;-23,60559888;-51,66509628;"SPRF-PR";"DEL09-PR";"UOP01-DEL09-PR"
553684;2023-10-08;"domingo";"18:00:00";"PR";376;43,6;"NOVA LONDRINA";"Transitar na contramão";"Colisão lateral sentido oposto";"Com Vítimas Feridas";"Anoitecer";"Crescente";"Chuva";"Simples";"Reta";"Não";3;0;1;0;1;1;1;3;-22,85887582;-52,96763686;"SPRF-PR";"DEL09-PR";"UOP02-DEL09-PR"
553687;2023-10-08;"domingo";"17:40:00";"SC";101;204;"SAO JOSE";"Ingestão de álcool pelo condutor";"Colisão traseira";"Com Vítimas Feridas";"Plena Noite";"Decrescente";"Chuva";"Múltipla";"Reta";"Sim";8;0;2;0;5;1;2;5;-27,57413014;-48,61363083;"SPRF-SC";"DEL01-SC";"UOP01-DEL01-SC"
553697;2023-10-08;"domingo";"15:30:00";"PR";153;499;"GENERAL CARNEIRO";"Ultrapassagem Indevida";"Colisão transversal";"Com Vítimas Fatais";"Plena Noite";"Decrescente";"Chuva";"Simples";"Curva";"Não";4;2;0;0;1;1;0;3;-26,54338716;-51,39919281;"SPRF-PR";"DEL02-PR";"UOP03-DEL02-PR"
553701;2023-10-08;"domingo";"14:25:00";"SC";470;238,1;"SAO CRISTOVAO DO SUL";"Transitar na contramão";"Colisão frontal";"Com Vítimas Feridas";"Pleno dia";"Decrescente";"Chuva";"Simples";"Curva";"Não";5;0;2;1;1;1;3;3;-27,304041;-50,464909;"SPRF-SC";"DEL05-SC";"UOP03-DEL05-SC"
553705;2023-10-08;"domingo";"16:20:00";"PR";376;324,9;"ORTIGUEIRA";"Ausência de reação do condutor";"Colisão frontal";"Com Vítimas Feridas";"Pleno dia";"Decrescente";"Chuva";"Dupla";"Curva;Aclive";"Não";5;0;0;3;1;1;3;3;-24,05276379;-51,06740355;"SPRF-PR";"DEL07-PR";"UOP02-DEL07-PR"
553718;2023-10-08;"domingo";"11:20:00";"MT";163;603,7;"NOVA MUTUM";"Acessar a via sem observar a presença dos outros veículos";"Colisão transversal";"Com Vítimas Feridas";"Pleno dia";"Crescente";"Céu Claro";"Simples";"Reta";"Não";4;0;1;0;2;3;1;5;-13,88122005;-56,08852761;"SPRF-MT";"DEL01-MT";"UOP01-DEL01-MT"
553730;2023-10-08;"domingo";"13:30:00";"MG";116;607,3;"SAO JOAO DO MANHUACU";"Ingestão de álcool pelo condutor";"Colisão traseira";"Com Vítimas Feridas";"Pleno dia";"Crescente";"Céu Claro";"Simples";"Reta";"Sim";5;0;2;0;2;1;2;3;-20,38752606;-42,14687854;"SPRF-MG";"DEL06-MG";"UOP03-DEL06-MG"
553737;2023-10-08;"domingo";"20:30:00";"MG";365;455;"PATROCINIO";"Ausência de sinalização";"Colisão traseira";"Com Vítimas Feridas";"Plena Noite";"Crescente";"Nublado";"Simples";"Reta";"Não";7;0;1;0;5;1;1;4;-18,84926373;-46,87168319;"SPRF-MG";"DEL10-MG";"UOP01-DEL10-MG"
553738;2023-10-08;"domingo";"13:40:00";"MG";116;534,7;"SANTA RITA DE MINAS";"Reação tardia ou ineficiente do condutor";"Tombamento";"Com Vítimas Feridas";"Pleno dia";"Crescente";"Céu Claro";"Simples";"Curva";"Não";2;0;1;0;0;1;1;2;-19,84469501;-42,13981698;"SPRF-MG";"DEL06-MG";"UOP02-DEL06-MG"
553741;2023-10-08;"domingo";"22:00:00";"PR";369;68;"SANTA MARIANA";"Chuva";"Colisão frontal";"Com Vítimas Feridas";"Plena Noite";"Crescente";"Chuva";"Simples";"Reta";"Não";9;0;6;0;2;1;6;4;-23,13677;-50,48043;"SPRF-PR";"DEL07-PR";"UOP05-DEL07-PR"
553746;2023-10-08;"domingo";"22:15:00";"BA";110;313;"ALAGOINHAS";"Ingestão de álcool pelo condutor";"Colisão frontal";"Com Vítimas Fatais";"Plena Noite";"Crescente";"Céu Claro";"Simples";"Reta";"Não";4;1;0;2;1;0;2;2;-12,07309205;-38,34129393;"SPRF-BA";"DEL01-BA";"UOP04-DEL01-BA"
553753;2023-10-08;"domingo";"22:55:00";"RS";285;345,5;"CARAZINHO";"Velocidade Incompatível";"Saída de leito carroçável";"Com Vítimas Feridas";"Plena Noite";"Crescente";"Céu Claro";"Simples";"Reta";"Não";2;0;1;0;0;1;1;2;-28,330267;-52,839966;"SPRF-RS";"DEL08-RS";"UOP03-DEL08-RS"
553758;2023-10-08;"domingo";"20:35:00";"MA";10;169,4;"CAMPESTRE DO MARANHAO";"Transitar na contramão";"Colisão frontal";"Com Vítimas Feridas";"Plena Noite";"Crescente";"Céu Claro";"Simples";"Reta;Declive";"Não";2;0;1;0;1;0;1;2;-6,239377;-47,350262;"SPRF-MA";"DEL04-MA";"UOP02-DEL04-MA"
553759;2023-10-08;"domingo";"22:14:00";"ES";101;39;"CONCEICAO DA BARRA";"Carga excessiva e/ou mal acondicionada";"Derramamento de carga";"Com Vítimas Feridas";"Plena Noite";"Crescente";"Nublado";"Simples";"Reta";"Não";4;0;1;0;2;1;1;3;-18,49121094;-39,92115983;"SPRF-ES";"DEL04-ES";"UOP02-DEL04-ES"
553768;2023-10-08;"domingo";"21:20:00";"PR";373;264;"PRUDENTOPOLIS";"Transitar na contramão";"Colisão transversal";"Com Vítimas Feridas";"Plena Noite";"Crescente";"Chuva";"Simples";"Reta";"Sim";2;0;0;1;1;0;1;2;-25,199146;-50,966771;"SPRF-PR";"DEL08-PR";"UOP01-DEL08-PR"
553770;2023-10-09;"segunda-feira";"00:00:00";"PR";277;74,5;"SAO JOSE DOS PINHAIS";"Demais falhas mecânicas ou elétricas";"Colisão lateral mesmo sentido";"Com Vítimas Feridas";"Plena Noite";"Decrescente";"Garoa/Chuvisco";"Dupla";"Reta";"Sim";7;0;2;0;2;3;2;4;-25,49535754;-49,16475079;"SPRF-PR";"DEL01-PR";"UOP01-DEL01-PR"
553772;2023-10-08;"domingo";"22:15:00";"MT";163;1035;"MATUPA";"Estacionar ou parar em local proibido";"Colisão lateral sentido oposto";"Com Vítimas Feridas";"Plena Noite";"Crescente";"Céu Claro";"Simples";"Reta";"Não";6;0;1;1;1;3;2;4;-10,20985406;-54,96296883;"SPRF-MT";"DEL06-MT";"UOP03-DEL06-MT"
553779;2023-10-09;"segunda-feira";"02:20:00";"PR";369;161,2;"CAMBE";"Conversão proibida";"Colisão lateral mesmo sentido";"Sem Vítimas";"Plena Noite";"Crescente";"Garoa/Chuvisco";"Dupla";"Interseção de Vias";"Sim";14;0;0;0;13;2;0;4;-23,28870542;-51,26207292;"SPRF-PR";"DEL07-PR";"UOP01-DEL07-PR"
553780;2023-10-09;"segunda-feira";"01:45:00";"MG";116;478;"DOM CAVATI";"Ingestão de álcool pelo condutor";"Colisão frontal";"Com Vítimas Feridas";"Plena Noite";"Decrescente";"Céu Claro";"Simples";"Reta";"Sim";3;0;1;0;1;1;1;3;-19,37735625;-42,1085357;"SPRF-MG";"DEL06-MG";"UOP02-DEL06-MG"
553781;2023-10-09;"segunda-feira";"03:00:00";"MG";381;507,8;"SAO JOAQUIM DE BICAS";"Ausência de reação do condutor";"Colisão traseira";"Com Vítimas Feridas";"Plena Noite";"Decrescente";"Céu Claro";"Múltipla";"Reta;Interseção de Vias";"Sim";4;0;0;2;1;2;2;4;-20,04361;-44,26837;"SPRF-MG";"DEL01-MG";"UOP03-DEL01-MG"
553784;2023-10-09;"segunda-feira";"02:30:00";"RS";290;162;"SAO JERONIMO";"Ingestão de álcool pelo condutor";"Colisão lateral sentido oposto";"Com Vítimas Feridas";"Plena Noite";"Crescente";"Nublado";"Simples";"Reta";"Não";3;0;1;0;1;1;1;3;-30,113115;-51,828625;"SPRF-RS";"DEL02-RS";"UOP01-DEL02-RS"
553786;2023-10-09;"segunda-feira";"02:40:00";"BA";407;106,2;"JAGUARARI";"Manobra de mudança de faixa";"Colisão frontal";"Com Vítimas Fatais";"Plena Noite";"Crescente";"Céu Claro";"Simples";"Reta";"Não";2;1;0;0;1;0;0;2;-10,28012909;-40,17339549;"SPRF-BA";"DEL04-BA";"UOP01-DEL04-BA"
553789;2023-10-09;"segunda-feira";"03:20:00";"PR";373;383;"CANDOI";"Transitar na contramão";"Colisão frontal";"Com Vítimas Fatais";"Plena Noite";"Decrescente";"Garoa/Chuvisco";"Simples";"Curva";"Não";3;1;0;0;1;1;0;3;-25,46468499;-51,95723639;"SPRF-PR";"DEL08-PR";"UOP01-DEL08-PR"
553790;2023-10-09;"segunda-feira";"03:20:00";"SC";282;113,3;"ALFREDO WAGNER";"Ingestão de álcool pelo condutor";"Colisão lateral sentido oposto";"Sem Vítimas";"Plena Noite";"Crescente";"Garoa/Chuvisco";"Simples";"Reta";"Não";4;0;0;0;2;2;0;3;-27,740337;-49,384186;"SPRF-SC";"DEL01-SC";"UOP03-DEL01-SC"
553794;2023-10-09;"segunda-feira";"05:30:00";"RS";290;70;"GRAVATAI";"Reação tardia ou ineficiente do condutor";"Colisão traseira";"Com Vítimas Feridas";"Plena Noite";"Crescente";"Garoa/Chuvisco";"Dupla";"Reta";"Sim";4;0;2;0;1;1;2;3;-29,948053;-50,956192;"SPRF-RS";"DEL03-RS";"UOP01-DEL03-RS"
553802;2023-10-09;"segunda-feira";"06:32:00";"RJ";101;486;"ANGRA DOS REIS";"Acessar a via sem observar a presença dos outros veículos";"Colisão lateral mesmo sentido";"Com Vítimas Feridas";"Amanhecer";"Crescente";"Nublado";"Simples";"Reta";"Sim";2;0;1;0;1;0;1;2;-22,97708786;-44,29634653;"SPRF-RJ";"DEL03-RJ";"UOP03-DEL03-RJ"
553803;2023-10-09;"segunda-feira";"04:40:00";"SP";381;47;"ATIBAIA";"Reação tardia ou ineficiente do condutor";"Colisão lateral mesmo sentido";"Sem Vítimas";"Amanhecer";"Decrescente";"Chuva";"Dupla";"Reta";"Sim";5;0;0;0;5;0;0;2;-23,18904617;-46,58407757;"SPRF-SP";"DEL03-SP";"UOP01-DEL03-SP"
553808;2023-10-09;"segunda-feira";"06:11:00";"MG";381;528,2;"BRUMADINHO";"Velocidade Incompatível";"Tombamento";"Com Vítimas Feridas";"Pleno dia";"Crescente";"Céu Claro";"Dupla";"Curva;Declive";"Não";3;0;1;0;0;2;1;3;-20,16651078;-44,33361053;"SPRF-MG";"DEL04-MG";"UOP03-DEL04-MG"
553809;2023-10-09;"segunda-feira";"07:10:00";"RS";386;386,9;"TABAI";"Ingestão de álcool e/ou substâncias psicoativas pelo pedestre";"Atropelamento de Pedestre";"Com Vítimas Feridas";"Pleno dia";"Decrescente";"Nublado";"Dupla";"Reta";"Não";2;0;1;0;1;0;1;2;-29,69187132;-51,70471251;"SPRF-RS";"DEL04-RS";"UOP01-DEL04-RS"