"id";"data_inversa";"dia_semana";"horario";"uf";"br";"km";"municipio";"causa_acidente";"tipo_acidente";"classificacao_acidente";"fase_dia";"sentido_via";"condicao_metereologica";"tipo_pista";"tracado_via";"uso_solo";"pessoas";"mortos";"feridos_leves";"feridos_graves";"ilesos";"ignorados";"feridos";"veiculos";"latitude";"longitude";"regional";"delegacia";"uop"
554130;2023-10-10;"terça-feira";"12:00:00";"MS";158;70;"PARANAIBA";"Transitar na contramão";"Colisão lateral sentido oposto";"Com Vítimas Feridas";"Pleno dia";"Crescente";"Céu Claro";"Simples";"Reta;Aclive";"Não";4;0;1;0;2;1;1;3;-19,48824064;-51,29391952;"SPRF-MS";"DEL08-MS";"UOP01-DEL08-MS"
554131;2023-10-10;"terça-feira";"16:30:00";"MA";135;10,5;"SAO LUIS";"Ingestão de álcool pelo condutor";"Colisão traseira";"Com Vítimas Feridas";"Pleno dia";"Decrescente";"Céu Claro";"Dupla";"Retorno Regulamentado";"Não";2;0;1;0;1;0;1;2;-2,655912;-44,28629098;"SPRF-MA";"DEL01-MA";"UOP01-DEL01-MA"
554133;2023-10-10;"terça-feira";"17:30:00";"SC";101;201;"SAO JOSE";"Frear bruscamente";"Tombamento";"Com Vítimas Feridas";"Pleno dia";"Decrescente";"Céu Claro";"Dupla";"Reta";"Sim";2;0;0;1;0;1;1;2;-27,54836599;-48,61977975;"SPRF-SC";"DEL01-SC";"UOP01-DEL01-SC"
554138;2023-10-10;"terça-feira";"15:20:00";"GO";153;684;"ITUMBIARA";"Chuva";"Saída de leito carroçável";"Com Vítimas Feridas";"Pleno dia";"Crescente";"Chuva";"Dupla";"Reta;Declive";"Não";2;0;1;0;0;1;1;2;-18,2572;-49,2498;"SPRF-GO";"DEL03-GO";"UOP02-DEL03-GO"
554139;2023-10-10;"terça-feira";"14:00:00";"BA";101;61,8;"ENTRE RIOS";"Acessar a via sem observar a presença dos outros veículos";"Colisão transversal";"Com Vítimas Feridas";"Pleno dia";"Crescente";"Céu Claro";"Simples";"Reta";"Sim";3;0;1;0;1;1;1;3;-11,9676968;-38,11726499;"SPRF-BA";"DEL01-BA";"UOP04-DEL01-BA"
554146;2023-10-10;"terça-feira";"18:08:00";"SP";153;256;"MARILIA";"Ausência de reação do condutor";"Colisão traseira";"Com Vítimas Fatais";"Anoitecer";"Decrescente";"Céu Claro";"Dupla";"Reta";"Sim";6;1;0;0;4;1;0;5;-22,2339201;-49,91879582;"SPRF-SP";"DEL07-SP";"UOP02-DEL07-SP"
554147;2023-10-10;"terça-feira";"15:30:00";"PR";376;49,9;"LOANDA";"Problema com o freio";"Incêndio";"Sem Vítimas";"Pleno dia";"Crescente";"Céu Claro";"Simples";"Reta";"Não";2;0;0;0;1;1;0;2;-22,89053091;-52,92398195;"SPRF-PR";"DEL09-PR";"UOP02-DEL09-PR"
554148;2023-10-10;"terça-feira";"13:10:00";"RJ";116;29;"SAPUCAIA";"Demais falhas mecânicas ou elétricas";"Saída de leito carroçável";"Com Vítimas Feridas";"Pleno dia";"Decrescente";"Nublado";"Simples";"Curva";"Não";1;0;1;0;0;0;1;1;-22,06451983;-42,79542346;"SPRF-RJ";"DEL05-RJ";"UOP01-DEL05-RJ"
554155;2023-10-10;"terça-feira";"15:00:00";"MT";158;22;"VILA RICA";"Ausência de reação do condutor";"Saída de leito carroçável";"Sem Vítimas";"Pleno dia";"Decrescente";"Nublado";"Simples";"Curva";"Não";2;0;0;0;1;2;0;3;-9,90168915;-51,0942157;"SPRF-MT";"DEL07-MT";"NPF/DEL07-MT"
554173;2023-10-10;"terça-feira";"20:40:00";"RS";290;128,5;"ELDORADO DO SUL";"Ultrapassagem Indevida";"Colisão lateral sentido oposto";"Com Vítimas Feridas";"Plena Noite";"Decrescente";"Céu Claro";"Simples";"Reta";"Não";10;0;2;1;6;1;3;4;-30,057104;-51,490009;"SPRF-RS";"DEL02-RS";"UOP01-DEL02-RS"
554176;2023-10-10;"terça-feira";"17:15:00";"MT";163;833;"SINOP";"Condutor deixou de manter distância do veículo da frente";"Colisão traseira";"Com Vítimas Feridas";"Anoitecer";"Crescente";"Céu Claro";"Dupla";"Reta";"Sim";2;0;1;0;1;0;1;2;-11,87234116;-55,49802017;"SPRF-MT";"DEL06-MT";"UOP02-DEL06-MT"
554191;2023-10-10;"terça-feira";"21:30:00";"SP";116;147;"SAO JOSE DOS CAMPOS";"Condutor deixou de manter distância do veículo da frente";"Colisão traseira";"Com Vítimas Feridas";"Plena Noite";"Decrescente";"Céu Claro";"Dupla";"Reta;Declive";"Não";4;0;1;0;2;1;1;4;-23,19542994;-45,87176303;"SPRF-SP";"DEL02-SP";"UOP01-DEL02-SP"
554192;2023-10-10;"terça-feira";"19:10:00";"GO";153;583;"PIRACANJUBA";"Velocidade Incompatível";"Saída de leito carroçável";"Com Vítimas Fatais";"Plena Noite";"Crescente";"Nublado";"Dupla";"Declive;Curva";"Não";2;1;0;0;0;1;0;2;-17,4071;-49,2247;"SPRF-GO";"DEL03-GO";"UOP01-DEL03-GO"
554198;2023-10-10;"terça-feira";"21:30:00";"MG";251;491,6;"FRANCISCO SA";"Demais falhas mecânicas ou elétricas";"Incêndio";"Sem Vítimas";"Plena Noite";"Decrescente";"Nublado";"Simples";"Reta;Aclive";"Não";2;0;0;0;1;1;0;2;-16,53766183;-43,58924621;"SPRF-MG";"DEL12-MG";"UOP01-DEL12-MG"
554201;2023-10-10;"terça-feira";"23:55:00";"PB";101;91,7;"JOAO PESSOA";"Ausência de reação do condutor";"Colisão traseira";"Com Vítimas Fatais";"Plena Noite";"Crescente";"Céu Claro";"Dupla";"Reta";"Sim";3;1;0;0;1;2;0;4;-7,197406;-34,905938;"SPRF-PB";"DEL01-PB";"UOP02-DEL01-PB"
554205;2023-10-11;"quarta-feira";"01:05:00";"PE";104;48,2;"CARUARU";"Reação tardia ou ineficiente do condutor";"Tombamento";"Com Vítimas Feridas";"Plena Noite";"Decrescente";"Céu Claro";"Dupla";"Reta";"Não";1;0;1;0;0;0;1;1;-8,1437;-35,9869;"SPRF-PE";"DEL02-PE";"UOP01-DEL02-PE"
554208;2023-10-11;"quarta-feira";"04:11:00";"RS";290;54,8;"GLORINHA";"Ausência de reação do condutor";"Colisão traseira";"Com Vítimas Feridas";"Plena Noite";"Crescente";"Céu Claro";"Múltipla";"Reta;Aclive";"Não";3;0;1;0;1;1;1;3;-29,912643;-50,798103;"SPRF-RS";"DEL03-RS";"UOP01-DEL03-RS"
554209;2023-10-11;"quarta-feira";"04:30:00";"PR";369;466;"CORBELIA";"Ausência de reação do condutor";"Colisão traseira";"Com Vítimas Fatais";"Plena Noite";"Crescente";"Céu Claro";"Simples";"Reta;Aclive";"Não";16;1;12;1;1;1;13;3;-24,57132357;-53,13902378;"SPRF-PR";"DEL04-PR";"UOP03-DEL04-PR"
554210;2023-10-11;"quarta-feira";"04:25:00";"SC";282;308,2;"VARGEM";"Reação tardia ou ineficiente do condutor";"Saída de leito carroçável";"Com Vítimas Feridas";"Plena Noite";"Crescente";"Céu Claro";"Simples";"Curva";"Não";1;0;1;0;0;0;1;1;-27,48938077;-50,9726572;"SPRF-SC";"DEL07-SC";"UOP06-DEL07-SC"
554211;2023-10-11;"quarta-feira";"05:30:00";"MG";262;570,9;"CORREGO DANTA";"Conversão proibida";"Colisão transversal";"Com Vítimas Feridas";"Amanhecer";"Crescente";"Céu Claro";"Simples";"Curva";"Não";7;0;2;3;1;1;5;5;-19,72961031;-46,0185403;"SPRF-MG";"DEL08-MG";"UOP02-DEL08-MG"
554212;2023-10-11;"quarta-feira";"05:25:00";"SP";381;83,7;"SAO PAULO";"Manobra de mudança de faixa";"Queda de ocupante de veículo";"Com Vítimas Fatais";"Amanhecer";"Crescente";"Céu Claro";"Dupla";"Reta";"Sim";5;1;0;0;3;1;0;3;-23,4309671;-46,56998022;"SPRF-SP";"DEL03-SP";"UOP01-DEL03-SP"
554213;2023-10-11;"quarta-feira";"04:00:00";"SC";101;380,4;"ICARA";"Demais falhas mecânicas ou elétricas";"Saída de leito carroçável";"Com Vítimas Feridas";"Plena Noite";"Crescente";"Nublado";"Múltipla";"Viaduto";"Sim";3;0;1;0;1;1;1;2;-28,75047313;-49,26872594;"SPRF-SC";"DEL02-SC";"UOP02-DEL02-SC"
554215;2023-10-11;"quarta-feira";"04:00:00";"MS";267;206,5;"NOVA ALVORADA DO SUL";"Condutor Dormindo";"Colisão lateral sentido oposto";"Com Vítimas Fatais";"Plena Noite";"Crescente";"Céu Claro";"Simples";"Reta;Declive";"Não";5;1;1;0;2;3;1;6;-21,5869856;-53,94878902;"SPRF-MS";"DEL02-MS";"UOP03-DEL02-MS"
554219;2023-10-10;"terça-feira";"20:30:00";"GO";364;22;"PARANAIGUARA";"Ausência de reação do condutor";"Tombamento";"Com Vítimas Feridas";"Plena Noite";"Decrescente";"Céu Claro";"Simples";"Retorno Regulamentado";"Não";4;0;1;0;2;3;1;4;-18,919422;-50,660488;"SPRF-GO";"DEL05-GO";"UOP02-DEL05-GO"
554221;2023-10-10;"terça-feira";"22:16:00";"GO";364;21;"PARANAIGUARA";"Reação tardia ou ineficiente do condutor";"Colisão traseira";"Com Vítimas Feridas";"Plena Noite";"Crescente";"Céu Claro";"Simples";"Reta";"Não";8;0;1;0;6;2;1;5;-18,92555;-50,654079;"SPRF-GO";"DEL05-GO";"UOP02-DEL05-GO"
554232;2023-10-11;"quarta-feira";"07:30:00";"RS";386;345,7;"ESTRELA";"Acesso irregular";"Tombamento";"Com Vítimas Feridas";"Pleno dia";"Decrescente";"Nublado";"Dupla";"Reta";"Sim";4;0;1;0;1;2;1;4;-29,443069;-51,984135;"SPRF-RS";"DEL04-RS";"UOP01-DEL04-RS"
554235;2023-10-11;"quarta-feira";"07:50:00";"PR";277;75,9;"SAO JOSE DOS PINHAIS";"Reação tardia ou ineficiente do condutor";"Colisão traseira";"Com Vítimas Feridas";"Pleno dia";"Crescente";"Céu Claro";"Dupla";"Reta";"Sim";2;0;1;0;0;1;1;2;-25,489526;-49,177067;"SPRF-PR";"DEL01-PR";"UOP01-DEL01-PR"
554240;2023-10-11;"quarta-feira";"04:55:00";"RO";364;273,8;"CACOAL";"Demais falhas mecânicas ou elétricas";"Incêndio";"Com Vítimas Feridas";"Amanhecer";"Crescente";"Céu Claro";"Simples";"Reta;Interseção de Vias;Rotatória;Retorno Regulamentado";"Não";3;0;1;0;1;1;1;2;-11,38628557;-61,74866796;"SPRF-RO";"DEL02-RO";"UOP02-DEL02-RO"
554247;2023-10-11;"quarta-feira";"08:50:00";"SP";153;59;"SAO JOSE DO RIO PRETO";"Condutor deixou de manter distância do veículo da frente";"Colisão traseira";"Com Vítimas Feridas";"Pleno dia";"Crescente";"Céu Claro";"Dupla";"Reta";"Sim";2;0;1;0;1;0;1;2;-20,78733103;-49,35399276;"SPRF-SP";"DEL09-SP";"UOP01-DEL09-SP"
554250;2023-10-11;"quarta-feira";"08:14:00";"CE";222;311;"TIANGUA";"Objeto estático sobre o leito carroçável";"Colisão transversal";"Com Vítimas Feridas";"Pleno dia";"Decrescente";"Céu Claro";"Dupla";"Reta;Declive";"Não";4;0;1;0;2;1;1;3;-3,711973;-40,984356;"SPRF-CE";"DEL04-CE";"UOP02-DEL04-CE"
554254;2023-10-11;"quarta-feira";"07:30:00";"MG";381;199,7;"PERIQUITO";"Condutor Dormindo";"Colisão frontal";"Com Vítimas Fatais";"Pleno dia";"Crescente";"Céu Claro";"Simples";"Reta";"Não";5;2;2;0;0;2;2;4;-19,16696108;-42,24582388;"SPRF-MG";"DEL06-MG";"UOP01-DEL06-MG"
554256;2023-10-11;"quarta-feira";"08:30:00";"CE";20;200,5;"BOA VIAGEM";"Acessar a via sem observar a presença dos outros veículos";"Colisão traseira";"Com Vítimas Feridas";"Pleno dia";"Crescente";"Céu Claro";"Simples";"Reta";"Não";3;0;2;0;1;0;2;2;-5,15204678;-39,74881431;"SPRF-CE";"DEL02-CE";"UOP02-DEL02-CE"
554262;2023-10-11;"quarta-feira";"08:20:00";"PE";232;70;"GRAVATA";"Reação tardia ou ineficiente do condutor";"Colisão traseira";"Com Vítimas Feridas";"Pleno dia";"Crescente";"Céu Claro";"Dupla";"Túnel;Curva";"Não";5;0;0;1;4;0;1;2;-8,17698676;-35,48742522;"SPRF-PE";"DEL02-PE";"UOP02-DEL02PE"
554268;2023-10-11;"quarta-feira";"08:50:00";"MA";135;71;"SANTA RITA";"Acessar a via sem observar a presença dos outros veículos";"Colisão lateral mesmo sentido";"Sem Vítimas";"Pleno dia";"Crescente";"Céu Claro";"Dupla";"Reta";"Sim";3;0;0;0;2;2;0;4;-3,14970425;-44,32934734;"SPRF-MA";"DEL01-MA";"UOP02-DEL01-MA"
554270;2023-10-11;"quarta-feira";"10:25:00";"SC";280;55,7;"GUARAMIRIM";"Acessar a via sem observar a presença dos outros veículos";"Colisão transversal";"Com Vítimas Feridas";"Pleno dia";"Crescente";"Céu Claro";"Dupla";"Interseção de Vias";"Sim";2;0;1;0;1;0;1;2;-26,47584353;-48,9937858;"SPRF-SC";"DEL03-SC";"UOP03-DEL03-SC"
554271;2023-10-11;"quarta-feira";"09:40:00";"SP";381;83,4;"SAO PAULO";"Problema com o freio";"Engavetamento";"Com Vítimas Feridas";"Pleno dia";"Crescente";"Céu Claro";"Dupla";"Reta";"Sim";10;0;1;0;8;1;1;9;-23,4309671;-46,56998022;"SPRF-SP";"DEL03-SP";"UOP01-DEL03-SP"
554277;2023-10-11;"quarta-feira";"09:00:00";"GO";452;134;"BOM JESUS DE GOIAS";"Reação tardia ou ineficiente do condutor";"Colisão traseira";"Com Vítimas Feridas";"Pleno dia";"Crescente";"Céu Claro";"Simples";"Reta";"Não";3;0;1;0;1;4;1;6;-18,24113336;-49,70845327;"SPRF-GO";"DEL03-GO";"UOP02-DEL03-GO"
554282;2023-10-11;"quarta-feira";"10:45:00";"MS";163;83;"ITAQUIRAI";"Demais falhas mecânicas ou elétricas";"Incêndio";"Sem Vítimas";"Pleno dia";"Crescente";"Céu Claro";"Simples";"Reta";"Não";2;0;0;0;1;2;0;3;-23,43274002;-54,20588915;"SPRF-MS";"DEL09-MS";"UOP01-DEL09-MS"
554283;2023-10-11;"quarta-feira";"11:55:00";"MG";40;605,5;"CONGONHAS";"Reação tardia ou ineficiente do condutor";"Colisão traseira";"Com Vítimas Feridas";"Pleno dia";"Crescente";"Céu Claro";"Simples";"Curva";"Não";3;0;0;1;1;1;1;3;-20,46834617;-43,84095284;"SPRF-MG";"DEL05-MG";"UOP02-DEL05-MG"
554289;2023-10-11;"quarta-feira";"10:00:00";"RS";392;220;"SANTANA DA BOA VISTA";"Demais falhas mecânicas ou elétricas";"Incêndio";"Sem Vítimas";"Pleno dia";"Decrescente";"Garoa/Chuvisco";"Simples";"Reta;Aclive";"Não";2;0;0;0;1;1;0;2;-30,72804777;-53,21038574;"SPRF-RS";"DEL09-RS";"UOP02-DEL09-RS"
554290;2023-10-11;"quarta-feira";"08:00:00";"PR";277;16;"PARANAGUA";"Ausência de reação do condutor";"Saída de leito carroçável";"Sem Vítimas";"Pleno dia";"Crescente";"Garoa/Chuvisco";"Dupla";"Reta";"Não";1;0;0;0;0;1;0;1;-25,56610574;-48,62495594;"SPRF-PR";"DEL01-PR";"UOP05-DEL01-PR"
554292;2023-10-11;"quarta-feira";"13:20:00";"PE";101;64,1;"RECIFE";"Trafegar com motocicleta (ou similar) entre as faixas";"Queda de ocupante de veículo";"Com Vítimas Feridas";"Pleno dia";"Decrescente";"Sol";"Múltipla";"Reta;Viaduto";"Sim";3;0;1;1;1;0;2;2;-8,0162921;-34,94045886;"SPRF-PE";"DEL01-PE";"UOP01-DEL01-PE"
554293;2023-09-09;"sábado";"21:10:00";"RJ";116;252;"PIRAI";"Reação tardia ou ineficiente do condutor";"Colisão traseira";"Com Vítimas Feridas";"Plena Noite";"Decrescente";"Céu Claro";"Dupla";"Reta";"Não";3;0;1;0;1;2;1;4;-22,58294737;-43,96879302;"SPRF-RJ";"DEL07-RJ";"UOP02-DEL07-RJ"
554296;2023-10-11;"quarta-feira";"12:15:00";"BA";116;637;"JAGUAQUARA";"Ultrapassagem Indevida";"Tombamento";"Sem Vítimas";"Pleno dia";"Decrescente";"Céu Claro";"Simples";"Curva;Aclive";"Não";1;0;0;0;1;0;0;1;-13,50672946;-40,05364095;"SPRF-BA";"DEL03-BA";"UOP01-DEL03-BA"
554299;2023-10-11;"quarta-feira";"13:50:00";"SC";101;19;"JOINVILLE";"Problema com o freio";"Incêndio";"Sem Vítimas";"Pleno dia";"Crescente";"Céu Claro";"Dupla";"Reta";"Não";2;0;0;0;1;3;0;4;-26,13376586;-48,89661416;"SPRF-SC";"DEL03-SC";"UOP01-DEL03-SC"
554301;2023-10-11;"quarta-feira";"14:30:00";"SC";101;159;"PORTO BELO";"Mal súbito do condutor";"Colisão traseira";"Com Vítimas Feridas";"Pleno dia";"Decrescente";"Céu Claro";"Dupla";"Reta";"Não";5;0;0;2;2;1;2;4;-27,1998778;-48,61534236;"SPRF-SC";"DEL04-SC";"UOP03-DEL04-SC"
554302;2023-10-11;"quarta-feira";"13:50:00";"RJ";101;203;"CASIMIRO DE ABREU";"Ausência de reação do condutor";"Colisão traseira";"Com Vítimas Feridas";"Pleno dia";"Crescente";"Céu Claro";"Dupla";"Reta";"Não";2;0;1;0;1;0;1;2;-22,47557761;-42,17219006;"SPRF-RJ";"DEL08-RJ";"UOP04-DEL08-RJ"
554304;2023-10-11;"quarta-feira";"13:00:00";"RJ";40;122;"DUQUE DE CAXIAS";"Manobra de mudança de faixa";"Colisão lateral mesmo sentido";"Com Vítimas Feridas";"Pleno dia";"Decrescente";"Céu Claro";"Múltipla";"Reta";"Sim";4;0;1;0;2;1;1;3;-22,79907687;-43,29015739;"SPRF-RJ";"DEL01-RJ";"UOP01-DEL01-RJ"
554306;2023-10-11;"quarta-feira";"13:00:00";"SC";116;51,2;"PAPANDUVA";"Velocidade Incompatível";"Colisão frontal";"Com Vítimas Feridas";"Pleno dia";"Decrescente";"Céu Claro";"Simples";"Declive;Curva";"Não";3;0;2;0;0;1;2;3;-26,38519214;-50,13765683;"SPRF-SC";"DEL06-SC";"UOP01-DEL06-SC"
554308;2023-10-11;"quarta-feira";"12:40:00";"AC";364;108;"RIO BRANCO";"Ultrapassagem Indevida";"Saída de leito carroçável";"Com Vítimas Feridas";"Pleno dia";"Decrescente";"Céu Claro";"Simples";"Reta;Declive";"Não";1;0;1;0;0;0;1;1;-10,02113175;-67,64916981;"SPRF-AC";"DEL01-AC";"UOP01-DEL01-AC"
554312;2023-10-11;"quarta-feira";"03:15:00";"MT";163;1111;"GUARANTA DO NORTE";"Ausência de reação do condutor";"Colisão com objeto";"Com Vítimas Feridas";"Amanhecer";"Decrescente";"Céu Claro";"Simples";"Declive;Curva";"Não";3;0;1;1;0;2;2;3;-9,595218;-54,899098;"SPRF-MT";"DEL06-MT";"UOP03-DEL06-MT"
554319;2023-10-11;"quarta-feira";"15:50:00";"SC";101;191;"BIGUACU";"Ausência de reação do condutor";"Colisão traseira";"Com Vítimas Feridas";"Pleno dia";"Crescente";"Nublado";"Dupla";"Curva";"Não";3;0;1;0;1;1;1;3;-27,47730273;-48,64127329;"SPRF-SC";"DEL01-SC";"UOP01-DEL01-SC"
554320;2023-10-11;"quarta-feira";"10:30:00";"MT";163;687;"LUCAS DO RIO VERDE";"Carga excessiva e/ou mal acondicionada";"Incêndio";"Sem Vítimas";"Pleno dia";"Crescente";"Céu Claro";"Simples";"Reta";"Sim";1;0;0;0;1;0;0;1;-13,076583;-55,934386;"SPRF-MT";"DEL06-MT";"UOP01-DEL06-MT"
554322;2023-10-11;"quarta-feira";"15:20:00";"RO";364;238,7;"CACOAL";"Manobra de mudança de faixa";"Colisão traseira";"Com Vítimas Feridas";"Pleno dia";"Decrescente";"Céu Claro";"Simples";"Reta;Em Obras";"Sim";3;0;1;0;2;0;1;2;-11,4388578;-61,45471289;"SPRF-RO";"DEL02-RO";"UOP02-DEL02-RO"
554324;2023-10-11;"quarta-feira";"08:30:00";"PE";232;463;"MIRANDIBA";"Manobra de mudança de faixa";"Colisão com objeto";"Com Vítimas Feridas";"Pleno dia";"Decrescente";"Céu Claro";"Simples";"Declive";"Não";2;0;1;0;0;1;1;2;-8,02597343;-38,74003812;"SPRF-PE";"DEL05-PE";"UOP01-DEL05-PE"
554336;2023-10-11;"quarta-feira";"15:40:00";"PR";277;43,4;"MORRETES";"Ausência de reação do condutor";"Colisão lateral mesmo sentido";"Com Vítimas Feridas";"Pleno dia";"Decrescente";"Céu Claro";"Dupla";"Curva;Declive";"Não";5;0;0;2;2;1;2;3;-25,59377;-48,884936;"SPRF-PR";"DEL01-PR";"UOP01-DEL01-PR"
554337;2023-04-14;"sexta-feira";"08:00:00";"TO";153;133;"WANDERLANDIA";"Ingestão de álcool pelo condutor";"Tombamento";"Sem Vítimas";"Pleno dia";"Decrescente";"Céu Claro";"Simples";"Curva;Declive";"Não";2;0;0;0;1;2;0;3;-7,11461109;-48,18743388;"SPRF-TO";"DEL02-TO";"UOP01-DEL02-TO"
554338;2023-10-11;"quarta-feira";"17:10:00";"SP";116;107;"TAUBATE";"Frear bruscamente";"Colisão traseira";"Com Vítimas Feridas";"Pleno dia";"Crescente";"Céu Claro";"Dupla";"Reta";"Sim";2;0;1;0;0;1;1;2;-23,01791287;-45,53009409;"SPRF-SP";"DEL02-SP";"UOP02-DEL02-SP"
554340;2023-10-11;"quarta-feira";"17:20:00";"MG";381;510;"SAO JOAQUIM DE BICAS";"Demais falhas mecânicas ou elétricas";"Atropelamento de Pedestre";"Com Vítimas Feridas";"Plena Noite";"Decrescente";"Céu Claro";"Dupla";"Reta;Aclive";"Sim";1;0;1;0;0;0;1;1;-20,07738209;-44,30434488;"SPRF-MG";"DEL01-MG";"UOP03-DEL01-MG"
554347;2023-10-11;"quarta-feira";"08:35:00";"RO";364;342;"JI-PARANA";"Manobra de mudança de faixa";"Colisão lateral mesmo sentido";"Com Vítimas Feridas";"Pleno dia";"Decrescente";"Sol";"Dupla";"Reta;Ponte";"Sim";3;0;2;0;1;0;2;2;-10,88381227;-61,93741416;"SPRF-RO";"DEL02-RO";"UOP01-DEL02-RO"
554349;2023-10-03;"terça-feira";"12:20:00";"SC";470;125;"LONTRAS";"Acessar a via sem observar a presença dos outros veículos";"Colisão transversal";"Com Vítimas Feridas";"Pleno dia";"Decrescente";"Nublado";"Simples";"Reta";"Não";3;0;1;0;1;1;1;3;-27,120506;-49,534946;"SPRF-SC";"DEL04-SC";"UOP02-DEL04-SC"
554351;2023-10-11;"quarta-feira";"16:30:00";"GO";20;65;"FORMOSA";"Demais falhas mecânicas ou elétricas";"Colisão lateral mesmo sentido";"Com Vítimas Feridas";"Pleno dia";"Crescente";"Céu Claro";"Simples";"Reta";"Sim";4;0;1;0;2;3;1;6;-15,213036;-47,157516;"SPRF-DF";"DEL02-DF";"UOP02-DEL02-DF"
554355;2023-10-11;"quarta-feira";"15:10:00";"MG";262;568,5;"CORREGO DANTA";"Desrespeitar a preferência no cruzamento";"Colisão transversal";"Com Vítimas Feridas";"Pleno dia";"Crescente";"Céu Claro";"Simples";"Interseção de Vias";"Não";4;0;1;0;2;2;1;5;-19,73386582;-46,01584911;"SPRF-MG";"DEL08-MG";"UOP02-DEL08-MG"
554358;2023-10-11;"quarta-feira";"13:00:00";"RJ";101;442;"MANGARATIBA";"Reação tardia ou ineficiente do condutor";"Colisão lateral mesmo sentido";"Com Vítimas Feridas";"Pleno dia";"Crescente";"Céu Claro";"Simples";"Curva;Aclive";"Sim";3;0;1;0;2;0;1;2;-22,973969;-44,087093;"SPRF-RJ";"DEL03-RJ";"UOP02-DEL03-RJ"
554360;2023-10-03;"terça-feira";"19:15:00";"MS";163;97;"ITAQUIRAI";"Ultrapassagem Indevida";"Colisão lateral mesmo sentido";"Com Vítimas Feridas";"Plena Noite";"Decrescente";"Céu Claro";"Simples";"Reta;Declive";"Não";3;0;1;0;0;5;1;6;-23,30753605;-54,22191632;"SPRF-MS";"DEL09-MS";"UOP01-DEL09-MS"
554362;2023-10-11;"quarta-feira";"15:40:00";"MG";262;799;"UBERABA";"Frear bruscamente";"Colisão com objeto";"Com Vítimas Feridas";"Pleno dia";"Crescente";"Céu Claro";"Dupla";"Reta;Declive;Viaduto";"Sim";4;0;1;0;1;2;1;4;-19,77864246;-47,93629597;"SPRF-MG";"DEL13-MG";"UOP01-DEL13-MG"
554368;2023-10-11;"quarta-feira";"18:25:00";"RS";470;225;"GARIBALDI";"Acessar a via sem observar a presença dos outros veículos";"Colisão transversal";"Com Vítimas Feridas";"Pleno dia";"Crescente";"Chuva";"Simples";"Retorno Regulamentado;Curva;Aclive";"Sim";3;0;1;1;1;0;2;2;-29,21454003;-51,51762617;"SPRF-RS";"DEL06-RS";"UOP01-DEL06-RS"
554385;2023-10-11;"quarta-feira";"19:40:00";"PE";101;67;"RECIFE";"Trafegar com motocicleta (ou similar) entre as faixas";"Colisão lateral mesmo sentido";"Com Vítimas Feridas";"Plena Noite";"Decrescente";"Céu Claro";"Múltipla";"Reta";"Sim";4;0;1;1;2;0;2;3;-8,046094;-34,944681;"SPRF-PE";"DEL01-PE";"UOP01-DEL01-PE"
554390;2023-10-11;"quarta-feira";"12:20:00";"RJ";101;313;"SAO GONCALO";"Ausência de reação do condutor";"Colisão traseira";"Com Vítimas Feridas";"Pleno dia";"Decrescente";"Céu Claro";"Dupla";"Reta";"Sim";3;0;2;0;1;0;2;2;-22,81049093;-43,06983304;"SPRF-RJ";"DEL02-RJ";"UOP02-DEL02-RJ"
554391;2023-10-11;"quarta-feira";"19:00:00";"MG";116;247;"TEOFILO OTONI";"Ausência de reação do condutor";"Colisão lateral sentido oposto";"Com Vítimas Feridas";"Plena Noite";"Decrescente";"Céu Claro";"Simples";"Curva";"Não";3;0;1;0;1;2;1;4;-17,61897085;-41,49935745;"SPRF-MG";"DEL11-MG";"UOP01-DEL11-MG"
554396;2023-10-11;"quarta-feira";"19:50:00";"SC";280;126;"RIO NEGRINHO";"Acessar a via sem observar a presença dos outros veículos";"Colisão transversal";"Com Vítimas Feridas";"Plena Noite";"Decrescente";"Chuva";"Simples";"Interseção de Vias";"Sim";6;0;4;0;1;2;4;4;-26,23779604;-49,49427399;"SPRF-SC";"DEL06-SC";"UOP03-DEL06-SC"
554403;2023-10-11;"quarta-feira";"20:55:00";"RS";392;61;"PELOTAS";"Demais falhas mecânicas ou elétricas";"Colisão com objeto";"Com Vítimas Feridas";"Plena Noite";"Crescente";"Chuva";"Simples";"Reta";"Não";5;0;1;1;2;1;2;2;-31,78998049;-52,34779358;"SPRF-RS";"DEL07-RS";"UOP01-DEL07-RS"
554405;2023-10-11;"quarta-feira";"19:00:00";"MT";163;540,9;"DIAMANTINO";"Reação tardia ou ineficiente do condutor";"Colisão traseira";"Com Vítimas Feridas";"Plena Noite";"Decrescente";"Céu Claro";"Simples";"Reta";"Não";3;0;1;0;1;2;1;4;-14,291667;-56,148053;"SPRF-MT";"DEL01-MT";"UOP01-DEL01-MT"
554407;2023-10-11;"quarta-feira";"14:30:00";"PI";343;630;"FLORIANO";"Ausência de reação do condutor";"Saída de leito carroçável";"Com Vítimas Feridas";"Pleno dia";"Decrescente";"Céu Claro";"Simples";"Reta";"Não";1;0;1;0;0;0;1;1;-6,987518;-43,287861;"SPRF-PI";"DEL03-PI";"UOP01-DEL03-PI"
554411;2023-10-11;"quarta-feira";"16:20:00";"GO";70;420;"MONTES CLAROS DE GOIAS";"Afundamento ou ondulação no pavimento";"Colisão lateral sentido oposto";"Com Vítimas Feridas";"Pleno dia";"Decrescente";"Céu Claro";"Simples";"Reta;Declive";"Não";3;0;0;1;1;2;1;4;-15,89055847;-51,77098014;"SPRF-GO";"DEL04-GO";"UOP02-DEL04-GO"