"id";"data_inversa";"dia_semana";"horario";"uf";"br";"km";"municipio";"causa_acidente";"tipo_acidente";"classificacao_acidente";"fase_dia";"sentido_via";"condicao_metereologica";"tipo_pista";"tracado_via";"uso_solo";"pessoas";"mortos";"feridos_leves";"feridos_graves";"ilesos";"ignorados";"feridos";"veiculos";"latitude";"longitude";"regional";"delegacia";"uop"
554739;2023-10-13;"sexta-feira";"12:05:00";"RS";287;402;"SANTIAGO";"Desrespeitar a preferência no cruzamento";"Colisão transversal";"Com Vítimas Feridas";"Pleno dia";"Crescente";"Céu Claro";"Simples";"Interseção de Vias";"Não";3;0;2;0;1;0;2;2;-29,14888507;-54,88646115;"SPRF-RS";"DEL12-RS";"UOP02-DEL12-RS"
554741;2023-10-13;"sexta-feira";"14:10:00";"RS";116;40,3;"VACARIA";"Acessar a via sem observar a presença dos outros veículos";"Colisão transversal";"Com Vítimas Feridas";"Pleno dia";"Crescente";"Nublado";"Simples";"Interseção de Vias";"Sim";5;0;3;0;1;1;3;3;-28,52119273;-50,94240189;"SPRF-RS";"DEL05-RS";"UOP03-DEL05-RS"
554744;2023-10-13;"sexta-feira";"14:00:00";"BA";135;271;"SAO DESIDERIO";"Acessar a via sem observar a presença dos outros veículos";"Colisão traseira";"Com Vítimas Fatais";"Pleno dia";"Crescente";"Céu Claro";"Simples";"Reta";"Não";3;1;0;1;0;1;1;2;-12,7473121;-44,68633845;"SPRF-BA";"DEL08-BA";"UOP04-DEL08-BA"
554746;2023-10-13;"sexta-feira";"11:20:00";"MG";262;159,9;"SAO DOMINGOS DO PRATA";"Velocidade Incompatível";"Saída de leito carroçável";"Com Vítimas Fatais";"Pleno dia";"Decrescente";"Céu Claro";"Simples";"Declive;Curva";"Não";1;1;0;0;0;0;0;1;-19,95907975;-42,82841881;"SPRF-MG";"DEL03-MG";"UOP03-DEL03-MG"
554747;2023-10-13;"sexta-feira";"14:40:00";"RJ";493;76;"DUQUE DE CAXIAS";"Ausência de reação do condutor";"Colisão traseira";"Com Vítimas Feridas";"Pleno dia";"Decrescente";"Céu Claro";"Dupla";"Reta";"Não";3;0;1;0;1;1;1;3;-22,672089;-43,285053;"SPRF-RJ";"DEL01-RJ";"UOP03-DEL01-RJ"
554748;2023-10-13;"sexta-feira";"14:35:00";"RS";470;233;"CARLOS BARBOSA";"Problema com o freio";"Colisão traseira";"Com Vítimas Feridas";"Pleno dia";"Decrescente";"Céu Claro";"Simples";"Declive;Interseção de Vias;Curva";"Não";3;0;3;0;0;0;3;2;-29,29890915;-51,4810431;"SPRF-RS";"DEL06-RS";"UOP01-DEL06-RS"
554757;2023-10-13;"sexta-feira";"15:50:00";"SC";101;204,9;"SAO JOSE";"Reação tardia ou ineficiente do condutor";"Colisão traseira";"Com Vítimas Feridas";"Pleno dia";"Crescente";"Nublado";"Múltipla";"Reta";"Não";2;0;1;0;1;0;1;2;-27,57413014;-48,61363083;"SPRF-SC";"DEL01-SC";"UOP01-DEL01-SC"
554767;2023-10-13;"sexta-feira";"16:20:00";"SC";101;151;"ITAPEMA";"Reação tardia ou ineficiente do condutor";"Colisão lateral mesmo sentido";"Com Vítimas Feridas";"Pleno dia";"Crescente";"Nublado";"Dupla";"Reta";"Sim";3;0;0;1;1;2;1;4;-27,126536;-48,609642;"SPRF-SC";"DEL04-SC";"UOP03-DEL04-SC"
554769;2023-10-13;"sexta-feira";"16:10:00";"RS";116;260,9;"CANOAS";"Ausência de reação do condutor";"Colisão com objeto";"Sem Vítimas";"Pleno dia";"Crescente";"Céu Claro";"Dupla";"Curva";"Sim";1;0;0;0;0;1;0;1;-29,8843918;-51,18049085;"SPRF-RS";"DEL01-RS";"UOP01-DEL01-RS"
554771;2023-10-13;"sexta-feira";"17:50:00";"SC";101;197,4;"BIGUACU";"Manobra de mudança de faixa";"Colisão lateral mesmo sentido";"Com Vítimas Feridas";"Anoitecer";"Crescente";"Nublado";"Múltipla";"Reta";"Não";3;0;1;0;1;1;1;3;-27,51844497;-48,63848496;"SPRF-SC";"DEL01-SC";"UOP01-DEL01-SC"
554772;2023-10-13;"sexta-feira";"17:15:00";"PR";277;453,9;"LARANJEIRAS DO SUL";"Acessar a via sem observar a presença dos outros veículos";"Colisão transversal";"Com Vítimas Feridas";"Pleno dia";"Decrescente";"Nublado";"Simples";"Reta;Interseção de Vias";"Sim";3;0;1;0;2;0;1;2;-25,38580955;-52,41106153;"SPRF-PR";"DEL04-PR";"UOP02-DEL04-PR"
554774;2023-10-13;"sexta-feira";"16:00:00";"CE";222;303;"TIANGUA";"Problema com o freio";"Colisão lateral sentido oposto";"Com Vítimas Feridas";"Pleno dia";"Crescente";"Céu Claro";"Simples";"Curva;Aclive";"Não";3;0;1;0;1;4;1;6;-3,66341744;-40,95009697;"SPRF-CE";"DEL04-CE";"UOP02-DEL04-CE"
554781;2023-10-13;"sexta-feira";"05:02:00";"SC";116;226,4;"CORREIA PINTO";"Transtornos Mentais (exceto suicidio)";"Colisão traseira";"Sem Vítimas";"Plena Noite";"Decrescente";"Garoa/Chuvisco";"Simples";"Reta";"Não";4;0;0;0;4;0;0;2;-27,6304262;-50,34036621;"SPRF-SC";"DEL05-SC";"UOP03-DEL05-SC"
554788;2023-10-13;"sexta-feira";"17:10:00";"RS";158;160;"PANAMBI";"Carga excessiva e/ou mal acondicionada";"Colisão com objeto";"Sem Vítimas";"Pleno dia";"Crescente";"Céu Claro";"Simples";"Reta";"Não";1;0;0;0;1;0;0;1;-28,36064095;-53,50272345;"SPRF-RS";"DEL10-RS";"UOP02-DEL10-RS"
554792;2023-10-13;"sexta-feira";"18:07:00";"RS";116;245,5;"SAO LEOPOLDO";"Manobra de mudança de faixa";"Colisão traseira";"Com Vítimas Feridas";"Anoitecer";"Crescente";"Nublado";"Múltipla";"Interseção de Vias;Em Obras;Reta";"Sim";4;0;1;0;2;1;1;3;-29,75236233;-51,15159273;"SPRF-RS";"DEL01-RS";"UOP02-DEL01-RS"
554797;2023-10-13;"sexta-feira";"18:40:00";"SC";101;306,2;"LAGUNA";"Velocidade Incompatível";"Colisão transversal";"Com Vítimas Feridas";"Plena Noite";"Decrescente";"Nublado";"Múltipla";"Reta;Interseção de Vias";"Não";2;0;0;1;1;0;1;2;-28,4035339;-48,7894031;"SPRF-SC";"DEL02-SC";"UOP03-DEL02-SC"
554799;2023-10-13;"sexta-feira";"17:45:00";"PR";153;63,8;"GUAPIRAMA";"Manobra de mudança de faixa";"Colisão frontal";"Com Vítimas Feridas";"Plena Noite";"Crescente";"Céu Claro";"Simples";"Reta;Aclive";"Não";10;0;3;0;6;3;3;6;-23,49050627;-50,10583214;"SPRF-PR";"DEL07-PR";"UOP04-DEL07-PR"
554802;2023-10-13;"sexta-feira";"16:50:00";"MA";316;603,6;"TIMON";"Ultrapassagem Indevida";"Colisão lateral sentido oposto";"Com Vítimas Feridas";"Pleno dia";"Crescente";"Céu Claro";"Simples";"Reta";"Não";7;0;1;1;4;2;2;8;-5,038544;-42,931362;"SPRF-MA";"DEL03-MA";"UOP02-DEL03-MA"
554807;2023-10-13;"sexta-feira";"19:45:00";"PR";116;47;"CAMPINA GRANDE DO SUL";"Ausência de reação do condutor";"Colisão transversal";"Com Vítimas Feridas";"Plena Noite";"Crescente";"Chuva";"Dupla";"Reta";"Não";4;0;2;0;1;2;2;4;-25,21058799;-48,89720903;"SPRF-PR";"DEL01-PR";"UOP02-DEL01-PR"
554815;2023-10-13;"sexta-feira";"21:20:00";"PE";101;20,5;"GOIANA";"Demais falhas mecânicas ou elétricas";"Saída de leito carroçável";"Sem Vítimas";"Plena Noite";"Crescente";"Céu Claro";"Dupla";"Reta";"Não";2;0;0;0;1;1;0;2;-7,66042701;-34,93780401;"SPRF-PE";"DEL01-PE";"UOP02-DEL01-PE"
554816;2023-10-13;"sexta-feira";"21:29:00";"GO";158;53;"BOM JARDIM DE GOIAS";"Demais falhas mecânicas ou elétricas";"Incêndio";"Sem Vítimas";"Plena Noite";"Crescente";"Chuva";"Simples";"Reta";"Não";1;0;0;0;1;0;0;1;-16,2538027;-52,05297381;"SPRF-GO";"DEL04-GO";"UOP02-DEL04-GO"
554825;2023-10-13;"sexta-feira";"22:45:00";"ES";101;287,7;"CARIACICA";"Condutor Dormindo";"Colisão traseira";"Com Vítimas Feridas";"Plena Noite";"Decrescente";"Nublado";"Dupla";"Reta";"Sim";3;0;1;0;1;1;1;3;-20,26867282;-40,38898598;"SPRF-ES";"DEL01-ES";"UOP01-DEL01-ES"
554830;2023-10-13;"sexta-feira";"22:10:00";"CE";116;536,8;"PENAFORTE";"Acessar a via sem observar a presença dos outros veículos";"Colisão transversal";"Com Vítimas Fatais";"Plena Noite";"Decrescente";"Céu Claro";"Simples";"Reta;Interseção de Vias";"Não";4;1;0;0;2;1;0;3;-7,78711699;-39,07416802;"SPRF-CE";"DEL05-CE";"UOP03-DEL05-CE"
554837;2023-09-11;"segunda-feira";"12:47:00";"GO";40;41;"LUZIANIA";"Condutor Dormindo";"Capotamento";"Com Vítimas Feridas";"Pleno dia";"Decrescente";"Céu Claro";"Simples";"Curva";"Não";2;0;1;0;0;2;1;3;-16,367802;-47,826972;"SPRF-DF";"DEL01-DF";"UOP02-DEL01-DF"
554853;2023-10-14;"sábado";"04:10:00";"MG";381;516,5;"IGARAPE";"Velocidade Incompatível";"Tombamento";"Com Vítimas Feridas";"Plena Noite";"Decrescente";"Céu Claro";"Dupla";"Declive;Curva";"Não";2;0;1;0;0;1;1;2;-20,10866993;-44,31488799;"SPRF-MG";"DEL01-MG";"UOP03-DEL01-MG"
554854;2023-10-14;"sábado";"00:30:00";"BA";242;432;"SEABRA";"Ausência de reação do condutor";"Colisão traseira";"Com Vítimas Feridas";"Plena Noite";"Decrescente";"Céu Claro";"Simples";"Reta;Aclive";"Não";6;0;3;1;1;2;4;4;-12,39205239;-41,91496307;"SPRF-BA";"DEL06-BA";"UOP01-DEL06-BA"
554863;2023-10-14;"sábado";"02:10:00";"PR";373;476,9;"CORONEL VIVIDA";"Desrespeitar a preferência no cruzamento";"Colisão transversal";"Com Vítimas Feridas";"Plena Noite";"Decrescente";"Céu Claro";"Simples";"Interseção de Vias;Rotatória";"Não";3;0;1;0;0;2;1;3;-25,983561;-52,541953;"SPRF-PR";"DEL02-PR";"UOP01-DEL02-PR"
554864;2023-10-13;"sexta-feira";"17:00:00";"MA";316;586;"CAXIAS";"Reação tardia ou ineficiente do condutor";"Colisão frontal";"Com Vítimas Feridas";"Anoitecer";"Crescente";"Céu Claro";"Simples";"Reta;Aclive";"Não";3;0;2;0;0;1;2;3;-4,98457;-43,07259;"SPRF-MA";"DEL03-MA";"UOP02-DEL03-MA"
554867;2023-10-14;"sábado";"06:30:00";"MG";116;408,1;"GOVERNADOR VALADARES";"Condutor usando celular";"Colisão traseira";"Com Vítimas Feridas";"Pleno dia";"Crescente";"Céu Claro";"Simples";"Reta";"Não";4;0;1;1;1;1;2;3;-18,84221919;-41,98289416;"SPRF-MG";"DEL06-MG";"UOP01-DEL06-MG"
554870;2023-10-13;"sexta-feira";"21:30:00";"MG";116;577,6;"MANHUACU";"Condutor Dormindo";"Colisão com objeto";"Com Vítimas Feridas";"Plena Noite";"Decrescente";"Nublado";"Simples";"Curva";"Não";2;0;0;1;0;1;1;2;-20,161295;-42,189066;"SPRF-MG";"DEL06-MG";"UOP03-DEL06-MG"
554875;2023-10-14;"sábado";"04:00:00";"MG";116;559;"MANHUACU";"Condutor Dormindo";"Tombamento";"Com Vítimas Feridas";"Plena Noite";"Decrescente";"Nublado";"Simples";"Aclive;Reta";"Não";1;0;1;0;0;0;1;1;-20,02634297;-42,16819209;"SPRF-MG";"DEL06-MG";"UOP03-DEL06-MG"
554896;2023-10-14;"sábado";"11:23:00";"PR";277;339,9;"GUARAPUAVA";"Condutor deixou de manter distância do veículo da frente";"Colisão traseira";"Com Vítimas Feridas";"Pleno dia";"Crescente";"Nublado";"Simples";"Reta;Declive";"Não";6;0;1;0;4;2;1;4;-25,34453;-51,4415;"SPRF-PR";"DEL08-PR";"UOP01-DEL08-PR"
554903;2023-10-14;"sábado";"08:50:00";"MG";116;715,8;"MURIAE";"Velocidade Incompatível";"Tombamento";"Com Vítimas Fatais";"Pleno dia";"Decrescente";"Céu Claro";"Simples";"Curva";"Não";4;1;1;0;0;3;1;5;-21,2122938;-42,38924872;"SPRF-MG";"DEL07-MG";"UOP02-DEL07-MG"
554905;2023-10-14;"sábado";"10:45:00";"SP";116;504;"CAJATI";"Reação tardia ou ineficiente do condutor";"Saída de leito carroçável";"Com Vítimas Feridas";"Pleno dia";"Crescente";"Garoa/Chuvisco";"Simples";"Curva";"Não";2;0;1;0;0;1;1;2;-24,78266496;-48,20865858;"SPRF-SP";"DEL05-SP";"UOP02-DEL05-SP"
554907;2023-10-14;"sábado";"11:50:00";"BA";135;187;"BARREIRAS";"Ultrapassagem Indevida";"Colisão lateral mesmo sentido";"Com Vítimas Feridas";"Pleno dia";"Crescente";"Céu Claro";"Simples";"Reta";"Não";5;0;0;3;1;1;3;3;-12,21064305;-45,0171418;"SPRF-BA";"DEL08-BA";"UOP04-DEL08-BA"
554908;2023-10-14;"sábado";"09:00:00";"MA";316;550;"CAXIAS";"Acessar a via sem observar a presença dos outros veículos";"Saída de leito carroçável";"Com Vítimas Feridas";"Pleno dia";"Decrescente";"Céu Claro";"Simples";"Reta";"Não";6;0;0;1;3;2;1;6;-4,886773;-43,362507;"SPRF-MA";"DEL03-MA";"UOP02-DEL03-MA"
554909;2023-10-14;"sábado";"11:50:00";"MG";381;365;"SAO GONCALO DO RIO ABAIXO";"Velocidade Incompatível";"Colisão frontal";"Com Vítimas Feridas";"Pleno dia";"Crescente";"Chuva";"Simples";"Declive;Curva";"Não";2;0;0;1;1;0;1;2;-19,84955579;-43,25424839;"SPRF-MG";"DEL03-MG";"UOP01-DEL03-MG"
554914;2023-10-14;"sábado";"11:50:00";"MT";158;687;"BARRA DO GARCAS";"Condutor deixou de manter distância do veículo da frente";"Colisão traseira";"Com Vítimas Feridas";"Pleno dia";"Crescente";"Céu Claro";"Simples";"Reta;Aclive;Em Obras";"Não";3;0;1;0;1;1;1;3;-14,94886408;-52,26785542;"SPRF-MT";"DEL07-MT";"UOP01-DEL07-MT"
554915;2023-10-14;"sábado";"10:05:00";"MG";262;18,7;"MARTINS SOARES";"Ausência de reação do condutor";"Colisão frontal";"Com Vítimas Feridas";"Pleno dia";"Decrescente";"Céu Claro";"Simples";"Curva;Declive";"Não";3;0;0;1;1;1;1;3;-20,24953829;-41,89467298;"SPRF-MG";"DEL06-MG";"UOP03-DEL06-MG"
554917;2023-10-14;"sábado";"12:25:00";"PB";230;17,2;"JOAO PESSOA";"Reação tardia ou ineficiente do condutor";"Colisão traseira";"Com Vítimas Feridas";"Pleno dia";"Crescente";"Sol";"Dupla";"Curva";"Sim";3;0;1;0;2;0;1;3;-7,1121;-34,8426;"SPRF-PB";"DEL01-PB";"UOP01-DEL01-PB"
554927;2023-10-14;"sábado";"12:05:00";"SP";116;561;"BARRA DO TURVO";"Velocidade Incompatível";"Tombamento";"Com Vítimas Feridas";"Pleno dia";"Crescente";"Garoa/Chuvisco";"Dupla";"Reta";"Não";1;0;1;0;0;0;1;1;-25,02045097;-48,51586004;"SPRF-SP";"DEL05-SP";"UOP02-DEL05-SP"
554932;2023-10-14;"sábado";"13:20:00";"MG";50;21,5;"ARAGUARI";"Condutor Dormindo";"Colisão traseira";"Com Vítimas Feridas";"Pleno dia";"Crescente";"Sol";"Dupla";"Reta;Aclive";"Não";3;0;1;0;1;1;1;3;-18,59591113;-48,05355644;"SPRF-MG";"DEL15-MG";"UOP02-DEL15-MG"
554933;2023-10-14;"sábado";"08:10:00";"PR";163;260;"TOLEDO";"Reação tardia ou ineficiente do condutor";"Colisão traseira";"Com Vítimas Feridas";"Pleno dia";"Crescente";"Céu Claro";"Dupla";"Reta;Aclive";"Não";3;0;0;1;1;3;1;5;-24,6606297;-53,8185818;"SPRF-PR";"DEL06-PR";"UOP02-DEL06-PR"
554937;2023-10-14;"sábado";"08:20:00";"MT";174;252;"PONTES E LACERDA";"Velocidade Incompatível";"Colisão traseira";"Com Vítimas Feridas";"Pleno dia";"Crescente";"Céu Claro";"Simples";"Aclive";"Não";3;0;1;0;1;3;1;5;-15,4802677;-59,08409189;"SPRF-MT";"DEL04-MT";"UOP01-DEL04-MT"
554939;2023-10-14;"sábado";"00:40:00";"BA";101;243;"CONCEICAO DO ALMEIDA";"Demais falhas mecânicas ou elétricas";"Incêndio";"Sem Vítimas";"Plena Noite";"Crescente";"Nublado";"Simples";"Reta";"Não";1;0;0;0;1;0;0;1;-12,88117996;-39,21999041;"SPRF-BA";"DEL01-BA";"UOP02-DEL01-BA"
554941;2023-10-14;"sábado";"13:30:00";"MG";116;425,4;"ALPERCATA";"Acessar a via sem observar a presença dos outros veículos";"Colisão transversal";"Com Vítimas Fatais";"Pleno dia";"Crescente";"Céu Claro";"Simples";"Reta;Aclive";"Não";5;1;1;0;2;1;1;4;-18,96299507;-41,97075176;"SPRF-MG";"DEL06-MG";"UOP01-DEL06-MG"
554943;2023-10-14;"sábado";"15:00:00";"PR";163;53;"PRANCHITA";"Condutor deixou de manter distância do veículo da frente";"Colisão traseira";"Sem Vítimas";"Pleno dia";"Decrescente";"Céu Claro";"Simples";"Reta";"Não";6;0;0;0;5;1;0;3;-25,95794198;-53,72316793;"SPRF-PR";"DEL02-PR";"UOP02-DEL02-PR"
554946;2023-10-14;"sábado";"09:20:00";"MA";222;498,2;"BURITICUPU";"Reação tardia ou ineficiente do condutor";"Colisão lateral mesmo sentido";"Com Vítimas Feridas";"Pleno dia";"Crescente";"Céu Claro";"Simples";"Reta";"Não";3;0;1;0;2;0;1;2;-4,312582;-46,261889;"SPRF-MA";"DEL02-MA";"UOP01-DEL02-MA"
554948;2023-10-14;"sábado";"15:10:00";"PB";230;39,6;"SANTA RITA";"Reação tardia ou ineficiente do condutor";"Colisão traseira";"Com Vítimas Feridas";"Pleno dia";"Decrescente";"Céu Claro";"Dupla";"Curva;Declive";"Não";4;0;1;0;3;0;1;4;-7,1381;-34,9707;"SPRF-PB";"DEL01-PB";"UOP03-DEL01-PB"
554949;2023-09-16;"sábado";"10:13:00";"PR";116;160;"QUITANDINHA";"Carga excessiva e/ou mal acondicionada";"Derramamento de carga";"Sem Vítimas";"Pleno dia";"Decrescente";"Céu Claro";"Simples";"Reta";"Não";3;0;0;0;2;1;0;3;-25,8642766;-49,4296934;"SPRF-PR";"DEL01-PR";"UOP03-DEL01-PR"
554955;2023-10-14;"sábado";"16:40:00";"CE";116;174;"RUSSAS";"Problema na suspensão";"Colisão lateral sentido oposto";"Sem Vítimas";"Pleno dia";"Crescente";"Céu Claro";"Simples";"Reta";"Sim";6;0;0;0;5;2;0;5;-4,98567763;-38,02872934;"SPRF-CE";"DEL03-CE";"UOP01-DEL03-CE"
554959;2023-10-14;"sábado";"16:45:00";"GO";20;1;"FORMOSA";"Condutor deixou de manter distância do veículo da frente";"Engavetamento";"Com Vítimas Feridas";"Pleno dia";"Decrescente";"Céu Claro";"Simples";"Declive;Curva";"Não";10;0;3;0;7;0;3;4;-15,579424;-47,334297;"SPRF-DF";"DEL02-DF";"UOP02-DEL02-DF"
554973;2023-10-14;"sábado";"10:00:00";"BA";116;910;"CANDIDO SALES";"Ausência de reação do condutor";"Colisão traseira";"Com Vítimas Feridas";"Pleno dia";"Decrescente";"Céu Claro";"Simples";"Reta";"Não";2;0;1;0;1;0;1;2;-15,43802789;-41,22283929;"SPRF-BA";"DEL08-BA";"UOP03-DEL08-BA"
554986;2023-10-14;"sábado";"15:40:00";"BA";242;370;"PALMEIRAS";"Condutor deixou de manter distância do veículo da frente";"Colisão traseira";"Sem Vítimas";"Pleno dia";"Crescente";"Céu Claro";"Simples";"Reta";"Não";6;0;0;0;4;2;0;3;-12,46131491;-41,46948804;"SPRF-BA";"DEL08-BA";"UOP04-DEL08-BA"
554989;2023-10-14;"sábado";"19:00:00";"CE";116;537,6;"PENAFORTE";"Ingestão de álcool ou de substâncias psicoativas pelo pedestre";"Atropelamento de Pedestre";"Com Vítimas Fatais";"Plena Noite";"Crescente";"Céu Claro";"Simples";"Reta";"Não";2;1;0;0;0;1;0;2;-7,73858188;-39,05131417;"SPRF-CE";"DEL05-CE";"UOP03-DEL05-CE"
554991;2023-10-14;"sábado";"18:10:00";"TO";226;21;"PALMEIRAS DO TOCANTINS";"Condutor deixou de manter distância do veículo da frente";"Engavetamento";"Com Vítimas Feridas";"Plena Noite";"Crescente";"Nublado";"Simples";"Reta";"Não";5;0;1;1;2;1;2;5;-6,632562;-47,62323;"SPRF-TO";"DEL02-TO";"UOP03-DEL02-TO"
554992;2023-10-14;"sábado";"17:50:00";"PR";277;667,7;"MEDIANEIRA";"Velocidade Incompatível";"Colisão traseira";"Com Vítimas Feridas";"Pleno dia";"Crescente";"Céu Claro";"Dupla";"Reta";"Não";5;0;3;0;2;0;3;2;-25,26577498;-54,05432901;"SPRF-PR";"DEL05-PR";"UOP02-DEL05-PR"
554993;2023-10-14;"sábado";"19:36:00";"GO";153;356;"JARAGUA";"Acessar a via sem observar a presença dos outros veículos";"Colisão transversal";"Com Vítimas Fatais";"Plena Noite";"Decrescente";"Céu Claro";"Dupla";"Reta;Interseção de Vias";"Sim";6;2;2;1;0;1;3;3;-15,7349583;-49,32331324;"SPRF-GO";"DEL02-GO";"UOP02-DEL02-GO"
555000;2023-10-14;"sábado";"20:15:00";"PB";230;74,8;"SOBRADO";"Transitar no Acostamento";"Colisão com objeto";"Com Vítimas Fatais";"Plena Noite";"Crescente";"Céu Claro";"Dupla";"Reta";"Não";3;1;0;0;1;1;0;3;-7,1894;-35,2596;"SPRF-PB";"DEL01-PB";"UOP03-DEL01-PB"
555002;2023-10-14;"sábado";"17:40:00";"MG";40;333,8;"FELIXLANDIA";"Animais na Pista";"Atropelamento de Animal";"Com Vítimas Feridas";"Pleno dia";"Crescente";"Nublado";"Simples";"Reta;Declive";"Não";2;0;1;0;0;3;1;4;-18,60700106;-45,00995636;"SPRF-MG";"DEL14-MG";"UOP02-DEL14-MG"
555003;2023-09-16;"sábado";"16:30:00";"PE";101;44;"IGARASSU";"Acessar a via sem observar a presença dos outros veículos";"Colisão transversal";"Sem Vítimas";"Pleno dia";"Crescente";"Céu Claro";"Múltipla";"Reta;Retorno Regulamentado";"Sim";3;0;0;0;2;1;0;2;-7,85637001;-34,90842109;"SPRF-PE";"DEL01-PE";"UOP02-DEL01-PE"
555011;2023-10-14;"sábado";"19:25:00";"GO";50;105,3;"CRISTALINA";"Condutor Dormindo";"Saída de leito carroçável";"Com Vítimas Feridas";"Plena Noite";"Crescente";"Céu Claro";"Dupla";"Reta";"Não";2;0;1;0;0;1;1;2;-16,9309;-47,7117;"SPRF-DF";"DEL01-DF";"UOP02-DEL01-DF"
555032;2023-10-14;"sábado";"19:20:00";"MA";10;123;"ESTREITO";"Reação tardia ou ineficiente do condutor";"Colisão traseira";"Sem Vítimas";"Plena Noite";"Crescente";"Céu Claro";"Simples";"Reta";"Não";2;0;0;0;2;0;0;2;-6,606726;-47,431885;"SPRF-MA";"DEL04-MA";"UOP02-DEL04-MA"
555034;2023-10-14;"sábado";"16:20:00";"SC";116;106,1;"MONTE CASTELO";"Velocidade Incompatível";"Colisão com objeto";"Com Vítimas Feridas";"Pleno dia";"Decrescente";"Chuva";"Simples";"Curva;Declive";"Não";3;0;1;0;1;1;1;2;-26,75604307;-50,31916109;"SPRF-SC";"DEL06-SC";"UOP02-DEL06-SC"
555049;2023-10-14;"sábado";"23:50:00";"PR";163;44;"PRANCHITA";"Transitar na contramão";"Colisão frontal";"Com Vítimas Feridas";"Plena Noite";"Decrescente";"Nublado";"Simples";"Reta";"Não";3;0;2;0;1;0;2;2;-25,99929;-53,72287;"SPRF-PR";"DEL02-PR";"UOP02-DEL02-PR"
555052;2023-10-14;"sábado";"19:00:00";"MG";251;334;"RUBELITA";"Ausência de reação do condutor";"Saída de leito carroçável";"Com Vítimas Feridas";"Anoitecer";"Decrescente";"Céu Claro";"Simples";"Curva;Declive";"Não";4;0;1;1;1;1;2;3;-16,2659104;-42,41190434;"SPRF-MG";"DEL12-MG";"UOP02-DEL12-MG"
555053;2023-10-15;"domingo";"00:30:00";"MG";116;141,8;"PONTO DOS VOLANTES";"Pedestre andava na pista";"Atropelamento de Pedestre";"Com Vítimas Feridas";"Plena Noite";"Decrescente";"Nublado";"Simples";"Reta";"Não";2;0;0;1;0;1;1;2;-16,775899;-41,4815;"SPRF-MG";"DEL11-MG";"UOP02-DEL11-MG"
555055;2023-10-15;"domingo";"01:20:00";"RS";101;85,1;"OSORIO";"Suicídio (presumido)";"Atropelamento de Pedestre";"Com Vítimas Fatais";"Plena Noite";"Crescente";"Céu Claro";"Dupla";"Reta";"Sim";3;1;0;0;1;1;0;2;-29,87279;-50,254947;"SPRF-RS";"DEL03-RS";"UOP01-DEL03-RS"
555068;2023-10-15;"domingo";"02:35:00";"RO";364;432;"JARU";"Demais falhas mecânicas ou elétricas";"Incêndio";"Sem Vítimas";"Plena Noite";"Decrescente";"Céu Claro";"Simples";"Reta";"Não";2;0;0;0;1;1;0;2;-10,40041019;-62,52516413;"SPRF-RO";"DEL03-RO";"UOP02-DEL03-RO"
555069;2023-10-15;"domingo";"03:00:00";"BA";242;213;"ITABERABA";"Condutor Dormindo";"Tombamento";"Com Vítimas Feridas";"Plena Noite";"Crescente";"Garoa/Chuvisco";"Simples";"Reta;Em Obras";"Não";2;0;0;1;0;2;1;3;-12,52089706;-40,16879;"SPRF-BA";"DEL06-BA";"UOP02-DEL06-BA"
555072;2023-10-15;"domingo";"02:50:00";"PR";277;637,3;"CEU AZUL";"Entrada inopinada do pedestre";"Atropelamento de Pedestre";"Com Vítimas Fatais";"Plena Noite";"Crescente";"Céu Claro";"Simples";"Reta;Declive";"Sim";4;1;0;0;1;2;0;2;-25,15127997;-53,84435289;"SPRF-PR";"DEL05-PR";"UOP02-DEL05-PR"
555082;2023-10-15;"domingo";"06:20:00";"PE";101;43,9;"IGARASSU";"Condutor deixou de manter distância do veículo da frente";"Colisão traseira";"Com Vítimas Feridas";"Pleno dia";"Crescente";"Céu Claro";"Múltipla";"Reta";"Sim";4;0;1;0;3;0;1;2;-7,8556105;-34,9087675;"SPRF-PE";"DEL01-PE";"UOP02-DEL01-PE"
555091;2023-10-15;"domingo";"07:20:00";"TO";153;3,9;"XAMBIOA";"Ausência de reação do condutor";"Tombamento";"Com Vítimas Feridas";"Pleno dia";"Crescente";"Nublado";"Simples";"Rotatória";"Sim";2;0;2;0;0;0;2;1;-6,424306;-48,536186;"SPRF-TO";"DEL02-TO";"UOP01-DEL02-TO"
555104;2023-10-15;"domingo";"06:40:00";"MT";364;705;"DIAMANTINO";"Animais na Pista";"Saída de leito carroçável";"Sem Vítimas";"Pleno dia";"Crescente";"Céu Claro";"Simples";"Reta";"Não";2;0;0;0;1;2;0;3;-14,164263;-57,110653;"SPRF-MT";"DEL01-MT";"NPF/DEL01-MT"
555107;2023-10-15;"domingo";"09:10:00";"MG";251;505;"FRANCISCO SA";"Condutor deixou de manter distância do veículo da frente";"Colisão traseira";"Com Vítimas Feridas";"Pleno dia";"Crescente";"Céu Claro";"Simples";"Reta";"Não";3;0;0;1;1;1;1;3;-16,61623136;-43,68084596;"SPRF-MG";"DEL12-MG";"UOP01-DEL12-MG"
555114;2023-10-15;"domingo";"02:00:00";"MA";226;283;"BARRA DO CORDA";"Ingestão de álcool pelo condutor";"Colisão com objeto";"Sem Vítimas";"Plena Noite";"Crescente";"Ignorado";"Simples";"Curva";"Não";2;0;0;0;1;3;0;4;-5,45366049;-45,11980797;"SPRF-MA";"DEL06-MA";"UOP01-DEL06-MA"