"id";"data_inversa";"dia_semana";"horario";"uf";"br";"km";"municipio";"causa_acidente";"tipo_acidente";"classificacao_acidente";"fase_dia";"sentido_via";"condicao_metereologica";"tipo_pista";"tracado_via";"uso_solo";"pessoas";"mortos";"feridos_leves";"feridos_graves";"ilesos";"ignorados";"feridos";"veiculos";"latitude";"longitude";"regional";"delegacia";"uop"
555115;2023-10-15;"domingo";"04:30:00";"MT";163;748;"SORRISO";"Ausência de reação do condutor";"Colisão traseira";"Com Vítimas Fatais";"Amanhecer";"Decrescente";"Sol";"Dupla";"Reta;Em Obras;Aclive;Desvio Temporário";"Não";8;4;2;1;1;0;3;2;-12,586335;-55,737488;"SPRF-MT";"DEL06-MT";"UOP01-DEL06-MT"
555118;2023-10-15;"domingo";"10:00:00";"PR";376;185,7;"SARANDI";"Manobra de mudança de faixa";"Colisão lateral mesmo sentido";"Com Vítimas Feridas";"Pleno dia";"Crescente";"Céu Claro";"Dupla";"Reta";"Não";8;0;4;0;3;2;4;6;-23,45147413;-51,85361808;"SPRF-PR";"DEL09-PR";"UOP01-DEL09-PR"
555127;2023-10-15;"domingo";"11:20:00";"SC";101;136;"BALNEARIO CAMBORIU";"Condutor deixou de manter distância do veículo da frente";"Colisão traseira";"Com Vítimas Feridas";"Pleno dia";"Decrescente";"Nublado";"Múltipla";"Reta;Declive";"Sim";5;0;2;0;2;1;2;3;-27,008113;-48,617245;"SPRF-SC";"DEL04-SC";"UOP03-DEL04-SC"
555128;2023-10-15;"domingo";"08:30:00";"SP";116;467;"JACUPIRANGA";"Manobra de mudança de faixa";"Tombamento";"Sem Vítimas";"Pleno dia";"Decrescente";"Garoa/Chuvisco";"Dupla";"Reta";"Não";2;0;0;0;0;4;0;4;-24,64935089;-47,93124902;"SPRF-SP";"DEL05-SP";"UOP01-DEL05-SP"
555141;2023-10-15;"domingo";"11:20:00";"BA";116;864;"VITORIA DA CONQUISTA";"Ultrapassagem Indevida";"Colisão lateral mesmo sentido";"Com Vítimas Feridas";"Pleno dia";"Crescente";"Céu Claro";"Simples";"Reta";"Não";3;0;1;0;1;1;1;3;-15,16144729;-41,05745316;"SPRF-BA";"DEL08-BA";"UOP01-DEL08-BA"
555148;2023-10-15;"domingo";"13:30:00";"MG";381;360;"JOAO MONLEVADE";"Demais falhas mecânicas ou elétricas";"Saída de leito carroçável";"Sem Vítimas";"Pleno dia";"Decrescente";"Nublado";"Simples";"Reta;Aclive";"Sim";2;0;0;0;1;1;0;2;-19,85985912;-43,22566968;"SPRF-MG";"DEL03-MG";"UOP01-DEL03-MG"
555156;2023-10-15;"domingo";"14:00:00";"MS";267;68,2;"BATAGUASSU";"Demais falhas mecânicas ou elétricas";"Incêndio";"Sem Vítimas";"Pleno dia";"Decrescente";"Sol";"Simples";"Reta;Declive";"Não";2;0;0;0;1;2;0;3;-21,85390975;-52,74097905;"SPRF-MS";"DEL02-MS";"UOP04-DEL02-MS"
555159;2023-10-15;"domingo";"14:20:00";"MG";153;58;"MONTE ALEGRE DE MINAS";"Problema com o freio";"Tombamento";"Com Vítimas Feridas";"Pleno dia";"Crescente";"Céu Claro";"Dupla";"Rotatória";"Não";3;0;1;0;1;1;1;3;-18,878386;-49,056637;"SPRF-MG";"DEL15-MG";"UOP03-DEL15-MG"
555163;2023-10-15;"domingo";"15:20:00";"ES";101;209,2;"IBIRACU";"Condutor deixou de manter distância do veículo da frente";"Colisão frontal";"Com Vítimas Feridas";"Pleno dia";"Crescente";"Chuva";"Simples";"Reta";"Não";7;0;1;0;6;0;1;5;-19,79340048;-40,37109375;"SPRF-ES";"DEL02-ES";"UOP01-DEL02-ES"
555165;2023-10-15;"domingo";"15:00:00";"BA";116;12,9;"VITORIA DA CONQUISTA";"Acessar a via sem observar a presença dos outros veículos";"Colisão transversal";"Com Vítimas Feridas";"Pleno dia";"Decrescente";"Céu Claro";"Simples";"Reta";"Sim";4;0;2;0;2;0;2;2;-14,884524;-40,87074;"SPRF-BA";"DEL08-BA";"UOP01-DEL08-BA"
555168;2023-10-15;"domingo";"16:00:00";"PR";373;182;"PONTA GROSSA";"Velocidade Incompatível";"Colisão lateral sentido oposto";"Com Vítimas Fatais";"Pleno dia";"Crescente";"Céu Claro";"Dupla";"Curva";"Sim";6;1;3;0;2;0;3;2;-25,04193864;-50,26741587;"SPRF-PR";"DEL03-PR";"UOP01-DEL03-PR"
555181;2023-09-09;"sábado";"18:20:00";"RJ";101;34;"CAMPOS DOS GOYTACAZES";"Acessar a via sem observar a presença dos outros veículos";"Colisão transversal";"Com Vítimas Feridas";"Plena Noite";"Decrescente";"Céu Claro";"Simples";"Reta;Declive";"Não";2;0;0;1;1;0;1;2;-21,49946102;-41,34019743;"SPRF-RJ";"DEL08-RJ";"UOP01-DEL08-RJ"
555186;2023-10-15;"domingo";"14:10:00";"BA";324;537,2;"CONCEICAO DO JACUIPE";"Acessar a via sem observar a presença dos outros veículos";"Colisão transversal";"Com Vítimas Fatais";"Pleno dia";"Decrescente";"Céu Claro";"Múltipla";"Retorno Regulamentado";"Sim";3;1;0;0;1;3;0;5;-12,36902201;-38,81384601;"SPRF-BA";"DEL01-BA";"UOP03-DEL01-BA"
555194;2023-10-15;"domingo";"15:50:00";"MG";262;64;"MATIPO";"Transitar na contramão";"Colisão frontal";"Com Vítimas Feridas";"Pleno dia";"Decrescente";"Céu Claro";"Simples";"Reta";"Não";2;0;0;1;1;0;1;2;-20,29548779;-42,24392398;"SPRF-MG";"DEL06-MG";"UOP03-DEL06-MG"
555196;2023-10-15;"domingo";"17:25:00";"CE";304;56,9;"ARACATI";"Manobra de mudança de faixa";"Capotamento";"Com Vítimas Feridas";"Anoitecer";"Crescente";"Céu Claro";"Simples";"Reta";"Não";1;0;0;1;0;0;1;1;-4,58369534;-37,71124914;"SPRF-CE";"DEL03-CE";"UOP03-DEL03-CE"
555210;2023-09-21;"quinta-feira";"20:45:00";"RJ";101;157,9;"MACAE";"Reação tardia ou ineficiente do condutor";"Colisão lateral mesmo sentido";"Com Vítimas Feridas";"Plena Noite";"Crescente";"Céu Claro";"Simples";"Reta";"Não";5;0;1;0;4;0;1;2;-22,26664642;-41,85839687;"SPRF-RJ";"DEL08-RJ";"UOP04-DEL08-RJ"
555211;2023-10-15;"domingo";"18:10:00";"GO";60;28;"ALEXANIA";"Ausência de reação do condutor";"Colisão traseira";"Com Vítimas Feridas";"Anoitecer";"Decrescente";"Céu Claro";"Dupla";"Reta";"Não";4;0;3;0;1;0;3;2;-16,0963;-48,5202;"SPRF-DF";"DEL03-DF";"UOP01-DEL03-DF"
555213;2023-10-15;"domingo";"18:20:00";"MT";174;417;"NOVA LACERDA";"Velocidade Incompatível";"Tombamento";"Com Vítimas Feridas";"Plena Noite";"Crescente";"Céu Claro";"Simples";"Curva";"Não";2;0;1;0;0;2;1;3;-14,25340247;-59,69352722;"SPRF-MT";"DEL04-MT";"UOP02-DEL04-MT"
555217;2023-10-15;"domingo";"15:30:00";"PR";376;271;"MARILANDIA DO SUL";"Demais falhas mecânicas ou elétricas";"Incêndio";"Sem Vítimas";"Plena Noite";"Decrescente";"Céu Claro";"Dupla";"Reta";"Não";2;0;0;0;1;2;0;3;-23,77371498;-51,26875494;"SPRF-PR";"DEL07-PR";"UOP02-DEL07-PR"
555218;2023-10-15;"domingo";"19:00:00";"PR";277;707;"SANTA TEREZINHA DE ITAIPU";"Manobra de mudança de faixa";"Colisão transversal";"Com Vítimas Feridas";"Plena Noite";"Crescente";"Céu Claro";"Dupla";"Reta;Interseção de Vias;Declive";"Não";2;0;0;1;1;0;1;2;-25,4390402;-54,38645591;"SPRF-PR";"DEL05-PR";"UOP01-DEL05-PR"
555221;2023-10-15;"domingo";"18:45:00";"PR";376;216;"JANDAIA DO SUL";"Ingestão de álcool pelo condutor";"Colisão traseira";"Sem Vítimas";"Plena Noite";"Crescente";"Céu Claro";"Simples";"Reta";"Não";4;0;0;0;3;2;0;5;-23,59767281;-51,63339596;"SPRF-PR";"DEL09-PR";"UOP01-DEL09-PR"
555228;2023-10-15;"domingo";"18:40:00";"MA";230;471,1;"RIACHAO";"Ingestão de álcool pelo condutor";"Colisão frontal";"Com Vítimas Feridas";"Plena Noite";"Decrescente";"Céu Claro";"Simples";"Reta;Declive";"Sim";3;0;0;1;1;1;1;3;-7,36328691;-46,61146604;"SPRF-MA";"DEL05-MA";"UOP01-DEL05-MA"
555230;2023-10-15;"domingo";"16:24:00";"MT";364;285;"JACIARA";"Velocidade Incompatível";"Saída de leito carroçável";"Com Vítimas Feridas";"Pleno dia";"Decrescente";"Céu Claro";"Dupla";"Curva";"Não";2;0;1;0;0;2;1;3;-15,90624979;-55,04864784;"SPRF-MT";"DEL05-MT";"UOP02-DEL05-MT"
555233;2023-10-15;"domingo";"19:50:00";"SC";282;43,8;"AGUAS MORNAS";"Ausência de reação do condutor";"Colisão lateral sentido oposto";"Com Vítimas Feridas";"Plena Noite";"Decrescente";"Chuva";"Simples";"Reta;Aclive";"Não";4;0;1;1;1;1;2;3;-27,719458;-48,897526;"SPRF-SC";"DEL01-SC";"UOP03-DEL01-SC"
555239;2023-10-15;"domingo";"16:30:00";"BA";116;908;"CANDIDO SALES";"Problema com o freio";"Colisão frontal";"Com Vítimas Feridas";"Pleno dia";"Crescente";"Céu Claro";"Simples";"Ponte";"Sim";5;0;3;0;1;2;3;6;-15,42126089;-41,21621028;"SPRF-BA";"DEL08-BA";"UOP03-DEL08-BA"
555243;2023-10-15;"domingo";"17:19:00";"RO";364;49;"VILHENA";"Condutor deixou de manter distância do veículo da frente";"Colisão lateral mesmo sentido";"Com Vítimas Feridas";"Pleno dia";"Decrescente";"Céu Claro";"Simples";"Reta";"Não";3;0;1;0;1;1;1;2;-12,55924713;-60,35437725;"SPRF-RO";"DEL04-RO";"UOP01-DEL04-RO"
555246;2023-10-15;"domingo";"20:15:00";"RO";364;200,5;"PIMENTA BUENO";"Ingestão de álcool pelo condutor";"Colisão traseira";"Sem Vítimas";"Plena Noite";"Decrescente";"Céu Claro";"Simples";"Reta";"Sim";4;0;0;0;2;3;0;5;-11,65284309;-61,19276342;"SPRF-RO";"DEL02-RO";"UOP02-DEL02-RO"
555257;2023-10-15;"domingo";"22:00:00";"BA";324;539;"AMELIA RODRIGUES";"Ausência de reação do condutor";"Colisão traseira";"Com Vítimas Feridas";"Plena Noite";"Decrescente";"Céu Claro";"Dupla";"Reta";"Não";2;0;1;0;1;0;1;2;-12,37995647;-38,79955259;"SPRF-BA";"DEL01-BA";"UOP03-DEL01-BA"
555279;2023-10-15;"domingo";"22:45:00";"MS";60;222;"BANDEIRANTES";"Transitar na contramão";"Colisão lateral sentido oposto";"Sem Vítimas";"Plena Noite";"Crescente";"Céu Claro";"Simples";"Reta";"Não";3;0;0;0;2;1;0;3;-19,65037376;-54,16895509;"SPRF-MS";"DEL06-MS";"UOP02-DEL06-MS"
555282;2023-10-16;"segunda-feira";"01:00:00";"MG";40;587,7;"ITABIRITO";"Reação tardia ou ineficiente do condutor";"Derramamento de carga";"Com Vítimas Feridas";"Plena Noite";"Crescente";"Céu Claro";"Simples";"Declive;Curva";"Não";1;0;1;0;0;0;1;1;-20,34858326;-43,92200604;"SPRF-MG";"DEL01-MG";"UOP02-DEL01-MG"
555295;2023-10-15;"domingo";"15:25:00";"MG";40;154,1;"JOAO PINHEIRO";"Condutor deixou de manter distância do veículo da frente";"Colisão traseira";"Com Vítimas Feridas";"Pleno dia";"Decrescente";"Céu Claro";"Simples";"Reta;Declive";"Não";4;0;0;2;1;2;2;4;-17,82508605;-46,13234149;"SPRF-MG";"DEL14-MG";"UOP02-DEL14-MG"
555296;2023-10-16;"segunda-feira";"05:32:00";"MT";364;503;"JANGADA";"Transitar na contramão";"Colisão frontal";"Com Vítimas Fatais";"Amanhecer";"Decrescente";"Ignorado";"Simples";"Reta";"Não";4;1;0;2;0;5;2;7;-15,17216485;-56,52476549;"SPRF-MT";"DEL01-MT";"UOP01-DEL01-MT"
555298;2023-10-16;"segunda-feira";"06:40:00";"MG";381;366,4;"SAO GONCALO DO RIO ABAIXO";"Transitar na contramão";"Colisão frontal";"Com Vítimas Fatais";"Pleno dia";"Decrescente";"Céu Claro";"Simples";"Reta;Aclive";"Não";9;2;2;2;1;3;4;7;-19,857261;-43,238161;"SPRF-MG";"DEL03-MG";"UOP01-DEL03-MG"
555325;2023-09-22;"sexta-feira";"15:00:00";"SC";470;126,6;"LONTRAS";"Acessar a via sem observar a presença dos outros veículos";"Colisão transversal";"Com Vítimas Feridas";"Pleno dia";"Decrescente";"Garoa/Chuvisco";"Simples";"Reta;Interseção de Vias";"Não";5;0;2;0;2;1;2;4;-27,129;-49,538277;"SPRF-SC";"DEL04-SC";"UOP02-DEL04-SC"
555332;2023-10-16;"segunda-feira";"11:00:00";"PR";277;74;"SAO JOSE DOS PINHAIS";"Condutor deixou de manter distância do veículo da frente";"Colisão traseira";"Com Vítimas Feridas";"Pleno dia";"Decrescente";"Céu Claro";"Dupla";"Reta";"Não";2;0;0;1;1;0;1;2;-25,496743;-49,161723;"SPRF-PR";"DEL01-PR";"UOP01-DEL01-PR"
555333;2023-10-16;"segunda-feira";"11:20:00";"RS";153;52;"ERECHIM";"Condutor deixou de manter distância do veículo da frente";"Colisão traseira";"Com Vítimas Feridas";"Pleno dia";"Crescente";"Nublado";"Simples";"Rotatória";"Sim";2;0;1;0;1;0;1;2;-27,66328027;-52,28720784;"SPRF-RS";"DEL08-RS";"UOP04-DEL08-RS"
555338;2023-10-16;"segunda-feira";"12:20:00";"PA";10;195,5;"IPIXUNA DO PARA";"Ausência de reação do condutor";"Colisão frontal";"Com Vítimas Feridas";"Pleno dia";"Crescente";"Sol";"Simples";"Reta";"Não";3;0;1;0;1;1;1;3;-2,72545994;-47,46393672;"SPRF-PA";"DEL02-PA";"UOP01-DEL02-PA"
555343;2023-10-16;"segunda-feira";"09:50:00";"GO";40;76,6;"CRISTALINA";"Velocidade Incompatível";"Colisão lateral sentido oposto";"Com Vítimas Fatais";"Pleno dia";"Decrescente";"Céu Claro";"Simples";"Curva";"Não";4;1;0;0;2;1;0;3;-16,644545;-47,739479;"SPRF-DF";"DEL01-DF";"UOP02-DEL01-DF"
555352;2023-10-16;"segunda-feira";"12:45:00";"MG";381;477,8;"CONTAGEM";"Trafegar com motocicleta (ou similar) entre as faixas";"Colisão lateral mesmo sentido";"Com Vítimas Feridas";"Pleno dia";"Crescente";"Céu Claro";"Múltipla";"Em Obras;Aclive";"Sim";5;0;2;0;1;2;2;4;-19,96205485;-44,03903961;"SPRF-MG";"DEL01-MG";"UOP03-DEL01-MG"
555353;2023-10-16;"segunda-feira";"14:10:00";"CE";222;59;"SAO GONCALO DO AMARANTE";"Ingestão de álcool e/ou substâncias psicoativas pelo pedestre";"Atropelamento de Pedestre";"Com Vítimas Feridas";"Pleno dia";"Decrescente";"Céu Claro";"Simples";"Reta";"Sim";2;0;1;0;1;0;1;2;-3,67053434;-39,07182499;"SPRF-CE";"DEL01-CE";"UOP03-DEL01-CE"
555357;2023-10-16;"segunda-feira";"12:40:00";"MG";50;46,2;"ARAGUARI";"Ingestão de álcool pelo condutor";"Colisão lateral mesmo sentido";"Sem Vítimas";"Pleno dia";"Decrescente";"Céu Claro";"Dupla";"Aclive;Reta";"Não";2;0;0;0;2;0;0;2;-18,72016606;-48,20216392;"SPRF-MG";"DEL15-MG";"UOP02-DEL15-MG"
555358;2023-10-16;"segunda-feira";"13:40:00";"MG";381;681,8;"PERDOES";"Demais falhas mecânicas ou elétricas";"Tombamento";"Com Vítimas Feridas";"Pleno dia";"Crescente";"Céu Claro";"Dupla";"Reta";"Não";1;0;0;1;0;0;1;1;-21,16168571;-45,12045619;"SPRF-MG";"DEL04-MG";"UOP02-DEL04-MG"
555359;2023-10-16;"segunda-feira";"14:15:00";"ES";101;172;"ARACRUZ";"Ultrapassagem Indevida";"Colisão frontal";"Com Vítimas Fatais";"Pleno dia";"Crescente";"Céu Claro";"Simples";"Reta";"Não";7;1;0;2;4;0;2;3;-19,56471105;-40,17869594;"SPRF-ES";"DEL04-ES";"UOP01-DEL04-ES"
555370;2023-10-16;"segunda-feira";"15:10:00";"BA";101;804,5;"ITAMARAJU";"Velocidade Incompatível";"Tombamento";"Com Vítimas Feridas";"Pleno dia";"Decrescente";"Céu Claro";"Simples";"Declive;Curva";"Não";2;0;0;1;0;12;1;13;-17,16628085;-39,5779873;"SPRF-BA";"DEL09-BA";"UOP02-DEL09-BA"
555372;2023-09-26;"terça-feira";"21:03:00";"GO";40;71,6;"CRISTALINA";"Ausência de reação do condutor";"Colisão traseira";"Com Vítimas Feridas";"Plena Noite";"Crescente";"Céu Claro";"Dupla";"Reta";"Não";19;0;11;3;4;3;14;5;-16,613835;-47,758641;"SPRF-DF";"DEL01-DF";"UOP02-DEL01-DF"
555380;2023-10-16;"segunda-feira";"14:00:00";"CE";222;307,9;"TIANGUA";"Falta de elemento de contenção que evite a saída do leito carroçável";"Tombamento";"Com Vítimas Feridas";"Pleno dia";"Decrescente";"Céu Claro";"Dupla";"Curva";"Sim";2;0;1;0;0;1;1;2;-3,71699311;-40,9914242;"SPRF-CE";"DEL04-CE";"UOP02-DEL04-CE"
555389;2023-10-16;"segunda-feira";"15:00:00";"PR";373;456;"CHOPINZINHO";"Velocidade Incompatível";"Saída de leito carroçável";"Com Vítimas Feridas";"Pleno dia";"Crescente";"Céu Claro";"Simples";"Declive;Curva";"Não";2;0;1;0;0;1;1;2;-25,91125699;-52,38182501;"SPRF-PR";"DEL02-PR";"UOP01-DEL02-PR"
555390;2023-10-16;"segunda-feira";"17:00:00";"MG";381;430;"SABARA";"Reação tardia ou ineficiente do condutor";"Colisão frontal";"Com Vítimas Feridas";"Pleno dia";"Decrescente";"Sol";"Simples";"Reta";"Não";4;0;2;0;1;1;2;4;-19,78496805;-43,72311799;"SPRF-MG";"DEL01-MG";"UOP01-DEL01-MG"
555395;2023-10-16;"segunda-feira";"13:00:00";"RJ";101;265;"RIO BONITO";"Reação tardia ou ineficiente do condutor";"Colisão lateral mesmo sentido";"Com Vítimas Feridas";"Pleno dia";"Crescente";"Céu Claro";"Dupla";"Interseção de Vias";"Sim";4;0;1;0;2;1;1;3;-22,71359987;-42,64391188;"SPRF-RJ";"DEL02-RJ";"UOP03-DEL02-RJ"
555401;2023-10-16;"segunda-feira";"15:50:00";"PR";376;192;"MARIALVA";"Ausência de reação do condutor";"Colisão traseira";"Com Vítimas Fatais";"Pleno dia";"Decrescente";"Céu Claro";"Dupla";"Reta;Declive";"Não";2;1;0;0;1;0;0;2;-23,48645;-51,81946;"SPRF-PR";"DEL09-PR";"UOP01-DEL09-PR"
555404;2023-10-16;"segunda-feira";"16:50:00";"GO";414;426;"ABADIANIA";"Transitar na contramão";"Atropelamento de Animal";"Com Vítimas Feridas";"Pleno dia";"Decrescente";"Céu Claro";"Simples";"Ponte";"Não";3;0;0;1;1;2;1;4;-16,17263485;-48,90044627;"SPRF-GO";"DEL02-GO";"UOP01-DEL02-GO"
555410;2023-10-16;"segunda-feira";"18:40:00";"PB";230;290;"SANTA LUZIA";"Pedestre cruzava a pista fora da faixa";"Atropelamento de Pedestre";"Com Vítimas Feridas";"Plena Noite";"Crescente";"Céu Claro";"Simples";"Reta;Declive";"Sim";3;0;0;1;1;1;1;3;-6,8742;-36,9085;"SPRF-PB";"DEL03-PB";"UOP01-DEL03-PB"
555411;2023-10-16;"segunda-feira";"18:50:00";"SP";381;54;"MAIRIPORA";"Objeto estático sobre o leito carroçável";"Colisão com objeto";"Com Vítimas Feridas";"Plena Noite";"Decrescente";"Nublado";"Dupla";"Curva;Declive";"Não";5;0;1;0;3;1;1;5;-23,2449074;-46,59562343;"SPRF-SP";"DEL03-SP";"UOP01-DEL03-SP"
555413;2023-10-16;"segunda-feira";"17:40:00";"MG";40;509;"RIBEIRAO DAS NEVES";"Pedestre cruzava a pista fora da faixa";"Atropelamento de Pedestre";"Com Vítimas Fatais";"Anoitecer";"Crescente";"Céu Claro";"Dupla";"Reta";"Sim";3;1;0;0;1;1;0;3;-19,76728744;-44,12855905;"SPRF-MG";"DEL01-MG";"UOP02-DEL01-MG"
555414;2023-10-16;"segunda-feira";"18:50:00";"RS";116;403;"CAMAQUA";"Reação tardia ou ineficiente do condutor";"Saída de leito carroçável";"Com Vítimas Feridas";"Plena Noite";"Decrescente";"Nublado";"Dupla";"Reta";"Não";3;0;2;0;0;1;2;2;-30,88592936;-51,83355581;"SPRF-RS";"DEL02-RS";"UOP02-DEL02-RS"
555420;2023-10-16;"segunda-feira";"18:38:00";"PE";101;26,1;"IGARASSU";"Ausência de reação do condutor";"Colisão traseira";"Com Vítimas Feridas";"Plena Noite";"Crescente";"Nublado";"Dupla";"Reta";"Não";3;0;0;1;1;2;1;4;-7,7103308;-34,93043;"SPRF-PE";"DEL01-PE";"UOP02-DEL01-PE"
555423;2023-10-16;"segunda-feira";"18:50:00";"MG";50;172;"UBERABA";"Reação tardia ou ineficiente do condutor";"Colisão com objeto";"Com Vítimas Feridas";"Plena Noite";"Decrescente";"Céu Claro";"Dupla";"Reta";"Não";2;0;0;1;1;0;1;2;-19,75402507;-47,98051917;"SPRF-MG";"DEL13-MG";"UOP01-DEL13-MG"
555428;2023-10-16;"segunda-feira";"18:45:00";"RS";285;202,4;"LAGOA VERMELHA";"Ausência de reação do condutor";"Saída de leito carroçável";"Sem Vítimas";"Plena Noite";"Decrescente";"Chuva";"Simples";"Aclive;Reta";"Não";2;0;0;0;1;1;0;2;-28,211273;-51,546356;"SPRF-RS";"DEL08-RS";"UOP05-DEL08-RS"
555429;2023-10-16;"segunda-feira";"10:42:00";"SC";158;119,3;"CAIBI";"Ultrapassagem Indevida";"Colisão frontal";"Com Vítimas Fatais";"Pleno dia";"Crescente";"Nublado";"Simples";"Reta";"Não";3;1;1;0;0;3;1;5;-26,962647;-53,208492;"SPRF-SC";"DEL07-SC";"UOP02-DEL07-SC"
555438;2023-10-16;"segunda-feira";"18:00:00";"PA";222;202;"BOM JESUS DO TOCANTINS";"Manobra de mudança de faixa";"Tombamento";"Com Vítimas Feridas";"Plena Noite";"Crescente";"Céu Claro";"Simples";"Declive";"Não";2;0;1;0;0;1;1;2;-5,137957;-48,845108;"SPRF-PA";"DEL03-PA";"UOP01-DEL03-PA"
555439;2023-09-23;"sábado";"18:35:00";"PA";163;105;"ALTAMIRA";"Curva acentuada";"Colisão lateral mesmo sentido";"Com Vítimas Feridas";"Anoitecer";"Crescente";"Céu Claro";"Simples";"Declive;Curva";"Não";3;0;0;1;1;4;1;6;-8,72779637;-54,9729681;"SPRF-PA";"DEL05-PA";"UOP02-DEL05-PA"
555443;2023-10-16;"segunda-feira";"17:30:00";"MG";40;145,6;"JOAO PINHEIRO";"Acessar a via sem observar a presença dos outros veículos";"Colisão transversal";"Com Vítimas Feridas";"Pleno dia";"Decrescente";"Céu Claro";"Simples";"Interseção de Vias;Rotatória;Reta";"Não";3;0;0;1;1;1;1;3;-17,75566262;-46,16329585;"SPRF-MG";"DEL14-MG";"UOP02-DEL14-MG"
555444;2023-10-16;"segunda-feira";"21:00:00";"GO";452;65;"MAURILANDIA";"Manobra de mudança de faixa";"Colisão frontal";"Com Vítimas Feridas";"Plena Noite";"Crescente";"Céu Claro";"Simples";"Reta";"Não";4;0;0;1;2;1;1;4;-18,0159994;-50,34680974;"SPRF-GO";"DEL04-GO";"UOP01-DEL04-GO"
555448;2023-10-16;"segunda-feira";"23:40:00";"PE";232;169;"TACAIMBO";"Suicídio (presumido)";"Colisão frontal";"Com Vítimas Fatais";"Plena Noite";"Crescente";"Céu Claro";"Simples";"Reta";"Não";2;1;1;0;0;0;1;2;-8,3399573;-36,334402;"SPRF-PE";"DEL03-PE";"UOP02-DEL03-PE"
555454;2023-10-17;"terça-feira";"02:00:00";"MG";116;813;"ALEM PARAIBA";"Reação tardia ou ineficiente do condutor";"Tombamento";"Com Vítimas Feridas";"Plena Noite";"Decrescente";"Nublado";"Simples";"Aclive;Curva";"Não";2;0;1;0;0;1;1;2;-21,85011521;-42,66565503;"SPRF-MG";"DEL07-MG";"UOP01-DEL07-MG"
555455;2023-10-17;"terça-feira";"02:00:00";"MG";381;908;"CAMBUI";"Ausência de reação do condutor";"Colisão traseira";"Com Vítimas Feridas";"Plena Noite";"Decrescente";"Chuva";"Dupla";"Curva;Declive";"Não";3;0;1;0;1;1;1;2;-22,67794991;-46,09874379;"SPRF-MG";"DEL16-MG";"UOP03-DEL16-MG"
555457;2023-10-17;"terça-feira";"02:17:00";"DF";40;4;"BRASILIA";"Condutor Dormindo";"Colisão traseira";"Com Vítimas Feridas";"Plena Noite";"Crescente";"Céu Claro";"Múltipla";"Reta";"Sim";3;0;1;0;2;0;1;2;-16,0239569;-47,97986627;"SPRF-DF";"DEL01-DF";"UOP01-DEL01-DF"
555459;2023-10-17;"terça-feira";"01:30:00";"RJ";40;91;"PETROPOLIS";"Velocidade Incompatível";"Saída de leito carroçável";"Com Vítimas Feridas";"Plena Noite";"Crescente";"Nevoeiro/Neblina";"Simples";"Curva;Declive";"Não";1;0;0;1;0;0;1;1;-22,54903566;-43,24229724;"SPRF-RJ";"DEL06-RJ";"UOP01-DEL06-RJ"
555460;2023-10-17;"terça-feira";"01:35:00";"MG";153;205,4;"FRUTAL";"Condutor Dormindo";"Saída de leito carroçável";"Com Vítimas Feridas";"Plena Noite";"Crescente";"Céu Claro";"Simples";"Reta";"Não";2;0;0;1;0;1;1;2;-20,03523596;-49,04931524;"SPRF-MG";"DEL13-MG";"UOP02-DEL13-MG"
555464;2023-10-17;"terça-feira";"06:15:00";"BA";116;633;"JAGUAQUARA";"Transitar na contramão";"Colisão frontal";"Com Vítimas Fatais";"Pleno dia";"Decrescente";"Céu Claro";"Simples";"Reta";"Não";7;1;4;0;1;2;4;4;-13,47539479;-40,03995749;"SPRF-BA";"DEL03-BA";"UOP01-DEL03-BA"
555465;2023-10-17;"terça-feira";"05:30:00";"SE";101;113,6;"ITAPORANGA DAJUDA";"Acessar a via sem observar a presença dos outros veículos";"Colisão lateral sentido oposto";"Com Vítimas Feridas";"Pleno dia";"Crescente";"Céu Claro";"Dupla";"Reta";"Não";2;0;0;1;0;1;1;2;-10,991615;-37,295998;"SPRF-SE";"DEL02-SE";"UOP01-DEL02-SE"
555466;2023-10-17;"terça-feira";"05:40:00";"MG";381;675,4;"PERDOES";"Ausência de reação do condutor";"Incêndio";"Sem Vítimas";"Amanhecer";"Decrescente";"Céu Claro";"Dupla";"Reta";"Sim";1;0;0;0;1;0;0;1;-21,11551592;-45,09411331;"SPRF-MG";"DEL04-MG";"UOP02-DEL04-MG"
555467;2023-10-17;"terça-feira";"04:00:00";"RS";470;223;"GARIBALDI";"Transitar na contramão";"Colisão frontal";"Com Vítimas Fatais";"Plena Noite";"Decrescente";"Garoa/Chuvisco";"Simples";"Reta";"Sim";3;1;0;0;1;1;0;3;-29,22273571;-51,51624978;"SPRF-RS";"DEL06-RS";"UOP01-DEL06-RS"
555470;2023-10-17;"terça-feira";"06:30:00";"MG";262;381;"MATEUS LEME";"Velocidade Incompatível";"Saída de leito carroçável";"Com Vítimas Feridas";"Pleno dia";"Crescente";"Sol";"Dupla";"Curva";"Não";2;0;2;0;0;0;2;1;-19,92229778;-44,46651936;"SPRF-MG";"DEL01-MG";"UOP03-DEL01-MG"
555472;2023-10-17;"terça-feira";"06:00:00";"SE";101;196;"CRISTINAPOLIS";"Velocidade Incompatível";"Tombamento";"Sem Vítimas";"Pleno dia";"Decrescente";"Nublado";"Simples";"Curva";"Não";2;0;0;0;1;3;0;4;-11,46225469;-37,74281194;"SPRF-SE";"DEL02-SE";"UOP03-DEL02-SE"