"id";"data_inversa";"dia_semana";"horario";"uf";"br";"km";"municipio";"causa_acidente";"tipo_acidente";"classificacao_acidente";"fase_dia";"sentido_via";"condicao_metereologica";"tipo_pista";"tracado_via";"uso_solo";"pessoas";"mortos";"feridos_leves";"feridos_graves";"ilesos";"ignorados";"feridos";"veiculos";"latitude";"longitude";"regional";"delegacia";"uop"
555734;2023-10-18;"quarta-feira";"14:00:00";"PE";316;60;"TRINDADE";"Ausência de reação do condutor";"Colisão traseira";"Com Vítimas Feridas";"Pleno dia";"Decrescente";"Céu Claro";"Simples";"Reta";"Sim";4;0;1;0;2;3;1;5;-7,77005418;-40,2584535;"SPRF-PE";"DEL05-PE";"UOP02-DEL05-PE"
555735;2023-10-18;"quarta-feira";"12:45:00";"SP";116;464;"PARIQUERA-ACU";"Chuva";"Saída de leito carroçável";"Com Vítimas Feridas";"Pleno dia";"Decrescente";"Chuva";"Dupla";"Reta";"Não";2;0;1;0;0;1;1;2;-24,63517676;-47,90877722;"SPRF-SP";"DEL05-SP";"UOP01-DEL05-SP"
555740;2023-10-14;"sábado";"17:40:00";"PR";163;77,8;"PLANALTO";"Acessar a via sem observar a presença dos outros veículos";"Saída de leito carroçável";"Com Vítimas Feridas";"Pleno dia";"Crescente";"Céu Claro";"Simples";"Curva";"Não";2;0;1;0;0;2;1;3;-25,779344;-53,79078701;"SPRF-PR";"DEL02-PR";"UOP02-DEL02-PR"
555745;2023-10-18;"quarta-feira";"15:00:00";"SP";116;144,6;"SAO JOSE DOS CAMPOS";"Manobra de mudança de faixa";"Colisão lateral mesmo sentido";"Com Vítimas Feridas";"Pleno dia";"Crescente";"Nublado";"Dupla";"Reta";"Sim";2;0;1;0;1;0;1;2;-23,1869844;-45,8548078;"SPRF-SP";"DEL02-SP";"UOP01-DEL02-SP"
555750;2023-10-18;"quarta-feira";"15:10:00";"MG";40;603,8;"CONGONHAS";"Retorno proibido";"Colisão transversal";"Com Vítimas Fatais";"Pleno dia";"Crescente";"Céu Claro";"Simples";"Declive";"Não";3;1;0;0;1;1;0;3;-20,44326;-43,83981;"SPRF-MG";"DEL05-MG";"UOP02-DEL05-MG"
555752;2023-10-18;"quarta-feira";"16:30:00";"RJ";116;229;"PIRAI";"Ausência de reação do condutor";"Tombamento";"Com Vítimas Feridas";"Pleno dia";"Decrescente";"Nublado";"Simples";"Curva";"Não";2;0;1;0;0;1;1;2;-22,67033307;-43,8381958;"SPRF-RJ";"DEL07-RJ";"UOP01-DEL07-RJ"
555756;2023-10-18;"quarta-feira";"16:30:00";"PR";376;617;"SAO JOSE DOS PINHAIS";"Avarias e/ou desgaste excessivo no pneu";"Engavetamento";"Com Vítimas Feridas";"Pleno dia";"Crescente";"Garoa/Chuvisco";"Dupla";"Reta;Declive";"Sim";6;0;1;1;3;1;2;6;-25,58426494;-49,17618795;"SPRF-PR";"DEL01-PR";"UOP04-DEL01-PR"
555766;2023-10-18;"quarta-feira";"16:20:00";"MS";163;55;"ELDORADO";"Reação tardia ou ineficiente do condutor";"Tombamento";"Sem Vítimas";"Pleno dia";"Decrescente";"Nublado";"Simples";"Reta";"Não";1;0;0;0;1;0;0;1;-23,66167206;-54,25911291;"SPRF-MS";"DEL09-MS";"UOP02-DEL09-MS"
555768;2023-10-18;"quarta-feira";"18:00:00";"PE";101;45;"IGARASSU";"Pedestre andava na pista";"Atropelamento de Pedestre";"Com Vítimas Feridas";"Plena Noite";"Crescente";"Céu Claro";"Dupla";"Reta";"Sim";3;0;0;1;1;1;1;3;-7,86521297;-34,90715176;"SPRF-PE";"DEL01-PE";"UOP02-DEL01-PE"
555771;2023-10-18;"quarta-feira";"17:00:00";"BA";101;386;"IBIRAPITANGA";"Velocidade Incompatível";"Saída de leito carroçável";"Com Vítimas Feridas";"Anoitecer";"Decrescente";"Céu Claro";"Simples";"Curva";"Não";2;0;1;0;0;2;1;3;-14,03134687;-39,42203522;"SPRF-BA";"DEL05-BA";"UOP03-DEL05-BA"
555772;2023-10-18;"quarta-feira";"17:40:00";"PR";369;195;"ARAPONGAS";"Manobra de mudança de faixa";"Colisão traseira";"Com Vítimas Feridas";"Pleno dia";"Decrescente";"Céu Claro";"Dupla";"Reta";"Não";5;0;1;0;4;0;1;2;-23,4957;-51,4232;"SPRF-PR";"DEL07-PR";"UOP03-DEL07-PR"
555775;2023-10-18;"quarta-feira";"18:10:00";"MG";116;580,8;"MANHUACU";"Pedestre cruzava a pista fora da faixa";"Atropelamento de Pedestre";"Com Vítimas Feridas";"Plena Noite";"Crescente";"Nublado";"Simples";"Reta";"Não";4;0;1;0;2;1;1;4;-20,18726337;-42,18489254;"SPRF-MG";"DEL06-MG";"UOP03-DEL06-MG"
555779;2023-10-18;"quarta-feira";"16:20:00";"MG";153;190;"FRUTAL";"Problema com o freio";"Colisão lateral sentido oposto";"Com Vítimas Feridas";"Pleno dia";"Crescente";"Céu Claro";"Simples";"Curva;Declive";"Não";11;0;1;3;4;8;4;13;-19,885311;-48,975151;"SPRF-MG";"DEL13-MG";"UOP02-DEL13-MG"
555780;2023-10-18;"quarta-feira";"10:00:00";"MG";356;268,3;"MURIAE";"Acesso irregular";"Colisão lateral mesmo sentido";"Com Vítimas Feridas";"Pleno dia";"Decrescente";"Céu Claro";"Simples";"Reta";"Sim";2;0;1;0;1;0;1;2;-21,12690881;-42,34244401;"SPRF-MG";"DEL07-MG";"UOP02-DEL07-MG"
555789;2023-10-18;"quarta-feira";"17:40:00";"SC";280;5,2;"SAO FRANCISCO DO SUL";"Condutor deixou de manter distância do veículo da frente";"Colisão com objeto";"Com Vítimas Feridas";"Plena Noite";"Crescente";"Nublado";"Simples";"Rotatória";"Sim";4;0;1;1;1;1;2;3;-26,2579643;-48,62334251;"SPRF-SC";"DEL03-SC";"UOP03-DEL03-SC"
555790;2023-10-18;"quarta-feira";"19:34:00";"PR";376;134;"NOVA ESPERANCA";"Reação tardia ou ineficiente do condutor";"Colisão frontal";"Com Vítimas Feridas";"Plena Noite";"Crescente";"Céu Claro";"Múltipla";"Reta";"Não";3;0;1;0;1;2;1;4;-23,19499451;-52,20268041;"SPRF-PR";"DEL09-PR";"UOP02-DEL09-PR"
555792;2023-10-18;"quarta-feira";"20:30:00";"PR";476;169;"CONTENDA";"Ausência de reação do condutor";"Tombamento";"Com Vítimas Feridas";"Plena Noite";"Crescente";"Nublado";"Simples";"Reta";"Não";2;0;1;0;0;1;1;2;-25,666254;-49,495918;"SPRF-PR";"DEL01-PR";"UOP06-DEL01-PR"
555793;2023-10-18;"quarta-feira";"20:20:00";"RS";386;295,7;"POUSO NOVO";"Velocidade Incompatível";"Colisão lateral mesmo sentido";"Com Vítimas Feridas";"Plena Noite";"Decrescente";"Nublado";"Simples";"Curva";"Não";3;0;1;0;1;3;1;5;-29,13776825;-52,23981857;"SPRF-RS";"DEL04-RS";"UOP01-DEL04-RS"
555794;2023-10-18;"quarta-feira";"16:30:00";"MA";10;98;"PRESIDENTE MEDICI";"Curva acentuada";"Saída de leito carroçável";"Sem Vítimas";"Anoitecer";"Crescente";"Céu Claro";"Simples";"Curva;Declive";"Não";2;0;0;0;1;1;0;2;-2,39999602;-45,81523127;"SPRF-MA";"DEL04-MA";"UOP02-DEL04-MA"
555797;2023-10-18;"quarta-feira";"19:30:00";"SC";282;245,7;"SAO JOSE DO CERRITO";"Reação tardia ou ineficiente do condutor";"Colisão frontal";"Com Vítimas Feridas";"Plena Noite";"Crescente";"Chuva";"Simples";"Curva;Declive";"Não";5;0;2;0;3;0;2;2;-27,72805817;-50,52251816;"SPRF-SC";"DEL05-SC";"UOP02-DEL05-SC"
555798;2023-10-18;"quarta-feira";"22:25:00";"MG";381;607,7;"OLIVEIRA";"Ausência de reação do condutor";"Colisão com objeto";"Com Vítimas Feridas";"Plena Noite";"Crescente";"Ignorado";"Dupla";"Reta";"Não";2;0;1;0;0;1;1;2;-20,6851019;-44,73967015;"SPRF-MG";"DEL04-MG";"UOP01-DEL04-MG"
555801;2023-10-18;"quarta-feira";"22:30:00";"RS";470;224,3;"GARIBALDI";"Ausência de reação do condutor";"Saída de leito carroçável";"Sem Vítimas";"Plena Noite";"Decrescente";"Nublado";"Simples";"Curva;Declive";"Sim";1;0;0;0;1;0;0;1;-29,23429873;-51,51605129;"SPRF-RS";"DEL06-RS";"UOP01-DEL06-RS"
555802;2023-10-18;"quarta-feira";"22:20:00";"SP";116;445;"REGISTRO";"Manobra de mudança de faixa";"Tombamento";"Com Vítimas Feridas";"Plena Noite";"Decrescente";"Céu Claro";"Dupla";"Reta";"Sim";3;0;1;0;1;1;1;3;-24,49790715;-47,84208686;"SPRF-SP";"DEL05-SP";"UOP01-DEL05-SP"
555811;2023-10-18;"quarta-feira";"17:40:00";"MT";163;995;"TERRA NOVA DO NORTE";"Acessar a via sem observar a presença dos outros veículos";"Colisão lateral mesmo sentido";"Com Vítimas Feridas";"Anoitecer";"Crescente";"Céu Claro";"Simples";"Reta;Declive";"Sim";5;0;1;0;3;7;1;11;-10,65228007;-55,13016961;"SPRF-MT";"DEL06-MT";"UOP03-DEL06-MT"
555814;2023-10-19;"quinta-feira";"00:40:00";"MT";364;349;"SANTO ANTONIO DO LEVERGER";"Reação tardia ou ineficiente do condutor";"Saída de leito carroçável";"Com Vítimas Fatais";"Plena Noite";"Crescente";"Céu Claro";"Dupla";"Curva;Declive";"Não";2;1;0;0;0;1;0;2;-15,80502622;-55,5546431;"SPRF-MT";"DEL05-MT";"UOP02-DEL05-MT"
555817;2023-10-19;"quinta-feira";"03:45:00";"PR";277;2;"PARANAGUA";"Reação tardia ou ineficiente do condutor";"Tombamento";"Com Vítimas Feridas";"Plena Noite";"Crescente";"Nublado";"Dupla";"Reta";"Não";2;0;1;0;0;1;1;2;-25,568198;-48,615292;"SPRF-PR";"DEL01-PR";"UOP05-DEL01-PR"
555818;2023-10-19;"quinta-feira";"04:30:00";"SP";116;436;"REGISTRO";"Chuva";"Tombamento";"Com Vítimas Feridas";"Plena Noite";"Decrescente";"Chuva";"Dupla";"Reta";"Não";2;0;2;0;0;0;2;1;-24,43589911;-47,7922419;"SPRF-SP";"DEL05-SP";"UOP01-DEL05-SP"
555822;2023-10-19;"quinta-feira";"05:03:00";"BA";101;371,7;"GANDU";"Velocidade Incompatível";"Saída de leito carroçável";"Com Vítimas Feridas";"Amanhecer";"Decrescente";"Céu Claro";"Simples";"Curva";"Não";2;0;0;1;0;1;1;2;-13,75128653;-39,48440409;"SPRF-BA";"DEL05-BA";"UOP03-DEL05-BA"
555827;2023-10-19;"quinta-feira";"05:40:00";"BA";101;703,4;"EUNAPOLIS";"Transitar no Acostamento";"Colisão traseira";"Com Vítimas Feridas";"Amanhecer";"Crescente";"Sol";"Simples";"Curva;Aclive";"Não";3;0;1;1;1;0;2;2;-16,268253;-39,582491;"SPRF-BA";"DEL09-BA";"UOP01-DEL09-BA"
555831;2023-10-19;"quinta-feira";"05:20:00";"SP";116;310;"SAO LOURENCO DA SERRA";"Ausência de reação do condutor";"Colisão traseira";"Com Vítimas Feridas";"Pleno dia";"Decrescente";"Garoa/Chuvisco";"Dupla";"Reta";"Não";3;0;0;1;1;2;1;4;-23,8717102;-46,96137189;"SPRF-SP";"DEL04-SP";"UOP01-DEL04-SP"
555833;2023-10-19;"quinta-feira";"06:14:00";"GO";20;215;"POSSE";"Ultrapassagem Indevida";"Colisão lateral mesmo sentido";"Com Vítimas Feridas";"Pleno dia";"Crescente";"Céu Claro";"Simples";"Reta;Declive";"Não";3;0;1;0;1;1;1;3;-14,237023;-46,350555;"SPRF-DF";"DEL02-DF";"UOP03-DEL02-DF"
555836;2023-10-18;"quarta-feira";"16:50:00";"RO";319;10;"PORTO VELHO";"Demais falhas mecânicas ou elétricas";"Incêndio";"Sem Vítimas";"Pleno dia";"Crescente";"Céu Claro";"Simples";"Reta";"Não";2;0;0;0;1;2;0;3;-8,766685;-63,884052;"SPRF-RO";"DEL01-RO";"UOP01-DEL01-RO"
555839;2023-10-19;"quinta-feira";"07:15:00";"ES";259;22,5;"COLATINA";"Velocidade Incompatível";"Colisão frontal";"Com Vítimas Fatais";"Pleno dia";"Crescente";"Céu Claro";"Dupla";"Curva";"Não";3;1;1;1;0;0;2;2;-19,63675605;-40,46343891;"SPRF-ES";"DEL02-ES";"UOP01-DEL02-ES"
555841;2023-10-19;"quinta-feira";"08:00:00";"SP";116;222,1;"GUARULHOS";"Reação tardia ou ineficiente do condutor";"Colisão traseira";"Sem Vítimas";"Pleno dia";"Decrescente";"Céu Claro";"Múltipla";"Reta";"Sim";4;0;0;0;4;0;0;4;-23,47093408;-46,51631097;"SPRF-SP";"DEL01-SP";"UOP01-DEL01-SP"
555842;2023-07-31;"segunda-feira";"11:30:00";"PA";158;870;"SANTANA DO ARAGUAIA";"Manobra de mudança de faixa";"Colisão lateral sentido oposto";"Com Vítimas Feridas";"Pleno dia";"Decrescente";"Céu Claro";"Simples";"Curva";"Não";3;0;1;0;0;5;1;6;-9,65631996;-50,88414503;"SPRF-PA";"DEL03-PA";"UOP01-DEL03-PA"
555843;2023-10-19;"quinta-feira";"08:00:00";"RS";116;253,9;"SAPUCAIA DO SUL";"Ausência de reação do condutor";"Colisão lateral mesmo sentido";"Com Vítimas Feridas";"Pleno dia";"Decrescente";"Céu Claro";"Dupla";"Reta";"Sim";3;0;1;1;1;0;2;2;-29,81784209;-51,16996166;"SPRF-RS";"DEL01-RS";"UOP02-DEL01-RS"
555846;2023-10-18;"quarta-feira";"18:00:00";"RJ";116;232;"PIRAI";"Condutor deixou de manter distância do veículo da frente";"Colisão traseira";"Com Vítimas Feridas";"Plena Noite";"Decrescente";"Chuva";"Simples";"Reta";"Não";5;0;1;0;3;1;1;5;-22,65604007;-43,83713888;"SPRF-RJ";"DEL07-RJ";"UOP01-DEL07-RJ"
555848;2023-10-19;"quinta-feira";"04:50:00";"AL";101;34,5;"JOAQUIM GOMES";"Condutor deixou de manter distância do veículo da frente";"Colisão traseira";"Com Vítimas Feridas";"Amanhecer";"Crescente";"Céu Claro";"Dupla";"Reta";"Não";3;0;0;1;1;1;1;3;-9,11439602;-35,76425074;"SPRF-AL";"DEL01-AL";"UOP02-DEL01-AL"
555851;2023-09-21;"quinta-feira";"08:30:00";"SC";282;533;"XAXIM";"Transitar na contramão";"Colisão frontal";"Com Vítimas Feridas";"Pleno dia";"Decrescente";"Céu Claro";"Simples";"Curva;Declive";"Não";3;0;0;1;1;1;1;3;-26,995323;-52,625305;"SPRF-SC";"DEL07-SC";"UOP01-DEL07-SC"
555853;2023-10-19;"quinta-feira";"08:00:00";"PR";376;490;"PONTA GROSSA";"Reação tardia ou ineficiente do condutor";"Colisão com objeto";"Sem Vítimas";"Pleno dia";"Decrescente";"Garoa/Chuvisco";"Dupla";"Curva;Aclive";"Não";1;0;0;0;1;0;0;1;-25,14692309;-50,15072006;"SPRF-PR";"DEL03-PR";"UOP04-DEL03-PR"
555854;2023-10-19;"quinta-feira";"08:50:00";"MG";50;203;"DELTA";"Ausência de reação do condutor";"Saída de leito carroçável";"Com Vítimas Feridas";"Pleno dia";"Decrescente";"Céu Claro";"Dupla";"Reta;Aclive";"Não";2;0;1;0;0;1;1;2;-19,92627147;-47,82191068;"SPRF-MG";"DEL13-MG";"UOP01-DEL13-MG"
555862;2023-10-19;"quinta-feira";"09:05:00";"SC";282;40;"AGUAS MORNAS";"Mal súbito do condutor";"Saída de leito carroçável";"Com Vítimas Feridas";"Pleno dia";"Decrescente";"Nublado";"Simples";"Curva";"Sim";2;0;1;0;1;0;1;2;-27,716148;-48,869583;"SPRF-SC";"DEL01-SC";"UOP03-DEL01-SC"
555866;2023-10-19;"quinta-feira";"07:25:00";"PR";476;314,5;"SAO MATEUS DO SUL";"Ausência de reação do condutor";"Saída de leito carroçável";"Com Vítimas Feridas";"Pleno dia";"Crescente";"Chuva";"Simples";"Curva";"Não";2;0;0;1;0;1;1;2;-26,03479289;-50,69279015;"SPRF-PR";"DEL02-PR";"UOP03-DEL02-PR"
555876;2023-10-19;"quinta-feira";"09:30:00";"PR";277;408,8;"CANDOI";"Transitar na contramão";"Colisão frontal";"Com Vítimas Feridas";"Pleno dia";"Crescente";"Chuva";"Simples";"Declive;Curva";"Não";3;0;0;1;1;1;1;3;-25,43738344;-51,990051;"SPRF-PR";"DEL04-PR";"UOP02-DEL04-PR"
555881;2023-10-19;"quinta-feira";"11:00:00";"TO";153;205;"NOVA OLINDA";"Ausência de reação do condutor";"Saída de leito carroçável";"Com Vítimas Feridas";"Pleno dia";"Decrescente";"Sol";"Simples";"Reta";"Não";2;0;1;0;0;2;1;3;-7,69205412;-48,43389165;"SPRF-TO";"DEL02-TO";"UOP01-DEL02-TO"
555883;2023-10-19;"quinta-feira";"10:20:00";"BA";116;648;"JAGUAQUARA";"Condutor deixou de manter distância do veículo da frente";"Colisão traseira";"Com Vítimas Fatais";"Pleno dia";"Crescente";"Céu Claro";"Simples";"Reta";"Não";9;2;1;3;2;2;4;6;-13,59465798;-40,08477213;"SPRF-BA";"DEL03-BA";"UOP01-DEL03-BA"
555885;2023-10-04;"quarta-feira";"08:45:00";"RJ";116;146;"DUQUE DE CAXIAS";"Ausência de reação do condutor";"Engavetamento";"Com Vítimas Feridas";"Pleno dia";"Crescente";"Céu Claro";"Múltipla";"Reta";"Sim";10;0;5;0;4;2;5;7;-22,66687859;-43,26368215;"SPRF-RJ";"DEL01-RJ";"UOP01-DEL01-RJ"
555886;2023-10-19;"quinta-feira";"11:40:00";"SC";280;127;"RIO NEGRINHO";"Acessar a via sem observar a presença dos outros veículos";"Colisão traseira";"Com Vítimas Feridas";"Pleno dia";"Decrescente";"Nublado";"Simples";"Reta;Interseção de Vias";"Sim";4;0;1;0;2;1;1;3;-26,23943953;-49,50420708;"SPRF-SC";"DEL06-SC";"UOP03-DEL06-SC"
555889;2023-10-19;"quinta-feira";"12:45:00";"PR";376;213,8;"JANDAIA DO SUL";"Acumulo de água sobre o pavimento";"Saída de leito carroçável";"Com Vítimas Feridas";"Pleno dia";"Decrescente";"Chuva";"Dupla";"Curva";"Não";2;0;0;2;0;0;2;1;-23,5808343;-51,65143895;"SPRF-PR";"DEL09-PR";"UOP01-DEL09-PR"
555891;2023-08-24;"quinta-feira";"20:52:00";"MA";10;161,2;"IMPERATRIZ";"Animais na Pista";"Atropelamento de Animal";"Com Vítimas Feridas";"Plena Noite";"Decrescente";"Céu Claro";"Simples";"Reta";"Não";4;0;1;0;2;3;1;5;-5,450113;-47,472548;"SPRF-MA";"DEL04-MA";"UOP02-DEL04-MA"
555893;2023-10-18;"quarta-feira";"23:30:00";"AC";364;422;"FEIJO";"Estacionar ou parar em local proibido";"Colisão traseira";"Com Vítimas Feridas";"Plena Noite";"Crescente";"Ignorado";"Simples";"Reta";"Não";3;0;1;0;1;2;1;4;-8,56383617;-69,89771405;"SPRF-AC";"DEL01-AC";"UOP01-DEL01-AC"
555894;2023-10-16;"segunda-feira";"00:10:00";"PR";376;475;"PONTA GROSSA";"Entrada inopinada do pedestre";"Atropelamento de Pedestre";"Com Vítimas Feridas";"Plena Noite";"Decrescente";"Nublado";"Dupla";"Reta;Declive";"Não";2;0;1;0;0;1;1;2;-25,05467785;-50,22938892;"SPRF-PR";"DEL03-PR";"UOP01-DEL03-PR"
555895;2023-10-19;"quinta-feira";"11:26:00";"MT";70;499,9;"CUIABA";"Reação tardia ou ineficiente do condutor";"Colisão transversal";"Com Vítimas Feridas";"Pleno dia";"Crescente";"Sol";"Simples";"Reta";"Não";3;0;1;0;1;3;1;5;-15,68569395;-55,91512398;"SPRF-MT";"DEL01-MT";"UOP02-DEL01-MT"
555896;2023-10-19;"quinta-feira";"12:50:00";"SP";381;58;"MAIRIPORA";"Reação tardia ou ineficiente do condutor";"Colisão traseira";"Com Vítimas Feridas";"Pleno dia";"Crescente";"Nublado";"Dupla";"Reta;Aclive";"Não";3;0;1;0;2;0;1;2;-23,27438497;-46,58530615;"SPRF-SP";"DEL03-SP";"UOP01-DEL03-SP"
555900;2023-10-17;"terça-feira";"22:45:00";"PA";316;27;"BENEVIDES";"Reação tardia ou ineficiente do condutor";"Colisão com objeto";"Com Vítimas Feridas";"Plena Noite";"Decrescente";"Garoa/Chuvisco";"Dupla";"Reta";"Não";2;0;0;1;0;1;1;2;-1,31824794;-48,22663008;"SPRF-PA";"DEL01-PA";"UOP01-DEL01-PA"
555901;2023-10-19;"quinta-feira";"13:50:00";"RS";290;8;"OSORIO";"Demais falhas mecânicas ou elétricas";"Incêndio";"Sem Vítimas";"Pleno dia";"Crescente";"Nublado";"Múltipla";"Reta";"Não";3;0;0;0;2;1;0;2;-29,89323;-50,353348;"SPRF-RS";"DEL03-RS";"UOP01-DEL03-RS"
555903;2023-10-19;"quinta-feira";"14:10:00";"SE";101;188,6;"CRISTINAPOLIS";"Desvio temporário";"Colisão lateral sentido oposto";"Com Vítimas Feridas";"Pleno dia";"Crescente";"Céu Claro";"Simples";"Curva";"Não";4;0;2;0;1;1;2;4;-11,41408;-37,700524;"SPRF-SE";"DEL02-SE";"UOP03-DEL02-SE"
555904;2023-10-19;"quinta-feira";"14:00:00";"PE";101;46;"IGARASSU";"Reação tardia ou ineficiente do condutor";"Colisão lateral mesmo sentido";"Com Vítimas Feridas";"Pleno dia";"Decrescente";"Céu Claro";"Dupla";"Reta";"Sim";4;0;1;0;2;1;1;3;-7,87406004;-34,90588126;"SPRF-PE";"DEL01-PE";"UOP02-DEL01-PE"
555905;2023-10-19;"quinta-feira";"13:30:00";"SP";116;362;"MIRACATU";"Demais falhas mecânicas ou elétricas";"Tombamento";"Com Vítimas Feridas";"Pleno dia";"Crescente";"Céu Claro";"Dupla";"Curva";"Não";2;0;1;0;0;1;1;2;-24,1220177;-47,27047772;"SPRF-SP";"DEL04-SP";"UOP03-DEL04-SP"
555907;2023-10-19;"quinta-feira";"13:20:00";"MG";381;664,5;"PERDOES";"Reação tardia ou ineficiente do condutor";"Colisão traseira";"Sem Vítimas";"Pleno dia";"Decrescente";"Sol";"Dupla";"Reta;Aclive";"Não";3;0;0;0;2;1;0;3;-21,05337253;-45,02126711;"SPRF-MG";"DEL04-MG";"UOP02-DEL04-MG"
555912;2023-10-19;"quinta-feira";"12:20:00";"RS";392;35,1;"RIO GRANDE";"Condutor Dormindo";"Saída de leito carroçável";"Com Vítimas Feridas";"Pleno dia";"Decrescente";"Céu Claro";"Dupla";"Reta";"Não";2;0;1;0;0;2;1;3;-32,00664701;-52,28813637;"SPRF-RS";"DEL07-RS";"UOP02-DEL07-RS"
555913;2023-10-19;"quinta-feira";"13:00:00";"BA";116;420;"FEIRA DE SANTANA";"Suicídio (presumido)";"Eventos atípicos";"Com Vítimas Feridas";"Pleno dia";"Decrescente";"Céu Claro";"Dupla";"Reta";"Sim";3;0;0;1;1;1;1;2;-12,20321398;-38,96555531;"SPRF-BA";"DEL02-BA";"UOP01-DEL02-BA"
555918;2023-10-03;"terça-feira";"13:20:00";"RN";101;147;"GOIANINHA";"Reação tardia ou ineficiente do condutor";"Tombamento";"Com Vítimas Feridas";"Pleno dia";"Decrescente";"Céu Claro";"Dupla";"Curva";"Sim";2;0;0;1;0;1;1;2;-6,27145987;-35,20823975;"SPRF-RN";"DEL01-RN";"UOP01-DEL01-RN"
555920;2023-01-12;"quinta-feira";"05:40:00";"PR";277;363;"GUARAPUAVA";"Transitar na contramão";"Colisão lateral sentido oposto";"Com Vítimas Feridas";"Amanhecer";"Crescente";"Céu Claro";"Simples";"Reta;Aclive";"Não";8;0;2;3;2;4;5;7;-25,41399419;-51,67554517;"SPRF-PR";"DEL08-PR";"UOP01-DEL08-PR"
555926;2023-10-19;"quinta-feira";"11:50:00";"RJ";393;118;"SAPUCAIA";"Condutor deixou de manter distância do veículo da frente";"Engavetamento";"Com Vítimas Feridas";"Pleno dia";"Decrescente";"Céu Claro";"Simples";"Reta;Aclive";"Não";4;0;0;1;3;0;1;3;-21,92249424;-42,77035897;"SPRF-RJ";"DEL05-RJ";"UOP01-DEL05-RJ"
555927;2023-10-19;"quinta-feira";"04:00:00";"PR";153;237;"TIBAGI";"Estacionar ou parar em local proibido";"Saída de leito carroçável";"Sem Vítimas";"Plena Noite";"Decrescente";"Céu Claro";"Simples";"Reta";"Não";1;0;0;0;0;1;0;1;-24,769781;-50,466969;"SPRF-PR";"DEL03-PR";"UOP02-DEL03-PR"
555928;2023-10-19;"quinta-feira";"16:15:00";"SP";116;224;"GUARULHOS";"Trafegar com motocicleta (ou similar) entre as faixas";"Colisão lateral mesmo sentido";"Com Vítimas Feridas";"Pleno dia";"Decrescente";"Céu Claro";"Múltipla";"Reta";"Sim";5;0;1;1;2;1;2;4;-23,48613748;-46,54114814;"SPRF-SP";"DEL01-SP";"UOP01-DEL01-SP"
555930;2023-10-19;"quinta-feira";"15:00:00";"MT";163;834;"SINOP";"Ingestão de álcool pelo condutor";"Tombamento";"Com Vítimas Feridas";"Pleno dia";"Crescente";"Céu Claro";"Simples";"Reta";"Sim";3;0;1;1;0;2;2;3;-11,995863;-55,51709;"SPRF-MT";"DEL06-MT";"UOP02-DEL06-MT"
555933;2023-09-01;"sexta-feira";"13:14:00";"MG";116;524,5;"CARATINGA";"Acessar a via sem observar a presença dos outros veículos";"Colisão frontal";"Com Vítimas Feridas";"Pleno dia";"Crescente";"Céu Claro";"Simples";"Curva";"Sim";2;0;0;1;1;0;1;2;-19,76027352;-42,13398823;"SPRF-MG";"DEL06-MG";"UOP02-DEL06-MG"
555936;2023-10-19;"quinta-feira";"16:10:00";"PE";232;140,4;"SAO CAITANO";"Manobra de mudança de faixa";"Colisão traseira";"Com Vítimas Feridas";"Pleno dia";"Crescente";"Céu Claro";"Dupla";"Reta";"Não";3;0;2;0;1;0;2;2;-8,32046632;-36,07694496;"SPRF-PE";"DEL03-PE";"UOP02-DEL03-PE"
555941;2023-10-19;"quinta-feira";"16:00:00";"MG";50;194;"DELTA";"Sistema de drenagem ineficiente";"Saída de leito carroçável";"Sem Vítimas";"Pleno dia";"Crescente";"Chuva";"Dupla";"Reta;Declive";"Não";4;0;0;0;3;1;0;4;-19,887439;-47,848374;"SPRF-MG";"DEL13-MG";"UOP01-DEL13-MG"
555945;2023-10-19;"quinta-feira";"16:30:00";"PE";116;26,4;"SALGUEIRO";"Acessar a via sem observar a presença dos outros veículos";"Colisão traseira";"Sem Vítimas";"Pleno dia";"Decrescente";"Céu Claro";"Simples";"Reta";"Sim";3;0;0;0;2;1;0;3;-8,069921;-39,13364;"SPRF-PE";"DEL05-PE";"UOP01-DEL05-PE"
555950;2023-10-19;"quinta-feira";"18:10:00";"PR";277;534;"IBEMA";"Reação tardia ou ineficiente do condutor";"Colisão lateral mesmo sentido";"Com Vítimas Feridas";"Pleno dia";"Decrescente";"Nublado";"Simples";"Curva";"Não";5;0;2;0;2;1;2;3;-25,10265774;-52,986814;"SPRF-PR";"DEL04-PR";"UOP04-DEL04-PR"
555951;2023-10-19;"quinta-feira";"18:00:00";"PR";116;115;"CURITIBA";"Reação tardia ou ineficiente do condutor";"Colisão lateral mesmo sentido";"Com Vítimas Feridas";"Plena Noite";"Decrescente";"Nublado";"Dupla";"Reta";"Sim";5;0;2;0;2;1;2;4;-25,54642967;-49,30359364;"SPRF-PR";"DEL01-PR";"UOP07-DEL01-PR"
555953;2023-10-19;"quinta-feira";"15:10:00";"MT";174;562;"COMODORO";"Curva acentuada";"Tombamento";"Com Vítimas Feridas";"Pleno dia";"Crescente";"Céu Claro";"Simples";"Curva";"Não";4;0;1;1;1;2;2;3;-13,05270801;-59,90158206;"SPRF-MT";"DEL04-MT";"UOP02-DEL04-MT"
555955;2023-10-19;"quinta-feira";"16:00:00";"MA";10;285,2;"IMPERATRIZ";"Reação tardia ou ineficiente do condutor";"Colisão traseira";"Com Vítimas Feridas";"Pleno dia";"Decrescente";"Sol";"Simples";"Reta";"Não";5;0;1;0;3;1;1;5;-5,24207;-47,509281;"SPRF-MA";"DEL04-MA";"UOP01-DEL04-MA"