"id";"data_inversa";"dia_semana";"horario";"uf";"br";"km";"municipio";"causa_acidente";"tipo_acidente";"classificacao_acidente";"fase_dia";"sentido_via";"condicao_metereologica";"tipo_pista";"tracado_via";"uso_solo";"pessoas";"mortos";"feridos_leves";"feridos_graves";"ilesos";"ignorados";"feridos";"veiculos";"latitude";"longitude";"regional";"delegacia";"uop"
555965;2023-10-19;"quinta-feira";"19:30:00";"RS";392;5,7;"RIO GRANDE";"Conversão proibida";"Colisão transversal";"Com Vítimas Feridas";"Plena Noite";"Crescente";"Céu Claro";"Simples";"Reta";"Sim";4;0;1;0;2;1;1;3;-32,07687877;-52,10166627;"SPRF-RS";"DEL07-RS";"UOP02-DEL07-RS"
555966;2023-10-11;"quarta-feira";"15:30:00";"PR";376;182;"MARINGA";"Entrada inopinada do pedestre";"Atropelamento de Pedestre";"Com Vítimas Feridas";"Pleno dia";"Crescente";"Céu Claro";"Dupla";"Curva";"Sim";3;0;0;1;1;1;1;3;-23,4324;-51,88718;"SPRF-PR";"DEL09-PR";"UOP01-DEL09-PR"
555968;2023-10-19;"quinta-feira";"20:00:00";"MG";116;530;"CARATINGA";"Ausência de reação do condutor";"Colisão traseira";"Com Vítimas Feridas";"Plena Noite";"Crescente";"Céu Claro";"Simples";"Reta";"Não";3;0;2;0;1;0;2;2;-19,81067298;-42,13539446;"SPRF-MG";"DEL06-MG";"UOP02-DEL06-MG"
555971;2023-10-19;"quinta-feira";"19:40:00";"MG";116;706,1;"MURIAE";"Falta de acostamento";"Colisão traseira";"Com Vítimas Feridas";"Plena Noite";"Crescente";"Nublado";"Simples";"Reta;Aclive";"Não";2;0;1;0;1;0;1;2;-21,15155562;-42,38248587;"SPRF-MG";"DEL07-MG";"UOP02-DEL07-MG"
555972;2023-10-19;"quinta-feira";"15:50:00";"MG";262;593;"CAMPOS ALTOS";"Pista Escorregadia";"Saída de leito carroçável";"Com Vítimas Feridas";"Pleno dia";"Decrescente";"Garoa/Chuvisco";"Simples";"Declive";"Não";1;0;1;0;0;0;1;1;-19,666414;-46,16032;"SPRF-MG";"DEL08-MG";"UOP02-DEL08-MG"
555975;2023-10-19;"quinta-feira";"20:00:00";"ES";101;277;"SERRA";"Reação tardia ou ineficiente do condutor";"Colisão com objeto";"Sem Vítimas";"Plena Noite";"Crescente";"Céu Claro";"Múltipla";"Reta;Ponte";"Não";3;0;0;0;1;2;0;3;-20,21307738;-40,32125972;"SPRF-ES";"DEL02-ES";"UOP01-DEL02-ES"
555990;2023-10-19;"quinta-feira";"22:00:00";"ES";101;266,6;"SERRA";"Demais falhas mecânicas ou elétricas";"Incêndio";"Sem Vítimas";"Plena Noite";"Decrescente";"Céu Claro";"Dupla";"Reta";"Sim";2;0;0;0;1;1;0;2;-20,190199;-40,26828891;"SPRF-ES";"DEL02-ES";"UOP01-DEL02-ES"
555995;2023-10-19;"quinta-feira";"20:50:00";"BA";30;271,5;"CAETITE";"Velocidade Incompatível";"Tombamento";"Com Vítimas Feridas";"Plena Noite";"Crescente";"Céu Claro";"Simples";"Curva";"Não";2;0;1;0;0;1;1;2;-14,09789655;-42,58010043;"SPRF-BA";"DEL08-BA";"UOP01-DEL08-BA"
556000;2023-10-19;"quinta-feira";"22:50:00";"MS";163;23;"MUNDO NOVO";"Acessar a via sem observar a presença dos outros veículos";"Colisão transversal";"Com Vítimas Fatais";"Plena Noite";"Crescente";"Céu Claro";"Simples";"Reta";"Não";4;1;0;0;2;3;0;5;-23,90417813;-54,30157316;"SPRF-MS";"DEL09-MS";"UOP02-DEL09-MS"
556009;2023-10-20;"sexta-feira";"00:35:00";"PE";408;89,5;"SAO LOURENCO DA MATA";"Condutor deixou de manter distância do veículo da frente";"Colisão traseira";"Com Vítimas Feridas";"Plena Noite";"Decrescente";"Céu Claro";"Dupla";"Reta";"Não";4;0;2;0;2;0;2;2;-7,985384;-35,078504;"SPRF-PE";"DEL01-PE";"UOP01-DEL01-PE"
556011;2023-10-20;"sexta-feira";"00:45:00";"SC";101;168;"TIJUCAS";"Demais falhas mecânicas ou elétricas";"Incêndio";"Sem Vítimas";"Pleno dia";"Crescente";"Nublado";"Dupla";"Reta";"Não";2;0;0;0;1;1;0;2;-27,279105;-48,631554;"SPRF-SC";"DEL04-SC";"UOP03-DEL04-SC"
556014;2023-10-19;"quinta-feira";"23:30:00";"BA";110;369;"CATU";"Acessar a via sem observar a presença dos outros veículos";"Colisão frontal";"Com Vítimas Feridas";"Plena Noite";"Decrescente";"Nublado";"Simples";"Reta";"Sim";3;0;1;0;1;1;1;3;-12,380333;-38,383188;"SPRF-BA";"DEL01-BA";"UOP04-DEL01-BA"
556015;2023-10-20;"sexta-feira";"00:02:00";"PR";277;399,2;"CANDOI";"Retorno proibido";"Colisão transversal";"Com Vítimas Feridas";"Plena Noite";"Crescente";"Chuva";"Simples";"Reta";"Não";5;0;2;0;2;1;2;3;-25,458917;-51,962969;"SPRF-PR";"DEL04-PR";"UOP02-DEL04-PR"
556017;2023-10-11;"quarta-feira";"07:40:00";"RJ";101;295;"ITABORAI";"Trafegar com motocicleta (ou similar) entre as faixas";"Queda de ocupante de veículo";"Com Vítimas Fatais";"Pleno dia";"Decrescente";"Céu Claro";"Dupla";"Reta";"Sim";3;1;0;0;1;1;0;3;-22,76365068;-42,90223623;"SPRF-RJ";"DEL02-RJ";"UOP02-DEL02-RJ"
556019;2023-10-20;"sexta-feira";"03:00:00";"RJ";101;543;"PARATY";"Objeto estático sobre o leito carroçável";"Colisão com objeto";"Com Vítimas Feridas";"Plena Noite";"Crescente";"Nublado";"Simples";"Curva";"Não";3;0;3;0;0;0;3;1;-23,04703884;-44,601273;"SPRF-RJ";"DEL03-RJ";"UOP04-DEL03-RJ"
556023;2023-10-20;"sexta-feira";"03:40:00";"PR";277;3,4;"PARANAGUA";"Acessar a via sem observar a presença dos outros veículos";"Colisão transversal";"Sem Vítimas";"Plena Noite";"Crescente";"Nublado";"Simples";"Reta;Interseção de Vias";"Sim";3;0;0;0;2;4;0;6;-25,544539;-48,559744;"SPRF-PR";"DEL01-PR";"UOP05-DEL01-PR"
556025;2023-10-19;"quinta-feira";"19:40:00";"MG";381;658;"SANTO ANTONIO DO AMPARO";"Condutor usando celular";"Colisão lateral mesmo sentido";"Com Vítimas Feridas";"Plena Noite";"Decrescente";"Céu Claro";"Dupla";"Reta";"Não";3;0;0;1;1;1;1;3;-21,01855289;-44,98998112;"SPRF-MG";"DEL04-MG";"UOP02-DEL04-MG"
556026;2023-10-20;"sexta-feira";"05:57:00";"GO";50;273;"CATALAO";"Demais falhas mecânicas ou elétricas";"Incêndio";"Sem Vítimas";"Pleno dia";"Decrescente";"Céu Claro";"Múltipla";"Reta";"Não";2;0;0;0;1;2;0;3;-18,1302;-47,9047;"SPRF-GO";"DEL06-GO";"UOP01-DEL06-GO"
556028;2023-10-20;"sexta-feira";"03:10:00";"PI";316;5,5;"TERESINA";"Condutor desrespeitou a iluminação vermelha do semáforo";"Colisão transversal";"Sem Vítimas";"Plena Noite";"Crescente";"Céu Claro";"Múltipla";"Interseção de Vias";"Sim";2;0;0;0;1;1;0;2;-5,14169858;-42,78157276;"SPRF-PI";"DEL01-PI";"UOP02-DEL01-PI"
556033;2023-10-20;"sexta-feira";"06:00:00";"SC";101;105,1;"PENHA";"Reação tardia ou ineficiente do condutor";"Colisão lateral mesmo sentido";"Com Vítimas Feridas";"Amanhecer";"Decrescente";"Nublado";"Dupla";"Reta";"Não";4;0;1;0;2;1;1;3;-26,80239233;-48,6788106;"SPRF-SC";"DEL03-SC";"UOP02-DEL03-SC"
556035;2023-10-20;"sexta-feira";"06:00:00";"MG";153;14;"CENTRALINA";"Velocidade Incompatível";"Saída de leito carroçável";"Sem Vítimas";"Amanhecer";"Crescente";"Céu Claro";"Dupla";"Reta";"Não";2;0;0;0;1;1;0;2;-18,542202;-49,19366;"SPRF-MG";"DEL15-MG";"UOP03-DEL15-MG"
556036;2023-10-20;"sexta-feira";"05:50:00";"SP";116;136;"SAO JOSE DOS CAMPOS";"Reação tardia ou ineficiente do condutor";"Colisão lateral mesmo sentido";"Sem Vítimas";"Pleno dia";"Decrescente";"Céu Claro";"Dupla";"Reta";"Não";4;0;0;0;3;1;0;4;-23,14874471;-45,77863714;"SPRF-SP";"DEL02-SP";"UOP01-DEL02-SP"
556037;2023-10-20;"sexta-feira";"06:50:00";"MG";40;783,6;"JUIZ DE FORA";"Reação tardia ou ineficiente do condutor";"Colisão com objeto";"Com Vítimas Feridas";"Amanhecer";"Decrescente";"Garoa/Chuvisco";"Dupla";"Declive;Curva";"Sim";1;0;1;0;0;0;1;1;-21,70406297;-43,45067808;"SPRF-MG";"DEL05-MG";"UOP01-DEL05-MG"
556040;2023-10-20;"sexta-feira";"07:00:00";"PE";101;46;"IGARASSU";"Demais falhas mecânicas ou elétricas";"Colisão traseira";"Com Vítimas Feridas";"Pleno dia";"Crescente";"Céu Claro";"Múltipla";"Reta";"Sim";3;0;1;0;2;0;1;3;-7,87406004;-34,90588126;"SPRF-PE";"DEL01-PE";"UOP02-DEL01-PE"
556041;2023-10-20;"sexta-feira";"01:15:00";"PA";316;231;"VISEU";"Ausência de reação do condutor";"Colisão lateral sentido oposto";"Com Vítimas Fatais";"Plena Noite";"Decrescente";"Nevoeiro/Neblina";"Simples";"Reta";"Não";7;2;0;3;1;1;3;3;-1,70333094;-46,66652697;"SPRF-PA";"DEL01-PA";"UOP04-DEL01-PA"
556046;2023-10-08;"domingo";"06:00:00";"SC";101;103,1;"BALNEARIO PICARRAS";"Velocidade Incompatível";"Colisão traseira";"Sem Vítimas";"Amanhecer";"Decrescente";"Chuva";"Dupla";"Reta";"Não";2;0;0;0;1;1;0;2;-26,7832381;-48,68314632;"SPRF-SC";"DEL03-SC";"UOP02-DEL03-SC"
556049;2023-09-30;"sábado";"01:30:00";"SP";153;63,9;"SAO JOSE DO RIO PRETO";"Ingestão de álcool pelo condutor";"Colisão transversal";"Com Vítimas Feridas";"Plena Noite";"Decrescente";"Céu Claro";"Dupla";"Reta";"Sim";3;0;1;0;1;1;1;3;-20,82149698;-49,35764818;"SPRF-SP";"DEL09-SP";"UOP01-DEL09-SP"
556055;2023-10-20;"sexta-feira";"08:25:00";"RN";406;166,1;"SAO GONCALO DO AMARANTE";"Demais falhas mecânicas ou elétricas";"Tombamento";"Com Vítimas Feridas";"Pleno dia";"Decrescente";"Sol";"Dupla";"Curva;Aclive;Viaduto";"Não";2;0;1;0;0;1;1;2;-5,74497504;-35,33527136;"SPRF-RN";"DEL02-RN";"UOP01-DEL02-RN"
556061;2023-10-20;"sexta-feira";"08:30:00";"RO";435;82;"COLORADO DO OESTE";"Acessar a via sem observar a presença dos outros veículos";"Colisão transversal";"Com Vítimas Feridas";"Pleno dia";"Crescente";"Sol";"Dupla";"Interseção de Vias";"Sim";3;0;2;0;1;0;2;2;-13,11453938;-60,50579894;"SPRF-RO";"DEL04-RO";"UOP02-DEL04-RO"
556062;2023-10-16;"segunda-feira";"14:00:00";"RJ";393;284;"VOLTA REDONDA";"Frear bruscamente";"Engavetamento";"Com Vítimas Feridas";"Pleno dia";"Crescente";"Céu Claro";"Simples";"Reta";"Sim";6;0;1;0;4;2;1;7;-22,47341979;-44,05990606;"SPRF-RJ";"DEL05-RJ";"UOP04-DEL05-RJ"
556069;2023-10-20;"sexta-feira";"09:20:00";"SC";470;50,6;"BLUMENAU";"Pedestre cruzava a pista fora da faixa";"Atropelamento de Pedestre";"Com Vítimas Fatais";"Pleno dia";"Decrescente";"Céu Claro";"Múltipla";"Curva;Declive;Viaduto";"Não";2;1;0;0;1;0;0;2;-26,86151954;-49,08122778;"SPRF-SC";"DEL04-SC";"UOP01-DEL04-SC"
556073;2023-10-20;"sexta-feira";"09:25:00";"SC";280;129;"RIO NEGRINHO";"Animais na Pista";"Colisão traseira";"Com Vítimas Feridas";"Pleno dia";"Decrescente";"Sol";"Simples";"Reta";"Não";2;0;1;0;1;0;1;2;-26,2530246;-49,52924913;"SPRF-SC";"DEL06-SC";"UOP03-DEL06-SC"
556076;2023-10-04;"quarta-feira";"10:05:00";"PR";376;325,2;"ORTIGUEIRA";"Chuva";"Colisão lateral sentido oposto";"Com Vítimas Feridas";"Pleno dia";"Crescente";"Chuva";"Simples";"Reta";"Não";3;0;0;1;1;1;1;3;-24,08870932;-51,05177324;"SPRF-PR";"DEL07-PR";"UOP02-DEL07-PR"
556077;2023-10-20;"sexta-feira";"10:40:00";"BA";324;515,5;"FEIRA DE SANTANA";"Trafegar com motocicleta (ou similar) entre as faixas";"Colisão lateral mesmo sentido";"Com Vítimas Feridas";"Pleno dia";"Crescente";"Céu Claro";"Simples";"Reta";"Sim";2;0;1;0;1;0;1;2;-12,23547809;-38,94396807;"SPRF-BA";"DEL02-BA";"UOP01-DEL02-BA"
556081;2023-10-20;"sexta-feira";"10:10:00";"ES";101;368,7;"ANCHIETA";"Velocidade Incompatível";"Tombamento";"Com Vítimas Feridas";"Pleno dia";"Crescente";"Nublado";"Simples";"Declive;Curva";"Não";2;0;1;0;0;1;1;2;-20,753749;-40,75894999;"SPRF-ES";"DEL03-ES";"UOP01-DEL03-ES"
556085;2023-10-20;"sexta-feira";"11:15:00";"PR";116;113,9;"CURITIBA";"Acessar a via sem observar a presença dos outros veículos";"Colisão lateral mesmo sentido";"Sem Vítimas";"Pleno dia";"Crescente";"Nublado";"Dupla";"Reta;Declive;Interseção de Vias";"Não";2;0;0;0;2;0;0;2;-25,5463;-49,2928;"SPRF-PR";"DEL01-PR";"UOP07-DEL01-PR"
556088;2023-10-20;"sexta-feira";"11:15:00";"ES";101;149;"LINHARES";"Conversão proibida";"Colisão lateral mesmo sentido";"Com Vítimas Feridas";"Pleno dia";"Crescente";"Nublado";"Simples";"Interseção de Vias";"Sim";3;0;1;0;1;1;1;3;-19,39619083;-40,06435871;"SPRF-ES";"DEL04-ES";"UOP01-DEL04-ES"
556094;2023-10-20;"sexta-feira";"11:00:00";"PE";101;71;"RECIFE";"Reação tardia ou ineficiente do condutor";"Colisão traseira";"Com Vítimas Feridas";"Pleno dia";"Crescente";"Céu Claro";"Dupla";"Reta";"Sim";3;0;2;0;1;0;2;2;-8,07663102;-34,94277871;"SPRF-PE";"DEL01-PE";"UOP01-DEL01-PE"
556095;2023-09-14;"quinta-feira";"19:50:00";"SP";116;81;"ROSEIRA";"Chuva";"Colisão lateral mesmo sentido";"Com Vítimas Feridas";"Plena Noite";"Crescente";"Garoa/Chuvisco";"Dupla";"Interseção de Vias";"Não";3;0;1;0;1;1;1;3;-22,90482177;-45,31030655;"SPRF-SP";"DEL08-SP";"UOP01-DEL08-SP"
556100;2023-10-20;"sexta-feira";"12:30:00";"PR";277;586,4;"CASCAVEL";"Acessar a via sem observar a presença dos outros veículos";"Colisão transversal";"Com Vítimas Feridas";"Pleno dia";"Crescente";"Céu Claro";"Simples";"Interseção de Vias";"Sim";3;0;1;0;1;1;1;3;-24,9649472;-53,4210459;"SPRF-PR";"DEL04-PR";"UOP01-DEL04-PR"
556102;2023-07-27;"quinta-feira";"14:35:00";"MG";381;861;"POUSO ALEGRE";"Reação tardia ou ineficiente do condutor";"Colisão transversal";"Com Vítimas Fatais";"Pleno dia";"Decrescente";"Céu Claro";"Dupla";"Reta;Declive";"Não";4;1;0;1;1;1;1;3;-22,36795485;-45,93285817;"SPRF-MG";"DEL16-MG";"UOP01-DEL16-MG"
556107;2023-10-20;"sexta-feira";"12:00:00";"PR";376;237;"APUCARANA";"Demais falhas mecânicas ou elétricas";"Tombamento";"Com Vítimas Feridas";"Pleno dia";"Crescente";"Céu Claro";"Dupla";"Curva";"Não";3;0;1;0;1;3;1;5;-23,58373109;-51,46335598;"SPRF-PR";"DEL07-PR";"UOP03-DEL07-PR"
556108;2023-10-20;"sexta-feira";"08:40:00";"PR";277;602;"CASCAVEL";"Condutor deixou de manter distância do veículo da frente";"Colisão traseira";"Com Vítimas Feridas";"Pleno dia";"Crescente";"Céu Claro";"Dupla";"Reta;Viaduto";"Não";3;0;2;0;1;0;2;2;-25,00282;-53,523851;"SPRF-PR";"DEL04-PR";"UOP01-DEL04-PR"
556109;2023-10-20;"sexta-feira";"13:20:00";"MG";40;602,9;"CONGONHAS";"Retorno proibido";"Colisão transversal";"Com Vítimas Feridas";"Pleno dia";"Crescente";"Nublado";"Simples";"Curva;Declive;Interseção de Vias";"Não";5;0;2;0;2;1;2;3;-20,4466846;-43,83971041;"SPRF-MG";"DEL05-MG";"UOP02-DEL05-MG"
556111;2023-10-20;"sexta-feira";"12:50:00";"RS";386;214,4;"TIO HUGO";"Condutor deixou de manter distância do veículo da frente";"Colisão traseira";"Sem Vítimas";"Pleno dia";"Crescente";"Céu Claro";"Simples";"Em Obras;Declive;Curva";"Sim";3;0;0;0;2;1;0;2;-28,584908;-52,599743;"SPRF-RS";"DEL04-RS";"UOP03-DEL04-RS"
556112;2023-10-20;"sexta-feira";"12:15:00";"MG";381;168;"GOVERNADOR VALADARES";"Suicídio (presumido)";"Atropelamento de Pedestre";"Com Vítimas Feridas";"Pleno dia";"Crescente";"Nublado";"Simples";"Reta";"Não";3;0;0;1;1;1;1;2;-18,96571703;-42,08181098;"SPRF-MG";"DEL06-MG";"UOP01-DEL06-MG"
556125;2023-10-20;"sexta-feira";"13:50:00";"SC";101;138,2;"BALNEARIO CAMBORIU";"Pedestre andava na pista";"Atropelamento de Pedestre";"Com Vítimas Fatais";"Pleno dia";"Crescente";"Céu Claro";"Múltipla";"Reta";"Sim";3;1;0;0;1;2;0;4;-27,025749;-48,606612;"SPRF-SC";"DEL04-SC";"UOP03-DEL04-SC"
556126;2023-10-20;"sexta-feira";"13:30:00";"PR";163;284;"MARECHAL CANDIDO RONDON";"Velocidade Incompatível";"Colisão transversal";"Sem Vítimas";"Pleno dia";"Decrescente";"Céu Claro";"Simples";"Desvio Temporário;Aclive;Curva;Em Obras";"Sim";5;0;0;0;1;4;0;4;-24,568102;-54,034168;"SPRF-PR";"DEL06-PR";"UOP02-DEL06-PR"
556128;2023-10-20;"sexta-feira";"12:20:00";"ES";262;26;"VIANA";"Transitar na contramão";"Colisão frontal";"Com Vítimas Feridas";"Pleno dia";"Decrescente";"Nublado";"Simples";"Curva";"Não";2;0;1;0;1;0;1;2;-20,38041768;-40,54402517;"SPRF-ES";"DEL01-ES";"UOP01-DEL01-ES"
556129;2023-10-20;"sexta-feira";"14:30:00";"RJ";465;9;"SEROPEDICA";"Ultrapassagem Indevida";"Colisão lateral mesmo sentido";"Com Vítimas Feridas";"Pleno dia";"Crescente";"Céu Claro";"Simples";"Reta";"Sim";2;0;1;0;1;0;1;2;-22,771765;-43,670528;"SPRF-RJ";"DEL01-RJ";"UOP03-DEL01-RJ"
556130;2023-10-20;"sexta-feira";"15:50:00";"SP";116;270;"TABOAO DA SERRA";"Reação tardia ou ineficiente do condutor";"Colisão traseira";"Sem Vítimas";"Pleno dia";"Decrescente";"Céu Claro";"Dupla";"Reta";"Sim";3;0;0;0;3;0;0;3;-23,61799728;-46,79677694;"SPRF-SP";"DEL04-SP";"UOP01-DEL04-SP"
556132;2023-10-20;"sexta-feira";"10:35:00";"SC";101;43,7;"JOINVILLE";"Acessar a via sem observar a presença dos outros veículos";"Colisão transversal";"Com Vítimas Feridas";"Pleno dia";"Crescente";"Nublado";"Múltipla";"Viaduto";"Sim";2;0;1;0;1;0;1;2;-26,31238996;-48,87458997;"SPRF-SC";"DEL03-SC";"UOP01-DEL03-SC"
556134;2023-10-20;"sexta-feira";"13:30:00";"MT";364;136,1;"PEDRA PRETA";"Modificação proibida";"Colisão traseira";"Sem Vítimas";"Pleno dia";"Decrescente";"Céu Claro";"Simples";"Curva";"Não";4;0;0;0;3;1;0;3;-16,8143072;-54,07950613;"SPRF-MT";"DEL02-MT";"UOP01-DEL02-MT"
556139;2023-10-20;"sexta-feira";"15:15:00";"TO";153;495;"PARAISO DO TOCANTINS";"Acessar a via sem observar a presença dos outros veículos";"Colisão transversal";"Com Vítimas Feridas";"Pleno dia";"Crescente";"Sol";"Simples";"Reta";"Sim";2;0;1;0;1;0;1;2;-10,17065684;-48,88083458;"SPRF-TO";"DEL01-TO";"UOP01-DEL01-TO"
556142;2023-10-20;"sexta-feira";"15:00:00";"BA";110;290;"INHAMBUPE";"Reação tardia ou ineficiente do condutor";"Colisão transversal";"Com Vítimas Feridas";"Pleno dia";"Crescente";"Céu Claro";"Simples";"Reta";"Não";3;0;1;0;1;1;1;3;-11,82090111;-38,35767177;"SPRF-BA";"DEL01-BA";"UOP04-DEL01-BA"
556143;2023-10-20;"sexta-feira";"16:40:00";"ES";101;279;"SERRA";"Desrespeitar a preferência no cruzamento";"Colisão transversal";"Com Vítimas Feridas";"Pleno dia";"Crescente";"Céu Claro";"Dupla";"Interseção de Vias";"Não";3;0;0;1;1;1;1;3;-20,218122;-40,339325;"SPRF-ES";"DEL02-ES";"UOP01-DEL02-ES"
556145;2023-10-20;"sexta-feira";"16:25:00";"PE";428;190,4;"PETROLINA";"Reação tardia ou ineficiente do condutor";"Colisão transversal";"Com Vítimas Feridas";"Pleno dia";"Crescente";"Sol";"Dupla";"Interseção de Vias;Reta";"Sim";4;0;1;0;2;1;1;3;-9,38038;-40,51082;"SPRF-PE";"DEL06-PE";"UOP01-DEL06-PE"
556160;2023-10-20;"sexta-feira";"17:30:00";"MT";70;7;"BARRA DO GARCAS";"Ingestão de álcool pelo condutor";"Colisão com objeto";"Sem Vítimas";"Anoitecer";"Crescente";"Céu Claro";"Múltipla";"Reta";"Sim";3;0;0;0;1;4;0;5;-15,878143;-52,316788;"SPRF-MT";"DEL07-MT";"UOP01-DEL07-MT"
556161;2023-10-20;"sexta-feira";"17:15:00";"PE";101;71;"RECIFE";"Trafegar com motocicleta (ou similar) entre as faixas";"Tombamento";"Com Vítimas Fatais";"Plena Noite";"Crescente";"Chuva";"Dupla";"Reta";"Sim";3;1;0;0;1;2;0;4;-8,07663102;-34,94277871;"SPRF-PE";"DEL01-PE";"UOP01-DEL01-PE"
556162;2023-10-20;"sexta-feira";"18:40:00";"PE";408;105;"JABOATAO DOS GUARARAPES";"Estacionar ou parar em local proibido";"Colisão traseira";"Com Vítimas Feridas";"Plena Noite";"Decrescente";"Chuva";"Dupla";"Curva";"Não";5;0;2;0;3;0;2;4;-8,0730937;-34,99190714;"SPRF-PE";"DEL01-PE";"UOP01-DEL01-PE"
556163;2023-10-20;"sexta-feira";"17:34:00";"MT";163;0,9;"ITIQUIRA";"Ausência de reação do condutor";"Colisão frontal";"Com Vítimas Fatais";"Pleno dia";"Crescente";"Céu Claro";"Dupla";"Reta;Aclive";"Não";3;1;0;0;1;3;0;5;-17,519682;-54,739803;"SPRF-MT";"DEL02-MT";"UOP03-DEL02-MT"
556182;2023-10-20;"sexta-feira";"18:08:00";"MT";70;5,6;"BARRA DO GARCAS";"Ausência de reação do condutor";"Colisão traseira";"Com Vítimas Feridas";"Plena Noite";"Decrescente";"Céu Claro";"Dupla";"Reta";"Sim";3;0;1;0;1;1;1;3;-15,87814789;-52,296134;"SPRF-MT";"DEL07-MT";"UOP01-DEL07-MT"
556184;2023-10-04;"quarta-feira";"19:32:00";"PA";163;936;"BELTERRA";"Reação tardia ou ineficiente do condutor";"Tombamento";"Com Vítimas Feridas";"Plena Noite";"Crescente";"Céu Claro";"Simples";"Curva";"Não";2;0;1;0;0;1;1;2;-2,91759693;-54,92465973;"SPRF-PA";"DEL05-PA";"UOP01-DEL05-PA"
556192;2023-10-20;"sexta-feira";"18:55:00";"MT";174;126;"MIRASSOL DOESTE";"Animais na Pista";"Queda de ocupante de veículo";"Com Vítimas Fatais";"Plena Noite";"Decrescente";"Céu Claro";"Simples";"Reta";"Não";3;1;0;0;1;1;0;3;-15,8200335611;-58,091690331;"SPRF-MT";"DEL03-MT";"UOP01-DEL03-MT"
556194;2023-10-20;"sexta-feira";"17:00:00";"PA";230;1113;"ITAITUBA";"Velocidade Incompatível";"Tombamento";"Com Vítimas Feridas";"Anoitecer";"Decrescente";"Céu Claro";"Simples";"Declive;Curva";"Não";2;0;1;0;0;3;1;4;-4,39912907;-55,91972351;"SPRF-PA";"DEL05-PA";"UOP02-DEL05-PA"
556202;2023-10-20;"sexta-feira";"19:25:00";"SC";101;203,5;"SAO JOSE";"Trafegar com motocicleta (ou similar) entre as faixas";"Colisão lateral mesmo sentido";"Com Vítimas Fatais";"Plena Noite";"Decrescente";"Nublado";"Múltipla";"Reta";"Sim";8;1;0;0;6;2;0;5;-27,5650044;-48,61460082;"SPRF-SC";"DEL01-SC";"UOP01-DEL01-SC"
556203;2023-10-20;"sexta-feira";"21:45:00";"MG";40;526;"CONTAGEM";"Reação tardia ou ineficiente do condutor";"Colisão traseira";"Com Vítimas Feridas";"Plena Noite";"Decrescente";"Nublado";"Dupla";"Reta;Declive";"Sim";5;0;3;1;1;0;4;2;-19,89255399;-44,04985478;"SPRF-MG";"DEL01-MG";"UOP02-DEL01-MG"
556204;2023-10-20;"sexta-feira";"07:40:00";"PA";155;270;"ELDORADO DO CARAJAS";"Reação tardia ou ineficiente do condutor";"Colisão traseira";"Sem Vítimas";"Pleno dia";"Crescente";"Céu Claro";"Simples";"Reta";"Não";3;0;0;0;2;4;0;6;-5,9805958;-49,23350923;"SPRF-PA";"DEL03-PA";"UOP01-DEL03-PA"
556205;2023-10-20;"sexta-feira";"17:35:00";"MT";364;440;"VARZEA GRANDE";"Reação tardia ou ineficiente do condutor";"Colisão transversal";"Com Vítimas Feridas";"Anoitecer";"Decrescente";"Chuva";"Simples";"Curva";"Não";3;0;0;1;1;5;1;7;-15,60088755;-56,20650188;"SPRF-MT";"DEL01-MT";"UOP02-DEL01-MT"
556215;2023-10-20;"sexta-feira";"21:36:00";"MA";226;304,1;"BARRA DO CORDA";"Manobra de mudança de faixa";"Colisão frontal";"Com Vítimas Feridas";"Plena Noite";"Crescente";"Céu Claro";"Simples";"Curva";"Não";3;0;0;2;1;0;2;2;-5,48391094;-45,27514167;"SPRF-MA";"DEL06-MA";"UOP01-DEL06-MA"
556228;2023-10-21;"sábado";"02:00:00";"PR";277;721,9;"FOZ DO IGUACU";"Retorno proibido";"Saída de leito carroçável";"Sem Vítimas";"Plena Noite";"Decrescente";"Céu Claro";"Dupla";"Reta";"Sim";2;0;0;0;1;1;0;2;-25,4911505;-54,51185421;"SPRF-PR";"DEL05-PR";"UOP03-DEL05-PR"
556230;2023-10-21;"sábado";"03:00:00";"SE";101;97;"NOSSA SENHORA DO SOCORRO";"Condutor Dormindo";"Colisão com objeto";"Sem Vítimas";"Plena Noite";"Decrescente";"Nublado";"Dupla";"Curva";"Não";3;0;0;0;2;2;0;3;-10,92296794;-37,17475104;"SPRF-SE";"DEL02-SE";"UOP01-DEL02-SE"
556238;2023-10-21;"sábado";"02:30:00";"MG";116;648,7;"FERVEDOURO";"Velocidade Incompatível";"Colisão frontal";"Com Vítimas Fatais";"Plena Noite";"Decrescente";"Nublado";"Simples";"Curva";"Sim";4;1;0;1;1;1;1;3;-20,715269;-42,282084;"SPRF-MG";"DEL07-MG";"UOP02-DEL07-MG"
556245;2023-10-09;"segunda-feira";"00:24:00";"PA";10;288,4;"MAE DO RIO";"Carga excessiva e/ou mal acondicionada";"Tombamento";"Sem Vítimas";"Plena Noite";"Crescente";"Céu Claro";"Simples";"Reta;Aclive";"Não";1;0;0;0;1;0;0;1;-1,91433503;-47,52113775;"SPRF-PA";"DEL02-PA";"UOP01-DEL02-PA"
556246;2023-10-20;"sexta-feira";"17:30:00";"GO";40;42;"LUZIANIA";"Chuva";"Saída de leito carroçável";"Com Vítimas Feridas";"Pleno dia";"Crescente";"Chuva";"Simples";"Declive;Curva";"Não";2;0;1;0;0;1;1;2;-16,37676;-47,830535;"SPRF-DF";"DEL01-DF";"UOP02-DEL01-DF"