"id";"data_inversa";"dia_semana";"horario";"uf";"br";"km";"municipio";"causa_acidente";"tipo_acidente";"classificacao_acidente";"fase_dia";"sentido_via";"condicao_metereologica";"tipo_pista";"tracado_via";"uso_solo";"pessoas";"mortos";"feridos_leves";"feridos_graves";"ilesos";"ignorados";"feridos";"veiculos";"latitude";"longitude";"regional";"delegacia";"uop"
556252;2023-10-21;"sábado";"00:01:00";"MS";262;239;"RIBAS DO RIO PARDO";"Entrada inopinada do pedestre";"Atropelamento de Pedestre";"Com Vítimas Feridas";"Plena Noite";"Crescente";"Céu Claro";"Simples";"Reta";"Sim";2;0;1;0;1;0;1;2;-20,45684563;-53,75597803;"SPRF-MS";"DEL01-MS";"UOP01-DEL01-MS"
556268;2023-10-21;"sábado";"07:10:00";"RN";101;169;"CANGUARETAMA";"Acessar a via sem observar a presença dos outros veículos";"Colisão traseira";"Sem Vítimas";"Pleno dia";"Decrescente";"Céu Claro";"Dupla";"Reta;Declive";"Não";3;0;0;0;1;2;0;2;-6,440476;-35,112904;"SPRF-RN";"DEL01-RN";"UOP01-DEL01-RN"
556276;2023-10-21;"sábado";"08:30:00";"RS";158;186,9;"CRUZ ALTA";"Ultrapassagem Indevida";"Colisão traseira";"Com Vítimas Feridas";"Pleno dia";"Crescente";"Céu Claro";"Simples";"Reta";"Não";3;0;1;0;2;0;1;2;-28,5700499;-53,56567808;"SPRF-RS";"DEL10-RS";"UOP02-DEL10-RS"
556281;2023-10-21;"sábado";"08:30:00";"SC";101;126;"ITAJAI";"Trafegar com motocicleta (ou similar) entre as faixas";"Colisão traseira";"Com Vítimas Feridas";"Pleno dia";"Crescente";"Sol";"Dupla";"Reta";"Não";2;0;0;1;1;0;1;2;-26,95564404;-48,67978366;"SPRF-SC";"DEL04-SC";"UOP04-DEL04-SC"
556286;2023-10-21;"sábado";"11:00:00";"SC";101;114;"ITAJAI";"Ausência de reação do condutor";"Colisão traseira";"Com Vítimas Feridas";"Pleno dia";"Decrescente";"Nublado";"Múltipla";"Reta";"Não";3;0;2;0;1;0;2;2;-26,86192886;-48,7286704;"SPRF-SC";"DEL04-SC";"UOP04-DEL04-SC"
556288;2023-10-21;"sábado";"11:20:00";"SC";101;115,1;"ITAJAI";"Reação tardia ou ineficiente do condutor";"Colisão traseira";"Sem Vítimas";"Pleno dia";"Decrescente";"Céu Claro";"Múltipla";"Reta";"Não";2;0;0;0;2;0;0;2;-26,87064015;-48,72954134;"SPRF-SC";"DEL04-SC";"UOP04-DEL04-SC"
556291;2023-10-21;"sábado";"08:40:00";"RR";174;259;"CARACARAI";"Ultrapassagem Indevida";"Colisão lateral sentido oposto";"Com Vítimas Feridas";"Pleno dia";"Crescente";"Céu Claro";"Simples";"Curva";"Não";3;0;1;0;1;2;1;4;1,262862;-60,500686;"SPRF-RR";"DEL01-RR";"UOP01-DEL01-RR"
556294;2023-10-21;"sábado";"12:30:00";"MG";40;510;"RIBEIRAO DAS NEVES";"Velocidade Incompatível";"Colisão traseira";"Com Vítimas Feridas";"Pleno dia";"Decrescente";"Céu Claro";"Dupla";"Reta";"Não";3;0;0;1;1;1;1;3;-19,77463885;-44,12321882;"SPRF-MG";"DEL01-MG";"UOP02-DEL01-MG"
556306;2023-10-21;"sábado";"11:25:00";"MA";222;322,1;"IGARAPE DO MEIO";"Demais falhas mecânicas ou elétricas";"Colisão frontal";"Com Vítimas Feridas";"Pleno dia";"Crescente";"Céu Claro";"Simples";"Reta;Declive";"Não";4;0;2;0;1;4;2;6;-3,584101;-45,050071;"SPRF-MA";"DEL02-MA";"UOP01-DEL02-MA"
556309;2023-10-21;"sábado";"12:40:00";"PR";277;587,4;"CASCAVEL";"Suicídio (presumido)";"Atropelamento de Pedestre";"Com Vítimas Feridas";"Pleno dia";"Crescente";"Céu Claro";"Simples";"Reta;Declive";"Não";3;0;1;0;2;0;1;2;-24,96941255;-53,42959722;"SPRF-PR";"DEL04-PR";"UOP01-DEL04-PR"
556318;2023-10-21;"sábado";"12:05:00";"SC";101;19;"JOINVILLE";"Suicídio (presumido)";"Atropelamento de Pedestre";"Com Vítimas Feridas";"Pleno dia";"Decrescente";"Nublado";"Dupla";"Reta";"Não";4;0;0;1;1;2;1;3;-26,13376586;-48,89661416;"SPRF-SC";"DEL03-SC";"UOP01-DEL03-SC"
556319;2023-10-05;"quinta-feira";"21:00:00";"RS";285;338,2;"CARAZINHO";"Acessar a via sem observar a presença dos outros veículos";"Colisão traseira";"Com Vítimas Feridas";"Plena Noite";"Crescente";"Nublado";"Simples";"Interseção de Vias";"Sim";5;0;2;1;1;1;3;3;-28,315704;-52,779015;"SPRF-RS";"DEL08-RS";"UOP03-DEL08-RS"
556322;2023-10-21;"sábado";"14:00:00";"MT";364;331,3;"SANTO ANTONIO DO LEVERGER";"Reação tardia ou ineficiente do condutor";"Saída de leito carroçável";"Sem Vítimas";"Pleno dia";"Crescente";"Chuva";"Dupla";"Curva";"Não";3;0;0;0;3;0;0;1;-15,822813;-55,419647;"SPRF-MT";"DEL05-MT";"UOP02-DEL05-MT"
556327;2023-10-21;"sábado";"15:10:00";"PR";277;108;"CAMPO LARGO";"Reação tardia ou ineficiente do condutor";"Colisão lateral mesmo sentido";"Com Vítimas Feridas";"Pleno dia";"Decrescente";"Céu Claro";"Dupla";"Curva";"Sim";7;0;2;0;3;2;2;4;-25,436496;-49,443323;"SPRF-PR";"DEL03-PR";"UOP03-DEL03-PR"
556338;2023-10-21;"sábado";"15:00:00";"GO";50;105,2;"CRISTALINA";"Reação tardia ou ineficiente do condutor";"Tombamento";"Com Vítimas Feridas";"Pleno dia";"Crescente";"Sol";"Dupla";"Reta";"Não";2;0;1;0;0;1;1;2;-16,9309;-47,7117;"SPRF-DF";"DEL01-DF";"UOP02-DEL01-DF"
556346;2023-10-21;"sábado";"14:36:00";"MS";163;1,1;"MUNDO NOVO";"Reação tardia ou ineficiente do condutor";"Saída de leito carroçável";"Com Vítimas Feridas";"Pleno dia";"Decrescente";"Céu Claro";"Simples";"Curva";"Não";4;0;3;0;0;2;3;3;-24,03924443;-54,27975143;"SPRF-MS";"DEL09-MS";"UOP02-DEL09-MS"
556347;2023-10-21;"sábado";"16:20:00";"ES";262;42;"DOMINGOS MARTINS";"Velocidade Incompatível";"Colisão lateral sentido oposto";"Com Vítimas Feridas";"Pleno dia";"Decrescente";"Chuva";"Simples";"Curva";"Não";4;0;1;0;2;1;1;3;-20,38524458;-40,65385185;"SPRF-ES";"DEL01-ES";"UOP01-DEL01-ES"
556349;2023-10-21;"sábado";"16:04:00";"SC";101;215,7;"PALHOCA";"Manobra de mudança de faixa";"Colisão lateral mesmo sentido";"Com Vítimas Feridas";"Pleno dia";"Decrescente";"Nublado";"Múltipla";"Curva";"Não";2;0;1;0;1;0;1;2;-27,65184843;-48,67604941;"SPRF-SC";"DEL01-SC";"UOP02-DEL01-SC"
556351;2023-10-21;"sábado";"17:10:00";"MG";381;871;"POUSO ALEGRE";"Ausência de reação do condutor";"Colisão lateral mesmo sentido";"Com Vítimas Feridas";"Pleno dia";"Crescente";"Céu Claro";"Dupla";"Reta";"Não";4;0;1;0;2;1;1;3;-22,43949179;-45,98517516;"SPRF-MG";"DEL16-MG";"UOP01-DEL16-MG"
556356;2023-10-21;"sábado";"17:00:00";"MS";436;2,4;"APARECIDA DO TABOADO";"Velocidade Incompatível";"Colisão lateral sentido oposto";"Com Vítimas Feridas";"Pleno dia";"Crescente";"Céu Claro";"Simples";"Reta";"Não";3;0;1;0;1;2;1;4;-20,098198;-51,119575;"SPRF-MS";"DEL08-MS";"UOP01-DEL08-MS"
556357;2023-10-21;"sábado";"17:10:00";"SP";153;37,4;"ONDA VERDE";"Desrespeitar a preferência no cruzamento";"Colisão transversal";"Com Vítimas Feridas";"Pleno dia";"Decrescente";"Céu Claro";"Simples";"Interseção de Vias";"Não";4;0;1;0;2;3;1;5;-20,60217722;-49,3202877;"SPRF-SP";"DEL09-SP";"UOP01-DEL09-SP"
556358;2023-10-21;"sábado";"14:50:00";"ES";101;159;"LINHARES";"Ingestão de álcool pelo condutor";"Colisão lateral mesmo sentido";"Sem Vítimas";"Pleno dia";"Decrescente";"Nublado";"Simples";"Reta";"Sim";3;0;0;0;2;1;0;3;-19,4684012;-40,1102557;"SPRF-ES";"DEL04-ES";"UOP01-DEL04-ES"
556364;2023-10-21;"sábado";"15:15:00";"SC";470;238,3;"SAO CRISTOVAO DO SUL";"Velocidade Incompatível";"Colisão transversal";"Com Vítimas Feridas";"Pleno dia";"Crescente";"Céu Claro";"Simples";"Reta";"Não";2;0;1;1;0;0;2;2;-27,304041;-50,464909;"SPRF-SC";"DEL05-SC";"UOP03-DEL05-SC"
556372;2023-10-21;"sábado";"16:30:00";"PA";155;251;"ELDORADO DO CARAJAS";"Ausência de reação do condutor";"Colisão lateral mesmo sentido";"Sem Vítimas";"Pleno dia";"Crescente";"Sol";"Simples";"Reta";"Sim";2;0;0;0;2;0;0;2;-6,100473;-49,34816333;"SPRF-PA";"DEL03-PA";"UOP01-DEL03-PA"
556377;2023-10-21;"sábado";"18:10:00";"BA";116;810,8;"VITORIA DA CONQUISTA";"Ingestão de álcool pelo condutor";"Colisão transversal";"Com Vítimas Feridas";"Plena Noite";"Crescente";"Céu Claro";"Simples";"Reta";"Sim";3;0;1;0;0;2;1;3;-14,75189084;-40,68129309;"SPRF-BA";"DEL08-BA";"UOP01-DEL08-BA"
556379;2023-10-21;"sábado";"18:10:00";"MG";50;65;"UBERLANDIA";"Velocidade Incompatível";"Tombamento";"Com Vítimas Feridas";"Pleno dia";"Crescente";"Céu Claro";"Dupla";"Curva;Aclive;Viaduto";"Não";2;0;2;0;0;0;2;1;-18,85662527;-48,25405598;"SPRF-MG";"DEL15-MG";"UOP02-DEL15-MG"
556383;2023-10-21;"sábado";"19:20:00";"GO";40;4,4;"VALPARAISO DE GOIAS";"Manobra de mudança de faixa";"Colisão lateral mesmo sentido";"Com Vítimas Feridas";"Plena Noite";"Crescente";"Nublado";"Dupla";"Reta";"Sim";5;0;1;0;3;1;1;3;-16,085241;-47,986752;"SPRF-DF";"DEL01-DF";"UOP01-DEL01-DF"
556387;2023-10-21;"sábado";"20:00:00";"RS";158;86;"BOA VISTA DAS MISSOES";"Ausência de reação do condutor";"Saída de leito carroçável";"Com Vítimas Feridas";"Plena Noite";"Decrescente";"Céu Claro";"Simples";"Reta";"Não";3;0;1;0;0;3;1;4;-27,79327998;-53,3340397;"SPRF-RS";"DEL08-RS";"UOP02-DEL08-RS"
556388;2023-10-21;"sábado";"19:00:00";"PR";116;110;"CURITIBA";"Ausência de reação do condutor";"Saída de leito carroçável";"Com Vítimas Fatais";"Plena Noite";"Crescente";"Nublado";"Dupla";"Reta;Aclive";"Não";8;4;0;2;1;1;2;4;-25,561656;-49,261136;"SPRF-PR";"DEL01-PR";"UOP07-DEL01-PR"
556391;2023-10-21;"sábado";"20:30:00";"RJ";116;20;"SAPUCAIA";"Ingestão de álcool pelo condutor";"Colisão lateral sentido oposto";"Com Vítimas Fatais";"Plena Noite";"Crescente";"Nublado";"Simples";"Curva";"Não";3;1;0;0;2;0;0;2;-22,00111387;-42,76116206;"SPRF-RJ";"DEL05-RJ";"UOP01-DEL05-RJ"
556393;2023-10-21;"sábado";"20:10:00";"RS";386;343,1;"LAJEADO";"Ingestão de álcool pelo condutor";"Colisão transversal";"Com Vítimas Feridas";"Plena Noite";"Crescente";"Céu Claro";"Simples";"Em Obras;Aclive;Curva";"Sim";2;0;1;0;1;0;1;2;-29,434835;-52,002365;"SPRF-RS";"DEL04-RS";"UOP01-DEL04-RS"
556404;2023-10-21;"sábado";"18:40:00";"MA";135;262;"CAPINZAL DO NORTE";"Manobra de mudança de faixa";"Colisão frontal";"Com Vítimas Fatais";"Plena Noite";"Decrescente";"Céu Claro";"Simples";"Reta";"Não";2;1;0;0;0;1;0;2;-4,67550283;-44,33421058;"SPRF-MA";"DEL03-MA";"UOP01-DEL03-MA"
556420;2023-10-21;"sábado";"22:50:00";"PR";277;7,5;"PARANAGUA";"Acessar a via sem observar a presença dos outros veículos";"Atropelamento de Pedestre";"Com Vítimas Feridas";"Plena Noite";"Crescente";"Céu Claro";"Dupla";"Reta";"Sim";2;0;0;1;0;1;1;2;-25,563302;-48,59376;"SPRF-PR";"DEL01-PR";"UOP05-DEL01-PR"
556423;2023-10-21;"sábado";"23:00:00";"SE";101;185,5;"UMBAUBA";"Desrespeitar a preferência no cruzamento";"Colisão transversal";"Com Vítimas Fatais";"Plena Noite";"Crescente";"Céu Claro";"Simples";"Reta;Rotatória";"Não";2;1;0;0;1;0;0;2;-11,39433203;-37,67508698;"SPRF-SE";"DEL02-SE";"UOP03-DEL02-SE"
556425;2023-10-21;"sábado";"19:30:00";"MG";381;813,1;"CAREACU";"Reação tardia ou ineficiente do condutor";"Colisão com objeto";"Com Vítimas Feridas";"Plena Noite";"Decrescente";"Céu Claro";"Dupla";"Curva";"Não";1;0;1;0;0;0;1;1;-22,0714422;-45,70245174;"SPRF-MG";"DEL16-MG";"UOP02-DEL16-MG"
556426;2023-10-21;"sábado";"23:40:00";"PR";277;133,2;"BALSA NOVA";"Demais falhas mecânicas ou elétricas";"Incêndio";"Sem Vítimas";"Plena Noite";"Crescente";"Nublado";"Dupla";"Reta";"Não";2;0;0;0;1;1;0;2;-25,47160656;-49,66597617;"SPRF-PR";"DEL03-PR";"UOP03-DEL03-PR"
556430;2023-10-21;"sábado";"18:35:00";"MA";316;365;"BACABAL";"Ingestão de álcool pelo condutor";"Colisão frontal";"Com Vítimas Fatais";"Plena Noite";"Crescente";"Céu Claro";"Simples";"Reta";"Não";2;1;0;0;0;1;0;2;-4,221842;-44,751778;"SPRF-MA";"DEL03-MA";"UOP01-DEL03-MA"
556433;2023-10-21;"sábado";"22:10:00";"PE";110;221;"PETROLANDIA";"Reação tardia ou ineficiente do condutor";"Colisão frontal";"Com Vítimas Feridas";"Plena Noite";"Decrescente";"Céu Claro";"Simples";"Reta;Em Obras";"Não";2;0;0;1;1;0;1;2;-9,00976043;-38,22464347;"SPRF-BA";"DEL07-BA";"UOP01-DEL07-BA"
556436;2023-10-22;"domingo";"00:00:00";"SP";381;25;"BRAGANCA PAULISTA";"Reação tardia ou ineficiente do condutor";"Colisão traseira";"Com Vítimas Feridas";"Plena Noite";"Decrescente";"Céu Claro";"Dupla";"Reta;Declive";"Não";3;0;2;0;0;1;2;2;-23,02018004;-46,52966596;"SPRF-SP";"DEL03-SP";"UOP02-DEL03-SP"
556442;2023-10-22;"domingo";"00:50:00";"SP";153;72,9;"SAO JOSE DO RIO PRETO";"Condutor Dormindo";"Colisão com objeto";"Com Vítimas Feridas";"Plena Noite";"Crescente";"Céu Claro";"Dupla";"Reta";"Não";3;0;0;1;1;1;1;3;-20,86715501;-49,41334398;"SPRF-SP";"DEL09-SP";"UOP01-DEL09-SP"
556445;2023-10-22;"domingo";"02:30:00";"MG";262;358;"BETIM";"Manobra de mudança de faixa";"Colisão lateral mesmo sentido";"Sem Vítimas";"Plena Noite";"Decrescente";"Céu Claro";"Dupla";"Reta";"Não";2;0;0;0;1;1;0;2;-19,97562699;-44,197751;"SPRF-MG";"DEL01-MG";"UOP03-DEL01-MG"
556453;2023-10-22;"domingo";"04:00:00";"SP";116;96;"PINDAMONHANGABA";"Reação tardia ou ineficiente do condutor";"Colisão traseira";"Com Vítimas Feridas";"Plena Noite";"Crescente";"Céu Claro";"Dupla";"Reta";"Não";2;0;1;0;1;0;1;2;-22,96945055;-45,43869623;"SPRF-SP";"DEL08-SP";"UOP01-DEL08-SP"
556460;2023-10-22;"domingo";"02:30:00";"MA";316;587;"CAXIAS";"Manobra de mudança de faixa";"Colisão frontal";"Com Vítimas Fatais";"Plena Noite";"Crescente";"Céu Claro";"Simples";"Declive";"Não";2;1;0;0;0;1;0;2;-4,988132;-43,06432;"SPRF-MA";"DEL03-MA";"UOP02-DEL03-MA"
556461;2023-10-22;"domingo";"05:35:00";"RS";285;191,6;"LAGOA VERMELHA";"Transitar na contramão";"Colisão frontal";"Com Vítimas Fatais";"Amanhecer";"Crescente";"Céu Claro";"Simples";"Reta";"Não";3;1;0;0;1;1;0;3;-28,260914;-51,480103;"SPRF-RS";"DEL08-RS";"UOP05-DEL08-RS"
556466;2023-10-21;"sábado";"19:15:00";"MT";163;583;"NOVA MUTUM";"Acostamento em desnível";"Saída de leito carroçável";"Com Vítimas Fatais";"Anoitecer";"Decrescente";"Garoa/Chuvisco";"Simples";"Reta";"Não";2;1;0;0;0;1;0;2;-14,05793518;-56,09856364;"SPRF-MT";"DEL01-MT";"UOP01-DEL01-MT"
556470;2023-10-22;"domingo";"05:45:00";"AL";104;38,6;"UNIAO DOS PALMARES";"Ingestão de álcool pelo condutor";"Colisão traseira";"Sem Vítimas";"Pleno dia";"Decrescente";"Céu Claro";"Simples";"Reta";"Não";2;0;0;0;2;0;0;2;-9,19029401;-36,03691216;"SPRF-AL";"DEL01-AL";"UOP02-DEL01-AL"
556486;2023-10-22;"domingo";"06:30:00";"MG";116;421,5;"ALPERCATA";"Transitar na contramão";"Colisão lateral sentido oposto";"Sem Vítimas";"Pleno dia";"Decrescente";"Nublado";"Simples";"Reta";"Não";3;0;0;0;2;3;0;5;-18,93669975;-41,94751431;"SPRF-MG";"DEL06-MG";"UOP01-DEL06-MG"
556488;2023-10-22;"domingo";"07:20:00";"SP";116;143,4;"SAO JOSE DOS CAMPOS";"Manobra de mudança de faixa";"Colisão lateral mesmo sentido";"Sem Vítimas";"Pleno dia";"Crescente";"Céu Claro";"Dupla";"Reta";"Sim";3;0;0;0;2;1;0;3;-23,17849879;-45,83787411;"SPRF-SP";"DEL02-SP";"UOP01-DEL02-SP"
556489;2023-10-22;"domingo";"00:55:00";"PR";476;349;"PAULA FREITAS";"Ingestão de álcool pelo condutor";"Colisão frontal";"Sem Vítimas";"Plena Noite";"Decrescente";"Céu Claro";"Simples";"Curva";"Não";3;0;0;0;1;3;0;4;-26,183485;-50,969498;"SPRF-PR";"DEL02-PR";"UOP03-DEL02-PR"
556494;2023-10-22;"domingo";"07:50:00";"MG";381;439;"SABARA";"Velocidade Incompatível";"Tombamento";"Com Vítimas Feridas";"Pleno dia";"Crescente";"Sol";"Simples";"Curva;Aclive";"Não";2;0;0;1;1;0;1;2;-19,799134;-43,760658;"SPRF-MG";"DEL01-MG";"UOP01-DEL01-MG"
556509;2023-10-22;"domingo";"09:45:00";"PI";316;1,5;"TERESINA";"Trafegar com motocicleta (ou similar) entre as faixas";"Tombamento";"Com Vítimas Fatais";"Pleno dia";"Decrescente";"Sol";"Múltipla";"Curva";"Sim";3;1;0;0;1;3;0;5;-5,12861853;-42,80706778;"SPRF-PI";"DEL01-PI";"UOP02-DEL01-PI"
556511;2023-10-22;"domingo";"10:25:00";"RS";290;91;"PORTO ALEGRE";"Reação tardia ou ineficiente do condutor";"Colisão traseira";"Com Vítimas Feridas";"Pleno dia";"Decrescente";"Céu Claro";"Múltipla";"Reta";"Não";4;0;1;0;3;0;1;3;-29,968319;-51,157398;"SPRF-RS";"DEL01-RS";"UOP01-DEL01-RS"
556514;2023-09-24;"domingo";"17:20:00";"ES";101;450;"MIMOSO DO SUL";"Carga excessiva e/ou mal acondicionada";"Derramamento de carga";"Com Vítimas Feridas";"Anoitecer";"Crescente";"Céu Claro";"Simples";"Curva";"Não";4;0;1;0;2;1;1;3;-21,14473102;-41,27036927;"SPRF-ES";"DEL03-ES";"UOP02-DEL03-ES"
556521;2023-10-22;"domingo";"11:25:00";"MG";153;133,5;"PRATA";"Reação tardia ou ineficiente do condutor";"Colisão traseira";"Com Vítimas Feridas";"Pleno dia";"Decrescente";"Sol";"Simples";"Reta;Aclive";"Não";3;0;1;0;1;2;1;4;-19,51436207;-48,84030206;"SPRF-MG";"DEL15-MG";"UOP03-DEL15-MG"
556523;2023-10-22;"domingo";"11:15:00";"PR";376;667;"GUARATUBA";"Reação tardia ou ineficiente do condutor";"Colisão com objeto";"Com Vítimas Feridas";"Pleno dia";"Decrescente";"Céu Claro";"Dupla";"Reta";"Não";3;0;1;0;1;1;1;3;-25,86679247;-48,93404961;"SPRF-PR";"DEL01-PR";"UOP04-DEL01-PR"
556540;2023-09-24;"domingo";"20:00:00";"CE";20;397,4;"CAUCAIA";"Transitar na contramão";"Colisão lateral sentido oposto";"Com Vítimas Feridas";"Plena Noite";"Decrescente";"Céu Claro";"Simples";"Reta";"Não";2;0;1;0;1;0;1;2;-3,81514626;-38,73711679;"SPRF-CE";"DEL01-CE";"UOP01-DEL01-CE"
556541;2023-10-22;"domingo";"12:20:00";"PR";277;396;"CANDOI";"Acessar a via sem observar a presença dos outros veículos";"Colisão transversal";"Com Vítimas Feridas";"Pleno dia";"Decrescente";"Céu Claro";"Simples";"Reta;Declive";"Sim";2;0;0;1;1;0;1;2;-25,451704;-51,932827;"SPRF-PR";"DEL08-PR";"UOP01-DEL08-PR"
556546;2023-10-22;"domingo";"14:50:00";"MG";365;620;"UBERLANDIA";"Ausência de reação do condutor";"Colisão lateral mesmo sentido";"Com Vítimas Feridas";"Pleno dia";"Decrescente";"Sol";"Dupla";"Viaduto";"Sim";3;0;1;0;1;1;1;3;-18,88395498;-48,26579332;"SPRF-MG";"DEL15-MG";"UOP01-DEL15-MG"
556552;2023-10-22;"domingo";"14:55:00";"PR";369;172,9;"ROLANDIA";"Condutor deixou de manter distância do veículo da frente";"Colisão traseira";"Com Vítimas Feridas";"Pleno dia";"Crescente";"Céu Claro";"Simples";"Reta";"Sim";5;0;2;0;3;0;2;2;-23,30849;-51,367684;"SPRF-PR";"DEL07-PR";"UOP01-DEL07-PR"
556574;2023-10-22;"domingo";"17:10:00";"SP";116;31;"CRUZEIRO";"Frear bruscamente";"Colisão traseira";"Com Vítimas Feridas";"Anoitecer";"Crescente";"Céu Claro";"Dupla";"Declive";"Não";3;0;1;0;1;2;1;4;-22,63966194;-44,93868903;"SPRF-SP";"DEL08-SP";"UOP02-DEL08-SP"
556579;2023-10-22;"domingo";"15:11:00";"PI";135;553,8;"SAO GONCALO DO GURGUEIA";"Velocidade Incompatível";"Tombamento";"Com Vítimas Feridas";"Pleno dia";"Crescente";"Céu Claro";"Simples";"Declive";"Não";2;0;1;0;0;2;1;3;-10,12504075;-45,23347393;"SPRF-PI";"DEL03-PI";"UOP02-DEL03-PI"
556590;2023-10-22;"domingo";"14:45:00";"ES";262;154,9;"IBATIBA";"Participar de racha";"Tombamento";"Com Vítimas Feridas";"Pleno dia";"Crescente";"Céu Claro";"Simples";"Reta";"Não";2;0;1;0;0;1;1;2;-20,22651793;-41,47055672;"SPRF-ES";"DEL01-ES";"UOP02-DEL01-ES"
556596;2023-10-22;"domingo";"17:30:00";"PR";277;352,8;"GUARAPUAVA";"Transitar na contramão";"Colisão lateral sentido oposto";"Com Vítimas Fatais";"Pleno dia";"Crescente";"Céu Claro";"Simples";"Reta;Declive";"Não";5;1;0;0;2;4;0;7;-25,404604;-51,54825;"SPRF-PR";"DEL08-PR";"UOP01-DEL08-PR"
556611;2023-10-22;"domingo";"19:10:00";"PR";153;34,7;"SANTO ANTONIO DA PLATINA";"Condutor deixou de manter distância do veículo da frente";"Colisão traseira";"Sem Vítimas";"Plena Noite";"Decrescente";"Céu Claro";"Simples";"Reta";"Não";2;0;0;0;1;1;0;2;-23,24053595;-50,03827052;"SPRF-PR";"DEL07-PR";"UOP04-DEL07-PR"
556612;2023-10-22;"domingo";"20:30:00";"SC";101;203;"SAO JOSE";"Ingestão de álcool pelo condutor";"Colisão lateral mesmo sentido";"Com Vítimas Feridas";"Plena Noite";"Crescente";"Céu Claro";"Múltipla";"Reta";"Sim";3;0;1;0;1;1;1;3;-27,5650044;-48,61460082;"SPRF-SC";"DEL01-SC";"UOP01-DEL01-SC"
556616;2023-10-22;"domingo";"19:45:00";"BA";324;625,7;"SALVADOR";"Acessar a via sem observar a presença dos outros veículos";"Colisão lateral mesmo sentido";"Com Vítimas Feridas";"Plena Noite";"Decrescente";"Céu Claro";"Múltipla";"Reta";"Sim";3;0;2;0;1;0;2;2;-12,95020997;-38,47073108;"SPRF-BA";"DEL01-BA";"UOP01-DEL01-BA"
556621;2023-10-22;"domingo";"19:00:00";"PE";316;56;"TRINDADE";"Transitar na contramão";"Colisão transversal";"Com Vítimas Fatais";"Plena Noite";"Decrescente";"Céu Claro";"Simples";"Reta";"Sim";3;2;0;0;0;1;0;2;-7,74380917;-40,27876107;"SPRF-PE";"DEL05-PE";"UOP02-DEL05-PE"
556630;2023-10-02;"segunda-feira";"13:30:00";"PR";476;148,8;"ARAUCARIA";"Avarias e/ou desgaste excessivo no pneu";"Saída de leito carroçável";"Sem Vítimas";"Pleno dia";"Decrescente";"Céu Claro";"Dupla";"Reta";"Sim";2;0;0;0;1;1;0;2;-25,557121;-49,348732;"SPRF-PR";"DEL01-PR";"UOP06-DEL01-PR"
556635;2023-10-22;"domingo";"20:00:00";"GO";20;242,8;"POSSE";"Condutor deixou de manter distância do veículo da frente";"Colisão traseira";"Com Vítimas Feridas";"Plena Noite";"Crescente";"Céu Claro";"Simples";"Reta;Aclive";"Não";4;0;0;2;1;1;2;3;-14,028019;-46,240612;"SPRF-DF";"DEL02-DF";"UOP03-DEL02-DF"
556638;2023-10-22;"domingo";"23:00:00";"MG";381;933,5;"EXTREMA";"Ausência de reação do condutor";"Colisão traseira";"Com Vítimas Feridas";"Plena Noite";"Crescente";"Céu Claro";"Dupla";"Reta";"Não";5;0;1;0;3;1;1;3;-22,79924518;-46,25662994;"SPRF-MG";"DEL16-MG";"UOP03-DEL16-MG"
556644;2023-10-22;"domingo";"23:23:00";"PE";101;54;"PAULISTA";"Reação tardia ou ineficiente do condutor";"Colisão traseira";"Com Vítimas Fatais";"Plena Noite";"Decrescente";"Céu Claro";"Dupla";"Reta";"Não";2;1;0;0;1;0;0;2;-7,93961103;-34,90356584;"SPRF-PE";"DEL01-PE";"UOP02-DEL01-PE"
556651;2023-10-22;"domingo";"20:19:00";"MA";316;19;"BOA VISTA DO GURUPI";"Condutor Dormindo";"Colisão frontal";"Com Vítimas Feridas";"Plena Noite";"Crescente";"Céu Claro";"Simples";"Reta";"Não";3;0;0;1;2;0;1;2;-1,810366;-46,162472;"SPRF-MA";"DEL02-MA";"UOP02-DEL02-MA"
556653;2023-10-22;"domingo";"22:45:00";"PR";277;367;"GUARAPUAVA";"Ausência de reação do condutor";"Colisão traseira";"Sem Vítimas";"Plena Noite";"Decrescente";"Céu Claro";"Simples";"Reta";"Não";2;0;0;0;1;1;0;2;-25,439212;-51,625785;"SPRF-PR";"DEL08-PR";"UOP01-DEL08-PR"
556654;2023-10-23;"segunda-feira";"01:15:00";"ES";101;318,9;"VILA VELHA";"Ingestão de álcool pelo condutor";"Colisão traseira";"Sem Vítimas";"Plena Noite";"Crescente";"Céu Claro";"Dupla";"Curva";"Não";3;0;0;0;2;1;0;3;-20,50358302;-40,47483522;"SPRF-ES";"DEL01-ES";"UOP01-DEL01-ES"
556657;2023-10-23;"segunda-feira";"01:00:00";"MG";40;300,1;"TRES MARIAS";"Velocidade Incompatível";"Tombamento";"Com Vítimas Feridas";"Plena Noite";"Crescente";"Céu Claro";"Simples";"Declive;Curva;Ponte";"Não";2;0;0;1;0;1;1;2;-18,35277404;-45,09316921;"SPRF-MG";"DEL14-MG";"UOP02-DEL14-MG"
556658;2023-10-22;"domingo";"23:40:00";"SP";116;417;"JUQUIA";"Acessar a via sem observar a presença dos outros veículos";"Atropelamento de Pedestre";"Com Vítimas Fatais";"Plena Noite";"Crescente";"Céu Claro";"Dupla";"Curva";"Não";3;1;0;0;1;1;0;3;-24,348866;-47,651479;"SPRF-SP";"DEL05-SP";"UOP01-DEL05-SP"