"id";"data_inversa";"dia_semana";"horario";"uf";"br";"km";"municipio";"causa_acidente";"tipo_acidente";"classificacao_acidente";"fase_dia";"sentido_via";"condicao_metereologica";"tipo_pista";"tracado_via";"uso_solo";"pessoas";"mortos";"feridos_leves";"feridos_graves";"ilesos";"ignorados";"feridos";"veiculos";"latitude";"longitude";"regional";"delegacia";"uop"
556661;2023-10-23;"segunda-feira";"02:45:00";"RJ";101;204,7;"CASIMIRO DE ABREU";"Transitar na contramão";"Colisão transversal";"Com Vítimas Feridas";"Plena Noite";"Decrescente";"Nublado";"Dupla";"Reta";"Sim";2;0;0;1;1;0;1;2;-22,47451129;-42,18198196;"SPRF-RJ";"DEL08-RJ";"UOP04-DEL08-RJ"
556664;2023-10-23;"segunda-feira";"02:00:00";"PE";232;124;"CARUARU";"Ingestão de álcool pelo condutor";"Saída de leito carroçável";"Sem Vítimas";"Plena Noite";"Crescente";"Céu Claro";"Dupla";"Reta;Declive";"Não";1;0;0;0;1;0;0;1;-8,307852;-35,945202;"SPRF-PE";"DEL02-PE";"UOP01-DEL02-PE"
556665;2023-10-23;"segunda-feira";"04:15:00";"RS";386;346,5;"LAJEADO";"Entrada inopinada do pedestre";"Atropelamento de Pedestre";"Com Vítimas Fatais";"Plena Noite";"Decrescente";"Nublado";"Dupla";"Em Obras;Reta;Declive";"Sim";2;1;0;0;1;0;0;2;-29,44925548;-51,97056234;"SPRF-RS";"DEL04-RS";"UOP01-DEL04-RS"
556666;2023-10-23;"segunda-feira";"03:38:00";"PR";163;146;"CAPITAO LEONIDAS MARQUES";"Condutor Dormindo";"Colisão traseira";"Com Vítimas Feridas";"Plena Noite";"Crescente";"Céu Claro";"Dupla";"Reta";"Não";5;0;0;2;2;1;2;3;-25,45252699;-53,58199031;"SPRF-PR";"DEL05-PR";"UOP05-DEL05-PR"
556667;2023-10-23;"segunda-feira";"00:40:00";"MG";116;498;"INHAPIM";"Transitar na contramão";"Colisão frontal";"Com Vítimas Fatais";"Plena Noite";"Decrescente";"Céu Claro";"Simples";"Curva";"Não";3;1;0;0;1;2;0;4;-19,54476495;-42,12568405;"SPRF-MG";"DEL06-MG";"UOP02-DEL06-MG"
556676;2023-10-23;"segunda-feira";"06:30:00";"PE";104;53,3;"CARUARU";"Condutor deixou de manter distância do veículo da frente";"Colisão traseira";"Com Vítimas Feridas";"Pleno dia";"Crescente";"Céu Claro";"Dupla";"Reta";"Sim";3;0;1;0;2;0;1;2;-8,1837;-35,967;"SPRF-PE";"DEL02-PE";"UOP01-DEL02-PE"
556685;2023-10-23;"segunda-feira";"06:50:00";"SC";470;88;"ASCURRA";"Acessar a via sem observar a presença dos outros veículos";"Colisão transversal";"Com Vítimas Feridas";"Pleno dia";"Decrescente";"Céu Claro";"Simples";"Reta";"Não";2;0;0;1;1;0;1;2;-26,955355;-49,373169;"SPRF-SC";"DEL04-SC";"UOP01-DEL04-SC"
556690;2023-10-23;"segunda-feira";"04:10:00";"PR";277;146,4;"PORTO AMAZONAS";"Reação tardia ou ineficiente do condutor";"Colisão frontal";"Com Vítimas Fatais";"Amanhecer";"Crescente";"Céu Claro";"Simples";"Reta";"Não";2;1;1;0;0;0;1;2;-25,46425755;-49,75777745;"SPRF-PR";"DEL03-PR";"UOP03-DEL03-PR"
556701;2023-10-23;"segunda-feira";"06:10:00";"PR";158;507,1;"CORONEL VIVIDA";"Suicídio (presumido)";"Colisão frontal";"Com Vítimas Fatais";"Amanhecer";"Crescente";"Céu Claro";"Simples";"Declive";"Não";2;1;0;0;1;0;0;2;-26,02180124;-52,57733183;"SPRF-PR";"DEL02-PR";"UOP01-DEL02-PR"
556707;2023-10-23;"segunda-feira";"08:25:00";"SP";116;514;"CAJATI";"Reação tardia ou ineficiente do condutor";"Tombamento";"Com Vítimas Feridas";"Pleno dia";"Decrescente";"Céu Claro";"Simples";"Declive;Curva";"Não";2;0;1;0;0;1;1;2;-24,85874304;-48,21731282;"SPRF-SP";"DEL05-SP";"UOP02-DEL05-SP"
556711;2023-10-23;"segunda-feira";"08:50:00";"RJ";116;185;"NOVA IGUACU";"Acessar a via sem observar a presença dos outros veículos";"Colisão lateral mesmo sentido";"Com Vítimas Feridas";"Pleno dia";"Decrescente";"Céu Claro";"Dupla";"Reta";"Sim";2;0;1;0;1;0;1;2;-22,74151051;-43,45351823;"SPRF-RJ";"DEL01-RJ";"UOP02-DEL01-RJ"
556713;2023-10-23;"segunda-feira";"07:15:00";"MG";262;697;"ARAXA";"Reação tardia ou ineficiente do condutor";"Colisão lateral sentido oposto";"Com Vítimas Feridas";"Pleno dia";"Decrescente";"Céu Claro";"Simples";"Curva";"Não";3;0;1;0;0;2;1;3;-19,57023514;-47,033239;"SPRF-MG";"DEL08-MG";"UOP01-DEL08-MG"
556715;2023-10-23;"segunda-feira";"08:40:00";"RO";319;58;"PORTO VELHO";"Acessar a via sem observar a presença dos outros veículos";"Atropelamento de Pedestre";"Com Vítimas Feridas";"Pleno dia";"Crescente";"Céu Claro";"Dupla";"Reta";"Sim";2;0;1;0;1;0;1;2;-8,74334239;-63,91144037;"SPRF-RO";"DEL01-RO";"UOP01-DEL01-RO"
556716;2023-07-03;"segunda-feira";"03:15:00";"MG";50;2,3;"ARAGUARI";"Condutor Dormindo";"Colisão traseira";"Com Vítimas Feridas";"Plena Noite";"Decrescente";"Céu Claro";"Dupla";"Reta;Declive";"Não";3;0;0;1;1;1;1;3;-18,43742886;-48,05720379;"SPRF-MG";"DEL15-MG";"UOP02-DEL15-MG"
556718;2023-10-23;"segunda-feira";"09:00:00";"PR";376;617;"SAO JOSE DOS PINHAIS";"Reação tardia ou ineficiente do condutor";"Colisão lateral mesmo sentido";"Com Vítimas Feridas";"Pleno dia";"Decrescente";"Céu Claro";"Dupla";"Curva;Aclive";"Não";3;0;1;0;1;1;1;2;-25,58426494;-49,17618795;"SPRF-PR";"DEL01-PR";"UOP04-DEL01-PR"
556721;2023-10-23;"segunda-feira";"10:16:00";"MG";153;155,8;"COMENDADOR GOMES";"Ausência de reação do condutor";"Colisão lateral sentido oposto";"Com Vítimas Fatais";"Pleno dia";"Crescente";"Céu Claro";"Simples";"Reta;Declive";"Não";5;1;1;0;2;5;1;9;-19,6285026;-48,9230104;"SPRF-MG";"DEL13-MG";"UOP02-DEL13-MG"
556725;2023-10-17;"terça-feira";"20:35:00";"AM";319;230;"BORBA";"Demais falhas mecânicas ou elétricas";"Colisão lateral mesmo sentido";"Sem Vítimas";"Plena Noite";"Decrescente";"Céu Claro";"Dupla";"Reta";"Sim";2;0;0;0;2;0;0;2;-4,713223;-61,292989;"SPRF-AM";"DEL01-AM";"UOP04-DEL01-AM"
556727;2023-10-07;"sábado";"04:52:00";"SC";282;548;"CHAPECO";"Condutor Dormindo";"Colisão lateral sentido oposto";"Com Vítimas Feridas";"Amanhecer";"Decrescente";"Chuva";"Simples";"Reta";"Não";3;0;1;0;2;0;1;2;-26,968346;-52,753883;"SPRF-SC";"DEL07-SC";"UOP01-DEL07-SC"
556732;2023-10-23;"segunda-feira";"10:15:00";"PR";277;376;"GUARAPUAVA";"Reação tardia ou ineficiente do condutor";"Colisão traseira";"Com Vítimas Feridas";"Pleno dia";"Decrescente";"Céu Claro";"Simples";"Reta";"Não";4;0;1;0;2;1;1;3;-25,40828607;-51,70201699;"SPRF-PR";"DEL08-PR";"UOP01-DEL08-PR"
556733;2023-10-23;"segunda-feira";"11:20:00";"CE";116;26;"ITAITINGA";"Ausência de reação do condutor";"Colisão traseira";"Com Vítimas Feridas";"Pleno dia";"Crescente";"Céu Claro";"Múltipla";"Reta";"Não";3;0;0;2;0;1;2;2;-3,9752959;-38,51436047;"SPRF-CE";"DEL01-CE";"UOP02-DEL01-CE"
556739;2023-10-23;"segunda-feira";"09:45:00";"GO";153;501;"GOIANIA";"Mal súbito do condutor";"Colisão traseira";"Com Vítimas Feridas";"Pleno dia";"Crescente";"Céu Claro";"Dupla";"Reta";"Sim";5;0;0;2;1;2;2;5;-16,7189;-49,2382;"SPRF-GO";"DEL01-GO";"UOP01-DEL01-GO"
556742;2023-10-23;"segunda-feira";"10:15:00";"MT";163;745;"SORRISO";"Acesso irregular";"Colisão transversal";"Com Vítimas Feridas";"Pleno dia";"Crescente";"Céu Claro";"Simples";"Aclive";"Sim";2;0;1;0;1;0;1;2;-12,612105;-55,758782;"SPRF-MT";"DEL06-MT";"UOP01-DEL06-MT"
556747;2023-10-23;"segunda-feira";"12:13:00";"DF";20;6;"BRASILIA";"Acessar a via sem observar a presença dos outros veículos";"Colisão lateral mesmo sentido";"Com Vítimas Feridas";"Pleno dia";"Crescente";"Céu Claro";"Dupla";"Viaduto;Reta;Aclive";"Sim";3;0;1;0;2;0;1;2;-15,665888;-47,808308;"SPRF-DF";"DEL02-DF";"UOP01-DEL02-DF"
556750;2023-10-23;"segunda-feira";"10:30:00";"RS";392;266;"CACAPAVA DO SUL";"Ausência de reação do condutor";"Saída de leito carroçável";"Com Vítimas Feridas";"Pleno dia";"Crescente";"Chuva";"Simples";"Curva";"Não";2;0;1;0;0;1;1;2;-30,42600205;-53,49895076;"SPRF-RS";"DEL09-RS";"UOP02-DEL09-RS"
556752;2023-09-25;"segunda-feira";"15:30:00";"MG";381;481,5;"CONTAGEM";"Acessar a via sem observar a presença dos outros veículos";"Colisão lateral mesmo sentido";"Com Vítimas Feridas";"Pleno dia";"Crescente";"Céu Claro";"Dupla";"Reta;Aclive;Interseção de Vias";"Sim";2;0;1;0;0;1;1;2;-19,95931561;-44,08825597;"SPRF-MG";"DEL01-MG";"UOP03-DEL01-MG"
556753;2023-10-23;"segunda-feira";"07:10:00";"AL";316;79;"SANTANA DO IPANEMA";"Ultrapassagem Indevida";"Colisão lateral mesmo sentido";"Sem Vítimas";"Pleno dia";"Crescente";"Céu Claro";"Simples";"Reta";"Sim";2;0;0;0;2;0;0;2;-9,34022598;-37,28513299;"SPRF-AL";"DEL03-AL";"UOP02-DEL03-AL"
556754;2023-10-23;"segunda-feira";"09:30:00";"MG";116;215,3;"CATUJI";"Manobra de mudança de faixa";"Colisão lateral mesmo sentido";"Com Vítimas Feridas";"Pleno dia";"Decrescente";"Céu Claro";"Dupla";"Reta;Aclive";"Não";3;0;2;0;1;0;2;2;-17,36742595;-41,53218172;"SPRF-MG";"DEL11-MG";"UOP01-DEL11-MG"
556756;2023-10-23;"segunda-feira";"12:30:00";"RJ";40;113;"DUQUE DE CAXIAS";"Ausência de reação do condutor";"Tombamento";"Com Vítimas Feridas";"Pleno dia";"Crescente";"Céu Claro";"Simples";"Retorno Regulamentado";"Não";2;0;2;0;0;0;2;1;-22,70948502;-43,29040354;"SPRF-RJ";"DEL01-RJ";"UOP01-DEL01-RJ"
556757;2023-05-22;"segunda-feira";"18:20:00";"MG";365;5,5;"MONTES CLAROS";"Condutor deixou de manter distância do veículo da frente";"Colisão traseira";"Com Vítimas Feridas";"Plena Noite";"Crescente";"Céu Claro";"Simples";"Aclive;Ponte;Curva;Viaduto";"Não";3;0;0;1;0;3;1;4;-16,74574399;-43,88392402;"SPRF-MG";"DEL12-MG";"UOP01-DEL12-MG"
556765;2023-10-23;"segunda-feira";"12:40:00";"CE";116;358;"ICO";"Ausência de reação do condutor";"Tombamento";"Sem Vítimas";"Pleno dia";"Decrescente";"Céu Claro";"Simples";"Reta";"Não";2;0;0;0;1;1;0;2;-6,310941;-38,730328;"SPRF-CE";"DEL05-CE";"UOP02-DEL05-CE"
556766;2023-10-23;"segunda-feira";"14:20:00";"GO";452;0;"RIO VERDE";"Velocidade Incompatível";"Tombamento";"Sem Vítimas";"Pleno dia";"Decrescente";"Céu Claro";"Dupla";"Declive;Curva";"Sim";2;0;0;0;1;2;0;3;-17,786345;-50,901516;"SPRF-GO";"DEL04-GO";"UOP01-DEL04-GO"
556769;2023-09-27;"quarta-feira";"15:30:00";"ES";259;4,2;"JOAO NEIVA";"Manobra de mudança de faixa";"Colisão lateral sentido oposto";"Com Vítimas Feridas";"Pleno dia";"Decrescente";"Céu Claro";"Simples";"Reta";"Não";6;0;2;0;3;1;2;4;-19,72128119;-40,37548817;"SPRF-ES";"DEL02-ES";"UOP01-DEL02-ES"
556771;2023-10-23;"segunda-feira";"14:30:00";"MG";262;548,4;"LUZ";"Demais falhas mecânicas ou elétricas";"Saída de leito carroçável";"Com Vítimas Feridas";"Pleno dia";"Decrescente";"Sol";"Simples";"Curva;Declive";"Não";2;0;1;0;0;1;1;2;-19,743116;-45,85796356;"SPRF-MG";"DEL08-MG";"UOP02-DEL08-MG"
556774;2023-10-23;"segunda-feira";"15:15:00";"PB";101;89;"JOAO PESSOA";"Acessar a via sem observar a presença dos outros veículos";"Colisão lateral mesmo sentido";"Com Vítimas Feridas";"Pleno dia";"Crescente";"Céu Claro";"Dupla";"Reta;Retorno Regulamentado";"Sim";2;0;1;0;1;0;1;2;-7,1710694;-34,89765372;"SPRF-PB";"DEL01-PB";"UOP02-DEL01-PB"
556777;2023-10-23;"segunda-feira";"14:00:00";"PE";101;52;"PAULISTA";"Condutor deixou de manter distância do veículo da frente";"Colisão traseira";"Com Vítimas Feridas";"Pleno dia";"Crescente";"Céu Claro";"Dupla";"Reta";"Sim";3;0;2;0;1;0;2;2;-7,92358799;-34,89607201;"SPRF-PE";"DEL01-PE";"UOP02-DEL01-PE"
556782;2023-10-23;"segunda-feira";"14:40:00";"BA";101;570;"ARATACA";"Velocidade Incompatível";"Colisão frontal";"Com Vítimas Fatais";"Pleno dia";"Crescente";"Garoa/Chuvisco";"Simples";"Curva";"Não";7;4;0;1;1;1;1;3;-15,3853068;-39,48541982;"SPRF-BA";"DEL05-BA";"UOP02-DEL05-BA"
556783;2023-10-23;"segunda-feira";"15:05:00";"MS";262;196;"RIBAS DO RIO PARDO";"Ausência de reação do condutor";"Colisão traseira";"Com Vítimas Feridas";"Pleno dia";"Crescente";"Céu Claro";"Simples";"Reta;Aclive";"Não";4;0;0;1;1;2;1;3;-20,45509117;-53,34808597;"SPRF-MS";"DEL07-MS";"UOP02-DEL07-MS"
556784;2023-10-23;"segunda-feira";"16:00:00";"RS";285;297,5;"PASSO FUNDO";"Ausência de reação do condutor";"Colisão traseira";"Sem Vítimas";"Pleno dia";"Decrescente";"Nublado";"Simples";"Reta";"Não";8;0;0;0;8;0;0;2;-28,235136;-52,413391;"SPRF-RS";"DEL08-RS";"UOP03-DEL08-RS"
556785;2023-10-23;"segunda-feira";"16:02:00";"GO";60;392;"RIO VERDE";"Acesso irregular";"Tombamento";"Com Vítimas Feridas";"Pleno dia";"Decrescente";"Chuva";"Simples";"Curva;Aclive";"Sim";2;0;0;1;1;0;1;1;-17,8266;-50,9789;"SPRF-GO";"DEL04-GO";"UOP02-DEL04-GO"
556788;2023-10-23;"segunda-feira";"15:30:00";"MG";381;492;"BETIM";"Condutor deixou de manter distância do veículo da frente";"Colisão traseira";"Com Vítimas Feridas";"Pleno dia";"Crescente";"Céu Claro";"Múltipla";"Reta";"Sim";5;0;1;0;3;1;1;4;-19,97490091;-44,19004301;"SPRF-MG";"DEL01-MG";"UOP03-DEL01-MG"
556794;2023-10-23;"segunda-feira";"16:40:00";"SP";116;170;"JACAREI";"Acessar a via sem observar a presença dos outros veículos";"Colisão transversal";"Sem Vítimas";"Pleno dia";"Decrescente";"Céu Claro";"Dupla";"Curva;Declive";"Não";4;0;0;0;3;1;0;4;-23,30794749;-46,0548351;"SPRF-SP";"DEL02-SP";"UOP01-DEL02-SP"
556796;2023-10-23;"segunda-feira";"16:25:00";"MG";262;67,7;"MATIPO";"Manobra de mudança de faixa";"Colisão lateral mesmo sentido";"Com Vítimas Feridas";"Anoitecer";"Crescente";"Nublado";"Simples";"Reta;Rotatória";"Sim";3;0;1;1;1;0;2;2;-20,30577418;-42,26805605;"SPRF-MG";"DEL06-MG";"UOP03-DEL06-MG"
556797;2023-10-23;"segunda-feira";"17:00:00";"RJ";116;176;"SAO JOAO DE MERITI";"Condutor deixou de manter distância do veículo da frente";"Colisão traseira";"Com Vítimas Feridas";"Pleno dia";"Crescente";"Céu Claro";"Múltipla";"Reta";"Sim";3;0;1;0;2;0;1;3;-22,7839538;-43,38195488;"SPRF-RJ";"DEL01-RJ";"UOP02-DEL01-RJ"
556798;2023-10-23;"segunda-feira";"16:00:00";"MS";262;234;"RIBAS DO RIO PARDO";"Condutor Dormindo";"Colisão frontal";"Com Vítimas Feridas";"Pleno dia";"Decrescente";"Céu Claro";"Simples";"Reta";"Não";3;0;1;0;1;2;1;4;-20,46093745;-53,70889786;"SPRF-MS";"DEL01-MS";"UOP01-DEL01-MS"
556802;2023-10-23;"segunda-feira";"15:40:00";"BA";101;746;"ITABELA";"Reação tardia ou ineficiente do condutor";"Colisão frontal";"Com Vítimas Feridas";"Pleno dia";"Crescente";"Nublado";"Simples";"Declive;Curva";"Não";3;0;1;0;0;2;1;3;-16,58386083;-39,5552659;"SPRF-BA";"DEL09-BA";"UOP01-DEL09-BA"
556809;2023-10-23;"segunda-feira";"18:00:00";"PB";230;19;"JOAO PESSOA";"Manobra de mudança de faixa";"Colisão lateral mesmo sentido";"Com Vítimas Feridas";"Plena Noite";"Decrescente";"Céu Claro";"Dupla";"Curva";"Sim";3;0;1;0;1;2;1;4;-7,1281;-34,8466;"SPRF-PB";"DEL01-PB";"UOP01-DEL01-PB"
556813;2023-10-23;"segunda-feira";"13:00:00";"PR";487;135,1;"TUNEIRAS DO OESTE";"Avarias e/ou desgaste excessivo no pneu";"Colisão lateral sentido oposto";"Com Vítimas Feridas";"Pleno dia";"Crescente";"Sol";"Simples";"Reta";"Não";4;0;1;1;1;4;2;6;-23,89903;-52,786115;"SPRF-PR";"DEL09-PR";"UOP03-DEL09-PR"
556815;2023-10-06;"sexta-feira";"22:30:00";"BA";349;898;"CORRENTINA";"Ultrapassagem Indevida";"Colisão frontal";"Com Vítimas Fatais";"Plena Noite";"Decrescente";"Céu Claro";"Simples";"Aclive";"Não";3;1;0;1;1;0;1;2;-13,40088;-44,70402;"SPRF-BA";"DEL08-BA";"UOP04-DEL08-BA"
556816;2023-10-23;"segunda-feira";"15:30:00";"MG";116;626,3;"ORIZANIA";"Acessar a via sem observar a presença dos outros veículos";"Colisão transversal";"Com Vítimas Feridas";"Pleno dia";"Decrescente";"Céu Claro";"Simples";"Reta;Interseção de Vias";"Não";2;0;1;0;1;0;1;2;-20,547563;-42,208299;"SPRF-MG";"DEL07-MG";"UOP02-DEL07-MG"
556820;2023-10-23;"segunda-feira";"18:50:00";"BA";20;84;"SAO DESIDERIO";"Acessar a via sem observar a presença dos outros veículos";"Colisão lateral sentido oposto";"Com Vítimas Fatais";"Plena Noite";"Crescente";"Céu Claro";"Simples";"Reta";"Não";7;2;0;3;1;2;3;4;-13,204137;-46,040131;"SPRF-BA";"DEL10-BA";"UOP01-DEL10-BA"
556825;2023-10-23;"segunda-feira";"19:00:00";"BA";324;545;"AMELIA RODRIGUES";"Conversão proibida";"Colisão transversal";"Com Vítimas Feridas";"Plena Noite";"Crescente";"Céu Claro";"Dupla";"Reta";"Sim";3;0;0;1;1;2;1;4;-12,40647;-38,753143;"SPRF-BA";"DEL01-BA";"UOP03-DEL01-BA"
556827;2023-10-23;"segunda-feira";"18:30:00";"MG";40;504;"ESMERALDAS";"Condutor deixou de manter distância do veículo da frente";"Colisão traseira";"Com Vítimas Feridas";"Plena Noite";"Crescente";"Céu Claro";"Dupla";"Reta;Aclive";"Não";2;0;1;0;1;0;1;2;-19,72987888;-44,15253368;"SPRF-MG";"DEL02-MG";"UOP01-DEL02-MG"
556832;2023-10-23;"segunda-feira";"17:00:00";"MT";364;397,5;"CUIABA";"Chuva";"Colisão traseira";"Com Vítimas Feridas";"Anoitecer";"Crescente";"Chuva";"Dupla";"Curva";"Não";3;0;1;0;1;1;1;3;-15,66592961;-55,96128887;"SPRF-MT";"DEL01-MT";"UOP02-DEL01-MT"
556834;2023-10-20;"sexta-feira";"01:00:00";"RJ";116;45;"TERESOPOLIS";"Demais falhas mecânicas ou elétricas";"Incêndio";"Sem Vítimas";"Plena Noite";"Decrescente";"Céu Claro";"Simples";"Reta";"Não";1;0;0;0;1;0;0;1;-22,16311405;-42,81414095;"SPRF-RJ";"DEL04-RJ";"UOP01-DEL04-RJ"
556838;2023-10-23;"segunda-feira";"19:00:00";"DF";251;31,9;"BRASILIA";"Acesso irregular";"Colisão traseira";"Com Vítimas Feridas";"Plena Noite";"Crescente";"Céu Claro";"Dupla";"Aclive";"Não";2;0;0;1;1;0;1;2;-15,940314;-47,740455;"SPRF-DF";"DEL01-DF";"UOP01-DEL01-DF"
556840;2023-10-23;"segunda-feira";"19:00:00";"PR";277;318;"GUARAPUAVA";"Transitar na contramão";"Colisão frontal";"Com Vítimas Fatais";"Plena Noite";"Crescente";"Céu Claro";"Simples";"Reta";"Não";6;1;0;0;4;3;0;8;-25,370251;-51,25544;"SPRF-PR";"DEL08-PR";"UOP01-DEL08-PR"
556843;2023-10-23;"segunda-feira";"20:00:00";"SC";101;357,7;"SANGAO";"Estacionar ou parar em local proibido";"Colisão traseira";"Com Vítimas Feridas";"Plena Noite";"Crescente";"Céu Claro";"Simples";"Reta";"Não";5;0;1;0;3;2;1;4;-28,64856583;-49,10435915;"SPRF-SC";"DEL02-SC";"UOP01-DEL02-SC"
556844;2023-10-23;"segunda-feira";"20:45:00";"CE";402;217,6;"AMONTADA";"Transitar na contramão";"Colisão lateral sentido oposto";"Com Vítimas Feridas";"Plena Noite";"Crescente";"Céu Claro";"Simples";"Reta";"Não";2;0;1;0;1;0;1;2;-3,289963;-39,901437;"SPRF-CE";"DEL01-CE";"UOP03-DEL01-CE"
556845;2023-10-23;"segunda-feira";"21:30:00";"PB";230;146,9;"CAMPINA GRANDE";"Ingestão de álcool pelo condutor";"Colisão traseira";"Sem Vítimas";"Plena Noite";"Crescente";"Céu Claro";"Dupla";"Reta";"Sim";2;0;0;0;2;0;0;2;-7,2468;-35,8484;"SPRF-PB";"DEL02-PB";"UOP01-DEL02-PB"
556850;2023-10-23;"segunda-feira";"22:10:00";"SC";470;201,5;"PONTE ALTA";"Animais na Pista";"Atropelamento de Animal";"Com Vítimas Fatais";"Plena Noite";"Decrescente";"Céu Claro";"Simples";"Reta";"Não";3;1;0;0;1;1;0;3;-27,292937;-50,148372;"SPRF-SC";"DEL05-SC";"UOP03-DEL05-SC"
556851;2023-10-23;"segunda-feira";"16:40:00";"MG";50;59;"UBERLANDIA";"Velocidade Incompatível";"Colisão traseira";"Com Vítimas Feridas";"Pleno dia";"Crescente";"Sol";"Dupla";"Reta;Aclive";"Não";3;0;0;1;1;1;1;2;-18,80182592;-48,23899615;"SPRF-MG";"DEL15-MG";"UOP02-DEL15-MG"
556856;2023-10-23;"segunda-feira";"23:20:00";"SC";101;326;"CAPIVARI DE BAIXO";"Reação tardia ou ineficiente do condutor";"Colisão traseira";"Com Vítimas Feridas";"Plena Noite";"Crescente";"Céu Claro";"Dupla";"Curva";"Sim";3;0;1;0;1;1;1;3;-28,43023306;-48,95205197;"SPRF-SC";"DEL02-SC";"UOP01-DEL02-SC"
556859;2023-10-24;"terça-feira";"00:10:00";"MG";381;787,7;"SAO GONCALO DO SAPUCAI";"Ausência de reação do condutor";"Saída de leito carroçável";"Com Vítimas Feridas";"Plena Noite";"Crescente";"Nublado";"Dupla";"Reta";"Não";1;0;1;0;0;0;1;1;-21,89946215;-45,55428277;"SPRF-MG";"DEL16-MG";"UOP02-DEL16-MG"
556861;2023-10-24;"terça-feira";"00:30:00";"SC";282;32;"SANTO AMARO DA IMPERATRIZ";"Suicídio (presumido)";"Colisão frontal";"Com Vítimas Fatais";"Plena Noite";"Crescente";"Céu Claro";"Simples";"Reta";"Não";3;1;0;0;1;1;0;3;-27,70166055;-48,80115688;"SPRF-SC";"DEL01-SC";"UOP03-DEL01-SC"
556862;2023-10-24;"terça-feira";"00:43:00";"RS";392;193;"SANTANA DA BOA VISTA";"Ausência de reação do condutor";"Colisão com objeto";"Com Vítimas Feridas";"Plena Noite";"Crescente";"Chuva";"Simples";"Curva";"Não";2;0;1;0;0;3;1;4;-30,921031;-53,10501501;"SPRF-RS";"DEL09-RS";"UOP02-DEL09-RS"
556864;2023-10-24;"terça-feira";"01:20:00";"PI";316;4;"TERESINA";"Avarias e/ou desgaste excessivo no pneu";"Colisão com objeto";"Com Vítimas Feridas";"Plena Noite";"Decrescente";"Céu Claro";"Múltipla";"Curva;Aclive";"Sim";1;0;1;0;0;0;1;1;-5,13655894;-42,78900388;"SPRF-PI";"DEL01-PI";"UOP02-DEL01-PI"
556866;2023-10-24;"terça-feira";"04:06:00";"MG";381;645;"SANTO ANTONIO DO AMPARO";"Condutor usando celular";"Colisão traseira";"Com Vítimas Fatais";"Plena Noite";"Crescente";"Céu Claro";"Dupla";"Reta;Declive";"Não";3;1;1;0;0;2;1;4;-20,9366;-44,8753;"SPRF-MG";"DEL04-MG";"UOP02-DEL04-MG"
556867;2023-10-24;"terça-feira";"03:30:00";"RS";386;268,5;"FONTOURA XAVIER";"Animais na Pista";"Saída de leito carroçável";"Com Vítimas Feridas";"Plena Noite";"Decrescente";"Nevoeiro/Neblina";"Simples";"Reta";"Não";2;0;1;0;0;1;1;2;-28,954821;-52,372627;"SPRF-RS";"DEL04-RS";"UOP03-DEL04-RS"
556870;2023-09-11;"segunda-feira";"21:15:00";"BA";20;201;"LUIS EDUARDO MAGALHAES";"Ausência de reação do condutor";"Colisão traseira";"Com Vítimas Fatais";"Plena Noite";"Crescente";"Céu Claro";"Simples";"Reta";"Não";4;1;0;0;1;3;0;5;-12,182044;-45,824694;"SPRF-BA";"DEL10-BA";"UOP01-DEL10-BA"
556871;2023-10-24;"terça-feira";"02:20:00";"TO";153;360;"FORTALEZA DO TABOCAO";"Demais falhas mecânicas ou elétricas";"Incêndio";"Sem Vítimas";"Plena Noite";"Decrescente";"Céu Claro";"Simples";"Reta";"Não";1;0;0;0;1;0;0;1;-9,06426723;-48,52025097;"SPRF-TO";"DEL02-TO";"UOP02-DEL02-TO"
556873;2023-10-23;"segunda-feira";"23:00:00";"GO";50;221,4;"CAMPO ALEGRE DE GOIAS";"Condutor Dormindo";"Saída de leito carroçável";"Com Vítimas Fatais";"Plena Noite";"Crescente";"Céu Claro";"Dupla";"Reta;Aclive";"Não";2;1;0;0;0;2;0;3;-17,7316;-47,7273;"SPRF-GO";"DEL06-GO";"UOP01-DEL06-GO"
556878;2023-10-24;"terça-feira";"07:23:00";"PB";230;59,4;"CRUZ DO ESPIRITO SANTO";"Ausência de reação do condutor";"Colisão traseira";"Com Vítimas Feridas";"Pleno dia";"Decrescente";"Céu Claro";"Dupla";"Reta";"Não";2;0;0;1;1;0;1;2;-7,2043;-35,1305;"SPRF-PB";"DEL01-PB";"UOP03-DEL01-PB"
556881;2023-10-24;"terça-feira";"06:15:00";"PB";101;74,2;"SANTA RITA";"Condutor deixou de manter distância do veículo da frente";"Colisão traseira";"Com Vítimas Feridas";"Pleno dia";"Decrescente";"Nublado";"Dupla";"Curva;Aclive";"Não";3;0;1;0;1;2;1;4;-7,08339163;-34,98076176;"SPRF-PB";"DEL01-PB";"UOP04-DEL01-PB"
556883;2023-10-24;"terça-feira";"06:50:00";"PE";101;73,7;"RECIFE";"Ausência de reação do condutor";"Colisão transversal";"Com Vítimas Feridas";"Pleno dia";"Decrescente";"Céu Claro";"Dupla";"Retorno Regulamentado;Curva";"Sim";4;0;3;0;1;0;3;2;-8,099197;-34,950033;"SPRF-PE";"DEL01-PE";"UOP01-DEL01-PE"
556884;2023-10-24;"terça-feira";"07:46:00";"RJ";101;59,5;"CAMPOS DOS GOYTACAZES";"Ultrapassagem Indevida";"Colisão lateral mesmo sentido";"Com Vítimas Feridas";"Pleno dia";"Crescente";"Céu Claro";"Simples";"Interseção de Vias";"Sim";5;0;4;0;1;0;4;3;-21,71366497;-41,30861915;"SPRF-RJ";"DEL08-RJ";"UOP01-DEL08-RJ"