"id";"data_inversa";"dia_semana";"horario";"uf";"br";"km";"municipio";"causa_acidente";"tipo_acidente";"classificacao_acidente";"fase_dia";"sentido_via";"condicao_metereologica";"tipo_pista";"tracado_via";"uso_solo";"pessoas";"mortos";"feridos_leves";"feridos_graves";"ilesos";"ignorados";"feridos";"veiculos";"latitude";"longitude";"regional";"delegacia";"uop"
556887;2023-10-24;"terça-feira";"07:40:00";"SP";153;85;"MIRASSOL";"Manobra de mudança de faixa";"Colisão traseira";"Com Vítimas Feridas";"Pleno dia";"Decrescente";"Céu Claro";"Dupla";"Reta";"Sim";4;0;1;0;2;2;1;5;-20,9344296;-49,51909431;"SPRF-SP";"DEL09-SP";"UOP01-DEL09-SP"
556892;2023-10-24;"terça-feira";"06:50:00";"BA";116;788,5;"PLANALTO";"Conversão proibida";"Colisão frontal";"Com Vítimas Fatais";"Pleno dia";"Decrescente";"Céu Claro";"Simples";"Reta;Aclive";"Não";4;1;0;1;1;1;1;3;-14,67523642;-40,49817291;"SPRF-BA";"DEL08-BA";"UOP02-DEL08-BA"
556893;2023-10-24;"terça-feira";"08:35:00";"SC";101;56,9;"JOINVILLE";"Acessar a via sem observar a presença dos outros veículos";"Colisão lateral mesmo sentido";"Sem Vítimas";"Pleno dia";"Crescente";"Nublado";"Simples";"Reta";"Sim";2;0;0;0;2;0;0;2;-26,43207484;-48,82263984;"SPRF-SC";"DEL03-SC";"UOP01-DEL03-SC"
556894;2023-09-02;"sábado";"14:30:00";"RS";290;42;"SANTO ANTONIO DA PATRULHA";"Reação tardia ou ineficiente do condutor";"Colisão traseira";"Com Vítimas Feridas";"Pleno dia";"Decrescente";"Céu Claro";"Múltipla";"Reta";"Não";6;0;4;0;1;1;4;3;-29,889887;-50,699654;"SPRF-RS";"DEL03-RS";"UOP01-DEL03-RS"
556896;2023-10-24;"terça-feira";"09:00:00";"MG";381;351;"JOAO MONLEVADE";"Reação tardia ou ineficiente do condutor";"Tombamento";"Com Vítimas Feridas";"Pleno dia";"Crescente";"Céu Claro";"Simples";"Curva";"Não";3;0;2;0;0;1;2;2;-19,84644336;-43,16611234;"SPRF-MG";"DEL03-MG";"UOP01-DEL03-MG"
556898;2023-10-13;"sexta-feira";"01:33:00";"RN";226;92,5;"TANGARA";"Sinalização mal posicionada";"Colisão traseira";"Com Vítimas Feridas";"Plena Noite";"Decrescente";"Céu Claro";"Simples";"Declive;Reta";"Não";2;0;1;0;1;0;1;2;-6,2466165;-35,8596715;"SPRF-RN";"DEL03-RN";"UOP02-DEL03-RN"
556903;2023-10-24;"terça-feira";"08:30:00";"BA";101;262;"SANTO ANTONIO DE JESUS";"Condutor deixou de manter distância do veículo da frente";"Colisão transversal";"Com Vítimas Feridas";"Pleno dia";"Decrescente";"Céu Claro";"Simples";"Curva";"Sim";4;0;1;1;1;1;2;3;-13,0815032;-39,27559444;"SPRF-BA";"DEL01-BA";"UOP02-DEL01-BA"
556904;2023-10-24;"terça-feira";"09:40:00";"BA";116;359,1;"SERRINHA";"Ultrapassagem Indevida";"Colisão frontal";"Com Vítimas Feridas";"Pleno dia";"Decrescente";"Céu Claro";"Simples";"Reta;Declive";"Sim";2;0;0;1;1;0;1;2;-11,66618301;-39,00086165;"SPRF-BA";"DEL02-BA";"UOP01-DEL02-BA"
556911;2023-10-24;"terça-feira";"08:40:00";"SC";282;182,2;"BOCAINA DO SUL";"Transitar na contramão";"Colisão frontal";"Com Vítimas Fatais";"Pleno dia";"Crescente";"Nublado";"Simples";"Reta;Aclive";"Não";5;1;1;0;3;0;1;4;-27,735399;-49,958389;"SPRF-SC";"DEL05-SC";"UOP01-DEL05-SC"
556919;2023-10-24;"terça-feira";"11:15:00";"RS";153;505,8;"CACAPAVA DO SUL";"Reação tardia ou ineficiente do condutor";"Colisão com objeto";"Com Vítimas Feridas";"Pleno dia";"Crescente";"Nublado";"Simples";"Ponte";"Não";2;0;0;1;0;1;1;2;-30,54191249;-53,3762598;"SPRF-RS";"DEL09-RS";"UOP02-DEL09-RS"
556925;2023-10-24;"terça-feira";"10:45:00";"SC";280;41,5;"ARAQUARI";"Ultrapassagem Indevida";"Colisão frontal";"Com Vítimas Fatais";"Pleno dia";"Decrescente";"Nublado";"Simples";"Reta;Em Obras";"Não";3;1;0;1;1;0;1;3;-26,4504798;-48,8652691;"SPRF-SC";"DEL03-SC";"UOP03-DEL03-SC"
556927;2023-10-24;"terça-feira";"11:50:00";"PE";101;71;"RECIFE";"Ausência de reação do condutor";"Colisão traseira";"Com Vítimas Feridas";"Pleno dia";"Decrescente";"Céu Claro";"Dupla";"Reta";"Sim";4;0;1;0;2;3;1;6;-8,07663102;-34,94277871;"SPRF-PE";"DEL01-PE";"UOP01-DEL01-PE"
556930;2023-10-24;"terça-feira";"10:30:00";"MG";365;93,8;"JEQUITAI";"Condutor deixou de manter distância do veículo da frente";"Colisão lateral sentido oposto";"Com Vítimas Fatais";"Pleno dia";"Decrescente";"Céu Claro";"Simples";"Reta";"Não";3;1;0;0;1;2;0;4;-17,21418093;-44,481062;"SPRF-MG";"DEL12-MG";"UOP01-DEL12-MG"
556934;2023-10-24;"terça-feira";"06:30:00";"MG";262;96;"ABRE CAMPO";"Reação tardia ou ineficiente do condutor";"Colisão frontal";"Com Vítimas Fatais";"Amanhecer";"Decrescente";"Céu Claro";"Simples";"Curva;Aclive";"Sim";3;2;0;1;0;0;1;3;-20,295544;-42,48012;"SPRF-MG";"DEL03-MG";"UOP03-DEL03-MG"
556939;2023-10-24;"terça-feira";"13:30:00";"MG";40;494;"ESMERALDAS";"Manobra de mudança de faixa";"Colisão traseira";"Com Vítimas Feridas";"Pleno dia";"Crescente";"Céu Claro";"Dupla";"Aclive";"Não";4;0;2;0;1;1;2;3;-19,65390808;-44,19841023;"SPRF-MG";"DEL02-MG";"UOP01-DEL02-MG"
556940;2023-10-24;"terça-feira";"10:40:00";"MG";267;262,9;"SERITINGA";"Velocidade Incompatível";"Tombamento";"Com Vítimas Feridas";"Pleno dia";"Crescente";"Céu Claro";"Simples";"Declive;Curva";"Não";2;0;1;0;0;1;1;2;-21,93458245;-44,57561505;"SPRF-MG";"DEL17-MG";"UOP01-DEL17-MG"
556946;2023-10-24;"terça-feira";"08:00:00";"PR";116;71;"QUATRO BARRAS";"Condutor Dormindo";"Saída de leito carroçável";"Com Vítimas Feridas";"Pleno dia";"Crescente";"Céu Claro";"Dupla";"Reta";"Sim";2;0;1;0;0;1;1;2;-25,34541756;-49,04488757;"SPRF-PR";"DEL01-PR";"UOP02-DEL01-PR"
556947;2023-10-24;"terça-feira";"14:10:00";"MG";40;572,3;"ITABIRITO";"Reação tardia ou ineficiente do condutor";"Colisão traseira";"Com Vítimas Feridas";"Pleno dia";"Decrescente";"Nublado";"Simples";"Reta";"Não";5;0;1;0;3;3;1;7;-20,23490875;-43,9677465;"SPRF-MG";"DEL01-MG";"UOP02-DEL01-MG"
556953;2023-10-24;"terça-feira";"13:45:00";"RJ";116;227;"PIRAI";"Reação tardia ou ineficiente do condutor";"Colisão traseira";"Com Vítimas Feridas";"Pleno dia";"Crescente";"Céu Claro";"Dupla";"Curva;Aclive";"Não";4;0;0;1;2;2;1;4;-22,66505586;-43,8208548;"SPRF-RJ";"DEL07-RJ";"UOP01-DEL07-RJ"
556954;2023-10-24;"terça-feira";"14:30:00";"GO";153;302,9;"RIALMA";"Acessar a via sem observar a presença dos outros veículos";"Colisão transversal";"Com Vítimas Feridas";"Pleno dia";"Decrescente";"Céu Claro";"Simples";"Interseção de Vias";"Sim";3;0;0;1;1;1;1;3;-15,332207;-49,570425;"SPRF-GO";"DEL02-GO";"UOP02-DEL02-GO"
556959;2023-10-24;"terça-feira";"13:30:00";"BA";242;268;"BOA VISTA DO TUPIM";"Reação tardia ou ineficiente do condutor";"Saída de leito carroçável";"Com Vítimas Feridas";"Pleno dia";"Decrescente";"Céu Claro";"Simples";"Curva;Declive";"Não";2;0;1;0;0;1;1;2;-12,45292027;-40,59602737;"SPRF-BA";"DEL06-BA";"UOP02-DEL06-BA"
556960;2023-10-24;"terça-feira";"16:00:00";"SC";101;13;"GARUVA";"Manobra de mudança de faixa";"Colisão lateral mesmo sentido";"Com Vítimas Feridas";"Pleno dia";"Crescente";"Nublado";"Dupla";"Reta";"Não";3;0;1;0;1;1;1;3;-26,08986803;-48,86345096;"SPRF-SC";"DEL03-SC";"UOP01-DEL03-SC"
556962;2023-10-24;"terça-feira";"14:50:00";"PB";104;133,2;"QUEIMADAS";"Condutor deixou de manter distância do veículo da frente";"Tombamento";"Com Vítimas Fatais";"Pleno dia";"Crescente";"Céu Claro";"Simples";"Reta";"Sim";3;1;1;0;1;0;1;2;-7,31674795;-35,89500926;"SPRF-PB";"DEL02-PB";"UOP03-DEL02-PB"
556964;2023-10-24;"terça-feira";"14:45:00";"MG";381;595,7;"CARMOPOLIS DE MINAS";"Estacionar ou parar em local proibido";"Colisão traseira";"Com Vítimas Feridas";"Pleno dia";"Decrescente";"Céu Claro";"Dupla";"Reta";"Não";3;0;1;0;1;1;1;3;-20,59692997;-44,70822603;"SPRF-MG";"DEL04-MG";"UOP01-DEL04-MG"
556968;2023-09-22;"sexta-feira";"19:00:00";"SP";116;446;"REGISTRO";"Reação tardia ou ineficiente do condutor";"Colisão lateral mesmo sentido";"Com Vítimas Feridas";"Plena Noite";"Crescente";"Garoa/Chuvisco";"Dupla";"Reta";"Sim";5;0;2;0;2;1;2;3;-24,50467087;-47,84772743;"SPRF-SP";"DEL05-SP";"UOP01-DEL05-SP"
556969;2023-10-24;"terça-feira";"15:32:00";"MG";116;495,7;"INHAPIM";"Manobra de mudança de faixa";"Colisão lateral mesmo sentido";"Com Vítimas Feridas";"Pleno dia";"Crescente";"Nublado";"Simples";"Curva";"Não";2;0;1;0;1;0;1;2;-19,51892699;-42,12765395;"SPRF-MG";"DEL06-MG";"UOP02-DEL06-MG"
556973;2023-10-24;"terça-feira";"18:00:00";"RS";116;203,1;"PICADA CAFE";"Conversão proibida";"Colisão frontal";"Com Vítimas Feridas";"Anoitecer";"Crescente";"Nublado";"Simples";"Curva;Aclive";"Não";7;0;5;0;1;1;5;3;-29,49113279;-51,14998489;"SPRF-RS";"DEL05-RS";"UOP02-DEL05-RS"
556976;2023-10-24;"terça-feira";"17:20:00";"MS";163;260;"DOURADOS";"Acessar a via sem observar a presença dos outros veículos";"Colisão transversal";"Com Vítimas Feridas";"Anoitecer";"Crescente";"Nublado";"Dupla";"Reta";"Sim";3;0;0;1;2;0;1;2;-22,24489388;-54,77203018;"SPRF-MS";"DEL04-MS";"UOP01-DEL04-MS"
556982;2023-10-11;"quarta-feira";"17:00:00";"MT";364;1130;"SAPEZAL";"Ultrapassagem Indevida";"Colisão lateral sentido oposto";"Com Vítimas Feridas";"Anoitecer";"Crescente";"Céu Claro";"Simples";"Reta";"Não";4;0;1;0;2;5;1;8;-13,53959629;-58,819608;"SPRF-MT";"DEL04-MT";"UOP02-DEL04-MT"
556983;2023-10-24;"terça-feira";"17:15:00";"PB";230;25,2;"JOAO PESSOA";"Transitar na contramão";"Colisão lateral mesmo sentido";"Com Vítimas Feridas";"Anoitecer";"Decrescente";"Céu Claro";"Simples";"Viaduto;Interseção de Vias";"Sim";2;0;0;1;1;0;1;2;-7,17062224;-34,87129211;"SPRF-PB";"DEL01-PB";"UOP01-DEL01-PB"
556988;2023-10-24;"terça-feira";"18:50:00";"SE";101;184,2;"UMBAUBA";"Ingestão de álcool ou de substâncias psicoativas pelo pedestre";"Atropelamento de Pedestre";"Com Vítimas Fatais";"Plena Noite";"Decrescente";"Céu Claro";"Simples";"Reta;Declive";"Não";5;1;0;0;1;3;0;4;-11,3869269;-37,66865876;"SPRF-SE";"DEL02-SE";"UOP03-DEL02-SE"
556992;2023-10-24;"terça-feira";"16:00:00";"SC";470;22;"ILHOTA";"Manobra de mudança de faixa";"Colisão lateral mesmo sentido";"Sem Vítimas";"Pleno dia";"Crescente";"Céu Claro";"Dupla";"Reta";"Não";2;0;0;0;1;1;0;2;-26,880066;-48,836224;"SPRF-SC";"DEL04-SC";"UOP04-DEL04-SC"
557009;2023-10-24;"terça-feira";"19:26:00";"MG";50;175;"UBERABA";"Entrada inopinada do pedestre";"Atropelamento de Pedestre";"Com Vítimas Fatais";"Plena Noite";"Decrescente";"Nublado";"Dupla";"Reta;Interseção de Vias";"Sim";2;1;0;0;1;0;0;2;-19,77880359;-47,9695118;"SPRF-MG";"DEL13-MG";"UOP01-DEL13-MG"
557019;2023-10-24;"terça-feira";"15:30:00";"MT";70;343;"DOM AQUINO";"Acessar a via sem observar a presença dos outros veículos";"Colisão traseira";"Com Vítimas Feridas";"Pleno dia";"Decrescente";"Nublado";"Simples";"Reta";"Não";4;0;1;0;2;2;1;4;-15,53563814;-54,82132506;"SPRF-MT";"DEL05-MT";"UOP01-DEL05-MT"
557028;2023-10-24;"terça-feira";"22:05:00";"SP";116;134,6;"SAO JOSE DOS CAMPOS";"Demais falhas mecânicas ou elétricas";"Incêndio";"Sem Vítimas";"Plena Noite";"Crescente";"Nublado";"Dupla";"Reta";"Não";2;0;0;0;1;1;0;2;-23,1402216;-45,7617252;"SPRF-SP";"DEL02-SP";"UOP01-DEL02-SP"
557029;2023-10-24;"terça-feira";"17:20:00";"MG";40;75,7;"PARACATU";"Manobra de mudança de faixa";"Colisão lateral mesmo sentido";"Com Vítimas Fatais";"Pleno dia";"Decrescente";"Céu Claro";"Simples";"Reta;Declive";"Não";4;1;0;1;1;1;1;3;-17,43605208;-46,69859918;"SPRF-MG";"DEL14-MG";"UOP01-DEL14-MG"
557031;2023-10-24;"terça-feira";"18:30:00";"RJ";101;276;"TANGUA";"Condutor deixou de manter distância do veículo da frente";"Colisão lateral mesmo sentido";"Com Vítimas Fatais";"Anoitecer";"Crescente";"Céu Claro";"Dupla";"Reta";"Não";3;1;0;0;1;1;0;3;-22,73796393;-42,73871802;"SPRF-RJ";"DEL02-RJ";"UOP03-DEL02-RJ"
557035;2023-10-24;"terça-feira";"21:30:00";"SC";116;153,1;"SANTA CECILIA";"Animais na Pista";"Atropelamento de Animal";"Sem Vítimas";"Plena Noite";"Decrescente";"Céu Claro";"Simples";"Reta;Aclive";"Não";2;0;0;0;1;1;0;2;-27,05726102;-50,42710925;"SPRF-SC";"DEL06-SC";"UOP02-DEL06-SC"
557036;2023-10-24;"terça-feira";"21:15:00";"MT";163;513;"DIAMANTINO";"Pista Escorregadia";"Saída de leito carroçável";"Sem Vítimas";"Plena Noite";"Crescente";"Chuva";"Simples";"Reta";"Não";1;0;0;0;1;0;0;1;-14,493;-56,184;"SPRF-MT";"DEL01-MT";"UOP01-DEL01-MT"
557038;2023-10-24;"terça-feira";"22:10:00";"MS";163;197,8;"CAARAPO";"Ausência de reação do condutor";"Colisão traseira";"Com Vítimas Feridas";"Plena Noite";"Crescente";"Nublado";"Dupla";"Reta";"Não";3;0;1;0;1;2;1;4;-22,730419042;-54,7884927156;"SPRF-MS";"DEL04-MS";"UOP02-DEL04-MS"
557040;2023-10-24;"terça-feira";"22:00:00";"MG";50;151,5;"UBERABA";"Condutor Dormindo";"Saída de leito carroçável";"Com Vítimas Feridas";"Plena Noite";"Crescente";"Chuva";"Dupla";"Reta";"Não";1;0;1;0;0;0;1;1;-19,57370204;-48,03246832;"SPRF-MG";"DEL13-MG";"UOP01-DEL13-MG"
557047;2023-10-24;"terça-feira";"22:13:00";"PI";135;128,6;"BERTOLINIA";"Reação tardia ou ineficiente do condutor";"Colisão com objeto";"Com Vítimas Feridas";"Plena Noite";"Decrescente";"Céu Claro";"Simples";"Declive;Curva";"Não";2;0;0;1;0;1;1;2;-7,673675;-43,94201;"SPRF-PI";"DEL03-PI";"UOP01-DEL03-PI"
557048;2023-10-25;"quarta-feira";"01:20:00";"BA";324;487;"SANTA BARBARA";"Reação tardia ou ineficiente do condutor";"Tombamento";"Com Vítimas Feridas";"Plena Noite";"Decrescente";"Céu Claro";"Simples";"Reta";"Não";2;0;2;0;0;0;2;1;-12,033555;-39,02002;"SPRF-BA";"DEL02-BA";"UOP01-DEL02-BA"
557049;2023-10-25;"quarta-feira";"02:50:00";"PR";376;646;"TIJUCAS DO SUL";"Condutor Dormindo";"Saída de leito carroçável";"Sem Vítimas";"Plena Noite";"Decrescente";"Garoa/Chuvisco";"Dupla";"Reta";"Não";2;0;0;0;1;1;0;2;-25,82793738;-49,11945654;"SPRF-PR";"DEL01-PR";"UOP04-DEL01-PR"
557050;2023-10-25;"quarta-feira";"04:20:00";"BA";116;876,5;"CANDIDO SALES";"Condutor deixou de manter distância do veículo da frente";"Colisão traseira";"Com Vítimas Feridas";"Amanhecer";"Crescente";"Nublado";"Simples";"Reta";"Não";4;0;2;0;1;2;2;4;-15,2566;-41,11562;"SPRF-BA";"DEL08-BA";"UOP03-DEL08-BA"
557053;2023-10-25;"quarta-feira";"04:50:00";"BA";116;438;"ANTONIO CARDOSO";"Reação tardia ou ineficiente do condutor";"Colisão traseira";"Sem Vítimas";"Pleno dia";"Decrescente";"Céu Claro";"Dupla";"Aclive";"Não";3;0;0;0;2;2;0;4;-12,31987761;-39,04644012;"SPRF-BA";"DEL02-BA";"UOP01-DEL02-BA"
557054;2023-10-25;"quarta-feira";"03:40:00";"MG";146;478,4;"POCOS DE CALDAS";"Velocidade Incompatível";"Saída de leito carroçável";"Com Vítimas Feridas";"Plena Noite";"Crescente";"Chuva";"Simples";"Reta";"Não";2;0;2;0;0;0;2;1;-21,761815;-46,411292;"SPRF-MG";"DEL09-MG";"UOP01-DEL09-MG"
557058;2023-10-25;"quarta-feira";"04:50:00";"BA";242;704;"CRISTOPOLIS";"Reação tardia ou ineficiente do condutor";"Colisão frontal";"Com Vítimas Fatais";"Amanhecer";"Decrescente";"Chuva";"Simples";"Reta;Aclive";"Não";5;1;2;1;0;2;3;4;-12,22400804;-44,032664;"SPRF-BA";"DEL10-BA";"UOP02-DEL10-BA"
557062;2023-10-25;"quarta-feira";"07:15:00";"SC";101;195,5;"BIGUACU";"Ausência de reação do condutor";"Colisão lateral mesmo sentido";"Com Vítimas Feridas";"Pleno dia";"Decrescente";"Céu Claro";"Múltipla";"Reta";"Sim";2;0;0;1;1;0;1;2;-27,5047092;-48,65010819;"SPRF-SC";"DEL01-SC";"UOP01-DEL01-SC"
557071;2023-10-25;"quarta-feira";"06:30:00";"RJ";116;264;"VOLTA REDONDA";"Chuva";"Colisão com objeto";"Com Vítimas Feridas";"Pleno dia";"Decrescente";"Chuva";"Dupla";"Reta";"Não";6;0;3;0;2;1;3;3;-22,59213864;-44,07723781;"SPRF-RJ";"DEL07-RJ";"UOP02-DEL07-RJ"
557077;2023-09-16;"sábado";"19:20:00";"RS";290;93;"PORTO ALEGRE";"Ingestão de álcool pelo condutor";"Colisão traseira";"Com Vítimas Feridas";"Plena Noite";"Decrescente";"Céu Claro";"Dupla";"Reta";"Sim";7;0;3;0;3;1;3;3;-29,970839;-51,187725;"SPRF-RS";"DEL01-RS";"UOP01-DEL01-RS"
557080;2023-10-25;"quarta-feira";"07:40:00";"RJ";101;59;"CAMPOS DOS GOYTACAZES";"Condutor desrespeitou a iluminação vermelha do semáforo";"Colisão transversal";"Com Vítimas Feridas";"Pleno dia";"Crescente";"Nublado";"Simples";"Reta;Interseção de Vias";"Sim";4;0;1;0;1;3;1;5;-21,71844059;-41,31206989;"SPRF-RJ";"DEL08-RJ";"UOP01-DEL08-RJ"
557094;2023-10-25;"quarta-feira";"09:10:00";"MG";381;795,9;"SAO GONCALO DO SAPUCAI";"Falta de elemento de contenção que evite a saída do leito carroçável";"Saída de leito carroçável";"Com Vítimas Feridas";"Pleno dia";"Decrescente";"Céu Claro";"Dupla";"Reta";"Não";3;0;1;0;1;2;1;4;-21,91466076;-45,5798775;"SPRF-MG";"DEL16-MG";"UOP02-DEL16-MG"
557095;2023-04-16;"domingo";"11:20:00";"SC";282;644,9;"SAO MIGUEL DO OESTE";"Transitar na contramão";"Colisão lateral sentido oposto";"Com Vítimas Feridas";"Pleno dia";"Decrescente";"Chuva";"Simples";"Curva;Declive";"Não";4;0;2;1;1;0;3;3;-26,76509077;-53,48669171;"SPRF-SC";"DEL07-SC";"UOP03-DEL07-SC"
557096;2023-10-13;"sexta-feira";"12:40:00";"MG";365;398,1;"PATOS DE MINAS";"Reação tardia ou ineficiente do condutor";"Tombamento";"Com Vítimas Feridas";"Pleno dia";"Crescente";"Chuva";"Simples";"Reta";"Não";13;0;6;0;7;0;6;5;-18,62844934;-46,40554592;"SPRF-MG";"DEL10-MG";"UOP01-DEL10-MG"
557097;2023-10-25;"quarta-feira";"09:30:00";"AL";101;82,3;"RIO LARGO";"Condutor Dormindo";"Tombamento";"Com Vítimas Feridas";"Pleno dia";"Decrescente";"Céu Claro";"Dupla";"Reta;Declive";"Não";1;0;1;0;0;0;1;1;-9,44864971;-35,86079908;"SPRF-AL";"DEL01-AL";"UOP01-DEL01-AL"
557101;2023-10-25;"quarta-feira";"06:45:00";"MG";40;512,8;"RIBEIRAO DAS NEVES";"Velocidade Incompatível";"Engavetamento";"Com Vítimas Feridas";"Pleno dia";"Decrescente";"Chuva";"Dupla";"Reta";"Sim";5;0;1;0;4;0;1;5;-19,78946999;-44,11290699;"SPRF-MG";"DEL01-MG";"UOP02-DEL01-MG"
557103;2023-10-25;"quarta-feira";"06:30:00";"MT";163;561;"NOVA MUTUM";"Condutor deixou de manter distância do veículo da frente";"Engavetamento";"Com Vítimas Feridas";"Pleno dia";"Crescente";"Céu Claro";"Simples";"Reta;Aclive";"Não";5;0;1;0;3;10;1;14;-14,14356698;-56,10168457;"SPRF-MT";"DEL01-MT";"UOP01-DEL01-MT"
557110;2023-10-25;"quarta-feira";"10:40:00";"PA";155;270;"ELDORADO DO CARAJAS";"Reação tardia ou ineficiente do condutor";"Engavetamento";"Com Vítimas Fatais";"Pleno dia";"Crescente";"Céu Claro";"Simples";"Reta";"Não";3;1;0;0;0;2;0;3;-5,9805958;-49,23350923;"SPRF-PA";"DEL03-PA";"UOP01-DEL03-PA"
557112;2023-10-25;"quarta-feira";"08:30:00";"RO";435;34;"VILHENA";"Manobra de mudança de faixa";"Colisão lateral mesmo sentido";"Sem Vítimas";"Pleno dia";"Decrescente";"Céu Claro";"Simples";"Curva;Aclive";"Não";2;0;0;0;2;0;0;2;-12,83939085;-60,37593022;"SPRF-RO";"DEL04-RO";"UOP02-DEL04-RO"
557115;2023-10-25;"quarta-feira";"10:36:00";"PE";232;53;"POMBOS";"Fumaça";"Colisão traseira";"Com Vítimas Feridas";"Pleno dia";"Crescente";"Céu Claro";"Dupla";"Reta";"Não";22;0;8;5;7;2;13;14;-8,13014263;-35,3484723;"SPRF-PE";"DEL02-PE";"UOP02-DEL02PE"
557119;2023-10-25;"quarta-feira";"11:35:00";"MG";116;526,5;"CARATINGA";"Ausência de reação do condutor";"Colisão transversal";"Sem Vítimas";"Pleno dia";"Crescente";"Céu Claro";"Simples";"Reta";"Sim";3;0;0;0;2;1;0;3;-19,77654011;-42,13327989;"SPRF-MG";"DEL06-MG";"UOP02-DEL06-MG"
557120;2023-10-20;"sexta-feira";"01:20:00";"MG";251;426,1;"GRAO MOGOL";"Velocidade Incompatível";"Tombamento";"Com Vítimas Feridas";"Plena Noite";"Crescente";"Ignorado";"Simples";"Curva";"Não";2;0;0;1;0;1;1;2;-16,31080884;-43,08618504;"SPRF-MG";"DEL12-MG";"UOP01-DEL12-MG"
557121;2023-10-25;"quarta-feira";"13:05:00";"GO";60;83;"ANAPOLIS";"Demais falhas na via";"Colisão com objeto";"Com Vítimas Feridas";"Pleno dia";"Crescente";"Céu Claro";"Dupla";"Declive";"Não";4;0;1;0;2;1;1;4;-16,3149;-48,846;"SPRF-GO";"DEL02-GO";"UOP01-DEL02-GO"
557123;2023-10-25;"quarta-feira";"02:30:00";"RJ";393;284;"VOLTA REDONDA";"Condutor desrespeitou a iluminação vermelha do semáforo";"Colisão transversal";"Com Vítimas Feridas";"Plena Noite";"Decrescente";"Nublado";"Simples";"Interseção de Vias";"Não";3;0;1;0;1;1;1;3;-22,49642049;-44,0702109;"SPRF-RJ";"DEL05-RJ";"UOP04-DEL05-RJ"
557125;2023-10-25;"quarta-feira";"11:20:00";"RO";364;510;"ARIQUEMES";"Acessar a via sem observar a presença dos outros veículos";"Saída de leito carroçável";"Com Vítimas Fatais";"Pleno dia";"Crescente";"Céu Claro";"Simples";"Reta";"Não";3;1;1;0;0;1;1;3;-9,96700255;-63,04503259;"SPRF-RO";"DEL03-RO";"UOP01-DEL03-RO"
557126;2023-10-25;"quarta-feira";"11:00:00";"RJ";101;165;"MACAE";"Velocidade Incompatível";"Saída de leito carroçável";"Com Vítimas Feridas";"Pleno dia";"Crescente";"Chuva";"Simples";"Curva;Aclive";"Não";2;0;1;0;1;0;1;1;-22,32158385;-41,90349311;"SPRF-RJ";"DEL08-RJ";"UOP04-DEL08-RJ"
557133;2023-10-25;"quarta-feira";"12:20:00";"MS";163;111;"ITAQUIRAI";"Ingestão de álcool pelo condutor";"Tombamento";"Com Vítimas Feridas";"Pleno dia";"Decrescente";"Céu Claro";"Dupla";"Reta";"Não";2;0;1;0;0;2;1;3;-23,18818502;-54,20058375;"SPRF-MS";"DEL09-MS";"UOP01-DEL09-MS"
557134;2023-09-19;"terça-feira";"12:30:00";"MG";251;447;"GRAO MOGOL";"Demais falhas mecânicas ou elétricas";"Incêndio";"Sem Vítimas";"Pleno dia";"Crescente";"Céu Claro";"Simples";"Reta";"Não";2;0;0;0;2;0;0;1;-16,419871;-43,262117;"SPRF-MG";"DEL12-MG";"UOP01-DEL12-MG"
557136;2023-10-25;"quarta-feira";"14:26:00";"SP";116;361;"MIRACATU";"Demais falhas mecânicas ou elétricas";"Incêndio";"Com Vítimas Feridas";"Pleno dia";"Crescente";"Garoa/Chuvisco";"Dupla";"Curva";"Não";2;0;1;0;0;1;1;2;-24,11717019;-47,26764709;"SPRF-SP";"DEL04-SP";"UOP03-DEL04-SP"
557138;2023-09-23;"sábado";"14:00:00";"MG";381;757,1;"TRES CORACOES";"Ausência de reação do condutor";"Saída de leito carroçável";"Com Vítimas Feridas";"Pleno dia";"Decrescente";"Sol";"Dupla";"Reta";"Não";5;0;0;2;2;2;2;5;-21,70132096;-45,36760823;"SPRF-MG";"DEL16-MG";"UOP02-DEL16-MG"
557143;2023-08-14;"segunda-feira";"20:33:00";"PI";343;468;"ANGICAL DO PIAUI";"Ausência de reação do condutor";"Colisão lateral sentido oposto";"Com Vítimas Feridas";"Amanhecer";"Crescente";"Céu Claro";"Simples";"Curva";"Não";3;0;1;0;1;2;1;4;-6,068401;-42,736458;"SPRF-PI";"DEL01-PI";"UOP02-DEL01-PI"
557144;2023-10-25;"quarta-feira";"11:45:00";"BA";330;844,4;"IPIAU";"Ultrapassagem Indevida";"Colisão frontal";"Com Vítimas Fatais";"Pleno dia";"Crescente";"Céu Claro";"Simples";"Reta;Aclive";"Não";3;1;0;1;1;0;1;2;-14,15993086;-39,69261383;"SPRF-BA";"DEL03-BA";"UOP01-DEL03-BA"
557145;2023-10-25;"quarta-feira";"11:20:00";"SC";280;103,2;"SAO BENTO DO SUL";"Condutor deixou de manter distância do veículo da frente";"Colisão traseira";"Com Vítimas Feridas";"Pleno dia";"Decrescente";"Nevoeiro/Neblina";"Simples";"Curva";"Não";4;0;2;0;1;1;2;3;-26,35967199;-49,347507;"SPRF-SC";"DEL06-SC";"UOP03-DEL06-SC"