"id";"data_inversa";"dia_semana";"horario";"uf";"br";"km";"municipio";"causa_acidente";"tipo_acidente";"classificacao_acidente";"fase_dia";"sentido_via";"condicao_metereologica";"tipo_pista";"tracado_via";"uso_solo";"pessoas";"mortos";"feridos_leves";"feridos_graves";"ilesos";"ignorados";"feridos";"veiculos";"latitude";"longitude";"regional";"delegacia";"uop"
557699;2023-10-28;"sábado";"07:18:00";"RO";364;253,2;"CACOAL";"Ausência de reação do condutor";"Tombamento";"Com Vítimas Feridas";"Pleno dia";"Decrescente";"Céu Claro";"Simples";"Reta";"Não";2;0;0;1;0;1;1;2;-11,43672682;-61,58825899;"SPRF-RO";"DEL02-RO";"UOP02-DEL02-RO"
557701;2023-10-28;"sábado";"12:00:00";"PR";373;197;"PONTA GROSSA";"Reação tardia ou ineficiente do condutor";"Colisão traseira";"Com Vítimas Feridas";"Pleno dia";"Decrescente";"Garoa/Chuvisco";"Dupla";"Reta;Aclive";"Sim";3;0;1;0;1;1;1;3;-25,07764449;-50,20643592;"SPRF-PR";"DEL03-PR";"UOP01-DEL03-PR"
557703;2023-10-28;"sábado";"06:30:00";"SC";470;264,9;"CURITIBANOS";"Transitar na contramão";"Colisão frontal";"Com Vítimas Fatais";"Pleno dia";"Crescente";"Chuva";"Simples";"Reta;Declive";"Não";3;1;0;0;1;1;0;3;-27,31155;-50,729581;"SPRF-SC";"DEL05-SC";"UOP03-DEL05-SC"
557705;2023-10-28;"sábado";"08:00:00";"SC";101;235;"PALHOCA";"Ausência de reação do condutor";"Colisão com objeto";"Com Vítimas Feridas";"Pleno dia";"Decrescente";"Chuva";"Dupla";"Reta;Aclive";"Não";2;0;1;0;0;1;1;2;-27,8177775;-48,6315025;"SPRF-SC";"DEL01-SC";"UOP02-DEL01-SC"
557710;2023-10-28;"sábado";"11:50:00";"GO";153;601,1;"MORRINHOS";"Condutor Dormindo";"Colisão traseira";"Com Vítimas Feridas";"Pleno dia";"Crescente";"Nublado";"Dupla";"Reta";"Não";3;0;0;1;1;2;1;4;-17,5606;-49,2023;"SPRF-GO";"DEL03-GO";"UOP01-DEL03-GO"
557718;2023-10-28;"sábado";"14:00:00";"MS";60;372;"CAMPO GRANDE";"Ingestão de álcool e/ou substâncias psicoativas pelo pedestre";"Colisão frontal";"Com Vítimas Feridas";"Pleno dia";"Decrescente";"Garoa/Chuvisco";"Simples";"Reta";"Não";4;0;1;0;3;0;1;2;-20,59006584;-54,72209517;"SPRF-MS";"DEL01-MS";"UOP04-DEL01-MS"
557721;2023-10-28;"sábado";"14:00:00";"MT";364;221;"RONDONOPOLIS";"Reação tardia ou ineficiente do condutor";"Colisão traseira";"Com Vítimas Feridas";"Pleno dia";"Decrescente";"Céu Claro";"Dupla";"Aclive";"Não";4;0;0;1;1;2;1;4;-16,34067812;-54,74489333;"SPRF-MT";"DEL02-MT";"UOP01-DEL02-MT"
557723;2023-10-28;"sábado";"13:40:00";"MG";116;492;"INHAPIM";"Reação tardia ou ineficiente do condutor";"Colisão traseira";"Com Vítimas Feridas";"Pleno dia";"Crescente";"Nublado";"Simples";"Reta";"Não";3;0;1;0;1;1;1;3;-19,49224599;-42,12867789;"SPRF-MG";"DEL06-MG";"UOP02-DEL06-MG"
557730;2023-10-28;"sábado";"16:03:00";"DF";20;15;"BRASILIA";"Reação tardia ou ineficiente do condutor";"Saída de leito carroçável";"Com Vítimas Feridas";"Plena Noite";"Crescente";"Chuva";"Dupla";"Reta;Declive";"Não";3;0;2;0;0;1;2;2;-15,630189;-47,733288;"SPRF-DF";"DEL02-DF";"UOP01-DEL02-DF"
557732;2023-10-28;"sábado";"13:00:00";"MG";262;147;"SAO DOMINGOS DO PRATA";"Acessar a via sem observar a presença dos outros veículos";"Colisão traseira";"Com Vítimas Feridas";"Pleno dia";"Decrescente";"Nublado";"Simples";"Interseção de Vias";"Não";4;0;2;0;2;0;2;2;-20,01367768;-42,74900436;"SPRF-MG";"DEL03-MG";"UOP03-DEL03-MG"
557733;2023-10-28;"sábado";"15:50:00";"RS";290;215,7;"PANTANO GRANDE";"Acessar a via sem observar a presença dos outros veículos";"Colisão transversal";"Com Vítimas Feridas";"Pleno dia";"Crescente";"Nublado";"Simples";"Em Obras;Interseção de Vias;Desvio Temporário";"Não";3;0;1;0;1;1;1;3;-30,19112462;-52,37805539;"SPRF-RS";"DEL02-RS";"UOP03-DEL02-RS"
557736;2023-10-28;"sábado";"15:50:00";"RJ";393;169;"TRES RIOS";"Reação tardia ou ineficiente do condutor";"Colisão lateral sentido oposto";"Com Vítimas Feridas";"Pleno dia";"Crescente";"Nublado";"Simples";"Curva";"Não";2;0;1;0;1;0;1;2;-22,125063;-43,155872;"SPRF-RJ";"DEL05-RJ";"UOP02-DEL05-RJ"
557742;2023-10-28;"sábado";"16:40:00";"PR";277;2,6;"PARANAGUA";"Transitar na contramão";"Colisão frontal";"Com Vítimas Feridas";"Plena Noite";"Crescente";"Chuva";"Dupla";"Reta";"Sim";4;0;2;0;1;1;2;3;-25,5205;-48,5095;"SPRF-PR";"DEL01-PR";"UOP05-DEL01-PR"
557745;2023-10-28;"sábado";"16:50:00";"RN";304;48;"MOSSORO";"Ausência de reação do condutor";"Atropelamento de Pedestre";"Com Vítimas Feridas";"Pleno dia";"Decrescente";"Céu Claro";"Dupla";"Reta";"Sim";2;0;1;0;0;1;1;2;-5,22868577;-37,32203081;"SPRF-RN";"DEL04-RN";"UOP01-DEL04-RN"
557754;2023-10-28;"sábado";"15:50:00";"SC";101;438,1;"SOMBRIO";"Suicídio (presumido)";"Atropelamento de Pedestre";"Com Vítimas Fatais";"Pleno dia";"Crescente";"Nublado";"Múltipla";"Reta";"Não";3;1;0;0;1;2;0;4;-29,12374811;-49,65613246;"SPRF-SC";"DEL02-SC";"UOP02-DEL02-SC"
557755;2023-10-28;"sábado";"16:50:00";"AL";101;190,8;"JUNQUEIRO";"Acessar a via sem observar a presença dos outros veículos";"Colisão lateral mesmo sentido";"Com Vítimas Feridas";"Pleno dia";"Crescente";"Céu Claro";"Simples";"Reta;Declive";"Sim";4;0;1;1;1;1;2;3;-9,92466195;-36,47137449;"SPRF-AL";"DEL02-AL";"UOP02-DEL02-AL"
557759;2023-10-28;"sábado";"17:40:00";"SP";116;512;"CAJATI";"Pista Escorregadia";"Saída de leito carroçável";"Sem Vítimas";"Anoitecer";"Decrescente";"Chuva";"Dupla";"Curva";"Não";2;0;0;0;1;1;0;2;-24,84304306;-48,22027915;"SPRF-SP";"DEL05-SP";"UOP02-DEL05-SP"
557760;2023-10-28;"sábado";"18:15:00";"RS";287;342;"SAO VICENTE DO SUL";"Demais falhas mecânicas ou elétricas";"Incêndio";"Sem Vítimas";"Pleno dia";"Crescente";"Céu Claro";"Simples";"Reta";"Não";1;0;0;0;1;0;0;1;-29,57877814;-54,68185357;"SPRF-RS";"DEL12-RS";"UOP02-DEL12-RS"
557767;2023-10-28;"sábado";"18:00:00";"SP";116;107,8;"TAUBATE";"Condutor deixou de manter distância do veículo da frente";"Colisão traseira";"Com Vítimas Feridas";"Plena Noite";"Decrescente";"Céu Claro";"Dupla";"Reta";"Não";3;0;1;0;1;1;1;2;-23,01791287;-45,53009409;"SPRF-SP";"DEL02-SP";"UOP02-DEL02-SP"
557770;2023-10-28;"sábado";"18:50:00";"SP";153;38,1;"ONDA VERDE";"Ingestão de álcool pelo condutor";"Colisão lateral sentido oposto";"Com Vítimas Feridas";"Plena Noite";"Decrescente";"Nublado";"Simples";"Reta";"Não";4;0;1;0;2;1;1;4;-20,605145;-49,323185;"SPRF-SP";"DEL09-SP";"UOP01-DEL09-SP"
557780;2023-10-28;"sábado";"15:00:00";"PR";476;87,5;"BOCAIUVA DO SUL";"Reação tardia ou ineficiente do condutor";"Colisão lateral sentido oposto";"Com Vítimas Feridas";"Pleno dia";"Decrescente";"Chuva";"Simples";"Curva";"Não";4;0;1;0;2;2;1;4;-25,176512;-49,111965;"SPRF-PR";"DEL01-PR";"UOP01-DEL01-PR"
557784;2023-10-28;"sábado";"16:45:00";"MG";116;305,2;"ITAMBACURI";"Demais falhas mecânicas ou elétricas";"Tombamento";"Com Vítimas Feridas";"Pleno dia";"Crescente";"Céu Claro";"Simples";"Curva";"Não";2;0;1;0;0;1;1;2;-18,03188584;-41,65290534;"SPRF-MG";"DEL11-MG";"UOP01-DEL11-MG"
557785;2023-10-28;"sábado";"18:30:00";"GO";153;302,9;"RIALMA";"Desrespeitar a preferência no cruzamento";"Colisão transversal";"Com Vítimas Feridas";"Anoitecer";"Decrescente";"Céu Claro";"Simples";"Interseção de Vias";"Não";3;0;1;0;1;1;1;2;-15,332235;-49,570441;"SPRF-GO";"DEL02-GO";"UOP02-DEL02-GO"
557787;2023-10-28;"sábado";"19:25:00";"PE";232;433;"SERRA TALHADA";"Ultrapassagem Indevida";"Colisão frontal";"Com Vítimas Fatais";"Plena Noite";"Crescente";"Céu Claro";"Simples";"Reta";"Não";3;1;0;0;1;1;0;3;-8,009602;-38,503681;"SPRF-PE";"DEL04-PE";"UOP01-DEL04-PE"
557813;2023-10-28;"sábado";"23:05:00";"ES";101;265,9;"SERRA";"Condutor deixou de manter distância do veículo da frente";"Colisão traseira";"Com Vítimas Feridas";"Plena Noite";"Decrescente";"Céu Claro";"Simples";"Reta";"Sim";2;0;0;1;1;0;1;2;-20,190199;-40,26828891;"SPRF-ES";"DEL02-ES";"UOP01-DEL02-ES"
557818;2023-10-28;"sábado";"21:50:00";"CE";222;217,8;"SOBRAL";"Acessar a via sem observar a presença dos outros veículos";"Colisão transversal";"Com Vítimas Feridas";"Pleno dia";"Decrescente";"Céu Claro";"Simples";"Reta;Declive";"Sim";3;0;1;0;1;1;1;3;-3,75648758;-40,30235011;"SPRF-CE";"DEL04-CE";"UOP01-DEL04-CE"
557819;2023-10-28;"sábado";"20:20:00";"RJ";40;114;"DUQUE DE CAXIAS";"Manobra de mudança de faixa";"Colisão transversal";"Sem Vítimas";"Plena Noite";"Crescente";"Céu Claro";"Múltipla";"Reta";"Sim";3;0;0;0;1;2;0;3;-22,71853604;-43,28993324;"SPRF-RJ";"DEL01-RJ";"UOP01-DEL01-RJ"
557845;2023-10-28;"sábado";"22:50:00";"PR";153;46;"SANTO ANTONIO DA PLATINA";"Ingestão de álcool pelo condutor";"Colisão transversal";"Com Vítimas Feridas";"Plena Noite";"Crescente";"Garoa/Chuvisco";"Simples";"Reta";"Não";2;0;1;0;1;0;1;2;-23,33170929;-50,06646752;"SPRF-PR";"DEL07-PR";"UOP04-DEL07-PR"
557848;2023-10-29;"domingo";"03:00:00";"SP";116;151;"SAO JOSE DOS CAMPOS";"Reação tardia ou ineficiente do condutor";"Colisão traseira";"Com Vítimas Feridas";"Plena Noite";"Decrescente";"Nublado";"Dupla";"Reta";"Sim";7;0;4;1;1;1;5;6;-23,21980694;-45,89991605;"SPRF-SP";"DEL02-SP";"UOP01-DEL02-SP"
557850;2023-10-29;"domingo";"02:00:00";"GO";414;433;"ANAPOLIS";"Ingestão de álcool pelo condutor";"Colisão traseira";"Com Vítimas Feridas";"Plena Noite";"Decrescente";"Céu Claro";"Simples";"Reta;Aclive";"Não";2;0;1;0;0;1;1;2;-16,227569;-48,926998;"SPRF-GO";"DEL02-GO";"UOP01-DEL02-GO"
557858;2023-10-29;"domingo";"03:00:00";"PA";316;91,5;"SAO FRANCISCO DO PARA";"Transitar na contramão";"Colisão frontal";"Com Vítimas Fatais";"Plena Noite";"Crescente";"Céu Claro";"Simples";"Reta";"Não";3;2;0;0;0;1;0;2;-1,32102467;-47,68312794;"SPRF-PA";"DEL01-PA";"UOP02-DEL01-PA"
557859;2023-10-28;"sábado";"21:30:00";"MT";70;559;"NOSSA SENHORA DO LIVRAMENTO";"Transitar na contramão";"Colisão transversal";"Com Vítimas Feridas";"Plena Noite";"Decrescente";"Céu Claro";"Simples";"Reta";"Não";3;0;1;0;1;1;1;3;-15,69640765;-56,38798683;"SPRF-MT";"DEL03-MT";"UOP02-DEL03-MT"
557864;2023-10-29;"domingo";"01:13:00";"RO";319;40;"PORTO VELHO";"Demais falhas mecânicas ou elétricas";"Colisão frontal";"Com Vítimas Feridas";"Pleno dia";"Decrescente";"Céu Claro";"Dupla";"Reta";"Não";4;0;1;1;1;1;2;2;-8,63988203;-63,99604448;"SPRF-RO";"DEL01-RO";"UOP01-DEL01-RO"
557874;2023-10-29;"domingo";"03:45:00";"RS";153;42,4;"ERECHIM";"Manobra de mudança de faixa";"Colisão frontal";"Com Vítimas Feridas";"Plena Noite";"Crescente";"Nublado";"Simples";"Curva";"Sim";6;0;1;3;1;1;4;3;-27,604625;-52,236579;"SPRF-RS";"DEL08-RS";"UOP04-DEL08-RS"
557891;2023-10-29;"domingo";"07:20:00";"PR";376;287,2;"MAUA DA SERRA";"Condutor Dormindo";"Colisão lateral mesmo sentido";"Com Vítimas Feridas";"Pleno dia";"Crescente";"Chuva";"Dupla";"Reta";"Não";3;0;0;1;1;2;1;4;-23,873748;-51,25423193;"SPRF-PR";"DEL07-PR";"UOP02-DEL07-PR"
557892;2023-10-29;"domingo";"07:40:00";"PR";277;131;"CAMPO LARGO";"Condutor deixou de manter distância do veículo da frente";"Colisão traseira";"Sem Vítimas";"Pleno dia";"Decrescente";"Chuva";"Dupla";"Curva;Declive";"Não";5;0;0;0;4;1;0;3;-25,478699;-49,646925;"SPRF-PR";"DEL03-PR";"UOP03-DEL03-PR"
557899;2023-10-29;"domingo";"08:50:00";"CE";116;415,5;"IPAUMIRIM";"Desrespeitar a preferência no cruzamento";"Colisão transversal";"Com Vítimas Feridas";"Pleno dia";"Crescente";"Céu Claro";"Simples";"Reta;Em Obras;Interseção de Vias";"Não";4;0;2;0;1;1;2;3;-6,74224879;-38,79323959;"SPRF-CE";"DEL05-CE";"UOP01-DEL05-CE"
557902;2023-10-29;"domingo";"06:00:00";"PR";163;275;"QUATRO PONTES";"Ausência de reação do condutor";"Saída de leito carroçável";"Sem Vítimas";"Pleno dia";"Crescente";"Nublado";"Dupla";"Reta;Aclive";"Não";2;0;0;0;1;2;0;3;-24,5780364;-53,99265289;"SPRF-PR";"DEL06-PR";"UOP02-DEL06-PR"
557908;2023-10-29;"domingo";"07:45:00";"MS";163;88;"ITAQUIRAI";"Reação tardia ou ineficiente do condutor";"Colisão lateral sentido oposto";"Com Vítimas Feridas";"Pleno dia";"Crescente";"Céu Claro";"Simples";"Reta";"Não";3;0;0;1;1;1;1;3;-23,379991;-54,21224;"SPRF-MS";"DEL09-MS";"UOP01-DEL09-MS"
557912;2023-10-13;"sexta-feira";"23:20:00";"MA";230;273;"LORETO";"Ultrapassagem Indevida";"Saída de leito carroçável";"Sem Vítimas";"Plena Noite";"Crescente";"Ignorado";"Simples";"Reta";"Não";2;0;0;0;1;2;0;3;-6,85152348;-45,15555511;"SPRF-MA";"DEL05-MA";"UOP01-DEL05-MA"
557913;2023-10-29;"domingo";"06:10:00";"CE";222;263,3;"COREAU";"Acessar a via sem observar a presença dos outros veículos";"Colisão transversal";"Com Vítimas Feridas";"Pleno dia";"Crescente";"Céu Claro";"Simples";"Reta";"Não";2;0;0;1;1;0;1;2;-3,74853785;-40,67572499;"SPRF-CE";"DEL04-CE";"UOP02-DEL04-CE"
557917;2023-10-29;"domingo";"09:20:00";"SP";153;258;"MARILIA";"Manobra de mudança de faixa";"Colisão lateral mesmo sentido";"Sem Vítimas";"Pleno dia";"Decrescente";"Céu Claro";"Dupla";"Reta;Aclive";"Não";2;0;0;0;2;0;0;2;-22,24864701;-49,92085793;"SPRF-SP";"DEL07-SP";"UOP02-DEL07-SP"
557918;2023-10-29;"domingo";"09:30:00";"ES";262;63;"MARECHAL FLORIANO";"Ultrapassagem Indevida";"Colisão lateral mesmo sentido";"Com Vítimas Feridas";"Pleno dia";"Decrescente";"Céu Claro";"Simples";"Reta";"Não";3;0;1;0;1;1;1;3;-20,42077468;-40,80814348;"SPRF-ES";"DEL01-ES";"UOP02-DEL01-ES"
557924;2023-10-29;"domingo";"11:19:00";"MG";381;517,7;"IGARAPE";"Velocidade Incompatível";"Tombamento";"Com Vítimas Feridas";"Pleno dia";"Decrescente";"Céu Claro";"Dupla";"Curva";"Não";2;0;0;1;0;1;1;2;-20,109791;-44,327031;"SPRF-MG";"DEL01-MG";"UOP03-DEL01-MG"
557929;2023-10-29;"domingo";"10:00:00";"RS";392;258;"CACAPAVA DO SUL";"Condutor deixou de manter distância do veículo da frente";"Engavetamento";"Sem Vítimas";"Pleno dia";"Decrescente";"Céu Claro";"Simples";"Reta";"Não";3;0;0;0;3;0;0;3;-30,492989;-53,47792;"SPRF-RS";"DEL09-RS";"UOP02-DEL09-RS"
557931;2023-10-29;"domingo";"09:00:00";"GO";452;80;"CASTELANDIA";"Ingestão de álcool pelo condutor";"Colisão frontal";"Com Vítimas Feridas";"Pleno dia";"Decrescente";"Céu Claro";"Simples";"Reta;Ponte";"Não";3;0;0;1;2;0;1;2;-18,05035676;-50,20362989;"SPRF-GO";"DEL04-GO";"UOP01-DEL04-GO"
557935;2023-10-29;"domingo";"10:55:00";"MG";116;716,9;"MURIAE";"Velocidade Incompatível";"Tombamento";"Com Vítimas Feridas";"Pleno dia";"Decrescente";"Céu Claro";"Simples";"Curva";"Não";3;0;1;0;1;2;1;4;-21,21283022;-42,38932659;"SPRF-MG";"DEL07-MG";"UOP02-DEL07-MG"
557942;2023-10-29;"domingo";"11:30:00";"MS";262;373,5;"TERENOS";"Afundamento ou ondulação no pavimento";"Tombamento";"Sem Vítimas";"Pleno dia";"Decrescente";"Nublado";"Simples";"Curva;Declive";"Não";6;0;0;0;3;3;0;4;-20,49058984;-54,80878841;"SPRF-MS";"DEL01-MS";"UOP03-DEL01-MS"
557945;2023-10-29;"domingo";"09:15:00";"MG";365;484;"PATROCINIO";"Transitar na contramão";"Colisão frontal";"Com Vítimas Feridas";"Pleno dia";"Decrescente";"Céu Claro";"Simples";"Reta";"Não";8;0;6;0;1;1;6;4;-18,89723142;-47,10443306;"SPRF-MG";"DEL10-MG";"UOP01-DEL10-MG"
557946;2023-10-29;"domingo";"14:10:00";"PR";369;185;"ARAPONGAS";"Condutor desrespeitou a iluminação vermelha do semáforo";"Colisão transversal";"Sem Vítimas";"Pleno dia";"Crescente";"Céu Claro";"Simples";"Interseção de Vias;Reta";"Sim";3;0;0;0;2;2;0;4;-23,40942;-51,42768;"SPRF-PR";"DEL07-PR";"UOP03-DEL07-PR"
557951;2023-10-29;"domingo";"14:30:00";"MG";251;379;"GRAO MOGOL";"Reação tardia ou ineficiente do condutor";"Saída de leito carroçável";"Com Vítimas Feridas";"Pleno dia";"Crescente";"Sol";"Simples";"Reta";"Não";2;0;1;0;0;1;1;2;-16,29735398;-42,765631;"SPRF-MG";"DEL12-MG";"UOP01-DEL12-MG"
557961;2023-10-29;"domingo";"15:10:00";"MS";262;209,4;"RIBAS DO RIO PARDO";"Manobra de mudança de faixa";"Colisão frontal";"Com Vítimas Feridas";"Pleno dia";"Crescente";"Céu Claro";"Simples";"Declive";"Não";5;0;1;0;3;1;1;3;-20,46560596;-53,471373;"SPRF-MS";"DEL07-MS";"UOP02-DEL07-MS"
557962;2023-10-29;"domingo";"10:30:00";"MG";116;555,3;"MANHUACU";"Velocidade Incompatível";"Tombamento";"Com Vítimas Feridas";"Pleno dia";"Crescente";"Nublado";"Simples";"Curva;Declive";"Não";2;0;0;1;0;1;1;2;-20,00911074;-42,14328403;"SPRF-MG";"DEL06-MG";"UOP02-DEL06-MG"
557965;2023-10-29;"domingo";"16:45:00";"MG";50;49;"ARAGUARI";"Condutor deixou de manter distância do veículo da frente";"Colisão traseira";"Com Vítimas Feridas";"Pleno dia";"Crescente";"Céu Claro";"Dupla";"Reta";"Não";3;0;1;0;1;1;1;3;-18,73001552;-48,22061517;"SPRF-MG";"DEL15-MG";"UOP02-DEL15-MG"
557968;2023-10-29;"domingo";"17:20:00";"BA";324;465;"CANDEAL";"Reação tardia ou ineficiente do condutor";"Colisão lateral sentido oposto";"Com Vítimas Feridas";"Anoitecer";"Crescente";"Céu Claro";"Simples";"Reta";"Não";3;0;1;1;1;0;2;2;-11,95006486;-39,18878895;"SPRF-BA";"DEL02-BA";"UOP01-DEL02-BA"
557969;2023-10-29;"domingo";"17:30:00";"RJ";393;238;"VASSOURAS";"Acessar a via sem observar a presença dos outros veículos";"Colisão transversal";"Com Vítimas Feridas";"Anoitecer";"Decrescente";"Chuva";"Simples";"Interseção de Vias;Rotatória";"Sim";2;0;1;0;1;0;1;2;-22,40095658;-43,66442518;"SPRF-RJ";"DEL05-RJ";"UOP03-DEL05-RJ"
557971;2023-10-29;"domingo";"16:47:00";"SP";153;35,7;"NOVA GRANADA";"Velocidade Incompatível";"Engavetamento";"Com Vítimas Feridas";"Anoitecer";"Crescente";"Nublado";"Simples";"Reta";"Não";11;0;2;0;8;1;2;7;-20,58054802;-49,31936791;"SPRF-SP";"DEL09-SP";"UOP01-DEL09-SP"
557982;2023-10-29;"domingo";"16:00:00";"MA";316;506;"CODO";"Condutor deixou de manter distância do veículo da frente";"Colisão traseira";"Sem Vítimas";"Pleno dia";"Decrescente";"Céu Claro";"Simples";"Declive";"Não";3;0;0;0;1;2;0;2;-4,71862786;-43,74440432;"SPRF-MA";"DEL03-MA";"UOP02-DEL03-MA"
557992;2023-10-29;"domingo";"15:35:00";"SP";116;514;"CAJATI";"Acesso irregular";"Incêndio";"Sem Vítimas";"Pleno dia";"Decrescente";"Chuva";"Simples";"Curva;Declive";"Não";2;0;0;0;1;1;0;2;-24,85874304;-48,21731282;"SPRF-SP";"DEL05-SP";"UOP02-DEL05-SP"
557999;2023-10-29;"domingo";"20:00:00";"PR";369;161;"CAMBE";"Manobra de mudança de faixa";"Colisão lateral mesmo sentido";"Com Vítimas Feridas";"Pleno dia";"Crescente";"Céu Claro";"Dupla";"Reta;Declive";"Sim";4;0;1;0;2;1;1;3;-23,28901136;-51,26216513;"SPRF-PR";"DEL07-PR";"UOP01-DEL07-PR"
558014;2023-10-29;"domingo";"20:50:00";"SC";101;99;"BALNEARIO PICARRAS";"Ausência de reação do condutor";"Tombamento";"Com Vítimas Fatais";"Plena Noite";"Decrescente";"Nublado";"Dupla";"Reta";"Não";2;1;0;0;0;1;0;2;-26,7494895;-48,6942051;"SPRF-SC";"DEL03-SC";"UOP02-DEL03-SC"
558022;2023-10-29;"domingo";"18:40:00";"RJ";101;244;"SILVA JARDIM";"Transitar na contramão";"Colisão frontal";"Com Vítimas Feridas";"Anoitecer";"Decrescente";"Chuva";"Dupla";"Reta";"Não";5;0;2;0;3;0;2;4;-22,64063219;-42,47356596;"SPRF-RJ";"DEL02-RJ";"UOP03-DEL02-RJ"
558024;2023-10-29;"domingo";"21:45:00";"MG";251;475;"FRANCISCO SA";"Velocidade Incompatível";"Tombamento";"Com Vítimas Feridas";"Plena Noite";"Crescente";"Nublado";"Simples";"Reta";"Não";6;0;2;0;3;1;2;3;-16,47174429;-43,46596604;"SPRF-MG";"DEL12-MG";"UOP01-DEL12-MG"
558028;2023-10-29;"domingo";"20:05:00";"PE";316;74,5;"OURICURI";"Animais na Pista";"Atropelamento de Animal";"Com Vítimas Fatais";"Plena Noite";"Crescente";"Céu Claro";"Simples";"Reta";"Não";2;1;0;0;0;1;0;2;-7,82841159;-40,15111969;"SPRF-PE";"DEL05-PE";"UOP02-DEL05-PE"
558029;2023-10-29;"domingo";"22:10:00";"SP";116;398;"MIRACATU";"Reação tardia ou ineficiente do condutor";"Colisão traseira";"Sem Vítimas";"Plena Noite";"Crescente";"Chuva";"Dupla";"Reta";"Não";3;0;0;0;2;1;0;3;-24,30085222;-47,48456072;"SPRF-SP";"DEL04-SP";"UOP02-DEL04-SP"
558047;2023-10-29;"domingo";"23:30:00";"PI";343;306;"ALTOS";"Condutor deixou de manter distância do veículo da frente";"Colisão traseira";"Com Vítimas Fatais";"Plena Noite";"Decrescente";"Céu Claro";"Simples";"Reta";"Sim";2;1;0;0;0;1;0;2;-5,038756;-42,450893;"SPRF-PI";"DEL01-PI";"UOP01-DEL01-PI"
558051;2023-10-30;"segunda-feira";"02:50:00";"GO";40;7;"LUZIANIA";"Ingestão de álcool e/ou substâncias psicoativas pelo pedestre";"Atropelamento de Pedestre";"Com Vítimas Feridas";"Plena Noite";"Decrescente";"Céu Claro";"Dupla";"Reta;Aclive";"Sim";2;0;0;1;0;1;1;2;-16,108482;-47,972524;"SPRF-DF";"DEL01-DF";"UOP01-DEL01-DF"
558052;2023-10-30;"segunda-feira";"02:35:00";"PB";230;17,9;"JOAO PESSOA";"Ausência de reação do condutor";"Colisão traseira";"Com Vítimas Feridas";"Plena Noite";"Decrescente";"Nublado";"Dupla";"Reta";"Sim";2;0;1;0;0;1;1;2;-7,1121;-34,8426;"SPRF-PB";"DEL01-PB";"UOP01-DEL01-PB"
558054;2023-10-30;"segunda-feira";"03:00:00";"SP";116;41,6;"CACHOEIRA PAULISTA";"Condutor Dormindo";"Colisão traseira";"Com Vítimas Feridas";"Plena Noite";"Crescente";"Nublado";"Dupla";"Reta";"Não";3;0;1;1;1;0;2;2;-22,68631027;-45,0146498;"SPRF-SP";"DEL08-SP";"UOP02-DEL08-SP"
558063;2023-10-29;"domingo";"21:30:00";"BA";420;337,8;"JAGUAQUARA";"Velocidade Incompatível";"Colisão traseira";"Com Vítimas Feridas";"Plena Noite";"Crescente";"Céu Claro";"Simples";"Curva";"Não";3;0;1;1;1;0;2;2;-13,51488923;-39,96550197;"SPRF-BA";"DEL03-BA";"UOP01-DEL03-BA"
558068;2023-10-30;"segunda-feira";"06:45:00";"ES";101;237;"FUNDAO";"Condutor deixou de manter distância do veículo da frente";"Colisão traseira";"Com Vítimas Feridas";"Pleno dia";"Decrescente";"Céu Claro";"Simples";"Reta";"Não";2;0;1;0;1;0;1;2;-19,993072;-40,4141669;"SPRF-ES";"DEL02-ES";"UOP01-DEL02-ES"
558071;2023-10-30;"segunda-feira";"05:30:00";"RJ";116;267;"BARRA MANSA";"Velocidade Incompatível";"Tombamento";"Com Vítimas Feridas";"Amanhecer";"Crescente";"Céu Claro";"Dupla";"Reta;Aclive";"Não";1;0;1;0;0;0;1;1;-22,58964229;-44,10482516;"SPRF-RJ";"DEL07-RJ";"UOP02-DEL07-RJ"
558073;2023-10-30;"segunda-feira";"02:15:00";"MT";364;546;"ROSARIO OESTE";"Retorno proibido";"Colisão transversal";"Com Vítimas Feridas";"Plena Noite";"Crescente";"Céu Claro";"Dupla";"Reta";"Não";4;0;1;0;2;1;1;3;-14,87904388;-56,46132643;"SPRF-MT";"DEL01-MT";"UOP01-DEL01-MT"
558075;2023-10-30;"segunda-feira";"06:40:00";"MA";135;47,3;"BACABEIRA";"Acessar a via sem observar a presença dos outros veículos";"Colisão transversal";"Com Vítimas Feridas";"Pleno dia";"Crescente";"Sol";"Dupla";"Reta;Retorno Regulamentado";"Sim";3;0;2;0;1;0;2;2;-2,93871687;-44,33065366;"SPRF-MA";"DEL01-MA";"UOP01-DEL01-MA"
558080;2023-10-30;"segunda-feira";"08:47:00";"MG";146;425,1;"MUZAMBINHO";"Transitar na contramão";"Colisão frontal";"Com Vítimas Fatais";"Pleno dia";"Crescente";"Céu Claro";"Simples";"Curva";"Não";2;1;1;0;0;0;1;2;-21,360143;-46,475828;"SPRF-MG";"DEL09-MG";"UOP01-DEL09-MG"
558084;2023-10-30;"segunda-feira";"07:00:00";"SC";280;53,4;"GUARAMIRIM";"Suicídio (presumido)";"Colisão frontal";"Com Vítimas Fatais";"Pleno dia";"Crescente";"Sol";"Dupla";"Reta";"Não";3;1;0;0;1;1;0;3;-26,4748172;-48,9810103;"SPRF-SC";"DEL03-SC";"UOP03-DEL03-SC"