"id";"data_inversa";"dia_semana";"horario";"uf";"br";"km";"municipio";"causa_acidente";"tipo_acidente";"classificacao_acidente";"fase_dia";"sentido_via";"condicao_metereologica";"tipo_pista";"tracado_via";"uso_solo";"pessoas";"mortos";"feridos_leves";"feridos_graves";"ilesos";"ignorados";"feridos";"veiculos";"latitude";"longitude";"regional";"delegacia";"uop"
558372;2023-10-31;"terça-feira";"19:09:00";"SC";101;116;"ITAJAI";"Reação tardia ou ineficiente do condutor";"Engavetamento";"Com Vítimas Feridas";"Plena Noite";"Decrescente";"Céu Claro";"Dupla";"Reta";"Não";10;0;1;1;7;2;2;7;-26,87905605;-48,72603512;"SPRF-SC";"DEL04-SC";"UOP04-DEL04-SC"
558375;2023-10-31;"terça-feira";"06:20:00";"BA";20;76,5;"SAO DESIDERIO";"Reação tardia ou ineficiente do condutor";"Tombamento";"Com Vítimas Feridas";"Pleno dia";"Decrescente";"Céu Claro";"Simples";"Reta;Declive";"Não";2;0;1;0;0;1;1;2;-13,28027556;-46,05522394;"SPRF-BA";"DEL10-BA";"UOP01-DEL10-BA"
558376;2023-10-31;"terça-feira";"11:15:00";"MG";354;750;"ITAMONTE";"Velocidade Incompatível";"Tombamento";"Com Vítimas Feridas";"Pleno dia";"Decrescente";"Céu Claro";"Simples";"Curva";"Não";2;0;1;0;0;1;1;2;-22,28077569;-44,87170669;"SPRF-MG";"DEL17-MG";"UOP01-DEL17-MG"
558377;2023-10-28;"sábado";"04:00:00";"MG";354;736;"POUSO ALTO";"Velocidade Incompatível";"Tombamento";"Sem Vítimas";"Amanhecer";"Decrescente";"Chuva";"Simples";"Curva;Declive";"Não";1;0;0;0;1;0;0;1;-22,20144068;-44,96659879;"SPRF-MG";"DEL17-MG";"UOP01-DEL17-MG"
558380;2023-10-31;"terça-feira";"17:45:00";"BA";116;556,1;"BREJOES";"Transitar na contramão";"Colisão lateral sentido oposto";"Com Vítimas Feridas";"Anoitecer";"Decrescente";"Céu Claro";"Simples";"Reta";"Não";4;0;1;0;2;1;1;4;-12,91848475;-39,87281823;"SPRF-BA";"DEL03-BA";"UOP02-DEL03-BA"
558381;2023-10-31;"terça-feira";"13:40:00";"MG";365;811,7;"SANTA VITORIA";"Velocidade Incompatível";"Saída de leito carroçável";"Com Vítimas Feridas";"Pleno dia";"Decrescente";"Chuva";"Simples";"Reta";"Não";2;0;1;0;0;2;1;3;-18,88905014;-50,01094202;"SPRF-MG";"DEL15-MG";"UOP03-DEL15-MG"
558386;2023-10-31;"terça-feira";"17:14:00";"MT";174;285;"PONTES E LACERDA";"Reação tardia ou ineficiente do condutor";"Colisão traseira";"Com Vítimas Feridas";"Pleno dia";"Decrescente";"Céu Claro";"Simples";"Reta";"Não";3;0;1;0;2;0;1;2;-15,2601158;-59,30416476;"SPRF-MT";"DEL04-MT";"UOP01-DEL04-MT"
558387;2023-10-31;"terça-feira";"21:00:00";"SC";101;139;"ITAPEMA";"Ausência de reação do condutor";"Colisão traseira";"Com Vítimas Feridas";"Plena Noite";"Decrescente";"Nublado";"Dupla";"Reta;Túnel";"Sim";3;0;0;1;0;2;1;3;-27,03881189;-48,60025148;"SPRF-SC";"DEL04-SC";"UOP03-DEL04-SC"
558388;2023-10-31;"terça-feira";"18:40:00";"DF";251;32,1;"BRASILIA";"Chuva";"Colisão transversal";"Com Vítimas Fatais";"Plena Noite";"Decrescente";"Chuva";"Simples";"Reta";"Não";2;1;0;0;1;0;0;2;-15,940314;-47,740455;"SPRF-DF";"DEL01-DF";"UOP01-DEL01-DF"
558390;2023-10-31;"terça-feira";"19:40:00";"PR";277;535;"IBEMA";"Demais falhas mecânicas ou elétricas";"Incêndio";"Sem Vítimas";"Plena Noite";"Crescente";"Nublado";"Simples";"Curva;Aclive";"Não";2;0;0;0;1;1;0;2;-25,10716706;-52,99434897;"SPRF-PR";"DEL04-PR";"UOP04-DEL04-PR"
558391;2023-10-31;"terça-feira";"16:00:00";"AL";423;78,7;"DELMIRO GOUVEIA";"Acumulo de areia ou detritos sobre o pavimento";"Colisão transversal";"Com Vítimas Feridas";"Anoitecer";"Crescente";"Céu Claro";"Simples";"Reta";"Não";4;0;0;2;1;1;2;3;-9,32481684;-37,96857706;"SPRF-AL";"DEL03-AL";"UOP02-DEL03-AL"
558392;2023-10-31;"terça-feira";"21:10:00";"PR";376;210;"MANDAGUARI";"Ausência de reação do condutor";"Colisão traseira";"Com Vítimas Feridas";"Plena Noite";"Crescente";"Céu Claro";"Dupla";"Reta";"Não";3;0;1;0;1;1;1;3;-23,561134;-51,66161;"SPRF-PR";"DEL09-PR";"UOP01-DEL09-PR"
558394;2023-09-20;"quarta-feira";"21:30:00";"GO";364;208;"JATAI";"Transitar na contramão";"Colisão transversal";"Com Vítimas Feridas";"Plena Noite";"Crescente";"Céu Claro";"Simples";"Em Obras;Reta";"Não";3;0;1;1;0;3;2;5;-17,904121;-51,828594;"SPRF-GO";"DEL05-GO";"UOP01-DEL05-GO"
558396;2023-10-31;"terça-feira";"19:10:00";"SP";116;506;"CAJATI";"Demais falhas mecânicas ou elétricas";"Incêndio";"Sem Vítimas";"Plena Noite";"Decrescente";"Garoa/Chuvisco";"Dupla";"Curva;Declive";"Não";3;0;0;0;1;2;0;3;-24,79704815;-48,2145174;"SPRF-SP";"DEL05-SP";"UOP02-DEL05-SP"
558399;2023-10-31;"terça-feira";"22:20:00";"GO";452;179,9;"ITUMBIARA";"Condutor Dormindo";"Colisão traseira";"Com Vítimas Fatais";"Plena Noite";"Decrescente";"Céu Claro";"Simples";"Aclive";"Não";2;1;0;0;1;0;0;2;-18,37027474;-49,36134287;"SPRF-GO";"DEL03-GO";"UOP02-DEL03-GO"
558406;2023-10-31;"terça-feira";"17:40:00";"MG";116;719,7;"MURIAE";"Chuva";"Colisão frontal";"Com Vítimas Feridas";"Anoitecer";"Decrescente";"Chuva";"Simples";"Curva;Declive";"Não";3;0;0;1;1;1;1;3;-21,23756793;-42,39406193;"SPRF-MG";"DEL07-MG";"UOP02-DEL07-MG"
558408;2023-10-31;"terça-feira";"23:15:00";"MG";40;600,5;"OURO PRETO";"Reação tardia ou ineficiente do condutor";"Tombamento";"Sem Vítimas";"Plena Noite";"Crescente";"Nublado";"Simples";"Reta";"Não";2;0;0;0;1;1;0;2;-20,43217759;-43,85352915;"SPRF-MG";"DEL05-MG";"UOP02-DEL05-MG"
558409;2023-10-31;"terça-feira";"20:15:00";"PR";163;238,9;"TOLEDO";"Suicídio (presumido)";"Atropelamento de Pedestre";"Com Vítimas Fatais";"Plena Noite";"Decrescente";"Céu Claro";"Dupla";"Reta;Ponte";"Não";3;1;0;0;1;1;0;3;-24,717822;-53,711597;"SPRF-PR";"DEL04-PR";"UOP01-DEL04-PR"
558414;2023-10-31;"terça-feira";"19:50:00";"MT";158;714;"BARRA DO GARCAS";"Condutor deixou de manter distância do veículo da frente";"Colisão traseira";"Com Vítimas Feridas";"Plena Noite";"Decrescente";"Céu Claro";"Simples";"Reta";"Não";2;0;0;1;1;0;1;2;-15,17297091;-52,1835688;"SPRF-MT";"DEL07-MT";"UOP01-DEL07-MT"
558416;2023-10-31;"terça-feira";"22:50:00";"PR";369;356,3;"CAMPO MOURAO";"Ultrapassagem Indevida";"Colisão frontal";"Com Vítimas Fatais";"Plena Noite";"Crescente";"Nublado";"Simples";"Curva";"Sim";2;1;1;0;0;0;1;2;-24,15803126;-52,47241974;"SPRF-PR";"DEL09-PR";"UOP03-DEL09-PR"
558420;2023-11-01;"quarta-feira";"00:20:00";"PA";10;291;"MAE DO RIO";"Ausência de sinalização";"Tombamento";"Com Vítimas Feridas";"Plena Noite";"Crescente";"Céu Claro";"Simples";"Reta";"Não";2;0;1;0;0;1;1;2;-1,88753098;-47,52195782;"SPRF-PA";"DEL02-PA";"UOP01-DEL02-PA"
558424;2023-11-01;"quarta-feira";"03:50:00";"MG";262;100;"ABRE CAMPO";"Ultrapassagem Indevida";"Colisão frontal";"Com Vítimas Feridas";"Amanhecer";"Crescente";"Chuva";"Simples";"Reta";"Não";3;0;2;0;0;2;2;4;-20,29258347;-42,51536077;"SPRF-MG";"DEL03-MG";"UOP03-DEL03-MG"
558426;2023-10-31;"terça-feira";"08:30:00";"MA";135;157,1;"MATOES DO NORTE";"Demais falhas mecânicas ou elétricas";"Tombamento";"Sem Vítimas";"Pleno dia";"Decrescente";"Céu Claro";"Simples";"Curva";"Não";2;0;0;0;1;3;0;4;-3,8221759;-44,5172497;"SPRF-MA";"DEL01-MA";"UOP02-DEL01-MA"
558427;2023-11-01;"quarta-feira";"05:02:00";"RJ";101;87;"CAMPOS DOS GOYTACAZES";"Ausência de reação do condutor";"Saída de leito carroçável";"Sem Vítimas";"Amanhecer";"Decrescente";"Nublado";"Dupla";"Reta";"Não";2;0;0;0;1;1;0;2;-21,82626899;-41,49641201;"SPRF-RJ";"DEL08-RJ";"UOP02-DEL08-RJ"
558428;2023-11-01;"quarta-feira";"05:30:00";"PR";376;636,6;"TIJUCAS DO SUL";"Condutor Dormindo";"Saída de leito carroçável";"Com Vítimas Feridas";"Amanhecer";"Decrescente";"Nublado";"Dupla";"Reta;Declive";"Não";1;0;1;0;0;0;1;1;-25,757953;-49,12549;"SPRF-PR";"DEL01-PR";"UOP04-DEL01-PR"
558432;2023-11-01;"quarta-feira";"06:30:00";"RJ";493;55;"DUQUE DE CAXIAS";"Ausência de reação do condutor";"Colisão traseira";"Com Vítimas Feridas";"Pleno dia";"Crescente";"Nublado";"Dupla";"Reta";"Não";2;0;1;0;1;0;1;2;-22,672089;-43,285053;"SPRF-RJ";"DEL01-RJ";"UOP01-DEL01-RJ"
558436;2023-11-01;"quarta-feira";"03:40:00";"RO";364;1053;"PORTO VELHO";"Iluminação deficiente";"Atropelamento de Animal";"Com Vítimas Fatais";"Amanhecer";"Decrescente";"Céu Claro";"Simples";"Reta";"Não";2;1;0;0;1;0;0;2;-9,79163284;-66,48425502;"SPRF-AC";"DEL01-AC";"UOP03-DEL01-AC"
558437;2023-10-31;"terça-feira";"22:45:00";"PR";376;403;"TIBAGI";"Demais falhas mecânicas ou elétricas";"Derramamento de carga";"Sem Vítimas";"Plena Noite";"Crescente";"Céu Claro";"Dupla";"Reta";"Não";2;0;0;0;1;1;0;2;-24,61990918;-50,6481542;"SPRF-PR";"DEL03-PR";"UOP02-DEL03-PR"
558449;2023-11-01;"quarta-feira";"09:40:00";"SC";101;44,2;"JOINVILLE";"Reação tardia ou ineficiente do condutor";"Colisão com objeto";"Com Vítimas Feridas";"Pleno dia";"Crescente";"Garoa/Chuvisco";"Simples";"Declive";"Não";1;0;1;0;0;0;1;1;-26,31238996;-48,87458997;"SPRF-SC";"DEL03-SC";"UOP01-DEL03-SC"
558452;2023-11-01;"quarta-feira";"09:30:00";"CE";222;4,5;"CAUCAIA";"Condutor deixou de manter distância do veículo da frente";"Colisão traseira";"Com Vítimas Feridas";"Pleno dia";"Decrescente";"Garoa/Chuvisco";"Múltipla";"Reta";"Sim";2;0;1;0;1;0;1;2;-3,74164754;-38,60449792;"SPRF-CE";"DEL01-CE";"UOP01-DEL01-CE"
558456;2023-09-30;"sábado";"09:40:00";"RS";290;77;"GRAVATAI";"Manobra de mudança de faixa";"Colisão lateral mesmo sentido";"Com Vítimas Feridas";"Pleno dia";"Decrescente";"Nublado";"Dupla";"Reta;Em Obras";"Não";3;0;0;1;1;1;1;3;-29,955027;-51,027363;"SPRF-RS";"DEL01-RS";"UOP01-DEL01-RS"
558461;2023-11-01;"quarta-feira";"10:15:00";"MS";463;58;"PONTA PORA";"Ausência de reação do condutor";"Saída de leito carroçável";"Com Vítimas Feridas";"Pleno dia";"Decrescente";"Nublado";"Simples";"Reta";"Não";3;0;1;0;0;2;1;3;-22,40671061;-55,30574724;"SPRF-MS";"DEL04-MS";"UOP03-DEL04-MS"
558463;2023-11-01;"quarta-feira";"07:40:00";"CE";116;17;"FORTALEZA";"Restrição de visibilidade em curvas horizontais";"Colisão traseira";"Com Vítimas Feridas";"Pleno dia";"Crescente";"Sol";"Dupla";"Retorno Regulamentado";"Sim";2;0;1;0;1;0;1;2;-3,89617918;-38,50336042;"SPRF-CE";"DEL01-CE";"UOP02-DEL01-CE"
558466;2023-11-01;"quarta-feira";"10:45:00";"SC";470;47;"BLUMENAU";"Ausência de reação do condutor";"Colisão traseira";"Com Vítimas Feridas";"Pleno dia";"Decrescente";"Nublado";"Simples";"Reta";"Sim";4;0;1;0;2;2;1;4;-26,864044;-49,046516;"SPRF-SC";"DEL04-SC";"UOP01-DEL04-SC"
558471;2023-11-01;"quarta-feira";"08:45:00";"PR";476;255,4;"ANTONIO OLINTO";"Reação tardia ou ineficiente do condutor";"Saída de leito carroçável";"Sem Vítimas";"Pleno dia";"Decrescente";"Céu Claro";"Simples";"Aclive;Curva";"Não";2;0;0;0;1;1;0;2;-25,89062253;-50,20160502;"SPRF-PR";"DEL02-PR";"UOP03-DEL02-PR"
558475;2023-11-01;"quarta-feira";"12:10:00";"PR";369;457;"CORBELIA";"Reação tardia ou ineficiente do condutor";"Colisão lateral sentido oposto";"Com Vítimas Feridas";"Pleno dia";"Crescente";"Chuva";"Simples";"Curva";"Não";7;0;1;4;1;1;5;4;-24,60108623;-53,20404053;"SPRF-PR";"DEL04-PR";"UOP03-DEL04-PR"
558482;2023-11-01;"quarta-feira";"11:15:00";"MS";163;232,8;"CAARAPO";"Ausência de reação do condutor";"Colisão traseira";"Com Vítimas Feridas";"Pleno dia";"Crescente";"Nublado";"Dupla";"Reta";"Não";3;0;1;0;0;3;1;4;-22,44905506;-54,83362894;"SPRF-MS";"DEL04-MS";"UOP02-DEL04-MS"
558484;2023-11-01;"quarta-feira";"14:00:00";"PR";116;95;"SAO JOSE DOS PINHAIS";"Ausência de reação do condutor";"Colisão traseira";"Com Vítimas Feridas";"Pleno dia";"Crescente";"Chuva";"Dupla";"Reta";"Não";2;0;1;0;1;0;1;2;-25,52969582;-49,14296519;"SPRF-PR";"DEL01-PR";"UOP07-DEL01-PR"
558489;2023-11-01;"quarta-feira";"11:50:00";"MT";364;310,4;"JACIARA";"Ausência de reação do condutor";"Colisão frontal";"Com Vítimas Feridas";"Pleno dia";"Decrescente";"Chuva";"Dupla";"Reta";"Não";4;0;0;1;2;2;1;4;-15,81540349;-55,23875092;"SPRF-MT";"DEL05-MT";"UOP02-DEL05-MT"
558496;2023-11-01;"quarta-feira";"13:40:00";"PE";101;55;"PAULISTA";"Reação tardia ou ineficiente do condutor";"Colisão traseira";"Com Vítimas Feridas";"Pleno dia";"Decrescente";"Sol";"Múltipla";"Reta";"Sim";5;0;0;1;4;0;1;5;-7,94806621;-34,9062148;"SPRF-PE";"DEL01-PE";"UOP02-DEL01-PE"
558498;2023-11-01;"quarta-feira";"14:00:00";"MG";50;190,6;"UBERABA";"Condutor Dormindo";"Colisão traseira";"Com Vítimas Feridas";"Pleno dia";"Decrescente";"Nublado";"Dupla";"Reta";"Não";3;0;1;0;1;1;1;3;-19,85630175;-47,86944462;"SPRF-MG";"DEL13-MG";"UOP01-DEL13-MG"
558507;2023-11-01;"quarta-feira";"16:00:00";"MG";365;44;"ARAGUARI";"Ausência de reação do condutor";"Saída de leito carroçável";"Com Vítimas Feridas";"Pleno dia";"Crescente";"Sol";"Dupla";"Reta;Declive";"Não";3;0;1;0;2;0;1;2;-18,709162;-48,193673;"SPRF-MG";"DEL12-MG";"UOP01-DEL12-MG"
558509;2023-11-01;"quarta-feira";"16:30:00";"RS";290;87;"PORTO ALEGRE";"Condutor deixou de manter distância do veículo da frente";"Colisão traseira";"Com Vítimas Feridas";"Pleno dia";"Crescente";"Céu Claro";"Dupla";"Reta;Em Obras";"Não";4;0;1;0;2;1;1;4;-29,967838;-51,127197;"SPRF-RS";"DEL01-RS";"UOP01-DEL01-RS"
558513;2023-11-01;"quarta-feira";"13:50:00";"SC";470;122,4;"IBIRAMA";"Ultrapassagem Indevida";"Colisão frontal";"Com Vítimas Fatais";"Pleno dia";"Crescente";"Sol";"Simples";"Curva;Aclive";"Sim";4;1;0;1;1;2;1;4;-27,1045512;-49,523828;"SPRF-SC";"DEL04-SC";"UOP02-DEL04-SC"
558528;2023-11-01;"quarta-feira";"17:30:00";"MG";381;481,2;"CONTAGEM";"Demais falhas mecânicas ou elétricas";"Colisão com objeto";"Sem Vítimas";"Pleno dia";"Decrescente";"Céu Claro";"Múltipla";"Curva;Declive";"Sim";2;0;0;0;1;1;0;2;-19,9592657;-44,0640651;"SPRF-MG";"DEL01-MG";"UOP03-DEL01-MG"
558529;2023-11-01;"quarta-feira";"17:00:00";"RN";101;81;"NATAL";"Condutor deixou de manter distância do veículo da frente";"Colisão traseira";"Com Vítimas Feridas";"Plena Noite";"Decrescente";"Céu Claro";"Simples";"Reta";"Não";4;0;1;0;2;1;1;4;-5,76469466;-35,28295988;"SPRF-RN";"DEL02-RN";"UOP01-DEL02-RN"
558535;2023-11-01;"quarta-feira";"15:20:00";"MT";163;760,5;"SORRISO";"Reação tardia ou ineficiente do condutor";"Tombamento";"Com Vítimas Feridas";"Pleno dia";"Crescente";"Céu Claro";"Simples";"Declive";"Não";1;0;0;1;0;0;1;1;-12,611208;-55,758139;"SPRF-MT";"DEL06-MT";"UOP01-DEL06-MT"
558539;2023-11-01;"quarta-feira";"18:15:00";"SC";101;204;"SAO JOSE";"Reação tardia ou ineficiente do condutor";"Colisão lateral mesmo sentido";"Com Vítimas Feridas";"Anoitecer";"Decrescente";"Nublado";"Dupla";"Declive";"Sim";2;0;1;0;0;1;1;2;-27,56985134;-48,61377055;"SPRF-SC";"DEL01-SC";"UOP01-DEL01-SC"
558543;2023-11-01;"quarta-feira";"12:30:00";"MG";251;472;"FRANCISCO SA";"Velocidade Incompatível";"Saída de leito carroçável";"Sem Vítimas";"Pleno dia";"Decrescente";"Céu Claro";"Simples";"Curva;Declive";"Não";1;0;0;0;1;0;0;1;-16,4669101;-43,43947986;"SPRF-MG";"DEL12-MG";"UOP01-DEL12-MG"
558544;2023-11-01;"quarta-feira";"16:15:00";"PR";376;217;"JANDAIA DO SUL";"Ausência de reação do condutor";"Colisão transversal";"Com Vítimas Feridas";"Pleno dia";"Crescente";"Nublado";"Simples";"Interseção de Vias";"Não";8;0;1;2;4;2;3;4;-23,5978436;-51,62416462;"SPRF-PR";"DEL09-PR";"UOP01-DEL09-PR"
558548;2023-11-01;"quarta-feira";"13:50:00";"BA";242;203;"ITABERABA";"Condutor deixou de manter distância do veículo da frente";"Colisão traseira";"Com Vítimas Feridas";"Pleno dia";"Crescente";"Céu Claro";"Simples";"Reta";"Não";3;0;0;1;1;3;1;5;-12,52044392;-40,076847;"SPRF-BA";"DEL06-BA";"UOP02-DEL06-BA"
558551;2023-11-01;"quarta-feira";"18:00:00";"RS";116;264,9;"CANOAS";"Reação tardia ou ineficiente do condutor";"Engavetamento";"Com Vítimas Feridas";"Pleno dia";"Decrescente";"Nublado";"Dupla";"Reta";"Sim";4;0;2;0;2;0;2;3;-29,914435;-51,17754495;"SPRF-RS";"DEL01-RS";"UOP01-DEL01-RS"
558553;2023-11-01;"quarta-feira";"18:10:00";"PE";101;83;"JABOATAO DOS GUARARAPES";"Acessar a via sem observar a presença dos outros veículos";"Colisão traseira";"Sem Vítimas";"Plena Noite";"Crescente";"Céu Claro";"Dupla";"Reta";"Sim";3;0;0;0;2;1;0;3;-8,175172;-34,942642;"SPRF-PE";"DEL01-PE";"UOP01-DEL01-PE"
558554;2023-11-01;"quarta-feira";"15:25:00";"BA";30;264;"CAETITE";"Demais falhas mecânicas ou elétricas";"Tombamento";"Com Vítimas Feridas";"Pleno dia";"Crescente";"Céu Claro";"Dupla";"Reta;Interseção de Vias;Rotatória";"Sim";2;0;1;0;1;0;1;1;-14,09789655;-42,58010043;"SPRF-BA";"DEL08-BA";"UOP01-DEL08-BA"
558556;2023-11-01;"quarta-feira";"13:00:00";"RJ";101;87;"CAMPOS DOS GOYTACAZES";"Reação tardia ou ineficiente do condutor";"Colisão traseira";"Com Vítimas Feridas";"Pleno dia";"Decrescente";"Nublado";"Dupla";"Reta;Declive";"Não";8;0;1;0;4;4;1;7;-21,8270822;-41,49703503;"SPRF-RJ";"DEL08-RJ";"UOP02-DEL08-RJ"
558559;2023-11-01;"quarta-feira";"19:00:00";"DF";60;28;"BRASILIA";"Manobra de mudança de faixa";"Capotamento";"Sem Vítimas";"Plena Noite";"Decrescente";"Chuva";"Dupla";"Reta";"Sim";4;0;0;0;4;0;0;1;-16,020638;-48,250832;"SPRF-DF";"DEL03-DF";"UOP01-DEL03-DF"
558564;2023-11-01;"quarta-feira";"18:40:00";"MT";70;131;"GENERAL CARNEIRO";"Reação tardia ou ineficiente do condutor";"Eventos atípicos";"Com Vítimas Feridas";"Plena Noite";"Decrescente";"Nublado";"Simples";"Reta";"Não";2;0;0;1;0;1;1;2;-15,59817544;-53,20500612;"SPRF-MT";"DEL07-MT";"UOP01-DEL07-MT"
558570;2023-11-01;"quarta-feira";"08:20:00";"BA";116;165;"CANUDOS";"Reação tardia ou ineficiente do condutor";"Saída de leito carroçável";"Com Vítimas Feridas";"Pleno dia";"Crescente";"Céu Claro";"Simples";"Reta";"Não";1;0;0;1;0;0;1;1;-10,06396905;-39,14873512;"SPRF-BA";"DEL07-BA";"UOP02-DEL07-BA"
558571;2023-11-01;"quarta-feira";"16:05:00";"PR";153;33,8;"SANTO ANTONIO DA PLATINA";"Demais falhas mecânicas ou elétricas";"Colisão lateral sentido oposto";"Com Vítimas Feridas";"Pleno dia";"Crescente";"Céu Claro";"Simples";"Declive;Curva;Ponte";"Não";3;0;1;0;1;4;1;6;-23,23229394;-50,0364961;"SPRF-PR";"DEL07-PR";"UOP04-DEL07-PR"
558572;2023-11-01;"quarta-feira";"19:30:00";"GO";60;167,7;"GOIANIA";"Velocidade Incompatível";"Colisão lateral mesmo sentido";"Com Vítimas Feridas";"Plena Noite";"Crescente";"Nublado";"Dupla";"Declive;Curva";"Não";3;0;1;0;1;2;1;4;-16,7175;-49,3663;"SPRF-GO";"DEL01-GO";"UOP02-DEL01-GO"
558576;2023-11-01;"quarta-feira";"17:00:00";"MG";262;581,4;"CAMPOS ALTOS";"Pista Escorregadia";"Saída de leito carroçável";"Com Vítimas Feridas";"Pleno dia";"Decrescente";"Chuva";"Simples";"Reta";"Não";2;0;0;1;1;0;1;1;-19,65688108;-46,06847896;"SPRF-MG";"DEL08-MG";"UOP02-DEL08-MG"
558579;2023-11-01;"quarta-feira";"20:45:00";"SC";101;27,5;"JOINVILLE";"Suicídio (presumido)";"Colisão frontal";"Sem Vítimas";"Plena Noite";"Crescente";"Chuva";"Dupla";"Reta";"Não";3;0;0;0;2;1;0;3;-26,20130351;-48,91331794;"SPRF-SC";"DEL03-SC";"UOP01-DEL03-SC"
558595;2023-11-01;"quarta-feira";"21:10:00";"PR";369;396;"JURANDA";"Acessar a via sem observar a presença dos outros veículos";"Colisão transversal";"Com Vítimas Feridas";"Plena Noite";"Crescente";"Nublado";"Simples";"Curva";"Não";3;0;1;0;1;1;1;3;-24,34724142;-52,73511194;"SPRF-PR";"DEL04-PR";"UOP03-DEL04-PR"
558599;2023-11-01;"quarta-feira";"21:00:00";"PI";316;221;"VALENCA DO PIAUI";"Ingestão de álcool pelo condutor";"Colisão lateral sentido oposto";"Com Vítimas Feridas";"Plena Noite";"Crescente";"Céu Claro";"Simples";"Reta;Em Obras";"Não";3;0;1;0;2;0;1;2;-6,48192096;-41,74232473;"SPRF-PI";"DEL04-PI";"UOP02-DEL04-PI"
558600;2023-11-01;"quarta-feira";"21:30:00";"MG";40;525;"CONTAGEM";"Manobra de mudança de faixa";"Colisão lateral mesmo sentido";"Com Vítimas Feridas";"Plena Noite";"Decrescente";"Céu Claro";"Dupla";"Reta";"Sim";3;0;1;0;2;0;1;2;-19,88361702;-44,05039336;"SPRF-MG";"DEL01-MG";"UOP02-DEL01-MG"
558610;2023-11-01;"quarta-feira";"22:00:00";"AL";423;101;"DELMIRO GOUVEIA";"Demais falhas mecânicas ou elétricas";"Incêndio";"Sem Vítimas";"Plena Noite";"Crescente";"Céu Claro";"Simples";"Reta";"Não";3;0;0;0;2;1;0;2;-9,394478;-38,16552;"SPRF-BA";"DEL07-BA";"UOP01-DEL07-BA"
558612;2023-11-01;"quarta-feira";"21:50:00";"PR";277;56;"SAO JOSE DOS PINHAIS";"Ausência de reação do condutor";"Colisão lateral mesmo sentido";"Sem Vítimas";"Plena Noite";"Decrescente";"Chuva";"Dupla";"Reta";"Não";3;0;0;0;2;2;0;4;-25,58612344;-48,95485311;"SPRF-PR";"DEL01-PR";"UOP01-DEL01-PR"
558613;2023-11-01;"quarta-feira";"22:15:00";"BA";116;441;"FEIRA DE SANTANA";"Velocidade Incompatível";"Tombamento";"Com Vítimas Feridas";"Plena Noite";"Crescente";"Céu Claro";"Dupla";"Declive;Curva";"Não";3;0;1;0;1;1;1;2;-12,33163605;-39,06586497;"SPRF-BA";"DEL02-BA";"UOP01-DEL02-BA"
558617;2023-11-01;"quarta-feira";"22:00:00";"MG";40;273;"TRES MARIAS";"Demais falhas mecânicas ou elétricas";"Incêndio";"Sem Vítimas";"Plena Noite";"Crescente";"Céu Claro";"Simples";"Aclive";"Sim";2;0;0;0;1;1;0;2;-18,29623795;-45,12429391;"SPRF-MG";"DEL14-MG";"UOP02-DEL14-MG"
558618;2023-11-01;"quarta-feira";"17:00:00";"MT";158;455;"RIBEIRAO CASCALHEIRA";"Ausência de reação do condutor";"Saída de leito carroçável";"Com Vítimas Feridas";"Anoitecer";"Decrescente";"Céu Claro";"Simples";"Curva";"Não";2;0;1;0;0;2;1;3;-13,15239901;-51,92201207;"SPRF-MT";"DEL07-MT";"UOP02-DEL07-MT"
558619;2023-11-01;"quarta-feira";"22:50:00";"MG";381;858,4;"POUSO ALEGRE";"Reação tardia ou ineficiente do condutor";"Colisão com objeto";"Com Vítimas Fatais";"Plena Noite";"Decrescente";"Céu Claro";"Dupla";"Reta";"Não";9;2;1;2;3;1;3;4;-22,308833;-45,902602;"SPRF-MG";"DEL16-MG";"UOP01-DEL16-MG"
558625;2023-11-02;"quinta-feira";"00:30:00";"MG";40;813,1;"MATIAS BARBOSA";"Reação tardia ou ineficiente do condutor";"Colisão traseira";"Com Vítimas Feridas";"Plena Noite";"Crescente";"Céu Claro";"Dupla";"Reta;Aclive";"Não";4;0;0;1;2;1;1;3;-21,88425389;-43,32016989;"SPRF-MG";"DEL05-MG";"UOP01-DEL05-MG"
558630;2023-11-01;"quarta-feira";"21:30:00";"BA";101;817;"ITAMARAJU";"Ausência de reação do condutor";"Colisão lateral sentido oposto";"Com Vítimas Feridas";"Plena Noite";"Crescente";"Céu Claro";"Simples";"Curva;Declive";"Não";2;0;1;0;1;0;1;2;-17,092064;-39,570498;"SPRF-BA";"DEL09-BA";"UOP02-DEL09-BA"
558632;2023-11-01;"quarta-feira";"23:42:00";"PI";222;73;"PIRIPIRI";"Ingestão de álcool pelo condutor";"Colisão lateral sentido oposto";"Com Vítimas Feridas";"Plena Noite";"Decrescente";"Céu Claro";"Simples";"Reta";"Não";2;0;1;0;1;0;1;2;-4,25889335;-41,75202806;"SPRF-PI";"DEL02-PI";"UOP01-DEL02-PI"
558642;2023-11-02;"quinta-feira";"03:45:00";"SC";101;207;"SAO JOSE";"Reação tardia ou ineficiente do condutor";"Colisão frontal";"Sem Vítimas";"Plena Noite";"Crescente";"Nublado";"Múltipla";"Reta";"Sim";3;0;0;0;3;0;0;2;-27,60001226;-48,6226467;"SPRF-SC";"DEL01-SC";"UOP01-DEL01-SC"