"id";"data_inversa";"dia_semana";"horario";"uf";"br";"km";"municipio";"causa_acidente";"tipo_acidente";"classificacao_acidente";"fase_dia";"sentido_via";"condicao_metereologica";"tipo_pista";"tracado_via";"uso_solo";"pessoas";"mortos";"feridos_leves";"feridos_graves";"ilesos";"ignorados";"feridos";"veiculos";"latitude";"longitude";"regional";"delegacia";"uop"
558645;2023-11-02;"quinta-feira";"01:10:00";"PR";277;404;"CANDOI";"Reação tardia ou ineficiente do condutor";"Colisão traseira";"Com Vítimas Fatais";"Plena Noite";"Decrescente";"Nublado";"Simples";"Reta";"Não";3;1;0;1;0;1;1;3;-25,45842513;-51,96393708;"SPRF-PR";"DEL04-PR";"UOP02-DEL04-PR"
558652;2023-11-02;"quinta-feira";"04:00:00";"PR";277;19,3;"MORRETES";"Ausência de reação do condutor";"Colisão traseira";"Com Vítimas Feridas";"Plena Noite";"Crescente";"Chuva";"Dupla";"Reta";"Não";3;0;2;0;0;1;2;2;-25,536803;-48,699127;"SPRF-PR";"DEL01-PR";"UOP05-DEL01-PR"
558653;2023-11-01;"quarta-feira";"23:36:00";"SC";282;561,3;"NOVA ERECHIM";"Chuva";"Colisão com objeto";"Com Vítimas Fatais";"Plena Noite";"Decrescente";"Chuva";"Simples";"Reta;Ponte";"Não";1;1;0;0;0;0;0;1;-26,92470056;-52,85713434;"SPRF-SC";"DEL07-SC";"UOP02-DEL07-SC"
558654;2023-11-02;"quinta-feira";"04:50:00";"ES";259;20,9;"COLATINA";"Velocidade Incompatível";"Colisão frontal";"Com Vítimas Fatais";"Amanhecer";"Crescente";"Chuva";"Simples";"Curva;Declive";"Não";6;3;0;1;1;1;1;3;-19,643761;-40,4644232;"SPRF-ES";"DEL02-ES";"UOP01-DEL02-ES"
558656;2023-11-02;"quinta-feira";"02:20:00";"SC";470;53;"BLUMENAU";"Ingestão de álcool pelo condutor";"Colisão frontal";"Com Vítimas Feridas";"Plena Noite";"Decrescente";"Garoa/Chuvisco";"Simples";"Curva;Declive";"Sim";4;0;1;1;1;2;2;4;-26,86852545;-49,10459518;"SPRF-SC";"DEL04-SC";"UOP01-DEL04-SC"
558658;2023-11-02;"quinta-feira";"03:30:00";"GO";153;135;"ESTRELA DO NORTE";"Reação tardia ou ineficiente do condutor";"Tombamento";"Com Vítimas Feridas";"Plena Noite";"Crescente";"Nublado";"Simples";"Aclive";"Não";38;0;3;0;33;3;3;6;-13,949925;-49,08493;"SPRF-GO";"DEL07-GO";"UOP01-DEL07-GO"
558668;2023-11-02;"quinta-feira";"08:00:00";"SP";116;201;"ARUJA";"Reação tardia ou ineficiente do condutor";"Tombamento";"Com Vítimas Feridas";"Pleno dia";"Crescente";"Céu Claro";"Dupla";"Curva";"Não";2;0;1;0;0;1;1;2;-23,40362877;-46,33050107;"SPRF-SP";"DEL01-SP";"UOP01-DEL01-SP"
558669;2023-11-02;"quinta-feira";"05:20:00";"MG";381;287;"JAGUARACU";"Animais na Pista";"Saída de leito carroçável";"Com Vítimas Feridas";"Plena Noite";"Crescente";"Nublado";"Simples";"Reta;Em Obras";"Não";2;0;1;0;0;1;1;2;-19,61639453;-42,77320862;"SPRF-MG";"DEL03-MG";"UOP02-DEL03-MG"
558671;2023-11-02;"quinta-feira";"07:15:00";"MG";354;739,2;"POUSO ALTO";"Falta de acostamento";"Tombamento";"Sem Vítimas";"Amanhecer";"Decrescente";"Nublado";"Simples";"Reta;Declive";"Não";2;0;0;0;0;2;0;2;-22,21739825;-44,94656131;"SPRF-MG";"DEL17-MG";"UOP01-DEL17-MG"
558673;2023-11-02;"quinta-feira";"08:20:00";"SC";101;235;"PALHOCA";"Acumulo de água sobre o pavimento";"Colisão com objeto";"Com Vítimas Feridas";"Pleno dia";"Decrescente";"Chuva";"Dupla";"Curva;Aclive";"Não";3;0;1;0;1;1;1;2;-27,8177775;-48,6315025;"SPRF-SC";"DEL01-SC";"UOP02-DEL01-SC"
558691;2023-11-02;"quinta-feira";"09:30:00";"SC";101;88,2;"BARRA VELHA";"Condutor deixou de manter distância do veículo da frente";"Engavetamento";"Com Vítimas Feridas";"Pleno dia";"Crescente";"Chuva";"Dupla";"Declive";"Não";8;0;2;0;6;0;2;3;-26,64253985;-48,68950684;"SPRF-SC";"DEL03-SC";"UOP02-DEL03-SC"
558693;2023-11-02;"quinta-feira";"08:15:00";"PR";376;669,2;"GUARATUBA";"Manobra de mudança de faixa";"Colisão lateral mesmo sentido";"Com Vítimas Feridas";"Pleno dia";"Decrescente";"Chuva";"Dupla";"Reta";"Não";4;0;2;0;1;2;2;4;-25,86958174;-48,93464712;"SPRF-PR";"DEL01-PR";"UOP04-DEL01-PR"
558702;2023-11-02;"quinta-feira";"12:00:00";"SC";101;277;"IMBITUBA";"Acessar a via sem observar a presença dos outros veículos";"Colisão lateral mesmo sentido";"Com Vítimas Feridas";"Pleno dia";"Decrescente";"Garoa/Chuvisco";"Múltipla";"Reta";"Sim";3;0;1;0;1;1;1;3;-28,17011138;-48,69411528;"SPRF-SC";"DEL02-SC";"UOP03-DEL02-SC"
558706;2023-11-02;"quinta-feira";"12:20:00";"SC";101;4;"GARUVA";"Manobra de mudança de faixa";"Colisão traseira";"Com Vítimas Feridas";"Pleno dia";"Decrescente";"Chuva";"Dupla";"Reta";"Não";6;0;3;1;1;2;4;5;-26,00908719;-48,86448735;"SPRF-SC";"DEL03-SC";"UOP01-DEL03-SC"
558708;2023-11-02;"quinta-feira";"12:10:00";"ES";101;8,4;"PEDRO CANARIO";"Reação tardia ou ineficiente do condutor";"Tombamento";"Com Vítimas Feridas";"Pleno dia";"Crescente";"Céu Claro";"Simples";"Curva";"Não";2;0;1;0;0;1;1;2;-18,23027961;-39,95278417;"SPRF-ES";"DEL04-ES";"UOP02-DEL04-ES"
558710;2023-11-02;"quinta-feira";"13:20:00";"SC";101;239;"PALHOCA";"Reação tardia ou ineficiente do condutor";"Colisão traseira";"Com Vítimas Feridas";"Pleno dia";"Decrescente";"Chuva";"Dupla";"Reta";"Não";3;0;1;0;2;0;1;2;-27,85046883;-48,63955216;"SPRF-SC";"DEL01-SC";"UOP02-DEL01-SC"
558713;2023-11-02;"quinta-feira";"11:45:00";"MG";116;305,7;"ITAMBACURI";"Problema com o freio";"Queda de ocupante de veículo";"Com Vítimas Feridas";"Pleno dia";"Crescente";"Céu Claro";"Simples";"Reta;Declive";"Não";1;0;0;1;0;0;1;1;-18,03803;-41,655847;"SPRF-MG";"DEL11-MG";"UOP01-DEL11-MG"
558728;2023-11-02;"quinta-feira";"13:20:00";"PR";376;307,6;"MAUA DA SERRA";"Demais falhas mecânicas ou elétricas";"Tombamento";"Com Vítimas Feridas";"Pleno dia";"Decrescente";"Céu Claro";"Dupla";"Curva";"Não";3;0;2;0;0;2;2;3;-23,95008184;-51,11829579;"SPRF-PR";"DEL07-PR";"UOP02-DEL07-PR"
558732;2023-11-02;"quinta-feira";"15:00:00";"RJ";393;228,9;"VASSOURAS";"Afundamento ou ondulação no pavimento";"Saída de leito carroçável";"Com Vítimas Feridas";"Pleno dia";"Decrescente";"Nublado";"Simples";"Curva";"Não";2;0;1;0;0;1;1;2;-22,37534415;-43,6282897;"SPRF-RJ";"DEL05-RJ";"UOP03-DEL05-RJ"
558737;2023-11-02;"quinta-feira";"16:05:00";"CE";116;61;"CHOROZINHO";"Condutor deixou de manter distância do veículo da frente";"Saída de leito carroçável";"Com Vítimas Feridas";"Pleno dia";"Crescente";"Céu Claro";"Simples";"Reta;Declive";"Não";6;0;2;0;3;1;2;3;-4,25539588;-38,48633338;"SPRF-CE";"DEL03-CE";"UOP02-DEL03-CE"
558756;2023-07-03;"segunda-feira";"13:50:00";"RS";470;224;"GARIBALDI";"Reação tardia ou ineficiente do condutor";"Saída de leito carroçável";"Com Vítimas Feridas";"Pleno dia";"Crescente";"Céu Claro";"Simples";"Reta;Aclive";"Sim";1;0;1;0;0;0;1;1;-29,21351804;-51,51780626;"SPRF-RS";"DEL06-RS";"UOP01-DEL06-RS"
558763;2023-11-02;"quinta-feira";"17:46:00";"MG";365;417,1;"PATOS DE MINAS";"Manobra de mudança de faixa";"Colisão lateral mesmo sentido";"Sem Vítimas";"Anoitecer";"Decrescente";"Nublado";"Simples";"Reta";"Não";3;0;0;0;2;1;0;3;-18,686628;-46,578346;"SPRF-MG";"DEL10-MG";"UOP01-DEL10-MG"
558765;2023-11-02;"quinta-feira";"20:05:00";"PR";376;101,3;"PARANAVAI";"Transitar na contramão";"Colisão transversal";"Com Vítimas Fatais";"Plena Noite";"Crescente";"Céu Claro";"Simples";"Reta";"Não";6;1;0;3;1;1;3;3;-23,03498;-52,47907;"SPRF-PR";"DEL09-PR";"UOP02-DEL09-PR"
558768;2023-11-02;"quinta-feira";"14:50:00";"CE";222;150,3;"IRAUCUBA";"Reação tardia ou ineficiente do condutor";"Colisão com objeto";"Sem Vítimas";"Pleno dia";"Crescente";"Céu Claro";"Simples";"Reta";"Sim";2;0;0;0;1;1;0;2;-3,74733622;-39,79027813;"SPRF-CE";"DEL04-CE";"UOP03-DEL04-CE"
558778;2023-11-02;"quinta-feira";"22:30:00";"SP";116;347,7;"MIRACATU";"Reação tardia ou ineficiente do condutor";"Tombamento";"Com Vítimas Feridas";"Plena Noite";"Crescente";"Nublado";"Múltipla";"Curva";"Sim";1;0;0;1;0;0;1;1;-24,04699491;-47,19706111;"SPRF-SP";"DEL04-SP";"UOP03-DEL04-SP"
558782;2023-11-03;"sexta-feira";"00:30:00";"MT";70;500;"CUIABA";"Transitar na contramão";"Colisão frontal";"Com Vítimas Fatais";"Plena Noite";"Crescente";"Céu Claro";"Simples";"Reta";"Sim";3;1;0;0;1;2;0;4;-15,68206569;-55,92335686;"SPRF-MT";"DEL01-MT";"UOP02-DEL01-MT"
558790;2023-11-03;"sexta-feira";"02:50:00";"PR";116;24;"ANTONINA";"Demais falhas mecânicas ou elétricas";"Incêndio";"Sem Vítimas";"Plena Noite";"Crescente";"Nublado";"Simples";"Reta;Aclive";"Não";1;0;0;0;1;0;0;1;-25,10885561;-48,76563896;"SPRF-PR";"DEL01-PR";"UOP02-DEL01-PR"
558793;2023-11-03;"sexta-feira";"05:50:00";"MG";50;118;"UBERABA";"Reação tardia ou ineficiente do condutor";"Colisão lateral mesmo sentido";"Com Vítimas Feridas";"Amanhecer";"Decrescente";"Céu Claro";"Dupla";"Reta";"Não";6;0;3;1;1;2;4;4;-19,29129791;-48,11741979;"SPRF-MG";"DEL13-MG";"UOP01-DEL13-MG"
558795;2023-11-03;"sexta-feira";"04:15:00";"MA";316;579,6;"CAXIAS";"Demais falhas mecânicas ou elétricas";"Tombamento";"Sem Vítimas";"Amanhecer";"Decrescente";"Céu Claro";"Simples";"Reta";"Não";2;0;0;0;1;2;0;3;-4,957611;-43,128502;"SPRF-MA";"DEL03-MA";"UOP02-DEL03-MA"
558796;2023-11-03;"sexta-feira";"05:40:00";"GO";364;115;"APARECIDA DO RIO DOCE";"Ausência de reação do condutor";"Colisão traseira";"Sem Vítimas";"Pleno dia";"Crescente";"Céu Claro";"Dupla";"Reta";"Não";3;0;0;0;1;3;0;4;-18,293097;-51,153309;"SPRF-GO";"DEL05-GO";"UOP02-DEL05-GO"
558801;2023-11-03;"sexta-feira";"06:50:00";"SC";101;217;"PALHOCA";"Acumulo de água sobre o pavimento";"Colisão lateral mesmo sentido";"Com Vítimas Feridas";"Pleno dia";"Decrescente";"Garoa/Chuvisco";"Dupla";"Reta";"Sim";2;0;1;0;1;0;1;2;-27,66779034;-48,67393586;"SPRF-SC";"DEL01-SC";"UOP02-DEL01-SC"
558802;2023-11-03;"sexta-feira";"04:50:00";"TO";153;266;"COLINAS DO TOCANTINS";"Condutor deixou de manter distância do veículo da frente";"Colisão traseira";"Com Vítimas Feridas";"Amanhecer";"Crescente";"Céu Claro";"Simples";"Reta";"Não";3;0;1;0;1;2;1;4;-8,22705;-48,46489402;"SPRF-TO";"DEL02-TO";"UOP02-DEL02-TO"
558805;2023-11-03;"sexta-feira";"01:00:00";"SP";116;419;"JUQUIA";"Ausência de reação do condutor";"Colisão traseira";"Com Vítimas Feridas";"Plena Noite";"Crescente";"Nevoeiro/Neblina";"Dupla";"Reta";"Não";3;0;1;0;1;3;1;5;-24,35575938;-47,66795511;"SPRF-SP";"DEL05-SP";"UOP01-DEL05-SP"
558806;2023-11-03;"sexta-feira";"06:00:00";"AL";101;172,2;"TEOTONIO VILELA";"Demais falhas mecânicas ou elétricas";"Tombamento";"Sem Vítimas";"Pleno dia";"Decrescente";"Céu Claro";"Dupla";"Reta;Aclive";"Não";2;0;0;0;1;2;0;3;-9,90891928;-36,34223292;"SPRF-AL";"DEL02-AL";"UOP02-DEL02-AL"
558808;2023-11-03;"sexta-feira";"06:50:00";"MS";267;509,9;"JARDIM";"Condutor Dormindo";"Colisão lateral sentido oposto";"Com Vítimas Feridas";"Pleno dia";"Crescente";"Céu Claro";"Simples";"Reta";"Não";4;0;0;1;2;1;1;3;-21,47066138;-56,38288586;"SPRF-MS";"DEL05-MS";"UOP01-DEL05-MS"
558816;2023-11-03;"sexta-feira";"06:45:00";"GO";153;439;"ANAPOLIS";"Ausência de sinalização";"Colisão traseira";"Sem Vítimas";"Pleno dia";"Decrescente";"Céu Claro";"Dupla";"Declive;Curva";"Sim";3;0;0;0;3;0;0;2;-16,298529;-48,928207;"SPRF-GO";"DEL02-GO";"UOP01-DEL02-GO"
558819;2023-11-03;"sexta-feira";"08:05:00";"SC";470;3,4;"NAVEGANTES";"Ausência de reação do condutor";"Colisão traseira";"Com Vítimas Feridas";"Pleno dia";"Decrescente";"Chuva";"Dupla";"Reta";"Não";2;0;1;0;1;0;1;2;-26,861937;-48,681618;"SPRF-SC";"DEL04-SC";"UOP04-DEL04-SC"
558822;2023-11-03;"sexta-feira";"06:00:00";"SC";116;194,3;"PONTE ALTA";"Demais falhas mecânicas ou elétricas";"Incêndio";"Sem Vítimas";"Amanhecer";"Decrescente";"Chuva";"Simples";"Curva";"Não";1;0;0;0;1;0;0;1;-27,380015;-50,43000816;"SPRF-SC";"DEL05-SC";"UOP03-DEL05-SC"
558826;2023-11-03;"sexta-feira";"10:10:00";"SP";116;441;"REGISTRO";"Ausência de reação do condutor";"Colisão traseira";"Com Vítimas Feridas";"Pleno dia";"Decrescente";"Céu Claro";"Dupla";"Reta";"Não";5;0;0;1;4;0;1;3;-24,4688528;-47,82223728;"SPRF-SP";"DEL05-SP";"UOP01-DEL05-SP"
558829;2023-11-03;"sexta-feira";"09:30:00";"BA";324;618;"SALVADOR";"Demais falhas mecânicas ou elétricas";"Colisão traseira";"Sem Vítimas";"Pleno dia";"Decrescente";"Chuva";"Dupla";"Reta";"Sim";3;0;0;0;2;1;0;3;-12,891109;-38,445374;"SPRF-BA";"DEL01-BA";"UOP01-DEL01-BA"
558836;2023-11-03;"sexta-feira";"09:35:00";"RS";153;10,5;"SEVERIANO DE ALMEIDA";"Reação tardia ou ineficiente do condutor";"Saída de leito carroçável";"Sem Vítimas";"Pleno dia";"Decrescente";"Chuva";"Simples";"Reta;Declive";"Não";2;0;0;0;1;1;0;2;-27,43198;-52,04055595;"SPRF-RS";"DEL08-RS";"UOP04-DEL08-RS"
558841;2023-11-03;"sexta-feira";"09:45:00";"RS";392;714,9;"PORTO XAVIER";"Velocidade Incompatível";"Saída de leito carroçável";"Com Vítimas Feridas";"Pleno dia";"Crescente";"Chuva";"Simples";"Curva";"Não";1;0;1;0;0;0;1;1;-27,963909;-55,127575;"SPRF-RS";"DEL10-RS";"UOP01-DEL10-RS"
558843;2023-09-21;"quinta-feira";"00:20:00";"PI";135;190,7;"MANOEL EMIDIO";"Transitar na contramão";"Tombamento";"Com Vítimas Feridas";"Plena Noite";"Crescente";"Céu Claro";"Simples";"Reta";"Não";1;0;0;1;0;0;1;1;-8,07666891;-43,81253639;"SPRF-PI";"DEL03-PI";"UOP01-DEL03-PI"
558845;2023-11-03;"sexta-feira";"11:15:00";"RS";287;271,5;"SANTA MARIA";"Reação tardia ou ineficiente do condutor";"Saída de leito carroçável";"Com Vítimas Feridas";"Pleno dia";"Crescente";"Nublado";"Simples";"Reta";"Não";3;0;1;0;1;1;1;3;-29,666488;-54,085035;"SPRF-RS";"DEL09-RS";"UOP01-DEL09-RS"
558851;2023-11-03;"sexta-feira";"11:00:00";"RJ";493;90;"SEROPEDICA";"Mal súbito do condutor";"Saída de leito carroçável";"Com Vítimas Fatais";"Pleno dia";"Crescente";"Céu Claro";"Dupla";"Curva";"Não";3;1;0;0;0;2;0;3;-22,67587;-43,658032;"SPRF-RJ";"DEL03-RJ";"UOP01-DEL03-RJ"
558855;2023-11-03;"sexta-feira";"12:00:00";"PA";10;263;"MAE DO RIO";"Transitar na contramão";"Colisão lateral sentido oposto";"Com Vítimas Fatais";"Pleno dia";"Decrescente";"Céu Claro";"Simples";"Reta";"Sim";3;1;0;0;1;2;0;4;-2,132287;-47,560707;"SPRF-PA";"DEL02-PA";"UOP01-DEL02-PA"
558859;2023-11-03;"sexta-feira";"13:35:00";"RS";285;300,9;"PASSO FUNDO";"Transitar na contramão";"Colisão frontal";"Com Vítimas Fatais";"Pleno dia";"Crescente";"Céu Claro";"Simples";"Reta";"Sim";3;1;0;0;1;1;0;3;-28,229494;-52,441837;"SPRF-RS";"DEL08-RS";"UOP03-DEL08-RS"
558863;2023-11-03;"sexta-feira";"10:05:00";"RJ";393;274;"BARRA DO PIRAI";"Carga excessiva e/ou mal acondicionada";"Derramamento de carga";"Sem Vítimas";"Pleno dia";"Decrescente";"Céu Claro";"Simples";"Curva;Declive";"Não";2;0;0;0;1;1;0;2;-22,48328327;-43,96042792;"SPRF-RJ";"DEL05-RJ";"UOP04-DEL05-RJ"
558868;2023-11-03;"sexta-feira";"14:10:00";"TO";153;798,6;"TALISMA";"Transitar no Acostamento";"Colisão transversal";"Com Vítimas Feridas";"Pleno dia";"Decrescente";"Céu Claro";"Simples";"Reta";"Sim";3;0;0;1;1;1;1;3;-12,79876213;-49,09430239;"SPRF-TO";"DEL01-TO";"UOP02-DEL01-TO"
558869;2023-11-03;"sexta-feira";"12:20:00";"MA";10;254;"IMPERATRIZ";"Condutor desrespeitou a iluminação vermelha do semáforo";"Colisão transversal";"Com Vítimas Feridas";"Pleno dia";"Crescente";"Céu Claro";"Simples";"Reta";"Sim";2;0;1;0;1;0;1;2;-5,51754802;-47,4715987;"SPRF-MA";"DEL04-MA";"UOP01-DEL04-MA"
558871;2023-11-03;"sexta-feira";"14:00:00";"PE";232;7,5;"RECIFE";"Trafegar com motocicleta (ou similar) entre as faixas";"Colisão traseira";"Com Vítimas Feridas";"Pleno dia";"Decrescente";"Céu Claro";"Múltipla";"Reta";"Não";4;0;0;2;1;1;2;3;-8,07333497;-34,96184301;"SPRF-PE";"DEL01-PE";"UOP01-DEL01-PE"
558872;2023-11-03;"sexta-feira";"13:30:00";"SP";116;74,4;"APARECIDA";"Problema com o freio";"Colisão com objeto";"Com Vítimas Feridas";"Pleno dia";"Crescente";"Céu Claro";"Dupla";"Reta";"Sim";2;0;1;0;0;1;1;2;-22,87353809;-45,25320023;"SPRF-SP";"DEL08-SP";"UOP01-DEL08-SP"
558874;2023-11-03;"sexta-feira";"13:30:00";"SC";101;184;"BIGUACU";"Reação tardia ou ineficiente do condutor";"Colisão com objeto";"Com Vítimas Feridas";"Pleno dia";"Crescente";"Chuva";"Dupla";"Reta";"Não";4;0;1;0;2;1;1;3;-27,41613807;-48,6266443;"SPRF-SC";"DEL01-SC";"UOP01-DEL01-SC"
558878;2023-11-03;"sexta-feira";"15:45:00";"RJ";116;305;"RESENDE";"Problema com o freio";"Colisão com objeto";"Com Vítimas Feridas";"Pleno dia";"Decrescente";"Céu Claro";"Simples";"Curva;Retorno Regulamentado";"Sim";1;0;1;0;0;0;1;1;-22,45573779;-44,39454802;"SPRF-RJ";"DEL07-RJ";"UOP02-DEL07-RJ"
558879;2023-11-03;"sexta-feira";"14:55:00";"PE";232;46,8;"VITORIA DE SANTO ANTAO";"Condutor deixou de manter distância do veículo da frente";"Colisão traseira";"Com Vítimas Feridas";"Pleno dia";"Decrescente";"Céu Claro";"Dupla";"Reta";"Não";2;0;0;1;1;0;1;2;-8,13346726;-35,28918683;"SPRF-PE";"DEL01-PE";"UOP01-DEL01-PE"
558880;2023-11-03;"sexta-feira";"14:40:00";"ES";101;203,7;"JOAO NEIVA";"Ausência de reação do condutor";"Colisão traseira";"Com Vítimas Feridas";"Pleno dia";"Decrescente";"Céu Claro";"Simples";"Rotatória";"Sim";3;0;0;1;1;1;1;3;-19,74448248;-40,37263506;"SPRF-ES";"DEL02-ES";"UOP01-DEL02-ES"
558883;2023-11-03;"sexta-feira";"08:00:00";"MT";174;125;"MIRASSOL DOESTE";"Acessar a via sem observar a presença dos outros veículos";"Colisão transversal";"Com Vítimas Feridas";"Pleno dia";"Crescente";"Céu Claro";"Simples";"Interseção de Vias;Reta";"Não";3;0;1;0;1;2;1;4;-15,81781387;-58,08723807;"SPRF-MT";"DEL03-MT";"UOP01-DEL03-MT"
558884;2023-10-15;"domingo";"08:40:00";"GO";153;663,9;"GOIATUBA";"Velocidade Incompatível";"Colisão traseira";"Com Vítimas Feridas";"Pleno dia";"Crescente";"Céu Claro";"Dupla";"Declive;Curva";"Não";4;0;1;1;1;1;2;3;-18,0812;-49,271;"SPRF-GO";"DEL03-GO";"UOP02-DEL03-GO"
558885;2023-11-03;"sexta-feira";"13:30:00";"PR";277;686;"SAO MIGUEL DO IGUACU";"Estacionar ou parar em local proibido";"Colisão traseira";"Com Vítimas Feridas";"Pleno dia";"Decrescente";"Nublado";"Dupla";"Reta;Aclive";"Não";3;0;1;0;1;1;1;2;-25,33975596;-54,21578002;"SPRF-PR";"DEL05-PR";"UOP01-DEL05-PR"
558887;2023-11-03;"sexta-feira";"13:50:00";"MS";163;475;"CAMPO GRANDE";"Ausência de reação do condutor";"Colisão frontal";"Com Vítimas Feridas";"Pleno dia";"Crescente";"Céu Claro";"Simples";"Reta";"Sim";4;0;1;1;1;1;2;2;-20,51321327;-54,56171036;"SPRF-MS";"DEL01-MS";"UOP01-DEL01-MS"
558891;2023-11-03;"sexta-feira";"16:30:00";"MG";40;760,9;"JUIZ DE FORA";"Acessar a via sem observar a presença dos outros veículos";"Colisão lateral mesmo sentido";"Com Vítimas Feridas";"Pleno dia";"Crescente";"Céu Claro";"Simples";"Reta;Interseção de Vias";"Não";2;0;1;0;1;0;1;2;-21,52936511;-43,51813418;"SPRF-MG";"DEL05-MG";"UOP01-DEL05-MG"
558895;2023-11-03;"sexta-feira";"16:40:00";"RJ";101;280;"TANGUA";"Ausência de reação do condutor";"Colisão traseira";"Com Vítimas Feridas";"Pleno dia";"Crescente";"Céu Claro";"Dupla";"Reta";"Não";2;0;1;0;1;0;1;2;-22,73840017;-42,77718501;"SPRF-RJ";"DEL02-RJ";"UOP03-DEL02-RJ"
558898;2023-11-03;"sexta-feira";"15:20:00";"SC";282;70,1;"RANCHO QUEIMADO";"Pista Escorregadia";"Colisão frontal";"Com Vítimas Fatais";"Pleno dia";"Crescente";"Chuva";"Simples";"Curva;Aclive";"Não";6;1;0;1;3;1;1;5;-27,6915189;-49,0909447;"SPRF-SC";"DEL01-SC";"UOP03-DEL01-SC"
558899;2023-10-14;"sábado";"20:20:00";"MS";163;491,6;"CAMPO GRANDE";"Reação tardia ou ineficiente do condutor";"Colisão traseira";"Com Vítimas Feridas";"Plena Noite";"Decrescente";"Céu Claro";"Simples";"Reta";"Sim";2;0;1;0;1;0;1;2;-20,36434577;-54,52853585;"SPRF-MS";"DEL01-MS";"UOP02-DEL01-MS"
558900;2023-11-03;"sexta-feira";"11:09:00";"ES";101;297;"VIANA";"Demais falhas mecânicas ou elétricas";"Colisão com objeto";"Sem Vítimas";"Pleno dia";"Decrescente";"Céu Claro";"Dupla";"Reta";"Sim";2;0;0;0;1;1;0;2;-20,34529844;-40,41026774;"SPRF-ES";"DEL01-ES";"UOP01-DEL01-ES"
558902;2023-11-03;"sexta-feira";"17:00:00";"MG";365;805,1;"GURINHATA";"Ausência de reação do condutor";"Colisão frontal";"Com Vítimas Fatais";"Pleno dia";"Crescente";"Chuva";"Simples";"Reta";"Não";5;1;0;0;1;4;0;5;-18,89711485;-49,95447598;"SPRF-MG";"DEL15-MG";"UOP03-DEL15-MG"
558905;2023-11-03;"sexta-feira";"16:40:00";"AL";0;0;"TEOTONIO VILELA";"Condutor deixou de manter distância do veículo da frente";"Colisão traseira";"Com Vítimas Feridas";"Pleno dia";"Não Informado";"Céu Claro";"Simples";"Desvio Temporário;Curva;Declive";"Não";4;0;3;0;1;0;3;4;-9,90997737;-36,33571386;"SPRF-AL";"DEL02-AL";"N/A"
558912;2023-08-18;"sexta-feira";"09:48:00";"RS";470;232;"CARLOS BARBOSA";"Acessar a via sem observar a presença dos outros veículos";"Colisão transversal";"Com Vítimas Feridas";"Pleno dia";"Decrescente";"Nublado";"Dupla";"Reta";"Não";5;0;0;1;3;1;1;4;-29,23579206;-51,51193423;"SPRF-RS";"DEL06-RS";"UOP01-DEL06-RS"
558914;2023-11-03;"sexta-feira";"11:00:00";"BA";242;489;"OLIVEIRA DOS BREJINHOS";"Velocidade Incompatível";"Tombamento";"Com Vítimas Feridas";"Pleno dia";"Crescente";"Céu Claro";"Simples";"Declive;Curva";"Não";2;0;1;0;0;1;1;2;-12,41360616;-42,36805991;"SPRF-BA";"DEL06-BA";"UOP01-DEL06-BA"
558921;2023-11-03;"sexta-feira";"12:20:00";"SP";153;345,5;"OURINHOS";"Demais falhas mecânicas ou elétricas";"Eventos atípicos";"Sem Vítimas";"Pleno dia";"Crescente";"Nublado";"Dupla";"Reta";"Sim";4;0;0;0;1;3;0;4;-22,9768623;-49,90315517;"SPRF-SP";"DEL07-SP";"UOP03-DEL07-SP"
558922;2023-11-03;"sexta-feira";"18:45:00";"SP";381;85,5;"SAO PAULO";"Condutor deixou de manter distância do veículo da frente";"Colisão lateral mesmo sentido";"Sem Vítimas";"Anoitecer";"Crescente";"Chuva";"Múltipla";"Reta";"Não";2;0;0;0;2;0;0;2;-23,449343;-46,56983501;"SPRF-SP";"DEL03-SP";"UOP01-DEL03-SP"
558924;2023-11-03;"sexta-feira";"19:40:00";"ES";101;219;"IBIRACU";"Ausência de reação do condutor";"Colisão com objeto";"Com Vítimas Feridas";"Plena Noite";"Crescente";"Céu Claro";"Dupla";"Curva";"Não";2;0;1;0;1;0;1;2;-19,86460092;-40,38336629;"SPRF-ES";"DEL02-ES";"UOP01-DEL02-ES"
558925;2023-11-03;"sexta-feira";"15:20:00";"CE";230;105,1;"FARIAS BRITO";"Ingestão de álcool pelo condutor";"Colisão traseira";"Sem Vítimas";"Pleno dia";"Decrescente";"Céu Claro";"Simples";"Reta;Aclive";"Não";3;0;0;0;3;0;0;2;-6,87469932;-39,50490286;"SPRF-CE";"DEL05-CE";"UOP01-DEL05-CE"
558950;2023-11-03;"sexta-feira";"20:50:00";"BA";101;586;"CAMACAN";"Faróis desregulados";"Colisão lateral sentido oposto";"Sem Vítimas";"Plena Noite";"Decrescente";"Céu Claro";"Simples";"Reta";"Não";2;0;0;0;2;0;0;2;-15,40081;-39,47087;"SPRF-BA";"DEL05-BA";"UOP02-DEL05-BA"
558953;2023-11-03;"sexta-feira";"19:40:00";"GO";414;349,5;"COCALZINHO DE GOIAS";"Transitar na contramão";"Colisão lateral sentido oposto";"Com Vítimas Feridas";"Plena Noite";"Decrescente";"Nublado";"Simples";"Curva;Declive";"Não";2;0;1;0;0;1;1;2;-15,62428797;-48,66629611;"SPRF-GO";"DEL02-GO";"UOP01-DEL02-GO"
558955;2023-11-03;"sexta-feira";"20:40:00";"SC";282;485,1;"FAXINAL DOS GUEDES";"Transitar na contramão";"Colisão frontal";"Com Vítimas Feridas";"Plena Noite";"Crescente";"Céu Claro";"Simples";"Reta";"Não";3;0;0;1;1;1;1;3;-26,857132;-52,245258;"SPRF-SC";"DEL07-SC";"UOP01-DEL07-SC"