"id";"data_inversa";"dia_semana";"horario";"uf";"br";"km";"municipio";"causa_acidente";"tipo_acidente";"classificacao_acidente";"fase_dia";"sentido_via";"condicao_metereologica";"tipo_pista";"tracado_via";"uso_solo";"pessoas";"mortos";"feridos_leves";"feridos_graves";"ilesos";"ignorados";"feridos";"veiculos";"latitude";"longitude";"regional";"delegacia";"uop"
558957;2023-11-03;"sexta-feira";"21:00:00";"RJ";116;123;"MAGE";"Reação tardia ou ineficiente do condutor";"Colisão traseira";"Com Vítimas Feridas";"Plena Noite";"Crescente";"Chuva";"Dupla";"Reta";"Sim";5;0;0;2;2;1;2;3;-22,64080106;-43,06288894;"SPRF-RJ";"DEL04-RJ";"UOP02-DEL04-RJ"
558965;2023-11-03;"sexta-feira";"21:50:00";"PR";476;107;"COLOMBO";"Ausência de reação do condutor";"Saída de leito carroçável";"Com Vítimas Feridas";"Amanhecer";"Decrescente";"Céu Claro";"Simples";"Curva";"Não";2;0;0;1;0;1;1;2;-25,29636363;-49,15444504;"SPRF-PR";"DEL01-PR";"UOP01-DEL01-PR"
558968;2023-11-03;"sexta-feira";"20:40:00";"RO";364;419;"JARU";"Condutor Dormindo";"Colisão frontal";"Com Vítimas Feridas";"Plena Noite";"Decrescente";"Nublado";"Simples";"Reta;Em Obras";"Não";3;0;1;0;1;1;1;3;-10,48262607;-62,44173207;"SPRF-RO";"DEL03-RO";"UOP02-DEL03-RO"
558972;2023-11-03;"sexta-feira";"07:15:00";"SC";153;47;"VARGEM BONITA";"Chuva";"Saída de leito carroçável";"Sem Vítimas";"Pleno dia";"Crescente";"Chuva";"Simples";"Aclive;Curva";"Não";1;0;0;0;1;0;0;1;-26,896812;-51,76989;"SPRF-SC";"DEL07-SC";"UOP07-DEL07-SC"
558974;2023-11-03;"sexta-feira";"23:30:00";"MG";40;459,9;"CAETANOPOLIS";"Demais falhas mecânicas ou elétricas";"Tombamento";"Com Vítimas Feridas";"Plena Noite";"Crescente";"Nublado";"Dupla";"Declive;Curva";"Não";2;0;1;0;0;1;1;2;-19,395604;-44,33448;"SPRF-MG";"DEL02-MG";"UOP01-DEL02-MG"
558976;2023-11-03;"sexta-feira";"22:30:00";"PE";428;192;"PETROLINA";"Ausência de reação do condutor";"Tombamento";"Com Vítimas Feridas";"Plena Noite";"Decrescente";"Céu Claro";"Dupla";"Interseção de Vias;Rotatória";"Não";2;0;1;0;0;1;1;2;-9,38067769;-40,51113714;"SPRF-PE";"DEL06-PE";"UOP01-DEL06-PE"
558978;2023-11-04;"sábado";"00:35:00";"MG";381;530;"ITATIAIUCU";"Pista Escorregadia";"Colisão traseira";"Com Vítimas Feridas";"Plena Noite";"Decrescente";"Chuva";"Dupla";"Declive;Curva";"Não";4;0;1;1;1;2;2;5;-20,17327539;-44,37545454;"SPRF-MG";"DEL04-MG";"UOP03-DEL04-MG"
558979;2023-11-03;"sexta-feira";"22:30:00";"GO";60;174;"ABADIA DE GOIAS";"Demais falhas mecânicas ou elétricas";"Incêndio";"Sem Vítimas";"Plena Noite";"Crescente";"Nublado";"Dupla";"Reta;Declive";"Não";2;0;0;0;1;3;0;4;-16,7474;-49,4238;"SPRF-GO";"DEL01-GO";"UOP02-DEL01-GO"
558981;2023-11-04;"sábado";"01:50:00";"PR";376;506,3;"PONTA GROSSA";"Reação tardia ou ineficiente do condutor";"Colisão traseira";"Com Vítimas Feridas";"Plena Noite";"Crescente";"Céu Claro";"Dupla";"Reta";"Não";3;0;0;1;1;1;1;3;-25,19192;-50,080102;"SPRF-PR";"DEL03-PR";"UOP04-DEL03-PR"
558982;2023-11-04;"sábado";"02:40:00";"PR";476;112;"COLOMBO";"Demais falhas mecânicas ou elétricas";"Incêndio";"Sem Vítimas";"Plena Noite";"Crescente";"Nublado";"Simples";"Reta";"Não";2;0;0;0;1;2;0;3;-25,33322251;-49,15871588;"SPRF-PR";"DEL01-PR";"UOP01-DEL01-PR"
558983;2023-11-04;"sábado";"00:45:00";"AL";316;215;"ATALAIA";"Demais falhas mecânicas ou elétricas";"Capotamento";"Com Vítimas Feridas";"Plena Noite";"Decrescente";"Céu Claro";"Simples";"Curva";"Não";1;0;1;0;0;0;1;1;-9,50959089;-36,22084314;"SPRF-AL";"DEL01-AL";"UOP01-DEL01-AL"
558987;2023-11-04;"sábado";"03:45:00";"PB";230;39,8;"SANTA RITA";"Pedestre andava na pista";"Atropelamento de Pedestre";"Com Vítimas Fatais";"Plena Noite";"Crescente";"Céu Claro";"Dupla";"Reta;Aclive";"Não";2;1;0;0;0;1;0;2;-7,141854;-34,979717;"SPRF-PB";"DEL01-PB";"UOP03-DEL01-PB"
558988;2023-11-04;"sábado";"01:55:00";"PE";104;113,6;"PANELAS";"Ausência de reação do condutor";"Colisão traseira";"Com Vítimas Feridas";"Plena Noite";"Crescente";"Céu Claro";"Simples";"Reta";"Não";2;0;1;0;1;0;1;2;-8,643015;-36,0154;"SPRF-PE";"DEL02-PE";"UOP03-DEL02-PE"
558990;2023-11-04;"sábado";"04:40:00";"RS";116;524;"PELOTAS";"Transitar na contramão";"Colisão lateral sentido oposto";"Com Vítimas Feridas";"Amanhecer";"Decrescente";"Nublado";"Dupla";"Reta";"Sim";3;0;1;0;1;2;1;4;-31,72863738;-52,38746675;"SPRF-RS";"DEL07-RS";"UOP01-DEL07-RS"
558995;2023-11-04;"sábado";"04:40:00";"RJ";101;82;"CAMPOS DOS GOYTACAZES";"Reação tardia ou ineficiente do condutor";"Tombamento";"Com Vítimas Feridas";"Amanhecer";"Decrescente";"Chuva";"Dupla";"Curva";"Não";3;0;2;0;0;1;2;2;-21,82752108;-41,45414032;"SPRF-RJ";"DEL08-RJ";"UOP02-DEL08-RJ"
558998;2023-11-03;"sexta-feira";"11:25:00";"SC";163;103;"SAO JOSE DO CEDRO";"Ausência de reação do condutor";"Saída de leito carroçável";"Sem Vítimas";"Pleno dia";"Decrescente";"Céu Claro";"Simples";"Declive";"Sim";1;0;0;0;1;0;0;1;-26,46209088;-53,5077059;"SPRF-SC";"DEL07-SC";"UOP03-DEL07-SC"
559002;2023-11-04;"sábado";"00:00:00";"PR";376;667;"GUARATUBA";"Demais falhas mecânicas ou elétricas";"Incêndio";"Sem Vítimas";"Plena Noite";"Crescente";"Céu Claro";"Dupla";"Declive;Curva";"Não";1;0;0;0;1;0;0;1;-25,86649659;-48,94666822;"SPRF-PR";"DEL01-PR";"UOP04-DEL01-PR"
559003;2023-11-04;"sábado";"06:45:00";"ES";101;299;"VIANA";"Ingestão de álcool e/ou substâncias psicoativas pelo pedestre";"Atropelamento de Pedestre";"Com Vítimas Feridas";"Pleno dia";"Decrescente";"Nublado";"Dupla";"Curva";"Sim";3;0;0;1;1;1;1;3;-20,35860628;-40,42327504;"SPRF-ES";"DEL01-ES";"UOP01-DEL01-ES"
559007;2023-11-04;"sábado";"06:00:00";"MG";40;517;"RIBEIRAO DAS NEVES";"Frear bruscamente";"Engavetamento";"Com Vítimas Feridas";"Amanhecer";"Crescente";"Chuva";"Dupla";"Reta";"Sim";3;0;1;0;2;0;1;3;-19,82952271;-44,08346772;"SPRF-MG";"DEL01-MG";"UOP02-DEL01-MG"
559010;2023-11-04;"sábado";"06:55:00";"BA";116;414;"FEIRA DE SANTANA";"Ingestão de álcool pelo condutor";"Tombamento";"Sem Vítimas";"Pleno dia";"Crescente";"Céu Claro";"Dupla";"Retorno Regulamentado";"Não";2;0;0;0;2;0;0;1;-12,15091699;-38,96471948;"SPRF-BA";"DEL02-BA";"UOP01-DEL02-BA"
559015;2023-11-04;"sábado";"06:00:00";"PR";369;488;"CORBELIA";"Condutor Dormindo";"Colisão lateral sentido oposto";"Com Vítimas Feridas";"Pleno dia";"Crescente";"Céu Claro";"Simples";"Curva";"Não";5;0;4;0;1;0;4;3;-24,83098719;-53,29896927;"SPRF-PR";"DEL04-PR";"UOP03-DEL04-PR"
559017;2023-11-04;"sábado";"07:00:00";"MG";40;561;"NOVA LIMA";"Ausência de reação do condutor";"Colisão traseira";"Com Vítimas Feridas";"Pleno dia";"Crescente";"Chuva";"Dupla";"Reta";"Sim";3;0;0;1;0;2;1;3;-20,13588082;-43,96237943;"SPRF-MG";"DEL01-MG";"UOP02-DEL01-MG"
559022;2023-11-03;"sexta-feira";"10:00:00";"RJ";40;93;"DUQUE DE CAXIAS";"Reação tardia ou ineficiente do condutor";"Saída de leito carroçável";"Com Vítimas Feridas";"Pleno dia";"Crescente";"Céu Claro";"Simples";"Curva";"Não";2;0;2;0;0;0;2;2;-22,5554282;-43,25829998;"SPRF-RJ";"DEL06-RJ";"UOP01-DEL06-RJ"
559023;2023-11-04;"sábado";"07:40:00";"SP";116;227;"GUARULHOS";"Reação tardia ou ineficiente do condutor";"Engavetamento";"Com Vítimas Feridas";"Pleno dia";"Crescente";"Céu Claro";"Múltipla";"Reta";"Sim";7;0;1;0;6;0;1;7;-23,49659264;-46,55648754;"SPRF-SP";"DEL01-SP";"UOP01-DEL01-SP"
559032;2023-11-04;"sábado";"03:30:00";"BA";101;885;"IBIRAPUA";"Condutor Dormindo";"Colisão frontal";"Com Vítimas Feridas";"Plena Noite";"Crescente";"Céu Claro";"Simples";"Curva;Aclive";"Não";2;0;1;1;0;0;2;2;-17,80731692;-39,78310431;"SPRF-BA";"DEL09-BA";"UOP02-DEL09-BA"
559036;2023-11-04;"sábado";"08:20:00";"PI";343;335,6;"TERESINA";"Ausência de reação do condutor";"Colisão com objeto";"Sem Vítimas";"Pleno dia";"Crescente";"Céu Claro";"Dupla";"Reta";"Sim";1;0;0;0;1;0;0;1;-5,061626;-42,696655;"SPRF-PI";"DEL01-PI";"UOP01-DEL01-PI"
559041;2023-11-04;"sábado";"09:28:00";"MG";459;75;"SENADOR JOSE BENTO";"Ingestão de álcool pelo condutor";"Capotamento";"Com Vítimas Fatais";"Pleno dia";"Crescente";"Sol";"Simples";"Curva;Declive";"Não";2;1;0;0;0;1;0;2;-22,14066578;-46,14566803;"SPRF-MG";"DEL09-MG";"UOP01-DEL09-MG"
559043;2023-11-04;"sábado";"09:00:00";"GO";414;388,7;"CORUMBA DE GOIAS";"Velocidade Incompatível";"Tombamento";"Com Vítimas Fatais";"Pleno dia";"Decrescente";"Céu Claro";"Simples";"Curva";"Não";7;1;2;0;3;3;2;6;-15,88575819;-48,79661256;"SPRF-GO";"DEL02-GO";"UOP01-DEL02-GO"
559048;2023-11-04;"sábado";"08:00:00";"MS";163;395,5;"NOVA ALVORADA DO SUL";"Ingestão de álcool pelo condutor";"Saída de leito carroçável";"Sem Vítimas";"Pleno dia";"Decrescente";"Céu Claro";"Simples";"Reta";"Não";1;0;0;0;1;0;0;1;-21,21082806;-54,46063927;"SPRF-MS";"DEL02-MS";"UOP01-DEL02-MS"
559051;2023-11-04;"sábado";"10:15:00";"GO";50;278,7;"CATALAO";"Acessar a via sem observar a presença dos outros veículos";"Colisão transversal";"Com Vítimas Feridas";"Pleno dia";"Decrescente";"Céu Claro";"Simples";"Interseção de Vias";"Sim";3;0;1;0;1;1;1;2;-18,1739;-47,9289;"SPRF-GO";"DEL06-GO";"UOP01-DEL06-GO"
559052;2023-11-04;"sábado";"09:00:00";"RJ";40;31,8;"AREAL";"Velocidade Incompatível";"Tombamento";"Com Vítimas Feridas";"Pleno dia";"Decrescente";"Céu Claro";"Dupla";"Curva";"Não";2;0;1;0;0;1;1;2;-22,19245612;-43,16023202;"SPRF-RJ";"DEL05-RJ";"UOP02-DEL05-RJ"
559071;2023-11-02;"quinta-feira";"22:00:00";"GO";0;0;"JATAI";"Reação tardia ou ineficiente do condutor";"Saída de leito carroçável";"Sem Vítimas";"Plena Noite";"Não Informado";"Ignorado";"Dupla";"Reta";"Não";1;0;0;0;0;1;0;1;-17,847698;-51,745731;"SPRF-GO";"DEL05-GO";"UOP01-DEL05-GO"
559073;2023-11-04;"sábado";"12:45:00";"PB";230;154,8;"CAMPINA GRANDE";"Condutor deixou de manter distância do veículo da frente";"Colisão traseira";"Com Vítimas Feridas";"Pleno dia";"Crescente";"Sol";"Simples";"Reta";"Sim";2;0;0;1;1;0;1;2;-7,2777;-35,8985;"SPRF-PB";"DEL02-PB";"UOP01-DEL02-PB"
559079;2023-11-04;"sábado";"09:05:00";"RN";110;4,8;"AREIA BRANCA";"Reação tardia ou ineficiente do condutor";"Colisão transversal";"Com Vítimas Fatais";"Pleno dia";"Decrescente";"Céu Claro";"Simples";"Reta;Interseção de Vias";"Sim";2;1;0;0;0;1;0;2;-4,95057987;-37,09446251;"SPRF-RN";"DEL04-RN";"UOP01-DEL04-RN"
559081;2023-11-04;"sábado";"13:40:00";"PR";277;463,9;"LARANJEIRAS DO SUL";"Ultrapassagem Indevida";"Colisão frontal";"Com Vítimas Feridas";"Pleno dia";"Decrescente";"Céu Claro";"Simples";"Reta;Aclive";"Não";5;0;1;0;2;5;1;8;-25,36682209;-52,46439902;"SPRF-PR";"DEL04-PR";"UOP02-DEL04-PR"
559083;2023-11-04;"sábado";"13:16:00";"PE";101;4,9;"GOIANA";"Fumaça";"Engavetamento";"Com Vítimas Feridas";"Pleno dia";"Decrescente";"Céu Claro";"Dupla";"Reta";"Não";7;0;4;1;1;1;5;5;-7,53264499;-34,99145786;"SPRF-PE";"DEL01-PE";"UOP02-DEL01-PE"
559086;2023-10-30;"segunda-feira";"22:20:00";"MT";174;488;"COMODORO";"Ausência de reação do condutor";"Colisão com objeto";"Sem Vítimas";"Plena Noite";"Decrescente";"Chuva";"Simples";"Reta";"Não";2;0;0;0;1;1;0;2;-13,63885245;-59,79859708;"SPRF-MT";"DEL04-MT";"UOP02-DEL04-MT"
559095;2023-11-04;"sábado";"14:15:00";"SC";158;113,9;"CUNHA PORA";"Acesso irregular";"Colisão traseira";"Com Vítimas Feridas";"Pleno dia";"Decrescente";"Céu Claro";"Simples";"Reta";"Não";3;0;1;0;1;1;1;3;-26,91879827;-53,1952107;"SPRF-SC";"DEL07-SC";"UOP02-DEL07-SC"
559096;2023-11-04;"sábado";"15:54:00";"GO";20;5;"FORMOSA";"Ausência de sinalização";"Colisão frontal";"Com Vítimas Feridas";"Pleno dia";"Decrescente";"Garoa/Chuvisco";"Simples";"Reta";"Sim";3;0;1;1;1;0;2;2;-15,555275;-47,306908;"SPRF-DF";"DEL02-DF";"UOP02-DEL02-DF"
559103;2023-11-04;"sábado";"15:00:00";"MG";50;150;"UBERABA";"Ausência de reação do condutor";"Colisão traseira";"Com Vítimas Feridas";"Pleno dia";"Crescente";"Nublado";"Dupla";"Reta";"Não";2;0;0;1;1;0;1;2;-19,56472304;-48,03358933;"SPRF-MG";"DEL13-MG";"UOP01-DEL13-MG"
559106;2023-11-04;"sábado";"14:55:00";"RJ";116;89;"TERESOPOLIS";"Neblina";"Colisão lateral sentido oposto";"Com Vítimas Feridas";"Pleno dia";"Decrescente";"Garoa/Chuvisco";"Simples";"Curva";"Não";6;0;1;0;4;1;1;4;-22,45706098;-42,96221791;"SPRF-RJ";"DEL04-RJ";"UOP01-DEL04-RJ"
559109;2023-11-04;"sábado";"14:50:00";"RJ";116;130;"MAGE";"Velocidade Incompatível";"Tombamento";"Com Vítimas Feridas";"Pleno dia";"Decrescente";"Nublado";"Dupla";"Curva;Aclive";"Não";2;0;1;0;0;1;1;2;-22,65949914;-43,11671944;"SPRF-RJ";"DEL04-RJ";"UOP02-DEL04-RJ"
559113;2023-11-04;"sábado";"16:40:00";"SC";101;36;"JOINVILLE";"Manobra de mudança de faixa";"Colisão lateral mesmo sentido";"Sem Vítimas";"Pleno dia";"Decrescente";"Céu Claro";"Múltipla";"Declive";"Não";2;0;0;0;2;0;0;2;-26,24573198;-48,9101069;"SPRF-SC";"DEL03-SC";"UOP01-DEL03-SC"
559122;2023-11-04;"sábado";"18:45:00";"PR";476;155;"ARAUCARIA";"Ultrapassagem Indevida";"Colisão lateral mesmo sentido";"Com Vítimas Feridas";"Anoitecer";"Crescente";"Céu Claro";"Simples";"Reta";"Não";2;0;1;0;0;1;1;2;-25,59446068;-49,41495455;"SPRF-PR";"DEL01-PR";"UOP06-DEL01-PR"
559129;2023-11-04;"sábado";"16:30:00";"RS";386;215,9;"TIO HUGO";"Acessar a via sem observar a presença dos outros veículos";"Colisão transversal";"Sem Vítimas";"Pleno dia";"Crescente";"Céu Claro";"Simples";"Reta";"Sim";3;0;0;0;2;3;0;5;-28,57666;-52,596031;"SPRF-RS";"DEL04-RS";"UOP03-DEL04-RS"
559132;2023-11-04;"sábado";"20:10:00";"SP";381;65;"MAIRIPORA";"Ingestão de álcool pelo condutor";"Eventos atípicos";"Sem Vítimas";"Plena Noite";"Decrescente";"Céu Claro";"Dupla";"Reta";"Sim";2;0;0;0;2;0;0;2;-23,316547;-46,58251;"SPRF-SP";"DEL03-SP";"UOP01-DEL03-SP"
559135;2023-11-04;"sábado";"16:00:00";"SP";116;324,9;"JUQUITIBA";"Reação tardia ou ineficiente do condutor";"Colisão lateral mesmo sentido";"Com Vítimas Feridas";"Pleno dia";"Decrescente";"Céu Claro";"Múltipla";"Reta";"Não";3;0;2;0;1;0;2;2;-23,94029914;-47,04398301;"SPRF-SP";"DEL04-SP";"UOP03-DEL04-SP"
559139;2023-11-04;"sábado";"16:45:00";"SC";282;488,1;"FAXINAL DOS GUEDES";"Velocidade Incompatível";"Colisão traseira";"Com Vítimas Feridas";"Pleno dia";"Decrescente";"Céu Claro";"Simples";"Rotatória";"Sim";6;0;1;0;4;2;1;5;-26,863047;-52,270107;"SPRF-SC";"DEL07-SC";"UOP01-DEL07-SC"
559142;2023-11-04;"sábado";"19:47:00";"PR";369;430,2;"UBIRATA";"Demais falhas mecânicas ou elétricas";"Saída de leito carroçável";"Com Vítimas Feridas";"Plena Noite";"Crescente";"Céu Claro";"Simples";"Reta";"Não";3;0;2;0;1;0;2;1;-24,55480341;-52,9643476;"SPRF-PR";"DEL04-PR";"UOP03-DEL04-PR"
559145;2023-11-04;"sábado";"19:00:00";"GO";70;303;"JUSSARA";"Ausência de reação do condutor";"Colisão frontal";"Com Vítimas Fatais";"Plena Noite";"Decrescente";"Céu Claro";"Simples";"Reta";"Não";4;2;0;0;1;1;0;4;-15,858985;-50,766418;"SPRF-GO";"DEL04-GO";"UOP02-DEL04-GO"
559146;2023-11-04;"sábado";"20:10:00";"MA";230;0;"BARAO DE GRAJAU";"Transitar na contramão";"Colisão frontal";"Sem Vítimas";"Plena Noite";"Crescente";"Céu Claro";"Simples";"Reta";"Sim";3;0;0;0;2;1;0;3;-6,760894;-43,01105;"SPRF-PI";"DEL03-PI";"UOP01-DEL03-PI"
559152;2023-11-04;"sábado";"21:00:00";"BA";101;945;"MUCURI";"Acessar a via sem observar a presença dos outros veículos";"Colisão transversal";"Com Vítimas Feridas";"Plena Noite";"Crescente";"Céu Claro";"Simples";"Reta;Retorno Regulamentado";"Não";5;0;4;0;0;1;4;2;-18,16840196;-39,91873914;"SPRF-BA";"DEL09-BA";"UOP02-DEL09-BA"
559156;2023-11-04;"sábado";"17:00:00";"BA";242;401;"SEABRA";"Pista Escorregadia";"Saída de leito carroçável";"Com Vítimas Feridas";"Pleno dia";"Decrescente";"Chuva";"Simples";"Curva;Declive";"Não";3;0;1;0;2;0;1;1;-12,47110671;-41,69517517;"SPRF-BA";"DEL06-BA";"UOP01-DEL06-BA"
559171;2023-11-04;"sábado";"22:00:00";"TO";153;207;"NOVA OLINDA";"Transitar na contramão";"Colisão frontal";"Com Vítimas Fatais";"Plena Noite";"Decrescente";"Céu Claro";"Simples";"Reta";"Não";6;2;1;1;1;1;2;3;-7,70920888;-48,43954738;"SPRF-TO";"DEL02-TO";"UOP01-DEL02-TO"
559176;2023-11-04;"sábado";"22:20:00";"MS";163;679;"RIO VERDE DE MATO GROSSO";"Acessar a via sem observar a presença dos outros veículos";"Colisão transversal";"Com Vítimas Feridas";"Plena Noite";"Decrescente";"Céu Claro";"Simples";"Reta";"Sim";5;0;2;0;1;4;2;6;-18,93217701;-54,83111904;"SPRF-MS";"DEL06-MS";"UOP02-DEL06-MS"
559185;2023-11-05;"domingo";"00:10:00";"RJ";393;222;"VASSOURAS";"Entrada inopinada do pedestre";"Atropelamento de Pedestre";"Com Vítimas Fatais";"Plena Noite";"Decrescente";"Nublado";"Simples";"Reta";"Não";3;1;0;0;2;0;0;2;-22,350308;-43,572223;"SPRF-RJ";"DEL05-RJ";"UOP03-DEL05-RJ"
559194;2023-11-05;"domingo";"01:30:00";"SC";282;628,6;"IRACEMINHA";"Neblina";"Colisão traseira";"Com Vítimas Feridas";"Plena Noite";"Decrescente";"Nevoeiro/Neblina";"Simples";"Aclive";"Não";2;0;1;0;0;1;1;2;-26,818754;-53,365486;"SPRF-SC";"DEL07-SC";"UOP02-DEL07-SC"
559200;2023-11-04;"sábado";"18:20:00";"SC";470;281,3;"BRUNOPOLIS";"Demais falhas mecânicas ou elétricas";"Tombamento";"Sem Vítimas";"Anoitecer";"Decrescente";"Céu Claro";"Simples";"Curva;Declive";"Não";2;0;0;0;1;1;0;2;-27,33639499;-50,87665558;"SPRF-SC";"DEL07-SC";"UOP06-DEL07-SC"
559204;2023-11-04;"sábado";"20:05:00";"RS";386;74,9;"BOA VISTA DAS MISSOES";"Manobra de mudança de faixa";"Colisão lateral mesmo sentido";"Sem Vítimas";"Plena Noite";"Crescente";"Céu Claro";"Simples";"Reta;Interseção de Vias;Rotatória";"Não";3;0;0;0;2;2;0;4;-27,70153;-53,297718;"SPRF-RS";"DEL08-RS";"UOP02-DEL08-RS"
559212;2023-11-05;"domingo";"05:10:00";"RJ";40;120;"RIO DE JANEIRO";"Condutor Dormindo";"Colisão traseira";"Com Vítimas Feridas";"Amanhecer";"Decrescente";"Sol";"Múltipla";"Reta";"Sim";4;0;1;0;1;2;1;4;-22,77280597;-43,28626763;"SPRF-RJ";"DEL01-RJ";"UOP01-DEL01-RJ"
559215;2023-11-05;"domingo";"06:50:00";"MG";153;183,3;"FRUTAL";"Afundamento ou ondulação no pavimento";"Tombamento";"Com Vítimas Feridas";"Pleno dia";"Decrescente";"Céu Claro";"Simples";"Reta;Declive";"Não";5;0;1;0;3;3;1;6;-19,8280354;-48,9665291;"SPRF-MG";"DEL13-MG";"UOP02-DEL13-MG"
559216;2023-11-05;"domingo";"06:35:00";"PI";316;32;"DEMERVAL LOBAO";"Acessar a via sem observar a presença dos outros veículos";"Colisão transversal";"Com Vítimas Fatais";"Pleno dia";"Decrescente";"Céu Claro";"Simples";"Reta";"Sim";3;1;0;0;1;1;0;3;-5,34217984;-42,68627493;"SPRF-PI";"DEL01-PI";"UOP02-DEL01-PI"
559219;2023-11-01;"quarta-feira";"22:25:00";"SC";470;68;"INDAIAL";"Acessar a via sem observar a presença dos outros veículos";"Colisão transversal";"Com Vítimas Feridas";"Plena Noite";"Crescente";"Nublado";"Dupla";"Reta";"Sim";4;0;1;0;2;2;1;5;-26,877615;-49,239231;"SPRF-SC";"DEL04-SC";"UOP01-DEL04-SC"
559231;2023-11-05;"domingo";"08:30:00";"BA";116;547;"MILAGRES";"Problema com o freio";"Saída de leito carroçável";"Com Vítimas Feridas";"Pleno dia";"Decrescente";"Céu Claro";"Simples";"Declive";"Sim";1;0;1;0;0;0;1;1;-12,8794;-39,858;"SPRF-BA";"DEL03-BA";"UOP02-DEL03-BA"
559233;2023-11-05;"domingo";"07:00:00";"MT";364;581,9;"NOBRES";"Reação tardia ou ineficiente do condutor";"Saída de leito carroçável";"Com Vítimas Feridas";"Pleno dia";"Decrescente";"Céu Claro";"Dupla";"Curva;Declive";"Não";2;0;1;0;0;2;1;3;-14,57657;-56,223213;"SPRF-MT";"DEL01-MT";"UOP01-DEL01-MT"
559242;2023-11-05;"domingo";"09:30:00";"MT";70;47;"BARRA DO GARCAS";"Reação tardia ou ineficiente do condutor";"Tombamento";"Com Vítimas Feridas";"Pleno dia";"Crescente";"Céu Claro";"Simples";"Declive";"Não";2;0;1;0;0;1;1;2;-15,74586406;-52,61386501;"SPRF-MT";"DEL07-MT";"UOP01-DEL07-MT"
559244;2023-11-05;"domingo";"11:45:00";"SP";116;139,6;"SAO JOSE DOS CAMPOS";"Condutor deixou de manter distância do veículo da frente";"Colisão traseira";"Sem Vítimas";"Pleno dia";"Crescente";"Sol";"Dupla";"Reta";"Sim";2;0;0;0;2;0;0;2;-23,16153216;-45,80400592;"SPRF-SP";"DEL02-SP";"UOP01-DEL02-SP"
559254;2023-11-05;"domingo";"10:05:00";"MG";50;14;"ARAGUARI";"Demais falhas mecânicas ou elétricas";"Derramamento de carga";"Com Vítimas Feridas";"Pleno dia";"Decrescente";"Sol";"Dupla";"Reta";"Não";3;0;1;0;1;3;1;5;-18,53888193;-48,04646111;"SPRF-MG";"DEL15-MG";"UOP02-DEL15-MG"
559255;2023-11-05;"domingo";"11:20:00";"CE";116;112;"BEBERIBE";"Desrespeitar a preferência no cruzamento";"Colisão transversal";"Com Vítimas Fatais";"Pleno dia";"Decrescente";"Céu Claro";"Simples";"Reta";"Sim";3;1;0;0;1;1;0;3;-4,58111203;-38,23016303;"SPRF-CE";"DEL03-CE";"UOP02-DEL03-CE"
559276;2023-11-05;"domingo";"14:00:00";"PR";116;119,5;"CURITIBA";"Manobra de mudança de faixa";"Colisão lateral mesmo sentido";"Com Vítimas Feridas";"Pleno dia";"Crescente";"Sol";"Dupla";"Reta;Declive";"Não";3;0;1;0;1;1;1;3;-25,579438;-49,312853;"SPRF-PR";"DEL01-PR";"UOP03-DEL01-PR"
559281;2023-11-02;"quinta-feira";"05:30:00";"MT";70;735;"CACERES";"Transitar na contramão";"Colisão lateral sentido oposto";"Sem Vítimas";"Pleno dia";"Decrescente";"Céu Claro";"Simples";"Reta";"Sim";3;0;0;0;2;1;0;3;-16,13514719;-57,65414854;"SPRF-MT";"DEL03-MT";"UOP01-DEL03-MT"
559288;2023-11-05;"domingo";"11:30:00";"PA";230;598;"VITORIA DO XINGU";"Velocidade Incompatível";"Tombamento";"Com Vítimas Feridas";"Pleno dia";"Decrescente";"Céu Claro";"Simples";"Curva";"Não";3;0;2;0;0;1;2;2;-3,086002;-51,896967;"SPRF-PA";"DEL04-PA";"UOP01-DEL04-PA"
559304;2023-11-05;"domingo";"17:44:00";"PR";376;346;"ORTIGUEIRA";"Reação tardia ou ineficiente do condutor";"Colisão frontal";"Com Vítimas Feridas";"Pleno dia";"Crescente";"Céu Claro";"Simples";"Reta";"Não";3;0;0;1;1;1;1;3;-24,181351;-50,960859;"SPRF-PR";"DEL07-PR";"UOP02-DEL07-PR"
559309;2023-11-05;"domingo";"14:30:00";"PA";163;882,8;"BELTERRA";"Ausência de reação do condutor";"Tombamento";"Sem Vítimas";"Pleno dia";"Decrescente";"Céu Claro";"Simples";"Curva;Declive";"Não";2;0;0;0;1;2;0;3;-3,37763;-54,908359;"SPRF-PA";"DEL05-PA";"UOP01-DEL05-PA"
559319;2023-11-05;"domingo";"17:00:00";"MG";251;457;"GRAO MOGOL";"Velocidade Incompatível";"Colisão lateral sentido oposto";"Com Vítimas Feridas";"Pleno dia";"Crescente";"Céu Claro";"Simples";"Curva";"Não";3;0;0;1;1;1;1;3;-16,41786952;-43,35991682;"SPRF-MG";"DEL12-MG";"UOP01-DEL12-MG"
559322;2023-11-05;"domingo";"14:00:00";"MA";135;51,1;"BACABEIRA";"Acostamento em desnível";"Tombamento";"Sem Vítimas";"Pleno dia";"Decrescente";"Sol";"Dupla";"Reta";"Sim";2;0;0;0;1;2;0;3;-2,972108;-44,317272;"SPRF-MA";"DEL01-MA";"UOP01-DEL01-MA"
559329;2023-11-05;"domingo";"17:50:00";"GO";153;492,1;"GOIANIA";"Ausência de reação do condutor";"Colisão traseira";"Sem Vítimas";"Pleno dia";"Decrescente";"Chuva";"Dupla";"Reta";"Sim";1;0;0;0;1;0;0;1;-16,6461;-49,2114;"SPRF-GO";"DEL01-GO";"UOP01-DEL01-GO"
559335;2023-10-20;"sexta-feira";"09:00:00";"PR";153;146;"VENTANIA";"Ultrapassagem Indevida";"Colisão lateral mesmo sentido";"Com Vítimas Feridas";"Pleno dia";"Decrescente";"Céu Claro";"Simples";"Reta";"Não";5;0;1;0;3;2;1;4;-24,12557916;-50,23718319;"SPRF-PR";"DEL07-PR";"UOP04-DEL07-PR"