"id";"data_inversa";"dia_semana";"horario";"uf";"br";"km";"municipio";"causa_acidente";"tipo_acidente";"classificacao_acidente";"fase_dia";"sentido_via";"condicao_metereologica";"tipo_pista";"tracado_via";"uso_solo";"pessoas";"mortos";"feridos_leves";"feridos_graves";"ilesos";"ignorados";"feridos";"veiculos";"latitude";"longitude";"regional";"delegacia";"uop"
559339;2023-11-05;"domingo";"17:15:00";"MT";174;488;"COMODORO";"Carga excessiva e/ou mal acondicionada";"Colisão com objeto";"Sem Vítimas";"Anoitecer";"Decrescente";"Nublado";"Simples";"Reta";"Sim";2;0;0;0;1;1;0;2;-13,63885245;-59,79859708;"SPRF-MT";"DEL04-MT";"UOP02-DEL04-MT"
559360;2023-11-01;"quarta-feira";"17:10:00";"MG";50;187;"UBERABA";"Frear bruscamente";"Colisão traseira";"Com Vítimas Feridas";"Pleno dia";"Decrescente";"Nublado";"Dupla";"Reta";"Não";4;0;1;0;1;2;1;4;-19,83290398;-47,88516697;"SPRF-MG";"DEL13-MG";"UOP01-DEL13-MG"
559365;2023-11-05;"domingo";"20:00:00";"PR";116;126,1;"FAZENDA RIO GRANDE";"Reação tardia ou ineficiente do condutor";"Colisão traseira";"Sem Vítimas";"Plena Noite";"Decrescente";"Céu Claro";"Dupla";"Reta";"Sim";2;0;0;0;1;1;0;2;-25,63773479;-49,31305647;"SPRF-PR";"DEL01-PR";"UOP03-DEL01-PR"
559367;2023-11-05;"domingo";"18:00:00";"RJ";101;274;"TANGUA";"Reação tardia ou ineficiente do condutor";"Colisão lateral mesmo sentido";"Sem Vítimas";"Plena Noite";"Crescente";"Céu Claro";"Dupla";"Reta";"Sim";2;0;0;0;2;0;0;2;-22,73506292;-42,71948103;"SPRF-RJ";"DEL02-RJ";"UOP03-DEL02-RJ"
559368;2023-11-05;"domingo";"14:00:00";"RO";364;478;"ARIQUEMES";"Reação tardia ou ineficiente do condutor";"Colisão lateral sentido oposto";"Sem Vítimas";"Pleno dia";"Crescente";"Céu Claro";"Simples";"Curva";"Não";2;0;0;0;2;0;0;2;-10,14579048;-62,84649152;"SPRF-RO";"DEL03-RO";"UOP01-DEL03-RO"
559370;2023-11-05;"domingo";"19:40:00";"SP";116;363;"MIRACATU";"Frear bruscamente";"Saída de leito carroçável";"Com Vítimas Feridas";"Plena Noite";"Decrescente";"Nublado";"Dupla";"Reta";"Não";6;0;2;0;3;1;2;2;-24,13038097;-47,27114281;"SPRF-SP";"DEL04-SP";"UOP02-DEL04-SP"
559382;2023-11-05;"domingo";"21:20:00";"RJ";393;178;"PARAIBA DO SUL";"Frear bruscamente";"Colisão traseira";"Com Vítimas Feridas";"Plena Noite";"Crescente";"Céu Claro";"Simples";"Reta";"Sim";2;0;0;1;0;1;1;2;-22,12634272;-43,22811953;"SPRF-RJ";"DEL05-RJ";"UOP03-DEL05-RJ"
559384;2023-11-05;"domingo";"20:52:00";"MS";158;266;"TRES LAGOAS";"Conversão proibida";"Colisão transversal";"Com Vítimas Feridas";"Plena Noite";"Crescente";"Céu Claro";"Simples";"Reta";"Não";3;0;1;0;1;3;1;5;-20,75394198;-51,70516399;"SPRF-MS";"DEL07-MS";"UOP01-DEL07-MS"
559399;2023-11-05;"domingo";"18:30:00";"MG";116;173,8;"PADRE PARAISO";"Transitar na contramão";"Colisão frontal";"Com Vítimas Fatais";"Plena Noite";"Decrescente";"Nublado";"Simples";"Reta";"Não";4;1;0;0;1;2;0;4;-17,04336687;-41,44818614;"SPRF-MG";"DEL11-MG";"UOP02-DEL11-MG"
559406;2023-11-05;"domingo";"21:00:00";"PR";376;314;"MAUA DA SERRA";"Curva acentuada";"Tombamento";"Com Vítimas Feridas";"Plena Noite";"Decrescente";"Céu Claro";"Dupla";"Curva;Aclive";"Não";3;0;0;2;0;1;2;2;-23,98428048;-51,08309984;"SPRF-PR";"DEL07-PR";"UOP02-DEL07-PR"
559408;2023-11-05;"domingo";"22:15:00";"SC";282;586,8;"PINHALZINHO";"Velocidade Incompatível";"Tombamento";"Com Vítimas Feridas";"Plena Noite";"Decrescente";"Céu Claro";"Simples";"Curva;Aclive";"Não";2;0;1;0;0;1;1;2;-26,83062904;-53,04472804;"SPRF-SC";"DEL07-SC";"UOP02-DEL07-SC"
559411;2023-11-05;"domingo";"23:45:00";"GO";20;193;"POSSE";"Demais falhas mecânicas ou elétricas";"Tombamento";"Sem Vítimas";"Plena Noite";"Crescente";"Céu Claro";"Simples";"Reta;Declive";"Não";1;0;0;0;1;0;0;1;-14,373122;-46,443966;"SPRF-DF";"DEL02-DF";"UOP03-DEL02-DF"
559428;2023-11-05;"domingo";"23:00:00";"BA";110;44,5;"SANTA BRIGIDA";"Reação tardia ou ineficiente do condutor";"Colisão lateral sentido oposto";"Com Vítimas Fatais";"Plena Noite";"Crescente";"Céu Claro";"Simples";"Reta";"Não";4;1;1;1;0;2;2;5;-9,84163794;-38,26293034;"SPRF-BA";"DEL07-BA";"UOP01-DEL07-BA"
559432;2023-11-05;"domingo";"17:15:00";"MT";70;695;"CACERES";"Ultrapassagem Indevida";"Colisão lateral sentido oposto";"Com Vítimas Feridas";"Anoitecer";"Crescente";"Sol";"Dupla";"Declive;Curva";"Não";4;0;0;1;2;2;1;5;-16,20506165;-57,40494303;"SPRF-MT";"DEL03-MT";"UOP01-DEL03-MT"
559435;2023-11-06;"segunda-feira";"01:00:00";"PB";230;492;"CAJAZEIRAS";"Transitar na contramão";"Colisão frontal";"Com Vítimas Feridas";"Plena Noite";"Decrescente";"Chuva";"Simples";"Reta";"Não";2;0;2;0;0;0;2;2;-6,8721;-38,4409;"SPRF-PB";"DEL03-PB";"UOP03-DEL03-PB"
559438;2023-11-06;"segunda-feira";"06:30:00";"SP";116;114,4;"TAUBATE";"Demais falhas na via";"Tombamento";"Com Vítimas Feridas";"Pleno dia";"Decrescente";"Sol";"Dupla";"Reta";"Sim";1;0;1;0;0;0;1;1;-23,04787424;-45,59492653;"SPRF-SP";"DEL02-SP";"UOP02-DEL02-SP"
559442;2023-11-06;"segunda-feira";"06:40:00";"RS";470;217;"BENTO GONCALVES";"Acessar a via sem observar a presença dos outros veículos";"Colisão transversal";"Sem Vítimas";"Pleno dia";"Decrescente";"Céu Claro";"Simples";"Reta;Rotatória";"Sim";2;0;0;0;2;0;0;2;-29,16462512;-51,52551964;"SPRF-RS";"DEL06-RS";"UOP01-DEL06-RS"
559445;2023-11-06;"segunda-feira";"06:00:00";"BA";101;36,6;"ESPLANADA";"Ausência de reação do condutor";"Colisão lateral sentido oposto";"Com Vítimas Feridas";"Pleno dia";"Crescente";"Céu Claro";"Simples";"Reta";"Não";6;0;2;3;1;0;5;2;-11,82457761;-37,98451325;"SPRF-SE";"DEL02-SE";"UOP03-DEL02-SE"
559451;2023-11-06;"segunda-feira";"04:40:00";"PA";316;36,2;"SANTA IZABEL DO PARA";"Ausência de reação do condutor";"Colisão transversal";"Com Vítimas Feridas";"Amanhecer";"Crescente";"Céu Claro";"Dupla";"Retorno Regulamentado";"Sim";3;0;1;0;1;2;1;4;-1,289295;-48,15421;"SPRF-PA";"DEL01-PA";"UOP01-DEL01-PA"
559454;2023-11-06;"segunda-feira";"06:00:00";"BA";242;489;"OLIVEIRA DOS BREJINHOS";"Velocidade Incompatível";"Colisão com objeto";"Com Vítimas Feridas";"Amanhecer";"Crescente";"Garoa/Chuvisco";"Simples";"Curva;Declive";"Não";2;0;1;0;0;1;1;1;-12,41360616;-42,36805991;"SPRF-BA";"DEL06-BA";"UOP01-DEL06-BA"
559456;2023-11-05;"domingo";"19:30:00";"MT";70;124;"GENERAL CARNEIRO";"Demais falhas mecânicas ou elétricas";"Colisão frontal";"Com Vítimas Feridas";"Plena Noite";"Decrescente";"Céu Claro";"Simples";"Reta";"Não";2;0;1;0;0;3;1;4;-15,59946241;-53,15665719;"SPRF-MT";"DEL07-MT";"UOP01-DEL07-MT"
559465;2023-11-06;"segunda-feira";"06:40:00";"MG";262;552;"LUZ";"Transitar no Acostamento";"Saída de leito carroçável";"Sem Vítimas";"Pleno dia";"Decrescente";"Sol";"Simples";"Reta;Declive";"Não";2;0;0;0;1;1;0;2;-19,713611;-45,909112;"SPRF-MG";"DEL08-MG";"UOP02-DEL08-MG"
559472;2023-11-06;"segunda-feira";"08:50:00";"PR";277;245;"IRATI";"Reação tardia ou ineficiente do condutor";"Colisão traseira";"Sem Vítimas";"Pleno dia";"Decrescente";"Céu Claro";"Simples";"Reta";"Não";3;0;0;0;2;1;0;3;-25,46419687;-50,56581801;"SPRF-PR";"DEL08-PR";"UOP02-DEL08-PR"
559483;2023-11-06;"segunda-feira";"09:01:00";"ES";101;8;"PEDRO CANARIO";"Velocidade Incompatível";"Tombamento";"Com Vítimas Feridas";"Pleno dia";"Decrescente";"Céu Claro";"Simples";"Curva";"Não";2;0;1;0;0;1;1;2;-18,23027961;-39,95278417;"SPRF-ES";"DEL04-ES";"UOP02-DEL04-ES"
559486;2023-11-06;"segunda-feira";"07:20:00";"RS";471;179,5;"RIO PARDO";"Demais falhas mecânicas ou elétricas";"Tombamento";"Com Vítimas Feridas";"Pleno dia";"Decrescente";"Céu Claro";"Simples";"Reta";"Não";2;0;1;0;1;0;1;1;-30,067255;-52,366642;"SPRF-RS";"DEL02-RS";"UOP03-DEL02-RS"
559489;2023-11-06;"segunda-feira";"09:45:00";"ES";101;259,5;"SERRA";"Trafegar com motocicleta (ou similar) entre as faixas";"Colisão lateral mesmo sentido";"Com Vítimas Feridas";"Pleno dia";"Decrescente";"Céu Claro";"Dupla";"Reta;Declive";"Não";3;0;1;0;1;1;1;3;-20,138397;-40,292213;"SPRF-ES";"DEL02-ES";"UOP01-DEL02-ES"
559491;2023-10-14;"sábado";"08:37:00";"GO";70;402;"MONTES CLAROS DE GOIAS";"Transitar na contramão";"Colisão frontal";"Com Vítimas Fatais";"Pleno dia";"Crescente";"Céu Claro";"Simples";"Reta";"Não";5;1;0;2;1;2;2;4;-15,94177048;-51,36434555;"SPRF-GO";"DEL04-GO";"UOP02-DEL04-GO"
559492;2023-11-06;"segunda-feira";"09:05:00";"PR";376;124,3;"ALTO PARANA";"Condutor deixou de manter distância do veículo da frente";"Colisão lateral mesmo sentido";"Com Vítimas Feridas";"Pleno dia";"Decrescente";"Céu Claro";"Dupla";"Reta;Declive";"Não";4;0;0;1;2;2;1;5;-23,14400328;-52,2818582;"SPRF-PR";"DEL09-PR";"UOP02-DEL09-PR"
559494;2023-11-06;"segunda-feira";"10:15:00";"SP";116;301,4;"SAO LOURENCO DA SERRA";"Demais falhas mecânicas ou elétricas";"Incêndio";"Sem Vítimas";"Pleno dia";"Decrescente";"Céu Claro";"Múltipla";"Reta;Aclive";"Sim";2;0;0;0;1;3;0;4;-23,81147602;-46,92298208;"SPRF-SP";"DEL04-SP";"UOP01-DEL04-SP"
559497;2023-11-06;"segunda-feira";"10:00:00";"SP";381;38;"ATIBAIA";"Manobra de mudança de faixa";"Colisão lateral mesmo sentido";"Com Vítimas Feridas";"Pleno dia";"Crescente";"Céu Claro";"Múltipla";"Reta";"Não";4;0;1;0;2;1;1;3;-23,1133221;-46,57174974;"SPRF-SP";"DEL03-SP";"UOP01-DEL03-SP"
559500;2023-11-06;"segunda-feira";"09:15:00";"MG";153;58,1;"MONTE ALEGRE DE MINAS";"Condutor deixou de manter distância do veículo da frente";"Colisão lateral mesmo sentido";"Com Vítimas Feridas";"Pleno dia";"Crescente";"Sol";"Dupla";"Reta;Declive;Interseção de Vias;Rotatória;Ponte;Em Obras";"Não";4;0;1;0;2;8;1;11;-18,87800014;-49,05710567;"SPRF-MG";"DEL15-MG";"UOP03-DEL15-MG"
559501;2023-11-06;"segunda-feira";"10:00:00";"PE";423;110,5;"CAETES";"Ausência de reação do condutor";"Colisão frontal";"Com Vítimas Fatais";"Pleno dia";"Crescente";"Céu Claro";"Simples";"Reta";"Não";3;1;0;0;1;1;0;3;-8,89077197;-36,60778501;"SPRF-PE";"DEL03-PE";"UOP01-DEL03-PE"
559506;2023-09-02;"sábado";"06:50:00";"RJ";40;108;"DUQUE DE CAXIAS";"Velocidade Incompatível";"Capotamento";"Com Vítimas Feridas";"Pleno dia";"Decrescente";"Céu Claro";"Dupla";"Declive;Interseção de Vias;Curva";"Sim";1;0;0;1;0;0;1;1;-22,67288722;-43,28566074;"SPRF-RJ";"DEL01-RJ";"UOP01-DEL01-RJ"
559514;2023-11-05;"domingo";"20:45:00";"BA";101;239;"CONCEICAO DO ALMEIDA";"Velocidade Incompatível";"Colisão frontal";"Com Vítimas Feridas";"Plena Noite";"Decrescente";"Céu Claro";"Simples";"Reta";"Não";52;0;1;0;50;1;1;6;-12,88117996;-39,21999041;"SPRF-BA";"DEL01-BA";"UOP02-DEL01-BA"
559522;2023-11-06;"segunda-feira";"15:30:00";"MG";381;548;"ITATIAIUCU";"Reação tardia ou ineficiente do condutor";"Saída de leito carroçável";"Com Vítimas Feridas";"Pleno dia";"Crescente";"Céu Claro";"Dupla";"Curva;Declive";"Não";1;0;1;0;0;0;1;1;-20,28285599;-44,42980546;"SPRF-MG";"DEL04-MG";"UOP03-DEL04-MG"
559523;2023-11-06;"segunda-feira";"14:30:00";"PR";476;146;"CURITIBA";"Demais falhas mecânicas ou elétricas";"Colisão traseira";"Com Vítimas Feridas";"Pleno dia";"Decrescente";"Sol";"Dupla";"Reta";"Sim";3;0;1;0;1;1;1;3;-25,551186;-49,330109;"SPRF-PR";"DEL01-PR";"UOP06-DEL01-PR"
559529;2023-11-06;"segunda-feira";"14:00:00";"MS";163;9;"MUNDO NOVO";"Demais falhas mecânicas ou elétricas";"Eventos atípicos";"Com Vítimas Feridas";"Pleno dia";"Crescente";"Céu Claro";"Simples";"Reta";"Não";5;0;1;0;3;1;1;2;-23,98707101;-54,33136162;"SPRF-MS";"DEL09-MS";"UOP02-DEL09-MS"
559536;2023-11-06;"segunda-feira";"12:00:00";"MT";364;227,3;"RONDONOPOLIS";"Reação tardia ou ineficiente do condutor";"Tombamento";"Com Vítimas Feridas";"Pleno dia";"Crescente";"Céu Claro";"Dupla";"Reta";"Não";2;0;1;0;0;1;1;2;-16,2904008;-54,76379871;"SPRF-MT";"DEL02-MT";"UOP01-DEL02-MT"
559539;2023-11-06;"segunda-feira";"15:15:00";"PE";428;100,2;"SANTA MARIA DA BOA VISTA";"Demais falhas mecânicas ou elétricas";"Incêndio";"Sem Vítimas";"Pleno dia";"Decrescente";"Céu Claro";"Simples";"Reta";"Não";2;0;0;0;1;2;0;3;-8,83744029;-39,95764882;"SPRF-PE";"DEL06-PE";"UOP03-DEL06-PE"
559540;2023-11-06;"segunda-feira";"16:09:00";"GO";40;96;"CRISTALINA";"Ingestão de álcool pelo condutor";"Colisão traseira";"Sem Vítimas";"Pleno dia";"Crescente";"Céu Claro";"Simples";"Reta;Em Obras";"Sim";2;0;0;0;2;0;0;2;-16,75768;-47,601613;"SPRF-DF";"DEL01-DF";"UOP02-DEL01-DF"
559541;2023-11-06;"segunda-feira";"16:20:00";"RJ";101;252;"RIO BONITO";"Ausência de reação do condutor";"Colisão traseira";"Com Vítimas Feridas";"Pleno dia";"Decrescente";"Céu Claro";"Dupla";"Reta";"Não";4;0;3;0;0;1;3;3;-22,68214756;-42,53377419;"SPRF-RJ";"DEL02-RJ";"UOP03-DEL02-RJ"
559543;2023-11-06;"segunda-feira";"15:00:00";"PA";230;118;"MARABA";"Reação tardia ou ineficiente do condutor";"Colisão com objeto";"Com Vítimas Fatais";"Pleno dia";"Crescente";"Céu Claro";"Dupla";"Reta";"Sim";2;1;0;0;1;0;0;2;-5,35193706;-49,09794103;"SPRF-PA";"DEL03-PA";"UOP01-DEL03-PA"
559546;2023-11-02;"quinta-feira";"23:00:00";"BA";101;300,6;"VALENCA";"Reação tardia ou ineficiente do condutor";"Capotamento";"Com Vítimas Feridas";"Plena Noite";"Crescente";"Céu Claro";"Simples";"Curva";"Não";1;0;1;0;0;0;1;1;-13,36375412;-39,37591281;"SPRF-BA";"DEL01-BA";"UOP02-DEL01-BA"
559549;2023-11-06;"segunda-feira";"17:10:00";"RS";116;237,2;"NOVO HAMBURGO";"Reação tardia ou ineficiente do condutor";"Colisão traseira";"Com Vítimas Feridas";"Pleno dia";"Crescente";"Céu Claro";"Múltipla";"Reta";"Sim";3;0;1;0;2;0;1;2;-29,67839398;-51,1422266;"SPRF-RS";"DEL01-RS";"UOP02-DEL01-RS"
559550;2023-11-06;"segunda-feira";"17:42:00";"PB";101;81;"BAYEUX";"Animais na Pista";"Tombamento";"Com Vítimas Feridas";"Plena Noite";"Decrescente";"Céu Claro";"Dupla";"Reta";"Sim";2;0;1;0;1;0;1;2;-7,12508575;-34,94513217;"SPRF-PB";"DEL01-PB";"UOP01-DEL01-PB"
559553;2023-11-06;"segunda-feira";"17:30:00";"RS";386;352,3;"ESTRELA";"Acessar a via sem observar a presença dos outros veículos";"Colisão lateral mesmo sentido";"Com Vítimas Feridas";"Pleno dia";"Decrescente";"Céu Claro";"Dupla";"Reta";"Sim";4;0;1;0;1;3;1;5;-29,49525068;-51,95082664;"SPRF-RS";"DEL04-RS";"UOP01-DEL04-RS"
559566;2023-11-06;"segunda-feira";"16:00:00";"PI";316;346;"FRANCISCO SANTOS";"Ausência de reação do condutor";"Colisão com objeto";"Com Vítimas Feridas";"Pleno dia";"Crescente";"Nublado";"Simples";"Interseção de Vias;Reta";"Sim";5;0;2;1;1;1;3;3;-7,1203222;-41,14740372;"SPRF-PI";"DEL04-PI";"UOP01-DEL04-PI"
559571;2023-11-06;"segunda-feira";"17:30:00";"SC";101;162,8;"TIJUCAS";"Pedestre andava na pista";"Atropelamento de Pedestre";"Com Vítimas Fatais";"Pleno dia";"Decrescente";"Céu Claro";"Dupla";"Reta;Viaduto";"Não";2;1;0;0;1;0;0;2;-27,2304227;-48,6292475;"SPRF-SC";"DEL04-SC";"UOP03-DEL04-SC"
559575;2023-11-06;"segunda-feira";"16:20:00";"BA";110;358;"CATU";"Velocidade Incompatível";"Tombamento";"Com Vítimas Feridas";"Pleno dia";"Crescente";"Céu Claro";"Simples";"Curva";"Não";1;0;1;0;0;0;1;1;-12,350737;-38,38946693;"SPRF-BA";"DEL01-BA";"UOP04-DEL01-BA"
559583;2023-11-06;"segunda-feira";"19:10:00";"MG";40;800,4;"JUIZ DE FORA";"Condutor deixou de manter distância do veículo da frente";"Colisão traseira";"Com Vítimas Feridas";"Plena Noite";"Decrescente";"Céu Claro";"Dupla";"Reta;Aclive";"Sim";7;0;4;0;2;3;4;6;-21,83830804;-43,37465316;"SPRF-MG";"DEL05-MG";"UOP01-DEL05-MG"
559584;2023-11-06;"segunda-feira";"13:10:00";"BA";420;291,5;"UBAIRA";"Velocidade Incompatível";"Saída de leito carroçável";"Com Vítimas Feridas";"Pleno dia";"Decrescente";"Céu Claro";"Simples";"Curva;Declive";"Sim";2;0;1;0;0;1;1;2;-13,24543982;-39,73929839;"SPRF-BA";"DEL03-BA";"UOP01-DEL03-BA"
559603;2023-11-06;"segunda-feira";"19:25:00";"ES";259;103,5;"BAIXO GUANDU";"Reação tardia ou ineficiente do condutor";"Saída de leito carroçável";"Com Vítimas Feridas";"Plena Noite";"Decrescente";"Céu Claro";"Simples";"Reta";"Não";1;0;1;0;0;0;1;1;-19,51753177;-41,01967578;"SPRF-ES";"DEL02-ES";"UOP01-DEL02-ES"
559604;2023-11-06;"segunda-feira";"10:50:00";"GO";60;352;"SANTO ANTONIO DA BARRA";"Condutor Dormindo";"Colisão traseira";"Com Vítimas Feridas";"Pleno dia";"Crescente";"Céu Claro";"Dupla";"Reta;Declive";"Não";4;0;0;1;2;1;1;3;-17,5907;-50,7083;"SPRF-GO";"DEL04-GO";"UOP02-DEL04-GO"
559606;2023-11-06;"segunda-feira";"21:40:00";"MG";262;597,2;"CAMPOS ALTOS";"Acessar a via sem observar a presença dos outros veículos";"Colisão transversal";"Com Vítimas Fatais";"Plena Noite";"Decrescente";"Céu Claro";"Simples";"Reta;Interseção de Vias;Rotatória";"Não";3;2;0;0;1;0;0;2;-19,65499912;-46,18848896;"SPRF-MG";"DEL08-MG";"UOP02-DEL08-MG"
559615;2023-11-06;"segunda-feira";"10:30:00";"MG";50;68;"UBERLANDIA";"Ausência de reação do condutor";"Colisão lateral mesmo sentido";"Com Vítimas Feridas";"Pleno dia";"Decrescente";"Céu Claro";"Dupla";"Retorno Regulamentado";"Sim";3;0;0;1;1;3;1;5;-18,85140204;-48,25345932;"SPRF-MG";"DEL15-MG";"UOP02-DEL15-MG"
559616;2023-11-06;"segunda-feira";"20:15:00";"RJ";101;179;"CASIMIRO DE ABREU";"Condutor Dormindo";"Colisão lateral sentido oposto";"Com Vítimas Feridas";"Plena Noite";"Decrescente";"Céu Claro";"Simples";"Curva";"Não";2;0;1;0;1;0;1;2;-22,40006602;-41,99621581;"SPRF-RJ";"DEL08-RJ";"UOP04-DEL08-RJ"
559619;2023-11-06;"segunda-feira";"22:20:00";"AL";101;144;"SAO MIGUEL DOS CAMPOS";"Condutor Dormindo";"Colisão traseira";"Com Vítimas Feridas";"Plena Noite";"Decrescente";"Céu Claro";"Dupla";"Reta";"Não";3;0;1;0;1;1;1;3;-9,85676299;-36,14470806;"SPRF-AL";"DEL02-AL";"UOP01-DEL02-AL"
559621;2023-11-06;"segunda-feira";"22:15:00";"MG";153;148;"CAMPO FLORIDO";"Acessar a via sem observar a presença dos outros veículos";"Colisão transversal";"Com Vítimas Feridas";"Plena Noite";"Crescente";"Céu Claro";"Simples";"Interseção de Vias";"Não";4;0;2;0;1;1;2;3;-19,63284117;-48,85120975;"SPRF-MG";"DEL13-MG";"UOP02-DEL13-MG"
559626;2023-11-06;"segunda-feira";"18:20:00";"SC";282;356;"CAMPOS NOVOS";"Problema com o freio";"Incêndio";"Sem Vítimas";"Anoitecer";"Crescente";"Céu Claro";"Simples";"Curva;Aclive";"Não";2;0;0;0;1;1;0;2;-27,342428;-51,340664;"SPRF-SC";"DEL07-SC";"UOP05-DEL07-SC"
559627;2023-11-06;"segunda-feira";"20:40:00";"PE";101;190,3;"PALMARES";"Problema com o freio";"Tombamento";"Com Vítimas Feridas";"Plena Noite";"Decrescente";"Céu Claro";"Dupla";"Curva";"Não";3;0;2;0;0;1;2;2;-8,69573052;-35,6103118;"SPRF-PE";"DEL01-PE";"UOP03-DEL01-PE"
559629;2023-11-06;"segunda-feira";"21:35:00";"MG";40;603,2;"CONGONHAS";"Reação tardia ou ineficiente do condutor";"Engavetamento";"Com Vítimas Fatais";"Plena Noite";"Crescente";"Céu Claro";"Simples";"Reta";"Sim";8;3;0;1;2;4;1;8;-20,44885;-43,840292;"SPRF-MG";"DEL05-MG";"UOP02-DEL05-MG"
559630;2023-11-07;"terça-feira";"00:40:00";"MG";40;481;"SETE LAGOAS";"Condutor Dormindo";"Colisão traseira";"Com Vítimas Feridas";"Plena Noite";"Crescente";"Céu Claro";"Dupla";"Aclive;Reta";"Não";3;0;1;0;1;1;1;3;-19,547387;-44,246848;"SPRF-MG";"DEL02-MG";"UOP01-DEL02-MG"
559634;2023-11-07;"terça-feira";"02:45:00";"SP";381;86;"SAO PAULO";"Ausência de reação do condutor";"Colisão traseira";"Com Vítimas Feridas";"Plena Noite";"Crescente";"Céu Claro";"Múltipla";"Reta;Declive";"Sim";2;0;1;0;1;0;1;2;-23,45930499;-46,57161179;"SPRF-SP";"DEL03-SP";"UOP01-DEL03-SP"
559635;2023-11-06;"segunda-feira";"23:30:00";"BA";110;379;"CATU";"Problema com o freio";"Incêndio";"Sem Vítimas";"Plena Noite";"Decrescente";"Céu Claro";"Simples";"Curva;Aclive";"Não";2;0;0;0;1;2;0;3;-12,41306752;-38,4670231;"SPRF-BA";"DEL01-BA";"UOP01-DEL01-BA"
559636;2023-11-07;"terça-feira";"04:54:00";"MG";40;578;"ITABIRITO";"Reação tardia ou ineficiente do condutor";"Colisão frontal";"Com Vítimas Fatais";"Amanhecer";"Decrescente";"Céu Claro";"Dupla";"Curva";"Não";4;1;0;1;1;1;1;3;-20,28115228;-43,9463998;"SPRF-MG";"DEL01-MG";"UOP02-DEL01-MG"
559642;2023-11-07;"terça-feira";"05:30:00";"MG";381;483,8;"BETIM";"Condutor Dormindo";"Colisão traseira";"Com Vítimas Feridas";"Pleno dia";"Decrescente";"Céu Claro";"Dupla";"Aclive";"Sim";3;0;1;0;1;1;1;3;-19,95594491;-44,10721699;"SPRF-MG";"DEL01-MG";"UOP03-DEL01-MG"
559643;2023-11-07;"terça-feira";"05:00:00";"SP";116;22,5;"LAVRINHAS";"Reação tardia ou ineficiente do condutor";"Capotamento";"Com Vítimas Feridas";"Amanhecer";"Decrescente";"Céu Claro";"Dupla";"Curva";"Não";2;0;1;0;0;1;1;2;-22,58368521;-44,87772952;"SPRF-SP";"DEL08-SP";"UOP02-DEL08-SP"
559645;2023-11-07;"terça-feira";"05:50:00";"MA";10;132,4;"ESTREITO";"Ultrapassagem Indevida";"Colisão lateral mesmo sentido";"Com Vítimas Fatais";"Pleno dia";"Decrescente";"Nublado";"Simples";"Reta";"Não";6;1;0;2;2;3;2;6;-6,544713;-47,425034;"SPRF-MA";"DEL04-MA";"UOP02-DEL04-MA"
559646;2023-11-07;"terça-feira";"06:30:00";"BA";101;350;"TEOLANDIA";"Velocidade Incompatível";"Capotamento";"Com Vítimas Feridas";"Amanhecer";"Decrescente";"Céu Claro";"Simples";"Curva";"Não";1;0;1;0;0;0;1;1;-13,62065879;-39,4958999;"SPRF-BA";"DEL05-BA";"UOP03-DEL05-BA"
559647;2023-11-07;"terça-feira";"02:00:00";"BA";101;888;"TEIXEIRA DE FREITAS";"Demais falhas mecânicas ou elétricas";"Tombamento";"Sem Vítimas";"Plena Noite";"Crescente";"Céu Claro";"Simples";"Reta";"Não";2;0;0;0;1;3;0;4;-17,62677;-39,767732;"SPRF-BA";"DEL09-BA";"UOP02-DEL09-BA"
559651;2023-11-06;"segunda-feira";"23:25:00";"MG";153;57,4;"MONTE ALEGRE DE MINAS";"Condutor deixou de manter distância do veículo da frente";"Colisão traseira";"Com Vítimas Feridas";"Plena Noite";"Crescente";"Céu Claro";"Dupla";"Reta;Declive";"Não";3;0;1;0;1;1;1;3;-18,87144803;-49,06258106;"SPRF-MG";"DEL15-MG";"UOP03-DEL15-MG"
559655;2023-11-07;"terça-feira";"06:07:00";"MG";381;732;"CARMO DA CACHOEIRA";"Ausência de reação do condutor";"Colisão com objeto";"Com Vítimas Feridas";"Amanhecer";"Crescente";"Céu Claro";"Dupla";"Curva;Aclive";"Não";1;0;1;0;0;0;1;1;-21,55413799;-45,24499427;"SPRF-MG";"DEL16-MG";"UOP02-DEL16-MG"
559656;2023-09-28;"quinta-feira";"10:00:00";"SC";158;140;"PALMITOS";"Velocidade Incompatível";"Colisão lateral sentido oposto";"Com Vítimas Feridas";"Pleno dia";"Decrescente";"Céu Claro";"Simples";"Reta;Declive";"Não";4;0;2;0;1;3;2;5;-27,12575601;-53,21242903;"SPRF-SC";"DEL07-SC";"UOP02-DEL07-SC"
559659;2023-11-07;"terça-feira";"07:15:00";"MG";116;702,5;"MURIAE";"Desrespeitar a preferência no cruzamento";"Colisão lateral mesmo sentido";"Com Vítimas Feridas";"Pleno dia";"Crescente";"Céu Claro";"Simples";"Interseção de Vias";"Sim";2;0;1;0;1;0;1;2;-21,12478411;-42,38156503;"SPRF-MG";"DEL07-MG";"UOP02-DEL07-MG"
559660;2023-11-07;"terça-feira";"06:40:00";"GO";153;702;"ITUMBIARA";"Ultrapassagem Indevida";"Colisão lateral mesmo sentido";"Com Vítimas Feridas";"Pleno dia";"Crescente";"Céu Claro";"Simples";"Reta";"Sim";3;0;1;0;1;1;1;3;-18,4103;-49,1965;"SPRF-GO";"DEL03-GO";"UOP02-DEL03-GO"