"id";"data_inversa";"dia_semana";"horario";"uf";"br";"km";"municipio";"causa_acidente";"tipo_acidente";"classificacao_acidente";"fase_dia";"sentido_via";"condicao_metereologica";"tipo_pista";"tracado_via";"uso_solo";"pessoas";"mortos";"feridos_leves";"feridos_graves";"ilesos";"ignorados";"feridos";"veiculos";"latitude";"longitude";"regional";"delegacia";"uop"
559672;2023-11-07;"terça-feira";"08:00:00";"SC";101;114,3;"ITAJAI";"Trafegar com motocicleta (ou similar) entre as faixas";"Colisão lateral mesmo sentido";"Com Vítimas Feridas";"Pleno dia";"Decrescente";"Nublado";"Dupla";"Reta";"Não";3;0;0;1;2;0;1;3;-26,86192886;-48,7286704;"SPRF-SC";"DEL04-SC";"UOP04-DEL04-SC"
559674;2023-11-07;"terça-feira";"09:00:00";"MG";381;700,6;"LAVRAS";"Velocidade Incompatível";"Tombamento";"Com Vítimas Feridas";"Pleno dia";"Crescente";"Céu Claro";"Dupla";"Curva;Declive";"Não";2;0;1;0;0;1;1;2;-21,31137883;-45,16451703;"SPRF-MG";"DEL04-MG";"UOP02-DEL04-MG"
559678;2023-11-07;"terça-feira";"09:00:00";"MG";381;492;"BETIM";"Manobra de mudança de faixa";"Colisão lateral mesmo sentido";"Com Vítimas Feridas";"Pleno dia";"Crescente";"Céu Claro";"Dupla";"Reta";"Sim";5;0;3;0;2;0;3;2;-19,97490091;-44,19004301;"SPRF-MG";"DEL01-MG";"UOP03-DEL01-MG"
559686;2023-10-31;"terça-feira";"01:50:00";"GO";364;279;"MINEIROS";"Reação tardia ou ineficiente do condutor";"Colisão com objeto";"Com Vítimas Feridas";"Plena Noite";"Decrescente";"Céu Claro";"Simples";"Reta;Declive";"Não";2;0;1;0;0;1;1;2;-17,670679;-52,330318;"SPRF-GO";"DEL05-GO";"UOP01-DEL05-GO"
559697;2023-11-07;"terça-feira";"10:00:00";"PB";104;173,8;"ALCANTIL";"Demais falhas mecânicas ou elétricas";"Incêndio";"Sem Vítimas";"Pleno dia";"Decrescente";"Céu Claro";"Simples";"Reta";"Não";2;0;0;0;1;2;0;3;-7,60324293;-36,04843316;"SPRF-PB";"DEL02-PB";"UOP03-DEL02-PB"
559701;2023-11-07;"terça-feira";"12:30:00";"BA";324;532,5;"FEIRA DE SANTANA";"Reação tardia ou ineficiente do condutor";"Colisão traseira";"Com Vítimas Feridas";"Pleno dia";"Decrescente";"Chuva";"Dupla";"Reta;Declive";"Não";5;0;1;0;3;1;1;4;-12,33921226;-38,8474782;"SPRF-BA";"DEL01-BA";"UOP03-DEL01-BA"
559702;2023-11-07;"terça-feira";"13:00:00";"PR";277;164;"PALMEIRA";"Transitar na contramão";"Colisão frontal";"Com Vítimas Fatais";"Pleno dia";"Crescente";"Céu Claro";"Simples";"Declive";"Não";3;1;1;0;0;2;1;4;-25,449104;-49,951666;"SPRF-PR";"DEL03-PR";"UOP03-DEL03-PR"
559709;2023-10-28;"sábado";"15:00:00";"BA";242;463;"IBITIARA";"Curva acentuada";"Tombamento";"Com Vítimas Feridas";"Pleno dia";"Crescente";"Sol";"Simples";"Curva";"Não";2;0;0;1;0;2;1;3;-12,4423791;-42,17379204;"SPRF-BA";"DEL06-BA";"UOP01-DEL06-BA"
559713;2023-11-07;"terça-feira";"12:30:00";"MA";316;266;"SANTA INES";"Frear bruscamente";"Colisão transversal";"Com Vítimas Feridas";"Pleno dia";"Crescente";"Céu Claro";"Simples";"Reta;Declive";"Não";2;0;0;1;1;0;1;2;-3,681815;-45,347157;"SPRF-MA";"DEL02-MA";"UOP01-DEL02-MA"
559715;2023-11-07;"terça-feira";"13:30:00";"ES";262;30,7;"DOMINGOS MARTINS";"Condutor deixou de manter distância do veículo da frente";"Colisão traseira";"Com Vítimas Feridas";"Pleno dia";"Decrescente";"Nublado";"Simples";"Curva;Declive";"Não";4;0;1;1;1;1;2;4;-20,37451095;-40,56495316;"SPRF-ES";"DEL01-ES";"UOP01-DEL01-ES"
559716;2023-11-07;"terça-feira";"14:20:00";"SC";101;140;"BALNEARIO CAMBORIU";"Reação tardia ou ineficiente do condutor";"Colisão traseira";"Sem Vítimas";"Pleno dia";"Crescente";"Céu Claro";"Simples";"Reta";"Não";3;0;0;0;2;2;0;4;-27,03881189;-48,60025148;"SPRF-SC";"DEL04-SC";"UOP03-DEL04-SC"
559721;2023-11-07;"terça-feira";"13:20:00";"MG";116;8,6;"DIVISA ALEGRE";"Ausência de reação do condutor";"Colisão traseira";"Com Vítimas Feridas";"Pleno dia";"Decrescente";"Nublado";"Simples";"Em Obras";"Não";3;0;0;1;1;3;1;5;-15,76695804;-41,33425387;"SPRF-BA";"DEL08-BA";"UOP03-DEL08-BA"
559723;2023-11-07;"terça-feira";"13:50:00";"GO";60;73,1;"ABADIANIA";"Transitar no Acostamento";"Colisão traseira";"Com Vítimas Feridas";"Pleno dia";"Decrescente";"Céu Claro";"Dupla";"Curva;Aclive";"Não";3;0;1;0;2;0;1;2;-16,271549;-48,770655;"SPRF-GO";"DEL02-GO";"UOP01-DEL02-GO"
559727;2023-11-07;"terça-feira";"15:10:00";"RN";304;48,8;"MOSSORO";"Pedestre cruzava a pista fora da faixa";"Atropelamento de Pedestre";"Com Vítimas Feridas";"Pleno dia";"Crescente";"Sol";"Simples";"Interseção de Vias";"Sim";3;0;0;1;1;1;1;3;-5,22868577;-37,32203081;"SPRF-RN";"DEL04-RN";"UOP01-DEL04-RN"
559728;2023-11-07;"terça-feira";"15:00:00";"SC";280;48,3;"GUARAMIRIM";"Retorno proibido";"Colisão transversal";"Com Vítimas Feridas";"Pleno dia";"Crescente";"Céu Claro";"Simples";"Aclive;Em Obras";"Não";3;0;1;0;2;0;1;2;-26,45506795;-48,92766502;"SPRF-SC";"DEL03-SC";"UOP03-DEL03-SC"
559733;2023-10-05;"quinta-feira";"17:00:00";"MG";459;87;"CONGONHAL";"Acessar a via sem observar a presença dos outros veículos";"Colisão transversal";"Com Vítimas Feridas";"Pleno dia";"Crescente";"Garoa/Chuvisco";"Simples";"Reta";"Não";3;0;1;0;1;1;1;3;-22,150208;-46,033627;"SPRF-MG";"DEL09-MG";"UOP01-DEL09-MG"
559741;2023-08-07;"segunda-feira";"21:30:00";"SC";101;220,2;"PALHOCA";"Entrada inopinada do pedestre";"Colisão com objeto";"Com Vítimas Fatais";"Plena Noite";"Decrescente";"Céu Claro";"Dupla";"Reta";"Não";6;1;1;1;2;1;2;3;-27,695643;-48,662063;"SPRF-SC";"DEL01-SC";"UOP02-DEL01-SC"
559744;2023-11-07;"terça-feira";"09:00:00";"MT";364;604;"DIAMANTINO";"Velocidade Incompatível";"Colisão lateral sentido oposto";"Com Vítimas Feridas";"Pleno dia";"Crescente";"Céu Claro";"Simples";"Curva";"Não";3;0;1;1;0;4;2;6;-14,48029884;-56,23795488;"SPRF-MT";"DEL01-MT";"UOP01-DEL01-MT"
559752;2023-11-07;"terça-feira";"17:22:00";"PE";101;50;"ABREU E LIMA";"Manobra de mudança de faixa";"Colisão lateral mesmo sentido";"Sem Vítimas";"Anoitecer";"Decrescente";"Céu Claro";"Múltipla";"Reta";"Sim";2;0;0;0;2;0;0;2;-7,90938602;-34,90123228;"SPRF-PE";"DEL01-PE";"UOP02-DEL01-PE"
559755;2023-11-07;"terça-feira";"13:10:00";"MG";116;688,6;"MURIAE";"Velocidade Incompatível";"Saída de leito carroçável";"Com Vítimas Feridas";"Pleno dia";"Crescente";"Céu Claro";"Simples";"Curva";"Não";2;0;1;0;0;1;1;2;-20,97201911;-42,35572815;"SPRF-MG";"DEL07-MG";"UOP02-DEL07-MG"
559759;2023-10-04;"quarta-feira";"18:30:00";"MG";262;460,3;"NOVA SERRANA";"Condutor deixou de manter distância do veículo da frente";"Colisão traseira";"Com Vítimas Feridas";"Plena Noite";"Decrescente";"Vento";"Simples";"Reta;Aclive";"Não";4;0;1;0;2;2;1;4;-19,86372828;-44,99796931;"SPRF-MG";"DEL08-MG";"UOP03-DEL08-MG"
559765;2023-11-07;"terça-feira";"17:30:00";"PR";277;727;"FOZ DO IGUACU";"Reação tardia ou ineficiente do condutor";"Colisão traseira";"Com Vítimas Feridas";"Anoitecer";"Decrescente";"Céu Claro";"Dupla";"Reta;Aclive";"Sim";2;0;0;1;1;0;1;2;-25,51017487;-54,56454899;"SPRF-PR";"DEL05-PR";"UOP03-DEL05-PR"
559768;2023-11-07;"terça-feira";"18:00:00";"SC";116;253,9;"LAGES";"Ausência de reação do condutor";"Colisão traseira";"Com Vítimas Feridas";"Pleno dia";"Decrescente";"Céu Claro";"Simples";"Reta";"Não";2;0;1;0;0;1;1;2;-27,86645244;-50,3949523;"SPRF-SC";"DEL05-SC";"UOP02-DEL05-SC"
559769;2023-11-07;"terça-feira";"18:30:00";"SC";101;119,8;"ITAJAI";"Ausência de reação do condutor";"Colisão lateral mesmo sentido";"Com Vítimas Feridas";"Pleno dia";"Decrescente";"Nublado";"Dupla";"Reta";"Sim";2;0;0;1;0;1;1;2;-26,9043179;-48,71555481;"SPRF-SC";"DEL04-SC";"UOP04-DEL04-SC"
559773;2023-11-07;"terça-feira";"13:20:00";"MT";163;642,6;"NOVA MUTUM";"Transitar na contramão";"Colisão frontal";"Com Vítimas Feridas";"Pleno dia";"Decrescente";"Céu Claro";"Simples";"Reta";"Não";3;0;0;1;1;3;1;5;-13,539845;-56,026715;"SPRF-MT";"DEL06-MT";"UOP01-DEL06-MT"
559777;2023-11-07;"terça-feira";"19:00:00";"PR";277;689;"SAO MIGUEL DO IGUACU";"Reação tardia ou ineficiente do condutor";"Colisão com objeto";"Sem Vítimas";"Anoitecer";"Decrescente";"Céu Claro";"Dupla";"Reta";"Sim";2;0;0;0;1;1;0;2;-25,35059002;-54,24064696;"SPRF-PR";"DEL05-PR";"UOP01-DEL05-PR"
559782;2023-11-07;"terça-feira";"13:00:00";"MS";487;103,5;"ITAQUIRAI";"Conversão proibida";"Colisão transversal";"Com Vítimas Feridas";"Pleno dia";"Decrescente";"Céu Claro";"Simples";"Reta;Interseção de Vias";"Não";3;0;0;1;0;2;1;3;-23,23280942;-54,02013194;"SPRF-MS";"DEL09-MS";"UOP01-DEL09-MS"
559789;2023-11-07;"terça-feira";"19:55:00";"GO";60;47,5;"ABADIANIA";"Ausência de reação do condutor";"Saída de leito carroçável";"Com Vítimas Fatais";"Plena Noite";"Decrescente";"Céu Claro";"Dupla";"Curva;Declive";"Não";2;1;0;0;0;1;0;2;-16,1464;-48,6047;"SPRF-GO";"DEL02-GO";"UOP01-DEL02-GO"
559790;2023-11-07;"terça-feira";"19:30:00";"RS";392;173;"PIRATINI";"Reação tardia ou ineficiente do condutor";"Colisão traseira";"Com Vítimas Feridas";"Plena Noite";"Decrescente";"Céu Claro";"Simples";"Reta";"Não";3;0;1;0;1;2;1;4;-31,04240321;-53,02244617;"SPRF-RS";"DEL07-RS";"UOP01-DEL07-RS"
559791;2023-11-07;"terça-feira";"18:30:00";"SC";101;282,8;"IMBITUBA";"Manobra de mudança de faixa";"Colisão lateral mesmo sentido";"Com Vítimas Fatais";"Anoitecer";"Crescente";"Céu Claro";"Dupla";"Reta";"Não";3;1;0;0;1;1;0;3;-28,21930724;-48,70036483;"SPRF-SC";"DEL02-SC";"UOP03-DEL02-SC"
559797;2023-11-07;"terça-feira";"20:40:00";"PR";376;160,2;"MANDAGUACU";"Demais falhas mecânicas ou elétricas";"Incêndio";"Sem Vítimas";"Plena Noite";"Crescente";"Céu Claro";"Dupla";"Reta";"Não";1;0;0;0;1;0;0;1;-23,36838484;-52,06572891;"SPRF-PR";"DEL09-PR";"UOP01-DEL09-PR"
559798;2023-11-07;"terça-feira";"21:30:00";"RS";285;458;"IJUI";"Condutor usando celular";"Tombamento";"Com Vítimas Feridas";"Plena Noite";"Decrescente";"Céu Claro";"Simples";"Curva";"Sim";2;0;1;0;0;1;1;2;-28,40782187;-53,90055656;"SPRF-RS";"DEL10-RS";"UOP01-DEL10-RS"
559804;2023-11-07;"terça-feira";"19:50:00";"BA";110;278;"INHAMBUPE";"Transitar no Acostamento";"Colisão traseira";"Com Vítimas Fatais";"Plena Noite";"Decrescente";"Céu Claro";"Simples";"Reta";"Sim";3;1;0;0;0;2;0;3;-11,6744979;-38,31183625;"SPRF-BA";"DEL01-BA";"UOP04-DEL01-BA"
559809;2023-11-07;"terça-feira";"22:30:00";"MG";262;366;"JUATUBA";"Demais falhas mecânicas ou elétricas";"Colisão com objeto";"Com Vítimas Feridas";"Plena Noite";"Decrescente";"Céu Claro";"Dupla";"Reta";"Sim";2;0;1;0;1;0;1;2;-19,974217;-44,261798;"SPRF-MG";"DEL01-MG";"UOP03-DEL01-MG"
559810;2023-11-07;"terça-feira";"23:00:00";"ES";101;382;"RIO NOVO DO SUL";"Velocidade Incompatível";"Saída de leito carroçável";"Com Vítimas Feridas";"Plena Noite";"Crescente";"Céu Claro";"Simples";"Curva";"Não";1;0;0;1;0;0;1;1;-20,82072713;-40,84702482;"SPRF-ES";"DEL03-ES";"UOP01-DEL03-ES"
559813;2023-11-07;"terça-feira";"23:40:00";"PR";376;616;"SAO JOSE DOS PINHAIS";"Reação tardia ou ineficiente do condutor";"Colisão traseira";"Com Vítimas Fatais";"Plena Noite";"Decrescente";"Céu Claro";"Dupla";"Reta;Declive";"Não";3;1;0;0;1;3;0;5;-25,57583659;-49,17953679;"SPRF-PR";"DEL01-PR";"UOP04-DEL01-PR"
559814;2023-11-07;"terça-feira";"21:00:00";"SC";282;642,5;"SAO MIGUEL DO OESTE";"Ausência de reação do condutor";"Colisão frontal";"Com Vítimas Feridas";"Plena Noite";"Decrescente";"Céu Claro";"Simples";"Curva";"Não";5;0;3;1;1;0;4;2;-26,772327;-53,461613;"SPRF-SC";"DEL07-SC";"UOP03-DEL07-SC"
559815;2023-11-07;"terça-feira";"20:00:00";"SC";470;193,1;"POUSO REDONDO";"Ultrapassagem Indevida";"Colisão lateral mesmo sentido";"Com Vítimas Feridas";"Plena Noite";"Decrescente";"Céu Claro";"Simples";"Reta;Declive";"Não";3;0;0;1;1;2;1;4;-27,30284184;-50,07831216;"SPRF-SC";"DEL04-SC";"UOP02-DEL04-SC"
559820;2023-09-02;"sábado";"11:30:00";"MG";251;473,8;"FRANCISCO SA";"Velocidade Incompatível";"Tombamento";"Com Vítimas Feridas";"Pleno dia";"Crescente";"Céu Claro";"Simples";"Declive";"Não";1;0;1;0;0;0;1;1;-16,46596623;-43,43607903;"SPRF-MG";"DEL12-MG";"UOP01-DEL12-MG"
559825;2023-11-08;"quarta-feira";"03:00:00";"MG";381;479;"CONTAGEM";"Trafegar com motocicleta (ou similar) entre as faixas";"Colisão lateral mesmo sentido";"Com Vítimas Feridas";"Plena Noite";"Crescente";"Céu Claro";"Dupla";"Reta";"Sim";4;0;1;0;2;1;1;4;-19,95889605;-44,069202;"SPRF-MG";"DEL01-MG";"UOP03-DEL01-MG"
559826;2023-11-08;"quarta-feira";"02:00:00";"PE";423;57;"LAJEDO";"Demais falhas mecânicas ou elétricas";"Incêndio";"Sem Vítimas";"Plena Noite";"Decrescente";"Céu Claro";"Simples";"Reta";"Não";2;0;0;0;1;2;0;3;-8,63241321;-36,30454473;"SPRF-PE";"DEL03-PE";"UOP01-DEL03-PE"
559832;2023-11-07;"terça-feira";"19:00:00";"MA";226;521,8;"LAJEADO NOVO";"Manobra de mudança de faixa";"Colisão frontal";"Com Vítimas Fatais";"Plena Noite";"Crescente";"Nublado";"Simples";"Reta";"Não";2;1;0;0;1;0;0;2;-6,16057966;-46,98382181;"SPRF-MA";"DEL04-MA";"UOP02-DEL04-MA"
559833;2023-11-08;"quarta-feira";"05:58:00";"SE";101;51;"JAPARATUBA";"Acesso irregular";"Colisão transversal";"Com Vítimas Fatais";"Pleno dia";"Decrescente";"Céu Claro";"Simples";"Reta";"Sim";3;1;1;0;0;2;1;4;-10,61153091;-36,97737715;"SPRF-SE";"DEL02-SE";"UOP02-DEL02-SE"
559834;2023-11-08;"quarta-feira";"04:40:00";"RS";290;7,5;"OSORIO";"Reação tardia ou ineficiente do condutor";"Colisão traseira";"Com Vítimas Fatais";"Plena Noite";"Decrescente";"Céu Claro";"Dupla";"Reta";"Não";4;1;1;0;2;0;1;2;-29,896352;-50,348369;"SPRF-RS";"DEL03-RS";"UOP01-DEL03-RS"
559842;2023-11-08;"quarta-feira";"07:10:00";"PR";116;112;"CURITIBA";"Trafegar com motocicleta (ou similar) entre as faixas";"Tombamento";"Com Vítimas Fatais";"Pleno dia";"Crescente";"Céu Claro";"Dupla";"Reta";"Sim";4;1;0;0;2;1;0;3;-25,549737;-49,282668;"SPRF-PR";"DEL01-PR";"UOP07-DEL01-PR"
559844;2023-11-08;"quarta-feira";"04:45:00";"RJ";40;94;"DUQUE DE CAXIAS";"Reação tardia ou ineficiente do condutor";"Tombamento";"Com Vítimas Feridas";"Amanhecer";"Crescente";"Céu Claro";"Dupla";"Curva;Declive";"Não";1;0;1;0;0;0;1;1;-22,55763285;-43,26574352;"SPRF-RJ";"DEL01-RJ";"UOP01-DEL01-RJ"
559846;2023-11-08;"quarta-feira";"07:30:00";"PR";277;36,8;"MORRETES";"Problema com o freio";"Colisão traseira";"Com Vítimas Fatais";"Pleno dia";"Decrescente";"Céu Claro";"Dupla";"Declive;Reta";"Não";5;1;0;0;3;1;0;3;-25,571323;-48,839755;"SPRF-PR";"DEL01-PR";"UOP05-DEL01-PR"
559854;2023-11-08;"quarta-feira";"05:30:00";"RJ";116;194;"QUEIMADOS";"Condutor Dormindo";"Colisão lateral mesmo sentido";"Com Vítimas Feridas";"Amanhecer";"Decrescente";"Céu Claro";"Dupla";"Reta";"Sim";2;0;1;0;1;0;1;2;-22,73711632;-43,53793909;"SPRF-RJ";"DEL01-RJ";"UOP02-DEL01-RJ"
559855;2023-11-08;"quarta-feira";"08:15:00";"PR";277;584;"CASCAVEL";"Acesso irregular";"Colisão lateral sentido oposto";"Com Vítimas Feridas";"Amanhecer";"Decrescente";"Céu Claro";"Múltipla";"Reta";"Sim";3;0;1;0;2;0;1;2;-24,96684176;-53,40258186;"SPRF-PR";"DEL04-PR";"UOP01-DEL04-PR"
559859;2023-11-08;"quarta-feira";"08:25:00";"RS";290;104;"ELDORADO DO SUL";"Reação tardia ou ineficiente do condutor";"Colisão traseira";"Com Vítimas Feridas";"Pleno dia";"Decrescente";"Nublado";"Dupla";"Ponte";"Sim";3;0;0;1;1;1;1;3;-29,993122;-51,275398;"SPRF-RS";"DEL02-RS";"UOP01-DEL02-RS"
559861;2023-11-08;"quarta-feira";"07:55:00";"PR";277;133,5;"BALSA NOVA";"Velocidade Incompatível";"Colisão com objeto";"Com Vítimas Fatais";"Pleno dia";"Decrescente";"Céu Claro";"Dupla";"Desvio Temporário";"Não";2;1;0;0;0;1;0;2;-25,47193;-49,66184;"SPRF-PR";"DEL03-PR";"UOP03-DEL03-PR"
559863;2023-11-08;"quarta-feira";"08:40:00";"SC";101;377,3;"ICARA";"Ultrapassagem Indevida";"Colisão lateral mesmo sentido";"Com Vítimas Feridas";"Pleno dia";"Decrescente";"Céu Claro";"Simples";"Reta";"Sim";4;0;1;1;1;1;2;3;-28,7345708;-49,24624124;"SPRF-SC";"DEL02-SC";"UOP01-DEL02-SC"
559869;2023-11-08;"quarta-feira";"09:30:00";"MG";153;147,8;"CAMPO FLORIDO";"Acesso irregular";"Colisão transversal";"Com Vítimas Fatais";"Pleno dia";"Crescente";"Céu Claro";"Simples";"Reta;Interseção de Vias";"Não";6;1;3;0;1;3;3;6;-19,62953199;-48,84913087;"SPRF-MG";"DEL13-MG";"UOP02-DEL13-MG"
559871;2023-11-08;"quarta-feira";"08:20:00";"BA";242;872;"BARREIRAS";"Demais falhas mecânicas ou elétricas";"Tombamento";"Sem Vítimas";"Pleno dia";"Decrescente";"Céu Claro";"Simples";"Reta";"Não";2;0;0;0;1;2;0;3;-12,07948721;-45,48805403;"SPRF-BA";"DEL10-BA";"UOP01-DEL10-BA"
559889;2023-11-08;"quarta-feira";"10:05:00";"PR";277;59,9;"SAO JOSE DOS PINHAIS";"Condutor deixou de manter distância do veículo da frente";"Engavetamento";"Sem Vítimas";"Pleno dia";"Crescente";"Céu Claro";"Simples";"Reta";"Não";5;0;0;0;4;6;0;10;-25,55425762;-49,03206289;"SPRF-PR";"DEL01-PR";"UOP01-DEL01-PR"
559892;2023-11-08;"quarta-feira";"11:30:00";"BA";324;580;"CANDEIAS";"Manobra de mudança de faixa";"Colisão lateral mesmo sentido";"Sem Vítimas";"Pleno dia";"Decrescente";"Nublado";"Dupla";"Reta";"Não";3;0;0;0;2;2;0;4;-12,59913862;-38,50896481;"SPRF-BA";"DEL01-BA";"UOP01-DEL01-BA"
559893;2023-11-08;"quarta-feira";"12:00:00";"PR";116;210,9;"RIO NEGRO";"Desrespeitar a preferência no cruzamento";"Colisão transversal";"Com Vítimas Feridas";"Pleno dia";"Crescente";"Céu Claro";"Simples";"Reta;Interseção de Vias";"Sim";2;0;1;0;1;0;1;2;-26,07479435;-49,76117178;"SPRF-SC";"DEL06-SC";"UOP01-DEL06-SC"
559897;2023-11-03;"sexta-feira";"19:30:00";"MS";262;320;"CAMPO GRANDE";"Acessar a via sem observar a presença dos outros veículos";"Colisão transversal";"Com Vítimas Feridas";"Plena Noite";"Decrescente";"Nublado";"Simples";"Reta;Retorno Regulamentado";"Não";3;0;0;1;1;3;1;5;-20,47012216;-54,47732401;"SPRF-MS";"DEL01-MS";"UOP01-DEL01-MS"
559903;2023-11-08;"quarta-feira";"13:00:00";"SC";470;70,3;"INDAIAL";"Acessar a via sem observar a presença dos outros veículos";"Colisão transversal";"Com Vítimas Feridas";"Pleno dia";"Crescente";"Céu Claro";"Simples";"Reta;Em Obras";"Sim";2;0;1;0;1;0;1;2;-26,89132676;-49,25725097;"SPRF-SC";"DEL04-SC";"UOP01-DEL04-SC"
559911;2023-11-08;"quarta-feira";"12:40:00";"ES";262;27;"VIANA";"Ultrapassagem Indevida";"Colisão lateral mesmo sentido";"Com Vítimas Feridas";"Pleno dia";"Crescente";"Sol";"Simples";"Reta;Declive";"Não";2;0;1;0;1;0;1;2;-20,38398959;-40,55226465;"SPRF-ES";"DEL01-ES";"UOP01-DEL01-ES"
559916;2023-11-08;"quarta-feira";"11:46:00";"RN";406;97,8;"JOAO CAMARA";"Acessar a via sem observar a presença dos outros veículos";"Colisão traseira";"Sem Vítimas";"Pleno dia";"Crescente";"Sol";"Simples";"Interseção de Vias";"Não";4;0;0;0;3;1;0;4;-5,513956;-35,850463;"SPRF-RN";"DEL02-RN";"UOP01-DEL02-RN"
559921;2023-11-08;"quarta-feira";"13:00:00";"PA";155;337;"MARABA";"Reação tardia ou ineficiente do condutor";"Engavetamento";"Sem Vítimas";"Pleno dia";"Crescente";"Céu Claro";"Simples";"Reta";"Não";3;0;0;0;3;0;0;3;-5,42303401;-49,07624026;"SPRF-PA";"DEL03-PA";"UOP01-DEL03-PA"
559922;2023-11-08;"quarta-feira";"14:10:00";"PR";116;91;"SAO JOSE DOS PINHAIS";"Condutor deixou de manter distância do veículo da frente";"Colisão traseira";"Com Vítimas Feridas";"Pleno dia";"Crescente";"Céu Claro";"Dupla";"Reta";"Não";2;0;1;0;0;1;1;2;-25,46961587;-49,09184037;"SPRF-PR";"DEL01-PR";"UOP07-DEL01-PR"
559927;2023-11-08;"quarta-feira";"09:00:00";"MT";174;270;"PONTES E LACERDA";"Avarias e/ou desgaste excessivo no pneu";"Saída de leito carroçável";"Com Vítimas Feridas";"Pleno dia";"Crescente";"Céu Claro";"Simples";"Reta;Declive";"Não";3;0;1;0;1;3;1;4;-15,36425495;-59,19955895;"SPRF-MT";"DEL04-MT";"UOP01-DEL04-MT"
559936;2023-11-08;"quarta-feira";"14:00:00";"MT";163;604;"NOVA MUTUM";"Acessar a via sem observar a presença dos outros veículos";"Colisão transversal";"Com Vítimas Feridas";"Pleno dia";"Crescente";"Céu Claro";"Simples";"Reta;Interseção de Vias";"Não";3;0;1;0;1;3;1;5;-13,87236604;-56,08739473;"SPRF-MT";"DEL01-MT";"UOP01-DEL01-MT"
559942;2023-11-08;"quarta-feira";"15:35:00";"PB";101;7;"MAMANGUAPE";"Ausência de reação do condutor";"Colisão traseira";"Com Vítimas Feridas";"Pleno dia";"Decrescente";"Céu Claro";"Dupla";"Reta";"Não";3;0;2;0;1;0;2;2;-6,55994553;-35,13580041;"SPRF-PB";"DEL01-PB";"UOP04-DEL01-PB"
559943;2023-11-08;"quarta-feira";"12:20:00";"SC";101;360,9;"SANGAO";"Velocidade Incompatível";"Capotamento";"Com Vítimas Fatais";"Pleno dia";"Decrescente";"Céu Claro";"Múltipla";"Curva;Aclive";"Não";1;1;0;0;0;0;0;1;-28,67206398;-49,1221261;"SPRF-SC";"DEL02-SC";"UOP01-DEL02-SC"
559946;2023-11-08;"quarta-feira";"13:59:00";"SC";480;131;"CHAPECO";"Condutor deixou de manter distância do veículo da frente";"Colisão lateral mesmo sentido";"Sem Vítimas";"Pleno dia";"Crescente";"Céu Claro";"Múltipla";"Curva;Desvio Temporário;Em Obras";"Sim";3;0;0;0;3;0;0;2;-27,06314223;-52,63234636;"SPRF-SC";"DEL07-SC";"UOP01-DEL07-SC"
559948;2023-11-08;"quarta-feira";"16:00:00";"SC";101;279,2;"IMBITUBA";"Demais falhas mecânicas ou elétricas";"Tombamento";"Sem Vítimas";"Pleno dia";"Crescente";"Céu Claro";"Dupla";"Reta";"Sim";4;0;0;0;3;1;0;3;-28,17131302;-48,69463482;"SPRF-SC";"DEL02-SC";"UOP03-DEL02-SC"
559954;2023-11-08;"quarta-feira";"16:10:00";"RS";290;182,6;"MINAS DO LEAO";"Acessar a via sem observar a presença dos outros veículos";"Colisão transversal";"Sem Vítimas";"Pleno dia";"Crescente";"Nublado";"Simples";"Reta;Interseção de Vias";"Não";3;0;0;0;2;1;0;3;-30,14304893;-52,04051971;"SPRF-RS";"DEL02-RS";"UOP03-DEL02-RS"
559955;2023-11-08;"quarta-feira";"15:50:00";"PR";369;173;"ROLANDIA";"Desrespeitar a preferência no cruzamento";"Colisão transversal";"Com Vítimas Feridas";"Pleno dia";"Decrescente";"Céu Claro";"Simples";"Reta";"Não";2;0;0;1;1;0;1;2;-23,31277626;-51,37277305;"SPRF-PR";"DEL07-PR";"UOP01-DEL07-PR"
559957;2023-11-08;"quarta-feira";"16:00:00";"MG";116;4;"DIVISA ALEGRE";"Acessar a via sem observar a presença dos outros veículos";"Colisão transversal";"Com Vítimas Feridas";"Pleno dia";"Crescente";"Céu Claro";"Simples";"Reta;Aclive";"Não";2;0;1;0;0;1;1;2;-15,73455515;-41,34083437;"SPRF-BA";"DEL08-BA";"UOP03-DEL08-BA"
559958;2023-11-08;"quarta-feira";"17:10:00";"PA";316;63;"CASTANHAL";"Ausência de reação do condutor";"Engavetamento";"Com Vítimas Feridas";"Pleno dia";"Crescente";"Céu Claro";"Dupla";"Reta";"Sim";5;0;1;0;3;1;1;4;-1,29679363;-47,92878096;"SPRF-PA";"DEL01-PA";"UOP01-DEL01-PA"
559963;2023-11-08;"quarta-feira";"16:45:00";"SC";101;122,6;"ITAJAI";"Transitar na contramão";"Colisão lateral sentido oposto";"Com Vítimas Feridas";"Pleno dia";"Crescente";"Céu Claro";"Dupla";"Interseção de Vias";"Não";2;0;1;0;1;0;1;2;-26,92955916;-48,70499836;"SPRF-SC";"DEL04-SC";"UOP04-DEL04-SC"
559964;2023-11-08;"quarta-feira";"11:30:00";"RO";364;23;"VILHENA";"Reação tardia ou ineficiente do condutor";"Engavetamento";"Sem Vítimas";"Pleno dia";"Decrescente";"Céu Claro";"Simples";"Reta";"Não";4;0;0;0;3;2;0;5;-12,72492207;-60,220407;"SPRF-RO";"DEL04-RO";"UOP01-DEL04-RO"