"id";"data_inversa";"dia_semana";"horario";"uf";"br";"km";"municipio";"causa_acidente";"tipo_acidente";"classificacao_acidente";"fase_dia";"sentido_via";"condicao_metereologica";"tipo_pista";"tracado_via";"uso_solo";"pessoas";"mortos";"feridos_leves";"feridos_graves";"ilesos";"ignorados";"feridos";"veiculos";"latitude";"longitude";"regional";"delegacia";"uop"
559969;2023-11-08;"quarta-feira";"17:45:00";"PE";101;65;"RECIFE";"Condutor deixou de manter distância do veículo da frente";"Colisão lateral mesmo sentido";"Sem Vítimas";"Plena Noite";"Decrescente";"Céu Claro";"Múltipla";"Reta";"Sim";3;0;0;0;1;2;0;3;-8,02478597;-34,94276635;"SPRF-PE";"DEL01-PE";"UOP01-DEL01-PE"
559973;2023-11-08;"quarta-feira";"18:15:00";"RJ";393;238;"VASSOURAS";"Desrespeitar a preferência no cruzamento";"Colisão transversal";"Com Vítimas Feridas";"Pleno dia";"Crescente";"Céu Claro";"Simples";"Reta";"Não";3;0;2;0;0;1;2;3;-22,43007077;-43,69915009;"SPRF-RJ";"DEL05-RJ";"UOP03-DEL05-RJ"
559982;2023-11-08;"quarta-feira";"19:00:00";"RJ";40;114;"DUQUE DE CAXIAS";"Trafegar com motocicleta (ou similar) entre as faixas";"Colisão traseira";"Com Vítimas Fatais";"Plena Noite";"Decrescente";"Céu Claro";"Dupla";"Reta";"Sim";4;1;1;0;1;2;1;5;-22,71853604;-43,28993324;"SPRF-RJ";"DEL01-RJ";"UOP01-DEL01-RJ"
559989;2023-11-08;"quarta-feira";"06:30:00";"BA";30;239;"GUANAMBI";"Ausência de reação do condutor";"Colisão traseira";"Com Vítimas Feridas";"Pleno dia";"Crescente";"Céu Claro";"Simples";"Reta";"Não";6;0;0;1;5;0;1;2;-14,12193849;-42,61332635;"SPRF-BA";"DEL08-BA";"UOP01-DEL08-BA"
559994;2023-11-08;"quarta-feira";"20:00:00";"PR";369;166,3;"CAMBE";"Reação tardia ou ineficiente do condutor";"Colisão transversal";"Sem Vítimas";"Plena Noite";"Decrescente";"Céu Claro";"Dupla";"Declive;Retorno Regulamentado";"Não";6;0;0;0;5;1;0;3;-23,29541722;-51,3085566;"SPRF-PR";"DEL07-PR";"UOP01-DEL07-PR"
559997;2023-11-08;"quarta-feira";"19:20:00";"BA";242;229;"ITABERABA";"Acessar a via sem observar a presença dos outros veículos";"Colisão traseira";"Com Vítimas Feridas";"Plena Noite";"Crescente";"Nublado";"Simples";"Reta";"Sim";2;0;1;0;1;0;1;2;-12,51058614;-40,31333399;"SPRF-BA";"DEL06-BA";"UOP02-DEL06-BA"
559998;2023-11-08;"quarta-feira";"19:00:00";"MG";40;31,9;"PARACATU";"Transitar na contramão";"Colisão frontal";"Com Vítimas Feridas";"Plena Noite";"Crescente";"Céu Claro";"Simples";"Reta";"Não";4;0;0;1;2;1;1;3;-17,16545308;-46,93655019;"SPRF-MG";"DEL14-MG";"UOP01-DEL14-MG"
560011;2023-11-08;"quarta-feira";"19:20:00";"RO";364;365,5;"OURO PRETO DO OESTE";"Acessar a via sem observar a presença dos outros veículos";"Colisão frontal";"Com Vítimas Feridas";"Plena Noite";"Decrescente";"Nublado";"Simples";"Reta;Aclive;Interseção de Vias";"Não";2;0;0;1;1;0;1;2;-10,77142265;-62,1025157;"SPRF-RO";"DEL02-RO";"UOP01-DEL02-RO"
560016;2023-11-08;"quarta-feira";"18:05:00";"AL";101;7;"NOVO LINO";"Reação tardia ou ineficiente do condutor";"Colisão com objeto";"Sem Vítimas";"Plena Noite";"Decrescente";"Céu Claro";"Dupla";"Curva";"Não";2;0;0;0;1;1;0;2;-8,93518579;-35,6442171;"SPRF-AL";"DEL01-AL";"UOP02-DEL01-AL"
560019;2023-11-08;"quarta-feira";"15:00:00";"MT";174;268;"PONTES E LACERDA";"Ultrapassagem Indevida";"Colisão lateral sentido oposto";"Com Vítimas Feridas";"Pleno dia";"Decrescente";"Céu Claro";"Simples";"Curva;Declive";"Não";3;0;1;0;1;5;1;7;-15,38252231;-59,17862892;"SPRF-MT";"DEL04-MT";"UOP01-DEL04-MT"
560022;2023-11-08;"quarta-feira";"17:30:00";"RO";364;479;"ARIQUEMES";"Ultrapassagem Indevida";"Colisão lateral mesmo sentido";"Com Vítimas Feridas";"Anoitecer";"Decrescente";"Garoa/Chuvisco";"Simples";"Reta";"Não";4;0;0;1;2;3;1;6;-10,14114091;-62,85421996;"SPRF-RO";"DEL03-RO";"UOP01-DEL03-RO"
560023;2023-11-09;"quinta-feira";"00:30:00";"SC";116;117,7;"SANTA CECILIA";"Velocidade Incompatível";"Tombamento";"Com Vítimas Feridas";"Plena Noite";"Decrescente";"Céu Claro";"Simples";"Curva;Aclive";"Não";1;0;0;1;0;0;1;1;-26,81731599;-50,35097407;"SPRF-SC";"DEL06-SC";"UOP02-DEL06-SC"
560024;2023-11-08;"quarta-feira";"21:30:00";"RO";429;242;"SAO FRANCISCO DO GUAPORE";"Ausência de reação do condutor";"Saída de leito carroçável";"Com Vítimas Feridas";"Plena Noite";"Decrescente";"Nublado";"Simples";"Reta";"Não";1;0;1;0;0;0;1;1;-12,02956021;-63,32722876;"SPRF-RO";"DEL02-RO";"UOP03-DEL02-RO"
560025;2023-11-09;"quinta-feira";"02:35:00";"SC";101;271;"PAULO LOPES";"Acessar a via sem observar a presença dos outros veículos";"Colisão lateral mesmo sentido";"Com Vítimas Feridas";"Plena Noite";"Decrescente";"Céu Claro";"Dupla";"Reta;Ponte";"Sim";5;0;2;0;2;1;2;4;-28,116142;-48,699804;"SPRF-SC";"DEL02-SC";"UOP03-DEL02-SC"
560026;2023-11-09;"quinta-feira";"03:00:00";"MG";251;472,8;"FRANCISCO SA";"Velocidade Incompatível";"Tombamento";"Com Vítimas Feridas";"Plena Noite";"Decrescente";"Céu Claro";"Simples";"Curva";"Não";2;0;0;1;0;1;1;2;-16,4669101;-43,43947986;"SPRF-MG";"DEL12-MG";"UOP01-DEL12-MG"
560029;2023-11-08;"quarta-feira";"21:20:00";"MT";364;114,6;"ALTO GARCAS";"Acostamento em desnível";"Tombamento";"Com Vítimas Feridas";"Plena Noite";"Decrescente";"Chuva";"Simples";"Aclive";"Não";2;0;1;0;0;2;1;3;-16,85046494;-53,85756706;"SPRF-MT";"DEL02-MT";"UOP02-DEL02-MT"
560031;2023-11-09;"quinta-feira";"04:30:00";"MG";365;861;"SANTA VITORIA";"Ingestão de álcool pelo condutor";"Colisão lateral sentido oposto";"Com Vítimas Feridas";"Amanhecer";"Decrescente";"Céu Claro";"Simples";"Reta";"Não";4;0;1;0;3;0;1;4;-19,04754329;-50,4841218;"SPRF-MG";"DEL15-MG";"UOP03-DEL15-MG"
560035;2023-11-09;"quinta-feira";"04:30:00";"MA";316;264;"SANTA INES";"Ausência de reação do condutor";"Colisão traseira";"Com Vítimas Feridas";"Plena Noite";"Decrescente";"Céu Claro";"Simples";"Curva;Interseção de Vias";"Sim";2;0;0;1;0;1;1;2;-3,673308;-45,362946;"SPRF-MA";"DEL02-MA";"UOP01-DEL02-MA"
560039;2023-11-09;"quinta-feira";"07:08:00";"SP";116;151;"SAO JOSE DOS CAMPOS";"Acessar a via sem observar a presença dos outros veículos";"Colisão transversal";"Com Vítimas Feridas";"Pleno dia";"Decrescente";"Céu Claro";"Dupla";"Reta";"Sim";2;0;0;1;1;0;1;2;-23,21980694;-45,89991605;"SPRF-SP";"DEL02-SP";"UOP01-DEL02-SP"
560040;2023-11-09;"quinta-feira";"06:15:00";"MG";40;452,8;"CAETANOPOLIS";"Ausência de reação do condutor";"Saída de leito carroçável";"Com Vítimas Feridas";"Pleno dia";"Decrescente";"Céu Claro";"Dupla";"Reta;Declive";"Não";2;0;1;0;0;2;1;3;-19,34189163;-44,35667832;"SPRF-MG";"DEL02-MG";"UOP01-DEL02-MG"
560042;2023-11-09;"quinta-feira";"07:00:00";"PR";277;122,5;"CAMPO LARGO";"Condutor deixou de manter distância do veículo da frente";"Colisão traseira";"Com Vítimas Feridas";"Pleno dia";"Decrescente";"Nublado";"Dupla";"Reta";"Não";3;0;1;0;2;0;1;2;-25,45660492;-49,57610607;"SPRF-PR";"DEL03-PR";"UOP03-DEL03-PR"
560045;2023-11-09;"quinta-feira";"06:45:00";"MS";158;328,1;"BRASILANDIA";"Velocidade Incompatível";"Colisão com objeto";"Com Vítimas Feridas";"Pleno dia";"Crescente";"Céu Claro";"Simples";"Curva";"Não";2;0;1;0;0;1;1;2;-21,1633479;-51,97702108;"SPRF-MS";"DEL07-MS";"UOP01-DEL07-MS"
560047;2023-11-09;"quinta-feira";"07:20:00";"GO";153;492;"GOIANIA";"Pedestre cruzava a pista fora da faixa";"Atropelamento de Pedestre";"Com Vítimas Feridas";"Pleno dia";"Crescente";"Céu Claro";"Simples";"Reta";"Sim";2;0;0;1;1;0;1;2;-16,6461;-49,2114;"SPRF-GO";"DEL01-GO";"UOP01-DEL01-GO"
560051;2023-11-09;"quinta-feira";"08:00:00";"BA";116;381,9;"SANTA BARBARA";"Ultrapassagem Indevida";"Colisão lateral sentido oposto";"Com Vítimas Fatais";"Pleno dia";"Crescente";"Chuva";"Simples";"Reta;Declive";"Não";6;3;0;0;3;0;0;3;-11,85867401;-38,97706396;"SPRF-BA";"DEL02-BA";"UOP01-DEL02-BA"
560053;2023-09-22;"sexta-feira";"14:30:00";"ES";262;100;"VENDA NOVA DO IMIGRANTE";"Suicídio (presumido)";"Atropelamento de Pedestre";"Com Vítimas Fatais";"Pleno dia";"Decrescente";"Céu Claro";"Simples";"Reta";"Não";3;1;0;0;1;1;0;2;-20,34889991;-41,102073;"SPRF-ES";"DEL01-ES";"UOP02-DEL01-ES"
560054;2023-11-09;"quinta-feira";"05:30:00";"SC";470;194;"POUSO REDONDO";"Ingestão de álcool pelo condutor";"Colisão lateral sentido oposto";"Com Vítimas Feridas";"Amanhecer";"Crescente";"Nublado";"Simples";"Curva";"Não";4;0;2;0;1;2;2;4;-27,300501;-50,080284;"SPRF-SC";"DEL04-SC";"UOP02-DEL04-SC"
560058;2023-11-09;"quinta-feira";"08:00:00";"MG";116;274,1;"TEOFILO OTONI";"Acessar a via sem observar a presença dos outros veículos";"Colisão traseira";"Com Vítimas Feridas";"Pleno dia";"Crescente";"Céu Claro";"Simples";"Reta";"Sim";2;0;0;1;1;0;1;2;-17,83384514;-41,51094368;"SPRF-MG";"DEL11-MG";"UOP01-DEL11-MG"
560060;2023-11-09;"quinta-feira";"06:29:00";"GO";40;11;"LUZIANIA";"Acessar a via sem observar a presença dos outros veículos";"Colisão traseira";"Com Vítimas Feridas";"Pleno dia";"Decrescente";"Céu Claro";"Dupla";"Reta";"Sim";4;0;3;0;1;0;3;2;-16,138336;-47,951644;"SPRF-DF";"DEL01-DF";"UOP01-DEL01-DF"
560062;2023-11-09;"quinta-feira";"08:30:00";"TO";153;715;"CARIRI DO TOCANTINS";"Condutor Dormindo";"Colisão lateral sentido oposto";"Com Vítimas Feridas";"Pleno dia";"Crescente";"Nublado";"Simples";"Reta";"Não";4;0;1;0;2;3;1;6;-12,08301388;-49,19978681;"SPRF-TO";"DEL01-TO";"UOP02-DEL01-TO"
560064;2023-11-09;"quinta-feira";"09:50:00";"SP";116;221;"GUARULHOS";"Trafegar com motocicleta (ou similar) entre as faixas";"Colisão lateral mesmo sentido";"Com Vítimas Feridas";"Pleno dia";"Crescente";"Céu Claro";"Múltipla";"Reta";"Não";4;0;2;0;2;0;2;3;-23,4690081;-46,51169572;"SPRF-SP";"DEL01-SP";"UOP01-DEL01-SP"
560066;2023-11-09;"quinta-feira";"07:30:00";"BA";135;171;"BARREIRAS";"Acessar a via sem observar a presença dos outros veículos";"Colisão lateral mesmo sentido";"Com Vítimas Feridas";"Pleno dia";"Decrescente";"Céu Claro";"Simples";"Reta";"Não";2;0;0;1;1;0;1;2;-12,09737645;-44,97604138;"SPRF-BA";"DEL08-BA";"UOP04-DEL08-BA"
560069;2023-11-09;"quinta-feira";"08:04:00";"RN";226;245,9;"JUCURUTU";"Acessar a via sem observar a presença dos outros veículos";"Colisão transversal";"Com Vítimas Feridas";"Pleno dia";"Decrescente";"Céu Claro";"Simples";"Reta;Aclive";"Sim";6;0;2;0;3;1;2;3;-6,0331186;-37,01394951;"SPRF-RN";"DEL03-RN";"UOP01-DEL03-RN"
560072;2023-11-09;"quinta-feira";"10:45:00";"DF";40;3,6;"BRASILIA";"Transitar no Acostamento";"Colisão lateral mesmo sentido";"Com Vítimas Feridas";"Pleno dia";"Crescente";"Céu Claro";"Dupla";"Viaduto";"Sim";2;0;1;0;1;0;1;2;-16,003145;-47,983944;"SPRF-DF";"DEL01-DF";"UOP01-DEL01-DF"
560073;2023-11-09;"quinta-feira";"08:40:00";"PR";280;276;"FLOR DA SERRA DO SUL";"Chuva";"Colisão frontal";"Com Vítimas Fatais";"Pleno dia";"Crescente";"Chuva";"Simples";"Reta";"Não";3;1;1;0;1;0;1;2;-26,23825617;-53,18925192;"SPRF-PR";"DEL02-PR";"UOP01-DEL02-PR"
560075;2023-11-09;"quinta-feira";"10:00:00";"SC";282;500;"XANXERE";"Condutor usando celular";"Saída de leito carroçável";"Com Vítimas Feridas";"Pleno dia";"Crescente";"Chuva";"Dupla";"Declive";"Não";1;0;1;0;0;0;1;1;-26,880969;-52,368515;"SPRF-SC";"DEL07-SC";"UOP01-DEL07-SC"
560076;2023-10-27;"sexta-feira";"15:30:00";"BA";242;697;"CRISTOPOLIS";"Reação tardia ou ineficiente do condutor";"Colisão lateral sentido oposto";"Sem Vítimas";"Pleno dia";"Decrescente";"Chuva";"Simples";"Reta";"Não";3;0;0;0;2;2;0;4;-12,22695663;-43,96844598;"SPRF-BA";"DEL10-BA";"UOP02-DEL10-BA"
560085;2023-11-09;"quinta-feira";"08:30:00";"TO";153;92,9;"WANDERLANDIA";"Reação tardia ou ineficiente do condutor";"Tombamento";"Com Vítimas Feridas";"Pleno dia";"Crescente";"Céu Claro";"Simples";"Reta;Rotatória";"Não";2;0;1;0;0;1;1;2;-6,85416284;-47,97285026;"SPRF-TO";"DEL02-TO";"UOP01-DEL02-TO"
560086;2023-11-09;"quinta-feira";"11:45:00";"MG";40;596,3;"OURO PRETO";"Manobra de mudança de faixa";"Colisão lateral mesmo sentido";"Com Vítimas Fatais";"Pleno dia";"Decrescente";"Sol";"Simples";"Curva;Aclive";"Não";7;1;2;0;3;1;2;5;-20,41695;-43,889831;"SPRF-MG";"DEL05-MG";"UOP02-DEL05-MG"
560087;2023-11-09;"quinta-feira";"10:30:00";"MS";163;484,4;"CAMPO GRANDE";"Acessar a via sem observar a presença dos outros veículos";"Colisão transversal";"Com Vítimas Feridas";"Pleno dia";"Crescente";"Céu Claro";"Simples";"Interseção de Vias";"Não";4;0;1;0;2;2;1;4;-20,45058508;-54,54037607;"SPRF-MS";"DEL01-MS";"UOP02-DEL01-MS"
560088;2023-11-09;"quinta-feira";"11:30:00";"BA";116;677;"JEQUIE";"Condutor deixou de manter distância do veículo da frente";"Engavetamento";"Sem Vítimas";"Pleno dia";"Decrescente";"Céu Claro";"Simples";"Reta";"Não";4;0;0;0;3;1;0;4;-13,84119991;-40,10941016;"SPRF-BA";"DEL03-BA";"UOP01-DEL03-BA"
560092;2023-11-09;"quinta-feira";"08:45:00";"RS";386;154;"ALMIRANTE TAMANDARE DO SUL";"Transitar na contramão";"Colisão lateral sentido oposto";"Sem Vítimas";"Pleno dia";"Crescente";"Chuva";"Simples";"Curva";"Não";3;0;0;0;2;3;0;5;-28,111137;-52,860538;"SPRF-RS";"DEL08-RS";"UOP01-DEL08-RS"
560098;2023-11-09;"quinta-feira";"10:30:00";"RJ";40;109;"DUQUE DE CAXIAS";"Manobra de mudança de faixa";"Colisão lateral mesmo sentido";"Com Vítimas Feridas";"Pleno dia";"Decrescente";"Céu Claro";"Múltipla";"Reta";"Sim";2;0;1;0;1;0;1;2;-22,67374628;-43,28638368;"SPRF-RJ";"DEL01-RJ";"UOP01-DEL01-RJ"
560101;2023-10-15;"domingo";"10:50:00";"RJ";101;209;"CASIMIRO DE ABREU";"Ausência de reação do condutor";"Tombamento";"Com Vítimas Feridas";"Pleno dia";"Crescente";"Nublado";"Dupla";"Curva";"Sim";2;0;1;0;0;1;1;2;-22,48133694;-42,22930101;"SPRF-RJ";"DEL08-RJ";"UOP04-DEL08-RJ"
560104;2023-11-09;"quinta-feira";"14:14:00";"RS";386;35,9;"FREDERICO WESTPHALEN";"Transitar na contramão";"Colisão frontal";"Com Vítimas Feridas";"Pleno dia";"Crescente";"Sol";"Simples";"Reta;Aclive";"Não";3;0;0;1;1;3;1;5;-27,365112;-53,394897;"SPRF-RS";"DEL08-RS";"UOP02-DEL08-RS"
560106;2023-11-09;"quinta-feira";"13:30:00";"PR";376;279,3;"MARILANDIA DO SUL";"Ausência de reação do condutor";"Saída de leito carroçável";"Sem Vítimas";"Pleno dia";"Crescente";"Sol";"Dupla";"Reta;Declive";"Não";2;0;0;0;1;1;0;2;-23,811025;-51,26466393;"SPRF-PR";"DEL07-PR";"UOP02-DEL07-PR"
560107;2023-10-12;"quinta-feira";"21:10:00";"SP";116;370;"MIRACATU";"Reação tardia ou ineficiente do condutor";"Colisão lateral mesmo sentido";"Com Vítimas Feridas";"Plena Noite";"Decrescente";"Chuva";"Dupla";"Reta";"Não";5;0;1;0;3;2;1;5;-24,15230452;-47,32081981;"SPRF-SP";"DEL04-SP";"UOP02-DEL04-SP"
560108;2023-09-10;"domingo";"17:40:00";"PR";476;108;"COLOMBO";"Ausência de reação do condutor";"Colisão frontal";"Com Vítimas Feridas";"Plena Noite";"Crescente";"Nublado";"Simples";"Curva";"Não";2;0;0;1;1;0;1;2;-25,298958;-49,152153;"SPRF-PR";"DEL01-PR";"UOP01-DEL01-PR"
560114;2023-11-09;"quinta-feira";"15:10:00";"PR";277;718;"SANTA TEREZINHA DE ITAIPU";"Reação tardia ou ineficiente do condutor";"Saída de leito carroçável";"Sem Vítimas";"Pleno dia";"Crescente";"Garoa/Chuvisco";"Dupla";"Reta;Declive";"Não";2;0;0;0;1;1;0;2;-25,48013487;-54,48530406;"SPRF-PR";"DEL05-PR";"UOP03-DEL05-PR"
560115;2023-11-09;"quinta-feira";"13:15:00";"PR";376;242,8;"APUCARANA";"Velocidade Incompatível";"Tombamento";"Com Vítimas Feridas";"Pleno dia";"Decrescente";"Nublado";"Dupla";"Ponte;Curva;Declive";"Não";2;0;1;0;0;1;1;2;-23,581586;-51,431377;"SPRF-PR";"DEL07-PR";"UOP03-DEL07-PR"
560116;2023-11-09;"quinta-feira";"14:40:00";"PR";277;124,9;"CAMPO LARGO";"Transitar na contramão";"Colisão transversal";"Com Vítimas Fatais";"Pleno dia";"Decrescente";"Nublado";"Dupla";"Reta";"Não";4;1;0;1;1;1;1;3;-25,47011778;-49,59857225;"SPRF-PR";"DEL03-PR";"UOP03-DEL03-PR"
560122;2023-11-09;"quinta-feira";"10:30:00";"MT";70;244;"PRIMAVERA DO LESTE";"Reação tardia ou ineficiente do condutor";"Saída de leito carroçável";"Com Vítimas Feridas";"Pleno dia";"Crescente";"Céu Claro";"Simples";"Reta";"Não";2;0;1;0;0;1;1;2;-15,61877256;-54,06163809;"SPRF-MT";"DEL05-MT";"UOP01-DEL05-MT"
560123;2023-11-09;"quinta-feira";"16:30:00";"PR";376;192,5;"MARIALVA";"Ausência de sinalização";"Engavetamento";"Com Vítimas Fatais";"Pleno dia";"Decrescente";"Céu Claro";"Dupla";"Curva";"Não";10;1;2;2;4;4;4;11;-23,48765156;-51,81911945;"SPRF-PR";"DEL09-PR";"UOP01-DEL09-PR"
560133;2023-10-26;"quinta-feira";"16:30:00";"BA";242;679;"CRISTOPOLIS";"Chuva";"Tombamento";"Com Vítimas Feridas";"Pleno dia";"Decrescente";"Chuva";"Simples";"Reta";"Não";1;0;1;0;0;0;1;1;-12,2241669;-44,03703868;"SPRF-BA";"DEL10-BA";"UOP02-DEL10-BA"
560136;2023-11-09;"quinta-feira";"16:45:00";"RS";470;225;"GARIBALDI";"Acessar a via sem observar a presença dos outros veículos";"Colisão transversal";"Com Vítimas Feridas";"Pleno dia";"Crescente";"Céu Claro";"Simples";"Reta";"Não";3;0;1;0;1;1;1;3;-29,21454003;-51,51762617;"SPRF-RS";"DEL06-RS";"UOP01-DEL06-RS"
560137;2023-11-09;"quinta-feira";"17:25:00";"SC";101;156;"PORTO BELO";"Acessar a via sem observar a presença dos outros veículos";"Colisão transversal";"Com Vítimas Feridas";"Pleno dia";"Decrescente";"Céu Claro";"Múltipla";"Reta";"Não";2;0;0;1;1;0;1;2;-27,172272;-48,61170204;"SPRF-SC";"DEL04-SC";"UOP03-DEL04-SC"
560145;2023-11-09;"quinta-feira";"17:30:00";"SC";101;335,7;"TUBARAO";"Condutor deixou de manter distância do veículo da frente";"Colisão traseira";"Com Vítimas Feridas";"Pleno dia";"Decrescente";"Chuva";"Múltipla";"Curva";"Sim";3;0;0;1;1;1;1;3;-28,47849958;-49,03198242;"SPRF-SC";"DEL02-SC";"UOP01-DEL02-SC"
560152;2023-11-09;"quinta-feira";"17:40:00";"MG";116;530,2;"CARATINGA";"Acessar a via sem observar a presença dos outros veículos";"Colisão transversal";"Com Vítimas Fatais";"Pleno dia";"Decrescente";"Céu Claro";"Simples";"Reta;Interseção de Vias";"Sim";3;1;0;0;1;1;0;3;-19,81067298;-42,13539446;"SPRF-MG";"DEL06-MG";"UOP02-DEL06-MG"
560153;2023-11-09;"quinta-feira";"15:40:00";"SC";116;210,2;"PONTE ALTA";"Reação tardia ou ineficiente do condutor";"Saída de leito carroçável";"Com Vítimas Feridas";"Pleno dia";"Decrescente";"Nublado";"Simples";"Reta;Aclive";"Não";3;0;2;0;0;2;2;3;-27,50285695;-50,36575969;"SPRF-SC";"DEL05-SC";"UOP03-DEL05-SC"
560155;2023-11-09;"quinta-feira";"18:40:00";"PR";277;718,5;"FOZ DO IGUACU";"Transitar na contramão";"Saída de leito carroçável";"Com Vítimas Feridas";"Anoitecer";"Crescente";"Céu Claro";"Dupla";"Reta";"Não";2;0;1;0;1;0;1;2;-25,48013487;-54,48530406;"SPRF-PR";"DEL05-PR";"UOP03-DEL05-PR"
560156;2023-08-09;"quarta-feira";"08:20:00";"SC";470;148;"RIO DO SUL";"Acessar a via sem observar a presença dos outros veículos";"Colisão transversal";"Com Vítimas Feridas";"Pleno dia";"Crescente";"Chuva";"Simples";"Reta";"Sim";2;0;1;0;1;0;1;2;-27,246288;-49,694355;"SPRF-SC";"DEL04-SC";"UOP02-DEL04-SC"
560160;2023-11-09;"quinta-feira";"19:20:00";"RS";470;217;"BENTO GONCALVES";"Acessar a via sem observar a presença dos outros veículos";"Colisão transversal";"Com Vítimas Feridas";"Plena Noite";"Crescente";"Céu Claro";"Simples";"Curva";"Não";2;0;1;0;1;0;1;2;-29,16462512;-51,52551964;"SPRF-RS";"DEL06-RS";"UOP01-DEL06-RS"
560164;2023-11-09;"quinta-feira";"17:10:00";"MS";262;492;"ANASTACIO";"Condutor deixou de manter distância do veículo da frente";"Saída de leito carroçável";"Com Vítimas Feridas";"Pleno dia";"Crescente";"Nublado";"Simples";"Reta";"Não";3;0;2;0;0;1;2;2;-20,50364514;-55,83407396;"SPRF-MS";"DEL03-MS";"UOP01-DEL03-MS"
560167;2023-11-09;"quinta-feira";"18:40:00";"BA";110;393;"SAO SEBASTIAO DO PASSE";"Entrada inopinada do pedestre";"Atropelamento de Pedestre";"Com Vítimas Feridas";"Plena Noite";"Decrescente";"Céu Claro";"Simples";"Reta";"Não";2;0;0;1;0;1;1;2;-12,50766107;-38,49626949;"SPRF-BA";"DEL01-BA";"UOP01-DEL01-BA"
560168;2023-11-09;"quinta-feira";"16:20:00";"BA";324;619;"SALVADOR";"Manobra de mudança de faixa";"Colisão lateral mesmo sentido";"Com Vítimas Feridas";"Pleno dia";"Crescente";"Céu Claro";"Simples";"Reta";"Sim";2;0;1;0;1;0;1;2;-12,90769614;-38,45752358;"SPRF-BA";"DEL01-BA";"UOP01-DEL01-BA"
560170;2023-11-09;"quinta-feira";"20:30:00";"SP";116;228;"SAO PAULO";"Ingestão de álcool pelo condutor";"Colisão traseira";"Com Vítimas Feridas";"Plena Noite";"Decrescente";"Nublado";"Múltipla";"Reta;Declive";"Sim";4;0;1;0;3;0;1;3;-23,50343484;-46,56638712;"SPRF-SP";"DEL01-SP";"UOP01-DEL01-SP"
560171;2023-11-09;"quinta-feira";"09:00:00";"BA";242;359;"LENCOIS";"Manobra de mudança de faixa";"Colisão lateral mesmo sentido";"Sem Vítimas";"Pleno dia";"Crescente";"Céu Claro";"Simples";"Curva";"Não";4;0;0;0;3;2;0;4;-12,46891769;-41,38258031;"SPRF-BA";"DEL08-BA";"UOP04-DEL08-BA"
560174;2023-11-09;"quinta-feira";"16:30:00";"MG";381;338;"BELA VISTA DE MINAS";"Demais falhas mecânicas ou elétricas";"Incêndio";"Sem Vítimas";"Pleno dia";"Crescente";"Céu Claro";"Simples";"Reta";"Não";1;0;0;0;1;0;0;1;-19,82924241;-43,0894489;"SPRF-MG";"DEL03-MG";"UOP01-DEL03-MG"
560178;2023-11-09;"quinta-feira";"18:13:00";"SC";101;106,6;"PENHA";"Suicídio (presumido)";"Atropelamento de Pedestre";"Com Vítimas Fatais";"Pleno dia";"Crescente";"Nublado";"Dupla";"Reta";"Não";4;1;0;0;1;2;0;3;-26,815207;-48,683376;"SPRF-SC";"DEL03-SC";"UOP02-DEL03-SC"
560181;2023-09-06;"quarta-feira";"13:30:00";"MG";153;80;"PRATA";"Ausência de reação do condutor";"Saída de leito carroçável";"Com Vítimas Feridas";"Pleno dia";"Crescente";"Sol";"Simples";"Reta;Aclive";"Não";2;0;1;0;0;1;1;2;-19,0652129;-49,007907;"SPRF-MG";"DEL15-MG";"UOP03-DEL15-MG"
560191;2023-11-09;"quinta-feira";"17:15:00";"SP";153;168;"GUAICARA";"Reação tardia ou ineficiente do condutor";"Colisão frontal";"Com Vítimas Feridas";"Pleno dia";"Crescente";"Nublado";"Simples";"Reta;Declive";"Não";3;0;1;0;1;2;1;4;-21,57925698;-49,7840404;"SPRF-SP";"DEL07-SP";"UOP01-DEL07-SP"
560192;2023-11-09;"quinta-feira";"21:10:00";"PE";232;29;"MORENO";"Reação tardia ou ineficiente do condutor";"Tombamento";"Com Vítimas Feridas";"Plena Noite";"Decrescente";"Céu Claro";"Múltipla";"Reta;Aclive";"Não";4;0;0;2;0;2;2;2;-8,111269;-35,143135;"SPRF-PE";"DEL01-PE";"UOP01-DEL01-PE"
560201;2023-11-10;"sexta-feira";"00:19:00";"PR";116;24;"CAMPINA GRANDE DO SUL";"Ausência de reação do condutor";"Colisão traseira";"Com Vítimas Feridas";"Plena Noite";"Decrescente";"Céu Claro";"Dupla";"Reta";"Não";3;0;1;0;1;1;1;3;-25,10885561;-48,76563896;"SPRF-PR";"DEL01-PR";"UOP02-DEL01-PR"
560204;2023-11-10;"sexta-feira";"01:20:00";"PR";153;2,3;"JACAREZINHO";"Condutor Dormindo";"Colisão com objeto";"Com Vítimas Feridas";"Plena Noite";"Decrescente";"Céu Claro";"Simples";"Reta";"Não";2;0;1;0;0;1;1;2;-23,01063981;-49,90871127;"SPRF-PR";"DEL07-PR";"UOP04-DEL07-PR"
560208;2023-11-09;"quinta-feira";"22:50:00";"MG";381;669,9;"PERDOES";"Demais falhas mecânicas ou elétricas";"Incêndio";"Sem Vítimas";"Plena Noite";"Decrescente";"Céu Claro";"Dupla";"Reta";"Não";1;0;0;0;1;0;0;1;-21,07596273;-45,05547819;"SPRF-MG";"DEL04-MG";"UOP02-DEL04-MG"