"id";"data_inversa";"dia_semana";"horario";"uf";"br";"km";"municipio";"causa_acidente";"tipo_acidente";"classificacao_acidente";"fase_dia";"sentido_via";"condicao_metereologica";"tipo_pista";"tracado_via";"uso_solo";"pessoas";"mortos";"feridos_leves";"feridos_graves";"ilesos";"ignorados";"feridos";"veiculos";"latitude";"longitude";"regional";"delegacia";"uop"
560214;2023-11-09;"quinta-feira";"22:53:00";"MG";267;7,5;"LEOPOLDINA";"Velocidade Incompatível";"Tombamento";"Sem Vítimas";"Plena Noite";"Decrescente";"Céu Claro";"Simples";"Interseção de Vias;Rotatória";"Não";1;0;0;0;1;0;0;1;-21,56565429;-42,67887208;"SPRF-MG";"DEL07-MG";"UOP01-DEL07-MG"
560217;2023-11-10;"sexta-feira";"03:50:00";"MS";163;415;"NOVA ALVORADA DO SUL";"Condutor Dormindo";"Saída de leito carroçável";"Com Vítimas Feridas";"Amanhecer";"Crescente";"Céu Claro";"Simples";"Reta";"Não";2;0;1;0;0;1;1;2;-21,03544691;-54,50287162;"SPRF-MS";"DEL02-MS";"UOP01-DEL02-MS"
560218;2023-11-10;"sexta-feira";"04:25:00";"SC";101;421,4;"ARARANGUA";"Ingestão de álcool pelo condutor";"Colisão lateral sentido oposto";"Com Vítimas Feridas";"Plena Noite";"Crescente";"Céu Claro";"Dupla";"Viaduto;Reta;Aclive";"Sim";2;0;1;0;0;1;1;2;-29,00048611;-49,5576719;"SPRF-SC";"DEL02-SC";"UOP02-DEL02-SC"
560220;2023-11-09;"quinta-feira";"23:50:00";"AL";316;246;"ATALAIA";"Ausência de sinalização";"Colisão traseira";"Com Vítimas Feridas";"Plena Noite";"Decrescente";"Céu Claro";"Simples";"Reta;Aclive";"Sim";5;0;0;2;2;2;2;4;-9,52315158;-35,99654317;"SPRF-AL";"DEL01-AL";"UOP01-DEL01-AL"
560223;2023-11-10;"sexta-feira";"05:38:00";"MG";356;265,8;"MURIAE";"Condutor Dormindo";"Colisão traseira";"Sem Vítimas";"Pleno dia";"Crescente";"Céu Claro";"Simples";"Curva";"Sim";7;0;0;0;4;3;0;4;-21,12838898;-42,366803;"SPRF-MG";"DEL07-MG";"UOP02-DEL07-MG"
560224;2023-11-09;"quinta-feira";"20:19:00";"RJ";101;238;"SILVA JARDIM";"Manobra de mudança de faixa";"Colisão lateral mesmo sentido";"Com Vítimas Feridas";"Plena Noite";"Crescente";"Céu Claro";"Dupla";"Reta";"Não";6;0;4;0;2;0;4;2;-22,62223092;-42,42241859;"SPRF-RJ";"DEL02-RJ";"UOP03-DEL02-RJ"
560231;2023-11-10;"sexta-feira";"06:30:00";"SP";116;363;"MIRACATU";"Velocidade Incompatível";"Tombamento";"Com Vítimas Feridas";"Amanhecer";"Crescente";"Nublado";"Dupla";"Curva";"Não";1;0;1;0;0;0;1;1;-24,1297569;-47,27168083;"SPRF-SP";"DEL04-SP";"UOP02-DEL04-SP"
560233;2023-11-09;"quinta-feira";"22:30:00";"PA";230;42;"SAO JOAO DO ARAGUAIA";"Manobra de mudança de faixa";"Colisão frontal";"Com Vítimas Fatais";"Plena Noite";"Decrescente";"Céu Claro";"Simples";"Reta";"Não";2;1;0;0;1;0;0;2;-5,58916012;-48,48958706;"SPRF-PA";"DEL03-PA";"UOP01-DEL03-PA"
560237;2023-11-10;"sexta-feira";"07:45:00";"MG";381;846;"POUSO ALEGRE";"Reação tardia ou ineficiente do condutor";"Colisão lateral mesmo sentido";"Com Vítimas Feridas";"Pleno dia";"Crescente";"Céu Claro";"Dupla";"Reta";"Não";2;0;1;0;1;0;1;2;-22,2442938;-45,88357198;"SPRF-MG";"DEL16-MG";"UOP01-DEL16-MG"
560255;2023-10-01;"domingo";"10:45:00";"SC";101;6,2;"GARUVA";"Demais falhas mecânicas ou elétricas";"Incêndio";"Sem Vítimas";"Pleno dia";"Crescente";"Nublado";"Dupla";"Reta";"Não";2;0;0;0;1;1;0;2;-26,02692002;-48,86142017;"SPRF-SC";"DEL03-SC";"UOP01-DEL03-SC"
560263;2023-11-10;"sexta-feira";"09:40:00";"PA";230;109;"MARABA";"Reação tardia ou ineficiente do condutor";"Colisão traseira";"Com Vítimas Feridas";"Pleno dia";"Decrescente";"Céu Claro";"Simples";"Reta";"Sim";4;0;2;0;1;1;2;3;-5,37536896;-49,02246799;"SPRF-PA";"DEL03-PA";"UOP01-DEL03-PA"
560264;2023-10-06;"sexta-feira";"09:35:00";"PR";376;468,5;"PONTA GROSSA";"Suicídio (presumido)";"Colisão traseira";"Com Vítimas Feridas";"Pleno dia";"Decrescente";"Céu Claro";"Dupla";"Reta";"Não";3;0;0;1;1;1;1;3;-25,03000594;-50,31025887;"SPRF-PR";"DEL03-PR";"UOP01-DEL03-PR"
560274;2023-11-10;"sexta-feira";"09:15:00";"GO";364;293;"MINEIROS";"Ausência de reação do condutor";"Saída de leito carroçável";"Com Vítimas Feridas";"Pleno dia";"Decrescente";"Céu Claro";"Simples";"Aclive";"Não";2;0;1;0;0;2;1;3;-17,587059;-52,493782;"SPRF-GO";"DEL05-GO";"UOP01-DEL05-GO"
560275;2023-10-21;"sábado";"02:40:00";"PR";376;531;"PALMEIRA";"Demais falhas mecânicas ou elétricas";"Incêndio";"Sem Vítimas";"Plena Noite";"Decrescente";"Céu Claro";"Dupla";"Reta;Aclive";"Não";2;0;0;0;1;1;0;2;-25,353997;-49,836048;"SPRF-PR";"DEL03-PR";"UOP03-DEL03-PR"
560276;2023-11-10;"sexta-feira";"07:50:00";"MG";364;33;"FRUTAL";"Reação tardia ou ineficiente do condutor";"Colisão transversal";"Com Vítimas Feridas";"Pleno dia";"Crescente";"Sol";"Simples";"Interseção de Vias";"Não";3;0;2;0;1;0;2;2;-19,99895284;-48,95232081;"SPRF-MG";"DEL13-MG";"UOP02-DEL13-MG"
560289;2023-11-10;"sexta-feira";"11:25:00";"MG";381;489;"BETIM";"Manobra de mudança de faixa";"Colisão lateral mesmo sentido";"Com Vítimas Feridas";"Pleno dia";"Decrescente";"Céu Claro";"Dupla";"Reta";"Não";4;0;1;0;2;1;1;3;-19,96245618;-44,16455495;"SPRF-MG";"DEL01-MG";"UOP03-DEL01-MG"
560294;2023-11-10;"sexta-feira";"05:40:00";"MG";153;20;"CENTRALINA";"Ausência de reação do condutor";"Tombamento";"Com Vítimas Feridas";"Amanhecer";"Decrescente";"Céu Claro";"Dupla";"Reta";"Não";2;0;1;0;0;1;1;2;-18,60354;-49,192039;"SPRF-MG";"DEL15-MG";"UOP03-DEL15-MG"
560302;2023-10-22;"domingo";"04:30:00";"PR";116;47;"CAMPINA GRANDE DO SUL";"Entrada inopinada do pedestre";"Atropelamento de Pedestre";"Com Vítimas Fatais";"Plena Noite";"Decrescente";"Céu Claro";"Dupla";"Reta";"Sim";2;1;0;0;0;1;0;2;-25,21959837;-48,90452385;"SPRF-PR";"DEL01-PR";"UOP02-DEL01-PR"
560303;2023-11-09;"quinta-feira";"05:00:00";"TO";153;475;"BARROLANDIA";"Demais falhas mecânicas ou elétricas";"Incêndio";"Sem Vítimas";"Amanhecer";"Decrescente";"Céu Claro";"Simples";"Aclive";"Não";2;0;0;0;1;3;0;4;-10,03008813;-48,7933629;"SPRF-TO";"DEL01-TO";"UOP01-DEL01-TO"
560306;2023-11-10;"sexta-feira";"13:50:00";"MG";40;198;"JOAO PINHEIRO";"Ultrapassagem Indevida";"Tombamento";"Com Vítimas Feridas";"Pleno dia";"Crescente";"Céu Claro";"Simples";"Curva;Declive";"Não";3;0;1;1;0;1;2;3;-18,00554485;-45,82960674;"SPRF-MG";"DEL14-MG";"UOP02-DEL14-MG"
560310;2023-11-10;"sexta-feira";"13:58:00";"SC";101;202;"SAO JOSE";"Manobra de mudança de faixa";"Colisão transversal";"Com Vítimas Feridas";"Pleno dia";"Decrescente";"Céu Claro";"Múltipla";"Reta";"Sim";3;0;1;0;1;1;1;2;-27,55711595;-48,61897889;"SPRF-SC";"DEL01-SC";"UOP01-DEL01-SC"
560312;2023-11-10;"sexta-feira";"03:30:00";"MA";316;245;"BOM JARDIM";"Ingestão de álcool pelo condutor";"Colisão frontal";"Com Vítimas Feridas";"Amanhecer";"Decrescente";"Céu Claro";"Simples";"Reta";"Não";2;0;2;0;0;0;2;2;-3,625085;-45,510513;"SPRF-MA";"DEL02-MA";"UOP01-DEL02-MA"
560317;2023-11-10;"sexta-feira";"14:30:00";"SE";101;105;"SAO CRISTOVAO";"Manobra de mudança de faixa";"Colisão lateral mesmo sentido";"Com Vítimas Feridas";"Pleno dia";"Crescente";"Céu Claro";"Dupla";"Declive";"Não";7;0;1;2;2;2;3;5;-10,958291;-37,243312;"SPRF-SE";"DEL02-SE";"UOP01-DEL02-SE"
560320;2023-11-10;"sexta-feira";"14:00:00";"SC";101;373;"ICARA";"Demais falhas mecânicas ou elétricas";"Incêndio";"Sem Vítimas";"Pleno dia";"Crescente";"Céu Claro";"Dupla";"Reta;Aclive";"Não";2;0;0;0;1;2;0;3;-28,7132671;-49,21763596;"SPRF-SC";"DEL02-SC";"UOP01-DEL02-SC"
560322;2023-11-10;"sexta-feira";"10:00:00";"BA";242;386;"PALMEIRAS";"Reação tardia ou ineficiente do condutor";"Derramamento de carga";"Sem Vítimas";"Pleno dia";"Decrescente";"Sol";"Simples";"Reta";"Não";2;0;0;0;1;2;0;3;-12,44497741;-41,57168204;"SPRF-BA";"DEL06-BA";"UOP01-DEL06-BA"
560323;2023-11-10;"sexta-feira";"12:40:00";"MG";116;764,9;"LEOPOLDINA";"Acessar a via sem observar a presença dos outros veículos";"Colisão transversal";"Com Vítimas Feridas";"Pleno dia";"Crescente";"Céu Claro";"Simples";"Curva;Interseção de Vias";"Sim";2;0;1;0;1;0;1;2;-21,52057504;-42,65117884;"SPRF-MG";"DEL07-MG";"UOP01-DEL07-MG"
560325;2023-11-10;"sexta-feira";"14:07:00";"BA";110;163,2;"RIBEIRA DO POMBAL";"Acessar a via sem observar a presença dos outros veículos";"Colisão transversal";"Com Vítimas Feridas";"Pleno dia";"Crescente";"Céu Claro";"Simples";"Reta";"Não";2;0;1;0;1;0;1;2;-10,749288;-38,505731;"SPRF-BA";"DEL07-BA";"UOP02-DEL07-BA"
560326;2023-11-02;"quinta-feira";"16:35:00";"SC";280;57,1;"GUARAMIRIM";"Problema com o freio";"Colisão frontal";"Com Vítimas Feridas";"Pleno dia";"Crescente";"Céu Claro";"Simples";"Reta";"Não";9;0;4;3;2;0;7;4;-26,47811421;-49,01259213;"SPRF-SC";"DEL03-SC";"UOP03-DEL03-SC"
560327;2023-11-10;"sexta-feira";"14:30:00";"RJ";116;287;"BARRA MANSA";"Ausência de reação do condutor";"Colisão traseira";"Com Vítimas Feridas";"Pleno dia";"Crescente";"Céu Claro";"Dupla";"Reta";"Não";2;0;0;1;1;0;1;2;-22,49295305;-44,24252706;"SPRF-RJ";"DEL07-RJ";"UOP02-DEL07-RJ"
560328;2023-11-10;"sexta-feira";"13:15:00";"AC";364;134;"RIO BRANCO";"Manobra de mudança de faixa";"Colisão lateral mesmo sentido";"Sem Vítimas";"Pleno dia";"Crescente";"Céu Claro";"Dupla";"Reta";"Sim";2;0;0;0;2;0;0;2;-9,993501;-67,84868;"SPRF-AC";"DEL01-AC";"UOP01-DEL01-AC"
560356;2023-11-10;"sexta-feira";"16:40:00";"PR";116;6;"CAMPINA GRANDE DO SUL";"Entrada inopinada do pedestre";"Atropelamento de Pedestre";"Com Vítimas Fatais";"Pleno dia";"Crescente";"Céu Claro";"Dupla";"Reta";"Sim";3;1;0;0;1;1;0;2;-25,3683;-49,1074;"SPRF-PR";"DEL01-PR";"UOP02-DEL01-PR"
560360;2023-10-17;"terça-feira";"07:30:00";"BA";101;910,9;"NOVA VICOSA";"Velocidade Incompatível";"Tombamento";"Com Vítimas Feridas";"Pleno dia";"Decrescente";"Céu Claro";"Simples";"Curva";"Não";2;0;1;0;0;1;1;2;-18,00411802;-39,86107176;"SPRF-BA";"DEL09-BA";"UOP02-DEL09-BA"
560361;2023-11-10;"sexta-feira";"15:05:00";"GO";50;306;"CUMARI";"Velocidade Incompatível";"Colisão lateral mesmo sentido";"Com Vítimas Feridas";"Pleno dia";"Crescente";"Céu Claro";"Dupla";"Curva;Em Obras;Declive";"Não";2;0;1;0;0;1;1;2;-18,3701;-48,0555;"SPRF-GO";"DEL06-GO";"UOP01-DEL06-GO"
560369;2023-11-10;"sexta-feira";"14:45:00";"SP";381;66,9;"MAIRIPORA";"Reação tardia ou ineficiente do condutor";"Colisão lateral mesmo sentido";"Sem Vítimas";"Pleno dia";"Decrescente";"Nublado";"Dupla";"Reta;Declive";"Não";6;0;0;0;5;3;0;8;-23,32451103;-46,58021504;"SPRF-SP";"DEL03-SP";"UOP01-DEL03-SP"
560374;2023-11-10;"sexta-feira";"17:45:00";"PR";153;452;"UNIAO DA VITORIA";"Reação tardia ou ineficiente do condutor";"Colisão traseira";"Com Vítimas Feridas";"Pleno dia";"Decrescente";"Nublado";"Simples";"Reta";"Não";3;0;1;0;1;1;1;3;-26,19918;-51,08914;"SPRF-PR";"DEL02-PR";"UOP03-DEL02-PR"
560375;2023-11-10;"sexta-feira";"14:50:00";"MS";163;844;"SONORA";"Reação tardia ou ineficiente do condutor";"Saída de leito carroçável";"Com Vítimas Feridas";"Pleno dia";"Crescente";"Céu Claro";"Simples";"Reta";"Não";2;0;1;0;0;3;1;4;-17,536986;-54,74086403;"SPRF-MS";"DEL06-MS";"UOP01-DEL06-MS"
560378;2023-11-10;"sexta-feira";"17:50:00";"SC";101;25,8;"JOINVILLE";"Condutor deixou de manter distância do veículo da frente";"Colisão traseira";"Com Vítimas Feridas";"Anoitecer";"Crescente";"Chuva";"Dupla";"Ponte";"Não";3;0;2;0;0;1;2;3;-26,1834739;-48,9105912;"SPRF-SC";"DEL03-SC";"UOP01-DEL03-SC"
560380;2023-11-10;"sexta-feira";"16:45:00";"MT";163;848;"SINOP";"Condutor deixou de manter distância do veículo da frente";"Colisão traseira";"Com Vítimas Feridas";"Pleno dia";"Decrescente";"Céu Claro";"Simples";"Reta";"Não";4;0;1;0;2;2;1;4;-11,87278895;-55,49810615;"SPRF-MT";"DEL06-MT";"UOP02-DEL06-MT"
560387;2023-11-10;"sexta-feira";"18:20:00";"PE";428;189,6;"PETROLINA";"Ausência de reação do condutor";"Colisão transversal";"Com Vítimas Feridas";"Plena Noite";"Crescente";"Céu Claro";"Múltipla";"Interseção de Vias";"Sim";4;0;3;0;1;0;3;2;-9,37197508;-40,48679585;"SPRF-PE";"DEL06-PE";"UOP01-DEL06-PE"
560388;2023-11-10;"sexta-feira";"18:30:00";"PR";277;1;"PARANAGUA";"Ausência de reação do condutor";"Eventos atípicos";"Com Vítimas Fatais";"Anoitecer";"Decrescente";"Nublado";"Simples";"Reta";"Sim";3;1;0;0;1;2;0;4;-25,523678;-48,547439;"SPRF-PR";"DEL01-PR";"UOP05-DEL01-PR"
560394;2023-11-10;"sexta-feira";"17:30:00";"RJ";116;176;"SAO JOAO DE MERITI";"Ausência de reação do condutor";"Colisão com objeto";"Sem Vítimas";"Pleno dia";"Decrescente";"Céu Claro";"Dupla";"Reta";"Sim";4;0;0;0;2;2;0;2;-22,7839538;-43,38195488;"SPRF-RJ";"DEL01-RJ";"UOP02-DEL01-RJ"
560396;2023-11-10;"sexta-feira";"16:15:00";"PR";376;524;"PONTA GROSSA";"Demais falhas mecânicas ou elétricas";"Saída de leito carroçável";"Sem Vítimas";"Pleno dia";"Decrescente";"Céu Claro";"Dupla";"Curva";"Não";2;0;0;0;1;1;0;2;-25,30994042;-49,88529732;"SPRF-PR";"DEL03-PR";"UOP04-DEL03-PR"
560404;2023-11-10;"sexta-feira";"19:18:00";"SC";470;173;"POUSO REDONDO";"Conversão proibida";"Colisão transversal";"Com Vítimas Feridas";"Plena Noite";"Crescente";"Céu Claro";"Simples";"Reta";"Sim";2;0;1;0;1;0;1;2;-27,25984;-49,919285;"SPRF-SC";"DEL04-SC";"UOP02-DEL04-SC"
560413;2023-11-10;"sexta-feira";"15:00:00";"MG";50;55;"UBERLANDIA";"Velocidade Incompatível";"Colisão com objeto";"Com Vítimas Feridas";"Pleno dia";"Decrescente";"Céu Claro";"Dupla";"Curva";"Não";1;0;0;1;0;0;1;1;-18,77290538;-48,24124319;"SPRF-MG";"DEL15-MG";"UOP02-DEL15-MG"
560423;2023-11-10;"sexta-feira";"21:00:00";"MS";163;293,9;"DOURADINA";"Reação tardia ou ineficiente do condutor";"Colisão traseira";"Com Vítimas Feridas";"Plena Noite";"Decrescente";"Céu Claro";"Simples";"Reta";"Não";4;0;1;0;2;1;1;3;-22,03123607;-54,54688847;"SPRF-MS";"DEL04-MS";"UOP01-DEL04-MS"
560424;2023-11-10;"sexta-feira";"22:00:00";"SP";116;223;"GUARULHOS";"Condutor deixou de manter distância do veículo da frente";"Colisão traseira";"Com Vítimas Feridas";"Plena Noite";"Decrescente";"Nublado";"Múltipla";"Reta";"Sim";3;0;0;1;2;0;1;2;-23,473783;-46,521669;"SPRF-SP";"DEL01-SP";"UOP01-DEL01-SP"
560434;2023-11-10;"sexta-feira";"19:00:00";"BA";101;358;"WENCESLAU GUIMARAES";"Ultrapassagem Indevida";"Colisão frontal";"Com Vítimas Fatais";"Plena Noite";"Crescente";"Céu Claro";"Simples";"Reta;Aclive";"Sim";2;1;0;0;1;0;0;2;-13,68656125;-39,48018551;"SPRF-BA";"DEL05-BA";"UOP03-DEL05-BA"
560446;2023-11-11;"sábado";"00:15:00";"PR";376;460,1;"TIBAGI";"Curva acentuada";"Tombamento";"Com Vítimas Feridas";"Plena Noite";"Crescente";"Céu Claro";"Dupla";"Declive;Ponte;Curva";"Não";2;0;1;0;0;1;1;2;-25,00668306;-50,35541903;"SPRF-PR";"DEL03-PR";"UOP01-DEL03-PR"
560455;2023-11-11;"sábado";"02:10:00";"RS";290;86;"PORTO ALEGRE";"Reação tardia ou ineficiente do condutor";"Saída de leito carroçável";"Com Vítimas Feridas";"Plena Noite";"Decrescente";"Garoa/Chuvisco";"Simples";"Curva";"Sim";3;0;1;0;2;0;1;1;-29,968412;-51,117138;"SPRF-RS";"DEL01-RS";"UOP01-DEL01-RS"
560456;2023-11-11;"sábado";"03:00:00";"PR";277;72;"SAO JOSE DOS PINHAIS";"Manobra de mudança de faixa";"Colisão traseira";"Sem Vítimas";"Plena Noite";"Decrescente";"Céu Claro";"Dupla";"Reta";"Não";2;0;0;0;2;0;0;2;-25,52522628;-49,09755612;"SPRF-PR";"DEL01-PR";"UOP07-DEL01-PR"
560459;2023-11-11;"sábado";"03:30:00";"MG";40;567;"NOVA LIMA";"Reação tardia ou ineficiente do condutor";"Tombamento";"Com Vítimas Feridas";"Plena Noite";"Crescente";"Céu Claro";"Simples";"Reta";"Não";1;0;1;0;0;0;1;1;-20,18749199;-43,96845002;"SPRF-MG";"DEL01-MG";"UOP02-DEL01-MG"
560462;2023-11-11;"sábado";"04:20:00";"MG";381;340;"BELA VISTA DE MINAS";"Demais falhas mecânicas ou elétricas";"Eventos atípicos";"Com Vítimas Feridas";"Amanhecer";"Decrescente";"Céu Claro";"Dupla";"Aclive;Reta";"Não";2;0;0;1;0;1;1;2;-19,84087497;-43,09635354;"SPRF-MG";"DEL03-MG";"UOP01-DEL03-MG"
560463;2023-11-11;"sábado";"03:30:00";"PR";369;39,5;"ANDIRA";"Ingestão de álcool pelo condutor";"Colisão lateral sentido oposto";"Com Vítimas Feridas";"Plena Noite";"Decrescente";"Céu Claro";"Simples";"Reta;Interseção de Vias";"Não";4;0;1;0;2;1;1;3;-23,05789439;-50,24779022;"SPRF-PR";"DEL07-PR";"UOP05-DEL07-PR"
560464;2023-11-11;"sábado";"04:00:00";"PR";116;97;"SAO JOSE DOS PINHAIS";"Transitar na contramão";"Colisão frontal";"Com Vítimas Feridas";"Plena Noite";"Crescente";"Céu Claro";"Dupla";"Reta";"Sim";3;0;0;1;1;1;1;3;-25,51232495;-49,12871007;"SPRF-PR";"DEL01-PR";"UOP07-DEL01-PR"
560465;2023-11-11;"sábado";"04:35:00";"AL";423;21,8;"CANAPI";"Demais falhas mecânicas ou elétricas";"Incêndio";"Sem Vítimas";"Amanhecer";"Crescente";"Céu Claro";"Simples";"Reta";"Não";2;0;0;0;1;2;0;3;-9,17955542;-37,47168319;"SPRF-AL";"DEL03-AL";"UOP02-DEL03-AL"
560472;2023-11-11;"sábado";"03:10:00";"RJ";40;94;"DUQUE DE CAXIAS";"Condutor Dormindo";"Saída de leito carroçável";"Com Vítimas Feridas";"Amanhecer";"Decrescente";"Céu Claro";"Dupla";"Curva;Aclive";"Não";3;0;1;0;2;0;1;1;-22,55763285;-43,26574352;"SPRF-RJ";"DEL01-RJ";"UOP01-DEL01-RJ"
560473;2023-11-11;"sábado";"05:50:00";"SP";116;189;"SANTA ISABEL";"Condutor Dormindo";"Saída de leito carroçável";"Com Vítimas Feridas";"Amanhecer";"Decrescente";"Céu Claro";"Dupla";"Reta;Declive";"Não";1;0;1;0;0;0;1;1;-23,36435234;-46,22488684;"SPRF-SP";"DEL01-SP";"UOP01-DEL01-SP"
560475;2023-11-11;"sábado";"00:45:00";"PE";423;175,8;"AGUAS BELAS";"Deficiência do Sistema de Iluminação/Sinalização";"Colisão traseira";"Com Vítimas Feridas";"Plena Noite";"Crescente";"Céu Claro";"Simples";"Reta";"Não";2;0;0;1;0;1;1;2;-9,12954837;-37,09645099;"SPRF-AL";"DEL03-AL";"UOP02-DEL03-AL"
560480;2023-11-11;"sábado";"06:02:00";"PR";277;728;"FOZ DO IGUACU";"Ausência de reação do condutor";"Colisão traseira";"Sem Vítimas";"Pleno dia";"Decrescente";"Céu Claro";"Dupla";"Reta";"Não";3;0;0;0;2;2;0;4;-25,5097634;-54,57387201;"SPRF-PR";"DEL05-PR";"UOP03-DEL05-PR"
560482;2023-11-10;"sexta-feira";"16:30:00";"MT";70;119;"GENERAL CARNEIRO";"Acostamento em desnível";"Tombamento";"Com Vítimas Feridas";"Pleno dia";"Decrescente";"Céu Claro";"Simples";"Reta";"Não";2;0;1;0;0;2;1;3;-15,60456566;-53,11711786;"SPRF-MT";"DEL07-MT";"UOP01-DEL07-MT"
560483;2023-11-11;"sábado";"04:20:00";"SC";116;188,1;"SAO CRISTOVAO DO SUL";"Transitar na contramão";"Colisão frontal";"Com Vítimas Fatais";"Amanhecer";"Crescente";"Nublado";"Simples";"Reta;Declive";"Não";4;1;0;1;1;1;1;3;-27,32965789;-50,42513021;"SPRF-SC";"DEL05-SC";"UOP03-DEL05-SC"
560487;2023-11-11;"sábado";"06:40:00";"PR";376;672,1;"GUARATUBA";"Velocidade Incompatível";"Colisão traseira";"Com Vítimas Feridas";"Pleno dia";"Crescente";"Céu Claro";"Dupla";"Reta;Declive";"Não";3;0;1;0;1;1;1;3;-25,89358488;-48,93146782;"SPRF-PR";"DEL01-PR";"UOP04-DEL01-PR"
560490;2023-11-11;"sábado";"06:40:00";"SC";163;93,2;"GUARACIABA";"Reação tardia ou ineficiente do condutor";"Colisão traseira";"Com Vítimas Feridas";"Pleno dia";"Crescente";"Céu Claro";"Simples";"Reta;Aclive";"Não";6;0;2;0;3;1;2;4;-26,54289607;-53,52035746;"SPRF-SC";"DEL07-SC";"UOP03-DEL07-SC"
560492;2023-11-11;"sábado";"06:00:00";"MG";381;323;"NOVA ERA";"Velocidade Incompatível";"Tombamento";"Com Vítimas Feridas";"Pleno dia";"Crescente";"Céu Claro";"Simples";"Aclive;Curva";"Não";4;0;2;0;1;1;2;2;-19,72382135;-43,0092467;"SPRF-MG";"DEL03-MG";"UOP02-DEL03-MG"
560498;2023-09-02;"sábado";"23:40:00";"PE";101;204;"PALMARES";"Ausência de sinalização";"Colisão traseira";"Sem Vítimas";"Plena Noite";"Decrescente";"Nevoeiro/Neblina";"Dupla";"Curva;Aclive";"Não";3;0;0;0;2;4;0;6;-8,80610905;-35,62758381;"SPRF-PE";"DEL01-PE";"UOP03-DEL01-PE"
560502;2023-11-11;"sábado";"07:10:00";"RN";304;12,5;"MOSSORO";"Manobra de mudança de faixa";"Tombamento";"Com Vítimas Feridas";"Pleno dia";"Crescente";"Céu Claro";"Simples";"Reta";"Não";3;0;2;0;0;1;2;2;-4,97189304;-37,38918206;"SPRF-RN";"DEL04-RN";"UOP02-DEL04-RN"
560506;2023-11-11;"sábado";"07:07:00";"PR";277;36,2;"MORRETES";"Reação tardia ou ineficiente do condutor";"Colisão lateral mesmo sentido";"Sem Vítimas";"Pleno dia";"Crescente";"Nublado";"Dupla";"Reta";"Não";3;0;0;0;2;2;0;4;-25,5585949;-48,80593311;"SPRF-PR";"DEL01-PR";"UOP05-DEL01-PR"
560512;2023-10-26;"quinta-feira";"11:30:00";"BA";116;736;"BOA NOVA";"Afundamento ou ondulação no pavimento";"Saída de leito carroçável";"Sem Vítimas";"Pleno dia";"Decrescente";"Céu Claro";"Simples";"Curva";"Não";2;0;0;0;1;2;0;3;-14,36072;-40,33953;"SPRF-BA";"DEL08-BA";"UOP02-DEL08-BA"
560519;2023-11-11;"sábado";"08:20:00";"PE";101;68,2;"RECIFE";"Trafegar com motocicleta (ou similar) entre as faixas";"Colisão lateral mesmo sentido";"Com Vítimas Feridas";"Pleno dia";"Decrescente";"Céu Claro";"Dupla";"Reta;Aclive";"Sim";2;0;1;0;1;0;1;2;-8,05074296;-34,94580619;"SPRF-PE";"DEL01-PE";"UOP01-DEL01-PE"
560527;2023-11-11;"sábado";"09:25:00";"PR";116;122;"CURITIBA";"Entrada inopinada do pedestre";"Atropelamento de Pedestre";"Com Vítimas Feridas";"Pleno dia";"Crescente";"Céu Claro";"Dupla";"Reta";"Sim";2;0;0;1;1;0;1;2;-25,56857207;-49,31023179;"SPRF-PR";"DEL01-PR";"UOP03-DEL01-PR"
560528;2023-08-31;"quinta-feira";"00:36:00";"BA";101;353;"WENCESLAU GUIMARAES";"Demais falhas mecânicas ou elétricas";"Incêndio";"Sem Vítimas";"Plena Noite";"Crescente";"Céu Claro";"Simples";"Reta";"Não";1;0;0;0;1;0;0;1;-13,66671276;-39,47997093;"SPRF-BA";"DEL05-BA";"UOP03-DEL05-BA"
560532;2023-11-11;"sábado";"08:20:00";"SC";282;210,6;"LAGES";"Demais falhas mecânicas ou elétricas";"Incêndio";"Sem Vítimas";"Pleno dia";"Crescente";"Céu Claro";"Simples";"Reta;Declive";"Não";1;0;0;0;1;0;0;1;-27,778582;-50,231815;"SPRF-SC";"DEL05-SC";"UOP01-DEL05-SC"
560534;2023-11-11;"sábado";"09:50:00";"MG";153;0,3;"ARAPORA";"Velocidade Incompatível";"Saída de leito carroçável";"Com Vítimas Feridas";"Pleno dia";"Decrescente";"Céu Claro";"Dupla";"Declive;Retorno Regulamentado";"Sim";2;0;2;0;0;0;2;1;-18,4209264;-49,19463158;"SPRF-MG";"DEL15-MG";"UOP03-DEL15-MG"
560539;2023-11-11;"sábado";"10:20:00";"SC";101;184,6;"BIGUACU";"Manobra de mudança de faixa";"Colisão lateral mesmo sentido";"Com Vítimas Feridas";"Pleno dia";"Decrescente";"Nublado";"Dupla";"Reta";"Sim";4;0;2;0;1;1;2;3;-27,41613807;-48,6266443;"SPRF-SC";"DEL01-SC";"UOP01-DEL01-SC"
560540;2023-11-11;"sábado";"09:00:00";"RJ";116;199;"QUEIMADOS";"Ausência de reação do condutor";"Colisão traseira";"Sem Vítimas";"Pleno dia";"Decrescente";"Céu Claro";"Dupla";"Reta";"Sim";3;0;0;0;2;1;0;3;-22,72898648;-43,58452101;"SPRF-RJ";"DEL01-RJ";"UOP03-DEL01-RJ"
560544;2023-11-11;"sábado";"08:40:00";"MG";381;349;"JOAO MONLEVADE";"Velocidade Incompatível";"Tombamento";"Com Vítimas Feridas";"Pleno dia";"Decrescente";"Sol";"Simples";"Declive;Curva";"Não";2;0;1;0;0;1;1;2;-19,8499239;-43,14868105;"SPRF-MG";"DEL03-MG";"UOP01-DEL03-MG"