"id";"data_inversa";"dia_semana";"horario";"uf";"br";"km";"municipio";"causa_acidente";"tipo_acidente";"classificacao_acidente";"fase_dia";"sentido_via";"condicao_metereologica";"tipo_pista";"tracado_via";"uso_solo";"pessoas";"mortos";"feridos_leves";"feridos_graves";"ilesos";"ignorados";"feridos";"veiculos";"latitude";"longitude";"regional";"delegacia";"uop"
561250;2023-11-14;"terça-feira";"09:35:00";"SP";116;415;"JUQUIA";"Ausência de reação do condutor";"Colisão traseira";"Com Vítimas Feridas";"Pleno dia";"Crescente";"Céu Claro";"Dupla";"Reta";"Não";7;0;4;0;3;0;4;3;-24,334489;-47,641203;"SPRF-SP";"DEL05-SP";"UOP01-DEL05-SP"
561251;2023-11-14;"terça-feira";"07:30:00";"MG";365;567;"INDIANOPOLIS";"Condutor deixou de manter distância do veículo da frente";"Colisão traseira";"Sem Vítimas";"Pleno dia";"Decrescente";"Céu Claro";"Simples";"Reta";"Não";2;0;0;0;2;0;0;2;-18,91639564;-47,84482105;"SPRF-MG";"DEL15-MG";"UOP02-DEL15-MG"
561253;2023-11-14;"terça-feira";"12:20:00";"PR";376;375;"IMBAU";"Avarias e/ou desgaste excessivo no pneu";"Colisão frontal";"Com Vítimas Feridas";"Pleno dia";"Crescente";"Chuva";"Simples";"Reta;Aclive";"Não";7;0;1;0;5;1;1;3;-24,36265694;-50,81009388;"SPRF-PR";"DEL07-PR";"UOP02-DEL07-PR"
561256;2023-10-19;"quinta-feira";"12:30:00";"RO";319;62;"PORTO VELHO";"Acessar a via sem observar a presença dos outros veículos";"Colisão transversal";"Com Vítimas Feridas";"Pleno dia";"Crescente";"Céu Claro";"Dupla";"Interseção de Vias";"Sim";3;0;0;1;2;0;1;2;-8,766685;-63,884052;"SPRF-RO";"DEL01-RO";"UOP01-DEL01-RO"
561258;2023-11-14;"terça-feira";"12:50:00";"RJ";116;182;"NOVA IGUACU";"Reação tardia ou ineficiente do condutor";"Colisão traseira";"Com Vítimas Feridas";"Pleno dia";"Crescente";"Céu Claro";"Dupla";"Reta";"Sim";6;0;2;0;4;0;2;5;-22,7567755;-43,43107234;"SPRF-RJ";"DEL01-RJ";"UOP02-DEL01-RJ"
561263;2023-11-14;"terça-feira";"11:40:00";"MG";40;603,8;"CONGONHAS";"Demais falhas mecânicas ou elétricas";"Tombamento";"Com Vítimas Feridas";"Pleno dia";"Crescente";"Sol";"Simples";"Curva;Declive";"Não";2;0;1;0;0;2;1;3;-20,453911;-43,839123;"SPRF-MG";"DEL05-MG";"UOP02-DEL05-MG"
561266;2023-11-14;"terça-feira";"14:35:00";"RJ";101;170;"MACAE";"Condutor Dormindo";"Colisão frontal";"Com Vítimas Fatais";"Pleno dia";"Crescente";"Céu Claro";"Simples";"Reta";"Não";6;3;0;1;1;1;1;3;-22,35596699;-41,93020001;"SPRF-RJ";"DEL08-RJ";"UOP04-DEL08-RJ"
561272;2023-11-14;"terça-feira";"11:40:00";"RJ";116;257;"PINHEIRAL";"Manobra de mudança de faixa";"Colisão traseira";"Com Vítimas Feridas";"Pleno dia";"Crescente";"Céu Claro";"Dupla";"Reta";"Não";3;0;1;0;2;0;1;2;-22,58631777;-44,01407302;"SPRF-RJ";"DEL07-RJ";"UOP02-DEL07-RJ"
561275;2023-11-14;"terça-feira";"14:30:00";"ES";101;265;"SERRA";"Condutor deixou de manter distância do veículo da frente";"Colisão traseira";"Com Vítimas Feridas";"Pleno dia";"Decrescente";"Sol";"Dupla";"Reta";"Sim";3;0;0;1;2;0;1;2;-20,1816849;-40,26536036;"SPRF-ES";"DEL02-ES";"UOP01-DEL02-ES"
561276;2023-11-14;"terça-feira";"09:30:00";"AL";424;93;"SATUBA";"Condutor deixou de manter distância do veículo da frente";"Engavetamento";"Com Vítimas Feridas";"Pleno dia";"Decrescente";"Céu Claro";"Simples";"Reta";"Não";4;0;2;0;2;0;2;3;-9,59677301;-35,87859208;"SPRF-AL";"DEL02-AL";"UOP01-DEL02-AL"
561280;2023-11-14;"terça-feira";"10:20:00";"RO";364;628;"ITAPUA DO OESTE";"Desvio temporário";"Saída de leito carroçável";"Sem Vítimas";"Pleno dia";"Crescente";"Céu Claro";"Simples";"Reta";"Não";2;0;0;0;1;3;0;4;-9,07727887;-63,35428005;"SPRF-RO";"DEL01-RO";"UOP04-DEL01-RO"
561283;2023-11-13;"segunda-feira";"09:40:00";"MA";316;244;"CAPINZAL DO NORTE";"Reação tardia ou ineficiente do condutor";"Colisão traseira";"Com Vítimas Fatais";"Plena Noite";"Crescente";"Céu Claro";"Simples";"Reta";"Não";8;2;1;2;2;1;3;2;-4,52705;-44,352268;"SPRF-MA";"DEL02-MA";"UOP01-DEL02-MA"
561286;2023-11-14;"terça-feira";"15:20:00";"PE";232;7,7;"JABOATAO DOS GUARARAPES";"Reação tardia ou ineficiente do condutor";"Colisão traseira";"Com Vítimas Fatais";"Pleno dia";"Decrescente";"Sol";"Dupla";"Curva";"Sim";3;1;0;0;1;1;0;3;-8,0753318;-34,967717;"SPRF-PE";"DEL01-PE";"UOP01-DEL01-PE"
561287;2023-11-14;"terça-feira";"15:50:00";"RS";290;75;"GRAVATAI";"Demais falhas mecânicas ou elétricas";"Colisão traseira";"Com Vítimas Feridas";"Pleno dia";"Decrescente";"Céu Claro";"Múltipla";"Reta";"Sim";3;0;1;0;1;1;1;3;-29,95521;-51,006855;"SPRF-RS";"DEL01-RS";"UOP01-DEL01-RS"
561292;2023-11-14;"terça-feira";"15:00:00";"PR";163;66;"PEROLA DOESTE";"Problema com o freio";"Colisão lateral mesmo sentido";"Com Vítimas Feridas";"Pleno dia";"Crescente";"Chuva";"Simples";"Curva";"Sim";2;0;1;0;1;0;1;2;-25,85545801;-53,74407503;"SPRF-PR";"DEL02-PR";"UOP02-DEL02-PR"
561295;2023-11-14;"terça-feira";"16:00:00";"ES";101;280,6;"SERRA";"Ausência de reação do condutor";"Tombamento";"Com Vítimas Feridas";"Pleno dia";"Crescente";"Céu Claro";"Dupla";"Reta";"Não";2;0;1;0;0;1;1;2;-20,21828666;-40,34895595;"SPRF-ES";"DEL02-ES";"UOP01-DEL02-ES"
561296;2023-11-14;"terça-feira";"15:50:00";"PR";153;330,2;"IRATI";"Reação tardia ou ineficiente do condutor";"Colisão traseira";"Com Vítimas Feridas";"Pleno dia";"Decrescente";"Nublado";"Simples";"Reta";"Sim";2;0;1;0;1;0;1;2;-25,46133333;-50,62262469;"SPRF-PR";"DEL08-PR";"UOP02-DEL08-PR"
561301;2023-11-14;"terça-feira";"16:40:00";"GO";50;147,2;"IPAMERI";"Ausência de reação do condutor";"Saída de leito carroçável";"Com Vítimas Feridas";"Anoitecer";"Decrescente";"Céu Claro";"Dupla";"Reta";"Não";1;0;1;0;0;0;1;1;-17,1482;-47,7229;"SPRF-GO";"DEL06-GO";"UOP01-DEL06-GO"
561310;2023-11-14;"terça-feira";"17:10:00";"PR";369;102;"URAI";"Objeto estático sobre o leito carroçável";"Colisão com objeto";"Sem Vítimas";"Pleno dia";"Crescente";"Nublado";"Dupla";"Reta";"Não";3;0;0;0;2;1;0;3;-23,24749162;-50,73806752;"SPRF-PR";"DEL07-PR";"UOP05-DEL07-PR"
561311;2023-10-12;"quinta-feira";"19:00:00";"MA";10;165;"CAMPESTRE DO MARANHAO";"Transitar na contramão";"Colisão frontal";"Com Vítimas Feridas";"Plena Noite";"Decrescente";"Céu Claro";"Simples";"Reta";"Não";3;0;2;0;1;0;2;3;-6,275366;-47,358383;"SPRF-MA";"DEL04-MA";"UOP02-DEL04-MA"
561312;2023-11-14;"terça-feira";"07:00:00";"SP";116;14;"QUELUZ";"Reação tardia ou ineficiente do condutor";"Tombamento";"Com Vítimas Feridas";"Pleno dia";"Decrescente";"Céu Claro";"Dupla";"Curva";"Não";3;0;1;0;0;2;1;3;-22,55635862;-44,81985452;"SPRF-SP";"DEL08-SP";"UOP02-DEL08-SP"
561313;2023-11-14;"terça-feira";"18:00:00";"SP";116;213;"GUARULHOS";"Reação tardia ou ineficiente do condutor";"Colisão traseira";"Com Vítimas Feridas";"Pleno dia";"Decrescente";"Céu Claro";"Múltipla";"Reta";"Sim";5;0;2;0;2;1;2;4;-23,43971486;-46,43667806;"SPRF-SP";"DEL01-SP";"UOP01-DEL01-SP"
561318;2023-11-14;"terça-feira";"15:03:00";"SP";116;442;"REGISTRO";"Problema com o freio";"Colisão com objeto";"Com Vítimas Feridas";"Pleno dia";"Crescente";"Chuva";"Dupla";"Reta";"Não";4;0;0;1;2;2;1;5;-24,47609886;-47,8273532;"SPRF-SP";"DEL05-SP";"UOP01-DEL05-SP"
561321;2023-11-14;"terça-feira";"17:38:00";"PB";230;13,9;"CABEDELO";"Manobra de mudança de faixa";"Colisão lateral mesmo sentido";"Com Vítimas Feridas";"Plena Noite";"Crescente";"Céu Claro";"Dupla";"Retorno Regulamentado";"Sim";3;0;1;0;1;2;1;4;-7,0772;-34,8494;"SPRF-PB";"DEL01-PB";"UOP01-DEL01-PB"
561323;2023-11-14;"terça-feira";"12:40:00";"AC";364;193,1;"BUJARI";"Reação tardia ou ineficiente do condutor";"Capotamento";"Com Vítimas Feridas";"Pleno dia";"Crescente";"Céu Claro";"Simples";"Reta;Declive";"Não";2;0;1;0;0;1;1;2;-9,63867624;-68,22109827;"SPRF-AC";"DEL01-AC";"UOP01-DEL01-AC"
561327;2023-11-14;"terça-feira";"17:40:00";"RS";101;42,6;"TERRA DE AREIA";"Acessar a via sem observar a presença dos outros veículos";"Colisão transversal";"Com Vítimas Feridas";"Pleno dia";"Decrescente";"Nublado";"Múltipla";"Reta";"Sim";5;0;2;0;3;0;2;2;-29,55912068;-50,04223293;"SPRF-RS";"DEL03-RS";"UOP02-DEL03-RS"
561328;2023-11-14;"terça-feira";"17:15:00";"MA";222;673,1;"ACAILANDIA";"Transitar no Acostamento";"Tombamento";"Com Vítimas Fatais";"Pleno dia";"Decrescente";"Céu Claro";"Simples";"Reta";"Sim";3;1;0;0;1;1;0;3;-4,92960481;-47,44590111;"SPRF-MA";"DEL04-MA";"UOP03-DEL04-MA"
561339;2023-11-14;"terça-feira";"18:30:00";"MA";10;251;"IMPERATRIZ";"Acessar a via sem observar a presença dos outros veículos";"Colisão traseira";"Com Vítimas Feridas";"Plena Noite";"Crescente";"Céu Claro";"Simples";"Reta";"Sim";2;0;0;1;1;0;1;2;-5,543249;-47,464447;"SPRF-MA";"DEL04-MA";"UOP01-DEL04-MA"
561340;2023-11-14;"terça-feira";"14:50:00";"RJ";495;26;"PETROPOLIS";"Transitar na contramão";"Colisão frontal";"Com Vítimas Feridas";"Pleno dia";"Decrescente";"Sol";"Simples";"Curva;Aclive";"Não";3;0;2;0;1;0;2;2;-22,401716;-43,103745;"SPRF-RJ";"DEL06-RJ";"UOP01-DEL06-RJ"
561342;2023-11-14;"terça-feira";"15:30:00";"RJ";495;24;"PETROPOLIS";"Problema com o freio";"Colisão lateral mesmo sentido";"Sem Vítimas";"Pleno dia";"Crescente";"Céu Claro";"Simples";"Reta";"Não";2;0;0;0;2;0;0;2;-22,409143;-43,094292;"SPRF-RJ";"DEL06-RJ";"UOP01-DEL06-RJ"
561346;2023-11-14;"terça-feira";"16:45:00";"SC";470;62,3;"INDAIAL";"Acessar a via sem observar a presença dos outros veículos";"Colisão transversal";"Com Vítimas Feridas";"Pleno dia";"Crescente";"Garoa/Chuvisco";"Simples";"Interseção de Vias;Reta";"Sim";4;0;2;0;2;0;2;3;-26,87443993;-49,18572664;"SPRF-SC";"DEL04-SC";"UOP01-DEL04-SC"
561350;2023-11-14;"terça-feira";"14:17:00";"CE";116;447,5;"BARRO";"Demais falhas mecânicas ou elétricas";"Incêndio";"Sem Vítimas";"Pleno dia";"Crescente";"Céu Claro";"Simples";"Curva";"Não";1;0;0;0;1;0;0;1;-7,088238;-38,78364003;"SPRF-CE";"DEL05-CE";"UOP03-DEL05-CE"
561353;2023-11-14;"terça-feira";"19:30:00";"PR";369;202;"APUCARANA";"Reação tardia ou ineficiente do condutor";"Colisão traseira";"Com Vítimas Feridas";"Plena Noite";"Decrescente";"Chuva";"Simples";"Reta";"Sim";3;0;1;0;2;0;1;2;-23,54399667;-51,45419955;"SPRF-PR";"DEL07-PR";"UOP03-DEL07-PR"
561365;2023-11-14;"terça-feira";"15:00:00";"BA";242;342;"LENCOIS";"Reação tardia ou ineficiente do condutor";"Saída de leito carroçável";"Com Vítimas Feridas";"Pleno dia";"Decrescente";"Sol";"Simples";"Reta";"Não";2;0;0;1;0;2;1;3;-12,51171318;-41,25064406;"SPRF-BA";"DEL06-BA";"UOP01-DEL06-BA"
561371;2023-11-14;"terça-feira";"20:50:00";"ES";101;303,8;"VIANA";"Acessar a via sem observar a presença dos outros veículos";"Colisão lateral mesmo sentido";"Com Vítimas Feridas";"Plena Noite";"Crescente";"Céu Claro";"Múltipla";"Reta";"Sim";2;0;1;0;1;0;1;2;-20,37695747;-40,44527144;"SPRF-ES";"DEL01-ES";"UOP01-DEL01-ES"
561381;2023-11-14;"terça-feira";"20:30:00";"MT";163;92,6;"RONDONOPOLIS";"Condutor deixou de manter distância do veículo da frente";"Colisão traseira";"Com Vítimas Feridas";"Plena Noite";"Crescente";"Céu Claro";"Dupla";"Reta;Aclive";"Não";3;0;1;0;1;6;1;8;-16,72418081;-54,64751666;"SPRF-MT";"DEL02-MT";"UOP03-DEL02-MT"
561386;2023-11-14;"terça-feira";"18:10:00";"GO";60;34,6;"GOIANIA";"Transitar no Acostamento";"Colisão lateral mesmo sentido";"Sem Vítimas";"Pleno dia";"Crescente";"Céu Claro";"Múltipla";"Reta;Rotatória";"Sim";4;0;0;0;2;3;0;5;-16,6777;-49,2676;"SPRF-GO";"DEL01-GO";"UOP02-DEL01-GO"
561390;2023-11-14;"terça-feira";"20:20:00";"SP";116;15,8;"LAVRINHAS";"Reação tardia ou ineficiente do condutor";"Colisão com objeto";"Com Vítimas Feridas";"Plena Noite";"Crescente";"Chuva";"Dupla";"Curva";"Não";2;0;1;0;0;1;1;2;-22,56007021;-44,82886594;"SPRF-SP";"DEL08-SP";"UOP02-DEL08-SP"
561393;2023-11-14;"terça-feira";"22:15:00";"SC";282;341,5;"CAMPOS NOVOS";"Pedestre cruzava a pista fora da faixa";"Atropelamento de Pedestre";"Com Vítimas Feridas";"Plena Noite";"Crescente";"Chuva";"Simples";"Aclive;Reta";"Sim";4;0;0;1;1;2;1;3;-27,389957;-51,213387;"SPRF-SC";"DEL07-SC";"UOP06-DEL07-SC"
561395;2023-11-14;"terça-feira";"23:30:00";"PE";101;21;"GOIANA";"Ausência de reação do condutor";"Colisão traseira";"Com Vítimas Feridas";"Plena Noite";"Crescente";"Céu Claro";"Dupla";"Reta";"Não";2;0;1;0;1;0;1;2;-7,667766;-34,93266;"SPRF-PE";"DEL01-PE";"UOP02-DEL01-PE"
561396;2023-11-14;"terça-feira";"22:50:00";"MG";381;938;"EXTREMA";"Acessar a via sem observar a presença dos outros veículos";"Colisão transversal";"Com Vítimas Feridas";"Plena Noite";"Decrescente";"Céu Claro";"Dupla";"Reta";"Não";3;0;1;0;1;1;1;3;-22,83909203;-46,32850893;"SPRF-MG";"DEL16-MG";"UOP03-DEL16-MG"
561398;2023-11-14;"terça-feira";"23:40:00";"PR";376;515,1;"PONTA GROSSA";"Condutor deixou de manter distância do veículo da frente";"Colisão traseira";"Com Vítimas Feridas";"Plena Noite";"Crescente";"Garoa/Chuvisco";"Dupla";"Reta";"Não";3;0;0;1;1;2;1;4;-25,26550955;-49,95449282;"SPRF-PR";"DEL03-PR";"UOP04-DEL03-PR"
561399;2023-11-15;"quarta-feira";"00:15:00";"SP";116;194;"SANTA ISABEL";"Condutor usando celular";"Colisão traseira";"Com Vítimas Fatais";"Plena Noite";"Decrescente";"Garoa/Chuvisco";"Dupla";"Reta;Declive";"Não";2;1;0;0;1;0;0;2;-23,38497189;-46,26686105;"SPRF-SP";"DEL01-SP";"UOP01-DEL01-SP"
561401;2023-11-15;"quarta-feira";"00:15:00";"MG";50;0,5;"ARAGUARI";"Reação tardia ou ineficiente do condutor";"Colisão com objeto";"Com Vítimas Feridas";"Plena Noite";"Crescente";"Céu Claro";"Dupla";"Curva";"Não";2;0;1;0;0;1;1;2;-18,42432;-48,068207;"SPRF-MG";"DEL15-MG";"UOP02-DEL15-MG"
561402;2023-11-15;"quarta-feira";"01:10:00";"SC";101;8,3;"GARUVA";"Demais falhas mecânicas ou elétricas";"Incêndio";"Com Vítimas Feridas";"Plena Noite";"Crescente";"Nublado";"Dupla";"Reta";"Não";2;0;1;0;0;2;1;3;-26,044942;-48,859703;"SPRF-SC";"DEL03-SC";"UOP01-DEL03-SC"
561404;2023-11-15;"quarta-feira";"01:40:00";"SP";116;193;"SANTA ISABEL";"Reação tardia ou ineficiente do condutor";"Colisão traseira";"Com Vítimas Feridas";"Plena Noite";"Crescente";"Garoa/Chuvisco";"Múltipla";"Reta";"Não";2;0;1;0;0;1;1;2;-23,380407;-46,258509;"SPRF-SP";"DEL01-SP";"UOP01-DEL01-SP"
561408;2023-11-15;"quarta-feira";"00:45:00";"BA";110;183,8;"RIBEIRA DO POMBAL";"Reação tardia ou ineficiente do condutor";"Colisão traseira";"Com Vítimas Fatais";"Plena Noite";"Crescente";"Céu Claro";"Simples";"Reta";"Não";4;1;2;0;1;0;2;2;-10,9299;-38,518802;"SPRF-BA";"DEL07-BA";"UOP02-DEL07-BA"
561409;2023-11-15;"quarta-feira";"04:02:00";"RJ";101;180;"MACAE";"Condutor Dormindo";"Colisão transversal";"Com Vítimas Feridas";"Plena Noite";"Crescente";"Céu Claro";"Simples";"Curva";"Não";3;0;1;1;0;2;2;4;-22,40868134;-41,99838761;"SPRF-RJ";"DEL08-RJ";"UOP04-DEL08-RJ"
561410;2023-11-15;"quarta-feira";"04:00:00";"MA";10;241;"DAVINOPOLIS";"Manobra de mudança de faixa";"Colisão frontal";"Com Vítimas Fatais";"Plena Noite";"Crescente";"Céu Claro";"Simples";"Reta";"Não";3;1;0;0;1;1;0;3;-5,618424;-47,413895;"SPRF-MA";"DEL04-MA";"UOP01-DEL04-MA"
561412;2023-11-15;"quarta-feira";"03:30:00";"GO";153;593;"PIRACANJUBA";"Demais falhas mecânicas ou elétricas";"Incêndio";"Sem Vítimas";"Amanhecer";"Decrescente";"Céu Claro";"Dupla";"Reta";"Não";2;0;0;0;1;1;0;2;-17,4915;-49,2125;"SPRF-GO";"DEL03-GO";"UOP01-DEL03-GO"
561414;2023-11-15;"quarta-feira";"04:35:00";"RJ";101;309;"SAO GONCALO";"Demais falhas mecânicas ou elétricas";"Colisão com objeto";"Com Vítimas Fatais";"Amanhecer";"Crescente";"Céu Claro";"Dupla";"Reta";"Sim";3;1;1;0;1;0;1;2;-22,79498873;-43,03446105;"SPRF-RJ";"DEL02-RJ";"UOP02-DEL02-RJ"
561415;2023-11-15;"quarta-feira";"06:00:00";"MG";40;533;"BELO HORIZONTE";"Condutor deixou de manter distância do veículo da frente";"Colisão lateral mesmo sentido";"Sem Vítimas";"Pleno dia";"Crescente";"Céu Claro";"Dupla";"Reta;Aclive";"Sim";3;0;0;0;1;2;0;3;-19,926032;-44,009419;"SPRF-MG";"DEL01-MG";"UOP02-DEL01-MG"
561416;2023-11-15;"quarta-feira";"05:30:00";"PR";373;217;"IMBITUVA";"Ausência de reação do condutor";"Saída de leito carroçável";"Com Vítimas Feridas";"Amanhecer";"Decrescente";"Céu Claro";"Simples";"Curva";"Não";2;0;1;0;0;1;1;2;-25,15942947;-50,55152074;"SPRF-PR";"DEL03-PR";"UOP01-DEL03-PR"
561419;2023-11-15;"quarta-feira";"05:30:00";"RJ";101;86;"CAMPOS DOS GOYTACAZES";"Reação tardia ou ineficiente do condutor";"Tombamento";"Sem Vítimas";"Amanhecer";"Decrescente";"Céu Claro";"Dupla";"Curva";"Não";2;0;0;0;1;1;0;2;-21,82667291;-41,48736902;"SPRF-RJ";"DEL08-RJ";"UOP02-DEL08-RJ"
561422;2023-11-15;"quarta-feira";"06:00:00";"PE";232;86,4;"GRAVATA";"Manobra de mudança de faixa";"Colisão lateral mesmo sentido";"Com Vítimas Feridas";"Pleno dia";"Decrescente";"Céu Claro";"Dupla";"Reta";"Não";3;0;2;0;0;1;2;2;-8,213563;-35,623761;"SPRF-PE";"DEL02-PE";"UOP02-DEL02PE"
561423;2023-11-15;"quarta-feira";"04:40:00";"BA";242;651;"MUQUEM DE SAO FRANCISCO";"Reação tardia ou ineficiente do condutor";"Tombamento";"Com Vítimas Feridas";"Amanhecer";"Decrescente";"Ignorado";"Simples";"Reta";"Não";2;0;1;0;0;2;1;3;-12,20570639;-43,77416611;"SPRF-BA";"DEL10-BA";"UOP02-DEL10-BA"
561427;2023-11-14;"terça-feira";"16:00:00";"PA";163;898;"BELTERRA";"Ausência de reação do condutor";"Tombamento";"Com Vítimas Feridas";"Pleno dia";"Decrescente";"Céu Claro";"Simples";"Reta";"Não";2;0;1;0;0;1;1;2;-3,2570943;-54,93513107;"SPRF-PA";"DEL05-PA";"UOP01-DEL05-PA"
561430;2023-11-15;"quarta-feira";"08:10:00";"MG";381;453;"SABARA";"Ultrapassagem Indevida";"Colisão frontal";"Com Vítimas Feridas";"Pleno dia";"Decrescente";"Céu Claro";"Simples";"Reta";"Sim";5;0;1;1;0;3;2;4;-19,85197588;-43,88851019;"SPRF-MG";"DEL01-MG";"UOP01-DEL01-MG"
561433;2023-11-15;"quarta-feira";"08:25:00";"BA";116;676;"JEQUIE";"Demais falhas mecânicas ou elétricas";"Saída de leito carroçável";"Com Vítimas Feridas";"Pleno dia";"Crescente";"Céu Claro";"Simples";"Curva";"Não";2;0;1;0;0;1;1;2;-13,83349688;-40,1065688;"SPRF-BA";"DEL03-BA";"UOP01-DEL03-BA"
561437;2023-11-13;"segunda-feira";"16:50:00";"PR";277;162;"PALMEIRA";"Ausência de reação do condutor";"Saída de leito carroçável";"Sem Vítimas";"Pleno dia";"Decrescente";"Chuva";"Simples";"Declive;Curva";"Não";1;0;0;0;1;0;0;1;-25,47289;-49,895964;"SPRF-PR";"DEL03-PR";"UOP03-DEL03-PR"
561441;2023-09-29;"sexta-feira";"05:20:00";"SP";116;413;"JUQUIA";"Reação tardia ou ineficiente do condutor";"Colisão traseira";"Com Vítimas Feridas";"Amanhecer";"Crescente";"Céu Claro";"Dupla";"Reta";"Não";2;0;1;0;1;0;1;2;-24,33005991;-47,62299901;"SPRF-SP";"DEL05-SP";"UOP01-DEL05-SP"
561444;2023-11-15;"quarta-feira";"09:40:00";"RJ";356;75;"ITALVA";"Conversão proibida";"Colisão transversal";"Com Vítimas Feridas";"Pleno dia";"Decrescente";"Céu Claro";"Simples";"Curva";"Não";3;0;1;0;1;3;1;5;-21,42140416;-41,69075621;"SPRF-RJ";"DEL08-RJ";"UOP03-DEL08-RJ"
561446;2023-11-15;"quarta-feira";"07:00:00";"RO";435;73;"COLORADO DO OESTE";"Curva acentuada";"Saída de leito carroçável";"Com Vítimas Feridas";"Pleno dia";"Decrescente";"Céu Claro";"Simples";"Declive;Curva";"Não";2;0;1;0;0;2;1;3;-13,1038111;-60,4273343;"SPRF-RO";"DEL04-RO";"UOP02-DEL04-RO"
561448;2023-11-15;"quarta-feira";"05:56:00";"RN";406;27,7;"MACAU";"Reação tardia ou ineficiente do condutor";"Colisão com objeto";"Com Vítimas Feridas";"Pleno dia";"Decrescente";"Céu Claro";"Simples";"Declive";"Não";2;0;1;0;0;1;1;2;-5,22986471;-36,41885287;"SPRF-RN";"DEL02-RN";"UOP01-DEL02-RN"
561449;2023-09-04;"segunda-feira";"12:10:00";"RJ";465;8;"SEROPEDICA";"Fumaça";"Colisão traseira";"Com Vítimas Feridas";"Pleno dia";"Decrescente";"Céu Claro";"Dupla";"Reta";"Não";3;0;1;0;2;0;1;2;-22,767147;-43,678768;"SPRF-RJ";"DEL01-RJ";"UOP03-DEL01-RJ"
561462;2023-11-15;"quarta-feira";"11:00:00";"GO";70;0;"AGUAS LINDAS DE GOIAS";"Ausência de reação do condutor";"Tombamento";"Sem Vítimas";"Pleno dia";"Crescente";"Céu Claro";"Simples";"Curva;Aclive";"Não";2;0;0;0;1;2;0;3;-15,783543;-48,2326;"SPRF-DF";"DEL03-DF";"UOP02-DEL03-DF"
561463;2023-11-15;"quarta-feira";"03:00:00";"PI";135;466;"MONTE ALEGRE DO PIAUI";"Ausência de reação do condutor";"Tombamento";"Com Vítimas Feridas";"Pleno dia";"Decrescente";"Céu Claro";"Simples";"Curva";"Não";4;0;3;0;0;3;3;4;-9,59053998;-45,03613904;"SPRF-PI";"DEL03-PI";"UOP02-DEL03-PI"
561464;2023-11-15;"quarta-feira";"11:50:00";"ES";262;80;"DOMINGOS MARTINS";"Velocidade Incompatível";"Tombamento";"Com Vítimas Feridas";"Pleno dia";"Decrescente";"Céu Claro";"Simples";"Curva;Declive";"Não";2;0;0;1;0;1;1;2;-20,40924049;-40,94035394;"SPRF-ES";"DEL01-ES";"UOP02-DEL01-ES"
561466;2023-11-15;"quarta-feira";"10:10:00";"TO";153;229;"COLINAS DO TOCANTINS";"Transitar na contramão";"Colisão frontal";"Com Vítimas Fatais";"Pleno dia";"Crescente";"Céu Claro";"Simples";"Aclive;Reta";"Não";3;1;1;0;0;1;1;3;-7,89758692;-48,46020323;"SPRF-TO";"DEL02-TO";"UOP01-DEL02-TO"
561467;2023-11-15;"quarta-feira";"09:25:00";"SP";153;191;"GETULINA";"Reação tardia ou ineficiente do condutor";"Colisão lateral mesmo sentido";"Com Vítimas Feridas";"Pleno dia";"Crescente";"Céu Claro";"Simples";"Declive;Reta";"Não";5;0;2;0;3;0;2;3;-21,7498596;-49,86578427;"SPRF-SP";"DEL07-SP";"UOP01-DEL07-SP"
561470;2023-11-15;"quarta-feira";"11:20:00";"MS";60;368,3;"CAMPO GRANDE";"Acessar a via sem observar a presença dos outros veículos";"Colisão transversal";"Com Vítimas Fatais";"Pleno dia";"Crescente";"Céu Claro";"Simples";"Reta";"Não";3;1;0;0;2;0;0;2;-20,55262671;-54,66947898;"SPRF-MS";"DEL01-MS";"UOP04-DEL01-MS"
561477;2023-11-15;"quarta-feira";"09:15:00";"CE";116;366,6;"ICO";"Mal súbito do condutor";"Capotamento";"Com Vítimas Feridas";"Pleno dia";"Decrescente";"Sol";"Simples";"Reta";"Não";2;0;1;0;0;1;1;2;-6,360947;-38,77736;"SPRF-CE";"DEL05-CE";"UOP01-DEL05-CE"
561480;2023-11-15;"quarta-feira";"13:40:00";"CE";116;162,8;"RUSSAS";"Demais falhas mecânicas ou elétricas";"Capotamento";"Com Vítimas Feridas";"Pleno dia";"Crescente";"Sol";"Simples";"Curva";"Sim";1;0;1;0;0;0;1;1;-4,938666;-37,989956;"SPRF-CE";"DEL03-CE";"UOP01-DEL03-CE"
561482;2023-11-15;"quarta-feira";"08:45:00";"MG";116;487;"INHAPIM";"Curva acentuada";"Tombamento";"Com Vítimas Feridas";"Pleno dia";"Decrescente";"Céu Claro";"Simples";"Curva";"Não";2;0;1;0;0;1;1;2;-19,45138982;-42,12752114;"SPRF-MG";"DEL06-MG";"UOP02-DEL06-MG"
561485;2023-10-26;"quinta-feira";"16:30:00";"SP";381;65;"MAIRIPORA";"Ausência de reação do condutor";"Colisão traseira";"Com Vítimas Feridas";"Pleno dia";"Crescente";"Céu Claro";"Dupla";"Reta";"Sim";3;0;1;0;2;0;1;2;-23,316547;-46,58251;"SPRF-SP";"DEL03-SP";"UOP01-DEL03-SP"
561489;2023-11-15;"quarta-feira";"14:35:00";"CE";222;30;"CAUCAIA";"Ingestão de álcool pelo condutor";"Colisão lateral mesmo sentido";"Sem Vítimas";"Pleno dia";"Crescente";"Céu Claro";"Dupla";"Interseção de Vias";"Sim";2;0;0;0;2;0;0;2;-3,71129591;-38,8243103;"SPRF-CE";"DEL01-CE";"UOP01-DEL01-CE"