"id";"data_inversa";"dia_semana";"horario";"uf";"br";"km";"municipio";"causa_acidente";"tipo_acidente";"classificacao_acidente";"fase_dia";"sentido_via";"condicao_metereologica";"tipo_pista";"tracado_via";"uso_solo";"pessoas";"mortos";"feridos_leves";"feridos_graves";"ilesos";"ignorados";"feridos";"veiculos";"latitude";"longitude";"regional";"delegacia";"uop"
561490;2023-11-15;"quarta-feira";"15:00:00";"MG";251;400,8;"GRAO MOGOL";"Ausência de sinalização";"Colisão traseira";"Com Vítimas Feridas";"Pleno dia";"Decrescente";"Céu Claro";"Simples";"Aclive;Reta";"Não";3;0;1;0;1;2;1;4;-16,23680778;-42,91751713;"SPRF-MG";"DEL12-MG";"UOP01-DEL12-MG"
561491;2023-11-15;"quarta-feira";"15:50:00";"SE";235;46,5;"ITABAIANA";"Ultrapassagem Indevida";"Colisão frontal";"Com Vítimas Fatais";"Pleno dia";"Decrescente";"Céu Claro";"Simples";"Reta;Ponte";"Não";3;1;1;0;0;1;1;3;-10,731889;-37,411335;"SPRF-SE";"DEL01-SE";"UOP02-DEL01-SE"
561498;2023-11-15;"quarta-feira";"14:50:00";"MT";70;499;"CUIABA";"Afundamento ou ondulação no pavimento";"Colisão lateral sentido oposto";"Com Vítimas Feridas";"Pleno dia";"Crescente";"Céu Claro";"Simples";"Reta";"Não";3;0;2;0;0;4;2;6;-15,68569395;-55,91512398;"SPRF-MT";"DEL01-MT";"UOP02-DEL01-MT"
561500;2023-11-15;"quarta-feira";"15:30:00";"PR";376;232,5;"APUCARANA";"Ausência de reação do condutor";"Colisão lateral mesmo sentido";"Sem Vítimas";"Pleno dia";"Decrescente";"Céu Claro";"Simples";"Curva";"Não";3;0;0;0;2;3;0;5;-23,57126885;-51,50557362;"SPRF-PR";"DEL07-PR";"UOP03-DEL07-PR"
561515;2023-11-14;"terça-feira";"13:00:00";"MA";135;428;"COLINAS";"Demais falhas mecânicas ou elétricas";"Colisão frontal";"Com Vítimas Fatais";"Pleno dia";"Decrescente";"Sol";"Simples";"Reta";"Não";3;1;0;0;1;5;0;7;-5,99700622;-44,25493153;"SPRF-MA";"DEL06-MA";"UOP01-DEL06-MA"
561517;2023-11-15;"quarta-feira";"18:20:00";"SP";381;32;"ATIBAIA";"Pedestre andava na pista";"Colisão traseira";"Sem Vítimas";"Anoitecer";"Decrescente";"Céu Claro";"Múltipla";"Reta";"Sim";2;0;0;0;1;1;0;2;-23,06461405;-46,57048121;"SPRF-SP";"DEL03-SP";"UOP02-DEL03-SP"
561523;2023-11-15;"quarta-feira";"16:25:00";"MT";163;700;"SORRISO";"Ingestão de álcool pelo condutor";"Colisão traseira";"Com Vítimas Feridas";"Pleno dia";"Decrescente";"Céu Claro";"Simples";"Reta;Em Obras";"Não";4;0;1;0;2;3;1;5;-12,98602;-55,881244;"SPRF-MT";"DEL06-MT";"UOP01-DEL06-MT"
561525;2023-11-15;"quarta-feira";"14:45:00";"PB";412;84;"SERRA BRANCA";"Ingestão de álcool pelo condutor";"Colisão lateral sentido oposto";"Com Vítimas Feridas";"Pleno dia";"Decrescente";"Céu Claro";"Simples";"Reta";"Não";3;0;0;1;1;3;1;5;-7,532014;-36,722336;"SPRF-PB";"DEL02-PB";"UOP02-DEL02-PB"
561527;2023-11-15;"quarta-feira";"15:50:00";"MT";163;541;"DIAMANTINO";"Acostamento em desnível";"Saída de leito carroçável";"Com Vítimas Feridas";"Pleno dia";"Crescente";"Céu Claro";"Simples";"Reta;Declive";"Não";2;0;1;0;0;2;1;3;-14,37723896;-56,12799796;"SPRF-MT";"DEL01-MT";"UOP01-DEL01-MT"
561529;2023-11-15;"quarta-feira";"16:30:00";"PR";376;310;"ORTIGUEIRA";"Velocidade Incompatível";"Tombamento";"Com Vítimas Feridas";"Pleno dia";"Crescente";"Céu Claro";"Dupla";"Curva";"Não";3;0;2;0;0;1;2;2;-23,96;-51,114;"SPRF-PR";"DEL07-PR";"UOP02-DEL07-PR"
561533;2023-11-15;"quarta-feira";"18:20:00";"MA";10;263;"IMPERATRIZ";"Acumulo de areia ou detritos sobre o pavimento";"Tombamento";"Com Vítimas Fatais";"Plena Noite";"Crescente";"Céu Claro";"Simples";"Reta;Em Obras";"Não";2;1;0;0;0;1;0;2;-5,436281;-47,472649;"SPRF-MA";"DEL04-MA";"UOP01-DEL04-MA"
561543;2023-11-15;"quarta-feira";"17:20:00";"MG";116;326;"CAMPANARIO";"Condutor Dormindo";"Colisão lateral sentido oposto";"Com Vítimas Feridas";"Anoitecer";"Crescente";"Céu Claro";"Simples";"Reta";"Não";3;0;1;0;1;1;1;3;-18,20628001;-41,7181012;"SPRF-MG";"DEL11-MG";"UOP01-DEL11-MG"
561553;2023-11-15;"quarta-feira";"14:10:00";"MG";381;240,6;"SANTANA DO PARAISO";"Condutor usando celular";"Colisão frontal";"Com Vítimas Fatais";"Pleno dia";"Decrescente";"Céu Claro";"Simples";"Curva";"Não";3;2;0;0;1;0;0;2;-19,384322;-42,47117043;"SPRF-MG";"DEL06-MG";"UOP01-DEL06-MG"
561557;2023-11-15;"quarta-feira";"20:20:00";"PR";376;506,5;"PONTA GROSSA";"Ausência de reação do condutor";"Colisão traseira";"Com Vítimas Feridas";"Pleno dia";"Decrescente";"Céu Claro";"Dupla";"Reta;Aclive";"Não";5;0;2;0;2;1;2;3;-25,241402;-50,029533;"SPRF-PR";"DEL03-PR";"UOP04-DEL03-PR"
561560;2023-11-15;"quarta-feira";"19:10:00";"MT";364;5;"ALTO ARAGUAIA";"Transitar na contramão";"Colisão frontal";"Com Vítimas Feridas";"Plena Noite";"Crescente";"Céu Claro";"Simples";"Reta";"Não";3;0;1;0;1;2;1;4;-17,28940522;-53,24444019;"SPRF-MT";"DEL02-MT";"UOP02-DEL02-MT"
561567;2023-11-15;"quarta-feira";"22:20:00";"RS";392;195,2;"SANTANA DA BOA VISTA";"Reação tardia ou ineficiente do condutor";"Saída de leito carroçável";"Com Vítimas Feridas";"Plena Noite";"Decrescente";"Céu Claro";"Múltipla";"Reta";"Não";2;0;0;1;0;1;1;2;-30,90477085;-53,11081473;"SPRF-RS";"DEL09-RS";"UOP02-DEL09-RS"
561575;2023-11-15;"quarta-feira";"20:40:00";"PR";153;146,4;"VENTANIA";"Demais falhas mecânicas ou elétricas";"Saída de leito carroçável";"Com Vítimas Feridas";"Plena Noite";"Decrescente";"Céu Claro";"Simples";"Curva;Ponte";"Não";3;0;1;1;0;1;2;2;-24,12557916;-50,23718319;"SPRF-PR";"DEL07-PR";"UOP04-DEL07-PR"
561581;2023-11-16;"quinta-feira";"06:00:00";"PE";101;45,9;"IGARASSU";"Reação tardia ou ineficiente do condutor";"Colisão com objeto";"Sem Vítimas";"Pleno dia";"Crescente";"Céu Claro";"Múltipla";"Reta";"Sim";3;0;0;0;1;2;0;3;-7,876613;-34,905869;"SPRF-PE";"DEL01-PE";"UOP02-DEL01-PE"
561583;2023-11-16;"quinta-feira";"06:10:00";"GO";40;6;"VALPARAISO DE GOIAS";"Ausência de reação do condutor";"Colisão lateral sentido oposto";"Com Vítimas Feridas";"Pleno dia";"Decrescente";"Céu Claro";"Dupla";"Reta";"Sim";2;0;1;0;1;0;1;2;-16,100814;-47,977351;"SPRF-DF";"DEL01-DF";"UOP01-DEL01-DF"
561585;2023-11-08;"quarta-feira";"00:20:00";"MG";50;138,4;"UBERABA";"Ausência de reação do condutor";"Colisão traseira";"Com Vítimas Feridas";"Plena Noite";"Crescente";"Céu Claro";"Dupla";"Aclive";"Não";63;0;44;17;1;1;61;3;-19,45923317;-48,05872556;"SPRF-MG";"DEL13-MG";"UOP01-DEL13-MG"
561586;2023-11-16;"quinta-feira";"06:00:00";"SC";470;79,5;"RODEIO";"Condutor Dormindo";"Saída de leito carroçável";"Com Vítimas Feridas";"Amanhecer";"Crescente";"Céu Claro";"Simples";"Reta";"Não";2;0;0;1;1;0;1;1;-26,951565;-49,306534;"SPRF-SC";"DEL04-SC";"UOP01-DEL04-SC"
561592;2023-11-16;"quinta-feira";"06:59:00";"RJ";393;252;"BARRA DO PIRAI";"Participar de racha";"Colisão traseira";"Com Vítimas Feridas";"Pleno dia";"Decrescente";"Céu Claro";"Simples";"Declive;Reta";"Não";2;0;1;0;1;0;1;2;-22,43422023;-43,77561487;"SPRF-RJ";"DEL05-RJ";"UOP04-DEL05-RJ"
561603;2023-11-16;"quinta-feira";"08:30:00";"SP";381;39;"ATIBAIA";"Demais falhas mecânicas ou elétricas";"Tombamento";"Com Vítimas Feridas";"Pleno dia";"Crescente";"Céu Claro";"Dupla";"Reta";"Sim";2;0;1;0;1;0;1;2;-23,1215761;-46,57471572;"SPRF-SP";"DEL03-SP";"UOP01-DEL03-SP"
561605;2023-11-16;"quinta-feira";"05:50:00";"MA";135;22;"SAO LUIS";"Manobra de mudança de faixa";"Colisão lateral mesmo sentido";"Com Vítimas Feridas";"Pleno dia";"Crescente";"Céu Claro";"Dupla";"Retorno Regulamentado";"Não";3;0;1;0;1;2;1;4;-2,74596712;-44,34234384;"SPRF-MA";"DEL01-MA";"UOP01-DEL01-MA"
561610;2023-09-06;"quarta-feira";"04:30:00";"PE";101;22;"GOIANA";"Reação tardia ou ineficiente do condutor";"Colisão traseira";"Com Vítimas Feridas";"Amanhecer";"Decrescente";"Chuva";"Dupla";"Reta;Aclive";"Não";3;0;1;0;1;1;1;3;-7,67583307;-34,92870811;"SPRF-PE";"DEL01-PE";"UOP02-DEL01-PE"
561612;2023-10-31;"terça-feira";"10:30:00";"PR";277;2;"PARANAGUA";"Trafegar com motocicleta (ou similar) entre as faixas";"Colisão lateral mesmo sentido";"Com Vítimas Feridas";"Pleno dia";"Crescente";"Céu Claro";"Dupla";"Reta";"Sim";3;0;1;0;2;0;1;3;-25,568198;-48,615292;"SPRF-PR";"DEL01-PR";"UOP05-DEL01-PR"
561614;2023-11-16;"quinta-feira";"08:40:00";"PR";116;86;"PIRAQUARA";"Manobra de mudança de faixa";"Colisão lateral mesmo sentido";"Sem Vítimas";"Pleno dia";"Crescente";"Nublado";"Múltipla";"Reta";"Não";3;0;0;0;2;1;0;3;-25,46603018;-49,09052968;"SPRF-PR";"DEL01-PR";"UOP07-DEL01-PR"
561616;2023-10-11;"quarta-feira";"13:55:00";"SC";101;18,4;"JOINVILLE";"Condutor deixou de manter distância do veículo da frente";"Engavetamento";"Com Vítimas Feridas";"Pleno dia";"Crescente";"Céu Claro";"Dupla";"Reta;Declive";"Não";5;0;2;0;2;1;2;4;-26,128553;-48,888776;"SPRF-SC";"DEL03-SC";"UOP01-DEL03-SC"
561619;2023-10-16;"segunda-feira";"05:20:00";"SC";101;49,5;"JOINVILLE";"Manobra de mudança de faixa";"Colisão lateral mesmo sentido";"Com Vítimas Feridas";"Amanhecer";"Crescente";"Nublado";"Dupla";"Reta";"Sim";2;0;1;0;1;0;1;2;-26,36479799;-48,85878798;"SPRF-SC";"DEL03-SC";"UOP01-DEL03-SC"
561622;2023-11-16;"quinta-feira";"09:30:00";"MG";40;548,5;"NOVA LIMA";"Reação tardia ou ineficiente do condutor";"Colisão lateral mesmo sentido";"Com Vítimas Feridas";"Pleno dia";"Decrescente";"Céu Claro";"Múltipla";"Curva;Declive";"Sim";3;0;1;0;1;1;1;3;-20,03972326;-43,96703232;"SPRF-MG";"DEL01-MG";"UOP02-DEL01-MG"
561630;2023-11-16;"quinta-feira";"11:00:00";"PI";343;346;"TERESINA";"Conversão proibida";"Colisão traseira";"Com Vítimas Feridas";"Pleno dia";"Decrescente";"Céu Claro";"Simples";"Reta";"Sim";4;0;2;0;1;1;2;3;-5,110751;-42,770531;"SPRF-PI";"DEL01-PI";"UOP01-DEL01-PI"
561632;2023-11-16;"quinta-feira";"09:05:00";"MT";364;172;"PEDRA PRETA";"Reação tardia ou ineficiente do condutor";"Colisão traseira";"Com Vítimas Feridas";"Pleno dia";"Crescente";"Céu Claro";"Simples";"Reta";"Não";3;0;1;0;1;3;1;5;-16,63917933;-54,43076827;"SPRF-MT";"DEL02-MT";"UOP01-DEL02-MT"
561641;2023-11-16;"quinta-feira";"12:00:00";"ES";101;269,7;"SERRA";"Condutor deixou de manter distância do veículo da frente";"Colisão traseira";"Com Vítimas Feridas";"Pleno dia";"Crescente";"Céu Claro";"Múltipla";"Reta";"Sim";4;0;1;0;3;0;1;2;-20,21740496;-40,26990578;"SPRF-ES";"DEL02-ES";"UOP01-DEL02-ES"
561642;2023-11-16;"quinta-feira";"11:50:00";"MG";381;332,8;"NOVA ERA";"Reação tardia ou ineficiente do condutor";"Tombamento";"Com Vítimas Feridas";"Pleno dia";"Crescente";"Sol";"Simples";"Curva;Aclive";"Não";2;0;1;0;0;1;1;2;-19,79994695;-43,05451587;"SPRF-MG";"DEL03-MG";"UOP01-DEL03-MG"
561644;2023-11-16;"quinta-feira";"06:30:00";"PR";163;140,7;"CAPITAO LEONIDAS MARQUES";"Ausência de sinalização";"Colisão transversal";"Com Vítimas Feridas";"Amanhecer";"Decrescente";"Chuva";"Dupla";"Reta;Em Obras";"Sim";2;0;1;0;1;0;1;2;-25,49765306;-53,59938318;"SPRF-PR";"DEL05-PR";"UOP05-DEL05-PR"
561645;2023-11-16;"quinta-feira";"07:33:00";"PR";373;238;"IMBITUVA";"Velocidade Incompatível";"Colisão lateral sentido oposto";"Com Vítimas Feridas";"Pleno dia";"Decrescente";"Céu Claro";"Simples";"Curva";"Não";3;0;0;1;1;3;1;5;-25,19023004;-50,73977299;"SPRF-PR";"DEL03-PR";"UOP01-DEL03-PR"
561648;2023-11-16;"quinta-feira";"11:30:00";"MG";381;839,9;"SAO SEBASTIAO DA BELA VISTA";"Condutor Dormindo";"Colisão traseira";"Com Vítimas Feridas";"Pleno dia";"Crescente";"Sol";"Dupla";"Aclive;Reta";"Não";3;0;1;0;1;1;1;3;-22,16473285;-45,83260059;"SPRF-MG";"DEL16-MG";"UOP01-DEL16-MG"
561649;2023-11-16;"quinta-feira";"12:35:00";"PR";116;126;"FAZENDA RIO GRANDE";"Reação tardia ou ineficiente do condutor";"Colisão traseira";"Com Vítimas Feridas";"Pleno dia";"Decrescente";"Chuva";"Dupla";"Interseção de Vias;Reta";"Sim";2;0;1;0;1;0;1;2;-25,64108145;-49,31287408;"SPRF-PR";"DEL01-PR";"UOP03-DEL01-PR"
561652;2023-11-16;"quinta-feira";"12:45:00";"PR";369;169;"ROLANDIA";"Condutor deixou de manter distância do veículo da frente";"Colisão traseira";"Com Vítimas Feridas";"Pleno dia";"Crescente";"Sol";"Múltipla";"Reta;Retorno Regulamentado;Interseção de Vias;Rotatória";"Sim";3;0;1;0;1;1;1;3;-23,302142;-51,334009;"SPRF-PR";"DEL07-PR";"UOP01-DEL07-PR"
561655;2023-11-16;"quinta-feira";"12:45:00";"RO";364;698;"PORTO VELHO";"Problema com o freio";"Colisão traseira";"Sem Vítimas";"Pleno dia";"Crescente";"Céu Claro";"Simples";"Declive;Curva";"Não";3;0;0;0;1;2;0;3;-8,80040959;-63,76127958;"SPRF-RO";"DEL01-RO";"UOP01-DEL01-RO"
561656;2023-11-16;"quinta-feira";"13:25:00";"PR";153;329,3;"IRATI";"Carga excessiva e/ou mal acondicionada";"Tombamento";"Com Vítimas Feridas";"Pleno dia";"Decrescente";"Nublado";"Simples";"Viaduto;Curva";"Não";2;0;1;0;0;1;1;2;-25,45471011;-50,6196247;"SPRF-PR";"DEL08-PR";"UOP02-DEL08-PR"
561663;2023-11-16;"quinta-feira";"10:40:00";"MA";222;211;"ITAPECURU MIRIM";"Transitar na contramão";"Colisão lateral sentido oposto";"Com Vítimas Feridas";"Pleno dia";"Crescente";"Sol";"Simples";"Curva";"Não";3;0;1;2;0;0;3;2;-3,344857;-44,419203;"SPRF-MA";"DEL01-MA";"UOP02-DEL01-MA"
561666;2023-10-17;"terça-feira";"11:00:00";"MT";70;121,2;"GENERAL CARNEIRO";"Ultrapassagem Indevida";"Colisão lateral mesmo sentido";"Sem Vítimas";"Pleno dia";"Crescente";"Céu Claro";"Simples";"Aclive;Reta";"Não";3;0;0;0;2;3;0;5;-15,59978313;-53,13010596;"SPRF-MT";"DEL07-MT";"UOP01-DEL07-MT"
561673;2023-11-16;"quinta-feira";"15:10:00";"GO";40;1,8;"VALPARAISO DE GOIAS";"Ausência de reação do condutor";"Colisão traseira";"Com Vítimas Feridas";"Pleno dia";"Crescente";"Céu Claro";"Dupla";"Reta";"Sim";3;0;0;1;1;1;1;3;-16,058245;-47,982825;"SPRF-DF";"DEL01-DF";"UOP01-DEL01-DF"
561674;2023-11-16;"quinta-feira";"15:00:00";"SP";116;303;"SAO LOURENCO DA SERRA";"Reação tardia ou ineficiente do condutor";"Colisão traseira";"Com Vítimas Feridas";"Pleno dia";"Decrescente";"Céu Claro";"Dupla";"Reta;Declive";"Não";4;0;0;1;2;2;1;5;-23,82760675;-46,92631345;"SPRF-SP";"DEL04-SP";"UOP01-DEL04-SP"
561677;2023-11-16;"quinta-feira";"16:00:00";"MG";381;512;"IGARAPE";"Ausência de reação do condutor";"Colisão lateral sentido oposto";"Com Vítimas Feridas";"Pleno dia";"Crescente";"Céu Claro";"Dupla";"Declive";"Sim";2;0;1;0;1;0;1;2;-20,09239724;-44,31458341;"SPRF-MG";"DEL01-MG";"UOP03-DEL01-MG"
561679;2023-11-16;"quinta-feira";"16:00:00";"SC";101;142;"BALNEARIO CAMBORIU";"Transitar no Acostamento";"Colisão traseira";"Sem Vítimas";"Pleno dia";"Decrescente";"Garoa/Chuvisco";"Dupla";"Curva";"Não";2;0;0;0;2;0;0;2;-27,04761729;-48,59995855;"SPRF-SC";"DEL04-SC";"UOP03-DEL04-SC"
561680;2023-11-16;"quinta-feira";"15:35:00";"MA";226;365;"GRAJAU";"Pedestre andava na pista";"Atropelamento de Pedestre";"Com Vítimas Fatais";"Pleno dia";"Crescente";"Céu Claro";"Simples";"Reta";"Não";3;1;0;0;1;3;0;5;-5,59556306;-45,72589596;"SPRF-MA";"DEL06-MA";"UOP01-DEL06-MA"
561683;2023-11-16;"quinta-feira";"16:15:00";"DF";20;36;"BRASILIA";"Entrada inopinada do pedestre";"Atropelamento de Pedestre";"Com Vítimas Feridas";"Pleno dia";"Crescente";"Chuva";"Dupla";"Reta";"Não";3;0;0;1;1;2;1;4;-15,581923;-47,549881;"SPRF-DF";"DEL02-DF";"UOP01-DEL02-DF"
561686;2023-11-16;"quinta-feira";"15:30:00";"BA";101;46,3;"ESPLANADA";"Reação tardia ou ineficiente do condutor";"Colisão lateral mesmo sentido";"Com Vítimas Feridas";"Pleno dia";"Crescente";"Céu Claro";"Dupla";"Reta";"Não";3;0;1;0;1;3;1;5;-11,88660088;-38,02732004;"SPRF-SE";"DEL02-SE";"UOP03-DEL02-SE"
561688;2023-11-16;"quinta-feira";"16:30:00";"PR";116;42;"CAMPINA GRANDE DO SUL";"Reação tardia ou ineficiente do condutor";"Engavetamento";"Com Vítimas Feridas";"Pleno dia";"Decrescente";"Nublado";"Dupla";"Curva";"Não";4;0;1;0;2;2;1;5;-25,17611697;-48,874256;"SPRF-PR";"DEL01-PR";"UOP02-DEL01-PR"
561689;2023-11-16;"quinta-feira";"14:17:00";"CE";116;142,6;"RUSSAS";"Ausência de reação do condutor";"Colisão traseira";"Com Vítimas Feridas";"Pleno dia";"Crescente";"Céu Claro";"Simples";"Reta;Em Obras";"Não";4;0;0;1;2;2;1;5;-4,77270108;-38,04996803;"SPRF-CE";"DEL03-CE";"UOP01-DEL03-CE"
561701;2023-11-16;"quinta-feira";"17:00:00";"PR";376;665;"GUARATUBA";"Reação tardia ou ineficiente do condutor";"Colisão traseira";"Com Vítimas Feridas";"Anoitecer";"Crescente";"Garoa/Chuvisco";"Dupla";"Curva;Declive";"Não";3;0;1;0;1;1;1;3;-25,85455838;-48,95670808;"SPRF-PR";"DEL01-PR";"UOP04-DEL01-PR"
561723;2023-11-16;"quinta-feira";"20:40:00";"PR";277;683,5;"SAO MIGUEL DO IGUACU";"Reação tardia ou ineficiente do condutor";"Colisão traseira";"Com Vítimas Feridas";"Plena Noite";"Decrescente";"Nublado";"Dupla";"Reta";"Não";2;0;1;0;1;0;1;2;-25,33269888;-54,19204103;"SPRF-PR";"DEL05-PR";"UOP01-DEL05-PR"
561726;2023-11-16;"quinta-feira";"20:20:00";"MT";158;564,8;"AGUA BOA";"Ingestão de álcool pelo condutor";"Colisão lateral sentido oposto";"Com Vítimas Feridas";"Plena Noite";"Crescente";"Céu Claro";"Simples";"Reta";"Sim";3;0;0;1;1;1;1;3;-14,01995746;-52,15465187;"SPRF-MT";"DEL07-MT";"UOP02-DEL07-MT"
561727;2023-11-16;"quinta-feira";"18:45:00";"GO";452;17;"RIO VERDE";"Transitar na contramão";"Colisão lateral sentido oposto";"Com Vítimas Feridas";"Anoitecer";"Decrescente";"Chuva";"Simples";"Reta;Retorno Regulamentado";"Não";3;0;0;1;1;1;1;2;-17,85575304;-50,75816802;"SPRF-GO";"DEL04-GO";"UOP01-DEL04-GO"
561728;2023-11-16;"quinta-feira";"21:00:00";"SP";116;124;"CACAPAVA";"Reação tardia ou ineficiente do condutor";"Colisão traseira";"Com Vítimas Feridas";"Plena Noite";"Decrescente";"Céu Claro";"Dupla";"Reta";"Não";4;0;1;0;2;1;1;4;-23,093116;-45,677904;"SPRF-SP";"DEL02-SP";"UOP02-DEL02-SP"
561730;2023-11-16;"quinta-feira";"15:30:00";"BA";30;275;"CAETITE";"Curva acentuada";"Tombamento";"Com Vítimas Feridas";"Pleno dia";"Decrescente";"Céu Claro";"Simples";"Curva";"Não";1;0;1;0;0;0;1;1;-14,09789655;-42,58010043;"SPRF-BA";"DEL08-BA";"UOP01-DEL08-BA"
561734;2023-11-16;"quinta-feira";"20:00:00";"PI";135;407;"REDENCAO DO GURGUEIA";"Acessar a via sem observar a presença dos outros veículos";"Colisão lateral mesmo sentido";"Com Vítimas Feridas";"Anoitecer";"Decrescente";"Céu Claro";"Simples";"Reta";"Sim";3;0;1;0;1;1;1;3;-9,4622821;-44,5978937;"SPRF-PI";"DEL03-PI";"UOP02-DEL03-PI"
561735;2023-11-16;"quinta-feira";"18:30:00";"RO";364;221,3;"PIMENTA BUENO";"Problema com o freio";"Incêndio";"Sem Vítimas";"Plena Noite";"Crescente";"Céu Claro";"Simples";"Reta";"Não";2;0;0;0;1;1;0;2;-11,52919208;-61,33069104;"SPRF-RO";"DEL02-RO";"UOP02-DEL02-RO"
561737;2023-11-16;"quinta-feira";"17:30:00";"RS";285;665;"SAO BORJA";"Afundamento ou ondulação no pavimento";"Saída de leito carroçável";"Sem Vítimas";"Pleno dia";"Crescente";"Nublado";"Simples";"Reta";"Não";2;0;0;0;1;1;0;2;-28,65798;-55,91003;"SPRF-RS";"DEL12-RS";"UOP01-DEL12-RS"
561740;2023-11-16;"quinta-feira";"18:00:00";"SP";116;513;"CAJATI";"Demais falhas mecânicas ou elétricas";"Incêndio";"Sem Vítimas";"Anoitecer";"Crescente";"Céu Claro";"Simples";"Reta;Aclive";"Não";2;0;0;0;1;2;0;3;-24,85109616;-48,21802405;"SPRF-SP";"DEL05-SP";"UOP02-DEL05-SP"
561744;2023-11-16;"quinta-feira";"21:01:00";"PB";230;157,7;"CAMPINA GRANDE";"Acessar a via sem observar a presença dos outros veículos";"Colisão transversal";"Sem Vítimas";"Plena Noite";"Decrescente";"Céu Claro";"Simples";"Interseção de Vias";"Sim";3;0;0;0;2;1;0;3;-7,264;-35,9199;"SPRF-PB";"DEL02-PB";"UOP01-DEL02-PB"
561747;2023-11-16;"quinta-feira";"22:45:00";"PR";373;252;"GUAMIRANGA";"Reação tardia ou ineficiente do condutor";"Colisão transversal";"Sem Vítimas";"Plena Noite";"Decrescente";"Nublado";"Simples";"Reta";"Não";3;0;0;0;2;1;0;3;-25,18844377;-50,87361099;"SPRF-PR";"DEL03-PR";"UOP01-DEL03-PR"
561749;2023-11-17;"sexta-feira";"00:20:00";"PR";277;711;"SANTA TEREZINHA DE ITAIPU";"Ingestão de álcool pelo condutor";"Colisão lateral mesmo sentido";"Sem Vítimas";"Plena Noite";"Crescente";"Céu Claro";"Dupla";"Reta";"Sim";3;0;0;0;2;1;0;3;-25,45408037;-54,42224885;"SPRF-PR";"DEL05-PR";"UOP01-DEL05-PR"
561758;2023-11-17;"sexta-feira";"04:10:00";"PE";316;108,7;"BODOCO";"Condutor deixou de manter distância do veículo da frente";"Colisão traseira";"Com Vítimas Fatais";"Amanhecer";"Crescente";"Céu Claro";"Simples";"Reta;Aclive";"Não";23;7;11;3;2;0;14;2;-7,96586164;-39,88066827;"SPRF-PE";"DEL05-PE";"UOP02-DEL05-PE"
561759;2023-11-17;"sexta-feira";"04:00:00";"MG";381;540,1;"ITATIAIUCU";"Condutor Dormindo";"Tombamento";"Com Vítimas Feridas";"Plena Noite";"Decrescente";"Céu Claro";"Dupla";"Curva;Declive";"Sim";1;0;1;0;0;0;1;1;-20,25145691;-44,41136239;"SPRF-MG";"DEL04-MG";"UOP03-DEL04-MG"
561761;2023-11-17;"sexta-feira";"00:30:00";"RJ";116;180,9;"NOVA IGUACU";"Ausência de reação do condutor";"Derramamento de carga";"Sem Vítimas";"Plena Noite";"Crescente";"Céu Claro";"Dupla";"Reta";"Não";1;0;0;0;1;0;0;1;-22,7651616;-43,4154728;"SPRF-RJ";"DEL01-RJ";"UOP02-DEL01-RJ"
561762;2023-11-17;"sexta-feira";"04:35:00";"SP";116;78,6;"ROSEIRA";"Entrada inopinada do pedestre";"Atropelamento de Pedestre";"Com Vítimas Feridas";"Amanhecer";"Crescente";"Céu Claro";"Dupla";"Reta";"Não";2;0;1;0;1;0;1;2;-22,8917481;-45,2913094;"SPRF-SP";"DEL08-SP";"UOP01-DEL08-SP"
561763;2023-11-17;"sexta-feira";"05:30:00";"MG";153;183;"FRUTAL";"Pista esburacada";"Saída de leito carroçável";"Com Vítimas Feridas";"Amanhecer";"Crescente";"Céu Claro";"Simples";"Reta";"Não";2;0;0;1;0;2;1;3;-19,88094003;-48,97505084;"SPRF-MG";"DEL13-MG";"UOP02-DEL13-MG"
561764;2023-11-17;"sexta-feira";"05:05:00";"MG";40;655,8;"CRISTIANO OTONI";"Ausência de reação do condutor";"Colisão com objeto";"Com Vítimas Feridas";"Amanhecer";"Crescente";"Céu Claro";"Simples";"Curva;Aclive";"Não";1;0;1;0;0;0;1;1;-20,86473467;-43,79728163;"SPRF-MG";"DEL05-MG";"UOP02-DEL05-MG"
561767;2023-11-17;"sexta-feira";"06:20:00";"RS";290;127;"ELDORADO DO SUL";"Transitar na contramão";"Colisão frontal";"Com Vítimas Fatais";"Pleno dia";"Crescente";"Nublado";"Simples";"Reta";"Não";3;1;0;0;1;2;0;4;-30,056417;-51,479671;"SPRF-RS";"DEL02-RS";"UOP01-DEL02-RS"
561774;2023-11-17;"sexta-feira";"07:00:00";"RJ";116;242;"PIRAI";"Reação tardia ou ineficiente do condutor";"Colisão com objeto";"Com Vítimas Feridas";"Pleno dia";"Decrescente";"Céu Claro";"Dupla";"Curva;Aclive";"Não";3;0;1;0;1;1;1;2;-22,63522537;-43,90258636;"SPRF-RJ";"DEL07-RJ";"UOP01-DEL07-RJ"
561775;2023-11-17;"sexta-feira";"07:45:00";"PR";158;533;"PATO BRANCO";"Reação tardia ou ineficiente do condutor";"Colisão transversal";"Com Vítimas Feridas";"Pleno dia";"Crescente";"Céu Claro";"Simples";"Interseção de Vias";"Sim";3;0;1;0;1;2;1;4;-26,21972809;-52,68262891;"SPRF-PR";"DEL02-PR";"UOP01-DEL02-PR"
561777;2023-11-17;"sexta-feira";"07:20:00";"RJ";101;321;"NITEROI";"Condutor deixou de manter distância do veículo da frente";"Colisão traseira";"Com Vítimas Feridas";"Pleno dia";"Decrescente";"Sol";"Dupla";"Curva";"Sim";3;0;1;0;2;0;1;2;-22,86981096;-43,11046465;"SPRF-RJ";"DEL02-RJ";"UOP01-DEL02-RJ"