"id";"data_inversa";"dia_semana";"horario";"uf";"br";"km";"municipio";"causa_acidente";"tipo_acidente";"classificacao_acidente";"fase_dia";"sentido_via";"condicao_metereologica";"tipo_pista";"tracado_via";"uso_solo";"pessoas";"mortos";"feridos_leves";"feridos_graves";"ilesos";"ignorados";"feridos";"veiculos";"latitude";"longitude";"regional";"delegacia";"uop"
561789;2023-11-17;"sexta-feira";"08:30:00";"MG";381;477,5;"CONTAGEM";"Trafegar com motocicleta (ou similar) entre as faixas";"Colisão lateral mesmo sentido";"Com Vítimas Feridas";"Pleno dia";"Decrescente";"Sol";"Dupla";"Reta";"Sim";3;0;1;0;1;1;1;3;-19,95927157;-44,03298855;"SPRF-MG";"DEL01-MG";"UOP03-DEL01-MG"
561795;2023-11-17;"sexta-feira";"09:15:00";"SC";280;28;"ARAQUARI";"Reação tardia ou ineficiente do condutor";"Colisão traseira";"Com Vítimas Feridas";"Pleno dia";"Crescente";"Garoa/Chuvisco";"Simples";"Em Obras;Reta";"Sim";4;0;1;0;2;1;1;4;-26,40450077;-48,74561031;"SPRF-SC";"DEL03-SC";"UOP03-DEL03-SC"
561806;2023-02-27;"segunda-feira";"15:45:00";"MG";381;939;"EXTREMA";"Ausência de reação do condutor";"Colisão traseira";"Com Vítimas Feridas";"Pleno dia";"Decrescente";"Sol";"Dupla";"Reta;Aclive;Em Obras";"Sim";28;0;2;0;23;3;2;4;-22,83909203;-46,32850893;"SPRF-MG";"DEL16-MG";"UOP03-DEL16-MG"
561811;2023-11-17;"sexta-feira";"09:00:00";"MG";381;363;"SAO GONCALO DO RIO ABAIXO";"Velocidade Incompatível";"Tombamento";"Com Vítimas Feridas";"Pleno dia";"Decrescente";"Céu Claro";"Simples";"Curva";"Não";3;0;2;0;0;1;2;3;-19,85130197;-43,24808594;"SPRF-MG";"DEL03-MG";"UOP01-DEL03-MG"
561812;2023-11-17;"sexta-feira";"09:30:00";"PI";316;236;"INHUMA";"Mal súbito do condutor";"Tombamento";"Com Vítimas Feridas";"Pleno dia";"Crescente";"Céu Claro";"Simples";"Reta;Declive";"Não";2;0;0;1;0;1;1;2;-6,61611998;-41,72267376;"SPRF-PI";"DEL04-PI";"UOP02-DEL04-PI"
561815;2023-10-18;"quarta-feira";"21:10:00";"GO";452;82;"PORTEIRAO";"Reação tardia ou ineficiente do condutor";"Colisão lateral sentido oposto";"Com Vítimas Feridas";"Plena Noite";"Crescente";"Céu Claro";"Simples";"Curva";"Não";2;0;1;0;1;0;1;2;-18,05952452;-50,16802175;"SPRF-GO";"DEL03-GO";"UOP02-DEL03-GO"
561819;2023-11-17;"sexta-feira";"10:49:00";"DF";70;1,6;"BRASILIA";"Manobra de mudança de faixa";"Colisão lateral mesmo sentido";"Sem Vítimas";"Pleno dia";"Crescente";"Céu Claro";"Dupla";"Reta";"Sim";2;0;0;0;2;0;0;2;-15,795264;-48,063801;"SPRF-DF";"DEL03-DF";"UOP02-DEL03-DF"
561822;2023-11-17;"sexta-feira";"10:40:00";"SC";101;135,7;"BALNEARIO CAMBORIU";"Reação tardia ou ineficiente do condutor";"Colisão traseira";"Com Vítimas Feridas";"Pleno dia";"Decrescente";"Nublado";"Múltipla";"Reta;Ponte";"Sim";3;0;2;0;1;0;2;2;-27,0050108;-48,62677494;"SPRF-SC";"DEL04-SC";"UOP03-DEL04-SC"
561824;2023-11-17;"sexta-feira";"08:25:00";"SC";163;117,3;"DIONISIO CERQUEIRA";"Ausência de reação do condutor";"Saída de leito carroçável";"Com Vítimas Feridas";"Pleno dia";"Crescente";"Chuva";"Simples";"Curva;Declive";"Não";2;0;1;0;0;1;1;2;-26,35440989;-53,54347981;"SPRF-SC";"DEL07-SC";"UOP03-DEL07-SC"
561825;2023-11-17;"sexta-feira";"11:32:00";"SC";101;104;"BALNEARIO PICARRAS";"Conversão proibida";"Colisão lateral mesmo sentido";"Com Vítimas Feridas";"Pleno dia";"Decrescente";"Nublado";"Dupla";"Interseção de Vias";"Não";2;0;0;1;1;0;1;2;-26,79281742;-48,68080819;"SPRF-SC";"DEL03-SC";"UOP02-DEL03-SC"
561830;2023-11-17;"sexta-feira";"09:15:00";"RJ";116;318;"ITATIAIA";"Ausência de reação do condutor";"Colisão com objeto";"Com Vítimas Feridas";"Pleno dia";"Decrescente";"Céu Claro";"Dupla";"Reta";"Sim";2;0;1;0;1;0;1;1;-22,46797868;-44,51030403;"SPRF-RJ";"DEL07-RJ";"UOP02-DEL07-RJ"
561831;2023-11-17;"sexta-feira";"11:05:00";"SC";116;217,5;"CORREIA PINTO";"Acessar a via sem observar a presença dos outros veículos";"Colisão transversal";"Com Vítimas Feridas";"Pleno dia";"Decrescente";"Chuva";"Simples";"Reta";"Não";3;0;0;1;1;1;1;3;-27,56476218;-50,374825;"SPRF-SC";"DEL05-SC";"UOP03-DEL05-SC"
561837;2023-11-17;"sexta-feira";"10:40:00";"PR";153;25,5;"JACAREZINHO";"Reação tardia ou ineficiente do condutor";"Saída de leito carroçável";"Com Vítimas Feridas";"Pleno dia";"Crescente";"Céu Claro";"Simples";"Reta";"Não";4;0;1;2;0;2;3;3;-23,19178786;-49,98571648;"SPRF-PR";"DEL07-PR";"UOP04-DEL07-PR"
561841;2023-11-17;"sexta-feira";"13:40:00";"RS";290;89;"PORTO ALEGRE";"Condutor deixou de manter distância do veículo da frente";"Colisão lateral mesmo sentido";"Sem Vítimas";"Pleno dia";"Decrescente";"Nublado";"Dupla";"Reta";"Não";2;0;0;0;2;0;0;2;-29,967892;-51,147331;"SPRF-RS";"DEL01-RS";"UOP01-DEL01-RS"
561842;2023-11-17;"sexta-feira";"09:40:00";"MG";40;770,5;"JUIZ DE FORA";"Conversão proibida";"Colisão lateral mesmo sentido";"Com Vítimas Feridas";"Pleno dia";"Crescente";"Céu Claro";"Simples";"Curva";"Não";13;0;1;2;6;6;3;7;-21,59924304;-43,4579108;"SPRF-MG";"DEL05-MG";"UOP01-DEL05-MG"
561843;2023-11-17;"sexta-feira";"13:50:00";"SP";116;202;"ARUJA";"Ausência de reação do condutor";"Colisão lateral mesmo sentido";"Com Vítimas Feridas";"Pleno dia";"Decrescente";"Sol";"Múltipla";"Reta;Declive";"Não";2;0;1;0;0;1;1;2;-23,40809408;-46,33859597;"SPRF-SP";"DEL01-SP";"UOP01-DEL01-SP"
561848;2023-11-17;"sexta-feira";"13:00:00";"PB";230;19;"JOAO PESSOA";"Velocidade Incompatível";"Colisão com objeto";"Sem Vítimas";"Pleno dia";"Decrescente";"Céu Claro";"Dupla";"Reta";"Sim";1;0;0;0;1;0;0;1;-7,12894883;-34,849436;"SPRF-PB";"DEL01-PB";"UOP01-DEL01-PB"
561849;2023-11-17;"sexta-feira";"12:40:00";"BA";349;999;"CORRENTINA";"Reação tardia ou ineficiente do condutor";"Colisão lateral sentido oposto";"Com Vítimas Fatais";"Pleno dia";"Decrescente";"Céu Claro";"Simples";"Reta;Declive";"Não";4;1;0;2;0;3;2;5;-13,798735;-46,164127;"SPRF-BA";"DEL08-BA";"UOP04-DEL08-BA"
561851;2023-11-10;"sexta-feira";"14:40:00";"MS";163;705,8;"RIO VERDE DE MATO GROSSO";"Ausência de reação do condutor";"Colisão lateral mesmo sentido";"Com Vítimas Fatais";"Pleno dia";"Crescente";"Céu Claro";"Simples";"Reta;Aclive";"Não";3;1;0;1;1;0;1;3;-18,71316498;-54,81384184;"SPRF-MS";"DEL06-MS";"UOP01-DEL06-MS"
561855;2023-11-17;"sexta-feira";"13:10:00";"SC";282;73,5;"RANCHO QUEIMADO";"Ultrapassagem Indevida";"Colisão frontal";"Com Vítimas Feridas";"Pleno dia";"Crescente";"Nevoeiro/Neblina";"Simples";"Reta";"Não";6;0;1;3;0;2;4;4;-27,681437;-49,113388;"SPRF-SC";"DEL01-SC";"UOP03-DEL01-SC"
561871;2023-11-17;"sexta-feira";"15:00:00";"AL";101;152,3;"JEQUIA DA PRAIA";"Demais Fenômenos da natureza";"Colisão traseira";"Com Vítimas Feridas";"Pleno dia";"Crescente";"Céu Claro";"Dupla";"Reta";"Não";3;0;0;1;1;2;1;4;-9,88974591;-36,16761599;"SPRF-AL";"DEL02-AL";"UOP02-DEL02-AL"
561873;2023-11-17;"sexta-feira";"14:10:00";"MG";365;459,9;"PATROCINIO";"Ultrapassagem Indevida";"Colisão lateral sentido oposto";"Com Vítimas Feridas";"Pleno dia";"Crescente";"Sol";"Simples";"Reta";"Não";4;0;0;2;1;1;2;4;-18,87059443;-46,9025997;"SPRF-MG";"DEL10-MG";"UOP01-DEL10-MG"
561887;2023-11-16;"quinta-feira";"23:04:00";"PR";277;378;"GUARAPUAVA";"Reação tardia ou ineficiente do condutor";"Saída de leito carroçável";"Sem Vítimas";"Plena Noite";"Decrescente";"Céu Claro";"Simples";"Reta";"Não";2;0;0;0;1;1;0;2;-25,40525468;-51,72149594;"SPRF-PR";"DEL08-PR";"UOP01-DEL08-PR"
561892;2023-11-17;"sexta-feira";"16:28:00";"PR";376;91,2;"PARANAVAI";"Velocidade Incompatível";"Engavetamento";"Com Vítimas Feridas";"Pleno dia";"Decrescente";"Céu Claro";"Simples";"Em Obras;Declive";"Não";4;0;0;1;2;4;1;7;-23,00236363;-52,5566649;"SPRF-PR";"DEL09-PR";"UOP02-DEL09-PR"
561902;2023-11-17;"sexta-feira";"17:50:00";"MT";364;485;"JANGADA";"Manobra de mudança de faixa";"Colisão lateral mesmo sentido";"Com Vítimas Feridas";"Anoitecer";"Crescente";"Céu Claro";"Simples";"Declive";"Não";3;0;1;0;1;3;1;5;-15,36640171;-56,40847758;"SPRF-MT";"DEL01-MT";"UOP02-DEL01-MT"
561908;2023-11-11;"sábado";"16:00:00";"SC";101;339,8;"TUBARAO";"Pista Escorregadia";"Colisão lateral mesmo sentido";"Com Vítimas Feridas";"Pleno dia";"Crescente";"Chuva";"Dupla";"Reta;Declive";"Sim";3;0;1;0;1;1;1;3;-28,497241;-49,044613;"SPRF-SC";"DEL02-SC";"UOP01-DEL02-SC"
561910;2023-11-17;"sexta-feira";"07:40:00";"RS";470;261;"SALVADOR DO SUL";"Acessar a via sem observar a presença dos outros veículos";"Colisão transversal";"Com Vítimas Feridas";"Pleno dia";"Crescente";"Nevoeiro/Neblina";"Simples";"Reta;Declive";"Não";3;0;1;0;1;1;1;3;-29,46783998;-51,48973889;"SPRF-RS";"DEL06-RS";"UOP01-DEL06-RS"
561914;2023-11-17;"sexta-feira";"20:20:00";"SC";101;183;"BIGUACU";"Ausência de reação do condutor";"Colisão com objeto";"Com Vítimas Feridas";"Plena Noite";"Crescente";"Garoa/Chuvisco";"Dupla";"Reta";"Não";3;0;1;0;0;2;1;3;-27,40688892;-48,6285296;"SPRF-SC";"DEL01-SC";"UOP01-DEL01-SC"
561915;2023-11-17;"sexta-feira";"17:00:00";"TO";153;54;"PIRAQUE";"Ultrapassagem Indevida";"Capotamento";"Com Vítimas Feridas";"Plena Noite";"Decrescente";"Céu Claro";"Simples";"Reta";"Não";3;0;1;1;0;1;2;2;-6,74566108;-48,24661308;"SPRF-TO";"DEL02-TO";"UOP01-DEL02-TO"
561922;2023-11-17;"sexta-feira";"20:27:00";"GO";40;27,5;"LUZIANIA";"Falta de elemento de contenção que evite a saída do leito carroçável";"Tombamento";"Com Vítimas Fatais";"Plena Noite";"Crescente";"Chuva";"Dupla";"Reta";"Sim";3;1;2;0;0;0;2;1;-16,266185;-47,888241;"SPRF-DF";"DEL01-DF";"UOP01-DEL01-DF"
561929;2023-11-17;"sexta-feira";"19:30:00";"MA";135;196,2;"ALTO ALEGRE DO MARANHAO";"Reação tardia ou ineficiente do condutor";"Colisão traseira";"Com Vítimas Fatais";"Plena Noite";"Crescente";"Céu Claro";"Simples";"Reta;Declive";"Não";2;1;0;0;0;1;0;2;-4,16361399;-44,46920681;"SPRF-MA";"DEL03-MA";"UOP01-DEL03-MA"
561930;2023-10-03;"terça-feira";"23:50:00";"RS";285;499;"ENTRE-IJUIS";"Objeto estático sobre o leito carroçável";"Colisão com objeto";"Sem Vítimas";"Plena Noite";"Crescente";"Chuva";"Simples";"Reta";"Não";2;0;0;0;2;0;0;2;-28,37818583;-54,27125931;"SPRF-RS";"DEL10-RS";"UOP01-DEL10-RS"
561931;2023-11-17;"sexta-feira";"22:20:00";"ES";101;442,3;"MIMOSO DO SUL";"Condutor usando celular";"Colisão traseira";"Com Vítimas Feridas";"Plena Noite";"Crescente";"Céu Claro";"Simples";"Reta";"Não";2;0;1;0;1;0;1;2;-21,09042295;-41,24777308;"SPRF-ES";"DEL03-ES";"UOP02-DEL03-ES"
561938;2023-11-17;"sexta-feira";"21:30:00";"MG";381;803;"SAO GONCALO DO SAPUCAI";"Reação tardia ou ineficiente do condutor";"Capotamento";"Com Vítimas Feridas";"Plena Noite";"Crescente";"Céu Claro";"Dupla";"Curva";"Não";3;0;2;0;1;0;2;2;-21,99042653;-45,66660933;"SPRF-MG";"DEL16-MG";"UOP02-DEL16-MG"
561940;2023-11-17;"sexta-feira";"22:00:00";"GO";60;45;"ALEXANIA";"Condutor deixou de manter distância do veículo da frente";"Colisão traseira";"Com Vítimas Feridas";"Plena Noite";"Decrescente";"Céu Claro";"Dupla";"Reta;Aclive";"Não";4;0;1;1;2;0;2;2;-16,134482;-48,598284;"SPRF-GO";"DEL02-GO";"UOP01-DEL02-GO"
561941;2023-11-17;"sexta-feira";"23:05:00";"CE";222;149,4;"IRAUCUBA";"Estacionar ou parar em local proibido";"Colisão traseira";"Com Vítimas Fatais";"Plena Noite";"Crescente";"Céu Claro";"Simples";"Reta";"Sim";2;1;0;0;1;0;0;2;-3,746762;-39,79108;"SPRF-CE";"DEL04-CE";"UOP03-DEL04-CE"
561949;2023-11-18;"sábado";"01:00:00";"DF";70;2;"BRASILIA";"Pista Escorregadia";"Saída de leito carroçável";"Sem Vítimas";"Plena Noite";"Crescente";"Garoa/Chuvisco";"Dupla";"Curva";"Sim";3;0;0;0;3;0;0;1;-15,798048;-48,073235;"SPRF-DF";"DEL03-DF";"UOP02-DEL03-DF"
561952;2023-11-18;"sábado";"01:20:00";"PR";277;728,5;"FOZ DO IGUACU";"Ausência de reação do condutor";"Colisão traseira";"Com Vítimas Feridas";"Plena Noite";"Decrescente";"Céu Claro";"Dupla";"Reta";"Sim";3;0;1;0;1;1;1;3;-25,5097634;-54,57387201;"SPRF-PR";"DEL05-PR";"UOP03-DEL05-PR"
561954;2023-11-18;"sábado";"01:30:00";"SP";116;162;"JACAREI";"Condutor Dormindo";"Colisão traseira";"Com Vítimas Feridas";"Plena Noite";"Decrescente";"Céu Claro";"Dupla";"Reta";"Sim";5;0;1;1;2;1;2;3;-23,28133317;-45,98394689;"SPRF-SP";"DEL02-SP";"UOP01-DEL02-SP"
561957;2023-11-18;"sábado";"00:01:00";"MT";70;502;"CUIABA";"Transitar na contramão";"Colisão frontal";"Com Vítimas Fatais";"Plena Noite";"Decrescente";"Céu Claro";"Simples";"Reta";"Não";3;1;1;0;0;1;1;3;-15,697374;-56,029564;"SPRF-MT";"DEL01-MT";"UOP02-DEL01-MT"
561965;2023-11-18;"sábado";"00:40:00";"PI";316;47;"LAGOA DO PIAUI";"Animais na Pista";"Saída de leito carroçável";"Com Vítimas Fatais";"Plena Noite";"Decrescente";"Céu Claro";"Simples";"Curva";"Não";4;1;0;0;3;0;0;1;-5,46605702;-42,63591977;"SPRF-PI";"DEL01-PI";"UOP02-DEL01-PI"
561980;2023-11-18;"sábado";"05:30:00";"RS";386;247,4;"SOLEDADE";"Acessar a via sem observar a presença dos outros veículos";"Colisão lateral sentido oposto";"Sem Vítimas";"Plena Noite";"Decrescente";"Chuva";"Simples";"Reta";"Sim";5;0;0;0;3;2;0;3;-28,813179;-52,493595;"SPRF-RS";"DEL04-RS";"UOP03-DEL04-RS"
562003;2023-11-18;"sábado";"08:06:00";"PR";116;67,6;"CAMPINA GRANDE DO SUL";"Ingestão de álcool pelo condutor";"Colisão traseira";"Com Vítimas Feridas";"Pleno dia";"Crescente";"Céu Claro";"Dupla";"Reta";"Não";6;0;0;2;1;3;2;4;-25,31679789;-49,01854527;"SPRF-PR";"DEL01-PR";"UOP02-DEL01-PR"
562005;2023-11-17;"sexta-feira";"23:45:00";"BA";101;292;"VALENCA";"Ingestão de álcool e/ou substâncias psicoativas pelo pedestre";"Atropelamento de Pedestre";"Com Vítimas Fatais";"Plena Noite";"Crescente";"Céu Claro";"Simples";"Reta";"Não";3;1;0;0;1;1;0;3;-13,31365211;-39,35588484;"SPRF-BA";"DEL01-BA";"UOP02-DEL01-BA"
562007;2023-11-18;"sábado";"07:00:00";"GO";40;10,5;"LUZIANIA";"Manobra de mudança de faixa";"Colisão transversal";"Com Vítimas Feridas";"Pleno dia";"Crescente";"Céu Claro";"Dupla";"Reta";"Sim";2;0;1;0;0;1;1;2;-16,131285;-47,957923;"SPRF-DF";"DEL01-DF";"UOP01-DEL01-DF"
562026;2023-11-18;"sábado";"05:40:00";"PR";376;314,2;"ORTIGUEIRA";"Ausência de reação do condutor";"Tombamento";"Com Vítimas Fatais";"Pleno dia";"Crescente";"Sol";"Dupla";"Declive;Curva";"Não";2;1;0;0;0;2;0;3;-23,98554683;-51,08346462;"SPRF-PR";"DEL07-PR";"UOP02-DEL07-PR"
562028;2023-11-06;"segunda-feira";"16:30:00";"PR";376;590;"CURITIBA";"Reação tardia ou ineficiente do condutor";"Colisão lateral mesmo sentido";"Com Vítimas Feridas";"Pleno dia";"Decrescente";"Céu Claro";"Dupla";"Reta";"Não";3;0;0;1;2;0;1;3;-25,44694353;-49,36368048;"SPRF-PR";"DEL01-PR";"UOP06-DEL01-PR"
562034;2023-11-18;"sábado";"10:05:00";"GO";50;162,4;"CAMPO ALEGRE DE GOIAS";"Condutor Dormindo";"Colisão traseira";"Com Vítimas Feridas";"Pleno dia";"Crescente";"Céu Claro";"Dupla";"Reta";"Não";4;0;1;1;1;1;2;3;-17,2714;-47,7665;"SPRF-GO";"DEL06-GO";"UOP01-DEL06-GO"
562035;2023-11-18;"sábado";"10:50:00";"RN";101;112;"SAO JOSE DE MIPIBU";"Manobra de mudança de faixa";"Colisão traseira";"Com Vítimas Feridas";"Pleno dia";"Crescente";"Céu Claro";"Dupla";"Aclive;Retorno Regulamentado";"Sim";4;0;2;0;2;0;2;3;-5,96429;-35,264877;"SPRF-RN";"DEL01-RN";"UOP01-DEL01-RN"
562055;2023-11-18;"sábado";"13:15:00";"MS";262;263;"RIBAS DO RIO PARDO";"Manobra de mudança de faixa";"Colisão frontal";"Com Vítimas Fatais";"Pleno dia";"Crescente";"Céu Claro";"Simples";"Curva";"Não";3;1;1;0;0;1;1;3;-20,48065406;-54,13748999;"SPRF-MS";"DEL01-MS";"UOP01-DEL01-MS"
562057;2023-11-18;"sábado";"07:30:00";"SP";116;459;"PARIQUERA-ACU";"Reação tardia ou ineficiente do condutor";"Tombamento";"Com Vítimas Feridas";"Pleno dia";"Crescente";"Céu Claro";"Dupla";"Reta;Aclive";"Não";2;0;1;0;0;1;1;2;-24,60387477;-47,8770803;"SPRF-SP";"DEL05-SP";"UOP01-DEL05-SP"
562058;2023-11-18;"sábado";"14:00:00";"ES";262;27;"VIANA";"Demais falhas mecânicas ou elétricas";"Incêndio";"Sem Vítimas";"Pleno dia";"Crescente";"Sol";"Simples";"Reta";"Não";1;0;0;0;1;0;0;1;-20,38398959;-40,55226465;"SPRF-ES";"DEL01-ES";"UOP01-DEL01-ES"
562059;2023-11-18;"sábado";"09:40:00";"BA";116;543,9;"MILAGRES";"Velocidade Incompatível";"Tombamento";"Com Vítimas Feridas";"Pleno dia";"Crescente";"Céu Claro";"Simples";"Reta";"Não";2;0;1;0;0;1;1;2;-12,8528822;-39,8456033;"SPRF-BA";"DEL03-BA";"UOP02-DEL03-BA"
562066;2023-11-18;"sábado";"13:30:00";"MA";222;654;"ACAILANDIA";"Reação tardia ou ineficiente do condutor";"Saída de leito carroçável";"Com Vítimas Feridas";"Pleno dia";"Decrescente";"Sol";"Simples";"Curva";"Não";1;0;0;1;0;0;1;1;-4,874597;-47,35082;"SPRF-MA";"DEL04-MA";"UOP03-DEL04-MA"
562069;2023-11-18;"sábado";"15:10:00";"AL";104;91;"RIO LARGO";"Demais falhas mecânicas ou elétricas";"Colisão traseira";"Com Vítimas Feridas";"Pleno dia";"Decrescente";"Céu Claro";"Dupla";"Viaduto";"Sim";5;0;1;0;3;1;1;3;-9,50898856;-35,80777135;"SPRF-AL";"DEL01-AL";"UOP01-DEL01-AL"
562072;2023-11-18;"sábado";"13:20:00";"MG";262;564;"CORREGO DANTA";"Transitar no Acostamento";"Saída de leito carroçável";"Com Vítimas Feridas";"Pleno dia";"Crescente";"Céu Claro";"Simples";"Curva";"Não";2;0;1;0;0;1;1;2;-19,74630918;-45,97206795;"SPRF-MG";"DEL08-MG";"UOP02-DEL08-MG"
562073;2023-11-18;"sábado";"15:30:00";"SP";116;91;"PINDAMONHANGABA";"Transtornos Mentais (exceto suicidio)";"Queda de ocupante de veículo";"Com Vítimas Feridas";"Plena Noite";"Crescente";"Céu Claro";"Dupla";"Reta";"Não";2;0;0;1;1;0;1;1;-22,94792286;-45,39587407;"SPRF-SP";"DEL08-SP";"UOP01-DEL08-SP"
562078;2023-11-18;"sábado";"15:50:00";"SP";116;155,1;"SAO JOSE DOS CAMPOS";"Manobra de mudança de faixa";"Colisão lateral mesmo sentido";"Com Vítimas Feridas";"Pleno dia";"Decrescente";"Céu Claro";"Dupla";"Reta;Declive";"Não";2;0;1;0;1;0;1;2;-23,24524337;-45,92772774;"SPRF-SP";"DEL02-SP";"UOP01-DEL02-SP"
562080;2023-11-18;"sábado";"10:00:00";"RS";386;309,2;"POUSO NOVO";"Acumulo de água sobre o pavimento";"Colisão frontal";"Com Vítimas Fatais";"Pleno dia";"Decrescente";"Chuva";"Simples";"Reta";"Não";4;1;0;2;1;0;2;2;-29,215427;-52,171204;"SPRF-RS";"DEL04-RS";"UOP01-DEL04-RS"
562082;2023-11-18;"sábado";"15:30:00";"PR";369;158;"CAMBE";"Reação tardia ou ineficiente do condutor";"Tombamento";"Com Vítimas Feridas";"Pleno dia";"Decrescente";"Céu Claro";"Simples";"Curva;Aclive";"Não";3;0;2;0;0;1;2;3;-23,285778;-51,23391;"SPRF-PR";"DEL07-PR";"UOP01-DEL07-PR"
562089;2023-11-18;"sábado";"16:45:00";"MG";381;362;"SAO GONCALO DO RIO ABAIXO";"Ausência de reação do condutor";"Saída de leito carroçável";"Com Vítimas Feridas";"Pleno dia";"Crescente";"Garoa/Chuvisco";"Simples";"Curva;Declive";"Não";2;0;1;1;0;0;2;1;-19,84955579;-43,25424839;"SPRF-MG";"DEL03-MG";"UOP01-DEL03-MG"
562093;2023-11-18;"sábado";"13:30:00";"PR";280;270,8;"MARMELEIRO";"Reação tardia ou ineficiente do condutor";"Tombamento";"Sem Vítimas";"Pleno dia";"Crescente";"Nublado";"Simples";"Curva";"Não";2;0;0;0;1;2;0;3;-26,22293196;-53,13957999;"SPRF-PR";"DEL02-PR";"UOP01-DEL02-PR"
562095;2023-11-18;"sábado";"11:30:00";"BA";242;259,6;"BOA VISTA DO TUPIM";"Velocidade Incompatível";"Tombamento";"Com Vítimas Feridas";"Pleno dia";"Decrescente";"Céu Claro";"Simples";"Curva";"Não";2;0;1;0;0;3;1;4;-12,47309394;-40,54008887;"SPRF-BA";"DEL06-BA";"UOP02-DEL06-BA"
562099;2023-11-18;"sábado";"17:30:00";"MG";40;555;"NOVA LIMA";"Ausência de reação do condutor";"Colisão lateral mesmo sentido";"Com Vítimas Feridas";"Pleno dia";"Decrescente";"Céu Claro";"Dupla";"Reta";"Sim";5;0;1;0;3;1;1;3;-20,09398201;-43,97621155;"SPRF-MG";"DEL01-MG";"UOP02-DEL01-MG"
562100;2023-11-18;"sábado";"16:40:00";"SC";116;210,8;"PONTE ALTA";"Ausência de reação do condutor";"Colisão traseira";"Com Vítimas Feridas";"Pleno dia";"Crescente";"Nublado";"Simples";"Curva";"Não";2;0;1;0;0;1;1;2;-27,50285695;-50,36575969;"SPRF-SC";"DEL05-SC";"UOP03-DEL05-SC"
562105;2023-11-18;"sábado";"17:20:00";"GO";60;394;"RIO VERDE";"Condutor Dormindo";"Saída de leito carroçável";"Com Vítimas Feridas";"Pleno dia";"Crescente";"Céu Claro";"Dupla";"Reta";"Não";2;0;0;1;0;1;1;2;-17,8228;-50,9983;"SPRF-GO";"DEL04-GO";"UOP02-DEL04-GO"
562110;2023-11-18;"sábado";"18:30:00";"ES";259;61,1;"COLATINA";"Transitar na contramão";"Colisão frontal";"Com Vítimas Fatais";"Anoitecer";"Crescente";"Céu Claro";"Simples";"Reta";"Não";3;1;0;0;1;1;0;3;-19,531425;-40,689705;"SPRF-ES";"DEL02-ES";"UOP01-DEL02-ES"
562116;2023-11-18;"sábado";"18:30:00";"MG";40;501;"ESMERALDAS";"Condutor deixou de manter distância do veículo da frente";"Colisão traseira";"Com Vítimas Feridas";"Plena Noite";"Crescente";"Céu Claro";"Dupla";"Reta;Aclive";"Sim";3;0;1;1;1;0;2;2;-19,70735708;-44,16736508;"SPRF-MG";"DEL02-MG";"UOP01-DEL02-MG"
562128;2023-11-18;"sábado";"20:15:00";"GO";50;287,9;"CATALAO";"Demais falhas mecânicas ou elétricas";"Incêndio";"Sem Vítimas";"Plena Noite";"Crescente";"Céu Claro";"Dupla";"Reta";"Não";2;0;0;0;1;1;0;2;-18,2261;-47,9777;"SPRF-GO";"DEL06-GO";"UOP01-DEL06-GO"
562129;2023-11-18;"sábado";"20:30:00";"MG";40;499,9;"ESMERALDAS";"Área urbana sem a presença de local apropriado para a travessia de pedestres";"Atropelamento de Pedestre";"Com Vítimas Feridas";"Plena Noite";"Decrescente";"Nublado";"Dupla";"Reta";"Sim";3;0;0;1;0;2;1;2;-19,69315259;-44,17818189;"SPRF-MG";"DEL02-MG";"UOP01-DEL02-MG"
562130;2023-11-18;"sábado";"19:30:00";"PR";277;130;"CAMPO LARGO";"Reação tardia ou ineficiente do condutor";"Colisão lateral mesmo sentido";"Com Vítimas Feridas";"Plena Noite";"Crescente";"Chuva";"Dupla";"Reta;Túnel";"Não";5;0;4;0;1;0;4;2;-25,4596496;-49,6441549;"SPRF-PR";"DEL03-PR";"UOP03-DEL03-PR"
562134;2023-11-18;"sábado";"18:10:00";"ES";101;42;"CONCEICAO DA BARRA";"Reação tardia ou ineficiente do condutor";"Colisão traseira";"Com Vítimas Feridas";"Plena Noite";"Crescente";"Céu Claro";"Simples";"Reta";"Não";2;0;0;1;1;0;1;2;-18,51702193;-39,91329775;"SPRF-ES";"DEL04-ES";"UOP02-DEL04-ES"
562136;2023-11-18;"sábado";"13:50:00";"PR";153;136;"VENTANIA";"Velocidade Incompatível";"Tombamento";"Com Vítimas Feridas";"Pleno dia";"Crescente";"Céu Claro";"Simples";"Curva;Declive";"Não";2;0;1;0;0;2;1;3;-24,04805819;-50,24742694;"SPRF-PR";"DEL07-PR";"UOP04-DEL07-PR"
562146;2023-11-18;"sábado";"21:29:00";"SP";116;146;"SAO JOSE DOS CAMPOS";"Ausência de reação do condutor";"Colisão lateral mesmo sentido";"Com Vítimas Feridas";"Plena Noite";"Crescente";"Céu Claro";"Múltipla";"Reta";"Sim";3;0;1;0;1;1;1;3;-23,19122919;-45,86327591;"SPRF-SP";"DEL02-SP";"UOP01-DEL02-SP"
562156;2023-11-18;"sábado";"20:50:00";"MT";163;521;"VARZEA GRANDE";"Ingestão de álcool pelo condutor";"Colisão traseira";"Sem Vítimas";"Plena Noite";"Decrescente";"Céu Claro";"Simples";"Reta";"Sim";2;0;0;0;2;0;0;2;-15,65943289;-56,18786596;"SPRF-MT";"DEL01-MT";"UOP01-DEL01-MT"
562157;2023-11-18;"sábado";"19:30:00";"PR";277;412,3;"CANDOI";"Demais falhas mecânicas ou elétricas";"Colisão frontal";"Com Vítimas Feridas";"Plena Noite";"Decrescente";"Chuva";"Simples";"Curva";"Não";6;0;2;3;1;0;5;2;-25,41940038;-52,06244946;"SPRF-PR";"DEL04-PR";"UOP02-DEL04-PR"