"id";"data_inversa";"dia_semana";"horario";"uf";"br";"km";"municipio";"causa_acidente";"tipo_acidente";"classificacao_acidente";"fase_dia";"sentido_via";"condicao_metereologica";"tipo_pista";"tracado_via";"uso_solo";"pessoas";"mortos";"feridos_leves";"feridos_graves";"ilesos";"ignorados";"feridos";"veiculos";"latitude";"longitude";"regional";"delegacia";"uop"
562161;2023-11-18;"sábado";"22:15:00";"BA";101;807,5;"ITAMARAJU";"Ausência de reação do condutor";"Colisão traseira";"Com Vítimas Feridas";"Plena Noite";"Crescente";"Céu Claro";"Simples";"Reta";"Sim";2;0;1;0;1;0;1;2;-17,019933;-39,5415;"SPRF-BA";"DEL09-BA";"UOP02-DEL09-BA"
562162;2023-11-18;"sábado";"18:30:00";"PR";277;410,9;"CANDOI";"Velocidade Incompatível";"Saída de leito carroçável";"Com Vítimas Fatais";"Anoitecer";"Crescente";"Chuva";"Simples";"Declive;Curva";"Não";2;1;0;0;0;1;0;2;-25,43184986;-52,00714351;"SPRF-PR";"DEL04-PR";"UOP02-DEL04-PR"
562171;2023-11-19;"domingo";"00:30:00";"PR";376;513,1;"PONTA GROSSA";"Ingestão de álcool pelo condutor";"Colisão traseira";"Com Vítimas Feridas";"Plena Noite";"Decrescente";"Garoa/Chuvisco";"Dupla";"Curva;Aclive";"Não";3;0;0;1;1;1;1;3;-25,26431795;-49,97260494;"SPRF-PR";"DEL03-PR";"UOP04-DEL03-PR"
562179;2023-11-18;"sábado";"16:00:00";"PR";277;484;"NOVA LARANJEIRAS";"Velocidade Incompatível";"Tombamento";"Sem Vítimas";"Pleno dia";"Decrescente";"Nublado";"Simples";"Curva;Declive";"Não";2;0;0;0;1;2;0;3;-25,2594036;-52,6285146;"SPRF-PR";"DEL04-PR";"UOP02-DEL04-PR"
562181;2023-11-19;"domingo";"01:15:00";"MG";40;116;"LAGOA GRANDE";"Transitar na contramão";"Colisão lateral sentido oposto";"Com Vítimas Feridas";"Plena Noite";"Crescente";"Céu Claro";"Simples";"Reta";"Não";3;0;0;1;1;1;1;3;-17,65527509;-46,40188802;"SPRF-MG";"DEL14-MG";"UOP01-DEL14-MG"
562182;2023-11-19;"domingo";"02:40:00";"MG";381;367;"SAO GONCALO DO RIO ABAIXO";"Ausência de reação do condutor";"Tombamento";"Com Vítimas Feridas";"Plena Noite";"Crescente";"Céu Claro";"Simples";"Curva";"Não";2;0;1;0;0;1;1;2;-19,84959351;-43,27455396;"SPRF-MG";"DEL03-MG";"UOP01-DEL03-MG"
562194;2023-11-19;"domingo";"05:20:00";"PR";369;7;"JACAREZINHO";"Ausência de reação do condutor";"Colisão com objeto";"Sem Vítimas";"Amanhecer";"Decrescente";"Nublado";"Simples";"Aclive;Reta";"Não";2;0;0;0;2;0;0;2;-23,001282;-49,965708;"SPRF-PR";"DEL07-PR";"UOP05-DEL07-PR"
562195;2023-11-19;"domingo";"05:30:00";"SP";381;33;"ATIBAIA";"Ausência de reação do condutor";"Colisão frontal";"Sem Vítimas";"Amanhecer";"Crescente";"Chuva";"Dupla";"Declive";"Não";2;0;0;0;2;0;0;2;-23,0728028;-46,56673562;"SPRF-SP";"DEL03-SP";"UOP02-DEL03-SP"
562216;2023-11-19;"domingo";"06:45:00";"RS";290;336,6;"SAO SEPE";"Reação tardia ou ineficiente do condutor";"Tombamento";"Com Vítimas Feridas";"Pleno dia";"Decrescente";"Céu Claro";"Simples";"Reta;Declive";"Não";2;0;1;0;0;1;1;2;-30,374712;-53,548542;"SPRF-RS";"DEL09-RS";"UOP02-DEL09-RS"
562218;2023-11-19;"domingo";"07:30:00";"MG";116;774,2;"LEOPOLDINA";"Velocidade Incompatível";"Tombamento";"Com Vítimas Fatais";"Pleno dia";"Decrescente";"Nublado";"Simples";"Curva;Declive";"Não";3;1;0;2;0;0;2;1;-21,57932128;-42,68264985;"SPRF-MG";"DEL07-MG";"UOP01-DEL07-MG"
562219;2023-11-19;"domingo";"07:00:00";"MG";365;92,7;"JEQUITAI";"Transitar na contramão";"Colisão frontal";"Com Vítimas Feridas";"Pleno dia";"Crescente";"Sol";"Simples";"Curva;Declive";"Não";6;0;2;2;1;1;4;3;-17,21604745;-44,45298992;"SPRF-MG";"DEL12-MG";"UOP01-DEL12-MG"
562224;2023-11-16;"quinta-feira";"21:00:00";"SP";116;301;"SAO LOURENCO DA SERRA";"Ausência de reação do condutor";"Saída de leito carroçável";"Sem Vítimas";"Plena Noite";"Crescente";"Chuva";"Dupla";"Declive";"Não";2;0;0;0;1;1;0;2;-23,81147602;-46,92298208;"SPRF-SP";"DEL04-SP";"UOP01-DEL04-SP"
562226;2023-11-18;"sábado";"02:00:00";"BA";242;378;"PALMEIRAS";"Reação tardia ou ineficiente do condutor";"Tombamento";"Com Vítimas Feridas";"Plena Noite";"Decrescente";"Céu Claro";"Simples";"Curva";"Não";2;0;1;0;0;2;1;3;-12,432308;-41,504572;"SPRF-BA";"DEL08-BA";"UOP04-DEL08-BA"
562229;2023-11-19;"domingo";"08:45:00";"MT";163;508;"DIAMANTINO";"Condutor deixou de manter distância do veículo da frente";"Colisão traseira";"Com Vítimas Fatais";"Pleno dia";"Crescente";"Céu Claro";"Simples";"Reta";"Não";5;1;0;0;3;6;0;10;-14,5098091;-56,20416641;"SPRF-MT";"DEL01-MT";"UOP01-DEL01-MT"
562239;2023-11-19;"domingo";"09:50:00";"MT";163;541,9;"DIAMANTINO";"Ausência de reação do condutor";"Colisão lateral sentido oposto";"Com Vítimas Feridas";"Pleno dia";"Crescente";"Céu Claro";"Simples";"Reta";"Não";3;0;1;0;1;4;1;6;-14,284173;-56,150832;"SPRF-MT";"DEL01-MT";"UOP01-DEL01-MT"
562241;2023-11-19;"domingo";"09:55:00";"SC";282;123,5;"CHAPECO";"Ausência de reação do condutor";"Colisão com objeto";"Com Vítimas Feridas";"Pleno dia";"Crescente";"Céu Claro";"Múltipla";"Curva;Declive;Viaduto";"Não";2;0;1;0;0;1;1;2;-26,99971972;-52,64629126;"SPRF-SC";"DEL05-SC";"UOP01-DEL05-SC"
562248;2023-11-19;"domingo";"11:40:00";"ES";259;15,9;"JOAO NEIVA";"Carga excessiva e/ou mal acondicionada";"Tombamento";"Com Vítimas Feridas";"Pleno dia";"Crescente";"Céu Claro";"Simples";"Reta";"Não";3;0;1;0;1;1;1;3;-19,65668001;-40,423168;"SPRF-ES";"DEL02-ES";"UOP01-DEL02-ES"
562254;2023-11-19;"domingo";"10:15:00";"MT";364;191;"RONDONOPOLIS";"Condutor deixou de manter distância do veículo da frente";"Colisão traseira";"Com Vítimas Feridas";"Pleno dia";"Crescente";"Céu Claro";"Simples";"Reta";"Não";5;0;1;0;3;1;1;3;-16,54787198;-54,57547497;"SPRF-MT";"DEL02-MT";"UOP01-DEL02-MT"
562257;2023-11-19;"domingo";"09:40:00";"MG";116;158,3;"PONTO DOS VOLANTES";"Transitar na contramão";"Colisão lateral sentido oposto";"Com Vítimas Feridas";"Pleno dia";"Crescente";"Sol";"Simples";"Aclive;Curva";"Não";3;0;0;1;1;1;1;3;-16,91731403;-41,4671292;"SPRF-MG";"DEL11-MG";"UOP02-DEL11-MG"
562263;2023-11-19;"domingo";"12:19:00";"PR";376;668;"GUARATUBA";"Velocidade Incompatível";"Colisão traseira";"Com Vítimas Feridas";"Pleno dia";"Crescente";"Nublado";"Dupla";"Curva";"Não";3;0;1;0;1;1;1;3;-25,864159;-48,937538;"SPRF-PR";"DEL01-PR";"UOP04-DEL01-PR"
562265;2023-11-19;"domingo";"12:35:00";"MG";365;213,6;"BURITIZEIRO";"Velocidade Incompatível";"Colisão frontal";"Com Vítimas Fatais";"Pleno dia";"Crescente";"Chuva";"Simples";"Curva";"Não";3;1;0;0;1;1;0;3;-17,56727915;-45,3223819;"SPRF-MG";"DEL10-MG";"UOP02-DEL010-MG"
562268;2023-11-19;"domingo";"13:14:00";"PR";277;73;"SAO JOSE DOS PINHAIS";"Ausência de reação do condutor";"Colisão traseira";"Com Vítimas Feridas";"Pleno dia";"Crescente";"Nublado";"Dupla";"Reta";"Não";3;0;1;0;1;1;1;3;-25,50406276;-49,14450645;"SPRF-PR";"DEL01-PR";"UOP07-DEL01-PR"
562271;2023-11-19;"domingo";"12:00:00";"BA";116;289;"TUCANO";"Acessar a via sem observar a presença dos outros veículos";"Colisão lateral mesmo sentido";"Com Vítimas Feridas";"Pleno dia";"Crescente";"Céu Claro";"Simples";"Reta";"Não";2;0;0;1;0;1;1;2;-11,08304404;-38,83481719;"SPRF-BA";"DEL02-BA";"UOP01-DEL02-BA"
562274;2023-11-19;"domingo";"10:25:00";"PR";277;367;"GUARAPUAVA";"Demais falhas mecânicas ou elétricas";"Saída de leito carroçável";"Sem Vítimas";"Pleno dia";"Crescente";"Céu Claro";"Simples";"Reta";"Não";7;0;0;0;6;2;0;5;-25,416376;-51,672964;"SPRF-PR";"DEL08-PR";"UOP01-DEL08-PR"
562276;2023-11-19;"domingo";"13:10:00";"BA";324;5;"FEIRA DE SANTANA";"Manobra de mudança de faixa";"Colisão com objeto";"Com Vítimas Feridas";"Pleno dia";"Crescente";"Céu Claro";"Dupla";"Curva";"Sim";3;0;1;1;0;1;2;2;-12,2784504;-38,98077965;"SPRF-BA";"DEL02-BA";"UOP01-DEL02-BA"
562285;2023-11-19;"domingo";"14:30:00";"SP";116;379;"MIRACATU";"Reação tardia ou ineficiente do condutor";"Colisão lateral mesmo sentido";"Com Vítimas Feridas";"Pleno dia";"Decrescente";"Chuva";"Dupla";"Reta";"Não";6;0;1;0;4;1;1;3;-24,20982408;-47,37100817;"SPRF-SP";"DEL04-SP";"UOP02-DEL04-SP"
562289;2023-11-19;"domingo";"12:45:00";"SC";470;193,9;"POUSO REDONDO";"Reação tardia ou ineficiente do condutor";"Tombamento";"Com Vítimas Feridas";"Pleno dia";"Decrescente";"Céu Claro";"Simples";"Declive;Curva";"Não";2;0;1;0;0;1;1;2;-27,300575;-50,075451;"SPRF-SC";"DEL04-SC";"UOP02-DEL04-SC"
562290;2023-11-19;"domingo";"14:20:00";"PR";476;338,1;"PAULA FREITAS";"Demais falhas mecânicas ou elétricas";"Saída de leito carroçável";"Com Vítimas Fatais";"Pleno dia";"Crescente";"Céu Claro";"Simples";"Reta";"Não";2;1;0;0;0;1;0;2;-26,15086;-50,876347;"SPRF-PR";"DEL02-PR";"UOP03-DEL02-PR"
562291;2023-11-19;"domingo";"15:20:00";"SE";101;32;"CAPELA";"Velocidade Incompatível";"Saída de leito carroçável";"Com Vítimas Feridas";"Pleno dia";"Decrescente";"Céu Claro";"Dupla";"Retorno Regulamentado";"Não";2;0;1;0;0;1;1;2;-10,46945504;-36,9465065;"SPRF-SE";"DEL02-SE";"UOP02-DEL02-SE"
562292;2023-11-19;"domingo";"06:15:00";"MG";381;921,3;"CAMANDUCAIA";"Velocidade Incompatível";"Eventos atípicos";"Com Vítimas Feridas";"Amanhecer";"Crescente";"Chuva";"Dupla";"Declive;Curva";"Não";2;0;1;0;0;1;1;2;-22,76272753;-46,17010111;"SPRF-MG";"DEL16-MG";"UOP03-DEL16-MG"
562295;2023-11-19;"domingo";"16:00:00";"PE";101;124;"ESCADA";"Ingestão de álcool pelo condutor";"Colisão com objeto";"Com Vítimas Feridas";"Pleno dia";"Crescente";"Céu Claro";"Dupla";"Reta";"Sim";4;0;1;0;0;3;1;1;-8,362158;-35,215317;"SPRF-PE";"DEL01-PE";"UOP03-DEL01-PE"
562298;2023-11-19;"domingo";"16:55:00";"ES";101;102;"SOORETAMA";"Reação tardia ou ineficiente do condutor";"Colisão lateral mesmo sentido";"Com Vítimas Feridas";"Anoitecer";"Crescente";"Céu Claro";"Simples";"Reta";"Não";4;0;1;0;3;0;1;2;-18,99655669;-40,00319452;"SPRF-ES";"DEL04-ES";"UOP01-DEL04-ES"
562309;2023-11-19;"domingo";"11:00:00";"AP";156;677;"CALCOENE";"Declive acentuado";"Tombamento";"Com Vítimas Feridas";"Pleno dia";"Crescente";"Nublado";"Simples";"Reta;Aclive";"Não";2;0;0;1;0;1;1;2;2,7496000133;-51,3729026544;"SPRF-AP";"DEL01-AP";"UOP03-DEL01-AP"
562315;2023-11-19;"domingo";"12:48:00";"PA";10;321,3;"SAO MIGUEL DO GUAMA";"Acessar a via sem observar a presença dos outros veículos";"Colisão transversal";"Com Vítimas Fatais";"Pleno dia";"Crescente";"Nublado";"Simples";"Reta";"Sim";3;1;0;0;2;0;0;2;-1,62709801;-47,48121697;"SPRF-PA";"DEL01-PA";"UOP02-DEL01-PA"
562320;2023-11-19;"domingo";"16:30:00";"DF";80;22,5;"BRASILIA";"Demais falhas mecânicas ou elétricas";"Colisão lateral sentido oposto";"Com Vítimas Feridas";"Pleno dia";"Decrescente";"Céu Claro";"Simples";"Reta";"Não";2;0;0;1;1;0;1;2;-15,64294;-48,201259;"SPRF-DF";"DEL03-DF";"UOP02-DEL03-DF"
562324;2023-11-19;"domingo";"16:40:00";"RS";287;447;"UNISTALDA";"Velocidade Incompatível";"Saída de leito carroçável";"Com Vítimas Feridas";"Pleno dia";"Crescente";"Céu Claro";"Simples";"Curva";"Não";2;0;1;0;0;1;1;2;-29,01884294;-55,26551867;"SPRF-RS";"DEL12-RS";"UOP02-DEL12-RS"
562325;2023-11-19;"domingo";"16:50:00";"CE";222;79,8;"SAO LUIS DO CURU";"Transitar na contramão";"Colisão frontal";"Com Vítimas Feridas";"Pleno dia";"Crescente";"Céu Claro";"Simples";"Reta";"Não";3;0;1;1;0;1;2;3;-3,67442263;-39,25072502;"SPRF-CE";"DEL04-CE";"UOP03-DEL04-CE"
562336;2023-10-26;"quinta-feira";"08:45:00";"MG";153;132,5;"PRATA";"Condutor deixou de manter distância do veículo da frente";"Colisão traseira";"Com Vítimas Feridas";"Pleno dia";"Decrescente";"Céu Claro";"Simples";"Reta;Aclive";"Não";3;0;1;0;1;2;1;4;-19,49973068;-48,85139954;"SPRF-MG";"DEL15-MG";"UOP03-DEL15-MG"
562337;2023-11-19;"domingo";"19:50:00";"TO";153;499;"PARAISO DO TOCANTINS";"Acessar a via sem observar a presença dos outros veículos";"Colisão transversal";"Sem Vítimas";"Plena Noite";"Crescente";"Nublado";"Simples";"Aclive;Curva;Interseção de Vias;Rotatória";"Não";4;0;0;0;3;1;0;3;-10,190489;-48,87984;"SPRF-TO";"DEL01-TO";"UOP01-DEL01-TO"
562338;2023-11-19;"domingo";"18:40:00";"PR";116;84,1;"PIRAQUARA";"Acessar a via sem observar a presença dos outros veículos";"Atropelamento de Pedestre";"Com Vítimas Fatais";"Anoitecer";"Crescente";"Nublado";"Dupla";"Reta";"Não";4;1;0;0;1;3;0;4;-25,44479566;-49,09218192;"SPRF-PR";"DEL01-PR";"UOP07-DEL01-PR"
562346;2023-11-19;"domingo";"16:30:00";"RJ";116;245,3;"PIRAI";"Acumulo de água sobre o pavimento";"Atropelamento de Pedestre";"Com Vítimas Feridas";"Pleno dia";"Decrescente";"Chuva";"Dupla";"Curva";"Não";7;0;1;4;2;0;5;3;-22,61896277;-43,92771721;"SPRF-RJ";"DEL07-RJ";"UOP01-DEL07-RJ"
562355;2023-11-19;"domingo";"20:10:00";"SC";101;381,9;"ICARA";"Acessar a via sem observar a presença dos outros veículos";"Colisão transversal";"Sem Vítimas";"Plena Noite";"Decrescente";"Céu Claro";"Múltipla";"Reta;Interseção de Vias";"Não";3;0;0;0;2;1;0;3;-28,76841148;-49,30158734;"SPRF-SC";"DEL02-SC";"UOP02-DEL02-SC"
562357;2023-11-19;"domingo";"20:57:00";"ES";101;145;"LINHARES";"Condutor deixou de manter distância do veículo da frente";"Colisão traseira";"Com Vítimas Feridas";"Plena Noite";"Crescente";"Céu Claro";"Múltipla";"Reta";"Sim";2;0;1;0;0;1;1;2;-19,36089598;-40,06464018;"SPRF-ES";"DEL04-ES";"UOP01-DEL04-ES"
562360;2023-11-19;"domingo";"20:41:00";"GO";364;313,1;"MINEIROS";"Transitar na contramão";"Colisão lateral sentido oposto";"Sem Vítimas";"Plena Noite";"Crescente";"Garoa/Chuvisco";"Simples";"Reta";"Não";2;0;0;0;1;1;0;2;-17,454333;-52,590416;"SPRF-GO";"DEL05-GO";"UOP01-DEL05-GO"
562363;2023-11-19;"domingo";"18:55:00";"GO";20;178;"ALVORADA DO NORTE";"Reação tardia ou ineficiente do condutor";"Colisão traseira";"Com Vítimas Fatais";"Plena Noite";"Decrescente";"Chuva";"Dupla";"Reta";"Sim";3;1;0;0;0;2;0;3;-14,487005;-46,500198;"SPRF-DF";"DEL02-DF";"UOP03-DEL02-DF"
562373;2023-11-19;"domingo";"21:45:00";"SC";282;17;"PALHOCA";"Ingestão de álcool pelo condutor";"Colisão com objeto";"Sem Vítimas";"Plena Noite";"Decrescente";"Céu Claro";"Simples";"Reta";"Não";2;0;0;0;2;0;0;2;-27,665707;-48,688065;"SPRF-SC";"DEL01-SC";"UOP02-DEL01-SC"
562391;2023-11-19;"domingo";"22:00:00";"GO";153;563;"PROFESSOR JAMIL";"Velocidade Incompatível";"Saída de leito carroçável";"Com Vítimas Feridas";"Plena Noite";"Decrescente";"Chuva";"Dupla";"Reta";"Não";1;0;1;0;0;0;1;1;-17,2383;-49,239;"SPRF-GO";"DEL03-GO";"UOP01-DEL03-GO"
562394;2023-11-19;"domingo";"22:30:00";"MT";163;842,9;"SINOP";"Ausência de reação do condutor";"Saída de leito carroçável";"Com Vítimas Feridas";"Plena Noite";"Crescente";"Céu Claro";"Simples";"Reta";"Sim";1;0;0;1;0;0;1;1;-11,794647;-55,47776;"SPRF-MT";"DEL06-MT";"UOP02-DEL06-MT"
562403;2023-11-20;"segunda-feira";"01:40:00";"CE";116;498,3;"BREJO SANTO";"Demais falhas na via";"Tombamento";"Sem Vítimas";"Plena Noite";"Decrescente";"Céu Claro";"Simples";"Reta;Interseção de Vias;Aclive";"Sim";2;0;0;0;1;3;0;4;-7,4559354;-38,973782;"SPRF-CE";"DEL05-CE";"UOP03-DEL05-CE"
562415;2023-11-20;"segunda-feira";"04:30:00";"MG";267;286,4;"BAEPENDI";"Velocidade Incompatível";"Saída de leito carroçável";"Com Vítimas Feridas";"Plena Noite";"Crescente";"Nublado";"Simples";"Curva";"Não";1;0;1;0;0;0;1;1;-22,004772;-44,924529;"SPRF-MG";"DEL17-MG";"UOP01-DEL17-MG"
562425;2023-11-20;"segunda-feira";"05:50:00";"CE";116;15,8;"EUSEBIO";"Condutor deixou de manter distância do veículo da frente";"Colisão traseira";"Com Vítimas Feridas";"Pleno dia";"Crescente";"Chuva";"Múltipla";"Reta";"Sim";11;0;8;0;2;1;8;7;-3,883737;-38,50123;"SPRF-CE";"DEL01-CE";"UOP02-DEL01-CE"
562426;2023-11-20;"segunda-feira";"06:40:00";"MG";381;904,9;"CAMBUI";"Velocidade Incompatível";"Saída de leito carroçável";"Com Vítimas Fatais";"Pleno dia";"Decrescente";"Céu Claro";"Dupla";"Reta";"Não";1;1;0;0;0;0;0;1;-22,65695471;-46,08883923;"SPRF-MG";"DEL16-MG";"UOP03-DEL16-MG"
562427;2023-11-20;"segunda-feira";"06:20:00";"DF";20;20;"BRASILIA";"Chuva";"Saída de leito carroçável";"Com Vítimas Feridas";"Pleno dia";"Decrescente";"Garoa/Chuvisco";"Dupla";"Reta;Declive";"Sim";2;0;1;0;0;1;1;2;-15,607905;-47,692791;"SPRF-DF";"DEL02-DF";"UOP01-DEL02-DF"
562428;2023-11-20;"segunda-feira";"01:00:00";"MG";381;251;"SANTANA DO PARAISO";"Reação tardia ou ineficiente do condutor";"Colisão frontal";"Sem Vítimas";"Plena Noite";"Decrescente";"Chuva";"Simples";"Curva";"Sim";2;0;0;0;2;0;0;2;-19,48994405;-42,56156695;"SPRF-MG";"DEL06-MG";"UOP01-DEL06-MG"
562433;2023-11-20;"segunda-feira";"04:40:00";"SP";153;270,9;"OCAUCU";"Condutor Dormindo";"Capotamento";"Com Vítimas Fatais";"Plena Noite";"Decrescente";"Céu Claro";"Simples";"Reta";"Não";2;1;0;0;0;1;0;2;-22,34736026;-49,89590137;"SPRF-SP";"DEL07-SP";"UOP02-DEL07-SP"
562435;2023-11-20;"segunda-feira";"07:00:00";"RS";116;243,5;"SAO LEOPOLDO";"Acessar a via sem observar a presença dos outros veículos";"Colisão transversal";"Com Vítimas Feridas";"Pleno dia";"Crescente";"Sol";"Múltipla";"Reta";"Sim";2;0;1;0;1;0;1;2;-29,73196199;-51,14952004;"SPRF-RS";"DEL01-RS";"UOP02-DEL01-RS"
562436;2023-11-20;"segunda-feira";"01:50:00";"RJ";116;202;"QUEIMADOS";"Transtornos Mentais (exceto suicidio)";"Atropelamento de Pedestre";"Com Vítimas Feridas";"Plena Noite";"Decrescente";"Chuva";"Dupla";"Reta";"Não";2;0;1;0;1;0;1;2;-22,72996588;-43,61317403;"SPRF-RJ";"DEL01-RJ";"UOP03-DEL01-RJ"
562450;2023-11-20;"segunda-feira";"06:00:00";"SC";101;227,6;"PALHOCA";"Pedestre andava na pista";"Atropelamento de Pedestre";"Com Vítimas Fatais";"Amanhecer";"Decrescente";"Céu Claro";"Múltipla";"Reta;Viaduto;Aclive";"Não";5;1;0;0;1;4;0;4;-27,756367;-48,6320514;"SPRF-SC";"DEL01-SC";"UOP02-DEL01-SC"
562451;2023-11-20;"segunda-feira";"07:59:00";"GO";40;1,1;"VALPARAISO DE GOIAS";"Ausência de reação do condutor";"Engavetamento";"Com Vítimas Feridas";"Pleno dia";"Crescente";"Nevoeiro/Neblina";"Múltipla";"Reta";"Sim";6;0;1;0;4;1;1;4;-16,058245;-47,982825;"SPRF-DF";"DEL01-DF";"UOP01-DEL01-DF"
562458;2023-11-20;"segunda-feira";"08:10:00";"PR";376;181;"MARINGA";"Condutor deixou de manter distância do veículo da frente";"Colisão traseira";"Sem Vítimas";"Pleno dia";"Decrescente";"Nublado";"Dupla";"Reta";"Sim";8;0;0;0;8;0;0;5;-23,42725352;-51,89512271;"SPRF-PR";"DEL09-PR";"UOP01-DEL09-PR"
562459;2023-11-20;"segunda-feira";"07:20:00";"MG";40;601,8;"CONGONHAS";"Conversão proibida";"Colisão traseira";"Com Vítimas Feridas";"Pleno dia";"Decrescente";"Garoa/Chuvisco";"Simples";"Reta";"Sim";2;0;1;0;1;0;1;2;-20,43869641;-43,84366864;"SPRF-MG";"DEL05-MG";"UOP02-DEL05-MG"
562463;2023-10-19;"quinta-feira";"07:30:00";"MG";50;194;"DELTA";"Reação tardia ou ineficiente do condutor";"Colisão traseira";"Com Vítimas Feridas";"Pleno dia";"Decrescente";"Nublado";"Dupla";"Reta;Aclive";"Não";3;0;1;0;1;1;1;3;-19,887439;-47,848374;"SPRF-MG";"DEL13-MG";"UOP01-DEL13-MG"
562466;2023-11-19;"domingo";"16:00:00";"RJ";493;61;"NOVA IGUACU";"Ausência de reação do condutor";"Tombamento";"Com Vítimas Feridas";"Pleno dia";"Crescente";"Chuva";"Dupla";"Curva";"Não";2;0;1;0;0;1;1;2;-22,66249212;-43,34587097;"SPRF-RJ";"DEL01-RJ";"UOP03-DEL01-RJ"
562467;2023-11-19;"domingo";"06:30:00";"MS";163;204;"CAARAPO";"Reação tardia ou ineficiente do condutor";"Saída de leito carroçável";"Com Vítimas Feridas";"Amanhecer";"Crescente";"Céu Claro";"Simples";"Curva";"Não";2;0;1;0;0;1;1;2;-22,66868104;-54,79541411;"SPRF-MS";"DEL04-MS";"UOP02-DEL04-MS"
562470;2023-11-20;"segunda-feira";"08:30:00";"ES";101;222;"IBIRACU";"Condutor Dormindo";"Tombamento";"Com Vítimas Feridas";"Pleno dia";"Crescente";"Céu Claro";"Simples";"Curva";"Não";1;0;1;0;0;0;1;1;-19,86967622;-40,40915873;"SPRF-ES";"DEL02-ES";"UOP01-DEL02-ES"
562473;2023-11-20;"segunda-feira";"07:30:00";"PR";153;334;"IRATI";"Ausência de reação do condutor";"Colisão traseira";"Com Vítimas Feridas";"Pleno dia";"Crescente";"Céu Claro";"Simples";"Reta";"Sim";2;0;0;1;1;0;1;2;-25,481234;-50,640733;"SPRF-PR";"DEL08-PR";"UOP02-DEL08-PR"
562474;2023-11-20;"segunda-feira";"07:40:00";"MA";135;4;"SAO LUIS";"Trafegar com motocicleta (ou similar) entre as faixas";"Colisão lateral mesmo sentido";"Com Vítimas Feridas";"Pleno dia";"Crescente";"Céu Claro";"Dupla";"Reta";"Sim";3;0;1;0;1;1;1;3;-2,61424881;-44,25257023;"SPRF-MA";"DEL01-MA";"UOP01-DEL01-MA"
562482;2023-11-20;"segunda-feira";"08:20:00";"SP";116;515;"CAJATI";"Acumulo de água sobre o pavimento";"Eventos atípicos";"Com Vítimas Feridas";"Pleno dia";"Decrescente";"Chuva";"Simples";"Curva";"Não";4;0;0;2;2;0;2;2;-24,86887764;-48,21071148;"SPRF-SP";"DEL05-SP";"UOP02-DEL05-SP"
562491;2023-11-20;"segunda-feira";"12:07:00";"RS";116;244,5;"SAO LEOPOLDO";"Ausência de reação do condutor";"Colisão traseira";"Com Vítimas Feridas";"Pleno dia";"Decrescente";"Céu Claro";"Dupla";"Em Obras;Reta";"Sim";2;0;1;0;0;1;1;2;-29,74088003;-51,15039566;"SPRF-RS";"DEL01-RS";"UOP02-DEL01-RS"
562493;2023-11-20;"segunda-feira";"11:50:00";"PE";101;49;"IGARASSU";"Manobra de mudança de faixa";"Colisão lateral mesmo sentido";"Com Vítimas Feridas";"Pleno dia";"Decrescente";"Céu Claro";"Dupla";"Reta";"Sim";5;0;3;0;1;3;3;6;-7,9005152;-34,90180641;"SPRF-PE";"DEL01-PE";"UOP02-DEL01-PE"
562497;2023-11-20;"segunda-feira";"10:50:00";"RS";386;215;"TIO HUGO";"Acessar a via sem observar a presença dos outros veículos";"Colisão transversal";"Com Vítimas Feridas";"Pleno dia";"Decrescente";"Sol";"Simples";"Reta;Em Obras;Interseção de Vias";"Sim";3;0;1;0;1;1;1;3;-28,578292;-52,597152;"SPRF-RS";"DEL04-RS";"UOP03-DEL04-RS"
562498;2023-11-20;"segunda-feira";"11:30:00";"MG";153;38;"CANAPOLIS";"Ausência de reação do condutor";"Colisão traseira";"Com Vítimas Feridas";"Pleno dia";"Crescente";"Céu Claro";"Dupla";"Reta";"Não";5;0;2;1;1;1;3;3;-18,73302108;-49,10715606;"SPRF-MG";"DEL15-MG";"UOP03-DEL15-MG"
562501;2023-11-20;"segunda-feira";"11:50:00";"PR";153;490;"GENERAL CARNEIRO";"Transitar na contramão";"Colisão frontal";"Com Vítimas Feridas";"Pleno dia";"Decrescente";"Nublado";"Simples";"Reta;Declive";"Não";3;0;0;2;0;1;2;3;-26,41667907;-51,28887176;"SPRF-PR";"DEL02-PR";"UOP03-DEL02-PR"
562502;2023-11-20;"segunda-feira";"12:17:00";"ES";101;226;"IBIRACU";"Reação tardia ou ineficiente do condutor";"Colisão traseira";"Com Vítimas Feridas";"Pleno dia";"Crescente";"Nublado";"Simples";"Reta";"Não";5;0;3;0;2;0;3;2;-19,90117299;-40,40897598;"SPRF-ES";"DEL02-ES";"UOP01-DEL02-ES"
562503;2023-11-20;"segunda-feira";"11:15:00";"SC";470;139,9;"RIO DO SUL";"Acesso irregular";"Colisão transversal";"Com Vítimas Feridas";"Pleno dia";"Decrescente";"Céu Claro";"Simples";"Rotatória";"Sim";2;0;1;0;1;0;1;2;-27,202336;-49,633675;"SPRF-SC";"DEL04-SC";"UOP02-DEL04-SC"
562515;2023-11-20;"segunda-feira";"14:30:00";"SC";101;215,6;"PALHOCA";"Reação tardia ou ineficiente do condutor";"Colisão lateral mesmo sentido";"Sem Vítimas";"Pleno dia";"Decrescente";"Céu Claro";"Dupla";"Reta";"Não";2;0;0;0;2;0;0;2;-27,65184843;-48,67604941;"SPRF-SC";"DEL01-SC";"UOP02-DEL01-SC"