"id";"data_inversa";"dia_semana";"horario";"uf";"br";"km";"municipio";"causa_acidente";"tipo_acidente";"classificacao_acidente";"fase_dia";"sentido_via";"condicao_metereologica";"tipo_pista";"tracado_via";"uso_solo";"pessoas";"mortos";"feridos_leves";"feridos_graves";"ilesos";"ignorados";"feridos";"veiculos";"latitude";"longitude";"regional";"delegacia";"uop"
562519;2023-11-20;"segunda-feira";"14:40:00";"RS";116;262,7;"CANOAS";"Acessar a via sem observar a presença dos outros veículos";"Colisão lateral mesmo sentido";"Sem Vítimas";"Pleno dia";"Crescente";"Sol";"Dupla";"Reta";"Sim";2;0;0;0;2;0;0;2;-29,896475;-51,17593;"SPRF-RS";"DEL01-RS";"UOP01-DEL01-RS"
562528;2023-11-20;"segunda-feira";"14:10:00";"RS";290;147,9;"ARROIO DOS RATOS";"Ausência de reação do condutor";"Colisão traseira";"Com Vítimas Feridas";"Pleno dia";"Decrescente";"Céu Claro";"Simples";"Em Obras;Reta";"Não";3;0;0;1;2;0;1;2;-30,10661669;-51,69636011;"SPRF-RS";"DEL02-RS";"UOP01-DEL02-RS"
562531;2023-11-20;"segunda-feira";"11:00:00";"MA";10;290;"IMPERATRIZ";"Reação tardia ou ineficiente do condutor";"Engavetamento";"Com Vítimas Feridas";"Pleno dia";"Crescente";"Céu Claro";"Simples";"Reta;Aclive;Em Obras";"Não";6;0;2;1;3;0;3;4;-5,19816;-47,519409;"SPRF-MA";"DEL04-MA";"UOP01-DEL04-MA"
562532;2023-11-18;"sábado";"16:00:00";"MS";158;4;"CASSILANDIA";"Ultrapassagem Indevida";"Queda de ocupante de veículo";"Com Vítimas Feridas";"Pleno dia";"Decrescente";"Céu Claro";"Simples";"Reta";"Sim";3;0;1;0;1;1;1;3;-19,12172416;-51,72355512;"SPRF-MS";"DEL08-MS";"UOP01-DEL08-MS"
562535;2023-11-20;"segunda-feira";"15:45:00";"RS";386;234,4;"SOLEDADE";"Reação tardia ou ineficiente do condutor";"Tombamento";"Com Vítimas Fatais";"Pleno dia";"Crescente";"Sol";"Simples";"Reta;Declive;Em Obras";"Não";2;1;0;0;0;1;0;2;-28,722898;-52,560581;"SPRF-RS";"DEL04-RS";"UOP03-DEL04-RS"
562539;2023-10-06;"sexta-feira";"19:00:00";"MA";10;178;"CAMPESTRE DO MARANHAO";"Transitar na contramão";"Colisão frontal";"Com Vítimas Feridas";"Plena Noite";"Decrescente";"Céu Claro";"Simples";"Reta";"Não";3;0;1;0;1;1;1;3;-6,158751;-47,367653;"SPRF-MA";"DEL04-MA";"UOP02-DEL04-MA"
562546;2023-11-20;"segunda-feira";"17:10:00";"RS";470;179;"VERANOPOLIS";"Manobra de mudança de faixa";"Colisão lateral mesmo sentido";"Com Vítimas Feridas";"Pleno dia";"Crescente";"Céu Claro";"Dupla";"Reta";"Não";3;0;1;0;2;0;1;2;-28,95614928;-51,56242466;"SPRF-RS";"DEL06-RS";"UOP02-DEL06-RS"
562555;2023-11-20;"segunda-feira";"15:40:00";"PR";376;601,6;"CURITIBA";"Demais falhas mecânicas ou elétricas";"Colisão traseira";"Com Vítimas Feridas";"Pleno dia";"Decrescente";"Céu Claro";"Dupla";"Reta";"Não";4;0;2;0;2;0;2;2;-25,537054;-49,31404;"SPRF-PR";"DEL01-PR";"UOP06-DEL01-PR"
562564;2023-09-01;"sexta-feira";"19:30:00";"SC";116;43,7;"ITAIOPOLIS";"Ultrapassagem Indevida";"Colisão lateral sentido oposto";"Com Vítimas Feridas";"Plena Noite";"Crescente";"Céu Claro";"Simples";"Curva";"Não";3;0;1;0;1;1;1;3;-26,33676966;-50,08224597;"SPRF-SC";"DEL06-SC";"UOP01-DEL06-SC"
562567;2023-11-20;"segunda-feira";"18:30:00";"ES";101;285,8;"CARIACICA";"Demais falhas mecânicas ou elétricas";"Colisão traseira";"Com Vítimas Feridas";"Plena Noite";"Crescente";"Chuva";"Dupla";"Declive;Curva";"Sim";3;0;1;0;2;0;1;2;-20,25148171;-40,37270066;"SPRF-ES";"DEL01-ES";"UOP01-DEL01-ES"
562571;2023-11-15;"quarta-feira";"18:50:00";"MS";267;482,9;"JARDIM";"Transitar na contramão";"Colisão frontal";"Sem Vítimas";"Plena Noite";"Crescente";"Céu Claro";"Simples";"Reta";"Sim";3;0;0;0;2;1;0;3;-21,48307021;-56,14631299;"SPRF-MS";"DEL05-MS";"UOP01-DEL05-MS"
562572;2023-11-20;"segunda-feira";"15:50:00";"MG";381;686,7;"LAVRAS";"Chuva";"Colisão traseira";"Com Vítimas Feridas";"Pleno dia";"Crescente";"Chuva";"Dupla";"Declive;Curva";"Não";6;0;1;0;4;2;1;7;-21,20030689;-45,11944438;"SPRF-MG";"DEL04-MG";"UOP02-DEL04-MG"
562573;2023-11-20;"segunda-feira";"19:47:00";"MG";381;488;"BETIM";"Ausência de reação do condutor";"Tombamento";"Com Vítimas Feridas";"Plena Noite";"Decrescente";"Chuva";"Dupla";"Curva;Viaduto";"Não";1;0;1;0;0;0;1;1;-19,95685839;-44,12746483;"SPRF-MG";"DEL01-MG";"UOP03-DEL01-MG"
562576;2023-11-20;"segunda-feira";"19:40:00";"MG";381;494;"BETIM";"Pista Escorregadia";"Colisão traseira";"Com Vítimas Feridas";"Plena Noite";"Crescente";"Chuva";"Múltipla";"Reta;Declive";"Sim";5;0;3;0;1;1;3;3;-19,985563;-44,20318;"SPRF-MG";"DEL01-MG";"UOP03-DEL01-MG"
562577;2023-11-20;"segunda-feira";"18:47:00";"RS";116;36;"VACARIA";"Demais falhas mecânicas ou elétricas";"Colisão com objeto";"Sem Vítimas";"Pleno dia";"Crescente";"Céu Claro";"Simples";"Reta";"Não";1;0;0;0;1;0;0;1;-28,49228783;-50,91057315;"SPRF-RS";"DEL05-RS";"UOP03-DEL05-RS"
562582;2023-11-20;"segunda-feira";"20:30:00";"SP";116;221;"GUARULHOS";"Manobra de mudança de faixa";"Colisão lateral mesmo sentido";"Com Vítimas Feridas";"Plena Noite";"Decrescente";"Céu Claro";"Múltipla";"Reta";"Sim";4;0;1;0;3;0;1;3;-23,46802395;-46,50704901;"SPRF-SP";"DEL01-SP";"UOP01-DEL01-SP"
562583;2023-11-20;"segunda-feira";"18:30:00";"RS";290;140,5;"ARROIO DOS RATOS";"Manobra de mudança de faixa";"Colisão lateral sentido oposto";"Com Vítimas Feridas";"Plena Noite";"Crescente";"Céu Claro";"Simples";"Reta";"Não";3;0;1;0;1;1;1;3;-30,082417;-51,609337;"SPRF-RS";"DEL02-RS";"UOP01-DEL02-RS"
562586;2023-10-29;"domingo";"01:10:00";"RS";290;270,9;"CACHOEIRA DO SUL";"Condutor Dormindo";"Colisão com objeto";"Com Vítimas Feridas";"Plena Noite";"Decrescente";"Céu Claro";"Simples";"Ponte;Reta";"Não";3;0;0;1;0;2;1;3;-30,27418994;-52,94483185;"SPRF-RS";"DEL02-RS";"UOP03-DEL02-RS"
562588;2023-11-20;"segunda-feira";"19:35:00";"PA";308;156;"CAPANEMA";"Transitar na contramão";"Colisão frontal";"Com Vítimas Fatais";"Plena Noite";"Crescente";"Céu Claro";"Simples";"Reta";"Não";2;1;0;0;1;0;0;2;-1,21143823;-47,1411;"SPRF-PA";"DEL01-PA";"UOP03-DEL01-PA"
562589;2023-11-20;"segunda-feira";"15:50:00";"SP";116;347;"MIRACATU";"Chuva";"Colisão lateral mesmo sentido";"Com Vítimas Feridas";"Pleno dia";"Decrescente";"Chuva";"Dupla";"Curva";"Não";5;0;1;0;3;1;1;2;-24,04699491;-47,19706111;"SPRF-SP";"DEL04-SP";"UOP03-DEL04-SP"
562596;2023-11-20;"segunda-feira";"18:30:00";"BA";407;193;"PONTO NOVO";"Transitar na contramão";"Colisão lateral sentido oposto";"Com Vítimas Feridas";"Anoitecer";"Decrescente";"Céu Claro";"Simples";"Reta";"Não";2;0;0;1;0;1;1;2;-11,04498084;-40,09226855;"SPRF-BA";"DEL04-BA";"UOP02-DEL04-BA"
562599;2023-11-20;"segunda-feira";"21:40:00";"MG";40;458;"SETE LAGOAS";"Pedestre cruzava a pista fora da faixa";"Atropelamento de Pedestre";"Com Vítimas Fatais";"Plena Noite";"Crescente";"Nublado";"Dupla";"Reta";"Não";3;1;0;0;1;1;0;3;-19,380294;-44,33825395;"SPRF-MG";"DEL02-MG";"UOP01-DEL02-MG"
562604;2023-11-20;"segunda-feira";"19:11:00";"AC";364;29;"ACRELANDIA";"Ausência de reação do condutor";"Colisão traseira";"Com Vítimas Feridas";"Plena Noite";"Crescente";"Chuva";"Simples";"Reta";"Não";3;0;2;0;0;1;2;2;-9,93803909;-66,999977;"SPRF-AC";"DEL01-AC";"UOP03-DEL01-AC"
562606;2023-11-20;"segunda-feira";"16:55:00";"PR";277;525;"GUARANIACU";"Ausência de reação do condutor";"Tombamento";"Com Vítimas Fatais";"Pleno dia";"Decrescente";"Céu Claro";"Simples";"Declive;Curva";"Não";2;1;0;0;0;1;0;2;-25,09150659;-52,91719437;"SPRF-PR";"DEL04-PR";"UOP04-DEL04-PR"
562616;2023-11-21;"terça-feira";"00:30:00";"MA";10;262,2;"IMPERATRIZ";"Ingestão de álcool pelo condutor";"Colisão frontal";"Sem Vítimas";"Plena Noite";"Crescente";"Ignorado";"Simples";"Em Obras;Reta";"Sim";3;0;0;0;2;3;0;5;-5,445326;-47,472542;"SPRF-MA";"DEL04-MA";"UOP01-DEL04-MA"
562618;2023-11-21;"terça-feira";"00:10:00";"BA";324;546;"AMELIA RODRIGUES";"Condutor Dormindo";"Tombamento";"Sem Vítimas";"Plena Noite";"Crescente";"Céu Claro";"Dupla";"Reta";"Não";2;0;0;0;1;1;0;2;-12,41513603;-38,75158107;"SPRF-BA";"DEL01-BA";"UOP03-DEL01-BA"
562620;2023-11-21;"terça-feira";"03:45:00";"MG";381;861,7;"POUSO ALEGRE";"Reação tardia ou ineficiente do condutor";"Colisão traseira";"Com Vítimas Feridas";"Plena Noite";"Decrescente";"Nublado";"Dupla";"Reta";"Não";3;0;0;1;1;3;1;5;-22,331534;-45,917027;"SPRF-MG";"DEL16-MG";"UOP01-DEL16-MG"
562622;2023-11-21;"terça-feira";"03:15:00";"SP";116;318;"JUQUITIBA";"Reação tardia ou ineficiente do condutor";"Tombamento";"Com Vítimas Feridas";"Amanhecer";"Decrescente";"Garoa/Chuvisco";"Múltipla";"Reta";"Sim";2;0;2;0;0;0;2;1;-23,92536222;-46,99376156;"SPRF-SP";"DEL04-SP";"UOP03-DEL04-SP"
562639;2023-11-21;"terça-feira";"05:30:00";"PI";343;226;"COCAL DE TELHA";"Ausência de reação do condutor";"Colisão traseira";"Com Vítimas Feridas";"Amanhecer";"Decrescente";"Céu Claro";"Simples";"Reta";"Sim";4;0;1;0;2;2;1;4;-4,565175;-41,975414;"SPRF-PI";"DEL01-PI";"UOP03-DEL01-PI"
562640;2023-11-01;"quarta-feira";"13:10:00";"SP";153;88;"MIRASSOL";"Condutor Dormindo";"Engavetamento";"Com Vítimas Feridas";"Pleno dia";"Crescente";"Céu Claro";"Simples";"Reta";"Sim";6;0;3;0;3;0;3;4;-20,94945283;-49,5429491;"SPRF-SP";"DEL09-SP";"UOP01-DEL09-SP"
562641;2023-11-21;"terça-feira";"06:30:00";"PB";230;372;"CONDADO";"Reação tardia ou ineficiente do condutor";"Colisão frontal";"Com Vítimas Feridas";"Pleno dia";"Decrescente";"Céu Claro";"Simples";"Reta";"Não";2;0;0;1;1;0;1;2;-6,9082;-37,5675;"SPRF-PB";"DEL03-PB";"UOP02-DEL03-PB"
562642;2023-11-21;"terça-feira";"01:00:00";"SC";116;101;"MONTE CASTELO";"Ausência de reação do condutor";"Saída de leito carroçável";"Com Vítimas Feridas";"Plena Noite";"Decrescente";"Nublado";"Simples";"Reta;Declive";"Não";1;0;1;0;0;0;1;1;-26,7436798;-50,32819748;"SPRF-SC";"DEL06-SC";"UOP02-DEL06-SC"
562644;2023-11-20;"segunda-feira";"23:30:00";"MG";50;16;"ARAGUARI";"Velocidade Incompatível";"Saída de leito carroçável";"Com Vítimas Feridas";"Plena Noite";"Crescente";"Céu Claro";"Dupla";"Curva";"Não";1;0;1;0;0;0;1;1;-18,55486284;-48,05572438;"SPRF-MG";"DEL15-MG";"UOP02-DEL15-MG"
562649;2023-11-12;"domingo";"00:35:00";"PR";373;422;"CANDOI";"Ausência de reação do condutor";"Colisão lateral sentido oposto";"Com Vítimas Feridas";"Plena Noite";"Crescente";"Céu Claro";"Simples";"Curva";"Não";7;0;2;0;4;1;2;3;-25,70512086;-52,17452509;"SPRF-PR";"DEL08-PR";"UOP01-DEL08-PR"
562650;2023-11-21;"terça-feira";"07:00:00";"MS";163;486,3;"CAMPO GRANDE";"Ausência de reação do condutor";"Tombamento";"Com Vítimas Feridas";"Pleno dia";"Crescente";"Nublado";"Simples";"Reta";"Não";3;0;1;0;0;2;1;3;-20,4336361;-54,54376745;"SPRF-MS";"DEL01-MS";"UOP02-DEL01-MS"
562657;2023-11-21;"terça-feira";"07:30:00";"RS";386;260;"FONTOURA XAVIER";"Ingestão de álcool pelo condutor";"Colisão lateral mesmo sentido";"Sem Vítimas";"Pleno dia";"Crescente";"Céu Claro";"Simples";"Curva";"Não";3;0;0;0;2;2;0;4;-28,892323;-52,40966;"SPRF-RS";"DEL04-RS";"UOP03-DEL04-RS"
562662;2023-11-21;"terça-feira";"08:30:00";"RS";290;213,3;"PANTANO GRANDE";"Desrespeitar a preferência no cruzamento";"Colisão transversal";"Com Vítimas Feridas";"Pleno dia";"Crescente";"Sol";"Simples";"Rotatória";"Não";3;0;1;0;2;0;1;2;-30,18712824;-52,35843658;"SPRF-RS";"DEL02-RS";"UOP03-DEL02-RS"
562670;2023-11-21;"terça-feira";"09:00:00";"SP";116;350,5;"MIRACATU";"Ausência de reação do condutor";"Colisão traseira";"Com Vítimas Feridas";"Pleno dia";"Crescente";"Nublado";"Dupla";"Declive;Curva";"Não";3;0;1;0;2;0;1;2;-24,05853299;-47,21739301;"SPRF-SP";"DEL04-SP";"UOP03-DEL04-SP"
562672;2023-11-21;"terça-feira";"07:00:00";"MG";381;597,9;"CARMOPOLIS DE MINAS";"Condutor Dormindo";"Colisão traseira";"Com Vítimas Feridas";"Amanhecer";"Decrescente";"Céu Claro";"Dupla";"Aclive;Reta";"Não";4;0;1;0;1;3;1;5;-20,60569501;-44,72419499;"SPRF-MG";"DEL04-MG";"UOP01-DEL04-MG"
562673;2023-11-21;"terça-feira";"08:30:00";"MG";262;156,3;"SAO DOMINGOS DO PRATA";"Ausência de reação do condutor";"Colisão traseira";"Com Vítimas Feridas";"Pleno dia";"Decrescente";"Céu Claro";"Simples";"Curva;Declive";"Não";4;0;0;2;1;1;2;3;-19,96918809;-42,80367008;"SPRF-MG";"DEL03-MG";"UOP03-DEL03-MG"
562675;2023-11-21;"terça-feira";"10:40:00";"RS";386;159;"ALMIRANTE TAMANDARE DO SUL";"Manobra de mudança de faixa";"Colisão lateral sentido oposto";"Com Vítimas Feridas";"Pleno dia";"Crescente";"Céu Claro";"Simples";"Reta";"Não";3;0;1;0;2;0;1;2;-28,150818;-52,847565;"SPRF-RS";"DEL08-RS";"UOP01-DEL08-RS"
562681;2023-11-21;"terça-feira";"11:30:00";"RJ";116;264;"PIRAI";"Acessar a via sem observar a presença dos outros veículos";"Capotamento";"Com Vítimas Feridas";"Pleno dia";"Crescente";"Céu Claro";"Dupla";"Curva";"Não";3;0;1;0;2;0;1;3;-22,59213864;-44,07723781;"SPRF-RJ";"DEL07-RJ";"UOP02-DEL07-RJ"
562683;2023-11-21;"terça-feira";"08:15:00";"MG";262;613;"IBIA";"Velocidade Incompatível";"Colisão frontal";"Com Vítimas Fatais";"Pleno dia";"Decrescente";"Céu Claro";"Simples";"Curva";"Não";4;1;1;0;1;2;1;5;-19,59165703;-46,30853101;"SPRF-MG";"DEL08-MG";"UOP02-DEL08-MG"
562684;2023-11-21;"terça-feira";"11:20:00";"PA";316;68;"CASTANHAL";"Transitar na contramão";"Colisão lateral sentido oposto";"Com Vítimas Feridas";"Pleno dia";"Decrescente";"Céu Claro";"Simples";"Reta";"Sim";5;0;0;1;3;2;1;6;-1,29440507;-47,88382304;"SPRF-PA";"DEL01-PA";"UOP01-DEL01-PA"
562688;2023-11-21;"terça-feira";"11:52:00";"PE";101;50;"ABREU E LIMA";"Trafegar com motocicleta (ou similar) entre as faixas";"Colisão lateral mesmo sentido";"Com Vítimas Feridas";"Pleno dia";"Crescente";"Nublado";"Múltipla";"Reta";"Sim";3;0;0;1;1;1;1;3;-7,90938602;-34,90123228;"SPRF-PE";"DEL01-PE";"UOP02-DEL01-PE"
562697;2023-11-21;"terça-feira";"11:05:00";"SE";101;44;"JAPARATUBA";"Ausência de reação do condutor";"Saída de leito carroçável";"Sem Vítimas";"Pleno dia";"Crescente";"Céu Claro";"Dupla";"Reta;Declive";"Não";2;0;0;0;1;1;0;2;-10,555492;-36,971121;"SPRF-SE";"DEL02-SE";"UOP02-DEL02-SE"
562703;2023-11-09;"quinta-feira";"20:38:00";"MG";381;486,5;"BETIM";"Objeto estático sobre o leito carroçável";"Colisão traseira";"Com Vítimas Feridas";"Plena Noite";"Decrescente";"Céu Claro";"Múltipla";"Reta";"Sim";5;0;2;0;1;3;2;6;-19,95586853;-44,14609501;"SPRF-MG";"DEL01-MG";"UOP03-DEL01-MG"
562711;2023-11-21;"terça-feira";"13:30:00";"SP";116;291;"ITAPECERICA DA SERRA";"Trafegar com motocicleta (ou similar) entre as faixas";"Colisão lateral mesmo sentido";"Sem Vítimas";"Pleno dia";"Decrescente";"Céu Claro";"Dupla";"Reta";"Não";4;0;0;0;4;0;0;4;-23,73826593;-46,89672721;"SPRF-SP";"DEL04-SP";"UOP01-DEL04-SP"
562713;2023-11-21;"terça-feira";"14:05:00";"BA";116;762;"POCOES";"Reação tardia ou ineficiente do condutor";"Colisão traseira";"Com Vítimas Feridas";"Pleno dia";"Crescente";"Céu Claro";"Simples";"Reta";"Não";4;0;1;0;2;1;1;3;-14,50481991;-40,35798409;"SPRF-BA";"DEL08-BA";"UOP02-DEL08-BA"
562715;2023-11-21;"terça-feira";"13:30:00";"MT";364;402;"CUIABA";"Ausência de reação do condutor";"Tombamento";"Com Vítimas Feridas";"Pleno dia";"Decrescente";"Céu Claro";"Dupla";"Reta;Interseção de Vias";"Sim";2;0;0;1;0;3;1;4;-15,651273;-55,996652;"SPRF-MT";"DEL01-MT";"UOP02-DEL01-MT"
562723;2023-11-05;"domingo";"06:50:00";"SC";282;618;"IRACEMINHA";"Desrespeitar a preferência no cruzamento";"Colisão frontal";"Sem Vítimas";"Pleno dia";"Decrescente";"Céu Claro";"Simples";"Reta";"Não";2;0;0;0;1;1;0;2;-26,788088;-53,293259;"SPRF-SC";"DEL07-SC";"UOP02-DEL07-SC"
562726;2023-11-21;"terça-feira";"15:10:00";"MG";381;917,3;"CAMANDUCAIA";"Velocidade Incompatível";"Tombamento";"Com Vítimas Feridas";"Pleno dia";"Crescente";"Sol";"Dupla";"Curva";"Não";2;0;1;0;0;1;1;2;-22,76700121;-46,17875277;"SPRF-MG";"DEL16-MG";"UOP03-DEL16-MG"
562729;2023-11-21;"terça-feira";"15:50:00";"SC";280;29,4;"ARAQUARI";"Transitar na contramão";"Colisão lateral mesmo sentido";"Sem Vítimas";"Pleno dia";"Decrescente";"Céu Claro";"Simples";"Reta";"Não";2;0;0;0;2;0;0;2;-26,41066264;-48,75295628;"SPRF-SC";"DEL03-SC";"UOP03-DEL03-SC"
562730;2023-11-21;"terça-feira";"10:20:00";"RJ";393;262;"BARRA DO PIRAI";"Condutor Dormindo";"Colisão frontal";"Com Vítimas Feridas";"Pleno dia";"Crescente";"Céu Claro";"Simples";"Curva";"Não";3;0;2;0;1;0;2;3;-22,46663184;-43,85828802;"SPRF-RJ";"DEL05-RJ";"UOP04-DEL05-RJ"
562731;2023-11-21;"terça-feira";"15:10:00";"BA";324;580;"CANDEIAS";"Manobra de mudança de faixa";"Colisão com objeto";"Com Vítimas Feridas";"Pleno dia";"Decrescente";"Sol";"Dupla";"Reta";"Não";1;0;1;0;0;0;1;1;-12,607366;-38,495032;"SPRF-BA";"DEL01-BA";"UOP01-DEL01-BA"
562732;2023-11-21;"terça-feira";"15:00:00";"AL";101;53,7;"FLEXEIRAS";"Acumulo de água sobre o pavimento";"Saída de leito carroçável";"Sem Vítimas";"Pleno dia";"Crescente";"Garoa/Chuvisco";"Dupla";"Reta";"Não";2;0;0;0;1;1;0;2;-9,24853718;-35,76615286;"SPRF-AL";"DEL01-AL";"UOP02-DEL01-AL"
562736;2023-11-21;"terça-feira";"15:00:00";"MT";163;818;"SINOP";"Afundamento ou ondulação no pavimento";"Saída de leito carroçável";"Com Vítimas Feridas";"Pleno dia";"Decrescente";"Céu Claro";"Simples";"Declive;Reta;Em Obras";"Não";2;0;1;0;0;1;1;2;-12,13923003;-55,5145573;"SPRF-MT";"DEL06-MT";"UOP02-DEL06-MT"
562737;2023-11-21;"terça-feira";"14:30:00";"PE";101;202,5;"XEXEU";"Velocidade Incompatível";"Colisão lateral mesmo sentido";"Com Vítimas Feridas";"Pleno dia";"Decrescente";"Chuva";"Dupla";"Curva";"Não";5;0;4;0;0;1;4;3;-8,789545;-35,622338;"SPRF-PE";"DEL01-PE";"UOP03-DEL01-PE"
562741;2023-11-21;"terça-feira";"15:30:00";"SP";116;209;"GUARULHOS";"Ausência de reação do condutor";"Colisão traseira";"Sem Vítimas";"Pleno dia";"Decrescente";"Sol";"Múltipla";"Reta";"Sim";4;0;0;0;3;1;0;4;-23,42511799;-46,40221101;"SPRF-SP";"DEL01-SP";"UOP01-DEL01-SP"
562744;2023-11-21;"terça-feira";"15:00:00";"TO";153;350;"FORTALEZA DO TABOCAO";"Transitar na contramão";"Colisão lateral sentido oposto";"Com Vítimas Feridas";"Pleno dia";"Crescente";"Céu Claro";"Simples";"Reta";"Não";5;0;1;0;3;3;1;7;-8,97819298;-48,49764907;"SPRF-TO";"DEL02-TO";"UOP02-DEL02-TO"
562746;2023-11-21;"terça-feira";"09:50:00";"MA";230;71;"SUCUPIRA DO RIACHAO";"Reação tardia ou ineficiente do condutor";"Colisão lateral sentido oposto";"Sem Vítimas";"Pleno dia";"Crescente";"Céu Claro";"Simples";"Curva";"Não";3;0;0;0;2;3;0;4;-6,51987272;-43,54563556;"SPRF-PI";"DEL03-PI";"UOP01-DEL03-PI"
562747;2023-11-21;"terça-feira";"15:25:00";"SC";153;97,5;"CONCORDIA";"Acessar a via sem observar a presença dos outros veículos";"Colisão transversal";"Com Vítimas Feridas";"Pleno dia";"Decrescente";"Céu Claro";"Simples";"Curva;Rotatória";"Sim";2;0;1;0;1;0;1;2;-27,22954254;-51,95277929;"SPRF-SC";"DEL07-SC";"UOP04-DEL07-SC"
562752;2023-11-21;"terça-feira";"13:30:00";"MG";262;136;"RIO CASCA";"Ausência de reação do condutor";"Colisão lateral sentido oposto";"Com Vítimas Feridas";"Pleno dia";"Crescente";"Céu Claro";"Simples";"Reta";"Não";2;0;1;0;1;0;1;2;-20,1044888;-42,6979689;"SPRF-MG";"DEL03-MG";"UOP03-DEL03-MG"
562763;2023-11-21;"terça-feira";"17:00:00";"RS";386;307,3;"POUSO NOVO";"Curva acentuada";"Saída de leito carroçável";"Com Vítimas Feridas";"Pleno dia";"Crescente";"Sol";"Simples";"Declive;Curva";"Não";1;0;1;0;0;0;1;1;-29,202335;-52,183838;"SPRF-RS";"DEL04-RS";"UOP01-DEL04-RS"
562771;2023-11-21;"terça-feira";"16:00:00";"PE";104;135;"QUIPAPA";"Velocidade Incompatível";"Tombamento";"Com Vítimas Feridas";"Pleno dia";"Crescente";"Ignorado";"Simples";"Curva";"Não";3;0;0;2;0;1;2;2;-8,81962231;-36,01896156;"SPRF-PE";"DEL02-PE";"UOP03-DEL02-PE"
562773;2023-11-21;"terça-feira";"18:05:00";"SC";280;128;"RIO NEGRINHO";"Acessar a via sem observar a presença dos outros veículos";"Colisão lateral mesmo sentido";"Sem Vítimas";"Pleno dia";"Crescente";"Céu Claro";"Simples";"Aclive;Reta";"Sim";3;0;0;0;2;1;0;3;-26,24296304;-49,51259136;"SPRF-SC";"DEL06-SC";"UOP03-DEL06-SC"
562782;2023-11-21;"terça-feira";"16:20:00";"GO";153;570;"PROFESSOR JAMIL";"Acumulo de água sobre o pavimento";"Saída de leito carroçável";"Com Vítimas Feridas";"Pleno dia";"Decrescente";"Chuva";"Dupla";"Reta";"Não";3;0;2;0;1;0;2;1;-17,3032;-49,2355;"SPRF-GO";"DEL03-GO";"UOP01-DEL03-GO"
562785;2023-11-10;"sexta-feira";"00:30:00";"PE";316;280;"BELEM DE SAO FRANCISCO";"Animais na Pista";"Atropelamento de Animal";"Com Vítimas Feridas";"Plena Noite";"Crescente";"Céu Claro";"Simples";"Reta";"Não";2;0;1;0;0;1;1;2;-8,67159921;-38,77568793;"SPRF-PE";"DEL04-PE";"UOP03-DEL04-PE"
562787;2023-11-21;"terça-feira";"19:30:00";"RS";158;154;"PANAMBI";"Demais falhas na via";"Saída de leito carroçável";"Com Vítimas Feridas";"Anoitecer";"Crescente";"Céu Claro";"Simples";"Reta";"Não";4;0;2;1;1;0;3;3;-28,31080108;-53,49251523;"SPRF-RS";"DEL10-RS";"UOP02-DEL10-RS"
562789;2023-11-21;"terça-feira";"19:50:00";"PR";369;508;"CASCAVEL";"Velocidade Incompatível";"Tombamento";"Com Vítimas Feridas";"Plena Noite";"Decrescente";"Céu Claro";"Múltipla";"Curva;Aclive";"Sim";2;0;0;1;0;1;1;2;-24,96044398;-53,39782693;"SPRF-PR";"DEL04-PR";"UOP01-DEL04-PR"
562793;2023-11-21;"terça-feira";"18:30:00";"MA";10;161;"PORTO FRANCO";"Acessar a via sem observar a presença dos outros veículos";"Colisão transversal";"Com Vítimas Feridas";"Anoitecer";"Decrescente";"Céu Claro";"Simples";"Reta";"Não";4;0;1;1;1;2;2;4;-6,311336;-47,366684;"SPRF-MA";"DEL04-MA";"UOP02-DEL04-MA"
562794;2023-11-21;"terça-feira";"19:30:00";"MS";163;149;"NAVIRAI";"Demais falhas mecânicas ou elétricas";"Incêndio";"Sem Vítimas";"Plena Noite";"Decrescente";"Céu Claro";"Simples";"Reta";"Não";2;0;0;0;1;1;0;2;-22,96919073;-54,42187272;"SPRF-MS";"DEL09-MS";"UOP01-DEL09-MS"
562799;2023-11-21;"terça-feira";"21:30:00";"PR";116;112;"CURITIBA";"Reação tardia ou ineficiente do condutor";"Saída de leito carroçável";"Com Vítimas Feridas";"Plena Noite";"Crescente";"Céu Claro";"Dupla";"Reta";"Sim";2;0;1;0;0;1;1;2;-25,550265;-49,282307;"SPRF-PR";"DEL01-PR";"UOP07-DEL01-PR"
562809;2023-11-21;"terça-feira";"16:00:00";"MT";163;699;"SORRISO";"Reação tardia ou ineficiente do condutor";"Colisão traseira";"Com Vítimas Feridas";"Anoitecer";"Decrescente";"Céu Claro";"Simples";"Reta";"Não";3;0;0;1;1;2;1;4;-12,982484;-55,879675;"SPRF-MT";"DEL06-MT";"UOP01-DEL06-MT"
562810;2023-11-21;"terça-feira";"18:55:00";"RS";470;195;"BENTO GONCALVES";"Reação tardia ou ineficiente do condutor";"Colisão traseira";"Com Vítimas Feridas";"Plena Noite";"Decrescente";"Céu Claro";"Simples";"Curva;Declive";"Não";8;0;3;0;4;1;3;3;-29,05097073;-51,58205288;"SPRF-RS";"DEL06-RS";"UOP02-DEL06-RS"
562812;2023-11-22;"quarta-feira";"00:40:00";"SP";116;103,2;"TAUBATE";"Velocidade Incompatível";"Engavetamento";"Com Vítimas Fatais";"Plena Noite";"Decrescente";"Chuva";"Dupla";"Reta;Declive";"Não";6;3;0;0;2;2;0;5;-22,99919465;-45,49788917;"SPRF-SP";"DEL02-SP";"UOP02-DEL02-SP"