"id";"data_inversa";"dia_semana";"horario";"uf";"br";"km";"municipio";"causa_acidente";"tipo_acidente";"classificacao_acidente";"fase_dia";"sentido_via";"condicao_metereologica";"tipo_pista";"tracado_via";"uso_solo";"pessoas";"mortos";"feridos_leves";"feridos_graves";"ilesos";"ignorados";"feridos";"veiculos";"latitude";"longitude";"regional";"delegacia";"uop"
562813;2023-11-22;"quarta-feira";"00:05:00";"SC";101;17,7;"JOINVILLE";"Ausência de reação do condutor";"Colisão lateral mesmo sentido";"Com Vítimas Feridas";"Plena Noite";"Crescente";"Nublado";"Dupla";"Reta";"Não";2;0;1;0;1;0;1;2;-26,12141519;-48,88262078;"SPRF-SC";"DEL03-SC";"UOP01-DEL03-SC"
562815;2023-11-22;"quarta-feira";"00:35:00";"SP";116;102,5;"PINDAMONHANGABA";"Ausência de reação do condutor";"Colisão traseira";"Com Vítimas Feridas";"Plena Noite";"Decrescente";"Chuva";"Dupla";"Aclive";"Não";3;0;1;0;2;0;1;2;-22,99497994;-45,48951403;"SPRF-SP";"DEL08-SP";"UOP01-DEL08-SP"
562821;2023-11-22;"quarta-feira";"01:50:00";"CE";222;301;"TIANGUA";"Ausência de reação do condutor";"Tombamento";"Com Vítimas Feridas";"Plena Noite";"Decrescente";"Céu Claro";"Simples";"Curva;Declive";"Não";3;0;1;0;2;0;1;1;-3,66159701;-40,940041;"SPRF-CE";"DEL04-CE";"UOP02-DEL04-CE"
562822;2023-11-22;"quarta-feira";"05:00:00";"RS";116;301;"GUAIBA";"Ingestão de álcool pelo condutor";"Colisão frontal";"Com Vítimas Feridas";"Amanhecer";"Crescente";"Céu Claro";"Simples";"Reta";"Sim";2;0;0;1;1;0;1;2;-30,131899;-51,353867;"SPRF-RS";"DEL02-RS";"UOP01-DEL02-RS"
562824;2023-11-22;"quarta-feira";"04:20:00";"MG";381;753;"TRES CORACOES";"Condutor Dormindo";"Colisão traseira";"Sem Vítimas";"Amanhecer";"Decrescente";"Céu Claro";"Dupla";"Aclive;Reta";"Não";5;0;0;0;4;2;0;6;-21,67856574;-45,34113742;"SPRF-MG";"DEL16-MG";"UOP02-DEL16-MG"
562827;2023-11-21;"terça-feira";"19:40:00";"GO";20;142;"FLORES DE GOIAS";"Acumulo de água sobre o pavimento";"Saída de leito carroçável";"Sem Vítimas";"Plena Noite";"Crescente";"Chuva";"Simples";"Reta";"Não";1;0;0;0;1;0;0;1;-14,759251;-46,671932;"SPRF-DF";"DEL02-DF";"UOP03-DEL02-DF"
562829;2023-11-22;"quarta-feira";"06:10:00";"BA";116;775,5;"PLANALTO";"Reação tardia ou ineficiente do condutor";"Colisão frontal";"Com Vítimas Feridas";"Pleno dia";"Decrescente";"Céu Claro";"Simples";"Reta";"Sim";4;0;1;0;2;1;1;3;-14,59057296;-40,43438011;"SPRF-BA";"DEL08-BA";"UOP02-DEL08-BA"
562836;2023-11-22;"quarta-feira";"08:00:00";"ES";101;270;"SERRA";"Acessar a via sem observar a presença dos outros veículos";"Colisão transversal";"Com Vítimas Feridas";"Pleno dia";"Crescente";"Céu Claro";"Múltipla";"Reta";"Sim";3;0;0;1;1;1;1;3;-20,22662056;-40,27075088;"SPRF-ES";"DEL02-ES";"UOP01-DEL02-ES"
562845;2023-11-21;"terça-feira";"16:40:00";"BA";30;306;"RIO DO ANTONIO";"Reação tardia ou ineficiente do condutor";"Saída de leito carroçável";"Com Vítimas Feridas";"Pleno dia";"Decrescente";"Céu Claro";"Simples";"Curva";"Não";2;0;0;1;1;0;1;1;-14,17456904;-42,18130955;"SPRF-BA";"DEL08-BA";"UOP01-DEL08-BA"
562851;2023-11-22;"quarta-feira";"07:40:00";"PR";376;594,5;"CURITIBA";"Trafegar com motocicleta (ou similar) entre as faixas";"Colisão lateral mesmo sentido";"Com Vítimas Fatais";"Pleno dia";"Crescente";"Céu Claro";"Dupla";"Reta";"Sim";3;1;0;0;1;3;0;5;-25,48479613;-49,34730331;"SPRF-PR";"DEL01-PR";"UOP06-DEL01-PR"
562853;2023-11-22;"quarta-feira";"08:59:00";"TO";153;160;"ARAGUAINA";"Ausência de reação do condutor";"Colisão traseira";"Sem Vítimas";"Pleno dia";"Crescente";"Céu Claro";"Simples";"Reta";"Não";3;0;0;0;2;1;0;3;-7,32115694;-48,3055211;"SPRF-TO";"DEL02-TO";"UOP01-DEL02-TO"
562857;2023-11-22;"quarta-feira";"09:50:00";"MG";381;434;"SABARA";"Problema com o freio";"Colisão traseira";"Com Vítimas Feridas";"Pleno dia";"Crescente";"Céu Claro";"Simples";"Reta;Declive";"Não";3;0;1;0;1;1;1;3;-19,78727923;-43,72789264;"SPRF-MG";"DEL01-MG";"UOP01-DEL01-MG"
562861;2023-11-22;"quarta-feira";"11:00:00";"SP";381;37;"ATIBAIA";"Demais falhas mecânicas ou elétricas";"Colisão traseira";"Com Vítimas Feridas";"Pleno dia";"Crescente";"Céu Claro";"Dupla";"Curva;Interseção de Vias;Declive";"Não";4;0;1;0;3;0;1;3;-23,10506237;-46,56881577;"SPRF-SP";"DEL03-SP";"UOP01-DEL03-SP"
562862;2023-11-22;"quarta-feira";"10:00:00";"BA";242;807;"BARREIRAS";"Reação tardia ou ineficiente do condutor";"Colisão lateral sentido oposto";"Com Vítimas Feridas";"Pleno dia";"Decrescente";"Céu Claro";"Simples";"Reta";"Não";3;0;1;0;1;3;1;5;-12,13499828;-45,11226654;"SPRF-BA";"DEL10-BA";"UOP01-DEL10-BA"
562864;2023-11-22;"quarta-feira";"07:30:00";"MT";70;76;"GENERAL CARNEIRO";"Velocidade Incompatível";"Saída de leito carroçável";"Com Vítimas Feridas";"Pleno dia";"Decrescente";"Nublado";"Simples";"Curva";"Não";2;0;1;0;0;1;1;2;-15,67421693;-52,81408803;"SPRF-MT";"DEL07-MT";"UOP01-DEL07-MT"
562865;2023-11-22;"quarta-feira";"11:35:00";"MG";381;489;"BETIM";"Manobra de mudança de faixa";"Colisão lateral mesmo sentido";"Com Vítimas Feridas";"Pleno dia";"Crescente";"Céu Claro";"Dupla";"Reta";"Sim";7;0;3;0;3;1;3;4;-19,96245618;-44,16455495;"SPRF-MG";"DEL01-MG";"UOP03-DEL01-MG"
562866;2023-11-22;"quarta-feira";"10:49:00";"MG";381;913;"CAMANDUCAIA";"Velocidade Incompatível";"Tombamento";"Com Vítimas Feridas";"Pleno dia";"Crescente";"Nublado";"Dupla";"Curva";"Não";5;0;1;0;3;3;1;7;-22,75390001;-46,146503;"SPRF-MG";"DEL16-MG";"UOP03-DEL16-MG"
562867;2023-11-22;"quarta-feira";"08:00:00";"MT";364;25,6;"ALTO ARAGUAIA";"Sinalização mal posicionada";"Saída de leito carroçável";"Com Vítimas Feridas";"Pleno dia";"Decrescente";"Céu Claro";"Simples";"Declive;Reta;Em Obras";"Não";3;0;1;0;0;2;1;3;-17,18398184;-53,37848084;"SPRF-MT";"DEL02-MT";"UOP02-DEL02-MT"
562869;2023-11-22;"quarta-feira";"10:35:00";"SC";116;3,5;"MAFRA";"Condutor deixou de manter distância do veículo da frente";"Colisão traseira";"Com Vítimas Feridas";"Pleno dia";"Crescente";"Céu Claro";"Simples";"Reta;Aclive";"Sim";3;0;1;0;1;1;1;3;-26,13073161;-49,79922442;"SPRF-SC";"DEL06-SC";"UOP01-DEL06-SC"
562873;2023-11-22;"quarta-feira";"11:50:00";"PR";376;66,2;"GUAIRACA";"Desrespeitar a preferência no cruzamento";"Colisão traseira";"Sem Vítimas";"Pleno dia";"Crescente";"Céu Claro";"Simples";"Reta;Interseção de Vias";"Não";5;0;0;0;4;2;0;6;-22,93107785;-52,77601999;"SPRF-PR";"DEL09-PR";"UOP02-DEL09-PR"
562876;2023-10-30;"segunda-feira";"06:50:00";"PR";376;170,8;"MARINGA";"Condutor deixou de manter distância do veículo da frente";"Colisão traseira";"Com Vítimas Feridas";"Pleno dia";"Decrescente";"Chuva";"Dupla";"Reta;Rotatória";"Sim";4;0;0;1;3;0;1;4;-23,40969647;-51,98764801;"SPRF-PR";"DEL09-PR";"UOP01-DEL09-PR"
562879;2023-11-22;"quarta-feira";"11:00:00";"PR";163;35,7;"SANTO ANTONIO DO SUDOESTE";"Velocidade Incompatível";"Tombamento";"Com Vítimas Feridas";"Pleno dia";"Crescente";"Céu Claro";"Simples";"Rotatória";"Sim";3;0;1;0;1;1;1;2;-26,0595587;-53,72005463;"SPRF-PR";"DEL02-PR";"UOP02-DEL02-PR"
562880;2023-11-22;"quarta-feira";"13:43:00";"ES";262;17;"VIANA";"Desrespeitar a preferência no cruzamento";"Colisão transversal";"Com Vítimas Feridas";"Pleno dia";"Crescente";"Céu Claro";"Simples";"Reta";"Sim";3;0;2;0;1;0;2;2;-20,38635961;-40,47272969;"SPRF-ES";"DEL01-ES";"UOP01-DEL01-ES"
562885;2023-11-22;"quarta-feira";"07:15:00";"PA";163;917,5;"BELTERRA";"Ultrapassagem Indevida";"Colisão com objeto";"Com Vítimas Fatais";"Pleno dia";"Decrescente";"Nevoeiro/Neblina";"Simples";"Reta;Declive";"Não";4;1;0;0;1;3;0;5;-3,08982197;-54,9259931;"SPRF-PA";"DEL05-PA";"UOP01-DEL05-PA"
562886;2023-11-22;"quarta-feira";"13:00:00";"MG";381;456;"BELO HORIZONTE";"Condutor deixou de manter distância do veículo da frente";"Engavetamento";"Com Vítimas Feridas";"Pleno dia";"Crescente";"Nublado";"Dupla";"Reta";"Sim";3;0;2;0;1;0;2;2;-19,85862954;-43,91292495;"SPRF-MG";"DEL01-MG";"UOP01-DEL01-MG"
562890;2023-11-22;"quarta-feira";"14:20:00";"SP";116;206;"GUARULHOS";"Reação tardia ou ineficiente do condutor";"Saída de leito carroçável";"Com Vítimas Feridas";"Pleno dia";"Crescente";"Céu Claro";"Dupla";"Reta";"Sim";2;0;1;0;0;1;1;2;-23,41722629;-46,37510292;"SPRF-SP";"DEL01-SP";"UOP01-DEL01-SP"
562893;2023-11-22;"quarta-feira";"13:15:00";"MS";262;125;"AGUA CLARA";"Condutor Dormindo";"Colisão traseira";"Com Vítimas Feridas";"Pleno dia";"Crescente";"Céu Claro";"Simples";"Reta;Aclive";"Não";4;0;1;0;2;1;1;3;-20,49760586;-52,72013697;"SPRF-MS";"DEL07-MS";"UOP02-DEL07-MS"
562901;2023-11-22;"quarta-feira";"15:40:00";"SC";101;157;"PORTO BELO";"Velocidade Incompatível";"Colisão transversal";"Com Vítimas Feridas";"Pleno dia";"Crescente";"Chuva";"Dupla";"Reta";"Sim";4;0;1;0;2;2;1;4;-27,181625;-48,6121179;"SPRF-SC";"DEL04-SC";"UOP03-DEL04-SC"
562902;2023-11-22;"quarta-feira";"13:50:00";"SC";282;319,2;"VARGEM";"Avarias e/ou desgaste excessivo no pneu";"Tombamento";"Sem Vítimas";"Pleno dia";"Crescente";"Chuva";"Simples";"Reta";"Não";4;0;0;0;3;1;0;3;-27,423697;-51,03046;"SPRF-SC";"DEL07-SC";"UOP06-DEL07-SC"
562905;2023-11-22;"quarta-feira";"12:11:00";"PB";405;27,5;"SAO JOAO DO RIO DO PEIXE";"Ausência de reação do condutor";"Saída de leito carroçável";"Sem Vítimas";"Pleno dia";"Decrescente";"Céu Claro";"Simples";"Reta";"Não";1;0;0;0;0;1;0;1;-6,679955;-38,442372;"SPRF-PB";"DEL03-PB";"UOP03-DEL03-PB"
562908;2023-11-22;"quarta-feira";"17:00:00";"PR";116;135;"MANDIRITUBA";"Reação tardia ou ineficiente do condutor";"Colisão com objeto";"Com Vítimas Feridas";"Pleno dia";"Decrescente";"Chuva";"Dupla";"Reta";"Não";2;0;0;1;0;1;1;2;-25,72437766;-49,31757063;"SPRF-PR";"DEL01-PR";"UOP03-DEL01-PR"
562909;2023-11-22;"quarta-feira";"16:15:00";"MG";262;366;"JUATUBA";"Chuva";"Colisão frontal";"Com Vítimas Feridas";"Pleno dia";"Crescente";"Chuva";"Dupla";"Reta;Declive";"Não";3;0;1;0;2;0;1;2;-19,974217;-44,261798;"SPRF-MG";"DEL01-MG";"UOP03-DEL01-MG"
562911;2023-11-22;"quarta-feira";"14:00:00";"PR";153;78,6;"CONSELHEIRO MAIRINCK";"Velocidade Incompatível";"Tombamento";"Sem Vítimas";"Pleno dia";"Decrescente";"Nublado";"Simples";"Declive;Curva";"Não";2;0;0;0;1;1;0;2;-23,58652909;-50,14448225;"SPRF-PR";"DEL07-PR";"UOP04-DEL07-PR"
562912;2023-11-22;"quarta-feira";"17:10:00";"RJ";393;282,5;"VOLTA REDONDA";"Condutor deixou de manter distância do veículo da frente";"Colisão traseira";"Sem Vítimas";"Pleno dia";"Decrescente";"Nublado";"Simples";"Reta";"Sim";3;0;0;0;2;1;0;3;-22,48082784;-44,04047201;"SPRF-RJ";"DEL05-RJ";"UOP04-DEL05-RJ"
562913;2023-11-22;"quarta-feira";"14:50:00";"SC";280;154,1;"MAFRA";"Reação tardia ou ineficiente do condutor";"Saída de leito carroçável";"Com Vítimas Feridas";"Pleno dia";"Crescente";"Nublado";"Simples";"Reta";"Não";2;0;1;0;0;1;1;2;-26,21362587;-49,7181449;"SPRF-SC";"DEL06-SC";"UOP03-DEL06-SC"
562914;2023-11-22;"quarta-feira";"16:25:00";"SP";116;24,6;"LAVRINHAS";"Demais falhas mecânicas ou elétricas";"Incêndio";"Com Vítimas Feridas";"Pleno dia";"Decrescente";"Céu Claro";"Dupla";"Aclive;Reta";"Não";2;0;1;0;0;1;1;2;-22,59895814;-44,88797962;"SPRF-SP";"DEL08-SP";"UOP02-DEL08-SP"
562915;2023-11-22;"quarta-feira";"12:20:00";"MA";135;131,3;"MIRANDA DO NORTE";"Ausência de reação do condutor";"Colisão traseira";"Com Vítimas Fatais";"Pleno dia";"Decrescente";"Sol";"Simples";"Reta";"Não";3;1;0;0;1;1;0;3;-3,60070005;-44,56716411;"SPRF-MA";"DEL01-MA";"UOP02-DEL01-MA"
562916;2023-11-22;"quarta-feira";"13:30:00";"MT";163;616;"NOVA MUTUM";"Ausência de reação do condutor";"Colisão traseira";"Com Vítimas Feridas";"Pleno dia";"Crescente";"Céu Claro";"Simples";"Reta";"Não";3;0;1;0;1;1;1;3;-13,76981205;-56,05660988;"SPRF-MT";"DEL01-MT";"UOP01-DEL01-MT"
562927;2023-11-22;"quarta-feira";"15:34:00";"PR";277;394;"CANDOI";"Reação tardia ou ineficiente do condutor";"Tombamento";"Sem Vítimas";"Pleno dia";"Decrescente";"Nublado";"Simples";"Curva;Aclive";"Não";2;0;0;0;1;3;0;4;-25,449308;-51,915079;"SPRF-PR";"DEL08-PR";"UOP01-DEL08-PR"
562928;2023-11-22;"quarta-feira";"11:45:00";"BA";101;680;"ITAGIMIRIM";"Carga excessiva e/ou mal acondicionada";"Tombamento";"Com Vítimas Feridas";"Pleno dia";"Decrescente";"Céu Claro";"Simples";"Curva";"Não";1;0;1;0;0;0;1;1;-16,039108;-39,609742;"SPRF-BA";"DEL09-BA";"UOP01-DEL09-BA"
562933;2023-11-22;"quarta-feira";"15:58:00";"MG";381;820,7;"CAREACU";"Reação tardia ou ineficiente do condutor";"Engavetamento";"Com Vítimas Feridas";"Pleno dia";"Decrescente";"Céu Claro";"Dupla";"Reta;Em Obras";"Não";5;0;1;0;3;2;1;5;-22,1081057;-45,74028007;"SPRF-MG";"DEL16-MG";"UOP02-DEL16-MG"
562936;2023-11-22;"quarta-feira";"11:00:00";"MA";222;672,3;"ACAILANDIA";"Transitar no Acostamento";"Colisão lateral mesmo sentido";"Com Vítimas Feridas";"Pleno dia";"Crescente";"Nublado";"Simples";"Reta;Interseção de Vias";"Sim";3;0;2;0;1;0;2;2;-4,92508085;-47,43821808;"SPRF-MA";"DEL04-MA";"UOP03-DEL04-MA"
562938;2023-11-22;"quarta-feira";"16:25:00";"MT";364;403;"CUIABA";"Reação tardia ou ineficiente do condutor";"Colisão traseira";"Com Vítimas Feridas";"Pleno dia";"Crescente";"Céu Claro";"Dupla";"Reta";"Não";3;0;1;0;2;0;1;3;-15,66507402;-55,96307764;"SPRF-MT";"DEL01-MT";"UOP02-DEL01-MT"
562947;2023-11-22;"quarta-feira";"17:40:00";"RJ";40;109;"DUQUE DE CAXIAS";"Manobra de mudança de faixa";"Colisão lateral mesmo sentido";"Com Vítimas Feridas";"Pleno dia";"Decrescente";"Céu Claro";"Múltipla";"Reta";"Sim";2;0;1;0;1;0;1;2;-22,67374628;-43,28638368;"SPRF-RJ";"DEL01-RJ";"UOP01-DEL01-RJ"
562948;2023-11-22;"quarta-feira";"18:20:00";"RJ";40;101;"DUQUE DE CAXIAS";"Ausência de reação do condutor";"Colisão lateral mesmo sentido";"Com Vítimas Feridas";"Anoitecer";"Decrescente";"Nublado";"Dupla";"Reta";"Não";3;0;1;0;1;1;1;2;-22,60246485;-43,28380739;"SPRF-RJ";"DEL01-RJ";"UOP01-DEL01-RJ"
562953;2023-11-22;"quarta-feira";"19:00:00";"MG";262;426;"SAO GONCALO DO PARA";"Condutor deixou de manter distância do veículo da frente";"Colisão traseira";"Com Vítimas Feridas";"Plena Noite";"Decrescente";"Céu Claro";"Dupla";"Aclive";"Não";2;0;1;0;0;1;1;2;-19,89040018;-44,83211517;"SPRF-MG";"DEL08-MG";"UOP03-DEL08-MG"
562954;2023-11-22;"quarta-feira";"15:00:00";"MS";163;243;"DOURADOS";"Ausência de reação do condutor";"Colisão traseira";"Com Vítimas Feridas";"Pleno dia";"Crescente";"Nublado";"Simples";"Reta";"Não";2;0;1;0;1;0;1;2;-22,36514295;-54,7993879;"SPRF-MS";"DEL04-MS";"UOP02-DEL04-MS"
562956;2023-11-22;"quarta-feira";"19:30:00";"SP";116;47;"CANAS";"Reação tardia ou ineficiente do condutor";"Colisão traseira";"Com Vítimas Feridas";"Plena Noite";"Decrescente";"Céu Claro";"Dupla";"Reta";"Não";3;0;1;0;1;1;1;2;-22,71946606;-45,06109596;"SPRF-SP";"DEL08-SP";"UOP02-DEL08-SP"
562957;2023-11-22;"quarta-feira";"17:15:00";"PR";277;115,2;"CAMPO LARGO";"Manobra de mudança de faixa";"Colisão lateral mesmo sentido";"Com Vítimas Feridas";"Pleno dia";"Crescente";"Chuva";"Dupla";"Curva";"Não";5;0;2;0;2;3;2;5;-25,44375327;-49,50487733;"SPRF-PR";"DEL03-PR";"UOP03-DEL03-PR"
562963;2023-11-13;"segunda-feira";"10:45:00";"RS";116;143,9;"CAXIAS DO SUL";"Reação tardia ou ineficiente do condutor";"Colisão frontal";"Com Vítimas Feridas";"Pleno dia";"Decrescente";"Chuva";"Dupla";"Curva;Declive";"Sim";4;0;0;1;3;0;1;3;-29,1201739;-51,12260651;"SPRF-RS";"DEL05-RS";"UOP01-DEL05-RS"
562964;2023-01-02;"segunda-feira";"18:30:00";"BA";407;165;"FILADELFIA";"Ultrapassagem Indevida";"Colisão lateral sentido oposto";"Com Vítimas Feridas";"Plena Noite";"Decrescente";"Chuva";"Simples";"Reta";"Não";5;0;1;0;3;2;1;5;-10,79429803;-40,11707135;"SPRF-BA";"DEL04-BA";"UOP01-DEL04-BA"
562965;2023-11-22;"quarta-feira";"20:00:00";"MS";163;614;"SAO GABRIEL DO OESTE";"Entrada inopinada do pedestre";"Atropelamento de Pedestre";"Com Vítimas Feridas";"Plena Noite";"Crescente";"Nublado";"Simples";"Reta";"Sim";4;0;1;0;2;1;1;3;-19,40628803;-54,56100005;"SPRF-MS";"DEL06-MS";"UOP02-DEL06-MS"
562969;2023-11-22;"quarta-feira";"21:40:00";"SP";116;176,9;"GUARAREMA";"Entrada inopinada do pedestre";"Atropelamento de Pedestre";"Com Vítimas Fatais";"Plena Noite";"Decrescente";"Céu Claro";"Dupla";"Curva";"Não";3;1;0;0;1;1;0;2;-23,32188281;-46,110083;"SPRF-SP";"DEL01-SP";"UOP01-DEL01-SP"
562972;2023-11-22;"quarta-feira";"21:15:00";"PR";277;299,9;"PRUDENTOPOLIS";"Reação tardia ou ineficiente do condutor";"Saída de leito carroçável";"Com Vítimas Feridas";"Plena Noite";"Decrescente";"Garoa/Chuvisco";"Simples";"Reta";"Não";3;0;1;0;1;2;1;3;-25,299536;-51,145491;"SPRF-PR";"DEL08-PR";"UOP01-DEL08-PR"
562977;2023-11-22;"quarta-feira";"19:30:00";"PR";277;333;"GUARAPUAVA";"Ausência de reação do condutor";"Colisão frontal";"Sem Vítimas";"Plena Noite";"Decrescente";"Chuva";"Dupla";"Curva;Declive";"Não";3;0;0;0;1;2;0;3;-25,36747765;-51,33617597;"SPRF-PR";"DEL08-PR";"UOP01-DEL08-PR"
562980;2023-11-22;"quarta-feira";"21:30:00";"SC";153;52,2;"VARGEM BONITA";"Reação tardia ou ineficiente do condutor";"Saída de leito carroçável";"Com Vítimas Feridas";"Plena Noite";"Decrescente";"Céu Claro";"Simples";"Reta";"Não";2;0;1;0;0;1;1;2;-26,920887;-51,808014;"SPRF-SC";"DEL07-SC";"UOP07-DEL07-SC"
562981;2023-11-22;"quarta-feira";"23:30:00";"ES";101;29,5;"CONCEICAO DA BARRA";"Condutor Dormindo";"Saída de leito carroçável";"Com Vítimas Feridas";"Plena Noite";"Crescente";"Céu Claro";"Simples";"Declive;Reta";"Não";2;0;1;0;0;1;1;2;-18,4100955;-39,93710518;"SPRF-ES";"DEL04-ES";"UOP02-DEL04-ES"
562984;2023-11-22;"quarta-feira";"16:32:00";"PR";153;460,2;"PORTO VITORIA";"Reação tardia ou ineficiente do condutor";"Colisão traseira";"Com Vítimas Feridas";"Anoitecer";"Decrescente";"Nublado";"Simples";"Declive;Curva";"Não";3;0;1;0;1;1;1;3;-26,22988;-51,14106;"SPRF-PR";"DEL02-PR";"UOP03-DEL02-PR"
562985;2023-11-22;"quarta-feira";"21:45:00";"MG";116;468,4;"TARUMIRIM";"Ausência de reação do condutor";"Saída de leito carroçável";"Com Vítimas Feridas";"Plena Noite";"Decrescente";"Nublado";"Dupla";"Reta";"Não";2;0;1;0;0;1;1;2;-19,30162475;-42,07997246;"SPRF-MG";"DEL06-MG";"UOP02-DEL06-MG"
562994;2023-11-23;"quinta-feira";"00:30:00";"PR";476;325;"PAULO FRONTIN";"Reação tardia ou ineficiente do condutor";"Colisão com objeto";"Com Vítimas Feridas";"Plena Noite";"Decrescente";"Nublado";"Simples";"Reta";"Não";2;0;1;0;0;1;1;2;-26,091063;-50,771263;"SPRF-PR";"DEL02-PR";"UOP03-DEL02-PR"
562996;2023-11-23;"quinta-feira";"05:00:00";"SP";116;388;"MIRACATU";"Condutor Dormindo";"Saída de leito carroçável";"Com Vítimas Feridas";"Plena Noite";"Crescente";"Garoa/Chuvisco";"Dupla";"Reta";"Não";2;0;1;0;0;1;1;2;-24,26919492;-47,39740603;"SPRF-SP";"DEL04-SP";"UOP02-DEL04-SP"
562997;2023-11-22;"quarta-feira";"23:00:00";"RO";364;54;"VILHENA";"Transitar na contramão";"Colisão lateral sentido oposto";"Com Vítimas Feridas";"Plena Noite";"Crescente";"Céu Claro";"Simples";"Reta";"Não";3;0;1;0;2;0;1;2;-12,52676592;-60,38177798;"SPRF-RO";"DEL04-RO";"UOP01-DEL04-RO"
563006;2023-11-23;"quinta-feira";"03:15:00";"SC";282;381,5;"HERVAL DOESTE";"Ausência de reação do condutor";"Colisão traseira";"Com Vítimas Feridas";"Plena Noite";"Crescente";"Nevoeiro/Neblina";"Simples";"Reta;Declive";"Não";14;0;11;1;1;1;12;3;-27,204979;-51,501442;"SPRF-SC";"DEL07-SC";"UOP05-DEL07-SC"
563007;2023-11-23;"quinta-feira";"07:15:00";"MG";381;893,6;"CAMBUI";"Ausência de sinalização";"Colisão lateral mesmo sentido";"Sem Vítimas";"Pleno dia";"Decrescente";"Céu Claro";"Dupla";"Reta;Aclive";"Não";3;0;0;0;2;1;0;3;-22,62324893;-46,07503911;"SPRF-MG";"DEL16-MG";"UOP03-DEL16-MG"
563008;2023-11-23;"quinta-feira";"06:37:00";"RN";101;105;"PARNAMIRIM";"Manobra de mudança de faixa";"Colisão lateral mesmo sentido";"Com Vítimas Feridas";"Pleno dia";"Decrescente";"Céu Claro";"Dupla";"Reta";"Sim";3;0;2;0;1;0;2;2;-5,96615126;-35,2516488;"SPRF-RN";"DEL01-RN";"UOP01-DEL01-RN"
563010;2023-11-23;"quinta-feira";"06:45:00";"RN";406;105;"JOAO CAMARA";"Ausência de reação do condutor";"Colisão traseira";"Com Vítimas Feridas";"Pleno dia";"Crescente";"Céu Claro";"Simples";"Declive;Reta";"Não";2;0;0;1;0;1;1;2;-5,54055624;-35,80611706;"SPRF-RN";"DEL02-RN";"UOP01-DEL02-RN"
563013;2023-11-22;"quarta-feira";"13:00:00";"RS";470;282;"SAO JOSE DO SUL";"Velocidade Incompatível";"Tombamento";"Com Vítimas Fatais";"Pleno dia";"Crescente";"Chuva";"Simples";"Declive;Curva";"Não";2;1;0;0;0;1;0;2;-29,60936093;-51,47514375;"SPRF-RS";"DEL06-RS";"UOP01-DEL06-RS"
563014;2023-11-23;"quinta-feira";"07:30:00";"CE";222;12;"CAUCAIA";"Manobra de mudança de faixa";"Colisão lateral sentido oposto";"Com Vítimas Feridas";"Pleno dia";"Crescente";"Céu Claro";"Simples";"Reta";"Sim";3;0;2;1;0;0;3;2;-3,76479979;-38,66897196;"SPRF-CE";"DEL01-CE";"UOP01-DEL01-CE"
563015;2023-11-23;"quinta-feira";"07:20:00";"SP";116;2;"QUELUZ";"Reação tardia ou ineficiente do condutor";"Colisão traseira";"Com Vítimas Feridas";"Pleno dia";"Decrescente";"Céu Claro";"Dupla";"Reta";"Não";1;0;0;1;0;0;1;1;-22,52224482;-44,7168661;"SPRF-SP";"DEL08-SP";"UOP02-DEL08-SP"
563016;2023-11-19;"domingo";"09:00:00";"BA";116;657;"JEQUIE";"Ultrapassagem Indevida";"Colisão lateral sentido oposto";"Com Vítimas Feridas";"Pleno dia";"Decrescente";"Céu Claro";"Simples";"Reta";"Não";3;0;1;0;1;2;1;4;-13,672783;-40,09670093;"SPRF-BA";"DEL03-BA";"UOP01-DEL03-BA"
563023;2023-11-23;"quinta-feira";"08:11:00";"CE";116;67;"CHOROZINHO";"Desrespeitar a preferência no cruzamento";"Colisão transversal";"Com Vítimas Feridas";"Pleno dia";"Decrescente";"Céu Claro";"Simples";"Interseção de Vias";"Sim";3;0;1;0;1;1;1;3;-4,31191842;-38,49892974;"SPRF-CE";"DEL03-CE";"UOP02-DEL03-CE"
563033;2023-10-31;"terça-feira";"06:25:00";"PR";153;34,7;"SANTO ANTONIO DA PLATINA";"Ultrapassagem Indevida";"Colisão frontal";"Com Vítimas Feridas";"Amanhecer";"Decrescente";"Céu Claro";"Simples";"Reta";"Não";4;0;0;1;2;3;1;6;-23,24053595;-50,03827052;"SPRF-PR";"DEL07-PR";"UOP04-DEL07-PR"
563036;2023-11-23;"quinta-feira";"08:11:00";"MG";40;503,2;"ESMERALDAS";"Demais falhas mecânicas ou elétricas";"Saída de leito carroçável";"Com Vítimas Feridas";"Pleno dia";"Crescente";"Sol";"Dupla";"Reta;Declive";"Não";3;0;1;0;1;1;1;3;-19,722297;-44,155498;"SPRF-MG";"DEL02-MG";"UOP01-DEL02-MG"
563037;2023-11-22;"quarta-feira";"23:40:00";"RJ";116;325;"ITATIAIA";"Reação tardia ou ineficiente do condutor";"Engavetamento";"Com Vítimas Feridas";"Plena Noite";"Crescente";"Céu Claro";"Dupla";"Reta;Aclive";"Não";4;0;0;1;2;1;1;4;-22,49707707;-44,5756001;"SPRF-RJ";"DEL07-RJ";"UOP02-DEL07-RJ"
563040;2023-11-23;"quinta-feira";"09:50:00";"PR";116;94;"SAO JOSE DOS PINHAIS";"Demais falhas mecânicas ou elétricas";"Incêndio";"Sem Vítimas";"Pleno dia";"Crescente";"Nublado";"Dupla";"Declive";"Sim";1;0;0;0;1;0;0;1;-25,52071422;-49,13519057;"SPRF-PR";"DEL01-PR";"UOP07-DEL01-PR"