"id";"data_inversa";"dia_semana";"horario";"uf";"br";"km";"municipio";"causa_acidente";"tipo_acidente";"classificacao_acidente";"fase_dia";"sentido_via";"condicao_metereologica";"tipo_pista";"tracado_via";"uso_solo";"pessoas";"mortos";"feridos_leves";"feridos_graves";"ilesos";"ignorados";"feridos";"veiculos";"latitude";"longitude";"regional";"delegacia";"uop"
563041;2023-05-19;"sexta-feira";"14:55:00";"ES";262;104,1;"VENDA NOVA DO IMIGRANTE";"Entrada inopinada do pedestre";"Atropelamento de Pedestre";"Com Vítimas Fatais";"Pleno dia";"Crescente";"Céu Claro";"Simples";"Aclive;Curva";"Não";3;1;0;0;1;1;0;3;-20,33302593;-41,12931881;"SPRF-ES";"DEL01-ES";"UOP02-DEL01-ES"
563042;2023-09-25;"segunda-feira";"15:15:00";"PR";376;628;"SAO JOSE DOS PINHAIS";"Ausência de reação do condutor";"Saída de leito carroçável";"Com Vítimas Feridas";"Pleno dia";"Decrescente";"Nublado";"Dupla";"Curva";"Não";2;0;1;0;0;1;1;2;-25,6932975;-49,14460486;"SPRF-PR";"DEL01-PR";"UOP04-DEL01-PR"
563044;2023-11-23;"quinta-feira";"09:40:00";"RS";287;315,6;"SAO VICENTE DO SUL";"Transitar na contramão";"Colisão transversal";"Com Vítimas Feridas";"Pleno dia";"Crescente";"Céu Claro";"Simples";"Reta;Interseção de Vias;Rotatória";"Não";8;0;2;4;0;2;6;3;-29,65353296;-54,52510357;"SPRF-RS";"DEL09-RS";"UOP01-DEL09-RS"
563051;2023-11-23;"quinta-feira";"09:50:00";"PA";230;626;"VITORIA DO XINGU";"Ultrapassagem Indevida";"Colisão lateral mesmo sentido";"Com Vítimas Feridas";"Pleno dia";"Decrescente";"Céu Claro";"Simples";"Reta";"Não";3;0;1;0;1;2;1;4;-3,1711469;-52,10529328;"SPRF-PA";"DEL04-PA";"UOP01-DEL04-PA"
563052;2023-11-23;"quinta-feira";"09:40:00";"PR";376;218,5;"JANDAIA DO SUL";"Desrespeitar a preferência no cruzamento";"Colisão transversal";"Com Vítimas Feridas";"Pleno dia";"Crescente";"Chuva";"Simples";"Rotatória";"Sim";4;0;0;2;1;1;2;3;-23,59855964;-51,62775993;"SPRF-PR";"DEL09-PR";"UOP01-DEL09-PR"
563054;2023-09-17;"domingo";"20:40:00";"BA";242;779;"BARREIRAS";"Manobra de mudança de faixa";"Colisão lateral sentido oposto";"Sem Vítimas";"Plena Noite";"Crescente";"Céu Claro";"Simples";"Curva";"Não";3;0;0;0;1;3;0;4;-12,15048602;-44,70085001;"SPRF-BA";"DEL10-BA";"UOP01-DEL10-BA"
563059;2023-11-23;"quinta-feira";"08:50:00";"MA";222;604;"ACAILANDIA";"Demais falhas mecânicas ou elétricas";"Tombamento";"Sem Vítimas";"Pleno dia";"Crescente";"Chuva";"Simples";"Curva;Aclive";"Não";2;0;0;0;1;2;0;3;-4,63496329;-46,95758151;"SPRF-MA";"DEL04-MA";"UOP03-DEL04-MA"
563060;2023-11-23;"quinta-feira";"11:00:00";"ES";101;398,2;"RIO NOVO DO SUL";"Reação tardia ou ineficiente do condutor";"Colisão frontal";"Com Vítimas Feridas";"Pleno dia";"Crescente";"Céu Claro";"Simples";"Ponte";"Não";2;0;1;0;1;0;1;2;-20,87530245;-40,95792915;"SPRF-ES";"DEL03-ES";"UOP02-DEL03-ES"
563062;2023-11-23;"quinta-feira";"11:30:00";"PR";369;152;"LONDRINA";"Reação tardia ou ineficiente do condutor";"Engavetamento";"Com Vítimas Feridas";"Pleno dia";"Decrescente";"Garoa/Chuvisco";"Dupla";"Interseção de Vias;Declive";"Sim";4;0;1;0;2;1;1;4;-23,29361789;-51,18735194;"SPRF-PR";"DEL07-PR";"UOP01-DEL07-PR"
563065;2023-11-23;"quinta-feira";"12:45:00";"BA";324;618;"SALVADOR";"Carga excessiva e/ou mal acondicionada";"Derramamento de carga";"Com Vítimas Feridas";"Pleno dia";"Decrescente";"Céu Claro";"Dupla";"Reta";"Sim";2;0;1;0;1;0;1;2;-12,891109;-38,445374;"SPRF-BA";"DEL01-BA";"UOP01-DEL01-BA"
563073;2023-11-22;"quarta-feira";"02:00:00";"SC";116;116;"SANTA CECILIA";"Ausência de reação do condutor";"Colisão lateral mesmo sentido";"Sem Vítimas";"Plena Noite";"Crescente";"Nublado";"Múltipla";"Reta";"Não";3;0;0;0;1;2;0;3;-26,80986906;-50,34540393;"SPRF-SC";"DEL06-SC";"UOP02-DEL06-SC"
563074;2023-11-23;"quinta-feira";"13:30:00";"AL";101;187,8;"JUNQUEIRO";"Demais falhas mecânicas ou elétricas";"Incêndio";"Sem Vítimas";"Pleno dia";"Decrescente";"Céu Claro";"Dupla";"Curva";"Não";1;0;0;0;1;0;0;1;-9,90106897;-36,46390303;"SPRF-AL";"DEL02-AL";"UOP02-DEL02-AL"
563078;2023-09-16;"sábado";"23:50:00";"MG";116;393,3;"GOVERNADOR VALADARES";"Ultrapassagem Indevida";"Colisão frontal";"Com Vítimas Fatais";"Plena Noite";"Crescente";"Céu Claro";"Dupla";"Aclive;Curva";"Não";6;2;0;2;2;0;2;2;-18,72499706;-41,98860609;"SPRF-MG";"DEL06-MG";"UOP01-DEL06-MG"
563080;2023-11-23;"quinta-feira";"13:50:00";"BA";116;8;"VITORIA DA CONQUISTA";"Acessar a via sem observar a presença dos outros veículos";"Colisão com objeto";"Com Vítimas Feridas";"Pleno dia";"Decrescente";"Céu Claro";"Simples";"Reta;Interseção de Vias";"Não";2;0;1;0;1;0;1;2;-14,845666;-40,887024;"SPRF-PE";"DEL05-PE";"UOP03-DEL05-PE"
563081;2023-08-21;"segunda-feira";"23:40:00";"PI";407;493,4;"PATOS DO PIAUI";"Reação tardia ou ineficiente do condutor";"Capotamento";"Com Vítimas Feridas";"Plena Noite";"Crescente";"Céu Claro";"Simples";"Curva";"Não";1;0;0;1;0;0;1;1;-7,549324;-41,296864;"SPRF-PI";"DEL04-PI";"UOP01-DEL04-PI"
563083;2023-08-01;"terça-feira";"17:10:00";"BA";430;424;"CAETITE";"Acostamento em desnível";"Saída de leito carroçável";"Com Vítimas Feridas";"Pleno dia";"Crescente";"Céu Claro";"Simples";"Declive;Reta";"Não";1;0;1;0;0;0;1;1;-14,003046;-42,5361;"SPRF-BA";"DEL08-BA";"UOP04-DEL08-BA"
563090;2023-08-26;"sábado";"18:40:00";"MG";50;115;"UBERABA";"Pista Escorregadia";"Colisão traseira";"Com Vítimas Feridas";"Plena Noite";"Decrescente";"Garoa/Chuvisco";"Dupla";"Reta";"Não";4;0;0;1;2;4;1;7;-19,26611991;-48,12839379;"SPRF-MG";"DEL13-MG";"UOP01-DEL13-MG"
563092;2023-11-23;"quinta-feira";"13:06:00";"GO";70;314;"JUSSARA";"Acessar a via sem observar a presença dos outros veículos";"Colisão lateral mesmo sentido";"Com Vítimas Feridas";"Pleno dia";"Crescente";"Céu Claro";"Dupla";"Reta";"Sim";3;0;1;1;1;0;2;2;-15,87314924;-50,85285544;"SPRF-GO";"DEL04-GO";"UOP02-DEL04-GO"
563095;2023-11-23;"quinta-feira";"08:45:00";"PE";101;82;"JABOATAO DOS GUARARAPES";"Manobra de mudança de faixa";"Colisão transversal";"Com Vítimas Feridas";"Pleno dia";"Crescente";"Céu Claro";"Múltipla";"Reta";"Sim";3;0;1;0;1;2;1;4;-8,168383;-34,9376;"SPRF-PE";"DEL01-PE";"UOP01-DEL01-PE"
563099;2023-11-23;"quinta-feira";"13:00:00";"RJ";116;202;"QUEIMADOS";"Manobra de mudança de faixa";"Saída de leito carroçável";"Com Vítimas Feridas";"Pleno dia";"Crescente";"Sol";"Dupla";"Curva";"Não";3;0;1;0;1;1;1;3;-22,72996588;-43,61317403;"SPRF-RJ";"DEL01-RJ";"UOP03-DEL01-RJ"
563101;2023-11-23;"quinta-feira";"11:15:00";"RN";304;108;"ACU";"Condutor deixou de manter distância do veículo da frente";"Colisão lateral mesmo sentido";"Com Vítimas Feridas";"Pleno dia";"Crescente";"Céu Claro";"Simples";"Reta";"Sim";2;0;0;1;0;1;1;2;-5,58636248;-36,95401396;"SPRF-RN";"DEL04-RN";"UOP01-DEL04-RN"
563102;2023-11-23;"quinta-feira";"15:30:00";"ES";101;296,5;"CARIACICA";"Acessar a via sem observar a presença dos outros veículos";"Colisão lateral mesmo sentido";"Sem Vítimas";"Pleno dia";"Crescente";"Céu Claro";"Dupla";"Reta";"Sim";4;0;0;0;3;2;0;5;-20,34029997;-40,40405712;"SPRF-ES";"DEL01-ES";"UOP01-DEL01-ES"
563104;2023-11-23;"quinta-feira";"16:20:00";"SP";116;436;"REGISTRO";"Objeto estático sobre o leito carroçável";"Saída de leito carroçável";"Com Vítimas Feridas";"Pleno dia";"Decrescente";"Nublado";"Dupla";"Reta";"Não";7;0;4;1;1;1;5;3;-24,42978592;-47,78559107;"SPRF-SP";"DEL05-SP";"UOP01-DEL05-SP"
563105;2023-11-23;"quinta-feira";"15:55:00";"GO";153;549,1;"PIRACANJUBA";"Condutor Dormindo";"Saída de leito carroçável";"Com Vítimas Feridas";"Pleno dia";"Crescente";"Chuva";"Dupla";"Curva";"Não";1;0;1;0;0;0;1;1;-17,1321;-49,2141;"SPRF-GO";"DEL01-GO";"UOP03-DEL01-GO"
563106;2023-11-23;"quinta-feira";"15:30:00";"PR";116;116;"CURITIBA";"Ausência de reação do condutor";"Colisão traseira";"Sem Vítimas";"Pleno dia";"Decrescente";"Chuva";"Múltipla";"Reta";"Sim";5;0;0;0;5;0;0;3;-25,555212;-49,305526;"SPRF-PR";"DEL01-PR";"UOP03-DEL01-PR"
563108;2023-11-23;"quinta-feira";"16:30:00";"MG";381;482,7;"BETIM";"Manobra de mudança de faixa";"Colisão traseira";"Com Vítimas Feridas";"Pleno dia";"Decrescente";"Céu Claro";"Dupla";"Reta";"Sim";3;0;1;0;1;1;1;3;-19,955532;-44,097209;"SPRF-MG";"DEL01-MG";"UOP03-DEL01-MG"
563113;2023-11-23;"quinta-feira";"16:45:00";"SC";101;27;"JOINVILLE";"Reação tardia ou ineficiente do condutor";"Colisão com objeto";"Com Vítimas Feridas";"Pleno dia";"Decrescente";"Chuva";"Dupla";"Reta";"Sim";1;0;1;0;0;0;1;1;-26,20130351;-48,91331794;"SPRF-SC";"DEL03-SC";"UOP01-DEL03-SC"
563118;2023-11-23;"quinta-feira";"14:40:00";"RS";386;36,2;"FREDERICO WESTPHALEN";"Acessar a via sem observar a presença dos outros veículos";"Colisão transversal";"Com Vítimas Feridas";"Pleno dia";"Crescente";"Céu Claro";"Simples";"Reta;Aclive;Interseção de Vias";"Sim";2;0;0;1;1;0;1;2;-27,373381;-53,39772;"SPRF-RS";"DEL08-RS";"UOP02-DEL08-RS"
563119;2023-11-23;"quinta-feira";"17:30:00";"PA";230;320;"NOVO REPARTIMENTO";"Transitar na contramão";"Colisão lateral sentido oposto";"Com Vítimas Fatais";"Anoitecer";"Crescente";"Nublado";"Simples";"Curva;Declive";"Não";3;1;0;0;0;2;0;3;-4,192882;-50,023277;"SPRF-PA";"DEL03-PA";"UOP01-DEL03-PA"
563125;2023-11-23;"quinta-feira";"17:20:00";"MG";459;96;"POUSO ALEGRE";"Ausência de reação do condutor";"Tombamento";"Com Vítimas Feridas";"Pleno dia";"Decrescente";"Nublado";"Simples";"Reta;Declive";"Não";2;0;1;0;0;1;1;2;-22,196163;-45,978573;"SPRF-MG";"DEL09-MG";"UOP01-DEL09-MG"
563128;2023-11-23;"quinta-feira";"16:30:00";"MT";163;844;"SINOP";"Ultrapassagem Indevida";"Colisão traseira";"Com Vítimas Feridas";"Pleno dia";"Decrescente";"Céu Claro";"Simples";"Reta";"Não";3;0;0;1;2;0;1;2;-11,787039;-55,475925;"SPRF-MT";"DEL06-MT";"UOP02-DEL06-MT"
563129;2023-11-23;"quinta-feira";"16:50:00";"ES";262;157;"IBATIBA";"Condutor usando celular";"Colisão frontal";"Com Vítimas Feridas";"Pleno dia";"Crescente";"Céu Claro";"Simples";"Reta";"Não";2;0;1;0;1;0;1;2;-20,23102878;-41,48810903;"SPRF-ES";"DEL01-ES";"UOP02-DEL01-ES"
563138;2023-11-23;"quinta-feira";"16:50:00";"SP";381;2;"VARGEM";"Ausência de reação do condutor";"Engavetamento";"Com Vítimas Feridas";"Pleno dia";"Decrescente";"Nublado";"Dupla";"Curva";"Não";7;0;2;0;4;1;2;5;-22,88187369;-46,39059388;"SPRF-SP";"DEL03-SP";"UOP02-DEL03-SP"
563141;2023-11-23;"quinta-feira";"15:15:00";"RS";480;66,5;"BARAO DE COTEGIPE";"Velocidade Incompatível";"Saída de leito carroçável";"Com Vítimas Feridas";"Pleno dia";"Decrescente";"Céu Claro";"Simples";"Curva";"Não";2;0;2;0;0;0;2;1;-27,63150868;-52,36002465;"SPRF-RS";"DEL08-RS";"UOP04-DEL08-RS"
563148;2023-11-23;"quinta-feira";"10:20:00";"SC";153;15;"AGUA DOCE";"Ausência de reação do condutor";"Colisão traseira";"Com Vítimas Feridas";"Pleno dia";"Crescente";"Céu Claro";"Simples";"Interseção de Vias";"Não";3;0;1;0;0;2;1;3;-26,698789;-51,574735;"SPRF-SC";"DEL07-SC";"UOP07-DEL07-SC"
563151;2023-11-23;"quinta-feira";"19:30:00";"SP";116;288;"ITAPECERICA DA SERRA";"Ausência de reação do condutor";"Colisão lateral mesmo sentido";"Com Vítimas Feridas";"Plena Noite";"Decrescente";"Garoa/Chuvisco";"Dupla";"Reta";"Não";4;0;2;0;2;0;2;3;-23,719254;-46,883144;"SPRF-SP";"DEL04-SP";"UOP01-DEL04-SP"
563159;2023-11-23;"quinta-feira";"17:00:00";"BA";116;691;"JEQUIE";"Condutor Dormindo";"Colisão lateral sentido oposto";"Com Vítimas Feridas";"Pleno dia";"Crescente";"Sol";"Simples";"Aclive;Reta";"Não";3;0;1;0;1;2;1;4;-13,95728489;-40,16715338;"SPRF-BA";"DEL03-BA";"UOP01-DEL03-BA"
563166;2023-11-23;"quinta-feira";"19:20:00";"MT";70;359;"CAMPO VERDE";"Animais na Pista";"Colisão frontal";"Com Vítimas Fatais";"Plena Noite";"Crescente";"Garoa/Chuvisco";"Simples";"Reta";"Não";3;2;0;0;1;0;0;2;-15,46790267;-54,94644815;"SPRF-MT";"DEL05-MT";"UOP02-DEL05-MT"
563170;2023-11-23;"quinta-feira";"16:00:00";"MT";174;167;"GLORIA DOESTE";"Acostamento em desnível";"Tombamento";"Com Vítimas Feridas";"Pleno dia";"Crescente";"Céu Claro";"Simples";"Reta";"Não";3;0;1;0;0;3;1;4;-15,840086;-58,449749;"SPRF-MT";"DEL03-MT";"UOP01-DEL03-MT"
563172;2023-11-23;"quinta-feira";"14:30:00";"BA";407;92;"JAGUARARI";"Velocidade Incompatível";"Tombamento";"Com Vítimas Feridas";"Pleno dia";"Crescente";"Céu Claro";"Simples";"Declive";"Não";1;0;1;0;0;0;1;1;-10,167995;-40,22679602;"SPRF-BA";"DEL04-BA";"UOP01-DEL04-BA"
563175;2023-10-26;"quinta-feira";"19:00:00";"ES";262;184;"IUNA";"Velocidade Incompatível";"Colisão frontal";"Com Vítimas Fatais";"Plena Noite";"Crescente";"Chuva";"Simples";"Curva;Aclive";"Não";6;1;0;3;1;1;3;3;-20,29551627;-41,70587605;"SPRF-ES";"DEL01-ES";"UOP02-DEL01-ES"
563180;2023-11-23;"quinta-feira";"14:00:00";"GO";153;628;"MORRINHOS";"Ausência de reação do condutor";"Tombamento";"Com Vítimas Feridas";"Pleno dia";"Decrescente";"Céu Claro";"Dupla";"Curva";"Não";2;0;1;0;1;0;1;2;-17,7843;-49,1865;"SPRF-GO";"DEL03-GO";"UOP01-DEL03-GO"
563182;2023-11-23;"quinta-feira";"20:50:00";"MT";174;103;"CACERES";"Ausência de sinalização";"Colisão lateral sentido oposto";"Com Vítimas Feridas";"Plena Noite";"Crescente";"Céu Claro";"Simples";"Reta";"Não";4;0;1;0;3;0;1;1;-15,832418;-57,898711;"SPRF-MT";"DEL03-MT";"UOP01-DEL03-MT"
563185;2023-11-23;"quinta-feira";"23:00:00";"SP";116;276;"EMBU DAS ARTES";"Reação tardia ou ineficiente do condutor";"Colisão lateral mesmo sentido";"Sem Vítimas";"Plena Noite";"Decrescente";"Céu Claro";"Dupla";"Reta";"Sim";2;0;0;0;2;0;0;2;-23,64262417;-46,83811382;"SPRF-SP";"DEL04-SP";"UOP01-DEL04-SP"
563187;2023-11-23;"quinta-feira";"18:00:00";"MG";116;6;"DIVISA ALEGRE";"Reação tardia ou ineficiente do condutor";"Tombamento";"Com Vítimas Feridas";"Plena Noite";"Crescente";"Céu Claro";"Simples";"Curva";"Não";2;0;1;0;0;1;1;2;-15,74952994;-41,33072084;"SPRF-BA";"DEL08-BA";"UOP03-DEL08-BA"
563188;2023-11-24;"sexta-feira";"00:00:00";"RJ";116;332;"ITATIAIA";"Reação tardia ou ineficiente do condutor";"Colisão traseira";"Com Vítimas Feridas";"Plena Noite";"Decrescente";"Chuva";"Dupla";"Reta";"Não";3;0;0;1;1;1;1;3;-22,50082905;-44,63502202;"SPRF-RJ";"DEL07-RJ";"UOP02-DEL07-RJ"
563191;2023-11-23;"quinta-feira";"17:30:00";"MT";364;464,7;"VARZEA GRANDE";"Transitar na contramão";"Colisão frontal";"Com Vítimas Fatais";"Anoitecer";"Decrescente";"Céu Claro";"Simples";"Declive;Reta";"Não";3;1;0;0;1;3;0;5;-15,49417155;-56,27739364;"SPRF-MT";"DEL01-MT";"UOP02-DEL01-MT"
563193;2023-11-23;"quinta-feira";"22:25:00";"MG";40;139;"JOAO PINHEIRO";"Reação tardia ou ineficiente do condutor";"Tombamento";"Com Vítimas Feridas";"Plena Noite";"Decrescente";"Garoa/Chuvisco";"Simples";"Declive;Reta";"Não";1;0;1;0;0;0;1;1;-17,73570757;-46,21099068;"SPRF-MG";"DEL14-MG";"UOP01-DEL14-MG"
563195;2023-11-24;"sexta-feira";"03:00:00";"CE";116;493;"BREJO SANTO";"Condutor Dormindo";"Colisão traseira";"Com Vítimas Feridas";"Plena Noite";"Crescente";"Céu Claro";"Simples";"Reta";"Não";3;0;0;1;2;0;1;2;-7,38423201;-38,95841083;"SPRF-CE";"DEL05-CE";"UOP03-DEL05-CE"
563196;2023-11-24;"sexta-feira";"03:50:00";"PR";116;78,7;"PIRAQUARA";"Reação tardia ou ineficiente do condutor";"Saída de leito carroçável";"Com Vítimas Feridas";"Plena Noite";"Decrescente";"Garoa/Chuvisco";"Dupla";"Reta";"Não";1;0;1;0;0;0;1;1;-25,39030098;-49,05511906;"SPRF-PR";"DEL01-PR";"UOP07-DEL01-PR"
563201;2023-11-24;"sexta-feira";"04:45:00";"PR";376;617;"SAO JOSE DOS PINHAIS";"Manobra de mudança de faixa";"Colisão lateral mesmo sentido";"Com Vítimas Feridas";"Amanhecer";"Crescente";"Garoa/Chuvisco";"Dupla";"Declive;Curva";"Sim";2;0;1;0;0;1;1;2;-25,58426494;-49,17618795;"SPRF-PR";"DEL01-PR";"UOP04-DEL01-PR"
563204;2023-11-24;"sexta-feira";"05:50:00";"TO";153;252;"COLINAS DO TOCANTINS";"Reação tardia ou ineficiente do condutor";"Colisão traseira";"Com Vítimas Feridas";"Pleno dia";"Crescente";"Céu Claro";"Simples";"Reta;Aclive";"Não";2;0;1;1;0;0;2;2;-8,09878728;-48,46794605;"SPRF-TO";"DEL02-TO";"UOP02-DEL02-TO"
563206;2023-11-24;"sexta-feira";"06:50:00";"BA";135;153;"BARREIRAS";"Condutor deixou de manter distância do veículo da frente";"Colisão traseira";"Com Vítimas Feridas";"Pleno dia";"Crescente";"Céu Claro";"Simples";"Reta";"Não";9;0;2;1;4;3;3;5;-11,96729467;-44,91643699;"SPRF-BA";"DEL08-BA";"UOP04-DEL08-BA"
563207;2023-11-24;"sexta-feira";"04:07:00";"MG";116;807;"ALEM PARAIBA";"Ultrapassagem Indevida";"Colisão frontal";"Com Vítimas Feridas";"Plena Noite";"Crescente";"Nublado";"Simples";"Declive;Reta";"Não";3;0;0;1;1;1;1;3;-21,81324096;-42,69642196;"SPRF-MG";"DEL07-MG";"UOP01-DEL07-MG"
563209;2023-11-24;"sexta-feira";"06:50:00";"SE";235;34,2;"AREIA BRANCA";"Reação tardia ou ineficiente do condutor";"Colisão frontal";"Com Vítimas Feridas";"Pleno dia";"Decrescente";"Céu Claro";"Simples";"Curva";"Sim";3;0;1;1;1;0;2;3;-10,760385;-37,313049;"SPRF-SE";"DEL01-SE";"UOP02-DEL01-SE"
563215;2023-11-24;"sexta-feira";"07:30:00";"RN";101;123,4;"SAO JOSE DE MIPIBU";"Manobra de mudança de faixa";"Colisão lateral mesmo sentido";"Com Vítimas Feridas";"Pleno dia";"Crescente";"Céu Claro";"Dupla";"Reta";"Sim";2;0;1;0;1;0;1;2;-6,06166101;-35,24094602;"SPRF-RN";"DEL01-RN";"UOP01-DEL01-RN"
563216;2023-11-24;"sexta-feira";"07:40:00";"MG";40;603;"CONGONHAS";"Demais falhas mecânicas ou elétricas";"Colisão lateral sentido oposto";"Com Vítimas Feridas";"Amanhecer";"Crescente";"Céu Claro";"Simples";"Reta;Declive";"Não";7;0;1;1;4;3;2;9;-20,44326;-43,83981;"SPRF-MG";"DEL05-MG";"UOP02-DEL05-MG"
563220;2023-11-24;"sexta-feira";"01:10:00";"SP";381;21;"BRAGANCA PAULISTA";"Reação tardia ou ineficiente do condutor";"Colisão traseira";"Com Vítimas Feridas";"Plena Noite";"Decrescente";"Chuva";"Dupla";"Curva";"Não";3;0;0;1;1;1;1;3;-22,99140199;-46,50878201;"SPRF-SP";"DEL03-SP";"UOP02-DEL03-SP"
563222;2023-10-20;"sexta-feira";"05:30:00";"MT";158;627;"NOVA XAVANTINA";"Transitar na contramão";"Colisão lateral sentido oposto";"Com Vítimas Feridas";"Amanhecer";"Crescente";"Céu Claro";"Simples";"Reta";"Não";4;0;1;2;0;2;3;4;-14,50888009;-52,29429484;"SPRF-MT";"DEL07-MT";"UOP02-DEL07-MT"
563228;2023-11-24;"sexta-feira";"00:30:00";"RO";364;59,5;"VILHENA";"Condutor Dormindo";"Colisão frontal";"Com Vítimas Fatais";"Plena Noite";"Crescente";"Céu Claro";"Simples";"Reta";"Não";3;1;0;1;0;2;1;4;-12,51637568;-60,42653692;"SPRF-RO";"DEL04-RO";"UOP01-DEL04-RO"
563230;2023-11-24;"sexta-feira";"06:20:00";"PR";153;494;"GENERAL CARNEIRO";"Ausência de reação do condutor";"Tombamento";"Sem Vítimas";"Pleno dia";"Decrescente";"Céu Claro";"Simples";"Curva";"Não";2;0;0;0;1;1;0;2;-26,46627032;-51,32434845;"SPRF-PR";"DEL02-PR";"UOP03-DEL02-PR"
563247;2023-11-24;"sexta-feira";"11:10:00";"PR";277;145,3;"PALMEIRA";"Transitar na contramão";"Colisão lateral sentido oposto";"Com Vítimas Feridas";"Pleno dia";"Decrescente";"Nublado";"Simples";"Curva";"Não";4;0;0;1;2;1;1;3;-25,46912889;-49,78096783;"SPRF-PR";"DEL03-PR";"UOP03-DEL03-PR"
563249;2023-11-24;"sexta-feira";"08:02:00";"RN";110;15,4;"AREIA BRANCA";"Demais falhas mecânicas ou elétricas";"Colisão com objeto";"Sem Vítimas";"Pleno dia";"Decrescente";"Céu Claro";"Simples";"Reta";"Não";3;0;0;0;2;1;0;3;-5,02567823;-37,12113879;"SPRF-RN";"DEL04-RN";"UOP01-DEL04-RN"
563252;2023-11-06;"segunda-feira";"18:00:00";"SC";470;3;"NAVEGANTES";"Reação tardia ou ineficiente do condutor";"Tombamento";"Com Vítimas Feridas";"Pleno dia";"Decrescente";"Céu Claro";"Dupla";"Em Obras";"Sim";3;0;1;0;2;0;1;2;-26,861937;-48,681618;"SPRF-SC";"DEL04-SC";"UOP04-DEL04-SC"
563257;2023-11-24;"sexta-feira";"12:00:00";"GO";153;529;"HIDROLANDIA";"Ausência de reação do condutor";"Colisão traseira";"Com Vítimas Feridas";"Pleno dia";"Decrescente";"Céu Claro";"Dupla";"Reta";"Não";3;0;1;0;1;1;1;3;-16,9603;-49,2384;"SPRF-GO";"DEL01-GO";"UOP03-DEL01-GO"
563260;2023-10-28;"sábado";"04:00:00";"MG";251;336;"RUBELITA";"Manobra de mudança de faixa";"Colisão frontal";"Com Vítimas Fatais";"Amanhecer";"Crescente";"Garoa/Chuvisco";"Simples";"Reta";"Não";4;1;0;1;1;1;1;3;-16,25628797;-42,453666;"SPRF-MG";"DEL12-MG";"UOP02-DEL12-MG"
563261;2023-11-24;"sexta-feira";"11:40:00";"BA";324;558;"AMELIA RODRIGUES";"Afundamento ou ondulação no pavimento";"Tombamento";"Com Vítimas Feridas";"Pleno dia";"Crescente";"Céu Claro";"Dupla";"Reta";"Não";3;0;1;0;1;2;1;3;-12,48182515;-38,66808011;"SPRF-BA";"DEL01-BA";"UOP03-DEL01-BA"
563266;2023-11-24;"sexta-feira";"07:50:00";"PI";222;3,5;"SAO JOAO DA FRONTEIRA";"Demais falhas mecânicas ou elétricas";"Saída de leito carroçável";"Sem Vítimas";"Pleno dia";"Crescente";"Céu Claro";"Simples";"Reta";"Sim";2;0;0;0;1;1;0;2;-3,92937595;-41,25429906;"SPRF-PI";"DEL02-PI";"UOP01-DEL02-PI"
563268;2023-10-23;"segunda-feira";"23:40:00";"BA";116;434;"FEIRA DE SANTANA";"Deficiência do Sistema de Iluminação/Sinalização";"Colisão traseira";"Com Vítimas Feridas";"Plena Noite";"Decrescente";"Céu Claro";"Dupla";"Reta";"Não";3;0;1;0;1;1;1;3;-12,2921164;-39,02284246;"SPRF-BA";"DEL02-BA";"UOP01-DEL02-BA"
563278;2023-11-24;"sexta-feira";"11:00:00";"SC";282;520;"XAXIM";"Manobra de mudança de faixa";"Colisão lateral mesmo sentido";"Com Vítimas Feridas";"Pleno dia";"Decrescente";"Céu Claro";"Simples";"Curva";"Não";6;0;2;0;4;0;2;2;-26,950415;-52,526096;"SPRF-SC";"DEL07-SC";"UOP01-DEL07-SC"
563279;2023-10-31;"terça-feira";"08:15:00";"SP";381;26,2;"ATIBAIA";"Condutor deixou de manter distância do veículo da frente";"Engavetamento";"Com Vítimas Feridas";"Pleno dia";"Crescente";"Céu Claro";"Dupla";"Reta";"Não";7;0;1;2;3;4;3;10;-23,02679312;-46,53612988;"SPRF-SP";"DEL03-SP";"UOP02-DEL03-SP"
563280;2023-11-24;"sexta-feira";"10:00:00";"RO";364;433;"JARU";"Condutor deixou de manter distância do veículo da frente";"Engavetamento";"Com Vítimas Feridas";"Pleno dia";"Decrescente";"Céu Claro";"Simples";"Reta";"Não";4;0;2;0;1;1;2;4;-10,39528019;-62,53268714;"SPRF-RO";"DEL03-RO";"UOP02-DEL03-RO"
563286;2023-11-02;"quinta-feira";"16:30:00";"MG";251;275;"SALINAS";"Demais falhas mecânicas ou elétricas";"Incêndio";"Sem Vítimas";"Anoitecer";"Decrescente";"Céu Claro";"Simples";"Curva;Aclive";"Não";1;0;0;0;1;0;0;1;-16,0164153;-42,06307978;"SPRF-MG";"DEL12-MG";"UOP02-DEL12-MG"
563289;2023-11-24;"sexta-feira";"12:00:00";"RJ";116;226;"PARACAMBI";"Demais falhas mecânicas ou elétricas";"Colisão com objeto";"Com Vítimas Feridas";"Pleno dia";"Crescente";"Garoa/Chuvisco";"Dupla";"Aclive;Curva";"Não";2;0;1;0;0;1;1;2;-22,67208078;-43,81789284;"SPRF-RJ";"DEL07-RJ";"UOP01-DEL07-RJ"
563290;2023-11-24;"sexta-feira";"15:45:00";"RS";290;99;"PORTO ALEGRE";"Reação tardia ou ineficiente do condutor";"Colisão traseira";"Com Vítimas Feridas";"Pleno dia";"Crescente";"Céu Claro";"Simples";"Reta";"Sim";2;0;1;0;1;0;1;2;-29,991756;-51,22699;"SPRF-RS";"DEL01-RS";"UOP01-DEL01-RS"