"id";"data_inversa";"dia_semana";"horario";"uf";"br";"km";"municipio";"causa_acidente";"tipo_acidente";"classificacao_acidente";"fase_dia";"sentido_via";"condicao_metereologica";"tipo_pista";"tracado_via";"uso_solo";"pessoas";"mortos";"feridos_leves";"feridos_graves";"ilesos";"ignorados";"feridos";"veiculos";"latitude";"longitude";"regional";"delegacia";"uop"
563296;2023-11-06;"segunda-feira";"20:14:00";"RR";401;69;"BONFIM";"Ingestão de álcool pelo condutor";"Colisão lateral sentido oposto";"Com Vítimas Feridas";"Plena Noite";"Crescente";"Céu Claro";"Simples";"Reta";"Não";2;0;1;0;1;0;1;2;3,1629714;-60,23866122;"SPRF-RR";"DEL01-RR";"UOP01-DEL01-RR"
563299;2023-11-24;"sexta-feira";"15:00:00";"RJ";393;177;"PARAIBA DO SUL";"Condutor deixou de manter distância do veículo da frente";"Engavetamento";"Com Vítimas Feridas";"Pleno dia";"Crescente";"Nublado";"Simples";"Reta";"Não";6;0;1;0;4;1;1;3;-22,13473637;-43,24918985;"SPRF-RJ";"DEL05-RJ";"UOP03-DEL05-RJ"
563300;2023-11-24;"sexta-feira";"15:00:00";"RJ";101;144;"MACAE";"Transitar no Acostamento";"Colisão traseira";"Com Vítimas Feridas";"Pleno dia";"Decrescente";"Garoa/Chuvisco";"Dupla";"Curva";"Não";2;0;2;0;0;0;2;2;-22,21328005;-41,75426573;"SPRF-RJ";"DEL08-RJ";"UOP04-DEL08-RJ"
563301;2023-11-24;"sexta-feira";"16:20:00";"SC";280;52,2;"GUARAMIRIM";"Ausência de reação do condutor";"Colisão lateral mesmo sentido";"Sem Vítimas";"Pleno dia";"Crescente";"Céu Claro";"Dupla";"Interseção de Vias";"Sim";2;0;0;0;2;0;0;2;-26,468904;-48,96492;"SPRF-SC";"DEL03-SC";"UOP03-DEL03-SC"
563305;2023-11-24;"sexta-feira";"13:25:00";"MG";381;245,4;"SANTANA DO PARAISO";"Condutor Dormindo";"Colisão frontal";"Com Vítimas Fatais";"Pleno dia";"Crescente";"Sol";"Simples";"Reta";"Não";3;1;0;0;1;1;0;3;-19,45135074;-42,51844723;"SPRF-MG";"DEL06-MG";"UOP01-DEL06-MG"
563307;2023-11-24;"sexta-feira";"15:10:00";"MT";364;349;"SANTO ANTONIO DO LEVERGER";"Condutor deixou de manter distância do veículo da frente";"Colisão traseira";"Com Vítimas Feridas";"Pleno dia";"Crescente";"Céu Claro";"Simples";"Reta";"Não";3;0;1;0;1;3;1;5;-15,79382602;-55,57742638;"SPRF-MT";"DEL05-MT";"UOP02-DEL05-MT"
563309;2023-11-24;"sexta-feira";"16:21:00";"MG";365;521;"MONTE CARMELO";"Transitar na contramão";"Colisão frontal";"Com Vítimas Feridas";"Pleno dia";"Crescente";"Nublado";"Simples";"Reta";"Sim";5;0;1;0;3;1;1;3;-18,91497844;-47,41535017;"SPRF-MG";"DEL10-MG";"UOP01-DEL10-MG"
563312;2023-11-17;"sexta-feira";"07:30:00";"RJ";101;171;"MACAE";"Demais falhas mecânicas ou elétricas";"Eventos atípicos";"Com Vítimas Feridas";"Pleno dia";"Crescente";"Céu Claro";"Simples";"Reta";"Não";4;0;1;0;2;2;1;5;-22,36380992;-41,93502213;"SPRF-RJ";"DEL08-RJ";"UOP04-DEL08-RJ"
563314;2023-11-24;"sexta-feira";"16:28:00";"CE";116;38;"HORIZONTE";"Demais falhas mecânicas ou elétricas";"Saída de leito carroçável";"Com Vítimas Feridas";"Pleno dia";"Crescente";"Céu Claro";"Dupla";"Reta";"Sim";1;0;1;0;0;0;1;1;-4,07911598;-38,49945391;"SPRF-CE";"DEL01-CE";"UOP02-DEL01-CE"
563325;2023-11-24;"sexta-feira";"14:06:00";"MG";381;641,9;"SANTO ANTONIO DO AMPARO";"Demais falhas mecânicas ou elétricas";"Incêndio";"Sem Vítimas";"Pleno dia";"Crescente";"Céu Claro";"Dupla";"Reta";"Não";1;0;0;0;1;0;0;1;-20,91069372;-44,8637116;"SPRF-MG";"DEL04-MG";"UOP01-DEL04-MG"
563330;2023-11-24;"sexta-feira";"17:00:00";"RO";364;160;"PIMENTA BUENO";"Ausência de reação do condutor";"Saída de leito carroçável";"Com Vítimas Feridas";"Anoitecer";"Decrescente";"Chuva";"Simples";"Reta;Declive";"Não";2;0;1;0;0;2;1;3;-11,918352;-60,9639;"SPRF-RO";"DEL02-RO";"UOP02-DEL02-RO"
563335;2023-11-24;"sexta-feira";"18:50:00";"PI";230;225;"OEIRAS";"Ausência de reação do condutor";"Colisão lateral mesmo sentido";"Com Vítimas Feridas";"Plena Noite";"Crescente";"Céu Claro";"Simples";"Reta";"Não";3;0;0;2;0;1;2;2;-7,00047773;-42,32204996;"SPRF-PI";"DEL03-PI";"UOP01-DEL03-PI"
563337;2023-11-24;"sexta-feira";"19:13:00";"PR";376;622,4;"SAO JOSE DOS PINHAIS";"Manobra de mudança de faixa";"Colisão lateral mesmo sentido";"Com Vítimas Feridas";"Plena Noite";"Crescente";"Nublado";"Dupla";"Reta;Declive";"Não";7;0;1;0;5;1;1;3;-25,6366031;-49,16110396;"SPRF-PR";"DEL01-PR";"UOP04-DEL01-PR"
563350;2023-11-24;"sexta-feira";"19:30:00";"MG";116;522,7;"CARATINGA";"Acessar a via sem observar a presença dos outros veículos";"Colisão transversal";"Com Vítimas Fatais";"Plena Noite";"Decrescente";"Céu Claro";"Simples";"Interseção de Vias";"Sim";2;1;0;0;1;0;0;2;-19,74300101;-42,13231969;"SPRF-MG";"DEL06-MG";"UOP02-DEL06-MG"
563351;2023-11-24;"sexta-feira";"19:30:00";"MG";40;815,5;"SIMAO PEREIRA";"Ausência de reação do condutor";"Colisão lateral mesmo sentido";"Com Vítimas Feridas";"Plena Noite";"Crescente";"Céu Claro";"Dupla";"Aclive;Curva";"Não";4;0;1;1;2;0;2;3;-21,899943;-43,31155704;"SPRF-MG";"DEL05-MG";"UOP01-DEL05-MG"
563370;2023-11-24;"sexta-feira";"19:50:00";"MA";135;7;"SAO LUIS";"Acessar a via sem observar a presença dos outros veículos";"Colisão transversal";"Com Vítimas Feridas";"Plena Noite";"Decrescente";"Céu Claro";"Dupla";"Reta";"Sim";7;0;3;0;3;1;3;3;-2,63608835;-44,26848552;"SPRF-MA";"DEL01-MA";"UOP01-DEL01-MA"
563371;2023-11-24;"sexta-feira";"22:00:00";"SC";101;141;"BALNEARIO CAMBORIU";"Ultrapassagem Indevida";"Colisão lateral mesmo sentido";"Com Vítimas Feridas";"Plena Noite";"Crescente";"Nublado";"Dupla";"Reta";"Sim";4;0;2;0;1;1;2;3;-27,04761729;-48,59995855;"SPRF-SC";"DEL04-SC";"UOP03-DEL04-SC"
563372;2023-11-24;"sexta-feira";"21:00:00";"ES";101;439;"MIMOSO DO SUL";"Chuva";"Colisão traseira";"Com Vítimas Feridas";"Plena Noite";"Crescente";"Chuva";"Simples";"Reta";"Não";3;0;0;1;1;2;1;4;-21,07264705;-41,22787382;"SPRF-ES";"DEL03-ES";"UOP02-DEL03-ES"
563373;2023-11-24;"sexta-feira";"21:00:00";"RS";470;225;"GARIBALDI";"Acessar a via sem observar a presença dos outros veículos";"Colisão transversal";"Com Vítimas Feridas";"Plena Noite";"Crescente";"Céu Claro";"Simples";"Reta";"Sim";2;0;1;0;1;0;1;2;-29,21454003;-51,51762617;"SPRF-RS";"DEL06-RS";"UOP01-DEL06-RS"
563377;2023-11-24;"sexta-feira";"22:40:00";"RJ";356;57;"ITAPERUNA";"Ultrapassagem Indevida";"Colisão frontal";"Com Vítimas Feridas";"Plena Noite";"Crescente";"Céu Claro";"Simples";"Aclive";"Não";9;0;5;1;3;0;6;2;-21,28663997;-41,71935299;"SPRF-RJ";"DEL08-RJ";"UOP03-DEL08-RJ"
563380;2023-11-24;"sexta-feira";"19:30:00";"GO";60;212,5;"VARJAO";"Problema com o freio";"Incêndio";"Sem Vítimas";"Plena Noite";"Decrescente";"Céu Claro";"Dupla";"Reta";"Não";2;0;0;0;1;2;0;3;-16,9521;-49,6829;"SPRF-GO";"DEL01-GO";"UOP02-DEL01-GO"
563382;2023-11-24;"sexta-feira";"20:20:00";"SP";459;8,7;"PIQUETE";"Curva acentuada";"Colisão frontal";"Com Vítimas Feridas";"Plena Noite";"Crescente";"Chuva";"Simples";"Curva";"Não";3;0;1;0;2;0;1;2;-22,57524131;-45,19316196;"SPRF-SP";"DEL08-SP";"UOP02-DEL08-SP"
563383;2023-11-24;"sexta-feira";"15:00:00";"BA";242;660;"MUQUEM DE SAO FRANCISCO";"Problema com o freio";"Tombamento";"Com Vítimas Fatais";"Pleno dia";"Decrescente";"Céu Claro";"Simples";"Curva";"Não";2;1;0;0;0;2;0;3;-12,20307858;-43,64488595;"SPRF-BA";"DEL10-BA";"UOP02-DEL10-BA"
563387;2023-11-24;"sexta-feira";"23:50:00";"SC";101;106,1;"PENHA";"Reação tardia ou ineficiente do condutor";"Colisão traseira";"Com Vítimas Feridas";"Plena Noite";"Decrescente";"Nublado";"Dupla";"Reta;Aclive";"Não";3;0;1;0;1;2;1;4;-26,81242774;-48,68325233;"SPRF-SC";"DEL03-SC";"UOP02-DEL03-SC"
563388;2023-11-24;"sexta-feira";"22:00:00";"MA";316;442,8;"PERITORO";"Transitar na contramão";"Colisão frontal";"Com Vítimas Feridas";"Plena Noite";"Crescente";"Céu Claro";"Simples";"Reta;Declive";"Não";3;0;0;1;1;1;1;3;-4,439673;-44,195518;"SPRF-MA";"DEL03-MA";"UOP01-DEL03-MA"
563389;2023-11-25;"sábado";"00:35:00";"MG";365;684,7;"MONTE ALEGRE DE MINAS";"Velocidade Incompatível";"Colisão traseira";"Com Vítimas Fatais";"Plena Noite";"Decrescente";"Céu Claro";"Dupla";"Aclive;Reta";"Sim";5;1;1;0;2;1;1;4;-18,859408;-48,860358;"SPRF-MG";"DEL15-MG";"UOP01-DEL15-MG"
563391;2023-11-24;"sexta-feira";"16:00:00";"RO";364;358;"OURO PRETO DO OESTE";"Chuva";"Colisão frontal";"Com Vítimas Fatais";"Pleno dia";"Crescente";"Chuva";"Simples";"Reta";"Não";7;2;2;2;0;5;4;8;-10,79098663;-62,04115379;"SPRF-RO";"DEL02-RO";"UOP01-DEL02-RO"
563394;2023-11-25;"sábado";"00:40:00";"RS";116;327,3;"BARRA DO RIBEIRO";"Ausência de reação do condutor";"Colisão traseira";"Com Vítimas Feridas";"Plena Noite";"Decrescente";"Céu Claro";"Dupla";"Reta";"Não";3;0;0;1;0;2;1;3;-30,353981;-51,42938;"SPRF-RS";"DEL02-RS";"UOP01-DEL02-RS"
563396;2023-11-25;"sábado";"01:10:00";"SC";470;172;"POUSO REDONDO";"Ingestão de álcool pelo condutor";"Colisão transversal";"Com Vítimas Feridas";"Plena Noite";"Crescente";"Céu Claro";"Múltipla";"Reta";"Não";3;0;0;1;1;1;1;3;-27,257526;-49,909592;"SPRF-SC";"DEL04-SC";"UOP02-DEL04-SC"
563397;2023-11-25;"sábado";"00:15:00";"PE";316;225;"BELEM DE SAO FRANCISCO";"Transitar na contramão";"Colisão frontal";"Com Vítimas Feridas";"Plena Noite";"Crescente";"Céu Claro";"Simples";"Reta";"Não";4;0;2;2;0;0;4;2;-8,57565407;-39,17213704;"SPRF-PE";"DEL05-PE";"UOP03-DEL05-PE"
563400;2023-11-24;"sexta-feira";"23:30:00";"MA";316;477,3;"CODO";"Transitar na contramão";"Colisão frontal";"Com Vítimas Fatais";"Plena Noite";"Decrescente";"Céu Claro";"Simples";"Reta";"Não";3;2;0;0;1;0;0;2;-4,609521;-43,935574;"SPRF-MA";"DEL03-MA";"UOP02-DEL03-MA"
563404;2023-11-25;"sábado";"02:35:00";"SP";153;304,3;"CAMPOS NOVOS PAULISTA";"Reação tardia ou ineficiente do condutor";"Colisão traseira";"Com Vítimas Fatais";"Plena Noite";"Decrescente";"Nublado";"Simples";"Reta;Declive";"Sim";4;1;1;0;1;1;1;3;-22,616727;-49,88953502;"SPRF-SP";"DEL07-SP";"UOP03-DEL07-SP"
563407;2023-11-25;"sábado";"03:30:00";"ES";101;263;"SERRA";"Reação tardia ou ineficiente do condutor";"Colisão traseira";"Com Vítimas Feridas";"Amanhecer";"Crescente";"Céu Claro";"Dupla";"Reta;Aclive";"Sim";3;0;2;0;1;0;2;2;-20,16554736;-40,27301648;"SPRF-ES";"DEL02-ES";"UOP01-DEL02-ES"
563416;2023-11-25;"sábado";"00:30:00";"RS";285;578,5;"SAO LUIZ GONZAGA";"Ausência de sinalização";"Colisão lateral sentido oposto";"Com Vítimas Feridas";"Plena Noite";"Crescente";"Céu Claro";"Simples";"Reta";"Não";3;0;2;0;0;1;2;3;-28,426762;-55,076145;"SPRF-RS";"DEL12-RS";"UOP01-DEL12-RS"
563417;2023-11-25;"sábado";"03:56:00";"CE";116;520;"JATI";"Ingestão de álcool pelo condutor";"Colisão lateral sentido oposto";"Sem Vítimas";"Amanhecer";"Crescente";"Céu Claro";"Simples";"Curva";"Não";3;0;0;0;2;1;0;3;-7,60795203;-39,03160677;"SPRF-CE";"DEL05-CE";"UOP03-DEL05-CE"
563418;2023-11-24;"sexta-feira";"21:00:00";"GO";153;624;"MORRINHOS";"Velocidade Incompatível";"Colisão traseira";"Com Vítimas Feridas";"Plena Noite";"Decrescente";"Nublado";"Dupla";"Reta";"Não";2;0;1;1;0;0;2;2;-17,757;-49,1624;"SPRF-GO";"DEL03-GO";"UOP01-DEL03-GO"
563421;2023-11-24;"sexta-feira";"21:00:00";"SC";101;247;"PAULO LOPES";"Manobra de mudança de faixa";"Colisão transversal";"Com Vítimas Feridas";"Plena Noite";"Decrescente";"Céu Claro";"Dupla";"Reta";"Não";3;0;2;0;1;0;2;2;-27,91824491;-48,65414317;"SPRF-SC";"DEL02-SC";"UOP03-DEL02-SC"
563427;2023-11-25;"sábado";"06:30:00";"PE";232;241;"ARCOVERDE";"Transitar na contramão";"Colisão lateral sentido oposto";"Sem Vítimas";"Pleno dia";"Crescente";"Céu Claro";"Simples";"Reta";"Sim";3;0;0;0;2;1;0;3;-8,41518942;-36,970926;"SPRF-PE";"DEL04-PE";"UOP02-DEL04-PE"
563458;2023-11-25;"sábado";"05:20:00";"RS";287;298,3;"SAO PEDRO DO SUL";"Transitar na contramão";"Colisão frontal";"Com Vítimas Feridas";"Amanhecer";"Crescente";"Céu Claro";"Simples";"Reta";"Não";2;0;1;1;0;0;2;2;-29,64236701;-54,34368;"SPRF-RS";"DEL09-RS";"UOP01-DEL09-RS"
563459;2023-11-25;"sábado";"04:00:00";"SC";280;24,1;"ARAQUARI";"Ingestão de álcool pelo condutor";"Colisão frontal";"Com Vítimas Feridas";"Plena Noite";"Decrescente";"Nublado";"Simples";"Reta;Em Obras";"Sim";3;0;2;0;0;1;2;3;-26,37724921;-48,71953282;"SPRF-SC";"DEL03-SC";"UOP03-DEL03-SC"
563463;2023-11-25;"sábado";"06:00:00";"MG";354;717,5;"POUSO ALTO";"Carga excessiva e/ou mal acondicionada";"Tombamento";"Sem Vítimas";"Pleno dia";"Decrescente";"Céu Claro";"Simples";"Curva";"Não";1;0;0;0;1;0;0;1;-22,08202996;-44,9429857;"SPRF-MG";"DEL17-MG";"UOP01-DEL17-MG"
563464;2023-11-25;"sábado";"06:40:00";"AL";101;80;"RIO LARGO";"Ingestão de álcool pelo condutor";"Colisão traseira";"Com Vítimas Feridas";"Pleno dia";"Crescente";"Céu Claro";"Dupla";"Aclive;Reta";"Não";4;0;1;0;2;1;1;3;-9,44631269;-35,84294014;"SPRF-AL";"DEL01-AL";"UOP01-DEL01-AL"
563466;2023-11-25;"sábado";"07:35:00";"SP";116;30,5;"CRUZEIRO";"Manobra de mudança de faixa";"Colisão traseira";"Com Vítimas Feridas";"Pleno dia";"Decrescente";"Céu Claro";"Dupla";"Reta";"Não";7;0;2;0;4;1;2;3;-22,63400287;-44,93203106;"SPRF-SP";"DEL08-SP";"UOP02-DEL08-SP"
563469;2023-11-17;"sexta-feira";"17:20:00";"PR";153;13,4;"JACAREZINHO";"Acessar a via sem observar a presença dos outros veículos";"Colisão transversal";"Com Vítimas Feridas";"Pleno dia";"Decrescente";"Nublado";"Simples";"Reta;Rotatória";"Não";3;0;1;0;1;5;1;7;-23,10169596;-49,94026617;"SPRF-PR";"DEL07-PR";"UOP04-DEL07-PR"
563476;2023-11-25;"sábado";"09:10:00";"SC";470;177;"POUSO REDONDO";"Desrespeitar a preferência no cruzamento";"Colisão transversal";"Com Vítimas Feridas";"Pleno dia";"Decrescente";"Sol";"Simples";"Aclive;Interseção de Vias";"Sim";2;0;0;1;1;0;1;2;-27,251858;-49,958;"SPRF-SC";"DEL04-SC";"UOP02-DEL04-SC"
563478;2023-11-25;"sábado";"09:30:00";"SE";101;91;"NOSSA SENHORA DO SOCORRO";"Manobra de mudança de faixa";"Colisão com objeto";"Com Vítimas Feridas";"Pleno dia";"Decrescente";"Céu Claro";"Dupla";"Reta";"Não";2;0;0;1;1;0;1;2;-10,89849802;-37,13176324;"SPRF-SE";"DEL01-SE";"UOP01-DEL01-SE"
563479;2023-11-25;"sábado";"10:05:00";"DF";60;13,2;"BRASILIA";"Ausência de reação do condutor";"Colisão com objeto";"Sem Vítimas";"Pleno dia";"Crescente";"Céu Claro";"Dupla";"Reta";"Não";2;0;0;0;1;1;0;2;-15,926557;-48,166969;"SPRF-DF";"DEL03-DF";"UOP01-DEL03-DF"
563484;2023-11-16;"quinta-feira";"09:30:00";"PA";316;23;"BENEVIDES";"Acessar a via sem observar a presença dos outros veículos";"Colisão transversal";"Com Vítimas Feridas";"Pleno dia";"Decrescente";"Céu Claro";"Dupla";"Reta";"Sim";3;0;0;1;1;1;1;3;-1,34599732;-48,25152822;"SPRF-PA";"DEL01-PA";"UOP01-DEL01-PA"
563487;2023-11-25;"sábado";"09:10:00";"PE";101;99,3;"CABO DE SANTO AGOSTINHO";"Reação tardia ou ineficiente do condutor";"Colisão traseira";"Com Vítimas Feridas";"Pleno dia";"Crescente";"Nublado";"Dupla";"Reta";"Não";3;0;0;1;1;2;1;4;-8,26025316;-35,04629883;"SPRF-PE";"DEL01-PE";"UOP03-DEL01-PE"
563490;2023-11-25;"sábado";"10:50:00";"SC";101;36;"JOINVILLE";"Reação tardia ou ineficiente do condutor";"Colisão traseira";"Com Vítimas Feridas";"Pleno dia";"Crescente";"Nublado";"Dupla";"Curva";"Não";3;0;1;0;2;0;1;3;-26,24573198;-48,9101069;"SPRF-SC";"DEL03-SC";"UOP01-DEL03-SC"
563493;2023-11-25;"sábado";"08:45:00";"PA";316;260;"CACHOEIRA DO PIRIA";"Ingestão de álcool pelo condutor";"Colisão lateral sentido oposto";"Com Vítimas Feridas";"Amanhecer";"Decrescente";"Nublado";"Simples";"Reta";"Não";2;0;1;0;1;0;1;2;-1,81175878;-46,43153493;"SPRF-PA";"DEL01-PA";"UOP04-DEL01-PA"
563497;2023-11-25;"sábado";"09:30:00";"MS";158;146;"APARECIDA DO TABOADO";"Velocidade Incompatível";"Tombamento";"Com Vítimas Feridas";"Pleno dia";"Decrescente";"Céu Claro";"Simples";"Rotatória";"Não";2;0;1;0;0;2;1;3;-20,08266802;-51,13729763;"SPRF-MS";"DEL08-MS";"UOP01-DEL08-MS"
563504;2023-11-25;"sábado";"12:30:00";"PR";476;350,6;"PAULA FREITAS";"Reação tardia ou ineficiente do condutor";"Tombamento";"Com Vítimas Fatais";"Pleno dia";"Crescente";"Sol";"Simples";"Em Obras;Reta";"Não";5;1;0;0;0;4;0;3;-26,190107;-50,976234;"SPRF-PR";"DEL02-PR";"UOP03-DEL02-PR"
563505;2023-11-25;"sábado";"10:10:00";"MG";50;0;"ARAGUARI";"Velocidade Incompatível";"Saída de leito carroçável";"Com Vítimas Feridas";"Pleno dia";"Decrescente";"Céu Claro";"Dupla";"Curva;Declive";"Não";3;0;1;0;1;2;1;4;-18,42432;-48,068207;"SPRF-MG";"DEL15-MG";"UOP02-DEL15-MG"
563507;2023-11-25;"sábado";"11:10:00";"PR";116;98;"SAO JOSE DOS PINHAIS";"Condutor deixou de manter distância do veículo da frente";"Colisão com objeto";"Com Vítimas Fatais";"Pleno dia";"Crescente";"Céu Claro";"Múltipla";"Reta";"Sim";5;1;0;0;2;2;0;5;-25,55716;-49,150161;"SPRF-PR";"DEL01-PR";"UOP07-DEL01-PR"
563509;2023-11-25;"sábado";"12:30:00";"PA";316;101;"SANTA MARIA DO PARA";"Transitar na contramão";"Colisão lateral sentido oposto";"Com Vítimas Feridas";"Pleno dia";"Decrescente";"Céu Claro";"Simples";"Reta";"Não";2;0;0;1;0;1;1;2;-1,33653173;-47,59531812;"SPRF-PA";"DEL01-PA";"UOP02-DEL01-PA"
563514;2023-11-25;"sábado";"11:20:00";"PR";277;586,6;"CASCAVEL";"Desrespeitar a preferência no cruzamento";"Colisão transversal";"Com Vítimas Feridas";"Pleno dia";"Crescente";"Chuva";"Simples";"Interseção de Vias";"Sim";3;0;1;0;1;1;1;3;-24,96695717;-53,42441082;"SPRF-PR";"DEL04-PR";"UOP01-DEL04-PR"
563524;2023-11-25;"sábado";"13:50:00";"MT";364;169;"PEDRA PRETA";"Condutor deixou de manter distância do veículo da frente";"Engavetamento";"Com Vítimas Feridas";"Pleno dia";"Crescente";"Céu Claro";"Simples";"Aclive;Reta";"Não";4;0;1;0;2;1;1;4;-16,64771611;-54,40522101;"SPRF-MT";"DEL02-MT";"UOP01-DEL02-MT"
563525;2023-11-25;"sábado";"11:20:00";"RJ";101;37;"CAMPOS DOS GOYTACAZES";"Acessar a via sem observar a presença dos outros veículos";"Colisão transversal";"Com Vítimas Feridas";"Pleno dia";"Decrescente";"Nublado";"Simples";"Reta;Interseção de Vias";"Não";4;0;1;0;3;0;1;3;-21,52498519;-41,33663155;"SPRF-RJ";"DEL08-RJ";"UOP01-DEL08-RJ"
563531;2023-11-25;"sábado";"15:40:00";"PE";101;83;"JABOATAO DOS GUARARAPES";"Acesso irregular";"Colisão transversal";"Com Vítimas Feridas";"Pleno dia";"Crescente";"Céu Claro";"Dupla";"Reta";"Sim";2;0;1;0;0;1;1;2;-8,175172;-34,942642;"SPRF-PE";"DEL01-PE";"UOP01-DEL01-PE"
563533;2023-11-25;"sábado";"15:03:00";"MG";262;394;"PARA DE MINAS";"Acessar a via sem observar a presença dos outros veículos";"Colisão transversal";"Com Vítimas Feridas";"Pleno dia";"Crescente";"Nublado";"Dupla";"Interseção de Vias";"Não";2;0;1;0;1;0;1;2;-19,9016465;-44,5485972;"SPRF-MG";"DEL01-MG";"UOP03-DEL01-MG"
563534;2023-11-25;"sábado";"12:00:00";"MG";116;505,7;"UBAPORANGA";"Transitar na contramão";"Colisão lateral sentido oposto";"Com Vítimas Fatais";"Pleno dia";"Decrescente";"Nublado";"Simples";"Reta;Ponte";"Não";2;1;0;0;0;1;0;2;-19,61173388;-42,11344072;"SPRF-MG";"DEL06-MG";"UOP02-DEL06-MG"
563536;2023-11-25;"sábado";"15:00:00";"MG";381;347;"JOAO MONLEVADE";"Demais falhas mecânicas ou elétricas";"Saída de leito carroçável";"Com Vítimas Feridas";"Pleno dia";"Crescente";"Nublado";"Simples";"Reta;Declive";"Não";2;0;1;0;0;1;1;2;-19,85776104;-43,10822296;"SPRF-MG";"DEL03-MG";"UOP01-DEL03-MG"
563543;2023-11-25;"sábado";"14:30:00";"GO";452;20,1;"RIO VERDE";"Falta de elemento de contenção que evite a saída do leito carroçável";"Colisão com objeto";"Sem Vítimas";"Pleno dia";"Decrescente";"Céu Claro";"Dupla";"Reta;Declive";"Não";2;0;0;0;1;2;0;3;-17,8687406;-50,73337771;"SPRF-GO";"DEL04-GO";"UOP01-DEL04-GO"
563545;2023-11-25;"sábado";"16:30:00";"PR";476;158;"ARAUCARIA";"Velocidade Incompatível";"Colisão traseira";"Sem Vítimas";"Pleno dia";"Crescente";"Nublado";"Dupla";"Reta";"Não";3;0;0;0;2;2;0;4;-25,613539;-49,424255;"SPRF-PR";"DEL01-PR";"UOP06-DEL01-PR"
563554;2023-09-06;"quarta-feira";"15:00:00";"MG";381;491,1;"BETIM";"Manobra de mudança de faixa";"Colisão lateral mesmo sentido";"Com Vítimas Feridas";"Pleno dia";"Crescente";"Céu Claro";"Múltipla";"Declive;Reta";"Sim";2;0;1;0;1;0;1;2;-19,9582702;-44,1527742;"SPRF-MG";"DEL01-MG";"UOP03-DEL01-MG"
563555;2023-11-25;"sábado";"16:55:00";"CE";304;45,9;"ARACATI";"Acessar a via sem observar a presença dos outros veículos";"Colisão transversal";"Com Vítimas Feridas";"Pleno dia";"Crescente";"Céu Claro";"Simples";"Reta;Rotatória";"Sim";3;0;1;0;1;1;1;3;-4,57812347;-37,80669819;"SPRF-CE";"DEL03-CE";"UOP03-DEL03-CE"
563559;2023-11-25;"sábado";"16:27:00";"DF";60;0,5;"BRASILIA";"Pedestre andava na pista";"Atropelamento de Pedestre";"Com Vítimas Feridas";"Anoitecer";"Decrescente";"Garoa/Chuvisco";"Múltipla";"Reta";"Sim";2;0;0;1;1;0;1;2;-15,882499;-48,060212;"SPRF-DF";"DEL03-DF";"UOP01-DEL03-DF"
563573;2023-11-25;"sábado";"11:35:00";"PR";376;678,8;"GUARATUBA";"Avarias e/ou desgaste excessivo no pneu";"Queda de ocupante de veículo";"Com Vítimas Fatais";"Pleno dia";"Crescente";"Nublado";"Dupla";"Curva";"Não";4;1;0;1;1;1;1;3;-25,94235196;-48,90906594;"SPRF-PR";"DEL01-PR";"UOP04-DEL01-PR"
563580;2023-11-25;"sábado";"14:30:00";"AC";364;29;"ACRELANDIA";"Ausência de reação do condutor";"Saída de leito carroçável";"Com Vítimas Feridas";"Pleno dia";"Decrescente";"Nublado";"Simples";"Reta";"Não";2;0;1;0;0;1;1;2;-9,93803909;-66,999977;"SPRF-AC";"DEL01-AC";"UOP03-DEL01-AC"
563591;2023-11-25;"sábado";"19:05:00";"MS";158;147,7;"APARECIDA DO TABOADO";"Ausência de reação do condutor";"Colisão traseira";"Com Vítimas Fatais";"Plena Noite";"Decrescente";"Céu Claro";"Simples";"Reta";"Não";4;1;0;0;1;2;0;4;-20,08645608;-51,14262993;"SPRF-MS";"DEL08-MS";"UOP01-DEL08-MS"
563593;2023-11-25;"sábado";"20:10:00";"PR";376;660;"TIJUCAS DO SUL";"Ausência de reação do condutor";"Colisão lateral mesmo sentido";"Com Vítimas Feridas";"Plena Noite";"Decrescente";"Garoa/Chuvisco";"Dupla";"Reta;Declive";"Não";3;0;1;0;1;1;1;3;-25,8516758;-49,00332398;"SPRF-PR";"DEL01-PR";"UOP04-DEL01-PR"
563596;2023-11-25;"sábado";"18:40:00";"BA";116;562;"BREJOES";"Condutor Dormindo";"Colisão lateral sentido oposto";"Com Vítimas Feridas";"Plena Noite";"Crescente";"Céu Claro";"Simples";"Reta";"Não";4;0;2;0;1;1;2;3;-12,94874529;-39,91604463;"SPRF-BA";"DEL03-BA";"UOP02-DEL03-BA"
563608;2023-11-25;"sábado";"20:20:00";"MT";364;275,3;"JACIARA";"Reação tardia ou ineficiente do condutor";"Saída de leito carroçável";"Com Vítimas Feridas";"Plena Noite";"Decrescente";"Céu Claro";"Simples";"Reta";"Sim";2;0;1;0;0;1;1;2;-15,95085604;-54,98237599;"SPRF-MT";"DEL05-MT";"UOP02-DEL05-MT"
563611;2023-11-25;"sábado";"17:30:00";"MA";316;403;"ALTO ALEGRE DO MARANHAO";"Acessar a via sem observar a presença dos outros veículos";"Colisão transversal";"Com Vítimas Feridas";"Plena Noite";"Decrescente";"Céu Claro";"Simples";"Reta";"Sim";4;0;1;1;1;3;2;5;-4,223082;-44,446121;"SPRF-MA";"DEL03-MA";"UOP01-DEL03-MA"
563630;2023-11-25;"sábado";"20:30:00";"GO";452;186,5;"ITUMBIARA";"Ultrapassagem Indevida";"Colisão frontal";"Com Vítimas Fatais";"Plena Noite";"Crescente";"Céu Claro";"Simples";"Declive";"Não";3;1;1;0;0;1;1;3;-18,4008952;-49,31007395;"SPRF-GO";"DEL03-GO";"UOP02-DEL03-GO"