"id";"data_inversa";"dia_semana";"horario";"uf";"br";"km";"municipio";"causa_acidente";"tipo_acidente";"classificacao_acidente";"fase_dia";"sentido_via";"condicao_metereologica";"tipo_pista";"tracado_via";"uso_solo";"pessoas";"mortos";"feridos_leves";"feridos_graves";"ilesos";"ignorados";"feridos";"veiculos";"latitude";"longitude";"regional";"delegacia";"uop"
563634;2023-11-25;"sábado";"14:50:00";"PR";153;486;"GENERAL CARNEIRO";"Reação tardia ou ineficiente do condutor";"Saída de leito carroçável";"Com Vítimas Feridas";"Pleno dia";"Decrescente";"Céu Claro";"Simples";"Curva;Em Obras";"Não";2;0;1;0;0;2;1;3;-26,39438301;-51,27868256;"SPRF-PR";"DEL02-PR";"UOP03-DEL02-PR"
563646;2023-11-26;"domingo";"01:55:00";"SE";235;32;"AREIA BRANCA";"Manobra de mudança de faixa";"Colisão frontal";"Com Vítimas Feridas";"Plena Noite";"Decrescente";"Nublado";"Simples";"Reta";"Sim";2;0;1;0;1;0;1;2;-10,769286;-37,299343;"SPRF-SE";"DEL01-SE";"UOP02-DEL01-SE"
563656;2023-11-26;"domingo";"02:02:00";"CE";116;378,9;"ICO";"Reação tardia ou ineficiente do condutor";"Saída de leito carroçável";"Com Vítimas Fatais";"Plena Noite";"Decrescente";"Céu Claro";"Simples";"Curva";"Não";3;1;1;0;0;1;1;2;-6,42371592;-38,85890007;"SPRF-CE";"DEL05-CE";"UOP01-DEL05-CE"
563663;2023-11-26;"domingo";"03:30:00";"PI";316;286;"DOM EXPEDITO LOPES";"Ausência de reação do condutor";"Colisão lateral sentido oposto";"Com Vítimas Feridas";"Plena Noite";"Crescente";"Céu Claro";"Simples";"Reta";"Não";5;0;3;0;1;1;3;3;-6,97063308;-41,64426908;"SPRF-PI";"DEL04-PI";"UOP01-DEL04-PI"
563670;2023-11-26;"domingo";"04:30:00";"MS";163;489,1;"CAMPO GRANDE";"Manobra de mudança de faixa";"Colisão lateral sentido oposto";"Com Vítimas Feridas";"Amanhecer";"Decrescente";"Nublado";"Simples";"Reta;Aclive";"Não";4;0;1;0;2;2;1;4;-20,41637298;-54,54777596;"SPRF-MS";"DEL01-MS";"UOP02-DEL01-MS"
563671;2023-11-26;"domingo";"03:20:00";"RN";406;2,1;"MACAU";"Ausência de reação do condutor";"Colisão frontal";"Com Vítimas Fatais";"Plena Noite";"Decrescente";"Céu Claro";"Simples";"Reta";"Não";3;1;0;1;0;1;1;2;-5,13147801;-36,61809101;"SPRF-RN";"DEL02-RN";"UOP01-DEL02-RN"
563672;2023-11-26;"domingo";"05:50:00";"CE";222;238,1;"SOBRAL";"Transitar na contramão";"Colisão lateral sentido oposto";"Com Vítimas Feridas";"Pleno dia";"Crescente";"Céu Claro";"Simples";"Reta";"Não";4;0;1;0;1;4;1;6;-3,726313;-40,467352;"SPRF-CE";"DEL04-CE";"UOP01-DEL04-CE"
563674;2023-11-26;"domingo";"01:00:00";"BA";110;179;"CANUDOS";"Demais falhas mecânicas ou elétricas";"Incêndio";"Sem Vítimas";"Plena Noite";"Crescente";"Céu Claro";"Simples";"Reta";"Não";2;0;0;0;1;1;0;2;-10,293301;-39,07836914;"SPRF-BA";"DEL07-BA";"UOP02-DEL07-BA"
563682;2023-11-26;"domingo";"06:00:00";"PR";116;196;"RIO NEGRO";"Transitar na contramão";"Colisão lateral sentido oposto";"Com Vítimas Feridas";"Amanhecer";"Decrescente";"Garoa/Chuvisco";"Simples";"Aclive;Reta";"Não";3;0;1;0;1;1;1;3;-26,00463004;-49,66991783;"SPRF-SC";"DEL06-SC";"UOP01-DEL06-SC"
563684;2023-11-26;"domingo";"04:00:00";"MG";116;770,3;"LEOPOLDINA";"Ausência de reação do condutor";"Colisão com objeto";"Com Vítimas Feridas";"Plena Noite";"Decrescente";"Céu Claro";"Simples";"Curva;Ponte;Declive";"Não";2;0;1;0;0;1;1;2;-21,56393225;-42,67830927;"SPRF-MG";"DEL07-MG";"UOP01-DEL07-MG"
563689;2023-11-26;"domingo";"08:15:00";"RN";304;269;"IELMO MARINHO";"Transitar na contramão";"Colisão frontal";"Com Vítimas Fatais";"Pleno dia";"Decrescente";"Céu Claro";"Simples";"Curva";"Não";7;2;1;2;0;2;3;4;-5,868683;-35,591778;"SPRF-RN";"DEL01-RN";"UOP02-DEL01-RN"
563693;2023-11-26;"domingo";"05:30:00";"MG";381;624,5;"OLIVEIRA";"Condutor Dormindo";"Saída de leito carroçável";"Com Vítimas Feridas";"Amanhecer";"Crescente";"Céu Claro";"Dupla";"Aclive;Curva";"Não";2;0;1;0;1;0;1;1;-20,817322;-44,795982;"SPRF-MG";"DEL04-MG";"UOP01-DEL04-MG"
563700;2023-11-26;"domingo";"08:30:00";"MS";163;398,2;"NOVA ALVORADA DO SUL";"Ausência de reação do condutor";"Colisão frontal";"Com Vítimas Feridas";"Pleno dia";"Decrescente";"Céu Claro";"Simples";"Reta";"Não";3;0;0;1;1;1;1;3;-21,18509418;-54,46934137;"SPRF-MS";"DEL02-MS";"UOP01-DEL02-MS"
563701;2023-11-26;"domingo";"09:45:00";"TO";153;161;"ARAGUAINA";"Ausência de reação do condutor";"Engavetamento";"Com Vítimas Feridas";"Pleno dia";"Decrescente";"Céu Claro";"Simples";"Aclive;Reta";"Não";4;0;1;1;1;3;2;6;-7,32892789;-48,31009819;"SPRF-TO";"DEL02-TO";"UOP01-DEL02-TO"
563702;2023-11-26;"domingo";"08:15:00";"BA";116;38;"CHORROCHO";"Demais falhas mecânicas ou elétricas";"Incêndio";"Sem Vítimas";"Pleno dia";"Decrescente";"Céu Claro";"Simples";"Reta";"Não";2;0;0;0;1;1;0;2;-8,9496439;-39,21474479;"SPRF-PE";"DEL05-PE";"UOP03-DEL05-PE"
563703;2023-11-26;"domingo";"05:00:00";"PI";343;643;"JERUMENHA";"Ausência de reação do condutor";"Colisão traseira";"Com Vítimas Fatais";"Pleno dia";"Decrescente";"Céu Claro";"Simples";"Reta;Aclive";"Não";5;2;0;1;2;0;1;2;-7,031625;-43,3964;"SPRF-PI";"DEL03-PI";"UOP01-DEL03-PI"
563706;2023-11-26;"domingo";"10:20:00";"PI";343;62,2;"BURITI DOS LOPES";"Ausência de reação do condutor";"Colisão traseira";"Sem Vítimas";"Pleno dia";"Decrescente";"Céu Claro";"Simples";"Reta";"Não";3;0;0;0;3;0;0;3;-3,265974;-41,786427;"SPRF-PI";"DEL05-PI";"UOP01-DEL05-PI"
563707;2023-11-02;"quinta-feira";"22:30:00";"BA";101;608;"MASCOTE";"Velocidade Incompatível";"Colisão com objeto";"Com Vítimas Fatais";"Plena Noite";"Crescente";"Céu Claro";"Simples";"Ponte;Curva";"Não";2;1;0;0;0;1;0;2;-15,71817664;-39,4534904;"SPRF-BA";"DEL05-BA";"UOP02-DEL05-BA"
563719;2023-11-26;"domingo";"11:25:00";"GO";153;515,2;"APARECIDA DE GOIANIA";"Acessar a via sem observar a presença dos outros veículos";"Colisão lateral mesmo sentido";"Com Vítimas Fatais";"Pleno dia";"Crescente";"Céu Claro";"Múltipla";"Retorno Regulamentado";"Sim";3;1;0;0;1;1;0;3;-16,8413;-49,2454;"SPRF-GO";"DEL01-GO";"UOP03-DEL01-GO"
563722;2023-11-26;"domingo";"14:00:00";"CE";116;509;"BREJO SANTO";"Acessar a via sem observar a presença dos outros veículos";"Colisão transversal";"Sem Vítimas";"Pleno dia";"Crescente";"Céu Claro";"Simples";"Reta";"Não";4;0;0;0;2;3;0;4;-7,54205161;-39,01408669;"SPRF-CE";"DEL05-CE";"UOP03-DEL05-CE"
563723;2023-11-26;"domingo";"11:27:00";"CE";230;36,2;"LAVRAS DA MANGABEIRA";"Ingestão de álcool pelo condutor";"Colisão transversal";"Com Vítimas Feridas";"Pleno dia";"Decrescente";"Céu Claro";"Simples";"Reta";"Não";4;0;0;2;2;0;2;2;-6,75125724;-38,93505395;"SPRF-CE";"DEL05-CE";"UOP01-DEL05-CE"
563733;2023-08-28;"segunda-feira";"10:00:00";"AC";364;273;"SENA MADUREIRA";"Acessar a via sem observar a presença dos outros veículos";"Colisão transversal";"Com Vítimas Fatais";"Pleno dia";"Crescente";"Céu Claro";"Dupla";"Reta";"Não";3;1;1;0;1;0;1;2;-9,079794;-68,66842;"SPRF-AC";"DEL01-AC";"UOP01-DEL01-AC"
563744;2023-11-26;"domingo";"15:30:00";"SP";116;162;"JACAREI";"Reação tardia ou ineficiente do condutor";"Tombamento";"Com Vítimas Feridas";"Pleno dia";"Crescente";"Céu Claro";"Dupla";"Reta";"Não";1;0;1;0;0;0;1;1;-23,28133317;-45,98394689;"SPRF-SP";"DEL02-SP";"UOP01-DEL02-SP"
563750;2023-11-26;"domingo";"15:40:00";"PR";376;216;"JANDAIA DO SUL";"Carga excessiva e/ou mal acondicionada";"Tombamento";"Sem Vítimas";"Pleno dia";"Decrescente";"Garoa/Chuvisco";"Múltipla";"Curva;Em Obras";"Sim";2;0;0;0;0;2;0;2;-23,59767281;-51,63339596;"SPRF-PR";"DEL09-PR";"UOP01-DEL09-PR"
563751;2023-11-26;"domingo";"14:00:00";"PE";316;237;"BELEM DE SAO FRANCISCO";"Demais falhas mecânicas ou elétricas";"Incêndio";"Sem Vítimas";"Pleno dia";"Decrescente";"Céu Claro";"Simples";"Reta";"Não";1;0;0;0;1;0;0;1;-8,66143416;-39,00273108;"SPRF-PE";"DEL05-PE";"UOP03-DEL05-PE"
563757;2023-11-26;"domingo";"16:00:00";"SP";116;107;"TAUBATE";"Reação tardia ou ineficiente do condutor";"Colisão traseira";"Com Vítimas Feridas";"Pleno dia";"Crescente";"Nublado";"Dupla";"Reta";"Não";3;0;0;1;1;2;1;4;-23,01791287;-45,53009409;"SPRF-SP";"DEL02-SP";"UOP02-DEL02-SP"
563762;2023-11-26;"domingo";"16:30:00";"MS";158;121,7;"APARECIDA DO TABOADO";"Reação tardia ou ineficiente do condutor";"Engavetamento";"Com Vítimas Feridas";"Pleno dia";"Crescente";"Céu Claro";"Simples";"Reta";"Não";4;0;1;0;2;3;1;6;-19,8812438;-51,1330954;"SPRF-MS";"DEL08-MS";"UOP01-DEL08-MS"
563765;2023-11-26;"domingo";"17:10:00";"PR";277;662,6;"MATELANDIA";"Condutor deixou de manter distância do veículo da frente";"Colisão traseira";"Sem Vítimas";"Pleno dia";"Decrescente";"Chuva";"Dupla";"Reta";"Não";2;0;0;0;2;0;0;2;-25,25121745;-54,00913508;"SPRF-PR";"DEL05-PR";"UOP02-DEL05-PR"
563766;2023-11-26;"domingo";"16:30:00";"ES";101;426,9;"ATILIO VIVACQUA";"Velocidade Incompatível";"Tombamento";"Com Vítimas Feridas";"Pleno dia";"Crescente";"Nublado";"Simples";"Curva;Rotatória";"Não";6;0;1;0;3;2;1;4;-21,0112649;-41,14630938;"SPRF-ES";"DEL03-ES";"UOP02-DEL03-ES"
563771;2023-11-26;"domingo";"13:00:00";"MA";135;58;"BACABEIRA";"Ausência de reação do condutor";"Colisão lateral sentido oposto";"Sem Vítimas";"Pleno dia";"Crescente";"Céu Claro";"Simples";"Reta";"Sim";2;0;0;0;2;0;0;2;-3,03429398;-44,31666831;"SPRF-MA";"DEL01-MA";"UOP02-DEL01-MA"
563775;2023-11-26;"domingo";"18:10:00";"PR";369;408,5;"JURANDA";"Mal súbito do condutor";"Saída de leito carroçável";"Sem Vítimas";"Anoitecer";"Crescente";"Nublado";"Simples";"Reta";"Não";1;0;0;0;1;0;0;1;-24,3342;-52,6887;"SPRF-PR";"DEL04-PR";"UOP03-DEL04-PR"
563788;2023-11-26;"domingo";"18:40:00";"PB";230;171,2;"CAMPINA GRANDE";"Ausência de reação do condutor";"Colisão traseira";"Com Vítimas Feridas";"Plena Noite";"Crescente";"Céu Claro";"Simples";"Reta";"Não";4;0;1;1;1;1;2;3;-7,18;-35,9938;"SPRF-PB";"DEL02-PB";"UOP02-DEL02-PB"
563793;2023-11-17;"sexta-feira";"02:20:00";"SE";101;43;"CAPELA";"Ausência de reação do condutor";"Colisão com objeto";"Com Vítimas Feridas";"Plena Noite";"Crescente";"Céu Claro";"Dupla";"Ponte;Reta";"Não";2;0;1;0;0;1;1;2;-10,547321;-36,970737;"SPRF-SE";"DEL02-SE";"UOP02-DEL02-SE"
563797;2023-11-26;"domingo";"18:20:00";"SC";153;85,2;"CONCORDIA";"Conversão proibida";"Colisão transversal";"Sem Vítimas";"Pleno dia";"Crescente";"Céu Claro";"Simples";"Aclive;Reta";"Não";3;0;0;0;2;2;0;4;-27,142017;-51,913219;"SPRF-SC";"DEL07-SC";"UOP04-DEL07-SC"
563800;2023-11-26;"domingo";"19:30:00";"SC";101;51,7;"JOINVILLE";"Condutor deixou de manter distância do veículo da frente";"Colisão traseira";"Sem Vítimas";"Plena Noite";"Decrescente";"Nublado";"Dupla";"Reta";"Não";3;0;0;0;2;1;0;3;-26,38506771;-48,84917582;"SPRF-SC";"DEL03-SC";"UOP01-DEL03-SC"
563801;2023-11-26;"domingo";"20:30:00";"SC";470;45;"GASPAR";"Acessar a via sem observar a presença dos outros veículos";"Colisão transversal";"Com Vítimas Feridas";"Plena Noite";"Crescente";"Nublado";"Simples";"Reta;Em Obras";"Não";3;0;1;0;2;0;1;2;-26,867064;-49,031109;"SPRF-SC";"DEL04-SC";"UOP01-DEL04-SC"
563810;2023-11-26;"domingo";"20:27:00";"BA";324;517,9;"FEIRA DE SANTANA";"Velocidade Incompatível";"Colisão traseira";"Com Vítimas Feridas";"Plena Noite";"Crescente";"Céu Claro";"Simples";"Reta";"Sim";2;0;0;1;1;0;1;2;-12,2585708;-38,9322122;"SPRF-BA";"DEL02-BA";"UOP01-DEL02-BA"
563814;2023-11-26;"domingo";"18:00:00";"PE";424;71;"CAETES";"Reação tardia ou ineficiente do condutor";"Colisão traseira";"Sem Vítimas";"Plena Noite";"Crescente";"Céu Claro";"Simples";"Aclive;Reta";"Não";3;0;0;0;2;1;0;3;-8,78427532;-36,61322121;"SPRF-PE";"DEL03-PE";"UOP01-DEL03-PE"
563817;2023-10-09;"segunda-feira";"23:20:00";"ES";101;393,9;"RIO NOVO DO SUL";"Transitar na contramão";"Colisão frontal";"Com Vítimas Fatais";"Plena Noite";"Crescente";"Céu Claro";"Simples";"Aclive;Reta";"Não";4;1;0;0;2;1;0;4;-20,865694;-40,91366;"SPRF-ES";"DEL03-ES";"UOP02-DEL03-ES"
563818;2023-11-26;"domingo";"19:21:00";"MT";70;514;"VARZEA GRANDE";"Ausência de reação do condutor";"Colisão traseira";"Com Vítimas Feridas";"Plena Noite";"Decrescente";"Céu Claro";"Simples";"Reta";"Sim";2;0;1;0;1;0;1;2;-15,70667126;-56,13155365;"SPRF-MT";"DEL01-MT";"UOP02-DEL01-MT"
563819;2023-11-26;"domingo";"17:30:00";"MG";262;553,2;"LUZ";"Velocidade Incompatível";"Tombamento";"Com Vítimas Feridas";"Pleno dia";"Decrescente";"Nublado";"Simples";"Declive;Curva";"Não";1;0;1;0;0;0;1;1;-19,71819541;-45,89938601;"SPRF-MG";"DEL08-MG";"UOP02-DEL08-MG"
563824;2023-11-26;"domingo";"20:10:00";"SC";280;235,5;"CANOINHAS";"Reação tardia ou ineficiente do condutor";"Colisão traseira";"Sem Vítimas";"Plena Noite";"Decrescente";"Nublado";"Simples";"Rotatória";"Sim";3;0;0;0;2;2;0;4;-26,19206283;-50,41295701;"SPRF-SC";"DEL06-SC";"UOP04-DEL06-SC"
563831;2023-11-26;"domingo";"17:40:00";"BA";101;612;"MASCOTE";"Velocidade Incompatível";"Colisão transversal";"Com Vítimas Fatais";"Anoitecer";"Crescente";"Chuva";"Simples";"Curva";"Não";3;2;0;0;1;0;0;2;-15,74211501;-39,47647498;"SPRF-BA";"DEL05-BA";"UOP02-DEL05-BA"
563843;2023-11-26;"domingo";"21:50:00";"SP";116;354,9;"MIRACATU";"Reação tardia ou ineficiente do condutor";"Colisão traseira";"Com Vítimas Feridas";"Plena Noite";"Crescente";"Céu Claro";"Dupla";"Curva;Declive";"Não";4;0;2;0;1;1;2;3;-24,08289401;-47,25237399;"SPRF-SP";"DEL04-SP";"UOP03-DEL04-SP"
563845;2023-11-26;"domingo";"23:00:00";"SP";116;476;"JACUPIRANGA";"Acessar a via sem observar a presença dos outros veículos";"Colisão transversal";"Com Vítimas Feridas";"Plena Noite";"Decrescente";"Garoa/Chuvisco";"Simples";"Interseção de Vias;Viaduto";"Não";3;0;0;1;1;1;1;3;-24,6928255;-47,99567352;"SPRF-SP";"DEL05-SP";"UOP01-DEL05-SP"
563846;2023-11-26;"domingo";"21:37:00";"MT";163;52,3;"ITIQUIRA";"Ausência de reação do condutor";"Tombamento";"Com Vítimas Feridas";"Plena Noite";"Crescente";"Nublado";"Dupla";"Reta";"Não";2;0;1;0;0;1;1;2;-17,05681499;-54,76071395;"SPRF-MT";"DEL02-MT";"UOP03-DEL02-MT"
563847;2023-11-26;"domingo";"19:30:00";"SC";116;50,6;"PAPANDUVA";"Transitar na contramão";"Colisão frontal";"Com Vítimas Fatais";"Plena Noite";"Crescente";"Céu Claro";"Simples";"Reta;Interseção de Vias";"Não";4;1;0;1;2;0;1;2;-26,38164352;-50,13464928;"SPRF-SC";"DEL06-SC";"UOP01-DEL06-SC"
563853;2023-11-27;"segunda-feira";"00:20:00";"SP";116;337;"JUQUITIBA";"Demais falhas mecânicas ou elétricas";"Incêndio";"Sem Vítimas";"Plena Noite";"Crescente";"Ignorado";"Dupla";"Reta";"Sim";1;0;0;0;0;1;0;1;-23,9818403;-47,14564419;"SPRF-SP";"DEL04-SP";"UOP03-DEL04-SP"
563854;2023-11-26;"domingo";"19:30:00";"BA";242;890;"LUIS EDUARDO MAGALHAES";"Reação tardia ou ineficiente do condutor";"Saída de leito carroçável";"Com Vítimas Fatais";"Plena Noite";"Crescente";"Céu Claro";"Simples";"Reta";"Não";2;1;0;0;0;1;0;2;-12,100063;-45,85958;"SPRF-BA";"DEL10-BA";"UOP01-DEL10-BA"
563856;2023-11-26;"domingo";"21:00:00";"SC";101;161;"TIJUCAS";"Ausência de reação do condutor";"Colisão traseira";"Com Vítimas Feridas";"Plena Noite";"Decrescente";"Ignorado";"Dupla";"Reta";"Sim";3;0;1;0;1;1;1;3;-27,21673911;-48,6244238;"SPRF-SC";"DEL04-SC";"UOP03-DEL04-SC"
563858;2023-11-27;"segunda-feira";"00:50:00";"MG";381;480,1;"CONTAGEM";"Entrada inopinada do pedestre";"Atropelamento de Pedestre";"Com Vítimas Fatais";"Plena Noite";"Decrescente";"Céu Claro";"Dupla";"Reta";"Sim";3;1;0;0;1;1;0;3;-19,95749597;-44,07899901;"SPRF-MG";"DEL01-MG";"UOP03-DEL01-MG"
563862;2023-11-27;"segunda-feira";"01:50:00";"DF";20;10,2;"BRASILIA";"Velocidade Incompatível";"Saída de leito carroçável";"Com Vítimas Fatais";"Plena Noite";"Decrescente";"Chuva";"Dupla";"Reta;Declive";"Sim";2;1;0;0;0;1;0;2;-15,650243;-47,773872;"SPRF-DF";"DEL02-DF";"UOP01-DEL02-DF"
563863;2023-11-27;"segunda-feira";"03:15:00";"RS";101;60,5;"MAQUINE";"Ausência de reação do condutor";"Tombamento";"Sem Vítimas";"Plena Noite";"Crescente";"Céu Claro";"Dupla";"Reta";"Não";1;0;0;0;1;0;0;1;-29,678094;-50,146119;"SPRF-RS";"DEL03-RS";"UOP02-DEL03-RS"
563869;2023-11-27;"segunda-feira";"05:30:00";"PE";408;40;"ALIANCA";"Ausência de reação do condutor";"Colisão transversal";"Com Vítimas Feridas";"Pleno dia";"Decrescente";"Chuva";"Simples";"Reta;Interseção de Vias";"Não";3;0;1;0;2;0;1;2;-7,64930515;-35,25214043;"SPRF-PE";"DEL01-PE";"UOP02-DEL01-PE"
563870;2023-11-27;"segunda-feira";"00:20:00";"MA";316;599,5;"TIMON";"Transitar na contramão";"Colisão frontal";"Com Vítimas Fatais";"Plena Noite";"Decrescente";"Céu Claro";"Simples";"Curva";"Não";2;1;0;0;1;0;0;2;-5,021561;-42,962944;"SPRF-MA";"DEL03-MA";"UOP02-DEL03-MA"
563872;2023-11-27;"segunda-feira";"06:45:00";"SC";101;202,9;"SAO JOSE";"Condutor deixou de manter distância do veículo da frente";"Colisão lateral mesmo sentido";"Com Vítimas Feridas";"Pleno dia";"Crescente";"Nublado";"Dupla";"Reta;Aclive";"Sim";3;0;1;0;2;0;1;3;-27,55711595;-48,61897889;"SPRF-SC";"DEL01-SC";"UOP01-DEL01-SC"
563874;2023-11-27;"segunda-feira";"05:50:00";"BA";116;745,3;"BOA NOVA";"Demais falhas mecânicas ou elétricas";"Capotamento";"Com Vítimas Feridas";"Pleno dia";"Decrescente";"Céu Claro";"Simples";"Aclive;Reta";"Sim";2;0;0;2;0;0;2;1;-14,39293597;-40,35237311;"SPRF-BA";"DEL08-BA";"UOP02-DEL08-BA"
563879;2023-11-27;"segunda-feira";"05:41:00";"RJ";40;22;"TRES RIOS";"Ausência de reação do condutor";"Tombamento";"Com Vítimas Feridas";"Amanhecer";"Crescente";"Céu Claro";"Dupla";"Curva";"Não";2;0;1;0;0;1;1;2;-22,12244792;-43,1568498;"SPRF-RJ";"DEL05-RJ";"UOP02-DEL05-RJ"
563891;2023-11-27;"segunda-feira";"07:40:00";"GO";364;136;"APARECIDA DO RIO DOCE";"Demais falhas mecânicas ou elétricas";"Incêndio";"Sem Vítimas";"Amanhecer";"Decrescente";"Chuva";"Simples";"Reta";"Não";2;0;0;0;1;1;0;2;-18,2087;-51,317787;"SPRF-GO";"DEL05-GO";"UOP02-DEL05-GO"
563904;2023-11-27;"segunda-feira";"07:40:00";"MS";163;489;"CAMPO GRANDE";"Ultrapassagem Indevida";"Colisão lateral mesmo sentido";"Com Vítimas Feridas";"Pleno dia";"Decrescente";"Céu Claro";"Simples";"Reta";"Sim";3;0;0;1;1;3;1;5;-20,4009904;-54,55527306;"SPRF-MS";"DEL01-MS";"UOP02-DEL01-MS"
563907;2023-11-27;"segunda-feira";"06:35:00";"GO";40;113,8;"CRISTALINA";"Reação tardia ou ineficiente do condutor";"Saída de leito carroçável";"Com Vítimas Feridas";"Amanhecer";"Crescente";"Céu Claro";"Dupla";"Curva";"Não";2;0;1;0;0;1;1;2;-16,847953;-47,483787;"SPRF-DF";"DEL01-DF";"UOP02-DEL01-DF"
563909;2023-11-27;"segunda-feira";"09:00:00";"MG";365;0,7;"MONTES CLAROS";"Transitar no Acostamento";"Colisão lateral mesmo sentido";"Com Vítimas Feridas";"Pleno dia";"Crescente";"Sol";"Simples";"Reta";"Sim";2;0;1;0;1;0;1;2;-16,716154;-43,863327;"SPRF-MG";"DEL12-MG";"UOP01-DEL12-MG"
563910;2023-11-27;"segunda-feira";"06:30:00";"RJ";40;82;"PETROPOLIS";"Demais falhas mecânicas ou elétricas";"Saída de leito carroçável";"Com Vítimas Fatais";"Amanhecer";"Crescente";"Céu Claro";"Simples";"Declive;Curva";"Sim";2;1;0;0;0;1;0;2;-22,51183137;-43,23076171;"SPRF-RJ";"DEL01-RJ";"UOP01-DEL01-RJ"
563913;2023-11-27;"segunda-feira";"10:10:00";"SC";101;198;"BIGUACU";"Reação tardia ou ineficiente do condutor";"Colisão traseira";"Sem Vítimas";"Pleno dia";"Crescente";"Garoa/Chuvisco";"Dupla";"Reta";"Sim";3;0;0;0;3;0;0;2;-27,52658712;-48,63506019;"SPRF-SC";"DEL01-SC";"UOP01-DEL01-SC"
563914;2023-11-27;"segunda-feira";"08:00:00";"MT";364;348;"SANTO ANTONIO DO LEVERGER";"Reação tardia ou ineficiente do condutor";"Colisão traseira";"Com Vítimas Feridas";"Pleno dia";"Crescente";"Céu Claro";"Dupla";"Reta;Declive";"Não";3;0;1;1;1;0;2;2;-15,80416834;-55,55429598;"SPRF-MT";"DEL05-MT";"UOP02-DEL05-MT"
563921;2023-11-27;"segunda-feira";"11:00:00";"PA";316;62;"CASTANHAL";"Acessar a via sem observar a presença dos outros veículos";"Colisão transversal";"Com Vítimas Feridas";"Pleno dia";"Decrescente";"Céu Claro";"Dupla";"Reta";"Sim";2;0;1;0;1;0;1;2;-1,29786885;-47,93764104;"SPRF-PA";"DEL01-PA";"UOP01-DEL01-PA"
563927;2023-11-27;"segunda-feira";"09:15:00";"PA";10;120;"PARAGOMINAS";"Ultrapassagem Indevida";"Derramamento de carga";"Sem Vítimas";"Pleno dia";"Crescente";"Céu Claro";"Simples";"Reta";"Não";4;0;0;0;3;3;0;6;-3,392432;-47,444252;"SPRF-PA";"DEL02-PA";"UOP01-DEL02-PA"
563932;2023-11-27;"segunda-feira";"12:30:00";"ES";101;286;"CARIACICA";"Acessar a via sem observar a presença dos outros veículos";"Colisão transversal";"Com Vítimas Feridas";"Pleno dia";"Decrescente";"Nublado";"Dupla";"Curva;Declive";"Sim";2;0;0;1;1;0;1;2;-20,25902175;-40,37753412;"SPRF-ES";"DEL01-ES";"UOP01-DEL01-ES"
563936;2023-11-23;"quinta-feira";"09:30:00";"MS";163;222;"CAARAPO";"Ausência de reação do condutor";"Colisão lateral sentido oposto";"Com Vítimas Feridas";"Pleno dia";"Crescente";"Chuva";"Simples";"Curva;Declive";"Não";3;0;1;0;1;2;1;4;-22,52568393;-54,85591891;"SPRF-MS";"DEL04-MS";"UOP02-DEL04-MS"
563937;2023-11-27;"segunda-feira";"12:20:00";"PR";116;83;"PIRAQUARA";"Reação tardia ou ineficiente do condutor";"Colisão transversal";"Com Vítimas Feridas";"Pleno dia";"Decrescente";"Nublado";"Dupla";"Curva";"Não";2;0;1;0;1;0;1;2;-25,42089417;-49,07238381;"SPRF-PR";"DEL01-PR";"UOP07-DEL01-PR"
563940;2023-11-27;"segunda-feira";"10:58:00";"RS";158;320;"SANTA MARIA";"Reação tardia ou ineficiente do condutor";"Saída de leito carroçável";"Com Vítimas Feridas";"Pleno dia";"Crescente";"Nublado";"Simples";"Curva;Declive";"Não";1;0;1;0;0;0;1;1;-29,68141633;-53,77721786;"SPRF-RS";"DEL09-RS";"UOP01-DEL09-RS"
563941;2023-10-18;"quarta-feira";"18:10:00";"GO";158;156;"CAIAPONIA";"Ausência de sinalização";"Colisão transversal";"Com Vítimas Feridas";"Plena Noite";"Crescente";"Céu Claro";"Múltipla";"Interseção de Vias";"Não";2;0;1;0;1;0;1;2;-16,949462;-51,82462593;"SPRF-GO";"DEL05-GO";"UOP01-DEL05-GO"
563943;2023-11-27;"segunda-feira";"11:40:00";"MG";381;517;"IGARAPE";"Velocidade Incompatível";"Engavetamento";"Com Vítimas Fatais";"Pleno dia";"Decrescente";"Céu Claro";"Dupla";"Reta;Declive";"Não";20;6;0;1;12;5;1;19;-20,11382303;-44,30720801;"SPRF-MG";"DEL01-MG";"UOP03-DEL01-MG"
563948;2023-11-27;"segunda-feira";"12:50:00";"SC";282;400,9;"JOACABA";"Ausência de reação do condutor";"Saída de leito carroçável";"Sem Vítimas";"Pleno dia";"Crescente";"Chuva";"Simples";"Curva";"Não";1;0;0;0;1;0;0;1;-27,132223;-51,627563;"SPRF-SC";"DEL07-SC";"UOP05-DEL07-SC"
563950;2023-01-27;"sexta-feira";"12:51:00";"RO";319;57;"PORTO VELHO";"Conversão proibida";"Colisão lateral mesmo sentido";"Com Vítimas Feridas";"Pleno dia";"Crescente";"Chuva";"Simples";"Reta";"Não";2;0;1;0;1;0;1;2;-8,739714;-63,93214024;"SPRF-RO";"DEL01-RO";"UOP01-DEL01-RO"
563956;2023-11-27;"segunda-feira";"14:00:00";"RJ";101;385;"RIO DE JANEIRO";"Condutor deixou de manter distância do veículo da frente";"Engavetamento";"Com Vítimas Feridas";"Pleno dia";"Crescente";"Céu Claro";"Dupla";"Reta";"Não";4;0;1;0;2;1;1;4;-22,88064129;-43,63218994;"SPRF-RJ";"DEL03-RJ";"UOP01-DEL03-RJ"