"id";"data_inversa";"dia_semana";"horario";"uf";"br";"km";"municipio";"causa_acidente";"tipo_acidente";"classificacao_acidente";"fase_dia";"sentido_via";"condicao_metereologica";"tipo_pista";"tracado_via";"uso_solo";"pessoas";"mortos";"feridos_leves";"feridos_graves";"ilesos";"ignorados";"feridos";"veiculos";"latitude";"longitude";"regional";"delegacia";"uop"
563960;2023-11-27;"segunda-feira";"13:09:00";"RO";364;421;"JARU";"Acessar a via sem observar a presença dos outros veículos";"Colisão transversal";"Com Vítimas Feridas";"Pleno dia";"Crescente";"Céu Claro";"Simples";"Reta";"Não";3;0;0;1;1;2;1;4;-10,46729967;-62,45088748;"SPRF-RO";"DEL03-RO";"UOP02-DEL03-RO"
563961;2023-06-14;"quarta-feira";"10:30:00";"GO";60;97;"ANAPOLIS";"Acessar a via sem observar a presença dos outros veículos";"Colisão traseira";"Com Vítimas Feridas";"Pleno dia";"Crescente";"Céu Claro";"Dupla";"Retorno Regulamentado;Reta;Aclive";"Sim";7;0;1;0;5;1;1;5;-16,3774;-48,9483;"SPRF-GO";"DEL02-GO";"UOP01-DEL02-GO"
563965;2023-11-27;"segunda-feira";"14:40:00";"MT";364;349;"SANTO ANTONIO DO LEVERGER";"Demais falhas mecânicas ou elétricas";"Incêndio";"Sem Vítimas";"Pleno dia";"Crescente";"Nublado";"Dupla";"Declive;Curva";"Não";2;0;0;0;1;2;0;3;-15,80502622;-55,5546431;"SPRF-MT";"DEL05-MT";"UOP02-DEL05-MT"
563978;2023-11-27;"segunda-feira";"16:30:00";"SC";470;134,6;"RIO DO SUL";"Ausência de reação do condutor";"Colisão traseira";"Com Vítimas Feridas";"Pleno dia";"Crescente";"Chuva";"Simples";"Reta";"Sim";5;0;4;0;1;0;4;2;-27,181854;-49,600128;"SPRF-SC";"DEL04-SC";"UOP02-DEL04-SC"
563983;2023-11-27;"segunda-feira";"16:30:00";"ES";101;271;"SERRA";"Frear bruscamente";"Colisão traseira";"Sem Vítimas";"Pleno dia";"Crescente";"Céu Claro";"Dupla";"Reta";"Sim";4;0;0;0;3;1;0;4;-20,23267;-40,27658;"SPRF-ES";"DEL02-ES";"UOP01-DEL02-ES"
563985;2023-11-27;"segunda-feira";"16:45:00";"MG";262;545,4;"LUZ";"Velocidade Incompatível";"Colisão lateral sentido oposto";"Com Vítimas Feridas";"Pleno dia";"Crescente";"Chuva";"Simples";"Reta";"Não";4;0;1;0;2;3;1;6;-19,74135904;-45,84378401;"SPRF-MG";"DEL08-MG";"UOP02-DEL08-MG"
563986;2023-11-27;"segunda-feira";"15:50:00";"RJ";465;18;"NOVA IGUACU";"Condutor deixou de manter distância do veículo da frente";"Colisão lateral mesmo sentido";"Com Vítimas Feridas";"Pleno dia";"Crescente";"Céu Claro";"Simples";"Reta";"Sim";2;0;1;0;1;0;1;2;-22,831354;-43,615128;"SPRF-RJ";"DEL03-RJ";"UOP01-DEL03-RJ"
563999;2023-11-27;"segunda-feira";"16:45:00";"SC";282;440;"VARGEM BONITA";"Ausência de reação do condutor";"Saída de leito carroçável";"Sem Vítimas";"Pleno dia";"Decrescente";"Chuva";"Dupla";"Reta;Aclive";"Não";2;0;0;0;1;1;0;2;-26,937757;-51,868366;"SPRF-SC";"DEL07-SC";"UOP04-DEL07-SC"
564002;2023-11-09;"quinta-feira";"13:40:00";"GO";158;231;"JATAI";"Acessar a via sem observar a presença dos outros veículos";"Colisão transversal";"Com Vítimas Feridas";"Pleno dia";"Decrescente";"Céu Claro";"Simples";"Rotatória;Interseção de Vias";"Não";4;0;2;0;2;0;2;2;-17,57303284;-51,87753373;"SPRF-GO";"DEL05-GO";"UOP01-DEL05-GO"
564009;2023-11-27;"segunda-feira";"16:06:00";"MS";0;0;"SIDROLANDIA";"Objeto estático sobre o leito carroçável";"Colisão com objeto";"Sem Vítimas";"Pleno dia";"Não Informado";"Nublado";"Simples";"Reta";"Não";5;0;0;0;4;3;0;5;-21,389868;-55,112023;"SPRF-MS";"DEL01-MS";"UOP04-DEL01-MS"
564013;2023-11-27;"segunda-feira";"14:40:00";"SC";280;154,2;"MAFRA";"Chuva";"Colisão lateral sentido oposto";"Com Vítimas Fatais";"Pleno dia";"Crescente";"Chuva";"Simples";"Curva;Declive";"Não";5;1;1;0;1;2;1;4;-26,21362587;-49,7181449;"SPRF-SC";"DEL06-SC";"UOP03-DEL06-SC"
564014;2023-11-27;"segunda-feira";"17:30:00";"PR";376;490;"PONTA GROSSA";"Reação tardia ou ineficiente do condutor";"Colisão traseira";"Sem Vítimas";"Pleno dia";"Decrescente";"Céu Claro";"Dupla";"Reta";"Sim";4;0;0;0;4;0;0;4;-25,14692309;-50,15072006;"SPRF-PR";"DEL03-PR";"UOP04-DEL03-PR"
564020;2023-11-27;"segunda-feira";"16:13:00";"AL";316;140,6;"ESTRELA DE ALAGOAS";"Acessar a via sem observar a presença dos outros veículos";"Colisão transversal";"Com Vítimas Feridas";"Pleno dia";"Decrescente";"Nublado";"Simples";"Reta";"Sim";5;0;2;1;2;0;3;2;-9,39046832;-36,75850007;"SPRF-AL";"DEL03-AL";"UOP01-DEL03-AL"
564029;2023-10-05;"quinta-feira";"05:10:00";"MG";40;70,3;"PARACATU";"Demais falhas mecânicas ou elétricas";"Incêndio";"Sem Vítimas";"Amanhecer";"Decrescente";"Céu Claro";"Simples";"Reta";"Não";3;0;0;0;2;1;0;2;-17,400838;-46,727587;"SPRF-MG";"DEL14-MG";"UOP01-DEL14-MG"
564030;2023-11-27;"segunda-feira";"14:45:00";"CE";116;105;"MORADA NOVA";"Manobra de mudança de faixa";"Tombamento";"Com Vítimas Feridas";"Pleno dia";"Crescente";"Céu Claro";"Simples";"Reta";"Não";2;0;1;0;0;1;1;2;-4,54857288;-38,28304795;"SPRF-CE";"DEL03-CE";"UOP02-DEL03-CE"
564032;2023-11-27;"segunda-feira";"21:37:00";"PE";101;39;"IGARASSU";"Condutor deixou de manter distância do veículo da frente";"Colisão traseira";"Com Vítimas Feridas";"Plena Noite";"Decrescente";"Chuva";"Dupla";"Reta";"Sim";2;0;1;0;1;0;1;2;-7,821612;-34,916309;"SPRF-PE";"DEL01-PE";"UOP02-DEL01-PE"
564036;2023-11-19;"domingo";"23:45:00";"SC";101;188,7;"BIGUACU";"Ultrapassagem Indevida";"Tombamento";"Com Vítimas Feridas";"Plena Noite";"Decrescente";"Nublado";"Dupla";"Reta";"Não";2;0;1;0;0;1;1;2;-27,45123421;-48,63370766;"SPRF-SC";"DEL01-SC";"UOP01-DEL01-SC"
564037;2023-11-27;"segunda-feira";"22:30:00";"AL";101;52;"FLEXEIRAS";"Velocidade Incompatível";"Tombamento";"Com Vítimas Feridas";"Plena Noite";"Decrescente";"Céu Claro";"Dupla";"Curva";"Não";2;0;1;0;0;1;1;2;-9,24928061;-35,75771436;"SPRF-AL";"DEL01-AL";"UOP02-DEL01-AL"
564039;2023-11-27;"segunda-feira";"21:00:00";"MS";163;225;"CAARAPO";"Reação tardia ou ineficiente do condutor";"Colisão com objeto";"Com Vítimas Feridas";"Plena Noite";"Decrescente";"Chuva";"Simples";"Reta;Declive;Rotatória";"Sim";6;0;0;4;1;1;4;3;-22,500217;-54,864506;"SPRF-MS";"DEL04-MS";"UOP02-DEL04-MS"
564040;2023-11-27;"segunda-feira";"22:00:00";"MG";381;908,9;"CAMBUI";"Reação tardia ou ineficiente do condutor";"Colisão lateral mesmo sentido";"Sem Vítimas";"Plena Noite";"Crescente";"Chuva";"Dupla";"Aclive;Curva";"Não";2;0;0;0;2;0;0;2;-22,68558915;-46,10244859;"SPRF-MG";"DEL16-MG";"UOP03-DEL16-MG"
564041;2023-11-27;"segunda-feira";"19:00:00";"RJ";493;50;"DUQUE DE CAXIAS";"Ausência de reação do condutor";"Colisão traseira";"Com Vítimas Feridas";"Plena Noite";"Decrescente";"Nublado";"Dupla";"Reta";"Sim";2;0;1;0;1;0;1;2;-22,66933225;-43,3085829;"SPRF-RJ";"DEL01-RJ";"UOP01-DEL01-RJ"
564042;2023-11-27;"segunda-feira";"21:55:00";"BA";242;853;"BARREIRAS";"Reação tardia ou ineficiente do condutor";"Colisão frontal";"Com Vítimas Fatais";"Plena Noite";"Crescente";"Céu Claro";"Simples";"Reta";"Não";3;1;0;0;1;1;0;3;-12,10556023;-45,31564903;"SPRF-BA";"DEL10-BA";"UOP01-DEL10-BA"
564043;2023-11-28;"terça-feira";"00:05:00";"MG";381;761;"TRES CORACOES";"Velocidade Incompatível";"Tombamento";"Com Vítimas Feridas";"Plena Noite";"Crescente";"Céu Claro";"Dupla";"Curva;Declive";"Não";2;0;0;1;0;1;1;2;-21,71597801;-45,37713297;"SPRF-MG";"DEL16-MG";"UOP02-DEL16-MG"
564047;2023-11-27;"segunda-feira";"23:45:00";"MG";116;17;"CACHOEIRA DE PAJEU";"Reação tardia ou ineficiente do condutor";"Tombamento";"Com Vítimas Feridas";"Plena Noite";"Decrescente";"Céu Claro";"Simples";"Aclive;Curva";"Não";2;0;1;0;0;1;1;2;-15,81769104;-41,38754395;"SPRF-BA";"DEL08-BA";"UOP03-DEL08-BA"
564048;2023-11-28;"terça-feira";"00:30:00";"PR";376;666;"GUARATUBA";"Pista Escorregadia";"Tombamento";"Com Vítimas Feridas";"Plena Noite";"Decrescente";"Garoa/Chuvisco";"Simples";"Reta;Aclive";"Não";3;0;1;1;0;2;2;4;-25,86284787;-48,93929601;"SPRF-PR";"DEL01-PR";"UOP04-DEL01-PR"
564053;2023-11-28;"terça-feira";"03:12:00";"MS";262;448,9;"DOIS IRMAOS DO BURITI";"Reação tardia ou ineficiente do condutor";"Colisão traseira";"Com Vítimas Feridas";"Plena Noite";"Decrescente";"Céu Claro";"Simples";"Reta";"Não";27;0;3;1;21;2;4;4;-20,53883032;-55,4373759;"SPRF-MS";"DEL03-MS";"UOP01-DEL03-MS"
564054;2023-11-28;"terça-feira";"03:20:00";"SP";116;528;"BARRA DO TURVO";"Condutor deixou de manter distância do veículo da frente";"Colisão traseira";"Com Vítimas Feridas";"Plena Noite";"Crescente";"Nublado";"Dupla";"Reta";"Não";3;0;1;0;1;1;1;3;-24,93621048;-48,29215184;"SPRF-SP";"DEL05-SP";"UOP02-DEL05-SP"
564055;2023-11-28;"terça-feira";"04:40:00";"ES";101;257,6;"SERRA";"Reação tardia ou ineficiente do condutor";"Tombamento";"Com Vítimas Feridas";"Plena Noite";"Crescente";"Nublado";"Dupla";"Retorno Regulamentado";"Sim";2;0;1;0;0;1;1;2;-20,12455095;-40,30331881;"SPRF-ES";"DEL02-ES";"UOP01-DEL02-ES"
564057;2023-11-27;"segunda-feira";"20:36:00";"RN";304;305;"PARNAMIRIM";"Acumulo de água sobre o pavimento";"Colisão com objeto";"Sem Vítimas";"Plena Noite";"Crescente";"Chuva";"Dupla";"Declive";"Não";1;0;0;0;1;0;0;1;-5,8876927;-35,2721949;"SPRF-RN";"DEL01-RN";"UOP02-DEL01-RN"
564061;2023-11-28;"terça-feira";"04:30:00";"MG";354;745,3;"POUSO ALTO";"Transitar no Acostamento";"Saída de leito carroçável";"Com Vítimas Feridas";"Plena Noite";"Decrescente";"Nublado";"Simples";"Reta";"Sim";2;0;0;1;1;0;1;2;-22,2517555;-44,9330113;"SPRF-MG";"DEL17-MG";"UOP01-DEL17-MG"
564065;2023-11-28;"terça-feira";"06:00:00";"MG";50;30,5;"ARAGUARI";"Ausência de reação do condutor";"Saída de leito carroçável";"Com Vítimas Feridas";"Pleno dia";"Decrescente";"Céu Claro";"Dupla";"Declive";"Não";2;0;1;0;0;3;1;4;-18,61550987;-48,11660731;"SPRF-MG";"DEL15-MG";"UOP02-DEL15-MG"
564066;2023-11-28;"terça-feira";"03:45:00";"PR";369;178;"ARAPONGAS";"Condutor Dormindo";"Colisão com objeto";"Sem Vítimas";"Plena Noite";"Decrescente";"Garoa/Chuvisco";"Dupla";"Reta;Desvio Temporário";"Não";2;0;0;0;1;1;0;2;-23,36098767;-51,39923036;"SPRF-PR";"DEL07-PR";"UOP01-DEL07-PR"
564072;2023-11-28;"terça-feira";"04:10:00";"SP";116;459;"PARIQUERA-ACU";"Ausência de reação do condutor";"Saída de leito carroçável";"Sem Vítimas";"Amanhecer";"Crescente";"Céu Claro";"Dupla";"Reta";"Sim";1;0;0;0;1;0;0;1;-24,60387477;-47,8770803;"SPRF-SP";"DEL05-SP";"UOP01-DEL05-SP"
564074;2023-11-28;"terça-feira";"05:00:00";"PE";101;107;"CABO DE SANTO AGOSTINHO";"Carga excessiva e/ou mal acondicionada";"Derramamento de carga";"Com Vítimas Feridas";"Amanhecer";"Crescente";"Chuva";"Dupla";"Curva";"Não";8;0;1;0;4;5;1;10;-8,311557;-35,10102;"SPRF-PE";"DEL01-PE";"UOP03-DEL01-PE"
564078;2023-10-23;"segunda-feira";"08:56:00";"SC";101;216,5;"PALHOCA";"Acessar a via sem observar a presença dos outros veículos";"Colisão transversal";"Com Vítimas Feridas";"Pleno dia";"Crescente";"Céu Claro";"Dupla";"Reta;Viaduto;Interseção de Vias";"Sim";2;0;1;0;1;0;1;2;-27,65981409;-48,67747798;"SPRF-SC";"DEL01-SC";"UOP02-DEL01-SC"
564080;2023-11-28;"terça-feira";"08:05:00";"MG";381;870,7;"POUSO ALEGRE";"Ingestão de álcool ou de substâncias psicoativas pelo pedestre";"Atropelamento de Pedestre";"Com Vítimas Feridas";"Pleno dia";"Decrescente";"Nublado";"Dupla";"Reta";"Não";5;0;0;1;1;3;1;3;-22,39524727;-45,95789194;"SPRF-MG";"DEL16-MG";"UOP01-DEL16-MG"
564085;2023-11-28;"terça-feira";"09:20:00";"PE";232;11,3;"RECIFE";"Reação tardia ou ineficiente do condutor";"Colisão traseira";"Sem Vítimas";"Pleno dia";"Decrescente";"Céu Claro";"Dupla";"Declive";"Não";2;0;0;0;2;0;0;2;-8,08195464;-34,99545022;"SPRF-PE";"DEL01-PE";"UOP01-DEL01-PE"
564086;2023-11-28;"terça-feira";"06:10:00";"BA";407;231,5;"CAPIM GROSSO";"Velocidade Incompatível";"Saída de leito carroçável";"Com Vítimas Fatais";"Pleno dia";"Crescente";"Sol";"Simples";"Reta";"Sim";3;1;0;0;0;2;0;3;-11,36443597;-40,01315076;"SPRF-BA";"DEL04-BA";"UOP02-DEL04-BA"
564088;2023-11-28;"terça-feira";"07:11:00";"MT";163;839;"SINOP";"Ausência de reação do condutor";"Colisão lateral mesmo sentido";"Com Vítimas Feridas";"Pleno dia";"Crescente";"Céu Claro";"Simples";"Reta";"Não";3;0;1;0;1;1;1;3;-11,8172846;-55,48370361;"SPRF-MT";"DEL06-MT";"UOP02-DEL06-MT"
564095;2023-10-23;"segunda-feira";"22:50:00";"RJ";101;218;"SILVA JARDIM";"Condutor Dormindo";"Colisão frontal";"Com Vítimas Feridas";"Plena Noite";"Decrescente";"Céu Claro";"Simples";"Reta";"Não";2;0;0;1;1;0;1;2;-22,50730389;-42,29219198;"SPRF-RJ";"DEL02-RJ";"UOP03-DEL02-RJ"
564096;2023-10-22;"domingo";"07:46:00";"RJ";393;137;"SAPUCAIA";"Velocidade Incompatível";"Saída de leito carroçável";"Com Vítimas Feridas";"Pleno dia";"Decrescente";"Nublado";"Simples";"Curva";"Não";2;0;1;0;0;1;1;2;-22,00940716;-42,94750929;"SPRF-RJ";"DEL05-RJ";"UOP01-DEL05-RJ"
564098;2023-11-28;"terça-feira";"09:28:00";"GO";364;195;"JATAI";"Condutor deixou de manter distância do veículo da frente";"Colisão traseira";"Com Vítimas Feridas";"Pleno dia";"Crescente";"Céu Claro";"Dupla";"Curva;Declive";"Sim";4;0;1;0;2;3;1;6;-17,921089;-51,712803;"SPRF-GO";"DEL05-GO";"UOP01-DEL05-GO"
564100;2023-11-03;"sexta-feira";"07:30:00";"RN";226;277;"TRIUNFO POTIGUAR";"Reação tardia ou ineficiente do condutor";"Saída de leito carroçável";"Com Vítimas Feridas";"Pleno dia";"Decrescente";"Céu Claro";"Simples";"Curva";"Não";1;0;0;1;0;0;1;1;-5,86191612;-37,20317498;"SPRF-RN";"DEL03-RN";"UOP01-DEL03-RN"
564101;2023-11-28;"terça-feira";"10:00:00";"PR";277;60,4;"SAO JOSE DOS PINHAIS";"Ingestão de álcool pelo condutor";"Colisão lateral mesmo sentido";"Com Vítimas Feridas";"Plena Noite";"Decrescente";"Garoa/Chuvisco";"Dupla";"Reta";"Não";4;0;2;0;1;2;2;4;-25,552887;-49,035282;"SPRF-PR";"DEL01-PR";"UOP01-DEL01-PR"
564104;2023-10-17;"terça-feira";"15:50:00";"MT";364;435;"VARZEA GRANDE";"Reação tardia ou ineficiente do condutor";"Colisão transversal";"Com Vítimas Feridas";"Pleno dia";"Decrescente";"Céu Claro";"Dupla";"Reta";"Não";4;0;0;1;2;7;1;10;-15,64680632;-56,19791376;"SPRF-MT";"DEL01-MT";"UOP02-DEL01-MT"
564105;2023-11-28;"terça-feira";"10:50:00";"SC";470;38,9;"GASPAR";"Reação tardia ou ineficiente do condutor";"Colisão com objeto";"Com Vítimas Feridas";"Pleno dia";"Decrescente";"Chuva";"Dupla";"Reta";"Não";2;0;1;0;0;1;1;2;-26,89753026;-48,98668528;"SPRF-SC";"DEL04-SC";"UOP01-DEL04-SC"
564111;2023-11-28;"terça-feira";"11:30:00";"SP";116;143;"SAO JOSE DOS CAMPOS";"Manobra de mudança de faixa";"Colisão lateral mesmo sentido";"Com Vítimas Feridas";"Pleno dia";"Crescente";"Nublado";"Múltipla";"Retorno Regulamentado;Reta";"Sim";3;0;0;1;1;1;1;3;-23,17849879;-45,83787411;"SPRF-SP";"DEL02-SP";"UOP01-DEL02-SP"
564113;2023-11-28;"terça-feira";"11:30:00";"CE";222;312,1;"TIANGUA";"Entrada inopinada do pedestre";"Atropelamento de Pedestre";"Com Vítimas Feridas";"Pleno dia";"Crescente";"Nublado";"Dupla";"Reta";"Sim";2;0;0;1;1;0;1;2;-3,71699311;-40,9914242;"SPRF-CE";"DEL04-CE";"UOP02-DEL04-CE"
564121;2023-11-28;"terça-feira";"12:40:00";"ES";101;279,5;"SERRA";"Transitar no Acostamento";"Colisão transversal";"Com Vítimas Feridas";"Pleno dia";"Decrescente";"Céu Claro";"Dupla";"Reta";"Não";2;0;0;1;1;0;1;2;-20,218122;-40,339325;"SPRF-ES";"DEL02-ES";"UOP01-DEL02-ES"
564126;2023-11-28;"terça-feira";"12:25:00";"PR";376;614;"SAO JOSE DOS PINHAIS";"Velocidade Incompatível";"Tombamento";"Com Vítimas Fatais";"Pleno dia";"Decrescente";"Chuva";"Simples";"Aclive;Curva";"Sim";3;1;1;0;0;1;1;2;-25,571262;-49,18007;"SPRF-PR";"DEL01-PR";"UOP06-DEL01-PR"
564127;2023-11-28;"terça-feira";"10:20:00";"SC";470;157,8;"TROMBUDO CENTRAL";"Velocidade Incompatível";"Colisão frontal";"Com Vítimas Feridas";"Pleno dia";"Decrescente";"Chuva";"Simples";"Curva";"Não";9;0;3;0;5;1;3;6;-27,28712938;-49,77836609;"SPRF-SC";"DEL04-SC";"UOP02-DEL04-SC"
564129;2023-11-28;"terça-feira";"13:30:00";"SC";101;235;"PALHOCA";"Condutor deixou de manter distância do veículo da frente";"Engavetamento";"Com Vítimas Feridas";"Pleno dia";"Decrescente";"Chuva";"Dupla";"Aclive";"Não";7;0;2;0;4;1;2;4;-27,8177775;-48,6315025;"SPRF-SC";"DEL01-SC";"UOP02-DEL01-SC"
564132;2023-11-28;"terça-feira";"13:30:00";"RS";158;226;"CRUZ ALTA";"Carga excessiva e/ou mal acondicionada";"Colisão lateral sentido oposto";"Com Vítimas Feridas";"Pleno dia";"Crescente";"Nublado";"Simples";"Curva";"Não";3;0;1;0;1;3;1;5;-28,91241854;-53,63777518;"SPRF-RS";"DEL10-RS";"UOP02-DEL10-RS"
564142;2023-11-28;"terça-feira";"14:20:00";"MG";381;489;"BETIM";"Ausência de reação do condutor";"Engavetamento";"Com Vítimas Feridas";"Pleno dia";"Crescente";"Céu Claro";"Dupla";"Reta;Declive";"Não";6;0;2;0;4;0;2;5;-19,96245618;-44,16455495;"SPRF-MG";"DEL01-MG";"UOP03-DEL01-MG"
564147;2023-11-28;"terça-feira";"14:15:00";"RJ";116;229;"PIRAI";"Ausência de reação do condutor";"Engavetamento";"Com Vítimas Feridas";"Pleno dia";"Decrescente";"Nublado";"Dupla";"Declive";"Não";6;0;1;0;5;0;1;3;-22,65646622;-43,82206692;"SPRF-RJ";"DEL07-RJ";"UOP01-DEL07-RJ"
564150;2023-11-28;"terça-feira";"14:30:00";"MG";262;436,8;"NOVA SERRANA";"Reação tardia ou ineficiente do condutor";"Colisão traseira";"Com Vítimas Feridas";"Pleno dia";"Crescente";"Sol";"Dupla";"Reta";"Sim";2;0;1;0;1;0;1;2;-19,89783676;-44,86031995;"SPRF-MG";"DEL08-MG";"UOP03-DEL08-MG"
564152;2023-11-28;"terça-feira";"15:15:00";"PB";230;27,1;"JOAO PESSOA";"Ausência de reação do condutor";"Colisão traseira";"Com Vítimas Feridas";"Pleno dia";"Decrescente";"Céu Claro";"Dupla";"Reta";"Sim";2;0;0;1;1;0;1;2;-7,1651;-34,8941;"SPRF-PB";"DEL01-PB";"UOP01-DEL01-PB"
564153;2023-11-28;"terça-feira";"09:40:00";"PA";230;1110,9;"ITAITUBA";"Reação tardia ou ineficiente do condutor";"Colisão com objeto";"Com Vítimas Feridas";"Pleno dia";"Crescente";"Nublado";"Simples";"Curva;Aclive";"Não";2;0;0;1;0;1;1;2;-4,392165;-55,901465;"SPRF-PA";"DEL05-PA";"UOP02-DEL05-PA"
564154;2023-11-28;"terça-feira";"07:10:00";"MA";10;338,5;"ACAILANDIA";"Frear bruscamente";"Colisão traseira";"Com Vítimas Feridas";"Pleno dia";"Crescente";"Céu Claro";"Simples";"Aclive;Reta";"Não";6;0;3;0;2;3;3;5;-4,79351;-47,503147;"SPRF-MA";"DEL04-MA";"UOP03-DEL04-MA"
564157;2023-11-28;"terça-feira";"14:35:00";"ES";101;438;"MIMOSO DO SUL";"Reação tardia ou ineficiente do condutor";"Colisão traseira";"Sem Vítimas";"Pleno dia";"Decrescente";"Sol";"Simples";"Reta";"Não";3;0;0;0;2;1;0;3;-21,06633614;-41,22124288;"SPRF-ES";"DEL03-ES";"UOP02-DEL03-ES"
564159;2023-11-28;"terça-feira";"16:00:00";"SP";116;305;"SAO LOURENCO DA SERRA";"Ausência de reação do condutor";"Saída de leito carroçável";"Com Vítimas Feridas";"Pleno dia";"Crescente";"Céu Claro";"Dupla";"Curva";"Sim";2;0;1;0;0;1;1;2;-23,84287313;-46,93238591;"SPRF-SP";"DEL04-SP";"UOP01-DEL04-SP"
564170;2023-11-28;"terça-feira";"15:10:00";"GO";153;664,4;"PROFESSOR JAMIL";"Acumulo de água sobre o pavimento";"Saída de leito carroçável";"Com Vítimas Feridas";"Pleno dia";"Decrescente";"Chuva";"Dupla";"Curva";"Não";2;0;1;0;0;1;1;2;-17,242688;-49,240695;"SPRF-GO";"DEL03-GO";"UOP02-DEL03-GO"
564174;2023-11-28;"terça-feira";"16:45:00";"MG";262;573;"CORREGO DANTA";"Ultrapassagem Indevida";"Colisão lateral sentido oposto";"Com Vítimas Feridas";"Pleno dia";"Crescente";"Céu Claro";"Simples";"Reta;Declive";"Não";3;0;1;0;1;2;1;4;-19,70593204;-46,02450705;"SPRF-MG";"DEL08-MG";"UOP02-DEL08-MG"
564175;2023-11-28;"terça-feira";"11:50:00";"MT";174;125;"MIRASSOL DOESTE";"Acessar a via sem observar a presença dos outros veículos";"Colisão transversal";"Com Vítimas Feridas";"Pleno dia";"Crescente";"Céu Claro";"Simples";"Reta;Interseção de Vias";"Não";3;0;0;1;1;1;1;3;-15,81678972;-58,0834468;"SPRF-MT";"DEL03-MT";"UOP01-DEL03-MT"
564177;2023-11-28;"terça-feira";"15:55:00";"SC";480;126,7;"CHAPECO";"Chuva";"Colisão traseira";"Sem Vítimas";"Pleno dia";"Decrescente";"Chuva";"Dupla";"Reta;Declive";"Sim";3;0;0;0;2;1;0;3;-27,02011782;-52,63608813;"SPRF-SC";"DEL07-SC";"UOP01-DEL07-SC"
564180;2023-11-28;"terça-feira";"18:30:00";"RN";405;75;"APODI";"Manobra de mudança de faixa";"Colisão lateral mesmo sentido";"Com Vítimas Feridas";"Plena Noite";"Decrescente";"Céu Claro";"Dupla";"Reta";"Sim";4;0;0;2;2;0;2;3;-5,649533;-37,799712;"SPRF-RN";"DEL04-RN";"UOP02-DEL04-RN"
564184;2023-11-28;"terça-feira";"18:30:00";"GO";364;286;"MINEIROS";"Transitar na contramão";"Colisão lateral sentido oposto";"Sem Vítimas";"Anoitecer";"Crescente";"Céu Claro";"Simples";"Reta";"Não";3;0;0;0;2;3;0;5;-17,603376;-52,434643;"SPRF-GO";"DEL05-GO";"UOP01-DEL05-GO"
564186;2023-11-28;"terça-feira";"01:30:00";"PA";10;314;"IRITUIA";"Reação tardia ou ineficiente do condutor";"Saída de leito carroçável";"Sem Vítimas";"Plena Noite";"Crescente";"Ignorado";"Simples";"Reta";"Não";2;0;0;0;0;2;0;2;-1,6814;-47,501836;"SPRF-PA";"DEL01-PA";"UOP02-DEL01-PA"
564192;2023-11-28;"terça-feira";"19:00:00";"PR";369;95,5;"CORNELIO PROCOPIO";"Reação tardia ou ineficiente do condutor";"Saída de leito carroçável";"Com Vítimas Feridas";"Plena Noite";"Crescente";"Nublado";"Dupla";"Reta;Declive";"Não";1;0;0;1;0;0;1;1;-23,230118;-50,678375;"SPRF-PR";"DEL07-PR";"UOP05-DEL07-PR"
564198;2023-11-28;"terça-feira";"15:30:00";"SC";280;241;"CANOINHAS";"Reação tardia ou ineficiente do condutor";"Colisão traseira";"Com Vítimas Feridas";"Pleno dia";"Crescente";"Garoa/Chuvisco";"Simples";"Reta";"Não";4;0;1;0;2;1;1;3;-26,22501599;-50,45997601;"SPRF-SC";"DEL06-SC";"UOP04-DEL06-SC"
564200;2023-11-28;"terça-feira";"19:05:00";"MT";364;309;"CAMPO VERDE";"Demais falhas mecânicas ou elétricas";"Incêndio";"Com Vítimas Feridas";"Plena Noite";"Crescente";"Céu Claro";"Dupla";"Aclive";"Não";4;0;0;1;2;1;1;2;-15,81682288;-55,22982198;"SPRF-MT";"DEL05-MT";"UOP02-DEL05-MT"
564205;2023-11-28;"terça-feira";"10:15:00";"RS";470;219;"BENTO GONCALVES";"Acumulo de água sobre o pavimento";"Colisão frontal";"Com Vítimas Feridas";"Pleno dia";"Decrescente";"Chuva";"Dupla";"Declive;Curva";"Não";4;0;2;0;2;0;2;3;-29,17909489;-51,51855675;"SPRF-RS";"DEL06-RS";"UOP01-DEL06-RS"
564207;2023-11-28;"terça-feira";"13:40:00";"MG";40;590,6;"ITABIRITO";"Pista Escorregadia";"Colisão com objeto";"Sem Vítimas";"Pleno dia";"Decrescente";"Chuva";"Dupla";"Declive;Curva";"Não";2;0;0;0;1;1;0;2;-20,37383713;-43,91055107;"SPRF-MG";"DEL01-MG";"UOP02-DEL01-MG"
564208;2023-11-28;"terça-feira";"20:20:00";"GO";153;352,1;"JARAGUA";"Condutor Dormindo";"Colisão traseira";"Com Vítimas Feridas";"Plena Noite";"Decrescente";"Céu Claro";"Simples";"Reta;Aclive";"Não";11;0;8;2;0;1;10;3;-15,682164;-49,341423;"SPRF-GO";"DEL02-GO";"UOP02-DEL02-GO"
564213;2023-11-28;"terça-feira";"21:15:00";"SC";101;337;"TUBARAO";"Ausência de reação do condutor";"Colisão lateral mesmo sentido";"Com Vítimas Feridas";"Plena Noite";"Crescente";"Chuva";"Dupla";"Reta";"Não";2;0;1;0;0;1;1;2;-28,47801624;-49,03246283;"SPRF-SC";"DEL02-SC";"UOP01-DEL02-SC"