"id";"data_inversa";"dia_semana";"horario";"uf";"br";"km";"municipio";"causa_acidente";"tipo_acidente";"classificacao_acidente";"fase_dia";"sentido_via";"condicao_metereologica";"tipo_pista";"tracado_via";"uso_solo";"pessoas";"mortos";"feridos_leves";"feridos_graves";"ilesos";"ignorados";"feridos";"veiculos";"latitude";"longitude";"regional";"delegacia";"uop"
564214;2023-11-28;"terça-feira";"13:30:00";"PR";163;152;"SANTA LUCIA";"Problema com o freio";"Colisão traseira";"Com Vítimas Feridas";"Pleno dia";"Decrescente";"Chuva";"Dupla";"Curva";"Não";3;0;0;1;1;2;1;4;-25,40191702;-53,57498103;"SPRF-PR";"DEL05-PR";"UOP05-DEL05-PR"
564217;2023-11-28;"terça-feira";"13:10:00";"MG";40;529;"CONTAGEM";"Condutor deixou de manter distância do veículo da frente";"Colisão lateral mesmo sentido";"Com Vítimas Feridas";"Pleno dia";"Crescente";"Céu Claro";"Dupla";"Reta";"Sim";3;0;1;0;1;1;1;3;-19,91635592;-44,03966566;"SPRF-MG";"DEL01-MG";"UOP02-DEL01-MG"
564220;2023-11-28;"terça-feira";"20:15:00";"SC";101;55;"JOINVILLE";"Manobra de mudança de faixa";"Colisão frontal";"Sem Vítimas";"Plena Noite";"Decrescente";"Garoa/Chuvisco";"Dupla";"Reta";"Sim";3;0;0;0;2;1;0;3;-26,42280898;-48,82977496;"SPRF-SC";"DEL03-SC";"UOP01-DEL03-SC"
564221;2023-11-28;"terça-feira";"13:00:00";"SC";153;39;"PONTE SERRADA";"Transitar na contramão";"Colisão frontal";"Com Vítimas Fatais";"Pleno dia";"Decrescente";"Chuva";"Simples";"Reta;Ponte";"Não";4;1;1;0;1;6;1;9;-26,84151395;-51,74739718;"SPRF-SC";"DEL07-SC";"UOP07-DEL07-SC"
564223;2023-11-28;"terça-feira";"19:32:00";"RS";285;338,5;"CARAZINHO";"Acessar a via sem observar a presença dos outros veículos";"Colisão traseira";"Com Vítimas Feridas";"Anoitecer";"Decrescente";"Nublado";"Simples";"Declive";"Sim";4;0;2;0;1;1;2;3;-28,315704;-52,779015;"SPRF-RS";"DEL08-RS";"UOP03-DEL08-RS"
564224;2023-11-28;"terça-feira";"21:00:00";"GO";20;134;"FLORES DE GOIAS";"Condutor Dormindo";"Colisão frontal";"Com Vítimas Fatais";"Plena Noite";"Crescente";"Céu Claro";"Simples";"Reta";"Não";4;1;1;0;1;1;1;3;-14,817605;-46,715759;"SPRF-DF";"DEL02-DF";"UOP03-DEL02-DF"
564226;2023-11-28;"terça-feira";"22:10:00";"RJ";101;66;"CAMPOS DOS GOYTACAZES";"Manobra de mudança de faixa";"Colisão lateral mesmo sentido";"Com Vítimas Feridas";"Plena Noite";"Decrescente";"Céu Claro";"Dupla";"Rotatória;Interseção de Vias;Em Obras";"Sim";2;0;1;0;1;0;1;2;-21,76090387;-41,34788959;"SPRF-RJ";"DEL08-RJ";"UOP02-DEL08-RJ"
564228;2023-11-28;"terça-feira";"21:45:00";"PR";153;105,2;"IBAITI";"Acessar a via sem observar a presença dos outros veículos";"Colisão lateral mesmo sentido";"Com Vítimas Feridas";"Plena Noite";"Crescente";"Nevoeiro/Neblina";"Simples";"Interseção de Vias";"Não";4;0;1;0;1;3;1;5;-23,814184;-50,179108;"SPRF-PR";"DEL07-PR";"UOP04-DEL07-PR"
564229;2023-11-28;"terça-feira";"21:30:00";"MA";316;269,8;"BELA VISTA DO MARANHAO";"Animais na Pista";"Atropelamento de Animal";"Sem Vítimas";"Plena Noite";"Decrescente";"Céu Claro";"Simples";"Reta";"Não";3;0;0;0;2;1;0;3;-3,695966;-45,324039;"SPRF-MA";"DEL02-MA";"UOP01-DEL02-MA"
564231;2023-11-28;"terça-feira";"23:30:00";"PB";101;103;"ALHANDRA";"Ausência de reação do condutor";"Colisão traseira";"Com Vítimas Fatais";"Plena Noite";"Crescente";"Céu Claro";"Dupla";"Reta";"Não";2;1;0;0;0;1;0;2;-7,29163604;-34,93807826;"SPRF-PB";"DEL01-PB";"UOP02-DEL01-PB"
564238;2023-11-28;"terça-feira";"22:50:00";"SC";101;258;"PAULO LOPES";"Ausência de reação do condutor";"Colisão traseira";"Com Vítimas Feridas";"Plena Noite";"Crescente";"Céu Claro";"Dupla";"Reta;Declive";"Não";3;0;0;1;1;2;1;4;-28,00395027;-48,69432449;"SPRF-SC";"DEL02-SC";"UOP03-DEL02-SC"
564239;2023-11-29;"quarta-feira";"00:45:00";"SP";116;36,7;"CACHOEIRA PAULISTA";"Ausência de reação do condutor";"Colisão traseira";"Com Vítimas Fatais";"Plena Noite";"Crescente";"Chuva";"Múltipla";"Reta";"Não";5;1;0;0;3;3;0;7;-22,66104604;-44,97604019;"SPRF-SP";"DEL08-SP";"UOP02-DEL08-SP"
564240;2023-11-29;"quarta-feira";"02:05:00";"RS";116;254,6;"SAPUCAIA DO SUL";"Ausência de reação do condutor";"Colisão traseira";"Com Vítimas Feridas";"Plena Noite";"Crescente";"Nublado";"Múltipla";"Reta";"Sim";3;0;1;0;1;1;1;3;-29,83014305;-51,17361015;"SPRF-RS";"DEL01-RS";"UOP02-DEL01-RS"
564241;2023-11-29;"quarta-feira";"01:30:00";"SC";282;476;"VARGEAO";"Velocidade Incompatível";"Saída de leito carroçável";"Com Vítimas Feridas";"Plena Noite";"Crescente";"Nevoeiro/Neblina";"Simples";"Rotatória";"Sim";2;0;0;1;0;1;1;2;-26,882666;-52,169231;"SPRF-SC";"DEL07-SC";"UOP01-DEL07-SC"
564242;2023-11-29;"quarta-feira";"03:10:00";"RN";304;116,3;"ITAJA";"Ausência de reação do condutor";"Colisão traseira";"Com Vítimas Fatais";"Plena Noite";"Crescente";"Garoa/Chuvisco";"Simples";"Reta";"Sim";2;1;0;0;1;0;0;2;-5,619163;-36,886154;"SPRF-RN";"DEL04-RN";"UOP01-DEL04-RN"
564243;2023-11-29;"quarta-feira";"01:13:00";"MG";381;625;"OLIVEIRA";"Ausência de reação do condutor";"Colisão traseira";"Com Vítimas Feridas";"Plena Noite";"Decrescente";"Chuva";"Dupla";"Reta;Declive";"Não";3;0;0;1;1;1;1;3;-20,82314205;-44,80113661;"SPRF-MG";"DEL04-MG";"UOP01-DEL04-MG"
564244;2023-11-29;"quarta-feira";"04:18:00";"BA";101;9;"RIO REAL";"Condutor deixou de manter distância do veículo da frente";"Colisão traseira";"Com Vítimas Feridas";"Amanhecer";"Decrescente";"Nevoeiro/Neblina";"Dupla";"Reta";"Não";1;0;0;1;0;0;1;1;-11,62285793;-37,88515125;"SPRF-SE";"DEL02-SE";"UOP03-DEL02-SE"
564245;2023-11-29;"quarta-feira";"05:00:00";"RJ";40;34;"AREAL";"Velocidade Incompatível";"Colisão com objeto";"Com Vítimas Feridas";"Amanhecer";"Decrescente";"Garoa/Chuvisco";"Dupla";"Curva";"Não";2;0;1;0;0;1;1;2;-22,20122568;-43,14116761;"SPRF-RJ";"DEL05-RJ";"UOP02-DEL05-RJ"
564247;2023-11-28;"terça-feira";"16:00:00";"MG";381;233,5;"BELO ORIENTE";"Velocidade Incompatível";"Colisão com objeto";"Com Vítimas Feridas";"Pleno dia";"Crescente";"Céu Claro";"Simples";"Reta";"Não";3;0;0;1;1;1;1;3;-19,37236068;-42,4590332;"SPRF-MG";"DEL06-MG";"UOP01-DEL06-MG"
564250;2023-11-29;"quarta-feira";"06:45:00";"MG";381;932;"EXTREMA";"Manobra de mudança de faixa";"Colisão com objeto";"Com Vítimas Feridas";"Pleno dia";"Crescente";"Nublado";"Simples";"Reta";"Não";3;0;1;0;1;2;1;4;-22,81198015;-46,28431295;"SPRF-MG";"DEL16-MG";"UOP03-DEL16-MG"
564252;2023-11-29;"quarta-feira";"05:00:00";"PB";230;417,6;"POMBAL";"Problema com o freio";"Capotamento";"Com Vítimas Feridas";"Amanhecer";"Decrescente";"Céu Claro";"Simples";"Interseção de Vias";"Não";1;0;1;0;0;0;1;1;-6,715417;-37,835726;"SPRF-PB";"DEL03-PB";"UOP02-DEL03-PB"
564253;2023-11-28;"terça-feira";"16:10:00";"RJ";101;66,7;"CAMPOS DOS GOYTACAZES";"Reação tardia ou ineficiente do condutor";"Colisão lateral mesmo sentido";"Sem Vítimas";"Pleno dia";"Decrescente";"Céu Claro";"Dupla";"Curva";"Sim";3;0;0;0;2;1;0;3;-21,766914;-41,346435;"SPRF-RJ";"DEL08-RJ";"UOP02-DEL08-RJ"
564254;2023-10-08;"domingo";"11:30:00";"RJ";493;20,3;"MAGE";"Condutor deixou de manter distância do veículo da frente";"Colisão traseira";"Com Vítimas Feridas";"Pleno dia";"Crescente";"Sol";"Simples";"Reta";"Sim";6;0;0;3;2;1;3;5;-22,66364;-43,036495;"SPRF-RJ";"DEL04-RJ";"UOP02-DEL04-RJ"
564265;2023-11-29;"quarta-feira";"07:30:00";"GO";414;439;"ANAPOLIS";"Condutor deixou de manter distância do veículo da frente";"Colisão traseira";"Sem Vítimas";"Pleno dia";"Crescente";"Céu Claro";"Simples";"Curva;Rotatória";"Sim";3;0;0;0;2;1;0;3;-16,28128823;-48,94258908;"SPRF-GO";"DEL02-GO";"UOP01-DEL02-GO"
564267;2023-11-29;"quarta-feira";"05:35:00";"SC";153;58,7;"IRANI";"Desrespeitar a preferência no cruzamento";"Colisão transversal";"Com Vítimas Feridas";"Pleno dia";"Crescente";"Céu Claro";"Simples";"Interseção de Vias";"Não";3;0;0;1;1;1;1;3;-26,964373;-51,841362;"SPRF-SC";"DEL07-SC";"UOP04-DEL07-SC"
564270;2023-11-29;"quarta-feira";"08:00:00";"SC";101;332;"TUBARAO";"Pista Escorregadia";"Colisão lateral mesmo sentido";"Com Vítimas Feridas";"Pleno dia";"Decrescente";"Garoa/Chuvisco";"Múltipla";"Reta";"Sim";4;0;2;0;1;1;2;3;-28,467709;-49,003025;"SPRF-SC";"DEL02-SC";"UOP01-DEL02-SC"
564274;2023-10-25;"quarta-feira";"04:00:00";"SP";116;545,7;"BARRA DO TURVO";"Pista Escorregadia";"Colisão com objeto";"Com Vítimas Feridas";"Plena Noite";"Crescente";"Garoa/Chuvisco";"Simples";"Curva;Declive";"Não";8;0;0;1;6;4;1;11;-24,95016699;-48,42400302;"SPRF-SP";"DEL05-SP";"UOP02-DEL05-SP"
564279;2023-11-29;"quarta-feira";"09:40:00";"BA";20;121,2;"SAO DESIDERIO";"Acessar a via sem observar a presença dos outros veículos";"Colisão lateral mesmo sentido";"Com Vítimas Feridas";"Pleno dia";"Crescente";"Céu Claro";"Simples";"Reta";"Não";3;0;0;1;1;3;1;5;-12,89213455;-45,9777832;"SPRF-BA";"DEL10-BA";"UOP01-DEL10-BA"
564284;2023-11-29;"quarta-feira";"10:00:00";"RS";287;247,7;"SANTA MARIA";"Retorno proibido";"Colisão transversal";"Com Vítimas Feridas";"Pleno dia";"Crescente";"Sol";"Simples";"Reta;Desvio Temporário;Em Obras";"Sim";2;0;1;0;1;0;1;2;-29,69991534;-53,84176017;"SPRF-RS";"DEL09-RS";"UOP01-DEL09-RS"
564286;2023-11-29;"quarta-feira";"08:59:00";"TO";153;139;"ARAGUAINA";"Acessar a via sem observar a presença dos outros veículos";"Colisão transversal";"Com Vítimas Feridas";"Pleno dia";"Decrescente";"Céu Claro";"Simples";"Reta;Retorno Regulamentado";"Sim";5;0;1;2;1;2;3;4;-7,16325275;-48,20698926;"SPRF-TO";"DEL02-TO";"UOP01-DEL02-TO"
564293;2023-09-02;"sábado";"20:04:00";"GO";20;41;"FORMOSA";"Transitar na contramão";"Colisão frontal";"Com Vítimas Fatais";"Plena Noite";"Crescente";"Céu Claro";"Simples";"Reta";"Não";7;2;0;3;1;1;3;3;-15,374446;-47,101234;"SPRF-DF";"DEL02-DF";"UOP02-DEL02-DF"
564299;2023-11-29;"quarta-feira";"11:10:00";"SC";101;86,3;"BARRA VELHA";"Desrespeitar a preferência no cruzamento";"Colisão transversal";"Com Vítimas Feridas";"Plena Noite";"Decrescente";"Céu Claro";"Dupla";"Viaduto;Interseção de Vias";"Sim";2;0;0;1;1;0;1;2;-26,63277317;-48,70232513;"SPRF-SC";"DEL03-SC";"UOP02-DEL03-SC"
564300;2023-11-29;"quarta-feira";"10:30:00";"BA";101;874,5;"TEIXEIRA DE FREITAS";"Acessar a via sem observar a presença dos outros veículos";"Colisão transversal";"Com Vítimas Feridas";"Pleno dia";"Decrescente";"Céu Claro";"Dupla";"Reta";"Sim";3;0;0;1;1;1;1;3;-17,52434;-39,707935;"SPRF-BA";"DEL09-BA";"UOP02-DEL09-BA"
564301;2023-11-29;"quarta-feira";"11:40:00";"ES";101;116,4;"SOORETAMA";"Ausência de reação do condutor";"Colisão lateral sentido oposto";"Com Vítimas Feridas";"Pleno dia";"Crescente";"Céu Claro";"Simples";"Reta";"Não";4;0;1;0;2;5;1;8;-19,11117311;-40,05900079;"SPRF-ES";"DEL04-ES";"UOP01-DEL04-ES"
564305;2023-11-29;"quarta-feira";"12:40:00";"ES";101;334,9;"GUARAPARI";"Reação tardia ou ineficiente do condutor";"Tombamento";"Com Vítimas Feridas";"Pleno dia";"Crescente";"Céu Claro";"Múltipla";"Curva";"Não";2;0;1;0;0;1;1;2;-20,6213791;-40,52011191;"SPRF-ES";"DEL03-ES";"UOP01-DEL03-ES"
564307;2023-11-29;"quarta-feira";"12:35:00";"PR";116;118;"CURITIBA";"Demais falhas mecânicas ou elétricas";"Eventos atípicos";"Com Vítimas Feridas";"Pleno dia";"Decrescente";"Céu Claro";"Dupla";"Reta";"Sim";5;0;1;0;4;0;1;3;-25,56610738;-49,30938721;"SPRF-PR";"DEL01-PR";"UOP03-DEL01-PR"
564310;2023-11-29;"quarta-feira";"12:30:00";"MG";40;565;"NOVA LIMA";"Condutor Dormindo";"Colisão com objeto";"Com Vítimas Feridas";"Pleno dia";"Crescente";"Nublado";"Simples";"Reta";"Não";1;0;1;0;0;0;1;1;-20,17884905;-43,96636352;"SPRF-MG";"DEL01-MG";"UOP02-DEL01-MG"
564311;2023-11-29;"quarta-feira";"12:30:00";"ES";101;252;"SERRA";"Iluminação deficiente";"Incêndio";"Sem Vítimas";"Pleno dia";"Decrescente";"Céu Claro";"Simples";"Reta";"Não";2;0;0;0;1;1;0;2;-20,09618209;-40,33951217;"SPRF-ES";"DEL02-ES";"UOP01-DEL02-ES"
564312;2023-11-29;"quarta-feira";"12:00:00";"MT";70;360;"CAMPO VERDE";"Reação tardia ou ineficiente do condutor";"Colisão lateral sentido oposto";"Com Vítimas Feridas";"Pleno dia";"Crescente";"Céu Claro";"Simples";"Curva";"Não";3;0;0;1;1;1;1;3;-15,47270627;-54,95397682;"SPRF-MT";"DEL05-MT";"UOP02-DEL05-MT"
564314;2023-11-14;"terça-feira";"01:30:00";"RJ";116;19;"SAPUCAIA";"Ausência de reação do condutor";"Tombamento";"Sem Vítimas";"Plena Noite";"Decrescente";"Ignorado";"Dupla";"Reta";"Não";1;0;0;0;0;1;0;1;-21,99271807;-42,76213911;"SPRF-RJ";"DEL05-RJ";"UOP01-DEL05-RJ"
564315;2023-09-01;"sexta-feira";"07:34:00";"DF";251;38;"BRASILIA";"Condutor deixou de manter distância do veículo da frente";"Colisão traseira";"Com Vítimas Feridas";"Pleno dia";"Crescente";"Céu Claro";"Simples";"Reta";"Não";2;0;0;1;0;1;1;2;-15,94582;-47,792267;"SPRF-DF";"DEL01-DF";"UOP01-DEL01-DF"
564316;2023-11-29;"quarta-feira";"13:55:00";"BA";116;17,8;"VITORIA DA CONQUISTA";"Ausência de reação do condutor";"Colisão lateral sentido oposto";"Com Vítimas Feridas";"Pleno dia";"Decrescente";"Sol";"Simples";"Reta";"Sim";3;0;0;1;1;1;1;3;-14,899608;-40,836039;"SPRF-BA";"DEL08-BA";"UOP01-DEL08-BA"
564322;2023-11-29;"quarta-feira";"14:25:00";"SC";101;203;"SAO JOSE";"Reação tardia ou ineficiente do condutor";"Colisão lateral mesmo sentido";"Com Vítimas Feridas";"Pleno dia";"Crescente";"Céu Claro";"Dupla";"Reta";"Sim";3;0;0;1;2;0;1;3;-27,5650044;-48,61460082;"SPRF-SC";"DEL01-SC";"UOP01-DEL01-SC"
564326;2023-11-29;"quarta-feira";"14:20:00";"PR";158;530;"PATO BRANCO";"Condutor deixou de manter distância do veículo da frente";"Colisão traseira";"Com Vítimas Feridas";"Pleno dia";"Decrescente";"Sol";"Simples";"Reta";"Sim";5;0;1;0;4;0;1;5;-26,19442709;-52,67299292;"SPRF-PR";"DEL02-PR";"UOP01-DEL02-PR"
564329;2023-11-29;"quarta-feira";"08:10:00";"MG";153;149;"CAMPO FLORIDO";"Condutor Dormindo";"Colisão lateral sentido oposto";"Com Vítimas Feridas";"Pleno dia";"Crescente";"Nublado";"Simples";"Reta";"Não";4;0;2;0;1;1;2;3;-19,64122783;-48,86007802;"SPRF-MG";"DEL13-MG";"UOP02-DEL13-MG"
564331;2023-10-20;"sexta-feira";"08:00:00";"PR";376;590,9;"CURITIBA";"Reação tardia ou ineficiente do condutor";"Engavetamento";"Com Vítimas Feridas";"Pleno dia";"Crescente";"Chuva";"Dupla";"Reta;Declive";"Sim";8;0;0;1;7;0;1;7;-25,4594611;-49,359398;"SPRF-PR";"DEL01-PR";"UOP06-DEL01-PR"
564335;2023-11-29;"quarta-feira";"14:00:00";"MT";70;511;"CUIABA";"Reação tardia ou ineficiente do condutor";"Colisão traseira";"Com Vítimas Feridas";"Pleno dia";"Crescente";"Céu Claro";"Simples";"Reta";"Sim";3;0;1;0;1;5;1;7;-15,69634164;-56,10830958;"SPRF-MT";"DEL01-MT";"UOP02-DEL01-MT"
564338;2023-11-29;"quarta-feira";"13:30:00";"BA";324;548;"AMELIA RODRIGUES";"Objeto estático sobre o leito carroçável";"Colisão traseira";"Com Vítimas Feridas";"Pleno dia";"Crescente";"Céu Claro";"Dupla";"Reta";"Não";5;0;1;0;3;2;1;5;-12,42569708;-38,73745605;"SPRF-BA";"DEL01-BA";"UOP03-DEL01-BA"
564348;2023-11-29;"quarta-feira";"16:00:00";"MG";153;88,8;"PRATA";"Acumulo de água sobre o pavimento";"Colisão frontal";"Com Vítimas Fatais";"Pleno dia";"Crescente";"Chuva";"Simples";"Curva;Declive";"Não";3;1;0;1;0;1;1;3;-19,12589594;-48,96661173;"SPRF-MG";"DEL15-MG";"UOP03-DEL15-MG"
564350;2023-11-29;"quarta-feira";"17:00:00";"SP";116;222;"GUARULHOS";"Trafegar com motocicleta (ou similar) entre as faixas";"Colisão lateral mesmo sentido";"Com Vítimas Feridas";"Anoitecer";"Decrescente";"Céu Claro";"Múltipla";"Reta";"Sim";2;0;1;0;0;1;1;2;-23,47093408;-46,51631097;"SPRF-SP";"DEL01-SP";"UOP01-DEL01-SP"
564355;2023-11-29;"quarta-feira";"14:00:00";"RS";293;112;"PINHEIRO MACHADO";"Condutor deixou de manter distância do veículo da frente";"Colisão lateral mesmo sentido";"Com Vítimas Feridas";"Pleno dia";"Decrescente";"Céu Claro";"Simples";"Reta";"Não";4;0;1;0;1;2;1;4;-31,55048737;-53,41963811;"SPRF-RS";"DEL11-RS";"UOP03-DEL11-RS"
564356;2023-11-29;"quarta-feira";"16:20:00";"GO";153;151;"CAMPINORTE";"Condutor Dormindo";"Saída de leito carroçável";"Com Vítimas Feridas";"Pleno dia";"Decrescente";"Céu Claro";"Simples";"Reta";"Não";1;0;1;0;0;0;1;1;-14,090996;-49,100246;"SPRF-GO";"DEL07-GO";"UOP02-DEL07-GO"
564360;2023-11-29;"quarta-feira";"16:25:00";"RS";392;194;"SANTANA DA BOA VISTA";"Ausência de reação do condutor";"Saída de leito carroçável";"Com Vítimas Feridas";"Pleno dia";"Crescente";"Céu Claro";"Múltipla";"Curva;Aclive";"Não";2;0;1;0;0;2;1;3;-30,91242801;-53,10603527;"SPRF-RS";"DEL09-RS";"UOP02-DEL09-RS"
564367;2023-11-29;"quarta-feira";"18:30:00";"MG";153;86;"PRATA";"Velocidade Incompatível";"Saída de leito carroçável";"Com Vítimas Feridas";"Plena Noite";"Crescente";"Chuva";"Simples";"Curva;Declive";"Não";2;0;1;0;0;1;1;2;-19,10959519;-48,97442725;"SPRF-MG";"DEL15-MG";"UOP03-DEL15-MG"
564372;2023-11-29;"quarta-feira";"10:00:00";"MG";381;372;"SAO GONCALO DO RIO ABAIXO";"Velocidade Incompatível";"Saída de leito carroçável";"Com Vítimas Feridas";"Pleno dia";"Decrescente";"Céu Claro";"Simples";"Curva;Declive";"Sim";1;0;1;0;0;0;1;1;-19,84250801;-43,31533375;"SPRF-MG";"DEL01-MG";"UOP01-DEL01-MG"
564381;2023-11-29;"quarta-feira";"10:40:00";"RS";392;73;"PELOTAS";"Condutor deixou de manter distância do veículo da frente";"Colisão traseira";"Com Vítimas Feridas";"Pleno dia";"Decrescente";"Garoa/Chuvisco";"Simples";"Reta";"Não";3;0;1;0;1;1;1;3;-31,71342679;-52,39537975;"SPRF-RS";"DEL07-RS";"UOP01-DEL07-RS"
564384;2023-11-29;"quarta-feira";"18:30:00";"PE";407;115;"PETROLINA";"Acessar a via sem observar a presença dos outros veículos";"Colisão transversal";"Com Vítimas Feridas";"Plena Noite";"Decrescente";"Céu Claro";"Simples";"Interseção de Vias";"Não";4;0;1;0;3;0;1;2;-9,2990308;-40,58250065;"SPRF-PE";"DEL06-PE";"UOP01-DEL06-PE"
564390;2023-11-29;"quarta-feira";"16:00:00";"SP";116;46;"CANAS";"Falta de acostamento";"Colisão lateral mesmo sentido";"Com Vítimas Feridas";"Pleno dia";"Crescente";"Céu Claro";"Dupla";"Reta";"Sim";5;0;1;0;2;5;1;8;-22,71393589;-45,05335608;"SPRF-SP";"DEL08-SP";"UOP02-DEL08-SP"
564395;2023-11-29;"quarta-feira";"20:50:00";"GO";50;254,9;"CATALAO";"Pedestre andava na pista";"Atropelamento de Pedestre";"Com Vítimas Fatais";"Plena Noite";"Crescente";"Céu Claro";"Dupla";"Reta;Aclive";"Não";2;1;0;0;0;1;0;2;-18,0022;-47,8024;"SPRF-GO";"DEL06-GO";"UOP01-DEL06-GO"
564402;2023-11-29;"quarta-feira";"10:30:00";"BA";242;262;"RUY BARBOSA";"Reação tardia ou ineficiente do condutor";"Tombamento";"Com Vítimas Fatais";"Pleno dia";"Decrescente";"Céu Claro";"Simples";"Declive;Curva";"Não";2;1;0;0;0;1;0;2;-12,46551979;-40,56472754;"SPRF-BA";"DEL06-BA";"UOP02-DEL06-BA"
564404;2023-11-29;"quarta-feira";"20:30:00";"RJ";40;113;"DUQUE DE CAXIAS";"Acessar a via sem observar a presença dos outros veículos";"Colisão lateral mesmo sentido";"Com Vítimas Feridas";"Plena Noite";"Decrescente";"Céu Claro";"Dupla";"Reta";"Não";7;0;5;0;1;1;5;2;-22,70948502;-43,29040354;"SPRF-RJ";"DEL01-RJ";"UOP02-DEL01-RJ"
564405;2023-11-29;"quarta-feira";"21:30:00";"PR";373;239,4;"GUAMIRANGA";"Ultrapassagem Indevida";"Colisão frontal";"Com Vítimas Fatais";"Plena Noite";"Crescente";"Nublado";"Simples";"Reta;Aclive";"Não";3;2;0;0;1;0;0;2;-25,19027709;-50,7405548;"SPRF-PR";"DEL03-PR";"UOP01-DEL03-PR"
564413;2023-11-29;"quarta-feira";"22:25:00";"SC";116;105,5;"MONTE CASTELO";"Problema com o freio";"Tombamento";"Com Vítimas Feridas";"Plena Noite";"Decrescente";"Céu Claro";"Simples";"Declive;Curva";"Não";2;0;2;0;0;0;2;1;-26,75095005;-50,31749478;"SPRF-SC";"DEL06-SC";"UOP02-DEL06-SC"
564416;2023-11-29;"quarta-feira";"23:30:00";"PR";277;671;"MEDIANEIRA";"Reação tardia ou ineficiente do condutor";"Colisão lateral mesmo sentido";"Com Vítimas Feridas";"Plena Noite";"Decrescente";"Céu Claro";"Dupla";"Reta";"Sim";2;0;1;0;1;0;1;2;-25,28490106;-54,08744898;"SPRF-PR";"DEL05-PR";"UOP02-DEL05-PR"
564418;2023-11-30;"quinta-feira";"00:30:00";"SP";116;209;"GUARULHOS";"Ausência de reação do condutor";"Colisão traseira";"Com Vítimas Feridas";"Plena Noite";"Decrescente";"Nublado";"Múltipla";"Reta";"Não";2;0;1;0;1;0;1;2;-23,42511799;-46,40221101;"SPRF-SP";"DEL01-SP";"UOP01-DEL01-SP"
564420;2023-11-29;"quarta-feira";"19:25:00";"SC";282;262,5;"SAO JOSE DO CERRITO";"Ausência de reação do condutor";"Colisão frontal";"Com Vítimas Fatais";"Plena Noite";"Decrescente";"Céu Claro";"Simples";"Reta;Em Obras";"Não";4;1;1;1;0;1;2;3;-27,63183218;-50,61341286;"SPRF-SC";"DEL05-SC";"UOP02-DEL05-SC"
564424;2023-11-30;"quinta-feira";"00:00:00";"MG";381;722;"CARMO DA CACHOEIRA";"Condutor Dormindo";"Capotamento";"Com Vítimas Feridas";"Plena Noite";"Decrescente";"Céu Claro";"Dupla";"Curva";"Não";1;0;1;0;0;0;1;1;-21,47729514;-45,20207819;"SPRF-MG";"DEL04-MG";"UOP02-DEL04-MG"
564425;2023-11-29;"quarta-feira";"21:00:00";"BA";116;567;"BREJOES";"Acessar a via sem observar a presença dos outros veículos";"Colisão transversal";"Com Vítimas Feridas";"Plena Noite";"Decrescente";"Céu Claro";"Simples";"Rotatória";"Não";24;0;0;3;20;1;3;3;-12,98625197;-39,94414505;"SPRF-BA";"DEL03-BA";"UOP02-DEL03-BA"
564427;2023-07-07;"sexta-feira";"23:29:00";"GO";153;304;"RIALMA";"Velocidade Incompatível";"Tombamento";"Com Vítimas Fatais";"Plena Noite";"Decrescente";"Céu Claro";"Simples";"Reta;Aclive";"Não";3;1;0;0;0;2;0;3;-15,287417;-49,565777;"SPRF-GO";"DEL02-GO";"UOP02-DEL02-GO"
564428;2023-11-30;"quinta-feira";"01:00:00";"SP";116;219;"GUARULHOS";"Demais falhas mecânicas ou elétricas";"Incêndio";"Sem Vítimas";"Plena Noite";"Decrescente";"Céu Claro";"Múltipla";"Reta";"Sim";1;0;0;0;1;0;0;1;-23,46143954;-46,48885316;"SPRF-SP";"DEL01-SP";"UOP01-DEL01-SP"
564431;2023-11-30;"quinta-feira";"04:20:00";"PR";376;544,2;"PALMEIRA";"Reação tardia ou ineficiente do condutor";"Saída de leito carroçável";"Com Vítimas Feridas";"Plena Noite";"Crescente";"Céu Claro";"Dupla";"Reta";"Não";2;0;1;0;0;1;1;2;-25,44000098;-49,74991895;"SPRF-PR";"DEL03-PR";"UOP03-DEL03-PR"
564454;2023-11-30;"quinta-feira";"07:00:00";"RJ";40;106;"DUQUE DE CAXIAS";"Reação tardia ou ineficiente do condutor";"Atropelamento de Pedestre";"Com Vítimas Feridas";"Pleno dia";"Decrescente";"Céu Claro";"Simples";"Reta";"Sim";3;0;1;0;1;1;1;3;-22,64679;-43,283726;"SPRF-RJ";"DEL01-RJ";"UOP02-DEL01-RJ"
564458;2023-11-30;"quinta-feira";"07:50:00";"SE";101;87;"NOSSA SENHORA DO SOCORRO";"Manobra de mudança de faixa";"Colisão traseira";"Com Vítimas Feridas";"Pleno dia";"Decrescente";"Céu Claro";"Dupla";"Reta;Aclive";"Não";4;0;0;1;0;3;1;3;-10,86174498;-37,13526579;"SPRF-SE";"DEL01-SE";"UOP01-DEL01-SE"
564463;2023-11-30;"quinta-feira";"08:20:00";"RJ";493;83;"JAPERI";"Reação tardia ou ineficiente do condutor";"Colisão traseira";"Com Vítimas Feridas";"Pleno dia";"Crescente";"Céu Claro";"Dupla";"Curva";"Não";3;0;1;0;1;3;1;5;-22,65575938;-43,60818724;"SPRF-RJ";"DEL01-RJ";"UOP03-DEL01-RJ"