"id";"data_inversa";"dia_semana";"horario";"uf";"br";"km";"municipio";"causa_acidente";"tipo_acidente";"classificacao_acidente";"fase_dia";"sentido_via";"condicao_metereologica";"tipo_pista";"tracado_via";"uso_solo";"pessoas";"mortos";"feridos_leves";"feridos_graves";"ilesos";"ignorados";"feridos";"veiculos";"latitude";"longitude";"regional";"delegacia";"uop"
564726;2023-12-01;"sexta-feira";"13:20:00";"BA";116;889;"CANDIDO SALES";"Mal súbito do condutor";"Colisão traseira";"Com Vítimas Feridas";"Pleno dia";"Crescente";"Céu Claro";"Múltipla";"Reta";"Não";3;0;1;0;1;3;1;5;-15,27806413;-41,12880579;"SPRF-BA";"DEL08-BA";"UOP03-DEL08-BA"
564729;2023-12-01;"sexta-feira";"16:30:00";"ES";101;280,8;"SERRA";"Ausência de reação do condutor";"Colisão transversal";"Com Vítimas Feridas";"Pleno dia";"Decrescente";"Céu Claro";"Múltipla";"Retorno Regulamentado";"Sim";3;0;1;0;2;0;1;2;-20,21828666;-40,34895595;"SPRF-ES";"DEL02-ES";"UOP01-DEL02-ES"
564731;2023-09-04;"segunda-feira";"12:15:00";"PI";343;269;"CAMPO MAIOR";"Demais Fenômenos da natureza";"Incêndio";"Sem Vítimas";"Pleno dia";"Decrescente";"Céu Claro";"Simples";"Reta";"Sim";3;0;0;0;0;3;0;3;-4,849445;-42,193741;"SPRF-PI";"DEL01-PI";"UOP03-DEL01-PI"
564732;2023-12-01;"sexta-feira";"16:20:00";"PR";277;1,3;"PARANAGUA";"Ingestão de álcool pelo condutor";"Colisão traseira";"Sem Vítimas";"Pleno dia";"Decrescente";"Sol";"Simples";"Reta";"Sim";4;0;0;0;3;1;0;3;-25,53072778;-48,54886293;"SPRF-PR";"DEL01-PR";"UOP05-DEL01-PR"
564733;2023-12-01;"sexta-feira";"15:00:00";"SC";101;55;"JOINVILLE";"Manobra de mudança de faixa";"Colisão lateral mesmo sentido";"Com Vítimas Feridas";"Pleno dia";"Crescente";"Nublado";"Dupla";"Curva";"Não";3;0;1;0;1;2;1;4;-26,42280898;-48,82977496;"SPRF-SC";"DEL03-SC";"UOP01-DEL03-SC"
564765;2023-12-01;"sexta-feira";"10:30:00";"PE";101;112,5;"IPOJUCA";"Velocidade Incompatível";"Tombamento";"Com Vítimas Feridas";"Pleno dia";"Decrescente";"Céu Claro";"Dupla";"Curva;Declive";"Não";3;0;2;0;0;1;2;1;-8,3278918;-35,119238;"SPRF-PE";"DEL01-PE";"UOP03-DEL01-PE"
564778;2023-12-01;"sexta-feira";"14:00:00";"MA";226;79;"CAXIAS";"Manobra de mudança de faixa";"Colisão lateral sentido oposto";"Com Vítimas Feridas";"Pleno dia";"Crescente";"Sol";"Simples";"Curva";"Não";3;0;0;1;2;0;1;2;-5,22433402;-43,47908201;"SPRF-MA";"DEL03-MA";"UOP02-DEL03-MA"
564780;2023-12-01;"sexta-feira";"18:30:00";"SP";116;108;"TAUBATE";"Ingestão de álcool pelo condutor";"Colisão lateral mesmo sentido";"Sem Vítimas";"Anoitecer";"Crescente";"Céu Claro";"Dupla";"Reta";"Sim";3;0;0;0;1;2;0;3;-23,0233097;-45,53763622;"SPRF-SP";"DEL02-SP";"UOP02-DEL02-SP"
564783;2023-12-01;"sexta-feira";"16:45:00";"SC";282;530,5;"CORDILHEIRA ALTA";"Transitar na contramão";"Colisão lateral sentido oposto";"Com Vítimas Fatais";"Pleno dia";"Decrescente";"Sol";"Simples";"Curva;Aclive";"Não";4;1;0;0;2;1;0;4;-26,98657561;-52,60963928;"SPRF-SC";"DEL07-SC";"UOP01-DEL07-SC"
564785;2023-12-01;"sexta-feira";"17:30:00";"MG";365;521;"MONTE CARMELO";"Reação tardia ou ineficiente do condutor";"Colisão traseira";"Sem Vítimas";"Anoitecer";"Crescente";"Ignorado";"Simples";"Reta";"Não";2;0;0;0;2;0;0;2;-18,91497844;-47,41535017;"SPRF-MG";"DEL10-MG";"UOP01-DEL10-MG"
564790;2023-12-01;"sexta-feira";"14:20:00";"PR";277;491;"NOVA LARANJEIRAS";"Demais falhas mecânicas ou elétricas";"Saída de leito carroçável";"Com Vítimas Feridas";"Pleno dia";"Decrescente";"Céu Claro";"Simples";"Reta";"Não";1;0;1;0;0;0;1;1;-25,23353017;-52,6472803;"SPRF-PR";"DEL04-PR";"UOP02-DEL04-PR"
564794;2023-12-01;"sexta-feira";"18:42:00";"RO";319;58;"PORTO VELHO";"Ausência de reação do condutor";"Colisão traseira";"Com Vítimas Feridas";"Plena Noite";"Decrescente";"Chuva";"Dupla";"Reta;Declive";"Sim";4;0;2;0;1;2;2;4;-8,74264;-63,90588;"SPRF-RO";"DEL01-RO";"UOP01-DEL01-RO"
564795;2023-12-01;"sexta-feira";"17:00:00";"PA";230;122,1;"MARABA";"Ausência de reação do condutor";"Colisão traseira";"Com Vítimas Feridas";"Pleno dia";"Decrescente";"Céu Claro";"Dupla";"Reta;Interseção de Vias";"Sim";5;0;1;0;4;0;1;3;-5,36137537;-49,12376139;"SPRF-PA";"DEL03-PA";"UOP01-DEL03-PA"
564798;2023-12-01;"sexta-feira";"20:10:00";"PR";277;118;"CAMPO LARGO";"Ingestão de álcool pelo condutor";"Colisão com objeto";"Sem Vítimas";"Plena Noite";"Crescente";"Céu Claro";"Dupla";"Reta;Em Obras";"Sim";5;0;0;0;3;2;0;4;-25,43106012;-49,42461998;"SPRF-PR";"DEL03-PR";"UOP03-DEL03-PR"
564801;2023-12-01;"sexta-feira";"21:00:00";"GO";20;249,2;"GUARANI DE GOIAS";"Ausência de reação do condutor";"Colisão traseira";"Com Vítimas Fatais";"Plena Noite";"Crescente";"Céu Claro";"Simples";"Reta";"Não";4;1;0;1;2;0;1;2;-13,983998;-46,196785;"SPRF-DF";"DEL02-DF";"UOP03-DEL02-DF"
564803;2023-12-01;"sexta-feira";"18:30:00";"MA";10;308;"ACAILANDIA";"Transitar na contramão";"Colisão lateral sentido oposto";"Com Vítimas Fatais";"Plena Noite";"Crescente";"Céu Claro";"Simples";"Reta;Em Obras";"Não";2;1;0;0;1;0;0;2;-5,044079;-47,551216;"SPRF-MA";"DEL04-MA";"UOP03-DEL04-MA"
564804;2023-12-01;"sexta-feira";"20:57:00";"GO";60;17;"ALEXANIA";"Reação tardia ou ineficiente do condutor";"Colisão com objeto";"Com Vítimas Feridas";"Plena Noite";"Crescente";"Nublado";"Dupla";"Reta";"Não";3;0;1;0;2;0;1;2;-16,094168;-48,517212;"SPRF-DF";"DEL03-DF";"UOP01-DEL03-DF"
564806;2023-12-01;"sexta-feira";"20:25:00";"ES";101;440,4;"MIMOSO DO SUL";"Ingestão de álcool pelo condutor";"Colisão traseira";"Com Vítimas Fatais";"Plena Noite";"Crescente";"Céu Claro";"Simples";"Reta";"Não";3;1;0;0;1;1;0;3;-21,07916157;-41,23373912;"SPRF-ES";"DEL03-ES";"UOP02-DEL03-ES"
564810;2023-12-01;"sexta-feira";"21:20:00";"GO";153;298;"RIALMA";"Ingestão de álcool pelo condutor";"Colisão lateral mesmo sentido";"Com Vítimas Feridas";"Plena Noite";"Crescente";"Céu Claro";"Simples";"Curva";"Não";4;0;0;1;1;2;1;4;-15,270069;-49,549572;"SPRF-GO";"DEL02-GO";"UOP02-DEL02-GO"
564811;2023-12-01;"sexta-feira";"19:40:00";"SC";470;73,3;"INDAIAL";"Ingestão de álcool pelo condutor";"Colisão lateral sentido oposto";"Sem Vítimas";"Plena Noite";"Crescente";"Céu Claro";"Simples";"Reta";"Sim";3;0;0;0;3;0;0;3;-26,908962;-49,275089;"SPRF-SC";"DEL04-SC";"UOP01-DEL04-SC"
564813;2023-12-01;"sexta-feira";"21:10:00";"BA";101;896;"NOVA VICOSA";"Reação tardia ou ineficiente do condutor";"Tombamento";"Com Vítimas Fatais";"Plena Noite";"Crescente";"Céu Claro";"Simples";"Curva;Declive";"Não";1;1;0;0;0;0;0;1;-17,89587195;-39,81936412;"SPRF-BA";"DEL09-BA";"UOP02-DEL09-BA"
564821;2023-12-01;"sexta-feira";"15:15:00";"MG";116;592;"MANHUACU";"Reação tardia ou ineficiente do condutor";"Colisão lateral sentido oposto";"Com Vítimas Feridas";"Pleno dia";"Crescente";"Céu Claro";"Simples";"Curva";"Não";3;0;2;0;0;1;2;2;-20,27018211;-42,14428578;"SPRF-MG";"DEL06-MG";"UOP03-DEL06-MG"
564823;2023-12-01;"sexta-feira";"18:45:00";"RJ";101;51;"CAMPOS DOS GOYTACAZES";"Condutor deixou de manter distância do veículo da frente";"Colisão traseira";"Com Vítimas Feridas";"Plena Noite";"Decrescente";"Nublado";"Simples";"Aclive;Reta";"Sim";7;0;3;0;3;1;3;4;-21,643509;-41,31161455;"SPRF-RJ";"DEL08-RJ";"UOP01-DEL08-RJ"
564825;2023-12-01;"sexta-feira";"19:00:00";"RS";285;392,2;"SANTA BARBARA DO SUL";"Transitar na contramão";"Colisão frontal";"Com Vítimas Feridas";"Anoitecer";"Decrescente";"Céu Claro";"Simples";"Reta";"Não";3;0;1;0;1;1;1;3;-28,38797;-53,273266;"SPRF-RS";"DEL10-RS";"UOP02-DEL10-RS"
564826;2023-12-01;"sexta-feira";"18:10:00";"RJ";40;116;"DUQUE DE CAXIAS";"Manobra de mudança de faixa";"Colisão lateral mesmo sentido";"Com Vítimas Feridas";"Anoitecer";"Crescente";"Céu Claro";"Dupla";"Reta;Ponte";"Não";3;0;1;1;1;0;2;2;-22,73662299;-43,28858785;"SPRF-RJ";"DEL01-RJ";"UOP02-DEL01-RJ"
564828;2023-12-01;"sexta-feira";"19:30:00";"RJ";101;50;"CAMPOS DOS GOYTACAZES";"Condutor deixou de manter distância do veículo da frente";"Colisão traseira";"Com Vítimas Feridas";"Plena Noite";"Crescente";"Nublado";"Simples";"Reta";"Sim";2;0;1;0;1;0;1;2;-21,633627;-41,313009;"SPRF-RJ";"DEL08-RJ";"UOP01-DEL08-RJ"
564836;2023-12-01;"sexta-feira";"22:40:00";"SP";116;344;"MIRACATU";"Condutor Dormindo";"Colisão traseira";"Com Vítimas Feridas";"Plena Noite";"Decrescente";"Nublado";"Dupla";"Aclive;Reta";"Não";2;0;1;0;1;0;1;2;-24,03100913;-47,17891043;"SPRF-SP";"DEL04-SP";"UOP03-DEL04-SP"
564837;2023-12-01;"sexta-feira";"22:30:00";"RO";364;163;"PIMENTA BUENO";"Ultrapassagem Indevida";"Colisão lateral sentido oposto";"Com Vítimas Feridas";"Plena Noite";"Crescente";"Céu Claro";"Simples";"Aclive";"Não";5;0;1;1;3;0;2;2;-11,896872;-60,979482;"SPRF-RO";"DEL02-RO";"UOP02-DEL02-RO"
564838;2023-12-01;"sexta-feira";"22:20:00";"PR";277;163;"PORTO AMAZONAS";"Demais falhas mecânicas ou elétricas";"Incêndio";"Sem Vítimas";"Plena Noite";"Decrescente";"Céu Claro";"Simples";"Reta";"Não";1;0;0;0;1;0;0;1;-25,47289;-49,895964;"SPRF-PR";"DEL03-PR";"UOP03-DEL03-PR"
564839;2023-12-01;"sexta-feira";"22:30:00";"GO";153;672;"PANAMA";"Demais falhas mecânicas ou elétricas";"Incêndio";"Sem Vítimas";"Pleno dia";"Crescente";"Nublado";"Dupla";"Aclive";"Não";1;0;0;0;1;0;0;1;-18,159;-49,2877;"SPRF-GO";"DEL03-GO";"UOP02-DEL03-GO"
564848;2023-12-02;"sábado";"00:35:00";"SC";101;145;"ITAPEMA";"Reação tardia ou ineficiente do condutor";"Colisão traseira";"Sem Vítimas";"Plena Noite";"Decrescente";"Nublado";"Dupla";"Reta;Aclive";"Sim";3;0;0;0;2;1;0;3;-27,08139206;-48,60130993;"SPRF-SC";"DEL04-SC";"UOP03-DEL04-SC"
564853;2023-12-02;"sábado";"01:10:00";"MS";163;655,1;"RIO VERDE DE MATO GROSSO";"Problema com o freio";"Incêndio";"Sem Vítimas";"Plena Noite";"Crescente";"Céu Claro";"Dupla";"Reta";"Não";2;0;0;0;1;1;0;2;-19,11772981;-54,75802065;"SPRF-MS";"DEL06-MS";"UOP02-DEL06-MS"
564857;2023-12-02;"sábado";"02:20:00";"SE";101;7,7;"CEDRO DE SAO JOAO";"Animais na Pista";"Saída de leito carroçável";"Sem Vítimas";"Plena Noite";"Crescente";"Céu Claro";"Dupla";"Reta";"Não";1;0;0;0;1;0;0;1;-10,26173335;-36,8645221;"SPRF-SE";"DEL02-SE";"UOP02-DEL02-SE"
564860;2023-12-02;"sábado";"04:00:00";"SP";116;114;"TAUBATE";"Reação tardia ou ineficiente do condutor";"Colisão lateral mesmo sentido";"Com Vítimas Feridas";"Plena Noite";"Crescente";"Céu Claro";"Dupla";"Reta";"Não";2;0;1;0;1;0;1;2;-23,04654177;-45,59018006;"SPRF-SP";"DEL02-SP";"UOP02-DEL02-SP"
564863;2023-12-02;"sábado";"01:58:00";"SP";153;209,8;"GUAIMBE";"Transitar na contramão";"Colisão lateral sentido oposto";"Sem Vítimas";"Plena Noite";"Crescente";"Céu Claro";"Simples";"Reta";"Não";3;0;0;0;2;1;0;3;-21,90801161;-49,91389275;"SPRF-SP";"DEL07-SP";"UOP02-DEL07-SP"
564864;2023-12-02;"sábado";"04:45:00";"PR";116;64;"CAMPINA GRANDE DO SUL";"Reação tardia ou ineficiente do condutor";"Colisão traseira";"Com Vítimas Feridas";"Amanhecer";"Crescente";"Nublado";"Dupla";"Reta";"Não";3;0;1;0;1;1;1;3;-25,30617192;-48,99337399;"SPRF-PR";"DEL01-PR";"UOP02-DEL01-PR"
564869;2023-12-02;"sábado";"04:30:00";"GO";60;112;"GOIANAPOLIS";"Condutor Dormindo";"Saída de leito carroçável";"Com Vítimas Feridas";"Plena Noite";"Decrescente";"Céu Claro";"Dupla";"Curva";"Não";2;0;1;0;0;1;1;2;-16,4511;-49,0498;"SPRF-GO";"DEL01-GO";"UOP01-DEL01-GO"
564870;2023-12-02;"sábado";"03:50:00";"RJ";356;164;"SAO JOAO DA BARRA";"Animais na Pista";"Tombamento";"Com Vítimas Feridas";"Plena Noite";"Decrescente";"Nublado";"Dupla";"Curva";"Não";1;0;1;0;0;0;1;1;-21,711961;-41,155168;"SPRF-RJ";"DEL08-RJ";"UOP02-DEL08-RJ"
564876;2023-12-02;"sábado";"06:25:00";"SE";235;84;"FREI PAULO";"Ingestão de substâncias psicoativas pelo condutor";"Colisão lateral sentido oposto";"Com Vítimas Feridas";"Pleno dia";"Crescente";"Sol";"Simples";"Curva";"Não";4;0;1;1;2;0;2;2;-10,554296;-37,633732;"SPRF-SE";"DEL01-SE";"UOP02-DEL01-SE"
564878;2023-12-02;"sábado";"05:45:00";"MG";262;614,5;"IBIA";"Acessar a via sem observar a presença dos outros veículos";"Colisão transversal";"Com Vítimas Feridas";"Amanhecer";"Crescente";"Céu Claro";"Simples";"Curva";"Não";3;0;1;0;1;1;1;3;-19,58817568;-46,34114742;"SPRF-MG";"DEL08-MG";"UOP02-DEL08-MG"
564893;2023-12-02;"sábado";"07:35:00";"MG";381;867;"POUSO ALEGRE";"Demais falhas mecânicas ou elétricas";"Incêndio";"Sem Vítimas";"Pleno dia";"Crescente";"Céu Claro";"Dupla";"Reta";"Não";1;0;0;0;1;0;0;1;-22,37080025;-45,93613407;"SPRF-MG";"DEL16-MG";"UOP01-DEL16-MG"
564898;2023-12-02;"sábado";"07:30:00";"PR";376;667;"GUARATUBA";"Reação tardia ou ineficiente do condutor";"Colisão traseira";"Com Vítimas Feridas";"Pleno dia";"Crescente";"Céu Claro";"Dupla";"Declive;Curva";"Não";4;0;1;0;2;2;1;4;-25,86649659;-48,94666822;"SPRF-PR";"DEL01-PR";"UOP04-DEL01-PR"
564901;2023-08-10;"quinta-feira";"05:30:00";"PR";277;36;"MORRETES";"Reação tardia ou ineficiente do condutor";"Colisão com objeto";"Com Vítimas Feridas";"Plena Noite";"Decrescente";"Nublado";"Dupla";"Declive";"Não";2;0;1;0;0;1;1;2;-25,57194041;-48,83559644;"SPRF-PR";"DEL01-PR";"UOP05-DEL01-PR"
564909;2023-09-18;"segunda-feira";"02:00:00";"MG";262;145;"RIO CASCA";"Demais falhas mecânicas ou elétricas";"Incêndio";"Sem Vítimas";"Plena Noite";"Decrescente";"Céu Claro";"Simples";"Reta;Aclive";"Não";2;0;0;0;1;1;0;2;-20,03578173;-42,73569975;"SPRF-MG";"DEL03-MG";"UOP03-DEL03-MG"
564913;2023-12-02;"sábado";"06:55:00";"MG";381;159,2;"GOVERNADOR VALADARES";"Velocidade Incompatível";"Tombamento";"Com Vítimas Feridas";"Pleno dia";"Decrescente";"Nublado";"Simples";"Curva;Ponte";"Não";3;0;1;0;0;2;1;3;-18,88760943;-42,00425148;"SPRF-MG";"DEL06-MG";"UOP01-DEL06-MG"
564922;2023-12-02;"sábado";"09:30:00";"PR";153;84;"CONSELHEIRO MAIRINCK";"Transitar na contramão";"Colisão frontal";"Com Vítimas Feridas";"Pleno dia";"Crescente";"Céu Claro";"Simples";"Reta";"Não";4;0;1;0;2;1;1;3;-23,63863603;-50,15190162;"SPRF-PR";"DEL07-PR";"UOP04-DEL07-PR"
564924;2023-12-02;"sábado";"10:30:00";"RJ";116;214;"SEROPEDICA";"Condutor deixou de manter distância do veículo da frente";"Colisão traseira";"Com Vítimas Feridas";"Pleno dia";"Crescente";"Céu Claro";"Dupla";"Reta;Aclive";"Não";4;0;1;0;3;0;1;2;-22,713438;-43,734085;"SPRF-RJ";"DEL06-RJ";"UOP02-DEL06-RJ"
564931;2023-12-02;"sábado";"09:50:00";"MT";364;184;"PEDRA PRETA";"Reação tardia ou ineficiente do condutor";"Engavetamento";"Com Vítimas Feridas";"Pleno dia";"Decrescente";"Céu Claro";"Simples";"Reta";"Não";10;0;5;0;3;8;5;13;-16,58295105;-54,52328803;"SPRF-MT";"DEL02-MT";"UOP01-DEL02-MT"
564944;2023-12-02;"sábado";"11:40:00";"BA";116;689;"JEQUIE";"Ausência de reação do condutor";"Saída de leito carroçável";"Com Vítimas Feridas";"Pleno dia";"Crescente";"Céu Claro";"Simples";"Curva";"Não";1;0;1;0;0;0;1;1;-13,92941602;-40,16096286;"SPRF-BA";"DEL03-BA";"UOP01-DEL03-BA"
564946;2023-09-25;"segunda-feira";"09:00:00";"RJ";101;298;"ITABORAI";"Ausência de reação do condutor";"Colisão lateral mesmo sentido";"Com Vítimas Feridas";"Pleno dia";"Crescente";"Céu Claro";"Dupla";"Reta";"Não";4;0;1;1;1;1;2;3;-22,7714;-42,92896;"SPRF-RJ";"DEL02-RJ";"UOP02-DEL02-RJ"
564950;2023-12-02;"sábado";"13:10:00";"SC";101;104,7;"PENHA";"Reação tardia ou ineficiente do condutor";"Colisão traseira";"Com Vítimas Feridas";"Pleno dia";"Crescente";"Sol";"Múltipla";"Declive;Reta";"Sim";5;0;1;0;3;1;1;5;-26,80002413;-48,67907697;"SPRF-SC";"DEL03-SC";"UOP02-DEL03-SC"
564951;2023-12-02;"sábado";"10:10:00";"PR";369;39;"ANDIRA";"Desrespeitar a preferência no cruzamento";"Colisão transversal";"Com Vítimas Feridas";"Pleno dia";"Decrescente";"Céu Claro";"Simples";"Reta;Interseção de Vias";"Não";6;0;0;4;1;1;4;3;-23,02915773;-50,30828476;"SPRF-PR";"DEL07-PR";"UOP05-DEL07-PR"
564952;2023-12-02;"sábado";"13:30:00";"RJ";393;164;"TRES RIOS";"Condutor Dormindo";"Colisão transversal";"Com Vítimas Feridas";"Pleno dia";"Crescente";"Céu Claro";"Simples";"Curva";"Não";4;0;1;0;2;1;1;3;-22,11074015;-43,11764107;"SPRF-RJ";"DEL05-RJ";"UOP01-DEL05-RJ"
564957;2023-12-02;"sábado";"13:06:00";"PB";230;109;"INGA";"Reação tardia ou ineficiente do condutor";"Colisão traseira";"Com Vítimas Feridas";"Pleno dia";"Crescente";"Céu Claro";"Dupla";"Reta";"Não";6;0;3;0;2;2;3;5;-7,2117;-35,5822;"SPRF-PB";"DEL01-PB";"UOP03-DEL01-PB"
564960;2023-12-02;"sábado";"14:10:00";"SC";470;38,6;"BLUMENAU";"Ingestão de álcool pelo condutor";"Colisão lateral mesmo sentido";"Sem Vítimas";"Pleno dia";"Crescente";"Céu Claro";"Dupla";"Reta";"Não";2;0;0;0;2;0;0;2;-26,904108;-48,980164;"SPRF-SC";"DEL04-SC";"UOP01-DEL04-SC"
564963;2023-12-02;"sábado";"13:45:00";"SC";101;79,5;"ARAQUARI";"Acessar a via sem observar a presença dos outros veículos";"Colisão traseira";"Com Vítimas Feridas";"Pleno dia";"Decrescente";"Céu Claro";"Dupla";"Retorno Regulamentado";"Não";3;0;2;0;0;1;2;2;-26,596279;-48,72273445;"SPRF-SC";"DEL03-SC";"UOP02-DEL03-SC"
564966;2023-12-02;"sábado";"13:40:00";"PE";101;77,9;"RECIFE";"Manobra de mudança de faixa";"Colisão lateral mesmo sentido";"Com Vítimas Feridas";"Pleno dia";"Crescente";"Céu Claro";"Dupla";"Reta";"Sim";2;0;1;0;0;1;1;2;-8,133835;-34,947418;"SPRF-PE";"DEL01-PE";"UOP01-DEL01-PE"
564967;2023-12-02;"sábado";"12:10:00";"BA";407;114;"SENHOR DO BONFIM";"Demais falhas mecânicas ou elétricas";"Incêndio";"Sem Vítimas";"Pleno dia";"Decrescente";"Céu Claro";"Simples";"Reta";"Não";2;0;0;0;1;1;0;2;-10,35146899;-40,16851437;"SPRF-BA";"DEL04-BA";"UOP01-DEL04-BA"
564970;2023-12-02;"sábado";"13:10:00";"PB";230;173;"CAMPINA GRANDE";"Reação tardia ou ineficiente do condutor";"Colisão lateral mesmo sentido";"Com Vítimas Feridas";"Pleno dia";"Crescente";"Céu Claro";"Simples";"Aclive;Reta";"Não";2;0;1;0;1;0;1;2;-7,1796;-36,0075;"SPRF-PB";"DEL02-PB";"UOP02-DEL02-PB"
564994;2023-08-20;"domingo";"18:15:00";"SP";153;50;"SAO JOSE DO RIO PRETO";"Reação tardia ou ineficiente do condutor";"Colisão traseira";"Com Vítimas Feridas";"Anoitecer";"Decrescente";"Nublado";"Simples";"Reta";"Não";3;0;0;1;1;1;1;3;-20,70901101;-49,33909429;"SPRF-SP";"DEL09-SP";"UOP01-DEL09-SP"
565011;2023-12-02;"sábado";"15:35:00";"MT";364;276,8;"JACIARA";"Problema com o freio";"Colisão traseira";"Sem Vítimas";"Pleno dia";"Decrescente";"Céu Claro";"Simples";"Declive";"Não";3;0;0;0;2;3;0;5;-15,95344474;-54,99098104;"SPRF-MT";"DEL05-MT";"UOP02-DEL05-MT"
565013;2023-09-01;"sexta-feira";"05:30:00";"RJ";116;137;"MAGE";"Conversão proibida";"Colisão lateral mesmo sentido";"Com Vítimas Feridas";"Amanhecer";"Crescente";"Céu Claro";"Dupla";"Reta";"Não";6;0;3;0;1;2;3;5;-22,64791994;-43,18200799;"SPRF-RJ";"DEL01-RJ";"UOP01-DEL01-RJ"
565015;2023-12-02;"sábado";"16:20:00";"SC";101;103,2;"BALNEARIO PICARRAS";"Objeto estático sobre o leito carroçável";"Colisão traseira";"Com Vítimas Fatais";"Pleno dia";"Crescente";"Céu Claro";"Múltipla";"Reta";"Não";3;1;1;0;0;1;1;3;-26,7855022;-48,6825187;"SPRF-SC";"DEL03-SC";"UOP02-DEL03-SC"
565019;2023-12-02;"sábado";"16:00:00";"MA";316;112;"SANTA LUZIA DO PARUA";"Transitar no Acostamento";"Colisão transversal";"Com Vítimas Fatais";"Pleno dia";"Decrescente";"Céu Claro";"Simples";"Reta";"Não";2;1;0;0;0;1;0;2;-2,52149;-45,781441;"SPRF-MA";"DEL02-MA";"UOP02-DEL02-MA"
565029;2023-12-02;"sábado";"18:20:00";"MT";364;1180;"CAMPOS DE JULIO";"Transitar na contramão";"Colisão transversal";"Com Vítimas Feridas";"Plena Noite";"Crescente";"Nublado";"Simples";"Interseção de Vias";"Não";3;0;0;1;1;3;1;5;-13,6792663;-59,19088688;"SPRF-MT";"DEL04-MT";"UOP02-DEL04-MT"
565032;2023-12-02;"sábado";"16:30:00";"MT";158;202;"CANABRAVA DO NORTE";"Falta de acostamento";"Saída de leito carroçável";"Com Vítimas Feridas";"Anoitecer";"Decrescente";"Nublado";"Simples";"Reta";"Não";2;0;1;0;0;1;1;2;-11,11795603;-51,70332751;"SPRF-MT";"DEL07-MT";"NPF/DEL07-MT"
565033;2023-12-02;"sábado";"19:00:00";"SC";101;265,5;"PAULO LOPES";"Ausência de reação do condutor";"Colisão traseira";"Com Vítimas Feridas";"Plena Noite";"Decrescente";"Céu Claro";"Simples";"Reta";"Sim";27;0;23;1;2;1;24;3;-28,06847808;-48,71463931;"SPRF-SC";"DEL02-SC";"UOP03-DEL02-SC"
565040;2023-12-02;"sábado";"19:30:00";"RN";101;123;"SAO JOSE DE MIPIBU";"Condutor desrespeitou a iluminação vermelha do semáforo";"Colisão transversal";"Com Vítimas Feridas";"Plena Noite";"Decrescente";"Céu Claro";"Múltipla";"Interseção de Vias";"Sim";2;0;1;0;1;0;1;2;-6,06166101;-35,24094602;"SPRF-RN";"DEL01-RN";"UOP01-DEL01-RN"
565048;2023-12-02;"sábado";"20:15:00";"RO";364;194,7;"PIMENTA BUENO";"Acessar a via sem observar a presença dos outros veículos";"Colisão transversal";"Com Vítimas Feridas";"Plena Noite";"Crescente";"Céu Claro";"Simples";"Reta;Interseção de Vias";"Não";3;0;1;0;1;2;1;4;-11,695803;-61,174292;"SPRF-RO";"DEL02-RO";"UOP02-DEL02-RO"
565050;2023-12-02;"sábado";"19:15:00";"PA";10;214;"IPIXUNA DO PARA";"Chuva";"Saída de leito carroçável";"Com Vítimas Feridas";"Plena Noite";"Decrescente";"Chuva";"Simples";"Declive";"Não";2;0;1;0;0;1;1;2;-2,55659601;-47,4943411;"SPRF-PA";"DEL02-PA";"UOP01-DEL02-PA"
565056;2023-12-02;"sábado";"22:15:00";"SP";116;150;"SAO JOSE DOS CAMPOS";"Reação tardia ou ineficiente do condutor";"Colisão traseira";"Sem Vítimas";"Plena Noite";"Crescente";"Céu Claro";"Dupla";"Reta";"Sim";2;0;0;0;2;0;0;2;-23,21335525;-45,8930588;"SPRF-SP";"DEL02-SP";"UOP01-DEL02-SP"
565060;2023-12-02;"sábado";"21:55:00";"RS";290;69;"GRAVATAI";"Reação tardia ou ineficiente do condutor";"Colisão traseira";"Com Vítimas Fatais";"Plena Noite";"Decrescente";"Nublado";"Dupla";"Reta";"Não";3;1;0;0;1;1;0;3;-29,947562;-50,953787;"SPRF-RS";"DEL03-RS";"UOP01-DEL03-RS"
565063;2023-12-02;"sábado";"18:30:00";"RJ";40;111;"DUQUE DE CAXIAS";"Condutor deixou de manter distância do veículo da frente";"Engavetamento";"Com Vítimas Feridas";"Plena Noite";"Crescente";"Céu Claro";"Múltipla";"Reta";"Sim";5;0;1;0;3;2;1;5;-22,691868;-43,287453;"SPRF-RJ";"DEL01-RJ";"UOP02-DEL01-RJ"
565066;2023-12-02;"sábado";"22:15:00";"PB";230;257;"ASSUNCAO";"Transitar na contramão";"Colisão frontal";"Com Vítimas Fatais";"Plena Noite";"Decrescente";"Céu Claro";"Simples";"Reta";"Não";3;1;0;0;2;0;0;2;-7,0114;-36,681;"SPRF-PB";"DEL03-PB";"UOP01-DEL03-PB"
565074;2023-12-02;"sábado";"20:19:00";"MT";364;491,6;"JANGADA";"Acessar a via sem observar a presença dos outros veículos";"Colisão lateral mesmo sentido";"Com Vítimas Feridas";"Plena Noite";"Decrescente";"Céu Claro";"Simples";"Reta;Rotatória";"Não";4;0;2;0;1;1;2;3;-15,31822775;-56,43162957;"SPRF-MT";"DEL01-MT";"UOP01-DEL01-MT"
565078;2023-12-02;"sábado";"20:40:00";"MG";116;668,7;"MIRADOURO";"Transitar na contramão";"Colisão frontal";"Com Vítimas Feridas";"Plena Noite";"Decrescente";"Nublado";"Simples";"Reta";"Não";3;0;1;0;1;1;1;3;-20,86525628;-42,32929967;"SPRF-MG";"DEL07-MG";"UOP02-DEL07-MG"