"id";"data_inversa";"dia_semana";"horario";"uf";"br";"km";"municipio";"causa_acidente";"tipo_acidente";"classificacao_acidente";"fase_dia";"sentido_via";"condicao_metereologica";"tipo_pista";"tracado_via";"uso_solo";"pessoas";"mortos";"feridos_leves";"feridos_graves";"ilesos";"ignorados";"feridos";"veiculos";"latitude";"longitude";"regional";"delegacia";"uop"
565082;2023-12-02;"sábado";"23:00:00";"PR";153;16;"JACAREZINHO";"Ingestão de álcool pelo condutor";"Colisão lateral sentido oposto";"Sem Vítimas";"Plena Noite";"Crescente";"Céu Claro";"Simples";"Curva;Aclive";"Não";3;0;0;0;2;1;0;3;-23,1274917;-49,94481434;"SPRF-PR";"DEL07-PR";"UOP04-DEL07-PR"
565089;2023-12-02;"sábado";"19:00:00";"RO";364;325;"PRESIDENTE MEDICI";"Ultrapassagem Indevida";"Tombamento";"Com Vítimas Feridas";"Plena Noite";"Crescente";"Céu Claro";"Simples";"Reta";"Não";3;0;1;0;1;3;1;5;-11,025783;-61,93004;"SPRF-RO";"DEL02-RO";"UOP01-DEL02-RO"
565115;2023-12-03;"domingo";"05:25:00";"PE";232;7,7;"RECIFE";"Velocidade Incompatível";"Colisão traseira";"Com Vítimas Feridas";"Pleno dia";"Decrescente";"Sol";"Múltipla";"Reta";"Não";2;0;1;0;1;0;1;2;-8,07333497;-34,96184301;"SPRF-PE";"DEL01-PE";"UOP01-DEL01-PE"
565120;2023-12-03;"domingo";"06:00:00";"SP";116;362;"MIRACATU";"Chuva";"Saída de leito carroçável";"Com Vítimas Feridas";"Pleno dia";"Crescente";"Garoa/Chuvisco";"Dupla";"Curva";"Não";1;0;0;1;0;0;1;1;-24,1220177;-47,27047772;"SPRF-SP";"DEL04-SP";"UOP03-DEL04-SP"
565128;2023-12-03;"domingo";"04:50:00";"BA";242;707;"CRISTOPOLIS";"Reação tardia ou ineficiente do condutor";"Saída de leito carroçável";"Com Vítimas Feridas";"Amanhecer";"Crescente";"Chuva";"Simples";"Declive;Reta";"Sim";1;0;1;0;0;0;1;1;-12,22300326;-44,060197;"SPRF-BA";"DEL10-BA";"UOP02-DEL10-BA"
565129;2023-12-03;"domingo";"04:20:00";"PR";153;458;"UNIAO DA VITORIA";"Transitar na contramão";"Colisão lateral sentido oposto";"Sem Vítimas";"Plena Noite";"Crescente";"Nublado";"Simples";"Reta";"Não";2;0;0;0;1;1;0;2;-26,19764921;-51,10582352;"SPRF-PR";"DEL02-PR";"UOP03-DEL02-PR"
565134;2023-12-03;"domingo";"06:15:00";"BA";116;371;"SANTA BARBARA";"Transitar na contramão";"Colisão lateral sentido oposto";"Sem Vítimas";"Pleno dia";"Decrescente";"Céu Claro";"Simples";"Reta";"Não";2;0;0;0;2;0;0;2;-11,770267;-38,985825;"SPRF-BA";"DEL02-BA";"UOP01-DEL02-BA"
565135;2023-12-03;"domingo";"04:30:00";"RR";174;404,2;"IRACEMA";"Demais falhas mecânicas ou elétricas";"Incêndio";"Sem Vítimas";"Plena Noite";"Crescente";"Céu Claro";"Simples";"Reta";"Não";1;0;0;0;0;1;0;1;2,129588;-61,087746;"SPRF-RR";"DEL01-RR";"UOP01-DEL01-RR"
565136;2023-12-03;"domingo";"06:50:00";"PE";104;72;"CARUARU";"Velocidade Incompatível";"Saída de leito carroçável";"Com Vítimas Feridas";"Amanhecer";"Decrescente";"Céu Claro";"Simples";"Curva;Declive";"Não";3;0;1;1;0;1;2;2;-8,332917;-35,981609;"SPRF-PE";"DEL02-PE";"UOP01-DEL02-PE"
565137;2023-12-03;"domingo";"03:30:00";"AL";423;103,5;"DELMIRO GOUVEIA";"Condutor Dormindo";"Colisão frontal";"Com Vítimas Feridas";"Plena Noite";"Crescente";"Céu Claro";"Simples";"Reta";"Sim";2;0;0;1;1;0;1;2;-9,4027224;-38,1818248;"SPRF-BA";"DEL07-BA";"UOP01-DEL07-BA"
565143;2023-12-03;"domingo";"05:20:00";"BA";324;437;"RIACHAO DO JACUIPE";"Transitar na contramão";"Colisão lateral sentido oposto";"Com Vítimas Feridas";"Amanhecer";"Crescente";"Ignorado";"Simples";"Reta";"Sim";5;0;1;0;4;0;1;2;-11,80175521;-39,39837009;"SPRF-BA";"DEL04-BA";"UOP02-DEL04-BA"
565145;2023-11-30;"quinta-feira";"08:00:00";"RJ";116;276;"BARRA MANSA";"Ausência de reação do condutor";"Colisão traseira";"Com Vítimas Feridas";"Pleno dia";"Decrescente";"Céu Claro";"Dupla";"Reta";"Não";3;0;1;1;0;1;2;3;-22,563;-44,168;"SPRF-RJ";"DEL07-RJ";"UOP02-DEL07-RJ"
565146;2023-12-03;"domingo";"09:45:00";"ES";259;34,5;"COLATINA";"Velocidade Incompatível";"Tombamento";"Com Vítimas Feridas";"Pleno dia";"Decrescente";"Céu Claro";"Simples";"Curva";"Não";3;0;2;0;0;1;2;2;-19,56368925;-40,49945574;"SPRF-ES";"DEL02-ES";"UOP01-DEL02-ES"
565159;2023-12-03;"domingo";"10:10:00";"GO";50;271,4;"CATALAO";"Reação tardia ou ineficiente do condutor";"Colisão traseira";"Com Vítimas Fatais";"Pleno dia";"Crescente";"Céu Claro";"Dupla";"Reta;Declive";"Não";3;1;1;0;0;1;1;3;-18,1158;-47,8936;"SPRF-GO";"DEL06-GO";"UOP01-DEL06-GO"
565160;2023-12-01;"sexta-feira";"10:40:00";"PA";163;532;"TRAIRAO";"Acessar a via sem observar a presença dos outros veículos";"Colisão traseira";"Com Vítimas Feridas";"Pleno dia";"Decrescente";"Céu Claro";"Simples";"Declive";"Não";5;0;1;0;4;0;1;2;-5,29508642;-55,98441315;"SPRF-PA";"DEL05-PA";"UOP02-DEL05-PA"
565161;2023-12-03;"domingo";"10:40:00";"AL";316;249,9;"ATALAIA";"Transitar na contramão";"Colisão frontal";"Com Vítimas Fatais";"Pleno dia";"Crescente";"Sol";"Simples";"Reta";"Não";4;1;0;1;1;1;1;3;-9,54840634;-35,98068337;"SPRF-AL";"DEL01-AL";"UOP01-DEL01-AL"
565172;2023-12-03;"domingo";"05:00:00";"MA";226;225,2;"TUNTUM";"Condutor Dormindo";"Colisão frontal";"Com Vítimas Fatais";"Plena Noite";"Crescente";"Céu Claro";"Simples";"Reta";"Não";3;1;0;0;1;1;0;3;-5,33429132;-44,66771521;"SPRF-MA";"DEL06-MA";"UOP01-DEL06-MA"
565177;2023-12-03;"domingo";"11:30:00";"MA";135;84;"ITAPECURU MIRIM";"Manobra de mudança de faixa";"Colisão lateral sentido oposto";"Sem Vítimas";"Pleno dia";"Decrescente";"Céu Claro";"Simples";"Reta;Ponte";"Não";3;0;0;0;1;2;0;3;-3,24994968;-44,3824064;"SPRF-MA";"DEL01-MA";"UOP02-DEL01-MA"
565179;2023-12-03;"domingo";"10:35:00";"GO";153;209;"URUACU";"Reação tardia ou ineficiente do condutor";"Saída de leito carroçável";"Com Vítimas Feridas";"Pleno dia";"Decrescente";"Chuva";"Simples";"Reta;Aclive";"Não";2;0;0;1;0;1;1;2;-14,612502;-49,168631;"SPRF-GO";"DEL07-GO";"UOP02-DEL07-GO"
565183;2023-12-03;"domingo";"09:35:00";"PR";277;145;"PORTO AMAZONAS";"Demais falhas mecânicas ou elétricas";"Colisão traseira";"Sem Vítimas";"Pleno dia";"Crescente";"Céu Claro";"Simples";"Curva";"Não";3;0;0;0;2;1;0;3;-25,469806;-49,777208;"SPRF-PR";"DEL03-PR";"UOP03-DEL03-PR"
565190;2023-12-03;"domingo";"13:30:00";"SC";101;42;"JOINVILLE";"Reação tardia ou ineficiente do condutor";"Colisão traseira";"Com Vítimas Feridas";"Pleno dia";"Decrescente";"Nublado";"Dupla";"Aclive;Curva";"Não";2;0;1;0;1;0;1;2;-26,29251598;-48,88474385;"SPRF-SC";"DEL03-SC";"UOP01-DEL03-SC"
565197;2023-12-03;"domingo";"12:10:00";"RO";364;235,4;"CACOAL";"Velocidade Incompatível";"Saída de leito carroçável";"Com Vítimas Feridas";"Pleno dia";"Decrescente";"Céu Claro";"Simples";"Curva;Interseção de Vias";"Sim";3;0;0;1;1;3;1;5;-11,4506169;-61,4302469;"SPRF-RO";"DEL02-RO";"UOP02-DEL02-RO"
565198;2023-12-02;"sábado";"21:30:00";"PI";230;221,3;"OEIRAS";"Transitar na contramão";"Colisão lateral sentido oposto";"Com Vítimas Feridas";"Plena Noite";"Crescente";"Ignorado";"Simples";"Curva;Declive";"Não";3;0;0;1;1;2;1;4;-7,005237;-42,28763;"SPRF-PI";"DEL03-PI";"UOP01-DEL03-PI"
565213;2023-12-03;"domingo";"13:58:00";"MG";40;38;"PARACATU";"Carga excessiva e/ou mal acondicionada";"Incêndio";"Com Vítimas Feridas";"Pleno dia";"Decrescente";"Céu Claro";"Dupla";"Reta;Aclive";"Sim";2;0;1;0;0;1;1;2;-17,21050388;-46,89942099;"SPRF-MG";"DEL14-MG";"UOP01-DEL14-MG"
565214;2023-12-03;"domingo";"13:30:00";"PR";369;65,5;"BANDEIRANTES";"Retorno proibido";"Colisão transversal";"Com Vítimas Feridas";"Pleno dia";"Crescente";"Céu Claro";"Simples";"Declive;Reta";"Não";6;0;0;5;1;0;5;2;-23,1278103;-50,45312405;"SPRF-PR";"DEL07-PR";"UOP05-DEL07-PR"
565230;2023-12-03;"domingo";"12:19:00";"PE";101;120,7;"IPOJUCA";"Manobra de mudança de faixa";"Colisão lateral mesmo sentido";"Com Vítimas Feridas";"Pleno dia";"Decrescente";"Nublado";"Dupla";"Reta";"Não";4;0;0;1;0;3;1;3;-8,35291472;-35,16929901;"SPRF-PE";"DEL01-PE";"UOP03-DEL01-PE"
565232;2023-12-03;"domingo";"17:00:00";"MG";267;271,9;"AIURUOCA";"Demais falhas mecânicas ou elétricas";"Incêndio";"Sem Vítimas";"Pleno dia";"Crescente";"Céu Claro";"Simples";"Reta;Declive;Interseção de Vias";"Não";3;0;0;0;1;2;0;3;-21,93532186;-44,65770745;"SPRF-MG";"DEL17-MG";"UOP01-DEL17-MG"
565234;2023-12-03;"domingo";"12:30:00";"MG";116;198,9;"CARAI";"Ausência de sinalização";"Colisão lateral sentido oposto";"Com Vítimas Fatais";"Pleno dia";"Crescente";"Céu Claro";"Simples";"Aclive;Reta";"Não";4;1;0;0;1;2;0;4;-17,22672793;-41,49481233;"SPRF-MG";"DEL11-MG";"UOP01-DEL11-MG"
565236;2023-12-03;"domingo";"10:15:00";"MG";262;549,9;"LUZ";"Acostamento em desnível";"Tombamento";"Com Vítimas Feridas";"Pleno dia";"Decrescente";"Céu Claro";"Simples";"Reta;Declive";"Não";2;0;1;0;0;1;1;2;-19,72508993;-45,86948395;"SPRF-MG";"DEL08-MG";"UOP02-DEL08-MG"
565251;2023-12-03;"domingo";"17:38:00";"PA";163;986,9;"SANTAREM";"Acostamento em desnível";"Tombamento";"Sem Vítimas";"Pleno dia";"Crescente";"Céu Claro";"Simples";"Reta";"Sim";2;0;0;0;1;3;0;4;-2,59271401;-54,71976013;"SPRF-PA";"DEL05-PA";"UOP01-DEL05-PA"
565253;2023-07-20;"quinta-feira";"13:30:00";"RS";290;240,9;"RIO PARDO";"Ultrapassagem Indevida";"Colisão lateral mesmo sentido";"Com Vítimas Feridas";"Pleno dia";"Crescente";"Nublado";"Simples";"Declive;Reta;Ponte";"Não";5;0;1;1;2;1;2;3;-30,22151534;-52,64093982;"SPRF-RS";"DEL02-RS";"UOP03-DEL02-RS"
565259;2023-12-03;"domingo";"17:50:00";"RS";290;130;"ELDORADO DO SUL";"Reação tardia ou ineficiente do condutor";"Tombamento";"Com Vítimas Feridas";"Pleno dia";"Decrescente";"Nublado";"Simples";"Reta;Declive";"Não";2;0;1;0;0;1;1;2;-30,058458;-51,510532;"SPRF-RS";"DEL02-RS";"UOP01-DEL02-RS"
565267;2023-12-03;"domingo";"17:00:00";"BA";242;270;"RUY BARBOSA";"Reação tardia ou ineficiente do condutor";"Colisão lateral sentido oposto";"Sem Vítimas";"Anoitecer";"Decrescente";"Céu Claro";"Simples";"Reta";"Não";3;0;0;0;2;3;0;5;-12,45273544;-40,62948897;"SPRF-BA";"DEL06-BA";"UOP02-DEL06-BA"
565268;2023-12-03;"domingo";"19:35:00";"RS";386;286,3;"SAO JOSE DO HERVAL";"Transitar na contramão";"Colisão frontal";"Com Vítimas Feridas";"Plena Noite";"Crescente";"Chuva";"Simples";"Reta;Declive";"Não";7;0;4;0;2;2;4;4;-29,067266;-52,284664;"SPRF-RS";"DEL04-RS";"UOP03-DEL04-RS"
565279;2023-12-03;"domingo";"20:15:00";"PR";376;232;"APUCARANA";"Condutor deixou de manter distância do veículo da frente";"Colisão lateral mesmo sentido";"Com Vítimas Feridas";"Plena Noite";"Decrescente";"Céu Claro";"Dupla";"Aclive;Reta";"Não";5;0;2;0;3;0;2;2;-23,57126885;-51,50557362;"SPRF-PR";"DEL07-PR";"UOP03-DEL07-PR"
565281;2023-12-03;"domingo";"18:10:00";"MS";163;2;"MUNDO NOVO";"Reação tardia ou ineficiente do condutor";"Colisão lateral mesmo sentido";"Com Vítimas Feridas";"Pleno dia";"Crescente";"Céu Claro";"Simples";"Reta";"Não";4;0;1;0;1;2;1;3;-24,03248384;-54,28622977;"SPRF-MS";"DEL09-MS";"UOP02-DEL09-MS"
565287;2023-12-03;"domingo";"18:00:00";"MS";60;341;"CAMPO GRANDE";"Conversão proibida";"Colisão lateral mesmo sentido";"Com Vítimas Feridas";"Anoitecer";"Crescente";"Chuva";"Simples";"Reta";"Não";6;0;1;0;4;1;1;2;-20,3956637;-54,6859417;"SPRF-MS";"DEL01-MS";"UOP02-DEL01-MS"
565293;2023-12-03;"domingo";"22:30:00";"RJ";101;484;"ANGRA DOS REIS";"Manobra de mudança de faixa";"Colisão lateral mesmo sentido";"Sem Vítimas";"Plena Noite";"Crescente";"Céu Claro";"Simples";"Reta";"Não";2;0;0;0;2;0;0;2;-22,99096308;-44,30429882;"SPRF-RJ";"DEL03-RJ";"UOP03-DEL03-RJ"
565299;2023-12-03;"domingo";"19:30:00";"MG";116;735;"LARANJAL";"Velocidade Incompatível";"Tombamento";"Com Vítimas Feridas";"Plena Noite";"Crescente";"Céu Claro";"Simples";"Reta";"Não";2;0;1;0;0;1;1;2;-21,35356993;-42,46829116;"SPRF-MG";"DEL07-MG";"UOP02-DEL07-MG"
565316;2023-12-04;"segunda-feira";"01:30:00";"SP";116;310,1;"SAO LOURENCO DA SERRA";"Reação tardia ou ineficiente do condutor";"Colisão traseira";"Com Vítimas Fatais";"Plena Noite";"Decrescente";"Nublado";"Dupla";"Reta";"Não";4;1;1;1;1;0;2;2;-23,8717102;-46,96137189;"SPRF-SP";"DEL04-SP";"UOP01-DEL04-SP"
565319;2023-12-04;"segunda-feira";"04:00:00";"CE";116;91;"CASCAVEL";"Carga excessiva e/ou mal acondicionada";"Tombamento";"Com Vítimas Feridas";"Plena Noite";"Decrescente";"Céu Claro";"Simples";"Curva";"Não";3;0;1;0;2;0;1;1;-4,47049998;-38,36179093;"SPRF-CE";"DEL03-CE";"UOP02-DEL03-CE"
565321;2023-12-04;"segunda-feira";"04:00:00";"RJ";40;82;"PETROPOLIS";"Ausência de reação do condutor";"Tombamento";"Com Vítimas Feridas";"Amanhecer";"Crescente";"Céu Claro";"Simples";"Curva;Declive";"Não";2;0;1;0;0;1;1;2;-22,51183137;-43,23076171;"SPRF-RJ";"DEL01-RJ";"UOP01-DEL01-RJ"
565322;2023-12-04;"segunda-feira";"04:35:00";"SP";116;75,1;"APARECIDA";"Pedestre andava na pista";"Atropelamento de Pedestre";"Com Vítimas Fatais";"Amanhecer";"Crescente";"Céu Claro";"Dupla";"Reta";"Não";5;1;2;0;1;1;2;5;-22,87521876;-45,26277018;"SPRF-SP";"DEL08-SP";"UOP01-DEL08-SP"
565323;2023-12-04;"segunda-feira";"03:00:00";"GO";60;171;"GOIANIA";"Animais na Pista";"Colisão com objeto";"Sem Vítimas";"Plena Noite";"Crescente";"Garoa/Chuvisco";"Dupla";"Aclive";"Não";2;0;0;0;1;1;0;2;-16,7333;-49,3996;"SPRF-GO";"DEL01-GO";"UOP02-DEL01-GO"
565326;2023-12-04;"segunda-feira";"03:30:00";"PI";316;313;"PICOS";"Ausência de reação do condutor";"Colisão traseira";"Com Vítimas Feridas";"Plena Noite";"Decrescente";"Céu Claro";"Simples";"Curva";"Sim";2;0;1;0;1;0;1;2;-7,07959049;-41,44975182;"SPRF-PI";"DEL04-PI";"UOP01-DEL04-PI"
565330;2023-12-04;"segunda-feira";"04:50:00";"PR";277;100;"CURITIBA";"Problema com o freio";"Incêndio";"Sem Vítimas";"Amanhecer";"Crescente";"Céu Claro";"Dupla";"Reta";"Sim";2;0;0;0;1;2;0;3;-25,43216167;-49,36918974;"SPRF-PR";"DEL01-PR";"UOP06-DEL01-PR"
565339;2023-12-04;"segunda-feira";"05:30:00";"BA";30;380;"BRUMADO";"Ausência de reação do condutor";"Saída de leito carroçável";"Com Vítimas Fatais";"Amanhecer";"Decrescente";"Céu Claro";"Simples";"Reta";"Não";1;1;0;0;0;0;0;1;-14,16755;-41,543319;"SPRF-BA";"DEL08-BA";"UOP01-DEL08-BA"
565342;2023-09-27;"quarta-feira";"16:28:00";"RJ";101;298,3;"ITABORAI";"Frear bruscamente";"Colisão traseira";"Com Vítimas Feridas";"Pleno dia";"Crescente";"Céu Claro";"Dupla";"Reta";"Sim";8;0;4;1;2;1;5;3;-22,7714;-42,92896;"SPRF-RJ";"DEL02-RJ";"UOP02-DEL02-RJ"
565349;2023-12-04;"segunda-feira";"06:15:00";"PR";487;1;"ALTO PARAISO";"Reação tardia ou ineficiente do condutor";"Saída de leito carroçável";"Sem Vítimas";"Amanhecer";"Crescente";"Garoa/Chuvisco";"Simples";"Reta;Declive";"Não";2;0;0;0;1;1;0;2;-23,348837;-53,799096;"SPRF-PR";"DEL06-PR";"UOP03-DEL06-PR"
565350;2023-12-04;"segunda-feira";"03:00:00";"SC";282;443,8;"PONTE SERRADA";"Condutor Dormindo";"Saída de leito carroçável";"Com Vítimas Feridas";"Plena Noite";"Crescente";"Chuva";"Simples";"Reta";"Não";2;0;1;0;0;1;1;2;-26,917578;-51,890999;"SPRF-SC";"DEL07-SC";"UOP04-DEL07-SC"
565358;2023-12-04;"segunda-feira";"07:20:00";"SC";470;134;"RIO DO SUL";"Acessar a via sem observar a presença dos outros veículos";"Colisão transversal";"Com Vítimas Feridas";"Pleno dia";"Decrescente";"Céu Claro";"Simples";"Reta";"Sim";3;0;1;0;1;1;1;3;-27,181854;-49,600128;"SPRF-SC";"DEL04-SC";"UOP02-DEL04-SC"
565359;2023-10-17;"terça-feira";"07:30:00";"RJ";40;124;"DUQUE DE CAXIAS";"Ausência de reação do condutor";"Capotamento";"Com Vítimas Feridas";"Pleno dia";"Decrescente";"Céu Claro";"Múltipla";"Reta";"Sim";3;0;1;0;1;1;1;3;-22,807953;-43,289124;"SPRF-RJ";"DEL01-RJ";"UOP02-DEL01-RJ"
565364;2023-12-04;"segunda-feira";"07:05:00";"MS";60;544;"NIOAQUE";"Animais na Pista";"Saída de leito carroçável";"Com Vítimas Feridas";"Pleno dia";"Crescente";"Chuva";"Simples";"Reta;Retorno Regulamentado";"Não";4;0;1;1;1;2;2;4;-21,16323392;-55,85639808;"SPRF-MS";"DEL05-MS";"UOP01-DEL05-MS"
565370;2023-12-04;"segunda-feira";"07:40:00";"ES";262;120;"CONCEICAO DO CASTELO";"Transitar na contramão";"Colisão frontal";"Com Vítimas Feridas";"Pleno dia";"Decrescente";"Céu Claro";"Simples";"Curva";"Não";4;0;2;0;1;1;2;3;-20,300399;-41,23049498;"SPRF-ES";"DEL01-ES";"UOP02-DEL01-ES"
565372;2023-12-04;"segunda-feira";"08:05:00";"PE";232;410;"SERRA TALHADA";"Acessar a via sem observar a presença dos outros veículos";"Colisão transversal";"Com Vítimas Feridas";"Pleno dia";"Crescente";"Céu Claro";"Simples";"Reta";"Sim";2;0;1;0;1;0;1;2;-7,98261841;-38,30039606;"SPRF-PE";"DEL04-PE";"UOP01-DEL04-PE"
565373;2023-12-04;"segunda-feira";"07:50:00";"PR";376;410,9;"TIBAGI";"Ausência de reação do condutor";"Colisão traseira";"Com Vítimas Feridas";"Pleno dia";"Crescente";"Nublado";"Simples";"Reta";"Sim";4;0;1;0;2;2;1;4;-24,66458786;-50,60469271;"SPRF-PR";"DEL03-PR";"UOP02-DEL03-PR"
565376;2023-12-04;"segunda-feira";"07:40:00";"PR";277;583,5;"CASCAVEL";"Conversão proibida";"Colisão traseira";"Com Vítimas Feridas";"Pleno dia";"Decrescente";"Nublado";"Dupla";"Reta";"Sim";4;0;1;0;2;5;1;8;-24,96953171;-53,39807337;"SPRF-PR";"DEL04-PR";"UOP01-DEL04-PR"
565378;2023-12-01;"sexta-feira";"01:00:00";"SC";101;87,9;"BARRA VELHA";"Acessar a via sem observar a presença dos outros veículos";"Colisão lateral mesmo sentido";"Com Vítimas Feridas";"Plena Noite";"Crescente";"Céu Claro";"Dupla";"Reta";"Não";3;0;1;0;2;0;1;3;-26,63713377;-48,69651057;"SPRF-SC";"DEL03-SC";"UOP02-DEL03-SC"
565380;2023-12-04;"segunda-feira";"08:50:00";"MG";381;3;"BETIM";"Condutor Dormindo";"Colisão traseira";"Sem Vítimas";"Pleno dia";"Crescente";"Céu Claro";"Dupla";"Reta";"Sim";3;0;0;0;2;1;0;3;-19,96825;-44,198708;"SPRF-MG";"DEL01-MG";"UOP03-DEL01-MG"
565388;2023-12-04;"segunda-feira";"07:15:00";"PR";277;68;"SAO JOSE DOS PINHAIS";"Manobra de mudança de faixa";"Colisão lateral mesmo sentido";"Com Vítimas Feridas";"Pleno dia";"Crescente";"Céu Claro";"Dupla";"Reta";"Sim";3;0;1;0;1;1;1;3;-25,54112281;-49,06183391;"SPRF-PR";"DEL01-PR";"UOP01-DEL01-PR"
565392;2023-12-01;"sexta-feira";"06:17:00";"SC";282;263;"SAO JOSE DO CERRITO";"Ausência de reação do condutor";"Saída de leito carroçável";"Com Vítimas Feridas";"Amanhecer";"Crescente";"Céu Claro";"Simples";"Curva";"Não";3;0;1;0;1;1;1;3;-27,623573;-50,632675;"SPRF-SC";"DEL05-SC";"UOP02-DEL05-SC"
565396;2023-12-04;"segunda-feira";"07:45:00";"PR";277;114;"CAMPO LARGO";"Reação tardia ou ineficiente do condutor";"Colisão traseira";"Sem Vítimas";"Pleno dia";"Crescente";"Céu Claro";"Dupla";"Reta";"Sim";2;0;0;0;2;0;0;2;-25,4447722;-49,4985308;"SPRF-PR";"DEL03-PR";"UOP03-DEL03-PR"
565398;2023-12-04;"segunda-feira";"08:54:00";"MT";163;827,6;"SINOP";"Manobra de mudança de faixa";"Colisão lateral mesmo sentido";"Com Vítimas Feridas";"Pleno dia";"Decrescente";"Céu Claro";"Simples";"Retorno Regulamentado";"Não";4;0;2;0;1;2;2;4;-11,93030926;-55,51328301;"SPRF-MT";"DEL06-MT";"UOP02-DEL06-MT"
565404;2023-12-04;"segunda-feira";"09:30:00";"SC";116;12;"MAFRA";"Demais falhas mecânicas ou elétricas";"Incêndio";"Sem Vítimas";"Pleno dia";"Decrescente";"Céu Claro";"Simples";"Reta";"Não";2;0;0;0;2;0;0;1;-26,17877859;-49,86720998;"SPRF-SC";"DEL06-SC";"UOP01-DEL06-SC"
565411;2023-12-04;"segunda-feira";"11:05:00";"PE";232;178;"BELO JARDIM";"Manobra de mudança de faixa";"Colisão transversal";"Com Vítimas Feridas";"Pleno dia";"Crescente";"Chuva";"Simples";"Reta";"Sim";4;0;1;0;3;0;1;3;-8,347448;-36,411818;"SPRF-PE";"DEL03-PE";"UOP02-DEL03-PE"
565415;2023-12-04;"segunda-feira";"09:00:00";"MG";153;44;"CANAPOLIS";"Chuva";"Saída de leito carroçável";"Com Vítimas Feridas";"Pleno dia";"Crescente";"Chuva";"Dupla";"Reta";"Não";3;0;1;0;1;1;1;3;-18,77297399;-49,07332603;"SPRF-MG";"DEL15-MG";"UOP03-DEL15-MG"
565417;2023-12-04;"segunda-feira";"11:10:00";"RJ";393;253;"BARRA DO PIRAI";"Ausência de reação do condutor";"Tombamento";"Sem Vítimas";"Pleno dia";"Crescente";"Céu Claro";"Simples";"Reta";"Não";2;0;0;0;1;2;0;3;-22,45331463;-43,81484985;"SPRF-RJ";"DEL05-RJ";"UOP04-DEL05-RJ"
565421;2023-12-04;"segunda-feira";"12:25:00";"PR";277;135,4;"BALSA NOVA";"Reação tardia ou ineficiente do condutor";"Colisão traseira";"Sem Vítimas";"Pleno dia";"Crescente";"Céu Claro";"Dupla";"Reta";"Não";5;0;0;0;4;1;0;3;-25,4705279;-49,6828094;"SPRF-PR";"DEL03-PR";"UOP03-DEL03-PR"
565423;2023-12-04;"segunda-feira";"09:20:00";"SC";116;59,8;"PAPANDUVA";"Velocidade Incompatível";"Tombamento";"Com Vítimas Feridas";"Pleno dia";"Crescente";"Sol";"Simples";"Interseção de Vias";"Não";3;0;0;1;1;2;1;4;-26,38172041;-50,21522284;"SPRF-SC";"DEL06-SC";"UOP02-DEL06-SC"
565424;2023-12-04;"segunda-feira";"12:20:00";"PR";277;3;"PARANAGUA";"Reação tardia ou ineficiente do condutor";"Colisão lateral mesmo sentido";"Com Vítimas Feridas";"Pleno dia";"Crescente";"Nublado";"Dupla";"Reta";"Sim";4;0;1;0;2;2;1;5;-25,527568;-48,527794;"SPRF-PR";"DEL01-PR";"UOP05-DEL01-PR"
565425;2023-12-04;"segunda-feira";"13:20:00";"MG";381;452,2;"SABARA";"Pedestre cruzava a pista fora da faixa";"Atropelamento de Pedestre";"Com Vítimas Fatais";"Pleno dia";"Decrescente";"Sol";"Simples";"Reta";"Sim";5;1;0;0;1;3;0;3;-19,83454;-43,85819;"SPRF-MG";"DEL01-MG";"UOP01-DEL01-MG"
565426;2023-12-04;"segunda-feira";"11:43:00";"PI";230;308;"FLORIANO";"Acessar a via sem observar a presença dos outros veículos";"Colisão lateral mesmo sentido";"Com Vítimas Feridas";"Pleno dia";"Decrescente";"Nublado";"Simples";"Reta";"Sim";2;0;1;0;1;0;1;2;-6,78159309;-43,00121707;"SPRF-PI";"DEL03-PI";"UOP01-DEL03-PI"
565431;2023-11-23;"quinta-feira";"05:40:00";"BA";101;288,2;"LAJE";"Velocidade Incompatível";"Tombamento";"Com Vítimas Feridas";"Pleno dia";"Crescente";"Sol";"Simples";"Ponte;Declive";"Sim";1;0;1;0;0;0;1;1;-13,28940931;-39,32989104;"SPRF-BA";"DEL01-BA";"UOP02-DEL01-BA"
565432;2023-12-04;"segunda-feira";"12:20:00";"MG";116;338,6;"CAMPANARIO";"Reação tardia ou ineficiente do condutor";"Saída de leito carroçável";"Com Vítimas Feridas";"Pleno dia";"Crescente";"Sol";"Simples";"Reta";"Não";2;0;0;1;0;1;1;2;-18,30303475;-41,75211841;"SPRF-MG";"DEL11-MG";"UOP01-DEL11-MG"
565440;2023-12-04;"segunda-feira";"04:50:00";"MG";262;760,7;"SACRAMENTO";"Condutor Dormindo";"Saída de leito carroçável";"Sem Vítimas";"Plena Noite";"Crescente";"Nublado";"Simples";"Reta";"Não";1;0;0;0;1;0;0;1;-19,66609066;-47,60151908;"SPRF-MG";"DEL13-MG";"UOP01-DEL13-MG"
565443;2023-12-04;"segunda-feira";"10:55:00";"PA";230;40;"SAO DOMINGOS DO ARAGUAIA";"Ausência de reação do condutor";"Colisão traseira";"Com Vítimas Feridas";"Pleno dia";"Crescente";"Céu Claro";"Simples";"Reta";"Não";2;0;1;0;1;0;1;2;-5,59522818;-48,47265506;"SPRF-PA";"DEL03-PA";"UOP01-DEL03-PA"
565446;2023-12-04;"segunda-feira";"14:15:00";"BA";116;758,1;"POCOES";"Ausência de reação do condutor";"Colisão lateral sentido oposto";"Com Vítimas Feridas";"Pleno dia";"Crescente";"Céu Claro";"Simples";"Reta";"Sim";3;0;1;0;1;1;1;3;-14,48268504;-40,33737489;"SPRF-BA";"DEL08-BA";"UOP02-DEL08-BA"