"id";"data_inversa";"dia_semana";"horario";"uf";"br";"km";"municipio";"causa_acidente";"tipo_acidente";"classificacao_acidente";"fase_dia";"sentido_via";"condicao_metereologica";"tipo_pista";"tracado_via";"uso_solo";"pessoas";"mortos";"feridos_leves";"feridos_graves";"ilesos";"ignorados";"feridos";"veiculos";"latitude";"longitude";"regional";"delegacia";"uop"
565447;2023-11-29;"quarta-feira";"16:15:00";"CE";20;365,1;"MARANGUAPE";"Transitar na contramão";"Colisão lateral sentido oposto";"Com Vítimas Feridas";"Pleno dia";"Crescente";"Céu Claro";"Simples";"Declive;Curva";"Não";3;0;1;0;1;1;1;3;-4,00204446;-38,95080295;"SPRF-CE";"DEL02-CE";"UOP01-DEL02-CE"
565448;2023-12-04;"segunda-feira";"14:40:00";"PR";476;328;"PAULO FRONTIN";"Condutor Dormindo";"Colisão frontal";"Com Vítimas Feridas";"Pleno dia";"Crescente";"Nublado";"Simples";"Reta";"Não";3;0;1;0;1;1;1;3;-26,100046;-50,797813;"SPRF-PR";"DEL02-PR";"UOP03-DEL02-PR"
565450;2023-12-04;"segunda-feira";"14:47:00";"ES";101;287,4;"CARIACICA";"Acessar a via sem observar a presença dos outros veículos";"Colisão traseira";"Com Vítimas Feridas";"Pleno dia";"Crescente";"Sol";"Dupla";"Reta";"Não";3;0;1;0;2;0;1;2;-20,26493528;-40,38471702;"SPRF-ES";"DEL01-ES";"UOP01-DEL01-ES"
565452;2023-12-04;"segunda-feira";"14:15:00";"PR";376;617;"SAO JOSE DOS PINHAIS";"Condutor deixou de manter distância do veículo da frente";"Colisão traseira";"Com Vítimas Feridas";"Pleno dia";"Decrescente";"Céu Claro";"Múltipla";"Curva";"Não";4;0;2;0;0;2;2;2;-25,58426494;-49,17618795;"SPRF-PR";"DEL01-PR";"UOP04-DEL01-PR"
565453;2023-12-04;"segunda-feira";"15:15:00";"RS";392;119,3;"CANGUCU";"Ausência de reação do condutor";"Tombamento";"Com Vítimas Feridas";"Pleno dia";"Decrescente";"Sol";"Simples";"Reta";"Não";2;0;1;0;0;2;1;3;-31,39884811;-52,68472032;"SPRF-RS";"DEL07-RS";"UOP01-DEL07-RS"
565455;2023-12-04;"segunda-feira";"14:30:00";"RS";386;179,4;"CARAZINHO";"Desrespeitar a preferência no cruzamento";"Colisão transversal";"Com Vítimas Feridas";"Pleno dia";"Decrescente";"Nublado";"Simples";"Reta";"Sim";5;0;1;0;4;0;1;2;-28,29756037;-52,74942756;"SPRF-RS";"DEL08-RS";"UOP01-DEL08-RS"
565461;2023-10-15;"domingo";"23:03:00";"CE";222;122;"ITAPAJE";"Acessar a via sem observar a presença dos outros veículos";"Colisão transversal";"Com Vítimas Fatais";"Plena Noite";"Decrescente";"Céu Claro";"Simples";"Reta";"Sim";4;1;2;0;1;0;2;2;-3,69938953;-39,57425626;"SPRF-CE";"DEL04-CE";"UOP03-DEL04-CE"
565475;2023-12-04;"segunda-feira";"11:45:00";"SC";470;191;"SALETE";"Velocidade Incompatível";"Saída de leito carroçável";"Com Vítimas Feridas";"Pleno dia";"Decrescente";"Nublado";"Simples";"Curva";"Não";1;0;0;1;0;0;1;1;-27;-50;"SPRF-SC";"DEL04-SC";"UOP02-DEL04-SC"
565489;2023-12-04;"segunda-feira";"07:30:00";"MG";381;228;"BELO ORIENTE";"Transitar na contramão";"Colisão frontal";"Com Vítimas Feridas";"Pleno dia";"Decrescente";"Céu Claro";"Simples";"Curva";"Não";2;0;1;0;1;0;1;2;-19,34371912;-42,43183775;"SPRF-MG";"DEL06-MG";"UOP01-DEL06-MG"
565492;2023-12-04;"segunda-feira";"16:00:00";"SC";101;397,5;"MARACAJA";"Reação tardia ou ineficiente do condutor";"Colisão traseira";"Com Vítimas Feridas";"Pleno dia";"Decrescente";"Chuva";"Múltipla";"Reta";"Não";2;0;1;0;0;1;1;2;-28,83036461;-49,41244828;"SPRF-SC";"DEL02-SC";"UOP02-DEL02-SC"
565495;2023-12-04;"segunda-feira";"18:00:00";"PR";376;303,8;"MAUA DA SERRA";"Problema com o freio";"Colisão lateral mesmo sentido";"Com Vítimas Feridas";"Anoitecer";"Crescente";"Nublado";"Dupla";"Declive;Curva";"Não";3;0;1;0;1;1;1;3;-23,9327502;-51,13754869;"SPRF-PR";"DEL07-PR";"UOP02-DEL07-PR"
565500;2023-12-04;"segunda-feira";"19:00:00";"MG";262;360,1;"BETIM";"Ingestão de álcool pelo condutor";"Colisão lateral mesmo sentido";"Sem Vítimas";"Plena Noite";"Crescente";"Nublado";"Dupla";"Curva;Aclive";"Não";2;0;0;0;2;0;0;2;-19,9830204;-44,20924834;"SPRF-MG";"DEL01-MG";"UOP03-DEL01-MG"
565503;2023-12-04;"segunda-feira";"17:40:00";"BA";135;129;"RIACHAO DAS NEVES";"Manobra de mudança de faixa";"Colisão lateral sentido oposto";"Com Vítimas Feridas";"Plena Noite";"Decrescente";"Céu Claro";"Simples";"Reta";"Não";3;0;2;0;0;1;2;3;-11,79072277;-44,88784176;"SPRF-BA";"DEL08-BA";"UOP04-DEL08-BA"
565504;2023-12-04;"segunda-feira";"15:00:00";"SP";116;142;"SAO JOSE DOS CAMPOS";"Demais falhas mecânicas ou elétricas";"Derramamento de carga";"Com Vítimas Fatais";"Pleno dia";"Crescente";"Céu Claro";"Dupla";"Reta";"Sim";1;1;0;0;0;0;0;1;-23,17426078;-45,82940111;"SPRF-SP";"DEL02-SP";"UOP01-DEL02-SP"
565507;2023-12-04;"segunda-feira";"18:30:00";"BA";101;877;"TEIXEIRA DE FREITAS";"Área urbana sem a presença de local apropriado para a travessia de pedestres";"Colisão transversal";"Com Vítimas Feridas";"Plena Noite";"Crescente";"Céu Claro";"Simples";"Reta";"Sim";2;0;0;1;1;0;1;2;-17,54420692;-39,71763611;"SPRF-BA";"DEL09-BA";"UOP02-DEL09-BA"
565515;2023-12-04;"segunda-feira";"15:45:00";"GO";153;658;"GOIATUBA";"Demais falhas mecânicas ou elétricas";"Incêndio";"Sem Vítimas";"Pleno dia";"Crescente";"Nublado";"Dupla";"Reta";"Não";2;0;0;0;1;2;0;3;-18,0366;-49,2665;"SPRF-GO";"DEL03-GO";"UOP01-DEL03-GO"
565516;2023-12-04;"segunda-feira";"17:55:00";"MG";365;829,3;"SANTA VITORIA";"Reação tardia ou ineficiente do condutor";"Colisão traseira";"Com Vítimas Feridas";"Anoitecer";"Decrescente";"Céu Claro";"Simples";"Reta";"Não";3;0;0;1;1;2;1;4;-18,89561374;-50,17694709;"SPRF-MG";"DEL15-MG";"UOP03-DEL15-MG"
565518;2023-12-04;"segunda-feira";"19:35:00";"PE";101;61;"RECIFE";"Reação tardia ou ineficiente do condutor";"Tombamento";"Com Vítimas Feridas";"Plena Noite";"Decrescente";"Chuva";"Dupla";"Reta";"Sim";2;0;0;1;1;0;1;2;-7,99097103;-34,93598295;"SPRF-PE";"DEL01-PE";"UOP02-DEL01-PE"
565526;2023-12-04;"segunda-feira";"17:00:00";"SC";470;223,4;"SAO CRISTOVAO DO SUL";"Velocidade Incompatível";"Saída de leito carroçável";"Com Vítimas Fatais";"Pleno dia";"Crescente";"Chuva";"Simples";"Reta;Aclive";"Não";3;2;0;0;1;0;0;2;-27,319908;-50,336388;"SPRF-SC";"DEL05-SC";"UOP03-DEL05-SC"
565531;2023-12-04;"segunda-feira";"19:50:00";"GO";40;54,3;"LUZIANIA";"Iluminação deficiente";"Colisão traseira";"Com Vítimas Feridas";"Plena Noite";"Decrescente";"Nublado";"Dupla";"Reta;Aclive";"Não";2;0;0;1;1;0;1;2;-16,476451;-47,811164;"SPRF-DF";"DEL01-DF";"UOP02-DEL01-DF"
565537;2023-12-04;"segunda-feira";"22:30:00";"PE";101;74;"RECIFE";"Trafegar com motocicleta (ou similar) entre as faixas";"Colisão lateral mesmo sentido";"Com Vítimas Feridas";"Plena Noite";"Decrescente";"Céu Claro";"Dupla";"Reta";"Sim";4;0;2;0;1;2;2;4;-8,10146485;-34,94901577;"SPRF-PE";"DEL01-PE";"UOP01-DEL01-PE"
565540;2023-12-04;"segunda-feira";"17:25:00";"TO";153;505,2;"PARAISO DO TOCANTINS";"Velocidade Incompatível";"Saída de leito carroçável";"Com Vítimas Feridas";"Anoitecer";"Crescente";"Nublado";"Simples";"Declive";"Não";3;0;2;0;1;0;2;2;-10,24545334;-48,878172;"SPRF-TO";"DEL01-TO";"UOP01-DEL01-TO"
565543;2023-12-04;"segunda-feira";"22:15:00";"PR";476;213;"LAPA";"Chuva";"Tombamento";"Com Vítimas Feridas";"Plena Noite";"Crescente";"Chuva";"Simples";"Curva";"Não";2;0;0;1;0;1;1;2;-25,779312;-49,875546;"SPRF-PR";"DEL01-PR";"UOP06-DEL01-PR"
565544;2023-12-04;"segunda-feira";"22:23:00";"PR";376;622;"SAO JOSE DOS PINHAIS";"Objeto estático sobre o leito carroçável";"Colisão com objeto";"Com Vítimas Feridas";"Plena Noite";"Decrescente";"Céu Claro";"Dupla";"Reta";"Não";2;0;0;1;1;0;1;2;-25,62623389;-49,16547575;"SPRF-PR";"DEL01-PR";"UOP04-DEL01-PR"
565546;2023-12-04;"segunda-feira";"23:39:00";"PR";116;65,4;"CAMPINA GRANDE DO SUL";"Pista Escorregadia";"Engavetamento";"Com Vítimas Feridas";"Plena Noite";"Crescente";"Nevoeiro/Neblina";"Dupla";"Reta";"Não";8;0;1;0;5;2;1;6;-25,31086039;-49,00520325;"SPRF-PR";"DEL01-PR";"UOP02-DEL01-PR"
565548;2023-12-04;"segunda-feira";"23:24:00";"PE";408;55;"NAZARE DA MATA";"Ultrapassagem Indevida";"Colisão frontal";"Com Vítimas Feridas";"Plena Noite";"Decrescente";"Céu Claro";"Simples";"Reta;Declive";"Não";4;0;2;1;1;0;3;2;-7,77176315;-35,23566726;"SPRF-PE";"DEL01-PE";"UOP01-DEL01-PE"
565550;2023-12-04;"segunda-feira";"20:50:00";"MS";262;579;"MIRANDA";"Demais falhas mecânicas ou elétricas";"Incêndio";"Sem Vítimas";"Plena Noite";"Crescente";"Céu Claro";"Simples";"Reta";"Sim";2;0;0;0;1;1;0;2;-20,1677895;-56,55626721;"SPRF-MS";"DEL03-MS";"UOP02-DEL03-MS"
565551;2023-12-04;"segunda-feira";"18:30:00";"MG";153;6;"ARAPORA";"Reação tardia ou ineficiente do condutor";"Saída de leito carroçável";"Com Vítimas Feridas";"Anoitecer";"Decrescente";"Céu Claro";"Dupla";"Reta";"Não";2;0;0;1;0;1;1;2;-18,469534;-49,18824998;"SPRF-MG";"DEL15-MG";"UOP03-DEL15-MG"
565552;2023-12-04;"segunda-feira";"22:30:00";"MT";163;684;"LUCAS DO RIO VERDE";"Ausência de reação do condutor";"Colisão traseira";"Sem Vítimas";"Plena Noite";"Decrescente";"Chuva";"Simples";"Reta";"Não";2;0;0;0;1;1;0;2;-13,20814904;-55,99714391;"SPRF-MT";"DEL06-MT";"UOP01-DEL06-MT"
565553;2023-12-04;"segunda-feira";"23:10:00";"PR";153;498,6;"GENERAL CARNEIRO";"Reação tardia ou ineficiente do condutor";"Tombamento";"Com Vítimas Feridas";"Plena Noite";"Decrescente";"Garoa/Chuvisco";"Simples";"Curva;Ponte";"Não";2;0;1;0;0;2;1;3;-26,48317126;-51,33231282;"SPRF-PR";"DEL02-PR";"UOP03-DEL02-PR"
565554;2023-12-05;"terça-feira";"01:10:00";"RJ";393;274,2;"BARRA DO PIRAI";"Velocidade Incompatível";"Colisão lateral sentido oposto";"Sem Vítimas";"Plena Noite";"Decrescente";"Nublado";"Simples";"Curva;Declive";"Não";2;0;0;0;1;1;0;2;-22,47385801;-43,99440765;"SPRF-RJ";"DEL05-RJ";"UOP04-DEL05-RJ"
565555;2023-12-05;"terça-feira";"02:00:00";"SP";116;551;"BARRA DO TURVO";"Reação tardia ou ineficiente do condutor";"Colisão com objeto";"Com Vítimas Feridas";"Plena Noite";"Crescente";"Nublado";"Simples";"Curva";"Não";1;0;1;0;0;0;1;1;-24,96100521;-48,47172494;"SPRF-SP";"DEL05-SP";"UOP02-DEL05-SP"
565560;2023-12-05;"terça-feira";"04:20:00";"PA";316;102,6;"SANTA MARIA DO PARA";"Velocidade Incompatível";"Tombamento";"Com Vítimas Feridas";"Amanhecer";"Decrescente";"Céu Claro";"Simples";"Curva";"Sim";3;0;2;0;0;2;2;3;-1,33808348;-47,58656009;"SPRF-PA";"DEL01-PA";"UOP02-DEL01-PA"
565561;2023-12-05;"terça-feira";"04:40:00";"ES";101;38;"CONCEICAO DA BARRA";"Reação tardia ou ineficiente do condutor";"Tombamento";"Com Vítimas Feridas";"Amanhecer";"Crescente";"Céu Claro";"Simples";"Reta";"Não";2;0;1;0;0;3;1;4;-18,48261;-39,92379;"SPRF-ES";"DEL04-ES";"UOP02-DEL04-ES"
565562;2023-12-05;"terça-feira";"04:40:00";"SC";101;255,5;"PAULO LOPES";"Demais falhas mecânicas ou elétricas";"Tombamento";"Com Vítimas Feridas";"Amanhecer";"Decrescente";"Chuva";"Simples";"Curva;Declive";"Não";2;0;1;0;0;1;1;2;-27,98242299;-48,67898469;"SPRF-SC";"DEL02-SC";"UOP03-DEL02-SC"
565567;2023-12-04;"segunda-feira";"17:00:00";"PE";407;126;"PETROLINA";"Condutor deixou de manter distância do veículo da frente";"Colisão lateral mesmo sentido";"Sem Vítimas";"Pleno dia";"Decrescente";"Céu Claro";"Dupla";"Rotatória;Interseção de Vias;Em Obras";"Sim";2;0;0;0;2;0;0;2;-9,38491309;-40,52809509;"SPRF-PE";"DEL06-PE";"UOP01-DEL06-PE"
565568;2023-12-04;"segunda-feira";"23:30:00";"PR";376;220;"JANDAIA DO SUL";"Ausência de reação do condutor";"Saída de leito carroçável";"Com Vítimas Feridas";"Plena Noite";"Decrescente";"Céu Claro";"Dupla";"Curva;Aclive";"Não";2;0;1;0;0;1;1;2;-23,60241541;-51,59826198;"SPRF-PR";"DEL09-PR";"UOP01-DEL09-PR"
565583;2023-12-05;"terça-feira";"05:50:00";"SP";116;469;"JACUPIRANGA";"Ausência de reação do condutor";"Colisão traseira";"Com Vítimas Feridas";"Amanhecer";"Crescente";"Céu Claro";"Dupla";"Reta";"Não";2;0;1;0;1;0;1;2;-24,65247192;-47,95005601;"SPRF-SP";"DEL05-SP";"UOP01-DEL05-SP"
565589;2023-12-05;"terça-feira";"07:49:00";"DF";70;13;"BRASILIA";"Manobra de mudança de faixa";"Saída de leito carroçável";"Com Vítimas Feridas";"Pleno dia";"Decrescente";"Céu Claro";"Múltipla";"Reta";"Não";3;0;1;0;1;1;1;3;-15,794558;-48,166584;"SPRF-DF";"DEL03-DF";"UOP02-DEL03-DF"
565592;2023-12-05;"terça-feira";"04:20:00";"RJ";465;16;"NOVA IGUACU";"Ausência de reação do condutor";"Colisão traseira";"Com Vítimas Feridas";"Plena Noite";"Crescente";"Céu Claro";"Simples";"Reta";"Sim";2;0;1;0;1;0;1;2;-22,815538;-43,624565;"SPRF-RJ";"DEL06-RJ";"UOP02-DEL06-RJ"
565598;2023-12-05;"terça-feira";"07:00:00";"MG";262;688,5;"ARAXA";"Ultrapassagem Indevida";"Colisão frontal";"Com Vítimas Feridas";"Pleno dia";"Decrescente";"Sol";"Simples";"Curva;Declive";"Não";3;0;0;1;1;1;1;3;-19,55024702;-46,95718398;"SPRF-MG";"DEL08-MG";"UOP01-DEL08-MG"
565599;2023-12-05;"terça-feira";"08:05:00";"PR";153;39,9;"SANTO ANTONIO DA PLATINA";"Reação tardia ou ineficiente do condutor";"Saída de leito carroçável";"Sem Vítimas";"Pleno dia";"Crescente";"Céu Claro";"Simples";"Rotatória";"Não";3;0;0;0;2;2;0;4;-23,27978754;-50,05598545;"SPRF-PR";"DEL07-PR";"UOP04-DEL07-PR"
565600;2023-12-05;"terça-feira";"06:00:00";"RO";364;675;"CANDEIAS DO JAMARI";"Condutor Dormindo";"Saída de leito carroçável";"Com Vítimas Feridas";"Pleno dia";"Crescente";"Céu Claro";"Simples";"Reta";"Não";2;0;1;0;0;2;1;3;-8,78080028;-63,54351197;"SPRF-RO";"DEL01-RO";"UOP01-DEL01-RO"
565603;2023-09-04;"segunda-feira";"19:30:00";"RS";285;485,5;"ENTRE-IJUIS";"Ausência de reação do condutor";"Saída de leito carroçável";"Com Vítimas Feridas";"Plena Noite";"Crescente";"Garoa/Chuvisco";"Simples";"Declive;Curva";"Não";2;0;1;0;0;1;1;2;-28,372606;-54,147831;"SPRF-RS";"DEL10-RS";"UOP01-DEL10-RS"
565604;2023-12-05;"terça-feira";"08:50:00";"SC";101;119,2;"ITAJAI";"Trafegar com motocicleta (ou similar) entre as faixas";"Colisão lateral mesmo sentido";"Com Vítimas Fatais";"Pleno dia";"Crescente";"Nublado";"Múltipla";"Reta";"Sim";4;1;0;0;2;1;0;4;-26,9066693;-48,7145374;"SPRF-SC";"DEL04-SC";"UOP04-DEL04-SC"
565605;2023-12-05;"terça-feira";"09:30:00";"MG";381;735,5;"CARMO DA CACHOEIRA";"Ausência de reação do condutor";"Colisão traseira";"Com Vítimas Feridas";"Pleno dia";"Crescente";"Céu Claro";"Múltipla";"Reta";"Não";2;0;1;0;1;0;1;2;-21,57989599;-45,23993582;"SPRF-MG";"DEL16-MG";"UOP02-DEL16-MG"
565608;2023-12-05;"terça-feira";"08:10:00";"RS";116;49,9;"VACARIA";"Velocidade Incompatível";"Tombamento";"Com Vítimas Feridas";"Pleno dia";"Decrescente";"Nublado";"Simples";"Aclive;Curva";"Não";2;0;1;0;0;1;1;2;-28,56891356;-51,00387124;"SPRF-RS";"DEL05-RS";"UOP03-DEL05-RS"
565613;2023-11-29;"quarta-feira";"21:55:00";"CE";20;263,8;"ITATIRA";"Reação tardia ou ineficiente do condutor";"Colisão traseira";"Com Vítimas Feridas";"Plena Noite";"Decrescente";"Céu Claro";"Simples";"Reta";"Sim";29;0;17;6;4;2;23;3;-4,69423255;-39,44310183;"SPRF-CE";"DEL02-CE";"UOP01-DEL02-CE"
565615;2023-12-05;"terça-feira";"10:20:00";"RS";290;97;"PORTO ALEGRE";"Velocidade Incompatível";"Colisão traseira";"Com Vítimas Feridas";"Pleno dia";"Decrescente";"Céu Claro";"Dupla";"Reta";"Não";5;0;1;0;2;3;1;5;-29,997789;-51,20779;"SPRF-RS";"DEL01-RS";"UOP01-DEL01-RS"
565621;2023-12-05;"terça-feira";"09:35:00";"MG";381;942;"EXTREMA";"Velocidade Incompatível";"Colisão traseira";"Com Vítimas Feridas";"Pleno dia";"Crescente";"Nublado";"Dupla";"Reta;Declive";"Não";2;0;1;0;1;0;1;2;-22,83757874;-46,32762909;"SPRF-MG";"DEL16-MG";"UOP03-DEL16-MG"
565624;2023-12-05;"terça-feira";"11:20:00";"RS";470;173,4;"VERANOPOLIS";"Desrespeitar a preferência no cruzamento";"Colisão transversal";"Com Vítimas Feridas";"Pleno dia";"Crescente";"Nublado";"Simples";"Reta;Interseção de Vias";"Não";3;0;1;0;1;1;1;3;-28,90929762;-51,54545367;"SPRF-RS";"DEL06-RS";"UOP02-DEL06-RS"
565629;2023-12-05;"terça-feira";"09:40:00";"MT";163;583;"NOVA MUTUM";"Acostamento em desnível";"Saída de leito carroçável";"Com Vítimas Feridas";"Pleno dia";"Decrescente";"Nublado";"Simples";"Reta;Declive";"Não";2;0;1;0;0;2;1;3;-14,05793518;-56,09856364;"SPRF-MT";"DEL01-MT";"UOP01-DEL01-MT"
565632;2023-12-05;"terça-feira";"08:30:00";"MG";267;28,3;"ARGIRITA";"Demais falhas mecânicas ou elétricas";"Saída de leito carroçável";"Com Vítimas Feridas";"Pleno dia";"Decrescente";"Sol";"Simples";"Declive;Curva";"Não";2;0;1;0;0;1;1;2;-21,62799078;-42,83040926;"SPRF-MG";"DEL07-MG";"UOP01-DEL07-MG"
565638;2023-12-05;"terça-feira";"11:38:00";"SP";116;100,9;"PINDAMONHANGABA";"Condutor deixou de manter distância do veículo da frente";"Colisão traseira";"Com Vítimas Feridas";"Pleno dia";"Crescente";"Sol";"Dupla";"Reta";"Não";2;0;1;0;0;1;1;2;-22,986552;-45,47276;"SPRF-SP";"DEL08-SP";"UOP01-DEL08-SP"
565647;2023-12-05;"terça-feira";"06:00:00";"MT";163;573,1;"NOVA MUTUM";"Pista Escorregadia";"Saída de leito carroçável";"Com Vítimas Feridas";"Amanhecer";"Decrescente";"Chuva";"Simples";"Reta";"Não";2;0;0;1;0;1;1;2;-14,04133902;-56,09653473;"SPRF-MT";"DEL01-MT";"UOP01-DEL01-MT"
565648;2023-12-05;"terça-feira";"13:20:00";"SC";282;216,9;"LAGES";"Desrespeitar a preferência no cruzamento";"Colisão transversal";"Com Vítimas Feridas";"Pleno dia";"Decrescente";"Nublado";"Simples";"Rotatória;Viaduto";"Sim";5;0;1;0;3;1;1;3;-27,797529;-50,291862;"SPRF-SC";"DEL05-SC";"UOP01-DEL05-SC"
565655;2023-12-05;"terça-feira";"13:00:00";"SC";282;425;"VARGEM BONITA";"Manobra de mudança de faixa";"Saída de leito carroçável";"Com Vítimas Feridas";"Pleno dia";"Crescente";"Céu Claro";"Simples";"Curva;Aclive";"Não";1;0;1;0;0;0;1;1;-26,983568;-51,754314;"SPRF-SC";"DEL07-SC";"UOP05-DEL07-SC"
565657;2023-12-05;"terça-feira";"14:20:00";"SC";470;41,2;"GASPAR";"Ausência de reação do condutor";"Colisão traseira";"Com Vítimas Feridas";"Pleno dia";"Decrescente";"Nublado";"Dupla";"Em Obras;Reta";"Não";6;0;0;1;4;1;1;6;-26,882343;-48,996975;"SPRF-SC";"DEL04-SC";"UOP01-DEL04-SC"
565658;2023-12-05;"terça-feira";"11:30:00";"BA";242;441;"SEABRA";"Conversão proibida";"Colisão traseira";"Com Vítimas Feridas";"Pleno dia";"Crescente";"Céu Claro";"Simples";"Reta;Declive";"Não";4;0;2;0;1;2;2;4;-12,42394405;-41,98984495;"SPRF-BA";"DEL06-BA";"UOP01-DEL06-BA"
565663;2023-12-05;"terça-feira";"15:15:00";"RS";392;111,6;"CANGUCU";"Carga excessiva e/ou mal acondicionada";"Colisão com objeto";"Com Vítimas Feridas";"Pleno dia";"Crescente";"Céu Claro";"Simples";"Reta";"Não";3;0;0;1;2;0;1;2;-31,45435717;-52,63814131;"SPRF-RS";"DEL07-RS";"UOP01-DEL07-RS"
565666;2023-12-05;"terça-feira";"14:24:00";"PE";101;114,9;"ESCADA";"Reação tardia ou ineficiente do condutor";"Colisão com objeto";"Com Vítimas Feridas";"Pleno dia";"Crescente";"Céu Claro";"Dupla";"Reta";"Não";2;0;0;1;0;1;1;2;-8,33783596;-35,14164006;"SPRF-PE";"DEL01-PE";"UOP03-DEL01-PE"
565670;2023-12-05;"terça-feira";"16:15:00";"SC";101;149;"ITAPEMA";"Reação tardia ou ineficiente do condutor";"Colisão traseira";"Com Vítimas Feridas";"Pleno dia";"Decrescente";"Nublado";"Múltipla";"Reta";"Sim";2;0;1;0;1;0;1;2;-27,1089649;-48,61277586;"SPRF-SC";"DEL04-SC";"UOP03-DEL04-SC"
565672;2023-12-05;"terça-feira";"15:00:00";"PA";316;99;"SANTA MARIA DO PARA";"Transitar na contramão";"Colisão lateral sentido oposto";"Com Vítimas Feridas";"Pleno dia";"Crescente";"Chuva";"Simples";"Aclive";"Não";3;0;1;0;1;2;1;4;-1,33342734;-47,61283806;"SPRF-PA";"DEL01-PA";"UOP02-DEL01-PA"
565677;2023-12-05;"terça-feira";"12:38:00";"PR";369;508;"CASCAVEL";"Acessar a via sem observar a presença dos outros veículos";"Colisão lateral mesmo sentido";"Sem Vítimas";"Pleno dia";"Crescente";"Céu Claro";"Simples";"Declive";"Sim";3;0;0;0;2;2;0;4;-24,844;-53,3169;"SPRF-PR";"DEL04-PR";"UOP01-DEL04-PR"
565679;2023-12-05;"terça-feira";"16:00:00";"MG";459;66;"SENADOR JOSE BENTO";"Estacionar ou parar em local proibido";"Colisão traseira";"Com Vítimas Feridas";"Pleno dia";"Decrescente";"Nublado";"Simples";"Curva;Declive";"Não";2;0;1;0;1;0;1;2;-22,123672;-46,181252;"SPRF-MG";"DEL09-MG";"UOP01-DEL09-MG"
565690;2023-12-05;"terça-feira";"16:45:00";"PR";369;152;"LONDRINA";"Trafegar com motocicleta (ou similar) entre as faixas";"Colisão lateral mesmo sentido";"Com Vítimas Feridas";"Pleno dia";"Crescente";"Céu Claro";"Dupla";"Interseção de Vias;Reta";"Sim";3;0;1;0;1;1;1;3;-23,2925708;-51,1639908;"SPRF-PR";"DEL07-PR";"UOP01-DEL07-PR"
565694;2023-12-05;"terça-feira";"18:00:00";"PR";272;367,9;"CAMPO MOURAO";"Manobra de mudança de faixa";"Colisão lateral mesmo sentido";"Com Vítimas Feridas";"Pleno dia";"Crescente";"Nublado";"Dupla";"Reta";"Sim";2;0;1;0;1;0;1;2;-24,05063682;-52,40169964;"SPRF-PR";"DEL09-PR";"UOP03-DEL09-PR"
565711;2023-12-05;"terça-feira";"17:10:00";"MT";364;278;"JACIARA";"Problema com o freio";"Tombamento";"Sem Vítimas";"Pleno dia";"Decrescente";"Nublado";"Dupla";"Reta";"Não";2;0;0;0;1;3;0;4;-15,94550399;-55,00613199;"SPRF-MT";"DEL05-MT";"UOP02-DEL05-MT"
565713;2023-12-05;"terça-feira";"18:40:00";"BA";324;519;"FEIRA DE SANTANA";"Reação tardia ou ineficiente do condutor";"Colisão traseira";"Com Vítimas Feridas";"Plena Noite";"Decrescente";"Céu Claro";"Dupla";"Reta";"Sim";4;0;1;0;2;1;1;4;-12,27858413;-38,92698331;"SPRF-BA";"DEL02-BA";"UOP01-DEL02-BA"
565714;2023-12-05;"terça-feira";"13:35:00";"MG";116;633,8;"DIVINO";"Pista Escorregadia";"Colisão lateral sentido oposto";"Com Vítimas Feridas";"Pleno dia";"Crescente";"Chuva";"Simples";"Curva";"Não";2;0;1;0;1;0;1;2;-20,61019609;-42,21031063;"SPRF-MG";"DEL07-MG";"UOP02-DEL07-MG"
565726;2023-12-05;"terça-feira";"17:35:00";"SP";116;512;"CAJATI";"Reação tardia ou ineficiente do condutor";"Colisão com objeto";"Com Vítimas Feridas";"Pleno dia";"Decrescente";"Céu Claro";"Simples";"Curva;Declive";"Não";2;0;1;0;0;2;1;3;-24,84304306;-48,22027915;"SPRF-SP";"DEL05-SP";"UOP02-DEL05-SP"
565727;2023-12-05;"terça-feira";"19:10:00";"SC";101;121,4;"ITAJAI";"Condutor deixou de manter distância do veículo da frente";"Colisão traseira";"Com Vítimas Fatais";"Plena Noite";"Decrescente";"Chuva";"Múltipla";"Reta";"Sim";4;1;0;1;1;1;1;3;-26,9244208;-48,7070296;"SPRF-SC";"DEL04-SC";"UOP04-DEL04-SC"
565730;2023-12-05;"terça-feira";"17:30:00";"MG";40;523;"CONTAGEM";"Ausência de reação do condutor";"Colisão transversal";"Com Vítimas Feridas";"Pleno dia";"Crescente";"Nublado";"Dupla";"Reta";"Não";4;0;0;2;1;1;2;3;-19,86874894;-44,05962197;"SPRF-MG";"DEL01-MG";"UOP02-DEL01-MG"
565734;2023-12-05;"terça-feira";"14:30:00";"ES";101;343;"GUARAPARI";"Velocidade Incompatível";"Tombamento";"Com Vítimas Feridas";"Pleno dia";"Crescente";"Céu Claro";"Dupla";"Curva";"Não";2;0;1;0;0;1;1;2;-20,66191662;-40,59045821;"SPRF-ES";"DEL03-ES";"UOP01-DEL03-ES"
565738;2023-12-05;"terça-feira";"20:30:00";"MG";153;246,1;"FRONTEIRA";"Velocidade Incompatível";"Colisão lateral sentido oposto";"Com Vítimas Feridas";"Plena Noite";"Crescente";"Nublado";"Simples";"Declive";"Não";7;0;1;2;3;1;3;5;-20,29847332;-49,20614844;"SPRF-MG";"DEL13-MG";"UOP02-DEL13-MG"