"id";"data_inversa";"dia_semana";"horario";"uf";"br";"km";"municipio";"causa_acidente";"tipo_acidente";"classificacao_acidente";"fase_dia";"sentido_via";"condicao_metereologica";"tipo_pista";"tracado_via";"uso_solo";"pessoas";"mortos";"feridos_leves";"feridos_graves";"ilesos";"ignorados";"feridos";"veiculos";"latitude";"longitude";"regional";"delegacia";"uop"
565744;2023-12-05;"terça-feira";"21:50:00";"RS";386;165;"ALMIRANTE TAMANDARE DO SUL";"Manobra de mudança de faixa";"Colisão lateral mesmo sentido";"Com Vítimas Feridas";"Plena Noite";"Decrescente";"Garoa/Chuvisco";"Dupla";"Reta";"Não";2;0;1;0;1;0;1;2;-28,197134;-52,827736;"SPRF-RS";"DEL08-RS";"UOP01-DEL08-RS"
565745;2023-12-05;"terça-feira";"21:10:00";"SC";116;218,6;"CORREIA PINTO";"Acessar a via sem observar a presença dos outros veículos";"Colisão transversal";"Com Vítimas Feridas";"Plena Noite";"Crescente";"Nublado";"Simples";"Reta";"Não";3;0;1;0;2;0;1;2;-27,56588448;-50,37463188;"SPRF-SC";"DEL05-SC";"UOP03-DEL05-SC"
565751;2023-12-05;"terça-feira";"18:40:00";"PA";222;23;"DOM ELISEU";"Manobra de mudança de faixa";"Colisão lateral sentido oposto";"Com Vítimas Fatais";"Plena Noite";"Decrescente";"Céu Claro";"Simples";"Reta;Declive";"Sim";3;1;0;0;1;1;0;3;-4,306424;-47,600319;"SPRF-PA";"DEL02-PA";"UOP02-DEL02-PA"
565753;2023-12-05;"terça-feira";"23:50:00";"MG";40;469,6;"SETE LAGOAS";"Frear bruscamente";"Colisão traseira";"Com Vítimas Feridas";"Plena Noite";"Crescente";"Céu Claro";"Dupla";"Curva";"Não";3;0;1;0;1;1;1;3;-19,46389;-44,297415;"SPRF-MG";"DEL02-MG";"UOP01-DEL02-MG"
565754;2023-12-05;"terça-feira";"22:05:00";"MT";163;834,7;"SINOP";"Velocidade Incompatível";"Tombamento";"Com Vítimas Feridas";"Plena Noite";"Decrescente";"Nublado";"Dupla";"Rotatória";"Sim";2;0;1;0;0;1;1;2;-11,866;-55,496;"SPRF-MT";"DEL06-MT";"UOP02-DEL06-MT"
565755;2023-12-06;"quarta-feira";"00:15:00";"MG";381;581,5;"CARMOPOLIS DE MINAS";"Pedestre andava na pista";"Atropelamento de Pedestre";"Com Vítimas Fatais";"Plena Noite";"Crescente";"Nublado";"Dupla";"Curva;Declive";"Não";2;1;0;0;0;1;0;2;-20,4912657;-44,60226059;"SPRF-MG";"DEL04-MG";"UOP01-DEL04-MG"
565757;2023-12-05;"terça-feira";"22:45:00";"MT";364;198;"RONDONOPOLIS";"Reação tardia ou ineficiente do condutor";"Colisão lateral sentido oposto";"Com Vítimas Feridas";"Plena Noite";"Crescente";"Céu Claro";"Simples";"Curva";"Sim";3;0;0;1;1;3;1;5;-16,50621198;-54,62294799;"SPRF-MT";"DEL02-MT";"UOP01-DEL02-MT"
565761;2023-12-06;"quarta-feira";"00:50:00";"SC";101;210,5;"SAO JOSE";"Reação tardia ou ineficiente do condutor";"Colisão lateral mesmo sentido";"Com Vítimas Feridas";"Plena Noite";"Crescente";"Garoa/Chuvisco";"Múltipla";"Reta";"Não";3;0;1;0;1;1;1;3;-27,6167305;-48,6457265;"SPRF-SC";"DEL01-SC";"UOP01-DEL01-SC"
565764;2023-12-05;"terça-feira";"23:25:00";"SP";116;486;"CAJATI";"Reação tardia ou ineficiente do condutor";"Engavetamento";"Com Vítimas Feridas";"Plena Noite";"Decrescente";"Céu Claro";"Dupla";"Reta";"Sim";6;0;2;1;2;7;3;11;-24,7217453;-48,08178493;"SPRF-SP";"DEL05-SP";"UOP01-DEL05-SP"
565765;2023-12-06;"quarta-feira";"00:30:00";"RJ";393;273;"BARRA DO PIRAI";"Chuva";"Colisão traseira";"Com Vítimas Feridas";"Plena Noite";"Decrescente";"Chuva";"Simples";"Curva";"Não";4;0;1;0;2;1;1;3;-22,47847848;-43,951253;"SPRF-RJ";"DEL05-RJ";"UOP04-DEL05-RJ"
565767;2023-12-06;"quarta-feira";"01:46:00";"PR";277;11;"PARANAGUA";"Reação tardia ou ineficiente do condutor";"Saída de leito carroçável";"Sem Vítimas";"Plena Noite";"Crescente";"Nublado";"Dupla";"Reta;Retorno Regulamentado";"Não";2;0;0;0;1;1;0;2;-25,56285541;-48,63821268;"SPRF-PR";"DEL01-PR";"UOP05-DEL01-PR"
565770;2023-12-06;"quarta-feira";"03:00:00";"RS";290;26,1;"SANTO ANTONIO DA PATRULHA";"Condutor Dormindo";"Colisão com objeto";"Com Vítimas Feridas";"Plena Noite";"Decrescente";"Nublado";"Dupla";"Reta";"Não";2;0;1;0;0;1;1;2;-29,880135;-50,514297;"SPRF-RS";"DEL03-RS";"UOP01-DEL03-RS"
565773;2023-12-06;"quarta-feira";"04:40:00";"MS";163;290;"DOURADINA";"Reação tardia ou ineficiente do condutor";"Saída de leito carroçável";"Com Vítimas Feridas";"Amanhecer";"Crescente";"Céu Claro";"Simples";"Rotatória";"Não";2;0;1;0;0;1;1;2;-22,06680559;-54,56088892;"SPRF-MS";"DEL04-MS";"UOP01-DEL04-MS"
565774;2023-12-06;"quarta-feira";"04:20:00";"SC";101;43,7;"JOINVILLE";"Manobra de mudança de faixa";"Colisão lateral mesmo sentido";"Com Vítimas Feridas";"Amanhecer";"Decrescente";"Chuva";"Dupla";"Curva;Aclive";"Sim";2;0;1;0;1;0;1;2;-26,30357106;-48,88225609;"SPRF-SC";"DEL03-SC";"UOP01-DEL03-SC"
565775;2023-12-06;"quarta-feira";"04:00:00";"MG";381;508,2;"SAO JOAQUIM DE BICAS";"Chuva";"Tombamento";"Com Vítimas Feridas";"Plena Noite";"Decrescente";"Chuva";"Dupla";"Curva";"Sim";3;0;0;1;2;0;1;3;-20,04479248;-44,27260399;"SPRF-MG";"DEL01-MG";"UOP03-DEL01-MG"
565777;2023-12-05;"terça-feira";"15:35:00";"GO";452;62,3;"MAURILANDIA";"Velocidade Incompatível";"Tombamento";"Com Vítimas Feridas";"Pleno dia";"Crescente";"Céu Claro";"Simples";"Curva;Declive;Ponte";"Não";2;0;1;0;0;2;1;3;-18,00277434;-50,37385941;"SPRF-GO";"DEL04-GO";"UOP01-DEL04-GO"
565781;2023-12-05;"terça-feira";"20:15:00";"CE";116;366,5;"ICO";"Demais falhas mecânicas ou elétricas";"Incêndio";"Sem Vítimas";"Plena Noite";"Crescente";"Céu Claro";"Simples";"Reta";"Não";2;0;0;0;1;1;0;2;-6,34723901;-38,77029294;"SPRF-CE";"DEL05-CE";"UOP01-DEL05-CE"
565782;2023-10-10;"terça-feira";"19:49:00";"PB";101;89,9;"JOAO PESSOA";"Ausência de reação do condutor";"Colisão transversal";"Com Vítimas Feridas";"Plena Noite";"Crescente";"Céu Claro";"Múltipla";"Reta;Retorno Regulamentado;Interseção de Vias";"Sim";4;0;1;1;1;1;2;3;-7,1710694;-34,89765372;"SPRF-PB";"DEL01-PB";"UOP02-DEL01-PB"
565783;2023-12-06;"quarta-feira";"06:20:00";"PE";101;51,4;"PAULISTA";"Reação tardia ou ineficiente do condutor";"Colisão lateral mesmo sentido";"Com Vítimas Feridas";"Pleno dia";"Crescente";"Céu Claro";"Múltipla";"Curva";"Sim";2;0;1;0;0;1;1;2;-7,91989741;-34,895432;"SPRF-PE";"DEL01-PE";"UOP02-DEL01-PE"
565785;2023-12-06;"quarta-feira";"05:30:00";"MT";70;523;"VARZEA GRANDE";"Afundamento ou ondulação no pavimento";"Queda de ocupante de veículo";"Com Vítimas Fatais";"Amanhecer";"Crescente";"Céu Claro";"Simples";"Reta";"Sim";2;1;0;0;1;0;0;2;-15,657061;-56,189417;"SPRF-MT";"DEL01-MT";"UOP02-DEL01-MT"
565786;2023-12-06;"quarta-feira";"05:30:00";"PR";116;198,9;"RIO NEGRO";"Ausência de reação do condutor";"Tombamento";"Sem Vítimas";"Amanhecer";"Decrescente";"Céu Claro";"Simples";"Reta";"Não";2;0;0;0;1;1;0;2;-26,02155422;-49,67567373;"SPRF-SC";"DEL06-SC";"UOP01-DEL06-SC"
565788;2023-12-05;"terça-feira";"19:00:00";"RO";364;388;"OURO PRETO DO OESTE";"Manobra de mudança de faixa";"Colisão frontal";"Com Vítimas Fatais";"Plena Noite";"Decrescente";"Chuva";"Simples";"Reta";"Não";2;1;0;0;1;0;0;2;-10,6855216;-62,27547526;"SPRF-RO";"DEL03-RO";"UOP02-DEL03-RO"
565796;2023-12-02;"sábado";"10:00:00";"SC";280;4,4;"SAO FRANCISCO DO SUL";"Ingestão de álcool pelo condutor";"Colisão traseira";"Sem Vítimas";"Pleno dia";"Crescente";"Céu Claro";"Simples";"Reta";"Sim";5;0;0;0;1;6;0;7;-26,25329566;-48,61916042;"SPRF-SC";"DEL03-SC";"UOP03-DEL03-SC"
565798;2023-12-06;"quarta-feira";"06:45:00";"SP";116;64;"GUARATINGUETA";"Reação tardia ou ineficiente do condutor";"Colisão traseira";"Com Vítimas Feridas";"Pleno dia";"Crescente";"Céu Claro";"Dupla";"Curva";"Sim";5;0;2;1;1;1;3;4;-22,81942006;-45,18421298;"SPRF-SP";"DEL08-SP";"UOP01-DEL08-SP"
565804;2023-12-06;"quarta-feira";"03:00:00";"SP";116;347;"MIRACATU";"Reação tardia ou ineficiente do condutor";"Tombamento";"Com Vítimas Feridas";"Plena Noite";"Crescente";"Céu Claro";"Dupla";"Curva";"Não";1;0;0;1;0;0;1;1;-24,04699491;-47,19706111;"SPRF-SP";"DEL04-SP";"UOP03-DEL04-SP"
565809;2023-10-28;"sábado";"06:20:00";"MG";365;25;"MONTES CLAROS";"Pista Escorregadia";"Colisão frontal";"Com Vítimas Feridas";"Pleno dia";"Crescente";"Chuva";"Simples";"Reta";"Não";3;0;0;1;1;1;1;3;-16,8557147;-44,06141289;"SPRF-MG";"DEL12-MG";"UOP01-DEL12-MG"
565812;2023-07-28;"sexta-feira";"09:00:00";"BA";242;465;"IBITIARA";"Ultrapassagem Indevida";"Colisão lateral sentido oposto";"Com Vítimas Feridas";"Pleno dia";"Decrescente";"Sol";"Simples";"Curva";"Não";3;0;1;0;1;2;1;4;-12,453064;-42,180565;"SPRF-BA";"DEL06-BA";"UOP01-DEL06-BA"
565819;2023-12-06;"quarta-feira";"08:20:00";"PR";376;178;"MARINGA";"Manobra de mudança de faixa";"Colisão lateral mesmo sentido";"Com Vítimas Feridas";"Pleno dia";"Decrescente";"Céu Claro";"Múltipla";"Reta";"Sim";3;0;1;0;1;1;1;3;-23,4192146;-51,91293985;"SPRF-PR";"DEL09-PR";"UOP01-DEL09-PR"
565824;2023-12-06;"quarta-feira";"07:40:00";"SP";116;430;"REGISTRO";"Acessar a via sem observar a presença dos outros veículos";"Colisão lateral mesmo sentido";"Com Vítimas Feridas";"Pleno dia";"Crescente";"Céu Claro";"Dupla";"Reta";"Não";3;0;1;1;1;0;2;2;-24,40730885;-47,7459871;"SPRF-SP";"DEL05-SP";"UOP01-DEL05-SP"
565829;2023-12-06;"quarta-feira";"09:40:00";"GO";60;106;"GOIANAPOLIS";"Demais falhas mecânicas ou elétricas";"Colisão com objeto";"Sem Vítimas";"Pleno dia";"Crescente";"Céu Claro";"Dupla";"Reta;Aclive";"Não";3;0;0;0;2;1;0;3;-16,4232;-49,0134;"SPRF-GO";"DEL02-GO";"UOP01-DEL02-GO"
565844;2023-12-06;"quarta-feira";"10:20:00";"MS";163;31,3;"MUNDO NOVO";"Reação tardia ou ineficiente do condutor";"Colisão com objeto";"Com Vítimas Feridas";"Pleno dia";"Decrescente";"Céu Claro";"Simples";"Ponte;Reta";"Não";4;0;0;1;2;1;1;4;-23,83787776;-54,33437705;"SPRF-MS";"DEL09-MS";"UOP02-DEL09-MS"
565846;2023-12-06;"quarta-feira";"10:20:00";"RO";364;12;"VILHENA";"Reação tardia ou ineficiente do condutor";"Colisão lateral mesmo sentido";"Com Vítimas Feridas";"Pleno dia";"Crescente";"Céu Claro";"Simples";"Reta";"Não";2;0;1;0;1;0;1;2;-12,74370233;-60,12147609;"SPRF-RO";"DEL04-RO";"UOP01-DEL04-RO"
565848;2023-12-06;"quarta-feira";"11:30:00";"ES";101;272;"SERRA";"Ausência de reação do condutor";"Colisão traseira";"Com Vítimas Feridas";"Pleno dia";"Decrescente";"Céu Claro";"Simples";"Reta";"Não";2;0;0;1;1;0;1;2;-20,22724888;-40,28426988;"SPRF-ES";"DEL02-ES";"UOP01-DEL02-ES"
565849;2023-11-15;"quarta-feira";"14:10:00";"PE";232;8,7;"RECIFE";"Estacionar ou parar em local proibido";"Derramamento de carga";"Com Vítimas Feridas";"Pleno dia";"Decrescente";"Céu Claro";"Múltipla";"Reta;Viaduto";"Não";6;0;2;0;3;4;2;7;-8,07583727;-34,97015791;"SPRF-PE";"DEL01-PE";"UOP01-DEL01-PE"
565854;2023-12-06;"quarta-feira";"11:30:00";"RS";285;481,4;"CORONEL BARROS";"Manobra de mudança de faixa";"Colisão frontal";"Com Vítimas Feridas";"Pleno dia";"Decrescente";"Chuva";"Simples";"Reta;Declive";"Não";3;0;1;0;1;1;1;3;-28,371397;-54,108482;"SPRF-RS";"DEL10-RS";"UOP01-DEL10-RS"
565858;2023-12-06;"quarta-feira";"13:20:00";"RN";406;171;"SAO GONCALO DO AMARANTE";"Reação tardia ou ineficiente do condutor";"Colisão traseira";"Com Vítimas Feridas";"Pleno dia";"Decrescente";"Céu Claro";"Múltipla";"Reta;Declive";"Sim";2;0;1;0;1;0;1;2;-5,75872063;-35,29921986;"SPRF-RN";"DEL02-RN";"UOP01-DEL02-RN"
565860;2023-12-06;"quarta-feira";"07:40:00";"MS";158;69;"PARANAIBA";"Problema com o freio";"Incêndio";"Sem Vítimas";"Pleno dia";"Decrescente";"Céu Claro";"Simples";"Reta";"Não";2;0;0;0;1;1;0;2;-19,4809262;-51,29955714;"SPRF-MS";"DEL08-MS";"UOP01-DEL08-MS"
565864;2023-12-06;"quarta-feira";"13:25:00";"PR";376;256,8;"CALIFORNIA";"Reação tardia ou ineficiente do condutor";"Colisão traseira";"Sem Vítimas";"Pleno dia";"Crescente";"Chuva";"Simples";"Reta";"Sim";3;0;0;0;2;1;0;3;-23,6654645;-51,3609767;"SPRF-PR";"DEL07-PR";"UOP03-DEL07-PR"
565866;2023-12-06;"quarta-feira";"08:15:00";"PR";163;212;"CASCAVEL";"Condutor Dormindo";"Tombamento";"Com Vítimas Feridas";"Pleno dia";"Crescente";"Céu Claro";"Dupla";"Curva";"Não";3;0;1;1;0;1;2;2;-24,92573701;-53,53696393;"SPRF-PR";"DEL05-PR";"UOP05-DEL05-PR"
565875;2023-12-06;"quarta-feira";"14:00:00";"MT";364;204;"RONDONOPOLIS";"Acessar a via sem observar a presença dos outros veículos";"Colisão traseira";"Com Vítimas Feridas";"Pleno dia";"Decrescente";"Céu Claro";"Múltipla";"Interseção de Vias";"Sim";4;0;1;0;2;4;1;7;-16,467325;-54,657196;"SPRF-MT";"DEL02-MT";"UOP01-DEL02-MT"
565878;2023-12-06;"quarta-feira";"12:40:00";"BA";101;103;"ALAGOINHAS";"Condutor Dormindo";"Colisão lateral sentido oposto";"Com Vítimas Feridas";"Pleno dia";"Crescente";"Céu Claro";"Simples";"Curva";"Não";4;0;1;0;2;1;1;4;-12,15963868;-38,41162324;"SPRF-BA";"DEL01-BA";"UOP04-DEL01-BA"
565883;2023-12-06;"quarta-feira";"09:30:00";"MT";364;138;"PEDRA PRETA";"Velocidade Incompatível";"Tombamento";"Sem Vítimas";"Pleno dia";"Decrescente";"Céu Claro";"Simples";"Curva";"Não";2;0;0;0;1;1;0;2;-16,793113;-54,196756;"SPRF-MT";"DEL02-MT";"UOP01-DEL02-MT"
565889;2023-12-06;"quarta-feira";"14:50:00";"PR";476;114,4;"COLOMBO";"Acessar a via sem observar a presença dos outros veículos";"Colisão transversal";"Com Vítimas Feridas";"Pleno dia";"Decrescente";"Céu Claro";"Dupla";"Reta;Retorno Regulamentado";"Não";2;0;2;0;0;0;2;1;-25,34027353;-49,15729523;"SPRF-PR";"DEL01-PR";"UOP01-DEL01-PR"
565890;2023-12-06;"quarta-feira";"15:15:00";"MG";40;705,5;"BARBACENA";"Velocidade Incompatível";"Tombamento";"Com Vítimas Feridas";"Pleno dia";"Decrescente";"Céu Claro";"Dupla";"Curva";"Não";2;0;0;1;0;1;1;2;-21,24167869;-43,72302577;"SPRF-MG";"DEL05-MG";"UOP02-DEL05-MG"
565897;2023-12-06;"quarta-feira";"15:05:00";"MG";116;694,4;"MURIAE";"Mal súbito do condutor";"Colisão frontal";"Com Vítimas Feridas";"Pleno dia";"Crescente";"Céu Claro";"Simples";"Reta";"Não";5;0;0;1;1;4;1;5;-21,05875072;-42,36804485;"SPRF-MG";"DEL07-MG";"UOP02-DEL07-MG"
565898;2023-12-06;"quarta-feira";"16:25:00";"SP";381;4;"VARGEM";"Velocidade Incompatível";"Colisão com objeto";"Sem Vítimas";"Pleno dia";"Crescente";"Nublado";"Dupla";"Reta;Aclive";"Não";1;0;0;0;1;0;0;1;-22,8826217;-46,40779515;"SPRF-SP";"DEL03-SP";"UOP02-DEL03-SP"
565902;2023-12-06;"quarta-feira";"13:50:00";"RJ";493;18;"GUAPIMIRIM";"Conversão proibida";"Colisão frontal";"Com Vítimas Feridas";"Pleno dia";"Crescente";"Céu Claro";"Simples";"Reta";"Sim";5;0;3;0;2;0;3;3;-22,66784817;-43,02490711;"SPRF-RJ";"DEL04-RJ";"UOP02-DEL04-RJ"
565905;2023-12-06;"quarta-feira";"15:15:00";"MT";163;836;"SINOP";"Manobra de mudança de faixa";"Colisão lateral mesmo sentido";"Sem Vítimas";"Pleno dia";"Crescente";"Céu Claro";"Dupla";"Reta";"Sim";6;0;0;0;5;3;0;5;-11,977922;-55,517017;"SPRF-MT";"DEL06-MT";"UOP02-DEL06-MT"
565906;2023-12-06;"quarta-feira";"16:12:00";"GO";153;506;"GOIANIA";"Manobra de mudança de faixa";"Colisão lateral mesmo sentido";"Com Vítimas Feridas";"Pleno dia";"Decrescente";"Céu Claro";"Dupla";"Reta";"Sim";4;0;1;0;2;2;1;4;-16,7633;-49,24;"SPRF-GO";"DEL01-GO";"UOP01-DEL01-GO"
565908;2023-12-06;"quarta-feira";"17:05:00";"SP";116;113,2;"TAUBATE";"Condutor deixou de manter distância do veículo da frente";"Engavetamento";"Com Vítimas Feridas";"Pleno dia";"Decrescente";"Céu Claro";"Dupla";"Reta";"Sim";4;0;1;0;2;1;1;4;-23,0440828;-45,58041405;"SPRF-SP";"DEL02-SP";"UOP02-DEL02-SP"
565912;2023-12-06;"quarta-feira";"16:50:00";"SC";101;199,6;"SAO JOSE";"Reação tardia ou ineficiente do condutor";"Colisão traseira";"Com Vítimas Feridas";"Pleno dia";"Crescente";"Céu Claro";"Dupla";"Reta";"Sim";3;0;1;0;2;0;1;2;-27,53413705;-48,63003205;"SPRF-SC";"DEL01-SC";"UOP01-DEL01-SC"
565918;2023-12-06;"quarta-feira";"16:40:00";"SC";101;100,6;"BALNEARIO PICARRAS";"Frear bruscamente";"Colisão traseira";"Com Vítimas Feridas";"Pleno dia";"Decrescente";"Nublado";"Múltipla";"Reta;Declive";"Sim";4;0;1;0;2;1;1;3;-26,76209523;-48,68656218;"SPRF-SC";"DEL03-SC";"UOP02-DEL03-SC"
565922;2023-12-06;"quarta-feira";"15:00:00";"MG";267;124,6;"JUIZ DE FORA";"Ausência de reação do condutor";"Saída de leito carroçável";"Com Vítimas Feridas";"Pleno dia";"Decrescente";"Céu Claro";"Simples";"Curva";"Não";2;0;1;0;0;2;1;3;-21,70786623;-43,51812169;"SPRF-MG";"DEL05-MG";"UOP01-DEL05-MG"
565924;2023-12-06;"quarta-feira";"12:00:00";"PR";153;128,4;"IBAITI";"Fumaça";"Incêndio";"Sem Vítimas";"Pleno dia";"Crescente";"Céu Claro";"Simples";"Aclive";"Não";2;0;0;0;1;2;0;3;-23,98864;-50,236767;"SPRF-PR";"DEL07-PR";"UOP04-DEL07-PR"
565928;2023-12-06;"quarta-feira";"15:20:00";"MT";364;295,4;"JACIARA";"Demais falhas mecânicas ou elétricas";"Incêndio";"Sem Vítimas";"Pleno dia";"Decrescente";"Sol";"Dupla";"Reta";"Não";2;0;0;0;1;3;0;4;-15,87116802;-55,12035603;"SPRF-MT";"DEL05-MT";"UOP02-DEL05-MT"
565936;2023-12-06;"quarta-feira";"18:40:00";"SP";116;545;"BARRA DO TURVO";"Reação tardia ou ineficiente do condutor";"Tombamento";"Com Vítimas Feridas";"Anoitecer";"Decrescente";"Céu Claro";"Dupla";"Curva";"Não";2;0;1;0;0;2;1;3;-24,95016699;-48,42400302;"SPRF-SP";"DEL05-SP";"UOP02-DEL05-SP"
565939;2023-12-06;"quarta-feira";"16:54:00";"PR";376;90;"PARANAVAI";"Condutor deixou de manter distância do veículo da frente";"Colisão traseira";"Com Vítimas Feridas";"Pleno dia";"Decrescente";"Céu Claro";"Simples";"Reta;Aclive";"Não";7;0;5;0;1;6;5;10;-22,9880153;-52,59856939;"SPRF-PR";"DEL09-PR";"UOP02-DEL09-PR"
565942;2023-12-06;"quarta-feira";"19:00:00";"GO";153;495;"GOIANIA";"Reação tardia ou ineficiente do condutor";"Queda de ocupante de veículo";"Com Vítimas Fatais";"Plena Noite";"Crescente";"Céu Claro";"Dupla";"Aclive";"Sim";3;1;0;0;1;1;0;2;-16,6681;-49,2263;"SPRF-GO";"DEL01-GO";"UOP01-DEL01-GO"
565950;2023-12-03;"domingo";"10:00:00";"BA";101;328;"PRESIDENTE TANCREDO NEVES";"Ultrapassagem Indevida";"Colisão lateral mesmo sentido";"Com Vítimas Feridas";"Pleno dia";"Decrescente";"Sol";"Simples";"Reta;Declive";"Não";3;0;2;0;1;0;2;3;-13,45373721;-39,42443848;"SPRF-BA";"DEL05-BA";"UOP03-DEL05-BA"
565957;2023-12-06;"quarta-feira";"21:20:00";"RJ";116;210;"SEROPEDICA";"Condutor deixou de manter distância do veículo da frente";"Colisão traseira";"Com Vítimas Feridas";"Plena Noite";"Crescente";"Garoa/Chuvisco";"Dupla";"Reta";"Não";4;0;1;0;2;1;1;4;-22,71981759;-43,69099294;"SPRF-RJ";"DEL06-RJ";"UOP02-DEL06-RJ"
565958;2023-12-06;"quarta-feira";"21:55:00";"PR";376;244,7;"APUCARANA";"Ausência de reação do condutor";"Colisão traseira";"Com Vítimas Feridas";"Plena Noite";"Crescente";"Céu Claro";"Dupla";"Curva;Aclive";"Não";3;0;0;1;1;2;1;4;-23,60491501;-51,40907589;"SPRF-PR";"DEL07-PR";"UOP03-DEL07-PR"
565962;2023-12-06;"quarta-feira";"20:15:00";"AL";423;35;"CANAPI";"Ausência de reação do condutor";"Colisão com objeto";"Sem Vítimas";"Plena Noite";"Decrescente";"Céu Claro";"Simples";"Reta";"Não";2;0;0;0;1;1;0;2;-9,21890592;-37,59262503;"SPRF-AL";"DEL03-AL";"UOP02-DEL03-AL"
565964;2023-12-06;"quarta-feira";"15:20:00";"PR";153;480,9;"PORTO VITORIA";"Reação tardia ou ineficiente do condutor";"Tombamento";"Sem Vítimas";"Pleno dia";"Decrescente";"Garoa/Chuvisco";"Simples";"Curva";"Não";2;0;0;0;1;1;0;2;-26,36284323;-51,25994682;"SPRF-PR";"DEL02-PR";"UOP03-DEL02-PR"
565968;2023-12-06;"quarta-feira";"22:00:00";"RJ";393;186,7;"PARAIBA DO SUL";"Condutor deixou de manter distância do veículo da frente";"Colisão traseira";"Com Vítimas Feridas";"Plena Noite";"Crescente";"Céu Claro";"Simples";"Reta";"Sim";4;0;2;0;2;0;2;3;-22,16603798;-43,31905603;"SPRF-RJ";"DEL05-RJ";"UOP03-DEL05-RJ"
565978;2023-12-06;"quarta-feira";"23:40:00";"MT";364;364;"SANTO ANTONIO DO LEVERGER";"Condutor Dormindo";"Colisão traseira";"Com Vítimas Feridas";"Plena Noite";"Crescente";"Céu Claro";"Dupla";"Reta";"Não";2;0;0;1;1;0;1;2;-15,76687492;-55,6552047;"SPRF-MT";"DEL01-MT";"UOP02-DEL01-MT"
565980;2023-12-06;"quarta-feira";"22:30:00";"BA";101;198;"CACHOEIRA";"Condutor Dormindo";"Colisão traseira";"Com Vítimas Feridas";"Plena Noite";"Decrescente";"Céu Claro";"Simples";"Aclive";"Não";2;0;1;0;0;1;1;2;-12,5736643;-38,97972822;"SPRF-BA";"DEL01-BA";"UOP03-DEL01-BA"
565981;2023-12-07;"quinta-feira";"00:30:00";"PE";232;409;"SERRA TALHADA";"Ausência de reação do condutor";"Colisão traseira";"Com Vítimas Feridas";"Plena Noite";"Decrescente";"Céu Claro";"Simples";"Reta";"Sim";3;0;0;1;1;2;1;4;-7,981944;-38,289467;"SPRF-PE";"DEL04-PE";"UOP01-DEL04-PE"
565984;2023-12-07;"quinta-feira";"01:40:00";"SC";101;111,3;"ITAJAI";"Ingestão de álcool pelo condutor";"Colisão com objeto";"Sem Vítimas";"Plena Noite";"Crescente";"Nublado";"Dupla";"Reta;Interseção de Vias";"Não";2;0;0;0;2;0;0;2;-26,83955734;-48,71418074;"SPRF-SC";"DEL04-SC";"UOP04-DEL04-SC"
565985;2023-10-27;"sexta-feira";"21:00:00";"ES";101;87;"SAO MATEUS";"Acessar a via sem observar a presença dos outros veículos";"Colisão transversal";"Sem Vítimas";"Plena Noite";"Crescente";"Nublado";"Simples";"Retorno Regulamentado;Interseção de Vias";"Não";4;0;0;0;3;3;0;5;-18,87347703;-39,94418092;"SPRF-ES";"DEL04-ES";"UOP02-DEL04-ES"
565989;2023-12-07;"quinta-feira";"03:00:00";"ES";262;162;"IBATIBA";"Demais falhas mecânicas ou elétricas";"Incêndio";"Sem Vítimas";"Plena Noite";"Crescente";"Céu Claro";"Simples";"Reta";"Não";2;0;0;0;1;1;0;2;-20,23593228;-41,53109078;"SPRF-ES";"DEL01-ES";"UOP02-DEL01-ES"
565991;2023-12-07;"quinta-feira";"04:15:00";"SP";116;561;"BARRA DO TURVO";"Problema com o freio";"Incêndio";"Sem Vítimas";"Amanhecer";"Crescente";"Céu Claro";"Dupla";"Curva";"Não";2;0;0;0;1;1;0;2;-25,02045097;-48,51586004;"SPRF-SP";"DEL05-SP";"UOP02-DEL05-SP"
565992;2023-12-07;"quinta-feira";"03:30:00";"RS";290;88;"PORTO ALEGRE";"Condutor Dormindo";"Colisão com objeto";"Sem Vítimas";"Plena Noite";"Crescente";"Céu Claro";"Simples";"Reta";"Sim";1;0;0;0;1;0;0;1;-29,967531;-51,137264;"SPRF-RS";"DEL01-RS";"UOP01-DEL01-RS"
565993;2023-12-07;"quinta-feira";"04:50:00";"SC";101;43,7;"JOINVILLE";"Curva acentuada";"Colisão com objeto";"Com Vítimas Feridas";"Amanhecer";"Crescente";"Nublado";"Múltipla";"Curva;Declive";"Sim";3;0;1;0;1;1;1;3;-26,33065302;-48,86238098;"SPRF-SC";"DEL03-SC";"UOP01-DEL03-SC"
565994;2023-12-07;"quinta-feira";"04:30:00";"SP";116;94;"PINDAMONHANGABA";"Acessar a via sem observar a presença dos outros veículos";"Colisão traseira";"Com Vítimas Feridas";"Amanhecer";"Crescente";"Céu Claro";"Múltipla";"Reta";"Não";4;0;1;1;1;1;2;3;-22,96083987;-45,42156507;"SPRF-SP";"DEL08-SP";"UOP01-DEL08-SP"
565997;2023-12-07;"quinta-feira";"00:30:00";"MG";50;184,7;"UBERABA";"Reação tardia ou ineficiente do condutor";"Colisão traseira";"Com Vítimas Feridas";"Plena Noite";"Crescente";"Céu Claro";"Dupla";"Reta";"Não";3;0;1;0;1;2;1;4;-19,80945315;-47,90078523;"SPRF-MG";"DEL13-MG";"UOP01-DEL13-MG"
565998;2023-12-06;"quarta-feira";"19:00:00";"MG";153;80;"PRATA";"Ausência de reação do condutor";"Tombamento";"Com Vítimas Feridas";"Plena Noite";"Crescente";"Céu Claro";"Simples";"Reta";"Não";1;0;1;0;0;0;1;1;-19,0652129;-49,00663485;"SPRF-MG";"DEL15-MG";"UOP03-DEL15-MG"