"id";"data_inversa";"dia_semana";"horario";"uf";"br";"km";"municipio";"causa_acidente";"tipo_acidente";"classificacao_acidente";"fase_dia";"sentido_via";"condicao_metereologica";"tipo_pista";"tracado_via";"uso_solo";"pessoas";"mortos";"feridos_leves";"feridos_graves";"ilesos";"ignorados";"feridos";"veiculos";"latitude";"longitude";"regional";"delegacia";"uop"
566000;2023-12-07;"quinta-feira";"04:00:00";"BA";116;630;"JAGUAQUARA";"Acessar a via sem observar a presença dos outros veículos";"Colisão transversal";"Com Vítimas Feridas";"Amanhecer";"Decrescente";"Céu Claro";"Simples";"Reta";"Não";3;0;0;1;1;1;1;3;-13,45130896;-40,03174325;"SPRF-BA";"DEL03-BA";"UOP01-DEL03-BA"
566002;2023-12-07;"quinta-feira";"06:20:00";"MG";40;609,4;"CONGONHAS";"Ausência de reação do condutor";"Colisão traseira";"Sem Vítimas";"Pleno dia";"Decrescente";"Céu Claro";"Simples";"Reta";"Não";5;0;0;0;4;2;0;6;-20,49313702;-43,83689143;"SPRF-MG";"DEL05-MG";"UOP02-DEL05-MG"
566003;2023-12-07;"quinta-feira";"07:00:00";"MG";262;802;"UBERABA";"Demais falhas mecânicas ou elétricas";"Colisão com objeto";"Com Vítimas Feridas";"Pleno dia";"Crescente";"Céu Claro";"Dupla";"Reta";"Sim";4;0;1;1;2;0;2;4;-19,770205;-47,903436;"SPRF-MG";"DEL13-MG";"UOP01-DEL13-MG"
566010;2023-12-07;"quinta-feira";"06:40:00";"PR";163;29,4;"SANTO ANTONIO DO SUDOESTE";"Transitar na contramão";"Colisão frontal";"Com Vítimas Fatais";"Amanhecer";"Decrescente";"Nublado";"Simples";"Curva;Declive";"Não";4;1;1;0;1;3;1;6;-26,108395;-53,701475;"SPRF-PR";"DEL02-PR";"UOP02-DEL02-PR"
566013;2023-12-07;"quinta-feira";"07:40:00";"PE";232;506;"SALGUEIRO";"Reação tardia ou ineficiente do condutor";"Colisão frontal";"Com Vítimas Feridas";"Pleno dia";"Decrescente";"Céu Claro";"Simples";"Declive";"Sim";3;0;1;0;2;0;1;2;-8,05986546;-39,10271397;"SPRF-PE";"DEL05-PE";"UOP01-DEL05-PE"
566014;2023-12-07;"quinta-feira";"05:00:00";"RJ";393;183;"PARAIBA DO SUL";"Condutor Dormindo";"Colisão lateral sentido oposto";"Com Vítimas Feridas";"Amanhecer";"Crescente";"Céu Claro";"Simples";"Curva";"Não";2;0;0;1;1;0;1;2;-22,13790085;-43,26780606;"SPRF-RJ";"DEL05-RJ";"UOP03-DEL05-RJ"
566017;2023-12-07;"quinta-feira";"05:40:00";"RS";386;90,6;"SAO PEDRO DAS MISSOES";"Pista esburacada";"Tombamento";"Sem Vítimas";"Amanhecer";"Crescente";"Chuva";"Simples";"Reta";"Não";2;0;0;0;1;1;0;2;-27,742287;-53,18478;"SPRF-RS";"DEL08-RS";"UOP01-DEL08-RS"
566026;2023-12-07;"quinta-feira";"07:50:00";"MS";163;478;"CAMPO GRANDE";"Acessar a via sem observar a presença dos outros veículos";"Colisão transversal";"Com Vítimas Feridas";"Pleno dia";"Decrescente";"Nublado";"Simples";"Reta";"Sim";3;0;0;1;1;1;1;3;-20,49723527;-54,55921054;"SPRF-MS";"DEL01-MS";"UOP01-DEL01-MS"
566027;2023-12-07;"quinta-feira";"07:00:00";"SC";101;397,5;"MARACAJA";"Conversão proibida";"Colisão transversal";"Com Vítimas Feridas";"Pleno dia";"Crescente";"Céu Claro";"Simples";"Aclive;Reta";"Não";3;0;0;1;2;0;1;2;-28,84495561;-49,43240404;"SPRF-SC";"DEL02-SC";"UOP02-DEL02-SC"
566031;2023-09-28;"quinta-feira";"19:45:00";"MT";163;581;"NOVA MUTUM";"Pista Escorregadia";"Colisão frontal";"Com Vítimas Feridas";"Plena Noite";"Crescente";"Chuva";"Simples";"Reta";"Não";3;0;1;1;0;2;2;4;-14,07387601;-56,10677598;"SPRF-MT";"DEL01-MT";"UOP01-DEL01-MT"
566036;2023-01-02;"segunda-feira";"12:30:00";"PA";316;72;"CASTANHAL";"Transitar na contramão";"Colisão frontal";"Com Vítimas Fatais";"Pleno dia";"Decrescente";"Nublado";"Simples";"Reta";"Não";7;2;1;2;1;1;3;4;-1,289131;-47,846035;"SPRF-PA";"DEL01-PA";"UOP01-DEL01-PA"
566037;2023-12-07;"quinta-feira";"09:20:00";"SP";116;293,2;"ITAPECERICA DA SERRA";"Reação tardia ou ineficiente do condutor";"Colisão frontal";"Com Vítimas Feridas";"Pleno dia";"Crescente";"Céu Claro";"Dupla";"Reta";"Sim";2;0;1;0;0;1;1;2;-23,75393807;-46,90168863;"SPRF-SP";"DEL04-SP";"UOP01-DEL04-SP"
566041;2023-12-04;"segunda-feira";"07:40:00";"PR";376;614;"SAO JOSE DOS PINHAIS";"Ausência de reação do condutor";"Colisão traseira";"Com Vítimas Feridas";"Pleno dia";"Crescente";"Céu Claro";"Dupla";"Reta;Aclive";"Sim";2;0;0;1;1;0;1;2;-25,57084314;-49,19356398;"SPRF-PR";"DEL01-PR";"UOP06-DEL01-PR"
566042;2023-12-07;"quinta-feira";"09:38:00";"GO";153;497,6;"GOIANIA";"Reação tardia ou ineficiente do condutor";"Colisão traseira";"Com Vítimas Fatais";"Pleno dia";"Decrescente";"Céu Claro";"Múltipla";"Reta;Declive";"Sim";2;1;0;0;1;0;0;2;-16,6854;-49,2338;"SPRF-GO";"DEL01-GO";"UOP01-DEL01-GO"
566043;2023-12-07;"quinta-feira";"09:20:00";"BA";101;177;"SAO GONCALO DOS CAMPOS";"Mal súbito do condutor";"Engavetamento";"Com Vítimas Feridas";"Pleno dia";"Decrescente";"Nublado";"Simples";"Em Obras";"Não";8;0;3;0;4;5;3;10;-12,519078;-38,970829;"SPRF-BA";"DEL01-BA";"UOP03-DEL01-BA"
566049;2023-12-07;"quinta-feira";"08:00:00";"PR";376;1;"APUCARANA";"Acessar a via sem observar a presença dos outros veículos";"Colisão lateral mesmo sentido";"Com Vítimas Feridas";"Pleno dia";"Decrescente";"Sol";"Simples";"Reta;Declive;Em Obras";"Não";4;0;1;1;1;1;2;3;-23,5513;-51,461266;"SPRF-PR";"DEL07-PR";"UOP03-DEL07-PR"
566050;2023-12-07;"quinta-feira";"10:40:00";"BA";324;603;"SIMOES FILHO";"Carga excessiva e/ou mal acondicionada";"Colisão traseira";"Com Vítimas Feridas";"Pleno dia";"Decrescente";"Céu Claro";"Dupla";"Reta";"Não";7;0;2;0;5;0;2;6;-12,77190917;-38,41991733;"SPRF-BA";"DEL01-BA";"UOP01-DEL01-BA"
566051;2023-12-07;"quinta-feira";"10:13:00";"ES";101;264;"SERRA";"Condutor desrespeitou a iluminação vermelha do semáforo";"Colisão transversal";"Com Vítimas Feridas";"Pleno dia";"Decrescente";"Céu Claro";"Múltipla";"Reta";"Sim";2;0;1;0;1;0;1;2;-20,17292791;-40,26736384;"SPRF-ES";"DEL02-ES";"UOP01-DEL02-ES"
566053;2023-12-07;"quinta-feira";"09:05:00";"MG";251;396,1;"GRAO MOGOL";"Mal súbito do condutor";"Colisão lateral sentido oposto";"Com Vítimas Feridas";"Pleno dia";"Crescente";"Céu Claro";"Simples";"Reta";"Sim";3;0;0;1;1;12;1;14;-16,21759237;-42,88603978;"SPRF-MG";"DEL12-MG";"UOP01-DEL12-MG"
566054;2023-12-07;"quinta-feira";"07:10:00";"BA";110;370;"CATU";"Manobra de mudança de faixa";"Colisão frontal";"Com Vítimas Feridas";"Pleno dia";"Decrescente";"Céu Claro";"Simples";"Declive";"Não";4;0;1;0;3;0;1;3;-12,41038544;-38,42231793;"SPRF-BA";"DEL01-BA";"UOP04-DEL01-BA"
566056;2023-12-07;"quinta-feira";"11:05:00";"RJ";101;56;"CAMPOS DOS GOYTACAZES";"Acessar a via sem observar a presença dos outros veículos";"Colisão transversal";"Com Vítimas Fatais";"Pleno dia";"Crescente";"Céu Claro";"Simples";"Reta";"Sim";3;1;0;0;2;0;0;3;-21,69602101;-41,31017467;"SPRF-RJ";"DEL08-RJ";"UOP01-DEL08-RJ"
566058;2023-12-07;"quinta-feira";"09:18:00";"MA";316;430;"PERITORO";"Velocidade Incompatível";"Tombamento";"Com Vítimas Feridas";"Pleno dia";"Decrescente";"Céu Claro";"Simples";"Em Obras";"Não";4;0;2;0;1;2;2;3;-4,388372;-44,288757;"SPRF-MA";"DEL03-MA";"UOP01-DEL03-MA"
566059;2023-12-07;"quinta-feira";"11:00:00";"MG";116;527,8;"CARATINGA";"Pedestre cruzava a pista fora da faixa";"Atropelamento de Pedestre";"Com Vítimas Feridas";"Pleno dia";"Crescente";"Céu Claro";"Simples";"Reta";"Sim";3;0;0;1;1;1;1;3;-19,78510701;-42,13445297;"SPRF-MG";"DEL06-MG";"UOP02-DEL06-MG"
566060;2023-12-07;"quinta-feira";"11:40:00";"SP";116;78,3;"ROSEIRA";"Demais falhas mecânicas ou elétricas";"Incêndio";"Sem Vítimas";"Pleno dia";"Decrescente";"Céu Claro";"Dupla";"Reta";"Não";2;0;0;0;1;1;0;2;-22,88893407;-45,28690695;"SPRF-SP";"DEL08-SP";"UOP01-DEL08-SP"
566063;2023-12-07;"quinta-feira";"12:00:00";"SP";116;219;"GUARULHOS";"Pedestre cruzava a pista fora da faixa";"Atropelamento de Pedestre";"Com Vítimas Feridas";"Pleno dia";"Crescente";"Sol";"Múltipla";"Reta";"Sim";2;0;1;0;0;1;1;2;-23,46143954;-46,48885316;"SPRF-SP";"DEL01-SP";"UOP01-DEL01-SP"
566066;2023-12-07;"quinta-feira";"11:35:00";"GO";50;306;"CUMARI";"Ausência de reação do condutor";"Tombamento";"Sem Vítimas";"Pleno dia";"Crescente";"Céu Claro";"Dupla";"Curva";"Não";2;0;0;0;1;2;0;3;-18,3701;-48,0555;"SPRF-GO";"DEL06-GO";"UOP01-DEL06-GO"
566067;2023-12-07;"quinta-feira";"10:00:00";"MA";226;458;"GRAJAU";"Ultrapassagem Indevida";"Colisão frontal";"Com Vítimas Fatais";"Pleno dia";"Crescente";"Céu Claro";"Simples";"Aclive;Reta";"Não";5;2;0;1;1;2;1;4;-5,98866948;-46,45713729;"SPRF-MA";"DEL04-MA";"UOP02-DEL04-MA"
566068;2023-12-07;"quinta-feira";"11:30:00";"SP";116;281;"EMBU DAS ARTES";"Trafegar com motocicleta (ou similar) entre as faixas";"Colisão lateral mesmo sentido";"Com Vítimas Feridas";"Pleno dia";"Decrescente";"Céu Claro";"Simples";"Aclive";"Não";3;0;0;1;1;1;1;3;-23,67784787;-46,85769227;"SPRF-SP";"DEL04-SP";"UOP01-DEL04-SP"
566071;2023-12-07;"quinta-feira";"10:00:00";"PR";272;429,2;"GOIOERE";"Demais falhas mecânicas ou elétricas";"Incêndio";"Com Vítimas Feridas";"Pleno dia";"Crescente";"Nublado";"Simples";"Reta";"Não";1;0;1;0;0;0;1;1;-24,18302562;-52,95981207;"SPRF-PR";"DEL09-PR";"UOP03-DEL09-PR"
566078;2023-12-07;"quinta-feira";"12:00:00";"RJ";393;172,9;"TRES RIOS";"Mal súbito do condutor";"Colisão lateral sentido oposto";"Com Vítimas Feridas";"Pleno dia";"Crescente";"Céu Claro";"Dupla";"Reta;Aclive";"Não";6;0;1;0;4;1;1;4;-22,12168643;-43,18556632;"SPRF-RJ";"DEL05-RJ";"UOP03-DEL05-RJ"
566079;2023-12-07;"quinta-feira";"12:15:00";"MT";158;663;"NOVA XAVANTINA";"Acostamento em desnível";"Saída de leito carroçável";"Com Vítimas Feridas";"Pleno dia";"Decrescente";"Sol";"Simples";"Reta";"Não";1;0;1;0;0;0;1;1;-14,74793209;-52,33425023;"SPRF-MT";"DEL07-MT";"UOP01-DEL07-MT"
566083;2023-12-07;"quinta-feira";"10:34:00";"MT";70;503;"CUIABA";"Curva acentuada";"Tombamento";"Sem Vítimas";"Pleno dia";"Decrescente";"Céu Claro";"Simples";"Curva";"Não";2;0;0;0;1;3;0;4;-15,700087;-56,041547;"SPRF-MT";"DEL01-MT";"UOP02-DEL01-MT"
566092;2023-12-07;"quinta-feira";"13:55:00";"PR";376;546;"BALSA NOVA";"Ausência de reação do condutor";"Saída de leito carroçável";"Com Vítimas Feridas";"Pleno dia";"Crescente";"Nublado";"Dupla";"Reta";"Não";3;0;1;0;1;3;1;5;-25,4;-49,7893;"SPRF-PR";"DEL03-PR";"UOP03-DEL03-PR"
566094;2023-11-18;"sábado";"06:26:00";"GO";153;71;"PORANGATU";"Transitar na contramão";"Colisão frontal";"Sem Vítimas";"Amanhecer";"Decrescente";"Céu Claro";"Simples";"Reta";"Sim";3;0;0;0;2;3;0;5;-13,45846;-49,135578;"SPRF-GO";"DEL07-GO";"UOP01-DEL07-GO"
566096;2023-12-07;"quinta-feira";"12:06:00";"MT";364;257;"JUSCIMEIRA";"Ingestão de álcool pelo condutor";"Saída de leito carroçável";"Sem Vítimas";"Pleno dia";"Crescente";"Sol";"Dupla";"Rotatória;Reta";"Não";2;0;0;0;1;1;0;2;-16,06464917;-54,8799054;"SPRF-MT";"DEL02-MT";"UOP01-DEL02-MT"
566099;2023-12-07;"quinta-feira";"08:50:00";"MG";381;194;"PERIQUITO";"Condutor Dormindo";"Tombamento";"Com Vítimas Feridas";"Pleno dia";"Crescente";"Céu Claro";"Simples";"Reta";"Não";2;0;1;0;0;1;1;2;-19,13557815;-42,21345173;"SPRF-MG";"DEL06-MG";"UOP01-DEL06-MG"
566100;2023-06-06;"terça-feira";"05:30:00";"SE";235;15,5;"NOSSA SENHORA DO SOCORRO";"Ultrapassagem Indevida";"Colisão frontal";"Com Vítimas Fatais";"Amanhecer";"Crescente";"Nublado";"Simples";"Reta";"Não";6;2;3;1;0;0;4;2;-10,857119;-37,185043;"SPRF-SE";"DEL01-SE";"UOP01-DEL01-SE"
566103;2023-12-07;"quinta-feira";"12:40:00";"RJ";393;206,3;"VASSOURAS";"Mal súbito do condutor";"Saída de leito carroçável";"Com Vítimas Feridas";"Pleno dia";"Decrescente";"Céu Claro";"Simples";"Reta";"Sim";1;0;0;1;0;0;1;1;-22,24397874;-43,42347021;"SPRF-RJ";"DEL05-RJ";"UOP03-DEL05-RJ"
566105;2023-12-07;"quinta-feira";"11:35:00";"MG";251;471,9;"FRANCISCO SA";"Velocidade Incompatível";"Tombamento";"Com Vítimas Feridas";"Pleno dia";"Crescente";"Céu Claro";"Simples";"Curva";"Não";2;0;0;1;0;1;1;2;-16,46801304;-43,43121303;"SPRF-MG";"DEL12-MG";"UOP01-DEL12-MG"
566108;2023-12-07;"quinta-feira";"16:00:00";"ES";101;301;"VIANA";"Demais falhas mecânicas ou elétricas";"Incêndio";"Sem Vítimas";"Pleno dia";"Decrescente";"Céu Claro";"Dupla";"Reta";"Sim";1;0;0;0;1;0;0;1;-20,36278187;-40,4401343;"SPRF-ES";"DEL01-ES";"UOP01-DEL01-ES"
566109;2023-12-07;"quinta-feira";"16:15:00";"RS";386;333,5;"MARQUES DE SOUZA";"Transitar na contramão";"Colisão frontal";"Com Vítimas Feridas";"Pleno dia";"Decrescente";"Nublado";"Simples";"Curva;Declive";"Não";3;0;1;1;0;2;2;4;-29,374307;-52,058442;"SPRF-RS";"DEL04-RS";"UOP01-DEL04-RS"
566110;2023-12-07;"quinta-feira";"16:00:00";"SC";280;67;"JARAGUA DO SUL";"Objeto estático sobre o leito carroçável";"Queda de ocupante de veículo";"Com Vítimas Feridas";"Pleno dia";"Decrescente";"Nublado";"Simples";"Interseção de Vias;Rotatória";"Sim";3;0;1;0;1;1;1;3;-26,47833284;-49,1024816;"SPRF-SC";"DEL03-SC";"UOP03-DEL03-SC"
566114;2023-12-07;"quinta-feira";"16:30:00";"RN";405;8,3;"MOSSORO";"Transitar na contramão";"Colisão frontal";"Com Vítimas Fatais";"Pleno dia";"Decrescente";"Céu Claro";"Simples";"Reta";"Não";4;1;1;0;0;2;1;3;-5,19683379;-37,42471901;"SPRF-RN";"DEL04-RN";"UOP02-DEL04-RN"
566115;2023-12-07;"quinta-feira";"14:45:00";"BA";101;114;"ALAGOINHAS";"Acessar a via sem observar a presença dos outros veículos";"Colisão lateral mesmo sentido";"Com Vítimas Feridas";"Pleno dia";"Decrescente";"Nublado";"Simples";"Reta";"Não";2;0;1;0;1;0;1;2;-12,15401817;-38,51205106;"SPRF-BA";"DEL01-BA";"UOP04-DEL01-BA"
566118;2023-12-07;"quinta-feira";"15:40:00";"MT";70;523;"VARZEA GRANDE";"Acessar a via sem observar a presença dos outros veículos";"Colisão transversal";"Com Vítimas Feridas";"Pleno dia";"Decrescente";"Céu Claro";"Simples";"Reta";"Sim";3;0;1;0;1;1;1;3;-15,655793;-56,19059;"SPRF-MT";"DEL01-MT";"UOP02-DEL01-MT"
566119;2023-12-07;"quinta-feira";"12:30:00";"MG";381;561,4;"ITAGUARA";"Reação tardia ou ineficiente do condutor";"Tombamento";"Com Vítimas Feridas";"Pleno dia";"Crescente";"Céu Claro";"Dupla";"Curva;Declive";"Não";4;0;1;0;2;2;1;5;-20,39224209;-44,49492995;"SPRF-MG";"DEL04-MG";"UOP03-DEL04-MG"
566121;2023-12-07;"quinta-feira";"16:52:00";"MG";381;508,1;"SAO JOAQUIM DE BICAS";"Velocidade Incompatível";"Colisão com objeto";"Com Vítimas Feridas";"Pleno dia";"Crescente";"Céu Claro";"Múltipla";"Curva";"Sim";3;0;1;1;0;2;2;4;-20,06277698;-44,29329002;"SPRF-MG";"DEL01-MG";"UOP03-DEL01-MG"
566123;2023-12-07;"quinta-feira";"15:20:00";"MS";163;649;"SAO GABRIEL DO OESTE";"Ausência de reação do condutor";"Saída de leito carroçável";"Sem Vítimas";"Pleno dia";"Crescente";"Céu Claro";"Simples";"Aclive";"Não";1;0;0;0;1;0;0;1;-19,16918;-54,756944;"SPRF-MS";"DEL06-MS";"UOP02-DEL06-MS"
566125;2023-12-07;"quinta-feira";"17:10:00";"SC";101;197;"BIGUACU";"Manobra de mudança de faixa";"Colisão lateral mesmo sentido";"Sem Vítimas";"Pleno dia";"Crescente";"Chuva";"Dupla";"Reta";"Sim";3;0;0;0;2;1;0;3;-27,51844497;-48,63848496;"SPRF-SC";"DEL01-SC";"UOP01-DEL01-SC"
566129;2023-12-07;"quinta-feira";"18:00:00";"MG";459;87,5;"CONGONHAL";"Acessar a via sem observar a presença dos outros veículos";"Colisão transversal";"Com Vítimas Feridas";"Anoitecer";"Decrescente";"Céu Claro";"Simples";"Reta";"Sim";3;0;2;0;1;0;2;2;-22,150749;-46,044227;"SPRF-MG";"DEL09-MG";"UOP01-DEL09-MG"
566135;2023-12-07;"quinta-feira";"17:15:00";"PR";376;345,5;"ORTIGUEIRA";"Velocidade Incompatível";"Saída de leito carroçável";"Com Vítimas Feridas";"Pleno dia";"Decrescente";"Nublado";"Simples";"Curva";"Não";2;0;1;0;0;2;1;3;-24,1731777;-50,965939;"SPRF-PR";"DEL07-PR";"UOP02-DEL07-PR"
566136;2023-12-07;"quinta-feira";"14:00:00";"MA";135;171;"SAO MATEUS DO MARANHAO";"Ultrapassagem Indevida";"Capotamento";"Com Vítimas Feridas";"Pleno dia";"Decrescente";"Céu Claro";"Simples";"Reta";"Não";4;0;0;1;1;3;1;5;-3,94097;-44,48016633;"SPRF-MA";"DEL03-MA";"UOP01-DEL03-MA"
566137;2023-12-07;"quinta-feira";"16:40:00";"PR";163;41,9;"PRANCHITA";"Desrespeitar a preferência no cruzamento";"Colisão transversal";"Com Vítimas Feridas";"Pleno dia";"Crescente";"Nublado";"Simples";"Interseção de Vias";"Não";3;0;1;0;1;1;1;3;-26,012787;-53,733325;"SPRF-PR";"DEL02-PR";"UOP02-DEL02-PR"
566140;2023-12-07;"quinta-feira";"17:55:00";"PR";277;105,2;"CAMPO LARGO";"Trafegar com motocicleta (ou similar) entre as faixas";"Colisão lateral mesmo sentido";"Com Vítimas Feridas";"Pleno dia";"Decrescente";"Chuva";"Dupla";"Reta";"Não";4;0;0;1;2;3;1;6;-25,433208;-49,41737;"SPRF-PR";"DEL01-PR";"UOP06-DEL01-PR"
566152;2023-12-07;"quinta-feira";"16:50:00";"AL";416;8,5;"SAO JOSE DA LAJE";"Problema com o freio";"Saída de leito carroçável";"Com Vítimas Feridas";"Pleno dia";"Crescente";"Nublado";"Simples";"Curva;Declive";"Não";1;0;1;0;0;0;1;1;-8,96765824;-36,01661682;"SPRF-AL";"DEL01-AL";"UOP02-DEL01-AL"
566153;2023-12-07;"quinta-feira";"14:15:00";"RS";158;306,5;"ITAARA";"Reação tardia ou ineficiente do condutor";"Tombamento";"Com Vítimas Feridas";"Pleno dia";"Decrescente";"Garoa/Chuvisco";"Simples";"Reta;Declive";"Sim";2;0;1;0;0;2;1;3;-29,58089364;-53,76704205;"SPRF-RS";"DEL09-RS";"UOP01-DEL09-RS"
566154;2023-12-07;"quinta-feira";"12:35:00";"SP";153;148,1;"PROMISSAO";"Demais falhas mecânicas ou elétricas";"Saída de leito carroçável";"Sem Vítimas";"Pleno dia";"Decrescente";"Céu Claro";"Simples";"Reta";"Não";2;0;0;0;1;2;0;3;-21,39944496;-49,78902362;"SPRF-SP";"DEL07-SP";"UOP01-DEL07-SP"
566157;2023-11-28;"terça-feira";"06:45:00";"BA";101;711,1;"EUNAPOLIS";"Ausência de reação do condutor";"Colisão lateral sentido oposto";"Sem Vítimas";"Pleno dia";"Crescente";"Céu Claro";"Simples";"Curva";"Não";2;0;0;0;2;0;0;2;-16,49374594;-39,57503506;"SPRF-BA";"DEL09-BA";"UOP01-DEL09-BA"
566159;2023-12-07;"quinta-feira";"06:50:00";"RJ";101;298;"ITABORAI";"Ultrapassagem Indevida";"Colisão lateral mesmo sentido";"Com Vítimas Feridas";"Pleno dia";"Crescente";"Céu Claro";"Dupla";"Reta";"Sim";2;0;0;1;1;0;1;2;-22,7714;-42,92896;"SPRF-RJ";"DEL02-RJ";"UOP02-DEL02-RJ"
566165;2023-12-07;"quinta-feira";"16:01:00";"MA";316;224;"BOM JARDIM";"Acessar a via sem observar a presença dos outros veículos";"Eventos atípicos";"Com Vítimas Fatais";"Pleno dia";"Decrescente";"Sol";"Simples";"Reta";"Sim";3;1;0;0;1;2;0;4;-3,503197;-45,655502;"SPRF-MA";"DEL02-MA";"UOP01-DEL02-MA"
566166;2023-12-07;"quinta-feira";"17:30:00";"PR";373;265;"PRUDENTOPOLIS";"Demais falhas mecânicas ou elétricas";"Saída de leito carroçável";"Sem Vítimas";"Anoitecer";"Crescente";"Chuva";"Simples";"Reta";"Sim";1;0;0;0;1;0;0;1;-25,20121348;-50,97737789;"SPRF-PR";"DEL08-PR";"UOP01-DEL08-PR"
566167;2023-12-07;"quinta-feira";"19:00:00";"BA";242;779;"BARREIRAS";"Reação tardia ou ineficiente do condutor";"Colisão traseira";"Com Vítimas Feridas";"Plena Noite";"Decrescente";"Céu Claro";"Simples";"Reta";"Não";4;0;1;1;1;2;2;5;-12,14263424;-44,89048004;"SPRF-BA";"DEL10-BA";"UOP01-DEL10-BA"
566173;2023-12-07;"quinta-feira";"17:00:00";"PI";343;0,1;"TERESINA";"Reação tardia ou ineficiente do condutor";"Colisão lateral mesmo sentido";"Sem Vítimas";"Anoitecer";"Decrescente";"Céu Claro";"Dupla";"Aclive;Reta";"Não";2;0;0;0;2;0;0;2;-5,089569;-42,802288;"SPRF-PI";"DEL01-PI";"UOP01-DEL01-PI"
566176;2023-12-07;"quinta-feira";"17:10:00";"MS";163;85;"ITAQUIRAI";"Velocidade Incompatível";"Colisão traseira";"Com Vítimas Feridas";"Anoitecer";"Crescente";"Chuva";"Simples";"Reta";"Não";5;0;2;0;2;2;2;4;-23,41486497;-54,20829976;"SPRF-MS";"DEL09-MS";"UOP01-DEL09-MS"
566181;2023-12-07;"quinta-feira";"18:20:00";"MG";381;690;"LAVRAS";"Ausência de reação do condutor";"Colisão com objeto";"Com Vítimas Feridas";"Anoitecer";"Decrescente";"Nublado";"Dupla";"Reta";"Não";2;0;0;1;1;0;1;2;-21,23347701;-45,13482496;"SPRF-MG";"DEL04-MG";"UOP02-DEL04-MG"
566187;2023-12-07;"quinta-feira";"17:14:00";"PI";135;337;"SANTA LUZ";"Ultrapassagem Indevida";"Saída de leito carroçável";"Com Vítimas Feridas";"Anoitecer";"Crescente";"Céu Claro";"Simples";"Reta;Aclive";"Não";6;0;1;0;5;0;1;2;-8,98351823;-44,28270378;"SPRF-PI";"DEL03-PI";"UOP02-DEL03-PI"
566193;2023-12-07;"quinta-feira";"14:30:00";"RR";401;74;"BONFIM";"Condutor Dormindo";"Tombamento";"Sem Vítimas";"Pleno dia";"Crescente";"Sol";"Simples";"Reta";"Não";2;0;0;0;0;2;0;1;3,18505914;-60,19933308;"SPRF-RR";"DEL01-RR";"UOP01-DEL01-RR"
566194;2023-12-07;"quinta-feira";"21:13:00";"SC";282;40,6;"AGUAS MORNAS";"Mal súbito do condutor";"Colisão frontal";"Com Vítimas Feridas";"Plena Noite";"Decrescente";"Nublado";"Simples";"Reta";"Sim";2;0;1;0;1;0;1;2;-27,716148;-48,869583;"SPRF-SC";"DEL01-SC";"UOP03-DEL01-SC"
566197;2023-12-07;"quinta-feira";"17:40:00";"RJ";101;210,5;"CASIMIRO DE ABREU";"Ausência de reação do condutor";"Colisão traseira";"Com Vítimas Feridas";"Pleno dia";"Decrescente";"Céu Claro";"Dupla";"Curva";"Não";4;0;0;2;1;1;2;3;-22,48164701;-42,23710101;"SPRF-RJ";"DEL08-RJ";"UOP04-DEL08-RJ"
566203;2023-11-05;"domingo";"12:28:00";"SP";116;197;"ARUJA";"Ausência de reação do condutor";"Colisão lateral mesmo sentido";"Com Vítimas Feridas";"Pleno dia";"Decrescente";"Sol";"Múltipla";"Curva";"Não";3;0;1;0;1;3;1;5;-23,39721625;-46,29284287;"SPRF-SP";"DEL01-SP";"UOP01-DEL01-SP"
566207;2023-12-07;"quinta-feira";"22:10:00";"RS";290;131;"ELDORADO DO SUL";"Velocidade Incompatível";"Tombamento";"Com Vítimas Feridas";"Plena Noite";"Crescente";"Céu Claro";"Simples";"Desvio Temporário";"Não";3;0;0;1;1;2;1;4;-30,06170819;-51,53067255;"SPRF-RS";"DEL02-RS";"UOP01-DEL02-RS"
566215;2023-12-07;"quinta-feira";"23:00:00";"PR";476;97;"BOCAIUVA DO SUL";"Reação tardia ou ineficiente do condutor";"Colisão lateral sentido oposto";"Com Vítimas Feridas";"Plena Noite";"Crescente";"Chuva";"Simples";"Curva";"Não";7;0;5;0;1;2;5;4;-25,234463;-49,127838;"SPRF-PR";"DEL01-PR";"UOP01-DEL01-PR"
566217;2023-12-07;"quinta-feira";"23:10:00";"SP";116;140,4;"SAO JOSE DOS CAMPOS";"Condutor Dormindo";"Colisão traseira";"Com Vítimas Feridas";"Plena Noite";"Crescente";"Céu Claro";"Dupla";"Reta";"Sim";3;0;0;1;1;1;1;3;-23,16577714;-45,81246193;"SPRF-SP";"DEL02-SP";"UOP01-DEL02-SP"
566230;2023-12-08;"sexta-feira";"02:30:00";"GO";50;164,5;"CAMPO ALEGRE DE GOIAS";"Condutor Dormindo";"Saída de leito carroçável";"Com Vítimas Feridas";"Plena Noite";"Decrescente";"Céu Claro";"Dupla";"Curva";"Não";1;0;1;0;0;0;1;1;-17,287;-47,7572;"SPRF-GO";"DEL06-GO";"UOP01-DEL06-GO"
566233;2023-12-08;"sexta-feira";"05:31:00";"PE";232;495;"VERDEJANTE";"Carga excessiva e/ou mal acondicionada";"Tombamento";"Com Vítimas Feridas";"Amanhecer";"Crescente";"Céu Claro";"Simples";"Curva";"Não";2;0;2;0;0;0;2;1;-8,01339923;-39,01636695;"SPRF-PE";"DEL05-PE";"UOP01-DEL05-PE"
566234;2023-12-07;"quinta-feira";"20:00:00";"ES";101;8;"PEDRO CANARIO";"Objeto estático sobre o leito carroçável";"Colisão traseira";"Com Vítimas Feridas";"Plena Noite";"Crescente";"Céu Claro";"Simples";"Reta";"Não";4;0;1;0;2;1;1;4;-18,23027961;-39,95278417;"SPRF-ES";"DEL04-ES";"UOP02-DEL04-ES"