"id";"data_inversa";"dia_semana";"horario";"uf";"br";"km";"municipio";"causa_acidente";"tipo_acidente";"classificacao_acidente";"fase_dia";"sentido_via";"condicao_metereologica";"tipo_pista";"tracado_via";"uso_solo";"pessoas";"mortos";"feridos_leves";"feridos_graves";"ilesos";"ignorados";"feridos";"veiculos";"latitude";"longitude";"regional";"delegacia";"uop"
566238;2023-12-07;"quinta-feira";"10:45:00";"BA";110;234;"QUIJINGUE";"Reação tardia ou ineficiente do condutor";"Colisão frontal";"Com Vítimas Feridas";"Pleno dia";"Crescente";"Céu Claro";"Simples";"Reta";"Não";2;0;0;1;1;0;1;2;-10,64628738;-38,95385933;"SPRF-BA";"DEL07-BA";"UOP02-DEL07-BA"
566240;2023-12-08;"sexta-feira";"06:20:00";"SC";282;21;"PALHOCA";"Mal súbito do condutor";"Colisão com objeto";"Sem Vítimas";"Amanhecer";"Decrescente";"Nublado";"Simples";"Reta";"Sim";2;0;0;0;1;1;0;2;-27,68907;-48,717541;"SPRF-SC";"DEL01-SC";"UOP02-DEL01-SC"
566242;2023-12-08;"sexta-feira";"06:00:00";"SC";101;5,5;"SAO JOSE";"Demais falhas mecânicas ou elétricas";"Colisão traseira";"Com Vítimas Feridas";"Pleno dia";"Decrescente";"Nublado";"Simples";"Curva;Aclive";"Sim";3;0;1;0;2;0;1;2;-27,58528498;-48,61788154;"SPRF-SC";"DEL03-SC";"UOP01-DEL03-SC"
566248;2023-12-08;"sexta-feira";"06:15:00";"MS";262;9;"TRES LAGOAS";"Acessar a via sem observar a presença dos outros veículos";"Colisão lateral mesmo sentido";"Com Vítimas Fatais";"Pleno dia";"Crescente";"Céu Claro";"Simples";"Curva";"Sim";3;1;0;0;1;3;0;5;-20,80451613;-51,68678981;"SPRF-MS";"DEL07-MS";"UOP01-DEL07-MS"
566253;2023-12-07;"quinta-feira";"17:00:00";"BA";242;199;"ITABERABA";"Demais falhas mecânicas ou elétricas";"Tombamento";"Sem Vítimas";"Pleno dia";"Decrescente";"Céu Claro";"Simples";"Reta";"Não";2;0;0;0;1;2;0;3;-12,520254;-40,04007;"SPRF-BA";"DEL06-BA";"UOP02-DEL06-BA"
566267;2023-12-08;"sexta-feira";"08:00:00";"PR";376;195,9;"MARIALVA";"Suicídio (presumido)";"Colisão transversal";"Com Vítimas Feridas";"Pleno dia";"Decrescente";"Céu Claro";"Dupla";"Retorno Regulamentado;Declive";"Não";2;0;0;1;1;0;1;2;-23,50166285;-51,78787708;"SPRF-PR";"DEL09-PR";"UOP01-DEL09-PR"
566268;2023-12-04;"segunda-feira";"13:40:00";"MT";364;397,1;"CUIABA";"Manobra de mudança de faixa";"Engavetamento";"Com Vítimas Feridas";"Pleno dia";"Decrescente";"Chuva";"Dupla";"Reta";"Sim";2;0;1;0;0;1;1;2;-15,68576587;-55,91556072;"SPRF-MT";"DEL01-MT";"UOP02-DEL01-MT"
566270;2023-12-08;"sexta-feira";"08:30:00";"SC";101;191;"BIGUACU";"Manobra de mudança de faixa";"Colisão lateral mesmo sentido";"Com Vítimas Feridas";"Pleno dia";"Decrescente";"Nublado";"Dupla";"Curva";"Não";2;0;1;0;1;0;1;2;-27,47730273;-48,64127329;"SPRF-SC";"DEL01-SC";"UOP01-DEL01-SC"
566274;2023-12-08;"sexta-feira";"08:25:00";"BA";324;528;"FEIRA DE SANTANA";"Condutor deixou de manter distância do veículo da frente";"Colisão traseira";"Sem Vítimas";"Pleno dia";"Decrescente";"Chuva";"Dupla";"Reta";"Sim";6;0;0;0;6;0;0;6;-12,31728191;-38,87612093;"SPRF-BA";"DEL01-BA";"UOP03-DEL01-BA"
566275;2023-12-08;"sexta-feira";"03:50:00";"PR";376;426;"TIBAGI";"Reação tardia ou ineficiente do condutor";"Saída de leito carroçável";"Sem Vítimas";"Plena Noite";"Crescente";"Garoa/Chuvisco";"Dupla";"Reta;Declive";"Não";2;0;0;0;1;1;0;2;-24,70027467;-50,57667196;"SPRF-PR";"DEL03-PR";"UOP02-DEL03-PR"
566280;2023-12-08;"sexta-feira";"08:40:00";"BA";116;419;"FEIRA DE SANTANA";"Acesso irregular";"Colisão traseira";"Com Vítimas Feridas";"Pleno dia";"Crescente";"Céu Claro";"Dupla";"Desvio Temporário";"Sim";2;0;1;0;1;0;1;2;-12,194529;-38,965336;"SPRF-BA";"DEL02-BA";"UOP01-DEL02-BA"
566281;2023-12-08;"sexta-feira";"09:25:00";"PB";101;113;"ALHANDRA";"Ausência de reação do condutor";"Colisão traseira";"Com Vítimas Fatais";"Pleno dia";"Decrescente";"Céu Claro";"Dupla";"Aclive;Reta";"Sim";4;1;0;1;1;1;1;3;-7,37852293;-34,95673822;"SPRF-PB";"DEL01-PB";"UOP02-DEL01-PB"
566282;2023-12-08;"sexta-feira";"07:20:00";"GO";153;682;"ITUMBIARA";"Velocidade Incompatível";"Capotamento";"Com Vítimas Feridas";"Pleno dia";"Decrescente";"Céu Claro";"Dupla";"Reta;Declive";"Não";3;0;2;0;1;0;2;1;-18,2401;-49,2569;"SPRF-GO";"DEL03-GO";"UOP02-DEL03-GO"
566284;2023-12-08;"sexta-feira";"07:30:00";"GO";153;508;"APARECIDA DE GOIANIA";"Reação tardia ou ineficiente do condutor";"Colisão lateral mesmo sentido";"Com Vítimas Fatais";"Pleno dia";"Decrescente";"Nublado";"Múltipla";"Aclive";"Sim";6;1;3;0;1;1;3;4;-16,7804;-49,2371;"SPRF-GO";"DEL01-GO";"UOP03-DEL01-GO"
566286;2023-12-08;"sexta-feira";"06:25:00";"CE";20;137,9;"TAUA";"Reação tardia ou ineficiente do condutor";"Saída de leito carroçável";"Com Vítimas Feridas";"Pleno dia";"Crescente";"Céu Claro";"Simples";"Reta";"Não";2;0;0;1;0;1;1;2;-5,58332508;-40,09069286;"SPRF-CE";"DEL02-CE";"UOP02-DEL02-CE"
566305;2023-12-08;"sexta-feira";"09:30:00";"RS";285;566;"SAO LUIZ GONZAGA";"Acessar a via sem observar a presença dos outros veículos";"Colisão transversal";"Com Vítimas Feridas";"Pleno dia";"Crescente";"Sol";"Simples";"Reta;Interseção de Vias;Em Obras";"Não";5;0;1;0;3;1;1;3;-28,41712345;-54,93837297;"SPRF-RS";"DEL10-RS";"UOP01-DEL10-RS"
566308;2023-12-08;"sexta-feira";"10:20:00";"SP";116;212,8;"GUARULHOS";"Estacionar ou parar em local proibido";"Colisão traseira";"Com Vítimas Feridas";"Pleno dia";"Crescente";"Céu Claro";"Múltipla";"Reta";"Sim";2;0;1;0;1;0;1;2;-23,43995619;-46,43848021;"SPRF-SP";"DEL01-SP";"UOP01-DEL01-SP"
566309;2023-12-08;"sexta-feira";"07:15:00";"SP";116;74,3;"APARECIDA";"Reação tardia ou ineficiente do condutor";"Colisão lateral mesmo sentido";"Com Vítimas Feridas";"Pleno dia";"Decrescente";"Céu Claro";"Dupla";"Reta";"Não";4;0;2;0;2;0;2;2;-22,87353809;-45,25320023;"SPRF-SP";"DEL08-SP";"UOP01-DEL08-SP"
566310;2023-12-08;"sexta-feira";"10:15:00";"RJ";40;123;"RIO DE JANEIRO";"Manobra de mudança de faixa";"Colisão lateral mesmo sentido";"Sem Vítimas";"Pleno dia";"Crescente";"Nublado";"Múltipla";"Reta";"Sim";3;0;0;0;1;2;0;3;-22,79907687;-43,29015739;"SPRF-RJ";"DEL01-RJ";"UOP02-DEL01-RJ"
566311;2023-09-27;"quarta-feira";"22:15:00";"PR";373;194,5;"IPIRANGA";"Avarias e/ou desgaste excessivo no pneu";"Colisão com objeto";"Com Vítimas Feridas";"Plena Noite";"Decrescente";"Céu Claro";"Simples";"Curva";"Não";4;0;0;1;2;3;1;6;-25,07821387;-50,36639214;"SPRF-PR";"DEL03-PR";"UOP01-DEL03-PR"
566312;2023-12-08;"sexta-feira";"11:20:00";"MG";381;330;"NOVA ERA";"Ausência de reação do condutor";"Tombamento";"Com Vítimas Fatais";"Pleno dia";"Crescente";"Céu Claro";"Dupla";"Curva;Declive";"Não";3;1;1;0;0;9;1;10;-19,78715144;-43,05117784;"SPRF-MG";"DEL03-MG";"UOP01-DEL03-MG"
566317;2023-12-08;"sexta-feira";"11:07:00";"PR";116;89,9;"PIRAQUARA";"Condutor Dormindo";"Engavetamento";"Com Vítimas Feridas";"Pleno dia";"Crescente";"Céu Claro";"Dupla";"Reta";"Não";13;0;3;2;5;3;5;8;-25,45234248;-49,08724297;"SPRF-PR";"DEL01-PR";"UOP07-DEL01-PR"
566319;2023-12-08;"sexta-feira";"09:50:00";"PA";316;151;"CAPANEMA";"Acessar a via sem observar a presença dos outros veículos";"Colisão transversal";"Com Vítimas Feridas";"Pleno dia";"Decrescente";"Céu Claro";"Simples";"Reta";"Não";4;0;0;2;1;1;2;3;-1,21245345;-47,1845026;"SPRF-PA";"DEL01-PA";"UOP03-DEL01-PA"
566323;2023-12-08;"sexta-feira";"05:35:00";"MT";163;1013;"TERRA NOVA DO NORTE";"Neblina";"Colisão lateral mesmo sentido";"Com Vítimas Feridas";"Amanhecer";"Decrescente";"Nevoeiro/Neblina";"Simples";"Reta;Declive";"Não";4;0;1;0;2;3;1;5;-10,39386108;-55,05155985;"SPRF-MT";"DEL06-MT";"UOP03-DEL06-MT"
566326;2023-12-08;"sexta-feira";"07:00:00";"SC";282;286,4;"SAO JOSE DO CERRITO";"Reação tardia ou ineficiente do condutor";"Tombamento";"Com Vítimas Fatais";"Amanhecer";"Decrescente";"Nublado";"Simples";"Curva;Declive";"Não";2;2;0;0;0;0;0;2;-27,5691846;-50,8166314;"SPRF-SC";"DEL05-SC";"UOP02-DEL05-SC"
566327;2023-12-08;"sexta-feira";"13:00:00";"SP";116;229;"SAO PAULO";"Frear bruscamente";"Colisão traseira";"Com Vítimas Feridas";"Pleno dia";"Decrescente";"Céu Claro";"Dupla";"Reta";"Sim";3;0;1;0;1;1;1;3;-23,51291902;-46,57604698;"SPRF-SP";"DEL01-SP";"UOP01-DEL01-SP"
566331;2023-12-08;"sexta-feira";"13:20:00";"PE";101;61;"RECIFE";"Ausência de reação do condutor";"Colisão lateral mesmo sentido";"Com Vítimas Feridas";"Pleno dia";"Decrescente";"Céu Claro";"Dupla";"Reta";"Sim";4;0;0;2;2;0;2;3;-7,99097103;-34,93598295;"SPRF-PE";"DEL01-PE";"UOP02-DEL01-PE"
566332;2023-12-08;"sexta-feira";"13:40:00";"PR";376;489,7;"PONTA GROSSA";"Manobra de mudança de faixa";"Colisão lateral mesmo sentido";"Com Vítimas Feridas";"Pleno dia";"Decrescente";"Céu Claro";"Dupla";"Aclive;Reta";"Sim";3;0;1;0;1;1;1;3;-25,14172584;-50,1586859;"SPRF-PR";"DEL03-PR";"UOP04-DEL03-PR"
566336;2023-12-08;"sexta-feira";"14:00:00";"MG";365;107;"JEQUITAI";"Ausência de reação do condutor";"Colisão traseira";"Com Vítimas Feridas";"Pleno dia";"Crescente";"Céu Claro";"Simples";"Em Obras;Reta;Declive";"Não";4;0;2;0;1;1;2;3;-17,20694198;-44,587357;"SPRF-MG";"DEL12-MG";"UOP01-DEL12-MG"
566338;2023-12-08;"sexta-feira";"12:10:00";"BA";415;26;"ILHEUS";"Velocidade Incompatível";"Colisão lateral sentido oposto";"Com Vítimas Fatais";"Pleno dia";"Decrescente";"Céu Claro";"Simples";"Reta";"Não";2;1;0;0;1;0;0;2;-14,79674653;-39,20228899;"SPRF-BA";"DEL05-BA";"UOP01-DEL05-BA"
566341;2023-12-08;"sexta-feira";"13:20:00";"MT";174;255;"VALE DE SAO DOMINGOS";"Acessar a via sem observar a presença dos outros veículos";"Colisão transversal";"Com Vítimas Feridas";"Pleno dia";"Crescente";"Céu Claro";"Simples";"Reta";"Sim";4;0;1;0;3;0;1;4;-15,45717878;-59,09780256;"SPRF-MT";"DEL04-MT";"UOP01-DEL04-MT"
566344;2023-12-08;"sexta-feira";"15:00:00";"MG";262;417;"IGARATINGA";"Reação tardia ou ineficiente do condutor";"Colisão traseira";"Com Vítimas Feridas";"Pleno dia";"Crescente";"Céu Claro";"Dupla";"Retorno Regulamentado";"Não";4;0;1;0;2;1;1;3;-19,90564403;-44,68893403;"SPRF-MG";"DEL08-MG";"UOP03-DEL08-MG"
566345;2023-12-08;"sexta-feira";"14:47:00";"RN";226;223;"FLORANIA";"Acessar a via sem observar a presença dos outros veículos";"Colisão transversal";"Sem Vítimas";"Pleno dia";"Crescente";"Céu Claro";"Simples";"Curva";"Não";2;0;0;0;2;0;0;2;-6,13822;-36,856219;"SPRF-RN";"DEL03-RN";"UOP01-DEL03-RN"
566346;2023-12-08;"sexta-feira";"10:43:00";"ES";262;29;"VIANA";"Problema com o freio";"Colisão frontal";"Com Vítimas Feridas";"Pleno dia";"Crescente";"Céu Claro";"Simples";"Curva";"Não";4;0;1;0;2;1;1;4;-20,37585099;-40,56027297;"SPRF-ES";"DEL01-ES";"UOP01-DEL01-ES"
566348;2023-12-07;"quinta-feira";"23:00:00";"PA";222;77,8;"RONDON DO PARA";"Demais falhas mecânicas ou elétricas";"Saída de leito carroçável";"Com Vítimas Feridas";"Plena Noite";"Decrescente";"Nublado";"Simples";"Aclive";"Não";3;0;1;0;1;1;1;2;-4,618178;-47,885532;"SPRF-PA";"DEL02-PA";"UOP02-DEL02-PA"
566355;2023-12-08;"sexta-feira";"15:15:00";"PE";232;151;"SAO CAITANO";"Ausência de reação do condutor";"Colisão traseira";"Com Vítimas Feridas";"Pleno dia";"Crescente";"Céu Claro";"Simples";"Reta";"Não";3;0;0;1;1;2;1;4;-8,32744699;-36,15405;"SPRF-PE";"DEL03-PE";"UOP02-DEL03-PE"
566356;2023-12-08;"sexta-feira";"14:30:00";"PR";376;253;"APUCARANA";"Reação tardia ou ineficiente do condutor";"Colisão traseira";"Com Vítimas Feridas";"Pleno dia";"Crescente";"Céu Claro";"Dupla";"Reta";"Não";4;0;0;1;1;4;1;6;-23,63205;-51,37803;"SPRF-PR";"DEL07-PR";"UOP03-DEL07-PR"
566363;2023-12-08;"sexta-feira";"13:50:00";"BA";407;212;"CAPIM GROSSO";"Avarias e/ou desgaste excessivo no pneu";"Colisão lateral sentido oposto";"Sem Vítimas";"Pleno dia";"Crescente";"Céu Claro";"Simples";"Reta";"Não";2;0;0;0;1;1;0;2;-11,20581991;-40,03727283;"SPRF-BA";"DEL04-BA";"UOP02-DEL04-BA"
566365;2023-12-08;"sexta-feira";"06:30:00";"GO";364;352;"MINEIROS";"Velocidade Incompatível";"Tombamento";"Sem Vítimas";"Pleno dia";"Crescente";"Céu Claro";"Simples";"Curva;Declive";"Não";2;0;0;0;1;3;0;4;-17,380156;-52,924263;"SPRF-GO";"DEL05-GO";"UOP01-DEL05-GO"
566374;2023-12-08;"sexta-feira";"14:40:00";"MG";116;525,3;"CARATINGA";"Ausência de reação do condutor";"Saída de leito carroçável";"Com Vítimas Feridas";"Pleno dia";"Decrescente";"Céu Claro";"Dupla";"Curva";"Sim";3;0;0;2;1;0;2;2;-19,76833785;-42,13105238;"SPRF-MG";"DEL06-MG";"UOP02-DEL06-MG"
566376;2023-12-08;"sexta-feira";"15:15:00";"MG";116;600;"SAO JOAO DO MANHUACU";"Ausência de reação do condutor";"Tombamento";"Com Vítimas Feridas";"Pleno dia";"Crescente";"Céu Claro";"Simples";"Curva";"Não";4;0;0;2;1;1;2;3;-20,33157703;-42,14776317;"SPRF-MG";"DEL06-MG";"UOP03-DEL06-MG"
566379;2023-12-08;"sexta-feira";"12:10:00";"RJ";116;202;"QUEIMADOS";"Ausência de reação do condutor";"Colisão traseira";"Com Vítimas Feridas";"Pleno dia";"Crescente";"Céu Claro";"Dupla";"Reta";"Sim";3;0;1;0;2;0;1;3;-22,72996588;-43,61317403;"SPRF-RJ";"DEL06-RJ";"UOP02-DEL06-RJ"
566381;2023-12-08;"sexta-feira";"17:00:00";"MG";50;55,6;"ARAGUARI";"Velocidade Incompatível";"Derramamento de carga";"Com Vítimas Feridas";"Pleno dia";"Decrescente";"Céu Claro";"Dupla";"Curva;Declive";"Não";6;0;4;0;2;0;4;4;-18,78139483;-48,23744774;"SPRF-MG";"DEL15-MG";"UOP02-DEL15-MG"
566389;2023-12-08;"sexta-feira";"14:30:00";"RJ";0;0;"NITEROI";"Transtornos Mentais (exceto suicidio)";"Atropelamento de Pedestre";"Com Vítimas Feridas";"Pleno dia";"Não Informado";"Céu Claro";"Simples";"Curva";"Não";3;0;1;0;1;1;1;2;-22,87987661;-43,11207354;"SPRF-RJ";"DEL02-RJ";"UOP01-DEL02-RJ"
566400;2023-12-08;"sexta-feira";"17:30:00";"BA";116;825,6;"VITORIA DA CONQUISTA";"Reação tardia ou ineficiente do condutor";"Colisão lateral mesmo sentido";"Com Vítimas Feridas";"Anoitecer";"Crescente";"Céu Claro";"Simples";"Reta";"Sim";4;0;0;1;2;1;1;4;-14,875772;-40,853262;"SPRF-BA";"DEL08-BA";"UOP01-DEL08-BA"
566401;2023-12-08;"sexta-feira";"17:30:00";"MT";364;204;"RONDONOPOLIS";"Manobra de mudança de faixa";"Colisão traseira";"Com Vítimas Feridas";"Anoitecer";"Decrescente";"Nublado";"Dupla";"Reta";"Sim";3;0;0;1;1;3;1;5;-16,467325;-54,657196;"SPRF-MT";"DEL02-MT";"UOP01-DEL02-MT"
566402;2023-12-08;"sexta-feira";"16:20:00";"MA";10;249;"IMPERATRIZ";"Condutor deixou de manter distância do veículo da frente";"Colisão traseira";"Com Vítimas Fatais";"Pleno dia";"Decrescente";"Céu Claro";"Dupla";"Reta";"Sim";2;1;0;0;1;0;0;2;-5,558508;-47,45417;"SPRF-MA";"DEL04-MA";"UOP01-DEL04-MA"
566405;2023-12-08;"sexta-feira";"14:50:00";"GO";153;263;"NOVA GLORIA";"Reação tardia ou ineficiente do condutor";"Colisão lateral mesmo sentido";"Com Vítimas Feridas";"Pleno dia";"Crescente";"Céu Claro";"Simples";"Declive";"Não";4;0;2;0;1;1;2;3;-15,01614;-49,421726;"SPRF-GO";"DEL07-GO";"UOP02-DEL07-GO"
566417;2023-12-08;"sexta-feira";"17:00:00";"MG";365;503;"PATROCINIO";"Transitar na contramão";"Colisão frontal";"Com Vítimas Fatais";"Anoitecer";"Crescente";"Nublado";"Simples";"Curva";"Não";3;1;1;0;0;1;1;3;-18,95648817;-47,25524101;"SPRF-MG";"DEL10-MG";"UOP01-DEL10-MG"
566422;2023-12-08;"sexta-feira";"17:10:00";"PR";376;303;"MAUA DA SERRA";"Demais falhas mecânicas ou elétricas";"Incêndio";"Sem Vítimas";"Pleno dia";"Crescente";"Céu Claro";"Dupla";"Curva";"Não";2;0;0;0;1;3;0;4;-23,94940698;-51,11940888;"SPRF-PR";"DEL07-PR";"UOP02-DEL07-PR"
566424;2023-12-08;"sexta-feira";"19:50:00";"SC";101;34,5;"JOINVILLE";"Manobra de mudança de faixa";"Colisão lateral mesmo sentido";"Com Vítimas Feridas";"Plena Noite";"Crescente";"Céu Claro";"Dupla";"Reta;Aclive";"Não";5;0;1;0;2;2;1;4;-26,23667403;-48,91486706;"SPRF-SC";"DEL03-SC";"UOP01-DEL03-SC"
566425;2023-12-08;"sexta-feira";"18:15:00";"PR";476;120;"COLOMBO";"Ingestão de álcool pelo condutor";"Engavetamento";"Sem Vítimas";"Anoitecer";"Decrescente";"Nublado";"Dupla";"Reta";"Sim";7;0;0;0;7;0;0;7;-25,374846;-49,193872;"SPRF-PR";"DEL01-PR";"UOP01-DEL01-PR"
566428;2023-12-08;"sexta-feira";"20:15:00";"SP";116;218;"GUARULHOS";"Acessar a via sem observar a presença dos outros veículos";"Colisão lateral mesmo sentido";"Com Vítimas Feridas";"Plena Noite";"Decrescente";"Nublado";"Múltipla";"Reta";"Sim";3;0;2;0;1;0;2;2;-23,457972;-46,479927;"SPRF-SP";"DEL01-SP";"UOP01-DEL01-SP"
566434;2023-12-08;"sexta-feira";"06:30:00";"MG";116;6;"DIVISA ALEGRE";"Reação tardia ou ineficiente do condutor";"Tombamento";"Com Vítimas Feridas";"Pleno dia";"Decrescente";"Céu Claro";"Simples";"Aclive;Curva";"Não";2;0;1;0;0;1;1;2;-15,74952994;-41,33072084;"SPRF-BA";"DEL08-BA";"UOP03-DEL08-BA"
566435;2023-12-08;"sexta-feira";"16:25:00";"SC";282;535,2;"CHAPECO";"Acessar a via sem observar a presença dos outros veículos";"Colisão transversal";"Com Vítimas Feridas";"Pleno dia";"Crescente";"Céu Claro";"Simples";"Rotatória;Interseção de Vias";"Não";3;0;1;0;1;1;1;3;-26,998245;-52,643768;"SPRF-SC";"DEL07-SC";"UOP01-DEL07-SC"
566448;2023-12-06;"quarta-feira";"09:30:00";"MG";381;393;"BARAO DE COCAIS";"Ausência de reação do condutor";"Tombamento";"Com Vítimas Feridas";"Pleno dia";"Decrescente";"Céu Claro";"Dupla";"Curva;Viaduto;Aclive";"Não";3;0;2;0;0;1;2;2;-19,75958849;-43,46406908;"SPRF-MG";"DEL01-MG";"UOP01-DEL01-MG"
566457;2023-12-08;"sexta-feira";"21:30:00";"PR";376;470;"PONTA GROSSA";"Ausência de reação do condutor";"Saída de leito carroçável";"Com Vítimas Feridas";"Plena Noite";"Crescente";"Ignorado";"Dupla";"Curva";"Não";2;0;1;0;0;1;1;2;-25,0409359;-50,27017496;"SPRF-PR";"DEL03-PR";"UOP01-DEL03-PR"
566459;2023-12-08;"sexta-feira";"19:10:00";"MG";116;672;"MIRADOURO";"Transitar na contramão";"Colisão lateral sentido oposto";"Com Vítimas Feridas";"Plena Noite";"Crescente";"Chuva";"Simples";"Reta";"Sim";5;0;4;0;0;1;4;3;-20,88623954;-42,34037519;"SPRF-MG";"DEL07-MG";"UOP02-DEL07-MG"
566470;2023-12-08;"sexta-feira";"15:20:00";"RS";290;61;"GRAVATAI";"Ausência de reação do condutor";"Saída de leito carroçável";"Com Vítimas Feridas";"Pleno dia";"Crescente";"Céu Claro";"Múltipla";"Aclive;Reta";"Não";2;0;1;0;0;1;1;2;-29,927965;-50,868099;"SPRF-RS";"DEL03-RS";"UOP01-DEL03-RS"
566471;2023-12-08;"sexta-feira";"21:00:00";"RJ";40;109;"DUQUE DE CAXIAS";"Carga excessiva e/ou mal acondicionada";"Tombamento";"Com Vítimas Feridas";"Plena Noite";"Decrescente";"Garoa/Chuvisco";"Simples";"Curva";"Não";1;0;1;0;0;0;1;1;-22,67374628;-43,28638368;"SPRF-RJ";"DEL01-RJ";"UOP02-DEL01-RJ"
566473;2023-12-08;"sexta-feira";"19:40:00";"MG";365;372,2;"PATOS DE MINAS";"Reação tardia ou ineficiente do condutor";"Colisão traseira";"Com Vítimas Feridas";"Plena Noite";"Decrescente";"Céu Claro";"Simples";"Reta;Declive";"Não";3;0;0;1;1;1;1;3;-18,54577;-46,20752;"SPRF-MG";"DEL10-MG";"UOP01-DEL10-MG"
566475;2023-12-08;"sexta-feira";"23:30:00";"MG";40;600;"CONGONHAS";"Pedestre andava na pista";"Atropelamento de Pedestre";"Com Vítimas Feridas";"Plena Noite";"Crescente";"Céu Claro";"Simples";"Reta;Declive";"Não";2;0;0;1;1;0;1;2;-20,42625199;-43,86231799;"SPRF-MG";"DEL05-MG";"UOP02-DEL05-MG"
566477;2023-12-08;"sexta-feira";"21:10:00";"MA";316;609,5;"TIMON";"Transitar na contramão";"Colisão lateral sentido oposto";"Com Vítimas Feridas";"Plena Noite";"Decrescente";"Céu Claro";"Simples";"Reta;Declive";"Não";2;0;1;0;0;1;1;2;-5,065395;-42,884464;"SPRF-MA";"DEL03-MA";"UOP02-DEL03-MA"
566487;2023-12-09;"sábado";"02:30:00";"PE";232;61,4;"POMBOS";"Pedestre andava na pista";"Atropelamento de Pedestre";"Com Vítimas Fatais";"Plena Noite";"Decrescente";"Céu Claro";"Dupla";"Aclive;Reta";"Não";5;1;0;1;2;1;1;4;-8,15486;-35,419208;"SPRF-PE";"DEL02-PE";"UOP02-DEL02PE"
566492;2023-12-09;"sábado";"04:00:00";"SC";470;3;"NAVEGANTES";"Ingestão de álcool pelo condutor";"Colisão lateral mesmo sentido";"Sem Vítimas";"Amanhecer";"Decrescente";"Nublado";"Dupla";"Em Obras;Reta;Desvio Temporário";"Sim";2;0;0;0;2;0;0;2;-26,861937;-48,681618;"SPRF-SC";"DEL04-SC";"UOP04-DEL04-SC"
566500;2023-12-09;"sábado";"05:00:00";"GO";70;311;"JUSSARA";"Reação tardia ou ineficiente do condutor";"Colisão com objeto";"Sem Vítimas";"Amanhecer";"Decrescente";"Céu Claro";"Simples";"Ponte";"Não";2;0;0;0;1;1;0;2;-15,87555932;-50,83567858;"SPRF-GO";"DEL04-GO";"UOP02-DEL04-GO"
566508;2023-12-09;"sábado";"06:00:00";"PR";376;3;"APUCARANA";"Transitar na contramão";"Colisão frontal";"Com Vítimas Feridas";"Pleno dia";"Crescente";"Céu Claro";"Simples";"Reta;Interseção de Vias;Aclive";"Sim";2;0;0;1;1;0;1;2;-23,55934;-51,43673;"SPRF-PR";"DEL07-PR";"UOP03-DEL07-PR"
566514;2023-12-09;"sábado";"04:00:00";"RJ";101;570;"PARATY";"Demais Fenômenos da natureza";"Colisão com objeto";"Sem Vítimas";"Amanhecer";"Decrescente";"Chuva";"Simples";"Reta";"Não";2;0;0;0;2;0;0;1;-23,18216501;-44,71777595;"SPRF-RJ";"DEL03-RJ";"UOP04-DEL03-RJ"
566520;2023-12-09;"sábado";"00:30:00";"PR";153;372;"RIO AZUL";"Transitar na contramão";"Colisão lateral sentido oposto";"Sem Vítimas";"Plena Noite";"Decrescente";"Céu Claro";"Simples";"Reta";"Não";2;0;0;0;2;0;0;2;-25,75048795;-50,82423102;"SPRF-PR";"DEL08-PR";"UOP02-DEL08-PR"
566521;2023-12-09;"sábado";"00:00:00";"PR";153;363;"RIO AZUL";"Transitar na contramão";"Colisão lateral sentido oposto";"Com Vítimas Feridas";"Plena Noite";"Decrescente";"Céu Claro";"Simples";"Reta";"Não";3;0;0;1;1;1;1;3;-25,69335111;-50,77297891;"SPRF-PR";"DEL08-PR";"UOP02-DEL08-PR"
566530;2023-12-09;"sábado";"07:15:00";"CE";222;24;"CAUCAIA";"Transitar no Acostamento";"Colisão lateral mesmo sentido";"Com Vítimas Feridas";"Pleno dia";"Crescente";"Céu Claro";"Simples";"Reta;Em Obras";"Não";2;0;0;1;1;0;1;2;-3,72993822;-38,76858609;"SPRF-CE";"DEL01-CE";"UOP01-DEL01-CE"
566534;2023-12-09;"sábado";"07:00:00";"MS";436;1;"APARECIDA DO TABOADO";"Ausência de reação do condutor";"Tombamento";"Com Vítimas Feridas";"Pleno dia";"Crescente";"Céu Claro";"Simples";"Rotatória";"Não";2;0;0;1;0;1;1;2;-20,087124;-51,09403;"SPRF-MS";"DEL08-MS";"UOP01-DEL08-MS"
566536;2023-12-09;"sábado";"06:10:00";"RJ";393;213,7;"VASSOURAS";"Problema com o freio";"Incêndio";"Sem Vítimas";"Pleno dia";"Crescente";"Nublado";"Simples";"Reta";"Não";2;0;0;0;1;1;0;2;-22,30869;-43,50368;"SPRF-RJ";"DEL05-RJ";"UOP03-DEL05-RJ"
566537;2023-12-09;"sábado";"07:10:00";"PR";277;556,2;"CASCAVEL";"Transitar na contramão";"Colisão frontal";"Com Vítimas Feridas";"Pleno dia";"Decrescente";"Nublado";"Simples";"Curva";"Não";4;0;2;0;1;1;2;3;-25,08848857;-53,17848305;"SPRF-PR";"DEL04-PR";"UOP04-DEL04-PR"
566538;2023-12-09;"sábado";"06:00:00";"RO";364;302;"PRESIDENTE MEDICI";"Reação tardia ou ineficiente do condutor";"Tombamento";"Com Vítimas Feridas";"Amanhecer";"Crescente";"Céu Claro";"Simples";"Reta;Declive";"Não";2;0;1;0;0;2;1;3;-11,226642;-61,90184;"SPRF-RO";"DEL02-RO";"UOP01-DEL02-RO"