"id";"data_inversa";"dia_semana";"horario";"uf";"br";"km";"municipio";"causa_acidente";"tipo_acidente";"classificacao_acidente";"fase_dia";"sentido_via";"condicao_metereologica";"tipo_pista";"tracado_via";"uso_solo";"pessoas";"mortos";"feridos_leves";"feridos_graves";"ilesos";"ignorados";"feridos";"veiculos";"latitude";"longitude";"regional";"delegacia";"uop"
566539;2023-12-09;"sábado";"01:20:00";"BA";410;14;"TUCANO";"Demais falhas mecânicas ou elétricas";"Incêndio";"Sem Vítimas";"Plena Noite";"Crescente";"Céu Claro";"Simples";"Reta";"Não";4;0;0;0;3;1;0;2;-10,8791782;-38,63936989;"SPRF-BA";"DEL07-BA";"UOP02-DEL07-BA"
566542;2023-12-09;"sábado";"08:46:00";"MG";251;449,8;"GRAO MOGOL";"Transitar na contramão";"Colisão frontal";"Com Vítimas Fatais";"Pleno dia";"Decrescente";"Sol";"Simples";"Curva;Declive";"Não";4;2;0;0;1;11;0;13;-16,420528;-43,28967;"SPRF-MG";"DEL12-MG";"UOP01-DEL12-MG"
566544;2023-11-11;"sábado";"10:30:00";"PI";343;256;"CAMPO MAIOR";"Acesso irregular";"Colisão lateral mesmo sentido";"Sem Vítimas";"Pleno dia";"Crescente";"Sol";"Simples";"Reta";"Não";2;0;0;0;2;0;0;2;-4,777813;-42,115211;"SPRF-PI";"DEL01-PI";"UOP03-DEL01-PI"
566545;2023-12-09;"sábado";"07:20:00";"GO";153;67;"PORANGATU";"Ingestão de álcool pelo condutor";"Colisão traseira";"Sem Vítimas";"Pleno dia";"Crescente";"Céu Claro";"Simples";"Reta";"Não";3;0;0;0;2;1;0;3;-13,419951;-49,130875;"SPRF-GO";"DEL07-GO";"UOP01-DEL07-GO"
566552;2023-12-09;"sábado";"09:20:00";"SE";101;92;"NOSSA SENHORA DO SOCORRO";"Ingestão de álcool pelo condutor";"Colisão lateral mesmo sentido";"Com Vítimas Feridas";"Pleno dia";"Decrescente";"Céu Claro";"Dupla";"Reta";"Sim";3;0;1;0;1;2;1;4;-10,90169474;-37,13619222;"SPRF-SE";"DEL01-SE";"UOP01-DEL01-SE"
566563;2023-12-09;"sábado";"10:45:00";"PB";101;125,1;"CAAPORA";"Ausência de reação do condutor";"Colisão traseira";"Com Vítimas Feridas";"Pleno dia";"Crescente";"Céu Claro";"Dupla";"Aclive;Reta";"Não";3;0;1;0;1;2;1;4;-7,47616812;-34,97864057;"SPRF-PB";"DEL01-PB";"UOP02-DEL01-PB"
566566;2023-12-09;"sábado";"08:40:00";"RO";364;258;"CACOAL";"Manobra de mudança de faixa";"Colisão lateral sentido oposto";"Com Vítimas Fatais";"Pleno dia";"Decrescente";"Sol";"Simples";"Curva";"Não";6;3;1;0;1;4;1;7;-11,4322033;-61,63311042;"SPRF-RO";"DEL02-RO";"UOP02-DEL02-RO"
566570;2023-12-09;"sábado";"11:20:00";"PE";232;10,3;"RECIFE";"Condutor deixou de manter distância do veículo da frente";"Engavetamento";"Com Vítimas Feridas";"Pleno dia";"Decrescente";"Céu Claro";"Múltipla";"Em Obras;Reta";"Sim";4;0;1;0;2;1;1;4;-8,07917241;-34,98718609;"SPRF-PE";"DEL01-PE";"UOP01-DEL01-PE"
566571;2023-12-09;"sábado";"07:15:00";"SC";280;141;"RIO NEGRINHO";"Transitar na contramão";"Colisão lateral sentido oposto";"Com Vítimas Feridas";"Pleno dia";"Crescente";"Céu Claro";"Simples";"Reta";"Não";9;0;5;0;2;2;5;4;-26,25591654;-49,62226321;"SPRF-SC";"DEL06-SC";"UOP03-DEL06-SC"
566575;2023-12-09;"sábado";"12:15:00";"MG";116;812,2;"ALEM PARAIBA";"Acumulo de água sobre o pavimento";"Colisão frontal";"Com Vítimas Feridas";"Pleno dia";"Crescente";"Chuva";"Simples";"Curva";"Não";4;0;2;0;1;1;2;3;-21,84678919;-42,66841672;"SPRF-MG";"DEL07-MG";"UOP01-DEL07-MG"
566580;2023-12-09;"sábado";"12:40:00";"ES";262;34;"DOMINGOS MARTINS";"Velocidade Incompatível";"Colisão frontal";"Com Vítimas Feridas";"Pleno dia";"Decrescente";"Chuva";"Simples";"Curva;Declive";"Não";4;0;0;2;1;1;2;3;-20,37309781;-40,5917608;"SPRF-ES";"DEL01-ES";"UOP01-DEL01-ES"
566585;2023-12-09;"sábado";"12:50:00";"PR";116;57;"CAMPINA GRANDE DO SUL";"Pedestre andava na pista";"Atropelamento de Pedestre";"Com Vítimas Fatais";"Pleno dia";"Decrescente";"Céu Claro";"Múltipla";"Declive;Reta";"Sim";4;1;0;0;1;5;0;7;-25,28847066;-48,9329365;"SPRF-PR";"DEL01-PR";"UOP02-DEL01-PR"
566594;2023-12-09;"sábado";"13:30:00";"GO";50;128,9;"IPAMERI";"Retorno proibido";"Colisão transversal";"Com Vítimas Feridas";"Pleno dia";"Crescente";"Nublado";"Dupla";"Reta";"Não";3;0;2;0;1;0;2;2;-16,9901;-47,751;"SPRF-GO";"DEL06-GO";"UOP01-DEL06-GO"
566600;2023-12-09;"sábado";"14:45:00";"MG";381;365;"JOAO MONLEVADE";"Carga excessiva e/ou mal acondicionada";"Tombamento";"Com Vítimas Feridas";"Pleno dia";"Crescente";"Céu Claro";"Simples";"Curva";"Não";3;0;2;0;0;1;2;3;-19,854651;-43,261071;"SPRF-MG";"DEL03-MG";"UOP01-DEL03-MG"
566601;2023-12-09;"sábado";"13:15:00";"MT";163;100,2;"RONDONOPOLIS";"Ingestão de álcool pelo condutor";"Saída de leito carroçável";"Com Vítimas Feridas";"Pleno dia";"Decrescente";"Céu Claro";"Dupla";"Declive;Reta";"Não";3;0;2;0;0;3;2;4;-16,66088715;-54,68146429;"SPRF-MT";"DEL02-MT";"UOP03-DEL02-MT"
566609;2023-12-09;"sábado";"12:55:00";"MG";116;778,3;"LEOPOLDINA";"Velocidade Incompatível";"Colisão frontal";"Com Vítimas Feridas";"Pleno dia";"Decrescente";"Chuva";"Simples";"Curva";"Não";6;0;2;0;3;1;2;3;-21,60159985;-42,69912624;"SPRF-MG";"DEL07-MG";"UOP01-DEL07-MG"
566619;2023-12-09;"sábado";"06:50:00";"MA";135;325;"PRESIDENTE DUTRA";"Condutor deixou de manter distância do veículo da frente";"Colisão traseira";"Com Vítimas Fatais";"Pleno dia";"Crescente";"Céu Claro";"Simples";"Curva";"Sim";10;2;0;1;5;4;1;6;-5,16421293;-44,45529109;"SPRF-MA";"DEL03-MA";"UOP01-DEL03-MA"
566621;2023-12-09;"sábado";"10:20:00";"PR";476;98,7;"BOCAIUVA DO SUL";"Reação tardia ou ineficiente do condutor";"Colisão com objeto";"Com Vítimas Feridas";"Pleno dia";"Crescente";"Nublado";"Simples";"Curva;Declive";"Não";2;0;0;1;0;1;1;2;-25,239041;-49,124444;"SPRF-PR";"DEL01-PR";"UOP01-DEL01-PR"
566625;2023-12-09;"sábado";"15:00:00";"MG";262;725,7;"PERDIZES";"Velocidade Incompatível";"Colisão frontal";"Com Vítimas Fatais";"Pleno dia";"Crescente";"Chuva";"Simples";"Aclive;Curva";"Não";4;1;1;0;1;3;1;5;-19,62364;-47,24229;"SPRF-MG";"DEL08-MG";"UOP01-DEL08-MG"
566627;2023-12-09;"sábado";"16:26:00";"MG";116;353,2;"JAMPRUCA";"Ausência de reação do condutor";"Tombamento";"Com Vítimas Feridas";"Pleno dia";"Decrescente";"Céu Claro";"Simples";"Reta";"Não";2;0;1;0;0;1;1;2;-18,40984621;-41,82022076;"SPRF-MG";"DEL11-MG";"UOP01-DEL11-MG"
566630;2023-11-27;"segunda-feira";"17:20:00";"MT";174;266;"PONTES E LACERDA";"Reação tardia ou ineficiente do condutor";"Saída de leito carroçável";"Com Vítimas Feridas";"Pleno dia";"Decrescente";"Céu Claro";"Simples";"Aclive;Curva";"Não";2;0;1;0;0;1;1;2;-15,38627682;-59,16719194;"SPRF-MT";"DEL04-MT";"UOP01-DEL04-MT"
566645;2023-12-09;"sábado";"17:45:00";"GO";70;45;"COCALZINHO DE GOIAS";"Transitar na contramão";"Colisão frontal";"Com Vítimas Fatais";"Anoitecer";"Crescente";"Nublado";"Simples";"Reta";"Não";5;1;0;0;4;0;0;3;-15,7570364;-48,58182098;"SPRF-DF";"DEL03-DF";"UOP02-DEL03-DF"
566647;2023-12-09;"sábado";"17:00:00";"GO";20;208;"POSSE";"Ultrapassagem Indevida";"Colisão lateral mesmo sentido";"Com Vítimas Feridas";"Anoitecer";"Crescente";"Céu Claro";"Simples";"Reta";"Não";5;0;1;1;3;0;2;2;-14,272625;-46,398335;"SPRF-DF";"DEL02-DF";"UOP03-DEL02-DF"
566653;2023-12-09;"sábado";"20:10:00";"SE";235;106,8;"CARIRA";"Sinalização mal posicionada";"Colisão frontal";"Com Vítimas Fatais";"Plena Noite";"Crescente";"Céu Claro";"Simples";"Curva";"Não";3;1;1;1;0;0;2;2;-10,366173;-37,690163;"SPRF-SE";"DEL01-SE";"UOP02-DEL01-SE"
566656;2023-08-15;"terça-feira";"19:00:00";"MG";40;641,8;"CONSELHEIRO LAFAIETE";"Pedestre andava na pista";"Atropelamento de Pedestre";"Com Vítimas Feridas";"Plena Noite";"Decrescente";"Ignorado";"Simples";"Reta";"Não";3;0;1;0;0;2;1;3;-20,75923238;-43,80557833;"SPRF-MG";"DEL05-MG";"UOP02-DEL05-MG"
566657;2023-12-09;"sábado";"15:45:00";"BA";242;494;"OLIVEIRA DOS BREJINHOS";"Problema com o freio";"Incêndio";"Sem Vítimas";"Pleno dia";"Crescente";"Céu Claro";"Simples";"Reta";"Não";2;0;0;0;1;2;0;3;-12,39233999;-42,40274199;"SPRF-BA";"DEL06-BA";"UOP01-DEL06-BA"
566658;2023-12-09;"sábado";"20:10:00";"MG";381;650,8;"SANTO ANTONIO DO AMPARO";"Manobra de mudança de faixa";"Colisão lateral mesmo sentido";"Sem Vítimas";"Plena Noite";"Decrescente";"Nublado";"Dupla";"Curva";"Não";2;0;0;0;2;0;0;2;-20,95638003;-44,91957664;"SPRF-MG";"DEL04-MG";"UOP02-DEL04-MG"
566659;2023-12-09;"sábado";"17:50:00";"MG";251;479,1;"FRANCISCO SA";"Demais falhas mecânicas ou elétricas";"Incêndio";"Sem Vítimas";"Anoitecer";"Crescente";"Céu Claro";"Simples";"Reta";"Sim";2;0;0;0;1;3;0;4;-16,46962902;-43,48011017;"SPRF-MG";"DEL12-MG";"UOP01-DEL12-MG"
566668;2023-12-09;"sábado";"15:30:00";"PR";163;310;"MERCEDES";"Reação tardia ou ineficiente do condutor";"Tombamento";"Sem Vítimas";"Pleno dia";"Decrescente";"Céu Claro";"Simples";"Reta;Declive";"Não";2;0;0;0;1;3;0;4;-24,42653798;-54,16749608;"SPRF-PR";"DEL06-PR";"UOP02-DEL06-PR"
566676;2023-12-09;"sábado";"18:30:00";"AL";101;38,9;"FLEXEIRAS";"Demais falhas na via";"Colisão com objeto";"Sem Vítimas";"Plena Noite";"Crescente";"Céu Claro";"Dupla";"Reta";"Não";2;0;0;0;1;1;0;2;-9,14817905;-35,7687835;"SPRF-AL";"DEL01-AL";"UOP02-DEL01-AL"
566677;2023-12-09;"sábado";"21:15:00";"AL";101;133,5;"SAO MIGUEL DOS CAMPOS";"Transitar na contramão";"Colisão frontal";"Com Vítimas Fatais";"Plena Noite";"Crescente";"Céu Claro";"Simples";"Declive;Em Obras;Reta;Desvio Temporário";"Sim";3;1;0;0;2;0;0;2;-9,77267463;-36,10116533;"SPRF-AL";"DEL02-AL";"UOP01-DEL02-AL"
566679;2023-12-09;"sábado";"19:30:00";"PA";316;245,8;"CACHOEIRA DO PIRIA";"Acessar a via sem observar a presença dos outros veículos";"Colisão lateral mesmo sentido";"Com Vítimas Fatais";"Plena Noite";"Decrescente";"Céu Claro";"Simples";"Reta";"Não";5;1;1;0;2;1;1;3;-1,75465174;-46,5520828;"SPRF-PA";"DEL01-PA";"UOP04-DEL01-PA"
566694;2023-12-09;"sábado";"14:25:00";"RS";158;519,2;"SANTANA DO LIVRAMENTO";"Ausência de reação do condutor";"Colisão lateral sentido oposto";"Com Vítimas Feridas";"Pleno dia";"Decrescente";"Céu Claro";"Simples";"Declive";"Não";5;0;2;1;1;1;3;3;-30,6841219;-55,12969924;"SPRF-RS";"DEL11-RS";"UOP01-DEL11-RS"
566695;2023-12-09;"sábado";"10:30:00";"BA";242;377;"PALMEIRAS";"Demais falhas mecânicas ou elétricas";"Tombamento";"Sem Vítimas";"Pleno dia";"Decrescente";"Céu Claro";"Simples";"Reta";"Não";2;0;0;0;1;2;0;3;-12,43834712;-41,50300952;"SPRF-BA";"DEL08-BA";"UOP04-DEL08-BA"
566707;2023-12-09;"sábado";"21:00:00";"PB";116;9;"CACHOEIRA DOS INDIOS";"Ausência de reação do condutor";"Saída de leito carroçável";"Com Vítimas Feridas";"Plena Noite";"Decrescente";"Chuva";"Simples";"Curva;Declive";"Não";2;0;2;0;0;0;2;1;-6,970903;-38,734009;"SPRF-CE";"DEL05-CE";"UOP03-DEL05-CE"
566708;2023-12-09;"sábado";"22:30:00";"SC";101;150,3;"ITAPEMA";"Reação tardia ou ineficiente do condutor";"Colisão lateral mesmo sentido";"Com Vítimas Feridas";"Plena Noite";"Decrescente";"Céu Claro";"Dupla";"Reta";"Sim";2;0;1;0;1;0;1;2;-27,11744799;-48,60940987;"SPRF-SC";"DEL04-SC";"UOP03-DEL04-SC"
566710;2023-12-09;"sábado";"23:10:00";"MT";174;303;"PONTES E LACERDA";"Demais falhas mecânicas ou elétricas";"Colisão traseira";"Com Vítimas Feridas";"Plena Noite";"Decrescente";"Céu Claro";"Simples";"Reta";"Não";5;0;4;0;1;0;4;2;-15,16824032;-59,31964874;"SPRF-MT";"DEL04-MT";"UOP01-DEL04-MT"
566717;2023-12-09;"sábado";"18:30:00";"PE";101;206,4;"XEXEU";"Demais falhas mecânicas ou elétricas";"Incêndio";"Sem Vítimas";"Plena Noite";"Crescente";"Céu Claro";"Dupla";"Reta";"Não";1;0;0;0;1;0;0;1;-8,81905901;-35,63955699;"SPRF-PE";"DEL01-PE";"UOP03-DEL01-PE"
566737;2023-12-10;"domingo";"02:20:00";"BA";116;588,3;"NOVA ITARANA";"Manobra de mudança de faixa";"Colisão frontal";"Com Vítimas Feridas";"Plena Noite";"Decrescente";"Ignorado";"Simples";"Curva;Declive";"Não";3;0;0;1;1;1;1;3;-13,12319928;-39,99158621;"SPRF-BA";"DEL03-BA";"UOP02-DEL03-BA"
566744;2023-12-10;"domingo";"03:00:00";"CE";222;179,6;"SOBRAL";"Ausência de reação do condutor";"Colisão com objeto";"Sem Vítimas";"Plena Noite";"Crescente";"Céu Claro";"Simples";"Reta";"Não";2;0;0;0;1;2;0;3;-3,74785;-40,03869;"SPRF-CE";"DEL04-CE";"UOP03-DEL04-CE"
566745;2023-12-10;"domingo";"05:20:00";"MG";251;498,2;"FRANCISCO SA";"Reação tardia ou ineficiente do condutor";"Tombamento";"Com Vítimas Feridas";"Amanhecer";"Crescente";"Céu Claro";"Simples";"Reta";"Não";1;0;0;1;0;0;1;1;-16,58313895;-43,63386007;"SPRF-MG";"DEL12-MG";"UOP01-DEL12-MG"
566757;2023-12-10;"domingo";"05:43:00";"PI";316;349;"CAMPO GRANDE DO PIAUI";"Acessar a via sem observar a presença dos outros veículos";"Colisão transversal";"Sem Vítimas";"Pleno dia";"Crescente";"Céu Claro";"Simples";"Interseção de Vias";"Sim";3;0;0;0;1;2;0;3;-7,12248043;-41,12839705;"SPRF-PI";"DEL04-PI";"UOP03-DEL04-PI"
566762;2023-12-10;"domingo";"06:17:00";"RO";364;87;"VILHENA";"Transitar na contramão";"Colisão lateral sentido oposto";"Com Vítimas Feridas";"Pleno dia";"Crescente";"Céu Claro";"Simples";"Declive";"Não";3;0;0;1;1;3;1;5;-12,386794;-60,617154;"SPRF-RO";"DEL04-RO";"UOP01-DEL04-RO"
566763;2023-12-10;"domingo";"05:10:00";"MT";163;822;"SINOP";"Manobra de mudança de faixa";"Colisão frontal";"Com Vítimas Fatais";"Amanhecer";"Crescente";"Céu Claro";"Simples";"Reta";"Sim";3;1;0;0;1;1;0;3;-11,976731;-55,517002;"SPRF-MT";"DEL06-MT";"UOP02-DEL06-MT"
566770;2023-12-10;"domingo";"07:00:00";"SP";116;504;"CAJATI";"Reação tardia ou ineficiente do condutor";"Tombamento";"Com Vítimas Feridas";"Pleno dia";"Crescente";"Garoa/Chuvisco";"Simples";"Curva;Declive";"Não";2;0;1;0;0;1;1;2;-24,78266496;-48,20865858;"SPRF-SP";"DEL05-SP";"UOP02-DEL05-SP"
566776;2023-12-10;"domingo";"05:00:00";"SC";116;142,3;"SANTA CECILIA";"Transitar na contramão";"Colisão frontal";"Com Vítimas Feridas";"Amanhecer";"Decrescente";"Nevoeiro/Neblina";"Simples";"Reta";"Sim";3;0;2;0;1;0;2;2;-26,97880161;-50,3961135;"SPRF-SC";"DEL06-SC";"UOP02-DEL06-SC"
566778;2023-12-10;"domingo";"08:50:00";"SC";470;121;"IBIRAMA";"Reação tardia ou ineficiente do condutor";"Saída de leito carroçável";"Com Vítimas Feridas";"Pleno dia";"Decrescente";"Chuva";"Múltipla";"Curva";"Não";1;0;1;0;0;0;1;1;-27,095861;-49,526859;"SPRF-SC";"DEL04-SC";"UOP02-DEL04-SC"
566781;2023-12-10;"domingo";"08:00:00";"BA";101;423;"MARAU";"Animais na Pista";"Atropelamento de Animal";"Com Vítimas Feridas";"Pleno dia";"Decrescente";"Nublado";"Simples";"Reta";"Não";3;0;0;1;1;1;1;3;-14,150117;-39,346741;"SPRF-BA";"DEL05-BA";"UOP03-DEL05-BA"
566789;2023-12-10;"domingo";"08:40:00";"BA";101;923;"NOVA VICOSA";"Ingestão de álcool pelo condutor";"Colisão frontal";"Com Vítimas Feridas";"Pleno dia";"Decrescente";"Céu Claro";"Simples";"Reta";"Não";4;0;1;0;2;2;1;5;-17,902232;-39,822804;"SPRF-BA";"DEL09-BA";"UOP02-DEL09-BA"
566791;2023-12-10;"domingo";"09:05:00";"GO";50;101,6;"CRISTALINA";"Carga excessiva e/ou mal acondicionada";"Incêndio";"Sem Vítimas";"Pleno dia";"Crescente";"Sol";"Dupla";"Reta";"Não";2;0;0;0;1;3;0;4;-16,792165;-47,642989;"SPRF-DF";"DEL01-DF";"UOP02-DEL01-DF"
566794;2023-12-10;"domingo";"10:00:00";"SC";282;502,3;"XANXERE";"Reação tardia ou ineficiente do condutor";"Colisão traseira";"Sem Vítimas";"Pleno dia";"Decrescente";"Chuva";"Dupla";"Reta";"Sim";4;0;0;0;3;1;0;3;-26,884584;-52,390911;"SPRF-SC";"DEL07-SC";"UOP01-DEL07-SC"
566799;2023-12-02;"sábado";"18:00:00";"RJ";101;305;"SAO GONCALO";"Manobra de mudança de faixa";"Colisão lateral mesmo sentido";"Com Vítimas Feridas";"Pleno dia";"Decrescente";"Céu Claro";"Dupla";"Reta";"Não";3;0;1;0;1;1;1;3;-22,78702832;-42,99589293;"SPRF-RJ";"DEL02-RJ";"UOP02-DEL02-RJ"
566805;2023-12-10;"domingo";"11:55:00";"PR";376;648;"TIJUCAS DO SUL";"Reação tardia ou ineficiente do condutor";"Colisão traseira";"Com Vítimas Feridas";"Pleno dia";"Decrescente";"Chuva";"Dupla";"Reta";"Não";4;0;1;0;2;1;1;3;-25,84026108;-49,10549706;"SPRF-PR";"DEL01-PR";"UOP04-DEL01-PR"
566806;2023-12-10;"domingo";"12:00:00";"PR";376;630,4;"SAO JOSE DOS PINHAIS";"Condutor deixou de manter distância do veículo da frente";"Colisão traseira";"Com Vítimas Feridas";"Pleno dia";"Decrescente";"Chuva";"Múltipla";"Reta;Declive";"Sim";3;0;1;0;1;1;1;3;-25,70573283;-49,14137363;"SPRF-PR";"DEL01-PR";"UOP04-DEL01-PR"
566812;2023-12-09;"sábado";"21:00:00";"PI";316;71,9;"MONSENHOR GIL";"Ausência de reação do condutor";"Saída de leito carroçável";"Com Vítimas Fatais";"Plena Noite";"Decrescente";"Nublado";"Simples";"Curva;Declive";"Não";1;1;0;0;0;0;0;1;-5,667205;-42,59158898;"SPRF-PI";"DEL01-PI";"UOP02-DEL01-PI"
566817;2023-12-10;"domingo";"10:50:00";"MS";267;97;"BATAGUASSU";"Deficiência do Sistema de Iluminação/Sinalização";"Incêndio";"Sem Vítimas";"Pleno dia";"Decrescente";"Chuva";"Simples";"Reta";"Não";2;0;0;0;1;2;0;3;-21,85647115;-53,02111901;"SPRF-MS";"DEL02-MS";"UOP04-DEL02-MS"
566826;2023-12-10;"domingo";"15:10:00";"PR";376;655;"TIJUCAS DO SUL";"Reação tardia ou ineficiente do condutor";"Colisão traseira";"Com Vítimas Feridas";"Pleno dia";"Crescente";"Chuva";"Simples";"Reta;Declive";"Não";6;0;0;1;4;2;1;5;-25,84165409;-49,042472;"SPRF-PR";"DEL01-PR";"UOP04-DEL01-PR"
566831;2023-12-10;"domingo";"14:55:00";"AL";101;134;"SAO MIGUEL DOS CAMPOS";"Velocidade Incompatível";"Tombamento";"Com Vítimas Feridas";"Pleno dia";"Crescente";"Céu Claro";"Simples";"Curva;Em Obras";"Sim";3;0;1;0;1;2;1;3;-9,78051903;-36,10610645;"SPRF-AL";"DEL02-AL";"UOP01-DEL02-AL"
566841;2023-12-10;"domingo";"13:50:00";"PI";135;464;"MONTE ALEGRE DO PIAUI";"Transitar na contramão";"Colisão frontal";"Com Vítimas Fatais";"Pleno dia";"Crescente";"Céu Claro";"Simples";"Curva;Declive";"Não";4;1;0;0;2;1;0;3;-9,57841687;-45,02479;"SPRF-PI";"DEL03-PI";"UOP02-DEL03-PI"
566842;2023-12-10;"domingo";"15:30:00";"PR";116;48;"CAMPINA GRANDE DO SUL";"Reação tardia ou ineficiente do condutor";"Colisão lateral mesmo sentido";"Com Vítimas Feridas";"Pleno dia";"Crescente";"Chuva";"Dupla";"Reta";"Não";3;0;1;0;1;2;1;4;-25,21708693;-48,90395114;"SPRF-PR";"DEL01-PR";"UOP02-DEL01-PR"
566843;2023-12-10;"domingo";"14:11:00";"MA";135;44;"BACABEIRA";"Entrada inopinada do pedestre";"Atropelamento de Pedestre";"Com Vítimas Feridas";"Pleno dia";"Crescente";"Céu Claro";"Dupla";"Reta";"Sim";2;0;0;1;1;0;1;2;-2,9178575;-44,34673274;"SPRF-MA";"DEL01-MA";"UOP01-DEL01-MA"
566848;2023-12-10;"domingo";"16:00:00";"MG";40;608;"CONGONHAS";"Retorno proibido";"Colisão transversal";"Com Vítimas Feridas";"Pleno dia";"Crescente";"Céu Claro";"Simples";"Curva;Declive";"Não";3;0;0;1;1;1;1;3;-20,48754274;-43,83763069;"SPRF-MG";"DEL05-MG";"UOP02-DEL05-MG"
566857;2023-12-10;"domingo";"14:50:00";"MT";163;559,1;"DIAMANTINO";"Transitar na contramão";"Colisão frontal";"Com Vítimas Fatais";"Pleno dia";"Decrescente";"Céu Claro";"Simples";"Reta";"Não";3;1;0;0;1;4;0;6;-14,157307;-56,093805;"SPRF-MT";"DEL01-MT";"UOP01-DEL01-MT"
566876;2023-12-10;"domingo";"14:15:00";"MS";262;232;"RIBAS DO RIO PARDO";"Condutor usando celular";"Colisão lateral sentido oposto";"Sem Vítimas";"Pleno dia";"Crescente";"Nublado";"Simples";"Reta";"Não";3;0;0;0;2;3;0;5;-20,46551195;-53,69034299;"SPRF-MS";"DEL07-MS";"UOP02-DEL07-MS"
566888;2023-12-10;"domingo";"19:00:00";"SP";116;504;"CAJATI";"Carga excessiva e/ou mal acondicionada";"Derramamento de carga";"Sem Vítimas";"Anoitecer";"Decrescente";"Garoa/Chuvisco";"Simples";"Reta";"Não";2;0;0;0;1;1;0;2;-24,78266496;-48,20865858;"SPRF-SP";"DEL05-SP";"UOP02-DEL05-SP"
566890;2023-12-10;"domingo";"05:00:00";"MG";267;247,7;"CARVALHOS";"Velocidade Incompatível";"Tombamento";"Com Vítimas Feridas";"Amanhecer";"Crescente";"Céu Claro";"Simples";"Reta;Declive";"Não";2;0;1;0;0;2;1;3;-21,93528929;-44,46564168;"SPRF-MG";"DEL17-MG";"UOP01-DEL17-MG"
566893;2023-12-10;"domingo";"18:39:00";"SP";116;362;"MIRACATU";"Reação tardia ou ineficiente do condutor";"Tombamento";"Com Vítimas Feridas";"Plena Noite";"Crescente";"Garoa/Chuvisco";"Dupla";"Curva;Declive";"Não";2;0;0;1;0;1;1;2;-24,1220177;-47,27047772;"SPRF-SP";"DEL04-SP";"UOP03-DEL04-SP"
566907;2023-12-10;"domingo";"15:50:00";"RN";304;68,7;"MOSSORO";"Reação tardia ou ineficiente do condutor";"Colisão frontal";"Com Vítimas Feridas";"Pleno dia";"Crescente";"Céu Claro";"Simples";"Reta";"Não";9;0;2;2;5;0;4;4;-5,3941491;-37,22978817;"SPRF-RN";"DEL04-RN";"UOP01-DEL04-RN"
566908;2023-12-10;"domingo";"11:30:00";"MA";316;408;"ALTO ALEGRE DO MARANHAO";"Transitar na contramão";"Colisão frontal";"Com Vítimas Feridas";"Pleno dia";"Crescente";"Sol";"Simples";"Reta";"Não";3;0;2;0;0;6;2;8;-4,264746;-44,428764;"SPRF-MA";"DEL03-MA";"UOP01-DEL03-MA"
566912;2023-12-10;"domingo";"20:15:00";"SC";101;186;"BIGUACU";"Manobra de mudança de faixa";"Colisão lateral mesmo sentido";"Sem Vítimas";"Plena Noite";"Crescente";"Chuva";"Dupla";"Curva";"Não";3;0;0;0;2;1;0;3;-27,4341098;-48,62567129;"SPRF-SC";"DEL01-SC";"UOP01-DEL01-SC"
566913;2023-12-10;"domingo";"18:30:00";"PR";277;394;"CANDOI";"Ausência de reação do condutor";"Saída de leito carroçável";"Com Vítimas Fatais";"Anoitecer";"Decrescente";"Nublado";"Simples";"Curva;Declive;Viaduto";"Não";3;1;1;0;0;1;1;2;-25,44444496;-51,868045;"SPRF-PR";"DEL08-PR";"UOP01-DEL08-PR"
566922;2023-12-10;"domingo";"11:15:00";"BA";101;522;"BUERAREMA";"Carga excessiva e/ou mal acondicionada";"Colisão lateral sentido oposto";"Sem Vítimas";"Pleno dia";"Crescente";"Céu Claro";"Simples";"Reta";"Não";4;0;0;0;3;2;0;5;-14,940368;-39,303985;"SPRF-BA";"DEL05-BA";"UOP01-DEL05-BA"
566934;2023-12-10;"domingo";"20:50:00";"RS";472;121,1;"SAO JOSE DO INHACORA";"Ultrapassagem Indevida";"Colisão frontal";"Com Vítimas Fatais";"Plena Noite";"Decrescente";"Céu Claro";"Simples";"Reta";"Não";6;2;0;1;1;2;1;5;-27,6907112;-54,14624213;"SPRF-RS";"DEL10-RS";"UOP01-DEL10-RS"
566936;2023-12-10;"domingo";"19:00:00";"MG";116;181;"CARAI";"Transitar na contramão";"Colisão lateral sentido oposto";"Com Vítimas Feridas";"Plena Noite";"Decrescente";"Chuva";"Simples";"Curva;Declive";"Não";4;0;0;2;2;0;2;3;-17,09211716;-41,49168072;"SPRF-MG";"DEL11-MG";"UOP01-DEL11-MG"
566941;2023-12-10;"domingo";"19:10:00";"MG";40;658;"CARANDAI";"Acostamento em desnível";"Colisão lateral mesmo sentido";"Sem Vítimas";"Plena Noite";"Decrescente";"Céu Claro";"Simples";"Reta";"Não";2;0;0;0;1;1;0;2;-20,88523519;-43,80990585;"SPRF-MG";"DEL05-MG";"UOP02-DEL05-MG"
566946;2023-12-10;"domingo";"18:00:00";"BA";242;490;"OLIVEIRA DOS BREJINHOS";"Ausência de reação do condutor";"Colisão traseira";"Sem Vítimas";"Anoitecer";"Crescente";"Céu Claro";"Dupla";"Reta";"Não";3;0;0;0;2;3;0;5;-12,40813704;-42,37388109;"SPRF-BA";"DEL06-BA";"UOP01-DEL06-BA"
566954;2023-12-10;"domingo";"23:00:00";"SC";101;406,5;"ARARANGUA";"Manobra de mudança de faixa";"Colisão lateral mesmo sentido";"Sem Vítimas";"Plena Noite";"Decrescente";"Nublado";"Dupla";"Reta";"Não";2;0;0;0;2;0;0;2;-28,90009415;-49,47472781;"SPRF-SC";"DEL02-SC";"UOP02-DEL02-SC"
566963;2023-12-10;"domingo";"23:20:00";"BA";101;747,8;"ITABELA";"Velocidade Incompatível";"Tombamento";"Com Vítimas Feridas";"Plena Noite";"Crescente";"Céu Claro";"Simples";"Curva";"Não";2;0;1;1;0;0;2;1;-16,744017;-39,454727;"SPRF-BA";"DEL09-BA";"UOP01-DEL09-BA"