"id";"data_inversa";"dia_semana";"horario";"uf";"br";"km";"municipio";"causa_acidente";"tipo_acidente";"classificacao_acidente";"fase_dia";"sentido_via";"condicao_metereologica";"tipo_pista";"tracado_via";"uso_solo";"pessoas";"mortos";"feridos_leves";"feridos_graves";"ilesos";"ignorados";"feridos";"veiculos";"latitude";"longitude";"regional";"delegacia";"uop"
566967;2023-12-11;"segunda-feira";"00:00:00";"MG";381;849,5;"POUSO ALEGRE";"Pedestre andava na pista";"Atropelamento de Pedestre";"Com Vítimas Fatais";"Plena Noite";"Decrescente";"Nublado";"Dupla";"Reta";"Não";2;1;0;0;0;1;0;2;-22,2351789;-45,8779239;"SPRF-MG";"DEL16-MG";"UOP01-DEL16-MG"
566972;2023-12-11;"segunda-feira";"01:20:00";"RJ";101;399;"ITAGUAI";"Condutor Dormindo";"Colisão traseira";"Sem Vítimas";"Plena Noite";"Crescente";"Nublado";"Dupla";"Reta";"Sim";5;0;0;0;4;1;0;3;-22,85921896;-43,75891497;"SPRF-RJ";"DEL03-RJ";"UOP01-DEL03-RJ"
566975;2023-12-10;"domingo";"23:40:00";"MT";163;971;"NOVA SANTA HELENA";"Reação tardia ou ineficiente do condutor";"Saída de leito carroçável";"Com Vítimas Feridas";"Plena Noite";"Decrescente";"Chuva";"Simples";"Curva";"Não";2;0;1;0;0;1;1;2;-10,83913002;-55,18349494;"SPRF-MT";"DEL06-MT";"UOP03-DEL06-MT"
566976;2023-12-11;"segunda-feira";"01:00:00";"RJ";116;322;"ITATIAIA";"Demais falhas na via";"Colisão lateral mesmo sentido";"Com Vítimas Feridas";"Plena Noite";"Crescente";"Céu Claro";"Dupla";"Reta";"Não";3;0;1;0;1;1;1;3;-22,48404979;-44,54454609;"SPRF-RJ";"DEL07-RJ";"UOP02-DEL07-RJ"
566985;2023-12-11;"segunda-feira";"02:55:00";"SP";116;440,5;"REGISTRO";"Reação tardia ou ineficiente do condutor";"Colisão traseira";"Com Vítimas Feridas";"Plena Noite";"Decrescente";"Nublado";"Dupla";"Reta";"Sim";2;0;0;1;1;0;1;2;-24,46159507;-47,81713991;"SPRF-SP";"DEL05-SP";"UOP01-DEL05-SP"
566988;2023-12-11;"segunda-feira";"05:30:00";"MG";381;830,8;"SAO SEBASTIAO DA BELA VISTA";"Velocidade Incompatível";"Colisão traseira";"Com Vítimas Feridas";"Amanhecer";"Decrescente";"Nublado";"Dupla";"Reta";"Não";3;0;0;1;1;1;1;3;-22,12151427;-45,77033901;"SPRF-MG";"DEL16-MG";"UOP01-DEL16-MG"
566990;2023-12-10;"domingo";"23:15:00";"MG";262;536,9;"LUZ";"Demais falhas mecânicas ou elétricas";"Incêndio";"Sem Vítimas";"Plena Noite";"Decrescente";"Céu Claro";"Simples";"Reta";"Não";2;0;0;0;1;1;0;2;-19,77300734;-45,77034305;"SPRF-MG";"DEL08-MG";"UOP02-DEL08-MG"
566992;2023-12-10;"domingo";"22:00:00";"MG";40;121,3;"JOAO PINHEIRO";"Chuva";"Saída de leito carroçável";"Com Vítimas Feridas";"Plena Noite";"Crescente";"Chuva";"Simples";"Aclive;Reta";"Não";2;0;0;2;0;0;2;1;-17,6638974;-46,35562202;"SPRF-MG";"DEL14-MG";"UOP01-DEL14-MG"
566994;2023-12-11;"segunda-feira";"06:00:00";"CE";222;23;"CAUCAIA";"Trafegar com motocicleta (ou similar) entre as faixas";"Colisão frontal";"Com Vítimas Fatais";"Pleno dia";"Decrescente";"Céu Claro";"Simples";"Reta;Em Obras";"Sim";3;1;0;1;0;1;1;2;-3,729397;-38,77007;"SPRF-CE";"DEL01-CE";"UOP01-DEL01-CE"
566996;2023-12-11;"segunda-feira";"05:00:00";"PE";116;35,6;"SALGUEIRO";"Reação tardia ou ineficiente do condutor";"Colisão com objeto";"Com Vítimas Fatais";"Amanhecer";"Crescente";"Céu Claro";"Simples";"Ponte;Declive";"Não";2;2;0;0;0;0;0;1;-8,144699;-39,111214;"SPRF-PE";"DEL05-PE";"UOP01-DEL05-PE"
566997;2023-12-11;"segunda-feira";"06:00:00";"BA";116;465;"SANTO ESTEVAO";"Condutor Dormindo";"Saída de leito carroçável";"Com Vítimas Feridas";"Pleno dia";"Crescente";"Céu Claro";"Dupla";"Reta";"Não";3;0;1;0;1;1;1;3;-12,44815636;-39,24588382;"SPRF-BA";"DEL02-BA";"UOP01-DEL02-BA"
567002;2023-12-11;"segunda-feira";"01:10:00";"PI";135;119,7;"BERTOLINIA";"Ausência de reação do condutor";"Colisão lateral mesmo sentido";"Com Vítimas Feridas";"Pleno dia";"Decrescente";"Céu Claro";"Simples";"Reta";"Não";2;0;1;0;1;0;1;2;-7,605883;-43,96424;"SPRF-PI";"DEL03-PI";"UOP01-DEL03-PI"
567005;2023-12-10;"domingo";"23:30:00";"PI";343;218,5;"CAPITAO DE CAMPOS";"Ausência de reação do condutor";"Colisão transversal";"Com Vítimas Feridas";"Plena Noite";"Crescente";"Céu Claro";"Simples";"Reta";"Não";3;0;0;1;1;3;1;5;-4,496431;-41,953682;"SPRF-PI";"DEL01-PI";"UOP03-DEL01-PI"
567006;2023-12-10;"domingo";"20:35:00";"MG";267;212,5;"BOM JARDIM DE MINAS";"Velocidade Incompatível";"Tombamento";"Com Vítimas Feridas";"Plena Noite";"Decrescente";"Nublado";"Simples";"Curva;Declive";"Não";2;0;1;0;0;1;1;2;-21,94774717;-44,18530805;"SPRF-MG";"DEL17-MG";"UOP01-DEL17-MG"
567012;2023-12-11;"segunda-feira";"07:05:00";"SC";470;241;"CURITIBANOS";"Ausência de reação do condutor";"Colisão traseira";"Com Vítimas Feridas";"Pleno dia";"Decrescente";"Nublado";"Simples";"Reta";"Não";2;0;1;0;1;0;1;2;-27,308832;-50,490402;"SPRF-SC";"DEL05-SC";"UOP03-DEL05-SC"
567020;2023-12-11;"segunda-feira";"08:00:00";"BA";116;787;"PLANALTO";"Avarias e/ou desgaste excessivo no pneu";"Tombamento";"Com Vítimas Feridas";"Pleno dia";"Decrescente";"Céu Claro";"Simples";"Reta";"Não";2;0;2;0;0;0;2;1;-14,69158;-40,56717;"SPRF-BA";"DEL08-BA";"UOP02-DEL08-BA"
567024;2023-12-11;"segunda-feira";"07:00:00";"BA";242;769,9;"BARREIRAS";"Manobra de mudança de faixa";"Colisão lateral sentido oposto";"Com Vítimas Feridas";"Pleno dia";"Decrescente";"Céu Claro";"Simples";"Reta";"Não";6;0;2;1;2;3;3;6;-12,16145253;-44,61060097;"SPRF-BA";"DEL10-BA";"UOP01-DEL10-BA"
567026;2023-12-11;"segunda-feira";"07:20:00";"MG";262;797,3;"UBERABA";"Ultrapassagem Indevida";"Colisão frontal";"Com Vítimas Fatais";"Pleno dia";"Decrescente";"Chuva";"Simples";"Reta";"Não";4;1;0;3;0;0;3;2;-19,76551214;-47,86399;"SPRF-MG";"DEL13-MG";"UOP01-DEL13-MG"
567029;2023-12-11;"segunda-feira";"06:00:00";"SP";116;340;"JUQUITIBA";"Reação tardia ou ineficiente do condutor";"Colisão com objeto";"Com Vítimas Feridas";"Amanhecer";"Decrescente";"Céu Claro";"Dupla";"Curva;Declive";"Não";2;0;0;1;0;1;1;2;-24,00328505;-47,15633198;"SPRF-SP";"DEL04-SP";"UOP03-DEL04-SP"
567032;2023-12-11;"segunda-feira";"07:00:00";"SC";282;456;"PONTE SERRADA";"Ausência de sinalização";"Colisão lateral sentido oposto";"Com Vítimas Feridas";"Pleno dia";"Crescente";"Céu Claro";"Simples";"Reta";"Não";7;0;2;0;4;1;2;3;-26,885752;-52,004669;"SPRF-SC";"DEL07-SC";"UOP04-DEL07-SC"
567040;2023-12-11;"segunda-feira";"08:45:00";"PR";277;659;"MATELANDIA";"Velocidade Incompatível";"Tombamento";"Com Vítimas Feridas";"Pleno dia";"Crescente";"Céu Claro";"Dupla";"Curva;Declive";"Não";2;0;1;0;0;1;1;2;-25,24664169;-53,98334832;"SPRF-PR";"DEL05-PR";"UOP02-DEL05-PR"
567053;2023-12-11;"segunda-feira";"09:15:00";"MG";381;899;"CAMBUI";"Ausência de reação do condutor";"Colisão traseira";"Com Vítimas Feridas";"Pleno dia";"Crescente";"Céu Claro";"Dupla";"Reta";"Não";3;0;1;0;2;0;1;2;-22,65351405;-46,08907579;"SPRF-MG";"DEL16-MG";"UOP03-DEL16-MG"
567057;2023-12-11;"segunda-feira";"07:00:00";"MT";70;513;"VARZEA GRANDE";"Desrespeitar a preferência no cruzamento";"Colisão transversal";"Sem Vítimas";"Pleno dia";"Decrescente";"Céu Claro";"Simples";"Rotatória;Reta";"Sim";2;0;0;0;2;0;0;2;-15,70605157;-56,13214374;"SPRF-MT";"DEL01-MT";"UOP02-DEL01-MT"
567059;2023-12-11;"segunda-feira";"10:20:00";"RJ";101;207;"CASIMIRO DE ABREU";"Reação tardia ou ineficiente do condutor";"Saída de leito carroçável";"Com Vítimas Feridas";"Pleno dia";"Crescente";"Nublado";"Simples";"Curva";"Não";2;0;1;0;0;1;1;2;-22,4776458;-42,21127001;"SPRF-RJ";"DEL08-RJ";"UOP04-DEL08-RJ"
567060;2023-12-11;"segunda-feira";"10:20:00";"SC";282;607;"MARAVILHA";"Demais falhas na via";"Colisão lateral sentido oposto";"Com Vítimas Feridas";"Pleno dia";"Decrescente";"Sol";"Simples";"Reta";"Sim";4;0;1;0;2;1;1;4;-26,772648;-53,2062;"SPRF-SC";"DEL07-SC";"UOP02-DEL07-SC"
567063;2023-12-11;"segunda-feira";"11:00:00";"SP";116;221;"GUARULHOS";"Condutor deixou de manter distância do veículo da frente";"Engavetamento";"Sem Vítimas";"Pleno dia";"Decrescente";"Céu Claro";"Simples";"Reta";"Sim";4;0;0;0;4;0;0;4;-23,46802395;-46,50704901;"SPRF-SP";"DEL01-SP";"UOP01-DEL01-SP"
567064;2023-12-11;"segunda-feira";"08:30:00";"PB";104;131;"QUEIMADAS";"Ausência de reação do condutor";"Colisão traseira";"Com Vítimas Feridas";"Pleno dia";"Decrescente";"Nublado";"Simples";"Reta";"Sim";3;0;1;0;2;0;1;3;-7,29003;-35,890258;"SPRF-PB";"DEL02-PB";"UOP03-DEL02-PB"
567066;2023-12-11;"segunda-feira";"10:00:00";"GO";153;174;"CAMPINORTE";"Acessar a via sem observar a presença dos outros veículos";"Colisão transversal";"Com Vítimas Feridas";"Pleno dia";"Decrescente";"Nublado";"Simples";"Curva";"Sim";5;0;2;1;1;1;3;3;-14,303336;-49,148278;"SPRF-GO";"DEL07-GO";"UOP02-DEL07-GO"
567072;2023-12-11;"segunda-feira";"11:30:00";"SC";101;96,6;"BALNEARIO PICARRAS";"Ausência de reação do condutor";"Colisão traseira";"Com Vítimas Feridas";"Pleno dia";"Crescente";"Chuva";"Dupla";"Reta";"Não";4;0;2;0;1;1;2;3;-26,718427;-48,70233;"SPRF-SC";"DEL03-SC";"UOP02-DEL03-SC"
567076;2023-12-11;"segunda-feira";"12:02:00";"DF";80;10;"BRASILIA";"Reação tardia ou ineficiente do condutor";"Tombamento";"Sem Vítimas";"Pleno dia";"Crescente";"Sol";"Simples";"Reta";"Sim";3;0;0;0;3;0;0;1;-15,731;-48,168938;"SPRF-DF";"DEL03-DF";"UOP02-DEL03-DF"
567077;2023-12-11;"segunda-feira";"10:41:00";"MT";163;1056;"MATUPA";"Reação tardia ou ineficiente do condutor";"Saída de leito carroçável";"Com Vítimas Feridas";"Pleno dia";"Decrescente";"Chuva";"Simples";"Reta";"Não";2;0;2;0;0;0;2;1;-10,16007133;-54,93469767;"SPRF-MT";"DEL06-MT";"UOP03-DEL06-MT"
567086;2023-12-11;"segunda-feira";"13:15:00";"RN";304;48;"MOSSORO";"Acessar a via sem observar a presença dos outros veículos";"Colisão lateral mesmo sentido";"Com Vítimas Feridas";"Pleno dia";"Decrescente";"Céu Claro";"Dupla";"Reta";"Sim";2;0;1;0;1;0;1;2;-5,22868577;-37,32203081;"SPRF-RN";"DEL04-RN";"UOP01-DEL04-RN"
567089;2023-12-11;"segunda-feira";"12:45:00";"PB";230;18;"JOAO PESSOA";"Velocidade Incompatível";"Colisão traseira";"Com Vítimas Feridas";"Pleno dia";"Decrescente";"Céu Claro";"Dupla";"Reta";"Sim";4;0;2;0;1;1;2;4;-7,1198;-34,8453;"SPRF-PB";"DEL01-PB";"UOP01-DEL01-PB"
567091;2023-12-11;"segunda-feira";"13:50:00";"MG";381;442,3;"SANTA LUZIA";"Manobra de mudança de faixa";"Colisão frontal";"Com Vítimas Feridas";"Pleno dia";"Crescente";"Céu Claro";"Simples";"Reta";"Sim";4;0;2;0;1;1;2;3;-19,80934;-43,77545;"SPRF-MG";"DEL01-MG";"UOP01-DEL01-MG"
567102;2023-12-11;"segunda-feira";"12:30:00";"MT";163;1102;"GUARANTA DO NORTE";"Demais falhas mecânicas ou elétricas";"Tombamento";"Com Vítimas Feridas";"Pleno dia";"Crescente";"Céu Claro";"Simples";"Curva";"Não";2;0;1;0;0;3;1;4;-9,78200529;-54,90867173;"SPRF-MT";"DEL06-MT";"UOP03-DEL06-MT"
567104;2023-12-11;"segunda-feira";"14:20:00";"PE";101;79,7;"RECIFE";"Trafegar com motocicleta (ou similar) entre as faixas";"Tombamento";"Com Vítimas Feridas";"Pleno dia";"Decrescente";"Céu Claro";"Dupla";"Curva";"Sim";2;0;0;1;1;0;1;2;-8,149125;-34,943515;"SPRF-PE";"DEL01-PE";"UOP01-DEL01-PE"
567107;2023-12-11;"segunda-feira";"11:00:00";"BA";101;865;"TEIXEIRA DE FREITAS";"Demais falhas mecânicas ou elétricas";"Capotamento";"Com Vítimas Feridas";"Plena Noite";"Decrescente";"Céu Claro";"Simples";"Reta";"Não";5;0;3;0;1;1;3;3;-17,63887799;-39,76941611;"SPRF-BA";"DEL09-BA";"UOP02-DEL09-BA"
567122;2023-12-11;"segunda-feira";"07:30:00";"SC";101;121,1;"ITAJAI";"Velocidade Incompatível";"Engavetamento";"Com Vítimas Feridas";"Pleno dia";"Decrescente";"Céu Claro";"Dupla";"Reta";"Sim";8;0;1;1;5;1;2;7;-26,92103178;-48,70856446;"SPRF-SC";"DEL04-SC";"UOP04-DEL04-SC"
567132;2023-12-11;"segunda-feira";"05:00:00";"MG";251;201,8;"AGUAS VERMELHAS";"Ultrapassagem Indevida";"Colisão lateral mesmo sentido";"Com Vítimas Feridas";"Amanhecer";"Crescente";"Céu Claro";"Simples";"Aclive;Reta";"Não";15;0;8;4;2;4;12;7;-15,87160794;-41,46738052;"SPRF-MG";"DEL12-MG";"UOP02-DEL12-MG"
567140;2023-12-11;"segunda-feira";"17:20:00";"GO";153;516;"APARECIDA DE GOIANIA";"Manobra de mudança de faixa";"Colisão lateral mesmo sentido";"Sem Vítimas";"Pleno dia";"Crescente";"Céu Claro";"Dupla";"Reta";"Não";3;0;0;0;2;1;0;3;-16,8504;-49,2473;"SPRF-GO";"DEL01-GO";"UOP03-DEL01-GO"
567143;2023-12-11;"segunda-feira";"17:00:00";"SP";116;340;"MIRACATU";"Reação tardia ou ineficiente do condutor";"Tombamento";"Com Vítimas Feridas";"Pleno dia";"Crescente";"Chuva";"Dupla";"Curva";"Não";3;0;0;1;1;1;1;2;-24,00328505;-47,15633198;"SPRF-SP";"DEL04-SP";"UOP03-DEL04-SP"
567148;2023-11-27;"segunda-feira";"17:10:00";"PE";232;9,1;"JABOATAO DOS GUARARAPES";"Reação tardia ou ineficiente do condutor";"Engavetamento";"Com Vítimas Feridas";"Anoitecer";"Crescente";"Nublado";"Dupla";"Reta;Declive";"Não";6;0;2;0;4;0;2;5;-8,07764447;-34,97863609;"SPRF-PE";"DEL01-PE";"UOP01-DEL01-PE"
567152;2023-12-11;"segunda-feira";"18:10:00";"SE";235;48;"ITABAIANA";"Ingestão de álcool pelo condutor";"Colisão frontal";"Com Vítimas Fatais";"Plena Noite";"Crescente";"Céu Claro";"Simples";"Reta";"Não";5;1;1;2;1;0;3;2;-10,72019857;-37,42001027;"SPRF-SE";"DEL01-SE";"UOP02-DEL01-SE"
567158;2023-12-11;"segunda-feira";"16:40:00";"RS";116;209,3;"MORRO REUTER";"Transitar na contramão";"Colisão frontal";"Com Vítimas Fatais";"Pleno dia";"Decrescente";"Céu Claro";"Simples";"Reta";"Não";2;1;0;0;1;0;0;2;-29,50419;-51,10992;"SPRF-RS";"DEL05-RS";"UOP02-DEL05-RS"
567163;2023-12-11;"segunda-feira";"18:10:00";"CE";230;41,9;"LAVRAS DA MANGABEIRA";"Iluminação deficiente";"Atropelamento de Pedestre";"Com Vítimas Feridas";"Anoitecer";"Decrescente";"Céu Claro";"Simples";"Reta";"Não";2;0;0;1;0;1;1;2;-6,74974417;-38,97332086;"SPRF-CE";"DEL05-CE";"UOP01-DEL05-CE"
567172;2023-12-11;"segunda-feira";"18:30:00";"PB";230;456;"SOUSA";"Transitar na contramão";"Colisão frontal";"Com Vítimas Feridas";"Plena Noite";"Crescente";"Céu Claro";"Simples";"Reta";"Não";2;0;1;0;0;1;1;2;-6,777912;-38,176157;"SPRF-PB";"DEL03-PB";"UOP03-DEL03-PB"
567179;2023-12-11;"segunda-feira";"16:20:00";"MG";267;265;"AIURUOCA";"Acessar a via sem observar a presença dos outros veículos";"Colisão traseira";"Com Vítimas Feridas";"Pleno dia";"Crescente";"Céu Claro";"Simples";"Reta";"Não";3;0;1;0;0;2;1;3;-21,9346364;-44,59411908;"SPRF-MG";"DEL17-MG";"UOP01-DEL17-MG"
567182;2023-12-11;"segunda-feira";"19:35:00";"BA";116;5,9;"FEIRA DE SANTANA";"Manobra de mudança de faixa";"Colisão lateral mesmo sentido";"Com Vítimas Feridas";"Plena Noite";"Crescente";"Céu Claro";"Dupla";"Reta;Declive";"Sim";4;0;0;1;2;1;1;3;-12,27765366;-38,98148775;"SPRF-PE";"DEL05-PE";"UOP03-DEL05-PE"
567184;2023-12-11;"segunda-feira";"13:45:00";"MT";174;135;"MIRASSOL DOESTE";"Chuva";"Tombamento";"Com Vítimas Feridas";"Pleno dia";"Crescente";"Chuva";"Simples";"Reta";"Não";2;0;1;0;0;1;1;2;-15,83302794;-58,16111296;"SPRF-MT";"DEL03-MT";"UOP01-DEL03-MT"
567185;2023-12-11;"segunda-feira";"21:40:00";"SC";101;131;"BALNEARIO CAMBORIU";"Reação tardia ou ineficiente do condutor";"Colisão lateral sentido oposto";"Com Vítimas Feridas";"Plena Noite";"Crescente";"Nublado";"Múltipla";"Reta";"Sim";2;0;1;0;1;0;1;2;-26,99064209;-48,66310912;"SPRF-SC";"DEL04-SC";"UOP03-DEL04-SC"
567186;2023-12-11;"segunda-feira";"16:58:00";"PR";376;665,7;"GUARATUBA";"Problema com o freio";"Saída de leito carroçável";"Com Vítimas Feridas";"Pleno dia";"Crescente";"Nublado";"Simples";"Curva";"Não";2;0;0;1;0;1;1;2;-25,86037408;-48,95087256;"SPRF-PR";"DEL01-PR";"UOP04-DEL01-PR"
567191;2023-12-11;"segunda-feira";"21:40:00";"RJ";40;39;"AREAL";"Acesso irregular";"Colisão frontal";"Com Vítimas Fatais";"Plena Noite";"Decrescente";"Céu Claro";"Dupla";"Curva";"Não";5;1;0;3;1;0;3;2;-22,23332;-43,114136;"SPRF-RJ";"DEL05-RJ";"UOP02-DEL05-RJ"
567194;2023-12-11;"segunda-feira";"22:20:00";"SC";101;204,5;"SAO JOSE";"Manobra de mudança de faixa";"Colisão lateral mesmo sentido";"Com Vítimas Feridas";"Plena Noite";"Decrescente";"Nublado";"Múltipla";"Reta";"Sim";3;0;1;0;1;1;1;3;-27,57413014;-48,61363083;"SPRF-SC";"DEL01-SC";"UOP01-DEL01-SC"
567197;2023-04-04;"terça-feira";"09:30:00";"BA";101;304;"VALENCA";"Frear bruscamente";"Colisão traseira";"Sem Vítimas";"Pleno dia";"Crescente";"Céu Claro";"Simples";"Declive;Curva;Interseção de Vias";"Sim";5;0;0;0;5;0;0;5;-13,28088485;-39,32102966;"SPRF-BA";"DEL05-BA";"UOP03-DEL05-BA"
567198;2023-12-11;"segunda-feira";"22:00:00";"RS";116;375;"SENTINELA DO SUL";"Demais falhas mecânicas ou elétricas";"Incêndio";"Sem Vítimas";"Pleno dia";"Crescente";"Céu Claro";"Dupla";"Curva";"Não";2;0;0;0;1;1;0;2;-30,73269512;-51,61991986;"SPRF-RS";"DEL02-RS";"UOP02-DEL02-RS"
567201;2023-10-16;"segunda-feira";"11:45:00";"SP";116;229;"SAO PAULO";"Demais falhas mecânicas ou elétricas";"Incêndio";"Com Vítimas Feridas";"Pleno dia";"Crescente";"Céu Claro";"Múltipla";"Reta";"Sim";2;0;1;0;0;1;1;2;-23,51291902;-46,57604698;"SPRF-SP";"DEL01-SP";"UOP01-DEL01-SP"
567207;2023-12-11;"segunda-feira";"23:15:00";"MG";381;921;"ITAPEVA";"Ausência de reação do condutor";"Colisão com objeto";"Com Vítimas Feridas";"Plena Noite";"Crescente";"Céu Claro";"Dupla";"Curva;Declive";"Não";3;0;2;0;0;12;2;13;-22,7680939;-46,20854399;"SPRF-MG";"DEL16-MG";"UOP03-DEL16-MG"
567208;2023-12-12;"terça-feira";"00:26:00";"RS";386;52,5;"SEBERI";"Acessar a via sem observar a presença dos outros veículos";"Colisão transversal";"Com Vítimas Fatais";"Plena Noite";"Crescente";"Céu Claro";"Simples";"Reta";"Não";3;1;0;0;1;1;0;3;-27,508551;-53,381039;"SPRF-RS";"DEL08-RS";"UOP02-DEL08-RS"
567212;2023-12-12;"terça-feira";"02:30:00";"MS";262;414,2;"TERENOS";"Condutor Dormindo";"Colisão frontal";"Com Vítimas Feridas";"Pleno dia";"Crescente";"Céu Claro";"Simples";"Aclive;Reta";"Não";3;0;1;0;1;1;1;3;-20,44795804;-55,15168899;"SPRF-MS";"DEL01-MS";"UOP03-DEL01-MS"
567215;2023-12-12;"terça-feira";"05:27:00";"ES";101;381,2;"ICONHA";"Condutor deixou de manter distância do veículo da frente";"Colisão traseira";"Com Vítimas Feridas";"Pleno dia";"Crescente";"Nublado";"Simples";"Reta";"Não";2;0;0;1;1;0;1;2;-20,81426791;-40,84094115;"SPRF-ES";"DEL03-ES";"UOP01-DEL03-ES"
567216;2023-12-12;"terça-feira";"05:30:00";"RN";110;4;"AREIA BRANCA";"Ausência de reação do condutor";"Colisão traseira";"Sem Vítimas";"Pleno dia";"Crescente";"Céu Claro";"Simples";"Reta";"Não";2;0;0;0;2;0;0;2;-4,94610317;-37,10086959;"SPRF-RN";"DEL04-RN";"UOP01-DEL04-RN"
567217;2023-12-12;"terça-feira";"06:00:00";"PR";376;670;"GUARATUBA";"Ausência de reação do condutor";"Saída de leito carroçável";"Com Vítimas Feridas";"Pleno dia";"Decrescente";"Céu Claro";"Dupla";"Aclive;Reta";"Não";1;0;1;0;0;0;1;1;-25,87689214;-48,93585725;"SPRF-PR";"DEL01-PR";"UOP04-DEL01-PR"
567221;2023-12-12;"terça-feira";"06:00:00";"MG";50;21;"UBERLANDIA";"Velocidade Incompatível";"Tombamento";"Com Vítimas Feridas";"Amanhecer";"Crescente";"Sol";"Dupla";"Curva;Retorno Regulamentado";"Não";2;0;1;0;0;1;1;2;-18,9113;-48,2622;"SPRF-MG";"DEL15-MG";"UOP01-DEL15-MG"
567223;2023-12-12;"terça-feira";"06:30:00";"SP";116;288;"ITAPECERICA DA SERRA";"Reação tardia ou ineficiente do condutor";"Queda de ocupante de veículo";"Com Vítimas Feridas";"Pleno dia";"Decrescente";"Céu Claro";"Dupla";"Reta";"Sim";4;0;3;0;0;1;3;3;-23,719254;-46,883144;"SPRF-SP";"DEL04-SP";"UOP01-DEL04-SP"
567226;2023-12-12;"terça-feira";"05:00:00";"PR";369;116,1;"URAI";"Ausência de reação do condutor";"Colisão traseira";"Com Vítimas Feridas";"Amanhecer";"Decrescente";"Vento";"Dupla";"Aclive;Reta";"Não";2;0;0;1;1;0;1;2;-23,2805464;-50,86259007;"SPRF-PR";"DEL07-PR";"UOP05-DEL07-PR"
567231;2023-12-11;"segunda-feira";"23:50:00";"BA";101;895;"CARAVELAS";"Reação tardia ou ineficiente do condutor";"Tombamento";"Com Vítimas Feridas";"Plena Noite";"Crescente";"Céu Claro";"Simples";"Curva";"Não";1;0;1;0;0;0;1;1;-17,69200131;-39,77457762;"SPRF-BA";"DEL09-BA";"UOP02-DEL09-BA"
567235;2023-12-12;"terça-feira";"07:00:00";"PR";116;108,1;"CURITIBA";"Reação tardia ou ineficiente do condutor";"Colisão lateral mesmo sentido";"Com Vítimas Feridas";"Pleno dia";"Decrescente";"Sol";"Dupla";"Reta";"Não";4;0;1;0;2;1;1;4;-25,566589;-49,240996;"SPRF-PR";"DEL01-PR";"UOP07-DEL01-PR"
567239;2023-12-12;"terça-feira";"07:30:00";"ES";101;278,4;"SERRA";"Condutor deixou de manter distância do veículo da frente";"Colisão lateral mesmo sentido";"Com Vítimas Feridas";"Pleno dia";"Crescente";"Nublado";"Dupla";"Reta";"Sim";2;0;0;1;1;0;1;2;-20,21698365;-40,32974606;"SPRF-ES";"DEL02-ES";"UOP01-DEL02-ES"
567246;2023-12-11;"segunda-feira";"23:30:00";"PR";476;315,3;"PAULO FRONTIN";"Velocidade Incompatível";"Saída de leito carroçável";"Com Vítimas Feridas";"Plena Noite";"Decrescente";"Céu Claro";"Simples";"Curva";"Não";4;0;3;0;0;1;3;2;-26,034035;-50,698009;"SPRF-PR";"DEL02-PR";"UOP03-DEL02-PR"
567260;2023-12-12;"terça-feira";"08:40:00";"PR";369;150;"LONDRINA";"Condutor deixou de manter distância do veículo da frente";"Colisão lateral mesmo sentido";"Com Vítimas Feridas";"Pleno dia";"Decrescente";"Sol";"Dupla";"Reta";"Sim";4;0;1;0;3;0;1;3;-23,29289749;-51,16160923;"SPRF-PR";"DEL07-PR";"UOP01-DEL07-PR"
567263;2023-12-06;"quarta-feira";"16:00:00";"MS";163;474;"CAMPO GRANDE";"Condutor deixou de manter distância do veículo da frente";"Engavetamento";"Com Vítimas Feridas";"Pleno dia";"Crescente";"Céu Claro";"Simples";"Reta";"Sim";6;0;2;0;3;3;2;7;-20,52646977;-54,56816358;"SPRF-MS";"DEL01-MS";"UOP01-DEL01-MS"
567267;2023-12-12;"terça-feira";"09:30:00";"ES";101;167,2;"LINHARES";"Ultrapassagem Indevida";"Colisão frontal";"Com Vítimas Fatais";"Pleno dia";"Crescente";"Céu Claro";"Simples";"Reta";"Não";3;1;1;0;0;3;1;5;-19,52915483;-40,15366673;"SPRF-ES";"DEL04-ES";"UOP01-DEL04-ES"
567268;2023-12-12;"terça-feira";"10:15:00";"SP";116;204;"GUARULHOS";"Manobra de mudança de faixa";"Colisão lateral mesmo sentido";"Sem Vítimas";"Pleno dia";"Crescente";"Céu Claro";"Múltipla";"Reta";"Sim";3;0;0;0;3;0;0;2;-23,41236123;-46,35692496;"SPRF-SP";"DEL01-SP";"UOP01-DEL01-SP"
567272;2023-12-12;"terça-feira";"10:45:00";"MG";116;736,1;"LARANJAL";"Ausência de reação do condutor";"Colisão frontal";"Com Vítimas Feridas";"Pleno dia";"Decrescente";"Céu Claro";"Simples";"Curva";"Sim";6;0;2;0;4;0;2;2;-21,36446025;-42,47344494;"SPRF-MG";"DEL07-MG";"UOP02-DEL07-MG"
567277;2023-12-12;"terça-feira";"10:30:00";"MG";381;478;"CONTAGEM";"Velocidade Incompatível";"Engavetamento";"Com Vítimas Feridas";"Pleno dia";"Decrescente";"Céu Claro";"Dupla";"Reta;Declive";"Sim";4;0;1;0;2;1;1;4;-19,95826094;-44,05921101;"SPRF-MG";"DEL01-MG";"UOP03-DEL01-MG"