"id";"data_inversa";"dia_semana";"horario";"uf";"br";"km";"municipio";"causa_acidente";"tipo_acidente";"classificacao_acidente";"fase_dia";"sentido_via";"condicao_metereologica";"tipo_pista";"tracado_via";"uso_solo";"pessoas";"mortos";"feridos_leves";"feridos_graves";"ilesos";"ignorados";"feridos";"veiculos";"latitude";"longitude";"regional";"delegacia";"uop"
567281;2023-12-12;"terça-feira";"10:30:00";"SP";116;212,2;"GUARULHOS";"Mal súbito do condutor";"Colisão traseira";"Com Vítimas Feridas";"Pleno dia";"Crescente";"Céu Claro";"Dupla";"Reta;Declive";"Não";2;0;1;0;0;1;1;2;-23,43608315;-46,42805094;"SPRF-SP";"DEL01-SP";"UOP01-DEL01-SP"
567286;2023-12-12;"terça-feira";"09:50:00";"RS";290;310,5;"CACAPAVA DO SUL";"Ausência de reação do condutor";"Colisão transversal";"Com Vítimas Feridas";"Pleno dia";"Crescente";"Céu Claro";"Simples";"Reta";"Não";7;0;3;1;2;1;4;4;-30,335514;-53,301731;"SPRF-RS";"DEL09-RS";"UOP02-DEL09-RS"
567287;2023-12-12;"terça-feira";"12:30:00";"SC";101;117,5;"ITAJAI";"Trafegar com motocicleta (ou similar) entre as faixas";"Colisão lateral mesmo sentido";"Com Vítimas Feridas";"Pleno dia";"Decrescente";"Céu Claro";"Múltipla";"Reta";"Sim";3;0;1;0;2;0;1;3;-26,88747187;-48,72252969;"SPRF-SC";"DEL04-SC";"UOP04-DEL04-SC"
567292;2023-12-12;"terça-feira";"10:00:00";"SP";153;309;"SAO PEDRO DO TURVO";"Carga excessiva e/ou mal acondicionada";"Tombamento";"Com Vítimas Feridas";"Pleno dia";"Crescente";"Céu Claro";"Simples";"Reta";"Não";2;0;1;0;0;3;1;4;-22,659222;-49,88955916;"SPRF-SP";"DEL07-SP";"UOP03-DEL07-SP"
567298;2023-12-12;"terça-feira";"10:45:00";"PR";277;720;"FOZ DO IGUACU";"Reação tardia ou ineficiente do condutor";"Colisão lateral mesmo sentido";"Com Vítimas Feridas";"Pleno dia";"Decrescente";"Céu Claro";"Dupla";"Reta;Em Obras;Viaduto;Aclive";"Não";3;0;0;1;2;0;1;2;-25,48750984;-54,50317706;"SPRF-PR";"DEL05-PR";"UOP03-DEL05-PR"
567301;2023-12-12;"terça-feira";"10:45:00";"PE";423;52,8;"LAJEDO";"Condutor deixou de manter distância do veículo da frente";"Colisão traseira";"Com Vítimas Feridas";"Pleno dia";"Decrescente";"Céu Claro";"Simples";"Reta";"Não";4;0;1;0;2;1;1;4;-8,59012507;-36,28991571;"SPRF-PE";"DEL03-PE";"UOP01-DEL03-PE"
567309;2023-12-12;"terça-feira";"04:00:00";"SC";280;115;"SAO BENTO DO SUL";"Transitar na contramão";"Colisão lateral sentido oposto";"Sem Vítimas";"Plena Noite";"Decrescente";"Céu Claro";"Simples";"Curva";"Não";2;0;0;0;1;1;0;2;-26,284761;-49,408313;"SPRF-SC";"DEL06-SC";"UOP03-DEL06-SC"
567310;2023-12-12;"terça-feira";"13:45:00";"SP";116;220,5;"GUARULHOS";"Reação tardia ou ineficiente do condutor";"Colisão traseira";"Com Vítimas Feridas";"Pleno dia";"Crescente";"Céu Claro";"Múltipla";"Reta";"Sim";3;0;0;1;2;0;1;2;-23,46472809;-46,49793962;"SPRF-SP";"DEL01-SP";"UOP01-DEL01-SP"
567314;2023-12-12;"terça-feira";"13:59:00";"MT";70;61;"BARRA DO GARCAS";"Reação tardia ou ineficiente do condutor";"Tombamento";"Sem Vítimas";"Pleno dia";"Crescente";"Sol";"Simples";"Reta";"Não";2;0;0;0;1;3;0;4;-15,69693479;-52,69881921;"SPRF-MT";"DEL07-MT";"UOP01-DEL07-MT"
567319;2023-12-12;"terça-feira";"15:29:00";"RS";116;394;"CAMAQUA";"Reação tardia ou ineficiente do condutor";"Saída de leito carroçável";"Com Vítimas Feridas";"Pleno dia";"Decrescente";"Céu Claro";"Dupla";"Reta";"Sim";3;0;1;0;2;0;1;1;-30,84497914;-51,75687894;"SPRF-RS";"DEL02-RS";"UOP02-DEL02-RS"
567322;2023-12-12;"terça-feira";"13:10:00";"SC";101;170;"TIJUCAS";"Problema com o freio";"Colisão traseira";"Com Vítimas Feridas";"Pleno dia";"Crescente";"Sol";"Dupla";"Reta";"Sim";3;0;1;0;1;2;1;4;-27,29669601;-48,63147594;"SPRF-SC";"DEL04-SC";"UOP03-DEL04-SC"
567323;2023-09-24;"domingo";"09:50:00";"ES";101;294;"CARIACICA";"Condutor deixou de manter distância do veículo da frente";"Colisão lateral mesmo sentido";"Com Vítimas Feridas";"Pleno dia";"Crescente";"Céu Claro";"Dupla";"Reta";"Sim";4;0;1;0;3;0;1;2;-20,32415948;-40,3952903;"SPRF-ES";"DEL01-ES";"UOP01-DEL01-ES"
567324;2023-12-11;"segunda-feira";"13:05:00";"RS";153;580;"BAGE";"Ausência de reação do condutor";"Colisão traseira";"Com Vítimas Feridas";"Pleno dia";"Crescente";"Céu Claro";"Simples";"Reta;Aclive";"Não";3;0;0;1;1;3;1;5;-31,0843;-53,702832;"SPRF-RS";"DEL11-RS";"UOP03-DEL11-RS"
567329;2023-12-12;"terça-feira";"16:00:00";"RS";386;434,2;"NOVA SANTA RITA";"Reação tardia ou ineficiente do condutor";"Colisão lateral mesmo sentido";"Com Vítimas Feridas";"Pleno dia";"Decrescente";"Céu Claro";"Dupla";"Reta";"Não";6;0;4;0;2;0;4;2;-29,843386;-51,285454;"SPRF-RS";"DEL04-RS";"UOP02-DEL04-RS"
567333;2023-12-12;"terça-feira";"15:50:00";"RJ";40;123;"DUQUE DE CAXIAS";"Manobra de mudança de faixa";"Colisão lateral mesmo sentido";"Com Vítimas Feridas";"Pleno dia";"Crescente";"Céu Claro";"Múltipla";"Reta";"Sim";3;0;1;0;2;0;1;3;-22,79907687;-43,29015739;"SPRF-RJ";"DEL01-RJ";"UOP02-DEL01-RJ"
567334;2023-12-12;"terça-feira";"16:30:00";"SP";116;406;"MIRACATU";"Demais falhas mecânicas ou elétricas";"Incêndio";"Sem Vítimas";"Pleno dia";"Decrescente";"Céu Claro";"Dupla";"Reta";"Sim";2;0;0;0;1;1;0;2;-24,3250391;-47,55598398;"SPRF-SP";"DEL04-SP";"UOP02-DEL04-SP"
567335;2023-12-12;"terça-feira";"16:35:00";"ES";101;441,1;"MIMOSO DO SUL";"Frear bruscamente";"Colisão com objeto";"Com Vítimas Feridas";"Pleno dia";"Crescente";"Chuva";"Simples";"Reta;Ponte";"Não";2;0;1;0;0;1;1;2;-21,0843299;-41,24292254;"SPRF-ES";"DEL03-ES";"UOP02-DEL03-ES"
567346;2023-12-12;"terça-feira";"16:00:00";"MT";364;329,9;"SANTO ANTONIO DO LEVERGER";"Reação tardia ou ineficiente do condutor";"Colisão traseira";"Com Vítimas Feridas";"Pleno dia";"Decrescente";"Sol";"Dupla";"Reta";"Não";8;0;4;0;3;2;4;4;-15,8205252;-55,41110578;"SPRF-MT";"DEL05-MT";"UOP02-DEL05-MT"
567347;2023-12-12;"terça-feira";"09:30:00";"MG";116;357,2;"JAMPRUCA";"Transitar na contramão";"Colisão frontal";"Com Vítimas Feridas";"Pleno dia";"Decrescente";"Céu Claro";"Simples";"Reta";"Não";3;0;1;0;2;0;1;3;-18,44164109;-41,83451196;"SPRF-MG";"DEL11-MG";"UOP01-DEL11-MG"
567348;2023-12-12;"terça-feira";"16:05:00";"SC";101;56,6;"JOINVILLE";"Manobra de mudança de faixa";"Colisão lateral mesmo sentido";"Sem Vítimas";"Pleno dia";"Decrescente";"Céu Claro";"Dupla";"Reta";"Não";2;0;0;0;2;0;0;2;-26,43207484;-48,82263984;"SPRF-SC";"DEL03-SC";"UOP01-DEL03-SC"
567355;2023-12-12;"terça-feira";"17:30:00";"BA";101;947,1;"MUCURI";"Velocidade Incompatível";"Tombamento";"Com Vítimas Feridas";"Anoitecer";"Crescente";"Céu Claro";"Simples";"Curva";"Não";2;0;2;0;0;0;2;1;-18,16840196;-39,91873914;"SPRF-BA";"DEL09-BA";"UOP02-DEL09-BA"
567356;2023-12-12;"terça-feira";"16:30:00";"SC";280;26,4;"ARAQUARI";"Acessar a via sem observar a presença dos outros veículos";"Colisão transversal";"Com Vítimas Feridas";"Pleno dia";"Crescente";"Céu Claro";"Simples";"Reta";"Sim";2;0;0;1;1;0;1;2;-26,38972308;-48,73411593;"SPRF-SC";"DEL03-SC";"UOP03-DEL03-SC"
567358;2023-12-12;"terça-feira";"19:05:00";"CE";116;11,3;"FORTALEZA";"Condutor deixou de manter distância do veículo da frente";"Colisão traseira";"Com Vítimas Feridas";"Plena Noite";"Crescente";"Céu Claro";"Dupla";"Reta";"Sim";4;0;1;1;2;0;2;3;-3,846214;-38,497835;"SPRF-CE";"DEL01-CE";"UOP02-DEL01-CE"
567365;2023-12-12;"terça-feira";"15:45:00";"BA";242;377;"PALMEIRAS";"Demais falhas mecânicas ou elétricas";"Tombamento";"Sem Vítimas";"Pleno dia";"Decrescente";"Céu Claro";"Simples";"Curva;Declive";"Não";1;0;0;0;1;0;0;1;-12,43834712;-41,50300952;"SPRF-BA";"DEL08-BA";"UOP04-DEL08-BA"
567370;2023-12-12;"terça-feira";"16:10:00";"BA";367;43;"PORTO SEGURO";"Ultrapassagem Indevida";"Colisão frontal";"Com Vítimas Feridas";"Pleno dia";"Decrescente";"Céu Claro";"Simples";"Curva";"Sim";3;0;2;0;1;0;2;2;-16,37672212;-39,23544508;"SPRF-BA";"DEL09-BA";"UOP03-DEL09-BA"
567375;2023-12-12;"terça-feira";"16:15:00";"BA";30;240;"GUANAMBI";"Curva acentuada";"Colisão frontal";"Com Vítimas Fatais";"Plena Noite";"Decrescente";"Céu Claro";"Simples";"Curva;Declive";"Não";4;1;0;1;2;0;1;2;-14,11945851;-42,60970133;"SPRF-BA";"DEL08-BA";"UOP01-DEL08-BA"
567376;2023-12-12;"terça-feira";"20:40:00";"RJ";393;237;"VASSOURAS";"Mal súbito do condutor";"Colisão traseira";"Com Vítimas Feridas";"Plena Noite";"Crescente";"Nublado";"Simples";"Reta";"Sim";3;0;1;0;1;1;1;3;-22,39566493;-43,65681106;"SPRF-RJ";"DEL05-RJ";"UOP03-DEL05-RJ"
567378;2023-12-12;"terça-feira";"19:00:00";"SP";116;435;"REGISTRO";"Reação tardia ou ineficiente do condutor";"Saída de leito carroçável";"Sem Vítimas";"Anoitecer";"Crescente";"Céu Claro";"Dupla";"Reta";"Não";3;0;0;0;2;2;0;4;-24,42030004;-47,77032299;"SPRF-SP";"DEL05-SP";"UOP01-DEL05-SP"
567382;2023-12-12;"terça-feira";"18:40:00";"MG";116;688,4;"MURIAE";"Curva acentuada";"Colisão lateral sentido oposto";"Com Vítimas Feridas";"Plena Noite";"Crescente";"Chuva";"Simples";"Curva";"Não";3;0;1;0;1;1;1;3;-21,00463422;-42,36667213;"SPRF-MG";"DEL07-MG";"UOP02-DEL07-MG"
567385;2023-12-12;"terça-feira";"19:00:00";"MG";356;285;"PATROCINIO DO MURIAE";"Condutor deixou de manter distância do veículo da frente";"Colisão traseira";"Com Vítimas Feridas";"Plena Noite";"Decrescente";"Nublado";"Simples";"Reta";"Não";2;0;1;0;0;1;1;2;-21,12714726;-42,20166218;"SPRF-MG";"DEL07-MG";"UOP02-DEL07-MG"
567386;2023-12-12;"terça-feira";"15:00:00";"MG";365;335,1;"SAO GONCALO DO ABAETE";"Pista Escorregadia";"Saída de leito carroçável";"Com Vítimas Feridas";"Pleno dia";"Crescente";"Chuva";"Simples";"Reta";"Não";1;0;1;0;0;0;1;1;-18,30125895;-45,94792402;"SPRF-MG";"DEL10-MG";"UOP01-DEL10-MG"
567392;2023-12-12;"terça-feira";"20:30:00";"BA";116;885;"VITORIA DA CONQUISTA";"Ausência de reação do condutor";"Colisão traseira";"Com Vítimas Feridas";"Plena Noite";"Decrescente";"Céu Claro";"Simples";"Reta";"Não";3;0;0;1;1;1;1;3;-15,24716706;-41,1099389;"SPRF-BA";"DEL08-BA";"UOP03-DEL08-BA"
567393;2023-12-12;"terça-feira";"23:30:00";"RS";386;129,2;"BARRA FUNDA";"Ausência de reação do condutor";"Colisão traseira";"Sem Vítimas";"Plena Noite";"Crescente";"Céu Claro";"Simples";"Interseção de Vias";"Sim";3;0;0;0;3;0;0;2;-27,92821825;-52,96487331;"SPRF-RS";"DEL08-RS";"UOP01-DEL08-RS"
567400;2023-12-13;"quarta-feira";"00:10:00";"RS";386;247,7;"SOLEDADE";"Acessar a via sem observar a presença dos outros veículos";"Colisão transversal";"Com Vítimas Feridas";"Plena Noite";"Crescente";"Céu Claro";"Simples";"Reta";"Não";3;0;1;0;1;1;1;3;-28,813179;-52,493595;"SPRF-RS";"DEL04-RS";"UOP03-DEL04-RS"
567402;2023-12-13;"quarta-feira";"01:40:00";"SC";101;119,7;"ITAJAI";"Acesso irregular";"Colisão transversal";"Com Vítimas Fatais";"Plena Noite";"Decrescente";"Céu Claro";"Múltipla";"Interseção de Vias;Reta";"Sim";3;1;0;0;1;1;0;3;-26,9106366;-48,712586;"SPRF-SC";"DEL04-SC";"UOP04-DEL04-SC"
567403;2023-12-12;"terça-feira";"23:55:00";"PR";116;134;"FAZENDA RIO GRANDE";"Objeto estático sobre o leito carroçável";"Colisão com objeto";"Com Vítimas Feridas";"Plena Noite";"Crescente";"Nublado";"Dupla";"Curva";"Não";6;0;1;0;4;1;1;3;-25,67510803;-49,3157007;"SPRF-PR";"DEL01-PR";"UOP03-DEL01-PR"
567405;2023-12-13;"quarta-feira";"03:00:00";"SC";101;183,8;"BIGUACU";"Condutor Dormindo";"Saída de leito carroçável";"Com Vítimas Feridas";"Plena Noite";"Crescente";"Nublado";"Dupla";"Reta";"Não";1;0;0;1;0;0;1;1;-27,40688892;-48,6285296;"SPRF-SC";"DEL01-SC";"UOP01-DEL01-SC"
567408;2023-12-13;"quarta-feira";"02:32:00";"SE";101;185;"UMBAUBA";"Acessar a via sem observar a presença dos outros veículos";"Colisão transversal";"Sem Vítimas";"Plena Noite";"Crescente";"Céu Claro";"Simples";"Retorno Regulamentado;Reta";"Não";3;0;0;0;2;1;0;3;-11,39433203;-37,67508698;"SPRF-SE";"DEL02-SE";"UOP03-DEL02-SE"
567410;2023-12-13;"quarta-feira";"05:10:00";"MG";40;413,5;"CURVELO";"Desrespeitar a preferência no cruzamento";"Colisão traseira";"Com Vítimas Feridas";"Amanhecer";"Decrescente";"Céu Claro";"Simples";"Declive;Interseção de Vias";"Não";7;0;4;0;2;1;4;3;-19,13706979;-44,61652994;"SPRF-MG";"DEL02-MG";"UOP01-DEL02-MG"
567411;2023-12-12;"terça-feira";"22:45:00";"PB";101;122;"CAAPORA";"Condutor Dormindo";"Saída de leito carroçável";"Sem Vítimas";"Plena Noite";"Crescente";"Céu Claro";"Simples";"Reta";"Não";2;0;0;0;1;2;0;3;-7,45038197;-34,97994215;"SPRF-PB";"DEL01-PB";"UOP02-DEL01-PB"
567412;2023-12-13;"quarta-feira";"04:50:00";"PR";277;226;"FERNANDES PINHEIRO";"Reação tardia ou ineficiente do condutor";"Colisão traseira";"Sem Vítimas";"Amanhecer";"Crescente";"Céu Claro";"Simples";"Reta";"Não";2;0;0;0;2;0;0;2;-25,45787055;-50,43363476;"SPRF-PR";"DEL08-PR";"UOP02-DEL08-PR"
567413;2023-12-13;"quarta-feira";"05:30:00";"GO";153;163;"CAMPINORTE";"Transitar na contramão";"Colisão lateral sentido oposto";"Com Vítimas Fatais";"Amanhecer";"Decrescente";"Céu Claro";"Simples";"Reta";"Não";6;1;2;1;1;1;3;3;-14,195677;-49,128353;"SPRF-GO";"DEL07-GO";"UOP02-DEL07-GO"
567414;2023-12-13;"quarta-feira";"05:40:00";"RS";290;2,5;"PORTO ALEGRE";"Ausência de reação do condutor";"Colisão traseira";"Com Vítimas Feridas";"Amanhecer";"Decrescente";"Céu Claro";"Dupla";"Reta;Ponte";"Não";3;0;1;0;1;3;1;5;-29,98818886;-51,21094465;"SPRF-RS";"DEL01-RS";"UOP01-DEL01-RS"
567416;2023-12-13;"quarta-feira";"06:05:00";"SC";101;218,2;"PALHOCA";"Reação tardia ou ineficiente do condutor";"Colisão traseira";"Com Vítimas Fatais";"Pleno dia";"Crescente";"Céu Claro";"Múltipla";"Reta;Em Obras";"Não";2;1;0;0;1;0;0;2;-27,6779885;-48,6698608;"SPRF-SC";"DEL01-SC";"UOP02-DEL01-SC"
567421;2023-12-13;"quarta-feira";"07:10:00";"MG";365;612,8;"UBERLANDIA";"Manobra de mudança de faixa";"Colisão lateral sentido oposto";"Com Vítimas Feridas";"Pleno dia";"Decrescente";"Céu Claro";"Simples";"Reta";"Sim";3;0;1;0;1;1;1;3;-18,92231514;-48,20277214;"SPRF-MG";"DEL15-MG";"UOP01-DEL15-MG"
567422;2023-12-12;"terça-feira";"19:00:00";"RO";364;405;"JARU";"Ausência de reação do condutor";"Atropelamento de Pedestre";"Com Vítimas Fatais";"Plena Noite";"Crescente";"Céu Claro";"Simples";"Reta";"Não";4;1;1;0;1;1;1;4;-10,569027;-62,371756;"SPRF-RO";"DEL03-RO";"UOP02-DEL03-RO"
567427;2023-12-13;"quarta-feira";"02:30:00";"SP";116;42;"CACHOEIRA PAULISTA";"Condutor Dormindo";"Colisão lateral mesmo sentido";"Com Vítimas Feridas";"Plena Noite";"Decrescente";"Céu Claro";"Dupla";"Reta";"Não";3;0;0;1;1;1;1;3;-22,69182132;-45,02240378;"SPRF-SP";"DEL08-SP";"UOP02-DEL08-SP"
567434;2023-12-13;"quarta-feira";"07:00:00";"MG";381;854;"POUSO ALEGRE";"Ausência de reação do condutor";"Colisão traseira";"Com Vítimas Feridas";"Pleno dia";"Decrescente";"Céu Claro";"Dupla";"Reta";"Não";3;0;1;0;1;1;1;3;-22,31374792;-45,90405426;"SPRF-MG";"DEL16-MG";"UOP01-DEL16-MG"
567435;2023-12-02;"sábado";"06:10:00";"SC";101;340,9;"TUBARAO";"Ausência de reação do condutor";"Colisão lateral mesmo sentido";"Com Vítimas Feridas";"Amanhecer";"Crescente";"Sol";"Dupla";"Reta";"Não";3;0;1;0;1;1;1;3;-28,501444;-49,04690399;"SPRF-SC";"DEL02-SC";"UOP01-DEL02-SC"
567438;2023-12-13;"quarta-feira";"02:00:00";"MT";158;623;"NOVA XAVANTINA";"Acostamento em desnível";"Tombamento";"Com Vítimas Feridas";"Plena Noite";"Crescente";"Céu Claro";"Simples";"Reta";"Não";2;0;1;0;0;1;1;2;-14,4766339;-52,2771232;"SPRF-MT";"DEL07-MT";"UOP02-DEL07-MT"
567444;2023-12-13;"quarta-feira";"08:20:00";"ES";101;292,5;"CARIACICA";"Pedestre andava na pista";"Atropelamento de Pedestre";"Com Vítimas Feridas";"Pleno dia";"Crescente";"Céu Claro";"Simples";"Reta;Desvio Temporário;Em Obras";"Sim";3;0;0;1;0;2;1;2;-20,30650512;-40,39488717;"SPRF-ES";"DEL01-ES";"UOP01-DEL01-ES"
567447;2023-12-13;"quarta-feira";"07:35:00";"PE";101;117;"IPOJUCA";"Reação tardia ou ineficiente do condutor";"Colisão lateral mesmo sentido";"Sem Vítimas";"Pleno dia";"Crescente";"Céu Claro";"Dupla";"Curva";"Não";3;0;0;0;1;2;0;2;-8,352128;-35,150952;"SPRF-PE";"DEL01-PE";"UOP03-DEL01-PE"
567451;2023-12-13;"quarta-feira";"09:00:00";"RJ";40;82;"PETROPOLIS";"Reação tardia ou ineficiente do condutor";"Tombamento";"Com Vítimas Feridas";"Pleno dia";"Crescente";"Céu Claro";"Simples";"Curva";"Sim";2;0;1;0;0;1;1;2;-22,51183137;-43,23076171;"SPRF-RJ";"DEL01-RJ";"UOP01-DEL01-RJ"
567456;2023-12-13;"quarta-feira";"09:15:00";"RJ";116;278;"BARRA MANSA";"Reação tardia ou ineficiente do condutor";"Colisão traseira";"Com Vítimas Feridas";"Pleno dia";"Crescente";"Céu Claro";"Dupla";"Aclive;Reta";"Sim";5;0;1;0;3;5;1;9;-22,55271018;-44,17778004;"SPRF-RJ";"DEL07-RJ";"UOP02-DEL07-RJ"
567465;2023-10-28;"sábado";"22:09:00";"MG";50;27,9;"ARAGUARI";"Velocidade Incompatível";"Tombamento";"Com Vítimas Feridas";"Plena Noite";"Crescente";"Céu Claro";"Dupla";"Curva";"Não";2;0;1;0;0;3;1;4;-18,61943321;-48,09375199;"SPRF-MG";"DEL15-MG";"UOP02-DEL15-MG"
567473;2023-08-17;"quinta-feira";"19:00:00";"BA";101;511;"ITABUNA";"Velocidade Incompatível";"Colisão frontal";"Com Vítimas Feridas";"Plena Noite";"Crescente";"Nublado";"Simples";"Reta";"Não";4;0;2;0;2;0;2;3;-14,86771592;-39,27972794;"SPRF-BA";"DEL05-BA";"UOP01-DEL05-BA"
567474;2023-12-13;"quarta-feira";"10:30:00";"MG";50;98;"UBERLANDIA";"Velocidade Incompatível";"Colisão traseira";"Com Vítimas Feridas";"Pleno dia";"Crescente";"Céu Claro";"Dupla";"Reta";"Não";3;0;1;0;2;0;1;2;-19,11861301;-48,17588405;"SPRF-MG";"DEL15-MG";"UOP01-DEL15-MG"
567483;2023-12-13;"quarta-feira";"11:00:00";"PR";376;164;"MARINGA";"Acessar a via sem observar a presença dos outros veículos";"Colisão traseira";"Com Vítimas Feridas";"Pleno dia";"Decrescente";"Céu Claro";"Dupla";"Reta";"Sim";3;0;1;0;1;1;1;3;-23,38591406;-52,02449602;"SPRF-PR";"DEL09-PR";"UOP01-DEL09-PR"
567487;2023-12-13;"quarta-feira";"11:40:00";"MG";40;627,6;"CONSELHEIRO LAFAIETE";"Retorno proibido";"Colisão transversal";"Com Vítimas Feridas";"Pleno dia";"Decrescente";"Sol";"Dupla";"Reta";"Sim";3;0;1;0;2;0;1;2;-20,63591993;-43,81353421;"SPRF-MG";"DEL05-MG";"UOP02-DEL05-MG"
567490;2023-12-13;"quarta-feira";"08:24:00";"SC";480;129,7;"CHAPECO";"Reação tardia ou ineficiente do condutor";"Colisão traseira";"Sem Vítimas";"Pleno dia";"Crescente";"Céu Claro";"Múltipla";"Curva;Em Obras;Aclive";"Sim";3;0;0;0;3;0;0;3;-27,04656607;-52,63577131;"SPRF-SC";"DEL07-SC";"UOP01-DEL07-SC"
567492;2023-12-13;"quarta-feira";"08:15:00";"MT";364;661;"NORTELANDIA";"Ausência de reação do condutor";"Tombamento";"Com Vítimas Feridas";"Pleno dia";"Crescente";"Céu Claro";"Simples";"Curva";"Não";3;0;1;0;0;2;1;3;-14,132547;-56,707289;"SPRF-MT";"DEL01-MT";"UOP01-DEL01-MT"
567493;2023-12-13;"quarta-feira";"12:30:00";"MT";163;453;"VARZEA GRANDE";"Demais falhas mecânicas ou elétricas";"Incêndio";"Sem Vítimas";"Pleno dia";"Crescente";"Sol";"Simples";"Aclive;Reta";"Não";2;0;0;0;1;2;0;3;-15,52307;-56,27375;"SPRF-MT";"DEL01-MT";"UOP01-DEL01-MT"
567498;2023-12-13;"quarta-feira";"13:38:00";"SP";116;284;"ITAPECERICA DA SERRA";"Ausência de reação do condutor";"Saída de leito carroçável";"Com Vítimas Feridas";"Pleno dia";"Crescente";"Céu Claro";"Dupla";"Viaduto";"Sim";3;0;2;0;0;1;2;2;-23,69998;-46,867767;"SPRF-SP";"DEL04-SP";"UOP01-DEL04-SP"
567499;2023-11-28;"terça-feira";"02:00:00";"GO";80;176;"URUACU";"Demais falhas mecânicas ou elétricas";"Incêndio";"Sem Vítimas";"Plena Noite";"Crescente";"Ignorado";"Simples";"Reta";"Não";2;0;0;0;1;1;0;2;-14,65472;-49,16404;"SPRF-GO";"DEL07-GO";"UOP02-DEL07-GO"
567500;2023-12-13;"quarta-feira";"14:05:00";"SP";116;155;"SAO JOSE DOS CAMPOS";"Ingestão de álcool pelo condutor";"Colisão com objeto";"Com Vítimas Feridas";"Pleno dia";"Crescente";"Sol";"Dupla";"Em Obras";"Não";3;0;1;0;1;1;1;3;-23,24524337;-45,92772774;"SPRF-SP";"DEL02-SP";"UOP01-DEL02-SP"
567504;2023-12-13;"quarta-feira";"14:48:00";"SP";116;350;"MIRACATU";"Demais falhas mecânicas ou elétricas";"Incêndio";"Sem Vítimas";"Pleno dia";"Decrescente";"Céu Claro";"Dupla";"Reta";"Não";1;0;0;0;1;0;0;1;-24,05853299;-47,21739301;"SPRF-SP";"DEL04-SP";"UOP03-DEL04-SP"
567505;2023-12-13;"quarta-feira";"14:30:00";"SP";381;84,5;"SAO PAULO";"Ausência de reação do condutor";"Colisão lateral mesmo sentido";"Com Vítimas Feridas";"Pleno dia";"Decrescente";"Céu Claro";"Dupla";"Reta";"Sim";4;0;2;0;2;0;2;2;-23,43937;-46,56807;"SPRF-SP";"DEL03-SP";"UOP01-DEL03-SP"
567506;2023-12-13;"quarta-feira";"14:30:00";"SC";101;144;"ITAPEMA";"Manobra de mudança de faixa";"Colisão traseira";"Com Vítimas Feridas";"Pleno dia";"Crescente";"Sol";"Dupla";"Reta";"Sim";4;0;1;0;3;0;1;2;-27,0732659;-48,59672716;"SPRF-SC";"DEL04-SC";"UOP03-DEL04-SC"
567510;2023-12-04;"segunda-feira";"15:10:00";"MG";381;872,5;"ESTIVA";"Reação tardia ou ineficiente do condutor";"Saída de leito carroçável";"Sem Vítimas";"Pleno dia";"Decrescente";"Nublado";"Dupla";"Aclive;Curva";"Não";2;0;0;0;1;2;0;3;-22,41177938;-45,95878428;"SPRF-MG";"DEL16-MG";"UOP01-DEL16-MG"
567512;2023-12-13;"quarta-feira";"14:00:00";"GO";364;57;"CACHOEIRA ALTA";"Acessar a via sem observar a presença dos outros veículos";"Colisão transversal";"Com Vítimas Feridas";"Pleno dia";"Decrescente";"Céu Claro";"Simples";"Reta";"Sim";4;0;0;1;2;2;1;4;-18,75400781;-50,93431234;"SPRF-GO";"DEL05-GO";"UOP02-DEL05-GO"
567515;2023-11-22;"quarta-feira";"09:00:00";"MT";158;320;"BOM JESUS DO ARAGUAIA";"Afundamento ou ondulação no pavimento";"Tombamento";"Com Vítimas Feridas";"Pleno dia";"Crescente";"Céu Claro";"Simples";"Reta";"Não";2;0;0;1;0;2;1;3;-12,09828115;-51,69935691;"SPRF-MT";"DEL07-MT";"UOP02-DEL07-MT"
567522;2023-12-13;"quarta-feira";"17:20:00";"SE";235;24;"LARANJEIRAS";"Condutor Dormindo";"Colisão frontal";"Com Vítimas Fatais";"Pleno dia";"Decrescente";"Céu Claro";"Simples";"Reta";"Não";3;1;1;0;1;0;1;3;-10,823149;-37,235428;"SPRF-SE";"DEL01-SE";"UOP02-DEL01-SE"
567523;2023-11-03;"sexta-feira";"14:10:00";"ES";101;89;"SAO MATEUS";"Ultrapassagem Indevida";"Colisão lateral sentido oposto";"Com Vítimas Feridas";"Pleno dia";"Crescente";"Céu Claro";"Simples";"Reta";"Não";5;0;1;2;1;2;3;4;-18,88987374;-39,95207255;"SPRF-ES";"DEL04-ES";"UOP02-DEL04-ES"
567529;2023-12-13;"quarta-feira";"18:20:00";"ES";101;293;"CARIACICA";"Ausência de reação do condutor";"Colisão traseira";"Com Vítimas Feridas";"Plena Noite";"Crescente";"Céu Claro";"Dupla";"Reta";"Sim";3;0;1;0;1;2;1;4;-20,31526144;-40,39567044;"SPRF-ES";"DEL01-ES";"UOP01-DEL01-ES"
567537;2023-12-13;"quarta-feira";"18:00:00";"RS";392;7,5;"RIO GRANDE";"Transitar no Acostamento";"Colisão transversal";"Com Vítimas Feridas";"Pleno dia";"Crescente";"Nublado";"Simples";"Reta";"Não";3;0;1;0;1;1;1;3;-32,09780193;-52,10944176;"SPRF-RS";"DEL07-RS";"UOP02-DEL07-RS"
567539;2023-12-13;"quarta-feira";"18:50:00";"RJ";116;307;"RESENDE";"Reação tardia ou ineficiente do condutor";"Colisão traseira";"Com Vítimas Feridas";"Plena Noite";"Decrescente";"Nublado";"Dupla";"Reta";"Sim";3;0;0;1;1;1;1;3;-22,45713262;-44,41063703;"SPRF-RJ";"DEL07-RJ";"UOP02-DEL07-RJ"