"id";"data_inversa";"dia_semana";"horario";"uf";"br";"km";"municipio";"causa_acidente";"tipo_acidente";"classificacao_acidente";"fase_dia";"sentido_via";"condicao_metereologica";"tipo_pista";"tracado_via";"uso_solo";"pessoas";"mortos";"feridos_leves";"feridos_graves";"ilesos";"ignorados";"feridos";"veiculos";"latitude";"longitude";"regional";"delegacia";"uop"
567541;2023-12-13;"quarta-feira";"17:30:00";"RJ";116;197;"QUEIMADOS";"Reação tardia ou ineficiente do condutor";"Colisão traseira";"Com Vítimas Feridas";"Pleno dia";"Decrescente";"Céu Claro";"Dupla";"Reta";"Não";3;0;1;0;2;0;1;2;-22,72980637;-43,56512004;"SPRF-RJ";"DEL06-RJ";"UOP02-DEL06-RJ"
567544;2023-12-13;"quarta-feira";"19:20:00";"ES";101;262;"SERRA";"Trafegar com motocicleta (ou similar) entre as faixas";"Colisão lateral mesmo sentido";"Com Vítimas Feridas";"Plena Noite";"Crescente";"Nublado";"Dupla";"Reta";"Sim";3;0;0;1;2;0;1;3;-20,1572331;-40,27678329;"SPRF-ES";"DEL02-ES";"UOP01-DEL02-ES"
567549;2023-12-13;"quarta-feira";"18:50:00";"MG";40;518;"RIBEIRAO DAS NEVES";"Velocidade Incompatível";"Colisão traseira";"Com Vítimas Feridas";"Pleno dia";"Decrescente";"Céu Claro";"Dupla";"Reta";"Sim";3;0;1;0;1;1;1;3;-19,83792969;-44,07796383;"SPRF-MG";"DEL01-MG";"UOP02-DEL01-MG"
567551;2023-12-13;"quarta-feira";"19:15:00";"DF";60;9;"BRASILIA";"Ultrapassagem Indevida";"Colisão lateral mesmo sentido";"Sem Vítimas";"Plena Noite";"Crescente";"Nublado";"Dupla";"Reta;Declive";"Sim";4;0;0;0;2;3;0;4;-15,906521;-48,140328;"SPRF-DF";"DEL03-DF";"UOP01-DEL03-DF"
567554;2023-12-13;"quarta-feira";"13:28:00";"PR";277;529,2;"GUARANIACU";"Velocidade Incompatível";"Colisão lateral sentido oposto";"Com Vítimas Feridas";"Pleno dia";"Crescente";"Céu Claro";"Simples";"Curva;Declive";"Não";4;0;1;0;2;1;1;4;-25,091649;-52,949265;"SPRF-PR";"DEL04-PR";"UOP04-DEL04-PR"
567556;2023-12-13;"quarta-feira";"18:40:00";"SP";116;227;"GUARULHOS";"Manobra de mudança de faixa";"Colisão lateral mesmo sentido";"Com Vítimas Feridas";"Plena Noite";"Crescente";"Nublado";"Múltipla";"Reta";"Sim";3;0;1;0;1;1;1;3;-23,49659264;-46,55648754;"SPRF-SP";"DEL01-SP";"UOP01-DEL01-SP"
567558;2023-12-07;"quinta-feira";"15:50:00";"RS";290;721;"URUGUAIANA";"Mal súbito do condutor";"Saída de leito carroçável";"Com Vítimas Feridas";"Pleno dia";"Crescente";"Sol";"Simples";"Rotatória";"Não";2;0;1;0;0;1;1;2;-29,758587;-57,060295;"SPRF-RS";"DEL13-RS";"UOP01-DEL13-RS"
567559;2023-12-13;"quarta-feira";"18:20:00";"RR";401;14;"BOA VISTA";"Ausência de reação do condutor";"Engavetamento";"Sem Vítimas";"Anoitecer";"Crescente";"Ignorado";"Simples";"Ponte";"Sim";3;0;0;0;3;0;0;3;2,83410818;-60,5854182;"SPRF-RR";"DEL01-RR";"UOP01-DEL01-RR"
567563;2023-12-13;"quarta-feira";"20:30:00";"PR";376;643;"TIJUCAS DO SUL";"Ingestão de álcool pelo condutor";"Engavetamento";"Sem Vítimas";"Plena Noite";"Crescente";"Céu Claro";"Dupla";"Aclive;Reta";"Não";3;0;0;0;3;0;0;3;-25,805819;-49,13522705;"SPRF-PR";"DEL01-PR";"UOP04-DEL01-PR"
567568;2023-12-13;"quarta-feira";"19:00:00";"MT";158;554;"AGUA BOA";"Ingestão de álcool pelo condutor";"Colisão lateral sentido oposto";"Com Vítimas Feridas";"Plena Noite";"Decrescente";"Céu Claro";"Simples";"Reta";"Não";3;0;1;0;1;2;1;4;-13,94446602;-52,10520498;"SPRF-MT";"DEL07-MT";"UOP02-DEL07-MT"
567575;2023-12-13;"quarta-feira";"17:10:00";"MG";40;172,7;"JOAO PINHEIRO";"Acostamento em desnível";"Tombamento";"Sem Vítimas";"Pleno dia";"Decrescente";"Céu Claro";"Dupla";"Reta;Interseção de Vias;Retorno Regulamentado";"Não";2;0;0;0;1;1;0;2;-17,94245402;-46,04307001;"SPRF-MG";"DEL14-MG";"UOP02-DEL14-MG"
567577;2023-12-13;"quarta-feira";"22:15:00";"MG";381;434;"SABARA";"Demais falhas na via";"Saída de leito carroçável";"Com Vítimas Feridas";"Plena Noite";"Crescente";"Céu Claro";"Simples";"Reta";"Não";1;0;1;0;0;0;1;1;-19,7873368;-43,72776926;"SPRF-MG";"DEL01-MG";"UOP01-DEL01-MG"
567579;2023-12-13;"quarta-feira";"22:10:00";"SP";116;455;"REGISTRO";"Condutor deixou de manter distância do veículo da frente";"Colisão traseira";"Com Vítimas Feridas";"Plena Noite";"Crescente";"Céu Claro";"Dupla";"Reta";"Sim";3;0;1;0;1;2;1;4;-24,57253407;-47,88134891;"SPRF-SP";"DEL05-SP";"UOP01-DEL05-SP"
567583;2023-12-13;"quarta-feira";"22:00:00";"ES";101;219;"IBIRACU";"Velocidade Incompatível";"Tombamento";"Com Vítimas Feridas";"Plena Noite";"Decrescente";"Céu Claro";"Múltipla";"Curva;Declive";"Não";2;0;1;1;0;0;2;1;-19,86460092;-40,38336629;"SPRF-ES";"DEL02-ES";"UOP01-DEL02-ES"
567586;2023-12-13;"quarta-feira";"21:10:00";"PB";230;232;"JUAZEIRINHO";"Animais na Pista";"Colisão frontal";"Com Vítimas Feridas";"Plena Noite";"Decrescente";"Céu Claro";"Simples";"Reta";"Não";6;0;4;0;1;1;4;3;-7,0338;-36,5016;"SPRF-PB";"DEL02-PB";"UOP02-DEL02-PB"
567587;2023-12-12;"terça-feira";"18:00:00";"MA";316;53;"MARACACUME";"Ingestão de substâncias psicoativas pelo condutor";"Colisão frontal";"Com Vítimas Fatais";"Anoitecer";"Decrescente";"Céu Claro";"Simples";"Reta";"Não";4;2;0;0;1;1;0;3;-2,024164;-45,971676;"SPRF-MA";"DEL02-MA";"UOP02-DEL02-MA"
567593;2023-12-14;"quinta-feira";"00:40:00";"SC";116;131;"SANTA CECILIA";"Velocidade Incompatível";"Colisão traseira";"Com Vítimas Feridas";"Plena Noite";"Decrescente";"Céu Claro";"Simples";"Aclive;Curva";"Não";3;0;1;0;1;1;1;3;-26,89968986;-50,43667825;"SPRF-SC";"DEL06-SC";"UOP02-DEL06-SC"
567596;2023-12-13;"quarta-feira";"20:00:00";"BA";101;863;"TEIXEIRA DE FREITAS";"Ausência de reação do condutor";"Tombamento";"Com Vítimas Feridas";"Plena Noite";"Decrescente";"Céu Claro";"Simples";"Aclive";"Não";3;0;2;0;0;1;2;2;-17,62122718;-39,76605876;"SPRF-BA";"DEL09-BA";"UOP02-DEL09-BA"
567597;2023-12-14;"quinta-feira";"01:30:00";"SC";280;125,8;"RIO NEGRINHO";"Ingestão de álcool pelo condutor";"Colisão frontal";"Sem Vítimas";"Plena Noite";"Crescente";"Céu Claro";"Simples";"Declive";"Não";3;0;0;0;2;1;0;3;-26,23763684;-49,48434497;"SPRF-SC";"DEL06-SC";"UOP03-DEL06-SC"
567598;2023-12-14;"quinta-feira";"03:00:00";"CE";116;488,3;"MILAGRES";"Ausência de reação do condutor";"Colisão traseira";"Com Vítimas Fatais";"Plena Noite";"Crescente";"Céu Claro";"Simples";"Reta;Aclive";"Não";2;1;0;0;0;1;0;2;-7,37600122;-38,9552021;"SPRF-CE";"DEL05-CE";"UOP03-DEL05-CE"
567606;2023-12-14;"quinta-feira";"04:00:00";"PR";369;108;"URAI";"Condutor Dormindo";"Colisão traseira";"Com Vítimas Fatais";"Plena Noite";"Crescente";"Céu Claro";"Dupla";"Reta";"Não";6;1;2;0;2;1;2;4;-23,265372;-50,791841;"SPRF-PR";"DEL07-PR";"UOP05-DEL07-PR"
567607;2023-12-14;"quinta-feira";"04:40:00";"SC";470;52,5;"BLUMENAU";"Condutor Dormindo";"Colisão frontal";"Com Vítimas Feridas";"Amanhecer";"Decrescente";"Céu Claro";"Simples";"Reta";"Não";2;0;1;0;1;0;1;2;-26,862286;-49,093903;"SPRF-SC";"DEL04-SC";"UOP01-DEL04-SC"
567609;2023-12-14;"quinta-feira";"04:15:00";"SC";101;88,9;"BARRA VELHA";"Condutor Dormindo";"Saída de leito carroçável";"Com Vítimas Feridas";"Plena Noite";"Decrescente";"Nublado";"Múltipla";"Reta";"Sim";3;0;0;1;1;1;1;2;-26,64253985;-48,68950684;"SPRF-SC";"DEL03-SC";"UOP02-DEL03-SC"
567610;2023-12-14;"quinta-feira";"04:30:00";"BA";324;552;"AMELIA RODRIGUES";"Condutor deixou de manter distância do veículo da frente";"Colisão traseira";"Com Vítimas Feridas";"Amanhecer";"Crescente";"Céu Claro";"Dupla";"Reta";"Não";5;0;3;0;2;0;3;2;-12,44970237;-38,71122627;"SPRF-BA";"DEL01-BA";"UOP03-DEL01-BA"
567611;2023-12-14;"quinta-feira";"04:15:00";"SC";282;646,2;"SAO MIGUEL DO OESTE";"Desrespeitar a preferência no cruzamento";"Colisão transversal";"Com Vítimas Feridas";"Plena Noite";"Crescente";"Céu Claro";"Simples";"Interseção de Vias;Rotatória";"Sim";4;0;1;1;1;1;2;3;-26,76829633;-53,50019222;"SPRF-SC";"DEL07-SC";"UOP03-DEL07-SC"
567617;2023-12-14;"quinta-feira";"05:30:00";"GO";153;365,2;"JARAGUA";"Condutor deixou de manter distância do veículo da frente";"Colisão traseira";"Com Vítimas Feridas";"Amanhecer";"Crescente";"Céu Claro";"Simples";"Aclive;Reta";"Não";3;0;1;0;1;1;1;2;-15,791342;-49,302017;"SPRF-GO";"DEL02-GO";"UOP02-DEL02-GO"
567618;2023-12-14;"quinta-feira";"05:30:00";"PE";423;34;"SAO CAITANO";"Ultrapassagem Indevida";"Colisão traseira";"Com Vítimas Feridas";"Amanhecer";"Crescente";"Chuva";"Simples";"Reta";"Não";4;0;2;1;1;0;3;2;-8,45069903;-36,21115394;"SPRF-PE";"DEL03-PE";"UOP02-DEL03-PE"
567621;2023-12-14;"quinta-feira";"02:35:00";"MG";50;106,6;"UBERABA";"Ausência de reação do condutor";"Colisão traseira";"Com Vítimas Fatais";"Plena Noite";"Decrescente";"Céu Claro";"Dupla";"Aclive;Reta";"Não";46;2;6;2;34;2;8;3;-19,18854094;-48,15509282;"SPRF-MG";"DEL13-MG";"UOP01-DEL13-MG"
567623;2023-12-13;"quarta-feira";"22:40:00";"BA";324;603;"SIMOES FILHO";"Condutor Dormindo";"Colisão traseira";"Com Vítimas Feridas";"Plena Noite";"Crescente";"Céu Claro";"Dupla";"Reta";"Não";4;0;0;1;2;1;1;3;-12,77190917;-38,41991733;"SPRF-BA";"DEL01-BA";"UOP01-DEL01-BA"
567625;2023-11-24;"sexta-feira";"07:30:00";"ES";101;286;"CARIACICA";"Manobra de mudança de faixa";"Colisão lateral mesmo sentido";"Com Vítimas Feridas";"Pleno dia";"Crescente";"Nublado";"Dupla";"Reta";"Sim";4;0;1;0;2;3;1;5;-20,25902175;-40,37753412;"SPRF-ES";"DEL01-ES";"UOP01-DEL01-ES"
567626;2023-12-14;"quinta-feira";"07:10:00";"MS";262;230,1;"RIBAS DO RIO PARDO";"Acessar a via sem observar a presença dos outros veículos";"Colisão transversal";"Com Vítimas Fatais";"Pleno dia";"Crescente";"Céu Claro";"Simples";"Reta";"Não";4;1;0;1;1;3;1;5;-20,46810881;-53,67964983;"SPRF-MS";"DEL07-MS";"UOP02-DEL07-MS"
567631;2023-12-14;"quinta-feira";"07:45:00";"MS";376;169;"NOVA ANDRADINA";"Reação tardia ou ineficiente do condutor";"Colisão traseira";"Com Vítimas Feridas";"Pleno dia";"Crescente";"Céu Claro";"Simples";"Reta";"Não";2;0;0;1;1;0;1;2;-22,31130481;-53,40508306;"SPRF-MS";"DEL04-MS";"UOP04-DEL04-MS"
567633;2023-12-14;"quinta-feira";"07:40:00";"RS";290;217,7;"PANTANO GRANDE";"Acessar a via sem observar a presença dos outros veículos";"Colisão transversal";"Com Vítimas Feridas";"Pleno dia";"Crescente";"Céu Claro";"Simples";"Reta";"Sim";2;0;1;0;1;0;1;2;-30,192993;-52,386555;"SPRF-RS";"DEL02-RS";"UOP03-DEL02-RS"
567641;2023-12-14;"quinta-feira";"07:40:00";"SP";116;359;"MIRACATU";"Velocidade Incompatível";"Tombamento";"Com Vítimas Feridas";"Pleno dia";"Decrescente";"Céu Claro";"Simples";"Curva";"Não";2;0;0;1;0;1;1;2;-24,10862227;-47,26589989;"SPRF-SP";"DEL04-SP";"UOP03-DEL04-SP"
567647;2023-12-14;"quinta-feira";"07:00:00";"RJ";116;246;"PIRAI";"Objeto estático sobre o leito carroçável";"Tombamento";"Com Vítimas Feridas";"Pleno dia";"Decrescente";"Céu Claro";"Dupla";"Curva";"Não";1;0;1;0;0;0;1;1;-22,61426907;-43,93189964;"SPRF-RJ";"DEL07-RJ";"UOP01-DEL07-RJ"
567650;2023-12-14;"quinta-feira";"08:45:00";"PR";277;593,7;"CASCAVEL";"Manobra de mudança de faixa";"Colisão lateral mesmo sentido";"Com Vítimas Feridas";"Pleno dia";"Crescente";"Céu Claro";"Simples";"Reta";"Sim";5;0;2;0;2;1;2;4;-24,98082053;-53,48254989;"SPRF-PR";"DEL04-PR";"UOP01-DEL04-PR"
567654;2023-12-14;"quinta-feira";"07:40:00";"MA";10;251,1;"IMPERATRIZ";"Conversão proibida";"Colisão traseira";"Com Vítimas Fatais";"Pleno dia";"Crescente";"Sol";"Simples";"Reta";"Sim";3;1;0;0;2;0;0;2;-5,543249;-47,464447;"SPRF-MA";"DEL04-MA";"UOP01-DEL04-MA"
567656;2023-12-14;"quinta-feira";"09:40:00";"PB";230;376;"CONDADO";"Ausência de reação do condutor";"Tombamento";"Com Vítimas Feridas";"Pleno dia";"Crescente";"Céu Claro";"Simples";"Reta";"Não";1;0;1;0;0;0;1;1;-6,9108;-37,6026;"SPRF-PB";"DEL03-PB";"UOP02-DEL03-PB"
567661;2023-12-14;"quinta-feira";"09:50:00";"PE";407;123;"PETROLINA";"Ultrapassagem Indevida";"Colisão lateral mesmo sentido";"Com Vítimas Feridas";"Pleno dia";"Crescente";"Sol";"Simples";"Reta";"Sim";2;0;1;0;1;0;1;2;-9,3663948;-40,5431151;"SPRF-PE";"DEL06-PE";"UOP01-DEL06-PE"
567663;2023-12-14;"quinta-feira";"10:30:00";"SP";101;48;"UBATUBA";"Conversão proibida";"Colisão transversal";"Com Vítimas Feridas";"Pleno dia";"Decrescente";"Céu Claro";"Simples";"Reta";"Sim";2;0;1;0;1;0;1;2;-23,43696329;-45,08768768;"SPRF-SP";"DEL06-SP";"UOP01-DEL06-SP"
567668;2023-12-14;"quinta-feira";"09:20:00";"SC";282;255,1;"SAO JOSE DO CERRITO";"Ausência de sinalização";"Colisão transversal";"Com Vítimas Feridas";"Pleno dia";"Crescente";"Sol";"Simples";"Interseção de Vias;Em Obras";"Sim";2;0;1;0;1;0;1;2;-27,673826;-50,572021;"SPRF-SC";"DEL05-SC";"UOP02-DEL05-SC"
567671;2023-11-27;"segunda-feira";"22:00:00";"AM";319;1;"MANAUS";"Problema com o freio";"Colisão traseira";"Sem Vítimas";"Plena Noite";"Crescente";"Céu Claro";"Dupla";"Declive";"Sim";9;0;0;0;5;5;0;9;-3,134389;-59,940295;"SPRF-AM";"DEL01-AM";"UOP03-DEL01-AM"
567675;2023-12-14;"quinta-feira";"11:30:00";"RS";392;343,6;"SANTA MARIA";"Condutor deixou de manter distância do veículo da frente";"Colisão traseira";"Com Vítimas Feridas";"Pleno dia";"Decrescente";"Nublado";"Simples";"Reta;Declive";"Não";3;0;1;0;2;0;1;2;-29,795877;-53,779296;"SPRF-RS";"DEL09-RS";"UOP01-DEL09-RS"
567680;2023-12-08;"sexta-feira";"17:50:00";"PR";376;255;"CALIFORNIA";"Acessar a via sem observar a presença dos outros veículos";"Colisão transversal";"Com Vítimas Feridas";"Pleno dia";"Crescente";"Céu Claro";"Simples";"Curva";"Sim";6;0;1;0;4;1;1;5;-23,6545176;-51,37452453;"SPRF-PR";"DEL07-PR";"UOP03-DEL07-PR"
567682;2023-12-14;"quinta-feira";"12:20:00";"BA";101;186,6;"SAO GONCALO DOS CAMPOS";"Transitar na contramão";"Colisão frontal";"Com Vítimas Feridas";"Pleno dia";"Decrescente";"Céu Claro";"Simples";"Declive;Reta";"Não";5;0;4;0;0;1;4;3;-12,46490503;-38,93417358;"SPRF-BA";"DEL01-BA";"UOP03-DEL01-BA"
567695;2023-12-14;"quinta-feira";"13:30:00";"SP";116;222;"GUARULHOS";"Condutor deixou de manter distância do veículo da frente";"Colisão lateral mesmo sentido";"Com Vítimas Feridas";"Pleno dia";"Crescente";"Sol";"Múltipla";"Reta";"Não";3;0;1;0;0;2;1;3;-23,47093408;-46,51631097;"SPRF-SP";"DEL01-SP";"UOP01-DEL01-SP"
567697;2023-12-14;"quinta-feira";"14:10:00";"SP";381;78,1;"SAO PAULO";"Carga excessiva e/ou mal acondicionada";"Tombamento";"Com Vítimas Feridas";"Pleno dia";"Crescente";"Céu Claro";"Dupla";"Curva;Declive";"Não";8;0;1;0;6;2;1;9;-23,40090211;-46,57617331;"SPRF-SP";"DEL03-SP";"UOP01-DEL03-SP"
567698;2023-12-14;"quinta-feira";"14:00:00";"PA";316;35;"SANTA IZABEL DO PARA";"Reação tardia ou ineficiente do condutor";"Colisão lateral mesmo sentido";"Sem Vítimas";"Pleno dia";"Crescente";"Sol";"Dupla";"Desvio Temporário";"Sim";2;0;0;0;2;0;0;2;-1,29146197;-48,164561;"SPRF-PA";"DEL01-PA";"UOP01-DEL01-PA"
567701;2023-11-28;"terça-feira";"11:30:00";"ES";262;40;"DOMINGOS MARTINS";"Curva acentuada";"Tombamento";"Sem Vítimas";"Pleno dia";"Crescente";"Céu Claro";"Dupla";"Aclive;Curva";"Não";1;0;0;0;1;0;0;1;-20,38337149;-40,64076662;"SPRF-ES";"DEL01-ES";"UOP01-DEL01-ES"
567702;2023-12-14;"quinta-feira";"14:20:00";"PR";369;168;"ROLANDIA";"Acessar a via sem observar a presença dos outros veículos";"Colisão transversal";"Com Vítimas Feridas";"Pleno dia";"Crescente";"Céu Claro";"Dupla";"Rotatória";"Sim";3;0;1;0;2;0;1;2;-23,30228249;-51,33473933;"SPRF-PR";"DEL07-PR";"UOP01-DEL07-PR"
567705;2023-12-14;"quinta-feira";"14:55:00";"RS";290;212,5;"PANTANO GRANDE";"Carga excessiva e/ou mal acondicionada";"Colisão com objeto";"Sem Vítimas";"Pleno dia";"Decrescente";"Céu Claro";"Simples";"Reta";"Não";3;0;0;0;2;3;0;5;-30,18404926;-52,3499608;"SPRF-RS";"DEL02-RS";"UOP03-DEL02-RS"
567710;2023-12-14;"quinta-feira";"07:15:00";"MT";70;20;"BARRA DO GARCAS";"Animais na Pista";"Atropelamento de Animal";"Sem Vítimas";"Pleno dia";"Decrescente";"Céu Claro";"Simples";"Reta";"Não";3;0;0;0;2;3;0;5;-15,84611394;-52,42361397;"SPRF-MT";"DEL07-MT";"UOP01-DEL07-MT"
567719;2023-12-14;"quinta-feira";"14:45:00";"MG";153;190,7;"FRUTAL";"Reação tardia ou ineficiente do condutor";"Tombamento";"Sem Vítimas";"Pleno dia";"Crescente";"Céu Claro";"Simples";"Aclive;Reta";"Não";2;0;0;0;1;3;0;4;-19,94033745;-48,95790887;"SPRF-MG";"DEL13-MG";"UOP02-DEL13-MG"
567721;2023-11-24;"sexta-feira";"11:15:00";"MG";381;455;"SABARA";"Ausência de reação do condutor";"Tombamento";"Com Vítimas Feridas";"Pleno dia";"Decrescente";"Céu Claro";"Simples";"Curva";"Não";3;0;0;1;1;1;1;3;-19,85777408;-43,90468298;"SPRF-MG";"DEL01-MG";"UOP01-DEL01-MG"
567722;2023-12-14;"quinta-feira";"16:25:00";"RS";290;420,2;"SAO GABRIEL";"Avarias e/ou desgaste excessivo no pneu";"Colisão com objeto";"Sem Vítimas";"Pleno dia";"Decrescente";"Nublado";"Simples";"Reta";"Não";3;0;0;0;2;1;0;3;-30,340698;-54,340824;"SPRF-RS";"DEL11-RS";"UOP02-DEL11-RS"
567726;2023-12-14;"quinta-feira";"16:30:00";"RJ";101;100;"CAMPOS DOS GOYTACAZES";"Demais falhas mecânicas ou elétricas";"Incêndio";"Sem Vítimas";"Pleno dia";"Decrescente";"Céu Claro";"Dupla";"Reta";"Não";2;0;0;0;1;1;0;2;-21,88111458;-41,59066116;"SPRF-RJ";"DEL08-RJ";"UOP02-DEL08-RJ"
567729;2023-12-14;"quinta-feira";"16:54:00";"RN";304;157;"FERNANDO PEDROZA";"Ausência de reação do condutor";"Colisão traseira";"Sem Vítimas";"Pleno dia";"Decrescente";"Chuva";"Simples";"Em Obras;Curva";"Sim";3;0;0;0;2;1;0;3;-5,696604;-36,535522;"SPRF-RN";"DEL04-RN";"UOP01-DEL04-RN"
567732;2023-12-14;"quinta-feira";"16:37:00";"ES";259;5;"JOAO NEIVA";"Reação tardia ou ineficiente do condutor";"Engavetamento";"Com Vítimas Feridas";"Pleno dia";"Crescente";"Céu Claro";"Dupla";"Reta";"Não";5;0;0;2;3;0;2;4;-19,70483414;-40,3813403;"SPRF-ES";"DEL02-ES";"UOP01-DEL02-ES"
567733;2023-12-14;"quinta-feira";"17:00:00";"RS";116;517;"PELOTAS";"Acessar a via sem observar a presença dos outros veículos";"Colisão lateral mesmo sentido";"Com Vítimas Feridas";"Pleno dia";"Crescente";"Céu Claro";"Dupla";"Reta";"Não";3;0;1;0;1;1;1;3;-31,67908686;-52,34256731;"SPRF-RS";"DEL07-RS";"UOP01-DEL07-RS"
567734;2023-12-14;"quinta-feira";"16:30:00";"RS";386;7;"IRAI";"Acessar a via sem observar a presença dos outros veículos";"Colisão transversal";"Com Vítimas Feridas";"Pleno dia";"Crescente";"Nublado";"Simples";"Reta";"Não";2;0;0;1;1;0;1;2;-27,193233;-53,275326;"SPRF-RS";"DEL08-RS";"UOP02-DEL08-RS"
567735;2023-12-14;"quinta-feira";"16:30:00";"PR";376;40,8;"NOVA LONDRINA";"Demais falhas mecânicas ou elétricas";"Colisão com objeto";"Com Vítimas Fatais";"Pleno dia";"Decrescente";"Céu Claro";"Simples";"Aclive;Reta";"Não";2;1;0;0;0;1;0;2;-22,82808613;-53,0014801;"SPRF-PR";"DEL09-PR";"UOP02-DEL09-PR"
567736;2023-12-14;"quinta-feira";"17:10:00";"GO";40;11,8;"VALPARAISO DE GOIAS";"Acessar a via sem observar a presença dos outros veículos";"Colisão transversal";"Sem Vítimas";"Pleno dia";"Decrescente";"Céu Claro";"Dupla";"Retorno Regulamentado";"Sim";2;0;0;0;2;0;0;2;-16,138336;-47,951644;"SPRF-DF";"DEL01-DF";"UOP01-DEL01-DF"
567739;2023-12-14;"quinta-feira";"16:45:00";"PR";369;379;"MALLET";"Ingestão de álcool pelo condutor";"Colisão lateral sentido oposto";"Sem Vítimas";"Pleno dia";"Crescente";"Céu Claro";"Simples";"Reta;Declive";"Não";2;0;0;0;2;0;0;2;-25,82144172;-50,83901882;"SPRF-PR";"DEL04-PR";"UOP03-DEL04-PR"
567740;2023-12-14;"quinta-feira";"15:00:00";"RS";290;398;"SANTA MARGARIDA DO SUL";"Condutor Dormindo";"Saída de leito carroçável";"Com Vítimas Feridas";"Pleno dia";"Decrescente";"Céu Claro";"Simples";"Reta";"Não";2;0;1;0;1;0;1;1;-30,349052;-54,127392;"SPRF-RS";"DEL09-RS";"UOP02-DEL09-RS"
567751;2023-12-14;"quinta-feira";"13:45:00";"SC";116;264,9;"CAPAO ALTO";"Acessar a via sem observar a presença dos outros veículos";"Tombamento";"Com Vítimas Feridas";"Pleno dia";"Decrescente";"Sol";"Simples";"Reta";"Não";2;0;1;0;0;1;1;2;-27,93262143;-50,46174687;"SPRF-SC";"DEL05-SC";"UOP02-DEL05-SC"
567756;2023-12-14;"quinta-feira";"17:00:00";"MG";381;799,2;"SAO GONCALO DO SAPUCAI";"Manobra de mudança de faixa";"Colisão traseira";"Com Vítimas Fatais";"Pleno dia";"Crescente";"Céu Claro";"Dupla";"Aclive;Reta";"Não";3;1;0;0;1;1;0;3;-21,97237106;-45,63123585;"SPRF-MG";"DEL16-MG";"UOP02-DEL16-MG"
567761;2023-12-14;"quinta-feira";"18:00:00";"RJ";116;138;"DUQUE DE CAXIAS";"Manobra de mudança de faixa";"Colisão lateral mesmo sentido";"Com Vítimas Feridas";"Pleno dia";"Crescente";"Céu Claro";"Múltipla";"Reta;Viaduto";"Sim";6;0;1;0;4;3;1;7;-22,64697319;-43,19165101;"SPRF-RJ";"DEL04-RJ";"UOP02-DEL04-RJ"
567765;2023-12-14;"quinta-feira";"17:55:00";"MT";70;280;"PRIMAVERA DO LESTE";"Acessar a via sem observar a presença dos outros veículos";"Colisão frontal";"Com Vítimas Feridas";"Plena Noite";"Decrescente";"Céu Claro";"Simples";"Reta";"Sim";3;0;1;1;1;0;2;2;-15,5628096;-54,2970162;"SPRF-MT";"DEL05-MT";"UOP01-DEL05-MT"
567781;2023-12-14;"quinta-feira";"20:40:00";"PR";277;659;"MATELANDIA";"Velocidade Incompatível";"Tombamento";"Com Vítimas Feridas";"Plena Noite";"Crescente";"Céu Claro";"Dupla";"Curva;Declive";"Não";2;0;1;0;0;1;1;2;-25,24664169;-53,98334832;"SPRF-PR";"DEL05-PR";"UOP02-DEL05-PR"
567783;2023-12-14;"quinta-feira";"21:11:00";"SE";101;76;"LARANJEIRAS";"Reação tardia ou ineficiente do condutor";"Tombamento";"Sem Vítimas";"Plena Noite";"Decrescente";"Nublado";"Dupla";"Reta";"Não";2;0;0;0;1;1;0;2;-10,77357687;-37,12583705;"SPRF-SE";"DEL01-SE";"UOP01-DEL01-SE"
567784;2023-12-14;"quinta-feira";"16:30:00";"MT";163;855;"SINOP";"Acessar a via sem observar a presença dos outros veículos";"Colisão transversal";"Com Vítimas Feridas";"Pleno dia";"Crescente";"Chuva";"Simples";"Reta;Retorno Regulamentado;Interseção de Vias;Rotatória";"Não";4;0;1;1;1;1;2;3;-11,81199405;-55,48239482;"SPRF-MT";"DEL06-MT";"UOP02-DEL06-MT"
567788;2023-12-14;"quinta-feira";"18:50:00";"PA";10;120;"PARAGOMINAS";"Ausência de reação do condutor";"Colisão frontal";"Com Vítimas Feridas";"Plena Noite";"Crescente";"Nublado";"Simples";"Reta;Declive";"Não";6;0;0;4;1;2;4;4;-3,392432;-47,444252;"SPRF-PA";"DEL02-PA";"UOP01-DEL02-PA"
567789;2023-12-04;"segunda-feira";"14:20:00";"BA";242;683;"CRISTOPOLIS";"Acumulo de água sobre o pavimento";"Saída de leito carroçável";"Com Vítimas Feridas";"Pleno dia";"Crescente";"Chuva";"Simples";"Reta";"Não";2;0;1;0;0;1;1;2;-12,2299706;-43,95767212;"SPRF-BA";"DEL10-BA";"UOP02-DEL10-BA"
567797;2023-12-14;"quinta-feira";"22:00:00";"PR";376;263;"MARILANDIA DO SUL";"Reação tardia ou ineficiente do condutor";"Colisão com objeto";"Com Vítimas Feridas";"Plena Noite";"Crescente";"Céu Claro";"Dupla";"Declive;Curva";"Não";2;0;1;0;0;2;1;3;-23,71832487;-51,30721296;"SPRF-PR";"DEL07-PR";"UOP03-DEL07-PR"
567799;2023-12-14;"quinta-feira";"19:50:00";"RS";386;171,4;"CARAZINHO";"Reação tardia ou ineficiente do condutor";"Colisão frontal";"Sem Vítimas";"Plena Noite";"Crescente";"Céu Claro";"Simples";"Curva";"Não";3;0;0;0;2;1;0;3;-28,2483919;-52,7989914;"SPRF-RS";"DEL08-RS";"UOP01-DEL08-RS"