"id";"data_inversa";"dia_semana";"horario";"uf";"br";"km";"municipio";"causa_acidente";"tipo_acidente";"classificacao_acidente";"fase_dia";"sentido_via";"condicao_metereologica";"tipo_pista";"tracado_via";"uso_solo";"pessoas";"mortos";"feridos_leves";"feridos_graves";"ilesos";"ignorados";"feridos";"veiculos";"latitude";"longitude";"regional";"delegacia";"uop"
567801;2023-12-14;"quinta-feira";"21:30:00";"MG";40;599,6;"OURO PRETO";"Reação tardia ou ineficiente do condutor";"Colisão traseira";"Com Vítimas Feridas";"Plena Noite";"Decrescente";"Céu Claro";"Simples";"Aclive;Reta";"Não";3;0;0;1;1;2;1;4;-20,42669228;-43,86176337;"SPRF-MG";"DEL05-MG";"UOP02-DEL05-MG"
567806;2023-12-15;"sexta-feira";"00:05:00";"RJ";393;238;"VASSOURAS";"Animais na Pista";"Atropelamento de Animal";"Com Vítimas Feridas";"Plena Noite";"Decrescente";"Céu Claro";"Simples";"Reta";"Não";3;0;2;0;1;0;2;1;-22,40095658;-43,66442518;"SPRF-RJ";"DEL05-RJ";"UOP03-DEL05-RJ"
567810;2023-12-15;"sexta-feira";"00:45:00";"PR";369;149,6;"LONDRINA";"Acessar a via sem observar a presença dos outros veículos";"Colisão lateral mesmo sentido";"Sem Vítimas";"Plena Noite";"Crescente";"Céu Claro";"Dupla";"Reta";"Sim";2;0;0;0;2;0;0;2;-23,292801;-51,157834;"SPRF-PR";"DEL07-PR";"UOP01-DEL07-PR"
567813;2023-12-15;"sexta-feira";"00:05:00";"SP";116;393,1;"MIRACATU";"Ausência de reação do condutor";"Colisão traseira";"Com Vítimas Feridas";"Plena Noite";"Decrescente";"Céu Claro";"Dupla";"Reta";"Sim";4;0;1;0;2;1;1;3;-24,28558932;-47,44194093;"SPRF-SP";"DEL04-SP";"UOP02-DEL04-SP"
567816;2023-12-14;"quinta-feira";"23:54:00";"SP";116;26,8;"SILVEIRAS";"Declive acentuado";"Colisão com objeto";"Com Vítimas Feridas";"Plena Noite";"Crescente";"Céu Claro";"Dupla";"Declive";"Não";2;0;1;0;0;1;1;2;-22,61419397;-44,90005302;"SPRF-SP";"DEL08-SP";"UOP02-DEL08-SP"
567820;2023-12-15;"sexta-feira";"00:20:00";"MG";116;734,8;"LARANJAL";"Condutor Dormindo";"Tombamento";"Com Vítimas Feridas";"Plena Noite";"Crescente";"Céu Claro";"Simples";"Declive;Curva";"Não";2;0;0;1;0;2;1;3;-21,35508786;-42,46891737;"SPRF-MG";"DEL07-MG";"UOP02-DEL07-MG"
567821;2023-12-15;"sexta-feira";"01:40:00";"TO";10;461;"PALMAS";"Ausência de reação do condutor";"Colisão traseira";"Com Vítimas Feridas";"Plena Noite";"Crescente";"Céu Claro";"Múltipla";"Reta";"Sim";2;0;0;1;1;0;1;2;-10,251495;-48,312588;"SPRF-TO";"DEL01-TO";"UOP03-DEL01-TO"
567822;2023-12-15;"sexta-feira";"01:30:00";"RJ";116;271;"VOLTA REDONDA";"Reação tardia ou ineficiente do condutor";"Colisão traseira";"Com Vítimas Feridas";"Plena Noite";"Decrescente";"Céu Claro";"Dupla";"Reta";"Sim";2;0;1;0;1;0;1;2;-22,560883;-44,12224;"SPRF-RJ";"DEL07-RJ";"UOP02-DEL07-RJ"
567827;2023-12-15;"sexta-feira";"04:00:00";"RS";116;517;"PELOTAS";"Ingestão de álcool pelo condutor";"Colisão traseira";"Com Vítimas Feridas";"Plena Noite";"Crescente";"Ignorado";"Múltipla";"Reta";"Sim";3;0;1;0;1;1;1;3;-31,67908686;-52,34256731;"SPRF-RS";"DEL07-RS";"UOP01-DEL07-RS"
567836;2023-12-15;"sexta-feira";"06:20:00";"MG";251;513,8;"MONTES CLAROS";"Curva acentuada";"Colisão com objeto";"Sem Vítimas";"Amanhecer";"Crescente";"Céu Claro";"Simples";"Retorno Regulamentado";"Não";2;0;0;0;1;2;0;3;-16,6575132;-43,72704597;"SPRF-MG";"DEL12-MG";"UOP01-DEL12-MG"
567840;2023-12-15;"sexta-feira";"06:39:00";"MG";381;481,4;"CONTAGEM";"Manobra de mudança de faixa";"Colisão lateral mesmo sentido";"Com Vítimas Feridas";"Pleno dia";"Crescente";"Céu Claro";"Dupla";"Aclive;Reta";"Sim";2;0;1;0;1;0;1;2;-19,95931561;-44,08825597;"SPRF-MG";"DEL01-MG";"UOP03-DEL01-MG"
567845;2023-12-15;"sexta-feira";"07:00:00";"PR";277;21,9;"MORRETES";"Reação tardia ou ineficiente do condutor";"Colisão traseira";"Com Vítimas Fatais";"Amanhecer";"Decrescente";"Céu Claro";"Dupla";"Reta";"Não";3;1;0;0;1;1;0;3;-25,529466;-48,723526;"SPRF-PR";"DEL01-PR";"UOP05-DEL01-PR"
567851;2023-12-15;"sexta-feira";"07:00:00";"RJ";116;188;"NOVA IGUACU";"Condutor deixou de manter distância do veículo da frente";"Colisão traseira";"Sem Vítimas";"Pleno dia";"Decrescente";"Sol";"Múltipla";"Reta";"Não";3;0;0;0;2;1;0;3;-22,7380709;-43,48213999;"SPRF-RJ";"DEL06-RJ";"UOP01-DEL06-RJ"
567853;2023-12-15;"sexta-feira";"07:25:00";"ES";101;278;"SERRA";"Condutor deixou de manter distância do veículo da frente";"Colisão traseira";"Com Vítimas Feridas";"Pleno dia";"Decrescente";"Céu Claro";"Múltipla";"Reta;Em Obras";"Não";2;0;1;0;1;0;1;2;-20,21698365;-40,32974606;"SPRF-ES";"DEL02-ES";"UOP01-DEL02-ES"
567855;2023-10-24;"terça-feira";"07:20:00";"BA";116;645;"JAGUAQUARA";"Condutor deixou de manter distância do veículo da frente";"Colisão traseira";"Com Vítimas Feridas";"Pleno dia";"Crescente";"Céu Claro";"Simples";"Curva";"Não";6;0;3;1;1;2;4;4;-13,6097639;-40,0904484;"SPRF-BA";"DEL03-BA";"UOP01-DEL03-BA"
567859;2023-12-15;"sexta-feira";"07:00:00";"SC";282;4,2;"SAO JOSE";"Trafegar com motocicleta (ou similar) entre as faixas";"Colisão lateral mesmo sentido";"Com Vítimas Feridas";"Pleno dia";"Decrescente";"Céu Claro";"Múltipla";"Reta";"Não";3;0;1;0;2;0;1;3;-27,592646;-48,604034;"SPRF-SC";"DEL01-SC";"UOP01-DEL01-SC"
567864;2023-12-08;"sexta-feira";"02:00:00";"MS";262;144,1;"AGUA CLARA";"Ausência de reação do condutor";"Colisão com objeto";"Com Vítimas Feridas";"Plena Noite";"Decrescente";"Ignorado";"Dupla";"Reta";"Sim";2;0;0;1;1;0;1;2;-20,4458827;-52,87180703;"SPRF-MS";"DEL07-MS";"UOP02-DEL07-MS"
567866;2023-12-15;"sexta-feira";"07:45:00";"SC";101;119,7;"ITAJAI";"Conversão proibida";"Colisão lateral mesmo sentido";"Com Vítimas Feridas";"Pleno dia";"Decrescente";"Céu Claro";"Simples";"Reta";"Sim";2;0;1;0;1;0;1;2;-26,912758;-48,711998;"SPRF-SC";"DEL04-SC";"UOP04-DEL04-SC"
567874;2023-12-15;"sexta-feira";"08:08:00";"MG";50;99,2;"UBERLANDIA";"Condutor Dormindo";"Saída de leito carroçável";"Com Vítimas Feridas";"Pleno dia";"Crescente";"Sol";"Dupla";"Reta;Declive";"Não";3;0;1;0;1;1;1;3;-19,11861301;-48,17588405;"SPRF-MG";"DEL15-MG";"UOP01-DEL15-MG"
567881;2023-12-15;"sexta-feira";"09:30:00";"SC";470;277,6;"BRUNOPOLIS";"Velocidade Incompatível";"Tombamento";"Com Vítimas Feridas";"Pleno dia";"Crescente";"Nublado";"Simples";"Curva";"Não";2;0;1;0;0;2;1;3;-27,333916;-50,845214;"SPRF-SC";"DEL07-SC";"UOP06-DEL07-SC"
567886;2023-12-15;"sexta-feira";"07:45:00";"MT";70;609;"POCONE";"Ultrapassagem Indevida";"Colisão frontal";"Com Vítimas Feridas";"Pleno dia";"Crescente";"Sol";"Simples";"Curva";"Não";10;0;2;0;7;1;2;5;-15,84932911;-56,80410299;"SPRF-MT";"DEL03-MT";"UOP02-DEL03-MT"
567890;2023-12-08;"sexta-feira";"22:02:00";"MG";40;523,8;"CONTAGEM";"Manobra de mudança de faixa";"Colisão lateral mesmo sentido";"Com Vítimas Feridas";"Plena Noite";"Crescente";"Céu Claro";"Dupla";"Reta;Declive";"Sim";4;0;1;0;2;1;1;3;-19,87522;-44,05387;"SPRF-MG";"DEL01-MG";"UOP02-DEL01-MG"
567897;2023-12-15;"sexta-feira";"09:45:00";"PE";101;69;"RECIFE";"Velocidade Incompatível";"Colisão traseira";"Com Vítimas Feridas";"Pleno dia";"Crescente";"Céu Claro";"Múltipla";"Reta";"Sim";3;0;1;1;1;0;2;2;-8,05951606;-34,94581024;"SPRF-PE";"DEL01-PE";"UOP01-DEL01-PE"
567898;2023-12-15;"sexta-feira";"10:20:00";"RS";116;530;"CAPAO DO LEAO";"Acessar a via sem observar a presença dos outros veículos";"Colisão transversal";"Com Vítimas Feridas";"Pleno dia";"Crescente";"Chuva";"Simples";"Reta";"Sim";6;0;4;0;1;1;4;3;-31,76013717;-52,43830204;"SPRF-RS";"DEL07-RS";"UOP01-DEL07-RS"
567903;2023-12-15;"sexta-feira";"10:00:00";"SC";280;39,5;"ARAQUARI";"Ausência de reação do condutor";"Colisão traseira";"Com Vítimas Feridas";"Pleno dia";"Decrescente";"Céu Claro";"Simples";"Reta";"Não";2;0;1;0;1;0;1;2;-26,44875367;-48,83792802;"SPRF-SC";"DEL03-SC";"UOP03-DEL03-SC"
567911;2023-12-15;"sexta-feira";"11:40:00";"PR";163;147,2;"SANTA LUCIA";"Curva acentuada";"Tombamento";"Com Vítimas Feridas";"Pleno dia";"Decrescente";"Céu Claro";"Dupla";"Curva;Declive";"Não";2;0;1;0;0;2;1;3;-25,44415695;-53,57850109;"SPRF-PR";"DEL05-PR";"UOP05-DEL05-PR"
567912;2023-09-23;"sábado";"09:00:00";"BA";101;115;"ALAGOINHAS";"Condutor deixou de manter distância do veículo da frente";"Engavetamento";"Com Vítimas Feridas";"Pleno dia";"Crescente";"Céu Claro";"Simples";"Reta;Aclive";"Não";4;0;1;0;3;0;1;3;-12,15321792;-38,52079102;"SPRF-BA";"DEL01-BA";"UOP04-DEL01-BA"
567923;2023-12-15;"sexta-feira";"11:55:00";"PR";163;219;"CASCAVEL";"Demais falhas mecânicas ou elétricas";"Incêndio";"Com Vítimas Feridas";"Pleno dia";"Crescente";"Céu Claro";"Dupla";"Reta";"Não";1;0;1;0;0;0;1;1;-24,86673615;-53,57246876;"SPRF-PR";"DEL04-PR";"UOP01-DEL04-PR"
567927;2023-12-15;"sexta-feira";"13:00:00";"GO";153;691;"ITUMBIARA";"Ausência de reação do condutor";"Colisão lateral mesmo sentido";"Com Vítimas Feridas";"Pleno dia";"Crescente";"Céu Claro";"Dupla";"Reta";"Não";6;0;1;0;4;1;1;3;-18,3173;-49,2302;"SPRF-GO";"DEL03-GO";"UOP02-DEL03-GO"
567931;2023-12-15;"sexta-feira";"08:00:00";"SC";470;245,1;"CURITIBANOS";"Demais falhas mecânicas ou elétricas";"Colisão lateral sentido oposto";"Com Vítimas Feridas";"Pleno dia";"Decrescente";"Céu Claro";"Simples";"Reta";"Não";6;0;2;1;2;2;3;5;-27,316158;-50,524006;"SPRF-SC";"DEL05-SC";"UOP03-DEL05-SC"
567932;2023-12-15;"sexta-feira";"10:40:00";"ES";101;3,5;"ICONHA";"Velocidade Incompatível";"Tombamento";"Com Vítimas Feridas";"Pleno dia";"Decrescente";"Céu Claro";"Dupla";"Curva;Declive";"Não";2;0;1;0;0;1;1;2;-20,80656519;-40,79757258;"SPRF-ES";"DEL04-ES";"UOP02-DEL04-ES"
567933;2023-12-15;"sexta-feira";"03:00:00";"MA";316;512;"CODO";"Problema com o freio";"Incêndio";"Sem Vítimas";"Plena Noite";"Crescente";"Nublado";"Simples";"Reta";"Não";2;0;0;0;1;1;0;2;-4,75043;-43,664165;"SPRF-MA";"DEL03-MA";"UOP02-DEL03-MA"
567934;2023-12-15;"sexta-feira";"13:30:00";"MG";381;477,7;"CONTAGEM";"Trafegar com motocicleta (ou similar) entre as faixas";"Colisão com objeto";"Com Vítimas Feridas";"Pleno dia";"Crescente";"Céu Claro";"Dupla";"Reta";"Sim";1;0;0;1;0;0;1;1;-19,95915056;-44,03301001;"SPRF-MG";"DEL01-MG";"UOP03-DEL01-MG"
567935;2023-12-15;"sexta-feira";"10:50:00";"SC";116;300,9;"CAPAO ALTO";"Condutor deixou de manter distância do veículo da frente";"Colisão traseira";"Com Vítimas Feridas";"Pleno dia";"Crescente";"Sol";"Simples";"Reta";"Não";3;0;0;1;1;1;1;3;-28,19325207;-50,71574086;"SPRF-SC";"DEL05-SC";"UOP02-DEL05-SC"
567937;2023-08-01;"terça-feira";"09:55:00";"PE";232;254,7;"ARCOVERDE";"Reação tardia ou ineficiente do condutor";"Colisão traseira";"Com Vítimas Feridas";"Pleno dia";"Decrescente";"Céu Claro";"Simples";"Reta";"Sim";2;0;0;1;1;0;1;2;-8,41875994;-37,07859892;"SPRF-PE";"DEL04-PE";"UOP02-DEL04-PE"
567938;2023-12-15;"sexta-feira";"13:30:00";"MS";163;485;"CAMPO GRANDE";"Reação tardia ou ineficiente do condutor";"Colisão traseira";"Com Vítimas Feridas";"Pleno dia";"Crescente";"Céu Claro";"Simples";"Reta";"Sim";4;0;3;0;1;0;3;2;-20,44233707;-54,54201834;"SPRF-MS";"DEL01-MS";"UOP02-DEL01-MS"
567944;2023-12-15;"sexta-feira";"12:45:00";"CE";116;358;"ICO";"Transitar na contramão";"Colisão frontal";"Com Vítimas Feridas";"Pleno dia";"Crescente";"Céu Claro";"Simples";"Reta";"Não";6;0;0;2;2;5;2;8;-6,313493;-38,731337;"SPRF-CE";"DEL05-CE";"UOP02-DEL05-CE"
567945;2023-12-15;"sexta-feira";"10:30:00";"SC";101;198;"BIGUACU";"Ausência de reação do condutor";"Colisão traseira";"Sem Vítimas";"Pleno dia";"Decrescente";"Céu Claro";"Múltipla";"Reta";"Sim";3;0;0;0;3;0;0;3;-27,52658712;-48,63506019;"SPRF-SC";"DEL01-SC";"UOP01-DEL01-SC"
567948;2023-12-15;"sexta-feira";"08:30:00";"PR";163;212;"CASCAVEL";"Manobra de mudança de faixa";"Colisão lateral mesmo sentido";"Com Vítimas Feridas";"Pleno dia";"Crescente";"Céu Claro";"Dupla";"Curva;Declive";"Sim";2;0;1;0;0;1;1;2;-24,92573701;-53,53696393;"SPRF-PR";"DEL05-PR";"UOP05-DEL05-PR"
567952;2023-12-15;"sexta-feira";"12:55:00";"PB";230;332,5;"PATOS";"Acessar a via sem observar a presença dos outros veículos";"Colisão lateral mesmo sentido";"Com Vítimas Feridas";"Pleno dia";"Decrescente";"Céu Claro";"Simples";"Reta";"Sim";2;0;0;1;1;0;1;2;-7,0203;-37,2403;"SPRF-PB";"DEL03-PB";"UOP01-DEL03-PB"
567953;2023-11-21;"terça-feira";"15:05:00";"MG";40;462;"SETE LAGOAS";"Reação tardia ou ineficiente do condutor";"Colisão traseira";"Sem Vítimas";"Pleno dia";"Crescente";"Chuva";"Dupla";"Reta;Declive";"Não";2;0;0;0;2;0;0;2;-19,4136917;-44,33879427;"SPRF-MG";"DEL02-MG";"UOP01-DEL02-MG"
567956;2023-12-15;"sexta-feira";"10:00:00";"RO";364;1;"VILHENA";"Reação tardia ou ineficiente do condutor";"Colisão com objeto";"Sem Vítimas";"Pleno dia";"Crescente";"Céu Claro";"Simples";"Reta";"Não";2;0;0;0;1;1;0;2;-12,80784898;-60,08268392;"SPRF-RO";"DEL04-RO";"UOP01-DEL04-RO"
567962;2023-12-15;"sexta-feira";"15:30:00";"SC";101;116,2;"ITAJAI";"Manobra de mudança de faixa";"Colisão lateral mesmo sentido";"Com Vítimas Feridas";"Pleno dia";"Decrescente";"Sol";"Múltipla";"Reta";"Não";4;0;1;0;2;1;1;3;-26,87905605;-48,72603512;"SPRF-SC";"DEL04-SC";"UOP04-DEL04-SC"
567963;2023-12-15;"sexta-feira";"15:15:00";"CE";222;302;"TIANGUA";"Problema com o freio";"Colisão lateral sentido oposto";"Com Vítimas Feridas";"Pleno dia";"Decrescente";"Céu Claro";"Simples";"Curva;Declive";"Não";5;0;1;0;4;0;1;3;-3,66341744;-40,95009697;"SPRF-CE";"DEL04-CE";"UOP02-DEL04-CE"
567966;2023-12-15;"sexta-feira";"10:57:00";"BA";415;58;"ITABUNA";"Reação tardia ou ineficiente do condutor";"Saída de leito carroçável";"Com Vítimas Feridas";"Pleno dia";"Decrescente";"Sol";"Simples";"Curva";"Não";1;0;1;0;0;0;1;1;-14,81574494;-39,29612388;"SPRF-BA";"DEL05-BA";"UOP01-DEL05-BA"
567967;2023-12-15;"sexta-feira";"12:00:00";"RS";470;69,7;"LAGOA VERMELHA";"Demais falhas mecânicas ou elétricas";"Saída de leito carroçável";"Com Vítimas Feridas";"Pleno dia";"Crescente";"Céu Claro";"Simples";"Curva;Aclive";"Não";1;0;0;1;0;0;1;1;-28,203287;-51,525436;"SPRF-RS";"DEL08-RS";"UOP05-DEL08-RS"
567968;2023-12-15;"sexta-feira";"15:50:00";"PR";277;2,8;"PARANAGUA";"Ultrapassagem Indevida";"Colisão lateral mesmo sentido";"Com Vítimas Fatais";"Pleno dia";"Crescente";"Sol";"Simples";"Reta";"Sim";3;1;0;0;0;2;0;3;-25,539557;-48,558426;"SPRF-PR";"DEL01-PR";"UOP05-DEL01-PR"
567969;2023-06-09;"sexta-feira";"16:30:00";"MG";262;589,4;"CAMPOS ALTOS";"Velocidade Incompatível";"Tombamento";"Com Vítimas Feridas";"Pleno dia";"Decrescente";"Céu Claro";"Simples";"Declive;Curva";"Não";2;0;1;0;0;1;1;2;-19,65792178;-46,126369;"SPRF-MG";"DEL08-MG";"UOP02-DEL08-MG"
567970;2023-12-15;"sexta-feira";"15:30:00";"BA";407;2,7;"JUAZEIRO";"Condutor deixou de manter distância do veículo da frente";"Engavetamento";"Sem Vítimas";"Pleno dia";"Crescente";"Céu Claro";"Simples";"Desvio Temporário;Em Obras";"Sim";4;0;0;0;3;1;0;4;-9,4250917;-40,50357694;"SPRF-PE";"DEL06-PE";"UOP01-DEL06-PE"
567971;2023-11-30;"quinta-feira";"07:00:00";"SC";101;101,8;"BALNEARIO PICARRAS";"Ausência de reação do condutor";"Colisão traseira";"Com Vítimas Feridas";"Pleno dia";"Crescente";"Nublado";"Múltipla";"Reta;Viaduto";"Sim";5;0;0;1;3;2;1;6;-26,76404198;-48,68657667;"SPRF-SC";"DEL03-SC";"UOP02-DEL03-SC"
567973;2023-12-15;"sexta-feira";"10:58:00";"MG";262;153;"SAO DOMINGOS DO PRATA";"Ausência de reação do condutor";"Colisão com objeto";"Com Vítimas Feridas";"Pleno dia";"Crescente";"Céu Claro";"Simples";"Ponte";"Não";2;0;0;1;1;0;1;1;-19,99113399;-42,79060753;"SPRF-MG";"DEL03-MG";"UOP03-DEL03-MG"
567979;2023-12-15;"sexta-feira";"16:10:00";"PB";230;1,4;"CABEDELO";"Acessar a via sem observar a presença dos outros veículos";"Colisão transversal";"Com Vítimas Feridas";"Pleno dia";"Decrescente";"Nublado";"Simples";"Reta";"Sim";3;0;1;0;1;1;1;3;-6,9753;-34,8318;"SPRF-PB";"DEL01-PB";"UOP01-DEL01-PB"
567980;2023-12-15;"sexta-feira";"16:50:00";"SC";101;197,5;"BIGUACU";"Condutor Dormindo";"Tombamento";"Com Vítimas Feridas";"Pleno dia";"Decrescente";"Nublado";"Múltipla";"Reta;Aclive";"Sim";3;0;3;0;0;0;3;1;-27,51844497;-48,63848496;"SPRF-SC";"DEL01-SC";"UOP01-DEL01-SC"
567981;2023-12-15;"sexta-feira";"16:15:00";"SC";101;131;"BALNEARIO CAMBORIU";"Desrespeitar a preferência no cruzamento";"Colisão transversal";"Com Vítimas Feridas";"Pleno dia";"Crescente";"Céu Claro";"Simples";"Interseção de Vias";"Sim";2;0;1;0;1;0;1;2;-26,99064209;-48,66310912;"SPRF-SC";"DEL04-SC";"UOP03-DEL04-SC"
567982;2023-12-15;"sexta-feira";"16:50:00";"PB";101;35,5;"SANTA RITA";"Reação tardia ou ineficiente do condutor";"Engavetamento";"Com Vítimas Feridas";"Pleno dia";"Decrescente";"Nublado";"Múltipla";"Curva;Declive;Interseção de Vias";"Sim";14;0;0;3;10;1;3;14;-7,12526574;-34,94527459;"SPRF-PB";"DEL01-PB";"UOP04-DEL01-PB"
567984;2023-12-15;"sexta-feira";"13:10:00";"GO";20;47;"FORMOSA";"Reação tardia ou ineficiente do condutor";"Colisão traseira";"Com Vítimas Feridas";"Pleno dia";"Crescente";"Céu Claro";"Simples";"Curva;Declive";"Não";3;0;2;0;0;1;2;3;-15,352169;-47,115894;"SPRF-DF";"DEL02-DF";"UOP02-DEL02-DF"
567985;2023-12-15;"sexta-feira";"16:50:00";"ES";101;280,7;"SERRA";"Acessar a via sem observar a presença dos outros veículos";"Colisão transversal";"Com Vítimas Fatais";"Pleno dia";"Crescente";"Céu Claro";"Dupla";"Reta;Retorno Regulamentado";"Sim";2;1;0;0;1;0;0;2;-20,21828666;-40,34895595;"SPRF-ES";"DEL02-ES";"UOP01-DEL02-ES"
567996;2023-12-15;"sexta-feira";"13:30:00";"RS";470;274;"SAO JOSE DO SUL";"Velocidade Incompatível";"Colisão transversal";"Com Vítimas Feridas";"Pleno dia";"Crescente";"Céu Claro";"Simples";"Reta;Em Obras";"Não";4;0;2;0;1;2;2;4;-29,54606764;-51,48461872;"SPRF-RS";"DEL06-RS";"UOP01-DEL06-RS"
568001;2023-12-15;"sexta-feira";"16:50:00";"PE";316;25;"ARARIPINA";"Acessar a via sem observar a presença dos outros veículos";"Colisão traseira";"Com Vítimas Feridas";"Pleno dia";"Crescente";"Céu Claro";"Simples";"Reta";"Sim";2;0;1;0;1;0;1;2;-7,59595686;-40,49329368;"SPRF-PE";"DEL05-PE";"UOP02-DEL05-PE"
568011;2023-12-15;"sexta-feira";"18:00:00";"RS";472;184,4;"SANTO CRISTO";"Manobra de mudança de faixa";"Colisão frontal";"Com Vítimas Feridas";"Pleno dia";"Crescente";"Chuva";"Simples";"Reta";"Não";2;0;1;0;1;0;1;2;-27,83776123;-54,59972262;"SPRF-RS";"DEL10-RS";"UOP01-DEL10-RS"
568012;2023-12-14;"quinta-feira";"07:20:00";"RS";471;469;"RIO GRANDE";"Ultrapassagem Indevida";"Colisão lateral mesmo sentido";"Sem Vítimas";"Pleno dia";"Crescente";"Nublado";"Simples";"Reta";"Sim";3;0;0;0;3;0;0;3;-32,121338;-52,360302;"SPRF-RS";"DEL07-RS";"UOP02-DEL07-RS"
568013;2023-12-15;"sexta-feira";"17:12:00";"SP";116;152;"SAO JOSE DOS CAMPOS";"Ausência de reação do condutor";"Colisão traseira";"Sem Vítimas";"Pleno dia";"Crescente";"Céu Claro";"Dupla";"Reta";"Sim";3;0;0;0;3;0;0;3;-23,22620401;-45,90682999;"SPRF-SP";"DEL02-SP";"UOP01-DEL02-SP"
568015;2023-12-15;"sexta-feira";"18:17:00";"SC";101;91;"BARRA VELHA";"Ausência de reação do condutor";"Colisão traseira";"Com Vítimas Feridas";"Pleno dia";"Crescente";"Nublado";"Múltipla";"Reta";"Sim";3;0;0;1;1;1;1;3;-26,67120698;-48,69011814;"SPRF-SC";"DEL03-SC";"UOP02-DEL03-SC"
568020;2023-12-15;"sexta-feira";"16:30:00";"RJ";116;323;"ITATIAIA";"Condutor deixou de manter distância do veículo da frente";"Colisão traseira";"Com Vítimas Feridas";"Pleno dia";"Decrescente";"Céu Claro";"Simples";"Reta";"Sim";4;0;3;0;1;0;3;2;-22,48894634;-44,55061197;"SPRF-RJ";"DEL07-RJ";"UOP02-DEL07-RJ"
568021;2023-12-15;"sexta-feira";"14:50:00";"SP";116;386;"MIRACATU";"Reação tardia ou ineficiente do condutor";"Colisão com objeto";"Com Vítimas Feridas";"Pleno dia";"Decrescente";"Sol";"Dupla";"Reta";"Não";4;0;1;0;0;3;1;3;-24,26280509;-47,37943995;"SPRF-SP";"DEL04-SP";"UOP02-DEL04-SP"
568023;2023-12-15;"sexta-feira";"16:25:00";"SP";116;391;"MIRACATU";"Reação tardia ou ineficiente do condutor";"Colisão traseira";"Com Vítimas Fatais";"Pleno dia";"Decrescente";"Sol";"Dupla";"Curva";"Não";3;1;0;0;1;1;0;3;-24,27988597;-47,42392801;"SPRF-SP";"DEL04-SP";"UOP02-DEL04-SP"
568026;2023-12-15;"sexta-feira";"18:30:00";"SC";280;14,6;"SAO FRANCISCO DO SUL";"Conversão proibida";"Colisão transversal";"Sem Vítimas";"Plena Noite";"Decrescente";"Céu Claro";"Simples";"Reta";"Sim";3;0;0;0;2;1;0;3;-26,3301861;-48,65148076;"SPRF-SC";"DEL03-SC";"UOP03-DEL03-SC"
568031;2023-12-15;"sexta-feira";"17:50:00";"RJ";101;62;"CAMPOS DOS GOYTACAZES";"Acessar a via sem observar a presença dos outros veículos";"Colisão transversal";"Sem Vítimas";"Plena Noite";"Decrescente";"Céu Claro";"Simples";"Ponte;Reta;Interseção de Vias";"Não";5;0;0;0;5;0;0;2;-21,741922;-41,330025;"SPRF-RJ";"DEL08-RJ";"UOP01-DEL08-RJ"
568042;2023-12-15;"sexta-feira";"18:25:00";"BA";116;362;"SERRINHA";"Conversão proibida";"Colisão frontal";"Com Vítimas Feridas";"Plena Noite";"Decrescente";"Céu Claro";"Simples";"Reta";"Sim";3;0;0;2;1;0;2;2;-11,68943108;-38,98728712;"SPRF-BA";"DEL02-BA";"UOP01-DEL02-BA"
568045;2023-12-15;"sexta-feira";"19:40:00";"SP";116;211;"GUARULHOS";"Ingestão de álcool pelo condutor";"Colisão traseira";"Sem Vítimas";"Plena Noite";"Crescente";"Céu Claro";"Múltipla";"Aclive";"Não";3;0;0;0;2;1;0;3;-23,4324306;-46,4194352;"SPRF-SP";"DEL01-SP";"UOP01-DEL01-SP"
568078;2023-12-15;"sexta-feira";"21:30:00";"MG";50;118;"UBERABA";"Ausência de reação do condutor";"Colisão traseira";"Com Vítimas Feridas";"Plena Noite";"Decrescente";"Céu Claro";"Dupla";"Reta";"Não";4;0;0;1;2;3;1;5;-19,29129791;-48,11741979;"SPRF-MG";"DEL13-MG";"UOP01-DEL13-MG"
568085;2023-12-15;"sexta-feira";"22:10:00";"AL";316;264;"SATUBA";"Reação tardia ou ineficiente do condutor";"Colisão traseira";"Com Vítimas Feridas";"Plena Noite";"Crescente";"Céu Claro";"Simples";"Aclive;Curva";"Não";2;0;0;1;1;0;1;2;-9,58847626;-35,8696781;"SPRF-AL";"DEL02-AL";"UOP01-DEL02-AL"
568088;2023-12-15;"sexta-feira";"19:50:00";"MA";10;225,7;"GOVERNADOR EDISON LOBAO";"Área urbana sem a presença de local apropriado para a travessia de pedestres";"Atropelamento de Pedestre";"Com Vítimas Fatais";"Plena Noite";"Crescente";"Nublado";"Simples";"Reta";"Sim";3;1;0;0;1;1;0;3;-5,745605;-47,359642;"SPRF-MA";"DEL04-MA";"UOP01-DEL04-MA"
568095;2023-12-15;"sexta-feira";"23:15:00";"MG";116;79;"MEDINA";"Ausência de reação do condutor";"Colisão lateral sentido oposto";"Com Vítimas Feridas";"Plena Noite";"Crescente";"Céu Claro";"Simples";"Curva";"Não";49;0;1;1;46;1;2;3;-16,27388596;-41,48212392;"SPRF-MG";"DEL11-MG";"UOP02-DEL11-MG"
568101;2023-12-16;"sábado";"01:00:00";"CE";222;45,9;"SAO GONCALO DO AMARANTE";"Velocidade Incompatível";"Colisão traseira";"Com Vítimas Feridas";"Pleno dia";"Decrescente";"Ignorado";"Simples";"Reta";"Não";4;0;1;1;1;3;2;6;-3,67349567;-38,94937096;"SPRF-CE";"DEL01-CE";"UOP03-DEL01-CE"