"id";"data_inversa";"dia_semana";"horario";"uf";"br";"km";"municipio";"causa_acidente";"tipo_acidente";"classificacao_acidente";"fase_dia";"sentido_via";"condicao_metereologica";"tipo_pista";"tracado_via";"uso_solo";"pessoas";"mortos";"feridos_leves";"feridos_graves";"ilesos";"ignorados";"feridos";"veiculos";"latitude";"longitude";"regional";"delegacia";"uop"
568111;2023-12-15;"sexta-feira";"21:44:00";"MT";70;719;"CACERES";"Iluminação deficiente";"Colisão transversal";"Sem Vítimas";"Plena Noite";"Crescente";"Céu Claro";"Simples";"Reta";"Não";4;0;0;0;3;3;0;5;-16,21699197;-57,57323657;"SPRF-MT";"DEL03-MT";"UOP01-DEL03-MT"
568115;2023-12-15;"sexta-feira";"23:45:00";"MA";135;23;"SAO LUIS";"Demais falhas mecânicas ou elétricas";"Colisão transversal";"Sem Vítimas";"Plena Noite";"Crescente";"Ignorado";"Dupla";"Reta";"Sim";3;0;0;0;3;0;0;3;-2,75265593;-44,34833106;"SPRF-MA";"DEL01-MA";"UOP01-DEL01-MA"
568119;2023-12-16;"sábado";"01:50:00";"PR";369;356;"CAMPO MOURAO";"Acessar a via sem observar a presença dos outros veículos";"Colisão transversal";"Com Vítimas Feridas";"Plena Noite";"Crescente";"Céu Claro";"Simples";"Reta";"Sim";4;0;0;2;1;2;2;4;-24,16316832;-52,48274868;"SPRF-PR";"DEL09-PR";"UOP03-DEL09-PR"
568120;2023-12-16;"sábado";"01:30:00";"SP";116;290;"ITAPECERICA DA SERRA";"Reação tardia ou ineficiente do condutor";"Tombamento";"Com Vítimas Feridas";"Plena Noite";"Decrescente";"Céu Claro";"Dupla";"Curva";"Não";2;0;1;0;0;1;1;2;-23,7303281;-46,89425963;"SPRF-SP";"DEL04-SP";"UOP01-DEL04-SP"
568121;2023-12-16;"sábado";"01:40:00";"PR";376;366,5;"ORTIGUEIRA";"Reação tardia ou ineficiente do condutor";"Saída de leito carroçável";"Com Vítimas Feridas";"Plena Noite";"Crescente";"Nublado";"Simples";"Reta";"Não";1;0;1;0;0;0;1;1;-24,320337;-50,855094;"SPRF-PR";"DEL07-PR";"UOP02-DEL07-PR"
568123;2023-12-16;"sábado";"01:00:00";"MG";50;203;"DELTA";"Ingestão de álcool pelo condutor";"Colisão frontal";"Com Vítimas Feridas";"Plena Noite";"Crescente";"Céu Claro";"Dupla";"Reta";"Não";3;0;0;1;1;1;1;3;-19,92627147;-47,82191068;"SPRF-MG";"DEL13-MG";"UOP01-DEL13-MG"
568129;2023-12-16;"sábado";"04:20:00";"PE";428;91;"SANTA MARIA DA BOA VISTA";"Transitar na contramão";"Colisão frontal";"Com Vítimas Feridas";"Amanhecer";"Crescente";"Céu Claro";"Simples";"Reta";"Não";2;0;0;1;1;0;1;2;-8,79715201;-39,88923599;"SPRF-PE";"DEL06-PE";"UOP03-DEL06-PE"
568130;2023-12-16;"sábado";"04:00:00";"MG";251;426;"GRAO MOGOL";"Condutor Dormindo";"Colisão frontal";"Com Vítimas Feridas";"Plena Noite";"Decrescente";"Céu Claro";"Simples";"Curva";"Não";7;0;3;2;1;12;5;14;-16,33121221;-43,13080786;"SPRF-MG";"DEL12-MG";"UOP01-DEL12-MG"
568132;2023-12-16;"sábado";"04:00:00";"BA";116;743;"POCOES";"Ingestão de álcool pelo condutor";"Colisão frontal";"Com Vítimas Fatais";"Plena Noite";"Crescente";"Céu Claro";"Simples";"Reta";"Não";3;1;0;0;1;1;0;3;-14,37848904;-40,34823985;"SPRF-BA";"DEL08-BA";"UOP02-DEL08-BA"
568134;2023-12-16;"sábado";"03:40:00";"MT";364;0,5;"ALTO ARAGUAIA";"Ingestão de álcool pelo condutor";"Colisão transversal";"Sem Vítimas";"Plena Noite";"Decrescente";"Céu Claro";"Dupla";"Interseção de Vias;Reta";"Sim";3;0;0;0;2;1;0;3;-17,31508443;-53,21546555;"SPRF-MT";"DEL02-MT";"UOP02-DEL02-MT"
568142;2023-12-16;"sábado";"05:30:00";"PR";163;19,1;"BOM JESUS DO SUL";"Ultrapassagem Indevida";"Colisão lateral sentido oposto";"Com Vítimas Feridas";"Amanhecer";"Decrescente";"Céu Claro";"Simples";"Reta";"Não";5;0;2;0;1;2;2;3;-26,179335;-53,664798;"SPRF-PR";"DEL02-PR";"UOP02-DEL02-PR"
568146;2023-12-16;"sábado";"01:45:00";"MG";381;184,5;"GOVERNADOR VALADARES";"Pedestre cruzava a pista fora da faixa";"Atropelamento de Pedestre";"Com Vítimas Fatais";"Plena Noite";"Crescente";"Céu Claro";"Simples";"Curva";"Não";2;1;0;0;1;0;0;2;-19,06617062;-42,16938094;"SPRF-MG";"DEL06-MG";"UOP01-DEL06-MG"
568147;2023-12-16;"sábado";"03:50:00";"SC";282;457,5;"PONTE SERRADA";"Ingestão de álcool pelo condutor";"Colisão lateral sentido oposto";"Com Vítimas Feridas";"Plena Noite";"Decrescente";"Céu Claro";"Simples";"Reta";"Não";6;0;2;1;2;1;3;4;-26,880604;-52,013371;"SPRF-SC";"DEL07-SC";"UOP04-DEL07-SC"
568148;2023-12-16;"sábado";"06:30:00";"RJ";40;124;"DUQUE DE CAXIAS";"Reação tardia ou ineficiente do condutor";"Tombamento";"Com Vítimas Feridas";"Pleno dia";"Crescente";"Céu Claro";"Simples";"Curva";"Não";2;0;1;0;1;0;1;1;-22,807953;-43,289124;"SPRF-RJ";"DEL01-RJ";"UOP02-DEL01-RJ"
568152;2023-12-16;"sábado";"07:00:00";"RJ";101;407;"ITAGUAI";"Animais na Pista";"Colisão traseira";"Sem Vítimas";"Amanhecer";"Crescente";"Céu Claro";"Dupla";"Reta";"Sim";3;0;0;0;3;0;0;2;-22,87672058;-43,81631971;"SPRF-RJ";"DEL03-RJ";"UOP01-DEL03-RJ"
568158;2023-12-16;"sábado";"06:45:00";"MG";251;444,2;"GRAO MOGOL";"Condutor deixou de manter distância do veículo da frente";"Engavetamento";"Com Vítimas Feridas";"Pleno dia";"Decrescente";"Céu Claro";"Simples";"Reta";"Não";4;0;2;0;2;0;2;3;-16,4185062;-43,26071281;"SPRF-MG";"DEL12-MG";"UOP01-DEL12-MG"
568160;2023-12-12;"terça-feira";"19:45:00";"MG";262;658,3;"IBIA";"Problema na suspensão";"Saída de leito carroçável";"Sem Vítimas";"Plena Noite";"Crescente";"Céu Claro";"Simples";"Reta";"Não";1;0;0;0;1;0;0;1;-19,58082263;-46,69938911;"SPRF-MG";"DEL08-MG";"UOP01-DEL08-MG"
568168;2023-12-16;"sábado";"08:00:00";"GO";40;12,5;"LUZIANIA";"Condutor deixou de manter distância do veículo da frente";"Colisão traseira";"Com Vítimas Feridas";"Pleno dia";"Decrescente";"Céu Claro";"Dupla";"Reta";"Sim";3;0;1;0;1;1;1;3;-16,145123;-47,945382;"SPRF-DF";"DEL01-DF";"UOP01-DEL01-DF"
568170;2023-12-16;"sábado";"07:50:00";"SC";101;266;"PAULO LOPES";"Ingestão de álcool pelo condutor";"Colisão lateral mesmo sentido";"Sem Vítimas";"Pleno dia";"Crescente";"Céu Claro";"Dupla";"Reta";"Não";3;0;0;0;2;1;0;3;-28,06847808;-48,71463931;"SPRF-SC";"DEL02-SC";"UOP03-DEL02-SC"
568173;2023-12-16;"sábado";"06:05:00";"GO";414;308;"VILA PROPICIO";"Condutor Dormindo";"Saída de leito carroçável";"Com Vítimas Feridas";"Pleno dia";"Decrescente";"Céu Claro";"Simples";"Reta";"Não";1;0;1;0;0;0;1;1;-15,20091703;-48,70185812;"SPRF-GO";"DEL02-GO";"UOP01-DEL02-GO"
568176;2023-12-16;"sábado";"06:45:00";"BA";101;770;"ITABELA";"Chuva";"Saída de leito carroçável";"Com Vítimas Feridas";"Amanhecer";"Decrescente";"Chuva";"Simples";"Curva";"Não";3;0;2;0;0;2;2;3;-16,91007658;-39,52163946;"SPRF-BA";"DEL09-BA";"UOP01-DEL09-BA"
568177;2023-12-16;"sábado";"09:30:00";"PE";101;76;"RECIFE";"Manobra de mudança de faixa";"Colisão lateral mesmo sentido";"Com Vítimas Feridas";"Pleno dia";"Crescente";"Nublado";"Dupla";"Reta";"Sim";2;0;1;0;0;1;1;2;-8,11813811;-34,94329214;"SPRF-PE";"DEL01-PE";"UOP01-DEL01-PE"
568184;2023-12-16;"sábado";"07:50:00";"TO";242;286;"PEIXE";"Condutor deixou de manter distância do veículo da frente";"Colisão traseira";"Sem Vítimas";"Pleno dia";"Crescente";"Céu Claro";"Simples";"Ponte;Reta";"Não";3;0;0;0;2;1;0;3;-12,21621347;-48,46515656;"SPRF-TO";"DEL01-TO";"UOP02-DEL01-TO"
568188;2023-12-16;"sábado";"09:45:00";"MG";381;869;"POUSO ALEGRE";"Acessar a via sem observar a presença dos outros veículos";"Colisão transversal";"Com Vítimas Feridas";"Pleno dia";"Decrescente";"Céu Claro";"Múltipla";"Interseção de Vias";"Não";4;0;1;0;3;0;1;2;-22,42671983;-45,97163217;"SPRF-MG";"DEL16-MG";"UOP01-DEL16-MG"
568190;2023-12-16;"sábado";"09:55:00";"PI";343;311,8;"ALTOS";"Demais falhas mecânicas ou elétricas";"Saída de leito carroçável";"Com Vítimas Feridas";"Pleno dia";"Decrescente";"Nublado";"Simples";"Reta;Declive";"Não";2;0;1;0;1;0;1;1;-5,040566;-42,500129;"SPRF-PI";"DEL01-PI";"UOP01-DEL01-PI"
568191;2023-12-16;"sábado";"10:40:00";"MG";50;169,5;"UBERABA";"Demais falhas mecânicas ou elétricas";"Colisão com objeto";"Com Vítimas Feridas";"Pleno dia";"Crescente";"Céu Claro";"Dupla";"Aclive";"Não";5;0;1;0;3;1;1;4;-19,72771598;-47,98120608;"SPRF-MG";"DEL13-MG";"UOP01-DEL13-MG"
568194;2023-12-16;"sábado";"10:50:00";"PR";376;314,3;"MAUA DA SERRA";"Velocidade Incompatível";"Tombamento";"Com Vítimas Feridas";"Pleno dia";"Crescente";"Céu Claro";"Dupla";"Curva;Declive";"Não";2;0;1;0;0;1;1;2;-23,985439;-51,08337879;"SPRF-PR";"DEL07-PR";"UOP02-DEL07-PR"
568195;2023-12-16;"sábado";"10:35:00";"BA";101;301;"VALENCA";"Ausência de reação do condutor";"Tombamento";"Com Vítimas Feridas";"Pleno dia";"Crescente";"Céu Claro";"Simples";"Curva";"Não";2;0;1;0;0;1;1;2;-13,264913;-39,326966;"SPRF-BA";"DEL01-BA";"UOP02-DEL01-BA"
568203;2023-12-16;"sábado";"11:35:00";"MG";381;502;"BETIM";"Trafegar com motocicleta (ou similar) entre as faixas";"Colisão lateral mesmo sentido";"Com Vítimas Feridas";"Pleno dia";"Crescente";"Céu Claro";"Dupla";"Reta";"Não";3;0;0;1;1;1;1;3;-20,03619694;-44,24586303;"SPRF-MG";"DEL01-MG";"UOP03-DEL01-MG"
568208;2023-12-16;"sábado";"11:50:00";"PA";230;1138;"ITAITUBA";"Acessar a via sem observar a presença dos outros veículos";"Colisão lateral sentido oposto";"Sem Vítimas";"Pleno dia";"Decrescente";"Céu Claro";"Dupla";"Rotatória;Reta";"Sim";2;0;0;0;2;0;0;2;-4,24736291;-56,02276325;"SPRF-PA";"DEL05-PA";"UOP02-DEL05-PA"
568210;2023-12-16;"sábado";"11:47:00";"MG";40;404,5;"CURVELO";"Ingestão de álcool pelo condutor";"Saída de leito carroçável";"Sem Vítimas";"Pleno dia";"Crescente";"Céu Claro";"Simples";"Reta;Ponte";"Não";1;0;0;0;1;0;0;1;-19,06535102;-44,65313827;"SPRF-MG";"DEL02-MG";"UOP01-DEL02-MG"
568219;2023-12-16;"sábado";"13:31:00";"PR";116;211,5;"RIO NEGRO";"Ausência de reação do condutor";"Queda de ocupante de veículo";"Com Vítimas Feridas";"Pleno dia";"Crescente";"Sol";"Simples";"Curva";"Sim";3;0;0;1;1;2;1;4;-26,10448299;-49,78100538;"SPRF-SC";"DEL06-SC";"UOP01-DEL06-SC"
568226;2023-12-16;"sábado";"12:30:00";"PE";232;390;"SERRA TALHADA";"Reação tardia ou ineficiente do condutor";"Colisão traseira";"Sem Vítimas";"Pleno dia";"Crescente";"Sol";"Simples";"Aclive;Em Obras;Reta";"Não";2;0;0;0;2;0;0;2;-8,03127188;-38,13857399;"SPRF-PE";"DEL04-PE";"UOP01-DEL04-PE"
568231;2023-12-12;"terça-feira";"23:15:00";"BA";116;641,2;"JAGUAQUARA";"Demais falhas mecânicas ou elétricas";"Colisão traseira";"Com Vítimas Feridas";"Plena Noite";"Decrescente";"Céu Claro";"Simples";"Curva";"Não";3;0;1;0;1;1;1;3;-13,5395071;-40,06790376;"SPRF-BA";"DEL03-BA";"UOP01-DEL03-BA"
568235;2023-12-16;"sábado";"13:55:00";"SC";470;299,7;"CAMPOS NOVOS";"Chuva";"Colisão com objeto";"Com Vítimas Feridas";"Pleno dia";"Decrescente";"Chuva";"Simples";"Curva";"Não";2;0;2;0;0;0;2;1;-27,366648;-51,040581;"SPRF-SC";"DEL07-SC";"UOP06-DEL07-SC"
568236;2023-12-16;"sábado";"15:00:00";"SP";116;219;"GUARULHOS";"Velocidade Incompatível";"Colisão frontal";"Com Vítimas Feridas";"Pleno dia";"Crescente";"Chuva";"Simples";"Curva";"Sim";3;0;1;0;2;0;1;2;-23,46143954;-46,48885316;"SPRF-SP";"DEL01-SP";"UOP01-DEL01-SP"
568238;2023-12-16;"sábado";"13:55:00";"BA";116;781,1;"PLANALTO";"Mal súbito do condutor";"Colisão lateral sentido oposto";"Com Vítimas Feridas";"Pleno dia";"Crescente";"Sol";"Simples";"Reta";"Não";3;0;1;0;1;1;1;3;-14,68058236;-40,52032471;"SPRF-BA";"DEL08-BA";"UOP02-DEL08-BA"
568240;2023-12-16;"sábado";"14:00:00";"PR";476;177;"CONTENDA";"Condutor Dormindo";"Colisão lateral sentido oposto";"Com Vítimas Feridas";"Pleno dia";"Crescente";"Sol";"Simples";"Reta";"Não";5;0;0;1;3;1;1;5;-25,694412;-49,553158;"SPRF-PR";"DEL01-PR";"UOP06-DEL01-PR"
568242;2023-12-16;"sábado";"15:10:00";"PE";101;67;"RECIFE";"Reação tardia ou ineficiente do condutor";"Engavetamento";"Sem Vítimas";"Pleno dia";"Decrescente";"Céu Claro";"Dupla";"Viaduto;Declive";"Sim";4;0;0;0;4;0;0;4;-8,042334;-34,943096;"SPRF-PE";"DEL01-PE";"UOP01-DEL01-PE"
568246;2023-12-16;"sábado";"13:20:00";"PR";376;75,7;"GUAIRACA";"Acessar a via sem observar a presença dos outros veículos";"Colisão transversal";"Com Vítimas Fatais";"Pleno dia";"Decrescente";"Céu Claro";"Simples";"Interseção de Vias";"Não";5;1;1;1;2;0;2;2;-22,95601934;-52,69687272;"SPRF-PR";"DEL09-PR";"UOP02-DEL09-PR"
568254;2023-12-16;"sábado";"16:30:00";"SP";116;213;"GUARULHOS";"Ausência de reação do condutor";"Colisão traseira";"Sem Vítimas";"Pleno dia";"Decrescente";"Céu Claro";"Dupla";"Reta";"Sim";4;0;0;0;3;1;0;4;-23,43971486;-46,43667806;"SPRF-SP";"DEL01-SP";"UOP01-DEL01-SP"
568281;2023-12-15;"sexta-feira";"01:20:00";"BA";116;580;"BREJOES";"Ausência de reação do condutor";"Tombamento";"Sem Vítimas";"Plena Noite";"Decrescente";"Céu Claro";"Simples";"Curva;Declive";"Não";1;0;0;0;1;0;0;1;-13,08915503;-39,9629037;"SPRF-BA";"DEL03-BA";"UOP02-DEL03-BA"
568282;2023-12-16;"sábado";"11:52:00";"MT";364;346,9;"SANTO ANTONIO DO LEVERGER";"Problema com o freio";"Incêndio";"Sem Vítimas";"Pleno dia";"Decrescente";"Céu Claro";"Dupla";"Reta;Declive";"Não";2;0;0;0;1;1;0;2;-15,81193889;-55,53981241;"SPRF-MT";"DEL05-MT";"UOP02-DEL05-MT"
568283;2023-12-16;"sábado";"12:30:00";"MG";116;330;"CAMPANARIO";"Demais falhas mecânicas ou elétricas";"Incêndio";"Sem Vítimas";"Pleno dia";"Decrescente";"Céu Claro";"Simples";"Reta";"Não";1;0;0;0;1;0;0;1;-18,23813927;-41,72898363;"SPRF-MG";"DEL11-MG";"UOP01-DEL11-MG"
568287;2023-12-16;"sábado";"18:10:00";"ES";101;202,2;"JOAO NEIVA";"Velocidade Incompatível";"Tombamento";"Com Vítimas Feridas";"Plena Noite";"Decrescente";"Céu Claro";"Simples";"Curva";"Não";3;0;2;0;0;1;2;2;-19,74171801;-40,36521517;"SPRF-ES";"DEL04-ES";"UOP01-DEL04-ES"
568291;2023-12-16;"sábado";"17:40:00";"SP";116;426,2;"JUQUIA";"Frear bruscamente";"Colisão com objeto";"Com Vítimas Feridas";"Pleno dia";"Crescente";"Céu Claro";"Múltipla";"Reta";"Não";2;0;1;0;0;1;1;2;-24,38771362;-47,72053242;"SPRF-SP";"DEL05-SP";"UOP01-DEL05-SP"
568294;2023-12-16;"sábado";"17:20:00";"SC";101;127;"ITAJAI";"Manobra de mudança de faixa";"Colisão transversal";"Com Vítimas Feridas";"Pleno dia";"Crescente";"Céu Claro";"Dupla";"Reta";"Sim";5;0;1;0;3;2;1;4;-26,9639319;-48,68328024;"SPRF-SC";"DEL04-SC";"UOP04-DEL04-SC"
568303;2023-12-16;"sábado";"17:15:00";"RJ";101;478;"ANGRA DOS REIS";"Transitar na contramão";"Colisão frontal";"Com Vítimas Fatais";"Pleno dia";"Decrescente";"Céu Claro";"Simples";"Curva;Declive";"Sim";5;1;3;1;0;0;4;3;-23,00246527;-44,27270594;"SPRF-RJ";"DEL03-RJ";"UOP03-DEL03-RJ"
568326;2023-12-16;"sábado";"04:20:00";"BA";116;439;"FEIRA DE SANTANA";"Demais falhas mecânicas ou elétricas";"Saída de leito carroçável";"Com Vítimas Feridas";"Plena Noite";"Decrescente";"Céu Claro";"Dupla";"Declive";"Não";1;0;1;0;0;0;1;1;-12,32191792;-39,05070505;"SPRF-BA";"DEL02-BA";"UOP01-DEL02-BA"
568333;2023-12-16;"sábado";"13:30:00";"GO";153;600;"MORRINHOS";"Condutor usando celular";"Colisão traseira";"Com Vítimas Fatais";"Pleno dia";"Crescente";"Céu Claro";"Dupla";"Reta;Aclive";"Não";4;2;0;0;1;3;0;5;-17,552;-49,2059;"SPRF-GO";"DEL03-GO";"UOP01-DEL03-GO"
568337;2023-12-16;"sábado";"17:10:00";"PR";277;190,7;"PALMEIRA";"Ausência de reação do condutor";"Colisão traseira";"Com Vítimas Fatais";"Pleno dia";"Crescente";"Céu Claro";"Simples";"Reta";"Não";2;1;0;0;1;0;0;2;-25,42764924;-50,121631;"SPRF-PR";"DEL08-PR";"UOP02-DEL08-PR"
568343;2023-12-16;"sábado";"15:00:00";"SC";282;139,3;"BOM RETIRO";"Ultrapassagem Indevida";"Colisão frontal";"Com Vítimas Feridas";"Pleno dia";"Decrescente";"Céu Claro";"Simples";"Aclive;Curva";"Não";2;0;1;1;0;0;2;2;-27,82741967;-49,57929254;"SPRF-SC";"DEL05-SC";"UOP01-DEL05-SC"
568345;2023-12-16;"sábado";"16:50:00";"SC";282;495,1;"FAXINAL DOS GUEDES";"Reação tardia ou ineficiente do condutor";"Colisão lateral sentido oposto";"Com Vítimas Feridas";"Pleno dia";"Crescente";"Chuva";"Simples";"Curva";"Não";5;0;3;0;1;1;3;3;-26,87197081;-52,3195982;"SPRF-SC";"DEL07-SC";"UOP01-DEL07-SC"
568352;2023-12-16;"sábado";"12:30:00";"MA";226;415;"GRAJAU";"Condutor deixou de manter distância do veículo da frente";"Colisão traseira";"Com Vítimas Feridas";"Pleno dia";"Decrescente";"Sol";"Simples";"Reta";"Sim";4;0;1;0;3;0;1;3;-5,80818668;-46,12120513;"SPRF-MA";"DEL06-MA";"UOP01-DEL06-MA"
568360;2023-12-16;"sábado";"20:30:00";"PR";376;590,8;"CURITIBA";"Manobra de mudança de faixa";"Capotamento";"Sem Vítimas";"Plena Noite";"Crescente";"Nublado";"Dupla";"Reta";"Sim";2;0;0;0;0;2;0;2;-25,46833525;-49,35524543;"SPRF-PR";"DEL01-PR";"UOP06-DEL01-PR"
568364;2023-12-16;"sábado";"20:09:00";"PI";316;236,8;"INHUMA";"Demais falhas mecânicas ou elétricas";"Tombamento";"Sem Vítimas";"Plena Noite";"Crescente";"Céu Claro";"Simples";"Reta";"Não";2;0;0;0;1;3;0;4;-6,61611998;-41,72267376;"SPRF-PI";"DEL04-PI";"UOP02-DEL04-PI"
568377;2023-12-16;"sábado";"23:15:00";"PR";163;283;"MARECHAL CANDIDO RONDON";"Acessar a via sem observar a presença dos outros veículos";"Colisão transversal";"Com Vítimas Feridas";"Plena Noite";"Crescente";"Céu Claro";"Simples";"Reta;Declive";"Não";4;0;0;2;2;0;2;3;-24,57864514;-53,99236214;"SPRF-PR";"DEL06-PR";"UOP02-DEL06-PR"
568379;2023-12-16;"sábado";"17:30:00";"MT";70;188;"GENERAL CARNEIRO";"Ingestão de álcool pelo condutor";"Saída de leito carroçável";"Sem Vítimas";"Pleno dia";"Decrescente";"Céu Claro";"Simples";"Reta";"Não";1;0;0;0;1;0;0;1;-15,71770566;-53,6425711;"SPRF-MT";"DEL05-MT";"UOP01-DEL05-MT"
568389;2023-12-16;"sábado";"20:04:00";"MA";135;102;"ITAPECURU MIRIM";"Sinalização encoberta";"Colisão frontal";"Com Vítimas Feridas";"Plena Noite";"Crescente";"Céu Claro";"Simples";"Desvio Temporário;Em Obras";"Não";2;0;1;0;1;0;1;2;-3,357454;-44,468338;"SPRF-MA";"DEL01-MA";"UOP02-DEL01-MA"
568394;2023-12-16;"sábado";"23:15:00";"MT";70;521;"VARZEA GRANDE";"Ausência de reação do condutor";"Colisão traseira";"Com Vítimas Feridas";"Plena Noite";"Decrescente";"Céu Claro";"Simples";"Reta;Em Obras";"Não";3;0;0;1;1;1;1;3;-15,669298;-56,180815;"SPRF-MT";"DEL01-MT";"UOP02-DEL01-MT"
568404;2023-12-17;"domingo";"01:10:00";"RS";290;11;"OSORIO";"Ausência de reação do condutor";"Colisão traseira";"Com Vítimas Feridas";"Plena Noite";"Crescente";"Céu Claro";"Múltipla";"Reta";"Não";2;0;2;0;0;0;2;2;-29,882519;-50,390564;"SPRF-RS";"DEL03-RS";"UOP01-DEL03-RS"
568410;2023-12-17;"domingo";"02:45:00";"MG";365;11,2;"MONTES CLAROS";"Condutor Dormindo";"Saída de leito carroçável";"Com Vítimas Feridas";"Plena Noite";"Decrescente";"Céu Claro";"Simples";"Curva";"Não";3;0;0;2;0;1;2;2;-16,83940793;-43,96033008;"SPRF-MG";"DEL12-MG";"UOP01-DEL12-MG"
568415;2023-12-17;"domingo";"04:50:00";"ES";262;134,2;"BREJETUBA";"Condutor Dormindo";"Colisão frontal";"Com Vítimas Feridas";"Pleno dia";"Decrescente";"Céu Claro";"Simples";"Curva";"Não";3;0;0;1;1;1;1;3;-20,24029105;-41,32539293;"SPRF-ES";"DEL01-ES";"UOP02-DEL01-ES"
568427;2023-12-17;"domingo";"05:00:00";"PR";277;636,9;"CEU AZUL";"Transitar na contramão";"Colisão transversal";"Com Vítimas Feridas";"Plena Noite";"Crescente";"Céu Claro";"Simples";"Aclive;Reta";"Sim";8;0;7;0;0;1;7;3;-25,14493869;-53,83748189;"SPRF-PR";"DEL05-PR";"UOP02-DEL05-PR"
568448;2023-12-17;"domingo";"03:35:00";"RO";364;1046;"PORTO VELHO";"Pedestre andava na pista";"Atropelamento de Pedestre";"Com Vítimas Fatais";"Plena Noite";"Crescente";"Ignorado";"Simples";"Reta";"Não";2;1;0;0;0;1;0;2;-9,78041659;-66,41524707;"SPRF-AC";"DEL01-AC";"UOP03-DEL01-AC"
568464;2023-12-17;"domingo";"05:30:00";"PR";376;392;"IMBAU";"Problema com o freio";"Incêndio";"Sem Vítimas";"Pleno dia";"Crescente";"Céu Claro";"Dupla";"Retorno Regulamentado";"Não";2;0;0;0;1;2;0;3;-24,494244;-50,726659;"SPRF-PR";"DEL03-PR";"UOP02-DEL03-PR"
568471;2023-12-09;"sábado";"09:30:00";"BA";116;923,9;"ENCRUZILHADA";"Reação tardia ou ineficiente do condutor";"Saída de leito carroçável";"Com Vítimas Feridas";"Pleno dia";"Decrescente";"Céu Claro";"Simples";"Reta";"Não";2;0;1;0;0;2;1;3;-15,53124212;-41,24734577;"SPRF-BA";"DEL08-BA";"UOP03-DEL08-BA"
568474;2023-12-17;"domingo";"10:45:00";"MG";354;731,1;"POUSO ALTO";"Velocidade Incompatível";"Tombamento";"Com Vítimas Feridas";"Pleno dia";"Crescente";"Céu Claro";"Simples";"Curva;Declive";"Não";2;0;1;0;0;1;1;2;-22,17071402;-44,96390985;"SPRF-MG";"DEL17-MG";"UOP01-DEL17-MG"
568477;2023-12-16;"sábado";"01:00:00";"SC";280;152;"MAFRA";"Reação tardia ou ineficiente do condutor";"Tombamento";"Com Vítimas Feridas";"Plena Noite";"Crescente";"Céu Claro";"Simples";"Curva";"Não";2;0;1;0;0;1;1;2;-26,22730215;-49,7063452;"SPRF-SC";"DEL06-SC";"UOP03-DEL06-SC"
568484;2023-12-17;"domingo";"11:40:00";"RS";392;622,7;"SANTO ANGELO";"Ausência de reação do condutor";"Colisão traseira";"Com Vítimas Feridas";"Pleno dia";"Decrescente";"Céu Claro";"Simples";"Reta";"Não";4;0;1;1;1;1;2;3;-28,18032827;-54,37440096;"SPRF-RS";"DEL10-RS";"UOP01-DEL10-RS"
568492;2023-12-17;"domingo";"08:42:00";"PE";428;118,2;"LAGOA GRANDE";"Demais falhas mecânicas ou elétricas";"Incêndio";"Sem Vítimas";"Pleno dia";"Crescente";"Céu Claro";"Simples";"Reta";"Não";2;0;0;0;1;2;0;3;-8,92341;-40,095559;"SPRF-PE";"DEL06-PE";"UOP03-DEL06-PE"
568503;2023-12-17;"domingo";"13:00:00";"MG";381;625;"OLIVEIRA";"Condutor Dormindo";"Colisão traseira";"Sem Vítimas";"Pleno dia";"Crescente";"Céu Claro";"Dupla";"Reta";"Não";3;0;0;0;2;2;0;4;-20,82314205;-44,80113661;"SPRF-MG";"DEL04-MG";"UOP01-DEL04-MG"
568505;2023-12-17;"domingo";"11:20:00";"MG";116;585,3;"MANHUACU";"Ultrapassagem Indevida";"Colisão lateral mesmo sentido";"Com Vítimas Feridas";"Pleno dia";"Decrescente";"Céu Claro";"Simples";"Reta";"Sim";3;0;1;0;2;0;1;3;-20,22987753;-42,17260057;"SPRF-MG";"DEL06-MG";"UOP03-DEL06-MG"
568507;2023-12-17;"domingo";"13:20:00";"TO";153;392;"RIO DOS BOIS";"Ultrapassagem Indevida";"Colisão traseira";"Com Vítimas Feridas";"Pleno dia";"Decrescente";"Nublado";"Simples";"Reta;Ponte";"Sim";6;0;1;1;3;2;2;4;-9,34871475;-48,53977025;"SPRF-TO";"DEL02-TO";"UOP02-DEL02-TO"
568529;2023-12-17;"domingo";"15:20:00";"RO";364;16;"VILHENA";"Ultrapassagem Indevida";"Colisão lateral mesmo sentido";"Com Vítimas Feridas";"Pleno dia";"Crescente";"Céu Claro";"Simples";"Reta";"Sim";3;0;0;1;2;0;1;3;-12,73437947;-60,15696986;"SPRF-RO";"DEL04-RO";"UOP01-DEL04-RO"
568534;2023-12-17;"domingo";"16:35:00";"BA";116;776,9;"PLANALTO";"Entrada inopinada do pedestre";"Atropelamento de Pedestre";"Com Vítimas Fatais";"Pleno dia";"Decrescente";"Céu Claro";"Simples";"Reta";"Sim";3;1;0;0;1;1;0;3;-14,66942;-40,47143;"SPRF-BA";"DEL08-BA";"UOP02-DEL08-BA"
568536;2023-12-17;"domingo";"17:30:00";"MG";381;921,3;"CAMANDUCAIA";"Velocidade Incompatível";"Eventos atípicos";"Com Vítimas Feridas";"Pleno dia";"Crescente";"Chuva";"Dupla";"Curva;Declive";"Não";3;0;1;0;1;2;1;4;-22,7680939;-46,20854399;"SPRF-MG";"DEL16-MG";"UOP03-DEL16-MG"
568540;2023-12-17;"domingo";"17:40:00";"GO";60;56,5;"ABADIANIA";"Reação tardia ou ineficiente do condutor";"Saída de leito carroçável";"Com Vítimas Feridas";"Anoitecer";"Crescente";"Céu Claro";"Dupla";"Aclive";"Não";5;0;1;0;2;2;1;3;-16,1894;-48,67;"SPRF-GO";"DEL02-GO";"UOP01-DEL02-GO"