"id";"data_inversa";"dia_semana";"horario";"uf";"br";"km";"municipio";"causa_acidente";"tipo_acidente";"classificacao_acidente";"fase_dia";"sentido_via";"condicao_metereologica";"tipo_pista";"tracado_via";"uso_solo";"pessoas";"mortos";"feridos_leves";"feridos_graves";"ilesos";"ignorados";"feridos";"veiculos";"latitude";"longitude";"regional";"delegacia";"uop"
568881;2023-12-19;"terça-feira";"06:00:00";"TO";153;347;"GUARAI";"Acessar a via sem observar a presença dos outros veículos";"Colisão transversal";"Com Vítimas Feridas";"Amanhecer";"Decrescente";"Nublado";"Simples";"Reta";"Não";5;0;3;0;2;0;3;2;-8,95229538;-48,5001081;"SPRF-TO";"DEL02-TO";"UOP02-DEL02-TO"
568883;2023-12-19;"terça-feira";"06:00:00";"MT";163;958;"NOVA SANTA HELENA";"Reação tardia ou ineficiente do condutor";"Colisão lateral mesmo sentido";"Com Vítimas Feridas";"Pleno dia";"Crescente";"Céu Claro";"Simples";"Aclive";"Não";3;0;1;0;1;3;1;5;-10,830322;-55,179661;"SPRF-MT";"DEL06-MT";"UOP02-DEL06-MT"
568887;2023-12-18;"segunda-feira";"20:15:00";"MG";381;442;"SABARA";"Demais falhas mecânicas ou elétricas";"Colisão lateral sentido oposto";"Com Vítimas Feridas";"Plena Noite";"Decrescente";"Chuva";"Simples";"Reta";"Não";3;0;0;1;1;1;1;3;-19,82360393;-43,82539293;"SPRF-MG";"DEL01-MG";"UOP01-DEL01-MG"
568894;2023-12-19;"terça-feira";"05:45:00";"MG";381;427;"CAETE";"Reação tardia ou ineficiente do condutor";"Tombamento";"Com Vítimas Feridas";"Pleno dia";"Crescente";"Céu Claro";"Dupla";"Curva";"Não";1;0;1;0;0;0;1;1;-19,78854826;-43,69815304;"SPRF-MG";"DEL01-MG";"UOP01-DEL01-MG"
568897;2023-12-19;"terça-feira";"07:40:00";"RS";116;471;"SAO LOURENCO DO SUL";"Reação tardia ou ineficiente do condutor";"Colisão frontal";"Com Vítimas Feridas";"Pleno dia";"Crescente";"Chuva";"Simples";"Reta";"Não";3;0;2;0;1;0;2;2;-31,3574599409;-52,0753230368;"SPRF-RS";"DEL07-RS";"UOP01-DEL07-RS"
568903;2023-12-19;"terça-feira";"08:45:00";"PR";277;5;"PARANAGUA";"Condutor deixou de manter distância do veículo da frente";"Colisão traseira";"Com Vítimas Feridas";"Pleno dia";"Decrescente";"Céu Claro";"Dupla";"Reta";"Sim";2;0;1;0;0;1;1;2;-25,5205;-48,5095;"SPRF-PR";"DEL01-PR";"UOP05-DEL01-PR"
568908;2023-12-13;"quarta-feira";"16:10:00";"PR";376;138,7;"NOVA ESPERANCA";"Manobra de mudança de faixa";"Colisão lateral mesmo sentido";"Com Vítimas Feridas";"Pleno dia";"Crescente";"Céu Claro";"Dupla";"Reta";"Não";4;0;1;0;2;1;1;3;-23,219958;-52,181292;"SPRF-PR";"DEL09-PR";"UOP02-DEL09-PR"
568911;2023-12-19;"terça-feira";"08:45:00";"PE";101;68;"RECIFE";"Manobra de mudança de faixa";"Colisão lateral mesmo sentido";"Sem Vítimas";"Pleno dia";"Decrescente";"Chuva";"Múltipla";"Rotatória";"Sim";2;0;0;0;2;0;0;2;-8,05074296;-34,94580619;"SPRF-PE";"DEL01-PE";"UOP01-DEL01-PE"
568914;2023-12-19;"terça-feira";"07:20:00";"CE";222;144,8;"IRAUCUBA";"Velocidade Incompatível";"Tombamento";"Com Vítimas Feridas";"Pleno dia";"Crescente";"Chuva";"Simples";"Reta";"Não";1;0;1;0;0;0;1;1;-3,7603063;-39,73895318;"SPRF-CE";"DEL04-CE";"UOP03-DEL04-CE"
568920;2023-12-19;"terça-feira";"10:10:00";"CE";20;213;"BOA VIAGEM";"Avarias e/ou desgaste excessivo no pneu";"Tombamento";"Com Vítimas Feridas";"Pleno dia";"Crescente";"Céu Claro";"Simples";"Reta";"Não";2;0;2;0;0;0;2;1;-5,05326502;-39,69065897;"SPRF-CE";"DEL02-CE";"UOP02-DEL02-CE"
568943;2023-12-19;"terça-feira";"12:20:00";"GO";50;128;"IPAMERI";"Reação tardia ou ineficiente do condutor";"Colisão lateral mesmo sentido";"Com Vítimas Feridas";"Pleno dia";"Crescente";"Céu Claro";"Dupla";"Reta";"Não";4;0;1;0;2;1;1;3;-16,9901;-47,751;"SPRF-GO";"DEL06-GO";"UOP01-DEL06-GO"
568948;2023-12-19;"terça-feira";"12:42:00";"MG";381;481;"CONTAGEM";"Manobra de mudança de faixa";"Colisão lateral mesmo sentido";"Com Vítimas Feridas";"Pleno dia";"Decrescente";"Céu Claro";"Múltipla";"Reta;Declive";"Sim";3;0;0;2;1;0;2;2;-19,95898;-44,06252;"SPRF-MG";"DEL01-MG";"UOP03-DEL01-MG"
568957;2023-12-19;"terça-feira";"11:15:00";"BA";116;524;"ITATIM";"Demais falhas mecânicas ou elétricas";"Colisão com objeto";"Com Vítimas Feridas";"Pleno dia";"Decrescente";"Céu Claro";"Simples";"Reta";"Não";2;0;0;1;0;1;1;2;-12,718865;-39,750273;"SPRF-BA";"DEL03-BA";"UOP02-DEL03-BA"
568960;2023-12-19;"terça-feira";"12:10:00";"AL";101;235,8;"SAO BRAS";"Demais Fenômenos da natureza";"Incêndio";"Sem Vítimas";"Pleno dia";"Crescente";"Céu Claro";"Dupla";"Reta";"Não";2;0;0;0;1;1;0;2;-10,11732075;-36,77563499;"SPRF-AL";"DEL02-AL";"UOP02-DEL02-AL"
568962;2023-12-19;"terça-feira";"11:40:00";"PR";116;210,8;"RIO NEGRO";"Acessar a via sem observar a presença dos outros veículos";"Colisão transversal";"Com Vítimas Feridas";"Pleno dia";"Decrescente";"Sol";"Simples";"Interseção de Vias";"Sim";3;0;1;0;1;1;1;3;-26,07479435;-49,76117178;"SPRF-SC";"DEL06-SC";"UOP01-DEL06-SC"
568963;2023-12-19;"terça-feira";"10:40:00";"PR";369;41;"ANDIRA";"Demais falhas mecânicas ou elétricas";"Colisão traseira";"Com Vítimas Feridas";"Pleno dia";"Decrescente";"Sol";"Simples";"Reta";"Não";3;0;1;1;0;1;2;3;-23,06717548;-50,26084721;"SPRF-PR";"DEL07-PR";"UOP05-DEL07-PR"
568964;2023-12-19;"terça-feira";"12:45:00";"PE";408;36,2;"ALIANCA";"Ultrapassagem Indevida";"Colisão frontal";"Com Vítimas Feridas";"Pleno dia";"Decrescente";"Chuva";"Simples";"Declive";"Não";2;0;0;2;0;0;2;2;-7,61947891;-35,24140725;"SPRF-PE";"DEL01-PE";"UOP02-DEL01-PE"
568966;2023-11-20;"segunda-feira";"02:05:00";"MA";10;240,2;"IMPERATRIZ";"Manobra de mudança de faixa";"Colisão frontal";"Com Vítimas Fatais";"Plena Noite";"Crescente";"Céu Claro";"Simples";"Reta";"Não";2;1;0;0;1;0;0;2;-5,625862;-47,408913;"SPRF-MA";"DEL04-MA";"UOP01-DEL04-MA"
568980;2023-12-19;"terça-feira";"14:00:00";"PA";316;76;"SAO FRANCISCO DO PARA";"Ultrapassagem Indevida";"Colisão lateral mesmo sentido";"Com Vítimas Feridas";"Pleno dia";"Crescente";"Céu Claro";"Simples";"Reta";"Não";3;0;0;2;0;1;2;2;-1,29862919;-47,81449908;"SPRF-PA";"DEL01-PA";"UOP01-DEL01-PA"
568981;2023-12-19;"terça-feira";"13:50:00";"MG";50;140;"UBERABA";"Reação tardia ou ineficiente do condutor";"Colisão com objeto";"Com Vítimas Feridas";"Pleno dia";"Decrescente";"Céu Claro";"Dupla";"Reta";"Não";1;0;1;0;0;0;1;1;-19,47657604;-48,05332612;"SPRF-MG";"DEL13-MG";"UOP01-DEL13-MG"
568989;2023-09-14;"quinta-feira";"04:45:00";"AL";101;177,6;"TEOTONIO VILELA";"Neblina";"Colisão traseira";"Com Vítimas Fatais";"Amanhecer";"Decrescente";"Nevoeiro/Neblina";"Dupla";"Reta;Viaduto;Aclive";"Não";3;1;0;1;0;1;1;2;-9,88962;-36,382435;"SPRF-AL";"DEL02-AL";"UOP02-DEL02-AL"
568992;2023-12-19;"terça-feira";"16:05:00";"MG";40;568,1;"NOVA LIMA";"Reação tardia ou ineficiente do condutor";"Colisão lateral sentido oposto";"Com Vítimas Feridas";"Pleno dia";"Crescente";"Chuva";"Simples";"Curva";"Não";5;0;1;1;2;2;2;6;-20,19509609;-43,97360482;"SPRF-MG";"DEL01-MG";"UOP02-DEL01-MG"
568993;2023-12-19;"terça-feira";"16:10:00";"BA";101;116;"ALAGOINHAS";"Reação tardia ou ineficiente do condutor";"Colisão lateral mesmo sentido";"Com Vítimas Fatais";"Pleno dia";"Crescente";"Nublado";"Simples";"Reta";"Não";3;1;0;1;0;1;1;2;-12,15401817;-38,51205106;"SPRF-BA";"DEL01-BA";"UOP04-DEL01-BA"
568994;2023-12-19;"terça-feira";"13:25:00";"CE";222;205,9;"FORQUILHA";"Velocidade Incompatível";"Saída de leito carroçável";"Com Vítimas Feridas";"Pleno dia";"Crescente";"Chuva";"Simples";"Curva";"Não";6;0;1;0;5;0;1;1;-3,785627;-40,24134;"SPRF-CE";"DEL04-CE";"UOP01-DEL04-CE"
569001;2023-12-19;"terça-feira";"17:20:00";"SP";101;34;"UBATUBA";"Manobra de mudança de faixa";"Colisão traseira";"Com Vítimas Feridas";"Pleno dia";"Crescente";"Céu Claro";"Simples";"Reta;Declive";"Não";3;0;1;0;1;1;1;3;-23,39141027;-44,99853296;"SPRF-SP";"DEL06-SP";"UOP01-DEL06-SP"
569004;2023-12-19;"terça-feira";"17:00:00";"PR";376;379;"IMBAU";"Manobra de mudança de faixa";"Colisão frontal";"Com Vítimas Feridas";"Pleno dia";"Decrescente";"Céu Claro";"Simples";"Aclive;Reta";"Não";3;0;1;0;1;2;1;4;-24,44402691;-50,76102963;"SPRF-PR";"DEL03-PR";"UOP02-DEL03-PR"
569006;2023-12-19;"terça-feira";"15:40:00";"PI";343;438,7;"LAGOINHA DO PIAUI";"Reação tardia ou ineficiente do condutor";"Colisão traseira";"Com Vítimas Feridas";"Pleno dia";"Crescente";"Céu Claro";"Simples";"Reta;Interseção de Vias";"Sim";5;0;2;0;3;0;2;2;-5,842057;-42,624325;"SPRF-PI";"DEL01-PI";"UOP02-DEL01-PI"
569009;2023-12-19;"terça-feira";"16:37:00";"SP";116;361;"MIRACATU";"Problema com o freio";"Colisão traseira";"Com Vítimas Feridas";"Pleno dia";"Crescente";"Nublado";"Dupla";"Declive;Túnel";"Não";5;0;2;0;2;3;2;7;-24,11875093;-47,269063;"SPRF-SP";"DEL04-SP";"UOP03-DEL04-SP"
569010;2023-12-19;"terça-feira";"17:00:00";"AL";423;77;"AGUA BRANCA";"Reação tardia ou ineficiente do condutor";"Saída de leito carroçável";"Com Vítimas Feridas";"Pleno dia";"Decrescente";"Nublado";"Simples";"Reta";"Não";3;0;1;0;2;0;1;1;-9,32172283;-37,96002106;"SPRF-AL";"DEL03-AL";"UOP02-DEL03-AL"
569011;2023-12-19;"terça-feira";"17:00:00";"SP";116;126,7;"CACAPAVA";"Reação tardia ou ineficiente do condutor";"Colisão traseira";"Com Vítimas Feridas";"Pleno dia";"Decrescente";"Sol";"Dupla";"Reta";"Sim";3;0;0;1;1;1;1;3;-23,10433057;-45,69425762;"SPRF-SP";"DEL02-SP";"UOP02-DEL02-SP"
569025;2023-12-19;"terça-feira";"18:30:00";"MG";381;618,7;"OLIVEIRA";"Reação tardia ou ineficiente do condutor";"Colisão traseira";"Com Vítimas Feridas";"Anoitecer";"Decrescente";"Céu Claro";"Dupla";"Reta";"Sim";2;0;0;1;1;0;1;2;-20,74141219;-44,77189064;"SPRF-MG";"DEL04-MG";"UOP01-DEL04-MG"
569028;2023-12-19;"terça-feira";"19:30:00";"PE";101;69;"RECIFE";"Demais falhas mecânicas ou elétricas";"Queda de ocupante de veículo";"Com Vítimas Feridas";"Plena Noite";"Decrescente";"Nublado";"Dupla";"Aclive;Viaduto";"Sim";4;0;2;0;1;1;2;3;-8,05951606;-34,94581024;"SPRF-PE";"DEL01-PE";"UOP01-DEL01-PE"
569032;2023-12-08;"sexta-feira";"20:20:00";"PR";163;154;"SANTA LUCIA";"Ausência de reação do condutor";"Tombamento";"Com Vítimas Feridas";"Plena Noite";"Decrescente";"Céu Claro";"Dupla";"Curva";"Não";2;0;1;0;0;1;1;2;-25,38467195;-53,57633054;"SPRF-PR";"DEL05-PR";"UOP05-DEL05-PR"
569033;2023-12-19;"terça-feira";"19:30:00";"BA";101;501;"ITABUNA";"Problema com o freio";"Colisão traseira";"Sem Vítimas";"Plena Noite";"Crescente";"Garoa/Chuvisco";"Simples";"Reta;Retorno Regulamentado";"Não";3;0;0;0;2;1;0;3;-14,91657495;-39,29124615;"SPRF-BA";"DEL05-BA";"UOP01-DEL05-BA"
569036;2023-12-19;"terça-feira";"18:20:00";"SP";116;136;"SAO JOSE DOS CAMPOS";"Ausência de reação do condutor";"Colisão traseira";"Com Vítimas Feridas";"Plena Noite";"Crescente";"Céu Claro";"Dupla";"Reta";"Sim";3;0;2;0;1;0;2;3;-23,14874471;-45,77863714;"SPRF-SP";"DEL02-SP";"UOP01-DEL02-SP"
569039;2023-12-19;"terça-feira";"19:10:00";"PR";158;535,6;"PATO BRANCO";"Curva acentuada";"Queda de ocupante de veículo";"Com Vítimas Feridas";"Anoitecer";"Crescente";"Nublado";"Dupla";"Curva;Rotatória";"Sim";2;0;1;0;1;0;1;1;-26,23547098;-52,69066504;"SPRF-PR";"DEL02-PR";"UOP01-DEL02-PR"
569041;2023-12-19;"terça-feira";"17:05:00";"RS";153;1,4;"CACHOEIRA DO SUL";"Acessar a via sem observar a presença dos outros veículos";"Colisão transversal";"Com Vítimas Feridas";"Pleno dia";"Decrescente";"Céu Claro";"Simples";"Reta";"Sim";3;0;1;0;1;1;1;3;-30,00188513;-52,90886879;"SPRF-RS";"DEL08-RS";"UOP04-DEL08-RS"
569052;2023-12-19;"terça-feira";"20:00:00";"RJ";101;139;"CARAPEBUS";"Condutor deixou de manter distância do veículo da frente";"Colisão traseira";"Com Vítimas Feridas";"Plena Noite";"Crescente";"Céu Claro";"Dupla";"Reta;Declive";"Não";3;0;1;0;2;0;1;2;-22,178302;-41,74927;"SPRF-RJ";"DEL08-RJ";"UOP04-DEL08-RJ"
569056;2023-12-19;"terça-feira";"21:20:00";"PB";230;58;"CRUZ DO ESPIRITO SANTO";"Acumulo de água sobre o pavimento";"Saída de leito carroçável";"Com Vítimas Feridas";"Plena Noite";"Decrescente";"Chuva";"Dupla";"Reta";"Não";1;0;1;0;0;0;1;1;-7,2035;-35,1214;"SPRF-PB";"DEL01-PB";"UOP03-DEL01-PB"
569060;2023-12-19;"terça-feira";"21:50:00";"SP";116;322,7;"JUQUITIBA";"Reação tardia ou ineficiente do condutor";"Tombamento";"Com Vítimas Feridas";"Plena Noite";"Crescente";"Céu Claro";"Dupla";"Reta";"Sim";1;0;1;0;0;0;1;1;-23,935106;-47,026682;"SPRF-SP";"DEL04-SP";"UOP03-DEL04-SP"
569069;2023-12-19;"terça-feira";"21:20:00";"MT";70;155;"GENERAL CARNEIRO";"Reação tardia ou ineficiente do condutor";"Colisão traseira";"Com Vítimas Feridas";"Plena Noite";"Crescente";"Chuva";"Simples";"Reta";"Sim";3;0;0;1;1;1;1;3;-15,57168711;-53,41601399;"SPRF-MT";"DEL05-MT";"UOP01-DEL05-MT"
569077;2023-12-19;"terça-feira";"09:40:00";"SC";280;239,9;"CANOINHAS";"Ausência de reação do condutor";"Colisão transversal";"Com Vítimas Feridas";"Pleno dia";"Decrescente";"Céu Claro";"Simples";"Declive";"Não";4;0;2;0;1;1;2;3;-26,20971113;-50,44782084;"SPRF-SC";"DEL06-SC";"UOP04-DEL06-SC"
569078;2023-12-19;"terça-feira";"22:40:00";"AL";101;24,8;"JOAQUIM GOMES";"Sinalização encoberta";"Saída de leito carroçável";"Com Vítimas Feridas";"Plena Noite";"Crescente";"Nublado";"Simples";"Reta";"Sim";3;0;1;0;1;1;1;2;-9,05000091;-35,71075009;"SPRF-AL";"DEL01-AL";"UOP02-DEL01-AL"
569080;2023-12-19;"terça-feira";"23:05:00";"PI";316;2,5;"TERESINA";"Condutor deixou de manter distância do veículo da frente";"Colisão traseira";"Com Vítimas Feridas";"Plena Noite";"Crescente";"Garoa/Chuvisco";"Simples";"Reta";"Sim";2;0;1;0;1;0;1;2;-5,12826443;-42,79292384;"SPRF-PI";"DEL01-PI";"UOP02-DEL01-PI"
569082;2023-12-20;"quarta-feira";"00:30:00";"GO";60;273,7;"JANDAIA";"Condutor Dormindo";"Colisão traseira";"Com Vítimas Fatais";"Plena Noite";"Decrescente";"Nublado";"Dupla";"Reta";"Não";5;1;0;2;1;1;2;3;-17,2141955;-50,1650756;"SPRF-GO";"DEL01-GO";"UOP02-DEL01-GO"
569083;2023-12-19;"terça-feira";"23:00:00";"PR";476;241,2;"LAPA";"Ausência de reação do condutor";"Tombamento";"Com Vítimas Feridas";"Plena Noite";"Crescente";"Céu Claro";"Simples";"Curva";"Não";1;0;1;0;0;0;1;1;-25,859262;-50,077301;"SPRF-PR";"DEL02-PR";"UOP03-DEL02-PR"
569084;2023-12-20;"quarta-feira";"01:00:00";"PI";343;1;"TERESINA";"Conversão proibida";"Colisão lateral mesmo sentido";"Com Vítimas Feridas";"Plena Noite";"Crescente";"Céu Claro";"Dupla";"Retorno Regulamentado";"Sim";4;0;2;0;1;1;2;3;-5,080872;-42,760732;"SPRF-PI";"DEL01-PI";"UOP01-DEL01-PI"
569089;2023-12-20;"quarta-feira";"04:20:00";"MG";251;427,2;"GRAO MOGOL";"Ausência de reação do condutor";"Saída de leito carroçável";"Com Vítimas Fatais";"Amanhecer";"Decrescente";"Chuva";"Simples";"Curva;Declive";"Não";1;1;0;0;0;0;0;1;-16,325215;-43,122943;"SPRF-MG";"DEL12-MG";"UOP01-DEL12-MG"
569090;2023-12-20;"quarta-feira";"04:14:00";"PE";232;103;"BEZERROS";"Animais na Pista";"Atropelamento de Animal";"Sem Vítimas";"Plena Noite";"Decrescente";"Garoa/Chuvisco";"Dupla";"Reta;Declive";"Não";3;0;0;0;3;0;0;3;-8,25219029;-35,76584983;"SPRF-PE";"DEL02-PE";"UOP02-DEL02PE"
569092;2023-12-20;"quarta-feira";"05:50:00";"SC";101;45,8;"JOINVILLE";"Velocidade Incompatível";"Colisão traseira";"Com Vítimas Feridas";"Amanhecer";"Decrescente";"Céu Claro";"Múltipla";"Reta";"Não";3;0;1;0;1;1;1;3;-26,32214492;-48,8689509;"SPRF-SC";"DEL03-SC";"UOP01-DEL03-SC"
569093;2023-12-20;"quarta-feira";"00:05:00";"SC";116;143,9;"SANTA CECILIA";"Reação tardia ou ineficiente do condutor";"Colisão lateral mesmo sentido";"Com Vítimas Feridas";"Plena Noite";"Crescente";"Garoa/Chuvisco";"Simples";"Curva";"Não";6;0;0;1;4;1;1;3;-26,98647529;-50,39438169;"SPRF-SC";"DEL06-SC";"UOP02-DEL06-SC"
569094;2023-12-20;"quarta-feira";"05:00:00";"SC";280;237,1;"CANOINHAS";"Transitar na contramão";"Colisão lateral sentido oposto";"Sem Vítimas";"Amanhecer";"Crescente";"Nublado";"Simples";"Curva;Declive";"Não";2;0;0;0;2;0;0;2;-26,19844599;-50,43216601;"SPRF-SC";"DEL06-SC";"UOP04-DEL06-SC"
569098;2023-12-20;"quarta-feira";"05:00:00";"PR";277;295;"PRUDENTOPOLIS";"Ausência de reação do condutor";"Saída de leito carroçável";"Com Vítimas Fatais";"Amanhecer";"Crescente";"Chuva";"Simples";"Curva";"Não";3;1;0;1;0;2;1;3;-25,31583904;-51,04969199;"SPRF-PR";"DEL08-PR";"UOP02-DEL08-PR"
569099;2023-12-20;"quarta-feira";"04:00:00";"SP";116;558;"BARRA DO TURVO";"Reação tardia ou ineficiente do condutor";"Colisão traseira";"Com Vítimas Feridas";"Amanhecer";"Crescente";"Céu Claro";"Simples";"Reta;Aclive";"Não";3;0;1;0;1;1;1;3;-24,999136;-48,508858;"SPRF-SP";"DEL05-SP";"UOP02-DEL05-SP"
569103;2023-12-20;"quarta-feira";"05:15:00";"SC";470;2;"NAVEGANTES";"Ausência de reação do condutor";"Saída de leito carroçável";"Com Vítimas Feridas";"Pleno dia";"Decrescente";"Céu Claro";"Dupla";"Reta";"Sim";2;0;1;0;0;1;1;2;-26,868551;-48,674831;"SPRF-SC";"DEL04-SC";"UOP04-DEL04-SC"
569105;2023-12-19;"terça-feira";"23:30:00";"SC";470;79;"INDAIAL";"Ingestão de álcool pelo condutor";"Colisão lateral sentido oposto";"Sem Vítimas";"Plena Noite";"Crescente";"Céu Claro";"Simples";"Reta";"Não";2;0;0;0;2;0;0;2;-26,951565;-49,306534;"SPRF-SC";"DEL04-SC";"UOP01-DEL04-SC"
569106;2023-12-20;"quarta-feira";"06:50:00";"PR";476;167,5;"CONTENDA";"Condutor Dormindo";"Colisão lateral sentido oposto";"Com Vítimas Feridas";"Pleno dia";"Crescente";"Céu Claro";"Simples";"Reta";"Não";4;0;3;0;1;0;3;3;-25,661057;-49,48967;"SPRF-PR";"DEL01-PR";"UOP06-DEL01-PR"
569107;2023-12-20;"quarta-feira";"06:10:00";"ES";259;6,6;"JOAO NEIVA";"Reação tardia ou ineficiente do condutor";"Colisão lateral sentido oposto";"Com Vítimas Feridas";"Pleno dia";"Crescente";"Céu Claro";"Simples";"Curva;Ponte;Aclive";"Não";2;0;0;1;1;0;1;2;-19,69183647;-40,38841724;"SPRF-ES";"DEL02-ES";"UOP01-DEL02-ES"
569115;2023-12-20;"quarta-feira";"07:00:00";"MT";70;84;"GENERAL CARNEIRO";"Curva acentuada";"Tombamento";"Com Vítimas Fatais";"Pleno dia";"Crescente";"Céu Claro";"Simples";"Curva";"Não";2;1;0;0;0;1;0;2;-15,62211981;-52,83378091;"SPRF-MT";"DEL07-MT";"UOP01-DEL07-MT"
569119;2023-08-23;"quarta-feira";"10:30:00";"RS";470;262,5;"SALVADOR DO SUL";"Reação tardia ou ineficiente do condutor";"Colisão traseira";"Com Vítimas Feridas";"Pleno dia";"Decrescente";"Nevoeiro/Neblina";"Simples";"Interseção de Vias;Declive;Curva";"Não";2;0;1;0;1;0;1;2;-29,48608658;-51,49031818;"SPRF-RS";"DEL06-RS";"UOP01-DEL06-RS"
569120;2023-12-20;"quarta-feira";"07:30:00";"MG";381;482;"BETIM";"Manobra de mudança de faixa";"Colisão lateral mesmo sentido";"Sem Vítimas";"Pleno dia";"Decrescente";"Céu Claro";"Dupla";"Reta";"Sim";2;0;0;0;1;1;0;2;-19,955532;-44,097209;"SPRF-MG";"DEL01-MG";"UOP03-DEL01-MG"
569121;2023-12-20;"quarta-feira";"07:00:00";"BA";101;52,9;"ENTRE RIOS";"Condutor deixou de manter distância do veículo da frente";"Colisão traseira";"Com Vítimas Feridas";"Pleno dia";"Crescente";"Céu Claro";"Dupla";"Reta";"Não";4;0;1;2;1;0;3;2;-11,93112898;-38,05102605;"SPRF-BA";"DEL01-BA";"UOP04-DEL01-BA"
569127;2023-12-09;"sábado";"18:45:00";"BA";110;7;"PAULO AFONSO";"Reação tardia ou ineficiente do condutor";"Atropelamento de Animal";"Com Vítimas Fatais";"Plena Noite";"Decrescente";"Céu Claro";"Simples";"Reta";"Não";5;1;0;1;2;1;1;5;-9,51447403;-38,21809076;"SPRF-BA";"DEL07-BA";"UOP01-DEL07-BA"
569129;2023-09-17;"domingo";"04:00:00";"BA";101;288;"LAJE";"Transitar na contramão";"Colisão frontal";"Com Vítimas Feridas";"Plena Noite";"Decrescente";"Céu Claro";"Simples";"Reta";"Não";2;0;1;0;1;0;1;2;-13,28940931;-39,32989104;"SPRF-BA";"DEL01-BA";"UOP02-DEL01-BA"
569133;2023-12-20;"quarta-feira";"07:54:00";"PB";101;72,8;"SANTA RITA";"Ausência de reação do condutor";"Saída de leito carroçável";"Sem Vítimas";"Pleno dia";"Crescente";"Nublado";"Dupla";"Reta";"Não";1;0;0;0;1;0;0;1;-7,07320663;-34,99569975;"SPRF-PB";"DEL01-PB";"UOP04-DEL01-PB"
569139;2023-11-05;"domingo";"19:00:00";"GO";80;48;"PADRE BERNARDO";"Ausência de reação do condutor";"Colisão traseira";"Com Vítimas Feridas";"Plena Noite";"Decrescente";"Chuva";"Simples";"Curva;Declive";"Não";2;0;1;0;1;0;1;2;-15,163456;-48,302885;"SPRF-DF";"DEL03-DF";"UOP02-DEL03-DF"
569140;2023-12-20;"quarta-feira";"09:30:00";"MG";381;5;"BETIM";"Acessar a via sem observar a presença dos outros veículos";"Colisão lateral mesmo sentido";"Com Vítimas Feridas";"Pleno dia";"Crescente";"Céu Claro";"Dupla";"Reta";"Não";2;0;1;0;1;0;1;2;-19,96825;-44,198708;"SPRF-MG";"DEL01-MG";"UOP03-DEL01-MG"
569147;2023-11-20;"segunda-feira";"08:30:00";"SC";101;114;"ITAJAI";"Trafegar com motocicleta (ou similar) entre as faixas";"Colisão lateral mesmo sentido";"Com Vítimas Feridas";"Pleno dia";"Crescente";"Nublado";"Dupla";"Reta";"Não";5;0;0;1;2;2;1;5;-26,86192886;-48,7286704;"SPRF-SC";"DEL04-SC";"UOP04-DEL04-SC"
569150;2023-12-20;"quarta-feira";"10:25:00";"GO";153;515,6;"APARECIDA DE GOIANIA";"Condutor usando celular";"Colisão traseira";"Com Vítimas Feridas";"Pleno dia";"Decrescente";"Sol";"Dupla";"Reta;Em Obras";"Sim";2;0;0;1;1;0;1;2;-16,8413;-49,2454;"SPRF-GO";"DEL01-GO";"UOP03-DEL01-GO"
569152;2023-12-20;"quarta-feira";"11:20:00";"GO";20;32;"FORMOSA";"Acessar a via sem observar a presença dos outros veículos";"Colisão lateral mesmo sentido";"Com Vítimas Feridas";"Pleno dia";"Crescente";"Céu Claro";"Simples";"Reta";"Sim";4;0;1;0;3;0;1;2;-15,482159;-47,101757;"SPRF-DF";"DEL02-DF";"UOP02-DEL02-DF"
569161;2023-12-20;"quarta-feira";"11:30:00";"MG";381;501;"BETIM";"Condutor deixou de manter distância do veículo da frente";"Colisão traseira";"Com Vítimas Feridas";"Pleno dia";"Decrescente";"Céu Claro";"Dupla";"Reta";"Não";3;0;1;0;1;1;1;3;-20,03146447;-44,2377893;"SPRF-MG";"DEL01-MG";"UOP03-DEL01-MG"
569165;2023-12-20;"quarta-feira";"08:00:00";"MG";40;482;"SETE LAGOAS";"Condutor Dormindo";"Colisão traseira";"Com Vítimas Feridas";"Pleno dia";"Decrescente";"Céu Claro";"Dupla";"Reta;Declive";"Não";4;0;1;1;1;1;2;3;-19,55911383;-44,24017469;"SPRF-MG";"DEL02-MG";"UOP01-DEL02-MG"
569171;2023-12-20;"quarta-feira";"12:30:00";"GO";20;177;"ALVORADA DO NORTE";"Chuva";"Tombamento";"Sem Vítimas";"Pleno dia";"Crescente";"Chuva";"Simples";"Curva;Declive";"Sim";1;0;0;0;1;0;0;1;-14,498608;-46,510159;"SPRF-DF";"DEL02-DF";"UOP03-DEL02-DF"
569187;2023-12-20;"quarta-feira";"14:00:00";"GO";153;515,5;"APARECIDA DE GOIANIA";"Estacionar ou parar em local proibido";"Colisão traseira";"Com Vítimas Feridas";"Pleno dia";"Crescente";"Garoa/Chuvisco";"Dupla";"Reta";"Sim";2;0;1;0;1;0;1;2;-16,8413;-49,2454;"SPRF-GO";"DEL01-GO";"UOP03-DEL01-GO"
569189;2023-12-20;"quarta-feira";"10:38:00";"MT";364;399,6;"CUIABA";"Transtornos Mentais (exceto suicidio)";"Queda de ocupante de veículo";"Com Vítimas Feridas";"Pleno dia";"Decrescente";"Céu Claro";"Dupla";"Reta";"Sim";3;0;1;0;1;3;1;4;-15,67919104;-55,92995102;"SPRF-MT";"DEL01-MT";"UOP02-DEL01-MT"