"id";"data_inversa";"dia_semana";"horario";"uf";"br";"km";"municipio";"causa_acidente";"tipo_acidente";"classificacao_acidente";"fase_dia";"sentido_via";"condicao_metereologica";"tipo_pista";"tracado_via";"uso_solo";"pessoas";"mortos";"feridos_leves";"feridos_graves";"ilesos";"ignorados";"feridos";"veiculos";"latitude";"longitude";"regional";"delegacia";"uop"
569192;2023-12-20;"quarta-feira";"11:40:00";"MG";262;568,3;"CORREGO DANTA";"Transitar na contramão";"Colisão lateral sentido oposto";"Sem Vítimas";"Pleno dia";"Crescente";"Céu Claro";"Simples";"Curva";"Não";2;0;0;0;2;0;0;2;-19,74101123;-46,00623126;"SPRF-MG";"DEL08-MG";"UOP02-DEL08-MG"
569193;2023-12-20;"quarta-feira";"08:30:00";"MT";163;923;"ITAUBA";"Manobra de mudança de faixa";"Colisão transversal";"Com Vítimas Feridas";"Pleno dia";"Crescente";"Céu Claro";"Simples";"Reta";"Não";5;0;1;0;3;2;1;4;-11,23395388;-55,30433047;"SPRF-MT";"DEL06-MT";"UOP02-DEL06-MT"
569199;2023-12-20;"quarta-feira";"11:15:00";"MT";364;356;"SANTO ANTONIO DO LEVERGER";"Reação tardia ou ineficiente do condutor";"Tombamento";"Com Vítimas Fatais";"Pleno dia";"Decrescente";"Céu Claro";"Dupla";"Curva;Declive";"Não";3;1;0;1;0;1;1;2;-15,78489984;-55,60855772;"SPRF-MT";"DEL05-MT";"UOP02-DEL05-MT"
569202;2023-12-20;"quarta-feira";"10:15:00";"MA";226;103,7;"CAXIAS";"Condutor Dormindo";"Colisão traseira";"Com Vítimas Feridas";"Pleno dia";"Decrescente";"Céu Claro";"Simples";"Reta";"Não";2;0;0;1;1;0;1;2;-5,28782828;-43,68122986;"SPRF-MA";"DEL03-MA";"UOP02-DEL03-MA"
569210;2023-12-20;"quarta-feira";"12:00:00";"PB";230;143;"CAMPINA GRANDE";"Manobra de mudança de faixa";"Colisão com objeto";"Sem Vítimas";"Pleno dia";"Crescente";"Chuva";"Dupla";"Reta";"Não";2;0;0;0;1;2;0;3;-7,2557;-35,8223;"SPRF-PB";"DEL02-PB";"UOP01-DEL02-PB"
569213;2023-12-20;"quarta-feira";"15:05:00";"SC";116;246,8;"LAGES";"Frear bruscamente";"Colisão traseira";"Sem Vítimas";"Pleno dia";"Crescente";"Céu Claro";"Simples";"Em Obras;Rotatória";"Sim";4;0;0;0;3;1;0;4;-27,81102858;-50,36777616;"SPRF-SC";"DEL05-SC";"UOP02-DEL05-SC"
569218;2023-12-20;"quarta-feira";"10:10:00";"BA";407;79,6;"JAGUARARI";"Ultrapassagem Indevida";"Colisão frontal";"Com Vítimas Fatais";"Pleno dia";"Crescente";"Garoa/Chuvisco";"Simples";"Reta";"Não";5;2;1;0;0;2;1;4;-10,0517431;-40,2284706;"SPRF-BA";"DEL04-BA";"UOP01-DEL04-BA"
569221;2023-12-20;"quarta-feira";"12:00:00";"BA";242;763;"BARREIRAS";"Demais falhas mecânicas ou elétricas";"Colisão transversal";"Com Vítimas Feridas";"Pleno dia";"Decrescente";"Chuva";"Simples";"Reta";"Não";10;0;3;0;7;0;3;2;-12,16881015;-44,55644005;"SPRF-BA";"DEL10-BA";"UOP01-DEL10-BA"
569222;2023-12-20;"quarta-feira";"15:50:00";"BA";116;832,2;"VITORIA DA CONQUISTA";"Ausência de reação do condutor";"Colisão traseira";"Sem Vítimas";"Pleno dia";"Decrescente";"Chuva";"Simples";"Reta";"Não";2;0;0;0;2;0;0;2;-14,92723024;-40,8850084;"SPRF-BA";"DEL08-BA";"UOP01-DEL08-BA"
569225;2023-12-20;"quarta-feira";"16:30:00";"SP";116;230;"SAO PAULO";"Manobra de mudança de faixa";"Colisão lateral mesmo sentido";"Sem Vítimas";"Pleno dia";"Crescente";"Céu Claro";"Múltipla";"Reta";"Sim";3;0;0;0;3;0;0;3;-23,52251783;-46,5855702;"SPRF-SP";"DEL01-SP";"UOP01-DEL01-SP"
569228;2023-12-20;"quarta-feira";"15:06:00";"RO";364;190,5;"PIMENTA BUENO";"Reação tardia ou ineficiente do condutor";"Saída de leito carroçável";"Com Vítimas Feridas";"Pleno dia";"Decrescente";"Chuva";"Simples";"Reta";"Não";1;0;1;0;0;0;1;1;-11,719982;-61,147003;"SPRF-RO";"DEL02-RO";"UOP02-DEL02-RO"
569229;2023-12-20;"quarta-feira";"13:40:00";"RS";158;545,4;"SANTANA DO LIVRAMENTO";"Velocidade Incompatível";"Colisão traseira";"Sem Vítimas";"Pleno dia";"Decrescente";"Nublado";"Simples";"Reta";"Não";6;0;0;0;6;0;0;3;-30,81687127;-55,31688489;"SPRF-RS";"DEL11-RS";"UOP01-DEL11-RS"
569232;2023-12-20;"quarta-feira";"15:30:00";"GO";153;75;"PORANGATU";"Acessar a via sem observar a presença dos outros veículos";"Colisão transversal";"Com Vítimas Feridas";"Pleno dia";"Crescente";"Nublado";"Simples";"Reta";"Sim";4;0;1;0;2;1;1;4;-13,491837;-49,134628;"SPRF-GO";"DEL07-GO";"UOP01-DEL07-GO"
569234;2023-12-20;"quarta-feira";"14:20:00";"RO";364;10;"VILHENA";"Reação tardia ou ineficiente do condutor";"Colisão traseira";"Com Vítimas Feridas";"Pleno dia";"Decrescente";"Nublado";"Dupla";"Reta";"Sim";3;0;1;0;1;3;1;5;-12,75194006;-60,10600907;"SPRF-RO";"DEL04-RO";"UOP01-DEL04-RO"
569238;2023-12-20;"quarta-feira";"17:00:00";"RJ";116;97;"GUAPIMIRIM";"Demais falhas mecânicas ou elétricas";"Saída de leito carroçável";"Com Vítimas Feridas";"Pleno dia";"Crescente";"Chuva";"Simples";"Curva";"Não";5;0;2;0;3;0;2;4;-22,47811419;-42,99603471;"SPRF-RJ";"DEL04-RJ";"UOP01-DEL04-RJ"
569241;2023-12-20;"quarta-feira";"15:40:00";"BA";116;403;"FEIRA DE SANTANA";"Transitar na contramão";"Colisão transversal";"Com Vítimas Feridas";"Pleno dia";"Crescente";"Chuva";"Dupla";"Viaduto";"Não";2;0;1;0;1;0;1;2;-12,05781;-38,970041;"SPRF-BA";"DEL02-BA";"UOP01-DEL02-BA"
569245;2023-12-20;"quarta-feira";"15:25:00";"SP";153;258;"MARILIA";"Condutor Dormindo";"Colisão frontal";"Com Vítimas Feridas";"Pleno dia";"Decrescente";"Céu Claro";"Simples";"Declive";"Sim";3;0;0;1;1;1;1;3;-22,24864701;-49,92085793;"SPRF-SP";"DEL07-SP";"UOP02-DEL07-SP"
569247;2023-12-20;"quarta-feira";"14:50:00";"GO";153;588;"PIRACANJUBA";"Velocidade Incompatível";"Colisão traseira";"Com Vítimas Feridas";"Pleno dia";"Decrescente";"Chuva";"Dupla";"Reta;Declive";"Não";5;0;2;0;2;3;2;6;-17,4509;-49,2274;"SPRF-GO";"DEL03-GO";"UOP01-DEL03-GO"
569248;2023-12-20;"quarta-feira";"17:00:00";"MG";50;67;"UBERLANDIA";"Ausência de reação do condutor";"Colisão lateral mesmo sentido";"Com Vítimas Feridas";"Pleno dia";"Crescente";"Céu Claro";"Dupla";"Interseção de Vias;Reta";"Não";4;0;1;0;1;2;1;4;-18,87508245;-48,25933456;"SPRF-MG";"DEL15-MG";"UOP02-DEL15-MG"
569251;2023-12-20;"quarta-feira";"17:12:00";"GO";20;19,8;"FORMOSA";"Reação tardia ou ineficiente do condutor";"Saída de leito carroçável";"Com Vítimas Fatais";"Pleno dia";"Decrescente";"Chuva";"Simples";"Reta;Declive";"Não";1;1;0;0;0;0;0;1;-15,553887;-47,18708;"SPRF-DF";"DEL02-DF";"UOP02-DEL02-DF"
569253;2023-12-20;"quarta-feira";"17:00:00";"RJ";40;114;"DUQUE DE CAXIAS";"Manobra de mudança de faixa";"Colisão lateral mesmo sentido";"Com Vítimas Feridas";"Pleno dia";"Decrescente";"Nublado";"Múltipla";"Reta";"Sim";4;0;2;0;2;0;2;3;-22,71853604;-43,28993324;"SPRF-RJ";"DEL01-RJ";"UOP02-DEL01-RJ"
569254;2023-12-20;"quarta-feira";"14:30:00";"SP";116;198;"ARUJA";"Reação tardia ou ineficiente do condutor";"Colisão traseira";"Com Vítimas Feridas";"Pleno dia";"Crescente";"Céu Claro";"Múltipla";"Reta;Aclive";"Não";2;0;1;0;1;0;1;2;-23,399937;-46,302038;"SPRF-SP";"DEL01-SP";"UOP01-DEL01-SP"
569258;2023-12-20;"quarta-feira";"16:00:00";"MG";381;698,8;"LAVRAS";"Manobra de mudança de faixa";"Colisão transversal";"Com Vítimas Feridas";"Pleno dia";"Decrescente";"Céu Claro";"Dupla";"Aclive;Curva";"Não";3;0;0;1;1;1;1;3;-21,29905212;-45,15077778;"SPRF-MG";"DEL04-MG";"UOP02-DEL04-MG"
569259;2023-12-20;"quarta-feira";"18:00:00";"SC";101;198,3;"BIGUACU";"Ausência de reação do condutor";"Colisão lateral mesmo sentido";"Com Vítimas Feridas";"Pleno dia";"Crescente";"Céu Claro";"Dupla";"Reta";"Sim";4;0;1;0;2;1;1;4;-27,52658712;-48,63506019;"SPRF-SC";"DEL01-SC";"UOP01-DEL01-SC"
569261;2023-12-20;"quarta-feira";"18:00:00";"SC";101;215,5;"PALHOCA";"Ultrapassagem Indevida";"Colisão traseira";"Com Vítimas Feridas";"Pleno dia";"Crescente";"Céu Claro";"Múltipla";"Interseção de Vias;Rotatória;Curva";"Sim";4;0;1;0;2;1;1;3;-27,65184843;-48,67604941;"SPRF-SC";"DEL01-SC";"UOP02-DEL01-SC"
569262;2023-12-20;"quarta-feira";"17:50:00";"RN";406;171;"SAO GONCALO DO AMARANTE";"Ausência de reação do condutor";"Colisão traseira";"Com Vítimas Feridas";"Plena Noite";"Decrescente";"Nublado";"Múltipla";"Reta";"Sim";2;0;1;0;1;0;1;2;-5,76116559;-35,29230595;"SPRF-RN";"DEL02-RN";"UOP01-DEL02-RN"
569265;2023-12-20;"quarta-feira";"18:00:00";"MG";381;940,5;"EXTREMA";"Ingestão de álcool pelo condutor";"Colisão traseira";"Com Vítimas Feridas";"Plena Noite";"Crescente";"Céu Claro";"Dupla";"Curva";"Sim";2;0;1;0;0;1;1;2;-22,85421396;-46,33740277;"SPRF-MG";"DEL16-MG";"UOP03-DEL16-MG"
569269;2023-12-20;"quarta-feira";"10:20:00";"BA";242;400;"SEABRA";"Chuva";"Saída de leito carroçável";"Sem Vítimas";"Pleno dia";"Decrescente";"Chuva";"Simples";"Curva;Aclive";"Não";2;0;0;0;1;1;0;2;-12,47134497;-41,69102199;"SPRF-BA";"DEL06-BA";"UOP01-DEL06-BA"
569270;2023-12-20;"quarta-feira";"16:30:00";"PR";153;512,5;"GENERAL CARNEIRO";"Ingestão de álcool pelo condutor";"Saída de leito carroçável";"Sem Vítimas";"Pleno dia";"Crescente";"Céu Claro";"Simples";"Reta";"Não";1;0;0;0;1;0;0;1;-26,5407;-51,42619;"SPRF-PR";"DEL02-PR";"UOP03-DEL02-PR"
569273;2023-12-20;"quarta-feira";"17:08:00";"MT";163;829;"SINOP";"Acessar a via sem observar a presença dos outros veículos";"Colisão traseira";"Sem Vítimas";"Anoitecer";"Crescente";"Nublado";"Simples";"Retorno Regulamentado";"Sim";3;0;0;0;2;2;0;4;-12,040704;-55,51732275;"SPRF-MT";"DEL06-MT";"UOP02-DEL06-MT"
569275;2023-12-20;"quarta-feira";"17:30:00";"PR";277;77,2;"SAO JOSE DOS PINHAIS";"Trafegar com motocicleta (ou similar) entre as faixas";"Tombamento";"Com Vítimas Fatais";"Pleno dia";"Crescente";"Céu Claro";"Dupla";"Reta";"Sim";2;1;0;0;1;0;0;2;-25,48460806;-49,18815285;"SPRF-PR";"DEL01-PR";"UOP07-DEL01-PR"
569276;2023-12-20;"quarta-feira";"17:50:00";"PR";376;303;"MAUA DA SERRA";"Problema com o freio";"Tombamento";"Com Vítimas Feridas";"Pleno dia";"Crescente";"Sol";"Dupla";"Curva;Declive";"Não";2;0;1;0;0;1;1;2;-23,93590782;-51,1411643;"SPRF-PR";"DEL07-PR";"UOP02-DEL07-PR"
569280;2023-12-20;"quarta-feira";"18:40:00";"MG";153;112,5;"PRATA";"Ausência de reação do condutor";"Colisão frontal";"Com Vítimas Fatais";"Anoitecer";"Crescente";"Nublado";"Simples";"Reta";"Sim";3;1;0;0;1;2;0;4;-19,32965117;-48,90538216;"SPRF-MG";"DEL15-MG";"UOP03-DEL15-MG"
569282;2023-12-20;"quarta-feira";"16:02:00";"SP";116;553;"BARRA DO TURVO";"Reação tardia ou ineficiente do condutor";"Colisão traseira";"Com Vítimas Feridas";"Pleno dia";"Crescente";"Sol";"Simples";"Reta";"Não";3;0;1;0;1;2;1;4;-24,96694422;-48,48854689;"SPRF-SP";"DEL05-SP";"UOP02-DEL05-SP"
569284;2023-10-05;"quinta-feira";"18:05:00";"RS";290;76;"GRAVATAI";"Manobra de mudança de faixa";"Colisão lateral mesmo sentido";"Com Vítimas Feridas";"Pleno dia";"Decrescente";"Céu Claro";"Múltipla";"Reta";"Não";3;0;1;0;1;1;1;3;-29,956612;-51,017124;"SPRF-RS";"DEL01-RS";"UOP01-DEL01-RS"
569286;2023-12-20;"quarta-feira";"08:22:00";"BA";101;690;"EUNAPOLIS";"Chuva";"Saída de leito carroçável";"Com Vítimas Feridas";"Pleno dia";"Crescente";"Chuva";"Simples";"Curva;Declive";"Não";2;0;1;0;0;1;1;2;-16,33255702;-39,58174321;"SPRF-BA";"DEL09-BA";"UOP01-DEL09-BA"
569289;2023-12-20;"quarta-feira";"20:20:00";"MA";316;585;"CAXIAS";"Velocidade Incompatível";"Saída de leito carroçável";"Sem Vítimas";"Plena Noite";"Decrescente";"Chuva";"Simples";"Reta;Declive";"Não";2;0;0;0;2;0;0;1;-4,981047;-43,080875;"SPRF-MA";"DEL03-MA";"UOP02-DEL03-MA"
569307;2023-12-20;"quarta-feira";"20:45:00";"MS";376;106;"IVINHEMA";"Transitar na contramão";"Colisão frontal";"Com Vítimas Feridas";"Plena Noite";"Crescente";"Céu Claro";"Simples";"Reta";"Não";2;0;0;1;1;0;1;2;-22,3013659;-53,99338245;"SPRF-MS";"DEL04-MS";"UOP04-DEL04-MS"
569313;2023-12-20;"quarta-feira";"22:40:00";"MG";381;495,3;"BETIM";"Manobra de mudança de faixa";"Colisão lateral mesmo sentido";"Com Vítimas Feridas";"Plena Noite";"Decrescente";"Chuva";"Múltipla";"Reta";"Sim";4;0;1;0;2;1;1;3;-19,98890883;-44,20522016;"SPRF-MG";"DEL01-MG";"UOP03-DEL01-MG"
569316;2023-12-20;"quarta-feira";"21:30:00";"RN";304;112,4;"ACU";"Acesso irregular";"Colisão traseira";"Com Vítimas Feridas";"Plena Noite";"Crescente";"Nublado";"Simples";"Reta";"Não";3;0;1;0;2;0;1;2;-5,60182065;-36,92122032;"SPRF-RN";"DEL04-RN";"UOP01-DEL04-RN"
569321;2023-12-20;"quarta-feira";"21:00:00";"BA";116;601;"IRAJUBA";"Demais falhas mecânicas ou elétricas";"Incêndio";"Sem Vítimas";"Pleno dia";"Crescente";"Nublado";"Simples";"Declive";"Não";2;0;0;0;1;1;0;2;-13,21447505;-40,02668493;"SPRF-BA";"DEL03-BA";"UOP02-DEL03-BA"
569326;2023-12-20;"quarta-feira";"21:00:00";"MA";316;208,4;"GOVERNADOR NEWTON BELLO";"Entrada inopinada do pedestre";"Atropelamento de Pedestre";"Com Vítimas Fatais";"Plena Noite";"Decrescente";"Nublado";"Simples";"Declive";"Sim";2;1;0;0;1;0;0;2;-3,367663;-45,664341;"SPRF-MA";"DEL02-MA";"UOP01-DEL02-MA"
569327;2023-12-20;"quarta-feira";"18:15:00";"PE";423;77,5;"JUCATI";"Demais falhas mecânicas ou elétricas";"Incêndio";"Sem Vítimas";"Plena Noite";"Decrescente";"Céu Claro";"Simples";"Aclive;Reta";"Não";2;0;0;0;1;1;0;2;-8,73604666;-36,4310503;"SPRF-PE";"DEL03-PE";"UOP01-DEL03-PE"
569328;2023-12-20;"quarta-feira";"23:00:00";"RJ";116;71;"TERESOPOLIS";"Condutor Dormindo";"Colisão frontal";"Com Vítimas Feridas";"Plena Noite";"Decrescente";"Chuva";"Simples";"Reta";"Sim";5;0;3;0;2;0;3;2;-22,327388;-42,93858185;"SPRF-RJ";"DEL04-RJ";"UOP01-DEL04-RJ"
569336;2023-12-21;"quinta-feira";"00:50:00";"MS";163;106;"ITAQUIRAI";"Ingestão de álcool pelo condutor";"Saída de leito carroçável";"Sem Vítimas";"Plena Noite";"Decrescente";"Céu Claro";"Dupla";"Reta;Declive";"Não";1;0;0;0;0;1;0;1;-23,22825489;-54,21969336;"SPRF-MS";"DEL09-MS";"UOP01-DEL09-MS"
569337;2023-12-21;"quinta-feira";"03:11:00";"DF";20;10,4;"BRASILIA";"Ausência de reação do condutor";"Colisão com objeto";"Com Vítimas Feridas";"Plena Noite";"Decrescente";"Céu Claro";"Dupla";"Declive";"Sim";2;0;1;0;1;0;1;1;-15,650243;-47,773872;"SPRF-DF";"DEL02-DF";"UOP01-DEL02-DF"
569339;2023-12-21;"quinta-feira";"01:20:00";"PR";376;359,9;"ORTIGUEIRA";"Transitar na contramão";"Colisão lateral sentido oposto";"Com Vítimas Fatais";"Plena Noite";"Crescente";"Céu Claro";"Simples";"Reta";"Não";3;1;0;0;1;4;0;6;-24,26353116;-50,89383647;"SPRF-PR";"DEL07-PR";"UOP02-DEL07-PR"
569341;2023-12-21;"quinta-feira";"03:15:00";"DF";70;8;"BRASILIA";"Ausência de reação do condutor";"Colisão traseira";"Com Vítimas Fatais";"Plena Noite";"Decrescente";"Chuva";"Múltipla";"Reta";"Não";10;1;6;0;3;0;6;2;-15,784966;-48,122108;"SPRF-DF";"DEL03-DF";"UOP02-DEL03-DF"
569343;2023-12-21;"quinta-feira";"02:20:00";"AL";101;149;"JEQUIA DA PRAIA";"Velocidade Incompatível";"Colisão com objeto";"Com Vítimas Feridas";"Plena Noite";"Crescente";"Chuva";"Dupla";"Curva";"Não";1;0;1;0;0;0;1;1;-9,89402674;-36,14110191;"SPRF-AL";"DEL02-AL";"UOP02-DEL02-AL"
569346;2023-12-21;"quinta-feira";"03:00:00";"MA";230;1;"BARAO DE GRAJAU";"Transitar na contramão";"Colisão frontal";"Sem Vítimas";"Plena Noite";"Crescente";"Garoa/Chuvisco";"Simples";"Reta";"Sim";2;0;0;0;2;0;0;2;-6,754974;-43,016991;"SPRF-PI";"DEL03-PI";"UOP01-DEL03-PI"
569350;2023-12-21;"quinta-feira";"06:45:00";"SP";153;68;"SAO JOSE DO RIO PRETO";"Condutor deixou de manter distância do veículo da frente";"Colisão traseira";"Com Vítimas Feridas";"Pleno dia";"Crescente";"Céu Claro";"Dupla";"Reta;Aclive";"Sim";2;0;1;0;1;0;1;2;-20,8505829;-49,383795;"SPRF-SP";"DEL09-SP";"UOP01-DEL09-SP"
569353;2023-12-21;"quinta-feira";"00:32:00";"RO";364;467;"CACAULANDIA";"Ausência de reação do condutor";"Saída de leito carroçável";"Com Vítimas Feridas";"Plena Noite";"Crescente";"Céu Claro";"Simples";"Reta";"Não";1;0;1;0;0;0;1;1;-10,21068481;-62,77379378;"SPRF-RO";"DEL03-RO";"UOP01-DEL03-RO"
569354;2023-12-21;"quinta-feira";"07:00:00";"MG";381;484;"BETIM";"Ausência de reação do condutor";"Colisão lateral mesmo sentido";"Com Vítimas Feridas";"Pleno dia";"Decrescente";"Céu Claro";"Dupla";"Curva";"Sim";3;0;1;0;1;1;1;3;-19,95531717;-44,11722196;"SPRF-MG";"DEL01-MG";"UOP03-DEL01-MG"
569356;2023-12-21;"quinta-feira";"06:55:00";"PR";277;495,2;"GUARANIACU";"Conversão proibida";"Colisão transversal";"Com Vítimas Feridas";"Pleno dia";"Crescente";"Céu Claro";"Simples";"Curva;Declive";"Não";6;0;1;0;4;1;1;3;-25,18340835;-52,66697645;"SPRF-PR";"DEL04-PR";"UOP04-DEL04-PR"
569357;2023-12-21;"quinta-feira";"07:05:00";"PE";101;42;"IGARASSU";"Ausência de reação do condutor";"Colisão traseira";"Com Vítimas Feridas";"Pleno dia";"Crescente";"Céu Claro";"Múltipla";"Declive";"Sim";2;0;1;0;1;0;1;2;-7,83887431;-34,91196739;"SPRF-PE";"DEL01-PE";"UOP02-DEL01-PE"
569363;2023-12-21;"quinta-feira";"06:50:00";"BA";116;4,5;"VITORIA DA CONQUISTA";"Transitar na contramão";"Saída de leito carroçável";"Com Vítimas Feridas";"Pleno dia";"Decrescente";"Nevoeiro/Neblina";"Simples";"Reta;Declive";"Não";2;0;1;0;1;0;1;2;-14,82586;-40,87295;"SPRF-BA";"DEL08-BA";"UOP01-DEL08-BA"
569365;2023-12-21;"quinta-feira";"03:00:00";"CE";116;142;"PALHANO";"Ultrapassagem Indevida";"Colisão traseira";"Com Vítimas Fatais";"Plena Noite";"Decrescente";"Céu Claro";"Simples";"Curva";"Não";2;1;1;0;0;0;1;2;-4,77568054;-38,04870129;"SPRF-CE";"DEL03-CE";"UOP01-DEL03-CE"
569366;2023-12-21;"quinta-feira";"01:15:00";"RJ";116;202;"QUEIMADOS";"Pedestre andava na pista";"Atropelamento de Pedestre";"Com Vítimas Fatais";"Plena Noite";"Decrescente";"Céu Claro";"Dupla";"Reta";"Não";3;1;0;0;1;1;0;3;-22,72996588;-43,61317403;"SPRF-RJ";"DEL06-RJ";"UOP02-DEL06-RJ"
569367;2023-12-21;"quinta-feira";"03:50:00";"MG";116;715,7;"MURIAE";"Velocidade Incompatível";"Colisão frontal";"Com Vítimas Fatais";"Plena Noite";"Decrescente";"Chuva";"Simples";"Curva;Declive";"Não";65;1;9;1;53;1;10;3;-21,212412;-42,389161;"SPRF-MG";"DEL07-MG";"UOP02-DEL07-MG"
569368;2023-12-21;"quinta-feira";"06:30:00";"BA";101;883;"TEIXEIRA DE FREITAS";"Acessar a via sem observar a presença dos outros veículos";"Colisão transversal";"Com Vítimas Feridas";"Pleno dia";"Crescente";"Nublado";"Simples";"Reta";"Não";2;0;1;0;1;0;1;2;-17,587299;-39,742157;"SPRF-BA";"DEL09-BA";"UOP02-DEL09-BA"
569377;2023-12-21;"quinta-feira";"05:48:00";"RO";364;16,4;"VILHENA";"Conversão proibida";"Colisão transversal";"Com Vítimas Fatais";"Amanhecer";"Crescente";"Nublado";"Simples";"Reta";"Sim";3;1;0;0;1;2;0;4;-12,73437947;-60,15696986;"SPRF-RO";"DEL04-RO";"UOP01-DEL04-RO"
569380;2023-12-11;"segunda-feira";"14:00:00";"MG";153;118,2;"PRATA";"Reação tardia ou ineficiente do condutor";"Colisão traseira";"Com Vítimas Feridas";"Pleno dia";"Crescente";"Céu Claro";"Simples";"Reta;Em Obras";"Não";3;0;1;0;0;2;1;3;-19,38490896;-48,89762166;"SPRF-MG";"DEL15-MG";"UOP03-DEL15-MG"
569382;2023-12-21;"quinta-feira";"06:15:00";"MS";262;623,5;"MIRANDA";"Condutor Dormindo";"Colisão frontal";"Com Vítimas Fatais";"Pleno dia";"Crescente";"Céu Claro";"Simples";"Reta";"Não";3;1;0;0;1;1;0;3;-19,92568788;-56,85509975;"SPRF-MS";"DEL03-MS";"UOP02-DEL03-MS"
569386;2023-12-21;"quinta-feira";"07:45:00";"AL";316;156,1;"PALMEIRA DOS INDIOS";"Reação tardia ou ineficiente do condutor";"Colisão transversal";"Sem Vítimas";"Pleno dia";"Decrescente";"Nublado";"Simples";"Interseção de Vias";"Não";3;0;0;0;2;1;0;3;-9,42150066;-36,62537421;"SPRF-AL";"DEL03-AL";"UOP01-DEL03-AL"
569388;2023-12-21;"quinta-feira";"08:30:00";"SC";101;208,3;"SAO JOSE";"Objeto estático sobre o leito carroçável";"Colisão traseira";"Com Vítimas Feridas";"Pleno dia";"Decrescente";"Céu Claro";"Múltipla";"Reta";"Sim";3;0;0;1;1;1;1;3;-27,60337;-48,63192558;"SPRF-SC";"DEL01-SC";"UOP01-DEL01-SC"
569393;2023-12-21;"quinta-feira";"06:45:00";"SE";101;188,8;"CRISTINAPOLIS";"Acumulo de água sobre o pavimento";"Colisão com objeto";"Com Vítimas Feridas";"Pleno dia";"Crescente";"Chuva";"Simples";"Reta";"Não";4;0;3;0;0;1;3;2;-11,418026;-37,704486;"SPRF-SE";"DEL02-SE";"UOP03-DEL02-SE"
569397;2023-12-20;"quarta-feira";"17:19:00";"MT";163;995;"TERRA NOVA DO NORTE";"Acostamento em desnível";"Saída de leito carroçável";"Com Vítimas Feridas";"Amanhecer";"Crescente";"Céu Claro";"Simples";"Reta";"Não";1;0;0;1;0;0;1;1;-10,65228007;-55,13016961;"SPRF-MT";"DEL06-MT";"UOP03-DEL06-MT"
569400;2023-12-21;"quinta-feira";"08:15:00";"RO";364;425;"JARU";"Estacionar ou parar em local proibido";"Colisão traseira";"Com Vítimas Feridas";"Pleno dia";"Decrescente";"Sol";"Simples";"Reta";"Sim";3;0;1;0;1;1;1;3;-10,43752488;-62,47169791;"SPRF-RO";"DEL03-RO";"UOP02-DEL03-RO"
569401;2023-12-21;"quinta-feira";"07:00:00";"RJ";101;308;"SAO GONCALO";"Condutor Dormindo";"Colisão com objeto";"Com Vítimas Feridas";"Pleno dia";"Decrescente";"Céu Claro";"Dupla";"Reta;Viaduto";"Não";2;0;1;0;1;0;1;1;-22,79309326;-43,02479595;"SPRF-RJ";"DEL02-RJ";"UOP02-DEL02-RJ"
569402;2023-12-21;"quinta-feira";"07:20:00";"SC";470;185,3;"POUSO REDONDO";"Reação tardia ou ineficiente do condutor";"Saída de leito carroçável";"Com Vítimas Feridas";"Pleno dia";"Decrescente";"Nublado";"Simples";"Reta;Declive";"Não";2;0;2;0;0;0;2;1;-27,25447697;-50,04109383;"SPRF-SC";"DEL04-SC";"UOP02-DEL04-SC"
569403;2023-12-20;"quarta-feira";"17:30:00";"RJ";40;114;"DUQUE DE CAXIAS";"Condutor deixou de manter distância do veículo da frente";"Colisão lateral mesmo sentido";"Com Vítimas Feridas";"Anoitecer";"Decrescente";"Nublado";"Múltipla";"Reta";"Sim";3;0;2;0;1;0;2;2;-22,71853604;-43,28993324;"SPRF-RJ";"DEL01-RJ";"UOP02-DEL01-RJ"
569404;2023-09-20;"quarta-feira";"23:55:00";"GO";153;607;"MORRINHOS";"Reação tardia ou ineficiente do condutor";"Colisão traseira";"Com Vítimas Feridas";"Plena Noite";"Crescente";"Céu Claro";"Dupla";"Aclive";"Não";26;0;2;0;24;0;2;2;-17,6114;-49,1825;"SPRF-GO";"DEL03-GO";"UOP01-DEL03-GO"
569408;2023-12-21;"quinta-feira";"08:40:00";"PR";277;382,2;"CANDOI";"Conversão proibida";"Colisão transversal";"Com Vítimas Fatais";"Pleno dia";"Crescente";"Céu Claro";"Simples";"Curva";"Não";6;1;1;0;1;3;1;4;-25,46143873;-51,95916295;"SPRF-PR";"DEL08-PR";"UOP01-DEL08-PR"
569411;2023-12-21;"quinta-feira";"10:50:00";"PR";376;640;"TIJUCAS DO SUL";"Ausência de reação do condutor";"Engavetamento";"Com Vítimas Feridas";"Pleno dia";"Crescente";"Céu Claro";"Dupla";"Reta;Declive";"Não";10;0;2;0;7;2;2;10;-25,78245804;-49,12098281;"SPRF-PR";"DEL01-PR";"UOP04-DEL01-PR"
569412;2023-12-21;"quinta-feira";"08:30:00";"RS";471;666,7;"SANTA VITORIA DO PALMAR";"Manobra de mudança de faixa";"Tombamento";"Com Vítimas Feridas";"Pleno dia";"Crescente";"Nublado";"Simples";"Reta";"Não";2;0;1;0;0;1;1;2;-33,580353;-53,379459;"SPRF-RS";"DEL07-RS";"UOP04-DEL07-RS"
569414;2023-12-21;"quinta-feira";"10:35:00";"GO";40;1,6;"VALPARAISO DE GOIAS";"Condutor deixou de manter distância do veículo da frente";"Engavetamento";"Sem Vítimas";"Pleno dia";"Crescente";"Sol";"Dupla";"Reta";"Sim";5;0;0;0;4;1;0;5;-16,058245;-47,982825;"SPRF-DF";"DEL01-DF";"UOP01-DEL01-DF"