"id";"data_inversa";"dia_semana";"horario";"uf";"br";"km";"municipio";"causa_acidente";"tipo_acidente";"classificacao_acidente";"fase_dia";"sentido_via";"condicao_metereologica";"tipo_pista";"tracado_via";"uso_solo";"pessoas";"mortos";"feridos_leves";"feridos_graves";"ilesos";"ignorados";"feridos";"veiculos";"latitude";"longitude";"regional";"delegacia";"uop"
569422;2023-12-21;"quinta-feira";"10:15:00";"MT";163;747;"SORRISO";"Reação tardia ou ineficiente do condutor";"Colisão lateral mesmo sentido";"Com Vítimas Feridas";"Pleno dia";"Decrescente";"Chuva";"Simples";"Rotatória";"Sim";4;0;0;1;2;3;1;5;-12,593601;-55,743279;"SPRF-MT";"DEL06-MT";"UOP01-DEL06-MT"
569424;2023-12-21;"quinta-feira";"10:47:00";"MT";163;699;"SORRISO";"Reação tardia ou ineficiente do condutor";"Colisão frontal";"Com Vítimas Fatais";"Pleno dia";"Crescente";"Chuva";"Simples";"Reta";"Não";31;1;0;2;27;2;2;4;-12,988373;-55,882123;"SPRF-MT";"DEL06-MT";"UOP01-DEL06-MT"
569430;2023-12-14;"quinta-feira";"02:20:00";"RJ";116;232;"PIRAI";"Ausência de reação do condutor";"Colisão com objeto";"Sem Vítimas";"Plena Noite";"Decrescente";"Céu Claro";"Dupla";"Curva";"Não";1;0;0;0;1;0;0;1;-22,65604007;-43,83713888;"SPRF-RJ";"DEL07-RJ";"UOP01-DEL07-RJ"
569431;2023-12-21;"quinta-feira";"12:10:00";"RJ";116;128;"MAGE";"Condutor deixou de manter distância do veículo da frente";"Colisão traseira";"Com Vítimas Fatais";"Pleno dia";"Decrescente";"Céu Claro";"Dupla";"Reta";"Sim";3;1;0;0;1;1;0;3;-22,6657139;-43,10092001;"SPRF-RJ";"DEL04-RJ";"UOP02-DEL04-RJ"
569433;2023-12-21;"quinta-feira";"12:50:00";"PR";116;39;"CAMPINA GRANDE DO SUL";"Reação tardia ou ineficiente do condutor";"Saída de leito carroçável";"Sem Vítimas";"Pleno dia";"Crescente";"Céu Claro";"Dupla";"Curva";"Não";2;0;0;0;1;1;0;2;-25,16908664;-48,86700511;"SPRF-PR";"DEL01-PR";"UOP02-DEL01-PR"
569437;2023-12-21;"quinta-feira";"13:25:00";"MG";116;814,1;"ALEM PARAIBA";"Acessar a via sem observar a presença dos outros veículos";"Tombamento";"Com Vítimas Fatais";"Pleno dia";"Crescente";"Céu Claro";"Simples";"Reta;Declive;Interseção de Vias";"Não";4;1;0;0;1;2;0;3;-21,85629;-42,66083;"SPRF-MG";"DEL07-MG";"UOP01-DEL07-MG"
569439;2023-12-19;"terça-feira";"16:25:00";"PE";232;30;"MORENO";"Acesso irregular";"Colisão lateral mesmo sentido";"Com Vítimas Feridas";"Pleno dia";"Crescente";"Céu Claro";"Dupla";"Reta";"Não";2;0;0;1;0;1;1;2;-8,111269;-35,143135;"SPRF-PE";"DEL01-PE";"UOP01-DEL01-PE"
569442;2023-10-27;"sexta-feira";"04:50:00";"MT";364;261;"JUSCIMEIRA";"Ausência de reação do condutor";"Colisão traseira";"Sem Vítimas";"Amanhecer";"Decrescente";"Céu Claro";"Dupla";"Reta;Declive;Retorno Regulamentado";"Não";4;0;0;0;3;2;0;5;-16,06927828;-54,87434126;"SPRF-MT";"DEL02-MT";"UOP01-DEL02-MT"
569454;2023-12-21;"quinta-feira";"14:25:00";"MG";381;365;"SAO GONCALO DO RIO ABAIXO";"Transitar na contramão";"Colisão lateral sentido oposto";"Com Vítimas Fatais";"Pleno dia";"Decrescente";"Chuva";"Simples";"Curva;Declive";"Não";4;1;1;0;1;1;1;3;-19,854651;-43,261071;"SPRF-MG";"DEL03-MG";"UOP01-DEL03-MG"
569456;2023-12-21;"quinta-feira";"13:30:00";"MG";262;359,9;"BETIM";"Acessar a via sem observar a presença dos outros veículos";"Saída de leito carroçável";"Com Vítimas Feridas";"Pleno dia";"Crescente";"Céu Claro";"Dupla";"Retorno Regulamentado";"Não";2;0;1;0;1;0;1;2;-19,97524279;-44,26056147;"SPRF-MG";"DEL01-MG";"UOP03-DEL01-MG"
569458;2023-12-21;"quinta-feira";"12:38:00";"SP";116;312;"SAO LOURENCO DA SERRA";"Ausência de reação do condutor";"Saída de leito carroçável";"Com Vítimas Feridas";"Pleno dia";"Decrescente";"Chuva";"Dupla";"Reta";"Não";2;0;1;0;0;1;1;2;-23,88342825;-46,97368879;"SPRF-SP";"DEL04-SP";"UOP01-DEL04-SP"
569461;2023-12-21;"quinta-feira";"14:50:00";"ES";262;112,7;"VENDA NOVA DO IMIGRANTE";"Transitar na contramão";"Colisão frontal";"Com Vítimas Feridas";"Pleno dia";"Crescente";"Sol";"Simples";"Reta";"Não";4;0;0;1;2;1;1;4;-20,33756085;-41,19989497;"SPRF-ES";"DEL01-ES";"UOP02-DEL01-ES"
569469;2023-12-21;"quinta-feira";"09:10:00";"SC";282;137,2;"BOM RETIRO";"Velocidade Incompatível";"Tombamento";"Com Vítimas Feridas";"Pleno dia";"Crescente";"Sol";"Simples";"Rotatória";"Não";1;0;1;0;0;0;1;1;-27,82268113;-49,57018375;"SPRF-SC";"DEL05-SC";"UOP01-DEL05-SC"
569476;2023-12-21;"quinta-feira";"09:30:00";"PR";277;454,2;"LARANJEIRAS DO SUL";"Desrespeitar a preferência no cruzamento";"Colisão transversal";"Com Vítimas Feridas";"Pleno dia";"Decrescente";"Céu Claro";"Simples";"Interseção de Vias";"Sim";4;0;2;0;1;1;2;3;-25,38603;-52,41353452;"SPRF-PR";"DEL04-PR";"UOP02-DEL04-PR"
569478;2023-12-21;"quinta-feira";"15:50:00";"MG";40;736,9;"SANTOS DUMONT";"Avarias e/ou desgaste excessivo no pneu";"Colisão transversal";"Com Vítimas Fatais";"Pleno dia";"Decrescente";"Chuva";"Simples";"Curva;Declive";"Não";7;3;1;2;0;1;3;3;-21,37609516;-43,56993701;"SPRF-MG";"DEL05-MG";"UOP01-DEL05-MG"
569479;2023-12-21;"quinta-feira";"13:06:00";"MG";116;310;"ITAMBACURI";"Reação tardia ou ineficiente do condutor";"Tombamento";"Com Vítimas Feridas";"Pleno dia";"Decrescente";"Céu Claro";"Simples";"Reta";"Não";2;0;1;0;0;2;1;3;-18,06936519;-41,67662169;"SPRF-MG";"DEL11-MG";"UOP01-DEL11-MG"
569481;2023-12-21;"quinta-feira";"09:00:00";"MT";70;517;"VARZEA GRANDE";"Desrespeitar a preferência no cruzamento";"Colisão lateral mesmo sentido";"Com Vítimas Feridas";"Pleno dia";"Decrescente";"Garoa/Chuvisco";"Simples";"Interseção de Vias;Rotatória";"Sim";3;0;1;0;1;1;1;3;-15,70138314;-56,15955591;"SPRF-MT";"DEL01-MT";"UOP02-DEL01-MT"
569483;2023-12-21;"quinta-feira";"15:18:00";"RS";290;141,8;"ELDORADO DO SUL";"Transitar na contramão";"Colisão frontal";"Com Vítimas Fatais";"Pleno dia";"Crescente";"Céu Claro";"Simples";"Reta";"Sim";6;1;3;1;1;0;4;4;-30,086048;-51,61882;"SPRF-RS";"DEL02-RS";"UOP01-DEL02-RS"
569484;2023-12-21;"quinta-feira";"15:50:00";"MG";40;568;"NOVA LIMA";"Transitar na contramão";"Colisão lateral sentido oposto";"Com Vítimas Fatais";"Pleno dia";"Decrescente";"Nublado";"Simples";"Reta;Aclive";"Não";6;1;0;1;3;2;1;6;-20,19509609;-43,97360482;"SPRF-MG";"DEL01-MG";"UOP02-DEL01-MG"
569490;2023-12-21;"quinta-feira";"15:15:00";"MG";40;823,4;"SIMAO PEREIRA";"Condutor Dormindo";"Colisão traseira";"Com Vítimas Feridas";"Pleno dia";"Crescente";"Céu Claro";"Dupla";"Curva;Aclive";"Não";3;0;0;1;1;2;1;4;-21,9614888;-43,2986757;"SPRF-MG";"DEL05-MG";"UOP01-DEL05-MG"
569492;2023-12-21;"quinta-feira";"12:00:00";"PI";316;254;"INHUMA";"Condutor deixou de manter distância do veículo da frente";"Colisão traseira";"Com Vítimas Feridas";"Pleno dia";"Crescente";"Nublado";"Simples";"Reta";"Não";6;0;2;2;2;0;4;3;-6,77797702;-41,72768284;"SPRF-PI";"DEL04-PI";"UOP02-DEL04-PI"
569498;2023-12-21;"quinta-feira";"16:30:00";"SC";101;216,3;"PALHOCA";"Demais falhas mecânicas ou elétricas";"Engavetamento";"Com Vítimas Feridas";"Pleno dia";"Crescente";"Céu Claro";"Dupla";"Reta";"Sim";6;0;2;0;3;1;2;5;-27,65981409;-48,67747798;"SPRF-SC";"DEL01-SC";"UOP02-DEL01-SC"
569499;2023-12-21;"quinta-feira";"14:40:00";"TO";153;688,8;"CARIRI DO TOCANTINS";"Condutor deixou de manter distância do veículo da frente";"Colisão traseira";"Com Vítimas Feridas";"Pleno dia";"Crescente";"Chuva";"Simples";"Reta;Declive";"Não";11;0;5;0;5;2;5;5;-11,86294093;-49,15274014;"SPRF-TO";"DEL01-TO";"UOP02-DEL01-TO"
569500;2023-12-21;"quinta-feira";"14:20:00";"MA";222;624;"ACAILANDIA";"Transitar na contramão";"Colisão lateral sentido oposto";"Com Vítimas Feridas";"Pleno dia";"Decrescente";"Céu Claro";"Simples";"Declive";"Não";3;0;0;1;1;3;1;5;-4,77479702;-47,08082459;"SPRF-MA";"DEL04-MA";"UOP03-DEL04-MA"
569503;2023-12-21;"quinta-feira";"12:30:00";"BA";116;696,4;"JEQUIE";"Velocidade Incompatível";"Tombamento";"Com Vítimas Feridas";"Pleno dia";"Crescente";"Nublado";"Simples";"Curva";"Não";1;0;0;1;0;0;1;1;-14,03785522;-40,2041502;"SPRF-BA";"DEL03-BA";"UOP01-DEL03-BA"
569518;2023-12-21;"quinta-feira";"17:30:00";"ES";101;228;"FUNDAO";"Reação tardia ou ineficiente do condutor";"Tombamento";"Com Vítimas Feridas";"Anoitecer";"Crescente";"Chuva";"Simples";"Reta";"Sim";4;0;1;0;2;1;1;3;-19,91868701;-40,40570613;"SPRF-ES";"DEL02-ES";"UOP01-DEL02-ES"
569519;2023-12-21;"quinta-feira";"16:30:00";"MG";251;317;"SALINAS";"Acessar a via sem observar a presença dos outros veículos";"Colisão transversal";"Com Vítimas Feridas";"Pleno dia";"Crescente";"Nublado";"Simples";"Retorno Regulamentado";"Não";7;0;2;0;4;2;2;4;-16,16458988;-42,3148191;"SPRF-MG";"DEL12-MG";"UOP02-DEL12-MG"
569522;2023-12-21;"quinta-feira";"16:30:00";"PE";232;53;"VITORIA DE SANTO ANTAO";"Velocidade Incompatível";"Tombamento";"Com Vítimas Feridas";"Pleno dia";"Decrescente";"Nublado";"Simples";"Curva";"Não";2;0;1;0;0;1;1;2;-8,13014263;-35,3484723;"SPRF-PE";"DEL02-PE";"UOP02-DEL02PE"
569528;2023-12-21;"quinta-feira";"17:30:00";"GO";153;495;"GOIANIA";"Ausência de reação do condutor";"Colisão com objeto";"Com Vítimas Feridas";"Pleno dia";"Crescente";"Céu Claro";"Dupla";"Reta";"Sim";1;0;1;0;0;0;1;1;-16,6681;-49,2263;"SPRF-GO";"DEL01-GO";"UOP01-DEL01-GO"
569530;2023-12-21;"quinta-feira";"17:35:00";"PR";369;379;"MAMBORE";"Ausência de reação do condutor";"Colisão traseira";"Com Vítimas Feridas";"Pleno dia";"Crescente";"Sol";"Simples";"Aclive;Reta";"Não";3;0;1;0;2;0;1;2;-24,2029;-52,5027;"SPRF-PR";"DEL04-PR";"UOP03-DEL04-PR"
569536;2023-12-21;"quinta-feira";"15:30:00";"BA";101;421;"IBIRAPITANGA";"Velocidade Incompatível";"Colisão transversal";"Com Vítimas Feridas";"Pleno dia";"Decrescente";"Chuva";"Simples";"Aclive;Curva";"Não";8;0;0;6;1;1;6;3;-14,13429;-39,358193;"SPRF-BA";"DEL05-BA";"UOP03-DEL05-BA"
569539;2023-12-21;"quinta-feira";"18:20:00";"MG";262;466,9;"BOM DESPACHO";"Velocidade Incompatível";"Saída de leito carroçável";"Com Vítimas Feridas";"Anoitecer";"Decrescente";"Chuva";"Simples";"Curva";"Não";2;0;1;0;1;0;1;1;-19,80696129;-45,12497507;"SPRF-MG";"DEL08-MG";"UOP03-DEL08-MG"
569540;2023-12-21;"quinta-feira";"07:55:00";"BA";101;623;"MASCOTE";"Acumulo de óleo sobre o pavimento";"Colisão lateral sentido oposto";"Com Vítimas Feridas";"Pleno dia";"Crescente";"Chuva";"Simples";"Curva";"Não";3;0;1;0;1;1;1;3;-15,858785;-39,520394;"SPRF-BA";"DEL05-BA";"UOP02-DEL05-BA"
569542;2023-12-21;"quinta-feira";"18:25:00";"SC";101;129;"CAMBORIU";"Velocidade Incompatível";"Colisão frontal";"Com Vítimas Feridas";"Pleno dia";"Crescente";"Céu Claro";"Simples";"Reta";"Sim";2;0;0;1;1;0;1;2;-26,98064277;-48,6790679;"SPRF-SC";"DEL04-SC";"UOP03-DEL04-SC"
569543;2023-12-21;"quinta-feira";"18:00:00";"PR";369;235;"BOM SUCESSO";"Frear bruscamente";"Colisão traseira";"Com Vítimas Feridas";"Plena Noite";"Crescente";"Céu Claro";"Simples";"Reta";"Não";2;0;1;0;1;0;1;2;-23,68728938;-51,69891357;"SPRF-PR";"DEL09-PR";"UOP01-DEL09-PR"
569545;2023-12-21;"quinta-feira";"17:15:00";"PR";376;181,8;"MARINGA";"Manobra de mudança de faixa";"Colisão lateral mesmo sentido";"Com Vítimas Feridas";"Pleno dia";"Crescente";"Céu Claro";"Dupla";"Reta";"Sim";5;0;0;1;2;2;1;5;-23,4311584;-51,88898563;"SPRF-PR";"DEL09-PR";"UOP01-DEL09-PR"
569547;2023-12-21;"quinta-feira";"21:25:00";"ES";101;234;"FUNDAO";"Pista Escorregadia";"Colisão frontal";"Com Vítimas Fatais";"Plena Noite";"Crescente";"Chuva";"Simples";"Curva";"Não";3;1;0;0;1;1;0;3;-19,96973516;-40,40766379;"SPRF-ES";"DEL02-ES";"UOP01-DEL02-ES"
569551;2023-12-21;"quinta-feira";"14:30:00";"BA";101;246;"CONCEICAO DO ALMEIDA";"Reação tardia ou ineficiente do condutor";"Saída de leito carroçável";"Com Vítimas Feridas";"Pleno dia";"Decrescente";"Chuva";"Simples";"Curva";"Não";1;0;1;0;0;0;1;1;-12,86623826;-39,21720028;"SPRF-BA";"DEL01-BA";"UOP02-DEL01-BA"
569553;2023-12-21;"quinta-feira";"13:10:00";"RJ";101;328;"NITEROI";"Demais Fenômenos da natureza";"Tombamento";"Sem Vítimas";"Pleno dia";"Decrescente";"Céu Claro";"Múltipla";"Ponte;Reta";"Não";2;0;0;0;1;1;0;2;-22,87028692;-43,16579699;"SPRF-RJ";"DEL02-RJ";"UOP01-DEL02-RJ"
569557;2023-12-21;"quinta-feira";"19:00:00";"MS";262;250;"RIBAS DO RIO PARDO";"Animais na Pista";"Atropelamento de Animal";"Com Vítimas Fatais";"Plena Noite";"Decrescente";"Céu Claro";"Simples";"Reta";"Não";5;3;0;0;2;0;0;2;-20,41251921;-53,86536712;"SPRF-MS";"DEL01-MS";"UOP01-DEL01-MS"
569561;2023-12-21;"quinta-feira";"16:10:00";"MG";40;235;"SAO GONCALO DO ABAETE";"Reação tardia ou ineficiente do condutor";"Tombamento";"Com Vítimas Feridas";"Pleno dia";"Crescente";"Chuva";"Simples";"Reta;Declive";"Não";3;0;1;0;1;1;1;3;-18,02833377;-45,53404466;"SPRF-MG";"DEL14-MG";"UOP02-DEL14-MG"
569562;2023-12-21;"quinta-feira";"21:20:00";"PR";369;166,3;"CAMBE";"Desrespeitar a preferência no cruzamento";"Colisão transversal";"Sem Vítimas";"Plena Noite";"Crescente";"Céu Claro";"Dupla";"Retorno Regulamentado;Reta";"Não";3;0;0;0;1;3;0;4;-23,295388;-51,308343;"SPRF-PR";"DEL07-PR";"UOP01-DEL07-PR"
569563;2023-12-21;"quinta-feira";"20:10:00";"MS";262;9;"TRES LAGOAS";"Ausência de reação do condutor";"Colisão traseira";"Sem Vítimas";"Plena Noite";"Crescente";"Garoa/Chuvisco";"Simples";"Reta";"Não";3;0;0;0;1;3;0;4;-20,80451613;-51,68678981;"SPRF-MS";"DEL07-MS";"UOP01-DEL07-MS"
569564;2023-12-21;"quinta-feira";"19:43:00";"PE";316;266;"BELEM DE SAO FRANCISCO";"Ingestão de álcool pelo condutor";"Colisão frontal";"Com Vítimas Feridas";"Plena Noite";"Crescente";"Garoa/Chuvisco";"Simples";"Ponte";"Não";2;0;0;1;1;0;1;2;-8,71630699;-38,89423601;"SPRF-PE";"DEL05-PE";"UOP03-DEL05-PE"
569575;2023-12-21;"quinta-feira";"23:30:00";"PR";277;10;"PARANAGUA";"Manobra de mudança de faixa";"Colisão lateral mesmo sentido";"Com Vítimas Feridas";"Plena Noite";"Decrescente";"Céu Claro";"Dupla";"Reta";"Não";3;0;1;0;1;1;1;3;-25,567088;-48,62085;"SPRF-PR";"DEL01-PR";"UOP05-DEL01-PR"
569576;2023-12-21;"quinta-feira";"22:45:00";"GO";153;200;"URUACU";"Conversão proibida";"Colisão transversal";"Sem Vítimas";"Plena Noite";"Crescente";"Chuva";"Simples";"Reta;Interseção de Vias";"Sim";2;0;0;0;1;1;0;2;-14,513057;-49,149277;"SPRF-GO";"DEL07-GO";"UOP02-DEL07-GO"
569577;2023-12-21;"quinta-feira";"16:20:00";"PA";163;557;"TRAIRAO";"Reação tardia ou ineficiente do condutor";"Capotamento";"Com Vítimas Feridas";"Pleno dia";"Crescente";"Chuva";"Simples";"Curva";"Não";3;0;0;1;2;0;1;1;-5,14202558;-56,09856553;"SPRF-PA";"DEL05-PA";"UOP02-DEL05-PA"
569579;2023-12-21;"quinta-feira";"17:17:00";"MS";267;360;"MARACAJU";"Ingestão de álcool e/ou substâncias psicoativas pelo pedestre";"Atropelamento de Pedestre";"Com Vítimas Feridas";"Anoitecer";"Decrescente";"Céu Claro";"Simples";"Reta";"Não";3;0;0;1;2;0;1;2;-21,64617695;-55,10484699;"SPRF-MS";"DEL02-MS";"UOP02-DEL02-MS"
569581;2023-12-21;"quinta-feira";"23:38:00";"RN";101;165;"CANGUARETAMA";"Condutor deixou de manter distância do veículo da frente";"Colisão traseira";"Com Vítimas Feridas";"Plena Noite";"Crescente";"Nublado";"Dupla";"Reta;Ponte";"Não";3;0;0;1;1;3;1;5;-6,40913892;-35,13083887;"SPRF-RN";"DEL01-RN";"UOP01-DEL01-RN"
569582;2023-12-22;"sexta-feira";"00:00:00";"PR";277;65,7;"SAO JOSE DOS PINHAIS";"Reação tardia ou ineficiente do condutor";"Engavetamento";"Com Vítimas Feridas";"Plena Noite";"Crescente";"Nublado";"Dupla";"Reta";"Não";4;0;2;0;1;3;2;6;-25,53045383;-49,08532083;"SPRF-PR";"DEL01-PR";"UOP01-DEL01-PR"
569583;2023-12-22;"sexta-feira";"00:45:00";"ES";101;25;"CONCEICAO DA BARRA";"Acessar a via sem observar a presença dos outros veículos";"Colisão traseira";"Com Vítimas Feridas";"Plena Noite";"Decrescente";"Céu Claro";"Simples";"Reta";"Não";4;0;3;0;1;0;3;2;-18,36739611;-39,95084729;"SPRF-ES";"DEL04-ES";"UOP02-DEL04-ES"
569584;2023-12-22;"sexta-feira";"00:35:00";"SC";101;114,2;"ITAJAI";"Ausência de reação do condutor";"Colisão traseira";"Com Vítimas Feridas";"Plena Noite";"Crescente";"Nublado";"Dupla";"Reta";"Sim";4;0;1;1;1;1;2;4;-26,86192886;-48,7286704;"SPRF-SC";"DEL04-SC";"UOP04-DEL04-SC"
569586;2023-12-22;"sexta-feira";"00:50:00";"SP";116;348;"MIRACATU";"Velocidade Incompatível";"Colisão com objeto";"Com Vítimas Feridas";"Plena Noite";"Crescente";"Nublado";"Dupla";"Curva";"Não";2;0;1;0;0;1;1;2;-24,05242089;-47,20275879;"SPRF-SP";"DEL04-SP";"UOP03-DEL04-SP"
569594;2023-12-22;"sexta-feira";"02:00:00";"MG";381;702,1;"LAVRAS";"Ausência de reação do condutor";"Saída de leito carroçável";"Com Vítimas Feridas";"Plena Noite";"Crescente";"Nublado";"Dupla";"Aclive;Reta";"Não";5;0;1;0;3;1;1;3;-21,32686224;-45,16839467;"SPRF-MG";"DEL04-MG";"UOP02-DEL04-MG"
569596;2023-12-22;"sexta-feira";"01:30:00";"PI";316;287;"DOM EXPEDITO LOPES";"Ultrapassagem Indevida";"Colisão frontal";"Com Vítimas Feridas";"Plena Noite";"Decrescente";"Chuva";"Simples";"Declive";"Não";3;0;1;0;2;0;1;2;-6,97063308;-41,64426908;"SPRF-PI";"DEL04-PI";"UOP01-DEL04-PI"
569599;2023-12-22;"sexta-feira";"03:35:00";"SC";101;352;"JAGUARUNA";"Acessar a via sem observar a presença dos outros veículos";"Colisão traseira";"Com Vítimas Feridas";"Plena Noite";"Decrescente";"Céu Claro";"Dupla";"Reta;Declive";"Não";4;0;2;0;1;2;2;4;-28,61281617;-49,06258643;"SPRF-SC";"DEL02-SC";"UOP01-DEL02-SC"
569600;2023-12-21;"quinta-feira";"19:55:00";"MA";135;145;"MATOES DO NORTE";"Acessar a via sem observar a presença dos outros veículos";"Colisão transversal";"Com Vítimas Feridas";"Plena Noite";"Decrescente";"Céu Claro";"Simples";"Reta";"Não";7;0;1;0;4;2;1;3;-3,71557602;-44,51527912;"SPRF-MA";"DEL01-MA";"UOP02-DEL01-MA"
569606;2023-12-21;"quinta-feira";"23:15:00";"MG";267;249,3;"CARVALHOS";"Velocidade Incompatível";"Tombamento";"Com Vítimas Feridas";"Plena Noite";"Crescente";"Nublado";"Simples";"Curva";"Não";2;0;1;0;0;1;1;2;-21,94474803;-44,47532094;"SPRF-MG";"DEL17-MG";"UOP01-DEL17-MG"
569608;2023-12-22;"sexta-feira";"04:00:00";"RS";386;29,9;"FREDERICO WESTPHALEN";"Transitar na contramão";"Colisão lateral sentido oposto";"Sem Vítimas";"Plena Noite";"Decrescente";"Céu Claro";"Simples";"Curva";"Sim";2;0;0;0;2;0;0;2;-27,318573;-53,375618;"SPRF-RS";"DEL08-RS";"UOP02-DEL08-RS"
569610;2023-12-22;"sexta-feira";"05:25:00";"MT";364;349,5;"SANTO ANTONIO DO LEVERGER";"Reação tardia ou ineficiente do condutor";"Tombamento";"Com Vítimas Fatais";"Amanhecer";"Crescente";"Nublado";"Dupla";"Curva;Declive";"Não";5;3;0;1;0;1;1;2;-15,79423574;-55,58498383;"SPRF-MT";"DEL05-MT";"UOP02-DEL05-MT"
569619;2023-12-21;"quinta-feira";"23:15:00";"MG";251;442;"GRAO MOGOL";"Pedestre cruzava a pista fora da faixa";"Atropelamento de Pedestre";"Com Vítimas Feridas";"Plena Noite";"Crescente";"Chuva";"Simples";"Reta";"Sim";3;0;0;1;1;1;1;3;-16,41288188;-43,24348411;"SPRF-MG";"DEL12-MG";"UOP01-DEL12-MG"
569626;2023-12-22;"sexta-feira";"04:30:00";"MG";381;670,7;"PERDOES";"Ausência de reação do condutor";"Colisão traseira";"Com Vítimas Feridas";"Plena Noite";"Decrescente";"Ignorado";"Dupla";"Aclive;Reta";"Não";3;0;1;0;1;1;1;2;-21,08238495;-45,06246807;"SPRF-MG";"DEL04-MG";"UOP02-DEL04-MG"
569629;2023-12-22;"sexta-feira";"07:47:00";"ES";262;147;"IBATIBA";"Condutor Dormindo";"Colisão lateral sentido oposto";"Com Vítimas Feridas";"Pleno dia";"Crescente";"Céu Claro";"Simples";"Reta";"Não";4;0;1;0;2;1;1;3;-20,22096685;-41,41902406;"SPRF-ES";"DEL01-ES";"UOP02-DEL01-ES"
569636;2023-12-22;"sexta-feira";"07:15:00";"MG";116;592;"SAO JOAO DO MANHUACU";"Ausência de reação do condutor";"Tombamento";"Com Vítimas Feridas";"Pleno dia";"Crescente";"Céu Claro";"Simples";"Curva";"Não";2;0;2;0;0;0;2;1;-20,27018211;-42,14428578;"SPRF-MG";"DEL06-MG";"UOP03-DEL06-MG"
569640;2023-12-22;"sexta-feira";"07:45:00";"SE";235;5,6;"NOSSA SENHORA DO SOCORRO";"Demais falhas mecânicas ou elétricas";"Colisão transversal";"Sem Vítimas";"Pleno dia";"Crescente";"Nublado";"Dupla";"Reta";"Sim";4;0;0;0;4;0;0;2;-10,9041;-37,1278;"SPRF-SE";"DEL01-SE";"UOP01-DEL01-SE"
569643;2023-12-22;"sexta-feira";"08:03:00";"PR";369;19,1;"CAMBARA";"Ingestão de álcool pelo condutor";"Colisão lateral sentido oposto";"Com Vítimas Feridas";"Pleno dia";"Crescente";"Céu Claro";"Simples";"Curva;Declive";"Sim";6;0;0;1;4;3;1;8;-23,03749227;-50,07376443;"SPRF-PR";"DEL07-PR";"UOP05-DEL07-PR"
569644;2023-12-21;"quinta-feira";"01:30:00";"PB";104;150,2;"QUEIMADAS";"Reação tardia ou ineficiente do condutor";"Colisão com objeto";"Sem Vítimas";"Plena Noite";"Decrescente";"Nublado";"Dupla";"Reta";"Não";2;0;0;0;1;1;0;2;-7,45915;-35,919905;"SPRF-PB";"DEL02-PB";"UOP03-DEL02-PB"
569645;2023-12-22;"sexta-feira";"09:00:00";"ES";101;269,3;"SERRA";"Condutor deixou de manter distância do veículo da frente";"Colisão traseira";"Com Vítimas Feridas";"Pleno dia";"Crescente";"Céu Claro";"Dupla";"Reta";"Sim";2;0;1;0;1;0;1;2;-20,21740496;-40,26990578;"SPRF-ES";"DEL02-ES";"UOP01-DEL02-ES"
569646;2023-12-22;"sexta-feira";"08:10:00";"SP";116;512;"CAJATI";"Velocidade Incompatível";"Tombamento";"Com Vítimas Feridas";"Pleno dia";"Decrescente";"Céu Claro";"Simples";"Curva;Declive";"Não";2;0;1;0;0;2;1;3;-24,84304306;-48,22027915;"SPRF-SP";"DEL05-SP";"UOP02-DEL05-SP"
569648;2023-12-22;"sexta-feira";"08:30:00";"RN";101;137,2;"ARES";"Chuva";"Tombamento";"Com Vítimas Feridas";"Pleno dia";"Crescente";"Chuva";"Dupla";"Reta";"Não";1;0;1;0;0;0;1;1;-6,18022401;-35,21699006;"SPRF-RN";"DEL01-RN";"UOP01-DEL01-RN"
569649;2023-11-14;"terça-feira";"19:15:00";"MG";50;166;"UBERABA";"Ausência de reação do condutor";"Colisão traseira";"Com Vítimas Feridas";"Plena Noite";"Crescente";"Céu Claro";"Dupla";"Reta";"Não";4;0;0;2;1;2;2;4;-19,70178201;-47,98627802;"SPRF-MG";"DEL13-MG";"UOP01-DEL13-MG"
569653;2023-12-22;"sexta-feira";"06:40:00";"RS";392;194;"SANTANA DA BOA VISTA";"Reação tardia ou ineficiente do condutor";"Tombamento";"Com Vítimas Feridas";"Amanhecer";"Crescente";"Céu Claro";"Simples";"Curva;Declive";"Não";3;0;1;0;1;4;1;6;-30,91242801;-53,10603527;"SPRF-RS";"DEL09-RS";"UOP02-DEL09-RS"
569655;2023-12-22;"sexta-feira";"07:20:00";"MT";163;816;"SINOP";"Acessar a via sem observar a presença dos outros veículos";"Colisão transversal";"Com Vítimas Feridas";"Pleno dia";"Decrescente";"Céu Claro";"Simples";"Rotatória;Reta;Interseção de Vias";"Sim";5;0;2;1;2;0;3;2;-12,157108;-55,51313;"SPRF-MT";"DEL06-MT";"UOP02-DEL06-MT"
569666;2023-12-22;"sexta-feira";"10:05:00";"MG";40;641,8;"CONSELHEIRO LAFAIETE";"Manobra de mudança de faixa";"Colisão com objeto";"Com Vítimas Feridas";"Pleno dia";"Crescente";"Céu Claro";"Simples";"Reta";"Não";4;0;1;0;2;1;1;3;-20,74938509;-43,80105361;"SPRF-MG";"DEL05-MG";"UOP02-DEL05-MG"
569668;2023-12-22;"sexta-feira";"08:35:00";"MG";116;407;"GOVERNADOR VALADARES";"Condutor Dormindo";"Colisão frontal";"Com Vítimas Fatais";"Pleno dia";"Crescente";"Céu Claro";"Simples";"Curva";"Sim";4;1;0;1;1;2;1;4;-18,835552;-41,98926799;"SPRF-MG";"DEL06-MG";"UOP01-DEL06-MG"