"id";"data_inversa";"dia_semana";"horario";"uf";"br";"km";"municipio";"causa_acidente";"tipo_acidente";"classificacao_acidente";"fase_dia";"sentido_via";"condicao_metereologica";"tipo_pista";"tracado_via";"uso_solo";"pessoas";"mortos";"feridos_leves";"feridos_graves";"ilesos";"ignorados";"feridos";"veiculos";"latitude";"longitude";"regional";"delegacia";"uop"
569678;2023-12-22;"sexta-feira";"11:05:00";"MG";381;803,6;"SAO GONCALO DO SAPUCAI";"Demais falhas mecânicas ou elétricas";"Colisão com objeto";"Com Vítimas Feridas";"Pleno dia";"Crescente";"Céu Claro";"Dupla";"Curva";"Não";2;0;1;0;0;3;1;4;-21,95773333;-45,62398911;"SPRF-MG";"DEL16-MG";"UOP02-DEL16-MG"
569685;2023-12-22;"sexta-feira";"11:02:00";"RS";386;340,9;"LAJEADO";"Reação tardia ou ineficiente do condutor";"Colisão traseira";"Com Vítimas Feridas";"Pleno dia";"Decrescente";"Céu Claro";"Dupla";"Reta;Declive;Desvio Temporário;Em Obras";"Sim";7;0;2;0;4;3;2;9;-29,42565616;-52,01972723;"SPRF-RS";"DEL04-RS";"UOP01-DEL04-RS"
569691;2023-12-22;"sexta-feira";"11:45:00";"PI";343;335;"TERESINA";"Condutor deixou de manter distância do veículo da frente";"Colisão traseira";"Com Vítimas Feridas";"Pleno dia";"Crescente";"Céu Claro";"Dupla";"Reta";"Não";3;0;1;0;2;0;1;2;-5,061626;-42,696655;"SPRF-PI";"DEL01-PI";"UOP01-DEL01-PI"
569694;2023-12-22;"sexta-feira";"08:30:00";"RJ";116;271;"VOLTA REDONDA";"Velocidade Incompatível";"Colisão lateral mesmo sentido";"Com Vítimas Feridas";"Pleno dia";"Decrescente";"Sol";"Dupla";"Reta";"Sim";3;0;1;0;1;1;1;3;-22,560883;-44,12224;"SPRF-RJ";"DEL07-RJ";"UOP02-DEL07-RJ"
569696;2023-12-22;"sexta-feira";"12:10:00";"SC";470;64,4;"INDAIAL";"Ausência de reação do condutor";"Colisão traseira";"Com Vítimas Feridas";"Pleno dia";"Decrescente";"Sol";"Simples";"Reta";"Sim";3;0;1;0;1;1;1;3;-26,8699706;-49,20703411;"SPRF-SC";"DEL04-SC";"UOP01-DEL04-SC"
569700;2023-12-22;"sexta-feira";"13:15:00";"CE";20;378;"CAUCAIA";"Acessar a via sem observar a presença dos outros veículos";"Colisão transversal";"Com Vítimas Feridas";"Pleno dia";"Decrescente";"Céu Claro";"Simples";"Reta";"Não";10;0;9;0;1;0;9;3;-3,93125886;-38,86100221;"SPRF-CE";"DEL01-CE";"UOP01-DEL01-CE"
569705;2023-12-22;"sexta-feira";"13:10:00";"PR";369;156;"LONDRINA";"Velocidade Incompatível";"Engavetamento";"Com Vítimas Feridas";"Pleno dia";"Decrescente";"Céu Claro";"Dupla";"Reta;Declive";"Sim";8;0;1;0;7;0;1;3;-23,29078566;-51,21942043;"SPRF-PR";"DEL07-PR";"UOP01-DEL07-PR"
569708;2023-12-22;"sexta-feira";"12:10:00";"PR";369;62;"BANDEIRANTES";"Reação tardia ou ineficiente do condutor";"Colisão frontal";"Com Vítimas Feridas";"Pleno dia";"Crescente";"Sol";"Simples";"Reta";"Não";3;0;1;0;1;1;1;3;-23,1336883;-50,4225601;"SPRF-PR";"DEL07-PR";"UOP05-DEL07-PR"
569713;2023-12-22;"sexta-feira";"07:30:00";"MA";316;475,7;"CODO";"Reação tardia ou ineficiente do condutor";"Saída de leito carroçável";"Com Vítimas Feridas";"Pleno dia";"Crescente";"Céu Claro";"Simples";"Reta";"Não";2;0;1;1;0;0;2;1;-4,596741;-43,948254;"SPRF-MA";"DEL03-MA";"UOP02-DEL03-MA"
569733;2023-12-22;"sexta-feira";"11:00:00";"BA";110;240;"OLINDINA";"Acesso irregular";"Saída de leito carroçável";"Com Vítimas Feridas";"Pleno dia";"Crescente";"Céu Claro";"Simples";"Reta;Declive";"Não";5;0;0;4;1;0;4;2;-11,348771;-38,342503;"SPRF-BA";"DEL07-BA";"UOP02-DEL07-BA"
569748;2023-12-22;"sexta-feira";"15:40:00";"MG";381;932,5;"EXTREMA";"Velocidade Incompatível";"Colisão com objeto";"Com Vítimas Feridas";"Pleno dia";"Decrescente";"Chuva";"Dupla";"Curva";"Não";2;0;0;1;0;1;1;2;-22,79257893;-46,25068372;"SPRF-MG";"DEL16-MG";"UOP03-DEL16-MG"
569749;2023-12-22;"sexta-feira";"16:50:00";"PR";116;99;"SAO JOSE DOS PINHAIS";"Reação tardia ou ineficiente do condutor";"Colisão traseira";"Com Vítimas Feridas";"Pleno dia";"Crescente";"Céu Claro";"Dupla";"Curva";"Não";5;0;1;0;3;1;1;3;-25,52682231;-49,14038767;"SPRF-PR";"DEL01-PR";"UOP07-DEL01-PR"
569751;2023-12-22;"sexta-feira";"15:40:00";"RS";290;648;"URUGUAIANA";"Transitar na contramão";"Colisão lateral sentido oposto";"Com Vítimas Fatais";"Pleno dia";"Crescente";"Chuva";"Simples";"Reta";"Não";2;1;0;0;1;0;0;2;-30,01618;-56,389301;"SPRF-RS";"DEL13-RS";"UOP02-DEL13-RS"
569753;2023-12-22;"sexta-feira";"16:00:00";"ES";259;26;"COLATINA";"Transitar na contramão";"Colisão frontal";"Com Vítimas Feridas";"Pleno dia";"Crescente";"Céu Claro";"Dupla";"Curva";"Não";4;0;0;2;2;0;2;3;-19,61871078;-40,48626688;"SPRF-ES";"DEL02-ES";"UOP01-DEL02-ES"
569758;2023-11-12;"domingo";"12:30:00";"MT";364;117;"ALTO GARCAS";"Acostamento em desnível";"Saída de leito carroçável";"Com Vítimas Feridas";"Pleno dia";"Decrescente";"Céu Claro";"Simples";"Declive";"Não";1;0;1;0;0;0;1;1;-16,86792697;-53,88105807;"SPRF-MT";"DEL02-MT";"UOP02-DEL02-MT"
569760;2023-12-22;"sexta-feira";"17:20:00";"PR";116;125,8;"FAZENDA RIO GRANDE";"Reação tardia ou ineficiente do condutor";"Colisão transversal";"Com Vítimas Fatais";"Pleno dia";"Decrescente";"Céu Claro";"Múltipla";"Reta;Interseção de Vias";"Sim";6;1;0;0;1;4;0;3;-25,64082997;-49,31291699;"SPRF-PR";"DEL01-PR";"UOP03-DEL01-PR"
569761;2023-12-22;"sexta-feira";"15:30:00";"SP";116;222;"GUARULHOS";"Ausência de reação do condutor";"Colisão traseira";"Sem Vítimas";"Pleno dia";"Decrescente";"Sol";"Múltipla";"Reta";"Não";3;0;0;0;1;2;0;3;-23,47093408;-46,51631097;"SPRF-SP";"DEL01-SP";"UOP01-DEL01-SP"
569767;2023-12-22;"sexta-feira";"17:00:00";"PR";376;273;"MARILANDIA DO SUL";"Manobra de mudança de faixa";"Colisão lateral mesmo sentido";"Com Vítimas Feridas";"Pleno dia";"Crescente";"Céu Claro";"Dupla";"Curva";"Não";4;0;1;1;1;1;2;3;-23,755954;-51,271168;"SPRF-PR";"DEL07-PR";"UOP02-DEL07-PR"
569782;2023-12-22;"sexta-feira";"16:40:00";"RS";386;443;"CANOAS";"Demais falhas mecânicas ou elétricas";"Colisão com objeto";"Sem Vítimas";"Pleno dia";"Crescente";"Nublado";"Simples";"Reta";"Sim";1;0;0;0;1;0;0;1;-29,889194;-51,213398;"SPRF-RS";"DEL01-RS";"UOP01-DEL01-RS"
569791;2023-12-22;"sexta-feira";"19:00:00";"SC";101;156;"ITAPEMA";"Ingestão de álcool pelo condutor";"Colisão lateral mesmo sentido";"Sem Vítimas";"Pleno dia";"Decrescente";"Céu Claro";"Dupla";"Reta";"Não";3;0;0;0;2;2;0;4;-27,172272;-48,61170204;"SPRF-SC";"DEL04-SC";"UOP03-DEL04-SC"
569792;2023-12-22;"sexta-feira";"17:50:00";"RJ";101;80;"CAMPOS DOS GOYTACAZES";"Transitar no Acostamento";"Colisão transversal";"Com Vítimas Feridas";"Pleno dia";"Decrescente";"Céu Claro";"Simples";"Reta";"Não";3;0;0;1;2;0;1;2;-21,83453437;-41,43797909;"SPRF-RJ";"DEL08-RJ";"UOP02-DEL08-RJ"
569794;2023-12-22;"sexta-feira";"17:15:00";"BA";242;716;"CRISTOPOLIS";"Condutor deixou de manter distância do veículo da frente";"Engavetamento";"Com Vítimas Feridas";"Anoitecer";"Crescente";"Chuva";"Simples";"Reta";"Sim";5;0;1;0;4;0;1;3;-12,222425;-44,142898;"SPRF-BA";"DEL10-BA";"UOP02-DEL10-BA"
569805;2023-12-22;"sexta-feira";"19:15:00";"PB";230;43,5;"SANTA RITA";"Pedestre andava na pista";"Atropelamento de Pedestre";"Com Vítimas Fatais";"Plena Noite";"Crescente";"Nublado";"Dupla";"Reta";"Não";2;1;0;0;0;1;0;2;-7,1479;-35,0029;"SPRF-PB";"DEL01-PB";"UOP03-DEL01-PB"
569810;2023-12-22;"sexta-feira";"15:00:00";"RJ";354;10;"RESENDE";"Reação tardia ou ineficiente do condutor";"Colisão lateral sentido oposto";"Com Vítimas Feridas";"Pleno dia";"Decrescente";"Chuva";"Simples";"Aclive;Curva";"Não";4;0;0;1;2;1;1;3;-22,420673;-44,744442;"SPRF-RJ";"DEL07-RJ";"UOP02-DEL07-RJ"
569814;2023-12-22;"sexta-feira";"17:20:00";"RJ";116;272,1;"BARRA MANSA";"Reação tardia ou ineficiente do condutor";"Engavetamento";"Com Vítimas Feridas";"Anoitecer";"Crescente";"Chuva";"Dupla";"Curva";"Sim";7;0;3;0;3;2;3;7;-22,55606865;-44,13021704;"SPRF-RJ";"DEL07-RJ";"UOP02-DEL07-RJ"
569817;2023-12-22;"sexta-feira";"16:15:00";"SC";470;245;"CURITIBANOS";"Ausência de reação do condutor";"Colisão traseira";"Com Vítimas Feridas";"Pleno dia";"Crescente";"Céu Claro";"Simples";"Reta";"Não";4;0;1;0;2;2;1;5;-27,316158;-50,524006;"SPRF-SC";"DEL05-SC";"UOP03-DEL05-SC"
569818;2023-12-22;"sexta-feira";"20:00:00";"PA";316;75;"SAO FRANCISCO DO PARA";"Acessar a via sem observar a presença dos outros veículos";"Saída de leito carroçável";"Com Vítimas Fatais";"Plena Noite";"Crescente";"Chuva";"Simples";"Reta";"Não";2;1;0;0;1;0;0;2;-1,2948;-47,82153;"SPRF-PA";"DEL01-PA";"UOP01-DEL01-PA"
569825;2023-12-22;"sexta-feira";"18:15:00";"RR";174;558;"BOA VISTA";"Demais falhas na via";"Colisão lateral sentido oposto";"Com Vítimas Feridas";"Anoitecer";"Decrescente";"Céu Claro";"Simples";"Reta";"Não";4;0;0;1;2;2;1;4;3,274183;-60,848;"SPRF-RR";"DEL01-RR";"UOP01-DEL01-RR"
569828;2023-12-22;"sexta-feira";"20:00:00";"SP";381;22;"BRAGANCA PAULISTA";"Pista Escorregadia";"Colisão com objeto";"Com Vítimas Feridas";"Plena Noite";"Crescente";"Chuva";"Dupla";"Aclive;Reta";"Sim";2;0;1;0;0;1;1;2;-22,99697186;-46,5163051;"SPRF-SP";"DEL03-SP";"UOP02-DEL03-SP"
569833;2023-12-22;"sexta-feira";"19:50:00";"BA";324;438;"RIACHAO DO JACUIPE";"Reação tardia ou ineficiente do condutor";"Colisão traseira";"Com Vítimas Fatais";"Plena Noite";"Decrescente";"Céu Claro";"Simples";"Reta;Ponte";"Sim";2;1;0;0;0;1;0;2;-11,80850525;-39,38948393;"SPRF-BA";"DEL04-BA";"UOP02-DEL04-BA"
569837;2023-12-22;"sexta-feira";"20:40:00";"BA";324;364;"CAPIM GROSSO";"Demais falhas mecânicas ou elétricas";"Colisão frontal";"Com Vítimas Feridas";"Plena Noite";"Decrescente";"Nublado";"Simples";"Reta";"Não";3;0;1;1;1;0;2;2;-11,40826667;-39,93453026;"SPRF-BA";"DEL04-BA";"UOP02-DEL04-BA"
569852;2023-12-22;"sexta-feira";"21:00:00";"GO";153;508;"APARECIDA DE GOIANIA";"Demais falhas mecânicas ou elétricas";"Tombamento";"Com Vítimas Feridas";"Plena Noite";"Crescente";"Chuva";"Múltipla";"Declive";"Não";2;0;1;0;1;0;1;1;-16,7804;-49,2371;"SPRF-GO";"DEL01-GO";"UOP03-DEL01-GO"
569854;2023-12-22;"sexta-feira";"09:00:00";"SP";116;347;"MIRACATU";"Ingestão de substâncias psicoativas pelo condutor";"Colisão lateral mesmo sentido";"Sem Vítimas";"Pleno dia";"Decrescente";"Céu Claro";"Dupla";"Reta";"Não";3;0;0;0;2;1;0;3;-24,04699491;-47,19706111;"SPRF-SP";"DEL04-SP";"UOP03-DEL04-SP"
569858;2023-12-22;"sexta-feira";"17:20:00";"RJ";116;272,3;"BARRA MANSA";"Condutor deixou de manter distância do veículo da frente";"Engavetamento";"Com Vítimas Feridas";"Pleno dia";"Crescente";"Nublado";"Dupla";"Reta";"Sim";4;0;3;0;1;0;3;3;-22,55606865;-44,13021704;"SPRF-RJ";"DEL07-RJ";"UOP02-DEL07-RJ"
569882;2023-12-22;"sexta-feira";"22:00:00";"MG";116;317,3;"ITAMBACURI";"Ultrapassagem Indevida";"Colisão lateral sentido oposto";"Com Vítimas Feridas";"Plena Noite";"Crescente";"Céu Claro";"Simples";"Reta";"Não";4;0;1;0;3;0;1;2;-18,128808;-41,69483198;"SPRF-MG";"DEL11-MG";"UOP01-DEL11-MG"
569885;2023-12-23;"sábado";"01:40:00";"RS";116;264;"CANOAS";"Condutor Dormindo";"Colisão traseira";"Com Vítimas Feridas";"Plena Noite";"Decrescente";"Céu Claro";"Simples";"Reta";"Sim";7;0;2;0;5;0;2;3;-29,914435;-51,17754495;"SPRF-RS";"DEL01-RS";"UOP01-DEL01-RS"
569889;2023-12-23;"sábado";"02:40:00";"PR";277;671,9;"MEDIANEIRA";"Reação tardia ou ineficiente do condutor";"Colisão traseira";"Com Vítimas Feridas";"Plena Noite";"Crescente";"Céu Claro";"Dupla";"Reta";"Sim";2;0;1;0;1;0;1;2;-25,28490106;-54,08744898;"SPRF-PR";"DEL05-PR";"UOP02-DEL05-PR"
569892;2023-12-23;"sábado";"02:30:00";"PR";277;39;"MORRETES";"Problema com o freio";"Colisão lateral mesmo sentido";"Com Vítimas Feridas";"Plena Noite";"Decrescente";"Céu Claro";"Simples";"Curva";"Não";4;0;1;0;2;3;1;6;-25,571233;-48,817137;"SPRF-PR";"DEL01-PR";"UOP05-DEL01-PR"
569900;2023-12-23;"sábado";"01:30:00";"BA";101;448;"AURELINO LEAL";"Ultrapassagem Indevida";"Saída de leito carroçável";"Com Vítimas Feridas";"Plena Noite";"Decrescente";"Nevoeiro/Neblina";"Simples";"Declive";"Não";6;0;0;1;4;1;1;3;-14,48285692;-39,32926641;"SPRF-BA";"DEL05-BA";"UOP01-DEL05-BA"
569904;2023-12-23;"sábado";"02:45:00";"BA";116;366;"SERRINHA";"Transitar na contramão";"Colisão frontal";"Com Vítimas Feridas";"Plena Noite";"Decrescente";"Nevoeiro/Neblina";"Simples";"Reta";"Não";3;0;0;1;2;0;1;2;-11,72514;-38,98642914;"SPRF-BA";"DEL02-BA";"UOP01-DEL02-BA"
569908;2023-12-23;"sábado";"05:46:00";"SP";116;198;"ARUJA";"Reação tardia ou ineficiente do condutor";"Colisão traseira";"Com Vítimas Feridas";"Amanhecer";"Decrescente";"Nevoeiro/Neblina";"Dupla";"Declive";"Não";4;0;1;0;2;2;1;4;-23,399937;-46,302038;"SPRF-SP";"DEL01-SP";"UOP01-DEL01-SP"
569911;2023-12-23;"sábado";"04:45:00";"MG";381;512;"IGARAPE";"Acessar a via sem observar a presença dos outros veículos";"Colisão lateral mesmo sentido";"Com Vítimas Feridas";"Amanhecer";"Decrescente";"Céu Claro";"Dupla";"Reta";"Sim";4;0;2;0;1;1;2;3;-20,09239724;-44,31458341;"SPRF-MG";"DEL01-MG";"UOP03-DEL01-MG"
569912;2023-12-23;"sábado";"05:07:00";"GO";153;124;"ESTRELA DO NORTE";"Acessar a via sem observar a presença dos outros veículos";"Colisão transversal";"Com Vítimas Feridas";"Amanhecer";"Crescente";"Nublado";"Simples";"Reta";"Não";4;0;2;1;1;0;3;2;-13,857882;-49,04958;"SPRF-GO";"DEL07-GO";"UOP01-DEL07-GO"
569914;2023-12-23;"sábado";"05:50:00";"SC";101;204;"SAO JOSE";"Ultrapassagem Indevida";"Colisão traseira";"Sem Vítimas";"Amanhecer";"Crescente";"Céu Claro";"Dupla";"Reta";"Sim";4;0;0;0;2;2;0;4;-27,57413014;-48,61363083;"SPRF-SC";"DEL01-SC";"UOP01-DEL01-SC"
569917;2023-12-23;"sábado";"04:50:00";"MG";381;526,3;"BRUMADINHO";"Chuva";"Tombamento";"Com Vítimas Feridas";"Amanhecer";"Crescente";"Garoa/Chuvisco";"Dupla";"Curva";"Não";3;0;1;0;2;0;1;2;-20,16175378;-44,34144636;"SPRF-MG";"DEL04-MG";"UOP03-DEL04-MG"
569928;2023-12-21;"quinta-feira";"06:45:00";"SP";116;408;"JUQUIA";"Ausência de reação do condutor";"Atropelamento de Pedestre";"Com Vítimas Fatais";"Amanhecer";"Crescente";"Céu Claro";"Múltipla";"Reta";"Não";2;1;0;0;0;1;0;2;-24,32873462;-47,57541707;"SPRF-SP";"DEL05-SP";"UOP01-DEL05-SP"
569936;2023-12-23;"sábado";"07:21:00";"PI";135;351,3;"BOM JESUS";"Problema com o freio";"Colisão com objeto";"Sem Vítimas";"Pleno dia";"Crescente";"Céu Claro";"Dupla";"Aclive;Reta";"Sim";4;0;0;0;2;2;0;4;-9,07518763;-44,35249329;"SPRF-PI";"DEL03-PI";"UOP02-DEL03-PI"
569938;2023-12-23;"sábado";"05:35:00";"RJ";393;222;"VASSOURAS";"Condutor Dormindo";"Colisão lateral sentido oposto";"Com Vítimas Feridas";"Amanhecer";"Crescente";"Céu Claro";"Simples";"Reta";"Não";6;0;5;0;1;0;5;2;-22,34904382;-43,56799006;"SPRF-RJ";"DEL05-RJ";"UOP03-DEL05-RJ"
569941;2023-12-23;"sábado";"06:10:00";"PE";232;485;"VERDEJANTE";"Transitar na contramão";"Colisão lateral sentido oposto";"Com Vítimas Feridas";"Pleno dia";"Decrescente";"Céu Claro";"Simples";"Reta;Aclive";"Não";3;0;0;1;1;1;1;3;-8,00758456;-38,93223474;"SPRF-PE";"DEL05-PE";"UOP01-DEL05-PE"
569956;2023-08-19;"sábado";"14:45:00";"RS";470;261;"SALVADOR DO SUL";"Reação tardia ou ineficiente do condutor";"Colisão frontal";"Com Vítimas Feridas";"Pleno dia";"Decrescente";"Ignorado";"Simples";"Reta";"Não";2;0;1;0;0;1;1;2;-29,47701709;-51,48758367;"SPRF-RS";"DEL06-RS";"UOP01-DEL06-RS"
569957;2023-12-23;"sábado";"08:15:00";"PR";376;15,8;"MARINGA";"Condutor Dormindo";"Colisão traseira";"Com Vítimas Feridas";"Pleno dia";"Crescente";"Céu Claro";"Dupla";"Aclive;Reta";"Sim";4;0;1;0;1;3;1;5;-23,4188576;-51,8828625;"SPRF-PR";"DEL09-PR";"UOP01-DEL09-PR"
569960;2023-12-23;"sábado";"09:35:00";"SC";116;5,6;"MAFRA";"Acessar a via sem observar a presença dos outros veículos";"Colisão transversal";"Com Vítimas Feridas";"Pleno dia";"Crescente";"Chuva";"Simples";"Interseção de Vias";"Sim";4;0;2;0;1;1;2;3;-26,14094396;-49,81508303;"SPRF-SC";"DEL06-SC";"UOP01-DEL06-SC"
569961;2023-12-23;"sábado";"09:45:00";"DF";20;40;"BRASILIA";"Demais falhas mecânicas ou elétricas";"Tombamento";"Com Vítimas Feridas";"Pleno dia";"Decrescente";"Nublado";"Dupla";"Curva;Ponte;Aclive";"Não";3;0;2;0;0;1;2;2;-15,581853;-47,512711;"SPRF-DF";"DEL02-DF";"UOP01-DEL02-DF"
569965;2023-12-23;"sábado";"07:00:00";"BA";116;579;"NOVA ITARANA";"Demais falhas na via";"Tombamento";"Sem Vítimas";"Pleno dia";"Decrescente";"Céu Claro";"Simples";"Aclive;Curva";"Não";2;0;0;0;1;1;0;2;-13,08036903;-39,96198779;"SPRF-BA";"DEL03-BA";"UOP02-DEL03-BA"
569997;2023-12-23;"sábado";"11:05:00";"PR";476;161,1;"ARAUCARIA";"Demais falhas mecânicas ou elétricas";"Engavetamento";"Com Vítimas Feridas";"Pleno dia";"Crescente";"Chuva";"Simples";"Reta;Aclive";"Não";7;0;1;0;6;0;1;3;-25,622871;-49,447582;"SPRF-PR";"DEL01-PR";"UOP06-DEL01-PR"
570005;2023-12-23;"sábado";"11:45:00";"SC";470;70,3;"INDAIAL";"Conversão proibida";"Colisão frontal";"Com Vítimas Feridas";"Pleno dia";"Crescente";"Céu Claro";"Simples";"Em Obras;Reta;Interseção de Vias";"Sim";5;0;2;1;1;1;3;4;-26,89138449;-49,25713962;"SPRF-SC";"DEL04-SC";"UOP01-DEL04-SC"
570019;2023-12-23;"sábado";"12:50:00";"SC";101;99,7;"BALNEARIO PICARRAS";"Transitar no Acostamento";"Colisão lateral mesmo sentido";"Sem Vítimas";"Pleno dia";"Crescente";"Céu Claro";"Dupla";"Reta";"Não";3;0;0;0;2;2;0;4;-26,7471002;-48,69654831;"SPRF-SC";"DEL03-SC";"UOP02-DEL03-SC"
570026;2023-12-23;"sábado";"10:00:00";"PR";153;500,7;"GENERAL CARNEIRO";"Velocidade Incompatível";"Colisão lateral sentido oposto";"Com Vítimas Feridas";"Pleno dia";"Crescente";"Chuva";"Simples";"Curva";"Não";11;0;3;0;7;2;3;8;-26,494292;-51,34702;"SPRF-PR";"DEL02-PR";"UOP03-DEL02-PR"
570027;2023-12-23;"sábado";"14:00:00";"SP";116;281;"ITAPECERICA DA SERRA";"Trafegar com motocicleta (ou similar) entre as faixas";"Colisão lateral mesmo sentido";"Com Vítimas Feridas";"Pleno dia";"Crescente";"Céu Claro";"Dupla";"Reta";"Sim";2;0;1;0;1;0;1;2;-23,67784787;-46,85769227;"SPRF-SP";"DEL04-SP";"UOP01-DEL04-SP"
570032;2023-12-06;"quarta-feira";"14:00:00";"BA";407;28;"JUAZEIRO";"Ausência de reação do condutor";"Atropelamento de Pedestre";"Com Vítimas Fatais";"Pleno dia";"Crescente";"Céu Claro";"Simples";"Reta;Em Obras";"Não";3;1;1;0;0;1;1;3;-9,633835;-40,401323;"SPRF-BA";"DEL04-BA";"UOP01-DEL04-BA"
570033;2023-12-23;"sábado";"09:30:00";"BA";116;496;"SANTA TERESINHA";"Ultrapassagem Indevida";"Colisão frontal";"Com Vítimas Feridas";"Pleno dia";"Crescente";"Sol";"Simples";"Reta";"Não";3;0;0;1;1;1;1;3;-12,59322;-39,52939;"SPRF-BA";"DEL02-BA";"UOP01-DEL02-BA"
570036;2023-12-23;"sábado";"13:41:00";"RO";364;46;"VILHENA";"Condutor deixou de manter distância do veículo da frente";"Colisão traseira";"Com Vítimas Feridas";"Pleno dia";"Decrescente";"Chuva";"Simples";"Reta;Aclive";"Não";4;0;3;0;0;1;3;2;-12,58433298;-60,34423392;"SPRF-RO";"DEL04-RO";"UOP01-DEL04-RO"
570040;2023-12-23;"sábado";"09:50:00";"MG";40;205;"JOAO PINHEIRO";"Reação tardia ou ineficiente do condutor";"Colisão frontal";"Com Vítimas Feridas";"Pleno dia";"Crescente";"Chuva";"Simples";"Reta";"Não";5;0;0;3;1;1;3;3;-17,99237393;-45,77319798;"SPRF-MG";"DEL14-MG";"UOP02-DEL14-MG"
570042;2023-12-23;"sábado";"14:10:00";"MG";365;118,3;"JEQUITAI";"Velocidade Incompatível";"Colisão com objeto";"Com Vítimas Fatais";"Pleno dia";"Crescente";"Chuva";"Simples";"Curva";"Não";5;2;1;2;0;0;3;2;-17,18163106;-44,669981;"SPRF-MG";"DEL12-MG";"UOP01-DEL12-MG"
570046;2023-12-23;"sábado";"12:20:00";"SC";280;153;"MAFRA";"Reação tardia ou ineficiente do condutor";"Colisão frontal";"Com Vítimas Feridas";"Pleno dia";"Crescente";"Chuva";"Simples";"Reta";"Não";5;0;2;1;1;2;3;4;-26,22099817;-49,71288041;"SPRF-SC";"DEL06-SC";"UOP03-DEL06-SC"
570052;2023-12-23;"sábado";"14:30:00";"PR";376;324,9;"ORTIGUEIRA";"Pista Escorregadia";"Colisão transversal";"Com Vítimas Fatais";"Pleno dia";"Crescente";"Chuva";"Simples";"Curva";"Não";7;1;1;2;2;1;3;3;-24,053259;-51,066071;"SPRF-PR";"DEL07-PR";"UOP02-DEL07-PR"
570059;2023-12-23;"sábado";"13:55:00";"MT";70;293;"POXOREO";"Condutor deixou de manter distância do veículo da frente";"Colisão transversal";"Com Vítimas Feridas";"Pleno dia";"Crescente";"Nublado";"Simples";"Reta";"Não";5;0;1;0;1;3;1;4;-15,57937887;-54,41239401;"SPRF-MT";"DEL05-MT";"UOP01-DEL05-MT"
570061;2023-12-23;"sábado";"11:15:00";"PR";476;253;"ANTONIO OLINTO";"Condutor Dormindo";"Saída de leito carroçável";"Com Vítimas Feridas";"Pleno dia";"Decrescente";"Céu Claro";"Simples";"Curva;Declive";"Não";1;0;0;1;0;0;1;1;-25,885603;-50,182251;"SPRF-PR";"DEL02-PR";"UOP03-DEL02-PR"
570064;2023-12-23;"sábado";"15:40:00";"MG";40;513,8;"RIBEIRAO DAS NEVES";"Ausência de reação do condutor";"Saída de leito carroçável";"Com Vítimas Feridas";"Pleno dia";"Crescente";"Nublado";"Dupla";"Reta";"Não";6;0;1;1;4;0;2;3;-19,7970544;-44,1080512;"SPRF-MG";"DEL01-MG";"UOP02-DEL01-MG"
570068;2023-12-23;"sábado";"15:40:00";"SP";116;358;"MIRACATU";"Velocidade Incompatível";"Colisão com objeto";"Com Vítimas Feridas";"Pleno dia";"Crescente";"Chuva";"Dupla";"Declive";"Não";3;0;1;0;1;3;1;4;-24,105307;-47,262953;"SPRF-SP";"DEL04-SP";"UOP03-DEL04-SP"
570071;2023-12-23;"sábado";"14:30:00";"MG";365;635,1;"UBERLANDIA";"Ausência de reação do condutor";"Colisão traseira";"Com Vítimas Feridas";"Pleno dia";"Crescente";"Chuva";"Dupla";"Reta;Retorno Regulamentado";"Não";7;0;1;0;3;3;1;4;-18,89262095;-48,41859299;"SPRF-MG";"DEL15-MG";"UOP01-DEL15-MG"
570074;2023-12-23;"sábado";"13:20:00";"MS";163;148,3;"NAVIRAI";"Ultrapassagem Indevida";"Colisão lateral mesmo sentido";"Com Vítimas Feridas";"Pleno dia";"Decrescente";"Céu Claro";"Simples";"Reta";"Não";5;0;1;0;1;3;1;4;-22,97569122;-54,41510119;"SPRF-MS";"DEL09-MS";"UOP01-DEL09-MS"
570080;2023-12-23;"sábado";"15:25:00";"MG";251;334;"FRUTA DE LEITE";"Reação tardia ou ineficiente do condutor";"Colisão frontal";"Com Vítimas Fatais";"Pleno dia";"Crescente";"Chuva";"Simples";"Curva;Declive";"Não";7;4;0;1;1;1;1;3;-16,25584596;-42,43923797;"SPRF-MG";"DEL12-MG";"UOP02-DEL12-MG"
570089;2023-12-23;"sábado";"15:15:00";"PR";369;156,1;"LONDRINA";"Reação tardia ou ineficiente do condutor";"Colisão traseira";"Com Vítimas Feridas";"Pleno dia";"Decrescente";"Céu Claro";"Dupla";"Reta";"Não";3;0;1;0;2;0;1;2;-23,29060828;-51,21959209;"SPRF-PR";"DEL07-PR";"UOP01-DEL07-PR"
570090;2023-12-23;"sábado";"17:00:00";"MG";40;462,4;"SETE LAGOAS";"Pista Escorregadia";"Saída de leito carroçável";"Com Vítimas Feridas";"Pleno dia";"Crescente";"Chuva";"Dupla";"Reta;Declive";"Não";3;0;3;0;0;0;3;1;-19,4136917;-44,33879427;"SPRF-MG";"DEL02-MG";"UOP01-DEL02-MG"
570094;2023-12-23;"sábado";"06:50:00";"PR";476;178,7;"CONTENDA";"Velocidade Incompatível";"Tombamento";"Com Vítimas Fatais";"Pleno dia";"Crescente";"Céu Claro";"Simples";"Curva";"Não";3;1;0;0;1;1;0;3;-25,699764;-49,572849;"SPRF-PR";"DEL01-PR";"UOP06-DEL01-PR"
570095;2023-12-23;"sábado";"13:10:00";"PA";10;166;"PARAGOMINAS";"Demais falhas mecânicas ou elétricas";"Incêndio";"Sem Vítimas";"Pleno dia";"Decrescente";"Céu Claro";"Simples";"Reta";"Sim";2;0;0;0;1;1;0;2;-2,98299179;-47,45475084;"SPRF-PA";"DEL02-PA";"UOP01-DEL02-PA"