"id";"data_inversa";"dia_semana";"horario";"uf";"br";"km";"municipio";"causa_acidente";"tipo_acidente";"classificacao_acidente";"fase_dia";"sentido_via";"condicao_metereologica";"tipo_pista";"tracado_via";"uso_solo";"pessoas";"mortos";"feridos_leves";"feridos_graves";"ilesos";"ignorados";"feridos";"veiculos";"latitude";"longitude";"regional";"delegacia";"uop"
570115;2023-12-23;"sábado";"19:20:00";"PR";277;36,2;"MORRETES";"Velocidade Incompatível";"Colisão com objeto";"Com Vítimas Fatais";"Plena Noite";"Decrescente";"Céu Claro";"Dupla";"Curva;Declive";"Não";7;1;3;1;0;3;4;5;-25,57103;-48,836958;"SPRF-PR";"DEL01-PR";"UOP05-DEL01-PR"
570121;2023-12-23;"sábado";"16:00:00";"BA";242;257;"BOA VISTA DO TUPIM";"Velocidade Incompatível";"Saída de leito carroçável";"Com Vítimas Feridas";"Pleno dia";"Crescente";"Céu Claro";"Simples";"Curva;Declive";"Não";2;0;0;1;0;2;1;3;-12,48248103;-40,52734434;"SPRF-BA";"DEL06-BA";"UOP02-DEL06-BA"
570130;2023-12-23;"sábado";"18:30:00";"RS";386;305,7;"POUSO NOVO";"Condutor deixou de manter distância do veículo da frente";"Colisão traseira";"Com Vítimas Feridas";"Pleno dia";"Crescente";"Céu Claro";"Simples";"Reta;Declive";"Não";7;0;1;0;5;1;1;3;-29,186541;-52,18951;"SPRF-RS";"DEL04-RS";"UOP01-DEL04-RS"
570133;2023-12-23;"sábado";"15:40:00";"MA";10;201;"RIBAMAR FIQUENE";"Entrada inopinada do pedestre";"Atropelamento de Pedestre";"Com Vítimas Fatais";"Pleno dia";"Decrescente";"Céu Claro";"Simples";"Aclive;Reta";"Não";3;1;0;0;0;2;0;3;-5,95653;-47,383659;"SPRF-MA";"DEL04-MA";"UOP01-DEL04-MA"
570137;2023-12-23;"sábado";"20:10:00";"SC";101;219;"PALHOCA";"Ausência de reação do condutor";"Colisão com objeto";"Com Vítimas Feridas";"Plena Noite";"Crescente";"Céu Claro";"Dupla";"Reta";"Sim";4;0;0;1;1;5;1;7;-27,68392194;-48,66710085;"SPRF-SC";"DEL01-SC";"UOP02-DEL01-SC"
570144;2023-12-23;"sábado";"20:10:00";"ES";101;55;"SAO MATEUS";"Ausência de reação do condutor";"Colisão frontal";"Com Vítimas Fatais";"Plena Noite";"Crescente";"Nublado";"Simples";"Reta";"Não";6;3;0;1;1;1;1;3;-18,62936998;-39,87925794;"SPRF-ES";"DEL04-ES";"UOP02-DEL04-ES"
570145;2023-12-23;"sábado";"18:10:00";"GO";153;362;"JARAGUA";"Acessar a via sem observar a presença dos outros veículos";"Colisão transversal";"Com Vítimas Feridas";"Anoitecer";"Crescente";"Chuva";"Simples";"Reta";"Não";3;0;1;0;1;2;1;4;-15,766983;-49,309837;"SPRF-GO";"DEL02-GO";"UOP02-DEL02-GO"
570147;2023-12-23;"sábado";"21:00:00";"PR";277;117,5;"CAMPO LARGO";"Pedestre cruzava a pista fora da faixa";"Atropelamento de Pedestre";"Com Vítimas Fatais";"Plena Noite";"Decrescente";"Céu Claro";"Dupla";"Reta";"Sim";3;1;0;0;1;1;0;3;-25,43518465;-49,52775121;"SPRF-PR";"DEL03-PR";"UOP03-DEL03-PR"
570151;2023-12-23;"sábado";"21:20:00";"PI";316;19,2;"TERESINA";"Pedestre andava na pista";"Atropelamento de Pedestre";"Com Vítimas Fatais";"Plena Noite";"Crescente";"Céu Claro";"Dupla";"Reta";"Não";2;1;0;0;0;1;0;2;-5,25133097;-42,73007082;"SPRF-PI";"DEL01-PI";"UOP02-DEL01-PI"
570153;2023-12-23;"sábado";"20:40:00";"CE";20;26,9;"PARAMBU";"Transitar na contramão";"Colisão frontal";"Com Vítimas Fatais";"Plena Noite";"Crescente";"Céu Claro";"Simples";"Reta";"Não";3;1;0;0;1;1;0;3;-6,35191695;-40,64074605;"SPRF-CE";"DEL02-CE";"UOP02-DEL02-CE"
570154;2023-12-23;"sábado";"19:45:00";"MS";163;492;"CAMPO GRANDE";"Acessar a via sem observar a presença dos outros veículos";"Colisão transversal";"Com Vítimas Feridas";"Plena Noite";"Crescente";"Nublado";"Dupla";"Reta";"Sim";3;0;1;0;1;3;1;5;-20,36949987;-54,5320492;"SPRF-MS";"DEL01-MS";"UOP02-DEL01-MS"
570162;2023-12-23;"sábado";"18:10:00";"MS";262;15;"TRES LAGOAS";"Condutor deixou de manter distância do veículo da frente";"Colisão lateral mesmo sentido";"Sem Vítimas";"Plena Noite";"Decrescente";"Chuva";"Simples";"Reta";"Não";3;0;0;0;3;0;0;2;-20,813249;-51,736546;"SPRF-MS";"DEL07-MS";"UOP01-DEL07-MS"
570177;2023-12-23;"sábado";"21:40:00";"GO";153;356;"JARAGUA";"Acessar a via sem observar a presença dos outros veículos";"Colisão transversal";"Com Vítimas Feridas";"Plena Noite";"Decrescente";"Chuva";"Dupla";"Interseção de Vias";"Sim";4;0;2;0;1;1;2;3;-15,716531;-49,329445;"SPRF-GO";"DEL02-GO";"UOP02-DEL02-GO"
570184;2023-12-23;"sábado";"22:30:00";"GO";364;355;"MINEIROS";"Ausência de reação do condutor";"Tombamento";"Com Vítimas Feridas";"Plena Noite";"Decrescente";"Nublado";"Simples";"Curva";"Não";2;0;0;1;0;1;1;2;-17,378584;-52,949085;"SPRF-GO";"DEL05-GO";"UOP01-DEL05-GO"
570190;2023-12-23;"sábado";"23:00:00";"MG";262;558;"CORREGO DANTA";"Transitar na contramão";"Colisão lateral sentido oposto";"Com Vítimas Feridas";"Plena Noite";"Decrescente";"Nublado";"Simples";"Curva";"Não";2;0;0;1;0;1;1;2;-19,72243801;-45,93499096;"SPRF-MG";"DEL08-MG";"UOP02-DEL08-MG"
570201;2023-12-24;"domingo";"00:40:00";"TO";226;26;"PALMEIRAS DO TOCANTINS";"Ingestão de álcool pelo condutor";"Colisão lateral sentido oposto";"Com Vítimas Feridas";"Plena Noite";"Crescente";"Céu Claro";"Simples";"Reta";"Não";2;0;0;1;1;0;1;2;-6,641345;-47,667072;"SPRF-TO";"DEL02-TO";"UOP03-DEL02-TO"
570207;2023-12-23;"sábado";"20:00:00";"PI";230;194;"OEIRAS";"Transitar na contramão";"Colisão frontal";"Com Vítimas Feridas";"Plena Noite";"Crescente";"Céu Claro";"Simples";"Reta";"Sim";2;0;0;1;1;0;1;2;-6,99465451;-42,10490528;"SPRF-PI";"DEL04-PI";"UOP01-DEL04-PI"
570213;2023-12-23;"sábado";"22:30:00";"SC";101;278,6;"IMBITUBA";"Ausência de reação do condutor";"Colisão traseira";"Com Vítimas Fatais";"Plena Noite";"Crescente";"Céu Claro";"Múltipla";"Reta;Viaduto";"Não";3;1;0;0;1;1;0;3;-28,18132798;-48,69586408;"SPRF-SC";"DEL02-SC";"UOP03-DEL02-SC"
570232;2023-12-24;"domingo";"02:35:00";"PA";316;128,5;"NOVA TIMBOTEUA";"Transitar na contramão";"Colisão frontal";"Com Vítimas Fatais";"Plena Noite";"Crescente";"Céu Claro";"Simples";"Reta";"Não";9;2;1;3;2;1;4;3;-1,294187;-47,36789;"SPRF-PA";"DEL01-PA";"UOP03-DEL01-PA"
570234;2023-12-24;"domingo";"01:30:00";"PR";153;364;"RIO AZUL";"Transitar na contramão";"Colisão lateral mesmo sentido";"Com Vítimas Feridas";"Plena Noite";"Crescente";"Céu Claro";"Simples";"Reta";"Sim";5;0;1;0;3;1;1;3;-25,70060732;-50,77890365;"SPRF-PR";"DEL08-PR";"UOP02-DEL08-PR"
570240;2023-12-24;"domingo";"06:01:00";"SE";101;63;"ROSARIO DO CATETE";"Transitar na contramão";"Colisão lateral sentido oposto";"Sem Vítimas";"Pleno dia";"Decrescente";"Céu Claro";"Simples";"Reta";"Não";3;0;0;0;1;2;0;3;-10,6919344;-37,04082067;"SPRF-SE";"DEL02-SE";"UOP02-DEL02-SE"
570241;2023-12-24;"domingo";"05:00:00";"BA";116;565;"NOVA ITARANA";"Ultrapassagem Indevida";"Colisão lateral sentido oposto";"Com Vítimas Feridas";"Pleno dia";"Crescente";"Céu Claro";"Simples";"Aclive;Reta";"Não";6;0;3;1;1;2;4;4;-12,97080612;-39,93364785;"SPRF-BA";"DEL03-BA";"UOP02-DEL03-BA"
570247;2023-12-24;"domingo";"00:30:00";"BA";407;119;"SENHOR DO BONFIM";"Transitar na contramão";"Colisão frontal";"Sem Vítimas";"Plena Noite";"Crescente";"Céu Claro";"Simples";"Reta";"Não";2;0;0;0;2;0;0;2;-10,39518217;-40,17775944;"SPRF-BA";"DEL04-BA";"UOP01-DEL04-BA"
570254;2023-12-23;"sábado";"23:30:00";"PR";163;248;"TOLEDO";"Conversão proibida";"Colisão transversal";"Sem Vítimas";"Plena Noite";"Decrescente";"Nublado";"Dupla";"Reta";"Não";2;0;0;0;1;1;0;2;-24,69016297;-53,76311213;"SPRF-PR";"DEL06-PR";"UOP02-DEL06-PR"
570258;2023-12-24;"domingo";"02:00:00";"MG";365;74,6;"JEQUITAI";"Condutor Dormindo";"Saída de leito carroçável";"Com Vítimas Feridas";"Plena Noite";"Decrescente";"Chuva";"Simples";"Reta";"Não";1;0;1;0;0;0;1;1;-17,11607791;-44,35073032;"SPRF-MG";"DEL12-MG";"UOP01-DEL12-MG"
570263;2023-12-23;"sábado";"18:20:00";"MS";487;86;"ITAQUIRAI";"Reação tardia ou ineficiente do condutor";"Saída de leito carroçável";"Com Vítimas Feridas";"Anoitecer";"Crescente";"Céu Claro";"Simples";"Reta";"Não";2;0;1;0;0;1;1;2;-23,24309552;-54,18500105;"SPRF-MS";"DEL09-MS";"UOP01-DEL09-MS"
570290;2023-12-24;"domingo";"05:00:00";"MA";316;107;"SANTA LUZIA DO PARUA";"Condutor Dormindo";"Saída de leito carroçável";"Com Vítimas Feridas";"Amanhecer";"Decrescente";"Céu Claro";"Simples";"Reta";"Sim";6;0;2;1;0;3;3;5;-2,477804;-45,793121;"SPRF-MA";"DEL02-MA";"UOP02-DEL02-MA"
570291;2023-12-24;"domingo";"06:30:00";"MG";40;459,4;"CAETANOPOLIS";"Carga excessiva e/ou mal acondicionada";"Tombamento";"Sem Vítimas";"Amanhecer";"Crescente";"Céu Claro";"Dupla";"Curva;Declive";"Não";1;0;0;0;1;0;0;1;-19,39230586;-44,33522415;"SPRF-MG";"DEL02-MG";"UOP01-DEL02-MG"
570312;2023-12-24;"domingo";"06:30:00";"BA";116;304;"ARACI";"Velocidade Incompatível";"Colisão frontal";"Com Vítimas Fatais";"Amanhecer";"Decrescente";"Céu Claro";"Simples";"Reta";"Não";7;2;0;0;4;1;0;4;-11,20681695;-38,87740007;"SPRF-BA";"DEL02-BA";"UOP01-DEL02-BA"
570327;2023-12-24;"domingo";"12:30:00";"PR";163;239;"TOLEDO";"Manobra de mudança de faixa";"Colisão com objeto";"Com Vítimas Feridas";"Pleno dia";"Decrescente";"Céu Claro";"Dupla";"Ponte;Declive;Curva";"Não";3;0;1;0;1;1;1;2;-24,73116265;-53,70078564;"SPRF-PR";"DEL04-PR";"UOP01-DEL04-PR"
570332;2023-12-24;"domingo";"14:10:00";"PE";101;77,8;"RECIFE";"Velocidade Incompatível";"Colisão com objeto";"Com Vítimas Feridas";"Pleno dia";"Decrescente";"Céu Claro";"Dupla";"Curva;Declive";"Sim";1;0;0;1;0;0;1;1;-8,133843;-34,947042;"SPRF-PE";"DEL01-PE";"UOP01-DEL01-PE"
570356;2023-12-24;"domingo";"16:15:00";"GO";60;91,9;"ANAPOLIS";"Ingestão de álcool pelo condutor";"Saída de leito carroçável";"Com Vítimas Feridas";"Pleno dia";"Decrescente";"Céu Claro";"Dupla";"Reta";"Sim";1;0;1;0;0;0;1;1;-16,350063;-48,911181;"SPRF-GO";"DEL02-GO";"UOP01-DEL02-GO"
570364;2023-12-24;"domingo";"15:50:00";"MG";153;217;"FRUTAL";"Demais falhas mecânicas ou elétricas";"Saída de leito carroçável";"Com Vítimas Feridas";"Pleno dia";"Crescente";"Céu Claro";"Simples";"Reta";"Não";2;0;0;1;0;2;1;3;-20,12781203;-49,10700696;"SPRF-MG";"DEL13-MG";"UOP02-DEL13-MG"
570395;2023-12-24;"domingo";"21:00:00";"PA";163;308;"NOVO PROGRESSO";"Transitar na contramão";"Colisão frontal";"Com Vítimas Feridas";"Plena Noite";"Crescente";"Nublado";"Simples";"Reta;Declive";"Não";6;0;0;2;3;1;2;2;-7,07445201;-55,40737611;"SPRF-PA";"DEL05-PA";"UOP02-DEL05-PA"
570400;2023-12-24;"domingo";"22:30:00";"PI";316;404;"MARCOLANDIA";"Acessar a via sem observar a presença dos outros veículos";"Colisão frontal";"Com Vítimas Fatais";"Plena Noite";"Decrescente";"Céu Claro";"Simples";"Reta";"Não";2;1;0;0;1;0;0;2;-7,37493007;-40,75381412;"SPRF-PI";"DEL04-PI";"UOP03-DEL04-PI"
570403;2023-12-24;"domingo";"23:30:00";"MG";40;462;"SETE LAGOAS";"Carga excessiva e/ou mal acondicionada";"Tombamento";"Com Vítimas Feridas";"Plena Noite";"Crescente";"Garoa/Chuvisco";"Dupla";"Curva;Aclive";"Não";2;0;1;0;1;0;1;1;-19,4136917;-44,33879427;"SPRF-MG";"DEL02-MG";"UOP01-DEL02-MG"
570415;2023-12-24;"domingo";"22:30:00";"SC";282;444,3;"PONTE SERRADA";"Acessar a via sem observar a presença dos outros veículos";"Colisão transversal";"Com Vítimas Feridas";"Plena Noite";"Decrescente";"Céu Claro";"Simples";"Reta";"Não";4;0;1;2;0;2;3;4;-26,915865;-51,901859;"SPRF-SC";"DEL07-SC";"UOP04-DEL07-SC"
570427;2023-12-25;"segunda-feira";"02:34:00";"CE";222;69,4;"SAO GONCALO DO AMARANTE";"Ausência de sinalização";"Colisão lateral mesmo sentido";"Sem Vítimas";"Plena Noite";"Decrescente";"Céu Claro";"Simples";"Reta";"Não";4;0;0;0;4;0;0;2;-3,6706;-39,169586;"SPRF-CE";"DEL01-CE";"UOP03-DEL01-CE"
570435;2023-12-25;"segunda-feira";"07:00:00";"AL";101;180;"TEOTONIO VILELA";"Velocidade Incompatível";"Tombamento";"Sem Vítimas";"Pleno dia";"Crescente";"Céu Claro";"Dupla";"Aclive;Curva";"Não";2;0;0;0;0;2;0;2;-9,89373101;-36,40518514;"SPRF-AL";"DEL02-AL";"UOP02-DEL02-AL"
570449;2023-12-25;"segunda-feira";"08:00:00";"ES";101;108,5;"SOORETAMA";"Condutor Dormindo";"Saída de leito carroçável";"Com Vítimas Feridas";"Pleno dia";"Decrescente";"Sol";"Simples";"Reta";"Não";2;0;1;0;0;2;1;3;-19,04580488;-40,02680125;"SPRF-ES";"DEL04-ES";"UOP01-DEL04-ES"
570462;2023-12-25;"segunda-feira";"09:13:00";"GO";153;245;"SAO LUIZ DO NORTE";"Suicídio (presumido)";"Colisão frontal";"Com Vítimas Fatais";"Pleno dia";"Crescente";"Céu Claro";"Simples";"Aclive";"Não";3;1;0;0;1;2;0;4;-14,877201;-49,33485;"SPRF-GO";"DEL07-GO";"UOP02-DEL07-GO"
570463;2023-12-09;"sábado";"10:50:00";"MG";381;358;"JOAO MONLEVADE";"Acessar a via sem observar a presença dos outros veículos";"Tombamento";"Com Vítimas Fatais";"Pleno dia";"Decrescente";"Céu Claro";"Simples";"Interseção de Vias";"Sim";2;1;0;0;1;0;0;2;-19,85592801;-43,21689055;"SPRF-MG";"DEL03-MG";"UOP01-DEL03-MG"
570490;2023-12-25;"segunda-feira";"14:00:00";"MG";262;406,5;"PARA DE MINAS";"Demais falhas mecânicas ou elétricas";"Colisão traseira";"Com Vítimas Feridas";"Pleno dia";"Decrescente";"Céu Claro";"Dupla";"Reta";"Não";4;0;2;1;1;0;3;2;-19,88649;-44,599007;"SPRF-MG";"DEL01-MG";"UOP03-DEL01-MG"
570499;2023-12-25;"segunda-feira";"10:20:00";"BA";116;159;"CANUDOS";"Reação tardia ou ineficiente do condutor";"Tombamento";"Com Vítimas Feridas";"Pleno dia";"Crescente";"Céu Claro";"Simples";"Reta";"Não";1;0;1;0;0;0;1;1;-10,00386502;-39,16097933;"SPRF-BA";"DEL07-BA";"UOP02-DEL07-BA"
570500;2023-12-25;"segunda-feira";"13:47:00";"MT";70;1,7;"BARRA DO GARCAS";"Ausência de reação do condutor";"Colisão traseira";"Com Vítimas Feridas";"Pleno dia";"Crescente";"Chuva";"Simples";"Reta";"Sim";3;0;1;0;2;0;1;2;-15,88749699;-52,26810568;"SPRF-MT";"DEL07-MT";"UOP01-DEL07-MT"
570501;2023-12-22;"sexta-feira";"05:00:00";"SC";101;378;"ICARA";"Condutor Dormindo";"Colisão traseira";"Sem Vítimas";"Amanhecer";"Crescente";"Céu Claro";"Múltipla";"Reta";"Não";3;0;0;0;3;0;0;3;-28,741853;-49,251657;"SPRF-SC";"DEL02-SC";"UOP02-DEL02-SC"
570505;2023-12-25;"segunda-feira";"15:50:00";"ES";101;269;"SERRA";"Condutor desrespeitou a iluminação vermelha do semáforo";"Colisão transversal";"Com Vítimas Feridas";"Pleno dia";"Decrescente";"Céu Claro";"Dupla";"Interseção de Vias";"Sim";3;0;1;0;2;0;1;2;-20,21740496;-40,26990578;"SPRF-ES";"DEL02-ES";"UOP01-DEL02-ES"
570556;2023-12-25;"segunda-feira";"16:30:00";"MT";364;621;"DIAMANTINO";"Transitar na contramão";"Colisão frontal";"Com Vítimas Fatais";"Pleno dia";"Crescente";"Céu Claro";"Simples";"Reta";"Não";3;1;0;0;1;1;0;3;-14,38890596;-56,35636598;"SPRF-MT";"DEL01-MT";"UOP01-DEL01-MT"
570562;2023-12-25;"segunda-feira";"17:50:00";"PR";376;326,6;"ORTIGUEIRA";"Reação tardia ou ineficiente do condutor";"Saída de leito carroçável";"Com Vítimas Feridas";"Pleno dia";"Crescente";"Chuva";"Simples";"Curva";"Não";2;0;1;0;0;1;1;2;-24,06654779;-51,06434584;"SPRF-PR";"DEL07-PR";"UOP02-DEL07-PR"
570598;2023-12-25;"segunda-feira";"22:10:00";"PE";232;412;"SERRA TALHADA";"Animais na Pista";"Atropelamento de Animal";"Sem Vítimas";"Plena Noite";"Decrescente";"Céu Claro";"Simples";"Ponte;Reta";"Não";2;0;0;0;2;0;0;1;-7,98377927;-38,3208774;"SPRF-PE";"DEL04-PE";"UOP01-DEL04-PE"
570599;2023-12-25;"segunda-feira";"19:20:00";"PE";232;227,3;"PESQUEIRA";"Transitar na contramão";"Colisão frontal";"Com Vítimas Fatais";"Plena Noite";"Crescente";"Céu Claro";"Simples";"Reta";"Não";3;1;0;1;0;1;1;3;-8,40012724;-36,84674304;"SPRF-PE";"DEL03-PE";"UOP02-DEL03-PE"
570602;2023-12-25;"segunda-feira";"22:45:00";"MG";381;485;"BETIM";"Demais falhas mecânicas ou elétricas";"Colisão lateral mesmo sentido";"Com Vítimas Feridas";"Pleno dia";"Decrescente";"Chuva";"Dupla";"Viaduto";"Sim";3;0;1;0;1;3;1;5;-19,95659361;-44,12622893;"SPRF-MG";"DEL01-MG";"UOP03-DEL01-MG"
570603;2023-12-25;"segunda-feira";"21:17:00";"PE";423;58,2;"LAJEDO";"Animais na Pista";"Engavetamento";"Com Vítimas Feridas";"Plena Noite";"Decrescente";"Céu Claro";"Simples";"Reta";"Não";11;0;2;2;7;0;4;3;-8,6395899;-36,31006213;"SPRF-PE";"DEL03-PE";"UOP01-DEL03-PE"
570612;2023-12-25;"segunda-feira";"23:25:00";"GO";153;638,5;"MORRINHOS";"Condutor Dormindo";"Colisão traseira";"Com Vítimas Feridas";"Plena Noite";"Decrescente";"Céu Claro";"Dupla";"Reta";"Não";3;0;0;1;1;2;1;4;-17,8627;-49,2241;"SPRF-GO";"DEL03-GO";"UOP01-DEL03-GO"
570620;2023-12-26;"terça-feira";"00:50:00";"BA";101;914;"NOVA VICOSA";"Carga excessiva e/ou mal acondicionada";"Colisão com objeto";"Com Vítimas Feridas";"Plena Noite";"Decrescente";"Céu Claro";"Simples";"Reta";"Não";2;0;1;0;0;1;1;2;-17,839654;-39,798806;"SPRF-BA";"DEL09-BA";"UOP02-DEL09-BA"
570623;2023-12-26;"terça-feira";"03:00:00";"PE";104;119;"PANELAS";"Demais falhas mecânicas ou elétricas";"Capotamento";"Com Vítimas Feridas";"Plena Noite";"Crescente";"Céu Claro";"Simples";"Curva";"Não";2;0;1;0;0;1;1;2;-8,69214;-36,023621;"SPRF-PE";"DEL02-PE";"UOP03-DEL02-PE"
570634;2023-12-26;"terça-feira";"05:30:00";"MT";364;369,4;"SANTO ANTONIO DO LEVERGER";"Condutor Dormindo";"Saída de leito carroçável";"Com Vítimas Feridas";"Amanhecer";"Crescente";"Garoa/Chuvisco";"Dupla";"Reta";"Não";2;0;1;0;0;2;1;3;-15,72654502;-55,67097603;"SPRF-MT";"DEL01-MT";"UOP02-DEL01-MT"
570635;2023-12-26;"terça-feira";"05:20:00";"AL";101;51,8;"FLEXEIRAS";"Problema com o freio";"Incêndio";"Sem Vítimas";"Amanhecer";"Decrescente";"Sol";"Dupla";"Reta";"Não";3;0;0;0;2;1;0;2;-9,24903762;-35,75756203;"SPRF-AL";"DEL01-AL";"UOP02-DEL01-AL"
570638;2023-12-26;"terça-feira";"07:10:00";"CE";116;4;"FORTALEZA";"Trafegar com motocicleta (ou similar) entre as faixas";"Colisão lateral mesmo sentido";"Com Vítimas Feridas";"Pleno dia";"Decrescente";"Garoa/Chuvisco";"Múltipla";"Reta";"Sim";4;0;0;1;2;1;1;4;-3,7867209;-38,5114568;"SPRF-CE";"DEL01-CE";"UOP02-DEL01-CE"
570650;2023-12-26;"terça-feira";"08:30:00";"SC";101;210,4;"PALHOCA";"Condutor deixou de manter distância do veículo da frente";"Colisão transversal";"Com Vítimas Feridas";"Pleno dia";"Decrescente";"Céu Claro";"Dupla";"Interseção de Vias";"Não";3;0;0;1;1;1;1;3;-27,6167305;-48,6457265;"SPRF-SC";"DEL01-SC";"UOP01-DEL01-SC"
570655;2023-12-26;"terça-feira";"08:50:00";"PB";230;173,3;"CAMPINA GRANDE";"Reação tardia ou ineficiente do condutor";"Colisão traseira";"Com Vítimas Feridas";"Pleno dia";"Decrescente";"Nublado";"Simples";"Aclive";"Não";3;0;1;0;2;0;1;2;-7,1796;-36,0075;"SPRF-PB";"DEL02-PB";"UOP02-DEL02-PB"
570659;2023-12-26;"terça-feira";"09:40:00";"RJ";116;176;"SAO JOAO DE MERITI";"Reação tardia ou ineficiente do condutor";"Engavetamento";"Sem Vítimas";"Pleno dia";"Decrescente";"Céu Claro";"Múltipla";"Reta";"Sim";6;0;0;0;6;0;0;6;-22,7839538;-43,38195488;"SPRF-RJ";"DEL06-RJ";"UOP01-DEL06-RJ"
570664;2023-12-26;"terça-feira";"07:40:00";"RJ";116;172,8;"SAO JOAO DE MERITI";"Condutor Dormindo";"Colisão traseira";"Com Vítimas Feridas";"Pleno dia";"Crescente";"Sol";"Múltipla";"Reta";"Sim";2;0;1;0;1;0;1;2;-22,80188151;-43,35043673;"SPRF-RJ";"DEL06-RJ";"UOP01-DEL06-RJ"
570679;2023-12-25;"segunda-feira";"21:35:00";"MA";222;452,9;"SANTA LUZIA";"Transitar na contramão";"Colisão frontal";"Sem Vítimas";"Plena Noite";"Crescente";"Céu Claro";"Simples";"Aclive";"Não";3;0;0;0;3;0;0;2;-4,130523;-45,98962;"SPRF-MA";"DEL02-MA";"UOP01-DEL02-MA"
570681;2023-12-26;"terça-feira";"11:15:00";"PI";316;5,5;"TERESINA";"Pedestre andava na pista";"Atropelamento de Pedestre";"Com Vítimas Fatais";"Pleno dia";"Crescente";"Sol";"Múltipla";"Reta";"Sim";2;1;0;0;1;0;0;2;-5,14169858;-42,78157276;"SPRF-PI";"DEL01-PI";"UOP02-DEL01-PI"
570696;2023-12-26;"terça-feira";"12:20:00";"RJ";493;97;"SEROPEDICA";"Demais falhas mecânicas ou elétricas";"Incêndio";"Sem Vítimas";"Pleno dia";"Crescente";"Céu Claro";"Simples";"Curva";"Não";1;0;0;0;1;0;0;1;-22,71729016;-43,70670319;"SPRF-RJ";"DEL01-RJ";"UOP03-DEL01-RJ"
570699;2023-12-26;"terça-feira";"13:50:00";"SC";116;211,1;"PONTE ALTA";"Demais falhas mecânicas ou elétricas";"Tombamento";"Sem Vítimas";"Pleno dia";"Crescente";"Céu Claro";"Simples";"Curva;Declive";"Não";4;0;0;0;3;2;0;5;-27,51040007;-50,36397936;"SPRF-SC";"DEL05-SC";"UOP03-DEL05-SC"
570700;2023-12-26;"terça-feira";"10:30:00";"RS";470;175,2;"VERANOPOLIS";"Condutor deixou de manter distância do veículo da frente";"Colisão lateral mesmo sentido";"Com Vítimas Feridas";"Pleno dia";"Decrescente";"Céu Claro";"Simples";"Interseção de Vias";"Sim";2;0;1;0;1;0;1;2;-28,92546924;-51,54003561;"SPRF-RS";"DEL06-RS";"UOP02-DEL06-RS"
570701;2023-12-26;"terça-feira";"13:40:00";"PE";232;6;"RECIFE";"Condutor deixou de manter distância do veículo da frente";"Colisão traseira";"Com Vítimas Feridas";"Pleno dia";"Crescente";"Céu Claro";"Múltipla";"Reta";"Sim";4;0;1;0;2;1;1;3;-8,07079525;-34,9535389;"SPRF-PE";"DEL01-PE";"UOP01-DEL01-PE"
570702;2023-12-26;"terça-feira";"12:40:00";"SC";280;183,3;"MAFRA";"Velocidade Incompatível";"Engavetamento";"Com Vítimas Feridas";"Pleno dia";"Decrescente";"Céu Claro";"Simples";"Reta";"Não";13;0;4;0;8;2;4;7;-26,17524536;-49,91598805;"SPRF-SC";"DEL06-SC";"UOP01-DEL06-SC"
570703;2023-12-26;"terça-feira";"13:00:00";"PI";316;5;"TERESINA";"Ausência de reação do condutor";"Colisão traseira";"Com Vítimas Feridas";"Pleno dia";"Crescente";"Céu Claro";"Múltipla";"Reta";"Sim";2;0;1;0;1;0;1;2;-5,14216258;-42,78116941;"SPRF-PI";"DEL01-PI";"UOP02-DEL01-PI"
570714;2023-12-26;"terça-feira";"09:30:00";"SP";116;360;"MIRACATU";"Demais falhas mecânicas ou elétricas";"Engavetamento";"Sem Vítimas";"Pleno dia";"Crescente";"Nublado";"Dupla";"Curva;Declive;Ponte";"Não";6;0;0;0;5;2;0;7;-24,11295381;-47,26874113;"SPRF-SP";"DEL04-SP";"UOP03-DEL04-SP"
570717;2023-12-26;"terça-feira";"12:30:00";"MG";381;782;"CAMPANHA";"Demais falhas mecânicas ou elétricas";"Incêndio";"Sem Vítimas";"Pleno dia";"Crescente";"Nublado";"Dupla";"Reta";"Não";2;0;0;0;1;1;0;2;-21,85981403;-45,52590597;"SPRF-MG";"DEL16-MG";"UOP02-DEL16-MG"
570718;2023-12-26;"terça-feira";"14:50:00";"SP";116;69,2;"APARECIDA";"Pista Escorregadia";"Engavetamento";"Com Vítimas Feridas";"Pleno dia";"Decrescente";"Chuva";"Dupla";"Curva;Declive";"Sim";12;0;2;0;9;1;2;4;-22,84017188;-45,22364349;"SPRF-SP";"DEL08-SP";"UOP01-DEL08-SP"
570722;2023-12-26;"terça-feira";"07:10:00";"MG";381;384;"SAO GONCALO DO RIO ABAIXO";"Curva acentuada";"Colisão lateral sentido oposto";"Com Vítimas Feridas";"Amanhecer";"Crescente";"Céu Claro";"Simples";"Curva";"Não";5;0;0;2;2;4;2;7;-19,80485239;-43,40309858;"SPRF-MG";"DEL01-MG";"UOP01-DEL01-MG"
570730;2023-12-26;"terça-feira";"13:20:00";"MT";70;524;"VARZEA GRANDE";"Acessar a via sem observar a presença dos outros veículos";"Queda de ocupante de veículo";"Com Vítimas Feridas";"Pleno dia";"Crescente";"Céu Claro";"Simples";"Rotatória";"Não";3;0;0;1;1;2;1;4;-15,65002342;-56,19521856;"SPRF-MT";"DEL01-MT";"UOP02-DEL01-MT"