"id";"data_inversa";"dia_semana";"horario";"uf";"br";"km";"municipio";"causa_acidente";"tipo_acidente";"classificacao_acidente";"fase_dia";"sentido_via";"condicao_metereologica";"tipo_pista";"tracado_via";"uso_solo";"pessoas";"mortos";"feridos_leves";"feridos_graves";"ilesos";"ignorados";"feridos";"veiculos";"latitude";"longitude";"regional";"delegacia";"uop"
570734;2023-12-26;"terça-feira";"11:52:00";"RS";285;146;"MUITOS CAPOES";"Reação tardia ou ineficiente do condutor";"Colisão lateral sentido oposto";"Com Vítimas Feridas";"Pleno dia";"Crescente";"Céu Claro";"Simples";"Curva";"Não";4;0;2;0;1;1;2;3;-28,357988;-51,106682;"SPRF-RS";"DEL05-RS";"UOP03-DEL05-RS"
570737;2023-12-26;"terça-feira";"14:55:00";"SC";280;139;"RIO NEGRINHO";"Transitar na contramão";"Colisão lateral sentido oposto";"Com Vítimas Feridas";"Pleno dia";"Decrescente";"Céu Claro";"Simples";"Declive";"Sim";5;0;1;0;3;2;1;4;-26,254826;-49,603124;"SPRF-SC";"DEL06-SC";"UOP03-DEL06-SC"
570747;2023-12-02;"sábado";"19:45:00";"MG";381;157,9;"GOVERNADOR VALADARES";"Condutor Dormindo";"Colisão frontal";"Com Vítimas Feridas";"Plena Noite";"Crescente";"Céu Claro";"Simples";"Reta";"Não";2;0;0;1;1;0;1;2;-18,91099925;-42,00762101;"SPRF-MG";"DEL06-MG";"UOP01-DEL06-MG"
570751;2023-12-26;"terça-feira";"17:10:00";"RS";472;144;"TRES DE MAIO";"Ultrapassagem Indevida";"Colisão frontal";"Com Vítimas Fatais";"Pleno dia";"Decrescente";"Sol";"Simples";"Reta;Aclive";"Não";5;1;1;0;1;5;1;8;-27,769993;-54,351942;"SPRF-RS";"DEL10-RS";"UOP01-DEL10-RS"
570763;2023-12-26;"terça-feira";"12:05:00";"SC";282;633,7;"DESCANSO";"Demais falhas mecânicas ou elétricas";"Tombamento";"Com Vítimas Feridas";"Pleno dia";"Decrescente";"Céu Claro";"Simples";"Curva;Declive";"Não";2;0;1;0;0;3;1;4;-26,824224;-53,412407;"SPRF-SC";"DEL07-SC";"UOP03-DEL07-SC"
570778;2023-12-26;"terça-feira";"19:35:00";"RS";386;246,4;"SOLEDADE";"Condutor usando celular";"Colisão lateral sentido oposto";"Com Vítimas Feridas";"Anoitecer";"Crescente";"Céu Claro";"Simples";"Reta";"Sim";6;0;3;1;2;0;4;3;-28,808382;-52,502323;"SPRF-RS";"DEL04-RS";"UOP03-DEL04-RS"
570782;2023-12-26;"terça-feira";"14:00:00";"RJ";356;42;"ITAPERUNA";"Ausência de reação do condutor";"Colisão frontal";"Com Vítimas Feridas";"Pleno dia";"Decrescente";"Céu Claro";"Simples";"Declive;Curva";"Não";6;0;1;0;4;1;1;3;-21,21810073;-41,82855606;"SPRF-RJ";"DEL08-RJ";"UOP03-DEL08-RJ"
570787;2023-12-26;"terça-feira";"20:01:00";"MG";381;449;"SANTA LUZIA";"Demais Fenômenos da natureza";"Colisão com objeto";"Com Vítimas Feridas";"Plena Noite";"Decrescente";"Nublado";"Simples";"Reta";"Não";1;0;1;0;0;0;1;1;-19,824646;-43,823241;"SPRF-MG";"DEL01-MG";"UOP01-DEL01-MG"
570795;2023-12-26;"terça-feira";"20:50:00";"SP";116;363;"MIRACATU";"Ausência de reação do condutor";"Incêndio";"Sem Vítimas";"Plena Noite";"Crescente";"Céu Claro";"Dupla";"Reta";"Não";2;0;0;0;1;1;0;2;-24,13038097;-47,27114281;"SPRF-SP";"DEL04-SP";"UOP02-DEL04-SP"
570796;2023-12-26;"terça-feira";"20:30:00";"TO";153;429;"MIRACEMA DO TOCANTINS";"Transitar na contramão";"Colisão lateral sentido oposto";"Com Vítimas Fatais";"Plena Noite";"Crescente";"Céu Claro";"Simples";"Reta";"Não";3;1;0;0;1;1;0;3;-9,667952;-48,647656;"SPRF-TO";"DEL01-TO";"UOP01-DEL01-TO"
570800;2023-12-26;"terça-feira";"22:30:00";"SE";101;47;"JAPARATUBA";"Ausência de reação do condutor";"Colisão traseira";"Com Vítimas Feridas";"Plena Noite";"Crescente";"Céu Claro";"Dupla";"Aclive";"Não";2;0;1;0;1;0;1;2;-10,57953635;-36,96510841;"SPRF-SE";"DEL02-SE";"UOP02-DEL02-SE"
570801;2023-12-26;"terça-feira";"21:40:00";"MG";251;316,7;"SALINAS";"Ausência de reação do condutor";"Saída de leito carroçável";"Com Vítimas Feridas";"Plena Noite";"Crescente";"Céu Claro";"Simples";"Reta;Declive";"Não";2;0;0;1;0;1;1;2;-16,14457873;-42,30690765;"SPRF-MG";"DEL12-MG";"UOP02-DEL12-MG"
570805;2023-12-14;"quinta-feira";"23:30:00";"RO";364;702;"PORTO VELHO";"Demais falhas mecânicas ou elétricas";"Incêndio";"Sem Vítimas";"Plena Noite";"Crescente";"Nublado";"Dupla";"Reta";"Não";2;0;0;0;1;2;0;3;-8,80041704;-63,79112905;"SPRF-RO";"DEL01-RO";"UOP01-DEL01-RO"
570808;2023-12-26;"terça-feira";"15:05:00";"MG";251;235,4;"SANTA CRUZ DE SALINAS";"Transitar na contramão";"Colisão lateral sentido oposto";"Com Vítimas Feridas";"Pleno dia";"Crescente";"Céu Claro";"Simples";"Curva";"Não";4;0;1;0;1;5;1;7;-15,97420205;-41,72311306;"SPRF-MG";"DEL12-MG";"UOP02-DEL12-MG"
570814;2023-12-27;"quarta-feira";"00:35:00";"SC";101;207,3;"SAO JOSE";"Ausência de reação do condutor";"Colisão traseira";"Com Vítimas Feridas";"Plena Noite";"Crescente";"Céu Claro";"Múltipla";"Aclive;Reta";"Sim";8;0;5;0;2;2;5;5;-27,60001226;-48,6226467;"SPRF-SC";"DEL01-SC";"UOP01-DEL01-SC"
570819;2023-12-27;"quarta-feira";"04:30:00";"MG";381;796;"SAO GONCALO DO SAPUCAI";"Condutor Dormindo";"Colisão com objeto";"Com Vítimas Feridas";"Amanhecer";"Crescente";"Nublado";"Dupla";"Reta";"Não";2;0;1;0;0;1;1;2;-21,94639129;-45,62086966;"SPRF-MG";"DEL16-MG";"UOP02-DEL16-MG"
570823;2023-12-27;"quarta-feira";"04:40:00";"SC";101;58;"ARAQUARI";"Reação tardia ou ineficiente do condutor";"Colisão traseira";"Com Vítimas Fatais";"Amanhecer";"Decrescente";"Céu Claro";"Múltipla";"Reta";"Não";3;1;0;0;2;0;0;3;-26,4403415;-48,8009844;"SPRF-SC";"DEL03-SC";"UOP02-DEL03-SC"
570825;2023-12-26;"terça-feira";"18:40:00";"RJ";101;33;"CAMPOS DOS GOYTACAZES";"Acessar a via sem observar a presença dos outros veículos";"Colisão transversal";"Com Vítimas Feridas";"Plena Noite";"Decrescente";"Chuva";"Simples";"Retorno Regulamentado";"Sim";3;0;1;0;1;1;1;3;-21,4909496;-41,34182093;"SPRF-RJ";"DEL08-RJ";"UOP01-DEL08-RJ"
570826;2023-12-26;"terça-feira";"22:00:00";"MG";381;544,3;"ITATIAIUCU";"Demais falhas mecânicas ou elétricas";"Incêndio";"Sem Vítimas";"Plena Noite";"Crescente";"Céu Claro";"Dupla";"Aclive;Curva";"Não";1;0;0;0;1;0;0;1;-20,28193579;-44,42882633;"SPRF-MG";"DEL04-MG";"UOP03-DEL04-MG"
570829;2023-10-19;"quinta-feira";"20:08:00";"PB";230;27,8;"JOAO PESSOA";"Ausência de reação do condutor";"Engavetamento";"Com Vítimas Feridas";"Plena Noite";"Crescente";"Céu Claro";"Dupla";"Viaduto";"Sim";6;0;1;0;5;0;1;5;-7,1677;-34,8855;"SPRF-PB";"DEL01-PB";"UOP01-DEL01-PB"
570831;2023-12-26;"terça-feira";"21:30:00";"MG";381;448;"SABARA";"Manobra de mudança de faixa";"Tombamento";"Com Vítimas Feridas";"Plena Noite";"Decrescente";"Céu Claro";"Simples";"Curva";"Não";2;0;0;1;1;0;1;2;-19,83435173;-43,85962899;"SPRF-MG";"DEL01-MG";"UOP01-DEL01-MG"
570837;2023-12-27;"quarta-feira";"05:30:00";"PE";316;108;"OURICURI";"Transitar na contramão";"Colisão frontal";"Com Vítimas Feridas";"Amanhecer";"Crescente";"Céu Claro";"Simples";"Reta";"Não";3;0;2;0;0;2;2;4;-7,96586164;-39,88066827;"SPRF-PE";"DEL05-PE";"UOP02-DEL05-PE"
570840;2023-12-27;"quarta-feira";"05:55:00";"PR";376;502;"PONTA GROSSA";"Mal súbito do condutor";"Colisão lateral mesmo sentido";"Com Vítimas Feridas";"Amanhecer";"Crescente";"Céu Claro";"Dupla";"Aclive;Reta";"Não";4;0;1;0;2;6;1;9;-25,21604594;-50,05797693;"SPRF-PR";"DEL03-PR";"UOP04-DEL03-PR"
570845;2023-12-27;"quarta-feira";"07:05:00";"SP";116;18,8;"LAVRINHAS";"Velocidade Incompatível";"Atropelamento de Pedestre";"Com Vítimas Feridas";"Pleno dia";"Crescente";"Chuva";"Dupla";"Curva";"Não";2;0;0;1;1;0;1;2;-22,5584158;-44,85667011;"SPRF-SP";"DEL08-SP";"UOP02-DEL08-SP"
570846;2023-12-27;"quarta-feira";"07:14:00";"SP";116;18,8;"LAVRINHAS";"Velocidade Incompatível";"Colisão com objeto";"Com Vítimas Feridas";"Pleno dia";"Crescente";"Chuva";"Dupla";"Curva";"Não";5;0;0;2;2;2;2;5;-22,55671443;-44,85237122;"SPRF-SP";"DEL08-SP";"UOP02-DEL08-SP"
570857;2023-12-27;"quarta-feira";"08:45:00";"CE";116;27;"AQUIRAZ";"Ausência de reação do condutor";"Colisão lateral mesmo sentido";"Sem Vítimas";"Pleno dia";"Decrescente";"Sol";"Dupla";"Reta";"Sim";2;0;0;0;2;0;0;2;-3,98418708;-38,5151357;"SPRF-CE";"DEL01-CE";"UOP02-DEL01-CE"
570858;2023-12-27;"quarta-feira";"10:00:00";"MG";50;32;"ARAGUARI";"Ausência de reação do condutor";"Colisão traseira";"Com Vítimas Feridas";"Pleno dia";"Decrescente";"Sol";"Dupla";"Reta";"Não";4;0;1;1;1;1;2;3;-18,63251728;-48,11918755;"SPRF-MG";"DEL15-MG";"UOP02-DEL15-MG"
570862;2023-12-27;"quarta-feira";"10:00:00";"SP";116;514,3;"CAJATI";"Reação tardia ou ineficiente do condutor";"Tombamento";"Com Vítimas Feridas";"Pleno dia";"Decrescente";"Céu Claro";"Dupla";"Curva";"Não";2;0;0;1;0;1;1;2;-24,85874304;-48,21731282;"SPRF-SP";"DEL05-SP";"UOP02-DEL05-SP"
570864;2023-12-27;"quarta-feira";"10:30:00";"PB";230;148;"CAMPINA GRANDE";"Manobra de mudança de faixa";"Colisão lateral mesmo sentido";"Com Vítimas Feridas";"Pleno dia";"Crescente";"Sol";"Dupla";"Reta;Aclive";"Sim";2;0;1;0;1;0;1;2;-7,237331;-35,868099;"SPRF-PB";"DEL02-PB";"UOP01-DEL02-PB"
570872;2023-12-27;"quarta-feira";"11:30:00";"PR";116;104;"SAO JOSE DOS PINHAIS";"Ausência de reação do condutor";"Colisão lateral mesmo sentido";"Com Vítimas Feridas";"Pleno dia";"Decrescente";"Céu Claro";"Múltipla";"Reta";"Não";3;0;1;0;1;1;1;3;-25,56472785;-49,15859603;"SPRF-PR";"DEL01-PR";"UOP07-DEL01-PR"
570873;2023-12-27;"quarta-feira";"10:45:00";"ES";101;272;"SERRA";"Manobra de mudança de faixa";"Colisão traseira";"Sem Vítimas";"Pleno dia";"Crescente";"Chuva";"Dupla";"Reta";"Não";3;0;0;0;3;0;0;3;-20,22724888;-40,28426988;"SPRF-ES";"DEL02-ES";"UOP01-DEL02-ES"
570874;2023-12-27;"quarta-feira";"11:05:00";"MG";50;124;"UBERABA";"Manobra de mudança de faixa";"Colisão lateral mesmo sentido";"Com Vítimas Feridas";"Pleno dia";"Crescente";"Céu Claro";"Dupla";"Reta";"Não";4;0;1;0;2;1;1;3;-19,34165402;-48,09547304;"SPRF-MG";"DEL13-MG";"UOP01-DEL13-MG"
570885;2023-12-27;"quarta-feira";"12:00:00";"MG";381;362;"SAO GONCALO DO RIO ABAIXO";"Velocidade Incompatível";"Capotamento";"Com Vítimas Feridas";"Pleno dia";"Crescente";"Céu Claro";"Simples";"Curva";"Não";1;0;1;0;0;0;1;1;-19,85643939;-43,24280693;"SPRF-MG";"DEL03-MG";"UOP01-DEL03-MG"
570894;2023-12-08;"sexta-feira";"06:05:00";"PR";476;143,5;"CURITIBA";"Velocidade Incompatível";"Tombamento";"Com Vítimas Feridas";"Pleno dia";"Crescente";"Céu Claro";"Dupla";"Curva;Declive";"Sim";2;0;1;0;0;1;1;2;-25,543802;-49,305328;"SPRF-PR";"DEL01-PR";"UOP06-DEL01-PR"
570897;2023-11-21;"terça-feira";"13:15:00";"PR";376;510,1;"PONTA GROSSA";"Ausência de reação do condutor";"Saída de leito carroçável";"Com Vítimas Feridas";"Pleno dia";"Crescente";"Sol";"Dupla";"Aclive;Reta";"Não";3;0;0;1;1;1;1;3;-25,21870759;-50;"SPRF-PR";"DEL03-PR";"UOP04-DEL03-PR"
570899;2023-12-27;"quarta-feira";"11:00:00";"MT";364;388,9;"SANTO ANTONIO DO LEVERGER";"Reação tardia ou ineficiente do condutor";"Colisão transversal";"Com Vítimas Feridas";"Pleno dia";"Crescente";"Céu Claro";"Dupla";"Reta";"Não";5;0;1;0;3;1;1;3;-15,70108362;-55,8826983;"SPRF-MT";"DEL01-MT";"UOP02-DEL01-MT"
570900;2023-12-27;"quarta-feira";"10:50:00";"RJ";116;279;"BARRA MANSA";"Manobra de mudança de faixa";"Colisão lateral mesmo sentido";"Com Vítimas Feridas";"Pleno dia";"Crescente";"Nublado";"Simples";"Curva;Declive";"Não";4;0;1;0;2;1;1;3;-22,54744306;-44,1836602;"SPRF-RJ";"DEL07-RJ";"UOP02-DEL07-RJ"
570903;2023-12-19;"terça-feira";"11:15:00";"MS";267;216,4;"NOVA ALVORADA DO SUL";"Demais falhas mecânicas ou elétricas";"Incêndio";"Sem Vítimas";"Pleno dia";"Decrescente";"Sol";"Simples";"Reta";"Não";2;0;0;0;1;1;0;2;-21,58679677;-54,10170893;"SPRF-MS";"DEL02-MS";"UOP01-DEL02-MS"
570911;2023-09-18;"segunda-feira";"09:10:00";"MG";354;731,1;"POUSO ALTO";"Velocidade Incompatível";"Saída de leito carroçável";"Sem Vítimas";"Pleno dia";"Crescente";"Sol";"Simples";"Curva;Declive";"Não";2;0;0;0;1;2;0;3;-22,17071402;-44,96390985;"SPRF-MG";"DEL17-MG";"UOP01-DEL17-MG"
570914;2023-12-14;"quinta-feira";"01:15:00";"GO";40;15;"LUZIANIA";"Ausência de reação do condutor";"Saída de leito carroçável";"Com Vítimas Feridas";"Plena Noite";"Crescente";"Céu Claro";"Dupla";"Reta";"Sim";3;0;2;0;0;1;2;2;-16,1671;-47,930161;"SPRF-DF";"DEL01-DF";"UOP01-DEL01-DF"
570928;2023-12-27;"quarta-feira";"15:28:00";"MG";116;212,9;"CATUJI";"Reação tardia ou ineficiente do condutor";"Colisão lateral mesmo sentido";"Com Vítimas Fatais";"Pleno dia";"Crescente";"Céu Claro";"Simples";"Curva";"Não";9;2;2;0;4;1;2;4;-17,34090805;-41,53210583;"SPRF-MG";"DEL11-MG";"UOP01-DEL11-MG"
570929;2023-12-19;"terça-feira";"11:30:00";"MG";251;362;"GRAO MOGOL";"Ultrapassagem Indevida";"Colisão lateral sentido oposto";"Com Vítimas Feridas";"Pleno dia";"Crescente";"Céu Claro";"Simples";"Reta";"Não";5;0;2;0;0;4;2;6;-16,26304715;-42,61300564;"SPRF-MG";"DEL12-MG";"UOP02-DEL12-MG"
570930;2023-12-27;"quarta-feira";"15:15:00";"BA";324;551;"AMELIA RODRIGUES";"Mal súbito do condutor";"Colisão traseira";"Com Vítimas Feridas";"Pleno dia";"Crescente";"Sol";"Dupla";"Reta";"Não";7;0;3;0;3;2;3;5;-12,44409807;-38,71821505;"SPRF-BA";"DEL01-BA";"UOP03-DEL01-BA"
570933;2023-12-27;"quarta-feira";"13:45:00";"GO";364;325;"PORTELANDIA";"Ultrapassagem Indevida";"Tombamento";"Com Vítimas Feridas";"Pleno dia";"Decrescente";"Chuva";"Simples";"Reta";"Não";1;0;1;0;0;0;1;1;-17,400017;-52,673855;"SPRF-GO";"DEL05-GO";"UOP01-DEL05-GO"
570934;2023-12-27;"quarta-feira";"17:10:00";"RS";290;311,2;"CACAPAVA DO SUL";"Ultrapassagem Indevida";"Saída de leito carroçável";"Com Vítimas Feridas";"Pleno dia";"Crescente";"Céu Claro";"Simples";"Em Obras;Desvio Temporário;Curva";"Não";1;0;1;0;0;0;1;1;-30,336958;-53,311825;"SPRF-RS";"DEL09-RS";"UOP02-DEL09-RS"
570942;2023-12-27;"quarta-feira";"16:30:00";"CE";116;45;"PACAJUS";"Acessar a via sem observar a presença dos outros veículos";"Colisão traseira";"Com Vítimas Feridas";"Pleno dia";"Crescente";"Céu Claro";"Dupla";"Curva";"Não";3;0;0;1;2;0;1;2;-4,1312959;-38,48313475;"SPRF-CE";"DEL01-CE";"UOP02-DEL01-CE"
570944;2023-12-27;"quarta-feira";"14:50:00";"MG";381;665,9;"PERDOES";"Ausência de sinalização";"Colisão traseira";"Com Vítimas Feridas";"Pleno dia";"Decrescente";"Sol";"Dupla";"Curva;Aclive";"Não";5;0;1;0;3;1;1;3;-21,05493912;-45,03103599;"SPRF-MG";"DEL04-MG";"UOP02-DEL04-MG"
570948;2023-12-27;"quarta-feira";"16:00:00";"PI";316;308;"PICOS";"Entrada inopinada do pedestre";"Atropelamento de Pedestre";"Com Vítimas Fatais";"Pleno dia";"Decrescente";"Garoa/Chuvisco";"Simples";"Reta;Declive";"Sim";3;1;0;0;1;1;0;3;-7,07773683;-41,492757;"SPRF-PI";"DEL04-PI";"UOP01-DEL04-PI"
570953;2023-12-27;"quarta-feira";"14:15:00";"BA";407;78;"JAGUARARI";"Demais falhas mecânicas ou elétricas";"Incêndio";"Sem Vítimas";"Pleno dia";"Decrescente";"Céu Claro";"Simples";"Reta";"Sim";2;0;0;0;1;12;0;13;-10,04294896;-40,22637818;"SPRF-BA";"DEL04-BA";"UOP01-DEL04-BA"
570956;2023-12-27;"quarta-feira";"14:10:00";"CE";304;40;"ARACATI";"Acessar a via sem observar a presença dos outros veículos";"Colisão transversal";"Com Vítimas Feridas";"Pleno dia";"Crescente";"Céu Claro";"Simples";"Reta;Interseção de Vias";"Não";3;0;1;0;2;0;1;2;-4,57981795;-37,85152;"SPRF-CE";"DEL03-CE";"UOP03-DEL03-CE"
570967;2023-11-01;"quarta-feira";"07:40:00";"RN";304;123,7;"ITAJA";"Demais falhas mecânicas ou elétricas";"Incêndio";"Com Vítimas Feridas";"Pleno dia";"Decrescente";"Céu Claro";"Simples";"Reta";"Não";2;0;0;1;0;3;1;4;-5,64584414;-36,83202507;"SPRF-RN";"DEL04-RN";"UOP01-DEL04-RN"
570970;2023-12-27;"quarta-feira";"12:45:00";"MG";262;492,1;"MOEMA";"Velocidade Incompatível";"Colisão transversal";"Com Vítimas Feridas";"Pleno dia";"Crescente";"Céu Claro";"Simples";"Reta;Interseção de Vias";"Não";3;0;2;0;1;0;2;2;-19,78179443;-45,36099191;"SPRF-MG";"DEL08-MG";"UOP03-DEL08-MG"
570974;2023-09-06;"quarta-feira";"20:30:00";"MG";381;481,5;"CONTAGEM";"Manobra de mudança de faixa";"Colisão lateral mesmo sentido";"Com Vítimas Feridas";"Plena Noite";"Decrescente";"Céu Claro";"Múltipla";"Reta";"Sim";2;0;0;1;0;1;1;2;-19,95999765;-44,0831995;"SPRF-MG";"DEL01-MG";"UOP03-DEL01-MG"
570975;2023-12-27;"quarta-feira";"17:40:00";"PB";230;436;"APARECIDA";"Demais falhas mecânicas ou elétricas";"Incêndio";"Sem Vítimas";"Anoitecer";"Crescente";"Céu Claro";"Simples";"Reta";"Não";2;0;0;0;1;1;0;2;-6,753;-37,9931;"SPRF-PB";"DEL03-PB";"UOP02-DEL03-PB"
570984;2023-12-27;"quarta-feira";"15:30:00";"MG";262;189;"FRUTAL";"Ausência de reação do condutor";"Tombamento";"Sem Vítimas";"Pleno dia";"Crescente";"Sol";"Simples";"Reta";"Não";2;0;0;0;1;1;0;2;-19,877308;-48,974454;"SPRF-MG";"DEL03-MG";"UOP01-DEL03-MG"
570988;2023-12-27;"quarta-feira";"22:15:00";"RJ";116;122;"MAGE";"Iluminação deficiente";"Colisão traseira";"Com Vítimas Feridas";"Plena Noite";"Crescente";"Chuva";"Dupla";"Reta";"Sim";1;0;1;0;0;0;1;1;-22,63509742;-43,05577963;"SPRF-RJ";"DEL04-RJ";"UOP02-DEL04-RJ"
570989;2023-12-27;"quarta-feira";"20:15:00";"MG";381;852;"POUSO ALEGRE";"Reação tardia ou ineficiente do condutor";"Colisão traseira";"Com Vítimas Feridas";"Plena Noite";"Crescente";"Céu Claro";"Dupla";"Aclive;Reta";"Não";5;0;0;1;1;3;1;4;-22,29622613;-45,89935251;"SPRF-MG";"DEL16-MG";"UOP01-DEL16-MG"
570991;2023-12-27;"quarta-feira";"23:15:00";"RN";406;150;"CEARA-MIRIM";"Transitar na contramão";"Colisão frontal";"Sem Vítimas";"Plena Noite";"Crescente";"Céu Claro";"Simples";"Reta";"Sim";2;0;0;0;1;1;0;2;-5,650288;-35,428155;"SPRF-RN";"DEL02-RN";"UOP01-DEL02-RN"
570992;2023-12-28;"quinta-feira";"00:30:00";"ES";101;407,9;"ITAPEMIRIM";"Ausência de reação do condutor";"Saída de leito carroçável";"Com Vítimas Feridas";"Plena Noite";"Crescente";"Nublado";"Simples";"Curva";"Não";1;0;0;1;0;0;1;1;-20,89278975;-41,03049296;"SPRF-ES";"DEL03-ES";"UOP02-DEL03-ES"
570993;2023-12-27;"quarta-feira";"23:20:00";"RN";304;123,3;"ITAJA";"Animais na Pista";"Atropelamento de Animal";"Com Vítimas Feridas";"Plena Noite";"Decrescente";"Céu Claro";"Simples";"Reta;Declive";"Não";3;0;3;0;0;0;3;2;-5,63392401;-36,85616952;"SPRF-RN";"DEL04-RN";"UOP01-DEL04-RN"
570995;2023-12-28;"quinta-feira";"01:10:00";"TO";153;515;"PARAISO DO TOCANTINS";"Demais falhas mecânicas ou elétricas";"Colisão traseira";"Com Vítimas Fatais";"Plena Noite";"Crescente";"Céu Claro";"Simples";"Aclive;Reta";"Não";6;1;1;1;2;2;2;4;-10,335307;-48,88808596;"SPRF-TO";"DEL01-TO";"UOP01-DEL01-TO"
570996;2023-12-27;"quarta-feira";"22:00:00";"PE";407;74,2;"PETROLINA";"Velocidade Incompatível";"Tombamento";"Com Vítimas Feridas";"Plena Noite";"Decrescente";"Céu Claro";"Simples";"Declive";"Não";2;0;1;1;0;0;2;1;-8,95517208;-40,7255021;"SPRF-PE";"DEL06-PE";"UOP02-DEL06-PE"
570997;2023-12-28;"quinta-feira";"00:50:00";"SP";116;43,8;"CANAS";"Condutor Dormindo";"Colisão traseira";"Com Vítimas Feridas";"Plena Noite";"Crescente";"Nublado";"Dupla";"Reta";"Não";3;0;0;1;1;1;1;3;-22,6973511;-45,03013594;"SPRF-SP";"DEL08-SP";"UOP02-DEL08-SP"
571001;2023-12-27;"quarta-feira";"21:29:00";"MS";262;39,7;"TRES LAGOAS";"Demais falhas mecânicas ou elétricas";"Incêndio";"Sem Vítimas";"Plena Noite";"Decrescente";"Céu Claro";"Simples";"Reta";"Não";2;0;0;0;1;3;0;4;-20,778256;-51,959264;"SPRF-MS";"DEL07-MS";"UOP01-DEL07-MS"
571002;2023-12-27;"quarta-feira";"22:46:00";"MG";262;426,5;"SAO GONCALO DO PARA";"Ausência de reação do condutor";"Colisão traseira";"Sem Vítimas";"Plena Noite";"Decrescente";"Céu Claro";"Dupla";"Reta";"Não";3;0;0;0;1;2;0;3;-19,88910881;-44,82868195;"SPRF-MG";"DEL08-MG";"UOP03-DEL08-MG"
571004;2023-12-28;"quinta-feira";"03:00:00";"SP";116;88,5;"PINDAMONHANGABA";"Frear bruscamente";"Colisão traseira";"Com Vítimas Feridas";"Plena Noite";"Decrescente";"Nublado";"Dupla";"Reta";"Não";4;0;3;0;0;1;3;3;-22,93500994;-45,37019403;"SPRF-SP";"DEL08-SP";"UOP01-DEL08-SP"
571011;2023-12-28;"quinta-feira";"05:40:00";"RS";285;323,6;"PASSO FUNDO";"Demais falhas mecânicas ou elétricas";"Incêndio";"Com Vítimas Feridas";"Amanhecer";"Crescente";"Céu Claro";"Simples";"Reta";"Não";1;0;1;0;0;0;1;1;-28,272211;-52,640121;"SPRF-RS";"DEL08-RS";"UOP03-DEL08-RS"
571013;2023-12-28;"quinta-feira";"05:30:00";"TO";153;158;"ARAGUAINA";"Transitar na contramão";"Colisão frontal";"Com Vítimas Fatais";"Amanhecer";"Decrescente";"Ignorado";"Simples";"Reta";"Não";11;1;1;3;5;1;4;5;-7,30561722;-48,29635264;"SPRF-TO";"DEL02-TO";"UOP01-DEL02-TO"
571017;2023-12-27;"quarta-feira";"17:00:00";"MT";163;559;"DIAMANTINO";"Acostamento em desnível";"Tombamento";"Com Vítimas Feridas";"Pleno dia";"Decrescente";"Céu Claro";"Simples";"Reta";"Não";5;0;2;0;2;3;2;4;-14,15079542;-56,09744333;"SPRF-MT";"DEL01-MT";"UOP01-DEL01-MT"
571023;2023-12-28;"quinta-feira";"01:00:00";"RJ";40;52;"PETROPOLIS";"Condutor Dormindo";"Colisão traseira";"Com Vítimas Feridas";"Plena Noite";"Crescente";"Vento";"Dupla";"Reta";"Não";4;0;2;0;1;1;2;3;-22,33571319;-43,13320403;"SPRF-RJ";"DEL05-RJ";"UOP02-DEL05-RJ"
571024;2023-12-28;"quinta-feira";"07:20:00";"PR";277;11;"PARANAGUA";"Ausência de reação do condutor";"Colisão lateral mesmo sentido";"Com Vítimas Feridas";"Pleno dia";"Decrescente";"Céu Claro";"Dupla";"Reta";"Sim";2;0;1;0;0;1;1;2;-25,568198;-48,615292;"SPRF-PR";"DEL01-PR";"UOP05-DEL01-PR"
571025;2023-12-28;"quinta-feira";"04:45:00";"PI";316;72;"MONSENHOR GIL";"Ausência de reação do condutor";"Saída de leito carroçável";"Com Vítimas Feridas";"Amanhecer";"Decrescente";"Céu Claro";"Simples";"Curva";"Não";2;0;1;1;0;0;2;1;-5,67458801;-42,59603009;"SPRF-PI";"DEL01-PI";"UOP02-DEL01-PI"
571028;2023-12-28;"quinta-feira";"07:55:00";"MG";116;276;"TEOFILO OTONI";"Ausência de sinalização";"Tombamento";"Com Vítimas Feridas";"Pleno dia";"Crescente";"Nublado";"Simples";"Curva";"Sim";2;0;1;0;1;0;1;2;-17,85105696;-41,51454492;"SPRF-MG";"DEL11-MG";"UOP01-DEL11-MG"
571034;2023-12-28;"quinta-feira";"06:35:00";"MS";262;560;"MIRANDA";"Desrespeitar a preferência no cruzamento";"Colisão transversal";"Com Vítimas Fatais";"Pleno dia";"Decrescente";"Céu Claro";"Simples";"Interseção de Vias";"Sim";7;2;0;3;1;3;3;5;-20,22912981;-56,39396087;"SPRF-MS";"DEL03-MS";"UOP02-DEL03-MS"
571036;2023-12-28;"quinta-feira";"08:20:00";"SE";235;52;"ITABAIANA";"Acessar a via sem observar a presença dos outros veículos";"Colisão transversal";"Com Vítimas Feridas";"Pleno dia";"Decrescente";"Céu Claro";"Simples";"Reta;Retorno Regulamentado";"Não";4;0;2;1;0;2;3;4;-10,693279;-37,437557;"SPRF-SE";"DEL01-SE";"UOP02-DEL01-SE"
571038;2023-12-28;"quinta-feira";"08:40:00";"MG";381;852,2;"POUSO ALEGRE";"Ausência de reação do condutor";"Colisão traseira";"Com Vítimas Feridas";"Pleno dia";"Crescente";"Sol";"Dupla";"Reta";"Sim";2;0;0;1;1;0;1;2;-22,29622613;-45,89935251;"SPRF-MG";"DEL16-MG";"UOP01-DEL16-MG"
571039;2023-12-28;"quinta-feira";"06:40:00";"RJ";101;383;"RIO DE JANEIRO";"Reação tardia ou ineficiente do condutor";"Tombamento";"Com Vítimas Feridas";"Amanhecer";"Crescente";"Céu Claro";"Múltipla";"Reta;Retorno Regulamentado";"Sim";2;0;2;0;0;0;2;1;-22,8765463;-43,61463385;"SPRF-RJ";"DEL03-RJ";"UOP01-DEL03-RJ"