"id";"data_inversa";"dia_semana";"horario";"uf";"br";"km";"municipio";"causa_acidente";"tipo_acidente";"classificacao_acidente";"fase_dia";"sentido_via";"condicao_metereologica";"tipo_pista";"tracado_via";"uso_solo";"pessoas";"mortos";"feridos_leves";"feridos_graves";"ilesos";"ignorados";"feridos";"veiculos";"latitude";"longitude";"regional";"delegacia";"uop"
571367;2023-12-29;"sexta-feira";"20:00:00";"AL";101;135;"SAO MIGUEL DOS CAMPOS";"Acessar a via sem observar a presença dos outros veículos";"Colisão transversal";"Com Vítimas Feridas";"Plena Noite";"Crescente";"Céu Claro";"Simples";"Rotatória;Reta";"Sim";5;0;3;1;1;0;4;2;-9,78834902;-36,10509283;"SPRF-AL";"DEL02-AL";"UOP01-DEL02-AL"
571372;2023-12-29;"sexta-feira";"21:09:00";"MG";381;805;"SAO GONCALO DO SAPUCAI";"Reação tardia ou ineficiente do condutor";"Colisão traseira";"Com Vítimas Feridas";"Plena Noite";"Decrescente";"Céu Claro";"Dupla";"Reta";"Não";4;0;0;1;2;1;1;3;-22,0056578;-45,67574216;"SPRF-MG";"DEL16-MG";"UOP02-DEL16-MG"
571375;2023-12-29;"sexta-feira";"20:30:00";"MG";381;482,5;"BETIM";"Trafegar com motocicleta (ou similar) entre as faixas";"Colisão lateral mesmo sentido";"Com Vítimas Feridas";"Anoitecer";"Crescente";"Céu Claro";"Dupla";"Curva;Declive";"Sim";3;0;0;1;1;1;1;3;-19,95755721;-44,07798529;"SPRF-MG";"DEL01-MG";"UOP03-DEL01-MG"
571406;2023-12-30;"sábado";"01:40:00";"CE";116;375,5;"ICO";"Ingestão de álcool pelo condutor";"Colisão traseira";"Com Vítimas Feridas";"Plena Noite";"Crescente";"Céu Claro";"Simples";"Reta";"Sim";3;0;0;1;1;1;1;3;-6,38421865;-38,81677028;"SPRF-CE";"DEL05-CE";"UOP01-DEL05-CE"
571412;2023-12-30;"sábado";"01:50:00";"BA";242;773;"BARREIRAS";"Ultrapassagem Indevida";"Colisão frontal";"Com Vítimas Fatais";"Plena Noite";"Crescente";"Céu Claro";"Simples";"Reta";"Não";3;1;2;0;0;0;2;2;-12,13926441;-44,79046585;"SPRF-BA";"DEL10-BA";"UOP01-DEL10-BA"
571413;2023-12-30;"sábado";"02:05:00";"PR";116;1;"CAMPINA GRANDE DO SUL";"Velocidade Incompatível";"Colisão transversal";"Com Vítimas Fatais";"Plena Noite";"Crescente";"Chuva";"Simples";"Curva";"Não";5;1;0;0;3;1;0;3;-25,06368403;-48,57051896;"SPRF-PR";"DEL01-PR";"UOP02-DEL01-PR"
571416;2023-12-30;"sábado";"01:30:00";"BA";324;535;"CONCEICAO DO JACUIPE";"Ausência de reação do condutor";"Colisão traseira";"Com Vítimas Feridas";"Plena Noite";"Decrescente";"Céu Claro";"Dupla";"Reta";"Sim";5;0;0;1;3;1;1;3;-12,35775097;-38,82802597;"SPRF-BA";"DEL01-BA";"UOP03-DEL01-BA"
571417;2023-12-30;"sábado";"01:20:00";"BA";110;144;"CICERO DANTAS";"Transitar na contramão";"Colisão frontal";"Com Vítimas Feridas";"Plena Noite";"Decrescente";"Céu Claro";"Simples";"Declive";"Não";2;0;0;1;1;0;1;2;-10,651503;-38,409901;"SPRF-BA";"DEL07-BA";"UOP02-DEL07-BA"
571421;2023-12-30;"sábado";"03:00:00";"MG";40;559;"NOVA LIMA";"Ausência de reação do condutor";"Colisão traseira";"Com Vítimas Feridas";"Plena Noite";"Crescente";"Céu Claro";"Dupla";"Aclive;Reta";"Não";4;0;2;0;1;1;2;3;-20,11861708;-43,96783926;"SPRF-MG";"DEL01-MG";"UOP02-DEL01-MG"
571425;2023-12-30;"sábado";"03:30:00";"ES";101;271;"SERRA";"Condutor deixou de manter distância do veículo da frente";"Colisão traseira";"Com Vítimas Feridas";"Plena Noite";"Decrescente";"Céu Claro";"Dupla";"Interseção de Vias";"Sim";3;0;1;0;1;1;1;3;-20,23267;-40,27658;"SPRF-ES";"DEL02-ES";"UOP01-DEL02-ES"
571426;2023-12-30;"sábado";"03:10:00";"MT";364;346;"SANTO ANTONIO DO LEVERGER";"Reação tardia ou ineficiente do condutor";"Saída de leito carroçável";"Com Vítimas Feridas";"Plena Noite";"Decrescente";"Nublado";"Dupla";"Aclive;Curva";"Não";3;0;0;2;0;2;2;3;-15,81193889;-55,53981241;"SPRF-MT";"DEL05-MT";"UOP02-DEL05-MT"
571427;2023-12-30;"sábado";"04:30:00";"SP";116;118;"TAUBATE";"Acessar a via sem observar a presença dos outros veículos";"Colisão traseira";"Com Vítimas Feridas";"Plena Noite";"Decrescente";"Céu Claro";"Dupla";"Reta";"Sim";5;0;3;0;1;2;3;4;-23,06266296;-45,62665044;"SPRF-SP";"DEL02-SP";"UOP02-DEL02-SP"
571429;2023-12-30;"sábado";"05:00:00";"RJ";116;307;"RESENDE";"Ausência de reação do condutor";"Colisão traseira";"Com Vítimas Feridas";"Amanhecer";"Decrescente";"Céu Claro";"Dupla";"Reta";"Não";3;0;1;0;1;1;1;3;-22,45713262;-44,41063703;"SPRF-RJ";"DEL07-RJ";"UOP02-DEL07-RJ"
571438;2023-12-30;"sábado";"02:00:00";"PR";277;130;"BALSA NOVA";"Condutor Dormindo";"Saída de leito carroçável";"Sem Vítimas";"Plena Noite";"Crescente";"Nublado";"Dupla";"Aclive;Reta";"Não";2;0;0;0;1;2;0;3;-25,45946941;-49,64386404;"SPRF-PR";"DEL03-PR";"UOP03-DEL03-PR"
571441;2023-12-29;"sexta-feira";"18:00:00";"PA";230;1125;"ITAITUBA";"Manobra de mudança de faixa";"Colisão frontal";"Com Vítimas Fatais";"Anoitecer";"Crescente";"Chuva";"Simples";"Reta";"Não";4;1;0;0;2;3;0;6;-4,38681871;-55,87952914;"SPRF-PA";"DEL05-PA";"UOP02-DEL05-PA"
571445;2023-12-30;"sábado";"05:50:00";"RO";364;793;"PORTO VELHO";"Condutor Dormindo";"Colisão frontal";"Com Vítimas Feridas";"Amanhecer";"Crescente";"Céu Claro";"Simples";"Reta";"Não";6;0;2;3;1;0;5;2;-9,22635207;-64,34466167;"SPRF-RO";"DEL01-RO";"UOP02-DEL01-RO"
571447;2023-12-30;"sábado";"02:05:00";"MG";381;562;"ITAGUARA";"Ausência de reação do condutor";"Saída de leito carroçável";"Com Vítimas Feridas";"Plena Noite";"Decrescente";"Nublado";"Dupla";"Reta";"Sim";3;0;1;1;0;1;2;2;-20,395748;-44,503624;"SPRF-MG";"DEL04-MG";"UOP03-DEL04-MG"
571457;2023-12-30;"sábado";"06:31:00";"PA";316;98;"SAO FRANCISCO DO PARA";"Condutor deixou de manter distância do veículo da frente";"Colisão traseira";"Com Vítimas Feridas";"Amanhecer";"Crescente";"Céu Claro";"Simples";"Reta";"Não";15;0;8;0;7;0;8;4;-1,33188337;-47,62160007;"SPRF-PA";"DEL01-PA";"UOP02-DEL01-PA"
571463;2023-12-26;"terça-feira";"20:45:00";"ES";259;36,3;"COLATINA";"Acessar a via sem observar a presença dos outros veículos";"Colisão transversal";"Com Vítimas Feridas";"Plena Noite";"Decrescente";"Céu Claro";"Simples";"Reta";"Não";3;0;0;1;1;1;1;3;-19,5538576;-40,50237182;"SPRF-ES";"DEL02-ES";"UOP01-DEL02-ES"
571465;2023-12-30;"sábado";"06:00:00";"CE";222;180,3;"SOBRAL";"Ingestão de álcool pelo condutor";"Saída de leito carroçável";"Com Vítimas Feridas";"Amanhecer";"Crescente";"Céu Claro";"Simples";"Curva";"Não";2;0;1;1;0;0;2;1;-3,7474458;-40,04723688;"SPRF-CE";"DEL04-CE";"UOP01-DEL04-CE"
571470;2023-11-20;"segunda-feira";"22:50:00";"MG";40;701;"BARBACENA";"Condutor deixou de manter distância do veículo da frente";"Colisão lateral mesmo sentido";"Com Vítimas Feridas";"Plena Noite";"Decrescente";"Céu Claro";"Dupla";"Reta";"Sim";2;0;0;1;0;1;1;2;-21,18449034;-43,7528965;"SPRF-MG";"DEL05-MG";"UOP02-DEL05-MG"
571471;2023-12-30;"sábado";"07:10:00";"PR";376;514,4;"PONTA GROSSA";"Condutor Dormindo";"Saída de leito carroçável";"Com Vítimas Feridas";"Pleno dia";"Decrescente";"Céu Claro";"Dupla";"Reta";"Não";2;0;2;0;0;0;2;1;-25,24349263;-50,0257194;"SPRF-PR";"DEL03-PR";"UOP04-DEL03-PR"
571475;2023-12-30;"sábado";"08:30:00";"GO";153;107;"SANTA TEREZA DE GOIAS";"Acessar a via sem observar a presença dos outros veículos";"Colisão transversal";"Sem Vítimas";"Pleno dia";"Crescente";"Nublado";"Simples";"Aclive;Reta";"Sim";3;0;0;0;2;1;0;3;-13,71251604;-49,02110875;"SPRF-GO";"DEL07-GO";"UOP01-DEL07-GO"
571476;2023-12-30;"sábado";"08:40:00";"SP";116;109;"TAUBATE";"Reação tardia ou ineficiente do condutor";"Colisão lateral mesmo sentido";"Com Vítimas Feridas";"Pleno dia";"Decrescente";"Céu Claro";"Dupla";"Reta";"Sim";4;0;1;0;3;0;1;2;-23,02871304;-45,54517097;"SPRF-SP";"DEL02-SP";"UOP02-DEL02-SP"
571484;2023-12-30;"sábado";"02:00:00";"BA";242;662;"MUQUEM DE SAO FRANCISCO";"Chuva";"Derramamento de carga";"Sem Vítimas";"Plena Noite";"Decrescente";"Chuva";"Simples";"Aclive;Curva";"Não";3;0;0;0;3;0;0;2;-12,21722011;-43,85982513;"SPRF-BA";"DEL10-BA";"UOP02-DEL10-BA"
571493;2023-12-30;"sábado";"09:15:00";"PR";376;55,4;"LOANDA";"Transitar na contramão";"Colisão lateral sentido oposto";"Com Vítimas Feridas";"Pleno dia";"Crescente";"Céu Claro";"Simples";"Reta";"Não";3;0;0;1;1;2;1;4;-22,912638;-52,889469;"SPRF-PR";"DEL09-PR";"UOP02-DEL09-PR"
571510;2023-12-30;"sábado";"07:40:00";"PA";10;12,5;"DOM ELISEU";"Transitar na contramão";"Colisão frontal";"Com Vítimas Fatais";"Pleno dia";"Decrescente";"Nublado";"Simples";"Declive;Curva";"Não";4;1;2;0;0;1;2;3;-4,339672;-47,53645995;"SPRF-PA";"DEL02-PA";"UOP02-DEL02-PA"
571514;2023-10-23;"segunda-feira";"21:13:00";"PR";376;672;"GUARATUBA";"Reação tardia ou ineficiente do condutor";"Colisão traseira";"Com Vítimas Feridas";"Plena Noite";"Crescente";"Céu Claro";"Múltipla";"Em Obras;Reta;Declive";"Não";3;0;0;1;1;4;1;6;-25,902026;-48,924707;"SPRF-PR";"DEL01-PR";"UOP04-DEL01-PR"
571519;2023-12-30;"sábado";"12:10:00";"BA";116;734,9;"BOA NOVA";"Acessar a via sem observar a presença dos outros veículos";"Colisão transversal";"Com Vítimas Feridas";"Pleno dia";"Crescente";"Céu Claro";"Simples";"Rotatória";"Sim";3;0;0;1;1;1;1;3;-14,35105189;-40,33409541;"SPRF-BA";"DEL08-BA";"UOP02-DEL08-BA"
571521;2023-12-30;"sábado";"14:15:00";"MG";40;275;"TRES MARIAS";"Demais falhas mecânicas ou elétricas";"Incêndio";"Sem Vítimas";"Pleno dia";"Decrescente";"Nublado";"Simples";"Reta;Declive";"Sim";1;0;0;0;1;0;0;1;-18,19945877;-45,23770577;"SPRF-MG";"DEL14-MG";"UOP02-DEL14-MG"
571531;2023-12-30;"sábado";"13:30:00";"TO";153;663,9;"GURUPI";"Reação tardia ou ineficiente do condutor";"Colisão lateral sentido oposto";"Com Vítimas Feridas";"Pleno dia";"Decrescente";"Garoa/Chuvisco";"Simples";"Reta;Declive";"Não";4;0;0;1;2;1;1;3;-11,648502;-49,056346;"SPRF-TO";"DEL01-TO";"UOP02-DEL01-TO"
571537;2023-12-30;"sábado";"15:15:00";"GO";153;512;"APARECIDA DE GOIANIA";"Ingestão de álcool pelo condutor";"Colisão lateral mesmo sentido";"Sem Vítimas";"Pleno dia";"Crescente";"Céu Claro";"Dupla";"Reta";"Sim";3;0;0;0;2;1;0;3;-16,8156;-49,2402;"SPRF-GO";"DEL01-GO";"UOP03-DEL01-GO"
571540;2023-12-30;"sábado";"15:50:00";"MG";365;87,8;"JEQUITAI";"Condutor deixou de manter distância do veículo da frente";"Colisão traseira";"Com Vítimas Feridas";"Pleno dia";"Crescente";"Chuva";"Simples";"Reta;Declive";"Não";6;0;2;0;3;2;2;5;-17,18107982;-44,42673633;"SPRF-MG";"DEL12-MG";"UOP01-DEL12-MG"
571542;2023-12-30;"sábado";"15:05:00";"ES";101;294,8;"CARIACICA";"Demais falhas mecânicas ou elétricas";"Engavetamento";"Com Vítimas Feridas";"Pleno dia";"Crescente";"Nublado";"Dupla";"Reta";"Sim";5;0;1;0;3;1;1;4;-20,32415948;-40,3952903;"SPRF-ES";"DEL01-ES";"UOP01-DEL01-ES"
571546;2023-12-30;"sábado";"15:00:00";"MG";381;807;"SAO GONCALO DO SAPUCAI";"Reação tardia ou ineficiente do condutor";"Colisão traseira";"Com Vítimas Fatais";"Pleno dia";"Decrescente";"Céu Claro";"Dupla";"Aclive;Curva";"Não";4;1;1;0;1;1;1;3;-21,985402;-45,648222;"SPRF-MG";"DEL16-MG";"UOP02-DEL16-MG"
571551;2023-12-30;"sábado";"15:30:00";"PA";230;124;"MARABA";"Reação tardia ou ineficiente do condutor";"Colisão traseira";"Sem Vítimas";"Pleno dia";"Decrescente";"Nublado";"Dupla";"Interseção de Vias;Reta";"Sim";2;0;0;0;2;0;0;2;-5,37407079;-49,13575802;"SPRF-PA";"DEL03-PA";"UOP01-DEL03-PA"
571553;2023-12-30;"sábado";"16:07:00";"GO";153;73;"PORANGATU";"Condutor deixou de manter distância do veículo da frente";"Engavetamento";"Com Vítimas Feridas";"Pleno dia";"Decrescente";"Nublado";"Simples";"Aclive;Reta";"Sim";9;0;1;0;8;0;1;3;-13,475327;-49,136101;"SPRF-GO";"DEL07-GO";"UOP01-DEL07-GO"
571563;2023-12-30;"sábado";"17:40:00";"SC";101;102;"PENHA";"Frear bruscamente";"Tombamento";"Com Vítimas Feridas";"Pleno dia";"Crescente";"Céu Claro";"Dupla";"Declive;Reta";"Sim";4;0;2;0;1;1;2;3;-26,77383397;-48,68594062;"SPRF-SC";"DEL03-SC";"UOP02-DEL03-SC"
571569;2023-12-30;"sábado";"18:20:00";"PB";104;112,1;"LAGOA SECA";"Ausência de reação do condutor";"Colisão traseira";"Sem Vítimas";"Plena Noite";"Crescente";"Céu Claro";"Simples";"Aclive;Reta";"Não";2;0;0;0;1;1;0;2;-7,145303;-35,856632;"SPRF-PB";"DEL02-PB";"UOP04-DEL02-PB"
571600;2023-12-30;"sábado";"16:00:00";"BA";101;781;"ITABELA";"Demais falhas mecânicas ou elétricas";"Incêndio";"Sem Vítimas";"Pleno dia";"Crescente";"Sol";"Simples";"Reta";"Não";2;0;0;0;1;1;0;2;-16,824845;-39,479943;"SPRF-BA";"DEL09-BA";"UOP01-DEL09-BA"
571621;2023-12-30;"sábado";"22:30:00";"MT";163;819,4;"SINOP";"Transitar na contramão";"Colisão frontal";"Com Vítimas Fatais";"Plena Noite";"Crescente";"Céu Claro";"Simples";"Reta";"Não";5;1;3;0;0;3;3;5;-12,13028999;-55,51526681;"SPRF-MT";"DEL06-MT";"UOP02-DEL06-MT"
571635;2023-12-31;"domingo";"04:20:00";"TO";153;675,5;"GURUPI";"Acessar a via sem observar a presença dos outros veículos";"Colisão transversal";"Com Vítimas Fatais";"Plena Noite";"Crescente";"Nublado";"Simples";"Reta";"Sim";2;1;0;0;1;0;0;2;-11,75312428;-49,09074565;"SPRF-TO";"DEL01-TO";"UOP02-DEL01-TO"
571648;2023-12-31;"domingo";"06:10:00";"PR";376;524,1;"PONTA GROSSA";"Restrição de visibilidade em curvas verticais";"Colisão traseira";"Com Vítimas Feridas";"Amanhecer";"Crescente";"Céu Claro";"Dupla";"Aclive;Reta";"Não";6;0;5;0;1;0;5;2;-25,26557754;-49,95466232;"SPRF-PR";"DEL03-PR";"UOP04-DEL03-PR"
571651;2023-12-31;"domingo";"07:50:00";"GO";153;507;"APARECIDA DE GOIANIA";"Acumulo de água sobre o pavimento";"Colisão lateral mesmo sentido";"Com Vítimas Feridas";"Pleno dia";"Crescente";"Chuva";"Dupla";"Reta";"Não";4;0;1;0;2;1;1;4;-16,7715;-49,2387;"SPRF-GO";"DEL01-GO";"UOP03-DEL01-GO"
571664;2023-12-31;"domingo";"08:20:00";"CE";116;24;"ITAITINGA";"Manobra de mudança de faixa";"Colisão lateral mesmo sentido";"Com Vítimas Feridas";"Pleno dia";"Crescente";"Céu Claro";"Dupla";"Curva";"Sim";4;0;2;0;1;1;2;3;-3,95797982;-38,5131124;"SPRF-CE";"DEL01-CE";"UOP02-DEL01-CE"
571669;2023-12-31;"domingo";"07:15:00";"PE";408;27;"ALIANCA";"Ausência de reação do condutor";"Tombamento";"Com Vítimas Feridas";"Pleno dia";"Decrescente";"Sol";"Simples";"Curva";"Não";1;0;0;1;0;0;1;1;-7,550668;-35,256188;"SPRF-PE";"DEL01-PE";"UOP02-DEL01-PE"
571671;2023-12-31;"domingo";"09:45:00";"TO";226;26,2;"PALMEIRAS DO TOCANTINS";"Reação tardia ou ineficiente do condutor";"Saída de leito carroçável";"Com Vítimas Feridas";"Pleno dia";"Decrescente";"Nublado";"Simples";"Reta;Declive";"Não";5;0;1;1;0;4;2;4;-6,641345;-47,667072;"SPRF-TO";"DEL02-TO";"UOP03-DEL02-TO"
571691;2023-12-31;"domingo";"11:40:00";"MS";262;6;"TRES LAGOAS";"Acessar a via sem observar a presença dos outros veículos";"Colisão transversal";"Com Vítimas Feridas";"Pleno dia";"Crescente";"Céu Claro";"Dupla";"Reta";"Sim";3;0;1;0;2;0;1;2;-20,78237921;-51,67197438;"SPRF-MS";"DEL07-MS";"UOP01-DEL07-MS"
571692;2023-12-31;"domingo";"08:30:00";"BA";116;257;"TUCANO";"Condutor Dormindo";"Colisão transversal";"Com Vítimas Feridas";"Pleno dia";"Crescente";"Céu Claro";"Simples";"Reta";"Não";4;0;2;0;1;3;2;5;-10,83080982;-38,86401361;"SPRF-BA";"DEL07-BA";"UOP02-DEL07-BA"
571698;2023-06-14;"quarta-feira";"18:30:00";"SC";101;257,5;"PAULO LOPES";"Acessar a via sem observar a presença dos outros veículos";"Colisão transversal";"Com Vítimas Feridas";"Plena Noite";"Decrescente";"Chuva";"Dupla";"Declive";"Não";4;0;1;0;2;1;1;3;-27,99701205;-48,68755194;"SPRF-SC";"DEL02-SC";"UOP03-DEL02-SC"
571706;2023-12-31;"domingo";"14:35:00";"SC";101;152,7;"PORTO BELO";"Acessar a via sem observar a presença dos outros veículos";"Colisão lateral mesmo sentido";"Com Vítimas Feridas";"Pleno dia";"Decrescente";"Nublado";"Múltipla";"Reta;Retorno Regulamentado";"Não";3;0;2;0;1;0;2;2;-27,13563503;-48,61004665;"SPRF-SC";"DEL04-SC";"UOP03-DEL04-SC"
571717;2023-12-31;"domingo";"15:25:00";"MG";116;530,1;"CARATINGA";"Manobra de mudança de faixa";"Colisão traseira";"Com Vítimas Feridas";"Pleno dia";"Crescente";"Nublado";"Simples";"Reta";"Não";5;0;1;0;4;0;1;2;-19,81067298;-42,13539446;"SPRF-MG";"DEL06-MG";"UOP02-DEL06-MG"
571727;2023-12-31;"domingo";"13:30:00";"MG";262;160;"SAO DOMINGOS DO PRATA";"Avarias e/ou desgaste excessivo no pneu";"Saída de leito carroçável";"Com Vítimas Feridas";"Pleno dia";"Decrescente";"Nublado";"Simples";"Curva;Declive";"Não";3;0;0;2;0;1;2;2;-19,96282686;-42,83491942;"SPRF-MG";"DEL03-MG";"UOP03-DEL03-MG"
571731;2023-12-31;"domingo";"17:00:00";"CE";116;319,4;"JAGUARIBE";"Transitar na contramão";"Colisão frontal";"Com Vítimas Fatais";"Pleno dia";"Crescente";"Nublado";"Simples";"Reta";"Não";2;1;0;0;1;0;0;2;-5,98193902;-38,62821627;"SPRF-CE";"DEL05-CE";"UOP02-DEL05-CE"
571737;2023-12-31;"domingo";"20:40:00";"SP";116;92,2;"PINDAMONHANGABA";"Entrada inopinada do pedestre";"Atropelamento de Pedestre";"Com Vítimas Fatais";"Plena Noite";"Decrescente";"Chuva";"Dupla";"Reta";"Não";4;1;0;0;2;1;0;4;-22,95222732;-45,40443885;"SPRF-SP";"DEL08-SP";"UOP01-DEL08-SP"
571750;2023-12-31;"domingo";"18:30:00";"BA";242;695;"CRISTOPOLIS";"Demais falhas mecânicas ou elétricas";"Incêndio";"Sem Vítimas";"Anoitecer";"Crescente";"Nublado";"Simples";"Reta";"Não";2;0;0;0;1;2;0;3;-12,22777835;-43,95009601;"SPRF-BA";"DEL10-BA";"UOP02-DEL10-BA"
571769;2023-12-31;"domingo";"23:30:00";"TO";153;503,5;"PARAISO DO TOCANTINS";"Ingestão de álcool pelo condutor";"Colisão lateral sentido oposto";"Com Vítimas Feridas";"Plena Noite";"Crescente";"Céu Claro";"Simples";"Reta";"Não";6;0;2;2;2;0;4;3;-10,22749198;-48,87609117;"SPRF-TO";"DEL01-TO";"UOP01-DEL01-TO"
571773;2023-12-31;"domingo";"21:50:00";"MS";262;221;"RIBAS DO RIO PARDO";"Reação tardia ou ineficiente do condutor";"Saída de leito carroçável";"Com Vítimas Fatais";"Plena Noite";"Crescente";"Chuva";"Simples";"Reta";"Não";3;1;1;1;0;0;2;1;-20,46966075;-53,58622302;"SPRF-MS";"DEL07-MS";"UOP02-DEL07-MS"
572046;2023-12-08;"sexta-feira";"00:00:00";"BA";101;521;"BUERAREMA";"Ultrapassagem Indevida";"Colisão frontal";"Com Vítimas Feridas";"Plena Noite";"Crescente";"Céu Claro";"Simples";"Reta";"Não";3;0;1;1;0;1;2;3;-14,93541387;-39,30212975;"SPRF-BA";"DEL05-BA";"UOP01-DEL05-BA"
572070;2023-11-02;"quinta-feira";"18:23:00";"ES";101;439,7;"MIMOSO DO SUL";"Transitar na contramão";"Colisão frontal";"Com Vítimas Feridas";"Plena Noite";"Decrescente";"Garoa/Chuvisco";"Simples";"Curva";"Não";3;0;0;1;1;1;1;3;-21,07770683;-41,23107791;"SPRF-ES";"DEL03-ES";"UOP02-DEL03-ES"
572105;2023-12-13;"quarta-feira";"22:35:00";"PA";316;70;"CASTANHAL";"Transitar na contramão";"Colisão frontal";"Com Vítimas Fatais";"Plena Noite";"Crescente";"Céu Claro";"Simples";"Reta";"Não";3;1;0;0;1;2;0;4;-1,29157829;-47,86624498;"SPRF-PA";"DEL01-PA";"UOP01-DEL01-PA"
572145;2023-10-14;"sábado";"08:06:00";"PI";135;126;"BERTOLINIA";"Falta de elemento de contenção que evite a saída do leito carroçável";"Saída de leito carroçável";"Com Vítimas Feridas";"Pleno dia";"Decrescente";"Céu Claro";"Simples";"Curva";"Não";1;0;0;1;0;0;1;1;-7,65678248;-43,95378325;"SPRF-PI";"DEL03-PI";"UOP01-DEL03-PI"
572147;2023-12-28;"quinta-feira";"07:50:00";"GO";153;530;"HIDROLANDIA";"Reação tardia ou ineficiente do condutor";"Colisão lateral mesmo sentido";"Com Vítimas Feridas";"Pleno dia";"Decrescente";"Sol";"Simples";"Reta";"Sim";3;0;0;1;1;1;1;3;-16,9677;-49,2331;"SPRF-GO";"DEL01-GO";"UOP03-DEL01-GO"
572152;2023-12-31;"domingo";"01:00:00";"PA";230;741;"MEDICILANDIA";"Transitar na contramão";"Colisão frontal";"Com Vítimas Fatais";"Plena Noite";"Decrescente";"Ignorado";"Simples";"Reta";"Não";2;1;0;0;0;1;0;2;-3,4417728;-52,85696137;"SPRF-PA";"DEL04-PA";"UOP01-DEL04-PA"
572317;2023-08-30;"quarta-feira";"17:18:00";"RS";470;217;"BENTO GONCALVES";"Objeto estático sobre o leito carroçável";"Colisão com objeto";"Com Vítimas Feridas";"Pleno dia";"Crescente";"Céu Claro";"Simples";"Reta";"Sim";2;0;1;0;1;0;1;2;-29,18253092;-51,52019078;"SPRF-RS";"DEL06-RS";"UOP01-DEL06-RS"
572403;2023-09-30;"sábado";"03:00:00";"RO";364;639;"CANDEIAS DO JAMARI";"Reação tardia ou ineficiente do condutor";"Saída de leito carroçável";"Com Vítimas Feridas";"Plena Noite";"Decrescente";"Ignorado";"Simples";"Reta";"Não";2;0;0;1;1;0;1;1;-9,019999;-63,4199;"SPRF-RO";"DEL01-RO";"UOP04-DEL01-RO"
572455;2023-10-20;"sexta-feira";"13:15:00";"MG";365;645;"UBERLANDIA";"Problema com o freio";"Colisão traseira";"Com Vítimas Feridas";"Pleno dia";"Decrescente";"Nublado";"Dupla";"Reta";"Não";3;0;2;0;1;0;2;2;-18,87775999;-48,512251;"SPRF-MG";"DEL15-MG";"UOP01-DEL15-MG"
572591;2023-12-13;"quarta-feira";"01:00:00";"MG";50;93,2;"UBERLANDIA";"Ausência de reação do condutor";"Saída de leito carroçável";"Com Vítimas Feridas";"Plena Noite";"Crescente";"Céu Claro";"Dupla";"Reta";"Não";2;0;1;0;0;2;1;3;-19,07492502;-48,18892306;"SPRF-MG";"DEL15-MG";"UOP01-DEL15-MG"
572598;2023-12-19;"terça-feira";"06:30:00";"RJ";116;97;"GUAPIMIRIM";"Demais falhas mecânicas ou elétricas";"Colisão traseira";"Com Vítimas Feridas";"Pleno dia";"Crescente";"Céu Claro";"Simples";"Curva;Declive";"Não";3;0;1;0;2;0;1;2;-22,47811419;-42,99603471;"SPRF-RJ";"DEL04-RJ";"UOP01-DEL04-RJ"
572626;2023-11-22;"quarta-feira";"21:40:00";"RJ";116;269;"BARRA MANSA";"Reação tardia ou ineficiente do condutor";"Colisão com objeto";"Com Vítimas Feridas";"Plena Noite";"Decrescente";"Céu Claro";"Dupla";"Curva;Declive";"Não";4;0;3;0;1;0;3;2;-22,571777;-44,115282;"SPRF-RJ";"DEL07-RJ";"UOP02-DEL07-RJ"
572635;2023-12-20;"quarta-feira";"02:50:00";"PR";277;101,7;"CURITIBA";"Velocidade Incompatível";"Saída de leito carroçável";"Com Vítimas Feridas";"Plena Noite";"Crescente";"Nublado";"Dupla";"Curva";"Não";3;0;0;1;1;1;1;3;-25,4268891;-49,3827818;"SPRF-PR";"DEL01-PR";"UOP06-DEL01-PR"
572703;2023-12-16;"sábado";"16:26:00";"SC";470;117,1;"IBIRAMA";"Transitar na contramão";"Colisão frontal";"Com Vítimas Fatais";"Pleno dia";"Crescente";"Nublado";"Simples";"Curva";"Não";4;1;0;0;1;2;0;4;-27,08227199;-49,50707674;"SPRF-SC";"DEL04-SC";"UOP02-DEL04-SC"
572717;2023-10-25;"quarta-feira";"11:20:00";"RJ";356;106;"CARDOSO MOREIRA";"Reação tardia ou ineficiente do condutor";"Colisão lateral sentido oposto";"Com Vítimas Feridas";"Pleno dia";"Crescente";"Ignorado";"Simples";"Reta";"Não";4;0;2;0;2;0;2;2;-21,54392978;-41,48390899;"SPRF-RJ";"DEL08-RJ";"UOP03-DEL08-RJ"
572737;2023-12-02;"sábado";"08:50:00";"GO";364;315;"MINEIROS";"Demais falhas mecânicas ou elétricas";"Tombamento";"Com Vítimas Feridas";"Pleno dia";"Decrescente";"Sol";"Simples";"Curva;Aclive";"Não";2;0;1;0;0;2;1;3;-17,453203;-52,59116;"SPRF-GO";"DEL05-GO";"UOP01-DEL05-GO"
572775;2023-11-28;"terça-feira";"23:00:00";"MG";251;203,3;"CACHOEIRA DE PAJEU";"Ausência de reação do condutor";"Atropelamento de Pedestre";"Com Vítimas Fatais";"Plena Noite";"Decrescente";"Céu Claro";"Simples";"Reta";"Não";2;1;0;0;0;1;0;2;-15,86293911;-41,48540497;"SPRF-MG";"DEL12-MG";"UOP02-DEL12-MG"
572777;2023-11-29;"quarta-feira";"23:30:00";"MG";262;594;"CAMPOS ALTOS";"Acumulo de água sobre o pavimento";"Saída de leito carroçável";"Com Vítimas Feridas";"Plena Noite";"Decrescente";"Chuva";"Simples";"Curva";"Não";2;0;1;0;0;2;1;3;-19,66568189;-46,16901785;"SPRF-MG";"DEL08-MG";"UOP02-DEL08-MG"