"id";"data_inversa";"dia_semana";"horario";"uf";"br";"km";"municipio";"causa_acidente";"tipo_acidente";"classificacao_acidente";"fase_dia";"sentido_via";"condicao_metereologica";"tipo_pista";"tracado_via";"uso_solo";"pessoas";"mortos";"feridos_leves";"feridos_graves";"ilesos";"ignorados";"feridos";"veiculos";"latitude";"longitude";"regional";"delegacia";"uop"
572918;2023-12-20;"quarta-feira";"02:00:00";"SP";116;326,3;"JUQUITIBA";"Ausência de reação do condutor";"Engavetamento";"Com Vítimas Feridas";"Plena Noite";"Decrescente";"Céu Claro";"Dupla";"Reta";"Não";4;0;2;0;1;2;2;5;-23,93901304;-47,06241203;"SPRF-SP";"DEL04-SP";"UOP03-DEL04-SP"
573003;2023-08-25;"sexta-feira";"06:10:00";"MT";163;929;"ITAUBA";"Frear bruscamente";"Colisão traseira";"Com Vítimas Feridas";"Pleno dia";"Decrescente";"Céu Claro";"Simples";"Reta";"Não";3;0;1;0;1;4;1;6;-11,18101607;-55,31012039;"SPRF-MT";"DEL06-MT";"UOP02-DEL06-MT"
573121;2023-11-04;"sábado";"11:50:00";"PR";277;665;"MEDIANEIRA";"Ausência de reação do condutor";"Colisão traseira";"Com Vítimas Fatais";"Pleno dia";"Crescente";"Céu Claro";"Dupla";"Reta;Declive";"Não";6;2;0;1;1;2;1;4;-25,2560299;-54,03735995;"SPRF-PR";"DEL05-PR";"UOP02-DEL05-PR"
573146;2023-12-26;"terça-feira";"06:35:00";"RS";386;271,7;"FONTOURA XAVIER";"Condutor Dormindo";"Colisão frontal";"Com Vítimas Fatais";"Pleno dia";"Decrescente";"Céu Claro";"Simples";"Curva;Aclive";"Não";5;2;1;1;0;1;2;3;-28,981363;-52,36705;"SPRF-RS";"DEL04-RS";"UOP03-DEL04-RS"
573212;2023-12-10;"domingo";"15:30:00";"CE";222;182,1;"FRECHEIRINHA";"Ausência de reação do condutor";"Colisão traseira";"Sem Vítimas";"Pleno dia";"Decrescente";"Nublado";"Simples";"Reta";"Não";2;0;0;0;1;1;0;2;-3,74362466;-40,82405229;"SPRF-CE";"DEL04-CE";"UOP01-DEL04-CE"
573316;2023-12-15;"sexta-feira";"12:30:00";"MG";116;429,8;"ALPERCATA";"Condutor Dormindo";"Saída de leito carroçável";"Com Vítimas Feridas";"Pleno dia";"Decrescente";"Céu Claro";"Simples";"Reta";"Não";1;0;1;0;0;0;1;1;-18,998223;-41,977521;"SPRF-MG";"DEL06-MG";"UOP01-DEL06-MG"
573382;2023-05-15;"segunda-feira";"10:30:00";"BA";324;537;"CONCEICAO DO JACUIPE";"Condutor deixou de manter distância do veículo da frente";"Engavetamento";"Com Vítimas Feridas";"Pleno dia";"Crescente";"Nublado";"Dupla";"Reta";"Sim";11;0;1;0;9;1;1;7;-12,36902201;-38,81384601;"SPRF-BA";"DEL01-BA";"UOP03-DEL01-BA"
573386;2023-12-21;"quinta-feira";"18:15:00";"PR";116;106,9;"SAO JOSE DOS PINHAIS";"Ausência de reação do condutor";"Engavetamento";"Com Vítimas Feridas";"Pleno dia";"Crescente";"Céu Claro";"Dupla";"Reta";"Não";5;0;0;1;3;3;1;7;-25,568972;-49,226365;"SPRF-PR";"DEL01-PR";"UOP07-DEL01-PR"
573402;2023-11-17;"sexta-feira";"09:30:00";"MG";381;490;"BETIM";"Transtornos Mentais (exceto suicidio)";"Colisão frontal";"Com Vítimas Feridas";"Pleno dia";"Decrescente";"Ignorado";"Múltipla";"Reta";"Sim";2;0;0;1;0;1;1;2;-19,95695214;-44,13922548;"SPRF-MG";"DEL01-MG";"UOP03-DEL01-MG"
573431;2023-03-09;"quinta-feira";"03:38:00";"MT";364;579;"DIAMANTINO";"Carga excessiva e/ou mal acondicionada";"Derramamento de carga";"Sem Vítimas";"Plena Noite";"Decrescente";"Nublado";"Dupla";"Reta";"Não";1;0;0;0;1;0;0;1;-14,66298789;-56,29936934;"SPRF-MT";"DEL01-MT";"UOP01-DEL01-MT"
573507;2023-09-30;"sábado";"14:35:00";"PR";467;110;"CASCAVEL";"Ausência de reação do condutor";"Colisão lateral mesmo sentido";"Com Vítimas Feridas";"Pleno dia";"Decrescente";"Céu Claro";"Dupla";"Reta";"Sim";2;0;0;1;0;1;1;2;-24,92851306;-53,45426917;"SPRF-PR";"DEL04-PR";"UOP01-DEL04-PR"
573540;2023-12-16;"sábado";"09:45:00";"SC";101;141;"ITAPEMA";"Manobra de mudança de faixa";"Colisão lateral mesmo sentido";"Com Vítimas Feridas";"Pleno dia";"Crescente";"Céu Claro";"Dupla";"Curva;Declive";"Sim";5;0;1;0;3;1;1;3;-27,04761729;-48,59995855;"SPRF-SC";"DEL04-SC";"UOP03-DEL04-SC"
573545;2023-11-17;"sexta-feira";"16:15:00";"GO";414;380;"CORUMBA DE GOIAS";"Ingestão de álcool pelo condutor";"Colisão lateral sentido oposto";"Sem Vítimas";"Pleno dia";"Crescente";"Céu Claro";"Simples";"Aclive;Curva";"Não";2;0;0;0;2;0;0;2;-15,83127599;-48,78021276;"SPRF-GO";"DEL02-GO";"UOP01-DEL02-GO"
573547;2023-11-02;"quinta-feira";"04:30:00";"GO";153;328,7;"RIANAPOLIS";"Ingestão de álcool pelo condutor";"Colisão lateral mesmo sentido";"Sem Vítimas";"Amanhecer";"Crescente";"Céu Claro";"Simples";"Aclive;Reta";"Não";3;0;0;0;2;1;0;2;-15,512035;-49,473373;"SPRF-GO";"DEL02-GO";"UOP02-DEL02-GO"
573609;2023-05-16;"terça-feira";"04:30:00";"RS";293;156;"HULHA NEGRA";"Ingestão de álcool pelo condutor";"Saída de leito carroçável";"Sem Vítimas";"Plena Noite";"Crescente";"Céu Claro";"Simples";"Reta";"Não";1;0;0;0;1;0;0;1;-31,39283038;-53,82930007;"SPRF-RS";"DEL11-RS";"UOP03-DEL11-RS"
573625;2023-12-29;"sexta-feira";"13:00:00";"BA";101;462;"CAMAMU";"Velocidade Incompatível";"Tombamento";"Com Vítimas Feridas";"Pleno dia";"Decrescente";"Céu Claro";"Simples";"Curva";"Não";3;0;2;0;0;1;2;2;-14,154894;-39,326884;"SPRF-BA";"DEL05-BA";"UOP01-DEL05-BA"
573718;2023-12-08;"sexta-feira";"16:42:00";"PR";277;327;"GUARAPUAVA";"Reação tardia ou ineficiente do condutor";"Saída de leito carroçável";"Sem Vítimas";"Pleno dia";"Crescente";"Céu Claro";"Simples";"Curva;Declive";"Não";2;0;0;0;1;2;0;3;-25,37242804;-51,28148999;"SPRF-PR";"DEL08-PR";"UOP01-DEL08-PR"
573763;2023-11-16;"quinta-feira";"00:30:00";"PR";277;46;"MORRETES";"Condutor Dormindo";"Saída de leito carroçável";"Com Vítimas Feridas";"Plena Noite";"Crescente";"Nublado";"Dupla";"Aclive;Curva";"Não";2;0;1;0;0;1;1;2;-25,58170589;-48,87791023;"SPRF-PR";"DEL01-PR";"UOP01-DEL01-PR"
573775;2023-12-09;"sábado";"08:10:00";"BA";116;722;"MANOEL VITORINO";"Manobra de mudança de faixa";"Colisão traseira";"Com Vítimas Fatais";"Pleno dia";"Decrescente";"Céu Claro";"Simples";"Reta";"Não";3;1;0;0;1;1;0;3;-14,21319097;-40,27342609;"SPRF-BA";"DEL08-BA";"UOP02-DEL08-BA"
573792;2023-12-13;"quarta-feira";"08:40:00";"RS";116;297;"GUAIBA";"Ausência de reação do condutor";"Colisão lateral mesmo sentido";"Com Vítimas Feridas";"Pleno dia";"Decrescente";"Céu Claro";"Dupla";"Reta";"Não";6;0;1;0;4;1;1;3;-30,09753097;-51,34302937;"SPRF-RS";"DEL02-RS";"UOP01-DEL02-RS"
573826;2023-12-23;"sábado";"14:00:00";"BA";20;2;"CORRENTINA";"Reação tardia ou ineficiente do condutor";"Colisão frontal";"Com Vítimas Feridas";"Pleno dia";"Crescente";"Céu Claro";"Simples";"Reta";"Não";25;0;11;2;11;2;13;4;-13,928548;-46,190721;"SPRF-BA";"DEL10-BA";"UOP01-DEL10-BA"
573954;2023-03-15;"quarta-feira";"04:45:00";"SP";116;509;"CAJATI";"Ausência de reação do condutor";"Tombamento";"Com Vítimas Feridas";"Amanhecer";"Decrescente";"Céu Claro";"Dupla";"Curva";"Não";2;0;0;1;0;1;1;2;-24,82178987;-48,21419034;"SPRF-SP";"DEL05-SP";"UOP02-DEL05-SP"
573975;2023-03-25;"sábado";"12:30:00";"PE";232;32;"MORENO";"Ausência de reação do condutor";"Saída de leito carroçável";"Com Vítimas Feridas";"Pleno dia";"Crescente";"Chuva";"Dupla";"Curva";"Não";1;0;1;0;0;0;1;1;-8,10541732;-35,1665671;"SPRF-PE";"DEL01-PE";"UOP01-DEL01-PE"
573976;2023-10-11;"quarta-feira";"07:45:00";"RO";364;277;"PRESIDENTE MEDICI";"Frear bruscamente";"Colisão traseira";"Com Vítimas Feridas";"Pleno dia";"Decrescente";"Sol";"Simples";"Reta;Aclive";"Não";4;0;0;1;2;6;1;9;-11,38588591;-61,77734398;"SPRF-RO";"DEL02-RO";"UOP01-DEL02-RO"
573979;2023-10-27;"sexta-feira";"16:35:00";"MT";70;512;"VARZEA GRANDE";"Transitar no Acostamento";"Colisão lateral mesmo sentido";"Com Vítimas Feridas";"Pleno dia";"Crescente";"Céu Claro";"Simples";"Reta";"Não";2;0;0;1;1;0;1;2;-15,70048456;-56,11484885;"SPRF-MT";"DEL01-MT";"UOP02-DEL01-MT"
574157;2023-12-10;"domingo";"08:20:00";"SP";116;513;"CAJATI";"Reação tardia ou ineficiente do condutor";"Colisão com objeto";"Com Vítimas Feridas";"Pleno dia";"Decrescente";"Garoa/Chuvisco";"Dupla";"Declive;Curva";"Não";4;0;1;0;1;3;1;5;-24,85109616;-48,21802405;"SPRF-SP";"DEL05-SP";"UOP02-DEL05-SP"
574189;2023-12-18;"segunda-feira";"09:00:00";"SC";280;197,2;"MAFRA";"Reação tardia ou ineficiente do condutor";"Colisão traseira";"Com Vítimas Feridas";"Pleno dia";"Crescente";"Céu Claro";"Simples";"Reta";"Não";6;0;0;1;5;0;1;4;-26,17527886;-50,04358202;"SPRF-SC";"DEL06-SC";"UOP01-DEL06-SC"
574406;2023-09-12;"terça-feira";"05:20:00";"PR";277;327,3;"GUARAPUAVA";"Transitar na contramão";"Colisão frontal";"Com Vítimas Feridas";"Plena Noite";"Crescente";"Céu Claro";"Simples";"Curva";"Não";5;0;1;0;4;0;1;3;-25,37242804;-51,28148999;"SPRF-PR";"DEL08-PR";"UOP01-DEL08-PR"
574633;2023-12-15;"sexta-feira";"19:00:00";"MG";365;513;"MONTE CARMELO";"Faixas de trânsito com largura insuficiente";"Colisão lateral sentido oposto";"Com Vítimas Feridas";"Plena Noite";"Decrescente";"Céu Claro";"Simples";"Reta;Declive";"Não";2;0;0;1;1;0;1;2;-18,9212413;-47,34152417;"SPRF-MG";"DEL10-MG";"UOP01-DEL10-MG"
574875;2023-12-20;"quarta-feira";"12:43:00";"GO";153;202;"URUACU";"Acessar a via sem observar a presença dos outros veículos";"Colisão transversal";"Com Vítimas Feridas";"Pleno dia";"Decrescente";"Céu Claro";"Simples";"Reta";"Sim";3;0;0;1;1;1;1;3;-14,527802;-49,159687;"SPRF-GO";"DEL07-GO";"UOP02-DEL07-GO"
574894;2023-09-01;"sexta-feira";"18:40:00";"MS";262;504,3;"ANASTACIO";"Ingestão de álcool pelo condutor";"Colisão frontal";"Com Vítimas Fatais";"Plena Noite";"Decrescente";"Céu Claro";"Simples";"Reta";"Não";3;1;0;0;1;2;0;4;-20,48812287;-55,94510593;"SPRF-MS";"DEL03-MS";"UOP01-DEL03-MS"
575080;2023-11-30;"quinta-feira";"03:30:00";"SP";116;26;"LAVRINHAS";"Ausência de reação do condutor";"Colisão traseira";"Com Vítimas Feridas";"Plena Noite";"Crescente";"Céu Claro";"Dupla";"Declive";"Não";3;0;1;0;2;0;1;2;-22,61419397;-44,90005302;"SPRF-SP";"DEL08-SP";"UOP02-DEL08-SP"
575266;2023-12-08;"sexta-feira";"23:50:00";"ES";101;430,2;"ATILIO VIVACQUA";"Ausência de reação do condutor";"Saída de leito carroçável";"Sem Vítimas";"Plena Noite";"Decrescente";"Chuva";"Simples";"Curva;Declive";"Não";2;0;0;0;2;0;0;2;-21,02753855;-41,1671887;"SPRF-ES";"DEL03-ES";"UOP02-DEL03-ES"
575273;2023-11-23;"quinta-feira";"04:00:00";"MG";40;385,5;"CURVELO";"Demais falhas mecânicas ou elétricas";"Saída de leito carroçável";"Sem Vítimas";"Plena Noite";"Crescente";"Céu Claro";"Simples";"Curva;Declive";"Não";2;0;0;0;1;1;0;2;-18,90815544;-44,685359;"SPRF-MG";"DEL02-MG";"UOP01-DEL02-MG"
575282;2023-11-10;"sexta-feira";"23:46:00";"PI";343;305;"ALTOS";"Objeto estático sobre o leito carroçável";"Colisão com objeto";"Com Vítimas Fatais";"Plena Noite";"Crescente";"Céu Claro";"Simples";"Reta";"Sim";2;1;0;0;1;0;0;2;-5,036046;-42,445656;"SPRF-PI";"DEL01-PI";"UOP01-DEL01-PI"
575382;2023-12-22;"sexta-feira";"20:10:00";"BA";242;867;"BARREIRAS";"Ultrapassagem Indevida";"Colisão frontal";"Com Vítimas Fatais";"Plena Noite";"Crescente";"Céu Claro";"Simples";"Reta";"Não";6;1;0;3;1;1;3;4;-12,0863384;-45,44268506;"SPRF-BA";"DEL10-BA";"UOP01-DEL10-BA"
575524;2023-12-04;"segunda-feira";"05:35:00";"MG";116;297,6;"ITAMBACURI";"Ausência de reação do condutor";"Saída de leito carroçável";"Sem Vítimas";"Pleno dia";"Crescente";"Céu Claro";"Simples";"Curva";"Não";1;0;0;0;1;0;0;1;-18,00881918;-41,58954988;"SPRF-MG";"DEL11-MG";"UOP01-DEL11-MG"
575559;2023-12-05;"terça-feira";"09:20:00";"PR";369;494;"CASCAVEL";"Acessar a via sem observar a presença dos outros veículos";"Colisão traseira";"Com Vítimas Feridas";"Pleno dia";"Crescente";"Céu Claro";"Simples";"Reta";"Não";3;0;1;0;2;0;1;2;-24,900981;-53,36488724;"SPRF-PR";"DEL04-PR";"UOP03-DEL04-PR"
575568;2023-08-25;"sexta-feira";"09:30:00";"MG";40;472;"SETE LAGOAS";"Acessar a via sem observar a presença dos outros veículos";"Colisão lateral mesmo sentido";"Com Vítimas Feridas";"Pleno dia";"Decrescente";"Nublado";"Dupla";"Interseção de Vias;Reta";"Não";4;0;1;0;2;1;1;3;-19,47543632;-44,29066576;"SPRF-MG";"DEL02-MG";"UOP01-DEL02-MG"
575653;2023-11-30;"quinta-feira";"13:10:00";"PR";376;304,1;"MAUA DA SERRA";"Problema na suspensão";"Tombamento";"Com Vítimas Feridas";"Pleno dia";"Crescente";"Céu Claro";"Dupla";"Curva;Declive";"Não";2;0;1;0;0;1;1;2;-23,952969;-51,114033;"SPRF-PR";"DEL07-PR";"UOP02-DEL07-PR"
575672;2023-11-29;"quarta-feira";"09:00:00";"MG";116;688,6;"MURIAE";"Velocidade Incompatível";"Tombamento";"Com Vítimas Feridas";"Pleno dia";"Crescente";"Céu Claro";"Simples";"Curva;Declive";"Não";2;0;1;0;0;2;1;3;-21,01024799;-42,36121097;"SPRF-MG";"DEL07-MG";"UOP02-DEL07-MG"
575700;2023-12-03;"domingo";"18:00:00";"RN";304;298;"MACAIBA";"Ultrapassagem Indevida";"Colisão lateral mesmo sentido";"Com Vítimas Feridas";"Plena Noite";"Decrescente";"Céu Claro";"Dupla";"Reta";"Não";3;0;0;1;2;0;1;2;-5,8682343;-35,3321791;"SPRF-RN";"DEL01-RN";"UOP02-DEL01-RN"
575876;2023-06-09;"sexta-feira";"23:10:00";"PI";402;8;"PARNAIBA";"Ingestão de álcool pelo condutor";"Colisão lateral sentido oposto";"Sem Vítimas";"Plena Noite";"Decrescente";"Céu Claro";"Simples";"Reta";"Não";3;0;0;0;2;1;0;3;-3,10285218;-41,83415905;"SPRF-PI";"DEL05-PI";"UOP01-DEL05-PI"
575911;2023-11-17;"sexta-feira";"14:17:00";"PA";163;426;"ITAITUBA";"Transitar na contramão";"Saída de leito carroçável";"Sem Vítimas";"Pleno dia";"Decrescente";"Céu Claro";"Simples";"Reta";"Não";2;0;0;0;1;2;0;3;-6,09629642;-55,63056488;"SPRF-PA";"DEL05-PA";"UOP02-DEL05-PA"
575929;2023-11-14;"terça-feira";"06:30:00";"RJ";101;384;"RIO DE JANEIRO";"Ausência de reação do condutor";"Colisão lateral mesmo sentido";"Com Vítimas Feridas";"Pleno dia";"Crescente";"Céu Claro";"Múltipla";"Reta";"Não";3;0;1;0;1;2;1;4;-22,87911609;-43,62323999;"SPRF-RJ";"DEL03-RJ";"UOP01-DEL03-RJ"
575934;2023-11-06;"segunda-feira";"05:15:00";"ES";259;35,5;"COLATINA";"Velocidade Incompatível";"Tombamento";"Com Vítimas Feridas";"Amanhecer";"Crescente";"Chuva";"Simples";"Curva";"Não";2;0;0;2;0;0;2;2;-19,55539306;-40,49662884;"SPRF-ES";"DEL02-ES";"UOP01-DEL02-ES"
576084;2023-12-05;"terça-feira";"10:35:00";"RS";290;40,9;"SANTO ANTONIO DA PATRULHA";"Manobra de mudança de faixa";"Colisão lateral mesmo sentido";"Com Vítimas Feridas";"Pleno dia";"Crescente";"Sol";"Múltipla";"Reta";"Não";3;0;1;0;1;1;1;3;-29,888767;-50,679028;"SPRF-RS";"DEL03-RS";"UOP01-DEL03-RS"
576143;2023-12-03;"domingo";"04:45:00";"PR";467;109,1;"CASCAVEL";"Condutor deixou de manter distância do veículo da frente";"Colisão traseira";"Com Vítimas Fatais";"Amanhecer";"Crescente";"Nublado";"Dupla";"Reta";"Não";2;1;0;0;1;0;0;2;-24,9254;-53,4622;"SPRF-PR";"DEL04-PR";"UOP01-DEL04-PR"
576167;2023-11-22;"quarta-feira";"16:37:00";"PR";153;460,1;"UNIAO DA VITORIA";"Demais falhas mecânicas ou elétricas";"Colisão frontal";"Com Vítimas Fatais";"Pleno dia";"Crescente";"Céu Claro";"Simples";"Declive;Curva";"Não";7;3;0;1;1;4;1;7;-26,22988;-51,14106;"SPRF-PR";"DEL02-PR";"UOP03-DEL02-PR"
576171;2023-12-28;"quinta-feira";"13:25:00";"PR";476;232,3;"LAPA";"Velocidade Incompatível";"Colisão traseira";"Com Vítimas Fatais";"Pleno dia";"Crescente";"Céu Claro";"Simples";"Reta";"Não";6;1;0;3;1;1;3;3;-25,883068;-49,998787;"SPRF-PR";"DEL02-PR";"UOP03-DEL02-PR"
576242;2023-12-04;"segunda-feira";"15:45:00";"RJ";40;1;"COMENDADOR LEVY GASPARIAN";"Velocidade Incompatível";"Colisão com objeto";"Com Vítimas Feridas";"Pleno dia";"Crescente";"Chuva";"Dupla";"Curva;Declive";"Não";3;0;1;1;0;2;2;4;-22,01067195;-43,25892193;"SPRF-RJ";"DEL05-RJ";"UOP02-DEL05-RJ"
576284;2023-11-13;"segunda-feira";"19:15:00";"MG";381;942;"EXTREMA";"Reação tardia ou ineficiente do condutor";"Colisão traseira";"Com Vítimas Feridas";"Plena Noite";"Crescente";"Céu Claro";"Dupla";"Declive";"Não";13;0;1;1;10;1;2;10;-22,86605937;-46,34940386;"SPRF-MG";"DEL16-MG";"UOP03-DEL16-MG"
576485;2023-06-02;"sexta-feira";"10:55:00";"MG";116;539,4;"SANTA RITA DE MINAS";"Ausência de reação do condutor";"Colisão lateral sentido oposto";"Com Vítimas Feridas";"Pleno dia";"Crescente";"Nublado";"Simples";"Reta";"Não";3;0;0;1;1;1;1;3;-19,88240027;-42,13242591;"SPRF-MG";"DEL06-MG";"UOP02-DEL06-MG"
576715;2023-11-24;"sexta-feira";"13:20:00";"MG";381;350;"JOAO MONLEVADE";"Carga excessiva e/ou mal acondicionada";"Derramamento de carga";"Sem Vítimas";"Pleno dia";"Decrescente";"Céu Claro";"Simples";"Declive";"Não";2;0;0;0;1;1;0;2;-19,84953832;-43,15779198;"SPRF-MG";"DEL03-MG";"UOP01-DEL03-MG"
576814;2023-12-02;"sábado";"03:00:00";"PA";222;78,9;"RONDON DO PARA";"Transitar na contramão";"Colisão frontal";"Com Vítimas Fatais";"Plena Noite";"Decrescente";"Céu Claro";"Simples";"Declive";"Não";3;1;0;0;1;3;0;5;-4,622892;-47,890078;"SPRF-PA";"DEL02-PA";"UOP02-DEL02-PA"
577101;2023-04-08;"sábado";"16:50:00";"RJ";116;249;"PIRAI";"Ingestão de álcool pelo condutor";"Colisão traseira";"Com Vítimas Feridas";"Pleno dia";"Crescente";"Chuva";"Dupla";"Reta";"Não";3;0;1;0;1;1;1;3;-22,59967462;-43,95005595;"SPRF-RJ";"DEL07-RJ";"UOP01-DEL07-RJ"
577246;2023-11-11;"sábado";"08:40:00";"MT";70;0;"BARRA DO GARCAS";"Condutor deixou de manter distância do veículo da frente";"Colisão lateral mesmo sentido";"Com Vítimas Feridas";"Pleno dia";"Crescente";"Céu Claro";"Simples";"Reta;Aclive";"Não";3;0;2;0;0;1;2;2;-15,895538;-52,25599;"SPRF-MT";"DEL07-MT";"UOP01-DEL07-MT"
577346;2023-12-06;"quarta-feira";"21:15:00";"ES";259;65;"COLATINA";"Frear bruscamente";"Colisão frontal";"Com Vítimas Feridas";"Plena Noite";"Crescente";"Céu Claro";"Simples";"Reta";"Não";2;0;0;1;1;0;1;2;-19,51944313;-40,71585905;"SPRF-ES";"DEL02-ES";"UOP01-DEL02-ES"
577632;2023-09-24;"domingo";"20:20:00";"BA";324;366;"CAPIM GROSSO";"Ausência de sinalização";"Colisão lateral sentido oposto";"Com Vítimas Feridas";"Plena Noite";"Crescente";"Céu Claro";"Simples";"Reta";"Não";5;0;1;0;3;1;1;3;-11,41474997;-39,91703499;"SPRF-BA";"DEL04-BA";"UOP02-DEL04-BA"
577780;2023-12-07;"quinta-feira";"11:00:00";"RS";293;43,1;"CERRITO";"Condutor deixou de manter distância do veículo da frente";"Colisão traseira";"Com Vítimas Feridas";"Pleno dia";"Decrescente";"Céu Claro";"Simples";"Reta";"Não";3;0;1;0;1;4;1;6;-31,74142429;-52,75575299;"SPRF-RS";"DEL07-RS";"UOP01-DEL07-RS"
577816;2023-05-17;"quarta-feira";"20:00:00";"SC";153;1,2;"AGUA DOCE";"Reação tardia ou ineficiente do condutor";"Tombamento";"Com Vítimas Feridas";"Plena Noite";"Crescente";"Céu Claro";"Simples";"Curva";"Não";1;0;1;0;0;0;1;1;-26,612688;-51,494854;"SPRF-SC";"DEL07-SC";"UOP07-DEL07-SC"
577826;2023-12-18;"segunda-feira";"18:30:00";"RN";304;37;"MOSSORO";"Ausência de sinalização";"Colisão traseira";"Com Vítimas Feridas";"Plena Noite";"Crescente";"Céu Claro";"Dupla";"Reta;Aclive;Viaduto";"Sim";4;0;0;2;2;0;2;4;-5,17455933;-37,36227171;"SPRF-RN";"DEL04-RN";"UOP02-DEL04-RN"
577844;2023-12-08;"sexta-feira";"22:30:00";"PR";376;594,5;"CURITIBA";"Condutor deixou de manter distância do veículo da frente";"Colisão com objeto";"Com Vítimas Feridas";"Plena Noite";"Crescente";"Nublado";"Dupla";"Reta";"Sim";4;0;0;1;1;2;1;4;-25,48479613;-49,34730331;"SPRF-PR";"DEL01-PR";"UOP06-DEL01-PR"
577845;2023-11-14;"terça-feira";"10:00:00";"RS";158;534,5;"SANTANA DO LIVRAMENTO";"Pista esburacada";"Colisão lateral mesmo sentido";"Com Vítimas Feridas";"Pleno dia";"Crescente";"Nublado";"Simples";"Reta";"Não";4;0;1;0;3;0;1;2;-30,7913314;-55,20625591;"SPRF-RS";"DEL11-RS";"UOP01-DEL11-RS"
577865;2023-12-27;"quarta-feira";"09:30:00";"RJ";40;104;"DUQUE DE CAXIAS";"Conversão proibida";"Colisão transversal";"Com Vítimas Feridas";"Pleno dia";"Crescente";"Céu Claro";"Múltipla";"Reta";"Não";2;0;0;1;1;0;1;2;-22,62897902;-43,28579508;"SPRF-RJ";"DEL01-RJ";"UOP02-DEL01-RJ"
577952;2023-05-03;"quarta-feira";"07:30:00";"MG";381;484;"BETIM";"Ausência de reação do condutor";"Colisão traseira";"Com Vítimas Feridas";"Pleno dia";"Crescente";"Sol";"Dupla";"Reta";"Sim";4;0;0;1;2;1;1;4;-19,95818245;-44,09156799;"SPRF-MG";"DEL01-MG";"UOP03-DEL01-MG"
577985;2023-12-12;"terça-feira";"14:50:00";"RJ";101;333;"RIO DE JANEIRO";"Ausência de reação do condutor";"Colisão traseira";"Com Vítimas Feridas";"Pleno dia";"Decrescente";"Céu Claro";"Múltipla";"Reta";"Não";2;0;0;1;0;1;1;2;-22,87827816;-43,21053578;"SPRF-RJ";"DEL02-RJ";"UOP01-DEL02-RJ"
577994;2023-03-03;"sexta-feira";"10:01:00";"MT";364;392;"CUIABA";"Reação tardia ou ineficiente do condutor";"Colisão traseira";"Com Vítimas Feridas";"Pleno dia";"Decrescente";"Céu Claro";"Dupla";"Reta";"Não";3;0;2;0;1;0;2;2;-15,68642489;-55,91347495;"SPRF-MT";"DEL01-MT";"UOP02-DEL01-MT"
578012;2023-10-27;"sexta-feira";"23:00:00";"ES";101;460;"MIMOSO DO SUL";"Reação tardia ou ineficiente do condutor";"Saída de leito carroçável";"Com Vítimas Feridas";"Plena Noite";"Crescente";"Chuva";"Simples";"Curva";"Não";2;0;1;0;0;1;1;2;-21,21801125;-41,29980483;"SPRF-ES";"DEL03-ES";"UOP02-DEL03-ES"
578084;2023-12-14;"quinta-feira";"00:05:00";"MG";365;651,2;"UBERLANDIA";"Reação tardia ou ineficiente do condutor";"Colisão lateral mesmo sentido";"Com Vítimas Feridas";"Plena Noite";"Decrescente";"Céu Claro";"Dupla";"Aclive";"Não";3;0;0;1;1;4;1;6;-18,867769;-48,567137;"SPRF-MG";"DEL15-MG";"UOP01-DEL15-MG"
578162;2023-10-15;"domingo";"02:00:00";"TO";226;37;"DARCINOPOLIS";"Ultrapassagem Indevida";"Colisão lateral sentido oposto";"Com Vítimas Fatais";"Plena Noite";"Crescente";"Nublado";"Simples";"Reta;Aclive";"Não";6;1;2;1;1;3;3;6;-6,690203;-47,74395;"SPRF-TO";"DEL02-TO";"UOP03-DEL02-TO"
578189;2023-09-21;"quinta-feira";"12:45:00";"RJ";116;189;"NOVA IGUACU";"Manobra de mudança de faixa";"Capotamento";"Com Vítimas Feridas";"Pleno dia";"Crescente";"Céu Claro";"Dupla";"Reta";"Sim";4;0;1;0;3;0;1;3;-22,73765712;-43,49182298;"SPRF-RJ";"DEL01-RJ";"UOP02-DEL01-RJ"
578225;2023-12-21;"quinta-feira";"02:15:00";"SE";101;109,5;"SAO CRISTOVAO";"Condutor Dormindo";"Colisão traseira";"Sem Vítimas";"Plena Noite";"Decrescente";"Chuva";"Dupla";"Reta";"Não";3;0;0;0;2;1;0;3;-10,966443;-37,270634;"SPRF-SE";"DEL02-SE";"UOP01-DEL02-SE"
578301;2023-12-07;"quinta-feira";"18:26:00";"RJ";101;385;"RIO DE JANEIRO";"Manobra de mudança de faixa";"Colisão lateral mesmo sentido";"Com Vítimas Feridas";"Plena Noite";"Crescente";"Céu Claro";"Múltipla";"Reta";"Não";2;0;0;1;1;0;1;2;-22,89104139;-43,70052338;"SPRF-RJ";"DEL03-RJ";"UOP01-DEL03-RJ"
578327;2023-12-10;"domingo";"09:00:00";"ES";101;350;"GUARAPARI";"Mal súbito do condutor";"Colisão lateral sentido oposto";"Com Vítimas Feridas";"Pleno dia";"Crescente";"Nublado";"Simples";"Reta";"Não";5;0;0;1;3;3;1;7;-20,65985684;-40,64894709;"SPRF-ES";"DEL03-ES";"UOP01-DEL03-ES"