"id";"data_inversa";"dia_semana";"horario";"uf";"br";"km";"municipio";"causa_acidente";"tipo_acidente";"classificacao_acidente";"fase_dia";"sentido_via";"condicao_metereologica";"tipo_pista";"tracado_via";"uso_solo";"pessoas";"mortos";"feridos_leves";"feridos_graves";"ilesos";"ignorados";"feridos";"veiculos";"latitude";"longitude";"regional";"delegacia";"uop"
578352;2023-12-19;"terça-feira";"20:45:00";"RS";101;13;"DOM PEDRO DE ALCANTARA";"Estacionar ou parar em local proibido";"Colisão traseira";"Com Vítimas Feridas";"Plena Noite";"Decrescente";"Nublado";"Dupla";"Curva";"Não";4;0;0;1;2;1;1;4;-29,3930518;-49,84373839;"SPRF-RS";"DEL03-RS";"UOP02-DEL03-RS"
578419;2023-12-06;"quarta-feira";"03:45:00";"PI";407;506;"PATOS DO PIAUI";"Reação tardia ou ineficiente do condutor";"Saída de leito carroçável";"Com Vítimas Feridas";"Plena Noite";"Crescente";"Céu Claro";"Simples";"Curva";"Não";1;0;0;1;0;0;1;1;-7,63919953;-41,26533508;"SPRF-PI";"DEL04-PI";"UOP01-DEL04-PI"
578488;2023-12-07;"quinta-feira";"21:30:00";"MG";50;151;"UBERABA";"Reação tardia ou ineficiente do condutor";"Saída de leito carroçável";"Com Vítimas Feridas";"Plena Noite";"Decrescente";"Céu Claro";"Dupla";"Reta";"Não";2;0;0;1;0;1;1;2;-19,57370204;-48,03246832;"SPRF-MG";"DEL13-MG";"UOP01-DEL13-MG"
578538;2023-11-07;"terça-feira";"02:00:00";"SP";116;14,8;"QUELUZ";"Condutor Dormindo";"Colisão com objeto";"Com Vítimas Feridas";"Plena Noite";"Decrescente";"Céu Claro";"Dupla";"Reta";"Não";50;0;5;5;38;3;10;5;-22,55635862;-44,81985452;"SPRF-SP";"DEL08-SP";"UOP02-DEL08-SP"
579115;2023-09-28;"quinta-feira";"21:30:00";"SP";116;541;"BARRA DO TURVO";"Reação tardia ou ineficiente do condutor";"Colisão lateral mesmo sentido";"Com Vítimas Feridas";"Plena Noite";"Crescente";"Garoa/Chuvisco";"Dupla";"Aclive;Curva";"Não";3;0;1;0;1;2;1;4;-24,97245688;-48,39976606;"SPRF-SP";"DEL05-SP";"UOP02-DEL05-SP"
579134;2023-02-09;"quinta-feira";"13:10:00";"AL";104;1,5;"SAO JOSE DA LAJE";"Velocidade Incompatível";"Colisão frontal";"Com Vítimas Fatais";"Pleno dia";"Crescente";"Chuva";"Simples";"Curva";"Não";10;2;2;4;1;1;6;3;-8,9149203;-36,01867676;"SPRF-AL";"DEL01-AL";"UOP02-DEL01-AL"
579351;2023-06-19;"segunda-feira";"13:50:00";"MG";40;413;"CURVELO";"Acessar a via sem observar a presença dos outros veículos";"Colisão lateral mesmo sentido";"Com Vítimas Feridas";"Pleno dia";"Crescente";"Céu Claro";"Simples";"Reta";"Não";5;0;3;0;1;1;3;4;-19,13248388;-44,62252053;"SPRF-MG";"DEL02-MG";"UOP01-DEL02-MG"
579364;2023-11-14;"terça-feira";"15:22:00";"PR";277;101;"CURITIBA";"Ausência de reação do condutor";"Tombamento";"Sem Vítimas";"Pleno dia";"Crescente";"Nublado";"Dupla";"Curva;Declive";"Não";2;0;0;0;1;1;0;2;-25,52228492;-49,3331539;"SPRF-PR";"DEL01-PR";"UOP06-DEL01-PR"
579591;2023-12-10;"domingo";"08:00:00";"RS";386;181;"CARAZINHO";"Reação tardia ou ineficiente do condutor";"Colisão traseira";"Com Vítimas Feridas";"Amanhecer";"Crescente";"Nublado";"Simples";"Reta";"Não";3;0;1;0;1;1;1;3;-28,307653;-52,738903;"SPRF-RS";"DEL08-RS";"UOP01-DEL08-RS"
579833;2023-11-28;"terça-feira";"13:00:00";"SP";116;321;"JUQUITIBA";"Ausência de reação do condutor";"Colisão traseira";"Com Vítimas Feridas";"Pleno dia";"Decrescente";"Ignorado";"Dupla";"Reta";"Não";2;0;1;0;0;1;1;2;-23,934612;-47,01729;"SPRF-SP";"DEL04-SP";"UOP03-DEL04-SP"
580003;2023-03-13;"segunda-feira";"22:00:00";"RR";174;138;"RORAINOPOLIS";"Afundamento ou ondulação no pavimento";"Colisão traseira";"Com Vítimas Feridas";"Plena Noite";"Crescente";"Céu Claro";"Simples";"Reta";"Não";4;0;1;1;2;0;2;2;0,297476;-60,521362;"SPRF-RR";"DEL01-RR";"UOP01-DEL01-RR"
580687;2023-09-05;"terça-feira";"00:10:00";"MG";381;388,6;"SAO GONCALO DO RIO ABAIXO";"Ausência de reação do condutor";"Saída de leito carroçável";"Com Vítimas Feridas";"Plena Noite";"Decrescente";"Céu Claro";"Simples";"Reta";"Não";2;0;2;0;0;0;2;1;-19,78768531;-43,42997106;"SPRF-MG";"DEL01-MG";"UOP01-DEL01-MG"
580739;2023-10-03;"terça-feira";"21:20:00";"MG";381;429;"SABARA";"Mal súbito do condutor";"Colisão frontal";"Com Vítimas Fatais";"Plena Noite";"Crescente";"Céu Claro";"Simples";"Reta";"Não";3;1;0;0;1;1;0;3;-19,78855847;-43,69792775;"SPRF-MG";"DEL01-MG";"UOP01-DEL01-MG"
581303;2023-11-20;"segunda-feira";"02:45:00";"RS";290;247;"CACHOEIRA DO SUL";"Transitar na contramão";"Colisão frontal";"Com Vítimas Feridas";"Plena Noite";"Crescente";"Céu Claro";"Simples";"Reta";"Não";2;0;1;0;0;1;1;2;-30,231115;-52,694134;"SPRF-RS";"DEL02-RS";"UOP03-DEL02-RS"
581307;2023-11-11;"sábado";"15:10:00";"SE";235;22,9;"LARANJEIRAS";"Demais falhas mecânicas ou elétricas";"Capotamento";"Com Vítimas Feridas";"Pleno dia";"Decrescente";"Céu Claro";"Simples";"Reta";"Não";3;0;3;0;0;0;3;1;-10,8200072;-37,24066973;"SPRF-SE";"DEL01-SE";"UOP02-DEL01-SE"
581332;2023-11-11;"sábado";"12:40:00";"ES";262;166,9;"IBATIBA";"Ingestão de álcool pelo condutor";"Colisão frontal";"Com Vítimas Fatais";"Pleno dia";"Crescente";"Céu Claro";"Simples";"Curva;Declive";"Não";4;1;1;0;1;3;1;6;-20,25229294;-41,56524897;"SPRF-ES";"DEL01-ES";"UOP02-DEL01-ES"
581471;2023-11-23;"quinta-feira";"05:40:00";"PI";402;54,4;"LUIS CORREIA";"Faixas de trânsito com largura insuficiente";"Colisão lateral sentido oposto";"Com Vítimas Feridas";"Amanhecer";"Crescente";"Céu Claro";"Simples";"Reta";"Não";3;0;2;0;0;2;2;4;-3,04359904;-41,62405005;"SPRF-PI";"DEL05-PI";"UOP01-DEL05-PI"
581482;2023-08-04;"sexta-feira";"17:25:00";"PR";467;73,3;"TOLEDO";"Reação tardia ou ineficiente do condutor";"Engavetamento";"Com Vítimas Feridas";"Pleno dia";"Crescente";"Céu Claro";"Dupla";"Reta";"Não";4;0;1;0;2;1;1;4;-24,7322;-53,7;"SPRF-PR";"DEL04-PR";"UOP01-DEL04-PR"
581485;2023-11-21;"terça-feira";"06:00:00";"MG";381;705;"LAVRAS";"Ausência de reação do condutor";"Tombamento";"Com Vítimas Feridas";"Amanhecer";"Crescente";"Céu Claro";"Dupla";"Declive;Curva";"Não";2;0;1;0;0;1;1;2;-21,321704;-45,165609;"SPRF-MG";"DEL04-MG";"UOP02-DEL04-MG"
581533;2023-07-26;"quarta-feira";"05:30:00";"RJ";116;4;"SAPUCAIA";"Ausência de reação do condutor";"Saída de leito carroçável";"Com Vítimas Fatais";"Plena Noite";"Decrescente";"Garoa/Chuvisco";"Simples";"Ponte;Declive;Curva";"Não";1;1;0;0;0;0;0;1;-21,89481763;-42,68232122;"SPRF-RJ";"DEL05-RJ";"UOP01-DEL05-RJ"
582017;2023-11-10;"sexta-feira";"03:45:00";"MA";10;235;"GOVERNADOR EDISON LOBAO";"Reação tardia ou ineficiente do condutor";"Colisão traseira";"Com Vítimas Feridas";"Plena Noite";"Crescente";"Céu Claro";"Simples";"Reta";"Não";3;0;1;1;1;0;2;2;-5,663064;-47,384014;"SPRF-MA";"DEL04-MA";"UOP01-DEL04-MA"
582030;2023-12-15;"sexta-feira";"16:56:00";"MG";365;241,3;"BURITIZEIRO";"Transitar na contramão";"Colisão lateral sentido oposto";"Com Vítimas Feridas";"Pleno dia";"Decrescente";"Céu Claro";"Simples";"Reta";"Não";5;0;1;1;1;2;2;4;-17,76908394;-45,41775659;"SPRF-MG";"DEL10-MG";"UOP02-DEL010-MG"
582105;2023-07-22;"sábado";"10:00:00";"MG";381;478,3;"CONTAGEM";"Reação tardia ou ineficiente do condutor";"Colisão lateral mesmo sentido";"Com Vítimas Feridas";"Pleno dia";"Decrescente";"Céu Claro";"Dupla";"Reta";"Sim";4;0;0;2;1;1;2;3;-19,95826094;-44,05921101;"SPRF-MG";"DEL01-MG";"UOP03-DEL01-MG"
582189;2023-10-04;"quarta-feira";"13:30:00";"MA";135;90;"ITAPECURU MIRIM";"Manobra de mudança de faixa";"Colisão frontal";"Com Vítimas Fatais";"Pleno dia";"Decrescente";"Céu Claro";"Simples";"Reta";"Não";3;1;1;0;0;3;1;5;-3,29245794;-44,41526719;"SPRF-MA";"DEL01-MA";"UOP02-DEL01-MA"
582205;2023-09-08;"sexta-feira";"17:50:00";"ES";101;256,1;"SERRA";"Reação tardia ou ineficiente do condutor";"Colisão frontal";"Com Vítimas Fatais";"Anoitecer";"Crescente";"Céu Claro";"Simples";"Reta";"Sim";13;1;3;8;0;1;11;4;-20,119123;-40,311005;"SPRF-ES";"DEL02-ES";"UOP01-DEL02-ES"
582250;2023-06-25;"domingo";"13:00:00";"AL";423;5,2;"OURO BRANCO";"Reação tardia ou ineficiente do condutor";"Colisão lateral sentido oposto";"Com Vítimas Feridas";"Pleno dia";"Crescente";"Nublado";"Simples";"Reta;Aclive";"Não";3;0;1;0;0;2;1;3;-9,13795942;-37,33317198;"SPRF-AL";"DEL03-AL";"UOP02-DEL03-AL"
582408;2023-11-24;"sexta-feira";"09:40:00";"SP";116;561;"BARRA DO TURVO";"Acumulo de água sobre o pavimento";"Engavetamento";"Com Vítimas Feridas";"Pleno dia";"Crescente";"Chuva";"Dupla";"Curva";"Não";4;0;1;0;3;0;1;3;-25,02045097;-48,51586004;"SPRF-SP";"DEL05-SP";"UOP02-DEL05-SP"
582533;2023-12-04;"segunda-feira";"22:25:00";"SC";101;235,1;"PALHOCA";"Reação tardia ou ineficiente do condutor";"Colisão com objeto";"Com Vítimas Feridas";"Plena Noite";"Decrescente";"Chuva";"Dupla";"Curva;Aclive";"Não";2;0;1;0;0;1;1;2;-27,8177775;-48,6315025;"SPRF-SC";"DEL01-SC";"UOP02-DEL01-SC"
582543;2023-07-05;"quarta-feira";"18:50:00";"SC";282;309,4;"VARGEM";"Deficiência do Sistema de Iluminação/Sinalização";"Colisão traseira";"Com Vítimas Feridas";"Plena Noite";"Decrescente";"Céu Claro";"Simples";"Reta;Ponte";"Não";7;0;1;0;2;4;1;4;-27,48248988;-50,98212004;"SPRF-SC";"DEL07-SC";"UOP06-DEL07-SC"
582669;2023-11-14;"terça-feira";"17:20:00";"SP";116;545;"BARRA DO TURVO";"Reação tardia ou ineficiente do condutor";"Capotamento";"Com Vítimas Feridas";"Anoitecer";"Crescente";"Chuva";"Simples";"Curva;Aclive";"Não";3;0;1;0;2;0;1;2;-24,95016699;-48,42400302;"SPRF-SP";"DEL05-SP";"UOP02-DEL05-SP"
582728;2023-09-28;"quinta-feira";"16:48:00";"MG";381;521,3;"BRUMADINHO";"Chuva";"Saída de leito carroçável";"Com Vítimas Feridas";"Pleno dia";"Decrescente";"Chuva";"Dupla";"Aclive;Curva";"Não";3;0;1;0;2;0;1;1;-20,13846621;-44,31715274;"SPRF-MG";"DEL04-MG";"UOP03-DEL04-MG"
582920;2023-10-06;"sexta-feira";"21:07:00";"PI";343;305;"ALTOS";"Transitar na contramão";"Colisão frontal";"Com Vítimas Fatais";"Plena Noite";"Crescente";"Céu Claro";"Simples";"Reta";"Sim";2;1;0;0;1;0;0;2;-5,03444;-42,443382;"SPRF-PI";"DEL01-PI";"UOP01-DEL01-PI"
583219;2023-10-09;"segunda-feira";"08:30:00";"PI";135;362;"BOM JESUS";"Reação tardia ou ineficiente do condutor";"Tombamento";"Com Vítimas Feridas";"Pleno dia";"Decrescente";"Céu Claro";"Simples";"Aclive;Curva";"Não";2;0;0;1;0;1;1;2;-9,136134;-44,388796;"SPRF-PI";"DEL03-PI";"UOP02-DEL03-PI"
583234;2023-12-31;"domingo";"10:30:00";"PB";412;51;"SAO JOAO DO CARIRI";"Demais falhas mecânicas ou elétricas";"Incêndio";"Sem Vítimas";"Pleno dia";"Crescente";"Sol";"Simples";"Reta";"Não";2;0;0;0;1;1;0;2;-7,359022;-36,496246;"SPRF-PB";"DEL02-PB";"UOP02-DEL02-PB"
583542;2023-07-15;"sábado";"16:23:00";"MT";364;448;"VARZEA GRANDE";"Condutor deixou de manter distância do veículo da frente";"Engavetamento";"Com Vítimas Feridas";"Plena Noite";"Crescente";"Céu Claro";"Simples";"Reta";"Não";6;0;1;0;4;3;1;6;-15,59983715;-56,20892401;"SPRF-MT";"DEL01-MT";"UOP02-DEL01-MT"
584000;2023-09-03;"domingo";"03:50:00";"MG";40;423;"CURVELO";"Ingestão de álcool pelo condutor";"Colisão frontal";"Sem Vítimas";"Plena Noite";"Crescente";"Céu Claro";"Simples";"Retorno Regulamentado;Curva";"Não";2;0;0;0;2;0;0;2;-19,15420574;-44,53154868;"SPRF-MG";"DEL02-MG";"UOP01-DEL02-MG"
584018;2023-07-15;"sábado";"18:30:00";"PR";376;347,3;"ORTIGUEIRA";"Ultrapassagem Indevida";"Colisão traseira";"Com Vítimas Feridas";"Plena Noite";"Decrescente";"Céu Claro";"Dupla";"Curva;Aclive";"Não";4;0;1;0;1;2;1;4;-24,22342025;-50,92990234;"SPRF-PR";"DEL07-PR";"UOP02-DEL07-PR"
584190;2023-12-05;"terça-feira";"04:05:00";"MG";50;89;"UBERLANDIA";"Condutor Dormindo";"Saída de leito carroçável";"Com Vítimas Feridas";"Plena Noite";"Decrescente";"Céu Claro";"Dupla";"Reta";"Não";1;0;1;0;0;0;1;1;-19,03998093;-48,19938578;"SPRF-MG";"DEL15-MG";"UOP01-DEL15-MG"
584199;2023-12-21;"quinta-feira";"03:00:00";"MG";365;704,6;"MONTE ALEGRE DE MINAS";"Ausência de reação do condutor";"Colisão traseira";"Com Vítimas Feridas";"Plena Noite";"Crescente";"Nublado";"Dupla";"Reta";"Não";9;0;5;2;1;1;7;3;-18,88036135;-49,04455662;"SPRF-MG";"DEL15-MG";"UOP03-DEL15-MG"
584259;2023-11-06;"segunda-feira";"14:30:00";"PR";369;163;"CAMBE";"Velocidade Incompatível";"Engavetamento";"Com Vítimas Feridas";"Pleno dia";"Decrescente";"Céu Claro";"Dupla";"Declive;Viaduto";"Sim";5;0;1;0;3;4;1;8;-23,29707964;-51,27769411;"SPRF-PR";"DEL07-PR";"UOP01-DEL07-PR"
584549;2023-11-03;"sexta-feira";"19:40:00";"BA";101;841,9;"TEIXEIRA DE FREITAS";"Ausência de reação do condutor";"Tombamento";"Com Vítimas Feridas";"Plena Noite";"Decrescente";"Céu Claro";"Simples";"Curva;Declive";"Não";1;0;1;0;0;0;1;1;-17,44478792;-39,69338817;"SPRF-BA";"DEL09-BA";"UOP02-DEL09-BA"
584770;2023-11-03;"sexta-feira";"10:30:00";"BA";235;580;"REMANSO";"Ausência de reação do condutor";"Tombamento";"Com Vítimas Feridas";"Pleno dia";"Crescente";"Céu Claro";"Simples";"Reta";"Não";1;0;0;1;0;0;1;1;-9,61441134;-42,49584799;"SPRF-BA";"DEL04-BA";"UOP01-DEL04-BA"
584926;2023-12-15;"sexta-feira";"09:05:00";"SC";116;188,1;"SAO CRISTOVAO DO SUL";"Problema com o freio";"Colisão traseira";"Sem Vítimas";"Pleno dia";"Decrescente";"Céu Claro";"Simples";"Desvio Temporário;Curva;Aclive;Em Obras";"Não";4;0;0;0;3;2;0;4;-27,32965789;-50,42513021;"SPRF-SC";"DEL05-SC";"UOP03-DEL05-SC"
584961;2023-11-03;"sexta-feira";"19:40:00";"BA";101;841,9;"TEIXEIRA DE FREITAS";"Ausência de reação do condutor";"Tombamento";"Sem Vítimas";"Plena Noite";"Decrescente";"Céu Claro";"Simples";"Declive;Reta";"Não";1;0;0;0;1;0;0;1;-17,44478792;-39,69338817;"SPRF-BA";"DEL09-BA";"UOP02-DEL09-BA"
585022;2023-12-25;"segunda-feira";"12:45:00";"MG";381;363;"JOAO MONLEVADE";"Curva acentuada";"Tombamento";"Com Vítimas Feridas";"Pleno dia";"Crescente";"Céu Claro";"Simples";"Curva;Declive";"Não";2;0;1;0;0;1;1;2;-19,85130197;-43,24808594;"SPRF-MG";"DEL03-MG";"UOP01-DEL03-MG"
585375;2023-10-03;"terça-feira";"12:21:00";"SP";116;514;"CAJATI";"Reação tardia ou ineficiente do condutor";"Engavetamento";"Com Vítimas Feridas";"Pleno dia";"Decrescente";"Céu Claro";"Simples";"Declive;Curva";"Não";5;0;2;0;2;3;2;7;-24,85874304;-48,21731282;"SPRF-SP";"DEL05-SP";"UOP02-DEL05-SP"
585482;2023-05-07;"domingo";"13:25:00";"SP";116;300;"ITAPECERICA DA SERRA";"Estacionar ou parar em local proibido";"Colisão traseira";"Com Vítimas Feridas";"Pleno dia";"Decrescente";"Céu Claro";"Dupla";"Aclive;Curva";"Não";9;0;5;1;2;2;6;5;-23,80425272;-46,92143625;"SPRF-SP";"DEL04-SP";"UOP01-DEL04-SP"
585677;2023-10-29;"domingo";"07:30:00";"SC";101;1,3;"GARUVA";"Reação tardia ou ineficiente do condutor";"Colisão traseira";"Com Vítimas Feridas";"Pleno dia";"Decrescente";"Céu Claro";"Dupla";"Reta";"Não";2;0;0;1;1;0;1;2;-25,98895627;-48,88356133;"SPRF-SC";"DEL03-SC";"UOP01-DEL03-SC"
585932;2023-09-18;"segunda-feira";"15:30:00";"MG";267;83,5;"JUIZ DE FORA";"Reação tardia ou ineficiente do condutor";"Colisão lateral sentido oposto";"Com Vítimas Feridas";"Pleno dia";"Crescente";"Céu Claro";"Simples";"Reta";"Não";3;0;1;1;1;0;2;2;-21,76537107;-43,23712695;"SPRF-MG";"DEL05-MG";"UOP01-DEL05-MG"
586081;2023-10-26;"quinta-feira";"08:30:00";"BA";110;10;"PAULO AFONSO";"Acessar a via sem observar a presença dos outros veículos";"Colisão transversal";"Com Vítimas Feridas";"Pleno dia";"Decrescente";"Céu Claro";"Simples";"Reta;Aclive";"Não";7;0;1;4;2;0;5;3;-9,5409718;-38,2205516;"SPRF-BA";"DEL07-BA";"UOP01-DEL07-BA"
586160;2023-11-13;"segunda-feira";"16:35:00";"MA";316;396;"ALTO ALEGRE DO MARANHAO";"Ultrapassagem Indevida";"Colisão lateral sentido oposto";"Com Vítimas Fatais";"Pleno dia";"Crescente";"Céu Claro";"Simples";"Reta";"Não";2;1;0;0;0;1;0;2;-4,189019;-44,489983;"SPRF-MA";"DEL03-MA";"UOP01-DEL03-MA"
586507;2023-12-01;"sexta-feira";"19:00:00";"SE";101;96,9;"SAO CRISTOVAO";"Entrada inopinada do pedestre";"Atropelamento de Pedestre";"Com Vítimas Fatais";"Plena Noite";"Decrescente";"Céu Claro";"Dupla";"Reta";"Não";3;1;0;0;1;1;0;3;-10,91774224;-37,16729183;"SPRF-SE";"DEL02-SE";"UOP01-DEL02-SE"
586538;2023-12-30;"sábado";"19:45:00";"SC";470;179;"POUSO REDONDO";"Velocidade Incompatível";"Colisão traseira";"Com Vítimas Fatais";"Plena Noite";"Crescente";"Céu Claro";"Simples";"Curva";"Não";4;1;0;0;2;1;0;3;-27,2478642;-49,979979;"SPRF-SC";"DEL04-SC";"UOP02-DEL04-SC"
586572;2023-11-17;"sexta-feira";"23:55:00";"MA";316;370;"BACABAL";"Animais na Pista";"Colisão frontal";"Com Vítimas Feridas";"Plena Noite";"Decrescente";"Céu Claro";"Simples";"Reta";"Sim";2;0;1;0;1;0;1;2;-4,213942;-44,707504;"SPRF-MA";"DEL03-MA";"UOP01-DEL03-MA"
586578;2023-11-20;"segunda-feira";"20:50:00";"SC";101;163;"TIJUCAS";"Manobra de mudança de faixa";"Colisão lateral mesmo sentido";"Com Vítimas Feridas";"Plena Noite";"Decrescente";"Nublado";"Dupla";"Reta";"Não";2;0;0;1;0;1;1;2;-27,23461699;-48,63039809;"SPRF-SC";"DEL04-SC";"UOP03-DEL04-SC"
586773;2023-08-23;"quarta-feira";"11:35:00";"MA";135;16;"SAO LUIS";"Condutor deixou de manter distância do veículo da frente";"Colisão traseira";"Com Vítimas Feridas";"Pleno dia";"Crescente";"Céu Claro";"Simples";"Reta";"Não";3;0;0;1;1;1;1;3;-2,70264079;-44,31049629;"SPRF-MA";"DEL01-MA";"UOP01-DEL01-MA"
586919;2023-12-08;"sexta-feira";"09:30:00";"RS";158;299,9;"ITAARA";"Reação tardia ou ineficiente do condutor";"Colisão traseira";"Com Vítimas Feridas";"Pleno dia";"Decrescente";"Céu Claro";"Simples";"Reta";"Não";3;0;0;1;1;3;1;5;-29,52738362;-53,73279838;"SPRF-RS";"DEL09-RS";"UOP01-DEL09-RS"
586930;2023-10-11;"quarta-feira";"15:50:00";"GO";452;188;"ITUMBIARA";"Acessar a via sem observar a presença dos outros veículos";"Colisão traseira";"Com Vítimas Feridas";"Pleno dia";"Crescente";"Céu Claro";"Simples";"Reta";"Não";12;0;6;0;5;8;6;14;-18,39416035;-49,29358273;"SPRF-GO";"DEL03-GO";"UOP02-DEL03-GO"
586977;2023-11-12;"domingo";"18:30:00";"BA";407;120;"SENHOR DO BONFIM";"Iluminação deficiente";"Atropelamento de Pedestre";"Com Vítimas Feridas";"Plena Noite";"Decrescente";"Céu Claro";"Simples";"Reta";"Não";2;0;0;1;0;1;1;2;-10,40995;-40,18256;"SPRF-BA";"DEL04-BA";"UOP01-DEL04-BA"
586983;2023-12-20;"quarta-feira";"08:00:00";"PR";373;181;"PONTA GROSSA";"Desrespeitar a preferência no cruzamento";"Colisão transversal";"Sem Vítimas";"Pleno dia";"Crescente";"Céu Claro";"Simples";"Interseção de Vias";"Não";3;0;0;0;2;1;0;3;-25,04266233;-50,25791089;"SPRF-PR";"DEL03-PR";"UOP01-DEL03-PR"
586986;2023-10-11;"quarta-feira";"11:00:00";"DF";70;14,6;"BRASILIA";"Transitar na contramão";"Colisão transversal";"Com Vítimas Feridas";"Pleno dia";"Decrescente";"Céu Claro";"Dupla";"Retorno Regulamentado";"Sim";2;0;0;1;1;0;1;2;-15,79917045;-48,18216205;"SPRF-DF";"DEL03-DF";"UOP02-DEL03-DF"
587034;2023-12-29;"sexta-feira";"07:50:00";"PE";232;194;"SANHARO";"Ultrapassagem Indevida";"Colisão frontal";"Com Vítimas Fatais";"Pleno dia";"Decrescente";"Sol";"Simples";"Reta";"Não";4;2;0;0;1;1;0;3;-8,36209062;-36,55441109;"SPRF-PE";"DEL03-PE";"UOP02-DEL03-PE"
587053;2023-12-19;"terça-feira";"04:40:00";"SC";101;158;"PORTO BELO";"Reação tardia ou ineficiente do condutor";"Colisão traseira";"Com Vítimas Feridas";"Amanhecer";"Crescente";"Sol";"Dupla";"Reta;Retorno Regulamentado";"Sim";3;0;1;0;1;1;1;3;-27,19096301;-48,61259017;"SPRF-SC";"DEL04-SC";"UOP03-DEL04-SC"
588311;2023-11-24;"sexta-feira";"16:00:00";"SE";101;193;"CRISTINAPOLIS";"Reação tardia ou ineficiente do condutor";"Tombamento";"Com Vítimas Feridas";"Pleno dia";"Crescente";"Céu Claro";"Simples";"Curva";"Não";2;0;1;0;0;1;1;2;-11,44262788;-37,73258333;"SPRF-SE";"DEL02-SE";"UOP03-DEL02-SE"
588560;2023-11-14;"terça-feira";"02:15:00";"SP";116;94,8;"PINDAMONHANGABA";"Reação tardia ou ineficiente do condutor";"Colisão lateral sentido oposto";"Com Vítimas Feridas";"Plena Noite";"Decrescente";"Céu Claro";"Dupla";"Em Obras;Reta";"Não";3;0;1;0;1;1;1;3;-22,96372369;-45,42723369;"SPRF-SP";"DEL08-SP";"UOP01-DEL08-SP"
588565;2023-05-25;"quinta-feira";"13:00:00";"CE";116;64,8;"CHOROZINHO";"Desrespeitar a preferência no cruzamento";"Colisão transversal";"Com Vítimas Feridas";"Pleno dia";"Crescente";"Céu Claro";"Simples";"Curva;Interseção de Vias;Declive";"Sim";7;0;4;0;2;2;4;4;-4,28125187;-38,49423541;"SPRF-CE";"DEL03-CE";"UOP02-DEL03-CE"
588770;2023-11-28;"terça-feira";"06:59:00";"PR";376;45;"NOVA LONDRINA";"Reação tardia ou ineficiente do condutor";"Colisão traseira";"Com Vítimas Feridas";"Pleno dia";"Crescente";"Ignorado";"Simples";"Reta";"Não";2;0;1;0;0;1;1;2;-22,86104724;-52,9656179;"SPRF-PR";"DEL09-PR";"UOP02-DEL09-PR"
589027;2023-12-21;"quinta-feira";"09:00:00";"MG";262;582,8;"CAMPOS ALTOS";"Chuva";"Colisão lateral mesmo sentido";"Com Vítimas Feridas";"Pleno dia";"Crescente";"Chuva";"Simples";"Reta";"Não";5;0;2;2;1;0;4;2;-19,66012;-46,08894;"SPRF-MG";"DEL08-MG";"UOP02-DEL08-MG"
589495;2023-09-10;"domingo";"21:00:00";"SC";101;73,3;"ARAQUARI";"Reação tardia ou ineficiente do condutor";"Engavetamento";"Com Vítimas Feridas";"Plena Noite";"Decrescente";"Nublado";"Dupla";"Reta";"Não";9;0;2;0;5;2;2;8;-26,53567108;-48,71326731;"SPRF-SC";"DEL03-SC";"UOP02-DEL03-SC"
589720;2023-09-07;"quinta-feira";"19:01:00";"MT";70;514,1;"VARZEA GRANDE";"Ausência de reação do condutor";"Colisão com objeto";"Sem Vítimas";"Plena Noite";"Decrescente";"Céu Claro";"Simples";"Reta";"Sim";2;0;0;0;1;1;0;2;-15,70619824;-56,13419371;"SPRF-MT";"DEL01-MT";"UOP02-DEL01-MT"
590906;2023-11-16;"quinta-feira";"11:39:00";"MG";262;387;"FLORESTAL";"Acessar a via sem observar a presença dos outros veículos";"Colisão traseira";"Com Vítimas Feridas";"Pleno dia";"Crescente";"Céu Claro";"Dupla";"Retorno Regulamentado;Reta";"Não";2;0;1;0;1;0;1;2;-19,93472988;-44,43457599;"SPRF-MG";"DEL01-MG";"UOP03-DEL01-MG"
591458;2023-05-19;"sexta-feira";"23:58:00";"RO";364;333;"JI-PARANA";"Redutor de velocidade em desacordo";"Colisão traseira";"Com Vítimas Feridas";"Plena Noite";"Crescente";"Céu Claro";"Simples";"Reta";"Não";4;0;1;1;1;1;2;3;-10,95763508;-61,91765021;"SPRF-RO";"DEL02-RO";"UOP01-DEL02-RO"
591563;2023-01-28;"sábado";"00:37:00";"PA";163;158;"ALTAMIRA";"Ausência de reação do condutor";"Tombamento";"Com Vítimas Fatais";"Plena Noite";"Crescente";"Ignorado";"Simples";"Reta";"Sim";2;1;0;0;0;1;0;2;-8,319565;-55,0993;"SPRF-PA";"DEL05-PA";"UOP02-DEL05-PA"
591704;2023-10-27;"sexta-feira";"10:45:00";"MG";365;27;"MONTES CLAROS";"Condutor deixou de manter distância do veículo da frente";"Colisão traseira";"Sem Vítimas";"Pleno dia";"Crescente";"Céu Claro";"Simples";"Reta";"Não";3;0;0;0;2;2;0;4;-16,84711553;-44,07790476;"SPRF-MG";"DEL12-MG";"UOP01-DEL12-MG"
591800;2023-12-27;"quarta-feira";"05:17:00";"RJ";40;86;"PETROPOLIS";"Problema com o freio";"Colisão traseira";"Com Vítimas Feridas";"Amanhecer";"Crescente";"Chuva";"Dupla";"Reta";"Não";23;0;8;1;14;0;9;2;-22,53575484;-43,23295774;"SPRF-RJ";"DEL01-RJ";"UOP01-DEL01-RJ"
591807;2023-12-20;"quarta-feira";"18:45:00";"RJ";116;171;"RIO DE JANEIRO";"Manobra de mudança de faixa";"Colisão lateral mesmo sentido";"Com Vítimas Feridas";"Amanhecer";"Decrescente";"Céu Claro";"Dupla";"Interseção de Vias;Reta";"Sim";4;0;1;0;2;1;1;3;-22,8060415;-43,34289573;"SPRF-RJ";"DEL06-RJ";"UOP01-DEL06-RJ"