"id";"data_inversa";"dia_semana";"horario";"uf";"br";"km";"municipio";"causa_acidente";"tipo_acidente";"classificacao_acidente";"fase_dia";"sentido_via";"condicao_metereologica";"tipo_pista";"tracado_via";"uso_solo";"pessoas";"mortos";"feridos_leves";"feridos_graves";"ilesos";"ignorados";"feridos";"veiculos";"latitude";"longitude";"regional";"delegacia";"uop"
591831;2023-12-31;"domingo";"02:35:00";"MG";116;574,9;"MANHUACU";"Condutor Dormindo";"Colisão frontal";"Com Vítimas Feridas";"Plena Noite";"Crescente";"Garoa/Chuvisco";"Simples";"Curva;Declive";"Não";4;0;1;2;0;1;3;3;-20,11476401;-42,18102184;"SPRF-MG";"DEL06-MG";"UOP03-DEL06-MG"
591880;2023-09-02;"sábado";"14:29:00";"PA";163;310;"NOVO PROGRESSO";"Reação tardia ou ineficiente do condutor";"Colisão frontal";"Com Vítimas Fatais";"Pleno dia";"Crescente";"Ignorado";"Dupla";"Curva";"Sim";2;1;0;0;0;1;0;2;-7,055771;-55,408294;"SPRF-PA";"DEL05-PA";"UOP02-DEL05-PA"
592003;2023-02-10;"sexta-feira";"14:55:00";"RJ";116;237;"PIRAI";"Reação tardia ou ineficiente do condutor";"Colisão traseira";"Com Vítimas Feridas";"Pleno dia";"Crescente";"Nublado";"Dupla";"Reta";"Não";3;0;0;1;2;0;1;3;-22,6648253;-43,8735;"SPRF-RJ";"DEL07-RJ";"UOP01-DEL07-RJ"
592885;2023-10-19;"quinta-feira";"09:30:00";"GO";153;521,5;"HIDROLANDIA";"Acessar a via sem observar a presença dos outros veículos";"Colisão traseira";"Com Vítimas Feridas";"Pleno dia";"Decrescente";"Nublado";"Dupla";"Retorno Regulamentado;Declive;Reta";"Sim";4;0;1;1;1;3;2;5;-16,8937;-49,2557;"SPRF-GO";"DEL01-GO";"UOP03-DEL01-GO"
594097;2023-11-28;"terça-feira";"13:20:00";"SE";101;68;"MARUIM";"Condutor deixou de manter distância do veículo da frente";"Colisão traseira";"Com Vítimas Feridas";"Pleno dia";"Crescente";"Sol";"Simples";"Reta";"Não";8;0;5;0;2;1;5;3;-10,72409501;-37,07334069;"SPRF-SE";"DEL01-SE";"UOP01-DEL01-SE"
594114;2023-08-28;"segunda-feira";"06:30:00";"PE";101;112,1;"IPOJUCA";"Velocidade Incompatível";"Colisão com objeto";"Com Vítimas Feridas";"Pleno dia";"Decrescente";"Céu Claro";"Dupla";"Curva";"Não";1;0;0;1;0;0;1;1;-8,327907;-35,1212;"SPRF-PE";"DEL01-PE";"UOP03-DEL01-PE"
594717;2023-07-24;"segunda-feira";"04:20:00";"MA";316;327;"OLHO DAGUA DAS CUNHAS";"Condutor Dormindo";"Tombamento";"Com Vítimas Feridas";"Amanhecer";"Crescente";"Céu Claro";"Simples";"Reta";"Não";2;0;1;0;0;1;1;2;-4,102784;-45,028259;"SPRF-MA";"DEL02-MA";"UOP01-DEL02-MA"
595429;2023-09-02;"sábado";"14:20:00";"PR";277;136;"BALSA NOVA";"Neblina";"Colisão traseira";"Com Vítimas Fatais";"Pleno dia";"Crescente";"Nevoeiro/Neblina";"Dupla";"Declive;Curva";"Não";95;5;6;6;38;88;12;131;-25,4713;-49,6948;"SPRF-PR";"DEL03-PR";"UOP03-DEL03-PR"
595689;2023-10-20;"sexta-feira";"13:00:00";"MA";135;459;"COLINAS";"Ultrapassagem Indevida";"Colisão frontal";"Com Vítimas Feridas";"Pleno dia";"Crescente";"Céu Claro";"Simples";"Reta";"Não";4;0;0;1;0;3;1;4;-6,174442;-44,093493;"SPRF-MA";"DEL05-MA";"UOP01-DEL05-MA"
595989;2023-11-20;"segunda-feira";"14:15:00";"MT";364;137;"PEDRA PRETA";"Velocidade Incompatível";"Tombamento";"Sem Vítimas";"Pleno dia";"Decrescente";"Céu Claro";"Simples";"Curva";"Não";3;0;0;0;2;3;0;5;-16,793147;-54,197147;"SPRF-MT";"DEL02-MT";"UOP01-DEL02-MT"
596091;2023-04-29;"sábado";"12:45:00";"DF";80;30;"BRASILIA";"Conversão proibida";"Colisão traseira";"Com Vítimas Feridas";"Pleno dia";"Crescente";"Céu Claro";"Simples";"Declive";"Não";8;0;4;1;2;2;5;5;-15,586337;-48,188095;"SPRF-DF";"DEL03-DF";"UOP02-DEL03-DF"
597598;2023-10-25;"quarta-feira";"06:19:00";"RO";364;601;"ITAPUA DO OESTE";"Manobra de mudança de faixa";"Colisão lateral mesmo sentido";"Sem Vítimas";"Pleno dia";"Decrescente";"Céu Claro";"Dupla";"Reta";"Não";3;0;0;0;0;3;0;2;-9,22239207;-63,1713643;"SPRF-RO";"DEL01-RO";"UOP04-DEL01-RO"
597881;2023-03-21;"terça-feira";"17:10:00";"MG";251;510,3;"FRANCISCO SA";"Velocidade Incompatível";"Colisão traseira";"Com Vítimas Feridas";"Pleno dia";"Crescente";"Nublado";"Simples";"Reta;Declive";"Não";22;0;14;6;1;2;20;4;-16,64567192;-43,70581503;"SPRF-MG";"DEL12-MG";"UOP01-DEL12-MG"
598657;2023-10-14;"sábado";"00:00:00";"SC";282;26,7;"SANTO AMARO DA IMPERATRIZ";"Conversão proibida";"Colisão transversal";"Sem Vítimas";"Plena Noite";"Decrescente";"Nublado";"Simples";"Interseção de Vias";"Sim";2;0;0;0;2;0;0;2;-27,680267;-48,762482;"SPRF-SC";"DEL01-SC";"UOP03-DEL01-SC"
600051;2023-07-28;"sexta-feira";"23:08:00";"MT";364;348,2;"SANTO ANTONIO DO LEVERGER";"Demais falhas mecânicas ou elétricas";"Colisão traseira";"Com Vítimas Fatais";"Plena Noite";"Crescente";"Céu Claro";"Dupla";"Curva;Declive";"Não";5;2;0;0;2;3;0;5;-15,79381889;-55,57292698;"SPRF-MT";"DEL05-MT";"UOP02-DEL05-MT"
601009;2023-01-21;"sábado";"13:55:00";"PE";104;64;"CARUARU";"Avarias e/ou desgaste excessivo no pneu";"Tombamento";"Com Vítimas Feridas";"Pleno dia";"Crescente";"Céu Claro";"Dupla";"Declive;Reta";"Sim";2;0;1;0;0;1;1;2;-8,2783;-35,9815;"SPRF-PE";"DEL02-PE";"UOP01-DEL02-PE"
601823;2023-12-28;"quinta-feira";"07:00:00";"GO";60;29;"ALEXANIA";"Ausência de reação do condutor";"Colisão traseira";"Com Vítimas Feridas";"Pleno dia";"Crescente";"Céu Claro";"Dupla";"Aclive;Curva";"Não";3;0;0;1;1;2;1;4;-16,0963;-48,5202;"SPRF-DF";"DEL03-DF";"UOP01-DEL03-DF"
602009;2023-12-18;"segunda-feira";"20:15:00";"PR";116;95,5;"SAO JOSE DOS PINHAIS";"Manobra de mudança de faixa";"Tombamento";"Com Vítimas Feridas";"Plena Noite";"Decrescente";"Nublado";"Dupla";"Declive;Reta";"Sim";2;0;1;0;0;1;1;2;-25,53231261;-49,14499462;"SPRF-PR";"DEL01-PR";"UOP07-DEL01-PR"
603310;2023-09-06;"quarta-feira";"15:35:00";"MA";135;67;"SANTA RITA";"Acostamento em desnível";"Colisão lateral mesmo sentido";"Com Vítimas Feridas";"Pleno dia";"Crescente";"Céu Claro";"Simples";"Reta";"Não";7;0;3;1;2;1;4;4;-3,11481199;-44,32344911;"SPRF-MA";"DEL01-MA";"UOP02-DEL01-MA"
603316;2023-12-12;"terça-feira";"21:30:00";"MG";116;776,2;"LEOPOLDINA";"Velocidade Incompatível";"Tombamento";"Com Vítimas Feridas";"Plena Noite";"Crescente";"Nublado";"Simples";"Declive;Curva";"Não";2;0;1;0;0;1;1;2;-21,59023796;-42,68715187;"SPRF-MG";"DEL07-MG";"UOP01-DEL07-MG"
603375;2023-11-16;"quinta-feira";"10:00:00";"BA";242;896;"LUIS EDUARDO MAGALHAES";"Acessar a via sem observar a presença dos outros veículos";"Colisão lateral mesmo sentido";"Com Vítimas Feridas";"Pleno dia";"Crescente";"Céu Claro";"Simples";"Reta";"Não";2;0;1;1;0;0;2;2;-12,07948928;-45,70617696;"SPRF-BA";"DEL10-BA";"UOP01-DEL10-BA"
603735;2023-11-04;"sábado";"17:45:00";"MG";251;254,5;"SANTA CRUZ DE SALINAS";"Demais falhas mecânicas ou elétricas";"Incêndio";"Sem Vítimas";"Anoitecer";"Crescente";"Nublado";"Simples";"Aclive;Curva";"Não";2;0;0;0;1;1;0;2;-15,99210731;-41,87936783;"SPRF-MG";"DEL12-MG";"UOP02-DEL12-MG"
604341;2023-09-23;"sábado";"02:00:00";"MG";381;423;"CAETE";"Velocidade Incompatível";"Saída de leito carroçável";"Com Vítimas Feridas";"Plena Noite";"Crescente";"Céu Claro";"Dupla";"Reta";"Sim";5;0;0;1;3;2;1;6;-19,78353087;-43,66633394;"SPRF-MG";"DEL01-MG";"UOP01-DEL01-MG"
605139;2023-11-10;"sexta-feira";"19:20:00";"RS";386;237;"SOLEDADE";"Reação tardia ou ineficiente do condutor";"Colisão traseira";"Sem Vítimas";"Plena Noite";"Crescente";"Céu Claro";"Simples";"Reta";"Não";4;0;0;0;3;1;0;3;-28,746569;-52,548145;"SPRF-RS";"DEL04-RS";"UOP03-DEL04-RS"
605151;2023-06-27;"terça-feira";"19:30:00";"PE";428;179;"PETROLINA";"Frear bruscamente";"Colisão traseira";"Sem Vítimas";"Plena Noite";"Crescente";"Garoa/Chuvisco";"Simples";"Reta";"Não";5;0;0;0;3;3;0;6;-9,29218306;-40,4457509;"SPRF-PE";"DEL06-PE";"UOP01-DEL06-PE"
606537;2023-05-04;"quinta-feira";"15:20:00";"PR";369;153;"LONDRINA";"Pedestre cruzava a pista fora da faixa";"Atropelamento de Pedestre";"Com Vítimas Feridas";"Pleno dia";"Crescente";"Céu Claro";"Dupla";"Declive;Reta";"Sim";2;0;1;0;0;1;1;2;-23,29378141;-51,18754506;"SPRF-PR";"DEL07-PR";"UOP01-DEL07-PR"
607364;2023-11-09;"quinta-feira";"13:11:00";"DF";70;16;"BRASILIA";"Desrespeitar a preferência no cruzamento";"Colisão lateral mesmo sentido";"Com Vítimas Feridas";"Pleno dia";"Crescente";"Céu Claro";"Dupla";"Rotatória";"Sim";2;0;1;0;1;0;1;2;-15,796144;-48,194225;"SPRF-DF";"DEL03-DF";"UOP02-DEL03-DF"
607433;2023-11-14;"terça-feira";"11:32:00";"SC";282;20,4;"PALHOCA";"Acumulo de óleo sobre o pavimento";"Tombamento";"Com Vítimas Fatais";"Pleno dia";"Crescente";"Chuva";"Simples";"Interseção de Vias";"Sim";3;1;0;0;2;0;0;3;-27,68689795;-48,71353263;"SPRF-SC";"DEL01-SC";"UOP02-DEL01-SC"
608109;2023-11-06;"segunda-feira";"19:20:00";"PA";158;754;"SANTANA DO ARAGUAIA";"Manobra de mudança de faixa";"Colisão com objeto";"Com Vítimas Feridas";"Plena Noite";"Crescente";"Céu Claro";"Simples";"Reta";"Não";2;0;0;1;0;1;1;2;-9,16839776;-50,35371859;"SPRF-PA";"DEL03-PA";"UOP01-DEL03-PA"
608182;2023-04-04;"terça-feira";"15:50:00";"MG";40;485;"ESMERALDAS";"Entrada inopinada do pedestre";"Atropelamento de Pedestre";"Com Vítimas Feridas";"Pleno dia";"Crescente";"Sol";"Dupla";"Retorno Regulamentado";"Não";3;0;1;0;2;0;1;2;-19,58095546;-44,22888821;"SPRF-MG";"DEL02-MG";"UOP01-DEL02-MG"
609954;2023-12-20;"quarta-feira";"12:36:00";"PA";163;312;"NOVO PROGRESSO";"Ultrapassagem Indevida";"Colisão frontal";"Com Vítimas Feridas";"Pleno dia";"Decrescente";"Céu Claro";"Simples";"Reta";"Sim";3;0;0;1;1;2;1;4;-7,04006395;-55,4149349;"SPRF-PA";"DEL05-PA";"UOP02-DEL05-PA"
611887;2023-12-22;"sexta-feira";"00:00:00";"PR";376;660;"TIJUCAS DO SUL";"Reação tardia ou ineficiente do condutor";"Colisão traseira";"Com Vítimas Feridas";"Plena Noite";"Decrescente";"Céu Claro";"Dupla";"Declive;Curva";"Não";7;0;4;0;2;1;4;3;-25,8516758;-49,00332398;"SPRF-PR";"DEL01-PR";"UOP04-DEL01-PR"
612209;2023-04-18;"terça-feira";"12:00:00";"MT";174;157,4;"GLORIA DOESTE";"Manobra de mudança de faixa";"Colisão frontal";"Com Vítimas Fatais";"Pleno dia";"Decrescente";"Céu Claro";"Simples";"Reta";"Não";3;1;0;0;1;3;0;5;-15,80819984;-58,36852698;"SPRF-MT";"DEL03-MT";"UOP01-DEL03-MT"
612705;2023-03-12;"domingo";"04:00:00";"MG";251;333,9;"FRUTA DE LEITE";"Reação tardia ou ineficiente do condutor";"Tombamento";"Com Vítimas Feridas";"Plena Noite";"Decrescente";"Céu Claro";"Simples";"Declive;Curva";"Não";2;0;0;1;0;2;1;3;-16,26288236;-42,40799904;"SPRF-MG";"DEL12-MG";"UOP02-DEL12-MG"
612707;2023-10-28;"sábado";"16:40:00";"PR";376;188;"MARIALVA";"Estacionar ou parar em local proibido";"Colisão traseira";"Com Vítimas Feridas";"Pleno dia";"Decrescente";"Céu Claro";"Múltipla";"Reta";"Sim";4;0;1;1;2;0;2;3;-23,46634923;-51,82808011;"SPRF-PR";"DEL09-PR";"UOP01-DEL09-PR"
612713;2023-12-15;"sexta-feira";"01:55:00";"PR";277;10;"PARANAGUA";"Acessar a via sem observar a presença dos outros veículos";"Colisão traseira";"Com Vítimas Feridas";"Plena Noite";"Decrescente";"Céu Claro";"Dupla";"Reta";"Não";4;0;1;1;1;2;2;4;-25,568198;-48,615292;"SPRF-PR";"DEL01-PR";"UOP05-DEL01-PR"
613340;2023-12-29;"sexta-feira";"11:35:00";"RS";386;415,5;"MONTENEGRO";"Reação tardia ou ineficiente do condutor";"Colisão lateral mesmo sentido";"Com Vítimas Feridas";"Pleno dia";"Decrescente";"Nublado";"Simples";"Reta";"Não";13;0;0;5;7;1;5;6;-29,817522;-51,473202;"SPRF-RS";"DEL04-RS";"UOP02-DEL04-RS"
615885;2023-11-24;"sexta-feira";"07:22:00";"SC";101;352;"JAGUARUNA";"Reação tardia ou ineficiente do condutor";"Colisão traseira";"Com Vítimas Feridas";"Pleno dia";"Decrescente";"Céu Claro";"Dupla";"Aclive;Reta";"Sim";3;0;0;1;2;0;1;2;-28,60489869;-49,05593332;"SPRF-SC";"DEL02-SC";"UOP01-DEL02-SC"
616125;2023-05-20;"sábado";"13:45:00";"CE";0;0;"MORADA NOVA";"Reação tardia ou ineficiente do condutor";"Colisão lateral sentido oposto";"Sem Vítimas";"Pleno dia";"Não Informado";"Céu Claro";"Simples";"Reta";"Não";2;0;0;0;2;0;0;2;-4,83723993;-38,39910507;NA;NA;NA
616819;2023-01-24;"terça-feira";"15:20:00";"RJ";101;308,4;"SAO GONCALO";"Ausência de reação do condutor";"Colisão traseira";"Com Vítimas Feridas";"Pleno dia";"Crescente";"Nublado";"Dupla";"Reta";"Sim";3;0;1;0;1;2;1;4;-22,79309326;-43,02479595;NA;NA;NA
619762;2023-11-08;"quarta-feira";"06:40:00";"BA";242;244;"ITABERABA";"Velocidade Incompatível";"Tombamento";"Com Vítimas Feridas";"Pleno dia";"Decrescente";"Céu Claro";"Simples";"Curva";"Não";2;0;0;1;0;2;1;3;-12,501019;-40,427317;NA;NA;NA
619871;2023-12-13;"quarta-feira";"06:50:00";"SC";101;215,8;"PALHOCA";"Condutor deixou de manter distância do veículo da frente";"Colisão lateral mesmo sentido";"Com Vítimas Feridas";"Pleno dia";"Crescente";"Céu Claro";"Dupla";"Reta;Interseção de Vias";"Sim";2;0;0;1;1;0;1;2;-27,65237092;-48,67664337;NA;NA;NA
499916;2023-01-18;"quarta-feira";"11:15:00";"RO";364;400,9;"OURO PRETO DO OESTE";"Ultrapassagem Indevida";"Colisão frontal";"Com Vítimas Feridas";"Pleno dia";"Crescente";"Céu Claro";"Simples";"Reta";"Não";3;0;1;0;2;0;1;3;-10,6037419;-62,34299189;"SPRF-RO";"DEL03-RO";"UOP02-DEL03-RO"
501106;2023-01-21;"sábado";"09:55:00";"MG";381;544;"ITATIAIUCU";"Condutor Dormindo";"Colisão traseira";"Sem Vítimas";"Pleno dia";"Crescente";"Chuva";"Dupla";"Reta";"Não";2;0;0;0;1;1;0;2;-20,28193579;-44,42882633;"SPRF-MG";"DEL04-MG";"UOP03-DEL04-MG"
504341;2023-02-10;"sexta-feira";"21:30:00";"GO";153;433;"ANAPOLIS";"Ausência de reação do condutor";"Colisão com objeto";"Com Vítimas Feridas";"Plena Noite";"Decrescente";"Chuva";"Simples";"Reta";"Sim";2;0;0;1;0;1;1;2;-16,270597;-48,975418;"SPRF-GO";"DEL02-GO";"UOP01-DEL02-GO"
504909;2023-02-13;"segunda-feira";"13:40:00";"SC";101;11;"GARUVA";"Carga excessiva e/ou mal acondicionada";"Colisão com objeto";"Com Vítimas Feridas";"Pleno dia";"Decrescente";"Céu Claro";"Dupla";"Reta";"Sim";4;0;1;1;0;2;2;3;-26,0815;-48,8617;"SPRF-SC";"DEL03-SC";"UOP01-DEL03-SC"
505772;2023-02-18;"sábado";"00:45:00";"RS";101;34,1;"TRES CACHOEIRAS";"Condutor Dormindo";"Colisão lateral mesmo sentido";"Sem Vítimas";"Plena Noite";"Decrescente";"Nublado";"Dupla";"Reta";"Não";2;0;0;0;0;2;0;2;-29,50900276;-49,98702728;"SPRF-RS";"DEL03-RS";"UOP02-DEL03-RS"
507026;2023-02-24;"sexta-feira";"17:00:00";"PI";316;2,9;"TERESINA";"Reação tardia ou ineficiente do condutor";"Colisão traseira";"Com Vítimas Feridas";"Pleno dia";"Crescente";"Céu Claro";"Múltipla";"Reta";"Sim";2;0;1;0;1;0;1;2;-5,12477477;-42,79848465;"SPRF-PI";"DEL01-PI";"UOP02-DEL01-PI"
507845;2023-03-01;"quarta-feira";"14:20:00";"RJ";116;233,1;"PIRAI";"Pedestre andava na pista";"Atropelamento de Pedestre";"Com Vítimas Fatais";"Pleno dia";"Decrescente";"Céu Claro";"Dupla";"Curva";"Sim";2;1;0;0;0;1;0;2;-22,65604007;-43,83713888;"SPRF-RJ";"DEL07-RJ";"UOP01-DEL07-RJ"
508027;2023-03-02;"quinta-feira";"15:58:00";"DF";20;3;"BRASILIA";"Chuva";"Colisão lateral mesmo sentido";"Com Vítimas Feridas";"Pleno dia";"Crescente";"Chuva";"Dupla";"Declive;Curva";"Sim";4;0;1;0;3;0;1;2;-15,679851;-47,832211;"SPRF-DF";"DEL02-DF";"UOP01-DEL02-DF"
511841;2023-03-11;"sábado";"03:30:00";"MG";50;176;"UBERABA";"Reação tardia ou ineficiente do condutor";"Colisão traseira";"Sem Vítimas";"Plena Noite";"Decrescente";"Céu Claro";"Dupla";"Reta";"Não";2;0;0;0;0;2;0;2;-19,77919981;-47,960032;"SPRF-MG";"DEL13-MG";"UOP01-DEL13-MG"
512066;2023-02-07;"terça-feira";"20:15:00";"SC";101;103,5;"BALNEARIO PICARRAS";"Manobra de mudança de faixa";"Colisão lateral mesmo sentido";"Sem Vítimas";"Plena Noite";"Crescente";"Céu Claro";"Dupla";"Reta";"Não";4;0;0;0;2;2;0;3;-26,7832381;-48,68314632;"SPRF-SC";"DEL03-SC";"UOP02-DEL03-SC"
513209;2023-03-27;"segunda-feira";"13:50:00";"SC";282;580;"PINHALZINHO";"Demais falhas mecânicas ou elétricas";"Incêndio";"Sem Vítimas";"Pleno dia";"Crescente";"Céu Claro";"Dupla";"Rotatória";"Sim";1;0;0;0;1;0;0;1;-26,82629768;-53,00374986;"SPRF-SC";"DEL07-SC";"UOP02-DEL07-SC"
515455;2023-04-07;"sexta-feira";"17:00:00";"PR";277;42,5;"MORRETES";"Ausência de reação do condutor";"Engavetamento";"Sem Vítimas";"Pleno dia";"Decrescente";"Nublado";"Dupla";"Curva;Declive";"Não";7;0;0;0;6;1;0;3;-25,59153263;-48,87668901;"SPRF-PR";"DEL01-PR";"UOP01-DEL01-PR"
516129;2023-04-10;"segunda-feira";"19:10:00";"MT";163;695;"LUCAS DO RIO VERDE";"Reação tardia ou ineficiente do condutor";"Colisão lateral mesmo sentido";"Com Vítimas Feridas";"Plena Noite";"Decrescente";"Céu Claro";"Simples";"Reta";"Não";2;0;0;1;0;1;1;2;-13,11801914;-55,95656369;"SPRF-MT";"DEL06-MT";"UOP01-DEL06-MT"
521715;2023-05-08;"segunda-feira";"04:15:00";"PE";101;49;"ABREU E LIMA";"Ausência de reação do condutor";"Colisão traseira";"Com Vítimas Feridas";"Amanhecer";"Decrescente";"Céu Claro";"Múltipla";"Reta";"Não";2;0;1;0;1;0;1;2;-7,9005152;-34,90180641;"SPRF-PE";"DEL01-PE";"UOP02-DEL01-PE"
521978;2023-05-09;"terça-feira";"11:00:00";"SC";101;115;"ITAJAI";"Acesso irregular";"Saída de leito carroçável";"Com Vítimas Feridas";"Pleno dia";"Crescente";"Nublado";"Dupla";"Reta";"Sim";2;0;0;1;1;0;1;2;-26,87064015;-48,72954134;"SPRF-SC";"DEL04-SC";"UOP04-DEL04-SC"
522455;2023-05-12;"sexta-feira";"01:00:00";"TO";153;335;"GUARAI";"Ingestão de álcool pelo condutor";"Colisão com objeto";"Com Vítimas Feridas";"Plena Noite";"Crescente";"Céu Claro";"Simples";"Reta";"Sim";2;0;0;1;0;1;1;2;-8,84481597;-48,5107318;"SPRF-TO";"DEL02-TO";"UOP02-DEL02-TO"
523841;2023-05-16;"terça-feira";"08:00:00";"GO";60;200;"GUAPO";"Demais falhas mecânicas ou elétricas";"Incêndio";"Sem Vítimas";"Pleno dia";"Crescente";"Céu Claro";"Dupla";"Reta";"Não";1;0;0;0;1;0;0;1;-16,8736;-49,6126;"SPRF-GO";"DEL01-GO";"UOP02-DEL01-GO"
525228;2023-05-25;"quinta-feira";"15:08:00";"PI";343;9,5;"PARNAIBA";"Manobra de mudança de faixa";"Colisão transversal";"Com Vítimas Feridas";"Pleno dia";"Decrescente";"Céu Claro";"Simples";"Reta";"Sim";4;0;1;1;0;2;2;4;-2,90061888;-41,73250616;"SPRF-PI";"DEL05-PI";"UOP01-DEL05-PI"
525238;2023-05-25;"quinta-feira";"16:20:00";"RN";101;112;"PARNAMIRIM";"Condutor usando celular";"Colisão traseira";"Com Vítimas Feridas";"Pleno dia";"Crescente";"Céu Claro";"Dupla";"Declive";"Não";2;0;1;0;1;0;1;2;-5,96429;-35,264877;"SPRF-RN";"DEL01-RN";"UOP01-DEL01-RN"
525346;2023-05-26;"sexta-feira";"07:15:00";"MG";381;487,5;"BETIM";"Ausência de reação do condutor";"Colisão traseira";"Com Vítimas Feridas";"Pleno dia";"Decrescente";"Céu Claro";"Múltipla";"Aclive;Reta";"Sim";3;0;1;1;0;1;2;2;-19,95694;-44,11921;"SPRF-MG";"DEL01-MG";"UOP03-DEL01-MG"
526507;2023-05-31;"quarta-feira";"12:16:00";"MG";381;909;"CAMANDUCAIA";"Reação tardia ou ineficiente do condutor";"Colisão traseira";"Com Vítimas Feridas";"Pleno dia";"Decrescente";"Chuva";"Dupla";"Reta";"Não";3;0;1;0;1;1;1;2;-22,724494;-46,1321;"SPRF-MG";"DEL16-MG";"UOP03-DEL16-MG"
528120;2023-06-08;"quinta-feira";"09:10:00";"PR";487;21,5;"ICARAIMA";"Ultrapassagem Indevida";"Colisão lateral mesmo sentido";"Com Vítimas Feridas";"Pleno dia";"Decrescente";"Céu Claro";"Simples";"Aclive";"Não";7;0;1;0;5;1;1;2;-23,39435;-53,626625;"SPRF-PR";"DEL06-PR";"UOP03-DEL06-PR"
529892;2023-06-16;"sexta-feira";"17:20:00";"TO";153;124;"WANDERLANDIA";"Demais falhas mecânicas ou elétricas";"Incêndio";"Sem Vítimas";"Plena Noite";"Crescente";"Céu Claro";"Simples";"Reta";"Não";1;0;0;0;1;0;0;1;-7,07030955;-48,12173029;"SPRF-TO";"DEL02-TO";"UOP01-DEL02-TO"
530054;2023-06-17;"sábado";"12:35:00";"MG";116;595;"SAO JOAO DO MANHUACU";"Condutor Dormindo";"Colisão traseira";"Com Vítimas Feridas";"Pleno dia";"Decrescente";"Sol";"Simples";"Reta";"Não";2;0;1;0;0;1;1;2;-20,29516807;-42,14747044;"SPRF-MG";"DEL06-MG";"UOP03-DEL06-MG"
530128;2023-06-17;"sábado";"18:30:00";"BA";101;896;"CARAVELAS";"Ausência de reação do condutor";"Colisão lateral sentido oposto";"Com Vítimas Feridas";"Plena Noite";"Decrescente";"Céu Claro";"Simples";"Curva";"Não";3;0;2;0;1;0;2;2;-17,74844237;-39,76391897;"SPRF-BA";"DEL09-BA";"UOP02-DEL09-BA"
533750;2023-07-05;"quarta-feira";"06:20:00";"BA";116;865,8;"VITORIA DA CONQUISTA";"Condutor deixou de manter distância do veículo da frente";"Colisão traseira";"Com Vítimas Feridas";"Pleno dia";"Crescente";"Garoa/Chuvisco";"Simples";"Aclive;Reta";"Não";3;0;1;0;1;1;1;2;-15,17345;-41,06499;"SPRF-BA";"DEL08-BA";"UOP01-DEL08-BA"
535078;2023-07-11;"terça-feira";"03:30:00";"MG";40;628,1;"CONSELHEIRO LAFAIETE";"Velocidade Incompatível";"Saída de leito carroçável";"Com Vítimas Feridas";"Plena Noite";"Decrescente";"Céu Claro";"Dupla";"Reta";"Sim";2;0;0;1;1;0;1;2;-20,648012;-43,809537;"SPRF-MG";"DEL05-MG";"UOP02-DEL05-MG"
536050;2023-07-15;"sábado";"16:50:00";"PE";232;250;"ARCOVERDE";"Ausência de reação do condutor";"Engavetamento";"Com Vítimas Feridas";"Pleno dia";"Crescente";"Céu Claro";"Simples";"Reta";"Não";6;0;2;0;3;1;2;3;-8,42350887;-37,05286107;"SPRF-PE";"DEL04-PE";"UOP02-DEL04-PE"
536054;2023-07-15;"sábado";"18:00:00";"PR";277;633,1;"CEU AZUL";"Acessar a via sem observar a presença dos outros veículos";"Colisão lateral mesmo sentido";"Com Vítimas Feridas";"Anoitecer";"Decrescente";"Céu Claro";"Simples";"Curva;Interseção de Vias";"Não";3;0;0;1;1;1;1;3;-25,12585236;-53,81903487;"SPRF-PR";"DEL05-PR";"UOP02-DEL05-PR"
537841;2023-07-24;"segunda-feira";"06:20:00";"SC";470;4,1;"NAVEGANTES";"Acessar a via sem observar a presença dos outros veículos";"Colisão transversal";"Com Vítimas Feridas";"Amanhecer";"Crescente";"Céu Claro";"Simples";"Em Obras;Interseção de Vias;Reta";"Sim";2;0;1;0;0;1;1;2;-26,858473;-48,690788;"SPRF-SC";"DEL04-SC";"UOP04-DEL04-SC"
538564;2023-07-27;"quinta-feira";"10:50:00";"RJ";101;296;"ITABORAI";"Condutor deixou de manter distância do veículo da frente";"Colisão lateral mesmo sentido";"Sem Vítimas";"Pleno dia";"Decrescente";"Céu Claro";"Dupla";"Reta";"Não";2;0;0;0;2;0;0;2;-22,7670498;-42,91019601;"SPRF-RJ";"DEL02-RJ";"UOP02-DEL02-RJ"
541216;2023-08-09;"quarta-feira";"07:10:00";"PR";467;82;"CASCAVEL";"Condutor deixou de manter distância do veículo da frente";"Colisão traseira";"Com Vítimas Feridas";"Pleno dia";"Crescente";"Chuva";"Dupla";"Reta;Aclive";"Não";4;0;1;1;2;0;2;2;-24,8057;-53,6718;"SPRF-PR";"DEL04-PR";"UOP01-DEL04-PR"
542818;2023-08-17;"quinta-feira";"06:50:00";"MT";364;277,8;"JACIARA";"Reação tardia ou ineficiente do condutor";"Colisão traseira";"Com Vítimas Feridas";"Pleno dia";"Crescente";"Sol";"Dupla";"Curva";"Não";2;0;1;0;0;1;1;2;-15,95076591;-54,99952397;"SPRF-MT";"DEL05-MT";"UOP02-DEL05-MT"
544425;2023-08-24;"quinta-feira";"08:30:00";"MT";158;633;"AGUA BOA";"Falta de acostamento";"Saída de leito carroçável";"Sem Vítimas";"Plena Noite";"Decrescente";"Céu Claro";"Simples";"Curva";"Não";1;0;0;0;1;0;0;1;-14,53691046;-52,32954037;"SPRF-MT";"DEL07-MT";"UOP02-DEL07-MT"