"id";"data_inversa";"dia_semana";"horario";"uf";"br";"km";"municipio";"causa_acidente";"tipo_acidente";"classificacao_acidente";"fase_dia";"sentido_via";"condicao_metereologica";"tipo_pista";"tracado_via";"uso_solo";"pessoas";"mortos";"feridos_leves";"feridos_graves";"ilesos";"ignorados";"feridos";"veiculos";"latitude";"longitude";"regional";"delegacia";"uop"
545842;2023-09-01;"sexta-feira";"11:40:00";"PR";153;330;"IRATI";"Carga excessiva e/ou mal acondicionada";"Tombamento";"Sem Vítimas";"Pleno dia";"Crescente";"Céu Claro";"Simples";"Rotatória";"Sim";1;0;0;0;1;0;0;1;-25,45471011;-50,6196247;"SPRF-PR";"DEL08-PR";"UOP02-DEL08-PR"
546106;2023-09-02;"sábado";"15:10:00";"CE";116;26;"AQUIRAZ";"Ausência de reação do condutor";"Colisão com objeto";"Com Vítimas Feridas";"Pleno dia";"Decrescente";"Sol";"Dupla";"Reta";"Não";2;0;1;0;1;0;1;2;-3,98418708;-38,5151357;"SPRF-CE";"DEL01-CE";"UOP02-DEL01-CE"
547472;2023-08-16;"quarta-feira";"05:30:00";"MG";262;690,6;"ARAXA";"Condutor deixou de manter distância do veículo da frente";"Colisão traseira";"Com Vítimas Feridas";"Amanhecer";"Crescente";"Céu Claro";"Simples";"Reta;Declive";"Não";4;0;1;0;2;1;1;2;-19,54864;-46,94675;"SPRF-MG";"DEL08-MG";"UOP01-DEL08-MG"
550549;2023-09-24;"domingo";"00:20:00";"TO";153;496;"PARAISO DO TOCANTINS";"Ingestão de álcool pelo condutor";"Colisão lateral mesmo sentido";"Com Vítimas Feridas";"Plena Noite";"Crescente";"Céu Claro";"Simples";"Declive";"Sim";2;0;1;0;0;1;1;2;-10,18719376;-48,88044834;"SPRF-TO";"DEL01-TO";"UOP01-DEL01-TO"
552525;2023-10-02;"segunda-feira";"22:30:00";"MG";381;602;"CARMOPOLIS DE MINAS";"Condutor Dormindo";"Colisão traseira";"Com Vítimas Feridas";"Plena Noite";"Crescente";"Nublado";"Dupla";"Reta;Aclive";"Não";2;0;1;0;0;1;1;2;-20,64093399;-44,73754786;"SPRF-MG";"DEL04-MG";"UOP01-DEL04-MG"
553518;2023-10-07;"sábado";"18:23:00";"AC";364;144;"RIO BRANCO";"Deficiência do Sistema de Iluminação/Sinalização";"Queda de ocupante de veículo";"Com Vítimas Feridas";"Anoitecer";"Decrescente";"Nublado";"Dupla";"Reta";"Não";2;0;0;1;0;1;1;2;-9,91988701;-67,88789905;"SPRF-AC";"DEL01-AC";"UOP01-DEL01-AC"
553894;2023-10-05;"quinta-feira";"04:45:00";"RJ";116;197;"QUEIMADOS";"Ingestão de substâncias psicoativas pelo condutor";"Colisão traseira";"Com Vítimas Fatais";"Amanhecer";"Crescente";"Chuva";"Dupla";"Reta";"Não";3;1;0;1;1;0;1;2;-22,72980637;-43,56512004;"SPRF-RJ";"DEL01-RJ";"UOP02-DEL01-RJ"
553901;2023-10-09;"segunda-feira";"10:00:00";"GO";40;47;"LUZIANIA";"Problema com o freio";"Incêndio";"Sem Vítimas";"Pleno dia";"Crescente";"Céu Claro";"Simples";"Reta;Aclive";"Não";1;0;0;0;1;0;0;1;-16,419948;-47,824968;"SPRF-DF";"DEL01-DF";"UOP02-DEL01-DF"
554216;2023-10-10;"terça-feira";"21:00:00";"PR";163;179;"LINDOESTE";"Demais falhas mecânicas ou elétricas";"Incêndio";"Sem Vítimas";"Plena Noite";"Decrescente";"Céu Claro";"Dupla";"Reta";"Não";1;0;0;0;1;0;0;1;-25,18414998;-53,60151089;"SPRF-PR";"DEL05-PR";"UOP05-DEL05-PR"
555829;2023-10-19;"quinta-feira";"06:00:00";"BA";101;178;"SAO GONCALO DOS CAMPOS";"Demais Fenômenos da natureza";"Incêndio";"Sem Vítimas";"Amanhecer";"Crescente";"Céu Claro";"Simples";"Reta";"Não";1;0;0;0;1;0;0;1;-12,519078;-38,970829;"SPRF-BA";"DEL01-BA";"UOP03-DEL01-BA"
556105;2023-10-20;"sexta-feira";"13:10:00";"ES";101;373,5;"ICONHA";"Reação tardia ou ineficiente do condutor";"Colisão traseira";"Com Vítimas Feridas";"Pleno dia";"Decrescente";"Nublado";"Simples";"Reta";"Não";2;0;0;1;0;1;1;2;-20,78076895;-40,78058417;"SPRF-ES";"DEL03-ES";"UOP01-DEL03-ES"
558106;2023-09-25;"segunda-feira";"17:02:00";"RN";304;253;"SANTA MARIA";"Ausência de reação do condutor";"Colisão traseira";"Com Vítimas Fatais";"Anoitecer";"Decrescente";"Céu Claro";"Simples";"Reta";"Não";2;1;0;0;0;1;0;2;-5,83524323;-35,72709304;"SPRF-RN";"DEL01-RN";"UOP02-DEL01-RN"
558787;2023-11-02;"quinta-feira";"18:09:00";"MT";364;166;"PEDRA PRETA";"Ultrapassagem Indevida";"Saída de leito carroçável";"Com Vítimas Feridas";"Anoitecer";"Crescente";"Céu Claro";"Simples";"Reta";"Sim";5;0;3;1;0;1;4;2;-16,671022;-54,306168;"SPRF-MT";"DEL02-MT";"UOP01-DEL02-MT"
560337;2023-11-10;"sexta-feira";"15:45:00";"TO";226;32,5;"DARCINOPOLIS";"Condutor Dormindo";"Colisão traseira";"Com Vítimas Feridas";"Pleno dia";"Crescente";"Céu Claro";"Simples";"Curva;Aclive";"Não";5;0;1;0;1;3;1;3;-6,654036;-47,718834;"SPRF-TO";"DEL02-TO";"UOP03-DEL02-TO"
560719;2023-11-12;"domingo";"02:25:00";"MG";50;72,3;"UBERLANDIA";"Ingestão de álcool pelo condutor";"Colisão traseira";"Com Vítimas Feridas";"Plena Noite";"Decrescente";"Céu Claro";"Dupla";"Reta";"Sim";2;0;1;0;0;1;1;2;-18,85140204;-48,25345932;"SPRF-MG";"DEL15-MG";"UOP01-DEL15-MG"
561847;2023-09-17;"domingo";"16:20:00";"PR";369;247;"BOM SUCESSO";"Condutor deixou de manter distância do veículo da frente";"Colisão traseira";"Com Vítimas Feridas";"Pleno dia";"Decrescente";"Céu Claro";"Simples";"Aclive";"Não";2;0;0;1;0;1;1;2;-23,70375496;-51,72976971;"SPRF-PR";"DEL09-PR";"UOP01-DEL09-PR"
562175;2023-11-19;"domingo";"01:15:00";"MG";381;507,7;"SAO JOAQUIM DE BICAS";"Velocidade Incompatível";"Colisão com objeto";"Com Vítimas Feridas";"Plena Noite";"Decrescente";"Céu Claro";"Múltipla";"Curva";"Sim";3;0;0;2;0;1;2;2;-20,05643192;-44,28663308;"SPRF-MG";"DEL01-MG";"UOP03-DEL01-MG"
564216;2023-11-21;"terça-feira";"06:30:00";"MG";40;510;"RIBEIRAO DAS NEVES";"Manobra de mudança de faixa";"Colisão lateral mesmo sentido";"Sem Vítimas";"Pleno dia";"Decrescente";"Céu Claro";"Simples";"Reta";"Sim";2;0;0;0;1;1;0;2;-19,78288295;-44,11628908;"SPRF-MG";"DEL01-MG";"UOP02-DEL01-MG"
564894;2023-12-01;"sexta-feira";"20:50:00";"BA";324;357;"CAPIM GROSSO";"Trafegar com motocicleta (ou similar) entre as faixas";"Colisão traseira";"Com Vítimas Fatais";"Plena Noite";"Crescente";"Céu Claro";"Simples";"Reta";"Não";2;1;0;0;1;0;0;2;-11,38495282;-39,99661594;"SPRF-BA";"DEL04-BA";"UOP02-DEL04-BA"
565975;2023-12-06;"quarta-feira";"23:30:00";"GO";153;435,9;"ANAPOLIS";"Condutor deixou de manter distância do veículo da frente";"Colisão traseira";"Com Vítimas Feridas";"Plena Noite";"Decrescente";"Céu Claro";"Dupla";"Aclive;Reta";"Sim";2;0;0;1;0;1;1;2;-16,25157;-48,99474;"SPRF-GO";"DEL02-GO";"UOP01-DEL02-GO"
565987;2023-12-07;"quinta-feira";"02:06:00";"PB";230;45,5;"SANTA RITA";"Demais falhas mecânicas ou elétricas";"Incêndio";"Sem Vítimas";"Plena Noite";"Decrescente";"Céu Claro";"Dupla";"Reta";"Não";1;0;0;0;0;1;0;1;-7,1583;-35,0176;"SPRF-PB";"DEL01-PB";"UOP03-DEL01-PB"
568697;2023-12-18;"segunda-feira";"08:30:00";"MG";40;633,4;"CONSELHEIRO LAFAIETE";"Reação tardia ou ineficiente do condutor";"Colisão traseira";"Com Vítimas Feridas";"Pleno dia";"Decrescente";"Céu Claro";"Simples";"Reta";"Sim";4;0;1;1;1;1;2;3;-20,68750752;-43,79111049;"SPRF-MG";"DEL05-MG";"UOP02-DEL05-MG"
570804;2023-12-26;"terça-feira";"18:00:00";"BA";110;278;"INHAMBUPE";"Ausência de reação do condutor";"Colisão traseira";"Com Vítimas Feridas";"Anoitecer";"Crescente";"Céu Claro";"Simples";"Curva";"Não";3;0;1;0;2;0;1;2;-11,6744979;-38,31183625;"SPRF-BA";"DEL01-BA";"UOP04-DEL01-BA"
573341;2023-12-16;"sábado";"14:00:00";"PB";101;89;"JOAO PESSOA";"Acessar a via sem observar a presença dos outros veículos";"Tombamento";"Sem Vítimas";"Pleno dia";"Decrescente";"Ignorado";"Dupla";"Reta";"Sim";2;0;0;0;1;1;0;2;-7,1710694;-34,89765372;"SPRF-PB";"DEL01-PB";"UOP02-DEL01-PB"
502947;2023-02-03;"sexta-feira";"22:40:00";"RN";406;110,9;"JOAO CAMARA";"Animais na Pista";"Colisão frontal";"Com Vítimas Feridas";"Plena Noite";"Crescente";"Céu Claro";"Simples";"Reta";"Não";11;0;7;3;0;2;10;4;-5,558301;-35,749017;"SPRF-RN";"DEL02-RN";"UOP01-DEL02-RN"
509816;2023-03-03;"sexta-feira";"21:00:00";"MS";163;233;"CAARAPO";"Acessar a via sem observar a presença dos outros veículos";"Colisão traseira";"Com Vítimas Feridas";"Plena Noite";"Crescente";"Céu Claro";"Dupla";"Reta";"Não";4;0;3;0;0;1;3;3;-22,44263067;-54,82680831;"SPRF-MS";"DEL04-MS";"UOP02-DEL04-MS"
511533;2023-03-19;"domingo";"14:15:00";"MG";381;749,8;"TRES CORACOES";"Velocidade Incompatível";"Colisão com objeto";"Com Vítimas Feridas";"Pleno dia";"Crescente";"Céu Claro";"Dupla";"Reta";"Não";2;0;1;0;0;1;1;2;-21,66281681;-45,30798018;"SPRF-MG";"DEL16-MG";"UOP02-DEL16-MG"
512433;2023-03-23;"quinta-feira";"22:30:00";"RS";158;279,9;"JULIO DE CASTILHOS";"Transitar na contramão";"Colisão frontal";"Com Vítimas Fatais";"Plena Noite";"Decrescente";"Céu Claro";"Simples";"Reta";"Não";3;1;0;0;1;1;0;3;-29,37033501;-53,67125511;"SPRF-RS";"DEL09-RS";"UOP01-DEL09-RS"
513386;2023-03-28;"terça-feira";"14:00:00";"PE";101;35;"IGARASSU";"Demais falhas mecânicas ou elétricas";"Saída de leito carroçável";"Com Vítimas Feridas";"Pleno dia";"Decrescente";"Céu Claro";"Dupla";"Reta";"Não";3;0;0;1;1;1;1;2;-7,77952193;-34,93231384;"SPRF-PE";"DEL01-PE";"UOP02-DEL01-PE"
524380;2023-05-21;"domingo";"02:00:00";"SC";101;377;"ICARA";"Transitar na contramão";"Colisão frontal";"Com Vítimas Feridas";"Plena Noite";"Decrescente";"Céu Claro";"Simples";"Reta";"Não";4;0;1;0;2;1;1;3;-28,74448343;-49,25703049;"SPRF-SC";"DEL02-SC";"UOP01-DEL02-SC"
524679;2023-05-22;"segunda-feira";"10:25:00";"PI";316;165;"ELESBAO VELOSO";"Pista esburacada";"Saída de leito carroçável";"Com Vítimas Feridas";"Pleno dia";"Decrescente";"Céu Claro";"Simples";"Reta";"Não";2;0;0;1;0;1;1;2;-6,21662886;-42,08176795;"SPRF-PI";"DEL04-PI";"UOP02-DEL04-PI"
529852;2023-06-16;"sexta-feira";"15:15:00";"MG";40;632,5;"CONSELHEIRO LAFAIETE";"Conversão proibida";"Colisão transversal";"Com Vítimas Feridas";"Pleno dia";"Decrescente";"Céu Claro";"Simples";"Curva";"Sim";4;0;1;1;1;2;2;4;-20,67348593;-43,7968977;"SPRF-MG";"DEL05-MG";"UOP02-DEL05-MG"
534874;2023-07-09;"domingo";"18:15:00";"MS";60;153,4;"CAMAPUA";"Ingestão de álcool pelo condutor";"Colisão lateral sentido oposto";"Sem Vítimas";"Plena Noite";"Decrescente";"Céu Claro";"Simples";"Reta";"Não";4;0;0;0;3;2;0;4;-19,40452542;-53,69289299;"SPRF-MS";"DEL06-MS";"UOP02-DEL06-MS"
537292;2023-07-21;"sexta-feira";"22:30:00";"PE";232;162;"TACAIMBO";"Manobra de mudança de faixa";"Colisão frontal";"Com Vítimas Fatais";"Plena Noite";"Crescente";"Céu Claro";"Simples";"Reta";"Não";5;1;2;1;0;1;3;4;-8,33279019;-36,27154399;"SPRF-PE";"DEL03-PE";"UOP02-DEL03-PE"
540384;2023-08-05;"sábado";"13:30:00";"PI";343;326;"TERESINA";"Demais falhas mecânicas ou elétricas";"Colisão frontal";"Com Vítimas Feridas";"Pleno dia";"Crescente";"Sol";"Simples";"Curva";"Não";4;0;1;0;2;1;1;3;-5,069462;-42,617474;"SPRF-PI";"DEL01-PI";"UOP01-DEL01-PI"
541355;2023-08-10;"quinta-feira";"06:50:00";"MG";381;456,2;"BELO HORIZONTE";"Transitar na contramão";"Colisão frontal";"Sem Vítimas";"Pleno dia";"Decrescente";"Nublado";"Dupla";"Declive;Reta";"Sim";3;0;0;0;2;3;0;5;-19,85862954;-43,91292495;"SPRF-MG";"DEL01-MG";"UOP01-DEL01-MG"
542240;2023-08-13;"domingo";"18:00:00";"MS";60;49,9;"PARAISO DAS AGUAS";"Demais falhas mecânicas ou elétricas";"Colisão com objeto";"Sem Vítimas";"Anoitecer";"Crescente";"Nublado";"Simples";"Reta";"Não";8;0;0;0;6;2;0;4;-18,97663281;-52,90706404;"SPRF-MS";"DEL08-MS";"UOP01-DEL08-MS"
544244;2023-08-09;"quarta-feira";"04:40:00";"RJ";493;101;"SEROPEDICA";"Pista Escorregadia";"Saída de leito carroçável";"Com Vítimas Feridas";"Plena Noite";"Decrescente";"Chuva";"Dupla";"Reta;Viaduto";"Não";3;0;2;0;0;1;2;2;-22,7523926;-43,72791778;"SPRF-RJ";"DEL03-RJ";"UOP01-DEL03-RJ"
556586;2023-10-22;"domingo";"12:00:00";"MG";153;155;"COMENDADOR GOMES";"Ausência de reação do condutor";"Saída de leito carroçável";"Com Vítimas Feridas";"Pleno dia";"Decrescente";"Céu Claro";"Simples";"Reta;Aclive";"Não";4;0;2;0;1;2;2;3;-19,62824275;-48,935707;"SPRF-MG";"DEL13-MG";"UOP02-DEL13-MG"
556819;2023-10-23;"segunda-feira";"19:00:00";"BA";116;822;"VITORIA DA CONQUISTA";"Ausência de reação do condutor";"Colisão transversal";"Com Vítimas Feridas";"Plena Noite";"Crescente";"Céu Claro";"Dupla";"Reta;Retorno Regulamentado";"Sim";3;0;1;0;1;1;1;3;-14,84683122;-40,84807053;"SPRF-BA";"DEL08-BA";"UOP01-DEL08-BA"
561360;2023-11-14;"terça-feira";"21:00:00";"PR";376;5;"MARINGA";"Ingestão de álcool pelo condutor";"Colisão traseira";"Sem Vítimas";"Plena Noite";"Crescente";"Garoa/Chuvisco";"Dupla";"Reta";"Não";3;0;0;0;2;1;0;3;-23,38439548;-51,96619034;"SPRF-PR";"DEL09-PR";"UOP01-DEL09-PR"
562718;2023-10-04;"quarta-feira";"12:05:00";"SP";116;509;"CAJATI";"Chuva";"Saída de leito carroçável";"Sem Vítimas";"Pleno dia";"Decrescente";"Chuva";"Dupla";"Curva";"Não";3;0;0;0;2;3;0;4;-24,82178987;-48,21419034;"SPRF-SP";"DEL05-SP";"UOP02-DEL05-SP"
570223;2023-12-23;"sábado";"21:30:00";"PI";20;346,6;"SANTO ANTONIO DE LISBOA";"Transitar na contramão";"Colisão frontal";"Com Vítimas Feridas";"Plena Noite";"Crescente";"Céu Claro";"Simples";"Aclive;Reta";"Não";3;0;0;1;1;2;1;4;-6,9249953;-41,14217567;"SPRF-PI";"DEL04-PI";"UOP01-DEL04-PI"
576642;2023-12-24;"domingo";"21:51:00";"PI";343;549;"FRANCISCO AYRES";"Reação tardia ou ineficiente do condutor";"Saída de leito carroçável";"Com Vítimas Feridas";"Plena Noite";"Decrescente";"Céu Claro";"Simples";"Reta";"Não";6;0;3;2;0;1;5;2;-6,76041993;-42,81269073;"SPRF-PI";"DEL03-PI";"UOP01-DEL03-PI"
577390;2023-12-28;"quinta-feira";"12:45:00";"RS";290;25,7;"SANTO ANTONIO DA PATRULHA";"Manobra de mudança de faixa";"Colisão lateral mesmo sentido";"Com Vítimas Feridas";"Pleno dia";"Decrescente";"Céu Claro";"Múltipla";"Reta";"Não";4;0;1;0;2;2;1;4;-29,88049495;-50,5040431;"SPRF-RS";"DEL03-RS";"UOP01-DEL03-RS"
496951;2023-01-03;"terça-feira";"06:30:00";"SC";282;19;"PALHOCA";"Frear bruscamente";"Colisão lateral sentido oposto";"Sem Vítimas";"Pleno dia";"Decrescente";"Nublado";"Simples";"Viaduto;Reta";"Não";3;0;0;0;2;1;0;3;-27,678635;-48,70192;"SPRF-SC";"DEL01-SC";"UOP02-DEL01-SC"
497487;2023-01-05;"quinta-feira";"21:00:00";"SC";470;60;"BLUMENAU";"Ingestão de álcool e/ou substâncias psicoativas pelo pedestre";"Atropelamento de Pedestre";"Com Vítimas Feridas";"Plena Noite";"Crescente";"Ignorado";"Dupla";"Em Obras;Reta;Desvio Temporário";"Sim";3;0;0;1;1;1;1;3;-26,88138;-49,164543;"SPRF-SC";"DEL04-SC";"UOP01-DEL04-SC"
497502;2023-01-06;"sexta-feira";"01:00:00";"SP";116;227;"SAO PAULO";"Ausência de reação do condutor";"Colisão traseira";"Sem Vítimas";"Plena Noite";"Decrescente";"Chuva";"Múltipla";"Reta";"Sim";3;0;0;0;1;2;0;3;-23,49659264;-46,55648754;"SPRF-SP";"DEL01-SP";"UOP01-DEL01-SP"
497503;2023-01-06;"sexta-feira";"01:10:00";"SC";101;81;"BARRA VELHA";"Demais falhas mecânicas ou elétricas";"Saída de leito carroçável";"Sem Vítimas";"Plena Noite";"Crescente";"Nublado";"Dupla";"Reta";"Não";2;0;0;0;1;1;0;2;-26,60256101;-48,72553524;"SPRF-SC";"DEL03-SC";"UOP02-DEL03-SC"
497541;2023-01-06;"sexta-feira";"08:40:00";"RS";386;192;"SANTO ANTONIO DO PLANALTO";"Demais falhas mecânicas ou elétricas";"Incêndio";"Sem Vítimas";"Pleno dia";"Decrescente";"Céu Claro";"Simples";"Interseção de Vias;Rotatória";"Sim";2;0;0;0;1;1;0;2;-28,394838;-52,692043;"SPRF-RS";"DEL08-RS";"UOP01-DEL08-RS"
497699;2023-01-07;"sábado";"04:05:00";"PR";376;17;"MARINGA";"Ausência de reação do condutor";"Saída de leito carroçável";"Com Vítimas Fatais";"Amanhecer";"Decrescente";"Céu Claro";"Dupla";"Curva";"Sim";3;1;0;0;1;1;0;3;-23,431925;-51,887189;"SPRF-PR";"DEL09-PR";"UOP01-DEL09-PR"
498117;2023-01-09;"segunda-feira";"01:50:00";"BA";324;442,7;"RIACHAO DO JACUIPE";"Ingestão de álcool pelo condutor";"Colisão frontal";"Com Vítimas Fatais";"Plena Noite";"Decrescente";"Céu Claro";"Simples";"Aclive;Reta";"Não";4;1;0;0;1;2;0;4;-11,82877428;-39,36212626;"SPRF-BA";"DEL02-BA";"UOP01-DEL02-BA"
498285;2023-01-09;"segunda-feira";"17:17:00";"RO";364;647;"CANDEIAS DO JAMARI";"Acessar a via sem observar a presença dos outros veículos";"Colisão lateral sentido oposto";"Sem Vítimas";"Pleno dia";"Crescente";"Céu Claro";"Simples";"Reta;Aclive";"Não";5;0;0;0;4;1;0;3;-8,94821102;-63,42977111;"SPRF-RO";"DEL01-RO";"UOP04-DEL01-RO"
498454;2023-01-10;"terça-feira";"22:30:00";"MG";381;719,3;"CARMO DA CACHOEIRA";"Demais falhas mecânicas ou elétricas";"Atropelamento de Pedestre";"Com Vítimas Fatais";"Plena Noite";"Decrescente";"Céu Claro";"Dupla";"Reta";"Não";4;1;0;0;2;1;0;3;-21,45321803;-45,21174621;"SPRF-MG";"DEL04-MG";"UOP02-DEL04-MG"
498935;2023-01-13;"sexta-feira";"14:42:00";"RO";364;344;"JI-PARANA";"Manobra de mudança de faixa";"Colisão lateral mesmo sentido";"Com Vítimas Feridas";"Pleno dia";"Crescente";"Nublado";"Dupla";"Reta;Interseção de Vias";"Sim";3;0;1;0;1;1;1;3;-10,88381227;-61,93741416;"SPRF-RO";"DEL02-RO";"UOP01-DEL02-RO"
499052;2023-01-14;"sábado";"05:40:00";"RR";174;513;"BOA VISTA";"Iluminação deficiente";"Colisão traseira";"Com Vítimas Feridas";"Amanhecer";"Decrescente";"Céu Claro";"Simples";"Reta";"Não";4;0;2;0;1;1;2;3;2,88055;-60,698753;"SPRF-RR";"DEL01-RR";"UOP01-DEL01-RR"
499412;2023-01-15;"domingo";"22:00:00";"GO";414;410;"ABADIANIA";"Ingestão de álcool pelo condutor";"Colisão frontal";"Sem Vítimas";"Plena Noite";"Crescente";"Céu Claro";"Simples";"Reta";"Sim";4;0;0;0;2;2;0;3;-16,05858626;-48,85401759;"SPRF-GO";"DEL02-GO";"UOP01-DEL02-GO"
499557;2023-01-11;"quarta-feira";"02:15:00";"MG";365;300;"SAO GONCALO DO ABAETE";"Reação tardia ou ineficiente do condutor";"Colisão frontal";"Com Vítimas Feridas";"Plena Noite";"Crescente";"Chuva";"Simples";"Aclive";"Não";9;0;5;1;2;1;6;3;-18,14923115;-45,75725987;"SPRF-MG";"DEL10-MG";"UOP01-DEL10-MG"
499615;2023-01-16;"segunda-feira";"19:15:00";"RN";405;6;"MOSSORO";"Deficiência do Sistema de Iluminação/Sinalização";"Colisão traseira";"Com Vítimas Feridas";"Plena Noite";"Decrescente";"Céu Claro";"Simples";"Reta";"Não";4;0;1;0;2;1;1;3;-5,19609575;-37,40700697;"SPRF-RN";"DEL04-RN";"UOP02-DEL04-RN"
499701;2023-01-17;"terça-feira";"10:30:00";"RN";304;47,8;"MOSSORO";"Acessar a via sem observar a presença dos outros veículos";"Colisão traseira";"Com Vítimas Feridas";"Pleno dia";"Decrescente";"Céu Claro";"Dupla";"Reta";"Sim";3;0;1;0;1;1;1;3;-5,22597224;-37,33086797;"SPRF-RN";"DEL04-RN";"UOP01-DEL04-RN"
499730;2023-01-17;"terça-feira";"14:00:00";"RR";401;1;"BOA VISTA";"Manobra de mudança de faixa";"Colisão lateral mesmo sentido";"Com Vítimas Feridas";"Pleno dia";"Crescente";"Céu Claro";"Dupla";"Interseção de Vias";"Sim";3;0;1;0;1;1;1;3;2,80229396;-60,68243402;"SPRF-RR";"DEL01-RR";"UOP01-DEL01-RR"
499931;2023-01-18;"quarta-feira";"16:40:00";"GO";60;365;"RIO VERDE";"Acumulo de água sobre o pavimento";"Saída de leito carroçável";"Com Vítimas Feridas";"Anoitecer";"Decrescente";"Chuva";"Dupla";"Retorno Regulamentado";"Não";4;0;1;0;2;1;1;2;-17,6551;-50,8059;"SPRF-GO";"DEL04-GO";"UOP02-DEL04-GO"
500452;2023-01-21;"sábado";"21:00:00";"MG";262;531,8;"LUZ";"Velocidade Incompatível";"Saída de leito carroçável";"Com Vítimas Feridas";"Plena Noite";"Crescente";"Nublado";"Simples";"Reta";"Não";3;0;2;0;0;1;2;2;-19,78291077;-45,72383994;"SPRF-MG";"DEL08-MG";"UOP02-DEL08-MG"
501002;2023-01-21;"sábado";"16:00:00";"SC";101;284,8;"IMBITUBA";"Carga excessiva e/ou mal acondicionada";"Atropelamento de Pedestre";"Com Vítimas Feridas";"Pleno dia";"Crescente";"Sol";"Dupla";"Curva";"Não";3;0;1;0;1;1;1;3;-28,23624684;-48,70092273;"SPRF-SC";"DEL02-SC";"UOP03-DEL02-SC"
501224;2023-01-22;"domingo";"18:50:00";"RO";364;698;"PORTO VELHO";"Condutor deixou de manter distância do veículo da frente";"Colisão traseira";"Sem Vítimas";"Anoitecer";"Crescente";"Garoa/Chuvisco";"Dupla";"Reta";"Sim";5;0;0;0;4;1;0;3;-8,80054742;-63,76909018;"SPRF-RO";"DEL01-RO";"UOP01-DEL01-RO"
501363;2023-01-26;"quinta-feira";"16:25:00";"SC";101;106,5;"PENHA";"Condutor deixou de manter distância do veículo da frente";"Colisão traseira";"Com Vítimas Feridas";"Pleno dia";"Decrescente";"Céu Claro";"Dupla";"Reta";"Não";3;0;0;1;1;1;1;3;-26,81031601;-48,68293896;"SPRF-SC";"DEL03-SC";"UOP02-DEL03-SC"
501466;2023-01-27;"sexta-feira";"07:48:00";"SP";153;27,8;"NOVA GRANADA";"Acessar a via sem observar a presença dos outros veículos";"Colisão transversal";"Com Vítimas Feridas";"Pleno dia";"Decrescente";"Nublado";"Simples";"Interseção de Vias";"Não";4;0;2;0;1;1;2;3;-20,51309795;-49,32308726;"SPRF-SP";"DEL09-SP";"UOP01-DEL09-SP"
501615;2023-01-27;"sexta-feira";"21:40:00";"MG";267;161,8;"LIMA DUARTE";"Ingestão de álcool pelo condutor";"Colisão frontal";"Com Vítimas Feridas";"Plena Noite";"Decrescente";"Chuva";"Simples";"Reta";"Não";8;0;2;2;1;3;4;4;-21,8462762;-43,79762289;"SPRF-MG";"DEL05-MG";"UOP01-DEL05-MG"
502111;2023-01-30;"segunda-feira";"08:00:00";"SC";101;327;"CAPIVARI DE BAIXO";"Obstrução na via";"Colisão traseira";"Com Vítimas Feridas";"Pleno dia";"Crescente";"Céu Claro";"Dupla";"Viaduto";"Sim";9;0;1;0;7;1;1;5;-28,44012;-48,963143;"SPRF-SC";"DEL02-SC";"UOP01-DEL02-SC"
502155;2023-01-30;"segunda-feira";"14:30:00";"PE";101;73,5;"RECIFE";"Acessar a via sem observar a presença dos outros veículos";"Colisão lateral mesmo sentido";"Com Vítimas Feridas";"Pleno dia";"Crescente";"Céu Claro";"Dupla";"Curva";"Sim";4;0;0;1;2;1;1;3;-8,098066;-34,950263;"SPRF-PE";"DEL01-PE";"UOP01-DEL01-PE"
502412;2023-01-31;"terça-feira";"19:42:00";"MG";365;19,7;"MONTES CLAROS";"Reação tardia ou ineficiente do condutor";"Colisão com objeto";"Com Vítimas Feridas";"Plena Noite";"Decrescente";"Céu Claro";"Simples";"Reta";"Não";3;0;1;0;1;1;1;3;-16,87824584;-44,00270102;"SPRF-MG";"DEL12-MG";"UOP01-DEL12-MG"
502491;2023-02-01;"quarta-feira";"09:44:00";"MG";381;669,8;"PERDOES";"Avarias e/ou desgaste excessivo no pneu";"Colisão com objeto";"Com Vítimas Feridas";"Pleno dia";"Crescente";"Sol";"Dupla";"Reta";"Não";3;0;1;0;1;1;1;3;-21,07596273;-45,05547819;"SPRF-MG";"DEL04-MG";"UOP02-DEL04-MG"
502502;2023-02-01;"quarta-feira";"14:00:00";"MS";262;356;"CAMPO GRANDE";"Transitar na contramão";"Colisão frontal";"Com Vítimas Feridas";"Pleno dia";"Crescente";"Nublado";"Simples";"Reta";"Não";5;0;2;0;2;1;2;3;-20,54745913;-54,68046404;"SPRF-MS";"DEL01-MS";"UOP03-DEL01-MS"
502603;2023-02-02;"quinta-feira";"08:00:00";"PR";277;74;"SAO JOSE DOS PINHAIS";"Condutor deixou de manter distância do veículo da frente";"Engavetamento";"Com Vítimas Feridas";"Pleno dia";"Crescente";"Garoa/Chuvisco";"Dupla";"Reta";"Não";8;0;1;0;5;2;1;4;-25,49901475;-49,15594876;"SPRF-PR";"DEL01-PR";"UOP01-DEL01-PR"
502755;2023-02-02;"quinta-feira";"23:00:00";"MG";153;106,5;"PRATA";"Avarias e/ou desgaste excessivo no pneu";"Saída de leito carroçável";"Com Vítimas Feridas";"Plena Noite";"Crescente";"Céu Claro";"Simples";"Reta";"Não";5;0;4;0;0;1;4;2;-19,28004595;-48,9151339;"SPRF-MG";"DEL15-MG";"UOP03-DEL15-MG"