"id";"data_inversa";"dia_semana";"horario";"uf";"br";"km";"municipio";"causa_acidente";"tipo_acidente";"classificacao_acidente";"fase_dia";"sentido_via";"condicao_metereologica";"tipo_pista";"tracado_via";"uso_solo";"pessoas";"mortos";"feridos_leves";"feridos_graves";"ilesos";"ignorados";"feridos";"veiculos";"latitude";"longitude";"regional";"delegacia";"uop"
555758;2023-10-18;"quarta-feira";"17:40:00";"RS";290;91;"PORTO ALEGRE";"Ausência de reação do condutor";"Colisão traseira";"Com Vítimas Feridas";"Pleno dia";"Decrescente";"Céu Claro";"Múltipla";"Reta";"Sim";3;0;1;0;1;1;1;3;-29,969055;-51,167439;"SPRF-RS";"DEL01-RS";"UOP01-DEL01-RS"
555787;2023-10-18;"quarta-feira";"19:00:00";"MG";50;17,5;"UBERLANDIA";"Carga excessiva e/ou mal acondicionada";"Colisão com objeto";"Com Vítimas Feridas";"Plena Noite";"Decrescente";"Céu Claro";"Dupla";"Reta";"Não";9;0;6;1;1;1;7;4;-18,924944;-48,187949;"SPRF-MG";"DEL15-MG";"UOP01-DEL15-MG"
555923;2023-10-19;"quinta-feira";"15:45:00";"PE";232;14,2;"JABOATAO DOS GUARARAPES";"Reação tardia ou ineficiente do condutor";"Eventos atípicos";"Sem Vítimas";"Pleno dia";"Crescente";"Céu Claro";"Dupla";"Reta;Em Obras";"Sim";2;0;0;0;1;1;0;2;-8,090314;-35,022928;"SPRF-PE";"DEL01-PE";"UOP01-DEL01-PE"
556144;2023-10-20;"sexta-feira";"14:50:00";"GO";60;285;"ACREUNA";"Reação tardia ou ineficiente do condutor";"Saída de leito carroçável";"Com Vítimas Feridas";"Pleno dia";"Decrescente";"Céu Claro";"Dupla";"Curva";"Não";3;0;2;0;0;1;2;2;-17,2723;-50,2372;"SPRF-GO";"DEL04-GO";"UOP02-DEL04-GO"
556284;2023-10-21;"sábado";"10:43:00";"ES";101;257;"SERRA";"Reação tardia ou ineficiente do condutor";"Tombamento";"Com Vítimas Feridas";"Pleno dia";"Crescente";"Nublado";"Dupla";"Reta;Declive";"Não";2;0;1;0;0;1;1;2;-20,12455095;-40,30331881;"SPRF-ES";"DEL02-ES";"UOP01-DEL02-ES"
557158;2023-10-25;"quarta-feira";"15:30:00";"PR";277;68;"SAO JOSE DOS PINHAIS";"Acessar a via sem observar a presença dos outros veículos";"Saída de leito carroçável";"Sem Vítimas";"Pleno dia";"Decrescente";"Céu Claro";"Dupla";"Reta";"Sim";3;0;0;0;1;2;0;3;-25,52000732;-49,10894573;"SPRF-PR";"DEL01-PR";"UOP01-DEL01-PR"
558003;2023-10-29;"domingo";"20:00:00";"GO";40;10;"LUZIANIA";"Transitar na contramão";"Colisão frontal";"Com Vítimas Feridas";"Plena Noite";"Crescente";"Nublado";"Dupla";"Reta;Retorno Regulamentado";"Sim";6;0;4;0;1;1;4;3;-16,131285;-47,957923;"SPRF-DF";"DEL01-DF";"UOP01-DEL01-DF"
558464;2023-11-01;"quarta-feira";"11:25:00";"MG";50;173;"UBERABA";"Objeto estático sobre o leito carroçável";"Colisão traseira";"Com Vítimas Feridas";"Pleno dia";"Crescente";"Céu Claro";"Dupla";"Reta";"Sim";4;0;1;0;1;2;1;4;-19,7624352;-47,97701547;"SPRF-MG";"DEL13-MG";"UOP01-DEL13-MG"
558588;2023-11-01;"quarta-feira";"20:30:00";"SP";101;43,7;"UBATUBA";"Acessar a via sem observar a presença dos outros veículos";"Colisão transversal";"Com Vítimas Feridas";"Plena Noite";"Crescente";"Nublado";"Simples";"Reta";"Sim";3;0;1;0;1;1;1;3;-23,41217537;-45,05739148;"SPRF-SP";"DEL06-SP";"UOP01-DEL06-SP"
558888;2023-11-03;"sexta-feira";"14:45:00";"SC";101;104;"PENHA";"Ausência de reação do condutor";"Colisão lateral mesmo sentido";"Com Vítimas Feridas";"Pleno dia";"Crescente";"Nublado";"Dupla";"Reta;Declive";"Não";8;0;2;0;5;1;2;6;-26,79682;-48,679898;"SPRF-SC";"DEL03-SC";"UOP02-DEL03-SC"
558897;2023-11-03;"sexta-feira";"17:00:00";"BA";110;371;"CATU";"Acesso irregular";"Colisão lateral sentido oposto";"Com Vítimas Feridas";"Pleno dia";"Crescente";"Céu Claro";"Simples";"Reta";"Sim";4;0;1;1;1;1;2;3;-12,41152143;-38,43143397;"SPRF-BA";"DEL01-BA";"UOP04-DEL01-BA"
559405;2023-11-05;"domingo";"21:50:00";"CE";222;35;"CAUCAIA";"Demais falhas mecânicas ou elétricas";"Colisão frontal";"Com Vítimas Feridas";"Plena Noite";"Crescente";"Céu Claro";"Simples";"Reta";"Não";5;0;4;0;0;1;4;3;-3,700936;-38,8647996;"SPRF-CE";"DEL01-CE";"UOP01-DEL01-CE"
559650;2023-11-07;"terça-feira";"07:20:00";"MT";70;18,5;"BARRA DO GARCAS";"Carga excessiva e/ou mal acondicionada";"Colisão frontal";"Com Vítimas Fatais";"Pleno dia";"Decrescente";"Céu Claro";"Simples";"Declive;Reta";"Não";7;1;1;4;0;1;5;3;-15,85699472;-52,40960476;"SPRF-MT";"DEL07-MT";"UOP01-DEL07-MT"
560027;2023-11-09;"quinta-feira";"02:29:00";"PE";232;509;"SALGUEIRO";"Reação tardia ou ineficiente do condutor";"Colisão traseira";"Sem Vítimas";"Plena Noite";"Crescente";"Céu Claro";"Simples";"Reta";"Sim";4;0;0;0;3;1;0;3;-8,06449154;-39,1298447;"SPRF-PE";"DEL05-PE";"UOP01-DEL05-PE"
560078;2023-11-09;"quinta-feira";"08:00:00";"PE";428;187;"PETROLINA";"Acessar a via sem observar a presença dos outros veículos";"Colisão frontal";"Com Vítimas Feridas";"Pleno dia";"Crescente";"Sol";"Simples";"Reta";"Sim";3;0;1;0;1;1;1;3;-9,36472406;-40,48461914;"SPRF-PE";"DEL06-PE";"UOP01-DEL06-PE"
560113;2023-11-09;"quinta-feira";"14:20:00";"SC";280;55;"GUARAMIRIM";"Carga excessiva e/ou mal acondicionada";"Colisão com objeto";"Com Vítimas Feridas";"Pleno dia";"Crescente";"Céu Claro";"Dupla";"Viaduto;Reta;Aclive";"Sim";3;0;2;0;0;1;2;2;-26,47584353;-48,9937858;"SPRF-SC";"DEL03-SC";"UOP03-DEL03-SC"
560200;2023-11-09;"quinta-feira";"23:50:00";"SP";153;22,8;"NOVA GRANADA";"Ingestão de álcool pelo condutor";"Colisão lateral mesmo sentido";"Sem Vítimas";"Plena Noite";"Crescente";"Céu Claro";"Simples";"Reta;Aclive";"Não";3;0;0;0;2;1;0;3;-20,476847;-49,296506;"SPRF-SP";"DEL09-SP";"UOP01-DEL09-SP"
560295;2023-11-10;"sexta-feira";"10:05:00";"RS";480;64,5;"BARAO DE COTEGIPE";"Ausência de reação do condutor";"Saída de leito carroçável";"Com Vítimas Feridas";"Pleno dia";"Decrescente";"Céu Claro";"Simples";"Curva";"Sim";2;0;1;0;0;1;1;2;-27,62515935;-52,36800671;"SPRF-RS";"DEL08-RS";"UOP04-DEL08-RS"
561889;2023-11-17;"sexta-feira";"16:00:00";"MS";262;6;"TRES LAGOAS";"Acessar a via sem observar a presença dos outros veículos";"Colisão transversal";"Com Vítimas Feridas";"Pleno dia";"Crescente";"Sol";"Dupla";"Reta;Interseção de Vias";"Sim";4;0;1;0;2;1;1;3;-20,78237921;-51,67197438;"SPRF-MS";"DEL07-MS";"UOP01-DEL07-MS"
561900;2023-11-17;"sexta-feira";"19:10:00";"GO";80;126;"BARRO ALTO";"Demais falhas mecânicas ou elétricas";"Saída de leito carroçável";"Com Vítimas Feridas";"Plena Noite";"Crescente";"Céu Claro";"Simples";"Declive";"Não";3;0;0;2;0;1;2;2;-15,01753225;-48,89868378;"SPRF-GO";"DEL07-GO";"UOP02-DEL07-GO"
562053;2023-11-18;"sábado";"14:00:00";"SC";101;177;"BIGUACU";"Acessar a via sem observar a presença dos outros veículos";"Colisão lateral mesmo sentido";"Com Vítimas Feridas";"Pleno dia";"Crescente";"Nublado";"Simples";"Reta";"Não";3;0;1;0;1;1;1;3;-27,35538202;-48,63241474;"SPRF-SC";"DEL01-SC";"UOP01-DEL01-SC"
562275;2023-11-19;"domingo";"14:10:00";"GO";50;270,9;"CATALAO";"Reação tardia ou ineficiente do condutor";"Saída de leito carroçável";"Com Vítimas Feridas";"Pleno dia";"Crescente";"Céu Claro";"Dupla";"Reta;Declive";"Não";3;0;2;0;0;1;2;2;-18,1158;-47,8936;"SPRF-GO";"DEL06-GO";"UOP01-DEL06-GO"
562434;2023-11-20;"segunda-feira";"07:30:00";"PB";101;89;"JOAO PESSOA";"Ausência de reação do condutor";"Colisão traseira";"Com Vítimas Feridas";"Pleno dia";"Crescente";"Sol";"Dupla";"Reta";"Sim";4;0;1;0;2;1;1;3;-7,1710694;-34,89765372;"SPRF-PB";"DEL01-PB";"UOP02-DEL01-PB"
562525;2023-11-20;"segunda-feira";"15:30:00";"SC";101;127;"ITAJAI";"Reação tardia ou ineficiente do condutor";"Saída de leito carroçável";"Com Vítimas Feridas";"Pleno dia";"Crescente";"Nublado";"Dupla";"Reta;Declive";"Não";3;0;2;0;0;1;2;2;-26,9639319;-48,68328024;"SPRF-SC";"DEL04-SC";"UOP04-DEL04-SC"
563123;2023-11-23;"quinta-feira";"18:00:00";"SC";282;15,8;"PALHOCA";"Retorno proibido";"Colisão traseira";"Com Vítimas Feridas";"Anoitecer";"Crescente";"Nublado";"Simples";"Reta";"Sim";3;0;1;0;1;1;1;3;-27,651848;-48,676048;"SPRF-SC";"DEL01-SC";"UOP02-DEL01-SC"
563341;2023-11-24;"sexta-feira";"19:40:00";"SC";101;194;"BIGUACU";"Condutor deixou de manter distância do veículo da frente";"Colisão lateral mesmo sentido";"Com Vítimas Feridas";"Plena Noite";"Decrescente";"Céu Claro";"Dupla";"Viaduto";"Sim";3;0;1;0;1;1;1;3;-27,49815117;-48,65661236;"SPRF-SC";"DEL01-SC";"UOP01-DEL01-SC"
563411;2023-11-24;"sexta-feira";"20:00:00";"RJ";101;313;"SAO GONCALO";"Ausência de reação do condutor";"Engavetamento";"Sem Vítimas";"Plena Noite";"Decrescente";"Céu Claro";"Dupla";"Reta";"Sim";6;0;0;0;5;1;0;5;-22,81049093;-43,06983304;"SPRF-RJ";"DEL02-RJ";"UOP02-DEL02-RJ"
563767;2023-11-26;"domingo";"16:25:00";"SP";101;35;"UBATUBA";"Carga excessiva e/ou mal acondicionada";"Derramamento de carga";"Com Vítimas Feridas";"Pleno dia";"Crescente";"Nublado";"Simples";"Declive";"Sim";3;0;1;0;1;1;1;3;-23,39244374;-45,00823311;"SPRF-SP";"DEL06-SP";"UOP01-DEL06-SP"
563777;2023-11-26;"domingo";"14:05:00";"MT";163;522;"DIAMANTINO";"Acumulo de água sobre o pavimento";"Saída de leito carroçável";"Sem Vítimas";"Pleno dia";"Crescente";"Garoa/Chuvisco";"Simples";"Em Obras;Reta";"Não";6;0;0;0;5;1;0;2;-14,50402729;-56,19741276;"SPRF-MT";"DEL01-MT";"UOP01-DEL01-MT"
564306;2023-11-29;"quarta-feira";"07:15:00";"MS";60;458;"DOIS IRMAOS DO BURITI";"Demais falhas mecânicas ou elétricas";"Colisão com objeto";"Com Vítimas Feridas";"Pleno dia";"Crescente";"Céu Claro";"Simples";"Reta";"Não";9;0;0;1;6;2;1;4;-20,99680329;-55,21030901;"SPRF-MS";"DEL01-MS";"UOP04-DEL01-MS"
564510;2023-11-30;"quinta-feira";"13:50:00";"CE";230;90;"VARZEA ALEGRE";"Carga excessiva e/ou mal acondicionada";"Colisão frontal";"Com Vítimas Fatais";"Pleno dia";"Crescente";"Sol";"Simples";"Reta;Declive";"Não";3;2;0;0;0;1;0;3;-6,8341555;-39,40558887;"SPRF-CE";"DEL05-CE";"UOP01-DEL05-CE"
564528;2023-11-30;"quinta-feira";"15:50:00";"GO";60;169,7;"GOIANIA";"Avarias e/ou desgaste excessivo no pneu";"Colisão com objeto";"Sem Vítimas";"Pleno dia";"Decrescente";"Nublado";"Dupla";"Reta;Declive";"Sim";2;0;0;0;1;1;0;2;-16,7269;-49,3822;"SPRF-GO";"DEL01-GO";"UOP02-DEL01-GO"
564562;2023-11-30;"quinta-feira";"17:25:00";"RS";392;37,9;"RIO GRANDE";"Avarias e/ou desgaste excessivo no pneu";"Saída de leito carroçável";"Com Vítimas Feridas";"Pleno dia";"Crescente";"Céu Claro";"Dupla";"Reta";"Não";5;0;3;0;1;1;3;2;-31,98906088;-52,2924407;"SPRF-RS";"DEL07-RS";"UOP02-DEL07-RS"
564723;2023-12-01;"sexta-feira";"15:10:00";"CE";20;403,6;"CAUCAIA";"Desrespeitar a preferência no cruzamento";"Colisão transversal";"Com Vítimas Feridas";"Pleno dia";"Decrescente";"Sol";"Simples";"Interseção de Vias";"Não";6;0;2;0;3;1;2;4;-3,778468;-38,686575;"SPRF-CE";"DEL01-CE";"UOP01-DEL01-CE"
564985;2023-12-02;"sábado";"14:30:00";"MA";10;233,3;"GOVERNADOR EDISON LOBAO";"Ultrapassagem Indevida";"Colisão frontal";"Com Vítimas Feridas";"Pleno dia";"Crescente";"Céu Claro";"Simples";"Reta";"Não";4;0;0;1;2;1;1;3;-5,677963;-47,374077;"SPRF-MA";"DEL04-MA";"UOP01-DEL04-MA"
565466;2023-12-04;"segunda-feira";"14:40:00";"BA";242;797;"BARREIRAS";"Frear bruscamente";"Queda de ocupante de veículo";"Com Vítimas Feridas";"Pleno dia";"Decrescente";"Céu Claro";"Simples";"Reta";"Sim";2;0;0;1;0;1;1;2;-12,128;-45,022;"SPRF-BA";"DEL10-BA";"UOP01-DEL10-BA"
565593;2023-12-05;"terça-feira";"08:00:00";"SE";101;92;"NOSSA SENHORA DO SOCORRO";"Ausência de reação do condutor";"Colisão traseira";"Sem Vítimas";"Pleno dia";"Crescente";"Céu Claro";"Dupla";"Reta";"Sim";4;0;0;0;3;1;0;4;-10,90169474;-37,13619222;"SPRF-SE";"DEL01-SE";"UOP01-DEL01-SE"
565851;2023-12-06;"quarta-feira";"12:10:00";"SC";101;205,2;"SAO JOSE";"Manobra de mudança de faixa";"Colisão lateral mesmo sentido";"Com Vítimas Feridas";"Pleno dia";"Decrescente";"Céu Claro";"Dupla";"Reta";"Sim";3;0;1;0;1;1;1;3;-27,591936;-48,618244;"SPRF-SC";"DEL01-SC";"UOP01-DEL01-SC"
565894;2023-12-06;"quarta-feira";"16:30:00";"SC";101;146;"ITAPEMA";"Condutor deixou de manter distância do veículo da frente";"Engavetamento";"Sem Vítimas";"Pleno dia";"Decrescente";"Céu Claro";"Dupla";"Reta";"Sim";6;0;0;0;5;1;0;6;-27,08666525;-48,60955587;"SPRF-SC";"DEL04-SC";"UOP03-DEL04-SC"
566451;2023-12-08;"sexta-feira";"20:20:00";"SC";101;339,9;"TUBARAO";"Ausência de reação do condutor";"Colisão traseira";"Com Vítimas Feridas";"Plena Noite";"Decrescente";"Céu Claro";"Simples";"Reta";"Não";7;0;5;0;1;1;5;4;-28,5190811;-49,05395508;"SPRF-SC";"DEL02-SC";"UOP01-DEL02-SC"
566635;2023-12-09;"sábado";"18:50:00";"MG";116;650,8;"FERVEDOURO";"Ausência de reação do condutor";"Colisão transversal";"Com Vítimas Feridas";"Plena Noite";"Decrescente";"Nublado";"Simples";"Reta";"Sim";5;0;2;0;1;2;2;4;-20,726677;-42,28049;"SPRF-MG";"DEL07-MG";"UOP02-DEL07-MG"
566706;2023-12-09;"sábado";"22:40:00";"SC";101;150,8;"ITAPEMA";"Manobra de mudança de faixa";"Colisão lateral mesmo sentido";"Com Vítimas Feridas";"Plena Noite";"Decrescente";"Chuva";"Dupla";"Reta";"Sim";3;0;1;0;1;1;1;3;-27,11744799;-48,60940987;"SPRF-SC";"DEL04-SC";"UOP03-DEL04-SC"
566819;2023-12-10;"domingo";"12:40:00";"SC";101;267;"PAULO LOPES";"Manobra de mudança de faixa";"Saída de leito carroçável";"Com Vítimas Feridas";"Pleno dia";"Decrescente";"Céu Claro";"Dupla";"Reta";"Não";3;0;1;0;1;1;1;2;-28,07699803;-48,71234311;"SPRF-SC";"DEL02-SC";"UOP03-DEL02-SC"
567466;2023-12-13;"quarta-feira";"07:50:00";"SC";101;131,4;"BALNEARIO CAMBORIU";"Reação tardia ou ineficiente do condutor";"Colisão traseira";"Com Vítimas Feridas";"Pleno dia";"Decrescente";"Sol";"Múltipla";"Reta";"Sim";3;0;1;0;1;1;1;3;-26,99064209;-48,66310912;"SPRF-SC";"DEL04-SC";"UOP03-DEL04-SC"
567877;2023-12-15;"sexta-feira";"07:10:00";"SP";153;148,9;"PROMISSAO";"Carga excessiva e/ou mal acondicionada";"Saída de leito carroçável";"Com Vítimas Feridas";"Pleno dia";"Decrescente";"Céu Claro";"Simples";"Reta";"Não";6;0;5;0;0;1;5;2;-21,39944496;-49,78902362;"SPRF-SP";"DEL07-SP";"UOP01-DEL07-SP"
568196;2023-12-16;"sábado";"11:15:00";"PE";101;67,7;"RECIFE";"Manobra de mudança de faixa";"Queda de ocupante de veículo";"Com Vítimas Feridas";"Pleno dia";"Crescente";"Céu Claro";"Múltipla";"Reta";"Sim";2;0;1;0;0;1;1;2;-8,042334;-34,943096;"SPRF-PE";"DEL01-PE";"UOP01-DEL01-PE"
568204;2023-12-16;"sábado";"10:53:00";"SC";280;127,9;"RIO NEGRINHO";"Entrada inopinada do pedestre";"Atropelamento de Pedestre";"Com Vítimas Feridas";"Pleno dia";"Crescente";"Céu Claro";"Simples";"Curva";"Não";3;0;1;0;1;1;1;3;-26,23943953;-49,50420708;"SPRF-SC";"DEL06-SC";"UOP03-DEL06-SC"
568290;2023-12-16;"sábado";"15:20:00";"PA";316;65;"CASTANHAL";"Trafegar com motocicleta (ou similar) entre as faixas";"Queda de ocupante de veículo";"Com Vítimas Feridas";"Pleno dia";"Crescente";"Sol";"Dupla";"Reta";"Sim";2;0;1;0;0;1;1;2;-1,29580361;-47,91084002;"SPRF-PA";"DEL01-PA";"UOP01-DEL01-PA"
568374;2023-12-16;"sábado";"21:50:00";"PR";369;162;"CAMBE";"Condutor Dormindo";"Colisão lateral sentido oposto";"Com Vítimas Feridas";"Plena Noite";"Decrescente";"Céu Claro";"Dupla";"Reta;Aclive";"Sim";13;0;8;1;3;1;9;4;-23,29166672;-51,26556516;"SPRF-PR";"DEL07-PR";"UOP01-DEL07-PR"
568575;2023-12-17;"domingo";"15:30:00";"CE";402;248,2;"ITAPIPOCA";"Reação tardia ou ineficiente do condutor";"Colisão com objeto";"Sem Vítimas";"Pleno dia";"Crescente";"Céu Claro";"Simples";"Reta;Declive";"Não";4;0;0;0;1;3;0;3;-3,44246918;-39,6955311;"SPRF-CE";"DEL01-CE";"UOP03-DEL01-CE"
568633;2023-12-17;"domingo";"23:00:00";"BA";116;416;"FEIRA DE SANTANA";"Ingestão de álcool pelo condutor";"Colisão traseira";"Sem Vítimas";"Plena Noite";"Crescente";"Ignorado";"Dupla";"Reta;Declive";"Sim";3;0;0;0;2;1;0;3;-12,168362;-38,964993;"SPRF-BA";"DEL02-BA";"UOP01-DEL02-BA"
568692;2023-12-09;"sábado";"06:50:00";"SC";280;103;"SAO BENTO DO SUL";"Demais falhas mecânicas ou elétricas";"Colisão frontal";"Com Vítimas Feridas";"Pleno dia";"Crescente";"Céu Claro";"Simples";"Aclive;Curva";"Não";4;0;1;0;2;1;1;3;-26,35967199;-49,347507;"SPRF-SC";"DEL06-SC";"UOP03-DEL06-SC"
568773;2023-12-18;"segunda-feira";"16:45:00";"SC";101;43,9;"JOINVILLE";"Ausência de sinalização";"Colisão transversal";"Com Vítimas Feridas";"Pleno dia";"Crescente";"Céu Claro";"Múltipla";"Interseção de Vias";"Sim";4;0;1;0;2;1;1;3;-26,33810496;-48,85950565;"SPRF-SC";"DEL03-SC";"UOP01-DEL03-SC"
568845;2023-12-18;"segunda-feira";"20:20:00";"RJ";465;14;"SEROPEDICA";"Transitar na contramão";"Colisão transversal";"Com Vítimas Feridas";"Plena Noite";"Crescente";"Céu Claro";"Simples";"Reta";"Sim";3;0;1;0;1;1;1;3;-22,804979;-43,638828;"SPRF-RJ";"DEL06-RJ";"UOP02-DEL06-RJ"
569054;2023-12-19;"terça-feira";"21:30:00";"DF";20;5,1;"BRASILIA";"Ausência de reação do condutor";"Colisão traseira";"Com Vítimas Feridas";"Plena Noite";"Decrescente";"Céu Claro";"Dupla";"Reta";"Não";5;0;0;1;3;1;1;5;-15,670546;-47,816044;"SPRF-DF";"DEL02-DF";"UOP01-DEL02-DF"
569473;2023-12-21;"quinta-feira";"08:50:00";"SC";470;208,8;"SAO CRISTOVAO DO SUL";"Ultrapassagem Indevida";"Colisão frontal";"Com Vítimas Feridas";"Pleno dia";"Decrescente";"Céu Claro";"Simples";"Curva;Declive";"Não";9;0;5;1;2;1;6;4;-27,291792;-50,2043;"SPRF-SC";"DEL05-SC";"UOP03-DEL05-SC"
569521;2023-12-21;"quinta-feira";"18:10:00";"RS";471;164,2;"RIO PARDO";"Condutor deixou de manter distância do veículo da frente";"Colisão traseira";"Sem Vítimas";"Pleno dia";"Decrescente";"Céu Claro";"Simples";"Aclive";"Não";3;0;0;0;2;1;0;3;-29,90226999;-52,39139557;"SPRF-RS";"DEL02-RS";"UOP03-DEL02-RS"
569642;2023-12-22;"sexta-feira";"06:20:00";"PR";277;672;"MEDIANEIRA";"Condutor deixou de manter distância do veículo da frente";"Capotamento";"Com Vítimas Feridas";"Amanhecer";"Crescente";"Céu Claro";"Dupla";"Reta;Declive;Viaduto";"Sim";3;0;1;0;1;1;1;3;-25,28740438;-54,09701091;"SPRF-PR";"DEL05-PR";"UOP02-DEL05-PR"
569725;2023-12-22;"sexta-feira";"14:20:00";"MS";262;442;"DOIS IRMAOS DO BURITI";"Condutor deixou de manter distância do veículo da frente";"Colisão frontal";"Com Vítimas Feridas";"Pleno dia";"Crescente";"Céu Claro";"Simples";"Reta";"Não";7;0;3;3;0;1;6;3;-20,52129187;-55,38308104;"SPRF-MS";"DEL03-MS";"UOP01-DEL03-MS"
569903;2023-12-23;"sábado";"01:00:00";"SE";235;114;"CARIRA";"Reação tardia ou ineficiente do condutor";"Colisão traseira";"Sem Vítimas";"Plena Noite";"Crescente";"Nublado";"Simples";"Reta";"Sim";3;0;0;0;2;1;0;3;-10,32046744;-37,73862317;"SPRF-SE";"DEL01-SE";"UOP02-DEL01-SE"
570373;2023-12-24;"domingo";"16:40:00";"GO";153;581;"PIRACANJUBA";"Demais falhas mecânicas ou elétricas";"Atropelamento de Pedestre";"Com Vítimas Feridas";"Pleno dia";"Decrescente";"Céu Claro";"Dupla";"Reta";"Não";5;0;0;1;3;1;1;3;-17,3907;-49,2271;"SPRF-GO";"DEL03-GO";"UOP01-DEL03-GO"
570516;2023-12-25;"segunda-feira";"16:25:00";"PR";376;673;"GUARATUBA";"Velocidade Incompatível";"Colisão traseira";"Com Vítimas Feridas";"Pleno dia";"Decrescente";"Céu Claro";"Dupla";"Curva";"Não";5;0;1;1;2;1;2;3;-25,90092097;-48,92572096;"SPRF-PR";"DEL01-PR";"UOP04-DEL01-PR"
570534;2023-12-25;"segunda-feira";"17:15:00";"GO";60;68,6;"ABADIANIA";"Reação tardia ou ineficiente do condutor";"Colisão traseira";"Com Vítimas Feridas";"Pleno dia";"Crescente";"Céu Claro";"Dupla";"Reta";"Não";9;0;1;0;7;1;1;3;-16,2295;-48,7547;"SPRF-GO";"DEL02-GO";"UOP01-DEL02-GO"
570680;2023-12-26;"terça-feira";"11:45:00";"PR";277;222,1;"TEIXEIRA SOARES";"Demais falhas mecânicas ou elétricas";"Colisão frontal";"Com Vítimas Feridas";"Pleno dia";"Crescente";"Sol";"Simples";"Curva;Declive";"Não";3;0;1;0;1;1;1;3;-25,4686931;-50,39635897;"SPRF-PR";"DEL08-PR";"UOP02-DEL08-PR"
570762;2023-12-26;"terça-feira";"15:10:00";"SC";101;337;"TUBARAO";"Reação tardia ou ineficiente do condutor";"Colisão traseira";"Sem Vítimas";"Pleno dia";"Decrescente";"Céu Claro";"Dupla";"Aclive;Reta";"Não";3;0;0;0;2;1;0;3;-28,47801624;-49,03246283;"SPRF-SC";"DEL02-SC";"UOP01-DEL02-SC"
570865;2023-11-06;"segunda-feira";"13:50:00";"BA";101;536;"SAO JOSE DA VITORIA";"Velocidade Incompatível";"Colisão frontal";"Com Vítimas Fatais";"Pleno dia";"Crescente";"Garoa/Chuvisco";"Simples";"Declive;Curva";"Não";3;1;0;0;1;1;0;3;-15,06264416;-39,33048606;"SPRF-BA";"DEL05-BA";"UOP01-DEL05-BA"
570951;2023-12-27;"quarta-feira";"17:19:00";"BA";242;860;"BARREIRAS";"Reação tardia ou ineficiente do condutor";"Colisão transversal";"Com Vítimas Feridas";"Anoitecer";"Crescente";"Céu Claro";"Simples";"Reta";"Não";5;0;0;1;3;1;1;3;-12,09594834;-45,37916805;"SPRF-BA";"DEL10-BA";"UOP01-DEL10-BA"
570980;2023-12-27;"quarta-feira";"20:30:00";"RS";285;340,2;"CARAZINHO";"Ausência de reação do condutor";"Saída de leito carroçável";"Com Vítimas Feridas";"Plena Noite";"Crescente";"Nublado";"Simples";"Curva";"Sim";3;0;0;1;1;1;1;2;-28,314501;-52,7976;"SPRF-RS";"DEL08-RS";"UOP03-DEL08-RS"
571077;2023-12-28;"quinta-feira";"12:17:00";"ES";101;144,8;"LINHARES";"Condutor deixou de manter distância do veículo da frente";"Colisão traseira";"Com Vítimas Feridas";"Pleno dia";"Decrescente";"Céu Claro";"Múltipla";"Reta;Interseção de Vias";"Sim";3;0;1;0;1;1;1;3;-19,3597978;-40,06427407;"SPRF-ES";"DEL04-ES";"UOP01-DEL04-ES"
571135;2023-12-28;"quinta-feira";"17:00:00";"SC";101;191;"BIGUACU";"Condutor deixou de manter distância do veículo da frente";"Colisão traseira";"Sem Vítimas";"Pleno dia";"Crescente";"Sol";"Dupla";"Curva";"Não";3;0;0;0;2;1;0;3;-27,468056;-48,641712;"SPRF-SC";"DEL01-SC";"UOP01-DEL01-SC"
571322;2023-12-29;"sexta-feira";"15:15:00";"SP";153;152,1;"PROMISSAO";"Velocidade Incompatível";"Capotamento";"Com Vítimas Feridas";"Pleno dia";"Crescente";"Céu Claro";"Simples";"Reta";"Não";4;0;3;0;0;1;3;2;-21,435386;-49,78542703;"SPRF-SP";"DEL07-SP";"UOP01-DEL07-SP"
571609;2023-12-30;"sábado";"21:50:00";"TO";242;335,2;"PEIXE";"Reação tardia ou ineficiente do condutor";"Colisão traseira";"Com Vítimas Feridas";"Plena Noite";"Decrescente";"Nublado";"Simples";"Reta";"Não";4;0;0;2;1;1;2;3;-11,91026962;-48,72868176;"SPRF-TO";"DEL01-TO";"UOP02-DEL01-TO"
573134;2023-11-28;"terça-feira";"17:00:00";"SC";282;4;"FLORIANOPOLIS";"Falta de acostamento";"Colisão lateral mesmo sentido";"Sem Vítimas";"Pleno dia";"Crescente";"Chuva";"Dupla";"Reta";"Sim";3;0;0;0;2;1;0;3;-27,592646;-48,604034;"SPRF-SC";"DEL01-SC";"UOP01-DEL01-SC"
596589;2023-09-24;"domingo";"13:50:00";"AP";210;1;"MACAPA";"Ultrapassagem Indevida";"Colisão lateral mesmo sentido";"Com Vítimas Feridas";"Pleno dia";"Crescente";"Céu Claro";"Dupla";"Reta";"Sim";4;0;1;1;0;2;2;3;0,07816717;-51,06998693;"SPRF-AP";"DEL01-AP";"UOP01-DEL01-AP"
496506;2023-01-01;"domingo";"00:15:00";"MG";116;587;"MANHUACU";"Ingestão de álcool pelo condutor";"Tombamento";"Com Vítimas Feridas";"Plena Noite";"Crescente";"Nublado";"Simples";"Reta";"Sim";1;0;1;0;0;0;1;1;-20,24173903;-42,15868042;"SPRF-MG";"DEL06-MG";"UOP03-DEL06-MG"