"id";"data_inversa";"dia_semana";"horario";"uf";"br";"km";"municipio";"causa_acidente";"tipo_acidente";"classificacao_acidente";"fase_dia";"sentido_via";"condicao_metereologica";"tipo_pista";"tracado_via";"uso_solo";"pessoas";"mortos";"feridos_leves";"feridos_graves";"ilesos";"ignorados";"feridos";"veiculos";"latitude";"longitude";"regional";"delegacia";"uop"
497043;2023-01-03;"terça-feira";"12:15:00";"RO";364;346;"JI-PARANA";"Demais falhas mecânicas ou elétricas";"Tombamento";"Com Vítimas Feridas";"Pleno dia";"Decrescente";"Sol";"Dupla";"Reta";"Não";1;0;0;1;0;0;1;1;-10,865874;-61,968647;"SPRF-RO";"DEL02-RO";"UOP01-DEL02-RO"
497044;2023-01-03;"terça-feira";"13:15:00";"MT";70;42;"BARRA DO GARCAS";"Reação tardia ou ineficiente do condutor";"Saída de leito carroçável";"Com Vítimas Feridas";"Pleno dia";"Crescente";"Céu Claro";"Simples";"Declive;Reta";"Não";4;0;4;0;0;0;4;1;-15,7690862;-52,5780752;"SPRF-MT";"DEL07-MT";"UOP01-DEL07-MT"
497046;2023-01-03;"terça-feira";"13:41:00";"MG";381;521,7;"BRUMADINHO";"Chuva";"Saída de leito carroçável";"Com Vítimas Feridas";"Pleno dia";"Decrescente";"Chuva";"Dupla";"Aclive;Curva";"Não";1;0;1;0;0;0;1;1;-20,13846621;-44,31715274;"SPRF-MG";"DEL04-MG";"UOP03-DEL04-MG"
497047;2023-01-03;"terça-feira";"09:50:00";"RJ";101;323;"NITEROI";"Condutor deixou de manter distância do veículo da frente";"Engavetamento";"Com Vítimas Feridas";"Pleno dia";"Crescente";"Céu Claro";"Dupla";"Reta";"Não";4;0;1;0;3;0;1;3;-22,87684786;-43,11728689;"SPRF-RJ";"DEL02-RJ";"UOP01-DEL02-RJ"
497048;2023-01-03;"terça-feira";"15:08:00";"SE";101;92,5;"NOSSA SENHORA DO SOCORRO";"Animais na Pista";"Colisão traseira";"Sem Vítimas";"Pleno dia";"Decrescente";"Céu Claro";"Dupla";"Reta";"Sim";7;0;0;0;7;0;0;3;-10,90967295;-37,1554184;"SPRF-SE";"DEL01-SE";"UOP01-DEL01-SE"
497053;2023-01-03;"terça-feira";"14:40:00";"PE";101;48,2;"ABREU E LIMA";"Demais falhas na via";"Colisão com objeto";"Sem Vítimas";"Pleno dia";"Decrescente";"Céu Claro";"Múltipla";"Reta";"Não";2;0;0;0;2;0;0;1;-7,8910423;-34,9034331;"SPRF-PE";"DEL01-PE";"UOP02-DEL01-PE"
497054;2023-01-03;"terça-feira";"15:50:00";"SP";116;184;"SANTA ISABEL";"Condutor Dormindo";"Colisão com objeto";"Com Vítimas Feridas";"Pleno dia";"Decrescente";"Garoa/Chuvisco";"Dupla";"Reta";"Não";4;0;1;0;3;0;1;1;-23,35197301;-46,180058;"SPRF-SP";"DEL01-SP";"UOP01-DEL01-SP"
497055;2023-01-03;"terça-feira";"14:41:00";"SP";116;499;"CAJATI";"Reação tardia ou ineficiente do condutor";"Capotamento";"Com Vítimas Feridas";"Pleno dia";"Crescente";"Nublado";"Dupla";"Curva";"Não";2;0;1;0;1;0;1;1;-24,78228753;-48,17695233;"SPRF-SP";"DEL05-SP";"UOP02-DEL05-SP"
497056;2023-01-03;"terça-feira";"13:50:00";"SC";470;122,7;"IBIRAMA";"Ultrapassagem Indevida";"Colisão lateral mesmo sentido";"Com Vítimas Feridas";"Pleno dia";"Crescente";"Sol";"Simples";"Curva";"Sim";3;0;1;0;0;2;1;3;-27,099888;-49,527679;"SPRF-SC";"DEL04-SC";"UOP02-DEL04-SC"
497057;2023-01-03;"terça-feira";"15:30:00";"CE";20;378,7;"CAUCAIA";"Acessar a via sem observar a presença dos outros veículos";"Colisão transversal";"Com Vítimas Feridas";"Pleno dia";"Crescente";"Nublado";"Simples";"Reta";"Sim";2;0;1;0;1;0;1;2;-3,93125886;-38,86100221;"SPRF-CE";"DEL01-CE";"UOP01-DEL01-CE"
497058;2023-01-03;"terça-feira";"14:30:00";"MG";381;478;"CONTAGEM";"Condutor deixou de manter distância do veículo da frente";"Engavetamento";"Com Vítimas Feridas";"Pleno dia";"Crescente";"Nublado";"Dupla";"Reta;Declive";"Sim";4;0;1;0;3;0;1;3;-19,95826094;-44,05921101;"SPRF-MG";"DEL01-MG";"UOP03-DEL01-MG"
497060;2023-01-03;"terça-feira";"15:45:00";"SC";101;248;"PAULO LOPES";"Ausência de reação do condutor";"Colisão traseira";"Com Vítimas Feridas";"Pleno dia";"Decrescente";"Céu Claro";"Dupla";"Reta";"Não";2;0;0;1;1;0;1;2;-27,92619305;-48,65828191;"SPRF-SC";"DEL02-SC";"UOP03-DEL02-SC"
497061;2023-01-03;"terça-feira";"10:20:00";"MT";163;643;"NOVA MUTUM";"Reação tardia ou ineficiente do condutor";"Colisão traseira";"Com Vítimas Feridas";"Pleno dia";"Decrescente";"Céu Claro";"Simples";"Reta";"Não";4;0;1;0;3;0;1;2;-13,53091506;-56,02609939;"SPRF-MT";"DEL06-MT";"UOP02-DEL06-MT"
497062;2023-01-03;"terça-feira";"10:30:00";"BA";110;241;"OLINDINA";"Pista esburacada";"Saída de leito carroçável";"Com Vítimas Feridas";"Pleno dia";"Decrescente";"Chuva";"Simples";"Reta;Declive";"Não";5;0;4;0;1;0;4;1;-11,416905;-38,292923;"SPRF-BA";"DEL07-BA";"UOP02-DEL07-BA"
497063;2023-01-03;"terça-feira";"16:00:00";"SP";116;213;"GUARULHOS";"Manobra de mudança de faixa";"Colisão traseira";"Sem Vítimas";"Pleno dia";"Decrescente";"Nublado";"Múltipla";"Reta";"Sim";2;0;0;0;1;1;0;2;-23,43971486;-46,43667806;"SPRF-SP";"DEL01-SP";"UOP01-DEL01-SP"
497064;2023-01-03;"terça-feira";"14:50:00";"SC";101;142;"BALNEARIO CAMBORIU";"Ausência de reação do condutor";"Tombamento";"Com Vítimas Feridas";"Pleno dia";"Crescente";"Nublado";"Simples";"Reta";"Sim";1;0;0;1;0;0;1;1;-27,056089;-48,599449;"SPRF-SC";"DEL04-SC";"UOP03-DEL04-SC"
497065;2023-01-03;"terça-feira";"17:18:00";"SC";282;50,6;"AGUAS MORNAS";"Velocidade Incompatível";"Colisão lateral sentido oposto";"Com Vítimas Feridas";"Pleno dia";"Crescente";"Chuva";"Simples";"Declive;Curva";"Não";2;0;2;0;0;0;2;2;-27,708536;-48,952251;"SPRF-SC";"DEL01-SC";"UOP03-DEL01-SC"
497066;2023-01-03;"terça-feira";"13:30:00";"MG";365;17,4;"MONTES CLAROS";"Condutor deixou de manter distância do veículo da frente";"Saída de leito carroçável";"Com Vítimas Feridas";"Pleno dia";"Decrescente";"Chuva";"Simples";"Curva";"Não";6;0;3;0;3;0;3;3;-16,87724015;-43,993381;"SPRF-MG";"DEL12-MG";"UOP01-DEL12-MG"
497067;2023-01-03;"terça-feira";"14:50:00";"SC";163;109,2;"GUARUJA DO SUL";"Velocidade Incompatível";"Saída de leito carroçável";"Com Vítimas Feridas";"Pleno dia";"Decrescente";"Chuva";"Simples";"Curva;Declive";"Não";3;0;1;0;2;0;1;1;-26,41032059;-53,52221489;"SPRF-SC";"DEL07-SC";"UOP03-DEL07-SC"
497069;2023-01-03;"terça-feira";"17:00:00";"ES";101;36;"CONCEICAO DA BARRA";"Transitar na contramão";"Colisão frontal";"Com Vítimas Fatais";"Pleno dia";"Crescente";"Nublado";"Simples";"Declive;Curva";"Não";6;1;5;0;0;0;5;2;-18,46388405;-39,92935329;"SPRF-ES";"DEL04-ES";"UOP02-DEL04-ES"
497070;2023-01-03;"terça-feira";"15:45:00";"RO";319;64;"PORTO VELHO";"Manobra de mudança de faixa";"Colisão lateral mesmo sentido";"Com Vítimas Feridas";"Pleno dia";"Decrescente";"Céu Claro";"Dupla";"Reta";"Não";3;0;2;0;1;0;2;2;-8,766685;-63,884052;"SPRF-RO";"DEL01-RO";"UOP01-DEL01-RO"
497071;2023-01-03;"terça-feira";"16:50:00";"SP";116;431;"REGISTRO";"Condutor Dormindo";"Saída de leito carroçável";"Com Vítimas Feridas";"Pleno dia";"Crescente";"Céu Claro";"Dupla";"Reta";"Não";2;0;1;0;0;1;1;2;-24,40730885;-47,7459871;"SPRF-SP";"DEL05-SP";"UOP01-DEL05-SP"
497072;2023-01-03;"terça-feira";"17:00:00";"PR";369;87;"CORNELIO PROCOPIO";"Manobra de mudança de faixa";"Colisão lateral mesmo sentido";"Com Vítimas Feridas";"Pleno dia";"Crescente";"Nublado";"Simples";"Reta;Aclive";"Sim";3;0;1;0;2;0;1;2;-23,182893;-50,634175;"SPRF-PR";"DEL07-PR";"UOP05-DEL07-PR"
497073;2023-01-03;"terça-feira";"13:00:00";"RJ";101;296;"SAO GONCALO";"Ausência de reação do condutor";"Colisão traseira";"Com Vítimas Feridas";"Pleno dia";"Crescente";"Céu Claro";"Simples";"Reta";"Não";2;0;1;0;1;0;1;2;-22,7670498;-42,91019601;"SPRF-RJ";"DEL02-RJ";"UOP02-DEL02-RJ"
497075;2023-01-03;"terça-feira";"16:30:00";"PR";376;175;"MARINGA";"Reação tardia ou ineficiente do condutor";"Colisão traseira";"Sem Vítimas";"Pleno dia";"Decrescente";"Céu Claro";"Múltipla";"Interseção de Vias";"Sim";3;0;0;0;1;2;0;2;-23,4113569;-51,9407767;"SPRF-PR";"DEL09-PR";"UOP01-DEL09-PR"
497076;2023-01-03;"terça-feira";"17:25:00";"AP";156;819;"OIAPOQUE";"Reação tardia ou ineficiente do condutor";"Colisão traseira";"Com Vítimas Feridas";"Pleno dia";"Decrescente";"Chuva";"Simples";"Reta";"Sim";2;0;2;0;0;0;2;2;3,83552896;-51,80935802;"SPRF-AP";"DEL01-AP";"UOP03-DEL01-AP"
497077;2023-01-03;"terça-feira";"18:00:00";"RN";101;75;"EXTREMOZ";"Condutor deixou de manter distância do veículo da frente";"Colisão traseira";"Com Vítimas Feridas";"Plena Noite";"Crescente";"Céu Claro";"Dupla";"Rotatória";"Sim";2;0;1;0;1;0;1;2;-5,721906;-35,27672;"SPRF-RN";"DEL02-RN";"UOP01-DEL02-RN"
497079;2023-01-03;"terça-feira";"18:30:00";"SC";101;145;"ITAPEMA";"Trafegar com motocicleta (ou similar) entre as faixas";"Colisão lateral mesmo sentido";"Com Vítimas Feridas";"Plena Noite";"Decrescente";"Chuva";"Dupla";"Declive";"Sim";3;0;2;0;1;0;2;2;-27,08139206;-48,60130993;"SPRF-SC";"DEL04-SC";"UOP03-DEL04-SC"
497082;2023-01-03;"terça-feira";"18:00:00";"RJ";101;486;"ANGRA DOS REIS";"Sinalização encoberta";"Atropelamento de Pedestre";"Com Vítimas Feridas";"Anoitecer";"Decrescente";"Nublado";"Simples";"Em Obras;Reta";"Não";3;0;0;2;0;1;2;2;-22,97708786;-44,29634653;"SPRF-RJ";"DEL03-RJ";"UOP03-DEL03-RJ"
497083;2023-01-03;"terça-feira";"18:18:00";"RN";304;102,5;"ACU";"Animais na Pista";"Atropelamento de Animal";"Com Vítimas Feridas";"Plena Noite";"Crescente";"Céu Claro";"Simples";"Reta";"Não";1;0;1;0;0;0;1;1;-5,58189905;-37,00731001;"SPRF-RN";"DEL04-RN";"UOP01-DEL04-RN"
497084;2023-01-03;"terça-feira";"18:34:00";"PB";230;13,4;"CABEDELO";"Acessar a via sem observar a presença dos outros veículos";"Atropelamento de Pedestre";"Com Vítimas Feridas";"Plena Noite";"Decrescente";"Nublado";"Múltipla";"Reta";"Sim";2;0;1;0;0;1;1;2;-7,086881;-34,848576;"SPRF-PB";"DEL01-PB";"UOP01-DEL01-PB"
497086;2023-01-03;"terça-feira";"06:42:00";"RJ";101;318;"SAO GONCALO";"Avarias e/ou desgaste excessivo no pneu";"Tombamento";"Com Vítimas Feridas";"Pleno dia";"Crescente";"Céu Claro";"Dupla";"Reta";"Sim";2;0;1;0;1;0;1;1;-22,84562994;-43,09841211;"SPRF-RJ";"DEL02-RJ";"UOP02-DEL02-RJ"
497087;2023-01-03;"terça-feira";"15:00:00";"SC";282;382;"HERVAL DOESTE";"Condutor Dormindo";"Saída de leito carroçável";"Com Vítimas Feridas";"Pleno dia";"Decrescente";"Nublado";"Simples";"Reta;Aclive";"Não";4;0;3;0;1;0;3;1;-27,19607;-51,503044;"SPRF-SC";"DEL07-SC";"UOP05-DEL07-SC"
497090;2023-01-03;"terça-feira";"19:30:00";"RJ";101;99;"CAMPOS DOS GOYTACAZES";"Avarias e/ou desgaste excessivo no pneu";"Tombamento";"Com Vítimas Feridas";"Plena Noite";"Decrescente";"Céu Claro";"Dupla";"Curva";"Não";1;0;0;1;0;0;1;1;-21,87599581;-41,58368111;"SPRF-RJ";"DEL08-RJ";"UOP02-DEL08-RJ"
497091;2023-01-03;"terça-feira";"19:40:00";"PB";104;138,5;"QUEIMADAS";"Reação tardia ou ineficiente do condutor";"Tombamento";"Com Vítimas Feridas";"Plena Noite";"Decrescente";"Céu Claro";"Simples";"Reta";"Sim";1;0;1;0;0;0;1;1;-7,36116095;-35,90230617;"SPRF-PB";"DEL02-PB";"UOP03-DEL02-PB"
497094;2023-01-03;"terça-feira";"13:31:00";"RO";364;13;"VILHENA";"Acessar a via sem observar a presença dos outros veículos";"Colisão lateral mesmo sentido";"Com Vítimas Feridas";"Pleno dia";"Crescente";"Sol";"Dupla";"Rotatória";"Sim";2;0;1;0;1;0;1;2;-12,74140004;-60,13026401;"SPRF-RO";"DEL04-RO";"UOP01-DEL04-RO"
497095;2023-01-03;"terça-feira";"18:30:00";"BA";101;710;"EUNAPOLIS";"Acessar a via sem observar a presença dos outros veículos";"Colisão transversal";"Com Vítimas Fatais";"Anoitecer";"Crescente";"Nublado";"Simples";"Reta";"Não";7;2;1;4;0;0;5;2;-16,31925395;-39,5973444;"SPRF-BA";"DEL09-BA";"UOP01-DEL09-BA"
497098;2023-01-03;"terça-feira";"20:00:00";"PR";369;154;"LONDRINA";"Condutor desrespeitou a iluminação vermelha do semáforo";"Colisão transversal";"Com Vítimas Feridas";"Plena Noite";"Crescente";"Céu Claro";"Dupla";"Reta;Interseção de Vias";"Sim";2;0;0;2;0;0;2;2;-23,29751322;-51,20144427;"SPRF-PR";"DEL07-PR";"UOP01-DEL07-PR"
497100;2023-01-03;"terça-feira";"20:15:00";"PR";476;129,2;"CURITIBA";"Manobra de mudança de faixa";"Colisão lateral mesmo sentido";"Com Vítimas Feridas";"Plena Noite";"Decrescente";"Chuva";"Múltipla";"Reta";"Sim";2;0;1;0;1;0;1;2;-25,44439844;-49,23383474;"SPRF-PR";"DEL01-PR";"UOP01-DEL01-PR"
497101;2023-01-03;"terça-feira";"15:30:00";"BA";101;297,5;"VALENCA";"Reação tardia ou ineficiente do condutor";"Saída de leito carroçável";"Sem Vítimas";"Pleno dia";"Crescente";"Chuva";"Simples";"Curva;Declive";"Não";1;0;0;0;1;0;0;1;-13,241737;-39,326892;"SPRF-BA";"DEL01-BA";"UOP02-DEL01-BA"
497103;2023-01-03;"terça-feira";"20:45:00";"RS";392;644,4;"GUARANI DAS MISSOES";"Transitar na contramão";"Colisão lateral mesmo sentido";"Com Vítimas Feridas";"Plena Noite";"Crescente";"Céu Claro";"Simples";"Curva;Interseção de Vias";"Não";4;0;3;0;1;0;3;2;-28,147838;-54,572649;"SPRF-RS";"DEL10-RS";"UOP01-DEL10-RS"
497104;2023-01-03;"terça-feira";"21:00:00";"PR";277;133;"BALSA NOVA";"Reação tardia ou ineficiente do condutor";"Engavetamento";"Com Vítimas Feridas";"Plena Noite";"Crescente";"Céu Claro";"Dupla";"Reta";"Não";10;0;1;0;9;0;1;3;-25,471492;-49,668628;"SPRF-PR";"DEL03-PR";"UOP03-DEL03-PR"
497105;2023-01-03;"terça-feira";"19:15:00";"GO";153;202;"URUACU";"Acessar a via sem observar a presença dos outros veículos";"Colisão transversal";"Com Vítimas Feridas";"Plena Noite";"Decrescente";"Céu Claro";"Simples";"Reta;Retorno Regulamentado";"Sim";3;0;0;2;0;1;2;3;-14,527802;-49,159687;"SPRF-GO";"DEL07-GO";"UOP02-DEL07-GO"
497106;2023-01-03;"terça-feira";"18:20:00";"RJ";40;29,9;"AREAL";"Reação tardia ou ineficiente do condutor";"Saída de leito carroçável";"Com Vítimas Feridas";"Anoitecer";"Decrescente";"Chuva";"Dupla";"Curva";"Não";2;0;2;0;0;0;2;1;-22,17756692;-43,16802216;"SPRF-RJ";"DEL05-RJ";"UOP02-DEL05-RJ"
497107;2023-01-03;"terça-feira";"20:55:00";"SC";101;436;"SOMBRIO";"Ausência de reação do condutor";"Colisão transversal";"Com Vítimas Feridas";"Plena Noite";"Crescente";"Céu Claro";"Simples";"Declive;Reta";"Sim";2;0;2;0;0;0;2;2;-29,10817487;-49,63739835;"SPRF-SC";"DEL02-SC";"UOP02-DEL02-SC"
497111;2023-01-03;"terça-feira";"22:00:00";"MG";40;15;"PARACATU";"Animais na Pista";"Atropelamento de Animal";"Com Vítimas Feridas";"Plena Noite";"Decrescente";"Nublado";"Simples";"Reta";"Não";4;0;1;0;3;0;1;1;-17,07769216;-47,03616232;"SPRF-MG";"DEL14-MG";"UOP01-DEL14-MG"
497114;2023-01-03;"terça-feira";"22:32:00";"GO";40;4;"VALPARAISO DE GOIAS";"Ingestão de álcool pelo condutor";"Queda de ocupante de veículo";"Com Vítimas Feridas";"Plena Noite";"Crescente";"Céu Claro";"Dupla";"Curva";"Sim";1;0;1;0;0;0;1;1;-16,085241;-47,986752;"SPRF-DF";"DEL01-DF";"UOP01-DEL01-DF"
497115;2023-01-03;"terça-feira";"21:50:00";"RS";386;346,1;"LAJEADO";"Afundamento ou ondulação no pavimento";"Tombamento";"Com Vítimas Feridas";"Plena Noite";"Crescente";"Céu Claro";"Dupla";"Interseção de Vias;Reta;Em Obras;Declive";"Sim";1;0;0;1;0;0;1;1;-29,446793;-51,974564;"SPRF-RS";"DEL04-RS";"UOP01-DEL04-RS"
497116;2023-01-03;"terça-feira";"18:40:00";"BA";407;155,5;"FILADELFIA";"Entrada inopinada do pedestre";"Colisão traseira";"Com Vítimas Fatais";"Plena Noite";"Crescente";"Chuva";"Simples";"Reta";"Não";2;1;1;0;0;0;1;2;-10,70441103;-40,1244174;"SPRF-BA";"DEL04-BA";"UOP01-DEL04-BA"
497117;2023-01-03;"terça-feira";"21:10:00";"MG";116;276,8;"TEOFILO OTONI";"Demais falhas mecânicas ou elétricas";"Queda de ocupante de veículo";"Com Vítimas Feridas";"Plena Noite";"Decrescente";"Chuva";"Simples";"Reta";"Sim";1;0;1;0;0;0;1;1;-17,85105696;-41,51454492;"SPRF-MG";"DEL11-MG";"UOP01-DEL11-MG"
497118;2023-01-03;"terça-feira";"13:30:00";"RJ";101;292;"ITABORAI";"Demais falhas mecânicas ou elétricas";"Incêndio";"Sem Vítimas";"Pleno dia";"Crescente";"Sol";"Dupla";"Aclive";"Sim";2;0;0;0;2;0;0;1;-22,76038215;-42,87856408;"SPRF-RJ";"DEL02-RJ";"UOP02-DEL02-RJ"
497119;2023-01-03;"terça-feira";"22:59:00";"TO";226;20;"PALMEIRAS DO TOCANTINS";"Ausência de reação do condutor";"Atropelamento de Animal";"Com Vítimas Feridas";"Plena Noite";"Decrescente";"Céu Claro";"Simples";"Reta";"Não";6;0;3;2;1;0;5;2;-6,631092;-47,614395;"SPRF-TO";"DEL02-TO";"UOP03-DEL02-TO"
497124;2023-01-03;"terça-feira";"20:30:00";"PR";476;245;"LAPA";"Chuva";"Capotamento";"Com Vítimas Feridas";"Plena Noite";"Decrescente";"Garoa/Chuvisco";"Simples";"Curva;Declive";"Não";1;0;1;0;0;0;1;1;-25,78072542;-49,83879089;"SPRF-PR";"DEL02-PR";"UOP03-DEL02-PR"
497128;2023-01-03;"terça-feira";"19:15:00";"SC";101;271,5;"IMBITUBA";"Condutor deixou de manter distância do veículo da frente";"Colisão traseira";"Com Vítimas Feridas";"Plena Noite";"Crescente";"Céu Claro";"Dupla";"Reta";"Sim";1;0;1;0;0;0;1;1;-28,11011972;-48,70211279;"SPRF-SC";"DEL02-SC";"UOP03-DEL02-SC"
497129;2023-01-04;"quarta-feira";"00:55:00";"RJ";40;38;"AREAL";"Reação tardia ou ineficiente do condutor";"Saída de leito carroçável";"Com Vítimas Feridas";"Plena Noite";"Decrescente";"Nublado";"Dupla";"Curva";"Não";1;0;1;0;0;0;1;1;-22,22942123;-43,11938524;"SPRF-RJ";"DEL05-RJ";"UOP02-DEL05-RJ"
497131;2023-01-03;"terça-feira";"14:35:00";"PA";163;653;"ITAITUBA";"Chuva";"Saída de leito carroçável";"Com Vítimas Feridas";"Pleno dia";"Decrescente";"Chuva";"Simples";"Curva";"Não";2;0;1;0;1;0;1;1;-4,50624587;-55,86575279;"SPRF-PA";"DEL05-PA";"UOP01-DEL05-PA"
497134;2023-01-04;"quarta-feira";"06:29:00";"RS";116;254,6;"SAPUCAIA DO SUL";"Condutor deixou de manter distância do veículo da frente";"Colisão traseira";"Com Vítimas Feridas";"Pleno dia";"Crescente";"Céu Claro";"Dupla";"Reta";"Não";2;0;1;0;1;0;1;2;-29,82654797;-51,17241311;"SPRF-RS";"DEL01-RS";"UOP02-DEL01-RS"
497136;2023-01-04;"quarta-feira";"05:30:00";"MT";163;1036;"PEIXOTO DE AZEVEDO";"Ausência de reação do condutor";"Colisão traseira";"Com Vítimas Feridas";"Amanhecer";"Decrescente";"Céu Claro";"Simples";"Reta";"Sim";3;0;2;0;1;0;2;2;-10,30775005;-55,03382576;"SPRF-MT";"DEL06-MT";"UOP03-DEL06-MT"
497138;2023-01-04;"quarta-feira";"06:00:00";"ES";101;285,1;"CARIACICA";"Acessar a via sem observar a presença dos outros veículos";"Colisão transversal";"Com Vítimas Feridas";"Pleno dia";"Decrescente";"Nublado";"Dupla";"Reta;Aclive";"Não";2;0;2;0;0;0;2;2;-20,25148171;-40,37270066;"SPRF-ES";"DEL01-ES";"UOP01-DEL01-ES"
497140;2023-01-04;"quarta-feira";"06:25:00";"RJ";101;70;"CAMPOS DOS GOYTACAZES";"Pedestre cruzava a pista fora da faixa";"Atropelamento de Pedestre";"Com Vítimas Feridas";"Pleno dia";"Crescente";"Céu Claro";"Simples";"Reta";"Sim";2;0;1;0;1;0;1;2;-21,78419636;-41,37890166;"SPRF-RJ";"DEL08-RJ";"UOP02-DEL08-RJ"
497141;2023-01-03;"terça-feira";"10:00:00";"BA";116;618;"JAGUAQUARA";"Reação tardia ou ineficiente do condutor";"Capotamento";"Com Vítimas Feridas";"Pleno dia";"Decrescente";"Chuva";"Simples";"Reta";"Não";2;0;2;0;0;0;2;1;-13,348249;-40,01658589;"SPRF-BA";"DEL03-BA";"UOP01-DEL03-BA"
497142;2023-01-04;"quarta-feira";"04:30:00";"PR";277;726;"FOZ DO IGUACU";"Velocidade Incompatível";"Saída de leito carroçável";"Com Vítimas Fatais";"Amanhecer";"Decrescente";"Garoa/Chuvisco";"Dupla";"Rotatória;Curva";"Sim";4;1;0;1;2;0;1;1;-25,51082156;-54,55961823;"SPRF-PR";"DEL05-PR";"UOP03-DEL05-PR"
497146;2023-01-03;"terça-feira";"20:50:00";"RJ";116;178;"MESQUITA";"Ausência de reação do condutor";"Colisão traseira";"Com Vítimas Feridas";"Plena Noite";"Decrescente";"Céu Claro";"Dupla";"Reta";"Não";2;0;1;0;1;0;1;2;-22,77496393;-43,40081465;"SPRF-RJ";"DEL01-RJ";"UOP02-DEL01-RJ"
497147;2023-01-04;"quarta-feira";"07:45:00";"SC";280;128,5;"RIO NEGRINHO";"Conversão proibida";"Colisão transversal";"Com Vítimas Feridas";"Amanhecer";"Crescente";"Garoa/Chuvisco";"Simples";"Reta;Aclive";"Sim";2;0;0;1;1;0;1;2;-26,24317941;-49,51320018;"SPRF-SC";"DEL06-SC";"UOP03-DEL06-SC"
497148;2023-01-04;"quarta-feira";"07:00:00";"PE";232;16;"JABOATAO DOS GUARARAPES";"Acessar a via sem observar a presença dos outros veículos";"Colisão lateral mesmo sentido";"Com Vítimas Feridas";"Pleno dia";"Decrescente";"Céu Claro";"Dupla";"Reta";"Não";3;0;0;1;0;2;1;3;-8,09414193;-35,03716601;"SPRF-PE";"DEL01-PE";"UOP01-DEL01-PE"
497149;2023-01-03;"terça-feira";"21:50:00";"RJ";101;409;"ITAGUAI";"Ausência de reação do condutor";"Colisão traseira";"Com Vítimas Feridas";"Plena Noite";"Decrescente";"Nublado";"Dupla";"Reta";"Não";3;0;2;1;0;0;3;2;-22,88503992;-43,83250205;"SPRF-RJ";"DEL03-RJ";"UOP01-DEL03-RJ"
497150;2023-01-04;"quarta-feira";"06:15:00";"SC";101;116;"ITAJAI";"Ingestão de álcool pelo condutor";"Colisão com objeto";"Sem Vítimas";"Pleno dia";"Crescente";"Céu Claro";"Dupla";"Reta";"Não";1;0;0;0;1;0;0;1;-26,87905605;-48,72603512;"SPRF-SC";"DEL04-SC";"UOP04-DEL04-SC"
497152;2023-01-04;"quarta-feira";"08:20:00";"RJ";101;70;"CAMPOS DOS GOYTACAZES";"Reação tardia ou ineficiente do condutor";"Colisão traseira";"Com Vítimas Feridas";"Pleno dia";"Crescente";"Céu Claro";"Simples";"Reta";"Não";2;0;1;0;0;1;1;2;-21,781011;-41,373363;"SPRF-RJ";"DEL08-RJ";"UOP02-DEL08-RJ"
497154;2023-01-04;"quarta-feira";"06:50:00";"PE";408;99;"SAO LOURENCO DA MATA";"Condutor Dormindo";"Saída de leito carroçável";"Com Vítimas Feridas";"Pleno dia";"Crescente";"Céu Claro";"Dupla";"Reta";"Não";2;0;1;0;0;1;1;2;-8,04133634;-35,02531212;"SPRF-PE";"DEL01-PE";"UOP01-DEL01-PE"
497155;2023-01-04;"quarta-feira";"07:00:00";"PR";277;193;"PALMEIRA";"Ingestão de álcool pelo condutor";"Saída de leito carroçável";"Sem Vítimas";"Amanhecer";"Crescente";"Chuva";"Simples";"Declive";"Não";5;0;0;0;5;0;0;1;-25,43186952;-50,13991928;"SPRF-PR";"DEL08-PR";"UOP02-DEL08-PR"
497157;2023-01-04;"quarta-feira";"07:50:00";"RS";471;171,3;"RIO PARDO";"Acessar a via sem observar a presença dos outros veículos";"Colisão transversal";"Com Vítimas Feridas";"Pleno dia";"Crescente";"Céu Claro";"Simples";"Curva;Interseção de Vias";"Não";3;0;3;0;0;0;3;2;-30,005714;-52,367828;"SPRF-RS";"DEL02-RS";"UOP03-DEL02-RS"
497159;2023-01-04;"quarta-feira";"05:30:00";"RO";364;537;"ALTO PARAISO";"Condutor deixou de manter distância do veículo da frente";"Colisão traseira";"Com Vítimas Feridas";"Amanhecer";"Crescente";"Céu Claro";"Simples";"Aclive;Reta";"Não";6;0;1;0;4;1;1;2;-9,749968;-63,11182798;"SPRF-RO";"DEL03-RO";"UOP01-DEL03-RO"
497160;2023-01-04;"quarta-feira";"09:05:00";"SC";101;202,6;"SAO JOSE";"Ausência de reação do condutor";"Colisão lateral mesmo sentido";"Com Vítimas Feridas";"Pleno dia";"Crescente";"Nublado";"Múltipla";"Reta";"Sim";2;0;1;0;1;0;1;2;-27,55711595;-48,61897889;"SPRF-SC";"DEL01-SC";"UOP01-DEL01-SC"
497161;2023-01-04;"quarta-feira";"08:00:00";"SP";153;191,5;"GETULINA";"Reação tardia ou ineficiente do condutor";"Saída de leito carroçável";"Com Vítimas Feridas";"Pleno dia";"Decrescente";"Nublado";"Simples";"Reta";"Não";1;0;1;0;0;0;1;1;-21,7498596;-49,86578427;"SPRF-SP";"DEL07-SP";"UOP01-DEL07-SP"
497162;2023-01-04;"quarta-feira";"08:00:00";"PE";408;92,5;"SAO LOURENCO DA MATA";"Pedestre cruzava a pista fora da faixa";"Saída de leito carroçável";"Com Vítimas Feridas";"Pleno dia";"Crescente";"Céu Claro";"Dupla";"Declive;Reta";"Não";1;0;1;0;0;0;1;1;-7,99979861;-35,06313386;"SPRF-PE";"DEL01-PE";"UOP01-DEL01-PE"