"id";"data_inversa";"dia_semana";"horario";"uf";"br";"km";"municipio";"causa_acidente";"tipo_acidente";"classificacao_acidente";"fase_dia";"sentido_via";"condicao_metereologica";"tipo_pista";"tracado_via";"uso_solo";"pessoas";"mortos";"feridos_leves";"feridos_graves";"ilesos";"ignorados";"feridos";"veiculos";"latitude";"longitude";"regional";"delegacia";"uop"
497165;2023-01-04;"quarta-feira";"06:20:00";"RO";364;690;"CANDEIAS DO JAMARI";"Transitar na contramão";"Colisão frontal";"Com Vítimas Fatais";"Pleno dia";"Crescente";"Céu Claro";"Simples";"Reta";"Não";2;2;0;0;0;0;0;2;-8,79584362;-63,68398547;"SPRF-RO";"DEL01-RO";"UOP01-DEL01-RO"
497166;2023-01-04;"quarta-feira";"07:10:00";"SC";101;109;"PENHA";"Reação tardia ou ineficiente do condutor";"Saída de leito carroçável";"Com Vítimas Feridas";"Pleno dia";"Crescente";"Chuva";"Dupla";"Reta";"Não";1;0;1;0;0;0;1;1;-26,8333519;-48,69632106;"SPRF-SC";"DEL03-SC";"UOP02-DEL03-SC"
497167;2023-01-04;"quarta-feira";"09:30:00";"RS";116;270;"PORTO ALEGRE";"Transitar na contramão";"Colisão frontal";"Com Vítimas Feridas";"Pleno dia";"Decrescente";"Sol";"Dupla";"Reta";"Não";2;0;1;0;1;0;1;2;-29,96839095;-51,17623895;"SPRF-RS";"DEL01-RS";"UOP01-DEL01-RS"
497179;2023-01-04;"quarta-feira";"09:45:00";"SC";101;41;"JOINVILLE";"Avarias e/ou desgaste excessivo no pneu";"Tombamento";"Com Vítimas Feridas";"Pleno dia";"Decrescente";"Chuva";"Dupla";"Reta;Aclive";"Sim";1;0;1;0;0;0;1;1;-26,28215489;-48,88973081;"SPRF-SC";"DEL03-SC";"UOP01-DEL03-SC"
497181;2023-01-04;"quarta-feira";"10:20:00";"SC";101;35;"JOINVILLE";"Acumulo de água sobre o pavimento";"Saída de leito carroçável";"Com Vítimas Feridas";"Pleno dia";"Crescente";"Chuva";"Múltipla";"Curva";"Não";1;0;1;0;0;0;1;1;-26,26231716;-48,90232444;"SPRF-SC";"DEL03-SC";"UOP01-DEL03-SC"
497182;2023-01-03;"terça-feira";"03:00:00";"PR";376;336;"ORTIGUEIRA";"Ausência de reação do condutor";"Colisão com objeto";"Sem Vítimas";"Plena Noite";"Crescente";"Garoa/Chuvisco";"Simples";"Declive;Reta";"Não";1;0;0;0;1;0;0;1;-24,14373736;-50,9860962;"SPRF-PR";"DEL07-PR";"UOP02-DEL07-PR"
497183;2023-01-04;"quarta-feira";"09:33:00";"MG";381;778,4;"CAMPANHA";"Chuva";"Saída de leito carroçável";"Com Vítimas Feridas";"Pleno dia";"Decrescente";"Chuva";"Dupla";"Declive;Curva";"Não";4;0;2;0;2;0;2;1;-21,83280868;-45,50064606;"SPRF-MG";"DEL16-MG";"UOP02-DEL16-MG"
497184;2023-01-04;"quarta-feira";"07:40:00";"PR";376;335;"ORTIGUEIRA";"Ausência de reação do condutor";"Colisão frontal";"Com Vítimas Feridas";"Amanhecer";"Crescente";"Chuva";"Simples";"Declive;Curva";"Não";8;0;7;0;1;0;7;3;-24,14308978;-50,99542503;"SPRF-PR";"DEL07-PR";"UOP02-DEL07-PR"
497189;2023-01-04;"quarta-feira";"09:10:00";"GO";20;134;"FLORES DE GOIAS";"Manobra de mudança de faixa";"Colisão transversal";"Com Vítimas Feridas";"Pleno dia";"Crescente";"Nublado";"Simples";"Reta";"Não";6;0;6;0;0;0;6;2;-14,817605;-46,715759;"SPRF-DF";"DEL02-DF";"UOP03-DEL02-DF"
497193;2023-01-04;"quarta-feira";"08:00:00";"SC";282;455,6;"PONTE SERRADA";"Velocidade Incompatível";"Colisão com objeto";"Com Vítimas Feridas";"Pleno dia";"Crescente";"Sol";"Simples";"Reta";"Não";5;0;5;0;0;0;5;1;-26,888617;-51,99427;"SPRF-SC";"DEL07-SC";"UOP04-DEL07-SC"
497198;2023-01-04;"quarta-feira";"12:45:00";"PR";116;124;"FAZENDA RIO GRANDE";"Reação tardia ou ineficiente do condutor";"Colisão traseira";"Com Vítimas Feridas";"Pleno dia";"Decrescente";"Chuva";"Dupla";"Reta";"Não";5;0;1;0;4;0;1;2;-25,58620703;-49,31436887;"SPRF-PR";"DEL01-PR";"UOP03-DEL01-PR"
497199;2023-01-04;"quarta-feira";"09:50:00";"PR";376;324;"ORTIGUEIRA";"Ausência de reação do condutor";"Saída de leito carroçável";"Com Vítimas Feridas";"Pleno dia";"Decrescente";"Nublado";"Simples";"Curva";"Não";1;0;1;0;0;0;1;1;-24,08335501;-51,05936802;"SPRF-PR";"DEL07-PR";"UOP02-DEL07-PR"
497200;2023-01-04;"quarta-feira";"12:40:00";"SP";116;326;"JUQUITIBA";"Chuva";"Capotamento";"Com Vítimas Feridas";"Pleno dia";"Decrescente";"Chuva";"Dupla";"Reta";"Não";1;0;0;1;0;0;1;1;-23,93901304;-47,06241203;"SPRF-SP";"DEL04-SP";"UOP03-DEL04-SP"
497201;2023-01-04;"quarta-feira";"13:20:00";"ES";101;270,3;"SERRA";"Trafegar com motocicleta (ou similar) entre as faixas";"Colisão lateral mesmo sentido";"Com Vítimas Feridas";"Pleno dia";"Decrescente";"Sol";"Dupla";"Reta";"Sim";2;0;1;0;1;0;1;2;-20,23045112;-40,27308404;"SPRF-ES";"DEL02-ES";"UOP01-DEL02-ES"
497202;2023-01-04;"quarta-feira";"12:15:00";"PE";423;196,1;"ITAIBA";"Manobra de mudança de faixa";"Colisão lateral mesmo sentido";"Com Vítimas Feridas";"Pleno dia";"Crescente";"Céu Claro";"Simples";"Reta;Aclive";"Não";4;0;1;0;2;1;1;2;-9,13623085;-37,286076;"SPRF-AL";"DEL03-AL";"UOP02-DEL03-AL"
497204;2023-01-04;"quarta-feira";"13:00:00";"MG";116;702,9;"MURIAE";"Desrespeitar a preferência no cruzamento";"Tombamento";"Com Vítimas Feridas";"Pleno dia";"Crescente";"Ignorado";"Simples";"Interseção de Vias";"Sim";2;0;1;0;1;0;1;2;-21,11938311;-42,38006362;"SPRF-MG";"DEL07-MG";"UOP02-DEL07-MG"
497205;2023-01-04;"quarta-feira";"13:10:00";"SP";381;68;"MAIRIPORA";"Chuva";"Capotamento";"Com Vítimas Feridas";"Pleno dia";"Decrescente";"Chuva";"Dupla";"Curva;Declive";"Sim";1;0;1;0;0;0;1;1;-23,34043796;-46,57433588;"SPRF-SP";"DEL03-SP";"UOP01-DEL03-SP"
497206;2023-01-04;"quarta-feira";"13:20:00";"MG";381;837,4;"SAO SEBASTIAO DA BELA VISTA";"Ausência de reação do condutor";"Colisão com objeto";"Com Vítimas Feridas";"Pleno dia";"Crescente";"Garoa/Chuvisco";"Dupla";"Curva;Declive";"Não";1;0;1;0;0;0;1;1;-22,18544691;-45,84411022;"SPRF-MG";"DEL16-MG";"UOP01-DEL16-MG"
497208;2023-01-04;"quarta-feira";"10:40:00";"PE";316;305;"FLORESTA";"Reação tardia ou ineficiente do condutor";"Colisão traseira";"Com Vítimas Feridas";"Pleno dia";"Decrescente";"Céu Claro";"Simples";"Reta";"Não";7;0;1;0;5;1;1;3;-8,61276295;-38,56374992;"SPRF-PE";"DEL04-PE";"UOP03-DEL04-PE"
497210;2023-01-04;"quarta-feira";"12:30:00";"RJ";101;291;"ITABORAI";"Reação tardia ou ineficiente do condutor";"Engavetamento";"Sem Vítimas";"Pleno dia";"Crescente";"Céu Claro";"Dupla";"Reta";"Não";3;0;0;0;3;0;0;3;-22,76457445;-42,86989322;"SPRF-RJ";"DEL02-RJ";"UOP02-DEL02-RJ"
497214;2023-01-04;"quarta-feira";"13:40:00";"BA";116;417;"FEIRA DE SANTANA";"Condutor usando celular";"Colisão com objeto";"Com Vítimas Feridas";"Pleno dia";"Crescente";"Céu Claro";"Dupla";"Reta";"Sim";2;0;1;1;0;0;2;1;-12,177085;-38,96510687;"SPRF-BA";"DEL02-BA";"UOP01-DEL02-BA"
497217;2023-01-04;"quarta-feira";"13:40:00";"RS";290;84;"CACHOEIRINHA";"Ausência de reação do condutor";"Colisão traseira";"Com Vítimas Feridas";"Pleno dia";"Crescente";"Céu Claro";"Dupla";"Reta";"Não";2;0;1;0;1;0;1;2;-29,96376;-51,097771;"SPRF-RS";"DEL01-RS";"UOP01-DEL01-RS"
497219;2023-01-04;"quarta-feira";"10:51:00";"MG";381;686,7;"LAVRAS";"Ausência de reação do condutor";"Colisão com objeto";"Com Vítimas Feridas";"Pleno dia";"Crescente";"Nublado";"Dupla";"Curva;Declive";"Não";2;0;1;0;1;0;1;1;-21,177441;-45,124646;"SPRF-MG";"DEL04-MG";"UOP02-DEL04-MG"
497220;2023-01-04;"quarta-feira";"13:30:00";"SC";101;153;"PORTO BELO";"Ausência de reação do condutor";"Tombamento";"Com Vítimas Feridas";"Pleno dia";"Decrescente";"Garoa/Chuvisco";"Dupla";"Reta";"Não";3;0;2;0;0;1;2;2;-27,144717;-48,61063935;"SPRF-SC";"DEL04-SC";"UOP03-DEL04-SC"
497221;2023-01-04;"quarta-feira";"14:20:00";"SC";101;150;"ITAPEMA";"Ausência de reação do condutor";"Colisão traseira";"Com Vítimas Feridas";"Pleno dia";"Decrescente";"Garoa/Chuvisco";"Dupla";"Reta";"Não";2;0;1;0;1;0;1;2;-27,11744799;-48,60940987;"SPRF-SC";"DEL04-SC";"UOP03-DEL04-SC"
497224;2023-01-04;"quarta-feira";"13:30:00";"SC";470;12,7;"NAVEGANTES";"Avarias e/ou desgaste excessivo no pneu";"Saída de leito carroçável";"Com Vítimas Feridas";"Pleno dia";"Decrescente";"Garoa/Chuvisco";"Dupla";"Reta";"Não";4;0;1;0;3;0;1;1;-26,83817296;-48,76428723;"SPRF-SC";"DEL04-SC";"UOP04-DEL04-SC"
497228;2023-01-04;"quarta-feira";"09:30:00";"RJ";101;78;"CAMPOS DOS GOYTACAZES";"Ultrapassagem Indevida";"Colisão transversal";"Com Vítimas Feridas";"Pleno dia";"Decrescente";"Céu Claro";"Simples";"Reta";"Não";4;0;1;0;3;0;1;2;-21,835838;-41,4205933;"SPRF-RJ";"DEL08-RJ";"UOP02-DEL08-RJ"
497229;2023-01-04;"quarta-feira";"12:50:00";"SP";381;86;"SAO PAULO";"Ausência de reação do condutor";"Colisão traseira";"Com Vítimas Feridas";"Pleno dia";"Crescente";"Nublado";"Dupla";"Curva";"Sim";2;0;1;0;1;0;1;2;-23,45930499;-46,57161179;"SPRF-SP";"DEL03-SP";"UOP01-DEL03-SP"
497231;2023-01-01;"domingo";"00:01:00";"MG";40;468;"SETE LAGOAS";"Velocidade Incompatível";"Saída de leito carroçável";"Com Vítimas Feridas";"Plena Noite";"Decrescente";"Chuva";"Dupla";"Reta";"Não";1;0;1;0;0;0;1;1;-19,45630182;-44,30941888;"SPRF-MG";"DEL02-MG";"UOP01-DEL02-MG"
497233;2023-01-04;"quarta-feira";"13:40:00";"AP";156;820;"OIAPOQUE";"Acessar a via sem observar a presença dos outros veículos";"Colisão transversal";"Com Vítimas Feridas";"Pleno dia";"Decrescente";"Chuva";"Simples";"Reta;Interseção de Vias";"Sim";3;0;1;1;1;0;2;2;3,83878842;-51,81774523;"SPRF-AP";"DEL01-AP";"UOP03-DEL01-AP"
497234;2023-01-04;"quarta-feira";"14:13:00";"GO";60;72;"ABADIANIA";"Velocidade Incompatível";"Saída de leito carroçável";"Com Vítimas Feridas";"Pleno dia";"Crescente";"Chuva";"Dupla";"Curva;Declive";"Não";2;0;1;0;1;0;1;1;-16,262998;-48,763951;"SPRF-GO";"DEL02-GO";"UOP01-DEL02-GO"
497237;2023-01-04;"quarta-feira";"09:40:00";"MG";40;353;"FELIXLANDIA";"Chuva";"Saída de leito carroçável";"Com Vítimas Feridas";"Pleno dia";"Crescente";"Chuva";"Simples";"Reta";"Não";1;0;0;1;0;0;1;1;-18,72886757;-44,91107898;"SPRF-MG";"DEL02-MG";"UOP01-DEL02-MG"
497245;2023-01-04;"quarta-feira";"15:35:00";"RS";386;354,1;"ESTRELA";"Manobra de mudança de faixa";"Colisão traseira";"Com Vítimas Feridas";"Pleno dia";"Decrescente";"Sol";"Dupla";"Reta;Retorno Regulamentado";"Não";7;0;1;0;6;0;1;3;-29,506611;-51,943012;"SPRF-RS";"DEL04-RS";"UOP02-DEL04-RS"
497246;2023-01-01;"domingo";"03:00:00";"RJ";116;67;"TERESOPOLIS";"Velocidade Incompatível";"Saída de leito carroçável";"Com Vítimas Feridas";"Plena Noite";"Decrescente";"Nublado";"Simples";"Curva";"Sim";1;0;1;0;0;0;1;1;-22,29371693;-42,93354335;"SPRF-RJ";"DEL04-RJ";"UOP01-DEL04-RJ"
497247;2023-01-04;"quarta-feira";"14:00:00";"PR";116;51;"CAMPINA GRANDE DO SUL";"Chuva";"Saída de leito carroçável";"Sem Vítimas";"Pleno dia";"Decrescente";"Chuva";"Dupla";"Curva";"Não";1;0;0;0;0;1;0;1;-25,24249703;-48,90292205;"SPRF-PR";"DEL01-PR";"UOP02-DEL01-PR"
497250;2023-01-04;"quarta-feira";"14:20:00";"PB";230;30;"JOAO PESSOA";"Reação tardia ou ineficiente do condutor";"Saída de leito carroçável";"Sem Vítimas";"Pleno dia";"Crescente";"Céu Claro";"Dupla";"Reta";"Não";2;0;0;0;0;2;0;2;-7,1549;-34,9077;"SPRF-PB";"DEL01-PB";"UOP01-DEL01-PB"
497251;2023-01-04;"quarta-feira";"15:30:00";"MG";40;559;"NOVA LIMA";"Velocidade Incompatível";"Saída de leito carroçável";"Com Vítimas Feridas";"Pleno dia";"Crescente";"Garoa/Chuvisco";"Dupla";"Reta";"Não";2;0;2;0;0;0;2;1;-20,11861708;-43,96783926;"SPRF-MG";"DEL01-MG";"UOP02-DEL01-MG"
497253;2023-01-04;"quarta-feira";"16:30:00";"RJ";493;76;"SEROPEDICA";"Reação tardia ou ineficiente do condutor";"Saída de leito carroçável";"Com Vítimas Feridas";"Pleno dia";"Decrescente";"Nublado";"Dupla";"Curva";"Sim";2;0;1;0;1;0;1;1;-22,65964076;-43,60267639;"SPRF-RJ";"DEL01-RJ";"UOP03-DEL01-RJ"
497255;2023-01-04;"quarta-feira";"10:46:00";"RO";364;515;"ARIQUEMES";"Acessar a via sem observar a presença dos outros veículos";"Colisão transversal";"Com Vítimas Feridas";"Pleno dia";"Decrescente";"Sol";"Simples";"Reta;Interseção de Vias";"Sim";4;0;1;0;3;0;1;2;-9,92497302;-63,05491046;"SPRF-RO";"DEL03-RO";"UOP01-DEL03-RO"
497259;2023-01-04;"quarta-feira";"17:15:00";"CE";222;3,9;"FORTALEZA";"Reação tardia ou ineficiente do condutor";"Colisão lateral mesmo sentido";"Com Vítimas Feridas";"Pleno dia";"Crescente";"Céu Claro";"Múltipla";"Reta";"Sim";2;0;0;1;1;0;1;2;-3,7403769;-38,59569202;"SPRF-CE";"DEL01-CE";"UOP01-DEL01-CE"
497261;2023-01-04;"quarta-feira";"16:40:00";"SP";153;294;"OCAUCU";"Pista esburacada";"Queda de ocupante de veículo";"Com Vítimas Feridas";"Pleno dia";"Crescente";"Garoa/Chuvisco";"Simples";"Declive;Reta";"Não";2;0;2;0;0;0;2;1;-22,527683;-49,88952096;"SPRF-SP";"DEL07-SP";"UOP02-DEL07-SP"
497262;2023-01-04;"quarta-feira";"16:30:00";"RS";471;173,1;"RIO PARDO";"Condutor deixou de manter distância do veículo da frente";"Engavetamento";"Sem Vítimas";"Pleno dia";"Decrescente";"Céu Claro";"Simples";"Reta;Aclive";"Sim";3;0;0;0;3;0;0;3;-29,97150559;-52,37060308;"SPRF-RS";"DEL02-RS";"UOP03-DEL02-RS"
497263;2023-01-04;"quarta-feira";"16:30:00";"RN";304;306,4;"PARNAMIRIM";"Manobra de mudança de faixa";"Colisão lateral mesmo sentido";"Sem Vítimas";"Pleno dia";"Crescente";"Céu Claro";"Dupla";"Reta";"Sim";2;0;0;0;2;0;0;2;-5,89012265;-35,26352022;"SPRF-RN";"DEL01-RN";"UOP02-DEL01-RN"
497264;2023-01-04;"quarta-feira";"15:30:00";"SP";381;90;"GUARULHOS";"Ausência de reação do condutor";"Queda de ocupante de veículo";"Com Vítimas Feridas";"Pleno dia";"Decrescente";"Chuva";"Dupla";"Reta";"Sim";2;0;1;0;1;0;1;1;-23,49479479;-46,55959864;"SPRF-SP";"DEL03-SP";"UOP01-DEL03-SP"
497266;2023-01-04;"quarta-feira";"13:40:00";"RS";287;330;"SAO VICENTE DO SUL";"Transitar na contramão";"Colisão lateral sentido oposto";"Sem Vítimas";"Pleno dia";"Decrescente";"Céu Claro";"Simples";"Interseção de Vias";"Sim";4;0;0;0;4;0;0;2;-29,6850049;-54,66500759;"SPRF-RS";"DEL12-RS";"UOP02-DEL12-RS"
497272;2023-01-04;"quarta-feira";"18:21:00";"MG";262;39;"MANHUACU";"Manobra de mudança de faixa";"Colisão frontal";"Com Vítimas Feridas";"Pleno dia";"Decrescente";"Nublado";"Simples";"Reta";"Sim";2;0;1;0;1;0;1;2;-20,27165802;-42,03950458;"SPRF-MG";"DEL06-MG";"UOP03-DEL06-MG"
497273;2023-01-04;"quarta-feira";"13:00:00";"BA";324;547;"AMELIA RODRIGUES";"Avarias e/ou desgaste excessivo no pneu";"Saída de leito carroçável";"Com Vítimas Feridas";"Pleno dia";"Crescente";"Céu Claro";"Dupla";"Reta";"Não";1;0;1;0;0;0;1;1;-12,42109386;-38,74516692;"SPRF-BA";"DEL01-BA";"UOP03-DEL01-BA"
497274;2023-01-04;"quarta-feira";"07:45:00";"BA";101;558;"ARATACA";"Avarias e/ou desgaste excessivo no pneu";"Capotamento";"Com Vítimas Feridas";"Amanhecer";"Crescente";"Céu Claro";"Simples";"Curva";"Não";1;0;1;0;0;0;1;1;-15,33579701;-39,50107108;"SPRF-BA";"DEL05-BA";"UOP02-DEL05-BA"
497276;2023-01-04;"quarta-feira";"18:00:00";"RS";116;270;"PORTO ALEGRE";"Pista Escorregadia";"Eventos atípicos";"Com Vítimas Feridas";"Pleno dia";"Decrescente";"Céu Claro";"Simples";"Curva";"Sim";2;0;2;0;0;0;2;1;-29,97242193;-51,17670894;"SPRF-RS";"DEL01-RS";"UOP01-DEL01-RS"
497278;2023-01-04;"quarta-feira";"18:24:00";"GO";40;10;"VALPARAISO DE GOIAS";"Acessar a via sem observar a presença dos outros veículos";"Colisão transversal";"Com Vítimas Feridas";"Anoitecer";"Crescente";"Nublado";"Dupla";"Retorno Regulamentado;Reta";"Sim";2;0;0;1;1;0;1;2;-16,131285;-47,957923;"SPRF-DF";"DEL01-DF";"UOP01-DEL01-DF"
497280;2023-01-04;"quarta-feira";"14:50:00";"SC";280;88,2;"CORUPA";"Acumulo de óleo sobre o pavimento";"Saída de leito carroçável";"Com Vítimas Feridas";"Pleno dia";"Crescente";"Garoa/Chuvisco";"Simples";"Reta";"Não";1;0;1;0;0;0;1;1;-26,41501369;-49,25741675;"SPRF-SC";"DEL06-SC";"UOP03-DEL06-SC"
497281;2023-01-04;"quarta-feira";"11:20:00";"RS";116;515,3;"PELOTAS";"Ausência de reação do condutor";"Queda de ocupante de veículo";"Com Vítimas Feridas";"Pleno dia";"Decrescente";"Céu Claro";"Dupla";"Reta";"Não";1;0;1;0;0;0;1;1;-31,66114092;-52,3386834;"SPRF-RS";"DEL07-RS";"UOP01-DEL07-RS"
497282;2023-01-04;"quarta-feira";"17:00:00";"CE";304;39,9;"ARACATI";"Acessar a via sem observar a presença dos outros veículos";"Colisão transversal";"Com Vítimas Feridas";"Pleno dia";"Crescente";"Céu Claro";"Dupla";"Interseção de Vias";"Não";2;0;1;0;1;0;1;2;-4,57981795;-37,85152;"SPRF-CE";"DEL03-CE";"UOP03-DEL03-CE"
497283;2023-01-04;"quarta-feira";"17:30:00";"PB";104;113,9;"LAGOA SECA";"Ultrapassagem Indevida";"Colisão frontal";"Com Vítimas Feridas";"Anoitecer";"Crescente";"Céu Claro";"Simples";"Reta";"Sim";2;0;1;0;1;0;1;2;-7,15342626;-35,85241772;"SPRF-PB";"DEL02-PB";"UOP04-DEL02-PB"
497285;2023-01-04;"quarta-feira";"18:40:00";"SP";101;45;"UBATUBA";"Acessar a via sem observar a presença dos outros veículos";"Colisão transversal";"Com Vítimas Feridas";"Plena Noite";"Decrescente";"Chuva";"Simples";"Interseção de Vias;Reta";"Sim";2;0;1;0;1;0;1;2;-23,41779396;-45,06788408;"SPRF-SP";"DEL06-SP";"UOP01-DEL06-SP"
497287;2023-01-04;"quarta-feira";"17:40:00";"MG";50;176;"UBERABA";"Ausência de reação do condutor";"Colisão traseira";"Com Vítimas Feridas";"Anoitecer";"Decrescente";"Céu Claro";"Dupla";"Reta";"Sim";5;0;2;0;3;0;2;2;-19,77919981;-47,960032;"SPRF-MG";"DEL13-MG";"UOP01-DEL13-MG"
497290;2023-01-04;"quarta-feira";"16:04:00";"RO";364;424;"JARU";"Desrespeitar a preferência no cruzamento";"Colisão transversal";"Com Vítimas Feridas";"Pleno dia";"Crescente";"Céu Claro";"Simples";"Reta;Interseção de Vias";"Sim";2;0;1;0;1;0;1;2;-10,44457274;-62,46568412;"SPRF-RO";"DEL03-RO";"UOP02-DEL03-RO"
497292;2023-01-04;"quarta-feira";"18:45:00";"RS";392;351;"SANTA MARIA";"Ausência de reação do condutor";"Colisão transversal";"Com Vítimas Feridas";"Pleno dia";"Crescente";"Céu Claro";"Simples";"Interseção de Vias";"Sim";2;0;1;0;1;0;1;2;-29,7284269;-53,80323691;"SPRF-RS";"DEL09-RS";"UOP01-DEL09-RS"
497293;2023-01-04;"quarta-feira";"18:15:00";"MG";40;531,5;"CONTAGEM";"Condutor deixou de manter distância do veículo da frente";"Colisão traseira";"Com Vítimas Feridas";"Anoitecer";"Crescente";"Nublado";"Dupla";"Curva";"Sim";3;0;1;0;2;0;1;3;-19,91962483;-44,02522683;"SPRF-MG";"DEL01-MG";"UOP02-DEL01-MG"
497294;2023-01-04;"quarta-feira";"14:20:00";"BA";116;661;"JEQUIE";"Avarias e/ou desgaste excessivo no pneu";"Colisão transversal";"Com Vítimas Feridas";"Pleno dia";"Decrescente";"Chuva";"Simples";"Reta";"Não";6;0;6;0;0;0;6;2;-13,70748902;-40,0959642;"SPRF-BA";"DEL03-BA";"UOP01-DEL03-BA"
497295;2023-01-04;"quarta-feira";"18:05:00";"MG";116;713,3;"MURIAE";"Curva acentuada";"Saída de leito carroçável";"Com Vítimas Feridas";"Anoitecer";"Decrescente";"Chuva";"Simples";"Declive;Curva";"Não";1;0;0;1;0;0;1;1;-21,20240564;-42,38551877;"SPRF-MG";"DEL07-MG";"UOP02-DEL07-MG"
497301;2023-01-04;"quarta-feira";"19:00:00";"PR";116;12;"CAMPINA GRANDE DO SUL";"Chuva";"Saída de leito carroçável";"Com Vítimas Feridas";"Anoitecer";"Crescente";"Chuva";"Simples";"Curva";"Não";2;0;2;0;0;0;2;1;-25,09706813;-48,65517895;"SPRF-PR";"DEL01-PR";"UOP02-DEL01-PR"
497302;2023-01-04;"quarta-feira";"19:50:00";"AP";210;12;"MACAPA";"Conversão proibida";"Colisão frontal";"Com Vítimas Feridas";"Plena Noite";"Decrescente";"Céu Claro";"Simples";"Curva";"Não";3;0;2;1;0;0;3;2;0,13413683;-51,13881224;"SPRF-AP";"DEL01-AP";"UOP01-DEL01-AP"
497303;2023-01-04;"quarta-feira";"20:15:00";"SP";101;48,8;"UBATUBA";"Acessar a via sem observar a presença dos outros veículos";"Colisão transversal";"Com Vítimas Feridas";"Plena Noite";"Decrescente";"Garoa/Chuvisco";"Simples";"Reta";"Sim";2;0;1;0;1;0;1;2;-23,44410908;-45,08375708;"SPRF-SP";"DEL06-SP";"UOP01-DEL06-SP"
497304;2023-01-04;"quarta-feira";"18:20:00";"MG";40;616,8;"CONGONHAS";"Ultrapassagem Indevida";"Colisão transversal";"Com Vítimas Feridas";"Anoitecer";"Crescente";"Céu Claro";"Simples";"Interseção de Vias;Curva;Declive;Retorno Regulamentado";"Sim";2;0;1;0;1;0;1;2;-20,55615194;-43,81433579;"SPRF-MG";"DEL05-MG";"UOP02-DEL05-MG"
497306;2023-01-04;"quarta-feira";"20:00:00";"SP";116;270,4;"TABOAO DA SERRA";"Reação tardia ou ineficiente do condutor";"Tombamento";"Com Vítimas Feridas";"Plena Noite";"Crescente";"Chuva";"Dupla";"Reta";"Sim";1;0;1;0;0;0;1;1;-23,61799728;-46,79677694;"SPRF-SP";"DEL04-SP";"UOP01-DEL04-SP"
497309;2023-01-04;"quarta-feira";"18:30:00";"RS";116;525,9;"PELOTAS";"Desrespeitar a preferência no cruzamento";"Colisão transversal";"Com Vítimas Feridas";"Pleno dia";"Crescente";"Céu Claro";"Simples";"Interseção de Vias";"Não";2;0;1;0;0;1;1;2;-31,7359522;-52,39349776;"SPRF-RS";"DEL07-RS";"UOP01-DEL07-RS"
497310;2023-01-04;"quarta-feira";"20:30:00";"DF";80;14;"BRASILIA";"Condutor deixou de manter distância do veículo da frente";"Colisão traseira";"Com Vítimas Feridas";"Plena Noite";"Crescente";"Céu Claro";"Simples";"Reta";"Sim";3;0;1;0;2;0;1;2;-15,719034;-48,196686;"SPRF-DF";"DEL03-DF";"UOP02-DEL03-DF"
497311;2023-01-04;"quarta-feira";"19:50:00";"RJ";40;123;"DUQUE DE CAXIAS";"Demais falhas mecânicas ou elétricas";"Tombamento";"Com Vítimas Feridas";"Plena Noite";"Crescente";"Nublado";"Múltipla";"Reta";"Sim";2;0;1;0;1;0;1;1;-22,79907687;-43,29015739;"SPRF-RJ";"DEL01-RJ";"UOP01-DEL01-RJ"
497312;2023-01-04;"quarta-feira";"17:40:00";"RJ";116;122;"MAGE";"Avarias e/ou desgaste excessivo no pneu";"Saída de leito carroçável";"Sem Vítimas";"Pleno dia";"Crescente";"Chuva";"Simples";"Curva";"Não";1;0;0;0;1;0;0;1;-22,63509742;-43,05577963;"SPRF-RJ";"DEL04-RJ";"UOP02-DEL04-RJ"
497315;2023-01-04;"quarta-feira";"21:40:00";"SP";116;217;"GUARULHOS";"Demais falhas mecânicas ou elétricas";"Incêndio";"Sem Vítimas";"Plena Noite";"Decrescente";"Chuva";"Múltipla";"Declive;Reta";"Sim";2;0;0;0;2;0;0;1;-23,45423824;-46,47119028;"SPRF-SP";"DEL01-SP";"UOP01-DEL01-SP"
497316;2023-01-04;"quarta-feira";"20:00:00";"ES";101;37;"CONCEICAO DA BARRA";"Ingestão de álcool pelo condutor";"Colisão transversal";"Sem Vítimas";"Plena Noite";"Crescente";"Céu Claro";"Simples";"Interseção de Vias";"Não";2;0;0;0;2;0;0;2;-18,47332967;-39,92661186;"SPRF-ES";"DEL04-ES";"UOP02-DEL04-ES"
497318;2023-01-04;"quarta-feira";"12:10:00";"SP";101;46,3;"UBATUBA";"Acessar a via sem observar a presença dos outros veículos";"Colisão transversal";"Com Vítimas Feridas";"Pleno dia";"Decrescente";"Nublado";"Simples";"Reta";"Sim";2;0;1;0;1;0;1;2;-23,42580309;-45,07721543;"SPRF-SP";"DEL06-SP";"UOP01-DEL06-SP"
497320;2023-01-04;"quarta-feira";"20:40:00";"SC";282;603,2;"MARAVILHA";"Ingestão de álcool pelo condutor";"Capotamento";"Sem Vítimas";"Plena Noite";"Decrescente";"Céu Claro";"Simples";"Reta";"Não";2;0;0;0;2;0;0;1;-26,800215;-53,190606;"SPRF-SC";"DEL07-SC";"UOP02-DEL07-SC"
497324;2023-01-04;"quarta-feira";"20:40:00";"RS";468;102,3;"TRES PASSOS";"Transitar na contramão";"Colisão frontal";"Com Vítimas Feridas";"Plena Noite";"Crescente";"Céu Claro";"Simples";"Reta";"Sim";2;0;1;1;0;0;2;2;-27,46094671;-53,9400655;"SPRF-RS";"DEL08-RS";"UOP02-DEL08-RS"