"id";"data_inversa";"dia_semana";"horario";"uf";"br";"km";"municipio";"causa_acidente";"tipo_acidente";"classificacao_acidente";"fase_dia";"sentido_via";"condicao_metereologica";"tipo_pista";"tracado_via";"uso_solo";"pessoas";"mortos";"feridos_leves";"feridos_graves";"ilesos";"ignorados";"feridos";"veiculos";"latitude";"longitude";"regional";"delegacia";"uop"
497940;2023-01-08;"domingo";"07:10:00";"SC";282;192,5;"LAGES";"Velocidade Incompatível";"Saída de leito carroçável";"Com Vítimas Feridas";"Pleno dia";"Crescente";"Céu Claro";"Simples";"Reta";"Não";4;0;4;0;0;0;4;1;-27,743231;-50,055424;"SPRF-SC";"DEL05-SC";"UOP01-DEL05-SC"
497941;2023-01-08;"domingo";"05:45:00";"RJ";393;162;"TRES RIOS";"Avarias e/ou desgaste excessivo no pneu";"Saída de leito carroçável";"Com Vítimas Feridas";"Amanhecer";"Crescente";"Chuva";"Simples";"Curva";"Não";1;0;1;0;0;0;1;1;-22,11405009;-43,12406301;"SPRF-RJ";"DEL05-RJ";"UOP02-DEL05-RJ"
497942;2023-01-08;"domingo";"09:00:00";"MG";40;824,9;"SIMAO PEREIRA";"Reação tardia ou ineficiente do condutor";"Colisão com objeto";"Com Vítimas Feridas";"Pleno dia";"Crescente";"Chuva";"Dupla";"Curva";"Não";2;0;1;0;1;0;1;1;-21,989611;-43,284647;"SPRF-MG";"DEL05-MG";"UOP01-DEL05-MG"
497943;2023-01-08;"domingo";"05:00:00";"BA";101;848;"VEREDA";"Transitar na contramão";"Colisão frontal";"Com Vítimas Feridas";"Amanhecer";"Decrescente";"Nevoeiro/Neblina";"Simples";"Reta";"Não";2;0;1;1;0;0;2;2;-17,302969;-39,633081;"SPRF-BA";"DEL09-BA";"UOP02-DEL09-BA"
497944;2023-01-08;"domingo";"08:30:00";"GO";70;316;"JUSSARA";"Ingestão de álcool pelo condutor";"Tombamento";"Com Vítimas Feridas";"Pleno dia";"Decrescente";"Nublado";"Dupla";"Reta;Retorno Regulamentado";"Sim";1;0;0;1;0;0;1;1;-15,874135;-50,858011;"SPRF-GO";"DEL04-GO";"UOP02-DEL04-GO"
497945;2023-01-04;"quarta-feira";"13:03:00";"MS";267;481;"JARDIM";"Ausência de reação do condutor";"Tombamento";"Com Vítimas Feridas";"Pleno dia";"Decrescente";"Garoa/Chuvisco";"Simples";"Interseção de Vias;Declive;Reta";"Sim";1;0;0;1;0;0;1;1;-21,480463;-56,139977;"SPRF-MS";"DEL05-MS";"UOP01-DEL05-MS"
497946;2023-01-08;"domingo";"08:50:00";"RS";158;480,8;"ROSARIO DO SUL";"Reação tardia ou ineficiente do condutor";"Tombamento";"Com Vítimas Feridas";"Pleno dia";"Decrescente";"Céu Claro";"Simples";"Reta";"Não";2;0;2;0;0;0;2;1;-30,34726242;-55,02189954;"SPRF-RS";"DEL11-RS";"UOP02-DEL11-RS"
497947;2023-01-08;"domingo";"08:45:00";"RS";116;223;"DOIS IRMAOS";"Manobra de mudança de faixa";"Colisão lateral mesmo sentido";"Com Vítimas Feridas";"Pleno dia";"Decrescente";"Sol";"Simples";"Curva";"Não";3;0;1;0;1;1;1;3;-29,58827044;-51,09917696;"SPRF-RS";"DEL01-RS";"UOP02-DEL01-RS"
497949;2023-01-08;"domingo";"09:30:00";"GO";414;334,6;"COCALZINHO DE GOIAS";"Condutor deixou de manter distância do veículo da frente";"Colisão traseira";"Com Vítimas Feridas";"Pleno dia";"Crescente";"Céu Claro";"Simples";"Reta";"Não";2;0;2;0;0;0;2;2;-15,580993;-48,628662;"SPRF-GO";"DEL02-GO";"UOP01-DEL02-GO"
497951;2023-01-08;"domingo";"06:40:00";"BA";242;823;"BARREIRAS";"Acumulo de água sobre o pavimento";"Saída de leito carroçável";"Com Vítimas Feridas";"Pleno dia";"Crescente";"Céu Claro";"Simples";"Reta";"Não";5;0;1;3;1;0;4;1;-12,115;-45,252;"SPRF-BA";"DEL10-BA";"UOP01-DEL10-BA"
497952;2023-01-05;"quinta-feira";"01:40:00";"MG";40;379,7;"CURVELO";"Acessar a via sem observar a presença dos outros veículos";"Colisão transversal";"Com Vítimas Feridas";"Plena Noite";"Crescente";"Chuva";"Simples";"Reta";"Não";2;0;0;1;1;0;1;2;-18,870791;-44,729377;"SPRF-MG";"DEL02-MG";"UOP01-DEL02-MG"
497956;2023-01-08;"domingo";"10:30:00";"SP";381;50,4;"ATIBAIA";"Manobra de mudança de faixa";"Colisão com objeto";"Com Vítimas Feridas";"Pleno dia";"Crescente";"Nublado";"Dupla";"Viaduto;Reta";"Sim";2;0;1;0;1;0;1;1;-23,21359807;-46,59367981;"SPRF-SP";"DEL03-SP";"UOP01-DEL03-SP"
497957;2023-01-08;"domingo";"10:30:00";"RN";101;66,3;"EXTREMOZ";"Acessar a via sem observar a presença dos outros veículos";"Colisão transversal";"Com Vítimas Feridas";"Pleno dia";"Crescente";"Nublado";"Simples";"Interseção de Vias";"Não";3;0;1;0;2;0;1;2;-5,65033356;-35,25016233;"SPRF-RN";"DEL02-RN";"UOP01-DEL02-RN"
497958;2023-01-08;"domingo";"06:30:00";"GO";70;31,7;"COCALZINHO DE GOIAS";"Neblina";"Engavetamento";"Com Vítimas Feridas";"Amanhecer";"Decrescente";"Nevoeiro/Neblina";"Simples";"Reta;Declive";"Não";3;0;1;0;2;0;1;3;-15,77488021;-48,46853279;"SPRF-DF";"DEL03-DF";"UOP02-DEL03-DF"
497959;2023-01-08;"domingo";"10:20:00";"SC";101;89;"BARRA VELHA";"Avarias e/ou desgaste excessivo no pneu";"Queda de ocupante de veículo";"Com Vítimas Feridas";"Pleno dia";"Decrescente";"Sol";"Múltipla";"Reta";"Sim";2;0;2;0;0;0;2;1;-26,65175997;-48,68721921;"SPRF-SC";"DEL03-SC";"UOP02-DEL03-SC"
497960;2023-01-08;"domingo";"10:50:00";"SC";101;211,7;"PALHOCA";"Condutor deixou de manter distância do veículo da frente";"Colisão traseira";"Com Vítimas Feridas";"Pleno dia";"Crescente";"Céu Claro";"Dupla";"Reta";"Sim";4;0;2;0;2;0;2;3;-27,62329313;-48,65245588;"SPRF-SC";"DEL01-SC";"UOP02-DEL01-SC"
497962;2023-01-08;"domingo";"09:30:00";"RS";392;126,2;"CANGUCU";"Ausência de reação do condutor";"Saída de leito carroçável";"Sem Vítimas";"Pleno dia";"Crescente";"Sol";"Simples";"Declive;Reta";"Não";1;0;0;0;0;1;0;1;-31,35676908;-52,72953619;"SPRF-RS";"DEL07-RS";"UOP01-DEL07-RS"
497964;2023-01-08;"domingo";"11:15:00";"PE";232;403;"SERRA TALHADA";"Manobra de mudança de faixa";"Colisão lateral mesmo sentido";"Com Vítimas Feridas";"Pleno dia";"Decrescente";"Céu Claro";"Simples";"Reta";"Não";7;0;1;0;6;0;1;2;-8,003365;-38,244273;"SPRF-PE";"DEL04-PE";"UOP01-DEL04-PE"
497967;2023-01-08;"domingo";"11:55:00";"SC";101;212,8;"PALHOCA";"Condutor deixou de manter distância do veículo da frente";"Colisão traseira";"Com Vítimas Feridas";"Pleno dia";"Decrescente";"Céu Claro";"Múltipla";"Reta";"Sim";4;0;0;2;1;1;2;4;-27,62996929;-48,65903871;"SPRF-SC";"DEL01-SC";"UOP02-DEL01-SC"
497968;2023-01-08;"domingo";"11:10:00";"GO";50;285;"CATALAO";"Reação tardia ou ineficiente do condutor";"Saída de leito carroçável";"Com Vítimas Feridas";"Pleno dia";"Crescente";"Garoa/Chuvisco";"Simples";"Reta;Aclive";"Não";3;0;1;0;2;0;1;1;-18,2128;-47,9648;"SPRF-GO";"DEL06-GO";"UOP01-DEL06-GO"
497970;2023-01-08;"domingo";"12:00:00";"GO";50;270;"CATALAO";"Chuva";"Saída de leito carroçável";"Com Vítimas Feridas";"Pleno dia";"Crescente";"Chuva";"Dupla";"Reta;Declive";"Não";2;0;2;0;0;0;2;1;-18,1087;-47,8878;"SPRF-GO";"DEL06-GO";"UOP01-DEL06-GO"
497971;2023-01-08;"domingo";"10:00:00";"MG";116;527;"CARATINGA";"Ultrapassagem Indevida";"Colisão lateral mesmo sentido";"Com Vítimas Feridas";"Pleno dia";"Decrescente";"Garoa/Chuvisco";"Simples";"Reta;Aclive";"Sim";2;0;0;1;1;0;1;2;-19,78510701;-42,13445297;"SPRF-MG";"DEL06-MG";"UOP02-DEL06-MG"
497972;2023-01-08;"domingo";"11:29:00";"RS";392;31;"RIO GRANDE";"Acessar a via sem observar a presença dos outros veículos";"Colisão transversal";"Sem Vítimas";"Pleno dia";"Crescente";"Céu Claro";"Dupla";"Reta;Retorno Regulamentado";"Não";3;0;0;0;3;0;0;2;-32,04179424;-52,28176437;"SPRF-RS";"DEL07-RS";"UOP02-DEL07-RS"
497973;2023-01-08;"domingo";"12:20:00";"MG";381;339;"BELA VISTA DE MINAS";"Velocidade Incompatível";"Tombamento";"Com Vítimas Feridas";"Pleno dia";"Crescente";"Nublado";"Simples";"Curva;Declive";"Sim";1;0;0;1;0;0;1;1;-19,81469587;-43,06657791;"SPRF-MG";"DEL03-MG";"UOP01-DEL03-MG"
497974;2023-01-08;"domingo";"10:45:00";"SC";280;258,7;"CANOINHAS";"Ultrapassagem Indevida";"Colisão frontal";"Com Vítimas Feridas";"Pleno dia";"Crescente";"Céu Claro";"Simples";"Reta";"Não";6;0;4;1;0;1;5;3;-26,26304631;-50,61827002;"SPRF-SC";"DEL06-SC";"UOP04-DEL06-SC"
497975;2023-01-08;"domingo";"11:30:00";"PR";369;367;"CAMPO MOURAO";"Acessar a via sem observar a presença dos outros veículos";"Colisão transversal";"Com Vítimas Feridas";"Pleno dia";"Crescente";"Céu Claro";"Dupla";"Reta";"Não";3;0;1;1;1;0;2;2;-24,1247;-52,4341;"SPRF-PR";"DEL09-PR";"UOP03-DEL09-PR"
497976;2023-01-08;"domingo";"11:50:00";"MG";381;746,1;"TRES CORACOES";"Demais falhas na via";"Eventos atípicos";"Com Vítimas Feridas";"Pleno dia";"Crescente";"Chuva";"Dupla";"Reta;Declive";"Não";2;0;1;0;0;1;1;2;-21,64340081;-45,29046703;"SPRF-MG";"DEL16-MG";"UOP02-DEL16-MG"
497977;2023-01-08;"domingo";"12:25:00";"RS";116;252,6;"SAPUCAIA DO SUL";"Avarias e/ou desgaste excessivo no pneu";"Tombamento";"Com Vítimas Feridas";"Pleno dia";"Decrescente";"Céu Claro";"Dupla";"Reta";"Sim";2;0;2;0;0;0;2;1;-29,80913395;-51,1675292;"SPRF-RS";"DEL01-RS";"UOP02-DEL01-RS"
497978;2023-01-08;"domingo";"10:28:00";"PE";316;24,6;"ARARIPINA";"Acessar a via sem observar a presença dos outros veículos";"Colisão transversal";"Com Vítimas Feridas";"Pleno dia";"Decrescente";"Céu Claro";"Simples";"Reta;Aclive";"Sim";2;0;1;0;1;0;1;2;-7,588004;-40,49662;"SPRF-PE";"DEL05-PE";"UOP02-DEL05-PE"
497979;2023-01-08;"domingo";"12:10:00";"PR";163;145,8;"SANTA LUCIA";"Velocidade Incompatível";"Saída de leito carroçável";"Com Vítimas Feridas";"Pleno dia";"Crescente";"Sol";"Dupla";"Curva";"Não";2;0;2;0;0;0;2;1;-25,460586;-53,582651;"SPRF-PR";"DEL05-PR";"UOP05-DEL05-PR"
497980;2023-01-08;"domingo";"08:45:00";"MA";402;34;"AXIXA";"Demais falhas mecânicas ou elétricas";"Incêndio";"Sem Vítimas";"Pleno dia";"Crescente";"Sol";"Simples";"Declive";"Não";2;0;0;0;2;0;0;1;-2,85000581;-44,06586539;"SPRF-MA";"DEL01-MA";"UOP01-DEL01-MA"
497984;2023-01-08;"domingo";"13:00:00";"RS";101;8,9;"TORRES";"Demais falhas mecânicas ou elétricas";"Queda de ocupante de veículo";"Com Vítimas Feridas";"Pleno dia";"Decrescente";"Céu Claro";"Dupla";"Reta";"Sim";1;0;1;0;0;0;1;1;-29,36042487;-49,80779711;"SPRF-RS";"DEL03-RS";"UOP02-DEL03-RS"
497985;2023-01-08;"domingo";"11:45:00";"PR";369;387,5;"MAMBORE";"Desrespeitar a preferência no cruzamento";"Colisão transversal";"Com Vítimas Feridas";"Pleno dia";"Decrescente";"Céu Claro";"Simples";"Reta;Interseção de Vias";"Não";3;0;1;0;2;0;1;2;-24,2636;-52,5088;"SPRF-PR";"DEL04-PR";"UOP03-DEL04-PR"
497986;2023-01-02;"segunda-feira";"15:00:00";"MG";365;543,1;"ROMARIA";"Condutor Dormindo";"Saída de leito carroçável";"Com Vítimas Feridas";"Pleno dia";"Crescente";"Chuva";"Simples";"Reta";"Não";4;0;1;1;2;0;2;1;-18,93148287;-47,61932501;"SPRF-MG";"DEL10-MG";"UOP01-DEL10-MG"
497987;2023-01-08;"domingo";"13:50:00";"PB";230;16;"JOAO PESSOA";"Demais falhas mecânicas ou elétricas";"Tombamento";"Com Vítimas Feridas";"Pleno dia";"Decrescente";"Céu Claro";"Dupla";"Reta";"Sim";2;0;2;0;0;0;2;1;-7,1039;-34,8458;"SPRF-PB";"DEL01-PB";"UOP01-DEL01-PB"
497988;2023-01-08;"domingo";"11:35:00";"BA";324;582;"CANDEIAS";"Trafegar com motocicleta (ou similar) entre as faixas";"Tombamento";"Com Vítimas Feridas";"Pleno dia";"Crescente";"Céu Claro";"Dupla";"Reta";"Não";2;0;2;0;0;0;2;1;-12,619;-38,484;"SPRF-BA";"DEL01-BA";"UOP01-DEL01-BA"
497989;2023-01-08;"domingo";"13:20:00";"BA";324;601,8;"SIMOES FILHO";"Fumaça";"Colisão traseira";"Com Vítimas Feridas";"Pleno dia";"Decrescente";"Céu Claro";"Dupla";"Reta";"Não";8;0;1;0;7;0;1;3;-12,77190917;-38,41991733;"SPRF-BA";"DEL01-BA";"UOP01-DEL01-BA"
497990;2023-01-08;"domingo";"14:55:00";"PR";476;145,1;"ARAUCARIA";"Manobra de mudança de faixa";"Colisão lateral mesmo sentido";"Sem Vítimas";"Pleno dia";"Crescente";"Céu Claro";"Dupla";"Reta";"Sim";4;0;0;0;4;0;0;2;-25,547749;-49,32095;"SPRF-PR";"DEL01-PR";"UOP06-DEL01-PR"
497991;2023-01-08;"domingo";"14:45:00";"ES";101;290,7;"CARIACICA";"Velocidade Incompatível";"Colisão frontal";"Com Vítimas Feridas";"Pleno dia";"Crescente";"Céu Claro";"Dupla";"Retorno Regulamentado";"Sim";3;0;2;1;0;0;3;2;-20,29755744;-40,39445616;"SPRF-ES";"DEL01-ES";"UOP01-DEL01-ES"
497992;2023-01-08;"domingo";"15:00:00";"GO";80;0;"PADRE BERNARDO";"Curva acentuada";"Tombamento";"Com Vítimas Feridas";"Pleno dia";"Crescente";"Céu Claro";"Simples";"Curva";"Não";2;0;1;1;0;0;2;1;-15,50521;-48,198381;"SPRF-DF";"DEL03-DF";"UOP02-DEL03-DF"
497994;2023-01-08;"domingo";"14:45:00";"SC";280;241,5;"CANOINHAS";"Frear bruscamente";"Saída de leito carroçável";"Com Vítimas Feridas";"Pleno dia";"Crescente";"Céu Claro";"Simples";"Reta;Declive";"Não";2;0;2;0;0;0;2;1;-26,22501599;-50,45997601;"SPRF-SC";"DEL06-SC";"UOP04-DEL06-SC"
497996;2023-01-08;"domingo";"15:40:00";"MG";40;712,7;"BARBACENA";"Pista Escorregadia";"Colisão com objeto";"Com Vítimas Feridas";"Pleno dia";"Decrescente";"Chuva";"Dupla";"Curva;Declive";"Não";3;0;2;0;1;0;2;1;-21,24037628;-43,69741912;"SPRF-MG";"DEL05-MG";"UOP02-DEL05-MG"
497997;2023-01-08;"domingo";"15:00:00";"AL";316;145;"PALMEIRA DOS INDIOS";"Acessar a via sem observar a presença dos outros veículos";"Atropelamento de Pedestre";"Com Vítimas Feridas";"Pleno dia";"Decrescente";"Céu Claro";"Simples";"Reta";"Sim";3;0;0;1;1;1;1;2;-9,39817551;-36,71361111;"SPRF-AL";"DEL03-AL";"UOP01-DEL03-AL"
497999;2023-01-08;"domingo";"15:30:00";"ES";101;310;"VILA VELHA";"Manobra de mudança de faixa";"Colisão traseira";"Com Vítimas Feridas";"Pleno dia";"Crescente";"Céu Claro";"Dupla";"Reta";"Não";3;0;2;0;1;0;2;2;-20,42590098;-40,46036505;"SPRF-ES";"DEL01-ES";"UOP01-DEL01-ES"
498000;2023-01-08;"domingo";"11:00:00";"BA";242;364;"LENCOIS";"Pista esburacada";"Colisão traseira";"Com Vítimas Feridas";"Pleno dia";"Decrescente";"Céu Claro";"Simples";"Reta";"Não";6;0;3;0;3;0;3;3;-12,4615682;-41,42170104;"SPRF-BA";"DEL06-BA";"UOP01-DEL06-BA"
498001;2023-01-08;"domingo";"14:45:00";"SC";153;83,4;"CONCORDIA";"Transitar na contramão";"Colisão transversal";"Com Vítimas Feridas";"Pleno dia";"Crescente";"Sol";"Simples";"Curva";"Não";2;0;1;1;0;0;2;2;-27,13492411;-51,91726685;"SPRF-SC";"DEL07-SC";"UOP04-DEL07-SC"
498002;2023-01-08;"domingo";"15:50:00";"RN";101;96;"NATAL";"Transitar na contramão";"Colisão frontal";"Com Vítimas Feridas";"Pleno dia";"Decrescente";"Céu Claro";"Simples";"Reta";"Sim";3;0;1;0;2;0;1;2;-5,84949622;-35,20890752;"SPRF-RN";"DEL01-RN";"UOP01-DEL01-RN"
498003;2023-01-08;"domingo";"11:00:00";"MT";174;120;"MIRASSOL DOESTE";"Ausência de reação do condutor";"Incêndio";"Sem Vítimas";"Pleno dia";"Crescente";"Céu Claro";"Simples";"Reta";"Não";1;0;0;0;0;1;0;1;-15,82865;-58,05418;"SPRF-MT";"DEL03-MT";"UOP01-DEL03-MT"
498005;2023-01-08;"domingo";"15:30:00";"SP";116;341,8;"MIRACATU";"Manobra de mudança de faixa";"Colisão lateral mesmo sentido";"Com Vítimas Feridas";"Pleno dia";"Decrescente";"Chuva";"Dupla";"Curva";"Não";2;0;1;0;1;0;1;1;-24,0110305;-47,16525078;"SPRF-SP";"DEL04-SP";"UOP03-DEL04-SP"
498009;2023-01-08;"domingo";"15:15:00";"PR";158;507,7;"CORONEL VIVIDA";"Reação tardia ou ineficiente do condutor";"Saída de leito carroçável";"Com Vítimas Feridas";"Pleno dia";"Decrescente";"Céu Claro";"Simples";"Reta";"Não";2;0;2;0;0;0;2;1;-26,02180124;-52,57733183;"SPRF-PR";"DEL02-PR";"UOP01-DEL02-PR"
498011;2023-01-08;"domingo";"16:30:00";"PR";376;86;"PARANAVAI";"Reação tardia ou ineficiente do condutor";"Saída de leito carroçável";"Com Vítimas Feridas";"Pleno dia";"Crescente";"Céu Claro";"Simples";"Reta";"Não";1;0;0;1;0;0;1;1;-22,98536411;-52,60079118;"SPRF-PR";"DEL09-PR";"UOP02-DEL09-PR"
498013;2023-01-08;"domingo";"10:55:00";"SC";470;135,3;"RIO DO SUL";"Velocidade Incompatível";"Tombamento";"Com Vítimas Feridas";"Pleno dia";"Crescente";"Nublado";"Simples";"Reta";"Sim";1;0;1;0;0;0;1;1;-27,188492;-49,61232;"SPRF-SC";"DEL04-SC";"UOP02-DEL04-SC"
498016;2023-01-08;"domingo";"17:30:00";"PR";369;141;"IBIPORA";"Condutor deixou de manter distância do veículo da frente";"Colisão traseira";"Com Vítimas Feridas";"Pleno dia";"Crescente";"Céu Claro";"Dupla";"Reta;Aclive";"Sim";2;0;1;0;1;0;1;2;-23,28514875;-51,07359409;"SPRF-PR";"DEL07-PR";"UOP01-DEL07-PR"
498018;2023-01-08;"domingo";"17:20:00";"SP";116;560;"BARRA DO TURVO";"Acumulo de água sobre o pavimento";"Tombamento";"Com Vítimas Feridas";"Pleno dia";"Crescente";"Chuva";"Simples";"Curva";"Não";1;0;1;0;0;0;1;1;-25,01853433;-48,51096869;"SPRF-SP";"DEL05-SP";"UOP02-DEL05-SP"
498019;2023-01-08;"domingo";"17:20:00";"PR";376;182,8;"SARANDI";"Frear bruscamente";"Tombamento";"Com Vítimas Feridas";"Pleno dia";"Decrescente";"Céu Claro";"Dupla";"Reta";"Sim";2;0;1;0;1;0;1;2;-23,43684112;-51,87880764;"SPRF-PR";"DEL09-PR";"UOP01-DEL09-PR"
498021;2023-01-08;"domingo";"17:30:00";"PR";277;577;"CASCAVEL";"Condutor deixou de manter distância do veículo da frente";"Colisão traseira";"Com Vítimas Feridas";"Pleno dia";"Crescente";"Céu Claro";"Dupla";"Reta;Em Obras";"Não";2;0;1;1;0;0;2;2;-24,98510305;-53,33984701;"SPRF-PR";"DEL04-PR";"UOP01-DEL04-PR"
498024;2023-01-08;"domingo";"13:30:00";"MS";267;411,5;"MARACAJU";"Demais falhas mecânicas ou elétricas";"Saída de leito carroçável";"Com Vítimas Feridas";"Pleno dia";"Crescente";"Sol";"Simples";"Reta";"Não";2;0;2;0;0;0;2;1;-21,63049149;-55,57576901;"SPRF-MS";"DEL05-MS";"UOP01-DEL05-MS"
498026;2023-01-08;"domingo";"16:00:00";"PE";232;360;"FLORES";"Ausência de reação do condutor";"Saída de leito carroçável";"Com Vítimas Feridas";"Pleno dia";"Crescente";"Céu Claro";"Simples";"Declive";"Não";4;0;2;0;2;0;2;1;-8,04483011;-37,876587;"SPRF-PE";"DEL04-PE";"UOP01-DEL04-PE"
498027;2023-01-08;"domingo";"17:50:00";"SC";101;145;"ITAPEMA";"Ausência de reação do condutor";"Colisão traseira";"Com Vítimas Feridas";"Pleno dia";"Decrescente";"Céu Claro";"Dupla";"Reta;Aclive";"Não";3;0;1;1;1;0;2;2;-27,08139206;-48,60130993;"SPRF-SC";"DEL04-SC";"UOP03-DEL04-SC"
498028;2023-01-08;"domingo";"17:58:00";"SC";280;125,9;"RIO NEGRINHO";"Acessar a via sem observar a presença dos outros veículos";"Colisão transversal";"Sem Vítimas";"Pleno dia";"Decrescente";"Céu Claro";"Simples";"Aclive";"Sim";2;0;0;0;2;0;0;2;-26,23763684;-49,48434497;"SPRF-SC";"DEL06-SC";"UOP03-DEL06-SC"
498029;2023-01-08;"domingo";"17:41:00";"GO";40;128,3;"CRISTALINA";"Acumulo de água sobre o pavimento";"Capotamento";"Com Vítimas Feridas";"Pleno dia";"Decrescente";"Chuva";"Dupla";"Reta";"Não";2;0;2;0;0;0;2;1;-16,893073;-47,359216;"SPRF-DF";"DEL01-DF";"UOP02-DEL01-DF"
498030;2023-01-08;"domingo";"11:45:00";"RJ";493;14;"GUAPIMIRIM";"Demais falhas na via";"Colisão lateral mesmo sentido";"Com Vítimas Feridas";"Pleno dia";"Crescente";"Nublado";"Simples";"Reta";"Não";3;0;2;0;1;0;2;2;-22,67034011;-42,98256206;"SPRF-RJ";"DEL04-RJ";"UOP02-DEL04-RJ"
498031;2023-01-08;"domingo";"18:20:00";"RN";101;108;"PARNAMIRIM";"Reação tardia ou ineficiente do condutor";"Tombamento";"Com Vítimas Feridas";"Plena Noite";"Decrescente";"Céu Claro";"Dupla";"Reta;Aclive";"Sim";1;0;1;0;0;0;1;1;-5,92825102;-35,26465683;"SPRF-RN";"DEL01-RN";"UOP01-DEL01-RN"
498032;2023-01-08;"domingo";"16:45:00";"GO";153;192;"URUACU";"Avarias e/ou desgaste excessivo no pneu";"Saída de leito carroçável";"Com Vítimas Feridas";"Pleno dia";"Decrescente";"Céu Claro";"Simples";"Reta";"Não";1;0;1;0;0;0;1;1;-14,463704;-49,156179;"SPRF-GO";"DEL07-GO";"UOP02-DEL07-GO"
498034;2023-01-08;"domingo";"16:00:00";"MG";40;787,4;"JUIZ DE FORA";"Reação tardia ou ineficiente do condutor";"Colisão com objeto";"Com Vítimas Feridas";"Pleno dia";"Crescente";"Chuva";"Dupla";"Curva";"Não";3;0;1;0;2;0;1;1;-21,73607735;-43,44262787;"SPRF-MG";"DEL05-MG";"UOP01-DEL05-MG"
498035;2023-01-08;"domingo";"18:28:00";"ES";101;249;"SERRA";"Condutor deixou de manter distância do veículo da frente";"Colisão traseira";"Com Vítimas Feridas";"Anoitecer";"Crescente";"Céu Claro";"Simples";"Curva";"Não";3;0;1;0;2;0;1;3;-20,07371936;-40,35345531;"SPRF-ES";"DEL02-ES";"UOP01-DEL02-ES"
498036;2023-01-08;"domingo";"04:23:00";"SC";282;418;"VARGEM BONITA";"Reação tardia ou ineficiente do condutor";"Capotamento";"Sem Vítimas";"Amanhecer";"Decrescente";"Céu Claro";"Simples";"Reta;Declive";"Sim";1;0;0;0;1;0;0;1;-27,006169;-51,737903;"SPRF-SC";"DEL07-SC";"UOP05-DEL07-SC"
498037;2023-01-08;"domingo";"18:40:00";"MG";381;341;"BELA VISTA DE MINAS";"Velocidade Incompatível";"Saída de leito carroçável";"Com Vítimas Feridas";"Plena Noite";"Decrescente";"Chuva";"Simples";"Curva";"Não";3;0;0;1;2;0;1;1;-19,82382024;-43,07801485;"SPRF-MG";"DEL03-MG";"UOP01-DEL03-MG"
498038;2023-01-08;"domingo";"17:50:00";"RJ";101;325;"NITEROI";"Ausência de reação do condutor";"Colisão traseira";"Com Vítimas Feridas";"Anoitecer";"Crescente";"Garoa/Chuvisco";"Dupla";"Ponte";"Sim";2;0;1;0;1;0;1;2;-22,87292569;-43,13625699;"SPRF-RJ";"DEL02-RJ";"UOP01-DEL02-RJ"
498041;2023-01-08;"domingo";"15:24:00";"MS";267;477,2;"GUIA LOPES DA LAGUNA";"Condutor deixou de manter distância do veículo da frente";"Colisão lateral mesmo sentido";"Com Vítimas Feridas";"Pleno dia";"Crescente";"Céu Claro";"Simples";"Rotatória;Interseção de Vias";"Sim";3;0;1;0;2;0;1;2;-21,45800951;-56,12014554;"SPRF-MS";"DEL05-MS";"UOP01-DEL05-MS"
498042;2023-01-08;"domingo";"17:40:00";"MS";267;305;"RIO BRILHANTE";"Reação tardia ou ineficiente do condutor";"Capotamento";"Com Vítimas Feridas";"Pleno dia";"Crescente";"Céu Claro";"Simples";"Curva";"Não";3;0;1;0;2;0;1;1;-21,716267;-54,641756;"SPRF-MS";"DEL02-MS";"UOP02-DEL02-MS"
498043;2023-01-08;"domingo";"18:00:00";"SP";381;67,8;"MAIRIPORA";"Ausência de reação do condutor";"Colisão com objeto";"Com Vítimas Feridas";"Anoitecer";"Decrescente";"Garoa/Chuvisco";"Dupla";"Curva;Interseção de Vias";"Sim";1;0;1;0;0;0;1;1;-23,3322609407;-46,5767537878;"SPRF-SP";"DEL03-SP";"UOP01-DEL03-SP"
498044;2023-01-08;"domingo";"18:30:00";"DF";70;10;"BRASILIA";"Ingestão de álcool pelo condutor";"Colisão transversal";"Com Vítimas Feridas";"Anoitecer";"Decrescente";"Nublado";"Dupla";"Retorno Regulamentado";"Sim";2;0;0;1;1;0;1;2;-15,787066;-48,140709;"SPRF-DF";"DEL03-DF";"UOP02-DEL03-DF"
498046;2023-01-08;"domingo";"19:00:00";"RJ";101;322;"NITEROI";"Condutor deixou de manter distância do veículo da frente";"Engavetamento";"Com Vítimas Feridas";"Plena Noite";"Crescente";"Céu Claro";"Simples";"Reta";"Não";3;0;1;0;1;1;1;3;-22,878923;-43,110676;"SPRF-RJ";"DEL02-RJ";"UOP01-DEL02-RJ"
498047;2023-01-08;"domingo";"18:00:00";"RS";116;239;"NOVO HAMBURGO";"Ausência de reação do condutor";"Engavetamento";"Sem Vítimas";"Anoitecer";"Crescente";"Céu Claro";"Dupla";"Reta;Aclive";"Sim";9;0;0;0;9;0;0;4;-29,6961491;-51,14455767;"SPRF-RS";"DEL01-RS";"UOP02-DEL01-RS"
498048;2023-01-08;"domingo";"16:15:00";"RJ";116;95;"GUAPIMIRIM";"Velocidade Incompatível";"Capotamento";"Com Vítimas Feridas";"Pleno dia";"Decrescente";"Chuva";"Simples";"Aclive;Curva";"Não";4;0;3;1;0;0;4;1;-22,488843;-42,999189;"SPRF-RJ";"DEL04-RJ";"UOP01-DEL04-RJ"
498049;2023-01-08;"domingo";"19:00:00";"PR";476;120;"COLOMBO";"Acesso irregular";"Colisão lateral sentido oposto";"Com Vítimas Feridas";"Plena Noite";"Crescente";"Céu Claro";"Dupla";"Interseção de Vias";"Não";2;0;1;0;1;0;1;2;-25,37191;-49,19146;"SPRF-PR";"DEL01-PR";"UOP01-DEL01-PR"