"id";"data_inversa";"dia_semana";"horario";"uf";"br";"km";"municipio";"causa_acidente";"tipo_acidente";"classificacao_acidente";"fase_dia";"sentido_via";"condicao_metereologica";"tipo_pista";"tracado_via";"uso_solo";"pessoas";"mortos";"feridos_leves";"feridos_graves";"ilesos";"ignorados";"feridos";"veiculos";"latitude";"longitude";"regional";"delegacia";"uop"
498160;2023-01-09;"segunda-feira";"09:10:00";"MG";146;401,2;"GUAXUPE";"Velocidade Incompatível";"Saída de leito carroçável";"Com Vítimas Feridas";"Pleno dia";"Crescente";"Céu Claro";"Simples";"Em Obras;Reta;Aclive";"Não";1;0;0;1;0;0;1;1;-21,2965359;-46,6758848;"SPRF-MG";"DEL09-MG";"UOP01-DEL09-MG"
498163;2023-01-07;"sábado";"23:40:00";"BA";324;533;"FEIRA DE SANTANA";"Ingestão de álcool pelo condutor";"Colisão traseira";"Com Vítimas Feridas";"Plena Noite";"Decrescente";"Céu Claro";"Dupla";"Reta";"Não";2;0;1;0;1;0;1;2;-12,34449694;-38,84017496;"SPRF-BA";"DEL01-BA";"UOP03-DEL01-BA"
498164;2023-01-09;"segunda-feira";"09:10:00";"PB";230;417;"POMBAL";"Acessar a via sem observar a presença dos outros veículos";"Colisão transversal";"Com Vítimas Feridas";"Pleno dia";"Crescente";"Céu Claro";"Simples";"Reta";"Não";3;0;0;2;1;0;2;2;-6,7147;-37,8288;"SPRF-PB";"DEL03-PB";"UOP02-DEL03-PB"
498166;2023-01-09;"segunda-feira";"09:25:00";"RJ";356;75;"ITALVA";"Conversão proibida";"Colisão transversal";"Com Vítimas Feridas";"Pleno dia";"Decrescente";"Nublado";"Simples";"Reta";"Não";2;0;0;1;1;0;1;2;-21,42140416;-41,69075621;"SPRF-RJ";"DEL08-RJ";"UOP03-DEL08-RJ"
498167;2023-01-09;"segunda-feira";"09:15:00";"PE";101;41,5;"IGARASSU";"Condutor deixou de manter distância do veículo da frente";"Colisão traseira";"Com Vítimas Feridas";"Pleno dia";"Crescente";"Nublado";"Dupla";"Reta";"Sim";3;0;2;0;1;0;2;2;-7,83038346;-34,91426785;"SPRF-PE";"DEL01-PE";"UOP02-DEL01-PE"
498169;2023-01-09;"segunda-feira";"07:50:00";"SP";116;516;"CAJATI";"Velocidade Incompatível";"Colisão frontal";"Com Vítimas Feridas";"Pleno dia";"Decrescente";"Nublado";"Dupla";"Curva";"Não";1;0;1;0;0;0;1;1;-24,87423036;-48,2190838;"SPRF-SP";"DEL05-SP";"UOP02-DEL05-SP"
498171;2023-01-09;"segunda-feira";"10:00:00";"GO";153;518;"APARECIDA DE GOIANIA";"Animais na Pista";"Atropelamento de Animal";"Sem Vítimas";"Pleno dia";"Crescente";"Céu Claro";"Dupla";"Reta;Declive";"Sim";2;0;0;0;2;0;0;1;-16,867;-49,2505;"SPRF-GO";"DEL01-GO";"UOP03-DEL01-GO"
498172;2023-01-09;"segunda-feira";"08:15:00";"RO";364;775;"PORTO VELHO";"Acumulo de água sobre o pavimento";"Colisão lateral sentido oposto";"Com Vítimas Feridas";"Pleno dia";"Crescente";"Chuva";"Simples";"Reta";"Não";4;0;0;1;3;0;1;2;-9,16733555;-64,20968125;"SPRF-RO";"DEL01-RO";"UOP02-DEL01-RO"
498174;2023-01-09;"segunda-feira";"10:25:00";"RN";226;111,4;"SANTA CRUZ";"Ultrapassagem Indevida";"Colisão traseira";"Sem Vítimas";"Pleno dia";"Crescente";"Céu Claro";"Simples";"Reta";"Sim";2;0;0;0;2;0;0;2;-6,22841881;-36,0177456;"SPRF-RN";"DEL03-RN";"UOP02-DEL03-RN"
498175;2023-01-09;"segunda-feira";"10:15:00";"PR";277;127;"CAMPO LARGO";"Reação tardia ou ineficiente do condutor";"Colisão com objeto";"Com Vítimas Feridas";"Pleno dia";"Crescente";"Nublado";"Dupla";"Curva";"Não";2;0;1;0;1;0;1;1;-25,449997;-49,612947;"SPRF-PR";"DEL03-PR";"UOP03-DEL03-PR"
498178;2023-01-09;"segunda-feira";"09:52:00";"BA";110;150;"RIBEIRA DO POMBAL";"Ingestão de álcool e/ou substâncias psicoativas pelo pedestre";"Colisão com objeto";"Sem Vítimas";"Pleno dia";"Crescente";"Céu Claro";"Simples";"Reta";"Não";2;0;0;0;1;1;0;2;-10,69245302;-38,44478799;"SPRF-BA";"DEL07-BA";"UOP02-DEL07-BA"
498179;2023-01-09;"segunda-feira";"11:00:00";"RJ";40;77;"PETROPOLIS";"Chuva";"Saída de leito carroçável";"Com Vítimas Feridas";"Pleno dia";"Decrescente";"Chuva";"Dupla";"Curva";"Não";4;0;1;0;3;0;1;1;-22,48005592;-43,23543994;"SPRF-RJ";"DEL06-RJ";"UOP01-DEL06-RJ"
498180;2023-01-09;"segunda-feira";"11:30:00";"SP";116;230,5;"SAO PAULO";"Reação tardia ou ineficiente do condutor";"Colisão traseira";"Com Vítimas Feridas";"Pleno dia";"Crescente";"Nublado";"Múltipla";"Reta";"Sim";2;0;1;0;1;0;1;2;-23,52251783;-46,5855702;"SPRF-SP";"DEL01-SP";"UOP01-DEL01-SP"
498181;2023-01-09;"segunda-feira";"10:35:00";"RS";290;8,6;"OSORIO";"Condutor Dormindo";"Saída de leito carroçável";"Com Vítimas Feridas";"Pleno dia";"Crescente";"Céu Claro";"Dupla";"Reta";"Não";6;0;4;0;2;0;4;1;-29,891826;-50,359713;"SPRF-RS";"DEL03-RS";"UOP01-DEL03-RS"
498183;2023-01-09;"segunda-feira";"10:45:00";"PR";116;155;"MANDIRITUBA";"Velocidade Incompatível";"Colisão traseira";"Com Vítimas Feridas";"Pleno dia";"Crescente";"Céu Claro";"Dupla";"Reta";"Não";7;0;1;0;6;0;1;2;-25,865768;-49,382157;"SPRF-PR";"DEL01-PR";"UOP03-DEL01-PR"
498185;2023-01-09;"segunda-feira";"12:10:00";"MG";381;924,4;"CAMANDUCAIA";"Velocidade Incompatível";"Colisão com objeto";"Com Vítimas Feridas";"Pleno dia";"Crescente";"Chuva";"Dupla";"Curva";"Não";5;0;5;0;0;0;5;1;-22,77050246;-46,23490598;"SPRF-MG";"DEL16-MG";"UOP03-DEL16-MG"
498186;2023-01-09;"segunda-feira";"11:48:00";"RS";116;257,5;"ESTEIO";"Reação tardia ou ineficiente do condutor";"Colisão traseira";"Com Vítimas Feridas";"Pleno dia";"Crescente";"Céu Claro";"Dupla";"Reta";"Sim";4;0;1;0;3;0;1;2;-29,85262195;-51,17968329;"SPRF-RS";"DEL01-RS";"UOP02-DEL01-RS"
498187;2023-01-09;"segunda-feira";"11:48:00";"RS";116;257,5;"ESTEIO";"Reação tardia ou ineficiente do condutor";"Colisão traseira";"Com Vítimas Feridas";"Pleno dia";"Crescente";"Céu Claro";"Dupla";"Reta";"Sim";3;0;1;0;2;0;1;2;-29,85262195;-51,17968329;"SPRF-RS";"DEL01-RS";"UOP02-DEL01-RS"
498188;2023-01-09;"segunda-feira";"11:40:00";"DF";251;38;"BRASILIA";"Ultrapassagem Indevida";"Colisão lateral sentido oposto";"Sem Vítimas";"Pleno dia";"Crescente";"Céu Claro";"Dupla";"Declive";"Não";5;0;0;0;5;0;0;2;-15,94397202;-47,79641747;"SPRF-DF";"DEL01-DF";"UOP01-DEL01-DF"
498190;2023-01-09;"segunda-feira";"11:30:00";"RJ";40;73;"PETROPOLIS";"Mal súbito do condutor";"Saída de leito carroçável";"Com Vítimas Feridas";"Pleno dia";"Crescente";"Céu Claro";"Simples";"Aclive;Reta";"Não";1;0;1;0;0;0;1;1;-22,46352401;-43,22321103;"SPRF-RJ";"DEL06-RJ";"UOP01-DEL06-RJ"
498191;2023-01-09;"segunda-feira";"11:45:00";"PB";101;84;"BAYEUX";"Condutor deixou de manter distância do veículo da frente";"Engavetamento";"Sem Vítimas";"Pleno dia";"Decrescente";"Sol";"Dupla";"Reta";"Não";5;0;0;0;5;0;0;5;-7,13957906;-34,92312806;"SPRF-PB";"DEL01-PB";"UOP01-DEL01-PB"
498192;2023-01-09;"segunda-feira";"09:30:00";"RS";471;661,9;"SANTA VITORIA DO PALMAR";"Reação tardia ou ineficiente do condutor";"Colisão traseira";"Com Vítimas Fatais";"Pleno dia";"Decrescente";"Nublado";"Simples";"Reta";"Não";2;1;0;0;1;0;0;2;-33,540749;-53,35442;"SPRF-RS";"DEL07-RS";"UOP04-DEL07-RS"
498193;2023-01-09;"segunda-feira";"07:50:00";"PR";153;97,2;"JAPIRA";"Mal súbito do condutor";"Saída de leito carroçável";"Com Vítimas Fatais";"Pleno dia";"Crescente";"Nublado";"Simples";"Reta";"Não";1;1;0;0;0;0;0;1;-23,73961312;-50,18317222;"SPRF-PR";"DEL07-PR";"UOP04-DEL07-PR"
498195;2023-01-09;"segunda-feira";"08:35:00";"MT";163;749;"SORRISO";"Chuva";"Colisão traseira";"Com Vítimas Feridas";"Pleno dia";"Crescente";"Nublado";"Dupla";"Reta";"Não";3;0;2;0;1;0;2;2;-12,68056718;-55,79601858;"SPRF-MT";"DEL06-MT";"UOP02-DEL06-MT"
498197;2023-01-09;"segunda-feira";"12:45:00";"PR";277;645,2;"CEU AZUL";"Mal súbito do condutor";"Saída de leito carroçável";"Com Vítimas Feridas";"Pleno dia";"Crescente";"Nublado";"Simples";"Curva";"Não";1;0;1;0;0;0;1;1;-25,173631;-53,898044;"SPRF-PR";"DEL05-PR";"UOP02-DEL05-PR"
498198;2023-01-09;"segunda-feira";"11:50:00";"MG";381;924,5;"CAMANDUCAIA";"Chuva";"Colisão com objeto";"Com Vítimas Feridas";"Pleno dia";"Crescente";"Chuva";"Dupla";"Curva";"Não";3;0;2;0;0;1;2;2;-22,77050246;-46,23490598;"SPRF-MG";"DEL16-MG";"UOP03-DEL16-MG"
498200;2023-01-09;"segunda-feira";"11:50:00";"MG";381;586;"CARMOPOLIS DE MINAS";"Velocidade Incompatível";"Queda de ocupante de veículo";"Com Vítimas Feridas";"Pleno dia";"Decrescente";"Céu Claro";"Dupla";"Reta";"Sim";2;0;1;0;1;0;1;1;-20,52582304;-44,63184104;"SPRF-MG";"DEL04-MG";"UOP01-DEL04-MG"
498203;2023-01-09;"segunda-feira";"12:50:00";"RS";290;149;"ELDORADO DO SUL";"Condutor deixou de manter distância do veículo da frente";"Colisão traseira";"Com Vítimas Feridas";"Pleno dia";"Decrescente";"Céu Claro";"Simples";"Reta";"Não";7;0;1;0;6;0;1;2;-30,106575;-51,696537;"SPRF-RS";"DEL02-RS";"UOP01-DEL02-RS"
498204;2023-01-09;"segunda-feira";"11:47:00";"RO";364;240,5;"CACOAL";"Manobra de mudança de faixa";"Colisão transversal";"Com Vítimas Feridas";"Pleno dia";"Crescente";"Nublado";"Simples";"Reta;Declive";"Sim";2;0;1;0;1;0;1;2;-11,43878496;-61,47560835;"SPRF-RO";"DEL02-RO";"UOP02-DEL02-RO"
498208;2023-01-09;"segunda-feira";"10:20:00";"RS";285;54,9;"BOM JESUS";"Reação tardia ou ineficiente do condutor";"Saída de leito carroçável";"Com Vítimas Feridas";"Pleno dia";"Decrescente";"Céu Claro";"Simples";"Aclive;Reta";"Não";2;0;2;0;0;0;2;1;-28,653214;-50,366322;"SPRF-RS";"DEL05-RS";"UOP03-DEL05-RS"
498209;2023-01-09;"segunda-feira";"09:54:00";"PE";232;290;"SERTANIA";"Condutor Dormindo";"Colisão frontal";"Com Vítimas Fatais";"Pleno dia";"Crescente";"Céu Claro";"Simples";"Reta";"Não";4;1;0;3;0;0;3;2;-8,30538909;-37,36919509;"SPRF-PE";"DEL04-PE";"UOP02-DEL04-PE"
498215;2023-01-09;"segunda-feira";"14:10:00";"SC";101;334;"TUBARAO";"Ausência de reação do condutor";"Colisão traseira";"Com Vítimas Feridas";"Pleno dia";"Crescente";"Céu Claro";"Dupla";"Reta";"Sim";2;0;0;1;1;0;1;2;-28,46730446;-49,00604302;"SPRF-SC";"DEL02-SC";"UOP01-DEL02-SC"
498216;2023-01-09;"segunda-feira";"14:40:00";"GO";50;173,2;"CAMPO ALEGRE DE GOIAS";"Chuva";"Saída de leito carroçável";"Com Vítimas Feridas";"Pleno dia";"Crescente";"Chuva";"Dupla";"Reta";"Não";2;0;1;0;1;0;1;1;-17,3542;-47,7899;"SPRF-GO";"DEL06-GO";"UOP01-DEL06-GO"
498218;2023-01-09;"segunda-feira";"08:25:00";"SC";101;368,8;"ICARA";"Transitar na contramão";"Saída de leito carroçável";"Com Vítimas Fatais";"Pleno dia";"Crescente";"Céu Claro";"Múltipla";"Reta";"Não";4;1;0;3;0;0;3;2;-28,7004213;-49,1947511;"SPRF-SC";"DEL02-SC";"UOP01-DEL02-SC"
498219;2023-01-09;"segunda-feira";"13:58:00";"MS";163;668;"RIO VERDE DE MATO GROSSO";"Ausência de reação do condutor";"Saída de leito carroçável";"Sem Vítimas";"Pleno dia";"Crescente";"Céu Claro";"Simples";"Reta";"Não";1;0;0;0;1;0;0;1;-19,02428802;-54,82731129;"SPRF-MS";"DEL06-MS";"UOP02-DEL06-MS"
498220;2023-01-09;"segunda-feira";"13:20:00";"GO";40;70;"LUZIANIA";"Velocidade Incompatível";"Saída de leito carroçável";"Com Vítimas Fatais";"Pleno dia";"Decrescente";"Chuva";"Simples";"Curva";"Não";2;1;0;1;0;0;1;1;-16,604358;-47,770476;"SPRF-DF";"DEL01-DF";"UOP02-DEL01-DF"
498221;2023-01-09;"segunda-feira";"13:29:00";"RJ";101;262,2;"RIO BONITO";"Ausência de reação do condutor";"Colisão traseira";"Com Vítimas Feridas";"Pleno dia";"Crescente";"Ignorado";"Dupla";"Curva";"Sim";2;0;1;0;1;0;1;1;-22,71491498;-42,62180328;"SPRF-RJ";"DEL02-RJ";"UOP03-DEL02-RJ"
498222;2023-01-09;"segunda-feira";"14:30:00";"MG";381;924,4;"CAMANDUCAIA";"Pista Escorregadia";"Colisão com objeto";"Com Vítimas Feridas";"Pleno dia";"Crescente";"Nublado";"Dupla";"Curva";"Não";1;0;1;0;0;0;1;1;-22,77050246;-46,23490598;"SPRF-MG";"DEL16-MG";"UOP03-DEL16-MG"
498223;2023-01-09;"segunda-feira";"11:00:00";"SC";101;327,1;"CAPIVARI DE BAIXO";"Condutor deixou de manter distância do veículo da frente";"Colisão traseira";"Com Vítimas Feridas";"Pleno dia";"Decrescente";"Sol";"Simples";"Interseção de Vias";"Sim";3;0;2;0;1;0;2;2;-28,43760057;-48,96129012;"SPRF-SC";"DEL02-SC";"UOP01-DEL02-SC"
498224;2023-01-09;"segunda-feira";"13:50:00";"BA";324;572;"SAO SEBASTIAO DO PASSE";"Carga excessiva e/ou mal acondicionada";"Saída de leito carroçável";"Com Vítimas Feridas";"Pleno dia";"Crescente";"Céu Claro";"Dupla";"Reta";"Não";1;0;1;0;0;0;1;1;-12,55680911;-38,56690209;"SPRF-BA";"DEL01-BA";"UOP01-DEL01-BA"
498225;2023-01-09;"segunda-feira";"14:00:00";"ES";101;257;"SERRA";"Restrição de visibilidade em curvas horizontais";"Queda de ocupante de veículo";"Com Vítimas Feridas";"Pleno dia";"Crescente";"Céu Claro";"Múltipla";"Reta";"Sim";1;0;0;1;0;0;1;1;-20,12455095;-40,30331881;"SPRF-ES";"DEL02-ES";"UOP01-DEL02-ES"
498227;2023-01-09;"segunda-feira";"15:00:00";"RJ";116;187;"NOVA IGUACU";"Mal súbito do condutor";"Capotamento";"Com Vítimas Feridas";"Pleno dia";"Decrescente";"Chuva";"Dupla";"Reta";"Não";2;0;1;0;1;0;1;2;-22,73883756;-43,47245197;"SPRF-RJ";"DEL01-RJ";"UOP02-DEL01-RJ"
498228;2023-01-09;"segunda-feira";"15:05:00";"PE";101;86;"JABOATAO DOS GUARARAPES";"Ausência de reação do condutor";"Colisão traseira";"Com Vítimas Feridas";"Pleno dia";"Decrescente";"Céu Claro";"Dupla";"Reta;Ponte";"Sim";7;0;5;0;2;0;5;3;-8,18470013;-34,96816895;"SPRF-PE";"DEL01-PE";"UOP01-DEL01-PE"
498229;2023-01-09;"segunda-feira";"15:00:00";"RS";386;133;"SARANDI";"Acessar a via sem observar a presença dos outros veículos";"Colisão transversal";"Com Vítimas Feridas";"Pleno dia";"Crescente";"Céu Claro";"Simples";"Reta";"Sim";3;0;1;0;2;0;1;2;-27,951338;-52,92548;"SPRF-RS";"DEL08-RS";"UOP01-DEL08-RS"
498233;2023-01-09;"segunda-feira";"14:45:00";"PA";10;2,1;"DOM ELISEU";"Condutor deixou de manter distância do veículo da frente";"Colisão traseira";"Com Vítimas Feridas";"Pleno dia";"Crescente";"Nublado";"Simples";"Aclive;Reta";"Não";4;0;1;0;3;0;1;2;-4,42779599;-47,53626682;"SPRF-PA";"DEL02-PA";"UOP02-DEL02-PA"
498238;2023-01-09;"segunda-feira";"14:15:00";"SP";116;512;"CAJATI";"Avarias e/ou desgaste excessivo no pneu";"Saída de leito carroçável";"Com Vítimas Feridas";"Pleno dia";"Decrescente";"Garoa/Chuvisco";"Dupla";"Curva;Declive";"Não";6;0;2;0;4;0;2;1;-24,84304306;-48,22027915;"SPRF-SP";"DEL05-SP";"UOP02-DEL05-SP"
498239;2023-01-09;"segunda-feira";"13:14:00";"SP";116;512;"CAJATI";"Acumulo de água sobre o pavimento";"Tombamento";"Com Vítimas Feridas";"Pleno dia";"Decrescente";"Garoa/Chuvisco";"Dupla";"Curva";"Não";2;0;1;0;1;0;1;1;-24,84304306;-48,22027915;"SPRF-SP";"DEL05-SP";"UOP02-DEL05-SP"
498240;2023-01-09;"segunda-feira";"10:40:00";"MG";251;470;"FRANCISCO SA";"Chuva";"Saída de leito carroçável";"Com Vítimas Feridas";"Pleno dia";"Crescente";"Chuva";"Simples";"Curva";"Não";4;0;2;1;1;0;3;1;-16,4718381;-43,42537022;"SPRF-MG";"DEL12-MG";"UOP01-DEL12-MG"
498241;2023-01-09;"segunda-feira";"16:20:00";"ES";101;291,3;"CARIACICA";"Avarias e/ou desgaste excessivo no pneu";"Tombamento";"Com Vítimas Feridas";"Pleno dia";"Crescente";"Céu Claro";"Dupla";"Reta";"Sim";2;0;2;0;0;0;2;1;-20,29755744;-40,39445616;"SPRF-ES";"DEL01-ES";"UOP01-DEL01-ES"
498243;2023-01-09;"segunda-feira";"15:50:00";"RS";285;335,1;"CARAZINHO";"Afundamento ou ondulação no pavimento";"Tombamento";"Com Vítimas Feridas";"Pleno dia";"Crescente";"Céu Claro";"Simples";"Reta;Declive";"Não";1;0;1;0;0;0;1;1;-28,314695;-52,750206;"SPRF-RS";"DEL08-RS";"UOP03-DEL08-RS"
498245;2023-01-09;"segunda-feira";"16:00:00";"PR";369;419;"JURANDA";"Chuva";"Saída de leito carroçável";"Com Vítimas Feridas";"Pleno dia";"Crescente";"Chuva";"Simples";"Reta";"Não";4;0;1;0;3;0;1;1;-24,3795;-52,7818;"SPRF-PR";"DEL04-PR";"UOP03-DEL04-PR"
498253;2023-01-09;"segunda-feira";"17:05:00";"MG";381;760;"TRES CORACOES";"Ingestão de álcool pelo condutor";"Queda de ocupante de veículo";"Com Vítimas Feridas";"Pleno dia";"Crescente";"Nublado";"Dupla";"Reta;Aclive";"Não";1;0;1;0;0;0;1;1;-21,69636121;-45,36263991;"SPRF-MG";"DEL16-MG";"UOP02-DEL16-MG"
498254;2023-01-09;"segunda-feira";"17:10:00";"PR";116;5,8;"CAMPINA GRANDE DO SUL";"Manobra de mudança de faixa";"Colisão lateral mesmo sentido";"Com Vítimas Feridas";"Pleno dia";"Crescente";"Nublado";"Dupla";"Reta";"Sim";2;0;1;0;1;0;1;2;-25,3653;-49,0906;"SPRF-PR";"DEL01-PR";"UOP02-DEL01-PR"
498257;2023-01-09;"segunda-feira";"17:10:00";"MG";459;98,8;"POUSO ALEGRE";"Velocidade Incompatível";"Colisão com objeto";"Com Vítimas Feridas";"Pleno dia";"Crescente";"Chuva";"Dupla";"Curva";"Sim";1;0;1;0;0;0;1;1;-22,20776904;-45,93299568;"SPRF-MG";"DEL16-MG";"UOP01-DEL16-MG"
498259;2023-01-09;"segunda-feira";"12:30:00";"SC";282;563;"NOVA ERECHIM";"Ingestão de álcool pelo condutor";"Saída de leito carroçável";"Com Vítimas Feridas";"Pleno dia";"Decrescente";"Céu Claro";"Simples";"Reta";"Não";1;0;1;0;0;0;1;1;-26,902191;-52,868835;"SPRF-SC";"DEL07-SC";"UOP02-DEL07-SC"
498260;2023-01-09;"segunda-feira";"17:15:00";"SC";470;37,9;"GASPAR";"Retorno proibido";"Colisão lateral mesmo sentido";"Com Vítimas Feridas";"Plena Noite";"Crescente";"Céu Claro";"Simples";"Em Obras;Desvio Temporário";"Sim";2;0;1;0;1;0;1;2;-26,912727;-48,978043;"SPRF-SC";"DEL04-SC";"UOP01-DEL04-SC"
498261;2023-01-09;"segunda-feira";"17:20:00";"RJ";101;297;"ITABORAI";"Acessar a via sem observar a presença dos outros veículos";"Colisão lateral mesmo sentido";"Com Vítimas Feridas";"Pleno dia";"Decrescente";"Garoa/Chuvisco";"Dupla";"Reta";"Sim";2;0;1;0;0;1;1;2;-22,76942037;-42,91873581;"SPRF-RJ";"DEL02-RJ";"UOP02-DEL02-RJ"
498262;2023-01-09;"segunda-feira";"16:10:00";"MT";364;332,2;"SANTO ANTONIO DO LEVERGER";"Chuva";"Saída de leito carroçável";"Com Vítimas Feridas";"Pleno dia";"Decrescente";"Chuva";"Dupla";"Declive";"Não";2;0;0;2;0;0;2;1;-15,82506773;-55,42827212;"SPRF-MT";"DEL05-MT";"UOP02-DEL05-MT"
498263;2023-01-09;"segunda-feira";"11:34:00";"PI";343;592;"FLORIANO";"Acesso irregular";"Queda de ocupante de veículo";"Com Vítimas Feridas";"Pleno dia";"Decrescente";"Céu Claro";"Dupla";"Reta;Aclive";"Sim";2;0;1;0;1;0;1;1;-6,780962;-43,024362;"SPRF-PI";"DEL03-PI";"UOP01-DEL03-PI"
498264;2023-01-09;"segunda-feira";"17:30:00";"PR";277;83,5;"CURITIBA";"Reação tardia ou ineficiente do condutor";"Colisão lateral mesmo sentido";"Com Vítimas Feridas";"Pleno dia";"Decrescente";"Céu Claro";"Dupla";"Reta";"Sim";4;0;1;0;3;0;1;2;-25,44773113;-49,23055172;"SPRF-PR";"DEL01-PR";"UOP01-DEL01-PR"
498266;2023-01-09;"segunda-feira";"18:10:00";"PE";101;72;"RECIFE";"Entrada inopinada do pedestre";"Atropelamento de Pedestre";"Com Vítimas Feridas";"Plena Noite";"Crescente";"Céu Claro";"Dupla";"Curva";"Sim";3;0;2;0;1;0;2;3;-8,08493106;-34,9450639;"SPRF-PE";"DEL01-PE";"UOP01-DEL01-PE"
498269;2023-01-09;"segunda-feira";"18:20:00";"SC";101;135,2;"BALNEARIO CAMBORIU";"Entrada inopinada do pedestre";"Atropelamento de Pedestre";"Com Vítimas Fatais";"Anoitecer";"Decrescente";"Céu Claro";"Múltipla";"Viaduto";"Sim";2;1;0;0;1;0;0;2;-27,005419;-48,624871;"SPRF-SC";"DEL04-SC";"UOP03-DEL04-SC"
498270;2023-01-09;"segunda-feira";"14:30:00";"BA";116;815;"VITORIA DA CONQUISTA";"Condutor deixou de manter distância do veículo da frente";"Colisão traseira";"Com Vítimas Feridas";"Pleno dia";"Decrescente";"Céu Claro";"Simples";"Reta";"Sim";1;0;0;1;0;0;1;1;-14,77315332;-40,72201784;"SPRF-BA";"DEL08-BA";"UOP01-DEL08-BA"
498271;2023-01-09;"segunda-feira";"14:30:00";"PI";316;0;"TERESINA";"Reação tardia ou ineficiente do condutor";"Colisão transversal";"Sem Vítimas";"Pleno dia";"Crescente";"Nublado";"Dupla";"Reta;Interseção de Vias";"Sim";2;0;0;0;2;0;0;2;-5,12765881;-42,80431336;"SPRF-PI";"DEL01-PI";"UOP02-DEL01-PI"
498273;2023-01-09;"segunda-feira";"17:40:00";"PR";280;292;"FLOR DA SERRA DO SUL";"Desrespeitar a preferência no cruzamento";"Colisão transversal";"Com Vítimas Feridas";"Pleno dia";"Crescente";"Céu Claro";"Simples";"Reta";"Sim";2;0;1;0;1;0;1;2;-26,2535311;-53,32653698;"SPRF-PR";"DEL02-PR";"UOP01-DEL02-PR"
498275;2023-01-09;"segunda-feira";"19:05:00";"SC";101;462;"PASSO DE TORRES";"Demais falhas mecânicas ou elétricas";"Incêndio";"Sem Vítimas";"Anoitecer";"Crescente";"Céu Claro";"Dupla";"Reta";"Não";4;0;0;0;4;0;0;1;-29,27577495;-49,75499332;"SPRF-RS";"DEL03-RS";"UOP02-DEL03-RS"
498276;2023-01-09;"segunda-feira";"18:30:00";"SC";280;210;"TRES BARRAS";"Acessar a via sem observar a presença dos outros veículos";"Colisão transversal";"Com Vítimas Feridas";"Pleno dia";"Decrescente";"Céu Claro";"Simples";"Reta";"Não";4;0;0;1;2;1;1;3;-26,17399809;-50,16814498;"SPRF-SC";"DEL06-SC";"UOP04-DEL06-SC"
498278;2023-01-09;"segunda-feira";"18:30:00";"CE";116;41;"HORIZONTE";"Acessar a via sem observar a presença dos outros veículos";"Colisão transversal";"Com Vítimas Feridas";"Plena Noite";"Crescente";"Céu Claro";"Dupla";"Reta";"Sim";3;0;0;2;1;0;2;2;-4,1024351;-38,50001011;"SPRF-CE";"DEL01-CE";"UOP02-DEL01-CE"
498281;2023-01-09;"segunda-feira";"20:00:00";"DF";20;8,4;"BRASILIA";"Condutor deixou de manter distância do veículo da frente";"Colisão traseira";"Com Vítimas Feridas";"Plena Noite";"Crescente";"Céu Claro";"Dupla";"Reta;Desvio Temporário;Aclive;Em Obras";"Sim";2;0;0;1;1;0;1;2;-15,658386;-47,791534;"SPRF-DF";"DEL02-DF";"UOP01-DEL02-DF"
498282;2023-01-09;"segunda-feira";"18:30:00";"MG";381;489,4;"BETIM";"Manobra de mudança de faixa";"Colisão traseira";"Com Vítimas Feridas";"Plena Noite";"Crescente";"Chuva";"Dupla";"Reta";"Sim";2;0;2;0;0;0;2;2;-19,95666977;-44,13823843;"SPRF-MG";"DEL01-MG";"UOP03-DEL01-MG"
498283;2023-01-09;"segunda-feira";"20:00:00";"RN";101;103;"PARNAMIRIM";"Condutor deixou de manter distância do veículo da frente";"Tombamento";"Com Vítimas Feridas";"Plena Noite";"Crescente";"Céu Claro";"Dupla";"Reta";"Não";1;0;1;0;0;0;1;1;-5,89034022;-35,24894996;"SPRF-RN";"DEL01-RN";"UOP01-DEL01-RN"
498286;2023-01-09;"segunda-feira";"20:20:00";"SC";280;54,5;"GUARAMIRIM";"Reação tardia ou ineficiente do condutor";"Colisão traseira";"Com Vítimas Feridas";"Plena Noite";"Crescente";"Nublado";"Dupla";"Reta;Interseção de Vias";"Sim";3;0;1;0;2;0;1;2;-26,47539893;-48,983748;"SPRF-SC";"DEL03-SC";"UOP03-DEL03-SC"
498287;2023-01-09;"segunda-feira";"19:00:00";"PR";277;103;"CAMPO LARGO";"Reação tardia ou ineficiente do condutor";"Colisão traseira";"Com Vítimas Feridas";"Plena Noite";"Decrescente";"Céu Claro";"Dupla";"Reta";"Não";3;0;1;0;2;0;1;2;-25,49678798;-49,3426549;"SPRF-PR";"DEL01-PR";"UOP06-DEL01-PR"
498289;2023-01-09;"segunda-feira";"20:00:00";"PB";101;126,9;"CAAPORA";"Pedestre cruzava a pista fora da faixa";"Atropelamento de Pedestre";"Com Vítimas Feridas";"Plena Noite";"Decrescente";"Céu Claro";"Dupla";"Reta";"Sim";2;0;0;1;1;0;1;2;-7,49506862;-34,98390198;"SPRF-PB";"DEL01-PB";"UOP02-DEL01-PB"
498290;2023-01-09;"segunda-feira";"18:06:00";"GO";153;71,7;"PORANGATU";"Acessar a via sem observar a presença dos outros veículos";"Colisão transversal";"Com Vítimas Feridas";"Pleno dia";"Crescente";"Céu Claro";"Simples";"Interseção de Vias";"Não";3;0;1;1;0;1;2;3;-13,44100689;-49,13279057;"SPRF-GO";"DEL07-GO";"UOP01-DEL07-GO"
498292;2023-01-09;"segunda-feira";"20:15:00";"RS";470;237;"CARLOS BARBOSA";"Ausência de reação do condutor";"Colisão com objeto";"Com Vítimas Feridas";"Plena Noite";"Crescente";"Céu Claro";"Simples";"Declive;Curva";"Não";1;0;0;1;0;0;1;1;-29,33474163;-51,50120258;"SPRF-RS";"DEL06-RS";"UOP01-DEL06-RS"