"id";"data_inversa";"dia_semana";"horario";"uf";"br";"km";"municipio";"causa_acidente";"tipo_acidente";"classificacao_acidente";"fase_dia";"sentido_via";"condicao_metereologica";"tipo_pista";"tracado_via";"uso_solo";"pessoas";"mortos";"feridos_leves";"feridos_graves";"ilesos";"ignorados";"feridos";"veiculos";"latitude";"longitude";"regional";"delegacia";"uop"
498538;2023-01-11;"quarta-feira";"13:30:00";"SP";459;22,7;"LORENA";"Conversão proibida";"Colisão traseira";"Com Vítimas Feridas";"Pleno dia";"Decrescente";"Chuva";"Simples";"Reta";"Sim";2;0;1;0;0;1;1;2;-22,663296;-45,142551;"SPRF-SP";"DEL08-SP";"UOP02-DEL08-SP"
498539;2023-01-11;"quarta-feira";"15:00:00";"MG";267;269;"AIURUOCA";"Velocidade Incompatível";"Saída de leito carroçável";"Com Vítimas Feridas";"Pleno dia";"Crescente";"Chuva";"Simples";"Reta";"Não";4;0;2;0;2;0;2;1;-21,9289758;-44,62739711;"SPRF-MG";"DEL17-MG";"UOP01-DEL17-MG"
498540;2023-01-11;"quarta-feira";"14:21:00";"DF";20;3;"BRASILIA";"Chuva";"Colisão traseira";"Com Vítimas Feridas";"Pleno dia";"Decrescente";"Garoa/Chuvisco";"Dupla";"Reta;Aclive";"Sim";3;0;1;0;2;0;1;2;-15,679851;-47,832211;"SPRF-DF";"DEL02-DF";"UOP01-DEL02-DF"
498541;2023-01-11;"quarta-feira";"14:20:00";"RS";386;215,1;"TIO HUGO";"Ausência de reação do condutor";"Colisão traseira";"Sem Vítimas";"Pleno dia";"Decrescente";"Céu Claro";"Simples";"Reta;Declive";"Não";2;0;0;0;2;0;0;2;-28,57666;-52,596031;"SPRF-RS";"DEL04-RS";"UOP03-DEL04-RS"
498543;2023-01-11;"quarta-feira";"14:50:00";"RS";392;81,7;"PELOTAS";"Ausência de reação do condutor";"Saída de leito carroçável";"Com Vítimas Feridas";"Pleno dia";"Decrescente";"Céu Claro";"Simples";"Reta";"Não";2;0;2;0;0;0;2;1;-31,66857878;-52,46031269;"SPRF-RS";"DEL07-RS";"UOP01-DEL07-RS"
498544;2023-01-11;"quarta-feira";"14:10:00";"MT";364;351;"SANTO ANTONIO DO LEVERGER";"Reação tardia ou ineficiente do condutor";"Saída de leito carroçável";"Com Vítimas Feridas";"Pleno dia";"Decrescente";"Nublado";"Dupla";"Reta";"Não";3;0;2;0;1;0;2;1;-15,8024753;-55,56540905;"SPRF-MT";"DEL05-MT";"UOP02-DEL05-MT"
498545;2023-01-11;"quarta-feira";"15:45:00";"MG";40;457,5;"CAETANOPOLIS";"Velocidade Incompatível";"Saída de leito carroçável";"Com Vítimas Feridas";"Pleno dia";"Crescente";"Chuva";"Dupla";"Reta;Declive";"Não";1;0;0;1;0;0;1;1;-19,37630624;-44,33721542;"SPRF-MG";"DEL02-MG";"UOP01-DEL02-MG"
498546;2023-01-11;"quarta-feira";"15:00:00";"SC";101;233,9;"PALHOCA";"Ausência de reação do condutor";"Colisão traseira";"Com Vítimas Feridas";"Pleno dia";"Decrescente";"Nublado";"Dupla";"Reta;Aclive";"Não";3;0;0;1;2;0;1;2;-27,80376397;-48,63826211;"SPRF-SC";"DEL01-SC";"UOP02-DEL01-SC"
498547;2023-01-11;"quarta-feira";"15:01:00";"SP";116;145;"SAO JOSE DOS CAMPOS";"Ausência de reação do condutor";"Saída de leito carroçável";"Com Vítimas Feridas";"Pleno dia";"Decrescente";"Céu Claro";"Múltipla";"Reta;Aclive";"Não";1;0;1;0;0;0;1;1;-23,1869844;-45,8548078;"SPRF-SP";"DEL02-SP";"UOP01-DEL02-SP"
498549;2023-01-11;"quarta-feira";"13:20:00";"BA";101;46;"ENTRE RIOS";"Avarias e/ou desgaste excessivo no pneu";"Saída de leito carroçável";"Com Vítimas Feridas";"Pleno dia";"Crescente";"Chuva";"Dupla";"Reta";"Não";5;0;1;0;4;0;1;1;-11,88660088;-38,02732004;"SPRF-SE";"DEL02-SE";"UOP03-DEL02-SE"
498550;2023-01-11;"quarta-feira";"15:50:00";"SP";116;279,6;"EMBU DAS ARTES";"Ultrapassagem Indevida";"Colisão lateral mesmo sentido";"Com Vítimas Feridas";"Pleno dia";"Decrescente";"Céu Claro";"Múltipla";"Reta;Interseção de Vias";"Sim";2;0;1;0;1;0;1;2;-23,65508497;-46,84918605;"SPRF-SP";"DEL04-SP";"UOP01-DEL04-SP"
498551;2023-01-11;"quarta-feira";"14:50:00";"RJ";101;294;"ITABORAI";"Manobra de mudança de faixa";"Colisão lateral mesmo sentido";"Com Vítimas Feridas";"Pleno dia";"Crescente";"Garoa/Chuvisco";"Dupla";"Reta";"Sim";3;0;2;0;0;1;2;2;-22,7584434;-42,89502344;"SPRF-RJ";"DEL02-RJ";"UOP02-DEL02-RJ"
498553;2023-01-11;"quarta-feira";"16:40:00";"DF";60;27;"BRASILIA";"Ausência de reação do condutor";"Saída de leito carroçável";"Com Vítimas Feridas";"Pleno dia";"Decrescente";"Nublado";"Dupla";"Reta";"Não";5;0;2;0;3;0;2;1;-16,012222;-48,247662;"SPRF-DF";"DEL03-DF";"UOP01-DEL03-DF"
498554;2023-01-11;"quarta-feira";"14:00:00";"RJ";116;174;"SAO JOAO DE MERITI";"Avarias e/ou desgaste excessivo no pneu";"Queda de ocupante de veículo";"Com Vítimas Feridas";"Pleno dia";"Crescente";"Céu Claro";"Dupla";"Reta";"Sim";2;0;2;0;0;0;2;1;-22,79423806;-43,36403759;"SPRF-RJ";"DEL01-RJ";"UOP02-DEL01-RJ"
498558;2023-01-11;"quarta-feira";"07:20:00";"RS";285;462;"IJUI";"Animais na Pista";"Atropelamento de Animal";"Sem Vítimas";"Pleno dia";"Decrescente";"Céu Claro";"Simples";"Reta";"Não";2;0;0;0;2;0;0;1;-28,4147;-53,928043;"SPRF-RS";"DEL10-RS";"UOP01-DEL10-RS"
498560;2023-01-11;"quarta-feira";"14:50:00";"MG";116;276;"TEOFILO OTONI";"Reação tardia ou ineficiente do condutor";"Queda de ocupante de veículo";"Com Vítimas Feridas";"Pleno dia";"Decrescente";"Céu Claro";"Simples";"Curva";"Sim";1;0;0;1;0;0;1;1;-17,85105696;-41,51454492;"SPRF-MG";"DEL11-MG";"UOP01-DEL11-MG"
498561;2023-01-11;"quarta-feira";"16:00:00";"PR";376;304,5;"MAUA DA SERRA";"Pista Escorregadia";"Saída de leito carroçável";"Com Vítimas Feridas";"Pleno dia";"Decrescente";"Chuva";"Dupla";"Curva";"Não";2;0;1;0;1;0;1;1;-23,952969;-51,114033;"SPRF-PR";"DEL07-PR";"UOP02-DEL07-PR"
498562;2023-01-11;"quarta-feira";"17:45:00";"RS";386;347,5;"LAJEADO";"Entrada inopinada do pedestre";"Atropelamento de Pedestre";"Com Vítimas Feridas";"Pleno dia";"Decrescente";"Céu Claro";"Dupla";"Em Obras;Reta;Aclive";"Sim";2;0;2;0;0;0;2;2;-29,451736;-51,965893;"SPRF-RS";"DEL04-RS";"UOP01-DEL04-RS"
498563;2023-01-11;"quarta-feira";"16:00:00";"RJ";493;96;"SEROPEDICA";"Pista Escorregadia";"Colisão com objeto";"Com Vítimas Feridas";"Pleno dia";"Decrescente";"Chuva";"Dupla";"Reta";"Não";1;0;1;0;0;0;1;1;-22,69772336;-43,69230509;"SPRF-RJ";"DEL03-RJ";"UOP01-DEL03-RJ"
498566;2023-01-11;"quarta-feira";"18:17:00";"DF";70;14;"BRASILIA";"Manobra de mudança de faixa";"Engavetamento";"Com Vítimas Feridas";"Pleno dia";"Crescente";"Sol";"Dupla";"Reta";"Sim";3;0;1;0;2;0;1;3;-15,797312;-48,176056;"SPRF-DF";"DEL03-DF";"UOP02-DEL03-DF"
498569;2023-01-11;"quarta-feira";"17:10:00";"SC";116;245,3;"LAGES";"Condutor deixou de manter distância do veículo da frente";"Colisão traseira";"Sem Vítimas";"Pleno dia";"Decrescente";"Céu Claro";"Simples";"Reta";"Não";2;0;0;0;2;0;0;2;-27,79544281;-50,36187437;"SPRF-SC";"DEL05-SC";"UOP01-DEL05-SC"
498570;2023-01-11;"quarta-feira";"17:35:00";"PE";101;84,5;"JABOATAO DOS GUARARAPES";"Condutor deixou de manter distância do veículo da frente";"Colisão traseira";"Com Vítimas Feridas";"Anoitecer";"Decrescente";"Céu Claro";"Dupla";"Reta;Ponte";"Não";2;0;0;1;0;1;1;2;-8,17778559;-34,95087297;"SPRF-PE";"DEL01-PE";"UOP01-DEL01-PE"
498572;2023-01-11;"quarta-feira";"18:00:00";"GO";153;200,2;"URUACU";"Acessar a via sem observar a presença dos outros veículos";"Colisão transversal";"Com Vítimas Feridas";"Pleno dia";"Crescente";"Nublado";"Simples";"Rotatória;Interseção de Vias";"Sim";2;0;1;0;1;0;1;2;-14,53297009;-49,16090012;"SPRF-GO";"DEL07-GO";"UOP02-DEL07-GO"
498573;2023-01-11;"quarta-feira";"18:10:00";"SC";101;54,5;"JOINVILLE";"Reação tardia ou ineficiente do condutor";"Colisão traseira";"Com Vítimas Feridas";"Pleno dia";"Crescente";"Nublado";"Dupla";"Reta";"Não";2;0;1;0;1;0;1;2;-26,41319508;-48,83617332;"SPRF-SC";"DEL03-SC";"UOP01-DEL03-SC"
498574;2023-01-11;"quarta-feira";"12:35:00";"CE";222;189;"SOBRAL";"Chuva";"Colisão frontal";"Com Vítimas Fatais";"Pleno dia";"Decrescente";"Chuva";"Simples";"Reta;Aclive";"Não";3;1;2;0;0;0;2;2;-3,77215371;-40,12055223;"SPRF-CE";"DEL04-CE";"UOP01-DEL04-CE"
498575;2023-01-11;"quarta-feira";"19:06:00";"BA";324;605;"SIMOES FILHO";"Demais falhas mecânicas ou elétricas";"Incêndio";"Sem Vítimas";"Plena Noite";"Decrescente";"Céu Claro";"Simples";"Declive;Reta";"Sim";1;0;0;0;1;0;0;1;-12,78605114;-38,40972508;"SPRF-BA";"DEL01-BA";"UOP01-DEL01-BA"
498576;2023-01-11;"quarta-feira";"11:20:00";"SC";282;438;"IRANI";"Demais falhas mecânicas ou elétricas";"Incêndio";"Sem Vítimas";"Pleno dia";"Decrescente";"Céu Claro";"Simples";"Reta";"Não";1;0;0;0;0;1;0;1;-26,95389;-51,855713;"SPRF-SC";"DEL07-SC";"UOP04-DEL07-SC"
498577;2023-01-11;"quarta-feira";"16:30:00";"MA";10;137;"PORTO FRANCO";"Manobra de mudança de faixa";"Colisão lateral mesmo sentido";"Com Vítimas Feridas";"Pleno dia";"Decrescente";"Céu Claro";"Simples";"Reta";"Não";4;0;1;0;3;0;1;2;-6,517802;-47,389824;"SPRF-MA";"DEL04-MA";"UOP02-DEL04-MA"
498580;2023-01-11;"quarta-feira";"18:30:00";"AL";316;143;"ESTRELA DE ALAGOAS";"Manobra de mudança de faixa";"Colisão frontal";"Com Vítimas Feridas";"Plena Noite";"Crescente";"Céu Claro";"Simples";"Reta";"Sim";2;0;0;2;0;0;2;2;-9,39510157;-36,73156493;"SPRF-AL";"DEL03-AL";"UOP01-DEL03-AL"
498581;2023-01-11;"quarta-feira";"16:40:00";"MG";381;554,5;"ITAGUARA";"Reação tardia ou ineficiente do condutor";"Saída de leito carroçável";"Com Vítimas Feridas";"Pleno dia";"Decrescente";"Nublado";"Dupla";"Declive;Reta";"Não";1;0;1;0;0;0;1;1;-20,35262218;-44,44977291;"SPRF-MG";"DEL04-MG";"UOP03-DEL04-MG"
498582;2023-01-11;"quarta-feira";"19:30:00";"PR";277;5;"FOZ DO IGUACU";"Desrespeitar a preferência no cruzamento";"Colisão transversal";"Com Vítimas Feridas";"Anoitecer";"Decrescente";"Céu Claro";"Dupla";"Rotatória";"Sim";2;0;0;1;1;0;1;2;-25,46139029;-54,58346844;"SPRF-PR";"DEL05-PR";"UOP03-DEL05-PR"
498584;2023-01-11;"quarta-feira";"19:00:00";"RO";364;710;"PORTO VELHO";"Condutor deixou de manter distância do veículo da frente";"Engavetamento";"Com Vítimas Feridas";"Anoitecer";"Decrescente";"Céu Claro";"Dupla";"Reta";"Sim";3;0;2;0;1;0;2;3;-8,78621576;-63,85712687;"SPRF-RO";"DEL01-RO";"UOP01-DEL01-RO"
498585;2023-01-11;"quarta-feira";"17:50:00";"PE";101;74;"RECIFE";"Acumulo de óleo sobre o pavimento";"Tombamento";"Com Vítimas Feridas";"Anoitecer";"Decrescente";"Céu Claro";"Dupla";"Reta";"Não";3;0;1;1;1;0;2;3;-8,10146485;-34,94901577;"SPRF-PE";"DEL01-PE";"UOP01-DEL01-PE"
498586;2023-01-11;"quarta-feira";"17:20:00";"RJ";40;72;"PETROPOLIS";"Reação tardia ou ineficiente do condutor";"Colisão com objeto";"Com Vítimas Feridas";"Anoitecer";"Decrescente";"Chuva";"Simples";"Curva";"Não";1;0;1;0;0;0;1;1;-22,4585308;-43,21600514;"SPRF-RJ";"DEL06-RJ";"UOP01-DEL06-RJ"
498588;2023-01-07;"sábado";"18:53:00";"CE";222;87,5;"UMIRIM";"Conversão proibida";"Colisão transversal";"Sem Vítimas";"Plena Noite";"Crescente";"Céu Claro";"Simples";"Interseção de Vias;Retorno Regulamentado";"Não";2;0;0;0;2;0;0;2;-3,67209464;-39,32094501;"SPRF-CE";"DEL04-CE";"UOP03-DEL04-CE"
498590;2023-01-11;"quarta-feira";"20:10:00";"RN";101;95;"NATAL";"Ingestão de álcool pelo condutor";"Colisão lateral mesmo sentido";"Com Vítimas Feridas";"Plena Noite";"Decrescente";"Céu Claro";"Múltipla";"Reta";"Sim";3;0;2;0;1;0;2;2;-5,84076841;-35,21035949;"SPRF-RN";"DEL01-RN";"UOP01-DEL01-RN"
498591;2023-01-11;"quarta-feira";"19:50:00";"PR";376;181;"MARINGA";"Ausência de reação do condutor";"Colisão lateral mesmo sentido";"Com Vítimas Feridas";"Plena Noite";"Crescente";"Céu Claro";"Dupla";"Reta";"Sim";2;0;1;0;1;0;1;2;-23,43070187;-51,88975811;"SPRF-PR";"DEL09-PR";"UOP01-DEL09-PR"
498594;2023-01-11;"quarta-feira";"17:55:00";"SP";116;512;"CAJATI";"Reação tardia ou ineficiente do condutor";"Saída de leito carroçável";"Com Vítimas Feridas";"Pleno dia";"Decrescente";"Garoa/Chuvisco";"Simples";"Declive;Curva";"Não";4;0;1;0;3;0;1;2;-24,84304306;-48,22027915;"SPRF-SP";"DEL05-SP";"UOP02-DEL05-SP"
498595;2023-01-11;"quarta-feira";"19:19:00";"SE";101;96;"SAO CRISTOVAO";"Afundamento ou ondulação no pavimento";"Tombamento";"Com Vítimas Feridas";"Plena Noite";"Crescente";"Nublado";"Dupla";"Reta;Retorno Regulamentado";"Não";1;0;0;1;0;0;1;1;-10,91774224;-37,16729183;"SPRF-SE";"DEL02-SE";"UOP01-DEL02-SE"
498597;2023-01-11;"quarta-feira";"19:40:00";"BA";101;350;"TEOLANDIA";"Ingestão de álcool pelo condutor";"Colisão frontal";"Sem Vítimas";"Plena Noite";"Crescente";"Céu Claro";"Simples";"Reta;Aclive";"Não";4;0;0;0;4;0;0;3;-13,609868;-39,498551;"SPRF-BA";"DEL05-BA";"UOP03-DEL05-BA"
498600;2023-01-11;"quarta-feira";"21:00:00";"SP";381;64;"MAIRIPORA";"Ingestão de álcool pelo condutor";"Colisão lateral mesmo sentido";"Sem Vítimas";"Plena Noite";"Decrescente";"Nublado";"Dupla";"Reta";"Não";2;0;0;0;2;0;0;2;-23,29437896;-46,57254696;"SPRF-SP";"DEL03-SP";"UOP01-DEL03-SP"
498601;2023-01-11;"quarta-feira";"21:30:00";"GO";153;426;"ANAPOLIS";"Ausência de sinalização";"Saída de leito carroçável";"Com Vítimas Feridas";"Plena Noite";"Crescente";"Céu Claro";"Simples";"Reta;Declive";"Não";1;0;0;1;0;0;1;1;-16,221258;-49,013374;"SPRF-GO";"DEL02-GO";"UOP01-DEL02-GO"
498602;2023-01-11;"quarta-feira";"19:00:00";"MG";381;864,9;"POUSO ALEGRE";"Pista esburacada";"Eventos atípicos";"Sem Vítimas";"Anoitecer";"Crescente";"Chuva";"Dupla";"Reta";"Não";1;0;0;0;1;0;0;1;-22,38757269;-45,95265452;"SPRF-MG";"DEL16-MG";"UOP01-DEL16-MG"
498603;2023-01-11;"quarta-feira";"22:00:00";"RN";304;296;"MACAIBA";"Obstrução na via";"Queda de ocupante de veículo";"Com Vítimas Feridas";"Plena Noite";"Decrescente";"Ignorado";"Simples";"Reta";"Sim";1;0;1;0;0;0;1;1;-5,86484905;-35,34931012;"SPRF-RN";"DEL01-RN";"UOP02-DEL01-RN"
498604;2023-01-11;"quarta-feira";"21:20:00";"SP";116;150;"SAO JOSE DOS CAMPOS";"Manobra de mudança de faixa";"Tombamento";"Com Vítimas Feridas";"Plena Noite";"Decrescente";"Nublado";"Múltipla";"Interseção de Vias";"Sim";2;0;2;0;0;0;2;1;-23,21335525;-45,8930588;"SPRF-SP";"DEL02-SP";"UOP01-DEL02-SP"
498608;2023-01-11;"quarta-feira";"17:40:00";"RJ";40;93;"DUQUE DE CAXIAS";"Reação tardia ou ineficiente do condutor";"Capotamento";"Com Vítimas Feridas";"Anoitecer";"Crescente";"Chuva";"Dupla";"Curva;Declive";"Não";3;0;2;0;1;0;2;1;-22,55670824;-43,26348209;"SPRF-RJ";"DEL06-RJ";"UOP01-DEL06-RJ"
498609;2023-01-11;"quarta-feira";"17:24:00";"TO";153;265;"COLINAS DO TOCANTINS";"Demais falhas mecânicas ou elétricas";"Tombamento";"Com Vítimas Feridas";"Pleno dia";"Crescente";"Céu Claro";"Simples";"Reta";"Não";4;0;4;0;0;0;4;1;-8,217812;-48,46415698;"SPRF-TO";"DEL02-TO";"UOP02-DEL02-TO"
498611;2023-01-11;"quarta-feira";"22:35:00";"GO";20;197;"POSSE";"Condutor Dormindo";"Colisão traseira";"Com Vítimas Feridas";"Plena Noite";"Crescente";"Céu Claro";"Simples";"Curva;Declive";"Não";8;0;3;0;5;0;3;2;-14,33857138;-46,43749237;"SPRF-DF";"DEL02-DF";"UOP03-DEL02-DF"
498612;2023-01-11;"quarta-feira";"21:05:00";"SC";282;277;"SAO JOSE DO CERRITO";"Reação tardia ou ineficiente do condutor";"Saída de leito carroçável";"Com Vítimas Fatais";"Plena Noite";"Decrescente";"Nublado";"Simples";"Curva";"Não";3;1;1;0;0;1;1;2;-27,59433737;-50,73589325;"SPRF-SC";"DEL05-SC";"UOP02-DEL05-SC"
498614;2023-01-11;"quarta-feira";"23:00:00";"SP";116;154;"SAO JOSE DOS CAMPOS";"Entrada inopinada do pedestre";"Atropelamento de Pedestre";"Com Vítimas Feridas";"Plena Noite";"Crescente";"Nublado";"Múltipla";"Reta";"Não";2;0;0;1;0;1;1;2;-23,23903999;-45,92061901;"SPRF-SP";"DEL02-SP";"UOP01-DEL02-SP"
498615;2023-01-11;"quarta-feira";"23:14:00";"GO";40;21;"LUZIANIA";"Condutor Dormindo";"Saída de leito carroçável";"Com Vítimas Feridas";"Plena Noite";"Crescente";"Céu Claro";"Dupla";"Reta";"Sim";4;0;2;0;2;0;2;1;-16,218542;-47,915731;"SPRF-DF";"DEL01-DF";"UOP01-DEL01-DF"
498617;2023-01-11;"quarta-feira";"23:30:00";"SP";116;120;"CACAPAVA";"Condutor Dormindo";"Saída de leito carroçável";"Com Vítimas Feridas";"Pleno dia";"Crescente";"Céu Claro";"Dupla";"Reta";"Não";2;0;1;0;1;0;1;1;-23,0715638;-45,64459209;"SPRF-SP";"DEL02-SP";"UOP02-DEL02-SP"
498618;2023-01-11;"quarta-feira";"15:50:00";"MT";70;552,2;"NOSSA SENHORA DO LIVRAMENTO";"Chuva";"Saída de leito carroçável";"Sem Vítimas";"Pleno dia";"Decrescente";"Chuva";"Simples";"Curva";"Não";2;0;0;0;2;0;0;1;-15,67703033;-56,32792808;"SPRF-MT";"DEL03-MT";"UOP02-DEL03-MT"
498622;2023-01-12;"quinta-feira";"00:25:00";"GO";60;163;"GOIANIA";"Transitar na contramão";"Colisão frontal";"Com Vítimas Feridas";"Plena Noite";"Crescente";"Garoa/Chuvisco";"Dupla";"Aclive";"Sim";2;0;0;2;0;0;2;2;-16,7002;-49,3335;"SPRF-GO";"DEL01-GO";"UOP02-DEL01-GO"
498623;2023-01-11;"quarta-feira";"23:20:00";"SC";470;33,4;"GASPAR";"Ausência de reação do condutor";"Colisão traseira";"Com Vítimas Feridas";"Plena Noite";"Crescente";"Nublado";"Dupla";"Reta";"Não";3;0;1;0;2;0;1;2;-26,906223;-48,940575;"SPRF-SC";"DEL04-SC";"UOP01-DEL04-SC"
498624;2023-01-11;"quarta-feira";"15:00:00";"BA";116;162,8;"CANUDOS";"Ultrapassagem Indevida";"Colisão frontal";"Com Vítimas Fatais";"Pleno dia";"Crescente";"Sol";"Simples";"Aclive;Reta";"Não";4;1;0;3;0;0;3;2;-10,03501199;-39,15931172;"SPRF-BA";"DEL07-BA";"UOP02-DEL07-BA"
498625;2023-01-11;"quarta-feira";"23:05:00";"MT";364;203;"RONDONOPOLIS";"Demais falhas mecânicas ou elétricas";"Colisão traseira";"Com Vítimas Feridas";"Plena Noite";"Crescente";"Céu Claro";"Dupla";"Reta";"Sim";2;0;1;0;1;0;1;2;-16,4755525639;-54,6534472382;"SPRF-MT";"DEL02-MT";"UOP01-DEL02-MT"
498627;2023-01-12;"quinta-feira";"00:03:00";"DF";20;45;"BRASILIA";"Ingestão de álcool pelo condutor";"Saída de leito carroçável";"Sem Vítimas";"Plena Noite";"Crescente";"Céu Claro";"Dupla";"Reta";"Não";1;0;0;0;1;0;0;1;-15,577153;-47,467113;"SPRF-DF";"DEL02-DF";"UOP01-DEL02-DF"
498630;2023-01-11;"quarta-feira";"22:55:00";"MG";40;120;"JOAO PINHEIRO";"Animais na Pista";"Atropelamento de Animal";"Com Vítimas Feridas";"Plena Noite";"Decrescente";"Chuva";"Simples";"Reta;Aclive";"Não";2;0;1;0;1;0;1;1;-17,66215873;-46,36488595;"SPRF-MG";"DEL14-MG";"UOP01-DEL14-MG"
498631;2023-01-12;"quinta-feira";"00:50:00";"MG";50;180;"UBERABA";"Ingestão de álcool e/ou substâncias psicoativas pelo pedestre";"Colisão com objeto";"Com Vítimas Feridas";"Plena Noite";"Decrescente";"Garoa/Chuvisco";"Dupla";"Interseção de Vias";"Não";1;0;0;1;0;0;1;1;-19,77848216;-47,92194709;"SPRF-MG";"DEL13-MG";"UOP01-DEL13-MG"
498632;2023-01-12;"quinta-feira";"00:35:00";"PR";369;391;"MAMBORE";"Velocidade Incompatível";"Saída de leito carroçável";"Com Vítimas Feridas";"Plena Noite";"Crescente";"Céu Claro";"Simples";"Interseção de Vias";"Não";4;0;4;0;0;0;4;1;-24,28219137;-52,54579609;"SPRF-PR";"DEL04-PR";"UOP03-DEL04-PR"
498633;2023-01-12;"quinta-feira";"03:50:00";"RS";480;68,1;"ERECHIM";"Transitar na contramão";"Colisão frontal";"Sem Vítimas";"Plena Noite";"Decrescente";"Céu Claro";"Simples";"Reta";"Não";2;0;0;0;1;1;0;2;-27,63347625;-52,34270887;"SPRF-RS";"DEL08-RS";"UOP04-DEL08-RS"
498636;2023-01-12;"quinta-feira";"05:23:00";"PI";316;7,6;"TERESINA";"Animais na Pista";"Atropelamento de Animal";"Com Vítimas Feridas";"Amanhecer";"Decrescente";"Céu Claro";"Múltipla";"Reta";"Sim";1;0;0;1;0;0;1;1;-5,15584638;-42,77173332;"SPRF-PI";"DEL01-PI";"UOP02-DEL01-PI"
498637;2023-01-12;"quinta-feira";"00:00:00";"SC";101;421;"SAO JOAO DO SUL";"Manobra de mudança de faixa";"Saída de leito carroçável";"Sem Vítimas";"Plena Noite";"Crescente";"Ignorado";"Dupla";"Interseção de Vias";"Não";1;0;0;0;1;0;0;1;-29,239;-49,756;"SPRF-SC";"DEL02-SC";"UOP02-DEL02-SC"
498639;2023-01-12;"quinta-feira";"05:30:00";"SP";116;146;"SAO JOSE DOS CAMPOS";"Reação tardia ou ineficiente do condutor";"Colisão com objeto";"Com Vítimas Feridas";"Amanhecer";"Decrescente";"Céu Claro";"Múltipla";"Reta";"Não";3;0;3;0;0;0;3;2;-23,19122919;-45,86327591;"SPRF-SP";"DEL02-SP";"UOP01-DEL02-SP"
498641;2023-01-12;"quinta-feira";"04:30:00";"BA";116;771,4;"PLANALTO";"Animais na Pista";"Atropelamento de Animal";"Com Vítimas Feridas";"Amanhecer";"Crescente";"Céu Claro";"Simples";"Reta";"Não";1;0;1;0;0;0;1;1;-14,628;-40,449;"SPRF-BA";"DEL08-BA";"UOP02-DEL08-BA"
498644;2023-01-12;"quinta-feira";"05:50:00";"PB";101;107,8;"ALHANDRA";"Desrespeitar a preferência no cruzamento";"Colisão transversal";"Com Vítimas Fatais";"Pleno dia";"Decrescente";"Sol";"Simples";"Reta";"Não";2;1;0;1;0;0;1;2;-7,33327602;-34,94715448;"SPRF-PB";"DEL01-PB";"UOP02-DEL01-PB"
498650;2023-01-11;"quarta-feira";"20:00:00";"SC";101;103;"PENHA";"Ausência de reação do condutor";"Queda de ocupante de veículo";"Com Vítimas Feridas";"Plena Noite";"Decrescente";"Céu Claro";"Dupla";"Curva";"Não";2;0;2;0;0;0;2;1;-26,7832381;-48,68314632;"SPRF-SC";"DEL03-SC";"UOP02-DEL03-SC"
498651;2023-01-12;"quinta-feira";"07:20:00";"MG";381;768;"CAMPANHA";"Condutor Dormindo";"Saída de leito carroçável";"Com Vítimas Feridas";"Pleno dia";"Decrescente";"Nublado";"Dupla";"Curva";"Não";2;0;2;0;0;0;2;1;-21,75268097;-45,39527362;"SPRF-MG";"DEL16-MG";"UOP02-DEL16-MG"
498652;2023-01-12;"quinta-feira";"06:35:00";"MT";158;589,9;"AGUA BOA";"Condutor Dormindo";"Saída de leito carroçável";"Sem Vítimas";"Pleno dia";"Crescente";"Céu Claro";"Simples";"Reta";"Não";1;0;0;0;1;0;0;1;-14,22521485;-52,18037076;"SPRF-MT";"DEL07-MT";"UOP02-DEL07-MT"
498655;2023-01-12;"quinta-feira";"07:00:00";"MG";40;799;"JUIZ DE FORA";"Pista Escorregadia";"Tombamento";"Com Vítimas Feridas";"Pleno dia";"Crescente";"Garoa/Chuvisco";"Simples";"Curva";"Sim";1;0;1;0;0;0;1;1;-21,82857001;-43,37364401;"SPRF-MG";"DEL05-MG";"UOP01-DEL05-MG"
498657;2023-01-12;"quinta-feira";"06:40:00";"SC";101;182;"BIGUACU";"Ingestão de álcool pelo condutor";"Capotamento";"Com Vítimas Feridas";"Pleno dia";"Crescente";"Céu Claro";"Dupla";"Reta";"Não";2;0;2;0;0;0;2;1;-27,39798985;-48,6303592;"SPRF-SC";"DEL01-SC";"UOP01-DEL01-SC"
498659;2023-01-12;"quinta-feira";"07:20:00";"PR";158;537,7;"PATO BRANCO";"Conversão proibida";"Colisão transversal";"Com Vítimas Feridas";"Pleno dia";"Decrescente";"Céu Claro";"Simples";"Reta;Interseção de Vias";"Não";2;0;1;0;1;0;1;2;-26,24774787;-52,70513312;"SPRF-PR";"DEL02-PR";"UOP01-DEL02-PR"
498660;2023-01-12;"quinta-feira";"07:00:00";"PB";230;82,8;"CALDAS BRANDAO";"Velocidade Incompatível";"Capotamento";"Com Vítimas Fatais";"Pleno dia";"Crescente";"Céu Claro";"Dupla";"Curva";"Não";1;1;0;0;0;0;0;1;-7,1669;-35,3355;"SPRF-PB";"DEL01-PB";"UOP03-DEL01-PB"
498661;2023-01-12;"quinta-feira";"07:15:00";"SC";470;58,6;"BLUMENAU";"Acessar a via sem observar a presença dos outros veículos";"Colisão lateral mesmo sentido";"Com Vítimas Feridas";"Pleno dia";"Crescente";"Céu Claro";"Simples";"Aclive;Curva;Em Obras";"Sim";2;0;1;0;1;0;1;2;-26,883879;-49,145622;"SPRF-SC";"DEL04-SC";"UOP01-DEL04-SC"
498662;2023-01-12;"quinta-feira";"03:00:00";"PB";230;472;"SOUSA";"Ausência de reação do condutor";"Colisão traseira";"Com Vítimas Feridas";"Plena Noite";"Decrescente";"Nublado";"Simples";"Reta";"Não";2;0;0;1;1;0;1;2;-6,7994;-38,2987;"SPRF-PB";"DEL03-PB";"UOP03-DEL03-PB"