"id";"data_inversa";"dia_semana";"horario";"uf";"br";"km";"municipio";"causa_acidente";"tipo_acidente";"classificacao_acidente";"fase_dia";"sentido_via";"condicao_metereologica";"tipo_pista";"tracado_via";"uso_solo";"pessoas";"mortos";"feridos_leves";"feridos_graves";"ilesos";"ignorados";"feridos";"veiculos";"latitude";"longitude";"regional";"delegacia";"uop"
498664;2023-01-12;"quinta-feira";"08:00:00";"PR";116;122,3;"CURITIBA";"Demais falhas mecânicas ou elétricas";"Tombamento";"Com Vítimas Feridas";"Pleno dia";"Decrescente";"Céu Claro";"Dupla";"Reta;Aclive";"Sim";2;0;2;0;0;0;2;1;-25,56857207;-49,31023179;"SPRF-PR";"DEL01-PR";"UOP03-DEL01-PR"
498666;2023-01-12;"quinta-feira";"07:29:00";"RN";110;49,2;"MOSSORO";"Manobra de mudança de faixa";"Colisão transversal";"Com Vítimas Feridas";"Pleno dia";"Decrescente";"Céu Claro";"Dupla";"Retorno Regulamentado";"Sim";2;0;1;0;1;0;1;2;-5,21765225;-37,32869983;"SPRF-RN";"DEL04-RN";"UOP01-DEL04-RN"
498671;2023-01-12;"quinta-feira";"07:55:00";"GO";153;501;"GOIANIA";"Condutor deixou de manter distância do veículo da frente";"Colisão traseira";"Com Vítimas Feridas";"Pleno dia";"Crescente";"Céu Claro";"Dupla";"Reta";"Sim";2;0;1;0;1;0;1;2;-16,7189;-49,2382;"SPRF-GO";"DEL01-GO";"UOP01-DEL01-GO"
498672;2023-01-12;"quinta-feira";"05:40:00";"MT";70;620;"POCONE";"Condutor Dormindo";"Capotamento";"Com Vítimas Feridas";"Amanhecer";"Crescente";"Nublado";"Simples";"Reta";"Não";1;0;0;1;0;0;1;1;-15,88530548;-56,88772716;"SPRF-MT";"DEL03-MT";"UOP02-DEL03-MT"
498673;2023-01-11;"quarta-feira";"18:30:00";"RJ";116;171;"RIO DE JANEIRO";"Ausência de reação do condutor";"Colisão traseira";"Com Vítimas Feridas";"Plena Noite";"Crescente";"Nevoeiro/Neblina";"Múltipla";"Reta";"Não";3;0;1;0;2;0;1;2;-22,8060415;-43,34289573;"SPRF-RJ";"DEL01-RJ";"UOP02-DEL01-RJ"
498674;2023-01-12;"quinta-feira";"08:15:00";"RN";304;301;"MACAIBA";"Manobra de mudança de faixa";"Colisão traseira";"Com Vítimas Feridas";"Pleno dia";"Decrescente";"Céu Claro";"Dupla";"Reta";"Sim";2;0;1;0;1;0;1;2;-5,87657067;-35,30647289;"SPRF-RN";"DEL01-RN";"UOP02-DEL01-RN"
498676;2023-01-03;"terça-feira";"12:20:00";"SC";101;153;"ITAPEMA";"Trafegar com motocicleta (ou similar) entre as faixas";"Colisão traseira";"Com Vítimas Feridas";"Pleno dia";"Decrescente";"Céu Claro";"Dupla";"Reta";"Sim";2;0;0;1;0;1;1;2;-27,144717;-48,61063935;"SPRF-SC";"DEL04-SC";"UOP03-DEL04-SC"
498677;2023-01-12;"quinta-feira";"09:00:00";"PR";469;15;"FOZ DO IGUACU";"Acessar a via sem observar a presença dos outros veículos";"Colisão transversal";"Com Vítimas Feridas";"Pleno dia";"Crescente";"Céu Claro";"Simples";"Reta";"Sim";2;0;1;0;1;0;1;2;-25,5813;-54,5315;"SPRF-PR";"DEL05-PR";"UOP04-DEL05-PR"
498678;2023-01-12;"quinta-feira";"09:20:00";"SC";101;191,6;"BIGUACU";"Demais falhas mecânicas ou elétricas";"Queda de ocupante de veículo";"Com Vítimas Feridas";"Pleno dia";"Crescente";"Céu Claro";"Dupla";"Reta";"Sim";2;0;2;0;0;0;2;1;-27,47730273;-48,64127329;"SPRF-SC";"DEL01-SC";"UOP01-DEL01-SC"
498679;2023-01-12;"quinta-feira";"06:56:00";"AC";364;126;"RIO BRANCO";"Desrespeitar a preferência no cruzamento";"Colisão transversal";"Com Vítimas Feridas";"Pleno dia";"Decrescente";"Céu Claro";"Múltipla";"Rotatória";"Sim";2;0;2;0;0;0;2;2;-10,012822;-67,80875;"SPRF-AC";"DEL01-AC";"UOP01-DEL01-AC"
498681;2023-01-12;"quinta-feira";"08:50:00";"RJ";356;163;"SAO JOAO DA BARRA";"Manobra de mudança de faixa";"Queda de ocupante de veículo";"Com Vítimas Feridas";"Pleno dia";"Crescente";"Sol";"Simples";"Reta";"Não";2;0;2;0;0;0;2;1;-21,70969582;-41,14093103;"SPRF-RJ";"DEL08-RJ";"UOP02-DEL08-RJ"
498682;2023-01-12;"quinta-feira";"08:00:00";"GO";20;133,3;"FLORES DE GOIAS";"Condutor deixou de manter distância do veículo da frente";"Engavetamento";"Com Vítimas Feridas";"Pleno dia";"Decrescente";"Céu Claro";"Simples";"Reta";"Não";6;0;2;0;4;0;2;3;-14,82514;-46,720798;"SPRF-DF";"DEL02-DF";"UOP03-DEL02-DF"
498686;2023-01-12;"quinta-feira";"08:30:00";"BA";0;0;"EUNAPOLIS";"Acessar a via sem observar a presença dos outros veículos";"Colisão transversal";"Com Vítimas Feridas";"Pleno dia";"Não Informado";"Sol";"Simples";"Curva;Interseção de Vias";"Sim";2;0;1;0;1;0;1;2;-16,36653;-39,581901;"SPRF-BA";"DEL09-BA";"UOP01-DEL09-BA"
498687;2023-01-12;"quinta-feira";"09:50:00";"PR";277;48,5;"MORRETES";"Trafegar com motocicleta (ou similar) entre as faixas";"Colisão lateral mesmo sentido";"Com Vítimas Feridas";"Pleno dia";"Decrescente";"Céu Claro";"Dupla";"Reta";"Não";1;0;1;0;0;0;1;1;-25,59302836;-48,88200785;"SPRF-PR";"DEL01-PR";"UOP01-DEL01-PR"
498688;2023-01-12;"quinta-feira";"08:00:00";"RS";386;182,3;"CARAZINHO";"Obras na pista";"Engavetamento";"Com Vítimas Feridas";"Pleno dia";"Decrescente";"Céu Claro";"Simples";"Reta";"Sim";4;0;2;0;2;0;2;3;-28,315172;-52,733284;"SPRF-RS";"DEL08-RS";"UOP01-DEL08-RS"
498691;2023-01-12;"quinta-feira";"09:40:00";"PR";476;124;"CURITIBA";"Reação tardia ou ineficiente do condutor";"Colisão com objeto";"Sem Vítimas";"Pleno dia";"Decrescente";"Sol";"Múltipla";"Reta";"Sim";1;0;0;0;1;0;0;1;-25,399845;-49,215855;"SPRF-PR";"DEL01-PR";"UOP01-DEL01-PR"
498694;2023-01-12;"quinta-feira";"10:30:00";"DF";80;19;"BRASILIA";"Deficiência do Sistema de Iluminação/Sinalização";"Colisão lateral mesmo sentido";"Sem Vítimas";"Pleno dia";"Crescente";"Nublado";"Dupla";"Interseção de Vias";"Sim";2;0;0;0;2;0;0;2;-15,675205;-48,204636;"SPRF-DF";"DEL03-DF";"UOP02-DEL03-DF"
498696;2023-01-12;"quinta-feira";"08:30:00";"BA";110;242;"OLINDINA";"Ausência de reação do condutor";"Colisão transversal";"Com Vítimas Feridas";"Pleno dia";"Crescente";"Céu Claro";"Simples";"Declive;Reta";"Sim";3;0;1;1;1;0;2;2;-11,416905;-38,292923;"SPRF-BA";"DEL01-BA";"UOP04-DEL01-BA"
498697;2023-01-12;"quinta-feira";"09:30:00";"MG";381;932,4;"EXTREMA";"Velocidade Incompatível";"Colisão com objeto";"Sem Vítimas";"Pleno dia";"Decrescente";"Céu Claro";"Dupla";"Curva;Declive";"Não";1;0;0;0;0;1;0;1;-22,81198015;-46,28431295;"SPRF-MG";"DEL16-MG";"UOP03-DEL16-MG"
498698;2023-01-12;"quinta-feira";"08:30:00";"MS";262;727,4;"CORUMBA";"Acumulo de água sobre o pavimento";"Colisão frontal";"Com Vítimas Feridas";"Pleno dia";"Crescente";"Chuva";"Simples";"Reta";"Não";3;0;3;0;0;0;3;2;-19,37787501;-57,52853394;"SPRF-MS";"DEL03-MS";"UOP03-DEL03-MS"
498701;2023-01-12;"quinta-feira";"10:40:00";"PI";402;71;"LUIS CORREIA";"Animais na Pista";"Atropelamento de Animal";"Com Vítimas Feridas";"Pleno dia";"Decrescente";"Céu Claro";"Simples";"Curva";"Não";1;0;1;0;0;0;1;1;-3,09794238;-41,48743811;"SPRF-PI";"DEL05-PI";"UOP01-DEL05-PI"
498702;2023-01-12;"quinta-feira";"11:30:00";"PR";373;476;"CORONEL VIVIDA";"Retorno proibido";"Colisão transversal";"Com Vítimas Feridas";"Pleno dia";"Crescente";"Céu Claro";"Simples";"Curva";"Não";6;0;4;1;1;0;5;2;-25,96350986;-52,5197692;"SPRF-PR";"DEL02-PR";"UOP01-DEL02-PR"
498703;2023-01-12;"quinta-feira";"12:15:00";"RJ";101;70;"CAMPOS DOS GOYTACAZES";"Velocidade Incompatível";"Capotamento";"Com Vítimas Feridas";"Pleno dia";"Crescente";"Céu Claro";"Simples";"Reta";"Não";1;0;1;0;0;0;1;1;-21,781011;-41,373363;"SPRF-RJ";"DEL08-RJ";"UOP02-DEL08-RJ"
498704;2023-01-12;"quinta-feira";"12:00:00";"PE";101;72,8;"RECIFE";"Reação tardia ou ineficiente do condutor";"Colisão traseira";"Com Vítimas Feridas";"Pleno dia";"Crescente";"Céu Claro";"Dupla";"Curva";"Sim";2;0;2;0;0;0;2;2;-8,08493106;-34,9450639;"SPRF-PE";"DEL01-PE";"UOP01-DEL01-PE"
498706;2023-01-12;"quinta-feira";"10:45:00";"SC";101;151;"ITAPEMA";"Condutor deixou de manter distância do veículo da frente";"Colisão traseira";"Com Vítimas Feridas";"Pleno dia";"Crescente";"Céu Claro";"Dupla";"Reta";"Sim";2;0;0;1;0;1;1;2;-27,126536;-48,609642;"SPRF-SC";"DEL04-SC";"UOP03-DEL04-SC"
498709;2023-01-12;"quinta-feira";"11:25:00";"PA";10;16,3;"DOM ELISEU";"Frear bruscamente";"Queda de ocupante de veículo";"Com Vítimas Feridas";"Pleno dia";"Decrescente";"Sol";"Simples";"Reta";"Sim";1;0;1;0;0;0;1;1;-4,310932;-47,55446699;"SPRF-PA";"DEL02-PA";"UOP02-DEL02-PA"
498710;2023-01-12;"quinta-feira";"09:15:00";"RJ";101;428;"MANGARATIBA";"Desrespeitar a preferência no cruzamento";"Colisão transversal";"Com Vítimas Feridas";"Pleno dia";"Decrescente";"Nublado";"Dupla";"Interseção de Vias;Retorno Regulamentado;Reta;Em Obras";"Sim";2;0;0;1;1;0;1;2;-22,93391858;-43,9899979;"SPRF-RJ";"DEL03-RJ";"UOP02-DEL03-RJ"
498712;2023-01-12;"quinta-feira";"12:30:00";"RJ";40;111;"DUQUE DE CAXIAS";"Demais falhas na via";"Tombamento";"Com Vítimas Feridas";"Pleno dia";"Decrescente";"Nublado";"Múltipla";"Reta";"Sim";2;0;2;0;0;0;2;1;-22,691868;-43,287453;"SPRF-RJ";"DEL01-RJ";"UOP01-DEL01-RJ"
498713;2023-01-12;"quinta-feira";"12:25:00";"PR";277;95;"CURITIBA";"Reação tardia ou ineficiente do condutor";"Colisão traseira";"Com Vítimas Feridas";"Pleno dia";"Decrescente";"Sol";"Dupla";"Reta;Declive";"Sim";4;0;1;0;3;0;1;2;-25,43104166;-49,32644974;"SPRF-PR";"DEL01-PR";"UOP06-DEL01-PR"
498714;2023-01-12;"quinta-feira";"11:45:00";"SC";470;149,7;"AGRONOMICA";"Acesso irregular";"Colisão lateral mesmo sentido";"Com Vítimas Feridas";"Pleno dia";"Decrescente";"Céu Claro";"Simples";"Reta;Rotatória";"Não";2;0;1;0;1;0;1;2;-27,252104;-49,702129;"SPRF-SC";"DEL04-SC";"UOP02-DEL04-SC"
498715;2023-01-12;"quinta-feira";"11:05:00";"PR";369;444,5;"UBIRATA";"Velocidade Incompatível";"Saída de leito carroçável";"Com Vítimas Feridas";"Pleno dia";"Crescente";"Chuva";"Simples";"Reta";"Não";3;0;3;0;0;0;3;1;-24,5396;-52,9474;"SPRF-PR";"DEL04-PR";"UOP03-DEL04-PR"
498716;2023-01-12;"quinta-feira";"12:00:00";"MG";381;905,2;"CAMBUI";"Manobra de mudança de faixa";"Colisão com objeto";"Com Vítimas Feridas";"Pleno dia";"Crescente";"Chuva";"Dupla";"Curva";"Não";5;0;2;0;3;0;2;1;-22,66069719;-46,08837789;"SPRF-MG";"DEL16-MG";"UOP03-DEL16-MG"
498719;2023-01-12;"quinta-feira";"13:40:00";"MG";381;499;"BETIM";"Ausência de reação do condutor";"Engavetamento";"Sem Vítimas";"Pleno dia";"Decrescente";"Céu Claro";"Dupla";"Declive;Reta";"Não";7;0;0;0;7;0;0;5;-20,01792651;-44,2261448;"SPRF-MG";"DEL01-MG";"UOP03-DEL01-MG"
498720;2023-01-12;"quinta-feira";"13:20:00";"PR";376;304;"MAUA DA SERRA";"Ausência de reação do condutor";"Saída de leito carroçável";"Sem Vítimas";"Pleno dia";"Decrescente";"Chuva";"Dupla";"Aclive;Curva";"Não";5;0;0;0;5;0;0;1;-23,952969;-51,114033;"SPRF-PR";"DEL07-PR";"UOP02-DEL07-PR"
498721;2023-01-12;"quinta-feira";"13:40:00";"BA";135;165;"BARREIRAS";"Reação tardia ou ineficiente do condutor";"Tombamento";"Com Vítimas Feridas";"Pleno dia";"Decrescente";"Sol";"Simples";"Reta";"Não";4;0;0;1;3;0;1;2;-12,04796112;-44,9630617;"SPRF-BA";"DEL08-BA";"UOP04-DEL08-BA"
498722;2023-01-12;"quinta-feira";"13:40:00";"SP";101;47,1;"UBATUBA";"Ausência de reação do condutor";"Tombamento";"Com Vítimas Feridas";"Pleno dia";"Decrescente";"Céu Claro";"Simples";"Reta";"Sim";1;0;1;0;0;0;1;1;-23,429897;-45,082436;"SPRF-SP";"DEL06-SP";"UOP01-DEL06-SP"
498723;2023-01-12;"quinta-feira";"13:40:00";"RS";285;483,6;"ENTRE-IJUIS";"Ingestão de álcool pelo condutor";"Saída de leito carroçável";"Com Vítimas Feridas";"Pleno dia";"Decrescente";"Nublado";"Simples";"Reta";"Não";1;0;1;0;0;0;1;1;-28,373577;-54,127453;"SPRF-RS";"DEL10-RS";"UOP01-DEL10-RS"
498727;2023-01-12;"quinta-feira";"14:20:00";"RJ";116;140;"DUQUE DE CAXIAS";"Demais falhas mecânicas ou elétricas";"Colisão com objeto";"Com Vítimas Feridas";"Pleno dia";"Crescente";"Nublado";"Dupla";"Reta";"Não";1;0;1;0;0;0;1;1;-22,6466198;-43,21112001;"SPRF-RJ";"DEL01-RJ";"UOP01-DEL01-RJ"
498729;2023-01-12;"quinta-feira";"13:30:00";"PE";101;52;"PAULISTA";"Manobra de mudança de faixa";"Colisão traseira";"Com Vítimas Feridas";"Pleno dia";"Crescente";"Céu Claro";"Dupla";"Reta";"Não";3;0;2;0;1;0;2;2;-7,92358799;-34,89607201;"SPRF-PE";"DEL01-PE";"UOP02-DEL01-PE"
498731;2023-01-12;"quinta-feira";"14:45:00";"PR";376;309,8;"ORTIGUEIRA";"Ausência de reação do condutor";"Saída de leito carroçável";"Com Vítimas Feridas";"Pleno dia";"Crescente";"Nublado";"Dupla";"Declive;Curva";"Não";1;0;1;0;0;0;1;1;-23,9819395;-51,08543873;"SPRF-PR";"DEL07-PR";"UOP02-DEL07-PR"
498735;2023-01-12;"quinta-feira";"13:00:00";"RO";435;86;"COLORADO DO OESTE";"Desrespeitar a preferência no cruzamento";"Colisão transversal";"Com Vítimas Feridas";"Pleno dia";"Crescente";"Céu Claro";"Dupla";"Rotatória";"Sim";2;0;1;0;1;0;1;2;-13,12026846;-60,54055407;"SPRF-RO";"DEL04-RO";"UOP02-DEL04-RO"
498738;2023-01-12;"quinta-feira";"15:00:00";"RJ";493;120;"ITAGUAI";"Pista esburacada";"Colisão traseira";"Com Vítimas Feridas";"Pleno dia";"Crescente";"Céu Claro";"Dupla";"Curva;Interseção de Vias";"Sim";4;0;2;0;2;0;2;2;-22,88125598;-43,82592201;"SPRF-RJ";"DEL03-RJ";"UOP01-DEL03-RJ"
498740;2023-01-12;"quinta-feira";"16:00:00";"ES";262;36;"DOMINGOS MARTINS";"Ultrapassagem Indevida";"Colisão lateral mesmo sentido";"Com Vítimas Feridas";"Pleno dia";"Decrescente";"Garoa/Chuvisco";"Simples";"Curva;Declive";"Não";4;0;1;1;1;1;2;2;-20,3826388;-40,60330291;"SPRF-ES";"DEL01-ES";"UOP01-DEL01-ES"
498741;2023-01-12;"quinta-feira";"16:00:00";"PA";316;50,4;"CASTANHAL";"Ausência de reação do condutor";"Saída de leito carroçável";"Com Vítimas Feridas";"Pleno dia";"Decrescente";"Céu Claro";"Dupla";"Curva";"Não";4;0;2;0;2;0;2;1;-1,306616;-48,039637;"SPRF-PA";"DEL01-PA";"UOP01-DEL01-PA"
498743;2023-01-12;"quinta-feira";"16:30:00";"PR";116;102;"SAO JOSE DOS PINHAIS";"Reação tardia ou ineficiente do condutor";"Colisão traseira";"Com Vítimas Feridas";"Pleno dia";"Decrescente";"Garoa/Chuvisco";"Dupla";"Reta";"Não";1;0;1;0;0;0;1;1;-25,550639;-49,15025;"SPRF-PR";"DEL01-PR";"UOP07-DEL01-PR"
498745;2023-01-12;"quinta-feira";"13:50:00";"RJ";101;329;"NITEROI";"Ausência de reação do condutor";"Colisão traseira";"Sem Vítimas";"Pleno dia";"Crescente";"Céu Claro";"Simples";"Reta";"Não";2;0;0;0;2;0;0;2;-22,86939305;-43,175642;"SPRF-RJ";"DEL02-RJ";"UOP01-DEL02-RJ"
498747;2023-01-12;"quinta-feira";"17:00:00";"TO";10;429;"PALMAS";"Reação tardia ou ineficiente do condutor";"Colisão traseira";"Com Vítimas Feridas";"Pleno dia";"Crescente";"Céu Claro";"Dupla";"Reta";"Sim";2;0;1;0;1;0;1;2;-10,326362;-48,297657;"SPRF-TO";"DEL01-TO";"UOP03-DEL01-TO"
498752;2023-01-12;"quinta-feira";"15:55:00";"BA";407;126;"SENHOR DO BONFIM";"Acesso irregular";"Colisão lateral mesmo sentido";"Com Vítimas Feridas";"Pleno dia";"Crescente";"Céu Claro";"Simples";"Reta";"Sim";2;0;1;0;1;0;1;2;-10,46063493;-40,17691612;"SPRF-BA";"DEL04-BA";"UOP01-DEL04-BA"
498754;2023-01-12;"quinta-feira";"17:15:00";"RN";101;97;"NATAL";"Condutor deixou de manter distância do veículo da frente";"Colisão traseira";"Com Vítimas Feridas";"Pleno dia";"Decrescente";"Céu Claro";"Dupla";"Reta";"Sim";2;0;1;0;1;0;1;2;-5,85758898;-35,21271205;"SPRF-RN";"DEL01-RN";"UOP01-DEL01-RN"
498759;2023-01-02;"segunda-feira";"08:30:00";"MS";60;436,6;"SIDROLANDIA";"Ausência de reação do condutor";"Saída de leito carroçável";"Com Vítimas Feridas";"Pleno dia";"Decrescente";"Céu Claro";"Simples";"Curva";"Não";2;0;0;2;0;0;2;1;-21,00228807;-55,12025096;"SPRF-MS";"DEL01-MS";"UOP04-DEL01-MS"
498761;2023-01-12;"quinta-feira";"09:45:00";"MA";10;253;"IMPERATRIZ";"Ausência de reação do condutor";"Queda de ocupante de veículo";"Com Vítimas Feridas";"Pleno dia";"Crescente";"Sol";"Simples";"Reta";"Sim";2;0;0;1;1;0;1;1;-5,526911;-47,471455;"SPRF-MA";"DEL04-MA";"UOP01-DEL04-MA"
498762;2023-01-12;"quinta-feira";"17:00:00";"PI";343;4,5;"TERESINA";"Reação tardia ou ineficiente do condutor";"Colisão traseira";"Com Vítimas Feridas";"Pleno dia";"Crescente";"Céu Claro";"Dupla";"Ponte";"Sim";2;0;0;1;1;0;1;2;-5,089569;-42,802288;"SPRF-PI";"DEL01-PI";"UOP01-DEL01-PI"
498764;2023-01-12;"quinta-feira";"17:30:00";"SC";282;624,4;"IRACEMINHA";"Reação tardia ou ineficiente do condutor";"Colisão traseira";"Com Vítimas Feridas";"Pleno dia";"Decrescente";"Garoa/Chuvisco";"Simples";"Reta;Interseção de Vias";"Não";2;0;1;0;1;0;1;2;-26,79894484;-53,3454895;"SPRF-SC";"DEL07-SC";"UOP02-DEL07-SC"
498765;2023-01-12;"quinta-feira";"17:40:00";"PR";376;186,1;"MARIALVA";"Ausência de reação do condutor";"Capotamento";"Com Vítimas Feridas";"Pleno dia";"Decrescente";"Nublado";"Dupla";"Reta;Aclive";"Sim";1;0;0;1;0;0;1;1;-23,45643624;-51,84510713;"SPRF-PR";"DEL09-PR";"UOP01-DEL09-PR"
498766;2023-01-12;"quinta-feira";"11:45:00";"MG";116;393;"GOVERNADOR VALADARES";"Velocidade Incompatível";"Saída de leito carroçável";"Com Vítimas Feridas";"Pleno dia";"Crescente";"Chuva";"Simples";"Curva";"Não";4;0;4;0;0;0;4;1;-18,72499706;-41,98860609;"SPRF-MG";"DEL06-MG";"UOP01-DEL06-MG"
498767;2023-01-12;"quinta-feira";"18:34:00";"RN";101;107;"PARNAMIRIM";"Condutor deixou de manter distância do veículo da frente";"Colisão traseira";"Com Vítimas Feridas";"Plena Noite";"Crescente";"Céu Claro";"Simples";"Reta";"Sim";3;0;1;0;2;0;1;2;-5,91920796;-35,26412409;"SPRF-RN";"DEL01-RN";"UOP01-DEL01-RN"
498768;2023-01-12;"quinta-feira";"18:30:00";"RS";472;573;"URUGUAIANA";"Objeto estático sobre o leito carroçável";"Colisão com objeto";"Com Vítimas Feridas";"Pleno dia";"Decrescente";"Garoa/Chuvisco";"Simples";"Reta";"Sim";2;0;0;1;0;1;1;2;-29,74143591;-56,97819304;"SPRF-RS";"DEL13-RS";"UOP01-DEL13-RS"
498769;2023-01-12;"quinta-feira";"12:30:00";"ES";101;363;"ANCHIETA";"Pista Escorregadia";"Capotamento";"Com Vítimas Feridas";"Pleno dia";"Decrescente";"Nublado";"Simples";"Curva";"Não";1;0;1;0;0;0;1;1;-20,72058178;-40,73858925;"SPRF-ES";"DEL03-ES";"UOP01-DEL03-ES"
498770;2023-01-12;"quinta-feira";"18:40:00";"RS";116;146;"CAXIAS DO SUL";"Acessar a via sem observar a presença dos outros veículos";"Colisão transversal";"Com Vítimas Feridas";"Anoitecer";"Decrescente";"Garoa/Chuvisco";"Dupla";"Curva;Aclive;Interseção de Vias";"Sim";2;0;2;0;0;0;2;2;-29,14228897;-51,13622202;"SPRF-RS";"DEL05-RS";"UOP01-DEL05-RS"
498771;2023-01-12;"quinta-feira";"15:30:00";"AP";156;812;"OIAPOQUE";"Pista esburacada";"Saída de leito carroçável";"Com Vítimas Feridas";"Pleno dia";"Crescente";"Chuva";"Simples";"Aclive";"Não";2;0;1;0;1;0;1;1;3,7888841;-51,785231;"SPRF-AP";"DEL01-AP";"UOP03-DEL01-AP"
498772;2023-01-12;"quinta-feira";"18:05:00";"MG";116;766;"LEOPOLDINA";"Reação tardia ou ineficiente do condutor";"Colisão transversal";"Com Vítimas Feridas";"Anoitecer";"Crescente";"Nublado";"Simples";"Curva";"Sim";3;0;1;0;2;0;1;3;-21,5271992;-42,65302264;"SPRF-MG";"DEL07-MG";"UOP01-DEL07-MG"
498775;2023-01-12;"quinta-feira";"18:30:00";"PR";476;202;"LAPA";"Chuva";"Colisão frontal";"Com Vítimas Feridas";"Anoitecer";"Crescente";"Chuva";"Simples";"Reta";"Não";5;0;2;3;0;0;5;2;-25,776426;-49,774784;"SPRF-PR";"DEL01-PR";"UOP06-DEL01-PR"
498776;2023-01-12;"quinta-feira";"20:07:00";"DF";60;16;"BRASILIA";"Ingestão de álcool pelo condutor";"Colisão lateral mesmo sentido";"Com Vítimas Feridas";"Plena Noite";"Decrescente";"Céu Claro";"Dupla";"Reta";"Não";6;0;2;0;4;0;2;2;-15,952254;-48,174343;"SPRF-DF";"DEL03-DF";"UOP01-DEL03-DF"
498777;2023-01-12;"quinta-feira";"19:15:00";"RN";101;97;"NATAL";"Condutor deixou de manter distância do veículo da frente";"Colisão traseira";"Com Vítimas Feridas";"Plena Noite";"Decrescente";"Céu Claro";"Múltipla";"Reta";"Sim";2;0;1;0;1;0;1;2;-5,85758898;-35,21271205;"SPRF-RN";"DEL01-RN";"UOP01-DEL01-RN"
498779;2023-01-12;"quinta-feira";"18:30:00";"RJ";116;267,9;"BARRA MANSA";"Reação tardia ou ineficiente do condutor";"Colisão com objeto";"Com Vítimas Fatais";"Anoitecer";"Crescente";"Nublado";"Dupla";"Curva";"Não";1;1;0;0;0;0;0;1;-22,58964229;-44,10482516;"SPRF-RJ";"DEL07-RJ";"UOP02-DEL07-RJ"
498783;2023-01-12;"quinta-feira";"10:30:00";"MG";381;225;"BELO ORIENTE";"Velocidade Incompatível";"Colisão lateral sentido oposto";"Com Vítimas Feridas";"Pleno dia";"Decrescente";"Nublado";"Simples";"Reta";"Não";3;0;1;0;2;0;1;3;-19,32412065;-42,41550504;"SPRF-MG";"DEL06-MG";"UOP01-DEL06-MG"
498784;2023-01-12;"quinta-feira";"18:40:00";"BA";101;222;"CRUZ DAS ALMAS";"Ausência de reação do condutor";"Colisão traseira";"Com Vítimas Feridas";"Pleno dia";"Crescente";"Céu Claro";"Simples";"Reta";"Não";3;0;3;0;0;0;3;2;-12,67424241;-39,13457751;"SPRF-BA";"DEL01-BA";"UOP02-DEL01-BA"
498785;2023-01-12;"quinta-feira";"18:45:00";"RJ";116;328;"ITATIAIA";"Acumulo de água sobre o pavimento";"Colisão com objeto";"Com Vítimas Feridas";"Plena Noite";"Crescente";"Chuva";"Dupla";"Reta;Aclive";"Não";4;0;3;0;1;0;3;1;-22,504513;-44,603971;"SPRF-RJ";"DEL07-RJ";"UOP02-DEL07-RJ"
498787;2023-01-12;"quinta-feira";"19:58:00";"RJ";101;330;"RIO DE JANEIRO";"Demais falhas mecânicas ou elétricas";"Colisão traseira";"Com Vítimas Feridas";"Plena Noite";"Crescente";"Céu Claro";"Simples";"Ponte;Reta";"Sim";3;0;0;1;2;0;1;2;-22,8684989;-43,18548699;"SPRF-RJ";"DEL02-RJ";"UOP01-DEL02-RJ"
498788;2023-01-12;"quinta-feira";"17:55:00";"SC";470;4;"NAVEGANTES";"Desrespeitar a preferência no cruzamento";"Colisão transversal";"Com Vítimas Feridas";"Anoitecer";"Decrescente";"Céu Claro";"Dupla";"Rotatória";"Sim";2;0;1;0;1;0;1;2;-26,858473;-48,690788;"SPRF-SC";"DEL04-SC";"UOP04-DEL04-SC"
498792;2023-01-12;"quinta-feira";"18:30:00";"BA";101;681,4;"ITAGIMIRIM";"Acessar a via sem observar a presença dos outros veículos";"Colisão transversal";"Com Vítimas Feridas";"Plena Noite";"Crescente";"Céu Claro";"Simples";"Interseção de Vias";"Não";3;0;0;1;2;0;1;2;-16,09399748;-39,61617535;"SPRF-BA";"DEL09-BA";"UOP01-DEL09-BA"
498793;2023-01-12;"quinta-feira";"16:45:00";"AP";156;375;"FERREIRA GOMES";"Chuva";"Saída de leito carroçável";"Com Vítimas Feridas";"Pleno dia";"Crescente";"Chuva";"Simples";"Curva";"Não";3;0;3;0;0;0;3;1;0,815036;-51,206306;"SPRF-AP";"DEL01-AP";"UOP01-DEL01-AP"
498796;2023-01-12;"quinta-feira";"19:50:00";"RJ";101;47;"CAMPOS DOS GOYTACAZES";"Acessar a via sem observar a presença dos outros veículos";"Colisão lateral mesmo sentido";"Com Vítimas Feridas";"Plena Noite";"Crescente";"Nublado";"Simples";"Reta";"Sim";2;0;0;1;1;0;1;2;-21,61569864;-41,31549776;"SPRF-RJ";"DEL08-RJ";"UOP01-DEL08-RJ"
498797;2023-01-12;"quinta-feira";"21:05:00";"MG";40;524;"CONTAGEM";"Objeto estático sobre o leito carroçável";"Tombamento";"Com Vítimas Feridas";"Plena Noite";"Decrescente";"Céu Claro";"Dupla";"Reta";"Sim";1;0;1;0;0;0;1;1;-19,87353363;-44,05494159;"SPRF-MG";"DEL01-MG";"UOP02-DEL01-MG"
498801;2023-01-12;"quinta-feira";"20:50:00";"RS";386;364;"FAZENDA VILANOVA";"Avarias e/ou desgaste excessivo no pneu";"Saída de leito carroçável";"Com Vítimas Feridas";"Plena Noite";"Decrescente";"Céu Claro";"Dupla";"Reta";"Não";1;0;1;0;0;0;1;1;-29,565842;-51,874218;"SPRF-RS";"DEL04-RS";"NPF/DEL04-RS"