"id";"data_inversa";"dia_semana";"horario";"uf";"br";"km";"municipio";"causa_acidente";"tipo_acidente";"classificacao_acidente";"fase_dia";"sentido_via";"condicao_metereologica";"tipo_pista";"tracado_via";"uso_solo";"pessoas";"mortos";"feridos_leves";"feridos_graves";"ilesos";"ignorados";"feridos";"veiculos";"latitude";"longitude";"regional";"delegacia";"uop"
498930;2023-01-13;"sexta-feira";"11:43:00";"RO";364;506;"ARIQUEMES";"Condutor deixou de manter distância do veículo da frente";"Colisão lateral mesmo sentido";"Com Vítimas Feridas";"Pleno dia";"Crescente";"Céu Claro";"Simples";"Reta";"Não";3;0;2;0;1;0;2;2;-9,99000286;-63,01741583;"SPRF-RO";"DEL03-RO";"UOP01-DEL03-RO"
498932;2023-01-13;"sexta-feira";"10:20:00";"GO";153;639;"MORRINHOS";"Reação tardia ou ineficiente do condutor";"Saída de leito carroçável";"Com Vítimas Feridas";"Pleno dia";"Decrescente";"Céu Claro";"Dupla";"Reta";"Não";3;0;3;0;0;0;3;1;-17,8714;-49,2268;"SPRF-GO";"DEL03-GO";"UOP01-DEL03-GO"
498933;2023-01-13;"sexta-feira";"14:00:00";"SC";470;48,4;"BLUMENAU";"Demais falhas na via";"Tombamento";"Com Vítimas Feridas";"Pleno dia";"Decrescente";"Céu Claro";"Simples";"Em Obras;Reta";"Não";2;0;1;0;1;0;1;2;-26,859823;-49,055393;"SPRF-SC";"DEL04-SC";"UOP01-DEL04-SC"
498934;2023-01-13;"sexta-feira";"16:00:00";"DF";0;0;"BRASILIA";"Chuva";"Colisão com objeto";"Com Vítimas Feridas";"Pleno dia";"Não Informado";"Chuva";"Dupla";"Curva;Viaduto;Aclive";"Sim";3;0;1;0;2;0;1;1;-15,92768285;-47,97850728;"SPRF-DF";"DEL01-DF";"UOP01-DEL01-DF"
498936;2023-01-13;"sexta-feira";"15:50:00";"SP";116;23,4;"LAVRINHAS";"Ausência de reação do condutor";"Capotamento";"Com Vítimas Feridas";"Pleno dia";"Decrescente";"Nublado";"Dupla";"Curva";"Não";1;0;1;0;0;0;1;1;-22,58978112;-44,88535587;"SPRF-SP";"DEL08-SP";"UOP02-DEL08-SP"
498938;2023-01-13;"sexta-feira";"12:30:00";"GO";60;207;"GUAPO";"Manobra de mudança de faixa";"Colisão lateral mesmo sentido";"Sem Vítimas";"Pleno dia";"Decrescente";"Sol";"Dupla";"Reta";"Não";2;0;0;0;2;0;0;2;-16,9153;-49,6608;"SPRF-GO";"DEL01-GO";"UOP02-DEL01-GO"
498940;2023-01-13;"sexta-feira";"15:50:00";"PR";277;102;"CURITIBA";"Reação tardia ou ineficiente do condutor";"Tombamento";"Com Vítimas Feridas";"Pleno dia";"Crescente";"Nublado";"Dupla";"Reta";"Não";1;0;0;1;0;0;1;1;-25,51408786;-49,33726669;"SPRF-PR";"DEL01-PR";"UOP06-DEL01-PR"
498941;2023-01-13;"sexta-feira";"16:50:00";"RS";116;245;"SAO LEOPOLDO";"Reação tardia ou ineficiente do condutor";"Colisão traseira";"Sem Vítimas";"Pleno dia";"Decrescente";"Chuva";"Dupla";"Reta";"Sim";3;0;0;0;3;0;0;2;-29,75454191;-51,15152836;"SPRF-RS";"DEL01-RS";"UOP02-DEL01-RS"
498942;2023-01-13;"sexta-feira";"16:50:00";"ES";101;283;"SERRA";"Condutor deixou de manter distância do veículo da frente";"Colisão traseira";"Com Vítimas Feridas";"Pleno dia";"Decrescente";"Céu Claro";"Simples";"Reta";"Sim";3;0;0;2;1;0;2;2;-20,23438373;-40,3693577;"SPRF-ES";"DEL01-ES";"UOP01-DEL01-ES"
498943;2023-01-13;"sexta-feira";"16:45:00";"SP";116;225;"GUARULHOS";"Frear bruscamente";"Colisão traseira";"Com Vítimas Feridas";"Pleno dia";"Decrescente";"Céu Claro";"Múltipla";"Reta";"Sim";4;0;2;0;2;0;2;3;-23,48586772;-46,54075317;"SPRF-SP";"DEL01-SP";"UOP01-DEL01-SP"
498944;2023-01-13;"sexta-feira";"08:10:00";"RJ";40;52;"PETROPOLIS";"Condutor deixou de manter distância do veículo da frente";"Colisão traseira";"Com Vítimas Feridas";"Pleno dia";"Crescente";"Céu Claro";"Dupla";"Curva;Aclive";"Sim";4;0;3;0;1;0;3;2;-22,33571319;-43,13320403;"SPRF-RJ";"DEL05-RJ";"UOP02-DEL05-RJ"
498945;2023-01-13;"sexta-feira";"16:00:00";"GO";60;214;"CEZARINA";"Acumulo de água sobre o pavimento";"Saída de leito carroçável";"Sem Vítimas";"Pleno dia";"Crescente";"Chuva";"Dupla";"Reta";"Não";1;0;0;0;1;0;0;1;-16,9515;-49,7014;"SPRF-GO";"DEL01-GO";"UOP02-DEL01-GO"
498947;2023-01-13;"sexta-feira";"17:05:00";"RS";116;250;"SAO LEOPOLDO";"Acumulo de água sobre o pavimento";"Colisão com objeto";"Com Vítimas Feridas";"Pleno dia";"Crescente";"Chuva";"Dupla";"Viaduto";"Sim";2;0;1;0;1;0;1;1;-29,79148798;-51,16399615;"SPRF-RS";"DEL01-RS";"UOP02-DEL01-RS"
498948;2023-01-13;"sexta-feira";"16:40:00";"BA";242;414;"SEABRA";"Desrespeitar a preferência no cruzamento";"Colisão transversal";"Com Vítimas Feridas";"Pleno dia";"Crescente";"Céu Claro";"Simples";"Reta;Declive";"Sim";3;0;1;0;2;0;1;2;-12,427427;-41,77020288;"SPRF-BA";"DEL06-BA";"UOP01-DEL06-BA"
498949;2023-01-13;"sexta-feira";"16:50:00";"SE";101;95,8;"NOSSA SENHORA DO SOCORRO";"Manobra de mudança de faixa";"Capotamento";"Com Vítimas Feridas";"Pleno dia";"Decrescente";"Nublado";"Dupla";"Curva";"Não";1;0;1;0;0;0;1;1;-10,91774224;-37,16729183;"SPRF-SE";"DEL02-SE";"UOP01-DEL02-SE"
498950;2023-01-13;"sexta-feira";"17:00:00";"MG";381;790,3;"SAO GONCALO DO SAPUCAI";"Velocidade Incompatível";"Colisão com objeto";"Com Vítimas Feridas";"Pleno dia";"Decrescente";"Nublado";"Dupla";"Reta";"Não";2;0;1;0;0;1;1;2;-21,91423627;-45,57892692;"SPRF-MG";"DEL16-MG";"UOP02-DEL16-MG"
498952;2023-01-13;"sexta-feira";"17:10:00";"PR";116;130;"FAZENDA RIO GRANDE";"Reação tardia ou ineficiente do condutor";"Colisão lateral mesmo sentido";"Com Vítimas Feridas";"Pleno dia";"Crescente";"Nublado";"Dupla";"Reta";"Sim";3;0;1;0;2;0;1;2;-25,67172899;-49,31518078;"SPRF-PR";"DEL01-PR";"UOP03-DEL01-PR"
498954;2023-01-13;"sexta-feira";"17:30:00";"PB";230;24;"JOAO PESSOA";"Reação tardia ou ineficiente do condutor";"Colisão traseira";"Com Vítimas Feridas";"Anoitecer";"Decrescente";"Céu Claro";"Dupla";"Reta";"Sim";2;0;0;1;1;0;1;2;-7,1637;-34,8618;"SPRF-PB";"DEL01-PB";"UOP01-DEL01-PB"
498955;2023-01-13;"sexta-feira";"17:45:00";"PE";104;63,5;"CARUARU";"Animais na Pista";"Atropelamento de Animal";"Com Vítimas Feridas";"Anoitecer";"Crescente";"Céu Claro";"Dupla";"Viaduto;Reta;Aclive";"Sim";2;0;2;0;0;0;2;1;-8,2698;-35,9803;"SPRF-PE";"DEL02-PE";"UOP01-DEL02-PE"
498957;2023-01-13;"sexta-feira";"17:50:00";"MG";262;63,8;"MATIPO";"Ausência de reação do condutor";"Colisão traseira";"Com Vítimas Feridas";"Pleno dia";"Decrescente";"Nublado";"Simples";"Reta";"Não";4;0;1;0;2;1;1;3;-20,296153;-42,241585;"SPRF-MG";"DEL06-MG";"UOP03-DEL06-MG"
498958;2023-01-13;"sexta-feira";"15:00:00";"RN";304;130;"ITAJA";"Ultrapassagem Indevida";"Colisão lateral sentido oposto";"Com Vítimas Feridas";"Pleno dia";"Crescente";"Céu Claro";"Simples";"Reta";"Não";7;0;5;1;0;1;6;3;-5,65843358;-36,77125997;"SPRF-RN";"DEL04-RN";"UOP01-DEL04-RN"
498961;2023-01-13;"sexta-feira";"16:30:00";"RJ";393;279;"BARRA DO PIRAI";"Condutor deixou de manter distância do veículo da frente";"Colisão traseira";"Com Vítimas Feridas";"Pleno dia";"Crescente";"Chuva";"Simples";"Reta";"Sim";5;0;1;0;4;0;1;4;-22,47615736;-44,00889998;"SPRF-RJ";"DEL05-RJ";"UOP04-DEL05-RJ"
498962;2023-01-13;"sexta-feira";"18:15:00";"SP";116;216;"GUARULHOS";"Acessar a via sem observar a presença dos outros veículos";"Colisão lateral mesmo sentido";"Com Vítimas Feridas";"Pleno dia";"Decrescente";"Céu Claro";"Dupla";"Reta";"Sim";2;0;1;0;1;0;1;2;-23,45056589;-46,46258105;"SPRF-SP";"DEL01-SP";"UOP01-DEL01-SP"
498964;2023-01-13;"sexta-feira";"18:10:00";"MA";316;259;"SANTA INES";"Acessar a via sem observar a presença dos outros veículos";"Colisão lateral mesmo sentido";"Com Vítimas Feridas";"Anoitecer";"Crescente";"Céu Claro";"Dupla";"Reta;Retorno Regulamentado";"Sim";2;0;1;0;1;0;1;2;-3,662971;-45,400261;"SPRF-MA";"DEL02-MA";"UOP01-DEL02-MA"
498966;2023-01-13;"sexta-feira";"17:40:00";"GO";60;104;"ANAPOLIS";"Ausência de reação do condutor";"Saída de leito carroçável";"Com Vítimas Feridas";"Pleno dia";"Crescente";"Nublado";"Dupla";"Curva";"Não";1;0;1;0;0;0;1;1;-16,4118;-49,0004;"SPRF-GO";"DEL02-GO";"UOP01-DEL02-GO"
498967;2023-01-13;"sexta-feira";"17:40:00";"PB";101;84;"BAYEUX";"Condutor deixou de manter distância do veículo da frente";"Queda de ocupante de veículo";"Com Vítimas Feridas";"Plena Noite";"Crescente";"Céu Claro";"Dupla";"Reta";"Sim";1;0;1;0;0;0;1;1;-7,13957906;-34,92312806;"SPRF-PB";"DEL01-PB";"UOP01-DEL01-PB"
498968;2023-01-13;"sexta-feira";"15:35:00";"RO";364;425;"JARU";"Desrespeitar a preferência no cruzamento";"Colisão transversal";"Com Vítimas Feridas";"Pleno dia";"Crescente";"Céu Claro";"Simples";"Reta;Interseção de Vias";"Sim";5;0;3;0;2;0;3;2;-10,43752488;-62,47169791;"SPRF-RO";"DEL03-RO";"UOP02-DEL03-RO"
498969;2023-01-13;"sexta-feira";"18:10:00";"BA";20;175;"LUIS EDUARDO MAGALHAES";"Reação tardia ou ineficiente do condutor";"Capotamento";"Com Vítimas Feridas";"Anoitecer";"Decrescente";"Garoa/Chuvisco";"Simples";"Reta";"Não";5;0;2;0;3;0;2;1;-12,41258;-45,87194;"SPRF-BA";"DEL10-BA";"UOP01-DEL10-BA"
498970;2023-01-02;"segunda-feira";"07:10:00";"RJ";101;403;"ITAGUAI";"Ausência de reação do condutor";"Saída de leito carroçável";"Com Vítimas Feridas";"Amanhecer";"Decrescente";"Céu Claro";"Dupla";"Reta";"Sim";3;0;2;0;0;1;2;2;-22,85924449;-43,79010059;"SPRF-RJ";"DEL03-RJ";"UOP01-DEL03-RJ"
498971;2023-01-13;"sexta-feira";"12:50:00";"PR";369;482,4;"CORBELIA";"Chuva";"Colisão frontal";"Com Vítimas Feridas";"Pleno dia";"Decrescente";"Chuva";"Simples";"Curva;Declive";"Não";3;0;1;0;2;0;1;2;-24,6524;-53,2195;"SPRF-PR";"DEL04-PR";"UOP03-DEL04-PR"
498973;2023-01-13;"sexta-feira";"18:45:00";"SC";116;4,2;"MAFRA";"Retorno proibido";"Colisão transversal";"Com Vítimas Feridas";"Anoitecer";"Crescente";"Nublado";"Simples";"Reta";"Sim";3;0;0;1;2;0;1;2;-26,13554917;-49,8072652;"SPRF-SC";"DEL06-SC";"UOP01-DEL06-SC"
498974;2023-01-13;"sexta-feira";"18:30:00";"PI";343;18;"PARNAIBA";"Acesso irregular";"Colisão lateral sentido oposto";"Com Vítimas Feridas";"Plena Noite";"Crescente";"Céu Claro";"Simples";"Reta";"Sim";2;0;1;0;0;1;1;2;-2,963282;-41,759464;"SPRF-PI";"DEL05-PI";"UOP01-DEL05-PI"
498975;2023-01-13;"sexta-feira";"17:45:00";"MG";116;412;"GOVERNADOR VALADARES";"Acessar a via sem observar a presença dos outros veículos";"Colisão transversal";"Com Vítimas Feridas";"Pleno dia";"Crescente";"Céu Claro";"Múltipla";"Reta";"Sim";3;0;2;0;1;0;2;2;-18,86882342;-41,97144241;"SPRF-MG";"DEL06-MG";"UOP01-DEL06-MG"
498976;2023-01-13;"sexta-feira";"17:40:00";"SP";116;100;"PINDAMONHANGABA";"Ausência de reação do condutor";"Engavetamento";"Com Vítimas Feridas";"Pleno dia";"Crescente";"Nublado";"Dupla";"Reta";"Não";5;0;2;0;3;0;2;3;-22,986552;-45,47276;"SPRF-SP";"DEL08-SP";"UOP01-DEL08-SP"
498977;2023-01-13;"sexta-feira";"18:25:00";"SC";116;3,9;"MAFRA";"Reação tardia ou ineficiente do condutor";"Colisão traseira";"Com Vítimas Feridas";"Anoitecer";"Decrescente";"Céu Claro";"Simples";"Reta;Aclive";"Sim";3;0;2;0;1;0;2;2;-26,13073161;-49,79922442;"SPRF-SC";"DEL06-SC";"UOP01-DEL06-SC"
498979;2023-01-13;"sexta-feira";"18:40:00";"RS";116;451,9;"SAO LOURENCO DO SUL";"Velocidade Incompatível";"Saída de leito carroçável";"Com Vítimas Feridas";"Pleno dia";"Crescente";"Chuva";"Dupla";"Curva";"Não";10;0;0;2;8;0;2;3;-31,20500401;-52,01944702;"SPRF-RS";"DEL02-RS";"UOP02-DEL02-RS"
498980;2023-01-13;"sexta-feira";"18:00:00";"PR";153;22,4;"JACAREZINHO";"Velocidade Incompatível";"Colisão frontal";"Sem Vítimas";"Anoitecer";"Crescente";"Chuva";"Simples";"Curva";"Não";2;0;0;0;2;0;0;2;-23,17310336;-49,97240066;"SPRF-PR";"DEL07-PR";"UOP04-DEL07-PR"
498983;2023-01-13;"sexta-feira";"18:30:00";"MG";381;489,1;"BETIM";"Acessar a via sem observar a presença dos outros veículos";"Colisão transversal";"Sem Vítimas";"Plena Noite";"Decrescente";"Nublado";"Simples";"Interseção de Vias;Reta;Aclive";"Não";2;0;0;0;1;1;0;2;-19,95638;-44,13398;"SPRF-MG";"DEL01-MG";"UOP03-DEL01-MG"
498985;2023-01-13;"sexta-feira";"18:20:00";"AP";156;462;"TARTARUGALZINHO";"Curva acentuada";"Saída de leito carroçável";"Sem Vítimas";"Anoitecer";"Crescente";"Garoa/Chuvisco";"Simples";"Curva";"Não";1;0;0;0;0;1;0;1;1,43209182;-50,90269793;"SPRF-AP";"DEL01-AP";"UOP02-DEL01-AP"
498987;2023-01-13;"sexta-feira";"18:00:00";"RJ";101;574;"PARATY";"Acessar a via sem observar a presença dos outros veículos";"Colisão transversal";"Com Vítimas Feridas";"Anoitecer";"Decrescente";"Chuva";"Simples";"Reta";"Sim";2;0;2;0;0;0;2;2;-23,21106418;-44,73373262;"SPRF-RJ";"DEL03-RJ";"UOP03-DEL03-RJ"
498992;2023-01-13;"sexta-feira";"19:35:00";"SC";101;109,9;"PENHA";"Acessar a via sem observar a presença dos outros veículos";"Atropelamento de Pedestre";"Com Vítimas Feridas";"Plena Noite";"Decrescente";"Nublado";"Dupla";"Reta";"Não";2;0;0;1;1;0;1;2;-26,835053;-48,707548;"SPRF-SC";"DEL03-SC";"UOP02-DEL03-SC"
498995;2023-01-13;"sexta-feira";"19:20:00";"SP";116;216;"GUARULHOS";"Manobra de mudança de faixa";"Colisão lateral mesmo sentido";"Com Vítimas Feridas";"Plena Noite";"Decrescente";"Céu Claro";"Dupla";"Reta";"Sim";2;0;1;0;1;0;1;2;-23,45056589;-46,46258105;"SPRF-SP";"DEL01-SP";"UOP01-DEL01-SP"
498997;2023-01-13;"sexta-feira";"19:00:00";"SC";101;214;"PALHOCA";"Ausência de reação do condutor";"Tombamento";"Com Vítimas Feridas";"Anoitecer";"Crescente";"Nublado";"Múltipla";"Reta";"Sim";1;0;1;0;0;0;1;1;-27,64443;-48,67057;"SPRF-SC";"DEL01-SC";"UOP02-DEL01-SC"
498998;2023-01-13;"sexta-feira";"16:30:00";"BA";324;622,5;"SALVADOR";"Acumulo de areia ou detritos sobre o pavimento";"Queda de ocupante de veículo";"Com Vítimas Feridas";"Pleno dia";"Crescente";"Céu Claro";"Múltipla";"Curva";"Sim";2;0;2;0;0;0;2;1;-12,91888605;-38,46502095;"SPRF-BA";"DEL01-BA";"UOP01-DEL01-BA"
499000;2023-01-13;"sexta-feira";"15:30:00";"GO";414;404;"ABADIANIA";"Velocidade Incompatível";"Saída de leito carroçável";"Sem Vítimas";"Pleno dia";"Crescente";"Chuva";"Simples";"Reta;Aclive";"Não";3;0;0;0;3;0;0;1;-16,00900392;-48,84163082;"SPRF-GO";"DEL02-GO";"UOP01-DEL02-GO"
499001;2023-01-13;"sexta-feira";"15:30:00";"BA";116;319;"ARACI";"Transitar na contramão";"Colisão frontal";"Com Vítimas Feridas";"Pleno dia";"Decrescente";"Céu Claro";"Simples";"Reta";"Não";4;0;3;0;1;0;3;2;-11,32295708;-38,94963686;"SPRF-BA";"DEL02-BA";"UOP01-DEL02-BA"
499002;2023-01-13;"sexta-feira";"20:30:00";"CE";116;8,9;"FORTALEZA";"Acessar a via sem observar a presença dos outros veículos";"Colisão lateral mesmo sentido";"Com Vítimas Feridas";"Plena Noite";"Crescente";"Céu Claro";"Dupla";"Reta";"Sim";2;0;1;0;1;0;1;2;-3,82684176;-38,5046339;"SPRF-CE";"DEL01-CE";"UOP02-DEL01-CE"
499003;2023-01-13;"sexta-feira";"19:50:00";"MT";364;210;"RONDONOPOLIS";"Chuva";"Tombamento";"Com Vítimas Feridas";"Plena Noite";"Crescente";"Chuva";"Dupla";"Reta";"Não";1;0;1;0;0;0;1;1;-16,4229595;-54,70116159;"SPRF-MT";"DEL02-MT";"UOP01-DEL02-MT"
499004;2023-01-13;"sexta-feira";"20:00:00";"RO";364;710;"PORTO VELHO";"Pedestre andava na pista";"Atropelamento de Pedestre";"Com Vítimas Fatais";"Plena Noite";"Decrescente";"Nublado";"Simples";"Reta";"Sim";3;1;0;0;2;0;0;2;-8,78386927;-63,86221647;"SPRF-RO";"DEL01-RO";"UOP01-DEL01-RO"
499005;2023-01-13;"sexta-feira";"20:00:00";"MT";163;111;"RONDONOPOLIS";"Avarias e/ou desgaste excessivo no pneu";"Queda de ocupante de veículo";"Com Vítimas Feridas";"Plena Noite";"Decrescente";"Chuva";"Dupla";"Reta";"Não";1;0;1;0;0;0;1;1;-16,56983504;-54,68343692;"SPRF-MT";"DEL02-MT";"UOP01-DEL02-MT"
499006;2023-01-13;"sexta-feira";"21:00:00";"MG";262;359,5;"BETIM";"Demais falhas mecânicas ou elétricas";"Incêndio";"Sem Vítimas";"Pleno dia";"Crescente";"Nublado";"Dupla";"Reta";"Sim";1;0;0;0;1;0;0;1;-19,97665614;-44,25711393;"SPRF-MG";"DEL01-MG";"UOP03-DEL01-MG"
499008;2023-01-13;"sexta-feira";"15:30:00";"SP";381;87,2;"SAO PAULO";"Ausência de reação do condutor";"Colisão traseira";"Com Vítimas Feridas";"Pleno dia";"Decrescente";"Nublado";"Dupla";"Reta";"Não";2;0;1;0;1;0;1;2;-23,46870838;-46,56983256;"SPRF-SP";"DEL03-SP";"UOP01-DEL03-SP"
499013;2023-01-13;"sexta-feira";"21:10:00";"RJ";40;70,2;"PETROPOLIS";"Velocidade Incompatível";"Colisão com objeto";"Com Vítimas Feridas";"Plena Noite";"Crescente";"Chuva";"Dupla";"Curva";"Não";1;0;0;1;0;0;1;1;-22,44906429;-43,19987784;"SPRF-RJ";"DEL06-RJ";"UOP01-DEL06-RJ"
499015;2023-01-13;"sexta-feira";"21:10:00";"PR";476;112,7;"COLOMBO";"Transitar na contramão";"Colisão frontal";"Com Vítimas Feridas";"Plena Noite";"Decrescente";"Céu Claro";"Simples";"Reta";"Não";3;0;0;1;1;1;1;2;-25,318485;-49,159;"SPRF-PR";"DEL01-PR";"UOP01-DEL01-PR"
499019;2023-01-13;"sexta-feira";"22:30:00";"MG";381;345;"BELA VISTA DE MINAS";"Velocidade Incompatível";"Tombamento";"Com Vítimas Feridas";"Plena Noite";"Crescente";"Garoa/Chuvisco";"Simples";"Curva;Aclive";"Não";2;0;0;2;0;0;2;1;-19,84393441;-43,10164511;"SPRF-MG";"DEL03-MG";"UOP01-DEL03-MG"
499020;2023-01-13;"sexta-feira";"22:30:00";"SC";470;126;"LONTRAS";"Conversão proibida";"Colisão traseira";"Com Vítimas Feridas";"Plena Noite";"Crescente";"Nublado";"Simples";"Curva";"Sim";2;0;1;0;1;0;1;2;-27,129;-49,538277;"SPRF-SC";"DEL04-SC";"UOP02-DEL04-SC"
499021;2023-01-13;"sexta-feira";"17:42:00";"MA";230;314,9;"SAO RAIMUNDO DAS MANGABEIRAS";"Desrespeitar a preferência no cruzamento";"Colisão transversal";"Com Vítimas Feridas";"Anoitecer";"Decrescente";"Céu Claro";"Simples";"Reta;Interseção de Vias;Declive";"Sim";2;0;0;1;0;1;1;2;-7,0220451;-45,48036402;"SPRF-MA";"DEL05-MA";"UOP01-DEL05-MA"
499022;2023-01-13;"sexta-feira";"23:40:00";"PR";376;2;"SAO JOSE DOS PINHAIS";"Ingestão de álcool pelo condutor";"Colisão traseira";"Sem Vítimas";"Plena Noite";"Decrescente";"Nublado";"Dupla";"Reta";"Sim";2;0;0;0;1;1;0;2;-25,5307;-49,1958;"SPRF-PR";"DEL01-PR";"UOP04-DEL01-PR"
499023;2023-01-13;"sexta-feira";"23:40:00";"MG";50;66,8;"UBERLANDIA";"Chuva";"Saída de leito carroçável";"Com Vítimas Feridas";"Plena Noite";"Decrescente";"Chuva";"Dupla";"Reta";"Não";1;0;1;0;0;0;1;1;-18,86887952;-48,25481772;"SPRF-MG";"DEL15-MG";"UOP02-DEL15-MG"
499026;2023-01-14;"sábado";"00:29:00";"PE";101;79,4;"RECIFE";"Animais na Pista";"Atropelamento de Animal";"Com Vítimas Feridas";"Plena Noite";"Decrescente";"Céu Claro";"Dupla";"Curva;Declive";"Sim";1;0;1;0;0;0;1;1;-8,15112589;-34,9428866;"SPRF-PE";"DEL01-PE";"UOP01-DEL01-PE"
499028;2023-01-14;"sábado";"00:25:00";"PB";101;105,9;"ALHANDRA";"Reação tardia ou ineficiente do condutor";"Colisão com objeto";"Com Vítimas Feridas";"Plena Noite";"Crescente";"Céu Claro";"Dupla";"Reta";"Não";1;0;1;0;0;0;1;1;-7,31664525;-34,94667828;"SPRF-PB";"DEL01-PB";"UOP02-DEL01-PB"
499029;2023-01-13;"sexta-feira";"23:50:00";"MT";364;202;"RONDONOPOLIS";"Ausência de reação do condutor";"Colisão traseira";"Com Vítimas Feridas";"Plena Noite";"Decrescente";"Nublado";"Dupla";"Em Obras;Reta;Declive";"Sim";2;0;1;0;1;0;1;2;-16,47575285;-54,65351254;"SPRF-MT";"DEL02-MT";"UOP01-DEL02-MT"
499030;2023-01-13;"sexta-feira";"23:50:00";"RS";470;209;"BENTO GONCALVES";"Ingestão de álcool pelo condutor";"Saída de leito carroçável";"Sem Vítimas";"Plena Noite";"Decrescente";"Nublado";"Simples";"Reta";"Sim";2;0;0;0;2;0;0;1;-29,10894598;-51,54542236;"SPRF-RS";"DEL06-RS";"UOP01-DEL06-RS"
499031;2023-01-13;"sexta-feira";"23:40:00";"RO";364;342,8;"JI-PARANA";"Manobra de mudança de faixa";"Queda de ocupante de veículo";"Com Vítimas Feridas";"Plena Noite";"Decrescente";"Céu Claro";"Dupla";"Reta";"Sim";1;0;1;0;0;0;1;1;-10,87952045;-61,94400787;"SPRF-RO";"DEL02-RO";"UOP01-DEL02-RO"
499032;2023-01-14;"sábado";"01:40:00";"SC";282;224,4;"LAGES";"Ingestão de álcool pelo condutor";"Saída de leito carroçável";"Sem Vítimas";"Plena Noite";"Crescente";"Nublado";"Simples";"Aclive";"Não";1;0;0;0;1;0;0;1;-27,79320008;-50,37736773;"SPRF-SC";"DEL05-SC";"UOP02-DEL05-SC"
499033;2023-01-14;"sábado";"00:01:00";"SP";381;40,6;"ATIBAIA";"Reação tardia ou ineficiente do condutor";"Capotamento";"Com Vítimas Feridas";"Plena Noite";"Decrescente";"Chuva";"Dupla";"Reta";"Não";1;0;1;0;0;0;1;1;-23,13656166;-46,57573342;"SPRF-SP";"DEL03-SP";"UOP01-DEL03-SP"
499034;2023-01-14;"sábado";"01:30:00";"MG";40;508,8;"RIBEIRAO DAS NEVES";"Reação tardia ou ineficiente do condutor";"Colisão traseira";"Com Vítimas Feridas";"Plena Noite";"Decrescente";"Chuva";"Dupla";"Reta";"Sim";3;0;1;0;2;0;1;2;-19,76061249;-44,1347544;"SPRF-MG";"DEL01-MG";"UOP02-DEL01-MG"
499035;2023-01-14;"sábado";"03:15:00";"SP";116;227;"GUARULHOS";"Trafegar com motocicleta (ou similar) entre as faixas";"Colisão traseira";"Com Vítimas Feridas";"Plena Noite";"Decrescente";"Chuva";"Múltipla";"Reta";"Sim";2;0;1;0;1;0;1;2;-23,49659264;-46,55648754;"SPRF-SP";"DEL01-SP";"UOP01-DEL01-SP"
499037;2023-01-14;"sábado";"04:40:00";"PR";277;95;"CURITIBA";"Reação tardia ou ineficiente do condutor";"Saída de leito carroçável";"Sem Vítimas";"Plena Noite";"Decrescente";"Céu Claro";"Dupla";"Reta;Declive";"Sim";1;0;0;0;1;0;0;1;-25,54838443;-49,28586717;"SPRF-PR";"DEL01-PR";"UOP06-DEL01-PR"
499040;2023-01-14;"sábado";"05:52:00";"TO";153;335;"GUARAI";"Ingestão de álcool pelo condutor";"Colisão traseira";"Com Vítimas Feridas";"Amanhecer";"Crescente";"Céu Claro";"Simples";"Reta";"Sim";2;0;1;0;1;0;1;2;-8,84481597;-48,5107318;"SPRF-TO";"DEL02-TO";"UOP02-DEL02-TO"
499042;2023-01-14;"sábado";"00:10:00";"SP";381;84;"SAO PAULO";"Reação tardia ou ineficiente do condutor";"Colisão com objeto";"Com Vítimas Feridas";"Plena Noite";"Crescente";"Chuva";"Múltipla";"Reta;Aclive";"Não";2;0;1;0;0;1;1;1;-23,44890615;-46,56970382;"SPRF-SP";"DEL03-SP";"UOP01-DEL03-SP"
499043;2023-01-14;"sábado";"04:30:00";"SC";101;372,3;"ICARA";"Ausência de reação do condutor";"Saída de leito carroçável";"Com Vítimas Feridas";"Amanhecer";"Crescente";"Céu Claro";"Dupla";"Reta";"Não";3;0;1;0;2;0;1;1;-28,70864509;-49,20924696;"SPRF-SC";"DEL02-SC";"UOP01-DEL02-SC"
499044;2023-01-14;"sábado";"04:30:00";"SC";280;100;"SAO BENTO DO SUL";"Ingestão de álcool pelo condutor";"Colisão com objeto";"Sem Vítimas";"Amanhecer";"Crescente";"Céu Claro";"Simples";"Curva";"Não";1;0;0;0;1;0;0;1;-26,37158361;-49,33137101;"SPRF-SC";"DEL06-SC";"UOP03-DEL06-SC"
499046;2023-01-14;"sábado";"02:00:00";"BA";367;27,8;"PORTO SEGURO";"Condutor Dormindo";"Colisão frontal";"Com Vítimas Feridas";"Plena Noite";"Decrescente";"Céu Claro";"Simples";"Curva";"Não";2;0;2;0;0;0;2;2;-16,4238769;-39,10203391;"SPRF-BA";"DEL09-BA";"UOP03-DEL09-BA"
499047;2023-01-14;"sábado";"02:30:00";"MG";40;510,5;"RIBEIRAO DAS NEVES";"Velocidade Incompatível";"Saída de leito carroçável";"Sem Vítimas";"Plena Noite";"Crescente";"Chuva";"Dupla";"Reta;Declive";"Não";1;0;0;0;0;1;0;1;-19,77463885;-44,12321882;"SPRF-MG";"DEL01-MG";"UOP02-DEL01-MG"
499049;2023-01-14;"sábado";"07:00:00";"PR";376;620;"SAO JOSE DOS PINHAIS";"Ausência de reação do condutor";"Colisão transversal";"Com Vítimas Feridas";"Pleno dia";"Crescente";"Céu Claro";"Simples";"Interseção de Vias;Reta";"Não";2;0;1;0;1;0;1;2;-25,60925907;-49,17205834;"SPRF-PR";"DEL01-PR";"UOP04-DEL01-PR"