"id";"data_inversa";"dia_semana";"horario";"uf";"br";"km";"municipio";"causa_acidente";"tipo_acidente";"classificacao_acidente";"fase_dia";"sentido_via";"condicao_metereologica";"tipo_pista";"tracado_via";"uso_solo";"pessoas";"mortos";"feridos_leves";"feridos_graves";"ilesos";"ignorados";"feridos";"veiculos";"latitude";"longitude";"regional";"delegacia";"uop"
499274;2023-01-15;"domingo";"04:45:00";"RJ";393;217;"VASSOURAS";"Demais falhas mecânicas ou elétricas";"Incêndio";"Sem Vítimas";"Amanhecer";"Decrescente";"Céu Claro";"Simples";"Aclive";"Não";1;0;0;0;1;0;0;1;-22,30322936;-43,4966317;"SPRF-RJ";"DEL05-RJ";"UOP03-DEL05-RJ"
499275;2023-01-15;"domingo";"06:00:00";"MG";354;750,4;"ITAMONTE";"Ausência de reação do condutor";"Saída de leito carroçável";"Sem Vítimas";"Amanhecer";"Crescente";"Céu Claro";"Simples";"Reta";"Não";1;0;0;0;0;1;0;1;-22,28077569;-44,87170669;"SPRF-MG";"DEL17-MG";"UOP01-DEL17-MG"
499276;2023-01-15;"domingo";"07:20:00";"RJ";40;29;"TRES RIOS";"Condutor Dormindo";"Colisão com objeto";"Com Vítimas Feridas";"Pleno dia";"Decrescente";"Céu Claro";"Dupla";"Curva";"Não";2;0;2;0;0;0;2;1;-22,17756692;-43,16802216;"SPRF-RJ";"DEL05-RJ";"UOP02-DEL05-RJ"
499277;2023-01-14;"sábado";"14:00:00";"DF";60;13;"BRASILIA";"Ausência de reação do condutor";"Colisão com objeto";"Sem Vítimas";"Pleno dia";"Crescente";"Céu Claro";"Dupla";"Reta";"Não";3;0;0;0;3;0;0;1;-15,926557;-48,166969;"SPRF-DF";"DEL03-DF";"UOP01-DEL03-DF"
499278;2023-01-15;"domingo";"06:06:00";"SC";470;122,7;"IBIRAMA";"Chuva";"Saída de leito carroçável";"Com Vítimas Feridas";"Amanhecer";"Crescente";"Chuva";"Simples";"Curva;Aclive";"Não";1;0;1;0;0;0;1;1;-27,10619059;-49,52186108;"SPRF-SC";"DEL04-SC";"UOP02-DEL04-SC"
499279;2023-01-15;"domingo";"07:10:00";"MS";163;626;"SAO GABRIEL DO OESTE";"Ausência de reação do condutor";"Queda de ocupante de veículo";"Com Vítimas Feridas";"Pleno dia";"Decrescente";"Sol";"Simples";"Reta";"Não";2;0;1;0;0;1;1;1;-19,3136279;-54,61889488;"SPRF-MS";"DEL06-MS";"UOP02-DEL06-MS"
499280;2023-01-15;"domingo";"06:30:00";"PE";408;72;"PAUDALHO";"Ausência de sinalização";"Colisão traseira";"Com Vítimas Feridas";"Pleno dia";"Decrescente";"Chuva";"Dupla";"Reta;Aclive";"Sim";6;0;2;3;1;0;5;2;-7,88298505;-35,18197309;"SPRF-PE";"DEL01-PE";"UOP01-DEL01-PE"
499282;2023-01-15;"domingo";"06:00:00";"MG";381;816,8;"CAREACU";"Pista esburacada";"Saída de leito carroçável";"Com Vítimas Feridas";"Pleno dia";"Crescente";"Céu Claro";"Dupla";"Curva;Aclive";"Não";2;0;0;1;1;0;1;1;-22,0934877;-45,71077521;"SPRF-MG";"DEL16-MG";"UOP02-DEL16-MG"
499287;2023-01-15;"domingo";"09:00:00";"SP";116;441;"REGISTRO";"Animais na Pista";"Atropelamento de Animal";"Sem Vítimas";"Pleno dia";"Decrescente";"Céu Claro";"Dupla";"Reta";"Não";1;0;0;0;1;0;0;1;-24,4688528;-47,82223728;"SPRF-SP";"DEL05-SP";"UOP01-DEL05-SP"
499288;2023-01-15;"domingo";"09:25:00";"GO";20;72,7;"FORMOSA";"Reação tardia ou ineficiente do condutor";"Saída de leito carroçável";"Com Vítimas Feridas";"Pleno dia";"Crescente";"Céu Claro";"Simples";"Curva;Retorno Regulamentado";"Não";4;0;2;0;2;0;2;1;-15,153196;-47,137524;"SPRF-DF";"DEL02-DF";"UOP02-DEL02-DF"
499289;2023-01-15;"domingo";"09:00:00";"ES";101;266;"SERRA";"Ausência de reação do condutor";"Colisão traseira";"Sem Vítimas";"Pleno dia";"Decrescente";"Céu Claro";"Dupla";"Reta";"Sim";2;0;0;0;2;0;0;2;-20,190199;-40,26828891;"SPRF-ES";"DEL02-ES";"UOP01-DEL02-ES"
499290;2023-01-15;"domingo";"07:45:00";"PR";116;95,3;"SAO JOSE DOS PINHAIS";"Velocidade Incompatível";"Saída de leito carroçável";"Com Vítimas Feridas";"Pleno dia";"Crescente";"Céu Claro";"Dupla";"Reta";"Não";1;0;1;0;0;0;1;1;-25,4971982;-49,11761871;"SPRF-PR";"DEL01-PR";"UOP07-DEL01-PR"
499292;2023-01-15;"domingo";"07:50:00";"SC";470;211,7;"SAO CRISTOVAO DO SUL";"Ausência de reação do condutor";"Colisão lateral sentido oposto";"Com Vítimas Feridas";"Pleno dia";"Crescente";"Garoa/Chuvisco";"Simples";"Curva";"Não";5;0;2;0;3;0;2;2;-27,306231;-50,228275;"SPRF-SC";"DEL05-SC";"UOP03-DEL05-SC"
499293;2023-01-15;"domingo";"08:29:00";"RS";116;655,7;"JAGUARAO";"Velocidade Incompatível";"Saída de leito carroçável";"Com Vítimas Feridas";"Pleno dia";"Decrescente";"Céu Claro";"Simples";"Reta";"Sim";1;0;0;1;0;0;1;1;-32,544151;-53,371018;"SPRF-RS";"DEL07-RS";"UOP03-DEL07-RS"
499294;2023-01-15;"domingo";"00:10:00";"MT";163;1032;"PEIXOTO DE AZEVEDO";"Ingestão de álcool pelo condutor";"Colisão traseira";"Sem Vítimas";"Anoitecer";"Decrescente";"Chuva";"Simples";"Reta;Em Obras";"Não";2;0;0;0;2;0;0;2;-10,217495;-54,968383;"SPRF-MT";"DEL06-MT";"UOP03-DEL06-MT"
499295;2023-01-15;"domingo";"10:00:00";"ES";262;79;"MARECHAL FLORIANO";"Reação tardia ou ineficiente do condutor";"Saída de leito carroçável";"Com Vítimas Feridas";"Pleno dia";"Crescente";"Céu Claro";"Simples";"Curva";"Não";1;0;0;1;0;0;1;1;-20,40937987;-40,93210421;"SPRF-ES";"DEL01-ES";"UOP02-DEL01-ES"
499296;2023-01-15;"domingo";"10:00:00";"SC";282;17,9;"PALHOCA";"Condutor deixou de manter distância do veículo da frente";"Colisão traseira";"Com Vítimas Feridas";"Pleno dia";"Crescente";"Nublado";"Simples";"Reta";"Sim";3;0;1;0;2;0;1;2;-27,665707;-48,688065;"SPRF-SC";"DEL01-SC";"UOP02-DEL01-SC"
499297;2023-01-15;"domingo";"03:00:00";"MA";316;607;"TIMON";"Condutor Dormindo";"Saída de leito carroçável";"Com Vítimas Fatais";"Plena Noite";"Crescente";"Nublado";"Simples";"Reta";"Não";1;1;0;0;0;0;0;1;-5,056476;-42,900112;"SPRF-MA";"DEL03-MA";"UOP02-DEL03-MA"
499298;2023-01-15;"domingo";"10:10:00";"PR";376;518,3;"PONTA GROSSA";"Condutor Dormindo";"Saída de leito carroçável";"Com Vítimas Feridas";"Pleno dia";"Decrescente";"Chuva";"Dupla";"Reta";"Não";2;0;2;0;0;0;2;1;-25,25300244;-50,01688957;"SPRF-PR";"DEL03-PR";"UOP04-DEL03-PR"
499299;2023-01-15;"domingo";"11:02:00";"SE";235;55;"ITABAIANA";"Acessar a via sem observar a presença dos outros veículos";"Colisão transversal";"Com Vítimas Feridas";"Pleno dia";"Decrescente";"Céu Claro";"Simples";"Reta";"Sim";6;0;1;1;4;0;2;2;-10,667386;-37,446014;"SPRF-SE";"DEL01-SE";"UOP02-DEL01-SE"
499300;2023-01-15;"domingo";"10:35:00";"MG";262;799;"UBERABA";"Velocidade Incompatível";"Colisão frontal";"Com Vítimas Feridas";"Pleno dia";"Crescente";"Céu Claro";"Dupla";"Reta";"Não";3;0;2;0;0;1;2;2;-19,77864246;-47,93629597;"SPRF-MG";"DEL13-MG";"UOP01-DEL13-MG"
499301;2023-01-15;"domingo";"11:15:00";"PR";277;32,9;"MORRETES";"Velocidade Incompatível";"Saída de leito carroçável";"Sem Vítimas";"Pleno dia";"Crescente";"Nublado";"Dupla";"Aclive;Curva";"Não";4;0;0;0;4;0;0;1;-25,56709688;-48,81106843;"SPRF-PR";"DEL01-PR";"UOP05-DEL01-PR"
499303;2023-01-15;"domingo";"09:05:00";"RS";290;580;"ALEGRETE";"Ausência de reação do condutor";"Saída de leito carroçável";"Sem Vítimas";"Pleno dia";"Crescente";"Céu Claro";"Simples";"Reta";"Sim";1;0;0;0;0;1;0;1;-29,80519359;-55,78025937;"SPRF-RS";"DEL13-RS";"UOP02-DEL13-RS"
499304;2023-01-15;"domingo";"11:00:00";"DF";20;16;"BRASILIA";"Ausência de reação do condutor";"Saída de leito carroçável";"Com Vítimas Feridas";"Pleno dia";"Crescente";"Nublado";"Dupla";"Declive";"Sim";4;0;3;0;1;0;3;1;-15,625675;-47,725159;"SPRF-DF";"DEL02-DF";"UOP01-DEL02-DF"
499305;2023-01-15;"domingo";"11:40:00";"RS";116;265;"CANOAS";"Animais na Pista";"Colisão traseira";"Com Vítimas Feridas";"Pleno dia";"Decrescente";"Céu Claro";"Dupla";"Reta";"Sim";2;0;1;0;1;0;1;2;-29,92342302;-51,17780944;"SPRF-RS";"DEL01-RS";"UOP01-DEL01-RS"
499308;2023-01-15;"domingo";"12:00:00";"PR";373;181,5;"PONTA GROSSA";"Acessar a via sem observar a presença dos outros veículos";"Colisão transversal";"Com Vítimas Feridas";"Pleno dia";"Crescente";"Céu Claro";"Simples";"Curva";"Sim";2;0;0;1;1;0;1;2;-25,04266233;-50,25791089;"SPRF-PR";"DEL03-PR";"UOP01-DEL03-PR"
499309;2023-01-15;"domingo";"11:55:00";"MG";40;717,8;"BARBACENA";"Velocidade Incompatível";"Colisão com objeto";"Com Vítimas Feridas";"Pleno dia";"Crescente";"Céu Claro";"Dupla";"Curva;Declive";"Não";1;0;1;0;0;0;1;1;-21,2656332;-43,65557499;"SPRF-MG";"DEL05-MG";"UOP01-DEL05-MG"
499310;2023-01-15;"domingo";"10:20:00";"SC";101;90,7;"BARRA VELHA";"Reação tardia ou ineficiente do condutor";"Colisão lateral mesmo sentido";"Com Vítimas Feridas";"Pleno dia";"Decrescente";"Nublado";"Simples";"Reta";"Sim";2;0;1;0;1;0;1;2;-26,67427509;-48,69021893;"SPRF-SC";"DEL03-SC";"UOP02-DEL03-SC"
499312;2023-01-15;"domingo";"11:30:00";"SC";101;194,1;"BIGUACU";"Mal súbito do condutor";"Colisão traseira";"Com Vítimas Feridas";"Pleno dia";"Decrescente";"Nublado";"Simples";"Viaduto";"Sim";2;0;1;1;0;0;2;2;-27,49806992;-48,65634441;"SPRF-SC";"DEL01-SC";"UOP01-DEL01-SC"
499313;2023-01-15;"domingo";"11:25:00";"SC";101;194,3;"BIGUACU";"Mal súbito do condutor";"Colisão lateral mesmo sentido";"Com Vítimas Feridas";"Pleno dia";"Decrescente";"Nublado";"Múltipla";"Reta";"Não";3;0;2;1;0;0;3;2;-27,49815117;-48,65661236;"SPRF-SC";"DEL01-SC";"UOP01-DEL01-SC"
499315;2023-01-15;"domingo";"12:40:00";"ES";101;259,2;"SERRA";"Ausência de reação do condutor";"Colisão traseira";"Com Vítimas Feridas";"Pleno dia";"Crescente";"Céu Claro";"Simples";"Reta";"Sim";2;0;1;0;1;0;1;2;-20,138397;-40,292213;"SPRF-ES";"DEL02-ES";"UOP01-DEL02-ES"
499316;2023-01-15;"domingo";"09:30:00";"SC";101;130;"BALNEARIO CAMBORIU";"Condutor deixou de manter distância do veículo da frente";"Colisão traseira";"Com Vítimas Feridas";"Pleno dia";"Decrescente";"Céu Claro";"Dupla";"Reta";"Sim";2;0;0;1;1;0;1;2;-26,98407618;-48,66977107;"SPRF-SC";"DEL04-SC";"UOP03-DEL04-SC"
499317;2023-01-15;"domingo";"13:15:00";"PR";277;33;"MORRETES";"Pista Escorregadia";"Colisão com objeto";"Com Vítimas Feridas";"Pleno dia";"Crescente";"Chuva";"Dupla";"Curva;Aclive";"Não";3;0;1;0;2;0;1;1;-25,56774785;-48,8112849;"SPRF-PR";"DEL01-PR";"UOP05-DEL01-PR"
499318;2023-01-15;"domingo";"09:50:00";"RS";116;657;"JAGUARAO";"Ingestão de álcool pelo condutor";"Colisão traseira";"Sem Vítimas";"Pleno dia";"Crescente";"Céu Claro";"Simples";"Reta;Interseção de Vias";"Sim";3;0;0;0;3;0;0;2;-32,568867;-53,37924;"SPRF-RS";"DEL07-RS";"UOP03-DEL07-RS"
499319;2023-01-15;"domingo";"10:00:00";"GO";60;28,9;"ALEXANIA";"Condutor Dormindo";"Saída de leito carroçável";"Sem Vítimas";"Pleno dia";"Crescente";"Céu Claro";"Dupla";"Reta;Aclive";"Não";1;0;0;0;0;1;0;1;-16,0963;-48,5202;"SPRF-DF";"DEL03-DF";"UOP01-DEL03-DF"
499320;2023-01-15;"domingo";"10:50:00";"PE";408;35;"ALIANCA";"Acessar a via sem observar a presença dos outros veículos";"Colisão transversal";"Com Vítimas Fatais";"Pleno dia";"Decrescente";"Céu Claro";"Simples";"Curva";"Não";3;1;0;0;2;0;0;2;-7,5940327;-35,24470263;"SPRF-PE";"DEL01-PE";"UOP02-DEL01-PE"
499321;2023-01-15;"domingo";"13:30:00";"PE";101;67;"RECIFE";"Manobra de mudança de faixa";"Colisão lateral mesmo sentido";"Com Vítimas Feridas";"Pleno dia";"Crescente";"Céu Claro";"Múltipla";"Reta";"Sim";3;0;2;0;1;0;2;2;-8,042334;-34,943096;"SPRF-PE";"DEL01-PE";"UOP01-DEL01-PE"
499322;2023-01-15;"domingo";"13:40:00";"ES";262;1;"CARIACICA";"Avarias e/ou desgaste excessivo no pneu";"Tombamento";"Com Vítimas Feridas";"Pleno dia";"Decrescente";"Céu Claro";"Dupla";"Ponte;Reta";"Sim";4;0;1;1;2;0;2;3;-20,32955204;-40,35492602;"SPRF-ES";"DEL01-ES";"UOP01-DEL01-ES"
499325;2023-01-15;"domingo";"06:00:00";"MG";40;527;"CONTAGEM";"Ausência de reação do condutor";"Saída de leito carroçável";"Com Vítimas Feridas";"Pleno dia";"Decrescente";"Nublado";"Múltipla";"Reta";"Sim";4;0;2;2;0;0;4;1;-19,90149502;-44,04938939;"SPRF-MG";"DEL01-MG";"UOP02-DEL01-MG"
499327;2023-01-15;"domingo";"11:00:00";"BA";330;865;"UBATA";"Condutor deixou de manter distância do veículo da frente";"Colisão traseira";"Com Vítimas Feridas";"Pleno dia";"Crescente";"Céu Claro";"Simples";"Reta";"Sim";3;0;1;0;2;0;1;2;-14,19770602;-39,53974601;"SPRF-BA";"DEL05-BA";"UOP01-DEL05-BA"
499328;2023-01-15;"domingo";"12:40:00";"RJ";101;291;"ITABORAI";"Manobra de mudança de faixa";"Colisão traseira";"Com Vítimas Feridas";"Pleno dia";"Crescente";"Céu Claro";"Dupla";"Reta";"Não";6;0;1;0;5;0;1;5;-22,76457445;-42,86989322;"SPRF-RJ";"DEL02-RJ";"UOP02-DEL02-RJ"
499329;2023-01-15;"domingo";"13:46:00";"GO";20;25;"FORMOSA";"Avarias e/ou desgaste excessivo no pneu";"Saída de leito carroçável";"Com Vítimas Feridas";"Pleno dia";"Crescente";"Chuva";"Simples";"Curva;Declive";"Não";9;0;3;0;6;0;3;1;-15,536159;-47,134621;"SPRF-DF";"DEL02-DF";"UOP02-DEL02-DF"
499331;2023-01-15;"domingo";"14:50:00";"PE";408;103;"JABOATAO DOS GUARARAPES";"Acesso irregular";"Colisão transversal";"Com Vítimas Feridas";"Pleno dia";"Crescente";"Céu Claro";"Dupla";"Reta";"Sim";3;0;2;0;1;0;2;2;-8,05746154;-34,99468175;"SPRF-PE";"DEL01-PE";"UOP01-DEL01-PE"
499332;2023-01-15;"domingo";"14:50:00";"SC";101;213;"PALHOCA";"Condutor deixou de manter distância do veículo da frente";"Colisão lateral mesmo sentido";"Com Vítimas Feridas";"Pleno dia";"Decrescente";"Chuva";"Múltipla";"Reta";"Sim";2;0;2;0;0;0;2;1;-27,63697369;-48,66514142;"SPRF-SC";"DEL01-SC";"UOP02-DEL01-SC"
499333;2023-01-11;"quarta-feira";"11:15:00";"RJ";40;117,7;"DUQUE DE CAXIAS";"Demais falhas mecânicas ou elétricas";"Tombamento";"Com Vítimas Feridas";"Pleno dia";"Decrescente";"Céu Claro";"Múltipla";"Reta";"Não";1;0;1;0;0;0;1;1;-22,745676;-43,2881;"SPRF-RJ";"DEL01-RJ";"UOP01-DEL01-RJ"
499334;2023-01-15;"domingo";"14:00:00";"PE";408;79;"PAUDALHO";"Manobra de mudança de faixa";"Colisão lateral mesmo sentido";"Com Vítimas Feridas";"Pleno dia";"Crescente";"Céu Claro";"Dupla";"Reta";"Não";3;0;2;0;1;0;2;2;-7,92735072;-35,14679086;"SPRF-PE";"DEL01-PE";"UOP01-DEL01-PE"
499335;2023-01-15;"domingo";"14:30:00";"PR";376;270;"MARILANDIA DO SUL";"Ingestão de álcool pelo condutor";"Saída de leito carroçável";"Com Vítimas Feridas";"Pleno dia";"Decrescente";"Céu Claro";"Dupla";"Reta";"Não";1;0;1;0;0;0;1;1;-23,76530925;-51,27234759;"SPRF-PR";"DEL07-PR";"UOP02-DEL07-PR"
499336;2023-01-15;"domingo";"14:30:00";"PE";408;76,4;"PAUDALHO";"Acesso irregular";"Colisão transversal";"Com Vítimas Feridas";"Pleno dia";"Decrescente";"Céu Claro";"Simples";"Rotatória";"Não";2;0;1;0;1;0;1;2;-7,917698;-35,166498;"SPRF-PE";"DEL01-PE";"UOP01-DEL01-PE"
499337;2023-01-15;"domingo";"13:30:00";"RS";116;203,2;"PICADA CAFE";"Frear bruscamente";"Queda de ocupante de veículo";"Com Vítimas Feridas";"Pleno dia";"Crescente";"Nublado";"Simples";"Curva";"Não";2;0;1;0;0;1;1;2;-29,49113279;-51,14998489;"SPRF-RS";"DEL05-RS";"UOP02-DEL05-RS"
499339;2023-01-15;"domingo";"14:52:00";"ES";101;211;"IBIRACU";"Acessar a via sem observar a presença dos outros veículos";"Colisão transversal";"Com Vítimas Feridas";"Pleno dia";"Crescente";"Sol";"Simples";"Reta";"Sim";2;0;1;1;0;0;2;2;-19,80700903;-40,36767233;"SPRF-ES";"DEL02-ES";"UOP01-DEL02-ES"
499340;2023-01-15;"domingo";"15:10:00";"ES";101;126,7;"SOORETAMA";"Reação tardia ou ineficiente do condutor";"Colisão traseira";"Com Vítimas Feridas";"Pleno dia";"Crescente";"Céu Claro";"Simples";"Declive";"Sim";4;0;1;0;3;0;1;2;-19,193953;-40,0951;"SPRF-ES";"DEL04-ES";"UOP01-DEL04-ES"
499341;2023-01-15;"domingo";"14:00:00";"AL";101;185,2;"JUNQUEIRO";"Acessar a via sem observar a presença dos outros veículos";"Colisão transversal";"Com Vítimas Feridas";"Pleno dia";"Decrescente";"Céu Claro";"Dupla";"Reta;Em Obras";"Sim";5;0;5;0;0;0;5;2;-9,8977899839;-36,447428999;"SPRF-AL";"DEL02-AL";"UOP02-DEL02-AL"
499342;2023-01-15;"domingo";"14:30:00";"PR";116;199;"RIO NEGRO";"Avarias e/ou desgaste excessivo no pneu";"Colisão lateral sentido oposto";"Com Vítimas Feridas";"Pleno dia";"Decrescente";"Chuva";"Simples";"Declive;Curva";"Não";2;0;1;0;1;0;1;2;-26,02819252;-49,68205088;"SPRF-SC";"DEL06-SC";"UOP01-DEL06-SC"
499343;2023-01-15;"domingo";"15:30:00";"GO";60;209;"GUAPO";"Velocidade Incompatível";"Saída de leito carroçável";"Com Vítimas Feridas";"Pleno dia";"Crescente";"Chuva";"Dupla";"Curva";"Não";1;0;1;0;0;0;1;1;-16,9324;-49,6679;"SPRF-GO";"DEL01-GO";"UOP02-DEL01-GO"
499344;2023-01-15;"domingo";"15:40:00";"RN";406;163;"CEARA-MIRIM";"Manobra de mudança de faixa";"Colisão traseira";"Com Vítimas Feridas";"Pleno dia";"Decrescente";"Céu Claro";"Simples";"Reta";"Não";2;0;0;1;1;0;1;2;-5,73527201;-35,35543901;"SPRF-RN";"DEL02-RN";"UOP01-DEL02-RN"
499345;2023-01-15;"domingo";"15:50:00";"PR";158;530,8;"PATO BRANCO";"Retorno proibido";"Colisão transversal";"Sem Vítimas";"Pleno dia";"Decrescente";"Sol";"Simples";"Aclive";"Sim";6;0;0;0;6;0;0;2;-26,19442709;-52,67299292;"SPRF-PR";"DEL02-PR";"UOP01-DEL02-PR"
499347;2023-01-15;"domingo";"07:20:00";"MT";364;485;"JANGADA";"Ingestão de álcool pelo condutor";"Saída de leito carroçável";"Sem Vítimas";"Pleno dia";"Decrescente";"Sol";"Simples";"Reta";"Não";1;0;0;0;1;0;0;1;-15,36640171;-56,40847758;"SPRF-MT";"DEL01-MT";"UOP02-DEL01-MT"
499349;2023-01-15;"domingo";"13:00:00";"MG";267;85;"JUIZ DE FORA";"Reação tardia ou ineficiente do condutor";"Queda de ocupante de veículo";"Com Vítimas Feridas";"Pleno dia";"Crescente";"Céu Claro";"Simples";"Declive";"Não";1;0;1;0;0;0;1;1;-21,76198367;-43,25075184;"SPRF-MG";"DEL05-MG";"UOP01-DEL05-MG"
499350;2023-01-15;"domingo";"16:11:00";"GO";60;39,5;"ALEXANIA";"Avarias e/ou desgaste excessivo no pneu";"Saída de leito carroçável";"Com Vítimas Feridas";"Pleno dia";"Crescente";"Chuva";"Dupla";"Curva";"Não";2;0;2;0;0;0;2;1;-16,1121218;-48,56021404;"SPRF-DF";"DEL03-DF";"UOP01-DEL03-DF"
499352;2023-01-15;"domingo";"15:15:00";"SP";116;97;"PINDAMONHANGABA";"Manobra de mudança de faixa";"Colisão traseira";"Com Vítimas Feridas";"Pleno dia";"Crescente";"Sol";"Dupla";"Aclive";"Não";2;0;1;0;1;0;1;2;-22,97375666;-45,44726115;"SPRF-SP";"DEL08-SP";"UOP01-DEL08-SP"
499353;2023-01-15;"domingo";"15:30:00";"PE";101;154;"RIBEIRAO";"Acumulo de água sobre o pavimento";"Saída de leito carroçável";"Com Vítimas Feridas";"Pleno dia";"Decrescente";"Chuva";"Dupla";"Curva";"Não";4;0;0;4;0;0;4;1;-8,52860711;-35,38883966;"SPRF-PE";"DEL01-PE";"UOP03-DEL01-PE"
499355;2023-01-15;"domingo";"16:30:00";"MG";381;802;"SAO GONCALO DO SAPUCAI";"Ausência de reação do condutor";"Tombamento";"Com Vítimas Feridas";"Pleno dia";"Crescente";"Céu Claro";"Dupla";"Reta";"Não";1;0;1;0;0;0;1;1;-21,98685449;-45,65711903;"SPRF-MG";"DEL16-MG";"UOP02-DEL16-MG"
499356;2023-01-15;"domingo";"17:00:00";"RJ";493;26;"MAGE";"Acumulo de óleo sobre o pavimento";"Tombamento";"Com Vítimas Feridas";"Pleno dia";"Crescente";"Céu Claro";"Simples";"Aclive;Curva;Viaduto";"Não";2;0;2;0;0;0;2;1;-22,65672003;-43,08951616;"SPRF-RJ";"DEL04-RJ";"UOP02-DEL04-RJ"
499357;2023-01-15;"domingo";"16:40:00";"SC";101;365;"SANGAO";"Problema na suspensão";"Queda de ocupante de veículo";"Com Vítimas Feridas";"Pleno dia";"Decrescente";"Nublado";"Dupla";"Reta";"Não";2;0;1;0;1;0;1;1;-28,68290284;-49,14759308;"SPRF-SC";"DEL02-SC";"UOP01-DEL02-SC"
499358;2023-01-15;"domingo";"15:25:00";"GO";60;62,1;"ABADIANIA";"Ingestão de substâncias psicoativas pelo condutor";"Saída de leito carroçável";"Com Vítimas Feridas";"Pleno dia";"Crescente";"Chuva";"Dupla";"Reta";"Sim";2;0;1;0;0;1;1;1;-16,1881;-48,7205;"SPRF-GO";"DEL02-GO";"UOP01-DEL02-GO"
499361;2023-01-15;"domingo";"16:49:00";"GO";414;368;"COCALZINHO DE GOIAS";"Reação tardia ou ineficiente do condutor";"Tombamento";"Com Vítimas Feridas";"Pleno dia";"Crescente";"Nublado";"Simples";"Curva";"Não";1;0;0;1;0;0;1;1;-15,75353119;-48,72925796;"SPRF-GO";"DEL02-GO";"UOP01-DEL02-GO"
499362;2023-01-15;"domingo";"14:50:00";"RS";468;4,8;"PALMEIRA DAS MISSOES";"Ausência de reação do condutor";"Saída de leito carroçável";"Sem Vítimas";"Pleno dia";"Decrescente";"Nublado";"Simples";"Reta;Declive";"Não";1;0;0;0;1;0;0;1;-27,86356506;-53,35098506;"SPRF-RS";"DEL08-RS";"UOP01-DEL08-RS"
499363;2023-01-15;"domingo";"16:45:00";"RN";226;61;"SENADOR ELOI DE SOUZA";"Reação tardia ou ineficiente do condutor";"Colisão traseira";"Com Vítimas Feridas";"Pleno dia";"Crescente";"Céu Claro";"Simples";"Reta";"Sim";2;0;1;0;1;0;1;2;-6,05016006;-35,67466683;"SPRF-RN";"DEL01-RN";"UOP02-DEL01-RN"
499364;2023-01-15;"domingo";"15:20:00";"MG";365;410,7;"PATOS DE MINAS";"Reação tardia ou ineficiente do condutor";"Colisão lateral sentido oposto";"Com Vítimas Feridas";"Pleno dia";"Decrescente";"Céu Claro";"Simples";"Reta;Ponte";"Não";6;0;3;0;3;0;3;3;-18,65773478;-46,52207118;"SPRF-MG";"DEL10-MG";"UOP01-DEL10-MG"
499366;2023-01-15;"domingo";"16:30:00";"CE";222;52;"SAO GONCALO DO AMARANTE";"Condutor deixou de manter distância do veículo da frente";"Colisão traseira";"Com Vítimas Feridas";"Pleno dia";"Decrescente";"Céu Claro";"Simples";"Reta";"Não";2;0;0;1;1;0;1;2;-3,6686365339;-39,0097760155;"SPRF-CE";"DEL01-CE";"UOP03-DEL01-CE"
499367;2023-01-15;"domingo";"17:40:00";"RN";406;168;"SAO GONCALO DO AMARANTE";"Manobra de mudança de faixa";"Colisão traseira";"Com Vítimas Feridas";"Plena Noite";"Decrescente";"Céu Claro";"Dupla";"Reta";"Não";2;0;0;1;1;0;1;2;-5,75269453;-35,31535484;"SPRF-RN";"DEL02-RN";"UOP01-DEL02-RN"
499368;2023-01-15;"domingo";"17:30:00";"SP";381;83;"SAO PAULO";"Avarias e/ou desgaste excessivo no pneu";"Colisão traseira";"Com Vítimas Feridas";"Anoitecer";"Crescente";"Chuva";"Simples";"Reta";"Sim";3;0;0;1;2;0;1;2;-23,436817;-46,56825006;"SPRF-SP";"DEL03-SP";"UOP01-DEL03-SP"
499369;2023-01-15;"domingo";"17:36:00";"MG";50;185;"UBERABA";"Avarias e/ou desgaste excessivo no pneu";"Tombamento";"Com Vítimas Feridas";"Pleno dia";"Decrescente";"Nublado";"Dupla";"Reta";"Sim";1;0;1;0;0;0;1;1;-19,8172798;-47,89559069;"SPRF-MG";"DEL13-MG";"UOP01-DEL13-MG"
499370;2023-01-15;"domingo";"16:30:00";"MG";381;534,2;"ITATIAIUCU";"Retorno proibido";"Colisão transversal";"Com Vítimas Feridas";"Pleno dia";"Decrescente";"Céu Claro";"Dupla";"Reta";"Sim";3;0;0;1;2;0;1;2;-20,20728901;-44,39007699;"SPRF-MG";"DEL04-MG";"UOP03-DEL04-MG"
499372;2023-01-15;"domingo";"17:00:00";"MT";163;1033;"PEIXOTO DE AZEVEDO";"Manobra de mudança de faixa";"Colisão lateral sentido oposto";"Com Vítimas Feridas";"Anoitecer";"Crescente";"Céu Claro";"Simples";"Reta";"Não";5;0;1;0;4;0;1;3;-10,33413892;-55,03922841;"SPRF-MT";"DEL06-MT";"UOP03-DEL06-MT"
499373;2023-01-15;"domingo";"17:20:00";"SP";116;105;"TAUBATE";"Ausência de reação do condutor";"Colisão lateral mesmo sentido";"Com Vítimas Feridas";"Pleno dia";"Crescente";"Nublado";"Dupla";"Reta";"Sim";3;0;2;0;1;0;2;2;-23,00757973;-45,51466613;"SPRF-SP";"DEL02-SP";"UOP02-DEL02-SP"
499376;2023-01-15;"domingo";"18:00:00";"RJ";116;125;"MAGE";"Reação tardia ou ineficiente do condutor";"Colisão traseira";"Sem Vítimas";"Pleno dia";"Crescente";"Céu Claro";"Dupla";"Reta;Declive";"Sim";2;0;0;0;2;0;0;2;-22,65156898;-43,07769901;"SPRF-RJ";"DEL04-RJ";"UOP02-DEL04-RJ"