"id";"data_inversa";"dia_semana";"horario";"uf";"br";"km";"municipio";"causa_acidente";"tipo_acidente";"classificacao_acidente";"fase_dia";"sentido_via";"condicao_metereologica";"tipo_pista";"tracado_via";"uso_solo";"pessoas";"mortos";"feridos_leves";"feridos_graves";"ilesos";"ignorados";"feridos";"veiculos";"latitude";"longitude";"regional";"delegacia";"uop"
499620;2023-01-16;"segunda-feira";"18:45:00";"SC";282;220;"LAGES";"Ausência de reação do condutor";"Colisão traseira";"Com Vítimas Feridas";"Anoitecer";"Crescente";"Nublado";"Simples";"Reta";"Sim";2;0;1;0;1;0;1;2;-27,794014;-50,33363;"SPRF-SC";"DEL05-SC";"UOP01-DEL05-SC"
499621;2023-01-16;"segunda-feira";"21:20:00";"SP";116;152;"SAO JOSE DOS CAMPOS";"Avarias e/ou desgaste excessivo no pneu";"Tombamento";"Com Vítimas Feridas";"Plena Noite";"Crescente";"Céu Claro";"Dupla";"Reta";"Não";2;0;2;0;0;0;2;1;-23,22620401;-45,90682999;"SPRF-SP";"DEL02-SP";"UOP01-DEL02-SP"
499625;2023-01-16;"segunda-feira";"18:15:00";"PR";153;317;"IMBITUVA";"Avarias e/ou desgaste excessivo no pneu";"Queda de ocupante de veículo";"Com Vítimas Feridas";"Pleno dia";"Crescente";"Nublado";"Simples";"Reta";"Não";2;0;2;0;0;0;2;1;-25,34884796;-50,63467869;"SPRF-PR";"DEL08-PR";"UOP02-DEL08-PR"
499626;2023-01-16;"segunda-feira";"22:20:00";"SC";280;126;"RIO NEGRINHO";"Ausência de reação do condutor";"Colisão traseira";"Com Vítimas Feridas";"Plena Noite";"Decrescente";"Nublado";"Simples";"Reta";"Sim";2;0;1;0;1;0;1;2;-26,23779604;-49,49427399;"SPRF-SC";"DEL06-SC";"UOP03-DEL06-SC"
499627;2023-01-16;"segunda-feira";"22:15:00";"GO";153;615;"MORRINHOS";"Condutor Dormindo";"Saída de leito carroçável";"Com Vítimas Feridas";"Plena Noite";"Crescente";"Nublado";"Dupla";"Reta";"Não";5;0;5;0;0;0;5;1;-17,6437;-49,1736;"SPRF-GO";"DEL03-GO";"UOP01-DEL03-GO"
499628;2023-01-16;"segunda-feira";"22:40:00";"PB";230;85;"BAYEUX";"Ausência de reação do condutor";"Saída de leito carroçável";"Sem Vítimas";"Plena Noite";"Crescente";"Céu Claro";"Dupla";"Reta";"Sim";4;0;0;0;4;0;0;1;-7,14977142;-34,91192369;"SPRF-PB";"DEL01-PB";"UOP03-DEL01-PB"
499630;2023-01-16;"segunda-feira";"23:00:00";"PR";376;168;"MARINGA";"Avarias e/ou desgaste excessivo no pneu";"Tombamento";"Com Vítimas Feridas";"Plena Noite";"Decrescente";"Céu Claro";"Dupla";"Reta;Aclive";"Não";1;0;1;0;0;0;1;1;-23,409788;-51,987453;"SPRF-PR";"DEL09-PR";"UOP01-DEL09-PR"
499632;2023-01-16;"segunda-feira";"18:45:00";"PR";277;514,3;"GUARANIACU";"Avarias e/ou desgaste excessivo no pneu";"Saída de leito carroçável";"Com Vítimas Feridas";"Anoitecer";"Crescente";"Nublado";"Simples";"Reta";"Não";1;0;0;1;0;0;1;1;-25,12139149;-52,79564198;"SPRF-PR";"DEL04-PR";"UOP04-DEL04-PR"
499633;2023-01-16;"segunda-feira";"22:50:00";"BA";101;747,5;"ITABELA";"Transitar na contramão";"Colisão frontal";"Com Vítimas Feridas";"Plena Noite";"Crescente";"Céu Claro";"Simples";"Reta";"Não";5;0;0;1;4;0;1;2;-16,744017;-39,454727;"SPRF-BA";"DEL09-BA";"UOP01-DEL09-BA"
499636;2023-01-16;"segunda-feira";"14:00:00";"SC";470;176,9;"POUSO REDONDO";"Acessar a via sem observar a presença dos outros veículos";"Colisão transversal";"Com Vítimas Feridas";"Pleno dia";"Crescente";"Céu Claro";"Simples";"Rotatória";"Sim";2;0;0;1;1;0;1;2;-27,25086808;-49,95951176;"SPRF-SC";"DEL04-SC";"UOP02-DEL04-SC"
499638;2023-01-16;"segunda-feira";"23:00:00";"ES";262;33;"DOMINGOS MARTINS";"Reação tardia ou ineficiente do condutor";"Colisão com objeto";"Sem Vítimas";"Plena Noite";"Crescente";"Nublado";"Simples";"Aclive";"Não";1;0;0;0;1;0;0;1;-20,37535106;-40,58433127;"SPRF-ES";"DEL01-ES";"UOP01-DEL01-ES"
499639;2023-01-16;"segunda-feira";"18:30:00";"PI";343;548,6;"FRANCISCO AYRES";"Animais na Pista";"Atropelamento de Animal";"Com Vítimas Feridas";"Plena Noite";"Crescente";"Céu Claro";"Simples";"Reta";"Não";2;0;1;0;1;0;1;1;-6,60237062;-42,81157494;"SPRF-PI";"DEL03-PI";"UOP01-DEL03-PI"
499640;2023-01-16;"segunda-feira";"22:25:00";"BA";110;7;"PAULO AFONSO";"Animais na Pista";"Atropelamento de Animal";"Com Vítimas Feridas";"Plena Noite";"Decrescente";"Céu Claro";"Simples";"Aclive";"Não";6;0;0;6;0;0;6;1;-9,51447403;-38,21809076;"SPRF-BA";"DEL07-BA";"UOP01-DEL07-BA"
499641;2023-01-16;"segunda-feira";"23:10:00";"MG";116;553,5;"SANTA BARBARA DO LESTE";"Ausência de reação do condutor";"Saída de leito carroçável";"Com Vítimas Feridas";"Plena Noite";"Crescente";"Garoa/Chuvisco";"Simples";"Reta";"Não";1;0;0;1;0;0;1;1;-19,99361802;-42,14392077;"SPRF-MG";"DEL06-MG";"UOP02-DEL06-MG"
499642;2023-01-17;"terça-feira";"00:00:00";"PR";116;117;"CURITIBA";"Reação tardia ou ineficiente do condutor";"Colisão lateral mesmo sentido";"Com Vítimas Feridas";"Plena Noite";"Crescente";"Garoa/Chuvisco";"Múltipla";"Reta";"Sim";3;0;1;0;2;0;1;2;-25,54988723;-49,28248211;"SPRF-PR";"DEL01-PR";"UOP03-DEL01-PR"
499643;2023-01-16;"segunda-feira";"22:00:00";"RS";285;569;"SAO LUIZ GONZAGA";"Acessar a via sem observar a presença dos outros veículos";"Colisão transversal";"Com Vítimas Feridas";"Plena Noite";"Crescente";"Céu Claro";"Simples";"Reta;Interseção de Vias";"Não";2;0;1;0;0;1;1;2;-28,413052;-54,985699;"SPRF-RS";"DEL12-RS";"UOP01-DEL12-RS"
499652;2023-01-17;"terça-feira";"01:10:00";"GO";153;213;"URUACU";"Condutor Dormindo";"Saída de leito carroçável";"Com Vítimas Feridas";"Plena Noite";"Crescente";"Nublado";"Simples";"Interseção de Vias";"Não";16;0;10;6;0;0;16;1;-14,634578;-49,175987;"SPRF-GO";"DEL07-GO";"UOP02-DEL07-GO"
499653;2023-01-17;"terça-feira";"03:40:00";"SC";101;121,7;"ITAJAI";"Ausência de reação do condutor";"Tombamento";"Com Vítimas Feridas";"Plena Noite";"Decrescente";"Céu Claro";"Dupla";"Reta";"Sim";1;0;1;0;0;0;1;1;-26,9253606;-48,70668411;"SPRF-SC";"DEL04-SC";"UOP04-DEL04-SC"
499654;2023-01-17;"terça-feira";"03:15:00";"CE";116;15;"FORTALEZA";"Manobra de mudança de faixa";"Colisão lateral mesmo sentido";"Com Vítimas Feridas";"Plena Noite";"Crescente";"Céu Claro";"Dupla";"Reta";"Sim";2;0;0;1;0;1;1;2;-3,87839882;-38,50066893;"SPRF-CE";"DEL01-CE";"UOP02-DEL01-CE"
499657;2023-01-17;"terça-feira";"05:45:00";"SE";235;4;"NOSSA SENHORA DO SOCORRO";"Manobra de mudança de faixa";"Tombamento";"Com Vítimas Feridas";"Pleno dia";"Crescente";"Céu Claro";"Dupla";"Reta";"Não";2;0;0;1;1;0;1;1;-10,9064;-37,1197;"SPRF-SE";"DEL01-SE";"UOP01-DEL01-SE"
499658;2023-01-17;"terça-feira";"06:10:00";"MG";381;893,7;"CAMBUI";"Ausência de reação do condutor";"Saída de leito carroçável";"Com Vítimas Feridas";"Amanhecer";"Crescente";"Céu Claro";"Dupla";"Reta";"Não";5;0;5;0;0;0;5;1;-22,61659879;-46,0689412;"SPRF-MG";"DEL16-MG";"UOP03-DEL16-MG"
499662;2023-01-17;"terça-feira";"07:15:00";"MG";381;484;"BETIM";"Reação tardia ou ineficiente do condutor";"Colisão traseira";"Com Vítimas Feridas";"Amanhecer";"Crescente";"Céu Claro";"Múltipla";"Aclive";"Sim";2;0;1;0;1;0;1;2;-19,95531717;-44,11722196;"SPRF-MG";"DEL01-MG";"UOP03-DEL01-MG"
499668;2023-01-17;"terça-feira";"07:10:00";"PR";476;141;"CURITIBA";"Trafegar com motocicleta (ou similar) entre as faixas";"Colisão lateral mesmo sentido";"Com Vítimas Feridas";"Pleno dia";"Decrescente";"Nublado";"Dupla";"Reta";"Sim";2;0;1;0;1;0;1;2;-25,528614;-49,298798;"SPRF-PR";"DEL01-PR";"UOP03-DEL01-PR"
499669;2023-01-17;"terça-feira";"06:20:00";"RN";101;152;"GOIANINHA";"Condutor Dormindo";"Capotamento";"Com Vítimas Fatais";"Amanhecer";"Decrescente";"Céu Claro";"Dupla";"Reta";"Não";1;1;0;0;0;0;0;1;-6,30228615;-35,19185327;"SPRF-RN";"DEL01-RN";"UOP01-DEL01-RN"
499670;2023-01-17;"terça-feira";"06:00:00";"MS";163;6;"MUNDO NOVO";"Ausência de reação do condutor";"Colisão com objeto";"Sem Vítimas";"Pleno dia";"Crescente";"Céu Claro";"Simples";"Reta";"Não";1;0;0;0;1;0;0;1;-24,00271945;-54,31919575;"SPRF-MS";"DEL09-MS";"UOP02-DEL09-MS"
499671;2023-01-17;"terça-feira";"08:10:00";"RS";290;95;"PORTO ALEGRE";"Ausência de reação do condutor";"Engavetamento";"Com Vítimas Feridas";"Pleno dia";"Crescente";"Céu Claro";"Dupla";"Reta";"Sim";3;0;1;0;1;1;1;3;-29,982832;-51,201572;"SPRF-RS";"DEL01-RS";"UOP01-DEL01-RS"
499672;2023-01-17;"terça-feira";"07:50:00";"MG";381;482,1;"BETIM";"Condutor deixou de manter distância do veículo da frente";"Colisão traseira";"Com Vítimas Feridas";"Pleno dia";"Decrescente";"Sol";"Dupla";"Reta";"Sim";2;0;1;0;1;0;1;2;-19,9589287;-44,07178402;"SPRF-MG";"DEL01-MG";"UOP03-DEL01-MG"
499674;2023-01-17;"terça-feira";"08:30:00";"CE";222;3,1;"FORTALEZA";"Condutor deixou de manter distância do veículo da frente";"Colisão traseira";"Com Vítimas Feridas";"Pleno dia";"Decrescente";"Céu Claro";"Múltipla";"Declive;Reta;Viaduto";"Sim";2;0;1;0;1;0;1;2;-3,7403769;-38,59569202;"SPRF-CE";"DEL01-CE";"UOP01-DEL01-CE"
499676;2023-01-17;"terça-feira";"08:45:00";"SP";116;450;"REGISTRO";"Demais falhas mecânicas ou elétricas";"Queda de ocupante de veículo";"Com Vítimas Feridas";"Pleno dia";"Decrescente";"Céu Claro";"Simples";"Curva";"Não";1;0;0;1;0;0;1;1;-24,53728295;-47,85899314;"SPRF-SP";"DEL05-SP";"UOP01-DEL05-SP"
499677;2023-01-17;"terça-feira";"08:10:00";"SC";470;3;"NAVEGANTES";"Ausência de reação do condutor";"Colisão traseira";"Com Vítimas Feridas";"Pleno dia";"Decrescente";"Nublado";"Dupla";"Reta;Em Obras";"Sim";2;0;0;1;1;0;1;2;-26,861937;-48,681618;"SPRF-SC";"DEL04-SC";"UOP04-DEL04-SC"
499679;2023-01-17;"terça-feira";"08:35:00";"PI";316;12,1;"TERESINA";"Velocidade Incompatível";"Colisão com objeto";"Com Vítimas Feridas";"Pleno dia";"Decrescente";"Sol";"Múltipla";"Reta";"Não";2;0;2;0;0;0;2;1;-5,20064401;-42,75799889;"SPRF-PI";"DEL01-PI";"UOP02-DEL01-PI"
499680;2023-01-17;"terça-feira";"08:30:00";"PR";163;159;"LINDOESTE";"Manobra de mudança de faixa";"Colisão lateral mesmo sentido";"Sem Vítimas";"Pleno dia";"Decrescente";"Céu Claro";"Simples";"Reta";"Não";2;0;0;0;2;0;0;2;-25,34495402;-53,58666028;"SPRF-PR";"DEL05-PR";"UOP05-DEL05-PR"
499681;2023-01-17;"terça-feira";"09:10:00";"MG";116;703;"MURIAE";"Acessar a via sem observar a presença dos outros veículos";"Colisão transversal";"Com Vítimas Feridas";"Pleno dia";"Decrescente";"Céu Claro";"Simples";"Interseção de Vias";"Sim";4;0;0;2;2;0;2;2;-21,12483712;-42,38140225;"SPRF-MG";"DEL07-MG";"UOP02-DEL07-MG"
499683;2023-01-17;"terça-feira";"08:20:00";"SC";101;327;"CAPIVARI DE BAIXO";"Acumulo de areia ou detritos sobre o pavimento";"Queda de ocupante de veículo";"Com Vítimas Feridas";"Pleno dia";"Crescente";"Céu Claro";"Simples";"Interseção de Vias";"Sim";1;0;1;0;0;0;1;1;-28,439189;-48,962011;"SPRF-SC";"DEL02-SC";"UOP01-DEL02-SC"
499684;2023-01-17;"terça-feira";"08:50:00";"RJ";116;186;"NOVA IGUACU";"Ausência de reação do condutor";"Colisão lateral mesmo sentido";"Com Vítimas Feridas";"Pleno dia";"Decrescente";"Céu Claro";"Dupla";"Reta";"Sim";2;0;1;0;0;1;1;2;-22,73962339;-43,46276495;"SPRF-RJ";"DEL01-RJ";"UOP02-DEL01-RJ"
499686;2023-01-14;"sábado";"14:00:00";"SC";470;8;"NAVEGANTES";"Ingestão de álcool pelo condutor";"Colisão lateral sentido oposto";"Com Vítimas Feridas";"Pleno dia";"Decrescente";"Céu Claro";"Simples";"Interseção de Vias;Viaduto";"Não";5;0;2;0;3;0;2;2;-26,84026946;-48,7167263;"SPRF-SC";"DEL04-SC";"UOP04-DEL04-SC"
499688;2023-01-17;"terça-feira";"08:46:00";"PE";408;104;"JABOATAO DOS GUARARAPES";"Reação tardia ou ineficiente do condutor";"Engavetamento";"Sem Vítimas";"Pleno dia";"Crescente";"Céu Claro";"Dupla";"Reta";"Sim";2;0;0;0;2;0;0;2;-8,064443;-34,99006;"SPRF-PE";"DEL01-PE";"UOP01-DEL01-PE"
499692;2023-01-05;"quinta-feira";"17:30:00";"CE";20;136,8;"TAUA";"Demais falhas na via";"Colisão traseira";"Com Vítimas Feridas";"Pleno dia";"Crescente";"Céu Claro";"Simples";"Reta";"Não";3;0;2;0;1;0;2;2;-5,59110308;-40,09534887;"SPRF-CE";"DEL02-CE";"UOP02-DEL02-CE"
499693;2023-01-17;"terça-feira";"10:00:00";"MG";262;484;"BETIM";"Reação tardia ou ineficiente do condutor";"Engavetamento";"Sem Vítimas";"Pleno dia";"Crescente";"Sol";"Múltipla";"Reta;Aclive";"Sim";6;0;0;0;6;0;0;4;-19,9579361;-44,0914259;"SPRF-MG";"DEL08-MG";"UOP03-DEL08-MG"
499695;2023-01-17;"terça-feira";"07:27:00";"ES";393;0,5;"CACHOEIRO DE ITAPEMIRIM";"Acessar a via sem observar a presença dos outros veículos";"Colisão transversal";"Com Vítimas Feridas";"Pleno dia";"Crescente";"Céu Claro";"Simples";"Reta;Aclive";"Sim";3;0;3;0;0;0;3;2;-20,841324;-41,15929;"SPRF-ES";"DEL03-ES";"UOP02-DEL03-ES"
499697;2023-01-14;"sábado";"00:20:00";"RJ";116;182;"NOVA IGUACU";"Demais falhas mecânicas ou elétricas";"Incêndio";"Sem Vítimas";"Plena Noite";"Crescente";"Céu Claro";"Dupla";"Reta";"Não";1;0;0;0;1;0;0;1;-22,7567755;-43,43107234;"SPRF-RJ";"DEL01-RJ";"UOP02-DEL01-RJ"
499702;2023-01-17;"terça-feira";"05:30:00";"MT";163;1005;"TERRA NOVA DO NORTE";"Animais na Pista";"Atropelamento de Animal";"Com Vítimas Feridas";"Amanhecer";"Decrescente";"Céu Claro";"Simples";"Reta";"Não";1;0;0;1;0;0;1;1;-10,57934799;-55,09216633;"SPRF-MT";"DEL06-MT";"UOP03-DEL06-MT"
499704;2023-01-15;"domingo";"11:45:00";"RJ";116;229,9;"PIRAI";"Ausência de reação do condutor";"Queda de ocupante de veículo";"Com Vítimas Feridas";"Pleno dia";"Decrescente";"Céu Claro";"Simples";"Curva";"Não";1;0;1;0;0;0;1;1;-22,65646622;-43,82206692;"SPRF-RJ";"DEL07-RJ";"UOP01-DEL07-RJ"
499708;2023-01-17;"terça-feira";"07:30:00";"BA";30;1;"BRUMADO";"Condutor deixou de manter distância do veículo da frente";"Colisão frontal";"Com Vítimas Feridas";"Pleno dia";"Crescente";"Céu Claro";"Simples";"Reta";"Não";14;0;5;0;9;0;5;4;-14,227962;-41,703894;"SPRF-BA";"DEL08-BA";"UOP01-DEL08-BA"
499715;2023-01-17;"terça-feira";"13:15:00";"CE";116;505;"BREJO SANTO";"Condutor deixou de manter distância do veículo da frente";"Colisão traseira";"Com Vítimas Feridas";"Pleno dia";"Decrescente";"Céu Claro";"Simples";"Reta";"Sim";3;0;2;0;1;0;2;2;-7,48840721;-38,98392298;"SPRF-CE";"DEL05-CE";"UOP03-DEL05-CE"
499718;2023-01-17;"terça-feira";"13:00:00";"BA";324;616;"SALVADOR";"Demais falhas mecânicas ou elétricas";"Incêndio";"Sem Vítimas";"Pleno dia";"Decrescente";"Céu Claro";"Múltipla";"Reta";"Sim";1;0;0;0;1;0;0;1;-12,87957905;-38,43213893;"SPRF-BA";"DEL01-BA";"UOP01-DEL01-BA"
499719;2023-01-17;"terça-feira";"12:45:00";"SC";470;59;"BLUMENAU";"Demais falhas na via";"Saída de leito carroçável";"Sem Vítimas";"Pleno dia";"Crescente";"Céu Claro";"Simples";"Reta";"Sim";1;0;0;0;1;0;0;1;-26,882812;-49,1548;"SPRF-SC";"DEL04-SC";"UOP01-DEL04-SC"
499723;2023-01-17;"terça-feira";"12:30:00";"PE";101;68;"RECIFE";"Pista Escorregadia";"Colisão traseira";"Com Vítimas Feridas";"Pleno dia";"Decrescente";"Chuva";"Dupla";"Reta;Rotatória";"Sim";3;0;2;0;1;0;2;2;-8,05074296;-34,94580619;"SPRF-PE";"DEL01-PE";"UOP01-DEL01-PE"
499726;2023-01-17;"terça-feira";"08:45:00";"RJ";101;325;"NITEROI";"Ausência de reação do condutor";"Queda de ocupante de veículo";"Com Vítimas Feridas";"Pleno dia";"Crescente";"Céu Claro";"Dupla";"Reta";"Não";1;0;1;0;0;0;1;1;-22,87292569;-43,13625699;"SPRF-RJ";"DEL02-RJ";"UOP01-DEL02-RJ"
499727;2023-01-17;"terça-feira";"13:19:00";"MA";316;552;"CAXIAS";"Demais falhas mecânicas ou elétricas";"Incêndio";"Sem Vítimas";"Pleno dia";"Decrescente";"Céu Claro";"Dupla";"Reta";"Sim";5;0;0;0;5;0;0;1;-4,882649;-43,345581;"SPRF-MA";"DEL03-MA";"UOP02-DEL03-MA"
499728;2023-01-17;"terça-feira";"10:00:00";"SC";101;412,5;"ARARANGUA";"Reação tardia ou ineficiente do condutor";"Colisão traseira";"Sem Vítimas";"Pleno dia";"Decrescente";"Nublado";"Simples";"Rotatória";"Sim";2;0;0;0;2;0;0;2;-28,9584525;-49,51439917;"SPRF-SC";"DEL02-SC";"UOP02-DEL02-SC"
499729;2023-01-02;"segunda-feira";"09:30:00";"PA";163;567,6;"TRAIRAO";"Velocidade Incompatível";"Queda de ocupante de veículo";"Com Vítimas Feridas";"Pleno dia";"Crescente";"Ignorado";"Simples";"Reta";"Não";2;0;1;0;1;0;1;1;-5,069905;-56,15662;"SPRF-PA";"DEL05-PA";"UOP01-DEL05-PA"
499731;2023-01-17;"terça-feira";"08:45:00";"MG";262;454,8;"NOVA SERRANA";"Reação tardia ou ineficiente do condutor";"Tombamento";"Com Vítimas Feridas";"Pleno dia";"Decrescente";"Céu Claro";"Simples";"Reta;Aclive";"Não";1;0;1;0;0;0;1;1;-19,85274128;-45,02424211;"SPRF-MG";"DEL08-MG";"UOP03-DEL08-MG"
499732;2023-01-17;"terça-feira";"15:10:00";"MG";40;43,4;"PARACATU";"Reação tardia ou ineficiente do condutor";"Colisão transversal";"Com Vítimas Feridas";"Pleno dia";"Crescente";"Céu Claro";"Simples";"Reta;Interseção de Vias";"Não";2;0;1;0;1;0;1;2;-17,22598002;-46,86163701;"SPRF-MG";"DEL14-MG";"UOP01-DEL14-MG"
499733;2023-01-17;"terça-feira";"13:51:00";"PE";316;66,5;"TRINDADE";"Animais na Pista";"Atropelamento de Animal";"Com Vítimas Feridas";"Pleno dia";"Crescente";"Sol";"Simples";"Declive;Reta";"Não";1;0;0;1;0;0;1;1;-7,796262;-40,199708;"SPRF-PE";"DEL05-PE";"UOP02-DEL05-PE"
499734;2023-01-17;"terça-feira";"12:40:00";"RJ";101;325;"NITEROI";"Reação tardia ou ineficiente do condutor";"Tombamento";"Com Vítimas Feridas";"Pleno dia";"Decrescente";"Céu Claro";"Dupla";"Declive;Ponte;Reta";"Sim";2;0;2;0;0;0;2;2;-22,87292569;-43,13625699;"SPRF-RJ";"DEL02-RJ";"UOP01-DEL02-RJ"
499737;2023-01-17;"terça-feira";"14:35:00";"BA";324;543;"AMELIA RODRIGUES";"Ultrapassagem Indevida";"Colisão traseira";"Sem Vítimas";"Pleno dia";"Crescente";"Nublado";"Dupla";"Reta";"Sim";3;0;0;0;1;2;0;2;-12,39713005;-38,76807002;"SPRF-BA";"DEL01-BA";"UOP03-DEL01-BA"
499738;2023-01-17;"terça-feira";"14:40:00";"MT";163;807,4;"SINOP";"Ultrapassagem Indevida";"Saída de leito carroçável";"Com Vítimas Feridas";"Pleno dia";"Decrescente";"Sol";"Simples";"Reta";"Não";1;0;1;0;0;0;1;1;-12,10812328;-55,51715495;"SPRF-MT";"DEL06-MT";"NPF/DEL06-MT"
499740;2023-01-17;"terça-feira";"15:38:00";"PR";116;209;"RIO NEGRO";"Objeto estático sobre o leito carroçável";"Colisão com objeto";"Com Vítimas Feridas";"Pleno dia";"Decrescente";"Nublado";"Simples";"Curva";"Sim";1;0;1;0;0;0;1;1;-26,07620916;-49,75230908;"SPRF-SC";"DEL06-SC";"UOP01-DEL06-SC"
499741;2023-01-17;"terça-feira";"15:50:00";"GO";60;384;"RIO VERDE";"Reação tardia ou ineficiente do condutor";"Colisão traseira";"Sem Vítimas";"Pleno dia";"Crescente";"Céu Claro";"Dupla";"Reta";"Sim";6;0;0;0;6;0;0;2;-17,7906;-50,9071;"SPRF-GO";"DEL04-GO";"UOP02-DEL04-GO"
499744;2023-01-17;"terça-feira";"13:00:00";"BA";324;407;"NOVA FATIMA";"Transitar na contramão";"Colisão frontal";"Com Vítimas Feridas";"Pleno dia";"Crescente";"Céu Claro";"Simples";"Reta";"Não";2;0;2;0;0;0;2;2;-11,62418733;-39,61203931;"SPRF-BA";"DEL04-BA";"UOP02-DEL04-BA"
499746;2023-01-17;"terça-feira";"16:00:00";"BA";242;572;"IBOTIRAMA";"Chuva";"Saída de leito carroçável";"Com Vítimas Feridas";"Pleno dia";"Crescente";"Chuva";"Simples";"Curva";"Não";1;0;1;0;0;0;1;1;-12,08823902;-43,15744579;"SPRF-BA";"DEL10-BA";"UOP02-DEL10-BA"
499750;2023-01-17;"terça-feira";"13:30:00";"SP";101;47;"UBATUBA";"Reação tardia ou ineficiente do condutor";"Queda de ocupante de veículo";"Com Vítimas Feridas";"Pleno dia";"Decrescente";"Céu Claro";"Simples";"Rotatória";"Sim";1;0;1;0;0;0;1;1;-23,429897;-45,082436;"SPRF-SP";"DEL06-SP";"UOP01-DEL06-SP"
499751;2023-01-17;"terça-feira";"17:15:00";"PE";101;74;"RECIFE";"Ausência de reação do condutor";"Colisão traseira";"Com Vítimas Feridas";"Pleno dia";"Crescente";"Céu Claro";"Dupla";"Reta";"Sim";4;0;2;0;2;0;2;2;-8,10146485;-34,94901577;"SPRF-PE";"DEL01-PE";"UOP01-DEL01-PE"
499752;2023-01-17;"terça-feira";"17:20:00";"ES";393;7,8;"CACHOEIRO DE ITAPEMIRIM";"Ausência de reação do condutor";"Colisão frontal";"Com Vítimas Feridas";"Pleno dia";"Crescente";"Céu Claro";"Simples";"Reta";"Não";8;0;6;1;1;0;7;2;-20,83131413;-41,22312386;"SPRF-ES";"DEL03-ES";"UOP02-DEL03-ES"
499754;2023-01-17;"terça-feira";"17:15:00";"PE";101;58;"RECIFE";"Pista Escorregadia";"Tombamento";"Com Vítimas Feridas";"Pleno dia";"Decrescente";"Chuva";"Dupla";"Reta";"Não";1;0;0;1;0;0;1;1;-7,97063209;-34,92064675;"SPRF-PE";"DEL01-PE";"UOP02-DEL01-PE"
499755;2023-01-17;"terça-feira";"15:50:00";"RJ";116;309;"RESENDE";"Desrespeitar a preferência no cruzamento";"Colisão transversal";"Com Vítimas Feridas";"Pleno dia";"Crescente";"Céu Claro";"Dupla";"Reta";"Sim";2;0;0;1;0;1;1;2;-22,45824255;-44,42765951;"SPRF-RJ";"DEL07-RJ";"UOP02-DEL07-RJ"
499757;2023-01-17;"terça-feira";"17:00:00";"PR";369;148,8;"LONDRINA";"Entrada inopinada do pedestre";"Atropelamento de Pedestre";"Com Vítimas Feridas";"Pleno dia";"Decrescente";"Céu Claro";"Dupla";"Interseção de Vias;Reta";"Sim";2;0;1;1;0;0;2;2;-23,293365;-51,147125;"SPRF-PR";"DEL07-PR";"UOP01-DEL07-PR"
499758;2023-01-17;"terça-feira";"14:40:00";"MG";262;30,3;"REDUTO";"Transitar na contramão";"Colisão frontal";"Com Vítimas Feridas";"Pleno dia";"Decrescente";"Céu Claro";"Simples";"Declive;Reta";"Não";2;0;1;0;0;1;1;2;-20,25053259;-41,98730227;"SPRF-MG";"DEL06-MG";"UOP03-DEL06-MG"
499760;2023-01-17;"terça-feira";"16:45:00";"PR";116;39,3;"CAMPINA GRANDE DO SUL";"Ausência de reação do condutor";"Capotamento";"Com Vítimas Feridas";"Pleno dia";"Crescente";"Garoa/Chuvisco";"Dupla";"Curva";"Não";3;0;2;0;1;0;2;1;-25,156168;-48,8613401;"SPRF-PR";"DEL01-PR";"UOP02-DEL01-PR"
499762;2023-01-17;"terça-feira";"17:30:00";"SC";101;193;"BIGUACU";"Velocidade Incompatível";"Colisão transversal";"Com Vítimas Feridas";"Pleno dia";"Decrescente";"Nublado";"Múltipla";"Interseção de Vias";"Sim";2;0;0;1;1;0;1;2;-27,489574;-48,655914;"SPRF-SC";"DEL01-SC";"UOP01-DEL01-SC"
499763;2023-01-17;"terça-feira";"16:40:00";"CE";222;132;"ITAPAJE";"Mal súbito do condutor";"Saída de leito carroçável";"Com Vítimas Feridas";"Pleno dia";"Crescente";"Céu Claro";"Simples";"Curva";"Não";3;0;3;0;0;0;3;1;-3,72379272;-39,64384954;"SPRF-CE";"DEL04-CE";"UOP03-DEL04-CE"
499764;2023-01-17;"terça-feira";"15:40:00";"SC";280;237,5;"CANOINHAS";"Velocidade Incompatível";"Saída de leito carroçável";"Com Vítimas Feridas";"Pleno dia";"Decrescente";"Nublado";"Simples";"Curva";"Não";1;0;1;0;0;0;1;1;-26,20007512;-50,43278217;"SPRF-SC";"DEL06-SC";"UOP04-DEL06-SC"
499765;2023-01-17;"terça-feira";"18:05:00";"SP";116;112,1;"TAUBATE";"Acessar a via sem observar a presença dos outros veículos";"Colisão transversal";"Com Vítimas Feridas";"Anoitecer";"Crescente";"Nublado";"Dupla";"Reta";"Sim";2;0;1;1;0;0;2;2;-23,04159343;-45,57065616;"SPRF-SP";"DEL02-SP";"UOP02-DEL02-SP"
499767;2023-01-17;"terça-feira";"17:10:00";"PI";230;304,6;"FLORIANO";"Reação tardia ou ineficiente do condutor";"Saída de leito carroçável";"Com Vítimas Feridas";"Pleno dia";"Crescente";"Céu Claro";"Simples";"Reta";"Não";1;0;1;0;0;0;1;1;-6,801861;-42,970663;"SPRF-PI";"DEL03-PI";"UOP01-DEL03-PI"
499768;2023-01-17;"terça-feira";"17:33:00";"RN";101;73;"SAO GONCALO DO AMARANTE";"Acessar a via sem observar a presença dos outros veículos";"Colisão transversal";"Com Vítimas Feridas";"Anoitecer";"Crescente";"Chuva";"Simples";"Interseção de Vias;Reta";"Não";2;0;1;0;1;0;1;2;-5,70472907;-35,26598454;"SPRF-RN";"DEL02-RN";"UOP01-DEL02-RN"