"id";"data_inversa";"dia_semana";"horario";"uf";"br";"km";"municipio";"causa_acidente";"tipo_acidente";"classificacao_acidente";"fase_dia";"sentido_via";"condicao_metereologica";"tipo_pista";"tracado_via";"uso_solo";"pessoas";"mortos";"feridos_leves";"feridos_graves";"ilesos";"ignorados";"feridos";"veiculos";"latitude";"longitude";"regional";"delegacia";"uop"
499770;2023-01-17;"terça-feira";"11:15:00";"SC";480;129,2;"CHAPECO";"Pedestre cruzava a pista fora da faixa";"Atropelamento de Pedestre";"Com Vítimas Feridas";"Pleno dia";"Decrescente";"Nublado";"Simples";"Reta";"Sim";2;0;0;1;1;0;1;2;-27,04656607;-52,63577131;"SPRF-SC";"DEL07-SC";"UOP01-DEL07-SC"
499771;2023-01-17;"terça-feira";"18:04:00";"PR";116;210,9;"RIO NEGRO";"Desrespeitar a preferência no cruzamento";"Colisão transversal";"Com Vítimas Feridas";"Anoitecer";"Crescente";"Chuva";"Simples";"Interseção de Vias;Reta";"Sim";2;0;0;1;1;0;1;2;-26,07479435;-49,76117178;"SPRF-SC";"DEL06-SC";"UOP01-DEL06-SC"
499773;2023-01-17;"terça-feira";"18:20:00";"BA";20;17,5;"CORRENTINA";"Condutor deixou de manter distância do veículo da frente";"Colisão traseira";"Com Vítimas Feridas";"Anoitecer";"Crescente";"Céu Claro";"Simples";"Reta";"Não";3;0;1;0;2;0;1;3;-13,80084504;-46,16442204;"SPRF-BA";"DEL10-BA";"UOP01-DEL10-BA"
499774;2023-01-17;"terça-feira";"18:10:00";"RS";470;165,5;"VILA FLORES";"Reação tardia ou ineficiente do condutor";"Saída de leito carroçável";"Com Vítimas Feridas";"Pleno dia";"Crescente";"Garoa/Chuvisco";"Simples";"Declive;Reta";"Não";1;0;1;0;0;0;1;1;-28,848196;-51,57012463;"SPRF-RS";"DEL06-RS";"UOP02-DEL06-RS"
499775;2023-01-17;"terça-feira";"17:40:00";"PR";376;624;"SAO JOSE DOS PINHAIS";"Avarias e/ou desgaste excessivo no pneu";"Queda de ocupante de veículo";"Com Vítimas Feridas";"Pleno dia";"Crescente";"Garoa/Chuvisco";"Dupla";"Reta";"Não";1;0;1;0;0;0;1;1;-25,64336599;-49,15942795;"SPRF-PR";"DEL01-PR";"UOP04-DEL01-PR"
499776;2023-01-17;"terça-feira";"17:40:00";"SP";116;26,5;"SILVEIRAS";"Reação tardia ou ineficiente do condutor";"Colisão com objeto";"Com Vítimas Feridas";"Pleno dia";"Crescente";"Chuva";"Dupla";"Reta";"Não";1;0;1;0;0;0;1;1;-22,61419397;-44,90005302;"SPRF-SP";"DEL08-SP";"UOP02-DEL08-SP"
499777;2023-01-17;"terça-feira";"18:13:00";"RO";364;236,5;"CACOAL";"Acessar a via sem observar a presença dos outros veículos";"Colisão transversal";"Com Vítimas Feridas";"Anoitecer";"Crescente";"Chuva";"Simples";"Interseção de Vias";"Sim";2;0;0;1;1;0;1;2;-11,44587672;-61,43784993;"SPRF-RO";"DEL02-RO";"UOP02-DEL02-RO"
499778;2023-01-17;"terça-feira";"17:00:00";"RJ";393;281;"VOLTA REDONDA";"Ausência de reação do condutor";"Colisão traseira";"Sem Vítimas";"Pleno dia";"Decrescente";"Céu Claro";"Simples";"Reta";"Sim";5;0;0;0;5;0;0;3;-22,48025569;-44,02974901;"SPRF-RJ";"DEL05-RJ";"UOP04-DEL05-RJ"
499779;2023-01-17;"terça-feira";"19:05:00";"SC";470;54,1;"BLUMENAU";"Conversão proibida";"Colisão transversal";"Com Vítimas Feridas";"Anoitecer";"Crescente";"Nublado";"Simples";"Curva";"Sim";2;0;1;0;1;0;1;2;-26,871065;-49,110374;"SPRF-SC";"DEL04-SC";"UOP01-DEL04-SC"
499781;2023-01-17;"terça-feira";"15:40:00";"SC";101;281,3;"IMBITUBA";"Ausência de reação do condutor";"Colisão com objeto";"Com Vítimas Feridas";"Pleno dia";"Crescente";"Nublado";"Dupla";"Reta";"Não";2;0;1;0;0;1;1;2;-28,18793595;-48,69652041;"SPRF-SC";"DEL02-SC";"UOP03-DEL02-SC"
499783;2023-01-17;"terça-feira";"19:40:00";"MG";365;753;"ITUIUTABA";"Objeto estático sobre o leito carroçável";"Colisão com objeto";"Com Vítimas Feridas";"Plena Noite";"Crescente";"Nublado";"Dupla";"Curva";"Sim";1;0;1;0;0;0;1;1;-18,947495;-49,45934;"SPRF-MG";"DEL15-MG";"UOP03-DEL15-MG"
499784;2023-01-17;"terça-feira";"09:46:00";"MS";463;111;"PONTA PORA";"Entrada inopinada do pedestre";"Atropelamento de Pedestre";"Com Vítimas Feridas";"Pleno dia";"Crescente";"Céu Claro";"Dupla";"Reta";"Sim";2;0;2;0;0;0;2;2;-22,56456096;-55,69739789;"SPRF-MS";"DEL04-MS";"UOP03-DEL04-MS"
499786;2023-01-17;"terça-feira";"17:20:00";"ES";262;148,8;"IBATIBA";"Chuva";"Colisão lateral sentido oposto";"Com Vítimas Feridas";"Pleno dia";"Crescente";"Chuva";"Simples";"Reta;Declive";"Não";3;0;2;0;1;0;2;2;-20,21477309;-41,42392501;"SPRF-ES";"DEL01-ES";"UOP02-DEL01-ES"
499787;2023-01-17;"terça-feira";"19:10:00";"MG";116;114,2;"ITAOBIM";"Pedestre cruzava a pista fora da faixa";"Atropelamento de Pedestre";"Com Vítimas Feridas";"Plena Noite";"Decrescente";"Céu Claro";"Simples";"Declive";"Sim";2;0;0;1;1;0;1;2;-16,54781518;-41,50243329;"SPRF-MG";"DEL11-MG";"UOP02-DEL11-MG"
499789;2023-01-17;"terça-feira";"19:20:00";"ES";101;60;"SAO MATEUS";"Acessar a via sem observar a presença dos outros veículos";"Colisão transversal";"Sem Vítimas";"Plena Noite";"Decrescente";"Céu Claro";"Simples";"Reta;Interseção de Vias";"Não";4;0;0;0;4;0;0;2;-18,67286757;-39,86626189;"SPRF-ES";"DEL04-ES";"UOP02-DEL04-ES"
499790;2023-01-17;"terça-feira";"20:15:00";"RN";110;45,3;"MOSSORO";"Ausência de reação do condutor";"Tombamento";"Com Vítimas Feridas";"Plena Noite";"Crescente";"Chuva";"Simples";"Reta";"Sim";1;0;1;0;0;0;1;1;-5,19257993;-37,31114905;"SPRF-RN";"DEL04-RN";"UOP01-DEL04-RN"
499793;2023-01-17;"terça-feira";"20:10:00";"PI";343;347;"TERESINA";"Acessar a via sem observar a presença dos outros veículos";"Atropelamento de Pedestre";"Com Vítimas Fatais";"Plena Noite";"Decrescente";"Chuva";"Simples";"Reta";"Sim";2;1;0;0;0;1;0;2;-5,114822;-42,778355;"SPRF-PI";"DEL01-PI";"UOP01-DEL01-PI"
499794;2023-01-17;"terça-feira";"20:50:00";"GO";153;506;"APARECIDA DE GOIANIA";"Reação tardia ou ineficiente do condutor";"Colisão com objeto";"Com Vítimas Feridas";"Plena Noite";"Decrescente";"Nublado";"Dupla";"Aclive";"Sim";1;0;1;0;0;0;1;1;-16,7633;-49,24;"SPRF-GO";"DEL01-GO";"UOP01-DEL01-GO"
499796;2023-01-17;"terça-feira";"21:00:00";"PE";101;53,7;"PAULISTA";"Acessar a via sem observar a presença dos outros veículos";"Atropelamento de Pedestre";"Com Vítimas Feridas";"Plena Noite";"Crescente";"Chuva";"Múltipla";"Reta";"Não";2;0;2;0;0;0;2;2;-7,93124094;-34,90068606;"SPRF-PE";"DEL01-PE";"UOP02-DEL01-PE"
499798;2023-01-17;"terça-feira";"20:55:00";"PE";101;53,7;"PAULISTA";"Condutor deixou de manter distância do veículo da frente";"Colisão traseira";"Com Vítimas Feridas";"Plena Noite";"Crescente";"Chuva";"Múltipla";"Reta";"Não";2;0;1;0;1;0;1;2;-7,93124094;-34,90068606;"SPRF-PE";"DEL01-PE";"UOP02-DEL01-PE"
499799;2023-01-17;"terça-feira";"21:20:00";"RJ";101;316;"SAO GONCALO";"Acumulo de areia ou detritos sobre o pavimento";"Queda de ocupante de veículo";"Com Vítimas Feridas";"Plena Noite";"Crescente";"Céu Claro";"Dupla";"Reta";"Não";2;0;2;0;0;0;2;1;-22,82835879;-43,09208739;"SPRF-RJ";"DEL02-RJ";"UOP02-DEL02-RJ"
499800;2023-01-17;"terça-feira";"21:45:00";"PE";232;81;"GRAVATA";"Ingestão de álcool pelo condutor";"Colisão transversal";"Com Vítimas Feridas";"Plena Noite";"Crescente";"Céu Claro";"Múltipla";"Reta";"Sim";2;0;2;0;0;0;2;2;-8,19697746;-35,57850408;"SPRF-PE";"DEL02-PE";"UOP02-DEL02PE"
499803;2023-01-05;"quinta-feira";"17:40:00";"MG";262;124;"RIO CASCA";"Pista esburacada";"Colisão traseira";"Com Vítimas Feridas";"Anoitecer";"Decrescente";"Nublado";"Simples";"Reta";"Não";3;0;1;1;1;0;2;2;-20,2011708;-42,67925669;"SPRF-MG";"DEL03-MG";"UOP03-DEL03-MG"
499807;2023-01-17;"terça-feira";"22:20:00";"PR";116;116;"CURITIBA";"Pedestre cruzava a pista fora da faixa";"Atropelamento de Pedestre";"Com Vítimas Feridas";"Plena Noite";"Crescente";"Chuva";"Múltipla";"Reta";"Sim";2;0;2;0;0;0;2;2;-25,54857573;-49,30457532;"SPRF-PR";"DEL01-PR";"UOP03-DEL01-PR"
499808;2023-01-17;"terça-feira";"22:35:00";"SP";116;129,4;"CACAPAVA";"Reação tardia ou ineficiente do condutor";"Colisão traseira";"Com Vítimas Feridas";"Plena Noite";"Decrescente";"Céu Claro";"Dupla";"Reta";"Sim";2;0;1;0;1;0;1;2;-23,11885593;-45,71948203;"SPRF-SP";"DEL02-SP";"UOP02-DEL02-SP"
499809;2023-01-17;"terça-feira";"21:40:00";"SP";116;312;"SAO LOURENCO DA SERRA";"Ausência de reação do condutor";"Colisão traseira";"Sem Vítimas";"Plena Noite";"Crescente";"Céu Claro";"Dupla";"Reta";"Não";2;0;0;0;2;0;0;2;-23,88342825;-46,97368879;"SPRF-SP";"DEL04-SP";"UOP01-DEL04-SP"
499811;2023-01-17;"terça-feira";"22:30:00";"MA";316;420;"PERITORO";"Pedestre andava na pista";"Atropelamento de Pedestre";"Com Vítimas Fatais";"Plena Noite";"Crescente";"Nublado";"Simples";"Reta";"Não";2;1;0;0;0;1;0;2;-4,351473;-44,371437;"SPRF-MA";"DEL03-MA";"UOP01-DEL03-MA"
499814;2023-01-17;"terça-feira";"23:15:00";"MG";262;40,1;"MANHUACU";"Pista esburacada";"Tombamento";"Com Vítimas Feridas";"Plena Noite";"Crescente";"Nublado";"Simples";"Reta;Aclive";"Não";1;0;1;0;0;0;1;1;-20,27334219;-42,04913988;"SPRF-MG";"DEL06-MG";"UOP03-DEL06-MG"
499815;2023-01-17;"terça-feira";"21:30:00";"RS";285;585;"SAO LUIZ GONZAGA";"Ausência de reação do condutor";"Capotamento";"Com Vítimas Feridas";"Plena Noite";"Crescente";"Céu Claro";"Simples";"Reta";"Não";4;0;1;0;3;0;1;1;-28,461426;-55,135197;"SPRF-RS";"DEL12-RS";"UOP01-DEL12-RS"
499816;2023-01-17;"terça-feira";"23:00:00";"SP";116;274;"TABOAO DA SERRA";"Reação tardia ou ineficiente do condutor";"Colisão traseira";"Com Vítimas Feridas";"Plena Noite";"Decrescente";"Céu Claro";"Dupla";"Reta";"Sim";3;0;2;0;1;0;2;2;-23,63445084;-46,82418514;"SPRF-SP";"DEL04-SP";"UOP01-DEL04-SP"
499817;2023-01-17;"terça-feira";"22:50:00";"MG";116;534,5;"SANTA RITA DE MINAS";"Objeto estático sobre o leito carroçável";"Colisão com objeto";"Com Vítimas Feridas";"Plena Noite";"Crescente";"Nublado";"Simples";"Curva";"Não";1;0;1;0;0;0;1;1;-19,85292504;-42,14058636;"SPRF-MG";"DEL06-MG";"UOP02-DEL06-MG"
499820;2023-01-18;"quarta-feira";"01:20:00";"MG";40;508,6;"RIBEIRAO DAS NEVES";"Reação tardia ou ineficiente do condutor";"Tombamento";"Com Vítimas Feridas";"Plena Noite";"Crescente";"Nublado";"Dupla";"Curva";"Sim";2;0;1;0;1;0;1;1;-19,763611;-44,131492;"SPRF-MG";"DEL02-MG";"UOP01-DEL02-MG"
499821;2023-01-18;"quarta-feira";"01:30:00";"BA";116;433,1;"FEIRA DE SANTANA";"Demais falhas mecânicas ou elétricas";"Incêndio";"Sem Vítimas";"Plena Noite";"Decrescente";"Céu Claro";"Dupla";"Reta";"Não";5;0;0;0;5;0;0;1;-12,3024;-39,040646;"SPRF-BA";"DEL02-BA";"UOP01-DEL02-BA"
499822;2023-01-18;"quarta-feira";"00:40:00";"RS";116;425,1;"CRISTAL";"Ingestão de álcool pelo condutor";"Colisão lateral sentido oposto";"Sem Vítimas";"Plena Noite";"Decrescente";"Nublado";"Simples";"Reta";"Não";4;0;0;0;4;0;0;2;-30,98193093;-52,02109003;"SPRF-RS";"DEL02-RS";"UOP02-DEL02-RS"
499825;2023-01-17;"terça-feira";"20:30:00";"BA";101;98;"ALAGOINHAS";"Falta de elemento de contenção que evite a saída do leito carroçável";"Saída de leito carroçável";"Com Vítimas Feridas";"Plena Noite";"Decrescente";"Céu Claro";"Simples";"Interseção de Vias";"Não";5;0;2;2;1;0;4;1;-12,12395106;-38,39300331;"SPRF-BA";"DEL01-BA";"UOP04-DEL01-BA"
499826;2023-01-17;"terça-feira";"23:30:00";"GO";153;308,9;"RIALMA";"Ausência de reação do condutor";"Capotamento";"Com Vítimas Feridas";"Plena Noite";"Crescente";"Céu Claro";"Simples";"Declive";"Não";1;0;0;1;0;0;1;1;-15,348556;-49,568298;"SPRF-GO";"DEL02-GO";"UOP02-DEL02-GO"
499827;2023-01-18;"quarta-feira";"01:00:00";"BA";101;189;"CONCEICAO DA FEIRA";"Condutor Dormindo";"Saída de leito carroçável";"Com Vítimas Feridas";"Plena Noite";"Crescente";"Nublado";"Simples";"Reta;Declive";"Não";1;0;1;0;0;0;1;1;-12,585426;-38,98345601;"SPRF-BA";"DEL01-BA";"UOP03-DEL01-BA"
499829;2023-01-18;"quarta-feira";"03:50:00";"TO";153;485;"PARAISO DO TOCANTINS";"Demais falhas mecânicas ou elétricas";"Saída de leito carroçável";"Com Vítimas Feridas";"Plena Noite";"Decrescente";"Nublado";"Simples";"Reta";"Não";1;0;1;0;0;0;1;1;-10,09345995;-48,86587107;"SPRF-TO";"DEL01-TO";"UOP01-DEL01-TO"
499830;2023-01-18;"quarta-feira";"04:20:00";"PE";428;190;"PETROLINA";"Ingestão de álcool pelo condutor";"Colisão traseira";"Com Vítimas Feridas";"Plena Noite";"Crescente";"Céu Claro";"Dupla";"Reta";"Sim";3;0;0;1;2;0;1;2;-9,37605965;-40,49382106;"SPRF-PE";"DEL06-PE";"UOP01-DEL06-PE"
499831;2023-01-18;"quarta-feira";"03:30:00";"MG";50;169;"UBERABA";"Obras na pista";"Saída de leito carroçável";"Com Vítimas Feridas";"Plena Noite";"Crescente";"Nublado";"Simples";"Reta;Em Obras;Desvio Temporário";"Sim";5;0;1;0;4;0;1;1;-19,72771598;-47,98120608;"SPRF-MG";"DEL13-MG";"UOP01-DEL13-MG"
499833;2023-01-18;"quarta-feira";"06:00:00";"SP";381;69,4;"MAIRIPORA";"Reação tardia ou ineficiente do condutor";"Capotamento";"Com Vítimas Feridas";"Pleno dia";"Crescente";"Chuva";"Dupla";"Curva";"Não";3;0;3;0;0;0;3;1;-23,349129;-46,560956;"SPRF-SP";"DEL03-SP";"UOP01-DEL03-SP"
499836;2023-01-17;"terça-feira";"20:00:00";"PE";101;61,7;"RECIFE";"Condutor Dormindo";"Tombamento";"Com Vítimas Feridas";"Plena Noite";"Crescente";"Nublado";"Dupla";"Reta";"Sim";2;0;0;2;0;0;2;1;-7,99097103;-34,93598295;"SPRF-PE";"DEL01-PE";"UOP02-DEL01-PE"
499838;2023-01-18;"quarta-feira";"06:30:00";"MG";381;482,6;"BETIM";"Condutor deixou de manter distância do veículo da frente";"Colisão traseira";"Com Vítimas Feridas";"Amanhecer";"Decrescente";"Sol";"Múltipla";"Reta;Aclive";"Sim";2;0;1;0;1;0;1;2;-19,95906988;-44,07281399;"SPRF-MG";"DEL01-MG";"UOP03-DEL01-MG"
499839;2023-01-18;"quarta-feira";"06:30:00";"SC";101;157;"PORTO BELO";"Velocidade Incompatível";"Colisão com objeto";"Com Vítimas Feridas";"Pleno dia";"Decrescente";"Céu Claro";"Múltipla";"Reta";"Não";3;0;2;1;0;0;3;1;-27,181625;-48,6121179;"SPRF-SC";"DEL04-SC";"UOP03-DEL04-SC"
499840;2023-01-18;"quarta-feira";"07:00:00";"SP";116;435;"REGISTRO";"Falta de elemento de contenção que evite a saída do leito carroçável";"Saída de leito carroçável";"Com Vítimas Feridas";"Pleno dia";"Crescente";"Céu Claro";"Dupla";"Reta";"Não";1;0;1;0;0;0;1;1;-24,42978592;-47,78559107;"SPRF-SP";"DEL05-SP";"UOP01-DEL05-SP"
499843;2023-01-17;"terça-feira";"07:50:00";"BA";324;1;"FEIRA DE SANTANA";"Transitar na contramão";"Colisão frontal";"Com Vítimas Feridas";"Pleno dia";"Crescente";"Céu Claro";"Simples";"Reta";"Sim";2;0;0;1;0;1;1;2;-12,267113;-38,966988;"SPRF-BA";"DEL02-BA";"UOP01-DEL02-BA"
499845;2023-01-18;"quarta-feira";"05:49:00";"PE";423;72;"JUPI";"Pedestre andava na pista";"Atropelamento de Pedestre";"Com Vítimas Fatais";"Amanhecer";"Crescente";"Céu Claro";"Simples";"Aclive;Reta";"Sim";3;1;0;0;0;2;0;2;-8,70118191;-36,4154612;"SPRF-PE";"DEL03-PE";"UOP01-DEL03-PE"
499847;2023-01-18;"quarta-feira";"05:30:00";"MA";316;517,4;"CAXIAS";"Acumulo de água sobre o pavimento";"Colisão lateral sentido oposto";"Com Vítimas Feridas";"Amanhecer";"Crescente";"Chuva";"Simples";"Curva";"Não";2;0;2;0;0;0;2;2;-4,768307;-43,623756;"SPRF-MA";"DEL03-MA";"UOP02-DEL03-MA"
499848;2023-01-18;"quarta-feira";"07:00:00";"BA";101;710;"EUNAPOLIS";"Reação tardia ou ineficiente do condutor";"Queda de ocupante de veículo";"Com Vítimas Feridas";"Pleno dia";"Decrescente";"Céu Claro";"Simples";"Curva";"Não";1;0;1;0;0;0;1;1;-16,48838681;-39,57989469;"SPRF-BA";"DEL09-BA";"UOP01-DEL09-BA"
499853;2023-01-18;"quarta-feira";"07:15:00";"SP";116;398;"MIRACATU";"Reação tardia ou ineficiente do condutor";"Capotamento";"Com Vítimas Feridas";"Pleno dia";"Crescente";"Céu Claro";"Dupla";"Reta";"Não";3;0;2;1;0;0;3;1;-24,30085222;-47,48456072;"SPRF-SP";"DEL04-SP";"UOP02-DEL04-SP"
499854;2023-01-17;"terça-feira";"19:25:00";"SC";280;136;"RIO NEGRINHO";"Demais Fenômenos da natureza";"Eventos atípicos";"Sem Vítimas";"Plena Noite";"Decrescente";"Chuva";"Simples";"Reta";"Não";2;0;0;0;2;0;0;1;-26,270102;-49,58121;"SPRF-SC";"DEL06-SC";"UOP03-DEL06-SC"
499859;2023-01-18;"quarta-feira";"07:10:00";"RO";319;62;"PORTO VELHO";"Desrespeitar a preferência no cruzamento";"Colisão transversal";"Com Vítimas Feridas";"Pleno dia";"Decrescente";"Nublado";"Múltipla";"Reta";"Sim";2;0;1;0;1;0;1;2;-8,75135905;-63,88740778;"SPRF-RO";"DEL01-RO";"UOP01-DEL01-RO"
499860;2023-01-18;"quarta-feira";"08:20:00";"PE";101;70;"RECIFE";"Pedestre andava na pista";"Atropelamento de Pedestre";"Com Vítimas Feridas";"Pleno dia";"Crescente";"Céu Claro";"Múltipla";"Reta";"Sim";2;0;0;1;0;1;1;2;-8,071709;-34,942636;"SPRF-PE";"DEL01-PE";"UOP01-DEL01-PE"
499861;2023-01-18;"quarta-feira";"07:55:00";"BA";116;826,9;"VITORIA DA CONQUISTA";"Conversão proibida";"Colisão transversal";"Sem Vítimas";"Pleno dia";"Crescente";"Nublado";"Simples";"Reta";"Sim";2;0;0;0;2;0;0;2;-14,885456;-40,859124;"SPRF-BA";"DEL08-BA";"UOP01-DEL08-BA"
499863;2023-01-18;"quarta-feira";"06:25:00";"MA";135;32;"SAO LUIS";"Condutor Dormindo";"Colisão frontal";"Com Vítimas Feridas";"Pleno dia";"Decrescente";"Nublado";"Dupla";"Reta";"Sim";3;0;3;0;0;0;3;1;-2,82208;-44,37442879;"SPRF-MA";"DEL01-MA";"UOP01-DEL01-MA"
499864;2023-01-18;"quarta-feira";"08:30:00";"PI";343;2;"TERESINA";"Acessar a via sem observar a presença dos outros veículos";"Colisão traseira";"Com Vítimas Feridas";"Pleno dia";"Decrescente";"Céu Claro";"Dupla";"Reta";"Sim";3;0;2;0;1;0;2;2;-5,089569;-42,802288;"SPRF-PI";"DEL01-PI";"UOP01-DEL01-PI"
499865;2023-01-18;"quarta-feira";"00:15:00";"RJ";116;120;"DUQUE DE CAXIAS";"Manobra de mudança de faixa";"Colisão traseira";"Com Vítimas Feridas";"Plena Noite";"Decrescente";"Céu Claro";"Múltipla";"Reta";"Sim";2;0;1;0;1;0;1;2;-22,77765251;-43,28580206;"SPRF-RJ";"DEL04-RJ";"UOP02-DEL04-RJ"
499868;2023-01-04;"quarta-feira";"12:14:00";"PR";277;506;"GUARANIACU";"Acesso irregular";"Colisão transversal";"Com Vítimas Feridas";"Pleno dia";"Crescente";"Céu Claro";"Simples";"Reta";"Não";7;0;5;0;2;0;5;2;-25,13252031;-52,72094503;"SPRF-PR";"DEL04-PR";"UOP04-DEL04-PR"
499869;2023-01-18;"quarta-feira";"08:05:00";"SP";116;418,3;"JUQUIA";"Avarias e/ou desgaste excessivo no pneu";"Saída de leito carroçável";"Com Vítimas Feridas";"Pleno dia";"Decrescente";"Céu Claro";"Dupla";"Reta";"Não";2;0;1;0;1;0;1;1;-24,353607;-47,659347;"SPRF-SP";"DEL05-SP";"UOP01-DEL05-SP"
499871;2023-01-18;"quarta-feira";"08:00:00";"MT";364;398;"CUIABA";"Ausência de reação do condutor";"Colisão lateral mesmo sentido";"Com Vítimas Feridas";"Pleno dia";"Decrescente";"Céu Claro";"Dupla";"Reta";"Sim";1;0;1;0;0;0;1;1;-15,68278673;-55,92170288;"SPRF-MT";"DEL01-MT";"UOP02-DEL01-MT"
499872;2023-01-17;"terça-feira";"19:00:00";"MT";163;1043;"MATUPA";"Ausência de reação do condutor";"Saída de leito carroçável";"Com Vítimas Feridas";"Anoitecer";"Crescente";"Céu Claro";"Simples";"Reta";"Sim";1;0;1;0;0;0;1;1;-10,1429;-54,9298;"SPRF-MT";"DEL06-MT";"UOP03-DEL06-MT"
499873;2023-01-18;"quarta-feira";"09:01:00";"PI";343;338,5;"TERESINA";"Acessar a via sem observar a presença dos outros veículos";"Colisão transversal";"Com Vítimas Feridas";"Pleno dia";"Decrescente";"Céu Claro";"Dupla";"Reta";"Sim";3;0;1;2;0;0;3;2;-5,063362;-42,722912;"SPRF-PI";"DEL01-PI";"UOP01-DEL01-PI"
499874;2023-01-18;"quarta-feira";"09:30:00";"MG";267;55,8;"GUARARA";"Pista esburacada";"Queda de ocupante de veículo";"Com Vítimas Feridas";"Pleno dia";"Decrescente";"Céu Claro";"Simples";"Interseção de Vias;Curva;Declive";"Sim";2;0;0;1;0;1;1;2;-21,72345106;-43,03766906;"SPRF-MG";"DEL07-MG";"UOP01-DEL07-MG"
499879;2023-01-18;"quarta-feira";"09:20:00";"CE";304;46;"ARACATI";"Desrespeitar a preferência no cruzamento";"Colisão transversal";"Com Vítimas Feridas";"Pleno dia";"Crescente";"Céu Claro";"Dupla";"Reta;Rotatória";"Sim";3;0;2;0;1;0;2;2;-4,57510003;-37,79823699;"SPRF-CE";"DEL03-CE";"UOP03-DEL03-CE"
499880;2023-01-18;"quarta-feira";"10:50:00";"SC";101;214,3;"PALHOCA";"Condutor deixou de manter distância do veículo da frente";"Colisão traseira";"Com Vítimas Feridas";"Pleno dia";"Decrescente";"Sol";"Múltipla";"Reta";"Sim";3;0;1;0;2;0;1;2;-27,64443;-48,67057;"SPRF-SC";"DEL01-SC";"UOP02-DEL01-SC"
499881;2023-01-13;"sexta-feira";"20:45:00";"SC";280;234;"CANOINHAS";"Acessar a via sem observar a presença dos outros veículos";"Colisão transversal";"Com Vítimas Feridas";"Plena Noite";"Crescente";"Nublado";"Simples";"Reta";"Sim";2;0;1;0;1;0;1;2;-26,19130591;-50,40255601;"SPRF-SC";"DEL06-SC";"UOP04-DEL06-SC"
499882;2023-01-18;"quarta-feira";"11:00:00";"PE";101;43;"IGARASSU";"Ausência de reação do condutor";"Colisão traseira";"Sem Vítimas";"Pleno dia";"Decrescente";"Nublado";"Múltipla";"Reta";"Sim";2;0;0;0;2;0;0;2;-7,84753808;-34,90977038;"SPRF-PE";"DEL01-PE";"UOP02-DEL01-PE"
499885;2023-01-18;"quarta-feira";"10:53:00";"BA";242;229;"ITABERABA";"Acesso irregular";"Colisão lateral sentido oposto";"Com Vítimas Feridas";"Pleno dia";"Crescente";"Céu Claro";"Simples";"Reta";"Sim";2;0;0;1;1;0;1;2;-12,51058614;-40,31333399;"SPRF-BA";"DEL06-BA";"UOP02-DEL06-BA"
499886;2023-01-18;"quarta-feira";"11:00:00";"RO";364;715;"PORTO VELHO";"Acessar a via sem observar a presença dos outros veículos";"Colisão lateral mesmo sentido";"Com Vítimas Feridas";"Pleno dia";"Decrescente";"Garoa/Chuvisco";"Múltipla";"Viaduto;Rotatória";"Sim";4;0;3;0;1;0;3;1;-8,77957291;-63,89174213;"SPRF-RO";"DEL01-RO";"UOP01-DEL01-RO"
499890;2023-01-18;"quarta-feira";"09:40:00";"BA";110;176;"RIBEIRA DO POMBAL";"Transitar na contramão";"Tombamento";"Com Vítimas Fatais";"Pleno dia";"Crescente";"Céu Claro";"Simples";"Reta";"Não";3;1;0;0;1;1;0;3;-10,89629907;-38,52352048;"SPRF-BA";"DEL07-BA";"UOP02-DEL07-BA"
499891;2023-01-18;"quarta-feira";"10:30:00";"PB";230;111,9;"INGA";"Velocidade Incompatível";"Saída de leito carroçável";"Com Vítimas Feridas";"Pleno dia";"Crescente";"Chuva";"Dupla";"Curva";"Não";4;0;3;0;1;0;3;1;-7,2144847;-35,58977544;"SPRF-PB";"DEL01-PB";"UOP03-DEL01-PB"
499892;2023-01-18;"quarta-feira";"12:10:00";"MG";262;443,4;"NOVA SERRANA";"Ausência de reação do condutor";"Colisão traseira";"Com Vítimas Feridas";"Pleno dia";"Decrescente";"Céu Claro";"Dupla";"Reta";"Sim";3;0;0;2;1;0;2;2;-19,871505;-44,973649;"SPRF-MG";"DEL08-MG";"UOP03-DEL08-MG"
499893;2023-01-18;"quarta-feira";"12:30:00";"SC";101;205,9;"SAO JOSE";"Trafegar com motocicleta (ou similar) entre as faixas";"Colisão traseira";"Com Vítimas Feridas";"Pleno dia";"Crescente";"Nublado";"Múltipla";"Reta";"Sim";3;0;1;0;2;0;1;3;-27,58313237;-48,61532885;"SPRF-SC";"DEL01-SC";"UOP01-DEL01-SC"
499895;2023-01-18;"quarta-feira";"10:02:00";"MG";381;653,7;"SANTO ANTONIO DO AMPARO";"Manobra de mudança de faixa";"Colisão lateral mesmo sentido";"Com Vítimas Feridas";"Pleno dia";"Decrescente";"Nublado";"Dupla";"Aclive;Reta";"Não";5;0;1;0;4;0;1;2;-20,98800417;-44,95317291;"SPRF-MG";"DEL04-MG";"UOP02-DEL04-MG"
499897;2023-01-16;"segunda-feira";"18:00:00";"SC";480;130;"CHAPECO";"Transitar na contramão";"Colisão frontal";"Com Vítimas Feridas";"Pleno dia";"Decrescente";"Céu Claro";"Simples";"Interseção de Vias";"Sim";2;0;0;1;1;0;1;2;-27,05534298;-52,63652069;"SPRF-SC";"DEL07-SC";"UOP01-DEL07-SC"