"id";"data_inversa";"dia_semana";"horario";"uf";"br";"km";"municipio";"causa_acidente";"tipo_acidente";"classificacao_acidente";"fase_dia";"sentido_via";"condicao_metereologica";"tipo_pista";"tracado_via";"uso_solo";"pessoas";"mortos";"feridos_leves";"feridos_graves";"ilesos";"ignorados";"feridos";"veiculos";"latitude";"longitude";"regional";"delegacia";"uop"
500635;2023-01-23;"segunda-feira";"19:13:00";"GO";50;97;"CRISTALINA";"Acessar a via sem observar a presença dos outros veículos";"Colisão transversal";"Com Vítimas Feridas";"Plena Noite";"Crescente";"Nublado";"Simples";"Reta";"Sim";2;0;0;1;1;0;1;2;-16,758046;-47,609702;"SPRF-DF";"DEL01-DF";"UOP02-DEL01-DF"
500636;2023-01-23;"segunda-feira";"19:00:00";"PI";316;5;"TERESINA";"Pedestre cruzava a pista fora da faixa";"Atropelamento de Pedestre";"Com Vítimas Feridas";"Plena Noite";"Crescente";"Céu Claro";"Múltipla";"Reta";"Sim";2;0;2;0;0;0;2;2;-5,14169858;-42,78157276;"SPRF-PI";"DEL01-PI";"UOP02-DEL01-PI"
500638;2023-01-23;"segunda-feira";"19:55:00";"SC";101;120;"ITAJAI";"Ingestão de álcool pelo condutor";"Colisão lateral mesmo sentido";"Com Vítimas Feridas";"Plena Noite";"Decrescente";"Céu Claro";"Múltipla";"Reta";"Sim";2;0;1;0;1;0;1;2;-26,912758;-48,711998;"SPRF-SC";"DEL04-SC";"UOP04-DEL04-SC"
500641;2023-01-21;"sábado";"17:00:00";"RJ";116;271;"BARRA MANSA";"Acumulo de água sobre o pavimento";"Saída de leito carroçável";"Com Vítimas Feridas";"Anoitecer";"Crescente";"Chuva";"Dupla";"Curva";"Sim";4;0;2;0;2;0;2;1;-22,560883;-44,12224;"SPRF-RJ";"DEL07-RJ";"UOP02-DEL07-RJ"
500643;2023-01-23;"segunda-feira";"20:30:00";"PR";116;145;"MANDIRITUBA";"Reação tardia ou ineficiente do condutor";"Saída de leito carroçável";"Com Vítimas Feridas";"Plena Noite";"Decrescente";"Garoa/Chuvisco";"Simples";"Reta;Declive";"Não";1;0;1;0;0;0;1;1;-25,805656;-49,327416;"SPRF-PR";"DEL01-PR";"UOP03-DEL01-PR"
500644;2023-01-21;"sábado";"09:10:00";"RS";116;249;"SAO LEOPOLDO";"Reação tardia ou ineficiente do condutor";"Capotamento";"Com Vítimas Feridas";"Pleno dia";"Decrescente";"Céu Claro";"Dupla";"Curva";"Sim";1;0;1;0;0;0;1;1;-29,7831804;-51,16099063;"SPRF-RS";"DEL01-RS";"UOP02-DEL01-RS"
500646;2023-01-23;"segunda-feira";"19:30:00";"RR";401;1;"BOA VISTA";"Ultrapassagem Indevida";"Colisão lateral mesmo sentido";"Com Vítimas Feridas";"Plena Noite";"Decrescente";"Céu Claro";"Múltipla";"Reta;Interseção de Vias";"Sim";2;0;1;0;1;0;1;2;2,80229396;-60,68243402;"SPRF-RR";"DEL01-RR";"UOP01-DEL01-RR"
500648;2023-01-21;"sábado";"12:35:00";"MG";381;795,2;"SAO GONCALO DO SAPUCAI";"Acumulo de água sobre o pavimento";"Saída de leito carroçável";"Com Vítimas Feridas";"Pleno dia";"Decrescente";"Chuva";"Dupla";"Curva;Declive";"Não";2;0;2;0;0;0;2;1;-21,91262524;-45,57496905;"SPRF-MG";"DEL16-MG";"UOP02-DEL16-MG"
500649;2023-01-23;"segunda-feira";"20:00:00";"RJ";116;114;"MAGE";"Chuva";"Capotamento";"Com Vítimas Feridas";"Plena Noite";"Decrescente";"Chuva";"Dupla";"Reta";"Sim";1;0;1;0;0;0;1;1;-22,58009519;-43,0114958;"SPRF-RJ";"DEL04-RJ";"UOP02-DEL04-RJ"
500650;2023-01-23;"segunda-feira";"19:45:00";"MG";40;522;"CONTAGEM";"Velocidade Incompatível";"Colisão lateral mesmo sentido";"Com Vítimas Feridas";"Plena Noite";"Crescente";"Céu Claro";"Dupla";"Reta";"Não";3;0;1;0;1;1;1;2;-19,8638731;-44,06749809;"SPRF-MG";"DEL01-MG";"UOP02-DEL01-MG"
500651;2023-01-23;"segunda-feira";"19:50:00";"SP";116;448;"REGISTRO";"Ausência de reação do condutor";"Saída de leito carroçável";"Com Vítimas Feridas";"Plena Noite";"Crescente";"Nublado";"Dupla";"Reta";"Não";1;0;1;0;0;0;1;1;-24,52099699;-47,85336602;"SPRF-SP";"DEL05-SP";"UOP01-DEL05-SP"
500652;2023-01-21;"sábado";"20:15:00";"RS";116;245;"SAO LEOPOLDO";"Acessar a via sem observar a presença dos outros veículos";"Colisão transversal";"Com Vítimas Feridas";"Plena Noite";"Decrescente";"Garoa/Chuvisco";"Dupla";"Interseção de Vias;Viaduto";"Sim";2;0;1;0;1;0;1;2;-29,74980902;-51,15125361;"SPRF-RS";"DEL01-RS";"UOP02-DEL01-RS"
500655;2023-01-16;"segunda-feira";"07:30:00";"RJ";495;2;"TERESOPOLIS";"Ultrapassagem Indevida";"Colisão transversal";"Com Vítimas Feridas";"Pleno dia";"Crescente";"Céu Claro";"Simples";"Reta";"Sim";3;0;0;2;1;0;2;3;-22,397038;-42,984928;"SPRF-RJ";"DEL04-RJ";"UOP01-DEL04-RJ"
500657;2023-01-20;"sexta-feira";"18:00:00";"DF";70;13;"BRASILIA";"Reação tardia ou ineficiente do condutor";"Queda de ocupante de veículo";"Com Vítimas Feridas";"Pleno dia";"Crescente";"Céu Claro";"Dupla";"Reta";"Sim";1;0;0;1;0;0;1;1;-15,794558;-48,166584;"SPRF-DF";"DEL03-DF";"UOP02-DEL03-DF"
500659;2023-01-23;"segunda-feira";"21:40:00";"RS";290;574,5;"ALEGRETE";"Ausência de reação do condutor";"Saída de leito carroçável";"Com Vítimas Feridas";"Plena Noite";"Crescente";"Céu Claro";"Simples";"Curva;Interseção de Vias;Rotatória";"Sim";5;0;5;0;0;0;5;1;-29,82142448;-55,72167993;"SPRF-RS";"DEL13-RS";"UOP02-DEL13-RS"
500660;2023-01-23;"segunda-feira";"21:30:00";"RS";101;1,5;"TORRES";"Reação tardia ou ineficiente do condutor";"Colisão lateral mesmo sentido";"Com Vítimas Feridas";"Plena Noite";"Crescente";"Céu Claro";"Dupla";"Reta;Interseção de Vias";"Sim";2;0;1;0;1;0;1;2;-29,31124281;-49,77339797;"SPRF-RS";"DEL03-RS";"UOP02-DEL03-RS"
500662;2023-01-23;"segunda-feira";"21:59:00";"GO";40;21;"LUZIANIA";"Acessar a via sem observar a presença dos outros veículos";"Colisão lateral mesmo sentido";"Com Vítimas Feridas";"Plena Noite";"Crescente";"Céu Claro";"Dupla";"Reta";"Sim";3;0;1;0;2;0;1;2;-16,218542;-47,915731;"SPRF-DF";"DEL01-DF";"UOP01-DEL01-DF"
500663;2023-01-23;"segunda-feira";"18:00:00";"SC";470;138,5;"RIO DO SUL";"Reação tardia ou ineficiente do condutor";"Tombamento";"Com Vítimas Feridas";"Anoitecer";"Decrescente";"Chuva";"Simples";"Reta";"Sim";1;0;1;0;0;0;1;1;-27,1944437;-49,62448239;"SPRF-SC";"DEL04-SC";"UOP02-DEL04-SC"
500666;2023-01-23;"segunda-feira";"22:45:00";"MG";50;172,6;"UBERABA";"Chuva";"Tombamento";"Com Vítimas Feridas";"Plena Noite";"Decrescente";"Chuva";"Dupla";"Reta";"Não";1;0;0;1;0;0;1;1;-19,7624352;-47,97701547;"SPRF-MG";"DEL13-MG";"UOP01-DEL13-MG"
500668;2023-01-21;"sábado";"02:40:00";"SC";470;3,8;"NAVEGANTES";"Desrespeitar a preferência no cruzamento";"Colisão transversal";"Com Vítimas Feridas";"Plena Noite";"Decrescente";"Céu Claro";"Simples";"Em Obras;Rotatória";"Sim";4;0;1;2;1;0;3;2;-26,85906928;-48,68956089;"SPRF-SC";"DEL04-SC";"UOP04-DEL04-SC"
500669;2023-01-23;"segunda-feira";"21:30:00";"RJ";40;29;"TRES RIOS";"Objeto estático sobre o leito carroçável";"Saída de leito carroçável";"Com Vítimas Feridas";"Pleno dia";"Decrescente";"Chuva";"Dupla";"Curva";"Sim";1;0;1;0;0;0;1;1;-22,17756692;-43,16802216;"SPRF-RJ";"DEL05-RJ";"UOP02-DEL05-RJ"
500671;2023-01-23;"segunda-feira";"23:10:00";"PR";277;3,5;"PARANAGUA";"Ausência de reação do condutor";"Colisão lateral mesmo sentido";"Com Vítimas Feridas";"Plena Noite";"Crescente";"Céu Claro";"Dupla";"Reta";"Sim";3;0;1;0;1;1;1;3;-25,544535;-48,542083;"SPRF-PR";"DEL01-PR";"UOP05-DEL01-PR"
500673;2023-01-19;"quinta-feira";"18:45:00";"PE";428;186;"PETROLINA";"Manobra de mudança de faixa";"Colisão lateral mesmo sentido";"Com Vítimas Feridas";"Plena Noite";"Decrescente";"Céu Claro";"Dupla";"Retorno Regulamentado";"Sim";2;0;1;0;0;1;1;2;-9,34807826;-40,47441248;"SPRF-PE";"DEL06-PE";"UOP01-DEL06-PE"
500675;2023-01-23;"segunda-feira";"23:10:00";"SC";101;140;"BALNEARIO CAMBORIU";"Avarias e/ou desgaste excessivo no pneu";"Saída de leito carroçável";"Com Vítimas Feridas";"Plena Noite";"Crescente";"Garoa/Chuvisco";"Dupla";"Curva;Declive";"Não";2;0;1;0;1;0;1;1;-27,03881189;-48,60025148;"SPRF-SC";"DEL04-SC";"UOP03-DEL04-SC"
500676;2023-01-24;"terça-feira";"01:00:00";"MG";116;180,7;"CARAI";"Ingestão de álcool pelo condutor";"Colisão com objeto";"Com Vítimas Feridas";"Plena Noite";"Crescente";"Céu Claro";"Simples";"Declive;Reta";"Não";2;0;1;1;0;0;2;1;-17,08489136;-41,48608495;"SPRF-MG";"DEL11-MG";"UOP01-DEL11-MG"
500678;2023-01-23;"segunda-feira";"22:20:00";"RJ";116;143;"DUQUE DE CAXIAS";"Manobra de mudança de faixa";"Colisão lateral mesmo sentido";"Sem Vítimas";"Plena Noite";"Decrescente";"Chuva";"Dupla";"Reta";"Não";2;0;0;0;2;0;0;1;-22,65237271;-43,23918118;"SPRF-RJ";"DEL01-RJ";"UOP01-DEL01-RJ"
500680;2023-01-23;"segunda-feira";"20:00:00";"ES";259;37,1;"COLATINA";"Ultrapassagem Indevida";"Colisão lateral mesmo sentido";"Com Vítimas Feridas";"Plena Noite";"Decrescente";"Nublado";"Simples";"Reta";"Não";2;0;1;0;1;0;1;2;-19,55632225;-40,51127191;"SPRF-ES";"DEL02-ES";"UOP01-DEL02-ES"
500682;2023-01-24;"terça-feira";"02:20:00";"PR";277;171;"PALMEIRA";"Avarias e/ou desgaste excessivo no pneu";"Queda de ocupante de veículo";"Com Vítimas Feridas";"Plena Noite";"Decrescente";"Ignorado";"Dupla";"Reta";"Sim";2;0;2;0;0;0;2;1;-25,45779015;-49,94062119;"SPRF-PR";"DEL03-PR";"UOP03-DEL03-PR"
500683;2023-01-19;"quinta-feira";"19:00:00";"PE";428;189;"PETROLINA";"Condutor deixou de manter distância do veículo da frente";"Engavetamento";"Com Vítimas Feridas";"Plena Noite";"Decrescente";"Céu Claro";"Dupla";"Reta";"Sim";3;0;1;0;2;0;1;3;-9,37197508;-40,48679585;"SPRF-PE";"DEL06-PE";"UOP01-DEL06-PE"
500684;2023-01-19;"quinta-feira";"21:40:00";"RJ";101;293;"ITABORAI";"Mal súbito do condutor";"Queda de ocupante de veículo";"Com Vítimas Feridas";"Plena Noite";"Decrescente";"Céu Claro";"Dupla";"Curva";"Sim";1;0;1;0;0;0;1;1;-22,756203;-42,88724;"SPRF-RJ";"DEL02-RJ";"UOP02-DEL02-RJ"
500687;2023-01-20;"sexta-feira";"18:00:00";"RS";116;267;"CANOAS";"Acessar a via sem observar a presença dos outros veículos";"Colisão lateral mesmo sentido";"Com Vítimas Feridas";"Pleno dia";"Decrescente";"Céu Claro";"Simples";"Reta";"Sim";2;0;1;0;1;0;1;2;-29,94142398;-51,17697062;"SPRF-RS";"DEL01-RS";"UOP01-DEL01-RS"
500689;2023-01-20;"sexta-feira";"19:15:00";"RS";290;93;"PORTO ALEGRE";"Manobra de mudança de faixa";"Colisão lateral mesmo sentido";"Com Vítimas Feridas";"Anoitecer";"Decrescente";"Céu Claro";"Múltipla";"Reta";"Sim";1;0;1;0;0;0;1;1;-29,970839;-51,187725;"SPRF-RS";"DEL01-RS";"UOP01-DEL01-RS"
500690;2023-01-24;"terça-feira";"01:00:00";"SC";470;171;"POUSO REDONDO";"Reação tardia ou ineficiente do condutor";"Colisão lateral mesmo sentido";"Sem Vítimas";"Plena Noite";"Crescente";"Nublado";"Simples";"Curva";"Não";1;0;0;0;0;1;0;1;-27,26584537;-49,8925209;"SPRF-SC";"DEL04-SC";"UOP02-DEL04-SC"
500692;2023-01-24;"terça-feira";"06:37:00";"PR";116;124;"FAZENDA RIO GRANDE";"Trafegar com motocicleta (ou similar) entre as faixas";"Colisão lateral mesmo sentido";"Com Vítimas Feridas";"Pleno dia";"Decrescente";"Céu Claro";"Dupla";"Reta";"Sim";2;0;1;0;1;0;1;2;-25,624582;-49,315159;"SPRF-PR";"DEL01-PR";"UOP03-DEL01-PR"
500693;2023-01-24;"terça-feira";"06:15:00";"MG";50;22,5;"ARAGUARI";"Restrição de visibilidade em curvas verticais";"Saída de leito carroçável";"Sem Vítimas";"Amanhecer";"Crescente";"Nublado";"Dupla";"Declive";"Não";1;0;0;0;1;0;0;1;-18,60474;-48,051437;"SPRF-MG";"DEL15-MG";"UOP02-DEL15-MG"
500694;2023-01-24;"terça-feira";"06:00:00";"PR";163;283;"MARECHAL CANDIDO RONDON";"Acessar a via sem observar a presença dos outros veículos";"Colisão transversal";"Com Vítimas Feridas";"Pleno dia";"Crescente";"Céu Claro";"Simples";"Reta;Declive";"Não";2;0;1;0;1;0;1;2;-24,57864514;-53,99236214;"SPRF-PR";"DEL06-PR";"UOP02-DEL06-PR"
500695;2023-01-20;"sexta-feira";"23:30:00";"CE";222;1,8;"FORTALEZA";"Acessar a via sem observar a presença dos outros veículos";"Colisão transversal";"Sem Vítimas";"Plena Noite";"Crescente";"Céu Claro";"Múltipla";"Reta";"Sim";2;0;0;0;1;1;0;2;-3,737804;-38,578061;"SPRF-CE";"DEL01-CE";"UOP01-DEL01-CE"
500696;2023-01-24;"terça-feira";"06:00:00";"MG";381;599,8;"CARMOPOLIS DE MINAS";"Acumulo de água sobre o pavimento";"Colisão com objeto";"Com Vítimas Feridas";"Pleno dia";"Crescente";"Chuva";"Dupla";"Reta;Declive";"Não";1;0;1;0;0;0;1;1;-20,61546798;-44,73611382;"SPRF-MG";"DEL04-MG";"UOP01-DEL04-MG"
500701;2023-01-20;"sexta-feira";"20:10:00";"PE";232;82,8;"GRAVATA";"Animais na Pista";"Saída de leito carroçável";"Com Vítimas Feridas";"Plena Noite";"Decrescente";"Céu Claro";"Dupla";"Reta";"Não";3;0;1;0;2;0;1;1;-8,19905415;-35,58715194;"SPRF-PE";"DEL02-PE";"UOP02-DEL02PE"
500702;2023-01-24;"terça-feira";"07:15:00";"SP";116;220,1;"GUARULHOS";"Reação tardia ou ineficiente do condutor";"Colisão transversal";"Com Vítimas Feridas";"Amanhecer";"Crescente";"Nublado";"Múltipla";"Reta";"Sim";2;0;1;0;1;0;1;2;-23,46472809;-46,49793962;"SPRF-SP";"DEL01-SP";"UOP01-DEL01-SP"
500704;2023-01-21;"sábado";"01:00:00";"RJ";101;445;"MANGARATIBA";"Ingestão de álcool pelo condutor";"Colisão frontal";"Com Vítimas Feridas";"Plena Noite";"Crescente";"Nublado";"Simples";"Curva";"Não";3;0;1;0;2;0;1;2;-22,99332083;-44,09244699;"SPRF-RJ";"DEL03-RJ";"UOP02-DEL03-RJ"
500705;2023-01-20;"sexta-feira";"18:50:00";"PE";101;64,8;"RECIFE";"Manobra de mudança de faixa";"Colisão lateral mesmo sentido";"Sem Vítimas";"Plena Noite";"Decrescente";"Céu Claro";"Dupla";"Reta";"Sim";5;0;0;0;4;1;0;3;-8,025323;-34,942812;"SPRF-PE";"DEL01-PE";"UOP01-DEL01-PE"
500706;2023-01-21;"sábado";"06:20:00";"RN";304;295;"MACAIBA";"Manobra de mudança de faixa";"Tombamento";"Com Vítimas Feridas";"Pleno dia";"Crescente";"Céu Claro";"Simples";"Reta";"Sim";2;0;1;1;0;0;2;1;-5,86605927;-35,35822096;"SPRF-RN";"DEL01-RN";"UOP02-DEL01-RN"
500708;2023-01-20;"sexta-feira";"17:30:00";"PE";101;61;"RECIFE";"Demais falhas mecânicas ou elétricas";"Colisão traseira";"Com Vítimas Feridas";"Plena Noite";"Decrescente";"Céu Claro";"Dupla";"Curva";"Sim";3;0;3;0;0;0;3;2;-7,995389;-34,939158;"SPRF-PE";"DEL01-PE";"UOP02-DEL01-PE"
500709;2023-01-20;"sexta-feira";"19:00:00";"SC";101;203;"SAO JOSE";"Manobra de mudança de faixa";"Colisão lateral mesmo sentido";"Com Vítimas Feridas";"Anoitecer";"Decrescente";"Céu Claro";"Dupla";"Viaduto";"Sim";3;0;1;0;2;0;1;2;-27,5650044;-48,61460082;"SPRF-SC";"DEL01-SC";"UOP01-DEL01-SC"
500711;2023-01-24;"terça-feira";"07:05:00";"SC";280;3,2;"SAO FRANCISCO DO SUL";"Conversão proibida";"Colisão transversal";"Com Vítimas Feridas";"Pleno dia";"Crescente";"Céu Claro";"Simples";"Reta";"Não";2;0;1;1;0;0;2;2;-26,24531966;-48,61556107;"SPRF-SC";"DEL03-SC";"UOP03-DEL03-SC"
500712;2023-01-24;"terça-feira";"04:30:00";"BA";110;379;"CATU";"Reação tardia ou ineficiente do condutor";"Saída de leito carroçável";"Com Vítimas Feridas";"Pleno dia";"Crescente";"Sol";"Simples";"Curva";"Não";3;0;2;0;1;0;2;1;-12,44136496;-38,47474858;"SPRF-BA";"DEL01-BA";"UOP01-DEL01-BA"
500714;2023-01-21;"sábado";"03:30:00";"PR";277;587,7;"CASCAVEL";"Obras na pista";"Colisão transversal";"Com Vítimas Feridas";"Plena Noite";"Decrescente";"Céu Claro";"Simples";"Reta";"Sim";2;0;1;0;1;0;1;2;-24,9649472;-53,4210459;"SPRF-PR";"DEL04-PR";"UOP01-DEL04-PR"
500715;2023-01-24;"terça-feira";"07:40:00";"DF";60;9,4;"BRASILIA";"Frear bruscamente";"Colisão traseira";"Com Vítimas Feridas";"Pleno dia";"Decrescente";"Céu Claro";"Dupla";"Reta;Viaduto;Declive";"Não";3;0;3;0;0;0;3;2;-15,906293;-48,139965;"SPRF-DF";"DEL03-DF";"UOP01-DEL03-DF"
500716;2023-01-20;"sexta-feira";"19:27:00";"PR";277;340,5;"GUARAPUAVA";"Reação tardia ou ineficiente do condutor";"Colisão traseira";"Com Vítimas Feridas";"Anoitecer";"Crescente";"Céu Claro";"Dupla";"Reta;Declive";"Sim";2;0;1;0;1;0;1;2;-25,34491177;-51,39231179;"SPRF-PR";"DEL08-PR";"UOP01-DEL08-PR"
500718;2023-01-20;"sexta-feira";"23:40:00";"MG";365;677;"MONTE ALEGRE DE MINAS";"Reação tardia ou ineficiente do condutor";"Saída de leito carroçável";"Com Vítimas Feridas";"Plena Noite";"Decrescente";"Garoa/Chuvisco";"Dupla";"Reta";"Não";3;0;2;0;1;0;2;1;-18,85007136;-48,80839348;"SPRF-MG";"DEL15-MG";"UOP01-DEL15-MG"
500719;2023-01-24;"terça-feira";"06:40:00";"BA";116;412,8;"FEIRA DE SANTANA";"Ausência de reação do condutor";"Colisão lateral mesmo sentido";"Sem Vítimas";"Pleno dia";"Crescente";"Céu Claro";"Dupla";"Interseção de Vias";"Sim";2;0;0;0;2;0;0;2;-12,1339280069;-38,9679672748;"SPRF-BA";"DEL02-BA";"UOP01-DEL02-BA"
500720;2023-01-24;"terça-feira";"07:30:00";"SP";116;461;"JACUPIRANGA";"Velocidade Incompatível";"Tombamento";"Sem Vítimas";"Pleno dia";"Decrescente";"Céu Claro";"Dupla";"Reta";"Não";1;0;0;0;0;1;0;1;-24,61672184;-47,88933615;"SPRF-SP";"DEL05-SP";"UOP01-DEL05-SP"
500721;2023-01-24;"terça-feira";"07:00:00";"SC";470;67,6;"INDAIAL";"Desrespeitar a preferência no cruzamento";"Colisão transversal";"Com Vítimas Feridas";"Pleno dia";"Decrescente";"Nublado";"Simples";"Em Obras";"Não";2;0;2;0;0;0;2;2;-26,872158;-49,23127;"SPRF-SC";"DEL04-SC";"UOP01-DEL04-SC"
500722;2023-01-20;"sexta-feira";"21:30:00";"SE";101;88;"NOSSA SENHORA DO SOCORRO";"Velocidade Incompatível";"Saída de leito carroçável";"Sem Vítimas";"Plena Noite";"Crescente";"Céu Claro";"Dupla";"Reta";"Não";1;0;0;0;0;1;0;1;-10,87113297;-37,1344637;"SPRF-SE";"DEL01-SE";"UOP01-DEL01-SE"
500723;2023-01-24;"terça-feira";"07:15:00";"SC";101;357;"SANGAO";"Acessar a via sem observar a presença dos outros veículos";"Colisão transversal";"Com Vítimas Feridas";"Pleno dia";"Decrescente";"Céu Claro";"Simples";"Interseção de Vias";"Não";2;0;0;1;1;0;1;2;-28,64759604;-49,10290003;"SPRF-SC";"DEL02-SC";"UOP01-DEL02-SC"
500724;2023-01-24;"terça-feira";"08:12:00";"SP";116;207;"GUARULHOS";"Ausência de reação do condutor";"Engavetamento";"Com Vítimas Feridas";"Pleno dia";"Crescente";"Nublado";"Dupla";"Reta";"Sim";3;0;1;0;2;0;1;3;-23,41972188;-46,38419203;"SPRF-SP";"DEL01-SP";"UOP01-DEL01-SP"
500725;2023-01-20;"sexta-feira";"18:50:00";"PR";376;180,9;"MARINGA";"Condutor deixou de manter distância do veículo da frente";"Tombamento";"Com Vítimas Feridas";"Anoitecer";"Crescente";"Céu Claro";"Dupla";"Reta";"Sim";1;0;1;0;0;0;1;1;-23,42725352;-51,89512271;"SPRF-PR";"DEL09-PR";"UOP01-DEL09-PR"
500726;2023-01-21;"sábado";"15:30:00";"PI";316;223,8;"VALENCA DO PIAUI";"Condutor Dormindo";"Saída de leito carroçável";"Com Vítimas Feridas";"Pleno dia";"Crescente";"Céu Claro";"Simples";"Reta";"Não";1;0;0;1;0;0;1;1;-6,5067815;-41,7381835;"SPRF-PI";"DEL04-PI";"UOP02-DEL04-PI"
500727;2023-01-24;"terça-feira";"08:15:00";"SP";116;319;"SAO LOURENCO DA SERRA";"Avarias e/ou desgaste excessivo no pneu";"Queda de ocupante de veículo";"Com Vítimas Feridas";"Pleno dia";"Decrescente";"Céu Claro";"Dupla";"Reta";"Não";1;0;1;0;0;0;1;1;-23,93100968;-46,9996511;"SPRF-SP";"DEL04-SP";"UOP03-DEL04-SP"
500728;2023-01-21;"sábado";"02:10:00";"PR";376;35,4;"NOVA LONDRINA";"Transitar na contramão";"Colisão frontal";"Com Vítimas Fatais";"Plena Noite";"Crescente";"Céu Claro";"Simples";"Reta";"Não";4;1;3;0;0;0;3;2;-22,80192;-52,99954;"SPRF-PR";"DEL09-PR";"UOP02-DEL09-PR"
500732;2023-01-24;"terça-feira";"08:20:00";"SP";381;54,3;"MAIRIPORA";"Avarias e/ou desgaste excessivo no pneu";"Tombamento";"Com Vítimas Feridas";"Pleno dia";"Crescente";"Céu Claro";"Dupla";"Curva";"Não";1;0;1;0;0;0;1;1;-23,24813659;-46,5929693;"SPRF-SP";"DEL03-SP";"UOP01-DEL03-SP"
500734;2023-01-24;"terça-feira";"08:20:00";"ES";101;135;"LINHARES";"Condutor deixou de manter distância do veículo da frente";"Engavetamento";"Sem Vítimas";"Pleno dia";"Decrescente";"Céu Claro";"Simples";"Reta";"Não";3;0;0;0;3;0;0;3;-19,28406301;-40,08688713;"SPRF-ES";"DEL04-ES";"UOP01-DEL04-ES"
500735;2023-01-24;"terça-feira";"08:10:00";"RJ";101;111,9;"CAMPOS DOS GOYTACAZES";"Curva acentuada";"Capotamento";"Com Vítimas Feridas";"Pleno dia";"Crescente";"Chuva";"Dupla";"Curva";"Não";15;0;7;0;8;0;7;2;-21,96256001;-41,64818859;"SPRF-RJ";"DEL08-RJ";"UOP02-DEL08-RJ"
500736;2023-01-21;"sábado";"03:15:00";"SC";101;215;"PALHOCA";"Ausência de reação do condutor";"Colisão traseira";"Sem Vítimas";"Plena Noite";"Crescente";"Céu Claro";"Dupla";"Curva";"Sim";2;0;0;0;1;1;0;2;-27,65184843;-48,67604941;"SPRF-SC";"DEL01-SC";"UOP02-DEL01-SC"
500737;2023-01-22;"domingo";"10:50:00";"SP";116;95,5;"PINDAMONHANGABA";"Reação tardia ou ineficiente do condutor";"Colisão traseira";"Com Vítimas Feridas";"Pleno dia";"Decrescente";"Céu Claro";"Dupla";"Reta";"Não";2;0;0;1;1;0;1;2;-22,96514512;-45,43013094;"SPRF-SP";"DEL08-SP";"UOP01-DEL08-SP"
500739;2023-01-24;"terça-feira";"08:25:00";"SC";101;127;"ITAJAI";"Condutor deixou de manter distância do veículo da frente";"Colisão traseira";"Com Vítimas Feridas";"Pleno dia";"Decrescente";"Céu Claro";"Dupla";"Reta";"Não";2;0;1;0;1;0;1;2;-26,9639319;-48,68328024;"SPRF-SC";"DEL04-SC";"UOP04-DEL04-SC"
500741;2023-01-20;"sexta-feira";"17:00:00";"MG";116;812;"ALEM PARAIBA";"Velocidade Incompatível";"Saída de leito carroçável";"Com Vítimas Feridas";"Anoitecer";"Crescente";"Chuva";"Simples";"Curva;Declive";"Não";5;0;0;5;0;0;5;1;-21,8449291;-42,67297203;"SPRF-MG";"DEL07-MG";"UOP01-DEL07-MG"
500743;2023-01-20;"sexta-feira";"18:24:00";"PR";277;714,7;"FOZ DO IGUACU";"Reação tardia ou ineficiente do condutor";"Colisão traseira";"Com Vítimas Feridas";"Pleno dia";"Decrescente";"Sol";"Dupla";"Reta";"Não";3;0;0;1;2;0;1;2;-25,4650714;-54,44902954;"SPRF-PR";"DEL05-PR";"UOP01-DEL05-PR"
500745;2023-01-20;"sexta-feira";"21:20:00";"GO";60;89;"ANAPOLIS";"Acessar a via sem observar a presença dos outros veículos";"Tombamento";"Com Vítimas Feridas";"Plena Noite";"Decrescente";"Céu Claro";"Dupla";"Reta";"Sim";2;0;0;1;0;1;1;1;-16,3367;-48,8957;"SPRF-GO";"DEL02-GO";"UOP01-DEL02-GO"
500746;2023-01-21;"sábado";"04:40:00";"SC";101;89,3;"BARRA VELHA";"Reação tardia ou ineficiente do condutor";"Capotamento";"Com Vítimas Feridas";"Plena Noite";"Decrescente";"Céu Claro";"Dupla";"Reta";"Sim";1;0;1;0;0;0;1;1;-26,65175997;-48,68721921;"SPRF-SC";"DEL03-SC";"UOP02-DEL03-SC"
500747;2023-01-24;"terça-feira";"08:00:00";"MA";230;407;"BALSAS";"Acessar a via sem observar a presença dos outros veículos";"Colisão transversal";"Com Vítimas Feridas";"Pleno dia";"Decrescente";"Céu Claro";"Simples";"Reta";"Sim";2;0;0;1;1;0;1;2;-7,51919168;-46,06740888;"SPRF-MA";"DEL05-MA";"UOP01-DEL05-MA"
500748;2023-01-20;"sexta-feira";"19:40:00";"MT";163;786;"VERA";"Ingestão de álcool pelo condutor";"Saída de leito carroçável";"Sem Vítimas";"Plena Noite";"Decrescente";"Céu Claro";"Simples";"Interseção de Vias";"Não";2;0;0;0;2;0;0;1;-12,28711818;-55,56221565;"SPRF-MT";"DEL06-MT";"UOP02-DEL06-MT"
500749;2023-01-21;"sábado";"10:30:00";"SP";381;82;"SAO PAULO";"Reação tardia ou ineficiente do condutor";"Colisão traseira";"Com Vítimas Feridas";"Pleno dia";"Crescente";"Nublado";"Múltipla";"Aclive";"Sim";2;0;1;0;0;1;1;2;-23,42399;-46,575112;"SPRF-SP";"DEL03-SP";"UOP01-DEL03-SP"
500750;2023-01-20;"sexta-feira";"22:45:00";"GO";40;7;"VALPARAISO DE GOIAS";"Reação tardia ou ineficiente do condutor";"Colisão lateral mesmo sentido";"Sem Vítimas";"Plena Noite";"Crescente";"Céu Claro";"Dupla";"Reta";"Sim";2;0;0;0;1;1;0;2;-16,108482;-47,972524;"SPRF-DF";"DEL01-DF";"UOP01-DEL01-DF"