"id";"data_inversa";"dia_semana";"horario";"uf";"br";"km";"municipio";"causa_acidente";"tipo_acidente";"classificacao_acidente";"fase_dia";"sentido_via";"condicao_metereologica";"tipo_pista";"tracado_via";"uso_solo";"pessoas";"mortos";"feridos_leves";"feridos_graves";"ilesos";"ignorados";"feridos";"veiculos";"latitude";"longitude";"regional";"delegacia";"uop"
501835;2023-01-28;"sábado";"23:52:00";"PB";230;16;"JOAO PESSOA";"Acessar a via sem observar a presença dos outros veículos";"Colisão traseira";"Sem Vítimas";"Plena Noite";"Decrescente";"Céu Claro";"Dupla";"Declive;Curva";"Sim";4;0;0;0;2;2;0;4;-7,1039;-34,8458;"SPRF-PB";"DEL01-PB";"UOP01-DEL01-PB"
501837;2023-01-28;"sábado";"23:55:00";"MG";262;34,3;"MANHUACU";"Ausência de sinalização";"Colisão com objeto";"Com Vítimas Feridas";"Plena Noite";"Decrescente";"Nublado";"Simples";"Curva";"Sim";1;0;0;1;0;0;1;1;-20,25692664;-42,01099203;"SPRF-MG";"DEL06-MG";"UOP03-DEL06-MG"
501838;2023-01-28;"sábado";"21:40:00";"MT";163;847;"SINOP";"Ausência de reação do condutor";"Saída de leito carroçável";"Com Vítimas Feridas";"Plena Noite";"Decrescente";"Céu Claro";"Simples";"Reta";"Não";1;0;0;1;0;0;1;1;-11,76345745;-55,46959184;"SPRF-MT";"DEL06-MT";"NPF/DEL06-MT"
501839;2023-01-29;"domingo";"00:40:00";"SC";101;202;"SAO JOSE";"Ingestão de álcool pelo condutor";"Colisão com objeto";"Com Vítimas Feridas";"Plena Noite";"Crescente";"Céu Claro";"Múltipla";"Interseção de Vias";"Sim";1;0;1;0;0;0;1;1;-27,55711595;-48,61897889;"SPRF-SC";"DEL01-SC";"UOP01-DEL01-SC"
501840;2023-01-29;"domingo";"01:30:00";"ES";101;233;"FUNDAO";"Demais falhas mecânicas ou elétricas";"Tombamento";"Com Vítimas Feridas";"Plena Noite";"Crescente";"Nublado";"Simples";"Reta";"Não";2;0;2;0;0;0;2;1;-19,961042;-40,406889;"SPRF-ES";"DEL02-ES";"UOP01-DEL02-ES"
501841;2023-01-29;"domingo";"01:00:00";"PR";116;81;"PIRAQUARA";"Ingestão de álcool pelo condutor";"Colisão lateral mesmo sentido";"Sem Vítimas";"Plena Noite";"Crescente";"Céu Claro";"Dupla";"Reta";"Não";2;0;0;0;2;0;0;2;-25,424358;-49,075352;"SPRF-PR";"DEL01-PR";"UOP07-DEL01-PR"
501842;2023-01-29;"domingo";"00:10:00";"PI";316;5,8;"TERESINA";"Ausência de reação do condutor";"Queda de ocupante de veículo";"Com Vítimas Feridas";"Plena Noite";"Crescente";"Céu Claro";"Múltipla";"Reta";"Sim";3;0;2;0;0;1;2;2;-5,14169858;-42,78157276;"SPRF-PI";"DEL01-PI";"UOP02-DEL01-PI"
501843;2023-01-28;"sábado";"23:47:00";"SP";116;56;"GUARATINGUETA";"Reação tardia ou ineficiente do condutor";"Engavetamento";"Com Vítimas Feridas";"Plena Noite";"Decrescente";"Céu Claro";"Múltipla";"Reta";"Não";9;0;1;0;8;0;1;3;-22,76904403;-45,13040598;"SPRF-SP";"DEL08-SP";"UOP02-DEL08-SP"
501844;2023-01-29;"domingo";"00:05:00";"SC";282;16;"PALHOCA";"Pedestre cruzava a pista fora da faixa";"Atropelamento de Pedestre";"Com Vítimas Feridas";"Plena Noite";"Crescente";"Céu Claro";"Simples";"Reta";"Não";2;0;1;0;1;0;1;2;-27,658611;-48,681847;"SPRF-SC";"DEL01-SC";"UOP02-DEL01-SC"
501845;2023-01-29;"domingo";"01:50:00";"PR";116;122;"CURITIBA";"Reação tardia ou ineficiente do condutor";"Colisão transversal";"Com Vítimas Feridas";"Plena Noite";"Decrescente";"Céu Claro";"Dupla";"Reta";"Sim";4;0;1;0;2;1;1;2;-25,56857207;-49,31023179;"SPRF-PR";"DEL01-PR";"UOP03-DEL01-PR"
501846;2023-01-28;"sábado";"22:25:00";"MT";174;4;"PONTES E LACERDA";"Conversão proibida";"Colisão frontal";"Com Vítimas Feridas";"Plena Noite";"Decrescente";"Céu Claro";"Simples";"Interseção de Vias;Reta";"Sim";2;0;1;0;1;0;1;2;-15,226537;-59,335728;"SPRF-MT";"DEL04-MT";"UOP01-DEL04-MT"
501847;2023-01-28;"sábado";"23:00:00";"MT";174;277;"PONTES E LACERDA";"Iluminação deficiente";"Colisão traseira";"Com Vítimas Feridas";"Plena Noite";"Crescente";"Céu Claro";"Simples";"Declive;Reta";"Não";2;0;2;0;0;0;2;2;-15,31311891;-59,24466094;"SPRF-MT";"DEL04-MT";"UOP01-DEL04-MT"
501848;2023-01-29;"domingo";"02:00:00";"SC";470;10,5;"NAVEGANTES";"Transitar na contramão";"Colisão frontal";"Sem Vítimas";"Plena Noite";"Crescente";"Céu Claro";"Simples";"Reta";"Não";2;0;0;0;2;0;0;2;-26,833693;-48,73724;"SPRF-SC";"DEL04-SC";"UOP04-DEL04-SC"
501849;2023-01-29;"domingo";"01:05:00";"PR";277;94,7;"CURITIBA";"Velocidade Incompatível";"Colisão com objeto";"Com Vítimas Feridas";"Plena Noite";"Decrescente";"Céu Claro";"Dupla";"Curva";"Sim";1;0;0;1;0;0;1;1;-25,55282988;-49,27722493;"SPRF-PR";"DEL01-PR";"UOP06-DEL01-PR"
501850;2023-01-29;"domingo";"03:30:00";"MG";381;521,3;"BRUMADINHO";"Velocidade Incompatível";"Saída de leito carroçável";"Com Vítimas Feridas";"Plena Noite";"Crescente";"Nublado";"Dupla";"Curva;Declive";"Não";2;0;1;0;1;0;1;1;-20,13846621;-44,31715274;"SPRF-MG";"DEL04-MG";"UOP03-DEL04-MG"
501851;2023-01-29;"domingo";"03:30:00";"SP";116;441;"REGISTRO";"Animais na Pista";"Atropelamento de Animal";"Com Vítimas Feridas";"Plena Noite";"Crescente";"Céu Claro";"Dupla";"Reta";"Não";1;0;1;0;0;0;1;1;-24,4688528;-47,82223728;"SPRF-SP";"DEL05-SP";"UOP01-DEL05-SP"
501852;2023-01-29;"domingo";"03:00:00";"MG";40;661,3;"CARANDAI";"Velocidade Incompatível";"Tombamento";"Com Vítimas Feridas";"Plena Noite";"Crescente";"Nublado";"Simples";"Reta";"Não";1;0;0;1;0;0;1;1;-20,90511396;-43,82787922;"SPRF-MG";"DEL05-MG";"UOP02-DEL05-MG"
501853;2023-01-29;"domingo";"04:15:00";"PE";232;24;"MORENO";"Condutor Dormindo";"Saída de leito carroçável";"Sem Vítimas";"Plena Noite";"Crescente";"Céu Claro";"Múltipla";"Reta;Retorno Regulamentado";"Não";2;0;0;0;0;2;0;1;-8,104882;-35,103475;"SPRF-PE";"DEL01-PE";"UOP01-DEL01-PE"
501854;2023-01-29;"domingo";"00:05:00";"PI";407;564;"PAULISTANA";"Velocidade Incompatível";"Tombamento";"Com Vítimas Fatais";"Plena Noite";"Crescente";"Céu Claro";"Simples";"Reta";"Não";1;1;0;0;0;0;0;1;-8,07928512;-41,16886139;"SPRF-PI";"DEL04-PI";"UOP01-DEL04-PI"
501855;2023-01-29;"domingo";"04:30:00";"RS";386;154,8;"ALMIRANTE TAMANDARE DO SUL";"Reação tardia ou ineficiente do condutor";"Tombamento";"Com Vítimas Feridas";"Plena Noite";"Crescente";"Nublado";"Simples";"Reta;Aclive";"Não";1;0;1;0;0;0;1;1;-28,11309562;-52,85767078;"SPRF-RS";"DEL08-RS";"UOP01-DEL08-RS"
501856;2023-01-29;"domingo";"04:45:00";"BA";101;881;"TEIXEIRA DE FREITAS";"Animais na Pista";"Atropelamento de Animal";"Com Vítimas Feridas";"Amanhecer";"Crescente";"Céu Claro";"Simples";"Aclive";"Não";1;0;1;0;0;0;1;1;-17,56049903;-39,72694516;"SPRF-BA";"DEL09-BA";"UOP02-DEL09-BA"
501857;2023-01-29;"domingo";"04:40:00";"SP";116;154;"SAO JOSE DOS CAMPOS";"Ingestão de álcool pelo condutor";"Colisão traseira";"Com Vítimas Fatais";"Amanhecer";"Decrescente";"Nublado";"Dupla";"Aclive";"Sim";6;2;1;0;3;0;1;2;-23,23903999;-45,92061901;"SPRF-SP";"DEL02-SP";"UOP01-DEL02-SP"
501858;2023-01-29;"domingo";"05:02:00";"GO";40;2,3;"VALPARAISO DE GOIAS";"Reação tardia ou ineficiente do condutor";"Atropelamento de Pedestre";"Com Vítimas Feridas";"Amanhecer";"Crescente";"Céu Claro";"Dupla";"Reta";"Não";2;0;0;1;0;1;1;2;-16,070728;-47,985075;"SPRF-DF";"DEL01-DF";"UOP01-DEL01-DF"
501859;2023-01-29;"domingo";"05:00:00";"RS";285;422,6;"PANAMBI";"Ingestão de álcool pelo condutor";"Colisão frontal";"Sem Vítimas";"Plena Noite";"Crescente";"Céu Claro";"Simples";"Reta";"Não";4;0;0;0;4;0;0;2;-28,32761;-53,588711;"SPRF-RS";"DEL10-RS";"UOP01-DEL10-RS"
501860;2023-01-29;"domingo";"04:05:00";"MG";262;812,5;"UBERABA";"Ingestão de álcool pelo condutor";"Colisão com objeto";"Sem Vítimas";"Plena Noite";"Crescente";"Céu Claro";"Dupla";"Reta";"Sim";1;0;0;0;0;1;0;1;-19,76553214;-48,11855299;"SPRF-MG";"DEL13-MG";"UOP01-DEL13-MG"
501861;2023-01-29;"domingo";"05:30:00";"PR";277;20,9;"MORRETES";"Velocidade Incompatível";"Saída de leito carroçável";"Com Vítimas Feridas";"Amanhecer";"Crescente";"Céu Claro";"Dupla";"Curva";"Não";1;0;1;0;0;0;1;1;-25,532722;-48,715767;"SPRF-PR";"DEL01-PR";"UOP05-DEL01-PR"
501862;2023-01-29;"domingo";"00:45:00";"AC";364;137;"RIO BRANCO";"Chuva";"Colisão com objeto";"Com Vítimas Feridas";"Plena Noite";"Crescente";"Chuva";"Dupla";"Reta;Declive";"Sim";3;0;1;0;0;2;1;2;-9,96935404;-67,85264513;"SPRF-AC";"DEL01-AC";"UOP01-DEL01-AC"
501863;2023-01-29;"domingo";"06:00:00";"SP";116;354;"MIRACATU";"Reação tardia ou ineficiente do condutor";"Colisão com objeto";"Com Vítimas Feridas";"Pleno dia";"Decrescente";"Nublado";"Dupla";"Curva";"Não";1;0;0;1;0;0;1;1;-24,07491092;-47,24973213;"SPRF-SP";"DEL04-SP";"UOP03-DEL04-SP"
501864;2023-01-29;"domingo";"05:45:00";"PA";10;353;"SANTA MARIA DO PARA";"Ausência de reação do condutor";"Colisão traseira";"Com Vítimas Feridas";"Amanhecer";"Decrescente";"Nublado";"Simples";"Reta";"Sim";3;0;0;2;0;1;2;2;-1,35646249;-47,57423141;"SPRF-PA";"DEL01-PA";"UOP02-DEL01-PA"
501866;2023-01-29;"domingo";"06:25:00";"MG";40;492;"ESMERALDAS";"Ausência de reação do condutor";"Saída de leito carroçável";"Com Vítimas Feridas";"Pleno dia";"Crescente";"Céu Claro";"Dupla";"Reta";"Não";1;0;1;0;0;0;1;1;-19,63737896;-44,20372986;"SPRF-MG";"DEL02-MG";"UOP01-DEL02-MG"
501867;2023-01-22;"domingo";"19:15:00";"BA";367;27;"PORTO SEGURO";"Ingestão de álcool pelo condutor";"Colisão transversal";"Com Vítimas Feridas";"Plena Noite";"Decrescente";"Céu Claro";"Simples";"Reta";"Sim";4;0;4;0;0;0;4;2;-16,41577856;-39,11860943;"SPRF-BA";"DEL09-BA";"UOP03-DEL09-BA"
501869;2023-01-29;"domingo";"06:00:00";"MG";262;103;"SANTO ANTONIO DO GRAMA";"Ingestão de álcool pelo condutor";"Saída de leito carroçável";"Com Vítimas Feridas";"Pleno dia";"Decrescente";"Céu Claro";"Simples";"Reta";"Não";1;0;0;1;0;0;1;1;-20,28798201;-42,53964899;"SPRF-MG";"DEL03-MG";"UOP03-DEL03-MG"
501871;2023-01-29;"domingo";"07:10:00";"MG";381;525,5;"BRUMADINHO";"Velocidade Incompatível";"Colisão traseira";"Com Vítimas Feridas";"Pleno dia";"Crescente";"Céu Claro";"Dupla";"Curva;Declive";"Não";6;0;3;0;0;3;3;2;-20,16710798;-44,33422398;"SPRF-MG";"DEL04-MG";"UOP03-DEL04-MG"
501872;2023-01-29;"domingo";"05:30:00";"AP";156;820;"OIAPOQUE";"Ausência de reação do condutor";"Colisão com objeto";"Com Vítimas Feridas";"Amanhecer";"Decrescente";"Céu Claro";"Simples";"Reta";"Sim";1;0;1;0;0;0;1;1;3,83878842;-51,81774523;"SPRF-AP";"DEL01-AP";"UOP03-DEL01-AP"
501873;2023-01-21;"sábado";"09:35:00";"SC";101;288;"IMBITUBA";"Desrespeitar a preferência no cruzamento";"Colisão transversal";"Com Vítimas Feridas";"Pleno dia";"Crescente";"Céu Claro";"Simples";"Rotatória;Viaduto;Interseção de Vias";"Sim";2;0;2;0;0;0;2;2;-28,24598003;-48,70010284;"SPRF-SC";"DEL02-SC";"UOP03-DEL02-SC"
501874;2023-01-29;"domingo";"06:30:00";"PR";376;674;"GUARATUBA";"Ingestão de álcool pelo condutor";"Colisão com objeto";"Sem Vítimas";"Pleno dia";"Crescente";"Céu Claro";"Dupla";"Curva";"Não";1;0;0;0;1;0;0;1;-25,90851198;-48,92070682;"SPRF-PR";"DEL01-PR";"UOP04-DEL01-PR"
501875;2023-01-21;"sábado";"17:00:00";"SC";282;102;"ALFREDO WAGNER";"Ausência de reação do condutor";"Colisão traseira";"Com Vítimas Feridas";"Pleno dia";"Crescente";"Céu Claro";"Simples";"Reta";"Não";2;0;1;0;1;0;1;2;-27,694818;-49,314419;"SPRF-SC";"DEL01-SC";"UOP03-DEL01-SC"
501876;2023-01-21;"sábado";"18:40:00";"SC";101;278,8;"IMBITUBA";"Manobra de mudança de faixa";"Colisão traseira";"Com Vítimas Feridas";"Anoitecer";"Decrescente";"Céu Claro";"Simples";"Interseção de Vias";"Sim";2;0;1;0;1;0;1;2;-28,18386243;-48,69579971;"SPRF-SC";"DEL02-SC";"UOP03-DEL02-SC"
501877;2023-01-29;"domingo";"06:50:00";"RJ";101;271;"RIO BONITO";"Condutor Dormindo";"Saída de leito carroçável";"Sem Vítimas";"Amanhecer";"Decrescente";"Céu Claro";"Dupla";"Curva";"Não";1;0;0;0;1;0;0;1;-22,7244314684;-42,6936814311;"SPRF-RJ";"DEL02-RJ";"UOP03-DEL02-RJ"
501878;2023-01-29;"domingo";"06:40:00";"RJ";40;30;"TRES RIOS";"Velocidade Incompatível";"Queda de ocupante de veículo";"Com Vítimas Feridas";"Amanhecer";"Crescente";"Céu Claro";"Dupla";"Curva";"Não";1;0;1;0;0;0;1;1;-22,18633705;-43,16660309;"SPRF-RJ";"DEL05-RJ";"UOP02-DEL05-RJ"
501880;2023-01-29;"domingo";"06:28:00";"SC";101;24;"JOINVILLE";"Ingestão de álcool pelo condutor";"Colisão com objeto";"Com Vítimas Feridas";"Pleno dia";"Decrescente";"Céu Claro";"Dupla";"Reta";"Não";3;0;3;0;0;0;3;1;-26,17483309;-48,90767978;"SPRF-SC";"DEL03-SC";"UOP01-DEL03-SC"
501881;2023-01-29;"domingo";"05:00:00";"GO";60;460;"JATAI";"Condutor Dormindo";"Saída de leito carroçável";"Com Vítimas Feridas";"Amanhecer";"Crescente";"Nublado";"Dupla";"Curva";"Não";2;0;1;0;1;0;1;1;-17,8715;-51,6163;"SPRF-GO";"DEL05-GO";"UOP01-DEL05-GO"
501882;2023-01-29;"domingo";"06:20:00";"PR";116;1;"CAMPINA GRANDE DO SUL";"Reação tardia ou ineficiente do condutor";"Colisão com objeto";"Sem Vítimas";"Pleno dia";"Crescente";"Céu Claro";"Dupla";"Curva";"Sim";1;0;0;0;0;1;0;1;-25,06368403;-48,57051896;"SPRF-PR";"DEL01-PR";"UOP02-DEL01-PR"
501883;2023-01-29;"domingo";"07:55:00";"RS";290;13;"SANTO ANTONIO DA PATRULHA";"Velocidade Incompatível";"Colisão traseira";"Com Vítimas Feridas";"Pleno dia";"Crescente";"Nublado";"Múltipla";"Reta";"Não";4;0;1;0;3;0;1;2;-29,875334;-50,396614;"SPRF-RS";"DEL03-RS";"UOP01-DEL03-RS"
501884;2023-01-20;"sexta-feira";"21:00:00";"RJ";116;79;"TERESOPOLIS";"Acessar a via sem observar a presença dos outros veículos";"Colisão transversal";"Com Vítimas Feridas";"Plena Noite";"Crescente";"Chuva";"Simples";"Reta";"Sim";3;0;2;0;1;0;2;2;-22,381704;-42,954777;"SPRF-RJ";"DEL04-RJ";"UOP01-DEL04-RJ"
501885;2023-01-29;"domingo";"03:30:00";"AM";230;615;"HUMAITA";"Transitar na contramão";"Colisão frontal";"Com Vítimas Fatais";"Plena Noite";"Crescente";"Chuva";"Simples";"Reta";"Sim";2;1;1;0;0;0;1;2;-7,532218;-63,0521096;"SPRF-AM";"DEL01-AM";"UOP05-DEL01-AM"
501887;2023-01-21;"sábado";"17:50:00";"ES";262;142,8;"MUNIZ FREIRE";"Manobra de mudança de faixa";"Colisão frontal";"Com Vítimas Feridas";"Anoitecer";"Decrescente";"Nublado";"Simples";"Curva";"Não";3;0;3;0;0;0;3;2;-20,22866414;-41,38595101;"SPRF-ES";"DEL01-ES";"UOP02-DEL01-ES"
501888;2023-01-29;"domingo";"06:30:00";"BA";116;710,8;"MANOEL VITORINO";"Demais falhas mecânicas ou elétricas";"Queda de ocupante de veículo";"Com Vítimas Feridas";"Pleno dia";"Decrescente";"Céu Claro";"Simples";"Reta";"Sim";2;0;2;0;0;0;2;1;-14,11581891;-40,22867919;"SPRF-BA";"DEL03-BA";"UOP01-DEL03-BA"
501889;2023-01-29;"domingo";"07:45:00";"MG";262;366,6;"JUATUBA";"Reação tardia ou ineficiente do condutor";"Colisão lateral mesmo sentido";"Com Vítimas Feridas";"Pleno dia";"Crescente";"Céu Claro";"Dupla";"Curva;Declive";"Não";2;0;2;0;0;0;2;2;-19,97456;-44,32601;"SPRF-MG";"DEL01-MG";"UOP03-DEL01-MG"
501891;2023-01-29;"domingo";"05:11:00";"RJ";393;284,7;"VOLTA REDONDA";"Chuva";"Colisão com objeto";"Com Vítimas Fatais";"Pleno dia";"Decrescente";"Chuva";"Dupla";"Curva";"Sim";3;1;2;0;0;0;2;1;-22,47341979;-44,05990606;"SPRF-RJ";"DEL05-RJ";"UOP04-DEL05-RJ"
501892;2023-01-29;"domingo";"07:15:00";"RO";364;497;"ARIQUEMES";"Ingestão de álcool pelo condutor";"Saída de leito carroçável";"Com Vítimas Feridas";"Pleno dia";"Decrescente";"Nublado";"Simples";"Curva";"Não";1;0;1;0;0;0;1;1;-10,05530308;-62,97367937;"SPRF-RO";"DEL03-RO";"UOP01-DEL03-RO"
501894;2023-01-21;"sábado";"10:25:00";"SC";101;116;"ITAJAI";"Velocidade Incompatível";"Colisão traseira";"Com Vítimas Feridas";"Pleno dia";"Decrescente";"Céu Claro";"Dupla";"Reta";"Sim";3;0;0;1;2;0;1;3;-26,87905605;-48,72603512;"SPRF-SC";"DEL04-SC";"UOP04-DEL04-SC"
501896;2023-01-01;"domingo";"16:30:00";"SC";282;467,9;"PONTE SERRADA";"Reação tardia ou ineficiente do condutor";"Colisão traseira";"Com Vítimas Feridas";"Pleno dia";"Decrescente";"Céu Claro";"Simples";"Reta";"Não";8;0;1;0;6;1;1;4;-26,854425;-52,096107;"SPRF-SC";"DEL07-SC";"UOP04-DEL07-SC"
501897;2023-01-29;"domingo";"05:00:00";"RJ";40;87;"PETROPOLIS";"Demais falhas mecânicas ou elétricas";"Saída de leito carroçável";"Com Vítimas Feridas";"Amanhecer";"Crescente";"Céu Claro";"Simples";"Reta";"Não";59;0;22;0;37;0;22;1;-22,542666;-43,233741;"SPRF-RJ";"DEL06-RJ";"UOP01-DEL06-RJ"
501901;2023-01-29;"domingo";"09:30:00";"MT";163;818,9;"SINOP";"Avarias e/ou desgaste excessivo no pneu";"Tombamento";"Com Vítimas Feridas";"Pleno dia";"Crescente";"Céu Claro";"Simples";"Reta";"Sim";2;0;1;0;1;0;1;1;-12,13923003;-55,5145573;"SPRF-MT";"DEL06-MT";"UOP02-DEL06-MT"
501902;2023-01-29;"domingo";"10:45:00";"RS";470;219,6;"BENTO GONCALVES";"Velocidade Incompatível";"Tombamento";"Com Vítimas Feridas";"Pleno dia";"Crescente";"Céu Claro";"Simples";"Curva;Aclive";"Não";1;0;1;0;0;0;1;1;-29,191735;-51,52229279;"SPRF-RS";"DEL06-RS";"UOP01-DEL06-RS"
501904;2023-01-29;"domingo";"10:20:00";"MG";251;520,6;"MONTES CLAROS";"Objeto estático sobre o leito carroçável";"Colisão com objeto";"Com Vítimas Feridas";"Pleno dia";"Crescente";"Céu Claro";"Simples";"Reta";"Não";1;0;0;1;0;0;1;1;-16,66570005;-43,78533097;"SPRF-MG";"DEL12-MG";"UOP01-DEL12-MG"
501906;2023-01-29;"domingo";"10:10:00";"PR";277;53;"SAO JOSE DOS PINHAIS";"Condutor Dormindo";"Saída de leito carroçável";"Com Vítimas Feridas";"Pleno dia";"Crescente";"Céu Claro";"Dupla";"Curva;Aclive";"Não";1;0;1;0;0;0;1;1;-25,591842;-48,92584;"SPRF-PR";"DEL01-PR";"UOP01-DEL01-PR"
501907;2023-01-29;"domingo";"08:10:00";"GO";364;84;"CACHOEIRA ALTA";"Ingestão de álcool pelo condutor";"Colisão traseira";"Sem Vítimas";"Pleno dia";"Crescente";"Sol";"Simples";"Reta";"Não";2;0;0;0;2;0;0;2;-18,550404;-51,051907;"SPRF-GO";"DEL05-GO";"UOP02-DEL05-GO"
501908;2023-01-29;"domingo";"11:00:00";"SC";101;138;"BALNEARIO CAMBORIU";"Acessar a via sem observar a presença dos outros veículos";"Colisão transversal";"Com Vítimas Feridas";"Pleno dia";"Crescente";"Céu Claro";"Dupla";"Reta";"Sim";2;0;1;0;1;0;1;2;-27,02397426;-48,60761649;"SPRF-SC";"DEL04-SC";"UOP03-DEL04-SC"
501910;2023-01-29;"domingo";"10:20:00";"RJ";101;534;"PARATY";"Acessar a via sem observar a presença dos outros veículos";"Colisão transversal";"Com Vítimas Feridas";"Pleno dia";"Crescente";"Céu Claro";"Simples";"Reta";"Sim";3;0;2;0;1;0;2;2;-23,0283161;-44,5408722;"SPRF-RJ";"DEL03-RJ";"UOP04-DEL03-RJ"
501911;2023-01-29;"domingo";"10:30:00";"RJ";101;181;"RIO DAS OSTRAS";"Avarias e/ou desgaste excessivo no pneu";"Queda de ocupante de veículo";"Com Vítimas Feridas";"Pleno dia";"Crescente";"Céu Claro";"Simples";"Reta";"Não";2;0;2;0;0;0;2;1;-22,41692381;-42,00103036;"SPRF-RJ";"DEL08-RJ";"UOP04-DEL08-RJ"
501912;2023-01-29;"domingo";"11:40:00";"BA";110;2;"PAULO AFONSO";"Curva acentuada";"Saída de leito carroçável";"Com Vítimas Feridas";"Pleno dia";"Crescente";"Céu Claro";"Simples";"Curva";"Sim";2;0;2;0;0;0;2;1;-9,437381;-38,204226;"SPRF-BA";"DEL07-BA";"UOP01-DEL07-BA"
501913;2023-01-29;"domingo";"10:27:00";"RR";401;6;"CANTA";"Ausência de reação do condutor";"Colisão com objeto";"Com Vítimas Feridas";"Pleno dia";"Crescente";"Céu Claro";"Dupla";"Reta";"Sim";1;0;0;1;0;0;1;1;2,79051846;-60,64300847;"SPRF-RR";"DEL01-RR";"UOP01-DEL01-RR"
501914;2023-01-29;"domingo";"10:40:00";"PE";116;24;"SALGUEIRO";"Retorno proibido";"Saída de leito carroçável";"Com Vítimas Feridas";"Pleno dia";"Decrescente";"Céu Claro";"Simples";"Reta";"Não";1;0;1;0;0;0;1;1;-8,061417;-39,135975;"SPRF-PE";"DEL05-PE";"UOP01-DEL05-PE"
501915;2023-01-29;"domingo";"09:47:00";"MG";50;133;"UBERABA";"Objeto estático sobre o leito carroçável";"Colisão traseira";"Sem Vítimas";"Pleno dia";"Crescente";"Chuva";"Dupla";"Em Obras;Reta";"Não";3;0;0;0;2;1;0;2;-19,41574308;-48,07159033;"SPRF-MG";"DEL13-MG";"UOP01-DEL13-MG"
501916;2023-01-29;"domingo";"12:20:00";"SP";116;110,9;"TAUBATE";"Reação tardia ou ineficiente do condutor";"Tombamento";"Com Vítimas Feridas";"Pleno dia";"Decrescente";"Céu Claro";"Dupla";"Reta";"Sim";1;0;1;0;0;0;1;1;-23,03412614;-45,5526999;"SPRF-SP";"DEL02-SP";"UOP02-DEL02-SP"
501917;2023-01-22;"domingo";"11:10:00";"AM";174;935;"MANAUS";"Chuva";"Saída de leito carroçável";"Sem Vítimas";"Pleno dia";"Crescente";"Chuva";"Simples";"Reta";"Não";2;0;0;0;2;0;0;1;-2,531767;-60,03644605;"SPRF-AM";"DEL01-AM";"UOP01-DEL01-AM"
501919;2023-01-29;"domingo";"12:14:00";"PR";277;42;"MORRETES";"Afundamento ou ondulação no pavimento";"Tombamento";"Com Vítimas Feridas";"Pleno dia";"Decrescente";"Céu Claro";"Dupla";"Curva;Em Obras";"Não";1;0;1;0;0;0;1;1;-25,57361239;-48,84469597;"SPRF-PR";"DEL01-PR";"UOP01-DEL01-PR"
501921;2023-01-29;"domingo";"13:00:00";"PR";277;56;"SAO JOSE DOS PINHAIS";"Acesso irregular";"Colisão transversal";"Com Vítimas Feridas";"Pleno dia";"Decrescente";"Céu Claro";"Dupla";"Reta;Declive";"Não";6;0;1;5;0;0;6;2;-25,569023;-48,9991388;"SPRF-PR";"DEL01-PR";"UOP01-DEL01-PR"
501922;2023-01-29;"domingo";"11:10:00";"RJ";116;120;"MAGE";"Avarias e/ou desgaste excessivo no pneu";"Queda de ocupante de veículo";"Com Vítimas Feridas";"Pleno dia";"Decrescente";"Céu Claro";"Dupla";"Reta";"Não";2;0;2;0;0;0;2;1;-22,62191389;-43,04363229;"SPRF-RJ";"DEL04-RJ";"UOP02-DEL04-RJ"
501924;2023-01-29;"domingo";"14:00:00";"SP";116;315,5;"SAO LOURENCO DA SERRA";"Pedestre cruzava a pista fora da faixa";"Atropelamento de Pedestre";"Com Vítimas Feridas";"Pleno dia";"Decrescente";"Céu Claro";"Dupla";"Reta";"Não";2;0;0;1;1;0;1;2;-23,90251888;-46,99049317;"SPRF-SP";"DEL04-SP";"UOP03-DEL04-SP"
501925;2023-01-29;"domingo";"14:00:00";"PR";476;114,9;"COLOMBO";"Desrespeitar a preferência no cruzamento";"Colisão transversal";"Com Vítimas Feridas";"Pleno dia";"Decrescente";"Sol";"Simples";"Rotatória";"Não";4;0;1;0;3;0;1;2;-25,34353546;-49,15920865;"SPRF-PR";"DEL01-PR";"UOP01-DEL01-PR"
501926;2023-01-29;"domingo";"14:00:00";"SC";101;144;"ITAPEMA";"Manobra de mudança de faixa";"Colisão traseira";"Com Vítimas Feridas";"Pleno dia";"Decrescente";"Céu Claro";"Dupla";"Curva";"Não";2;0;1;0;1;0;1;2;-27,0732659;-48,59672716;"SPRF-SC";"DEL04-SC";"UOP03-DEL04-SC"
501927;2023-01-29;"domingo";"13:00:00";"MG";365;457,8;"PATROCINIO";"Condutor deixou de manter distância do veículo da frente";"Colisão traseira";"Com Vítimas Feridas";"Pleno dia";"Decrescente";"Céu Claro";"Simples";"Reta";"Não";3;0;2;0;0;1;2;2;-18,85993078;-46,88714715;"SPRF-MG";"DEL10-MG";"UOP01-DEL10-MG"
501929;2023-01-29;"domingo";"13:15:00";"PB";230;304;"SAO MAMEDE";"Avarias e/ou desgaste excessivo no pneu";"Saída de leito carroçável";"Sem Vítimas";"Pleno dia";"Decrescente";"Céu Claro";"Simples";"Reta";"Não";1;0;0;0;1;0;0;1;-6,9122;-37,0172;"SPRF-PB";"DEL03-PB";"UOP01-DEL03-PB"
501930;2023-01-29;"domingo";"14:20:00";"CE";116;14,5;"FORTALEZA";"Ausência de reação do condutor";"Tombamento";"Com Vítimas Feridas";"Pleno dia";"Crescente";"Céu Claro";"Múltipla";"Reta";"Sim";2;0;2;0;0;0;2;1;-3,86973356;-38,49827361;"SPRF-CE";"DEL01-CE";"UOP02-DEL01-CE"
501931;2023-01-21;"sábado";"21:05:00";"RS";392;199,9;"SANTANA DA BOA VISTA";"Ingestão de álcool pelo condutor";"Colisão frontal";"Com Vítimas Feridas";"Plena Noite";"Crescente";"Céu Claro";"Simples";"Interseção de Vias;Reta";"Não";3;0;1;2;0;0;3;2;-30,87997074;-53,13302729;"SPRF-RS";"DEL09-RS";"UOP02-DEL09-RS"