"id";"data_inversa";"dia_semana";"horario";"uf";"br";"km";"municipio";"causa_acidente";"tipo_acidente";"classificacao_acidente";"fase_dia";"sentido_via";"condicao_metereologica";"tipo_pista";"tracado_via";"uso_solo";"pessoas";"mortos";"feridos_leves";"feridos_graves";"ilesos";"ignorados";"feridos";"veiculos";"latitude";"longitude";"regional";"delegacia";"uop"
501932;2023-01-29;"domingo";"11:40:00";"ES";101;300;"VIANA";"Ausência de reação do condutor";"Colisão com objeto";"Com Vítimas Feridas";"Pleno dia";"Decrescente";"Céu Claro";"Dupla";"Curva";"Sim";1;0;1;0;0;0;1;1;-20,358635;-40,432167;"SPRF-ES";"DEL01-ES";"UOP01-DEL01-ES"
501933;2023-01-29;"domingo";"14:05:00";"MG";381;867,3;"POUSO ALEGRE";"Ingestão de álcool pelo condutor";"Colisão com objeto";"Com Vítimas Feridas";"Pleno dia";"Decrescente";"Nublado";"Dupla";"Reta";"Não";3;0;2;0;1;0;2;1;-22,411919;-45,96177005;"SPRF-MG";"DEL16-MG";"UOP01-DEL16-MG"
501934;2023-01-29;"domingo";"15:11:00";"MG";50;172;"UBERABA";"Demais falhas mecânicas ou elétricas";"Queda de ocupante de veículo";"Com Vítimas Feridas";"Pleno dia";"Decrescente";"Garoa/Chuvisco";"Dupla";"Reta";"Não";2;0;1;0;1;0;1;1;-19,75402507;-47,98051917;"SPRF-MG";"DEL13-MG";"UOP01-DEL13-MG"
501936;2023-01-22;"domingo";"01:30:00";"SP";116;105,4;"TAUBATE";"Ingestão de álcool pelo condutor";"Colisão com objeto";"Com Vítimas Fatais";"Plena Noite";"Crescente";"Nublado";"Dupla";"Reta";"Não";2;1;0;0;0;1;0;2;-23,00757973;-45,51466613;"SPRF-SP";"DEL02-SP";"UOP02-DEL02-SP"
501937;2023-01-29;"domingo";"15:20:00";"PE";104;62,6;"CARUARU";"Condutor deixou de manter distância do veículo da frente";"Colisão traseira";"Com Vítimas Feridas";"Pleno dia";"Crescente";"Céu Claro";"Dupla";"Reta";"Sim";2;0;0;1;1;0;1;2;-8,2618;-35,976;"SPRF-PE";"DEL02-PE";"UOP01-DEL02-PE"
501938;2023-01-29;"domingo";"12:00:00";"MG";262;519;"LUZ";"Velocidade Incompatível";"Saída de leito carroçável";"Com Vítimas Feridas";"Pleno dia";"Crescente";"Céu Claro";"Simples";"Reta";"Não";1;0;1;0;0;0;1;1;-19,79063188;-45,61029998;"SPRF-MG";"DEL08-MG";"UOP03-DEL08-MG"
501939;2023-01-29;"domingo";"15:15:00";"MG";381;487,3;"BETIM";"Ausência de reação do condutor";"Colisão com objeto";"Com Vítimas Feridas";"Pleno dia";"Crescente";"Nublado";"Múltipla";"Curva;Declive";"Sim";3;0;1;0;2;0;1;1;-19,9550405;-44,11691;"SPRF-MG";"DEL01-MG";"UOP03-DEL01-MG"
501940;2023-01-28;"sábado";"19:15:00";"RO";364;4,8;"VILHENA";"Pedestre andava na pista";"Atropelamento de Pedestre";"Com Vítimas Fatais";"Plena Noite";"Crescente";"Chuva";"Simples";"Reta";"Não";2;1;0;0;0;1;0;2;-12,79174298;-60,08807194;"SPRF-RO";"DEL04-RO";"UOP01-DEL04-RO"
501941;2023-01-29;"domingo";"12:15:00";"MG";0;0;"RIO PIRACICABA";"Problema com o freio";"Colisão com objeto";"Sem Vítimas";"Pleno dia";"Não Informado";"Nublado";"Simples";"Curva;Declive";"Sim";2;0;0;0;2;0;0;1;-19,907011;-43,151762;"SPRF-MG";"DEL03-MG";"UOP01-DEL03-MG"
501944;2023-01-29;"domingo";"14:30:00";"SP";381;89;"GUARULHOS";"Manobra de mudança de faixa";"Colisão lateral mesmo sentido";"Com Vítimas Feridas";"Pleno dia";"Crescente";"Garoa/Chuvisco";"Dupla";"Reta";"Sim";5;0;2;0;3;0;2;4;-23,489987;-46,559432;"SPRF-SP";"DEL03-SP";"UOP01-DEL03-SP"
501945;2023-01-29;"domingo";"15:30:00";"SC";101;223,5;"PALHOCA";"Desrespeitar a preferência no cruzamento";"Colisão transversal";"Com Vítimas Feridas";"Pleno dia";"Decrescente";"Chuva";"Múltipla";"Viaduto";"Sim";3;0;0;1;2;0;1;2;-27,71552634;-48,64881251;"SPRF-SC";"DEL01-SC";"UOP02-DEL01-SC"
501946;2023-01-29;"domingo";"14:30:00";"MT";364;284,6;"JACIARA";"Objeto estático sobre o leito carroçável";"Saída de leito carroçável";"Com Vítimas Feridas";"Pleno dia";"Decrescente";"Céu Claro";"Dupla";"Declive;Reta";"Não";2;0;0;1;1;0;1;1;-15,91114583;-55,04114295;"SPRF-MT";"DEL05-MT";"UOP02-DEL05-MT"
501947;2023-01-29;"domingo";"15:43:00";"MG";365;603,6;"UBERLANDIA";"Chuva";"Saída de leito carroçável";"Com Vítimas Feridas";"Pleno dia";"Crescente";"Chuva";"Dupla";"Retorno Regulamentado;Curva";"Não";2;0;1;0;0;1;1;2;-18,89734796;-48,15671403;"SPRF-MG";"DEL15-MG";"UOP01-DEL15-MG"
501949;2023-01-29;"domingo";"10:30:00";"MG";146;397,7;"GUAXUPE";"Velocidade Incompatível";"Saída de leito carroçável";"Sem Vítimas";"Pleno dia";"Crescente";"Chuva";"Simples";"Curva";"Não";1;0;0;0;1;0;0;1;-21,30672;-46,66155;"SPRF-MG";"DEL09-MG";"UOP01-DEL09-MG"
501950;2023-01-29;"domingo";"15:25:00";"SC";101;321;"CAPIVARI DE BAIXO";"Reação tardia ou ineficiente do condutor";"Colisão com objeto";"Sem Vítimas";"Pleno dia";"Decrescente";"Chuva";"Múltipla";"Curva";"Não";2;0;0;0;2;0;0;1;-28,42532339;-48,8919091;"SPRF-SC";"DEL02-SC";"UOP01-DEL02-SC"
501953;2023-01-29;"domingo";"16:15:00";"SP";116;185;"SANTA ISABEL";"Reação tardia ou ineficiente do condutor";"Colisão traseira";"Com Vítimas Feridas";"Pleno dia";"Crescente";"Garoa/Chuvisco";"Dupla";"Reta";"Não";3;0;3;0;0;0;3;2;-23,35176424;-46,18966001;"SPRF-SP";"DEL01-SP";"UOP01-DEL01-SP"
501954;2023-01-29;"domingo";"13:00:00";"GO";20;156;"ALVORADA DO NORTE";"Velocidade Incompatível";"Capotamento";"Com Vítimas Feridas";"Pleno dia";"Crescente";"Chuva";"Simples";"Declive;Reta";"Não";2;0;1;0;1;0;1;1;-14,647141;-46,633461;"SPRF-DF";"DEL02-DF";"UOP03-DEL02-DF"
501955;2023-01-29;"domingo";"15:12:00";"RJ";101;325;"NITEROI";"Condutor Dormindo";"Colisão lateral mesmo sentido";"Com Vítimas Feridas";"Pleno dia";"Decrescente";"Céu Claro";"Dupla";"Reta;Ponte";"Não";2;0;1;0;1;0;1;2;-22,87292569;-43,13625699;"SPRF-RJ";"DEL02-RJ";"UOP01-DEL02-RJ"
501956;2023-01-29;"domingo";"16:15:00";"ES";101;334,9;"GUARAPARI";"Reação tardia ou ineficiente do condutor";"Tombamento";"Com Vítimas Feridas";"Pleno dia";"Crescente";"Céu Claro";"Simples";"Curva";"Sim";1;0;0;1;0;0;1;1;-20,6213791;-40,52011191;"SPRF-ES";"DEL03-ES";"UOP01-DEL03-ES"
501958;2023-01-29;"domingo";"16:02:00";"MG";381;937;"EXTREMA";"Reação tardia ou ineficiente do condutor";"Colisão traseira";"Sem Vítimas";"Pleno dia";"Decrescente";"Chuva";"Simples";"Rotatória";"Não";3;0;0;0;3;0;0;2;-22,81265629;-46,2852413;"SPRF-MG";"DEL16-MG";"UOP03-DEL16-MG"
501959;2023-01-29;"domingo";"15:00:00";"MG";381;937;"EXTREMA";"Ingestão de álcool pelo condutor";"Saída de leito carroçável";"Sem Vítimas";"Pleno dia";"Decrescente";"Chuva";"Dupla";"Curva";"Não";1;0;0;0;1;0;0;1;-22,81262344;-46,28504826;"SPRF-MG";"DEL16-MG";"UOP03-DEL16-MG"
501963;2023-01-09;"segunda-feira";"17:20:00";"SC";101;333;"TUBARAO";"Acessar a via sem observar a presença dos outros veículos";"Colisão lateral mesmo sentido";"Com Vítimas Feridas";"Pleno dia";"Crescente";"Céu Claro";"Dupla";"Reta";"Sim";3;0;0;1;2;0;1;3;-28,46630107;-48,99653096;"SPRF-SC";"DEL02-SC";"UOP01-DEL02-SC"
501964;2023-01-29;"domingo";"14:00:00";"MG";381;558;"ITAGUARA";"Chuva";"Colisão com objeto";"Com Vítimas Feridas";"Pleno dia";"Crescente";"Chuva";"Dupla";"Curva;Declive";"Não";1;0;1;0;0;0;1;1;-20,37563821;-44,47422681;"SPRF-MG";"DEL04-MG";"UOP03-DEL04-MG"
501965;2023-01-29;"domingo";"10:30:00";"SP";116;269;"TABOAO DA SERRA";"Trafegar com motocicleta (ou similar) entre as faixas";"Colisão lateral mesmo sentido";"Com Vítimas Feridas";"Pleno dia";"Decrescente";"Céu Claro";"Dupla";"Reta";"Sim";3;0;1;0;2;0;1;2;-23,61593059;-46,78826044;"SPRF-SP";"DEL04-SP";"UOP01-DEL04-SP"
501967;2023-01-29;"domingo";"16:40:00";"SC";280;33,9;"ARAQUARI";"Manobra de mudança de faixa";"Colisão lateral sentido oposto";"Com Vítimas Feridas";"Pleno dia";"Crescente";"Chuva";"Simples";"Reta";"Não";4;0;2;0;2;0;2;3;-26,42993971;-48,79615614;"SPRF-SC";"DEL03-SC";"UOP03-DEL03-SC"
501968;2023-01-29;"domingo";"15:05:00";"SC";101;381,1;"ICARA";"Velocidade Incompatível";"Saída de leito carroçável";"Com Vítimas Feridas";"Pleno dia";"Crescente";"Chuva";"Múltipla";"Reta";"Não";4;0;3;0;1;0;3;1;-28,75478409;-49,27732095;"SPRF-SC";"DEL02-SC";"UOP02-DEL02-SC"
501970;2023-01-29;"domingo";"17:00:00";"RJ";101;503;"ANGRA DOS REIS";"Conversão proibida";"Queda de ocupante de veículo";"Com Vítimas Feridas";"Anoitecer";"Decrescente";"Nublado";"Simples";"Reta";"Sim";2;0;1;0;1;0;1;2;-22,9289470461;-44,3787999808;"SPRF-RJ";"DEL03-RJ";"UOP03-DEL03-RJ"
501971;2023-01-29;"domingo";"17:10:00";"MG";381;821,2;"CAREACU";"Desrespeitar a preferência no cruzamento";"Colisão transversal";"Com Vítimas Feridas";"Pleno dia";"Decrescente";"Chuva";"Dupla";"Interseção de Vias;Reta";"Não";4;0;4;0;0;0;4;2;-22,0789242;-45,7013762;"SPRF-MG";"DEL16-MG";"UOP02-DEL16-MG"
501972;2023-01-29;"domingo";"12:00:00";"MG";267;85;"JUIZ DE FORA";"Velocidade Incompatível";"Saída de leito carroçável";"Com Vítimas Feridas";"Pleno dia";"Crescente";"Nublado";"Simples";"Curva;Declive";"Não";3;0;3;0;0;0;3;1;-21,76198367;-43,25075184;"SPRF-MG";"DEL05-MG";"UOP01-DEL05-MG"
501974;2023-01-29;"domingo";"16:20:00";"MG";40;799,2;"JUIZ DE FORA";"Velocidade Incompatível";"Saída de leito carroçável";"Com Vítimas Feridas";"Pleno dia";"Decrescente";"Nublado";"Dupla";"Curva;Aclive";"Não";5;0;5;0;0;0;5;1;-21,82857001;-43,37364401;"SPRF-MG";"DEL05-MG";"UOP01-DEL05-MG"
501975;2023-01-29;"domingo";"16:15:00";"MG";365;699,7;"MONTE ALEGRE DE MINAS";"Chuva";"Saída de leito carroçável";"Com Vítimas Feridas";"Pleno dia";"Crescente";"Chuva";"Dupla";"Declive;Reta";"Não";4;0;3;0;1;0;3;1;-18,87979021;-48,98864599;"SPRF-MG";"DEL15-MG";"UOP03-DEL15-MG"
501976;2023-01-29;"domingo";"16:30:00";"MS";163;263;"DOURADOS";"Desrespeitar a preferência no cruzamento";"Colisão traseira";"Com Vítimas Feridas";"Pleno dia";"Crescente";"Céu Claro";"Dupla";"Reta;Rotatória";"Sim";2;0;0;1;1;0;1;2;-22,2321027;-54,7480917;"SPRF-MS";"DEL04-MS";"UOP01-DEL04-MS"
501977;2023-01-29;"domingo";"16:50:00";"MG";50;165,5;"UBERABA";"Afundamento ou ondulação no pavimento";"Colisão traseira";"Com Vítimas Feridas";"Pleno dia";"Decrescente";"Nublado";"Dupla";"Declive";"Não";5;0;1;0;4;0;1;2;-19,69326783;-47,98949154;"SPRF-MG";"DEL13-MG";"UOP01-DEL13-MG"
501978;2023-01-29;"domingo";"17:20:00";"SP";116;273;"TABOAO DA SERRA";"Ingestão de álcool pelo condutor";"Colisão lateral sentido oposto";"Sem Vítimas";"Pleno dia";"Decrescente";"Céu Claro";"Simples";"Viaduto";"Sim";2;0;0;0;2;0;0;2;-23,62809795;-46,81870306;"SPRF-SP";"DEL04-SP";"UOP01-DEL04-SP"
501979;2023-01-29;"domingo";"17:35:00";"SE";101;116;"ITAPORANGA DAJUDA";"Manobra de mudança de faixa";"Colisão lateral mesmo sentido";"Com Vítimas Feridas";"Anoitecer";"Decrescente";"Céu Claro";"Dupla";"Aclive";"Não";6;0;3;0;3;0;3;3;-11,01146389;-37,31286103;"SPRF-SE";"DEL02-SE";"UOP01-DEL02-SE"
501980;2023-01-29;"domingo";"14:30:00";"MG";40;809,6;"MATIAS BARBOSA";"Reação tardia ou ineficiente do condutor";"Queda de ocupante de veículo";"Com Vítimas Feridas";"Pleno dia";"Crescente";"Nublado";"Dupla";"Reta";"Não";1;0;0;1;0;0;1;1;-21,87077676;-43,34388381;"SPRF-MG";"DEL05-MG";"UOP01-DEL05-MG"
501981;2023-01-29;"domingo";"17:50:00";"BA";110;172;"RIBEIRA DO POMBAL";"Reação tardia ou ineficiente do condutor";"Queda de ocupante de veículo";"Com Vítimas Feridas";"Anoitecer";"Crescente";"Céu Claro";"Simples";"Reta";"Sim";1;0;1;0;0;0;1;1;-10,86050095;-38,52864347;"SPRF-BA";"DEL07-BA";"UOP02-DEL07-BA"
501982;2023-01-29;"domingo";"16:40:00";"SP";116;276;"EMBU DAS ARTES";"Animais na Pista";"Colisão traseira";"Sem Vítimas";"Pleno dia";"Crescente";"Céu Claro";"Múltipla";"Reta";"Sim";4;0;0;0;4;0;0;2;-23,64262417;-46,83811382;"SPRF-SP";"DEL04-SP";"UOP01-DEL04-SP"
501983;2023-01-29;"domingo";"17:42:00";"RN";304;25;"MOSSORO";"Ausência de reação do condutor";"Colisão com objeto";"Com Vítimas Feridas";"Anoitecer";"Crescente";"Céu Claro";"Simples";"Reta";"Não";1;0;1;0;0;0;1;1;-5,07281407;-37,33179461;"SPRF-RN";"DEL04-RN";"UOP02-DEL04-RN"
501986;2023-01-29;"domingo";"18:00:00";"PB";230;155,9;"CAMPINA GRANDE";"Ingestão de álcool pelo condutor";"Colisão transversal";"Com Vítimas Feridas";"Plena Noite";"Crescente";"Céu Claro";"Simples";"Reta;Interseção de Vias";"Sim";9;0;3;0;5;1;3;2;-7,2748;-35,9058;"SPRF-PB";"DEL02-PB";"UOP01-DEL02-PB"
501987;2023-01-29;"domingo";"16:00:00";"MG";381;232;"BELO ORIENTE";"Ausência de reação do condutor";"Tombamento";"Com Vítimas Feridas";"Pleno dia";"Crescente";"Céu Claro";"Simples";"Curva;Aclive";"Não";1;0;1;0;0;0;1;1;-19,36792895;-42,45119304;"SPRF-MG";"DEL06-MG";"UOP01-DEL06-MG"
501988;2023-01-29;"domingo";"18:40:00";"SC";280;34;"ARAQUARI";"Ingestão de álcool pelo condutor";"Colisão frontal";"Sem Vítimas";"Pleno dia";"Crescente";"Chuva";"Simples";"Reta";"Não";3;0;0;0;3;0;0;2;-26,42993971;-48,79615614;"SPRF-SC";"DEL03-SC";"UOP03-DEL03-SC"
501989;2023-01-29;"domingo";"18:40:00";"SC";101;317;"LAGUNA";"Manobra de mudança de faixa";"Colisão traseira";"Com Vítimas Feridas";"Plena Noite";"Decrescente";"Garoa/Chuvisco";"Dupla";"Reta";"Não";2;0;1;0;1;0;1;2;-28,42708421;-48,85211624;"SPRF-SC";"DEL02-SC";"UOP01-DEL02-SC"
501990;2023-01-29;"domingo";"18:00:00";"CE";116;5;"FORTALEZA";"Condutor deixou de manter distância do veículo da frente";"Colisão traseira";"Sem Vítimas";"Anoitecer";"Decrescente";"Céu Claro";"Dupla";"Interseção de Vias";"Não";2;0;0;0;2;0;0;2;-3,79467116;-38,50772734;"SPRF-CE";"DEL01-CE";"UOP02-DEL01-CE"
501991;2023-01-29;"domingo";"14:30:00";"SC";153;35;"PONTE SERRADA";"Velocidade Incompatível";"Saída de leito carroçável";"Sem Vítimas";"Pleno dia";"Decrescente";"Sol";"Simples";"Curva";"Não";2;0;0;0;2;0;0;1;-26,8219261;-51,72071457;"SPRF-SC";"DEL07-SC";"UOP07-DEL07-SC"
501992;2023-01-29;"domingo";"17:40:00";"MS";262;170;"RIBAS DO RIO PARDO";"Ingestão de álcool pelo condutor";"Saída de leito carroçável";"Com Vítimas Feridas";"Anoitecer";"Crescente";"Céu Claro";"Simples";"Reta";"Não";1;0;1;0;0;0;1;1;-20,4232732908;-53,1137610637;"SPRF-MS";"DEL07-MS";"UOP02-DEL07-MS"
501993;2023-01-29;"domingo";"18:35:00";"PR";116;70;"CAMPINA GRANDE DO SUL";"Chuva";"Tombamento";"Com Vítimas Feridas";"Anoitecer";"Crescente";"Chuva";"Dupla";"Reta;Aclive";"Não";1;0;1;0;0;0;1;1;-25,33849717;-49,03792883;"SPRF-PR";"DEL01-PR";"UOP02-DEL01-PR"
501994;2023-01-29;"domingo";"18:40:00";"SP";116;144;"SAO JOSE DOS CAMPOS";"Manobra de mudança de faixa";"Colisão lateral mesmo sentido";"Com Vítimas Feridas";"Plena Noite";"Decrescente";"Chuva";"Múltipla";"Declive";"Sim";2;0;1;0;1;0;1;2;-23,18274416;-45,84633592;"SPRF-SP";"DEL02-SP";"UOP01-DEL02-SP"
501996;2023-01-29;"domingo";"18:30:00";"SC";101;408;"ARARANGUA";"Acumulo de água sobre o pavimento";"Saída de leito carroçável";"Com Vítimas Feridas";"Anoitecer";"Decrescente";"Chuva";"Dupla";"Curva";"Não";3;0;1;0;2;0;1;1;-28,92263433;-49,49544668;"SPRF-SC";"DEL02-SC";"UOP02-DEL02-SC"
502002;2023-01-29;"domingo";"19:42:00";"SE";101;116;"ITAPORANGA DAJUDA";"Ausência de reação do condutor";"Colisão traseira";"Com Vítimas Feridas";"Plena Noite";"Crescente";"Céu Claro";"Dupla";"Reta";"Não";2;0;0;1;1;0;1;2;-11,01146389;-37,31286103;"SPRF-SE";"DEL02-SE";"UOP01-DEL02-SE"
502004;2023-01-29;"domingo";"19:40:00";"BA";242;786;"BARREIRAS";"Ultrapassagem Indevida";"Colisão frontal";"Com Vítimas Feridas";"Plena Noite";"Crescente";"Céu Claro";"Simples";"Reta";"Não";1;0;1;0;0;0;1;1;-12,13956292;-44,76317799;"SPRF-BA";"DEL10-BA";"UOP01-DEL10-BA"
502005;2023-01-29;"domingo";"19:30:00";"RS";290;142;"ELDORADO DO SUL";"Reação tardia ou ineficiente do condutor";"Colisão frontal";"Com Vítimas Feridas";"Plena Noite";"Crescente";"Céu Claro";"Simples";"Reta";"Não";3;0;0;1;2;0;1;2;-30,089678;-51,628311;"SPRF-RS";"DEL02-RS";"UOP01-DEL02-RS"
502007;2023-01-29;"domingo";"19:30:00";"PB";101;12;"MAMANGUAPE";"Ausência de reação do condutor";"Queda de ocupante de veículo";"Com Vítimas Feridas";"Plena Noite";"Decrescente";"Ignorado";"Dupla";"Reta";"Sim";1;0;0;1;0;0;1;1;-6,60110408;-35,14339905;"SPRF-PB";"DEL01-PB";"UOP04-DEL01-PB"
502008;2023-01-29;"domingo";"19:50:00";"RS";386;344,5;"LAJEADO";"Ingestão de álcool pelo condutor";"Colisão transversal";"Com Vítimas Feridas";"Plena Noite";"Decrescente";"Céu Claro";"Simples";"Reta";"Sim";4;0;0;1;1;2;1;3;-29,44118594;-51,98827028;"SPRF-RS";"DEL04-RS";"UOP01-DEL04-RS"
502009;2023-01-29;"domingo";"16:15:00";"MG";262;422,9;"IGARATINGA";"Reação tardia ou ineficiente do condutor";"Colisão com objeto";"Com Vítimas Feridas";"Pleno dia";"Crescente";"Nublado";"Dupla";"Retorno Regulamentado";"Não";1;0;1;0;0;0;1;1;-19,88477767;-44,72993101;"SPRF-MG";"DEL08-MG";"UOP03-DEL08-MG"
502010;2023-01-29;"domingo";"19:40:00";"PR";369;160;"CAMBE";"Condutor deixou de manter distância do veículo da frente";"Colisão traseira";"Sem Vítimas";"Plena Noite";"Crescente";"Chuva";"Dupla";"Reta";"Sim";2;0;0;0;1;1;0;2;-23,28317774;-51,2477231;"SPRF-PR";"DEL07-PR";"UOP01-DEL07-PR"
502011;2023-01-29;"domingo";"19:00:00";"AL";101;246,3;"PORTO REAL DO COLEGIO";"Reação tardia ou ineficiente do condutor";"Colisão traseira";"Com Vítimas Feridas";"Plena Noite";"Decrescente";"Céu Claro";"Dupla";"Reta";"Sim";5;0;1;1;3;0;2;2;-10,19162376;-36,82542061;"SPRF-AL";"DEL02-AL";"UOP02-DEL02-AL"
502013;2023-01-29;"domingo";"18:30:00";"PR";376;383;"IMBAU";"Reação tardia ou ineficiente do condutor";"Saída de leito carroçável";"Com Vítimas Feridas";"Anoitecer";"Decrescente";"Chuva";"Dupla";"Curva";"Não";3;0;2;0;1;0;2;1;-24,42637363;-50,76768279;"SPRF-PR";"DEL03-PR";"UOP02-DEL03-PR"
502014;2023-01-29;"domingo";"18:25:00";"PR";163;147,2;"SANTA LUCIA";"Acumulo de água sobre o pavimento";"Saída de leito carroçável";"Com Vítimas Feridas";"Pleno dia";"Crescente";"Chuva";"Dupla";"Curva";"Não";4;0;3;0;1;0;3;1;-25,41784706;-53,57300704;"SPRF-PR";"DEL05-PR";"UOP05-DEL05-PR"
502015;2023-01-29;"domingo";"19:30:00";"PR";277;12;"PARANAGUA";"Trafegar com motocicleta (ou similar) entre as faixas";"Colisão com objeto";"Com Vítimas Feridas";"Plena Noite";"Crescente";"Chuva";"Dupla";"Reta";"Não";2;0;2;0;0;0;2;1;-25,568198;-48,615292;"SPRF-PR";"DEL01-PR";"UOP05-DEL01-PR"
502019;2023-01-29;"domingo";"20:00:00";"BA";367;81;"EUNAPOLIS";"Reação tardia ou ineficiente do condutor";"Colisão lateral mesmo sentido";"Com Vítimas Feridas";"Plena Noite";"Decrescente";"Céu Claro";"Simples";"Reta";"Sim";4;0;0;4;0;0;4;2;-16,37204769;-39,56382751;"SPRF-BA";"DEL09-BA";"UOP03-DEL09-BA"
502020;2023-01-29;"domingo";"17:00:00";"PA";316;44;"SANTA IZABEL DO PARA";"Acumulo de água sobre o pavimento";"Saída de leito carroçável";"Com Vítimas Feridas";"Anoitecer";"Crescente";"Chuva";"Dupla";"Reta";"Não";5;0;2;2;1;0;4;1;-1,27592647;-48,08710906;"SPRF-PA";"DEL01-PA";"UOP01-DEL01-PA"
502021;2023-01-29;"domingo";"20:15:00";"SC";280;56,8;"GUARAMIRIM";"Condutor deixou de manter distância do veículo da frente";"Colisão traseira";"Com Vítimas Feridas";"Plena Noite";"Crescente";"Chuva";"Simples";"Reta";"Não";2;0;1;0;1;0;1;2;-26,47947677;-49,00298702;"SPRF-SC";"DEL03-SC";"UOP03-DEL03-SC"
502025;2023-01-29;"domingo";"19:20:00";"CE";222;319;"TIANGUA";"Ingestão de álcool pelo condutor";"Queda de ocupante de veículo";"Com Vítimas Feridas";"Plena Noite";"Crescente";"Céu Claro";"Simples";"Reta";"Não";1;0;1;0;0;0;1;1;-3,76400832;-41,0308357;"SPRF-CE";"DEL04-CE";"UOP02-DEL04-CE"
502026;2023-01-29;"domingo";"18:40:00";"RO";364;16,5;"VILHENA";"Condutor deixou de manter distância do veículo da frente";"Colisão traseira";"Com Vítimas Feridas";"Plena Noite";"Decrescente";"Nublado";"Simples";"Reta";"Sim";2;0;1;0;1;0;1;2;-12,73437947;-60,15696986;"SPRF-RO";"DEL04-RO";"UOP01-DEL04-RO"
502027;2023-01-29;"domingo";"19:40:00";"RJ";101;100;"CAMPOS DOS GOYTACAZES";"Ingestão de álcool pelo condutor";"Colisão com objeto";"Com Vítimas Feridas";"Plena Noite";"Decrescente";"Céu Claro";"Dupla";"Curva";"Não";13;0;2;0;11;0;2;5;-21,87590372;-41,58288878;"SPRF-RJ";"DEL08-RJ";"UOP02-DEL08-RJ"
502029;2023-01-29;"domingo";"21:00:00";"CE";222;4;"CAUCAIA";"Acessar a via sem observar a presença dos outros veículos";"Colisão transversal";"Sem Vítimas";"Plena Noite";"Crescente";"Céu Claro";"Dupla";"Interseção de Vias;Reta";"Sim";2;0;0;0;1;1;0;2;-3,74164754;-38,60449792;"SPRF-CE";"DEL01-CE";"UOP01-DEL01-CE"
502030;2023-01-29;"domingo";"19:10:00";"PR";277;3;"PARANAGUA";"Pista Escorregadia";"Tombamento";"Sem Vítimas";"Plena Noite";"Crescente";"Chuva";"Dupla";"Reta";"Sim";2;0;0;0;0;2;0;1;-25,54383542;-48,55951667;"SPRF-PR";"DEL01-PR";"UOP05-DEL01-PR"
502031;2023-01-29;"domingo";"21:05:00";"PI";343;340,3;"TERESINA";"Ausência de reação do condutor";"Tombamento";"Sem Vítimas";"Plena Noite";"Crescente";"Nublado";"Dupla";"Curva";"Não";1;0;0;0;0;1;0;1;-5,074137;-42,73629;"SPRF-PI";"DEL01-PI";"UOP01-DEL01-PI"
502032;2023-01-29;"domingo";"21:00:00";"PR";277;722;"FOZ DO IGUACU";"Ingestão de álcool pelo condutor";"Colisão traseira";"Sem Vítimas";"Plena Noite";"Crescente";"Nublado";"Dupla";"Retorno Regulamentado;Reta";"Sim";5;0;0;0;5;0;0;2;-25,49494908;-54,52095097;"SPRF-PR";"DEL05-PR";"UOP03-DEL05-PR"
502033;2023-01-29;"domingo";"21:40:00";"RS";116;256,7;"ESTEIO";"Reação tardia ou ineficiente do condutor";"Colisão traseira";"Com Vítimas Feridas";"Plena Noite";"Crescente";"Céu Claro";"Dupla";"Viaduto";"Sim";2;0;1;0;1;0;1;2;-29,84393699;-51,17728603;"SPRF-RS";"DEL01-RS";"UOP02-DEL01-RS"
502035;2023-01-29;"domingo";"20:30:00";"MG";381;529;"BRUMADINHO";"Chuva";"Capotamento";"Com Vítimas Feridas";"Plena Noite";"Crescente";"Chuva";"Dupla";"Declive;Reta";"Não";3;0;1;0;2;0;1;1;-20,16619722;-44,36914378;"SPRF-MG";"DEL04-MG";"UOP03-DEL04-MG"
502036;2023-01-29;"domingo";"21:50:00";"SP";116;11,7;"QUELUZ";"Reação tardia ou ineficiente do condutor";"Colisão com objeto";"Com Vítimas Feridas";"Plena Noite";"Decrescente";"Nublado";"Dupla";"Curva";"Não";4;0;1;0;3;0;1;1;-22,54824607;-44,80620718;"SPRF-SP";"DEL08-SP";"UOP02-DEL08-SP"
502037;2023-01-29;"domingo";"17:00:00";"MG";381;532;"ITATIAIUCU";"Velocidade Incompatível";"Saída de leito carroçável";"Com Vítimas Feridas";"Anoitecer";"Crescente";"Chuva";"Dupla";"Curva";"Não";2;0;1;0;1;0;1;1;-20,1904316;-44,38268793;"SPRF-MG";"DEL04-MG";"UOP03-DEL04-MG"
502038;2023-01-29;"domingo";"21:45:00";"MG";50;168;"UBERABA";"Obras na pista";"Colisão com objeto";"Com Vítimas Feridas";"Plena Noite";"Crescente";"Garoa/Chuvisco";"Dupla";"Curva;Desvio Temporário;Em Obras";"Não";4;0;3;0;1;0;3;1;-19,716585;-47,981327;"SPRF-MG";"DEL13-MG";"UOP01-DEL13-MG"
502039;2023-01-29;"domingo";"22:20:00";"RS";101;10,2;"MAQUINE";"Acessar a via sem observar a presença dos outros veículos";"Colisão transversal";"Com Vítimas Fatais";"Plena Noite";"Decrescente";"Nublado";"Simples";"Reta";"Sim";3;1;0;2;0;0;2;2;-29,755025;-50,171228;"SPRF-RS";"DEL03-RS";"UOP01-DEL03-RS"