"id";"data_inversa";"dia_semana";"horario";"uf";"br";"km";"municipio";"causa_acidente";"tipo_acidente";"classificacao_acidente";"fase_dia";"sentido_via";"condicao_metereologica";"tipo_pista";"tracado_via";"uso_solo";"pessoas";"mortos";"feridos_leves";"feridos_graves";"ilesos";"ignorados";"feridos";"veiculos";"latitude";"longitude";"regional";"delegacia";"uop"
502167;2023-01-30;"segunda-feira";"15:10:00";"RJ";116;193;"NOVA IGUACU";"Pista esburacada";"Queda de ocupante de veículo";"Com Vítimas Feridas";"Pleno dia";"Decrescente";"Céu Claro";"Dupla";"Reta";"Não";1;0;1;0;0;0;1;1;-22,73960178;-43,52859094;"SPRF-RJ";"DEL01-RJ";"UOP02-DEL01-RJ"
502169;2023-01-30;"segunda-feira";"15:00:00";"SP";153;270,1;"VERA CRUZ";"Demais falhas mecânicas ou elétricas";"Tombamento";"Com Vítimas Feridas";"Pleno dia";"Decrescente";"Nublado";"Simples";"Reta;Declive";"Não";2;0;2;0;0;0;2;1;-22,35293356;-49,89303589;"SPRF-SP";"DEL07-SP";"UOP02-DEL07-SP"
502171;2023-01-30;"segunda-feira";"15:30:00";"RN";226;6;"NATAL";"Ausência de reação do condutor";"Colisão com objeto";"Com Vítimas Feridas";"Pleno dia";"Decrescente";"Céu Claro";"Simples";"Reta";"Sim";3;0;2;0;0;1;2;2;-5,82628;-35,280325;"SPRF-RN";"DEL01-RN";"UOP02-DEL01-RN"
502173;2023-01-30;"segunda-feira";"15:50:00";"SC";101;45;"JOINVILLE";"Velocidade Incompatível";"Tombamento";"Com Vítimas Feridas";"Pleno dia";"Decrescente";"Sol";"Simples";"Curva";"Não";1;0;1;0;0;0;1;1;-26,34565546;-48,85728055;"SPRF-SC";"DEL03-SC";"UOP01-DEL03-SC"
502175;2023-01-30;"segunda-feira";"17:10:00";"SC";101;226,1;"PALHOCA";"Avarias e/ou desgaste excessivo no pneu";"Queda de ocupante de veículo";"Com Vítimas Feridas";"Pleno dia";"Crescente";"Sol";"Dupla";"Reta";"Não";2;0;0;2;0;0;2;1;-27,74200001;-48,63806504;"SPRF-SC";"DEL01-SC";"UOP02-DEL01-SC"
502176;2023-01-30;"segunda-feira";"16:40:00";"DF";20;1;"BRASILIA";"Demais falhas mecânicas ou elétricas";"Colisão com objeto";"Com Vítimas Feridas";"Pleno dia";"Decrescente";"Nublado";"Dupla";"Reta";"Sim";2;0;1;0;1;0;1;1;-15,685814;-47,849838;"SPRF-DF";"DEL02-DF";"UOP01-DEL02-DF"
502178;2023-01-30;"segunda-feira";"17:00:00";"PE";101;69;"RECIFE";"Manobra de mudança de faixa";"Colisão lateral mesmo sentido";"Com Vítimas Feridas";"Pleno dia";"Decrescente";"Céu Claro";"Simples";"Reta;Viaduto";"Sim";2;0;1;0;1;0;1;2;-8,05951606;-34,94581024;"SPRF-PE";"DEL01-PE";"UOP01-DEL01-PE"
502179;2023-01-30;"segunda-feira";"17:00:00";"PR";369;172;"ROLANDIA";"Conversão proibida";"Colisão transversal";"Com Vítimas Feridas";"Pleno dia";"Crescente";"Céu Claro";"Simples";"Reta";"Sim";3;0;0;1;2;0;1;2;-23,30681511;-51,36500537;"SPRF-PR";"DEL07-PR";"UOP01-DEL07-PR"
502180;2023-01-30;"segunda-feira";"16:10:00";"BA";324;354;"CAPIM GROSSO";"Acesso irregular";"Colisão frontal";"Com Vítimas Feridas";"Pleno dia";"Decrescente";"Céu Claro";"Simples";"Reta";"Sim";3;0;0;1;1;1;1;3;-11,38285679;-40,00285149;"SPRF-BA";"DEL04-BA";"UOP02-DEL04-BA"
502182;2023-01-30;"segunda-feira";"08:00:00";"RJ";101;512;"ANGRA DOS REIS";"Acessar a via sem observar a presença dos outros veículos";"Atropelamento de Pedestre";"Com Vítimas Feridas";"Pleno dia";"Crescente";"Céu Claro";"Dupla";"Reta";"Sim";3;0;1;0;1;1;1;2;-22,96909;-44,44151;"SPRF-RJ";"DEL03-RJ";"UOP03-DEL03-RJ"
502183;2023-01-30;"segunda-feira";"16:30:00";"PB";104;138,5;"QUEIMADAS";"Acessar a via sem observar a presença dos outros veículos";"Colisão transversal";"Com Vítimas Feridas";"Pleno dia";"Decrescente";"Céu Claro";"Simples";"Reta";"Sim";2;0;1;0;1;0;1;2;-7,36116095;-35,90230617;"SPRF-PB";"DEL02-PB";"UOP03-DEL02-PB"
502184;2023-01-30;"segunda-feira";"17:30:00";"CE";116;13,5;"ITAITINGA";"Ingestão de álcool pelo condutor";"Colisão traseira";"Com Vítimas Feridas";"Anoitecer";"Crescente";"Ignorado";"Dupla";"Reta";"Sim";3;0;2;0;0;1;2;2;-3,86088501;-38,49715296;"SPRF-CE";"DEL01-CE";"UOP02-DEL01-CE"
502188;2023-01-30;"segunda-feira";"17:45:00";"SC";158;133;"PALMITOS";"Acessar a via sem observar a presença dos outros veículos";"Colisão transversal";"Com Vítimas Feridas";"Pleno dia";"Decrescente";"Céu Claro";"Simples";"Curva";"Não";3;0;2;0;1;0;2;2;-27,066855;-53,226028;"SPRF-SC";"DEL07-SC";"UOP02-DEL07-SC"
502191;2023-01-20;"sexta-feira";"20:10:00";"GO";70;2;"AGUAS LINDAS DE GOIAS";"Acumulo de areia ou detritos sobre o pavimento";"Saída de leito carroçável";"Sem Vítimas";"Plena Noite";"Decrescente";"Céu Claro";"Dupla";"Curva";"Sim";1;0;0;0;1;0;0;1;-15,767021;-48,229945;"SPRF-DF";"DEL03-DF";"UOP02-DEL03-DF"
502192;2023-01-30;"segunda-feira";"17:10:00";"SP";116;144;"SAO JOSE DOS CAMPOS";"Ausência de reação do condutor";"Tombamento";"Com Vítimas Feridas";"Anoitecer";"Decrescente";"Chuva";"Dupla";"Reta";"Não";1;0;1;0;0;0;1;1;-23,18274416;-45,84633592;"SPRF-SP";"DEL02-SP";"UOP01-DEL02-SP"
502193;2023-01-30;"segunda-feira";"17:45:00";"RS";290;150,6;"ARROIO DOS RATOS";"Reação tardia ou ineficiente do condutor";"Saída de leito carroçável";"Com Vítimas Feridas";"Pleno dia";"Crescente";"Céu Claro";"Simples";"Reta";"Não";1;0;1;0;0;0;1;1;-30,105978;-51,706875;"SPRF-RS";"DEL02-RS";"UOP01-DEL02-RS"
502196;2023-01-30;"segunda-feira";"12:20:00";"MT";163;1048;"MATUPA";"Condutor deixou de manter distância do veículo da frente";"Colisão traseira";"Com Vítimas Feridas";"Pleno dia";"Decrescente";"Céu Claro";"Simples";"Reta";"Não";2;0;1;0;1;0;1;2;-10,0986;-54,92234;"SPRF-MT";"DEL06-MT";"UOP03-DEL06-MT"
502200;2023-01-30;"segunda-feira";"17:45:00";"RJ";101;417;"MANGARATIBA";"Chuva";"Colisão frontal";"Com Vítimas Feridas";"Plena Noite";"Crescente";"Chuva";"Simples";"Reta;Declive";"Não";5;0;3;0;2;0;3;2;-22,91293797;-43,89732384;"SPRF-RJ";"DEL03-RJ";"UOP02-DEL03-RJ"
502201;2023-01-30;"segunda-feira";"17:42:00";"MS";262;240;"RIBAS DO RIO PARDO";"Acessar a via sem observar a presença dos outros veículos";"Colisão transversal";"Com Vítimas Feridas";"Plena Noite";"Decrescente";"Céu Claro";"Simples";"Reta";"Não";2;0;1;0;1;0;1;2;-20,45766622;-53,76551998;"SPRF-MS";"DEL01-MS";"UOP01-DEL01-MS"
502202;2023-01-30;"segunda-feira";"18:20:00";"SC";101;204,8;"SAO JOSE";"Trafegar com motocicleta (ou similar) entre as faixas";"Colisão lateral mesmo sentido";"Com Vítimas Feridas";"Pleno dia";"Crescente";"Nublado";"Dupla";"Reta";"Sim";1;0;0;1;0;0;1;1;-27,57413014;-48,61363083;"SPRF-SC";"DEL01-SC";"UOP01-DEL01-SC"
502203;2023-01-30;"segunda-feira";"18:30:00";"PE";232;5,6;"RECIFE";"Ausência de reação do condutor";"Colisão lateral mesmo sentido";"Com Vítimas Feridas";"Plena Noite";"Crescente";"Céu Claro";"Dupla";"Em Obras;Reta";"Sim";4;0;1;0;3;0;1;2;-8,06795766;-34,94535414;"SPRF-PE";"DEL01-PE";"UOP01-DEL01-PE"
502205;2023-01-30;"segunda-feira";"16:30:00";"MG";116;666,3;"SAO FRANCISCO DO GLORIA";"Velocidade Incompatível";"Tombamento";"Com Vítimas Feridas";"Pleno dia";"Crescente";"Nublado";"Simples";"Curva";"Não";2;0;1;1;0;0;2;1;-20,84386903;-42,32673213;"SPRF-MG";"DEL07-MG";"UOP02-DEL07-MG"
502206;2023-01-30;"segunda-feira";"18:00:00";"MT";163;839,5;"SINOP";"Acessar a via sem observar a presença dos outros veículos";"Colisão transversal";"Com Vítimas Feridas";"Plena Noite";"Crescente";"Nublado";"Dupla";"Reta";"Sim";2;0;2;0;0;0;2;2;-11,828;-55,487;"SPRF-MT";"DEL06-MT";"NPF/DEL06-MT"
502207;2023-01-30;"segunda-feira";"18:31:00";"PE";101;70,9;"RECIFE";"Pedestre cruzava a pista fora da faixa";"Atropelamento de Pedestre";"Com Vítimas Feridas";"Plena Noite";"Crescente";"Céu Claro";"Dupla";"Reta";"Sim";3;0;2;0;0;1;2;2;-8,06776119;-34,94265074;"SPRF-PE";"DEL01-PE";"UOP01-DEL01-PE"
502208;2023-01-24;"terça-feira";"00:29:00";"MS";262;33;"TRES LAGOAS";"Animais na Pista";"Atropelamento de Animal";"Com Vítimas Feridas";"Plena Noite";"Crescente";"Nublado";"Simples";"Declive;Reta";"Não";4;0;1;0;3;0;1;1;-20,79271491;-51,90394998;"SPRF-MS";"DEL07-MS";"UOP01-DEL07-MS"
502209;2023-01-30;"segunda-feira";"18:58:00";"GO";70;5,8;"AGUAS LINDAS DE GOIAS";"Acessar a via sem observar a presença dos outros veículos";"Atropelamento de Pedestre";"Com Vítimas Feridas";"Anoitecer";"Decrescente";"Céu Claro";"Dupla";"Reta";"Sim";2;0;0;1;1;0;1;2;-15,75683677;-48,25464732;"SPRF-DF";"DEL03-DF";"UOP02-DEL03-DF"
502210;2023-01-11;"quarta-feira";"19:30:00";"PI";135;468;"MONTE ALEGRE DO PIAUI";"Ultrapassagem Indevida";"Colisão frontal";"Com Vítimas Feridas";"Plena Noite";"Crescente";"Céu Claro";"Simples";"Curva;Aclive";"Não";6;0;2;1;3;0;3;2;-9,60233583;-45,04962316;"SPRF-PI";"DEL03-PI";"UOP02-DEL03-PI"
502212;2023-01-30;"segunda-feira";"19:00:00";"RJ";356;149;"CAMPOS DOS GOYTACAZES";"Acessar a via sem observar a presença dos outros veículos";"Colisão transversal";"Com Vítimas Feridas";"Plena Noite";"Crescente";"Céu Claro";"Simples";"Reta";"Sim";2;0;0;1;1;0;1;2;-21,772571;-41,281193;"SPRF-RJ";"DEL08-RJ";"UOP02-DEL08-RJ"
502213;2023-01-30;"segunda-feira";"10:57:00";"PE";232;508;"SALGUEIRO";"Acessar a via sem observar a presença dos outros veículos";"Colisão transversal";"Com Vítimas Feridas";"Pleno dia";"Decrescente";"Céu Claro";"Simples";"Reta";"Sim";6;0;3;0;2;1;3;2;-8,06223271;-39,12095006;"SPRF-PE";"DEL05-PE";"UOP01-DEL05-PE"
502214;2023-01-30;"segunda-feira";"17:08:00";"PR";277;434,5;"VIRMOND";"Acumulo de água sobre o pavimento";"Saída de leito carroçável";"Com Vítimas Fatais";"Pleno dia";"Crescente";"Chuva";"Simples";"Curva;Declive";"Não";3;1;0;2;0;0;2;1;-25,3784;-52,202767;"SPRF-PR";"DEL04-PR";"UOP02-DEL04-PR"
502215;2023-01-30;"segunda-feira";"18:45:00";"PB";101;58;"SANTA RITA";"Ingestão de álcool pelo condutor";"Colisão transversal";"Com Vítimas Feridas";"Plena Noite";"Decrescente";"Céu Claro";"Dupla";"Reta";"Não";2;0;1;0;1;0;1;2;-6,98564991;-35,07334684;"SPRF-PB";"DEL01-PB";"UOP04-DEL01-PB"
502216;2023-01-30;"segunda-feira";"19:30:00";"RJ";393;251,4;"BARRA DO PIRAI";"Manobra de mudança de faixa";"Colisão transversal";"Com Vítimas Feridas";"Plena Noite";"Decrescente";"Chuva";"Simples";"Reta";"Sim";2;0;0;1;0;1;1;2;-22,42817793;-43,76843108;"SPRF-RJ";"DEL05-RJ";"UOP04-DEL05-RJ"
502217;2023-01-30;"segunda-feira";"19:25:00";"RJ";40;102;"DUQUE DE CAXIAS";"Ausência de reação do condutor";"Atropelamento de Pedestre";"Com Vítimas Feridas";"Plena Noite";"Decrescente";"Chuva";"Múltipla";"Curva;Aclive";"Sim";2;0;0;1;1;0;1;2;-22,61089297;-43,28656077;"SPRF-RJ";"DEL01-RJ";"UOP01-DEL01-RJ"
502218;2023-01-30;"segunda-feira";"18:53:00";"AL";316;255,1;"PILAR";"Conversão proibida";"Colisão transversal";"Com Vítimas Feridas";"Plena Noite";"Crescente";"Céu Claro";"Simples";"Reta;Declive";"Não";2;0;0;1;1;0;1;2;-9,59051052;-35,94993902;"SPRF-AL";"DEL02-AL";"UOP01-DEL02-AL"
502219;2023-01-30;"segunda-feira";"17:45:00";"RJ";40;33,8;"AREAL";"Velocidade Incompatível";"Colisão com objeto";"Com Vítimas Feridas";"Anoitecer";"Crescente";"Chuva";"Dupla";"Curva";"Não";1;0;1;0;0;0;1;1;-22,20148139;-43,15009735;"SPRF-RJ";"DEL05-RJ";"UOP02-DEL05-RJ"
502220;2023-01-30;"segunda-feira";"18:35:00";"GO";60;101;"ANAPOLIS";"Velocidade Incompatível";"Queda de ocupante de veículo";"Com Vítimas Feridas";"Plena Noite";"Crescente";"Céu Claro";"Dupla";"Reta";"Sim";1;0;1;0;0;0;1;1;-16,4022;-48,9745;"SPRF-GO";"DEL02-GO";"UOP01-DEL02-GO"
502222;2023-01-30;"segunda-feira";"20:20:00";"PI";316;304,1;"PICOS";"Reação tardia ou ineficiente do condutor";"Atropelamento de Pedestre";"Com Vítimas Feridas";"Plena Noite";"Decrescente";"Céu Claro";"Dupla";"Reta";"Sim";2;0;0;1;0;1;1;2;-7,063512;-41,516707;"SPRF-PI";"DEL04-PI";"UOP01-DEL04-PI"
502223;2023-01-30;"segunda-feira";"20:10:00";"RS";153;502,6;"CACAPAVA DO SUL";"Reação tardia ou ineficiente do condutor";"Colisão transversal";"Sem Vítimas";"Plena Noite";"Crescente";"Céu Claro";"Simples";"Reta";"Não";5;0;0;0;5;0;0;2;-30,50814099;-53,36844502;"SPRF-RS";"DEL09-RS";"UOP02-DEL09-RS"
502224;2023-01-30;"segunda-feira";"17:00:00";"PI";343;85;"BURITI DOS LOPES";"Velocidade Incompatível";"Colisão com objeto";"Com Vítimas Feridas";"Pleno dia";"Crescente";"Chuva";"Simples";"Reta";"Não";1;0;1;0;0;0;1;1;-3,453067;-41,745607;"SPRF-PI";"DEL05-PI";"UOP01-DEL05-PI"
502225;2023-01-30;"segunda-feira";"19:40:00";"PI";343;48,6;"BURITI DOS LOPES";"Ausência de reação do condutor";"Colisão traseira";"Com Vítimas Feridas";"Plena Noite";"Decrescente";"Garoa/Chuvisco";"Simples";"Reta";"Sim";2;0;1;0;1;0;1;2;-3,174765;-41,86887;"SPRF-PI";"DEL05-PI";"UOP01-DEL05-PI"
502226;2023-01-30;"segunda-feira";"15:44:00";"GO";50;158,4;"CAMPO ALEGRE DE GOIAS";"Condutor Dormindo";"Saída de leito carroçável";"Com Vítimas Feridas";"Pleno dia";"Decrescente";"Céu Claro";"Dupla";"Reta";"Não";2;0;2;0;0;0;2;1;-17,2368;-47,7623;"SPRF-GO";"DEL06-GO";"UOP01-DEL06-GO"
502229;2023-01-30;"segunda-feira";"20:30:00";"MG";50;168;"UBERABA";"Ausência de reação do condutor";"Colisão com objeto";"Com Vítimas Feridas";"Anoitecer";"Crescente";"Chuva";"Dupla";"Reta;Desvio Temporário";"Não";2;0;2;0;0;0;2;1;-19,71878606;-47,97991239;"SPRF-MG";"DEL13-MG";"UOP01-DEL13-MG"
502231;2023-01-30;"segunda-feira";"08:00:00";"MG";40;517;"CONTAGEM";"Pista esburacada";"Colisão com objeto";"Sem Vítimas";"Pleno dia";"Crescente";"Garoa/Chuvisco";"Dupla";"Reta";"Não";2;0;0;0;1;1;0;1;-19,82351202;-44,08438913;"SPRF-MG";"DEL01-MG";"UOP02-DEL01-MG"
502234;2023-01-30;"segunda-feira";"21:15:00";"SC";282;147,1;"BOM RETIRO";"Demais falhas mecânicas ou elétricas";"Incêndio";"Sem Vítimas";"Plena Noite";"Decrescente";"Céu Claro";"Simples";"Reta";"Não";2;0;0;0;2;0;0;1;-27,788177;-49,641987;"SPRF-SC";"DEL05-SC";"UOP01-DEL05-SC"
502236;2023-01-30;"segunda-feira";"13:30:00";"BA";349;826;"SAO FELIX DO CORIBE";"Reação tardia ou ineficiente do condutor";"Colisão traseira";"Com Vítimas Feridas";"Pleno dia";"Crescente";"Céu Claro";"Simples";"Em Obras;Reta";"Não";6;0;2;0;4;0;2;2;-13,38355432;-44,06715895;"SPRF-BA";"DEL08-BA";"UOP04-DEL08-BA"
502238;2023-01-30;"segunda-feira";"21:50:00";"GO";153;438;"ANAPOLIS";"Ingestão de álcool e/ou substâncias psicoativas pelo pedestre";"Atropelamento de Pedestre";"Com Vítimas Feridas";"Plena Noite";"Crescente";"Nublado";"Dupla";"Curva";"Sim";2;0;1;0;1;0;1;2;-16,291595;-48,934811;"SPRF-GO";"DEL02-GO";"UOP01-DEL02-GO"
502241;2023-01-30;"segunda-feira";"22:24:00";"RS";116;252;"SAPUCAIA DO SUL";"Animais na Pista";"Atropelamento de Animal";"Com Vítimas Fatais";"Plena Noite";"Crescente";"Nublado";"Dupla";"Declive;Reta";"Sim";3;2;0;0;1;0;0;2;-29,8045102;-51,16660237;"SPRF-RS";"DEL01-RS";"UOP02-DEL01-RS"
502245;2023-01-30;"segunda-feira";"23:00:00";"BA";324;555,5;"AMELIA RODRIGUES";"Reação tardia ou ineficiente do condutor";"Saída de leito carroçável";"Com Vítimas Feridas";"Plena Noite";"Decrescente";"Nublado";"Dupla";"Reta";"Não";2;0;2;0;0;0;2;1;-12,46574407;-38,68963508;"SPRF-BA";"DEL01-BA";"UOP03-DEL01-BA"
502246;2023-01-30;"segunda-feira";"19:00:00";"RJ";116;229;"PARACAMBI";"Chuva";"Queda de ocupante de veículo";"Com Vítimas Feridas";"Plena Noite";"Decrescente";"Chuva";"Simples";"Curva;Declive";"Não";1;0;1;0;0;0;1;1;-22,65646622;-43,82206692;"SPRF-RJ";"DEL07-RJ";"UOP01-DEL07-RJ"
502250;2023-01-30;"segunda-feira";"21:30:00";"SP";116;140;"SAO JOSE DOS CAMPOS";"Ingestão de álcool pelo condutor";"Engavetamento";"Com Vítimas Fatais";"Plena Noite";"Crescente";"Nublado";"Dupla";"Reta";"Não";7;1;0;1;5;0;1;5;-23,16577714;-45,81246193;"SPRF-SP";"DEL02-SP";"UOP01-DEL02-SP"
502252;2023-01-30;"segunda-feira";"23:55:00";"DF";20;12;"BRASILIA";"Ingestão de álcool pelo condutor";"Colisão traseira";"Sem Vítimas";"Pleno dia";"Crescente";"Chuva";"Dupla";"Retorno Regulamentado;Reta";"Não";2;0;0;0;2;0;0;2;-15,642812;-47,757786;"SPRF-DF";"DEL02-DF";"UOP01-DEL02-DF"
502259;2023-01-30;"segunda-feira";"22:20:00";"RS";116;268;"PORTO ALEGRE";"Manobra de mudança de faixa";"Colisão lateral mesmo sentido";"Com Vítimas Feridas";"Plena Noite";"Crescente";"Céu Claro";"Múltipla";"Reta";"Sim";4;0;2;0;0;2;2;3;-29,95042502;-51,17652939;"SPRF-RS";"DEL01-RS";"UOP01-DEL01-RS"
502260;2023-01-30;"segunda-feira";"21:00:00";"MT";364;393;"CUIABA";"Reação tardia ou ineficiente do condutor";"Saída de leito carroçável";"Com Vítimas Feridas";"Anoitecer";"Crescente";"Céu Claro";"Dupla";"Reta";"Não";3;0;1;0;2;0;1;1;-15,701122;-55,881774;"SPRF-MT";"DEL01-MT";"UOP02-DEL01-MT"
502262;2023-01-31;"terça-feira";"00:40:00";"RN";110;64;"MOSSORO";"Ausência de reação do condutor";"Capotamento";"Com Vítimas Feridas";"Plena Noite";"Crescente";"Nublado";"Simples";"Reta";"Não";2;0;1;0;0;1;1;2;-5,344176;-37,32925;"SPRF-RN";"DEL04-RN";"UOP01-DEL04-RN"
502263;2023-01-31;"terça-feira";"01:50:00";"PR";277;230,7;"FERNANDES PINHEIRO";"Ausência de reação do condutor";"Saída de leito carroçável";"Com Vítimas Fatais";"Plena Noite";"Crescente";"Garoa/Chuvisco";"Simples";"Reta;Aclive";"Não";55;7;7;15;26;0;22;1;-25,465463;-50,537935;"SPRF-PR";"DEL08-PR";"UOP02-DEL08-PR"
502264;2023-01-31;"terça-feira";"04:05:00";"SP";116;282;"EMBU DAS ARTES";"Velocidade Incompatível";"Colisão lateral mesmo sentido";"Sem Vítimas";"Plena Noite";"Crescente";"Nublado";"Dupla";"Reta";"Sim";2;0;0;0;1;1;0;2;-23,68570216;-46,85970975;"SPRF-SP";"DEL04-SP";"UOP01-DEL04-SP"
502265;2023-01-31;"terça-feira";"03:50:00";"SC";101;74,4;"ARAQUARI";"Condutor Dormindo";"Colisão com objeto";"Com Vítimas Feridas";"Plena Noite";"Crescente";"Céu Claro";"Dupla";"Viaduto";"Não";1;0;0;1;0;0;1;1;-26,5519717;-48,71688324;"SPRF-SC";"DEL03-SC";"UOP02-DEL03-SC"
502267;2023-01-31;"terça-feira";"05:20:00";"PR";277;466,8;"NOVA LARANJEIRAS";"Ausência de reação do condutor";"Saída de leito carroçável";"Com Vítimas Fatais";"Amanhecer";"Crescente";"Garoa/Chuvisco";"Simples";"Reta";"Não";4;1;0;3;0;0;3;1;-25,36359096;-52,4731659;"SPRF-PR";"DEL04-PR";"UOP02-DEL04-PR"
502271;2023-01-31;"terça-feira";"05:50:00";"MG";50;170,8;"UBERABA";"Reação tardia ou ineficiente do condutor";"Colisão com objeto";"Com Vítimas Feridas";"Amanhecer";"Decrescente";"Céu Claro";"Dupla";"Aclive";"Sim";1;0;1;0;0;0;1;1;-19,73661208;-47,98290957;"SPRF-MG";"DEL13-MG";"UOP01-DEL13-MG"
502273;2023-01-30;"segunda-feira";"14:30:00";"PR";476;7,9;"ADRIANOPOLIS";"Transitar na contramão";"Colisão frontal";"Com Vítimas Feridas";"Pleno dia";"Crescente";"Chuva";"Simples";"Curva";"Não";4;0;3;1;0;0;4;2;-24,700487;-49,011635;"SPRF-PR";"DEL01-PR";"UOP01-DEL01-PR"
502275;2023-01-30;"segunda-feira";"18:40:00";"RO";364;530;"ARIQUEMES";"Chuva";"Colisão transversal";"Com Vítimas Feridas";"Plena Noite";"Crescente";"Chuva";"Simples";"Reta";"Não";6;0;0;2;4;0;2;3;-9,798182;-63,08591499;"SPRF-RO";"DEL03-RO";"UOP01-DEL03-RO"
502276;2023-01-31;"terça-feira";"07:15:00";"ES";101;210;"IBIRACU";"Desrespeitar a preferência no cruzamento";"Colisão transversal";"Com Vítimas Feridas";"Pleno dia";"Crescente";"Céu Claro";"Simples";"Reta";"Não";2;0;1;0;1;0;1;2;-19,798437;-40,36982;"SPRF-ES";"DEL02-ES";"UOP01-DEL02-ES"
502277;2023-01-31;"terça-feira";"06:41:00";"RN";304;297;"MACAIBA";"Condutor deixou de manter distância do veículo da frente";"Colisão traseira";"Com Vítimas Feridas";"Pleno dia";"Crescente";"Céu Claro";"Dupla";"Reta";"Não";3;0;2;0;1;0;2;2;-5,86534101;-35,340694;"SPRF-RN";"DEL01-RN";"UOP02-DEL01-RN"
502279;2023-01-31;"terça-feira";"07:53:00";"TO";153;492,8;"PARAISO DO TOCANTINS";"Demais falhas na via";"Tombamento";"Com Vítimas Feridas";"Pleno dia";"Decrescente";"Céu Claro";"Simples";"Declive";"Sim";1;0;0;1;0;0;1;1;-10,14145989;-48,88730266;"SPRF-TO";"DEL01-TO";"UOP01-DEL01-TO"
502280;2023-01-31;"terça-feira";"06:30:00";"AL";316;63,2;"MARAVILHA";"Condutor deixou de manter distância do veículo da frente";"Colisão traseira";"Com Vítimas Feridas";"Pleno dia";"Decrescente";"Céu Claro";"Simples";"Declive;Reta";"Não";6;0;0;1;4;1;1;3;-9,261748;-37,407612;"SPRF-AL";"DEL03-AL";"UOP02-DEL03-AL"
502282;2023-01-31;"terça-feira";"07:50:00";"SP";153;61;"SAO JOSE DO RIO PRETO";"Manobra de mudança de faixa";"Colisão lateral mesmo sentido";"Com Vítimas Feridas";"Pleno dia";"Crescente";"Nublado";"Dupla";"Reta;Declive";"Não";3;0;2;0;1;0;2;2;-20,80502876;-49,35574909;"SPRF-SP";"DEL09-SP";"UOP01-DEL09-SP"
502286;2023-01-31;"terça-feira";"05:30:00";"CE";116;267;"ALTO SANTO";"Transitar na contramão";"Saída de leito carroçável";"Com Vítimas Feridas";"Pleno dia";"Decrescente";"Céu Claro";"Simples";"Curva";"Não";1;0;1;0;0;0;1;1;-5,62048178;-38,41070004;"SPRF-CE";"DEL05-CE";"UOP02-DEL05-CE"
502288;2023-01-31;"terça-feira";"00:10:00";"DF";40;0,4;"BRASILIA";"Pista Escorregadia";"Tombamento";"Com Vítimas Feridas";"Plena Noite";"Decrescente";"Chuva";"Dupla";"Reta";"Não";2;0;1;0;1;0;1;1;-15,97977183;-47,98895717;"SPRF-DF";"DEL01-DF";"UOP01-DEL01-DF"
502289;2023-01-07;"sábado";"19:45:00";"PR";116;145,8;"MANDIRITUBA";"Entrada inopinada do pedestre";"Atropelamento de Pedestre";"Com Vítimas Fatais";"Plena Noite";"Crescente";"Nublado";"Simples";"Declive;Reta";"Não";2;1;0;0;1;0;0;2;-25,813539;-49,329369;"SPRF-PR";"DEL01-PR";"UOP03-DEL01-PR"
502293;2023-01-31;"terça-feira";"07:58:00";"SC";101;146;"ITAPEMA";"Acessar a via sem observar a presença dos outros veículos";"Colisão transversal";"Com Vítimas Feridas";"Pleno dia";"Crescente";"Céu Claro";"Simples";"Interseção de Vias;Túnel";"Sim";2;0;1;0;1;0;1;2;-27,08666525;-48,60955587;"SPRF-SC";"DEL04-SC";"UOP03-DEL04-SC"
502294;2023-01-31;"terça-feira";"08:50:00";"RJ";101;319;"NITEROI";"Manobra de mudança de faixa";"Colisão lateral mesmo sentido";"Com Vítimas Feridas";"Pleno dia";"Crescente";"Céu Claro";"Dupla";"Reta";"Sim";3;0;2;0;1;0;2;2;-22,85411774;-43,1018014;"SPRF-RJ";"DEL02-RJ";"UOP02-DEL02-RJ"
502296;2023-01-31;"terça-feira";"09:29:00";"GO";40;6,4;"VALPARAISO DE GOIAS";"Velocidade Incompatível";"Tombamento";"Com Vítimas Feridas";"Pleno dia";"Crescente";"Sol";"Dupla";"Reta;Aclive";"Sim";1;0;0;1;0;0;1;1;-16,100814;-47,977351;"SPRF-DF";"DEL01-DF";"UOP01-DEL01-DF"
502297;2023-01-31;"terça-feira";"09:30:00";"AL";104;94,1;"MACEIO";"Ingestão de álcool pelo condutor";"Colisão transversal";"Sem Vítimas";"Pleno dia";"Crescente";"Nublado";"Dupla";"Reta";"Sim";4;0;0;0;4;0;0;2;-9,53193996;-35,79650402;"SPRF-AL";"DEL01-AL";"UOP01-DEL01-AL"
502298;2023-01-28;"sábado";"13:50:00";"MS";267;21,6;"BATAGUASSU";"Objeto estático sobre o leito carroçável";"Colisão com objeto";"Com Vítimas Feridas";"Pleno dia";"Decrescente";"Céu Claro";"Simples";"Reta";"Não";2;0;0;1;0;1;1;2;-21,72693625;-52,34505699;"SPRF-MS";"DEL02-MS";"UOP04-DEL02-MS"
502300;2023-01-31;"terça-feira";"08:30:00";"BA";324;530;"FEIRA DE SANTANA";"Condutor deixou de manter distância do veículo da frente";"Colisão traseira";"Com Vítimas Fatais";"Pleno dia";"Decrescente";"Céu Claro";"Dupla";"Reta";"Não";2;1;0;0;1;0;0;2;-12,32818491;-38,86174193;"SPRF-BA";"DEL01-BA";"UOP03-DEL01-BA"