"id";"data_inversa";"dia_semana";"horario";"uf";"br";"km";"municipio";"causa_acidente";"tipo_acidente";"classificacao_acidente";"fase_dia";"sentido_via";"condicao_metereologica";"tipo_pista";"tracado_via";"uso_solo";"pessoas";"mortos";"feridos_leves";"feridos_graves";"ilesos";"ignorados";"feridos";"veiculos";"latitude";"longitude";"regional";"delegacia";"uop"
502301;2023-01-31;"terça-feira";"09:50:00";"MG";381;490,4;"BETIM";"Ausência de reação do condutor";"Colisão com objeto";"Com Vítimas Feridas";"Pleno dia";"Decrescente";"Céu Claro";"Múltipla";"Reta";"Não";1;0;0;1;0;0;1;1;-19,96502819;-44,17422195;"SPRF-MG";"DEL01-MG";"UOP03-DEL01-MG"
502303;2023-01-31;"terça-feira";"10:20:00";"PB";230;12,4;"CABEDELO";"Reação tardia ou ineficiente do condutor";"Colisão com objeto";"Com Vítimas Feridas";"Pleno dia";"Crescente";"Sol";"Dupla";"Reta";"Sim";2;0;2;0;0;0;2;1;-7,076119;-34,849491;"SPRF-PB";"DEL01-PB";"UOP01-DEL01-PB"
502307;2023-01-31;"terça-feira";"08:00:00";"BA";324;582;"CANDEIAS";"Reação tardia ou ineficiente do condutor";"Saída de leito carroçável";"Com Vítimas Feridas";"Pleno dia";"Crescente";"Nublado";"Dupla";"Reta";"Não";3;0;2;0;1;0;2;1;-12,60856603;-38,49390902;"SPRF-BA";"DEL01-BA";"UOP01-DEL01-BA"
502310;2023-01-31;"terça-feira";"10:30:00";"MG";251;442,1;"GRAO MOGOL";"Condutor deixou de manter distância do veículo da frente";"Colisão traseira";"Com Vítimas Feridas";"Pleno dia";"Crescente";"Sol";"Simples";"Reta;Aclive";"Não";5;0;0;1;4;0;1;2;-16,41288188;-43,24348411;"SPRF-MG";"DEL12-MG";"UOP01-DEL12-MG"
502312;2023-01-31;"terça-feira";"07:00:00";"SC";470;351,8;"CAMPOS NOVOS";"Condutor Dormindo";"Saída de leito carroçável";"Com Vítimas Feridas";"Pleno dia";"Crescente";"Céu Claro";"Simples";"Reta";"Não";1;0;1;0;0;0;1;1;-27,568354;-51,455971;"SPRF-SC";"DEL07-SC";"UOP06-DEL07-SC"
502313;2023-01-31;"terça-feira";"10:30:00";"SE";101;16,7;"CEDRO DE SAO JOAO";"Chuva";"Colisão com objeto";"Com Vítimas Feridas";"Pleno dia";"Crescente";"Chuva";"Dupla";"Reta;Declive";"Não";2;0;2;0;0;0;2;1;-10,329305;-36,89429;"SPRF-SE";"DEL02-SE";"UOP02-DEL02-SE"
502315;2023-01-30;"segunda-feira";"18:30:00";"MT";163;1035;"MATUPA";"Reação tardia ou ineficiente do condutor";"Colisão traseira";"Com Vítimas Feridas";"Anoitecer";"Decrescente";"Céu Claro";"Simples";"Reta";"Não";2;0;0;1;1;0;1;2;-10,207843;-54,961665;"SPRF-MT";"DEL06-MT";"UOP03-DEL06-MT"
502319;2023-01-31;"terça-feira";"09:15:00";"MT";70;275;"PRIMAVERA DO LESTE";"Mal súbito do condutor";"Queda de ocupante de veículo";"Com Vítimas Feridas";"Pleno dia";"Crescente";"Céu Claro";"Simples";"Reta";"Sim";2;0;1;0;1;0;1;1;-15,54957476;-54,25390412;"SPRF-MT";"DEL05-MT";"UOP01-DEL05-MT"
502323;2023-01-31;"terça-feira";"11:45:00";"CE";116;1;"FORTALEZA";"Condutor deixou de manter distância do veículo da frente";"Colisão traseira";"Com Vítimas Feridas";"Pleno dia";"Decrescente";"Céu Claro";"Dupla";"Reta";"Sim";2;0;1;0;1;0;1;2;-3,76159894;-38,51900662;"SPRF-CE";"DEL01-CE";"UOP02-DEL01-CE"
502327;2023-01-31;"terça-feira";"12:07:00";"SC";282;524,9;"XAXIM";"Reação tardia ou ineficiente do condutor";"Saída de leito carroçável";"Com Vítimas Feridas";"Pleno dia";"Crescente";"Garoa/Chuvisco";"Simples";"Curva";"Não";2;0;1;0;1;0;1;1;-26,965002;-52,557384;"SPRF-SC";"DEL07-SC";"UOP01-DEL07-SC"
502329;2023-01-24;"terça-feira";"18:00:00";"MG";116;413,5;"GOVERNADOR VALADARES";"Condutor deixou de manter distância do veículo da frente";"Colisão traseira";"Com Vítimas Feridas";"Anoitecer";"Crescente";"Céu Claro";"Simples";"Reta";"Sim";2;0;1;0;1;0;1;2;-18,873907;-41,966366;"SPRF-MG";"DEL06-MG";"UOP01-DEL06-MG"
502331;2023-01-31;"terça-feira";"12:05:00";"RJ";116;221;"PARACAMBI";"Avarias e/ou desgaste excessivo no pneu";"Colisão com objeto";"Com Vítimas Feridas";"Pleno dia";"Crescente";"Céu Claro";"Dupla";"Reta";"Não";1;0;1;0;0;0;1;1;-22,6931486;-43,78279481;"SPRF-RJ";"DEL07-RJ";"UOP01-DEL07-RJ"
502333;2023-01-31;"terça-feira";"13:05:00";"ES";101;257;"SERRA";"Reação tardia ou ineficiente do condutor";"Colisão lateral mesmo sentido";"Com Vítimas Feridas";"Pleno dia";"Decrescente";"Sol";"Dupla";"Reta";"Sim";2;0;1;0;1;0;1;2;-20,12455095;-40,30331881;"SPRF-ES";"DEL02-ES";"UOP01-DEL02-ES"
502334;2023-01-31;"terça-feira";"13:15:00";"SP";116;223;"GUARULHOS";"Manobra de mudança de faixa";"Colisão traseira";"Com Vítimas Feridas";"Pleno dia";"Crescente";"Nublado";"Múltipla";"Reta";"Sim";2;0;1;0;1;0;1;2;-23,48042826;-46,5327822;"SPRF-SP";"DEL01-SP";"UOP01-DEL01-SP"
502337;2023-01-23;"segunda-feira";"19:20:00";"CE";20;218,4;"BOA VIAGEM";"Animais na Pista";"Atropelamento de Animal";"Sem Vítimas";"Plena Noite";"Decrescente";"Céu Claro";"Simples";"Reta;Ponte";"Não";2;0;0;0;2;0;0;1;-5,01284615;-39,67036371;"SPRF-CE";"DEL02-CE";"UOP02-DEL02-CE"
502338;2023-01-31;"terça-feira";"10:10:00";"MT";0;0;"PRIMAVERA DO LESTE";"Desrespeitar a preferência no cruzamento";"Colisão transversal";"Sem Vítimas";"Pleno dia";"Não Informado";"Céu Claro";"Simples";"Rotatória";"Sim";4;0;0;0;4;0;0;2;-15,55686182;-54,29544395;"SPRF-MT";"DEL05-MT";"UOP01-DEL05-MT"
502339;2023-01-31;"terça-feira";"12:15:00";"MG";381;382;"SAO GONCALO DO RIO ABAIXO";"Condutor deixou de manter distância do veículo da frente";"Colisão lateral mesmo sentido";"Sem Vítimas";"Pleno dia";"Decrescente";"Sol";"Simples";"Curva";"Sim";3;0;0;0;3;0;0;2;-19,83098315;-43,35712736;"SPRF-MG";"DEL01-MG";"UOP01-DEL01-MG"
502340;2023-01-31;"terça-feira";"12:00:00";"PB";0;0;"CAJAZEIRAS";"Demais falhas na via";"Colisão com objeto";"Sem Vítimas";"Pleno dia";"Não Informado";"Sol";"Simples";"Reta";"Não";2;0;0;0;1;1;0;2;-6,873938;-38,63915;"SPRF-PB";"DEL03-PB";"UOP03-DEL03-PB"
502341;2023-01-31;"terça-feira";"14:20:00";"SP";116;228,9;"SAO PAULO";"Reação tardia ou ineficiente do condutor";"Colisão traseira";"Com Vítimas Feridas";"Pleno dia";"Decrescente";"Céu Claro";"Múltipla";"Reta";"Sim";2;0;2;0;0;0;2;1;-23,50343484;-46,56638712;"SPRF-SP";"DEL01-SP";"UOP01-DEL01-SP"
502343;2023-01-31;"terça-feira";"11:00:00";"SC";470;282,1;"BRUNOPOLIS";"Velocidade Incompatível";"Saída de leito carroçável";"Com Vítimas Feridas";"Pleno dia";"Decrescente";"Nublado";"Simples";"Curva";"Não";1;0;0;1;0;0;1;1;-27,334911;-50,882519;"SPRF-SC";"DEL07-SC";"UOP06-DEL07-SC"
502344;2023-01-31;"terça-feira";"13:12:00";"SC";153;100;"CONCORDIA";"Entrada inopinada do pedestre";"Atropelamento de Pedestre";"Com Vítimas Feridas";"Pleno dia";"Decrescente";"Chuva";"Simples";"Curva";"Não";2;0;1;0;1;0;1;2;-27,242643;-51,95171;"SPRF-SC";"DEL07-SC";"UOP04-DEL07-SC"
502345;2023-01-31;"terça-feira";"14:00:00";"PR";277;40;"MORRETES";"Reação tardia ou ineficiente do condutor";"Queda de ocupante de veículo";"Com Vítimas Feridas";"Pleno dia";"Decrescente";"Céu Claro";"Dupla";"Curva;Declive";"Não";1;0;1;0;0;0;1;1;-25,58004945;-48,87143612;"SPRF-PR";"DEL01-PR";"UOP05-DEL01-PR"
502346;2023-01-31;"terça-feira";"14:00:00";"PB";104;156,7;"BARRA DE SANTANA";"Ausência de sinalização";"Colisão transversal";"Com Vítimas Feridas";"Pleno dia";"Decrescente";"Céu Claro";"Simples";"Retorno Regulamentado;Reta;Declive;Interseção de Vias";"Não";2;0;0;1;1;0;1;2;-7,50392242;-35,96094131;"SPRF-PB";"DEL02-PB";"UOP03-DEL02-PB"
502347;2023-01-31;"terça-feira";"15:00:00";"MG";116;763;"LEOPOLDINA";"Reação tardia ou ineficiente do condutor";"Colisão transversal";"Com Vítimas Feridas";"Pleno dia";"Decrescente";"Céu Claro";"Simples";"Reta";"Sim";2;0;0;1;1;0;1;2;-21,52635545;-42,63256914;"SPRF-MG";"DEL07-MG";"UOP01-DEL07-MG"
502348;2023-01-31;"terça-feira";"15:00:00";"BA";324;615,9;"SALVADOR";"Manobra de mudança de faixa";"Engavetamento";"Sem Vítimas";"Pleno dia";"Crescente";"Céu Claro";"Dupla";"Reta";"Sim";3;0;0;0;3;0;0;3;-12,87206398;-38,42746403;"SPRF-BA";"DEL01-BA";"UOP01-DEL01-BA"
502349;2023-01-31;"terça-feira";"09:10:00";"RN";226;150,2;"CURRAIS NOVOS";"Manobra de mudança de faixa";"Colisão traseira";"Com Vítimas Feridas";"Pleno dia";"Decrescente";"Céu Claro";"Simples";"Reta";"Não";5;0;1;1;3;0;2;2;-6,20967972;-36,30801917;"SPRF-RN";"DEL03-RN";"UOP02-DEL03-RN"
502350;2023-01-31;"terça-feira";"11:25:00";"PR";376;311,9;"MAUA DA SERRA";"Manobra de mudança de faixa";"Colisão lateral mesmo sentido";"Com Vítimas Feridas";"Pleno dia";"Crescente";"Nublado";"Dupla";"Reta";"Não";4;0;1;0;3;0;1;2;-23,99549073;-51,08663961;"SPRF-PR";"DEL07-PR";"UOP02-DEL07-PR"
502352;2023-01-31;"terça-feira";"13:16:00";"MT";158;520;"CANARANA";"Reação tardia ou ineficiente do condutor";"Colisão lateral sentido oposto";"Sem Vítimas";"Pleno dia";"Decrescente";"Céu Claro";"Simples";"Curva";"Não";1;0;0;0;1;0;0;1;-13,67502122;-52,00087696;"SPRF-MT";"DEL07-MT";"UOP02-DEL07-MT"
502353;2023-01-31;"terça-feira";"15:30:00";"AP";210;0;"MACAPA";"Condutor deixou de manter distância do veículo da frente";"Engavetamento";"Sem Vítimas";"Pleno dia";"Decrescente";"Sol";"Dupla";"Reta";"Sim";3;0;0;0;3;0;0;3;0,07780012;-51,06097;"SPRF-AP";"DEL01-AP";"UOP01-DEL01-AP"
502354;2023-01-31;"terça-feira";"15:15:00";"PR";373;180,7;"PONTA GROSSA";"Chuva";"Capotamento";"Com Vítimas Feridas";"Pleno dia";"Crescente";"Chuva";"Simples";"Reta";"Não";1;0;1;0;0;0;1;1;-25,04266233;-50,25791089;"SPRF-PR";"DEL03-PR";"UOP01-DEL03-PR"
502355;2023-01-31;"terça-feira";"05:30:00";"MG";153;211;"FRUTAL";"Pista esburacada";"Saída de leito carroçável";"Com Vítimas Feridas";"Amanhecer";"Decrescente";"Céu Claro";"Simples";"Reta";"Sim";1;0;1;0;0;0;1;1;-20,08067592;-49,07784813;"SPRF-MG";"DEL13-MG";"UOP02-DEL13-MG"
502356;2023-01-31;"terça-feira";"15:00:00";"MG";146;485,4;"POCOS DE CALDAS";"Chuva";"Colisão com objeto";"Com Vítimas Feridas";"Pleno dia";"Crescente";"Chuva";"Simples";"Curva;Aclive";"Não";2;0;1;0;0;1;1;2;-21,78708;-46,43884;"SPRF-MG";"DEL09-MG";"UOP01-DEL09-MG"
502358;2023-01-31;"terça-feira";"09:00:00";"PR";277;243;"IRATI";"Reação tardia ou ineficiente do condutor";"Saída de leito carroçável";"Com Vítimas Feridas";"Pleno dia";"Crescente";"Céu Claro";"Simples";"Reta";"Sim";2;0;0;1;0;1;1;2;-25,46419687;-50,56581801;"SPRF-PR";"DEL08-PR";"UOP02-DEL08-PR"
502360;2023-01-31;"terça-feira";"16:00:00";"CE";116;16;"FORTALEZA";"Ausência de reação do condutor";"Colisão traseira";"Com Vítimas Feridas";"Pleno dia";"Decrescente";"Céu Claro";"Dupla";"Reta;Aclive";"Sim";2;0;1;0;1;0;1;2;-3,88732794;-38,50185439;"SPRF-CE";"DEL01-CE";"UOP02-DEL01-CE"
502361;2023-01-31;"terça-feira";"15:00:00";"GO";153;371;"SAO FRANCISCO DE GOIAS";"Condutor deixou de manter distância do veículo da frente";"Engavetamento";"Com Vítimas Feridas";"Pleno dia";"Crescente";"Chuva";"Simples";"Reta;Declive";"Não";9;0;1;1;7;0;2;4;-15,835078;-49,275848;"SPRF-GO";"DEL02-GO";"UOP02-DEL02-GO"
502364;2023-01-31;"terça-feira";"14:19:00";"SC";101;54,8;"JOINVILLE";"Demais falhas mecânicas ou elétricas";"Incêndio";"Sem Vítimas";"Pleno dia";"Decrescente";"Céu Claro";"Dupla";"Reta";"Não";1;0;0;0;1;0;0;1;-26,41319508;-48,83617332;"SPRF-SC";"DEL03-SC";"UOP01-DEL03-SC"
502365;2023-01-31;"terça-feira";"14:30:00";"PR";376;436;"TIBAGI";"Velocidade Incompatível";"Saída de leito carroçável";"Com Vítimas Feridas";"Pleno dia";"Decrescente";"Chuva";"Dupla";"Curva";"Não";3;0;2;0;1;0;2;1;-24,789652;-50,504544;"SPRF-PR";"DEL03-PR";"UOP02-DEL03-PR"
502366;2023-01-31;"terça-feira";"16:00:00";"PB";230;15;"JOAO PESSOA";"Reação tardia ou ineficiente do condutor";"Tombamento";"Com Vítimas Feridas";"Pleno dia";"Decrescente";"Céu Claro";"Dupla";"Reta;Declive";"Sim";1;0;1;0;0;0;1;1;-7,093;-34,8482;"SPRF-PB";"DEL01-PB";"UOP01-DEL01-PB"
502368;2023-01-31;"terça-feira";"14:40:00";"MA";135;13;"SAO LUIS";"Ausência de reação do condutor";"Saída de leito carroçável";"Com Vítimas Feridas";"Pleno dia";"Crescente";"Nublado";"Dupla";"Reta;Aclive";"Sim";1;0;1;0;0;0;1;1;-2,68053538;-44,29512283;"SPRF-MA";"DEL01-MA";"UOP01-DEL01-MA"
502370;2023-01-31;"terça-feira";"16:25:00";"BA";116;443,1;"ANTONIO CARDOSO";"Demais falhas mecânicas ou elétricas";"Saída de leito carroçável";"Com Vítimas Feridas";"Pleno dia";"Crescente";"Céu Claro";"Dupla";"Reta";"Não";3;0;3;0;0;0;3;1;-12,33997417;-39,08151468;"SPRF-BA";"DEL02-BA";"UOP01-DEL02-BA"
502371;2023-01-31;"terça-feira";"13:45:00";"MS";163;493,7;"CAMPO GRANDE";"Ausência de reação do condutor";"Saída de leito carroçável";"Com Vítimas Feridas";"Pleno dia";"Decrescente";"Chuva";"Simples";"Declive;Reta";"Não";4;0;3;1;0;0;4;1;-20,37762705;-54,53752293;"SPRF-MS";"DEL01-MS";"UOP02-DEL01-MS"
502372;2023-01-31;"terça-feira";"11:30:00";"MT";70;372,5;"CAMPO VERDE";"Reação tardia ou ineficiente do condutor";"Saída de leito carroçável";"Com Vítimas Feridas";"Pleno dia";"Crescente";"Nublado";"Simples";"Curva";"Não";1;0;1;0;0;0;1;1;-15,48650094;-55,05516202;"SPRF-MT";"DEL05-MT";"UOP02-DEL05-MT"
502376;2023-01-31;"terça-feira";"11:00:00";"AL";316;253,9;"PILAR";"Condutor deixou de manter distância do veículo da frente";"Queda de ocupante de veículo";"Sem Vítimas";"Pleno dia";"Decrescente";"Nublado";"Simples";"Reta";"Sim";1;0;0;0;0;1;0;1;-9,58555877;-35,95752239;"SPRF-AL";"DEL02-AL";"UOP01-DEL02-AL"
502378;2023-01-31;"terça-feira";"17:00:00";"MG";40;551,8;"NOVA LIMA";"Condutor deixou de manter distância do veículo da frente";"Colisão traseira";"Com Vítimas Feridas";"Pleno dia";"Decrescente";"Nublado";"Múltipla";"Reta";"Sim";2;0;1;0;1;0;1;2;-20,05411435;-43,97101875;"SPRF-MG";"DEL01-MG";"UOP02-DEL01-MG"
502379;2023-01-31;"terça-feira";"17:15:00";"PR";116;121;"CURITIBA";"Ausência de reação do condutor";"Colisão traseira";"Sem Vítimas";"Pleno dia";"Crescente";"Garoa/Chuvisco";"Dupla";"Declive;Reta";"Não";2;0;0;0;2;0;0;2;-25,5599323;-49,30743945;"SPRF-PR";"DEL01-PR";"UOP03-DEL01-PR"
502380;2023-01-31;"terça-feira";"16:20:00";"RS";290;73;"GRAVATAI";"Ausência de reação do condutor";"Engavetamento";"Com Vítimas Feridas";"Pleno dia";"Decrescente";"Chuva";"Dupla";"Reta";"Sim";3;0;1;0;2;0;1;3;-29,95317;-50,988051;"SPRF-RS";"DEL03-RS";"UOP01-DEL03-RS"
502381;2023-01-31;"terça-feira";"11:50:00";"SC";280;128;"RIO NEGRINHO";"Acessar a via sem observar a presença dos outros veículos";"Atropelamento de Pedestre";"Com Vítimas Feridas";"Pleno dia";"Crescente";"Céu Claro";"Simples";"Reta";"Não";2;0;1;0;1;0;1;2;-26,24317941;-49,51320018;"SPRF-SC";"DEL06-SC";"UOP03-DEL06-SC"
502382;2023-01-31;"terça-feira";"17:40:00";"SP";116;273;"TABOAO DA SERRA";"Ausência de reação do condutor";"Colisão traseira";"Com Vítimas Feridas";"Pleno dia";"Crescente";"Nublado";"Dupla";"Reta";"Não";2;0;1;0;1;0;1;2;-23,62809795;-46,81870306;"SPRF-SP";"DEL04-SP";"UOP01-DEL04-SP"
502384;2023-01-31;"terça-feira";"17:20:00";"SC";101;334;"TUBARAO";"Desrespeitar a preferência no cruzamento";"Colisão transversal";"Com Vítimas Feridas";"Pleno dia";"Decrescente";"Céu Claro";"Simples";"Reta;Interseção de Vias";"Sim";2;0;1;0;1;0;1;2;-28,46730446;-49,00604302;"SPRF-SC";"DEL02-SC";"UOP01-DEL02-SC"
502385;2023-01-31;"terça-feira";"18:39:00";"GO";60;108;"GOIANAPOLIS";"Reação tardia ou ineficiente do condutor";"Colisão traseira";"Com Vítimas Feridas";"Anoitecer";"Decrescente";"Nublado";"Dupla";"Interseção de Vias";"Não";5;0;1;1;3;0;2;2;-16,4398;-49,0188;"SPRF-GO";"DEL02-GO";"UOP01-DEL02-GO"
502389;2023-01-31;"terça-feira";"17:50:00";"MA";10;257;"IMPERATRIZ";"Ausência de reação do condutor";"Colisão traseira";"Com Vítimas Feridas";"Pleno dia";"Decrescente";"Céu Claro";"Simples";"Reta";"Sim";2;0;1;0;1;0;1;2;-5,490634;-47,471973;"SPRF-MA";"DEL04-MA";"UOP01-DEL04-MA"
502391;2023-01-31;"terça-feira";"17:20:00";"RS";158;323;"SANTA MARIA";"Acumulo de areia ou detritos sobre o pavimento";"Queda de ocupante de veículo";"Com Vítimas Feridas";"Pleno dia";"Crescente";"Céu Claro";"Dupla";"Curva";"Sim";1;0;1;0;0;0;1;1;-29,69556822;-53,78022006;"SPRF-RS";"DEL09-RS";"UOP01-DEL09-RS"
502394;2023-01-31;"terça-feira";"18:30:00";"PR";116;116;"CURITIBA";"Trafegar com motocicleta (ou similar) entre as faixas";"Colisão traseira";"Com Vítimas Feridas";"Anoitecer";"Crescente";"Chuva";"Múltipla";"Reta";"Sim";3;0;2;0;1;0;2;2;-25,55102574;-49,30494547;"SPRF-PR";"DEL01-PR";"UOP03-DEL01-PR"
502395;2023-01-31;"terça-feira";"18:20:00";"SE";235;5;"NOSSA SENHORA DO SOCORRO";"Condutor deixou de manter distância do veículo da frente";"Colisão traseira";"Com Vítimas Feridas";"Anoitecer";"Crescente";"Céu Claro";"Dupla";"Reta;Declive";"Não";8;0;2;0;6;0;2;3;-10,9063755;-37,11958408;"SPRF-SE";"DEL01-SE";"UOP01-DEL01-SE"
502396;2023-01-31;"terça-feira";"17:55:00";"RS";116;238,8;"NOVO HAMBURGO";"Trafegar com motocicleta (ou similar) entre as faixas";"Colisão lateral mesmo sentido";"Com Vítimas Feridas";"Pleno dia";"Crescente";"Céu Claro";"Dupla";"Reta";"Sim";2;0;1;0;1;0;1;2;-29,69060001;-51,14315404;"SPRF-RS";"DEL01-RS";"UOP02-DEL01-RS"
502398;2023-01-31;"terça-feira";"17:30:00";"MG";116;651;"FERVEDOURO";"Condutor deixou de manter distância do veículo da frente";"Colisão traseira";"Com Vítimas Feridas";"Anoitecer";"Crescente";"Céu Claro";"Simples";"Reta";"Sim";3;0;1;0;2;0;1;2;-20,71848513;-42,27851814;"SPRF-MG";"DEL07-MG";"UOP02-DEL07-MG"
502399;2023-01-31;"terça-feira";"18:48:00";"RN";406;154;"CEARA-MIRIM";"Condutor deixou de manter distância do veículo da frente";"Colisão traseira";"Com Vítimas Feridas";"Plena Noite";"Decrescente";"Céu Claro";"Simples";"Reta";"Não";2;0;1;0;1;0;1;2;-5,67079426;-35,40552534;"SPRF-RN";"DEL02-RN";"UOP01-DEL02-RN"
502400;2023-01-31;"terça-feira";"18:00:00";"PR";277;724;"FOZ DO IGUACU";"Objeto estático sobre o leito carroçável";"Colisão traseira";"Sem Vítimas";"Anoitecer";"Decrescente";"Nublado";"Dupla";"Retorno Regulamentado;Reta";"Sim";2;0;0;0;2;0;0;2;-25,50257577;-54,53868311;"SPRF-PR";"DEL05-PR";"UOP03-DEL05-PR"
502401;2023-01-31;"terça-feira";"15:10:00";"AC";317;317;"BRASILEIA";"Acumulo de água sobre o pavimento";"Saída de leito carroçável";"Com Vítimas Feridas";"Pleno dia";"Crescente";"Chuva";"Simples";"Curva";"Não";4;0;3;0;1;0;3;1;-10,938388;-68,892258;"SPRF-AC";"DEL01-AC";"UOP02-DEL01-AC"
502403;2023-01-31;"terça-feira";"19:45:00";"CE";20;406;"CAUCAIA";"Iluminação deficiente";"Colisão frontal";"Com Vítimas Feridas";"Plena Noite";"Crescente";"Céu Claro";"Simples";"Reta";"Sim";3;0;1;0;1;1;1;3;-3,76999035;-38,67006282;"SPRF-CE";"DEL01-CE";"UOP01-DEL01-CE"
502405;2023-01-31;"terça-feira";"19:45:00";"SE";101;154,7;"ESTANCIA";"Reação tardia ou ineficiente do condutor";"Queda de ocupante de veículo";"Com Vítimas Feridas";"Plena Noite";"Decrescente";"Céu Claro";"Simples";"Reta";"Não";1;0;1;0;0;0;1;1;-11,284529;-37,451466;"SPRF-SE";"DEL02-SE";"UOP01-DEL02-SE"
502406;2023-01-31;"terça-feira";"19:10:00";"RJ";116;75,2;"TERESOPOLIS";"Ingestão de álcool e/ou substâncias psicoativas pelo pedestre";"Colisão com objeto";"Com Vítimas Feridas";"Plena Noite";"Decrescente";"Céu Claro";"Simples";"Curva";"Não";2;0;0;1;1;0;1;2;-22,3617791;-42,94152556;"SPRF-RJ";"DEL04-RJ";"UOP01-DEL04-RJ"
502407;2023-01-31;"terça-feira";"17:15:00";"MG";50;194,5;"DELTA";"Chuva";"Colisão com objeto";"Com Vítimas Feridas";"Pleno dia";"Crescente";"Chuva";"Dupla";"Reta;Declive";"Não";1;0;1;0;0;0;1;1;-19,887439;-47,848374;"SPRF-MG";"DEL13-MG";"UOP01-DEL13-MG"
502408;2023-01-31;"terça-feira";"20:15:00";"MG";381;946,5;"EXTREMA";"Desrespeitar a preferência no cruzamento";"Colisão lateral sentido oposto";"Com Vítimas Feridas";"Plena Noite";"Decrescente";"Garoa/Chuvisco";"Dupla";"Retorno Regulamentado;Viaduto;Interseção de Vias";"Sim";3;0;2;0;1;0;2;2;-22,8637265;-46,345591;"SPRF-MG";"DEL16-MG";"UOP03-DEL16-MG"
502410;2023-01-31;"terça-feira";"18:00:00";"RS";158;565,9;"SANTANA DO LIVRAMENTO";"Desrespeitar a preferência no cruzamento";"Colisão transversal";"Com Vítimas Feridas";"Pleno dia";"Decrescente";"Céu Claro";"Simples";"Interseção de Vias;Declive;Reta";"Sim";2;0;1;0;1;0;1;2;-30,87679484;-55,51062226;"SPRF-RS";"DEL11-RS";"UOP01-DEL11-RS"
502413;2023-01-31;"terça-feira";"18:15:00";"RO";364;342;"JI-PARANA";"Condutor deixou de manter distância do veículo da frente";"Colisão traseira";"Com Vítimas Feridas";"Anoitecer";"Crescente";"Céu Claro";"Dupla";"Reta";"Sim";2;0;1;0;1;0;1;2;-10,8819187;-61,94076106;"SPRF-RO";"DEL02-RO";"UOP01-DEL02-RO"
502414;2023-01-31;"terça-feira";"19:55:00";"PR";476;116,8;"COLOMBO";"Avarias e/ou desgaste excessivo no pneu";"Colisão com objeto";"Com Vítimas Feridas";"Plena Noite";"Crescente";"Nublado";"Dupla";"Curva";"Não";3;0;3;0;0;0;3;1;-25,34784628;-49,17420387;"SPRF-PR";"DEL01-PR";"UOP01-DEL01-PR"
502417;2023-01-31;"terça-feira";"21:20:00";"MG";50;80,7;"UBERLANDIA";"Demais falhas na via";"Tombamento";"Com Vítimas Feridas";"Plena Noite";"Crescente";"Céu Claro";"Simples";"Curva";"Não";1;0;1;0;0;0;1;1;-18,96978612;-48,21552449;"SPRF-MG";"DEL15-MG";"UOP01-DEL15-MG"
502418;2023-01-31;"terça-feira";"21:45:00";"MG";381;6,8;"BETIM";"Pista esburacada";"Tombamento";"Com Vítimas Feridas";"Plena Noite";"Crescente";"Nublado";"Dupla";"Reta";"Não";1;0;1;0;0;0;1;1;-19,98903197;-44,19486891;"SPRF-MG";"DEL01-MG";"UOP03-DEL01-MG"
502421;2023-01-31;"terça-feira";"18:15:00";"RO";364;342;"JI-PARANA";"Condutor deixou de manter distância do veículo da frente";"Colisão traseira";"Sem Vítimas";"Anoitecer";"Crescente";"Céu Claro";"Dupla";"Reta";"Sim";2;0;0;0;2;0;0;2;-10,88381227;-61,93741416;"SPRF-RO";"DEL02-RO";"UOP01-DEL02-RO"
502422;2023-01-31;"terça-feira";"21:50:00";"RJ";101;313;"SAO GONCALO";"Reação tardia ou ineficiente do condutor";"Capotamento";"Com Vítimas Feridas";"Plena Noite";"Crescente";"Céu Claro";"Simples";"Reta";"Sim";1;0;0;1;0;0;1;1;-22,81049093;-43,06983304;"SPRF-RJ";"DEL02-RJ";"UOP02-DEL02-RJ"
502425;2023-01-31;"terça-feira";"22:00:00";"PE";101;50;"ABREU E LIMA";"Demais falhas na via";"Colisão com objeto";"Com Vítimas Feridas";"Plena Noite";"Decrescente";"Céu Claro";"Dupla";"Reta";"Sim";2;0;2;0;0;0;2;1;-7,90938602;-34,90123228;"SPRF-PE";"DEL01-PE";"UOP02-DEL01-PE"
502426;2023-01-31;"terça-feira";"23:00:00";"MG";116;706,1;"MURIAE";"Animais na Pista";"Atropelamento de Animal";"Com Vítimas Feridas";"Plena Noite";"Decrescente";"Nublado";"Simples";"Reta";"Não";1;0;1;0;0;0;1;1;-21,147048;-42,381522;"SPRF-MG";"DEL07-MG";"UOP02-DEL07-MG"
502429;2023-01-31;"terça-feira";"23:40:00";"SC";101;130;"BALNEARIO CAMBORIU";"Transitar na contramão";"Colisão lateral sentido oposto";"Com Vítimas Feridas";"Plena Noite";"Crescente";"Céu Claro";"Simples";"Reta";"Sim";2;0;0;2;0;0;2;2;-26,98407618;-48,66977107;"SPRF-SC";"DEL04-SC";"UOP03-DEL04-SC"