"id";"data_inversa";"dia_semana";"horario";"uf";"br";"km";"municipio";"causa_acidente";"tipo_acidente";"classificacao_acidente";"fase_dia";"sentido_via";"condicao_metereologica";"tipo_pista";"tracado_via";"uso_solo";"pessoas";"mortos";"feridos_leves";"feridos_graves";"ilesos";"ignorados";"feridos";"veiculos";"latitude";"longitude";"regional";"delegacia";"uop"
502432;2023-02-01;"quarta-feira";"00:50:00";"RS";158;490;"ROSARIO DO SUL";"Condutor Dormindo";"Saída de leito carroçável";"Com Vítimas Feridas";"Plena Noite";"Decrescente";"Céu Claro";"Simples";"Reta";"Não";1;0;0;1;0;0;1;1;-30,43285707;-55,04990772;"SPRF-RS";"DEL11-RS";"UOP02-DEL11-RS"
502434;2023-02-01;"quarta-feira";"01:15:00";"SC";101;120,8;"ITAJAI";"Reação tardia ou ineficiente do condutor";"Queda de ocupante de veículo";"Com Vítimas Feridas";"Plena Noite";"Decrescente";"Céu Claro";"Múltipla";"Retorno Regulamentado";"Não";1;0;1;0;0;0;1;1;-26,912758;-48,711998;"SPRF-SC";"DEL04-SC";"UOP04-DEL04-SC"
502436;2023-01-31;"terça-feira";"17:50:00";"MA";135;2;"SAO LUIS";"Reação tardia ou ineficiente do condutor";"Colisão traseira";"Com Vítimas Feridas";"Anoitecer";"Decrescente";"Céu Claro";"Simples";"Reta";"Sim";3;0;2;0;1;0;2;2;-2,59806699;-44,24573511;"SPRF-MA";"DEL01-MA";"UOP01-DEL01-MA"
502442;2023-02-01;"quarta-feira";"02:00:00";"SC";163;72,5;"SAO MIGUEL DO OESTE";"Velocidade Incompatível";"Saída de leito carroçável";"Sem Vítimas";"Plena Noite";"Crescente";"Céu Claro";"Simples";"Curva";"Sim";2;0;0;0;0;2;0;2;-26,71908804;-53,5157791;"SPRF-SC";"DEL07-SC";"UOP03-DEL07-SC"
502444;2023-02-01;"quarta-feira";"06:50:00";"PB";101;106,3;"ALHANDRA";"Demais falhas mecânicas ou elétricas";"Queda de ocupante de veículo";"Com Vítimas Feridas";"Pleno dia";"Crescente";"Céu Claro";"Dupla";"Reta";"Não";2;0;1;1;0;0;2;1;-7,31642501;-34,94666379;"SPRF-PB";"DEL01-PB";"UOP02-DEL01-PB"
502445;2023-02-01;"quarta-feira";"06:50:00";"RN";110;49,5;"MOSSORO";"Ausência de reação do condutor";"Atropelamento de Pedestre";"Com Vítimas Feridas";"Pleno dia";"Decrescente";"Sol";"Dupla";"Reta";"Sim";3;0;3;0;0;0;3;2;-5,21645975;-37,32927128;"SPRF-RN";"DEL04-RN";"UOP01-DEL04-RN"
502446;2023-02-01;"quarta-feira";"07:10:00";"SC";101;198,3;"BIGUACU";"Reação tardia ou ineficiente do condutor";"Engavetamento";"Com Vítimas Feridas";"Pleno dia";"Crescente";"Céu Claro";"Dupla";"Reta";"Sim";4;0;1;0;3;0;1;3;-27,52658712;-48,63506019;"SPRF-SC";"DEL01-SC";"UOP01-DEL01-SC"
502447;2023-02-01;"quarta-feira";"07:15:00";"MG";116;702;"MURIAE";"Conversão proibida";"Colisão transversal";"Com Vítimas Feridas";"Pleno dia";"Crescente";"Céu Claro";"Simples";"Curva";"Sim";3;0;3;0;0;0;3;3;-21,13416858;-42,38722798;"SPRF-MG";"DEL07-MG";"UOP02-DEL07-MG"
502453;2023-02-01;"quarta-feira";"07:25:00";"PR";376;462,2;"PONTA GROSSA";"Chuva";"Colisão com objeto";"Com Vítimas Feridas";"Pleno dia";"Crescente";"Chuva";"Dupla";"Curva;Declive";"Não";4;0;3;1;0;0;4;1;-24,972;-50,383;"SPRF-PR";"DEL03-PR";"UOP01-DEL03-PR"
502454;2023-02-01;"quarta-feira";"07:30:00";"ES";101;143,1;"LINHARES";"Velocidade Incompatível";"Colisão com objeto";"Com Vítimas Feridas";"Pleno dia";"Decrescente";"Céu Claro";"Múltipla";"Interseção de Vias";"Sim";2;0;2;0;0;0;2;1;-19,34286596;-40,0638568;"SPRF-ES";"DEL04-ES";"UOP01-DEL04-ES"
502455;2023-02-01;"quarta-feira";"07:20:00";"RJ";101;322;"NITEROI";"Reação tardia ou ineficiente do condutor";"Colisão traseira";"Com Vítimas Feridas";"Pleno dia";"Crescente";"Céu Claro";"Simples";"Reta;Ponte";"Sim";3;0;1;0;2;0;1;2;-22,878923;-43,110676;"SPRF-RJ";"DEL02-RJ";"UOP01-DEL02-RJ"
502458;2023-02-01;"quarta-feira";"06:35:00";"PE";232;4,9;"RECIFE";"Ausência de reação do condutor";"Colisão lateral mesmo sentido";"Sem Vítimas";"Pleno dia";"Decrescente";"Céu Claro";"Dupla";"Reta;Aclive;Em Obras";"Não";4;0;0;0;2;2;0;4;-8,064473;-34,936928;"SPRF-PE";"DEL01-PE";"UOP01-DEL01-PE"
502459;2023-02-01;"quarta-feira";"07:00:00";"RS";290;80;"CACHOEIRINHA";"Demais falhas mecânicas ou elétricas";"Saída de leito carroçável";"Sem Vítimas";"Pleno dia";"Crescente";"Céu Claro";"Múltipla";"Reta";"Sim";1;0;0;0;1;0;0;1;-29,95343;-51,058449;"SPRF-RS";"DEL01-RS";"UOP01-DEL01-RS"
502460;2023-02-01;"quarta-feira";"07:40:00";"SC";101;38;"JOINVILLE";"Desrespeitar a preferência no cruzamento";"Colisão transversal";"Com Vítimas Feridas";"Pleno dia";"Decrescente";"Céu Claro";"Simples";"Interseção de Vias";"Sim";2;0;1;0;0;1;1;2;-26,29687772;-48,88373137;"SPRF-SC";"DEL03-SC";"UOP01-DEL03-SC"
502461;2023-02-01;"quarta-feira";"07:10:00";"SP";116;278;"EMBU DAS ARTES";"Ausência de reação do condutor";"Colisão traseira";"Com Vítimas Feridas";"Pleno dia";"Decrescente";"Garoa/Chuvisco";"Dupla";"Reta";"Não";3;0;2;0;1;0;2;2;-23,63593118;-46,83029836;"SPRF-SP";"DEL04-SP";"UOP01-DEL04-SP"
502464;2023-01-12;"quinta-feira";"16:27:00";"MG";381;499;"BETIM";"Velocidade Incompatível";"Tombamento";"Com Vítimas Feridas";"Pleno dia";"Crescente";"Nublado";"Múltipla";"Reta";"Não";1;0;1;0;0;0;1;1;-19,99645252;-44,2092241;"SPRF-MG";"DEL01-MG";"UOP03-DEL01-MG"
502469;2023-02-01;"quarta-feira";"07:50:00";"SC";101;204,7;"SAO JOSE";"Manobra de mudança de faixa";"Colisão lateral mesmo sentido";"Com Vítimas Feridas";"Pleno dia";"Crescente";"Céu Claro";"Múltipla";"Reta";"Sim";2;0;1;0;1;0;1;2;-27,57413014;-48,61363083;"SPRF-SC";"DEL01-SC";"UOP01-DEL01-SC"
502470;2023-02-01;"quarta-feira";"09:02:00";"SP";116;229;"SAO PAULO";"Demais falhas mecânicas ou elétricas";"Colisão com objeto";"Com Vítimas Feridas";"Pleno dia";"Crescente";"Nublado";"Múltipla";"Reta;Declive;Interseção de Vias";"Sim";1;0;1;0;0;0;1;1;-23,51291902;-46,57604698;"SPRF-SP";"DEL01-SP";"UOP01-DEL01-SP"
502472;2023-02-01;"quarta-feira";"07:15:00";"SC";101;34,5;"JOINVILLE";"Avarias e/ou desgaste excessivo no pneu";"Tombamento";"Com Vítimas Feridas";"Pleno dia";"Crescente";"Céu Claro";"Múltipla";"Curva";"Sim";2;0;1;0;1;0;1;1;-26,26767223;-48,89658451;"SPRF-SC";"DEL03-SC";"UOP01-DEL03-SC"
502474;2023-01-01;"domingo";"06:00:00";"PB";230;18,5;"JOAO PESSOA";"Ingestão de álcool pelo condutor";"Colisão com objeto";"Com Vítimas Fatais";"Pleno dia";"Decrescente";"Garoa/Chuvisco";"Dupla";"Curva;Declive";"Sim";8;1;6;0;1;0;6;3;-7,12862608;-34,847399;"SPRF-PB";"DEL01-PB";"UOP01-DEL01-PB"
502476;2023-02-01;"quarta-feira";"08:10:00";"BA";101;948,3;"MUCURI";"Desrespeitar a preferência no cruzamento";"Colisão transversal";"Com Vítimas Feridas";"Pleno dia";"Crescente";"Céu Claro";"Simples";"Reta";"Não";4;0;2;0;2;0;2;2;-18,110218;-39,884507;"SPRF-BA";"DEL09-BA";"UOP02-DEL09-BA"
502477;2023-01-29;"domingo";"20:00:00";"MS";163;485;"CAMPO GRANDE";"Ausência de reação do condutor";"Colisão traseira";"Sem Vítimas";"Plena Noite";"Decrescente";"Céu Claro";"Simples";"Reta";"Sim";2;0;0;0;0;2;0;2;-20,44233707;-54,54201834;"SPRF-MS";"DEL01-MS";"UOP02-DEL01-MS"
502480;2023-02-01;"quarta-feira";"09:50:00";"SC";101;175;"BIGUACU";"Condutor deixou de manter distância do veículo da frente";"Queda de ocupante de veículo";"Com Vítimas Feridas";"Pleno dia";"Crescente";"Céu Claro";"Dupla";"Reta";"Não";1;0;1;0;0;0;1;1;-27,33963303;-48,62734885;"SPRF-SC";"DEL01-SC";"UOP01-DEL01-SC"
502482;2023-02-01;"quarta-feira";"10:03:00";"GO";40;8,5;"VALPARAISO DE GOIAS";"Acessar a via sem observar a presença dos outros veículos";"Colisão lateral mesmo sentido";"Com Vítimas Feridas";"Pleno dia";"Decrescente";"Céu Claro";"Dupla";"Reta";"Sim";2;0;1;0;0;1;1;2;-16,11604888;-47,96737075;"SPRF-DF";"DEL01-DF";"UOP01-DEL01-DF"
502484;2023-02-01;"quarta-feira";"09:00:00";"RJ";116;311;"RESENDE";"Reação tardia ou ineficiente do condutor";"Colisão com objeto";"Com Vítimas Feridas";"Pleno dia";"Decrescente";"Sol";"Simples";"Reta";"Sim";2;0;2;0;0;0;2;1;-22,46086624;-44,44296321;"SPRF-RJ";"DEL07-RJ";"UOP02-DEL07-RJ"
502485;2023-02-01;"quarta-feira";"07:30:00";"SC";101;333,7;"TUBARAO";"Desrespeitar a preferência no cruzamento";"Colisão lateral mesmo sentido";"Com Vítimas Feridas";"Pleno dia";"Crescente";"Céu Claro";"Dupla";"Interseção de Vias";"Sim";2;0;1;0;1;0;1;2;-28,46630107;-48,99653096;"SPRF-SC";"DEL02-SC";"UOP01-DEL02-SC"
502487;2023-02-01;"quarta-feira";"10:50:00";"AL";101;72;"MESSIAS";"Manobra de mudança de faixa";"Colisão lateral mesmo sentido";"Com Vítimas Feridas";"Pleno dia";"Crescente";"Céu Claro";"Dupla";"Curva";"Sim";2;0;1;0;1;0;1;2;-9,37909108;-35,83407855;"SPRF-AL";"DEL01-AL";"UOP01-DEL01-AL"
502489;2023-02-01;"quarta-feira";"11:40:00";"CE";116;306;"JAGUARIBE";"Desrespeitar a preferência no cruzamento";"Colisão transversal";"Com Vítimas Feridas";"Pleno dia";"Crescente";"Céu Claro";"Simples";"Reta";"Sim";2;0;1;0;1;0;1;2;-5,87360108;-38,60594195;"SPRF-CE";"DEL05-CE";"UOP02-DEL05-CE"
502490;2023-02-01;"quarta-feira";"10:30:00";"ES";101;148,1;"LINHARES";"Pedestre cruzava a pista fora da faixa";"Atropelamento de Pedestre";"Com Vítimas Feridas";"Pleno dia";"Crescente";"Céu Claro";"Múltipla";"Reta";"Sim";2;0;0;1;1;0;1;2;-19,38787399;-40,06752766;"SPRF-ES";"DEL04-ES";"UOP01-DEL04-ES"
502495;2023-01-24;"terça-feira";"20:13:00";"PR";369;154;"LONDRINA";"Acessar a via sem observar a presença dos outros veículos";"Colisão traseira";"Com Vítimas Feridas";"Plena Noite";"Crescente";"Céu Claro";"Dupla";"Reta";"Não";2;0;0;1;0;1;1;2;-23,29744424;-51,19965255;"SPRF-PR";"DEL07-PR";"UOP01-DEL07-PR"
502496;2023-02-01;"quarta-feira";"13:00:00";"PR";369;98,1;"CORNELIO PROCOPIO";"Manobra de mudança de faixa";"Queda de ocupante de veículo";"Com Vítimas Feridas";"Pleno dia";"Decrescente";"Sol";"Dupla";"Reta";"Não";1;0;0;1;0;0;1;1;-23,23909102;-50,69443703;"SPRF-PR";"DEL07-PR";"UOP05-DEL07-PR"
502504;2023-02-01;"quarta-feira";"14:30:00";"RS";116;120;"SAO MARCOS";"Acessar a via sem observar a presença dos outros veículos";"Colisão lateral mesmo sentido";"Sem Vítimas";"Pleno dia";"Decrescente";"Céu Claro";"Simples";"Reta;Aclive";"Não";2;0;0;0;2;0;0;1;-29,00257991;-51,07844385;"SPRF-RS";"DEL05-RS";"UOP01-DEL05-RS"
502505;2023-02-01;"quarta-feira";"14:05:00";"RJ";101;486,4;"ANGRA DOS REIS";"Conversão proibida";"Queda de ocupante de veículo";"Com Vítimas Feridas";"Pleno dia";"Decrescente";"Chuva";"Simples";"Reta";"Sim";3;0;3;0;0;0;3;2;-22,97331;-44,29741;"SPRF-RJ";"DEL03-RJ";"UOP03-DEL03-RJ"
502506;2023-02-01;"quarta-feira";"15:20:00";"RS";386;50,3;"SEBERI";"Acessar a via sem observar a presença dos outros veículos";"Colisão transversal";"Com Vítimas Feridas";"Pleno dia";"Decrescente";"Céu Claro";"Simples";"Reta";"Sim";2;0;2;0;0;0;2;2;-27,491682;-53,389172;"SPRF-RS";"DEL08-RS";"UOP02-DEL08-RS"
502507;2023-02-01;"quarta-feira";"14:20:00";"SP";381;28;"ATIBAIA";"Ausência de reação do condutor";"Colisão traseira";"Com Vítimas Feridas";"Pleno dia";"Crescente";"Céu Claro";"Dupla";"Reta";"Não";3;0;1;0;2;0;1;2;-23,03614495;-46,55183601;"SPRF-SP";"DEL03-SP";"UOP02-DEL03-SP"
502508;2023-02-01;"quarta-feira";"15:30:00";"SC";101;205,9;"SAO JOSE";"Condutor deixou de manter distância do veículo da frente";"Queda de ocupante de veículo";"Com Vítimas Feridas";"Pleno dia";"Crescente";"Céu Claro";"Simples";"Reta";"Sim";1;0;1;0;0;0;1;1;-27,58313237;-48,61532885;"SPRF-SC";"DEL01-SC";"UOP01-DEL01-SC"
502510;2023-02-01;"quarta-feira";"15:50:00";"PR";369;138,7;"IBIPORA";"Manobra de mudança de faixa";"Colisão lateral mesmo sentido";"Com Vítimas Feridas";"Pleno dia";"Crescente";"Nublado";"Simples";"Reta";"Sim";2;0;1;0;1;0;1;2;-23,27471886;-51,05861127;"SPRF-PR";"DEL07-PR";"UOP01-DEL07-PR"
502511;2023-02-01;"quarta-feira";"14:15:00";"SP";153;100;"JOSE BONIFACIO";"Ausência de reação do condutor";"Tombamento";"Com Vítimas Feridas";"Pleno dia";"Decrescente";"Céu Claro";"Simples";"Curva;Desvio Temporário;Em Obras";"Não";1;0;1;0;0;0;1;1;-21,00658524;-49,63430539;"SPRF-SP";"DEL09-SP";"UOP01-DEL09-SP"
502512;2023-02-01;"quarta-feira";"14:40:00";"MT";364;258;"JUSCIMEIRA";"Manobra de mudança de faixa";"Colisão traseira";"Com Vítimas Feridas";"Pleno dia";"Crescente";"Nublado";"Dupla";"Reta";"Não";3;0;1;0;2;0;1;2;-16,03954436;-54,88220215;"SPRF-MT";"DEL02-MT";"UOP01-DEL02-MT"
502513;2023-01-04;"quarta-feira";"13:10:00";"MG";365;454,9;"PATOS DE MINAS";"Pista esburacada";"Saída de leito carroçável";"Com Vítimas Feridas";"Pleno dia";"Crescente";"Céu Claro";"Simples";"Reta";"Não";4;0;4;0;0;0;4;1;-18,77986103;-46,69298351;"SPRF-MG";"DEL10-MG";"UOP01-DEL10-MG"
502514;2023-02-01;"quarta-feira";"16:00:00";"SC";101;210,3;"SAO JOSE";"Ausência de reação do condutor";"Queda de ocupante de veículo";"Com Vítimas Feridas";"Pleno dia";"Crescente";"Céu Claro";"Dupla";"Reta";"Não";2;0;2;0;0;0;2;1;-27,6167305;-48,6457265;"SPRF-SC";"DEL01-SC";"UOP01-DEL01-SC"
502516;2023-02-01;"quarta-feira";"12:40:00";"TO";153;674;"GURUPI";"Condutor deixou de manter distância do veículo da frente";"Colisão traseira";"Com Vítimas Feridas";"Pleno dia";"Crescente";"Céu Claro";"Dupla";"Reta;Retorno Regulamentado";"Sim";2;0;1;0;1;0;1;2;-11,74596399;-49,08518001;"SPRF-TO";"DEL01-TO";"UOP02-DEL01-TO"
502517;2023-02-01;"quarta-feira";"15:30:00";"PE";232;8,6;"RECIFE";"Ausência de reação do condutor";"Colisão traseira";"Com Vítimas Feridas";"Pleno dia";"Crescente";"Céu Claro";"Múltipla";"Reta";"Sim";2;0;0;1;1;0;1;2;-8,077389;-34,976837;"SPRF-PE";"DEL01-PE";"UOP01-DEL01-PE"
502518;2023-01-14;"sábado";"15:30:00";"RJ";101;58;"CAMPOS DOS GOYTACAZES";"Condutor desrespeitou a iluminação vermelha do semáforo";"Colisão transversal";"Com Vítimas Feridas";"Pleno dia";"Crescente";"Céu Claro";"Simples";"Interseção de Vias";"Sim";2;0;0;1;0;1;1;2;-21,70488703;-41,30979616;"SPRF-RJ";"DEL08-RJ";"UOP01-DEL08-RJ"
502519;2023-01-31;"terça-feira";"12:00:00";"MS";163;77,8;"ITAQUIRAI";"Condutor deixou de manter distância do veículo da frente";"Colisão lateral mesmo sentido";"Com Vítimas Feridas";"Pleno dia";"Crescente";"Chuva";"Dupla";"Reta";"Sim";2;0;1;0;1;0;1;2;-23,4831998;-54,18609129;"SPRF-MS";"DEL09-MS";"UOP01-DEL09-MS"
502520;2023-02-01;"quarta-feira";"13:50:00";"MG";381;708;"NEPOMUCENO";"Afundamento ou ondulação no pavimento";"Colisão com objeto";"Com Vítimas Feridas";"Pleno dia";"Decrescente";"Céu Claro";"Dupla";"Curva;Declive";"Não";2;0;1;0;1;0;1;1;-21,370524;-45,188652;"SPRF-MG";"DEL04-MG";"UOP02-DEL04-MG"
502521;2023-02-01;"quarta-feira";"14:20:00";"RJ";40;122;"DUQUE DE CAXIAS";"Reação tardia ou ineficiente do condutor";"Queda de ocupante de veículo";"Com Vítimas Feridas";"Pleno dia";"Crescente";"Nublado";"Dupla";"Reta";"Sim";2;0;2;0;0;0;2;1;-22,79083113;-43,28611569;"SPRF-RJ";"DEL01-RJ";"UOP01-DEL01-RJ"
502522;2023-02-01;"quarta-feira";"17:45:00";"RJ";393;279,9;"BARRA DO PIRAI";"Acesso irregular";"Colisão transversal";"Com Vítimas Feridas";"Pleno dia";"Crescente";"Nublado";"Simples";"Reta";"Sim";2;0;0;1;1;0;1;2;-22,47615736;-44,00889998;"SPRF-RJ";"DEL05-RJ";"UOP04-DEL05-RJ"
502523;2023-02-01;"quarta-feira";"15:50:00";"MS";463;36,1;"PONTA PORA";"Mal súbito do condutor";"Saída de leito carroçável";"Com Vítimas Fatais";"Pleno dia";"Crescente";"Céu Claro";"Simples";"Reta";"Não";3;1;1;1;0;0;2;1;-22,30595405;-55,12349899;"SPRF-MS";"DEL04-MS";"UOP03-DEL04-MS"
502524;2023-02-01;"quarta-feira";"16:00:00";"RJ";116;176;"SAO JOAO DE MERITI";"Conversão proibida";"Queda de ocupante de veículo";"Com Vítimas Feridas";"Pleno dia";"Crescente";"Céu Claro";"Dupla";"Reta";"Sim";3;0;2;0;1;0;2;2;-22,7839538;-43,38195488;"SPRF-RJ";"DEL01-RJ";"UOP02-DEL01-RJ"
502525;2023-02-01;"quarta-feira";"17:50:00";"ES";101;268;"SERRA";"Reação tardia ou ineficiente do condutor";"Colisão lateral mesmo sentido";"Com Vítimas Feridas";"Anoitecer";"Crescente";"Céu Claro";"Dupla";"Reta";"Sim";2;0;1;0;1;0;1;2;-20,20842;-40,269405;"SPRF-ES";"DEL02-ES";"UOP01-DEL02-ES"
502526;2023-01-12;"quinta-feira";"07:10:00";"RJ";101;324;"NITEROI";"Trafegar com motocicleta (ou similar) entre as faixas";"Colisão lateral mesmo sentido";"Com Vítimas Feridas";"Pleno dia";"Crescente";"Nublado";"Dupla";"Reta";"Não";4;0;1;0;3;0;1;2;-22,87381074;-43,12640997;"SPRF-RJ";"DEL02-RJ";"UOP01-DEL02-RJ"
502528;2023-02-01;"quarta-feira";"17:50:00";"RS";285;202;"LAGOA VERMELHA";"Ausência de reação do condutor";"Colisão traseira";"Com Vítimas Feridas";"Pleno dia";"Decrescente";"Céu Claro";"Dupla";"Reta;Aclive";"Sim";3;0;1;0;2;0;1;2;-28,211273;-51,546356;"SPRF-RS";"DEL08-RS";"UOP05-DEL08-RS"
502530;2023-02-01;"quarta-feira";"15:30:00";"RJ";493;105;"ITAGUAI";"Condutor Dormindo";"Colisão com objeto";"Com Vítimas Feridas";"Pleno dia";"Crescente";"Nublado";"Dupla";"Reta";"Não";1;0;1;0;0;0;1;1;-22,8623028;-43,7790812;"SPRF-RJ";"DEL03-RJ";"UOP01-DEL03-RJ"
502533;2023-02-01;"quarta-feira";"11:00:00";"RJ";393;106;"SAPUCAIA";"Velocidade Incompatível";"Colisão traseira";"Com Vítimas Feridas";"Pleno dia";"Crescente";"Céu Claro";"Simples";"Reta";"Sim";2;0;1;0;1;0;1;2;-21,87764485;-42,67025797;"SPRF-RJ";"DEL05-RJ";"UOP01-DEL05-RJ"
502534;2023-02-01;"quarta-feira";"15:40:00";"MA";135;3;"SAO LUIS";"Desrespeitar a preferência no cruzamento";"Colisão transversal";"Com Vítimas Feridas";"Pleno dia";"Decrescente";"Garoa/Chuvisco";"Dupla";"Interseção de Vias";"Sim";2;0;1;0;1;0;1;2;-2,606802;-44,247512;"SPRF-MA";"DEL01-MA";"UOP01-DEL01-MA"
502535;2023-02-01;"quarta-feira";"17:47:00";"PB";230;14;"CABEDELO";"Demais falhas mecânicas ou elétricas";"Tombamento";"Com Vítimas Feridas";"Plena Noite";"Crescente";"Céu Claro";"Múltipla";"Reta";"Sim";2;0;1;0;1;0;1;1;-7,09642416;-34,84801202;"SPRF-PB";"DEL01-PB";"UOP01-DEL01-PB"
502537;2023-02-01;"quarta-feira";"17:15:00";"PB";230;67,8;"SOBRADO";"Demais falhas mecânicas ou elétricas";"Colisão com objeto";"Sem Vítimas";"Pleno dia";"Crescente";"Céu Claro";"Dupla";"Declive;Curva";"Não";1;0;0;0;1;0;0;1;-7,1856;-35,1989;"SPRF-PB";"DEL01-PB";"UOP03-DEL01-PB"
502538;2023-02-01;"quarta-feira";"18:13:00";"PE";232;5,5;"RECIFE";"Condutor deixou de manter distância do veículo da frente";"Colisão traseira";"Com Vítimas Feridas";"Plena Noite";"Decrescente";"Céu Claro";"Dupla";"Em Obras;Reta";"Não";8;0;2;0;6;0;2;6;-8,07079525;-34,9535389;"SPRF-PE";"DEL01-PE";"UOP01-DEL01-PE"
502539;2023-02-01;"quarta-feira";"18:50:00";"MG";381;939,7;"EXTREMA";"Chuva";"Capotamento";"Com Vítimas Feridas";"Plena Noite";"Crescente";"Chuva";"Dupla";"Curva";"Sim";1;0;1;0;0;0;1;1;-22,84701434;-46,33321175;"SPRF-MG";"DEL16-MG";"UOP03-DEL16-MG"
502540;2023-02-01;"quarta-feira";"18:40:00";"PB";101;89;"JOAO PESSOA";"Acessar a via sem observar a presença dos outros veículos";"Colisão transversal";"Com Vítimas Feridas";"Plena Noite";"Crescente";"Céu Claro";"Dupla";"Reta";"Sim";3;0;1;1;1;0;2;2;-7,18112866;-34,90086079;"SPRF-PB";"DEL01-PB";"UOP02-DEL01-PB"
502541;2023-02-01;"quarta-feira";"18:00:00";"MS";163;476;"CAMPO GRANDE";"Reação tardia ou ineficiente do condutor";"Tombamento";"Com Vítimas Feridas";"Anoitecer";"Crescente";"Céu Claro";"Simples";"Reta";"Sim";1;0;0;1;0;0;1;1;-20,51162825;-54,56030973;"SPRF-MS";"DEL01-MS";"UOP01-DEL01-MS"
502543;2023-02-01;"quarta-feira";"14:30:00";"SC";282;459;"PONTE SERRADA";"Conversão proibida";"Colisão lateral mesmo sentido";"Com Vítimas Feridas";"Pleno dia";"Decrescente";"Céu Claro";"Simples";"Reta";"Não";3;0;1;0;2;0;1;2;-26,863695;-52,024818;"SPRF-SC";"DEL07-SC";"UOP04-DEL07-SC"
502544;2023-02-01;"quarta-feira";"19:00:00";"ES";101;46;"CONCEICAO DA BARRA";"Acessar a via sem observar a presença dos outros veículos";"Atropelamento de Pedestre";"Com Vítimas Fatais";"Plena Noite";"Crescente";"Céu Claro";"Simples";"Reta";"Não";2;1;0;0;1;0;0;2;-18,55144093;-39,90284075;"SPRF-ES";"DEL04-ES";"UOP02-DEL04-ES"
502547;2023-02-01;"quarta-feira";"19:00:00";"PI";343;589,4;"FLORIANO";"Ingestão de álcool pelo condutor";"Colisão traseira";"Com Vítimas Feridas";"Plena Noite";"Crescente";"Céu Claro";"Dupla";"Reta";"Sim";2;0;0;1;1;0;1;2;-6,776695;-43,009346;"SPRF-PI";"DEL03-PI";"UOP01-DEL03-PI"
502548;2023-02-01;"quarta-feira";"18:40:00";"MT";163;840;"SINOP";"Reação tardia ou ineficiente do condutor";"Colisão traseira";"Com Vítimas Feridas";"Plena Noite";"Decrescente";"Nublado";"Simples";"Reta";"Sim";2;0;1;0;1;0;1;2;-11,94214306;-55,51630378;"SPRF-MT";"DEL06-MT";"UOP02-DEL06-MT"
502549;2023-02-01;"quarta-feira";"17:00:00";"BA";324;542,2;"AMELIA RODRIGUES";"Velocidade Incompatível";"Atropelamento de Pedestre";"Com Vítimas Feridas";"Pleno dia";"Crescente";"Nublado";"Dupla";"Reta";"Sim";2;0;0;1;1;0;1;2;-12,39373185;-38,77646394;"SPRF-BA";"DEL01-BA";"UOP03-DEL01-BA"
502550;2023-02-01;"quarta-feira";"20:25:00";"RS";158;331;"SANTA MARIA";"Ausência de reação do condutor";"Atropelamento de Pedestre";"Com Vítimas Feridas";"Plena Noite";"Decrescente";"Céu Claro";"Dupla";"Reta";"Sim";5;0;0;1;2;2;1;2;-29,70200535;-53,83725413;"SPRF-RS";"DEL09-RS";"UOP01-DEL09-RS"
502551;2023-02-01;"quarta-feira";"19:30:00";"RJ";101;265;"RIO BONITO";"Avarias e/ou desgaste excessivo no pneu";"Tombamento";"Com Vítimas Feridas";"Plena Noite";"Crescente";"Nublado";"Dupla";"Reta";"Não";2;0;2;0;0;0;2;1;-22,71359987;-42,64391188;"SPRF-RJ";"DEL02-RJ";"UOP03-DEL02-RJ"
502552;2023-02-01;"quarta-feira";"20:50:00";"PR";369;163,1;"CAMBE";"Condutor deixou de manter distância do veículo da frente";"Colisão lateral mesmo sentido";"Com Vítimas Feridas";"Plena Noite";"Decrescente";"Chuva";"Dupla";"Reta;Declive;Viaduto";"Sim";5;0;2;2;1;0;4;3;-23,29722745;-51,27806962;"SPRF-PR";"DEL07-PR";"UOP01-DEL07-PR"
502553;2023-02-01;"quarta-feira";"20:45:00";"RS";392;718;"PORTO XAVIER";"Ingestão de álcool pelo condutor";"Colisão lateral sentido oposto";"Com Vítimas Feridas";"Plena Noite";"Crescente";"Céu Claro";"Simples";"Reta";"Não";3;0;1;1;1;0;2;2;-27,93372321;-55,13694765;"SPRF-RS";"DEL10-RS";"UOP01-DEL10-RS"
502555;2023-01-30;"segunda-feira";"18:10:00";"MS";163;3,5;"MUNDO NOVO";"Velocidade Incompatível";"Colisão lateral mesmo sentido";"Sem Vítimas";"Anoitecer";"Crescente";"Nublado";"Simples";"Reta";"Não";3;0;0;0;3;0;0;2;-24,02437787;-54,29046187;"SPRF-MS";"DEL09-MS";"UOP02-DEL09-MS"
502556;2023-02-01;"quarta-feira";"18:20:00";"BA";410;35;"TUCANO";"Ingestão de álcool pelo condutor";"Saída de leito carroçável";"Com Vítimas Feridas";"Plena Noite";"Crescente";"Céu Claro";"Simples";"Reta";"Não";1;0;1;0;0;0;1;1;-10,97784383;-38,77964013;"SPRF-BA";"DEL07-BA";"UOP02-DEL07-BA"
502558;2023-02-01;"quarta-feira";"21:20:00";"PR";272;373;"CAMPO MOURAO";"Chuva";"Saída de leito carroçável";"Com Vítimas Feridas";"Plena Noite";"Crescente";"Chuva";"Simples";"Reta";"Não";3;0;1;1;1;0;2;1;-24,0678098;-52,45503794;"SPRF-PR";"DEL09-PR";"UOP03-DEL09-PR"
502559;2023-02-01;"quarta-feira";"17:20:00";"SC";282;531,5;"CORDILHEIRA ALTA";"Acessar a via sem observar a presença dos outros veículos";"Colisão transversal";"Com Vítimas Feridas";"Anoitecer";"Decrescente";"Nublado";"Simples";"Reta;Interseção de Vias";"Sim";2;0;1;0;1;0;1;2;-26,990747;-52,609776;"SPRF-SC";"DEL07-SC";"UOP01-DEL07-SC"