"id";"data_inversa";"dia_semana";"horario";"uf";"br";"km";"municipio";"causa_acidente";"tipo_acidente";"classificacao_acidente";"fase_dia";"sentido_via";"condicao_metereologica";"tipo_pista";"tracado_via";"uso_solo";"pessoas";"mortos";"feridos_leves";"feridos_graves";"ilesos";"ignorados";"feridos";"veiculos";"latitude";"longitude";"regional";"delegacia";"uop"
502949;2023-02-03;"sexta-feira";"22:15:00";"RJ";101;426;"MANGARATIBA";"Animais na Pista";"Atropelamento de Animal";"Com Vítimas Feridas";"Plena Noite";"Decrescente";"Céu Claro";"Simples";"Curva";"Não";1;0;1;0;0;0;1;1;-22,92769078;-43,97265811;"SPRF-RJ";"DEL03-RJ";"UOP02-DEL03-RJ"
502951;2023-02-03;"sexta-feira";"23:41:00";"SC";101;218;"PALHOCA";"Ingestão de álcool e/ou substâncias psicoativas pelo pedestre";"Capotamento";"Com Vítimas Feridas";"Plena Noite";"Crescente";"Céu Claro";"Múltipla";"Reta";"Não";1;0;1;0;0;0;1;1;-27,6758601;-48,67052525;"SPRF-SC";"DEL01-SC";"UOP02-DEL01-SC"
502952;2023-02-03;"sexta-feira";"22:45:00";"TO";153;324;"GUARAI";"Transitar na contramão";"Colisão frontal";"Com Vítimas Fatais";"Plena Noite";"Decrescente";"Céu Claro";"Simples";"Reta";"Não";2;1;1;0;0;0;1;2;-8,74575996;-48,5085845;"SPRF-TO";"DEL02-TO";"UOP02-DEL02-TO"
502953;2023-02-03;"sexta-feira";"21:00:00";"MS";163;266;"DOURADOS";"Ingestão de álcool pelo condutor";"Tombamento";"Com Vítimas Feridas";"Plena Noite";"Decrescente";"Céu Claro";"Dupla";"Reta;Rotatória";"Sim";2;0;1;0;0;1;1;2;-22,21302162;-54,7163558;"SPRF-MS";"DEL04-MS";"UOP01-DEL04-MS"
502954;2023-02-03;"sexta-feira";"18:30:00";"PI";316;35,7;"DEMERVAL LOBAO";"Reação tardia ou ineficiente do condutor";"Saída de leito carroçável";"Com Vítimas Feridas";"Anoitecer";"Decrescente";"Nublado";"Simples";"Curva";"Não";1;0;0;1;0;0;1;1;-5,386004;-42,670832;"SPRF-PI";"DEL01-PI";"UOP02-DEL01-PI"
502955;2023-02-03;"sexta-feira";"19:30:00";"SC";470;183,5;"POUSO REDONDO";"Reação tardia ou ineficiente do condutor";"Saída de leito carroçável";"Com Vítimas Fatais";"Plena Noite";"Crescente";"Chuva";"Simples";"Reta";"Não";5;4;0;1;0;0;1;1;-27,25185;-50,022938;"SPRF-SC";"DEL04-SC";"UOP02-DEL04-SC"
502956;2023-02-03;"sexta-feira";"23:40:00";"PE";232;127;"CARUARU";"Condutor deixou de manter distância do veículo da frente";"Colisão traseira";"Com Vítimas Feridas";"Plena Noite";"Crescente";"Nublado";"Dupla";"Reta";"Sim";5;0;2;0;3;0;2;2;-8,30610303;-35,96342301;"SPRF-PE";"DEL02-PE";"UOP01-DEL02-PE"
502958;2023-02-04;"sábado";"00:10:00";"SC";101;139;"BALNEARIO CAMBORIU";"Reação tardia ou ineficiente do condutor";"Colisão com objeto";"Com Vítimas Feridas";"Plena Noite";"Crescente";"Chuva";"Dupla";"Curva";"Não";1;0;1;0;0;0;1;1;-27,02982303;-48,60115006;"SPRF-SC";"DEL04-SC";"UOP03-DEL04-SC"
502959;2023-02-04;"sábado";"00:15:00";"RJ";393;285,5;"VOLTA REDONDA";"Condutor Dormindo";"Colisão com objeto";"Com Vítimas Feridas";"Plena Noite";"Decrescente";"Céu Claro";"Dupla";"Rotatória";"Sim";1;0;1;0;0;0;1;1;-22,481726;-44,06308602;"SPRF-RJ";"DEL05-RJ";"UOP04-DEL05-RJ"
502960;2023-02-04;"sábado";"00:30:00";"AP";210;3;"MACAPA";"Velocidade Incompatível";"Colisão transversal";"Com Vítimas Feridas";"Pleno dia";"Decrescente";"Nublado";"Múltipla";"Reta";"Sim";2;0;1;1;0;0;2;2;0,08723365;-51,08569007;"SPRF-AP";"DEL01-AP";"UOP01-DEL01-AP"
502961;2023-02-03;"sexta-feira";"19:35:00";"MA";222;396,1;"SANTA INES";"Ultrapassagem Indevida";"Colisão frontal";"Com Vítimas Fatais";"Plena Noite";"Crescente";"Céu Claro";"Simples";"Curva";"Não";2;2;0;0;0;0;0;2;-3,90216202;-45,58232698;"SPRF-MA";"DEL02-MA";"UOP01-DEL02-MA"
502962;2023-02-04;"sábado";"00:30:00";"PR";116;6;"QUATRO BARRAS";"Demais falhas mecânicas ou elétricas";"Incêndio";"Sem Vítimas";"Plena Noite";"Crescente";"Garoa/Chuvisco";"Dupla";"Reta";"Não";1;0;0;0;1;0;0;1;-25,3669;-49,0996;"SPRF-PR";"DEL01-PR";"UOP02-DEL01-PR"
502963;2023-02-04;"sábado";"00:30:00";"CE";222;2;"FORTALEZA";"Acessar a via sem observar a presença dos outros veículos";"Colisão transversal";"Com Vítimas Feridas";"Plena Noite";"Decrescente";"Céu Claro";"Simples";"Reta";"Sim";3;0;1;0;2;0;1;2;-3,73911117;-38,58687498;"SPRF-CE";"DEL01-CE";"UOP01-DEL01-CE"
502965;2023-02-04;"sábado";"00:30:00";"MG";262;362;"JUATUBA";"Animais na Pista";"Atropelamento de Animal";"Com Vítimas Feridas";"Plena Noite";"Decrescente";"Céu Claro";"Dupla";"Reta";"Não";1;0;1;0;0;0;1;1;-19,97133207;-44,28897858;"SPRF-MG";"DEL01-MG";"UOP03-DEL01-MG"
502966;2023-02-03;"sexta-feira";"22:30:00";"MS";376;40;"VICENTINA";"Reação tardia ou ineficiente do condutor";"Colisão traseira";"Com Vítimas Feridas";"Plena Noite";"Crescente";"Céu Claro";"Simples";"Declive";"Não";2;0;1;0;1;0;1;2;-22,41636922;-54,41693508;"SPRF-MS";"DEL04-MS";"UOP01-DEL04-MS"
502969;2023-02-04;"sábado";"01:15:00";"PR";369;147;"LONDRINA";"Ingestão de álcool pelo condutor";"Colisão com objeto";"Com Vítimas Feridas";"Plena Noite";"Decrescente";"Garoa/Chuvisco";"Dupla";"Reta";"Sim";1;0;1;0;0;0;1;1;-23,29321679;-51,1340028;"SPRF-PR";"DEL07-PR";"UOP01-DEL07-PR"
502975;2023-02-04;"sábado";"01:00:00";"PE";232;467;"MIRANDIBA";"Animais na Pista";"Atropelamento de Animal";"Com Vítimas Feridas";"Plena Noite";"Crescente";"Nublado";"Simples";"Reta;Ponte;Declive";"Não";4;0;3;1;0;0;4;1;-8,02537454;-38,77566207;"SPRF-PE";"DEL05-PE";"UOP01-DEL05-PE"
502977;2023-02-04;"sábado";"02:50:00";"SP";116;178,3;"GUARAREMA";"Pedestre andava na pista";"Atropelamento de Pedestre";"Com Vítimas Fatais";"Plena Noite";"Decrescente";"Garoa/Chuvisco";"Dupla";"Reta";"Não";2;1;0;0;1;0;0;2;-23,327667;-46,128108;"SPRF-SP";"DEL01-SP";"UOP01-DEL01-SP"
502978;2023-02-04;"sábado";"03:00:00";"CE";222;310,9;"TIANGUA";"Ausência de reação do condutor";"Queda de ocupante de veículo";"Com Vítimas Feridas";"Plena Noite";"Crescente";"Céu Claro";"Simples";"Reta";"Sim";2;0;0;2;0;0;2;1;-3,70670595;-40,97707006;"SPRF-CE";"DEL04-CE";"UOP02-DEL04-CE"
502979;2023-02-03;"sexta-feira";"15:25:00";"SC";101;333,8;"TUBARAO";"Condutor deixou de manter distância do veículo da frente";"Colisão traseira";"Com Vítimas Feridas";"Pleno dia";"Decrescente";"Nublado";"Dupla";"Reta";"Sim";2;0;1;0;1;0;1;2;-28,46989852;-49,01859283;"SPRF-SC";"DEL02-SC";"UOP01-DEL02-SC"
502980;2023-02-04;"sábado";"03:40:00";"GO";153;438;"ANAPOLIS";"Transitar na contramão";"Colisão frontal";"Sem Vítimas";"Plena Noite";"Decrescente";"Céu Claro";"Dupla";"Aclive";"Sim";2;0;0;0;1;1;0;2;-16,291595;-48,934811;"SPRF-GO";"DEL02-GO";"UOP01-DEL02-GO"
502981;2023-02-04;"sábado";"03:30:00";"PR";116;6;"QUATRO BARRAS";"Manobra de mudança de faixa";"Colisão traseira";"Com Vítimas Feridas";"Plena Noite";"Decrescente";"Garoa/Chuvisco";"Dupla";"Reta";"Sim";2;0;1;0;0;1;1;2;-25,3669;-49,0996;"SPRF-PR";"DEL01-PR";"UOP02-DEL01-PR"
502982;2023-02-04;"sábado";"03:30:00";"RS";386;41;"FREDERICO WESTPHALEN";"Ingestão de álcool pelo condutor";"Colisão lateral sentido oposto";"Com Vítimas Feridas";"Plena Noite";"Crescente";"Céu Claro";"Simples";"Reta";"Não";2;0;1;0;1;0;1;2;-27,412638;-53,416378;"SPRF-RS";"DEL08-RS";"UOP02-DEL08-RS"
502984;2023-02-04;"sábado";"03:45:00";"SC";101;120;"ITAJAI";"Ingestão de álcool pelo condutor";"Queda de ocupante de veículo";"Com Vítimas Feridas";"Plena Noite";"Crescente";"Nublado";"Simples";"Viaduto";"Não";2;0;1;1;0;0;2;1;-26,91942965;-48,71088982;"SPRF-SC";"DEL04-SC";"UOP04-DEL04-SC"
502985;2023-02-04;"sábado";"03:50:00";"RS";386;241;"SOLEDADE";"Transitar na contramão";"Colisão lateral sentido oposto";"Com Vítimas Feridas";"Plena Noite";"Crescente";"Céu Claro";"Simples";"Curva;Declive";"Não";5;0;1;0;4;0;1;2;-28,774895;-52,533451;"SPRF-RS";"DEL04-RS";"UOP03-DEL04-RS"
502986;2023-02-04;"sábado";"05:10:00";"MG";381;506,5;"SAO JOAQUIM DE BICAS";"Ingestão de álcool pelo condutor";"Saída de leito carroçável";"Com Vítimas Feridas";"Amanhecer";"Crescente";"Nublado";"Dupla";"Reta";"Sim";2;0;1;1;0;0;2;1;-20,039622;-44,258209;"SPRF-MG";"DEL04-MG";"UOP03-DEL04-MG"
502987;2023-02-04;"sábado";"02:50:00";"GO";153;175;"CAMPINORTE";"Ingestão de álcool e/ou substâncias psicoativas pelo pedestre";"Saída de leito carroçável";"Sem Vítimas";"Plena Noite";"Decrescente";"Ignorado";"Simples";"Curva";"Sim";1;0;0;0;0;1;0;1;-14,301579;-49,14817;"SPRF-GO";"DEL07-GO";"UOP02-DEL07-GO"
502988;2023-02-04;"sábado";"04:50:00";"CE";116;38;"HORIZONTE";"Condutor Dormindo";"Colisão com objeto";"Com Vítimas Feridas";"Pleno dia";"Crescente";"Sol";"Dupla";"Reta";"Não";1;0;1;0;0;0;1;1;-4,07911598;-38,49945391;"SPRF-CE";"DEL01-CE";"UOP02-DEL01-CE"
502989;2023-02-04;"sábado";"04:10:00";"SC";101;130;"BALNEARIO CAMBORIU";"Reação tardia ou ineficiente do condutor";"Colisão com objeto";"Com Vítimas Feridas";"Plena Noite";"Decrescente";"Garoa/Chuvisco";"Dupla";"Reta";"Não";1;0;0;1;0;0;1;1;-26,98407618;-48,66977107;"SPRF-SC";"DEL04-SC";"UOP03-DEL04-SC"
502992;2023-02-04;"sábado";"04:35:00";"RJ";40;63;"PETROPOLIS";"Velocidade Incompatível";"Colisão com objeto";"Com Vítimas Fatais";"Amanhecer";"Crescente";"Céu Claro";"Dupla";"Reta";"Não";1;1;0;0;0;0;0;1;-22,41319517;-43,14970765;"SPRF-RJ";"DEL06-RJ";"UOP01-DEL06-RJ"
502994;2023-02-04;"sábado";"05:45:00";"ES";101;426,5;"ATILIO VIVACQUA";"Velocidade Incompatível";"Tombamento";"Com Vítimas Feridas";"Pleno dia";"Crescente";"Céu Claro";"Dupla";"Retorno Regulamentado";"Não";2;0;1;0;1;0;1;1;-21,0101031;-41,14346623;"SPRF-ES";"DEL03-ES";"UOP02-DEL03-ES"
502995;2023-02-04;"sábado";"05:45:00";"RS";392;127,1;"CANGUCU";"Ausência de reação do condutor";"Saída de leito carroçável";"Com Vítimas Feridas";"Amanhecer";"Decrescente";"Garoa/Chuvisco";"Simples";"Declive";"Não";1;0;1;0;0;0;1;1;-31,3487418;-52,73421076;"SPRF-RS";"DEL07-RS";"UOP01-DEL07-RS"
502996;2023-02-04;"sábado";"05:20:00";"PR";116;134,5;"FAZENDA RIO GRANDE";"Reação tardia ou ineficiente do condutor";"Colisão traseira";"Sem Vítimas";"Pleno dia";"Crescente";"Chuva";"Múltipla";"Reta";"Não";3;0;0;0;3;0;0;2;-25,67510803;-49,3157007;"SPRF-PR";"DEL01-PR";"UOP03-DEL01-PR"
502997;2023-02-04;"sábado";"05:10:00";"PR";376;650,9;"TIJUCAS DO SUL";"Reação tardia ou ineficiente do condutor";"Tombamento";"Com Vítimas Feridas";"Amanhecer";"Crescente";"Chuva";"Dupla";"Curva;Aclive";"Não";3;0;1;0;2;0;1;1;-25,84564757;-49,08816197;"SPRF-PR";"DEL01-PR";"UOP04-DEL01-PR"
502998;2023-02-04;"sábado";"05:50:00";"RJ";116;313,4;"RESENDE";"Ausência de reação do condutor";"Colisão traseira";"Com Vítimas Feridas";"Amanhecer";"Decrescente";"Nublado";"Dupla";"Reta;Aclive";"Não";3;0;1;0;1;1;1;2;-22,45998766;-44,46237202;"SPRF-RJ";"DEL07-RJ";"UOP02-DEL07-RJ"
503000;2023-02-04;"sábado";"05:30:00";"RJ";40;111;"DUQUE DE CAXIAS";"Condutor Dormindo";"Queda de ocupante de veículo";"Com Vítimas Feridas";"Amanhecer";"Decrescente";"Céu Claro";"Dupla";"Reta";"Não";1;0;1;0;0;0;1;1;-22,691868;-43,287453;"SPRF-RJ";"DEL01-RJ";"UOP01-DEL01-RJ"
503001;2023-02-04;"sábado";"05:50:00";"SC";280;125;"RIO NEGRINHO";"Acesso irregular";"Colisão lateral mesmo sentido";"Sem Vítimas";"Amanhecer";"Decrescente";"Céu Claro";"Simples";"Aclive;Reta";"Não";2;0;0;0;1;1;0;2;-26,23763684;-49,48434497;"SPRF-SC";"DEL06-SC";"UOP03-DEL06-SC"
503003;2023-02-04;"sábado";"04:50:00";"RJ";101;193,6;"CASIMIRO DE ABREU";"Retorno proibido";"Saída de leito carroçável";"Com Vítimas Feridas";"Amanhecer";"Crescente";"Céu Claro";"Dupla";"Curva";"Não";1;0;1;0;0;0;1;1;-22,47714247;-42,0904064;"SPRF-RJ";"DEL08-RJ";"UOP04-DEL08-RJ"
503004;2023-02-04;"sábado";"06:30:00";"GO";153;598;"MORRINHOS";"Ausência de reação do condutor";"Colisão traseira";"Com Vítimas Feridas";"Amanhecer";"Decrescente";"Nublado";"Dupla";"Reta";"Não";2;0;1;0;1;0;1;2;-17,5354;-49,2128;"SPRF-GO";"DEL03-GO";"UOP01-DEL03-GO"
503005;2023-02-04;"sábado";"07:40:00";"ES";101;396;"RIO NOVO DO SUL";"Avarias e/ou desgaste excessivo no pneu";"Saída de leito carroçável";"Com Vítimas Feridas";"Pleno dia";"Crescente";"Sol";"Simples";"Curva";"Não";2;0;2;0;0;0;2;1;-20,868874;-40,94103;"SPRF-ES";"DEL03-ES";"UOP02-DEL03-ES"
503006;2023-02-04;"sábado";"05:30:00";"BA";242;613;"MUQUEM DE SAO FRANCISCO";"Ausência de reação do condutor";"Saída de leito carroçável";"Com Vítimas Feridas";"Pleno dia";"Decrescente";"Céu Claro";"Simples";"Reta";"Não";3;0;2;0;1;0;2;1;-12,215821;-43,425669;"SPRF-BA";"DEL10-BA";"UOP02-DEL10-BA"
503007;2023-02-04;"sábado";"06:45:00";"SP";116;155;"SAO JOSE DOS CAMPOS";"Reação tardia ou ineficiente do condutor";"Colisão traseira";"Sem Vítimas";"Pleno dia";"Crescente";"Nublado";"Dupla";"Reta;Declive";"Não";6;0;0;0;5;1;0;3;-23,24524337;-45,92772774;"SPRF-SP";"DEL02-SP";"UOP01-DEL02-SP"
503009;2023-02-04;"sábado";"08:30:00";"ES";101;281;"SERRA";"Reação tardia ou ineficiente do condutor";"Queda de ocupante de veículo";"Com Vítimas Feridas";"Pleno dia";"Decrescente";"Sol";"Dupla";"Reta";"Não";1;0;1;0;0;0;1;1;-20,22112792;-40,35720552;"SPRF-ES";"DEL02-ES";"UOP01-DEL02-ES"
503010;2023-01-28;"sábado";"00:50:00";"PR";277;593,6;"CASCAVEL";"Manobra de mudança de faixa";"Colisão lateral mesmo sentido";"Com Vítimas Feridas";"Plena Noite";"Crescente";"Céu Claro";"Simples";"Reta";"Sim";3;0;2;0;1;0;2;2;-24,98082053;-53,48254989;"SPRF-PR";"DEL04-PR";"UOP01-DEL04-PR"
503011;2023-02-04;"sábado";"08:20:00";"RJ";116;174;"SAO JOAO DE MERITI";"Condutor deixou de manter distância do veículo da frente";"Saída de leito carroçável";"Com Vítimas Feridas";"Pleno dia";"Crescente";"Nublado";"Múltipla";"Reta";"Sim";3;0;2;0;1;0;2;2;-22,79047044;-43,37010741;"SPRF-RJ";"DEL01-RJ";"UOP02-DEL01-RJ"
503012;2023-02-04;"sábado";"06:30:00";"SP";101;40;"UBATUBA";"Ingestão de álcool pelo condutor";"Colisão frontal";"Com Vítimas Feridas";"Pleno dia";"Decrescente";"Sol";"Simples";"Reta";"Sim";3;0;2;0;1;0;2;2;-23,41495528;-45,03516778;"SPRF-SP";"DEL06-SP";"UOP01-DEL06-SP"
503018;2023-02-04;"sábado";"08:10:00";"TO";226;71;"WANDERLANDIA";"Acessar a via sem observar a presença dos outros veículos";"Colisão transversal";"Com Vítimas Feridas";"Pleno dia";"Crescente";"Céu Claro";"Simples";"Reta";"Sim";2;0;1;0;1;0;1;2;-6,852317;-47,969551;"SPRF-TO";"DEL02-TO";"UOP03-DEL02-TO"
503019;2023-02-04;"sábado";"06:20:00";"RJ";101;485;"ANGRA DOS REIS";"Velocidade Incompatível";"Colisão transversal";"Com Vítimas Fatais";"Amanhecer";"Decrescente";"Céu Claro";"Simples";"Rotatória";"Sim";2;1;0;1;0;0;1;2;-22,98573526;-44,29709764;"SPRF-RJ";"DEL03-RJ";"UOP03-DEL03-RJ"
503021;2023-02-04;"sábado";"09:03:00";"TO";153;494,2;"PARAISO DO TOCANTINS";"Desrespeitar a preferência no cruzamento";"Colisão transversal";"Com Vítimas Feridas";"Pleno dia";"Crescente";"Céu Claro";"Simples";"Reta;Interseção de Vias";"Sim";2;0;0;1;1;0;1;2;-10,16493314;-48,88103843;"SPRF-TO";"DEL01-TO";"UOP01-DEL01-TO"
503023;2023-02-04;"sábado";"09:25:00";"MG";50;71;"UBERLANDIA";"Desrespeitar a preferência no cruzamento";"Colisão transversal";"Com Vítimas Feridas";"Pleno dia";"Decrescente";"Céu Claro";"Dupla";"Interseção de Vias";"Sim";2;0;1;0;1;0;1;2;-18,89918134;-48,24171782;"SPRF-MG";"DEL15-MG";"UOP01-DEL15-MG"
503024;2023-02-04;"sábado";"10:00:00";"PR";277;129,5;"BALSA NOVA";"Ausência de reação do condutor";"Saída de leito carroçável";"Com Vítimas Feridas";"Pleno dia";"Decrescente";"Nublado";"Dupla";"Curva;Declive";"Não";3;0;1;0;2;0;1;1;-25,473023;-49,636;"SPRF-PR";"DEL03-PR";"UOP03-DEL03-PR"
503026;2023-02-01;"quarta-feira";"04:30:00";"SC";470;327,2;"CAMPOS NOVOS";"Velocidade Incompatível";"Capotamento";"Sem Vítimas";"Plena Noite";"Decrescente";"Céu Claro";"Simples";"Reta";"Não";1;0;0;0;1;0;0;1;-27,465645;-51,268574;"SPRF-SC";"DEL07-SC";"UOP06-DEL07-SC"
503027;2023-02-04;"sábado";"10:40:00";"PB";101;88;"JOAO PESSOA";"Velocidade Incompatível";"Colisão com objeto";"Sem Vítimas";"Pleno dia";"Decrescente";"Sol";"Simples";"Curva";"Sim";3;0;0;0;3;0;0;1;-7,16470016;-34,89993643;"SPRF-PB";"DEL01-PB";"UOP01-DEL01-PB"
503029;2023-02-04;"sábado";"08:00:00";"PR";476;97,5;"BOCAIUVA DO SUL";"Ausência de reação do condutor";"Colisão transversal";"Com Vítimas Feridas";"Pleno dia";"Decrescente";"Garoa/Chuvisco";"Simples";"Curva";"Não";2;0;1;0;1;0;1;2;-25,234463;-49,127838;"SPRF-PR";"DEL01-PR";"UOP01-DEL01-PR"
503030;2023-02-04;"sábado";"09:20:00";"SC";280;182;"MAFRA";"Condutor deixou de manter distância do veículo da frente";"Colisão traseira";"Com Vítimas Feridas";"Pleno dia";"Crescente";"Sol";"Simples";"Reta;Em Obras;Aclive";"Não";7;0;1;0;6;0;1;3;-26,17387829;-49,90623301;"SPRF-SC";"DEL06-SC";"UOP01-DEL06-SC"
503031;2023-02-04;"sábado";"09:30:00";"ES";262;39,9;"DOMINGOS MARTINS";"Condutor deixou de manter distância do veículo da frente";"Colisão traseira";"Com Vítimas Feridas";"Pleno dia";"Crescente";"Sol";"Simples";"Curva";"Não";2;0;1;0;1;0;1;2;-20,38407548;-40,63626051;"SPRF-ES";"DEL01-ES";"UOP01-DEL01-ES"
503033;2023-02-04;"sábado";"11:15:00";"ES";101;392;"RIO NOVO DO SUL";"Acessar a via sem observar a presença dos outros veículos";"Colisão transversal";"Com Vítimas Feridas";"Pleno dia";"Decrescente";"Céu Claro";"Simples";"Interseção de Vias";"Não";2;0;1;0;1;0;1;2;-20,86733567;-40,90426608;"SPRF-ES";"DEL03-ES";"UOP02-DEL03-ES"
503034;2023-02-04;"sábado";"11:10:00";"MG";116;704,5;"MURIAE";"Acessar a via sem observar a presença dos outros veículos";"Colisão transversal";"Com Vítimas Feridas";"Pleno dia";"Crescente";"Céu Claro";"Simples";"Reta";"Sim";2;0;0;1;1;0;1;2;-21,147048;-42,381522;"SPRF-MG";"DEL07-MG";"UOP02-DEL07-MG"
503036;2023-02-04;"sábado";"11:55:00";"PE";408;94,4;"SAO LOURENCO DA MATA";"Reação tardia ou ineficiente do condutor";"Saída de leito carroçável";"Com Vítimas Feridas";"Pleno dia";"Decrescente";"Céu Claro";"Dupla";"Reta";"Sim";1;0;1;0;0;0;1;1;-8,00449285;-35,042817;"SPRF-PE";"DEL01-PE";"UOP01-DEL01-PE"
503037;2023-02-04;"sábado";"11:20:00";"BA";324;582;"CANDEIAS";"Reação tardia ou ineficiente do condutor";"Saída de leito carroçável";"Com Vítimas Feridas";"Pleno dia";"Crescente";"Sol";"Dupla";"Reta";"Não";5;0;1;0;4;0;1;1;-12,60856603;-38,49390902;"SPRF-BA";"DEL01-BA";"UOP01-DEL01-BA"
503039;2023-02-04;"sábado";"12:20:00";"CE";116;6;"FORTALEZA";"Ausência de reação do condutor";"Colisão traseira";"Com Vítimas Feridas";"Pleno dia";"Crescente";"Céu Claro";"Múltipla";"Reta";"Sim";3;0;1;0;2;0;1;2;-3,802624;-38,50400499;"SPRF-CE";"DEL01-CE";"UOP02-DEL01-CE"
503040;2023-02-04;"sábado";"12:30:00";"MG";40;559;"NOVA LIMA";"Reação tardia ou ineficiente do condutor";"Colisão lateral mesmo sentido";"Com Vítimas Feridas";"Pleno dia";"Crescente";"Céu Claro";"Dupla";"Reta";"Não";2;0;0;1;1;0;1;2;-20,11861708;-43,96783926;"SPRF-MG";"DEL01-MG";"UOP02-DEL01-MG"
503041;2023-02-04;"sábado";"11:30:00";"SP";101;47;"UBATUBA";"Condutor deixou de manter distância do veículo da frente";"Colisão traseira";"Sem Vítimas";"Pleno dia";"Decrescente";"Sol";"Simples";"Reta";"Sim";3;0;0;0;3;0;0;3;-23,429897;-45,082436;"SPRF-SP";"DEL06-SP";"UOP01-DEL06-SP"
503042;2023-02-04;"sábado";"12:00:00";"BA";116;824,8;"VITORIA DA CONQUISTA";"Condutor desrespeitou a iluminação vermelha do semáforo";"Colisão transversal";"Com Vítimas Feridas";"Pleno dia";"Crescente";"Céu Claro";"Dupla";"Reta;Interseção de Vias;Aclive";"Sim";3;0;1;1;1;0;2;2;-14,8123436;-40,7971192;"SPRF-BA";"DEL08-BA";"UOP01-DEL08-BA"
503045;2023-02-01;"quarta-feira";"20:00:00";"RS";386;392;"TRIUNFO";"Manobra de mudança de faixa";"Colisão traseira";"Com Vítimas Feridas";"Plena Noite";"Decrescente";"Céu Claro";"Dupla";"Reta";"Sim";3;0;2;0;1;0;2;2;-29,704739;-51,654911;"SPRF-RS";"DEL04-RS";"NPF/DEL04-RS"
503048;2023-02-04;"sábado";"09:40:00";"MG";116;566,1;"MANHUACU";"Acessar a via sem observar a presença dos outros veículos";"Colisão transversal";"Com Vítimas Feridas";"Pleno dia";"Crescente";"Céu Claro";"Simples";"Curva";"Não";2;0;0;1;1;0;1;2;-20,07456;-42,183519;"SPRF-MG";"DEL06-MG";"UOP03-DEL06-MG"
503049;2023-02-04;"sábado";"12:37:00";"RO";364;710;"PORTO VELHO";"Reação tardia ou ineficiente do condutor";"Colisão traseira";"Com Vítimas Feridas";"Pleno dia";"Crescente";"Sol";"Dupla";"Reta";"Sim";5;0;2;0;2;1;2;2;-8,78621576;-63,85712687;"SPRF-RO";"DEL01-RO";"UOP01-DEL01-RO"
503050;2023-02-04;"sábado";"10:35:00";"RJ";116;181;"NOVA IGUACU";"Demais falhas mecânicas ou elétricas";"Tombamento";"Com Vítimas Feridas";"Pleno dia";"Decrescente";"Céu Claro";"Múltipla";"Reta";"Não";1;0;1;0;0;0;1;1;-22,761312;-43,423492;"SPRF-RJ";"DEL01-RJ";"UOP02-DEL01-RJ"
503053;2023-02-04;"sábado";"13:10:00";"PR";277;5;"PARANAGUA";"Reação tardia ou ineficiente do condutor";"Colisão traseira";"Sem Vítimas";"Pleno dia";"Decrescente";"Nublado";"Dupla";"Reta";"Sim";2;0;0;0;1;1;0;2;-25,52974029;-48,52863908;"SPRF-PR";"DEL01-PR";"UOP05-DEL01-PR"
503054;2023-02-04;"sábado";"12:30:00";"SP";381;86;"SAO PAULO";"Condutor deixou de manter distância do veículo da frente";"Colisão traseira";"Com Vítimas Feridas";"Pleno dia";"Crescente";"Sol";"Múltipla";"Reta";"Não";3;0;2;0;1;0;2;2;-23,45930499;-46,57161179;"SPRF-SP";"DEL03-SP";"UOP01-DEL03-SP"
503055;2023-02-04;"sábado";"13:20:00";"BA";324;619;"SALVADOR";"Ausência de reação do condutor";"Queda de ocupante de veículo";"Com Vítimas Feridas";"Pleno dia";"Decrescente";"Céu Claro";"Dupla";"Reta";"Não";1;0;1;0;0;0;1;1;-12,89820999;-38,45012202;"SPRF-BA";"DEL01-BA";"UOP01-DEL01-BA"
503057;2023-02-04;"sábado";"13:45:00";"ES";101;291;"CARIACICA";"Demais falhas mecânicas ou elétricas";"Capotamento";"Com Vítimas Feridas";"Pleno dia";"Crescente";"Céu Claro";"Dupla";"Declive;Reta";"Sim";2;0;1;0;1;0;1;1;-20,29755744;-40,39445616;"SPRF-ES";"DEL01-ES";"UOP01-DEL01-ES"
503059;2023-02-04;"sábado";"14:29:00";"GO";40;1,8;"VALPARAISO DE GOIAS";"Ausência de reação do condutor";"Tombamento";"Com Vítimas Feridas";"Pleno dia";"Crescente";"Nublado";"Dupla";"Reta";"Sim";1;0;1;0;0;0;1;1;-16,058245;-47,982825;"SPRF-DF";"DEL01-DF";"UOP01-DEL01-DF"
503062;2023-02-04;"sábado";"14:30:00";"SC";101;137;"BALNEARIO CAMBORIU";"Desrespeitar a preferência no cruzamento";"Colisão transversal";"Com Vítimas Feridas";"Pleno dia";"Crescente";"Céu Claro";"Múltipla";"Interseção de Vias";"Sim";2;0;0;1;1;0;1;2;-27,0157238;-48,61192763;"SPRF-SC";"DEL04-SC";"UOP03-DEL04-SC"
503064;2023-01-14;"sábado";"15:30:00";"MG";365;131,1;"VARZEA DA PALMA";"Acessar a via sem observar a presença dos outros veículos";"Colisão transversal";"Com Vítimas Feridas";"Pleno dia";"Crescente";"Nublado";"Simples";"Interseção de Vias;Reta;Retorno Regulamentado";"Não";6;0;2;3;1;0;5;2;-17,15605964;-44,77937538;"SPRF-MG";"DEL12-MG";"UOP01-DEL12-MG"
503065;2023-02-04;"sábado";"14:00:00";"SP";116;514;"CAJATI";"Reação tardia ou ineficiente do condutor";"Queda de ocupante de veículo";"Com Vítimas Feridas";"Pleno dia";"Decrescente";"Céu Claro";"Simples";"Curva;Declive";"Não";2;0;1;1;0;0;2;1;-24,85874304;-48,21731282;"SPRF-SP";"DEL05-SP";"UOP02-DEL05-SP"