"id";"data_inversa";"dia_semana";"horario";"uf";"br";"km";"municipio";"causa_acidente";"tipo_acidente";"classificacao_acidente";"fase_dia";"sentido_via";"condicao_metereologica";"tipo_pista";"tracado_via";"uso_solo";"pessoas";"mortos";"feridos_leves";"feridos_graves";"ilesos";"ignorados";"feridos";"veiculos";"latitude";"longitude";"regional";"delegacia";"uop"
503066;2023-02-04;"sábado";"14:00:00";"MT";163;596;"NOVA MUTUM";"Acesso irregular";"Colisão traseira";"Com Vítimas Feridas";"Pleno dia";"Crescente";"Céu Claro";"Simples";"Reta";"Sim";2;0;1;0;1;0;1;2;-13,83422236;-56,08264273;"SPRF-MT";"DEL01-MT";"UOP01-DEL01-MT"
503068;2023-02-04;"sábado";"15:10:00";"RJ";101;261;"RIO BONITO";"Condutor usando celular";"Saída de leito carroçável";"Com Vítimas Feridas";"Pleno dia";"Crescente";"Céu Claro";"Dupla";"Reta";"Não";2;0;1;0;1;0;1;1;-22,71139378;-42,61157199;"SPRF-RJ";"DEL02-RJ";"UOP03-DEL02-RJ"
503069;2023-02-04;"sábado";"15:10:00";"BA";324;518;"FEIRA DE SANTANA";"Manobra de mudança de faixa";"Colisão frontal";"Com Vítimas Feridas";"Pleno dia";"Crescente";"Céu Claro";"Simples";"Reta";"Sim";2;0;1;0;1;0;1;2;-12,258195;-38,932182;"SPRF-BA";"DEL02-BA";"UOP01-DEL02-BA"
503071;2023-02-04;"sábado";"10:30:00";"SC";153;72;"IRANI";"Ausência de reação do condutor";"Colisão com objeto";"Com Vítimas Feridas";"Pleno dia";"Crescente";"Nublado";"Simples";"Curva";"Não";1;0;1;0;0;0;1;1;-27,065798;-51,893486;"SPRF-SC";"DEL07-SC";"UOP04-DEL07-SC"
503072;2023-02-04;"sábado";"15:10:00";"SC";101;216;"PALHOCA";"Ingestão de álcool pelo condutor";"Colisão traseira";"Com Vítimas Feridas";"Pleno dia";"Decrescente";"Céu Claro";"Dupla";"Reta";"Não";3;0;2;0;1;0;2;2;-27,65981409;-48,67747798;"SPRF-SC";"DEL01-SC";"UOP02-DEL01-SC"
503074;2023-02-04;"sábado";"13:10:00";"PR";116;65;"CAMPINA GRANDE DO SUL";"Reação tardia ou ineficiente do condutor";"Saída de leito carroçável";"Com Vítimas Feridas";"Pleno dia";"Crescente";"Chuva";"Dupla";"Curva";"Não";3;0;1;0;2;0;1;1;-25,31031746;-49,00207969;"SPRF-PR";"DEL01-PR";"UOP02-DEL01-PR"
503076;2023-02-04;"sábado";"15:00:00";"MG";381;362;"JOAO MONLEVADE";"Condutor deixou de manter distância do veículo da frente";"Engavetamento";"Com Vítimas Feridas";"Pleno dia";"Crescente";"Céu Claro";"Simples";"Aclive;Reta";"Não";10;0;3;0;7;0;3;3;-19,85643939;-43,24280693;"SPRF-MG";"DEL03-MG";"UOP01-DEL03-MG"
503078;2023-02-04;"sábado";"15:30:00";"PE";232;127;"CARUARU";"Condutor Dormindo";"Colisão traseira";"Com Vítimas Feridas";"Pleno dia";"Crescente";"Céu Claro";"Dupla";"Reta;Aclive";"Não";2;0;1;0;1;0;1;2;-8,30610303;-35,96342301;"SPRF-PE";"DEL02-PE";"UOP01-DEL02-PE"
503080;2023-02-04;"sábado";"16:00:00";"PB";230;17;"JOAO PESSOA";"Ausência de reação do condutor";"Colisão traseira";"Com Vítimas Feridas";"Pleno dia";"Decrescente";"Céu Claro";"Dupla";"Curva";"Sim";2;0;1;0;0;1;1;2;-7,1121;-34,8426;"SPRF-PB";"DEL01-PB";"UOP01-DEL01-PB"
503084;2023-02-04;"sábado";"15:45:00";"CE";304;51,3;"ARACATI";"Desrespeitar a preferência no cruzamento";"Colisão transversal";"Com Vítimas Feridas";"Pleno dia";"Crescente";"Céu Claro";"Simples";"Reta";"Não";4;0;0;1;3;0;1;2;-4,56942301;-37,75341799;"SPRF-CE";"DEL03-CE";"UOP03-DEL03-CE"
503085;2023-02-04;"sábado";"16:15:00";"MG";116;766;"LEOPOLDINA";"Reação tardia ou ineficiente do condutor";"Tombamento";"Com Vítimas Feridas";"Pleno dia";"Decrescente";"Céu Claro";"Simples";"Interseção de Vias";"Sim";2;0;1;0;1;0;1;2;-21,5271992;-42,65302264;"SPRF-MG";"DEL07-MG";"UOP01-DEL07-MG"
503086;2023-02-04;"sábado";"16:10:00";"MG";381;615,6;"OLIVEIRA";"Demais falhas mecânicas ou elétricas";"Incêndio";"Sem Vítimas";"Pleno dia";"Decrescente";"Céu Claro";"Dupla";"Curva;Aclive";"Não";1;0;0;0;1;0;0;1;-20,71943;-44,76611;"SPRF-MG";"DEL04-MG";"UOP01-DEL04-MG"
503087;2023-02-04;"sábado";"15:25:00";"PR";116;134;"MANDIRITUBA";"Reação tardia ou ineficiente do condutor";"Saída de leito carroçável";"Sem Vítimas";"Pleno dia";"Crescente";"Nublado";"Dupla";"Reta";"Não";5;0;0;0;5;0;0;1;-25,711216;-49,319854;"SPRF-PR";"DEL01-PR";"UOP03-DEL01-PR"
503088;2023-02-04;"sábado";"10:45:00";"PE";232;214;"PESQUEIRA";"Ultrapassagem Indevida";"Colisão transversal";"Com Vítimas Feridas";"Pleno dia";"Crescente";"Céu Claro";"Simples";"Reta";"Não";2;0;0;1;1;0;1;2;-8,3804455;-36,73076279;"SPRF-PE";"DEL03-PE";"UOP02-DEL03-PE"
503089;2023-02-04;"sábado";"16:00:00";"SP";116;128;"CACAPAVA";"Ingestão de álcool pelo condutor";"Colisão lateral mesmo sentido";"Com Vítimas Feridas";"Pleno dia";"Crescente";"Céu Claro";"Dupla";"Reta";"Não";2;0;1;0;1;0;1;2;-23,11454664;-45,71105567;"SPRF-SP";"DEL02-SP";"UOP02-DEL02-SP"
503091;2023-02-04;"sábado";"16:15:00";"ES";101;243,5;"SERRA";"Reação tardia ou ineficiente do condutor";"Saída de leito carroçável";"Com Vítimas Feridas";"Pleno dia";"Crescente";"Sol";"Simples";"Reta";"Não";3;0;1;0;2;0;1;1;-20,04007795;-40,39273658;"SPRF-ES";"DEL02-ES";"UOP01-DEL02-ES"
503092;2023-02-04;"sábado";"16:23:00";"PE";104;63;"CARUARU";"Velocidade Incompatível";"Colisão com objeto";"Sem Vítimas";"Pleno dia";"Decrescente";"Sol";"Múltipla";"Curva";"Sim";1;0;0;0;0;1;0;1;-8,2698;-35,9803;"SPRF-PE";"DEL02-PE";"UOP01-DEL02-PE"
503093;2023-02-04;"sábado";"16:20:00";"SC";101;206,4;"SAO JOSE";"Ausência de reação do condutor";"Colisão traseira";"Com Vítimas Feridas";"Pleno dia";"Crescente";"Céu Claro";"Múltipla";"Reta";"Não";1;0;1;0;0;0;1;1;-27,59193546;-48,61824557;"SPRF-SC";"DEL01-SC";"UOP01-DEL01-SC"
503095;2023-02-04;"sábado";"15:46:00";"MS";163;489,9;"CAMPO GRANDE";"Avarias e/ou desgaste excessivo no pneu";"Tombamento";"Com Vítimas Feridas";"Pleno dia";"Crescente";"Céu Claro";"Simples";"Reta";"Não";2;0;2;0;0;0;2;1;-20,40828185;-54,55160067;"SPRF-MS";"DEL01-MS";"UOP02-DEL01-MS"
503096;2023-02-04;"sábado";"16:15:00";"PE";101;65;"RECIFE";"Velocidade Incompatível";"Colisão transversal";"Com Vítimas Feridas";"Pleno dia";"Decrescente";"Nublado";"Múltipla";"Reta";"Sim";2;0;1;1;0;0;2;2;-8,0162921;-34,94045886;"SPRF-PE";"DEL01-PE";"UOP01-DEL01-PE"
503098;2023-02-04;"sábado";"13:15:00";"PR";376;526,5;"PONTA GROSSA";"Reação tardia ou ineficiente do condutor";"Tombamento";"Com Vítimas Feridas";"Pleno dia";"Decrescente";"Céu Claro";"Dupla";"Reta";"Não";3;0;3;0;0;0;3;1;-25,32138068;-49,87003076;"SPRF-PR";"DEL03-PR";"UOP04-DEL03-PR"
503100;2023-02-04;"sábado";"15:30:00";"MA";10;248;"IMPERATRIZ";"Conversão proibida";"Colisão lateral sentido oposto";"Com Vítimas Feridas";"Pleno dia";"Crescente";"Céu Claro";"Simples";"Reta";"Sim";2;0;1;0;1;0;1;2;-5,566143;-47,449028;"SPRF-MA";"DEL04-MA";"UOP01-DEL04-MA"
503101;2023-02-04;"sábado";"16:50:00";"MG";381;493;"BETIM";"Problema na suspensão";"Queda de ocupante de veículo";"Com Vítimas Feridas";"Pleno dia";"Crescente";"Céu Claro";"Múltipla";"Reta";"Sim";2;0;0;2;0;0;2;1;-19,97670801;-44,19962698;"SPRF-MG";"DEL01-MG";"UOP03-DEL01-MG"
503102;2023-02-04;"sábado";"16:20:00";"SE";235;51,5;"ITABAIANA";"Desrespeitar a preferência no cruzamento";"Colisão transversal";"Sem Vítimas";"Pleno dia";"Decrescente";"Céu Claro";"Simples";"Interseção de Vias";"Sim";2;0;0;0;1;1;0;2;-10,700226;-37,431423;"SPRF-SE";"DEL01-SE";"UOP02-DEL01-SE"
503103;2023-02-04;"sábado";"12:20:00";"GO";364;365;"MINEIROS";"Acumulo de água sobre o pavimento";"Saída de leito carroçável";"Com Vítimas Feridas";"Pleno dia";"Crescente";"Chuva";"Simples";"Reta";"Não";2;0;0;2;0;0;2;1;-17,386873;-53,033463;"SPRF-GO";"DEL05-GO";"UOP01-DEL05-GO"
503104;2023-02-04;"sábado";"14:14:00";"PE";232;10;"JABOATAO DOS GUARARAPES";"Obras na pista";"Colisão com objeto";"Sem Vítimas";"Pleno dia";"Decrescente";"Céu Claro";"Dupla";"Em Obras";"Sim";2;0;0;0;0;2;0;2;-8,079136;-34,985689;"SPRF-PE";"DEL01-PE";"UOP01-DEL01-PE"
503105;2023-02-04;"sábado";"17:30:00";"ES";101;35,7;"CONCEICAO DA BARRA";"Avarias e/ou desgaste excessivo no pneu";"Tombamento";"Com Vítimas Feridas";"Anoitecer";"Crescente";"Céu Claro";"Simples";"Reta";"Não";2;0;1;0;1;0;1;1;-18,45416994;-39,9307555;"SPRF-ES";"DEL04-ES";"UOP02-DEL04-ES"
503106;2023-02-04;"sábado";"17:00:00";"PR";467;103,5;"CASCAVEL";"Velocidade Incompatível";"Queda de ocupante de veículo";"Com Vítimas Feridas";"Pleno dia";"Crescente";"Céu Claro";"Dupla";"Reta";"Não";1;0;1;0;0;0;1;1;-24,9098;-53,5103;"SPRF-PR";"DEL04-PR";"UOP01-DEL04-PR"
503107;2023-02-04;"sábado";"16:00:00";"RS";116;173,8;"CAXIAS DO SUL";"Manobra de mudança de faixa";"Colisão lateral mesmo sentido";"Com Vítimas Feridas";"Pleno dia";"Decrescente";"Sol";"Simples";"Reta";"Não";2;0;1;0;1;0;1;2;-29,32449914;-51,1698854;"SPRF-RS";"DEL05-RS";"UOP02-DEL05-RS"
503108;2023-02-04;"sábado";"17:00:00";"BA";101;503;"ITABUNA";"Animais na Pista";"Atropelamento de Animal";"Com Vítimas Feridas";"Pleno dia";"Crescente";"Nublado";"Simples";"Reta;Aclive";"Não";1;0;1;0;0;0;1;1;-14,777421;-39,288654;"SPRF-BA";"DEL05-BA";"UOP01-DEL05-BA"
503109;2023-02-04;"sábado";"16:30:00";"RO";364;343,4;"JI-PARANA";"Manobra de mudança de faixa";"Colisão lateral mesmo sentido";"Com Vítimas Feridas";"Pleno dia";"Crescente";"Nublado";"Simples";"Reta;Interseção de Vias";"Sim";2;0;1;0;1;0;1;2;-10,8777504;-61,94699049;"SPRF-RO";"DEL02-RO";"UOP01-DEL02-RO"
503110;2023-02-04;"sábado";"17:50:00";"SP";116;423;"REGISTRO";"Condutor Dormindo";"Capotamento";"Com Vítimas Feridas";"Pleno dia";"Decrescente";"Céu Claro";"Dupla";"Reta";"Não";5;0;1;0;4;0;1;1;-24,36998162;-47,69893813;"SPRF-SP";"DEL05-SP";"UOP01-DEL05-SP"
503111;2023-02-04;"sábado";"17:55:00";"RS";116;524;"PELOTAS";"Ingestão de álcool pelo condutor";"Saída de leito carroçável";"Com Vítimas Feridas";"Pleno dia";"Decrescente";"Céu Claro";"Simples";"Reta";"Sim";1;0;1;0;0;0;1;1;-31,72863738;-52,38746675;"SPRF-RS";"DEL07-RS";"UOP01-DEL07-RS"
503112;2023-02-04;"sábado";"17:00:00";"GO";40;1;"VALPARAISO DE GOIAS";"Manobra de mudança de faixa";"Colisão transversal";"Sem Vítimas";"Pleno dia";"Crescente";"Céu Claro";"Dupla";"Reta";"Não";3;0;0;0;3;0;0;2;-16,058245;-47,982825;"SPRF-DF";"DEL01-DF";"UOP01-DEL01-DF"
503113;2023-02-04;"sábado";"17:03:00";"SP";153;60,9;"SAO JOSE DO RIO PRETO";"Pista Escorregadia";"Tombamento";"Com Vítimas Feridas";"Pleno dia";"Crescente";"Nublado";"Dupla";"Curva;Aclive";"Sim";2;0;2;0;0;0;2;1;-20,79627979;-49,35480206;"SPRF-SP";"DEL09-SP";"UOP01-DEL09-SP"
503114;2023-02-04;"sábado";"17:35:00";"RS";158;174;"PEJUCARA";"Acessar a via sem observar a presença dos outros veículos";"Colisão transversal";"Com Vítimas Feridas";"Pleno dia";"Decrescente";"Céu Claro";"Simples";"Interseção de Vias;Reta";"Não";4;0;1;0;3;0;1;2;-28,46861585;-53,5479641;"SPRF-RS";"DEL10-RS";"UOP02-DEL10-RS"
503115;2023-02-04;"sábado";"16:20:00";"BA";101;201,2;"GOVERNADOR MANGABEIRA";"Acessar a via sem observar a presença dos outros veículos";"Colisão transversal";"Com Vítimas Feridas";"Pleno dia";"Crescente";"Céu Claro";"Dupla";"Curva;Aclive";"Não";8;0;4;1;3;0;5;2;-12,594822;-38,989662;"SPRF-BA";"DEL01-BA";"UOP02-DEL01-BA"
503116;2023-02-04;"sábado";"14:15:00";"RJ";393;169;"TRES RIOS";"Reação tardia ou ineficiente do condutor";"Queda de ocupante de veículo";"Com Vítimas Fatais";"Pleno dia";"Crescente";"Sol";"Simples";"Reta";"Sim";1;1;0;0;0;0;0;1;-22,125063;-43,155872;"SPRF-RJ";"DEL05-RJ";"UOP02-DEL05-RJ"
503117;2023-02-04;"sábado";"15:10:00";"MG";116;553,5;"SANTA BARBARA DO LESTE";"Acessar a via sem observar a presença dos outros veículos";"Colisão transversal";"Com Vítimas Fatais";"Pleno dia";"Decrescente";"Céu Claro";"Simples";"Curva";"Não";4;1;0;0;1;2;0;3;-19,99361802;-42,14392077;"SPRF-MG";"DEL06-MG";"UOP02-DEL06-MG"
503118;2023-02-04;"sábado";"15:55:00";"MG";116;551,3;"SANTA BARBARA DO LESTE";"Reação tardia ou ineficiente do condutor";"Saída de leito carroçável";"Com Vítimas Feridas";"Pleno dia";"Decrescente";"Céu Claro";"Simples";"Reta";"Não";3;0;2;1;0;0;3;1;-19,97728983;-42,13901923;"SPRF-MG";"DEL06-MG";"UOP02-DEL06-MG"
503119;2023-02-04;"sábado";"18:40:00";"SP";101;46,9;"UBATUBA";"Ingestão de álcool pelo condutor";"Colisão traseira";"Com Vítimas Feridas";"Anoitecer";"Crescente";"Céu Claro";"Simples";"Reta";"Sim";3;0;0;1;2;0;1;2;-23,429897;-45,082436;"SPRF-SP";"DEL06-SP";"UOP01-DEL06-SP"
503121;2023-02-04;"sábado";"18:00:00";"MG";40;510;"RIBEIRAO DAS NEVES";"Manobra de mudança de faixa";"Atropelamento de Pedestre";"Com Vítimas Fatais";"Anoitecer";"Crescente";"Céu Claro";"Dupla";"Reta;Declive";"Não";2;1;0;0;0;1;0;2;-19,77316529;-44,12478447;"SPRF-MG";"DEL01-MG";"UOP02-DEL01-MG"
503122;2023-02-04;"sábado";"18:15:00";"SC";280;129;"RIO NEGRINHO";"Ausência de reação do condutor";"Colisão transversal";"Com Vítimas Feridas";"Pleno dia";"Decrescente";"Céu Claro";"Simples";"Reta";"Não";1;0;1;0;0;0;1;1;-26,24586437;-49,52284615;"SPRF-SC";"DEL06-SC";"UOP03-DEL06-SC"
503123;2023-02-04;"sábado";"18:00:00";"SC";280;128;"RIO NEGRINHO";"Acessar a via sem observar a presença dos outros veículos";"Colisão transversal";"Com Vítimas Feridas";"Pleno dia";"Decrescente";"Céu Claro";"Simples";"Declive;Reta";"Sim";2;0;1;0;1;0;1;2;-26,24317941;-49,51320018;"SPRF-SC";"DEL06-SC";"UOP03-DEL06-SC"
503125;2023-02-04;"sábado";"17:10:00";"RJ";465;4,5;"SEROPEDICA";"Reação tardia ou ineficiente do condutor";"Colisão lateral mesmo sentido";"Com Vítimas Feridas";"Pleno dia";"Decrescente";"Céu Claro";"Simples";"Reta";"Sim";2;0;1;0;1;0;1;2;-22,740971;-43,705597;"SPRF-RJ";"DEL01-RJ";"UOP03-DEL01-RJ"
503128;2023-02-04;"sábado";"19:05:00";"SC";470;38,3;"GASPAR";"Velocidade Incompatível";"Saída de leito carroçável";"Com Vítimas Feridas";"Anoitecer";"Crescente";"Nublado";"Simples";"Curva;Em Obras";"Não";1;0;0;1;0;0;1;1;-26,90302897;-48,98162663;"SPRF-SC";"DEL04-SC";"UOP01-DEL04-SC"
503129;2023-02-04;"sábado";"18:50:00";"PR";280;278,2;"FLOR DA SERRA DO SUL";"Ingestão de álcool pelo condutor";"Saída de leito carroçável";"Sem Vítimas";"Anoitecer";"Crescente";"Nublado";"Simples";"Curva";"Não";1;0;0;0;1;0;0;1;-26,24483836;-53,20692599;"SPRF-PR";"DEL02-PR";"UOP01-DEL02-PR"
503130;2023-02-04;"sábado";"17:50:00";"PR";277;310;"GUARAPUAVA";"Manobra de mudança de faixa";"Colisão lateral mesmo sentido";"Com Vítimas Feridas";"Pleno dia";"Crescente";"Céu Claro";"Simples";"Reta;Aclive";"Não";2;0;1;0;1;0;1;2;-25,3124214;-51,18087407;"SPRF-PR";"DEL08-PR";"UOP01-DEL08-PR"
503132;2023-02-04;"sábado";"18:30:00";"ES";101;70;"SAO MATEUS";"Ausência de reação do condutor";"Tombamento";"Com Vítimas Feridas";"Anoitecer";"Crescente";"Céu Claro";"Simples";"Reta";"Não";1;0;1;0;0;0;1;1;-18,74453703;-39,86164665;"SPRF-ES";"DEL04-ES";"UOP02-DEL04-ES"
503133;2023-02-04;"sábado";"17:05:00";"GO";153;525,6;"HIDROLANDIA";"Ingestão de álcool pelo condutor";"Saída de leito carroçável";"Com Vítimas Feridas";"Pleno dia";"Decrescente";"Nublado";"Dupla";"Reta";"Não";1;0;1;0;0;0;1;1;-16,9288;-49,2518;"SPRF-GO";"DEL01-GO";"UOP03-DEL01-GO"
503134;2023-02-04;"sábado";"19:00:00";"AL";0;0;"JUNQUEIRO";"Acesso irregular";"Colisão com objeto";"Com Vítimas Feridas";"Plena Noite";"Não Informado";"Céu Claro";"Simples";"Reta;Em Obras";"Sim";2;0;1;1;0;0;2;1;-9,90809784;-36,46933335;"SPRF-AL";"DEL02-AL";"UOP02-DEL02-AL"
503135;2023-02-04;"sábado";"19:40:00";"DF";20;12;"BRASILIA";"Acessar a via sem observar a presença dos outros veículos";"Colisão lateral mesmo sentido";"Com Vítimas Feridas";"Plena Noite";"Crescente";"Chuva";"Dupla";"Reta";"Sim";2;0;1;0;1;0;1;2;-15,638752;-47,749599;"SPRF-DF";"DEL02-DF";"UOP01-DEL02-DF"
503136;2023-02-04;"sábado";"17:20:00";"PA";230;1128;"ITAITUBA";"Ingestão de álcool pelo condutor";"Atropelamento de Pedestre";"Com Vítimas Feridas";"Anoitecer";"Crescente";"Céu Claro";"Simples";"Curva";"Sim";2;0;0;1;0;1;1;2;-4,39343854;-55,90266548;"SPRF-PA";"DEL05-PA";"UOP02-DEL05-PA"
503138;2023-02-04;"sábado";"19:10:00";"RJ";493;106;"DUQUE DE CAXIAS";"Demais falhas mecânicas ou elétricas";"Saída de leito carroçável";"Com Vítimas Feridas";"Pleno dia";"Decrescente";"Céu Claro";"Dupla";"Reta";"Não";3;0;2;0;1;0;2;1;-22,672089;-43,285053;"SPRF-RJ";"DEL03-RJ";"UOP01-DEL03-RJ"
503139;2023-02-04;"sábado";"20:25:00";"GO";40;26;"LUZIANIA";"Reação tardia ou ineficiente do condutor";"Colisão traseira";"Com Vítimas Feridas";"Plena Noite";"Crescente";"Nublado";"Dupla";"Reta";"Sim";5;0;4;0;1;0;4;2;-16,259798;-47,894931;"SPRF-DF";"DEL01-DF";"UOP01-DEL01-DF"
503140;2023-02-04;"sábado";"19:55:00";"SC";470;60;"BLUMENAU";"Ausência de reação do condutor";"Saída de leito carroçável";"Sem Vítimas";"Plena Noite";"Decrescente";"Chuva";"Simples";"Reta";"Sim";1;0;0;0;1;0;0;1;-26,88138;-49,164543;"SPRF-SC";"DEL04-SC";"UOP01-DEL04-SC"
503143;2023-02-04;"sábado";"19:10:00";"ES";101;67;"SAO MATEUS";"Reação tardia ou ineficiente do condutor";"Tombamento";"Com Vítimas Feridas";"Plena Noite";"Crescente";"Céu Claro";"Dupla";"Reta";"Sim";1;0;1;0;0;0;1;1;-18,72054021;-39,8658931;"SPRF-ES";"DEL04-ES";"UOP02-DEL04-ES"
503145;2023-02-04;"sábado";"16:30:00";"RJ";40;73;"PETROPOLIS";"Velocidade Incompatível";"Capotamento";"Com Vítimas Feridas";"Pleno dia";"Decrescente";"Céu Claro";"Dupla";"Declive";"Não";1;0;1;0;0;0;1;1;-22,46352401;-43,22321103;"SPRF-RJ";"DEL06-RJ";"UOP01-DEL06-RJ"
503146;2023-02-04;"sábado";"20:10:00";"SP";153;65,3;"SAO JOSE DO RIO PRETO";"Ingestão de álcool pelo condutor";"Saída de leito carroçável";"Sem Vítimas";"Plena Noite";"Crescente";"Chuva";"Dupla";"Reta";"Sim";1;0;0;0;1;0;0;1;-20,8355877;-49,36570039;"SPRF-SP";"DEL09-SP";"UOP01-DEL09-SP"
503149;2023-02-04;"sábado";"20:00:00";"MG";381;430,5;"CAETE";"Transitar na contramão";"Colisão frontal";"Com Vítimas Feridas";"Plena Noite";"Decrescente";"Céu Claro";"Simples";"Curva";"Não";2;0;0;1;1;0;1;2;-19,787622;-43,69041;"SPRF-MG";"DEL01-MG";"UOP01-DEL01-MG"
503151;2023-02-04;"sábado";"19:40:00";"PB";104;145,4;"QUEIMADAS";"Deficiência do Sistema de Iluminação/Sinalização";"Colisão traseira";"Com Vítimas Feridas";"Plena Noite";"Decrescente";"Céu Claro";"Simples";"Reta";"Não";2;0;0;2;0;0;2;2;-7,42278697;-35,89513073;"SPRF-PB";"DEL02-PB";"UOP03-DEL02-PB"
503152;2023-02-04;"sábado";"20:00:00";"PE";232;7;"RECIFE";"Entrada inopinada do pedestre";"Atropelamento de Pedestre";"Com Vítimas Fatais";"Plena Noite";"Crescente";"Chuva";"Dupla";"Em Obras;Desvio Temporário;Reta";"Não";2;1;0;0;1;0;0;2;-8,074511;-34,965614;"SPRF-PE";"DEL01-PE";"UOP01-DEL01-PE"
503153;2023-02-04;"sábado";"19:00:00";"AL";316;261;"PILAR";"Acesso irregular";"Colisão transversal";"Com Vítimas Feridas";"Plena Noite";"Crescente";"Céu Claro";"Simples";"Reta";"Sim";2;0;0;1;1;0;1;2;-9,59005875;-35,89598604;"SPRF-AL";"DEL02-AL";"UOP01-DEL02-AL"
503154;2023-02-04;"sábado";"19:00:00";"SC";101;158;"PORTO BELO";"Reação tardia ou ineficiente do condutor";"Tombamento";"Com Vítimas Feridas";"Anoitecer";"Decrescente";"Céu Claro";"Dupla";"Reta";"Sim";2;0;2;0;0;0;2;1;-27,19096301;-48,61259017;"SPRF-SC";"DEL04-SC";"UOP03-DEL04-SC"
503155;2023-02-04;"sábado";"13:10:00";"SC";480;126,7;"CHAPECO";"Demais falhas mecânicas ou elétricas";"Incêndio";"Com Vítimas Feridas";"Pleno dia";"Crescente";"Céu Claro";"Dupla";"Reta";"Sim";1;0;1;0;0;0;1;1;-27,020083;-52,636024;"SPRF-SC";"DEL07-SC";"UOP01-DEL07-SC"
503157;2023-02-04;"sábado";"21:18:00";"PR";476;118;"COLOMBO";"Ausência de reação do condutor";"Colisão transversal";"Sem Vítimas";"Plena Noite";"Crescente";"Céu Claro";"Dupla";"Interseção de Vias";"Sim";3;0;0;0;1;2;0;2;-25,35634;-49,180828;"SPRF-PR";"DEL01-PR";"UOP01-DEL01-PR"
503158;2023-02-04;"sábado";"21:35:00";"SP";116;204;"ARUJA";"Ingestão de álcool pelo condutor";"Colisão traseira";"Sem Vítimas";"Plena Noite";"Decrescente";"Céu Claro";"Múltipla";"Reta";"Não";3;0;0;0;3;0;0;3;-23,41236123;-46,35692496;"SPRF-SP";"DEL01-SP";"UOP01-DEL01-SP"
503159;2023-02-04;"sábado";"20:53:00";"PR";376;174,1;"MARINGA";"Acessar a via sem observar a presença dos outros veículos";"Colisão traseira";"Com Vítimas Feridas";"Plena Noite";"Crescente";"Céu Claro";"Múltipla";"Reta";"Sim";2;0;1;0;1;0;1;2;-23,41430102;-51,94984299;"SPRF-PR";"DEL09-PR";"UOP01-DEL09-PR"
503160;2023-02-04;"sábado";"18:00:00";"RS";116;185;"NOVA PETROPOLIS";"Manobra de mudança de faixa";"Colisão lateral mesmo sentido";"Com Vítimas Feridas";"Pleno dia";"Crescente";"Céu Claro";"Dupla";"Reta";"Sim";2;0;1;0;1;0;1;2;-29,39221114;-51,12482919;"SPRF-RS";"DEL05-RS";"UOP02-DEL05-RS"
503162;2023-02-04;"sábado";"21:40:00";"MG";40;799;"JUIZ DE FORA";"Manobra de mudança de faixa";"Colisão com objeto";"Com Vítimas Feridas";"Plena Noite";"Crescente";"Nublado";"Dupla";"Reta";"Não";1;0;0;1;0;0;1;1;-21,82857001;-43,37364401;"SPRF-MG";"DEL05-MG";"UOP01-DEL05-MG"
503163;2023-02-04;"sábado";"20:10:00";"BA";101;811;"ITAMARAJU";"Reação tardia ou ineficiente do condutor";"Tombamento";"Com Vítimas Feridas";"Plena Noite";"Decrescente";"Céu Claro";"Simples";"Ponte;Reta";"Sim";2;0;0;2;0;0;2;1;-17,21763389;-39,60728705;"SPRF-BA";"DEL09-BA";"UOP02-DEL09-BA"
503164;2023-02-04;"sábado";"21:41:00";"SC";101;202,1;"SAO JOSE";"Demais falhas mecânicas ou elétricas";"Colisão com objeto";"Com Vítimas Feridas";"Pleno dia";"Decrescente";"Garoa/Chuvisco";"Múltipla";"Reta";"Sim";1;0;1;0;0;0;1;1;-27,55711595;-48,61897889;"SPRF-SC";"DEL01-SC";"UOP01-DEL01-SC"
503166;2023-02-04;"sábado";"20:20:00";"PR";116;187,3;"CAMPO DO TENENTE";"Ausência de reação do condutor";"Colisão traseira";"Com Vítimas Feridas";"Plena Noite";"Crescente";"Céu Claro";"Simples";"Reta";"Não";5;0;1;1;1;2;2;4;-25,93175636;-49,63387878;"SPRF-PR";"DEL01-PR";"UOP03-DEL01-PR"
503168;2023-02-04;"sábado";"21:50:00";"TO";153;143;"ARAGUAINA";"Ausência de reação do condutor";"Colisão traseira";"Sem Vítimas";"Plena Noite";"Crescente";"Nublado";"Simples";"Reta";"Sim";2;0;0;0;0;2;0;2;-7,18866332;-48,23207966;"SPRF-TO";"DEL02-TO";"UOP01-DEL02-TO"
503169;2023-02-04;"sábado";"20:40:00";"PB";230;334,6;"PATOS";"Ausência de reação do condutor";"Engavetamento";"Sem Vítimas";"Plena Noite";"Decrescente";"Céu Claro";"Simples";"Reta";"Sim";8;0;0;0;8;0;0;3;-7,014321;-37,262464;"SPRF-PB";"DEL03-PB";"UOP01-DEL03-PB"
503170;2023-02-04;"sábado";"21:30:00";"MG";40;511;"RIBEIRAO DAS NEVES";"Ingestão de álcool pelo condutor";"Capotamento";"Com Vítimas Feridas";"Plena Noite";"Crescente";"Garoa/Chuvisco";"Dupla";"Reta";"Não";3;0;3;0;0;0;3;1;-19,78164295;-44,11733194;"SPRF-MG";"DEL01-MG";"UOP02-DEL01-MG"
503172;2023-02-04;"sábado";"21:00:00";"RJ";393;280;"BARRA DO PIRAI";"Frear bruscamente";"Colisão traseira";"Sem Vítimas";"Plena Noite";"Decrescente";"Céu Claro";"Simples";"Reta";"Sim";3;0;0;0;3;0;0;3;-22,47750785;-44,01954402;"SPRF-RJ";"DEL05-RJ";"UOP04-DEL05-RJ"