"id";"data_inversa";"dia_semana";"horario";"uf";"br";"km";"municipio";"causa_acidente";"tipo_acidente";"classificacao_acidente";"fase_dia";"sentido_via";"condicao_metereologica";"tipo_pista";"tracado_via";"uso_solo";"pessoas";"mortos";"feridos_leves";"feridos_graves";"ilesos";"ignorados";"feridos";"veiculos";"latitude";"longitude";"regional";"delegacia";"uop"
503173;2023-02-04;"sábado";"22:10:00";"PR";469;17,1;"FOZ DO IGUACU";"Acessar a via sem observar a presença dos outros veículos";"Colisão transversal";"Com Vítimas Feridas";"Plena Noite";"Crescente";"Céu Claro";"Simples";"Reta;Em Obras;Retorno Regulamentado";"Sim";2;0;0;1;1;0;1;2;-25,5906;-54,5172;"SPRF-PR";"DEL05-PR";"UOP04-DEL05-PR"
503174;2023-02-04;"sábado";"21:30:00";"PR";369;126;"JATAIZINHO";"Ingestão de álcool pelo condutor";"Colisão com objeto";"Com Vítimas Feridas";"Plena Noite";"Decrescente";"Garoa/Chuvisco";"Dupla";"Retorno Regulamentado";"Não";2;0;0;2;0;0;2;1;-23,27664072;-50,96175134;"SPRF-PR";"DEL07-PR";"UOP05-DEL07-PR"
503175;2023-02-04;"sábado";"14:50:00";"MG";381;154,3;"GOVERNADOR VALADARES";"Conversão proibida";"Colisão traseira";"Com Vítimas Feridas";"Pleno dia";"Crescente";"Céu Claro";"Simples";"Reta";"Não";3;0;2;1;0;0;3;2;-18,88666107;-42,00230199;"SPRF-MG";"DEL06-MG";"UOP01-DEL06-MG"
503176;2023-02-04;"sábado";"19:50:00";"MG";267;43,6;"MARIPA DE MINAS";"Reação tardia ou ineficiente do condutor";"Colisão frontal";"Com Vítimas Feridas";"Plena Noite";"Crescente";"Nublado";"Simples";"Curva";"Não";3;0;0;1;2;0;1;2;-21,6829444;-42,92900685;"SPRF-MG";"DEL07-MG";"UOP01-DEL07-MG"
503177;2023-02-04;"sábado";"19:15:00";"SP";381;87;"SAO PAULO";"Pista Escorregadia";"Queda de ocupante de veículo";"Com Vítimas Feridas";"Anoitecer";"Decrescente";"Chuva";"Múltipla";"Reta";"Não";1;0;1;0;0;0;1;1;-23,46885001;-46,56996601;"SPRF-SP";"DEL03-SP";"UOP01-DEL03-SP"
503178;2023-02-04;"sábado";"22:15:00";"PR";153;52;"SANTO ANTONIO DA PLATINA";"Acesso irregular";"Saída de leito carroçável";"Sem Vítimas";"Plena Noite";"Crescente";"Céu Claro";"Simples";"Reta";"Não";1;0;0;0;0;1;0;1;-23,38045053;-50,06145351;"SPRF-PR";"DEL07-PR";"UOP04-DEL07-PR"
503179;2023-02-04;"sábado";"22:35:00";"SC";470;68,1;"INDAIAL";"Desrespeitar a preferência no cruzamento";"Colisão transversal";"Com Vítimas Feridas";"Pleno dia";"Decrescente";"Nublado";"Simples";"Reta;Interseção de Vias;Em Obras";"Sim";2;0;0;1;1;0;1;2;-26,877615;-49,239231;"SPRF-SC";"DEL04-SC";"UOP01-DEL04-SC"
503180;2023-02-04;"sábado";"17:10:00";"RJ";116;173;"RIO DE JANEIRO";"Trafegar com motocicleta (ou similar) entre as faixas";"Queda de ocupante de veículo";"Com Vítimas Feridas";"Pleno dia";"Crescente";"Céu Claro";"Múltipla";"Reta";"Não";1;0;1;0;0;0;1;1;-22,79810324;-43,35726614;"SPRF-RJ";"DEL01-RJ";"UOP02-DEL01-RJ"
503182;2023-02-04;"sábado";"22:45:00";"SP";116;219;"GUARULHOS";"Acessar a via sem observar a presença dos outros veículos";"Atropelamento de Pedestre";"Com Vítimas Feridas";"Plena Noite";"Decrescente";"Nublado";"Dupla";"Reta";"Sim";2;0;2;0;0;0;2;2;-23,46143954;-46,48885316;"SPRF-SP";"DEL01-SP";"UOP01-DEL01-SP"
503183;2023-02-04;"sábado";"21:10:00";"PR";476;358;"UNIAO DA VITORIA";"Desrespeitar a preferência no cruzamento";"Colisão traseira";"Com Vítimas Feridas";"Plena Noite";"Crescente";"Nublado";"Simples";"Reta";"Sim";2;0;1;0;1;0;1;2;-26,198097;-51,052139;"SPRF-PR";"DEL02-PR";"UOP03-DEL02-PR"
503184;2023-02-04;"sábado";"21:00:00";"RJ";101;319;"SAO GONCALO";"Entrada inopinada do pedestre";"Colisão lateral mesmo sentido";"Sem Vítimas";"Plena Noite";"Decrescente";"Céu Claro";"Simples";"Reta";"Não";2;0;0;0;2;0;0;2;-22,85411774;-43,1018014;"SPRF-RJ";"DEL02-RJ";"UOP02-DEL02-RJ"
503185;2023-02-04;"sábado";"16:30:00";"SP";381;62;"MAIRIPORA";"Ausência de reação do condutor";"Queda de ocupante de veículo";"Com Vítimas Feridas";"Pleno dia";"Crescente";"Garoa/Chuvisco";"Simples";"Curva;Declive";"Sim";1;0;1;0;0;0;1;1;-23,29437896;-46,57254696;"SPRF-SP";"DEL03-SP";"UOP01-DEL03-SP"
503188;2023-02-04;"sábado";"22:09:00";"PB";230;242,7;"JUAZEIRINHO";"Animais na Pista";"Atropelamento de Animal";"Com Vítimas Feridas";"Plena Noite";"Crescente";"Céu Claro";"Simples";"Reta";"Sim";2;0;2;0;0;0;2;1;-7,0692;-36,5826;"SPRF-PB";"DEL02-PB";"UOP02-DEL02-PB"
503189;2023-02-04;"sábado";"20:45:00";"MA";316;195;"ZE DOCA";"Manobra de mudança de faixa";"Colisão frontal";"Com Vítimas Feridas";"Plena Noite";"Decrescente";"Céu Claro";"Simples";"Reta";"Sim";2;0;0;1;1;0;1;2;-3,250695;-45,654037;"SPRF-MA";"DEL02-MA";"UOP01-DEL02-MA"
503193;2023-02-04;"sábado";"21:30:00";"PR";116;7;"CAMPINA GRANDE DO SUL";"Ausência de reação do condutor";"Colisão traseira";"Com Vítimas Feridas";"Plena Noite";"Crescente";"Ignorado";"Dupla";"Reta";"Sim";2;0;1;0;1;0;1;2;-25,3683;-49,1074;"SPRF-PR";"DEL01-PR";"UOP02-DEL01-PR"
503195;2023-02-04;"sábado";"23:50:00";"BA";324;572;"SAO SEBASTIAO DO PASSE";"Condutor deixou de manter distância do veículo da frente";"Colisão traseira";"Sem Vítimas";"Plena Noite";"Crescente";"Céu Claro";"Dupla";"Reta";"Não";4;0;0;0;4;0;0;2;-12,5622012;-38,55964515;"SPRF-BA";"DEL01-BA";"UOP01-DEL01-BA"
503196;2023-02-04;"sábado";"23:35:00";"RS";472;588;"URUGUAIANA";"Ausência de reação do condutor";"Saída de leito carroçável";"Com Vítimas Feridas";"Plena Noite";"Crescente";"Céu Claro";"Simples";"Reta";"Não";1;0;1;0;0;0;1;1;-29,79338813;-57,09087336;"SPRF-RS";"DEL13-RS";"UOP01-DEL13-RS"
503198;2023-02-04;"sábado";"23:50:00";"PR";369;493,9;"CORBELIA";"Velocidade Incompatível";"Colisão com objeto";"Com Vítimas Feridas";"Plena Noite";"Decrescente";"Céu Claro";"Simples";"Curva";"Não";1;0;1;0;0;0;1;1;-24,74407095;-53,26890171;"SPRF-PR";"DEL04-PR";"UOP03-DEL04-PR"
503200;2023-02-04;"sábado";"22:50:00";"SC";101;208;"SAO JOSE";"Ingestão de álcool pelo condutor";"Colisão com objeto";"Sem Vítimas";"Plena Noite";"Crescente";"Céu Claro";"Dupla";"Curva";"Não";1;0;0;0;1;0;0;1;-27,60327979;-48,63201818;"SPRF-SC";"DEL01-SC";"UOP01-DEL01-SC"
503201;2023-02-04;"sábado";"23:45:00";"MS";163;529;"JARAGUARI";"Ingestão de álcool pelo condutor";"Tombamento";"Com Vítimas Feridas";"Plena Noite";"Crescente";"Céu Claro";"Simples";"Reta;Interseção de Vias";"Não";1;0;1;0;0;0;1;1;-20,08043958;-54,43056107;"SPRF-MS";"DEL01-MS";"UOP02-DEL01-MS"
503202;2023-02-05;"domingo";"00:45:00";"ES";101;277,5;"SERRA";"Ausência de reação do condutor";"Colisão com objeto";"Com Vítimas Feridas";"Plena Noite";"Decrescente";"Céu Claro";"Dupla";"Curva";"Sim";1;0;0;1;0;0;1;1;-20,20828089;-40,30388897;"SPRF-ES";"DEL02-ES";"UOP01-DEL02-ES"
503203;2023-02-05;"domingo";"00:20:00";"SC";280;69,9;"JARAGUA DO SUL";"Acessar a via sem observar a presença dos outros veículos";"Colisão transversal";"Com Vítimas Feridas";"Plena Noite";"Decrescente";"Chuva";"Simples";"Reta";"Sim";3;0;2;0;1;0;2;2;-26,46803296;-49,11833097;"SPRF-SC";"DEL03-SC";"UOP03-DEL03-SC"
503205;2023-02-05;"domingo";"00:20:00";"PR";116;7,1;"CAMPINA GRANDE DO SUL";"Ingestão de álcool pelo condutor";"Colisão com objeto";"Com Vítimas Feridas";"Plena Noite";"Crescente";"Céu Claro";"Dupla";"Reta;Aclive";"Sim";1;0;1;0;0;0;1;1;-25,3683;-49,1074;"SPRF-PR";"DEL01-PR";"UOP02-DEL01-PR"
503207;2023-02-05;"domingo";"01:42:00";"GO";60;392;"RIO VERDE";"Ingestão de álcool pelo condutor";"Saída de leito carroçável";"Sem Vítimas";"Plena Noite";"Decrescente";"Nublado";"Dupla";"Declive";"Sim";1;0;0;0;1;0;0;1;-17,8266;-50,9789;"SPRF-GO";"DEL04-GO";"UOP02-DEL04-GO"
503209;2023-02-04;"sábado";"12:48:00";"MS";262;287,4;"RIBAS DO RIO PARDO";"Ausência de reação do condutor";"Saída de leito carroçável";"Com Vítimas Feridas";"Pleno dia";"Decrescente";"Céu Claro";"Simples";"Declive";"Não";3;0;3;0;0;0;3;1;-20,48773744;-54,17504591;"SPRF-MS";"DEL01-MS";"UOP01-DEL01-MS"
503210;2023-02-05;"domingo";"01:00:00";"PR";116;142;"MANDIRITUBA";"Reação tardia ou ineficiente do condutor";"Saída de leito carroçável";"Sem Vítimas";"Plena Noite";"Decrescente";"Nublado";"Simples";"Reta";"Sim";1;0;0;0;1;0;0;1;-25,775179;-49,323673;"SPRF-PR";"DEL01-PR";"UOP03-DEL01-PR"
503211;2023-02-05;"domingo";"02:25:00";"MG";365;604;"UBERLANDIA";"Reação tardia ou ineficiente do condutor";"Saída de leito carroçável";"Com Vítimas Feridas";"Plena Noite";"Decrescente";"Nublado";"Simples";"Reta";"Não";4;0;4;0;0;0;4;1;-18,893475;-48,137034;"SPRF-MG";"DEL15-MG";"UOP01-DEL15-MG"
503213;2023-02-05;"domingo";"01:50:00";"PR";369;196,3;"APUCARANA";"Demais falhas mecânicas ou elétricas";"Tombamento";"Com Vítimas Feridas";"Plena Noite";"Decrescente";"Céu Claro";"Dupla";"Reta";"Não";2;0;1;0;1;0;1;1;-23,509201;-51,425937;"SPRF-PR";"DEL07-PR";"UOP03-DEL07-PR"
503214;2023-02-05;"domingo";"01:30:00";"SP";381;11,2;"VARGEM";"Reação tardia ou ineficiente do condutor";"Saída de leito carroçável";"Com Vítimas Feridas";"Plena Noite";"Crescente";"Céu Claro";"Dupla";"Reta";"Não";4;0;2;0;2;0;2;1;-22,92494964;-46,45274015;"SPRF-SP";"DEL03-SP";"UOP02-DEL03-SP"
503215;2023-02-04;"sábado";"22:30:00";"MA";222;185;"ITAPECURU MIRIM";"Ausência de reação do condutor";"Colisão frontal";"Com Vítimas Feridas";"Plena Noite";"Crescente";"Céu Claro";"Simples";"Reta";"Não";2;0;0;2;0;0;2;2;-3,47764942;-44,1992661;"SPRF-MA";"DEL01-MA";"UOP02-DEL01-MA"
503216;2023-02-05;"domingo";"01:50:00";"SC";116;7;"MAFRA";"Velocidade Incompatível";"Saída de leito carroçável";"Sem Vítimas";"Plena Noite";"Decrescente";"Nublado";"Simples";"Reta";"Sim";1;0;0;0;0;1;0;1;-26,15196176;-49,83102416;"SPRF-SC";"DEL06-SC";"UOP01-DEL06-SC"
503217;2023-02-05;"domingo";"02:30:00";"PR";369;160;"CAMBE";"Velocidade Incompatível";"Saída de leito carroçável";"Sem Vítimas";"Plena Noite";"Decrescente";"Céu Claro";"Dupla";"Interseção de Vias";"Sim";2;0;0;0;1;1;0;1;-23,28473191;-51,25837868;"SPRF-PR";"DEL07-PR";"UOP01-DEL07-PR"
503218;2023-02-05;"domingo";"02:50:00";"PR";277;677;"MEDIANEIRA";"Ausência de reação do condutor";"Colisão traseira";"Com Vítimas Feridas";"Plena Noite";"Decrescente";"Céu Claro";"Dupla";"Reta;Aclive";"Não";3;0;0;2;1;0;2;2;-25,30758578;-54,14057014;"SPRF-PR";"DEL05-PR";"UOP01-DEL05-PR"
503220;2023-02-05;"domingo";"03:45:00";"PR";376;4;"APUCARANA";"Reação tardia ou ineficiente do condutor";"Colisão com objeto";"Com Vítimas Feridas";"Plena Noite";"Crescente";"Céu Claro";"Simples";"Reta";"Sim";1;0;1;0;0;0;1;1;-23,5508;-51,44928;"SPRF-PR";"DEL07-PR";"UOP03-DEL07-PR"
503221;2023-02-05;"domingo";"03:30:00";"MS";163;466,4;"CAMPO GRANDE";"Ausência de reação do condutor";"Colisão com objeto";"Sem Vítimas";"Plena Noite";"Decrescente";"Nublado";"Simples";"Rotatória";"Não";1;0;0;0;0;1;0;1;-20,58293422;-54,58376884;"SPRF-MS";"DEL01-MS";"UOP01-DEL01-MS"
503222;2023-02-05;"domingo";"04:00:00";"PR";116;123,4;"CURITIBA";"Condutor Dormindo";"Queda de ocupante de veículo";"Com Vítimas Feridas";"Plena Noite";"Decrescente";"Céu Claro";"Dupla";"Reta";"Não";1;0;0;1;0;0;1;1;-25,57736002;-49,31243589;"SPRF-PR";"DEL01-PR";"UOP03-DEL01-PR"
503223;2023-02-05;"domingo";"05:20:00";"RS";101;82,7;"OSORIO";"Objeto estático sobre o leito carroçável";"Colisão com objeto";"Com Vítimas Feridas";"Amanhecer";"Decrescente";"Céu Claro";"Dupla";"Reta";"Sim";4;0;4;0;0;0;4;1;-29,84322488;-50,24558869;"SPRF-RS";"DEL03-RS";"UOP01-DEL03-RS"
503224;2023-02-05;"domingo";"05:30:00";"GO";50;185;"CAMPO ALEGRE DE GOIAS";"Ausência de reação do condutor";"Queda de ocupante de veículo";"Com Vítimas Feridas";"Amanhecer";"Crescente";"Nublado";"Dupla";"Reta";"Não";1;0;1;0;0;0;1;1;-17,4498;-47,805;"SPRF-GO";"DEL06-GO";"UOP01-DEL06-GO"
503227;2023-02-05;"domingo";"05:40:00";"GO";153;510;"APARECIDA DE GOIANIA";"Acesso irregular";"Colisão frontal";"Sem Vítimas";"Amanhecer";"Crescente";"Céu Claro";"Dupla";"Curva;Aclive";"Sim";3;0;0;0;3;0;0;2;-16,7977;-49,2386;"SPRF-GO";"DEL01-GO";"UOP03-DEL01-GO"
503228;2023-02-05;"domingo";"06:30:00";"CE";20;356;"MARANGUAPE";"Avarias e/ou desgaste excessivo no pneu";"Queda de ocupante de veículo";"Com Vítimas Feridas";"Pleno dia";"Decrescente";"Céu Claro";"Simples";"Aclive;Reta";"Não";2;0;2;0;0;0;2;1;-4,04995292;-39,01283105;"SPRF-CE";"DEL02-CE";"UOP01-DEL02-CE"
503230;2023-02-05;"domingo";"05:00:00";"GO";153;430;"ANAPOLIS";"Ingestão de álcool pelo condutor";"Colisão com objeto";"Sem Vítimas";"Plena Noite";"Crescente";"Céu Claro";"Dupla";"Declive;Reta";"Sim";1;0;0;0;0;1;0;1;-16,25157;-48,99474;"SPRF-GO";"DEL02-GO";"UOP01-DEL02-GO"
503231;2023-02-05;"domingo";"06:30:00";"PR";277;63,9;"SAO JOSE DOS PINHAIS";"Ausência de reação do condutor";"Colisão traseira";"Sem Vítimas";"Pleno dia";"Decrescente";"Céu Claro";"Dupla";"Reta";"Não";2;0;0;0;0;2;0;2;-25,56100984;-49,01719293;"SPRF-PR";"DEL01-PR";"UOP01-DEL01-PR"
503232;2023-02-05;"domingo";"05:30:00";"MG";40;530;"CONTAGEM";"Condutor Dormindo";"Saída de leito carroçável";"Com Vítimas Feridas";"Pleno dia";"Decrescente";"Céu Claro";"Dupla";"Reta;Declive";"Sim";1;0;1;0;0;0;1;1;-19,92064782;-44,0335681;"SPRF-MG";"DEL01-MG";"UOP02-DEL01-MG"
503233;2023-02-05;"domingo";"01:45:00";"MG";459;94,9;"POUSO ALEGRE";"Transitar na contramão";"Colisão lateral sentido oposto";"Com Vítimas Feridas";"Plena Noite";"Crescente";"Nublado";"Múltipla";"Curva";"Não";3;0;1;0;1;1;1;3;-22,184677;-45,988678;"SPRF-MG";"DEL09-MG";"UOP01-DEL09-MG"
503234;2023-02-04;"sábado";"20:20:00";"MG";365;756;"ITUIUTABA";"Ingestão de álcool pelo condutor";"Queda de ocupante de veículo";"Com Vítimas Feridas";"Plena Noite";"Decrescente";"Céu Claro";"Simples";"Rotatória";"Não";1;0;1;0;0;0;1;1;-18,96617733;-49,50632572;"SPRF-MG";"DEL15-MG";"UOP03-DEL15-MG"
503235;2023-02-05;"domingo";"06:30:00";"PR";469;13,7;"FOZ DO IGUACU";"Ausência de reação do condutor";"Saída de leito carroçável";"Sem Vítimas";"Amanhecer";"Decrescente";"Nevoeiro/Neblina";"Simples";"Reta";"Sim";1;0;0;0;0;1;0;1;-25,5754;-54,5489;"SPRF-PR";"DEL05-PR";"UOP04-DEL05-PR"
503236;2023-02-05;"domingo";"05:50:00";"SC";101;136,3;"BALNEARIO CAMBORIU";"Reação tardia ou ineficiente do condutor";"Queda de ocupante de veículo";"Com Vítimas Feridas";"Pleno dia";"Crescente";"Céu Claro";"Múltipla";"Reta";"Sim";2;0;2;0;0;0;2;1;-27,008113;-48,617245;"SPRF-SC";"DEL04-SC";"UOP03-DEL04-SC"
503237;2023-02-05;"domingo";"05:40:00";"SC";163;77,2;"SAO MIGUEL DO OESTE";"Velocidade Incompatível";"Saída de leito carroçável";"Com Vítimas Feridas";"Amanhecer";"Decrescente";"Céu Claro";"Simples";"Declive;Reta";"Não";3;0;1;0;1;1;1;1;-26,67615498;-53,51669997;"SPRF-SC";"DEL07-SC";"UOP03-DEL07-SC"
503238;2023-02-05;"domingo";"01:30:00";"MG";116;390,9;"GOVERNADOR VALADARES";"Ausência de reação do condutor";"Colisão frontal";"Com Vítimas Fatais";"Plena Noite";"Decrescente";"Céu Claro";"Simples";"Curva;Declive";"Não";4;2;0;0;2;0;0;2;-18,6860081;-41,98874405;"SPRF-MG";"DEL06-MG";"UOP01-DEL06-MG"
503239;2023-02-05;"domingo";"06:00:00";"RS";470;159;"NOVA PRATA";"Ausência de reação do condutor";"Saída de leito carroçável";"Sem Vítimas";"Amanhecer";"Decrescente";"Céu Claro";"Simples";"Em Obras;Curva";"Sim";1;0;0;0;0;1;0;1;-28,810128;-51,600868;"SPRF-RS";"DEL06-RS";"UOP02-DEL06-RS"
503240;2023-02-05;"domingo";"07:00:00";"SC";101;182;"GOVERNADOR CELSO RAMOS";"Reação tardia ou ineficiente do condutor";"Colisão traseira";"Sem Vítimas";"Pleno dia";"Decrescente";"Sol";"Dupla";"Reta";"Sim";3;0;0;0;3;0;0;1;-27,39798985;-48,6303592;"SPRF-SC";"DEL01-SC";"UOP01-DEL01-SC"
503241;2023-02-05;"domingo";"05:40:00";"MT";364;189;"RONDONOPOLIS";"Ingestão de álcool pelo condutor";"Saída de leito carroçável";"Com Vítimas Feridas";"Plena Noite";"Crescente";"Céu Claro";"Simples";"Reta";"Não";2;0;2;0;0;0;2;1;-16,55814995;-54,56173598;"SPRF-MT";"DEL02-MT";"UOP01-DEL02-MT"
503242;2023-02-05;"domingo";"07:31:00";"RS";101;10,2;"DOM PEDRO DE ALCANTARA";"Condutor Dormindo";"Saída de leito carroçável";"Com Vítimas Feridas";"Pleno dia";"Crescente";"Sol";"Dupla";"Reta";"Não";3;0;1;0;2;0;1;1;-29,37276611;-49,82302391;"SPRF-RS";"DEL03-RS";"UOP02-DEL03-RS"
503243;2023-02-05;"domingo";"06:10:00";"SC";282;587;"PINHALZINHO";"Ingestão de álcool e/ou substâncias psicoativas pelo pedestre";"Saída de leito carroçável";"Com Vítimas Feridas";"Amanhecer";"Decrescente";"Céu Claro";"Simples";"Curva";"Não";4;0;2;0;2;0;2;1;-26,83057159;-53,04496408;"SPRF-SC";"DEL07-SC";"UOP02-DEL07-SC"
503244;2023-02-05;"domingo";"06:25:00";"MT";163;60,5;"RONDONOPOLIS";"Reação tardia ou ineficiente do condutor";"Queda de ocupante de veículo";"Com Vítimas Feridas";"Amanhecer";"Decrescente";"Nublado";"Dupla";"Reta";"Não";1;0;1;0;0;0;1;1;-16,98753512;-54,75044767;"SPRF-MT";"DEL02-MT";"UOP03-DEL02-MT"
503245;2023-02-05;"domingo";"07:00:00";"PE";101;70;"RECIFE";"Ausência de reação do condutor";"Saída de leito carroçável";"Sem Vítimas";"Pleno dia";"Crescente";"Sol";"Dupla";"Reta";"Sim";1;0;0;0;0;1;0;1;-8,07505109;-34,93827224;"SPRF-PE";"DEL01-PE";"UOP01-DEL01-PE"
503247;2023-02-05;"domingo";"05:00:00";"CE";20;380;"CAUCAIA";"Demais falhas mecânicas ou elétricas";"Queda de ocupante de veículo";"Com Vítimas Fatais";"Pleno dia";"Decrescente";"Céu Claro";"Simples";"Reta";"Não";1;1;0;0;0;0;0;1;-3,91625499;-38,85098301;"SPRF-CE";"DEL01-CE";"UOP01-DEL01-CE"
503248;2023-02-05;"domingo";"05:45:00";"PE";101;207;"XEXEU";"Acumulo de água sobre o pavimento";"Saída de leito carroçável";"Com Vítimas Feridas";"Amanhecer";"Crescente";"Chuva";"Dupla";"Curva";"Não";1;0;1;0;0;0;1;1;-8,82545377;-35,64542552;"SPRF-PE";"DEL01-PE";"UOP03-DEL01-PE"
503249;2023-02-05;"domingo";"08:45:00";"SP";116;223;"GUARULHOS";"Manobra de mudança de faixa";"Colisão com objeto";"Com Vítimas Feridas";"Pleno dia";"Decrescente";"Céu Claro";"Múltipla";"Reta";"Sim";2;0;0;1;0;1;1;2;-23,47559815;-46,5246609;"SPRF-SP";"DEL01-SP";"UOP01-DEL01-SP"
503250;2023-02-05;"domingo";"06:20:00";"MS";267;191;"NOVA ALVORADA DO SUL";"Ausência de reação do condutor";"Saída de leito carroçável";"Sem Vítimas";"Pleno dia";"Crescente";"Céu Claro";"Simples";"Reta";"Não";1;0;0;0;0;1;0;1;-21,59923661;-53,86508606;"SPRF-MS";"DEL02-MS";"UOP03-DEL02-MS"
503251;2023-02-05;"domingo";"08:30:00";"PR";369;147,1;"LONDRINA";"Ingestão de álcool pelo condutor";"Tombamento";"Com Vítimas Feridas";"Pleno dia";"Crescente";"Nublado";"Dupla";"Reta;Aclive";"Sim";2;0;1;0;1;0;1;1;-23,292999;-51,133537;"SPRF-PR";"DEL07-PR";"UOP01-DEL07-PR"
503252;2023-01-28;"sábado";"22:00:00";"BA";367;64;"PORTO SEGURO";"Animais na Pista";"Saída de leito carroçável";"Com Vítimas Feridas";"Plena Noite";"Decrescente";"Céu Claro";"Simples";"Reta";"Sim";1;0;1;0;0;0;1;1;-16,39485517;-39,41850207;"SPRF-BA";"DEL09-BA";"UOP03-DEL09-BA"
503253;2023-02-05;"domingo";"07:15:00";"BA";116;417,3;"FEIRA DE SANTANA";"Reação tardia ou ineficiente do condutor";"Colisão traseira";"Com Vítimas Feridas";"Pleno dia";"Crescente";"Sol";"Dupla";"Reta;Declive";"Não";24;0;21;0;3;0;21;2;-12,177085;-38,96510687;"SPRF-BA";"DEL02-BA";"UOP01-DEL02-BA"
503258;2023-02-05;"domingo";"06:00:00";"MA";10;118;"ESTREITO";"Ausência de reação do condutor";"Colisão com objeto";"Com Vítimas Fatais";"Amanhecer";"Decrescente";"Nevoeiro/Neblina";"Simples";"Declive;Curva;Ponte";"Não";1;1;0;0;0;0;0;1;-6,64616;-47,430141;"SPRF-MA";"DEL04-MA";"UOP02-DEL04-MA"
503259;2023-02-05;"domingo";"08:15:00";"MA";10;253;"IMPERATRIZ";"Reação tardia ou ineficiente do condutor";"Colisão traseira";"Sem Vítimas";"Pleno dia";"Decrescente";"Céu Claro";"Dupla";"Reta";"Sim";3;0;0;0;3;0;0;2;-5,526911;-47,471455;"SPRF-MA";"DEL04-MA";"UOP01-DEL04-MA"
503260;2023-02-05;"domingo";"07:20:00";"RJ";116;194;"NOVA IGUACU";"Reação tardia ou ineficiente do condutor";"Colisão traseira";"Com Vítimas Feridas";"Pleno dia";"Crescente";"Céu Claro";"Múltipla";"Curva";"Não";3;0;1;0;2;0;1;2;-22,73711632;-43,53793909;"SPRF-RJ";"DEL01-RJ";"UOP02-DEL01-RJ"
503261;2023-02-05;"domingo";"00:50:00";"RJ";116;183;"NOVA IGUACU";"Ausência de reação do condutor";"Engavetamento";"Com Vítimas Feridas";"Plena Noite";"Crescente";"Céu Claro";"Dupla";"Reta";"Sim";4;0;1;0;3;0;1;3;-22,7516014;-43,43849831;"SPRF-RJ";"DEL01-RJ";"UOP02-DEL01-RJ"
503262;2023-02-05;"domingo";"07:50:00";"SC";470;150,8;"AGRONOMICA";"Mal súbito do condutor";"Saída de leito carroçável";"Com Vítimas Feridas";"Pleno dia";"Crescente";"Céu Claro";"Simples";"Reta";"Não";1;0;1;0;0;0;1;1;-27,256508;-49,710876;"SPRF-SC";"DEL04-SC";"UOP02-DEL04-SC"
503264;2023-02-05;"domingo";"02:30:00";"SC";470;111;"IBIRAMA";"Condutor Dormindo";"Tombamento";"Sem Vítimas";"Plena Noite";"Crescente";"Céu Claro";"Simples";"Curva";"Não";1;0;0;0;0;1;0;1;-27,095388;-49,457878;"SPRF-SC";"DEL04-SC";"UOP02-DEL04-SC"
503265;2023-02-05;"domingo";"06:03:00";"RJ";493;25;"MAGE";"Condutor Dormindo";"Saída de leito carroçável";"Com Vítimas Feridas";"Pleno dia";"Crescente";"Céu Claro";"Simples";"Reta";"Não";1;0;1;0;0;0;1;1;-22,65788388;-43,079654;"SPRF-RJ";"DEL04-RJ";"UOP02-DEL04-RJ"
503266;2023-02-05;"domingo";"09:00:00";"RS";158;311;"ITAARA";"Velocidade Incompatível";"Colisão traseira";"Com Vítimas Feridas";"Pleno dia";"Decrescente";"Sol";"Simples";"Reta;Declive";"Não";3;0;1;0;2;0;1;2;-29,61959825;-53,76787305;"SPRF-RS";"DEL09-RS";"UOP01-DEL09-RS"
503271;2023-02-05;"domingo";"09:00:00";"RJ";101;537;"PARATY";"Acessar a via sem observar a presença dos outros veículos";"Colisão transversal";"Com Vítimas Feridas";"Pleno dia";"Crescente";"Céu Claro";"Simples";"Reta";"Sim";2;0;1;0;1;0;1;2;-23,04205934;-44,57003488;"SPRF-RJ";"DEL03-RJ";"UOP04-DEL03-RJ"
503273;2023-02-05;"domingo";"08:00:00";"RJ";101;548;"PARATY";"Acessar a via sem observar a presença dos outros veículos";"Colisão transversal";"Com Vítimas Feridas";"Pleno dia";"Crescente";"Céu Claro";"Simples";"Reta";"Não";2;0;0;1;1;0;1;2;-23,04505073;-44,64600895;"SPRF-RJ";"DEL03-RJ";"UOP04-DEL03-RJ"
503274;2023-02-05;"domingo";"08:15:00";"RS";153;3,2;"CACHOEIRA DO SUL";"Ingestão de álcool pelo condutor";"Colisão traseira";"Com Vítimas Feridas";"Pleno dia";"Decrescente";"Sol";"Simples";"Reta";"Sim";2;0;1;0;1;0;1;2;-30,01299687;-52,89861202;"SPRF-RS";"DEL08-RS";"UOP04-DEL08-RS"
503277;2023-02-05;"domingo";"10:15:00";"MG";381;787;"SAO GONCALO DO SAPUCAI";"Pista esburacada";"Queda de ocupante de veículo";"Com Vítimas Feridas";"Pleno dia";"Decrescente";"Céu Claro";"Dupla";"Reta";"Não";2;0;2;0;0;0;2;1;-21,89946215;-45,55428277;"SPRF-MG";"DEL16-MG";"UOP02-DEL16-MG"
503279;2023-02-05;"domingo";"10:24:00";"PR";116;125,8;"FAZENDA RIO GRANDE";"Condutor desrespeitou a iluminação vermelha do semáforo";"Colisão transversal";"Com Vítimas Fatais";"Pleno dia";"Crescente";"Céu Claro";"Múltipla";"Reta";"Sim";7;1;1;1;3;1;2;3;-25,637007;-49,313082;"SPRF-PR";"DEL01-PR";"UOP03-DEL01-PR"