"id";"data_inversa";"dia_semana";"horario";"uf";"br";"km";"municipio";"causa_acidente";"tipo_acidente";"classificacao_acidente";"fase_dia";"sentido_via";"condicao_metereologica";"tipo_pista";"tracado_via";"uso_solo";"pessoas";"mortos";"feridos_leves";"feridos_graves";"ilesos";"ignorados";"feridos";"veiculos";"latitude";"longitude";"regional";"delegacia";"uop"
503280;2023-02-05;"domingo";"10:35:00";"AL";101;243,1;"PORTO REAL DO COLEGIO";"Acumulo de água sobre o pavimento";"Saída de leito carroçável";"Com Vítimas Feridas";"Pleno dia";"Decrescente";"Chuva";"Dupla";"Aclive";"Não";5;0;4;0;1;0;4;1;-10,1677149;-36,82012712;"SPRF-AL";"DEL02-AL";"UOP02-DEL02-AL"
503281;2023-02-05;"domingo";"11:00:00";"SP";116;186;"SANTA ISABEL";"Acumulo de areia ou detritos sobre o pavimento";"Queda de ocupante de veículo";"Com Vítimas Feridas";"Pleno dia";"Crescente";"Céu Claro";"Dupla";"Curva";"Não";2;0;1;0;1;0;1;1;-23,35316717;-46,19754761;"SPRF-SP";"DEL01-SP";"UOP01-DEL01-SP"
503282;2023-02-05;"domingo";"09:40:00";"PR";277;49;"MORRETES";"Avarias e/ou desgaste excessivo no pneu";"Queda de ocupante de veículo";"Com Vítimas Feridas";"Pleno dia";"Decrescente";"Céu Claro";"Dupla";"Reta";"Não";2;0;2;0;0;0;2;1;-25,59243579;-48,89076291;"SPRF-PR";"DEL01-PR";"UOP01-DEL01-PR"
503283;2023-02-05;"domingo";"08:30:00";"PI";343;263,8;"CAMPO MAIOR";"Ingestão de álcool pelo condutor";"Colisão transversal";"Com Vítimas Feridas";"Pleno dia";"Decrescente";"Céu Claro";"Simples";"Reta";"Sim";3;0;2;0;1;0;2;2;-4,82526633;-42,1614933;"SPRF-PI";"DEL01-PI";"UOP03-DEL01-PI"
503285;2023-02-05;"domingo";"10:55:00";"SC";101;196;"BIGUACU";"Condutor deixou de manter distância do veículo da frente";"Colisão traseira";"Com Vítimas Feridas";"Pleno dia";"Decrescente";"Céu Claro";"Dupla";"Reta";"Não";3;0;2;0;1;0;2;2;-27,51101091;-48,64322292;"SPRF-SC";"DEL01-SC";"UOP01-DEL01-SC"
503287;2023-02-05;"domingo";"11:50:00";"SP";381;75;"SAO PAULO";"Avarias e/ou desgaste excessivo no pneu";"Queda de ocupante de veículo";"Com Vítimas Feridas";"Pleno dia";"Decrescente";"Céu Claro";"Dupla";"Aclive";"Não";2;0;2;0;0;0;2;1;-23,37660089;-46,56409613;"SPRF-SP";"DEL03-SP";"UOP01-DEL03-SP"
503288;2023-02-05;"domingo";"11:40:00";"RN";101;78;"EXTREMOZ";"Condutor deixou de manter distância do veículo da frente";"Colisão traseira";"Com Vítimas Feridas";"Pleno dia";"Decrescente";"Céu Claro";"Dupla";"Reta";"Sim";3;0;2;0;0;1;2;2;-5,74071896;-35,29021064;"SPRF-RN";"DEL02-RN";"UOP01-DEL02-RN"
503290;2023-02-05;"domingo";"11:30:00";"MG";262;426,8;"SAO GONCALO DO PARA";"Velocidade Incompatível";"Colisão traseira";"Com Vítimas Fatais";"Pleno dia";"Decrescente";"Sol";"Dupla";"Reta";"Não";5;1;1;1;1;1;2;3;-19,890989;-44,835215;"SPRF-MG";"DEL08-MG";"UOP03-DEL08-MG"
503291;2023-02-05;"domingo";"12:00:00";"PI";343;333,2;"TERESINA";"Acessar a via sem observar a presença dos outros veículos";"Colisão traseira";"Com Vítimas Feridas";"Pleno dia";"Crescente";"Céu Claro";"Dupla";"Curva;Retorno Regulamentado";"Sim";2;0;1;0;1;0;1;2;-5,05592787;-42,6810516;"SPRF-PI";"DEL01-PI";"UOP01-DEL01-PI"
503292;2023-02-05;"domingo";"11:40:00";"PR";476;196,3;"LAPA";"Acesso irregular";"Colisão transversal";"Com Vítimas Feridas";"Pleno dia";"Decrescente";"Céu Claro";"Simples";"Declive";"Sim";3;0;1;2;0;0;3;2;-25,753437;-49,725754;"SPRF-PR";"DEL01-PR";"UOP06-DEL01-PR"
503294;2023-02-05;"domingo";"12:00:00";"SE";235;28;"AREIA BRANCA";"Demais falhas mecânicas ou elétricas";"Saída de leito carroçável";"Sem Vítimas";"Pleno dia";"Crescente";"Nublado";"Simples";"Curva;Aclive";"Não";1;0;0;0;1;0;0;1;-10,79339;-37,278835;"SPRF-SE";"DEL01-SE";"UOP02-DEL01-SE"
503295;2023-02-05;"domingo";"12:30:00";"MG";381;805,9;"SAO GONCALO DO SAPUCAI";"Ausência de reação do condutor";"Colisão com objeto";"Com Vítimas Feridas";"Pleno dia";"Decrescente";"Sol";"Dupla";"Curva";"Não";2;0;1;0;1;0;1;1;-22,01443986;-45,67874834;"SPRF-MG";"DEL16-MG";"UOP02-DEL16-MG"
503296;2023-02-05;"domingo";"12:45:00";"MG";381;511;"IGARAPE";"Pedestre cruzava a pista fora da faixa";"Atropelamento de Pedestre";"Com Vítimas Feridas";"Pleno dia";"Decrescente";"Céu Claro";"Dupla";"Reta;Declive";"Sim";3;0;0;1;2;0;1;2;-20,08463223;-44,3099407;"SPRF-MG";"DEL04-MG";"UOP03-DEL04-MG"
503297;2023-02-05;"domingo";"10:40:00";"PR";376;643;"TIJUCAS DO SUL";"Demais falhas mecânicas ou elétricas";"Incêndio";"Sem Vítimas";"Pleno dia";"Decrescente";"Céu Claro";"Dupla";"Reta;Declive";"Não";2;0;0;0;2;0;0;1;-25,810227;-49,13342;"SPRF-PR";"DEL01-PR";"UOP04-DEL01-PR"
503298;2023-02-05;"domingo";"11:40:00";"MS";158;259;"TRES LAGOAS";"Reação tardia ou ineficiente do condutor";"Saída de leito carroçável";"Com Vítimas Feridas";"Pleno dia";"Crescente";"Nublado";"Simples";"Reta;Aclive";"Não";4;0;1;0;3;0;1;1;-20,71351403;-51,75152004;"SPRF-MS";"DEL07-MS";"UOP01-DEL07-MS"
503299;2023-02-05;"domingo";"08:40:00";"MA";316;518,4;"CAXIAS";"Acumulo de areia ou detritos sobre o pavimento";"Tombamento";"Com Vítimas Feridas";"Pleno dia";"Decrescente";"Céu Claro";"Simples";"Reta";"Não";1;0;1;0;0;0;1;1;-4,767323;-43,61478;"SPRF-MA";"DEL03-MA";"UOP02-DEL03-MA"
503300;2023-02-05;"domingo";"12:35:00";"RO";364;197,7;"PIMENTA BUENO";"Ultrapassagem Indevida";"Colisão lateral mesmo sentido";"Com Vítimas Feridas";"Pleno dia";"Decrescente";"Céu Claro";"Simples";"Reta;Interseção de Vias";"Sim";3;0;0;2;1;0;2;2;-11,67880278;-61,1878925;"SPRF-RO";"DEL02-RO";"UOP02-DEL02-RO"
503301;2023-02-05;"domingo";"11:55:00";"MS";158;99,7;"PARANAIBA";"Ingestão de álcool pelo condutor";"Tombamento";"Com Vítimas Feridas";"Pleno dia";"Decrescente";"Céu Claro";"Simples";"Reta";"Não";1;0;1;0;0;0;1;1;-19,70210533;-51,15879979;"SPRF-MS";"DEL08-MS";"UOP01-DEL08-MS"
503302;2023-02-05;"domingo";"10:00:00";"GO";153;533;"HIDROLANDIA";"Ausência de reação do condutor";"Saída de leito carroçável";"Com Vítimas Feridas";"Pleno dia";"Decrescente";"Céu Claro";"Dupla";"Reta;Declive";"Não";2;0;2;0;0;0;2;1;-16,9941;-49,2281;"SPRF-GO";"DEL01-GO";"UOP03-DEL01-GO"
503303;2023-02-05;"domingo";"12:30:00";"PE";232;58;"POMBOS";"Avarias e/ou desgaste excessivo no pneu";"Colisão com objeto";"Com Vítimas Feridas";"Pleno dia";"Crescente";"Chuva";"Dupla";"Reta;Declive";"Sim";1;0;1;0;0;0;1;1;-8,14462866;-35,39034714;"SPRF-PE";"DEL02-PE";"UOP02-DEL02PE"
503304;2023-02-05;"domingo";"09:45:00";"PI";343;296;"ALTOS";"Ausência de reação do condutor";"Saída de leito carroçável";"Com Vítimas Feridas";"Pleno dia";"Decrescente";"Céu Claro";"Simples";"Reta";"Não";1;0;1;0;0;0;1;1;-4,983114;-42,385761;"SPRF-PI";"DEL01-PI";"UOP03-DEL01-PI"
503305;2023-02-05;"domingo";"10:10:00";"BA";135;138;"RIACHAO DAS NEVES";"Reação tardia ou ineficiente do condutor";"Queda de ocupante de veículo";"Com Vítimas Feridas";"Pleno dia";"Crescente";"Sol";"Simples";"Curva";"Não";1;0;1;0;0;0;1;1;-11,85311573;-44,84448347;"SPRF-BA";"DEL08-BA";"UOP04-DEL08-BA"
503306;2023-02-05;"domingo";"12:20:00";"RJ";101;272;"RIO BONITO";"Manobra de mudança de faixa";"Tombamento";"Com Vítimas Feridas";"Pleno dia";"Crescente";"Sol";"Dupla";"Reta;Ponte";"Não";1;0;1;0;0;0;1;1;-22,72935968;-42,70112512;"SPRF-RJ";"DEL02-RJ";"UOP03-DEL02-RJ"
503307;2023-02-05;"domingo";"12:40:00";"SC";101;150;"ITAPEMA";"Manobra de mudança de faixa";"Colisão lateral mesmo sentido";"Com Vítimas Feridas";"Pleno dia";"Decrescente";"Sol";"Múltipla";"Reta";"Sim";2;0;1;0;1;0;1;2;-27,11744799;-48,60940987;"SPRF-SC";"DEL04-SC";"UOP03-DEL04-SC"
503308;2023-02-05;"domingo";"12:00:00";"SC";101;149;"ITAPEMA";"Acessar a via sem observar a presença dos outros veículos";"Colisão traseira";"Com Vítimas Feridas";"Pleno dia";"Decrescente";"Sol";"Simples";"Viaduto";"Sim";2;0;1;0;1;0;1;2;-27,1089649;-48,61277586;"SPRF-SC";"DEL04-SC";"UOP03-DEL04-SC"
503309;2023-02-02;"quinta-feira";"13:28:00";"PB";101;82;"BAYEUX";"Reação tardia ou ineficiente do condutor";"Tombamento";"Com Vítimas Feridas";"Pleno dia";"Crescente";"Céu Claro";"Dupla";"Reta";"Sim";1;0;1;0;0;0;1;1;-7,12911;-34,93714;"SPRF-PB";"DEL01-PB";"UOP01-DEL01-PB"
503311;2023-02-05;"domingo";"13:44:00";"GO";50;270;"CATALAO";"Ingestão de álcool pelo condutor";"Saída de leito carroçável";"Sem Vítimas";"Pleno dia";"Decrescente";"Céu Claro";"Dupla";"Reta";"Não";1;0;0;0;1;0;0;1;-18,11363179;-47,89157152;"SPRF-GO";"DEL06-GO";"UOP01-DEL06-GO"
503313;2023-02-05;"domingo";"14:48:00";"TO";153;249;"COLINAS DO TOCANTINS";"Velocidade Incompatível";"Capotamento";"Com Vítimas Feridas";"Pleno dia";"Decrescente";"Chuva";"Dupla";"Reta";"Não";1;0;1;0;0;0;1;1;-8,070951037;-48,4669824387;"SPRF-TO";"DEL02-TO";"UOP02-DEL02-TO"
503315;2023-02-05;"domingo";"15:00:00";"ES";262;43,1;"MARECHAL FLORIANO";"Avarias e/ou desgaste excessivo no pneu";"Colisão frontal";"Com Vítimas Feridas";"Pleno dia";"Crescente";"Chuva";"Simples";"Curva;Declive";"Não";3;0;1;0;2;0;1;2;-20,38524458;-40,65385185;"SPRF-ES";"DEL01-ES";"UOP01-DEL01-ES"
503318;2023-02-05;"domingo";"15:50:00";"RN";101;118;"SAO JOSE DE MIPIBU";"Ingestão de álcool e/ou substâncias psicoativas pelo pedestre";"Colisão traseira";"Sem Vítimas";"Pleno dia";"Decrescente";"Céu Claro";"Dupla";"Retorno Regulamentado";"Não";2;0;0;0;2;0;0;2;-6,016059;-35,253475;"SPRF-RN";"DEL01-RN";"UOP01-DEL01-RN"
503319;2023-02-05;"domingo";"12:05:00";"GO";452;177;"ITUMBIARA";"Ingestão de álcool e/ou substâncias psicoativas pelo pedestre";"Queda de ocupante de veículo";"Com Vítimas Feridas";"Pleno dia";"Decrescente";"Nublado";"Simples";"Reta";"Não";1;0;0;1;0;0;1;1;-18,35924338;-49,3730033;"SPRF-GO";"DEL03-GO";"UOP02-DEL03-GO"
503321;2023-02-05;"domingo";"15:22:00";"RS";158;176,9;"PEJUCARA";"Transitar na contramão";"Colisão lateral sentido oposto";"Com Vítimas Feridas";"Pleno dia";"Decrescente";"Sol";"Simples";"Reta;Aclive";"Não";3;0;2;0;0;1;2;2;-28,48426711;-53,54937373;"SPRF-RS";"DEL10-RS";"UOP02-DEL10-RS"
503322;2023-02-05;"domingo";"15:30:00";"BA";116;433,1;"FEIRA DE SANTANA";"Ausência de reação do condutor";"Saída de leito carroçável";"Com Vítimas Feridas";"Pleno dia";"Decrescente";"Céu Claro";"Dupla";"Reta";"Não";2;0;2;0;0;0;2;1;-12,301988;-39,039972;"SPRF-BA";"DEL02-BA";"UOP01-DEL02-BA"
503324;2023-02-05;"domingo";"16:00:00";"MG";262;784;"UBERABA";"Condutor Dormindo";"Saída de leito carroçável";"Com Vítimas Feridas";"Pleno dia";"Crescente";"Céu Claro";"Simples";"Reta";"Não";4;0;3;0;1;0;3;1;-19,74457012;-47,76014328;"SPRF-MG";"DEL13-MG";"UOP01-DEL13-MG"
503325;2023-02-05;"domingo";"16:00:00";"BA";116;808,4;"VITORIA DA CONQUISTA";"Ultrapassagem Indevida";"Colisão frontal";"Com Vítimas Feridas";"Pleno dia";"Crescente";"Céu Claro";"Simples";"Reta";"Não";5;0;0;2;3;0;2;2;-14,7433918;-40,66503611;"SPRF-BA";"DEL08-BA";"UOP01-DEL08-BA"
503326;2023-02-05;"domingo";"16:05:00";"SC";101;60,8;"ARAQUARI";"Avarias e/ou desgaste excessivo no pneu";"Queda de ocupante de veículo";"Com Vítimas Feridas";"Pleno dia";"Decrescente";"Sol";"Múltipla";"Curva";"Sim";2;0;2;0;0;0;2;1;-26,45072823;-48,78570317;"SPRF-SC";"DEL03-SC";"UOP02-DEL03-SC"
503327;2023-02-05;"domingo";"16:00:00";"MG";40;576;"ITABIRITO";"Acessar a via sem observar a presença dos outros veículos";"Colisão transversal";"Com Vítimas Feridas";"Pleno dia";"Crescente";"Céu Claro";"Simples";"Reta";"Não";5;0;0;1;4;0;1;2;-20,25519179;-43,96137357;"SPRF-MG";"DEL01-MG";"UOP02-DEL01-MG"
503328;2023-02-05;"domingo";"04:00:00";"MT";163;1056;"GUARANTA DO NORTE";"Transitar na contramão";"Colisão frontal";"Com Vítimas Fatais";"Amanhecer";"Decrescente";"Céu Claro";"Simples";"Reta";"Não";3;1;1;0;0;1;1;3;-10,035676;-54,909965;"SPRF-MT";"DEL06-MT";"UOP03-DEL06-MT"
503329;2023-02-05;"domingo";"13:05:00";"RN";406;46;"JANDAIRA";"Ausência de reação do condutor";"Colisão com objeto";"Com Vítimas Feridas";"Pleno dia";"Crescente";"Garoa/Chuvisco";"Simples";"Reta";"Não";1;0;1;0;0;0;1;1;-5,29636511;-36,26075662;"SPRF-RN";"DEL02-RN";"UOP01-DEL02-RN"
503330;2023-02-05;"domingo";"15:45:00";"SC";101;168;"TIJUCAS";"Demais falhas mecânicas ou elétricas";"Tombamento";"Com Vítimas Feridas";"Pleno dia";"Decrescente";"Sol";"Dupla";"Reta";"Não";2;0;2;0;0;0;2;1;-27,279105;-48,631554;"SPRF-SC";"DEL04-SC";"UOP03-DEL04-SC"
503332;2023-02-05;"domingo";"16:45:00";"GO";153;516,1;"APARECIDA DE GOIANIA";"Ingestão de álcool pelo condutor";"Colisão lateral mesmo sentido";"Sem Vítimas";"Pleno dia";"Crescente";"Nublado";"Múltipla";"Reta";"Sim";2;0;0;0;2;0;0;2;-16,8390921;-49,24495426;"SPRF-GO";"DEL01-GO";"UOP03-DEL01-GO"
503333;2023-01-12;"quinta-feira";"12:00:00";"MG";40;176,5;"JOAO PINHEIRO";"Acumulo de água sobre o pavimento";"Saída de leito carroçável";"Com Vítimas Feridas";"Pleno dia";"Decrescente";"Chuva";"Simples";"Reta;Declive";"Não";3;0;2;1;0;0;3;1;-17,96024022;-46,01446609;"SPRF-MG";"DEL14-MG";"UOP02-DEL14-MG"
503334;2023-02-05;"domingo";"16:30:00";"MG";40;651,7;"CRISTIANO OTONI";"Ausência de reação do condutor";"Saída de leito carroçável";"Com Vítimas Feridas";"Pleno dia";"Decrescente";"Céu Claro";"Simples";"Curva";"Não";1;0;1;0;0;0;1;1;-20,83352974;-43,80472872;"SPRF-MG";"DEL05-MG";"UOP02-DEL05-MG"
503336;2023-02-05;"domingo";"17:00:00";"SC";282;22,3;"SANTO AMARO DA IMPERATRIZ";"Acessar a via sem observar a presença dos outros veículos";"Colisão transversal";"Com Vítimas Feridas";"Pleno dia";"Decrescente";"Céu Claro";"Simples";"Reta";"Sim";3;0;0;2;1;0;2;2;-27,688507;-48,72739;"SPRF-SC";"DEL01-SC";"UOP02-DEL01-SC"
503337;2023-02-05;"domingo";"17:10:00";"SP";116;122,5;"CACAPAVA";"Condutor deixou de manter distância do veículo da frente";"Colisão traseira";"Sem Vítimas";"Pleno dia";"Decrescente";"Nublado";"Dupla";"Declive;Reta";"Não";5;0;0;0;4;1;0;2;-23,08754228;-45,66969781;"SPRF-SP";"DEL02-SP";"UOP02-DEL02-SP"
503338;2023-02-05;"domingo";"17:00:00";"SE";101;199;"CRISTINAPOLIS";"Ultrapassagem Indevida";"Colisão lateral mesmo sentido";"Com Vítimas Feridas";"Pleno dia";"Crescente";"Céu Claro";"Simples";"Reta";"Sim";3;0;2;0;1;0;2;2;-11,48067309;-37,76331995;"SPRF-SE";"DEL02-SE";"UOP03-DEL02-SE"
503339;2023-02-05;"domingo";"17:07:00";"PR";476;157,9;"ARAUCARIA";"Reação tardia ou ineficiente do condutor";"Colisão traseira";"Com Vítimas Feridas";"Pleno dia";"Decrescente";"Céu Claro";"Simples";"Reta";"Sim";4;0;1;0;3;0;1;2;-25,60713772;-49,42145639;"SPRF-PR";"DEL01-PR";"UOP06-DEL01-PR"
503340;2023-02-05;"domingo";"17:15:00";"RS";392;96;"MORRO REDONDO";"Ausência de reação do condutor";"Saída de leito carroçável";"Com Vítimas Feridas";"Pleno dia";"Crescente";"Céu Claro";"Simples";"Aclive";"Não";2;0;2;0;0;0;2;1;-31,56036793;-52,54775386;"SPRF-RS";"DEL07-RS";"UOP01-DEL07-RS"
503341;2023-02-05;"domingo";"14:30:00";"PB";104;132;"QUEIMADAS";"Reação tardia ou ineficiente do condutor";"Queda de ocupante de veículo";"Com Vítimas Feridas";"Pleno dia";"Crescente";"Céu Claro";"Simples";"Reta";"Sim";2;0;1;1;0;0;2;1;-7,30787596;-35,89344027;"SPRF-PB";"DEL02-PB";"UOP03-DEL02-PB"
503342;2023-02-05;"domingo";"17:48:00";"GO";40;6,7;"VALPARAISO DE GOIAS";"Ingestão de álcool pelo condutor";"Atropelamento de Pedestre";"Com Vítimas Feridas";"Anoitecer";"Decrescente";"Céu Claro";"Simples";"Reta";"Sim";2;0;0;1;1;0;1;2;-16,100814;-47,977351;"SPRF-DF";"DEL01-DF";"UOP01-DEL01-DF"
503343;2023-02-05;"domingo";"17:00:00";"PB";230;159,4;"CAMPINA GRANDE";"Acessar a via sem observar a presença dos outros veículos";"Colisão transversal";"Com Vítimas Feridas";"Pleno dia";"Crescente";"Céu Claro";"Simples";"Interseção de Vias";"Sim";3;0;0;2;0;1;2;2;-7,252;-35,9334;"SPRF-PB";"DEL02-PB";"UOP01-DEL02-PB"
503345;2023-02-05;"domingo";"17:00:00";"RJ";40;113;"DUQUE DE CAXIAS";"Manobra de mudança de faixa";"Colisão traseira";"Com Vítimas Feridas";"Pleno dia";"Decrescente";"Chuva";"Múltipla";"Reta";"Sim";4;0;3;0;1;0;3;2;-22,70948502;-43,29040354;"SPRF-RJ";"DEL01-RJ";"UOP01-DEL01-RJ"
503347;2023-02-05;"domingo";"18:35:00";"GO";153;513;"APARECIDA DE GOIANIA";"Ingestão de álcool pelo condutor";"Colisão com objeto";"Com Vítimas Feridas";"Pleno dia";"Decrescente";"Céu Claro";"Dupla";"Reta";"Não";2;0;2;0;0;0;2;1;-16,8244;-49,2421;"SPRF-GO";"DEL01-GO";"UOP03-DEL01-GO"
503348;2023-02-05;"domingo";"18:44:00";"SP";381;71;"MAIRIPORA";"Ausência de reação do condutor";"Queda de ocupante de veículo";"Com Vítimas Feridas";"Anoitecer";"Crescente";"Céu Claro";"Dupla";"Curva";"Não";3;0;1;0;2;0;1;2;-23,35047979;-46,55267274;"SPRF-SP";"DEL03-SP";"UOP01-DEL03-SP"
503349;2023-02-05;"domingo";"14:30:00";"RJ";116;132;"MAGE";"Ausência de reação do condutor";"Saída de leito carroçável";"Com Vítimas Feridas";"Pleno dia";"Crescente";"Garoa/Chuvisco";"Dupla";"Reta";"Não";2;0;0;2;0;0;2;1;-22,65703272;-43,13458092;"SPRF-RJ";"DEL04-RJ";"UOP02-DEL04-RJ"
503351;2023-02-05;"domingo";"17:50:00";"PR";376;350,9;"ORTIGUEIRA";"Manobra de mudança de faixa";"Colisão lateral mesmo sentido";"Com Vítimas Feridas";"Pleno dia";"Decrescente";"Sol";"Dupla";"Reta";"Sim";3;0;1;0;2;0;1;2;-24,21255971;-50,94029367;"SPRF-PR";"DEL07-PR";"UOP02-DEL07-PR"
503352;2023-02-05;"domingo";"18:40:00";"ES";101;238;"FUNDAO";"Acessar a via sem observar a presença dos outros veículos";"Colisão transversal";"Com Vítimas Feridas";"Plena Noite";"Crescente";"Céu Claro";"Simples";"Reta";"Não";2;0;1;0;0;1;1;2;-20,00196;-40,41321;"SPRF-ES";"DEL02-ES";"UOP01-DEL02-ES"
503353;2023-02-05;"domingo";"18:16:00";"RN";226;6;"NATAL";"Velocidade Incompatível";"Colisão traseira";"Com Vítimas Feridas";"Plena Noite";"Crescente";"Céu Claro";"Simples";"Reta";"Não";6;0;0;1;5;0;1;2;-5,82099198;-35,27688801;"SPRF-RN";"DEL01-RN";"UOP02-DEL01-RN"
503354;2023-02-05;"domingo";"17:30:00";"SC";101;225;"PALHOCA";"Condutor deixou de manter distância do veículo da frente";"Colisão traseira";"Com Vítimas Feridas";"Pleno dia";"Decrescente";"Céu Claro";"Dupla";"Reta";"Não";2;0;1;0;1;0;1;2;-27,73292191;-48,6409567;"SPRF-SC";"DEL01-SC";"UOP02-DEL01-SC"
503357;2023-02-05;"domingo";"18:40:00";"RS";470;175;"VERANOPOLIS";"Reação tardia ou ineficiente do condutor";"Saída de leito carroçável";"Com Vítimas Feridas";"Pleno dia";"Decrescente";"Céu Claro";"Simples";"Curva";"Sim";2;0;2;0;0;0;2;1;-28,91926201;-51,53914905;"SPRF-RS";"DEL06-RS";"UOP02-DEL06-RS"
503358;2023-02-05;"domingo";"19:00:00";"SC";101;359;"SANGAO";"Ausência de reação do condutor";"Capotamento";"Com Vítimas Feridas";"Anoitecer";"Decrescente";"Céu Claro";"Simples";"Curva;Rotatória";"Não";2;0;1;1;0;0;2;1;-28,66040971;-49,11045313;"SPRF-SC";"DEL02-SC";"UOP01-DEL02-SC"
503360;2023-02-05;"domingo";"17:55:00";"RJ";101;55;"CAMPOS DOS GOYTACAZES";"Entrada inopinada do pedestre";"Atropelamento de Pedestre";"Com Vítimas Feridas";"Plena Noite";"Decrescente";"Nublado";"Simples";"Reta";"Sim";2;0;0;1;0;1;1;2;-21,67939364;-41,3107717;"SPRF-RJ";"DEL08-RJ";"UOP01-DEL08-RJ"
503361;2023-02-05;"domingo";"16:30:00";"RJ";40;93;"DUQUE DE CAXIAS";"Chuva";"Saída de leito carroçável";"Com Vítimas Feridas";"Pleno dia";"Decrescente";"Chuva";"Dupla";"Aclive;Curva";"Não";2;0;1;0;1;0;1;1;-22,5554282;-43,25829998;"SPRF-RJ";"DEL06-RJ";"UOP01-DEL06-RJ"
503362;2023-02-05;"domingo";"17:28:00";"RO";364;310;"PRESIDENTE MEDICI";"Condutor deixou de manter distância do veículo da frente";"Colisão traseira";"Com Vítimas Feridas";"Anoitecer";"Decrescente";"Chuva";"Simples";"Reta";"Sim";7;0;0;2;5;0;2;3;-11,154387;-61,90159;"SPRF-RO";"DEL02-RO";"UOP01-DEL02-RO"
503363;2023-02-05;"domingo";"19:35:00";"MG";262;362,5;"BETIM";"Condutor deixou de manter distância do veículo da frente";"Colisão traseira";"Com Vítimas Feridas";"Plena Noite";"Crescente";"Céu Claro";"Dupla";"Reta";"Sim";3;0;1;0;2;0;1;2;-19,98025969;-44,22672112;"SPRF-MG";"DEL01-MG";"UOP03-DEL01-MG"
503366;2023-02-05;"domingo";"19:55:00";"MG";365;6,9;"MONTES CLAROS";"Demais falhas mecânicas ou elétricas";"Incêndio";"Sem Vítimas";"Plena Noite";"Crescente";"Nublado";"Simples";"Reta;Aclive";"Não";1;0;0;0;1;0;0;1;-16,76417412;-43,88409886;"SPRF-MG";"DEL12-MG";"UOP01-DEL12-MG"
503367;2023-02-05;"domingo";"17:45:00";"MG";153;42,2;"CANAPOLIS";"Velocidade Incompatível";"Saída de leito carroçável";"Com Vítimas Feridas";"Pleno dia";"Crescente";"Nublado";"Dupla";"Curva;Aclive";"Não";2;0;2;0;0;0;2;1;-18,755473;-49,078254;"SPRF-MG";"DEL15-MG";"UOP03-DEL15-MG"
503368;2023-02-05;"domingo";"19:50:00";"RS";287;249;"SANTA MARIA";"Velocidade Incompatível";"Colisão com objeto";"Sem Vítimas";"Plena Noite";"Crescente";"Céu Claro";"Simples";"Em Obras;Viaduto";"Sim";2;0;0;0;2;0;0;1;-29,69400654;-53,86100019;"SPRF-RS";"DEL09-RS";"UOP01-DEL09-RS"
503369;2023-02-05;"domingo";"19:00:00";"RR";401;3;"CANTA";"Ausência de reação do condutor";"Colisão lateral mesmo sentido";"Com Vítimas Feridas";"Plena Noite";"Crescente";"Céu Claro";"Simples";"Reta";"Sim";2;0;1;1;0;0;2;1;2,79386178;-60,66665958;"SPRF-RR";"DEL01-RR";"UOP01-DEL01-RR"
503371;2023-02-05;"domingo";"20:15:00";"RJ";101;489;"ANGRA DOS REIS";"Condutor deixou de manter distância do veículo da frente";"Colisão traseira";"Sem Vítimas";"Plena Noite";"Decrescente";"Garoa/Chuvisco";"Simples";"Reta";"Sim";2;0;0;0;2;0;0;2;-22,95605138;-44,30404997;"SPRF-RJ";"DEL03-RJ";"UOP03-DEL03-RJ"
503372;2023-02-05;"domingo";"20:10:00";"SP";381;71;"MAIRIPORA";"Reação tardia ou ineficiente do condutor";"Colisão traseira";"Com Vítimas Feridas";"Plena Noite";"Crescente";"Garoa/Chuvisco";"Múltipla";"Reta";"Não";3;0;1;0;2;0;1;2;-23,35047979;-46,55267274;"SPRF-SP";"DEL03-SP";"UOP01-DEL03-SP"
503373;2023-02-05;"domingo";"20:30:00";"RJ";40;114;"DUQUE DE CAXIAS";"Condutor deixou de manter distância do veículo da frente";"Colisão transversal";"Com Vítimas Feridas";"Plena Noite";"Crescente";"Nublado";"Múltipla";"Reta";"Não";5;0;2;0;3;0;2;3;-22,71853604;-43,28993324;"SPRF-RJ";"DEL01-RJ";"UOP01-DEL01-RJ"
503374;2023-02-05;"domingo";"18:50:00";"AL";316;226;"ATALAIA";"Acessar a via sem observar a presença dos outros veículos";"Colisão traseira";"Sem Vítimas";"Plena Noite";"Decrescente";"Chuva";"Simples";"Reta";"Não";2;0;0;0;1;1;0;2;-9,48398693;-36,15120494;"SPRF-AL";"DEL01-AL";"UOP01-DEL01-AL"
503375;2023-02-05;"domingo";"19:40:00";"RJ";116;129;"MAGE";"Ausência de reação do condutor";"Queda de ocupante de veículo";"Com Vítimas Feridas";"Plena Noite";"Crescente";"Céu Claro";"Dupla";"Reta";"Sim";1;0;1;0;0;0;1;1;-22,66471224;-43,11056004;"SPRF-RJ";"DEL04-RJ";"UOP02-DEL04-RJ"
503378;2023-02-05;"domingo";"20:10:00";"PE";104;30;"TORITAMA";"Acessar a via sem observar a presença dos outros veículos";"Colisão transversal";"Com Vítimas Feridas";"Plena Noite";"Decrescente";"Céu Claro";"Simples";"Reta";"Não";3;0;2;0;1;0;2;2;-8,0137;-36,0565;"SPRF-PE";"DEL02-PE";"UOP01-DEL02-PE"