"id";"data_inversa";"dia_semana";"horario";"uf";"br";"km";"municipio";"causa_acidente";"tipo_acidente";"classificacao_acidente";"fase_dia";"sentido_via";"condicao_metereologica";"tipo_pista";"tracado_via";"uso_solo";"pessoas";"mortos";"feridos_leves";"feridos_graves";"ilesos";"ignorados";"feridos";"veiculos";"latitude";"longitude";"regional";"delegacia";"uop"
503379;2023-02-05;"domingo";"03:30:00";"BA";407;13;"JUAZEIRO";"Condutor Dormindo";"Colisão lateral sentido oposto";"Com Vítimas Feridas";"Plena Noite";"Crescente";"Céu Claro";"Simples";"Reta";"Sim";2;0;0;1;1;0;1;2;-9,51262117;-40,45959135;"SPRF-BA";"DEL04-BA";"UOP01-DEL04-BA"
503380;2023-02-05;"domingo";"19:30:00";"BA";116;810;"VITORIA DA CONQUISTA";"Ingestão de álcool ou de substâncias psicoativas pelo pedestre";"Atropelamento de Pedestre";"Com Vítimas Feridas";"Plena Noite";"Crescente";"Céu Claro";"Simples";"Reta";"Não";2;0;2;0;0;0;2;2;-14,75189084;-40,68129309;"SPRF-BA";"DEL08-BA";"UOP01-DEL08-BA"
503381;2023-02-05;"domingo";"19:00:00";"CE";20;287,2;"CANINDE";"Animais na Pista";"Atropelamento de Animal";"Com Vítimas Feridas";"Plena Noite";"Crescente";"Nublado";"Simples";"Reta;Declive";"Não";2;0;2;0;0;0;2;1;-4,51986396;-39,36613986;"SPRF-CE";"DEL02-CE";"UOP01-DEL02-CE"
503382;2023-02-05;"domingo";"21:10:00";"ES";101;148,3;"LINHARES";"Ingestão de álcool ou de substâncias psicoativas pelo pedestre";"Atropelamento de Pedestre";"Com Vítimas Feridas";"Plena Noite";"Decrescente";"Céu Claro";"Dupla";"Curva";"Sim";2;0;0;2;0;0;2;2;-19,38787399;-40,06752766;"SPRF-ES";"DEL04-ES";"UOP01-DEL04-ES"
503383;2023-02-05;"domingo";"18:30:00";"BA";367;24;"PORTO SEGURO";"Acessar a via sem observar a presença dos outros veículos";"Queda de ocupante de veículo";"Com Vítimas Feridas";"Plena Noite";"Decrescente";"Céu Claro";"Simples";"Curva";"Sim";2;0;1;1;0;0;2;2;-16,43763962;-39,0813791;"SPRF-BA";"DEL09-BA";"UOP03-DEL09-BA"
503384;2023-02-05;"domingo";"17:40:00";"SC";282;602;"CUNHA PORA";"Acessar a via sem observar a presença dos outros veículos";"Colisão transversal";"Com Vítimas Feridas";"Pleno dia";"Crescente";"Sol";"Simples";"Interseção de Vias";"Não";4;0;1;0;3;0;1;2;-26,80541837;-53,18133831;"SPRF-SC";"DEL07-SC";"UOP02-DEL07-SC"
503385;2023-02-05;"domingo";"18:30:00";"SC";101;75;"ARAQUARI";"Reação tardia ou ineficiente do condutor";"Colisão traseira";"Sem Vítimas";"Plena Noite";"Decrescente";"Céu Claro";"Dupla";"Reta";"Não";2;0;0;0;2;0;0;2;-26,5519717;-48,71688324;"SPRF-SC";"DEL03-SC";"UOP02-DEL03-SC"
503388;2023-02-05;"domingo";"19:30:00";"MT";163;755;"SORRISO";"Pista esburacada";"Colisão com objeto";"Sem Vítimas";"Plena Noite";"Decrescente";"Céu Claro";"Dupla";"Curva;Declive";"Sim";1;0;0;0;1;0;0;1;-12,63198432;-55,77543862;"SPRF-MT";"DEL06-MT";"UOP01-DEL06-MT"
503389;2023-02-05;"domingo";"21:00:00";"PE";232;409;"SERRA TALHADA";"Condutor deixou de manter distância do veículo da frente";"Colisão traseira";"Com Vítimas Feridas";"Plena Noite";"Crescente";"Céu Claro";"Simples";"Ponte;Reta";"Sim";3;0;2;1;0;0;3;2;-7,981944;-38,289467;"SPRF-PE";"DEL04-PE";"UOP01-DEL04-PE"
503390;2023-02-05;"domingo";"20:59:00";"SC";101;321;"PESCARIA BRAVA";"Ausência de reação do condutor";"Colisão com objeto";"Sem Vítimas";"Plena Noite";"Crescente";"Céu Claro";"Dupla";"Reta";"Sim";2;0;0;0;0;2;0;2;-28,42532339;-48,8919091;"SPRF-SC";"DEL02-SC";"UOP01-DEL02-SC"
503392;2023-01-22;"domingo";"18:00:00";"AM";319;17;"CAREIRO DA VARZEA";"Reação tardia ou ineficiente do condutor";"Colisão com objeto";"Com Vítimas Feridas";"Plena Noite";"Crescente";"Nublado";"Simples";"Curva";"Não";1;0;1;0;0;0;1;1;-3,22496394;-59,86618579;"SPRF-AM";"DEL01-AM";"UOP04-DEL01-AM"
503393;2023-02-05;"domingo";"20:27:00";"PR";153;108;"IBAITI";"Pedestre cruzava a pista fora da faixa";"Atropelamento de Pedestre";"Com Vítimas Feridas";"Plena Noite";"Crescente";"Céu Claro";"Simples";"Reta";"Sim";2;0;1;0;1;0;1;2;-23,838009;-50,19312;"SPRF-PR";"DEL07-PR";"UOP04-DEL07-PR"
503394;2023-02-05;"domingo";"20:10:00";"RR";174;484;"BOA VISTA";"Condutor deixou de manter distância do veículo da frente";"Colisão traseira";"Com Vítimas Feridas";"Plena Noite";"Crescente";"Céu Claro";"Simples";"Reta";"Não";1;0;0;1;0;0;1;1;2,72078;-60,823662;"SPRF-RR";"DEL01-RR";"UOP01-DEL01-RR"
503395;2023-02-05;"domingo";"22:10:00";"RJ";356;167;"SAO JOAO DA BARRA";"Ingestão de álcool pelo condutor";"Colisão traseira";"Com Vítimas Feridas";"Plena Noite";"Decrescente";"Céu Claro";"Simples";"Reta";"Não";2;0;1;0;1;0;1;2;-21,71855602;-41,10127604;"SPRF-RJ";"DEL08-RJ";"UOP02-DEL08-RJ"
503398;2023-02-05;"domingo";"22:10:00";"SC";470;77,4;"RODEIO";"Ausência de reação do condutor";"Saída de leito carroçável";"Sem Vítimas";"Plena Noite";"Decrescente";"Céu Claro";"Simples";"Curva";"Não";1;0;0;0;1;0;0;1;-26,94919605;-49,2976284;"SPRF-SC";"DEL04-SC";"UOP01-DEL04-SC"
503399;2023-02-05;"domingo";"21:00:00";"GO";20;210,6;"POSSE";"Ingestão de álcool pelo condutor";"Colisão lateral sentido oposto";"Com Vítimas Feridas";"Plena Noite";"Crescente";"Céu Claro";"Simples";"Reta";"Não";4;0;1;0;3;0;1;3;-14,268924;-46,380203;"SPRF-DF";"DEL02-DF";"UOP03-DEL02-DF"
503400;2023-02-05;"domingo";"18:15:00";"BA";101;195;"CONCEICAO DA FEIRA";"Demais falhas mecânicas ou elétricas";"Incêndio";"Sem Vítimas";"Anoitecer";"Decrescente";"Céu Claro";"Simples";"Reta";"Não";1;0;0;0;1;0;0;1;-12,59711407;-39,02915403;"SPRF-BA";"DEL01-BA";"UOP03-DEL01-BA"
503402;2023-02-05;"domingo";"22:20:00";"RJ";101;415;"MANGARATIBA";"Iluminação deficiente";"Tombamento";"Com Vítimas Feridas";"Plena Noite";"Crescente";"Nublado";"Dupla";"Reta";"Não";1;0;1;0;0;0;1;1;-22,90433243;-43,88181398;"SPRF-RJ";"DEL03-RJ";"UOP01-DEL03-RJ"
503403;2023-02-05;"domingo";"23:10:00";"RS";470;160;"NOVA PRATA";"Ingestão de álcool pelo condutor";"Saída de leito carroçável";"Sem Vítimas";"Plena Noite";"Decrescente";"Céu Claro";"Simples";"Aclive;Reta";"Sim";1;0;0;0;1;0;0;1;-28,81066741;-51,60061401;"SPRF-RS";"DEL06-RS";"UOP02-DEL06-RS"
503404;2023-02-05;"domingo";"20:30:00";"RN";405;75;"APODI";"Ausência de reação do condutor";"Colisão traseira";"Com Vítimas Feridas";"Plena Noite";"Crescente";"Céu Claro";"Dupla";"Reta";"Sim";3;0;1;1;0;1;2;2;-5,6430151;-37,79996162;"SPRF-RN";"DEL04-RN";"UOP02-DEL04-RN"
503405;2023-02-05;"domingo";"19:30:00";"BA";30;341,1;"MALHADA DE PEDRAS";"Ausência de reação do condutor";"Colisão traseira";"Com Vítimas Fatais";"Plena Noite";"Crescente";"Céu Claro";"Simples";"Reta";"Não";2;1;0;0;0;1;0;2;-14,23512364;-41,89484387;"SPRF-BA";"DEL08-BA";"UOP01-DEL08-BA"
503406;2023-02-05;"domingo";"23:05:00";"MG";262;49,8;"MANHUACU";"Transitar na contramão";"Colisão frontal";"Com Vítimas Feridas";"Plena Noite";"Crescente";"Céu Claro";"Simples";"Curva";"Não";6;0;3;1;2;0;4;2;-20,24782001;-42,12958192;"SPRF-MG";"DEL06-MG";"UOP03-DEL06-MG"
503407;2023-02-05;"domingo";"22:05:00";"CE";116;232;"ALTO SANTO";"Animais na Pista";"Saída de leito carroçável";"Sem Vítimas";"Plena Noite";"Crescente";"Céu Claro";"Simples";"Reta";"Não";1;0;0;0;1;0;0;1;-5,41109825;-38,26314994;"SPRF-CE";"DEL03-CE";"UOP01-DEL03-CE"
503408;2023-02-05;"domingo";"23:15:00";"CE";116;5;"FORTALEZA";"Reação tardia ou ineficiente do condutor";"Colisão com objeto";"Com Vítimas Feridas";"Plena Noite";"Decrescente";"Céu Claro";"Dupla";"Reta";"Sim";3;0;1;0;1;1;1;2;-3,79467116;-38,50772734;"SPRF-CE";"DEL01-CE";"UOP02-DEL01-CE"
503409;2023-02-05;"domingo";"23:30:00";"PE";316;85;"OURICURI";"Animais na Pista";"Atropelamento de Animal";"Com Vítimas Feridas";"Plena Noite";"Decrescente";"Céu Claro";"Dupla";"Reta";"Não";1;0;0;1;0;0;1;1;-7,88417113;-40,0701651;"SPRF-PE";"DEL05-PE";"UOP02-DEL05-PE"
503410;2023-02-05;"domingo";"22:15:00";"MG";365;11,4;"MONTES CLAROS";"Ingestão de álcool pelo condutor";"Colisão frontal";"Sem Vítimas";"Plena Noite";"Crescente";"Ignorado";"Simples";"Declive;Curva";"Não";2;0;0;0;1;1;0;2;-16,833585;-43,948603;"SPRF-MG";"DEL12-MG";"UOP01-DEL12-MG"
503411;2023-02-05;"domingo";"22:30:00";"MG";116;180,2;"CARAI";"Ausência de reação do condutor";"Capotamento";"Com Vítimas Feridas";"Plena Noite";"Decrescente";"Nublado";"Simples";"Reta";"Não";1;0;1;0;0;0;1;1;-17,08489136;-41,48608495;"SPRF-MG";"DEL11-MG";"UOP01-DEL11-MG"
503412;2023-02-05;"domingo";"23:30:00";"BA";324;550;"AMELIA RODRIGUES";"Ausência de reação do condutor";"Saída de leito carroçável";"Com Vítimas Feridas";"Plena Noite";"Decrescente";"Céu Claro";"Dupla";"Reta";"Não";1;0;1;0;0;0;1;1;-12,43832718;-38,72506515;"SPRF-BA";"DEL01-BA";"UOP03-DEL01-BA"
503413;2023-02-05;"domingo";"22:20:00";"MT";163;694;"LUCAS DO RIO VERDE";"Acumulo de água sobre o pavimento";"Tombamento";"Com Vítimas Feridas";"Plena Noite";"Decrescente";"Chuva";"Simples";"Reta";"Não";2;0;2;0;0;0;2;1;-13,12620914;-55,96026168;"SPRF-MT";"DEL06-MT";"UOP01-DEL06-MT"
503414;2023-02-05;"domingo";"17:50:00";"BA";324;616;"SALVADOR";"Ausência de reação do condutor";"Tombamento";"Com Vítimas Feridas";"Anoitecer";"Decrescente";"Céu Claro";"Dupla";"Retorno Regulamentado;Curva;Declive";"Sim";1;0;1;0;0;0;1;1;-12,87957905;-38,43213893;"SPRF-BA";"DEL01-BA";"UOP01-DEL01-BA"
503415;2023-02-06;"segunda-feira";"00:06:00";"SP";381;80;"SAO PAULO";"Demais falhas mecânicas ou elétricas";"Incêndio";"Sem Vítimas";"Plena Noite";"Crescente";"Chuva";"Dupla";"Reta";"Não";1;0;0;0;1;0;0;1;-23,40889686;-46,58095945;"SPRF-SP";"DEL03-SP";"UOP01-DEL03-SP"
503417;2023-02-06;"segunda-feira";"00:40:00";"RJ";101;445;"MANGARATIBA";"Reação tardia ou ineficiente do condutor";"Saída de leito carroçável";"Com Vítimas Feridas";"Plena Noite";"Crescente";"Nublado";"Simples";"Curva";"Não";1;0;1;0;0;0;1;1;-22,99332083;-44,09244699;"SPRF-RJ";"DEL03-RJ";"UOP02-DEL03-RJ"
503419;2023-02-06;"segunda-feira";"01:50:00";"PR";376;528,3;"PONTA GROSSA";"Ingestão de álcool pelo condutor";"Colisão traseira";"Com Vítimas Feridas";"Plena Noite";"Decrescente";"Ignorado";"Dupla";"Reta";"Não";3;0;2;0;1;0;2;2;-25,28540208;-49,90785241;"SPRF-PR";"DEL03-PR";"UOP04-DEL03-PR"
503420;2023-02-06;"segunda-feira";"01:00:00";"PB";230;379;"CONDADO";"Animais na Pista";"Atropelamento de Animal";"Sem Vítimas";"Plena Noite";"Decrescente";"Céu Claro";"Simples";"Ponte;Reta";"Não";1;0;0;0;1;0;0;1;-6,9088;-37,5918;"SPRF-PB";"DEL03-PB";"UOP02-DEL03-PB"
503422;2023-02-06;"segunda-feira";"04:31:00";"TO";153;145;"ARAGUAINA";"Animais na Pista";"Atropelamento de Animal";"Com Vítimas Feridas";"Plena Noite";"Crescente";"Nublado";"Simples";"Reta";"Sim";2;0;2;0;0;0;2;1;-7,20503614;-48,24035166;"SPRF-TO";"DEL02-TO";"UOP01-DEL02-TO"
503424;2023-02-06;"segunda-feira";"02:00:00";"GO";153;424,8;"ANAPOLIS";"Ingestão de álcool pelo condutor";"Colisão com objeto";"Com Vítimas Feridas";"Plena Noite";"Decrescente";"Nublado";"Simples";"Reta";"Não";1;0;0;1;0;0;1;1;-16,213171;-49,0173;"SPRF-GO";"DEL02-GO";"UOP01-DEL02-GO"
503426;2023-02-06;"segunda-feira";"04:00:00";"SP";488;4,1;"APARECIDA";"Velocidade Incompatível";"Capotamento";"Com Vítimas Feridas";"Amanhecer";"Crescente";"Céu Claro";"Dupla";"Curva";"Sim";2;0;1;0;0;1;1;1;-22,85861129;-45,25153112;"SPRF-SP";"DEL08-SP";"UOP01-DEL08-SP"
503427;2023-02-05;"domingo";"21:03:00";"BA";116;413;"FEIRA DE SANTANA";"Animais na Pista";"Atropelamento de Animal";"Com Vítimas Feridas";"Plena Noite";"Crescente";"Céu Claro";"Dupla";"Curva;Declive";"Não";1;0;1;0;0;0;1;1;-12,14246805;-38,96658117;"SPRF-BA";"DEL02-BA";"UOP01-DEL02-BA"
503428;2023-01-13;"sexta-feira";"19:37:00";"ES";101;262;"SERRA";"Reação tardia ou ineficiente do condutor";"Colisão transversal";"Com Vítimas Feridas";"Plena Noite";"Decrescente";"Nublado";"Múltipla";"Reta";"Sim";2;0;0;1;0;1;1;2;-20,1572331;-40,27678329;"SPRF-ES";"DEL02-ES";"UOP01-DEL02-ES"
503430;2023-02-06;"segunda-feira";"05:30:00";"MS";267;396;"MARACAJU";"Reação tardia ou ineficiente do condutor";"Colisão com objeto";"Com Vítimas Feridas";"Pleno dia";"Decrescente";"Céu Claro";"Dupla";"Rotatória";"Não";1;0;0;1;0;0;1;1;-21,618866;-55,436947;"SPRF-MS";"DEL05-MS";"UOP01-DEL05-MS"
503431;2023-02-06;"segunda-feira";"06:50:00";"SC";101;207,4;"SAO JOSE";"Condutor deixou de manter distância do veículo da frente";"Colisão traseira";"Com Vítimas Feridas";"Pleno dia";"Decrescente";"Céu Claro";"Múltipla";"Reta";"Não";3;0;1;0;2;0;1;3;-27,60001226;-48,6226467;"SPRF-SC";"DEL01-SC";"UOP01-DEL01-SC"
503433;2023-02-05;"domingo";"22:00:00";"BA";367;27,5;"PORTO SEGURO";"Ingestão de álcool pelo condutor";"Colisão frontal";"Com Vítimas Fatais";"Plena Noite";"Crescente";"Céu Claro";"Simples";"Curva";"Sim";5;1;2;2;0;0;4;2;-16,4238769;-39,10203391;"SPRF-BA";"DEL09-BA";"UOP03-DEL09-BA"
503434;2023-02-05;"domingo";"23:00:00";"MG";116;406;"GOVERNADOR VALADARES";"Transitar na contramão";"Colisão frontal";"Com Vítimas Feridas";"Pleno dia";"Crescente";"Céu Claro";"Simples";"Reta";"Sim";4;0;1;0;3;0;1;2;-18,81853329;-41,98467936;"SPRF-MG";"DEL06-MG";"UOP01-DEL06-MG"
503435;2023-02-06;"segunda-feira";"06:00:00";"CE";20;308,5;"CANINDE";"Ingestão de álcool pelo condutor";"Colisão com objeto";"Com Vítimas Feridas";"Pleno dia";"Crescente";"Céu Claro";"Simples";"Reta";"Sim";2;0;2;0;0;0;2;1;-4,34943993;-39,29934009;"SPRF-CE";"DEL02-CE";"UOP01-DEL02-CE"
503436;2023-02-06;"segunda-feira";"06:30:00";"SP";381;22;"BRAGANCA PAULISTA";"Avarias e/ou desgaste excessivo no pneu";"Queda de ocupante de veículo";"Com Vítimas Feridas";"Pleno dia";"Crescente";"Garoa/Chuvisco";"Simples";"Retorno Regulamentado";"Não";1;0;1;0;0;0;1;1;-22,99697186;-46,5163051;"SPRF-SP";"DEL03-SP";"UOP02-DEL03-SP"
503437;2023-02-06;"segunda-feira";"06:24:00";"RJ";116;186;"NOVA IGUACU";"Reação tardia ou ineficiente do condutor";"Colisão lateral mesmo sentido";"Com Vítimas Feridas";"Pleno dia";"Decrescente";"Céu Claro";"Múltipla";"Reta";"Sim";3;0;2;0;1;0;2;2;-22,73962339;-43,46276495;"SPRF-RJ";"DEL01-RJ";"UOP02-DEL01-RJ"
503441;2023-02-06;"segunda-feira";"05:40:00";"PR";376;502,5;"PONTA GROSSA";"Manobra de mudança de faixa";"Tombamento";"Com Vítimas Feridas";"Amanhecer";"Crescente";"Céu Claro";"Simples";"Reta";"Não";1;0;0;1;0;0;1;1;-25,21604594;-50,05797693;"SPRF-PR";"DEL03-PR";"UOP04-DEL03-PR"
503442;2023-02-06;"segunda-feira";"05:30:00";"SC";101;202;"SAO JOSE";"Condutor deixou de manter distância do veículo da frente";"Queda de ocupante de veículo";"Com Vítimas Feridas";"Amanhecer";"Crescente";"Céu Claro";"Dupla";"Reta";"Não";2;0;1;0;1;0;1;2;-27,55711595;-48,61897889;"SPRF-SC";"DEL01-SC";"UOP01-DEL01-SC"
503443;2023-02-06;"segunda-feira";"03:15:00";"RS";290;184,5;"MINAS DO LEAO";"Ausência de reação do condutor";"Saída de leito carroçável";"Com Vítimas Feridas";"Plena Noite";"Crescente";"Céu Claro";"Simples";"Reta";"Não";5;0;5;0;0;0;5;1;-30,14566;-52,053452;"SPRF-RS";"DEL02-RS";"UOP03-DEL02-RS"
503444;2023-02-06;"segunda-feira";"07:30:00";"MG";262;485,3;"BETIM";"Ausência de reação do condutor";"Colisão traseira";"Com Vítimas Feridas";"Pleno dia";"Crescente";"Céu Claro";"Múltipla";"Aclive;Reta";"Sim";2;0;1;0;1;0;1;2;-19,9551928;-44,0989469;"SPRF-MG";"DEL08-MG";"UOP03-DEL08-MG"
503446;2023-02-06;"segunda-feira";"07:10:00";"PB";101;82;"BAYEUX";"Reação tardia ou ineficiente do condutor";"Colisão traseira";"Com Vítimas Feridas";"Pleno dia";"Crescente";"Nublado";"Dupla";"Reta;Viaduto";"Sim";3;0;2;0;1;0;2;2;-7,131425;-34,932652;"SPRF-PB";"DEL01-PB";"UOP01-DEL01-PB"
503447;2023-02-06;"segunda-feira";"07:50:00";"RS";290;88;"PORTO ALEGRE";"Trafegar com motocicleta (ou similar) entre as faixas";"Colisão lateral mesmo sentido";"Com Vítimas Feridas";"Pleno dia";"Crescente";"Céu Claro";"Múltipla";"Reta";"Não";3;0;1;0;2;0;1;3;-29,967531;-51,137264;"SPRF-RS";"DEL01-RS";"UOP01-DEL01-RS"
503449;2023-02-06;"segunda-feira";"07:50:00";"CE";116;21,7;"EUSEBIO";"Velocidade Incompatível";"Colisão com objeto";"Com Vítimas Feridas";"Pleno dia";"Crescente";"Céu Claro";"Dupla";"Reta";"Não";1;0;0;1;0;0;1;1;-3,93175901;-38,50825087;"SPRF-CE";"DEL01-CE";"UOP02-DEL01-CE"
503450;2023-02-06;"segunda-feira";"08:12:00";"RJ";116;185;"NOVA IGUACU";"Reação tardia ou ineficiente do condutor";"Colisão lateral mesmo sentido";"Com Vítimas Feridas";"Pleno dia";"Decrescente";"Céu Claro";"Dupla";"Reta";"Sim";3;0;1;0;2;0;1;3;-22,74151051;-43,45351823;"SPRF-RJ";"DEL01-RJ";"UOP02-DEL01-RJ"
503452;2023-02-06;"segunda-feira";"07:25:00";"RN";101;41;"MAXARANGUAPE";"Acessar a via sem observar a presença dos outros veículos";"Colisão transversal";"Com Vítimas Feridas";"Pleno dia";"Decrescente";"Céu Claro";"Simples";"Interseção de Vias;Reta";"Não";2;0;0;1;1;0;1;2;-5,45836718;-35,33640862;"SPRF-RN";"DEL02-RN";"UOP01-DEL02-RN"
503455;2023-02-06;"segunda-feira";"08:10:00";"PB";230;140,7;"CAMPINA GRANDE";"Desrespeitar a preferência no cruzamento";"Colisão transversal";"Com Vítimas Feridas";"Pleno dia";"Decrescente";"Nublado";"Dupla";"Retorno Regulamentado";"Sim";2;0;1;0;1;0;1;2;-7,268;-35,7991;"SPRF-PB";"DEL02-PB";"UOP01-DEL02-PB"
503456;2023-02-06;"segunda-feira";"08:00:00";"RS";116;264;"CANOAS";"Condutor deixou de manter distância do veículo da frente";"Colisão traseira";"Sem Vítimas";"Pleno dia";"Decrescente";"Céu Claro";"Dupla";"Reta";"Sim";3;0;0;0;2;1;0;3;-29,91483428;-51,17755651;"SPRF-RS";"DEL01-RS";"UOP01-DEL01-RS"
503457;2023-02-06;"segunda-feira";"08:20:00";"CE";116;3;"FORTALEZA";"Condutor deixou de manter distância do veículo da frente";"Tombamento";"Com Vítimas Feridas";"Pleno dia";"Decrescente";"Céu Claro";"Múltipla";"Reta";"Sim";1;0;1;0;0;0;1;1;-3,77866493;-38,51490171;"SPRF-CE";"DEL01-CE";"UOP02-DEL01-CE"
503462;2023-02-06;"segunda-feira";"07:00:00";"MA";10;299,1;"SAO FRANCISCO DO BREJAO";"Acessar a via sem observar a presença dos outros veículos";"Colisão transversal";"Sem Vítimas";"Pleno dia";"Decrescente";"Céu Claro";"Simples";"Interseção de Vias;Reta";"Sim";2;0;0;0;1;1;0;2;-5,122542;-47,547592;"SPRF-MA";"DEL04-MA";"UOP03-DEL04-MA"
503464;2023-02-06;"segunda-feira";"08:40:00";"BA";116;415;"FEIRA DE SANTANA";"Acumulo de areia ou detritos sobre o pavimento";"Queda de ocupante de veículo";"Com Vítimas Feridas";"Pleno dia";"Crescente";"Céu Claro";"Dupla";"Reta";"Sim";1;0;1;0;0;0;1;1;-12,159639;-38,9648641;"SPRF-BA";"DEL02-BA";"UOP01-DEL02-BA"
503467;2023-02-06;"segunda-feira";"01:50:00";"MA";135;267;"CAPINZAL DO NORTE";"Acessar a via sem observar a presença dos outros veículos";"Colisão traseira";"Com Vítimas Feridas";"Amanhecer";"Crescente";"Céu Claro";"Simples";"Reta";"Sim";2;0;0;1;1;0;1;2;-4,71941091;-44,33226624;"SPRF-MA";"DEL03-MA";"UOP01-DEL03-MA"
503469;2023-02-06;"segunda-feira";"08:30:00";"SP";116;275;"EMBU DAS ARTES";"Reação tardia ou ineficiente do condutor";"Colisão traseira";"Com Vítimas Feridas";"Pleno dia";"Decrescente";"Sol";"Dupla";"Reta";"Sim";2;0;1;0;1;0;1;2;-23,63638826;-46,83251584;"SPRF-SP";"DEL04-SP";"UOP01-DEL04-SP"
503470;2023-02-06;"segunda-feira";"09:40:00";"SC";101;134;"BALNEARIO CAMBORIU";"Ausência de reação do condutor";"Colisão traseira";"Com Vítimas Feridas";"Pleno dia";"Decrescente";"Céu Claro";"Dupla";"Interseção de Vias";"Sim";2;0;1;0;1;0;1;2;-27,00218;-48,636433;"SPRF-SC";"DEL04-SC";"UOP03-DEL04-SC"
503471;2023-02-06;"segunda-feira";"08:00:00";"MG";153;24;"CENTRALINA";"Pista esburacada";"Saída de leito carroçável";"Com Vítimas Feridas";"Pleno dia";"Decrescente";"Céu Claro";"Dupla";"Curva;Declive";"Não";4;0;3;0;1;0;3;1;-18,63126816;-49,18366828;"SPRF-MG";"DEL15-MG";"UOP03-DEL15-MG"
503472;2023-02-06;"segunda-feira";"08:45:00";"MT";70;595;"NOSSA SENHORA DO LIVRAMENTO";"Conversão proibida";"Colisão lateral mesmo sentido";"Com Vítimas Feridas";"Pleno dia";"Crescente";"Céu Claro";"Simples";"Reta";"Não";3;0;3;0;0;0;3;2;-15,7988646891;-56,6898353245;"SPRF-MT";"DEL03-MT";"UOP02-DEL03-MT"
503473;2023-02-06;"segunda-feira";"09:15:00";"MG";40;596,7;"OURO PRETO";"Condutor Dormindo";"Saída de leito carroçável";"Com Vítimas Feridas";"Pleno dia";"Crescente";"Sol";"Simples";"Declive;Reta";"Não";1;0;1;0;0;0;1;1;-20,42039404;-43,88202494;"SPRF-MG";"DEL05-MG";"UOP02-DEL05-MG"
503477;2023-02-06;"segunda-feira";"10:00:00";"RS";290;86,6;"PORTO ALEGRE";"Trafegar com motocicleta (ou similar) entre as faixas";"Colisão lateral mesmo sentido";"Com Vítimas Feridas";"Pleno dia";"Crescente";"Céu Claro";"Dupla";"Reta";"Não";2;0;1;0;1;0;1;2;-29,96779;-51,122802;"SPRF-RS";"DEL01-RS";"UOP01-DEL01-RS"
503478;2023-02-06;"segunda-feira";"10:10:00";"PR";277;730;"FOZ DO IGUACU";"Condutor deixou de manter distância do veículo da frente";"Colisão traseira";"Com Vítimas Feridas";"Pleno dia";"Decrescente";"Céu Claro";"Dupla";"Curva";"Não";3;0;1;0;2;0;1;2;-25,50826305;-54,59238593;"SPRF-PR";"DEL05-PR";"UOP03-DEL05-PR"
503480;2023-02-06;"segunda-feira";"10:16:00";"CE";20;207;"BOA VIAGEM";"Demais falhas mecânicas ou elétricas";"Capotamento";"Com Vítimas Feridas";"Pleno dia";"Decrescente";"Nublado";"Simples";"Reta;Declive";"Não";1;0;0;1;0;0;1;1;-5,10172399;-39,71503303;"SPRF-CE";"DEL02-CE";"UOP02-DEL02-CE"
503482;2023-02-06;"segunda-feira";"10:50:00";"ES";101;25;"CONCEICAO DA BARRA";"Acessar a via sem observar a presença dos outros veículos";"Colisão lateral mesmo sentido";"Com Vítimas Feridas";"Pleno dia";"Decrescente";"Céu Claro";"Simples";"Reta";"Não";5;0;1;0;4;0;1;2;-18,36739611;-39,95084729;"SPRF-ES";"DEL04-ES";"UOP02-DEL04-ES"
503484;2023-02-06;"segunda-feira";"09:29:00";"SC";280;23,4;"ARAQUARI";"Velocidade Incompatível";"Engavetamento";"Com Vítimas Feridas";"Pleno dia";"Crescente";"Sol";"Simples";"Reta";"Sim";4;0;1;0;3;0;1;3;-26,37146;-48,711887;"SPRF-SC";"DEL03-SC";"UOP03-DEL03-SC"
503485;2023-02-06;"segunda-feira";"10:30:00";"GO";20;151,7;"ALVORADA DO NORTE";"Velocidade Incompatível";"Saída de leito carroçável";"Sem Vítimas";"Pleno dia";"Crescente";"Nublado";"Simples";"Reta";"Não";1;0;0;0;0;1;0;1;-14,689062;-46,647823;"SPRF-DF";"DEL02-DF";"UOP03-DEL02-DF"
503486;2023-02-06;"segunda-feira";"07:50:00";"SC";470;69,6;"INDAIAL";"Ausência de reação do condutor";"Colisão traseira";"Com Vítimas Feridas";"Pleno dia";"Decrescente";"Sol";"Simples";"Reta";"Não";3;0;1;0;2;0;1;3;-26,883745;-49,246704;"SPRF-SC";"DEL04-SC";"UOP01-DEL04-SC"
503487;2023-02-06;"segunda-feira";"08:00:00";"PE";316;41;"ARARIPINA";"Declive acentuado";"Capotamento";"Sem Vítimas";"Pleno dia";"Crescente";"Céu Claro";"Simples";"Declive";"Não";1;0;0;0;0;1;0;1;-7,67084567;-40,38459884;"SPRF-PE";"DEL05-PE";"UOP02-DEL05-PE"
503491;2023-01-13;"sexta-feira";"20:30:00";"SC";101;122;"ITAJAI";"Ingestão de álcool pelo condutor";"Colisão traseira";"Sem Vítimas";"Plena Noite";"Crescente";"Chuva";"Dupla";"Reta";"Sim";2;0;0;0;2;0;0;2;-26,92955916;-48,70499836;"SPRF-SC";"DEL04-SC";"UOP04-DEL04-SC"