"id";"data_inversa";"dia_semana";"horario";"uf";"br";"km";"municipio";"causa_acidente";"tipo_acidente";"classificacao_acidente";"fase_dia";"sentido_via";"condicao_metereologica";"tipo_pista";"tracado_via";"uso_solo";"pessoas";"mortos";"feridos_leves";"feridos_graves";"ilesos";"ignorados";"feridos";"veiculos";"latitude";"longitude";"regional";"delegacia";"uop"
503492;2023-02-06;"segunda-feira";"12:10:00";"RJ";101;63;"CAMPOS DOS GOYTACAZES";"Desrespeitar a preferência no cruzamento";"Colisão transversal";"Com Vítimas Feridas";"Pleno dia";"Decrescente";"Céu Claro";"Simples";"Reta";"Sim";2;0;1;0;1;0;1;2;-21,742022;-41,33021;"SPRF-RJ";"DEL08-RJ";"UOP01-DEL08-RJ"
503494;2023-02-06;"segunda-feira";"12:20:00";"PE";408;83;"PAUDALHO";"Chuva";"Saída de leito carroçável";"Com Vítimas Feridas";"Pleno dia";"Crescente";"Chuva";"Dupla";"Reta";"Não";1;0;1;0;0;0;1;1;-7,93190518;-35,13698101;"SPRF-PE";"DEL01-PE";"UOP01-DEL01-PE"
503495;2023-02-06;"segunda-feira";"09:45:00";"SC";280;140,4;"MAFRA";"Ultrapassagem Indevida";"Colisão lateral mesmo sentido";"Com Vítimas Feridas";"Pleno dia";"Crescente";"Céu Claro";"Simples";"Aclive;Reta";"Não";2;0;1;0;1;0;1;2;-26,25058419;-49,62940693;"SPRF-SC";"DEL06-SC";"UOP03-DEL06-SC"
503496;2023-01-29;"domingo";"14:15:00";"MS";262;408;"TERENOS";"Reação tardia ou ineficiente do condutor";"Colisão lateral mesmo sentido";"Com Vítimas Feridas";"Pleno dia";"Crescente";"Sol";"Simples";"Reta";"Não";5;0;0;1;4;0;1;2;-20,43608997;-55,09559301;"SPRF-MS";"DEL01-MS";"UOP03-DEL01-MS"
503498;2023-02-06;"segunda-feira";"12:10:00";"SC";101;453;"SAO JOAO DO SUL";"Demais falhas mecânicas ou elétricas";"Colisão com objeto";"Com Vítimas Feridas";"Pleno dia";"Decrescente";"Céu Claro";"Múltipla";"Curva";"Sim";6;0;1;0;5;0;1;2;-29,19759996;-49,75264078;"SPRF-SC";"DEL02-SC";"UOP02-DEL02-SC"
503501;2023-02-06;"segunda-feira";"11:00:00";"PR";163;8,2;"BARRACAO";"Acessar a via sem observar a presença dos outros veículos";"Colisão transversal";"Com Vítimas Feridas";"Pleno dia";"Crescente";"Céu Claro";"Simples";"Reta";"Sim";2;0;1;0;1;0;1;2;-26,257357;-53,623307;"SPRF-PR";"DEL02-PR";"UOP02-DEL02-PR"
503503;2023-02-06;"segunda-feira";"12:45:00";"GO";414;410,2;"ABADIANIA";"Desrespeitar a preferência no cruzamento";"Colisão transversal";"Com Vítimas Feridas";"Pleno dia";"Decrescente";"Nublado";"Simples";"Interseção de Vias";"Sim";5;0;0;2;3;0;2;2;-16,0525257;-48,8533473;"SPRF-GO";"DEL02-GO";"UOP01-DEL02-GO"
503504;2023-02-06;"segunda-feira";"08:30:00";"SC";101;140;"BALNEARIO CAMBORIU";"Condutor deixou de manter distância do veículo da frente";"Colisão traseira";"Com Vítimas Feridas";"Pleno dia";"Decrescente";"Céu Claro";"Dupla";"Reta";"Não";3;0;2;0;1;0;2;2;-27,03881189;-48,60025148;"SPRF-SC";"DEL04-SC";"UOP03-DEL04-SC"
503505;2023-02-06;"segunda-feira";"11:00:00";"SC";116;245,1;"LAGES";"Acessar a via sem observar a presença dos outros veículos";"Colisão transversal";"Com Vítimas Feridas";"Pleno dia";"Crescente";"Céu Claro";"Simples";"Reta";"Sim";3;0;1;0;1;1;1;3;-27,79544281;-50,36187437;"SPRF-SC";"DEL05-SC";"UOP01-DEL05-SC"
503506;2023-02-06;"segunda-feira";"12:45:00";"MG";146;405,3;"GUAXUPE";"Acessar a via sem observar a presença dos outros veículos";"Colisão transversal";"Com Vítimas Feridas";"Pleno dia";"Crescente";"Céu Claro";"Simples";"Reta";"Não";4;0;1;0;3;0;1;2;-21,30471585;-46,62701433;"SPRF-MG";"DEL09-MG";"UOP01-DEL09-MG"
503507;2023-02-06;"segunda-feira";"13:00:00";"PR";116;108,2;"CURITIBA";"Acessar a via sem observar a presença dos outros veículos";"Capotamento";"Com Vítimas Feridas";"Pleno dia";"Decrescente";"Céu Claro";"Dupla";"Reta";"Sim";3;0;2;0;1;0;2;2;-25,57147018;-49,19760597;"SPRF-PR";"DEL01-PR";"UOP07-DEL01-PR"
503509;2023-02-02;"quinta-feira";"22:37:00";"PR";376;616;"SAO JOSE DOS PINHAIS";"Ausência de reação do condutor";"Queda de ocupante de veículo";"Com Vítimas Feridas";"Plena Noite";"Crescente";"Chuva";"Dupla";"Aclive;Reta";"Sim";1;0;1;0;0;0;1;1;-25,57583659;-49,17953679;"SPRF-PR";"DEL01-PR";"UOP04-DEL01-PR"
503511;2023-02-06;"segunda-feira";"11:08:00";"AC";364;137;"RIO BRANCO";"Desrespeitar a preferência no cruzamento";"Colisão transversal";"Com Vítimas Feridas";"Pleno dia";"Crescente";"Nublado";"Dupla";"Rotatória";"Sim";2;0;1;0;1;0;1;2;-9,96935404;-67,85264513;"SPRF-AC";"DEL01-AC";"UOP01-DEL01-AC"
503512;2023-02-06;"segunda-feira";"07:35:00";"SC";101;446,6;"SANTA ROSA DO SUL";"Conversão proibida";"Colisão lateral mesmo sentido";"Com Vítimas Feridas";"Pleno dia";"Crescente";"Céu Claro";"Múltipla";"Reta";"Não";2;0;0;1;1;0;1;2;-29,155864;-49,7312492;"SPRF-SC";"DEL02-SC";"UOP02-DEL02-SC"
503514;2023-02-06;"segunda-feira";"13:15:00";"BA";116;819,5;"VITORIA DA CONQUISTA";"Manobra de mudança de faixa";"Colisão lateral mesmo sentido";"Com Vítimas Feridas";"Pleno dia";"Crescente";"Sol";"Simples";"Aclive;Reta";"Não";1;0;1;0;0;0;1;1;-14,829525;-40,833155;"SPRF-BA";"DEL08-BA";"UOP01-DEL08-BA"
503516;2023-02-06;"segunda-feira";"12:10:00";"MG";381;484;"BETIM";"Avarias e/ou desgaste excessivo no pneu";"Colisão com objeto";"Com Vítimas Feridas";"Pleno dia";"Crescente";"Sol";"Dupla";"Curva;Declive";"Não";2;0;0;2;0;0;2;1;-19,95531717;-44,11722196;"SPRF-MG";"DEL01-MG";"UOP03-DEL01-MG"
503517;2023-02-06;"segunda-feira";"13:00:00";"RJ";116;206;"JAPERI";"Demais falhas mecânicas ou elétricas";"Incêndio";"Sem Vítimas";"Pleno dia";"Crescente";"Sol";"Dupla";"Reta";"Não";1;0;0;0;1;0;0;1;-22,72601603;-43,651569;"SPRF-RJ";"DEL01-RJ";"UOP03-DEL01-RJ"
503519;2023-02-06;"segunda-feira";"13:30:00";"RS";153;47;"ERECHIM";"Desrespeitar a preferência no cruzamento";"Colisão traseira";"Com Vítimas Feridas";"Pleno dia";"Decrescente";"Céu Claro";"Simples";"Rotatória";"Não";2;0;1;0;1;0;1;2;-27,64260101;-52,24495769;"SPRF-RS";"DEL08-RS";"UOP04-DEL08-RS"
503522;2023-02-06;"segunda-feira";"13:30:00";"MT";364;272;"JACIARA";"Reação tardia ou ineficiente do condutor";"Saída de leito carroçável";"Com Vítimas Feridas";"Pleno dia";"Crescente";"Chuva";"Dupla";"Aclive";"Sim";3;0;3;0;0;0;3;1;-15,96667987;-54,96121981;"SPRF-MT";"DEL05-MT";"UOP02-DEL05-MT"
503525;2023-02-06;"segunda-feira";"15:00:00";"GO";153;422;"ANAPOLIS";"Avarias e/ou desgaste excessivo no pneu";"Tombamento";"Com Vítimas Feridas";"Pleno dia";"Crescente";"Céu Claro";"Dupla";"Declive;Reta";"Não";2;0;1;1;0;0;2;1;-16,20875;-49,019512;"SPRF-GO";"DEL02-GO";"UOP01-DEL02-GO"
503527;2023-02-06;"segunda-feira";"14:30:00";"MG";50;41,1;"ARAGUARI";"Chuva";"Saída de leito carroçável";"Com Vítimas Feridas";"Pleno dia";"Crescente";"Chuva";"Dupla";"Reta";"Não";1;0;1;0;0;0;1;1;-18,66594982;-48,17302108;"SPRF-MG";"DEL15-MG";"UOP02-DEL15-MG"
503529;2023-02-06;"segunda-feira";"14:45:00";"PI";316;310;"PICOS";"Retorno proibido";"Colisão transversal";"Com Vítimas Feridas";"Pleno dia";"Decrescente";"Nublado";"Simples";"Aclive";"Sim";2;0;0;1;1;0;1;2;-7,07639186;-41,47475001;"SPRF-PI";"DEL04-PI";"UOP01-DEL04-PI"
503530;2023-02-06;"segunda-feira";"15:00:00";"RN";110;92,3;"UPANEMA";"Avarias e/ou desgaste excessivo no pneu";"Saída de leito carroçável";"Com Vítimas Feridas";"Pleno dia";"Decrescente";"Chuva";"Simples";"Curva";"Não";3;0;3;0;0;0;3;1;-5,594256;-37,299839;"SPRF-RN";"DEL04-RN";"UOP01-DEL04-RN"
503532;2023-01-30;"segunda-feira";"17:00:00";"MS";262;246;"RIBAS DO RIO PARDO";"Ingestão de álcool pelo condutor";"Colisão traseira";"Sem Vítimas";"Plena Noite";"Decrescente";"Céu Claro";"Simples";"Reta";"Não";2;0;0;0;2;0;0;2;-20,44481685;-53,81931889;"SPRF-MS";"DEL01-MS";"UOP01-DEL01-MS"
503533;2023-02-06;"segunda-feira";"10:00:00";"MG";381;296;"ANTONIO DIAS";"Demais falhas mecânicas ou elétricas";"Incêndio";"Sem Vítimas";"Pleno dia";"Decrescente";"Sol";"Simples";"Reta;Em Obras";"Não";1;0;0;0;0;1;0;1;-19,62231934;-42,8398724;"SPRF-MG";"DEL03-MG";"UOP02-DEL03-MG"
503534;2023-01-30;"segunda-feira";"01:20:00";"MG";116;792,3;"ALEM PARAIBA";"Condutor Dormindo";"Colisão com objeto";"Com Vítimas Fatais";"Plena Noite";"Crescente";"Céu Claro";"Simples";"Reta;Em Obras;Ponte";"Não";33;4;0;29;0;0;29;1;-21,69299411;-42,72897434;"SPRF-MG";"DEL07-MG";"UOP01-DEL07-MG"
503535;2023-02-06;"segunda-feira";"12:00:00";"MG";50;200;"UBERABA";"Ausência de reação do condutor";"Saída de leito carroçável";"Com Vítimas Feridas";"Pleno dia";"Decrescente";"Sol";"Dupla";"Reta";"Não";2;0;2;0;0;0;2;1;-19,92627147;-47,82191068;"SPRF-MG";"DEL13-MG";"UOP01-DEL13-MG"
503539;2023-02-06;"segunda-feira";"15:30:00";"RJ";101;265;"RIO BONITO";"Reação tardia ou ineficiente do condutor";"Saída de leito carroçável";"Com Vítimas Feridas";"Pleno dia";"Decrescente";"Nublado";"Dupla";"Curva";"Sim";2;0;1;0;1;0;1;1;-22,71359987;-42,64391188;"SPRF-RJ";"DEL02-RJ";"UOP03-DEL02-RJ"
503540;2023-02-06;"segunda-feira";"15:00:00";"SP";116;128,3;"CACAPAVA";"Condutor deixou de manter distância do veículo da frente";"Colisão traseira";"Com Vítimas Feridas";"Pleno dia";"Decrescente";"Nublado";"Dupla";"Reta";"Sim";3;0;1;0;1;1;1;3;-23,11454664;-45,71105567;"SPRF-SP";"DEL02-SP";"UOP02-DEL02-SP"
503543;2023-02-04;"sábado";"00:01:00";"PR";153;156;"VENTANIA";"Reação tardia ou ineficiente do condutor";"Saída de leito carroçável";"Sem Vítimas";"Plena Noite";"Decrescente";"Ignorado";"Simples";"Curva";"Não";1;0;0;0;0;1;0;1;-24,20248279;-50,21699548;"SPRF-PR";"DEL07-PR";"UOP04-DEL07-PR"
503544;2023-02-06;"segunda-feira";"16:00:00";"RJ";393;134;"SAPUCAIA";"Manobra de mudança de faixa";"Colisão lateral mesmo sentido";"Com Vítimas Feridas";"Pleno dia";"Crescente";"Nublado";"Simples";"Reta";"Sim";2;0;0;1;1;0;1;2;-21,98473799;-42,89796901;"SPRF-RJ";"DEL05-RJ";"UOP01-DEL05-RJ"
503546;2023-02-06;"segunda-feira";"17:04:00";"PB";230;23;"JOAO PESSOA";"Condutor deixou de manter distância do veículo da frente";"Colisão traseira";"Sem Vítimas";"Pleno dia";"Decrescente";"Nublado";"Dupla";"Viaduto;Aclive;Reta";"Sim";2;0;0;0;2;0;0;2;-7,1562;-34,8574;"SPRF-PB";"DEL01-PB";"UOP01-DEL01-PB"
503547;2023-02-06;"segunda-feira";"16:00:00";"MG";40;823;"SIMAO PEREIRA";"Velocidade Incompatível";"Saída de leito carroçável";"Com Vítimas Feridas";"Pleno dia";"Crescente";"Chuva";"Dupla";"Curva;Declive";"Não";1;0;1;0;0;0;1;1;-21,9614888;-43,2986757;"SPRF-MG";"DEL05-MG";"UOP01-DEL05-MG"
503548;2023-02-06;"segunda-feira";"17:10:00";"MG";40;580;"ITABIRITO";"Reação tardia ou ineficiente do condutor";"Colisão com objeto";"Com Vítimas Feridas";"Pleno dia";"Crescente";"Chuva";"Dupla";"Curva";"Não";2;0;1;0;1;0;1;1;-20,29439498;-43,93886497;"SPRF-MG";"DEL01-MG";"UOP02-DEL01-MG"
503549;2023-02-06;"segunda-feira";"17:00:00";"PB";230;155,6;"CAMPINA GRANDE";"Reação tardia ou ineficiente do condutor";"Colisão traseira";"Com Vítimas Feridas";"Pleno dia";"Crescente";"Sol";"Simples";"Reta";"Não";2;0;1;0;1;0;1;2;-7,2748;-35,9058;"SPRF-PB";"DEL02-PB";"UOP01-DEL02-PB"
503551;2023-02-06;"segunda-feira";"17:40:00";"RS";158;334;"SANTA MARIA";"Acessar a via sem observar a presença dos outros veículos";"Colisão transversal";"Com Vítimas Feridas";"Pleno dia";"Crescente";"Céu Claro";"Simples";"Reta";"Sim";2;0;1;1;0;0;2;2;-29,70751182;-53,87442198;"SPRF-RS";"DEL09-RS";"UOP01-DEL09-RS"
503555;2023-02-06;"segunda-feira";"18:00:00";"RJ";116;61;"TERESOPOLIS";"Ausência de reação do condutor";"Colisão com objeto";"Com Vítimas Feridas";"Anoitecer";"Crescente";"Chuva";"Simples";"Curva";"Não";2;0;1;0;1;0;1;1;-22,265696;-42,924443;"SPRF-RJ";"DEL04-RJ";"UOP01-DEL04-RJ"
503556;2023-02-06;"segunda-feira";"18:00:00";"SP";116;155;"SAO JOSE DOS CAMPOS";"Ausência de reação do condutor";"Colisão traseira";"Com Vítimas Feridas";"Anoitecer";"Decrescente";"Chuva";"Dupla";"Declive";"Sim";2;0;1;0;1;0;1;2;-23,24524337;-45,92772774;"SPRF-SP";"DEL02-SP";"UOP01-DEL02-SP"
503558;2023-02-06;"segunda-feira";"17:15:00";"MS";262;140;"AGUA CLARA";"Demais falhas na via";"Tombamento";"Com Vítimas Feridas";"Pleno dia";"Decrescente";"Sol";"Simples";"Reta";"Não";1;0;1;0;0;0;1;1;-20,44598234;-52,843655;"SPRF-MS";"DEL07-MS";"UOP02-DEL07-MS"
503559;2023-02-06;"segunda-feira";"17:40:00";"PE";232;79,9;"GRAVATA";"Reação tardia ou ineficiente do condutor";"Atropelamento de Pedestre";"Com Vítimas Feridas";"Plena Noite";"Decrescente";"Nublado";"Simples";"Reta";"Sim";2;0;0;1;1;0;1;2;-8,19460572;-35,56074803;"SPRF-PE";"DEL02-PE";"UOP02-DEL02PE"
503562;2023-02-06;"segunda-feira";"16:00:00";"BA";116;887,5;"CANDIDO SALES";"Condutor Dormindo";"Colisão traseira";"Com Vítimas Feridas";"Pleno dia";"Crescente";"Céu Claro";"Simples";"Aclive";"Não";1;0;1;0;0;0;1;1;-15,26261389;-41,11937518;"SPRF-BA";"DEL08-BA";"UOP03-DEL08-BA"
503563;2023-02-06;"segunda-feira";"18:15:00";"SP";116;225;"GUARULHOS";"Reação tardia ou ineficiente do condutor";"Colisão traseira";"Com Vítimas Feridas";"Anoitecer";"Decrescente";"Céu Claro";"Dupla";"Reta";"Sim";3;0;1;0;2;0;1;2;-23,48586772;-46,54075317;"SPRF-SP";"DEL01-SP";"UOP01-DEL01-SP"
503564;2023-02-06;"segunda-feira";"18:25:00";"PR";369;139,4;"IBIPORA";"Demais falhas mecânicas ou elétricas";"Colisão frontal";"Com Vítimas Feridas";"Pleno dia";"Crescente";"Céu Claro";"Simples";"Reta";"Sim";3;0;2;0;1;0;2;2;-23,27382199;-51,05543554;"SPRF-PR";"DEL07-PR";"UOP01-DEL07-PR"
503565;2023-02-06;"segunda-feira";"17:50:00";"BA";324;626;"SALVADOR";"Pedestre andava na pista";"Atropelamento de Pedestre";"Com Vítimas Feridas";"Anoitecer";"Decrescente";"Céu Claro";"Dupla";"Reta";"Não";2;0;1;0;1;0;1;2;-12,95020997;-38,47073108;"SPRF-BA";"DEL01-BA";"UOP01-DEL01-BA"
503567;2023-02-06;"segunda-feira";"18:20:00";"SC";470;56,6;"BLUMENAU";"Ultrapassagem Indevida";"Colisão transversal";"Com Vítimas Feridas";"Pleno dia";"Crescente";"Céu Claro";"Simples";"Interseção de Vias;Curva";"Sim";2;0;1;0;1;0;1;2;-26,87896987;-49,13477632;"SPRF-SC";"DEL04-SC";"UOP01-DEL04-SC"
503568;2023-02-06;"segunda-feira";"17:30:00";"SC";282;208;"LAGES";"Acumulo de areia ou detritos sobre o pavimento";"Colisão com objeto";"Com Vítimas Feridas";"Pleno dia";"Crescente";"Céu Claro";"Simples";"Aclive;Reta";"Não";1;0;1;0;0;0;1;1;-27,775284;-50,211971;"SPRF-SC";"DEL05-SC";"UOP01-DEL05-SC"
503569;2023-02-06;"segunda-feira";"18:39:00";"RS";116;257,2;"ESTEIO";"Transitar na contramão";"Colisão transversal";"Com Vítimas Feridas";"Anoitecer";"Crescente";"Céu Claro";"Simples";"Interseção de Vias;Reta";"Sim";2;0;0;1;1;0;1;2;-29,85062909;-51,17985249;"SPRF-RS";"DEL01-RS";"UOP02-DEL01-RS"
503572;2023-02-06;"segunda-feira";"18:00:00";"DF";70;9;"BRASILIA";"Manobra de mudança de faixa";"Colisão traseira";"Com Vítimas Feridas";"Pleno dia";"Decrescente";"Céu Claro";"Dupla";"Reta";"Sim";3;0;1;0;1;1;1;3;-15,784615;-48,132023;"SPRF-DF";"DEL03-DF";"UOP02-DEL03-DF"
503576;2023-02-06;"segunda-feira";"18:10:00";"PR";476;339;"PAULA FREITAS";"Falta de elemento de contenção que evite a saída do leito carroçável";"Capotamento";"Com Vítimas Feridas";"Pleno dia";"Crescente";"Céu Claro";"Simples";"Reta";"Não";2;0;0;1;1;0;1;1;-26,157049;-50,883564;"SPRF-PR";"DEL02-PR";"UOP03-DEL02-PR"
503579;2023-02-06;"segunda-feira";"13:20:00";"MA";222;288;"VITORIA DO MEARIM";"Manobra de mudança de faixa";"Colisão frontal";"Com Vítimas Fatais";"Pleno dia";"Crescente";"Céu Claro";"Simples";"Reta";"Não";3;1;0;1;0;1;1;2;-3,44909867;-44,83992308;"SPRF-MA";"DEL02-MA";"UOP01-DEL02-MA"
503582;2023-02-06;"segunda-feira";"19:55:00";"ES";101;212,9;"IBIRACU";"Conversão proibida";"Colisão transversal";"Com Vítimas Feridas";"Plena Noite";"Decrescente";"Nublado";"Simples";"Reta";"Sim";2;0;1;0;0;1;1;2;-19,81537521;-40,36655964;"SPRF-ES";"DEL02-ES";"UOP01-DEL02-ES"
503583;2023-01-16;"segunda-feira";"01:30:00";"PA";316;47;"SANTA IZABEL DO PARA";"Condutor deixou de manter distância do veículo da frente";"Colisão traseira";"Com Vítimas Feridas";"Plena Noite";"Decrescente";"Céu Claro";"Dupla";"Reta";"Sim";2;0;1;0;0;1;1;2;-1,2853682;-48,06269824;"SPRF-PA";"DEL01-PA";"UOP01-DEL01-PA"
503584;2023-02-06;"segunda-feira";"19:35:00";"BA";324;573;"SAO SEBASTIAO DO PASSE";"Ingestão de álcool pelo condutor";"Colisão traseira";"Com Vítimas Feridas";"Plena Noite";"Crescente";"Céu Claro";"Dupla";"Reta";"Não";5;0;1;0;4;0;1;2;-12,5622012;-38,55964515;"SPRF-BA";"DEL01-BA";"UOP01-DEL01-BA"
503585;2023-02-06;"segunda-feira";"18:21:00";"SP";116;545;"BARRA DO TURVO";"Reação tardia ou ineficiente do condutor";"Saída de leito carroçável";"Com Vítimas Feridas";"Anoitecer";"Crescente";"Céu Claro";"Dupla";"Curva";"Não";2;0;1;1;0;0;2;1;-24,95016699;-48,42400302;"SPRF-SP";"DEL05-SP";"UOP02-DEL05-SP"
503586;2023-02-06;"segunda-feira";"19:30:00";"GO";70;418;"MONTES CLAROS DE GOIAS";"Acessar a via sem observar a presença dos outros veículos";"Colisão frontal";"Com Vítimas Feridas";"Plena Noite";"Crescente";"Chuva";"Simples";"Reta";"Não";2;0;2;0;0;0;2;2;-15,891225;-51,786595;"SPRF-GO";"DEL04-GO";"UOP02-DEL04-GO"
503589;2023-02-06;"segunda-feira";"19:20:00";"RJ";101;548;"PARATY";"Condutor Dormindo";"Saída de leito carroçável";"Com Vítimas Feridas";"Anoitecer";"Crescente";"Chuva";"Simples";"Reta";"Não";1;0;1;0;0;0;1;1;-23,04505073;-44,64600895;"SPRF-RJ";"DEL03-RJ";"UOP04-DEL03-RJ"
503590;2023-01-22;"domingo";"14:50:00";"AM";230;624,4;"HUMAITA";"Reação tardia ou ineficiente do condutor";"Colisão traseira";"Com Vítimas Feridas";"Pleno dia";"Decrescente";"Nublado";"Simples";"Curva";"Não";3;0;1;0;1;1;1;3;-7,57257778;-63,10988613;"SPRF-AM";"DEL01-AM";"UOP05-DEL01-AM"
503591;2023-02-06;"segunda-feira";"20:20:00";"SC";101;137;"BALNEARIO CAMBORIU";"Velocidade Incompatível";"Colisão transversal";"Com Vítimas Feridas";"Plena Noite";"Decrescente";"Céu Claro";"Múltipla";"Reta";"Não";2;0;1;1;0;0;2;2;-27,0157238;-48,61192763;"SPRF-SC";"DEL04-SC";"UOP03-DEL04-SC"
503592;2023-02-06;"segunda-feira";"19:19:00";"RN";405;3;"MOSSORO";"Velocidade Incompatível";"Colisão lateral mesmo sentido";"Com Vítimas Feridas";"Plena Noite";"Crescente";"Nublado";"Simples";"Viaduto";"Sim";1;0;1;0;0;0;1;1;-5,19374015;-37,379179;"SPRF-RN";"DEL04-RN";"UOP02-DEL04-RN"
503594;2023-02-06;"segunda-feira";"18:35:00";"AL";423;11;"OURO BRANCO";"Iluminação deficiente";"Saída de leito carroçável";"Com Vítimas Feridas";"Plena Noite";"Decrescente";"Céu Claro";"Simples";"Reta";"Não";1;0;0;1;0;0;1;1;-9,15134294;-37,38552202;"SPRF-AL";"DEL03-AL";"UOP02-DEL03-AL"
503596;2023-02-06;"segunda-feira";"20:25:00";"ES";262;104;"VENDA NOVA DO IMIGRANTE";"Pedestre cruzava a pista fora da faixa";"Atropelamento de Pedestre";"Com Vítimas Feridas";"Plena Noite";"Crescente";"Céu Claro";"Simples";"Curva";"Sim";2;0;1;0;1;0;1;2;-20,33302593;-41,12931881;"SPRF-ES";"DEL01-ES";"UOP02-DEL01-ES"
503597;2023-02-06;"segunda-feira";"19:45:00";"SP";116;150;"SAO JOSE DOS CAMPOS";"Condutor deixou de manter distância do veículo da frente";"Colisão traseira";"Com Vítimas Feridas";"Plena Noite";"Crescente";"Céu Claro";"Múltipla";"Reta";"Sim";1;0;1;0;0;0;1;1;-23,21335525;-45,8930588;"SPRF-SP";"DEL02-SP";"UOP01-DEL02-SP"
503598;2023-02-06;"segunda-feira";"20:50:00";"MG";40;452,3;"CAETANOPOLIS";"Transitar na contramão";"Colisão frontal";"Com Vítimas Feridas";"Plena Noite";"Crescente";"Nublado";"Dupla";"Reta";"Não";2;0;0;1;1;0;1;2;-19,33382121;-44,36107939;"SPRF-MG";"DEL02-MG";"UOP01-DEL02-MG"
503599;2023-02-06;"segunda-feira";"19:40:00";"SP";116;151;"SAO JOSE DOS CAMPOS";"Ausência de reação do condutor";"Colisão traseira";"Com Vítimas Feridas";"Plena Noite";"Decrescente";"Nublado";"Dupla";"Reta";"Sim";3;0;1;0;2;0;1;2;-23,2193543;-45,899373;"SPRF-SP";"DEL02-SP";"UOP01-DEL02-SP"
503601;2023-02-06;"segunda-feira";"19:15:00";"SP";116;142,5;"SAO JOSE DOS CAMPOS";"Acumulo de água sobre o pavimento";"Colisão com objeto";"Com Vítimas Feridas";"Plena Noite";"Decrescente";"Chuva";"Simples";"Curva";"Sim";1;0;1;0;0;0;1;1;-23,17426078;-45,82940111;"SPRF-SP";"DEL02-SP";"UOP01-DEL02-SP"
503603;2023-02-06;"segunda-feira";"17:30:00";"RJ";101;515,8;"ANGRA DOS REIS";"Chuva";"Capotamento";"Sem Vítimas";"Pleno dia";"Crescente";"Chuva";"Simples";"Curva";"Não";1;0;0;0;1;0;0;1;-22,98288597;-44,43920603;"SPRF-RJ";"DEL03-RJ";"UOP03-DEL03-RJ"
503604;2023-02-06;"segunda-feira";"20:00:00";"SP";381;69;"MAIRIPORA";"Ausência de reação do condutor";"Saída de leito carroçável";"Sem Vítimas";"Plena Noite";"Crescente";"Céu Claro";"Múltipla";"Curva;Aclive";"Não";1;0;0;0;1;0;0;1;-23,34553108;-46,56787903;"SPRF-SP";"DEL03-SP";"UOP01-DEL03-SP"
503605;2023-02-06;"segunda-feira";"17:10:00";"RO";364;425;"JARU";"Manobra de mudança de faixa";"Colisão lateral mesmo sentido";"Com Vítimas Feridas";"Pleno dia";"Decrescente";"Céu Claro";"Simples";"Reta";"Sim";2;0;1;0;1;0;1;2;-10,43752488;-62,47169791;"SPRF-RO";"DEL03-RO";"UOP02-DEL03-RO"
503610;2023-02-06;"segunda-feira";"20:30:00";"MT";163;852,6;"SINOP";"Transitar na contramão";"Colisão lateral sentido oposto";"Sem Vítimas";"Plena Noite";"Crescente";"Céu Claro";"Simples";"Reta";"Sim";3;0;0;0;3;0;0;2;-11,708;-55,455;"SPRF-MT";"DEL06-MT";"UOP02-DEL06-MT"
503611;2023-02-06;"segunda-feira";"19:30:00";"PR";153;336;"IRATI";"Acessar a via sem observar a presença dos outros veículos";"Colisão transversal";"Com Vítimas Feridas";"Plena Noite";"Crescente";"Céu Claro";"Simples";"Reta";"Sim";2;0;1;0;1;0;1;2;-25,49753795;-50,64815515;"SPRF-PR";"DEL08-PR";"UOP02-DEL08-PR"
503614;2023-02-06;"segunda-feira";"19:40:00";"MT";163;828;"SINOP";"Acessar a via sem observar a presença dos outros veículos";"Colisão transversal";"Com Vítimas Feridas";"Plena Noite";"Crescente";"Céu Claro";"Simples";"Rotatória";"Sim";3;0;1;0;2;0;1;2;-12,049672;-55,51738084;"SPRF-MT";"DEL06-MT";"UOP02-DEL06-MT"
503615;2023-02-06;"segunda-feira";"19:45:00";"RO";429;193;"SERINGUEIRAS";"Condutor deixou de manter distância do veículo da frente";"Queda de ocupante de veículo";"Com Vítimas Feridas";"Plena Noite";"Decrescente";"Nublado";"Simples";"Reta;Declive";"Não";2;0;0;1;1;0;1;2;-11,762297;-62,991254;"SPRF-RO";"DEL02-RO";"UOP03-DEL02-RO"
503616;2023-02-06;"segunda-feira";"23:40:00";"RJ";116;176;"SAO JOAO DE MERITI";"Ausência de reação do condutor";"Tombamento";"Com Vítimas Feridas";"Plena Noite";"Crescente";"Chuva";"Múltipla";"Reta";"Não";2;0;0;2;0;0;2;1;-22,7839538;-43,38195488;"SPRF-RJ";"DEL01-RJ";"UOP02-DEL01-RJ"
503617;2023-02-06;"segunda-feira";"23:40:00";"MG";116;423;"GOVERNADOR VALADARES";"Acessar a via sem observar a presença dos outros veículos";"Colisão transversal";"Com Vítimas Feridas";"Plena Noite";"Decrescente";"Céu Claro";"Simples";"Reta";"Não";3;0;2;0;1;0;2;2;-18,95208996;-41,95709803;"SPRF-MG";"DEL06-MG";"UOP01-DEL06-MG"
503618;2023-02-06;"segunda-feira";"22:10:00";"MA";135;119;"MIRANDA DO NORTE";"Deficiência do Sistema de Iluminação/Sinalização";"Colisão traseira";"Com Vítimas Feridas";"Plena Noite";"Crescente";"Céu Claro";"Simples";"Reta";"Não";3;0;0;2;1;0;2;2;-3,51093102;-44,54989296;"SPRF-MA";"DEL01-MA";"UOP02-DEL01-MA"