"id";"data_inversa";"dia_semana";"horario";"uf";"br";"km";"municipio";"causa_acidente";"tipo_acidente";"classificacao_acidente";"fase_dia";"sentido_via";"condicao_metereologica";"tipo_pista";"tracado_via";"uso_solo";"pessoas";"mortos";"feridos_leves";"feridos_graves";"ilesos";"ignorados";"feridos";"veiculos";"latitude";"longitude";"regional";"delegacia";"uop"
503621;2023-02-06;"segunda-feira";"23:30:00";"SC";101;116;"ITAJAI";"Reação tardia ou ineficiente do condutor";"Saída de leito carroçável";"Sem Vítimas";"Plena Noite";"Crescente";"Ignorado";"Dupla";"Reta";"Não";1;0;0;0;0;1;0;1;-26,87905605;-48,72603512;"SPRF-SC";"DEL04-SC";"UOP04-DEL04-SC"
503622;2023-02-07;"terça-feira";"00:00:00";"PR";116;7;"CAMPINA GRANDE DO SUL";"Velocidade Incompatível";"Saída de leito carroçável";"Com Vítimas Feridas";"Plena Noite";"Crescente";"Garoa/Chuvisco";"Dupla";"Curva";"Não";1;0;1;0;0;0;1;1;-25,08235366;-48,61499799;"SPRF-PR";"DEL01-PR";"UOP02-DEL01-PR"
503623;2023-02-06;"segunda-feira";"17:00:00";"SC";116;104;"MONTE CASTELO";"Ingestão de álcool pelo condutor";"Saída de leito carroçável";"Com Vítimas Feridas";"Pleno dia";"Crescente";"Céu Claro";"Simples";"Reta";"Não";1;0;0;1;0;0;1;1;-26,742656;-50,31436699;"SPRF-SC";"DEL06-SC";"UOP02-DEL06-SC"
503625;2023-02-07;"terça-feira";"01:40:00";"PE";408;105;"JABOATAO DOS GUARARAPES";"Transitar na contramão";"Colisão frontal";"Com Vítimas Feridas";"Plena Noite";"Crescente";"Céu Claro";"Dupla";"Reta";"Sim";2;0;1;0;1;0;1;2;-8,0730937;-34,99190714;"SPRF-PE";"DEL01-PE";"UOP01-DEL01-PE"
503626;2023-02-07;"terça-feira";"05:40:00";"RN";101;148,1;"GOIANINHA";"Velocidade Incompatível";"Colisão com objeto";"Com Vítimas Feridas";"Pleno dia";"Decrescente";"Nublado";"Dupla";"Reta;Declive";"Sim";1;0;0;1;0;0;1;1;-6,275134;-35,207027;"SPRF-RN";"DEL01-RN";"UOP01-DEL01-RN"
503627;2023-02-07;"terça-feira";"00:30:00";"SC";101;57;"ARAQUARI";"Avarias e/ou desgaste excessivo no pneu";"Tombamento";"Com Vítimas Feridas";"Plena Noite";"Decrescente";"Nublado";"Dupla";"Reta";"Não";3;0;2;0;1;0;2;2;-26,43646093;-48,81113029;"SPRF-SC";"DEL03-SC";"UOP01-DEL03-SC"
503629;2023-02-07;"terça-feira";"06:30:00";"GO";20;105,1;"FLORES DE GOIAS";"Velocidade Incompatível";"Saída de leito carroçável";"Com Vítimas Feridas";"Amanhecer";"Crescente";"Céu Claro";"Simples";"Curva";"Não";2;0;2;0;0;0;2;1;-14,918053;-46,957489;"SPRF-DF";"DEL02-DF";"UOP02-DEL02-DF"
503630;2023-02-07;"terça-feira";"06:20:00";"BA";101;206;"GOVERNADOR MANGABEIRA";"Acessar a via sem observar a presença dos outros veículos";"Colisão transversal";"Com Vítimas Feridas";"Pleno dia";"Crescente";"Céu Claro";"Simples";"Aclive";"Sim";2;0;1;0;1;0;1;2;-12,59683097;-39,039976;"SPRF-BA";"DEL01-BA";"UOP02-DEL01-BA"
503633;2023-02-07;"terça-feira";"06:35:00";"DF";70;18;"BRASILIA";"Reação tardia ou ineficiente do condutor";"Colisão traseira";"Com Vítimas Feridas";"Pleno dia";"Decrescente";"Céu Claro";"Dupla";"Reta";"Sim";2;0;1;0;1;0;1;2;-15,791093;-48,21096;"SPRF-DF";"DEL03-DF";"UOP02-DEL03-DF"
503634;2023-02-07;"terça-feira";"07:00:00";"RJ";116;181;"NOVA IGUACU";"Demais falhas mecânicas ou elétricas";"Queda de ocupante de veículo";"Com Vítimas Feridas";"Pleno dia";"Decrescente";"Céu Claro";"Múltipla";"Reta";"Não";2;0;2;0;0;0;2;1;-22,761312;-43,423492;"SPRF-RJ";"DEL01-RJ";"UOP02-DEL01-RJ"
503637;2023-02-07;"terça-feira";"07:30:00";"SC";280;126,8;"RIO NEGRINHO";"Reação tardia ou ineficiente do condutor";"Colisão traseira";"Sem Vítimas";"Pleno dia";"Decrescente";"Céu Claro";"Simples";"Reta";"Sim";2;0;0;0;2;0;0;2;-26,244861;-49,518489;"SPRF-SC";"DEL06-SC";"UOP03-DEL06-SC"
503639;2023-02-07;"terça-feira";"07:42:00";"RN";101;97;"NATAL";"Reação tardia ou ineficiente do condutor";"Colisão traseira";"Com Vítimas Feridas";"Pleno dia";"Decrescente";"Céu Claro";"Dupla";"Reta";"Sim";2;0;1;0;0;1;1;2;-5,85758898;-35,21271205;"SPRF-RN";"DEL01-RN";"UOP01-DEL01-RN"
503641;2023-02-07;"terça-feira";"08:00:00";"SP";116;216;"GUARULHOS";"Acostamento em desnível";"Eventos atípicos";"Sem Vítimas";"Plena Noite";"Crescente";"Céu Claro";"Múltipla";"Reta";"Sim";1;0;0;0;0;1;0;1;-23,45056589;-46,46258105;"SPRF-SP";"DEL01-SP";"UOP01-DEL01-SP"
503643;2023-02-06;"segunda-feira";"23:00:00";"SP";116;270;"TABOAO DA SERRA";"Ultrapassagem Indevida";"Queda de ocupante de veículo";"Sem Vítimas";"Plena Noite";"Decrescente";"Céu Claro";"Dupla";"Reta";"Não";2;0;0;0;2;0;0;2;-23,61799728;-46,79677694;"SPRF-SP";"DEL04-SP";"UOP01-DEL04-SP"
503647;2023-02-07;"terça-feira";"07:50:00";"MG";40;514,1;"RIBEIRAO DAS NEVES";"Manobra de mudança de faixa";"Colisão lateral mesmo sentido";"Com Vítimas Feridas";"Pleno dia";"Crescente";"Céu Claro";"Dupla";"Reta";"Não";3;0;1;0;2;0;1;3;-19,80151928;-44,10000333;"SPRF-MG";"DEL01-MG";"UOP02-DEL01-MG"
503649;2023-02-07;"terça-feira";"10:00:00";"RJ";356;49,7;"ITAPERUNA";"Desrespeitar a preferência no cruzamento";"Colisão transversal";"Com Vítimas Feridas";"Pleno dia";"Decrescente";"Sol";"Simples";"Interseção de Vias;Reta";"Sim";2;0;1;0;1;0;1;2;-21,25300596;-41,78325793;"SPRF-RJ";"DEL08-RJ";"UOP03-DEL08-RJ"
503650;2023-01-09;"segunda-feira";"14:33:00";"AL";101;164;"CAMPO ALEGRE";"Ausência de reação do condutor";"Capotamento";"Com Vítimas Feridas";"Pleno dia";"Crescente";"Céu Claro";"Dupla";"Reta";"Não";3;0;0;3;0;0;3;1;-9,89997432;-36,27398701;"SPRF-AL";"DEL02-AL";"UOP02-DEL02-AL"
503652;2023-01-29;"domingo";"22:00:00";"MS";376;25;"FATIMA DO SUL";"Transitar na contramão";"Colisão frontal";"Com Vítimas Feridas";"Plena Noite";"Decrescente";"Céu Claro";"Simples";"Reta";"Sim";3;0;0;3;0;0;3;2;-22,36314063;-54,54231557;"SPRF-MS";"DEL04-MS";"UOP01-DEL04-MS"
503653;2023-02-07;"terça-feira";"10:40:00";"SC";101;202;"SAO JOSE";"Velocidade Incompatível";"Colisão traseira";"Sem Vítimas";"Pleno dia";"Decrescente";"Céu Claro";"Múltipla";"Reta";"Sim";2;0;0;0;2;0;0;2;-27,55711595;-48,61897889;"SPRF-SC";"DEL01-SC";"UOP01-DEL01-SC"
503654;2023-02-07;"terça-feira";"10:25:00";"RS";116;515,3;"PELOTAS";"Mal súbito do condutor";"Queda de ocupante de veículo";"Com Vítimas Feridas";"Pleno dia";"Decrescente";"Céu Claro";"Simples";"Reta";"Sim";1;0;1;0;0;0;1;1;-31,66114092;-52,3386834;"SPRF-RS";"DEL07-RS";"UOP01-DEL07-RS"
503657;2023-02-07;"terça-feira";"11:00:00";"CE";116;14;"FORTALEZA";"Reação tardia ou ineficiente do condutor";"Colisão transversal";"Com Vítimas Feridas";"Pleno dia";"Decrescente";"Nublado";"Dupla";"Reta";"Sim";2;0;2;0;0;0;2;2;-3,86973356;-38,49827361;"SPRF-CE";"DEL01-CE";"UOP02-DEL01-CE"
503658;2023-02-07;"terça-feira";"09:05:00";"SP";381;85,7;"SAO PAULO";"Pedestre cruzava a pista fora da faixa";"Atropelamento de Pedestre";"Com Vítimas Feridas";"Pleno dia";"Crescente";"Garoa/Chuvisco";"Dupla";"Interseção de Vias;Reta;Declive";"Sim";2;0;2;0;0;0;2;2;-23,449343;-46,56983501;"SPRF-SP";"DEL03-SP";"UOP01-DEL03-SP"
503659;2023-02-07;"terça-feira";"10:30:00";"PR";476;116;"COLOMBO";"Manobra de mudança de faixa";"Colisão lateral mesmo sentido";"Com Vítimas Feridas";"Pleno dia";"Crescente";"Céu Claro";"Dupla";"Reta";"Sim";3;0;1;0;2;0;1;2;-25,34935884;-49,1682601;"SPRF-PR";"DEL01-PR";"UOP01-DEL01-PR"
503660;2023-02-07;"terça-feira";"10:00:00";"MG";116;691,5;"MURIAE";"Chuva";"Colisão com objeto";"Com Vítimas Feridas";"Pleno dia";"Crescente";"Chuva";"Simples";"Reta";"Não";3;0;2;0;1;0;2;1;-21,0274821;-42,36351781;"SPRF-MG";"DEL07-MG";"UOP02-DEL07-MG"
503661;2023-02-07;"terça-feira";"08:30:00";"RS";293;105;"PINHEIRO MACHADO";"Acessar a via sem observar a presença dos outros veículos";"Colisão transversal";"Com Vítimas Feridas";"Pleno dia";"Crescente";"Céu Claro";"Simples";"Interseção de Vias;Reta";"Não";2;0;2;0;0;0;2;2;-31,58287601;-53,35585301;"SPRF-RS";"DEL11-RS";"UOP03-DEL11-RS"
503663;2023-01-08;"domingo";"15:45:00";"RS";386;239;"SOLEDADE";"Transitar na contramão";"Saída de leito carroçável";"Com Vítimas Feridas";"Pleno dia";"Crescente";"Sol";"Simples";"Aclive";"Não";4;0;1;2;1;0;3;4;-28,757807;-52,532127;"SPRF-RS";"DEL04-RS";"UOP03-DEL04-RS"
503664;2023-02-07;"terça-feira";"12:45:00";"RS";290;103;"ELDORADO DO SUL";"Condutor deixou de manter distância do veículo da frente";"Colisão traseira";"Com Vítimas Feridas";"Pleno dia";"Crescente";"Céu Claro";"Dupla";"Ponte;Reta";"Não";3;0;0;1;1;1;1;3;-29,99017;-51,265766;"SPRF-RS";"DEL01-RS";"UOP01-DEL01-RS"
503665;2023-02-07;"terça-feira";"09:30:00";"RJ";101;63;"CAMPOS DOS GOYTACAZES";"Ausência de reação do condutor";"Colisão transversal";"Com Vítimas Feridas";"Pleno dia";"Decrescente";"Céu Claro";"Simples";"Interseção de Vias;Reta";"Sim";2;0;1;0;1;0;1;2;-21,742022;-41,33021;"SPRF-RJ";"DEL08-RJ";"UOP01-DEL08-RJ"
503666;2023-02-07;"terça-feira";"07:05:00";"PI";316;3;"TERESINA";"Condutor deixou de manter distância do veículo da frente";"Colisão traseira";"Com Vítimas Feridas";"Pleno dia";"Decrescente";"Nublado";"Múltipla";"Reta";"Sim";2;0;1;0;0;1;1;2;-5,12826443;-42,79292384;"SPRF-PI";"DEL01-PI";"UOP02-DEL01-PI"
503667;2023-02-07;"terça-feira";"11:30:00";"GO";452;53;"RIO VERDE";"Acesso irregular";"Colisão transversal";"Com Vítimas Fatais";"Pleno dia";"Decrescente";"Céu Claro";"Simples";"Reta";"Não";5;1;1;3;0;0;4;2;-17,97648937;-50,45083914;"SPRF-GO";"DEL04-GO";"UOP01-DEL04-GO"
503668;2023-02-07;"terça-feira";"12:20:00";"PE";232;58,2;"POMBOS";"Reação tardia ou ineficiente do condutor";"Colisão traseira";"Com Vítimas Feridas";"Pleno dia";"Decrescente";"Céu Claro";"Dupla";"Aclive";"Sim";3;0;0;1;2;0;1;2;-8,143914;-35,388041;"SPRF-PE";"DEL02-PE";"UOP02-DEL02PE"
503670;2023-02-07;"terça-feira";"11:35:00";"MA";10;257,7;"IMPERATRIZ";"Acessar a via sem observar a presença dos outros veículos";"Colisão transversal";"Com Vítimas Feridas";"Pleno dia";"Decrescente";"Céu Claro";"Simples";"Reta";"Sim";2;0;0;1;1;0;1;2;-5,490634;-47,471973;"SPRF-MA";"DEL04-MA";"UOP01-DEL04-MA"
503671;2023-02-07;"terça-feira";"10:00:00";"AL";423;7;"OURO BRANCO";"Ausência de reação do condutor";"Saída de leito carroçável";"Com Vítimas Feridas";"Pleno dia";"Crescente";"Céu Claro";"Simples";"Reta";"Não";4;0;4;0;0;0;4;1;-9,14002062;-37,35108913;"SPRF-AL";"DEL03-AL";"UOP02-DEL03-AL"
503672;2023-01-30;"segunda-feira";"07:50:00";"RN";101;97,3;"NATAL";"Condutor deixou de manter distância do veículo da frente";"Colisão traseira";"Com Vítimas Feridas";"Pleno dia";"Decrescente";"Nublado";"Dupla";"Reta;Aclive";"Sim";3;0;2;0;0;1;2;2;-5,85758898;-35,21271205;"SPRF-RN";"DEL01-RN";"UOP01-DEL01-RN"
503673;2023-02-07;"terça-feira";"07:45:00";"BA";242;364;"LENCOIS";"Velocidade Incompatível";"Saída de leito carroçável";"Com Vítimas Feridas";"Pleno dia";"Crescente";"Céu Claro";"Simples";"Curva";"Não";2;0;1;0;1;0;1;1;-12,4615682;-41,42170104;"SPRF-BA";"DEL06-BA";"UOP01-DEL06-BA"
503677;2023-02-07;"terça-feira";"13:45:00";"SE";235;41,8;"ITABAIANA";"Velocidade Incompatível";"Colisão traseira";"Com Vítimas Feridas";"Pleno dia";"Decrescente";"Céu Claro";"Simples";"Ponte;Reta;Declive";"Não";4;0;3;0;1;0;3;2;-10,769856;-37,373135;"SPRF-SE";"DEL01-SE";"UOP02-DEL01-SE"
503678;2023-02-07;"terça-feira";"11:30:00";"RO";364;439;"JARU";"Conversão proibida";"Colisão transversal";"Com Vítimas Feridas";"Pleno dia";"Crescente";"Céu Claro";"Simples";"Reta";"Não";2;0;1;0;1;0;1;2;-10,36005242;-62,5739773;"SPRF-RO";"DEL03-RO";"UOP02-DEL03-RO"
503679;2023-02-07;"terça-feira";"12:50:00";"RS";471;174;"RIO PARDO";"Acessar a via sem observar a presença dos outros veículos";"Colisão transversal";"Com Vítimas Feridas";"Pleno dia";"Decrescente";"Céu Claro";"Simples";"Rotatória";"Sim";4;0;1;1;2;0;2;2;-29,981755;-52,369314;"SPRF-RS";"DEL02-RS";"UOP03-DEL02-RS"
503680;2023-01-22;"domingo";"06:30:00";"SC";282;246;"SAO JOSE DO CERRITO";"Acumulo de areia ou detritos sobre o pavimento";"Saída de leito carroçável";"Com Vítimas Feridas";"Amanhecer";"Decrescente";"Céu Claro";"Simples";"Curva;Declive";"Não";4;0;3;0;1;0;3;1;-27,727213;-50,529724;"SPRF-SC";"DEL05-SC";"UOP02-DEL05-SC"
503682;2023-01-28;"sábado";"05:12:00";"PE";316;87;"OURICURI";"Acesso irregular";"Colisão traseira";"Sem Vítimas";"Amanhecer";"Crescente";"Garoa/Chuvisco";"Simples";"Reta";"Não";3;0;0;0;2;1;0;2;-7,89302781;-40,05470593;"SPRF-PE";"DEL05-PE";"UOP02-DEL05-PE"
503686;2023-02-07;"terça-feira";"13:45:00";"GO";70;17;"AGUAS LINDAS DE GOIAS";"Transitar na contramão";"Colisão frontal";"Com Vítimas Feridas";"Pleno dia";"Crescente";"Céu Claro";"Dupla";"Declive;Reta";"Não";3;0;1;0;1;1;1;3;-15,75060673;-48,34984959;"SPRF-DF";"DEL03-DF";"UOP02-DEL03-DF"
503689;2023-01-16;"segunda-feira";"18:45:00";"SC";282;220;"LAGES";"Manobra de mudança de faixa";"Colisão lateral sentido oposto";"Com Vítimas Feridas";"Anoitecer";"Crescente";"Nublado";"Simples";"Reta";"Sim";2;0;1;0;1;0;1;2;-27,794014;-50,33363;"SPRF-SC";"DEL05-SC";"UOP01-DEL05-SC"
503690;2023-01-30;"segunda-feira";"06:50:00";"MT";364;202,5;"RONDONOPOLIS";"Reação tardia ou ineficiente do condutor";"Queda de ocupante de veículo";"Com Vítimas Fatais";"Pleno dia";"Crescente";"Nublado";"Simples";"Reta;Em Obras";"Sim";2;1;0;0;0;1;0;2;-16,47737621;-54,65263724;"SPRF-MT";"DEL02-MT";"UOP01-DEL02-MT"
503692;2023-02-07;"terça-feira";"13:30:00";"BA";116;698;"JEQUIE";"Reação tardia ou ineficiente do condutor";"Colisão traseira";"Com Vítimas Feridas";"Pleno dia";"Crescente";"Céu Claro";"Simples";"Reta";"Não";2;0;1;0;1;0;1;2;-14,01081603;-40,18669795;"SPRF-BA";"DEL03-BA";"UOP01-DEL03-BA"
503693;2023-02-07;"terça-feira";"14:00:00";"PR";376;130,9;"NOVA ESPERANCA";"Condutor deixou de manter distância do veículo da frente";"Colisão traseira";"Com Vítimas Feridas";"Pleno dia";"Crescente";"Céu Claro";"Dupla";"Aclive;Reta";"Não";3;0;1;0;2;0;1;2;-23,17504848;-52,23423918;"SPRF-PR";"DEL09-PR";"UOP02-DEL09-PR"
503695;2023-02-07;"terça-feira";"15:25:00";"PR";277;724,7;"FOZ DO IGUACU";"Demais falhas mecânicas ou elétricas";"Tombamento";"Com Vítimas Feridas";"Pleno dia";"Decrescente";"Céu Claro";"Dupla";"Reta";"Sim";2;0;1;0;0;1;1;2;-25,50517634;-54,54246283;"SPRF-PR";"DEL05-PR";"UOP03-DEL05-PR"
503696;2023-02-07;"terça-feira";"08:15:00";"RJ";101;319;"NITEROI";"Ausência de reação do condutor";"Colisão lateral mesmo sentido";"Com Vítimas Feridas";"Pleno dia";"Crescente";"Céu Claro";"Dupla";"Reta";"Sim";2;0;1;0;1;0;1;1;-22,85713538;-43,10395718;"SPRF-RJ";"DEL02-RJ";"UOP02-DEL02-RJ"
503698;2023-02-07;"terça-feira";"14:45:00";"RS";285;421;"PANAMBI";"Acessar a via sem observar a presença dos outros veículos";"Colisão transversal";"Com Vítimas Feridas";"Pleno dia";"Crescente";"Céu Claro";"Simples";"Rotatória";"Não";3;0;0;1;2;0;1;2;-28,34560215;-53,52818549;"SPRF-RS";"DEL10-RS";"UOP01-DEL10-RS"
503700;2023-02-07;"terça-feira";"14:51:00";"MG";381;533,5;"ITATIAIUCU";"Velocidade Incompatível";"Saída de leito carroçável";"Com Vítimas Feridas";"Pleno dia";"Decrescente";"Nublado";"Dupla";"Curva";"Não";2;0;0;1;1;0;1;1;-20,19896036;-44,38641307;"SPRF-MG";"DEL04-MG";"UOP03-DEL04-MG"
503701;2023-02-07;"terça-feira";"15:45:00";"RS";116;245;"SAO LEOPOLDO";"Reação tardia ou ineficiente do condutor";"Tombamento";"Com Vítimas Feridas";"Pleno dia";"Crescente";"Céu Claro";"Dupla";"Reta";"Sim";1;0;1;0;0;0;1;1;-29,74980902;-51,15125361;"SPRF-RS";"DEL01-RS";"UOP02-DEL01-RS"
503702;2023-01-27;"sexta-feira";"09:20:00";"PI";0;0;"TERESINA";"Objeto estático sobre o leito carroçável";"Colisão com objeto";"Sem Vítimas";"Pleno dia";"Não Informado";"Nublado";"Simples";"Interseção de Vias";"Sim";3;0;0;0;3;0;0;1;-5,09534333;-42,78653568;"SPRF-PI";"DEL01-PI";"N/A"
503705;2023-02-07;"terça-feira";"16:00:00";"PE";408;58,9;"TRACUNHAEM";"Avarias e/ou desgaste excessivo no pneu";"Queda de ocupante de veículo";"Com Vítimas Feridas";"Pleno dia";"Crescente";"Céu Claro";"Simples";"Reta";"Sim";2;0;2;0;0;0;2;1;-7,796847;-35,244858;"SPRF-PE";"DEL01-PE";"UOP01-DEL01-PE"
503707;2023-02-07;"terça-feira";"14:05:00";"RJ";116;122;"MAGE";"Demais falhas mecânicas ou elétricas";"Tombamento";"Com Vítimas Feridas";"Pleno dia";"Crescente";"Nublado";"Dupla";"Reta";"Não";2;0;2;0;0;0;2;1;-22,65457152;-43,08631897;"SPRF-RJ";"DEL04-RJ";"UOP02-DEL04-RJ"
503708;2023-02-07;"terça-feira";"16:00:00";"MG";381;647;"SANTO ANTONIO DO AMPARO";"Reação tardia ou ineficiente do condutor";"Saída de leito carroçável";"Com Vítimas Feridas";"Pleno dia";"Crescente";"Nublado";"Dupla";"Reta";"Não";3;0;2;0;1;0;2;1;-20,95465676;-44,91211505;"SPRF-MG";"DEL04-MG";"UOP02-DEL04-MG"
503710;2023-02-07;"terça-feira";"13:30:00";"MT";364;322,8;"SANTO ANTONIO DO LEVERGER";"Acumulo de água sobre o pavimento";"Saída de leito carroçável";"Com Vítimas Feridas";"Pleno dia";"Crescente";"Chuva";"Dupla";"Declive;Curva";"Não";1;0;1;0;0;0;1;1;-15,81713741;-55,34144607;"SPRF-MT";"DEL05-MT";"UOP02-DEL05-MT"
503711;2023-02-07;"terça-feira";"16:00:00";"RJ";101;433;"MANGARATIBA";"Condutor deixou de manter distância do veículo da frente";"Colisão traseira";"Com Vítimas Feridas";"Pleno dia";"Decrescente";"Chuva";"Simples";"Aclive";"Não";2;0;1;0;1;0;1;2;-22,93842518;-44,03644001;"SPRF-RJ";"DEL03-RJ";"UOP02-DEL03-RJ"
503716;2023-02-07;"terça-feira";"15:50:00";"PR";369;154,9;"LONDRINA";"Acessar a via sem observar a presença dos outros veículos";"Colisão transversal";"Com Vítimas Feridas";"Pleno dia";"Crescente";"Céu Claro";"Dupla";"Reta";"Sim";2;0;1;0;1;0;1;2;-23,2975009;-51,19988859;"SPRF-PR";"DEL07-PR";"UOP01-DEL07-PR"
503718;2023-02-07;"terça-feira";"17:30:00";"BA";324;620;"SALVADOR";"Avarias e/ou desgaste excessivo no pneu";"Queda de ocupante de veículo";"Com Vítimas Feridas";"Pleno dia";"Decrescente";"Céu Claro";"Dupla";"Reta";"Não";2;0;1;0;1;0;1;1;-12,90482172;-38,45556535;"SPRF-BA";"DEL01-BA";"UOP01-DEL01-BA"
503719;2023-02-07;"terça-feira";"17:05:00";"GO";20;0;"FORMOSA";"Retorno proibido";"Colisão traseira";"Com Vítimas Feridas";"Pleno dia";"Decrescente";"Céu Claro";"Dupla";"Reta;Declive";"Não";4;0;1;0;3;0;1;2;-15,581001;-47,341749;"SPRF-DF";"DEL02-DF";"UOP02-DEL02-DF"
503720;2023-02-07;"terça-feira";"17:35:00";"SE";235;50,3;"ITABAIANA";"Condutor deixou de manter distância do veículo da frente";"Colisão traseira";"Com Vítimas Feridas";"Pleno dia";"Crescente";"Céu Claro";"Simples";"Reta";"Sim";2;0;1;0;1;0;1;2;-10,707879;-37,42606;"SPRF-SE";"DEL01-SE";"UOP02-DEL01-SE"
503721;2023-02-07;"terça-feira";"18:00:00";"RJ";101;67;"CAMPOS DOS GOYTACAZES";"Ultrapassagem Indevida";"Colisão lateral mesmo sentido";"Com Vítimas Feridas";"Anoitecer";"Crescente";"Nublado";"Simples";"Reta";"Não";2;0;1;0;1;0;1;2;-21,76751094;-41,34876249;"SPRF-RJ";"DEL08-RJ";"UOP02-DEL08-RJ"
503723;2023-02-07;"terça-feira";"16:30:00";"RJ";40;85;"PETROPOLIS";"Chuva";"Capotamento";"Com Vítimas Feridas";"Pleno dia";"Crescente";"Chuva";"Simples";"Declive;Curva;Túnel";"Não";1;0;1;0;0;0;1;1;-22,52850694;-43,2349802;"SPRF-RJ";"DEL06-RJ";"UOP01-DEL06-RJ"
503724;2023-02-07;"terça-feira";"18:00:00";"MG";381;489,2;"BETIM";"Reação tardia ou ineficiente do condutor";"Tombamento";"Com Vítimas Feridas";"Anoitecer";"Crescente";"Nublado";"Dupla";"Reta";"Sim";1;0;0;1;0;0;1;1;-19,95656893;-44,12796021;"SPRF-MG";"DEL01-MG";"UOP03-DEL01-MG"
503726;2023-02-07;"terça-feira";"16:10:00";"GO";70;314;"JUSSARA";"Objeto estático sobre o leito carroçável";"Tombamento";"Com Vítimas Feridas";"Pleno dia";"Crescente";"Céu Claro";"Dupla";"Reta";"Sim";1;0;1;0;0;0;1;1;-15,87466259;-50,86262226;"SPRF-GO";"DEL04-GO";"UOP02-DEL04-GO"
503728;2023-02-07;"terça-feira";"17:50:00";"DF";40;1;"BRASILIA";"Ausência de reação do condutor";"Colisão traseira";"Com Vítimas Feridas";"Pleno dia";"Decrescente";"Céu Claro";"Dupla";"Reta";"Não";2;0;1;0;1;0;1;2;-15,985532;-47,987747;"SPRF-DF";"DEL01-DF";"UOP01-DEL01-DF"
503729;2023-02-07;"terça-feira";"17:55:00";"CE";116;3;"FORTALEZA";"Manobra de mudança de faixa";"Colisão lateral mesmo sentido";"Com Vítimas Feridas";"Anoitecer";"Crescente";"Céu Claro";"Múltipla";"Reta";"Sim";3;0;1;0;2;0;1;3;-3,775717;-38,515771;"SPRF-CE";"DEL01-CE";"UOP02-DEL01-CE"
503730;2023-02-07;"terça-feira";"18:16:00";"PR";153;36;"SANTO ANTONIO DA PLATINA";"Velocidade Incompatível";"Engavetamento";"Com Vítimas Feridas";"Pleno dia";"Crescente";"Nublado";"Simples";"Reta;Em Obras;Declive";"Não";4;0;1;0;3;0;1;4;-23,25412433;-50,05017065;"SPRF-PR";"DEL07-PR";"UOP04-DEL07-PR"
503732;2023-02-07;"terça-feira";"18:45:00";"PE";428;187;"PETROLINA";"Pedestre cruzava a pista fora da faixa";"Atropelamento de Pedestre";"Com Vítimas Feridas";"Plena Noite";"Crescente";"Céu Claro";"Dupla";"Interseção de Vias";"Sim";2;0;2;0;0;0;2;2;-9,35604301;-40,47854198;"SPRF-PE";"DEL06-PE";"UOP01-DEL06-PE"
503733;2023-02-07;"terça-feira";"18:25:00";"SC";101;203;"SAO JOSE";"Reação tardia ou ineficiente do condutor";"Colisão traseira";"Com Vítimas Feridas";"Pleno dia";"Crescente";"Nublado";"Múltipla";"Reta";"Sim";2;0;1;0;1;0;1;2;-27,5650044;-48,61460082;"SPRF-SC";"DEL01-SC";"UOP01-DEL01-SC"
503736;2023-02-07;"terça-feira";"17:40:00";"GO";40;6,5;"VALPARAISO DE GOIAS";"Área urbana sem a presença de local apropriado para a travessia de pedestres";"Atropelamento de Pedestre";"Com Vítimas Feridas";"Pleno dia";"Crescente";"Céu Claro";"Dupla";"Reta;Declive";"Sim";1;0;1;0;0;0;1;1;-16,100814;-47,977351;"SPRF-DF";"DEL01-DF";"UOP01-DEL01-DF"
503738;2023-02-07;"terça-feira";"19:10:00";"MG";381;584,1;"CARMOPOLIS DE MINAS";"Carga excessiva e/ou mal acondicionada";"Colisão com objeto";"Com Vítimas Feridas";"Plena Noite";"Decrescente";"Nublado";"Dupla";"Declive;Curva";"Não";2;0;1;0;1;0;1;1;-20,52949002;-44,63874994;"SPRF-MG";"DEL04-MG";"UOP01-DEL04-MG"
503739;2023-02-07;"terça-feira";"17:50:00";"SC";116;246,3;"LAGES";"Acessar a via sem observar a presença dos outros veículos";"Colisão transversal";"Com Vítimas Feridas";"Pleno dia";"Crescente";"Céu Claro";"Simples";"Reta";"Sim";2;0;1;0;1;0;1;2;-27,80570198;-50,36567867;"SPRF-SC";"DEL05-SC";"UOP02-DEL05-SC"
503741;2023-02-07;"terça-feira";"18:30:00";"SC";470;51,4;"BLUMENAU";"Ausência de reação do condutor";"Colisão traseira";"Com Vítimas Feridas";"Plena Noite";"Crescente";"Céu Claro";"Múltipla";"Reta";"Sim";2;0;0;1;1;0;1;2;-26,86266239;-49,08956409;"SPRF-SC";"DEL04-SC";"UOP01-DEL04-SC"
503742;2023-02-07;"terça-feira";"19:20:00";"MG";381;444,9;"SANTA LUZIA";"Ultrapassagem Indevida";"Colisão frontal";"Com Vítimas Feridas";"Plena Noite";"Crescente";"Nublado";"Simples";"Reta";"Não";4;0;3;0;0;1;3;3;-19,82360393;-43,82539293;"SPRF-MG";"DEL01-MG";"UOP01-DEL01-MG"
503751;2023-02-07;"terça-feira";"16:10:00";"MS";163;758;"COXIM";"Reação tardia ou ineficiente do condutor";"Colisão com objeto";"Com Vítimas Feridas";"Pleno dia";"Crescente";"Céu Claro";"Simples";"Reta";"Não";2;0;1;0;1;0;1;1;-18,275234;-54,66694409;"SPRF-MS";"DEL06-MS";"UOP01-DEL06-MS"