"id";"data_inversa";"dia_semana";"horario";"uf";"br";"km";"municipio";"causa_acidente";"tipo_acidente";"classificacao_acidente";"fase_dia";"sentido_via";"condicao_metereologica";"tipo_pista";"tracado_via";"uso_solo";"pessoas";"mortos";"feridos_leves";"feridos_graves";"ilesos";"ignorados";"feridos";"veiculos";"latitude";"longitude";"regional";"delegacia";"uop"
503753;2023-02-07;"terça-feira";"19:54:00";"ES";101;204,6;"JOAO NEIVA";"Acessar a via sem observar a presença dos outros veículos";"Colisão transversal";"Com Vítimas Feridas";"Plena Noite";"Crescente";"Nublado";"Simples";"Reta;Interseção de Vias;Declive";"Não";2;0;0;1;1;0;1;2;-19,74948916;-40,37922678;"SPRF-ES";"DEL02-ES";"UOP01-DEL02-ES"
503754;2023-02-07;"terça-feira";"14:30:00";"MG";116;555,3;"MANHUACU";"Velocidade Incompatível";"Saída de leito carroçável";"Com Vítimas Feridas";"Pleno dia";"Crescente";"Chuva";"Simples";"Curva";"Não";3;0;3;0;0;0;3;1;-20,00911074;-42,14328403;"SPRF-MG";"DEL06-MG";"UOP02-DEL06-MG"
503755;2023-02-07;"terça-feira";"20:00:00";"PE";232;410;"SERRA TALHADA";"Ausência de reação do condutor";"Tombamento";"Com Vítimas Feridas";"Plena Noite";"Crescente";"Céu Claro";"Simples";"Viaduto";"Sim";2;0;1;0;0;1;1;1;-7,98261841;-38,30039606;"SPRF-PE";"DEL04-PE";"UOP01-DEL04-PE"
503757;2023-02-07;"terça-feira";"20:15:00";"RS";290;86,5;"PORTO ALEGRE";"Manobra de mudança de faixa";"Colisão transversal";"Com Vítimas Feridas";"Plena Noite";"Decrescente";"Céu Claro";"Múltipla";"Curva";"Não";3;0;3;0;0;0;3;2;-29,968412;-51,117138;"SPRF-RS";"DEL01-RS";"UOP01-DEL01-RS"
503758;2023-02-07;"terça-feira";"20:00:00";"RJ";101;275;"TANGUA";"Animais na Pista";"Atropelamento de Animal";"Com Vítimas Feridas";"Plena Noite";"Decrescente";"Chuva";"Dupla";"Reta";"Sim";2;0;1;0;1;0;1;1;-22,73653355;-42,72909106;"SPRF-RJ";"DEL02-RJ";"UOP03-DEL02-RJ"
503760;2023-02-07;"terça-feira";"21:05:00";"RS";116;235;"NOVO HAMBURGO";"Ingestão de álcool pelo condutor";"Saída de leito carroçável";"Com Vítimas Feridas";"Plena Noite";"Decrescente";"Céu Claro";"Dupla";"Reta";"Sim";1;0;0;1;0;0;1;1;-29,66040431;-51,14392161;"SPRF-RS";"DEL01-RS";"UOP02-DEL01-RS"
503761;2023-02-07;"terça-feira";"20:55:00";"RS";386;247,9;"SOLEDADE";"Acessar a via sem observar a presença dos outros veículos";"Colisão transversal";"Com Vítimas Feridas";"Plena Noite";"Decrescente";"Céu Claro";"Simples";"Reta";"Sim";3;0;1;0;2;0;1;2;-28,813179;-52,493595;"SPRF-RS";"DEL04-RS";"UOP03-DEL04-RS"
503765;2023-02-07;"terça-feira";"19:10:00";"MT";163;755;"SORRISO";"Avarias e/ou desgaste excessivo no pneu";"Queda de ocupante de veículo";"Com Vítimas Feridas";"Plena Noite";"Decrescente";"Chuva";"Dupla";"Curva;Declive";"Sim";1;0;0;1;0;0;1;1;-12,52887135;-55,70438395;"SPRF-MT";"DEL06-MT";"UOP01-DEL06-MT"
503767;2023-02-07;"terça-feira";"19:30:00";"RJ";101;491,5;"ANGRA DOS REIS";"Pista Escorregadia";"Colisão frontal";"Com Vítimas Feridas";"Plena Noite";"Crescente";"Chuva";"Simples";"Curva";"Não";2;0;1;0;1;0;1;2;-22,95442983;-44,32193004;"SPRF-RJ";"DEL03-RJ";"UOP03-DEL03-RJ"
503770;2023-02-07;"terça-feira";"21:00:00";"RJ";101;273;"TANGUA";"Pedestre cruzava a pista fora da faixa";"Atropelamento de Pedestre";"Com Vítimas Feridas";"Plena Noite";"Decrescente";"Chuva";"Dupla";"Reta;Declive";"Não";2;0;1;0;1;0;1;2;-22,7316093;-42,71051285;"SPRF-RJ";"DEL02-RJ";"UOP03-DEL02-RJ"
503771;2023-01-30;"segunda-feira";"09:30:00";"MS";267;25,7;"BATAGUASSU";"Avarias e/ou desgaste excessivo no pneu";"Saída de leito carroçável";"Com Vítimas Feridas";"Pleno dia";"Crescente";"Nublado";"Simples";"Declive";"Não";2;0;1;0;1;0;1;1;-21,72459772;-52,38438497;"SPRF-MS";"DEL02-MS";"UOP04-DEL02-MS"
503772;2023-02-07;"terça-feira";"20:45:00";"RO";364;241,9;"CACOAL";"Acessar a via sem observar a presença dos outros veículos";"Colisão transversal";"Com Vítimas Feridas";"Plena Noite";"Decrescente";"Céu Claro";"Simples";"Reta;Rotatória";"Sim";2;0;1;0;1;0;1;2;-11,44070217;-61,4786063;"SPRF-RO";"DEL02-RO";"UOP02-DEL02-RO"
503775;2023-02-07;"terça-feira";"17:30:00";"RS";287;338;"SAO VICENTE DO SUL";"Ausência de reação do condutor";"Saída de leito carroçável";"Com Vítimas Feridas";"Pleno dia";"Crescente";"Céu Claro";"Simples";"Curva";"Não";1;0;1;0;0;0;1;1;-29,61326188;-54,68518173;"SPRF-RS";"DEL12-RS";"UOP02-DEL12-RS"
503779;2023-02-07;"terça-feira";"22:28:00";"PE";316;65;"OURICURI";"Ingestão de álcool pelo condutor";"Queda de ocupante de veículo";"Com Vítimas Feridas";"Plena Noite";"Decrescente";"Céu Claro";"Simples";"Reta";"Não";3;0;1;1;0;1;2;2;-7,78713245;-40,21815308;"SPRF-PE";"DEL05-PE";"UOP02-DEL05-PE"
503787;2023-02-08;"quarta-feira";"00:40:00";"SC";101;359,6;"JAGUARUNA";"Ausência de reação do condutor";"Capotamento";"Com Vítimas Feridas";"Plena Noite";"Decrescente";"Céu Claro";"Dupla";"Reta";"Não";5;0;1;0;4;0;1;1;-28,65057609;-49,10516385;"SPRF-SC";"DEL02-SC";"UOP01-DEL02-SC"
503788;2023-02-07;"terça-feira";"21:40:00";"RN";101;154;"GOIANINHA";"Condutor Dormindo";"Colisão com objeto";"Sem Vítimas";"Plena Noite";"Crescente";"Céu Claro";"Dupla";"Reta";"Não";1;0;0;0;1;0;0;1;-6,33179862;-35,17639161;"SPRF-RN";"DEL01-RN";"UOP01-DEL01-RN"
503791;2023-02-07;"terça-feira";"06:45:00";"RJ";101;321;"NITEROI";"Trafegar com motocicleta (ou similar) entre as faixas";"Colisão lateral mesmo sentido";"Com Vítimas Feridas";"Pleno dia";"Crescente";"Céu Claro";"Dupla";"Curva";"Não";2;0;1;0;1;0;1;2;-22,86981096;-43,11046465;"SPRF-RJ";"DEL02-RJ";"UOP01-DEL02-RJ"
503794;2023-02-08;"quarta-feira";"03:50:00";"BA";324;599;"SIMOES FILHO";"Condutor Dormindo";"Colisão com objeto";"Sem Vítimas";"Plena Noite";"Crescente";"Céu Claro";"Dupla";"Reta";"Não";1;0;0;0;1;0;0;1;-12,74194511;-38,43853918;"SPRF-BA";"DEL01-BA";"UOP01-DEL01-BA"
503795;2023-02-07;"terça-feira";"22:00:00";"RS";285;618,2;"SANTO ANTONIO DAS MISSOES";"Animais na Pista";"Atropelamento de Animal";"Com Vítimas Feridas";"Plena Noite";"Decrescente";"Céu Claro";"Simples";"Reta";"Não";1;0;1;0;0;0;1;1;-28,504004;-55,466183;"SPRF-RS";"DEL12-RS";"UOP01-DEL12-RS"
503796;2023-02-08;"quarta-feira";"05:00:00";"MG";381;648,1;"SANTO ANTONIO DO AMPARO";"Condutor Dormindo";"Saída de leito carroçável";"Com Vítimas Feridas";"Amanhecer";"Decrescente";"Nublado";"Dupla";"Reta";"Sim";15;0;3;0;12;0;3;1;-20,95761493;-44,92120513;"SPRF-MG";"DEL04-MG";"UOP02-DEL04-MG"
503800;2023-02-07;"terça-feira";"20:00:00";"RJ";493;49;"DUQUE DE CAXIAS";"Pedestre cruzava a pista fora da faixa";"Atropelamento de Pedestre";"Com Vítimas Feridas";"Plena Noite";"Crescente";"Chuva";"Múltipla";"Reta";"Sim";2;0;1;0;1;0;1;2;-22,672089;-43,285053;"SPRF-RJ";"DEL01-RJ";"UOP01-DEL01-RJ"
503804;2023-02-08;"quarta-feira";"04:00:00";"PR";277;112,5;"CAMPO LARGO";"Transitar na contramão";"Colisão frontal";"Com Vítimas Feridas";"Amanhecer";"Decrescente";"Nublado";"Dupla";"Reta";"Sim";2;0;1;0;1;0;1;2;-25,42970087;-49,37850986;"SPRF-PR";"DEL03-PR";"UOP03-DEL03-PR"
503805;2023-02-08;"quarta-feira";"06:40:00";"RS";158;335;"SANTA MARIA";"Desrespeitar a preferência no cruzamento";"Colisão frontal";"Com Vítimas Feridas";"Pleno dia";"Crescente";"Céu Claro";"Simples";"Interseção de Vias";"Não";4;0;0;2;1;1;2;3;-29,70762392;-53,87394905;"SPRF-RS";"DEL09-RS";"UOP01-DEL09-RS"
503806;2023-02-08;"quarta-feira";"07:10:00";"MG";40;686,8;"RESSAQUINHA";"Conversão proibida";"Colisão transversal";"Com Vítimas Fatais";"Pleno dia";"Crescente";"Céu Claro";"Simples";"Declive;Reta";"Não";3;1;1;0;1;0;1;2;-21,09705982;-43,76796668;"SPRF-MG";"DEL05-MG";"UOP02-DEL05-MG"
503807;2023-02-08;"quarta-feira";"07:20:00";"PE";101;69,6;"RECIFE";"Acessar a via sem observar a presença dos outros veículos";"Colisão transversal";"Com Vítimas Feridas";"Pleno dia";"Crescente";"Nublado";"Múltipla";"Interseção de Vias";"Sim";2;0;1;0;0;1;1;2;-8,05951606;-34,94581024;"SPRF-PE";"DEL01-PE";"UOP01-DEL01-PE"
503808;2023-02-08;"quarta-feira";"07:20:00";"MG";40;617,7;"CONGONHAS";"Afundamento ou ondulação no pavimento";"Tombamento";"Com Vítimas Feridas";"Pleno dia";"Crescente";"Céu Claro";"Simples";"Reta";"Não";1;0;1;0;0;0;1;1;-20,563502;-43,811892;"SPRF-MG";"DEL05-MG";"UOP02-DEL05-MG"
503809;2023-02-08;"quarta-feira";"07:48:00";"SP";116;209;"GUARULHOS";"Condutor deixou de manter distância do veículo da frente";"Colisão lateral mesmo sentido";"Com Vítimas Feridas";"Pleno dia";"Crescente";"Céu Claro";"Dupla";"Reta";"Sim";3;0;3;0;0;0;3;2;-23,42511799;-46,40221101;"SPRF-SP";"DEL01-SP";"UOP01-DEL01-SP"
503812;2023-02-08;"quarta-feira";"07:48:00";"PR";369;160;"CAMBE";"Manobra de mudança de faixa";"Tombamento";"Com Vítimas Feridas";"Pleno dia";"Crescente";"Céu Claro";"Dupla";"Reta";"Sim";1;0;1;0;0;0;1;1;-23,283296;-51,25053406;"SPRF-PR";"DEL07-PR";"UOP01-DEL07-PR"
503813;2023-02-08;"quarta-feira";"07:00:00";"RO";364;240,5;"CACOAL";"Acessar a via sem observar a presença dos outros veículos";"Colisão lateral mesmo sentido";"Com Vítimas Feridas";"Pleno dia";"Crescente";"Céu Claro";"Simples";"Reta";"Sim";2;0;1;0;1;0;1;2;-11,438666;-61,475494;"SPRF-RO";"DEL02-RO";"UOP02-DEL02-RO"
503815;2023-02-08;"quarta-feira";"08:00:00";"SC";282;19;"PALHOCA";"Manobra de mudança de faixa";"Colisão lateral mesmo sentido";"Com Vítimas Feridas";"Pleno dia";"Decrescente";"Céu Claro";"Simples";"Reta";"Não";2;0;0;1;1;0;1;2;-27,678635;-48,70192;"SPRF-SC";"DEL01-SC";"UOP02-DEL01-SC"
503818;2023-02-07;"terça-feira";"07:00:00";"RS";287;482;"SAO BORJA";"Animais na Pista";"Atropelamento de Animal";"Sem Vítimas";"Amanhecer";"Decrescente";"Céu Claro";"Simples";"Reta";"Não";4;0;0;0;4;0;0;1;-28,9404138;-55,56657289;"SPRF-RS";"DEL12-RS";"UOP01-DEL12-RS"
503819;2023-02-07;"terça-feira";"18:50:00";"BA";324;626;"SALVADOR";"Avarias e/ou desgaste excessivo no pneu";"Queda de ocupante de veículo";"Com Vítimas Feridas";"Plena Noite";"Crescente";"Céu Claro";"Dupla";"Reta";"Não";1;0;1;0;0;0;1;1;-12,95020997;-38,47073108;"SPRF-BA";"DEL01-BA";"UOP01-DEL01-BA"
503823;2023-02-08;"quarta-feira";"05:50:00";"PR";116;26,7;"CAMPINA GRANDE DO SUL";"Pedestre andava na pista";"Atropelamento de Pedestre";"Com Vítimas Feridas";"Amanhecer";"Crescente";"Céu Claro";"Dupla";"Reta";"Não";2;0;1;0;0;1;1;2;-25,10683694;-48,785333;"SPRF-PR";"DEL01-PR";"UOP02-DEL01-PR"
503824;2023-02-08;"quarta-feira";"06:10:00";"ES";101;411,5;"ITAPEMIRIM";"Condutor Dormindo";"Saída de leito carroçável";"Com Vítimas Feridas";"Amanhecer";"Crescente";"Céu Claro";"Simples";"Reta";"Não";1;0;0;1;0;0;1;1;-20,90375097;-41,06177501;"SPRF-ES";"DEL03-ES";"UOP02-DEL03-ES"
503825;2023-02-08;"quarta-feira";"07:10:00";"PR";277;81;"CURITIBA";"Trafegar com motocicleta (ou similar) entre as faixas";"Colisão lateral mesmo sentido";"Com Vítimas Feridas";"Pleno dia";"Crescente";"Céu Claro";"Dupla";"Reta";"Sim";3;0;2;0;0;1;2;2;-25,4634;-49,2176;"SPRF-PR";"DEL01-PR";"UOP01-DEL01-PR"
503826;2023-02-08;"quarta-feira";"07:15:00";"MT";163;828;"SINOP";"Acessar a via sem observar a presença dos outros veículos";"Colisão transversal";"Sem Vítimas";"Pleno dia";"Crescente";"Céu Claro";"Simples";"Interseção de Vias";"Sim";2;0;0;0;2;0;0;2;-12,049672;-55,51738084;"SPRF-MT";"DEL06-MT";"UOP02-DEL06-MT"
503827;2023-02-08;"quarta-feira";"07:55:00";"SC";101;212;"PALHOCA";"Trafegar com motocicleta (ou similar) entre as faixas";"Colisão transversal";"Com Vítimas Feridas";"Pleno dia";"Decrescente";"Sol";"Múltipla";"Reta";"Não";2;0;1;0;1;0;1;2;-27,62996929;-48,65903871;"SPRF-SC";"DEL01-SC";"UOP02-DEL01-SC"
503828;2023-02-08;"quarta-feira";"06:45:00";"PE";101;46,7;"IGARASSU";"Condutor deixou de manter distância do veículo da frente";"Colisão traseira";"Com Vítimas Feridas";"Pleno dia";"Crescente";"Céu Claro";"Dupla";"Interseção de Vias;Reta";"Sim";3;0;1;0;1;1;1;3;-7,87406004;-34,90588126;"SPRF-PE";"DEL01-PE";"UOP02-DEL01-PE"
503830;2023-02-08;"quarta-feira";"09:00:00";"SC";101;211;"SAO JOSE";"Condutor deixou de manter distância do veículo da frente";"Colisão traseira";"Com Vítimas Feridas";"Pleno dia";"Decrescente";"Céu Claro";"Múltipla";"Reta";"Não";2;0;1;0;1;0;1;2;-27,62329313;-48,65245588;"SPRF-SC";"DEL01-SC";"UOP02-DEL01-SC"
503831;2023-02-08;"quarta-feira";"06:40:00";"PR";277;473,9;"NOVA LARANJEIRAS";"Velocidade Incompatível";"Saída de leito carroçável";"Sem Vítimas";"Amanhecer";"Decrescente";"Céu Claro";"Simples";"Curva";"Não";2;0;0;0;0;2;0;2;-25,31228529;-52,52903626;"SPRF-PR";"DEL04-PR";"UOP02-DEL04-PR"
503832;2023-02-07;"terça-feira";"15:30:00";"PR";158;375;"MARQUINHO";"Falta de acostamento";"Saída de leito carroçável";"Com Vítimas Feridas";"Pleno dia";"Decrescente";"Céu Claro";"Simples";"Reta;Declive";"Não";1;0;1;0;0;0;1;1;-25,16177501;-52,27555636;"SPRF-PR";"DEL04-PR";"UOP02-DEL04-PR"
503833;2023-02-08;"quarta-feira";"08:45:00";"BA";116;421;"FEIRA DE SANTANA";"Condutor deixou de manter distância do veículo da frente";"Colisão traseira";"Com Vítimas Feridas";"Pleno dia";"Crescente";"Céu Claro";"Dupla";"Reta";"Sim";3;0;2;0;1;0;2;2;-12,211936;-38,96567;"SPRF-BA";"DEL02-BA";"UOP01-DEL02-BA"
503836;2023-02-08;"quarta-feira";"07:25:00";"MG";40;517;"RIBEIRAO DAS NEVES";"Acessar a via sem observar a presença dos outros veículos";"Colisão transversal";"Com Vítimas Feridas";"Pleno dia";"Crescente";"Céu Claro";"Dupla";"Interseção de Vias;Retorno Regulamentado;Reta";"Sim";2;0;2;0;0;0;2;1;-19,82351202;-44,08438913;"SPRF-MG";"DEL01-MG";"UOP02-DEL01-MG"
503837;2023-02-08;"quarta-feira";"09:50:00";"RS";116;385;"CAMAQUA";"Avarias e/ou desgaste excessivo no pneu";"Capotamento";"Com Vítimas Feridas";"Pleno dia";"Decrescente";"Céu Claro";"Dupla";"Reta";"Não";4;0;2;0;2;0;2;1;-30,80196293;-51,68141807;"SPRF-RS";"DEL02-RS";"UOP02-DEL02-RS"
503838;2023-02-08;"quarta-feira";"08:10:00";"MT";163;829;"SINOP";"Ausência de reação do condutor";"Colisão transversal";"Sem Vítimas";"Pleno dia";"Decrescente";"Céu Claro";"Dupla";"Reta";"Não";3;0;0;0;3;0;0;2;-12,040704;-55,51732275;"SPRF-MT";"DEL06-MT";"UOP02-DEL06-MT"
503839;2023-02-08;"quarta-feira";"10:05:00";"SC";101;213,3;"PALHOCA";"Reação tardia ou ineficiente do condutor";"Saída de leito carroçável";"Com Vítimas Feridas";"Pleno dia";"Decrescente";"Sol";"Simples";"Reta";"Sim";1;0;1;0;0;0;1;1;-27,63697369;-48,66514142;"SPRF-SC";"DEL01-SC";"UOP02-DEL01-SC"
503840;2023-02-08;"quarta-feira";"08:00:00";"SC";470;167,4;"POUSO REDONDO";"Desrespeitar a preferência no cruzamento";"Colisão transversal";"Com Vítimas Feridas";"Pleno dia";"Decrescente";"Céu Claro";"Simples";"Reta;Interseção de Vias";"Não";2;0;2;0;0;0;2;2;-27,269835;-49,863087;"SPRF-SC";"DEL04-SC";"UOP02-DEL04-SC"
503843;2023-02-08;"quarta-feira";"10:10:00";"PR";277;712,3;"SANTA TEREZINHA DE ITAIPU";"Transitar na contramão";"Colisão frontal";"Com Vítimas Feridas";"Pleno dia";"Crescente";"Céu Claro";"Dupla";"Reta";"Não";5;0;2;0;3;0;2;2;-25,45780735;-54,43119986;"SPRF-PR";"DEL05-PR";"UOP01-DEL05-PR"
503848;2023-02-04;"sábado";"07:31:00";"PR";277;130;"BALSA NOVA";"Reação tardia ou ineficiente do condutor";"Queda de ocupante de veículo";"Com Vítimas Feridas";"Pleno dia";"Crescente";"Céu Claro";"Dupla";"Reta";"Não";1;0;1;0;0;0;1;1;-25,45960791;-49,64423418;"SPRF-PR";"DEL03-PR";"UOP03-DEL03-PR"
503849;2023-02-08;"quarta-feira";"10:15:00";"CE";222;311;"TIANGUA";"Acessar a via sem observar a presença dos outros veículos";"Colisão lateral mesmo sentido";"Com Vítimas Feridas";"Pleno dia";"Crescente";"Céu Claro";"Dupla";"Reta";"Não";2;0;1;0;1;0;1;2;-3,711973;-40,984356;"SPRF-CE";"DEL04-CE";"UOP02-DEL04-CE"
503850;2023-02-08;"quarta-feira";"10:00:00";"GO";153;499;"GOIANIA";"Avarias e/ou desgaste excessivo no pneu";"Queda de ocupante de veículo";"Com Vítimas Feridas";"Pleno dia";"Crescente";"Céu Claro";"Dupla";"Reta";"Sim";2;0;0;2;0;0;2;1;-16,7033;-49,2311;"SPRF-GO";"DEL01-GO";"UOP01-DEL01-GO"
503851;2023-02-08;"quarta-feira";"09:40:00";"RS";290;107;"ELDORADO DO SUL";"Reação tardia ou ineficiente do condutor";"Colisão traseira";"Com Vítimas Feridas";"Pleno dia";"Crescente";"Céu Claro";"Simples";"Reta";"Sim";3;0;1;0;2;0;1;2;-30,001852;-51,304264;"SPRF-RS";"DEL02-RS";"UOP01-DEL02-RS"
503852;2023-02-08;"quarta-feira";"06:45:00";"CE";116;545,4;"PENAFORTE";"Condutor deixou de manter distância do veículo da frente";"Colisão traseira";"Com Vítimas Feridas";"Pleno dia";"Decrescente";"Céu Claro";"Simples";"Reta";"Não";3;0;2;0;0;1;2;2;-7,80364088;-39,08132826;"SPRF-CE";"DEL05-CE";"UOP03-DEL05-CE"
503853;2023-02-08;"quarta-feira";"09:50:00";"RO";364;425;"JARU";"Desrespeitar a preferência no cruzamento";"Colisão transversal";"Sem Vítimas";"Pleno dia";"Decrescente";"Sol";"Dupla";"Reta";"Sim";4;0;0;0;4;0;0;2;-10,43752488;-62,47169791;"SPRF-RO";"DEL03-RO";"UOP02-DEL03-RO"
503854;2023-01-20;"sexta-feira";"19:30:00";"GO";40;8;"LUZIANIA";"Entrada inopinada do pedestre";"Atropelamento de Pedestre";"Com Vítimas Feridas";"Plena Noite";"Decrescente";"Ignorado";"Dupla";"Reta";"Sim";3;0;1;0;2;0;1;2;-16,116158;-47,96761;"SPRF-DF";"DEL01-DF";"UOP01-DEL01-DF"
503856;2023-02-08;"quarta-feira";"11:50:00";"RN";110;49,2;"MOSSORO";"Avarias e/ou desgaste excessivo no pneu";"Colisão traseira";"Com Vítimas Feridas";"Pleno dia";"Crescente";"Sol";"Simples";"Retorno Regulamentado";"Sim";2;0;1;0;1;0;1;2;-5,21645975;-37,32927128;"SPRF-RN";"DEL04-RN";"UOP01-DEL04-RN"
503858;2023-02-08;"quarta-feira";"12:00:00";"SC";101;204;"SAO JOSE";"Frear bruscamente";"Colisão traseira";"Com Vítimas Feridas";"Pleno dia";"Decrescente";"Céu Claro";"Simples";"Interseção de Vias;Reta";"Sim";2;0;1;0;1;0;1;2;-27,57413014;-48,61363083;"SPRF-SC";"DEL01-SC";"UOP01-DEL01-SC"
503860;2023-02-07;"terça-feira";"20:30:00";"RS";285;165,6;"MUITOS CAPOES";"Velocidade Incompatível";"Saída de leito carroçável";"Com Vítimas Feridas";"Plena Noite";"Crescente";"Ignorado";"Simples";"Curva;Declive";"Não";1;0;1;0;0;0;1;1;-28,33014654;-51,28014565;"SPRF-RS";"DEL05-RS";"UOP03-DEL05-RS"
503861;2023-02-08;"quarta-feira";"11:05:00";"RS";392;77;"PELOTAS";"Reação tardia ou ineficiente do condutor";"Tombamento";"Com Vítimas Feridas";"Pleno dia";"Decrescente";"Céu Claro";"Simples";"Reta";"Não";2;0;2;0;0;0;2;1;-31,69231175;-52,42949285;"SPRF-RS";"DEL07-RS";"UOP01-DEL07-RS"
503863;2023-01-07;"sábado";"16:30:00";"RS";386;349,1;"LAJEADO";"Transitar na contramão";"Colisão lateral sentido oposto";"Com Vítimas Feridas";"Pleno dia";"Crescente";"Céu Claro";"Dupla";"Reta";"Não";2;0;0;1;1;0;1;2;-29,465483;-51,95509;"SPRF-RS";"DEL04-RS";"UOP02-DEL04-RS"
503864;2023-01-23;"segunda-feira";"21:00:00";"RJ";116;316;"ITATIAIA";"Condutor deixou de manter distância do veículo da frente";"Colisão com objeto";"Com Vítimas Feridas";"Plena Noite";"Decrescente";"Céu Claro";"Dupla";"Reta";"Não";2;0;2;0;0;0;2;1;-22,46560057;-44,49102813;"SPRF-RJ";"DEL07-RJ";"UOP02-DEL07-RJ"
503871;2023-02-08;"quarta-feira";"12:19:00";"SP";381;64;"MAIRIPORA";"Demais falhas mecânicas ou elétricas";"Queda de ocupante de veículo";"Com Vítimas Feridas";"Pleno dia";"Crescente";"Sol";"Múltipla";"Reta";"Não";1;0;1;0;0;0;1;1;-23,3089645;-46,57924651;"SPRF-SP";"DEL03-SP";"UOP01-DEL03-SP"
503872;2023-02-08;"quarta-feira";"13:30:00";"SP";381;82;"SAO PAULO";"Faixas de trânsito com largura insuficiente";"Colisão lateral mesmo sentido";"Sem Vítimas";"Pleno dia";"Crescente";"Céu Claro";"Simples";"Reta;Em Obras";"Sim";3;0;0;0;3;0;0;2;-23,42399;-46,575112;"SPRF-SP";"DEL03-SP";"UOP01-DEL03-SP"
503874;2023-02-08;"quarta-feira";"09:50:00";"PR";373;257,6;"PRUDENTOPOLIS";"Acessar a via sem observar a presença dos outros veículos";"Colisão transversal";"Com Vítimas Feridas";"Pleno dia";"Crescente";"Céu Claro";"Simples";"Aclive;Reta";"Não";2;0;0;1;1;0;1;2;-25,19269;-50,913033;"SPRF-PR";"DEL08-PR";"UOP01-DEL08-PR"
503875;2023-02-08;"quarta-feira";"13:50:00";"GO";60;100,2;"ANAPOLIS";"Condutor deixou de manter distância do veículo da frente";"Colisão traseira";"Com Vítimas Feridas";"Pleno dia";"Decrescente";"Céu Claro";"Dupla";"Reta";"Sim";2;0;1;0;1;0;1;2;-16,3979;-48,9664;"SPRF-GO";"DEL02-GO";"UOP01-DEL02-GO"
503878;2023-02-08;"quarta-feira";"13:40:00";"RS";386;176,2;"CARAZINHO";"Transitar na contramão";"Colisão lateral sentido oposto";"Com Vítimas Feridas";"Pleno dia";"Crescente";"Céu Claro";"Simples";"Reta";"Sim";14;0;2;0;12;0;2;2;-28,274448;-52,770943;"SPRF-RS";"DEL08-RS";"UOP01-DEL08-RS"
503879;2023-01-04;"quarta-feira";"04:20:00";"RS";386;417,1;"MONTENEGRO";"Reação tardia ou ineficiente do condutor";"Saída de leito carroçável";"Com Vítimas Feridas";"Plena Noite";"Crescente";"Céu Claro";"Dupla";"Reta";"Não";1;0;1;0;0;0;1;1;-29,818958;-51,452934;"SPRF-RS";"DEL01-RS";"UOP01-DEL01-RS"
503884;2023-02-08;"quarta-feira";"15:00:00";"RJ";101;272;"RIO BONITO";"Demais falhas mecânicas ou elétricas";"Queda de ocupante de veículo";"Com Vítimas Feridas";"Pleno dia";"Decrescente";"Chuva";"Dupla";"Reta";"Sim";2;0;1;0;1;0;1;1;-22,72935968;-42,70112512;"SPRF-RJ";"DEL02-RJ";"UOP03-DEL02-RJ"
503885;2023-02-08;"quarta-feira";"14:30:00";"SP";116;287;"ITAPECERICA DA SERRA";"Acessar a via sem observar a presença dos outros veículos";"Atropelamento de Pedestre";"Com Vítimas Feridas";"Pleno dia";"Crescente";"Céu Claro";"Dupla";"Reta";"Sim";2;0;1;0;1;0;1;2;-23,71441779;-46,87929634;"SPRF-SP";"DEL04-SP";"UOP01-DEL04-SP"
503888;2023-02-08;"quarta-feira";"15:08:00";"PI";343;345,5;"TERESINA";"Desrespeitar a preferência no cruzamento";"Colisão transversal";"Com Vítimas Feridas";"Pleno dia";"Crescente";"Céu Claro";"Simples";"Interseção de Vias";"Sim";3;0;1;0;2;0;1;2;-5,102889;-42,766506;"SPRF-PI";"DEL01-PI";"UOP01-DEL01-PI"
503890;2023-02-08;"quarta-feira";"15:50:00";"PE";232;194;"SANHARO";"Acessar a via sem observar a presença dos outros veículos";"Colisão transversal";"Com Vítimas Fatais";"Pleno dia";"Crescente";"Céu Claro";"Simples";"Reta";"Sim";3;1;0;0;2;0;0;3;-8,36209062;-36,55441109;"SPRF-PE";"DEL03-PE";"UOP02-DEL03-PE"
503891;2023-02-08;"quarta-feira";"13:15:00";"MG";116;527,2;"CARATINGA";"Desrespeitar a preferência no cruzamento";"Colisão lateral mesmo sentido";"Com Vítimas Feridas";"Pleno dia";"Crescente";"Céu Claro";"Dupla";"Reta;Interseção de Vias";"Sim";2;0;1;0;1;0;1;2;-19,78510701;-42,13445297;"SPRF-MG";"DEL06-MG";"UOP02-DEL06-MG"
503893;2023-02-08;"quarta-feira";"14:55:00";"MG";40;517;"RIBEIRAO DAS NEVES";"Velocidade Incompatível";"Colisão traseira";"Com Vítimas Feridas";"Pleno dia";"Crescente";"Céu Claro";"Dupla";"Reta";"Sim";3;0;2;0;1;0;2;2;-19,82718119;-44,08397198;"SPRF-MG";"DEL01-MG";"UOP02-DEL01-MG"