"id";"data_inversa";"dia_semana";"horario";"uf";"br";"km";"municipio";"causa_acidente";"tipo_acidente";"classificacao_acidente";"fase_dia";"sentido_via";"condicao_metereologica";"tipo_pista";"tracado_via";"uso_solo";"pessoas";"mortos";"feridos_leves";"feridos_graves";"ilesos";"ignorados";"feridos";"veiculos";"latitude";"longitude";"regional";"delegacia";"uop"
504137;2023-02-09;"quinta-feira";"19:20:00";"MG";262;95;"ABRE CAMPO";"Animais na Pista";"Atropelamento de Animal";"Com Vítimas Feridas";"Plena Noite";"Crescente";"Céu Claro";"Simples";"Reta";"Não";3;0;2;0;1;0;2;1;-20,3007766;-42,47286782;"SPRF-MG";"DEL03-MG";"UOP03-DEL03-MG"
504138;2023-02-09;"quinta-feira";"22:30:00";"ES";101;265;"SERRA";"Reação tardia ou ineficiente do condutor";"Tombamento";"Com Vítimas Feridas";"Plena Noite";"Crescente";"Céu Claro";"Dupla";"Reta;Em Obras";"Sim";1;0;1;0;0;0;1;1;-20,1816849;-40,26536036;"SPRF-ES";"DEL02-ES";"UOP01-DEL02-ES"
504143;2023-02-09;"quinta-feira";"21:15:00";"PR";277;325;"GUARAPUAVA";"Ausência de reação do condutor";"Saída de leito carroçável";"Com Vítimas Feridas";"Plena Noite";"Crescente";"Nublado";"Simples";"Reta";"Não";1;0;0;1;0;0;1;1;-25,37142553;-51,26201107;"SPRF-PR";"DEL08-PR";"UOP01-DEL08-PR"
504145;2023-02-09;"quinta-feira";"23:00:00";"MG";381;927,8;"ITAPEVA";"Ingestão de álcool pelo condutor";"Colisão com objeto";"Com Vítimas Feridas";"Plena Noite";"Decrescente";"Chuva";"Dupla";"Declive;Reta";"Sim";1;0;1;0;0;0;1;1;-22,79271225;-46,24636988;"SPRF-MG";"DEL16-MG";"UOP03-DEL16-MG"
504146;2023-02-09;"quinta-feira";"23:20:00";"SP";116;269,5;"TABOAO DA SERRA";"Condutor desrespeitou a iluminação vermelha do semáforo";"Colisão transversal";"Com Vítimas Feridas";"Plena Noite";"Decrescente";"Nublado";"Múltipla";"Interseção de Vias;Reta";"Sim";3;0;1;1;1;0;2;2;-23,61593059;-46,78826044;"SPRF-SP";"DEL04-SP";"UOP01-DEL04-SP"
504148;2023-02-09;"quinta-feira";"23:45:00";"RS";386;345,9;"LAJEADO";"Objeto estático sobre o leito carroçável";"Tombamento";"Com Vítimas Feridas";"Plena Noite";"Crescente";"Céu Claro";"Dupla";"Reta";"Sim";1;0;1;0;0;0;1;1;-29,443069;-51,984135;"SPRF-RS";"DEL04-RS";"UOP01-DEL04-RS"
504149;2023-02-09;"quinta-feira";"23:20:00";"SC";280;225;"TRES BARRAS";"Animais na Pista";"Atropelamento de Animal";"Sem Vítimas";"Plena Noite";"Crescente";"Céu Claro";"Simples";"Reta";"Não";1;0;0;0;1;0;0;1;-26,17875971;-50,31308811;"SPRF-SC";"DEL06-SC";"UOP04-DEL06-SC"
504150;2023-02-09;"quinta-feira";"22:10:00";"MS";158;266;"TRES LAGOAS";"Reação tardia ou ineficiente do condutor";"Tombamento";"Com Vítimas Feridas";"Plena Noite";"Crescente";"Nublado";"Simples";"Reta";"Sim";1;0;1;0;0;0;1;1;-20,75394198;-51,70516399;"SPRF-MS";"DEL07-MS";"UOP01-DEL07-MS"
504152;2023-02-10;"sexta-feira";"01:30:00";"BA";101;687;"ITAGIMIRIM";"Ingestão de álcool e/ou substâncias psicoativas pelo pedestre";"Atropelamento de Pedestre";"Com Vítimas Fatais";"Plena Noite";"Crescente";"Céu Claro";"Simples";"Reta;Declive";"Não";2;1;0;0;0;1;0;2;-16,12901299;-39,60396074;"SPRF-BA";"DEL09-BA";"UOP01-DEL09-BA"
504157;2023-02-09;"quinta-feira";"13:06:00";"MT";174;106;"JUINA";"Transitar na contramão";"Colisão frontal";"Com Vítimas Fatais";"Pleno dia";"Decrescente";"Céu Claro";"Simples";"Aclive;Reta";"Não";4;1;3;0;0;0;3;2;-12,107383;-59,691386;"SPRF-MT";"DEL03-MT";"UOP01-DEL03-MT"
504159;2023-02-10;"sexta-feira";"03:35:00";"RS";290;106,9;"ELDORADO DO SUL";"Animais na Pista";"Atropelamento de Animal";"Com Vítimas Feridas";"Amanhecer";"Crescente";"Céu Claro";"Dupla";"Reta";"Não";2;0;2;0;0;0;2;2;-29,998999;-51,294563;"SPRF-RS";"DEL02-RS";"UOP01-DEL02-RS"
504162;2023-02-10;"sexta-feira";"04:30:00";"SC";101;114;"ITAJAI";"Ingestão de álcool pelo condutor";"Saída de leito carroçável";"Sem Vítimas";"Plena Noite";"Decrescente";"Céu Claro";"Múltipla";"Reta";"Sim";2;0;0;0;2;0;0;1;-26,86192886;-48,7286704;"SPRF-SC";"DEL04-SC";"UOP04-DEL04-SC"
504165;2023-02-10;"sexta-feira";"03:50:00";"SP";381;18,4;"BRAGANCA PAULISTA";"Reação tardia ou ineficiente do condutor";"Saída de leito carroçável";"Com Vítimas Feridas";"Plena Noite";"Crescente";"Céu Claro";"Dupla";"Declive;Curva";"Não";1;0;0;1;0;0;1;1;-22,97781786;-46,48995212;"SPRF-SP";"DEL03-SP";"UOP02-DEL03-SP"
504167;2023-02-10;"sexta-feira";"03:40:00";"BA";324;534;"CONCEICAO DO JACUIPE";"Ausência de reação do condutor";"Colisão traseira";"Sem Vítimas";"Plena Noite";"Decrescente";"Chuva";"Dupla";"Reta";"Não";4;0;0;0;4;0;0;2;-12,35104617;-38,83402119;"SPRF-BA";"DEL01-BA";"UOP03-DEL01-BA"
504168;2023-02-10;"sexta-feira";"05:10:00";"PR";277;724;"FOZ DO IGUACU";"Ingestão de álcool pelo condutor";"Saída de leito carroçável";"Com Vítimas Feridas";"Amanhecer";"Decrescente";"Céu Claro";"Dupla";"Reta";"Não";1;0;1;0;0;0;1;1;-25,50257577;-54,53868311;"SPRF-PR";"DEL05-PR";"UOP03-DEL05-PR"
504170;2023-02-10;"sexta-feira";"05:40:00";"BA";324;522;"FEIRA DE SANTANA";"Animais na Pista";"Colisão traseira";"Sem Vítimas";"Pleno dia";"Crescente";"Céu Claro";"Dupla";"Reta";"Sim";2;0;0;0;2;0;0;2;-12,29007099;-38,91206799;"SPRF-BA";"DEL01-BA";"UOP03-DEL01-BA"
504172;2023-02-10;"sexta-feira";"05:45:00";"RS";101;29,5;"TRES CACHOEIRAS";"Ingestão de álcool pelo condutor";"Saída de leito carroçável";"Sem Vítimas";"Pleno dia";"Crescente";"Céu Claro";"Dupla";"Reta";"Não";1;0;0;0;0;1;0;1;-29,4735831;-49,95929681;"SPRF-RS";"DEL03-RS";"UOP02-DEL03-RS"
504175;2023-02-10;"sexta-feira";"06:30:00";"ES";101;280;"SERRA";"Condutor deixou de manter distância do veículo da frente";"Colisão traseira";"Com Vítimas Feridas";"Pleno dia";"Decrescente";"Céu Claro";"Dupla";"Reta";"Sim";2;0;0;1;1;0;1;2;-20,21828666;-40,34895595;"SPRF-ES";"DEL02-ES";"UOP01-DEL02-ES"
504176;2023-02-10;"sexta-feira";"05:30:00";"MS";60;23,6;"CHAPADAO DO SUL";"Acumulo de água sobre o pavimento";"Saída de leito carroçável";"Com Vítimas Feridas";"Amanhecer";"Crescente";"Chuva";"Simples";"Curva";"Não";4;0;1;0;3;0;1;1;-18,85735093;-52,6990281;"SPRF-MS";"DEL08-MS";"UOP01-DEL08-MS"
504178;2023-02-10;"sexta-feira";"07:00:00";"DF";40;0;"BRASILIA";"Condutor Dormindo";"Tombamento";"Com Vítimas Feridas";"Pleno dia";"Crescente";"Céu Claro";"Dupla";"Reta";"Sim";1;0;1;0;0;0;1;1;-15,97707979;-47,99044847;"SPRF-DF";"DEL01-DF";"UOP01-DEL01-DF"
504179;2023-02-10;"sexta-feira";"06:30:00";"PR";116;116;"CURITIBA";"Ausência de reação do condutor";"Colisão traseira";"Com Vítimas Feridas";"Pleno dia";"Crescente";"Nublado";"Dupla";"Reta";"Não";2;0;1;0;1;0;1;2;-25,55761917;-49,3062973;"SPRF-PR";"DEL01-PR";"UOP03-DEL01-PR"
504183;2023-02-10;"sexta-feira";"07:50:00";"PR";116;121;"CURITIBA";"Reação tardia ou ineficiente do condutor";"Colisão lateral mesmo sentido";"Com Vítimas Feridas";"Pleno dia";"Decrescente";"Céu Claro";"Dupla";"Reta";"Sim";3;0;1;0;2;0;1;3;-25,5599323;-49,30743945;"SPRF-PR";"DEL01-PR";"UOP03-DEL01-PR"
504185;2023-01-29;"domingo";"07:46:00";"SC";101;133,6;"BALNEARIO CAMBORIU";"Acessar a via sem observar a presença dos outros veículos";"Colisão transversal";"Com Vítimas Fatais";"Pleno dia";"Crescente";"Céu Claro";"Múltipla";"Reta";"Sim";2;1;0;0;1;0;0;2;-27,00137;-48,639936;"SPRF-SC";"DEL04-SC";"UOP03-DEL04-SC"
504189;2023-02-10;"sexta-feira";"08:00:00";"BA";324;616;"SALVADOR";"Condutor deixou de manter distância do veículo da frente";"Colisão traseira";"Sem Vítimas";"Pleno dia";"Decrescente";"Céu Claro";"Dupla";"Reta";"Sim";2;0;0;0;2;0;0;2;-12,87957905;-38,43213893;"SPRF-BA";"DEL01-BA";"UOP01-DEL01-BA"
504190;2023-02-10;"sexta-feira";"06:50:00";"GO";153;633,8;"MORRINHOS";"Condutor Dormindo";"Saída de leito carroçável";"Com Vítimas Feridas";"Pleno dia";"Crescente";"Nublado";"Dupla";"Reta";"Não";4;0;4;0;0;0;4;1;-17,8191;-49,2117;"SPRF-GO";"DEL03-GO";"UOP01-DEL03-GO"
504191;2023-02-10;"sexta-feira";"07:53:00";"RN";304;306;"PARNAMIRIM";"Ausência de reação do condutor";"Colisão traseira";"Com Vítimas Feridas";"Pleno dia";"Decrescente";"Céu Claro";"Dupla";"Reta";"Sim";1;0;1;0;0;0;1;1;-5,89012265;-35,26352022;"SPRF-RN";"DEL01-RN";"UOP02-DEL01-RN"
504192;2023-02-10;"sexta-feira";"07:50:00";"PR";376;177;"MARINGA";"Reação tardia ou ineficiente do condutor";"Tombamento";"Com Vítimas Feridas";"Pleno dia";"Decrescente";"Céu Claro";"Múltipla";"Reta";"Não";1;0;1;0;0;0;1;1;-23,41595855;-51,92226484;"SPRF-PR";"DEL09-PR";"UOP01-DEL09-PR"
504193;2023-02-10;"sexta-feira";"07:00:00";"MG";381;260;"CORONEL FABRICIANO";"Ausência de reação do condutor";"Colisão lateral mesmo sentido";"Com Vítimas Feridas";"Pleno dia";"Crescente";"Céu Claro";"Simples";"Reta;Declive";"Não";2;0;0;1;1;0;1;2;-19,53297698;-42,5866127;"SPRF-MG";"DEL03-MG";"UOP02-DEL03-MG"
504194;2023-02-09;"quinta-feira";"21:15:00";"GO";70;445;"BOM JARDIM DE GOIAS";"Pista esburacada";"Tombamento";"Com Vítimas Feridas";"Plena Noite";"Crescente";"Nublado";"Simples";"Reta";"Não";3;0;1;0;2;0;1;1;-15,91935467;-51,99711889;"SPRF-GO";"DEL04-GO";"UOP02-DEL04-GO"
504195;2023-02-10;"sexta-feira";"06:20:00";"RJ";493;111;"ITAGUAI";"Condutor Dormindo";"Saída de leito carroçável";"Com Vítimas Feridas";"Amanhecer";"Crescente";"Céu Claro";"Dupla";"Reta";"Não";1;0;0;1;0;0;1;1;-22,806486;-43,79569244;"SPRF-RJ";"DEL03-RJ";"UOP01-DEL03-RJ"
504196;2023-02-10;"sexta-feira";"08:40:00";"SC";280;48,3;"GUARAMIRIM";"Acessar a via sem observar a presença dos outros veículos";"Colisão transversal";"Com Vítimas Feridas";"Pleno dia";"Crescente";"Céu Claro";"Simples";"Reta";"Sim";2;0;0;1;1;0;1;2;-26,45506795;-48,92766502;"SPRF-SC";"DEL03-SC";"UOP03-DEL03-SC"
504197;2023-02-10;"sexta-feira";"05:25:00";"MT";163;770;"SORRISO";"Ultrapassagem Indevida";"Colisão lateral sentido oposto";"Com Vítimas Feridas";"Pleno dia";"Crescente";"Nevoeiro/Neblina";"Simples";"Reta";"Não";1;0;1;0;0;0;1;1;-12,52146045;-55,700158;"SPRF-MT";"DEL06-MT";"UOP01-DEL06-MT"
504198;2023-01-29;"domingo";"22:00:00";"SC";101;334,9;"TUBARAO";"Condutor deixou de manter distância do veículo da frente";"Colisão traseira";"Sem Vítimas";"Plena Noite";"Crescente";"Céu Claro";"Múltipla";"Reta";"Não";2;0;0;0;2;0;0;2;-28,46730446;-49,00604302;"SPRF-SC";"DEL02-SC";"UOP01-DEL02-SC"
504200;2023-02-10;"sexta-feira";"08:00:00";"PR";277;80;"CURITIBA";"Trafegar com motocicleta (ou similar) entre as faixas";"Colisão traseira";"Com Vítimas Feridas";"Pleno dia";"Crescente";"Céu Claro";"Dupla";"Reta";"Sim";2;0;1;0;1;0;1;2;-25,48632355;-49,21873309;"SPRF-PR";"DEL01-PR";"UOP01-DEL01-PR"
504201;2023-01-21;"sábado";"17:20:00";"SC";282;537,7;"CHAPECO";"Ausência de reação do condutor";"Saída de leito carroçável";"Com Vítimas Feridas";"Pleno dia";"Decrescente";"Céu Claro";"Simples";"Declive;Curva";"Não";1;0;0;1;0;0;1;1;-27,00052272;-52,67051697;"SPRF-SC";"DEL07-SC";"UOP01-DEL07-SC"
504202;2023-02-10;"sexta-feira";"08:40:00";"SC";282;202,8;"LAGES";"Ausência de reação do condutor";"Saída de leito carroçável";"Com Vítimas Feridas";"Pleno dia";"Crescente";"Nublado";"Simples";"Reta";"Não";4;0;2;0;2;0;2;1;-27,76224129;-50,15035629;"SPRF-SC";"DEL05-SC";"UOP01-DEL05-SC"
504203;2023-02-09;"quinta-feira";"23:00:00";"RJ";116;92;"GUAPIMIRIM";"Ultrapassagem Indevida";"Colisão frontal";"Com Vítimas Feridas";"Plena Noite";"Crescente";"Chuva";"Simples";"Curva";"Não";3;0;0;1;2;0;1;3;-22,46152095;-42,98311201;"SPRF-RJ";"DEL04-RJ";"UOP01-DEL04-RJ"
504204;2023-02-10;"sexta-feira";"07:30:00";"MA";230;17;"BARAO DE GRAJAU";"Reação tardia ou ineficiente do condutor";"Saída de leito carroçável";"Com Vítimas Feridas";"Pleno dia";"Decrescente";"Sol";"Simples";"Curva";"Não";1;0;1;0;0;0;1;1;-6,70906805;-43,14951606;"SPRF-PI";"DEL03-PI";"UOP01-DEL03-PI"
504205;2023-01-09;"segunda-feira";"17:05:00";"PR";376;665;"GUARATUBA";"Velocidade Incompatível";"Colisão com objeto";"Com Vítimas Feridas";"Pleno dia";"Crescente";"Chuva";"Simples";"Curva";"Não";2;0;0;1;0;1;1;2;-25,85455838;-48,95670808;"SPRF-PR";"DEL01-PR";"UOP04-DEL01-PR"
504209;2023-02-10;"sexta-feira";"08:45:00";"RS";386;270;"FONTOURA XAVIER";"Ausência de reação do condutor";"Tombamento";"Com Vítimas Feridas";"Pleno dia";"Decrescente";"Céu Claro";"Simples";"Reta";"Sim";1;0;1;0;0;0;1;1;-28,9781736;-52,36774033;"SPRF-RS";"DEL04-RS";"UOP03-DEL04-RS"
504212;2023-02-10;"sexta-feira";"09:30:00";"PE";232;5,8;"RECIFE";"Ausência de reação do condutor";"Colisão traseira";"Com Vítimas Feridas";"Pleno dia";"Crescente";"Céu Claro";"Dupla";"Reta;Em Obras";"Sim";2;0;2;0;0;0;2;2;-8,070723;-34,953246;"SPRF-PE";"DEL01-PE";"UOP01-DEL01-PE"
504213;2023-02-10;"sexta-feira";"09:00:00";"SP";381;89;"SAO PAULO";"Manobra de mudança de faixa";"Colisão lateral mesmo sentido";"Com Vítimas Feridas";"Pleno dia";"Crescente";"Céu Claro";"Múltipla";"Reta";"Não";2;0;1;0;1;0;1;2;-23,48469299;-46,55983288;"SPRF-SP";"DEL03-SP";"UOP01-DEL03-SP"
504214;2023-01-30;"segunda-feira";"19:35:00";"MT";163;118;"RONDONOPOLIS";"Reação tardia ou ineficiente do condutor";"Saída de leito carroçável";"Com Vítimas Fatais";"Plena Noite";"Crescente";"Céu Claro";"Dupla";"Declive;Retorno Regulamentado;Reta";"Sim";1;1;0;0;0;0;0;1;-16,51361392;-54,65519619;"SPRF-MT";"DEL02-MT";"UOP01-DEL02-MT"
504215;2023-02-10;"sexta-feira";"09:47:00";"BA";324;574;"SAO SEBASTIAO DO PASSE";"Acessar a via sem observar a presença dos outros veículos";"Colisão traseira";"Com Vítimas Feridas";"Pleno dia";"Decrescente";"Sol";"Dupla";"Reta";"Não";3;0;1;0;2;0;1;2;-12,56758892;-38,55238794;"SPRF-BA";"DEL01-BA";"UOP01-DEL01-BA"
504217;2023-02-10;"sexta-feira";"10:10:00";"SC";280;67,4;"JARAGUA DO SUL";"Área urbana sem a presença de local apropriado para a travessia de pedestres";"Colisão transversal";"Com Vítimas Feridas";"Pleno dia";"Crescente";"Nublado";"Simples";"Reta";"Sim";3;0;1;0;1;1;1;3;-26,4775146;-49,10363575;"SPRF-SC";"DEL03-SC";"UOP03-DEL03-SC"
504218;2023-02-10;"sexta-feira";"09:30:00";"RN";406;134;"TAIPU";"Manobra de mudança de faixa";"Colisão lateral sentido oposto";"Com Vítimas Feridas";"Pleno dia";"Decrescente";"Sol";"Simples";"Reta";"Não";2;0;1;0;1;0;1;2;-5,65414395;-35,57506398;"SPRF-RN";"DEL02-RN";"UOP01-DEL02-RN"
504219;2023-02-10;"sexta-feira";"07:40:00";"PR";476;191;"LAPA";"Desvio temporário";"Tombamento";"Com Vítimas Feridas";"Amanhecer";"Crescente";"Céu Claro";"Simples";"Desvio Temporário";"Não";2;0;0;1;0;1;1;2;-25,72487203;-49,69950914;"SPRF-PR";"DEL01-PR";"UOP06-DEL01-PR"
504220;2023-02-10;"sexta-feira";"09:50:00";"CE";20;310,3;"CANINDE";"Condutor deixou de manter distância do veículo da frente";"Colisão traseira";"Com Vítimas Feridas";"Pleno dia";"Decrescente";"Céu Claro";"Simples";"Reta";"Sim";2;0;1;0;1;0;1;2;-4,33526699;-39,28862702;"SPRF-CE";"DEL02-CE";"UOP01-DEL02-CE"
504221;2023-02-09;"quinta-feira";"16:30:00";"MS";0;0;"CAMPO GRANDE";"Pista Escorregadia";"Saída de leito carroçável";"Sem Vítimas";"Pleno dia";"Não Informado";"Nublado";"Simples";"Reta";"Não";2;0;0;0;2;0;0;1;-20,580711;-54,675145;"SPRF-MS";"DEL01-MS";"N/A"
504222;2023-02-10;"sexta-feira";"08:58:00";"PE";232;131;"CARUARU";"Ausência de reação do condutor";"Colisão traseira";"Com Vítimas Feridas";"Pleno dia";"Crescente";"Céu Claro";"Dupla";"Declive;Reta";"Sim";3;0;1;0;1;1;1;3;-8,30117613;-35,99843996;"SPRF-PE";"DEL02-PE";"UOP01-DEL02-PE"
504223;2023-01-17;"terça-feira";"23:37:00";"SC";101;185;"BIGUACU";"Ausência de reação do condutor";"Tombamento";"Com Vítimas Feridas";"Plena Noite";"Crescente";"Céu Claro";"Dupla";"Interseção de Vias";"Sim";1;0;1;0;0;0;1;1;-27,42061434;-48,62561703;"SPRF-SC";"DEL01-SC";"UOP01-DEL01-SC"
504224;2023-02-10;"sexta-feira";"07:00:00";"PI";316;46;"LAGOA DO PIAUI";"Acessar a via sem observar a presença dos outros veículos";"Colisão lateral mesmo sentido";"Com Vítimas Feridas";"Pleno dia";"Crescente";"Céu Claro";"Simples";"Reta";"Não";3;0;1;1;1;0;2;2;-5,45656405;-42,6347776;"SPRF-PI";"DEL01-PI";"UOP02-DEL01-PI"
504226;2023-02-10;"sexta-feira";"11:10:00";"RS";116;235,7;"NOVO HAMBURGO";"Pedestre andava na pista";"Atropelamento de Pedestre";"Com Vítimas Feridas";"Pleno dia";"Decrescente";"Sol";"Dupla";"Reta";"Sim";6;0;1;0;5;0;1;2;-29,66037586;-51,14386509;"SPRF-RS";"DEL01-RS";"UOP02-DEL01-RS"
504230;2023-02-10;"sexta-feira";"12:10:00";"SC";101;114;"ITAJAI";"Reação tardia ou ineficiente do condutor";"Colisão traseira";"Com Vítimas Feridas";"Pleno dia";"Crescente";"Nublado";"Dupla";"Reta";"Sim";3;0;0;2;1;0;2;2;-26,86192886;-48,7286704;"SPRF-SC";"DEL04-SC";"UOP04-DEL04-SC"
504231;2023-02-10;"sexta-feira";"12:02:00";"TO";153;143,6;"ARAGUAINA";"Acessar a via sem observar a presença dos outros veículos";"Colisão traseira";"Com Vítimas Feridas";"Pleno dia";"Crescente";"Céu Claro";"Dupla";"Rotatória";"Sim";2;0;1;0;1;0;1;2;-7,19299732;-48,23525906;"SPRF-TO";"DEL02-TO";"UOP01-DEL02-TO"
504237;2023-02-10;"sexta-feira";"12:35:00";"PR";467;107,6;"CASCAVEL";"Acumulo de água sobre o pavimento";"Colisão lateral mesmo sentido";"Com Vítimas Feridas";"Pleno dia";"Decrescente";"Chuva";"Dupla";"Reta";"Não";2;0;1;0;1;0;1;2;-24,9209;-53,4764;"SPRF-PR";"DEL04-PR";"UOP01-DEL04-PR"
504238;2023-02-10;"sexta-feira";"13:05:00";"PR";277;68;"SAO JOSE DOS PINHAIS";"Ingestão de álcool e/ou substâncias psicoativas pelo pedestre";"Capotamento";"Com Vítimas Feridas";"Pleno dia";"Crescente";"Nublado";"Dupla";"Reta";"Não";2;0;2;0;0;0;2;1;-25,54112281;-49,06183391;"SPRF-PR";"DEL01-PR";"UOP01-DEL01-PR"
504239;2023-02-07;"terça-feira";"23:30:00";"SC";470;66,5;"INDAIAL";"Ingestão de álcool pelo condutor";"Saída de leito carroçável";"Sem Vítimas";"Plena Noite";"Decrescente";"Garoa/Chuvisco";"Simples";"Rotatória";"Sim";1;0;0;0;1;0;0;1;-26,870407;-49,221844;"SPRF-SC";"DEL04-SC";"UOP01-DEL04-SC"
504243;2023-02-10;"sexta-feira";"10:40:00";"PR";153;28;"JACAREZINHO";"Demais falhas mecânicas ou elétricas";"Incêndio";"Sem Vítimas";"Pleno dia";"Decrescente";"Nublado";"Simples";"Aclive;Curva";"Não";1;0;0;0;1;0;0;1;-23,21610172;-49,99265211;"SPRF-PR";"DEL07-PR";"UOP04-DEL07-PR"
504244;2023-02-10;"sexta-feira";"13:50:00";"RS";480;71,9;"ERECHIM";"Desrespeitar a preferência no cruzamento";"Colisão transversal";"Com Vítimas Feridas";"Pleno dia";"Crescente";"Céu Claro";"Simples";"Reta";"Sim";2;0;1;0;1;0;1;2;-27,63462904;-52,314186;"SPRF-RS";"DEL08-RS";"UOP04-DEL08-RS"
504247;2023-02-10;"sexta-feira";"14:00:00";"MG";40;517;"RIBEIRAO DAS NEVES";"Ausência de reação do condutor";"Saída de leito carroçável";"Com Vítimas Feridas";"Pleno dia";"Crescente";"Nublado";"Dupla";"Reta";"Sim";1;0;1;0;0;0;1;1;-19,82351202;-44,08438913;"SPRF-MG";"DEL01-MG";"UOP02-DEL01-MG"
504248;2023-02-10;"sexta-feira";"14:30:00";"MG";381;490,2;"BETIM";"Demais falhas mecânicas ou elétricas";"Tombamento";"Com Vítimas Feridas";"Pleno dia";"Crescente";"Nublado";"Múltipla";"Reta";"Sim";2;0;2;0;0;0;2;1;-19,95576216;-44,14581299;"SPRF-MG";"DEL01-MG";"UOP03-DEL01-MG"
504249;2023-02-07;"terça-feira";"13:00:00";"BA";324;392;"GAVIAO";"Animais na Pista";"Colisão traseira";"Sem Vítimas";"Pleno dia";"Crescente";"Céu Claro";"Simples";"Reta";"Não";3;0;0;0;3;0;0;1;-11,53085485;-39,71043986;"SPRF-BA";"DEL04-BA";"UOP02-DEL04-BA"
504250;2023-02-10;"sexta-feira";"11:25:00";"MS";376;35,4;"VICENTINA";"Avarias e/ou desgaste excessivo no pneu";"Tombamento";"Com Vítimas Feridas";"Pleno dia";"Decrescente";"Sol";"Simples";"Reta";"Não";1;0;1;0;0;0;1;1;-22,39963978;-54,46020191;"SPRF-MS";"DEL04-MS";"UOP01-DEL04-MS"
504251;2023-01-28;"sábado";"09:20:00";"MG";40;305;"TRES MARIAS";"Pista em desnível";"Queda de ocupante de veículo";"Com Vítimas Feridas";"Pleno dia";"Decrescente";"Céu Claro";"Simples";"Reta";"Não";2;0;2;0;0;0;2;1;-18,3940688;-45,10000664;"SPRF-MG";"DEL14-MG";"UOP02-DEL14-MG"
504253;2023-02-10;"sexta-feira";"14:43:00";"ES";101;287,5;"CARIACICA";"Acessar a via sem observar a presença dos outros veículos";"Colisão lateral mesmo sentido";"Com Vítimas Feridas";"Pleno dia";"Crescente";"Céu Claro";"Múltipla";"Retorno Regulamentado";"Não";5;0;0;1;4;0;1;2;-20,26493528;-40,38471702;"SPRF-ES";"DEL01-ES";"UOP01-DEL01-ES"
504254;2023-02-10;"sexta-feira";"12:57:00";"MA";222;675;"ACAILANDIA";"Manobra de mudança de faixa";"Colisão transversal";"Com Vítimas Feridas";"Pleno dia";"Crescente";"Céu Claro";"Simples";"Reta";"Sim";2;0;1;0;1;0;1;2;-4,93859094;-47,46131504;"SPRF-MA";"DEL04-MA";"UOP03-DEL04-MA"
504255;2023-02-10;"sexta-feira";"13:45:00";"SC";470;59,5;"BLUMENAU";"Ultrapassagem Indevida";"Colisão traseira";"Com Vítimas Feridas";"Pleno dia";"Decrescente";"Nublado";"Simples";"Reta;Declive";"Não";2;0;1;0;1;0;1;2;-26,88221874;-49,16021439;"SPRF-SC";"DEL04-SC";"UOP01-DEL04-SC"
504257;2023-01-09;"segunda-feira";"08:30:00";"RS";158;332;"SANTA MARIA";"Reação tardia ou ineficiente do condutor";"Colisão traseira";"Com Vítimas Feridas";"Pleno dia";"Decrescente";"Ignorado";"Dupla";"Reta";"Não";1;0;0;1;0;0;1;1;-29,70501465;-53,84567857;"SPRF-RS";"DEL09-RS";"UOP01-DEL09-RS"
504258;2023-02-10;"sexta-feira";"13:40:00";"SC";470;65,5;"INDAIAL";"Acessar a via sem observar a presença dos outros veículos";"Colisão transversal";"Com Vítimas Feridas";"Pleno dia";"Decrescente";"Céu Claro";"Simples";"Reta";"Não";2;0;1;0;1;0;1;2;-26,870411;-49,211864;"SPRF-SC";"DEL04-SC";"UOP01-DEL04-SC"
504259;2023-02-10;"sexta-feira";"13:30:00";"PA";308;151;"CAPANEMA";"Acessar a via sem observar a presença dos outros veículos";"Colisão transversal";"Com Vítimas Feridas";"Pleno dia";"Crescente";"Nublado";"Simples";"Reta";"Sim";3;0;0;1;2;0;1;2;-1,21064;-47,182743;"SPRF-PA";"DEL01-PA";"UOP03-DEL01-PA"
504261;2023-02-10;"sexta-feira";"11:50:00";"SP";381;85;"GUARULHOS";"Transitar na contramão";"Colisão transversal";"Sem Vítimas";"Pleno dia";"Crescente";"Sol";"Múltipla";"Interseção de Vias";"Sim";4;0;0;0;3;1;0;3;-23,449343;-46,56983501;"SPRF-SP";"DEL03-SP";"UOP01-DEL03-SP"
504265;2023-02-10;"sexta-feira";"12:49:00";"MT";163;839;"SINOP";"Manobra de mudança de faixa";"Colisão transversal";"Com Vítimas Feridas";"Pleno dia";"Crescente";"Céu Claro";"Dupla";"Reta;Retorno Regulamentado";"Sim";2;0;1;0;1;0;1;2;-11,951051;-55,516876;"SPRF-MT";"DEL06-MT";"UOP02-DEL06-MT"
504266;2023-02-10;"sexta-feira";"13:20:00";"GO";153;159;"CAMPINORTE";"Acessar a via sem observar a presença dos outros veículos";"Colisão transversal";"Com Vítimas Feridas";"Pleno dia";"Decrescente";"Chuva";"Simples";"Rotatória";"Não";2;0;1;0;1;0;1;2;-14,159916;-49,122505;"SPRF-GO";"DEL07-GO";"UOP02-DEL07-GO"
504268;2023-02-10;"sexta-feira";"13:35:00";"RO";319;60;"PORTO VELHO";"Condutor deixou de manter distância do veículo da frente";"Colisão traseira";"Sem Vítimas";"Pleno dia";"Crescente";"Céu Claro";"Dupla";"Rotatória";"Sim";2;0;0;0;2;0;0;2;-8,74000621;-63,8904494;"SPRF-RO";"DEL01-RO";"UOP01-DEL01-RO"