"id";"data_inversa";"dia_semana";"horario";"uf";"br";"km";"municipio";"causa_acidente";"tipo_acidente";"classificacao_acidente";"fase_dia";"sentido_via";"condicao_metereologica";"tipo_pista";"tracado_via";"uso_solo";"pessoas";"mortos";"feridos_leves";"feridos_graves";"ilesos";"ignorados";"feridos";"veiculos";"latitude";"longitude";"regional";"delegacia";"uop"
504504;2023-02-11;"sábado";"17:20:00";"RN";406;171;"NATAL";"Ingestão de álcool pelo condutor";"Colisão transversal";"Com Vítimas Feridas";"Anoitecer";"Decrescente";"Céu Claro";"Dupla";"Reta";"Sim";3;0;2;0;1;0;2;2;-5,76172663;-35,29115323;"SPRF-RN";"DEL02-RN";"UOP01-DEL02-RN"
504506;2023-02-11;"sábado";"17:10:00";"PB";230;158,4;"CAMPINA GRANDE";"Acessar a via sem observar a presença dos outros veículos";"Colisão transversal";"Com Vítimas Feridas";"Anoitecer";"Crescente";"Vento";"Simples";"Reta";"Não";2;0;0;1;0;1;1;2;-7,2582;-35,9267;"SPRF-PB";"DEL02-PB";"UOP01-DEL02-PB"
504507;2023-02-11;"sábado";"16:50:00";"SC";101;111,5;"NAVEGANTES";"Ingestão de álcool pelo condutor";"Queda de ocupante de veículo";"Com Vítimas Feridas";"Pleno dia";"Crescente";"Céu Claro";"Dupla";"Ponte";"Não";1;0;1;0;0;0;1;1;-26,8440986;-48,71917248;"SPRF-SC";"DEL04-SC";"UOP04-DEL04-SC"
504508;2023-02-11;"sábado";"16:22:00";"SP";381;52,1;"ATIBAIA";"Reação tardia ou ineficiente do condutor";"Colisão com objeto";"Com Vítimas Feridas";"Pleno dia";"Decrescente";"Garoa/Chuvisco";"Dupla";"Reta;Declive";"Não";2;0;2;0;0;0;2;1;-23,2300622;-46,59963076;"SPRF-SP";"DEL03-SP";"UOP01-DEL03-SP"
504510;2023-02-11;"sábado";"16:20:00";"RS";0;0;"CAXIAS DO SUL";"Curva acentuada";"Colisão lateral sentido oposto";"Sem Vítimas";"Pleno dia";"Não Informado";"Céu Claro";"Simples";"Declive;Curva";"Não";3;0;0;0;3;0;0;2;-29,0758;-51,117695;"SPRF-RS";"DEL05-RS";"UOP01-DEL05-RS"
504512;2023-02-11;"sábado";"16:00:00";"PI";343;345;"TERESINA";"Condutor desrespeitou a iluminação vermelha do semáforo";"Colisão transversal";"Sem Vítimas";"Pleno dia";"Decrescente";"Céu Claro";"Dupla";"Reta";"Sim";2;0;0;0;2;0;0;2;-5,102889;-42,766506;"SPRF-PI";"DEL01-PI";"UOP01-DEL01-PI"
504514;2023-02-11;"sábado";"18:00:00";"PR";272;373,8;"CAMPO MOURAO";"Acumulo de água sobre o pavimento";"Saída de leito carroçável";"Com Vítimas Feridas";"Anoitecer";"Decrescente";"Chuva";"Simples";"Declive";"Não";1;0;1;0;0;0;1;1;-24,0678098;-52,45503794;"SPRF-PR";"DEL09-PR";"UOP03-DEL09-PR"
504516;2023-02-11;"sábado";"18:30:00";"CE";20;198;"BOA VIAGEM";"Reação tardia ou ineficiente do condutor";"Atropelamento de Pedestre";"Com Vítimas Feridas";"Plena Noite";"Crescente";"Céu Claro";"Simples";"Reta";"Não";2;0;0;1;0;1;1;2;-5,16678504;-39,75927094;"SPRF-CE";"DEL02-CE";"UOP02-DEL02-CE"
504517;2023-02-08;"quarta-feira";"21:30:00";"MG";262;810;"UBERABA";"Demais falhas mecânicas ou elétricas";"Colisão com objeto";"Sem Vítimas";"Plena Noite";"Crescente";"Céu Claro";"Dupla";"Rotatória";"Sim";1;0;0;0;1;0;0;1;-19,768896;-47,982253;"SPRF-MG";"DEL13-MG";"UOP01-DEL13-MG"
504518;2023-02-11;"sábado";"19:28:00";"ES";101;137;"LINHARES";"Demais falhas mecânicas ou elétricas";"Tombamento";"Com Vítimas Feridas";"Plena Noite";"Crescente";"Céu Claro";"Simples";"Reta";"Não";2;0;2;0;0;0;2;1;-19,29308199;-40,08591691;"SPRF-ES";"DEL04-ES";"UOP01-DEL04-ES"
504519;2023-02-11;"sábado";"16:15:00";"RJ";116;184;"NOVA IGUACU";"Manobra de mudança de faixa";"Colisão lateral mesmo sentido";"Com Vítimas Feridas";"Pleno dia";"Decrescente";"Garoa/Chuvisco";"Dupla";"Reta";"Não";2;0;1;0;1;0;1;2;-22,74647215;-43,44594311;"SPRF-RJ";"DEL01-RJ";"UOP02-DEL01-RJ"
504520;2023-02-11;"sábado";"17:30:00";"SC";116;9,1;"MAFRA";"Reação tardia ou ineficiente do condutor";"Colisão traseira";"Com Vítimas Feridas";"Pleno dia";"Decrescente";"Sol";"Simples";"Reta";"Não";3;0;1;0;2;0;1;3;-26,16297778;-49,84696715;"SPRF-SC";"DEL06-SC";"UOP01-DEL06-SC"
504521;2023-02-11;"sábado";"19:00:00";"RJ";101;416;"MANGARATIBA";"Chuva";"Colisão com objeto";"Com Vítimas Feridas";"Plena Noite";"Crescente";"Chuva";"Dupla";"Reta";"Não";2;0;2;0;0;0;2;1;-22,90729503;-43,89024997;"SPRF-RJ";"DEL03-RJ";"UOP02-DEL03-RJ"
504524;2023-02-11;"sábado";"16:00:00";"RO";364;32;"VILHENA";"Velocidade Incompatível";"Queda de ocupante de veículo";"Com Vítimas Feridas";"Pleno dia";"Crescente";"Céu Claro";"Simples";"Declive";"Não";1;0;1;0;0;0;1;1;-12,68792687;-60,28227278;"SPRF-RO";"DEL04-RO";"UOP01-DEL04-RO"
504525;2023-02-11;"sábado";"19:35:00";"SP";101;42,1;"UBATUBA";"Condutor deixou de manter distância do veículo da frente";"Colisão traseira";"Com Vítimas Feridas";"Plena Noite";"Decrescente";"Chuva";"Simples";"Reta";"Não";2;0;1;0;1;0;1;2;-23,41271925;-45,04909808;"SPRF-SP";"DEL06-SP";"UOP01-DEL06-SP"
504526;2023-02-11;"sábado";"18:47:00";"MG";365;645;"UBERLANDIA";"Demais falhas mecânicas ou elétricas";"Colisão traseira";"Com Vítimas Feridas";"Plena Noite";"Decrescente";"Nublado";"Dupla";"Reta";"Não";2;0;1;0;1;0;1;2;-18,87775999;-48,512251;"SPRF-MG";"DEL15-MG";"UOP01-DEL15-MG"
504527;2023-02-11;"sábado";"20:00:00";"RS";386;37;"FREDERICO WESTPHALEN";"Ingestão de álcool pelo condutor";"Colisão frontal";"Com Vítimas Feridas";"Plena Noite";"Crescente";"Céu Claro";"Simples";"Reta";"Não";3;0;1;1;1;0;2;2;-27,382351;-53,399605;"SPRF-RS";"DEL08-RS";"UOP02-DEL08-RS"
504528;2023-02-11;"sábado";"17:30:00";"PA";0;0;"CAPANEMA";"Pista Escorregadia";"Colisão com objeto";"Sem Vítimas";"Pleno dia";"Não Informado";"Nublado";"Simples";"Curva;Interseção de Vias";"Sim";3;0;0;0;3;0;0;1;-1,19934513;-47,16018856;"SPRF-PA";"DEL01-PA";"UOP03-DEL01-PA"
504529;2023-02-11;"sábado";"20:00:00";"RS";116;301;"GUAIBA";"Entrada inopinada do pedestre";"Atropelamento de Pedestre";"Com Vítimas Feridas";"Plena Noite";"Crescente";"Céu Claro";"Simples";"Reta";"Sim";2;0;2;0;0;0;2;2;-30,131899;-51,353867;"SPRF-RS";"DEL02-RS";"UOP01-DEL02-RS"
504530;2023-02-11;"sábado";"19:20:00";"MT";163;748;"SORRISO";"Demais falhas mecânicas ou elétricas";"Queda de ocupante de veículo";"Com Vítimas Feridas";"Plena Noite";"Decrescente";"Céu Claro";"Dupla";"Aclive;Reta";"Sim";2;0;1;1;0;0;2;1;-12,58787405;-55,73909765;"SPRF-MT";"DEL06-MT";"UOP01-DEL06-MT"
504531;2023-02-11;"sábado";"18:30:00";"PR";376;213,1;"MANDAGUARI";"Reação tardia ou ineficiente do condutor";"Saída de leito carroçável";"Com Vítimas Feridas";"Plena Noite";"Crescente";"Nublado";"Dupla";"Curva";"Não";1;0;1;0;0;0;1;1;-23,5808343;-51,65143895;"SPRF-PR";"DEL09-PR";"UOP01-DEL09-PR"
504532;2023-02-11;"sábado";"19:40:00";"PE";232;409;"SERRA TALHADA";"Entrada inopinada do pedestre";"Atropelamento de Pedestre";"Com Vítimas Feridas";"Plena Noite";"Crescente";"Nublado";"Simples";"Reta";"Sim";2;0;0;1;0;1;1;2;-7,981944;-38,289467;"SPRF-PE";"DEL04-PE";"UOP01-DEL04-PE"
504533;2023-02-11;"sábado";"18:14:00";"PA";316;39;"SANTA IZABEL DO PARA";"Reação tardia ou ineficiente do condutor";"Eventos atípicos";"Com Vítimas Feridas";"Anoitecer";"Decrescente";"Céu Claro";"Dupla";"Reta";"Não";2;0;0;1;1;0;1;2;-1,28141702;-48,131196;"SPRF-PA";"DEL01-PA";"UOP01-DEL01-PA"
504534;2023-02-11;"sábado";"20:40:00";"PR";116;126;"FAZENDA RIO GRANDE";"Ausência de reação do condutor";"Colisão traseira";"Sem Vítimas";"Plena Noite";"Decrescente";"Céu Claro";"Dupla";"Reta";"Sim";3;0;0;0;3;0;0;3;-25,60389895;-49,31824423;"SPRF-PR";"DEL01-PR";"UOP03-DEL01-PR"
504536;2023-02-11;"sábado";"18:45:00";"CE";116;112;"RUSSAS";"Animais na Pista";"Atropelamento de Animal";"Sem Vítimas";"Plena Noite";"Crescente";"Ignorado";"Simples";"Reta";"Não";1;0;0;0;1;0;0;1;-4,58985727;-38,21559906;"SPRF-CE";"DEL03-CE";"UOP02-DEL03-CE"
504537;2023-02-11;"sábado";"20:45:00";"RS";392;20;"RIO GRANDE";"Objeto estático sobre o leito carroçável";"Colisão com objeto";"Com Vítimas Feridas";"Plena Noite";"Crescente";"Céu Claro";"Dupla";"Curva";"Sim";1;0;1;0;0;0;1;1;-32,08573295;-52,19690099;"SPRF-RS";"DEL07-RS";"UOP02-DEL07-RS"
504538;2023-02-11;"sábado";"20:30:00";"SP";116;149,9;"SAO JOSE DOS CAMPOS";"Ausência de reação do condutor";"Colisão com objeto";"Sem Vítimas";"Plena Noite";"Crescente";"Nublado";"Dupla";"Reta;Declive";"Sim";1;0;0;0;0;1;0;1;-23,20700047;-45,88626861;"SPRF-SP";"DEL02-SP";"UOP01-DEL02-SP"
504539;2023-02-11;"sábado";"20:45:00";"MG";381;884,5;"ESTIVA";"Chuva";"Saída de leito carroçável";"Com Vítimas Feridas";"Plena Noite";"Crescente";"Chuva";"Dupla";"Reta";"Não";2;0;1;0;1;0;1;1;-22,53552002;-46,03550597;"SPRF-MG";"DEL16-MG";"UOP03-DEL16-MG"
504540;2023-02-02;"quinta-feira";"04:30:00";"BA";101;259;"SANTO ANTONIO DE JESUS";"Animais na Pista";"Tombamento";"Com Vítimas Feridas";"Amanhecer";"Crescente";"Céu Claro";"Simples";"Reta";"Sim";1;0;1;0;0;0;1;1;-12,95683643;-39,26878821;"SPRF-BA";"DEL01-BA";"UOP02-DEL01-BA"
504541;2023-02-11;"sábado";"18:00:00";"CE";116;7;"FORTALEZA";"Acessar a via sem observar a presença dos outros veículos";"Atropelamento de Pedestre";"Com Vítimas Feridas";"Plena Noite";"Crescente";"Nublado";"Dupla";"Reta";"Sim";2;0;0;1;1;0;1;2;-3,80834347;-38,50142598;"SPRF-CE";"DEL01-CE";"UOP02-DEL01-CE"
504542;2023-02-11;"sábado";"18:20:00";"SC";470;174;"POUSO REDONDO";"Desrespeitar a preferência no cruzamento";"Colisão transversal";"Com Vítimas Feridas";"Anoitecer";"Decrescente";"Nublado";"Simples";"Interseção de Vias";"Sim";2;0;1;0;1;0;1;2;-27,258179;-49,929146;"SPRF-SC";"DEL04-SC";"UOP02-DEL04-SC"
504543;2023-02-11;"sábado";"16:44:00";"MA";10;307;"ACAILANDIA";"Transitar na contramão";"Colisão frontal";"Com Vítimas Fatais";"Pleno dia";"Crescente";"Céu Claro";"Simples";"Reta";"Não";2;1;0;0;0;1;0;2;-5,052458;-47,554607;"SPRF-MA";"DEL04-MA";"UOP03-DEL04-MA"
504544;2023-02-11;"sábado";"21:15:00";"SC";101;214,8;"PALHOCA";"Ingestão de álcool pelo condutor";"Colisão com objeto";"Sem Vítimas";"Plena Noite";"Crescente";"Céu Claro";"Dupla";"Reta";"Não";1;0;0;0;1;0;0;1;-27,64443;-48,67057;"SPRF-SC";"DEL01-SC";"UOP02-DEL01-SC"
504547;2023-02-11;"sábado";"19:30:00";"PE";232;506;"SALGUEIRO";"Pedestre cruzava a pista fora da faixa";"Atropelamento de Pedestre";"Com Vítimas Feridas";"Plena Noite";"Crescente";"Céu Claro";"Simples";"Reta";"Não";2;0;0;2;0;0;2;2;-8,05986546;-39,10271397;"SPRF-PE";"DEL05-PE";"UOP01-DEL05-PE"
504549;2023-02-11;"sábado";"21:10:00";"SC";101;416,9;"ARARANGUA";"Desrespeitar a preferência no cruzamento";"Colisão transversal";"Com Vítimas Feridas";"Plena Noite";"Decrescente";"Céu Claro";"Simples";"Reta;Interseção de Vias";"Sim";3;0;0;1;2;0;1;2;-28,96708874;-49,52338825;"SPRF-SC";"DEL02-SC";"UOP02-DEL02-SC"
504551;2023-02-11;"sábado";"21:05:00";"MG";381;939,4;"EXTREMA";"Acessar a via sem observar a presença dos outros veículos";"Colisão lateral mesmo sentido";"Sem Vítimas";"Plena Noite";"Decrescente";"Nublado";"Dupla";"Reta";"Não";2;0;0;0;2;0;0;2;-22,82268838;-46,30267735;"SPRF-MG";"DEL16-MG";"UOP03-DEL16-MG"
504553;2023-02-11;"sábado";"19:23:00";"RJ";116;194;"QUEIMADOS";"Chuva";"Capotamento";"Com Vítimas Feridas";"Plena Noite";"Crescente";"Chuva";"Dupla";"Reta";"Não";5;0;3;2;0;0;5;1;-22,72964045;-43,58104706;"SPRF-RJ";"DEL01-RJ";"UOP02-DEL01-RJ"
504554;2023-02-11;"sábado";"22:00:00";"SC";282;16;"PALHOCA";"Ingestão de álcool pelo condutor";"Queda de ocupante de veículo";"Com Vítimas Feridas";"Plena Noite";"Crescente";"Céu Claro";"Simples";"Reta";"Não";3;0;2;0;1;0;2;2;-27,658611;-48,681847;"SPRF-SC";"DEL01-SC";"UOP02-DEL01-SC"
504555;2023-02-11;"sábado";"21:38:00";"RS";116;238;"NOVO HAMBURGO";"Ausência de reação do condutor";"Colisão traseira";"Sem Vítimas";"Plena Noite";"Crescente";"Céu Claro";"Dupla";"Reta";"Sim";2;0;0;0;2;0;0;2;-29,68739789;-51,14197352;"SPRF-RS";"DEL01-RS";"UOP02-DEL01-RS"
504558;2023-02-11;"sábado";"21:00:00";"RJ";356;178;"SAO JOAO DA BARRA";"Acessar a via sem observar a presença dos outros veículos";"Colisão transversal";"Com Vítimas Feridas";"Plena Noite";"Crescente";"Céu Claro";"Simples";"Reta";"Não";3;0;1;0;2;0;1;2;-21,681186;-41,056008;"SPRF-RJ";"DEL08-RJ";"UOP02-DEL08-RJ"
504559;2023-02-11;"sábado";"20:45:00";"MG";40;501;"ESMERALDAS";"Condutor Dormindo";"Saída de leito carroçável";"Com Vítimas Feridas";"Plena Noite";"Crescente";"Nublado";"Dupla";"Reta;Aclive";"Sim";1;0;1;0;0;0;1;1;-19,70735708;-44,16736508;"SPRF-MG";"DEL02-MG";"UOP01-DEL02-MG"
504561;2023-02-11;"sábado";"17:30:00";"BA";420;346;"JAGUAQUARA";"Velocidade Incompatível";"Saída de leito carroçável";"Com Vítimas Fatais";"Pleno dia";"Decrescente";"Sol";"Simples";"Curva";"Não";1;1;0;0;0;0;0;1;-13,50380802;-40,02582899;"SPRF-BA";"DEL03-BA";"UOP01-DEL03-BA"
504562;2023-02-11;"sábado";"22:30:00";"SC";101;188,1;"BIGUACU";"Condutor deixou de manter distância do veículo da frente";"Colisão traseira";"Sem Vítimas";"Plena Noite";"Decrescente";"Céu Claro";"Simples";"Reta";"Sim";2;0;0;0;2;0;0;2;-27,45123421;-48,63370766;"SPRF-SC";"DEL01-SC";"UOP01-DEL01-SC"
504563;2023-02-11;"sábado";"19:30:00";"PE";408;55,5;"NAZARE DA MATA";"Pedestre andava na pista";"Atropelamento de Pedestre";"Com Vítimas Fatais";"Plena Noite";"Decrescente";"Nublado";"Simples";"Reta";"Não";2;1;0;1;0;0;1;2;-7,777495;-35,238089;"SPRF-PE";"DEL01-PE";"UOP01-DEL01-PE"
504564;2023-02-11;"sábado";"19:30:00";"PI";343;14,4;"PARNAIBA";"Ausência de reação do condutor";"Colisão lateral mesmo sentido";"Com Vítimas Feridas";"Plena Noite";"Crescente";"Céu Claro";"Dupla";"Reta";"Sim";4;0;1;0;3;0;1;3;-2,931813;-41,754314;"SPRF-PI";"DEL05-PI";"UOP01-DEL05-PI"
504565;2023-02-11;"sábado";"21:40:00";"RN";304;47,5;"MOSSORO";"Acostamento em desnível";"Queda de ocupante de veículo";"Com Vítimas Feridas";"Plena Noite";"Crescente";"Céu Claro";"Dupla";"Reta";"Sim";1;0;1;0;0;0;1;1;-5,22597224;-37,33086797;"SPRF-RN";"DEL04-RN";"UOP01-DEL04-RN"
504567;2023-02-11;"sábado";"22:15:00";"MG";381;495;"BETIM";"Pista esburacada";"Colisão com objeto";"Com Vítimas Feridas";"Plena Noite";"Crescente";"Céu Claro";"Simples";"Curva";"Sim";1;0;1;0;0;0;1;1;-19,98890883;-44,20522016;"SPRF-MG";"DEL01-MG";"UOP03-DEL01-MG"
504569;2023-02-11;"sábado";"22:30:00";"PR";376;180,5;"MARINGA";"Ausência de reação do condutor";"Saída de leito carroçável";"Com Vítimas Feridas";"Plena Noite";"Crescente";"Céu Claro";"Dupla";"Reta";"Sim";2;0;0;1;1;0;1;2;-23,43197477;-51,88671852;"SPRF-PR";"DEL09-PR";"UOP01-DEL09-PR"
504570;2023-02-11;"sábado";"21:20:00";"PR";376;3,7;"SAO JOSE DOS PINHAIS";"Ingestão de álcool pelo condutor";"Colisão traseira";"Sem Vítimas";"Plena Noite";"Decrescente";"Nublado";"Dupla";"Interseção de Vias;Reta";"Sim";8;0;0;0;8;0;0;3;-25,5307;-49,1958;"SPRF-PR";"DEL01-PR";"UOP04-DEL01-PR"
504574;2023-02-11;"sábado";"23:00:00";"SC";282;19;"PALHOCA";"Reação tardia ou ineficiente do condutor";"Tombamento";"Com Vítimas Feridas";"Plena Noite";"Crescente";"Céu Claro";"Simples";"Interseção de Vias";"Sim";2;0;1;1;0;0;2;1;-27,67934771;-48,7031436;"SPRF-SC";"DEL01-SC";"UOP02-DEL01-SC"
504575;2023-02-11;"sábado";"20:17:00";"MS";163;477;"CAMPO GRANDE";"Ausência de reação do condutor";"Tombamento";"Com Vítimas Feridas";"Plena Noite";"Crescente";"Céu Claro";"Simples";"Ponte;Curva";"Não";1;0;1;0;0;0;1;1;-20,50427591;-54,55557367;"SPRF-MS";"DEL01-MS";"UOP01-DEL01-MS"
504576;2023-02-11;"sábado";"21:19:00";"MG";40;530,9;"BELO HORIZONTE";"Ausência de reação do condutor";"Colisão traseira";"Com Vítimas Feridas";"Plena Noite";"Decrescente";"Céu Claro";"Dupla";"Curva;Aclive;Retorno Regulamentado";"Sim";2;0;1;0;1;0;1;2;-19,91912751;-44,02575379;"SPRF-MG";"DEL01-MG";"UOP02-DEL01-MG"
504578;2023-02-11;"sábado";"23:20:00";"RN";101;123;"SAO JOSE DE MIPIBU";"Ausência de reação do condutor";"Tombamento";"Com Vítimas Feridas";"Plena Noite";"Decrescente";"Céu Claro";"Dupla";"Reta";"Sim";1;0;1;0;0;0;1;1;-6,06166101;-35,24094602;"SPRF-RN";"DEL01-RN";"UOP01-DEL01-RN"
504579;2023-02-11;"sábado";"22:56:00";"PE";104;66,5;"CARUARU";"Reação tardia ou ineficiente do condutor";"Colisão com objeto";"Sem Vítimas";"Plena Noite";"Decrescente";"Céu Claro";"Dupla";"Declive";"Sim";1;0;0;0;0;1;0;1;-8,2937;-35,9864;"SPRF-PE";"DEL02-PE";"UOP01-DEL02-PE"
504580;2023-02-11;"sábado";"12:15:00";"PR";116;100;"SAO JOSE DOS PINHAIS";"Velocidade Incompatível";"Saída de leito carroçável";"Sem Vítimas";"Pleno dia";"Crescente";"Céu Claro";"Dupla";"Reta";"Sim";1;0;0;0;0;1;0;1;-25,53379421;-49,14663578;"SPRF-PR";"DEL01-PR";"UOP07-DEL01-PR"
504582;2023-02-11;"sábado";"23:00:00";"SP";153;113,5;"JOSE BONIFACIO";"Transitar na contramão";"Colisão frontal";"Com Vítimas Feridas";"Plena Noite";"Decrescente";"Céu Claro";"Simples";"Reta";"Não";3;0;0;1;2;0;1;2;-21,11299309;-49,68678482;"SPRF-SP";"DEL09-SP";"UOP01-DEL09-SP"
504583;2023-02-11;"sábado";"23:00:00";"RS";158;198,8;"CRUZ ALTA";"Desrespeitar a preferência no cruzamento";"Colisão transversal";"Com Vítimas Feridas";"Plena Noite";"Crescente";"Céu Claro";"Dupla";"Interseção de Vias";"Sim";2;0;2;0;0;0;2;2;-28,6774444;-53,5948552;"SPRF-RS";"DEL10-RS";"UOP02-DEL10-RS"
504585;2023-02-11;"sábado";"23:50:00";"SP";153;321,5;"RIBEIRAO DO SUL";"Pista esburacada";"Queda de ocupante de veículo";"Com Vítimas Feridas";"Plena Noite";"Decrescente";"Céu Claro";"Simples";"Reta";"Não";1;0;1;0;0;0;1;1;-22,770075;-49,889694;"SPRF-SP";"DEL07-SP";"UOP03-DEL07-SP"
504586;2023-02-11;"sábado";"23:40:00";"GO";60;92;"ANAPOLIS";"Ingestão de álcool pelo condutor";"Saída de leito carroçável";"Sem Vítimas";"Plena Noite";"Decrescente";"Chuva";"Dupla";"Reta";"Sim";1;0;0;0;0;1;0;1;-16,353;-48,9178;"SPRF-GO";"DEL02-GO";"UOP01-DEL02-GO"
504587;2023-02-11;"sábado";"20:40:00";"MG";262;409;"IGARATINGA";"Velocidade Incompatível";"Saída de leito carroçável";"Com Vítimas Feridas";"Plena Noite";"Crescente";"Chuva";"Dupla";"Curva";"Não";1;0;1;0;0;0;1;1;-19,8901412;-44,62313102;"SPRF-MG";"DEL08-MG";"UOP03-DEL08-MG"
504591;2023-02-12;"domingo";"00:30:00";"RS";116;301;"GUAIBA";"Acesso irregular";"Colisão transversal";"Com Vítimas Feridas";"Plena Noite";"Decrescente";"Céu Claro";"Simples";"Reta";"Não";3;0;1;0;1;1;1;2;-30,131899;-51,353867;"SPRF-RS";"DEL02-RS";"UOP01-DEL02-RS"
504592;2023-02-11;"sábado";"23:50:00";"MG";356;265,2;"MURIAE";"Ingestão de álcool pelo condutor";"Colisão com objeto";"Com Vítimas Feridas";"Plena Noite";"Crescente";"Céu Claro";"Simples";"Reta";"Sim";1;0;1;0;0;0;1;1;-21,12676713;-42,37143072;"SPRF-MG";"DEL07-MG";"UOP02-DEL07-MG"
504594;2023-02-12;"domingo";"01:10:00";"RN";406;158;"CEARA-MIRIM";"Animais na Pista";"Atropelamento de Animal";"Com Vítimas Feridas";"Plena Noite";"Crescente";"Céu Claro";"Simples";"Reta";"Não";2;0;2;0;0;0;2;1;-5,69942776;-35,38322468;"SPRF-RN";"DEL02-RN";"UOP01-DEL02-RN"
504595;2023-02-12;"domingo";"00:30:00";"SP";116;2;"GUARULHOS";"Reação tardia ou ineficiente do condutor";"Colisão traseira";"Com Vítimas Feridas";"Plena Noite";"Crescente";"Céu Claro";"Dupla";"Reta";"Não";3;0;1;0;2;0;1;2;-23,463257;-46,53373;"SPRF-SP";"DEL01-SP";"UOP01-DEL01-SP"
504597;2023-02-11;"sábado";"23:40:00";"AC";364;140;"RIO BRANCO";"Chuva";"Queda de ocupante de veículo";"Com Vítimas Feridas";"Plena Noite";"Decrescente";"Chuva";"Dupla";"Reta";"Não";1;0;1;0;0;0;1;1;-9,94779814;-67,86813111;"SPRF-AC";"DEL01-AC";"UOP01-DEL01-AC"
504599;2023-02-12;"domingo";"01:30:00";"SP";116;273;"TABOAO DA SERRA";"Ingestão de álcool pelo condutor";"Colisão frontal";"Com Vítimas Feridas";"Plena Noite";"Crescente";"Céu Claro";"Simples";"Viaduto;Curva";"Sim";3;0;2;0;1;0;2;2;-23,62809795;-46,81870306;"SPRF-SP";"DEL04-SP";"UOP01-DEL04-SP"
504602;2023-02-12;"domingo";"01:40:00";"PR";153;461,9;"PORTO VITORIA";"Ausência de reação do condutor";"Capotamento";"Com Vítimas Feridas";"Plena Noite";"Crescente";"Nublado";"Simples";"Curva";"Não";2;0;1;0;1;0;1;1;-26,2306;-51,0867;"SPRF-PR";"DEL02-PR";"UOP03-DEL02-PR"
504603;2023-02-12;"domingo";"01:35:00";"PB";230;7;"CABEDELO";"Ausência de reação do condutor";"Colisão traseira";"Sem Vítimas";"Plena Noite";"Decrescente";"Céu Claro";"Múltipla";"Reta";"Sim";2;0;0;0;1;1;0;2;-7,026;-34,8385;"SPRF-PB";"DEL01-PB";"UOP01-DEL01-PB"
504604;2023-02-12;"domingo";"00:50:00";"SC";282;581,7;"PINHALZINHO";"Reação tardia ou ineficiente do condutor";"Saída de leito carroçável";"Com Vítimas Feridas";"Plena Noite";"Decrescente";"Nublado";"Simples";"Rotatória";"Não";4;0;1;2;0;1;3;1;-26,82652179;-53,00485969;"SPRF-SC";"DEL07-SC";"UOP02-DEL07-SC"
504606;2023-02-11;"sábado";"19:30:00";"RO";364;712;"PORTO VELHO";"Ausência de reação do condutor";"Saída de leito carroçável";"Sem Vítimas";"Plena Noite";"Decrescente";"Nublado";"Múltipla";"Reta";"Sim";1;0;0;0;0;1;0;1;-8,77433705;-63,87848139;"SPRF-RO";"DEL01-RO";"UOP01-DEL01-RO"
504608;2023-02-12;"domingo";"03:00:00";"RN";101;103;"PARNAMIRIM";"Ingestão de álcool pelo condutor";"Colisão com objeto";"Com Vítimas Feridas";"Plena Noite";"Decrescente";"Céu Claro";"Múltipla";"Reta";"Sim";1;0;1;0;0;0;1;1;-5,89034022;-35,24894996;"SPRF-RN";"DEL01-RN";"UOP01-DEL01-RN"
504609;2023-02-12;"domingo";"02:45:00";"PR";376;125,8;"ALTO PARANA";"Ingestão de álcool pelo condutor";"Capotamento";"Sem Vítimas";"Plena Noite";"Crescente";"Céu Claro";"Dupla";"Aclive;Reta";"Não";1;0;0;0;0;1;0;1;-23,14593004;-52,27935659;"SPRF-PR";"DEL09-PR";"UOP02-DEL09-PR"
504610;2023-02-12;"domingo";"02:40:00";"SC";101;194;"BIGUACU";"Ingestão de álcool pelo condutor";"Saída de leito carroçável";"Com Vítimas Feridas";"Pleno dia";"Crescente";"Nevoeiro/Neblina";"Múltipla";"Reta";"Sim";1;0;1;0;0;0;1;1;-27,49815117;-48,65661236;"SPRF-SC";"DEL01-SC";"UOP01-DEL01-SC"
504611;2023-02-12;"domingo";"02:00:00";"MT";364;493;"JANGADA";"Transitar na contramão";"Colisão frontal";"Com Vítimas Feridas";"Plena Noite";"Crescente";"Chuva";"Simples";"Reta";"Sim";3;0;0;3;0;0;3;2;-15,30106797;-56,43607915;"SPRF-MT";"DEL01-MT";"UOP02-DEL01-MT"
504612;2023-02-12;"domingo";"03:40:00";"SC";101;305;"LAGUNA";"Ingestão de álcool pelo condutor";"Saída de leito carroçável";"Sem Vítimas";"Plena Noite";"Crescente";"Céu Claro";"Múltipla";"Reta";"Não";1;0;0;0;0;1;0;1;-28,37674574;-48,76400229;"SPRF-SC";"DEL02-SC";"UOP03-DEL02-SC"
504614;2023-02-12;"domingo";"04:00:00";"SP";116;229;"SAO PAULO";"Condutor Dormindo";"Colisão com objeto";"Com Vítimas Feridas";"Pleno dia";"Crescente";"Nublado";"Múltipla";"Reta";"Sim";1;0;1;0;0;0;1;1;-23,50343484;-46,56638712;"SPRF-SP";"DEL01-SP";"UOP01-DEL01-SP"
504615;2023-02-12;"domingo";"05:00:00";"AL";316;239;"ATALAIA";"Condutor Dormindo";"Colisão frontal";"Com Vítimas Fatais";"Amanhecer";"Decrescente";"Céu Claro";"Simples";"Reta";"Não";3;1;0;1;1;0;1;2;-9,50625459;-36,04053891;"SPRF-AL";"DEL01-AL";"UOP01-DEL01-AL"
504616;2023-02-12;"domingo";"04:40:00";"RJ";116;319;"ITATIAIA";"Ausência de reação do condutor";"Colisão traseira";"Com Vítimas Feridas";"Plena Noite";"Crescente";"Chuva";"Dupla";"Reta";"Não";2;0;1;0;1;0;1;2;-22,47041738;-44,51739637;"SPRF-RJ";"DEL07-RJ";"UOP02-DEL07-RJ"