"id";"data_inversa";"dia_semana";"horario";"uf";"br";"km";"municipio";"causa_acidente";"tipo_acidente";"classificacao_acidente";"fase_dia";"sentido_via";"condicao_metereologica";"tipo_pista";"tracado_via";"uso_solo";"pessoas";"mortos";"feridos_leves";"feridos_graves";"ilesos";"ignorados";"feridos";"veiculos";"latitude";"longitude";"regional";"delegacia";"uop"
504618;2023-02-12;"domingo";"04:26:00";"RO";319;63;"PORTO VELHO";"Condutor desrespeitou a iluminação vermelha do semáforo";"Colisão transversal";"Com Vítimas Feridas";"Plena Noite";"Decrescente";"Nublado";"Múltipla";"Reta";"Sim";3;0;1;0;1;1;1;3;-8,76110393;-63,88530493;"SPRF-RO";"DEL01-RO";"UOP01-DEL01-RO"
504620;2023-02-12;"domingo";"05:40:00";"RS";472;186,8;"SANTO CRISTO";"Transitar na contramão";"Colisão frontal";"Com Vítimas Fatais";"Amanhecer";"Decrescente";"Céu Claro";"Simples";"Curva;Aclive";"Não";4;3;0;1;0;0;1;2;-27,83546212;-54,61193398;"SPRF-RS";"DEL10-RS";"UOP01-DEL10-RS"
504622;2023-02-12;"domingo";"06:50:00";"RS";392;126,3;"CANGUCU";"Reação tardia ou ineficiente do condutor";"Saída de leito carroçável";"Com Vítimas Feridas";"Amanhecer";"Crescente";"Céu Claro";"Simples";"Reta";"Não";1;0;1;0;0;0;1;1;-31,35676908;-52,72953619;"SPRF-RS";"DEL07-RS";"UOP01-DEL07-RS"
504623;2023-02-12;"domingo";"06:50:00";"RS";158;327;"SANTA MARIA";"Reação tardia ou ineficiente do condutor";"Saída de leito carroçável";"Sem Vítimas";"Pleno dia";"Crescente";"Céu Claro";"Dupla";"Reta";"Sim";1;0;0;0;1;0;0;1;-29,71084814;-53,8201654;"SPRF-RS";"DEL09-RS";"UOP01-DEL09-RS"
504624;2023-02-11;"sábado";"21:03:00";"AM";174;886;"MANAUS";"Manobra de mudança de faixa";"Tombamento";"Com Vítimas Feridas";"Plena Noite";"Decrescente";"Nublado";"Simples";"Reta";"Não";2;0;0;1;1;0;1;2;-2,96034732;-60,03160432;"SPRF-AM";"DEL01-AM";"UOP01-DEL01-AM"
504625;2023-02-12;"domingo";"06:00:00";"RS";386;59,6;"SEBERI";"Ingestão de álcool pelo condutor";"Saída de leito carroçável";"Com Vítimas Feridas";"Pleno dia";"Crescente";"Céu Claro";"Simples";"Reta";"Não";1;0;1;0;0;0;1;1;-27,570587;-53,352303;"SPRF-RS";"DEL08-RS";"UOP02-DEL08-RS"
504626;2023-02-08;"quarta-feira";"11:30:00";"RJ";101;284;"ITABORAI";"Ausência de reação do condutor";"Colisão traseira";"Com Vítimas Feridas";"Pleno dia";"Decrescente";"Céu Claro";"Dupla";"Reta";"Não";4;0;1;0;3;0;1;3;-22,74431564;-42,80870139;"SPRF-RJ";"DEL02-RJ";"UOP02-DEL02-RJ"
504627;2023-02-12;"domingo";"06:49:00";"BA";135;194;"BARREIRAS";"Transitar na contramão";"Colisão frontal";"Com Vítimas Fatais";"Pleno dia";"Decrescente";"Céu Claro";"Simples";"Reta";"Não";2;1;0;0;0;1;0;2;-12,27346297;-45,02476163;"SPRF-BA";"DEL08-BA";"UOP04-DEL08-BA"
504628;2023-02-12;"domingo";"06:50:00";"SC";101;232;"PALHOCA";"Ausência de reação do condutor";"Colisão traseira";"Com Vítimas Feridas";"Pleno dia";"Decrescente";"Céu Claro";"Dupla";"Reta";"Não";1;0;0;1;0;0;1;1;-27,795666;-48,638153;"SPRF-SC";"DEL01-SC";"UOP02-DEL01-SC"
504630;2023-02-12;"domingo";"05:50:00";"MA";135;76;"SANTA RITA";"Transitar na contramão";"Colisão lateral sentido oposto";"Sem Vítimas";"Amanhecer";"Crescente";"Céu Claro";"Simples";"Reta";"Sim";3;0;0;0;2;1;0;2;-3,1892228;-44,35123236;"SPRF-MA";"DEL01-MA";"UOP02-DEL01-MA"
504631;2023-02-12;"domingo";"04:20:00";"SC";470;110;"APIUNA";"Condutor Dormindo";"Saída de leito carroçável";"Com Vítimas Feridas";"Plena Noite";"Crescente";"Céu Claro";"Simples";"Reta";"Não";2;0;2;0;0;0;2;1;-27,086622;-49,458096;"SPRF-SC";"DEL04-SC";"UOP02-DEL04-SC"
504633;2023-02-12;"domingo";"07:22:00";"RS";287;333;"SAO VICENTE DO SUL";"Condutor Dormindo";"Saída de leito carroçável";"Sem Vítimas";"Pleno dia";"Crescente";"Céu Claro";"Simples";"Declive;Curva";"Não";1;0;0;0;1;0;0;1;-29,65626309;-54,67564339;"SPRF-RS";"DEL12-RS";"UOP02-DEL12-RS"
504634;2023-02-11;"sábado";"21:00:00";"RS";468;70,6;"CAMPO NOVO";"Acessar a via sem observar a presença dos outros veículos";"Colisão transversal";"Com Vítimas Feridas";"Plena Noite";"Decrescente";"Céu Claro";"Simples";"Reta";"Não";7;0;4;1;2;0;5;2;-27,71227793;-53,84319365;"SPRF-RS";"DEL08-RS";"UOP02-DEL08-RS"
504636;2023-02-12;"domingo";"06:00:00";"RJ";393;208;"VASSOURAS";"Condutor Dormindo";"Saída de leito carroçável";"Sem Vítimas";"Pleno dia";"Crescente";"Nublado";"Simples";"Reta";"Não";1;0;0;0;1;0;0;1;-22,27368632;-43,46126849;"SPRF-RJ";"DEL05-RJ";"UOP03-DEL05-RJ"
504638;2023-02-12;"domingo";"06:00:00";"PR";467;79;"TOLEDO";"Reação tardia ou ineficiente do condutor";"Saída de leito carroçável";"Com Vítimas Feridas";"Pleno dia";"Decrescente";"Céu Claro";"Dupla";"Reta;Ponte";"Não";1;0;1;0;0;0;1;1;-24,7786;-53,6791;"SPRF-PR";"DEL04-PR";"UOP01-DEL04-PR"
504639;2023-02-12;"domingo";"06:40:00";"PR";163;180,6;"SANTA TEREZA DO OESTE";"Ausência de reação do condutor";"Saída de leito carroçável";"Com Vítimas Feridas";"Amanhecer";"Decrescente";"Céu Claro";"Dupla";"Curva";"Não";1;0;1;0;0;0;1;1;-25,17526492;-53,60316959;"SPRF-PR";"DEL05-PR";"UOP05-DEL05-PR"
504640;2023-02-12;"domingo";"02:00:00";"GO";153;136;"MARA ROSA";"Ausência de reação do condutor";"Saída de leito carroçável";"Sem Vítimas";"Plena Noite";"Crescente";"Céu Claro";"Dupla";"Reta";"Não";1;0;0;0;1;0;0;1;-13,958405;-49,087955;"SPRF-GO";"DEL07-GO";"UOP01-DEL07-GO"
504641;2023-02-11;"sábado";"21:45:00";"PI";343;250;"CAMPO MAIOR";"Chuva";"Saída de leito carroçável";"Com Vítimas Feridas";"Plena Noite";"Crescente";"Chuva";"Dupla";"Curva";"Não";1;0;1;0;0;0;1;1;-4,71022352;-42,0879364;"SPRF-PI";"DEL01-PI";"UOP03-DEL01-PI"
504643;2023-02-12;"domingo";"01:20:00";"PR";376;596,2;"CURITIBA";"Ausência de reação do condutor";"Saída de leito carroçável";"Com Vítimas Feridas";"Plena Noite";"Decrescente";"Nublado";"Dupla";"Reta";"Não";2;0;2;0;0;0;2;1;-25,50348856;-49,34162199;"SPRF-PR";"DEL01-PR";"UOP06-DEL01-PR"
504644;2023-02-12;"domingo";"07:45:00";"RS";290;59,7;"GRAVATAI";"Manobra de mudança de faixa";"Colisão lateral mesmo sentido";"Com Vítimas Feridas";"Pleno dia";"Decrescente";"Sol";"Dupla";"Reta";"Não";3;0;2;0;1;0;2;2;-29,924245;-50,855979;"SPRF-RS";"DEL03-RS";"UOP01-DEL03-RS"
504645;2023-02-12;"domingo";"06:00:00";"MA";316;528;"CAXIAS";"Condutor Dormindo";"Saída de leito carroçável";"Sem Vítimas";"Pleno dia";"Crescente";"Céu Claro";"Simples";"Curva";"Não";2;0;0;0;0;2;0;1;-4,814452;-43,544891;"SPRF-MA";"DEL03-MA";"UOP02-DEL03-MA"
504646;2023-02-12;"domingo";"06:30:00";"GO";153;513;"APARECIDA DE GOIANIA";"Ausência de reação do condutor";"Tombamento";"Com Vítimas Feridas";"Pleno dia";"Decrescente";"Céu Claro";"Dupla";"Curva";"Sim";1;0;1;0;0;0;1;1;-16,8244;-49,2421;"SPRF-GO";"DEL01-GO";"UOP03-DEL01-GO"
504647;2023-02-12;"domingo";"07:45:00";"SC";101;149;"ITAPEMA";"Ausência de reação do condutor";"Colisão traseira";"Com Vítimas Feridas";"Pleno dia";"Crescente";"Céu Claro";"Dupla";"Reta";"Sim";2;0;1;0;1;0;1;2;-27,1089649;-48,61277586;"SPRF-SC";"DEL04-SC";"UOP03-DEL04-SC"
504648;2023-02-12;"domingo";"06:20:00";"RS";116;528,5;"CAPAO DO LEAO";"Ultrapassagem Indevida";"Colisão lateral mesmo sentido";"Com Vítimas Feridas";"Amanhecer";"Crescente";"Nevoeiro/Neblina";"Simples";"Reta";"Sim";3;0;2;0;1;0;2;2;-31,75183551;-52,42110003;"SPRF-RS";"DEL07-RS";"UOP01-DEL07-RS"
504649;2023-02-12;"domingo";"05:45:00";"GO";153;511;"APARECIDA DE GOIANIA";"Acesso irregular";"Saída de leito carroçável";"Sem Vítimas";"Amanhecer";"Decrescente";"Céu Claro";"Dupla";"Reta";"Sim";1;0;0;0;1;0;0;1;-16,8067;-49,2394;"SPRF-GO";"DEL01-GO";"UOP03-DEL01-GO"
504651;2023-02-12;"domingo";"08:45:00";"RJ";40;116;"DUQUE DE CAXIAS";"Demais falhas mecânicas ou elétricas";"Incêndio";"Sem Vítimas";"Pleno dia";"Crescente";"Nublado";"Dupla";"Reta";"Não";1;0;0;0;1;0;0;1;-22,73662299;-43,28858785;"SPRF-RJ";"DEL01-RJ";"UOP01-DEL01-RJ"
504652;2023-02-12;"domingo";"05:10:00";"PB";230;467,7;"SOUSA";"Acessar a via sem observar a presença dos outros veículos";"Colisão traseira";"Com Vítimas Feridas";"Amanhecer";"Decrescente";"Céu Claro";"Simples";"Reta";"Não";6;0;5;1;0;0;6;2;-6,7813;-38,2606;"SPRF-PB";"DEL03-PB";"UOP03-DEL03-PB"
504653;2023-02-12;"domingo";"07:10:00";"SC";280;31,9;"ARAQUARI";"Velocidade Incompatível";"Capotamento";"Sem Vítimas";"Pleno dia";"Decrescente";"Céu Claro";"Simples";"Curva";"Não";1;0;0;0;0;1;0;1;-26,41649938;-48,77181215;"SPRF-SC";"DEL03-SC";"UOP03-DEL03-SC"
504654;2023-02-11;"sábado";"06:00:00";"PR";476;224;"LAPA";"Condutor Dormindo";"Saída de leito carroçável";"Com Vítimas Fatais";"Amanhecer";"Crescente";"Nevoeiro/Neblina";"Simples";"Curva";"Não";1;1;0;0;0;0;0;1;-25,848568;-49,941429;"SPRF-PR";"DEL01-PR";"UOP06-DEL01-PR"
504656;2023-02-12;"domingo";"04:23:00";"TO";230;26;"NAZARE";"Reação tardia ou ineficiente do condutor";"Atropelamento de Animal";"Com Vítimas Feridas";"Amanhecer";"Decrescente";"Céu Claro";"Simples";"Reta";"Não";1;0;0;1;0;0;1;1;-6,42055741;-47,58433913;"SPRF-TO";"DEL02-TO";"UOP03-DEL02-TO"
504659;2023-02-12;"domingo";"07:30:00";"RJ";40;3,9;"COMENDADOR LEVY GASPARIAN";"Chuva";"Colisão com objeto";"Com Vítimas Feridas";"Pleno dia";"Crescente";"Chuva";"Dupla";"Curva";"Não";3;0;1;0;2;0;1;1;-22,00844904;-43,24336605;"SPRF-RJ";"DEL05-RJ";"UOP02-DEL05-RJ"
504661;2023-02-12;"domingo";"08:15:00";"SC";470;323,9;"CAMPOS NOVOS";"Desrespeitar a preferência no cruzamento";"Colisão transversal";"Com Vítimas Feridas";"Pleno dia";"Crescente";"Céu Claro";"Simples";"Interseção de Vias";"Não";3;0;0;2;1;0;2;2;-27,438557;-51,244228;"SPRF-SC";"DEL07-SC";"UOP06-DEL07-SC"
504662;2023-02-12;"domingo";"05:20:00";"PE";232;261;"ARCOVERDE";"Condutor Dormindo";"Saída de leito carroçável";"Com Vítimas Feridas";"Amanhecer";"Decrescente";"Céu Claro";"Simples";"Curva";"Não";3;0;1;2;0;0;3;1;-8,40930624;-37,13788894;"SPRF-PE";"DEL04-PE";"UOP02-DEL04-PE"
504664;2023-01-14;"sábado";"18:30:00";"RN";405;112;"TABOLEIRO GRANDE";"Demais falhas na via";"Capotamento";"Com Vítimas Feridas";"Plena Noite";"Decrescente";"Céu Claro";"Simples";"Reta";"Não";5;0;4;1;0;0;5;1;-5,85811357;-38,00567236;"SPRF-RN";"DEL04-RN";"UOP02-DEL04-RN"
504669;2023-01-27;"sexta-feira";"20:52:00";"ES";101;263;"SERRA";"Ausência de reação do condutor";"Queda de ocupante de veículo";"Com Vítimas Feridas";"Plena Noite";"Crescente";"Nublado";"Dupla";"Reta";"Sim";3;0;1;0;2;0;1;2;-20,0967642;-40,3393829;"SPRF-ES";"DEL02-ES";"UOP01-DEL02-ES"
504670;2023-02-08;"quarta-feira";"14:00:00";"PR";277;663;"MEDIANEIRA";"Mal súbito do condutor";"Saída de leito carroçável";"Com Vítimas Feridas";"Pleno dia";"Crescente";"Céu Claro";"Dupla";"Reta";"Não";1;0;1;0;0;0;1;1;-25,25155419;-54,01878197;"SPRF-PR";"DEL05-PR";"UOP02-DEL05-PR"
504671;2023-01-27;"sexta-feira";"18:00:00";"CE";20;212;"BOA VIAGEM";"Obras na pista";"Colisão traseira";"Com Vítimas Feridas";"Anoitecer";"Decrescente";"Céu Claro";"Simples";"Em Obras;Reta";"Não";3;0;2;0;0;1;2;2;-5,0613452;-39,6947276;"SPRF-CE";"DEL02-CE";"UOP02-DEL02-CE"
504672;2023-02-12;"domingo";"10:00:00";"PR";376;497;"PONTA GROSSA";"Manobra de mudança de faixa";"Tombamento";"Com Vítimas Feridas";"Pleno dia";"Crescente";"Céu Claro";"Dupla";"Declive;Reta";"Sim";2;0;1;0;1;0;1;1;-25,18271102;-50,09257101;"SPRF-PR";"DEL03-PR";"UOP04-DEL03-PR"
504673;2023-02-12;"domingo";"10:15:00";"RS";116;215;"MORRO REUTER";"Conversão proibida";"Colisão traseira";"Com Vítimas Feridas";"Pleno dia";"Decrescente";"Céu Claro";"Simples";"Declive;Curva";"Não";3;0;1;0;2;0;1;2;-29,53533417;-51,08499002;"SPRF-RS";"DEL05-RS";"UOP02-DEL05-RS"
504675;2023-02-12;"domingo";"11:13:00";"SP";116;109;"TAUBATE";"Ausência de reação do condutor";"Saída de leito carroçável";"Com Vítimas Feridas";"Pleno dia";"Decrescente";"Nublado";"Dupla";"Reta";"Sim";2;0;2;0;0;0;2;1;-23,02871304;-45,54517097;"SPRF-SP";"DEL02-SP";"UOP02-DEL02-SP"
504676;2023-02-12;"domingo";"09:20:00";"PA";316;34,2;"SANTA IZABEL DO PARA";"Ingestão de álcool pelo condutor";"Saída de leito carroçável";"Com Vítimas Feridas";"Pleno dia";"Crescente";"Céu Claro";"Dupla";"Curva";"Sim";2;0;0;1;0;1;1;1;-1,29833956;-48,18889696;"SPRF-PA";"DEL01-PA";"UOP01-DEL01-PA"
504677;2023-02-12;"domingo";"09:20:00";"AC";364;122;"RIO BRANCO";"Pista esburacada";"Tombamento";"Com Vítimas Feridas";"Pleno dia";"Decrescente";"Nublado";"Simples";"Reta";"Não";1;0;1;0;0;0;1;1;-10,01209268;-67,764365;"SPRF-AC";"DEL01-AC";"UOP01-DEL01-AC"
504678;2023-02-12;"domingo";"09:35:00";"AC";364;134;"RIO BRANCO";"Acessar a via sem observar a presença dos outros veículos";"Colisão transversal";"Com Vítimas Feridas";"Pleno dia";"Decrescente";"Nublado";"Simples";"Rotatória";"Não";3;0;1;0;2;0;1;2;-9,993501;-67,84868;"SPRF-AC";"DEL01-AC";"UOP01-DEL01-AC"
504679;2023-02-12;"domingo";"00:54:00";"PR";277;603,7;"SANTA TEREZA DO OESTE";"Velocidade Incompatível";"Saída de leito carroçável";"Sem Vítimas";"Plena Noite";"Crescente";"Ignorado";"Simples";"Reta";"Não";1;0;0;0;0;1;0;1;-25,02817;-53,55983;"SPRF-PR";"DEL05-PR";"UOP02-DEL05-PR"
504680;2023-02-12;"domingo";"12:30:00";"GO";70;7;"AGUAS LINDAS DE GOIAS";"Reação tardia ou ineficiente do condutor";"Colisão lateral mesmo sentido";"Com Vítimas Feridas";"Pleno dia";"Crescente";"Céu Claro";"Dupla";"Reta";"Não";1;0;1;0;0;0;1;1;-15,74375533;-48,26779708;"SPRF-DF";"DEL03-DF";"UOP02-DEL03-DF"
504681;2023-02-12;"domingo";"12:30:00";"BA";324;561;"SAO SEBASTIAO DO PASSE";"Avarias e/ou desgaste excessivo no pneu";"Tombamento";"Com Vítimas Feridas";"Pleno dia";"Crescente";"Céu Claro";"Dupla";"Reta";"Não";2;0;2;0;0;0;2;1;-12,49783433;-38,64646092;"SPRF-BA";"DEL01-BA";"UOP01-DEL01-BA"
504682;2023-02-12;"domingo";"12:20:00";"BA";116;829,7;"VITORIA DA CONQUISTA";"Ingestão de álcool pelo condutor";"Tombamento";"Com Vítimas Feridas";"Pleno dia";"Crescente";"Sol";"Simples";"Aclive;Reta";"Não";1;0;1;0;0;0;1;1;-14,907632;-40,872902;"SPRF-BA";"DEL08-BA";"UOP01-DEL08-BA"
504683;2023-02-12;"domingo";"09:34:00";"MG";116;418;"GOVERNADOR VALADARES";"Reação tardia ou ineficiente do condutor";"Colisão traseira";"Com Vítimas Feridas";"Pleno dia";"Decrescente";"Céu Claro";"Simples";"Reta";"Não";2;0;1;0;1;0;1;2;-18,91686305;-41,94069623;"SPRF-MG";"DEL06-MG";"UOP01-DEL06-MG"
504684;2023-02-12;"domingo";"13:00:00";"MG";356;265,9;"MURIAE";"Reação tardia ou ineficiente do condutor";"Tombamento";"Com Vítimas Feridas";"Pleno dia";"Decrescente";"Céu Claro";"Simples";"Reta";"Sim";1;0;0;1;0;0;1;1;-21,12838898;-42,366803;"SPRF-MG";"DEL07-MG";"UOP02-DEL07-MG"
504685;2023-02-12;"domingo";"13:00:00";"ES";101;270;"SERRA";"Manobra de mudança de faixa";"Colisão traseira";"Com Vítimas Feridas";"Pleno dia";"Crescente";"Sol";"Dupla";"Reta";"Sim";3;0;1;0;2;0;1;2;-20,22662056;-40,27075088;"SPRF-ES";"DEL02-ES";"UOP01-DEL02-ES"
504687;2023-02-12;"domingo";"10:00:00";"SC";470;161;"TROMBUDO CENTRAL";"Velocidade Incompatível";"Saída de leito carroçável";"Sem Vítimas";"Pleno dia";"Crescente";"Sol";"Simples";"Reta";"Sim";1;0;0;0;0;1;0;1;-27,285444;-49,807579;"SPRF-SC";"DEL04-SC";"UOP02-DEL04-SC"
504690;2023-02-12;"domingo";"11:45:00";"MS";262;367;"CAMPO GRANDE";"Ausência de reação do condutor";"Colisão traseira";"Com Vítimas Feridas";"Pleno dia";"Crescente";"Céu Claro";"Simples";"Reta";"Sim";3;0;0;1;2;0;1;2;-20,47834089;-54,7578764;"SPRF-MS";"DEL01-MS";"UOP03-DEL01-MS"
504694;2023-02-12;"domingo";"13:53:00";"GO";70;400;"MONTES CLAROS DE GOIAS";"Manobra de mudança de faixa";"Colisão lateral sentido oposto";"Com Vítimas Feridas";"Pleno dia";"Crescente";"Céu Claro";"Simples";"Curva";"Não";5;0;3;1;0;1;4;2;-15,87109711;-51,65136337;"SPRF-GO";"DEL04-GO";"UOP02-DEL04-GO"
504695;2023-02-12;"domingo";"14:25:00";"MG";116;741,6;"LARANJAL";"Avarias e/ou desgaste excessivo no pneu";"Colisão com objeto";"Com Vítimas Feridas";"Pleno dia";"Decrescente";"Céu Claro";"Simples";"Declive;Curva";"Não";5;0;3;0;2;0;3;1;-21,39943786;-42,49496925;"SPRF-MG";"DEL07-MG";"UOP01-DEL07-MG"
504696;2023-02-12;"domingo";"13:15:00";"SC";282;130;"BOM RETIRO";"Condutor deixou de manter distância do veículo da frente";"Colisão traseira";"Com Vítimas Feridas";"Pleno dia";"Crescente";"Céu Claro";"Simples";"Reta";"Não";5;0;1;0;4;0;1;2;-27,803255;-49,505241;"SPRF-SC";"DEL05-SC";"UOP01-DEL05-SC"
504698;2023-02-12;"domingo";"14:30:00";"RS";116;237;"NOVO HAMBURGO";"Manobra de mudança de faixa";"Colisão traseira";"Com Vítimas Feridas";"Pleno dia";"Decrescente";"Céu Claro";"Dupla";"Em Obras;Reta";"Sim";4;0;2;0;2;0;2;2;-29,67839398;-51,1422266;"SPRF-RS";"DEL01-RS";"UOP02-DEL01-RS"
504699;2023-02-12;"domingo";"14:20:00";"PB";230;167,8;"CAMPINA GRANDE";"Ultrapassagem Indevida";"Colisão lateral mesmo sentido";"Com Vítimas Fatais";"Pleno dia";"Crescente";"Céu Claro";"Simples";"Reta;Declive";"Não";2;1;0;0;1;0;0;2;-7,195;-35,9619;"SPRF-PB";"DEL02-PB";"UOP02-DEL02-PB"
504701;2023-02-12;"domingo";"15:20:00";"MG";40;760,5;"EWBANK DA CAMARA";"Velocidade Incompatível";"Colisão transversal";"Com Vítimas Feridas";"Pleno dia";"Crescente";"Céu Claro";"Simples";"Interseção de Vias";"Não";2;0;0;1;1;0;1;2;-21,52936511;-43,51813418;"SPRF-MG";"DEL05-MG";"UOP01-DEL05-MG"
504702;2023-02-12;"domingo";"15:10:00";"PR";277;127;"BALSA NOVA";"Condutor deixou de manter distância do veículo da frente";"Colisão traseira";"Com Vítimas Feridas";"Pleno dia";"Decrescente";"Céu Claro";"Dupla";"Reta;Declive";"Não";4;0;2;0;2;0;2;2;-25,470339;-49,616985;"SPRF-PR";"DEL03-PR";"UOP03-DEL03-PR"
504703;2023-02-12;"domingo";"15:00:00";"SC";101;132;"BALNEARIO CAMBORIU";"Reação tardia ou ineficiente do condutor";"Colisão lateral mesmo sentido";"Com Vítimas Feridas";"Pleno dia";"Decrescente";"Céu Claro";"Dupla";"Reta";"Não";2;0;1;0;1;0;1;2;-26,99654133;-48,65564711;"SPRF-SC";"DEL04-SC";"UOP03-DEL04-SC"
504704;2023-02-12;"domingo";"15:20:00";"RS";290;45;"GLORINHA";"Reação tardia ou ineficiente do condutor";"Saída de leito carroçável";"Com Vítimas Feridas";"Pleno dia";"Decrescente";"Céu Claro";"Dupla";"Reta";"Não";1;0;1;0;0;0;1;1;-29,890198;-50,709991;"SPRF-RS";"DEL03-RS";"UOP01-DEL03-RS"
504705;2023-02-12;"domingo";"15:00:00";"SE";101;28;"MURIBECA";"Condutor Dormindo";"Saída de leito carroçável";"Com Vítimas Feridas";"Pleno dia";"Decrescente";"Céu Claro";"Dupla";"Reta";"Não";1;0;1;0;0;0;1;1;-10,42854927;-36,93059467;"SPRF-SE";"DEL02-SE";"UOP02-DEL02-SE"
504706;2023-02-12;"domingo";"07:15:00";"RJ";101;429;"MANGARATIBA";"Chuva";"Saída de leito carroçável";"Com Vítimas Feridas";"Pleno dia";"Decrescente";"Chuva";"Simples";"Curva";"Não";1;0;1;0;0;0;1;1;-22,935335;-44,0004;"SPRF-RJ";"DEL03-RJ";"UOP02-DEL03-RJ"
504708;2023-02-12;"domingo";"13:10:00";"RS";470;136,7;"ANDRE DA ROCHA";"Ausência de reação do condutor";"Saída de leito carroçável";"Com Vítimas Feridas";"Pleno dia";"Decrescente";"Sol";"Simples";"Curva";"Não";1;0;0;1;0;0;1;1;-28,638858;-51,571244;"SPRF-RS";"DEL06-RS";"UOP02-DEL06-RS"
504709;2023-02-12;"domingo";"14:50:00";"RJ";356;26;"ITAPERUNA";"Acessar a via sem observar a presença dos outros veículos";"Colisão transversal";"Com Vítimas Feridas";"Pleno dia";"Crescente";"Chuva";"Simples";"Reta";"Não";4;0;1;0;3;0;1;3;-21,17939459;-41,95448991;"SPRF-RJ";"DEL08-RJ";"UOP03-DEL08-RJ"
504710;2023-02-12;"domingo";"16:00:00";"SP";116;203,5;"ARUJA";"Ingestão de álcool pelo condutor";"Engavetamento";"Sem Vítimas";"Pleno dia";"Crescente";"Nublado";"Múltipla";"Reta";"Sim";4;0;0;0;4;0;0;3;-23,41060827;-46,34763895;"SPRF-SP";"DEL01-SP";"UOP01-DEL01-SP"
504711;2023-02-12;"domingo";"15:50:00";"RJ";116;120;"DUQUE DE CAXIAS";"Ingestão de álcool pelo condutor";"Colisão com objeto";"Com Vítimas Feridas";"Pleno dia";"Crescente";"Sol";"Múltipla";"Reta";"Sim";2;0;1;0;1;0;1;1;-22,7759685;-43,2855377;"SPRF-RJ";"DEL04-RJ";"UOP02-DEL04-RJ"
504712;2023-02-12;"domingo";"13:30:00";"GO";40;137,5;"CRISTALINA";"Avarias e/ou desgaste excessivo no pneu";"Tombamento";"Com Vítimas Feridas";"Pleno dia";"Crescente";"Céu Claro";"Simples";"Curva;Declive";"Não";2;0;0;2;0;0;2;1;-16,950403;-47,306603;"SPRF-DF";"DEL01-DF";"UOP02-DEL01-DF"
504714;2023-02-12;"domingo";"16:00:00";"SC";470;68,1;"INDAIAL";"Ausência de reação do condutor";"Colisão transversal";"Com Vítimas Feridas";"Pleno dia";"Decrescente";"Sol";"Simples";"Interseção de Vias";"Não";2;0;0;1;1;0;1;2;-26,877615;-49,239231;"SPRF-SC";"DEL04-SC";"UOP01-DEL04-SC"
504715;2023-02-12;"domingo";"16:00:00";"PR";376;592;"CURITIBA";"Reação tardia ou ineficiente do condutor";"Saída de leito carroçável";"Com Vítimas Feridas";"Pleno dia";"Crescente";"Céu Claro";"Dupla";"Reta";"Sim";2;0;2;0;0;0;2;1;-25,46833525;-49,35524543;"SPRF-PR";"DEL01-PR";"UOP06-DEL01-PR"
504716;2023-02-12;"domingo";"14:17:00";"GO";452;43;"SANTA HELENA DE GOIAS";"Ausência de reação do condutor";"Colisão com objeto";"Sem Vítimas";"Pleno dia";"Crescente";"Garoa/Chuvisco";"Simples";"Reta";"Não";2;0;0;0;0;2;0;2;-17,93788573;-50,53442988;"SPRF-GO";"DEL04-GO";"UOP01-DEL04-GO"
504717;2023-02-12;"domingo";"14:00:00";"PR";487;156;"ARARUNA";"Demais falhas mecânicas ou elétricas";"Colisão transversal";"Com Vítimas Feridas";"Pleno dia";"Crescente";"Céu Claro";"Simples";"Declive";"Não";5;0;2;0;3;0;2;2;-23,96158112;-52,59244503;"SPRF-PR";"DEL09-PR";"UOP03-DEL09-PR"
504719;2023-02-12;"domingo";"17:17:00";"RS";116;300;"GUAIBA";"Velocidade Incompatível";"Colisão lateral mesmo sentido";"Sem Vítimas";"Anoitecer";"Decrescente";"Céu Claro";"Dupla";"Viaduto";"Sim";1;0;0;0;1;0;0;1;-30,12368942;-51,34922543;"SPRF-RS";"DEL02-RS";"UOP01-DEL02-RS"
504720;2023-02-12;"domingo";"14:50:00";"MG";381;487;"BETIM";"Condutor deixou de manter distância do veículo da frente";"Colisão traseira";"Com Vítimas Feridas";"Pleno dia";"Crescente";"Céu Claro";"Dupla";"Declive;Curva";"Sim";3;0;1;0;2;0;1;3;-19,95586853;-44,14609501;"SPRF-MG";"DEL01-MG";"UOP03-DEL01-MG"
504721;2023-02-12;"domingo";"17:02:00";"PB";101;76,9;"SANTA RITA";"Avarias e/ou desgaste excessivo no pneu";"Queda de ocupante de veículo";"Com Vítimas Feridas";"Anoitecer";"Crescente";"Céu Claro";"Dupla";"Curva";"Não";2;0;2;0;0;0;2;1;-7,0908571123;-34,9685793239;"SPRF-PB";"DEL01-PB";"UOP04-DEL01-PB"
504722;2023-02-12;"domingo";"17:00:00";"PE";104;84;"AGRESTINA";"Ingestão de álcool pelo condutor";"Colisão traseira";"Com Vítimas Feridas";"Pleno dia";"Crescente";"Céu Claro";"Simples";"Reta";"Não";2;0;1;0;1;0;1;2;-8,430662;-35,959164;"SPRF-PE";"DEL02-PE";"UOP01-DEL02-PE"
504723;2023-02-12;"domingo";"16:00:00";"RS";386;428,8;"NOVA SANTA RITA";"Reação tardia ou ineficiente do condutor";"Saída de leito carroçável";"Com Vítimas Feridas";"Pleno dia";"Decrescente";"Céu Claro";"Simples";"Reta";"Não";2;0;1;0;1;0;1;2;-29,824709;-51,34256;"SPRF-RS";"DEL01-RS";"UOP01-DEL01-RS"