"id";"data_inversa";"dia_semana";"horario";"uf";"br";"km";"municipio";"causa_acidente";"tipo_acidente";"classificacao_acidente";"fase_dia";"sentido_via";"condicao_metereologica";"tipo_pista";"tracado_via";"uso_solo";"pessoas";"mortos";"feridos_leves";"feridos_graves";"ilesos";"ignorados";"feridos";"veiculos";"latitude";"longitude";"regional";"delegacia";"uop"
504815;2023-02-04;"sábado";"11:00:00";"RO";364;645;"PORTO VELHO";"Ausência de reação do condutor";"Capotamento";"Com Vítimas Feridas";"Pleno dia";"Decrescente";"Nublado";"Simples";"Reta";"Não";1;0;1;0;0;0;1;1;-8,79008258;-63,85528564;"SPRF-RO";"DEL01-RO";"UOP04-DEL01-RO"
504816;2023-02-13;"segunda-feira";"05:00:00";"RJ";101;332;"RIO DE JANEIRO";"Ausência de reação do condutor";"Tombamento";"Com Vítimas Feridas";"Amanhecer";"Crescente";"Céu Claro";"Múltipla";"Reta";"Não";1;0;1;0;0;0;1;1;-22,87133305;-43,20407695;"SPRF-RJ";"DEL02-RJ";"UOP01-DEL02-RJ"
504817;2023-02-12;"domingo";"17:30:00";"PE";0;0;"AGRESTINA";"Pista esburacada";"Colisão com objeto";"Sem Vítimas";"Anoitecer";"Não Informado";"Céu Claro";"Simples";"Curva";"Não";4;0;0;0;4;0;0;1;-8,39514;-35,948809;"SPRF-PE";"DEL02-PE";"UOP01-DEL02-PE"
504819;2023-02-13;"segunda-feira";"05:10:00";"AL";423;10,2;"OURO BRANCO";"Acesso irregular";"Colisão transversal";"Com Vítimas Feridas";"Amanhecer";"Decrescente";"Céu Claro";"Simples";"Aclive;Reta";"Não";6;0;2;0;4;0;2;2;-9,14851107;-37,37691098;"SPRF-AL";"DEL03-AL";"UOP02-DEL03-AL"
504820;2023-02-13;"segunda-feira";"05:30:00";"ES";101;269,2;"SERRA";"Reação tardia ou ineficiente do condutor";"Colisão lateral mesmo sentido";"Com Vítimas Feridas";"Pleno dia";"Decrescente";"Céu Claro";"Dupla";"Reta";"Sim";2;0;0;1;1;0;1;2;-20,20842;-40,269405;"SPRF-ES";"DEL02-ES";"UOP01-DEL02-ES"
504821;2023-02-12;"domingo";"19:30:00";"SC";101;15;"GARUVA";"Acessar a via sem observar a presença dos outros veículos";"Colisão traseira";"Com Vítimas Feridas";"Plena Noite";"Decrescente";"Céu Claro";"Múltipla";"Retorno Regulamentado";"Não";6;0;6;0;0;0;6;2;-26,1054368;-48,87150049;"SPRF-SC";"DEL03-SC";"UOP01-DEL03-SC"
504825;2023-02-13;"segunda-feira";"06:35:00";"ES";101;58;"SAO MATEUS";"Acessar a via sem observar a presença dos outros veículos";"Colisão transversal";"Com Vítimas Feridas";"Pleno dia";"Crescente";"Sol";"Simples";"Declive;Reta";"Não";2;0;1;0;1;0;1;2;-18,65547194;-39,87148278;"SPRF-ES";"DEL04-ES";"UOP02-DEL04-ES"
504826;2023-02-13;"segunda-feira";"06:10:00";"PE";101;68,7;"RECIFE";"Manobra de mudança de faixa";"Colisão lateral mesmo sentido";"Com Vítimas Feridas";"Pleno dia";"Crescente";"Céu Claro";"Dupla";"Reta";"Sim";2;0;1;0;1;0;1;2;-8,05074296;-34,94580619;"SPRF-PE";"DEL01-PE";"UOP01-DEL01-PE"
504828;2023-02-12;"domingo";"19:57:00";"RN";405;152;"PAU DOS FERROS";"Transitar na contramão";"Colisão transversal";"Com Vítimas Feridas";"Plena Noite";"Crescente";"Céu Claro";"Simples";"Reta";"Não";2;0;1;1;0;0;2;2;-6,12389317;-38,20650897;"SPRF-RN";"DEL04-RN";"UOP02-DEL04-RN"
504829;2023-02-12;"domingo";"17:55:00";"SC";282;373;"ERVAL VELHO";"Ultrapassagem Indevida";"Colisão traseira";"Com Vítimas Feridas";"Pleno dia";"Crescente";"Céu Claro";"Dupla";"Aclive";"Não";1;0;0;1;0;0;1;1;-27,243425;-51,44788;"SPRF-SC";"DEL07-SC";"UOP05-DEL07-SC"
504830;2023-02-13;"segunda-feira";"05:50:00";"GO";60;47,8;"ABADIANIA";"Acessar a via sem observar a presença dos outros veículos";"Colisão transversal";"Com Vítimas Feridas";"Amanhecer";"Crescente";"Céu Claro";"Dupla";"Retorno Regulamentado;Aclive;Curva";"Não";2;0;0;1;1;0;1;2;-16,1464;-48,6047;"SPRF-GO";"DEL02-GO";"UOP01-DEL02-GO"
504831;2023-02-13;"segunda-feira";"06:40:00";"SC";101;197;"BIGUACU";"Trafegar com motocicleta (ou similar) entre as faixas";"Colisão traseira";"Com Vítimas Feridas";"Pleno dia";"Crescente";"Céu Claro";"Múltipla";"Reta";"Não";2;0;1;0;1;0;1;2;-27,51844497;-48,63848496;"SPRF-SC";"DEL01-SC";"UOP01-DEL01-SC"
504832;2023-02-13;"segunda-feira";"05:10:00";"CE";116;35;"HORIZONTE";"Ingestão de álcool pelo condutor";"Eventos atípicos";"Sem Vítimas";"Plena Noite";"Crescente";"Chuva";"Dupla";"Reta";"Não";1;0;0;0;1;0;0;1;-4,05218058;-38,50627716;"SPRF-CE";"DEL01-CE";"UOP02-DEL01-CE"
504833;2023-02-13;"segunda-feira";"05:30:00";"RS";392;14,9;"RIO GRANDE";"Animais na Pista";"Saída de leito carroçável";"Com Vítimas Feridas";"Amanhecer";"Crescente";"Céu Claro";"Dupla";"Reta";"Não";5;0;3;1;1;0;4;1;-32,11915816;-52,15522135;"SPRF-RS";"DEL07-RS";"UOP02-DEL07-RS"
504834;2023-02-12;"domingo";"19:45:00";"MG";262;444;"NOVA SERRANA";"Reação tardia ou ineficiente do condutor";"Saída de leito carroçável";"Com Vítimas Feridas";"Plena Noite";"Decrescente";"Nublado";"Simples";"Interseção de Vias";"Sim";1;0;1;0;0;0;1;1;-19,8702011;-44,98289824;"SPRF-MG";"DEL08-MG";"UOP03-DEL08-MG"
504837;2023-02-12;"domingo";"19:30:00";"MG";365;627;"UBERLANDIA";"Pedestre andava na pista";"Atropelamento de Pedestre";"Com Vítimas Feridas";"Plena Noite";"Crescente";"Nublado";"Dupla";"Reta";"Sim";3;0;0;1;0;2;1;2;-18,90583387;-48,32077861;"SPRF-MG";"DEL15-MG";"UOP01-DEL15-MG"
504841;2023-02-12;"domingo";"19:00:00";"MG";381;502;"BETIM";"Ausência de reação do condutor";"Colisão traseira";"Sem Vítimas";"Plena Noite";"Crescente";"Céu Claro";"Simples";"Reta";"Não";2;0;0;0;2;0;0;2;-20,03619694;-44,24586303;"SPRF-MG";"DEL04-MG";"UOP03-DEL04-MG"
504842;2023-02-13;"segunda-feira";"07:20:00";"PB";101;105,2;"ALHANDRA";"Avarias e/ou desgaste excessivo no pneu";"Colisão com objeto";"Com Vítimas Feridas";"Pleno dia";"Crescente";"Sol";"Dupla";"Reta;Declive";"Não";1;0;1;0;0;0;1;1;-7,33293572;-34,94743824;"SPRF-PB";"DEL01-PB";"UOP02-DEL01-PB"
504843;2023-02-13;"segunda-feira";"07:25:00";"CE";116;16,2;"ITAITINGA";"Condutor deixou de manter distância do veículo da frente";"Colisão traseira";"Com Vítimas Feridas";"Pleno dia";"Crescente";"Chuva";"Múltipla";"Reta";"Sim";2;0;1;0;1;0;1;2;-3,88732794;-38,50185439;"SPRF-CE";"DEL01-CE";"UOP02-DEL01-CE"
504844;2023-02-13;"segunda-feira";"07:00:00";"SP";153;61,5;"SAO JOSE DO RIO PRETO";"Condutor deixou de manter distância do veículo da frente";"Colisão lateral mesmo sentido";"Com Vítimas Feridas";"Pleno dia";"Crescente";"Nublado";"Dupla";"Reta";"Sim";3;0;1;0;2;0;1;3;-20,80502876;-49,35574909;"SPRF-SP";"DEL09-SP";"UOP01-DEL09-SP"
504846;2023-02-13;"segunda-feira";"07:30:00";"SC";280;25,6;"ARAQUARI";"Conversão proibida";"Colisão transversal";"Com Vítimas Feridas";"Pleno dia";"Crescente";"Sol";"Simples";"Reta";"Sim";2;0;0;1;1;0;1;2;-26,38352781;-48,72677516;"SPRF-SC";"DEL03-SC";"UOP03-DEL03-SC"
504847;2023-02-13;"segunda-feira";"07:20:00";"RN";304;28,6;"MOSSORO";"Avarias e/ou desgaste excessivo no pneu";"Tombamento";"Com Vítimas Feridas";"Pleno dia";"Crescente";"Céu Claro";"Simples";"Reta";"Não";2;0;2;0;0;0;2;1;-5,099371;-37,33712502;"SPRF-RN";"DEL04-RN";"UOP02-DEL04-RN"
504848;2023-02-13;"segunda-feira";"06:52:00";"ES";262;114;"VENDA NOVA DO IMIGRANTE";"Entrada inopinada do pedestre";"Atropelamento de Pedestre";"Com Vítimas Feridas";"Pleno dia";"Crescente";"Céu Claro";"Simples";"Reta;Declive";"Não";2;0;2;0;0;0;2;2;-20,32544863;-41,21078488;"SPRF-ES";"DEL01-ES";"UOP02-DEL01-ES"
504852;2023-02-13;"segunda-feira";"07:45:00";"DF";40;2;"BRASILIA";"Ausência de reação do condutor";"Queda de ocupante de veículo";"Com Vítimas Feridas";"Pleno dia";"Crescente";"Céu Claro";"Dupla";"Reta";"Não";2;0;1;0;1;0;1;2;-15,99435;-47,985947;"SPRF-DF";"DEL01-DF";"UOP01-DEL01-DF"
504853;2023-02-13;"segunda-feira";"08:00:00";"CE";222;4,2;"CAUCAIA";"Ausência de reação do condutor";"Engavetamento";"Com Vítimas Feridas";"Pleno dia";"Crescente";"Céu Claro";"Múltipla";"Reta";"Sim";4;0;1;0;3;0;1;4;-3,7401714;-38,606357;"SPRF-CE";"DEL01-CE";"UOP01-DEL01-CE"
504855;2023-02-13;"segunda-feira";"08:00:00";"RS";285;294;"PASSO FUNDO";"Acessar a via sem observar a presença dos outros veículos";"Colisão transversal";"Com Vítimas Feridas";"Pleno dia";"Crescente";"Céu Claro";"Simples";"Interseção de Vias";"Sim";4;0;1;0;3;0;1;2;-28,234547;-52,384975;"SPRF-RS";"DEL08-RS";"UOP03-DEL08-RS"
504859;2023-02-13;"segunda-feira";"07:28:00";"MS";163;267;"DOURADOS";"Ausência de reação do condutor";"Engavetamento";"Com Vítimas Feridas";"Pleno dia";"Decrescente";"Céu Claro";"Dupla";"Reta";"Não";4;0;1;0;3;0;1;4;-22,21242493;-54,71536905;"SPRF-MS";"DEL04-MS";"UOP01-DEL04-MS"
504860;2023-02-13;"segunda-feira";"07:50:00";"MS";60;414;"SIDROLANDIA";"Acessar a via sem observar a presença dos outros veículos";"Colisão transversal";"Com Vítimas Feridas";"Pleno dia";"Crescente";"Nublado";"Simples";"Reta";"Não";2;0;0;1;1;0;1;2;-20,89554922;-54,86568024;"SPRF-MS";"DEL01-MS";"UOP04-DEL01-MS"
504862;2023-02-13;"segunda-feira";"09:10:00";"SP";116;230;"SAO PAULO";"Manobra de mudança de faixa";"Colisão lateral mesmo sentido";"Com Vítimas Feridas";"Pleno dia";"Crescente";"Céu Claro";"Múltipla";"Reta";"Sim";2;0;1;0;1;0;1;2;-23,52251783;-46,5855702;"SPRF-SP";"DEL01-SP";"UOP01-DEL01-SP"
504863;2023-02-13;"segunda-feira";"08:35:00";"DF";40;7,2;"BRASILIA";"Manobra de mudança de faixa";"Colisão lateral mesmo sentido";"Com Vítimas Feridas";"Pleno dia";"Crescente";"Céu Claro";"Dupla";"Reta";"Sim";2;0;1;0;1;0;1;2;-16,038666;-47,979691;"SPRF-DF";"DEL01-DF";"UOP01-DEL01-DF"
504864;2023-02-13;"segunda-feira";"09:15:00";"MG";40;483;"SETE LAGOAS";"Curva acentuada";"Queda de ocupante de veículo";"Com Vítimas Feridas";"Pleno dia";"Decrescente";"Céu Claro";"Dupla";"Curva";"Não";1;0;1;0;0;0;1;1;-19,56753;-44,23715;"SPRF-MG";"DEL02-MG";"UOP01-DEL02-MG"
504866;2023-02-13;"segunda-feira";"09:00:00";"SC";101;210;"SAO JOSE";"Manobra de mudança de faixa";"Colisão lateral mesmo sentido";"Com Vítimas Feridas";"Pleno dia";"Decrescente";"Céu Claro";"Múltipla";"Reta";"Sim";3;0;1;1;1;0;2;2;-27,6167305;-48,6457265;"SPRF-SC";"DEL01-SC";"UOP01-DEL01-SC"
504867;2023-02-13;"segunda-feira";"08:35:00";"PB";101;94;"CONDE";"Ausência de reação do condutor";"Saída de leito carroçável";"Com Vítimas Feridas";"Pleno dia";"Decrescente";"Céu Claro";"Dupla";"Reta";"Não";1;0;0;1;0;0;1;1;-7,21483297;-34,9117521;"SPRF-PB";"DEL01-PB";"UOP02-DEL01-PB"
504868;2023-02-13;"segunda-feira";"08:40:00";"SP";116;132,9;"SAO JOSE DOS CAMPOS";"Ausência de reação do condutor";"Tombamento";"Com Vítimas Feridas";"Pleno dia";"Crescente";"Céu Claro";"Dupla";"Reta";"Sim";1;0;1;0;0;0;1;1;-23,13169757;-45,74481322;"SPRF-SP";"DEL02-SP";"UOP02-DEL02-SP"
504870;2023-02-13;"segunda-feira";"06:15:00";"SC";282;578;"PINHALZINHO";"Acesso irregular";"Colisão transversal";"Com Vítimas Feridas";"Amanhecer";"Crescente";"Céu Claro";"Simples";"Curva;Rotatória";"Não";2;0;1;0;1;0;1;2;-26,83711706;-52,98689425;"SPRF-SC";"DEL07-SC";"UOP02-DEL07-SC"
504871;2023-02-13;"segunda-feira";"08:15:00";"PR";116;109;"CURITIBA";"Condutor deixou de manter distância do veículo da frente";"Colisão traseira";"Sem Vítimas";"Pleno dia";"Crescente";"Nublado";"Dupla";"Reta";"Sim";2;0;0;0;2;0;0;2;-25,565014;-49,247055;"SPRF-PR";"DEL01-PR";"UOP07-DEL01-PR"
504873;2023-02-13;"segunda-feira";"08:50:00";"MS";267;581,3;"CARACOL";"Condutor Dormindo";"Saída de leito carroçável";"Com Vítimas Feridas";"Pleno dia";"Decrescente";"Céu Claro";"Simples";"Reta";"Não";1;0;0;1;0;0;1;1;-21,75492296;-56,97073095;"SPRF-MS";"DEL05-MS";"UOP01-DEL05-MS"
504876;2023-02-13;"segunda-feira";"10:00:00";"ES";101;65,5;"SAO MATEUS";"Demais falhas mecânicas ou elétricas";"Colisão traseira";"Com Vítimas Feridas";"Pleno dia";"Crescente";"Sol";"Dupla";"Reta";"Sim";2;0;1;0;1;0;1;2;-18,7165195;-39,87436378;"SPRF-ES";"DEL04-ES";"UOP02-DEL04-ES"
504877;2023-02-13;"segunda-feira";"11:00:00";"SP";116;230;"SAO PAULO";"Manobra de mudança de faixa";"Colisão traseira";"Com Vítimas Feridas";"Pleno dia";"Decrescente";"Céu Claro";"Múltipla";"Reta";"Sim";1;0;1;0;0;0;1;1;-23,51618114;-46,57903509;"SPRF-SP";"DEL01-SP";"UOP01-DEL01-SP"
504879;2023-02-06;"segunda-feira";"15:40:00";"AM";319;723;"HUMAITA";"Animais na Pista";"Saída de leito carroçável";"Com Vítimas Feridas";"Pleno dia";"Crescente";"Sol";"Simples";"Reta";"Não";1;0;1;0;0;0;1;1;-7,86713407;-63,25494894;"SPRF-AM";"DEL01-AM";"UOP05-DEL01-AM"
504880;2023-02-13;"segunda-feira";"10:10:00";"RJ";101;327;"NITEROI";"Condutor deixou de manter distância do veículo da frente";"Engavetamento";"Com Vítimas Feridas";"Pleno dia";"Decrescente";"Céu Claro";"Dupla";"Reta";"Não";4;0;1;0;3;0;1;4;-22,87117393;-43,15595099;"SPRF-RJ";"DEL02-RJ";"UOP01-DEL02-RJ"
504884;2023-02-13;"segunda-feira";"01:00:00";"RR";401;64;"BONFIM";"Reação tardia ou ineficiente do condutor";"Colisão com objeto";"Com Vítimas Fatais";"Plena Noite";"Decrescente";"Ignorado";"Simples";"Reta";"Não";6;1;0;0;1;4;0;2;3,13797716;-60,27592112;"SPRF-RR";"DEL01-RR";"UOP01-DEL01-RR"
504889;2023-02-12;"domingo";"21:00:00";"BA";101;284;"LAJE";"Acessar a via sem observar a presença dos outros veículos";"Colisão traseira";"Com Vítimas Fatais";"Pleno dia";"Crescente";"Céu Claro";"Simples";"Reta";"Não";7;1;0;0;5;1;0;3;-13,143447;-39,296083;"SPRF-BA";"DEL01-BA";"UOP02-DEL01-BA"
504890;2023-02-13;"segunda-feira";"11:30:00";"ES";262;7,2;"CARIACICA";"Velocidade Incompatível";"Colisão lateral mesmo sentido";"Com Vítimas Feridas";"Pleno dia";"Crescente";"Céu Claro";"Dupla";"Curva";"Sim";4;0;2;0;1;1;2;3;-20,34283738;-40,40434616;"SPRF-ES";"DEL01-ES";"UOP01-DEL01-ES"
504891;2023-02-13;"segunda-feira";"11:45:00";"RJ";40;109;"DUQUE DE CAXIAS";"Reação tardia ou ineficiente do condutor";"Colisão traseira";"Com Vítimas Feridas";"Pleno dia";"Crescente";"Céu Claro";"Múltipla";"Reta";"Sim";3;0;0;1;1;1;1;3;-22,67374628;-43,28638368;"SPRF-RJ";"DEL01-RJ";"UOP01-DEL01-RJ"
504893;2023-02-13;"segunda-feira";"09:00:00";"RJ";40;81;"PETROPOLIS";"Acesso irregular";"Capotamento";"Com Vítimas Feridas";"Pleno dia";"Crescente";"Céu Claro";"Dupla";"Curva";"Não";1;0;1;0;0;0;1;1;-22,50560003;-43,23186384;"SPRF-RJ";"DEL06-RJ";"UOP01-DEL06-RJ"
504895;2023-02-13;"segunda-feira";"12:00:00";"MG";365;19,8;"MONTES CLAROS";"Reação tardia ou ineficiente do condutor";"Colisão com objeto";"Com Vítimas Feridas";"Pleno dia";"Crescente";"Céu Claro";"Simples";"Reta";"Não";1;0;1;0;0;0;1;1;-16,8754229;-44,01143194;"SPRF-MG";"DEL12-MG";"UOP01-DEL12-MG"
504896;2023-02-13;"segunda-feira";"11:40:00";"MT";70;1;"BARRA DO GARCAS";"Ausência de reação do condutor";"Colisão traseira";"Com Vítimas Feridas";"Pleno dia";"Crescente";"Céu Claro";"Simples";"Aclive;Interseção de Vias";"Sim";3;0;2;0;1;0;2;2;-15,89164596;-52,26202884;"SPRF-MT";"DEL07-MT";"UOP01-DEL07-MT"
504899;2023-02-13;"segunda-feira";"10:30:00";"SC";101;47,1;"JOINVILLE";"Avarias e/ou desgaste excessivo no pneu";"Queda de ocupante de veículo";"Com Vítimas Feridas";"Pleno dia";"Crescente";"Céu Claro";"Dupla";"Reta";"Sim";2;0;2;0;0;0;2;1;-26,34234997;-48,85840089;"SPRF-SC";"DEL03-SC";"UOP01-DEL03-SC"
504900;2023-02-13;"segunda-feira";"12:30:00";"RN";110;47,2;"MOSSORO";"Reação tardia ou ineficiente do condutor";"Engavetamento";"Com Vítimas Feridas";"Pleno dia";"Decrescente";"Nublado";"Simples";"Reta";"Sim";5;0;2;0;2;1;2;4;-5,202615;-37,32463;"SPRF-RN";"DEL04-RN";"UOP01-DEL04-RN"
504901;2023-02-13;"segunda-feira";"12:55:00";"MG";40;501;"ESMERALDAS";"Demais falhas mecânicas ou elétricas";"Incêndio";"Sem Vítimas";"Pleno dia";"Crescente";"Sol";"Dupla";"Reta";"Não";1;0;0;0;1;0;0;1;-19,70735708;-44,16736508;"SPRF-MG";"DEL02-MG";"UOP01-DEL02-MG"
504902;2023-02-13;"segunda-feira";"13:10:00";"DF";20;20;"BRASILIA";"Acessar a via sem observar a presença dos outros veículos";"Colisão traseira";"Com Vítimas Feridas";"Pleno dia";"Crescente";"Sol";"Dupla";"Reta";"Sim";3;0;2;0;1;0;2;2;-15,607905;-47,692791;"SPRF-DF";"DEL02-DF";"UOP01-DEL02-DF"
504903;2023-02-12;"domingo";"19:30:00";"PI";343;5;"TERESINA";"Ingestão de álcool pelo condutor";"Colisão traseira";"Sem Vítimas";"Plena Noite";"Crescente";"Céu Claro";"Múltipla";"Reta;Declive";"Sim";3;0;0;0;3;0;0;3;-5,14373;-42,77889;"SPRF-PI";"DEL05-PI";"UOP01-DEL05-PI"
504904;2023-01-25;"quarta-feira";"14:40:00";"BA";101;191;"CONCEICAO DA FEIRA";"Acessar a via sem observar a presença dos outros veículos";"Colisão transversal";"Com Vítimas Feridas";"Pleno dia";"Crescente";"Céu Claro";"Simples";"Interseção de Vias";"Não";2;0;2;0;0;0;2;2;-12,59676106;-38,99611595;"SPRF-BA";"DEL01-BA";"UOP03-DEL01-BA"
504905;2023-02-13;"segunda-feira";"13:20:00";"SC";101;203;"SAO JOSE";"Condutor deixou de manter distância do veículo da frente";"Colisão traseira";"Com Vítimas Feridas";"Pleno dia";"Crescente";"Céu Claro";"Dupla";"Reta";"Sim";2;0;1;0;1;0;1;2;-27,5650044;-48,61460082;"SPRF-SC";"DEL01-SC";"UOP01-DEL01-SC"
504906;2023-02-13;"segunda-feira";"13:05:00";"RN";110;47,2;"MOSSORO";"Condutor deixou de manter distância do veículo da frente";"Colisão traseira";"Com Vítimas Feridas";"Pleno dia";"Crescente";"Garoa/Chuvisco";"Simples";"Reta";"Sim";2;0;1;0;1;0;1;2;-5,20343869;-37,32578695;"SPRF-RN";"DEL04-RN";"UOP01-DEL04-RN"
504908;2023-02-13;"segunda-feira";"09:51:00";"RO";364;51;"VILHENA";"Reação tardia ou ineficiente do condutor";"Colisão traseira";"Com Vítimas Feridas";"Pleno dia";"Decrescente";"Céu Claro";"Simples";"Reta;Declive";"Não";4;0;3;0;1;0;3;2;-12,54307627;-60,36259753;"SPRF-RO";"DEL04-RO";"UOP01-DEL04-RO"
504910;2023-02-13;"segunda-feira";"10:50:00";"PB";412;76,2;"SERRA BRANCA";"Acessar a via sem observar a presença dos outros veículos";"Colisão transversal";"Com Vítimas Fatais";"Pleno dia";"Crescente";"Céu Claro";"Simples";"Reta";"Sim";2;1;0;1;0;0;1;2;-7,491833;-36,666817;"SPRF-PB";"DEL02-PB";"UOP02-DEL02-PB"
504911;2023-01-24;"terça-feira";"21:50:00";"RJ";101;452;"MANGARATIBA";"Ausência de reação do condutor";"Saída de leito carroçável";"Com Vítimas Feridas";"Plena Noite";"Decrescente";"Garoa/Chuvisco";"Simples";"Curva";"Não";1;0;1;0;0;0;1;1;-23,03179764;-44,13196391;"SPRF-RJ";"DEL03-RJ";"UOP02-DEL03-RJ"
504912;2023-02-13;"segunda-feira";"13:35:00";"GO";153;443;"ANAPOLIS";"Condutor deixou de manter distância do veículo da frente";"Colisão traseira";"Com Vítimas Feridas";"Pleno dia";"Decrescente";"Céu Claro";"Dupla";"Rotatória";"Sim";2;0;1;0;1;0;1;2;-16,334681;-48,922447;"SPRF-GO";"DEL02-GO";"UOP01-DEL02-GO"
504913;2023-02-13;"segunda-feira";"13:30:00";"PR";376;251,9;"APUCARANA";"Avarias e/ou desgaste excessivo no pneu";"Tombamento";"Com Vítimas Feridas";"Pleno dia";"Decrescente";"Nublado";"Dupla";"Curva";"Não";1;0;1;0;0;0;1;1;-23,650385;-51,37400796;"SPRF-PR";"DEL07-PR";"UOP03-DEL07-PR"
504916;2023-02-06;"segunda-feira";"06:05:00";"RS";290;4,3;"OSORIO";"Reação tardia ou ineficiente do condutor";"Colisão traseira";"Com Vítimas Feridas";"Amanhecer";"Crescente";"Céu Claro";"Dupla";"Reta";"Não";6;0;2;0;4;0;2;2;-29,898134;-50,31419;"SPRF-RS";"DEL03-RS";"UOP01-DEL03-RS"
504919;2023-02-13;"segunda-feira";"10:50:00";"RJ";101;291;"ITABORAI";"Demais falhas na via";"Tombamento";"Com Vítimas Feridas";"Pleno dia";"Crescente";"Céu Claro";"Dupla";"Reta";"Não";1;0;1;0;0;0;1;1;-22,76457445;-42,86989322;"SPRF-RJ";"DEL02-RJ";"UOP02-DEL02-RJ"
504920;2023-02-13;"segunda-feira";"14:35:00";"PR";369;155;"LONDRINA";"Condutor desrespeitou a iluminação vermelha do semáforo";"Colisão transversal";"Com Vítimas Feridas";"Pleno dia";"Crescente";"Nublado";"Múltipla";"Interseção de Vias;Reta";"Sim";2;0;1;0;1;0;1;2;-23,2956884;-51,20850497;"SPRF-PR";"DEL07-PR";"UOP01-DEL07-PR"
504921;2023-02-13;"segunda-feira";"14:07:00";"SC";101;224,3;"PALHOCA";"Velocidade Incompatível";"Colisão lateral mesmo sentido";"Com Vítimas Feridas";"Pleno dia";"Crescente";"Céu Claro";"Dupla";"Reta";"Não";3;0;1;0;0;2;1;3;-27,72384789;-48,64386769;"SPRF-SC";"DEL01-SC";"UOP02-DEL01-SC"
504922;2023-02-13;"segunda-feira";"13:18:00";"MA";230;405,4;"BALSAS";"Acessar a via sem observar a presença dos outros veículos";"Colisão transversal";"Com Vítimas Feridas";"Pleno dia";"Crescente";"Céu Claro";"Dupla";"Reta";"Sim";3;0;1;0;2;0;1;2;-7,520827;-46,050579;"SPRF-MA";"DEL05-MA";"UOP01-DEL05-MA"
504925;2023-02-13;"segunda-feira";"14:25:00";"RN";101;84;"NATAL";"Condutor deixou de manter distância do veículo da frente";"Colisão lateral mesmo sentido";"Com Vítimas Feridas";"Pleno dia";"Decrescente";"Céu Claro";"Múltipla";"Aclive;Reta";"Sim";2;0;1;0;1;0;1;2;-5,774175;-35,2578;"SPRF-RN";"DEL02-RN";"UOP01-DEL02-RN"
504926;2023-02-13;"segunda-feira";"13:30:00";"RS";386;280,8;"SAO JOSE DO HERVAL";"Transitar na contramão";"Colisão lateral sentido oposto";"Com Vítimas Feridas";"Pleno dia";"Decrescente";"Céu Claro";"Simples";"Curva";"Não";4;0;2;0;2;0;2;2;-29,036431;-52,298311;"SPRF-RS";"DEL04-RS";"UOP03-DEL04-RS"
504928;2023-01-28;"sábado";"10:00:00";"MA";0;0;"SAO LUIS";"Ausência de sinalização";"Colisão frontal";"Com Vítimas Feridas";"Pleno dia";"Não Informado";"Sol";"Simples";"Interseção de Vias";"Sim";3;0;1;0;2;0;1;2;-2,60917577;-44,25572103;"SPRF-MA";"N/A";"N/A"
504929;2023-02-13;"segunda-feira";"11:20:00";"RJ";116;188;"NOVA IGUACU";"Manobra de mudança de faixa";"Colisão traseira";"Com Vítimas Feridas";"Pleno dia";"Decrescente";"Céu Claro";"Dupla";"Reta";"Sim";1;0;1;0;0;0;1;1;-22,7380709;-43,48213999;"SPRF-RJ";"DEL01-RJ";"UOP02-DEL01-RJ"
504930;2023-02-13;"segunda-feira";"14:00:00";"RJ";101;526,4;"ANGRA DOS REIS";"Transitar na contramão";"Colisão frontal";"Com Vítimas Feridas";"Pleno dia";"Crescente";"Céu Claro";"Simples";"Declive";"Não";3;0;2;0;1;0;2;3;-23,0129519;-44,48622015;"SPRF-RJ";"DEL03-RJ";"UOP03-DEL03-RJ"
504931;2023-02-13;"segunda-feira";"15:00:00";"ES";101;314,5;"VILA VELHA";"Ausência de reação do condutor";"Saída de leito carroçável";"Com Vítimas Feridas";"Pleno dia";"Crescente";"Céu Claro";"Dupla";"Reta";"Não";2;0;2;0;0;0;2;1;-20,46489;-40,46559;"SPRF-ES";"DEL01-ES";"UOP01-DEL01-ES"
504932;2023-02-13;"segunda-feira";"12:45:00";"SC";101;386,4;"ICARA";"Conversão proibida";"Colisão transversal";"Com Vítimas Feridas";"Pleno dia";"Crescente";"Céu Claro";"Múltipla";"Declive";"Sim";2;0;1;0;1;0;1;2;-28,78691809;-49,33856964;"SPRF-SC";"DEL02-SC";"UOP02-DEL02-SC"
504934;2023-02-13;"segunda-feira";"15:30:00";"SC";470;68;"INDAIAL";"Condutor deixou de manter distância do veículo da frente";"Colisão traseira";"Com Vítimas Feridas";"Pleno dia";"Decrescente";"Céu Claro";"Simples";"Interseção de Vias;Reta";"Sim";2;0;1;0;1;0;1;2;-26,877615;-49,239231;"SPRF-SC";"DEL04-SC";"UOP01-DEL04-SC"
504935;2023-02-13;"segunda-feira";"13:30:00";"SC";101;224;"PALHOCA";"Ausência de reação do condutor";"Atropelamento de Pedestre";"Com Vítimas Feridas";"Pleno dia";"Crescente";"Céu Claro";"Dupla";"Reta";"Não";3;0;0;2;0;1;2;2;-27,72384789;-48,64386769;"SPRF-SC";"DEL01-SC";"UOP02-DEL01-SC"