"id";"data_inversa";"dia_semana";"horario";"uf";"br";"km";"municipio";"causa_acidente";"tipo_acidente";"classificacao_acidente";"fase_dia";"sentido_via";"condicao_metereologica";"tipo_pista";"tracado_via";"uso_solo";"pessoas";"mortos";"feridos_leves";"feridos_graves";"ilesos";"ignorados";"feridos";"veiculos";"latitude";"longitude";"regional";"delegacia";"uop"
504936;2023-02-13;"segunda-feira";"11:45:00";"PI";343;212;"CAPITAO DE CAMPOS";"Reação tardia ou ineficiente do condutor";"Saída de leito carroçável";"Sem Vítimas";"Pleno dia";"Decrescente";"Nublado";"Simples";"Reta";"Não";1;0;0;0;1;0;0;1;-4,454889;-41,937153;"SPRF-PI";"DEL02-PI";"UOP01-DEL02-PI"
504938;2023-02-13;"segunda-feira";"15:50:00";"SC";101;206,8;"SAO JOSE";"Trafegar com motocicleta (ou similar) entre as faixas";"Colisão lateral mesmo sentido";"Com Vítimas Feridas";"Pleno dia";"Crescente";"Céu Claro";"Múltipla";"Reta";"Sim";3;0;2;0;1;0;2;3;-27,58313237;-48,61532885;"SPRF-SC";"DEL01-SC";"UOP01-DEL01-SC"
504941;2023-02-13;"segunda-feira";"15:00:00";"SC";101;207,8;"SAO JOSE";"Condutor deixou de manter distância do veículo da frente";"Colisão traseira";"Com Vítimas Feridas";"Pleno dia";"Decrescente";"Sol";"Múltipla";"Declive";"Sim";2;0;1;0;1;0;1;2;-27,60001226;-48,6226467;"SPRF-SC";"DEL01-SC";"UOP01-DEL01-SC"
504942;2023-02-13;"segunda-feira";"15:09:00";"SC";101;356;"SANGAO";"Reação tardia ou ineficiente do condutor";"Saída de leito carroçável";"Com Vítimas Feridas";"Pleno dia";"Decrescente";"Céu Claro";"Dupla";"Reta";"Não";5;0;2;0;3;0;2;1;-28,65057609;-49,10516385;"SPRF-SC";"DEL02-SC";"UOP01-DEL02-SC"
504943;2023-02-13;"segunda-feira";"16:20:00";"SP";381;71,9;"MAIRIPORA";"Reação tardia ou ineficiente do condutor";"Engavetamento";"Com Vítimas Feridas";"Pleno dia";"Crescente";"Céu Claro";"Múltipla";"Reta";"Não";5;0;2;0;3;0;2;3;-23,35047979;-46,55267274;"SPRF-SP";"DEL03-SP";"UOP01-DEL03-SP"
504946;2023-02-13;"segunda-feira";"17:30:00";"SC";101;195;"BIGUACU";"Reação tardia ou ineficiente do condutor";"Tombamento";"Com Vítimas Feridas";"Pleno dia";"Decrescente";"Céu Claro";"Múltipla";"Reta";"Sim";2;0;2;0;0;0;2;1;-27,5047092;-48,65010819;"SPRF-SC";"DEL01-SC";"UOP01-DEL01-SC"
504947;2023-02-13;"segunda-feira";"17:29:00";"ES";101;233,3;"FUNDAO";"Avarias e/ou desgaste excessivo no pneu";"Tombamento";"Com Vítimas Feridas";"Pleno dia";"Crescente";"Céu Claro";"Simples";"Reta";"Não";2;0;1;1;0;0;2;1;-19,961042;-40,406889;"SPRF-ES";"DEL02-ES";"UOP01-DEL02-ES"
504948;2023-02-13;"segunda-feira";"16:30:00";"PR";158;525,3;"PATO BRANCO";"Ingestão de álcool pelo condutor";"Saída de leito carroçável";"Com Vítimas Feridas";"Pleno dia";"Crescente";"Céu Claro";"Simples";"Curva";"Não";2;0;0;2;0;0;2;1;-26,158163;-52,662702;"SPRF-PR";"DEL02-PR";"UOP01-DEL02-PR"
504949;2023-02-13;"segunda-feira";"16:00:00";"MG";381;429;"CAETE";"Velocidade Incompatível";"Colisão frontal";"Com Vítimas Feridas";"Pleno dia";"Decrescente";"Sol";"Simples";"Curva";"Sim";4;0;1;3;0;0;4;2;-19,78646655;-43,6863023;"SPRF-MG";"DEL01-MG";"UOP01-DEL01-MG"
504951;2023-02-13;"segunda-feira";"14:50:00";"RJ";116;216;"SEROPEDICA";"Manobra de mudança de faixa";"Colisão lateral mesmo sentido";"Com Vítimas Feridas";"Pleno dia";"Crescente";"Céu Claro";"Dupla";"Curva";"Não";2;0;1;0;1;0;1;2;-22,70521322;-43,74066509;"SPRF-RJ";"DEL01-RJ";"UOP03-DEL01-RJ"
504952;2023-02-12;"domingo";"09:50:00";"MG";116;276;"TEOFILO OTONI";"Conversão proibida";"Colisão transversal";"Com Vítimas Feridas";"Pleno dia";"Crescente";"Céu Claro";"Dupla";"Reta";"Sim";3;0;2;0;0;1;2;2;-17,85105696;-41,51454492;"SPRF-MG";"DEL11-MG";"UOP01-DEL11-MG"
504953;2023-01-19;"quinta-feira";"17:42:00";"RJ";101;295;"ITABORAI";"Condutor deixou de manter distância do veículo da frente";"Tombamento";"Com Vítimas Feridas";"Pleno dia";"Decrescente";"Céu Claro";"Dupla";"Reta";"Sim";1;0;0;1;0;0;1;1;-22,76365068;-42,90223623;"SPRF-RJ";"DEL02-RJ";"UOP02-DEL02-RJ"
504955;2023-02-13;"segunda-feira";"18:00:00";"SP";116;431;"REGISTRO";"Demais falhas mecânicas ou elétricas";"Saída de leito carroçável";"Com Vítimas Feridas";"Pleno dia";"Crescente";"Nublado";"Dupla";"Reta";"Não";4;0;1;0;3;0;1;1;-24,41194876;-47,75392914;"SPRF-SP";"DEL05-SP";"UOP01-DEL05-SP"
504956;2023-02-13;"segunda-feira";"17:55:00";"SC";470;56;"BLUMENAU";"Acessar a via sem observar a presença dos outros veículos";"Colisão transversal";"Com Vítimas Feridas";"Pleno dia";"Crescente";"Céu Claro";"Simples";"Reta";"Sim";3;0;3;0;0;0;3;2;-26,87732893;-49,12996633;"SPRF-SC";"DEL04-SC";"UOP01-DEL04-SC"
504958;2023-02-13;"segunda-feira";"16:40:00";"RJ";116;139;"DUQUE DE CAXIAS";"Chuva";"Colisão com objeto";"Com Vítimas Feridas";"Pleno dia";"Decrescente";"Chuva";"Dupla";"Reta";"Sim";1;0;1;0;0;0;1;1;-22,64655224;-43,20138601;"SPRF-RJ";"DEL01-RJ";"UOP01-DEL01-RJ"
504959;2023-02-13;"segunda-feira";"18:00:00";"PR";376;1,2;"APUCARANA";"Chuva";"Tombamento";"Com Vítimas Feridas";"Pleno dia";"Crescente";"Chuva";"Simples";"Declive;Reta";"Sim";2;0;2;0;0;0;2;1;-23,57371971;-51,4255715;"SPRF-PR";"DEL07-PR";"UOP03-DEL07-PR"
504960;2023-02-13;"segunda-feira";"15:14:00";"MA";135;4;"SAO LUIS";"Ausência de sinalização";"Tombamento";"Com Vítimas Feridas";"Pleno dia";"Crescente";"Garoa/Chuvisco";"Dupla";"Reta";"Sim";1;0;1;0;0;0;1;1;-2,641576;-44,30947065;"SPRF-MA";"DEL01-MA";"UOP01-DEL01-MA"
504961;2023-02-13;"segunda-feira";"14:20:00";"PR";116;208;"RIO NEGRO";"Mal súbito do condutor";"Saída de leito carroçável";"Com Vítimas Feridas";"Pleno dia";"Crescente";"Céu Claro";"Simples";"Reta";"Não";1;0;1;0;0;0;1;1;-26,07336494;-49,74365505;"SPRF-SC";"DEL06-SC";"UOP01-DEL06-SC"
504962;2023-02-13;"segunda-feira";"18:25:00";"MG";262;374;"JUATUBA";"Velocidade Incompatível";"Saída de leito carroçável";"Com Vítimas Feridas";"Pleno dia";"Crescente";"Nublado";"Dupla";"Reta";"Não";1;0;1;0;0;0;1;1;-19,96727284;-44,33288566;"SPRF-MG";"DEL01-MG";"UOP03-DEL01-MG"
504963;2023-02-13;"segunda-feira";"18:30:00";"RJ";101;474;"ANGRA DOS REIS";"Reação tardia ou ineficiente do condutor";"Colisão frontal";"Com Vítimas Feridas";"Anoitecer";"Decrescente";"Chuva";"Simples";"Curva";"Sim";2;0;1;0;1;0;1;2;-22,99075301;-44,24408913;"SPRF-RJ";"DEL03-RJ";"UOP03-DEL03-RJ"
504964;2023-02-13;"segunda-feira";"18:45:00";"BA";101;900;"CARAVELAS";"Velocidade Incompatível";"Queda de ocupante de veículo";"Com Vítimas Feridas";"Plena Noite";"Crescente";"Céu Claro";"Simples";"Reta";"Sim";1;0;1;0;0;0;1;1;-17,729203;-39,766681;"SPRF-BA";"DEL09-BA";"UOP02-DEL09-BA"
504967;2023-02-11;"sábado";"14:30:00";"BA";242;421;"SEABRA";"Pista esburacada";"Saída de leito carroçável";"Com Vítimas Feridas";"Pleno dia";"Crescente";"Céu Claro";"Simples";"Reta;Declive";"Não";1;0;0;1;0;0;1;1;-12,42676763;-41,8313487;"SPRF-BA";"DEL06-BA";"UOP01-DEL06-BA"
504968;2023-02-13;"segunda-feira";"09:00:00";"BA";30;239,5;"GUANAMBI";"Velocidade Incompatível";"Saída de leito carroçável";"Com Vítimas Fatais";"Pleno dia";"Decrescente";"Céu Claro";"Simples";"Curva;Aclive";"Não";1;1;0;0;0;0;0;1;-14,160308;-42,684647;"SPRF-BA";"DEL08-BA";"UOP01-DEL08-BA"
504970;2023-02-13;"segunda-feira";"18:45:00";"PB";230;6;"CABEDELO";"Demais falhas mecânicas ou elétricas";"Incêndio";"Sem Vítimas";"Plena Noite";"Decrescente";"Céu Claro";"Dupla";"Reta";"Sim";1;0;0;0;1;0;0;1;-7,02;-34,8359;"SPRF-PB";"DEL01-PB";"UOP01-DEL01-PB"
504972;2023-02-13;"segunda-feira";"18:33:00";"RS";386;354;"ESTRELA";"Acesso irregular";"Colisão transversal";"Com Vítimas Feridas";"Pleno dia";"Decrescente";"Céu Claro";"Dupla";"Reta";"Não";2;0;1;0;1;0;1;2;-29,506611;-51,943012;"SPRF-RS";"DEL04-RS";"UOP02-DEL04-RS"
504975;2023-02-13;"segunda-feira";"19:25:00";"MS";163;9;"MUNDO NOVO";"Ausência de reação do condutor";"Colisão traseira";"Com Vítimas Feridas";"Plena Noite";"Decrescente";"Chuva";"Simples";"Reta;Aclive";"Não";3;0;2;0;1;0;2;2;-23,98707101;-54,33136162;"SPRF-MS";"DEL09-MS";"UOP02-DEL09-MS"
504978;2023-02-09;"quinta-feira";"11:55:00";"BA";116;425;"FEIRA DE SANTANA";"Ultrapassagem Indevida";"Colisão transversal";"Com Vítimas Feridas";"Pleno dia";"Crescente";"Céu Claro";"Simples";"Reta";"Sim";2;0;1;0;1;0;1;2;-12,23736613;-38,97999588;"SPRF-BA";"DEL02-BA";"UOP01-DEL02-BA"
504980;2023-02-13;"segunda-feira";"19:50:00";"RJ";393;252;"BARRA DO PIRAI";"Acessar a via sem observar a presença dos outros veículos";"Colisão traseira";"Sem Vítimas";"Plena Noite";"Decrescente";"Chuva";"Simples";"Reta";"Sim";3;0;0;0;3;0;0;2;-22,45393931;-43,81083727;"SPRF-RJ";"DEL05-RJ";"UOP04-DEL05-RJ"
504982;2023-02-13;"segunda-feira";"18:30:00";"SP";116;274,2;"TABOAO DA SERRA";"Reação tardia ou ineficiente do condutor";"Colisão traseira";"Com Vítimas Feridas";"Plena Noite";"Decrescente";"Garoa/Chuvisco";"Dupla";"Reta";"Sim";2;0;1;0;1;0;1;2;-23,63445084;-46,82418514;"SPRF-SP";"DEL04-SP";"UOP01-DEL04-SP"
504983;2023-02-13;"segunda-feira";"17:40:00";"RJ";101;327;"NITEROI";"Reação tardia ou ineficiente do condutor";"Colisão traseira";"Com Vítimas Feridas";"Pleno dia";"Crescente";"Nublado";"Múltipla";"Reta";"Não";3;0;1;0;2;0;1;2;-22,87117393;-43,15595099;"SPRF-RJ";"DEL02-RJ";"UOP01-DEL02-RJ"
504984;2023-02-13;"segunda-feira";"19:00:00";"ES";101;358;"ANCHIETA";"Ausência de reação do condutor";"Colisão traseira";"Com Vítimas Feridas";"Plena Noite";"Decrescente";"Céu Claro";"Dupla";"Aclive";"Não";3;0;1;0;2;0;1;2;-20,691717;-40,704254;"SPRF-ES";"DEL03-ES";"UOP01-DEL03-ES"
504985;2023-02-13;"segunda-feira";"17:00:00";"RJ";101;506,5;"ANGRA DOS REIS";"Demais falhas mecânicas ou elétricas";"Incêndio";"Sem Vítimas";"Pleno dia";"Crescente";"Nublado";"Simples";"Reta";"Sim";2;0;0;0;0;2;0;2;-22,9354;-44,40754;"SPRF-RJ";"DEL03-RJ";"UOP03-DEL03-RJ"
504986;2023-02-13;"segunda-feira";"20:30:00";"PB";101;122,5;"CAAPORA";"Demais falhas mecânicas ou elétricas";"Incêndio";"Sem Vítimas";"Plena Noite";"Decrescente";"Nublado";"Dupla";"Reta;Aclive";"Não";2;0;0;0;0;2;0;1;-7,45038197;-34,97994215;"SPRF-PB";"DEL01-PB";"UOP02-DEL01-PB"
504987;2023-02-13;"segunda-feira";"19:50:00";"RS";471;173,8;"RIO PARDO";"Transitar na contramão";"Colisão lateral sentido oposto";"Com Vítimas Feridas";"Plena Noite";"Crescente";"Céu Claro";"Simples";"Curva";"Sim";2;0;2;0;0;0;2;2;-29,97820816;-52,37260938;"SPRF-RS";"DEL02-RS";"UOP03-DEL02-RS"
504989;2023-02-13;"segunda-feira";"13:00:00";"MG";381;248,9;"SANTANA DO PARAISO";"Acessar a via sem observar a presença dos outros veículos";"Colisão transversal";"Com Vítimas Feridas";"Pleno dia";"Crescente";"Sol";"Simples";"Reta";"Não";2;0;1;0;1;0;1;2;-19,47088645;-42,53935557;"SPRF-MG";"DEL06-MG";"UOP01-DEL06-MG"
504990;2023-02-13;"segunda-feira";"18:00:00";"RS";386;34,1;"FREDERICO WESTPHALEN";"Velocidade Incompatível";"Atropelamento de Pedestre";"Com Vítimas Feridas";"Anoitecer";"Decrescente";"Céu Claro";"Simples";"Interseção de Vias";"Sim";3;0;1;0;1;1;1;2;-27,358442;-53,388298;"SPRF-RS";"DEL08-RS";"UOP02-DEL08-RS"
504993;2023-02-13;"segunda-feira";"22:00:00";"SC";470;54,5;"BLUMENAU";"Ausência de reação do condutor";"Colisão traseira";"Sem Vítimas";"Plena Noite";"Crescente";"Céu Claro";"Simples";"Reta;Interseção de Vias";"Sim";2;0;0;0;2;0;0;2;-26,871065;-49,110374;"SPRF-SC";"DEL04-SC";"UOP01-DEL04-SC"
504994;2023-02-13;"segunda-feira";"18:50:00";"PR";277;33,2;"MORRETES";"Avarias e/ou desgaste excessivo no pneu";"Colisão com objeto";"Com Vítimas Feridas";"Plena Noite";"Decrescente";"Chuva";"Dupla";"Declive;Curva";"Não";1;0;1;0;0;0;1;1;-25,567894;-48,811317;"SPRF-PR";"DEL01-PR";"UOP05-DEL01-PR"
504995;2023-02-13;"segunda-feira";"18:00:00";"MT";70;6,3;"BARRA DO GARCAS";"Ausência de reação do condutor";"Colisão traseira";"Com Vítimas Feridas";"Anoitecer";"Decrescente";"Céu Claro";"Dupla";"Declive;Interseção de Vias";"Sim";2;0;1;0;1;0;1;2;-15,878268;-52,306705;"SPRF-MT";"DEL07-MT";"UOP01-DEL07-MT"
504996;2023-01-28;"sábado";"18:36:00";"ES";393;1,7;"CACHOEIRO DE ITAPEMIRIM";"Trafegar com motocicleta (ou similar) entre as faixas";"Colisão frontal";"Com Vítimas Fatais";"Plena Noite";"Crescente";"Céu Claro";"Simples";"Reta";"Sim";5;1;0;2;0;2;2;3;-20,83242503;-41,17491003;"SPRF-ES";"DEL03-ES";"UOP02-DEL03-ES"
504998;2023-02-13;"segunda-feira";"21:40:00";"SP";381;90;"SAO PAULO";"Reação tardia ou ineficiente do condutor";"Colisão com objeto";"Sem Vítimas";"Plena Noite";"Decrescente";"Céu Claro";"Dupla";"Reta";"Sim";1;0;0;0;1;0;0;1;-23,449343;-46,56983501;"SPRF-SP";"DEL03-SP";"UOP01-DEL03-SP"
504999;2023-02-13;"segunda-feira";"22:15:00";"ES";101;268,6;"SERRA";"Ausência de reação do condutor";"Tombamento";"Com Vítimas Feridas";"Plena Noite";"Crescente";"Céu Claro";"Dupla";"Reta";"Sim";1;0;1;0;0;0;1;1;-20,20842;-40,269405;"SPRF-ES";"DEL02-ES";"UOP01-DEL02-ES"
505000;2023-02-13;"segunda-feira";"19:00:00";"RN";405;156;"PAU DOS FERROS";"Ultrapassagem Indevida";"Colisão frontal";"Com Vítimas Feridas";"Plena Noite";"Decrescente";"Céu Claro";"Simples";"Reta";"Não";3;0;0;2;0;1;2;2;-6,15854069;-38,2077416;"SPRF-RN";"DEL04-RN";"UOP02-DEL04-RN"
505009;2023-02-13;"segunda-feira";"23:35:00";"SP";116;131,1;"CACAPAVA";"Pedestre cruzava a pista fora da faixa";"Atropelamento de Pedestre";"Com Vítimas Fatais";"Plena Noite";"Crescente";"Céu Claro";"Simples";"Reta";"Sim";2;1;0;1;0;0;1;2;-23,12742083;-45,73636609;"SPRF-SP";"DEL02-SP";"UOP02-DEL02-SP"
505011;2023-02-13;"segunda-feira";"23:10:00";"PR";277;578,9;"CASCAVEL";"Neblina";"Queda de ocupante de veículo";"Com Vítimas Feridas";"Plena Noite";"Crescente";"Nevoeiro/Neblina";"Dupla";"Reta";"Sim";1;0;1;0;0;0;1;1;-24,98385591;-53,34955899;"SPRF-PR";"DEL04-PR";"UOP01-DEL04-PR"
505015;2023-02-14;"terça-feira";"02:30:00";"SC";282;1;"FLORIANOPOLIS";"Demais falhas mecânicas ou elétricas";"Queda de ocupante de veículo";"Com Vítimas Feridas";"Plena Noite";"Decrescente";"Céu Claro";"Múltipla";"Reta;Declive";"Sim";1;0;1;0;0;0;1;1;-27,602955;-48,580509;"SPRF-SC";"DEL01-SC";"UOP01-DEL01-SC"
505016;2023-02-14;"terça-feira";"02:10:00";"DF";20;29;"BRASILIA";"Reação tardia ou ineficiente do condutor";"Atropelamento de Pedestre";"Com Vítimas Fatais";"Plena Noite";"Decrescente";"Céu Claro";"Dupla";"Reta;Declive";"Não";5;1;0;0;3;1;0;3;-15,598102;-47,612637;"SPRF-DF";"DEL02-DF";"UOP01-DEL02-DF"
505017;2023-02-14;"terça-feira";"00:57:00";"MA";222;248;"MIRANDA DO NORTE";"Animais na Pista";"Atropelamento de Animal";"Sem Vítimas";"Plena Noite";"Crescente";"Garoa/Chuvisco";"Simples";"Curva";"Não";2;0;0;0;2;0;0;1;-3,54616214;-44,57710494;"SPRF-MA";"DEL01-MA";"UOP02-DEL01-MA"
505018;2023-02-14;"terça-feira";"03:00:00";"PI";316;313;"PICOS";"Mal súbito do condutor";"Saída de leito carroçável";"Com Vítimas Feridas";"Plena Noite";"Crescente";"Céu Claro";"Dupla";"Reta";"Sim";2;0;0;1;1;0;1;1;-7,07959049;-41,44975182;"SPRF-PI";"DEL04-PI";"UOP01-DEL04-PI"
505022;2023-02-14;"terça-feira";"05:50:00";"GO";70;290;"ITAPIRAPUA";"Animais na Pista";"Atropelamento de Animal";"Com Vítimas Feridas";"Amanhecer";"Decrescente";"Céu Claro";"Simples";"Ponte;Reta";"Não";4;0;4;0;0;0;4;1;-15,81722355;-50,62818311;"SPRF-GO";"DEL04-GO";"UOP02-DEL04-GO"
505023;2023-02-14;"terça-feira";"06:00:00";"SC";101;127,5;"ITAJAI";"Demais falhas mecânicas ou elétricas";"Tombamento";"Com Vítimas Feridas";"Amanhecer";"Decrescente";"Céu Claro";"Múltipla";"Reta";"Não";2;0;1;0;1;0;1;1;-26,9639319;-48,68328024;"SPRF-SC";"DEL04-SC";"UOP04-DEL04-SC"
505024;2023-02-14;"terça-feira";"07:35:00";"SP";116;221;"GUARULHOS";"Reação tardia ou ineficiente do condutor";"Colisão lateral mesmo sentido";"Com Vítimas Feridas";"Pleno dia";"Crescente";"Nublado";"Múltipla";"Reta";"Sim";2;0;1;0;1;0;1;2;-23,46802395;-46,50704901;"SPRF-SP";"DEL01-SP";"UOP01-DEL01-SP"
505026;2023-02-14;"terça-feira";"07:15:00";"SC";101;310;"LAGUNA";"Acessar a via sem observar a presença dos outros veículos";"Tombamento";"Com Vítimas Feridas";"Pleno dia";"Crescente";"Céu Claro";"Múltipla";"Reta";"Não";1;0;1;0;0;0;1;1;-28,41679416;-48,79529064;"SPRF-SC";"DEL02-SC";"UOP01-DEL02-SC"
505027;2023-02-13;"segunda-feira";"23:00:00";"SC";158;108;"CUNHA PORA";"Velocidade Incompatível";"Saída de leito carroçável";"Com Vítimas Feridas";"Plena Noite";"Crescente";"Céu Claro";"Simples";"Reta";"Não";1;0;1;0;0;0;1;1;-26,88614955;-53,17524433;"SPRF-SC";"DEL07-SC";"UOP02-DEL07-SC"
505030;2023-02-14;"terça-feira";"08:10:00";"RJ";116;179;"BELFORD ROXO";"Demais falhas mecânicas ou elétricas";"Queda de ocupante de veículo";"Com Vítimas Feridas";"Pleno dia";"Decrescente";"Nublado";"Múltipla";"Declive;Reta";"Sim";2;0;2;0;0;0;2;1;-22,769902;-43,408036;"SPRF-RJ";"DEL01-RJ";"UOP02-DEL01-RJ"
505032;2023-02-14;"terça-feira";"08:10:00";"SP";153;61,1;"SAO JOSE DO RIO PRETO";"Manobra de mudança de faixa";"Colisão lateral mesmo sentido";"Sem Vítimas";"Pleno dia";"Crescente";"Céu Claro";"Dupla";"Reta;Declive";"Sim";3;0;0;0;3;0;0;3;-20,80502876;-49,35574909;"SPRF-SP";"DEL09-SP";"UOP01-DEL09-SP"
505033;2023-02-14;"terça-feira";"07:50:00";"SC";101;415;"ARARANGUA";"Reação tardia ou ineficiente do condutor";"Colisão traseira";"Com Vítimas Feridas";"Pleno dia";"Crescente";"Céu Claro";"Múltipla";"Reta";"Sim";2;0;1;0;1;0;1;2;-28,96889079;-49,52489197;"SPRF-SC";"DEL02-SC";"UOP02-DEL02-SC"
505034;2023-02-14;"terça-feira";"07:10:00";"RN";110;46,6;"MOSSORO";"Condutor deixou de manter distância do veículo da frente";"Colisão traseira";"Com Vítimas Feridas";"Pleno dia";"Decrescente";"Céu Claro";"Dupla";"Rotatória";"Sim";3;0;3;0;0;0;3;2;-5,201824;-37,323529;"SPRF-RN";"DEL04-RN";"UOP01-DEL04-RN"
505035;2023-02-13;"segunda-feira";"18:30:00";"MA";316;550,5;"CAXIAS";"Pedestre andava na pista";"Queda de ocupante de veículo";"Com Vítimas Feridas";"Plena Noite";"Decrescente";"Céu Claro";"Simples";"Reta";"Sim";2;0;0;1;0;1;1;2;-4,886332;-43,353386;"SPRF-MA";"DEL03-MA";"UOP02-DEL03-MA"
505036;2023-02-14;"terça-feira";"07:34:00";"PB";101;88;"JOAO PESSOA";"Reação tardia ou ineficiente do condutor";"Tombamento";"Com Vítimas Feridas";"Pleno dia";"Decrescente";"Nublado";"Dupla";"Reta";"Sim";1;0;1;0;0;0;1;1;-7,16470016;-34,89993643;"SPRF-PB";"DEL01-PB";"UOP01-DEL01-PB"
505037;2023-02-14;"terça-feira";"08:21:00";"TO";153;496;"PARAISO DO TOCANTINS";"Acessar a via sem observar a presença dos outros veículos";"Colisão lateral mesmo sentido";"Com Vítimas Feridas";"Pleno dia";"Crescente";"Céu Claro";"Simples";"Retorno Regulamentado";"Sim";2;0;1;0;1;0;1;2;-10,16527794;-48,88094578;"SPRF-TO";"DEL01-TO";"UOP01-DEL01-TO"
505038;2023-02-14;"terça-feira";"06:50:00";"TO";10;454;"PALMAS";"Animais na Pista";"Atropelamento de Animal";"Com Vítimas Feridas";"Pleno dia";"Crescente";"Céu Claro";"Dupla";"Reta";"Não";2;0;2;0;0;0;2;1;-10,22066983;-48,16302307;"SPRF-TO";"DEL01-TO";"UOP03-DEL01-TO"
505039;2023-02-14;"terça-feira";"07:31:00";"RN";101;94;"NATAL";"Acesso irregular";"Colisão transversal";"Com Vítimas Feridas";"Pleno dia";"Crescente";"Céu Claro";"Simples";"Reta";"Sim";1;0;1;0;0;0;1;1;-5,83176615;-35,21191342;"SPRF-RN";"DEL01-RN";"UOP01-DEL01-RN"
505040;2023-02-14;"terça-feira";"08:00:00";"RN";427;96,2;"CAICO";"Reação tardia ou ineficiente do condutor";"Colisão lateral mesmo sentido";"Com Vítimas Feridas";"Pleno dia";"Crescente";"Céu Claro";"Simples";"Reta";"Não";2;0;1;0;1;0;1;2;-6,465293;-37,057973;"SPRF-RN";"DEL03-RN";"UOP01-DEL03-RN"
505041;2023-02-11;"sábado";"22:10:00";"SC";470;125;"LONTRAS";"Ingestão de álcool pelo condutor";"Colisão transversal";"Com Vítimas Feridas";"Plena Noite";"Crescente";"Ignorado";"Dupla";"Reta;Interseção de Vias";"Não";3;0;0;2;1;0;2;2;-27,120506;-49,534946;"SPRF-SC";"DEL04-SC";"UOP02-DEL04-SC"
505043;2023-02-14;"terça-feira";"07:45:00";"SC";282;3,2;"FLORIANOPOLIS";"Manobra de mudança de faixa";"Colisão lateral mesmo sentido";"Com Vítimas Feridas";"Pleno dia";"Decrescente";"Céu Claro";"Dupla";"Reta";"Sim";3;0;2;0;1;0;2;2;-27,600384;-48,599705;"SPRF-SC";"DEL01-SC";"UOP01-DEL01-SC"
505044;2023-02-14;"terça-feira";"07:10:00";"MT";364;203,8;"RONDONOPOLIS";"Reação tardia ou ineficiente do condutor";"Colisão transversal";"Com Vítimas Feridas";"Pleno dia";"Crescente";"Céu Claro";"Dupla";"Reta;Declive";"Sim";2;0;2;0;0;0;2;2;-16,47555256;-54,65344724;"SPRF-MT";"DEL02-MT";"UOP01-DEL02-MT"
505045;2023-02-14;"terça-feira";"08:20:00";"SC";101;209,6;"SAO JOSE";"Trafegar com motocicleta (ou similar) entre as faixas";"Colisão traseira";"Com Vítimas Feridas";"Pleno dia";"Decrescente";"Céu Claro";"Múltipla";"Reta";"Não";1;0;0;1;0;0;1;1;-27,61000542;-48,63895057;"SPRF-SC";"DEL01-SC";"UOP01-DEL01-SC"
505046;2023-02-14;"terça-feira";"06:45:00";"RJ";465;1;"SEROPEDICA";"Acessar a via sem observar a presença dos outros veículos";"Colisão frontal";"Com Vítimas Feridas";"Amanhecer";"Crescente";"Céu Claro";"Simples";"Interseção de Vias";"Sim";3;0;1;0;2;0;1;2;-22,719835;-43,725739;"SPRF-RJ";"DEL01-RJ";"UOP03-DEL01-RJ"
505047;2023-02-14;"terça-feira";"08:25:00";"GO";60;93,2;"ANAPOLIS";"Condutor deixou de manter distância do veículo da frente";"Colisão traseira";"Sem Vítimas";"Pleno dia";"Decrescente";"Céu Claro";"Dupla";"Curva";"Não";2;0;0;0;2;0;0;2;-16,352643;-48,915353;"SPRF-GO";"DEL02-GO";"UOP01-DEL02-GO"
505048;2023-01-18;"quarta-feira";"14:45:00";"DF";60;24;"BRASILIA";"Ausência de reação do condutor";"Colisão lateral mesmo sentido";"Com Vítimas Feridas";"Pleno dia";"Decrescente";"Ignorado";"Dupla";"Reta";"Não";1;0;1;0;0;0;1;1;-15,991807;-48,232067;"SPRF-DF";"DEL03-DF";"UOP01-DEL03-DF"
505049;2023-02-14;"terça-feira";"08:30:00";"RJ";116;171;"RIO DE JANEIRO";"Condutor Dormindo";"Queda de ocupante de veículo";"Com Vítimas Feridas";"Pleno dia";"Decrescente";"Céu Claro";"Múltipla";"Reta";"Sim";1;0;1;0;0;0;1;1;-22,8060415;-43,34289573;"SPRF-RJ";"DEL01-RJ";"UOP02-DEL01-RJ"
505050;2023-02-14;"terça-feira";"06:55:00";"SC";282;530,9;"CORDILHEIRA ALTA";"Condutor deixou de manter distância do veículo da frente";"Colisão traseira";"Com Vítimas Feridas";"Pleno dia";"Crescente";"Céu Claro";"Simples";"Reta";"Não";2;0;1;0;1;0;1;2;-26,986555;-52,60524;"SPRF-SC";"DEL07-SC";"UOP01-DEL07-SC"
505051;2023-02-14;"terça-feira";"06:30:00";"RJ";40;107;"DUQUE DE CAXIAS";"Acesso irregular";"Colisão transversal";"Com Vítimas Feridas";"Pleno dia";"Crescente";"Céu Claro";"Múltipla";"Interseção de Vias";"Sim";3;0;2;1;0;0;3;2;-22,65581497;-43,28378546;"SPRF-RJ";"DEL01-RJ";"UOP01-DEL01-RJ"
505053;2023-02-14;"terça-feira";"04:50:00";"RN";406;140,9;"TAIPU";"Ausência de reação do condutor";"Tombamento";"Com Vítimas Fatais";"Amanhecer";"Crescente";"Céu Claro";"Simples";"Reta";"Não";2;1;0;0;1;0;0;2;-5,65143069;-35,52168192;"SPRF-RN";"DEL02-RN";"UOP01-DEL02-RN"