"id";"data_inversa";"dia_semana";"horario";"uf";"br";"km";"municipio";"causa_acidente";"tipo_acidente";"classificacao_acidente";"fase_dia";"sentido_via";"condicao_metereologica";"tipo_pista";"tracado_via";"uso_solo";"pessoas";"mortos";"feridos_leves";"feridos_graves";"ilesos";"ignorados";"feridos";"veiculos";"latitude";"longitude";"regional";"delegacia";"uop"
505170;2023-02-14;"terça-feira";"20:00:00";"PE";232;254,2;"ARCOVERDE";"Acessar a via sem observar a presença dos outros veículos";"Colisão traseira";"Com Vítimas Feridas";"Plena Noite";"Crescente";"Céu Claro";"Simples";"Reta;Declive";"Sim";6;0;2;0;4;0;2;2;-8,41875994;-37,07859892;"SPRF-PE";"DEL04-PE";"UOP02-DEL04-PE"
505171;2023-02-14;"terça-feira";"20:20:00";"MG";116;544,2;"SANTA BARBARA DO LESTE";"Acessar a via sem observar a presença dos outros veículos";"Colisão transversal";"Com Vítimas Feridas";"Plena Noite";"Decrescente";"Nublado";"Simples";"Reta";"Não";3;0;1;0;2;0;1;2;-19,919262;-42,13155389;"SPRF-MG";"DEL06-MG";"UOP02-DEL06-MG"
505172;2023-02-14;"terça-feira";"22:35:00";"GO";153;433,6;"ANAPOLIS";"Área urbana sem a presença de local apropriado para a travessia de pedestres";"Atropelamento de Pedestre";"Com Vítimas Fatais";"Plena Noite";"Crescente";"Céu Claro";"Dupla";"Reta";"Sim";3;1;0;0;2;0;0;2;-16,270597;-48,975418;"SPRF-GO";"DEL02-GO";"UOP01-DEL02-GO"
505173;2023-02-14;"terça-feira";"22:40:00";"MG";116;414;"GOVERNADOR VALADARES";"Afundamento ou ondulação no pavimento";"Tombamento";"Com Vítimas Feridas";"Plena Noite";"Crescente";"Céu Claro";"Múltipla";"Reta";"Sim";3;0;1;0;0;2;1;2;-18,88102703;-41,95910802;"SPRF-MG";"DEL06-MG";"UOP01-DEL06-MG"
505177;2023-02-14;"terça-feira";"23:20:00";"MG";40;276;"TRES MARIAS";"Pedestre cruzava a pista fora da faixa";"Atropelamento de Pedestre";"Com Vítimas Feridas";"Plena Noite";"Crescente";"Céu Claro";"Simples";"Aclive;Interseção de Vias";"Sim";2;0;1;1;0;0;2;2;-18,20602828;-45,23123233;"SPRF-MG";"DEL14-MG";"UOP02-DEL14-MG"
505185;2023-02-15;"quarta-feira";"00:30:00";"GO";60;419;"RIO VERDE";"Condutor Dormindo";"Tombamento";"Com Vítimas Feridas";"Plena Noite";"Decrescente";"Céu Claro";"Dupla";"Reta";"Não";1;0;0;1;0;0;1;1;-17,8207;-51,2323;"SPRF-GO";"DEL04-GO";"UOP02-DEL04-GO"
505186;2023-02-15;"quarta-feira";"02:30:00";"PA";316;35;"SANTA IZABEL DO PARA";"Transitar na contramão";"Colisão frontal";"Com Vítimas Feridas";"Plena Noite";"Decrescente";"Céu Claro";"Dupla";"Reta";"Sim";2;0;0;2;0;0;2;2;-1,29146197;-48,164561;"SPRF-PA";"DEL01-PA";"UOP01-DEL01-PA"
505187;2023-02-07;"terça-feira";"04:48:00";"MS";463;56;"PONTA PORA";"Ingestão de álcool pelo condutor";"Tombamento";"Com Vítimas Feridas";"Amanhecer";"Crescente";"Céu Claro";"Simples";"Reta";"Não";1;0;1;0;0;0;1;1;-22,39670405;-55,28954197;"SPRF-MS";"DEL04-MS";"UOP03-DEL04-MS"
505189;2023-02-15;"quarta-feira";"04:35:00";"SP";101;45,6;"UBATUBA";"Ausência de reação do condutor";"Colisão com objeto";"Com Vítimas Feridas";"Amanhecer";"Crescente";"Céu Claro";"Simples";"Reta";"Sim";4;0;4;0;0;0;4;1;-23,41779396;-45,06788408;"SPRF-SP";"DEL06-SP";"UOP01-DEL06-SP"
505191;2023-02-15;"quarta-feira";"05:30:00";"MG";381;427,8;"CAETE";"Ausência de reação do condutor";"Saída de leito carroçável";"Com Vítimas Feridas";"Amanhecer";"Decrescente";"Céu Claro";"Dupla";"Curva;Declive;Em Obras";"Não";1;0;1;0;0;0;1;1;-19,79545626;-43,67717743;"SPRF-MG";"DEL01-MG";"UOP01-DEL01-MG"
505194;2023-02-15;"quarta-feira";"01:50:00";"MG";381;523,8;"BRUMADINHO";"Ingestão de substâncias psicoativas pelo condutor";"Colisão com objeto";"Sem Vítimas";"Plena Noite";"Decrescente";"Nublado";"Dupla";"Aclive;Curva";"Não";1;0;0;0;1;0;0;1;-20,1530682;-44,32617552;"SPRF-MG";"DEL04-MG";"UOP03-DEL04-MG"
505195;2023-02-15;"quarta-feira";"06:00:00";"MG";381;854;"POUSO ALEGRE";"Reação tardia ou ineficiente do condutor";"Saída de leito carroçável";"Sem Vítimas";"Pleno dia";"Crescente";"Céu Claro";"Dupla";"Reta";"Não";1;0;0;0;0;1;0;1;-22,31374792;-45,90405426;"SPRF-MG";"DEL16-MG";"UOP01-DEL16-MG"
505196;2023-02-15;"quarta-feira";"06:50:00";"GO";40;2;"VALPARAISO DE GOIAS";"Ausência de reação do condutor";"Colisão traseira";"Com Vítimas Feridas";"Pleno dia";"Decrescente";"Céu Claro";"Dupla";"Reta";"Sim";5;0;2;0;3;0;2;5;-16,07341369;-47,98492312;"SPRF-DF";"DEL01-DF";"UOP01-DEL01-DF"
505197;2023-02-15;"quarta-feira";"06:50:00";"DF";70;0;"BRASILIA";"Manobra de mudança de faixa";"Colisão lateral mesmo sentido";"Com Vítimas Feridas";"Pleno dia";"Decrescente";"Céu Claro";"Dupla";"Reta";"Não";2;0;1;0;1;0;1;2;-15,792352;-48,054509;"SPRF-DF";"DEL03-DF";"UOP02-DEL03-DF"
505198;2023-02-15;"quarta-feira";"07:25:00";"MT";70;2;"BARRA DO GARCAS";"Conversão proibida";"Colisão traseira";"Com Vítimas Feridas";"Pleno dia";"Decrescente";"Céu Claro";"Dupla";"Reta";"Não";2;0;2;0;0;0;2;2;-15,88749699;-52,26810568;"SPRF-MT";"DEL07-MT";"UOP01-DEL07-MT"
505199;2023-02-15;"quarta-feira";"06:15:00";"SE";101;73;"MARUIM";"Ultrapassagem Indevida";"Colisão traseira";"Com Vítimas Feridas";"Pleno dia";"Crescente";"Céu Claro";"Simples";"Curva;Declive";"Sim";2;0;1;0;1;0;1;2;-10,75674403;-37,10467696;"SPRF-SE";"DEL01-SE";"UOP01-DEL01-SE"
505201;2023-02-15;"quarta-feira";"02:20:00";"RS";101;60,3;"MAQUINE";"Condutor Dormindo";"Saída de leito carroçável";"Com Vítimas Feridas";"Plena Noite";"Decrescente";"Garoa/Chuvisco";"Dupla";"Reta";"Não";1;0;0;1;0;0;1;1;-29,678094;-50,146119;"SPRF-RS";"DEL03-RS";"UOP02-DEL03-RS"
505202;2023-02-15;"quarta-feira";"07:45:00";"GO";40;3,9;"VALPARAISO DE GOIAS";"Reação tardia ou ineficiente do condutor";"Colisão traseira";"Com Vítimas Feridas";"Pleno dia";"Decrescente";"Céu Claro";"Dupla";"Reta";"Sim";2;0;1;0;1;0;1;2;-16,076081;-47,985671;"SPRF-DF";"DEL01-DF";"UOP01-DEL01-DF"
505204;2023-02-15;"quarta-feira";"07:50:00";"MG";381;486;"BETIM";"Reação tardia ou ineficiente do condutor";"Tombamento";"Com Vítimas Feridas";"Pleno dia";"Decrescente";"Céu Claro";"Múltipla";"Declive;Reta";"Sim";1;0;1;0;0;0;1;1;-19,95644414;-44,13611598;"SPRF-MG";"DEL01-MG";"UOP03-DEL01-MG"
505205;2023-02-15;"quarta-feira";"06:10:00";"BA";324;599;"SIMOES FILHO";"Acessar a via sem observar a presença dos outros veículos";"Colisão lateral mesmo sentido";"Com Vítimas Feridas";"Pleno dia";"Crescente";"Céu Claro";"Dupla";"Reta";"Não";1;0;1;0;0;0;1;1;-12,74194511;-38,43853918;"SPRF-BA";"DEL01-BA";"UOP01-DEL01-BA"
505206;2023-02-15;"quarta-feira";"08:00:00";"BA";101;206;"GOVERNADOR MANGABEIRA";"Reação tardia ou ineficiente do condutor";"Colisão traseira";"Com Vítimas Feridas";"Pleno dia";"Decrescente";"Sol";"Simples";"Reta";"Não";3;0;1;0;2;0;1;2;-12,59665874;-39,03176308;"SPRF-BA";"DEL01-BA";"UOP02-DEL01-BA"
505209;2023-02-15;"quarta-feira";"08:05:00";"MG";116;764,9;"LEOPOLDINA";"Acessar a via sem observar a presença dos outros veículos";"Colisão transversal";"Com Vítimas Feridas";"Pleno dia";"Crescente";"Céu Claro";"Simples";"Reta;Interseção de Vias";"Não";2;0;0;1;1;0;1;2;-21,52171912;-42,64030314;"SPRF-MG";"DEL07-MG";"UOP01-DEL07-MG"
505210;2023-02-07;"terça-feira";"15:45:00";"PI";316;95;"BARRO DURO";"Demais falhas mecânicas ou elétricas";"Incêndio";"Sem Vítimas";"Pleno dia";"Crescente";"Chuva";"Simples";"Reta";"Sim";5;0;0;0;5;0;0;1;-5,81026323;-42,52112517;"SPRF-PI";"DEL04-PI";"UOP02-DEL04-PI"
505213;2023-02-15;"quarta-feira";"07:50:00";"MG";50;178;"UBERABA";"Ausência de reação do condutor";"Colisão traseira";"Com Vítimas Feridas";"Pleno dia";"Decrescente";"Céu Claro";"Dupla";"Aclive";"Sim";3;0;1;0;1;1;1;3;-19,77896821;-47,94093599;"SPRF-MG";"DEL13-MG";"UOP01-DEL13-MG"
505215;2023-02-15;"quarta-feira";"08:27:00";"PE";116;28;"SALGUEIRO";"Retorno proibido";"Colisão lateral mesmo sentido";"Sem Vítimas";"Pleno dia";"Crescente";"Céu Claro";"Simples";"Reta;Aclive";"Não";2;0;0;0;2;0;0;2;-8,086088;-39,126305;"SPRF-PE";"DEL05-PE";"UOP01-DEL05-PE"
505216;2023-02-15;"quarta-feira";"07:30:00";"SC";282;567,9;"NOVA ERECHIM";"Acessar a via sem observar a presença dos outros veículos";"Colisão transversal";"Com Vítimas Feridas";"Pleno dia";"Crescente";"Nublado";"Simples";"Rotatória";"Sim";2;0;1;0;1;0;1;2;-26,904472;-52,907639;"SPRF-SC";"DEL07-SC";"UOP02-DEL07-SC"
505217;2023-02-15;"quarta-feira";"08:05:00";"RS";153;52;"ERECHIM";"Acessar a via sem observar a presença dos outros veículos";"Colisão transversal";"Sem Vítimas";"Pleno dia";"Crescente";"Nublado";"Simples";"Interseção de Vias";"Não";2;0;0;0;2;0;0;2;-27,66693813;-52,29069167;"SPRF-RS";"DEL08-RS";"UOP04-DEL08-RS"
505220;2023-02-15;"quarta-feira";"08:30:00";"RJ";493;55;"DUQUE DE CAXIAS";"Ausência de reação do condutor";"Saída de leito carroçável";"Com Vítimas Feridas";"Pleno dia";"Decrescente";"Céu Claro";"Dupla";"Reta";"Não";2;0;0;2;0;0;2;1;-22,65977071;-43,3540928;"SPRF-RJ";"DEL01-RJ";"UOP01-DEL01-RJ"
505222;2023-02-15;"quarta-feira";"09:15:00";"SC";282;2,1;"FLORIANOPOLIS";"Trafegar com motocicleta (ou similar) entre as faixas";"Colisão lateral mesmo sentido";"Com Vítimas Feridas";"Pleno dia";"Decrescente";"Sol";"Múltipla";"Reta";"Sim";2;0;1;0;1;0;1;2;-27,603289;-48,590416;"SPRF-SC";"DEL01-SC";"UOP01-DEL01-SC"
505223;2023-02-07;"terça-feira";"16:45:00";"PE";408;28;"ALIANCA";"Condutor deixou de manter distância do veículo da frente";"Colisão traseira";"Com Vítimas Feridas";"Anoitecer";"Decrescente";"Céu Claro";"Dupla";"Declive";"Não";4;0;3;0;1;0;3;2;-7,5940327;-35,24470263;"SPRF-PE";"DEL01-PE";"UOP02-DEL01-PE"
505224;2023-02-15;"quarta-feira";"08:50:00";"SP";116;229;"SAO PAULO";"Manobra de mudança de faixa";"Colisão lateral mesmo sentido";"Com Vítimas Feridas";"Pleno dia";"Crescente";"Céu Claro";"Múltipla";"Reta";"Sim";5;0;1;0;4;0;1;2;-23,51291902;-46,57604698;"SPRF-SP";"DEL01-SP";"UOP01-DEL01-SP"
505227;2023-02-15;"quarta-feira";"09:00:00";"PE";101;79,6;"JABOATAO DOS GUARARAPES";"Ausência de reação do condutor";"Colisão traseira";"Com Vítimas Feridas";"Pleno dia";"Decrescente";"Céu Claro";"Dupla";"Reta";"Sim";2;0;1;0;1;0;1;2;-8,14366112;-34,94723453;"SPRF-PE";"DEL01-PE";"UOP01-DEL01-PE"
505231;2023-02-15;"quarta-feira";"07:25:00";"PE";101;79;"JABOATAO DOS GUARARAPES";"Condutor deixou de manter distância do veículo da frente";"Colisão traseira";"Sem Vítimas";"Pleno dia";"Decrescente";"Céu Claro";"Dupla";"Curva";"Não";2;0;0;0;2;0;0;2;-8,14366112;-34,94723453;"SPRF-PE";"DEL01-PE";"UOP01-DEL01-PE"
505232;2023-02-15;"quarta-feira";"10:00:00";"SP";116;270;"TABOAO DA SERRA";"Acessar a via sem observar a presença dos outros veículos";"Colisão lateral mesmo sentido";"Com Vítimas Feridas";"Pleno dia";"Decrescente";"Céu Claro";"Dupla";"Reta";"Sim";3;0;0;1;2;0;1;3;-23,61799728;-46,79677694;"SPRF-SP";"DEL04-SP";"UOP01-DEL04-SP"
505233;2023-02-15;"quarta-feira";"08:35:00";"PR";163;284;"MARECHAL CANDIDO RONDON";"Chuva";"Queda de ocupante de veículo";"Com Vítimas Feridas";"Pleno dia";"Decrescente";"Chuva";"Dupla";"Declive;Curva";"Sim";1;0;1;0;0;0;1;1;-24,56541052;-54,03434515;"SPRF-PR";"DEL06-PR";"UOP02-DEL06-PR"
505234;2023-01-26;"quinta-feira";"21:31:00";"DF";70;11;"BRASILIA";"Ausência de reação do condutor";"Saída de leito carroçável";"Com Vítimas Feridas";"Plena Noite";"Crescente";"Garoa/Chuvisco";"Dupla";"Reta";"Sim";4;0;1;0;1;2;1;3;-15,784615;-48,132023;"SPRF-DF";"DEL03-DF";"UOP02-DEL03-DF"
505235;2023-02-14;"terça-feira";"05:20:00";"SP";381;75;"SAO PAULO";"Avarias e/ou desgaste excessivo no pneu";"Queda de ocupante de veículo";"Com Vítimas Feridas";"Amanhecer";"Decrescente";"Céu Claro";"Dupla";"Reta";"Sim";1;0;1;0;0;0;1;1;-23,37660089;-46,56409613;"SPRF-SP";"DEL03-SP";"UOP01-DEL03-SP"
505237;2023-02-15;"quarta-feira";"10:20:00";"BA";324;545;"AMELIA RODRIGUES";"Acessar a via sem observar a presença dos outros veículos";"Colisão transversal";"Com Vítimas Feridas";"Pleno dia";"Crescente";"Céu Claro";"Dupla";"Reta";"Sim";2;0;1;0;1;0;1;2;-12,40647;-38,753143;"SPRF-BA";"DEL01-BA";"UOP03-DEL01-BA"
505238;2023-02-10;"sexta-feira";"22:10:00";"MG";459;60;"IPUIUNA";"Acessar a via sem observar a presença dos outros veículos";"Colisão lateral sentido oposto";"Com Vítimas Feridas";"Pleno dia";"Crescente";"Nublado";"Simples";"Reta";"Não";2;0;0;1;1;0;1;2;-22,08785;-46,22678;"SPRF-MG";"DEL09-MG";"UOP01-DEL09-MG"
505239;2023-02-15;"quarta-feira";"10:21:00";"RO";319;64;"PORTO VELHO";"Condutor deixou de manter distância do veículo da frente";"Colisão traseira";"Com Vítimas Feridas";"Pleno dia";"Crescente";"Sol";"Múltipla";"Reta;Interseção de Vias";"Sim";2;0;1;0;0;1;1;2;-8,76748412;-63,88407648;"SPRF-RO";"DEL01-RO";"UOP01-DEL01-RO"
505243;2023-02-15;"quarta-feira";"12:20:00";"GO";153;443,7;"ANAPOLIS";"Acessar a via sem observar a presença dos outros veículos";"Colisão traseira";"Com Vítimas Feridas";"Pleno dia";"Crescente";"Céu Claro";"Dupla";"Rotatória";"Sim";3;0;1;0;1;1;1;2;-16,354028;-48,930133;"SPRF-GO";"DEL02-GO";"UOP01-DEL02-GO"
505244;2023-02-15;"quarta-feira";"12:00:00";"SC";101;200;"SAO JOSE";"Ausência de reação do condutor";"Engavetamento";"Com Vítimas Feridas";"Pleno dia";"Decrescente";"Sol";"Dupla";"Curva";"Não";4;0;2;0;2;0;2;3;-27,54018513;-48,62287714;"SPRF-SC";"DEL01-SC";"UOP01-DEL01-SC"
505245;2023-02-15;"quarta-feira";"11:30:00";"PR";116;119,8;"CURITIBA";"Manobra de mudança de faixa";"Colisão traseira";"Com Vítimas Feridas";"Pleno dia";"Crescente";"Garoa/Chuvisco";"Dupla";"Aclive";"Não";2;0;1;0;0;1;1;2;-25,584722;-49,314056;"SPRF-PR";"DEL01-PR";"UOP03-DEL01-PR"
505249;2023-02-10;"sexta-feira";"16:10:00";"DF";0;0;"BRASILIA";"Manobra de mudança de faixa";"Colisão transversal";"Sem Vítimas";"Pleno dia";"Não Informado";"Céu Claro";"Dupla";"Reta";"Sim";2;0;0;0;2;0;0;2;-15,800412;-47,967913;"N/A";"N/A";"N/A"
505251;2023-02-15;"quarta-feira";"12:15:00";"MS";262;370,1;"TERENOS";"Demais falhas mecânicas ou elétricas";"Saída de leito carroçável";"Com Vítimas Feridas";"Pleno dia";"Crescente";"Nublado";"Simples";"Reta";"Não";2;0;1;0;1;0;1;1;-20,4827648;-54,7837178;"SPRF-MS";"DEL01-MS";"UOP03-DEL01-MS"
505252;2023-02-15;"quarta-feira";"13:30:00";"MG";40;521;"CONTAGEM";"Demais falhas mecânicas ou elétricas";"Incêndio";"Sem Vítimas";"Pleno dia";"Decrescente";"Céu Claro";"Dupla";"Reta";"Não";1;0;0;0;1;0;0;1;-19,85651501;-44,07213222;"SPRF-MG";"DEL01-MG";"UOP02-DEL01-MG"
505253;2023-02-15;"quarta-feira";"12:50:00";"PR";277;336,1;"GUARAPUAVA";"Chuva";"Colisão traseira";"Com Vítimas Feridas";"Pleno dia";"Crescente";"Chuva";"Dupla";"Reta;Declive";"Não";8;0;6;1;1;0;7;2;-25,35620267;-51,36067277;"SPRF-PR";"DEL08-PR";"UOP01-DEL08-PR"
505254;2023-02-15;"quarta-feira";"13:00:00";"PR";116;40;"CAMPINA GRANDE DO SUL";"Reação tardia ou ineficiente do condutor";"Colisão com objeto";"Com Vítimas Feridas";"Pleno dia";"Decrescente";"Chuva";"Dupla";"Reta";"Não";2;0;1;0;1;0;1;1;-25,16445203;-48,86237697;"SPRF-PR";"DEL01-PR";"UOP02-DEL01-PR"
505258;2023-02-15;"quarta-feira";"13:45:00";"PB";230;153;"CAMPINA GRANDE";"Acessar a via sem observar a presença dos outros veículos";"Colisão lateral mesmo sentido";"Com Vítimas Feridas";"Pleno dia";"Crescente";"Céu Claro";"Dupla";"Interseção de Vias";"Sim";3;0;2;0;1;0;2;2;-7,2763;-35,8887;"SPRF-PB";"DEL02-PB";"UOP01-DEL02-PB"
505263;2023-01-28;"sábado";"12:10:00";"SC";280;151,1;"MAFRA";"Condutor deixou de manter distância do veículo da frente";"Engavetamento";"Com Vítimas Feridas";"Pleno dia";"Decrescente";"Céu Claro";"Simples";"Reta";"Não";4;0;1;0;1;2;1;3;-26,23248274;-49,69867393;"SPRF-SC";"DEL06-SC";"UOP03-DEL06-SC"
505264;2023-02-15;"quarta-feira";"14:30:00";"RS";158;327;"SANTA MARIA";"Condutor deixou de manter distância do veículo da frente";"Colisão traseira";"Com Vítimas Feridas";"Pleno dia";"Crescente";"Céu Claro";"Dupla";"Em Obras;Reta";"Sim";4;0;4;0;0;0;4;2;-29,70904035;-53,82348061;"SPRF-RS";"DEL09-RS";"UOP01-DEL09-RS"
505265;2023-02-15;"quarta-feira";"14:20:00";"PR";116;48;"CAMPINA GRANDE DO SUL";"Avarias e/ou desgaste excessivo no pneu";"Saída de leito carroçável";"Com Vítimas Feridas";"Pleno dia";"Decrescente";"Chuva";"Dupla";"Curva;Retorno Regulamentado";"Não";4;0;4;0;0;0;4;2;-25,21708693;-48,90395114;"SPRF-PR";"DEL01-PR";"UOP02-DEL01-PR"
505267;2023-02-15;"quarta-feira";"14:15:00";"SC";101;130;"BALNEARIO CAMBORIU";"Demais falhas mecânicas ou elétricas";"Tombamento";"Com Vítimas Feridas";"Pleno dia";"Crescente";"Nublado";"Dupla";"Reta";"Sim";2;0;2;0;0;0;2;1;-26,98407618;-48,66977107;"SPRF-SC";"DEL04-SC";"UOP03-DEL04-SC"
505268;2023-02-15;"quarta-feira";"15:00:00";"ES";101;351,2;"ANCHIETA";"Ausência de reação do condutor";"Saída de leito carroçável";"Com Vítimas Feridas";"Pleno dia";"Crescente";"Céu Claro";"Simples";"Reta";"Não";2;0;1;1;0;0;2;1;-20,665676;-40,655926;"SPRF-ES";"DEL03-ES";"UOP01-DEL03-ES"
505270;2023-02-03;"sexta-feira";"16:38:00";"BA";101;250;"CONCEICAO DO ALMEIDA";"Conversão proibida";"Colisão lateral mesmo sentido";"Com Vítimas Feridas";"Pleno dia";"Crescente";"Céu Claro";"Simples";"Reta";"Sim";2;0;0;1;1;0;1;2;-12,984957;-39,291156;"SPRF-BA";"DEL01-BA";"UOP02-DEL01-BA"
505271;2023-02-15;"quarta-feira";"12:00:00";"MG";251;278;"SALINAS";"Avarias e/ou desgaste excessivo no pneu";"Tombamento";"Com Vítimas Feridas";"Pleno dia";"Crescente";"Céu Claro";"Simples";"Reta";"Não";3;0;3;0;0;0;3;1;-16,02764697;-42,08916901;"SPRF-MG";"DEL12-MG";"UOP01-DEL12-MG"
505273;2023-02-15;"quarta-feira";"15:20:00";"MG";381;490;"BETIM";"Demais falhas mecânicas ou elétricas";"Colisão traseira";"Com Vítimas Feridas";"Pleno dia";"Crescente";"Céu Claro";"Múltipla";"Reta";"Sim";2;0;1;0;1;0;1;2;-19,95785975;-44,14066315;"SPRF-MG";"DEL01-MG";"UOP03-DEL01-MG"
505275;2023-02-15;"quarta-feira";"12:55:00";"RJ";101;300;"SAO GONCALO";"Ausência de reação do condutor";"Colisão lateral mesmo sentido";"Com Vítimas Feridas";"Pleno dia";"Decrescente";"Céu Claro";"Dupla";"Reta";"Sim";2;0;1;0;1;0;1;2;-22,77645713;-42,94783697;"SPRF-RJ";"DEL02-RJ";"UOP02-DEL02-RJ"
505276;2023-02-15;"quarta-feira";"15:30:00";"SC";101;136,5;"BALNEARIO CAMBORIU";"Reação tardia ou ineficiente do condutor";"Tombamento";"Com Vítimas Feridas";"Pleno dia";"Crescente";"Nublado";"Múltipla";"Reta";"Sim";1;0;1;0;0;0;1;1;-27,008113;-48,617245;"SPRF-SC";"DEL04-SC";"UOP03-DEL04-SC"
505278;2023-02-15;"quarta-feira";"16:15:00";"RJ";40;123;"DUQUE DE CAXIAS";"Demais falhas mecânicas ou elétricas";"Queda de ocupante de veículo";"Com Vítimas Feridas";"Pleno dia";"Crescente";"Céu Claro";"Múltipla";"Curva";"Sim";2;0;2;0;0;0;2;1;-22,79907687;-43,29015739;"SPRF-RJ";"DEL01-RJ";"UOP01-DEL01-RJ"
505279;2023-02-15;"quarta-feira";"15:30:00";"GO";153;524,5;"HIDROLANDIA";"Acumulo de água sobre o pavimento";"Queda de ocupante de veículo";"Com Vítimas Feridas";"Pleno dia";"Crescente";"Chuva";"Dupla";"Reta";"Não";1;0;1;0;0;0;1;1;-16,92;-49,2531;"SPRF-GO";"DEL01-GO";"UOP03-DEL01-GO"
505281;2023-02-15;"quarta-feira";"16:05:00";"RJ";116;71;"TERESOPOLIS";"Condutor deixou de manter distância do veículo da frente";"Engavetamento";"Com Vítimas Feridas";"Pleno dia";"Crescente";"Céu Claro";"Simples";"Reta;Aclive";"Sim";4;0;1;0;3;0;1;3;-22,327388;-42,93858185;"SPRF-RJ";"DEL04-RJ";"UOP01-DEL04-RJ"
505283;2023-02-15;"quarta-feira";"17:00:00";"PB";101;82,6;"BAYEUX";"Trafegar com motocicleta (ou similar) entre as faixas";"Colisão lateral mesmo sentido";"Com Vítimas Feridas";"Pleno dia";"Crescente";"Sol";"Dupla";"Reta";"Sim";4;0;1;0;3;0;1;2;-7,12911;-34,93714;"SPRF-PB";"DEL01-PB";"UOP01-DEL01-PB"
505289;2023-02-15;"quarta-feira";"16:20:00";"PE";316;303;"FLORESTA";"Falta de elemento de contenção que evite a saída do leito carroçável";"Saída de leito carroçável";"Com Vítimas Feridas";"Pleno dia";"Crescente";"Céu Claro";"Simples";"Reta";"Não";3;0;1;0;2;0;1;1;-8,60774626;-38,57879405;"SPRF-PE";"DEL04-PE";"UOP03-DEL04-PE"
505290;2023-02-15;"quarta-feira";"17:25:00";"GO";153;498,5;"GOIANIA";"Condutor deixou de manter distância do veículo da frente";"Colisão lateral mesmo sentido";"Com Vítimas Feridas";"Pleno dia";"Crescente";"Céu Claro";"Dupla";"Reta";"Sim";2;0;1;0;1;0;1;2;-16,6939;-49,2321;"SPRF-GO";"DEL01-GO";"UOP01-DEL01-GO"
505291;2023-02-15;"quarta-feira";"15:45:00";"MA";135;40;"BACABEIRA";"Ausência de reação do condutor";"Capotamento";"Sem Vítimas";"Pleno dia";"Decrescente";"Chuva";"Dupla";"Curva";"Não";1;0;0;0;0;1;0;1;-2,89345676;-44,37292277;"SPRF-MA";"DEL01-MA";"UOP01-DEL01-MA"
505292;2023-02-15;"quarta-feira";"17:10:00";"BA";415;22;"ILHEUS";"Avarias e/ou desgaste excessivo no pneu";"Tombamento";"Com Vítimas Feridas";"Anoitecer";"Decrescente";"Céu Claro";"Dupla";"Curva";"Não";2;0;2;0;0;0;2;1;-14,799858;-39,158801;"SPRF-BA";"DEL05-BA";"UOP01-DEL05-BA"
505293;2023-02-15;"quarta-feira";"15:12:00";"SC";101;213;"PALHOCA";"Velocidade Incompatível";"Colisão lateral mesmo sentido";"Sem Vítimas";"Pleno dia";"Crescente";"Céu Claro";"Múltipla";"Reta";"Sim";3;0;0;0;2;1;0;2;-27,63697369;-48,66514142;"SPRF-SC";"DEL01-SC";"UOP02-DEL01-SC"
505294;2023-02-15;"quarta-feira";"17:30:00";"PR";277;34;"MORRETES";"Reação tardia ou ineficiente do condutor";"Colisão com objeto";"Sem Vítimas";"Pleno dia";"Crescente";"Nublado";"Dupla";"Curva";"Não";2;0;0;0;2;0;0;1;-25,57117;-48,81584;"SPRF-PR";"DEL01-PR";"UOP05-DEL01-PR"
505295;2023-02-15;"quarta-feira";"18:10:00";"SC";101;215,9;"PALHOCA";"Ausência de reação do condutor";"Tombamento";"Com Vítimas Feridas";"Pleno dia";"Crescente";"Chuva";"Múltipla";"Reta";"Não";1;0;1;0;0;0;1;1;-27,65184843;-48,67604941;"SPRF-SC";"DEL01-SC";"UOP02-DEL01-SC"
505296;2023-02-15;"quarta-feira";"17:30:00";"ES";101;70,1;"SAO MATEUS";"Acessar a via sem observar a presença dos outros veículos";"Colisão transversal";"Com Vítimas Feridas";"Pleno dia";"Decrescente";"Sol";"Simples";"Aclive;Reta";"Não";2;0;0;1;1;0;1;2;-18,74453703;-39,86164665;"SPRF-ES";"DEL04-ES";"UOP02-DEL04-ES"
505299;2023-02-15;"quarta-feira";"17:48:00";"BA";367;29;"PORTO SEGURO";"Desrespeitar a preferência no cruzamento";"Colisão transversal";"Com Vítimas Feridas";"Anoitecer";"Crescente";"Céu Claro";"Simples";"Reta";"Sim";3;0;1;0;1;1;1;3;-16,4238769;-39,10203391;"SPRF-BA";"DEL09-BA";"UOP03-DEL09-BA"
505300;2023-02-15;"quarta-feira";"15:50:00";"RJ";101;430;"MANGARATIBA";"Reação tardia ou ineficiente do condutor";"Queda de ocupante de veículo";"Com Vítimas Feridas";"Pleno dia";"Crescente";"Céu Claro";"Simples";"Reta";"Não";2;0;0;1;1;0;1;1;-22,93710123;-44,01083798;"SPRF-RJ";"DEL03-RJ";"UOP02-DEL03-RJ"
505302;2023-02-15;"quarta-feira";"19:00:00";"ES";101;268;"SERRA";"Manobra de mudança de faixa";"Colisão lateral mesmo sentido";"Com Vítimas Feridas";"Plena Noite";"Crescente";"Céu Claro";"Dupla";"Reta";"Sim";2;0;1;0;1;0;1;2;-20,20842;-40,269405;"SPRF-ES";"DEL02-ES";"UOP01-DEL02-ES"