"id";"data_inversa";"dia_semana";"horario";"uf";"br";"km";"municipio";"causa_acidente";"tipo_acidente";"classificacao_acidente";"fase_dia";"sentido_via";"condicao_metereologica";"tipo_pista";"tracado_via";"uso_solo";"pessoas";"mortos";"feridos_leves";"feridos_graves";"ilesos";"ignorados";"feridos";"veiculos";"latitude";"longitude";"regional";"delegacia";"uop"
505303;2023-02-15;"quarta-feira";"18:40:00";"PR";376;4,8;"APUCARANA";"Ausência de reação do condutor";"Colisão traseira";"Com Vítimas Feridas";"Anoitecer";"Decrescente";"Nublado";"Simples";"Reta;Declive";"Sim";3;0;1;0;1;1;1;3;-23,54990087;-51,44966662;"SPRF-PR";"DEL07-PR";"UOP03-DEL07-PR"
505307;2023-02-15;"quarta-feira";"19:30:00";"RS";116;147,3;"CAXIAS DO SUL";"Reação tardia ou ineficiente do condutor";"Colisão transversal";"Sem Vítimas";"Anoitecer";"Decrescente";"Céu Claro";"Dupla";"Reta;Interseção de Vias";"Sim";3;0;0;0;3;0;0;2;-29,14908014;-51,1429969;"SPRF-RS";"DEL05-RS";"UOP01-DEL05-RS"
505308;2023-02-15;"quarta-feira";"19:00:00";"SC";480;124;"CHAPECO";"Velocidade Incompatível";"Colisão com objeto";"Com Vítimas Feridas";"Anoitecer";"Crescente";"Nublado";"Simples";"Aclive;Viaduto;Curva";"Sim";1;0;0;1;0;0;1;1;-27,00359519;-52,64391044;"SPRF-SC";"DEL07-SC";"UOP01-DEL07-SC"
505311;2023-02-12;"domingo";"04:50:00";"MG";381;223,7;"BELO ORIENTE";"Ingestão de álcool pelo condutor";"Colisão com objeto";"Com Vítimas Feridas";"Amanhecer";"Crescente";"Céu Claro";"Simples";"Reta";"Não";2;0;2;0;0;0;2;1;-19,31612364;-42,4000242;"SPRF-MG";"DEL06-MG";"UOP01-DEL06-MG"
505313;2023-02-07;"terça-feira";"18:50:00";"PI";230;190;"OEIRAS";"Reação tardia ou ineficiente do condutor";"Capotamento";"Com Vítimas Feridas";"Plena Noite";"Crescente";"Céu Claro";"Simples";"Reta";"Não";2;0;1;0;0;1;1;1;-6,98544646;-42,07157513;"SPRF-PI";"DEL04-PI";"UOP01-DEL04-PI"
505318;2023-02-15;"quarta-feira";"15:30:00";"MA";135;157;"MATOES DO NORTE";"Ausência de reação do condutor";"Saída de leito carroçável";"Sem Vítimas";"Pleno dia";"Decrescente";"Chuva";"Simples";"Curva";"Não";1;0;0;0;0;1;0;1;-3,8221759;-44,5172497;"SPRF-MA";"DEL01-MA";"UOP02-DEL01-MA"
505319;2023-02-15;"quarta-feira";"20:50:00";"GO";50;137;"IPAMERI";"Animais na Pista";"Atropelamento de Animal";"Sem Vítimas";"Plena Noite";"Decrescente";"Céu Claro";"Dupla";"Reta";"Não";2;0;0;0;2;0;0;1;-17,0642;-47,7444;"SPRF-GO";"DEL06-GO";"UOP01-DEL06-GO"
505320;2023-02-15;"quarta-feira";"19:15:00";"MG";40;517;"RIBEIRAO DAS NEVES";"Afundamento ou ondulação no pavimento";"Colisão frontal";"Com Vítimas Feridas";"Plena Noite";"Crescente";"Garoa/Chuvisco";"Múltipla";"Reta;Interseção de Vias";"Sim";2;0;1;0;1;0;1;2;-19,82351202;-44,08438913;"SPRF-MG";"DEL01-MG";"UOP02-DEL01-MG"
505321;2023-02-15;"quarta-feira";"21:00:00";"GO";414;304;"VILA PROPICIO";"Condutor deixou de manter distância do veículo da frente";"Queda de ocupante de veículo";"Com Vítimas Feridas";"Plena Noite";"Crescente";"Ignorado";"Simples";"Reta";"Não";2;0;1;0;1;0;1;2;-15,20091703;-48,70185812;"SPRF-GO";"DEL02-GO";"UOP01-DEL02-GO"
505323;2023-02-15;"quarta-feira";"21:40:00";"AP";210;4;"MACAPA";"Ausência de reação do condutor";"Colisão traseira";"Com Vítimas Feridas";"Plena Noite";"Decrescente";"Céu Claro";"Dupla";"Reta";"Não";3;0;1;0;2;0;1;2;0,08824228;-51,09472897;"SPRF-AP";"DEL01-AP";"UOP01-DEL01-AP"
505325;2023-02-15;"quarta-feira";"18:20:00";"CE";222;70,9;"SAO GONCALO DO AMARANTE";"Reação tardia ou ineficiente do condutor";"Colisão traseira";"Com Vítimas Feridas";"Plena Noite";"Decrescente";"Céu Claro";"Simples";"Reta";"Não";3;0;0;2;1;0;2;2;-3,67058327;-39,17020399;"SPRF-CE";"DEL01-CE";"UOP03-DEL01-CE"
505326;2023-02-15;"quarta-feira";"20:00:00";"BA";116;14;"VITORIA DA CONQUISTA";"Reação tardia ou ineficiente do condutor";"Colisão frontal";"Com Vítimas Feridas";"Plena Noite";"Crescente";"Céu Claro";"Simples";"Reta";"Não";2;0;0;2;0;0;2;2;-14,89646;-40,8603;"SPRF-BA";"DEL08-BA";"UOP01-DEL08-BA"
505328;2023-02-15;"quarta-feira";"21:45:00";"SP";381;71;"MAIRIPORA";"Demais falhas mecânicas ou elétricas";"Incêndio";"Sem Vítimas";"Plena Noite";"Crescente";"Céu Claro";"Dupla";"Reta;Aclive";"Não";1;0;0;0;1;0;0;1;-23,35047979;-46,55267274;"SPRF-SP";"DEL03-SP";"UOP01-DEL03-SP"
505329;2023-02-15;"quarta-feira";"21:20:00";"SC";101;145,9;"ITAPEMA";"Ausência de reação do condutor";"Colisão traseira";"Com Vítimas Feridas";"Plena Noite";"Crescente";"Nublado";"Simples";"Interseção de Vias";"Sim";3;0;1;0;2;0;1;2;-27,08139206;-48,60130993;"SPRF-SC";"DEL04-SC";"UOP03-DEL04-SC"
505330;2023-02-15;"quarta-feira";"21:50:00";"SC";101;47,3;"JOINVILLE";"Reação tardia ou ineficiente do condutor";"Saída de leito carroçável";"Sem Vítimas";"Plena Noite";"Decrescente";"Chuva";"Dupla";"Reta";"Sim";1;0;0;0;1;0;0;1;-26,34234997;-48,85840089;"SPRF-SC";"DEL03-SC";"UOP01-DEL03-SC"
505331;2023-02-15;"quarta-feira";"22:15:00";"SP";101;41,9;"UBATUBA";"Acessar a via sem observar a presença dos outros veículos";"Colisão lateral mesmo sentido";"Com Vítimas Feridas";"Plena Noite";"Decrescente";"Nublado";"Simples";"Reta";"Não";2;0;1;1;0;0;2;2;-23,41971433;-45,0428663;"SPRF-SP";"DEL06-SP";"UOP01-DEL06-SP"
505332;2023-02-15;"quarta-feira";"20:00:00";"MG";262;33,8;"MANHUACU";"Pista esburacada";"Tombamento";"Com Vítimas Feridas";"Plena Noite";"Crescente";"Nublado";"Simples";"Curva;Declive";"Sim";2;0;1;0;0;1;1;2;-20,260425;-42,021076;"SPRF-MG";"DEL06-MG";"UOP03-DEL06-MG"
505333;2023-02-15;"quarta-feira";"22:55:00";"SP";101;46;"UBATUBA";"Acessar a via sem observar a presença dos outros veículos";"Tombamento";"Com Vítimas Feridas";"Plena Noite";"Crescente";"Céu Claro";"Simples";"Interseção de Vias";"Sim";2;0;1;0;0;1;1;2;-23,42266957;-45,07328331;"SPRF-SP";"DEL06-SP";"UOP01-DEL06-SP"
505335;2023-02-15;"quarta-feira";"22:20:00";"GO";153;151;"CAMPINORTE";"Ausência de reação do condutor";"Colisão lateral sentido oposto";"Com Vítimas Feridas";"Pleno dia";"Crescente";"Céu Claro";"Simples";"Reta";"Não";2;0;1;0;1;0;1;1;-14,082088;-49,098545;"SPRF-GO";"DEL07-GO";"UOP02-DEL07-GO"
505336;2023-02-15;"quarta-feira";"23:50:00";"MG";40;503;"ESMERALDAS";"Objeto estático sobre o leito carroçável";"Colisão com objeto";"Com Vítimas Feridas";"Plena Noite";"Decrescente";"Garoa/Chuvisco";"Dupla";"Declive;Reta";"Não";2;0;2;0;0;0;2;1;-19,72138499;-44,15573599;"SPRF-MG";"DEL02-MG";"UOP01-DEL02-MG"
505337;2023-02-15;"quarta-feira";"23:00:00";"SC";101;201,1;"SAO JOSE";"Reação tardia ou ineficiente do condutor";"Saída de leito carroçável";"Sem Vítimas";"Plena Noite";"Decrescente";"Garoa/Chuvisco";"Múltipla";"Reta";"Não";1;0;0;0;1;0;0;1;-27,54836599;-48,61977975;"SPRF-SC";"DEL01-SC";"UOP01-DEL01-SC"
505338;2023-01-18;"quarta-feira";"19:50:00";"MG";251;290;"SALINAS";"Demais Fenômenos da natureza";"Tombamento";"Com Vítimas Feridas";"Anoitecer";"Crescente";"Vento";"Simples";"Reta";"Não";1;0;1;0;0;0;1;1;-16,0601127;-42,19594908;"SPRF-MG";"DEL12-MG";"UOP01-DEL12-MG"
505339;2023-02-15;"quarta-feira";"20:20:00";"MG";40;567;"ITABIRITO";"Demais falhas mecânicas ou elétricas";"Incêndio";"Sem Vítimas";"Plena Noite";"Crescente";"Nublado";"Simples";"Reta";"Não";1;0;0;0;1;0;0;1;-20,19035732;-43,97157669;"SPRF-MG";"DEL01-MG";"UOP02-DEL01-MG"
505340;2023-02-15;"quarta-feira";"23:30:00";"RO";364;237,2;"CACOAL";"Ausência de reação do condutor";"Colisão lateral mesmo sentido";"Com Vítimas Feridas";"Plena Noite";"Crescente";"Céu Claro";"Simples";"Aclive;Reta";"Sim";2;0;1;0;1;0;1;2;-11,44341056;-61,44672787;"SPRF-RO";"DEL02-RO";"UOP02-DEL02-RO"
505341;2023-02-15;"quarta-feira";"23:00:00";"PR";277;76;"SAO JOSE DOS PINHAIS";"Ausência de reação do condutor";"Saída de leito carroçável";"Com Vítimas Feridas";"Plena Noite";"Decrescente";"Nublado";"Dupla";"Reta";"Não";1;0;1;0;0;0;1;1;-25,48264125;-49,19403076;"SPRF-PR";"DEL01-PR";"UOP01-DEL01-PR"
505342;2023-01-05;"quinta-feira";"20:20:00";"RJ";393;270;"BARRA DO PIRAI";"Chuva";"Colisão frontal";"Com Vítimas Feridas";"Plena Noite";"Crescente";"Chuva";"Simples";"Reta";"Sim";4;0;0;1;3;0;1;2;-22,48448544;-43,96471024;"SPRF-RJ";"DEL05-RJ";"UOP04-DEL05-RJ"
505343;2023-02-15;"quarta-feira";"23:00:00";"GO";153;524;"HIDROLANDIA";"Reação tardia ou ineficiente do condutor";"Colisão lateral mesmo sentido";"Com Vítimas Feridas";"Plena Noite";"Decrescente";"Céu Claro";"Dupla";"Curva";"Não";3;0;2;0;0;1;2;3;-16,92;-49,2531;"SPRF-GO";"DEL01-GO";"UOP03-DEL01-GO"
505345;2023-02-15;"quarta-feira";"19:30:00";"PE";407;106;"PETROLINA";"Animais na Pista";"Atropelamento de Animal";"Com Vítimas Feridas";"Plena Noite";"Decrescente";"Céu Claro";"Simples";"Reta";"Não";3;0;3;0;0;0;3;1;-9,22873286;-40,62357378;"SPRF-PE";"DEL06-PE";"UOP01-DEL06-PE"
505346;2023-02-15;"quarta-feira";"23:50:00";"SP";116;216,5;"GUARULHOS";"Reação tardia ou ineficiente do condutor";"Colisão traseira";"Com Vítimas Feridas";"Plena Noite";"Decrescente";"Céu Claro";"Múltipla";"Reta";"Não";2;0;1;0;0;1;1;2;-23,45056589;-46,46258105;"SPRF-SP";"DEL01-SP";"UOP01-DEL01-SP"
505351;2023-02-16;"quinta-feira";"01:00:00";"PR";376;302;"MAUA DA SERRA";"Reação tardia ou ineficiente do condutor";"Saída de leito carroçável";"Com Vítimas Feridas";"Plena Noite";"Crescente";"Nublado";"Dupla";"Curva";"Não";1;0;1;0;0;0;1;1;-23,93626774;-51,14429176;"SPRF-PR";"DEL07-PR";"UOP02-DEL07-PR"
505352;2023-02-16;"quinta-feira";"01:15:00";"BA";101;751;"ITABELA";"Reação tardia ou ineficiente do condutor";"Capotamento";"Com Vítimas Feridas";"Plena Noite";"Decrescente";"Nublado";"Simples";"Ponte;Curva";"Não";2;0;2;0;0;0;2;1;-16,76080808;-39,46601898;"SPRF-BA";"DEL09-BA";"UOP01-DEL09-BA"
505353;2023-02-15;"quarta-feira";"22:50:00";"SC";101;43;"JOINVILLE";"Transitar na contramão";"Colisão frontal";"Com Vítimas Feridas";"Plena Noite";"Crescente";"Chuva";"Simples";"Reta;Aclive";"Sim";2;0;2;0;0;0;2;2;-26,30357106;-48,88225609;"SPRF-SC";"DEL03-SC";"UOP01-DEL03-SC"
505354;2023-02-16;"quinta-feira";"02:00:00";"MS";163;74;"ITAQUIRAI";"Ausência de reação do condutor";"Colisão traseira";"Com Vítimas Feridas";"Plena Noite";"Crescente";"Céu Claro";"Simples";"Reta";"Não";4;0;3;0;1;0;3;3;-23,50976209;-54,18919663;"SPRF-MS";"DEL09-MS";"UOP02-DEL09-MS"
505355;2023-02-15;"quarta-feira";"19:30:00";"BA";324;621;"SALVADOR";"Ingestão de álcool pelo condutor";"Colisão com objeto";"Sem Vítimas";"Plena Noite";"Crescente";"Céu Claro";"Dupla";"Reta";"Não";1;0;0;0;1;0;0;1;-12,91233708;-38,45956983;"SPRF-BA";"DEL01-BA";"UOP01-DEL01-BA"
505362;2023-02-16;"quinta-feira";"04:15:00";"RS";158;329;"SANTA MARIA";"Animais na Pista";"Atropelamento de Animal";"Com Vítimas Feridas";"Plena Noite";"Decrescente";"Céu Claro";"Dupla";"Ponte;Reta";"Sim";1;0;1;0;0;0;1;1;-29,70656383;-53,82849988;"SPRF-RS";"DEL09-RS";"UOP01-DEL09-RS"
505364;2023-02-16;"quinta-feira";"04:30:00";"RN";304;32;"MOSSORO";"Animais na Pista";"Atropelamento de Animal";"Com Vítimas Feridas";"Amanhecer";"Decrescente";"Nublado";"Dupla";"Reta";"Sim";1;0;1;0;0;0;1;1;-5,13471117;-37,34486327;"SPRF-RN";"DEL04-RN";"UOP02-DEL04-RN"
505365;2023-02-16;"quinta-feira";"03:10:00";"SC";101;150;"ITAPEMA";"Ausência de reação do condutor";"Colisão traseira";"Sem Vítimas";"Plena Noite";"Decrescente";"Nublado";"Múltipla";"Reta";"Sim";2;0;0;0;2;0;0;2;-27,11744799;-48,60940987;"SPRF-SC";"DEL04-SC";"UOP03-DEL04-SC"
505366;2023-02-16;"quinta-feira";"03:50:00";"SP";116;68,5;"APARECIDA";"Entrada inopinada do pedestre";"Atropelamento de Pedestre";"Com Vítimas Feridas";"Plena Noite";"Crescente";"Céu Claro";"Dupla";"Reta";"Não";2;0;0;1;1;0;1;2;-22,83354783;-45,21713313;"SPRF-SP";"DEL08-SP";"UOP01-DEL08-SP"
505368;2023-02-15;"quarta-feira";"21:15:00";"MG";40;573;"NOVA LIMA";"Condutor Dormindo";"Saída de leito carroçável";"Com Vítimas Feridas";"Plena Noite";"Decrescente";"Chuva";"Simples";"Reta";"Não";1;0;1;0;0;0;1;1;-20,23925113;-43,9663564;"SPRF-MG";"DEL01-MG";"UOP02-DEL01-MG"
505371;2023-02-16;"quinta-feira";"04:40:00";"SC";116;1,6;"MAFRA";"Reação tardia ou ineficiente do condutor";"Atropelamento de Pedestre";"Com Vítimas Feridas";"Plena Noite";"Crescente";"Chuva";"Simples";"Reta";"Sim";2;0;1;1;0;0;2;2;-26,12190073;-49,79128361;"SPRF-SC";"DEL06-SC";"UOP01-DEL06-SC"
505375;2023-02-16;"quinta-feira";"06:45:00";"SC";101;202;"SAO JOSE";"Condutor deixou de manter distância do veículo da frente";"Colisão traseira";"Com Vítimas Feridas";"Pleno dia";"Decrescente";"Chuva";"Simples";"Reta";"Não";3;0;0;2;1;0;2;2;-27,55711595;-48,61897889;"SPRF-SC";"DEL01-SC";"UOP01-DEL01-SC"
505376;2023-02-16;"quinta-feira";"07:00:00";"PR";376;651;"TIJUCAS DO SUL";"Chuva";"Colisão com objeto";"Com Vítimas Feridas";"Pleno dia";"Crescente";"Chuva";"Dupla";"Curva";"Não";1;0;1;0;0;0;1;1;-25,845243;-49,078578;"SPRF-PR";"DEL01-PR";"UOP04-DEL01-PR"
505378;2023-02-16;"quinta-feira";"01:00:00";"MG";365;626,5;"UBERLANDIA";"Ausência de reação do condutor";"Saída de leito carroçável";"Sem Vítimas";"Plena Noite";"Decrescente";"Chuva";"Dupla";"Reta";"Sim";1;0;0;0;0;1;0;1;-18,90762629;-48,31518888;"SPRF-MG";"DEL15-MG";"UOP01-DEL15-MG"
505379;2023-02-16;"quinta-feira";"07:10:00";"MG";381;481;"CONTAGEM";"Ausência de reação do condutor";"Colisão com objeto";"Sem Vítimas";"Pleno dia";"Crescente";"Céu Claro";"Múltipla";"Reta";"Não";1;0;0;0;0;1;0;1;-19,95931561;-44,08825597;"SPRF-MG";"DEL01-MG";"UOP03-DEL01-MG"
505381;2023-02-15;"quarta-feira";"19:50:00";"RJ";116;105;"GUAPIMIRIM";"Reação tardia ou ineficiente do condutor";"Colisão com objeto";"Com Vítimas Feridas";"Plena Noite";"Crescente";"Chuva";"Dupla";"Reta";"Não";1;0;1;0;0;0;1;1;-22,51502902;-43,00052292;"SPRF-RJ";"DEL04-RJ";"UOP01-DEL04-RJ"
505382;2023-02-16;"quinta-feira";"07:40:00";"SC";101;204,3;"SAO JOSE";"Condutor deixou de manter distância do veículo da frente";"Colisão traseira";"Com Vítimas Feridas";"Pleno dia";"Crescente";"Chuva";"Múltipla";"Reta";"Não";3;0;1;0;2;0;1;3;-27,58313237;-48,61532885;"SPRF-SC";"DEL01-SC";"UOP01-DEL01-SC"
505384;2023-02-16;"quinta-feira";"07:00:00";"SC";101;117;"ITAJAI";"Trafegar com motocicleta (ou similar) entre as faixas";"Colisão traseira";"Com Vítimas Feridas";"Pleno dia";"Crescente";"Chuva";"Múltipla";"Reta";"Sim";2;0;1;0;1;0;1;2;-26,88747187;-48,72252969;"SPRF-SC";"DEL04-SC";"UOP04-DEL04-SC"
505386;2023-02-16;"quinta-feira";"06:32:00";"RJ";116;170;"RIO DE JANEIRO";"Manobra de mudança de faixa";"Colisão traseira";"Com Vítimas Feridas";"Pleno dia";"Decrescente";"Sol";"Simples";"Reta";"Não";2;0;0;1;1;0;1;2;-22,81113183;-43,3336729;"SPRF-RJ";"DEL01-RJ";"UOP02-DEL01-RJ"
505387;2023-02-16;"quinta-feira";"06:00:00";"RO";174;15;"VILHENA";"Desrespeitar a preferência no cruzamento";"Colisão transversal";"Sem Vítimas";"Pleno dia";"Crescente";"Céu Claro";"Simples";"Reta;Interseção de Vias";"Sim";2;0;0;0;2;0;0;2;-12,723321;-60,12801;"SPRF-RO";"DEL04-RO";"UOP01-DEL04-RO"
505389;2023-02-15;"quarta-feira";"14:00:00";"MT";70;278;"PRIMAVERA DO LESTE";"Velocidade Incompatível";"Saída de leito carroçável";"Sem Vítimas";"Pleno dia";"Crescente";"Chuva";"Simples";"Rotatória;Aclive;Curva";"Sim";1;0;0;0;1;0;0;1;-15,5628518;-54,29743767;"SPRF-MT";"DEL05-MT";"UOP01-DEL05-MT"
505392;2023-02-16;"quinta-feira";"07:50:00";"PR";476;154,9;"ARAUCARIA";"Ausência de reação do condutor";"Colisão traseira";"Com Vítimas Feridas";"Amanhecer";"Decrescente";"Nublado";"Dupla";"Reta";"Sim";2;0;1;0;1;0;1;2;-25,584223;-49,401379;"SPRF-PR";"DEL01-PR";"UOP06-DEL01-PR"
505394;2023-02-16;"quinta-feira";"06:50:00";"RS";116;231;"IVOTI";"Acessar a via sem observar a presença dos outros veículos";"Colisão transversal";"Com Vítimas Feridas";"Pleno dia";"Decrescente";"Nublado";"Dupla";"Rotatória";"Sim";2;0;1;0;1;0;1;2;-29,63300002;-51,14325106;"SPRF-RS";"DEL01-RS";"UOP02-DEL01-RS"
505395;2023-02-04;"sábado";"18:49:00";"BA";324;587;"CANDEIAS";"Objeto estático sobre o leito carroçável";"Queda de ocupante de veículo";"Com Vítimas Feridas";"Plena Noite";"Decrescente";"Nublado";"Dupla";"Ponte;Reta";"Não";3;0;2;1;0;0;3;2;-12,64715411;-38,47504041;"SPRF-BA";"DEL01-BA";"UOP01-DEL01-BA"
505396;2023-02-16;"quinta-feira";"08:00:00";"SP";116;230;"SAO PAULO";"Trafegar com motocicleta (ou similar) entre as faixas";"Colisão lateral mesmo sentido";"Com Vítimas Feridas";"Pleno dia";"Crescente";"Céu Claro";"Múltipla";"Reta";"Não";1;0;1;0;0;0;1;1;-23,52251783;-46,5855702;"SPRF-SP";"DEL01-SP";"UOP01-DEL01-SP"
505397;2023-02-16;"quinta-feira";"06:05:00";"RJ";101;306,6;"SAO GONCALO";"Reação tardia ou ineficiente do condutor";"Colisão traseira";"Com Vítimas Feridas";"Pleno dia";"Decrescente";"Céu Claro";"Dupla";"Reta;Viaduto";"Sim";11;0;7;0;4;0;7;2;-22,790601;-43,012285;"SPRF-RJ";"DEL02-RJ";"UOP02-DEL02-RJ"
505401;2023-02-16;"quinta-feira";"09:10:00";"CE";222;5,5;"CAUCAIA";"Mal súbito do condutor";"Tombamento";"Com Vítimas Feridas";"Pleno dia";"Crescente";"Chuva";"Dupla";"Reta";"Sim";1;0;1;0;0;0;1;1;-3,74296918;-38,61330997;"SPRF-CE";"DEL01-CE";"UOP01-DEL01-CE"
505402;2023-02-16;"quinta-feira";"08:40:00";"RJ";116;176;"SAO JOAO DE MERITI";"Ausência de reação do condutor";"Tombamento";"Com Vítimas Feridas";"Pleno dia";"Decrescente";"Céu Claro";"Dupla";"Reta";"Sim";1;0;1;0;0;0;1;1;-22,7839538;-43,38195488;"SPRF-RJ";"DEL01-RJ";"UOP02-DEL01-RJ"
505404;2023-02-16;"quinta-feira";"08:54:00";"SP";116;224;"GUARULHOS";"Ausência de reação do condutor";"Colisão traseira";"Com Vítimas Feridas";"Pleno dia";"Crescente";"Céu Claro";"Múltipla";"Reta";"Sim";2;0;0;1;1;0;1;2;-23,48071896;-46,53271603;"SPRF-SP";"DEL01-SP";"UOP01-DEL01-SP"
505409;2023-02-16;"quinta-feira";"08:35:00";"PB";101;101,9;"ALHANDRA";"Demais falhas mecânicas ou elétricas";"Queda de ocupante de veículo";"Com Vítimas Feridas";"Pleno dia";"Decrescente";"Nublado";"Dupla";"Reta";"Sim";2;0;2;0;0;0;2;1;-7,27367006;-34,93816262;"SPRF-PB";"DEL01-PB";"UOP02-DEL01-PB"
505411;2023-02-16;"quinta-feira";"08:50:00";"SC";101;134;"BALNEARIO CAMBORIU";"Acessar a via sem observar a presença dos outros veículos";"Colisão transversal";"Com Vítimas Feridas";"Pleno dia";"Crescente";"Chuva";"Simples";"Interseção de Vias";"Sim";2;0;0;1;1;0;1;2;-27,00218;-48,636433;"SPRF-SC";"DEL04-SC";"UOP03-DEL04-SC"
505413;2023-02-16;"quinta-feira";"09:30:00";"GO";60;197,5;"GUAPO";"Velocidade Incompatível";"Colisão traseira";"Com Vítimas Feridas";"Pleno dia";"Decrescente";"Céu Claro";"Dupla";"Reta";"Não";2;0;1;0;1;0;1;1;-16,8546;-49,5945;"SPRF-GO";"DEL01-GO";"UOP02-DEL01-GO"
505415;2023-02-16;"quinta-feira";"07:40:00";"PR";277;728;"FOZ DO IGUACU";"Ausência de reação do condutor";"Colisão traseira";"Com Vítimas Feridas";"Pleno dia";"Crescente";"Céu Claro";"Dupla";"Reta";"Sim";3;0;2;0;0;1;2;2;-25,5097634;-54,57387201;"SPRF-PR";"DEL05-PR";"UOP03-DEL05-PR"
505416;2023-02-16;"quinta-feira";"06:20:00";"RO";364;377,6;"OURO PRETO DO OESTE";"Acessar a via sem observar a presença dos outros veículos";"Colisão transversal";"Com Vítimas Feridas";"Amanhecer";"Crescente";"Céu Claro";"Simples";"Aclive;Curva";"Não";4;0;1;3;0;0;4;2;-10,74081351;-62,20351696;"SPRF-RO";"DEL02-RO";"UOP01-DEL02-RO"
505417;2023-02-16;"quinta-feira";"08:00:00";"BA";418;87;"NOVA VICOSA";"Pedestre cruzava a pista fora da faixa";"Atropelamento de Pedestre";"Com Vítimas Feridas";"Pleno dia";"Decrescente";"Céu Claro";"Simples";"Reta";"Sim";4;0;1;0;3;0;1;2;-17,892078;-39,81627;"SPRF-BA";"DEL09-BA";"UOP02-DEL09-BA"
505419;2023-02-12;"domingo";"18:10:00";"RJ";116;182;"NOVA IGUACU";"Ingestão de álcool e/ou substâncias psicoativas pelo pedestre";"Colisão com objeto";"Com Vítimas Feridas";"Pleno dia";"Decrescente";"Céu Claro";"Múltipla";"Curva";"Sim";2;0;1;0;1;0;1;1;-22,7567755;-43,43107234;"SPRF-RJ";"DEL01-RJ";"UOP02-DEL01-RJ"
505420;2023-02-16;"quinta-feira";"11:00:00";"MG";40;460;"SETE LAGOAS";"Reação tardia ou ineficiente do condutor";"Colisão traseira";"Com Vítimas Feridas";"Pleno dia";"Decrescente";"Nublado";"Dupla";"Reta;Declive";"Sim";2;0;1;0;1;0;1;2;-19,39770694;-44,33528916;"SPRF-MG";"DEL02-MG";"UOP01-DEL02-MG"
505422;2023-01-23;"segunda-feira";"15:40:00";"RJ";116;173;"SAO JOAO DE MERITI";"Manobra de mudança de faixa";"Colisão lateral mesmo sentido";"Sem Vítimas";"Pleno dia";"Crescente";"Chuva";"Múltipla";"Reta";"Sim";2;0;0;0;2;0;0;2;-22,79810324;-43,35726614;"SPRF-RJ";"DEL01-RJ";"UOP02-DEL01-RJ"
505423;2023-02-16;"quinta-feira";"10:00:00";"MG";381;874,9;"ESTIVA";"Ausência de reação do condutor";"Colisão traseira";"Com Vítimas Feridas";"Pleno dia";"Decrescente";"Sol";"Dupla";"Reta";"Não";2;0;2;0;0;0;2;2;-22,45619351;-46,00792634;"SPRF-MG";"DEL16-MG";"UOP01-DEL16-MG"
505424;2023-02-16;"quinta-feira";"11:00:00";"PE";232;69;"CHA GRANDE";"Condutor Dormindo";"Saída de leito carroçável";"Com Vítimas Feridas";"Pleno dia";"Decrescente";"Céu Claro";"Simples";"Curva";"Não";1;0;1;0;0;0;1;1;-8,17240309;-35,47993595;"SPRF-PE";"DEL02-PE";"UOP02-DEL02PE"
505425;2023-02-13;"segunda-feira";"07:00:00";"MG";116;415;"GOVERNADOR VALADARES";"Condutor deixou de manter distância do veículo da frente";"Colisão traseira";"Com Vítimas Feridas";"Pleno dia";"Decrescente";"Céu Claro";"Simples";"Reta";"Sim";2;0;1;0;1;0;1;2;-18,88401297;-41,94924399;"SPRF-MG";"DEL06-MG";"UOP01-DEL06-MG"
505427;2023-02-16;"quinta-feira";"11:55:00";"CE";116;14;"FORTALEZA";"Condutor deixou de manter distância do veículo da frente";"Colisão traseira";"Com Vítimas Feridas";"Pleno dia";"Crescente";"Garoa/Chuvisco";"Múltipla";"Reta";"Sim";2;0;1;0;1;0;1;2;-3,87181192;-38,49899054;"SPRF-CE";"DEL01-CE";"UOP02-DEL01-CE"
505429;2023-02-13;"segunda-feira";"19:14:00";"RJ";101;322;"NITEROI";"Manobra de mudança de faixa";"Colisão lateral mesmo sentido";"Sem Vítimas";"Plena Noite";"Decrescente";"Garoa/Chuvisco";"Múltipla";"Reta";"Não";2;0;0;0;2;0;0;2;-22,878923;-43,110676;"SPRF-RJ";"DEL02-RJ";"UOP01-DEL02-RJ"
505430;2023-02-16;"quinta-feira";"11:40:00";"RS";287;247;"SANTA MARIA";"Acessar a via sem observar a presença dos outros veículos";"Colisão transversal";"Com Vítimas Feridas";"Pleno dia";"Crescente";"Céu Claro";"Simples";"Declive;Reta;Desvio Temporário;Em Obras";"Sim";2;0;1;0;1;0;1;2;-29,69555548;-53,85366082;"SPRF-RS";"DEL09-RS";"UOP01-DEL09-RS"
505432;2023-02-16;"quinta-feira";"12:00:00";"PI";343;15;"PARNAIBA";"Acessar a via sem observar a presença dos outros veículos";"Colisão transversal";"Sem Vítimas";"Pleno dia";"Crescente";"Céu Claro";"Dupla";"Reta";"Sim";2;0;0;0;1;1;0;2;-2,93659;-41,754936;"SPRF-PI";"DEL05-PI";"UOP01-DEL05-PI"
505433;2023-02-16;"quinta-feira";"12:30:00";"DF";60;10;"BRASILIA";"Avarias e/ou desgaste excessivo no pneu";"Queda de ocupante de veículo";"Com Vítimas Feridas";"Pleno dia";"Crescente";"Céu Claro";"Dupla";"Aclive;Reta";"Não";2;0;2;0;0;0;2;1;-15,909476;-48,149597;"SPRF-DF";"DEL03-DF";"UOP01-DEL03-DF"