"id";"data_inversa";"dia_semana";"horario";"uf";"br";"km";"municipio";"causa_acidente";"tipo_acidente";"classificacao_acidente";"fase_dia";"sentido_via";"condicao_metereologica";"tipo_pista";"tracado_via";"uso_solo";"pessoas";"mortos";"feridos_leves";"feridos_graves";"ilesos";"ignorados";"feridos";"veiculos";"latitude";"longitude";"regional";"delegacia";"uop"
505922;2023-02-18;"sábado";"15:50:00";"MG";40;554;"NOVA LIMA";"Reação tardia ou ineficiente do condutor";"Colisão traseira";"Com Vítimas Feridas";"Pleno dia";"Decrescente";"Céu Claro";"Dupla";"Reta";"Sim";2;0;1;0;1;0;1;2;-20,07715896;-43,98213593;"SPRF-MG";"DEL01-MG";"UOP02-DEL01-MG"
505923;2023-02-06;"segunda-feira";"16:20:00";"BA";110;398;"SAO SEBASTIAO DO PASSE";"Acostamento em desnível";"Saída de leito carroçável";"Com Vítimas Feridas";"Pleno dia";"Decrescente";"Céu Claro";"Simples";"Reta";"Não";1;0;1;0;0;0;1;1;-12,50766107;-38,49626949;"SPRF-BA";"DEL01-BA";"UOP01-DEL01-BA"
505924;2023-02-18;"sábado";"13:00:00";"AM";230;613;"NOVO ARIPUANA";"Ausência de reação do condutor";"Colisão traseira";"Com Vítimas Feridas";"Pleno dia";"Crescente";"Céu Claro";"Simples";"Reta";"Não";2;0;1;0;1;0;1;2;-7,52632286;-60,68605112;"SPRF-AM";"DEL01-AM";"UOP05-DEL01-AM"
505925;2023-02-18;"sábado";"16:00:00";"SE";235;45,3;"ITABAIANA";"Ingestão de álcool pelo condutor";"Colisão transversal";"Com Vítimas Feridas";"Pleno dia";"Decrescente";"Céu Claro";"Simples";"Reta;Aclive";"Não";2;0;0;1;1;0;1;2;-10,746924;-37,399899;"SPRF-SE";"DEL01-SE";"UOP02-DEL01-SE"
505926;2023-02-18;"sábado";"15:30:00";"BA";407;121;"SENHOR DO BONFIM";"Falta de elemento de contenção que evite a saída do leito carroçável";"Saída de leito carroçável";"Com Vítimas Feridas";"Pleno dia";"Decrescente";"Céu Claro";"Simples";"Declive;Reta";"Não";3;0;1;0;2;0;1;1;-10,41234797;-40,1832681;"SPRF-BA";"DEL04-BA";"UOP01-DEL04-BA"
505927;2023-02-18;"sábado";"13:00:00";"SC";116;86;"MONTE CASTELO";"Demais falhas mecânicas ou elétricas";"Colisão com objeto";"Sem Vítimas";"Pleno dia";"Crescente";"Céu Claro";"Simples";"Aclive";"Não";1;0;0;0;1;0;0;1;-26,60977491;-50,22937022;"SPRF-SC";"DEL06-SC";"UOP02-DEL06-SC"
505928;2023-02-18;"sábado";"12:45:00";"GO";60;427;"RIO VERDE";"Reação tardia ou ineficiente do condutor";"Colisão com objeto";"Com Vítimas Feridas";"Pleno dia";"Crescente";"Sol";"Dupla";"Reta;Declive;Ponte";"Não";4;0;2;1;1;0;3;1;-17,822834;-51,309199;"SPRF-GO";"DEL04-GO";"UOP02-DEL04-GO"
505929;2023-02-18;"sábado";"15:30:00";"MT";364;254;"JUSCIMEIRA";"Pista esburacada";"Colisão traseira";"Com Vítimas Feridas";"Pleno dia";"Crescente";"Céu Claro";"Dupla";"Reta";"Não";3;0;0;1;2;0;1;2;-16,08922789;-54,86945773;"SPRF-MT";"DEL02-MT";"UOP01-DEL02-MT"
505930;2023-02-18;"sábado";"16:20:00";"RN";226;4;"NATAL";"Conversão proibida";"Tombamento";"Com Vítimas Feridas";"Pleno dia";"Crescente";"Céu Claro";"Simples";"Reta";"Sim";2;0;1;1;0;0;2;1;-5,81958019;-35,25969486;"SPRF-RN";"DEL01-RN";"UOP02-DEL01-RN"
505931;2023-02-18;"sábado";"15:50:00";"MG";40;524,9;"CONTAGEM";"Reação tardia ou ineficiente do condutor";"Colisão traseira";"Com Vítimas Feridas";"Pleno dia";"Decrescente";"Nublado";"Dupla";"Reta";"Sim";5;0;1;0;4;0;1;4;-19,8754469;-44,05345586;"SPRF-MG";"DEL01-MG";"UOP02-DEL01-MG"
505932;2023-02-18;"sábado";"16:44:00";"MG";381;492;"BETIM";"Ausência de reação do condutor";"Tombamento";"Com Vítimas Feridas";"Pleno dia";"Decrescente";"Céu Claro";"Múltipla";"Curva";"Sim";2;0;2;0;0;0;2;1;-19,9624177;-44,1577796;"SPRF-MG";"DEL01-MG";"UOP03-DEL01-MG"
505933;2023-02-18;"sábado";"14:15:00";"PR";277;183;"PALMEIRA";"Chuva";"Saída de leito carroçável";"Sem Vítimas";"Pleno dia";"Crescente";"Garoa/Chuvisco";"Simples";"Reta";"Não";1;0;0;0;1;0;0;1;-25,43350218;-50,04809898;"SPRF-PR";"DEL08-PR";"UOP02-DEL08-PR"
505935;2023-02-18;"sábado";"16:20:00";"SC";153;97;"CONCORDIA";"Acessar a via sem observar a presença dos outros veículos";"Colisão transversal";"Com Vítimas Feridas";"Pleno dia";"Crescente";"Céu Claro";"Simples";"Curva";"Sim";5;0;0;3;1;1;3;3;-27,21721634;-51,95093393;"SPRF-SC";"DEL07-SC";"UOP04-DEL07-SC"
505938;2023-02-18;"sábado";"16:40:00";"MS";163;456;"CAMPO GRANDE";"Velocidade Incompatível";"Tombamento";"Com Vítimas Feridas";"Pleno dia";"Crescente";"Sol";"Simples";"Rotatória";"Não";2;0;2;0;0;0;2;1;-20,67271305;-54,55795016;"SPRF-MS";"DEL01-MS";"UOP01-DEL01-MS"
505939;2023-02-18;"sábado";"17:35:00";"PE";408;86,5;"PAUDALHO";"Acessar a via sem observar a presença dos outros veículos";"Colisão transversal";"Sem Vítimas";"Anoitecer";"Decrescente";"Céu Claro";"Dupla";"Curva;Retorno Regulamentado;Declive";"Não";2;0;0;0;2;0;0;2;-7,963289;-35,092961;"SPRF-PE";"DEL01-PE";"UOP01-DEL01-PE"
505940;2023-02-18;"sábado";"17:55:00";"GO";70;28,7;"COCALZINHO DE GOIAS";"Acumulo de água sobre o pavimento";"Queda de ocupante de veículo";"Com Vítimas Feridas";"Anoitecer";"Crescente";"Chuva";"Simples";"Curva";"Não";1;0;1;0;0;0;1;1;-15,75773042;-48,43646123;"SPRF-DF";"DEL03-DF";"UOP02-DEL03-DF"
505941;2023-02-18;"sábado";"13:55:00";"SC";153;100;"CONCORDIA";"Reação tardia ou ineficiente do condutor";"Colisão traseira";"Com Vítimas Feridas";"Pleno dia";"Crescente";"Céu Claro";"Simples";"Reta";"Sim";3;0;2;0;1;0;2;2;-27,242643;-51,95171;"SPRF-SC";"DEL07-SC";"UOP04-DEL07-SC"
505942;2023-02-18;"sábado";"17:40:00";"ES";101;200,4;"JOAO NEIVA";"Reação tardia ou ineficiente do condutor";"Queda de ocupante de veículo";"Com Vítimas Feridas";"Anoitecer";"Crescente";"Céu Claro";"Simples";"Reta";"Não";1;0;1;0;0;0;1;1;-19,72573895;-40,35645808;"SPRF-ES";"DEL04-ES";"UOP01-DEL04-ES"
505945;2023-02-18;"sábado";"18:00:00";"TO";10;458;"PALMAS";"Reação tardia ou ineficiente do condutor";"Saída de leito carroçável";"Com Vítimas Feridas";"Anoitecer";"Crescente";"Céu Claro";"Múltipla";"Reta";"Não";4;0;4;0;0;0;4;1;-10,19689098;-48,16692589;"SPRF-TO";"DEL01-TO";"UOP03-DEL01-TO"
505947;2023-02-18;"sábado";"17:00:00";"SP";101;52;"UBATUBA";"Condutor deixou de manter distância do veículo da frente";"Colisão traseira";"Sem Vítimas";"Anoitecer";"Crescente";"Nublado";"Simples";"Rotatória";"Sim";7;0;0;0;7;0;0;2;-23,4623355;-45,06476561;"SPRF-SP";"DEL06-SP";"UOP01-DEL06-SP"
505950;2023-02-18;"sábado";"13:17:00";"RO";364;205;"PIMENTA BUENO";"Ultrapassagem Indevida";"Colisão frontal";"Com Vítimas Feridas";"Pleno dia";"Crescente";"Céu Claro";"Simples";"Reta";"Não";8;0;5;0;3;0;5;2;-11,61490824;-61,21649131;"SPRF-RO";"DEL02-RO";"UOP02-DEL02-RO"
505951;2023-02-18;"sábado";"18:00:00";"RS";116;147;"CAXIAS DO SUL";"Reação tardia ou ineficiente do condutor";"Saída de leito carroçável";"Sem Vítimas";"Pleno dia";"Decrescente";"Céu Claro";"Dupla";"Reta";"Sim";2;0;0;0;1;1;0;2;-29,14908014;-51,1429969;"SPRF-RS";"DEL05-RS";"UOP01-DEL05-RS"
505952;2023-02-18;"sábado";"16:14:00";"RJ";101;289;"ITABORAI";"Trafegar com motocicleta (ou similar) entre as faixas";"Colisão lateral mesmo sentido";"Com Vítimas Feridas";"Pleno dia";"Decrescente";"Nublado";"Dupla";"Reta;Viaduto";"Não";3;0;1;0;2;0;1;2;-22,76376316;-42,85172094;"SPRF-RJ";"DEL02-RJ";"UOP02-DEL02-RJ"
505953;2023-02-18;"sábado";"19:10:00";"GO";40;1;"VALPARAISO DE GOIAS";"Acessar a via sem observar a presença dos outros veículos";"Atropelamento de Pedestre";"Com Vítimas Feridas";"Plena Noite";"Crescente";"Céu Claro";"Dupla";"Reta";"Não";2;0;1;1;0;0;2;2;-16,058245;-47,982825;"SPRF-DF";"DEL01-DF";"UOP01-DEL01-DF"
505954;2023-02-18;"sábado";"11:50:00";"PR";376;648;"TIJUCAS DO SUL";"Reação tardia ou ineficiente do condutor";"Colisão lateral mesmo sentido";"Com Vítimas Feridas";"Pleno dia";"Crescente";"Garoa/Chuvisco";"Dupla";"Curva;Aclive";"Não";3;0;1;0;1;1;1;3;-25,84026108;-49,10549706;"SPRF-PR";"DEL01-PR";"UOP04-DEL01-PR"
505957;2023-02-18;"sábado";"19:15:00";"RJ";493;89;"SEROPEDICA";"Animais na Pista";"Atropelamento de Animal";"Com Vítimas Feridas";"Plena Noite";"Decrescente";"Céu Claro";"Dupla";"Reta";"Não";1;0;1;0;0;0;1;1;-22,66977867;-43,6466217;"SPRF-RJ";"DEL03-RJ";"UOP01-DEL03-RJ"
505958;2023-02-18;"sábado";"18:45:00";"PE";101;84,9;"JABOATAO DOS GUARARAPES";"Ingestão de álcool pelo condutor";"Colisão frontal";"Com Vítimas Feridas";"Plena Noite";"Crescente";"Céu Claro";"Simples";"Reta";"Não";3;0;2;0;1;0;2;2;-8,189588;-34,9547;"SPRF-PE";"DEL01-PE";"UOP01-DEL01-PE"
505959;2023-02-18;"sábado";"15:50:00";"MG";365;59,3;"CLARO DOS POCOES";"Velocidade Incompatível";"Saída de leito carroçável";"Com Vítimas Fatais";"Pleno dia";"Crescente";"Chuva";"Simples";"Curva;Declive";"Não";4;1;1;2;0;0;3;1;-17,00314466;-44,28816022;"SPRF-MG";"DEL12-MG";"UOP01-DEL12-MG"
505960;2023-02-18;"sábado";"19:10:00";"RJ";40;77;"PETROPOLIS";"Manobra de mudança de faixa";"Colisão traseira";"Com Vítimas Feridas";"Plena Noite";"Decrescente";"Chuva";"Dupla";"Reta;Retorno Regulamentado";"Não";2;0;1;0;1;0;1;2;-22,48005592;-43,23543994;"SPRF-RJ";"DEL06-RJ";"UOP01-DEL06-RJ"
505961;2023-02-18;"sábado";"17:40:00";"RN";405;184,1;"MAJOR SALES";"Acessar a via sem observar a presença dos outros veículos";"Colisão transversal";"Com Vítimas Feridas";"Anoitecer";"Crescente";"Céu Claro";"Simples";"Reta";"Não";2;0;1;0;1;0;1;2;-6,3834681;-38,30606887;"SPRF-RN";"DEL04-RN";"UOP02-DEL04-RN"
505962;2023-02-18;"sábado";"19:00:00";"RJ";40;84;"PETROPOLIS";"Velocidade Incompatível";"Colisão com objeto";"Com Vítimas Feridas";"Plena Noite";"Crescente";"Nublado";"Simples";"Curva;Declive";"Não";4;0;3;0;1;0;3;1;-22,52145512;-43,23707996;"SPRF-RJ";"DEL06-RJ";"UOP01-DEL06-RJ"
505963;2023-02-18;"sábado";"18:30:00";"PI";343;92,8;"CARAUBAS DO PIAUI";"Transitar na contramão";"Colisão lateral sentido oposto";"Com Vítimas Fatais";"Plena Noite";"Crescente";"Céu Claro";"Simples";"Curva";"Não";5;1;0;0;4;0;0;2;-3,506799;-41,726002;"SPRF-PI";"DEL05-PI";"UOP01-DEL05-PI"
505965;2023-02-18;"sábado";"19:35:00";"RJ";101;45;"CAMPOS DOS GOYTACAZES";"Ausência de reação do condutor";"Tombamento";"Com Vítimas Feridas";"Plena Noite";"Crescente";"Céu Claro";"Simples";"Declive;Reta";"Não";2;0;2;0;0;0;2;1;-21,58933207;-41,31689933;"SPRF-RJ";"DEL08-RJ";"UOP01-DEL08-RJ"
505966;2023-02-18;"sábado";"20:10:00";"BA";116;541;"MILAGRES";"Ultrapassagem Indevida";"Colisão frontal";"Com Vítimas Feridas";"Plena Noite";"Crescente";"Céu Claro";"Simples";"Curva";"Não";11;0;4;1;6;0;5;3;-12,8309;-39,8297;"SPRF-BA";"DEL03-BA";"UOP02-DEL03-BA"
505967;2023-02-18;"sábado";"19:10:00";"RJ";116;114,8;"MAGE";"Acumulo de água sobre o pavimento";"Capotamento";"Com Vítimas Feridas";"Plena Noite";"Decrescente";"Chuva";"Dupla";"Reta";"Não";4;0;0;4;0;0;4;1;-22,61539742;-43,03713799;"SPRF-RJ";"DEL04-RJ";"UOP02-DEL04-RJ"
505968;2023-02-18;"sábado";"16:40:00";"RO";364;685;"CANDEIAS DO JAMARI";"Acessar a via sem observar a presença dos outros veículos";"Colisão transversal";"Com Vítimas Feridas";"Pleno dia";"Crescente";"Céu Claro";"Simples";"Reta";"Não";2;0;0;2;0;0;2;2;-8,79050051;-63,63308605;"SPRF-RO";"DEL01-RO";"UOP01-DEL01-RO"
505969;2023-02-18;"sábado";"20:00:00";"RN";110;2;"AREIA BRANCA";"Ingestão de álcool e/ou substâncias psicoativas pelo pedestre";"Queda de ocupante de veículo";"Com Vítimas Feridas";"Anoitecer";"Decrescente";"Céu Claro";"Simples";"Reta";"Sim";1;0;0;1;0;0;1;1;-4,94190078;-37,11632026;"SPRF-RN";"DEL04-RN";"UOP01-DEL04-RN"
505970;2023-02-18;"sábado";"20:45:00";"MG";153;224,1;"FRONTEIRA";"Condutor Dormindo";"Saída de leito carroçável";"Com Vítimas Feridas";"Plena Noite";"Crescente";"Nublado";"Simples";"Reta";"Não";1;0;1;0;0;0;1;1;-20,18906911;-49,12022586;"SPRF-MG";"DEL13-MG";"UOP02-DEL13-MG"
505971;2023-02-18;"sábado";"20:15:00";"PI";316;310;"PICOS";"Acessar a via sem observar a presença dos outros veículos";"Colisão transversal";"Com Vítimas Feridas";"Plena Noite";"Crescente";"Céu Claro";"Simples";"Declive;Interseção de Vias";"Sim";3;0;0;1;1;1;1;3;-7,07639186;-41,47475001;"SPRF-PI";"DEL04-PI";"UOP01-DEL04-PI"
505972;2023-02-18;"sábado";"08:20:00";"BA";101;327;"PRESIDENTE TANCREDO NEVES";"Condutor deixou de manter distância do veículo da frente";"Colisão traseira";"Com Vítimas Feridas";"Pleno dia";"Decrescente";"Céu Claro";"Simples";"Reta";"Não";2;0;1;0;1;0;1;2;-13,56689503;-39,47314194;"SPRF-BA";"DEL05-BA";"UOP03-DEL05-BA"
505973;2023-02-18;"sábado";"18:30:00";"MG";381;510,7;"SAO JOAQUIM DE BICAS";"Velocidade Incompatível";"Colisão transversal";"Com Vítimas Feridas";"Anoitecer";"Decrescente";"Nublado";"Múltipla";"Reta";"Sim";2;0;1;0;1;0;1;2;-20,05853142;-44,28859234;"SPRF-MG";"DEL04-MG";"UOP03-DEL04-MG"
505977;2023-02-18;"sábado";"16:00:00";"GO";153;653;"GOIATUBA";"Velocidade Incompatível";"Saída de leito carroçável";"Com Vítimas Feridas";"Pleno dia";"Crescente";"Chuva";"Dupla";"Declive;Curva";"Não";2;0;2;0;0;0;2;1;-17,9926;-49,2601;"SPRF-GO";"DEL03-GO";"UOP01-DEL03-GO"
505978;2023-02-18;"sábado";"20:00:00";"MG";50;155;"UBERABA";"Reação tardia ou ineficiente do condutor";"Saída de leito carroçável";"Com Vítimas Feridas";"Plena Noite";"Decrescente";"Chuva";"Simples";"Em Obras;Reta;Desvio Temporário";"Não";2;0;0;1;1;0;1;1;-19,60825703;-48,02198508;"SPRF-MG";"DEL13-MG";"UOP01-DEL13-MG"
505980;2023-02-18;"sábado";"21:40:00";"GO";414;434,1;"ANAPOLIS";"Transitar na contramão";"Colisão frontal";"Com Vítimas Feridas";"Plena Noite";"Decrescente";"Garoa/Chuvisco";"Simples";"Curva;Declive";"Sim";7;0;6;0;1;0;6;2;-16,229803;-48,928994;"SPRF-GO";"DEL02-GO";"UOP01-DEL02-GO"
505981;2023-02-18;"sábado";"21:30:00";"TO";10;453;"PALMAS";"Condutor deixou de manter distância do veículo da frente";"Colisão traseira";"Com Vítimas Feridas";"Plena Noite";"Decrescente";"Céu Claro";"Dupla";"Reta";"Sim";1;0;1;0;0;0;1;1;-10,2241606;-48,1711112;"SPRF-TO";"DEL01-TO";"UOP03-DEL01-TO"
505982;2023-02-18;"sábado";"19:00:00";"AC";364;140;"RIO BRANCO";"Reação tardia ou ineficiente do condutor";"Saída de leito carroçável";"Sem Vítimas";"Plena Noite";"Decrescente";"Garoa/Chuvisco";"Dupla";"Rotatória";"Sim";1;0;0;0;0;1;0;1;-9,94779814;-67,86813111;"SPRF-AC";"DEL01-AC";"UOP01-DEL01-AC"
505983;2023-02-18;"sábado";"20:55:00";"SC";282;18,6;"PALHOCA";"Ausência de reação do condutor";"Saída de leito carroçável";"Sem Vítimas";"Plena Noite";"Decrescente";"Nublado";"Simples";"Reta";"Sim";1;0;0;0;0;1;0;1;-27,672798;-48,694286;"SPRF-SC";"DEL01-SC";"UOP02-DEL01-SC"
505985;2023-02-18;"sábado";"16:00:00";"SC";116;65,1;"PAPANDUVA";"Manobra de mudança de faixa";"Colisão lateral mesmo sentido";"Com Vítimas Feridas";"Pleno dia";"Decrescente";"Céu Claro";"Simples";"Reta";"Não";5;0;1;0;4;0;1;2;-26,42445099;-50,2281171;"SPRF-SC";"DEL06-SC";"UOP02-DEL06-SC"
505986;2023-02-18;"sábado";"22:10:00";"PR";369;191;"ARAPONGAS";"Ingestão de álcool pelo condutor";"Colisão com objeto";"Sem Vítimas";"Plena Noite";"Crescente";"Nublado";"Dupla";"Declive;Reta";"Não";1;0;0;0;1;0;0;1;-23,462138;-51,423618;"SPRF-PR";"DEL07-PR";"UOP03-DEL07-PR"
505987;2023-02-18;"sábado";"21:50:00";"PR";369;147;"LONDRINA";"Ausência de reação do condutor";"Colisão transversal";"Com Vítimas Feridas";"Plena Noite";"Crescente";"Vento";"Dupla";"Interseção de Vias;Aclive;Reta";"Não";3;0;0;2;1;0;2;2;-23,29308175;-51,13449097;"SPRF-PR";"DEL07-PR";"UOP01-DEL07-PR"
505989;2023-02-18;"sábado";"22:15:00";"MG";40;523;"CONTAGEM";"Entrada inopinada do pedestre";"Atropelamento de Pedestre";"Com Vítimas Feridas";"Plena Noite";"Crescente";"Céu Claro";"Dupla";"Reta";"Sim";3;0;0;3;0;0;3;2;-19,86874894;-44,05962197;"SPRF-MG";"DEL01-MG";"UOP02-DEL01-MG"
505990;2023-02-18;"sábado";"21:40:00";"MT";163;845,1;"SINOP";"Ingestão de álcool pelo condutor";"Tombamento";"Com Vítimas Feridas";"Plena Noite";"Decrescente";"Nublado";"Simples";"Reta";"Não";1;0;1;0;0;0;1;1;-11,89877541;-55,50500735;"SPRF-MT";"DEL06-MT";"UOP02-DEL06-MT"
505991;2023-02-18;"sábado";"19:00:00";"PE";424;20;"PEDRA";"Acessar a via sem observar a presença dos outros veículos";"Colisão lateral sentido oposto";"Com Vítimas Feridas";"Plena Noite";"Crescente";"Céu Claro";"Simples";"Reta";"Sim";2;0;1;1;0;0;2;2;-8,51024896;-36,92901694;"SPRF-PE";"DEL04-PE";"UOP02-DEL04-PE"
505992;2023-02-18;"sábado";"19:45:00";"SC";282;575,5;"PINHALZINHO";"Acessar a via sem observar a presença dos outros veículos";"Colisão transversal";"Com Vítimas Feridas";"Plena Noite";"Crescente";"Nublado";"Simples";"Reta;Declive";"Não";4;0;3;0;1;0;3;2;-26,863194;-52,974529;"SPRF-SC";"DEL07-SC";"UOP02-DEL07-SC"
505993;2023-02-18;"sábado";"19:30:00";"PR";277;176,5;"PALMEIRA";"Ingestão de álcool pelo condutor";"Colisão frontal";"Com Vítimas Feridas";"Plena Noite";"Crescente";"Chuva";"Simples";"Reta";"Não";2;0;1;0;1;0;1;2;-25,4301591;-50,063697;"SPRF-PR";"DEL08-PR";"UOP02-DEL08-PR"
505994;2023-02-18;"sábado";"22:30:00";"GO";20;178;"ALVORADA DO NORTE";"Ausência de reação do condutor";"Colisão traseira";"Com Vítimas Feridas";"Plena Noite";"Decrescente";"Céu Claro";"Simples";"Reta";"Sim";2;0;0;1;1;0;1;2;-14,491601;-46,504112;"SPRF-DF";"DEL02-DF";"UOP03-DEL02-DF"
505996;2023-02-18;"sábado";"22:40:00";"DF";60;6,2;"BRASILIA";"Ausência de reação do condutor";"Saída de leito carroçável";"Com Vítimas Feridas";"Plena Noite";"Crescente";"Céu Claro";"Dupla";"Reta;Declive";"Sim";6;0;1;0;4;1;1;2;-15,89881947;-48,11577201;"SPRF-DF";"DEL03-DF";"UOP01-DEL03-DF"
505997;2023-02-18;"sábado";"21:50:00";"AL";316;246;"ATALAIA";"Ultrapassagem Indevida";"Colisão frontal";"Com Vítimas Feridas";"Plena Noite";"Crescente";"Céu Claro";"Simples";"Reta";"Não";7;0;1;0;5;1;1;2;-9,52549872;-35,99508253;"SPRF-AL";"DEL01-AL";"UOP01-DEL01-AL"
505998;2023-02-18;"sábado";"22:45:00";"PR";116;208,8;"RIO NEGRO";"Transitar na contramão";"Colisão transversal";"Com Vítimas Feridas";"Plena Noite";"Crescente";"Nublado";"Simples";"Reta;Interseção de Vias";"Sim";2;0;1;0;0;1;1;2;-26,07336494;-49,74365505;"SPRF-SC";"DEL06-SC";"UOP01-DEL06-SC"
506000;2023-02-18;"sábado";"22:30:00";"CE";116;11;"FORTALEZA";"Demais falhas na via";"Tombamento";"Com Vítimas Feridas";"Plena Noite";"Crescente";"Céu Claro";"Dupla";"Curva;Viaduto";"Sim";1;0;0;1;0;0;1;1;-3,85132663;-38,49560452;"SPRF-CE";"DEL01-CE";"UOP02-DEL01-CE"
506005;2023-02-18;"sábado";"22:15:00";"SC";282;381,7;"HERVAL DOESTE";"Transitar na contramão";"Colisão frontal";"Com Vítimas Fatais";"Plena Noite";"Decrescente";"Céu Claro";"Simples";"Reta;Aclive";"Não";4;1;0;2;0;1;2;3;-27,205601;-51,501476;"SPRF-SC";"DEL07-SC";"UOP05-DEL07-SC"
506008;2023-02-18;"sábado";"21:40:00";"MA";226;307,2;"BARRA DO CORDA";"Manobra de mudança de faixa";"Colisão frontal";"Com Vítimas Feridas";"Plena Noite";"Decrescente";"Céu Claro";"Simples";"Reta";"Não";4;0;0;1;3;0;1;2;-5,46022912;-45,2882442;"SPRF-MA";"DEL06-MA";"UOP01-DEL06-MA"
506009;2023-02-19;"domingo";"00:30:00";"MG";40;509;"RIBEIRAO DAS NEVES";"Ausência de reação do condutor";"Saída de leito carroçável";"Com Vítimas Feridas";"Plena Noite";"Decrescente";"Céu Claro";"Dupla";"Aclive;Reta";"Sim";1;0;0;1;0;0;1;1;-19,76728744;-44,12855905;"SPRF-MG";"DEL01-MG";"UOP02-DEL01-MG"
506011;2023-02-18;"sábado";"22:45:00";"MG";262;70,8;"MATIPO";"Reação tardia ou ineficiente do condutor";"Colisão com objeto";"Com Vítimas Feridas";"Plena Noite";"Decrescente";"Céu Claro";"Simples";"Reta;Declive";"Não";1;0;0;1;0;0;1;1;-20,30858941;-42,29618793;"SPRF-MG";"DEL06-MG";"UOP03-DEL06-MG"
506012;2023-02-19;"domingo";"00:01:00";"PR";116;122;"CURITIBA";"Ausência de reação do condutor";"Saída de leito carroçável";"Sem Vítimas";"Plena Noite";"Decrescente";"Nublado";"Dupla";"Curva";"Sim";1;0;0;0;0;1;0;1;-25,608208;-49,319093;"SPRF-PR";"DEL01-PR";"UOP03-DEL01-PR"
506013;2023-02-19;"domingo";"00:40:00";"PR";116;9,9;"COLOMBO";"Ausência de reação do condutor";"Saída de leito carroçável";"Com Vítimas Feridas";"Plena Noite";"Crescente";"Garoa/Chuvisco";"Dupla";"Interseção de Vias";"Sim";1;0;1;0;0;0;1;1;-25,37062955;-49,12802696;"SPRF-PR";"DEL01-PR";"UOP02-DEL01-PR"
506015;2023-02-18;"sábado";"23:15:00";"MS";267;96,3;"ANAURILANDIA";"Animais na Pista";"Atropelamento de Animal";"Sem Vítimas";"Plena Noite";"Decrescente";"Céu Claro";"Simples";"Reta";"Não";1;0;0;0;1;0;0;1;-21,857214;-53,014408;"SPRF-MS";"DEL02-MS";"UOP04-DEL02-MS"
506016;2023-02-18;"sábado";"19:00:00";"RO";425;124;"GUAJARA-MIRIM";"Iluminação deficiente";"Colisão lateral mesmo sentido";"Com Vítimas Fatais";"Pleno dia";"Crescente";"Garoa/Chuvisco";"Simples";"Reta";"Não";3;1;0;0;2;0;0;3;-10,618834;-65,315002;"SPRF-RO";"DEL01-RO";"UOP03-DEL01-RO"
506017;2023-02-19;"domingo";"01:41:00";"SP";116;222;"GUARULHOS";"Ingestão de substâncias psicoativas pelo condutor";"Colisão com objeto";"Com Vítimas Feridas";"Plena Noite";"Decrescente";"Chuva";"Múltipla";"Reta";"Sim";2;0;1;0;1;0;1;1;-23,47093408;-46,51631097;"SPRF-SP";"DEL01-SP";"UOP01-DEL01-SP"
506018;2023-02-19;"domingo";"01:30:00";"PE";428;188;"PETROLINA";"Pista Escorregadia";"Colisão com objeto";"Com Vítimas Feridas";"Plena Noite";"Crescente";"Chuva";"Dupla";"Curva";"Sim";1;0;1;0;0;0;1;1;-9,36400596;-40,48266808;"SPRF-PE";"DEL06-PE";"UOP01-DEL06-PE"
506019;2023-02-19;"domingo";"00:42:00";"SP";116;146;"SAO JOSE DOS CAMPOS";"Estacionar ou parar em local proibido";"Colisão traseira";"Com Vítimas Feridas";"Plena Noite";"Crescente";"Chuva";"Dupla";"Aclive;Reta";"Não";2;0;1;0;1;0;1;2;-23,19122919;-45,86327591;"SPRF-SP";"DEL02-SP";"UOP01-DEL02-SP"
506020;2023-02-19;"domingo";"00:30:00";"MT";163;922;"ITAUBA";"Reação tardia ou ineficiente do condutor";"Saída de leito carroçável";"Com Vítimas Feridas";"Plena Noite";"Crescente";"Céu Claro";"Simples";"Reta";"Não";36;0;3;0;33;0;3;1;-11,115556;-55,307845;"SPRF-MT";"DEL06-MT";"UOP02-DEL06-MT"
506021;2023-02-19;"domingo";"01:30:00";"SC";101;336;"TUBARAO";"Ingestão de álcool pelo condutor";"Saída de leito carroçável";"Sem Vítimas";"Plena Noite";"Decrescente";"Céu Claro";"Dupla";"Curva;Declive";"Não";1;0;0;0;1;0;0;1;-28,47311347;-49,02437375;"SPRF-SC";"DEL02-SC";"UOP01-DEL02-SC"
506022;2023-02-19;"domingo";"02:10:00";"SC";282;5,2;"SAO JOSE";"Acessar a via sem observar a presença dos outros veículos";"Colisão lateral mesmo sentido";"Sem Vítimas";"Plena Noite";"Decrescente";"Céu Claro";"Dupla";"Curva";"Sim";2;0;0;0;2;0;0;2;-27,588425;-48,612919;"SPRF-SC";"DEL01-SC";"UOP01-DEL01-SC"
506023;2023-02-19;"domingo";"00:30:00";"MG";262;385;"MATEUS LEME";"Condutor Dormindo";"Saída de leito carroçável";"Sem Vítimas";"Plena Noite";"Crescente";"Céu Claro";"Dupla";"Declive;Curva";"Não";1;0;0;0;1;0;0;1;-19,92114789;-44,46956635;"SPRF-MG";"DEL01-MG";"UOP03-DEL01-MG"
506024;2023-02-19;"domingo";"03:30:00";"MG";365;629;"UBERLANDIA";"Ingestão de álcool pelo condutor";"Colisão com objeto";"Sem Vítimas";"Plena Noite";"Crescente";"Céu Claro";"Dupla";"Reta;Aclive";"Não";1;0;0;0;1;0;0;1;-18,899954;-48,365996;"SPRF-MG";"DEL15-MG";"UOP01-DEL15-MG"