"id";"data_inversa";"dia_semana";"horario";"uf";"br";"km";"municipio";"causa_acidente";"tipo_acidente";"classificacao_acidente";"fase_dia";"sentido_via";"condicao_metereologica";"tipo_pista";"tracado_via";"uso_solo";"pessoas";"mortos";"feridos_leves";"feridos_graves";"ilesos";"ignorados";"feridos";"veiculos";"latitude";"longitude";"regional";"delegacia";"uop"
506025;2023-02-19;"domingo";"03:30:00";"SC";470;68;"INDAIAL";"Ingestão de álcool ou de substâncias psicoativas pelo pedestre";"Atropelamento de Pedestre";"Com Vítimas Feridas";"Plena Noite";"Decrescente";"Nublado";"Simples";"Reta";"Sim";2;0;1;0;0;1;1;2;-26,88105269;-49,24402714;"SPRF-SC";"DEL04-SC";"UOP01-DEL04-SC"
506026;2023-02-19;"domingo";"02:30:00";"PE";232;96;"SAIRE";"Reação tardia ou ineficiente do condutor";"Colisão traseira";"Sem Vítimas";"Plena Noite";"Decrescente";"Céu Claro";"Dupla";"Reta";"Não";2;0;0;0;0;2;0;2;-8,23076854;-35,70778281;"SPRF-PE";"DEL02-PE";"UOP02-DEL02PE"
506027;2023-02-19;"domingo";"03:25:00";"RS";386;345,3;"LAJEADO";"Ausência de reação do condutor";"Saída de leito carroçável";"Sem Vítimas";"Plena Noite";"Crescente";"Céu Claro";"Dupla";"Reta";"Sim";1;0;0;0;1;0;0;1;-29,443069;-51,984135;"SPRF-RS";"DEL04-RS";"UOP01-DEL04-RS"
506028;2023-02-19;"domingo";"04:00:00";"PR";369;194,9;"ARAPONGAS";"Condutor Dormindo";"Colisão com objeto";"Com Vítimas Feridas";"Plena Noite";"Crescente";"Céu Claro";"Dupla";"Reta";"Sim";1;0;1;0;0;0;1;1;-23,49582735;-51,4233917;"SPRF-PR";"DEL07-PR";"UOP03-DEL07-PR"
506029;2023-02-19;"domingo";"04:00:00";"MG";262;876;"CAMPO FLORIDO";"Transitar na contramão";"Colisão frontal";"Com Vítimas Feridas";"Plena Noite";"Crescente";"Céu Claro";"Simples";"Reta";"Sim";6;0;5;0;0;1;5;2;-19,78185033;-48,50810792;"SPRF-MG";"DEL13-MG";"UOP01-DEL13-MG"
506030;2023-02-19;"domingo";"02:30:00";"SP";116;49,8;"LORENA";"Reação tardia ou ineficiente do condutor";"Colisão com objeto";"Sem Vítimas";"Plena Noite";"Crescente";"Chuva";"Dupla";"Reta";"Sim";1;0;0;0;0;1;0;1;-22,73051614;-45,0765859;"SPRF-SP";"DEL08-SP";"UOP02-DEL08-SP"
506031;2023-02-19;"domingo";"02:00:00";"RS";116;72,1;"CAMPESTRE DA SERRA";"Transitar na contramão";"Colisão lateral sentido oposto";"Com Vítimas Fatais";"Plena Noite";"Crescente";"Céu Claro";"Simples";"Reta";"Não";5;1;3;1;0;0;4;3;-28,727932;-51,086898;"SPRF-RS";"DEL05-RS";"UOP03-DEL05-RS"
506032;2023-02-19;"domingo";"04:19:00";"DF";70;5,6;"BRASILIA";"Ingestão de álcool pelo condutor";"Colisão transversal";"Sem Vítimas";"Plena Noite";"Decrescente";"Céu Claro";"Dupla";"Reta";"Sim";2;0;0;0;2;0;0;2;-15,794656;-48,096779;"SPRF-DF";"DEL03-DF";"UOP02-DEL03-DF"
506033;2023-02-19;"domingo";"03:50:00";"TO";153;335;"GUARAI";"Acessar a via sem observar a presença dos outros veículos";"Colisão transversal";"Com Vítimas Feridas";"Plena Noite";"Crescente";"Céu Claro";"Dupla";"Interseção de Vias";"Não";5;0;0;2;3;0;2;2;-8,84481597;-48,5107318;"SPRF-TO";"DEL02-TO";"UOP02-DEL02-TO"
506034;2023-02-19;"domingo";"04:45:00";"PR";116;7,6;"QUATRO BARRAS";"Condutor Dormindo";"Colisão com objeto";"Com Vítimas Fatais";"Plena Noite";"Decrescente";"Garoa/Chuvisco";"Dupla";"Reta";"Sim";2;1;0;1;0;0;1;1;-25,3683;-49,1074;"SPRF-PR";"DEL01-PR";"UOP02-DEL01-PR"
506035;2023-02-19;"domingo";"03:48:00";"MT";364;189;"RONDONOPOLIS";"Ingestão de álcool pelo condutor";"Queda de ocupante de veículo";"Com Vítimas Feridas";"Plena Noite";"Decrescente";"Céu Claro";"Simples";"Reta";"Não";1;0;1;0;0;0;1;1;-16,55814995;-54,56173598;"SPRF-MT";"DEL02-MT";"UOP01-DEL02-MT"
506037;2023-02-19;"domingo";"04:00:00";"MS";158;46;"PARANAIBA";"Condutor Dormindo";"Colisão frontal";"Com Vítimas Feridas";"Amanhecer";"Crescente";"Nublado";"Simples";"Reta";"Não";5;0;3;1;1;0;4;2;-19,34639089;-51,44521624;"SPRF-MS";"DEL08-MS";"UOP01-DEL08-MS"
506040;2023-02-19;"domingo";"04:50:00";"PE";101;41,9;"IGARASSU";"Ausência de reação do condutor";"Colisão com objeto";"Sem Vítimas";"Amanhecer";"Crescente";"Céu Claro";"Múltipla";"Aclive;Reta";"Não";1;0;0;0;1;0;0;1;-7,83038346;-34,91426785;"SPRF-PE";"DEL01-PE";"UOP02-DEL01-PE"
506041;2023-02-19;"domingo";"04:45:00";"RJ";393;168,5;"TRES RIOS";"Condutor Dormindo";"Colisão com objeto";"Com Vítimas Feridas";"Plena Noite";"Crescente";"Nublado";"Simples";"Curva";"Sim";1;0;1;0;0;0;1;1;-22,12446639;-43,1708622;"SPRF-RJ";"DEL05-RJ";"UOP02-DEL05-RJ"
506042;2023-02-19;"domingo";"05:40:00";"PR";369;177;"ARAPONGAS";"Ingestão de álcool pelo condutor";"Colisão com objeto";"Com Vítimas Feridas";"Amanhecer";"Decrescente";"Nublado";"Simples";"Reta";"Sim";2;0;2;0;0;0;2;1;-23,4276993;-51,425529;"SPRF-PR";"DEL07-PR";"UOP01-DEL07-PR"
506043;2023-01-22;"domingo";"20:30:00";"ES";101;251;"SERRA";"Ausência de reação do condutor";"Saída de leito carroçável";"Sem Vítimas";"Pleno dia";"Decrescente";"Chuva";"Simples";"Reta";"Não";1;0;0;0;1;0;0;1;-20,0879949;-40,34351677;"SPRF-ES";"DEL02-ES";"UOP01-DEL02-ES"
506044;2023-02-19;"domingo";"06:20:00";"SP";101;40,8;"UBATUBA";"Reação tardia ou ineficiente do condutor";"Saída de leito carroçável";"Sem Vítimas";"Pleno dia";"Decrescente";"Chuva";"Simples";"Curva";"Não";1;0;0;0;1;0;0;1;-23,41495528;-45,03516778;"SPRF-SP";"DEL06-SP";"UOP01-DEL06-SP"
506045;2023-02-19;"domingo";"06:50:00";"SC";101;344;"TUBARAO";"Demais falhas mecânicas ou elétricas";"Tombamento";"Com Vítimas Feridas";"Amanhecer";"Crescente";"Céu Claro";"Dupla";"Reta";"Não";1;0;1;0;0;0;1;1;-28,53647889;-49,0531826;"SPRF-SC";"DEL02-SC";"UOP01-DEL02-SC"
506046;2023-01-21;"sábado";"21:30:00";"MA";10;248,6;"IMPERATRIZ";"Ausência de reação do condutor";"Colisão lateral mesmo sentido";"Com Vítimas Feridas";"Plena Noite";"Crescente";"Céu Claro";"Múltipla";"Reta";"Sim";4;0;2;0;2;0;2;2;-5,558532;-47,454005;"SPRF-MA";"DEL04-MA";"UOP01-DEL04-MA"
506047;2023-02-19;"domingo";"05:15:00";"SC";163;104,9;"SAO JOSE DO CEDRO";"Ausência de reação do condutor";"Saída de leito carroçável";"Com Vítimas Feridas";"Pleno dia";"Decrescente";"Céu Claro";"Simples";"Curva";"Não";6;0;6;0;0;0;6;1;-26,44813575;-53,51500511;"SPRF-SC";"DEL07-SC";"UOP03-DEL07-SC"
506052;2023-02-19;"domingo";"05:35:00";"SC";116;142;"SANTA CECILIA";"Ingestão de álcool pelo condutor";"Saída de leito carroçável";"Com Vítimas Feridas";"Amanhecer";"Decrescente";"Céu Claro";"Simples";"Reta";"Não";2;0;1;0;1;0;1;1;-26,97880161;-50,3961135;"SPRF-SC";"DEL06-SC";"UOP02-DEL06-SC"
506055;2023-02-19;"domingo";"06:00:00";"SC";116;161,2;"PONTE ALTA DO NORTE";"Ingestão de álcool pelo condutor";"Saída de leito carroçável";"Com Vítimas Feridas";"Pleno dia";"Crescente";"Céu Claro";"Simples";"Reta";"Não";1;0;1;0;0;0;1;1;-27,11697198;-50,45795411;"SPRF-SC";"DEL05-SC";"UOP03-DEL05-SC"
506056;2023-02-19;"domingo";"06:03:00";"RO";364;702;"PORTO VELHO";"Afundamento ou ondulação no pavimento";"Tombamento";"Com Vítimas Feridas";"Amanhecer";"Crescente";"Céu Claro";"Dupla";"Desvio Temporário";"Não";1;0;1;0;0;0;1;1;-8,80043238;-63,786732;"SPRF-RO";"DEL01-RO";"UOP01-DEL01-RO"
506057;2023-02-19;"domingo";"07:20:00";"SC";101;235;"PALHOCA";"Ingestão de álcool pelo condutor";"Colisão lateral mesmo sentido";"Com Vítimas Feridas";"Pleno dia";"Decrescente";"Céu Claro";"Dupla";"Reta";"Não";2;0;1;0;0;1;1;2;-27,8177775;-48,6315025;"SPRF-SC";"DEL01-SC";"UOP02-DEL01-SC"
506059;2023-02-19;"domingo";"06:40:00";"TO";10;455;"PALMAS";"Ausência de reação do condutor";"Colisão com objeto";"Com Vítimas Feridas";"Amanhecer";"Crescente";"Chuva";"Múltipla";"Reta";"Sim";1;0;1;0;0;0;1;1;-10,21491133;-48,15620573;"SPRF-TO";"DEL01-TO";"UOP03-DEL01-TO"
506060;2023-02-19;"domingo";"05:30:00";"DF";70;3,2;"BRASILIA";"Ausência de reação do condutor";"Atropelamento de Pedestre";"Com Vítimas Fatais";"Amanhecer";"Decrescente";"Céu Claro";"Dupla";"Curva";"Não";2;1;0;0;1;0;0;2;-15,802453;-48,080387;"SPRF-DF";"DEL03-DF";"UOP02-DEL03-DF"
506061;2023-02-19;"domingo";"07:20:00";"ES";101;274,5;"SERRA";"Acumulo de água sobre o pavimento";"Saída de leito carroçável";"Com Vítimas Feridas";"Pleno dia";"Crescente";"Chuva";"Dupla";"Curva";"Não";2;0;2;0;0;0;2;1;-20,21288515;-40,29612219;"SPRF-ES";"DEL02-ES";"UOP01-DEL02-ES"
506066;2023-02-19;"domingo";"07:05:00";"GO";153;681;"PANAMA";"Condutor Dormindo";"Saída de leito carroçável";"Com Vítimas Feridas";"Pleno dia";"Crescente";"Céu Claro";"Dupla";"Declive";"Não";1;0;1;0;0;0;1;1;-18,2326;-49,2614;"SPRF-GO";"DEL03-GO";"UOP02-DEL03-GO"
506067;2023-02-19;"domingo";"07:10:00";"SP";381;61;"MAIRIPORA";"Ingestão de álcool pelo condutor";"Colisão traseira";"Com Vítimas Feridas";"Amanhecer";"Decrescente";"Chuva";"Dupla";"Curva;Aclive";"Não";2;0;1;0;0;1;1;2;-23,29011611;-46,5800681;"SPRF-SP";"DEL03-SP";"UOP01-DEL03-SP"
506069;2023-02-19;"domingo";"02:55:00";"MG";381;806,9;"SAO GONCALO DO SAPUCAI";"Ingestão de álcool pelo condutor";"Saída de leito carroçável";"Com Vítimas Feridas";"Plena Noite";"Decrescente";"Chuva";"Dupla";"Curva;Declive";"Não";1;0;1;0;0;0;1;1;-21,97562829;-45,6368959;"SPRF-MG";"DEL16-MG";"UOP02-DEL16-MG"
506070;2023-02-19;"domingo";"06:20:00";"RJ";116;314;"RESENDE";"Chuva";"Queda de ocupante de veículo";"Sem Vítimas";"Pleno dia";"Crescente";"Chuva";"Dupla";"Reta";"Sim";1;0;0;0;0;1;0;1;-22,46045833;-44,47218299;"SPRF-RJ";"DEL07-RJ";"UOP02-DEL07-RJ"
506071;2023-02-19;"domingo";"07:30:00";"ES";101;277,8;"SERRA";"Acumulo de água sobre o pavimento";"Colisão com objeto";"Com Vítimas Feridas";"Pleno dia";"Crescente";"Chuva";"Dupla";"Reta";"Não";2;0;2;0;0;0;2;1;-20,21307738;-40,32125972;"SPRF-ES";"DEL02-ES";"UOP01-DEL02-ES"
506072;2023-02-19;"domingo";"07:00:00";"PE";101;42,7;"IGARASSU";"Condutor deixou de manter distância do veículo da frente";"Colisão lateral mesmo sentido";"Com Vítimas Feridas";"Pleno dia";"Crescente";"Sol";"Múltipla";"Reta;Retorno Regulamentado";"Sim";3;0;2;0;1;0;2;2;-7,83887431;-34,91196739;"SPRF-PE";"DEL01-PE";"UOP02-DEL01-PE"
506073;2023-02-19;"domingo";"07:30:00";"RJ";40;40;"PETROPOLIS";"Velocidade Incompatível";"Colisão com objeto";"Com Vítimas Feridas";"Pleno dia";"Decrescente";"Céu Claro";"Simples";"Reta";"Não";2;0;2;0;0;0;2;1;-22,55156214;-43,22991371;"SPRF-RJ";"DEL05-RJ";"UOP02-DEL05-RJ"
506074;2023-02-19;"domingo";"07:52:00";"PB";230;77;"RIACHAO DO POCO";"Condutor deixou de manter distância do veículo da frente";"Colisão traseira";"Com Vítimas Feridas";"Pleno dia";"Decrescente";"Céu Claro";"Dupla";"Reta";"Não";4;0;1;0;3;0;1;2;-7,1869;-35,2871;"SPRF-PB";"DEL01-PB";"UOP03-DEL01-PB"
506075;2023-02-19;"domingo";"05:30:00";"BA";110;209;"NOVA SOURE";"Manobra de mudança de faixa";"Saída de leito carroçável";"Com Vítimas Fatais";"Amanhecer";"Decrescente";"Céu Claro";"Simples";"Reta";"Não";2;1;0;1;0;0;1;1;-11,18521008;-38,49875826;"SPRF-BA";"DEL07-BA";"UOP02-DEL07-BA"
506077;2023-02-19;"domingo";"07:00:00";"MG";267;169,1;"LIMA DUARTE";"Ausência de reação do condutor";"Colisão traseira";"Sem Vítimas";"Pleno dia";"Crescente";"Nublado";"Simples";"Reta";"Não";2;0;0;0;2;0;0;2;-21,85893585;-43,85841402;"SPRF-MG";"DEL05-MG";"UOP01-DEL05-MG"
506081;2023-02-19;"domingo";"08:15:00";"PR";116;37,5;"CAMPINA GRANDE DO SUL";"Reação tardia ou ineficiente do condutor";"Capotamento";"Com Vítimas Feridas";"Pleno dia";"Decrescente";"Chuva";"Dupla";"Reta";"Não";2;0;1;0;1;0;1;1;-25,13988802;-48,85618719;"SPRF-PR";"DEL01-PR";"UOP02-DEL01-PR"
506084;2023-02-19;"domingo";"08:00:00";"RJ";116;241;"PIRAI";"Velocidade Incompatível";"Saída de leito carroçável";"Com Vítimas Feridas";"Pleno dia";"Crescente";"Céu Claro";"Simples";"Curva";"Sim";1;0;1;0;0;0;1;1;-22,64242197;-43,89766093;"SPRF-RJ";"DEL07-RJ";"UOP01-DEL07-RJ"
506086;2023-02-19;"domingo";"08:50:00";"CE";116;13,9;"FORTALEZA";"Ingestão de álcool pelo condutor";"Colisão com objeto";"Sem Vítimas";"Pleno dia";"Decrescente";"Nublado";"Múltipla";"Curva";"Sim";1;0;0;0;1;0;0;1;-3,86918935;-38,49796057;"SPRF-CE";"DEL01-CE";"UOP02-DEL01-CE"
506087;2023-02-19;"domingo";"08:30:00";"PR";277;422,9;"CANTAGALO";"Acessar a via sem observar a presença dos outros veículos";"Colisão transversal";"Com Vítimas Fatais";"Pleno dia";"Decrescente";"Céu Claro";"Simples";"Curva;Aclive";"Sim";2;1;0;0;1;0;0;2;-25,40453366;-52,1054258;"SPRF-PR";"DEL04-PR";"UOP02-DEL04-PR"
506089;2023-02-19;"domingo";"09:35:00";"SC";101;263,5;"GAROPABA";"Reação tardia ou ineficiente do condutor";"Saída de leito carroçável";"Com Vítimas Feridas";"Pleno dia";"Crescente";"Céu Claro";"Múltipla";"Reta";"Não";3;0;2;0;1;0;2;1;-28,05892217;-48,71734321;"SPRF-SC";"DEL02-SC";"UOP03-DEL02-SC"
506090;2023-02-19;"domingo";"05:20:00";"PA";10;23;"DOM ELISEU";"Manobra de mudança de faixa";"Colisão lateral sentido oposto";"Com Vítimas Feridas";"Amanhecer";"Crescente";"Nublado";"Simples";"Aclive";"Não";2;0;0;1;1;0;1;2;-4,243923;-47,55841;"SPRF-PA";"DEL02-PA";"UOP02-DEL02-PA"
506091;2023-02-19;"domingo";"09:20:00";"PR";376;307;"MAUA DA SERRA";"Demais falhas na via";"Saída de leito carroçável";"Com Vítimas Feridas";"Pleno dia";"Decrescente";"Céu Claro";"Dupla";"Curva";"Não";1;0;0;1;0;0;1;1;-23,9743171;-51,1035821;"SPRF-PR";"DEL07-PR";"UOP02-DEL07-PR"
506092;2023-02-19;"domingo";"09:42:00";"BA";116;596;"IRAJUBA";"Acumulo de óleo sobre o pavimento";"Saída de leito carroçável";"Sem Vítimas";"Pleno dia";"Decrescente";"Garoa/Chuvisco";"Simples";"Curva;Aclive";"Não";1;0;0;0;1;0;0;1;-13,18013991;-40,0048822;"SPRF-BA";"DEL03-BA";"UOP02-DEL03-BA"
506093;2023-02-19;"domingo";"10:00:00";"GO";60;103,4;"GOIANAPOLIS";"Velocidade Incompatível";"Saída de leito carroçável";"Com Vítimas Feridas";"Pleno dia";"Crescente";"Céu Claro";"Dupla";"Reta";"Não";5;0;2;0;2;1;2;2;-16,410475;-48,995435;"SPRF-GO";"DEL02-GO";"UOP01-DEL02-GO"
506094;2023-02-19;"domingo";"09:33:00";"BA";330;794;"JEQUIE";"Pista Escorregadia";"Colisão transversal";"Com Vítimas Feridas";"Pleno dia";"Crescente";"Garoa/Chuvisco";"Simples";"Reta";"Não";3;0;1;0;1;1;1;3;-13,92326817;-40,00455215;"SPRF-BA";"DEL03-BA";"UOP01-DEL03-BA"
506096;2023-02-19;"domingo";"10:00:00";"AL";316;265,4;"SATUBA";"Ausência de reação do condutor";"Colisão traseira";"Com Vítimas Feridas";"Pleno dia";"Crescente";"Céu Claro";"Simples";"Declive;Curva";"Não";2;0;0;1;1;0;1;2;-9,5871124;-35,8608019;"SPRF-AL";"DEL02-AL";"UOP01-DEL02-AL"
506097;2023-02-19;"domingo";"07:30:00";"MT";163;766;"VERA";"Ingestão de álcool pelo condutor";"Colisão traseira";"Sem Vítimas";"Pleno dia";"Decrescente";"Céu Claro";"Simples";"Reta";"Não";4;0;0;0;4;0;0;2;-12,28499197;-55,56129456;"SPRF-MT";"DEL06-MT";"UOP01-DEL06-MT"
506098;2023-02-12;"domingo";"05:33:00";"MS";262;360;"CAMPO GRANDE";"Ingestão de álcool pelo condutor";"Saída de leito carroçável";"Com Vítimas Feridas";"Amanhecer";"Crescente";"Céu Claro";"Simples";"Curva";"Não";2;0;1;0;0;1;1;2;-20,52581098;-54,70976798;"SPRF-MS";"DEL01-MS";"UOP03-DEL01-MS"
506099;2023-02-18;"sábado";"21:00:00";"RJ";116;277;"BARRA MANSA";"Acumulo de areia ou detritos sobre o pavimento";"Queda de ocupante de veículo";"Com Vítimas Feridas";"Plena Noite";"Crescente";"Garoa/Chuvisco";"Simples";"Reta";"Sim";2;0;1;1;0;0;2;1;-22,55905501;-44,17284006;"SPRF-RJ";"DEL07-RJ";"UOP02-DEL07-RJ"
506100;2023-02-19;"domingo";"10:40:00";"GO";70;31;"COCALZINHO DE GOIAS";"Ingestão de álcool pelo condutor";"Colisão frontal";"Com Vítimas Feridas";"Pleno dia";"Crescente";"Céu Claro";"Simples";"Reta;Ponte";"Não";4;0;3;1;0;0;4;2;-15,77150152;-48,46175551;"SPRF-DF";"DEL03-DF";"UOP02-DEL03-DF"
506102;2023-02-19;"domingo";"10:05:00";"MG";50;190;"UBERABA";"Ausência de reação do condutor";"Colisão com objeto";"Com Vítimas Feridas";"Pleno dia";"Crescente";"Céu Claro";"Dupla";"Declive;Reta";"Não";1;0;1;0;0;0;1;1;-19,85630175;-47,86944462;"SPRF-MG";"DEL13-MG";"UOP01-DEL13-MG"
506103;2023-02-19;"domingo";"10:30:00";"MG";40;476;"SETE LAGOAS";"Reação tardia ou ineficiente do condutor";"Saída de leito carroçável";"Com Vítimas Feridas";"Pleno dia";"Crescente";"Céu Claro";"Dupla";"Reta;Declive";"Não";2;0;2;0;0;0;2;1;-19,51363098;-44,27021397;"SPRF-MG";"DEL02-MG";"UOP01-DEL02-MG"
506104;2023-02-19;"domingo";"10:30:00";"BA";367;41,5;"PORTO SEGURO";"Acumulo de água sobre o pavimento";"Saída de leito carroçável";"Sem Vítimas";"Plena Noite";"Decrescente";"Chuva";"Simples";"Curva";"Não";3;0;0;0;3;0;0;1;-16,38653795;-39,21917399;"SPRF-BA";"DEL09-BA";"UOP03-DEL09-BA"
506105;2023-02-19;"domingo";"10:50:00";"SP";101;18;"UBATUBA";"Desrespeitar a preferência no cruzamento";"Colisão transversal";"Com Vítimas Feridas";"Pleno dia";"Decrescente";"Nublado";"Simples";"Reta";"Não";3;0;0;1;2;0;1;2;-23,31746811;-44,899601;"SPRF-SP";"DEL06-SP";"UOP01-DEL06-SP"
506106;2023-02-19;"domingo";"11:15:00";"SP";381;87;"SAO PAULO";"Reação tardia ou ineficiente do condutor";"Colisão com objeto";"Com Vítimas Feridas";"Plena Noite";"Decrescente";"Garoa/Chuvisco";"Múltipla";"Reta";"Não";1;0;1;0;0;0;1;1;-23,46885001;-46,56996601;"SPRF-SP";"DEL03-SP";"UOP01-DEL03-SP"
506107;2023-02-19;"domingo";"11:00:00";"PE";101;55,2;"PAULISTA";"Manobra de mudança de faixa";"Colisão lateral mesmo sentido";"Com Vítimas Feridas";"Pleno dia";"Crescente";"Céu Claro";"Dupla";"Aclive";"Não";2;0;1;0;0;1;1;2;-7,94806621;-34,9062148;"SPRF-PE";"DEL01-PE";"UOP02-DEL01-PE"
506108;2023-02-19;"domingo";"10:00:00";"PB";230;503;"CAJAZEIRAS";"Ingestão de álcool pelo condutor";"Tombamento";"Com Vítimas Feridas";"Pleno dia";"Crescente";"Sol";"Simples";"Reta";"Não";1;0;0;1;0;0;1;1;-6,899;-38,549;"SPRF-PB";"DEL03-PB";"UOP03-DEL03-PB"
506109;2023-02-19;"domingo";"11:00:00";"PR";369;490,1;"CORBELIA";"Ingestão de álcool pelo condutor";"Queda de ocupante de veículo";"Com Vítimas Feridas";"Pleno dia";"Crescente";"Nublado";"Simples";"Reta";"Sim";1;0;1;0;0;0;1;1;-24,7166;-53,2465;"SPRF-PR";"DEL04-PR";"UOP03-DEL04-PR"
506111;2023-02-19;"domingo";"09:00:00";"BA";420;266;"JIQUIRICA";"Velocidade Incompatível";"Saída de leito carroçável";"Com Vítimas Fatais";"Pleno dia";"Crescente";"Sol";"Simples";"Reta";"Não";2;1;1;0;0;0;1;1;-13,253121;-39,558058;"SPRF-BA";"DEL01-BA";"UOP02-DEL01-BA"
506112;2023-02-19;"domingo";"11:30:00";"RN";304;29,5;"MOSSORO";"Manobra de mudança de faixa";"Colisão transversal";"Com Vítimas Feridas";"Pleno dia";"Decrescente";"Céu Claro";"Simples";"Reta";"Sim";4;0;0;1;3;0;1;2;-5,10820698;-37,33904209;"SPRF-RN";"DEL04-RN";"UOP02-DEL04-RN"
506113;2023-02-03;"sexta-feira";"19:20:00";"RN";427;16,8;"ACARI";"Demais falhas mecânicas ou elétricas";"Colisão lateral sentido oposto";"Com Vítimas Fatais";"Pleno dia";"Crescente";"Céu Claro";"Simples";"Reta";"Não";3;1;1;0;1;0;1;2;-6,34863106;-36,60282101;"SPRF-RN";"DEL03-RN";"UOP02-DEL03-RN"
506117;2023-02-15;"quarta-feira";"13:26:00";"GO";158;90;"PIRANHAS";"Acessar a via sem observar a presença dos outros veículos";"Queda de ocupante de veículo";"Com Vítimas Feridas";"Pleno dia";"Decrescente";"Céu Claro";"Simples";"Interseção de Vias";"Não";1;0;0;1;0;0;1;1;-16,438599;-51,794147;"SPRF-GO";"DEL04-GO";"UOP02-DEL04-GO"
506119;2023-02-19;"domingo";"10:00:00";"SC";101;336,4;"TUBARAO";"Reação tardia ou ineficiente do condutor";"Colisão lateral mesmo sentido";"Com Vítimas Feridas";"Pleno dia";"Crescente";"Céu Claro";"Dupla";"Curva";"Não";4;0;2;0;2;0;2;2;-28,48464256;-49,03643489;"SPRF-SC";"DEL02-SC";"UOP01-DEL02-SC"
506120;2023-02-19;"domingo";"12:00:00";"SP";116;126;"CACAPAVA";"Reação tardia ou ineficiente do condutor";"Saída de leito carroçável";"Sem Vítimas";"Pleno dia";"Crescente";"Céu Claro";"Simples";"Reta";"Sim";1;0;0;0;1;0;0;1;-23,10433057;-45,69425762;"SPRF-SP";"DEL02-SP";"UOP02-DEL02-SP"
506121;2023-02-19;"domingo";"11:16:00";"PE";232;460;"SAO JOSE DO BELMONTE";"Condutor deixou de manter distância do veículo da frente";"Colisão traseira";"Sem Vítimas";"Pleno dia";"Decrescente";"Céu Claro";"Simples";"Em Obras;Declive";"Não";5;0;0;0;4;1;0;2;-8,02484479;-38,75777201;"SPRF-PE";"DEL05-PE";"UOP01-DEL05-PE"
506122;2023-02-19;"domingo";"12:17:00";"ES";101;219,1;"IBIRACU";"Chuva";"Colisão com objeto";"Com Vítimas Feridas";"Pleno dia";"Decrescente";"Chuva";"Dupla";"Curva";"Não";5;0;1;0;4;0;1;1;-19,86460092;-40,38336629;"SPRF-ES";"DEL02-ES";"UOP01-DEL02-ES"
506123;2023-02-19;"domingo";"11:20:00";"MG";40;562,9;"NOVA LIMA";"Reação tardia ou ineficiente do condutor";"Saída de leito carroçável";"Com Vítimas Feridas";"Pleno dia";"Decrescente";"Nublado";"Dupla";"Curva;Declive";"Não";4;0;3;0;1;0;3;1;-20,14451602;-43,95966007;"SPRF-MG";"DEL01-MG";"UOP02-DEL01-MG"
506124;2023-02-19;"domingo";"13:00:00";"MG";381;490;"BETIM";"Ausência de reação do condutor";"Colisão traseira";"Com Vítimas Feridas";"Pleno dia";"Crescente";"Céu Claro";"Dupla";"Reta";"Sim";2;0;1;0;0;1;1;2;-19,96502819;-44,17422195;"SPRF-MG";"DEL01-MG";"UOP03-DEL01-MG"
506125;2023-02-19;"domingo";"13:50:00";"PR";116;142;"MANDIRITUBA";"Acessar a via sem observar a presença dos outros veículos";"Colisão transversal";"Com Vítimas Feridas";"Pleno dia";"Crescente";"Chuva";"Dupla";"Retorno Regulamentado";"Sim";2;0;1;0;1;0;1;2;-25,746524;-49,31741923;"SPRF-PR";"DEL01-PR";"UOP03-DEL01-PR"
506127;2023-02-15;"quarta-feira";"19:00:00";"SC";282;6;"SAO JOSE";"Condutor deixou de manter distância do veículo da frente";"Queda de ocupante de veículo";"Com Vítimas Feridas";"Plena Noite";"Crescente";"Garoa/Chuvisco";"Dupla";"Curva;Declive";"Não";1;0;0;1;0;0;1;1;-27,591936;-48,618244;"SPRF-SC";"DEL01-SC";"UOP01-DEL01-SC"
506129;2023-01-18;"quarta-feira";"08:55:00";"MG";381;489,3;"BETIM";"Reação tardia ou ineficiente do condutor";"Saída de leito carroçável";"Com Vítimas Feridas";"Pleno dia";"Crescente";"Céu Claro";"Múltipla";"Reta;Declive";"Sim";1;0;1;0;0;0;1;1;-19,96245618;-44,16455495;"SPRF-MG";"DEL01-MG";"UOP03-DEL01-MG"
506130;2023-02-19;"domingo";"14:45:00";"ES";262;19;"VIANA";"Condutor Dormindo";"Saída de leito carroçável";"Com Vítimas Feridas";"Pleno dia";"Crescente";"Sol";"Simples";"Reta";"Sim";1;0;0;1;0;0;1;1;-20,3919143;-40,49002338;"SPRF-ES";"DEL01-ES";"UOP01-DEL01-ES"
506131;2023-02-19;"domingo";"09:43:00";"PI";343;538,4;"AMARANTE";"Acumulo de água sobre o pavimento";"Saída de leito carroçável";"Com Vítimas Feridas";"Pleno dia";"Crescente";"Chuva";"Simples";"Curva";"Não";2;0;1;0;1;0;1;1;-6,515777;-42,80072;"SPRF-PI";"DEL03-PI";"UOP01-DEL03-PI"
506132;2023-02-19;"domingo";"11:40:00";"PB";361;70;"OLHO DAGUA";"Pedestre andava na pista";"Atropelamento de Pedestre";"Com Vítimas Fatais";"Pleno dia";"Decrescente";"Céu Claro";"Simples";"Curva;Declive";"Não";2;1;0;0;1;0;0;2;-7,19693595;-37,80719699;"SPRF-PB";"DEL03-PB";"UOP01-DEL03-PB"
506133;2023-02-19;"domingo";"14:40:00";"RJ";393;220,1;"VASSOURAS";"Velocidade Incompatível";"Colisão com objeto";"Com Vítimas Fatais";"Pleno dia";"Decrescente";"Céu Claro";"Simples";"Reta";"Não";1;1;0;0;0;0;0;1;-22,31476053;-43,52216514;"SPRF-RJ";"DEL05-RJ";"UOP03-DEL05-RJ"