"id";"data_inversa";"dia_semana";"horario";"uf";"br";"km";"municipio";"causa_acidente";"tipo_acidente";"classificacao_acidente";"fase_dia";"sentido_via";"condicao_metereologica";"tipo_pista";"tracado_via";"uso_solo";"pessoas";"mortos";"feridos_leves";"feridos_graves";"ilesos";"ignorados";"feridos";"veiculos";"latitude";"longitude";"regional";"delegacia";"uop"
506345;2023-02-20;"segunda-feira";"12:00:00";"RJ";116;237;"PIRAI";"Manobra de mudança de faixa";"Queda de ocupante de veículo";"Com Vítimas Feridas";"Pleno dia";"Decrescente";"Céu Claro";"Dupla";"Reta";"Não";1;0;1;0;0;0;1;1;-22,6648253;-43,8735;"SPRF-RJ";"DEL07-RJ";"UOP01-DEL07-RJ"
506346;2023-02-20;"segunda-feira";"16:00:00";"MG";251;493,4;"FRANCISCO SA";"Velocidade Incompatível";"Saída de leito carroçável";"Com Vítimas Feridas";"Pleno dia";"Crescente";"Chuva";"Simples";"Aclive";"Não";7;0;5;0;2;0;5;1;-16,5500591;-43,60261992;"SPRF-MG";"DEL12-MG";"UOP01-DEL12-MG"
506347;2023-02-20;"segunda-feira";"10:50:00";"RJ";101;417;"MANGARATIBA";"Reação tardia ou ineficiente do condutor";"Engavetamento";"Com Vítimas Feridas";"Pleno dia";"Crescente";"Céu Claro";"Simples";"Aclive;Reta";"Não";3;0;1;0;2;0;1;3;-22,91684333;-43,90315533;"SPRF-RJ";"DEL03-RJ";"UOP02-DEL03-RJ"
506348;2023-02-20;"segunda-feira";"16:20:00";"SC";101;206;"SAO JOSE";"Condutor deixou de manter distância do veículo da frente";"Colisão traseira";"Com Vítimas Feridas";"Pleno dia";"Crescente";"Chuva";"Dupla";"Viaduto;Reta";"Sim";3;0;1;0;2;0;1;2;-27,59193546;-48,61824557;"SPRF-SC";"DEL01-SC";"UOP01-DEL01-SC"
506349;2023-02-16;"quinta-feira";"18:30:00";"RJ";393;298;"BARRA MANSA";"Acessar a via sem observar a presença dos outros veículos";"Colisão transversal";"Com Vítimas Feridas";"Plena Noite";"Decrescente";"Chuva";"Simples";"Interseção de Vias;Reta";"Sim";3;0;2;0;1;0;2;2;-22,54313289;-44,11298586;"SPRF-RJ";"DEL07-RJ";"UOP02-DEL07-RJ"
506350;2023-02-20;"segunda-feira";"15:30:00";"GO";60;255,7;"INDIARA";"Velocidade Incompatível";"Capotamento";"Com Vítimas Feridas";"Pleno dia";"Crescente";"Chuva";"Dupla";"Reta";"Não";1;0;0;1;0;0;1;1;-17,1426;-50,0024;"SPRF-GO";"DEL01-GO";"UOP02-DEL01-GO"
506351;2023-02-20;"segunda-feira";"15:22:00";"SC";282;53,5;"AGUAS MORNAS";"Reação tardia ou ineficiente do condutor";"Capotamento";"Com Vítimas Feridas";"Pleno dia";"Decrescente";"Chuva";"Simples";"Curva;Declive";"Não";2;0;1;0;1;0;1;1;-27,68565146;-48,97162735;"SPRF-SC";"DEL01-SC";"UOP03-DEL01-SC"
506352;2023-02-20;"segunda-feira";"16:30:00";"RS";290;29;"SANTO ANTONIO DA PATRULHA";"Acumulo de água sobre o pavimento";"Saída de leito carroçável";"Com Vítimas Feridas";"Pleno dia";"Decrescente";"Chuva";"Dupla";"Reta";"Não";4;0;2;0;2;0;2;1;-29,883329;-50,54509;"SPRF-RS";"DEL03-RS";"UOP01-DEL03-RS"
506353;2023-02-20;"segunda-feira";"16:00:00";"MG";267;209,1;"BOM JARDIM DE MINAS";"Transitar na contramão";"Colisão frontal";"Com Vítimas Feridas";"Pleno dia";"Decrescente";"Chuva";"Simples";"Aclive";"Não";4;0;2;2;0;0;4;2;-21,94402647;-44,15778412;"SPRF-MG";"DEL05-MG";"UOP01-DEL05-MG"
506355;2023-02-20;"segunda-feira";"17:10:00";"SC";101;201;"SAO JOSE";"Mal súbito do condutor";"Tombamento";"Com Vítimas Feridas";"Pleno dia";"Decrescente";"Céu Claro";"Múltipla";"Reta";"Não";1;0;1;0;0;0;1;1;-27,55105317;-48,61947477;"SPRF-SC";"DEL01-SC";"UOP01-DEL01-SC"
506357;2023-02-20;"segunda-feira";"16:02:00";"MG";381;486;"BETIM";"Condutor deixou de manter distância do veículo da frente";"Colisão traseira";"Com Vítimas Feridas";"Pleno dia";"Crescente";"Céu Claro";"Dupla";"Reta";"Sim";2;0;1;0;0;1;1;2;-19,95644414;-44,13611598;"SPRF-MG";"DEL01-MG";"UOP03-DEL01-MG"
506358;2023-02-20;"segunda-feira";"16:00:00";"SP";116;323,9;"JUQUITIBA";"Reação tardia ou ineficiente do condutor";"Saída de leito carroçável";"Com Vítimas Feridas";"Pleno dia";"Crescente";"Céu Claro";"Dupla";"Reta";"Não";1;0;1;0;0;0;1;1;-23,93663197;-47,03568002;"SPRF-SP";"DEL04-SP";"UOP03-DEL04-SP"
506359;2023-02-20;"segunda-feira";"17:30:00";"SC";282;6;"SAO JOSE";"Acumulo de óleo sobre o pavimento";"Queda de ocupante de veículo";"Com Vítimas Feridas";"Anoitecer";"Crescente";"Garoa/Chuvisco";"Dupla";"Declive;Viaduto;Curva";"Não";1;0;1;0;0;0;1;1;-27,591936;-48,618244;"SPRF-SC";"DEL01-SC";"UOP01-DEL01-SC"
506360;2023-02-20;"segunda-feira";"17:45:00";"SP";116;210;"GUARULHOS";"Reação tardia ou ineficiente do condutor";"Colisão lateral mesmo sentido";"Com Vítimas Feridas";"Pleno dia";"Decrescente";"Céu Claro";"Dupla";"Reta";"Sim";2;0;1;0;1;0;1;2;-23,42870023;-46,41085991;"SPRF-SP";"DEL01-SP";"UOP01-DEL01-SP"
506361;2023-02-20;"segunda-feira";"17:45:00";"SC";101;6;"GARUVA";"Pista Escorregadia";"Queda de ocupante de veículo";"Com Vítimas Feridas";"Anoitecer";"Decrescente";"Céu Claro";"Dupla";"Curva;Declive";"Sim";1;0;1;0;0;0;1;1;-26,02692002;-48,86142017;"SPRF-SC";"DEL03-SC";"UOP01-DEL03-SC"
506362;2023-02-20;"segunda-feira";"18:00:00";"SP";116;202;"ARUJA";"Trafegar com motocicleta (ou similar) entre as faixas";"Colisão lateral mesmo sentido";"Com Vítimas Feridas";"Anoitecer";"Decrescente";"Nublado";"Dupla";"Reta";"Não";2;0;0;1;0;1;1;2;-23,40809408;-46,33859597;"SPRF-SP";"DEL01-SP";"UOP01-DEL01-SP"
506363;2023-02-20;"segunda-feira";"16:25:00";"SC";101;40,9;"JOINVILLE";"Chuva";"Queda de ocupante de veículo";"Com Vítimas Feridas";"Pleno dia";"Decrescente";"Chuva";"Dupla";"Curva";"Não";2;0;2;0;0;0;2;1;-26,27176094;-48,89468382;"SPRF-SC";"DEL03-SC";"UOP01-DEL03-SC"
506364;2023-02-20;"segunda-feira";"16:35:00";"ES";101;324,1;"GUARAPARI";"Reação tardia ou ineficiente do condutor";"Colisão transversal";"Com Vítimas Feridas";"Pleno dia";"Crescente";"Céu Claro";"Dupla";"Retorno Regulamentado";"Não";3;0;2;0;1;0;2;2;-20,54592303;-40,48155635;"SPRF-ES";"DEL03-ES";"UOP01-DEL03-ES"
506368;2023-02-20;"segunda-feira";"19:10:00";"SP";101;36;"UBATUBA";"Acessar a via sem observar a presença dos outros veículos";"Colisão transversal";"Com Vítimas Feridas";"Plena Noite";"Decrescente";"Nublado";"Simples";"Reta";"Não";2;0;1;0;1;0;1;2;-23,40731379;-45,01849651;"SPRF-SP";"DEL06-SP";"UOP01-DEL06-SP"
506369;2023-02-20;"segunda-feira";"10:20:00";"RJ";101;531;"ANGRA DOS REIS";"Reação tardia ou ineficiente do condutor";"Saída de leito carroçável";"Com Vítimas Feridas";"Pleno dia";"Crescente";"Sol";"Simples";"Curva";"Não";4;0;3;0;1;0;3;1;-23,02147898;-44,52344494;"SPRF-RJ";"DEL03-RJ";"UOP03-DEL03-RJ"
506371;2023-02-20;"segunda-feira";"18:00:00";"SP";116;384,7;"MIRACATU";"Demais falhas mecânicas ou elétricas";"Saída de leito carroçável";"Com Vítimas Feridas";"Anoitecer";"Crescente";"Chuva";"Dupla";"Curva;Retorno Regulamentado";"Não";2;0;2;0;0;0;2;1;-24,25315884;-47,37493283;"SPRF-SP";"DEL04-SP";"UOP02-DEL04-SP"
506372;2023-02-20;"segunda-feira";"19:30:00";"DF";60;6,1;"BRASILIA";"Estacionar ou parar em local proibido";"Colisão traseira";"Com Vítimas Feridas";"Plena Noite";"Crescente";"Nublado";"Dupla";"Reta";"Sim";2;0;1;0;1;0;1;2;-15,898147;-48,113901;"SPRF-DF";"DEL03-DF";"UOP01-DEL03-DF"
506373;2023-02-20;"segunda-feira";"17:30:00";"MG";40;44,4;"PARACATU";"Conversão proibida";"Colisão frontal";"Com Vítimas Feridas";"Pleno dia";"Decrescente";"Céu Claro";"Simples";"Reta";"Sim";5;0;2;1;2;0;3;2;-17,23101648;-46,85390396;"SPRF-MG";"DEL14-MG";"UOP01-DEL14-MG"
506374;2023-02-20;"segunda-feira";"19:35:00";"SP";381;41;"ATIBAIA";"Manobra de mudança de faixa";"Colisão lateral mesmo sentido";"Com Vítimas Feridas";"Anoitecer";"Crescente";"Céu Claro";"Dupla";"Reta";"Sim";2;0;1;0;1;0;1;2;-23,13863999;-46,57584088;"SPRF-SP";"DEL03-SP";"UOP01-DEL03-SP"
506377;2023-02-20;"segunda-feira";"16:50:00";"PR";376;432;"TIBAGI";"Reação tardia ou ineficiente do condutor";"Colisão com objeto";"Com Vítimas Feridas";"Pleno dia";"Crescente";"Chuva";"Dupla";"Declive;Curva";"Não";3;0;1;1;1;0;2;1;-24,75425568;-50,5356288;"SPRF-PR";"DEL03-PR";"UOP02-DEL03-PR"
506378;2023-02-20;"segunda-feira";"19:40:00";"GO";153;140;"MARA ROSA";"Manobra de mudança de faixa";"Colisão frontal";"Com Vítimas Fatais";"Plena Noite";"Crescente";"Nublado";"Simples";"Reta";"Não";4;1;1;1;1;0;2;2;-13,994013;-49,089703;"SPRF-GO";"DEL07-GO";"UOP01-DEL07-GO"
506379;2023-02-20;"segunda-feira";"18:50:00";"PE";232;8,5;"RECIFE";"Condutor deixou de manter distância do veículo da frente";"Colisão traseira";"Com Vítimas Feridas";"Plena Noite";"Crescente";"Nublado";"Dupla";"Reta;Em Obras;Desvio Temporário";"Sim";2;0;1;0;1;0;1;2;-8,077013;-34,97546;"SPRF-PE";"DEL01-PE";"UOP01-DEL01-PE"
506382;2023-02-20;"segunda-feira";"20:00:00";"RJ";495;26;"PETROPOLIS";"Retorno proibido";"Queda de ocupante de veículo";"Com Vítimas Feridas";"Plena Noite";"Crescente";"Nublado";"Simples";"Curva";"Sim";2;0;1;0;1;0;1;2;-22,398933;-43,104948;"SPRF-RJ";"DEL06-RJ";"UOP01-DEL06-RJ"
506383;2023-02-04;"sábado";"12:16:00";"PR";476;148;"CURITIBA";"Demais falhas mecânicas ou elétricas";"Tombamento";"Com Vítimas Feridas";"Pleno dia";"Decrescente";"Ignorado";"Dupla";"Reta";"Sim";1;0;0;1;0;0;1;1;-25,55676136;-49,34717283;"SPRF-PR";"DEL01-PR";"UOP06-DEL01-PR"
506384;2023-02-20;"segunda-feira";"16:00:00";"RJ";40;109;"DUQUE DE CAXIAS";"Reação tardia ou ineficiente do condutor";"Colisão traseira";"Com Vítimas Feridas";"Pleno dia";"Decrescente";"Céu Claro";"Dupla";"Reta";"Sim";2;0;1;0;0;1;1;2;-22,67374628;-43,28638368;"SPRF-RJ";"DEL01-RJ";"UOP01-DEL01-RJ"
506385;2023-02-20;"segunda-feira";"19:30:00";"RJ";116;141,8;"DUQUE DE CAXIAS";"Reação tardia ou ineficiente do condutor";"Tombamento";"Com Vítimas Feridas";"Plena Noite";"Crescente";"Céu Claro";"Múltipla";"Reta";"Sim";1;0;0;1;0;0;1;1;-22,64724486;-43,22083001;"SPRF-RJ";"DEL01-RJ";"UOP01-DEL01-RJ"
506386;2023-02-20;"segunda-feira";"19:20:00";"PE";101;68;"RECIFE";"Pedestre cruzava a pista fora da faixa";"Atropelamento de Pedestre";"Com Vítimas Fatais";"Plena Noite";"Crescente";"Nublado";"Dupla";"Reta";"Sim";2;1;0;0;1;0;0;2;-8,05074296;-34,94580619;"SPRF-PE";"DEL01-PE";"UOP01-DEL01-PE"
506387;2023-02-20;"segunda-feira";"20:58:00";"RS";290;1;"PORTO ALEGRE";"Avarias e/ou desgaste excessivo no pneu";"Colisão com objeto";"Com Vítimas Feridas";"Plena Noite";"Crescente";"Chuva";"Simples";"Declive;Curva";"Não";2;0;1;0;1;0;1;1;-29,97283086;-51,17752433;"SPRF-RS";"DEL03-RS";"UOP01-DEL03-RS"
506388;2023-02-20;"segunda-feira";"20:30:00";"PI";343;11;"PARNAIBA";"Acumulo de água sobre o pavimento";"Colisão frontal";"Com Vítimas Feridas";"Plena Noite";"Crescente";"Chuva";"Simples";"Reta";"Sim";2;0;0;1;1;0;1;2;-2,903314;-41,750664;"SPRF-PI";"DEL05-PI";"UOP01-DEL05-PI"
506390;2023-02-20;"segunda-feira";"21:05:00";"RJ";101;307;"SAO GONCALO";"Reação tardia ou ineficiente do condutor";"Colisão traseira";"Com Vítimas Feridas";"Plena Noite";"Crescente";"Céu Claro";"Dupla";"Reta";"Sim";7;0;4;0;3;0;4;2;-22,79115777;-43,01514205;"SPRF-RJ";"DEL02-RJ";"UOP02-DEL02-RJ"
506391;2023-02-20;"segunda-feira";"21:10:00";"CE";116;112,8;"RUSSAS";"Reação tardia ou ineficiente do condutor";"Saída de leito carroçável";"Com Vítimas Fatais";"Plena Noite";"Crescente";"Céu Claro";"Simples";"Reta";"Não";1;1;0;0;0;0;0;1;-4,59387836;-38,2101059;"SPRF-CE";"DEL03-CE";"UOP02-DEL03-CE"
506392;2023-02-20;"segunda-feira";"21:10:00";"MT";70;1;"BARRA DO GARCAS";"Acessar a via sem observar a presença dos outros veículos";"Colisão transversal";"Com Vítimas Feridas";"Plena Noite";"Crescente";"Céu Claro";"Simples";"Reta;Aclive;Interseção de Vias";"Sim";2;0;0;1;1;0;1;2;-15,88913023;-52,26565361;"SPRF-MT";"DEL07-MT";"UOP01-DEL07-MT"
506393;2023-02-20;"segunda-feira";"19:00:00";"MT";163;1036,9;"MATUPA";"Condutor deixou de manter distância do veículo da frente";"Colisão traseira";"Com Vítimas Feridas";"Plena Noite";"Crescente";"Céu Claro";"Simples";"Reta";"Não";5;0;1;0;1;3;1;3;-10,189377;-54,948905;"SPRF-MT";"DEL06-MT";"UOP03-DEL06-MT"
506394;2023-02-20;"segunda-feira";"19:10:00";"RJ";493;111;"ITAGUAI";"Demais falhas mecânicas ou elétricas";"Incêndio";"Sem Vítimas";"Plena Noite";"Decrescente";"Ignorado";"Simples";"Reta";"Não";1;0;0;0;1;0;0;1;-22,81289658;-43,80008698;"SPRF-RJ";"DEL03-RJ";"UOP01-DEL03-RJ"
506395;2023-02-20;"segunda-feira";"21:15:00";"PE";232;127;"CARUARU";"Iluminação deficiente";"Colisão com objeto";"Sem Vítimas";"Plena Noite";"Crescente";"Céu Claro";"Simples";"Reta;Viaduto";"Não";1;0;0;0;1;0;0;1;-8,30598671;-35,96516132;"SPRF-PE";"DEL02-PE";"UOP01-DEL02-PE"
506396;2023-02-20;"segunda-feira";"18:00:00";"RJ";493;108;"SEROPEDICA";"Ausência de reação do condutor";"Saída de leito carroçável";"Com Vítimas Feridas";"Pleno dia";"Decrescente";"Céu Claro";"Dupla";"Reta";"Não";2;0;2;0;0;0;2;1;-22,790823;-43,778856;"SPRF-RJ";"DEL03-RJ";"UOP01-DEL03-RJ"
506397;2023-02-20;"segunda-feira";"19:15:00";"RJ";101;401;"ITAGUAI";"Pedestre andava na pista";"Atropelamento de Pedestre";"Com Vítimas Fatais";"Plena Noite";"Crescente";"Nublado";"Dupla";"Reta";"Sim";6;1;0;0;5;0;0;3;-22,84853075;-43,77998836;"SPRF-RJ";"DEL03-RJ";"UOP01-DEL03-RJ"
506398;2023-02-20;"segunda-feira";"22:20:00";"BA";101;354;"WENCESLAU GUIMARAES";"Acessar a via sem observar a presença dos outros veículos";"Colisão transversal";"Sem Vítimas";"Plena Noite";"Crescente";"Céu Claro";"Simples";"Reta";"Não";5;0;0;0;5;0;0;2;-13,650929;-39,486232;"SPRF-BA";"DEL05-BA";"UOP03-DEL05-BA"
506400;2023-02-20;"segunda-feira";"21:20:00";"RJ";40;103;"DUQUE DE CAXIAS";"Transitar na contramão";"Colisão lateral sentido oposto";"Com Vítimas Feridas";"Plena Noite";"Crescente";"Nublado";"Dupla";"Reta";"Sim";2;0;1;0;0;1;1;2;-22,61596;-43,286868;"SPRF-RJ";"DEL01-RJ";"UOP01-DEL01-RJ"
506401;2023-02-20;"segunda-feira";"13:00:00";"RJ";101;298;"ITABORAI";"Ingestão de substâncias psicoativas pelo condutor";"Saída de leito carroçável";"Com Vítimas Feridas";"Pleno dia";"Crescente";"Céu Claro";"Dupla";"Reta";"Sim";2;0;1;0;1;0;1;1;-22,7714;-42,92896;"SPRF-RJ";"DEL02-RJ";"UOP02-DEL02-RJ"
506403;2023-02-20;"segunda-feira";"21:00:00";"RJ";40;110;"DUQUE DE CAXIAS";"Reação tardia ou ineficiente do condutor";"Colisão transversal";"Com Vítimas Feridas";"Plena Noite";"Decrescente";"Céu Claro";"Múltipla";"Reta";"Sim";6;0;2;1;3;0;3;2;-22,6902508;-43,2868253;"SPRF-RJ";"DEL01-RJ";"UOP01-DEL01-RJ"
506404;2023-02-20;"segunda-feira";"23:00:00";"GO";153;518,9;"APARECIDA DE GOIANIA";"Ingestão de álcool pelo condutor";"Saída de leito carroçável";"Sem Vítimas";"Plena Noite";"Decrescente";"Chuva";"Dupla";"Reta;Aclive";"Não";1;0;0;0;0;1;0;1;-16,867;-49,2505;"SPRF-GO";"DEL01-GO";"UOP03-DEL01-GO"
506405;2023-02-20;"segunda-feira";"23:20:00";"PR";376;174;"MARINGA";"Pista Escorregadia";"Colisão com objeto";"Com Vítimas Feridas";"Plena Noite";"Decrescente";"Chuva";"Múltipla";"Reta";"Não";4;0;1;0;3;0;1;1;-23,41430102;-51,94984299;"SPRF-PR";"DEL09-PR";"UOP01-DEL09-PR"
506406;2023-02-20;"segunda-feira";"22:00:00";"GO";153;664;"GOIATUBA";"Reação tardia ou ineficiente do condutor";"Queda de ocupante de veículo";"Com Vítimas Feridas";"Plena Noite";"Crescente";"Vento";"Dupla";"Reta";"Não";1;0;1;0;0;0;1;1;-18,0901;-49,271;"SPRF-GO";"DEL03-GO";"UOP02-DEL03-GO"
506407;2023-02-20;"segunda-feira";"22:17:00";"MA";135;22;"SAO LUIS";"Reação tardia ou ineficiente do condutor";"Engavetamento";"Com Vítimas Feridas";"Plena Noite";"Crescente";"Nublado";"Dupla";"Retorno Regulamentado;Reta";"Sim";3;0;0;1;2;0;1;3;-2,55698898;-44,31183284;"SPRF-MA";"DEL01-MA";"UOP01-DEL01-MA"
506408;2023-02-20;"segunda-feira";"23:27:00";"SP";116;191;"SANTA ISABEL";"Acumulo de água sobre o pavimento";"Saída de leito carroçável";"Com Vítimas Feridas";"Plena Noite";"Decrescente";"Chuva";"Dupla";"Reta";"Não";1;0;1;0;0;0;1;1;-23,37124281;-46,2426022;"SPRF-SP";"DEL01-SP";"UOP01-DEL01-SP"
506409;2023-02-20;"segunda-feira";"23:50:00";"SC";282;2,9;"FLORIANOPOLIS";"Demais falhas mecânicas ou elétricas";"Saída de leito carroçável";"Com Vítimas Feridas";"Plena Noite";"Crescente";"Chuva";"Dupla";"Curva;Declive";"Sim";3;0;1;0;2;0;1;1;-27,603289;-48,590416;"SPRF-SC";"DEL01-SC";"UOP01-DEL01-SC"
506410;2023-02-20;"segunda-feira";"23:47:00";"RS";392;45;"RIO GRANDE";"Ingestão de álcool pelo condutor";"Saída de leito carroçável";"Sem Vítimas";"Plena Noite";"Crescente";"Chuva";"Dupla";"Reta";"Não";1;0;0;0;1;0;0;1;-31,91917407;-52,3144974;"SPRF-RS";"DEL07-RS";"UOP02-DEL07-RS"
506411;2023-02-20;"segunda-feira";"23:50:00";"RS";386;295,8;"POUSO NOVO";"Condutor Dormindo";"Saída de leito carroçável";"Com Vítimas Feridas";"Plena Noite";"Crescente";"Nublado";"Simples";"Curva";"Não";1;0;1;0;0;0;1;1;-29,13764643;-52,24043012;"SPRF-RS";"DEL04-RS";"UOP01-DEL04-RS"
506412;2023-02-20;"segunda-feira";"23:40:00";"PR";277;69;"SAO JOSE DOS PINHAIS";"Velocidade Incompatível";"Saída de leito carroçável";"Sem Vítimas";"Plena Noite";"Decrescente";"Nublado";"Dupla";"Reta";"Não";2;0;0;0;0;2;0;1;-25,51746378;-49,11500216;"SPRF-PR";"DEL01-PR";"UOP01-DEL01-PR"
506415;2023-02-21;"terça-feira";"00:10:00";"MG";262;774;"UBERABA";"Pista esburacada";"Saída de leito carroçável";"Sem Vítimas";"Plena Noite";"Crescente";"Nublado";"Simples";"Reta";"Não";1;0;0;0;0;1;0;1;-19,72184989;-47,7115981;"SPRF-MG";"DEL13-MG";"UOP01-DEL13-MG"
506416;2023-02-21;"terça-feira";"01:00:00";"CE";116;0;"FORTALEZA";"Manobra de mudança de faixa";"Colisão lateral mesmo sentido";"Com Vítimas Feridas";"Plena Noite";"Decrescente";"Nublado";"Dupla";"Reta";"Sim";3;0;2;0;1;0;2;2;-3,75671854;-38,52141917;"SPRF-CE";"DEL01-CE";"UOP02-DEL01-CE"
506417;2023-02-21;"terça-feira";"01:10:00";"PR";376;664;"GUARATUBA";"Demais falhas mecânicas ou elétricas";"Incêndio";"Sem Vítimas";"Plena Noite";"Decrescente";"Céu Claro";"Simples";"Reta";"Não";2;0;0;0;2;0;0;1;-25,85371747;-48,95711124;"SPRF-PR";"DEL01-PR";"UOP04-DEL01-PR"
506418;2023-02-21;"terça-feira";"00:50:00";"SP";381;89,2;"GUARULHOS";"Reação tardia ou ineficiente do condutor";"Colisão traseira";"Sem Vítimas";"Plena Noite";"Decrescente";"Nublado";"Múltipla";"Reta";"Sim";2;0;0;0;2;0;0;2;-23,48469299;-46,55983288;"SPRF-SP";"DEL03-SP";"UOP01-DEL03-SP"
506421;2023-02-21;"terça-feira";"02:00:00";"MG";50;171;"UBERABA";"Avarias e/ou desgaste excessivo no pneu";"Saída de leito carroçável";"Sem Vítimas";"Plena Noite";"Decrescente";"Garoa/Chuvisco";"Dupla";"Reta;Aclive";"Não";1;0;0;0;0;1;0;1;-19,74554892;-47,98382166;"SPRF-MG";"DEL13-MG";"UOP01-DEL13-MG"
506422;2023-02-20;"segunda-feira";"19:50:00";"CE";116;502;"BREJO SANTO";"Acessar a via sem observar a presença dos outros veículos";"Colisão transversal";"Com Vítimas Fatais";"Plena Noite";"Crescente";"Céu Claro";"Simples";"Reta;Interseção de Vias";"Sim";4;1;0;2;1;0;2;2;-7,46246999;-38,97595702;"SPRF-CE";"DEL05-CE";"UOP03-DEL05-CE"
506424;2023-02-21;"terça-feira";"03:00:00";"RJ";101;225;"SILVA JARDIM";"Condutor Dormindo";"Saída de leito carroçável";"Com Vítimas Feridas";"Plena Noite";"Decrescente";"Céu Claro";"Dupla";"Reta";"Não";3;0;1;0;2;0;1;1;-22,53967107;-42,3461359;"SPRF-RJ";"DEL02-RJ";"UOP03-DEL02-RJ"
506425;2023-02-20;"segunda-feira";"09:45:00";"SC";101;410,8;"ARARANGUA";"Chuva";"Tombamento";"Com Vítimas Feridas";"Pleno dia";"Decrescente";"Chuva";"Múltipla";"Reta";"Não";2;0;1;0;1;0;1;1;-28,9225061;-49,4913107;"SPRF-SC";"DEL02-SC";"UOP02-DEL02-SC"
506428;2023-02-20;"segunda-feira";"23:36:00";"RJ";101;108;"CAMPOS DOS GOYTACAZES";"Condutor deixou de manter distância do veículo da frente";"Colisão traseira";"Com Vítimas Feridas";"Plena Noite";"Decrescente";"Nublado";"Dupla";"Reta";"Sim";2;0;1;0;0;1;1;2;-21,94060379;-41,63215332;"SPRF-RJ";"DEL08-RJ";"UOP02-DEL08-RJ"
506430;2023-02-21;"terça-feira";"05:20:00";"RS";116;253;"SAPUCAIA DO SUL";"Velocidade Incompatível";"Colisão com objeto";"Sem Vítimas";"Plena Noite";"Crescente";"Nublado";"Dupla";"Retorno Regulamentado;Curva";"Sim";1;0;0;0;0;1;0;1;-29,81784209;-51,16996166;"SPRF-RS";"DEL01-RS";"UOP02-DEL01-RS"
506431;2023-02-21;"terça-feira";"04:45:00";"GO";60;11;"SANTO ANTONIO DO DESCOBERTO";"Velocidade Incompatível";"Saída de leito carroçável";"Com Vítimas Feridas";"Plena Noite";"Decrescente";"Céu Claro";"Dupla";"Reta";"Não";1;0;0;1;0;0;1;1;-16,115033;-48,3252;"SPRF-DF";"DEL03-DF";"UOP01-DEL03-DF"
506432;2023-02-21;"terça-feira";"02:50:00";"PB";361;78,2;"PIANCO";"Acessar a via sem observar a presença dos outros veículos";"Colisão frontal";"Com Vítimas Feridas";"Plena Noite";"Crescente";"Céu Claro";"Simples";"Reta;Aclive";"Não";2;0;2;0;0;0;2;2;-7,18552414;-37,877191;"SPRF-PB";"DEL03-PB";"UOP01-DEL03-PB"
506433;2023-02-21;"terça-feira";"05:15:00";"RN";101;76,3;"NATAL";"Ingestão de álcool ou de substâncias psicoativas pelo pedestre";"Saída de leito carroçável";"Com Vítimas Feridas";"Amanhecer";"Decrescente";"Céu Claro";"Dupla";"Reta;Em Obras;Declive";"Não";1;0;0;1;0;0;1;1;-5,72603024;-35,28461489;"SPRF-RN";"DEL02-RN";"UOP01-DEL02-RN"
506435;2023-02-21;"terça-feira";"05:00:00";"RS";392;307;"SAO SEPE";"Ingestão de álcool pelo condutor";"Colisão lateral sentido oposto";"Com Vítimas Feridas";"Plena Noite";"Crescente";"Céu Claro";"Simples";"Reta";"Não";5;0;1;0;4;0;1;2;-30,08806254;-53,63698711;"SPRF-RS";"DEL09-RS";"UOP01-DEL09-RS"
506436;2023-02-21;"terça-feira";"06:50:00";"MG";381;486;"BETIM";"Acessar a via sem observar a presença dos outros veículos";"Colisão lateral mesmo sentido";"Com Vítimas Feridas";"Pleno dia";"Crescente";"Céu Claro";"Simples";"Viaduto";"Não";2;0;1;0;1;0;1;2;-19,95644414;-44,13611598;"SPRF-MG";"DEL01-MG";"UOP03-DEL01-MG"
506437;2023-02-21;"terça-feira";"06:59:00";"SP";381;51;"ATIBAIA";"Velocidade Incompatível";"Colisão com objeto";"Com Vítimas Feridas";"Amanhecer";"Decrescente";"Céu Claro";"Dupla";"Declive;Curva";"Não";1;0;1;0;0;0;1;1;-23,23381423;-46,60181522;"SPRF-SP";"DEL03-SP";"UOP01-DEL03-SP"
506439;2023-02-20;"segunda-feira";"15:20:00";"MG";40;258;"SAO GONCALO DO ABAETE";"Acumulo de água sobre o pavimento";"Saída de leito carroçável";"Com Vítimas Feridas";"Pleno dia";"Decrescente";"Garoa/Chuvisco";"Simples";"Reta;Declive";"Não";2;0;1;0;1;0;1;1;-18,13657095;-45,37279299;"SPRF-MG";"DEL14-MG";"UOP02-DEL14-MG"
506440;2023-02-21;"terça-feira";"06:00:00";"SP";116;37;"CACHOEIRA PAULISTA";"Chuva";"Colisão com objeto";"Com Vítimas Feridas";"Amanhecer";"Decrescente";"Chuva";"Dupla";"Curva";"Não";2;0;1;0;1;0;1;1;-22,66497021;-44,98430985;"SPRF-SP";"DEL08-SP";"UOP02-DEL08-SP"
506442;2023-02-21;"terça-feira";"04:00:00";"MG";381;781,3;"CAMPANHA";"Ausência de reação do condutor";"Saída de leito carroçável";"Com Vítimas Fatais";"Plena Noite";"Crescente";"Céu Claro";"Dupla";"Curva";"Não";1;1;0;0;0;0;0;1;-21,85166608;-45,52037769;"SPRF-MG";"DEL16-MG";"UOP02-DEL16-MG"