"id";"data_inversa";"dia_semana";"horario";"uf";"br";"km";"municipio";"causa_acidente";"tipo_acidente";"classificacao_acidente";"fase_dia";"sentido_via";"condicao_metereologica";"tipo_pista";"tracado_via";"uso_solo";"pessoas";"mortos";"feridos_leves";"feridos_graves";"ilesos";"ignorados";"feridos";"veiculos";"latitude";"longitude";"regional";"delegacia";"uop"
506553;2023-02-21;"terça-feira";"20:45:00";"DF";70;3;"BRASILIA";"Ausência de reação do condutor";"Saída de leito carroçável";"Com Vítimas Feridas";"Plena Noite";"Crescente";"Chuva";"Dupla";"Curva";"Sim";9;0;3;2;4;0;5;3;-15,802453;-48,080387;"SPRF-DF";"DEL03-DF";"UOP02-DEL03-DF"
506556;2023-02-21;"terça-feira";"23:20:00";"PA";230;119;"MARABA";"Ausência de reação do condutor";"Colisão traseira";"Com Vítimas Feridas";"Plena Noite";"Crescente";"Céu Claro";"Dupla";"Reta";"Sim";2;0;1;0;1;0;1;2;-5,350407;-49,105981;"SPRF-PA";"DEL03-PA";"UOP01-DEL03-PA"
506557;2023-02-21;"terça-feira";"22:16:00";"MA";135;7;"SAO LUIS";"Acessar a via sem observar a presença dos outros veículos";"Colisão transversal";"Com Vítimas Feridas";"Plena Noite";"Decrescente";"Céu Claro";"Dupla";"Rotatória";"Sim";2;0;1;0;1;0;1;2;-2,63608835;-44,26848552;"SPRF-MA";"DEL01-MA";"UOP01-DEL01-MA"
506558;2023-02-21;"terça-feira";"22:10:00";"BA";324;582;"CANDEIAS";"Reação tardia ou ineficiente do condutor";"Capotamento";"Com Vítimas Feridas";"Plena Noite";"Decrescente";"Chuva";"Dupla";"Reta";"Não";1;0;1;0;0;0;1;1;-12,60856603;-38,49390902;"SPRF-BA";"DEL01-BA";"UOP01-DEL01-BA"
506559;2023-02-22;"quarta-feira";"00:20:00";"MG";40;45;"PARACATU";"Acessar a via sem observar a presença dos outros veículos";"Colisão transversal";"Com Vítimas Feridas";"Plena Noite";"Decrescente";"Céu Claro";"Simples";"Reta";"Não";2;0;1;0;1;0;1;2;-17,23557257;-46,84580984;"SPRF-MG";"DEL14-MG";"UOP01-DEL14-MG"
506560;2023-02-22;"quarta-feira";"00:45:00";"RS";290;175,9;"BUTIA";"Acesso irregular";"Colisão traseira";"Com Vítimas Fatais";"Plena Noite";"Crescente";"Céu Claro";"Simples";"Reta";"Não";2;1;0;0;1;0;0;2;-30,13280546;-51,98060989;"SPRF-RS";"DEL02-RS";"UOP03-DEL02-RS"
506564;2023-02-22;"quarta-feira";"02:15:00";"MG";40;784;"JUIZ DE FORA";"Reação tardia ou ineficiente do condutor";"Saída de leito carroçável";"Com Vítimas Feridas";"Plena Noite";"Crescente";"Céu Claro";"Dupla";"Retorno Regulamentado";"Sim";1;0;1;0;0;0;1;1;-21,72974118;-43,43692563;"SPRF-MG";"DEL05-MG";"UOP01-DEL05-MG"
506565;2023-02-22;"quarta-feira";"02:45:00";"SP";116;269;"TABOAO DA SERRA";"Condutor desrespeitou a iluminação vermelha do semáforo";"Colisão transversal";"Com Vítimas Feridas";"Plena Noite";"Crescente";"Céu Claro";"Dupla";"Reta";"Sim";2;0;1;0;1;0;1;2;-23,61593059;-46,78826044;"SPRF-SP";"DEL04-SP";"UOP01-DEL04-SP"
506566;2023-02-22;"quarta-feira";"04:00:00";"SP";116;562,1;"BARRA DO TURVO";"Reação tardia ou ineficiente do condutor";"Capotamento";"Com Vítimas Feridas";"Plena Noite";"Crescente";"Garoa/Chuvisco";"Dupla";"Curva";"Não";5;0;5;0;0;0;5;1;-25,02464023;-48,52213701;"SPRF-SP";"DEL05-SP";"UOP02-DEL05-SP"
506567;2023-02-22;"quarta-feira";"03:40:00";"PR";116;131,8;"FAZENDA RIO GRANDE";"Reação tardia ou ineficiente do condutor";"Colisão com objeto";"Sem Vítimas";"Plena Noite";"Decrescente";"Garoa/Chuvisco";"Simples";"Viaduto";"Não";1;0;0;0;0;1;0;1;-25,65733698;-49,31212612;"SPRF-PR";"DEL01-PR";"UOP03-DEL01-PR"
506569;2023-02-21;"terça-feira";"21:57:00";"TO";242;327;"PEIXE";"Animais na Pista";"Atropelamento de Animal";"Com Vítimas Feridas";"Plena Noite";"Decrescente";"Nublado";"Simples";"Reta";"Não";2;0;1;0;1;0;1;1;-11,95864;-48,675696;"SPRF-TO";"DEL01-TO";"UOP02-DEL01-TO"
506571;2023-02-22;"quarta-feira";"04:00:00";"RN";101;161,8;"CANGUARETAMA";"Acumulo de água sobre o pavimento";"Colisão com objeto";"Com Vítimas Feridas";"Amanhecer";"Crescente";"Chuva";"Múltipla";"Reta";"Não";1;0;1;0;0;0;1;1;-6,38070571;-35,14726996;"SPRF-RN";"DEL01-RN";"UOP01-DEL01-RN"
506572;2023-02-22;"quarta-feira";"05:40:00";"RN";101;161,8;"CANGUARETAMA";"Acumulo de água sobre o pavimento";"Tombamento";"Com Vítimas Feridas";"Amanhecer";"Crescente";"Chuva";"Múltipla";"Reta";"Não";1;0;1;0;0;0;1;1;-6,38071637;-35,14733434;"SPRF-RN";"DEL01-RN";"UOP01-DEL01-RN"
506574;2023-02-22;"quarta-feira";"06:15:00";"SP";116;160,4;"JACAREI";"Condutor deixou de manter distância do veículo da frente";"Colisão traseira";"Com Vítimas Feridas";"Pleno dia";"Crescente";"Nublado";"Dupla";"Reta";"Sim";2;0;1;0;0;1;1;2;-23,27617003;-45,97592098;"SPRF-SP";"DEL02-SP";"UOP01-DEL02-SP"
506575;2023-02-22;"quarta-feira";"06:00:00";"CE";116;26;"ITAITINGA";"Transitar na contramão";"Colisão frontal";"Com Vítimas Feridas";"Pleno dia";"Crescente";"Céu Claro";"Simples";"Viaduto";"Sim";3;0;2;1;0;0;3;2;-3,97922218;-38,51511061;"SPRF-CE";"DEL01-CE";"UOP02-DEL01-CE"
506576;2023-02-22;"quarta-feira";"04:00:00";"PE";232;128;"CARUARU";"Ingestão de álcool pelo condutor";"Saída de leito carroçável";"Sem Vítimas";"Plena Noite";"Crescente";"Nublado";"Dupla";"Reta";"Sim";1;0;0;0;1;0;0;1;-8,30399306;-35,97216301;"SPRF-PE";"DEL02-PE";"UOP01-DEL02-PE"
506577;2023-02-22;"quarta-feira";"06:40:00";"RS";386;267;"CANOAS";"Reação tardia ou ineficiente do condutor";"Colisão com objeto";"Sem Vítimas";"Pleno dia";"Decrescente";"Céu Claro";"Dupla";"Reta";"Sim";3;0;0;0;3;0;0;1;-29,946241;-51,1765967;"SPRF-RS";"DEL04-RS";"UOP03-DEL04-RS"
506578;2023-02-22;"quarta-feira";"06:50:00";"MG";262;373;"JUATUBA";"Ausência de reação do condutor";"Tombamento";"Com Vítimas Feridas";"Pleno dia";"Decrescente";"Céu Claro";"Dupla";"Reta";"Não";1;0;1;0;0;0;1;1;-19,97429522;-44,32712508;"SPRF-MG";"DEL01-MG";"UOP03-DEL01-MG"
506579;2023-02-22;"quarta-feira";"06:43:00";"ES";101;234;"FUNDAO";"Condutor Dormindo";"Colisão frontal";"Com Vítimas Feridas";"Pleno dia";"Crescente";"Céu Claro";"Simples";"Curva";"Não";7;0;3;2;1;1;5;4;-19,96973516;-40,40766379;"SPRF-ES";"DEL02-ES";"UOP01-DEL02-ES"
506580;2023-02-22;"quarta-feira";"04:15:00";"PR";163;147,1;"SANTA LUCIA";"Velocidade Incompatível";"Saída de leito carroçável";"Com Vítimas Fatais";"Plena Noite";"Decrescente";"Nublado";"Dupla";"Declive;Reta";"Não";1;1;0;0;0;0;0;1;-25,44415695;-53,57850109;"SPRF-PR";"DEL05-PR";"UOP05-DEL05-PR"
506581;2023-02-22;"quarta-feira";"05:50:00";"PR";376;538;"PALMEIRA";"Demais falhas mecânicas ou elétricas";"Incêndio";"Sem Vítimas";"Pleno dia";"Crescente";"Nublado";"Dupla";"Reta";"Não";1;0;0;0;1;0;0;1;-25,323629;-49,866734;"SPRF-PR";"DEL03-PR";"UOP03-DEL03-PR"
506582;2023-02-22;"quarta-feira";"06:30:00";"BA";116;818;"VITORIA DA CONQUISTA";"Acessar a via sem observar a presença dos outros veículos";"Colisão transversal";"Com Vítimas Feridas";"Pleno dia";"Crescente";"Céu Claro";"Simples";"Reta";"Sim";2;0;2;0;0;0;2;2;-14,78621813;-40,74705093;"SPRF-BA";"DEL08-BA";"UOP01-DEL08-BA"
506584;2023-02-22;"quarta-feira";"07:40:00";"PB";230;27,8;"JOAO PESSOA";"Condutor deixou de manter distância do veículo da frente";"Engavetamento";"Sem Vítimas";"Pleno dia";"Crescente";"Chuva";"Dupla";"Reta";"Não";4;0;0;0;3;1;0;4;-7,1677;-34,8855;"SPRF-PB";"DEL01-PB";"UOP01-DEL01-PB"
506586;2023-02-22;"quarta-feira";"07:50:00";"ES";101;148,4;"LINHARES";"Área urbana sem a presença de local apropriado para a travessia de pedestres";"Atropelamento de Pedestre";"Com Vítimas Fatais";"Pleno dia";"Decrescente";"Céu Claro";"Múltipla";"Curva";"Sim";2;1;0;0;1;0;0;2;-19,38787399;-40,06752766;"SPRF-ES";"DEL04-ES";"UOP01-DEL04-ES"
506587;2023-02-22;"quarta-feira";"05:00:00";"RJ";40;56,9;"PETROPOLIS";"Velocidade Incompatível";"Colisão com objeto";"Com Vítimas Feridas";"Amanhecer";"Crescente";"Ignorado";"Dupla";"Curva";"Sim";2;0;1;0;0;1;1;2;-22,36179383;-43,12627244;"SPRF-RJ";"DEL05-RJ";"UOP02-DEL05-RJ"
506588;2023-02-22;"quarta-feira";"07:50:00";"MG";116;751,7;"LEOPOLDINA";"Velocidade Incompatível";"Saída de leito carroçável";"Com Vítimas Feridas";"Pleno dia";"Crescente";"Céu Claro";"Simples";"Reta";"Não";1;0;1;0;0;0;1;1;-21,46220391;-42,55638215;"SPRF-MG";"DEL07-MG";"UOP01-DEL07-MG"
506589;2023-02-22;"quarta-feira";"04:10:00";"SE";101;112,1;"SAO CRISTOVAO";"Condutor Dormindo";"Colisão com objeto";"Sem Vítimas";"Amanhecer";"Decrescente";"Céu Claro";"Dupla";"Curva";"Não";4;0;0;0;4;0;0;1;-10,98417027;-37,29054761;"SPRF-SE";"DEL02-SE";"UOP01-DEL02-SE"
506590;2023-02-22;"quarta-feira";"05:30:00";"PR";277;211,8;"TEIXEIRA SOARES";"Reação tardia ou ineficiente do condutor";"Colisão lateral sentido oposto";"Com Vítimas Fatais";"Amanhecer";"Decrescente";"Garoa/Chuvisco";"Simples";"Curva";"Não";12;1;7;2;2;0;9;3;-25,47028722;-50,3049009;"SPRF-PR";"DEL08-PR";"UOP02-DEL08-PR"
506593;2023-02-22;"quarta-feira";"08:20:00";"CE";116;9;"FORTALEZA";"Acessar a via sem observar a presença dos outros veículos";"Colisão transversal";"Com Vítimas Feridas";"Pleno dia";"Decrescente";"Céu Claro";"Dupla";"Curva;Interseção de Vias";"Não";2;0;1;0;1;0;1;2;-3,82779096;-38,50486117;"SPRF-CE";"DEL01-CE";"UOP02-DEL01-CE"
506594;2023-02-22;"quarta-feira";"08:45:00";"RS";101;33;"TRES CACHOEIRAS";"Acessar a via sem observar a presença dos outros veículos";"Colisão transversal";"Com Vítimas Feridas";"Pleno dia";"Decrescente";"Céu Claro";"Múltipla";"Aclive;Curva;Retorno Regulamentado";"Não";2;0;1;0;1;0;1;2;-29,5028698;-49,97956231;"SPRF-RS";"DEL03-RS";"UOP02-DEL03-RS"
506595;2023-02-22;"quarta-feira";"08:05:00";"SP";116;84;"ROSEIRA";"Manobra de mudança de faixa";"Queda de ocupante de veículo";"Com Vítimas Feridas";"Pleno dia";"Decrescente";"Nublado";"Dupla";"Reta";"Não";1;0;1;0;0;0;1;1;-22,91777173;-45,33596814;"SPRF-SP";"DEL08-SP";"UOP01-DEL08-SP"
506596;2023-02-22;"quarta-feira";"08:45:00";"SC";101;209,8;"SAO JOSE";"Avarias e/ou desgaste excessivo no pneu";"Tombamento";"Com Vítimas Feridas";"Pleno dia";"Decrescente";"Nublado";"Múltipla";"Reta";"Sim";2;0;0;2;0;0;2;1;-27,61000542;-48,63895057;"SPRF-SC";"DEL01-SC";"UOP01-DEL01-SC"
506598;2023-02-22;"quarta-feira";"08:45:00";"SC";280;51;"GUARAMIRIM";"Demais falhas mecânicas ou elétricas";"Queda de ocupante de veículo";"Com Vítimas Feridas";"Pleno dia";"Crescente";"Céu Claro";"Simples";"Reta";"Sim";2;0;2;0;0;0;2;1;-26,46538871;-48,95544449;"SPRF-SC";"DEL03-SC";"UOP03-DEL03-SC"
506599;2023-02-22;"quarta-feira";"09:30:00";"MG";381;517,1;"IGARAPE";"Demais falhas mecânicas ou elétricas";"Incêndio";"Sem Vítimas";"Pleno dia";"Crescente";"Céu Claro";"Dupla";"Aclive;Reta";"Não";2;0;0;0;2;0;0;1;-20,11382303;-44,30720801;"SPRF-MG";"DEL04-MG";"UOP03-DEL04-MG"
506600;2023-02-22;"quarta-feira";"09:30:00";"SP";116;219;"GUARULHOS";"Demais falhas mecânicas ou elétricas";"Eventos atípicos";"Com Vítimas Feridas";"Pleno dia";"Crescente";"Céu Claro";"Múltipla";"Reta";"Sim";2;0;1;0;1;0;1;1;-23,46143954;-46,48885316;"SPRF-SP";"DEL01-SP";"UOP01-DEL01-SP"
506603;2023-02-22;"quarta-feira";"09:50:00";"PB";230;132;"MASSARANDUBA";"Velocidade Incompatível";"Saída de leito carroçável";"Com Vítimas Feridas";"Pleno dia";"Decrescente";"Chuva";"Dupla";"Curva";"Não";3;0;3;0;0;0;3;1;-7,277157;-35,745748;"SPRF-PB";"DEL02-PB";"UOP01-DEL02-PB"
506604;2023-02-22;"quarta-feira";"10:00:00";"RJ";101;420;"MANGARATIBA";"Reação tardia ou ineficiente do condutor";"Colisão traseira";"Com Vítimas Feridas";"Pleno dia";"Decrescente";"Céu Claro";"Múltipla";"Reta";"Não";4;0;1;0;3;0;1;3;-22,9189815;-43,92318002;"SPRF-RJ";"DEL03-RJ";"UOP02-DEL03-RJ"
506605;2023-02-22;"quarta-feira";"09:15:00";"CE";222;37;"CAUCAIA";"Condutor deixou de manter distância do veículo da frente";"Colisão traseira";"Com Vítimas Feridas";"Pleno dia";"Crescente";"Céu Claro";"Simples";"Reta";"Não";2;0;1;0;1;0;1;2;-3,69492726;-38,88168808;"SPRF-CE";"DEL01-CE";"UOP01-DEL01-CE"
506607;2023-02-22;"quarta-feira";"10:05:00";"PR";277;549,3;"CATANDUVAS";"Acessar a via sem observar a presença dos outros veículos";"Colisão transversal";"Com Vítimas Feridas";"Pleno dia";"Crescente";"Nublado";"Simples";"Interseção de Vias;Reta";"Não";6;0;1;0;5;0;1;2;-25,10308056;-53,11970389;"SPRF-PR";"DEL04-PR";"UOP04-DEL04-PR"
506609;2023-02-22;"quarta-feira";"09:40:00";"SE";101;41;"CAPELA";"Avarias e/ou desgaste excessivo no pneu";"Colisão com objeto";"Com Vítimas Feridas";"Pleno dia";"Crescente";"Céu Claro";"Dupla";"Reta";"Não";5;0;1;0;4;0;1;1;-10,53265562;-36,96045454;"SPRF-SE";"DEL02-SE";"UOP02-DEL02-SE"
506611;2023-02-22;"quarta-feira";"06:30:00";"MT";158;648,8;"NOVA XAVANTINA";"Ultrapassagem Indevida";"Colisão frontal";"Com Vítimas Feridas";"Amanhecer";"Decrescente";"Nublado";"Simples";"Reta";"Não";3;0;2;0;1;0;2;2;-14,63331996;-52,3560216;"SPRF-MT";"DEL07-MT";"UOP02-DEL07-MT"
506612;2023-02-22;"quarta-feira";"10:38:00";"PB";101;89;"JOAO PESSOA";"Condutor deixou de manter distância do veículo da frente";"Colisão traseira";"Com Vítimas Feridas";"Pleno dia";"Crescente";"Céu Claro";"Dupla";"Retorno Regulamentado;Reta";"Sim";2;0;0;1;1;0;1;2;-7,1710694;-34,89765372;"SPRF-PB";"DEL01-PB";"UOP02-DEL01-PB"
506613;2023-02-22;"quarta-feira";"10:00:00";"PB";230;315,9;"SAO MAMEDE";"Ausência de reação do condutor";"Engavetamento";"Com Vítimas Feridas";"Pleno dia";"Crescente";"Céu Claro";"Simples";"Reta";"Não";13;0;3;0;9;1;3;4;-6,950524;-37,116755;"SPRF-PB";"DEL03-PB";"UOP01-DEL03-PB"
506614;2023-02-22;"quarta-feira";"10:15:00";"SC";101;113;"ITAJAI";"Manobra de mudança de faixa";"Colisão lateral mesmo sentido";"Com Vítimas Feridas";"Pleno dia";"Decrescente";"Sol";"Dupla";"Reta";"Sim";2;0;0;1;1;0;1;2;-26,85311393;-48,72689927;"SPRF-SC";"DEL04-SC";"UOP04-DEL04-SC"
506615;2023-02-22;"quarta-feira";"10:50:00";"CE";222;2;"FORTALEZA";"Acessar a via sem observar a presença dos outros veículos";"Colisão transversal";"Com Vítimas Feridas";"Pleno dia";"Decrescente";"Céu Claro";"Dupla";"Reta";"Sim";2;0;1;0;1;0;1;2;-3,73911117;-38,58687498;"SPRF-CE";"DEL01-CE";"UOP01-DEL01-CE"
506616;2023-02-22;"quarta-feira";"11:30:00";"RN";101;23,8;"RIO DO FOGO";"Reação tardia ou ineficiente do condutor";"Capotamento";"Com Vítimas Feridas";"Pleno dia";"Crescente";"Céu Claro";"Simples";"Reta";"Não";2;0;1;0;1;0;1;1;-5,31803594;-35,41480794;"SPRF-RN";"DEL02-RN";"UOP01-DEL02-RN"
506617;2023-02-22;"quarta-feira";"11:20:00";"PB";230;121,4;"RIACHAO DO BACAMARTE";"Ausência de reação do condutor";"Saída de leito carroçável";"Com Vítimas Feridas";"Pleno dia";"Decrescente";"Chuva";"Dupla";"Curva";"Sim";2;0;2;0;0;0;2;1;-7,2452;-35,649;"SPRF-PB";"DEL02-PB";"UOP01-DEL02-PB"
506618;2023-02-22;"quarta-feira";"11:10:00";"TO";153;145;"ARAGUAINA";"Velocidade Incompatível";"Colisão frontal";"Com Vítimas Feridas";"Pleno dia";"Crescente";"Céu Claro";"Dupla";"Retorno Regulamentado;Reta";"Sim";3;0;2;0;1;0;2;2;-7,20503614;-48,24035166;"SPRF-TO";"DEL02-TO";"UOP01-DEL02-TO"
506619;2023-02-22;"quarta-feira";"11:10:00";"BA";324;530;"FEIRA DE SANTANA";"Acumulo de água sobre o pavimento";"Capotamento";"Com Vítimas Feridas";"Pleno dia";"Decrescente";"Nublado";"Dupla";"Curva";"Sim";2;0;1;0;1;0;1;1;-12,32818491;-38,86174193;"SPRF-BA";"DEL01-BA";"UOP03-DEL01-BA"
506620;2023-02-22;"quarta-feira";"12:00:00";"PE";104;68;"CARUARU";"Reação tardia ou ineficiente do condutor";"Colisão traseira";"Com Vítimas Feridas";"Pleno dia";"Crescente";"Chuva";"Múltipla";"Reta";"Sim";2;0;1;0;1;0;1;2;-8,3107;-35,9904;"SPRF-PE";"DEL02-PE";"UOP01-DEL02-PE"
506621;2023-02-22;"quarta-feira";"10:46:00";"TO";10;453;"PALMAS";"Acessar a via sem observar a presença dos outros veículos";"Colisão traseira";"Com Vítimas Feridas";"Pleno dia";"Crescente";"Chuva";"Simples";"Rotatória";"Sim";3;0;1;0;2;0;1;2;-10,2241606;-48,1711112;"SPRF-TO";"DEL01-TO";"UOP03-DEL01-TO"
506622;2023-02-22;"quarta-feira";"06:10:00";"BA";420;248;"LAJE";"Reação tardia ou ineficiente do condutor";"Colisão lateral sentido oposto";"Com Vítimas Fatais";"Pleno dia";"Crescente";"Nublado";"Simples";"Reta;Aclive";"Não";7;1;6;0;0;0;6;2;-13,19188715;-39,45803055;"SPRF-BA";"DEL01-BA";"UOP02-DEL01-BA"
506624;2023-02-22;"quarta-feira";"12:00:00";"MG";354;754,2;"ITAMONTE";"Ausência de reação do condutor";"Colisão transversal";"Com Vítimas Feridas";"Pleno dia";"Crescente";"Sol";"Simples";"Interseção de Vias";"Não";4;0;1;0;3;0;1;2;-22,30480233;-44,85575196;"SPRF-MG";"DEL17-MG";"UOP01-DEL17-MG"
506625;2023-02-22;"quarta-feira";"12:00:00";"SC";101;336,4;"TUBARAO";"Mal súbito do condutor";"Colisão com objeto";"Com Vítimas Feridas";"Pleno dia";"Decrescente";"Céu Claro";"Dupla";"Curva;Declive";"Sim";1;0;1;0;0;0;1;1;-28,48487448;-49,03596282;"SPRF-SC";"DEL02-SC";"UOP01-DEL02-SC"
506626;2023-02-05;"domingo";"14:00:00";"PE";232;139;"CARUARU";"Velocidade Incompatível";"Saída de leito carroçável";"Com Vítimas Feridas";"Pleno dia";"Decrescente";"Nublado";"Dupla";"Reta;Aclive";"Não";1;0;1;0;0;0;1;1;-8,31947086;-36,06799801;"SPRF-PE";"DEL02-PE";"UOP01-DEL02-PE"
506627;2023-02-22;"quarta-feira";"11:50:00";"SP";116;108,7;"TAUBATE";"Velocidade Incompatível";"Colisão traseira";"Com Vítimas Feridas";"Pleno dia";"Crescente";"Sol";"Dupla";"Reta";"Não";2;0;1;0;1;0;1;2;-23,0233097;-45,53763622;"SPRF-SP";"DEL02-SP";"UOP02-DEL02-SP"
506628;2023-02-22;"quarta-feira";"12:15:00";"GO";50;127;"IPAMERI";"Entrada inopinada do pedestre";"Atropelamento de Pedestre";"Com Vítimas Feridas";"Pleno dia";"Crescente";"Céu Claro";"Dupla";"Reta";"Não";2;0;1;0;1;0;1;2;-16,9819;-47,7472;"SPRF-GO";"DEL06-GO";"UOP01-DEL06-GO"
506629;2023-02-22;"quarta-feira";"12:30:00";"MG";381;510;"SAO JOAQUIM DE BICAS";"Acesso irregular";"Colisão transversal";"Com Vítimas Feridas";"Pleno dia";"Crescente";"Sol";"Múltipla";"Reta";"Sim";2;0;1;0;1;0;1;2;-20,0523625;-44,2822655;"SPRF-MG";"DEL04-MG";"UOP03-DEL04-MG"
506630;2023-02-22;"quarta-feira";"12:25:00";"CE";20;170;"BOA VIAGEM";"Velocidade Incompatível";"Saída de leito carroçável";"Com Vítimas Feridas";"Pleno dia";"Crescente";"Céu Claro";"Simples";"Curva";"Não";5;0;3;1;1;0;4;1;-5,33439691;-39,93467708;"SPRF-CE";"DEL02-CE";"UOP02-DEL02-CE"
506631;2023-02-22;"quarta-feira";"12:00:00";"BA";0;0;"SALVADOR";"Reação tardia ou ineficiente do condutor";"Colisão traseira";"Sem Vítimas";"Pleno dia";"Não Informado";"Céu Claro";"Múltipla";"Reta";"Sim";2;0;0;0;2;0;0;2;-12,978042;-38,463161;"SPRF-BA";"N/A";"N/A"
506632;2023-02-22;"quarta-feira";"12:10:00";"PB";230;131,7;"MASSARANDUBA";"Ausência de reação do condutor";"Saída de leito carroçável";"Com Vítimas Feridas";"Pleno dia";"Decrescente";"Chuva";"Dupla";"Curva";"Não";2;0;1;0;1;0;1;1;-7,2746;-35,7269;"SPRF-PB";"DEL02-PB";"UOP01-DEL02-PB"
506634;2023-02-22;"quarta-feira";"11:59:00";"PE";101;88;"JABOATAO DOS GUARARAPES";"Condutor deixou de manter distância do veículo da frente";"Colisão traseira";"Com Vítimas Feridas";"Pleno dia";"Decrescente";"Nublado";"Dupla";"Reta";"Não";2;0;1;0;1;0;1;2;-8,19971387;-34,9785382;"SPRF-PE";"DEL01-PE";"UOP01-DEL01-PE"
506635;2023-02-22;"quarta-feira";"13:00:00";"SC";101;150;"ITAPEMA";"Acessar a via sem observar a presença dos outros veículos";"Colisão transversal";"Com Vítimas Feridas";"Pleno dia";"Crescente";"Céu Claro";"Múltipla";"Interseção de Vias";"Não";2;0;1;0;1;0;1;2;-27,11744799;-48,60940987;"SPRF-SC";"DEL04-SC";"UOP03-DEL04-SC"
506636;2023-02-22;"quarta-feira";"13:20:00";"RJ";116;96;"TERESOPOLIS";"Problema com o freio";"Colisão com objeto";"Com Vítimas Feridas";"Pleno dia";"Crescente";"Nublado";"Simples";"Curva";"Não";3;0;2;0;1;0;2;1;-22,48025217;-42,99744482;"SPRF-RJ";"DEL04-RJ";"UOP01-DEL04-RJ"
506637;2023-02-22;"quarta-feira";"12:50:00";"RJ";101;434;"MANGARATIBA";"Acessar a via sem observar a presença dos outros veículos";"Colisão transversal";"Com Vítimas Feridas";"Pleno dia";"Decrescente";"Céu Claro";"Simples";"Curva;Declive";"Sim";2;0;1;0;1;0;1;2;-22,93724723;-44,04629489;"SPRF-RJ";"DEL03-RJ";"UOP02-DEL03-RJ"
506638;2023-02-22;"quarta-feira";"13:20:00";"SC";282;3,5;"FLORIANOPOLIS";"Manobra de mudança de faixa";"Colisão lateral mesmo sentido";"Com Vítimas Feridas";"Pleno dia";"Decrescente";"Sol";"Múltipla";"Reta";"Sim";2;0;1;0;1;0;1;2;-27,600384;-48,599705;"SPRF-SC";"DEL01-SC";"UOP01-DEL01-SC"
506639;2023-02-22;"quarta-feira";"10:20:00";"RJ";101;442,8;"MANGARATIBA";"Velocidade Incompatível";"Queda de ocupante de veículo";"Com Vítimas Feridas";"Pleno dia";"Decrescente";"Sol";"Simples";"Curva;Declive";"Não";1;0;1;0;0;0;1;1;-22,973969;-44,087093;"SPRF-RJ";"DEL03-RJ";"UOP02-DEL03-RJ"
506641;2023-02-22;"quarta-feira";"13:30:00";"SP";101;47;"UBATUBA";"Acumulo de óleo sobre o pavimento";"Tombamento";"Com Vítimas Feridas";"Pleno dia";"Decrescente";"Sol";"Simples";"Rotatória";"Sim";1;0;1;0;0;0;1;1;-23,43401316;-45,0857234;"SPRF-SP";"DEL06-SP";"UOP01-DEL06-SP"
506644;2023-02-22;"quarta-feira";"13:30:00";"SC";101;211,3;"PALHOCA";"Ausência de reação do condutor";"Colisão traseira";"Com Vítimas Feridas";"Pleno dia";"Decrescente";"Céu Claro";"Dupla";"Reta";"Sim";2;0;1;0;1;0;1;2;-27,62329313;-48,65245588;"SPRF-SC";"DEL01-SC";"UOP02-DEL01-SC"
506645;2023-02-22;"quarta-feira";"13:45:00";"SC";101;204,6;"SAO JOSE";"Condutor deixou de manter distância do veículo da frente";"Engavetamento";"Com Vítimas Feridas";"Pleno dia";"Crescente";"Nublado";"Dupla";"Reta";"Sim";3;0;1;0;2;0;1;3;-27,58313237;-48,61532885;"SPRF-SC";"DEL01-SC";"UOP01-DEL01-SC"
506646;2023-02-06;"segunda-feira";"07:10:00";"RN";101;105;"PARNAMIRIM";"Condutor deixou de manter distância do veículo da frente";"Colisão traseira";"Com Vítimas Feridas";"Pleno dia";"Decrescente";"Céu Claro";"Dupla";"Viaduto;Declive";"Sim";5;0;2;0;3;0;2;2;-5,90165196;-35,25928517;"SPRF-RN";"DEL01-RN";"UOP01-DEL01-RN"
506648;2023-02-22;"quarta-feira";"11:50:00";"RJ";101;318;"SAO GONCALO";"Avarias e/ou desgaste excessivo no pneu";"Queda de ocupante de veículo";"Com Vítimas Feridas";"Pleno dia";"Crescente";"Nublado";"Dupla";"Reta";"Sim";1;0;1;0;0;0;1;1;-22,84562994;-43,09841211;"SPRF-RJ";"DEL02-RJ";"UOP02-DEL02-RJ"
506649;2023-02-22;"quarta-feira";"14:10:00";"MG";381;503;"BETIM";"Carga excessiva e/ou mal acondicionada";"Tombamento";"Com Vítimas Feridas";"Pleno dia";"Decrescente";"Sol";"Dupla";"Reta;Declive";"Sim";1;0;1;0;0;0;1;1;-20,03855134;-44,25495493;"SPRF-MG";"DEL04-MG";"UOP03-DEL04-MG"
506650;2023-02-22;"quarta-feira";"14:30:00";"PB";230;135,9;"CAMPINA GRANDE";"Velocidade Incompatível";"Saída de leito carroçável";"Com Vítimas Feridas";"Pleno dia";"Crescente";"Chuva";"Dupla";"Curva";"Não";1;0;0;1;0;0;1;1;-7,2789;-35,7591;"SPRF-PB";"DEL02-PB";"UOP01-DEL02-PB"
506651;2023-02-22;"quarta-feira";"14:30:00";"ES";101;4,7;"ICONHA";"Reação tardia ou ineficiente do condutor";"Colisão com objeto";"Com Vítimas Feridas";"Pleno dia";"Decrescente";"Céu Claro";"Dupla";"Curva";"Não";1;0;1;0;0;0;1;1;-20,805;-40,81;"SPRF-ES";"DEL04-ES";"UOP02-DEL04-ES"