"id";"data_inversa";"dia_semana";"horario";"uf";"br";"km";"municipio";"causa_acidente";"tipo_acidente";"classificacao_acidente";"fase_dia";"sentido_via";"condicao_metereologica";"tipo_pista";"tracado_via";"uso_solo";"pessoas";"mortos";"feridos_leves";"feridos_graves";"ilesos";"ignorados";"feridos";"veiculos";"latitude";"longitude";"regional";"delegacia";"uop"
506652;2023-02-22;"quarta-feira";"14:45:00";"ES";101;4,9;"ICONHA";"Manobra de mudança de faixa";"Colisão lateral mesmo sentido";"Com Vítimas Feridas";"Pleno dia";"Decrescente";"Céu Claro";"Dupla";"Reta";"Não";3;0;1;1;1;0;2;2;-20,80490411;-40,81008911;"SPRF-ES";"DEL03-ES";"UOP01-DEL03-ES"
506654;2023-02-22;"quarta-feira";"14:40:00";"PE";424;75;"CAETES";"Manobra de mudança de faixa";"Colisão lateral sentido oposto";"Com Vítimas Feridas";"Pleno dia";"Crescente";"Céu Claro";"Simples";"Reta";"Não";5;0;2;3;0;0;5;2;-8,80482636;-36,58367325;"SPRF-PE";"DEL03-PE";"UOP01-DEL03-PE"
506657;2023-02-22;"quarta-feira";"12:00:00";"MT";364;289,6;"JACIARA";"Acumulo de água sobre o pavimento";"Saída de leito carroçável";"Com Vítimas Feridas";"Pleno dia";"Decrescente";"Chuva";"Dupla";"Aclive";"Não";1;0;1;0;0;0;1;1;-15,90640833;-55,08298593;"SPRF-MT";"DEL05-MT";"UOP02-DEL05-MT"
506658;2023-02-22;"quarta-feira";"10:00:00";"RJ";101;333;"RIO DE JANEIRO";"Reação tardia ou ineficiente do condutor";"Tombamento";"Com Vítimas Feridas";"Pleno dia";"Decrescente";"Sol";"Dupla";"Reta";"Sim";1;0;1;0;0;0;1;1;-22,87827816;-43,21053578;"SPRF-RJ";"DEL02-RJ";"UOP01-DEL02-RJ"
506659;2023-02-22;"quarta-feira";"12:00:00";"MG";381;569;"ITAGUARA";"Mal súbito do condutor";"Saída de leito carroçável";"Com Vítimas Feridas";"Pleno dia";"Crescente";"Céu Claro";"Dupla";"Reta";"Não";2;0;2;0;0;0;2;1;-20,41672704;-44,53013062;"SPRF-MG";"DEL04-MG";"UOP03-DEL04-MG"
506663;2023-02-22;"quarta-feira";"13:50:00";"PI";343;264;"CAMPO MAIOR";"Acessar a via sem observar a presença dos outros veículos";"Colisão transversal";"Sem Vítimas";"Pleno dia";"Crescente";"Chuva";"Simples";"Reta";"Sim";2;0;0;0;2;0;0;2;-4,827662;-42,162594;"SPRF-PI";"DEL01-PI";"UOP03-DEL01-PI"
506667;2023-02-22;"quarta-feira";"14:20:00";"PE";101;50;"ABREU E LIMA";"Ausência de reação do condutor";"Queda de ocupante de veículo";"Com Vítimas Feridas";"Pleno dia";"Crescente";"Nublado";"Simples";"Reta";"Sim";1;0;1;0;0;0;1;1;-7,92654867;-34,95094172;"SPRF-PE";"DEL01-PE";"UOP02-DEL01-PE"
506668;2023-02-22;"quarta-feira";"14:30:00";"RS";153;2;"CACHOEIRA DO SUL";"Desrespeitar a preferência no cruzamento";"Colisão frontal";"Com Vítimas Feridas";"Pleno dia";"Decrescente";"Sol";"Simples";"Interseção de Vias";"Sim";4;0;1;2;1;0;3;2;-30,03964;-52,894356;"SPRF-RS";"DEL02-RS";"UOP03-DEL02-RS"
506669;2023-02-22;"quarta-feira";"16:24:00";"MG";381;488,4;"BETIM";"Condutor deixou de manter distância do veículo da frente";"Colisão traseira";"Com Vítimas Feridas";"Pleno dia";"Decrescente";"Céu Claro";"Dupla";"Reta";"Não";5;0;1;0;4;0;1;3;-19,9598656;-44,15489715;"SPRF-MG";"DEL01-MG";"UOP03-DEL01-MG"
506670;2023-02-22;"quarta-feira";"15:50:00";"MG";116;412;"GOVERNADOR VALADARES";"Acessar a via sem observar a presença dos outros veículos";"Colisão transversal";"Com Vítimas Feridas";"Pleno dia";"Crescente";"Céu Claro";"Múltipla";"Rotatória";"Sim";2;0;1;0;1;0;1;2;-18,86882342;-41,97144241;"SPRF-MG";"DEL06-MG";"UOP01-DEL06-MG"
506671;2023-02-22;"quarta-feira";"15:55:00";"RS";285;208,5;"LAGOA VERMELHA";"Acessar a via sem observar a presença dos outros veículos";"Colisão transversal";"Com Vítimas Feridas";"Pleno dia";"Decrescente";"Céu Claro";"Simples";"Interseção de Vias;Reta";"Não";6;0;2;0;4;0;2;2;-28,22413411;-51,61063671;"SPRF-RS";"DEL08-RS";"UOP05-DEL08-RS"
506673;2023-02-22;"quarta-feira";"14:00:00";"RJ";101;222;"SILVA JARDIM";"Condutor Dormindo";"Saída de leito carroçável";"Com Vítimas Feridas";"Pleno dia";"Crescente";"Céu Claro";"Dupla";"Curva";"Não";6;0;4;0;2;0;4;1;-22,51762059;-42,336715;"SPRF-RJ";"DEL02-RJ";"UOP03-DEL02-RJ"
506674;2023-02-22;"quarta-feira";"15:50:00";"GO";50;240,9;"CATALAO";"Condutor Dormindo";"Saída de leito carroçável";"Com Vítimas Feridas";"Pleno dia";"Crescente";"Céu Claro";"Dupla";"Reta";"Não";1;0;1;0;0;0;1;1;-17,8833;-47,7912;"SPRF-GO";"DEL06-GO";"UOP01-DEL06-GO"
506675;2023-02-22;"quarta-feira";"16:10:00";"RN";101;105;"PARNAMIRIM";"Ingestão de álcool pelo condutor";"Queda de ocupante de veículo";"Com Vítimas Feridas";"Pleno dia";"Decrescente";"Céu Claro";"Simples";"Interseção de Vias";"Sim";1;0;0;1;0;0;1;1;-5,90165196;-35,25928517;"SPRF-RN";"DEL01-RN";"UOP01-DEL01-RN"
506676;2023-02-22;"quarta-feira";"16:10:00";"ES";101;71;"SAO MATEUS";"Condutor deixou de manter distância do veículo da frente";"Engavetamento";"Sem Vítimas";"Pleno dia";"Crescente";"Céu Claro";"Simples";"Reta";"Não";4;0;0;0;4;0;0;3;-18,753513;-39,862598;"SPRF-ES";"DEL04-ES";"UOP02-DEL04-ES"
506677;2023-02-22;"quarta-feira";"15:30:00";"RJ";101;432;"MANGARATIBA";"Ausência de reação do condutor";"Colisão lateral sentido oposto";"Com Vítimas Feridas";"Pleno dia";"Decrescente";"Céu Claro";"Simples";"Aclive";"Não";4;0;1;0;3;0;1;2;-22,93437472;-44,02919087;"SPRF-RJ";"DEL03-RJ";"UOP02-DEL03-RJ"
506678;2023-02-22;"quarta-feira";"17:00:00";"PE";101;58;"RECIFE";"Manobra de mudança de faixa";"Tombamento";"Com Vítimas Feridas";"Pleno dia";"Crescente";"Nublado";"Dupla";"Reta";"Sim";2;0;1;0;0;1;1;2;-7,97306898;-34,92168546;"SPRF-PE";"DEL01-PE";"UOP02-DEL01-PE"
506680;2023-02-22;"quarta-feira";"14:30:00";"PB";230;136;"MASSARANDUBA";"Velocidade Incompatível";"Saída de leito carroçável";"Com Vítimas Feridas";"Pleno dia";"Crescente";"Chuva";"Dupla";"Curva";"Não";1;0;1;0;0;0;1;1;-7,277105;-35,772735;"SPRF-PB";"DEL02-PB";"UOP01-DEL02-PB"
506682;2023-01-09;"segunda-feira";"00:30:00";"RJ";101;470;"ANGRA DOS REIS";"Ingestão de álcool pelo condutor";"Colisão transversal";"Com Vítimas Feridas";"Plena Noite";"Decrescente";"Chuva";"Dupla";"Reta";"Sim";2;0;1;0;1;0;1;1;-23,00442922;-44,23009579;"SPRF-RJ";"DEL03-RJ";"UOP03-DEL03-RJ"
506683;2023-02-22;"quarta-feira";"16:30:00";"MG";381;499;"BETIM";"Demais falhas mecânicas ou elétricas";"Tombamento";"Com Vítimas Feridas";"Pleno dia";"Crescente";"Sol";"Múltipla";"Reta";"Sim";2;0;1;0;0;1;1;1;-19,99018735;-44,20621634;"SPRF-MG";"DEL01-MG";"UOP03-DEL01-MG"
506685;2023-02-22;"quarta-feira";"17:20:00";"ES";101;123;"SOORETAMA";"Condutor deixou de manter distância do veículo da frente";"Colisão traseira";"Com Vítimas Feridas";"Pleno dia";"Decrescente";"Céu Claro";"Simples";"Declive";"Não";2;0;1;0;1;0;1;2;-19,16834502;-40,08717096;"SPRF-ES";"DEL04-ES";"UOP01-DEL04-ES"
506686;2023-02-22;"quarta-feira";"17:40:00";"DF";70;13;"BRASILIA";"Condutor deixou de manter distância do veículo da frente";"Colisão traseira";"Com Vítimas Feridas";"Pleno dia";"Decrescente";"Chuva";"Dupla";"Reta";"Sim";3;0;2;0;1;0;2;3;-15,794558;-48,166584;"SPRF-DF";"DEL03-DF";"UOP02-DEL03-DF"
506687;2023-02-22;"quarta-feira";"17:40:00";"ES";101;67;"SAO MATEUS";"Condutor desrespeitou a iluminação vermelha do semáforo";"Colisão transversal";"Com Vítimas Feridas";"Pleno dia";"Crescente";"Céu Claro";"Dupla";"Interseção de Vias";"Sim";3;0;1;0;1;1;1;3;-18,72054021;-39,8658931;"SPRF-ES";"DEL04-ES";"UOP02-DEL04-ES"
506688;2023-02-22;"quarta-feira";"17:40:00";"PB";230;21,4;"JOAO PESSOA";"Reação tardia ou ineficiente do condutor";"Tombamento";"Com Vítimas Feridas";"Anoitecer";"Crescente";"Chuva";"Dupla";"Reta";"Não";1;0;1;0;0;0;1;1;-7,1415;-34,8519;"SPRF-PB";"DEL01-PB";"UOP01-DEL01-PB"
506690;2023-02-22;"quarta-feira";"17:30:00";"RN";110;48,2;"MOSSORO";"Desrespeitar a preferência no cruzamento";"Colisão transversal";"Com Vítimas Feridas";"Anoitecer";"Decrescente";"Chuva";"Dupla";"Interseção de Vias";"Sim";2;0;1;0;1;0;1;2;-5,20881178;-37,33285083;"SPRF-RN";"DEL04-RN";"UOP01-DEL04-RN"
506691;2023-02-22;"quarta-feira";"16:30:00";"MG";262;36,3;"MANHUACU";"Acesso irregular";"Colisão lateral mesmo sentido";"Com Vítimas Feridas";"Pleno dia";"Crescente";"Nublado";"Simples";"Interseção de Vias;Reta";"Sim";2;0;0;1;1;0;1;2;-20,25932046;-42,02298331;"SPRF-MG";"DEL06-MG";"UOP03-DEL06-MG"
506692;2023-02-22;"quarta-feira";"17:30:00";"PE";232;10,8;"JABOATAO DOS GUARARAPES";"Demais falhas na via";"Colisão traseira";"Com Vítimas Feridas";"Anoitecer";"Decrescente";"Chuva";"Dupla";"Em Obras;Declive;Reta";"Sim";2;0;0;1;1;0;1;2;-8,081868;-34,995091;"SPRF-PE";"DEL01-PE";"UOP01-DEL01-PE"
506694;2023-02-22;"quarta-feira";"17:50:00";"GO";60;99;"ANAPOLIS";"Avarias e/ou desgaste excessivo no pneu";"Queda de ocupante de veículo";"Com Vítimas Feridas";"Anoitecer";"Decrescente";"Céu Claro";"Dupla";"Viaduto";"Sim";2;0;1;0;1;0;1;1;-16,3924;-48,9588;"SPRF-GO";"DEL02-GO";"UOP01-DEL02-GO"
506695;2023-02-22;"quarta-feira";"16:57:00";"PE";101;143,4;"RIBEIRAO";"Acumulo de água sobre o pavimento";"Saída de leito carroçável";"Com Vítimas Feridas";"Anoitecer";"Crescente";"Chuva";"Dupla";"Curva";"Não";1;0;1;0;0;0;1;1;-8,44891304;-35,34974899;"SPRF-PE";"DEL01-PE";"UOP03-DEL01-PE"
506697;2023-02-22;"quarta-feira";"17:35:00";"GO";20;113;"FLORES DE GOIAS";"Frear bruscamente";"Saída de leito carroçável";"Com Vítimas Feridas";"Anoitecer";"Crescente";"Céu Claro";"Simples";"Reta";"Não";4;0;4;0;0;0;4;1;-14,893087;-46,888233;"SPRF-DF";"DEL02-DF";"UOP03-DEL02-DF"
506698;2023-02-22;"quarta-feira";"19:30:00";"TO";230;70;"LUZINOPOLIS";"Reação tardia ou ineficiente do condutor";"Colisão traseira";"Com Vítimas Feridas";"Anoitecer";"Crescente";"Céu Claro";"Simples";"Reta";"Sim";1;0;0;1;0;0;1;1;-6,18822857;-47,85995172;"SPRF-TO";"DEL02-TO";"UOP03-DEL02-TO"
506701;2023-02-22;"quarta-feira";"17:00:00";"MG";267;122;"JUIZ DE FORA";"Acessar a via sem observar a presença dos outros veículos";"Colisão transversal";"Sem Vítimas";"Pleno dia";"Crescente";"Nublado";"Simples";"Retorno Regulamentado;Reta";"Sim";2;0;0;0;2;0;0;2;-21,71024166;-43,49328265;"SPRF-MG";"DEL05-MG";"UOP01-DEL05-MG"
506702;2023-02-22;"quarta-feira";"19:02:00";"ES";101;297,6;"VIANA";"Ingestão de álcool pelo condutor";"Colisão traseira";"Com Vítimas Feridas";"Plena Noite";"Decrescente";"Céu Claro";"Dupla";"Reta;Interseção de Vias";"Sim";3;0;2;0;1;0;2;2;-20,34529844;-40,41026774;"SPRF-ES";"DEL01-ES";"UOP01-DEL01-ES"
506703;2023-02-22;"quarta-feira";"18:15:00";"SP";101;40;"UBATUBA";"Pista Escorregadia";"Tombamento";"Com Vítimas Feridas";"Anoitecer";"Decrescente";"Céu Claro";"Simples";"Reta";"Não";2;0;1;0;1;0;1;1;-23,41495528;-45,03516778;"SPRF-SP";"DEL06-SP";"UOP01-DEL06-SP"
506704;2023-02-22;"quarta-feira";"16:30:00";"RN";110;47;"MOSSORO";"Condutor deixou de manter distância do veículo da frente";"Colisão traseira";"Sem Vítimas";"Pleno dia";"Decrescente";"Nublado";"Simples";"Rotatória";"Sim";2;0;0;0;2;0;0;2;-5,20338376;-37,32563418;"SPRF-RN";"DEL04-RN";"UOP01-DEL04-RN"
506706;2023-02-22;"quarta-feira";"12:15:00";"RR";174;151;"RORAINOPOLIS";"Manobra de mudança de faixa";"Colisão lateral mesmo sentido";"Com Vítimas Feridas";"Pleno dia";"Decrescente";"Céu Claro";"Simples";"Reta";"Não";2;0;1;0;1;0;1;2;0,40582;-60,486954;"SPRF-RR";"DEL01-RR";"UOP01-DEL01-RR"
506707;2023-02-22;"quarta-feira";"17:06:00";"MG";381;698,7;"LAVRAS";"Ausência de reação do condutor";"Saída de leito carroçável";"Sem Vítimas";"Pleno dia";"Decrescente";"Chuva";"Dupla";"Curva";"Não";1;0;0;0;1;0;0;1;-21,29905212;-45,15077778;"SPRF-MG";"DEL04-MG";"UOP02-DEL04-MG"
506708;2023-02-22;"quarta-feira";"21:00:00";"SC";101;151;"ITAPEMA";"Ingestão de álcool pelo condutor";"Colisão traseira";"Com Vítimas Feridas";"Plena Noite";"Decrescente";"Céu Claro";"Múltipla";"Reta";"Sim";3;0;1;0;2;0;1;2;-27,126536;-48,609642;"SPRF-SC";"DEL04-SC";"UOP03-DEL04-SC"
506709;2023-02-22;"quarta-feira";"18:20:00";"MT";163;844;"SINOP";"Iluminação deficiente";"Colisão lateral mesmo sentido";"Sem Vítimas";"Plena Noite";"Decrescente";"Céu Claro";"Simples";"Reta";"Não";4;0;0;0;4;0;0;2;-11,90744909;-55,50726663;"SPRF-MT";"DEL06-MT";"UOP02-DEL06-MT"
506711;2023-02-22;"quarta-feira";"19:50:00";"RJ";101;60;"CAMPOS DOS GOYTACAZES";"Acessar a via sem observar a presença dos outros veículos";"Colisão transversal";"Com Vítimas Feridas";"Plena Noite";"Crescente";"Céu Claro";"Simples";"Reta";"Sim";2;0;2;0;0;0;2;2;-21,72048414;-41,31448591;"SPRF-RJ";"DEL08-RJ";"UOP01-DEL08-RJ"
506712;2023-02-22;"quarta-feira";"18:40:00";"PE";101;69,3;"RECIFE";"Acumulo de água sobre o pavimento";"Saída de leito carroçável";"Com Vítimas Feridas";"Plena Noite";"Decrescente";"Chuva";"Múltipla";"Reta";"Sim";1;0;1;0;0;0;1;1;-8,062054;-34,945006;"SPRF-PE";"DEL01-PE";"UOP01-DEL01-PE"
506713;2023-02-22;"quarta-feira";"18:00:00";"ES";101;131,2;"LINHARES";"Acesso irregular";"Colisão transversal";"Com Vítimas Feridas";"Anoitecer";"Crescente";"Céu Claro";"Simples";"Interseção de Vias;Reta";"Não";2;0;1;0;1;0;1;2;-19,238965;-40,09170698;"SPRF-ES";"DEL04-ES";"UOP01-DEL04-ES"
506714;2023-02-22;"quarta-feira";"20:00:00";"SP";116;215;"GUARULHOS";"Acumulo de areia ou detritos sobre o pavimento";"Queda de ocupante de veículo";"Com Vítimas Feridas";"Plena Noite";"Crescente";"Céu Claro";"Simples";"Em Obras";"Sim";1;0;1;0;0;0;1;1;-23,4469569252;-46,4539410308;"SPRF-SP";"DEL01-SP";"UOP01-DEL01-SP"
506716;2023-02-22;"quarta-feira";"18:57:00";"RS";470;222;"GARIBALDI";"Animais na Pista";"Atropelamento de Animal";"Com Vítimas Feridas";"Anoitecer";"Crescente";"Ignorado";"Dupla";"Reta;Retorno Regulamentado";"Sim";1;0;1;0;0;0;1;1;-29,22025439;-51,51648581;"SPRF-RS";"DEL06-RS";"UOP01-DEL06-RS"
506717;2023-02-22;"quarta-feira";"19:30:00";"MT";174;3,5;"PONTES E LACERDA";"Acessar a via sem observar a presença dos outros veículos";"Colisão transversal";"Com Vítimas Feridas";"Plena Noite";"Crescente";"Nublado";"Simples";"Reta";"Sim";2;0;0;1;1;0;1;2;-15,239447;-59,3372116;"SPRF-MT";"DEL04-MT";"UOP01-DEL04-MT"
506718;2023-02-22;"quarta-feira";"20:30:00";"RS";287;391,6;"SANTIAGO";"Animais na Pista";"Atropelamento de Animal";"Sem Vítimas";"Plena Noite";"Crescente";"Nublado";"Simples";"Reta";"Sim";3;0;0;0;3;0;0;1;-29,22926496;-54,83801589;"SPRF-RS";"DEL12-RS";"UOP02-DEL12-RS"
506721;2023-02-22;"quarta-feira";"21:25:00";"ES";101;113;"SOORETAMA";"Reação tardia ou ineficiente do condutor";"Colisão lateral mesmo sentido";"Com Vítimas Feridas";"Plena Noite";"Crescente";"Céu Claro";"Simples";"Reta;Declive";"Não";2;0;0;1;1;0;1;2;-19,08668002;-40,04691895;"SPRF-ES";"DEL04-ES";"UOP01-DEL04-ES"
506723;2023-02-22;"quarta-feira";"21:45:00";"SC";282;3,5;"FLORIANOPOLIS";"Ingestão de álcool pelo condutor";"Tombamento";"Com Vítimas Feridas";"Plena Noite";"Decrescente";"Nublado";"Múltipla";"Reta";"Não";1;0;0;1;0;0;1;1;-27,600384;-48,599705;"SPRF-SC";"DEL01-SC";"UOP01-DEL01-SC"
506725;2023-02-22;"quarta-feira";"18:00:00";"GO";452;2;"RIO VERDE";"Acessar a via sem observar a presença dos outros veículos";"Colisão transversal";"Com Vítimas Feridas";"Anoitecer";"Decrescente";"Nublado";"Dupla";"Reta;Retorno Regulamentado";"Sim";2;0;0;1;1;0;1;2;-17,79595391;-50,88555295;"SPRF-GO";"DEL04-GO";"UOP01-DEL04-GO"
506726;2023-02-22;"quarta-feira";"17:05:00";"MT";364;2;"ALTO ARAGUAIA";"Desrespeitar a preferência no cruzamento";"Colisão transversal";"Com Vítimas Feridas";"Pleno dia";"Crescente";"Céu Claro";"Simples";"Interseção de Vias;Reta";"Sim";2;0;1;0;0;1;1;2;-17,310339;-53,226654;"SPRF-MT";"DEL02-MT";"UOP02-DEL02-MT"
506727;2023-02-22;"quarta-feira";"22:15:00";"MG";381;4,2;"BETIM";"Demais falhas mecânicas ou elétricas";"Tombamento";"Com Vítimas Feridas";"Plena Noite";"Decrescente";"Céu Claro";"Dupla";"Reta";"Sim";1;0;1;0;0;0;1;1;-19,98702144;-44,17692661;"SPRF-MG";"DEL01-MG";"UOP03-DEL01-MG"
506729;2023-02-22;"quarta-feira";"17:40:00";"MT";70;263;"PRIMAVERA DO LESTE";"Pista Escorregadia";"Capotamento";"Com Vítimas Feridas";"Anoitecer";"Crescente";"Ignorado";"Simples";"Reta";"Não";2;0;1;0;1;0;1;1;-15,57954998;-54,19061952;"SPRF-MT";"DEL05-MT";"UOP01-DEL05-MT"
506730;2023-02-22;"quarta-feira";"13:30:00";"RJ";101;309;"SAO GONCALO";"Demais falhas mecânicas ou elétricas";"Incêndio";"Sem Vítimas";"Pleno dia";"Crescente";"Sol";"Dupla";"Reta";"Sim";1;0;0;0;1;0;0;1;-22,79498873;-43,03446105;"SPRF-RJ";"DEL02-RJ";"UOP02-DEL02-RJ"
506732;2023-02-22;"quarta-feira";"19:22:00";"SC";163;72,4;"SAO MIGUEL DO OESTE";"Reação tardia ou ineficiente do condutor";"Colisão com objeto";"Com Vítimas Feridas";"Anoitecer";"Crescente";"Nublado";"Dupla";"Reta";"Sim";1;0;1;0;0;0;1;1;-26,71908804;-53,5157791;"SPRF-SC";"DEL07-SC";"UOP03-DEL07-SC"
506738;2023-02-22;"quarta-feira";"21:30:00";"PI";230;189;"OEIRAS";"Ausência de reação do condutor";"Saída de leito carroçável";"Com Vítimas Fatais";"Plena Noite";"Decrescente";"Nublado";"Simples";"Curva";"Sim";3;1;0;0;0;2;0;2;-6,98161923;-42,06348989;"SPRF-PI";"DEL04-PI";"UOP01-DEL04-PI"
506739;2023-02-22;"quarta-feira";"20:40:00";"PR";373;416,3;"CANDOI";"Ausência de reação do condutor";"Colisão traseira";"Com Vítimas Fatais";"Plena Noite";"Decrescente";"Céu Claro";"Simples";"Reta";"Não";3;1;1;0;0;1;1;2;-25,67554429;-52,12920989;"SPRF-PR";"DEL08-PR";"UOP01-DEL08-PR"
506744;2023-02-23;"quinta-feira";"00:15:00";"MT";163;730,8;"SORRISO";"Pista esburacada";"Tombamento";"Com Vítimas Feridas";"Plena Noite";"Crescente";"Nublado";"Simples";"Reta";"Não";1;0;1;0;0;0;1;1;-12,73110758;-55,83011627;"SPRF-MT";"DEL06-MT";"UOP01-DEL06-MT"
506745;2023-02-23;"quinta-feira";"02:30:00";"PB";361;83,1;"PIANCO";"Animais na Pista";"Atropelamento de Animal";"Com Vítimas Fatais";"Plena Noite";"Crescente";"Céu Claro";"Simples";"Reta;Declive";"Sim";1;1;0;0;0;0;0;1;-7,1891707;-37,92068612;"SPRF-PB";"DEL03-PB";"UOP01-DEL03-PB"
506746;2023-02-23;"quinta-feira";"02:30:00";"MG";381;937,2;"EXTREMA";"Reação tardia ou ineficiente do condutor";"Saída de leito carroçável";"Sem Vítimas";"Plena Noite";"Crescente";"Céu Claro";"Dupla";"Reta;Declive";"Não";1;0;0;0;1;0;0;1;-22,83554657;-46,32086698;"SPRF-MG";"DEL16-MG";"UOP03-DEL16-MG"
506752;2023-02-22;"quarta-feira";"18:15:00";"MG";365;396;"PATOS DE MINAS";"Condutor deixou de manter distância do veículo da frente";"Colisão frontal";"Com Vítimas Feridas";"Anoitecer";"Crescente";"Chuva";"Simples";"Reta;Declive";"Não";5;0;2;0;3;0;2;3;-18,62670509;-46,38178104;"SPRF-MG";"DEL10-MG";"UOP01-DEL10-MG"
506753;2023-02-22;"quarta-feira";"19:40:00";"MG";116;701,9;"MURIAE";"Desrespeitar a preferência no cruzamento";"Colisão transversal";"Com Vítimas Feridas";"Plena Noite";"Decrescente";"Nublado";"Simples";"Retorno Regulamentado";"Sim";2;0;1;0;1;0;1;2;-21,11781146;-42,38010406;"SPRF-MG";"DEL07-MG";"UOP02-DEL07-MG"
506754;2023-02-23;"quinta-feira";"07:00:00";"MG";40;635;"CONSELHEIRO LAFAIETE";"Acessar a via sem observar a presença dos outros veículos";"Colisão transversal";"Com Vítimas Feridas";"Pleno dia";"Crescente";"Céu Claro";"Simples";"Aclive";"Sim";2;0;2;0;0;0;2;2;-20,69796589;-43,79213914;"SPRF-MG";"DEL05-MG";"UOP02-DEL05-MG"
506755;2023-02-23;"quinta-feira";"07:05:00";"PR";376;671;"GUARATUBA";"Velocidade Incompatível";"Colisão com objeto";"Com Vítimas Feridas";"Pleno dia";"Crescente";"Chuva";"Dupla";"Declive;Reta";"Não";2;0;1;0;1;0;1;1;-25,885323;-48,935154;"SPRF-PR";"DEL01-PR";"UOP04-DEL01-PR"
506756;2023-02-23;"quinta-feira";"07:00:00";"RJ";101;307,8;"SAO GONCALO";"Condutor deixou de manter distância do veículo da frente";"Colisão lateral mesmo sentido";"Sem Vítimas";"Pleno dia";"Crescente";"Sol";"Dupla";"Reta";"Sim";2;0;0;0;2;0;0;2;-22,79115777;-43,01514205;"SPRF-RJ";"DEL02-RJ";"UOP02-DEL02-RJ"
506757;2023-02-23;"quinta-feira";"07:00:00";"RS";116;234;"NOVO HAMBURGO";"Ultrapassagem Indevida";"Colisão lateral mesmo sentido";"Com Vítimas Feridas";"Pleno dia";"Decrescente";"Céu Claro";"Simples";"Reta;Aclive;Interseção de Vias";"Sim";2;0;1;0;1;0;1;2;-29,65121313;-51,1444433;"SPRF-RS";"DEL01-RS";"UOP02-DEL01-RS"
506759;2023-02-23;"quinta-feira";"07:20:00";"MG";381;397;"BOM JESUS DO AMPARO";"Demais falhas na via";"Eventos atípicos";"Com Vítimas Feridas";"Pleno dia";"Crescente";"Céu Claro";"Dupla";"Reta";"Não";2;0;1;0;1;0;1;1;-19,744564;-43,496796;"SPRF-MG";"DEL01-MG";"UOP01-DEL01-MG"
506760;2023-02-23;"quinta-feira";"07:45:00";"SC";101;201;"SAO JOSE";"Acessar a via sem observar a presença dos outros veículos";"Colisão lateral mesmo sentido";"Com Vítimas Feridas";"Pleno dia";"Crescente";"Nublado";"Múltipla";"Reta";"Sim";2;0;0;1;1;0;1;2;-27,54836599;-48,61977975;"SPRF-SC";"DEL01-SC";"UOP01-DEL01-SC"
506761;2023-02-23;"quinta-feira";"07:15:00";"ES";101;295;"CARIACICA";"Animais na Pista";"Atropelamento de Animal";"Com Vítimas Feridas";"Pleno dia";"Crescente";"Céu Claro";"Dupla";"Aclive";"Sim";1;0;1;0;0;0;1;1;-20,33223667;-40,40004683;"SPRF-ES";"DEL01-ES";"UOP01-DEL01-ES"
506762;2023-02-23;"quinta-feira";"07:00:00";"SP";116;81;"ROSEIRA";"Avarias e/ou desgaste excessivo no pneu";"Queda de ocupante de veículo";"Com Vítimas Feridas";"Pleno dia";"Decrescente";"Céu Claro";"Dupla";"Reta";"Não";2;0;1;0;1;0;1;1;-22,90482177;-45,31030655;"SPRF-SP";"DEL08-SP";"UOP01-DEL08-SP"
506763;2023-02-23;"quinta-feira";"07:00:00";"SC";470;129;"LONTRAS";"Velocidade Incompatível";"Saída de leito carroçável";"Com Vítimas Feridas";"Pleno dia";"Crescente";"Garoa/Chuvisco";"Simples";"Curva";"Não";1;0;1;0;0;0;1;1;-27,188492;-49,61232;"SPRF-SC";"DEL04-SC";"UOP02-DEL04-SC"
506766;2023-02-23;"quinta-feira";"08:10:00";"SP";116;279;"EMBU DAS ARTES";"Manobra de mudança de faixa";"Colisão traseira";"Com Vítimas Feridas";"Pleno dia";"Decrescente";"Céu Claro";"Dupla";"Reta";"Sim";2;0;1;0;1;0;1;2;-23,66233697;-46,85292907;"SPRF-SP";"DEL04-SP";"UOP01-DEL04-SP"
506767;2023-02-23;"quinta-feira";"08:00:00";"SC";101;210,9;"SAO JOSE";"Reação tardia ou ineficiente do condutor";"Engavetamento";"Com Vítimas Feridas";"Pleno dia";"Decrescente";"Nublado";"Múltipla";"Reta;Ponte";"Sim";3;0;1;0;2;0;1;3;-27,6167305;-48,6457265;"SPRF-SC";"DEL01-SC";"UOP01-DEL01-SC"
506768;2023-02-23;"quinta-feira";"08:00:00";"PR";277;123;"BALSA NOVA";"Ausência de reação do condutor";"Saída de leito carroçável";"Com Vítimas Feridas";"Pleno dia";"Crescente";"Garoa/Chuvisco";"Simples";"Curva";"Não";1;0;1;0;0;0;1;1;-25,44771962;-49,57641385;"SPRF-PR";"DEL03-PR";"UOP03-DEL03-PR"
506769;2023-02-23;"quinta-feira";"07:30:00";"RJ";116;175;"SAO JOAO DE MERITI";"Reação tardia ou ineficiente do condutor";"Engavetamento";"Com Vítimas Feridas";"Pleno dia";"Decrescente";"Céu Claro";"Dupla";"Reta";"Sim";6;0;1;0;5;0;1;3;-22,78923555;-43,37275272;"SPRF-RJ";"DEL01-RJ";"UOP02-DEL01-RJ"
506770;2023-02-23;"quinta-feira";"07:40:00";"SP";381;57;"MAIRIPORA";"Ultrapassagem Indevida";"Colisão lateral mesmo sentido";"Com Vítimas Feridas";"Pleno dia";"Decrescente";"Sol";"Dupla";"Reta";"Não";2;0;1;0;1;0;1;2;-23,2658219;-46,5839857;"SPRF-SP";"DEL03-SP";"UOP01-DEL03-SP"