"id";"data_inversa";"dia_semana";"horario";"uf";"br";"km";"municipio";"causa_acidente";"tipo_acidente";"classificacao_acidente";"fase_dia";"sentido_via";"condicao_metereologica";"tipo_pista";"tracado_via";"uso_solo";"pessoas";"mortos";"feridos_leves";"feridos_graves";"ilesos";"ignorados";"feridos";"veiculos";"latitude";"longitude";"regional";"delegacia";"uop"
507014;2023-02-24;"sexta-feira";"18:05:00";"AL";316;253;"PILAR";"Conversão proibida";"Colisão transversal";"Com Vítimas Feridas";"Plena Noite";"Crescente";"Céu Claro";"Simples";"Reta";"Sim";2;0;0;1;0;1;1;2;-9,57899213;-35,96164121;"SPRF-AL";"DEL02-AL";"UOP01-DEL02-AL"
507015;2023-02-24;"sexta-feira";"18:30:00";"RS";158;327,7;"SANTA MARIA";"Trafegar com motocicleta (ou similar) entre as faixas";"Colisão traseira";"Sem Vítimas";"Pleno dia";"Crescente";"Céu Claro";"Dupla";"Reta";"Não";2;0;0;0;2;0;0;2;-29,714945;-53,81083;"SPRF-RS";"DEL09-RS";"UOP01-DEL09-RS"
507016;2023-02-24;"sexta-feira";"18:13:00";"DF";60;15,3;"BRASILIA";"Reação tardia ou ineficiente do condutor";"Saída de leito carroçável";"Com Vítimas Feridas";"Anoitecer";"Crescente";"Nublado";"Dupla";"Reta";"Não";2;0;2;0;0;0;2;1;-15,943619;-48,172115;"SPRF-DF";"DEL03-DF";"UOP01-DEL03-DF"
507017;2023-02-24;"sexta-feira";"18:30:00";"SC";101;144;"ITAPEMA";"Avarias e/ou desgaste excessivo no pneu";"Tombamento";"Com Vítimas Feridas";"Anoitecer";"Decrescente";"Céu Claro";"Dupla";"Reta";"Sim";2;0;2;0;0;0;2;1;-27,0732659;-48,59672716;"SPRF-SC";"DEL04-SC";"UOP03-DEL04-SC"
507018;2023-02-16;"quinta-feira";"19:40:00";"SC";101;102,6;"BALNEARIO PICARRAS";"Pedestre cruzava a pista fora da faixa";"Atropelamento de Pedestre";"Com Vítimas Fatais";"Plena Noite";"Decrescente";"Nublado";"Múltipla";"Reta;Declive";"Não";2;1;0;0;1;0;0;2;-26,7800295;-48,6843793;"SPRF-SC";"DEL03-SC";"UOP02-DEL03-SC"
507019;2023-02-24;"sexta-feira";"18:00:00";"MG";40;666,8;"CARANDAI";"Desrespeitar a preferência no cruzamento";"Colisão transversal";"Com Vítimas Feridas";"Pleno dia";"Crescente";"Céu Claro";"Dupla";"Rotatória;Reta;Retorno Regulamentado";"Sim";2;0;2;0;0;0;2;2;-20,94471215;-43,8086221;"SPRF-MG";"DEL05-MG";"UOP02-DEL05-MG"
507020;2023-02-24;"sexta-feira";"15:30:00";"RS";0;0;"CAXIAS DO SUL";"Acessar a via sem observar a presença dos outros veículos";"Colisão frontal";"Sem Vítimas";"Pleno dia";"Não Informado";"Céu Claro";"Simples";"Reta;Interseção de Vias";"Sim";2;0;0;0;2;0;0;2;-29,13757571;-51,13216465;"SPRF-RS";"DEL05-RS";"UOP01-DEL05-RS"
507024;2023-02-24;"sexta-feira";"18:20:00";"PE";423;94,9;"GARANHUNS";"Pedestre cruzava a pista fora da faixa";"Atropelamento de Pedestre";"Com Vítimas Feridas";"Plena Noite";"Crescente";"Céu Claro";"Simples";"Reta";"Sim";2;0;1;0;1;0;1;2;-8,878533;-36,477163;"SPRF-PE";"DEL03-PE";"UOP01-DEL03-PE"
507025;2023-02-24;"sexta-feira";"19:00:00";"PR";277;421,9;"CANTAGALO";"Desrespeitar a preferência no cruzamento";"Colisão transversal";"Com Vítimas Feridas";"Plena Noite";"Decrescente";"Nublado";"Simples";"Curva;Interseção de Vias";"Sim";2;0;1;0;1;0;1;2;-25,40516876;-52,09591501;"SPRF-PR";"DEL04-PR";"UOP02-DEL04-PR"
507027;2023-02-24;"sexta-feira";"18:00:00";"RS";290;74,6;"GRAVATAI";"Acumulo de óleo sobre o pavimento";"Tombamento";"Com Vítimas Feridas";"Anoitecer";"Crescente";"Céu Claro";"Dupla";"Curva";"Não";1;0;1;0;0;0;1;1;-29,9536932;-51,0029831;"SPRF-RS";"DEL03-RS";"UOP01-DEL03-RS"
507028;2023-02-24;"sexta-feira";"19:10:00";"RS";392;351;"SANTA MARIA";"Acessar a via sem observar a presença dos outros veículos";"Colisão transversal";"Com Vítimas Feridas";"Anoitecer";"Decrescente";"Céu Claro";"Dupla";"Reta";"Sim";2;0;1;0;1;0;1;2;-29,7284269;-53,80323691;"SPRF-RS";"DEL09-RS";"UOP01-DEL09-RS"
507032;2023-02-24;"sexta-feira";"17:20:00";"SC";163;108,2;"SAO JOSE DO CEDRO";"Conversão proibida";"Colisão traseira";"Com Vítimas Feridas";"Pleno dia";"Decrescente";"Céu Claro";"Simples";"Curva;Aclive";"Não";3;0;1;0;2;0;1;2;-26,42169886;-53,52568081;"SPRF-SC";"DEL07-SC";"UOP03-DEL07-SC"
507033;2023-02-24;"sexta-feira";"20:00:00";"RS";293;15;"CAPAO DO LEAO";"Desrespeitar a preferência no cruzamento";"Colisão transversal";"Com Vítimas Feridas";"Plena Noite";"Crescente";"Céu Claro";"Simples";"Interseção de Vias;Reta";"Sim";2;0;2;0;0;0;2;2;-31,75031415;-52,47109583;"SPRF-RS";"DEL07-RS";"UOP01-DEL07-RS"
507034;2023-02-24;"sexta-feira";"19:15:00";"PR";277;75;"CURITIBA";"Iluminação deficiente";"Colisão transversal";"Com Vítimas Feridas";"Plena Noite";"Crescente";"Nublado";"Dupla";"Reta";"Sim";2;0;1;0;1;0;1;2;-25,49310947;-49,16964948;"SPRF-PR";"DEL01-PR";"UOP01-DEL01-PR"
507035;2023-02-24;"sexta-feira";"19:15:00";"GO";60;116,3;"TEREZOPOLIS DE GOIAS";"Frear bruscamente";"Colisão traseira";"Com Vítimas Feridas";"Plena Noite";"Crescente";"Céu Claro";"Dupla";"Reta;Declive";"Não";3;0;1;1;1;0;2;3;-16,4732;-49,0789;"SPRF-GO";"DEL01-GO";"UOP01-DEL01-GO"
507037;2023-02-24;"sexta-feira";"19:55:00";"RS";290;144;"ELDORADO DO SUL";"Acessar a via sem observar a presença dos outros veículos";"Colisão lateral mesmo sentido";"Com Vítimas Feridas";"Plena Noite";"Decrescente";"Céu Claro";"Simples";"Reta";"Não";4;0;0;1;3;0;1;2;-30,096939;-51,647282;"SPRF-RS";"DEL02-RS";"UOP01-DEL02-RS"
507038;2023-02-24;"sexta-feira";"18:50:00";"SC";470;1,3;"GASPAR";"Ausência de reação do condutor";"Colisão transversal";"Com Vítimas Feridas";"Plena Noite";"Crescente";"Chuva";"Simples";"Reta";"Não";3;0;0;2;1;0;2;2;-26,92556537;-48,95884395;"SPRF-SC";"DEL04-SC";"UOP01-DEL04-SC"
507039;2023-02-24;"sexta-feira";"20:40:00";"PR";376;547;"PALMEIRA";"Reação tardia ou ineficiente do condutor";"Saída de leito carroçável";"Com Vítimas Feridas";"Plena Noite";"Decrescente";"Céu Claro";"Dupla";"Reta";"Não";4;0;4;0;0;0;4;1;-25,405365;-49,783636;"SPRF-PR";"DEL03-PR";"UOP03-DEL03-PR"
507041;2023-02-24;"sexta-feira";"20:40:00";"RJ";101;417;"MANGARATIBA";"Transitar na contramão";"Colisão frontal";"Com Vítimas Fatais";"Plena Noite";"Crescente";"Chuva";"Simples";"Curva";"Não";4;1;3;0;0;0;3;2;-22,91293797;-43,89732384;"SPRF-RJ";"DEL03-RJ";"UOP02-DEL03-RJ"
507042;2023-02-24;"sexta-feira";"20:00:00";"GO";40;111,8;"CRISTALINA";"Objeto estático sobre o leito carroçável";"Colisão com objeto";"Com Vítimas Feridas";"Plena Noite";"Decrescente";"Nublado";"Dupla";"Reta";"Não";1;0;1;0;0;0;1;1;-16,849612;-47,495168;"SPRF-DF";"DEL01-DF";"UOP02-DEL01-DF"
507043;2023-02-24;"sexta-feira";"19:30:00";"PR";376;141;"NOVA ESPERANCA";"Pista esburacada";"Tombamento";"Com Vítimas Feridas";"Plena Noite";"Decrescente";"Céu Claro";"Dupla";"Reta";"Sim";2;0;2;0;0;0;2;1;-23,24847;-52,168648;"SPRF-PR";"DEL09-PR";"UOP02-DEL09-PR"
507044;2023-02-24;"sexta-feira";"16:15:00";"MG";381;188,6;"PERIQUITO";"Velocidade Incompatível";"Saída de leito carroçável";"Com Vítimas Feridas";"Pleno dia";"Decrescente";"Céu Claro";"Simples";"Declive;Curva";"Não";2;0;0;2;0;0;2;1;-19,09255133;-42,19074995;"SPRF-MG";"DEL06-MG";"UOP01-DEL06-MG"
507047;2023-02-24;"sexta-feira";"20:28:00";"MG";116;564;"MANHUACU";"Acessar a via sem observar a presença dos outros veículos";"Colisão transversal";"Com Vítimas Feridas";"Plena Noite";"Decrescente";"Céu Claro";"Múltipla";"Reta;Aclive";"Não";2;0;1;0;1;0;1;2;-20,06216515;-42,17191471;"SPRF-MG";"DEL06-MG";"UOP03-DEL06-MG"
507048;2023-02-24;"sexta-feira";"21:20:00";"PI";343;44,3;"LAGOA DO PIAUI";"Animais na Pista";"Atropelamento de Animal";"Sem Vítimas";"Plena Noite";"Decrescente";"Céu Claro";"Simples";"Reta;Aclive";"Não";1;0;0;0;1;0;0;1;-5,451742;-42,634267;"SPRF-PI";"DEL05-PI";"UOP01-DEL05-PI"
507050;2023-02-24;"sexta-feira";"22:07:00";"GO";40;96;"CRISTALINA";"Acessar a via sem observar a presença dos outros veículos";"Colisão transversal";"Com Vítimas Feridas";"Plena Noite";"Crescente";"Céu Claro";"Simples";"Reta;Rotatória";"Sim";2;0;1;0;1;0;1;2;-16,75768;-47,601613;"SPRF-DF";"DEL01-DF";"UOP02-DEL01-DF"
507053;2023-02-24;"sexta-feira";"21:30:00";"RS";471;166,6;"RIO PARDO";"Manobra de mudança de faixa";"Colisão frontal";"Com Vítimas Fatais";"Plena Noite";"Decrescente";"Nublado";"Simples";"Reta";"Sim";3;1;1;0;1;0;1;2;-29,920001;-52,392586;"SPRF-RS";"DEL02-RS";"UOP03-DEL02-RS"
507054;2023-02-24;"sexta-feira";"21:30:00";"RS";470;161;"NOVA PRATA";"Ausência de reação do condutor";"Saída de leito carroçável";"Sem Vítimas";"Plena Noite";"Crescente";"Céu Claro";"Simples";"Reta;Ponte";"Sim";1;0;0;0;1;0;0;1;-28,82301785;-51,58666589;"SPRF-RS";"DEL06-RS";"UOP02-DEL06-RS"
507055;2023-02-24;"sexta-feira";"22:03:00";"GO";70;10,5;"AGUAS LINDAS DE GOIAS";"Objeto estático sobre o leito carroçável";"Colisão traseira";"Com Vítimas Feridas";"Plena Noite";"Crescente";"Nublado";"Dupla";"Reta";"Sim";2;0;1;0;1;0;1;2;-15,73738129;-48,29228118;"SPRF-DF";"DEL03-DF";"UOP02-DEL03-DF"
507056;2023-02-24;"sexta-feira";"22:30:00";"PR";116;30;"CAMPINA GRANDE DO SUL";"Demais falhas mecânicas ou elétricas";"Incêndio";"Sem Vítimas";"Plena Noite";"Crescente";"Nublado";"Dupla";"Reta";"Não";1;0;0;0;1;0;0;1;-25,10003092;-48,82089801;"SPRF-PR";"DEL01-PR";"UOP02-DEL01-PR"
507057;2023-02-24;"sexta-feira";"22:40:00";"RS";386;220,9;"TIO HUGO";"Ausência de reação do condutor";"Colisão traseira";"Sem Vítimas";"Plena Noite";"Decrescente";"Nublado";"Simples";"Curva;Aclive";"Não";2;0;0;0;2;0;0;2;-28,62834627;-52,61330545;"SPRF-RS";"DEL04-RS";"UOP03-DEL04-RS"
507060;2023-02-24;"sexta-feira";"23:00:00";"SC";101;214;"PALHOCA";"Acessar a via sem observar a presença dos outros veículos";"Colisão transversal";"Com Vítimas Feridas";"Plena Noite";"Decrescente";"Céu Claro";"Simples";"Interseção de Vias";"Sim";2;0;1;0;1;0;1;2;-27,64443;-48,67057;"SPRF-SC";"DEL01-SC";"UOP02-DEL01-SC"
507061;2023-02-24;"sexta-feira";"23:15:00";"PE";101;46,9;"ABREU E LIMA";"Condutor Dormindo";"Colisão com objeto";"Com Vítimas Feridas";"Plena Noite";"Decrescente";"Chuva";"Múltipla";"Reta";"Sim";1;0;1;0;0;0;1;1;-7,87406004;-34,90588126;"SPRF-PE";"DEL01-PE";"UOP02-DEL01-PE"
507062;2023-02-24;"sexta-feira";"23:00:00";"SP";116;215;"GUARULHOS";"Ausência de sinalização";"Colisão com objeto";"Com Vítimas Feridas";"Plena Noite";"Crescente";"Céu Claro";"Simples";"Em Obras;Desvio Temporário;Curva";"Sim";1;0;0;1;0;0;1;1;-23,44695693;-46,45394103;"SPRF-SP";"DEL01-SP";"UOP01-DEL01-SP"
507063;2023-02-24;"sexta-feira";"23:20:00";"PR";116;97;"SAO JOSE DOS PINHAIS";"Obstrução na via";"Colisão com objeto";"Com Vítimas Feridas";"Plena Noite";"Crescente";"Nublado";"Dupla";"Reta";"Não";3;0;3;0;0;0;3;1;-25,51232495;-49,12871007;"SPRF-PR";"DEL01-PR";"UOP07-DEL01-PR"
507065;2023-02-24;"sexta-feira";"22:53:00";"SP";116;225;"SAO PAULO";"Ausência de reação do condutor";"Colisão com objeto";"Sem Vítimas";"Plena Noite";"Decrescente";"Céu Claro";"Múltipla";"Reta";"Sim";1;0;0;0;0;1;0;1;-23,48586772;-46,54075317;"SPRF-SP";"DEL01-SP";"UOP01-DEL01-SP"
507068;2023-02-25;"sábado";"00:40:00";"RS";392;137,5;"CANGUCU";"Ausência de reação do condutor";"Tombamento";"Com Vítimas Feridas";"Pleno dia";"Decrescente";"Chuva";"Simples";"Reta";"Não";1;0;1;0;0;0;1;1;-31,27459794;-52,79233068;"SPRF-RS";"DEL07-RS";"UOP01-DEL07-RS"
507070;2023-02-25;"sábado";"01:35:00";"SC";101;198,6;"BIGUACU";"Ingestão de álcool pelo condutor";"Colisão com objeto";"Sem Vítimas";"Plena Noite";"Crescente";"Nublado";"Múltipla";"Interseção de Vias";"Sim";2;0;0;0;2;0;0;1;-27,52658712;-48,63506019;"SPRF-SC";"DEL01-SC";"UOP01-DEL01-SC"
507071;2023-02-24;"sexta-feira";"22:00:00";"PI";343;592;"FLORIANO";"Ausência de reação do condutor";"Colisão frontal";"Com Vítimas Feridas";"Plena Noite";"Crescente";"Nublado";"Simples";"Reta;Interseção de Vias";"Sim";2;0;1;0;1;0;1;2;-6,7788321;-43,03477052;"SPRF-PI";"DEL03-PI";"UOP01-DEL03-PI"
507073;2023-02-25;"sábado";"01:37:00";"PR";163;279;"QUATRO PONTES";"Ausência de reação do condutor";"Queda de ocupante de veículo";"Com Vítimas Feridas";"Plena Noite";"Decrescente";"Céu Claro";"Dupla";"Declive;Reta";"Não";1;0;1;0;0;0;1;1;-24,58328949;-53,98592234;"SPRF-PR";"DEL06-PR";"UOP02-DEL06-PR"
507074;2023-02-25;"sábado";"02:23:00";"SP";116;209;"GUARULHOS";"Ausência de reação do condutor";"Colisão com objeto";"Com Vítimas Feridas";"Plena Noite";"Crescente";"Ignorado";"Dupla";"Reta";"Não";1;0;0;1;0;0;1;1;-23,42511799;-46,40221101;"SPRF-SP";"DEL01-SP";"UOP01-DEL01-SP"
507078;2023-02-25;"sábado";"02:20:00";"SC";280;48,5;"GUARAMIRIM";"Ausência de reação do condutor";"Colisão transversal";"Com Vítimas Feridas";"Plena Noite";"Decrescente";"Nublado";"Dupla";"Reta;Declive";"Não";2;0;1;0;1;0;1;2;-26,45506795;-48,92766502;"SPRF-SC";"DEL03-SC";"UOP03-DEL03-SC"
507081;2023-02-25;"sábado";"03:30:00";"SC";101;430;"ARARANGUA";"Condutor Dormindo";"Saída de leito carroçável";"Com Vítimas Feridas";"Plena Noite";"Decrescente";"Céu Claro";"Dupla";"Reta";"Não";1;0;1;0;0;0;1;1;-29,05578387;-49,62209542;"SPRF-SC";"DEL02-SC";"UOP02-DEL02-SC"
507084;2023-02-25;"sábado";"05:20:00";"GO";60;96;"ANAPOLIS";"Reação tardia ou ineficiente do condutor";"Colisão lateral sentido oposto";"Com Vítimas Feridas";"Amanhecer";"Crescente";"Céu Claro";"Dupla";"Interseção de Vias";"Sim";2;0;0;1;1;0;1;2;-16,371;-48,9422;"SPRF-GO";"DEL02-GO";"UOP01-DEL02-GO"
507085;2023-02-25;"sábado";"04:40:00";"RS";116;652;"JAGUARAO";"Animais na Pista";"Saída de leito carroçável";"Sem Vítimas";"Plena Noite";"Crescente";"Nublado";"Simples";"Reta";"Não";1;0;0;0;1;0;0;1;-32,53550668;-53,35921728;"SPRF-RS";"DEL07-RS";"UOP03-DEL07-RS"
507088;2023-02-25;"sábado";"05:30:00";"CE";116;495,5;"BREJO SANTO";"Pista esburacada";"Tombamento";"Com Vítimas Feridas";"Amanhecer";"Decrescente";"Nublado";"Simples";"Reta";"Não";1;0;0;1;0;0;1;1;-7,40167384;-38,96238817;"SPRF-CE";"DEL05-CE";"UOP03-DEL05-CE"
507091;2023-02-25;"sábado";"06:00:00";"RS";386;334,5;"MARQUES DE SOUZA";"Ausência de reação do condutor";"Saída de leito carroçável";"Sem Vítimas";"Amanhecer";"Crescente";"Céu Claro";"Simples";"Curva";"Não";3;0;0;0;3;0;0;1;-29,378033;-52,05743;"SPRF-RS";"DEL04-RS";"UOP01-DEL04-RS"
507092;2023-02-25;"sábado";"06:40:00";"SE";101;61;"ROSARIO DO CATETE";"Condutor Dormindo";"Saída de leito carroçável";"Com Vítimas Feridas";"Pleno dia";"Decrescente";"Céu Claro";"Simples";"Reta;Declive";"Não";2;0;1;0;0;1;1;2;-10,6767911;-37,03102283;"SPRF-SE";"DEL02-SE";"UOP02-DEL02-SE"
507096;2023-02-25;"sábado";"02:45:00";"PR";277;684;"SAO MIGUEL DO IGUACU";"Reação tardia ou ineficiente do condutor";"Colisão com objeto";"Com Vítimas Feridas";"Plena Noite";"Crescente";"Nublado";"Dupla";"Curva";"Não";4;0;1;0;3;0;1;1;-25,339105;-54,200379;"SPRF-PR";"DEL05-PR";"UOP01-DEL05-PR"
507098;2023-02-25;"sábado";"04:30:00";"RS";158;79,5;"BOA VISTA DAS MISSOES";"Transitar na contramão";"Colisão lateral sentido oposto";"Sem Vítimas";"Plena Noite";"Decrescente";"Nublado";"Simples";"Aclive;Reta";"Não";2;0;0;0;1;1;0;2;-27,74064305;-53,3206475;"SPRF-RS";"DEL08-RS";"UOP02-DEL08-RS"
507100;2023-02-25;"sábado";"04:00:00";"MG";365;454,5;"PATROCINIO";"Animais na Pista";"Atropelamento de Animal";"Sem Vítimas";"Plena Noite";"Decrescente";"Ignorado";"Simples";"Reta";"Não";1;0;0;0;1;0;0;1;-18,84425723;-46,8637369;"SPRF-MG";"DEL10-MG";"UOP01-DEL10-MG"
507101;2023-02-25;"sábado";"06:00:00";"PB";230;256,6;"TENORIO";"Ingestão de álcool pelo condutor";"Colisão lateral mesmo sentido";"Sem Vítimas";"Pleno dia";"Decrescente";"Nublado";"Simples";"Reta";"Não";3;0;0;0;2;1;0;2;-7,015135;-36,676213;"SPRF-PB";"DEL03-PB";"UOP01-DEL03-PB"
507102;2023-02-25;"sábado";"06:00:00";"GO";70;338;"JUSSARA";"Ausência de reação do condutor";"Tombamento";"Sem Vítimas";"Amanhecer";"Crescente";"Garoa/Chuvisco";"Dupla";"Reta";"Não";1;0;0;0;0;1;0;1;-15,88467144;-51,06352156;"SPRF-GO";"DEL04-GO";"UOP02-DEL04-GO"
507103;2023-02-25;"sábado";"07:00:00";"PR";277;27,6;"PARANAGUA";"Ausência de reação do condutor";"Saída de leito carroçável";"Sem Vítimas";"Pleno dia";"Crescente";"Céu Claro";"Dupla";"Curva";"Não";1;0;0;0;0;1;0;1;-25,52935033;-48,72534598;"SPRF-PR";"DEL01-PR";"UOP05-DEL01-PR"
507104;2023-02-24;"sexta-feira";"21:00:00";"SP";116;367;"MIRACATU";"Velocidade Incompatível";"Tombamento";"Com Vítimas Feridas";"Plena Noite";"Crescente";"Chuva";"Dupla";"Curva";"Sim";1;0;1;0;0;0;1;1;-24,14628882;-47,29333804;"SPRF-SP";"DEL04-SP";"UOP02-DEL04-SP"
507105;2023-02-25;"sábado";"06:30:00";"SC";282;3;"SAO JOSE";"Condutor deixou de manter distância do veículo da frente";"Colisão traseira";"Sem Vítimas";"Pleno dia";"Crescente";"Céu Claro";"Múltipla";"Interseção de Vias";"Sim";2;0;0;0;2;0;0;2;-27,600384;-48,599705;"SPRF-SC";"DEL01-SC";"UOP01-DEL01-SC"
507106;2023-02-25;"sábado";"08:54:00";"TO";153;779,9;"TALISMA";"Reação tardia ou ineficiente do condutor";"Saída de leito carroçável";"Com Vítimas Feridas";"Pleno dia";"Decrescente";"Chuva";"Simples";"Curva";"Não";1;0;0;1;0;0;1;1;-12,63114502;-49,07004223;"SPRF-TO";"DEL01-TO";"UOP02-DEL01-TO"
507107;2023-02-25;"sábado";"07:35:00";"MS";158;91;"PARANAIBA";"Demais falhas mecânicas ou elétricas";"Tombamento";"Com Vítimas Feridas";"Plena Noite";"Decrescente";"Céu Claro";"Dupla";"Reta";"Não";2;0;1;1;0;0;2;1;-19,664012;-51,204142;"SPRF-MS";"DEL08-MS";"UOP01-DEL08-MS"
507110;2023-02-25;"sábado";"09:45:00";"SC";470;49;"BLUMENAU";"Manobra de mudança de faixa";"Tombamento";"Com Vítimas Feridas";"Pleno dia";"Decrescente";"Céu Claro";"Simples";"Curva";"Sim";3;0;2;0;0;1;2;2;-26,86026456;-49,07258851;"SPRF-SC";"DEL04-SC";"UOP01-DEL04-SC"
507111;2023-02-25;"sábado";"10:00:00";"SC";101;216,2;"PALHOCA";"Manobra de mudança de faixa";"Colisão lateral mesmo sentido";"Com Vítimas Feridas";"Pleno dia";"Decrescente";"Céu Claro";"Dupla";"Reta";"Sim";2;0;1;0;1;0;1;2;-27,65981409;-48,67747798;"SPRF-SC";"DEL01-SC";"UOP02-DEL01-SC"
507112;2023-02-25;"sábado";"08:30:00";"SC";280;238;"CANOINHAS";"Acessar a via sem observar a presença dos outros veículos";"Colisão transversal";"Sem Vítimas";"Pleno dia";"Crescente";"Céu Claro";"Simples";"Reta";"Não";6;0;0;0;6;0;0;2;-26,20536399;-50,438846;"SPRF-SC";"DEL06-SC";"UOP04-DEL06-SC"
507113;2023-02-25;"sábado";"10:20:00";"PR";376;290;"MAUA DA SERRA";"Demais falhas na via";"Colisão com objeto";"Com Vítimas Feridas";"Pleno dia";"Decrescente";"Nublado";"Dupla";"Reta;Ponte";"Sim";4;0;2;0;2;0;2;1;-23,9054437;-51,20205298;"SPRF-PR";"DEL07-PR";"UOP02-DEL07-PR"
507114;2023-02-25;"sábado";"11:07:00";"GO";40;4,6;"VALPARAISO DE GOIAS";"Manobra de mudança de faixa";"Colisão lateral mesmo sentido";"Com Vítimas Feridas";"Pleno dia";"Crescente";"Céu Claro";"Dupla";"Reta";"Sim";2;0;1;0;1;0;1;2;-16,085241;-47,986752;"SPRF-DF";"DEL01-DF";"UOP01-DEL01-DF"
507116;2023-02-25;"sábado";"09:15:00";"SP";381;46;"ATIBAIA";"Carga excessiva e/ou mal acondicionada";"Colisão com objeto";"Com Vítimas Feridas";"Pleno dia";"Decrescente";"Sol";"Dupla";"Reta";"Sim";4;0;1;0;3;0;1;2;-23,180897;-46,580777;"SPRF-SP";"DEL03-SP";"UOP01-DEL03-SP"
507119;2023-02-25;"sábado";"12:15:00";"PR";376;624;"SAO JOSE DOS PINHAIS";"Ausência de reação do condutor";"Colisão com objeto";"Com Vítimas Feridas";"Pleno dia";"Decrescente";"Sol";"Dupla";"Reta";"Não";1;0;1;0;0;0;1;1;-25,64336599;-49,15942795;"SPRF-PR";"DEL01-PR";"UOP04-DEL01-PR"
507120;2023-02-25;"sábado";"12:20:00";"SC";101;206;"SAO JOSE";"Condutor deixou de manter distância do veículo da frente";"Colisão traseira";"Com Vítimas Feridas";"Pleno dia";"Crescente";"Céu Claro";"Múltipla";"Reta";"Sim";5;0;3;0;2;0;3;3;-27,59193546;-48,61824557;"SPRF-SC";"DEL01-SC";"UOP01-DEL01-SC"
507122;2023-02-25;"sábado";"08:30:00";"PR";373;461,8;"CORONEL VIVIDA";"Reação tardia ou ineficiente do condutor";"Colisão traseira";"Com Vítimas Feridas";"Pleno dia";"Decrescente";"Céu Claro";"Simples";"Curva";"Não";2;0;2;0;0;0;2;2;-25,95835336;-52,41130829;"SPRF-PR";"DEL02-PR";"UOP01-DEL02-PR"
507123;2023-02-25;"sábado";"13:00:00";"SC";101;213,7;"PALHOCA";"Ausência de reação do condutor";"Colisão lateral mesmo sentido";"Com Vítimas Feridas";"Pleno dia";"Crescente";"Céu Claro";"Múltipla";"Reta";"Não";2;0;1;0;1;0;1;2;-27,63697369;-48,66514142;"SPRF-SC";"DEL01-SC";"UOP02-DEL01-SC"
507124;2023-02-22;"quarta-feira";"16:30:00";"GO";153;201;"URUACU";"Acessar a via sem observar a presença dos outros veículos";"Colisão transversal";"Sem Vítimas";"Pleno dia";"Decrescente";"Céu Claro";"Simples";"Aclive";"Sim";5;0;0;0;5;0;0;2;-14,537633;-49,161839;"SPRF-GO";"DEL07-GO";"UOP02-DEL07-GO"
507125;2023-02-25;"sábado";"11:00:00";"SC";101;413;"ARARANGUA";"Condutor deixou de manter distância do veículo da frente";"Colisão traseira";"Com Vítimas Feridas";"Pleno dia";"Crescente";"Céu Claro";"Simples";"Reta";"Sim";3;0;1;0;2;0;1;2;-28,94605997;-49,50428402;"SPRF-SC";"DEL02-SC";"UOP02-DEL02-SC"
507126;2023-02-25;"sábado";"13:40:00";"ES";262;19,5;"VIANA";"Condutor deixou de manter distância do veículo da frente";"Colisão traseira";"Com Vítimas Feridas";"Pleno dia";"Crescente";"Céu Claro";"Simples";"Reta";"Sim";3;0;1;0;2;0;1;3;-20,3919143;-40,49002338;"SPRF-ES";"DEL01-ES";"UOP01-DEL01-ES"
507127;2023-02-25;"sábado";"09:30:00";"RO";364;372;"OURO PRETO DO OESTE";"Acessar a via sem observar a presença dos outros veículos";"Colisão transversal";"Com Vítimas Feridas";"Pleno dia";"Decrescente";"Sol";"Simples";"Reta;Aclive";"Não";2;0;1;1;0;0;2;2;-10,75388889;-62,16275296;"SPRF-RO";"DEL02-RO";"UOP01-DEL02-RO"
507128;2023-02-25;"sábado";"11:00:00";"MG";381;290;"JAGUARACU";"Condutor deixou de manter distância do veículo da frente";"Colisão traseira";"Com Vítimas Feridas";"Pleno dia";"Decrescente";"Céu Claro";"Dupla";"Reta;Em Obras;Declive;Túnel";"Não";2;0;1;0;1;0;1;2;-19,61881999;-42,79432297;"SPRF-MG";"DEL03-MG";"UOP02-DEL03-MG"
507130;2023-02-25;"sábado";"06:00:00";"MS";267;367,6;"MARACAJU";"Reação tardia ou ineficiente do condutor";"Saída de leito carroçável";"Sem Vítimas";"Pleno dia";"Decrescente";"Céu Claro";"Dupla";"Curva";"Não";1;0;0;0;0;1;0;1;-21,63617564;-55,16000985;"SPRF-MS";"DEL05-MS";"UOP01-DEL05-MS"
507133;2023-02-25;"sábado";"14:20:00";"SE";101;114,8;"ITAPORANGA DAJUDA";"Ingestão de álcool pelo condutor";"Colisão transversal";"Com Vítimas Feridas";"Pleno dia";"Decrescente";"Chuva";"Dupla";"Retorno Regulamentado";"Sim";2;0;1;0;1;0;1;2;-11,00347595;-37,30760694;"SPRF-SE";"DEL02-SE";"UOP01-DEL02-SE"
507134;2023-02-25;"sábado";"14:30:00";"GO";50;229;"CAMPO ALEGRE DE GOIAS";"Reação tardia ou ineficiente do condutor";"Saída de leito carroçável";"Com Vítimas Feridas";"Pleno dia";"Decrescente";"Céu Claro";"Dupla";"Reta";"Não";1;0;1;0;0;0;1;1;-17,7933;-47,7657;"SPRF-GO";"DEL06-GO";"UOP01-DEL06-GO"
507136;2023-02-25;"sábado";"14:20:00";"PR";369;200,3;"APUCARANA";"Ingestão de álcool pelo condutor";"Queda de ocupante de veículo";"Com Vítimas Feridas";"Pleno dia";"Decrescente";"Nublado";"Simples";"Reta";"Não";1;0;1;0;0;0;1;1;-23,53073;-51,45189;"SPRF-PR";"DEL07-PR";"UOP03-DEL07-PR"