"id";"data_inversa";"dia_semana";"horario";"uf";"br";"km";"municipio";"causa_acidente";"tipo_acidente";"classificacao_acidente";"fase_dia";"sentido_via";"condicao_metereologica";"tipo_pista";"tracado_via";"uso_solo";"pessoas";"mortos";"feridos_leves";"feridos_graves";"ilesos";"ignorados";"feridos";"veiculos";"latitude";"longitude";"regional";"delegacia";"uop"
507139;2023-02-25;"sábado";"14:40:00";"MG";40;620,1;"CONGONHAS";"Ausência de reação do condutor";"Tombamento";"Com Vítimas Feridas";"Pleno dia";"Crescente";"Céu Claro";"Simples";"Reta";"Não";1;0;1;0;0;0;1;1;-20,57784016;-43,80982006;"SPRF-MG";"DEL05-MG";"UOP02-DEL05-MG"
507140;2023-02-25;"sábado";"14:50:00";"RS";158;325;"SANTA MARIA";"Desrespeitar a preferência no cruzamento";"Colisão transversal";"Com Vítimas Feridas";"Pleno dia";"Crescente";"Céu Claro";"Dupla";"Interseção de Vias";"Sim";3;0;1;0;0;2;1;3;-29,7091149;-53,80236626;"SPRF-RS";"DEL09-RS";"UOP01-DEL09-RS"
507141;2023-02-25;"sábado";"15:10:00";"RJ";101;324;"NITEROI";"Ausência de reação do condutor";"Colisão traseira";"Sem Vítimas";"Pleno dia";"Crescente";"Céu Claro";"Dupla";"Reta";"Não";2;0;0;0;2;0;0;2;-22,87381074;-43,12640997;"SPRF-RJ";"DEL02-RJ";"UOP01-DEL02-RJ"
507144;2023-02-25;"sábado";"15:00:00";"BA";101;876;"TEIXEIRA DE FREITAS";"Ausência de reação do condutor";"Colisão frontal";"Sem Vítimas";"Pleno dia";"Crescente";"Céu Claro";"Simples";"Reta";"Sim";6;0;0;0;6;0;0;2;-17,5356;-39,713;"SPRF-BA";"DEL09-BA";"UOP02-DEL09-BA"
507145;2023-02-25;"sábado";"15:20:00";"CE";222;1;"FORTALEZA";"Velocidade Incompatível";"Colisão traseira";"Com Vítimas Feridas";"Pleno dia";"Crescente";"Céu Claro";"Dupla";"Reta";"Sim";2;0;0;1;1;0;1;2;-3,737804;-38,578061;"SPRF-CE";"DEL01-CE";"UOP01-DEL01-CE"
507147;2023-02-25;"sábado";"14:20:00";"SP";116;64,2;"GUARATINGUETA";"Reação tardia ou ineficiente do condutor";"Saída de leito carroçável";"Com Vítimas Feridas";"Pleno dia";"Crescente";"Céu Claro";"Dupla";"Curva";"Não";1;0;1;0;0;0;1;1;-22,81942006;-45,18421298;"SPRF-SP";"DEL08-SP";"UOP01-DEL08-SP"
507148;2023-01-12;"quinta-feira";"15:00:00";"PR";376;630;"SAO JOSE DOS PINHAIS";"Ausência de reação do condutor";"Colisão com objeto";"Com Vítimas Feridas";"Pleno dia";"Crescente";"Sol";"Dupla";"Reta";"Não";5;0;4;0;1;0;4;2;-25,695757;-49,144882;"SPRF-PR";"DEL01-PR";"UOP04-DEL01-PR"
507149;2023-02-25;"sábado";"15:40:00";"RS";116;127;"SAO MARCOS";"Demais Fenômenos da natureza";"Eventos atípicos";"Com Vítimas Feridas";"Pleno dia";"Decrescente";"Chuva";"Simples";"Reta";"Não";4;0;2;0;2;0;2;1;-29,02646869;-51,11018528;"SPRF-RS";"DEL05-RS";"UOP01-DEL05-RS"
507150;2023-02-01;"quarta-feira";"07:10:00";"SP";116;514,8;"CAJATI";"Reação tardia ou ineficiente do condutor";"Capotamento";"Sem Vítimas";"Pleno dia";"Crescente";"Nublado";"Simples";"Curva";"Não";1;0;0;0;1;0;0;1;-24,85154994;-48,21762085;"SPRF-SP";"DEL05-SP";"UOP02-DEL05-SP"
507151;2023-02-25;"sábado";"15:30:00";"RJ";493;89;"SEROPEDICA";"Acessar a via sem observar a presença dos outros veículos";"Colisão transversal";"Com Vítimas Feridas";"Pleno dia";"Decrescente";"Céu Claro";"Dupla";"Reta";"Sim";2;0;1;0;1;0;1;2;-22,68013677;-43,6649769;"SPRF-RJ";"DEL03-RJ";"UOP01-DEL03-RJ"
507152;2023-02-25;"sábado";"15:50:00";"RS";116;258;"ESTEIO";"Ingestão de álcool pelo condutor";"Colisão com objeto";"Sem Vítimas";"Pleno dia";"Crescente";"Nublado";"Dupla";"Reta";"Sim";1;0;0;0;1;0;0;1;-29,86150502;-51,18091535;"SPRF-RS";"DEL01-RS";"UOP02-DEL01-RS"
507154;2023-02-25;"sábado";"16:40:00";"PE";101;70;"RECIFE";"Reação tardia ou ineficiente do condutor";"Queda de ocupante de veículo";"Com Vítimas Feridas";"Pleno dia";"Decrescente";"Nublado";"Simples";"Curva";"Sim";2;0;2;0;0;0;2;1;-8,06776119;-34,94265074;"SPRF-PE";"DEL01-PE";"UOP01-DEL01-PE"
507155;2023-02-25;"sábado";"16:30:00";"RS";290;195;"RIO PARDO";"Manobra de mudança de faixa";"Colisão lateral mesmo sentido";"Com Vítimas Feridas";"Pleno dia";"Crescente";"Nublado";"Simples";"Aclive;Reta";"Não";3;0;2;0;1;0;2;2;-30,16731725;-52,17535973;"SPRF-RS";"DEL02-RS";"UOP03-DEL02-RS"
507156;2023-02-25;"sábado";"14:32:00";"BA";116;631,8;"JAGUAQUARA";"Acessar a via sem observar a presença dos outros veículos";"Colisão transversal";"Com Vítimas Feridas";"Pleno dia";"Decrescente";"Céu Claro";"Simples";"Reta;Declive";"Sim";5;0;1;0;4;0;1;2;-13,45971301;-40,03314998;"SPRF-BA";"DEL03-BA";"UOP01-DEL03-BA"
507157;2023-02-25;"sábado";"16:20:00";"MS";267;93,1;"ANAURILANDIA";"Conversão proibida";"Colisão transversal";"Com Vítimas Feridas";"Pleno dia";"Decrescente";"Nublado";"Simples";"Reta";"Não";3;0;1;0;2;0;1;2;-21,85857776;-52,98357395;"SPRF-MS";"DEL02-MS";"UOP04-DEL02-MS"
507159;2023-02-25;"sábado";"17:30:00";"SC";470;63;"INDAIAL";"Acessar a via sem observar a presença dos outros veículos";"Colisão transversal";"Com Vítimas Feridas";"Pleno dia";"Crescente";"Céu Claro";"Simples";"Reta";"Sim";2;0;1;0;1;0;1;2;-26,874521;-49,182938;"SPRF-SC";"DEL04-SC";"UOP01-DEL04-SC"
507160;2023-02-25;"sábado";"17:40:00";"RN";226;13,9;"MACAIBA";"Conversão proibida";"Colisão traseira";"Com Vítimas Feridas";"Anoitecer";"Crescente";"Céu Claro";"Simples";"Reta";"Não";2;0;0;1;1;0;1;2;-5,85297459;-35,31897913;"SPRF-RN";"DEL01-RN";"UOP02-DEL01-RN"
507161;2023-02-25;"sábado";"17:05:00";"RS";386;397,3;"TRIUNFO";"Acumulo de água sobre o pavimento";"Saída de leito carroçável";"Com Vítimas Feridas";"Pleno dia";"Crescente";"Nublado";"Dupla";"Curva";"Sim";1;0;1;0;0;0;1;1;-29,739659;-51,622297;"SPRF-RS";"DEL04-RS";"NPF/DEL04-RS"
507163;2023-02-25;"sábado";"17:00:00";"PB";230;158,8;"CAMPINA GRANDE";"Desrespeitar a preferência no cruzamento";"Colisão transversal";"Com Vítimas Feridas";"Anoitecer";"Crescente";"Céu Claro";"Simples";"Interseção de Vias";"Sim";2;0;0;1;1;0;1;2;-7,2582;-35,9267;"SPRF-PB";"DEL02-PB";"UOP01-DEL02-PB"
507165;2023-02-25;"sábado";"18:15:00";"MG";381;484;"BETIM";"Demais falhas mecânicas ou elétricas";"Tombamento";"Com Vítimas Feridas";"Anoitecer";"Decrescente";"Nublado";"Dupla";"Declive;Curva";"Sim";1;0;1;0;0;0;1;1;-19,95531717;-44,11722196;"SPRF-MG";"DEL01-MG";"UOP03-DEL01-MG"
507166;2023-02-25;"sábado";"16:30:00";"MG";146;487;"POCOS DE CALDAS";"Acumulo de água sobre o pavimento";"Colisão frontal";"Com Vítimas Feridas";"Pleno dia";"Crescente";"Chuva";"Simples";"Reta";"Não";3;0;3;0;0;0;3;2;-21,802046;-46,445544;"SPRF-MG";"DEL09-MG";"UOP01-DEL09-MG"
507169;2023-02-25;"sábado";"17:30:00";"SC";101;18;"JOINVILLE";"Avarias e/ou desgaste excessivo no pneu";"Tombamento";"Com Vítimas Feridas";"Pleno dia";"Crescente";"Céu Claro";"Dupla";"Reta";"Não";1;0;1;0;0;0;1;1;-26,128553;-48,888776;"SPRF-SC";"DEL03-SC";"UOP01-DEL03-SC"
507171;2023-02-19;"domingo";"08:40:00";"SC";282;570,7;"NOVA ERECHIM";"Ausência de reação do condutor";"Colisão lateral mesmo sentido";"Com Vítimas Feridas";"Pleno dia";"Crescente";"Céu Claro";"Simples";"Reta";"Não";3;0;1;0;2;0;1;2;-26,89006;-52,93306;"SPRF-SC";"DEL07-SC";"UOP02-DEL07-SC"
507172;2023-02-25;"sábado";"18:20:00";"SC";101;72;"ARAQUARI";"Avarias e/ou desgaste excessivo no pneu";"Queda de ocupante de veículo";"Com Vítimas Feridas";"Anoitecer";"Crescente";"Céu Claro";"Múltipla";"Reta";"Não";2;0;1;0;1;0;1;1;-26,52700004;-48,71551117;"SPRF-SC";"DEL03-SC";"UOP02-DEL03-SC"
507173;2023-02-25;"sábado";"16:45:00";"RO";364;342;"JI-PARANA";"Reação tardia ou ineficiente do condutor";"Colisão traseira";"Com Vítimas Feridas";"Pleno dia";"Decrescente";"Céu Claro";"Dupla";"Reta";"Sim";3;0;2;0;1;0;2;2;-10,88381227;-61,93741416;"SPRF-RO";"DEL02-RO";"UOP01-DEL02-RO"
507176;2023-02-25;"sábado";"15:45:00";"RS";290;297,8;"CACAPAVA DO SUL";"Condutor deixou de manter distância do veículo da frente";"Engavetamento";"Com Vítimas Feridas";"Pleno dia";"Crescente";"Céu Claro";"Simples";"Aclive;Reta";"Não";10;0;1;0;9;0;1;3;-30,310987;-53,177296;"SPRF-RS";"DEL09-RS";"UOP02-DEL09-RS"
507178;2023-02-25;"sábado";"14:25:00";"SC";101;62,1;"ARAQUARI";"Ausência de reação do condutor";"Colisão lateral mesmo sentido";"Com Vítimas Feridas";"Pleno dia";"Crescente";"Sol";"Múltipla";"Viaduto";"Sim";3;0;1;0;2;0;1;2;-26,45504246;-48,76711901;"SPRF-SC";"DEL03-SC";"UOP02-DEL03-SC"
507179;2023-02-25;"sábado";"18:50:00";"RS";158;328;"SANTA MARIA";"Ingestão de álcool pelo condutor";"Saída de leito carroçável";"Sem Vítimas";"Pleno dia";"Decrescente";"Céu Claro";"Simples";"Retorno Regulamentado;Aclive;Interseção de Vias";"Sim";1;0;0;0;1;0;0;1;-29,71112906;-53,81968204;"SPRF-RS";"DEL09-RS";"UOP01-DEL09-RS"
507183;2023-02-25;"sábado";"20:00:00";"SC";101;133;"BALNEARIO CAMBORIU";"Acessar a via sem observar a presença dos outros veículos";"Colisão transversal";"Com Vítimas Feridas";"Plena Noite";"Decrescente";"Céu Claro";"Múltipla";"Interseção de Vias";"Sim";2;0;0;1;1;0;1;2;-26,99936;-48,64609;"SPRF-SC";"DEL04-SC";"UOP03-DEL04-SC"
507184;2023-01-01;"domingo";"13:40:00";"DF";60;2,9;"BRASILIA";"Ingestão de álcool pelo condutor";"Colisão traseira";"Sem Vítimas";"Pleno dia";"Decrescente";"Céu Claro";"Dupla";"Retorno Regulamentado;Reta";"Sim";4;0;0;0;4;0;0;3;-15,89006925;-48,08558106;"SPRF-DF";"DEL03-DF";"UOP01-DEL03-DF"
507185;2023-02-25;"sábado";"19:40:00";"RS";290;83;"CACHOEIRINHA";"Ingestão de álcool pelo condutor";"Colisão com objeto";"Com Vítimas Feridas";"Plena Noite";"Crescente";"Céu Claro";"Múltipla";"Reta";"Sim";4;0;2;0;1;1;2;3;-29,959141;-51,088791;"SPRF-RS";"DEL01-RS";"UOP01-DEL01-RS"
507186;2023-02-25;"sábado";"19:00:00";"AL";424;102;"MARECHAL DEODORO";"Transitar na contramão";"Colisão frontal";"Com Vítimas Feridas";"Plena Noite";"Decrescente";"Ignorado";"Simples";"Reta";"Não";10;0;7;1;2;0;8;2;-9,66670281;-35,84489382;"SPRF-AL";"DEL02-AL";"UOP01-DEL02-AL"
507188;2023-02-25;"sábado";"19:45:00";"SC";280;58;"GUARAMIRIM";"Desvio temporário";"Queda de ocupante de veículo";"Com Vítimas Feridas";"Plena Noite";"Crescente";"Céu Claro";"Múltipla";"Reta";"Sim";1;0;0;1;0;0;1;1;-26,47415593;-49,021211;"SPRF-SC";"DEL03-SC";"UOP03-DEL03-SC"
507189;2023-02-25;"sábado";"19:30:00";"SC";101;43,6;"JOINVILLE";"Acessar a via sem observar a presença dos outros veículos";"Colisão transversal";"Com Vítimas Feridas";"Plena Noite";"Crescente";"Céu Claro";"Simples";"Reta";"Sim";3;0;1;0;2;0;1;2;-26,33581655;-48,86009574;"SPRF-SC";"DEL03-SC";"UOP01-DEL03-SC"
507190;2023-02-25;"sábado";"21:50:00";"CE";116;23,4;"ITAITINGA";"Ingestão de álcool pelo condutor";"Colisão com objeto";"Com Vítimas Feridas";"Plena Noite";"Decrescente";"Céu Claro";"Dupla";"Declive";"Sim";1;0;0;1;0;0;1;1;-3,94905489;-38,51212845;"SPRF-CE";"DEL01-CE";"UOP02-DEL01-CE"
507192;2023-02-25;"sábado";"19:00:00";"RO";364;342;"JI-PARANA";"Reação tardia ou ineficiente do condutor";"Queda de ocupante de veículo";"Com Vítimas Feridas";"Anoitecer";"Decrescente";"Céu Claro";"Dupla";"Reta";"Sim";1;0;1;0;0;0;1;1;-10,88381227;-61,93741416;"SPRF-RO";"DEL02-RO";"UOP01-DEL02-RO"
507193;2023-02-25;"sábado";"20:00:00";"RJ";116;192;"NOVA IGUACU";"Pedestre cruzava a pista fora da faixa";"Atropelamento de Pedestre";"Com Vítimas Feridas";"Plena Noite";"Decrescente";"Céu Claro";"Dupla";"Reta";"Não";2;0;0;1;1;0;1;2;-22,74207737;-43,5192401;"SPRF-RJ";"DEL01-RJ";"UOP02-DEL01-RJ"
507194;2023-02-25;"sábado";"20:10:00";"SC";470;55,7;"BLUMENAU";"Conversão proibida";"Colisão transversal";"Com Vítimas Feridas";"Plena Noite";"Crescente";"Céu Claro";"Simples";"Reta";"Sim";2;0;1;0;1;0;1;2;-26,875601;-49,117992;"SPRF-SC";"DEL04-SC";"UOP01-DEL04-SC"
507195;2023-02-25;"sábado";"19:00:00";"MA";316;534,4;"CAXIAS";"Animais na Pista";"Atropelamento de Animal";"Com Vítimas Feridas";"Plena Noite";"Crescente";"Céu Claro";"Simples";"Declive;Reta";"Não";2;0;2;0;0;0;2;1;-4,83025713;-43,49510193;"SPRF-MA";"DEL03-MA";"UOP02-DEL03-MA"
507196;2023-02-25;"sábado";"21:20:00";"MG";381;292;"ANTONIO DIAS";"Transitar na contramão";"Colisão frontal";"Com Vítimas Feridas";"Plena Noite";"Decrescente";"Céu Claro";"Dupla";"Reta";"Não";2;0;0;1;1;0;1;2;-19,62595466;-42,80591011;"SPRF-MG";"DEL03-MG";"UOP02-DEL03-MG"
507199;2023-02-25;"sábado";"20:15:00";"PR";376;214;"MANDAGUARI";"Manobra de mudança de faixa";"Colisão traseira";"Com Vítimas Feridas";"Plena Noite";"Decrescente";"Céu Claro";"Dupla";"Reta;Retorno Regulamentado";"Não";2;0;1;0;1;0;1;2;-23,588165;-51,64554;"SPRF-PR";"DEL09-PR";"UOP01-DEL09-PR"
507200;2023-02-25;"sábado";"21:16:00";"GO";40;4;"VALPARAISO DE GOIAS";"Reação tardia ou ineficiente do condutor";"Colisão lateral mesmo sentido";"Com Vítimas Feridas";"Plena Noite";"Crescente";"Céu Claro";"Dupla";"Reta";"Sim";3;0;1;0;2;0;1;3;-16,085241;-47,986752;"SPRF-DF";"DEL01-DF";"UOP01-DEL01-DF"
507201;2023-02-25;"sábado";"22:40:00";"CE";222;3;"CAUCAIA";"Manobra de mudança de faixa";"Colisão lateral mesmo sentido";"Com Vítimas Feridas";"Plena Noite";"Decrescente";"Céu Claro";"Dupla";"Aclive;Reta";"Sim";2;0;1;0;1;0;1;2;-3,7403769;-38,59569202;"SPRF-CE";"DEL01-CE";"UOP01-DEL01-CE"
507204;2023-02-25;"sábado";"19:45:00";"RJ";101;505;"ANGRA DOS REIS";"Pedestre cruzava a pista fora da faixa";"Atropelamento de Pedestre";"Com Vítimas Feridas";"Plena Noite";"Crescente";"Nublado";"Simples";"Curva";"Não";2;0;1;0;1;0;1;2;-22,93561595;-44,39617909;"SPRF-RJ";"DEL03-RJ";"UOP03-DEL03-RJ"
507206;2023-02-25;"sábado";"22:00:00";"RS";290;371,7;"VILA NOVA DO SUL";"Acessar a via sem observar a presença dos outros veículos";"Colisão frontal";"Com Vítimas Feridas";"Plena Noite";"Crescente";"Céu Claro";"Simples";"Reta";"Sim";2;0;0;1;1;0;1;2;-30,34110228;-53,88298273;"SPRF-RS";"DEL09-RS";"UOP02-DEL09-RS"
507207;2023-02-25;"sábado";"22:35:00";"BA";324;622;"SALVADOR";"Demais falhas mecânicas ou elétricas";"Queda de ocupante de veículo";"Com Vítimas Feridas";"Plena Noite";"Decrescente";"Céu Claro";"Dupla";"Reta";"Não";2;0;1;0;1;0;1;1;-12,91888605;-38,46502095;"SPRF-BA";"DEL01-BA";"UOP01-DEL01-BA"
507208;2023-02-25;"sábado";"23:00:00";"ES";101;66,2;"SAO MATEUS";"Pedestre cruzava a pista fora da faixa";"Atropelamento de Pedestre";"Com Vítimas Feridas";"Plena Noite";"Crescente";"Céu Claro";"Dupla";"Interseção de Vias";"Sim";2;0;1;0;1;0;1;2;-18,7165195;-39,87436378;"SPRF-ES";"DEL04-ES";"UOP02-DEL04-ES"
507209;2023-02-25;"sábado";"22:38:00";"PR";277;721;"FOZ DO IGUACU";"Ingestão de álcool pelo condutor";"Saída de leito carroçável";"Sem Vítimas";"Plena Noite";"Decrescente";"Céu Claro";"Dupla";"Reta;Interseção de Vias";"Não";2;0;0;0;2;0;0;1;-25,4911505;-54,51185421;"SPRF-PR";"DEL05-PR";"UOP03-DEL05-PR"
507210;2023-02-25;"sábado";"19:00:00";"SP";381;64;"MAIRIPORA";"Ingestão de álcool pelo condutor";"Saída de leito carroçável";"Sem Vítimas";"Anoitecer";"Decrescente";"Céu Claro";"Dupla";"Declive";"Não";1;0;0;0;1;0;0;1;-23,3089645;-46,57924651;"SPRF-SP";"DEL03-SP";"UOP01-DEL03-SP"
507214;2023-02-25;"sábado";"21:40:00";"MT";163;831,3;"SINOP";"Entrada inopinada do pedestre";"Atropelamento de Pedestre";"Com Vítimas Feridas";"Plena Noite";"Crescente";"Chuva";"Dupla";"Retorno Regulamentado";"Sim";2;0;1;0;1;0;1;2;-11,89459;-55,50393;"SPRF-MT";"DEL06-MT";"UOP02-DEL06-MT"
507215;2023-02-25;"sábado";"22:20:00";"MA";316;595,3;"TIMON";"Pedestre andava na pista";"Atropelamento de Pedestre";"Com Vítimas Fatais";"Plena Noite";"Decrescente";"Céu Claro";"Simples";"Reta";"Não";2;1;0;0;0;1;0;2;-5,01238285;-43,00547719;"SPRF-MA";"DEL03-MA";"UOP02-DEL03-MA"
507216;2023-02-25;"sábado";"23:30:00";"RJ";356;184;"SAO JOAO DA BARRA";"Condutor deixou de manter distância do veículo da frente";"Colisão transversal";"Com Vítimas Feridas";"Plena Noite";"Crescente";"Céu Claro";"Simples";"Reta";"Não";3;0;2;0;1;0;2;2;-21,63571996;-41,04558102;"SPRF-RJ";"DEL08-RJ";"UOP02-DEL08-RJ"
507218;2023-02-25;"sábado";"22:40:00";"PR";369;497,5;"CORBELIA";"Condutor deixou de manter distância do veículo da frente";"Colisão traseira";"Com Vítimas Feridas";"Plena Noite";"Crescente";"Nublado";"Simples";"Reta";"Não";4;0;1;0;3;0;1;2;-24,7566;-53,2895;"SPRF-PR";"DEL04-PR";"UOP03-DEL04-PR"
507219;2023-02-25;"sábado";"23:40:00";"MG";116;526,8;"CARATINGA";"Ausência de reação do condutor";"Queda de ocupante de veículo";"Com Vítimas Feridas";"Plena Noite";"Crescente";"Nublado";"Dupla";"Reta";"Sim";2;0;0;1;0;1;1;2;-19,77654011;-42,13327989;"SPRF-MG";"DEL06-MG";"UOP02-DEL06-MG"
507220;2023-02-25;"sábado";"23:20:00";"MG";116;762;"LEOPOLDINA";"Ausência de reação do condutor";"Colisão lateral mesmo sentido";"Sem Vítimas";"Plena Noite";"Crescente";"Céu Claro";"Simples";"Reta";"Sim";2;0;0;0;2;0;0;2;-21,52887723;-42,62360898;"SPRF-MG";"DEL07-MG";"UOP01-DEL07-MG"
507221;2023-02-26;"domingo";"00:21:00";"SC";101;351;"JAGUARUNA";"Transitar na contramão";"Colisão frontal";"Com Vítimas Feridas";"Plena Noite";"Decrescente";"Céu Claro";"Simples";"Reta;Retorno Regulamentado";"Sim";6;0;0;1;5;0;1;2;-28,5977641;-49,04943589;"SPRF-SC";"DEL02-SC";"UOP01-DEL02-SC"
507223;2023-02-26;"domingo";"00:30:00";"PI";230;306,9;"FLORIANO";"Ausência de reação do condutor";"Colisão com objeto";"Com Vítimas Feridas";"Plena Noite";"Crescente";"Céu Claro";"Simples";"Curva";"Sim";1;0;0;1;0;0;1;1;-6,78667452;-42,99358035;"SPRF-PI";"DEL03-PI";"UOP01-DEL03-PI"
507224;2023-02-26;"domingo";"01:40:00";"PE";316;142;"PARNAMIRIM";"Ausência de reação do condutor";"Colisão traseira";"Com Vítimas Fatais";"Plena Noite";"Decrescente";"Garoa/Chuvisco";"Simples";"Reta";"Não";1;1;0;0;0;0;0;1;-8,08687166;-39,60015985;"SPRF-PE";"DEL05-PE";"UOP02-DEL05-PE"
507226;2023-02-26;"domingo";"01:30:00";"RS";470;223;"GARIBALDI";"Transitar na contramão";"Colisão frontal";"Com Vítimas Feridas";"Plena Noite";"Crescente";"Nublado";"Simples";"Reta";"Não";6;0;4;1;1;0;5;2;-29,21249203;-51,51794436;"SPRF-RS";"DEL06-RS";"UOP01-DEL06-RS"
507227;2023-02-26;"domingo";"01:30:00";"PB";101;86,5;"JOAO PESSOA";"Transitar na contramão";"Atropelamento de Pedestre";"Com Vítimas Fatais";"Plena Noite";"Decrescente";"Céu Claro";"Dupla";"Reta";"Sim";8;1;2;0;2;3;2;2;-7,1622;-34,9031;"SPRF-PB";"DEL01-PB";"UOP01-DEL01-PB"
507228;2023-02-26;"domingo";"01:30:00";"SC";470;12;"NAVEGANTES";"Retorno proibido";"Colisão frontal";"Com Vítimas Feridas";"Plena Noite";"Crescente";"Céu Claro";"Dupla";"Reta";"Não";2;0;0;1;1;0;1;2;-26,835169;-48,757267;"SPRF-SC";"DEL04-SC";"UOP04-DEL04-SC"
507229;2023-02-26;"domingo";"02:40:00";"SC";101;184;"BIGUACU";"Ausência de reação do condutor";"Queda de ocupante de veículo";"Com Vítimas Feridas";"Plena Noite";"Decrescente";"Céu Claro";"Múltipla";"Reta";"Não";1;0;0;1;0;0;1;1;-27,41613807;-48,6266443;"SPRF-SC";"DEL01-SC";"UOP01-DEL01-SC"
507230;2023-02-25;"sábado";"23:30:00";"PR";376;602;"CURITIBA";"Reação tardia ou ineficiente do condutor";"Colisão lateral mesmo sentido";"Com Vítimas Feridas";"Plena Noite";"Decrescente";"Céu Claro";"Múltipla";"Interseção de Vias";"Sim";4;0;1;0;3;0;1;2;-25,54329052;-49,30719981;"SPRF-PR";"DEL01-PR";"UOP06-DEL01-PR"
507232;2023-02-26;"domingo";"03:45:00";"SC";101;134;"BALNEARIO CAMBORIU";"Ausência de reação do condutor";"Colisão com objeto";"Com Vítimas Feridas";"Plena Noite";"Crescente";"Céu Claro";"Dupla";"Reta";"Sim";1;0;1;0;0;0;1;1;-27,00218;-48,636433;"SPRF-SC";"DEL04-SC";"UOP03-DEL04-SC"
507235;2023-02-26;"domingo";"04:00:00";"PR";277;522,9;"GUARANIACU";"Transitar na contramão";"Colisão frontal";"Com Vítimas Fatais";"Plena Noite";"Crescente";"Nublado";"Simples";"Reta";"Não";2;1;0;0;1;0;0;2;-25,09900741;-52,89710999;"SPRF-PR";"DEL04-PR";"UOP04-DEL04-PR"
507236;2023-02-26;"domingo";"00:10:00";"MS";262;486,9;"ANASTACIO";"Reação tardia ou ineficiente do condutor";"Colisão com objeto";"Com Vítimas Fatais";"Plena Noite";"Crescente";"Céu Claro";"Simples";"Reta;Rotatória";"Não";2;1;1;0;0;0;1;1;-20,49912275;-55,78682249;"SPRF-MS";"DEL03-MS";"UOP01-DEL03-MS"
507237;2023-02-26;"domingo";"04:58:00";"PR";376;103,9;"PARANAVAI";"Condutor deixou de manter distância do veículo da frente";"Colisão traseira";"Sem Vítimas";"Plena Noite";"Crescente";"Céu Claro";"Dupla";"Reta";"Não";2;0;0;0;2;0;0;2;-23,0482793;-52,4557511;"SPRF-PR";"DEL09-PR";"UOP02-DEL09-PR"
507238;2023-02-19;"domingo";"16:45:00";"SC";101;284;"IMBITUBA";"Animais na Pista";"Colisão com objeto";"Com Vítimas Feridas";"Pleno dia";"Crescente";"Céu Claro";"Múltipla";"Declive";"Não";4;0;2;1;1;0;3;1;-28,21285498;-48,69962617;"SPRF-SC";"DEL02-SC";"UOP03-DEL02-SC"
507239;2023-02-26;"domingo";"02:25:00";"MG";381;158,5;"GOVERNADOR VALADARES";"Ausência de reação do condutor";"Colisão frontal";"Com Vítimas Fatais";"Plena Noite";"Decrescente";"Céu Claro";"Simples";"Reta";"Não";3;1;1;0;1;0;1;2;-18,91795246;-42,01337465;"SPRF-MG";"DEL06-MG";"UOP01-DEL06-MG"
507240;2023-02-26;"domingo";"04:00:00";"MG";40;523,5;"CONTAGEM";"Ausência de reação do condutor";"Saída de leito carroçável";"Sem Vítimas";"Plena Noite";"Crescente";"Céu Claro";"Dupla";"Curva";"Não";1;0;0;0;0;1;0;1;-19,86874894;-44,05962197;"SPRF-MG";"DEL01-MG";"UOP02-DEL01-MG"
507241;2023-02-26;"domingo";"03:50:00";"SC";280;237,3;"CANOINHAS";"Ausência de reação do condutor";"Atropelamento de Pedestre";"Com Vítimas Feridas";"Plena Noite";"Crescente";"Céu Claro";"Simples";"Curva";"Não";3;0;0;1;1;1;1;2;-26,19844599;-50,43216601;"SPRF-SC";"DEL06-SC";"UOP04-DEL06-SC"
507242;2023-02-26;"domingo";"04:50:00";"PR";277;665;"MEDIANEIRA";"Chuva";"Saída de leito carroçável";"Sem Vítimas";"Plena Noite";"Crescente";"Chuva";"Dupla";"Aclive";"Não";1;0;0;0;0;1;0;1;-25,2559960473;-54,0377259725;"SPRF-PR";"DEL05-PR";"UOP02-DEL05-PR"
507244;2023-02-26;"domingo";"04:55:00";"RS";116;257;"ESTEIO";"Reação tardia ou ineficiente do condutor";"Colisão traseira";"Sem Vítimas";"Plena Noite";"Crescente";"Nublado";"Dupla";"Reta";"Sim";3;0;0;0;3;0;0;2;-29,85262195;-51,17968329;"SPRF-RS";"DEL01-RS";"UOP02-DEL01-RS"
507245;2023-02-26;"domingo";"03:00:00";"RS";116;187;"NOVA PETROPOLIS";"Reação tardia ou ineficiente do condutor";"Colisão com objeto";"Com Vítimas Feridas";"Plena Noite";"Decrescente";"Céu Claro";"Simples";"Reta";"Não";2;0;2;0;0;0;2;1;-29,40515985;-51,12600998;"SPRF-RS";"DEL05-RS";"UOP02-DEL05-RS"
507246;2023-02-26;"domingo";"01:30:00";"SC";282;522;"XAXIM";"Velocidade Incompatível";"Saída de leito carroçável";"Com Vítimas Feridas";"Plena Noite";"Decrescente";"Céu Claro";"Simples";"Reta";"Não";1;0;1;0;0;0;1;1;-26,956238;-52,542637;"SPRF-SC";"DEL07-SC";"UOP01-DEL07-SC"
507248;2023-02-25;"sábado";"21:00:00";"MG";381;932,6;"EXTREMA";"Velocidade Incompatível";"Saída de leito carroçável";"Sem Vítimas";"Plena Noite";"Crescente";"Nublado";"Simples";"Reta";"Não";1;0;0;0;0;1;0;1;-22,81198015;-46,28431295;"SPRF-MG";"DEL16-MG";"UOP03-DEL16-MG"