"id";"data_inversa";"dia_semana";"horario";"uf";"br";"km";"municipio";"causa_acidente";"tipo_acidente";"classificacao_acidente";"fase_dia";"sentido_via";"condicao_metereologica";"tipo_pista";"tracado_via";"uso_solo";"pessoas";"mortos";"feridos_leves";"feridos_graves";"ilesos";"ignorados";"feridos";"veiculos";"latitude";"longitude";"regional";"delegacia";"uop"
507681;2023-02-28;"terça-feira";"14:30:00";"PR";153;330;"IRATI";"Acessar a via sem observar a presença dos outros veículos";"Colisão transversal";"Com Vítimas Feridas";"Pleno dia";"Decrescente";"Céu Claro";"Simples";"Reta";"Sim";2;0;1;0;1;0;1;2;-25,45471011;-50,6196247;"SPRF-PR";"DEL08-PR";"UOP02-DEL08-PR"
507683;2023-02-28;"terça-feira";"15:20:00";"PA";316;203;"SANTA LUZIA DO PARA";"Ausência de reação do condutor";"Saída de leito carroçável";"Sem Vítimas";"Pleno dia";"Decrescente";"Nublado";"Simples";"Reta;Declive";"Não";2;0;0;0;0;2;0;1;-1,55935023;-46,86744615;"SPRF-PA";"DEL01-PA";"UOP03-DEL01-PA"
507685;2023-02-28;"terça-feira";"15:20:00";"RS";386;270,6;"FONTOURA XAVIER";"Acessar a via sem observar a presença dos outros veículos";"Colisão transversal";"Sem Vítimas";"Pleno dia";"Crescente";"Céu Claro";"Simples";"Reta";"Sim";4;0;0;0;4;0;0;2;-28,97822331;-52,36777067;"SPRF-RS";"DEL04-RS";"UOP03-DEL04-RS"
507686;2023-02-28;"terça-feira";"14:00:00";"SC";101;149,6;"ITAPEMA";"Demais falhas mecânicas ou elétricas";"Tombamento";"Com Vítimas Feridas";"Pleno dia";"Crescente";"Céu Claro";"Dupla";"Interseção de Vias";"Sim";1;0;1;0;0;0;1;1;-27,1089649;-48,61277586;"SPRF-SC";"DEL04-SC";"UOP03-DEL04-SC"
507687;2023-02-28;"terça-feira";"15:25:00";"SP";116;59;"GUARATINGUETA";"Reação tardia ou ineficiente do condutor";"Colisão traseira";"Com Vítimas Feridas";"Pleno dia";"Crescente";"Nublado";"Dupla";"Reta;Aclive";"Não";2;0;1;0;0;1;1;2;-22,78555649;-45,15339465;"SPRF-SP";"DEL08-SP";"UOP01-DEL08-SP"
507689;2023-02-28;"terça-feira";"15:00:00";"RS";116;267,8;"CANOAS";"Condutor Dormindo";"Colisão com objeto";"Com Vítimas Feridas";"Pleno dia";"Decrescente";"Céu Claro";"Dupla";"Reta";"Sim";3;0;1;0;2;0;1;1;-29,94142398;-51,17697062;"SPRF-RS";"DEL01-RS";"UOP01-DEL01-RS"
507692;2023-02-28;"terça-feira";"15:30:00";"RJ";101;59;"CAMPOS DOS GOYTACAZES";"Ausência de reação do condutor";"Engavetamento";"Com Vítimas Feridas";"Pleno dia";"Crescente";"Sol";"Simples";"Reta";"Não";4;0;2;0;2;0;2;3;-21,71684583;-41,31053567;"SPRF-RJ";"DEL08-RJ";"UOP01-DEL08-RJ"
507693;2023-02-28;"terça-feira";"15:00:00";"RJ";356;61;"ITAPERUNA";"Ausência de reação do condutor";"Saída de leito carroçável";"Com Vítimas Feridas";"Amanhecer";"Crescente";"Céu Claro";"Simples";"Declive";"Não";1;0;1;0;0;0;1;1;-21,31606803;-41,70737964;"SPRF-RJ";"DEL08-RJ";"UOP03-DEL08-RJ"
507694;2023-02-28;"terça-feira";"16:00:00";"RJ";101;321;"NITEROI";"Pedestre cruzava a pista fora da faixa";"Atropelamento de Pedestre";"Com Vítimas Feridas";"Pleno dia";"Decrescente";"Sol";"Dupla";"Reta";"Sim";4;0;0;1;3;0;1;4;-22,86981096;-43,11046465;"SPRF-RJ";"DEL02-RJ";"UOP01-DEL02-RJ"
507696;2023-01-13;"sexta-feira";"21:30:00";"RN";405;169;"JOSE DA PENHA";"Ingestão de álcool pelo condutor";"Colisão frontal";"Com Vítimas Feridas";"Plena Noite";"Crescente";"Céu Claro";"Simples";"Reta";"Não";3;0;1;1;0;1;2;2;-6,26369196;-38,24973809;"SPRF-RN";"DEL04-RN";"UOP02-DEL04-RN"
507697;2023-02-20;"segunda-feira";"22:45:00";"MG";153;12;"ARAPORA";"Ausência de reação do condutor";"Saída de leito carroçável";"Com Vítimas Feridas";"Plena Noite";"Decrescente";"Chuva";"Dupla";"Reta";"Não";3;0;2;0;1;0;2;1;-18,52415703;-49,19080383;"SPRF-MG";"DEL15-MG";"UOP03-DEL15-MG"
507698;2023-02-28;"terça-feira";"14:15:00";"PE";101;200,1;"XEXEU";"Condutor Dormindo";"Saída de leito carroçável";"Com Vítimas Feridas";"Pleno dia";"Decrescente";"Céu Claro";"Dupla";"Curva";"Não";4;0;1;0;3;0;1;1;-8,77234132;-35,6185606;"SPRF-PE";"DEL01-PE";"UOP03-DEL01-PE"
507700;2023-02-28;"terça-feira";"17:15:00";"MG";381;481;"BETIM";"Reação tardia ou ineficiente do condutor";"Colisão lateral mesmo sentido";"Com Vítimas Feridas";"Anoitecer";"Decrescente";"Céu Claro";"Dupla";"Reta;Declive";"Sim";2;0;1;0;1;0;1;2;-19,95991697;-44,0837574;"SPRF-MG";"DEL01-MG";"UOP03-DEL01-MG"
507703;2023-02-28;"terça-feira";"17:20:00";"DF";20;9,8;"BRASILIA";"Ausência de reação do condutor";"Queda de ocupante de veículo";"Com Vítimas Feridas";"Pleno dia";"Decrescente";"Chuva";"Dupla";"Reta";"Sim";2;0;1;0;1;0;1;2;-15,654671;-47,782917;"SPRF-DF";"DEL02-DF";"UOP01-DEL02-DF"
507704;2023-02-28;"terça-feira";"17:40:00";"RJ";116;310;"RESENDE";"Reação tardia ou ineficiente do condutor";"Colisão traseira";"Com Vítimas Feridas";"Anoitecer";"Decrescente";"Nublado";"Dupla";"Reta";"Sim";5;0;3;1;1;0;4;2;-22,45923593;-44,434776;"SPRF-RJ";"DEL07-RJ";"UOP02-DEL07-RJ"
507706;2023-02-28;"terça-feira";"18:10:00";"RS";386;373,9;"TAQUARI";"Reação tardia ou ineficiente do condutor";"Colisão traseira";"Com Vítimas Feridas";"Pleno dia";"Crescente";"Céu Claro";"Dupla";"Reta;Rotatória";"Não";2;0;1;0;1;0;1;2;-29,61583013;-51,79393888;"SPRF-RS";"DEL04-RS";"NPF/DEL04-RS"
507708;2023-02-28;"terça-feira";"16:30:00";"PE";408;84;"PAUDALHO";"Manobra de mudança de faixa";"Colisão lateral mesmo sentido";"Com Vítimas Feridas";"Pleno dia";"Decrescente";"Céu Claro";"Múltipla";"Curva;Aclive";"Não";2;0;1;0;0;1;1;2;-7,95123498;-35,10915987;"SPRF-PE";"DEL01-PE";"UOP01-DEL01-PE"
507710;2023-02-28;"terça-feira";"12:30:00";"BA";324;517;"FEIRA DE SANTANA";"Condutor deixou de manter distância do veículo da frente";"Colisão lateral mesmo sentido";"Com Vítimas Feridas";"Pleno dia";"Crescente";"Céu Claro";"Simples";"Reta";"Sim";3;0;2;0;1;0;2;2;-12,24953308;-38,93362525;"SPRF-BA";"DEL02-BA";"UOP01-DEL02-BA"
507713;2023-02-28;"terça-feira";"17:50:00";"RJ";493;70;"NOVA IGUACU";"Ausência de reação do condutor";"Saída de leito carroçável";"Com Vítimas Feridas";"Anoitecer";"Crescente";"Nublado";"Dupla";"Curva";"Não";1;0;1;0;0;0;1;1;-22,68704309;-43,50448608;"SPRF-RJ";"DEL01-RJ";"UOP03-DEL01-RJ"
507715;2023-02-28;"terça-feira";"18:20:00";"SP";116;154;"SAO JOSE DOS CAMPOS";"Pista Escorregadia";"Tombamento";"Com Vítimas Feridas";"Anoitecer";"Crescente";"Chuva";"Dupla";"Reta";"Sim";2;0;1;0;0;1;1;2;-23,23903999;-45,92061901;"SPRF-SP";"DEL02-SP";"UOP01-DEL02-SP"
507716;2023-02-28;"terça-feira";"17:50:00";"PR";376;599;"CURITIBA";"Manobra de mudança de faixa";"Colisão lateral mesmo sentido";"Com Vítimas Feridas";"Pleno dia";"Crescente";"Céu Claro";"Dupla";"Reta";"Não";2;0;1;0;1;0;1;2;-25,52629711;-49,32958412;"SPRF-PR";"DEL01-PR";"UOP06-DEL01-PR"
507717;2023-02-28;"terça-feira";"16:00:00";"PI";343;624;"FLORIANO";"Reação tardia ou ineficiente do condutor";"Saída de leito carroçável";"Com Vítimas Fatais";"Pleno dia";"Decrescente";"Nublado";"Simples";"Reta";"Não";3;1;1;1;0;0;2;1;-6,965058;-43,238613;"SPRF-PI";"DEL03-PI";"UOP01-DEL03-PI"
507718;2023-02-28;"terça-feira";"18:20:00";"SP";116;289,2;"ITAPECERICA DA SERRA";"Pista esburacada";"Tombamento";"Com Vítimas Feridas";"Anoitecer";"Crescente";"Céu Claro";"Dupla";"Reta";"Não";2;0;1;1;0;0;2;1;-23,72290969;-46,89096614;"SPRF-SP";"DEL04-SP";"UOP01-DEL04-SP"
507719;2023-02-28;"terça-feira";"17:30:00";"RJ";40;121;"DUQUE DE CAXIAS";"Avarias e/ou desgaste excessivo no pneu";"Queda de ocupante de veículo";"Com Vítimas Feridas";"Anoitecer";"Decrescente";"Nublado";"Múltipla";"Reta";"Sim";1;0;0;1;0;0;1;1;-22,78185499;-43,28571273;"SPRF-RJ";"DEL01-RJ";"UOP01-DEL01-RJ"
507720;2023-02-28;"terça-feira";"17:45:00";"RO";364;343,1;"JI-PARANA";"Desrespeitar a preferência no cruzamento";"Colisão lateral mesmo sentido";"Com Vítimas Feridas";"Pleno dia";"Decrescente";"Chuva";"Dupla";"Interseção de Vias";"Sim";2;0;1;0;1;0;1;2;-10,87878519;-61,94499012;"SPRF-RO";"DEL02-RO";"UOP01-DEL02-RO"
507722;2023-02-28;"terça-feira";"19:10:00";"SP";116;123;"CACAPAVA";"Pedestre andava na pista";"Colisão lateral mesmo sentido";"Com Vítimas Feridas";"Plena Noite";"Decrescente";"Chuva";"Dupla";"Reta";"Sim";3;0;1;0;2;0;1;3;-23,08754228;-45,66969781;"SPRF-SP";"DEL02-SP";"UOP02-DEL02-SP"
507725;2023-02-28;"terça-feira";"19:15:00";"BA";116;425;"FEIRA DE SANTANA";"Reação tardia ou ineficiente do condutor";"Colisão traseira";"Com Vítimas Feridas";"Plena Noite";"Decrescente";"Céu Claro";"Simples";"Reta";"Sim";2;0;1;0;1;0;1;2;-12,23736613;-38,97999588;"SPRF-BA";"DEL02-BA";"UOP01-DEL02-BA"
507727;2023-02-28;"terça-feira";"19:35:00";"CE";116;17;"ITAITINGA";"Manobra de mudança de faixa";"Colisão traseira";"Com Vítimas Feridas";"Plena Noite";"Crescente";"Céu Claro";"Dupla";"Reta";"Sim";3;0;2;0;1;0;2;2;-3,89617918;-38,50336042;"SPRF-CE";"DEL01-CE";"UOP02-DEL01-CE"
507728;2023-02-28;"terça-feira";"20:10:00";"SP";101;49,5;"UBATUBA";"Acumulo de água sobre o pavimento";"Tombamento";"Com Vítimas Feridas";"Plena Noite";"Crescente";"Chuva";"Simples";"Reta";"Sim";2;0;2;0;0;0;2;1;-23,45018939;-45,07743735;"SPRF-SP";"DEL06-SP";"UOP01-DEL06-SP"
507734;2023-02-28;"terça-feira";"20:00:00";"SC";282;19;"PALHOCA";"Condutor deixou de manter distância do veículo da frente";"Colisão traseira";"Com Vítimas Feridas";"Plena Noite";"Decrescente";"Céu Claro";"Simples";"Reta";"Sim";3;0;3;0;0;0;3;2;-27,678635;-48,70192;"SPRF-SC";"DEL01-SC";"UOP02-DEL01-SC"
507736;2023-02-28;"terça-feira";"18:45:00";"RJ";493;19;"MAGE";"Desvio temporário";"Colisão transversal";"Com Vítimas Feridas";"Plena Noite";"Decrescente";"Nublado";"Dupla";"Reta;Desvio Temporário;Retorno Regulamentado";"Sim";2;0;1;0;1;0;1;2;-22,6663848;-43,02770248;"SPRF-RJ";"DEL04-RJ";"UOP02-DEL04-RJ"
507737;2023-02-28;"terça-feira";"18:20:00";"BA";101;49;"ITABUNA";"Acessar a via sem observar a presença dos outros veículos";"Colisão transversal";"Com Vítimas Feridas";"Anoitecer";"Crescente";"Céu Claro";"Simples";"Reta";"Sim";3;0;2;0;1;0;2;2;-14,82204;-39,309575;"SPRF-BA";"DEL01-BA";"UOP04-DEL01-BA"
507738;2023-02-28;"terça-feira";"20:15:00";"DF";20;12;"BRASILIA";"Manobra de mudança de faixa";"Colisão lateral mesmo sentido";"Com Vítimas Feridas";"Plena Noite";"Crescente";"Nublado";"Dupla";"Reta";"Não";2;0;1;0;1;0;1;2;-15,642812;-47,757786;"SPRF-DF";"DEL02-DF";"UOP01-DEL02-DF"
507740;2023-02-28;"terça-feira";"17:50:00";"RS";392;28;"RIO GRANDE";"Reação tardia ou ineficiente do condutor";"Colisão com objeto";"Sem Vítimas";"Pleno dia";"Decrescente";"Céu Claro";"Dupla";"Reta";"Sim";2;0;0;0;2;0;0;1;-32,06592409;-52,26686814;"SPRF-RS";"DEL07-RS";"UOP02-DEL07-RS"
507742;2023-02-28;"terça-feira";"20:30:00";"MA";316;229,4;"BOM JARDIM";"Transitar na contramão";"Colisão frontal";"Com Vítimas Feridas";"Plena Noite";"Decrescente";"Ignorado";"Simples";"Reta";"Sim";3;0;0;3;0;0;3;2;-3,538001;-45,614196;"SPRF-MA";"DEL02-MA";"UOP01-DEL02-MA"
507743;2023-02-28;"terça-feira";"17:40:00";"MS";163;18,2;"MUNDO NOVO";"Acessar a via sem observar a presença dos outros veículos";"Colisão transversal";"Com Vítimas Feridas";"Plena Noite";"Decrescente";"Garoa/Chuvisco";"Simples";"Reta";"Sim";2;0;1;0;1;0;1;2;-23,94186304;-54,28068144;"SPRF-MS";"DEL09-MS";"UOP02-DEL09-MS"
507744;2023-02-28;"terça-feira";"20:17:00";"MS";163;316;"RIO BRILHANTE";"Ausência de reação do condutor";"Tombamento";"Com Vítimas Feridas";"Plena Noite";"Crescente";"Chuva";"Dupla";"Rotatória";"Não";1;0;1;0;0;0;1;1;-21,84371195;-54,53746389;"SPRF-MS";"DEL02-MS";"UOP02-DEL02-MS"
507746;2023-02-28;"terça-feira";"19:00:00";"PR";163;198,9;"CASCAVEL";"Ausência de reação do condutor";"Colisão transversal";"Com Vítimas Feridas";"Plena Noite";"Crescente";"Chuva";"Simples";"Reta";"Não";2;0;0;1;1;0;1;2;-25,03995614;-53,55709566;"SPRF-PR";"DEL05-PR";"UOP05-DEL05-PR"
507747;2023-02-28;"terça-feira";"20:40:00";"MG";116;532,2;"SANTA RITA DE MINAS";"Ingestão de álcool pelo condutor";"Tombamento";"Com Vítimas Feridas";"Plena Noite";"Crescente";"Céu Claro";"Simples";"Curva";"Não";2;0;2;0;0;0;2;1;-19,82774609;-42,13965431;"SPRF-MG";"DEL06-MG";"UOP02-DEL06-MG"
507749;2023-01-22;"domingo";"09:30:00";"PR";277;336;"GUARAPUAVA";"Ingestão de álcool pelo condutor";"Colisão com objeto";"Com Vítimas Feridas";"Pleno dia";"Decrescente";"Céu Claro";"Dupla";"Curva";"Não";4;0;3;0;1;0;3;2;-25,35620267;-51,36067277;"SPRF-PR";"DEL08-PR";"UOP01-DEL08-PR"
507752;2023-02-28;"terça-feira";"19:50:00";"ES";101;82,4;"SAO MATEUS";"Reação tardia ou ineficiente do condutor";"Queda de ocupante de veículo";"Com Vítimas Feridas";"Plena Noite";"Crescente";"Céu Claro";"Simples";"Reta;Aclive";"Não";1;0;1;0;0;0;1;1;-18,83616999;-39,91775501;"SPRF-ES";"DEL04-ES";"UOP02-DEL04-ES"
507753;2023-02-28;"terça-feira";"21:30:00";"SE";101;36;"CAPELA";"Demais falhas mecânicas ou elétricas";"Tombamento";"Com Vítimas Feridas";"Plena Noite";"Decrescente";"Céu Claro";"Dupla";"Reta";"Não";1;0;1;0;0;0;1;1;-10,49230498;-36,94471029;"SPRF-SE";"DEL02-SE";"UOP02-DEL02-SE"
507754;2023-02-28;"terça-feira";"22:00:00";"MG";381;455,6;"BELO HORIZONTE";"Ausência de reação do condutor";"Colisão frontal";"Com Vítimas Feridas";"Plena Noite";"Decrescente";"Céu Claro";"Simples";"Curva;Declive";"Não";2;0;0;1;1;0;1;2;-19,838044;-43,882776;"SPRF-MG";"DEL01-MG";"UOP01-DEL01-MG"
507755;2023-02-28;"terça-feira";"22:00:00";"PE";104;61;"CARUARU";"Ingestão de álcool pelo condutor";"Queda de ocupante de veículo";"Com Vítimas Feridas";"Plena Noite";"Crescente";"Céu Claro";"Dupla";"Reta;Retorno Regulamentado";"Não";1;0;1;0;0;0;1;1;-8,2529;-35,9751;"SPRF-PE";"DEL02-PE";"UOP01-DEL02-PE"
507756;2023-02-28;"terça-feira";"22:00:00";"GO";60;248,5;"INDIARA";"Acumulo de areia ou detritos sobre o pavimento";"Saída de leito carroçável";"Com Vítimas Feridas";"Plena Noite";"Crescente";"Céu Claro";"Dupla";"Reta";"Não";3;0;2;0;1;0;2;1;-17,1134;-49,9449;"SPRF-GO";"DEL01-GO";"UOP02-DEL01-GO"
507758;2023-01-19;"quinta-feira";"08:30:00";"ES";101;405;"ITAPEMIRIM";"Transitar na contramão";"Colisão frontal";"Com Vítimas Feridas";"Pleno dia";"Crescente";"Céu Claro";"Simples";"Reta";"Não";2;0;0;1;1;0;1;2;-20,90045516;-41,01499799;"SPRF-ES";"DEL03-ES";"UOP02-DEL03-ES"
507760;2023-02-28;"terça-feira";"16:40:00";"RJ";40;120;"DUQUE DE CAXIAS";"Manobra de mudança de faixa";"Colisão com objeto";"Com Vítimas Feridas";"Pleno dia";"Decrescente";"Céu Claro";"Múltipla";"Reta;Interseção de Vias";"Sim";2;0;1;0;1;0;1;2;-22,772526;-43,28603;"SPRF-RJ";"DEL01-RJ";"UOP01-DEL01-RJ"
507761;2023-02-28;"terça-feira";"08:00:00";"MA";10;251,5;"IMPERATRIZ";"Acessar a via sem observar a presença dos outros veículos";"Colisão transversal";"Com Vítimas Feridas";"Pleno dia";"Crescente";"Céu Claro";"Simples";"Reta";"Sim";2;0;1;0;1;0;1;2;-5,543249;-47,464447;"SPRF-MA";"DEL04-MA";"UOP01-DEL04-MA"
507762;2023-02-28;"terça-feira";"22:30:00";"RS";470;217;"BENTO GONCALVES";"Animais na Pista";"Atropelamento de Animal";"Com Vítimas Feridas";"Plena Noite";"Decrescente";"Céu Claro";"Simples";"Curva";"Sim";1;0;1;0;0;0;1;1;-29,17777572;-51,51848307;"SPRF-RS";"DEL06-RS";"UOP01-DEL06-RS"
507768;2023-02-28;"terça-feira";"23:20:00";"RJ";393;137;"SAPUCAIA";"Reação tardia ou ineficiente do condutor";"Queda de ocupante de veículo";"Com Vítimas Feridas";"Plena Noite";"Decrescente";"Céu Claro";"Simples";"Reta";"Sim";1;0;1;0;0;0;1;1;-21,99811503;-42,92231799;"SPRF-RJ";"DEL05-RJ";"UOP01-DEL05-RJ"
507769;2023-03-01;"quarta-feira";"00:17:00";"GO";40;24;"LUZIANIA";"Acessar a via sem observar a presença dos outros veículos";"Colisão transversal";"Com Vítimas Feridas";"Plena Noite";"Crescente";"Céu Claro";"Dupla";"Reta;Interseção de Vias";"Sim";3;0;1;0;2;0;1;2;-16,252738;-47,900437;"SPRF-DF";"DEL01-DF";"UOP01-DEL01-DF"
507770;2023-02-28;"terça-feira";"22:40:00";"RO";364;695;"CANDEIAS DO JAMARI";"Manobra de mudança de faixa";"Colisão transversal";"Com Vítimas Feridas";"Plena Noite";"Crescente";"Céu Claro";"Dupla";"Reta";"Não";3;0;3;0;0;0;3;2;-8,80046896;-63,725947;"SPRF-RO";"DEL01-RO";"UOP01-DEL01-RO"
507771;2023-02-28;"terça-feira";"23:00:00";"PB";104;129,6;"CAMPINA GRANDE";"Acessar a via sem observar a presença dos outros veículos";"Colisão frontal";"Com Vítimas Feridas";"Plena Noite";"Decrescente";"Céu Claro";"Simples";"Curva;Desvio Temporário";"Não";2;0;0;2;0;0;2;2;-7,28120589;-35,88915693;"SPRF-PB";"DEL02-PB";"UOP03-DEL02-PB"
507774;2023-01-07;"sábado";"04:40:00";"BA";324;622;"SALVADOR";"Pedestre andava na pista";"Atropelamento de Pedestre";"Com Vítimas Fatais";"Amanhecer";"Decrescente";"Nublado";"Múltipla";"Reta";"Não";3;1;0;0;1;1;0;2;-12,91888605;-38,46502095;"SPRF-BA";"DEL01-BA";"UOP01-DEL01-BA"
507776;2023-02-28;"terça-feira";"21:00:00";"MS";262;120;"AGUA CLARA";"Transitar na contramão";"Saída de leito carroçável";"Com Vítimas Feridas";"Plena Noite";"Decrescente";"Nublado";"Simples";"Reta";"Não";2;0;1;0;0;1;1;2;-20,50642214;-52,67299202;"SPRF-MS";"DEL07-MS";"UOP02-DEL07-MS"
507778;2023-03-01;"quarta-feira";"05:20:00";"MG";40;553;"NOVA LIMA";"Ausência de reação do condutor";"Capotamento";"Com Vítimas Feridas";"Amanhecer";"Decrescente";"Céu Claro";"Dupla";"Curva";"Sim";3;0;0;1;2;0;1;1;-20,06863326;-43,98194759;"SPRF-MG";"DEL01-MG";"UOP02-DEL01-MG"
507782;2023-02-28;"terça-feira";"07:57:00";"PE";407;126;"PETROLINA";"Acessar a via sem observar a presença dos outros veículos";"Colisão transversal";"Com Vítimas Feridas";"Pleno dia";"Decrescente";"Céu Claro";"Simples";"Reta";"Sim";2;0;1;0;0;1;1;2;-9,38491309;-40,52809509;"SPRF-PE";"DEL06-PE";"UOP01-DEL06-PE"
507783;2023-02-28;"terça-feira";"18:30:00";"BA";324;410;"NOVA FATIMA";"Ultrapassagem Indevida";"Colisão frontal";"Com Vítimas Feridas";"Plena Noite";"Crescente";"Céu Claro";"Simples";"Reta";"Não";3;0;3;0;0;0;3;2;-11,6433977;-39,59174072;"SPRF-BA";"DEL04-BA";"UOP02-DEL04-BA"
507784;2023-03-01;"quarta-feira";"07:00:00";"PR";369;145;"LONDRINA";"Reação tardia ou ineficiente do condutor";"Queda de ocupante de veículo";"Com Vítimas Feridas";"Pleno dia";"Crescente";"Chuva";"Dupla";"Declive";"Não";1;0;0;1;0;0;1;1;-23,29362082;-51,11013114;"SPRF-PR";"DEL07-PR";"UOP01-DEL07-PR"
507785;2023-02-28;"terça-feira";"22:30:00";"RJ";116;68;"TERESOPOLIS";"Ingestão de álcool ou de substâncias psicoativas pelo pedestre";"Atropelamento de Pedestre";"Com Vítimas Feridas";"Plena Noite";"Decrescente";"Céu Claro";"Simples";"Reta";"Não";2;0;1;0;1;0;1;2;-22,30203301;-42,93608798;"SPRF-RJ";"DEL04-RJ";"UOP01-DEL04-RJ"
507786;2023-03-01;"quarta-feira";"00:20:00";"PR";369;189;"ARAPONGAS";"Ausência de reação do condutor";"Saída de leito carroçável";"Sem Vítimas";"Plena Noite";"Crescente";"Chuva";"Dupla";"Reta";"Não";1;0;0;0;0;1;0;1;-23,437453;-51,422547;"SPRF-PR";"DEL07-PR";"UOP03-DEL07-PR"
507787;2023-02-13;"segunda-feira";"14:15:00";"PR";467;80;"TOLEDO";"Reação tardia ou ineficiente do condutor";"Capotamento";"Com Vítimas Feridas";"Pleno dia";"Crescente";"Nublado";"Dupla";"Curva";"Não";4;0;3;0;1;0;3;1;-24,7875;-53,6778;"SPRF-PR";"DEL04-PR";"UOP01-DEL04-PR"
507788;2023-02-28;"terça-feira";"17:00:00";"RJ";393;284;"VOLTA REDONDA";"Acessar a via sem observar a presença dos outros veículos";"Colisão transversal";"Com Vítimas Feridas";"Pleno dia";"Decrescente";"Céu Claro";"Simples";"Interseção de Vias";"Não";2;0;1;0;0;1;1;2;-22,47341979;-44,05990606;"SPRF-RJ";"DEL05-RJ";"UOP04-DEL05-RJ"
507789;2023-03-01;"quarta-feira";"07:15:00";"PB";230;26,9;"JOAO PESSOA";"Condutor deixou de manter distância do veículo da frente";"Tombamento";"Com Vítimas Feridas";"Pleno dia";"Crescente";"Sol";"Dupla";"Reta";"Sim";2;0;2;0;0;0;2;1;-7,16583583;-34,88913417;"SPRF-PB";"DEL01-PB";"UOP01-DEL01-PB"
507790;2023-03-01;"quarta-feira";"07:15:00";"SC";101;117;"ITAJAI";"Reação tardia ou ineficiente do condutor";"Tombamento";"Com Vítimas Feridas";"Pleno dia";"Crescente";"Céu Claro";"Múltipla";"Reta";"Sim";1;0;1;0;0;0;1;1;-26,88747187;-48,72252969;"SPRF-SC";"DEL04-SC";"UOP04-DEL04-SC"
507791;2023-02-28;"terça-feira";"20:00:00";"MT";163;872;"SINOP";"Acumulo de água sobre o pavimento";"Saída de leito carroçável";"Com Vítimas Feridas";"Plena Noite";"Crescente";"Chuva";"Simples";"Curva;Declive";"Não";1;0;1;0;0;0;1;1;-11,66415007;-55,44397073;"SPRF-MT";"DEL06-MT";"UOP02-DEL06-MT"
507792;2023-03-01;"quarta-feira";"07:40:00";"PR";116;118;"CURITIBA";"Reação tardia ou ineficiente do condutor";"Colisão traseira";"Com Vítimas Feridas";"Amanhecer";"Crescente";"Garoa/Chuvisco";"Dupla";"Reta;Declive";"Sim";4;0;0;1;3;0;1;2;-25,54657438;-49,29173608;"SPRF-PR";"DEL01-PR";"UOP03-DEL01-PR"
507793;2023-03-01;"quarta-feira";"07:50:00";"RN";406;169,2;"SAO GONCALO DO AMARANTE";"Mal súbito do condutor";"Colisão com objeto";"Com Vítimas Feridas";"Pleno dia";"Crescente";"Céu Claro";"Dupla";"Reta";"Sim";1;0;1;0;0;0;1;1;-5,75570118;-35,30728507;"SPRF-RN";"DEL02-RN";"UOP01-DEL02-RN"
507794;2023-02-28;"terça-feira";"18:45:00";"RO";364;13;"VILHENA";"Acessar a via sem observar a presença dos outros veículos";"Colisão transversal";"Com Vítimas Feridas";"Plena Noite";"Crescente";"Céu Claro";"Dupla";"Reta";"Sim";2;0;0;1;0;1;1;2;-12,74140004;-60,13026401;"SPRF-RO";"DEL04-RO";"UOP01-DEL04-RO"
507795;2023-03-01;"quarta-feira";"08:00:00";"RN";101;103;"PARNAMIRIM";"Acessar a via sem observar a presença dos outros veículos";"Colisão traseira";"Com Vítimas Feridas";"Pleno dia";"Crescente";"Céu Claro";"Múltipla";"Reta";"Sim";3;0;2;0;1;0;2;3;-5,89034022;-35,24894996;"SPRF-RN";"DEL01-RN";"UOP01-DEL01-RN"
507796;2023-03-01;"quarta-feira";"06:45:00";"MS";163;485;"CAMPO GRANDE";"Manobra de mudança de faixa";"Colisão lateral mesmo sentido";"Com Vítimas Feridas";"Pleno dia";"Crescente";"Céu Claro";"Simples";"Reta";"Sim";2;0;2;0;0;0;2;2;-20,44233707;-54,54201834;"SPRF-MS";"DEL01-MS";"UOP02-DEL01-MS"
507797;2023-03-01;"quarta-feira";"08:25:00";"SP";116;228;"SAO PAULO";"Reação tardia ou ineficiente do condutor";"Colisão lateral mesmo sentido";"Com Vítimas Feridas";"Pleno dia";"Crescente";"Céu Claro";"Múltipla";"Reta";"Sim";2;0;1;0;1;0;1;2;-23,50343484;-46,56638712;"SPRF-SP";"DEL01-SP";"UOP01-DEL01-SP"
507798;2023-03-01;"quarta-feira";"07:40:00";"RN";101;98,3;"NATAL";"Ausência de reação do condutor";"Colisão traseira";"Com Vítimas Feridas";"Pleno dia";"Decrescente";"Céu Claro";"Dupla";"Reta";"Sim";4;0;1;0;2;1;1;3;-5,86567888;-35,21651625;"SPRF-RN";"DEL01-RN";"UOP01-DEL01-RN"
507800;2023-03-01;"quarta-feira";"08:00:00";"RJ";356;75;"ITALVA";"Ausência de reação do condutor";"Colisão traseira";"Com Vítimas Feridas";"Pleno dia";"Crescente";"Céu Claro";"Simples";"Reta";"Não";2;0;1;0;1;0;1;2;-21,42140416;-41,69075621;"SPRF-RJ";"DEL08-RJ";"UOP03-DEL08-RJ"