"id";"data_inversa";"dia_semana";"horario";"uf";"br";"km";"municipio";"causa_acidente";"tipo_acidente";"classificacao_acidente";"fase_dia";"sentido_via";"condicao_metereologica";"tipo_pista";"tracado_via";"uso_solo";"pessoas";"mortos";"feridos_leves";"feridos_graves";"ilesos";"ignorados";"feridos";"veiculos";"latitude";"longitude";"regional";"delegacia";"uop"
507804;2023-03-01;"quarta-feira";"06:10:00";"RJ";101;481;"ANGRA DOS REIS";"Condutor Dormindo";"Saída de leito carroçável";"Com Vítimas Feridas";"Amanhecer";"Crescente";"Céu Claro";"Simples";"Reta";"Não";1;0;1;0;0;0;1;1;-23,00976021;-44,29153237;"SPRF-RJ";"DEL03-RJ";"UOP03-DEL03-RJ"
507805;2023-03-01;"quarta-feira";"09:30:00";"SC";282;2;"FLORIANOPOLIS";"Ausência de reação do condutor";"Colisão lateral mesmo sentido";"Com Vítimas Feridas";"Pleno dia";"Decrescente";"Nublado";"Múltipla";"Reta";"Sim";2;0;1;0;1;0;1;2;-27,603289;-48,590416;"SPRF-SC";"DEL01-SC";"UOP01-DEL01-SC"
507808;2023-03-01;"quarta-feira";"09:00:00";"MG";40;521,3;"CONTAGEM";"Ausência de reação do condutor";"Tombamento";"Com Vítimas Feridas";"Pleno dia";"Decrescente";"Céu Claro";"Dupla";"Curva";"Não";1;0;1;0;0;0;1;1;-19,85651501;-44,07213222;"SPRF-MG";"DEL01-MG";"UOP02-DEL01-MG"
507809;2023-02-28;"terça-feira";"10:00:00";"BA";367;25;"PORTO SEGURO";"Conversão proibida";"Colisão lateral mesmo sentido";"Com Vítimas Feridas";"Pleno dia";"Decrescente";"Céu Claro";"Simples";"Reta";"Sim";2;0;1;0;1;0;1;2;-16,435942;-39,093975;"SPRF-BA";"DEL09-BA";"UOP03-DEL09-BA"
507810;2023-02-26;"domingo";"15:27:00";"ES";101;173;"ARACRUZ";"Acessar a via sem observar a presença dos outros veículos";"Colisão transversal";"Com Vítimas Feridas";"Pleno dia";"Decrescente";"Céu Claro";"Simples";"Interseção de Vias";"Sim";2;0;1;0;1;0;1;2;-19,57221883;-40,18397327;"SPRF-ES";"DEL04-ES";"UOP01-DEL04-ES"
507812;2023-03-01;"quarta-feira";"08:00:00";"BA";367;84;"EUNAPOLIS";"Acessar a via sem observar a presença dos outros veículos";"Colisão transversal";"Com Vítimas Feridas";"Pleno dia";"Crescente";"Nublado";"Múltipla";"Reta;Interseção de Vias";"Sim";2;0;1;0;1;0;1;2;-16,374271;-39,578713;"SPRF-BA";"DEL09-BA";"UOP03-DEL09-BA"
507815;2023-03-01;"quarta-feira";"08:05:00";"PB";230;290,4;"SANTA LUZIA";"Manobra de mudança de faixa";"Colisão frontal";"Com Vítimas Feridas";"Pleno dia";"Decrescente";"Céu Claro";"Simples";"Reta";"Sim";2;0;1;1;0;0;2;2;-6,8742;-36,9085;"SPRF-PB";"DEL03-PB";"UOP01-DEL03-PB"
507816;2023-03-01;"quarta-feira";"10:00:00";"BA";101;592;"CAMACAN";"Ausência de reação do condutor";"Saída de leito carroçável";"Com Vítimas Feridas";"Pleno dia";"Decrescente";"Céu Claro";"Simples";"Reta";"Não";4;0;1;0;3;0;1;1;-15,46757799;-39,44297791;"SPRF-BA";"DEL05-BA";"UOP02-DEL05-BA"
507820;2023-02-01;"quarta-feira";"08:25:00";"PR";376;176;"MARINGA";"Manobra de mudança de faixa";"Colisão lateral mesmo sentido";"Com Vítimas Feridas";"Pleno dia";"Crescente";"Céu Claro";"Múltipla";"Reta";"Sim";3;0;1;0;1;1;1;3;-23,41269173;-51,93158327;"SPRF-PR";"DEL09-PR";"UOP01-DEL09-PR"
507823;2023-03-01;"quarta-feira";"09:45:00";"RR";401;1;"BOA VISTA";"Acessar a via sem observar a presença dos outros veículos";"Colisão transversal";"Com Vítimas Feridas";"Pleno dia";"Crescente";"Céu Claro";"Múltipla";"Reta;Interseção de Vias";"Sim";2;0;1;0;1;0;1;2;2,80229396;-60,68243402;"SPRF-RR";"DEL01-RR";"UOP01-DEL01-RR"
507825;2023-02-27;"segunda-feira";"12:00:00";"BA";235;470;"CASA NOVA";"Animais na Pista";"Capotamento";"Com Vítimas Feridas";"Pleno dia";"Crescente";"Céu Claro";"Simples";"Reta";"Não";1;0;1;0;0;0;1;1;-9,31347828;-41,70285297;"SPRF-BA";"DEL04-BA";"UOP01-DEL04-BA"
507829;2023-03-01;"quarta-feira";"10:00:00";"SC";282;511,9;"XANXERE";"Frear bruscamente";"Colisão transversal";"Com Vítimas Feridas";"Pleno dia";"Crescente";"Céu Claro";"Simples";"Reta;Declive";"Não";3;0;1;0;2;0;1;3;-26,90907275;-52,46948373;"SPRF-SC";"DEL07-SC";"UOP01-DEL07-SC"
507830;2023-03-01;"quarta-feira";"12:25:00";"RJ";116;180,3;"NOVA IGUACU";"Reação tardia ou ineficiente do condutor";"Colisão traseira";"Com Vítimas Feridas";"Pleno dia";"Decrescente";"Céu Claro";"Múltipla";"Reta";"Não";3;0;1;1;1;0;2;3;-22,76597233;-43,41438532;"SPRF-RJ";"DEL01-RJ";"UOP02-DEL01-RJ"
507834;2023-03-01;"quarta-feira";"13:20:00";"SP";116;188;"SANTA ISABEL";"Velocidade Incompatível";"Queda de ocupante de veículo";"Com Vítimas Fatais";"Pleno dia";"Decrescente";"Céu Claro";"Dupla";"Curva";"Sim";3;1;0;1;1;0;1;2;-23,3594352;-46,21675791;"SPRF-SP";"DEL01-SP";"UOP01-DEL01-SP"
507838;2023-03-01;"quarta-feira";"13:00:00";"RS";285;475,2;"CORONEL BARROS";"Ausência de reação do condutor";"Colisão com objeto";"Com Vítimas Feridas";"Pleno dia";"Decrescente";"Céu Claro";"Simples";"Reta;Declive";"Sim";1;0;1;0;0;0;1;1;-28,38264121;-54,05821681;"SPRF-RS";"DEL10-RS";"UOP01-DEL10-RS"
507839;2023-03-01;"quarta-feira";"12:20:00";"PR";476;99;"BOCAIUVA DO SUL";"Reação tardia ou ineficiente do condutor";"Colisão transversal";"Com Vítimas Feridas";"Pleno dia";"Decrescente";"Nublado";"Simples";"Reta";"Não";3;0;2;1;0;0;3;2;-25,24640387;-49,13725376;"SPRF-PR";"DEL01-PR";"UOP01-DEL01-PR"
507840;2023-03-01;"quarta-feira";"09:20:00";"RJ";40;109;"DUQUE DE CAXIAS";"Área urbana sem a presença de local apropriado para a travessia de pedestres";"Atropelamento de Pedestre";"Com Vítimas Feridas";"Pleno dia";"Decrescente";"Céu Claro";"Múltipla";"Reta";"Não";2;0;0;1;1;0;1;2;-22,67374628;-43,28638368;"SPRF-RJ";"DEL01-RJ";"UOP01-DEL01-RJ"
507841;2023-02-07;"terça-feira";"07:04:00";"RN";226;12,9;"MACAIBA";"Ultrapassagem Indevida";"Colisão transversal";"Com Vítimas Feridas";"Pleno dia";"Decrescente";"Céu Claro";"Simples";"Reta;Interseção de Vias";"Não";3;0;2;0;1;0;2;2;-5,84748382;-35,31212402;"SPRF-RN";"DEL01-RN";"UOP02-DEL01-RN"
507842;2023-03-01;"quarta-feira";"14:00:00";"RJ";356;150;"CAMPOS DOS GOYTACAZES";"Reação tardia ou ineficiente do condutor";"Queda de ocupante de veículo";"Com Vítimas Feridas";"Pleno dia";"Decrescente";"Céu Claro";"Múltipla";"Rotatória";"Não";2;0;1;0;1;0;1;2;-21,76605928;-41,27368309;"SPRF-RJ";"DEL08-RJ";"UOP02-DEL08-RJ"
507844;2023-03-01;"quarta-feira";"13:15:00";"SC";101;131;"BALNEARIO CAMBORIU";"Condutor deixou de manter distância do veículo da frente";"Colisão traseira";"Com Vítimas Feridas";"Pleno dia";"Crescente";"Sol";"Simples";"Reta";"Não";2;0;1;0;1;0;1;2;-26,99064209;-48,66310912;"SPRF-SC";"DEL04-SC";"UOP03-DEL04-SC"
507846;2023-03-01;"quarta-feira";"12:14:00";"PR";277;716;"SANTA TEREZINHA DE ITAIPU";"Conversão proibida";"Saída de leito carroçável";"Sem Vítimas";"Pleno dia";"Crescente";"Céu Claro";"Dupla";"Reta";"Não";1;0;0;0;0;1;0;1;-25,47252277;-54,46707409;"SPRF-PR";"DEL05-PR";"UOP01-DEL05-PR"
507847;2023-03-01;"quarta-feira";"14:30:00";"SC";101;231,5;"PALHOCA";"Condutor deixou de manter distância do veículo da frente";"Queda de ocupante de veículo";"Com Vítimas Feridas";"Pleno dia";"Crescente";"Céu Claro";"Dupla";"Aclive;Reta";"Não";1;0;1;0;0;0;1;1;-27,79903306;-48,63741325;"SPRF-SC";"DEL01-SC";"UOP02-DEL01-SC"
507851;2023-02-26;"domingo";"07:00:00";"RN";405;157;"RAFAEL FERNANDES";"Animais na Pista";"Atropelamento de Animal";"Sem Vítimas";"Pleno dia";"Crescente";"Sol";"Simples";"Reta";"Não";1;0;0;0;1;0;0;1;-6,16743001;-38,20962396;"SPRF-RN";"DEL04-RN";"UOP02-DEL04-RN"
507852;2023-03-01;"quarta-feira";"10:40:00";"MT";70;315,7;"DOM AQUINO";"Acessar a via sem observar a presença dos outros veículos";"Colisão transversal";"Com Vítimas Fatais";"Pleno dia";"Crescente";"Céu Claro";"Simples";"Reta";"Não";4;1;1;0;2;0;1;2;-15,55657861;-54,59855688;"SPRF-MT";"DEL05-MT";"UOP01-DEL05-MT"
507853;2023-03-01;"quarta-feira";"14:40:00";"SC";101;200;"SAO JOSE";"Reação tardia ou ineficiente do condutor";"Colisão com objeto";"Com Vítimas Feridas";"Pleno dia";"Crescente";"Céu Claro";"Simples";"Reta;Interseção de Vias";"Sim";1;0;1;0;0;0;1;1;-27,54018513;-48,62287714;"SPRF-SC";"DEL01-SC";"UOP01-DEL01-SC"
507854;2023-02-14;"terça-feira";"20:45:00";"MS";163;659,9;"RIO VERDE DE MATO GROSSO";"Animais na Pista";"Atropelamento de Animal";"Sem Vítimas";"Plena Noite";"Decrescente";"Nublado";"Simples";"Declive";"Não";1;0;0;0;1;0;0;1;-19,08794709;-54,77892912;"SPRF-MS";"DEL06-MS";"UOP02-DEL06-MS"
507856;2023-02-24;"sexta-feira";"15:30:00";"RS";470;167,5;"VILA FLORES";"Acessar a via sem observar a presença dos outros veículos";"Colisão transversal";"Com Vítimas Feridas";"Pleno dia";"Decrescente";"Sol";"Simples";"Interseção de Vias;Curva";"Sim";2;0;0;1;1;0;1;2;-28,859196;-51,555248;"SPRF-RS";"DEL06-RS";"UOP02-DEL06-RS"
507858;2023-03-01;"quarta-feira";"14:30:00";"RS";158;198;"CRUZ ALTA";"Ingestão de álcool pelo condutor";"Colisão com objeto";"Com Vítimas Feridas";"Pleno dia";"Crescente";"Sol";"Simples";"Interseção de Vias";"Sim";1;0;1;0;0;0;1;1;-28,66870493;-53,59154373;"SPRF-RS";"DEL10-RS";"UOP02-DEL10-RS"
507859;2023-03-01;"quarta-feira";"14:00:00";"RJ";101;307;"SAO GONCALO";"Frear bruscamente";"Colisão traseira";"Com Vítimas Feridas";"Pleno dia";"Decrescente";"Céu Claro";"Dupla";"Reta";"Não";2;0;1;0;0;1;1;2;-22,79115777;-43,01514205;"SPRF-RJ";"DEL02-RJ";"UOP02-DEL02-RJ"
507860;2023-03-01;"quarta-feira";"14:30:00";"MG";50;68;"UBERLANDIA";"Desrespeitar a preferência no cruzamento";"Colisão transversal";"Com Vítimas Feridas";"Pleno dia";"Crescente";"Nublado";"Simples";"Reta";"Sim";2;0;0;1;1;0;1;2;-18,85140204;-48,25345932;"SPRF-MG";"DEL15-MG";"UOP02-DEL15-MG"
507861;2023-03-01;"quarta-feira";"15:00:00";"PE";428;186,5;"PETROLINA";"Manobra de mudança de faixa";"Colisão lateral mesmo sentido";"Com Vítimas Feridas";"Pleno dia";"Crescente";"Sol";"Dupla";"Reta";"Sim";3;0;2;0;1;0;2;2;-9,364453;-40,483057;"SPRF-PE";"DEL06-PE";"UOP01-DEL06-PE"
507868;2023-03-01;"quarta-feira";"15:30:00";"MG";262;438,5;"NOVA SERRANA";"Transitar na contramão";"Colisão frontal";"Com Vítimas Feridas";"Pleno dia";"Crescente";"Céu Claro";"Dupla";"Reta";"Não";2;0;0;1;1;0;1;2;-19,89280962;-44,878453;"SPRF-MG";"DEL08-MG";"UOP03-DEL08-MG"
507869;2023-03-01;"quarta-feira";"16:45:00";"RS";116;259;"CANOAS";"Ausência de reação do condutor";"Tombamento";"Com Vítimas Feridas";"Pleno dia";"Decrescente";"Céu Claro";"Múltipla";"Declive;Reta";"Sim";1;0;0;1;0;0;1;1;-29,870408;-51,179909;"SPRF-RS";"DEL01-RS";"UOP02-DEL01-RS"
507870;2023-03-01;"quarta-feira";"16:45:00";"PE";316;5;"ARARIPINA";"Acesso irregular";"Colisão lateral mesmo sentido";"Com Vítimas Feridas";"Anoitecer";"Crescente";"Céu Claro";"Simples";"Reta";"Não";3;0;0;1;2;0;1;2;-7,46774582;-40,62297981;"SPRF-PE";"DEL05-PE";"UOP02-DEL05-PE"
507872;2023-03-01;"quarta-feira";"17:20:00";"PB";230;18;"JOAO PESSOA";"Condutor deixou de manter distância do veículo da frente";"Colisão traseira";"Com Vítimas Feridas";"Anoitecer";"Crescente";"Céu Claro";"Dupla";"Reta";"Não";2;0;1;0;1;0;1;2;-7,1198;-34,8453;"SPRF-PB";"DEL01-PB";"UOP01-DEL01-PB"
507874;2023-03-01;"quarta-feira";"16:24:00";"MS";262;326;"CAMPO GRANDE";"Ausência de reação do condutor";"Colisão traseira";"Com Vítimas Feridas";"Pleno dia";"Decrescente";"Céu Claro";"Dupla";"Reta";"Sim";2;0;0;1;1;0;1;2;-20,46867409;-54,53455902;"SPRF-MS";"DEL01-MS";"UOP01-DEL01-MS"
507875;2023-03-01;"quarta-feira";"17:10:00";"ES";101;147,1;"LINHARES";"Condutor deixou de manter distância do veículo da frente";"Colisão traseira";"Com Vítimas Feridas";"Anoitecer";"Decrescente";"Céu Claro";"Simples";"Reta;Interseção de Vias";"Sim";2;0;1;1;0;0;2;2;-19,37887202;-40,06657892;"SPRF-ES";"DEL04-ES";"UOP01-DEL04-ES"
507877;2023-03-01;"quarta-feira";"13:15:00";"SC";163;70;"SAO MIGUEL DO OESTE";"Acessar a via sem observar a presença dos outros veículos";"Colisão transversal";"Com Vítimas Feridas";"Pleno dia";"Decrescente";"Céu Claro";"Dupla";"Reta";"Sim";2;0;1;0;1;0;1;2;-26,72966649;-53,51170063;"SPRF-SC";"DEL07-SC";"UOP03-DEL07-SC"
507878;2023-02-19;"domingo";"20:30:00";"MS";376;38,5;"VICENTINA";"Transitar na contramão";"Colisão frontal";"Com Vítimas Feridas";"Plena Noite";"Crescente";"Nublado";"Simples";"Reta";"Não";5;0;0;5;0;0;5;2;-22,40949914;-54,43474966;"SPRF-MS";"DEL04-MS";"UOP01-DEL04-MS"
507879;2023-03-01;"quarta-feira";"17:50:00";"PR";277;726;"FOZ DO IGUACU";"Manobra de mudança de faixa";"Colisão lateral mesmo sentido";"Com Vítimas Feridas";"Pleno dia";"Crescente";"Céu Claro";"Dupla";"Curva";"Não";2;0;1;0;1;0;1;2;-25,5106015;-54,55481999;"SPRF-PR";"DEL05-PR";"UOP03-DEL05-PR"
507880;2023-03-01;"quarta-feira";"11:00:00";"PB";230;464;"SOUSA";"Condutor deixou de manter distância do veículo da frente";"Colisão traseira";"Com Vítimas Feridas";"Pleno dia";"Crescente";"Céu Claro";"Simples";"Interseção de Vias";"Sim";2;0;1;0;1;0;1;2;-6,7786;-38,2341;"SPRF-PB";"DEL03-PB";"UOP03-DEL03-PB"
507883;2023-03-01;"quarta-feira";"17:10:00";"SC";101;192;"BIGUACU";"Condutor deixou de manter distância do veículo da frente";"Engavetamento";"Com Vítimas Feridas";"Pleno dia";"Decrescente";"Céu Claro";"Múltipla";"Reta";"Sim";5;0;2;0;3;0;2;4;-27,48443781;-48,64765238;"SPRF-SC";"DEL01-SC";"UOP01-DEL01-SC"
507884;2023-03-01;"quarta-feira";"17:30:00";"RS";285;293,8;"PASSO FUNDO";"Ausência de reação do condutor";"Colisão lateral mesmo sentido";"Com Vítimas Feridas";"Pleno dia";"Crescente";"Sol";"Simples";"Interseção de Vias";"Sim";3;0;1;0;2;0;1;2;-28,23577802;-52,37882322;"SPRF-RS";"DEL08-RS";"UOP03-DEL08-RS"
507885;2023-03-01;"quarta-feira";"15:50:00";"BA";101;455;"URUCUCA";"Ausência de reação do condutor";"Saída de leito carroçável";"Com Vítimas Feridas";"Pleno dia";"Decrescente";"Céu Claro";"Simples";"Curva";"Não";2;0;1;1;0;0;2;1;-14,5094199;-39,33219556;"SPRF-BA";"DEL05-BA";"UOP01-DEL05-BA"
507888;2023-03-01;"quarta-feira";"17:20:00";"PR";376;171,3;"MARINGA";"Reação tardia ou ineficiente do condutor";"Colisão traseira";"Com Vítimas Feridas";"Anoitecer";"Decrescente";"Nublado";"Dupla";"Reta";"Sim";2;0;1;0;1;0;1;2;-23,41822772;-51,97500595;"SPRF-PR";"DEL09-PR";"UOP01-DEL09-PR"
507891;2023-03-01;"quarta-feira";"18:10:00";"PE";423;94,8;"GARANHUNS";"Acessar a via sem observar a presença dos outros veículos";"Colisão lateral mesmo sentido";"Com Vítimas Feridas";"Plena Noite";"Crescente";"Céu Claro";"Simples";"Reta;Aclive";"Sim";3;0;2;0;1;0;2;2;-8,874732;-36,46946;"SPRF-PE";"DEL03-PE";"UOP01-DEL03-PE"
507892;2023-03-01;"quarta-feira";"16:40:00";"GO";414;406;"ABADIANIA";"Avarias e/ou desgaste excessivo no pneu";"Saída de leito carroçável";"Com Vítimas Feridas";"Anoitecer";"Crescente";"Chuva";"Simples";"Reta;Declive";"Não";2;0;2;0;0;0;2;1;-16,02470219;-48,84286888;"SPRF-GO";"DEL02-GO";"UOP01-DEL02-GO"
507893;2023-03-01;"quarta-feira";"15:15:00";"RJ";493;18;"GUAPIMIRIM";"Acessar a via sem observar a presença dos outros veículos";"Colisão lateral mesmo sentido";"Com Vítimas Feridas";"Pleno dia";"Decrescente";"Sol";"Simples";"Reta";"Sim";2;0;0;1;1;0;1;2;-22,66738287;-43,02567959;"SPRF-RJ";"DEL04-RJ";"UOP02-DEL04-RJ"
507894;2023-03-01;"quarta-feira";"18:10:00";"SC";470;125,6;"LONTRAS";"Acessar a via sem observar a presença dos outros veículos";"Colisão frontal";"Com Vítimas Feridas";"Anoitecer";"Decrescente";"Sol";"Simples";"Curva";"Sim";2;0;1;0;1;0;1;2;-27,120506;-49,534946;"SPRF-SC";"DEL04-SC";"UOP02-DEL04-SC"
507896;2023-03-01;"quarta-feira";"18:30:00";"MG";153;212;"FRUTAL";"Acessar a via sem observar a presença dos outros veículos";"Colisão transversal";"Com Vítimas Feridas";"Pleno dia";"Crescente";"Nublado";"Simples";"Reta";"Não";4;0;1;0;3;0;1;2;-20,043429;-49,050406;"SPRF-MG";"DEL13-MG";"UOP02-DEL13-MG"
507897;2023-03-01;"quarta-feira";"18:30:00";"RN";110;49,9;"MOSSORO";"Reação tardia ou ineficiente do condutor";"Colisão traseira";"Com Vítimas Feridas";"Plena Noite";"Decrescente";"Céu Claro";"Dupla";"Reta";"Sim";3;0;1;1;0;1;2;2;-5,21645975;-37,32927128;"SPRF-RN";"DEL04-RN";"UOP01-DEL04-RN"
507898;2023-03-01;"quarta-feira";"11:00:00";"MS";262;468,1;"ANASTACIO";"Animais na Pista";"Atropelamento de Animal";"Sem Vítimas";"Pleno dia";"Crescente";"Sol";"Simples";"Reta";"Não";3;0;0;0;3;0;0;1;-20,51817542;-55,60770222;"SPRF-MS";"DEL03-MS";"UOP01-DEL03-MS"
507899;2023-03-01;"quarta-feira";"12:05:00";"RO";435;123;"CEREJEIRAS";"Condutor desrespeitou a iluminação vermelha do semáforo";"Colisão transversal";"Com Vítimas Feridas";"Pleno dia";"Crescente";"Céu Claro";"Múltipla";"Interseção de Vias";"Sim";2;0;1;0;1;0;1;2;-13,18889171;-60,808424;"SPRF-RO";"DEL04-RO";"UOP02-DEL04-RO"
507900;2023-03-01;"quarta-feira";"16:30:00";"MS";262;6;"TRES LAGOAS";"Reação tardia ou ineficiente do condutor";"Tombamento";"Com Vítimas Feridas";"Pleno dia";"Decrescente";"Céu Claro";"Dupla";"Reta;Interseção de Vias";"Sim";2;0;1;0;0;1;1;2;-20,78237921;-51,67197438;"SPRF-MS";"DEL07-MS";"UOP01-DEL07-MS"
507901;2023-03-01;"quarta-feira";"19:00:00";"PE";232;10,5;"JABOATAO DOS GUARARAPES";"Acumulo de óleo sobre o pavimento";"Queda de ocupante de veículo";"Com Vítimas Feridas";"Plena Noite";"Decrescente";"Chuva";"Simples";"Curva";"Sim";1;0;1;0;0;0;1;1;-8,07917241;-34,98718609;"SPRF-PE";"DEL01-PE";"UOP01-DEL01-PE"
507903;2023-03-01;"quarta-feira";"19:55:00";"DF";20;20,6;"BRASILIA";"Ausência de reação do condutor";"Saída de leito carroçável";"Com Vítimas Feridas";"Plena Noite";"Crescente";"Céu Claro";"Dupla";"Aclive;Reta";"Sim";2;0;1;0;1;0;1;1;-15,607905;-47,692791;"SPRF-DF";"DEL02-DF";"UOP01-DEL02-DF"
507905;2023-03-01;"quarta-feira";"20:55:00";"PB";230;27,7;"JOAO PESSOA";"Velocidade Incompatível";"Capotamento";"Sem Vítimas";"Plena Noite";"Crescente";"Céu Claro";"Dupla";"Reta";"Sim";1;0;0;0;0;1;0;1;-7,16502854;-34,89393581;"SPRF-PB";"DEL01-PB";"UOP01-DEL01-PB"
507906;2023-03-01;"quarta-feira";"20:30:00";"GO";153;437,6;"ANAPOLIS";"Ingestão de álcool pelo condutor";"Colisão traseira";"Com Vítimas Feridas";"Plena Noite";"Decrescente";"Chuva";"Dupla";"Reta";"Não";2;0;0;1;0;1;1;2;-16,30670049;-48,92389569;"SPRF-GO";"DEL02-GO";"UOP01-DEL02-GO"
507907;2023-03-01;"quarta-feira";"19:20:00";"BA";324;398;"NOVA FATIMA";"Mal súbito do condutor";"Queda de ocupante de veículo";"Com Vítimas Feridas";"Plena Noite";"Crescente";"Céu Claro";"Simples";"Reta";"Não";1;0;0;1;0;0;1;1;-11,56805823;-39,67137021;"SPRF-BA";"DEL04-BA";"UOP02-DEL04-BA"
507910;2023-03-01;"quarta-feira";"21:20:00";"RN";101;119;"SAO JOSE DE MIPIBU";"Demais falhas mecânicas ou elétricas";"Incêndio";"Sem Vítimas";"Plena Noite";"Crescente";"Céu Claro";"Dupla";"Reta";"Não";2;0;0;0;2;0;0;1;-6,02516507;-35,25100708;"SPRF-RN";"DEL01-RN";"UOP01-DEL01-RN"
507911;2023-02-28;"terça-feira";"22:17:00";"RJ";101;294;"ITABORAI";"Reação tardia ou ineficiente do condutor";"Colisão traseira";"Com Vítimas Feridas";"Plena Noite";"Crescente";"Céu Claro";"Dupla";"Reta";"Sim";2;0;1;0;1;0;1;2;-22,7584434;-42,89502344;"SPRF-RJ";"DEL02-RJ";"UOP02-DEL02-RJ"
507912;2023-03-01;"quarta-feira";"21:00:00";"MG";50;194;"DELTA";"Frear bruscamente";"Tombamento";"Com Vítimas Feridas";"Plena Noite";"Crescente";"Chuva";"Dupla";"Reta;Aclive";"Não";1;0;0;1;0;0;1;1;-19,887439;-47,848374;"SPRF-MG";"DEL13-MG";"UOP01-DEL13-MG"
507913;2023-03-01;"quarta-feira";"21:20:00";"SP";116;153,2;"SAO JOSE DOS CAMPOS";"Reação tardia ou ineficiente do condutor";"Tombamento";"Com Vítimas Feridas";"Plena Noite";"Crescente";"Céu Claro";"Simples";"Reta";"Sim";1;0;1;0;0;0;1;1;-23,23262274;-45,91372624;"SPRF-SP";"DEL02-SP";"UOP01-DEL02-SP"
507914;2023-03-01;"quarta-feira";"14:00:00";"RO";364;425;"JARU";"Acessar a via sem observar a presença dos outros veículos";"Colisão lateral mesmo sentido";"Com Vítimas Feridas";"Pleno dia";"Decrescente";"Céu Claro";"Simples";"Reta";"Sim";2;0;1;0;1;0;1;2;-10,43752488;-62,47169791;"SPRF-RO";"DEL03-RO";"UOP02-DEL03-RO"
507915;2023-03-01;"quarta-feira";"17:00:00";"MG";381;251;"SANTANA DO PARAISO";"Desrespeitar a preferência no cruzamento";"Colisão transversal";"Com Vítimas Feridas";"Plena Noite";"Decrescente";"Céu Claro";"Simples";"Interseção de Vias";"Sim";2;0;1;0;1;0;1;2;-19,48994405;-42,56156695;"SPRF-MG";"DEL06-MG";"UOP01-DEL06-MG"
507916;2023-01-12;"quinta-feira";"06:00:00";"RJ";40;120,8;"DUQUE DE CAXIAS";"Trafegar com motocicleta (ou similar) entre as faixas";"Colisão traseira";"Com Vítimas Feridas";"Pleno dia";"Crescente";"Nublado";"Múltipla";"Reta";"Sim";2;0;1;0;1;0;1;2;-22,77280597;-43,28626763;"SPRF-RJ";"DEL01-RJ";"UOP01-DEL01-RJ"
507917;2023-03-01;"quarta-feira";"22:30:00";"ES";101;64;"SAO MATEUS";"Ingestão de álcool pelo condutor";"Colisão traseira";"Com Vítimas Feridas";"Plena Noite";"Crescente";"Céu Claro";"Simples";"Ponte;Declive";"Não";3;0;2;0;0;1;2;2;-18,70428583;-39,87065983;"SPRF-ES";"DEL04-ES";"UOP02-DEL04-ES"
507918;2023-03-01;"quarta-feira";"22:30:00";"SC";116;54,1;"PAPANDUVA";"Ingestão de álcool pelo condutor";"Capotamento";"Sem Vítimas";"Plena Noite";"Crescente";"Céu Claro";"Simples";"Reta";"Sim";1;0;0;0;1;0;0;1;-26,39448417;-50,16480003;"SPRF-SC";"DEL06-SC";"UOP02-DEL06-SC"
507919;2023-03-01;"quarta-feira";"20:10:00";"MG";116;494,8;"INHAPIM";"Reação tardia ou ineficiente do condutor";"Saída de leito carroçável";"Sem Vítimas";"Plena Noite";"Crescente";"Céu Claro";"Simples";"Reta";"Não";1;0;0;0;0;1;0;1;-19,50998002;-42,12818892;"SPRF-MG";"DEL06-MG";"UOP02-DEL06-MG"
507920;2023-03-01;"quarta-feira";"22:50:00";"RS";386;43;"SEBERI";"Ausência de reação do condutor";"Colisão traseira";"Com Vítimas Feridas";"Plena Noite";"Crescente";"Céu Claro";"Simples";"Curva";"Não";2;0;1;0;0;1;1;2;-27,430225;-53,420662;"SPRF-RS";"DEL08-RS";"UOP02-DEL08-RS"
507921;2023-03-01;"quarta-feira";"22:22:00";"SP";116;446;"REGISTRO";"Objeto estático sobre o leito carroçável";"Tombamento";"Com Vítimas Feridas";"Plena Noite";"Decrescente";"Céu Claro";"Dupla";"Reta";"Sim";1;0;1;0;0;0;1;1;-24,50467087;-47,84772743;"SPRF-SP";"DEL05-SP";"UOP01-DEL05-SP"
507922;2023-03-01;"quarta-feira";"22:40:00";"RO";364;241,9;"CACOAL";"Acessar a via sem observar a presença dos outros veículos";"Colisão transversal";"Com Vítimas Feridas";"Plena Noite";"Decrescente";"Céu Claro";"Simples";"Reta;Interseção de Vias";"Não";3;0;2;1;0;0;3;2;-11,440846;-61,487038;"SPRF-RO";"DEL02-RO";"UOP02-DEL02-RO"
507924;2023-03-01;"quarta-feira";"22:00:00";"PI";222;31;"SAO JOAO DA FRONTEIRA";"Demais falhas mecânicas ou elétricas";"Incêndio";"Sem Vítimas";"Plena Noite";"Decrescente";"Céu Claro";"Simples";"Curva";"Não";1;0;0;0;0;1;0;1;-4,02624479;-41,4767391;"SPRF-PI";"DEL02-PI";"UOP01-DEL02-PI"
507925;2023-03-02;"quinta-feira";"00:00:00";"SC";101;209;"SAO JOSE";"Reação tardia ou ineficiente do condutor";"Queda de ocupante de veículo";"Com Vítimas Feridas";"Plena Noite";"Crescente";"Ignorado";"Dupla";"Reta";"Sim";1;0;1;0;0;0;1;1;-27,61000542;-48,63895057;"SPRF-SC";"DEL01-SC";"UOP01-DEL01-SC"