"id";"data_inversa";"dia_semana";"horario";"uf";"br";"km";"municipio";"causa_acidente";"tipo_acidente";"classificacao_acidente";"fase_dia";"sentido_via";"condicao_metereologica";"tipo_pista";"tracado_via";"uso_solo";"pessoas";"mortos";"feridos_leves";"feridos_graves";"ilesos";"ignorados";"feridos";"veiculos";"latitude";"longitude";"regional";"delegacia";"uop"
507928;2023-03-02;"quinta-feira";"01:45:00";"CE";116;19;"EUSEBIO";"Transitar na contramão";"Colisão lateral sentido oposto";"Sem Vítimas";"Plena Noite";"Crescente";"Céu Claro";"Múltipla";"Retorno Regulamentado";"Sim";4;0;0;0;3;1;0;2;-3,91384397;-38,50667231;"SPRF-CE";"DEL01-CE";"UOP02-DEL01-CE"
507931;2023-03-02;"quinta-feira";"03:30:00";"PR";116;121;"CURITIBA";"Reação tardia ou ineficiente do condutor";"Colisão com objeto";"Com Vítimas Feridas";"Plena Noite";"Decrescente";"Nublado";"Múltipla";"Reta";"Não";2;0;1;0;1;0;1;1;-25,5599323;-49,30743945;"SPRF-PR";"DEL01-PR";"UOP03-DEL01-PR"
507937;2023-03-02;"quinta-feira";"06:00:00";"SP";116;228;"SAO PAULO";"Reação tardia ou ineficiente do condutor";"Queda de ocupante de veículo";"Com Vítimas Feridas";"Pleno dia";"Crescente";"Céu Claro";"Múltipla";"Reta";"Sim";2;0;2;0;0;0;2;1;-23,50343484;-46,56638712;"SPRF-SP";"DEL01-SP";"UOP01-DEL01-SP"
507942;2023-03-02;"quinta-feira";"06:46:00";"DF";20;11,7;"BRASILIA";"Trafegar com motocicleta (ou similar) entre as faixas";"Colisão traseira";"Com Vítimas Feridas";"Pleno dia";"Decrescente";"Céu Claro";"Dupla";"Reta";"Não";2;0;1;0;1;0;1;2;-15,643753;-47,760252;"SPRF-DF";"DEL02-DF";"UOP01-DEL02-DF"
507944;2023-03-02;"quinta-feira";"07:05:00";"PE";101;67;"RECIFE";"Manobra de mudança de faixa";"Tombamento";"Com Vítimas Feridas";"Pleno dia";"Crescente";"Céu Claro";"Dupla";"Reta";"Sim";2;0;2;0;0;0;2;1;-8,042334;-34,943096;"SPRF-PE";"DEL01-PE";"UOP01-DEL01-PE"
507945;2023-03-01;"quarta-feira";"17:15:00";"MS";60;57;"PARAISO DAS AGUAS";"Reação tardia ou ineficiente do condutor";"Tombamento";"Com Vítimas Feridas";"Anoitecer";"Decrescente";"Ignorado";"Simples";"Reta";"Não";2;0;0;2;0;0;2;1;-18,99646605;-52,97879095;"SPRF-MS";"DEL08-MS";"UOP01-DEL08-MS"
507946;2023-03-01;"quarta-feira";"19:50:00";"RJ";495;27;"PETROPOLIS";"Reação tardia ou ineficiente do condutor";"Colisão traseira";"Com Vítimas Feridas";"Plena Noite";"Decrescente";"Céu Claro";"Simples";"Curva";"Sim";2;0;1;0;1;0;1;2;-22,397148;-43,110664;"SPRF-RJ";"DEL06-RJ";"UOP01-DEL06-RJ"
507950;2023-03-02;"quinta-feira";"08:00:00";"GO";153;495,8;"GOIANIA";"Manobra de mudança de faixa";"Colisão lateral mesmo sentido";"Com Vítimas Feridas";"Pleno dia";"Crescente";"Céu Claro";"Múltipla";"Aclive;Reta";"Sim";2;0;1;0;1;0;1;2;-16,6681;-49,2263;"SPRF-GO";"DEL01-GO";"UOP01-DEL01-GO"
507952;2023-02-22;"quarta-feira";"23:00:00";"SC";101;334,1;"TUBARAO";"Ausência de reação do condutor";"Atropelamento de Pedestre";"Com Vítimas Feridas";"Plena Noite";"Crescente";"Céu Claro";"Simples";"Reta";"Sim";3;0;2;0;0;1;2;2;-28,46730446;-49,00604302;"SPRF-SC";"DEL02-SC";"UOP01-DEL02-SC"
507953;2023-03-02;"quinta-feira";"08:19:00";"DF";70;16;"BRASILIA";"Reação tardia ou ineficiente do condutor";"Colisão traseira";"Com Vítimas Feridas";"Pleno dia";"Crescente";"Céu Claro";"Dupla";"Rotatória";"Sim";2;0;1;0;1;0;1;2;-15,796144;-48,194225;"SPRF-DF";"DEL03-DF";"UOP02-DEL03-DF"
507954;2023-02-15;"quarta-feira";"13:30:00";"PR";277;5,4;"PARANAGUA";"Objeto estático sobre o leito carroçável";"Colisão com objeto";"Com Vítimas Feridas";"Pleno dia";"Crescente";"Nublado";"Dupla";"Viaduto";"Sim";2;0;2;0;0;0;2;1;-25,5205;-48,5095;"SPRF-PR";"DEL01-PR";"UOP05-DEL01-PR"
507958;2023-03-02;"quinta-feira";"07:40:00";"SC";470;57,3;"BLUMENAU";"Acessar a via sem observar a presença dos outros veículos";"Colisão transversal";"Com Vítimas Feridas";"Pleno dia";"Decrescente";"Céu Claro";"Simples";"Reta";"Sim";2;0;1;0;1;0;1;2;-26,880428;-49,136532;"SPRF-SC";"DEL04-SC";"UOP01-DEL04-SC"
507960;2023-03-02;"quinta-feira";"05:00:00";"RJ";40;39,4;"AREAL";"Ingestão de álcool e/ou substâncias psicoativas pelo pedestre";"Colisão frontal";"Com Vítimas Feridas";"Amanhecer";"Crescente";"Céu Claro";"Dupla";"Reta";"Não";2;0;2;0;0;0;2;2;-22,23332;-43,114136;"SPRF-RJ";"DEL05-RJ";"UOP02-DEL05-RJ"
507962;2023-03-02;"quinta-feira";"07:00:00";"RJ";356;88;"CARDOSO MOREIRA";"Trafegar com motocicleta (ou similar) entre as faixas";"Queda de ocupante de veículo";"Com Vítimas Feridas";"Pleno dia";"Decrescente";"Céu Claro";"Simples";"Reta";"Sim";1;0;0;1;0;0;1;1;-21,49637484;-41,62333588;"SPRF-RJ";"DEL08-RJ";"UOP03-DEL08-RJ"
507964;2023-01-21;"sábado";"20:30:00";"SE";101;195;"CRISTINAPOLIS";"Reação tardia ou ineficiente do condutor";"Tombamento";"Com Vítimas Feridas";"Plena Noite";"Crescente";"Céu Claro";"Simples";"Aclive;Reta";"Não";2;0;1;0;0;1;1;1;-11,45909602;-37,73504396;"SPRF-SE";"DEL02-SE";"UOP03-DEL02-SE"
507965;2023-03-02;"quinta-feira";"07:40:00";"SC";280;49;"GUARAMIRIM";"Ausência de reação do condutor";"Colisão traseira";"Com Vítimas Feridas";"Pleno dia";"Decrescente";"Céu Claro";"Simples";"Reta;Em Obras";"Sim";4;0;1;0;3;0;1;2;-26,45850039;-48,93692786;"SPRF-SC";"DEL03-SC";"UOP03-DEL03-SC"
507966;2023-03-02;"quinta-feira";"07:58:00";"PE";101;82,7;"JABOATAO DOS GUARARAPES";"Manobra de mudança de faixa";"Colisão lateral mesmo sentido";"Com Vítimas Feridas";"Pleno dia";"Crescente";"Céu Claro";"Dupla";"Aclive;Viaduto;Reta";"Sim";3;0;2;0;1;0;2;2;-8,175119;-34,942813;"SPRF-PE";"DEL01-PE";"UOP01-DEL01-PE"
507968;2023-03-02;"quinta-feira";"08:05:00";"MA";135;1,7;"SAO LUIS";"Ausência de reação do condutor";"Colisão traseira";"Com Vítimas Feridas";"Pleno dia";"Decrescente";"Céu Claro";"Dupla";"Reta";"Sim";3;0;1;2;0;0;3;2;-2,596758;-44,245386;"SPRF-MA";"DEL01-MA";"UOP01-DEL01-MA"
507970;2023-03-02;"quinta-feira";"06:45:00";"MG";40;142,9;"JOAO PINHEIRO";"Reação tardia ou ineficiente do condutor";"Tombamento";"Com Vítimas Feridas";"Amanhecer";"Decrescente";"Céu Claro";"Simples";"Reta";"Sim";1;0;1;0;0;0;1;1;-17,740382;-46,185728;"SPRF-MG";"DEL14-MG";"UOP01-DEL14-MG"
507972;2023-03-02;"quinta-feira";"10:00:00";"MG";40;547;"NOVA LIMA";"Ausência de reação do condutor";"Colisão lateral mesmo sentido";"Com Vítimas Feridas";"Pleno dia";"Crescente";"Céu Claro";"Dupla";"Reta";"Não";2;0;0;1;1;0;1;2;-20,02252424;-43,97026042;"SPRF-MG";"DEL01-MG";"UOP02-DEL01-MG"
507973;2023-03-02;"quinta-feira";"09:40:00";"BA";415;49;"ITABUNA";"Acesso irregular";"Colisão transversal";"Com Vítimas Feridas";"Pleno dia";"Decrescente";"Céu Claro";"Simples";"Reta";"Sim";2;0;0;1;0;1;1;2;-14,81574494;-39,29612388;"SPRF-BA";"DEL05-BA";"UOP01-DEL05-BA"
507974;2023-03-02;"quinta-feira";"08:20:00";"RS";472;175,1;"SANTA ROSA";"Acessar a via sem observar a presença dos outros veículos";"Colisão transversal";"Com Vítimas Feridas";"Pleno dia";"Decrescente";"Nublado";"Simples";"Reta";"Não";2;0;1;0;1;0;1;2;-27,85671296;-54,51069699;"SPRF-RS";"DEL10-RS";"UOP01-DEL10-RS"
507976;2023-03-02;"quinta-feira";"09:10:00";"MG";262;855,4;"VERISSIMO";"Animais na Pista";"Atropelamento de Animal";"Sem Vítimas";"Pleno dia";"Crescente";"Céu Claro";"Dupla";"Reta";"Não";2;0;0;0;2;0;0;1;-19,77132502;-48,36663299;"SPRF-MG";"DEL13-MG";"UOP01-DEL13-MG"
507978;2023-03-02;"quinta-feira";"10:05:00";"ES";101;141,5;"LINHARES";"Acessar a via sem observar a presença dos outros veículos";"Colisão traseira";"Com Vítimas Fatais";"Pleno dia";"Decrescente";"Céu Claro";"Dupla";"Interseção de Vias";"Sim";3;1;0;0;2;0;0;2;-19,32655693;-40,07192387;"SPRF-ES";"DEL04-ES";"UOP01-DEL04-ES"
507980;2023-01-21;"sábado";"17:34:00";"SC";280;28;"ARAQUARI";"Reação tardia ou ineficiente do condutor";"Queda de ocupante de veículo";"Com Vítimas Feridas";"Anoitecer";"Crescente";"Céu Claro";"Simples";"Reta";"Sim";1;0;1;0;0;0;1;1;-26,40450077;-48,74561031;"SPRF-SC";"DEL03-SC";"UOP03-DEL03-SC"
507984;2023-03-02;"quinta-feira";"10:56:00";"DF";20;4;"BRASILIA";"Reação tardia ou ineficiente do condutor";"Colisão traseira";"Com Vítimas Feridas";"Pleno dia";"Crescente";"Céu Claro";"Dupla";"Aclive;Reta";"Sim";2;0;1;0;1;0;1;2;-15,675484;-47,823761;"SPRF-DF";"DEL02-DF";"UOP01-DEL02-DF"
507985;2023-03-02;"quinta-feira";"11:20:00";"PB";361;3,7;"PATOS";"Acessar a via sem observar a presença dos outros veículos";"Colisão transversal";"Com Vítimas Feridas";"Pleno dia";"Crescente";"Céu Claro";"Simples";"Interseção de Vias";"Sim";2;0;0;1;0;1;1;2;-7,02992098;-37,285079;"SPRF-PB";"DEL03-PB";"UOP01-DEL03-PB"
507986;2023-01-25;"quarta-feira";"20:30:00";"SP";116;209;"GUARULHOS";"Manobra de mudança de faixa";"Colisão lateral mesmo sentido";"Com Vítimas Feridas";"Plena Noite";"Decrescente";"Céu Claro";"Múltipla";"Reta";"Sim";3;0;2;0;1;0;2;2;-23,42511799;-46,40221101;"SPRF-SP";"DEL01-SP";"UOP01-DEL01-SP"
507987;2023-03-02;"quinta-feira";"09:00:00";"RJ";393;133;"SAPUCAIA";"Condutor deixou de manter distância do veículo da frente";"Colisão traseira";"Com Vítimas Feridas";"Pleno dia";"Crescente";"Céu Claro";"Simples";"Reta";"Sim";2;0;1;0;1;0;1;2;-21,996977;-42,917859;"SPRF-RJ";"DEL05-RJ";"UOP01-DEL05-RJ"
507988;2023-03-02;"quinta-feira";"11:58:00";"RN";226;1;"NATAL";"Manobra de mudança de faixa";"Colisão transversal";"Com Vítimas Feridas";"Pleno dia";"Decrescente";"Nublado";"Dupla";"Reta";"Sim";3;0;2;0;1;0;2;2;-5,80642132;-35,24167278;"SPRF-RN";"DEL01-RN";"UOP02-DEL01-RN"
507989;2023-03-02;"quinta-feira";"09:30:00";"MG";262;20,8;"REDUTO";"Pista esburacada";"Tombamento";"Com Vítimas Feridas";"Pleno dia";"Decrescente";"Céu Claro";"Simples";"Curva";"Não";2;0;0;2;0;0;2;1;-20,24962505;-41,91079899;"SPRF-MG";"DEL06-MG";"UOP03-DEL06-MG"
507991;2023-03-02;"quinta-feira";"11:25:00";"SC";101;203,3;"SAO JOSE";"Acessar a via sem observar a presença dos outros veículos";"Colisão lateral mesmo sentido";"Com Vítimas Feridas";"Pleno dia";"Decrescente";"Céu Claro";"Múltipla";"Reta";"Sim";2;0;1;0;1;0;1;2;-27,5650044;-48,61460082;"SPRF-SC";"DEL01-SC";"UOP01-DEL01-SC"
507993;2023-03-02;"quinta-feira";"11:25:00";"MG";262;810;"UBERABA";"Pista esburacada";"Queda de ocupante de veículo";"Com Vítimas Feridas";"Pleno dia";"Crescente";"Nublado";"Dupla";"Interseção de Vias";"Sim";1;0;1;0;0;0;1;1;-19,770693;-47,975257;"SPRF-MG";"DEL13-MG";"UOP01-DEL13-MG"
507994;2023-03-02;"quinta-feira";"08:45:00";"SC";101;112;"ITAJAI";"Manobra de mudança de faixa";"Colisão lateral sentido oposto";"Com Vítimas Feridas";"Pleno dia";"Decrescente";"Céu Claro";"Dupla";"Curva";"Sim";4;0;2;0;0;2;2;3;-26,84589005;-48,72131295;"SPRF-SC";"DEL04-SC";"UOP04-DEL04-SC"
507995;2023-03-02;"quinta-feira";"12:20:00";"RJ";393;283;"VOLTA REDONDA";"Acessar a via sem observar a presença dos outros veículos";"Colisão lateral mesmo sentido";"Com Vítimas Feridas";"Pleno dia";"Crescente";"Céu Claro";"Simples";"Interseção de Vias";"Não";3;0;1;0;2;0;1;3;-22,47606388;-44,04976392;"SPRF-RJ";"DEL05-RJ";"UOP04-DEL05-RJ"
507996;2023-03-02;"quinta-feira";"06:40:00";"RJ";101;317;"SAO GONCALO";"Reação tardia ou ineficiente do condutor";"Colisão traseira";"Com Vítimas Feridas";"Pleno dia";"Crescente";"Céu Claro";"Dupla";"Reta";"Não";2;0;1;0;1;0;1;2;-22,83707798;-43,09492006;"SPRF-RJ";"DEL02-RJ";"UOP02-DEL02-RJ"
507997;2023-03-02;"quinta-feira";"12:41:00";"PI";343;344,5;"TERESINA";"Acessar a via sem observar a presença dos outros veículos";"Colisão transversal";"Com Vítimas Feridas";"Pleno dia";"Decrescente";"Céu Claro";"Simples";"Reta";"Sim";2;0;1;0;1;0;1;2;-5,094729;-42,762775;"SPRF-PI";"DEL01-PI";"UOP01-DEL01-PI"
507999;2023-01-21;"sábado";"22:00:00";"SC";101;132;"BALNEARIO CAMBORIU";"Acesso irregular";"Colisão transversal";"Com Vítimas Feridas";"Plena Noite";"Crescente";"Céu Claro";"Dupla";"Reta";"Sim";3;0;1;1;1;0;2;2;-26,99654133;-48,65564711;"SPRF-SC";"DEL04-SC";"UOP03-DEL04-SC"
508003;2023-03-02;"quinta-feira";"13:20:00";"PR";469;13;"FOZ DO IGUACU";"Transitar na contramão";"Colisão lateral mesmo sentido";"Com Vítimas Feridas";"Pleno dia";"Decrescente";"Nublado";"Simples";"Em Obras;Reta";"Não";2;0;1;0;1;0;1;2;-25,5754;-54,5489;"SPRF-PR";"DEL05-PR";"UOP04-DEL05-PR"
508004;2023-03-02;"quinta-feira";"12:15:00";"RS";285;214,3;"CASEIROS";"Mal súbito do condutor";"Saída de leito carroçável";"Com Vítimas Feridas";"Pleno dia";"Crescente";"Nublado";"Simples";"Reta";"Não";1;0;0;1;0;0;1;1;-28,254581;-51,654972;"SPRF-RS";"DEL08-RS";"UOP05-DEL08-RS"
508006;2023-03-02;"quinta-feira";"07:40:00";"MG";262;738;"PERDIZES";"Mal súbito do condutor";"Saída de leito carroçável";"Com Vítimas Feridas";"Pleno dia";"Decrescente";"Sol";"Simples";"Reta";"Não";1;0;0;1;0;0;1;1;-19,616364;-47,360904;"SPRF-MG";"DEL08-MG";"UOP01-DEL08-MG"
508007;2023-03-02;"quinta-feira";"13:20:00";"MS";463;107;"PONTA PORA";"Trafegar com motocicleta (ou similar) entre as faixas";"Colisão traseira";"Com Vítimas Feridas";"Pleno dia";"Crescente";"Chuva";"Simples";"Reta";"Não";2;0;0;1;1;0;1;2;-22,59094101;-55,67301101;"SPRF-MS";"DEL04-MS";"UOP03-DEL04-MS"
508009;2023-03-02;"quinta-feira";"13:25:00";"BA";101;886;"TEIXEIRA DE FREITAS";"Ausência de reação do condutor";"Saída de leito carroçável";"Com Vítimas Feridas";"Pleno dia";"Crescente";"Céu Claro";"Simples";"Aclive;Curva";"Não";1;0;1;0;0;0;1;1;-17,607381;-39,756607;"SPRF-BA";"DEL09-BA";"UOP02-DEL09-BA"
508010;2023-03-02;"quinta-feira";"14:10:00";"BA";324;591;"CANDEIAS";"Reação tardia ou ineficiente do condutor";"Colisão com objeto";"Com Vítimas Feridas";"Pleno dia";"Decrescente";"Céu Claro";"Dupla";"Reta";"Sim";1;0;1;0;0;0;1;1;-12,68156397;-38,46737283;"SPRF-BA";"DEL01-BA";"UOP01-DEL01-BA"
508011;2023-03-02;"quinta-feira";"12:48:00";"MG";116;524,6;"CARATINGA";"Acessar a via sem observar a presença dos outros veículos";"Colisão transversal";"Com Vítimas Feridas";"Pleno dia";"Crescente";"Sol";"Simples";"Curva";"Não";2;0;0;1;1;0;1;2;-19,76027352;-42,13398823;"SPRF-MG";"DEL06-MG";"UOP02-DEL06-MG"
508013;2023-03-02;"quinta-feira";"13:10:00";"RS";468;104;"TRES PASSOS";"Desrespeitar a preferência no cruzamento";"Colisão transversal";"Com Vítimas Feridas";"Pleno dia";"Decrescente";"Céu Claro";"Simples";"Interseção de Vias";"Não";2;0;1;0;1;0;1;2;-27,45233977;-53,94666764;"SPRF-RS";"DEL08-RS";"UOP02-DEL08-RS"
508014;2023-02-18;"sábado";"17:55:00";"MS";60;59;"PARAISO DAS AGUAS";"Reação tardia ou ineficiente do condutor";"Tombamento";"Com Vítimas Feridas";"Pleno dia";"Crescente";"Céu Claro";"Simples";"Reta";"Não";2;0;2;0;0;0;2;1;-19,00991325;-52,99155075;"SPRF-MS";"DEL08-MS";"UOP01-DEL08-MS"
508015;2023-03-02;"quinta-feira";"13:50:00";"MS";60;211;"CAMAPUA";"Ausência de reação do condutor";"Colisão lateral sentido oposto";"Com Vítimas Feridas";"Pleno dia";"Crescente";"Céu Claro";"Simples";"Reta;Aclive";"Não";3;0;3;0;0;0;3;2;-19,63446432;-54,0787507;"SPRF-MS";"DEL06-MS";"UOP02-DEL06-MS"
508016;2023-03-01;"quarta-feira";"17:40:00";"MT";163;90,7;"RONDONOPOLIS";"Reação tardia ou ineficiente do condutor";"Saída de leito carroçável";"Com Vítimas Feridas";"Anoitecer";"Crescente";"Nublado";"Dupla";"Curva";"Não";1;0;1;0;0;0;1;1;-16,74053802;-54,64595296;"SPRF-MT";"DEL02-MT";"UOP03-DEL02-MT"
508017;2023-03-02;"quinta-feira";"13:00:00";"RS";293;5;"PELOTAS";"Retorno proibido";"Colisão transversal";"Com Vítimas Feridas";"Pleno dia";"Decrescente";"Sol";"Simples";"Reta";"Não";7;0;5;0;2;0;5;2;-31,72728361;-52,38253049;"SPRF-RS";"DEL07-RS";"UOP01-DEL07-RS"
508018;2023-03-01;"quarta-feira";"15:00:00";"RS";471;623,4;"SANTA VITORIA DO PALMAR";"Demais falhas mecânicas ou elétricas";"Incêndio";"Sem Vítimas";"Pleno dia";"Crescente";"Ignorado";"Simples";"Reta";"Não";1;0;0;0;0;1;0;1;-33,312923;-53,126129;"SPRF-RS";"DEL07-RS";"UOP04-DEL07-RS"
508019;2023-02-28;"terça-feira";"21:20:00";"RJ";101;297;"ITABORAI";"Acessar a via sem observar a presença dos outros veículos";"Queda de ocupante de veículo";"Com Vítimas Fatais";"Plena Noite";"Decrescente";"Nublado";"Dupla";"Reta";"Sim";5;1;0;0;4;0;0;2;-22,77119572;-42,92907715;"SPRF-RJ";"DEL02-RJ";"UOP02-DEL02-RJ"
508020;2023-03-02;"quinta-feira";"14:15:00";"SP";116;269;"TABOAO DA SERRA";"Ausência de reação do condutor";"Atropelamento de Pedestre";"Com Vítimas Feridas";"Pleno dia";"Crescente";"Céu Claro";"Múltipla";"Interseção de Vias;Reta";"Sim";2;0;0;1;1;0;1;2;-23,61593059;-46,78826044;"SPRF-SP";"DEL04-SP";"UOP01-DEL04-SP"
508023;2023-02-14;"terça-feira";"10:10:00";"ES";101;19,9;"CONCEICAO DA BARRA";"Velocidade Incompatível";"Colisão traseira";"Com Vítimas Feridas";"Pleno dia";"Crescente";"Céu Claro";"Simples";"Curva";"Não";4;0;0;1;1;2;1;3;-18,31846928;-39,95435579;"SPRF-ES";"DEL04-ES";"UOP02-DEL04-ES"
508028;2023-03-02;"quinta-feira";"15:40:00";"MG";381;890,5;"CAMBUI";"Demais falhas mecânicas ou elétricas";"Incêndio";"Sem Vítimas";"Pleno dia";"Crescente";"Céu Claro";"Dupla";"Reta";"Não";44;0;0;0;44;0;0;1;-22,54356599;-46,03842061;"SPRF-MG";"DEL16-MG";"UOP03-DEL16-MG"
508029;2023-03-02;"quinta-feira";"16:10:00";"MG";40;780,7;"JUIZ DE FORA";"Pista Escorregadia";"Tombamento";"Com Vítimas Feridas";"Pleno dia";"Crescente";"Chuva";"Dupla";"Curva";"Não";2;0;2;0;0;0;2;1;-21,67939981;-43,44987329;"SPRF-MG";"DEL05-MG";"UOP01-DEL05-MG"
508030;2023-03-02;"quinta-feira";"15:30:00";"MG";262;450;"NOVA SERRANA";"Acessar a via sem observar a presença dos outros veículos";"Colisão transversal";"Com Vítimas Feridas";"Pleno dia";"Decrescente";"Céu Claro";"Simples";"Reta";"Não";2;0;1;0;1;0;1;2;-19,86755552;-44,9889018;"SPRF-MG";"DEL08-MG";"UOP03-DEL08-MG"
508032;2023-03-02;"quinta-feira";"15:30:00";"SP";101;35;"UBATUBA";"Acessar a via sem observar a presença dos outros veículos";"Colisão transversal";"Com Vítimas Feridas";"Pleno dia";"Crescente";"Céu Claro";"Dupla";"Interseção de Vias";"Não";3;0;2;0;1;0;2;2;-23,39244374;-45,00823311;"SPRF-SP";"DEL06-SP";"UOP01-DEL06-SP"
508033;2023-03-02;"quinta-feira";"15:40:00";"SC";101;134,4;"BALNEARIO CAMBORIU";"Acessar a via sem observar a presença dos outros veículos";"Colisão transversal";"Com Vítimas Feridas";"Pleno dia";"Decrescente";"Céu Claro";"Múltipla";"Reta";"Sim";2;0;1;0;1;0;1;2;-27,00260381;-48,63377631;"SPRF-SC";"DEL04-SC";"UOP03-DEL04-SC"
508034;2023-03-02;"quinta-feira";"16:25:00";"RS";386;38,5;"FREDERICO WESTPHALEN";"Condutor deixou de manter distância do veículo da frente";"Colisão traseira";"Com Vítimas Feridas";"Pleno dia";"Decrescente";"Nublado";"Simples";"Reta";"Não";3;0;1;0;2;0;1;3;-27,391367;-53,400776;"SPRF-RS";"DEL08-RS";"UOP02-DEL08-RS"
508037;2023-03-02;"quinta-feira";"17:30:00";"SP";116;219;"GUARULHOS";"Trafegar com motocicleta (ou similar) entre as faixas";"Colisão lateral mesmo sentido";"Com Vítimas Feridas";"Pleno dia";"Crescente";"Céu Claro";"Múltipla";"Reta";"Sim";3;0;1;1;1;0;2;2;-23,46143954;-46,48885316;"SPRF-SP";"DEL01-SP";"UOP01-DEL01-SP"
508038;2023-03-02;"quinta-feira";"17:30:00";"RJ";116;180;"NOVA IGUACU";"Ausência de reação do condutor";"Tombamento";"Com Vítimas Feridas";"Pleno dia";"Decrescente";"Céu Claro";"Múltipla";"Reta";"Sim";1;0;1;0;0;0;1;1;-22,7651616;-43,4154728;"SPRF-RJ";"DEL01-RJ";"UOP02-DEL01-RJ"
508040;2023-03-02;"quinta-feira";"14:00:00";"MG";365;623;"UBERLANDIA";"Condutor usando celular";"Colisão traseira";"Com Vítimas Feridas";"Pleno dia";"Crescente";"Sol";"Múltipla";"Curva";"Sim";2;0;1;0;1;0;1;2;-18,9100325;-48,30694985;"SPRF-MG";"DEL15-MG";"UOP01-DEL15-MG"
508041;2023-03-02;"quinta-feira";"16:30:00";"PA";163;987;"SANTAREM";"Acessar a via sem observar a presença dos outros veículos";"Colisão transversal";"Com Vítimas Feridas";"Pleno dia";"Crescente";"Céu Claro";"Simples";"Reta";"Sim";2;0;1;0;1;0;1;2;-2,58335754;-54,72043276;"SPRF-PA";"DEL05-PA";"UOP01-DEL05-PA"
508043;2023-03-02;"quinta-feira";"17:40:00";"MG";381;505,5;"BETIM";"Transitar na calçada";"Colisão com objeto";"Com Vítimas Feridas";"Pleno dia";"Decrescente";"Céu Claro";"Múltipla";"Reta";"Não";1;0;0;1;0;0;1;1;-20,04478441;-44,27276484;"SPRF-MG";"DEL04-MG";"UOP03-DEL04-MG"
508045;2023-03-02;"quinta-feira";"12:30:00";"SC";101;415,5;"ARARANGUA";"Condutor deixou de manter distância do veículo da frente";"Colisão traseira";"Com Vítimas Feridas";"Pleno dia";"Decrescente";"Céu Claro";"Simples";"Reta;Interseção de Vias";"Sim";2;0;1;0;1;0;1;2;-28,96936011;-49,52525675;"SPRF-SC";"DEL02-SC";"UOP02-DEL02-SC"
508046;2023-03-02;"quinta-feira";"17:00:00";"PR";277;609;"SANTA TEREZA DO OESTE";"Acessar a via sem observar a presença dos outros veículos";"Colisão transversal";"Sem Vítimas";"Anoitecer";"Decrescente";"Chuva";"Simples";"Reta";"Sim";2;0;0;0;2;0;0;2;-25,04783521;-53,61298988;"SPRF-PR";"DEL05-PR";"UOP02-DEL05-PR"
508047;2023-03-02;"quinta-feira";"18:00:00";"SE";101;182;"UMBAUBA";"Desrespeitar a preferência no cruzamento";"Colisão transversal";"Com Vítimas Feridas";"Plena Noite";"Decrescente";"Céu Claro";"Simples";"Reta";"Sim";2;0;1;0;1;0;1;2;-11,38041665;-37,66422272;"SPRF-SE";"DEL02-SE";"UOP03-DEL02-SE"
508049;2023-03-02;"quinta-feira";"16:00:00";"PE";232;234;"PESQUEIRA";"Demais falhas mecânicas ou elétricas";"Incêndio";"Sem Vítimas";"Pleno dia";"Decrescente";"Céu Claro";"Simples";"Reta";"Não";1;0;0;0;1;0;0;1;-8,40708897;-36,910579;"SPRF-PE";"DEL04-PE";"UOP02-DEL04-PE"
508050;2023-03-02;"quinta-feira";"16:20:00";"MG";381;897,5;"CAMBUI";"Entrada inopinada do pedestre";"Atropelamento de Pedestre";"Com Vítimas Fatais";"Pleno dia";"Decrescente";"Chuva";"Dupla";"Reta";"Sim";2;1;0;0;1;0;0;2;-22,60496826;-46,05940819;"SPRF-MG";"DEL16-MG";"UOP03-DEL16-MG"
508052;2023-03-02;"quinta-feira";"14:15:00";"PA";230;1109,9;"ITAITUBA";"Pista esburacada";"Colisão com objeto";"Com Vítimas Feridas";"Pleno dia";"Crescente";"Chuva";"Simples";"Curva;Declive";"Não";1;0;1;0;0;0;1;1;-4,394703;-55,892859;"SPRF-PA";"DEL05-PA";"UOP02-DEL05-PA"
508053;2023-03-02;"quinta-feira";"17:30:00";"RN";110;47;"MOSSORO";"Acessar a via sem observar a presença dos outros veículos";"Colisão transversal";"Com Vítimas Feridas";"Anoitecer";"Crescente";"Nevoeiro/Neblina";"Simples";"Reta";"Sim";2;0;1;0;1;0;1;2;-5,20513003;-37,32785225;"SPRF-RN";"DEL04-RN";"UOP01-DEL04-RN"
508054;2023-03-02;"quinta-feira";"18:00:00";"SP";116;157,5;"SAO JOSE DOS CAMPOS";"Condutor deixou de manter distância do veículo da frente";"Colisão traseira";"Com Vítimas Feridas";"Plena Noite";"Crescente";"Nublado";"Dupla";"Declive";"Sim";7;0;2;0;5;0;2;5;-23,25558031;-45,9437828;"SPRF-SP";"DEL02-SP";"UOP01-DEL02-SP"
508055;2023-03-02;"quinta-feira";"14:30:00";"RO";421;27,3;"MONTE NEGRO";"Velocidade Incompatível";"Colisão traseira";"Com Vítimas Feridas";"Pleno dia";"Decrescente";"Sol";"Simples";"Reta";"Não";3;0;2;0;1;0;2;2;-10,089358;-63,22068;"SPRF-RO";"DEL03-RO";"UOP01-DEL03-RO"