"id";"data_inversa";"dia_semana";"horario";"uf";"br";"km";"municipio";"causa_acidente";"tipo_acidente";"classificacao_acidente";"fase_dia";"sentido_via";"condicao_metereologica";"tipo_pista";"tracado_via";"uso_solo";"pessoas";"mortos";"feridos_leves";"feridos_graves";"ilesos";"ignorados";"feridos";"veiculos";"latitude";"longitude";"regional";"delegacia";"uop"
508056;2023-03-02;"quinta-feira";"18:05:00";"PR";277;582;"CASCAVEL";"Manobra de mudança de faixa";"Colisão lateral mesmo sentido";"Com Vítimas Feridas";"Anoitecer";"Crescente";"Chuva";"Múltipla";"Reta";"Sim";2;0;1;0;1;0;1;2;-24,97675228;-53,38623215;"SPRF-PR";"DEL04-PR";"UOP01-DEL04-PR"
508057;2023-03-02;"quinta-feira";"14:40:00";"RS";116;238,8;"NOVO HAMBURGO";"Manobra de mudança de faixa";"Colisão lateral mesmo sentido";"Com Vítimas Feridas";"Pleno dia";"Decrescente";"Sol";"Dupla";"Reta";"Não";2;0;1;0;1;0;1;2;-29,68739789;-51,14197352;"SPRF-RS";"DEL01-RS";"UOP02-DEL01-RS"
508058;2023-03-02;"quinta-feira";"16:30:00";"BA";101;745;"ITABELA";"Acessar a via sem observar a presença dos outros veículos";"Colisão transversal";"Com Vítimas Feridas";"Pleno dia";"Crescente";"Céu Claro";"Simples";"Reta;Rotatória;Interseção de Vias";"Não";2;0;0;1;1;0;1;2;-16,5769714;-39,56039429;"SPRF-BA";"DEL09-BA";"UOP01-DEL09-BA"
508059;2023-03-02;"quinta-feira";"16:30:00";"RJ";101;21;"CAMPOS DOS GOYTACAZES";"Condutor deixou de manter distância do veículo da frente";"Colisão traseira";"Com Vítimas Feridas";"Pleno dia";"Decrescente";"Céu Claro";"Simples";"Em Obras;Declive;Reta";"Não";2;0;1;0;0;1;1;2;-21,39099193;-41,34415107;"SPRF-RJ";"DEL08-RJ";"UOP01-DEL08-RJ"
508061;2023-03-02;"quinta-feira";"19:00:00";"MG";146;479,6;"POCOS DE CALDAS";"Velocidade Incompatível";"Colisão frontal";"Com Vítimas Feridas";"Plena Noite";"Crescente";"Chuva";"Simples";"Curva";"Não";3;0;0;2;1;0;2;2;-21,757844;-46,405497;"SPRF-MG";"DEL09-MG";"UOP01-DEL09-MG"
508062;2023-03-02;"quinta-feira";"18:30:00";"PB";101;86;"BAYEUX";"Ausência de reação do condutor";"Queda de ocupante de veículo";"Com Vítimas Feridas";"Plena Noite";"Decrescente";"Céu Claro";"Dupla";"Reta";"Não";1;0;1;0;0;0;1;1;-7,15118983;-34,91012184;"SPRF-PB";"DEL01-PB";"UOP01-DEL01-PB"
508063;2023-03-02;"quinta-feira";"19:30:00";"RS";116;142,9;"CAXIAS DO SUL";"Reação tardia ou ineficiente do condutor";"Colisão traseira";"Sem Vítimas";"Plena Noite";"Decrescente";"Céu Claro";"Dupla";"Reta";"Sim";2;0;0;0;2;0;0;2;-29,11727;-51,115208;"SPRF-RS";"DEL05-RS";"UOP01-DEL05-RS"
508065;2023-03-02;"quinta-feira";"17:50:00";"RS";285;212;"CASEIROS";"Velocidade Incompatível";"Saída de leito carroçável";"Sem Vítimas";"Pleno dia";"Crescente";"Chuva";"Simples";"Aclive;Reta";"Não";1;0;0;0;1;0;0;1;-28,25933211;-51,65908813;"SPRF-RS";"DEL08-RS";"UOP05-DEL08-RS"
508066;2023-03-02;"quinta-feira";"19:30:00";"BA";116;425;"FEIRA DE SANTANA";"Acessar a via sem observar a presença dos outros veículos";"Colisão transversal";"Com Vítimas Feridas";"Plena Noite";"Crescente";"Céu Claro";"Simples";"Reta";"Sim";3;0;2;0;0;1;2;2;-12,23736613;-38,97999588;"SPRF-BA";"DEL02-BA";"UOP01-DEL02-BA"
508067;2023-03-02;"quinta-feira";"19:15:00";"RN";101;124;"SAO JOSE DE MIPIBU";"Ausência de reação do condutor";"Colisão transversal";"Com Vítimas Feridas";"Plena Noite";"Decrescente";"Chuva";"Múltipla";"Interseção de Vias";"Sim";3;0;2;0;1;0;2;2;-6,07054896;-35,23785797;"SPRF-RN";"DEL01-RN";"UOP01-DEL01-RN"
508068;2023-03-02;"quinta-feira";"18:30:00";"MG";40;695,5;"ALFREDO VASCONCELOS";"Velocidade Incompatível";"Colisão frontal";"Com Vítimas Fatais";"Anoitecer";"Decrescente";"Nublado";"Simples";"Reta";"Não";13;1;1;5;6;0;6;3;-21,16681402;-43,75682831;"SPRF-MG";"DEL05-MG";"UOP02-DEL05-MG"
508069;2023-03-02;"quinta-feira";"19:05:00";"PB";104;135,8;"QUEIMADAS";"Deficiência do Sistema de Iluminação/Sinalização";"Colisão traseira";"Com Vítimas Feridas";"Plena Noite";"Decrescente";"Céu Claro";"Simples";"Declive;Reta";"Sim";2;0;0;1;1;0;1;2;-7,34336909;-35,89968752;"SPRF-PB";"DEL02-PB";"UOP03-DEL02-PB"
508070;2023-03-02;"quinta-feira";"19:00:00";"CE";116;160;"RUSSAS";"Ausência de reação do condutor";"Colisão traseira";"Com Vítimas Feridas";"Plena Noite";"Crescente";"Chuva";"Simples";"Reta";"Sim";2;0;1;0;0;1;1;2;-4,91428505;-37,99922007;"SPRF-CE";"DEL03-CE";"UOP01-DEL03-CE"
508072;2023-03-02;"quinta-feira";"19:45:00";"PR";158;532,6;"PATO BRANCO";"Desrespeitar a preferência no cruzamento";"Colisão transversal";"Com Vítimas Feridas";"Plena Noite";"Crescente";"Céu Claro";"Simples";"Reta;Interseção de Vias";"Sim";3;0;2;0;1;0;2;2;-26,21099702;-52,6807167;"SPRF-PR";"DEL02-PR";"UOP01-DEL02-PR"
508073;2023-03-02;"quinta-feira";"18:40:00";"RS";116;142,8;"CAXIAS DO SUL";"Manobra de mudança de faixa";"Colisão lateral mesmo sentido";"Com Vítimas Feridas";"Plena Noite";"Crescente";"Céu Claro";"Dupla";"Curva";"Sim";2;0;1;0;1;0;1;2;-29,11727;-51,115208;"SPRF-RS";"DEL05-RS";"UOP01-DEL05-RS"
508074;2023-03-02;"quinta-feira";"14:00:00";"SC";282;44;"AGUAS MORNAS";"Velocidade Incompatível";"Colisão com objeto";"Sem Vítimas";"Pleno dia";"Decrescente";"Chuva";"Simples";"Reta;Declive";"Não";1;0;0;0;1;0;0;1;-27,722137;-48,90694;"SPRF-SC";"DEL01-SC";"UOP03-DEL01-SC"
508075;2023-03-02;"quinta-feira";"17:20:00";"RO";174;16,8;"VILHENA";"Ausência de reação do condutor";"Colisão lateral mesmo sentido";"Com Vítimas Feridas";"Pleno dia";"Decrescente";"Nublado";"Simples";"Reta;Interseção de Vias";"Sim";2;0;0;1;0;1;1;2;-12,71452302;-60,1262149;"SPRF-RO";"DEL04-RO";"UOP01-DEL04-RO"
508076;2023-03-02;"quinta-feira";"18:40:00";"ES";259;63;"COLATINA";"Condutor deixou de manter distância do veículo da frente";"Colisão traseira";"Com Vítimas Feridas";"Plena Noite";"Crescente";"Céu Claro";"Simples";"Reta";"Não";2;0;1;0;1;0;1;2;-19,52753463;-40,69869585;"SPRF-ES";"DEL02-ES";"UOP01-DEL02-ES"
508077;2023-03-02;"quinta-feira";"18:30:00";"ES";259;57,8;"COLATINA";"Desrespeitar a preferência no cruzamento";"Colisão transversal";"Com Vítimas Feridas";"Plena Noite";"Crescente";"Céu Claro";"Simples";"Retorno Regulamentado;Reta";"Não";2;0;0;1;1;0;1;2;-19,50865703;-40,65581416;"SPRF-ES";"DEL02-ES";"UOP01-DEL02-ES"
508085;2023-03-02;"quinta-feira";"13:45:00";"BA";324;547;"AMELIA RODRIGUES";"Chuva";"Saída de leito carroçável";"Com Vítimas Feridas";"Pleno dia";"Decrescente";"Chuva";"Dupla";"Reta";"Não";2;0;2;0;0;0;2;1;-12,42109386;-38,74516692;"SPRF-BA";"DEL01-BA";"UOP03-DEL01-BA"
508087;2023-03-02;"quinta-feira";"16:30:00";"PR";116;125;"FAZENDA RIO GRANDE";"Avarias e/ou desgaste excessivo no pneu";"Colisão com objeto";"Com Vítimas Feridas";"Pleno dia";"Crescente";"Céu Claro";"Dupla";"Reta";"Sim";1;0;1;0;0;0;1;1;-25,62543066;-49,31519151;"SPRF-PR";"DEL01-PR";"UOP03-DEL01-PR"
508088;2023-03-02;"quinta-feira";"14:30:00";"BA";101;160;"CONCEICAO DO JACUIPE";"Velocidade Incompatível";"Saída de leito carroçável";"Com Vítimas Feridas";"Pleno dia";"Crescente";"Chuva";"Dupla";"Reta";"Não";1;0;1;0;0;0;1;1;-12,35551436;-38,782478;"SPRF-BA";"DEL01-BA";"UOP03-DEL01-BA"
508089;2023-03-02;"quinta-feira";"15:45:00";"ES";262;161;"IBATIBA";"Velocidade Incompatível";"Saída de leito carroçável";"Sem Vítimas";"Pleno dia";"Crescente";"Céu Claro";"Simples";"Aclive;Curva";"Não";1;0;0;0;1;0;0;1;-20,23640217;-41,52254154;"SPRF-ES";"DEL01-ES";"UOP02-DEL01-ES"
508090;2023-03-02;"quinta-feira";"21:45:00";"RJ";393;137;"SAPUCAIA";"Reação tardia ou ineficiente do condutor";"Colisão traseira";"Com Vítimas Fatais";"Plena Noite";"Crescente";"Céu Claro";"Simples";"Reta";"Não";3;1;0;0;2;0;0;2;-21,99811503;-42,92231799;"SPRF-RJ";"DEL05-RJ";"UOP01-DEL05-RJ"
508091;2023-03-02;"quinta-feira";"21:15:00";"RJ";101;405;"ITAGUAI";"Ausência de reação do condutor";"Saída de leito carroçável";"Com Vítimas Feridas";"Pleno dia";"Decrescente";"Céu Claro";"Dupla";"Reta";"Sim";1;0;1;0;0;0;1;1;-22,867606;-43,802743;"SPRF-RJ";"DEL03-RJ";"UOP01-DEL03-RJ"
508094;2023-03-02;"quinta-feira";"20:05:00";"AP";210;2;"MACAPA";"Ingestão de álcool pelo condutor";"Colisão lateral mesmo sentido";"Sem Vítimas";"Plena Noite";"Decrescente";"Céu Claro";"Dupla";"Reta";"Sim";2;0;0;0;2;0;0;2;0,08282017;-51,07776189;"SPRF-AP";"DEL01-AP";"UOP01-DEL01-AP"
508095;2023-03-02;"quinta-feira";"22:14:00";"TO";153;205;"NOVA OLINDA";"Animais na Pista";"Atropelamento de Animal";"Com Vítimas Feridas";"Plena Noite";"Crescente";"Céu Claro";"Simples";"Reta";"Não";2;0;2;0;0;0;2;1;-7,69205412;-48,43389165;"SPRF-TO";"DEL02-TO";"UOP01-DEL02-TO"
508102;2023-03-02;"quinta-feira";"19:45:00";"SP";116;270,5;"TABOAO DA SERRA";"Manobra de mudança de faixa";"Tombamento";"Com Vítimas Feridas";"Plena Noite";"Crescente";"Nublado";"Dupla";"Reta";"Sim";2;0;0;1;0;1;1;2;-23,61799728;-46,79677694;"SPRF-SP";"DEL04-SP";"UOP01-DEL04-SP"
508103;2023-03-02;"quinta-feira";"17:50:00";"MA";222;279;"ARARI";"Demais falhas mecânicas ou elétricas";"Incêndio";"Sem Vítimas";"Anoitecer";"Crescente";"Nublado";"Simples";"Curva";"Não";1;0;0;0;1;0;0;1;-3,4624386;-44,77617568;"SPRF-MA";"DEL02-MA";"UOP01-DEL02-MA"
508104;2023-03-02;"quinta-feira";"22:42:00";"RS";116;236;"NOVO HAMBURGO";"Manobra de mudança de faixa";"Tombamento";"Com Vítimas Feridas";"Plena Noite";"Decrescente";"Céu Claro";"Dupla";"Reta;Declive";"Sim";2;0;1;0;1;0;1;2;-29,66938502;-51,14304731;"SPRF-RS";"DEL01-RS";"UOP02-DEL01-RS"
508107;2023-03-02;"quinta-feira";"22:30:00";"SP";116;270,5;"TABOAO DA SERRA";"Ausência de reação do condutor";"Colisão traseira";"Com Vítimas Feridas";"Plena Noite";"Crescente";"Céu Claro";"Dupla";"Curva";"Sim";3;0;0;1;2;0;1;3;-23,61799728;-46,79677694;"SPRF-SP";"DEL04-SP";"UOP01-DEL04-SP"
508109;2023-03-02;"quinta-feira";"21:41:00";"RJ";465;14;"SEROPEDICA";"Ausência de reação do condutor";"Atropelamento de Pedestre";"Com Vítimas Feridas";"Plena Noite";"Crescente";"Céu Claro";"Simples";"Reta";"Sim";2;0;0;1;0;1;1;2;-22,804979;-43,638828;"SPRF-RJ";"DEL01-RJ";"UOP03-DEL01-RJ"
508110;2023-03-02;"quinta-feira";"20:30:00";"MA";226;303,2;"BARRA DO CORDA";"Manobra de mudança de faixa";"Colisão transversal";"Com Vítimas Feridas";"Plena Noite";"Decrescente";"Nublado";"Simples";"Reta";"Sim";2;0;0;1;1;0;1;2;-5,4925089;-45,27266489;"SPRF-MA";"DEL06-MA";"UOP01-DEL06-MA"
508111;2023-03-02;"quinta-feira";"23:30:00";"MG";50;175,6;"UBERABA";"Ausência de reação do condutor";"Colisão com objeto";"Sem Vítimas";"Plena Noite";"Crescente";"Chuva";"Dupla";"Reta";"Sim";1;0;0;0;0;1;0;1;-19,77880359;-47,9695118;"SPRF-MG";"DEL13-MG";"UOP01-DEL13-MG"
508112;2023-03-02;"quinta-feira";"22:30:00";"SC";101;412,5;"ARARANGUA";"Ausência de reação do condutor";"Colisão traseira";"Com Vítimas Feridas";"Plena Noite";"Decrescente";"Céu Claro";"Simples";"Reta";"Sim";3;0;3;0;0;0;3;2;-28,95864304;-49,51462984;"SPRF-SC";"DEL02-SC";"UOP02-DEL02-SC"
508114;2023-03-02;"quinta-feira";"23:00:00";"RS";116;252;"SAPUCAIA DO SUL";"Acessar a via sem observar a presença dos outros veículos";"Colisão transversal";"Com Vítimas Feridas";"Plena Noite";"Decrescente";"Céu Claro";"Dupla";"Reta";"Sim";2;0;1;0;1;0;1;2;-29,80913395;-51,1675292;"SPRF-RS";"DEL01-RS";"UOP02-DEL01-RS"
508115;2023-03-02;"quinta-feira";"19:10:00";"MG";262;611,5;"IBIA";"Velocidade Incompatível";"Saída de leito carroçável";"Com Vítimas Feridas";"Plena Noite";"Crescente";"Chuva";"Simples";"Curva";"Não";3;0;0;1;2;0;1;1;-19,59794921;-46,2913541;"SPRF-MG";"DEL08-MG";"UOP02-DEL08-MG"
508116;2023-03-02;"quinta-feira";"19:45:00";"MG";251;310;"SALINAS";"Ausência de reação do condutor";"Saída de leito carroçável";"Com Vítimas Feridas";"Plena Noite";"Decrescente";"Céu Claro";"Simples";"Interseção de Vias";"Sim";1;0;1;0;0;0;1;1;-16,13459818;-42,28093353;"SPRF-MG";"DEL12-MG";"UOP01-DEL12-MG"
508117;2023-03-03;"sexta-feira";"00:50:00";"SC";101;348;"JAGUARUNA";"Ingestão de álcool pelo condutor";"Colisão com objeto";"Sem Vítimas";"Plena Noite";"Crescente";"Céu Claro";"Múltipla";"Curva";"Sim";1;0;0;0;1;0;0;1;-28,59205835;-49,04468536;"SPRF-SC";"DEL02-SC";"UOP01-DEL02-SC"
508118;2023-03-03;"sexta-feira";"02:15:00";"RJ";101;67;"CAMPOS DOS GOYTACAZES";"Ingestão de álcool pelo condutor";"Queda de ocupante de veículo";"Com Vítimas Feridas";"Plena Noite";"Decrescente";"Céu Claro";"Dupla";"Rotatória";"Sim";1;0;0;1;0;0;1;1;-21,76751094;-41,34876249;"SPRF-RJ";"DEL08-RJ";"UOP02-DEL08-RJ"
508119;2023-03-03;"sexta-feira";"02:30:00";"SP";116;218;"GUARULHOS";"Reação tardia ou ineficiente do condutor";"Capotamento";"Com Vítimas Feridas";"Plena Noite";"Crescente";"Nublado";"Múltipla";"Reta";"Não";1;0;1;0;0;0;1;1;-23,457972;-46,479927;"SPRF-SP";"DEL01-SP";"UOP01-DEL01-SP"
508120;2023-03-03;"sexta-feira";"02:05:00";"MA";230;406,7;"BALSAS";"Ingestão de álcool pelo condutor";"Saída de leito carroçável";"Sem Vítimas";"Plena Noite";"Crescente";"Céu Claro";"Simples";"Reta;Declive";"Sim";1;0;0;0;1;0;0;1;-7,51971965;-46,05845601;"SPRF-MA";"DEL05-MA";"UOP01-DEL05-MA"
508121;2023-03-03;"sexta-feira";"02:50:00";"PE";232;197;"SANHARO";"Transitar na contramão";"Colisão frontal";"Com Vítimas Feridas";"Plena Noite";"Decrescente";"Céu Claro";"Simples";"Reta";"Não";10;0;7;0;1;2;7;2;-8,36891793;-36,580362;"SPRF-PE";"DEL03-PE";"UOP02-DEL03-PE"
508123;2023-03-03;"sexta-feira";"05:55:00";"SP";116;5;"GUARULHOS";"Reação tardia ou ineficiente do condutor";"Atropelamento de Pedestre";"Com Vítimas Feridas";"Amanhecer";"Crescente";"Ignorado";"Dupla";"Aclive";"Sim";2;0;0;1;1;0;1;2;-23,463257;-46,53373;"SPRF-SP";"DEL01-SP";"UOP01-DEL01-SP"
508125;2023-03-03;"sexta-feira";"06:15:00";"SP";116;217;"GUARULHOS";"Manobra de mudança de faixa";"Colisão lateral mesmo sentido";"Com Vítimas Fatais";"Pleno dia";"Crescente";"Céu Claro";"Dupla";"Reta";"Sim";6;1;1;0;4;0;1;2;-23,45423824;-46,47119028;"SPRF-SP";"DEL01-SP";"UOP01-DEL01-SP"
508126;2023-03-03;"sexta-feira";"07:10:00";"PR";373;181;"PONTA GROSSA";"Reação tardia ou ineficiente do condutor";"Colisão frontal";"Com Vítimas Feridas";"Pleno dia";"Crescente";"Nublado";"Dupla";"Reta";"Não";2;0;1;0;1;0;1;2;-25,04266233;-50,25791089;"SPRF-PR";"DEL03-PR";"UOP01-DEL03-PR"
508129;2023-03-03;"sexta-feira";"06:40:00";"SP";116;220;"GUARULHOS";"Ausência de reação do condutor";"Colisão lateral mesmo sentido";"Com Vítimas Feridas";"Amanhecer";"Crescente";"Nublado";"Múltipla";"Reta";"Não";2;0;1;0;1;0;1;2;-23,46472809;-46,49793962;"SPRF-SP";"DEL01-SP";"UOP01-DEL01-SP"
508131;2023-03-02;"quinta-feira";"23:00:00";"PR";376;505;"PONTA GROSSA";"Chuva";"Saída de leito carroçável";"Com Vítimas Feridas";"Plena Noite";"Decrescente";"Chuva";"Dupla";"Reta";"Não";2;0;1;0;1;0;1;1;-25,23727809;-50,03847808;"SPRF-PR";"DEL03-PR";"UOP04-DEL03-PR"
508132;2023-03-03;"sexta-feira";"07:29:00";"TO";153;141;"ARAGUAINA";"Acesso irregular";"Colisão lateral mesmo sentido";"Com Vítimas Feridas";"Pleno dia";"Crescente";"Céu Claro";"Múltipla";"Reta";"Sim";3;0;1;1;1;0;2;2;-7,175959;-48,219548;"SPRF-TO";"DEL02-TO";"UOP01-DEL02-TO"
508133;2023-03-03;"sexta-feira";"07:30:00";"SC";101;198;"BIGUACU";"Acesso irregular";"Colisão traseira";"Com Vítimas Feridas";"Pleno dia";"Crescente";"Céu Claro";"Múltipla";"Reta;Interseção de Vias";"Sim";3;0;2;0;1;0;2;3;-27,52658712;-48,63506019;"SPRF-SC";"DEL01-SC";"UOP01-DEL01-SC"
508134;2023-03-03;"sexta-feira";"05:15:00";"RJ";40;116;"DUQUE DE CAXIAS";"Mal súbito do condutor";"Tombamento";"Com Vítimas Feridas";"Amanhecer";"Crescente";"Céu Claro";"Dupla";"Reta";"Não";1;0;1;0;0;0;1;1;-22,73662299;-43,28858785;"SPRF-RJ";"DEL01-RJ";"UOP01-DEL01-RJ"
508135;2023-02-27;"segunda-feira";"22:40:00";"RS";285;285;"PASSO FUNDO";"Avarias e/ou desgaste excessivo no pneu";"Saída de leito carroçável";"Com Vítimas Feridas";"Plena Noite";"Crescente";"Céu Claro";"Simples";"Curva";"Não";1;0;1;0;0;0;1;1;-28,24577;-52,299809;"SPRF-RS";"DEL08-RS";"UOP03-DEL08-RS"
508139;2023-03-03;"sexta-feira";"04:20:00";"AL";423;15;"OURO BRANCO";"Animais na Pista";"Atropelamento de Animal";"Com Vítimas Feridas";"Plena Noite";"Decrescente";"Céu Claro";"Simples";"Reta";"Não";4;0;0;4;0;0;4;1;-9,16266066;-37,41997811;"SPRF-AL";"DEL03-AL";"UOP02-DEL03-AL"
508140;2023-03-03;"sexta-feira";"07:00:00";"PE";101;69;"RECIFE";"Manobra de mudança de faixa";"Colisão traseira";"Com Vítimas Feridas";"Pleno dia";"Crescente";"Céu Claro";"Dupla";"Reta";"Sim";3;0;2;0;1;0;2;3;-8,05951606;-34,94581024;"SPRF-PE";"DEL01-PE";"UOP01-DEL01-PE"
508141;2023-03-03;"sexta-feira";"03:13:00";"GO";20;8;"FORMOSA";"Ausência de reação do condutor";"Saída de leito carroçável";"Sem Vítimas";"Plena Noite";"Crescente";"Céu Claro";"Simples";"Reta;Em Obras";"Não";1;0;0;0;0;1;0;1;-15,551153;-47,283253;"SPRF-DF";"DEL02-DF";"UOP02-DEL02-DF"
508143;2023-03-03;"sexta-feira";"07:35:00";"SE";101;155;"ESTANCIA";"Reação tardia ou ineficiente do condutor";"Saída de leito carroçável";"Com Vítimas Feridas";"Pleno dia";"Crescente";"Chuva";"Simples";"Curva";"Não";2;0;1;1;0;0;2;1;-11,290164;-37,46889;"SPRF-SE";"DEL02-SE";"UOP01-DEL02-SE"
508144;2023-03-03;"sexta-feira";"07:25:00";"PB";230;25;"JOAO PESSOA";"Trafegar com motocicleta (ou similar) entre as faixas";"Colisão traseira";"Com Vítimas Feridas";"Pleno dia";"Decrescente";"Céu Claro";"Dupla";"Reta";"Sim";2;0;1;0;1;0;1;2;-7,1707;-34,8684;"SPRF-PB";"DEL01-PB";"UOP01-DEL01-PB"
508145;2023-03-03;"sexta-feira";"07:10:00";"PR";277;137;"BALSA NOVA";"Neblina";"Saída de leito carroçável";"Com Vítimas Feridas";"Amanhecer";"Decrescente";"Nevoeiro/Neblina";"Dupla";"Reta";"Não";1;0;1;0;0;0;1;1;-25,472628;-49,697375;"SPRF-PR";"DEL03-PR";"UOP03-DEL03-PR"
508147;2023-03-03;"sexta-feira";"07:35:00";"PR";277;591,9;"CASCAVEL";"Transitar na contramão";"Colisão traseira";"Com Vítimas Feridas";"Pleno dia";"Crescente";"Garoa/Chuvisco";"Simples";"Reta;Declive";"Não";2;0;1;0;1;0;1;2;-24,98473242;-53,46501885;"SPRF-PR";"DEL04-PR";"UOP01-DEL04-PR"
508148;2023-03-03;"sexta-feira";"07:40:00";"PR";116;122;"CURITIBA";"Reação tardia ou ineficiente do condutor";"Colisão traseira";"Com Vítimas Feridas";"Pleno dia";"Decrescente";"Céu Claro";"Dupla";"Curva;Retorno Regulamentado";"Sim";2;0;1;0;1;0;1;2;-25,56857207;-49,31023179;"SPRF-PR";"DEL01-PR";"UOP03-DEL01-PR"
508149;2023-03-03;"sexta-feira";"07:50:00";"PE";101;71,8;"RECIFE";"Condutor deixou de manter distância do veículo da frente";"Colisão traseira";"Com Vítimas Feridas";"Pleno dia";"Decrescente";"Nublado";"Dupla";"Reta";"Sim";3;0;1;0;1;1;1;2;-8,084982;-34,945025;"SPRF-PE";"DEL01-PE";"UOP01-DEL01-PE"
508151;2023-01-22;"domingo";"18:30:00";"BA";415;50;"ITABUNA";"Velocidade Incompatível";"Tombamento";"Com Vítimas Feridas";"Anoitecer";"Decrescente";"Céu Claro";"Simples";"Reta";"Sim";1;0;0;1;0;0;1;1;-14,81574494;-39,29612388;"SPRF-BA";"DEL05-BA";"UOP01-DEL05-BA"
508152;2023-03-03;"sexta-feira";"08:10:00";"CE";116;6;"FORTALEZA";"Demais falhas mecânicas ou elétricas";"Queda de ocupante de veículo";"Com Vítimas Feridas";"Pleno dia";"Decrescente";"Garoa/Chuvisco";"Dupla";"Reta";"Sim";1;0;1;0;0;0;1;1;-3,802624;-38,50400499;"SPRF-CE";"DEL01-CE";"UOP02-DEL01-CE"
508154;2023-03-02;"quinta-feira";"11:20:00";"RJ";116;287;"BARRA MANSA";"Mal súbito do condutor";"Saída de leito carroçável";"Com Vítimas Feridas";"Pleno dia";"Decrescente";"Céu Claro";"Dupla";"Reta;Declive";"Não";1;0;1;0;0;0;1;1;-22,49295305;-44,24252706;"SPRF-RJ";"DEL07-RJ";"UOP02-DEL07-RJ"
508156;2023-03-03;"sexta-feira";"07:20:00";"PR";373;173,5;"PONTA GROSSA";"Condutor deixou de manter distância do veículo da frente";"Colisão traseira";"Sem Vítimas";"Pleno dia";"Crescente";"Garoa/Chuvisco";"Dupla";"Reta;Aclive";"Não";2;0;0;0;2;0;0;2;-25,0805653;-50,20175905;"SPRF-PR";"DEL03-PR";"UOP01-DEL03-PR"
508157;2023-03-03;"sexta-feira";"07:40:00";"PE";101;80;"JABOATAO DOS GUARARAPES";"Acessar a via sem observar a presença dos outros veículos";"Colisão transversal";"Com Vítimas Feridas";"Pleno dia";"Decrescente";"Céu Claro";"Dupla";"Reta";"Sim";2;0;1;0;1;0;1;2;-8,15112589;-34,9428866;"SPRF-PE";"DEL01-PE";"UOP01-DEL01-PE"
508158;2023-03-03;"sexta-feira";"07:00:00";"PR";376;380,6;"IMBAU";"Manobra de mudança de faixa";"Colisão frontal";"Com Vítimas Fatais";"Pleno dia";"Decrescente";"Céu Claro";"Simples";"Curva";"Não";2;2;0;0;0;0;0;2;-24,45228129;-50,75742473;"SPRF-PR";"DEL03-PR";"UOP02-DEL03-PR"
508160;2023-03-03;"sexta-feira";"08:10:00";"SP";116;281,8;"EMBU DAS ARTES";"Manobra de mudança de faixa";"Colisão lateral mesmo sentido";"Com Vítimas Feridas";"Pleno dia";"Decrescente";"Céu Claro";"Dupla";"Curva";"Sim";3;0;2;0;1;0;2;2;-23,67784787;-46,85769227;"SPRF-SP";"DEL04-SP";"UOP01-DEL04-SP"
508161;2023-03-03;"sexta-feira";"07:30:00";"RS";392;6,2;"CAPAO DO LEAO";"Ultrapassagem Indevida";"Colisão lateral mesmo sentido";"Com Vítimas Feridas";"Pleno dia";"Crescente";"Sol";"Simples";"Curva";"Sim";2;0;1;0;1;0;1;2;-31,79680151;-52,40755672;"SPRF-RS";"DEL07-RS";"UOP01-DEL07-RS"
508162;2023-03-03;"sexta-feira";"08:26:00";"DF";70;19;"BRASILIA";"Manobra de mudança de faixa";"Colisão lateral mesmo sentido";"Com Vítimas Feridas";"Pleno dia";"Decrescente";"Céu Claro";"Dupla";"Reta";"Não";4;0;1;0;2;1;1;3;-15,788868;-48,220242;"SPRF-DF";"DEL03-DF";"UOP02-DEL03-DF"
508165;2023-03-02;"quinta-feira";"19:30:00";"BA";101;332;"PRESIDENTE TANCREDO NEVES";"Acessar a via sem observar a presença dos outros veículos";"Colisão frontal";"Com Vítimas Feridas";"Plena Noite";"Crescente";"Nublado";"Simples";"Reta";"Não";2;0;1;1;0;0;2;2;-13,49005735;-39,42748297;"SPRF-BA";"DEL05-BA";"UOP03-DEL05-BA"
508166;2023-02-04;"sábado";"05:30:00";"PR";116;16;"COLOMBO";"Chuva";"Tombamento";"Com Vítimas Fatais";"Amanhecer";"Decrescente";"Garoa/Chuvisco";"Dupla";"Reta";"Não";1;1;0;0;0;0;0;1;-25,3874;-49,1774;"SPRF-PR";"DEL01-PR";"UOP02-DEL01-PR"
508167;2023-03-03;"sexta-feira";"08:46:00";"PE";101;44,3;"IGARASSU";"Reação tardia ou ineficiente do condutor";"Tombamento";"Com Vítimas Feridas";"Pleno dia";"Crescente";"Céu Claro";"Múltipla";"Reta";"Sim";1;0;0;1;0;0;1;1;-7,85637001;-34,90842109;"SPRF-PE";"DEL01-PE";"UOP02-DEL01-PE"
508170;2023-03-03;"sexta-feira";"08:00:00";"PR";376;206,9;"MANDAGUARI";"Demais falhas mecânicas ou elétricas";"Incêndio";"Sem Vítimas";"Pleno dia";"Decrescente";"Céu Claro";"Dupla";"Reta";"Não";1;0;0;0;1;0;0;1;-23,53548452;-51,71090841;"SPRF-PR";"DEL09-PR";"UOP01-DEL09-PR"
508171;2023-03-03;"sexta-feira";"07:35:00";"SP";116;227;"SAO PAULO";"Reação tardia ou ineficiente do condutor";"Colisão traseira";"Com Vítimas Feridas";"Pleno dia";"Crescente";"Céu Claro";"Múltipla";"Reta";"Não";3;0;2;0;1;0;2;2;-23,49659264;-46,55648754;"SPRF-SP";"DEL01-SP";"UOP01-DEL01-SP"