"id";"data_inversa";"dia_semana";"horario";"uf";"br";"km";"municipio";"causa_acidente";"tipo_acidente";"classificacao_acidente";"fase_dia";"sentido_via";"condicao_metereologica";"tipo_pista";"tracado_via";"uso_solo";"pessoas";"mortos";"feridos_leves";"feridos_graves";"ilesos";"ignorados";"feridos";"veiculos";"latitude";"longitude";"regional";"delegacia";"uop"
508172;2023-03-03;"sexta-feira";"08:45:00";"MG";381;478;"CONTAGEM";"Ausência de reação do condutor";"Colisão traseira";"Sem Vítimas";"Pleno dia";"Decrescente";"Céu Claro";"Múltipla";"Reta";"Sim";3;0;0;0;3;0;0;3;-19,95826094;-44,05921101;"SPRF-MG";"DEL01-MG";"UOP03-DEL01-MG"
508173;2023-03-03;"sexta-feira";"05:20:00";"GO";452;19;"RIO VERDE";"Condutor Dormindo";"Colisão com objeto";"Com Vítimas Feridas";"Amanhecer";"Decrescente";"Nublado";"Múltipla";"Aclive;Reta;Retorno Regulamentado";"Não";1;0;1;0;0;0;1;1;-17,86328078;-50,74096784;"SPRF-GO";"DEL04-GO";"UOP01-DEL04-GO"
508174;2023-03-03;"sexta-feira";"10:00:00";"ES";101;295,2;"CARIACICA";"Avarias e/ou desgaste excessivo no pneu";"Queda de ocupante de veículo";"Com Vítimas Feridas";"Pleno dia";"Decrescente";"Céu Claro";"Dupla";"Reta";"Não";1;0;1;0;0;0;1;1;-20,33223667;-40,40004683;"SPRF-ES";"DEL01-ES";"UOP01-DEL01-ES"
508176;2023-03-03;"sexta-feira";"08:00:00";"MT";364;572,2;"NOBRES";"Ausência de reação do condutor";"Saída de leito carroçável";"Com Vítimas Feridas";"Pleno dia";"Decrescente";"Sol";"Dupla";"Reta";"Não";1;0;0;1;0;0;1;1;-14,640758;-56,278902;"SPRF-MT";"DEL01-MT";"UOP01-DEL01-MT"
508178;2023-03-03;"sexta-feira";"09:00:00";"PE";101;64,7;"RECIFE";"Reação tardia ou ineficiente do condutor";"Queda de ocupante de veículo";"Com Vítimas Feridas";"Pleno dia";"Crescente";"Céu Claro";"Dupla";"Reta";"Sim";1;0;1;0;0;0;1;1;-8,0162921;-34,94045886;"SPRF-PE";"DEL01-PE";"UOP01-DEL01-PE"
508179;2023-03-03;"sexta-feira";"09:12:00";"ES";101;297,9;"VIANA";"Desrespeitar a preferência no cruzamento";"Colisão transversal";"Com Vítimas Feridas";"Pleno dia";"Decrescente";"Céu Claro";"Dupla";"Reta";"Sim";2;0;1;0;1;0;1;2;-20,35317434;-40,41495865;"SPRF-ES";"DEL01-ES";"UOP01-DEL01-ES"
508180;2023-03-03;"sexta-feira";"08:10:00";"MG";40;804,9;"MATIAS BARBOSA";"Ausência de reação do condutor";"Tombamento";"Com Vítimas Feridas";"Pleno dia";"Crescente";"Céu Claro";"Dupla";"Curva";"Não";1;0;1;0;0;0;1;1;-21,86313979;-43,37348589;"SPRF-MG";"DEL05-MG";"UOP01-DEL05-MG"
508182;2023-03-03;"sexta-feira";"08:10:00";"PI";316;4,2;"TERESINA";"Acumulo de água sobre o pavimento";"Eventos atípicos";"Com Vítimas Feridas";"Pleno dia";"Decrescente";"Sol";"Múltipla";"Curva";"Sim";1;0;0;1;0;0;1;1;-5,13655894;-42,78900388;"SPRF-PI";"DEL01-PI";"UOP02-DEL01-PI"
508183;2023-03-03;"sexta-feira";"09:42:00";"RN";405;73;"APODI";"Acesso irregular";"Colisão frontal";"Com Vítimas Feridas";"Pleno dia";"Decrescente";"Céu Claro";"Simples";"Reta;Declive";"Não";2;0;1;0;1;0;1;2;-5,6262269;-37,79782904;"SPRF-RN";"DEL04-RN";"UOP02-DEL04-RN"
508187;2023-03-03;"sexta-feira";"11:10:00";"PB";101;99;"CONDE";"Reação tardia ou ineficiente do condutor";"Tombamento";"Com Vítimas Feridas";"Pleno dia";"Decrescente";"Céu Claro";"Múltipla";"Reta";"Sim";1;0;0;1;0;0;1;1;-7,2557332;-34,93469152;"SPRF-PB";"DEL01-PB";"UOP02-DEL01-PB"
508188;2023-02-21;"terça-feira";"13:20:00";"RS";392;1;"PELOTAS";"Reação tardia ou ineficiente do condutor";"Colisão lateral mesmo sentido";"Sem Vítimas";"Pleno dia";"Crescente";"Céu Claro";"Simples";"Reta";"Não";2;0;0;0;2;0;0;2;-31,7610494;-52,40272522;"SPRF-RS";"DEL07-RS";"UOP02-DEL07-RS"
508189;2023-03-03;"sexta-feira";"10:05:00";"AL";101;104;"PILAR";"Acumulo de óleo sobre o pavimento";"Tombamento";"Com Vítimas Feridas";"Pleno dia";"Crescente";"Céu Claro";"Simples";"Curva";"Não";1;0;1;0;0;0;1;1;-9,58714551;-35,98027797;"SPRF-AL";"DEL02-AL";"UOP01-DEL02-AL"
508194;2023-03-03;"sexta-feira";"10:55:00";"RN";101;115,2;"SAO JOSE DE MIPIBU";"Condutor Dormindo";"Saída de leito carroçável";"Com Vítimas Feridas";"Pleno dia";"Crescente";"Céu Claro";"Dupla";"Reta";"Sim";1;0;1;0;0;0;1;1;-5,99096804;-35,26381408;"SPRF-RN";"DEL01-RN";"UOP01-DEL01-RN"
508195;2023-03-03;"sexta-feira";"10:30:00";"PR";376;620;"SAO JOSE DOS PINHAIS";"Demais falhas mecânicas ou elétricas";"Capotamento";"Com Vítimas Feridas";"Pleno dia";"Decrescente";"Céu Claro";"Dupla";"Reta";"Não";1;0;1;0;0;0;1;1;-25,60925907;-49,17205834;"SPRF-PR";"DEL01-PR";"UOP04-DEL01-PR"
508197;2023-03-03;"sexta-feira";"11:30:00";"BA";101;503;"ITABUNA";"Conversão proibida";"Colisão transversal";"Com Vítimas Feridas";"Pleno dia";"Decrescente";"Céu Claro";"Simples";"Interseção de Vias";"Não";2;0;1;0;1;0;1;2;-14,92453419;-39,29545275;"SPRF-BA";"DEL05-BA";"UOP01-DEL05-BA"
508198;2023-01-14;"sábado";"10:40:00";"MS";163;725;"COXIM";"Ultrapassagem Indevida";"Colisão transversal";"Com Vítimas Feridas";"Pleno dia";"Decrescente";"Céu Claro";"Simples";"Reta";"Sim";2;0;1;0;1;0;1;2;-18,55245685;-54,75080527;"SPRF-MS";"DEL06-MS";"UOP01-DEL06-MS"
508199;2023-03-03;"sexta-feira";"10:40:00";"RO";319;64;"PORTO VELHO";"Condutor deixou de manter distância do veículo da frente";"Colisão traseira";"Sem Vítimas";"Pleno dia";"Crescente";"Sol";"Dupla";"Reta";"Sim";5;0;0;0;5;0;0;3;-8,766685;-63,884052;"SPRF-RO";"DEL01-RO";"UOP01-DEL01-RO"
508202;2023-03-03;"sexta-feira";"12:00:00";"PE";104;66,1;"CARUARU";"Obstrução na via";"Colisão traseira";"Com Vítimas Feridas";"Pleno dia";"Decrescente";"Céu Claro";"Múltipla";"Reta";"Sim";4;0;1;1;1;1;2;3;-8,2937;-35,9864;"SPRF-PE";"DEL02-PE";"UOP01-DEL02-PE"
508203;2023-03-03;"sexta-feira";"11:35:00";"SC";101;215;"PALHOCA";"Acessar a via sem observar a presença dos outros veículos";"Colisão transversal";"Com Vítimas Feridas";"Pleno dia";"Decrescente";"Sol";"Múltipla";"Reta";"Sim";2;0;1;0;1;0;1;2;-27,65184843;-48,67604941;"SPRF-SC";"DEL01-SC";"UOP02-DEL01-SC"
508206;2023-02-28;"terça-feira";"07:15:00";"BA";110;2;"PAULO AFONSO";"Acessar a via sem observar a presença dos outros veículos";"Colisão transversal";"Com Vítimas Feridas";"Pleno dia";"Crescente";"Céu Claro";"Simples";"Reta";"Sim";2;0;1;0;1;0;1;2;-9,47099311;-38,20719886;"SPRF-BA";"DEL07-BA";"UOP01-DEL07-BA"
508208;2023-03-03;"sexta-feira";"12:20:00";"PR";277;77;"SAO JOSE DOS PINHAIS";"Velocidade Incompatível";"Colisão traseira";"Com Vítimas Feridas";"Pleno dia";"Decrescente";"Céu Claro";"Dupla";"Reta";"Não";2;0;2;0;0;0;2;1;-25,48883955;-49,17995453;"SPRF-PR";"DEL01-PR";"UOP01-DEL01-PR"
508209;2023-03-03;"sexta-feira";"10:20:00";"RJ";101;318;"SAO GONCALO";"Acumulo de areia ou detritos sobre o pavimento";"Queda de ocupante de veículo";"Com Vítimas Feridas";"Pleno dia";"Crescente";"Céu Claro";"Simples";"Curva";"Sim";1;0;1;0;0;0;1;1;-22,84562994;-43,09841211;"SPRF-RJ";"DEL02-RJ";"UOP02-DEL02-RJ"
508211;2023-03-03;"sexta-feira";"11:35:00";"RJ";40;121;"DUQUE DE CAXIAS";"Demais falhas mecânicas ou elétricas";"Colisão lateral mesmo sentido";"Com Vítimas Feridas";"Pleno dia";"Crescente";"Céu Claro";"Dupla";"Reta";"Sim";2;0;1;0;1;0;1;2;-22,78185499;-43,28571273;"SPRF-RJ";"DEL01-RJ";"UOP01-DEL01-RJ"
508212;2023-03-03;"sexta-feira";"12:05:00";"RS";101;51,6;"TERRA DE AREIA";"Ausência de reação do condutor";"Saída de leito carroçável";"Com Vítimas Feridas";"Pleno dia";"Crescente";"Nublado";"Dupla";"Reta";"Não";1;0;1;0;0;0;1;1;-29,61499714;-50,0915338;"SPRF-RS";"DEL03-RS";"UOP02-DEL03-RS"
508214;2023-02-22;"quarta-feira";"09:50:00";"BA";242;524;"OLIVEIRA DOS BREJINHOS";"Ausência de reação do condutor";"Saída de leito carroçável";"Com Vítimas Feridas";"Pleno dia";"Crescente";"Céu Claro";"Simples";"Reta";"Não";4;0;0;2;2;0;2;1;-12,29182589;-42,65698696;"SPRF-BA";"DEL06-BA";"UOP01-DEL06-BA"
508216;2023-03-03;"sexta-feira";"09:12:00";"MG";40;211;"JOAO PINHEIRO";"Ultrapassagem Indevida";"Saída de leito carroçável";"Com Vítimas Feridas";"Pleno dia";"Crescente";"Céu Claro";"Simples";"Curva";"Não";1;0;1;0;0;0;1;1;-17,98037422;-45,7199549;"SPRF-MG";"DEL14-MG";"UOP02-DEL14-MG"
508218;2023-03-03;"sexta-feira";"11:30:00";"PR";376;360;"ORTIGUEIRA";"Ultrapassagem Indevida";"Colisão lateral sentido oposto";"Com Vítimas Feridas";"Pleno dia";"Crescente";"Céu Claro";"Simples";"Reta;Declive";"Não";5;0;0;1;3;1;1;5;-24,31561633;-50,86079325;"SPRF-PR";"DEL07-PR";"UOP02-DEL07-PR"
508219;2023-03-03;"sexta-feira";"12:00:00";"SC";101;90,5;"BARRA VELHA";"Manobra de mudança de faixa";"Colisão lateral mesmo sentido";"Com Vítimas Feridas";"Pleno dia";"Crescente";"Céu Claro";"Simples";"Reta";"Sim";3;0;1;0;2;0;1;2;-26,66148503;-48,68866176;"SPRF-SC";"DEL03-SC";"UOP02-DEL03-SC"
508220;2023-03-03;"sexta-feira";"09:50:00";"MG";262;34;"MANHUACU";"Conversão proibida";"Colisão transversal";"Com Vítimas Feridas";"Pleno dia";"Crescente";"Sol";"Simples";"Reta";"Sim";3;0;2;0;1;0;2;2;-20,258114;-42,024272;"SPRF-MG";"DEL06-MG";"UOP03-DEL06-MG"
508222;2023-03-03;"sexta-feira";"13:40:00";"BA";116;840;"VITORIA DA CONQUISTA";"Velocidade Incompatível";"Colisão traseira";"Com Vítimas Feridas";"Pleno dia";"Crescente";"Céu Claro";"Simples";"Reta";"Não";3;0;1;0;2;0;1;2;-14,98697;-40,92538;"SPRF-BA";"DEL08-BA";"UOP01-DEL08-BA"
508224;2023-03-03;"sexta-feira";"13:45:00";"PB";230;25;"JOAO PESSOA";"Condutor deixou de manter distância do veículo da frente";"Colisão traseira";"Com Vítimas Feridas";"Pleno dia";"Decrescente";"Céu Claro";"Múltipla";"Interseção de Vias;Reta";"Sim";2;0;1;0;0;1;1;2;-7,1707;-34,8684;"SPRF-PB";"DEL01-PB";"UOP01-DEL01-PB"
508225;2023-03-03;"sexta-feira";"13:45:00";"MG";50;40;"ARAGUARI";"Reação tardia ou ineficiente do condutor";"Colisão lateral mesmo sentido";"Com Vítimas Feridas";"Pleno dia";"Decrescente";"Céu Claro";"Dupla";"Reta";"Sim";2;0;1;0;1;0;1;2;-18,673214;-48,177773;"SPRF-MG";"DEL15-MG";"UOP02-DEL15-MG"
508226;2023-03-03;"sexta-feira";"13:00:00";"SC";470;57;"BLUMENAU";"Acessar a via sem observar a presença dos outros veículos";"Colisão transversal";"Com Vítimas Feridas";"Pleno dia";"Crescente";"Céu Claro";"Simples";"Reta";"Sim";2;0;0;1;1;0;1;2;-26,880428;-49,136532;"SPRF-SC";"DEL04-SC";"UOP01-DEL04-SC"
508230;2023-03-03;"sexta-feira";"13:55:00";"RO";364;714;"PORTO VELHO";"Acessar a via sem observar a presença dos outros veículos";"Colisão lateral mesmo sentido";"Com Vítimas Feridas";"Pleno dia";"Crescente";"Céu Claro";"Dupla";"Viaduto;Curva";"Sim";2;0;1;0;1;0;1;2;-8,77323714;-63,88521091;"SPRF-RO";"DEL01-RO";"UOP01-DEL01-RO"
508232;2023-02-18;"sábado";"20:40:00";"PA";230;650;"ALTAMIRA";"Ingestão de substâncias psicoativas pelo condutor";"Saída de leito carroçável";"Sem Vítimas";"Plena Noite";"Crescente";"Ignorado";"Simples";"Reta";"Não";2;0;0;0;0;2;0;2;-3,22792823;-52,29938507;"SPRF-PA";"DEL04-PA";"UOP01-DEL04-PA"
508234;2023-03-03;"sexta-feira";"14:50:00";"ES";101;236,7;"FUNDAO";"Acessar a via sem observar a presença dos outros veículos";"Colisão transversal";"Com Vítimas Feridas";"Pleno dia";"Crescente";"Céu Claro";"Simples";"Curva";"Não";2;0;1;0;1;0;1;2;-19,98434998;-40,41371315;"SPRF-ES";"DEL02-ES";"UOP01-DEL02-ES"
508235;2023-03-03;"sexta-feira";"15:10:00";"SC";101;115;"ITAJAI";"Reação tardia ou ineficiente do condutor";"Colisão traseira";"Com Vítimas Feridas";"Pleno dia";"Crescente";"Nublado";"Múltipla";"Reta";"Não";2;0;1;0;1;0;1;2;-26,87064015;-48,72954134;"SPRF-SC";"DEL04-SC";"UOP04-DEL04-SC"
508236;2023-03-03;"sexta-feira";"15:00:00";"SP";153;60,7;"SAO JOSE DO RIO PRETO";"Reação tardia ou ineficiente do condutor";"Saída de leito carroçável";"Com Vítimas Feridas";"Pleno dia";"Decrescente";"Céu Claro";"Dupla";"Aclive";"Sim";1;0;1;0;0;0;1;1;-20,79627979;-49,35480206;"SPRF-SP";"DEL09-SP";"UOP01-DEL09-SP"
508237;2023-03-03;"sexta-feira";"15:05:00";"PR";369;411,4;"JURANDA";"Acessar a via sem observar a presença dos outros veículos";"Colisão transversal";"Com Vítimas Feridas";"Pleno dia";"Crescente";"Nublado";"Simples";"Reta;Interseção de Vias";"Não";2;0;1;0;1;0;1;2;-24,3419;-52,7176;"SPRF-PR";"DEL04-PR";"UOP03-DEL04-PR"
508240;2023-03-03;"sexta-feira";"15:00:00";"PB";101;85;"BAYEUX";"Reação tardia ou ineficiente do condutor";"Colisão lateral mesmo sentido";"Sem Vítimas";"Pleno dia";"Decrescente";"Céu Claro";"Dupla";"Reta";"Não";1;0;0;0;1;0;0;1;-7,14538184;-34,91662887;"SPRF-PB";"DEL01-PB";"UOP01-DEL01-PB"
508241;2023-03-03;"sexta-feira";"14:00:00";"RN";101;94;"NATAL";"Condutor deixou de manter distância do veículo da frente";"Colisão traseira";"Com Vítimas Feridas";"Pleno dia";"Decrescente";"Céu Claro";"Dupla";"Reta";"Sim";2;0;1;0;1;0;1;2;-5,83176615;-35,21191342;"SPRF-RN";"DEL01-RN";"UOP01-DEL01-RN"
508242;2023-03-03;"sexta-feira";"14:50:00";"MS";60;428;"SIDROLANDIA";"Demais falhas mecânicas ou elétricas";"Incêndio";"Sem Vítimas";"Pleno dia";"Crescente";"Sol";"Simples";"Reta";"Não";1;0;0;0;1;0;0;1;-20,95147591;-54,97109059;"SPRF-MS";"DEL01-MS";"UOP04-DEL01-MS"
508243;2023-03-03;"sexta-feira";"15:39:00";"SC";470;136,2;"RIO DO SUL";"Acessar a via sem observar a presença dos outros veículos";"Colisão transversal";"Com Vítimas Feridas";"Pleno dia";"Decrescente";"Nublado";"Simples";"Reta";"Sim";2;0;1;0;1;0;1;2;-27,194323;-49,624554;"SPRF-SC";"DEL04-SC";"UOP02-DEL04-SC"
508245;2023-03-03;"sexta-feira";"15:15:00";"MG";153;102;"PRATA";"Condutor Dormindo";"Saída de leito carroçável";"Com Vítimas Feridas";"Pleno dia";"Crescente";"Sol";"Simples";"Reta";"Não";1;0;1;0;0;0;1;1;-19,24602501;-48,92747904;"SPRF-MG";"DEL15-MG";"UOP03-DEL15-MG"
508249;2023-03-03;"sexta-feira";"16:15:00";"SP";153;72,9;"SAO JOSE DO RIO PRETO";"Ausência de sinalização";"Colisão com objeto";"Com Vítimas Feridas";"Pleno dia";"Decrescente";"Sol";"Dupla";"Curva;Retorno Regulamentado";"Não";1;0;1;0;0;0;1;1;-20,8658697;-49,41253424;"SPRF-SP";"DEL09-SP";"UOP01-DEL09-SP"
508251;2023-03-03;"sexta-feira";"16:00:00";"PI";343;9,4;"PARNAIBA";"Acessar a via sem observar a presença dos outros veículos";"Colisão lateral mesmo sentido";"Com Vítimas Feridas";"Pleno dia";"Decrescente";"Nublado";"Simples";"Reta";"Sim";3;0;0;2;1;0;2;2;-2,90128612;-41,73684824;"SPRF-PI";"DEL05-PI";"UOP01-DEL05-PI"
508252;2023-03-03;"sexta-feira";"16:05:00";"RS";470;209;"BENTO GONCALVES";"Ausência de reação do condutor";"Saída de leito carroçável";"Sem Vítimas";"Pleno dia";"Decrescente";"Garoa/Chuvisco";"Simples";"Curva";"Não";1;0;0;0;1;0;0;1;-29,10894598;-51,54542236;"SPRF-RS";"DEL06-RS";"UOP01-DEL06-RS"
508253;2023-03-03;"sexta-feira";"16:35:00";"ES";101;265;"SERRA";"Manobra de mudança de faixa";"Queda de ocupante de veículo";"Com Vítimas Feridas";"Pleno dia";"Crescente";"Céu Claro";"Dupla";"Reta";"Sim";1;0;1;0;0;0;1;1;-20,1816849;-40,26536036;"SPRF-ES";"DEL02-ES";"UOP01-DEL02-ES"
508254;2023-03-03;"sexta-feira";"16:10:00";"AL";104;86,8;"RIO LARGO";"Acessar a via sem observar a presença dos outros veículos";"Colisão lateral mesmo sentido";"Com Vítimas Feridas";"Pleno dia";"Crescente";"Céu Claro";"Dupla";"Reta";"Sim";2;0;1;0;0;1;1;2;-9,46691715;-35,82504135;"SPRF-AL";"DEL01-AL";"UOP01-DEL01-AL"
508255;2023-03-03;"sexta-feira";"15:35:00";"RJ";393;285;"VOLTA REDONDA";"Acessar a via sem observar a presença dos outros veículos";"Colisão transversal";"Com Vítimas Feridas";"Pleno dia";"Decrescente";"Chuva";"Simples";"Reta";"Sim";2;0;0;1;1;0;1;2;-22,50634246;-44,07697678;"SPRF-RJ";"DEL05-RJ";"UOP04-DEL05-RJ"
508256;2023-03-03;"sexta-feira";"15:45:00";"MS";262;310;"CAMPO GRANDE";"Ausência de reação do condutor";"Colisão traseira";"Com Vítimas Feridas";"Pleno dia";"Decrescente";"Céu Claro";"Simples";"Reta";"Não";3;0;0;2;1;0;2;2;-20,47531859;-54,38179695;"SPRF-MS";"DEL01-MS";"UOP01-DEL01-MS"
508258;2023-03-03;"sexta-feira";"15:50:00";"GO";60;0;"SANTO ANTONIO DO DESCOBERTO";"Acumulo de água sobre o pavimento";"Saída de leito carroçável";"Com Vítimas Feridas";"Pleno dia";"Decrescente";"Chuva";"Dupla";"Reta;Declive";"Não";3;0;1;0;2;0;1;1;-16,05271548;-48,25977445;"SPRF-DF";"DEL03-DF";"UOP01-DEL03-DF"
508259;2023-03-03;"sexta-feira";"15:55:00";"MG";40;605,2;"CONGONHAS";"Conversão proibida";"Colisão transversal";"Com Vítimas Feridas";"Pleno dia";"Decrescente";"Céu Claro";"Simples";"Reta";"Não";3;0;2;0;1;0;2;2;-20,45960587;-43,83907941;"SPRF-MG";"DEL05-MG";"UOP02-DEL05-MG"
508260;2023-03-03;"sexta-feira";"17:25:00";"GO";70;1;"AGUAS LINDAS DE GOIAS";"Ultrapassagem Indevida";"Capotamento";"Sem Vítimas";"Pleno dia";"Crescente";"Céu Claro";"Dupla";"Reta";"Não";2;0;0;0;2;0;0;2;-15,77579351;-48,23259001;"SPRF-DF";"DEL03-DF";"UOP02-DEL03-DF"
508261;2023-03-03;"sexta-feira";"16:45:00";"MG";381;451,5;"SABARA";"Retorno proibido";"Colisão lateral mesmo sentido";"Com Vítimas Feridas";"Pleno dia";"Decrescente";"Sol";"Simples";"Em Obras;Reta";"Sim";2;0;1;0;1;0;1;2;-19,83832024;-43,8806931;"SPRF-MG";"DEL01-MG";"UOP01-DEL01-MG"
508263;2023-03-03;"sexta-feira";"16:45:00";"GO";153;621,1;"MORRINHOS";"Mal súbito do condutor";"Capotamento";"Com Vítimas Feridas";"Pleno dia";"Crescente";"Céu Claro";"Dupla";"Declive";"Não";1;0;1;0;0;0;1;1;-17,7309;-49,1552;"SPRF-GO";"DEL03-GO";"UOP01-DEL03-GO"
508265;2023-03-03;"sexta-feira";"15:00:00";"GO";70;9;"AGUAS LINDAS DE GOIAS";"Chuva";"Saída de leito carroçável";"Com Vítimas Feridas";"Pleno dia";"Decrescente";"Chuva";"Dupla";"Curva";"Não";1;0;1;0;0;0;1;1;-15,73576731;-48,28288046;"SPRF-DF";"DEL03-DF";"UOP02-DEL03-DF"
508266;2023-03-03;"sexta-feira";"17:30:00";"MG";381;824;"CAREACU";"Demais falhas mecânicas ou elétricas";"Incêndio";"Sem Vítimas";"Pleno dia";"Crescente";"Céu Claro";"Dupla";"Reta";"Não";1;0;0;0;1;0;0;1;-22,09422917;-45,71202993;"SPRF-MG";"DEL16-MG";"UOP01-DEL16-MG"
508267;2023-03-03;"sexta-feira";"16:34:00";"RJ";101;389;"RIO DE JANEIRO";"Reação tardia ou ineficiente do condutor";"Colisão traseira";"Com Vítimas Feridas";"Pleno dia";"Crescente";"Nublado";"Dupla";"Reta";"Sim";3;0;1;0;2;0;1;2;-22,89370014;-43,67614746;"SPRF-RJ";"DEL03-RJ";"UOP01-DEL03-RJ"
508268;2023-03-03;"sexta-feira";"16:00:00";"PI";343;316;"ALTOS";"Ausência de reação do condutor";"Engavetamento";"Com Vítimas Feridas";"Pleno dia";"Decrescente";"Céu Claro";"Simples";"Reta";"Não";5;0;3;0;2;0;3;3;-5,046231;-42,535843;"SPRF-PI";"DEL01-PI";"UOP01-DEL01-PI"
508272;2023-03-01;"quarta-feira";"03:00:00";"SC";470;271,4;"BRUNOPOLIS";"Reação tardia ou ineficiente do condutor";"Capotamento";"Sem Vítimas";"Plena Noite";"Crescente";"Céu Claro";"Simples";"Curva";"Não";1;0;0;0;1;0;0;1;-27,321873;-50,775558;"SPRF-SC";"DEL07-SC";"UOP06-DEL07-SC"
508276;2023-03-03;"sexta-feira";"19:09:00";"SC";470;58;"BLUMENAU";"Acessar a via sem observar a presença dos outros veículos";"Colisão transversal";"Com Vítimas Feridas";"Plena Noite";"Crescente";"Chuva";"Simples";"Reta";"Não";2;0;0;1;1;0;1;2;-26,883879;-49,145622;"SPRF-SC";"DEL04-SC";"UOP01-DEL04-SC"
508277;2023-03-03;"sexta-feira";"19:14:00";"SC";101;212;"PALHOCA";"Ausência de reação do condutor";"Colisão traseira";"Com Vítimas Feridas";"Plena Noite";"Crescente";"Céu Claro";"Simples";"Reta";"Sim";2;0;1;0;1;0;1;1;-27,62996929;-48,65903871;"SPRF-SC";"DEL01-SC";"UOP02-DEL01-SC"
508279;2023-03-03;"sexta-feira";"18:00:00";"GO";50;246,2;"CATALAO";"Demais falhas mecânicas ou elétricas";"Saída de leito carroçável";"Sem Vítimas";"Anoitecer";"Crescente";"Nublado";"Dupla";"Reta";"Não";1;0;0;0;1;0;0;1;-17,9343;-47,7877;"SPRF-GO";"DEL06-GO";"UOP01-DEL06-GO"
508280;2023-03-03;"sexta-feira";"17:10:00";"PR";277;689;"SAO MIGUEL DO IGUACU";"Acumulo de água sobre o pavimento";"Colisão frontal";"Com Vítimas Feridas";"Pleno dia";"Decrescente";"Chuva";"Dupla";"Curva";"Sim";1;0;1;0;0;0;1;1;-25,35059002;-54,24064696;"SPRF-PR";"DEL05-PR";"UOP01-DEL05-PR"
508281;2023-03-03;"sexta-feira";"19:15:00";"SE";101;86;"NOSSA SENHORA DO SOCORRO";"Reação tardia ou ineficiente do condutor";"Tombamento";"Com Vítimas Feridas";"Plena Noite";"Crescente";"Céu Claro";"Dupla";"Aclive;Reta;Em Obras";"Não";4;0;4;0;0;0;4;2;-10,85236473;-37,13618222;"SPRF-SE";"DEL01-SE";"UOP01-DEL01-SE"
508283;2023-03-03;"sexta-feira";"19:10:00";"SC";101;122;"ITAJAI";"Velocidade Incompatível";"Engavetamento";"Com Vítimas Feridas";"Plena Noite";"Decrescente";"Chuva";"Dupla";"Reta";"Não";3;0;1;0;2;0;1;3;-26,92955916;-48,70499836;"SPRF-SC";"DEL04-SC";"UOP04-DEL04-SC"
508286;2023-03-03;"sexta-feira";"14:30:00";"PR";369;148;"LONDRINA";"Ausência de reação do condutor";"Tombamento";"Com Vítimas Feridas";"Pleno dia";"Decrescente";"Céu Claro";"Dupla";"Reta;Aclive";"Sim";1;0;0;1;0;0;1;1;-23,2932365;-51,14721;"SPRF-PR";"DEL07-PR";"UOP01-DEL07-PR"
508287;2023-03-03;"sexta-feira";"19:30:00";"ES";101;84,3;"SAO MATEUS";"Ultrapassagem Indevida";"Saída de leito carroçável";"Com Vítimas Fatais";"Plena Noite";"Decrescente";"Céu Claro";"Simples";"Reta";"Não";5;3;0;1;0;1;1;2;-18,84352214;-39,92324081;"SPRF-ES";"DEL04-ES";"UOP02-DEL04-ES"
508288;2023-03-03;"sexta-feira";"19:10:00";"PR";163;39,8;"PRANCHITA";"Acessar a via sem observar a presença dos outros veículos";"Colisão frontal";"Com Vítimas Feridas";"Plena Noite";"Crescente";"Garoa/Chuvisco";"Simples";"Curva;Interseção de Vias";"Sim";4;0;0;1;3;0;1;2;-26,029126;-53,731417;"SPRF-PR";"DEL02-PR";"UOP02-DEL02-PR"
508289;2023-03-03;"sexta-feira";"17:12:00";"MG";262;859;"CONCEICAO DAS ALAGOAS";"Frear bruscamente";"Saída de leito carroçável";"Com Vítimas Fatais";"Pleno dia";"Decrescente";"Céu Claro";"Dupla";"Reta";"Não";5;1;3;1;0;0;4;1;-19,78129348;-48,39306474;"SPRF-MG";"DEL13-MG";"UOP01-DEL13-MG"
508290;2023-03-03;"sexta-feira";"18:37:00";"PB";230;4;"CABEDELO";"Área urbana sem a presença de local apropriado para a travessia de pedestres";"Atropelamento de Pedestre";"Com Vítimas Fatais";"Plena Noite";"Decrescente";"Céu Claro";"Dupla";"Em Obras;Declive";"Sim";2;1;0;0;1;0;0;2;-7,0004;-34,8284;"SPRF-PB";"DEL01-PB";"UOP01-DEL01-PB"
508291;2023-03-03;"sexta-feira";"19:50:00";"PE";101;73,3;"RECIFE";"Fumaça";"Incêndio";"Sem Vítimas";"Plena Noite";"Crescente";"Céu Claro";"Dupla";"Curva";"Sim";1;0;0;0;1;0;0;1;-8,093369;-34,947464;"SPRF-PE";"DEL01-PE";"UOP01-DEL01-PE"
508292;2023-03-03;"sexta-feira";"19:15:00";"MG";381;439;"SABARA";"Desrespeitar a preferência no cruzamento";"Colisão transversal";"Com Vítimas Feridas";"Plena Noite";"Crescente";"Céu Claro";"Dupla";"Curva;Interseção de Vias;Retorno Regulamentado";"Sim";2;0;1;0;1;0;1;2;-19,79804052;-43,75425339;"SPRF-MG";"DEL01-MG";"UOP01-DEL01-MG"
508294;2023-03-03;"sexta-feira";"19:10:00";"RJ";101;481;"ANGRA DOS REIS";"Trafegar com motocicleta (ou similar) entre as faixas";"Colisão lateral mesmo sentido";"Com Vítimas Feridas";"Plena Noite";"Decrescente";"Nublado";"Simples";"Reta";"Sim";2;0;1;0;1;0;1;2;-23,00976021;-44,29153237;"SPRF-RJ";"DEL03-RJ";"UOP03-DEL03-RJ"