"id";"data_inversa";"dia_semana";"horario";"uf";"br";"km";"municipio";"causa_acidente";"tipo_acidente";"classificacao_acidente";"fase_dia";"sentido_via";"condicao_metereologica";"tipo_pista";"tracado_via";"uso_solo";"pessoas";"mortos";"feridos_leves";"feridos_graves";"ilesos";"ignorados";"feridos";"veiculos";"latitude";"longitude";"regional";"delegacia";"uop"
508295;2023-03-03;"sexta-feira";"17:40:00";"RJ";40;2;"COMENDADOR LEVY GASPARIAN";"Condutor Dormindo";"Colisão com objeto";"Sem Vítimas";"Anoitecer";"Crescente";"Céu Claro";"Dupla";"Reta";"Não";3;0;0;0;3;0;0;1;-22,01143747;-43,25078935;"SPRF-RJ";"DEL05-RJ";"UOP02-DEL05-RJ"
508296;2023-02-16;"quinta-feira";"17:30:00";"GO";364;194,8;"JATAI";"Pedestre andava na pista";"Atropelamento de Pedestre";"Com Vítimas Feridas";"Anoitecer";"Crescente";"Céu Claro";"Dupla";"Curva;Declive";"Sim";2;0;0;2;0;0;2;2;-17,922171;-51,704082;"SPRF-GO";"DEL05-GO";"UOP01-DEL05-GO"
508297;2023-03-03;"sexta-feira";"19:00:00";"RS";472;166,2;"SANTA ROSA";"Demais falhas mecânicas ou elétricas";"Tombamento";"Com Vítimas Feridas";"Anoitecer";"Crescente";"Nublado";"Simples";"Curva;Declive";"Não";2;0;1;1;0;0;2;1;-27,860922;-54,497623;"SPRF-RS";"DEL10-RS";"UOP01-DEL10-RS"
508298;2023-03-03;"sexta-feira";"19:10:00";"ES";101;212,3;"JOAO NEIVA";"Condutor deixou de manter distância do veículo da frente";"Colisão traseira";"Sem Vítimas";"Plena Noite";"Crescente";"Céu Claro";"Simples";"Reta";"Sim";3;0;0;0;2;1;0;3;-19,81828616;-40,36762303;"SPRF-ES";"DEL02-ES";"UOP01-DEL02-ES"
508302;2023-03-03;"sexta-feira";"20:30:00";"SC";101;123,7;"ITAJAI";"Reação tardia ou ineficiente do condutor";"Tombamento";"Com Vítimas Feridas";"Plena Noite";"Crescente";"Chuva";"Múltipla";"Reta";"Sim";1;0;1;0;0;0;1;1;-26,94802427;-48,68338515;"SPRF-SC";"DEL04-SC";"UOP04-DEL04-SC"
508305;2023-03-03;"sexta-feira";"18:11:00";"MS";262;406;"TERENOS";"Avarias e/ou desgaste excessivo no pneu";"Colisão com objeto";"Com Vítimas Feridas";"Plena Noite";"Decrescente";"Céu Claro";"Simples";"Declive";"Não";5;0;1;0;4;0;1;1;-20,43213446;-55,0768939;"SPRF-MS";"DEL01-MS";"UOP03-DEL01-MS"
508306;2023-03-03;"sexta-feira";"15:20:00";"CE";402;242;"AMONTADA";"Velocidade Incompatível";"Saída de leito carroçável";"Com Vítimas Fatais";"Pleno dia";"Decrescente";"Chuva";"Simples";"Reta";"Não";1;1;0;0;0;0;0;1;-3,4102349;-39,73459086;"SPRF-CE";"DEL01-CE";"UOP03-DEL01-CE"
508307;2023-03-03;"sexta-feira";"20:20:00";"RJ";465;21;"NOVA IGUACU";"Trafegar com motocicleta (ou similar) entre as faixas";"Queda de ocupante de veículo";"Com Vítimas Feridas";"Plena Noite";"Decrescente";"Céu Claro";"Simples";"Reta";"Não";2;0;1;0;0;1;1;1;-22,854782;-43,601933;"SPRF-RJ";"DEL03-RJ";"UOP01-DEL03-RJ"
508308;2023-03-03;"sexta-feira";"20:10:00";"MG";262;80,4;"MATIPO";"Transitar na contramão";"Colisão lateral sentido oposto";"Com Vítimas Fatais";"Plena Noite";"Crescente";"Céu Claro";"Simples";"Reta";"Não";6;1;1;0;4;0;1;3;-20,33615292;-42,37396299;"SPRF-MG";"DEL03-MG";"UOP03-DEL03-MG"
508310;2023-03-03;"sexta-feira";"21:50:00";"ES";101;287;"CARIACICA";"Condutor deixou de manter distância do veículo da frente";"Colisão traseira";"Com Vítimas Feridas";"Plena Noite";"Crescente";"Céu Claro";"Dupla";"Reta;Declive";"Sim";2;0;1;0;1;0;1;2;-20,26493528;-40,38471702;"SPRF-ES";"DEL01-ES";"UOP01-DEL01-ES"
508313;2023-03-03;"sexta-feira";"20:20:00";"SC";282;527,5;"CORDILHEIRA ALTA";"Transitar na contramão";"Colisão lateral sentido oposto";"Sem Vítimas";"Plena Noite";"Crescente";"Chuva";"Simples";"Curva";"Não";2;0;0;0;1;1;0;2;-26,973196;-52,583321;"SPRF-SC";"DEL07-SC";"UOP01-DEL07-SC"
508314;2023-03-03;"sexta-feira";"21:00:00";"MG";40;498,2;"ESMERALDAS";"Ausência de reação do condutor";"Colisão com objeto";"Com Vítimas Feridas";"Plena Noite";"Decrescente";"Nublado";"Dupla";"Reta;Aclive;Retorno Regulamentado";"Sim";1;0;1;0;0;0;1;1;-19,68667584;-44,18064237;"SPRF-MG";"DEL02-MG";"UOP01-DEL02-MG"
508316;2023-03-03;"sexta-feira";"19:50:00";"SC";470;295,3;"CAMPOS NOVOS";"Transitar na contramão";"Colisão frontal";"Com Vítimas Feridas";"Anoitecer";"Crescente";"Garoa/Chuvisco";"Simples";"Reta";"Não";3;0;2;0;1;0;2;2;-27,348831;-51,008823;"SPRF-SC";"DEL07-SC";"UOP06-DEL07-SC"
508317;2023-03-03;"sexta-feira";"21:55:00";"PE";232;506;"SALGUEIRO";"Ausência de reação do condutor";"Colisão traseira";"Com Vítimas Feridas";"Plena Noite";"Decrescente";"Garoa/Chuvisco";"Simples";"Reta;Declive";"Não";1;0;0;1;0;0;1;1;-8,05986546;-39,10271397;"SPRF-PE";"DEL05-PE";"UOP01-DEL05-PE"
508318;2023-03-03;"sexta-feira";"21:25:00";"CE";116;35;"HORIZONTE";"Acesso irregular";"Colisão transversal";"Com Vítimas Feridas";"Plena Noite";"Decrescente";"Nublado";"Dupla";"Reta";"Não";2;0;0;1;1;0;1;2;-4,05218058;-38,50627716;"SPRF-CE";"DEL01-CE";"UOP02-DEL01-CE"
508319;2023-03-03;"sexta-feira";"22:10:00";"RS";386;387,2;"TABAI";"Entrada inopinada do pedestre";"Atropelamento de Pedestre";"Com Vítimas Feridas";"Plena Noite";"Decrescente";"Garoa/Chuvisco";"Dupla";"Reta";"Sim";2;0;1;0;1;0;1;2;-29,691391;-51,706539;"SPRF-RS";"DEL04-RS";"NPF/DEL04-RS"
508320;2023-03-03;"sexta-feira";"22:15:00";"PR";376;246;"APUCARANA";"Ingestão de álcool pelo condutor";"Capotamento";"Com Vítimas Feridas";"Plena Noite";"Crescente";"Céu Claro";"Dupla";"Curva";"Não";2;0;1;0;1;0;1;1;-23,59634169;-51,41151853;"SPRF-PR";"DEL07-PR";"UOP03-DEL07-PR"
508321;2023-03-03;"sexta-feira";"06:00:00";"RO";364;930;"PORTO VELHO";"Falta de elemento de contenção que evite a saída do leito carroçável";"Saída de leito carroçável";"Com Vítimas Feridas";"Amanhecer";"Decrescente";"Céu Claro";"Simples";"Reta;Em Obras";"Não";2;0;1;1;0;0;2;1;-9,68812319;-65,37735325;"SPRF-RO";"DEL01-RO";"UOP03-DEL01-RO"
508322;2023-03-03;"sexta-feira";"22:30:00";"ES";262;45;"MARECHAL FLORIANO";"Acessar a via sem observar a presença dos outros veículos";"Colisão transversal";"Com Vítimas Feridas";"Plena Noite";"Crescente";"Céu Claro";"Simples";"Reta;Interseção de Vias";"Sim";2;0;0;1;1;0;1;2;-20,39769215;-40,67180229;"SPRF-ES";"DEL01-ES";"UOP01-DEL01-ES"
508323;2023-03-03;"sexta-feira";"22:34:00";"SP";116;296;"ITAPECERICA DA SERRA";"Avarias e/ou desgaste excessivo no pneu";"Queda de ocupante de veículo";"Com Vítimas Feridas";"Anoitecer";"Decrescente";"Céu Claro";"Dupla";"Reta";"Não";2;0;0;1;1;0;1;1;-23,775485;-46,914416;"SPRF-SP";"DEL04-SP";"UOP01-DEL04-SP"
508324;2023-03-03;"sexta-feira";"22:10:00";"SP";116;326;"JUQUITIBA";"Iluminação deficiente";"Atropelamento de Pedestre";"Com Vítimas Feridas";"Plena Noite";"Decrescente";"Nublado";"Dupla";"Reta";"Não";3;0;1;0;2;0;1;2;-23,93901304;-47,06241203;"SPRF-SP";"DEL04-SP";"UOP03-DEL04-SP"
508325;2023-03-03;"sexta-feira";"23:00:00";"SP";153;7;"ICEM";"Velocidade Incompatível";"Atropelamento de Animal";"Com Vítimas Feridas";"Plena Noite";"Decrescente";"Nublado";"Simples";"Reta";"Não";1;0;1;0;0;0;1;1;-20,36460498;-49,22157203;"SPRF-SP";"DEL09-SP";"UOP01-DEL09-SP"
508326;2023-03-03;"sexta-feira";"22:30:00";"SP";116;145,5;"SAO JOSE DOS CAMPOS";"Condutor deixou de manter distância do veículo da frente";"Colisão lateral mesmo sentido";"Com Vítimas Feridas";"Plena Noite";"Decrescente";"Céu Claro";"Simples";"Aclive";"Sim";1;0;0;1;0;0;1;1;-23,1869844;-45,8548078;"SPRF-SP";"DEL02-SP";"UOP01-DEL02-SP"
508327;2023-03-03;"sexta-feira";"16:40:00";"RO";364;455;"JARU";"Demais Fenômenos da natureza";"Queda de ocupante de veículo";"Com Vítimas Feridas";"Pleno dia";"Decrescente";"Sol";"Simples";"Declive";"Não";2;0;1;0;1;0;1;1;-10,27263092;-62,69037594;"SPRF-RO";"DEL03-RO";"UOP02-DEL03-RO"
508328;2023-03-03;"sexta-feira";"19:50:00";"MG";262;39,9;"MANHUACU";"Ausência de reação do condutor";"Colisão traseira";"Com Vítimas Feridas";"Plena Noite";"Crescente";"Céu Claro";"Simples";"Reta";"Não";3;0;2;0;1;0;2;2;-20,27165802;-42,03950458;"SPRF-MG";"DEL06-MG";"UOP03-DEL06-MG"
508333;2023-03-03;"sexta-feira";"23:20:00";"BA";116;839,2;"VITORIA DA CONQUISTA";"Ausência de reação do condutor";"Saída de leito carroçável";"Com Vítimas Feridas";"Plena Noite";"Decrescente";"Céu Claro";"Simples";"Reta";"Não";1;0;0;1;0;0;1;1;-14,90784523;-40,87301062;"SPRF-BA";"DEL08-BA";"UOP01-DEL08-BA"
508334;2023-03-03;"sexta-feira";"23:30:00";"RJ";393;281;"VOLTA REDONDA";"Acesso irregular";"Queda de ocupante de veículo";"Com Vítimas Feridas";"Plena Noite";"Decrescente";"Céu Claro";"Simples";"Curva";"Sim";1;0;1;0;0;0;1;1;-22,48025569;-44,02974901;"SPRF-RJ";"DEL05-RJ";"UOP04-DEL05-RJ"
508335;2023-03-03;"sexta-feira";"20:50:00";"SP";116;71;"APARECIDA";"Mal súbito do condutor";"Colisão com objeto";"Com Vítimas Feridas";"Plena Noite";"Crescente";"Céu Claro";"Dupla";"Reta";"Não";2;0;1;1;0;0;2;1;-22,85651665;-45,23114328;"SPRF-SP";"DEL08-SP";"UOP01-DEL08-SP"
508336;2023-03-04;"sábado";"00:00:00";"PR";116;0,5;"QUATRO BARRAS";"Chuva";"Colisão com objeto";"Sem Vítimas";"Plena Noite";"Decrescente";"Chuva";"Dupla";"Reta";"Não";2;0;0;0;2;0;0;1;-25,3478;-49,0493;"SPRF-PR";"DEL01-PR";"UOP02-DEL01-PR"
508338;2023-03-03;"sexta-feira";"18:40:00";"SC";470;71;"INDAIAL";"Chuva";"Queda de ocupante de veículo";"Com Vítimas Feridas";"Plena Noite";"Crescente";"Chuva";"Simples";"Reta";"Sim";1;0;1;0;0;0;1;1;-26,895243;-49,262104;"SPRF-SC";"DEL04-SC";"UOP01-DEL04-SC"
508343;2023-03-04;"sábado";"00:48:00";"GO";60;393;"RIO VERDE";"Ingestão de álcool pelo condutor";"Saída de leito carroçável";"Com Vítimas Feridas";"Plena Noite";"Decrescente";"Nublado";"Dupla";"Reta;Declive";"Sim";1;0;0;1;0;0;1;1;-17,823543;-50,995792;"SPRF-GO";"DEL04-GO";"UOP02-DEL04-GO"
508345;2023-03-04;"sábado";"00:01:00";"RS";386;440,2;"CANOAS";"Ingestão de álcool pelo condutor";"Tombamento";"Com Vítimas Feridas";"Plena Noite";"Crescente";"Garoa/Chuvisco";"Dupla";"Interseção de Vias;Viaduto;Curva;Retorno Regulamentado;Aclive";"Não";1;0;1;0;0;0;1;1;-29,88129875;-51,23736273;"SPRF-RS";"DEL01-RS";"UOP01-DEL01-RS"
508346;2023-03-04;"sábado";"02:30:00";"RS";116;267;"CANOAS";"Manobra de mudança de faixa";"Colisão com objeto";"Com Vítimas Feridas";"Plena Noite";"Crescente";"Chuva";"Dupla";"Reta";"Sim";2;0;1;0;1;0;1;1;-29,94142398;-51,17697062;"SPRF-RS";"DEL01-RS";"UOP01-DEL01-RS"
508348;2023-03-04;"sábado";"02:40:00";"CE";116;19;"ITAITINGA";"Ingestão de álcool pelo condutor";"Colisão com objeto";"Sem Vítimas";"Plena Noite";"Crescente";"Nublado";"Dupla";"Reta";"Não";1;0;0;0;1;0;0;1;-3,91384397;-38,50667231;"SPRF-CE";"DEL01-CE";"UOP02-DEL01-CE"
508349;2023-03-04;"sábado";"00:30:00";"PR";116;118;"CURITIBA";"Ingestão de álcool pelo condutor";"Saída de leito carroçável";"Sem Vítimas";"Plena Noite";"Crescente";"Chuva";"Dupla";"Retorno Regulamentado";"Não";1;0;0;0;1;0;0;1;-25,54657438;-49,29173608;"SPRF-PR";"DEL01-PR";"UOP03-DEL01-PR"
508352;2023-03-04;"sábado";"01:40:00";"SC";282;339,3;"CAMPOS NOVOS";"Pista Escorregadia";"Colisão com objeto";"Sem Vítimas";"Plena Noite";"Decrescente";"Garoa/Chuvisco";"Simples";"Reta;Declive;Interseção de Vias";"Não";1;0;0;0;1;0;0;1;-27,392731;-51,195118;"SPRF-SC";"DEL07-SC";"UOP06-DEL07-SC"
508355;2023-03-03;"sexta-feira";"17:30:00";"PI";343;67,2;"BURITI DOS LOPES";"Reação tardia ou ineficiente do condutor";"Colisão traseira";"Com Vítimas Feridas";"Anoitecer";"Crescente";"Nublado";"Simples";"Reta";"Não";4;0;1;0;2;1;1;3;-3,302112;-41,759392;"SPRF-PI";"DEL05-PI";"UOP01-DEL05-PI"
508357;2023-03-04;"sábado";"03:00:00";"RS";285;208,5;"LAGOA VERMELHA";"Ingestão de álcool pelo condutor";"Saída de leito carroçável";"Com Vítimas Fatais";"Plena Noite";"Decrescente";"Nublado";"Simples";"Reta;Interseção de Vias";"Não";2;2;0;0;0;0;0;1;-28,22576005;-51,61205292;"SPRF-RS";"DEL08-RS";"UOP05-DEL08-RS"
508358;2023-03-04;"sábado";"04:00:00";"GO";414;390,9;"CORUMBA DE GOIAS";"Animais na Pista";"Atropelamento de Animal";"Com Vítimas Feridas";"Plena Noite";"Crescente";"Nublado";"Simples";"Reta";"Não";1;0;1;0;0;0;1;1;-15,9070339;-48,8011153;"SPRF-GO";"DEL02-GO";"UOP01-DEL02-GO"
508359;2023-03-04;"sábado";"02:35:00";"BA";101;493;"ITAJUIPE";"Velocidade Incompatível";"Colisão frontal";"Com Vítimas Fatais";"Plena Noite";"Crescente";"Garoa/Chuvisco";"Simples";"Curva";"Não";23;1;1;2;19;0;3;2;-14,72209273;-39,35337067;"SPRF-BA";"DEL05-BA";"UOP01-DEL05-BA"
508361;2023-03-04;"sábado";"04:35:00";"RS";116;519;"PELOTAS";"Ausência de reação do condutor";"Colisão com objeto";"Sem Vítimas";"Pleno dia";"Crescente";"Céu Claro";"Simples";"Reta";"Sim";1;0;0;0;1;0;0;1;-31,69369368;-52,35458934;"SPRF-RS";"DEL07-RS";"UOP01-DEL07-RS"
508363;2023-03-04;"sábado";"05:10:00";"MG";381;489;"BETIM";"Manobra de mudança de faixa";"Colisão traseira";"Com Vítimas Feridas";"Amanhecer";"Decrescente";"Céu Claro";"Múltipla";"Reta";"Sim";2;0;0;1;1;0;1;2;-19,96245618;-44,16455495;"SPRF-MG";"DEL01-MG";"UOP03-DEL01-MG"
508365;2023-03-04;"sábado";"05:20:00";"ES";259;81,2;"COLATINA";"Animais na Pista";"Atropelamento de Animal";"Com Vítimas Feridas";"Amanhecer";"Crescente";"Céu Claro";"Simples";"Reta";"Não";1;0;0;1;0;0;1;1;-19,51173536;-40,84735394;"SPRF-ES";"DEL02-ES";"UOP01-DEL02-ES"
508367;2023-03-04;"sábado";"04:45:00";"SC";101;138,6;"BALNEARIO CAMBORIU";"Reação tardia ou ineficiente do condutor";"Capotamento";"Com Vítimas Feridas";"Amanhecer";"Decrescente";"Chuva";"Múltipla";"Curva";"Sim";2;0;1;0;1;0;1;1;-27,02397426;-48,60761649;"SPRF-SC";"DEL04-SC";"UOP03-DEL04-SC"
508369;2023-03-04;"sábado";"05:00:00";"PR";116;116;"CURITIBA";"Reação tardia ou ineficiente do condutor";"Saída de leito carroçável";"Com Vítimas Feridas";"Amanhecer";"Crescente";"Nublado";"Dupla";"Reta;Interseção de Vias";"Sim";2;0;2;0;0;0;2;1;-25,55468195;-49,27402397;"SPRF-PR";"DEL01-PR";"UOP03-DEL01-PR"
508370;2023-03-04;"sábado";"05:40:00";"SC";470;55;"BLUMENAU";"Pedestre cruzava a pista fora da faixa";"Atropelamento de Pedestre";"Com Vítimas Feridas";"Amanhecer";"Decrescente";"Chuva";"Simples";"Reta";"Sim";2;0;0;1;1;0;1;2;-26,875601;-49,117992;"SPRF-SC";"DEL04-SC";"UOP01-DEL04-SC"
508373;2023-03-04;"sábado";"06:30:00";"GO";60;47;"ABADIANIA";"Condutor Dormindo";"Saída de leito carroçável";"Com Vítimas Feridas";"Pleno dia";"Crescente";"Nublado";"Dupla";"Reta;Declive";"Não";1;0;1;0;0;0;1;1;-16,1464;-48,6047;"SPRF-GO";"DEL02-GO";"UOP01-DEL02-GO"
508375;2023-03-04;"sábado";"06:45:00";"PE";101;47,7;"IGARASSU";"Condutor deixou de manter distância do veículo da frente";"Colisão traseira";"Com Vítimas Feridas";"Pleno dia";"Crescente";"Sol";"Dupla";"Reta";"Sim";2;0;0;1;1;0;1;2;-7,88290701;-34,90461208;"SPRF-PE";"DEL01-PE";"UOP02-DEL01-PE"
508379;2023-03-04;"sábado";"06:18:00";"PA";163;586;"TRAIRAO";"Animais na Pista";"Atropelamento de Animal";"Com Vítimas Fatais";"Amanhecer";"Crescente";"Nublado";"Simples";"Reta";"Não";1;1;0;0;0;0;0;1;-4,94326801;-56,20195395;"SPRF-PA";"DEL05-PA";"UOP02-DEL05-PA"
508380;2023-03-04;"sábado";"05:45:00";"SC";101;400;"MARACAJA";"Demais falhas mecânicas ou elétricas";"Tombamento";"Com Vítimas Feridas";"Amanhecer";"Crescente";"Nublado";"Simples";"Reta";"Sim";1;0;1;0;0;0;1;1;-28,85594274;-49,44019434;"SPRF-SC";"DEL02-SC";"UOP02-DEL02-SC"
508381;2023-03-03;"sexta-feira";"20:00:00";"MT";163;632;"NOVA MUTUM";"Reação tardia ou ineficiente do condutor";"Saída de leito carroçável";"Sem Vítimas";"Plena Noite";"Decrescente";"Nublado";"Simples";"Reta";"Não";1;0;0;0;1;0;0;1;-13,62912999;-56,03406409;"SPRF-MT";"DEL01-MT";"UOP01-DEL01-MT"
508382;2023-03-04;"sábado";"06:50:00";"RS";290;102;"PORTO ALEGRE";"Avarias e/ou desgaste excessivo no pneu";"Saída de leito carroçável";"Sem Vítimas";"Pleno dia";"Crescente";"Chuva";"Dupla";"Reta;Ponte";"Sim";1;0;0;0;0;1;0;1;-29,987228;-51,25613;"SPRF-RS";"DEL01-RS";"UOP01-DEL01-RS"
508384;2023-03-04;"sábado";"07:57:00";"SC";101;213,2;"PALHOCA";"Ingestão de álcool pelo condutor";"Colisão traseira";"Com Vítimas Feridas";"Pleno dia";"Crescente";"Céu Claro";"Múltipla";"Reta";"Sim";3;0;1;0;2;0;1;3;-27,63697369;-48,66514142;"SPRF-SC";"DEL01-SC";"UOP02-DEL01-SC"
508385;2023-03-04;"sábado";"06:30:00";"RJ";495;25;"PETROPOLIS";"Ingestão de álcool pelo condutor";"Colisão frontal";"Com Vítimas Feridas";"Amanhecer";"Decrescente";"Céu Claro";"Simples";"Curva";"Não";3;0;1;0;2;0;1;2;-22,40941;-43,100292;"SPRF-RJ";"DEL06-RJ";"UOP01-DEL06-RJ"
508386;2023-03-04;"sábado";"07:50:00";"SC";470;66,9;"INDAIAL";"Ausência de reação do condutor";"Colisão transversal";"Com Vítimas Feridas";"Pleno dia";"Decrescente";"Céu Claro";"Simples";"Reta";"Não";2;0;0;1;1;0;1;2;-26,870407;-49,221844;"SPRF-SC";"DEL04-SC";"UOP01-DEL04-SC"
508387;2023-03-04;"sábado";"08:30:00";"SE";101;103,9;"SAO CRISTOVAO";"Manobra de mudança de faixa";"Colisão lateral mesmo sentido";"Com Vítimas Feridas";"Pleno dia";"Crescente";"Céu Claro";"Dupla";"Curva";"Não";3;0;2;0;1;0;2;2;-10,956;-37,2226655;"SPRF-SE";"DEL02-SE";"UOP01-DEL02-SE"
508388;2023-03-04;"sábado";"08:50:00";"RS";448;22;"PORTO ALEGRE";"Reação tardia ou ineficiente do condutor";"Colisão com objeto";"Com Vítimas Feridas";"Pleno dia";"Decrescente";"Chuva";"Múltipla";"Curva";"Não";1;0;1;0;0;0;1;1;-29,972212;-51,199139;"SPRF-RS";"DEL01-RS";"UOP01-DEL01-RS"
508391;2023-03-04;"sábado";"08:30:00";"RS";285;208,5;"LAGOA VERMELHA";"Ausência de reação do condutor";"Saída de leito carroçável";"Sem Vítimas";"Pleno dia";"Crescente";"Nublado";"Simples";"Curva";"Não";1;0;0;0;0;1;0;1;-28,22436099;-51,61235332;"SPRF-RS";"DEL08-RS";"UOP05-DEL08-RS"
508392;2023-03-04;"sábado";"09:10:00";"RS";116;252;"SAPUCAIA DO SUL";"Ingestão de álcool e/ou substâncias psicoativas pelo pedestre";"Atropelamento de Pedestre";"Com Vítimas Feridas";"Pleno dia";"Decrescente";"Chuva";"Dupla";"Reta";"Sim";3;0;1;0;1;1;1;2;-29,80626633;-51,16661088;"SPRF-RS";"DEL01-RS";"UOP02-DEL01-RS"
508395;2023-03-04;"sábado";"08:30:00";"PE";104;65;"CARUARU";"Condutor deixou de manter distância do veículo da frente";"Colisão traseira";"Com Vítimas Feridas";"Pleno dia";"Decrescente";"Céu Claro";"Simples";"Reta";"Sim";3;0;1;0;2;0;1;2;-8,2867;-35,9838;"SPRF-PE";"DEL02-PE";"UOP01-DEL02-PE"
508396;2023-03-04;"sábado";"08:30:00";"PR";369;86;"CORNELIO PROCOPIO";"Acessar a via sem observar a presença dos outros veículos";"Colisão transversal";"Com Vítimas Feridas";"Pleno dia";"Crescente";"Céu Claro";"Simples";"Interseção de Vias";"Não";3;0;2;0;1;0;2;2;-23,173;-50,619;"SPRF-PR";"DEL07-PR";"UOP05-DEL07-PR"
508397;2023-03-04;"sábado";"09:10:00";"SC";101;397;"MARACAJA";"Demais falhas mecânicas ou elétricas";"Incêndio";"Sem Vítimas";"Pleno dia";"Decrescente";"Sol";"Simples";"Reta";"Não";2;0;0;0;2;0;0;1;-28,842975;-49,429416;"SPRF-SC";"DEL02-SC";"UOP02-DEL02-SC"
508398;2023-03-04;"sábado";"08:30:00";"PE";101;158;"GAMELEIRA";"Avarias e/ou desgaste excessivo no pneu";"Colisão com objeto";"Com Vítimas Feridas";"Pleno dia";"Crescente";"Céu Claro";"Dupla";"Reta";"Não";6;0;5;0;1;0;5;1;-8,55179162;-35,4051441;"SPRF-PE";"DEL01-PE";"UOP03-DEL01-PE"
508401;2023-03-04;"sábado";"09:00:00";"MG";381;2;"BETIM";"Demais falhas mecânicas ou elétricas";"Incêndio";"Sem Vítimas";"Pleno dia";"Decrescente";"Céu Claro";"Dupla";"Reta";"Sim";1;0;0;0;1;0;0;1;-19,96825;-44,198708;"SPRF-MG";"DEL01-MG";"UOP03-DEL01-MG"
508403;2023-03-04;"sábado";"09:50:00";"ES";101;277,9;"SERRA";"Reação tardia ou ineficiente do condutor";"Colisão com objeto";"Com Vítimas Feridas";"Pleno dia";"Crescente";"Céu Claro";"Dupla";"Reta";"Sim";2;0;2;0;0;0;2;1;-20,21307738;-40,32125972;"SPRF-ES";"DEL02-ES";"UOP01-DEL02-ES"
508406;2023-03-04;"sábado";"10:20:00";"SC";280;55,5;"GUARAMIRIM";"Desrespeitar a preferência no cruzamento";"Colisão transversal";"Com Vítimas Feridas";"Pleno dia";"Crescente";"Sol";"Dupla";"Viaduto;Rotatória;Interseção de Vias";"Sim";2;0;1;0;1;0;1;2;-26,4787746;-49,00091171;"SPRF-SC";"DEL03-SC";"UOP03-DEL03-SC"
508408;2023-02-05;"domingo";"20:00:00";"PR";277;569,4;"CASCAVEL";"Reação tardia ou ineficiente do condutor";"Colisão transversal";"Com Vítimas Feridas";"Plena Noite";"Crescente";"Céu Claro";"Simples";"Reta";"Não";9;0;1;1;5;2;2;3;-25,02498709;-53,27677113;"SPRF-PR";"DEL04-PR";"UOP01-DEL04-PR"
508409;2023-03-04;"sábado";"10:00:00";"PB";104;137,2;"QUEIMADAS";"Reação tardia ou ineficiente do condutor";"Saída de leito carroçável";"Com Vítimas Feridas";"Pleno dia";"Crescente";"Céu Claro";"Simples";"Reta";"Não";1;0;1;0;0;0;1;1;-7,352277;-35,90094;"SPRF-PB";"DEL02-PB";"UOP03-DEL02-PB"
508415;2023-03-04;"sábado";"10:55:00";"PR";116;174;"QUITANDINHA";"Acessar a via sem observar a presença dos outros veículos";"Colisão transversal";"Com Vítimas Feridas";"Pleno dia";"Crescente";"Céu Claro";"Simples";"Reta";"Não";4;0;1;0;3;0;1;2;-25,899105;-49,560812;"SPRF-PR";"DEL01-PR";"UOP03-DEL01-PR"
508416;2023-03-04;"sábado";"10:16:00";"SP";153;59,2;"SAO JOSE DO RIO PRETO";"Ingestão de álcool pelo condutor";"Saída de leito carroçável";"Com Vítimas Feridas";"Pleno dia";"Crescente";"Céu Claro";"Dupla";"Reta";"Sim";1;0;1;0;0;0;1;1;-20,78753242;-49,35414791;"SPRF-SP";"DEL09-SP";"UOP01-DEL09-SP"
508417;2023-03-04;"sábado";"08:30:00";"MG";365;464;"PATROCINIO";"Transitar na contramão";"Colisão frontal";"Com Vítimas Fatais";"Pleno dia";"Crescente";"Sol";"Simples";"Declive;Reta";"Não";10;1;7;2;0;0;9;2;-18,89425188;-46,94298207;"SPRF-MG";"DEL10-MG";"UOP01-DEL10-MG"
508418;2023-03-04;"sábado";"09:50:00";"PR";277;727;"FOZ DO IGUACU";"Velocidade Incompatível";"Colisão traseira";"Com Vítimas Feridas";"Pleno dia";"Decrescente";"Céu Claro";"Dupla";"Reta";"Sim";4;0;1;0;3;0;1;2;-25,51017487;-54,56454899;"SPRF-PR";"DEL05-PR";"UOP03-DEL05-PR"
508419;2023-03-04;"sábado";"11:40:00";"MG";40;532,2;"BELO HORIZONTE";"Manobra de mudança de faixa";"Colisão lateral mesmo sentido";"Com Vítimas Feridas";"Pleno dia";"Crescente";"Céu Claro";"Dupla";"Declive";"Sim";5;0;1;0;4;0;1;3;-19,92398226;-44,01673436;"SPRF-MG";"DEL01-MG";"UOP02-DEL01-MG"
508420;2023-03-04;"sábado";"12:10:00";"SC";280;30;"ARAQUARI";"Condutor deixou de manter distância do veículo da frente";"Colisão traseira";"Sem Vítimas";"Pleno dia";"Crescente";"Céu Claro";"Simples";"Reta";"Não";2;0;0;0;2;0;0;2;-26,4141523;-48,76209493;"SPRF-SC";"DEL03-SC";"UOP03-DEL03-SC"
508423;2023-03-04;"sábado";"10:15:00";"MG";381;404;"BOM JESUS DO AMPARO";"Velocidade Incompatível";"Colisão com objeto";"Com Vítimas Fatais";"Pleno dia";"Decrescente";"Sol";"Dupla";"Declive;Curva";"Não";1;1;0;0;0;0;0;1;-19,74212;-43,519621;"SPRF-MG";"DEL01-MG";"UOP01-DEL01-MG"
508424;2023-03-04;"sábado";"10:45:00";"PE";101;65;"RECIFE";"Condutor Dormindo";"Saída de leito carroçável";"Sem Vítimas";"Pleno dia";"Decrescente";"Céu Claro";"Dupla";"Ponte";"Sim";1;0;0;0;0;1;0;1;-8,027797;-34,942852;"SPRF-PE";"DEL01-PE";"UOP01-DEL01-PE"