"id";"data_inversa";"dia_semana";"horario";"uf";"br";"km";"municipio";"causa_acidente";"tipo_acidente";"classificacao_acidente";"fase_dia";"sentido_via";"condicao_metereologica";"tipo_pista";"tracado_via";"uso_solo";"pessoas";"mortos";"feridos_leves";"feridos_graves";"ilesos";"ignorados";"feridos";"veiculos";"latitude";"longitude";"regional";"delegacia";"uop"
508425;2023-03-04;"sábado";"09:15:00";"RS";468;47;"CORONEL BICACO";"Ausência de reação do condutor";"Saída de leito carroçável";"Com Vítimas Feridas";"Pleno dia";"Crescente";"Garoa/Chuvisco";"Simples";"Reta";"Não";1;0;1;0;0;0;1;1;-27,753991;-53,672739;"SPRF-RS";"DEL08-RS";"UOP01-DEL08-RS"
508426;2023-03-04;"sábado";"11:45:00";"PE";101;46;"IGARASSU";"Acesso irregular";"Colisão transversal";"Com Vítimas Feridas";"Pleno dia";"Decrescente";"Céu Claro";"Múltipla";"Reta";"Sim";2;0;0;1;1;0;1;2;-7,87406004;-34,90588126;"SPRF-PE";"DEL01-PE";"UOP02-DEL01-PE"
508429;2023-03-04;"sábado";"12:30:00";"PA";316;165;"CAPANEMA";"Transitar na contramão";"Colisão lateral sentido oposto";"Com Vítimas Feridas";"Pleno dia";"Crescente";"Nublado";"Simples";"Reta";"Não";3;0;1;0;1;1;1;2;-1,30422126;-47,0956063;"SPRF-PA";"DEL01-PA";"UOP03-DEL01-PA"
508430;2023-03-04;"sábado";"05:40:00";"MA";222;499,8;"SANTA LUZIA";"Condutor Dormindo";"Saída de leito carroçável";"Com Vítimas Feridas";"Amanhecer";"Decrescente";"Céu Claro";"Simples";"Curva";"Não";2;0;1;0;1;0;1;1;-4,30481638;-46,24154091;"SPRF-MA";"DEL02-MA";"UOP01-DEL02-MA"
508431;2023-03-04;"sábado";"07:30:00";"RS";285;114,8;"VACARIA";"Reação tardia ou ineficiente do condutor";"Tombamento";"Com Vítimas Feridas";"Pleno dia";"Decrescente";"Céu Claro";"Simples";"Curva";"Não";1;0;1;0;0;0;1;1;-28,510778;-50,877293;"SPRF-RS";"DEL05-RS";"UOP03-DEL05-RS"
508432;2023-03-04;"sábado";"11:40:00";"PA";163;936;"BELTERRA";"Velocidade Incompatível";"Saída de leito carroçável";"Com Vítimas Feridas";"Pleno dia";"Crescente";"Céu Claro";"Simples";"Curva";"Sim";5;0;1;0;4;0;1;1;-2,92020695;-54,92463029;"SPRF-PA";"DEL05-PA";"UOP01-DEL05-PA"
508434;2023-02-12;"domingo";"04:30:00";"PE";423;172,2;"AGUAS BELAS";"Animais na Pista";"Atropelamento de Animal";"Sem Vítimas";"Amanhecer";"Crescente";"Céu Claro";"Simples";"Reta";"Não";2;0;0;0;0;2;0;1;-9,12811042;-37,06924697;"SPRF-AL";"DEL03-AL";"UOP02-DEL03-AL"
508435;2023-03-04;"sábado";"13:50:00";"SC";101;210,4;"SAO JOSE";"Objeto estático sobre o leito carroçável";"Tombamento";"Com Vítimas Feridas";"Pleno dia";"Crescente";"Chuva";"Dupla";"Reta";"Sim";2;0;1;0;1;0;1;1;-27,6167305;-48,6457265;"SPRF-SC";"DEL01-SC";"UOP01-DEL01-SC"
508438;2023-03-04;"sábado";"13:30:00";"SE";101;90,4;"NOSSA SENHORA DO SOCORRO";"Acessar a via sem observar a presença dos outros veículos";"Colisão com objeto";"Com Vítimas Feridas";"Pleno dia";"Decrescente";"Céu Claro";"Simples";"Reta;Aclive";"Sim";2;0;2;0;0;0;2;1;-10,89849802;-37,13176324;"SPRF-SE";"DEL01-SE";"UOP01-DEL01-SE"
508439;2023-03-04;"sábado";"13:30:00";"PR";369;185;"ARAPONGAS";"Desrespeitar a preferência no cruzamento";"Colisão transversal";"Com Vítimas Feridas";"Pleno dia";"Crescente";"Nublado";"Simples";"Reta";"Sim";3;0;0;1;2;0;1;2;-23,4215;-51,424653;"SPRF-PR";"DEL07-PR";"UOP03-DEL07-PR"
508440;2023-03-04;"sábado";"11:40:00";"SC";163;71;"SAO MIGUEL DO OESTE";"Desrespeitar a preferência no cruzamento";"Colisão transversal";"Com Vítimas Feridas";"Pleno dia";"Decrescente";"Céu Claro";"Simples";"Reta;Interseção de Vias";"Sim";2;0;1;1;0;0;2;2;-26,72772401;-53,51281303;"SPRF-SC";"DEL07-SC";"UOP03-DEL07-SC"
508441;2023-03-04;"sábado";"12:20:00";"PE";104;64;"CARUARU";"Manobra de mudança de faixa";"Colisão transversal";"Com Vítimas Feridas";"Pleno dia";"Crescente";"Céu Claro";"Dupla";"Reta";"Sim";2;0;1;0;1;0;1;2;-8,2783;-35,9815;"SPRF-PE";"DEL02-PE";"UOP01-DEL02-PE"
508445;2023-03-04;"sábado";"15:00:00";"SP";116;205;"ARUJA";"Reação tardia ou ineficiente do condutor";"Colisão traseira";"Com Vítimas Feridas";"Pleno dia";"Decrescente";"Céu Claro";"Múltipla";"Reta";"Sim";2;0;1;0;1;0;1;2;-23,41475243;-46,36600788;"SPRF-SP";"DEL01-SP";"UOP01-DEL01-SP"
508446;2023-03-04;"sábado";"10:30:00";"MT";163;827;"SINOP";"Acesso irregular";"Atropelamento de Pedestre";"Com Vítimas Feridas";"Pleno dia";"Crescente";"Céu Claro";"Dupla";"Retorno Regulamentado";"Sim";2;0;1;0;1;0;1;2;-12,05864;-55,51743619;"SPRF-MT";"DEL06-MT";"UOP02-DEL06-MT"
508447;2023-03-04;"sábado";"11:25:00";"SP";381;60,5;"MAIRIPORA";"Velocidade Incompatível";"Colisão com objeto";"Com Vítimas Feridas";"Pleno dia";"Crescente";"Nublado";"Dupla";"Declive;Curva";"Não";2;0;1;0;1;0;1;2;-23,28957673;-46,58729853;"SPRF-SP";"DEL03-SP";"UOP01-DEL03-SP"
508448;2023-03-04;"sábado";"14:40:00";"MG";116;264,4;"MURIAE";"Acesso irregular";"Colisão lateral mesmo sentido";"Com Vítimas Feridas";"Pleno dia";"Decrescente";"Céu Claro";"Simples";"Rotatória;Interseção de Vias";"Sim";2;0;1;0;1;0;1;2;-21,12517739;-42,38147736;"SPRF-MG";"DEL11-MG";"UOP01-DEL11-MG"
508449;2023-03-04;"sábado";"11:30:00";"RJ";116;143,9;"DUQUE DE CAXIAS";"Reação tardia ou ineficiente do condutor";"Colisão traseira";"Com Vítimas Feridas";"Pleno dia";"Decrescente";"Céu Claro";"Múltipla";"Reta";"Sim";2;0;1;0;1;0;1;2;-22,67068452;-43,27898204;"SPRF-RJ";"DEL01-RJ";"UOP01-DEL01-RJ"
508450;2023-03-04;"sábado";"14:00:00";"AL";316;86;"SANTANA DO IPANEMA";"Demais falhas mecânicas ou elétricas";"Colisão frontal";"Com Vítimas Feridas";"Pleno dia";"Crescente";"Céu Claro";"Simples";"Declive";"Sim";3;0;1;0;1;1;1;2;-9,37323821;-37,23532807;"SPRF-AL";"DEL03-AL";"UOP02-DEL03-AL"
508452;2023-03-04;"sábado";"14:00:00";"CE";222;137;"IRAUCUBA";"Chuva";"Saída de leito carroçável";"Sem Vítimas";"Pleno dia";"Decrescente";"Chuva";"Simples";"Curva";"Não";1;0;0;0;1;0;0;1;-3,74240963;-39,68258706;"SPRF-CE";"DEL04-CE";"UOP03-DEL04-CE"
508453;2023-03-04;"sábado";"15:54:00";"RS";116;266;"CANOAS";"Manobra de mudança de faixa";"Colisão lateral mesmo sentido";"Com Vítimas Feridas";"Pleno dia";"Decrescente";"Nublado";"Dupla";"Reta";"Sim";2;0;1;0;0;1;1;2;-29,93242399;-51,17742077;"SPRF-RS";"DEL01-RS";"UOP01-DEL01-RS"
508454;2023-03-04;"sábado";"14:30:00";"MG";381;418,9;"SANTA LUZIA";"Reação tardia ou ineficiente do condutor";"Capotamento";"Sem Vítimas";"Pleno dia";"Crescente";"Céu Claro";"Dupla";"Reta";"Não";2;0;0;0;1;1;0;2;-19,826772;-43,834569;"SPRF-MG";"DEL01-MG";"UOP01-DEL01-MG"
508455;2023-03-04;"sábado";"15:15:00";"RJ";101;42;"CAMPOS DOS GOYTACAZES";"Ultrapassagem Indevida";"Colisão frontal";"Com Vítimas Feridas";"Pleno dia";"Crescente";"Céu Claro";"Simples";"Reta";"Não";3;0;2;1;0;0;3;2;-21,56357908;-41,32424043;"SPRF-RJ";"DEL08-RJ";"UOP01-DEL08-RJ"
508456;2023-03-04;"sábado";"15:45:00";"MA";10;262;"IMPERATRIZ";"Conversão proibida";"Colisão lateral mesmo sentido";"Com Vítimas Feridas";"Pleno dia";"Decrescente";"Céu Claro";"Simples";"Reta";"Sim";2;0;1;1;0;0;2;2;-5,445326;-47,472542;"SPRF-MA";"DEL04-MA";"UOP01-DEL04-MA"
508457;2023-03-04;"sábado";"16:30:00";"GO";414;373;"COCALZINHO DE GOIAS";"Ingestão de álcool pelo condutor";"Saída de leito carroçável";"Com Vítimas Feridas";"Pleno dia";"Decrescente";"Céu Claro";"Dupla";"Reta";"Sim";1;0;0;1;0;0;1;1;-15,79608565;-48,77573862;"SPRF-GO";"DEL02-GO";"UOP01-DEL02-GO"
508458;2023-03-04;"sábado";"16:10:00";"RS";116;297;"GUAIBA";"Manobra de mudança de faixa";"Saída de leito carroçável";"Sem Vítimas";"Pleno dia";"Decrescente";"Chuva";"Dupla";"Reta";"Sim";1;0;0;0;1;0;0;1;-30,09753097;-51,34302937;"SPRF-RS";"DEL02-RS";"UOP01-DEL02-RS"
508459;2023-03-03;"sexta-feira";"21:20:00";"RJ";101;322;"NITEROI";"Condutor deixou de manter distância do veículo da frente";"Colisão traseira";"Com Vítimas Feridas";"Plena Noite";"Decrescente";"Céu Claro";"Múltipla";"Reta;Ponte";"Sim";2;0;1;0;1;0;1;2;-22,878923;-43,110676;"SPRF-RJ";"DEL02-RJ";"UOP01-DEL02-RJ"
508460;2023-03-04;"sábado";"15:45:00";"PR";476;114;"COLOMBO";"Acessar a via sem observar a presença dos outros veículos";"Colisão transversal";"Com Vítimas Feridas";"Pleno dia";"Crescente";"Garoa/Chuvisco";"Simples";"Reta";"Não";2;0;1;0;1;0;1;2;-25,335966;-49,158184;"SPRF-PR";"DEL01-PR";"UOP01-DEL01-PR"
508461;2023-03-04;"sábado";"16:10:00";"RS";116;149,6;"CAXIAS DO SUL";"Chuva";"Atropelamento de Pedestre";"Com Vítimas Feridas";"Pleno dia";"Decrescente";"Chuva";"Dupla";"Reta";"Sim";2;0;1;0;1;0;1;2;-29,16432257;-51,15845919;"SPRF-RS";"DEL05-RS";"UOP01-DEL05-RS"
508462;2023-03-04;"sábado";"16:10:00";"MG";381;932,2;"EXTREMA";"Chuva";"Colisão com objeto";"Com Vítimas Feridas";"Pleno dia";"Crescente";"Chuva";"Dupla";"Curva";"Não";1;0;1;0;0;0;1;1;-22,7923247;-46,24694824;"SPRF-MG";"DEL16-MG";"UOP03-DEL16-MG"
508463;2023-03-04;"sábado";"16:20:00";"BA";324;518;"FEIRA DE SANTANA";"Condutor deixou de manter distância do veículo da frente";"Colisão traseira";"Com Vítimas Feridas";"Pleno dia";"Decrescente";"Nublado";"Dupla";"Reta";"Não";2;0;1;0;1;0;1;2;-12,258195;-38,932182;"SPRF-BA";"DEL02-BA";"UOP01-DEL02-BA"
508464;2023-03-04;"sábado";"16:15:00";"BA";116;3,1;"VITORIA DA CONQUISTA";"Acessar a via sem observar a presença dos outros veículos";"Colisão transversal";"Com Vítimas Feridas";"Pleno dia";"Decrescente";"Sol";"Simples";"Declive";"Não";4;0;2;0;2;0;2;2;-14,851;-40,8485;"SPRF-BA";"DEL08-BA";"UOP01-DEL08-BA"
508465;2023-03-04;"sábado";"17:00:00";"DF";70;1,6;"BRASILIA";"Velocidade Incompatível";"Saída de leito carroçável";"Sem Vítimas";"Pleno dia";"Crescente";"Céu Claro";"Dupla";"Reta;Interseção de Vias";"Sim";1;0;0;0;1;0;0;1;-15,79694055;-48,06962729;"SPRF-DF";"DEL03-DF";"UOP02-DEL03-DF"
508466;2023-03-04;"sábado";"17:00:00";"RJ";101;322;"NITEROI";"Ausência de reação do condutor";"Colisão traseira";"Sem Vítimas";"Pleno dia";"Crescente";"Céu Claro";"Simples";"Reta";"Não";2;0;0;0;2;0;0;2;-22,878923;-43,110676;"SPRF-RJ";"DEL02-RJ";"UOP01-DEL02-RJ"
508469;2023-03-04;"sábado";"16:05:00";"RJ";40;97;"DUQUE DE CAXIAS";"Reação tardia ou ineficiente do condutor";"Colisão com objeto";"Com Vítimas Feridas";"Pleno dia";"Decrescente";"Céu Claro";"Simples";"Reta;Aclive";"Não";2;0;0;1;1;0;1;1;-22,57356181;-43,27802893;"SPRF-RJ";"DEL01-RJ";"UOP01-DEL01-RJ"
508471;2023-03-04;"sábado";"17:15:00";"BA";324;530;"FEIRA DE SANTANA";"Demais falhas mecânicas ou elétricas";"Colisão com objeto";"Sem Vítimas";"Pleno dia";"Decrescente";"Nublado";"Dupla";"Curva";"Não";1;0;0;0;1;0;0;1;-12,32818491;-38,86174193;"SPRF-BA";"DEL01-BA";"UOP03-DEL01-BA"
508472;2023-03-04;"sábado";"17:00:00";"MG";40;699;"BARBACENA";"Acumulo de areia ou detritos sobre o pavimento";"Queda de ocupante de veículo";"Com Vítimas Feridas";"Pleno dia";"Decrescente";"Sol";"Dupla";"Curva";"Não";2;0;2;0;0;0;2;1;-21,197654;-43,74893;"SPRF-MG";"DEL05-MG";"UOP02-DEL05-MG"
508473;2023-03-04;"sábado";"17:30:00";"PI";316;7;"TERESINA";"Ausência de reação do condutor";"Colisão traseira";"Sem Vítimas";"Pleno dia";"Crescente";"Sol";"Múltipla";"Reta";"Sim";2;0;0;0;1;1;0;2;-5,15366;-42,77283;"SPRF-PI";"DEL01-PI";"UOP02-DEL01-PI"
508474;2023-03-04;"sábado";"15:15:00";"SC";101;6;"GARUVA";"Velocidade Incompatível";"Saída de leito carroçável";"Com Vítimas Feridas";"Pleno dia";"Crescente";"Nublado";"Dupla";"Curva";"Não";2;0;1;0;1;0;1;1;-26,02692002;-48,86142017;"SPRF-SC";"DEL03-SC";"UOP01-DEL03-SC"
508475;2023-03-04;"sábado";"17:00:00";"RJ";116;184,8;"NOVA IGUACU";"Condutor deixou de manter distância do veículo da frente";"Colisão traseira";"Sem Vítimas";"Pleno dia";"Decrescente";"Sol";"Múltipla";"Reta";"Sim";2;0;0;0;2;0;0;2;-22,74647215;-43,44594311;"SPRF-RJ";"DEL01-RJ";"UOP02-DEL01-RJ"
508476;2023-03-04;"sábado";"18:05:00";"SP";116;229;"GUARULHOS";"Manobra de mudança de faixa";"Colisão traseira";"Com Vítimas Feridas";"Pleno dia";"Crescente";"Céu Claro";"Múltipla";"Reta";"Sim";3;0;3;0;0;0;3;2;-23,51291902;-46,57604698;"SPRF-SP";"DEL01-SP";"UOP01-DEL01-SP"
508477;2023-03-04;"sábado";"17:15:00";"RS";290;175,8;"BUTIA";"Desrespeitar a preferência no cruzamento";"Colisão transversal";"Com Vítimas Feridas";"Pleno dia";"Decrescente";"Garoa/Chuvisco";"Simples";"Reta";"Sim";4;0;2;0;2;0;2;2;-30,13213737;-51,97799206;"SPRF-RS";"DEL02-RS";"UOP03-DEL02-RS"
508479;2023-03-04;"sábado";"18:00:00";"BA";367;81,2;"EUNAPOLIS";"Demais falhas na via";"Queda de ocupante de veículo";"Com Vítimas Feridas";"Anoitecer";"Crescente";"Céu Claro";"Simples";"Reta";"Não";1;0;1;0;0;0;1;1;-16,3717565;-39,55261277;"SPRF-BA";"DEL09-BA";"UOP03-DEL09-BA"
508480;2023-03-04;"sábado";"17:20:00";"PE";423;95;"GARANHUNS";"Pedestre cruzava a pista fora da faixa";"Atropelamento de Pedestre";"Com Vítimas Feridas";"Pleno dia";"Crescente";"Céu Claro";"Simples";"Reta";"Sim";2;0;0;2;0;0;2;2;-8,87891989;-36,47796305;"SPRF-PE";"DEL03-PE";"UOP01-DEL03-PE"
508481;2023-03-04;"sábado";"17:00:00";"RO";364;15,3;"VILHENA";"Condutor Dormindo";"Saída de leito carroçável";"Com Vítimas Feridas";"Pleno dia";"Crescente";"Nublado";"Dupla";"Reta";"Sim";2;0;2;0;0;0;2;1;-12,73672751;-60,14804088;"SPRF-RO";"DEL04-RO";"UOP01-DEL04-RO"
508483;2023-03-04;"sábado";"17:10:00";"MG";262;54,4;"MANHUACU";"Ausência de reação do condutor";"Saída de leito carroçável";"Com Vítimas Feridas";"Pleno dia";"Crescente";"Nublado";"Simples";"Reta";"Não";1;0;1;0;0;0;1;1;-20,26134902;-42,16469099;"SPRF-MG";"DEL06-MG";"UOP03-DEL06-MG"
508484;2023-03-04;"sábado";"18:30:00";"RJ";393;171;"TRES RIOS";"Animais na Pista";"Atropelamento de Animal";"Com Vítimas Feridas";"Anoitecer";"Crescente";"Céu Claro";"Simples";"Reta";"Não";1;0;1;0;0;0;1;1;-22,12412847;-43,1982851;"SPRF-RJ";"DEL05-RJ";"UOP02-DEL05-RJ"
508485;2023-03-04;"sábado";"18:20:00";"SE";235;49,9;"ITABAIANA";"Reação tardia ou ineficiente do condutor";"Tombamento";"Com Vítimas Feridas";"Plena Noite";"Crescente";"Céu Claro";"Simples";"Reta";"Sim";1;0;1;0;0;0;1;1;-10,70987;-37,42497826;"SPRF-SE";"DEL01-SE";"UOP02-DEL01-SE"
508486;2023-03-04;"sábado";"18:50:00";"PE";104;129,6;"CARUARU";"Manobra de mudança de faixa";"Colisão traseira";"Com Vítimas Feridas";"Plena Noite";"Decrescente";"Céu Claro";"Dupla";"Viaduto;Reta";"Sim";3;0;2;0;0;1;2;2;-8,300446;-35,988096;"SPRF-PE";"DEL02-PE";"UOP03-DEL02-PE"
508487;2023-03-04;"sábado";"18:40:00";"RS";386;437,9;"NOVA SANTA RITA";"Pista Escorregadia";"Saída de leito carroçável";"Com Vítimas Feridas";"Anoitecer";"Crescente";"Chuva";"Dupla";"Reta";"Não";1;0;1;0;0;0;1;1;-29,85803;-51,261227;"SPRF-RS";"DEL01-RS";"UOP01-DEL01-RS"
508489;2023-03-04;"sábado";"18:25:00";"CE";20;240,9;"MADALENA";"Pista esburacada";"Colisão frontal";"Com Vítimas Feridas";"Plena Noite";"Crescente";"Céu Claro";"Simples";"Reta";"Sim";3;0;0;2;1;0;2;2;-4,84037364;-39,56497452;"SPRF-CE";"DEL02-CE";"UOP02-DEL02-CE"
508490;2023-03-04;"sábado";"18:40:00";"PB";230;167,3;"CAMPINA GRANDE";"Pedestre cruzava a pista fora da faixa";"Atropelamento de Pedestre";"Com Vítimas Feridas";"Plena Noite";"Crescente";"Céu Claro";"Simples";"Curva";"Sim";2;0;0;1;0;1;1;2;-7,195;-35,9619;"SPRF-PB";"DEL02-PB";"UOP02-DEL02-PB"
508494;2023-03-04;"sábado";"19:20:00";"MA";135;5;"SAO LUIS";"Ausência de reação do condutor";"Colisão transversal";"Com Vítimas Feridas";"Plena Noite";"Crescente";"Garoa/Chuvisco";"Dupla";"Reta";"Sim";2;0;1;0;1;0;1;2;-2,62145385;-44,25797421;"SPRF-MA";"DEL01-MA";"UOP01-DEL01-MA"
508495;2023-03-04;"sábado";"19:00:00";"GO";153;198;"URUACU";"Acesso irregular";"Colisão transversal";"Com Vítimas Feridas";"Plena Noite";"Crescente";"Céu Claro";"Simples";"Reta;Interseção de Vias";"Sim";2;0;0;1;1;0;1;2;-14,49657;-49,151176;"SPRF-GO";"DEL07-GO";"UOP02-DEL07-GO"
508496;2023-03-04;"sábado";"18:30:00";"PI";316;7;"TERESINA";"Área urbana sem a presença de local apropriado para a travessia de pedestres";"Atropelamento de Pedestre";"Com Vítimas Feridas";"Plena Noite";"Crescente";"Céu Claro";"Múltipla";"Reta";"Sim";2;0;1;0;0;1;1;2;-5,15584638;-42,77173332;"SPRF-PI";"DEL01-PI";"UOP02-DEL01-PI"
508498;2023-03-04;"sábado";"18:30:00";"MS";267;678;"PORTO MURTINHO";"Ausência de reação do condutor";"Colisão traseira";"Com Vítimas Feridas";"Plena Noite";"Crescente";"Céu Claro";"Simples";"Reta";"Não";2;0;1;0;0;1;1;2;-21,70045858;-57,85743713;"SPRF-MS";"DEL05-MS";"UOP01-DEL05-MS"
508499;2023-03-04;"sábado";"20:10:00";"GO";60;96;"ANAPOLIS";"Pedestre cruzava a pista fora da faixa";"Atropelamento de Pedestre";"Com Vítimas Feridas";"Plena Noite";"Crescente";"Céu Claro";"Dupla";"Reta";"Sim";2;0;1;1;0;0;2;2;-16,371;-48,9422;"SPRF-GO";"DEL02-GO";"UOP01-DEL02-GO"
508501;2023-03-04;"sábado";"20:00:00";"PR";277;722;"FOZ DO IGUACU";"Velocidade Incompatível";"Colisão traseira";"Com Vítimas Feridas";"Plena Noite";"Decrescente";"Céu Claro";"Dupla";"Reta";"Sim";1;0;0;1;0;0;1;1;-25,49494908;-54,52095097;"SPRF-PR";"DEL05-PR";"UOP03-DEL05-PR"
508502;2023-03-04;"sábado";"19:43:00";"RN";101;84,1;"NATAL";"Demais falhas mecânicas ou elétricas";"Incêndio";"Sem Vítimas";"Plena Noite";"Decrescente";"Céu Claro";"Dupla";"Reta";"Sim";1;0;0;0;1;0;0;1;-5,774175;-35,2578;"SPRF-RN";"DEL02-RN";"UOP01-DEL02-RN"
508503;2023-03-04;"sábado";"14:45:00";"PR";153;348,5;"REBOUCAS";"Acessar a via sem observar a presença dos outros veículos";"Colisão transversal";"Com Vítimas Feridas";"Pleno dia";"Decrescente";"Nublado";"Simples";"Reta";"Não";8;0;2;0;6;0;2;2;-25,59543291;-50,68809516;"SPRF-PR";"DEL08-PR";"UOP02-DEL08-PR"
508504;2023-03-04;"sábado";"09:30:00";"RS";116;120;"SAO MARCOS";"Acumulo de água sobre o pavimento";"Saída de leito carroçável";"Com Vítimas Feridas";"Pleno dia";"Decrescente";"Garoa/Chuvisco";"Simples";"Curva";"Não";3;0;1;1;1;0;2;1;-29,00061499;-51,07902288;"SPRF-RS";"DEL05-RS";"UOP01-DEL05-RS"
508506;2023-03-04;"sábado";"20:15:00";"ES";101;318,5;"VIANA";"Entrada inopinada do pedestre";"Atropelamento de Pedestre";"Com Vítimas Fatais";"Plena Noite";"Decrescente";"Céu Claro";"Dupla";"Reta";"Não";4;1;0;0;1;2;0;2;-20,49468895;-40,47662771;"SPRF-ES";"DEL01-ES";"UOP01-DEL01-ES"
508508;2023-03-04;"sábado";"18:20:00";"BA";116;809,3;"VITORIA DA CONQUISTA";"Ultrapassagem Indevida";"Colisão lateral mesmo sentido";"Com Vítimas Feridas";"Plena Noite";"Crescente";"Céu Claro";"Simples";"Reta";"Não";2;0;1;0;0;1;1;2;-14,74763842;-40,67316778;"SPRF-BA";"DEL08-BA";"UOP01-DEL08-BA"
508509;2023-03-04;"sábado";"17:00:00";"GO";153;503;"GOIANIA";"Acesso irregular";"Colisão frontal";"Com Vítimas Feridas";"Pleno dia";"Decrescente";"Céu Claro";"Simples";"Curva;Viaduto;Declive";"Sim";3;0;2;0;1;0;2;2;-16,7366;-49,243;"SPRF-GO";"DEL01-GO";"UOP01-DEL01-GO"
508510;2023-03-04;"sábado";"18:40:00";"RS";290;387,2;"SANTA MARGARIDA DO SUL";"Transitar na contramão";"Colisão frontal";"Com Vítimas Fatais";"Anoitecer";"Decrescente";"Nublado";"Simples";"Curva;Declive";"Não";7;2;3;1;1;0;4;2;-30,34995106;-54,02725875;"SPRF-RS";"DEL09-RS";"UOP02-DEL09-RS"
508511;2023-03-04;"sábado";"20:39:00";"ES";101;353,7;"ANCHIETA";"Ingestão de álcool pelo condutor";"Capotamento";"Com Vítimas Feridas";"Plena Noite";"Decrescente";"Céu Claro";"Simples";"Reta";"Não";1;0;1;0;0;0;1;1;-20,67773381;-40,66634729;"SPRF-ES";"DEL03-ES";"UOP01-DEL03-ES"
508512;2023-03-04;"sábado";"20:30:00";"PE";101;74;"RECIFE";"Transitar na contramão";"Colisão frontal";"Com Vítimas Feridas";"Plena Noite";"Crescente";"Céu Claro";"Dupla";"Reta";"Sim";2;0;0;2;0;0;2;2;-8,10146485;-34,94901577;"SPRF-PE";"DEL01-PE";"UOP01-DEL01-PE"
508513;2023-03-04;"sábado";"19:30:00";"MG";40;509;"RIBEIRAO DAS NEVES";"Acesso irregular";"Colisão transversal";"Com Vítimas Feridas";"Plena Noite";"Crescente";"Céu Claro";"Dupla";"Reta";"Sim";2;0;1;0;1;0;1;2;-19,76728744;-44,12855905;"SPRF-MG";"DEL01-MG";"UOP02-DEL01-MG"
508514;2023-03-04;"sábado";"20:38:00";"DF";20;57;"BRASILIA";"Ingestão de álcool pelo condutor";"Saída de leito carroçável";"Com Vítimas Feridas";"Plena Noite";"Crescente";"Céu Claro";"Dupla";"Curva";"Sim";2;0;2;0;0;0;2;1;-15,583027;-47,367081;"SPRF-DF";"DEL02-DF";"UOP01-DEL02-DF"
508515;2023-03-04;"sábado";"17:15:00";"MG";40;275;"TRES MARIAS";"Ausência de reação do condutor";"Colisão transversal";"Com Vítimas Feridas";"Plena Noite";"Decrescente";"Céu Claro";"Simples";"Reta;Interseção de Vias";"Sim";3;0;0;1;2;0;1;2;-18,19945877;-45,23770577;"SPRF-MG";"DEL14-MG";"UOP02-DEL14-MG"
508516;2023-03-04;"sábado";"20:30:00";"RJ";40;104;"DUQUE DE CAXIAS";"Entrada inopinada do pedestre";"Atropelamento de Pedestre";"Sem Vítimas";"Plena Noite";"Decrescente";"Céu Claro";"Dupla";"Reta";"Sim";2;0;0;0;1;1;0;2;-22,62897902;-43,28579508;"SPRF-RJ";"DEL01-RJ";"UOP01-DEL01-RJ"
508517;2023-03-04;"sábado";"20:15:00";"RJ";101;387;"RIO DE JANEIRO";"Ingestão de álcool pelo condutor";"Colisão com objeto";"Sem Vítimas";"Plena Noite";"Decrescente";"Nublado";"Dupla";"Reta";"Não";2;0;0;0;1;1;0;1;-22,88537839;-43,64965688;"SPRF-RJ";"DEL03-RJ";"UOP01-DEL03-RJ"
508518;2023-03-04;"sábado";"17:40:00";"RO";425;148;"GUAJARA-MIRIM";"Desrespeitar a preferência no cruzamento";"Colisão transversal";"Com Vítimas Feridas";"Pleno dia";"Crescente";"Nublado";"Simples";"Interseção de Vias";"Sim";2;0;1;0;1;0;1;2;-10,7892133;-65,34327865;"SPRF-RO";"DEL01-RO";"UOP03-DEL01-RO"
508520;2023-03-04;"sábado";"19:47:00";"SC";101;439;"SOMBRIO";"Falta de elemento de contenção que evite a saída do leito carroçável";"Saída de leito carroçável";"Sem Vítimas";"Plena Noite";"Crescente";"Chuva";"Dupla";"Reta";"Não";2;0;0;0;0;2;0;1;-29,12381624;-49,65693799;"SPRF-SC";"DEL02-SC";"UOP02-DEL02-SC"
508521;2023-03-04;"sábado";"21:30:00";"SC";101;233;"PALHOCA";"Ingestão de álcool pelo condutor";"Colisão com objeto";"Sem Vítimas";"Plena Noite";"Crescente";"Chuva";"Dupla";"Reta";"Não";1;0;0;0;1;0;0;1;-27,80376397;-48,63826211;"SPRF-SC";"DEL01-SC";"UOP02-DEL01-SC"
508524;2023-03-04;"sábado";"17:30:00";"MT";364;267,3;"JACIARA";"Pista esburacada";"Saída de leito carroçável";"Com Vítimas Feridas";"Anoitecer";"Decrescente";"Céu Claro";"Dupla";"Reta";"Não";3;0;3;0;0;0;3;1;-15,9882532;-54,92679723;"SPRF-MT";"DEL02-MT";"UOP01-DEL02-MT"
508526;2023-03-04;"sábado";"20:00:00";"PR";369;192;"ARAPONGAS";"Ultrapassagem Indevida";"Colisão lateral mesmo sentido";"Com Vítimas Feridas";"Plena Noite";"Decrescente";"Nublado";"Dupla";"Reta";"Não";3;0;2;0;1;0;2;2;-23,48381394;-51,42401934;"SPRF-PR";"DEL07-PR";"UOP03-DEL07-PR"
508527;2023-03-04;"sábado";"20:15:00";"RS";290;104,8;"ELDORADO DO SUL";"Condutor deixou de manter distância do veículo da frente";"Tombamento";"Com Vítimas Feridas";"Plena Noite";"Crescente";"Garoa/Chuvisco";"Dupla";"Reta";"Sim";2;0;2;0;0;0;2;1;-29,993122;-51,275398;"SPRF-RS";"DEL02-RS";"UOP01-DEL02-RS"
508528;2023-03-04;"sábado";"20:25:00";"RS";158;352;"SANTA MARIA";"Ausência de reação do condutor";"Saída de leito carroçável";"Sem Vítimas";"Plena Noite";"Decrescente";"Ignorado";"Simples";"Aclive;Reta";"Não";2;0;0;0;0;2;0;2;-29,75864468;-54,03329007;"SPRF-RS";"DEL09-RS";"UOP01-DEL09-RS"