"id";"data_inversa";"dia_semana";"horario";"uf";"br";"km";"municipio";"causa_acidente";"tipo_acidente";"classificacao_acidente";"fase_dia";"sentido_via";"condicao_metereologica";"tipo_pista";"tracado_via";"uso_solo";"pessoas";"mortos";"feridos_leves";"feridos_graves";"ilesos";"ignorados";"feridos";"veiculos";"latitude";"longitude";"regional";"delegacia";"uop"
508529;2023-03-04;"sábado";"21:50:00";"PR";277;720;"FOZ DO IGUACU";"Desrespeitar a preferência no cruzamento";"Colisão transversal";"Com Vítimas Feridas";"Plena Noite";"Crescente";"Céu Claro";"Dupla";"Retorno Regulamentado;Reta";"Sim";5;0;0;2;3;0;2;2;-25,48750984;-54,50317706;"SPRF-PR";"DEL05-PR";"UOP03-DEL05-PR"
508531;2023-03-04;"sábado";"22:00:00";"SP";153;59;"SAO JOSE DO RIO PRETO";"Ingestão de álcool pelo condutor";"Capotamento";"Sem Vítimas";"Plena Noite";"Crescente";"Céu Claro";"Dupla";"Reta";"Sim";2;0;0;0;2;0;0;1;-20,78733103;-49,35399276;"SPRF-SP";"DEL09-SP";"UOP01-DEL09-SP"
508534;2023-03-04;"sábado";"20:30:00";"MG";116;137;"PONTO DOS VOLANTES";"Transitar na contramão";"Colisão frontal";"Com Vítimas Feridas";"Plena Noite";"Crescente";"Céu Claro";"Simples";"Reta";"Sim";3;0;1;0;2;0;1;2;-16,7507151;-41,50376201;"SPRF-MG";"DEL11-MG";"UOP02-DEL11-MG"
508535;2023-03-04;"sábado";"22:25:00";"BA";101;718;"EUNAPOLIS";"Desrespeitar a preferência no cruzamento";"Colisão transversal";"Com Vítimas Feridas";"Plena Noite";"Decrescente";"Céu Claro";"Múltipla";"Rotatória;Interseção de Vias";"Sim";2;0;1;0;1;0;1;2;-16,37501228;-39,58101511;"SPRF-BA";"DEL09-BA";"UOP01-DEL09-BA"
508536;2023-03-04;"sábado";"19:30:00";"MA";230;568;"CAROLINA";"Ausência de reação do condutor";"Colisão traseira";"Com Vítimas Feridas";"Plena Noite";"Crescente";"Céu Claro";"Simples";"Reta";"Não";2;0;0;1;0;1;1;2;-7,35829168;-47,41725485;"SPRF-MA";"DEL05-MA";"UOP01-DEL05-MA"
508537;2023-03-04;"sábado";"20:00:00";"BA";110;177;"RIBEIRA DO POMBAL";"Deficiência do Sistema de Iluminação/Sinalização";"Colisão frontal";"Com Vítimas Fatais";"Plena Noite";"Decrescente";"Céu Claro";"Simples";"Reta";"Não";2;1;1;0;0;0;1;2;-10,90525204;-38,52224525;"SPRF-BA";"DEL07-BA";"UOP02-DEL07-BA"
508538;2023-03-04;"sábado";"22:05:00";"AL";104;33,7;"UNIAO DOS PALMARES";"Acessar a via sem observar a presença dos outros veículos";"Colisão transversal";"Com Vítimas Feridas";"Plena Noite";"Crescente";"Céu Claro";"Simples";"Reta";"Sim";2;0;0;1;0;1;1;2;-9,14513114;-36,01536439;"SPRF-AL";"DEL01-AL";"UOP02-DEL01-AL"
508539;2023-03-04;"sábado";"20:00:00";"PR";116;122;"CURITIBA";"Acessar a via sem observar a presença dos outros veículos";"Atropelamento de Pedestre";"Com Vítimas Fatais";"Plena Noite";"Crescente";"Nublado";"Dupla";"Reta";"Sim";2;1;0;0;1;0;0;2;-25,60669545;-49,31863915;"SPRF-PR";"DEL01-PR";"UOP03-DEL01-PR"
508540;2023-03-04;"sábado";"21:00:00";"MT";163;690;"LUCAS DO RIO VERDE";"Ultrapassagem Indevida";"Colisão lateral mesmo sentido";"Com Vítimas Feridas";"Plena Noite";"Decrescente";"Céu Claro";"Simples";"Interseção de Vias;Reta";"Sim";2;0;1;0;0;1;1;2;-13,15897005;-55,97504688;"SPRF-MT";"DEL06-MT";"UOP01-DEL06-MT"
508541;2023-03-04;"sábado";"21:40:00";"SC";101;306;"LAGUNA";"Ausência de reação do condutor";"Colisão lateral mesmo sentido";"Com Vítimas Feridas";"Plena Noite";"Decrescente";"Céu Claro";"Simples";"Reta";"Não";3;0;2;0;0;1;2;2;-28,38437001;-48,77113299;"SPRF-SC";"DEL02-SC";"UOP03-DEL02-SC"
508542;2023-03-04;"sábado";"21:55:00";"SC";282;5,6;"SAO JOSE";"Reação tardia ou ineficiente do condutor";"Colisão com objeto";"Sem Vítimas";"Plena Noite";"Decrescente";"Chuva";"Dupla";"Aclive;Curva";"Sim";1;0;0;0;1;0;0;1;-27,58525645;-48,61782789;"SPRF-SC";"DEL01-SC";"UOP01-DEL01-SC"
508545;2023-03-04;"sábado";"16:50:00";"GO";60;328;"ACREUNA";"Acumulo de água sobre o pavimento";"Saída de leito carroçável";"Com Vítimas Feridas";"Pleno dia";"Decrescente";"Chuva";"Dupla";"Reta";"Não";5;0;1;4;0;0;5;1;-17,5405;-50,5068;"SPRF-GO";"DEL04-GO";"UOP02-DEL04-GO"
508546;2023-03-04;"sábado";"19:30:00";"RJ";40;120;"DUQUE DE CAXIAS";"Mal súbito do condutor";"Colisão com objeto";"Com Vítimas Feridas";"Plena Noite";"Crescente";"Céu Claro";"Múltipla";"Reta";"Sim";1;0;1;0;0;0;1;1;-22,77280597;-43,28626763;"SPRF-RJ";"DEL01-RJ";"UOP01-DEL01-RJ"
508547;2023-03-04;"sábado";"22:00:00";"RS";386;234,9;"SOLEDADE";"Demais falhas mecânicas ou elétricas";"Colisão com objeto";"Sem Vítimas";"Plena Noite";"Crescente";"Chuva";"Simples";"Aclive;Curva";"Não";1;0;0;0;1;0;0;1;-28,7278398;-52,55548239;"SPRF-RS";"DEL04-RS";"UOP03-DEL04-RS"
508548;2023-03-04;"sábado";"21:30:00";"AL";316;93;"SANTANA DO IPANEMA";"Ingestão de álcool e/ou substâncias psicoativas pelo pedestre";"Atropelamento de Pedestre";"Com Vítimas Fatais";"Plena Noite";"Crescente";"Céu Claro";"Simples";"Reta";"Não";2;1;0;0;0;1;0;2;-9,38753121;-37,179845;"SPRF-AL";"DEL03-AL";"UOP02-DEL03-AL"
508549;2023-03-04;"sábado";"22:35:00";"SP";153;1,2;"ICEM";"Acessar a via sem observar a presença dos outros veículos";"Colisão traseira";"Com Vítimas Fatais";"Plena Noite";"Decrescente";"Chuva";"Simples";"Declive";"Não";2;1;0;0;0;1;0;2;-20,31427991;-49,20946944;"SPRF-SP";"DEL09-SP";"UOP01-DEL09-SP"
508550;2023-03-04;"sábado";"22:20:00";"MA";135;23;"SAO LUIS";"Condutor desrespeitou a iluminação vermelha do semáforo";"Colisão traseira";"Com Vítimas Feridas";"Plena Noite";"Crescente";"Céu Claro";"Dupla";"Reta";"Sim";3;0;0;1;1;1;1;3;-2,75265593;-44,34833106;"SPRF-MA";"DEL01-MA";"UOP01-DEL01-MA"
508551;2023-03-04;"sábado";"23:36:00";"RS";116;265;"CANOAS";"Acumulo de água sobre o pavimento";"Tombamento";"Com Vítimas Feridas";"Plena Noite";"Decrescente";"Chuva";"Dupla";"Reta;Interseção de Vias";"Sim";2;0;1;1;0;0;2;1;-29,9214;-51,1779;"SPRF-RS";"DEL01-RS";"UOP01-DEL01-RS"
508553;2023-03-05;"domingo";"00:05:00";"ES";101;296,8;"CARIACICA";"Pedestre andava na pista";"Atropelamento de Pedestre";"Com Vítimas Feridas";"Plena Noite";"Decrescente";"Céu Claro";"Múltipla";"Curva";"Sim";2;0;0;1;1;0;1;2;-20,34462694;-40,40947437;"SPRF-ES";"DEL01-ES";"UOP01-DEL01-ES"
508554;2023-03-04;"sábado";"23:50:00";"PI";343;2;"TERESINA";"Ausência de reação do condutor";"Saída de leito carroçável";"Com Vítimas Feridas";"Plena Noite";"Crescente";"Ignorado";"Dupla";"Reta";"Sim";1;0;1;0;0;0;1;1;-5,089569;-42,802288;"SPRF-PI";"DEL01-PI";"UOP01-DEL01-PI"
508555;2023-03-05;"domingo";"00:04:00";"RS";290;102;"PORTO ALEGRE";"Pista Escorregadia";"Tombamento";"Com Vítimas Feridas";"Plena Noite";"Crescente";"Chuva";"Dupla";"Reta;Ponte";"Não";2;0;2;0;0;0;2;1;-29,987228;-51,25613;"SPRF-RS";"DEL01-RS";"UOP01-DEL01-RS"
508556;2023-03-04;"sábado";"23:45:00";"SC";101;332;"TUBARAO";"Desrespeitar a preferência no cruzamento";"Colisão transversal";"Com Vítimas Feridas";"Plena Noite";"Decrescente";"Céu Claro";"Simples";"Rotatória";"Sim";2;0;1;0;1;0;1;2;-28,46016431;-48,98968873;"SPRF-SC";"DEL02-SC";"UOP01-DEL02-SC"
508557;2023-03-05;"domingo";"00:15:00";"SP";116;208;"GUARULHOS";"Reação tardia ou ineficiente do condutor";"Colisão traseira";"Com Vítimas Feridas";"Plena Noite";"Crescente";"Nublado";"Múltipla";"Reta";"Sim";5;0;2;0;3;0;2;2;-23,42222263;-46,3932771;"SPRF-SP";"DEL01-SP";"UOP01-DEL01-SP"
508558;2023-03-04;"sábado";"16:45:00";"MT";364;1185;"CAMPOS DE JULIO";"Afundamento ou ondulação no pavimento";"Saída de leito carroçável";"Com Vítimas Fatais";"Anoitecer";"Crescente";"Chuva";"Simples";"Reta";"Não";2;1;1;0;0;0;1;1;-13,67275922;-59,17747021;"SPRF-MT";"DEL04-MT";"UOP02-DEL04-MT"
508559;2023-03-05;"domingo";"00:20:00";"RJ";493;107;"SEROPEDICA";"Animais na Pista";"Atropelamento de Animal";"Com Vítimas Feridas";"Plena Noite";"Crescente";"Céu Claro";"Dupla";"Reta";"Não";4;0;1;0;3;0;1;1;-22,783195;-43,759247;"SPRF-RJ";"DEL03-RJ";"UOP01-DEL03-RJ"
508560;2023-03-05;"domingo";"00:45:00";"MG";364;18;"FRUTAL";"Pista esburacada";"Queda de ocupante de veículo";"Com Vítimas Feridas";"Plena Noite";"Decrescente";"Nublado";"Simples";"Reta";"Não";2;0;1;1;0;0;2;1;-20,025185;-48,94096;"SPRF-MG";"DEL13-MG";"UOP02-DEL13-MG"
508562;2023-03-05;"domingo";"00:35:00";"RS";386;354,1;"ESTRELA";"Ausência de reação do condutor";"Saída de leito carroçável";"Sem Vítimas";"Plena Noite";"Crescente";"Céu Claro";"Dupla";"Reta";"Não";1;0;0;0;0;1;0;1;-29,508553;-51,942376;"SPRF-RS";"DEL04-RS";"UOP02-DEL04-RS"
508565;2023-03-05;"domingo";"01:25:00";"MG";381;572,3;"ITAGUARA";"Velocidade Incompatível";"Capotamento";"Com Vítimas Feridas";"Plena Noite";"Crescente";"Céu Claro";"Dupla";"Reta";"Não";2;0;2;0;0;0;2;1;-20,45206504;-44,5689098;"SPRF-MG";"DEL04-MG";"UOP03-DEL04-MG"
508566;2023-03-05;"domingo";"01:00:00";"PR";277;70,8;"SAO JOSE DOS PINHAIS";"Velocidade Incompatível";"Colisão com objeto";"Com Vítimas Feridas";"Plena Noite";"Decrescente";"Céu Claro";"Dupla";"Reta";"Não";1;0;1;0;0;0;1;1;-25,51030837;-49,13119197;"SPRF-PR";"DEL01-PR";"UOP01-DEL01-PR"
508567;2023-03-05;"domingo";"01:40:00";"BA";116;462;"SANTO ESTEVAO";"Animais na Pista";"Atropelamento de Animal";"Sem Vítimas";"Plena Noite";"Decrescente";"Céu Claro";"Dupla";"Reta";"Sim";1;0;0;0;1;0;0;1;-12,435528;-39,221752;"SPRF-BA";"DEL02-BA";"UOP01-DEL02-BA"
508568;2023-03-05;"domingo";"02:00:00";"SC";101;435;"SOMBRIO";"Acessar a via sem observar a presença dos outros veículos";"Colisão lateral sentido oposto";"Sem Vítimas";"Plena Noite";"Decrescente";"Nublado";"Simples";"Reta";"Sim";3;0;0;0;2;1;0;2;-29,09949414;-49,63480552;"SPRF-SC";"DEL02-SC";"UOP02-DEL02-SC"
508569;2023-03-05;"domingo";"00:30:00";"MG";153;9;"ARAPORA";"Ausência de reação do condutor";"Capotamento";"Com Vítimas Feridas";"Plena Noite";"Decrescente";"Vento";"Dupla";"Curva";"Não";1;0;1;0;0;0;1;1;-18,49690399;-49,18880024;"SPRF-MG";"DEL15-MG";"UOP03-DEL15-MG"
508570;2023-03-05;"domingo";"01:40:00";"BA";330;797;"JEQUIE";"Ausência de reação do condutor";"Saída de leito carroçável";"Com Vítimas Feridas";"Plena Noite";"Decrescente";"Céu Claro";"Simples";"Curva";"Não";1;0;1;0;0;0;1;1;-13,93784888;-39,9880558;"SPRF-BA";"DEL03-BA";"UOP01-DEL03-BA"
508571;2023-03-05;"domingo";"02:00:00";"PR";277;67;"SAO JOSE DOS PINHAIS";"Ausência de reação do condutor";"Capotamento";"Com Vítimas Feridas";"Plena Noite";"Decrescente";"Céu Claro";"Dupla";"Reta";"Não";4;0;1;0;0;3;1;1;-25,54511074;-49,05291088;"SPRF-PR";"DEL01-PR";"UOP01-DEL01-PR"
508572;2023-03-05;"domingo";"02:00:00";"PR";369;168;"ROLANDIA";"Reação tardia ou ineficiente do condutor";"Colisão com objeto";"Com Vítimas Feridas";"Plena Noite";"Crescente";"Nublado";"Dupla";"Reta";"Sim";1;0;1;0;0;0;1;1;-23,30121136;-51,32913351;"SPRF-PR";"DEL07-PR";"UOP01-DEL07-PR"
508574;2023-03-05;"domingo";"01:30:00";"SC";470;68;"INDAIAL";"Ausência de reação do condutor";"Colisão com objeto";"Com Vítimas Feridas";"Plena Noite";"Decrescente";"Nublado";"Simples";"Curva";"Não";1;0;0;1;0;0;1;1;-26,877615;-49,239231;"SPRF-SC";"DEL04-SC";"UOP01-DEL04-SC"
508576;2023-03-05;"domingo";"00:05:00";"SC";101;430;"SOMBRIO";"Ausência de reação do condutor";"Atropelamento de Animal";"Com Vítimas Feridas";"Plena Noite";"Decrescente";"Garoa/Chuvisco";"Dupla";"Reta";"Não";2;0;0;1;0;1;1;2;-29,05578387;-49,62209542;"SPRF-SC";"DEL02-SC";"UOP02-DEL02-SC"
508578;2023-03-05;"domingo";"02:40:00";"ES";101;176;"ARACRUZ";"Ingestão de álcool pelo condutor";"Colisão lateral mesmo sentido";"Com Vítimas Feridas";"Plena Noite";"Crescente";"Nublado";"Simples";"Interseção de Vias";"Não";3;0;1;1;0;1;2;2;-19,59523801;-40,19835299;"SPRF-ES";"DEL04-ES";"UOP01-DEL04-ES"
508579;2023-03-05;"domingo";"02:47:00";"ES";101;195;"JOAO NEIVA";"Reação tardia ou ineficiente do condutor";"Queda de ocupante de veículo";"Com Vítimas Feridas";"Plena Noite";"Crescente";"Céu Claro";"Simples";"Aclive";"Não";1;0;1;0;0;0;1;1;-19,70198612;-40,32193499;"SPRF-ES";"DEL04-ES";"UOP01-DEL04-ES"
508580;2023-03-05;"domingo";"03:24:00";"PI";343;345;"TERESINA";"Ausência de reação do condutor";"Colisão traseira";"Com Vítimas Feridas";"Plena Noite";"Crescente";"Céu Claro";"Simples";"Reta";"Sim";2;0;0;1;1;0;1;2;-5,10276335;-42,76652455;"SPRF-PI";"DEL01-PI";"UOP01-DEL01-PI"
508581;2023-03-05;"domingo";"04:05:00";"RS";158;328,5;"SANTA MARIA";"Ingestão de álcool pelo condutor";"Saída de leito carroçável";"Com Vítimas Feridas";"Plena Noite";"Decrescente";"Nevoeiro/Neblina";"Dupla";"Reta";"Sim";3;0;3;0;0;0;3;1;-29,70422254;-53,83206367;"SPRF-RS";"DEL09-RS";"UOP01-DEL09-RS"
508583;2023-03-05;"domingo";"02:30:00";"PR";277;72,9;"SAO JOSE DOS PINHAIS";"Ingestão de álcool pelo condutor";"Colisão traseira";"Sem Vítimas";"Plena Noite";"Crescente";"Céu Claro";"Simples";"Reta";"Não";2;0;0;0;2;0;0;2;-25,50216481;-49,14900184;"SPRF-PR";"DEL01-PR";"UOP01-DEL01-PR"
508584;2023-03-05;"domingo";"02:50:00";"RS";101;20;"TRES CACHOEIRAS";"Ingestão de álcool pelo condutor";"Colisão com objeto";"Com Vítimas Feridas";"Plena Noite";"Decrescente";"Garoa/Chuvisco";"Simples";"Declive";"Sim";2;0;0;1;0;1;1;2;-29,43174659;-49,8873643;"SPRF-RS";"DEL03-RS";"UOP02-DEL03-RS"
508586;2023-03-05;"domingo";"00:50:00";"SC";282;680,3;"PARAISO";"Ingestão de álcool pelo condutor";"Saída de leito carroçável";"Com Vítimas Feridas";"Plena Noite";"Crescente";"Nevoeiro/Neblina";"Simples";"Curva;Declive";"Não";2;0;2;0;0;0;2;1;-26,614655;-53,708702;"SPRF-SC";"DEL07-SC";"UOP03-DEL07-SC"
508587;2023-03-05;"domingo";"03:40:00";"PR";376;177;"MARINGA";"Retorno proibido";"Colisão transversal";"Com Vítimas Feridas";"Plena Noite";"Crescente";"Nublado";"Dupla";"Interseção de Vias;Reta";"Sim";3;0;3;0;0;0;3;2;-23,41595855;-51,92226484;"SPRF-PR";"DEL09-PR";"UOP01-DEL09-PR"
508588;2023-03-05;"domingo";"04:21:00";"PI";316;2,4;"TERESINA";"Velocidade Incompatível";"Colisão com objeto";"Sem Vítimas";"Plena Noite";"Crescente";"Céu Claro";"Dupla";"Viaduto";"Sim";1;0;0;0;0;1;0;1;-5,12477477;-42,79848465;"SPRF-PI";"DEL01-PI";"UOP02-DEL01-PI"
508590;2023-03-05;"domingo";"02:20:00";"PR";277;698,5;"SAO MIGUEL DO IGUACU";"Ingestão de álcool pelo condutor";"Saída de leito carroçável";"Com Vítimas Fatais";"Plena Noite";"Decrescente";"Céu Claro";"Dupla";"Reta;Declive";"Não";3;1;0;2;0;0;2;1;-25,3964712;-54,31179289;"SPRF-PR";"DEL05-PR";"UOP01-DEL05-PR"
508591;2023-03-05;"domingo";"03:30:00";"RJ";116;265;"BARRA MANSA";"Reação tardia ou ineficiente do condutor";"Colisão com objeto";"Com Vítimas Feridas";"Plena Noite";"Crescente";"Nublado";"Dupla";"Reta";"Não";1;0;1;0;0;0;1;1;-22,58784914;-44,08578403;"SPRF-RJ";"DEL07-RJ";"UOP02-DEL07-RJ"
508592;2023-03-05;"domingo";"04:12:00";"SP";116;322,5;"JUQUITIBA";"Ausência de reação do condutor";"Saída de leito carroçável";"Com Vítimas Fatais";"Plena Noite";"Decrescente";"Chuva";"Dupla";"Reta";"Não";1;1;0;0;0;0;0;1;-23,935106;-47,026682;"SPRF-SP";"DEL04-SP";"UOP03-DEL04-SP"
508593;2023-03-05;"domingo";"04:05:00";"PB";230;244,3;"JUAZEIRINHO";"Ingestão de álcool pelo condutor";"Colisão frontal";"Com Vítimas Fatais";"Amanhecer";"Decrescente";"Nublado";"Simples";"Reta";"Não";6;1;2;3;0;0;5;2;-7,0692;-36,6002;"SPRF-PB";"DEL02-PB";"UOP02-DEL02-PB"
508594;2023-03-05;"domingo";"05:19:00";"SC";101;200,9;"SAO JOSE";"Demais falhas mecânicas ou elétricas";"Incêndio";"Sem Vítimas";"Amanhecer";"Decrescente";"Nublado";"Dupla";"Reta";"Sim";1;0;0;0;0;1;0;1;-27,54018513;-48,62287714;"SPRF-SC";"DEL01-SC";"UOP01-DEL01-SC"
508597;2023-03-05;"domingo";"04:50:00";"SC";101;360;"SANGAO";"Ausência de reação do condutor";"Colisão traseira";"Com Vítimas Feridas";"Plena Noite";"Crescente";"Céu Claro";"Dupla";"Reta";"Não";2;0;0;1;1;0;1;2;-28,65823109;-49,10991486;"SPRF-SC";"DEL02-SC";"UOP01-DEL02-SC"
508598;2023-03-05;"domingo";"05:05:00";"GO";153;507,9;"APARECIDA DE GOIANIA";"Transitar na contramão";"Colisão frontal";"Sem Vítimas";"Plena Noite";"Decrescente";"Céu Claro";"Dupla";"Reta;Aclive";"Sim";3;0;0;0;3;0;0;2;-16,771294;-49,238674;"SPRF-GO";"DEL01-GO";"UOP03-DEL01-GO"
508600;2023-03-05;"domingo";"05:25:00";"PR";369;167,3;"CAMBE";"Transitar na contramão";"Colisão frontal";"Com Vítimas Feridas";"Amanhecer";"Crescente";"Garoa/Chuvisco";"Múltipla";"Interseção de Vias";"Não";4;0;0;1;2;1;1;3;-23,297572;-51,320337;"SPRF-PR";"DEL07-PR";"UOP01-DEL07-PR"
508601;2023-03-05;"domingo";"06:00:00";"RS";116;248;"SAO LEOPOLDO";"Ingestão de álcool pelo condutor";"Capotamento";"Sem Vítimas";"Amanhecer";"Decrescente";"Chuva";"Múltipla";"Reta";"Sim";1;0;0;0;1;0;0;1;-29,77605895;-51,15508618;"SPRF-RS";"DEL01-RS";"UOP02-DEL01-RS"
508602;2023-03-05;"domingo";"04:30:00";"SC";282;580,8;"PINHALZINHO";"Ingestão de álcool e/ou substâncias psicoativas pelo pedestre";"Colisão lateral sentido oposto";"Com Vítimas Feridas";"Plena Noite";"Decrescente";"Céu Claro";"Simples";"Reta";"Sim";2;0;1;0;1;0;1;2;-26,83357489;-52,99299896;"SPRF-SC";"DEL07-SC";"UOP02-DEL07-SC"
508603;2023-03-05;"domingo";"06:00:00";"PR";376;658;"TIJUCAS DO SUL";"Ausência de reação do condutor";"Saída de leito carroçável";"Sem Vítimas";"Amanhecer";"Decrescente";"Céu Claro";"Simples";"Reta";"Não";1;0;0;0;1;0;0;1;-25,84644025;-49,00700569;"SPRF-PR";"DEL01-PR";"UOP04-DEL01-PR"
508604;2023-03-05;"domingo";"05:00:00";"MT";163;702;"SORRISO";"Ingestão de álcool pelo condutor";"Colisão lateral sentido oposto";"Sem Vítimas";"Amanhecer";"Crescente";"Céu Claro";"Simples";"Aclive;Reta";"Não";2;0;0;0;2;0;0;2;-13,06568182;-55,92322902;"SPRF-MT";"DEL06-MT";"UOP01-DEL06-MT"
508605;2023-03-05;"domingo";"06:40:00";"PR";153;23;"JACAREZINHO";"Acumulo de areia ou detritos sobre o pavimento";"Saída de leito carroçável";"Com Vítimas Feridas";"Pleno dia";"Decrescente";"Chuva";"Simples";"Reta";"Não";4;0;4;0;0;0;4;1;-23,17659697;-49,97635304;"SPRF-PR";"DEL07-PR";"UOP04-DEL07-PR"
508606;2023-03-05;"domingo";"06:24:00";"ES";101;178;"ARACRUZ";"Ausência de reação do condutor";"Queda de ocupante de veículo";"Com Vítimas Feridas";"Pleno dia";"Crescente";"Céu Claro";"Simples";"Reta";"Não";2;0;2;0;0;0;2;1;-19,61032522;-40,20858272;"SPRF-ES";"DEL04-ES";"UOP01-DEL04-ES"
508607;2023-03-04;"sábado";"16:00:00";"PI";20;334;"SANTO ANTONIO DE LISBOA";"Reação tardia ou ineficiente do condutor";"Saída de leito carroçável";"Sem Vítimas";"Anoitecer";"Crescente";"Céu Claro";"Simples";"Reta";"Não";1;0;0;0;0;1;0;1;-7,04488006;-41,22982191;"SPRF-PI";"DEL04-PI";"UOP01-DEL04-PI"
508608;2023-03-05;"domingo";"06:50:00";"SC";101;116,2;"ITAJAI";"Ausência de reação do condutor";"Colisão traseira";"Com Vítimas Feridas";"Pleno dia";"Crescente";"Nublado";"Dupla";"Reta";"Não";3;0;2;0;1;0;2;3;-26,87905605;-48,72603512;"SPRF-SC";"DEL04-SC";"UOP04-DEL04-SC"
508610;2023-03-05;"domingo";"04:00:00";"CE";222;307;"TIANGUA";"Condutor Dormindo";"Queda de ocupante de veículo";"Com Vítimas Feridas";"Plena Noite";"Decrescente";"Nublado";"Simples";"Declive";"Não";1;0;1;0;0;0;1;1;-3,68203653;-40,97306466;"SPRF-CE";"DEL04-CE";"UOP02-DEL04-CE"
508611;2023-03-05;"domingo";"06:00:00";"MG";50;169;"UBERABA";"Obras na pista";"Colisão com objeto";"Sem Vítimas";"Pleno dia";"Crescente";"Céu Claro";"Dupla";"Reta;Desvio Temporário;Em Obras";"Sim";1;0;0;0;1;0;0;1;-19,72771598;-47,98120608;"SPRF-MG";"DEL13-MG";"UOP01-DEL13-MG"
508614;2023-03-05;"domingo";"06:15:00";"SC";101;121,6;"ITAJAI";"Reação tardia ou ineficiente do condutor";"Colisão com objeto";"Sem Vítimas";"Amanhecer";"Crescente";"Céu Claro";"Dupla";"Reta";"Não";1;0;0;0;1;0;0;1;-26,92103178;-48,70856446;"SPRF-SC";"DEL04-SC";"UOP04-DEL04-SC"
508615;2023-01-24;"terça-feira";"17:35:00";"PE";232;180,9;"BELO JARDIM";"Acesso irregular";"Colisão transversal";"Com Vítimas Feridas";"Anoitecer";"Crescente";"Céu Claro";"Simples";"Reta";"Sim";2;0;0;1;1;0;1;2;-8,34449745;-36,4288801;"SPRF-PE";"DEL03-PE";"UOP02-DEL03-PE"
508616;2023-03-05;"domingo";"08:15:00";"SP";381;37,4;"ATIBAIA";"Reação tardia ou ineficiente do condutor";"Colisão traseira";"Com Vítimas Feridas";"Pleno dia";"Decrescente";"Sol";"Dupla";"Reta";"Sim";2;0;0;1;1;0;1;2;-23,10506237;-46,56881577;"SPRF-SP";"DEL03-SP";"UOP01-DEL03-SP"
508617;2023-03-05;"domingo";"07:45:00";"GO";153;438;"ANAPOLIS";"Manobra de mudança de faixa";"Colisão lateral mesmo sentido";"Sem Vítimas";"Pleno dia";"Decrescente";"Céu Claro";"Dupla";"Reta";"Sim";2;0;0;0;0;2;0;2;-16,291595;-48,934811;"SPRF-GO";"DEL02-GO";"UOP01-DEL02-GO"
508621;2023-03-05;"domingo";"09:00:00";"PR";376;666;"TIJUCAS DO SUL";"Reação tardia ou ineficiente do condutor";"Tombamento";"Com Vítimas Feridas";"Pleno dia";"Crescente";"Garoa/Chuvisco";"Dupla";"Curva";"Não";1;0;1;0;0;0;1;1;-25,86037408;-48,95087256;"SPRF-PR";"DEL01-PR";"UOP04-DEL01-PR"
508622;2023-03-05;"domingo";"09:10:00";"MG";251;481,1;"FRANCISCO SA";"Acessar a via sem observar a presença dos outros veículos";"Colisão transversal";"Com Vítimas Feridas";"Pleno dia";"Crescente";"Céu Claro";"Simples";"Reta;Interseção de Vias";"Não";3;0;1;1;1;0;2;2;-16,48846512;-43,5126989;"SPRF-MG";"DEL12-MG";"UOP01-DEL12-MG"
508623;2023-03-05;"domingo";"08:50:00";"GO";60;379;"RIO VERDE";"Acumulo de água sobre o pavimento";"Saída de leito carroçável";"Com Vítimas Feridas";"Pleno dia";"Decrescente";"Chuva";"Dupla";"Reta";"Não";2;0;1;0;1;0;1;1;-17,7564;-50,8793;"SPRF-GO";"DEL04-GO";"UOP02-DEL04-GO"
508626;2023-03-05;"domingo";"10:00:00";"GO";414;415;"ABADIANIA";"Objeto estático sobre o leito carroçável";"Colisão com objeto";"Com Vítimas Feridas";"Pleno dia";"Decrescente";"Céu Claro";"Simples";"Declive;Reta";"Não";5;0;2;0;2;1;2;5;-16,10185605;-48,85799895;"SPRF-GO";"DEL02-GO";"UOP01-DEL02-GO"
508628;2023-03-05;"domingo";"08:30:00";"RJ";101;297;"ITABORAI";"Reação tardia ou ineficiente do condutor";"Queda de ocupante de veículo";"Com Vítimas Feridas";"Pleno dia";"Decrescente";"Céu Claro";"Dupla";"Reta";"Sim";1;0;0;1;0;0;1;1;-22,76942037;-42,91873581;"SPRF-RJ";"DEL02-RJ";"UOP02-DEL02-RJ"
508629;2023-03-05;"domingo";"08:20:00";"BA";324;599;"SIMOES FILHO";"Acumulo de areia ou detritos sobre o pavimento";"Queda de ocupante de veículo";"Com Vítimas Feridas";"Pleno dia";"Decrescente";"Nublado";"Dupla";"Reta";"Não";2;0;2;0;0;0;2;1;-12,75580394;-38,42837334;"SPRF-BA";"DEL01-BA";"UOP01-DEL01-BA"
508631;2023-03-05;"domingo";"10:50:00";"MG";381;945,3;"EXTREMA";"Velocidade Incompatível";"Tombamento";"Com Vítimas Feridas";"Pleno dia";"Decrescente";"Nublado";"Dupla";"Aclive;Reta";"Não";2;0;1;1;0;0;2;1;-22,87479042;-46,36655782;"SPRF-MG";"DEL16-MG";"UOP03-DEL16-MG"
508633;2023-03-05;"domingo";"09:10:00";"RJ";101;420;"MANGARATIBA";"Retorno proibido";"Colisão traseira";"Com Vítimas Feridas";"Pleno dia";"Decrescente";"Sol";"Simples";"Reta";"Sim";3;0;2;0;1;0;2;2;-22,9189815;-43,92318002;"SPRF-RJ";"DEL03-RJ";"UOP02-DEL03-RJ"