"id";"data_inversa";"dia_semana";"horario";"uf";"br";"km";"municipio";"causa_acidente";"tipo_acidente";"classificacao_acidente";"fase_dia";"sentido_via";"condicao_metereologica";"tipo_pista";"tracado_via";"uso_solo";"pessoas";"mortos";"feridos_leves";"feridos_graves";"ilesos";"ignorados";"feridos";"veiculos";"latitude";"longitude";"regional";"delegacia";"uop"
508634;2023-03-05;"domingo";"10:40:00";"SC";470;0,5;"NAVEGANTES";"Acessar a via sem observar a presença dos outros veículos";"Colisão transversal";"Com Vítimas Feridas";"Pleno dia";"Crescente";"Céu Claro";"Dupla";"Reta";"Sim";2;0;0;1;1;0;1;2;-26,87841146;-48,66518497;"SPRF-SC";"DEL04-SC";"UOP04-DEL04-SC"
508638;2023-03-05;"domingo";"10:10:00";"SC";470;67,3;"INDAIAL";"Condutor deixou de manter distância do veículo da frente";"Colisão traseira";"Com Vítimas Feridas";"Pleno dia";"Crescente";"Céu Claro";"Simples";"Em Obras;Reta;Desvio Temporário";"Sim";4;0;2;0;2;0;2;2;-26,872158;-49,23127;"SPRF-SC";"DEL04-SC";"UOP01-DEL04-SC"
508639;2023-03-05;"domingo";"11:20:00";"ES";101;291;"CARIACICA";"Avarias e/ou desgaste excessivo no pneu";"Tombamento";"Com Vítimas Feridas";"Pleno dia";"Decrescente";"Céu Claro";"Dupla";"Reta";"Sim";2;0;1;1;0;0;2;1;-20,29755744;-40,39445616;"SPRF-ES";"DEL01-ES";"UOP01-DEL01-ES"
508640;2023-03-05;"domingo";"10:30:00";"MS";163;270;"DOURADOS";"Desrespeitar a preferência no cruzamento";"Colisão lateral mesmo sentido";"Com Vítimas Feridas";"Pleno dia";"Decrescente";"Céu Claro";"Dupla";"Rotatória;Interseção de Vias";"Não";5;0;1;1;3;0;2;2;-22,194847;-54,69295;"SPRF-MS";"DEL04-MS";"UOP01-DEL04-MS"
508641;2023-03-05;"domingo";"11:00:00";"GO";60;92;"ANAPOLIS";"Acessar a via sem observar a presença dos outros veículos";"Colisão transversal";"Com Vítimas Feridas";"Pleno dia";"Crescente";"Céu Claro";"Dupla";"Reta";"Sim";3;0;0;2;1;0;2;2;-16,353;-48,9178;"SPRF-GO";"DEL02-GO";"UOP01-DEL02-GO"
508643;2023-03-05;"domingo";"09:00:00";"MG";381;743,3;"TRES CORACOES";"Ingestão de álcool pelo condutor";"Saída de leito carroçável";"Sem Vítimas";"Pleno dia";"Decrescente";"Nublado";"Dupla";"Curva;Declive";"Não";1;0;0;0;1;0;0;1;-21,62606989;-45,26880608;"SPRF-MG";"DEL16-MG";"UOP02-DEL16-MG"
508645;2023-03-05;"domingo";"11:50:00";"DF";70;8;"BRASILIA";"Ausência de reação do condutor";"Colisão lateral mesmo sentido";"Com Vítimas Feridas";"Pleno dia";"Decrescente";"Céu Claro";"Dupla";"Aclive;Reta";"Não";2;0;1;0;1;0;1;2;-15,784655;-48,130796;"SPRF-DF";"DEL03-DF";"UOP02-DEL03-DF"
508646;2023-03-05;"domingo";"11:37:00";"CE";222;1;"FORTALEZA";"Pedestre andava na pista";"Atropelamento de Pedestre";"Com Vítimas Feridas";"Pleno dia";"Crescente";"Céu Claro";"Múltipla";"Reta";"Sim";2;0;1;0;1;0;1;2;-3,737804;-38,578061;"SPRF-CE";"DEL01-CE";"UOP01-DEL01-CE"
508647;2023-03-05;"domingo";"11:00:00";"MG";381;433;"SABARA";"Acessar a via sem observar a presença dos outros veículos";"Colisão transversal";"Com Vítimas Feridas";"Pleno dia";"Decrescente";"Céu Claro";"Simples";"Curva";"Não";2;0;1;0;1;0;1;2;-19,79269213;-43,74585386;"SPRF-MG";"DEL01-MG";"UOP01-DEL01-MG"
508648;2023-03-05;"domingo";"11:55:00";"SC";101;206;"SAO JOSE";"Avarias e/ou desgaste excessivo no pneu";"Queda de ocupante de veículo";"Com Vítimas Feridas";"Pleno dia";"Crescente";"Céu Claro";"Dupla";"Reta";"Sim";2;0;2;0;0;0;2;1;-27,59193546;-48,61824557;"SPRF-SC";"DEL01-SC";"UOP01-DEL01-SC"
508649;2023-03-05;"domingo";"12:10:00";"PR";277;138,5;"BALSA NOVA";"Chuva";"Saída de leito carroçável";"Com Vítimas Feridas";"Pleno dia";"Decrescente";"Chuva";"Dupla";"Curva;Declive";"Não";4;0;3;0;1;0;3;1;-25,47478784;-49,72201556;"SPRF-PR";"DEL03-PR";"UOP03-DEL03-PR"
508650;2023-03-05;"domingo";"12:40:00";"ES";262;99;"VENDA NOVA DO IMIGRANTE";"Velocidade Incompatível";"Queda de ocupante de veículo";"Com Vítimas Feridas";"Pleno dia";"Crescente";"Céu Claro";"Simples";"Aclive;Curva";"Não";2;0;2;0;0;0;2;1;-20,35052264;-41,09312126;"SPRF-ES";"DEL01-ES";"UOP02-DEL01-ES"
508651;2023-03-05;"domingo";"12:30:00";"MG";116;276;"TEOFILO OTONI";"Ausência de reação do condutor";"Colisão lateral mesmo sentido";"Com Vítimas Feridas";"Pleno dia";"Decrescente";"Céu Claro";"Múltipla";"Reta";"Sim";2;0;2;0;0;0;2;2;-17,857959;-41,515011;"SPRF-MG";"DEL11-MG";"UOP01-DEL11-MG"
508652;2023-03-05;"domingo";"11:50:00";"MG";50;25,5;"ARAGUARI";"Condutor Dormindo";"Capotamento";"Com Vítimas Feridas";"Pleno dia";"Crescente";"Céu Claro";"Dupla";"Declive";"Não";1;0;1;0;0;0;1;1;-18,61146226;-48,07749391;"SPRF-MG";"DEL15-MG";"UOP02-DEL15-MG"
508654;2023-03-05;"domingo";"12:00:00";"PR";376;591,7;"CURITIBA";"Ingestão de álcool pelo condutor";"Colisão traseira";"Com Vítimas Feridas";"Pleno dia";"Decrescente";"Nublado";"Dupla";"Reta";"Sim";2;0;1;0;1;0;1;2;-25,45999605;-49,35895013;"SPRF-PR";"DEL01-PR";"UOP06-DEL01-PR"
508655;2023-03-05;"domingo";"07:45:00";"MT";364;362;"SANTO ANTONIO DO LEVERGER";"Reação tardia ou ineficiente do condutor";"Saída de leito carroçável";"Com Vítimas Fatais";"Pleno dia";"Decrescente";"Sol";"Dupla";"Reta";"Não";4;1;3;0;0;0;3;1;-15,73763809;-55,66446304;"SPRF-MT";"DEL01-MT";"UOP02-DEL01-MT"
508657;2023-03-05;"domingo";"10:50:00";"MS";262;618,9;"MIRANDA";"Manobra de mudança de faixa";"Colisão lateral sentido oposto";"Com Vítimas Feridas";"Pleno dia";"Crescente";"Céu Claro";"Simples";"Reta";"Não";3;0;2;0;0;1;2;3;-19,96733704;-56,83601909;"SPRF-MS";"DEL03-MS";"UOP02-DEL03-MS"
508658;2023-03-05;"domingo";"12:50:00";"BA";101;738;"ITABELA";"Condutor deixou de manter distância do veículo da frente";"Colisão traseira";"Com Vítimas Feridas";"Pleno dia";"Decrescente";"Nublado";"Simples";"Aclive;Curva";"Não";3;0;0;1;2;0;1;2;-16,68294895;-39,48716295;"SPRF-BA";"DEL09-BA";"UOP01-DEL09-BA"
508659;2023-03-05;"domingo";"12:30:00";"RJ";116;198;"QUEIMADOS";"Acumulo de areia ou detritos sobre o pavimento";"Tombamento";"Com Vítimas Feridas";"Pleno dia";"Crescente";"Céu Claro";"Dupla";"Reta";"Não";2;0;2;0;0;0;2;1;-22,72952183;-43,57481597;"SPRF-RJ";"DEL01-RJ";"UOP02-DEL01-RJ"
508660;2023-03-05;"domingo";"12:50:00";"RJ";101;413;"ITAGUAI";"Avarias e/ou desgaste excessivo no pneu";"Capotamento";"Com Vítimas Feridas";"Pleno dia";"Decrescente";"Céu Claro";"Dupla";"Curva";"Não";2;0;0;1;1;0;1;1;-22,89931896;-43,865293;"SPRF-RJ";"DEL03-RJ";"UOP01-DEL03-RJ"
508661;2023-03-05;"domingo";"14:00:00";"SC";470;71;"INDAIAL";"Acessar a via sem observar a presença dos outros veículos";"Colisão transversal";"Com Vítimas Feridas";"Pleno dia";"Crescente";"Céu Claro";"Dupla";"Reta";"Sim";3;0;1;0;2;0;1;2;-26,895243;-49,262104;"SPRF-SC";"DEL04-SC";"UOP01-DEL04-SC"
508662;2023-03-05;"domingo";"12:00:00";"SC";101;211,8;"PALHOCA";"Condutor deixou de manter distância do veículo da frente";"Colisão traseira";"Com Vítimas Feridas";"Pleno dia";"Crescente";"Nublado";"Múltipla";"Reta";"Não";4;0;1;0;3;0;1;2;-27,62844264;-48,65751386;"SPRF-SC";"DEL01-SC";"UOP02-DEL01-SC"
508664;2023-03-05;"domingo";"13:05:00";"RJ";116;188;"NOVA IGUACU";"Avarias e/ou desgaste excessivo no pneu";"Colisão com objeto";"Com Vítimas Feridas";"Pleno dia";"Decrescente";"Céu Claro";"Dupla";"Reta";"Não";3;0;1;0;2;0;1;1;-22,7380709;-43,48213999;"SPRF-RJ";"DEL01-RJ";"UOP02-DEL01-RJ"
508665;2023-03-05;"domingo";"11:02:00";"PI";316;1;"TERESINA";"Condutor deixou de manter distância do veículo da frente";"Colisão traseira";"Com Vítimas Feridas";"Pleno dia";"Decrescente";"Sol";"Dupla";"Reta;Declive";"Sim";2;0;0;1;0;1;1;2;-5,12861853;-42,80706778;"SPRF-PI";"DEL01-PI";"UOP02-DEL01-PI"
508666;2023-03-05;"domingo";"12:40:00";"SC";101;212;"PALHOCA";"Condutor deixou de manter distância do veículo da frente";"Engavetamento";"Com Vítimas Feridas";"Pleno dia";"Crescente";"Chuva";"Múltipla";"Reta";"Não";3;0;0;1;2;0;1;3;-27,62996929;-48,65903871;"SPRF-SC";"DEL01-SC";"UOP02-DEL01-SC"
508667;2023-03-05;"domingo";"12:30:00";"RJ";493;116;"ITAGUAI";"Condutor Dormindo";"Saída de leito carroçável";"Com Vítimas Feridas";"Pleno dia";"Crescente";"Céu Claro";"Dupla";"Reta";"Não";1;0;1;0;0;0;1;1;-22,81281746;-43,80073071;"SPRF-RJ";"DEL03-RJ";"UOP01-DEL03-RJ"
508668;2023-03-05;"domingo";"14:00:00";"MG";381;0;"BETIM";"Demais falhas mecânicas ou elétricas";"Saída de leito carroçável";"Com Vítimas Feridas";"Pleno dia";"Crescente";"Céu Claro";"Dupla";"Declive;Reta";"Não";1;0;1;0;0;0;1;1;-19,96825;-44,198708;"SPRF-MG";"DEL01-MG";"UOP03-DEL01-MG"
508670;2023-03-05;"domingo";"13:30:00";"PR";153;363;"RIO AZUL";"Ausência de reação do condutor";"Saída de leito carroçável";"Com Vítimas Feridas";"Pleno dia";"Decrescente";"Céu Claro";"Simples";"Reta";"Não";1;0;1;0;0;0;1;1;-25,69335111;-50,77297891;"SPRF-PR";"DEL08-PR";"UOP02-DEL08-PR"
508671;2023-03-05;"domingo";"15:00:00";"MG";40;517,5;"CONTAGEM";"Ausência de reação do condutor";"Engavetamento";"Com Vítimas Feridas";"Pleno dia";"Decrescente";"Céu Claro";"Dupla";"Reta";"Sim";10;0;1;0;9;0;1;5;-19,82351202;-44,08438913;"SPRF-MG";"DEL01-MG";"UOP02-DEL01-MG"
508673;2023-03-05;"domingo";"15:40:00";"ES";101;291,9;"CARIACICA";"Condutor deixou de manter distância do veículo da frente";"Colisão traseira";"Com Vítimas Feridas";"Pleno dia";"Decrescente";"Céu Claro";"Dupla";"Declive;Reta";"Sim";2;0;1;0;0;1;1;2;-20,30650512;-40,39488717;"SPRF-ES";"DEL01-ES";"UOP01-DEL01-ES"
508674;2023-03-05;"domingo";"14:50:00";"RS";116;157,8;"CAXIAS DO SUL";"Reação tardia ou ineficiente do condutor";"Saída de leito carroçável";"Sem Vítimas";"Pleno dia";"Crescente";"Céu Claro";"Simples";"Curva";"Não";2;0;0;0;2;0;0;1;-29,21548163;-51,1762476;"SPRF-RS";"DEL05-RS";"UOP01-DEL05-RS"
508675;2023-03-05;"domingo";"15:20:00";"MG";40;616,3;"CONGONHAS";"Ausência de reação do condutor";"Colisão com objeto";"Com Vítimas Feridas";"Pleno dia";"Decrescente";"Céu Claro";"Simples";"Reta";"Não";1;0;1;0;0;0;1;1;-20,54605704;-43,81990003;"SPRF-MG";"DEL05-MG";"UOP02-DEL05-MG"
508676;2023-03-05;"domingo";"15:30:00";"ES";262;56;"MARECHAL FLORIANO";"Acessar a via sem observar a presença dos outros veículos";"Colisão transversal";"Com Vítimas Feridas";"Pleno dia";"Crescente";"Céu Claro";"Simples";"Interseção de Vias";"Sim";4;0;2;0;2;0;2;2;-20,41088387;-40,75519403;"SPRF-ES";"DEL01-ES";"UOP01-DEL01-ES"
508679;2023-03-05;"domingo";"15:50:00";"SC";101;197;"BIGUACU";"Frear bruscamente";"Tombamento";"Com Vítimas Feridas";"Pleno dia";"Crescente";"Chuva";"Múltipla";"Reta";"Sim";1;0;1;0;0;0;1;1;-27,51844497;-48,63848496;"SPRF-SC";"DEL01-SC";"UOP01-DEL01-SC"
508681;2023-03-05;"domingo";"13:30:00";"MG";381;722;"CARMO DA CACHOEIRA";"Reação tardia ou ineficiente do condutor";"Colisão com objeto";"Com Vítimas Feridas";"Pleno dia";"Crescente";"Chuva";"Dupla";"Aclive;Curva";"Não";2;0;1;0;1;0;1;1;-21,47729514;-45,20207819;"SPRF-MG";"DEL04-MG";"UOP02-DEL04-MG"
508684;2023-03-05;"domingo";"16:05:00";"BA";324;594;"CANDEIAS";"Reação tardia ou ineficiente do condutor";"Saída de leito carroçável";"Com Vítimas Feridas";"Pleno dia";"Decrescente";"Sol";"Dupla";"Reta";"Não";1;0;1;0;0;0;1;1;-12,70742041;-38,46251062;"SPRF-BA";"DEL01-BA";"UOP01-DEL01-BA"
508685;2023-03-05;"domingo";"15:10:00";"MS";163;262;"DOURADOS";"Reação tardia ou ineficiente do condutor";"Colisão com objeto";"Com Vítimas Feridas";"Pleno dia";"Decrescente";"Sol";"Dupla";"Reta";"Não";1;0;0;1;0;0;1;1;-22,2352256;-54,75663316;"SPRF-MS";"DEL04-MS";"UOP01-DEL04-MS"
508687;2023-03-05;"domingo";"12:00:00";"MG";381;734;"CARMO DA CACHOEIRA";"Ausência de reação do condutor";"Queda de ocupante de veículo";"Com Vítimas Feridas";"Pleno dia";"Decrescente";"Garoa/Chuvisco";"Dupla";"Reta";"Não";1;0;0;1;0;0;1;1;-21,57173297;-45,24325979;"SPRF-MG";"DEL16-MG";"UOP02-DEL16-MG"
508689;2023-03-05;"domingo";"16:45:00";"RJ";101;67,1;"CAMPOS DOS GOYTACAZES";"Acessar a via sem observar a presença dos outros veículos";"Colisão transversal";"Com Vítimas Feridas";"Pleno dia";"Decrescente";"Céu Claro";"Simples";"Reta;Retorno Regulamentado";"Sim";2;0;0;1;1;0;1;2;-21,76803896;-41,34979248;"SPRF-RJ";"DEL08-RJ";"UOP02-DEL08-RJ"
508694;2023-03-05;"domingo";"16:20:00";"SC";163;73;"SAO MIGUEL DO OESTE";"Ultrapassagem Indevida";"Colisão transversal";"Com Vítimas Feridas";"Pleno dia";"Decrescente";"Céu Claro";"Dupla";"Interseção de Vias";"Sim";3;0;1;0;2;0;1;2;-26,71084646;-53,51502434;"SPRF-SC";"DEL07-SC";"UOP03-DEL07-SC"
508695;2023-03-05;"domingo";"17:35:00";"MG";381;501;"BETIM";"Trafegar com motocicleta (ou similar) entre as faixas";"Colisão lateral mesmo sentido";"Sem Vítimas";"Pleno dia";"Decrescente";"Céu Claro";"Dupla";"Aclive;Reta";"Não";3;0;0;0;3;0;0;3;-20,001759983;-44,2118371048;"SPRF-MG";"DEL04-MG";"UOP03-DEL04-MG"
508696;2023-03-05;"domingo";"16:25:00";"PR";277;3,5;"PARANAGUA";"Pista esburacada";"Colisão frontal";"Com Vítimas Feridas";"Pleno dia";"Decrescente";"Nublado";"Simples";"Reta";"Sim";6;0;3;2;0;1;5;3;-25,54527279;-48,55979495;"SPRF-PR";"DEL01-PR";"UOP05-DEL01-PR"
508697;2023-03-05;"domingo";"17:30:00";"PE";101;5;"GOIANA";"Condutor deixou de manter distância do veículo da frente";"Colisão traseira";"Com Vítimas Feridas";"Anoitecer";"Crescente";"Nublado";"Dupla";"Reta";"Não";4;0;4;0;0;0;4;2;-7,541764;-34,991394;"SPRF-PE";"DEL01-PE";"UOP02-DEL01-PE"
508698;2023-03-05;"domingo";"16:40:00";"ES";262;26,5;"VIANA";"Reação tardia ou ineficiente do condutor";"Colisão lateral mesmo sentido";"Com Vítimas Feridas";"Pleno dia";"Decrescente";"Céu Claro";"Simples";"Reta";"Sim";2;0;1;0;1;0;1;2;-20,38041768;-40,54402517;"SPRF-ES";"DEL01-ES";"UOP01-DEL01-ES"
508700;2023-03-05;"domingo";"18:00:00";"SP";116;3;"GUARULHOS";"Ultrapassagem Indevida";"Colisão com objeto";"Com Vítimas Feridas";"Pleno dia";"Crescente";"Nublado";"Dupla";"Reta";"Não";2;0;0;1;0;1;1;2;-23,463257;-46,53373;"SPRF-SP";"DEL01-SP";"UOP01-DEL01-SP"
508701;2023-03-05;"domingo";"17:40:00";"AL";316;265;"SATUBA";"Ingestão de álcool pelo condutor";"Colisão traseira";"Com Vítimas Feridas";"Anoitecer";"Crescente";"Nublado";"Simples";"Curva;Declive";"Não";2;0;1;1;0;0;2;2;-9,58809773;-35,85392475;"SPRF-AL";"DEL02-AL";"UOP01-DEL02-AL"
508703;2023-03-05;"domingo";"17:00:00";"RS";470;200;"BENTO GONCALVES";"Acessar a via sem observar a presença dos outros veículos";"Colisão transversal";"Com Vítimas Feridas";"Pleno dia";"Decrescente";"Céu Claro";"Simples";"Curva;Interseção de Vias;Declive";"Não";3;0;0;2;1;0;2;2;-29,06736768;-51,57996108;"SPRF-RS";"DEL06-RS";"UOP02-DEL06-RS"
508704;2023-03-05;"domingo";"17:45:00";"MG";381;451;"SABARA";"Acessar a via sem observar a presença dos outros veículos";"Colisão transversal";"Com Vítimas Feridas";"Pleno dia";"Decrescente";"Céu Claro";"Simples";"Reta";"Não";3;0;1;1;1;0;2;2;-19,83832024;-43,8806931;"SPRF-MG";"DEL01-MG";"UOP01-DEL01-MG"
508705;2023-03-05;"domingo";"17:40:00";"RS";116;245;"SAO LEOPOLDO";"Ausência de reação do condutor";"Colisão traseira";"Sem Vítimas";"Pleno dia";"Crescente";"Céu Claro";"Dupla";"Reta";"Sim";6;0;0;0;6;0;0;2;-29,74980902;-51,15125361;"SPRF-RS";"DEL01-RS";"UOP02-DEL01-RS"
508706;2023-03-05;"domingo";"18:05:00";"PR";277;454,4;"LARANJEIRAS DO SUL";"Acessar a via sem observar a presença dos outros veículos";"Colisão transversal";"Com Vítimas Feridas";"Pleno dia";"Decrescente";"Céu Claro";"Simples";"Reta;Declive";"Não";5;0;1;0;4;0;1;2;-25,36980336;-52,37913399;"SPRF-PR";"DEL04-PR";"UOP02-DEL04-PR"
508707;2023-03-05;"domingo";"18:20:00";"SC";101;223;"PALHOCA";"Trafegar com motocicleta (ou similar) entre as faixas";"Colisão traseira";"Com Vítimas Feridas";"Anoitecer";"Decrescente";"Nublado";"Dupla";"Reta";"Não";2;0;1;0;0;1;1;2;-27,71552634;-48,64881251;"SPRF-SC";"DEL01-SC";"UOP02-DEL01-SC"
508710;2023-03-05;"domingo";"18:10:00";"RJ";40;119;"DUQUE DE CAXIAS";"Reação tardia ou ineficiente do condutor";"Saída de leito carroçável";"Com Vítimas Feridas";"Plena Noite";"Decrescente";"Céu Claro";"Múltipla";"Reta";"Sim";6;0;6;0;0;0;6;1;-22,76375592;-43,28683062;"SPRF-RJ";"DEL01-RJ";"UOP01-DEL01-RJ"
508711;2023-03-05;"domingo";"17:55:00";"PR";469;19;"FOZ DO IGUACU";"Animais na Pista";"Atropelamento de Animal";"Com Vítimas Feridas";"Pleno dia";"Decrescente";"Céu Claro";"Simples";"Reta";"Sim";3;0;3;0;0;0;3;3;-25,6015;-54,5021;"SPRF-PR";"DEL05-PR";"UOP04-DEL05-PR"
508712;2023-03-05;"domingo";"10:00:00";"RS";290;554;"ALEGRETE";"Demais falhas mecânicas ou elétricas";"Capotamento";"Com Vítimas Feridas";"Pleno dia";"Decrescente";"Céu Claro";"Simples";"Curva;Declive";"Não";3;0;3;0;0;0;3;1;-29,914955;-55,543362;"SPRF-RS";"DEL13-RS";"UOP02-DEL13-RS"
508713;2023-03-05;"domingo";"18:00:00";"RJ";393;282;"VOLTA REDONDA";"Condutor deixou de manter distância do veículo da frente";"Tombamento";"Com Vítimas Feridas";"Anoitecer";"Crescente";"Nublado";"Simples";"Reta";"Sim";1;0;1;0;0;0;1;1;-22,48082784;-44,04047201;"SPRF-RJ";"DEL05-RJ";"UOP04-DEL05-RJ"
508714;2023-03-05;"domingo";"16:00:00";"SC";282;66,3;"RANCHO QUEIMADO";"Pista Escorregadia";"Saída de leito carroçável";"Com Vítimas Feridas";"Pleno dia";"Crescente";"Garoa/Chuvisco";"Simples";"Curva";"Não";3;0;2;0;1;0;2;1;-27,699602;-49,062912;"SPRF-SC";"DEL01-SC";"UOP03-DEL01-SC"
508715;2023-03-05;"domingo";"16:25:00";"SC";101;286;"IMBITUBA";"Avarias e/ou desgaste excessivo no pneu";"Tombamento";"Com Vítimas Feridas";"Pleno dia";"Crescente";"Nublado";"Dupla";"Reta";"Não";2;0;1;1;0;0;2;1;-28,255409;-48,703402;"SPRF-SC";"DEL02-SC";"UOP03-DEL02-SC"
508717;2023-03-05;"domingo";"19:00:00";"PE";232;145;"SAO CAITANO";"Transitar na contramão";"Colisão lateral sentido oposto";"Com Vítimas Feridas";"Plena Noite";"Decrescente";"Céu Claro";"Dupla";"Reta";"Sim";2;0;0;1;1;0;1;2;-8,32868;-36,120811;"SPRF-PE";"DEL03-PE";"UOP02-DEL03-PE"
508718;2023-03-05;"domingo";"16:30:00";"MT";364;179;"PEDRA PRETA";"Manobra de mudança de faixa";"Colisão traseira";"Com Vítimas Feridas";"Pleno dia";"Crescente";"Céu Claro";"Simples";"Aclive;Reta";"Não";3;0;1;0;2;0;1;2;-16,60295123;-54,48278902;"SPRF-MT";"DEL02-MT";"UOP01-DEL02-MT"
508721;2023-03-05;"domingo";"18:45:00";"PE";423;112;"PARANATAMA";"Ausência de reação do condutor";"Colisão traseira";"Com Vítimas Feridas";"Plena Noite";"Crescente";"Céu Claro";"Simples";"Reta";"Não";2;0;1;0;1;0;1;2;-8,89529604;-36,62527899;"SPRF-PE";"DEL03-PE";"UOP01-DEL03-PE"
508722;2023-03-05;"domingo";"18:30:00";"SP";153;330,9;"SALTO GRANDE";"Ingestão de álcool e/ou substâncias psicoativas pelo pedestre";"Saída de leito carroçável";"Com Vítimas Feridas";"Anoitecer";"Crescente";"Nublado";"Simples";"Reta;Declive";"Sim";2;0;2;0;0;0;2;1;-22,853448;-49,88959919;"SPRF-SP";"DEL07-SP";"UOP03-DEL07-SP"
508723;2023-03-05;"domingo";"18:15:00";"RJ";40;119;"DUQUE DE CAXIAS";"Trafegar com motocicleta (ou similar) entre as faixas";"Colisão lateral mesmo sentido";"Com Vítimas Feridas";"Anoitecer";"Decrescente";"Céu Claro";"Múltipla";"Reta";"Sim";3;0;1;0;2;0;1;3;-22,76375592;-43,28683062;"SPRF-RJ";"DEL01-RJ";"UOP01-DEL01-RJ"
508724;2023-03-05;"domingo";"17:10:00";"RJ";40;79;"PETROPOLIS";"Velocidade Incompatível";"Queda de ocupante de veículo";"Com Vítimas Feridas";"Pleno dia";"Crescente";"Nublado";"Simples";"Curva";"Não";1;0;1;0;0;0;1;1;-22,49130098;-43,22294163;"SPRF-RJ";"DEL06-RJ";"UOP01-DEL06-RJ"
508725;2023-03-05;"domingo";"15:40:00";"SC";470;29;"GASPAR";"Ausência de reação do condutor";"Capotamento";"Com Vítimas Feridas";"Pleno dia";"Crescente";"Garoa/Chuvisco";"Simples";"Reta";"Não";3;0;3;0;0;0;3;1;-26,89362;-48,903973;"SPRF-SC";"DEL04-SC";"UOP01-DEL04-SC"
508726;2023-03-05;"domingo";"16:15:00";"SC";470;58;"BLUMENAU";"Transitar na contramão";"Colisão frontal";"Com Vítimas Feridas";"Pleno dia";"Crescente";"Garoa/Chuvisco";"Simples";"Rotatória";"Não";3;0;1;0;2;0;1;2;-26,883879;-49,145622;"SPRF-SC";"DEL04-SC";"UOP01-DEL04-SC"
508729;2023-03-05;"domingo";"18:25:00";"RJ";101;470,1;"ANGRA DOS REIS";"Entrada inopinada do pedestre";"Atropelamento de Pedestre";"Com Vítimas Feridas";"Anoitecer";"Crescente";"Nublado";"Simples";"Reta";"Sim";2;0;2;0;0;0;2;2;-23,00449069;-44,23018456;"SPRF-RJ";"DEL03-RJ";"UOP03-DEL03-RJ"
508730;2023-03-05;"domingo";"19:00:00";"RJ";101;491;"ANGRA DOS REIS";"Chuva";"Colisão frontal";"Com Vítimas Feridas";"Plena Noite";"Crescente";"Chuva";"Simples";"Curva";"Não";5;0;5;0;0;0;5;2;-22,95442983;-44,32193004;"SPRF-RJ";"DEL03-RJ";"UOP03-DEL03-RJ"
508732;2023-03-05;"domingo";"18:30:00";"SC";282;167;"BOCAINA DO SUL";"Animais na Pista";"Atropelamento de Animal";"Com Vítimas Feridas";"Plena Noite";"Crescente";"Céu Claro";"Simples";"Interseção de Vias";"Sim";1;0;1;0;0;0;1;1;-27,748844;-49,817348;"SPRF-SC";"DEL05-SC";"UOP01-DEL05-SC"
508733;2023-03-05;"domingo";"18:00:00";"RS";386;434,3;"NOVA SANTA RITA";"Acessar a via sem observar a presença dos outros veículos";"Colisão transversal";"Com Vítimas Feridas";"Anoitecer";"Decrescente";"Céu Claro";"Dupla";"Reta";"Não";7;0;1;0;6;0;1;2;-29,84823758;-51,27130508;"SPRF-RS";"DEL01-RS";"UOP01-DEL01-RS"
508734;2023-03-05;"domingo";"19:00:00";"PR";376;631;"SAO JOSE DOS PINHAIS";"Transitar na calçada";"Atropelamento de Pedestre";"Com Vítimas Feridas";"Plena Noite";"Decrescente";"Céu Claro";"Dupla";"Reta";"Não";2;0;0;1;0;1;1;2;-25,70434399;-49,14198595;"SPRF-PR";"DEL01-PR";"UOP04-DEL01-PR"
508735;2023-03-05;"domingo";"17:45:00";"SP";101;49,9;"UBATUBA";"Acessar a via sem observar a presença dos outros veículos";"Colisão transversal";"Com Vítimas Feridas";"Anoitecer";"Decrescente";"Chuva";"Simples";"Reta";"Sim";2;0;1;0;1;0;1;2;-23,44887662;-45,07882476;"SPRF-SP";"DEL06-SP";"UOP01-DEL06-SP"
508736;2023-03-05;"domingo";"20:20:00";"SP";116;216;"GUARULHOS";"Reação tardia ou ineficiente do condutor";"Colisão traseira";"Sem Vítimas";"Plena Noite";"Decrescente";"Garoa/Chuvisco";"Dupla";"Aclive";"Sim";2;0;0;0;2;0;0;2;-23,45056589;-46,46258105;"SPRF-SP";"DEL01-SP";"UOP01-DEL01-SP"
508738;2023-03-05;"domingo";"19:10:00";"SC";101;152;"PORTO BELO";"Ausência de reação do condutor";"Colisão traseira";"Sem Vítimas";"Plena Noite";"Decrescente";"Nublado";"Dupla";"Reta";"Sim";3;0;0;0;3;0;0;3;-27,13563503;-48,61004665;"SPRF-SC";"DEL04-SC";"UOP03-DEL04-SC"
508741;2023-03-05;"domingo";"19:30:00";"PE";423;98;"GARANHUNS";"Transitar na contramão";"Colisão lateral sentido oposto";"Sem Vítimas";"Plena Noite";"Crescente";"Céu Claro";"Simples";"Declive";"Não";2;0;0;0;1;1;0;2;-8,87617488;-36,50363499;"SPRF-PE";"DEL03-PE";"UOP01-DEL03-PE"
508742;2023-03-05;"domingo";"20:30:00";"SC";101;128;"ITAJAI";"Acessar a via sem observar a presença dos outros veículos";"Colisão transversal";"Com Vítimas Feridas";"Plena Noite";"Decrescente";"Céu Claro";"Dupla";"Reta";"Não";2;0;1;0;1;0;1;2;-26,97284292;-48,68299451;"SPRF-SC";"DEL04-SC";"UOP04-DEL04-SC"