"id";"data_inversa";"dia_semana";"horario";"uf";"br";"km";"municipio";"causa_acidente";"tipo_acidente";"classificacao_acidente";"fase_dia";"sentido_via";"condicao_metereologica";"tipo_pista";"tracado_via";"uso_solo";"pessoas";"mortos";"feridos_leves";"feridos_graves";"ilesos";"ignorados";"feridos";"veiculos";"latitude";"longitude";"regional";"delegacia";"uop"
508852;2023-03-04;"sábado";"11:03:00";"SC";101;440;"SANTA ROSA DO SUL";"Demais falhas mecânicas ou elétricas";"Incêndio";"Sem Vítimas";"Pleno dia";"Crescente";"Céu Claro";"Múltipla";"Reta";"Não";5;0;0;0;5;0;0;1;-29,127841;-49,680277;"SPRF-SC";"DEL02-SC";"UOP02-DEL02-SC"
508853;2023-02-12;"domingo";"21:10:00";"MA";222;520,9;"BURITICUPU";"Ultrapassagem Indevida";"Colisão traseira";"Sem Vítimas";"Plena Noite";"Crescente";"Céu Claro";"Simples";"Aclive;Reta";"Sim";4;0;0;0;0;4;0;4;-4,3262;-46,438995;"SPRF-MA";"DEL02-MA";"UOP01-DEL02-MA"
508854;2023-03-06;"segunda-feira";"12:00:00";"MS";376;74;"DEODAPOLIS";"Reação tardia ou ineficiente do condutor";"Saída de leito carroçável";"Com Vítimas Feridas";"Pleno dia";"Crescente";"Céu Claro";"Simples";"Reta;Declive";"Não";1;0;0;1;0;0;1;1;-22,34378098;-54,19768004;"SPRF-MS";"DEL04-MS";"UOP04-DEL04-MS"
508855;2023-03-06;"segunda-feira";"12:40:00";"RN";101;105,8;"PARNAMIRIM";"Demais falhas mecânicas ou elétricas";"Tombamento";"Com Vítimas Feridas";"Pleno dia";"Decrescente";"Céu Claro";"Múltipla";"Viaduto";"Sim";2;0;2;0;0;0;2;1;-5,90165196;-35,25928517;"SPRF-RN";"DEL01-RN";"UOP01-DEL01-RN"
508856;2023-03-06;"segunda-feira";"13:14:00";"DF";20;14,5;"BRASILIA";"Acessar a via sem observar a presença dos outros veículos";"Colisão traseira";"Com Vítimas Feridas";"Pleno dia";"Crescente";"Céu Claro";"Dupla";"Reta;Declive";"Não";2;0;0;1;1;0;1;2;-15,634938;-47,741241;"SPRF-DF";"DEL02-DF";"UOP01-DEL02-DF"
508857;2023-03-06;"segunda-feira";"13:50:00";"RN";406;166;"SAO GONCALO DO AMARANTE";"Reação tardia ou ineficiente do condutor";"Colisão traseira";"Com Vítimas Feridas";"Pleno dia";"Decrescente";"Céu Claro";"Dupla";"Reta;Declive";"Não";5;0;2;0;3;0;2;4;-5,7466896;-35,33149685;"SPRF-RN";"DEL02-RN";"UOP01-DEL02-RN"
508858;2023-03-06;"segunda-feira";"12:45:00";"SC";470;11;"NAVEGANTES";"Acessar a via sem observar a presença dos outros veículos";"Colisão transversal";"Sem Vítimas";"Pleno dia";"Decrescente";"Céu Claro";"Simples";"Reta";"Não";2;0;0;0;1;1;0;2;-26,834309;-48,747269;"SPRF-SC";"DEL04-SC";"UOP04-DEL04-SC"
508860;2023-03-06;"segunda-feira";"13:45:00";"RS";116;267;"CANOAS";"Reação tardia ou ineficiente do condutor";"Colisão com objeto";"Sem Vítimas";"Pleno dia";"Decrescente";"Chuva";"Dupla";"Reta";"Sim";2;0;0;0;2;0;0;1;-29,94142398;-51,17697062;"SPRF-RS";"DEL01-RS";"UOP01-DEL01-RS"
508861;2023-03-06;"segunda-feira";"13:05:00";"BA";324;516;"FEIRA DE SANTANA";"Condutor desrespeitou a iluminação vermelha do semáforo";"Colisão frontal";"Com Vítimas Feridas";"Pleno dia";"Decrescente";"Céu Claro";"Simples";"Declive;Interseção de Vias;Reta";"Sim";2;0;0;1;1;0;1;2;-12,2417119;-38,93768485;"SPRF-BA";"DEL02-BA";"UOP01-DEL02-BA"
508864;2023-03-06;"segunda-feira";"14:00:00";"RS";386;17,8;"FREDERICO WESTPHALEN";"Ausência de reação do condutor";"Saída de leito carroçável";"Com Vítimas Fatais";"Pleno dia";"Crescente";"Sol";"Simples";"Curva";"Sim";1;1;0;0;0;0;0;1;-27,250019;-53,342196;"SPRF-RS";"DEL08-RS";"UOP02-DEL08-RS"
508865;2023-03-06;"segunda-feira";"14:30:00";"SP";116;222;"GUARULHOS";"Velocidade Incompatível";"Colisão traseira";"Com Vítimas Feridas";"Pleno dia";"Decrescente";"Céu Claro";"Dupla";"Reta";"Sim";2;0;1;0;1;0;1;2;-23,47093408;-46,51631097;"SPRF-SP";"DEL01-SP";"UOP01-DEL01-SP"
508867;2023-03-06;"segunda-feira";"09:40:00";"MA";222;415;"SANTA LUZIA";"Acessar a via sem observar a presença dos outros veículos";"Colisão transversal";"Sem Vítimas";"Pleno dia";"Decrescente";"Sol";"Simples";"Aclive;Reta";"Não";2;0;0;0;2;0;0;2;-4,00081276;-45,71634314;"SPRF-MA";"DEL02-MA";"UOP01-DEL02-MA"
508876;2023-03-06;"segunda-feira";"15:50:00";"RS";101;54,6;"MAQUINE";"Chuva";"Saída de leito carroçável";"Sem Vítimas";"Pleno dia";"Decrescente";"Chuva";"Dupla";"Rotatória";"Sim";2;0;0;0;2;0;0;1;-29,64284567;-50,10844946;"SPRF-RS";"DEL03-RS";"UOP02-DEL03-RS"
508877;2023-03-06;"segunda-feira";"13:50:00";"PR";376;324,9;"ORTIGUEIRA";"Avarias e/ou desgaste excessivo no pneu";"Saída de leito carroçável";"Com Vítimas Feridas";"Pleno dia";"Crescente";"Chuva";"Simples";"Reta";"Não";1;0;1;0;0;0;1;1;-24,08335501;-51,05936802;"SPRF-PR";"DEL07-PR";"UOP02-DEL07-PR"
508878;2023-03-06;"segunda-feira";"16:15:00";"SP";153;62;"SAO JOSE DO RIO PRETO";"Reação tardia ou ineficiente do condutor";"Colisão traseira";"Com Vítimas Feridas";"Pleno dia";"Crescente";"Céu Claro";"Dupla";"Aclive;Reta";"Sim";2;0;1;0;1;0;1;2;-20,81325404;-49,35675563;"SPRF-SP";"DEL09-SP";"UOP01-DEL09-SP"
508882;2023-03-06;"segunda-feira";"16:30:00";"SC";101;228,9;"PALHOCA";"Demais falhas mecânicas ou elétricas";"Tombamento";"Com Vítimas Feridas";"Pleno dia";"Crescente";"Nublado";"Dupla";"Aclive;Curva";"Não";1;0;1;0;0;0;1;1;-27,7597249;-48,63078869;"SPRF-SC";"DEL01-SC";"UOP02-DEL01-SC"
508883;2023-03-06;"segunda-feira";"14:35:00";"RJ";116;215;"SEROPEDICA";"Ausência de reação do condutor";"Queda de ocupante de veículo";"Com Vítimas Feridas";"Pleno dia";"Crescente";"Céu Claro";"Dupla";"Reta";"Não";1;0;1;0;0;0;1;1;-22,71145119;-43,73551849;"SPRF-RJ";"DEL01-RJ";"UOP03-DEL01-RJ"
508884;2023-03-06;"segunda-feira";"16:30:00";"PR";376;178,6;"MARINGA";"Acessar a via sem observar a presença dos outros veículos";"Colisão lateral mesmo sentido";"Com Vítimas Feridas";"Pleno dia";"Decrescente";"Céu Claro";"Múltipla";"Reta;Interseção de Vias";"Sim";2;0;1;0;1;0;1;2;-23,4192146;-51,91293985;"SPRF-PR";"DEL09-PR";"UOP01-DEL09-PR"
508885;2023-03-06;"segunda-feira";"16:00:00";"RJ";101;328;"RIO DE JANEIRO";"Reação tardia ou ineficiente do condutor";"Queda de ocupante de veículo";"Com Vítimas Feridas";"Pleno dia";"Decrescente";"Nublado";"Dupla";"Reta";"Sim";1;0;1;0;0;0;1;1;-22,87028692;-43,16579699;"SPRF-RJ";"DEL02-RJ";"UOP01-DEL02-RJ"
508886;2023-03-06;"segunda-feira";"16:40:00";"SP";116;67;"GUARATINGUETA";"Frear bruscamente";"Tombamento";"Com Vítimas Feridas";"Pleno dia";"Crescente";"Céu Claro";"Dupla";"Reta";"Sim";1;0;1;0;0;0;1;1;-22,82867578;-45,2088941;"SPRF-SP";"DEL08-SP";"UOP01-DEL08-SP"
508887;2023-03-06;"segunda-feira";"14:10:00";"MG";365;620;"UBERLANDIA";"Condutor deixou de manter distância do veículo da frente";"Colisão traseira";"Com Vítimas Feridas";"Pleno dia";"Crescente";"Garoa/Chuvisco";"Dupla";"Aclive;Interseção de Vias";"Sim";2;0;1;0;1;0;1;2;-18,90349687;-48,28130603;"SPRF-MG";"DEL15-MG";"UOP01-DEL15-MG"
508893;2023-03-03;"sexta-feira";"06:50:00";"RJ";393;133;"SAPUCAIA";"Condutor deixou de manter distância do veículo da frente";"Colisão transversal";"Com Vítimas Feridas";"Pleno dia";"Decrescente";"Céu Claro";"Simples";"Reta";"Sim";2;0;1;0;0;1;1;2;-22,000036;-42,92672189;"SPRF-RJ";"DEL05-RJ";"UOP01-DEL05-RJ"
508894;2023-03-06;"segunda-feira";"14:30:00";"AC";317;264,2;"EPITACIOLANDIA";"Acumulo de água sobre o pavimento";"Saída de leito carroçável";"Com Vítimas Feridas";"Pleno dia";"Crescente";"Garoa/Chuvisco";"Simples";"Reta;Declive";"Não";1;0;1;0;0;0;1;1;-10,898258;-68,552892;"SPRF-AC";"DEL01-AC";"UOP02-DEL01-AC"
508895;2023-03-06;"segunda-feira";"17:00:00";"SC";470;58,4;"BLUMENAU";"Desrespeitar a preferência no cruzamento";"Colisão transversal";"Com Vítimas Feridas";"Pleno dia";"Decrescente";"Nublado";"Simples";"Aclive;Interseção de Vias";"Sim";3;0;1;0;2;0;1;2;-26,88406706;-49,15098667;"SPRF-SC";"DEL04-SC";"UOP01-DEL04-SC"
508896;2023-03-06;"segunda-feira";"16:00:00";"GO";364;386;"SANTA RITA DO ARAGUAIA";"Manobra de mudança de faixa";"Queda de ocupante de veículo";"Com Vítimas Feridas";"Pleno dia";"Decrescente";"Céu Claro";"Dupla";"Aclive";"Sim";1;0;1;0;0;0;1;1;-17,329039;-53,203724;"SPRF-GO";"DEL05-GO";"UOP01-DEL05-GO"
508897;2023-03-06;"segunda-feira";"17:30:00";"PR";116;81;"PIRAQUARA";"Avarias e/ou desgaste excessivo no pneu";"Tombamento";"Com Vítimas Feridas";"Pleno dia";"Crescente";"Nublado";"Dupla";"Reta";"Não";2;0;1;0;1;0;1;1;-25,42599205;-49,07742685;"SPRF-PR";"DEL01-PR";"UOP07-DEL01-PR"
508898;2023-03-06;"segunda-feira";"17:40:00";"SP";116;271;"TABOAO DA SERRA";"Trafegar com motocicleta (ou similar) entre as faixas";"Colisão lateral mesmo sentido";"Com Vítimas Feridas";"Pleno dia";"Decrescente";"Céu Claro";"Múltipla";"Reta";"Sim";3;0;1;0;2;0;1;3;-23,61809286;-46,80556302;"SPRF-SP";"DEL04-SP";"UOP01-DEL04-SP"
508899;2023-03-06;"segunda-feira";"18:05:00";"SC";101;199,2;"BIGUACU";"Acessar a via sem observar a presença dos outros veículos";"Colisão frontal";"Com Vítimas Feridas";"Plena Noite";"Crescente";"Nublado";"Múltipla";"Reta";"Sim";2;0;1;0;1;0;1;2;-27,53413705;-48,63003205;"SPRF-SC";"DEL01-SC";"UOP01-DEL01-SC"
508901;2023-03-06;"segunda-feira";"16:50:00";"RN";304;26;"MOSSORO";"Ultrapassagem Indevida";"Colisão lateral mesmo sentido";"Com Vítimas Feridas";"Pleno dia";"Decrescente";"Céu Claro";"Simples";"Reta";"Não";1;0;1;0;0;0;1;1;-5,08165;-37,33349;"SPRF-RN";"DEL04-RN";"UOP02-DEL04-RN"
508903;2023-03-06;"segunda-feira";"18:25:00";"PE";232;48;"VITORIA DE SANTO ANTAO";"Reação tardia ou ineficiente do condutor";"Colisão com objeto";"Sem Vítimas";"Plena Noite";"Decrescente";"Nublado";"Dupla";"Ponte;Reta";"Não";2;0;0;0;0;2;0;1;-8,143695;-35,310229;"SPRF-PE";"DEL01-PE";"UOP01-DEL01-PE"
508905;2023-03-06;"segunda-feira";"14:40:00";"PB";230;49,7;"SANTA RITA";"Manobra de mudança de faixa";"Saída de leito carroçável";"Com Vítimas Feridas";"Pleno dia";"Decrescente";"Céu Claro";"Dupla";"Reta";"Não";1;0;1;0;0;0;1;1;-7,18370156;-35,05320311;"SPRF-PB";"DEL01-PB";"UOP03-DEL01-PB"
508906;2023-03-06;"segunda-feira";"18:30:00";"PR";369;157;"LONDRINA";"Trafegar com motocicleta (ou similar) entre as faixas";"Colisão traseira";"Com Vítimas Feridas";"Anoitecer";"Decrescente";"Céu Claro";"Dupla";"Reta";"Sim";2;0;1;0;1;0;1;2;-23,29067726;-51,21936679;"SPRF-PR";"DEL07-PR";"UOP01-DEL07-PR"
508907;2023-02-26;"domingo";"14:20:00";"PR";376;256,9;"CALIFORNIA";"Condutor deixou de manter distância do veículo da frente";"Colisão traseira";"Com Vítimas Feridas";"Pleno dia";"Decrescente";"Céu Claro";"Simples";"Reta";"Sim";6;0;1;0;5;0;1;2;-23,6622894;-51,36670053;"SPRF-PR";"DEL07-PR";"UOP03-DEL07-PR"
508908;2023-03-06;"segunda-feira";"18:45:00";"PR";116;10;"COLOMBO";"Ingestão de álcool pelo condutor";"Queda de ocupante de veículo";"Com Vítimas Feridas";"Anoitecer";"Decrescente";"Nublado";"Dupla";"Reta;Declive";"Sim";1;0;1;0;0;0;1;1;-25,37156018;-49,12948608;"SPRF-PR";"DEL01-PR";"UOP02-DEL01-PR"
508909;2023-03-06;"segunda-feira";"18:00:00";"PE";101;45,1;"IGARASSU";"Pedestre cruzava a pista fora da faixa";"Atropelamento de Pedestre";"Com Vítimas Feridas";"Plena Noite";"Decrescente";"Céu Claro";"Múltipla";"Reta";"Sim";2;0;0;1;0;1;1;2;-7,86521297;-34,90715176;"SPRF-PE";"DEL01-PE";"UOP02-DEL01-PE"
508910;2023-03-06;"segunda-feira";"07:25:00";"RJ";101;316;"SAO GONCALO";"Ausência de reação do condutor";"Colisão lateral mesmo sentido";"Com Vítimas Feridas";"Pleno dia";"Crescente";"Céu Claro";"Dupla";"Reta";"Sim";3;0;1;0;2;0;1;2;-22,82835879;-43,09208739;"SPRF-RJ";"DEL02-RJ";"UOP02-DEL02-RJ"
508911;2023-03-06;"segunda-feira";"18:55:00";"RJ";101;66;"CAMPOS DOS GOYTACAZES";"Reação tardia ou ineficiente do condutor";"Colisão traseira";"Com Vítimas Feridas";"Plena Noite";"Decrescente";"Céu Claro";"Simples";"Reta";"Sim";2;0;1;0;1;0;1;2;-21,761999;-41,34751;"SPRF-RJ";"DEL08-RJ";"UOP02-DEL08-RJ"
508912;2023-03-06;"segunda-feira";"17:10:00";"RJ";101;296;"ITABORAI";"Trafegar com motocicleta (ou similar) entre as faixas";"Tombamento";"Com Vítimas Feridas";"Pleno dia";"Crescente";"Sol";"Dupla";"Curva";"Sim";2;0;1;0;1;0;1;2;-22,7670498;-42,91019601;"SPRF-RJ";"DEL02-RJ";"UOP02-DEL02-RJ"
508913;2023-03-06;"segunda-feira";"17:40:00";"SC";101;384,3;"ICARA";"Chuva";"Saída de leito carroçável";"Com Vítimas Feridas";"Pleno dia";"Crescente";"Chuva";"Dupla";"Reta;Declive";"Não";1;0;1;0;0;0;1;1;-28,76851141;-49,3025538;"SPRF-SC";"DEL02-SC";"UOP02-DEL02-SC"
508914;2023-03-06;"segunda-feira";"18:50:00";"PE";232;29;"MORENO";"Ausência de reação do condutor";"Colisão com objeto";"Com Vítimas Feridas";"Plena Noite";"Decrescente";"Céu Claro";"Dupla";"Reta";"Não";4;0;2;0;2;0;2;3;-8,111269;-35,143135;"SPRF-PE";"DEL01-PE";"UOP01-DEL01-PE"
508915;2023-03-06;"segunda-feira";"18:20:00";"GO";60;43,9;"ALEXANIA";"Pedestre cruzava a pista fora da faixa";"Atropelamento de Pedestre";"Com Vítimas Fatais";"Anoitecer";"Crescente";"Céu Claro";"Dupla";"Reta";"Sim";2;1;0;0;1;0;0;2;-16,123389;-48,592418;"SPRF-GO";"DEL02-GO";"UOP01-DEL02-GO"
508916;2023-03-06;"segunda-feira";"18:00:00";"RJ";101;72;"CAMPOS DOS GOYTACAZES";"Avarias e/ou desgaste excessivo no pneu";"Queda de ocupante de veículo";"Com Vítimas Feridas";"Anoitecer";"Crescente";"Céu Claro";"Simples";"Reta";"Não";2;0;2;0;0;0;2;1;-21,79172802;-41,38837798;"SPRF-RJ";"DEL08-RJ";"UOP02-DEL08-RJ"
508918;2023-03-06;"segunda-feira";"19:48:00";"GO";153;264;"NOVA GLORIA";"Frear bruscamente";"Capotamento";"Com Vítimas Feridas";"Anoitecer";"Decrescente";"Céu Claro";"Simples";"Reta";"Não";1;0;1;0;0;0;1;1;-15,02369;-49,426846;"SPRF-GO";"DEL07-GO";"UOP02-DEL07-GO"
508919;2023-03-06;"segunda-feira";"19:05:00";"MS";262;322,8;"CAMPO GRANDE";"Ultrapassagem Indevida";"Colisão frontal";"Com Vítimas Fatais";"Plena Noite";"Crescente";"Céu Claro";"Simples";"Reta";"Não";5;1;0;0;4;0;0;3;-20,46939065;-54,49645699;"SPRF-MS";"DEL01-MS";"UOP01-DEL01-MS"
508921;2023-03-06;"segunda-feira";"18:50:00";"RJ";40;65;"PETROPOLIS";"Pedestre cruzava a pista fora da faixa";"Atropelamento de Pedestre";"Com Vítimas Fatais";"Plena Noite";"Crescente";"Nublado";"Dupla";"Reta";"Não";2;1;0;0;1;0;0;2;-22,429904;-43,167243;"SPRF-RJ";"DEL06-RJ";"UOP01-DEL06-RJ"
508922;2023-03-06;"segunda-feira";"17:50:00";"RJ";40;97;"DUQUE DE CAXIAS";"Pista Escorregadia";"Queda de ocupante de veículo";"Com Vítimas Feridas";"Plena Noite";"Decrescente";"Céu Claro";"Simples";"Curva";"Não";1;0;1;0;0;0;1;1;-22,57356181;-43,27802893;"SPRF-RJ";"DEL01-RJ";"UOP01-DEL01-RJ"
508923;2023-02-14;"terça-feira";"08:50:00";"ES";101;258,4;"SERRA";"Acessar a via sem observar a presença dos outros veículos";"Queda de ocupante de veículo";"Com Vítimas Feridas";"Pleno dia";"Decrescente";"Céu Claro";"Dupla";"Retorno Regulamentado";"Não";1;0;0;1;0;0;1;1;-20,12776952;-40,29944127;"SPRF-ES";"DEL02-ES";"UOP01-DEL02-ES"
508924;2023-03-06;"segunda-feira";"19:50:00";"RJ";116;172;"SAO JOAO DE MERITI";"Trafegar com motocicleta (ou similar) entre as faixas";"Colisão lateral mesmo sentido";"Com Vítimas Feridas";"Plena Noite";"Crescente";"Céu Claro";"Múltipla";"Reta";"Sim";3;0;1;0;2;0;1;2;-22,80188151;-43,35043673;"SPRF-RJ";"DEL01-RJ";"UOP02-DEL01-RJ"
508925;2023-03-06;"segunda-feira";"19:30:00";"DF";80;24;"BRASILIA";"Condutor Dormindo";"Colisão com objeto";"Com Vítimas Feridas";"Plena Noite";"Crescente";"Céu Claro";"Simples";"Reta";"Não";2;0;2;0;0;0;2;1;-15,630569;-48,199944;"SPRF-DF";"DEL03-DF";"UOP02-DEL03-DF"
508926;2023-03-06;"segunda-feira";"18:50:00";"TO";153;351;"GUARAI";"Reação tardia ou ineficiente do condutor";"Colisão traseira";"Com Vítimas Feridas";"Plena Noite";"Crescente";"Céu Claro";"Simples";"Reta;Declive";"Não";4;0;2;0;2;0;2;2;-8,98695198;-48,49979919;"SPRF-TO";"DEL02-TO";"UOP02-DEL02-TO"
508933;2023-03-06;"segunda-feira";"20:45:00";"SC";101;209;"SAO JOSE";"Ausência de reação do condutor";"Engavetamento";"Com Vítimas Feridas";"Plena Noite";"Decrescente";"Chuva";"Dupla";"Reta";"Sim";6;0;1;0;5;0;1;6;-27,61000542;-48,63895057;"SPRF-SC";"DEL01-SC";"UOP01-DEL01-SC"
508934;2023-03-06;"segunda-feira";"18:55:00";"MG";40;40,2;"PARACATU";"Pedestre cruzava a pista fora da faixa";"Atropelamento de Pedestre";"Com Vítimas Feridas";"Plena Noite";"Decrescente";"Chuva";"Simples";"Reta;Declive";"Sim";2;0;0;1;1;0;1;2;-17,21013894;-46,88089301;"SPRF-MG";"DEL14-MG";"UOP01-DEL14-MG"
508935;2023-03-05;"domingo";"02:30:00";"RO";364;686;"CANDEIAS DO JAMARI";"Entrada inopinada do pedestre";"Atropelamento de Pedestre";"Com Vítimas Fatais";"Plena Noite";"Decrescente";"Chuva";"Simples";"Reta";"Não";3;1;0;0;0;2;0;2;-8,79143928;-63,64204697;"SPRF-RO";"DEL01-RO";"UOP01-DEL01-RO"
508937;2023-03-06;"segunda-feira";"21:30:00";"RJ";116;80,1;"TERESOPOLIS";"Reação tardia ou ineficiente do condutor";"Colisão lateral mesmo sentido";"Com Vítimas Feridas";"Plena Noite";"Decrescente";"Céu Claro";"Simples";"Interseção de Vias;Rotatória";"Sim";3;0;1;0;0;2;1;3;-22,39006974;-42,9533628;"SPRF-RJ";"DEL04-RJ";"UOP01-DEL04-RJ"
508939;2023-03-06;"segunda-feira";"18:30:00";"RS";287;520;"SAO BORJA";"Ausência de reação do condutor";"Saída de leito carroçável";"Com Vítimas Feridas";"Pleno dia";"Crescente";"Céu Claro";"Simples";"Reta";"Não";1;0;1;0;0;0;1;1;-28,72442588;-55,85837293;"SPRF-RS";"DEL12-RS";"UOP01-DEL12-RS"
508940;2023-03-06;"segunda-feira";"21:30:00";"PR";376;178,6;"MARINGA";"Retorno proibido";"Colisão transversal";"Com Vítimas Feridas";"Plena Noite";"Crescente";"Céu Claro";"Dupla";"Reta";"Sim";2;0;1;0;1;0;1;2;-23,409788;-51,987453;"SPRF-PR";"DEL09-PR";"UOP01-DEL09-PR"
508941;2023-03-06;"segunda-feira";"14:00:00";"RO";364;970;"PORTO VELHO";"Conversão proibida";"Colisão transversal";"Com Vítimas Feridas";"Pleno dia";"Decrescente";"Céu Claro";"Simples";"Reta";"Não";2;0;0;1;1;0;1;2;-9,65616271;-65,72389011;"SPRF-RO";"DEL01-RO";"UOP03-DEL01-RO"
508942;2023-03-06;"segunda-feira";"19:45:00";"RS";285;174;"LAGOA VERMELHA";"Ausência de reação do condutor";"Saída de leito carroçável";"Com Vítimas Feridas";"Plena Noite";"Crescente";"Nublado";"Simples";"Curva";"Não";2;0;2;0;0;0;2;1;-28,31657314;-51,35771513;"SPRF-RS";"DEL08-RS";"UOP05-DEL08-RS"
508943;2023-03-06;"segunda-feira";"18:30:00";"CE";116;475,2;"MILAGRES";"Ingestão de álcool pelo condutor";"Colisão lateral sentido oposto";"Sem Vítimas";"Plena Noite";"Decrescente";"Céu Claro";"Simples";"Reta";"Sim";2;0;0;0;2;0;0;2;-7,28554236;-38,86591487;"SPRF-CE";"DEL05-CE";"UOP03-DEL05-CE"
508944;2023-03-06;"segunda-feira";"19:30:00";"MG";365;406;"PATOS DE MINAS";"Ausência de reação do condutor";"Saída de leito carroçável";"Sem Vítimas";"Plena Noite";"Decrescente";"Chuva";"Simples";"Reta";"Não";1;0;0;0;1;0;0;1;-18,63902047;-46,49098979;"SPRF-MG";"DEL10-MG";"UOP01-DEL10-MG"
508945;2023-03-06;"segunda-feira";"20:30:00";"PB";110;75,8;"SAO JOSE DE ESPINHARAS";"Animais na Pista";"Atropelamento de Animal";"Com Vítimas Feridas";"Plena Noite";"Decrescente";"Céu Claro";"Simples";"Declive";"Não";1;0;1;0;0;0;1;1;-6,92624;-37,40720096;"SPRF-PB";"DEL03-PB";"UOP01-DEL03-PB"
508946;2023-02-10;"sexta-feira";"06:50:00";"AM";174;954;"MANAUS";"Reação tardia ou ineficiente do condutor";"Saída de leito carroçável";"Com Vítimas Feridas";"Amanhecer";"Crescente";"Nublado";"Simples";"Reta";"Não";1;0;0;1;0;0;1;1;-2,36386195;-60,04188351;"SPRF-AM";"DEL01-AM";"UOP01-DEL01-AM"
508947;2023-03-06;"segunda-feira";"22:28:00";"SP";116;161;"SAO JOSE DOS CAMPOS";"Ausência de reação do condutor";"Tombamento";"Com Vítimas Feridas";"Plena Noite";"Crescente";"Céu Claro";"Simples";"Curva";"Sim";1;0;1;0;0;0;1;1;-23,27617003;-45,97592098;"SPRF-SP";"DEL02-SP";"UOP01-DEL02-SP"
508948;2023-02-18;"sábado";"03:50:00";"RJ";356;175;"SAO JOAO DA BARRA";"Ultrapassagem Indevida";"Colisão transversal";"Com Vítimas Feridas";"Amanhecer";"Decrescente";"Céu Claro";"Simples";"Reta";"Não";4;0;4;0;0;0;4;2;-21,700266;-41,0569;"SPRF-RJ";"DEL08-RJ";"UOP02-DEL08-RJ"
508949;2023-03-06;"segunda-feira";"16:15:00";"SC";101;119;"ITAJAI";"Ausência de reação do condutor";"Engavetamento";"Com Vítimas Feridas";"Pleno dia";"Decrescente";"Nublado";"Dupla";"Reta";"Sim";3;0;2;0;1;0;2;3;-26,9043179;-48,71555481;"SPRF-SC";"DEL04-SC";"UOP04-DEL04-SC"
508951;2023-03-06;"segunda-feira";"05:30:00";"MG";267;50,8;"MARIPA DE MINAS";"Ausência de reação do condutor";"Saída de leito carroçável";"Com Vítimas Fatais";"Amanhecer";"Decrescente";"Ignorado";"Simples";"Curva";"Não";1;1;0;0;0;0;0;1;-21,69577022;-42,98279189;"SPRF-MG";"DEL07-MG";"UOP01-DEL07-MG"
508955;2023-03-06;"segunda-feira";"23:15:00";"SP";116;270,3;"TABOAO DA SERRA";"Acessar a via sem observar a presença dos outros veículos";"Colisão traseira";"Com Vítimas Feridas";"Plena Noite";"Crescente";"Céu Claro";"Dupla";"Reta";"Não";5;0;2;0;3;0;2;3;-23,61799728;-46,79677694;"SPRF-SP";"DEL04-SP";"UOP01-DEL04-SP"
508961;2023-03-06;"segunda-feira";"22:18:00";"GO";153;512;"APARECIDA DE GOIANIA";"Pista Escorregadia";"Queda de ocupante de veículo";"Com Vítimas Feridas";"Plena Noite";"Decrescente";"Céu Claro";"Dupla";"Reta";"Sim";1;0;1;0;0;0;1;1;-16,8156;-49,2402;"SPRF-GO";"DEL01-GO";"UOP03-DEL01-GO"
508962;2023-03-07;"terça-feira";"00:30:00";"BA";135;150;"RIACHAO DAS NEVES";"Animais na Pista";"Atropelamento de Animal";"Com Vítimas Feridas";"Plena Noite";"Crescente";"Céu Claro";"Simples";"Reta";"Não";4;0;1;0;3;0;1;1;-11,93771815;-44,89750167;"SPRF-BA";"DEL08-BA";"UOP04-DEL08-BA"
508965;2023-03-06;"segunda-feira";"23:00:00";"GO";40;39,4;"LUZIANIA";"Pedestre andava na pista";"Atropelamento de Pedestre";"Com Vítimas Fatais";"Plena Noite";"Decrescente";"Chuva";"Dupla";"Curva";"Não";3;1;0;0;1;1;0;2;-16,351712;-47,833443;"SPRF-DF";"DEL01-DF";"UOP02-DEL01-DF"
508967;2023-03-07;"terça-feira";"04:00:00";"MS";262;308;"CAMPO GRANDE";"Condutor Dormindo";"Colisão com objeto";"Com Vítimas Feridas";"Plena Noite";"Decrescente";"Céu Claro";"Simples";"Reta";"Não";5;0;0;1;4;0;1;1;-20,47764575;-54,36280797;"SPRF-MS";"DEL01-MS";"UOP01-DEL01-MS"
508968;2023-03-07;"terça-feira";"04:15:00";"RJ";356;54;"ITAPERUNA";"Ausência de reação do condutor";"Tombamento";"Com Vítimas Feridas";"Amanhecer";"Crescente";"Céu Claro";"Simples";"Reta";"Não";1;0;1;0;0;0;1;1;-21,27393692;-41,74440596;"SPRF-RJ";"DEL08-RJ";"UOP03-DEL08-RJ"
508969;2023-03-07;"terça-feira";"04:47:00";"MG";381;480,6;"CONTAGEM";"Pedestre andava na pista";"Atropelamento de Pedestre";"Com Vítimas Feridas";"Plena Noite";"Decrescente";"Céu Claro";"Múltipla";"Curva";"Sim";2;0;1;0;0;1;1;2;-19,95749597;-44,07899901;"SPRF-MG";"DEL01-MG";"UOP03-DEL01-MG"
508970;2023-03-07;"terça-feira";"05:00:00";"MG";40;562;"NOVA LIMA";"Ausência de reação do condutor";"Saída de leito carroçável";"Com Vítimas Feridas";"Plena Noite";"Decrescente";"Nublado";"Dupla";"Curva";"Sim";1;0;0;1;0;0;1;1;-20,14451602;-43,95966007;"SPRF-MG";"DEL01-MG";"UOP02-DEL01-MG"