"id";"data_inversa";"dia_semana";"horario";"uf";"br";"km";"municipio";"causa_acidente";"tipo_acidente";"classificacao_acidente";"fase_dia";"sentido_via";"condicao_metereologica";"tipo_pista";"tracado_via";"uso_solo";"pessoas";"mortos";"feridos_leves";"feridos_graves";"ilesos";"ignorados";"feridos";"veiculos";"latitude";"longitude";"regional";"delegacia";"uop"
508976;2023-03-07;"terça-feira";"05:30:00";"PE";428;190,8;"PETROLINA";"Condutor desrespeitou a iluminação vermelha do semáforo";"Colisão transversal";"Com Vítimas Feridas";"Amanhecer";"Decrescente";"Céu Claro";"Simples";"Reta;Interseção de Vias;Viaduto";"Sim";3;0;3;0;0;0;3;2;-9,37605965;-40,49382106;"SPRF-PE";"DEL06-PE";"UOP01-DEL06-PE"
508977;2023-03-06;"segunda-feira";"17:20:00";"MG";262;811;"UBERABA";"Avarias e/ou desgaste excessivo no pneu";"Queda de ocupante de veículo";"Sem Vítimas";"Anoitecer";"Crescente";"Céu Claro";"Dupla";"Reta";"Não";1;0;0;0;0;1;0;1;-19,76527861;-48,11638905;"SPRF-MG";"DEL13-MG";"UOP01-DEL13-MG"
508983;2023-03-07;"terça-feira";"07:00:00";"DF";40;0;"BRASILIA";"Condutor deixou de manter distância do veículo da frente";"Colisão traseira";"Com Vítimas Feridas";"Pleno dia";"Decrescente";"Céu Claro";"Dupla";"Reta";"Sim";4;0;3;1;0;0;4;3;-15,976897;-47,990129;"SPRF-DF";"DEL01-DF";"UOP01-DEL01-DF"
508984;2023-03-07;"terça-feira";"05:50:00";"RJ";40;120;"DUQUE DE CAXIAS";"Trafegar com motocicleta (ou similar) entre as faixas";"Colisão lateral mesmo sentido";"Com Vítimas Feridas";"Pleno dia";"Crescente";"Céu Claro";"Múltipla";"Reta";"Não";2;0;1;0;1;0;1;2;-22,77280597;-43,28626763;"SPRF-RJ";"DEL01-RJ";"UOP01-DEL01-RJ"
508986;2023-01-25;"quarta-feira";"15:00:00";"PR";153;335;"IRATI";"Acessar a via sem observar a presença dos outros veículos";"Colisão transversal";"Com Vítimas Feridas";"Pleno dia";"Crescente";"Céu Claro";"Simples";"Reta";"Sim";2;0;1;0;1;0;1;2;-25,493478;-50,646672;"SPRF-PR";"DEL08-PR";"UOP02-DEL08-PR"
508987;2023-03-07;"terça-feira";"07:30:00";"PR";116;115,7;"CURITIBA";"Manobra de mudança de faixa";"Colisão lateral mesmo sentido";"Com Vítimas Feridas";"Pleno dia";"Crescente";"Nublado";"Dupla";"Reta";"Sim";2;0;1;0;1;0;1;2;-25,54951;-49,304398;"SPRF-PR";"DEL01-PR";"UOP03-DEL01-PR"
508989;2023-03-04;"sábado";"04:30:00";"BA";324;613;"SALVADOR";"Ausência de reação do condutor";"Queda de ocupante de veículo";"Com Vítimas Feridas";"Plena Noite";"Crescente";"Céu Claro";"Dupla";"Reta";"Não";1;0;1;0;0;0;1;1;-12,85531601;-38,42055197;"SPRF-BA";"DEL01-BA";"UOP01-DEL01-BA"
508991;2023-03-07;"terça-feira";"07:50:00";"SP";153;95,5;"JACI";"Avarias e/ou desgaste excessivo no pneu";"Tombamento";"Com Vítimas Feridas";"Pleno dia";"Crescente";"Céu Claro";"Simples";"Reta";"Não";2;0;2;0;0;0;2;1;-20,97062;-49,605372;"SPRF-SP";"DEL09-SP";"UOP01-DEL09-SP"
508993;2023-03-07;"terça-feira";"08:20:00";"PR";116;117,4;"CURITIBA";"Manobra de mudança de faixa";"Colisão lateral mesmo sentido";"Com Vítimas Feridas";"Pleno dia";"Decrescente";"Nublado";"Múltipla";"Reta;Aclive";"Sim";3;0;1;0;2;0;1;2;-25,56067;-49,307585;"SPRF-PR";"DEL01-PR";"UOP03-DEL01-PR"
508994;2023-03-07;"terça-feira";"08:00:00";"RS";290;80;"GRAVATAI";"Ausência de reação do condutor";"Tombamento";"Com Vítimas Feridas";"Pleno dia";"Crescente";"Céu Claro";"Múltipla";"Reta";"Sim";1;0;1;0;0;0;1;1;-29,95343;-51,058449;"SPRF-RS";"DEL01-RS";"UOP01-DEL01-RS"
508995;2023-03-07;"terça-feira";"08:40:00";"CE";116;6;"FORTALEZA";"Condutor deixou de manter distância do veículo da frente";"Colisão traseira";"Com Vítimas Feridas";"Pleno dia";"Decrescente";"Nublado";"Dupla";"Reta";"Sim";5;0;2;0;3;0;2;4;-3,80240962;-38,50371307;"SPRF-CE";"DEL01-CE";"UOP02-DEL01-CE"
508999;2023-03-07;"terça-feira";"08:50:00";"RJ";393;177;"PARAIBA DO SUL";"Ultrapassagem Indevida";"Colisão transversal";"Com Vítimas Feridas";"Pleno dia";"Decrescente";"Céu Claro";"Simples";"Reta";"Sim";2;0;1;0;1;0;1;2;-22,13401224;-43,24750341;"SPRF-RJ";"DEL05-RJ";"UOP03-DEL05-RJ"
509000;2023-03-07;"terça-feira";"07:45:00";"PR";476;148;"ARAUCARIA";"Reação tardia ou ineficiente do condutor";"Atropelamento de Pedestre";"Com Vítimas Feridas";"Pleno dia";"Crescente";"Nublado";"Dupla";"Reta";"Sim";2;0;1;0;0;1;1;2;-25,557121;-49,348732;"SPRF-PR";"DEL01-PR";"UOP06-DEL01-PR"
509001;2023-03-07;"terça-feira";"09:30:00";"SP";116;292;"ITAPECERICA DA SERRA";"Reação tardia ou ineficiente do condutor";"Queda de ocupante de veículo";"Com Vítimas Feridas";"Pleno dia";"Crescente";"Céu Claro";"Simples";"Curva";"Não";1;0;1;0;0;0;1;1;-23,74581995;-46,90003027;"SPRF-SP";"DEL04-SP";"UOP01-DEL04-SP"
509002;2023-03-07;"terça-feira";"08:15:00";"GO";40;1;"VALPARAISO DE GOIAS";"Animais na Pista";"Queda de ocupante de veículo";"Com Vítimas Feridas";"Pleno dia";"Decrescente";"Nublado";"Dupla";"Reta";"Sim";1;0;1;0;0;0;1;1;-16,058245;-47,982825;"SPRF-DF";"DEL01-DF";"UOP01-DEL01-DF"
509003;2023-02-27;"segunda-feira";"22:25:00";"SC";280;75;"JARAGUA DO SUL";"Acessar a via sem observar a presença dos outros veículos";"Colisão traseira";"Com Vítimas Feridas";"Plena Noite";"Decrescente";"Chuva";"Simples";"Reta";"Sim";2;0;1;0;1;0;1;2;-26,457142;-49,184509;"SPRF-SC";"DEL03-SC";"UOP03-DEL03-SC"
509006;2023-03-07;"terça-feira";"09:00:00";"SC";101;200,2;"SAO JOSE";"Acessar a via sem observar a presença dos outros veículos";"Colisão transversal";"Com Vítimas Feridas";"Pleno dia";"Crescente";"Nublado";"Múltipla";"Reta";"Sim";2;0;1;0;1;0;1;2;-27,54018513;-48,62287714;"SPRF-SC";"DEL01-SC";"UOP01-DEL01-SC"
509007;2023-03-07;"terça-feira";"08:50:00";"PE";101;153,9;"RIBEIRAO";"Reação tardia ou ineficiente do condutor";"Colisão com objeto";"Com Vítimas Feridas";"Pleno dia";"Decrescente";"Sol";"Dupla";"Curva";"Não";1;0;1;0;0;0;1;1;-8,51960799;-35,38997595;"SPRF-PE";"DEL01-PE";"UOP03-DEL01-PE"
509008;2023-01-24;"terça-feira";"21:30:00";"MG";381;338;"NOVA ERA";"Animais na Pista";"Atropelamento de Animal";"Com Vítimas Feridas";"Plena Noite";"Decrescente";"Ignorado";"Simples";"Curva";"Não";1;0;0;1;0;0;1;1;-19,82924241;-43,0894489;"SPRF-MG";"DEL03-MG";"UOP01-DEL03-MG"
509010;2023-03-07;"terça-feira";"08:50:00";"GO";153;169,9;"CAMPINORTE";"Avarias e/ou desgaste excessivo no pneu";"Tombamento";"Com Vítimas Feridas";"Pleno dia";"Decrescente";"Nublado";"Simples";"Aclive;Reta";"Não";2;0;2;0;0;0;2;1;-14,263661;-49,143294;"SPRF-GO";"DEL07-GO";"UOP02-DEL07-GO"
509012;2023-03-07;"terça-feira";"10:30:00";"RS";158;151,4;"PANAMBI";"Reação tardia ou ineficiente do condutor";"Saída de leito carroçável";"Com Vítimas Feridas";"Pleno dia";"Crescente";"Céu Claro";"Simples";"Viaduto;Reta;Declive";"Não";2;0;1;0;1;0;1;1;-28,2892111;-53,48522027;"SPRF-RS";"DEL10-RS";"UOP02-DEL10-RS"
509013;2023-03-07;"terça-feira";"10:00:00";"BA";116;777;"PLANALTO";"Acessar a via sem observar a presença dos outros veículos";"Colisão transversal";"Com Vítimas Feridas";"Pleno dia";"Crescente";"Céu Claro";"Simples";"Interseção de Vias;Reta";"Sim";3;0;1;0;2;0;1;2;-14,607391;-40,44086601;"SPRF-BA";"DEL08-BA";"UOP02-DEL08-BA"
509016;2023-03-07;"terça-feira";"08:30:00";"SP";459;24;"LORENA";"Manobra de mudança de faixa";"Capotamento";"Com Vítimas Feridas";"Pleno dia";"Crescente";"Céu Claro";"Simples";"Reta;Declive";"Não";1;0;0;1;0;0;1;1;-22,679707;-45,13483;"SPRF-SP";"DEL08-SP";"UOP02-DEL08-SP"
509019;2023-03-07;"terça-feira";"10:45:00";"PR";376;175,4;"MARINGA";"Pedestre cruzava a pista fora da faixa";"Atropelamento de Pedestre";"Com Vítimas Feridas";"Pleno dia";"Crescente";"Sol";"Dupla";"Reta";"Sim";2;0;0;1;1;0;1;2;-23,41306366;-51,94520473;"SPRF-PR";"DEL09-PR";"UOP01-DEL09-PR"
509022;2023-03-07;"terça-feira";"09:00:00";"RO";364;27;"VILHENA";"Acessar a via sem observar a presença dos outros veículos";"Colisão transversal";"Sem Vítimas";"Pleno dia";"Crescente";"Céu Claro";"Simples";"Interseção de Vias;Curva;Aclive";"Não";3;0;0;0;3;0;0;2;-12,7236074;-60,25726302;"SPRF-RO";"DEL04-RO";"UOP01-DEL04-RO"
509027;2023-03-07;"terça-feira";"09:45:00";"MG";365;612;"UBERLANDIA";"Acesso irregular";"Colisão transversal";"Com Vítimas Feridas";"Pleno dia";"Crescente";"Céu Claro";"Simples";"Rotatória";"Sim";2;0;0;2;0;0;2;2;-18,92793854;-48,19198317;"SPRF-MG";"DEL15-MG";"UOP01-DEL15-MG"
509028;2023-02-15;"quarta-feira";"23:10:00";"MA";135;7;"SAO LUIS";"Reação tardia ou ineficiente do condutor";"Colisão traseira";"Sem Vítimas";"Plena Noite";"Decrescente";"Céu Claro";"Dupla";"Curva";"Sim";2;0;0;0;1;1;0;2;-2,63608835;-44,26848552;"SPRF-MA";"DEL01-MA";"UOP01-DEL01-MA"
509031;2023-03-07;"terça-feira";"08:00:00";"PI";343;593;"FLORIANO";"Acessar a via sem observar a presença dos outros veículos";"Colisão transversal";"Com Vítimas Feridas";"Pleno dia";"Crescente";"Céu Claro";"Simples";"Reta";"Sim";2;0;1;1;0;0;2;2;-6,781913;-43,038273;"SPRF-PI";"DEL03-PI";"UOP01-DEL03-PI"
509032;2023-03-07;"terça-feira";"11:20:00";"SC";101;129;"BALNEARIO CAMBORIU";"Reação tardia ou ineficiente do condutor";"Tombamento";"Com Vítimas Feridas";"Pleno dia";"Crescente";"Céu Claro";"Simples";"Reta";"Não";1;0;1;0;0;0;1;1;-26,98064277;-48,6790679;"SPRF-SC";"DEL04-SC";"UOP03-DEL04-SC"
509036;2023-03-04;"sábado";"05:30:00";"SP";116;227;"GUARULHOS";"Velocidade Incompatível";"Queda de ocupante de veículo";"Com Vítimas Fatais";"Plena Noite";"Crescente";"Nublado";"Dupla";"Reta";"Sim";1;1;0;0;0;0;0;1;-23,49659264;-46,55648754;"SPRF-SP";"DEL01-SP";"UOP01-DEL01-SP"
509038;2023-02-26;"domingo";"18:30:00";"PR";476;274;"SAO MATEUS DO SUL";"Reação tardia ou ineficiente do condutor";"Colisão com objeto";"Com Vítimas Feridas";"Anoitecer";"Crescente";"Ignorado";"Simples";"Curva";"Não";1;0;0;1;0;0;1;1;-25,893393;-50,377842;"SPRF-PR";"DEL02-PR";"UOP03-DEL02-PR"
509039;2023-02-04;"sábado";"01:00:00";"MG";40;523,5;"CONTAGEM";"Ingestão de álcool pelo condutor";"Colisão frontal";"Com Vítimas Feridas";"Plena Noite";"Decrescente";"Ignorado";"Dupla";"Curva";"Sim";3;0;0;1;1;1;1;2;-19,86874894;-44,05962197;"SPRF-MG";"DEL01-MG";"UOP02-DEL01-MG"
509040;2023-03-07;"terça-feira";"11:35:00";"RS";116;259;"CANOAS";"Reação tardia ou ineficiente do condutor";"Queda de ocupante de veículo";"Com Vítimas Feridas";"Pleno dia";"Crescente";"Nublado";"Múltipla";"Em Obras;Curva";"Sim";2;0;1;0;0;1;1;2;-29,870408;-51,179909;"SPRF-RS";"DEL01-RS";"UOP02-DEL01-RS"
509041;2023-03-07;"terça-feira";"11:45:00";"SC";280;58;"GUARAMIRIM";"Manobra de mudança de faixa";"Colisão transversal";"Com Vítimas Feridas";"Pleno dia";"Decrescente";"Céu Claro";"Simples";"Rotatória";"Sim";2;0;1;0;1;0;1;2;-26,47415593;-49,021211;"SPRF-SC";"DEL03-SC";"UOP03-DEL03-SC"
509042;2023-03-07;"terça-feira";"12:30:00";"SC";101;115;"ITAJAI";"Acessar a via sem observar a presença dos outros veículos";"Colisão lateral mesmo sentido";"Com Vítimas Feridas";"Pleno dia";"Decrescente";"Céu Claro";"Dupla";"Reta";"Sim";2;0;1;0;1;0;1;2;-26,87064015;-48,72954134;"SPRF-SC";"DEL04-SC";"UOP04-DEL04-SC"
509045;2023-03-07;"terça-feira";"08:30:00";"BA";367;31;"PORTO SEGURO";"Demais falhas mecânicas ou elétricas";"Saída de leito carroçável";"Com Vítimas Feridas";"Pleno dia";"Decrescente";"Céu Claro";"Simples";"Reta";"Não";2;0;1;1;0;0;2;1;-16,41927431;-39,13551087;"SPRF-BA";"DEL09-BA";"UOP03-DEL09-BA"
509047;2023-03-07;"terça-feira";"13:20:00";"RJ";116;183;"NOVA IGUACU";"Trafegar com motocicleta (ou similar) entre as faixas";"Colisão lateral mesmo sentido";"Com Vítimas Feridas";"Pleno dia";"Crescente";"Céu Claro";"Múltipla";"Reta";"Sim";2;0;1;0;1;0;1;2;-22,7516014;-43,43849831;"SPRF-RJ";"DEL01-RJ";"UOP02-DEL01-RJ"
509049;2023-03-07;"terça-feira";"12:20:00";"PR";369;172;"ROLANDIA";"Retorno proibido";"Colisão transversal";"Com Vítimas Feridas";"Pleno dia";"Decrescente";"Nublado";"Simples";"Reta";"Sim";3;0;1;0;2;0;1;2;-23,306542;-51,364259;"SPRF-PR";"DEL07-PR";"UOP01-DEL07-PR"
509053;2023-02-11;"sábado";"19:20:00";"MA";135;47;"BACABEIRA";"Ausência de reação do condutor";"Colisão traseira";"Sem Vítimas";"Plena Noite";"Decrescente";"Céu Claro";"Dupla";"Reta";"Sim";5;0;0;0;4;1;0;2;-2,93871687;-44,33065366;"SPRF-MA";"DEL01-MA";"UOP01-DEL01-MA"
509055;2023-03-07;"terça-feira";"14:15:00";"MG";262;369;"JUATUBA";"Acumulo de água sobre o pavimento";"Saída de leito carroçável";"Sem Vítimas";"Pleno dia";"Decrescente";"Nublado";"Dupla";"Reta";"Sim";2;0;0;0;2;0;0;1;-19,970807;-44,289881;"SPRF-MG";"DEL01-MG";"UOP03-DEL01-MG"
509057;2023-03-07;"terça-feira";"14:20:00";"MG";365;290;"JOAO PINHEIRO";"Reação tardia ou ineficiente do condutor";"Colisão frontal";"Com Vítimas Feridas";"Pleno dia";"Decrescente";"Chuva";"Simples";"Curva";"Não";4;0;1;0;3;0;1;2;-18,09166502;-45,68764388;"SPRF-MG";"DEL10-MG";"UOP01-DEL10-MG"
509058;2023-03-07;"terça-feira";"14:00:00";"PA";230;121;"MARABA";"Acessar a via sem observar a presença dos outros veículos";"Colisão lateral mesmo sentido";"Sem Vítimas";"Pleno dia";"Decrescente";"Sol";"Dupla";"Reta";"Sim";3;0;0;0;2;1;0;3;-5,35297407;-49,12143673;"SPRF-PA";"DEL03-PA";"UOP01-DEL03-PA"
509059;2023-03-07;"terça-feira";"11:30:00";"RJ";493;108;"ITAGUAI";"Reação tardia ou ineficiente do condutor";"Saída de leito carroçável";"Sem Vítimas";"Pleno dia";"Decrescente";"Céu Claro";"Dupla";"Reta";"Não";1;0;0;0;1;0;0;1;-22,7873395;-43,77064705;"SPRF-RJ";"DEL03-RJ";"UOP01-DEL03-RJ"
509062;2023-03-07;"terça-feira";"14:20:00";"PE";101;61;"RECIFE";"Entrada inopinada do pedestre";"Atropelamento de Pedestre";"Com Vítimas Feridas";"Pleno dia";"Decrescente";"Céu Claro";"Múltipla";"Reta";"Não";2;0;1;1;0;0;2;2;-7,99097103;-34,93598295;"SPRF-PE";"DEL01-PE";"UOP02-DEL01-PE"
509064;2023-03-07;"terça-feira";"13:10:00";"GO";60;37;"ALEXANIA";"Demais falhas mecânicas ou elétricas";"Colisão com objeto";"Com Vítimas Feridas";"Pleno dia";"Crescente";"Chuva";"Dupla";"Curva";"Não";3;0;3;0;0;0;3;1;-16,1147;-48,5387;"SPRF-DF";"DEL03-DF";"UOP01-DEL03-DF"
509067;2023-03-07;"terça-feira";"14:58:00";"RJ";101;389;"RIO DE JANEIRO";"Manobra de mudança de faixa";"Colisão traseira";"Com Vítimas Feridas";"Pleno dia";"Decrescente";"Céu Claro";"Dupla";"Reta";"Não";3;0;1;0;2;0;1;2;-22,89077885;-43,66684705;"SPRF-RJ";"DEL03-RJ";"UOP01-DEL03-RJ"
509068;2023-03-07;"terça-feira";"15:00:00";"MG";354;753,1;"ITAMONTE";"Entrada inopinada do pedestre";"Atropelamento de Pedestre";"Com Vítimas Feridas";"Pleno dia";"Crescente";"Nublado";"Simples";"Reta";"Sim";2;0;1;0;1;0;1;2;-22,278039;-44,874046;"SPRF-MG";"DEL17-MG";"UOP01-DEL17-MG"
509069;2023-02-03;"sexta-feira";"20:39:00";"RJ";40;124;"DUQUE DE CAXIAS";"Reação tardia ou ineficiente do condutor";"Colisão traseira";"Com Vítimas Feridas";"Plena Noite";"Decrescente";"Ignorado";"Múltipla";"Reta";"Sim";2;0;1;0;1;0;1;1;-22,807953;-43,289124;"SPRF-RJ";"DEL01-RJ";"UOP01-DEL01-RJ"
509074;2023-03-07;"terça-feira";"15:12:00";"ES";259;51;"COLATINA";"Condutor Dormindo";"Colisão frontal";"Com Vítimas Feridas";"Pleno dia";"Decrescente";"Céu Claro";"Simples";"Curva";"Sim";3;0;1;0;2;0;1;2;-19,50453008;-40,61265703;"SPRF-ES";"DEL02-ES";"UOP01-DEL02-ES"
509075;2023-02-19;"domingo";"12:15:00";"PA";163;992;"SANTAREM";"Manobra de mudança de faixa";"Colisão transversal";"Com Vítimas Feridas";"Pleno dia";"Crescente";"Chuva";"Simples";"Reta";"Sim";4;0;0;1;2;1;1;3;-2,538837;-54,722717;"SPRF-PA";"DEL05-PA";"UOP01-DEL05-PA"
509077;2023-03-07;"terça-feira";"15:00:00";"MG";40;290,3;"TRES MARIAS";"Acumulo de água sobre o pavimento";"Saída de leito carroçável";"Com Vítimas Feridas";"Pleno dia";"Decrescente";"Chuva";"Simples";"Curva;Declive";"Não";1;0;1;0;0;0;1;1;-18,27944872;-45,14476572;"SPRF-MG";"DEL14-MG";"UOP02-DEL14-MG"
509079;2023-03-07;"terça-feira";"15:40:00";"RO";364;519;"ARIQUEMES";"Condutor Dormindo";"Saída de leito carroçável";"Com Vítimas Feridas";"Pleno dia";"Decrescente";"Céu Claro";"Simples";"Reta";"Sim";4;0;1;0;3;0;1;1;-9,88869603;-63,05672846;"SPRF-RO";"DEL03-RO";"UOP01-DEL03-RO"
509081;2023-03-07;"terça-feira";"17:00:00";"BA";324;614;"SALVADOR";"Manobra de mudança de faixa";"Colisão frontal";"Com Vítimas Feridas";"Pleno dia";"Decrescente";"Céu Claro";"Dupla";"Reta";"Não";3;0;1;0;0;2;1;3;-12,8639793;-38,42370126;"SPRF-BA";"DEL01-BA";"UOP01-DEL01-BA"
509082;2023-03-07;"terça-feira";"11:30:00";"PE";232;408;"SERRA TALHADA";"Acessar a via sem observar a presença dos outros veículos";"Colisão transversal";"Com Vítimas Feridas";"Pleno dia";"Crescente";"Céu Claro";"Simples";"Reta";"Sim";2;0;1;0;0;1;1;2;-7,98371447;-38,28047709;"SPRF-PE";"DEL04-PE";"UOP01-DEL04-PE"
509083;2023-03-07;"terça-feira";"15:00:00";"SC";116;23,6;"ITAIOPOLIS";"Velocidade Incompatível";"Saída de leito carroçável";"Com Vítimas Feridas";"Pleno dia";"Decrescente";"Chuva";"Simples";"Curva";"Não";1;0;0;1;0;0;1;1;-26,27750441;-49,92357016;"SPRF-SC";"DEL06-SC";"UOP01-DEL06-SC"
509084;2023-03-07;"terça-feira";"07:35:00";"RJ";101;324;"NITEROI";"Reação tardia ou ineficiente do condutor";"Engavetamento";"Com Vítimas Feridas";"Pleno dia";"Crescente";"Céu Claro";"Múltipla";"Reta";"Não";5;0;2;0;3;0;2;5;-22,87381074;-43,12640997;"SPRF-RJ";"DEL02-RJ";"UOP01-DEL02-RJ"
509085;2023-03-07;"terça-feira";"16:45:00";"SC";280;30,5;"ARAQUARI";"Acessar a via sem observar a presença dos outros veículos";"Colisão transversal";"Com Vítimas Feridas";"Pleno dia";"Decrescente";"Céu Claro";"Simples";"Interseção de Vias";"Não";4;0;2;0;2;0;2;2;-26,4141523;-48,76209493;"SPRF-SC";"DEL03-SC";"UOP03-DEL03-SC"
509086;2023-03-07;"terça-feira";"17:20:00";"MG";40;468,6;"SETE LAGOAS";"Avarias e/ou desgaste excessivo no pneu";"Capotamento";"Com Vítimas Feridas";"Pleno dia";"Decrescente";"Céu Claro";"Dupla";"Reta";"Não";1;0;0;1;0;0;1;1;-19,458252;-44,305777;"SPRF-MG";"DEL02-MG";"UOP01-DEL02-MG"
509087;2023-03-07;"terça-feira";"14:45:00";"MG";356;266,2;"MURIAE";"Acessar a via sem observar a presença dos outros veículos";"Colisão transversal";"Com Vítimas Feridas";"Pleno dia";"Crescente";"Sol";"Simples";"Interseção de Vias;Reta";"Sim";3;0;3;0;0;0;3;2;-21,12845991;-42,3639679;"SPRF-MG";"DEL07-MG";"UOP02-DEL07-MG"
509089;2023-03-07;"terça-feira";"18:00:00";"SC";101;307,8;"LAGUNA";"Reação tardia ou ineficiente do condutor";"Colisão traseira";"Com Vítimas Feridas";"Pleno dia";"Crescente";"Céu Claro";"Simples";"Viaduto;Reta;Interseção de Vias";"Não";4;0;1;0;3;0;1;2;-28,39199505;-48,77826295;"SPRF-SC";"DEL02-SC";"UOP01-DEL02-SC"
509090;2023-03-07;"terça-feira";"17:00:00";"RJ";40;121;"DUQUE DE CAXIAS";"Ausência de reação do condutor";"Queda de ocupante de veículo";"Com Vítimas Feridas";"Pleno dia";"Decrescente";"Céu Claro";"Dupla";"Reta";"Não";2;0;2;0;0;0;2;1;-22,78185499;-43,28571273;"SPRF-RJ";"DEL01-RJ";"UOP01-DEL01-RJ"
509092;2023-03-07;"terça-feira";"18:00:00";"SP";116;278;"EMBU DAS ARTES";"Velocidade Incompatível";"Colisão traseira";"Com Vítimas Feridas";"Pleno dia";"Decrescente";"Nublado";"Dupla";"Reta";"Não";2;0;1;0;1;0;1;2;-23,65508497;-46,84918605;"SPRF-SP";"DEL04-SP";"UOP01-DEL04-SP"
509094;2023-03-07;"terça-feira";"14:45:00";"MT";364;283;"JACIARA";"Chuva";"Saída de leito carroçável";"Sem Vítimas";"Pleno dia";"Decrescente";"Chuva";"Dupla";"Curva";"Não";1;0;0;0;1;0;0;1;-15,91422521;-55,03282318;"SPRF-MT";"DEL05-MT";"UOP02-DEL05-MT"
509095;2023-03-07;"terça-feira";"17:20:00";"PR";373;247;"GUAMIRANGA";"Desrespeitar a preferência no cruzamento";"Colisão transversal";"Sem Vítimas";"Pleno dia";"Decrescente";"Nublado";"Simples";"Reta";"Sim";2;0;0;0;2;0;0;2;-25,19090525;-50,82302001;"SPRF-PR";"DEL03-PR";"UOP01-DEL03-PR"
509096;2023-03-07;"terça-feira";"15:20:00";"MG";262;50,1;"MANHUACU";"Reação tardia ou ineficiente do condutor";"Saída de leito carroçável";"Com Vítimas Feridas";"Pleno dia";"Crescente";"Céu Claro";"Simples";"Curva";"Não";2;0;1;1;0;0;2;1;-20,2428055;-42,13652397;"SPRF-MG";"DEL06-MG";"UOP03-DEL06-MG"
509097;2023-03-07;"terça-feira";"17:45:00";"SC";101;284,9;"IMBITUBA";"Ingestão de álcool pelo condutor";"Colisão com objeto";"Com Vítimas Feridas";"Pleno dia";"Crescente";"Nublado";"Dupla";"Curva";"Não";1;0;0;1;0;0;1;1;-28,237766;-48,700541;"SPRF-SC";"DEL02-SC";"UOP03-DEL02-SC"
509099;2023-03-07;"terça-feira";"18:30:00";"RJ";393;236;"VASSOURAS";"Acessar a via sem observar a presença dos outros veículos";"Colisão transversal";"Com Vítimas Feridas";"Plena Noite";"Crescente";"Céu Claro";"Simples";"Rotatória";"Sim";3;0;1;1;0;1;2;2;-22,41832213;-43,68251497;"SPRF-RJ";"DEL05-RJ";"UOP03-DEL05-RJ"
509100;2023-03-07;"terça-feira";"16:00:00";"BA";101;816;"ITAMARAJU";"Ausência de reação do condutor";"Tombamento";"Com Vítimas Feridas";"Pleno dia";"Crescente";"Céu Claro";"Simples";"Declive;Curva";"Não";1;0;0;1;0;0;1;1;-17,085811;-39,571226;"SPRF-BA";"DEL09-BA";"UOP02-DEL09-BA"
509101;2023-03-07;"terça-feira";"17:00:00";"RO";364;242;"CACOAL";"Acessar a via sem observar a presença dos outros veículos";"Colisão transversal";"Com Vítimas Feridas";"Pleno dia";"Crescente";"Céu Claro";"Simples";"Reta";"Sim";2;0;0;1;1;0;1;2;-11,44084787;-61,48767999;"SPRF-RO";"DEL02-RO";"UOP02-DEL02-RO"
509103;2023-03-07;"terça-feira";"14:10:00";"PI";230;307;"FLORIANO";"Pista esburacada";"Queda de ocupante de veículo";"Com Vítimas Feridas";"Pleno dia";"Crescente";"Sol";"Simples";"Reta";"Sim";1;0;1;0;0;0;1;1;-6,78336862;-42,9985249;"SPRF-PI";"DEL03-PI";"UOP01-DEL03-PI"
509105;2023-03-07;"terça-feira";"19:35:00";"CE";304;53,8;"ARACATI";"Condutor deixou de manter distância do veículo da frente";"Colisão lateral mesmo sentido";"Com Vítimas Feridas";"Plena Noite";"Crescente";"Céu Claro";"Dupla";"Reta";"Sim";2;0;1;0;1;0;1;2;-4,57402355;-37,73636121;"SPRF-CE";"DEL03-CE";"UOP03-DEL03-CE"
509107;2023-03-07;"terça-feira";"16:50:00";"SP";101;51;"UBATUBA";"Manobra de mudança de faixa";"Colisão transversal";"Com Vítimas Feridas";"Pleno dia";"Decrescente";"Céu Claro";"Simples";"Reta";"Sim";2;0;2;0;0;0;2;2;-23,45627795;-45,07111896;"SPRF-SP";"DEL06-SP";"UOP01-DEL06-SP"
509108;2023-03-07;"terça-feira";"17:58:00";"MG";381;707,1;"NEPOMUCENO";"Ausência de reação do condutor";"Colisão com objeto";"Com Vítimas Feridas";"Anoitecer";"Decrescente";"Garoa/Chuvisco";"Dupla";"Declive;Curva";"Não";1;0;1;0;0;0;1;1;-21,36199299;-45,19169583;"SPRF-MG";"DEL04-MG";"UOP02-DEL04-MG"
509109;2023-03-07;"terça-feira";"16:35:00";"RS";468;92,4;"TRES PASSOS";"Ultrapassagem Indevida";"Colisão lateral mesmo sentido";"Com Vítimas Feridas";"Pleno dia";"Crescente";"Céu Claro";"Simples";"Curva";"Não";5;0;1;1;3;0;2;2;-27,51659987;-53,87583733;"SPRF-RS";"DEL08-RS";"UOP02-DEL08-RS"