"id";"data_inversa";"dia_semana";"horario";"uf";"br";"km";"municipio";"causa_acidente";"tipo_acidente";"classificacao_acidente";"fase_dia";"sentido_via";"condicao_metereologica";"tipo_pista";"tracado_via";"uso_solo";"pessoas";"mortos";"feridos_leves";"feridos_graves";"ilesos";"ignorados";"feridos";"veiculos";"latitude";"longitude";"regional";"delegacia";"uop"
509112;2023-03-07;"terça-feira";"19:07:00";"PE";428;93;"SANTA MARIA DA BOA VISTA";"Animais na Pista";"Atropelamento de Animal";"Com Vítimas Fatais";"Plena Noite";"Crescente";"Céu Claro";"Simples";"Reta";"Não";1;1;0;0;0;0;0;1;-8,80609979;-39,90444112;"SPRF-PE";"DEL06-PE";"UOP03-DEL06-PE"
509115;2023-03-07;"terça-feira";"20:02:00";"MG";40;39,8;"PARACATU";"Acessar a via sem observar a presença dos outros veículos";"Colisão transversal";"Com Vítimas Feridas";"Plena Noite";"Crescente";"Chuva";"Simples";"Reta";"Sim";4;0;3;0;1;0;3;2;-17,21128483;-46,89011999;"SPRF-MG";"DEL14-MG";"UOP01-DEL14-MG"
509116;2023-03-07;"terça-feira";"18:00:00";"RJ";40;119;"DUQUE DE CAXIAS";"Demais falhas mecânicas ou elétricas";"Queda de ocupante de veículo";"Com Vítimas Feridas";"Anoitecer";"Decrescente";"Nublado";"Múltipla";"Reta";"Sim";2;0;1;1;0;0;2;1;-22,76375592;-43,28683062;"SPRF-RJ";"DEL01-RJ";"UOP01-DEL01-RJ"
509117;2023-03-07;"terça-feira";"19:15:00";"ES";447;12;"VILA VELHA";"Reação tardia ou ineficiente do condutor";"Colisão traseira";"Com Vítimas Feridas";"Plena Noite";"Crescente";"Céu Claro";"Dupla";"Reta;Interseção de Vias";"Sim";2;0;0;1;1;0;1;2;-20,35784325;-40,3328294;"SPRF-ES";"DEL01-ES";"UOP01-DEL01-ES"
509118;2023-03-07;"terça-feira";"20:30:00";"RJ";101;385;"RIO DE JANEIRO";"Pedestre andava na pista";"Atropelamento de Pedestre";"Com Vítimas Fatais";"Plena Noite";"Crescente";"Ignorado";"Dupla";"Reta";"Sim";3;1;0;0;0;2;0;2;-22,88064129;-43,63218994;"SPRF-RJ";"DEL03-RJ";"UOP01-DEL03-RJ"
509125;2023-03-07;"terça-feira";"20:00:00";"SC";101;350,2;"JAGUARUNA";"Condutor deixou de manter distância do veículo da frente";"Colisão traseira";"Com Vítimas Feridas";"Anoitecer";"Crescente";"Nublado";"Simples";"Declive;Viaduto";"Sim";2;0;1;0;1;0;1;2;-28,60080016;-49,05258179;"SPRF-SC";"DEL02-SC";"UOP01-DEL02-SC"
509127;2023-03-07;"terça-feira";"19:00:00";"RN";226;102;"SANTA CRUZ";"Condutor Dormindo";"Capotamento";"Com Vítimas Feridas";"Pleno dia";"Crescente";"Céu Claro";"Simples";"Curva";"Não";1;0;0;1;0;0;1;1;-6,24817388;-35,941749;"SPRF-RN";"DEL03-RN";"UOP02-DEL03-RN"
509135;2023-03-07;"terça-feira";"21:00:00";"MG";365;399,4;"PATOS DE MINAS";"Mal súbito do condutor";"Saída de leito carroçável";"Com Vítimas Feridas";"Plena Noite";"Decrescente";"Nublado";"Simples";"Reta";"Não";1;0;1;0;0;0;1;1;-18,63130925;-46,41738594;"SPRF-MG";"DEL10-MG";"UOP01-DEL10-MG"
509136;2023-03-07;"terça-feira";"22:40:00";"SC";101;341,9;"TUBARAO";"Desrespeitar a preferência no cruzamento";"Colisão frontal";"Com Vítimas Feridas";"Plena Noite";"Decrescente";"Céu Claro";"Simples";"Reta";"Sim";2;0;2;0;0;0;2;2;-28,51835609;-49,05345417;"SPRF-SC";"DEL02-SC";"UOP01-DEL02-SC"
509140;2023-03-07;"terça-feira";"22:35:00";"SC";101;206,1;"SAO JOSE";"Objeto estático sobre o leito carroçável";"Queda de ocupante de veículo";"Com Vítimas Feridas";"Plena Noite";"Crescente";"Céu Claro";"Dupla";"Reta";"Sim";2;0;1;1;0;0;2;1;-27,59193546;-48,61824557;"SPRF-SC";"DEL01-SC";"UOP01-DEL01-SC"
509141;2023-03-07;"terça-feira";"22:30:00";"PR";153;350;"REBOUCAS";"Velocidade Incompatível";"Queda de ocupante de veículo";"Com Vítimas Feridas";"Plena Noite";"Crescente";"Céu Claro";"Simples";"Curva;Rotatória";"Não";1;0;0;1;0;0;1;1;-25,60510881;-50,69303204;"SPRF-PR";"DEL08-PR";"UOP02-DEL08-PR"
509143;2023-03-07;"terça-feira";"22:50:00";"RJ";101;459;"ANGRA DOS REIS";"Ausência de reação do condutor";"Saída de leito carroçável";"Com Vítimas Feridas";"Plena Noite";"Crescente";"Chuva";"Simples";"Curva";"Não";1;0;1;0;0;0;1;1;-23,03863279;-44,19056272;"SPRF-RJ";"DEL03-RJ";"UOP03-DEL03-RJ"
509148;2023-03-07;"terça-feira";"23:15:00";"PR";376;232;"APUCARANA";"Velocidade Incompatível";"Saída de leito carroçável";"Com Vítimas Feridas";"Plena Noite";"Decrescente";"Nublado";"Dupla";"Reta;Interseção de Vias";"Não";2;0;2;0;0;0;2;1;-23,57126885;-51,50557362;"SPRF-PR";"DEL07-PR";"UOP03-DEL07-PR"
509150;2023-03-07;"terça-feira";"19:30:00";"PI";135;250;"ALVORADA DO GURGUEIA";"Animais na Pista";"Atropelamento de Animal";"Com Vítimas Feridas";"Plena Noite";"Crescente";"Céu Claro";"Simples";"Reta";"Não";2;0;0;1;1;0;1;1;-8,37349795;-43,83933115;"SPRF-PI";"DEL03-PI";"UOP02-DEL03-PI"
509153;2023-03-08;"quarta-feira";"00:20:00";"PR";376;176,8;"MARINGA";"Desrespeitar a preferência no cruzamento";"Colisão transversal";"Com Vítimas Feridas";"Plena Noite";"Crescente";"Céu Claro";"Múltipla";"Reta;Interseção de Vias";"Sim";2;0;1;0;0;1;1;2;-23,41257139;-51,93252325;"SPRF-PR";"DEL09-PR";"UOP01-DEL09-PR"
509155;2023-03-07;"terça-feira";"23:00:00";"RS";285;569,2;"SAO LUIZ GONZAGA";"Pedestre andava na pista";"Atropelamento de Pedestre";"Com Vítimas Fatais";"Plena Noite";"Crescente";"Céu Claro";"Simples";"Reta";"Não";2;1;0;0;0;1;0;2;-28,413052;-54,985699;"SPRF-RS";"DEL12-RS";"UOP01-DEL12-RS"
509160;2023-03-08;"quarta-feira";"06:15:00";"SC";101;218;"PALHOCA";"Chuva";"Capotamento";"Com Vítimas Feridas";"Pleno dia";"Decrescente";"Chuva";"Simples";"Reta";"Não";1;0;1;0;0;0;1;1;-27,6758601;-48,67052525;"SPRF-SC";"DEL01-SC";"UOP02-DEL01-SC"
509163;2023-03-08;"quarta-feira";"06:55:00";"GO";60;97;"ANAPOLIS";"Velocidade Incompatível";"Colisão traseira";"Com Vítimas Feridas";"Pleno dia";"Crescente";"Céu Claro";"Dupla";"Reta";"Sim";4;0;1;0;3;0;1;3;-16,3774;-48,9483;"SPRF-GO";"DEL02-GO";"UOP01-DEL02-GO"
509165;2023-03-08;"quarta-feira";"07:15:00";"SC";470;136;"RIO DO SUL";"Ultrapassagem Indevida";"Colisão transversal";"Com Vítimas Feridas";"Pleno dia";"Crescente";"Nublado";"Simples";"Reta;Interseção de Vias";"Sim";2;0;1;0;1;0;1;2;-27,194323;-49,624554;"SPRF-SC";"DEL04-SC";"UOP02-DEL04-SC"
509166;2023-03-08;"quarta-feira";"07:15:00";"RS";116;248;"SAO LEOPOLDO";"Manobra de mudança de faixa";"Colisão lateral mesmo sentido";"Com Vítimas Feridas";"Pleno dia";"Decrescente";"Céu Claro";"Dupla";"Reta";"Sim";2;0;1;0;1;0;1;2;-29,77605895;-51,15508618;"SPRF-RS";"DEL01-RS";"UOP02-DEL01-RS"
509173;2023-03-08;"quarta-feira";"07:50:00";"SP";116;222;"GUARULHOS";"Condutor deixou de manter distância do veículo da frente";"Queda de ocupante de veículo";"Com Vítimas Feridas";"Pleno dia";"Decrescente";"Céu Claro";"Múltipla";"Reta";"Sim";2;0;1;0;0;1;1;2;-23,47093408;-46,51631097;"SPRF-SP";"DEL01-SP";"UOP01-DEL01-SP"
509174;2023-03-07;"terça-feira";"23:10:00";"RN";304;33;"MOSSORO";"Animais na Pista";"Atropelamento de Animal";"Com Vítimas Feridas";"Plena Noite";"Crescente";"Céu Claro";"Dupla";"Reta";"Não";2;0;1;0;1;0;1;1;-5,1436187;-37,34679947;"SPRF-RN";"DEL04-RN";"UOP02-DEL04-RN"
509175;2023-03-08;"quarta-feira";"08:00:00";"RS";116;234;"NOVO HAMBURGO";"Transitar na contramão";"Colisão frontal";"Com Vítimas Feridas";"Pleno dia";"Decrescente";"Céu Claro";"Dupla";"Reta";"Não";2;0;1;0;1;0;1;2;-29,65121313;-51,1444433;"SPRF-RS";"DEL01-RS";"UOP02-DEL01-RS"
509177;2023-03-08;"quarta-feira";"07:45:00";"PR";369;153,8;"LONDRINA";"Acessar a via sem observar a presença dos outros veículos";"Colisão transversal";"Com Vítimas Feridas";"Pleno dia";"Decrescente";"Nublado";"Dupla";"Curva;Declive";"Sim";2;0;2;0;0;0;2;2;-23,298262;-51,196219;"SPRF-PR";"DEL07-PR";"UOP01-DEL07-PR"
509178;2023-03-08;"quarta-feira";"07:32:00";"RJ";116;208;"QUEIMADOS";"Objeto estático sobre o leito carroçável";"Queda de ocupante de veículo";"Com Vítimas Feridas";"Pleno dia";"Decrescente";"Céu Claro";"Dupla";"Reta";"Sim";1;0;1;0;0;0;1;1;-22,72297475;-43,67131596;"SPRF-RJ";"DEL01-RJ";"UOP03-DEL01-RJ"
509179;2023-03-08;"quarta-feira";"08:10:00";"PE";104;65;"CARUARU";"Ausência de reação do condutor";"Colisão traseira";"Com Vítimas Feridas";"Pleno dia";"Crescente";"Céu Claro";"Dupla";"Reta";"Sim";4;0;1;0;3;0;1;2;-8,28670704;-35,98365784;"SPRF-PE";"DEL02-PE";"UOP01-DEL02-PE"
509180;2023-03-07;"terça-feira";"18:30:00";"SP";116;157;"SAO JOSE DOS CAMPOS";"Reação tardia ou ineficiente do condutor";"Colisão traseira";"Com Vítimas Feridas";"Plena Noite";"Crescente";"Nublado";"Dupla";"Reta";"Não";2;0;0;1;1;0;1;2;-23,25558031;-45,9437828;"SPRF-SP";"DEL02-SP";"UOP01-DEL02-SP"
509181;2023-03-08;"quarta-feira";"08:45:00";"PB";230;11;"CABEDELO";"Manobra de mudança de faixa";"Colisão lateral mesmo sentido";"Com Vítimas Feridas";"Pleno dia";"Decrescente";"Céu Claro";"Dupla";"Interseção de Vias";"Sim";3;0;0;2;1;0;2;2;-7,0596;-34,8506;"SPRF-PB";"DEL01-PB";"UOP01-DEL01-PB"
509183;2023-03-08;"quarta-feira";"07:20:00";"RS";470;175,6;"VERANOPOLIS";"Desrespeitar a preferência no cruzamento";"Colisão transversal";"Com Vítimas Feridas";"Pleno dia";"Crescente";"Sol";"Simples";"Reta;Interseção de Vias";"Sim";2;0;1;0;1;0;1;2;-28,9269737;-51,54187292;"SPRF-RS";"DEL06-RS";"UOP02-DEL06-RS"
509184;2023-03-08;"quarta-feira";"08:00:00";"MA";135;18;"SAO LUIS";"Ausência de reação do condutor";"Colisão transversal";"Com Vítimas Feridas";"Pleno dia";"Decrescente";"Céu Claro";"Simples";"Reta";"Não";2;0;2;0;0;0;2;2;-2,71719899;-44,32099307;"SPRF-MA";"DEL01-MA";"UOP01-DEL01-MA"
509185;2023-03-08;"quarta-feira";"08:00:00";"PR";116;16;"CURITIBA";"Pedestre cruzava a pista fora da faixa";"Atropelamento de Pedestre";"Com Vítimas Feridas";"Pleno dia";"Crescente";"Céu Claro";"Múltipla";"Reta";"Sim";2;0;0;1;1;0;1;2;-25,3874;-49,1774;"SPRF-PR";"DEL01-PR";"UOP02-DEL01-PR"
509186;2023-03-08;"quarta-feira";"08:30:00";"SC";101;106;"PENHA";"Condutor deixou de manter distância do veículo da frente";"Colisão traseira";"Com Vítimas Feridas";"Pleno dia";"Decrescente";"Sol";"Dupla";"Curva";"Não";2;0;1;0;1;0;1;2;-26,81031601;-48,68293896;"SPRF-SC";"DEL03-SC";"UOP02-DEL03-SC"
509188;2023-03-08;"quarta-feira";"09:03:00";"SC";101;213,4;"PALHOCA";"Ausência de reação do condutor";"Tombamento";"Com Vítimas Feridas";"Pleno dia";"Crescente";"Nublado";"Múltipla";"Reta";"Sim";1;0;0;1;0;0;1;1;-27,63697369;-48,66514142;"SPRF-SC";"DEL01-SC";"UOP02-DEL01-SC"
509189;2023-03-08;"quarta-feira";"08:40:00";"MG";40;509,9;"RIBEIRAO DAS NEVES";"Manobra de mudança de faixa";"Colisão lateral mesmo sentido";"Com Vítimas Feridas";"Pleno dia";"Crescente";"Céu Claro";"Dupla";"Reta;Declive";"Sim";2;0;1;0;1;0;1;2;-19,76728744;-44,12855905;"SPRF-MG";"DEL01-MG";"UOP02-DEL01-MG"
509190;2023-03-08;"quarta-feira";"08:40:00";"PE";101;49,2;"ABREU E LIMA";"Sinalização encoberta";"Colisão transversal";"Com Vítimas Feridas";"Pleno dia";"Decrescente";"Garoa/Chuvisco";"Dupla";"Reta";"Sim";3;0;1;0;2;0;1;2;-7,904901;-34,901444;"SPRF-PE";"DEL01-PE";"UOP02-DEL01-PE"
509192;2023-03-08;"quarta-feira";"06:40:00";"RO";364;14;"VILHENA";"Ingestão de álcool pelo condutor";"Colisão transversal";"Com Vítimas Feridas";"Pleno dia";"Crescente";"Céu Claro";"Simples";"Interseção de Vias";"Sim";2;0;1;0;1;0;1;2;-12,73865278;-60,13931036;"SPRF-RO";"DEL04-RO";"UOP01-DEL04-RO"
509194;2023-02-12;"domingo";"12:40:00";"ES";101;386,9;"RIO NOVO DO SUL";"Chuva";"Saída de leito carroçável";"Com Vítimas Feridas";"Pleno dia";"Decrescente";"Chuva";"Simples";"Reta";"Não";1;0;0;1;0;0;1;1;-20,84290625;-40,87422184;"SPRF-ES";"DEL03-ES";"UOP01-DEL03-ES"
509195;2023-03-08;"quarta-feira";"10:30:00";"MG";381;498;"BETIM";"Velocidade Incompatível";"Saída de leito carroçável";"Com Vítimas Feridas";"Pleno dia";"Crescente";"Céu Claro";"Dupla";"Interseção de Vias";"Sim";1;0;1;0;0;0;1;1;-20,01172662;-44,21976041;"SPRF-MG";"DEL01-MG";"UOP03-DEL01-MG"
509196;2023-03-08;"quarta-feira";"10:50:00";"PI";316;363;"CAMPO GRANDE DO PIAUI";"Acesso irregular";"Colisão lateral mesmo sentido";"Com Vítimas Feridas";"Pleno dia";"Decrescente";"Céu Claro";"Simples";"Reta";"Não";3;0;2;0;1;0;2;2;-7,13630268;-41,00210496;"SPRF-PI";"DEL04-PI";"UOP03-DEL04-PI"
509201;2023-03-07;"terça-feira";"23:00:00";"PR";158;539,4;"PATO BRANCO";"Ausência de reação do condutor";"Saída de leito carroçável";"Sem Vítimas";"Plena Noite";"Crescente";"Céu Claro";"Simples";"Curva";"Não";1;0;0;0;1;0;0;1;-26,26491;-52,707542;"SPRF-PR";"DEL02-PR";"UOP01-DEL02-PR"
509202;2023-03-08;"quarta-feira";"10:15:00";"SE";235;33,8;"AREIA BRANCA";"Desrespeitar a preferência no cruzamento";"Colisão frontal";"Com Vítimas Feridas";"Pleno dia";"Crescente";"Céu Claro";"Simples";"Reta";"Sim";4;0;3;0;1;0;3;3;-10,762641;-37,30447;"SPRF-SE";"DEL01-SE";"UOP02-DEL01-SE"
509203;2023-03-08;"quarta-feira";"08:10:00";"RS";290;86;"GRAVATAI";"Reação tardia ou ineficiente do condutor";"Colisão traseira";"Com Vítimas Feridas";"Pleno dia";"Crescente";"Céu Claro";"Múltipla";"Reta";"Sim";3;0;1;0;1;1;1;2;-29,968412;-51,117138;"SPRF-RS";"DEL01-RS";"UOP01-DEL01-RS"
509205;2023-03-08;"quarta-feira";"11:00:00";"ES";101;308,7;"VIANA";"Reação tardia ou ineficiente do condutor";"Colisão com objeto";"Com Vítimas Feridas";"Pleno dia";"Crescente";"Nublado";"Dupla";"Reta";"Não";1;0;1;0;0;0;1;1;-20,40809191;-40,45835336;"SPRF-ES";"DEL01-ES";"UOP01-DEL01-ES"
509206;2023-03-08;"quarta-feira";"11:15:00";"SC";280;30;"ARAQUARI";"Reação tardia ou ineficiente do condutor";"Colisão traseira";"Com Vítimas Feridas";"Pleno dia";"Crescente";"Sol";"Simples";"Reta";"Sim";2;0;1;0;1;0;1;2;-26,4141523;-48,76209493;"SPRF-SC";"DEL03-SC";"UOP03-DEL03-SC"
509208;2023-03-08;"quarta-feira";"11:25:00";"SP";116;85,1;"PINDAMONHANGABA";"Avarias e/ou desgaste excessivo no pneu";"Tombamento";"Com Vítimas Feridas";"Pleno dia";"Crescente";"Sol";"Dupla";"Reta";"Não";1;0;1;0;0;0;1;1;-22,92211829;-45,34450085;"SPRF-SP";"DEL08-SP";"UOP01-DEL08-SP"
509209;2023-03-08;"quarta-feira";"11:00:00";"BA";101;724;"EUNAPOLIS";"Velocidade Incompatível";"Colisão frontal";"Com Vítimas Feridas";"Pleno dia";"Decrescente";"Céu Claro";"Simples";"Aclive;Curva";"Não";4;0;2;1;1;0;3;3;-16,41698523;-39,58459854;"SPRF-BA";"DEL09-BA";"UOP01-DEL09-BA"
509212;2023-03-08;"quarta-feira";"10:25:00";"PA";316;56,2;"CASTANHAL";"Reação tardia ou ineficiente do condutor";"Colisão traseira";"Com Vítimas Feridas";"Pleno dia";"Crescente";"Céu Claro";"Dupla";"Interseção de Vias;Declive;Reta";"Sim";2;0;1;0;1;0;1;2;-1,30296976;-47,99063907;"SPRF-PA";"DEL01-PA";"UOP01-DEL01-PA"
509213;2023-03-08;"quarta-feira";"11:15:00";"SP";101;45;"UBATUBA";"Reação tardia ou ineficiente do condutor";"Colisão transversal";"Com Vítimas Feridas";"Pleno dia";"Crescente";"Céu Claro";"Simples";"Declive;Reta";"Sim";2;0;1;0;1;0;1;2;-23,41779396;-45,06788408;"SPRF-SP";"DEL06-SP";"UOP01-DEL06-SP"
509215;2023-03-08;"quarta-feira";"11:20:00";"SE";235;13,9;"NOSSA SENHORA DO SOCORRO";"Falta de elemento de contenção que evite a saída do leito carroçável";"Saída de leito carroçável";"Com Vítimas Feridas";"Pleno dia";"Decrescente";"Céu Claro";"Simples";"Reta";"Não";1;0;1;0;0;0;1;1;-10,863169;-37,178413;"SPRF-SE";"DEL01-SE";"UOP01-DEL01-SE"
509218;2023-03-08;"quarta-feira";"10:30:00";"SP";116;186;"SANTA ISABEL";"Objeto estático sobre o leito carroçável";"Colisão com objeto";"Sem Vítimas";"Pleno dia";"Crescente";"Céu Claro";"Dupla";"Reta";"Não";1;0;0;0;1;0;0;1;-23,35220682;-46,19934905;"SPRF-SP";"DEL01-SP";"UOP01-DEL01-SP"
509220;2023-03-08;"quarta-feira";"11:00:00";"RS";290;724;"URUGUAIANA";"Acessar a via sem observar a presença dos outros veículos";"Colisão transversal";"Com Vítimas Feridas";"Pleno dia";"Decrescente";"Céu Claro";"Simples";"Interseção de Vias;Reta;Rotatória";"Sim";3;0;2;0;1;0;2;2;-29,747936;-57,088501;"SPRF-RS";"DEL13-RS";"UOP01-DEL13-RS"
509221;2023-03-08;"quarta-feira";"12:35:00";"RJ";101;424;"MANGARATIBA";"Reação tardia ou ineficiente do condutor";"Engavetamento";"Com Vítimas Feridas";"Pleno dia";"Decrescente";"Céu Claro";"Simples";"Aclive;Reta;Desvio Temporário;Em Obras";"Não";4;0;1;0;3;0;1;3;-22,92127842;-43,95599173;"SPRF-RJ";"DEL03-RJ";"UOP02-DEL03-RJ"
509222;2023-01-15;"domingo";"10:30:00";"PR";476;115;"COLOMBO";"Ausência de reação do condutor";"Colisão lateral mesmo sentido";"Com Vítimas Feridas";"Pleno dia";"Decrescente";"Céu Claro";"Simples";"Reta";"Sim";3;0;2;0;1;0;2;3;-25,344196;-49,159679;"SPRF-PR";"DEL01-PR";"UOP01-DEL01-PR"
509223;2023-03-08;"quarta-feira";"12:50:00";"RS";470;154;"NOVA PRATA";"Reação tardia ou ineficiente do condutor";"Colisão traseira";"Com Vítimas Feridas";"Pleno dia";"Decrescente";"Céu Claro";"Simples";"Reta";"Sim";4;0;2;0;2;0;2;4;-28,77711311;-51,61126545;"SPRF-RS";"DEL06-RS";"UOP02-DEL06-RS"
509225;2023-03-08;"quarta-feira";"12:40:00";"MT";70;731;"CACERES";"Acessar a via sem observar a presença dos outros veículos";"Colisão frontal";"Com Vítimas Feridas";"Pleno dia";"Decrescente";"Chuva";"Simples";"Interseção de Vias";"Sim";2;0;1;0;1;0;1;2;-16,0988712;-57,67818726;"SPRF-MT";"DEL03-MT";"UOP01-DEL03-MT"
509226;2023-03-08;"quarta-feira";"11:50:00";"RJ";495;3;"TERESOPOLIS";"Acesso irregular";"Colisão transversal";"Com Vítimas Feridas";"Pleno dia";"Crescente";"Céu Claro";"Simples";"Reta";"Sim";2;0;0;1;1;0;1;2;-22,396009;-42,991104;"SPRF-RJ";"DEL04-RJ";"UOP01-DEL04-RJ"
509227;2023-03-08;"quarta-feira";"13:00:00";"PR";116;126;"FAZENDA RIO GRANDE";"Ausência de reação do condutor";"Colisão traseira";"Com Vítimas Feridas";"Pleno dia";"Decrescente";"Céu Claro";"Dupla";"Reta";"Sim";2;0;1;0;1;0;1;2;-25,60389895;-49,31824423;"SPRF-PR";"DEL01-PR";"UOP03-DEL01-PR"
509230;2023-03-08;"quarta-feira";"14:00:00";"MG";116;535;"CARATINGA";"Acessar a via sem observar a presença dos outros veículos";"Colisão transversal";"Com Vítimas Feridas";"Pleno dia";"Crescente";"Céu Claro";"Simples";"Reta";"Não";2;0;2;0;0;0;2;2;-19,85292504;-42,14058636;"SPRF-MG";"DEL06-MG";"UOP02-DEL06-MG"
509231;2023-03-08;"quarta-feira";"12:45:00";"PI";230;307;"FLORIANO";"Acessar a via sem observar a presença dos outros veículos";"Colisão transversal";"Com Vítimas Fatais";"Pleno dia";"Decrescente";"Sol";"Dupla";"Rotatória;Reta";"Sim";4;1;0;1;2;0;1;2;-6,78667452;-42,99358035;"SPRF-PI";"DEL03-PI";"UOP01-DEL03-PI"
509234;2023-03-08;"quarta-feira";"13:45:00";"SP";116;194;"ARUJA";"Demais falhas mecânicas ou elétricas";"Tombamento";"Com Vítimas Feridas";"Pleno dia";"Crescente";"Sol";"Dupla";"Reta";"Não";1;0;1;0;0;0;1;1;-23,38497189;-46,26686105;"SPRF-SP";"DEL01-SP";"UOP01-DEL01-SP"
509235;2023-03-08;"quarta-feira";"14:00:00";"SP";116;138;"CACAPAVA";"Ausência de reação do condutor";"Colisão traseira";"Com Vítimas Feridas";"Pleno dia";"Decrescente";"Céu Claro";"Múltipla";"Reta";"Não";3;0;1;0;2;0;1;3;-23,1572739;-45,79554605;"SPRF-SP";"DEL02-SP";"UOP01-DEL02-SP"
509238;2023-03-08;"quarta-feira";"13:30:00";"RS";290;286,9;"CACHOEIRA DO SUL";"Manobra de mudança de faixa";"Colisão transversal";"Sem Vítimas";"Pleno dia";"Decrescente";"Sol";"Simples";"Reta";"Não";2;0;0;0;2;0;0;2;-30,259472;-53,08242;"SPRF-RS";"DEL02-RS";"UOP03-DEL02-RS"
509239;2023-03-08;"quarta-feira";"14:10:00";"MG";381;486;"BETIM";"Ausência de reação do condutor";"Colisão com objeto";"Com Vítimas Feridas";"Pleno dia";"Crescente";"Céu Claro";"Dupla";"Curva";"Não";2;0;0;1;1;0;1;2;-19,95644414;-44,13611598;"SPRF-MG";"DEL01-MG";"UOP03-DEL01-MG"
509240;2023-03-08;"quarta-feira";"14:00:00";"PR";369;195;"ARAPONGAS";"Demais falhas mecânicas ou elétricas";"Incêndio";"Sem Vítimas";"Pleno dia";"Crescente";"Céu Claro";"Dupla";"Reta";"Não";2;0;0;0;2;0;0;1;-23,50275;-51,42464;"SPRF-PR";"DEL07-PR";"UOP03-DEL07-PR"
509242;2023-03-08;"quarta-feira";"14:25:00";"SC";101;353,5;"JAGUARUNA";"Mal súbito do condutor";"Saída de leito carroçável";"Com Vítimas Feridas";"Plena Noite";"Decrescente";"Céu Claro";"Dupla";"Reta";"Não";1;0;1;0;0;0;1;1;-28,61232036;-49,06197674;"SPRF-SC";"DEL02-SC";"UOP01-DEL02-SC"
509243;2023-03-08;"quarta-feira";"08:45:00";"SC";101;285;"IMBITUBA";"Demais falhas mecânicas ou elétricas";"Tombamento";"Com Vítimas Feridas";"Pleno dia";"Crescente";"Céu Claro";"Dupla";"Reta";"Não";2;0;2;0;0;0;2;1;-28,22116606;-48,70063047;"SPRF-SC";"DEL02-SC";"UOP03-DEL02-SC"
509244;2023-03-08;"quarta-feira";"13:30:00";"SE";235;13,8;"NOSSA SENHORA DO SOCORRO";"Frear bruscamente";"Colisão traseira";"Com Vítimas Feridas";"Pleno dia";"Crescente";"Céu Claro";"Simples";"Reta";"Não";2;0;1;0;1;0;1;2;-10,868567;-37,171078;"SPRF-SE";"DEL01-SE";"UOP01-DEL01-SE"
509245;2023-03-08;"quarta-feira";"13:35:00";"PA";230;115;"MARABA";"Manobra de mudança de faixa";"Colisão lateral mesmo sentido";"Com Vítimas Feridas";"Pleno dia";"Crescente";"Céu Claro";"Dupla";"Reta";"Sim";2;0;1;0;0;1;1;2;-5,36241425;-49,07496007;"SPRF-PA";"DEL03-PA";"UOP01-DEL03-PA"
509246;2023-03-08;"quarta-feira";"13:30:00";"CE";20;207,4;"BOA VIAGEM";"Ausência de reação do condutor";"Colisão com objeto";"Com Vítimas Feridas";"Pleno dia";"Crescente";"Céu Claro";"Simples";"Reta";"Sim";1;0;1;0;0;0;1;1;-5,10172399;-39,71503303;"SPRF-CE";"DEL02-CE";"UOP02-DEL02-CE"
509247;2023-03-08;"quarta-feira";"09:00:00";"RJ";101;541,4;"PARATY";"Ausência de reação do condutor";"Colisão lateral mesmo sentido";"Com Vítimas Feridas";"Pleno dia";"Decrescente";"Céu Claro";"Simples";"Reta";"Não";2;0;1;0;1;0;1;2;-23,04799632;-44,59099407;"SPRF-RJ";"DEL03-RJ";"UOP04-DEL03-RJ"
509248;2023-03-08;"quarta-feira";"14:00:00";"RN";406;170,2;"SAO GONCALO DO AMARANTE";"Acumulo de água sobre o pavimento";"Saída de leito carroçável";"Com Vítimas Feridas";"Pleno dia";"Decrescente";"Chuva";"Simples";"Declive";"Não";4;0;1;2;1;0;3;1;-5,75872063;-35,29921986;"SPRF-RN";"DEL02-RN";"UOP01-DEL02-RN"
509252;2023-03-08;"quarta-feira";"13:00:00";"PI";343;590;"FLORIANO";"Ausência de reação do condutor";"Colisão lateral mesmo sentido";"Com Vítimas Feridas";"Pleno dia";"Crescente";"Céu Claro";"Simples";"Reta";"Sim";3;0;2;0;1;0;2;2;-6,783895;-43,015095;"SPRF-PI";"DEL03-PI";"UOP01-DEL03-PI"
509253;2023-03-08;"quarta-feira";"15:40:00";"RJ";101;321;"NITEROI";"Velocidade Incompatível";"Queda de ocupante de veículo";"Com Vítimas Feridas";"Pleno dia";"Decrescente";"Sol";"Dupla";"Curva";"Não";2;0;2;0;0;0;2;1;-22,86981096;-43,11046465;"SPRF-RJ";"DEL02-RJ";"UOP01-DEL02-RJ"
509254;2023-03-08;"quarta-feira";"15:30:00";"SP";116;230;"SAO PAULO";"Trafegar com motocicleta (ou similar) entre as faixas";"Colisão traseira";"Com Vítimas Feridas";"Pleno dia";"Crescente";"Sol";"Múltipla";"Reta";"Sim";2;0;1;0;1;0;1;2;-23,52251783;-46,5855702;"SPRF-SP";"DEL01-SP";"UOP01-DEL01-SP"
509260;2023-03-08;"quarta-feira";"16:45:00";"MG";40;507,9;"RIBEIRAO DAS NEVES";"Avarias e/ou desgaste excessivo no pneu";"Tombamento";"Com Vítimas Feridas";"Pleno dia";"Decrescente";"Nublado";"Dupla";"Reta";"Sim";2;0;1;1;0;0;2;1;-19,75309;-44,14261;"SPRF-MG";"DEL02-MG";"UOP01-DEL02-MG"