"id";"data_inversa";"dia_semana";"horario";"uf";"br";"km";"municipio";"causa_acidente";"tipo_acidente";"classificacao_acidente";"fase_dia";"sentido_via";"condicao_metereologica";"tipo_pista";"tracado_via";"uso_solo";"pessoas";"mortos";"feridos_leves";"feridos_graves";"ilesos";"ignorados";"feridos";"veiculos";"latitude";"longitude";"regional";"delegacia";"uop"
509262;2023-03-08;"quarta-feira";"16:20:00";"PI";343;347,7;"TERESINA";"Condutor deixou de manter distância do veículo da frente";"Colisão traseira";"Com Vítimas Feridas";"Pleno dia";"Crescente";"Céu Claro";"Simples";"Reta";"Sim";2;0;0;1;1;0;1;2;-5,114822;-42,778355;"SPRF-PI";"DEL01-PI";"UOP01-DEL01-PI"
509263;2023-03-08;"quarta-feira";"11:15:00";"MG";116;224;"CATUJI";"Velocidade Incompatível";"Capotamento";"Com Vítimas Feridas";"Pleno dia";"Decrescente";"Céu Claro";"Simples";"Curva";"Não";1;0;1;0;0;0;1;1;-17,4396431;-41,51145911;"SPRF-MG";"DEL11-MG";"UOP01-DEL11-MG"
509265;2023-03-08;"quarta-feira";"17:00:00";"MG";381;501;"BETIM";"Ausência de reação do condutor";"Colisão lateral mesmo sentido";"Com Vítimas Feridas";"Pleno dia";"Decrescente";"Céu Claro";"Simples";"Reta";"Não";2;0;1;0;1;0;1;2;-20,03146447;-44,2377893;"SPRF-MG";"DEL04-MG";"UOP03-DEL04-MG"
509266;2023-03-08;"quarta-feira";"13:30:00";"RO";364;436,8;"JARU";"Ausência de reação do condutor";"Queda de ocupante de veículo";"Com Vítimas Feridas";"Pleno dia";"Crescente";"Sol";"Simples";"Reta";"Não";1;0;0;1;0;0;1;1;-10,37739925;-62,55303028;"SPRF-RO";"DEL03-RO";"UOP02-DEL03-RO"
509267;2023-03-08;"quarta-feira";"16:05:00";"MT";364;494;"JANGADA";"Desrespeitar a preferência no cruzamento";"Colisão transversal";"Com Vítimas Feridas";"Pleno dia";"Decrescente";"Céu Claro";"Simples";"Interseção de Vias";"Não";2;0;1;0;1;0;1;2;-15,29227197;-56,43455719;"SPRF-MT";"DEL01-MT";"UOP02-DEL01-MT"
509268;2023-03-08;"quarta-feira";"16:40:00";"SC";101;192;"BIGUACU";"Condutor deixou de manter distância do veículo da frente";"Colisão com objeto";"Com Vítimas Feridas";"Pleno dia";"Decrescente";"Sol";"Simples";"Declive";"Não";1;0;1;0;0;0;1;1;-27,48443781;-48,64765238;"SPRF-SC";"DEL01-SC";"UOP01-DEL01-SC"
509269;2023-03-08;"quarta-feira";"17:20:00";"RN";110;49,2;"MOSSORO";"Pedestre cruzava a pista fora da faixa";"Atropelamento de Pedestre";"Com Vítimas Feridas";"Anoitecer";"Decrescente";"Céu Claro";"Dupla";"Reta";"Sim";2;0;1;0;0;1;1;2;-5,21645975;-37,32927128;"SPRF-RN";"DEL04-RN";"UOP01-DEL04-RN"
509270;2023-03-08;"quarta-feira";"17:30:00";"CE";116;41;"HORIZONTE";"Acessar a via sem observar a presença dos outros veículos";"Colisão lateral mesmo sentido";"Com Vítimas Feridas";"Anoitecer";"Decrescente";"Nublado";"Dupla";"Retorno Regulamentado;Reta";"Sim";3;0;1;0;0;2;1;2;-4,1024351;-38,50001011;"SPRF-CE";"DEL01-CE";"UOP02-DEL01-CE"
509271;2023-03-08;"quarta-feira";"17:30:00";"RJ";493;122;"ITAGUAI";"Manobra de mudança de faixa";"Queda de ocupante de veículo";"Com Vítimas Feridas";"Pleno dia";"Decrescente";"Céu Claro";"Dupla";"Aclive;Curva;Viaduto";"Não";1;0;1;0;0;0;1;1;-22,900389;-43,822689;"SPRF-RJ";"DEL03-RJ";"UOP01-DEL03-RJ"
509272;2023-03-08;"quarta-feira";"16:45:00";"AL";316;97;"SANTANA DO IPANEMA";"Pedestre andava na pista";"Atropelamento de Pedestre";"Com Vítimas Fatais";"Pleno dia";"Decrescente";"Céu Claro";"Simples";"Reta";"Não";2;1;0;0;0;1;0;2;-9,38707467;-37,14339;"SPRF-AL";"DEL03-AL";"UOP02-DEL03-AL"
509273;2023-03-08;"quarta-feira";"17:50:00";"PR";277;729,5;"FOZ DO IGUACU";"Condutor deixou de manter distância do veículo da frente";"Colisão traseira";"Com Vítimas Feridas";"Pleno dia";"Crescente";"Nublado";"Dupla";"Curva";"Sim";2;0;1;0;1;0;1;2;-25,50646133;-54,59060496;"SPRF-PR";"DEL05-PR";"UOP03-DEL05-PR"
509274;2023-03-08;"quarta-feira";"17:20:00";"SC";101;202;"SAO JOSE";"Manobra de mudança de faixa";"Colisão lateral mesmo sentido";"Com Vítimas Feridas";"Pleno dia";"Crescente";"Céu Claro";"Dupla";"Reta";"Sim";2;0;1;0;1;0;1;2;-27,55711595;-48,61897889;"SPRF-SC";"DEL01-SC";"UOP01-DEL01-SC"
509277;2023-03-08;"quarta-feira";"18:20:00";"SC";282;501,3;"XANXERE";"Acessar a via sem observar a presença dos outros veículos";"Colisão frontal";"Com Vítimas Feridas";"Anoitecer";"Crescente";"Chuva";"Simples";"Interseção de Vias;Reta";"Sim";2;0;1;0;1;0;1;2;-26,882715;-52,381729;"SPRF-SC";"DEL07-SC";"UOP01-DEL07-SC"
509282;2023-03-08;"quarta-feira";"16:30:00";"SC";101;411;"ARARANGUA";"Ausência de reação do condutor";"Colisão com objeto";"Com Vítimas Feridas";"Pleno dia";"Crescente";"Céu Claro";"Simples";"Reta";"Sim";1;0;1;0;0;0;1;1;-28,93112097;-49,4940421;"SPRF-SC";"DEL02-SC";"UOP02-DEL02-SC"
509284;2023-03-08;"quarta-feira";"17:00:00";"SC";282;364;"ERVAL VELHO";"Demais falhas mecânicas ou elétricas";"Queda de ocupante de veículo";"Com Vítimas Feridas";"Pleno dia";"Crescente";"Chuva";"Simples";"Reta";"Não";1;0;1;0;0;0;1;1;-27,297649;-51,398533;"SPRF-SC";"DEL07-SC";"UOP05-DEL07-SC"
509285;2023-03-08;"quarta-feira";"18:30:00";"SC";101;208;"SAO JOSE";"Reação tardia ou ineficiente do condutor";"Colisão traseira";"Com Vítimas Feridas";"Anoitecer";"Crescente";"Céu Claro";"Múltipla";"Reta";"Sim";3;0;1;0;2;0;1;2;-27,60327979;-48,63201818;"SPRF-SC";"DEL01-SC";"UOP01-DEL01-SC"
509286;2023-03-08;"quarta-feira";"19:15:00";"SC";101;211;"SAO JOSE";"Pedestre andava na pista";"Atropelamento de Pedestre";"Com Vítimas Feridas";"Plena Noite";"Crescente";"Nublado";"Múltipla";"Reta";"Sim";2;0;0;1;1;0;1;2;-27,62329313;-48,65245588;"SPRF-SC";"DEL01-SC";"UOP02-DEL01-SC"
509287;2023-02-17;"sexta-feira";"02:30:00";"PR";376;388;"IMBAU";"Chuva";"Colisão com objeto";"Com Vítimas Feridas";"Plena Noite";"Crescente";"Chuva";"Dupla";"Reta";"Não";2;0;1;0;1;0;1;1;-24,46367414;-50,74958324;"SPRF-PR";"DEL03-PR";"UOP02-DEL03-PR"
509288;2023-03-08;"quarta-feira";"18:30:00";"PI";343;194,8;"PIRIPIRI";"Ultrapassagem Indevida";"Colisão traseira";"Com Vítimas Feridas";"Plena Noite";"Crescente";"Céu Claro";"Simples";"Reta";"Não";2;0;1;1;0;0;2;2;-4,346634;-41,80687;"SPRF-PI";"DEL02-PI";"UOP01-DEL02-PI"
509289;2023-03-08;"quarta-feira";"18:40:00";"RJ";101;55;"CAMPOS DOS GOYTACAZES";"Acessar a via sem observar a presença dos outros veículos";"Colisão transversal";"Com Vítimas Feridas";"Plena Noite";"Crescente";"Nublado";"Simples";"Reta";"Não";3;0;2;0;1;0;2;2;-21,67827099;-41,31079872;"SPRF-RJ";"DEL08-RJ";"UOP01-DEL08-RJ"
509291;2023-03-08;"quarta-feira";"18:00:00";"MG";381;502;"BETIM";"Manobra de mudança de faixa";"Colisão lateral mesmo sentido";"Com Vítimas Feridas";"Anoitecer";"Decrescente";"Céu Claro";"Dupla";"Reta";"Não";2;0;1;0;1;0;1;2;-20,01851645;-44,22718048;"SPRF-MG";"DEL04-MG";"UOP03-DEL04-MG"
509292;2023-03-08;"quarta-feira";"19:42:00";"RS";472;574;"URUGUAIANA";"Acessar a via sem observar a presença dos outros veículos";"Colisão transversal";"Com Vítimas Feridas";"Plena Noite";"Crescente";"Céu Claro";"Simples";"Rotatória;Interseção de Vias;Reta";"Sim";2;0;1;0;1;0;1;2;-29,74636679;-56,98678119;"SPRF-RS";"DEL13-RS";"UOP01-DEL13-RS"
509293;2023-03-08;"quarta-feira";"17:50:00";"RJ";101;505;"ANGRA DOS REIS";"Conversão proibida";"Colisão lateral sentido oposto";"Com Vítimas Feridas";"Plena Noite";"Crescente";"Céu Claro";"Simples";"Reta";"Sim";2;0;1;0;1;0;1;2;-22,93561595;-44,39617909;"SPRF-RJ";"DEL03-RJ";"UOP03-DEL03-RJ"
509296;2023-03-08;"quarta-feira";"19:40:00";"PR";376;16;"MARINGA";"Ingestão de álcool pelo condutor";"Colisão traseira";"Sem Vítimas";"Plena Noite";"Crescente";"Céu Claro";"Dupla";"Viaduto;Aclive;Reta";"Não";2;0;0;0;2;0;0;2;-23,42072229;-51,88348711;"SPRF-PR";"DEL09-PR";"UOP01-DEL09-PR"
509297;2023-03-08;"quarta-feira";"19:55:00";"CE";116;14;"FORTALEZA";"Reação tardia ou ineficiente do condutor";"Colisão traseira";"Sem Vítimas";"Plena Noite";"Decrescente";"Céu Claro";"Simples";"Reta";"Sim";3;0;0;0;3;0;0;2;-3,86973356;-38,49827361;"SPRF-CE";"DEL01-CE";"UOP02-DEL01-CE"
509300;2023-03-08;"quarta-feira";"17:30:00";"RO";364;425;"JARU";"Acessar a via sem observar a presença dos outros veículos";"Colisão lateral mesmo sentido";"Com Vítimas Feridas";"Pleno dia";"Crescente";"Nublado";"Simples";"Reta;Interseção de Vias";"Sim";3;0;2;0;1;0;2;2;-10,435654;-62,474122;"SPRF-RO";"DEL03-RO";"UOP02-DEL03-RO"
509301;2023-03-08;"quarta-feira";"19:30:00";"PE";407;127;"PETROLINA";"Acessar a via sem observar a presença dos outros veículos";"Colisão transversal";"Com Vítimas Feridas";"Plena Noite";"Crescente";"Céu Claro";"Simples";"Reta";"Sim";2;0;1;0;1;0;1;2;-9,3908678;-40,52038627;"SPRF-PE";"DEL06-PE";"UOP01-DEL06-PE"
509302;2023-03-08;"quarta-feira";"19:00:00";"PI";230;193;"OEIRAS";"Reação tardia ou ineficiente do condutor";"Colisão frontal";"Com Vítimas Feridas";"Plena Noite";"Decrescente";"Céu Claro";"Simples";"Reta";"Sim";2;0;1;0;1;0;1;2;-6,99024993;-42,09712204;"SPRF-PI";"DEL04-PI";"UOP01-DEL04-PI"
509303;2023-03-08;"quarta-feira";"19:30:00";"MG";116;413,1;"GOVERNADOR VALADARES";"Animais na Pista";"Atropelamento de Animal";"Com Vítimas Feridas";"Plena Noite";"Decrescente";"Céu Claro";"Dupla";"Curva";"Sim";1;0;0;1;0;0;1;1;-18,873907;-41,966366;"SPRF-MG";"DEL06-MG";"UOP01-DEL06-MG"
509305;2023-03-08;"quarta-feira";"20:00:00";"ES";101;137;"LINHARES";"Ausência de reação do condutor";"Colisão frontal";"Com Vítimas Feridas";"Plena Noite";"Crescente";"Nublado";"Dupla";"Reta";"Não";3;0;1;0;2;0;1;2;-19,29308199;-40,08591691;"SPRF-ES";"DEL04-ES";"UOP01-DEL04-ES"
509306;2023-03-04;"sábado";"18:05:00";"RJ";116;208;"SEROPEDICA";"Condutor deixou de manter distância do veículo da frente";"Queda de ocupante de veículo";"Com Vítimas Feridas";"Plena Noite";"Decrescente";"Céu Claro";"Dupla";"Reta";"Não";1;0;1;0;0;0;1;1;-22,72297475;-43,67131596;"SPRF-RJ";"DEL01-RJ";"UOP03-DEL01-RJ"
509312;2023-03-08;"quarta-feira";"20:50:00";"SP";116;272;"TABOAO DA SERRA";"Animais na Pista";"Colisão lateral mesmo sentido";"Com Vítimas Feridas";"Plena Noite";"Decrescente";"Garoa/Chuvisco";"Dupla";"Reta";"Sim";2;0;1;0;1;0;1;2;-23,621691;-46,813288;"SPRF-SP";"DEL04-SP";"UOP01-DEL04-SP"
509314;2023-03-08;"quarta-feira";"22:00:00";"MG";40;633,4;"CONSELHEIRO LAFAIETE";"Desrespeitar a preferência no cruzamento";"Colisão transversal";"Com Vítimas Feridas";"Plena Noite";"Decrescente";"Céu Claro";"Simples";"Reta;Retorno Regulamentado";"Sim";3;0;1;0;2;0;1;2;-20,6882674;-43,79077527;"SPRF-MG";"DEL05-MG";"UOP02-DEL05-MG"
509315;2023-03-08;"quarta-feira";"21:30:00";"MS";267;29,2;"BATAGUASSU";"Acessar a via sem observar a presença dos outros veículos";"Colisão transversal";"Com Vítimas Feridas";"Plena Noite";"Decrescente";"Céu Claro";"Dupla";"Reta";"Sim";3;0;0;1;2;0;1;2;-21,72048281;-52,41824454;"SPRF-MS";"DEL02-MS";"UOP04-DEL02-MS"
509316;2023-03-08;"quarta-feira";"22:00:00";"SC";101;206;"SAO JOSE";"Trafegar com motocicleta (ou similar) entre as faixas";"Colisão traseira";"Com Vítimas Feridas";"Plena Noite";"Decrescente";"Céu Claro";"Múltipla";"Reta";"Sim";2;0;1;0;1;0;1;2;-27,59193546;-48,61824557;"SPRF-SC";"DEL01-SC";"UOP01-DEL01-SC"
509317;2023-03-08;"quarta-feira";"20:35:00";"MG";262;29,8;"REDUTO";"Ausência de reação do condutor";"Colisão traseira";"Com Vítimas Feridas";"Plena Noite";"Crescente";"Céu Claro";"Simples";"Aclive";"Não";2;0;1;0;1;0;1;2;-20,247223;-41,982025;"SPRF-MG";"DEL06-MG";"UOP03-DEL06-MG"
509318;2023-03-08;"quarta-feira";"19:40:00";"MT";163;816;"SINOP";"Reação tardia ou ineficiente do condutor";"Colisão traseira";"Com Vítimas Feridas";"Plena Noite";"Crescente";"Céu Claro";"Simples";"Reta";"Não";3;0;1;1;1;0;2;2;-12,032072;-55,517268;"SPRF-MT";"DEL06-MT";"UOP02-DEL06-MT"
509322;2023-03-08;"quarta-feira";"22:00:00";"RJ";101;306;"SAO GONCALO";"Ingestão de álcool pelo condutor";"Capotamento";"Com Vítimas Feridas";"Plena Noite";"Decrescente";"Céu Claro";"Dupla";"Reta";"Sim";2;0;2;0;0;0;2;1;-22,78913759;-43,00550909;"SPRF-RJ";"DEL02-RJ";"UOP02-DEL02-RJ"
509323;2023-03-08;"quarta-feira";"22:30:00";"GO";70;5;"AGUAS LINDAS DE GOIAS";"Mal súbito do condutor";"Saída de leito carroçável";"Sem Vítimas";"Plena Noite";"Decrescente";"Nublado";"Dupla";"Reta";"Sim";1;0;0;0;1;0;0;1;-15,759838;-48,246011;"SPRF-DF";"DEL03-DF";"UOP02-DEL03-DF"
509325;2023-03-08;"quarta-feira";"19:50:00";"RO";364;425;"JARU";"Desrespeitar a preferência no cruzamento";"Colisão transversal";"Com Vítimas Feridas";"Plena Noite";"Crescente";"Nublado";"Simples";"Reta;Interseção de Vias";"Sim";2;0;1;0;1;0;1;2;-10,435659;-62,47414182;"SPRF-RO";"DEL03-RO";"UOP02-DEL03-RO"
509327;2023-03-08;"quarta-feira";"23:20:00";"RS";470;345;"SAO JERONIMO";"Animais na Pista";"Atropelamento de Animal";"Com Vítimas Feridas";"Plena Noite";"Decrescente";"Céu Claro";"Simples";"Reta";"Não";2;0;1;0;1;0;1;1;-30,00131662;-51,74176455;"SPRF-RS";"DEL02-RS";"UOP01-DEL02-RS"
509328;2023-03-08;"quarta-feira";"19:30:00";"RN";406;108;"JOAO CAMARA";"Animais na Pista";"Atropelamento de Animal";"Com Vítimas Feridas";"Plena Noite";"Crescente";"Nublado";"Simples";"Reta";"Não";1;0;1;0;0;0;1;1;-5,55142129;-35,77105278;"SPRF-RN";"DEL02-RN";"UOP01-DEL02-RN"
509329;2023-03-09;"quinta-feira";"00:05:00";"MG";381;2;"BETIM";"Animais na Pista";"Saída de leito carroçável";"Com Vítimas Feridas";"Plena Noite";"Decrescente";"Céu Claro";"Dupla";"Reta;Declive";"Não";2;0;2;0;0;0;2;1;-19,96825;-44,198708;"SPRF-MG";"DEL01-MG";"UOP03-DEL01-MG"
509330;2023-03-08;"quarta-feira";"23:30:00";"GO";0;0;"JATAI";"Ausência de reação do condutor";"Colisão transversal";"Com Vítimas Feridas";"Plena Noite";"Não Informado";"Céu Claro";"Simples";"Reta";"Sim";4;0;2;0;2;0;2;2;-17,88124314;-51,70973539;"SPRF-GO";"DEL05-GO";"UOP01-DEL05-GO"
509331;2023-03-08;"quarta-feira";"22:40:00";"SC";282;502;"XANXERE";"Ingestão de álcool pelo condutor";"Colisão frontal";"Com Vítimas Feridas";"Plena Noite";"Crescente";"Chuva";"Simples";"Reta;Aclive";"Sim";7;0;3;4;0;0;7;2;-26,8739997;-52,35912323;"SPRF-SC";"DEL07-SC";"UOP01-DEL07-SC"
509337;2023-03-09;"quinta-feira";"00:45:00";"PE";232;180;"BELO JARDIM";"Manobra de mudança de faixa";"Colisão frontal";"Com Vítimas Feridas";"Plena Noite";"Decrescente";"Céu Claro";"Simples";"Reta";"Sim";4;0;2;2;0;0;4;2;-8,34449745;-36,4288801;"SPRF-PE";"DEL03-PE";"UOP02-DEL03-PE"
509338;2023-03-09;"quinta-feira";"00:30:00";"SC";101;415,7;"ARARANGUA";"Manobra de mudança de faixa";"Colisão transversal";"Com Vítimas Feridas";"Plena Noite";"Decrescente";"Nublado";"Múltipla";"Reta";"Sim";2;0;1;0;1;0;1;2;-28,96040535;-49,51653267;"SPRF-SC";"DEL02-SC";"UOP02-DEL02-SC"
509343;2023-03-08;"quarta-feira";"19:30:00";"MT";364;280;"JACIARA";"Ausência de reação do condutor";"Atropelamento de Pedestre";"Com Vítimas Feridas";"Plena Noite";"Decrescente";"Ignorado";"Dupla";"Reta";"Sim";2;0;0;1;1;0;1;2;-15,9364519;-55,0199037;"SPRF-MT";"DEL05-MT";"UOP02-DEL05-MT"
509344;2023-03-09;"quinta-feira";"01:45:00";"RS";290;433,2;"SAO GABRIEL";"Ingestão de álcool pelo condutor";"Saída de leito carroçável";"Com Vítimas Feridas";"Plena Noite";"Decrescente";"Céu Claro";"Simples";"Reta";"Não";1;0;1;0;0;0;1;1;-30,282219;-54,454544;"SPRF-RS";"DEL11-RS";"UOP02-DEL11-RS"
509345;2023-03-09;"quinta-feira";"02:30:00";"RS";290;40;"SANTO ANTONIO DA PATRULHA";"Animais na Pista";"Saída de leito carroçável";"Sem Vítimas";"Plena Noite";"Crescente";"Céu Claro";"Múltipla";"Reta";"Não";1;0;0;0;1;0;0;1;-29,88625;-50,648232;"SPRF-RS";"DEL03-RS";"UOP01-DEL03-RS"
509347;2023-03-09;"quinta-feira";"03:15:00";"MG";40;623,5;"CONSELHEIRO LAFAIETE";"Condutor Dormindo";"Saída de leito carroçável";"Sem Vítimas";"Plena Noite";"Crescente";"Nevoeiro/Neblina";"Simples";"Curva";"Não";1;0;0;0;1;0;0;1;-20,609523;-43,806981;"SPRF-MG";"DEL05-MG";"UOP02-DEL05-MG"
509349;2023-03-09;"quinta-feira";"04:40:00";"PI";343;334,9;"TERESINA";"Ausência de reação do condutor";"Colisão com objeto";"Sem Vítimas";"Plena Noite";"Crescente";"Céu Claro";"Dupla";"Reta";"Sim";1;0;0;0;1;0;0;1;-5,057786;-42,688541;"SPRF-PI";"DEL01-PI";"UOP01-DEL01-PI"
509351;2023-03-09;"quinta-feira";"00:30:00";"AL";316;264;"SATUBA";"Reação tardia ou ineficiente do condutor";"Colisão com objeto";"Sem Vítimas";"Plena Noite";"Decrescente";"Chuva";"Simples";"Aclive";"Não";1;0;0;0;0;1;0;1;-9,58847626;-35,8696781;"SPRF-AL";"DEL02-AL";"UOP01-DEL02-AL"
509357;2023-03-09;"quinta-feira";"07:00:00";"MG";40;511,8;"RIBEIRAO DAS NEVES";"Trafegar com motocicleta (ou similar) entre as faixas";"Colisão lateral mesmo sentido";"Com Vítimas Feridas";"Pleno dia";"Crescente";"Céu Claro";"Dupla";"Reta";"Sim";3;0;1;0;2;0;1;3;-19,78164295;-44,11733194;"SPRF-MG";"DEL01-MG";"UOP02-DEL01-MG"
509360;2023-03-09;"quinta-feira";"06:40:00";"RS";290;15;"SANTO ANTONIO DA PATRULHA";"Demais falhas mecânicas ou elétricas";"Incêndio";"Sem Vítimas";"Pleno dia";"Decrescente";"Céu Claro";"Dupla";"Curva";"Não";1;0;0;0;1;0;0;1;-29,86524975;-50,41068506;"SPRF-RS";"DEL03-RS";"UOP01-DEL03-RS"
509361;2023-02-17;"sexta-feira";"16:10:00";"ES";101;269,9;"SERRA";"Trafegar com motocicleta (ou similar) entre as faixas";"Atropelamento de Pedestre";"Com Vítimas Feridas";"Pleno dia";"Crescente";"Céu Claro";"Dupla";"Reta";"Sim";2;0;0;2;0;0;2;2;-20,21740496;-40,26990578;"SPRF-ES";"DEL02-ES";"UOP01-DEL02-ES"
509362;2023-03-09;"quinta-feira";"06:50:00";"SP";101;48;"UBATUBA";"Acessar a via sem observar a presença dos outros veículos";"Colisão traseira";"Com Vítimas Feridas";"Pleno dia";"Crescente";"Céu Claro";"Simples";"Reta;Interseção de Vias";"Sim";2;0;1;0;1;0;1;2;-23,43696329;-45,08768768;"SPRF-SP";"DEL06-SP";"UOP01-DEL06-SP"
509364;2023-03-09;"quinta-feira";"07:05:00";"GO";60;182;"GUAPO";"Manobra de mudança de faixa";"Colisão lateral mesmo sentido";"Com Vítimas Feridas";"Pleno dia";"Decrescente";"Chuva";"Dupla";"Reta";"Não";2;0;0;1;1;0;1;2;-16,7778;-49,489;"SPRF-GO";"DEL01-GO";"UOP02-DEL01-GO"
509366;2023-03-09;"quinta-feira";"06:10:00";"PR";376;157,8;"MANDAGUACU";"Pista esburacada";"Queda de ocupante de veículo";"Com Vítimas Feridas";"Amanhecer";"Crescente";"Céu Claro";"Dupla";"Aclive;Reta";"Não";1;0;1;0;0;0;1;1;-23,35251601;-52,09127007;"SPRF-PR";"DEL09-PR";"UOP01-DEL09-PR"
509368;2023-03-09;"quinta-feira";"07:15:00";"PB";230;6;"CABEDELO";"Ausência de reação do condutor";"Colisão transversal";"Com Vítimas Feridas";"Pleno dia";"Crescente";"Céu Claro";"Dupla";"Viaduto";"Sim";2;0;1;0;1;0;1;2;-7,02;-34,8359;"SPRF-PB";"DEL01-PB";"UOP01-DEL01-PB"
509369;2023-03-09;"quinta-feira";"07:10:00";"PE";232;5;"RECIFE";"Manobra de mudança de faixa";"Colisão transversal";"Com Vítimas Feridas";"Pleno dia";"Decrescente";"Céu Claro";"Dupla";"Reta";"Não";2;0;0;1;1;0;1;2;-8,06795766;-34,94535414;"SPRF-PE";"DEL01-PE";"UOP01-DEL01-PE"
509370;2023-03-09;"quinta-feira";"07:38:00";"SP";116;220;"GUARULHOS";"Ausência de sinalização";"Colisão traseira";"Com Vítimas Feridas";"Pleno dia";"Crescente";"Céu Claro";"Múltipla";"Reta";"Sim";3;0;1;0;1;1;1;3;-23,46472809;-46,49793962;"SPRF-SP";"DEL01-SP";"UOP01-DEL01-SP"
509371;2023-03-09;"quinta-feira";"07:50:00";"SP";116;229;"SAO PAULO";"Reação tardia ou ineficiente do condutor";"Colisão traseira";"Com Vítimas Feridas";"Pleno dia";"Crescente";"Céu Claro";"Dupla";"Reta";"Sim";3;0;2;0;1;0;2;2;-23,51291902;-46,57604698;"SPRF-SP";"DEL01-SP";"UOP01-DEL01-SP"
509373;2023-03-09;"quinta-feira";"07:10:00";"SC";101;327;"CAPIVARI DE BAIXO";"Ausência de reação do condutor";"Colisão traseira";"Com Vítimas Feridas";"Pleno dia";"Crescente";"Céu Claro";"Simples";"Reta";"Sim";2;0;1;0;1;0;1;2;-28,43023306;-48,95205197;"SPRF-SC";"DEL02-SC";"UOP01-DEL02-SC"
509374;2023-03-09;"quinta-feira";"08:00:00";"SC";282;23,5;"SANTO AMARO DA IMPERATRIZ";"Ultrapassagem Indevida";"Colisão lateral mesmo sentido";"Com Vítimas Feridas";"Pleno dia";"Decrescente";"Céu Claro";"Simples";"Reta";"Sim";2;0;0;1;1;0;1;2;-27,687958;-48,736794;"SPRF-SC";"DEL01-SC";"UOP03-DEL01-SC"
509375;2023-03-09;"quinta-feira";"08:00:00";"DF";40;5,4;"BRASILIA";"Reação tardia ou ineficiente do condutor";"Colisão transversal";"Sem Vítimas";"Pleno dia";"Decrescente";"Nublado";"Múltipla";"Reta";"Sim";2;0;0;0;2;0;0;2;-16,020903;-47,980541;"SPRF-DF";"DEL01-DF";"UOP01-DEL01-DF"
509376;2023-03-09;"quinta-feira";"08:00:00";"RS";116;251;"SAPUCAIA DO SUL";"Ausência de reação do condutor";"Engavetamento";"Sem Vítimas";"Pleno dia";"Crescente";"Céu Claro";"Múltipla";"Aclive;Reta";"Sim";5;0;0;0;5;0;0;4;-29,79148798;-51,16399615;"SPRF-RS";"DEL01-RS";"UOP02-DEL01-RS"
509377;2023-03-09;"quinta-feira";"07:52:00";"ES";101;138;"LINHARES";"Condutor deixou de manter distância do veículo da frente";"Engavetamento";"Com Vítimas Feridas";"Pleno dia";"Crescente";"Garoa/Chuvisco";"Simples";"Reta";"Não";6;0;2;0;4;0;2;4;-19,30186109;-40,08371726;"SPRF-ES";"DEL04-ES";"UOP01-DEL04-ES"
509380;2023-03-09;"quinta-feira";"07:40:00";"RS";116;264;"CANOAS";"Reação tardia ou ineficiente do condutor";"Colisão traseira";"Com Vítimas Feridas";"Pleno dia";"Crescente";"Céu Claro";"Dupla";"Reta";"Sim";2;0;1;0;1;0;1;2;-29,914435;-51,17754495;"SPRF-RS";"DEL01-RS";"UOP01-DEL01-RS"
509381;2023-03-09;"quinta-feira";"07:40:00";"PR";376;107,7;"PARANAVAI";"Acessar a via sem observar a presença dos outros veículos";"Colisão lateral mesmo sentido";"Com Vítimas Feridas";"Pleno dia";"Crescente";"Céu Claro";"Dupla";"Interseção de Vias";"Não";2;0;1;0;1;0;1;2;-23,06897758;-52,42454766;"SPRF-PR";"DEL09-PR";"UOP02-DEL09-PR"
509382;2023-03-09;"quinta-feira";"08:20:00";"SC";101;120,9;"ITAJAI";"Condutor deixou de manter distância do veículo da frente";"Colisão traseira";"Com Vítimas Feridas";"Pleno dia";"Crescente";"Céu Claro";"Dupla";"Reta";"Sim";2;0;1;0;1;0;1;2;-26,912758;-48,711998;"SPRF-SC";"DEL04-SC";"UOP04-DEL04-SC"
509383;2023-03-09;"quinta-feira";"08:06:00";"DF";70;15;"BRASILIA";"Desrespeitar a preferência no cruzamento";"Queda de ocupante de veículo";"Sem Vítimas";"Pleno dia";"Crescente";"Céu Claro";"Dupla";"Rotatória";"Não";2;0;0;0;2;0;0;1;-15,798888;-48,185043;"SPRF-DF";"DEL03-DF";"UOP02-DEL03-DF"
509384;2023-03-09;"quinta-feira";"07:40:00";"GO";70;2;"AGUAS LINDAS DE GOIAS";"Acumulo de areia ou detritos sobre o pavimento";"Colisão lateral mesmo sentido";"Com Vítimas Feridas";"Pleno dia";"Decrescente";"Chuva";"Dupla";"Declive;Curva";"Sim";2;0;1;0;1;0;1;2;-15,765112;-48,231081;"SPRF-DF";"DEL03-DF";"UOP02-DEL03-DF"
509386;2023-03-09;"quinta-feira";"07:50:00";"SC";101;210;"SAO JOSE";"Condutor deixou de manter distância do veículo da frente";"Colisão traseira";"Com Vítimas Feridas";"Pleno dia";"Crescente";"Céu Claro";"Dupla";"Reta";"Sim";2;0;1;0;1;0;1;2;-27,6167305;-48,6457265;"SPRF-SC";"DEL01-SC";"UOP01-DEL01-SC"