"id";"data_inversa";"dia_semana";"horario";"uf";"br";"km";"municipio";"causa_acidente";"tipo_acidente";"classificacao_acidente";"fase_dia";"sentido_via";"condicao_metereologica";"tipo_pista";"tracado_via";"uso_solo";"pessoas";"mortos";"feridos_leves";"feridos_graves";"ilesos";"ignorados";"feridos";"veiculos";"latitude";"longitude";"regional";"delegacia";"uop"
509390;2023-03-08;"quarta-feira";"22:30:00";"MG";116;366;"FREI INOCENCIO";"Reação tardia ou ineficiente do condutor";"Saída de leito carroçável";"Com Vítimas Feridas";"Plena Noite";"Decrescente";"Céu Claro";"Simples";"Curva";"Não";1;0;1;0;0;0;1;1;-18,502906;-41,877727;"SPRF-MG";"DEL11-MG";"UOP01-DEL11-MG"
509391;2023-03-09;"quinta-feira";"06:40:00";"PR";376;601,8;"CURITIBA";"Ausência de reação do condutor";"Colisão traseira";"Com Vítimas Feridas";"Amanhecer";"Crescente";"Nublado";"Dupla";"Reta";"Sim";2;0;1;0;1;0;1;2;-25,5425701;-49,30964403;"SPRF-PR";"DEL01-PR";"UOP06-DEL01-PR"
509393;2023-03-09;"quinta-feira";"08:00:00";"TO";153;183;"NOVA OLINDA";"Ausência de reação do condutor";"Colisão com objeto";"Com Vítimas Feridas";"Pleno dia";"Decrescente";"Céu Claro";"Simples";"Reta";"Não";5;0;4;0;1;0;4;1;-7,505742;-48,387688;"SPRF-TO";"DEL02-TO";"UOP01-DEL02-TO"
509394;2023-03-09;"quinta-feira";"06:55:00";"MG";262;32;"MANHUACU";"Condutor deixou de manter distância do veículo da frente";"Colisão traseira";"Sem Vítimas";"Pleno dia";"Crescente";"Sol";"Simples";"Aclive;Reta";"Não";3;0;0;0;3;0;0;3;-20,25556389;-41,99814902;"SPRF-MG";"DEL06-MG";"UOP03-DEL06-MG"
509395;2023-03-09;"quinta-feira";"07:05:00";"MG";262;32,2;"MANHUACU";"Acessar a via sem observar a presença dos outros veículos";"Colisão transversal";"Com Vítimas Feridas";"Pleno dia";"Decrescente";"Céu Claro";"Simples";"Curva;Declive";"Não";3;0;1;1;1;0;2;2;-20,25556389;-41,99814902;"SPRF-MG";"DEL06-MG";"UOP03-DEL06-MG"
509401;2023-03-09;"quinta-feira";"10:00:00";"SC";101;330;"TUBARAO";"Avarias e/ou desgaste excessivo no pneu";"Tombamento";"Com Vítimas Feridas";"Pleno dia";"Decrescente";"Céu Claro";"Dupla";"Reta";"Sim";1;0;1;0;0;0;1;1;-28,45115639;-48,97286879;"SPRF-SC";"DEL02-SC";"UOP01-DEL02-SC"
509403;2023-03-09;"quinta-feira";"08:40:00";"SC";470;64,2;"INDAIAL";"Ausência de reação do condutor";"Colisão lateral mesmo sentido";"Com Vítimas Feridas";"Pleno dia";"Crescente";"Nublado";"Simples";"Reta";"Sim";2;0;1;0;0;1;1;2;-26,8697466;-49,20463238;"SPRF-SC";"DEL04-SC";"UOP01-DEL04-SC"
509404;2023-03-09;"quinta-feira";"09:38:00";"SP";116;228;"SAO PAULO";"Reação tardia ou ineficiente do condutor";"Colisão traseira";"Com Vítimas Feridas";"Pleno dia";"Crescente";"Céu Claro";"Múltipla";"Aclive;Reta";"Sim";3;0;1;0;2;0;1;2;-23,50343484;-46,56638712;"SPRF-SP";"DEL01-SP";"UOP01-DEL01-SP"
509409;2023-03-09;"quinta-feira";"10:00:00";"SP";381;63;"MAIRIPORA";"Reação tardia ou ineficiente do condutor";"Colisão com objeto";"Com Vítimas Feridas";"Pleno dia";"Decrescente";"Sol";"Dupla";"Aclive;Curva";"Não";2;0;2;0;0;0;2;1;-23,302805;-46,572767;"SPRF-SP";"DEL03-SP";"UOP01-DEL03-SP"
509410;2023-02-20;"segunda-feira";"19:00:00";"AM";174;958;"MANAUS";"Ingestão de álcool pelo condutor";"Engavetamento";"Sem Vítimas";"Plena Noite";"Decrescente";"Chuva";"Simples";"Reta;Declive";"Não";3;0;0;0;3;0;0;3;-2,32835003;-60,0474847;"SPRF-AM";"DEL01-AM";"UOP01-DEL01-AM"
509413;2023-03-09;"quinta-feira";"07:00:00";"RO";364;295;"PRESIDENTE MEDICI";"Reação tardia ou ineficiente do condutor";"Saída de leito carroçável";"Com Vítimas Feridas";"Pleno dia";"Crescente";"Céu Claro";"Simples";"Reta";"Não";1;0;1;0;0;0;1;1;-11,28920189;-61,89866179;"SPRF-RO";"DEL02-RO";"UOP01-DEL02-RO"
509414;2023-03-09;"quinta-feira";"10:20:00";"RN";101;94;"NATAL";"Conversão proibida";"Colisão lateral mesmo sentido";"Com Vítimas Feridas";"Pleno dia";"Decrescente";"Céu Claro";"Dupla";"Reta";"Sim";3;0;1;0;2;0;1;2;-5,83176615;-35,21191342;"SPRF-RN";"DEL01-RN";"UOP01-DEL01-RN"
509415;2023-03-09;"quinta-feira";"10:00:00";"PR";376;183,9;"SARANDI";"Condutor deixou de manter distância do veículo da frente";"Colisão traseira";"Sem Vítimas";"Pleno dia";"Decrescente";"Céu Claro";"Dupla";"Declive;Reta";"Sim";2;0;0;0;2;0;0;2;-23,44159097;-51,87067398;"SPRF-PR";"DEL09-PR";"UOP01-DEL09-PR"
509416;2023-03-09;"quinta-feira";"08:40:00";"SC";282;618;"IRACEMINHA";"Chuva";"Saída de leito carroçável";"Com Vítimas Feridas";"Pleno dia";"Crescente";"Chuva";"Simples";"Declive";"Não";1;0;1;0;0;0;1;1;-26,788088;-53,293259;"SPRF-SC";"DEL07-SC";"UOP02-DEL07-SC"
509418;2023-03-08;"quarta-feira";"13:30:00";"PR";277;231,6;"FERNANDES PINHEIRO";"Transitar na contramão";"Colisão lateral sentido oposto";"Com Vítimas Feridas";"Pleno dia";"Crescente";"Céu Claro";"Simples";"Declive;Curva";"Não";2;0;1;0;1;0;1;2;-25,46327081;-50,54992211;"SPRF-PR";"DEL08-PR";"UOP02-DEL08-PR"
509419;2023-01-30;"segunda-feira";"17:05:00";"RN";101;125;"SAO JOSE DE MIPIBU";"Ingestão de álcool pelo condutor";"Atropelamento de Pedestre";"Com Vítimas Feridas";"Anoitecer";"Crescente";"Céu Claro";"Dupla";"Reta";"Sim";3;0;2;1;0;0;3;2;-6,07815599;-35,23412006;"SPRF-RN";"DEL01-RN";"UOP01-DEL01-RN"
509420;2023-03-09;"quinta-feira";"05:00:00";"PR";277;292,6;"PRUDENTOPOLIS";"Animais na Pista";"Atropelamento de Animal";"Com Vítimas Feridas";"Plena Noite";"Decrescente";"Chuva";"Simples";"Reta";"Não";15;0;1;0;14;0;1;1;-25,31366818;-51,07956469;"SPRF-PR";"DEL08-PR";"UOP02-DEL08-PR"
509421;2023-03-09;"quinta-feira";"09:01:00";"AC";364;136;"RIO BRANCO";"Ausência de reação do condutor";"Colisão transversal";"Com Vítimas Feridas";"Pleno dia";"Crescente";"Nublado";"Dupla";"Reta";"Sim";2;0;2;0;0;0;2;2;-9,977578;-67,8489;"SPRF-AC";"DEL01-AC";"UOP01-DEL01-AC"
509422;2023-03-09;"quinta-feira";"12:10:00";"SP";116;222;"GUARULHOS";"Reação tardia ou ineficiente do condutor";"Colisão traseira";"Com Vítimas Feridas";"Pleno dia";"Crescente";"Céu Claro";"Múltipla";"Reta";"Sim";2;0;1;0;0;1;1;2;-23,47103091;-46,51765823;"SPRF-SP";"DEL01-SP";"UOP01-DEL01-SP"
509424;2023-01-08;"domingo";"19:00:00";"MG";40;753,8;"EWBANK DA CAMARA";"Velocidade Incompatível";"Tombamento";"Sem Vítimas";"Plena Noite";"Decrescente";"Chuva";"Simples";"Reta";"Não";1;0;0;0;0;1;0;1;-21,47144207;-43,5456067;"SPRF-MG";"DEL05-MG";"UOP01-DEL05-MG"
509425;2023-03-09;"quinta-feira";"12:10:00";"CE";222;4;"CAUCAIA";"Mal súbito do condutor";"Saída de leito carroçável";"Com Vítimas Feridas";"Pleno dia";"Crescente";"Céu Claro";"Dupla";"Reta";"Sim";1;0;0;1;0;0;1;1;-3,74164754;-38,60449792;"SPRF-CE";"DEL01-CE";"UOP01-DEL01-CE"
509426;2023-03-09;"quinta-feira";"11:30:00";"RS";293;49,9;"CERRITO";"Desrespeitar a preferência no cruzamento";"Colisão transversal";"Com Vítimas Feridas";"Pleno dia";"Crescente";"Céu Claro";"Simples";"Interseção de Vias";"Não";3;0;0;1;2;0;1;2;-31,73341175;-52,81660594;"SPRF-RS";"DEL07-RS";"UOP01-DEL07-RS"
509427;2023-03-09;"quinta-feira";"08:15:00";"RS";470;163;"NOVA PRATA";"Condutor deixou de manter distância do veículo da frente";"Engavetamento";"Sem Vítimas";"Pleno dia";"Decrescente";"Céu Claro";"Simples";"Reta;Em Obras";"Não";3;0;0;0;3;0;0;3;-28,82755543;-51,58058532;"SPRF-RS";"DEL06-RS";"UOP02-DEL06-RS"
509428;2023-03-09;"quinta-feira";"11:55:00";"PR";116;86;"PIRAQUARA";"Acessar a via sem observar a presença dos outros veículos";"Colisão lateral mesmo sentido";"Com Vítimas Feridas";"Pleno dia";"Decrescente";"Céu Claro";"Múltipla";"Interseção de Vias;Reta";"Não";2;0;1;0;1;0;1;2;-25,46222335;-49,08888817;"SPRF-PR";"DEL01-PR";"UOP07-DEL01-PR"
509429;2023-03-09;"quinta-feira";"12:30:00";"MG";381;501;"BETIM";"Avarias e/ou desgaste excessivo no pneu";"Tombamento";"Com Vítimas Feridas";"Pleno dia";"Crescente";"Céu Claro";"Dupla";"Reta;Declive";"Não";2;0;2;0;0;0;2;1;-20,03146447;-44,2377893;"SPRF-MG";"DEL04-MG";"UOP03-DEL04-MG"
509430;2023-03-09;"quinta-feira";"11:00:00";"SP";116;275,9;"EMBU DAS ARTES";"Entrada inopinada do pedestre";"Atropelamento de Pedestre";"Com Vítimas Feridas";"Pleno dia";"Decrescente";"Nublado";"Dupla";"Reta";"Sim";2;0;0;1;1;0;1;2;-23,63638826;-46,83251584;"SPRF-SP";"DEL04-SP";"UOP01-DEL04-SP"
509432;2023-03-09;"quinta-feira";"11:45:00";"RJ";116;78;"TERESOPOLIS";"Pedestre cruzava a pista fora da faixa";"Atropelamento de Pedestre";"Com Vítimas Feridas";"Pleno dia";"Crescente";"Céu Claro";"Simples";"Reta";"Sim";2;0;1;0;1;0;1;2;-22,37408687;-42,95260496;"SPRF-RJ";"DEL04-RJ";"UOP01-DEL04-RJ"
509433;2023-03-09;"quinta-feira";"11:00:00";"SC";101;287;"IMBITUBA";"Acessar a via sem observar a presença dos outros veículos";"Queda de ocupante de veículo";"Com Vítimas Feridas";"Pleno dia";"Decrescente";"Céu Claro";"Dupla";"Reta";"Não";1;0;1;0;0;0;1;1;-28,23766496;-48,70059767;"SPRF-SC";"DEL02-SC";"UOP03-DEL02-SC"
509434;2023-03-09;"quinta-feira";"13:00:00";"RS";101;71,9;"OSORIO";"Condutor Dormindo";"Saída de leito carroçável";"Com Vítimas Feridas";"Pleno dia";"Crescente";"Céu Claro";"Dupla";"Reta";"Sim";3;0;2;0;1;0;2;1;-29,76386237;-50,21775668;"SPRF-RS";"DEL03-RS";"UOP01-DEL03-RS"
509435;2023-03-09;"quinta-feira";"09:27:00";"RO";364;426;"JARU";"Acessar a via sem observar a presença dos outros veículos";"Colisão transversal";"Sem Vítimas";"Pleno dia";"Crescente";"Céu Claro";"Dupla";"Rotatória;Reta";"Sim";3;0;0;0;3;0;0;2;-10,432443;-62,479584;"SPRF-RO";"DEL03-RO";"UOP02-DEL03-RO"
509441;2023-03-09;"quinta-feira";"13:05:00";"MT";70;7;"BARRA DO GARCAS";"Acessar a via sem observar a presença dos outros veículos";"Colisão transversal";"Com Vítimas Feridas";"Pleno dia";"Crescente";"Céu Claro";"Simples";"Reta";"Não";2;0;2;0;0;0;2;2;-15,878143;-52,316788;"SPRF-MT";"DEL07-MT";"UOP01-DEL07-MT"
509442;2023-03-09;"quinta-feira";"12:40:00";"MG";381;428;"SABARA";"Transitar na contramão";"Colisão frontal";"Com Vítimas Feridas";"Pleno dia";"Crescente";"Céu Claro";"Simples";"Curva;Aclive";"Não";3;0;2;0;1;0;2;2;-19,78885371;-43,70613892;"SPRF-MG";"DEL01-MG";"UOP01-DEL01-MG"
509443;2023-03-09;"quinta-feira";"08:20:00";"MA";10;255;"IMPERATRIZ";"Ultrapassagem Indevida";"Colisão transversal";"Com Vítimas Feridas";"Pleno dia";"Crescente";"Sol";"Simples";"Reta";"Sim";3;0;1;0;2;0;1;2;-5,508798;-47,471718;"SPRF-MA";"DEL04-MA";"UOP01-DEL04-MA"
509445;2023-03-09;"quinta-feira";"13:00:00";"PE";232;409;"SERRA TALHADA";"Acessar a via sem observar a presença dos outros veículos";"Colisão transversal";"Com Vítimas Feridas";"Pleno dia";"Decrescente";"Céu Claro";"Múltipla";"Interseção de Vias";"Sim";4;0;1;0;1;2;1;3;-7,981944;-38,289467;"SPRF-PE";"DEL04-PE";"UOP01-DEL04-PE"
509446;2023-03-09;"quinta-feira";"14:00:00";"SC";101;144;"ITAPEMA";"Ausência de reação do condutor";"Colisão traseira";"Com Vítimas Feridas";"Pleno dia";"Crescente";"Céu Claro";"Dupla";"Reta";"Sim";2;0;2;0;0;0;2;2;-27,0732659;-48,59672716;"SPRF-SC";"DEL04-SC";"UOP03-DEL04-SC"
509448;2023-02-26;"domingo";"09:45:00";"MG";116;684,8;"MURIAE";"Ultrapassagem Indevida";"Colisão com objeto";"Com Vítimas Feridas";"Pleno dia";"Crescente";"Céu Claro";"Simples";"Reta";"Não";2;0;0;1;1;0;1;2;-20,97323599;-42,35516386;"SPRF-MG";"DEL07-MG";"UOP02-DEL07-MG"
509450;2023-03-09;"quinta-feira";"12:00:00";"SC";470;70,1;"INDAIAL";"Condutor deixou de manter distância do veículo da frente";"Colisão traseira";"Com Vítimas Feridas";"Pleno dia";"Decrescente";"Céu Claro";"Simples";"Reta";"Não";2;0;1;0;1;0;1;2;-26,889374;-49,254478;"SPRF-SC";"DEL04-SC";"UOP01-DEL04-SC"
509451;2023-02-18;"sábado";"12:50:00";"CE";304;97,9;"ARACATI";"Manobra de mudança de faixa";"Colisão frontal";"Com Vítimas Fatais";"Pleno dia";"Crescente";"Céu Claro";"Simples";"Reta";"Sim";4;2;1;1;0;0;2;2;-4,855756;-37,462703;"SPRF-CE";"DEL03-CE";"UOP03-DEL03-CE"
509452;2023-03-02;"quinta-feira";"04:30:00";"RO";364;312;"PRESIDENTE MEDICI";"Ausência de reação do condutor";"Tombamento";"Com Vítimas Feridas";"Plena Noite";"Decrescente";"Céu Claro";"Simples";"Reta";"Sim";3;0;2;0;0;1;2;2;-11,136345;-61,9012019;"SPRF-RO";"DEL02-RO";"UOP01-DEL02-RO"
509453;2023-02-21;"terça-feira";"07:05:00";"PR";467;108,9;"CASCAVEL";"Ingestão de álcool pelo condutor";"Saída de leito carroçável";"Com Vítimas Feridas";"Pleno dia";"Decrescente";"Céu Claro";"Dupla";"Curva";"Sim";1;0;1;0;0;0;1;1;-24,9261;-53,4589;"SPRF-PR";"DEL04-PR";"UOP01-DEL04-PR"
509454;2023-03-01;"quarta-feira";"10:45:00";"GO";60;368;"RIO VERDE";"Chuva";"Colisão transversal";"Com Vítimas Feridas";"Pleno dia";"Crescente";"Chuva";"Dupla";"Curva";"Não";2;0;1;0;1;0;1;2;-17,6726;-50,8261;"SPRF-GO";"DEL04-GO";"UOP02-DEL04-GO"
509455;2023-03-09;"quinta-feira";"13:02:00";"AC";364;120;"RIO BRANCO";"Acessar a via sem observar a presença dos outros veículos";"Colisão lateral mesmo sentido";"Com Vítimas Feridas";"Pleno dia";"Crescente";"Chuva";"Dupla";"Reta;Interseção de Vias";"Não";2;0;1;0;1;0;1;2;-10,01226643;-67,75533501;"SPRF-AC";"DEL01-AC";"UOP01-DEL01-AC"
509456;2023-02-21;"terça-feira";"20:20:00";"MG";365;648;"UBERLANDIA";"Reação tardia ou ineficiente do condutor";"Colisão lateral mesmo sentido";"Com Vítimas Feridas";"Plena Noite";"Decrescente";"Céu Claro";"Dupla";"Reta";"Não";3;0;1;0;2;0;1;2;-18,87284932;-48,54026605;"SPRF-MG";"DEL15-MG";"UOP01-DEL15-MG"
509457;2023-03-09;"quinta-feira";"13:45:00";"RN";304;24;"MOSSORO";"Velocidade Incompatível";"Saída de leito carroçável";"Sem Vítimas";"Pleno dia";"Crescente";"Céu Claro";"Dupla";"Curva;Rotatória";"Não";1;0;0;0;0;1;0;1;-5,06488233;-37,33287055;"SPRF-RN";"DEL04-RN";"UOP02-DEL04-RN"
509459;2023-03-09;"quinta-feira";"14:00:00";"RS";116;238;"NOVO HAMBURGO";"Animais na Pista";"Atropelamento de Animal";"Com Vítimas Feridas";"Pleno dia";"Crescente";"Céu Claro";"Dupla";"Reta";"Sim";1;0;1;0;0;0;1;1;-29,68739789;-51,14197352;"SPRF-RS";"DEL01-RS";"UOP02-DEL01-RS"
509460;2023-03-09;"quinta-feira";"14:52:00";"PR";277;234;"FERNANDES PINHEIRO";"Reação tardia ou ineficiente do condutor";"Queda de ocupante de veículo";"Com Vítimas Feridas";"Pleno dia";"Decrescente";"Céu Claro";"Múltipla";"Rotatória";"Não";1;0;1;0;0;0;1;1;-25,46487461;-50,57440817;"SPRF-PR";"DEL08-PR";"UOP02-DEL08-PR"
509461;2023-03-09;"quinta-feira";"15:53:00";"MG";381;515;"IGARAPE";"Demais falhas mecânicas ou elétricas";"Tombamento";"Com Vítimas Feridas";"Pleno dia";"Decrescente";"Nublado";"Dupla";"Curva";"Não";1;0;1;0;0;0;1;1;-20,11094229;-44,32385296;"SPRF-MG";"DEL04-MG";"UOP03-DEL04-MG"
509463;2023-03-09;"quinta-feira";"16:30:00";"RS";285;120,5;"VACARIA";"Acessar a via sem observar a presença dos outros veículos";"Colisão transversal";"Com Vítimas Feridas";"Pleno dia";"Crescente";"Céu Claro";"Simples";"Reta";"Sim";4;0;1;0;3;0;1;2;-28,50957828;-50,9314692;"SPRF-RS";"DEL05-RS";"UOP03-DEL05-RS"
509465;2023-03-09;"quinta-feira";"17:00:00";"CE";116;5;"FORTALEZA";"Transitar na contramão";"Colisão frontal";"Com Vítimas Feridas";"Anoitecer";"Decrescente";"Céu Claro";"Múltipla";"Curva;Viaduto;Declive";"Sim";2;0;0;1;1;0;1;2;-3,80006835;-38,50409746;"SPRF-CE";"DEL01-CE";"UOP02-DEL01-CE"
509467;2023-03-09;"quinta-feira";"15:25:00";"MG";40;509,9;"RIBEIRAO DAS NEVES";"Ingestão de álcool e/ou substâncias psicoativas pelo pedestre";"Saída de leito carroçável";"Sem Vítimas";"Pleno dia";"Decrescente";"Céu Claro";"Dupla";"Reta;Aclive";"Não";1;0;0;0;1;0;0;1;-19,76728744;-44,12855905;"SPRF-MG";"DEL01-MG";"UOP02-DEL01-MG"
509468;2023-03-09;"quinta-feira";"16:41:00";"SP";101;50,5;"UBATUBA";"Acessar a via sem observar a presença dos outros veículos";"Colisão transversal";"Com Vítimas Feridas";"Pleno dia";"Decrescente";"Céu Claro";"Simples";"Reta";"Sim";4;0;0;1;2;1;1;4;-23,45161289;-45,07598162;"SPRF-SP";"DEL06-SP";"UOP01-DEL06-SP"
509470;2023-03-09;"quinta-feira";"16:55:00";"RS";287;247;"SANTA MARIA";"Reação tardia ou ineficiente do condutor";"Atropelamento de Pedestre";"Com Vítimas Feridas";"Pleno dia";"Crescente";"Céu Claro";"Dupla";"Reta";"Sim";2;0;2;0;0;0;2;2;-29,69991534;-53,84176017;"SPRF-RS";"DEL09-RS";"UOP01-DEL09-RS"
509471;2023-03-09;"quinta-feira";"09:55:00";"RJ";101;244,3;"SILVA JARDIM";"Ausência de reação do condutor";"Capotamento";"Sem Vítimas";"Pleno dia";"Decrescente";"Céu Claro";"Dupla";"Curva;Viaduto;Aclive";"Sim";1;0;0;0;1;0;0;1;-22,64063219;-42,47356596;"SPRF-RJ";"DEL02-RJ";"UOP03-DEL02-RJ"
509472;2023-03-09;"quinta-feira";"16:20:00";"PR";376;596;"CURITIBA";"Reação tardia ou ineficiente do condutor";"Colisão transversal";"Com Vítimas Feridas";"Pleno dia";"Crescente";"Chuva";"Dupla";"Reta";"Sim";2;0;1;0;1;0;1;2;-25,50194708;-49,3415524;"SPRF-PR";"DEL01-PR";"UOP06-DEL01-PR"
509474;2023-02-05;"domingo";"18:05:00";"RS";386;350;"ESTRELA";"Ausência de reação do condutor";"Tombamento";"Com Vítimas Feridas";"Pleno dia";"Crescente";"Céu Claro";"Dupla";"Em Obras;Ponte;Reta";"Sim";2;0;1;0;0;1;1;2;-29,4743;-51,952923;"SPRF-RS";"DEL04-RS";"UOP02-DEL04-RS"
509477;2023-03-09;"quinta-feira";"06:50:00";"MG";116;458,4;"ENGENHEIRO CALDAS";"Animais na Pista";"Tombamento";"Com Vítimas Feridas";"Pleno dia";"Decrescente";"Céu Claro";"Simples";"Reta";"Não";2;0;1;1;0;0;2;1;-19,21626114;-42,0573808;"SPRF-MG";"DEL06-MG";"UOP02-DEL06-MG"
509479;2023-03-09;"quinta-feira";"18:05:00";"MG";381;499,8;"BETIM";"Velocidade Incompatível";"Engavetamento";"Com Vítimas Feridas";"Anoitecer";"Decrescente";"Céu Claro";"Dupla";"Aclive;Reta";"Não";4;0;1;0;3;0;1;4;-20,01792651;-44,2261448;"SPRF-MG";"DEL01-MG";"UOP03-DEL01-MG"
509480;2023-03-09;"quinta-feira";"18:00:00";"CE";116;41,5;"HORIZONTE";"Mal súbito do condutor";"Colisão traseira";"Com Vítimas Feridas";"Anoitecer";"Decrescente";"Nublado";"Dupla";"Reta";"Sim";3;0;0;1;2;0;1;2;-4,09496999;-38,50351984;"SPRF-CE";"DEL01-CE";"UOP02-DEL01-CE"
509481;2023-03-09;"quinta-feira";"17:30:00";"MG";40;483;"SETE LAGOAS";"Demais falhas mecânicas ou elétricas";"Incêndio";"Sem Vítimas";"Pleno dia";"Decrescente";"Céu Claro";"Dupla";"Declive;Reta";"Não";1;0;0;0;1;0;0;1;-19,56753;-44,23715;"SPRF-MG";"DEL02-MG";"UOP01-DEL02-MG"
509488;2023-02-19;"domingo";"22:30:00";"PI";316;293;"PICOS";"Animais na Pista";"Atropelamento de Animal";"Com Vítimas Feridas";"Plena Noite";"Decrescente";"Céu Claro";"Simples";"Reta";"Não";1;0;0;1;0;0;1;1;-7,0096163;-41,59571616;"SPRF-PI";"DEL04-PI";"UOP01-DEL04-PI"
509489;2023-03-09;"quinta-feira";"18:10:00";"RS";116;224;"DOIS IRMAOS";"Acumulo de areia ou detritos sobre o pavimento";"Colisão com objeto";"Sem Vítimas";"Anoitecer";"Crescente";"Céu Claro";"Simples";"Curva;Declive;Em Obras";"Não";2;0;0;0;2;0;0;1;-29,58975513;-51,10781795;"SPRF-RS";"DEL01-RS";"UOP02-DEL01-RS"
509492;2023-03-09;"quinta-feira";"18:50:00";"RJ";40;124;"DUQUE DE CAXIAS";"Pedestre cruzava a pista fora da faixa";"Atropelamento de Pedestre";"Com Vítimas Feridas";"Plena Noite";"Decrescente";"Nublado";"Múltipla";"Reta";"Sim";3;0;0;1;2;0;1;2;-22,79907687;-43,29015739;"SPRF-RJ";"DEL01-RJ";"UOP01-DEL01-RJ"
509494;2023-03-09;"quinta-feira";"18:00:00";"RS";392;9,5;"RIO GRANDE";"Retorno proibido";"Colisão transversal";"Com Vítimas Feridas";"Pleno dia";"Decrescente";"Céu Claro";"Simples";"Reta";"Não";2;0;0;1;1;0;1;2;-32,11351293;-52,1165657;"SPRF-RS";"DEL07-RS";"UOP02-DEL07-RS"
509497;2023-03-09;"quinta-feira";"19:10:00";"RN";101;85;"SAO GONCALO DO AMARANTE";"Acessar a via sem observar a presença dos outros veículos";"Colisão transversal";"Com Vítimas Feridas";"Plena Noite";"Crescente";"Nublado";"Dupla";"Viaduto;Interseção de Vias;Túnel";"Sim";2;0;1;0;1;0;1;2;-5,777664;-35,24937;"SPRF-RN";"DEL02-RN";"UOP01-DEL02-RN"
509499;2023-03-09;"quinta-feira";"18:15:00";"RS";158;183,7;"CRUZ ALTA";"Reação tardia ou ineficiente do condutor";"Saída de leito carroçável";"Com Vítimas Feridas";"Anoitecer";"Crescente";"Céu Claro";"Simples";"Reta";"Não";2;0;1;0;1;0;1;1;-28,55305046;-53,55723381;"SPRF-RS";"DEL10-RS";"UOP02-DEL10-RS"
509500;2023-03-09;"quinta-feira";"18:30:00";"RJ";116;148,7;"DUQUE DE CAXIAS";"Pedestre cruzava a pista fora da faixa";"Atropelamento de Pedestre";"Com Vítimas Feridas";"Plena Noite";"Decrescente";"Céu Claro";"Múltipla";"Aclive;Curva";"Sim";3;0;2;1;0;0;3;2;-22,6723488;-43,28215398;"SPRF-RJ";"DEL01-RJ";"UOP01-DEL01-RJ"
509503;2023-03-09;"quinta-feira";"19:20:00";"GO";50;206;"CAMPO ALEGRE DE GOIAS";"Acessar a via sem observar a presença dos outros veículos";"Colisão lateral mesmo sentido";"Com Vítimas Feridas";"Anoitecer";"Crescente";"Garoa/Chuvisco";"Dupla";"Reta";"Não";2;0;1;0;1;0;1;2;-17,6173;-47,7787;"SPRF-GO";"DEL06-GO";"UOP01-DEL06-GO"
509504;2023-03-09;"quinta-feira";"18:30:00";"MG";40;529;"CONTAGEM";"Ausência de reação do condutor";"Colisão traseira";"Com Vítimas Feridas";"Plena Noite";"Decrescente";"Céu Claro";"Dupla";"Reta";"Sim";4;0;2;0;2;0;2;2;-19,91635592;-44,03966566;"SPRF-MG";"DEL01-MG";"UOP02-DEL01-MG"
509508;2023-03-09;"quinta-feira";"15:00:00";"PR";163;7;"BARRACAO";"Ultrapassagem Indevida";"Colisão traseira";"Com Vítimas Feridas";"Pleno dia";"Crescente";"Nublado";"Simples";"Curva";"Não";4;0;0;2;2;0;2;3;-26,26878826;-53,58890533;"SPRF-PR";"DEL02-PR";"UOP02-DEL02-PR"
509511;2023-03-09;"quinta-feira";"13:10:00";"SP";116;271;"TABOAO DA SERRA";"Transitar na contramão";"Colisão frontal";"Com Vítimas Fatais";"Pleno dia";"Crescente";"Nublado";"Dupla";"Reta";"Sim";3;1;1;0;1;0;1;3;-23,61809286;-46,80556302;"SPRF-SP";"DEL04-SP";"UOP01-DEL04-SP"
509512;2023-03-09;"quinta-feira";"20:00:00";"DF";40;1,4;"BRASILIA";"Manobra de mudança de faixa";"Colisão lateral mesmo sentido";"Com Vítimas Feridas";"Plena Noite";"Crescente";"Céu Claro";"Dupla";"Reta";"Sim";2;0;1;0;1;0;1;2;-15,985532;-47,987747;"SPRF-DF";"DEL01-DF";"UOP01-DEL01-DF"
509515;2023-02-26;"domingo";"11:45:00";"RS";116;512;"PELOTAS";"Condutor deixou de manter distância do veículo da frente";"Colisão lateral mesmo sentido";"Com Vítimas Fatais";"Pleno dia";"Crescente";"Céu Claro";"Simples";"Curva";"Não";3;1;0;0;2;0;0;2;-31,612702;-52,305235;"SPRF-RS";"DEL07-RS";"UOP01-DEL07-RS"
509517;2023-03-09;"quinta-feira";"20:15:00";"SP";153;63,6;"SAO JOSE DO RIO PRETO";"Reação tardia ou ineficiente do condutor";"Colisão com objeto";"Com Vítimas Feridas";"Plena Noite";"Decrescente";"Céu Claro";"Dupla";"Curva";"Sim";1;0;1;0;0;0;1;1;-20,82149698;-49,35764818;"SPRF-SP";"DEL09-SP";"UOP01-DEL09-SP"
509518;2023-03-09;"quinta-feira";"19:30:00";"RS";285;341,4;"CARAZINHO";"Transitar na contramão";"Colisão transversal";"Com Vítimas Feridas";"Plena Noite";"Crescente";"Céu Claro";"Simples";"Interseção de Vias";"Sim";5;0;2;1;2;0;3;2;-28,31773664;-52,80644059;"SPRF-RS";"DEL08-RS";"UOP03-DEL08-RS"
509520;2023-03-09;"quinta-feira";"17:20:00";"SC";163;71,3;"SAO MIGUEL DO OESTE";"Reação tardia ou ineficiente do condutor";"Atropelamento de Pedestre";"Com Vítimas Fatais";"Pleno dia";"Decrescente";"Céu Claro";"Dupla";"Reta";"Sim";2;1;0;0;1;0;0;2;-26,7253831;-53,51327777;"SPRF-SC";"DEL07-SC";"UOP03-DEL07-SC"