"id";"data_inversa";"dia_semana";"horario";"uf";"br";"km";"municipio";"causa_acidente";"tipo_acidente";"classificacao_acidente";"fase_dia";"sentido_via";"condicao_metereologica";"tipo_pista";"tracado_via";"uso_solo";"pessoas";"mortos";"feridos_leves";"feridos_graves";"ilesos";"ignorados";"feridos";"veiculos";"latitude";"longitude";"regional";"delegacia";"uop"
509659;2023-03-10;"sexta-feira";"16:10:00";"MG";40;794;"JUIZ DE FORA";"Velocidade Incompatível";"Colisão com objeto";"Com Vítimas Feridas";"Pleno dia";"Crescente";"Céu Claro";"Dupla";"Curva";"Não";2;0;2;0;0;0;2;1;-21,79926451;-43,40729012;"SPRF-MG";"DEL05-MG";"UOP01-DEL05-MG"
509663;2023-03-10;"sexta-feira";"16:25:00";"RS";116;234;"ESTANCIA VELHA";"Área urbana sem a presença de local apropriado para a travessia de pedestres";"Atropelamento de Pedestre";"Com Vítimas Feridas";"Pleno dia";"Decrescente";"Céu Claro";"Simples";"Reta;Aclive";"Sim";2;0;0;2;0;0;2;2;-29,65121313;-51,1444433;"SPRF-RS";"DEL01-RS";"UOP02-DEL01-RS"
509664;2023-03-02;"quinta-feira";"14:00:00";"PR";373;174;"PONTA GROSSA";"Reação tardia ou ineficiente do condutor";"Colisão traseira";"Com Vítimas Feridas";"Pleno dia";"Crescente";"Nublado";"Múltipla";"Reta;Retorno Regulamentado";"Sim";2;0;1;0;1;0;1;2;-25,07594908;-50,20995715;"SPRF-PR";"DEL03-PR";"UOP01-DEL03-PR"
509665;2023-03-10;"sexta-feira";"16:40:00";"MG";365;17,9;"MONTES CLAROS";"Pista Escorregadia";"Saída de leito carroçável";"Com Vítimas Feridas";"Pleno dia";"Decrescente";"Chuva";"Simples";"Declive;Reta";"Não";3;0;2;1;0;0;3;1;-16,87824584;-44,00270102;"SPRF-MG";"DEL12-MG";"UOP01-DEL12-MG"
509669;2023-03-10;"sexta-feira";"15:20:00";"RS";285;97,6;"MONTE ALEGRE DOS CAMPOS";"Velocidade Incompatível";"Saída de leito carroçável";"Com Vítimas Feridas";"Pleno dia";"Decrescente";"Nublado";"Simples";"Curva";"Não";1;0;1;0;0;0;1;1;-28,593403;-50,751537;"SPRF-RS";"DEL05-RS";"UOP03-DEL05-RS"
509674;2023-03-10;"sexta-feira";"17:30:00";"CE";116;39;"HORIZONTE";"Demais falhas mecânicas ou elétricas";"Colisão traseira";"Com Vítimas Feridas";"Anoitecer";"Crescente";"Céu Claro";"Dupla";"Reta";"Sim";2;0;1;0;1;0;1;2;-4,08722773;-38,500659;"SPRF-CE";"DEL01-CE";"UOP02-DEL01-CE"
509675;2023-03-10;"sexta-feira";"12:30:00";"BA";418;88;"NOVA VICOSA";"Acessar a via sem observar a presença dos outros veículos";"Colisão transversal";"Com Vítimas Feridas";"Pleno dia";"Crescente";"Céu Claro";"Simples";"Reta";"Sim";2;0;1;0;1;0;1;2;-17,8837369;-39,84940208;"SPRF-BA";"DEL09-BA";"UOP02-DEL09-BA"
509676;2023-03-10;"sexta-feira";"15:00:00";"RO";364;425,4;"JARU";"Retorno proibido";"Colisão lateral mesmo sentido";"Com Vítimas Feridas";"Pleno dia";"Decrescente";"Sol";"Simples";"Declive;Reta";"Sim";5;0;2;0;3;0;2;2;-10,43697448;-62,47241914;"SPRF-RO";"DEL03-RO";"UOP02-DEL03-RO"
509679;2023-03-10;"sexta-feira";"05:50:00";"RJ";101;318;"SAO GONCALO";"Reação tardia ou ineficiente do condutor";"Colisão traseira";"Com Vítimas Feridas";"Pleno dia";"Crescente";"Céu Claro";"Dupla";"Reta";"Sim";2;0;1;0;1;0;1;2;-22,84562994;-43,09841211;"SPRF-RJ";"DEL02-RJ";"UOP02-DEL02-RJ"
509680;2023-03-10;"sexta-feira";"17:30:00";"PR";277;81;"CURITIBA";"Condutor deixou de manter distância do veículo da frente";"Colisão traseira";"Com Vítimas Feridas";"Pleno dia";"Crescente";"Céu Claro";"Dupla";"Reta";"Sim";2;0;1;0;1;0;1;2;-25,568939;-49,181978;"SPRF-PR";"DEL01-PR";"UOP01-DEL01-PR"
509681;2023-03-10;"sexta-feira";"17:20:00";"SC";282;41,5;"AGUAS MORNAS";"Acessar a via sem observar a presença dos outros veículos";"Colisão transversal";"Com Vítimas Feridas";"Pleno dia";"Crescente";"Nublado";"Simples";"Reta";"Sim";2;0;0;2;0;0;2;2;-27,715973;-48,878979;"SPRF-SC";"DEL01-SC";"UOP03-DEL01-SC"
509683;2023-03-10;"sexta-feira";"11:45:00";"MG";262;418,1;"PARA DE MINAS";"Acessar a via sem observar a presença dos outros veículos";"Colisão transversal";"Com Vítimas Feridas";"Pleno dia";"Decrescente";"Céu Claro";"Dupla";"Reta;Retorno Regulamentado";"Sim";2;0;1;0;1;0;1;2;-19,89963382;-44,69608755;"SPRF-MG";"DEL08-MG";"UOP03-DEL08-MG"
509684;2023-03-10;"sexta-feira";"16:15:00";"SC";282;517,5;"XAXIM";"Reação tardia ou ineficiente do condutor";"Saída de leito carroçável";"Sem Vítimas";"Pleno dia";"Crescente";"Céu Claro";"Dupla";"Reta;Declive";"Não";1;0;0;0;1;0;0;1;-26,939375;-52,500057;"SPRF-SC";"DEL07-SC";"UOP01-DEL07-SC"
509686;2023-03-10;"sexta-feira";"17:30:00";"PR";376;617;"SAO JOSE DOS PINHAIS";"Ausência de reação do condutor";"Colisão com objeto";"Com Vítimas Feridas";"Pleno dia";"Decrescente";"Nublado";"Dupla";"Aclive;Curva";"Não";1;0;0;1;0;0;1;1;-25,58426494;-49,17618795;"SPRF-PR";"DEL01-PR";"UOP04-DEL01-PR"
509687;2023-03-10;"sexta-feira";"18:20:00";"BA";324;533;"FEIRA DE SANTANA";"Ausência de reação do condutor";"Tombamento";"Com Vítimas Feridas";"Anoitecer";"Crescente";"Céu Claro";"Dupla";"Reta";"Sim";2;0;2;0;0;0;2;1;-12,36963333;-38,81320954;"SPRF-BA";"DEL01-BA";"UOP03-DEL01-BA"
509688;2023-03-10;"sexta-feira";"16:25:00";"AL";101;120;"SAO MIGUEL DOS CAMPOS";"Acesso irregular";"Colisão frontal";"Com Vítimas Feridas";"Pleno dia";"Decrescente";"Céu Claro";"Dupla";"Curva";"Não";4;0;3;1;0;0;4;2;-9,68088104;-36,03736984;"SPRF-AL";"DEL02-AL";"UOP01-DEL02-AL"
509691;2023-03-10;"sexta-feira";"15:45:00";"MG";262;22,6;"REDUTO";"Mal súbito do condutor";"Colisão frontal";"Com Vítimas Feridas";"Pleno dia";"Decrescente";"Sol";"Simples";"Declive;Curva";"Não";2;0;1;0;1;0;1;2;-20,24575292;-41,92502101;"SPRF-MG";"DEL06-MG";"UOP03-DEL06-MG"
509692;2023-01-01;"domingo";"18:30:00";"ES";259;23;"COLATINA";"Reação tardia ou ineficiente do condutor";"Colisão lateral sentido oposto";"Com Vítimas Feridas";"Plena Noite";"Decrescente";"Céu Claro";"Simples";"Curva";"Não";6;0;2;0;4;0;2;2;-19,62639552;-40,46257541;"SPRF-ES";"DEL02-ES";"UOP01-DEL02-ES"
509694;2023-03-03;"sexta-feira";"16:20:00";"RO";364;553;"ALTO PARAISO";"Ultrapassagem Indevida";"Colisão frontal";"Com Vítimas Feridas";"Pleno dia";"Decrescente";"Céu Claro";"Simples";"Reta;Aclive";"Não";4;0;0;2;2;0;2;2;-9,62485;-63,07286307;"SPRF-RO";"DEL03-RO";"UOP01-DEL03-RO"
509696;2023-03-10;"sexta-feira";"16:00:00";"GO";153;618;"MORRINHOS";"Ingestão de álcool pelo condutor";"Saída de leito carroçável";"Sem Vítimas";"Pleno dia";"Crescente";"Sol";"Dupla";"Reta;Declive";"Não";1;0;0;0;1;0;0;1;-17,7039;-49,1552;"SPRF-GO";"DEL03-GO";"UOP01-DEL03-GO"
509698;2023-03-10;"sexta-feira";"12:02:00";"MG";262;483,9;"BOM DESPACHO";"Acessar a via sem observar a presença dos outros veículos";"Colisão transversal";"Com Vítimas Feridas";"Pleno dia";"Crescente";"Céu Claro";"Simples";"Reta";"Não";3;0;1;0;2;0;1;2;-19,78475619;-45,27534199;"SPRF-MG";"DEL08-MG";"UOP03-DEL08-MG"
509701;2023-03-10;"sexta-feira";"19:40:00";"ES";101;338,6;"GUARAPARI";"Transitar na contramão";"Colisão frontal";"Com Vítimas Fatais";"Plena Noite";"Crescente";"Céu Claro";"Simples";"Curva;Em Obras";"Não";8;1;0;1;5;1;1;3;-20,64373822;-40,55506468;"SPRF-ES";"DEL03-ES";"UOP01-DEL03-ES"
509702;2023-03-10;"sexta-feira";"19:00:00";"PB";230;160,2;"CAMPINA GRANDE";"Desrespeitar a preferência no cruzamento";"Colisão transversal";"Com Vítimas Feridas";"Plena Noite";"Crescente";"Céu Claro";"Simples";"Rotatória";"Sim";3;0;2;0;1;0;2;2;-7,2436;-35,9375;"SPRF-PB";"DEL02-PB";"UOP01-DEL02-PB"
509703;2023-03-10;"sexta-feira";"17:30:00";"GO";153;507,3;"APARECIDA DE GOIANIA";"Condutor deixou de manter distância do veículo da frente";"Colisão lateral mesmo sentido";"Com Vítimas Feridas";"Pleno dia";"Crescente";"Céu Claro";"Dupla";"Viaduto";"Sim";2;0;1;0;1;0;1;2;-16,7715;-49,2387;"SPRF-GO";"DEL01-GO";"UOP03-DEL01-GO"
509704;2023-03-10;"sexta-feira";"18:43:00";"BA";116;420;"FEIRA DE SANTANA";"Condutor deixou de manter distância do veículo da frente";"Colisão traseira";"Sem Vítimas";"Plena Noite";"Decrescente";"Céu Claro";"Dupla";"Reta";"Sim";2;0;0;0;2;0;0;2;-12,20321398;-38,96555531;"SPRF-BA";"DEL02-BA";"UOP01-DEL02-BA"
509706;2023-03-10;"sexta-feira";"19:20:00";"GO";60;205,9;"GUAPO";"Manobra de mudança de faixa";"Queda de ocupante de veículo";"Com Vítimas Feridas";"Plena Noite";"Crescente";"Ignorado";"Dupla";"Reta";"Sim";1;0;1;0;0;0;1;1;-16,9041;-49,6466;"SPRF-GO";"DEL01-GO";"UOP02-DEL01-GO"
509707;2023-03-10;"sexta-feira";"17:55:00";"RS";468;102,8;"TRES PASSOS";"Condutor deixou de manter distância do veículo da frente";"Colisão traseira";"Com Vítimas Feridas";"Pleno dia";"Decrescente";"Céu Claro";"Simples";"Curva";"Não";3;0;1;1;1;0;2;2;-27,46424742;-53,93279601;"SPRF-RS";"DEL08-RS";"UOP02-DEL08-RS"
509708;2023-03-10;"sexta-feira";"20:20:00";"SC";470;51,5;"BLUMENAU";"Ausência de reação do condutor";"Atropelamento de Pedestre";"Com Vítimas Feridas";"Plena Noite";"Crescente";"Céu Claro";"Simples";"Aclive;Reta";"Sim";2;0;1;1;0;0;2;2;-26,86317871;-49,08916268;"SPRF-SC";"DEL04-SC";"UOP01-DEL04-SC"
509709;2023-03-10;"sexta-feira";"18:50:00";"MA";230;405,4;"BALSAS";"Desrespeitar a preferência no cruzamento";"Colisão transversal";"Sem Vítimas";"Plena Noite";"Decrescente";"Céu Claro";"Simples";"Interseção de Vias;Reta";"Sim";2;0;0;0;2;0;0;2;-7,52133442;-46,04968976;"SPRF-MA";"DEL05-MA";"UOP01-DEL05-MA"
509711;2023-03-10;"sexta-feira";"20:30:00";"PE";232;136;"CARUARU";"Pedestre cruzava a pista fora da faixa";"Atropelamento de Pedestre";"Com Vítimas Fatais";"Plena Noite";"Decrescente";"Céu Claro";"Dupla";"Aclive;Reta";"Sim";2;1;0;0;1;0;0;2;-8,31339932;-36,04175591;"SPRF-PE";"DEL02-PE";"UOP01-DEL02-PE"
509713;2023-03-10;"sexta-feira";"20:45:00";"PE";232;83,4;"GRAVATA";"Transitar na contramão";"Colisão frontal";"Com Vítimas Fatais";"Plena Noite";"Decrescente";"Céu Claro";"Dupla";"Reta;Declive";"Não";2;1;0;1;0;0;1;2;-8,2059894;-35,60359683;"SPRF-PE";"DEL02-PE";"UOP02-DEL02PE"
509715;2023-03-10;"sexta-feira";"11:40:00";"SC";282;645;"SAO MIGUEL DO OESTE";"Ausência de reação do condutor";"Saída de leito carroçável";"Sem Vítimas";"Pleno dia";"Decrescente";"Céu Claro";"Simples";"Declive;Curva";"Não";1;0;0;0;0;1;0;1;-26,765184;-53,487823;"SPRF-SC";"DEL07-SC";"UOP03-DEL07-SC"
509717;2023-03-10;"sexta-feira";"19:25:00";"PR";376;181,8;"MARINGA";"Chuva";"Tombamento";"Com Vítimas Feridas";"Plena Noite";"Crescente";"Chuva";"Dupla";"Reta";"Sim";1;0;1;0;0;0;1;1;-23,43197477;-51,88671852;"SPRF-PR";"DEL09-PR";"UOP01-DEL09-PR"
509718;2023-03-10;"sexta-feira";"21:10:00";"RJ";393;106;"SAPUCAIA";"Reação tardia ou ineficiente do condutor";"Colisão lateral mesmo sentido";"Com Vítimas Feridas";"Plena Noite";"Decrescente";"Céu Claro";"Simples";"Reta";"Sim";2;0;1;0;1;0;1;2;-21,890316;-42,704324;"SPRF-RJ";"DEL05-RJ";"UOP01-DEL05-RJ"
509719;2023-03-10;"sexta-feira";"21:38:00";"RN";101;109;"PARNAMIRIM";"Ausência de reação do condutor";"Saída de leito carroçável";"Sem Vítimas";"Plena Noite";"Decrescente";"Céu Claro";"Dupla";"Em Obras;Declive;Reta";"Sim";1;0;0;0;1;0;0;1;-5,937378;-35,26483;"SPRF-RN";"DEL01-RN";"UOP01-DEL01-RN"
509720;2023-03-10;"sexta-feira";"20:30:00";"CE";222;311;"TIANGUA";"Desrespeitar a preferência no cruzamento";"Colisão transversal";"Com Vítimas Feridas";"Plena Noite";"Decrescente";"Nublado";"Simples";"Viaduto";"Sim";2;0;1;0;0;1;1;2;-3,71440074;-40,98756552;"SPRF-CE";"DEL04-CE";"UOP02-DEL04-CE"
509722;2023-03-10;"sexta-feira";"21:50:00";"SC";101;132;"BALNEARIO CAMBORIU";"Transitar na contramão";"Colisão frontal";"Com Vítimas Feridas";"Plena Noite";"Crescente";"Chuva";"Simples";"Reta";"Não";2;0;0;1;1;0;1;2;-26,99654133;-48,65564711;"SPRF-SC";"DEL04-SC";"UOP03-DEL04-SC"
509724;2023-03-10;"sexta-feira";"17:10:00";"RO";435;123;"CEREJEIRAS";"Ausência de reação do condutor";"Atropelamento de Pedestre";"Com Vítimas Feridas";"Pleno dia";"Decrescente";"Céu Claro";"Dupla";"Reta";"Sim";3;0;1;1;0;1;2;2;-13,18907648;-60,8185119;"SPRF-RO";"DEL04-RO";"UOP02-DEL04-RO"
509725;2023-03-10;"sexta-feira";"20:05:00";"AL";316;211,2;"MARIBONDO";"Animais na Pista";"Atropelamento de Animal";"Sem Vítimas";"Plena Noite";"Crescente";"Céu Claro";"Simples";"Reta";"Não";2;0;0;0;1;1;0;2;-9,536453;-36,2434;"SPRF-AL";"DEL01-AL";"UOP01-DEL01-AL"
509726;2023-03-10;"sexta-feira";"20:25:00";"PI";343;349;"TERESINA";"Transitar na contramão";"Colisão frontal";"Com Vítimas Feridas";"Plena Noite";"Crescente";"Céu Claro";"Dupla";"Reta";"Sim";5;0;0;1;4;0;1;2;-5,122515;-42,794392;"SPRF-PI";"DEL01-PI";"UOP01-DEL01-PI"
509728;2023-03-10;"sexta-feira";"19:30:00";"MA";135;21,1;"SAO LUIS";"Conversão proibida";"Colisão transversal";"Com Vítimas Feridas";"Plena Noite";"Decrescente";"Céu Claro";"Dupla";"Reta";"Sim";3;0;2;0;1;0;2;2;-2,53073;-44,3068;"SPRF-MA";"DEL01-MA";"UOP01-DEL01-MA"
509729;2023-03-10;"sexta-feira";"20:20:00";"PR";277;663,5;"MEDIANEIRA";"Ingestão de álcool pelo condutor";"Saída de leito carroçável";"Com Vítimas Feridas";"Plena Noite";"Crescente";"Céu Claro";"Dupla";"Reta";"Não";1;0;1;0;0;0;1;1;-25,25155419;-54,01878197;"SPRF-PR";"DEL05-PR";"UOP02-DEL05-PR"
509730;2023-03-10;"sexta-feira";"19:45:00";"MT";70;301;"POXOREO";"Animais na Pista";"Atropelamento de Animal";"Com Vítimas Feridas";"Plena Noite";"Decrescente";"Céu Claro";"Simples";"Reta";"Não";2;0;1;0;1;0;1;1;-15,57827858;-54,48050896;"SPRF-MT";"DEL05-MT";"UOP01-DEL05-MT"
509731;2023-03-10;"sexta-feira";"18:00:00";"RS";287;441;"UNISTALDA";"Velocidade Incompatível";"Saída de leito carroçável";"Com Vítimas Feridas";"Pleno dia";"Crescente";"Céu Claro";"Simples";"Curva";"Não";1;0;1;0;0;0;1;1;-29,04051898;-55,21902901;"SPRF-RS";"DEL12-RS";"UOP02-DEL12-RS"
509733;2023-03-10;"sexta-feira";"22:00:00";"MG";381;807;"SAO GONCALO DO SAPUCAI";"Velocidade Incompatível";"Saída de leito carroçável";"Com Vítimas Feridas";"Plena Noite";"Decrescente";"Chuva";"Dupla";"Em Obras";"Não";1;0;1;0;0;0;1;1;-22,02267318;-45,68000319;"SPRF-MG";"DEL16-MG";"UOP02-DEL16-MG"
509735;2023-03-10;"sexta-feira";"15:30:00";"RJ";116;175;"SAO JOAO DE MERITI";"Ausência de reação do condutor";"Colisão traseira";"Com Vítimas Feridas";"Pleno dia";"Crescente";"Céu Claro";"Múltipla";"Reta";"Sim";3;0;1;0;2;0;1;3;-22,78923555;-43,37275272;"SPRF-RJ";"DEL01-RJ";"UOP02-DEL01-RJ"
509736;2023-03-10;"sexta-feira";"22:55:00";"BA";116;3;"VITORIA DA CONQUISTA";"Ausência de reação do condutor";"Colisão traseira";"Com Vítimas Feridas";"Plena Noite";"Crescente";"Céu Claro";"Simples";"Reta";"Não";3;0;1;1;0;1;2;3;-14,825465;-40,865001;"SPRF-PE";"DEL05-PE";"UOP03-DEL05-PE"
509738;2023-03-10;"sexta-feira";"23:20:00";"ES";101;277;"SERRA";"Ausência de reação do condutor";"Colisão traseira";"Com Vítimas Feridas";"Plena Noite";"Crescente";"Céu Claro";"Dupla";"Reta";"Não";2;0;1;0;1;0;1;2;-20,21307738;-40,32125972;"SPRF-ES";"DEL02-ES";"UOP01-DEL02-ES"
509740;2023-03-10;"sexta-feira";"18:20:00";"SP";381;58;"MAIRIPORA";"Reação tardia ou ineficiente do condutor";"Tombamento";"Com Vítimas Feridas";"Plena Noite";"Decrescente";"Chuva";"Dupla";"Declive;Reta";"Não";1;0;1;0;0;0;1;1;-23,27438497;-46,58530615;"SPRF-SP";"DEL03-SP";"UOP01-DEL03-SP"
509741;2023-03-10;"sexta-feira";"22:00:00";"MG";116;494,6;"INHAPIM";"Transitar na contramão";"Colisão lateral sentido oposto";"Com Vítimas Feridas";"Plena Noite";"Crescente";"Nublado";"Simples";"Reta";"Não";4;0;0;2;1;1;2;3;-19,50998002;-42,12818892;"SPRF-MG";"DEL06-MG";"UOP02-DEL06-MG"
509743;2023-03-11;"sábado";"00:20:00";"PR";116;123;"CURITIBA";"Reação tardia ou ineficiente do condutor";"Saída de leito carroçável";"Sem Vítimas";"Plena Noite";"Crescente";"Nublado";"Múltipla";"Curva";"Não";1;0;0;0;0;1;0;1;-25,57736002;-49,31243589;"SPRF-PR";"DEL01-PR";"UOP03-DEL01-PR"
509744;2023-03-11;"sábado";"01:15:00";"ES";262;17,5;"VIANA";"Acessar a via sem observar a presença dos outros veículos";"Atropelamento de Pedestre";"Com Vítimas Feridas";"Plena Noite";"Decrescente";"Céu Claro";"Simples";"Reta";"Sim";2;0;0;1;1;0;1;2;-20,38635961;-40,47272969;"SPRF-ES";"DEL01-ES";"UOP01-DEL01-ES"
509745;2023-03-10;"sexta-feira";"21:10:00";"PR";376;511;"PONTA GROSSA";"Reação tardia ou ineficiente do condutor";"Colisão traseira";"Com Vítimas Feridas";"Plena Noite";"Decrescente";"Céu Claro";"Dupla";"Declive;Reta";"Não";4;0;1;0;3;0;1;2;-25,22574;-50,04894;"SPRF-PR";"DEL03-PR";"UOP04-DEL03-PR"
509749;2023-03-10;"sexta-feira";"14:30:00";"SP";116;515;"CAJATI";"Acumulo de água sobre o pavimento";"Capotamento";"Com Vítimas Feridas";"Pleno dia";"Decrescente";"Chuva";"Dupla";"Curva";"Não";1;0;1;0;0;0;1;1;-24,86704083;-48,21738184;"SPRF-SP";"DEL05-SP";"UOP02-DEL05-SP"
509750;2023-03-10;"sexta-feira";"19:50:00";"BA";110;380;"CATU";"Transitar na contramão";"Colisão frontal";"Sem Vítimas";"Plena Noite";"Crescente";"Céu Claro";"Simples";"Reta";"Não";2;0;0;0;1;1;0;2;-12,45037302;-38,47443191;"SPRF-BA";"DEL01-BA";"UOP01-DEL01-BA"
509751;2023-03-11;"sábado";"03:00:00";"PR";277;74;"SAO JOSE DOS PINHAIS";"Ausência de reação do condutor";"Tombamento";"Com Vítimas Feridas";"Pleno dia";"Crescente";"Chuva";"Dupla";"Reta";"Sim";1;0;1;0;0;0;1;1;-25,49646878;-49,16190277;"SPRF-PR";"DEL01-PR";"UOP01-DEL01-PR"
509754;2023-03-11;"sábado";"03:00:00";"SC";101;117;"ITAJAI";"Acesso irregular";"Colisão traseira";"Com Vítimas Feridas";"Plena Noite";"Crescente";"Garoa/Chuvisco";"Dupla";"Interseção de Vias";"Sim";2;0;1;0;0;1;1;2;-26,88747187;-48,72252969;"SPRF-SC";"DEL04-SC";"UOP04-DEL04-SC"
509755;2023-03-11;"sábado";"03:55:00";"SP";116;489;"CAJATI";"Avarias e/ou desgaste excessivo no pneu";"Saída de leito carroçável";"Com Vítimas Feridas";"Plena Noite";"Crescente";"Nublado";"Dupla";"Curva";"Não";2;0;1;0;0;1;1;2;-24,73034183;-48,10760707;"SPRF-SP";"DEL05-SP";"UOP01-DEL05-SP"
509756;2023-03-11;"sábado";"04:15:00";"ES";101;158,2;"LINHARES";"Ausência de reação do condutor";"Colisão traseira";"Com Vítimas Feridas";"Amanhecer";"Decrescente";"Céu Claro";"Simples";"Reta";"Não";2;0;1;0;1;0;1;1;-19,46094508;-40,10491389;"SPRF-ES";"DEL04-ES";"UOP01-DEL04-ES"
509757;2023-03-11;"sábado";"03:15:00";"PE";101;48,3;"ABREU E LIMA";"Transitar na contramão";"Colisão frontal";"Com Vítimas Fatais";"Plena Noite";"Decrescente";"Céu Claro";"Múltipla";"Reta";"Sim";2;1;0;0;1;0;0;2;-7,89174705;-34,9033493;"SPRF-PE";"DEL01-PE";"UOP02-DEL01-PE"
509759;2023-03-10;"sexta-feira";"16:32:00";"SP";116;567;"BARRA DO TURVO";"Chuva";"Saída de leito carroçável";"Com Vítimas Feridas";"Anoitecer";"Decrescente";"Chuva";"Dupla";"Curva";"Não";3;0;2;0;1;0;2;1;-25,0475499;-48,55355172;"SPRF-SP";"DEL05-SP";"UOP02-DEL05-SP"
509760;2023-03-11;"sábado";"04:30:00";"SC";101;274;"IMBITUBA";"Velocidade Incompatível";"Colisão traseira";"Com Vítimas Feridas";"Plena Noite";"Crescente";"Céu Claro";"Múltipla";"Reta";"Sim";2;0;1;0;0;1;1;2;-28,129852;-48,69322;"SPRF-SC";"DEL02-SC";"UOP03-DEL02-SC"
509761;2023-03-11;"sábado";"01:10:00";"BA";101;349;"WENCESLAU GUIMARAES";"Condutor Dormindo";"Saída de leito carroçável";"Com Vítimas Feridas";"Plena Noite";"Decrescente";"Céu Claro";"Simples";"Reta";"Não";1;0;0;1;0;0;1;1;-13,6519921;-39,48589325;"SPRF-BA";"DEL05-BA";"UOP03-DEL05-BA"
509762;2023-03-11;"sábado";"03:10:00";"PB";230;504,8;"CAJAZEIRAS";"Animais na Pista";"Atropelamento de Animal";"Com Vítimas Fatais";"Plena Noite";"Crescente";"Nublado";"Simples";"Reta";"Sim";2;1;0;0;1;0;0;2;-6,9;-38,55;"SPRF-PB";"DEL03-PB";"UOP03-DEL03-PB"
509763;2023-03-11;"sábado";"03:00:00";"BA";242;893;"LUIS EDUARDO MAGALHAES";"Ultrapassagem Indevida";"Saída de leito carroçável";"Com Vítimas Feridas";"Plena Noite";"Crescente";"Céu Claro";"Simples";"Reta";"Não";2;0;0;2;0;0;2;1;-12,10445227;-45,89332581;"SPRF-BA";"DEL10-BA";"UOP01-DEL10-BA"
509765;2023-03-11;"sábado";"05:15:00";"SP";116;274;"TABOAO DA SERRA";"Acessar a via sem observar a presença dos outros veículos";"Colisão lateral mesmo sentido";"Com Vítimas Feridas";"Amanhecer";"Decrescente";"Céu Claro";"Dupla";"Reta";"Não";1;0;0;1;0;0;1;1;-23,63445084;-46,82418514;"SPRF-SP";"DEL04-SP";"UOP01-DEL04-SP"
509767;2023-03-10;"sexta-feira";"18:30:00";"PI";230;194;"OEIRAS";"Transitar na contramão";"Colisão frontal";"Com Vítimas Feridas";"Plena Noite";"Crescente";"Céu Claro";"Simples";"Reta";"Sim";2;0;1;0;0;1;1;2;-6,99465451;-42,10490528;"SPRF-PI";"DEL04-PI";"UOP01-DEL04-PI"
509768;2023-03-10;"sexta-feira";"16:55:00";"SC";163;2,9;"DIONISIO CERQUEIRA";"Acessar a via sem observar a presença dos outros veículos";"Colisão transversal";"Com Vítimas Feridas";"Pleno dia";"Crescente";"Céu Claro";"Simples";"Reta";"Sim";2;0;0;1;1;0;1;2;-26,26105284;-53,64106894;"SPRF-SC";"DEL07-SC";"UOP03-DEL07-SC"
509770;2023-03-11;"sábado";"02:30:00";"SC";101;138;"BALNEARIO CAMBORIU";"Chuva";"Colisão com objeto";"Sem Vítimas";"Plena Noite";"Decrescente";"Chuva";"Dupla";"Reta";"Não";1;0;0;0;0;1;0;1;-27,02397426;-48,60761649;"SPRF-SC";"DEL04-SC";"UOP03-DEL04-SC"
509771;2023-03-11;"sábado";"06:10:00";"SC";101;376,6;"ICARA";"Ausência de reação do condutor";"Saída de leito carroçável";"Com Vítimas Fatais";"Pleno dia";"Decrescente";"Céu Claro";"Múltipla";"Curva";"Não";1;1;0;0;0;0;0;1;-28,743289;-49,253171;"SPRF-SC";"DEL02-SC";"UOP01-DEL02-SC"
509772;2023-03-11;"sábado";"06:20:00";"SC";101;269,9;"IMBITUBA";"Velocidade Incompatível";"Saída de leito carroçável";"Com Vítimas Fatais";"Amanhecer";"Decrescente";"Céu Claro";"Dupla";"Reta";"Não";1;1;0;0;0;0;0;1;-28,1053055;-48,7030103;"SPRF-SC";"DEL02-SC";"UOP03-DEL02-SC"
509773;2023-03-11;"sábado";"06:10:00";"RS";116;299;"GUAIBA";"Reação tardia ou ineficiente do condutor";"Saída de leito carroçável";"Sem Vítimas";"Amanhecer";"Crescente";"Céu Claro";"Dupla";"Reta";"Não";1;0;0;0;1;0;0;1;-30,11517464;-51,34563087;"SPRF-RS";"DEL02-RS";"UOP01-DEL02-RS"
509776;2023-03-11;"sábado";"01:50:00";"SC";280;80,7;"CORUPA";"Ausência de reação do condutor";"Tombamento";"Com Vítimas Feridas";"Plena Noite";"Decrescente";"Nublado";"Simples";"Reta;Declive;Interseção de Vias";"Sim";1;0;1;0;0;0;1;1;-26,43926913;-49,22955394;"SPRF-SC";"DEL06-SC";"UOP03-DEL06-SC"
509777;2023-03-11;"sábado";"07:00:00";"PR";369;490,2;"CORBELIA";"Ausência de reação do condutor";"Queda de ocupante de veículo";"Com Vítimas Feridas";"Pleno dia";"Crescente";"Nublado";"Simples";"Reta";"Não";1;0;0;1;0;0;1;1;-24,7226649;-53,24656963;"SPRF-PR";"DEL04-PR";"UOP03-DEL04-PR"
509778;2023-03-10;"sexta-feira";"20:30:00";"SP";116;515;"CAJATI";"Acumulo de água sobre o pavimento";"Capotamento";"Com Vítimas Feridas";"Plena Noite";"Decrescente";"Chuva";"Dupla";"Curva";"Não";2;0;2;0;0;0;2;1;-24,86704083;-48,21738184;"SPRF-SP";"DEL05-SP";"UOP02-DEL05-SP"