"id";"data_inversa";"dia_semana";"horario";"uf";"br";"km";"municipio";"causa_acidente";"tipo_acidente";"classificacao_acidente";"fase_dia";"sentido_via";"condicao_metereologica";"tipo_pista";"tracado_via";"uso_solo";"pessoas";"mortos";"feridos_leves";"feridos_graves";"ilesos";"ignorados";"feridos";"veiculos";"latitude";"longitude";"regional";"delegacia";"uop"
509779;2023-03-11;"sábado";"06:50:00";"MG";40;532;"CONTAGEM";"Demais falhas mecânicas ou elétricas";"Incêndio";"Sem Vítimas";"Pleno dia";"Decrescente";"Céu Claro";"Dupla";"Reta;Aclive";"Sim";1;0;0;0;1;0;0;1;-19,92372561;-44,01700789;"SPRF-MG";"DEL01-MG";"UOP02-DEL01-MG"
509780;2023-03-11;"sábado";"05:30:00";"PE";101;108,5;"CABO DE SANTO AGOSTINHO";"Velocidade Incompatível";"Colisão com objeto";"Com Vítimas Feridas";"Pleno dia";"Decrescente";"Nublado";"Dupla";"Curva;Declive";"Não";1;0;1;0;0;0;1;1;-8,30670238;-35,09303416;"SPRF-PE";"DEL01-PE";"UOP03-DEL01-PE"
509783;2023-03-11;"sábado";"04:20:00";"SP";116;516;"CAJATI";"Acumulo de água sobre o pavimento";"Saída de leito carroçável";"Com Vítimas Feridas";"Amanhecer";"Decrescente";"Chuva";"Dupla";"Reta";"Não";2;0;1;0;1;0;1;1;-24,87423036;-48,2190838;"SPRF-SP";"DEL05-SP";"UOP02-DEL05-SP"
509784;2023-03-11;"sábado";"07:25:00";"MG";381;575,4;"ITAGUARA";"Ausência de reação do condutor";"Colisão com objeto";"Com Vítimas Feridas";"Pleno dia";"Decrescente";"Nublado";"Dupla";"Curva;Declive";"Não";1;0;1;0;0;0;1;1;-20,47362595;-44,58422842;"SPRF-MG";"DEL04-MG";"UOP01-DEL04-MG"
509785;2023-03-11;"sábado";"06:55:00";"SC";480;128,8;"CHAPECO";"Ingestão de álcool pelo condutor";"Colisão frontal";"Com Vítimas Feridas";"Pleno dia";"Crescente";"Sol";"Dupla";"Curva";"Não";5;0;1;0;4;0;1;2;-27,044493;-52,636164;"SPRF-SC";"DEL07-SC";"UOP01-DEL07-SC"
509786;2023-03-11;"sábado";"06:55:00";"SP";116;446;"REGISTRO";"Ausência de reação do condutor";"Queda de ocupante de veículo";"Sem Vítimas";"Pleno dia";"Crescente";"Nublado";"Simples";"Curva";"Sim";1;0;0;0;1;0;0;1;-24,50467087;-47,84772743;"SPRF-SP";"DEL05-SP";"UOP01-DEL05-SP"
509789;2023-03-11;"sábado";"06:25:00";"PR";369;194;"ARAPONGAS";"Ingestão de álcool pelo condutor";"Saída de leito carroçável";"Sem Vítimas";"Pleno dia";"Crescente";"Chuva";"Dupla";"Reta";"Não";1;0;0;0;0;1;0;1;-23,503545;-51,424862;"SPRF-PR";"DEL07-PR";"UOP03-DEL07-PR"
509790;2023-03-11;"sábado";"07:20:00";"MG";262;390,9;"FLORESTAL";"Velocidade Incompatível";"Saída de leito carroçável";"Com Vítimas Feridas";"Pleno dia";"Crescente";"Nublado";"Dupla";"Curva";"Não";1;0;1;0;0;0;1;1;-19,90304505;-44,5205605;"SPRF-MG";"DEL01-MG";"UOP03-DEL01-MG"
509793;2023-03-11;"sábado";"07:30:00";"GO";50;310;"CUMARI";"Afundamento ou ondulação no pavimento";"Colisão com objeto";"Com Vítimas Feridas";"Pleno dia";"Decrescente";"Céu Claro";"Dupla";"Reta";"Não";1;0;0;1;0;0;1;1;-18,3994;-48,0749;"SPRF-GO";"DEL06-GO";"UOP01-DEL06-GO"
509794;2023-02-23;"quinta-feira";"10:21:00";"MT";70;2;"BARRA DO GARCAS";"Acessar a via sem observar a presença dos outros veículos";"Colisão transversal";"Com Vítimas Feridas";"Pleno dia";"Crescente";"Céu Claro";"Simples";"Reta;Aclive";"Sim";2;0;2;0;0;0;2;2;-15,88749699;-52,26810568;"SPRF-MT";"DEL07-MT";"UOP01-DEL07-MT"
509795;2023-03-10;"sexta-feira";"18:30:00";"RO";364;545,4;"ALTO PARAISO";"Reação tardia ou ineficiente do condutor";"Saída de leito carroçável";"Com Vítimas Feridas";"Plena Noite";"Decrescente";"Chuva";"Simples";"Reta";"Não";2;0;1;0;1;0;1;2;-9,68381488;-63,10557742;"SPRF-RO";"DEL03-RO";"UOP01-DEL03-RO"
509797;2023-03-11;"sábado";"08:05:00";"RS";392;52;"RIO GRANDE";"Manobra de mudança de faixa";"Colisão lateral mesmo sentido";"Com Vítimas Feridas";"Pleno dia";"Crescente";"Céu Claro";"Dupla";"Reta";"Não";4;0;2;0;2;0;2;2;-31,85621898;-52,32534987;"SPRF-RS";"DEL07-RS";"UOP02-DEL07-RS"
509798;2023-03-11;"sábado";"08:30:00";"PB";230;56;"CRUZ DO ESPIRITO SANTO";"Ausência de reação do condutor";"Capotamento";"Com Vítimas Feridas";"Pleno dia";"Crescente";"Céu Claro";"Dupla";"Reta";"Não";2;0;1;1;0;0;2;1;-7,2021;-35,1038;"SPRF-PB";"DEL01-PB";"UOP03-DEL01-PB"
509799;2023-03-11;"sábado";"07:20:00";"ES";101;123;"SOORETAMA";"Reação tardia ou ineficiente do condutor";"Saída de leito carroçável";"Com Vítimas Feridas";"Pleno dia";"Crescente";"Sol";"Simples";"Reta";"Não";1;0;1;0;0;0;1;1;-19,16834502;-40,08717096;"SPRF-ES";"DEL04-ES";"UOP01-DEL04-ES"
509800;2023-03-11;"sábado";"07:20:00";"RO";174;14;"VILHENA";"Ausência de reação do condutor";"Queda de ocupante de veículo";"Com Vítimas Feridas";"Pleno dia";"Decrescente";"Céu Claro";"Simples";"Reta";"Sim";2;0;1;0;1;0;1;2;-12,73306632;-60,12981255;"SPRF-RO";"DEL04-RO";"UOP01-DEL04-RO"
509801;2023-03-11;"sábado";"08:50:00";"MG";381;454;"SABARA";"Condutor deixou de manter distância do veículo da frente";"Engavetamento";"Com Vítimas Feridas";"Pleno dia";"Decrescente";"Céu Claro";"Simples";"Reta;Ponte";"Sim";4;0;1;0;3;0;1;3;-19,85593827;-43,89662047;"SPRF-MG";"DEL01-MG";"UOP01-DEL01-MG"
509802;2023-03-11;"sábado";"08:45:00";"BA";324;625;"SALVADOR";"Objeto estático sobre o leito carroçável";"Colisão com objeto";"Com Vítimas Feridas";"Pleno dia";"Crescente";"Nublado";"Dupla";"Reta";"Sim";1;0;1;0;0;0;1;1;-12,94194706;-38,47081224;"SPRF-BA";"DEL01-BA";"UOP01-DEL01-BA"
509803;2023-03-11;"sábado";"07:55:00";"SC";101;134,1;"BALNEARIO CAMBORIU";"Reação tardia ou ineficiente do condutor";"Colisão traseira";"Com Vítimas Feridas";"Pleno dia";"Decrescente";"Nublado";"Múltipla";"Reta";"Não";3;0;2;0;1;0;2;2;-27,00218;-48,636433;"SPRF-SC";"DEL04-SC";"UOP03-DEL04-SC"
509804;2023-03-11;"sábado";"08:32:00";"ES";262;103;"VENDA NOVA DO IMIGRANTE";"Objeto estático sobre o leito carroçável";"Colisão com objeto";"Sem Vítimas";"Pleno dia";"Crescente";"Céu Claro";"Simples";"Curva";"Sim";1;0;0;0;0;1;0;1;-20,33540614;-41,12760197;"SPRF-ES";"DEL01-ES";"UOP02-DEL01-ES"
509805;2023-03-10;"sexta-feira";"22:21:00";"SC";470;59,3;"BLUMENAU";"Ingestão de álcool pelo condutor";"Colisão frontal";"Com Vítimas Feridas";"Plena Noite";"Crescente";"Chuva";"Simples";"Curva";"Não";2;0;1;0;1;0;1;2;-26,882812;-49,1548;"SPRF-SC";"DEL04-SC";"UOP01-DEL04-SC"
509808;2023-03-10;"sexta-feira";"20:10:00";"RJ";116;173;"SAO JOAO DE MERITI";"Reação tardia ou ineficiente do condutor";"Colisão lateral mesmo sentido";"Com Vítimas Feridas";"Plena Noite";"Decrescente";"Céu Claro";"Múltipla";"Reta";"Sim";2;0;0;1;1;0;1;2;-22,79810324;-43,35726614;"SPRF-RJ";"DEL01-RJ";"UOP02-DEL01-RJ"
509809;2023-03-11;"sábado";"09:25:00";"CE";222;3,9;"CAUCAIA";"Acessar a via sem observar a presença dos outros veículos";"Colisão lateral mesmo sentido";"Com Vítimas Feridas";"Pleno dia";"Decrescente";"Nublado";"Dupla";"Reta";"Sim";4;0;2;0;2;0;2;2;-3,74191232;-38,60598385;"SPRF-CE";"DEL01-CE";"UOP01-DEL01-CE"
509812;2023-03-11;"sábado";"08:48:00";"AP";210;0;"MACAPA";"Velocidade Incompatível";"Colisão lateral mesmo sentido";"Sem Vítimas";"Pleno dia";"Decrescente";"Céu Claro";"Dupla";"Reta";"Sim";5;0;0;0;4;1;0;3;0,07763383;-51,06204987;"SPRF-AP";"DEL01-AP";"UOP01-DEL01-AP"
509813;2023-03-11;"sábado";"07:30:00";"SC";470;37;"GASPAR";"Reação tardia ou ineficiente do condutor";"Incêndio";"Sem Vítimas";"Pleno dia";"Decrescente";"Céu Claro";"Simples";"Reta";"Não";1;0;0;0;0;1;0;1;-26,912727;-48,978043;"SPRF-SC";"DEL04-SC";"UOP01-DEL04-SC"
509814;2023-02-23;"quinta-feira";"17:55:00";"AM";174;999;"PRESIDENTE FIGUEIREDO";"Pista esburacada";"Queda de ocupante de veículo";"Com Vítimas Feridas";"Anoitecer";"Crescente";"Chuva";"Simples";"Aclive;Reta";"Não";2;0;0;1;1;0;1;1;-1,97676692;-60,02991559;"SPRF-AM";"DEL01-AM";"UOP02-DEL01-AM"
509817;2023-03-11;"sábado";"09:00:00";"SC";101;307;"LAGUNA";"Ingestão de álcool pelo condutor";"Saída de leito carroçável";"Sem Vítimas";"Pleno dia";"Crescente";"Céu Claro";"Dupla";"Reta";"Não";1;0;0;0;1;0;0;1;-28,39199505;-48,77826295;"SPRF-SC";"DEL02-SC";"UOP03-DEL02-SC"
509818;2023-02-03;"sexta-feira";"23:50:00";"PR";369;174;"ROLANDIA";"Conversão proibida";"Colisão transversal";"Com Vítimas Feridas";"Plena Noite";"Decrescente";"Garoa/Chuvisco";"Simples";"Reta";"Sim";2;0;0;1;1;0;1;2;-23,32741612;-51,38842106;"SPRF-PR";"DEL07-PR";"UOP01-DEL07-PR"
509820;2023-03-10;"sexta-feira";"23:20:00";"RO";364;347;"JI-PARANA";"Ausência de reação do condutor";"Colisão traseira";"Sem Vítimas";"Plena Noite";"Decrescente";"Céu Claro";"Simples";"Reta";"Sim";3;0;0;0;2;1;0;2;-10,86070186;-61,9761549;"SPRF-RO";"DEL02-RO";"UOP01-DEL02-RO"
509821;2023-03-11;"sábado";"08:45:00";"SP";116;103,1;"TAUBATE";"Demais falhas mecânicas ou elétricas";"Tombamento";"Com Vítimas Feridas";"Pleno dia";"Crescente";"Céu Claro";"Dupla";"Reta";"Não";2;0;2;0;0;0;2;1;-22,99919465;-45,49788917;"SPRF-SP";"DEL02-SP";"UOP02-DEL02-SP"
509822;2023-03-11;"sábado";"10:35:00";"PR";277;147;"PORTO AMAZONAS";"Reação tardia ou ineficiente do condutor";"Saída de leito carroçável";"Com Vítimas Feridas";"Pleno dia";"Crescente";"Garoa/Chuvisco";"Simples";"Aclive";"Não";4;0;2;0;2;0;2;1;-25,47112513;-49,79966283;"SPRF-PR";"DEL03-PR";"UOP03-DEL03-PR"
509823;2023-03-11;"sábado";"07:30:00";"RS";386;225,2;"SOLEDADE";"Reação tardia ou ineficiente do condutor";"Saída de leito carroçável";"Com Vítimas Feridas";"Pleno dia";"Decrescente";"Céu Claro";"Simples";"Reta";"Não";3;0;2;0;1;0;2;1;-28,662628;-52,612236;"SPRF-RS";"DEL04-RS";"UOP03-DEL04-RS"
509824;2023-03-11;"sábado";"10:30:00";"BA";324;616;"SALVADOR";"Ingestão de álcool ou de substâncias psicoativas pelo pedestre";"Atropelamento de Pedestre";"Com Vítimas Feridas";"Pleno dia";"Decrescente";"Chuva";"Dupla";"Reta";"Sim";5;0;1;0;2;2;1;3;-12,87957905;-38,43213893;"SPRF-BA";"DEL01-BA";"UOP01-DEL01-BA"
509825;2023-03-11;"sábado";"09:40:00";"BA";415;21;"ILHEUS";"Acessar a via sem observar a presença dos outros veículos";"Colisão transversal";"Com Vítimas Feridas";"Pleno dia";"Decrescente";"Céu Claro";"Múltipla";"Curva";"Não";3;0;0;1;2;0;1;2;-14,80409398;-39,14222717;"SPRF-BA";"DEL05-BA";"UOP01-DEL05-BA"
509827;2023-03-11;"sábado";"11:55:00";"MG";381;497,2;"BETIM";"Reação tardia ou ineficiente do condutor";"Colisão transversal";"Com Vítimas Feridas";"Pleno dia";"Crescente";"Sol";"Múltipla";"Reta";"Sim";2;0;1;0;1;0;1;2;-19,98270601;-44,20246124;"SPRF-MG";"DEL01-MG";"UOP03-DEL01-MG"
509828;2023-03-11;"sábado";"12:00:00";"RS";290;99;"PORTO ALEGRE";"Manobra de mudança de faixa";"Colisão lateral mesmo sentido";"Com Vítimas Feridas";"Pleno dia";"Crescente";"Céu Claro";"Dupla";"Reta";"Sim";3;0;2;0;1;0;2;2;-29,991756;-51,22699;"SPRF-RS";"DEL01-RS";"UOP01-DEL01-RS"
509829;2023-03-11;"sábado";"10:40:00";"MS";267;358;"MARACAJU";"Velocidade Incompatível";"Saída de leito carroçável";"Com Vítimas Feridas";"Pleno dia";"Crescente";"Céu Claro";"Simples";"Rotatória";"Não";6;0;4;0;2;0;4;1;-21,64881085;-55,08620903;"SPRF-MS";"DEL02-MS";"UOP02-DEL02-MS"
509830;2023-03-11;"sábado";"10:30:00";"SC";282;371,3;"ERVAL VELHO";"Velocidade Incompatível";"Saída de leito carroçável";"Com Vítimas Feridas";"Pleno dia";"Crescente";"Céu Claro";"Simples";"Declive;Curva";"Não";1;0;0;1;0;0;1;1;-27,259993;-51,442684;"SPRF-SC";"DEL07-SC";"UOP05-DEL07-SC"
509831;2023-03-11;"sábado";"12:00:00";"SC";282;18;"PALHOCA";"Reação tardia ou ineficiente do condutor";"Colisão traseira";"Com Vítimas Feridas";"Pleno dia";"Crescente";"Sol";"Simples";"Viaduto;Reta;Declive";"Não";4;0;2;0;2;0;2;2;-27,672798;-48,694286;"SPRF-SC";"DEL01-SC";"UOP02-DEL01-SC"
509832;2023-03-11;"sábado";"12:10:00";"DF";251;34;"BRASILIA";"Condutor deixou de manter distância do veículo da frente";"Colisão lateral mesmo sentido";"Com Vítimas Feridas";"Pleno dia";"Crescente";"Céu Claro";"Simples";"Reta;Interseção de Vias";"Sim";2;0;1;0;1;0;1;2;-15,938301;-47,759799;"SPRF-DF";"DEL01-DF";"UOP01-DEL01-DF"
509833;2023-03-11;"sábado";"08:45:00";"SC";101;150;"ITAPEMA";"Ingestão de álcool pelo condutor";"Colisão com objeto";"Sem Vítimas";"Pleno dia";"Decrescente";"Nublado";"Simples";"Curva";"Sim";1;0;0;0;0;1;0;1;-27,11744799;-48,60940987;"SPRF-SC";"DEL04-SC";"UOP03-DEL04-SC"
509835;2023-03-11;"sábado";"12:30:00";"MG";50;126,5;"UBERABA";"Velocidade Incompatível";"Saída de leito carroçável";"Sem Vítimas";"Pleno dia";"Decrescente";"Garoa/Chuvisco";"Dupla";"Curva";"Não";2;0;0;0;2;0;0;1;-19,35661694;-48,08567397;"SPRF-MG";"DEL13-MG";"UOP01-DEL13-MG"
509837;2023-03-11;"sábado";"11:50:00";"MG";262;117,8;"RIO CASCA";"Ausência de reação do condutor";"Tombamento";"Com Vítimas Feridas";"Pleno dia";"Decrescente";"Céu Claro";"Simples";"Curva";"Não";1;0;1;0;0;0;1;1;-20,22891636;-42,62843995;"SPRF-MG";"DEL03-MG";"UOP03-DEL03-MG"
509838;2023-03-11;"sábado";"12:10:00";"PR";369;185;"ARAPONGAS";"Acesso irregular";"Colisão transversal";"Com Vítimas Feridas";"Pleno dia";"Crescente";"Nublado";"Simples";"Reta";"Sim";2;0;1;0;1;0;1;2;-23,41045805;-51,42762691;"SPRF-PR";"DEL07-PR";"UOP03-DEL07-PR"
509839;2023-03-11;"sábado";"12:30:00";"BA";116;823;"VITORIA DA CONQUISTA";"Ultrapassagem Indevida";"Colisão lateral mesmo sentido";"Com Vítimas Feridas";"Pleno dia";"Crescente";"Céu Claro";"Dupla";"Reta";"Sim";2;0;1;0;1;0;1;2;-14,86090814;-40,85002184;"SPRF-BA";"DEL08-BA";"UOP01-DEL08-BA"
509841;2023-03-11;"sábado";"10:30:00";"SC";280;52;"GUARAMIRIM";"Trafegar com motocicleta (ou similar) entre as faixas";"Colisão lateral mesmo sentido";"Com Vítimas Feridas";"Pleno dia";"Crescente";"Céu Claro";"Dupla";"Reta";"Não";3;0;2;0;1;0;2;2;-26,468904;-48,96492;"SPRF-SC";"DEL03-SC";"UOP03-DEL03-SC"
509848;2023-03-11;"sábado";"11:45:00";"MG";381;905;"CAMBUI";"Reação tardia ou ineficiente do condutor";"Colisão com objeto";"Com Vítimas Feridas";"Pleno dia";"Decrescente";"Chuva";"Múltipla";"Curva";"Não";2;0;2;0;0;0;2;1;-22,69514484;-46,1125442;"SPRF-MG";"DEL16-MG";"UOP03-DEL16-MG"
509849;2023-03-07;"terça-feira";"17:30:00";"RJ";116;232;"PIRAI";"Velocidade Incompatível";"Saída de leito carroçável";"Com Vítimas Feridas";"Pleno dia";"Decrescente";"Garoa/Chuvisco";"Dupla";"Curva";"Não";2;0;2;0;0;0;2;1;-22,66902628;-43,83570671;"SPRF-RJ";"DEL07-RJ";"UOP01-DEL07-RJ"
509850;2023-03-11;"sábado";"13:00:00";"SC";470;8;"NAVEGANTES";"Ingestão de álcool pelo condutor";"Colisão com objeto";"Sem Vítimas";"Pleno dia";"Decrescente";"Céu Claro";"Simples";"Curva;Rotatória;Interseção de Vias";"Não";1;0;0;0;0;1;0;1;-26,83996313;-48,71758461;"SPRF-SC";"DEL04-SC";"UOP04-DEL04-SC"
509853;2023-03-11;"sábado";"14:50:00";"MG";365;661,5;"MONTE ALEGRE DE MINAS";"Velocidade Incompatível";"Saída de leito carroçável";"Com Vítimas Feridas";"Pleno dia";"Crescente";"Nublado";"Dupla";"Curva";"Não";2;0;1;1;0;0;2;1;-18,89429328;-48,65210897;"SPRF-MG";"DEL15-MG";"UOP01-DEL15-MG"
509854;2023-03-11;"sábado";"15:00:00";"GO";153;442;"ANAPOLIS";"Ausência de reação do condutor";"Saída de leito carroçável";"Com Vítimas Feridas";"Pleno dia";"Crescente";"Céu Claro";"Dupla";"Declive";"Sim";1;0;1;0;0;0;1;1;-16,325272;-48,922024;"SPRF-GO";"DEL02-GO";"UOP01-DEL02-GO"
509857;2023-02-28;"terça-feira";"20:30:00";"RO";319;62;"PORTO VELHO";"Ausência de reação do condutor";"Colisão lateral mesmo sentido";"Com Vítimas Feridas";"Plena Noite";"Decrescente";"Nublado";"Múltipla";"Reta";"Sim";2;0;1;0;0;1;1;2;-8,766685;-63,884052;"SPRF-RO";"DEL01-RO";"UOP01-DEL01-RO"
509858;2023-03-11;"sábado";"13:45:00";"MG";262;594;"CAMPOS ALTOS";"Acostamento em desnível";"Saída de leito carroçável";"Com Vítimas Feridas";"Pleno dia";"Decrescente";"Céu Claro";"Simples";"Reta";"Não";1;0;1;0;0;0;1;1;-19,66568189;-46,16901785;"SPRF-MG";"DEL08-MG";"UOP02-DEL08-MG"
509859;2023-03-03;"sexta-feira";"19:45:00";"PR";158;536;"PATO BRANCO";"Velocidade Incompatível";"Atropelamento de Pedestre";"Com Vítimas Feridas";"Plena Noite";"Crescente";"Chuva";"Simples";"Reta;Interseção de Vias";"Sim";3;0;1;0;1;1;1;2;-26,24248639;-52,69697646;"SPRF-PR";"DEL02-PR";"UOP01-DEL02-PR"
509860;2023-03-11;"sábado";"15:20:00";"BA";324;1,3;"FEIRA DE SANTANA";"Desrespeitar a preferência no cruzamento";"Colisão transversal";"Com Vítimas Feridas";"Pleno dia";"Crescente";"Céu Claro";"Simples";"Retorno Regulamentado;Interseção de Vias";"Sim";3;0;2;0;1;0;2;2;-12,28306622;-38,94647373;"SPRF-BA";"DEL02-BA";"UOP01-DEL02-BA"
509861;2023-02-26;"domingo";"07:50:00";"ES";101;296;"CARIACICA";"Acessar a via sem observar a presença dos outros veículos";"Colisão transversal";"Com Vítimas Feridas";"Pleno dia";"Decrescente";"Céu Claro";"Dupla";"Viaduto";"Sim";2;0;0;1;1;0;1;2;-20,34029997;-40,40405712;"SPRF-ES";"DEL01-ES";"UOP01-DEL01-ES"
509867;2023-03-10;"sexta-feira";"23:20:00";"MA";222;672;"ACAILANDIA";"Velocidade Incompatível";"Colisão com objeto";"Sem Vítimas";"Plena Noite";"Crescente";"Céu Claro";"Simples";"Reta";"Sim";2;0;0;0;0;2;0;2;-4,92508085;-47,43821808;"SPRF-MA";"DEL04-MA";"UOP03-DEL04-MA"
509869;2023-03-11;"sábado";"14:10:00";"RO";364;356,2;"JI-PARANA";"Avarias e/ou desgaste excessivo no pneu";"Tombamento";"Com Vítimas Feridas";"Pleno dia";"Decrescente";"Nublado";"Simples";"Curva";"Não";2;0;2;0;0;0;2;1;-10,800622;-62,024601;"SPRF-RO";"DEL02-RO";"UOP01-DEL02-RO"
509871;2023-03-11;"sábado";"16:00:00";"PR";116;108,7;"CURITIBA";"Avarias e/ou desgaste excessivo no pneu";"Queda de ocupante de veículo";"Com Vítimas Feridas";"Pleno dia";"Crescente";"Céu Claro";"Dupla";"Reta";"Não";2;0;2;0;0;0;2;1;-25,57140489;-49,20748999;"SPRF-PR";"DEL01-PR";"UOP07-DEL01-PR"
509874;2023-03-11;"sábado";"16:20:00";"RS";386;381;"TABAI";"Avarias e/ou desgaste excessivo no pneu";"Tombamento";"Com Vítimas Feridas";"Pleno dia";"Crescente";"Céu Claro";"Dupla";"Declive";"Não";2;0;2;0;0;0;2;1;-29,655523;-51,750919;"SPRF-RS";"DEL04-RS";"NPF/DEL04-RS"
509875;2023-03-11;"sábado";"16:20:00";"RS";290;182;"MINAS DO LEAO";"Reação tardia ou ineficiente do condutor";"Colisão traseira";"Com Vítimas Feridas";"Pleno dia";"Crescente";"Céu Claro";"Simples";"Aclive";"Sim";3;0;1;0;2;0;1;2;-30,141895;-52,033199;"SPRF-RS";"DEL02-RS";"UOP03-DEL02-RS"
509876;2023-03-11;"sábado";"16:30:00";"RS";470;161;"NOVA PRATA";"Frear bruscamente";"Tombamento";"Com Vítimas Feridas";"Pleno dia";"Crescente";"Céu Claro";"Simples";"Reta";"Não";1;0;1;0;0;0;1;1;-28,817015;-51,594917;"SPRF-RS";"DEL06-RS";"UOP02-DEL06-RS"
509878;2023-03-11;"sábado";"17:30:00";"PR";376;665,9;"GUARATUBA";"Chuva";"Queda de ocupante de veículo";"Com Vítimas Feridas";"Pleno dia";"Decrescente";"Chuva";"Dupla";"Reta";"Não";1;0;1;0;0;0;1;1;-25,85455838;-48,95670808;"SPRF-PR";"DEL01-PR";"UOP04-DEL01-PR"
509879;2023-03-11;"sábado";"16:30:00";"RS";116;149,7;"CAXIAS DO SUL";"Reação tardia ou ineficiente do condutor";"Colisão lateral mesmo sentido";"Sem Vítimas";"Pleno dia";"Crescente";"Céu Claro";"Dupla";"Curva";"Sim";2;0;0;0;2;0;0;2;-29,15996905;-51,15645292;"SPRF-RS";"DEL05-RS";"UOP01-DEL05-RS"
509881;2023-03-11;"sábado";"16:00:00";"SC";101;117;"ITAJAI";"Demais falhas mecânicas ou elétricas";"Queda de ocupante de veículo";"Com Vítimas Feridas";"Pleno dia";"Decrescente";"Céu Claro";"Múltipla";"Reta";"Sim";1;0;1;0;0;0;1;1;-26,88747187;-48,72252969;"SPRF-SC";"DEL04-SC";"UOP04-DEL04-SC"
509882;2023-03-11;"sábado";"17:10:00";"SE";101;89;"NOSSA SENHORA DO SOCORRO";"Acumulo de areia ou detritos sobre o pavimento";"Colisão com objeto";"Com Vítimas Feridas";"Pleno dia";"Decrescente";"Céu Claro";"Dupla";"Viaduto";"Não";1;0;1;0;0;0;1;1;-10,88455661;-37,13241577;"SPRF-SE";"DEL01-SE";"UOP01-DEL01-SE"
509883;2023-03-11;"sábado";"17:07:00";"PE";232;20;"MORENO";"Condutor Dormindo";"Saída de leito carroçável";"Com Vítimas Feridas";"Anoitecer";"Crescente";"Céu Claro";"Dupla";"Curva";"Não";7;0;5;0;2;0;5;2;-8,097146;-35,08863;"SPRF-PE";"DEL01-PE";"UOP01-DEL01-PE"
509884;2023-03-11;"sábado";"16:30:00";"SC";101;108,4;"PENHA";"Avarias e/ou desgaste excessivo no pneu";"Saída de leito carroçável";"Com Vítimas Feridas";"Pleno dia";"Crescente";"Céu Claro";"Dupla";"Curva";"Não";1;0;1;0;0;0;1;1;-26,82606902;-48,69052298;"SPRF-SC";"DEL03-SC";"UOP02-DEL03-SC"
509885;2023-03-11;"sábado";"17:00:00";"GO";70;371;"COCALZINHO DE GOIAS";"Ingestão de álcool pelo condutor";"Colisão traseira";"Com Vítimas Feridas";"Pleno dia";"Crescente";"Nublado";"Dupla";"Retorno Regulamentado";"Não";4;0;2;0;1;1;2;3;-15,75401256;-48,75002373;"SPRF-GO";"DEL04-GO";"UOP02-DEL04-GO"
509887;2023-03-11;"sábado";"17:00:00";"RO";364;712;"PORTO VELHO";"Ausência de reação do condutor";"Queda de ocupante de veículo";"Com Vítimas Feridas";"Pleno dia";"Crescente";"Céu Claro";"Dupla";"Interseção de Vias";"Sim";1;0;1;0;0;0;1;1;-8,7785642;-63,86985898;"SPRF-RO";"DEL01-RO";"UOP01-DEL01-RO"
509888;2023-03-11;"sábado";"18:15:00";"SC";101;216,5;"PALHOCA";"Acessar a via sem observar a presença dos outros veículos";"Colisão transversal";"Com Vítimas Feridas";"Pleno dia";"Crescente";"Céu Claro";"Simples";"Interseção de Vias";"Sim";2;0;1;0;1;0;1;2;-27,65981409;-48,67747798;"SPRF-SC";"DEL01-SC";"UOP02-DEL01-SC"
509890;2023-03-11;"sábado";"17:30:00";"SP";116;222;"GUARULHOS";"Condutor deixou de manter distância do veículo da frente";"Colisão traseira";"Com Vítimas Feridas";"Pleno dia";"Decrescente";"Chuva";"Múltipla";"Reta";"Não";2;0;1;0;1;0;1;2;-23,47093408;-46,51631097;"SPRF-SP";"DEL01-SP";"UOP01-DEL01-SP"
509891;2023-03-11;"sábado";"18:00:00";"RS";386;378,7;"PAVERAMA";"Ausência de reação do condutor";"Tombamento";"Com Vítimas Feridas";"Pleno dia";"Decrescente";"Céu Claro";"Dupla";"Reta";"Não";1;0;1;0;0;0;1;1;-29,637205;-51,771885;"SPRF-RS";"DEL04-RS";"NPF/DEL04-RS"
509892;2023-03-11;"sábado";"18:30:00";"MG";40;654,5;"CRISTIANO OTONI";"Velocidade Incompatível";"Saída de leito carroçável";"Com Vítimas Feridas";"Plena Noite";"Decrescente";"Chuva";"Dupla";"Declive;Curva";"Não";1;0;1;0;0;0;1;1;-20,864751;-43,797223;"SPRF-MG";"DEL05-MG";"UOP02-DEL05-MG"
509893;2023-03-11;"sábado";"18:00:00";"SC";101;246,5;"PAULO LOPES";"Reação tardia ou ineficiente do condutor";"Saída de leito carroçável";"Com Vítimas Feridas";"Anoitecer";"Crescente";"Céu Claro";"Dupla";"Reta";"Não";4;0;3;1;0;0;4;1;-27,91464022;-48,65190804;"SPRF-SC";"DEL02-SC";"UOP03-DEL02-SC"
509897;2023-03-11;"sábado";"18:40:00";"SP";381;20;"BRAGANCA PAULISTA";"Reação tardia ou ineficiente do condutor";"Colisão com objeto";"Sem Vítimas";"Anoitecer";"Crescente";"Chuva";"Dupla";"Curva";"Não";1;0;0;0;1;0;0;1;-22,98443766;-46,50352511;"SPRF-SP";"DEL03-SP";"UOP02-DEL03-SP"
509902;2023-03-11;"sábado";"18:45:00";"MG";116;155;"GOVERNADOR VALADARES";"Acesso irregular";"Colisão transversal";"Com Vítimas Feridas";"Plena Noite";"Crescente";"Céu Claro";"Simples";"Reta";"Não";3;0;0;2;0;1;2;3;-18,85782;-41,98459;"SPRF-MG";"DEL11-MG";"UOP02-DEL11-MG"