"id";"data_inversa";"dia_semana";"horario";"uf";"br";"km";"municipio";"causa_acidente";"tipo_acidente";"classificacao_acidente";"fase_dia";"sentido_via";"condicao_metereologica";"tipo_pista";"tracado_via";"uso_solo";"pessoas";"mortos";"feridos_leves";"feridos_graves";"ilesos";"ignorados";"feridos";"veiculos";"latitude";"longitude";"regional";"delegacia";"uop"
509903;2023-03-11;"sábado";"18:40:00";"SC";101;121;"ITAJAI";"Reação tardia ou ineficiente do condutor";"Colisão traseira";"Com Vítimas Feridas";"Plena Noite";"Crescente";"Nublado";"Dupla";"Reta";"Sim";3;0;0;1;1;1;1;3;-26,92103178;-48,70856446;"SPRF-SC";"DEL04-SC";"UOP04-DEL04-SC"
509904;2023-03-11;"sábado";"18:18:00";"RJ";393;298;"BARRA MANSA";"Reação tardia ou ineficiente do condutor";"Colisão frontal";"Com Vítimas Feridas";"Plena Noite";"Crescente";"Chuva";"Simples";"Interseção de Vias";"Sim";2;0;1;0;1;0;1;2;-22,54243615;-44,11349773;"SPRF-RJ";"DEL07-RJ";"UOP02-DEL07-RJ"
509906;2023-03-11;"sábado";"19:30:00";"BA";324;515;"FEIRA DE SANTANA";"Conversão proibida";"Colisão frontal";"Com Vítimas Feridas";"Plena Noite";"Decrescente";"Céu Claro";"Simples";"Interseção de Vias";"Sim";3;0;0;1;2;0;1;2;-12,23547809;-38,94396807;"SPRF-BA";"DEL02-BA";"UOP01-DEL02-BA"
509907;2023-03-11;"sábado";"18:20:00";"BA";101;725;"EUNAPOLIS";"Falta de acostamento";"Colisão traseira";"Com Vítimas Feridas";"Plena Noite";"Decrescente";"Céu Claro";"Simples";"Reta;Ponte";"Não";2;0;1;1;0;0;2;2;-16,4153386;-39,58545685;"SPRF-BA";"DEL09-BA";"UOP01-DEL09-BA"
509908;2023-03-11;"sábado";"19:00:00";"RJ";101;420;"MANGARATIBA";"Chuva";"Queda de ocupante de veículo";"Com Vítimas Feridas";"Plena Noite";"Decrescente";"Chuva";"Simples";"Reta";"Não";1;0;1;0;0;0;1;1;-22,9189815;-43,92318002;"SPRF-RJ";"DEL03-RJ";"UOP02-DEL03-RJ"
509909;2023-03-11;"sábado";"18:40:00";"RJ";101;307;"SAO GONCALO";"Demais falhas mecânicas ou elétricas";"Incêndio";"Sem Vítimas";"Plena Noite";"Decrescente";"Chuva";"Simples";"Reta";"Sim";1;0;0;0;1;0;0;1;-22,7913158;-43,01505804;"SPRF-RJ";"DEL02-RJ";"UOP02-DEL02-RJ"
509910;2023-03-11;"sábado";"18:40:00";"MT";70;502;"CUIABA";"Reação tardia ou ineficiente do condutor";"Saída de leito carroçável";"Com Vítimas Feridas";"Plena Noite";"Crescente";"Céu Claro";"Simples";"Reta";"Não";1;0;1;0;0;0;1;1;-15,69547231;-56,02381096;"SPRF-MT";"DEL01-MT";"UOP02-DEL01-MT"
509911;2023-03-11;"sábado";"19:55:00";"MG";381;495,7;"BETIM";"Ingestão de álcool pelo condutor";"Tombamento";"Com Vítimas Feridas";"Plena Noite";"Crescente";"Chuva";"Dupla";"Reta";"Sim";1;0;0;1;0;0;1;1;-19,97483815;-44,18923795;"SPRF-MG";"DEL01-MG";"UOP03-DEL01-MG"
509912;2023-03-11;"sábado";"17:40:00";"MG";262;42,8;"MANHUACU";"Velocidade Incompatível";"Tombamento";"Com Vítimas Feridas";"Anoitecer";"Decrescente";"Céu Claro";"Simples";"Reta";"Não";1;0;0;1;0;0;1;1;-20,26976316;-42,06894006;"SPRF-MG";"DEL06-MG";"UOP03-DEL06-MG"
509913;2023-03-11;"sábado";"18:50:00";"PR";277;127,5;"CAMPO LARGO";"Acessar a via sem observar a presença dos outros veículos";"Colisão transversal";"Com Vítimas Feridas";"Plena Noite";"Crescente";"Céu Claro";"Dupla";"Reta";"Sim";2;0;1;0;1;0;1;2;-25,44344167;-49,45985402;"SPRF-PR";"DEL03-PR";"UOP03-DEL03-PR"
509915;2023-03-11;"sábado";"16:30:00";"MT";70;290;"PRIMAVERA DO LESTE";"Manobra de mudança de faixa";"Saída de leito carroçável";"Com Vítimas Feridas";"Pleno dia";"Decrescente";"Céu Claro";"Simples";"Reta";"Não";2;0;0;2;0;0;2;1;-15,5777994;-54,38622297;"SPRF-MT";"DEL05-MT";"UOP01-DEL05-MT"
509916;2023-03-11;"sábado";"18:00:00";"RJ";40;93,3;"DUQUE DE CAXIAS";"Pista Escorregadia";"Saída de leito carroçável";"Com Vítimas Feridas";"Plena Noite";"Crescente";"Chuva";"Dupla";"Declive;Curva";"Não";3;0;2;0;1;0;2;1;-22,5554282;-43,25829998;"SPRF-RJ";"DEL01-RJ";"UOP01-DEL01-RJ"
509917;2023-03-11;"sábado";"18:15:00";"SC";101;7,7;"GARUVA";"Avarias e/ou desgaste excessivo no pneu";"Saída de leito carroçável";"Com Vítimas Feridas";"Plena Noite";"Crescente";"Chuva";"Dupla";"Reta";"Sim";2;0;2;0;0;0;2;1;-26,03593;-48,860302;"SPRF-SC";"DEL03-SC";"UOP01-DEL03-SC"
509918;2023-03-11;"sábado";"19:45:00";"RS";287;340;"SAO VICENTE DO SUL";"Animais na Pista";"Colisão com objeto";"Com Vítimas Feridas";"Plena Noite";"Decrescente";"Céu Claro";"Simples";"Reta";"Não";2;0;2;0;0;0;2;1;-29,56539466;-54,67998505;"SPRF-RS";"DEL12-RS";"UOP02-DEL12-RS"
509919;2023-03-11;"sábado";"19:40:00";"PR";369;143,7;"LONDRINA";"Acessar a via sem observar a presença dos outros veículos";"Colisão transversal";"Com Vítimas Feridas";"Plena Noite";"Crescente";"Garoa/Chuvisco";"Dupla";"Retorno Regulamentado";"Sim";4;0;2;0;2;0;2;2;-23,29351442;-51,10780299;"SPRF-PR";"DEL07-PR";"UOP01-DEL07-PR"
509920;2023-03-11;"sábado";"19:15:00";"MG";116;811;"ALEM PARAIBA";"Ingestão de álcool pelo condutor";"Colisão lateral sentido oposto";"Sem Vítimas";"Plena Noite";"Crescente";"Nublado";"Simples";"Aclive;Curva";"Não";2;0;0;0;2;0;0;2;-21,84029908;-42,68088324;"SPRF-MG";"DEL07-MG";"UOP01-DEL07-MG"
509921;2023-03-11;"sábado";"19:30:00";"SC";470;16;"ILHOTA";"Velocidade Incompatível";"Colisão frontal";"Com Vítimas Fatais";"Plena Noite";"Decrescente";"Nublado";"Simples";"Desvio Temporário;Em Obras";"Não";2;1;0;0;1;0;0;2;-26,843019;-48,794434;"SPRF-SC";"DEL04-SC";"UOP04-DEL04-SC"
509922;2023-03-11;"sábado";"18:00:00";"PR";153;482;"GENERAL CARNEIRO";"Ingestão de álcool pelo condutor";"Capotamento";"Com Vítimas Feridas";"Plena Noite";"Crescente";"Céu Claro";"Simples";"Ponte";"Não";2;0;1;0;1;0;1;1;-26,426309;-51,30065918;"SPRF-PR";"DEL02-PR";"UOP03-DEL02-PR"
509923;2023-03-11;"sábado";"19:30:00";"RJ";101;196;"CASIMIRO DE ABREU";"Ingestão de álcool pelo condutor";"Colisão lateral mesmo sentido";"Sem Vítimas";"Plena Noite";"Decrescente";"Garoa/Chuvisco";"Dupla";"Curva";"Não";2;0;0;0;2;0;0;2;-22,49189742;-42,10990369;"SPRF-RJ";"DEL08-RJ";"UOP04-DEL08-RJ"
509924;2023-03-11;"sábado";"19:10:00";"MT";163;829;"SINOP";"Acessar a via sem observar a presença dos outros veículos";"Colisão transversal";"Com Vítimas Feridas";"Plena Noite";"Crescente";"Nublado";"Simples";"Retorno Regulamentado";"Sim";2;0;1;1;0;0;2;2;-12,040704;-55,51732275;"SPRF-MT";"DEL06-MT";"UOP02-DEL06-MT"
509926;2023-03-11;"sábado";"19:50:00";"PR";163;84;"CAPANEMA";"Acessar a via sem observar a presença dos outros veículos";"Colisão transversal";"Com Vítimas Feridas";"Plena Noite";"Crescente";"Céu Claro";"Simples";"Reta";"Não";2;0;0;1;1;0;1;2;-25,72964476;-53,78691199;"SPRF-PR";"DEL02-PR";"UOP02-DEL02-PR"
509928;2023-03-11;"sábado";"20:46:00";"SC";101;100;"BALNEARIO PICARRAS";"Avarias e/ou desgaste excessivo no pneu";"Colisão com objeto";"Com Vítimas Feridas";"Plena Noite";"Decrescente";"Chuva";"Dupla";"Curva";"Não";4;0;2;0;2;0;2;1;-26,752083;-48,691639;"SPRF-SC";"DEL03-SC";"UOP02-DEL03-SC"
509929;2023-03-11;"sábado";"20:45:00";"PR";158;539;"PATO BRANCO";"Ausência de reação do condutor";"Colisão transversal";"Com Vítimas Feridas";"Plena Noite";"Crescente";"Chuva";"Simples";"Rotatória";"Não";4;0;1;0;3;0;1;2;-26,26491;-52,707542;"SPRF-PR";"DEL02-PR";"UOP01-DEL02-PR"
509930;2023-03-11;"sábado";"20:30:00";"PR";369;380;"MAMBORE";"Transitar na contramão";"Colisão frontal";"Com Vítimas Fatais";"Plena Noite";"Crescente";"Nublado";"Simples";"Reta";"Não";4;3;0;1;0;0;1;2;-24,2102;-52,5052;"SPRF-PR";"DEL04-PR";"UOP03-DEL04-PR"
509932;2023-03-11;"sábado";"21:10:00";"SC";116;5,7;"MAFRA";"Transitar na contramão";"Colisão frontal";"Com Vítimas Feridas";"Plena Noite";"Crescente";"Nublado";"Simples";"Reta;Rotatória";"Sim";3;0;0;1;2;0;1;2;-26,14559547;-49,82166767;"SPRF-SC";"DEL06-SC";"UOP01-DEL06-SC"
509933;2023-03-11;"sábado";"20:00:00";"SC";101;451;"SAO JOAO DO SUL";"Velocidade Incompatível";"Colisão traseira";"Com Vítimas Feridas";"Plena Noite";"Crescente";"Céu Claro";"Simples";"Reta";"Não";2;0;0;2;0;0;2;2;-29,19241544;-49,75389361;"SPRF-SC";"DEL02-SC";"UOP02-DEL02-SC"
509934;2023-03-11;"sábado";"21:40:00";"AL";316;245,2;"ATALAIA";"Ingestão de álcool pelo condutor";"Queda de ocupante de veículo";"Com Vítimas Feridas";"Plena Noite";"Crescente";"Céu Claro";"Simples";"Reta";"Sim";1;0;0;1;0;0;1;1;-9,51787134;-35,99989354;"SPRF-AL";"DEL01-AL";"UOP01-DEL01-AL"
509935;2023-03-11;"sábado";"19:10:00";"SC";282;468,2;"PONTE SERRADA";"Ausência de reação do condutor";"Colisão traseira";"Com Vítimas Feridas";"Anoitecer";"Decrescente";"Nublado";"Simples";"Reta";"Não";4;0;1;0;3;0;1;3;-26,853588;-52,105446;"SPRF-SC";"DEL07-SC";"UOP04-DEL07-SC"
509936;2023-03-11;"sábado";"21:00:00";"SC";280;128,2;"RIO NEGRINHO";"Condutor deixou de manter distância do veículo da frente";"Colisão traseira";"Com Vítimas Feridas";"Plena Noite";"Crescente";"Chuva";"Dupla";"Retorno Regulamentado;Reta";"Sim";2;0;1;0;1;0;1;2;-26,24317941;-49,51320018;"SPRF-SC";"DEL06-SC";"UOP03-DEL06-SC"
509937;2023-03-11;"sábado";"21:20:00";"MS";463;107;"PONTA PORA";"Ausência de reação do condutor";"Colisão com objeto";"Com Vítimas Feridas";"Plena Noite";"Crescente";"Céu Claro";"Simples";"Retorno Regulamentado;Reta";"Sim";1;0;1;0;0;0;1;1;-22,59094101;-55,67301101;"SPRF-MS";"DEL04-MS";"UOP03-DEL04-MS"
509939;2023-03-11;"sábado";"22:20:00";"MG";381;541,1;"ITATIAIUCU";"Ingestão de álcool pelo condutor";"Colisão com objeto";"Com Vítimas Feridas";"Plena Noite";"Decrescente";"Chuva";"Dupla";"Reta";"Não";1;0;1;0;0;0;1;1;-20,25686585;-44,4185141;"SPRF-MG";"DEL04-MG";"UOP03-DEL04-MG"
509940;2023-03-11;"sábado";"19:19:00";"RN";304;31;"MOSSORO";"Ingestão de álcool pelo condutor";"Queda de ocupante de veículo";"Com Vítimas Feridas";"Plena Noite";"Crescente";"Céu Claro";"Simples";"Reta";"Não";1;0;1;0;0;0;1;1;-5,12587296;-37,34293919;"SPRF-RN";"DEL04-RN";"UOP02-DEL04-RN"
509941;2023-03-11;"sábado";"21:30:00";"SC";470;69;"INDAIAL";"Acesso irregular";"Queda de ocupante de veículo";"Com Vítimas Feridas";"Plena Noite";"Decrescente";"Nublado";"Simples";"Em Obras";"Não";1;0;1;0;0;0;1;1;-26,883745;-49,246704;"SPRF-SC";"DEL04-SC";"UOP01-DEL04-SC"
509944;2023-03-11;"sábado";"20:00:00";"RJ";101;384;"RIO DE JANEIRO";"Chuva";"Capotamento";"Com Vítimas Fatais";"Plena Noite";"Decrescente";"Chuva";"Múltipla";"Reta";"Não";1;1;0;0;0;0;0;1;-22,87911609;-43,62323999;"SPRF-RJ";"DEL03-RJ";"UOP01-DEL03-RJ"
509946;2023-03-11;"sábado";"19:40:00";"PR";277;704,6;"SANTA TEREZINHA DE ITAIPU";"Acessar a via sem observar a presença dos outros veículos";"Colisão transversal";"Com Vítimas Feridas";"Plena Noite";"Decrescente";"Céu Claro";"Dupla";"Reta";"Não";5;0;3;1;1;0;4;2;-25,42529621;-54,36142389;"SPRF-PR";"DEL05-PR";"UOP01-DEL05-PR"
509947;2023-03-11;"sábado";"19:00:00";"MG";262;402;"PARA DE MINAS";"Reação tardia ou ineficiente do condutor";"Tombamento";"Com Vítimas Feridas";"Plena Noite";"Decrescente";"Ignorado";"Dupla";"Curva";"Sim";1;0;0;1;0;0;1;1;-19,89743381;-44,56208695;"SPRF-MG";"DEL01-MG";"UOP03-DEL01-MG"
509948;2023-03-11;"sábado";"22:37:00";"SC";101;206,8;"SAO JOSE";"Manobra de mudança de faixa";"Colisão lateral mesmo sentido";"Com Vítimas Feridas";"Plena Noite";"Crescente";"Garoa/Chuvisco";"Múltipla";"Reta";"Sim";2;0;1;0;1;0;1;2;-27,59193546;-48,61824557;"SPRF-SC";"DEL01-SC";"UOP01-DEL01-SC"
509949;2023-03-11;"sábado";"22:30:00";"PE";428;181;"PETROLINA";"Acessar a via sem observar a presença dos outros veículos";"Colisão transversal";"Com Vítimas Feridas";"Plena Noite";"Crescente";"Céu Claro";"Dupla";"Interseção de Vias;Retorno Regulamentado";"Sim";2;0;1;0;1;0;1;2;-9,30816981;-40,45390137;"SPRF-PE";"DEL06-PE";"UOP01-DEL06-PE"
509950;2023-03-11;"sábado";"19:00:00";"MG";153;109;"PRATA";"Ausência de reação do condutor";"Saída de leito carroçável";"Sem Vítimas";"Pleno dia";"Decrescente";"Nublado";"Simples";"Reta";"Sim";1;0;0;0;1;0;0;1;-19,30556886;-48,90718711;"SPRF-MG";"DEL15-MG";"UOP03-DEL15-MG"
509951;2023-03-11;"sábado";"20:20:00";"RN";304;170,8;"ANGICOS";"Transitar na contramão";"Colisão frontal";"Com Vítimas Fatais";"Plena Noite";"Crescente";"Céu Claro";"Simples";"Reta";"Não";4;1;3;0;0;0;3;2;-5,687105;-36,428507;"SPRF-RN";"DEL01-RN";"UOP03-DEL01-RN"
509952;2023-03-11;"sábado";"22:40:00";"SP";116;145;"SAO JOSE DOS CAMPOS";"Entrada inopinada do pedestre";"Atropelamento de Pedestre";"Com Vítimas Feridas";"Plena Noite";"Decrescente";"Nublado";"Dupla";"Reta";"Sim";2;0;1;0;1;0;1;2;-23,1869844;-45,8548078;"SPRF-SP";"DEL02-SP";"UOP01-DEL02-SP"
509953;2023-03-11;"sábado";"23:04:00";"SC";101;419;"ARARANGUA";"Desrespeitar a preferência no cruzamento";"Colisão lateral sentido oposto";"Com Vítimas Feridas";"Plena Noite";"Decrescente";"Céu Claro";"Simples";"Reta;Interseção de Vias";"Não";2;0;0;1;0;1;1;2;-28,98712406;-49,54395294;"SPRF-SC";"DEL02-SC";"UOP02-DEL02-SC"
509954;2023-03-11;"sábado";"20:30:00";"RS";285;280;"MATO CASTELHANO";"Ingestão de álcool pelo condutor";"Colisão traseira";"Sem Vítimas";"Plena Noite";"Decrescente";"Céu Claro";"Simples";"Curva";"Não";4;0;0;0;4;0;0;2;-28,251572;-52,252426;"SPRF-RS";"DEL08-RS";"UOP03-DEL08-RS"
509956;2023-03-11;"sábado";"23:15:00";"MG";40;502,6;"ESMERALDAS";"Demais falhas mecânicas ou elétricas";"Incêndio";"Sem Vítimas";"Plena Noite";"Crescente";"Chuva";"Dupla";"Curva;Aclive";"Não";1;0;0;0;1;0;0;1;-19,714002;-44,160929;"SPRF-MG";"DEL02-MG";"UOP01-DEL02-MG"
509957;2023-03-11;"sábado";"22:25:00";"RS";158;328;"SANTA MARIA";"Reação tardia ou ineficiente do condutor";"Saída de leito carroçável";"Com Vítimas Feridas";"Plena Noite";"Decrescente";"Céu Claro";"Simples";"Viaduto;Curva;Retorno Regulamentado";"Sim";1;0;1;0;0;0;1;1;-29,70634725;-53,82964969;"SPRF-RS";"DEL09-RS";"UOP01-DEL09-RS"
509958;2023-03-11;"sábado";"23:40:00";"PR";376;139,1;"NOVA ESPERANCA";"Transitar na contramão";"Colisão frontal";"Com Vítimas Feridas";"Plena Noite";"Decrescente";"Céu Claro";"Dupla";"Aclive;Reta";"Não";2;0;0;1;1;0;1;2;-23,23021974;-52,17579961;"SPRF-PR";"DEL09-PR";"UOP02-DEL09-PR"
509959;2023-03-11;"sábado";"22:30:00";"MT";163;816;"SINOP";"Acessar a via sem observar a presença dos outros veículos";"Colisão transversal";"Com Vítimas Feridas";"Plena Noite";"Crescente";"Nublado";"Simples";"Retorno Regulamentado;Reta";"Não";5;0;0;2;3;0;2;2;-12,022244;-55,517331;"SPRF-MT";"DEL06-MT";"UOP02-DEL06-MT"
509961;2023-03-11;"sábado";"22:35:00";"BA";116;858;"VITORIA DA CONQUISTA";"Ultrapassagem Indevida";"Colisão traseira";"Com Vítimas Feridas";"Plena Noite";"Crescente";"Céu Claro";"Simples";"Reta";"Não";2;0;1;1;0;0;2;1;-15,1200693;-41,0322876;"SPRF-BA";"DEL08-BA";"UOP01-DEL08-BA"
509962;2023-03-11;"sábado";"23:10:00";"MS";163;562;"BANDEIRANTES";"Ausência de reação do condutor";"Tombamento";"Com Vítimas Feridas";"Anoitecer";"Crescente";"Nublado";"Simples";"Aclive;Reta";"Não";1;0;1;0;0;0;1;1;-19,80187994;-54,36992724;"SPRF-MS";"DEL01-MS";"UOP02-DEL01-MS"
509963;2023-03-11;"sábado";"22:30:00";"RS";116;521,4;"PELOTAS";"Demais falhas mecânicas ou elétricas";"Queda de ocupante de veículo";"Com Vítimas Feridas";"Plena Noite";"Crescente";"Céu Claro";"Dupla";"Reta";"Não";2;0;1;0;1;0;1;1;-31,70752405;-52,36800695;"SPRF-RS";"DEL07-RS";"UOP01-DEL07-RS"
509964;2023-03-11;"sábado";"21:00:00";"SC";280;220;"TRES BARRAS";"Condutor Dormindo";"Saída de leito carroçável";"Sem Vítimas";"Plena Noite";"Decrescente";"Nublado";"Simples";"Rotatória";"Não";1;0;0;0;0;1;0;1;-26,17259776;-50,27159214;"SPRF-SC";"DEL06-SC";"UOP04-DEL06-SC"
509965;2023-03-11;"sábado";"23:30:00";"MA";10;253;"IMPERATRIZ";"Ingestão de álcool pelo condutor";"Colisão traseira";"Com Vítimas Feridas";"Plena Noite";"Decrescente";"Céu Claro";"Simples";"Reta";"Sim";2;0;1;0;1;0;1;2;-5,526911;-47,471455;"SPRF-MA";"DEL04-MA";"UOP01-DEL04-MA"
509966;2023-03-12;"domingo";"00:22:00";"RJ";116;191;"NOVA IGUACU";"Demais falhas mecânicas ou elétricas";"Incêndio";"Sem Vítimas";"Plena Noite";"Crescente";"Garoa/Chuvisco";"Dupla";"Reta";"Sim";1;0;0;0;0;1;0;1;-22,74421443;-43,509822;"SPRF-RJ";"DEL01-RJ";"UOP02-DEL01-RJ"
509968;2023-03-11;"sábado";"23:18:00";"SC";280;5,9;"SAO FRANCISCO DO SUL";"Deficiência do Sistema de Iluminação/Sinalização";"Colisão traseira";"Com Vítimas Feridas";"Plena Noite";"Crescente";"Nublado";"Simples";"Reta";"Sim";3;0;2;0;1;0;2;2;-26,26011706;-48,62571995;"SPRF-SC";"DEL03-SC";"UOP03-DEL03-SC"
509969;2023-03-11;"sábado";"22:55:00";"CE";222;50,8;"SAO GONCALO DO AMARANTE";"Animais na Pista";"Atropelamento de Animal";"Com Vítimas Feridas";"Plena Noite";"Crescente";"Céu Claro";"Simples";"Reta";"Não";2;0;1;1;0;0;2;2;-3,668483;-39,001865;"SPRF-CE";"DEL01-CE";"UOP03-DEL01-CE"
509971;2023-03-11;"sábado";"08:50:00";"RO";364;713;"PORTO VELHO";"Acessar a via sem observar a presença dos outros veículos";"Atropelamento de Pedestre";"Com Vítimas Feridas";"Plena Noite";"Crescente";"Céu Claro";"Dupla";"Reta";"Sim";2;0;1;0;0;1;1;2;-8,77331583;-63,87969248;"SPRF-RO";"DEL01-RO";"UOP01-DEL01-RO"
509972;2023-03-12;"domingo";"01:30:00";"RJ";116;62,4;"TERESOPOLIS";"Chuva";"Colisão com objeto";"Com Vítimas Feridas";"Plena Noite";"Decrescente";"Chuva";"Simples";"Curva";"Não";3;0;1;0;2;0;1;1;-22,25254197;-42,91927708;"SPRF-RJ";"DEL04-RJ";"UOP01-DEL04-RJ"
509973;2023-03-12;"domingo";"00:05:00";"CE";116;372,6;"ICO";"Transitar na contramão";"Colisão frontal";"Com Vítimas Fatais";"Plena Noite";"Crescente";"Garoa/Chuvisco";"Simples";"Reta";"Não";3;1;0;1;0;1;1;2;-6,37861604;-38,80975697;"SPRF-CE";"DEL05-CE";"UOP01-DEL05-CE"
509974;2023-03-11;"sábado";"22:10:00";"MT";163;694;"LUCAS DO RIO VERDE";"Reação tardia ou ineficiente do condutor";"Saída de leito carroçável";"Com Vítimas Feridas";"Plena Noite";"Decrescente";"Garoa/Chuvisco";"Simples";"Interseção de Vias;Reta";"Não";1;0;1;0;0;0;1;1;-13,028938;-55,897975;"SPRF-MT";"DEL06-MT";"UOP01-DEL06-MT"
509975;2023-03-12;"domingo";"00:30:00";"SC";101;128,1;"BALNEARIO CAMBORIU";"Reação tardia ou ineficiente do condutor";"Colisão com objeto";"Com Vítimas Feridas";"Plena Noite";"Decrescente";"Garoa/Chuvisco";"Dupla";"Curva";"Não";1;0;1;0;0;0;1;1;-26,97284292;-48,68299451;"SPRF-SC";"DEL04-SC";"UOP04-DEL04-SC"
509976;2023-03-11;"sábado";"22:50:00";"MG";40;656,3;"CRISTIANO OTONI";"Acumulo de água sobre o pavimento";"Saída de leito carroçável";"Com Vítimas Feridas";"Plena Noite";"Decrescente";"Chuva";"Dupla";"Curva";"Não";2;0;2;0;0;0;2;1;-20,879912;-43,800808;"SPRF-MG";"DEL05-MG";"UOP02-DEL05-MG"
509977;2023-03-12;"domingo";"00:10:00";"MG";381;862,6;"POUSO ALEGRE";"Acumulo de água sobre o pavimento";"Capotamento";"Sem Vítimas";"Plena Noite";"Decrescente";"Chuva";"Dupla";"Reta";"Não";2;0;0;0;1;1;0;2;-22,37453071;-45,93949727;"SPRF-MG";"DEL16-MG";"UOP01-DEL16-MG"
509978;2023-03-12;"domingo";"01:50:00";"SC";282;3,9;"FLORIANOPOLIS";"Velocidade Incompatível";"Saída de leito carroçável";"Sem Vítimas";"Plena Noite";"Decrescente";"Nublado";"Dupla";"Curva";"Sim";1;0;0;0;0;1;0;1;-27,600384;-48,599705;"SPRF-SC";"DEL01-SC";"UOP01-DEL01-SC"
509979;2023-03-11;"sábado";"23:00:00";"MT";163;935;"ITAUBA";"Ausência de reação do condutor";"Atropelamento de Pedestre";"Com Vítimas Fatais";"Plena Noite";"Crescente";"Ignorado";"Simples";"Declive";"Não";2;1;0;0;0;1;0;2;-11,13682296;-55,31295921;"SPRF-MT";"DEL06-MT";"UOP02-DEL06-MT"
509980;2023-03-12;"domingo";"02:30:00";"PE";104;106,6;"PANELAS";"Animais na Pista";"Atropelamento de Animal";"Com Vítimas Fatais";"Plena Noite";"Decrescente";"Céu Claro";"Simples";"Reta";"Não";1;1;0;0;0;0;0;1;-8,61621937;-35,97162008;"SPRF-PE";"DEL02-PE";"UOP03-DEL02-PE"
509981;2023-03-12;"domingo";"01:45:00";"MG";50;179,8;"UBERABA";"Ausência de reação do condutor";"Colisão com objeto";"Com Vítimas Feridas";"Plena Noite";"Decrescente";"Nublado";"Dupla";"Rotatória";"Sim";2;0;1;1;0;0;2;1;-19,77827047;-47,93140998;"SPRF-MG";"DEL13-MG";"UOP01-DEL13-MG"
509982;2023-03-12;"domingo";"02:00:00";"ES";101;21,7;"PINHEIROS";"Animais na Pista";"Atropelamento de Animal";"Com Vítimas Feridas";"Plena Noite";"Crescente";"Céu Claro";"Simples";"Reta;Declive";"Não";2;0;1;0;1;0;1;1;-18,33423401;-39,95873082;"SPRF-ES";"DEL04-ES";"UOP02-DEL04-ES"
509983;2023-03-12;"domingo";"02:00:00";"SC";282;64,4;"RANCHO QUEIMADO";"Reação tardia ou ineficiente do condutor";"Colisão lateral sentido oposto";"Sem Vítimas";"Plena Noite";"Decrescente";"Garoa/Chuvisco";"Simples";"Interseção de Vias;Curva";"Não";2;0;0;0;2;0;0;2;-27,696323;-49,052456;"SPRF-SC";"DEL01-SC";"UOP03-DEL01-SC"
509984;2023-03-12;"domingo";"03:00:00";"SC";101;131;"BALNEARIO CAMBORIU";"Reação tardia ou ineficiente do condutor";"Tombamento";"Com Vítimas Feridas";"Plena Noite";"Crescente";"Nublado";"Dupla";"Curva";"Não";1;0;1;0;0;0;1;1;-26,99064209;-48,66310912;"SPRF-SC";"DEL04-SC";"UOP03-DEL04-SC"
509985;2023-03-12;"domingo";"02:30:00";"PR";369;209;"APUCARANA";"Ingestão de álcool pelo condutor";"Saída de leito carroçável";"Com Vítimas Fatais";"Plena Noite";"Crescente";"Chuva";"Simples";"Aclive;Reta";"Não";4;1;3;0;0;0;3;1;-23,56514464;-51,50448024;"SPRF-PR";"DEL07-PR";"UOP03-DEL07-PR"
509986;2023-03-12;"domingo";"02:50:00";"RS";116;242;"SAO LEOPOLDO";"Desrespeitar a preferência no cruzamento";"Colisão transversal";"Sem Vítimas";"Plena Noite";"Decrescente";"Céu Claro";"Simples";"Reta";"Não";2;0;0;0;2;0;0;2;-29,72386931;-51,14846528;"SPRF-RS";"DEL01-RS";"UOP02-DEL01-RS"
509987;2023-03-12;"domingo";"03:05:00";"PR";277;633,4;"CEU AZUL";"Ingestão de álcool pelo condutor";"Colisão frontal";"Com Vítimas Feridas";"Plena Noite";"Crescente";"Céu Claro";"Simples";"Reta";"Sim";2;0;0;1;1;0;1;2;-25,12585236;-53,81903487;"SPRF-PR";"DEL05-PR";"UOP02-DEL05-PR"
509988;2023-03-12;"domingo";"03:11:00";"BA";415;21;"ILHEUS";"Entrada inopinada do pedestre";"Atropelamento de Pedestre";"Com Vítimas Feridas";"Plena Noite";"Crescente";"Céu Claro";"Simples";"Curva;Aclive";"Não";2;0;1;0;1;0;1;2;-14,799002;-39,161925;"SPRF-BA";"DEL05-BA";"UOP01-DEL05-BA"
509989;2023-03-12;"domingo";"01:45:00";"CE";116;13;"FORTALEZA";"Condutor deixou de manter distância do veículo da frente";"Colisão traseira";"Com Vítimas Feridas";"Plena Noite";"Decrescente";"Chuva";"Dupla";"Reta";"Sim";3;0;1;0;0;2;1;3;-3,86088501;-38,49715296;"SPRF-CE";"DEL01-CE";"UOP02-DEL01-CE"
509990;2023-03-12;"domingo";"03:30:00";"RJ";116;269;"BARRA MANSA";"Velocidade Incompatível";"Saída de leito carroçável";"Com Vítimas Feridas";"Plena Noite";"Crescente";"Nublado";"Dupla";"Reta";"Não";1;0;1;0;0;0;1;1;-22,57510092;-44,11542461;"SPRF-RJ";"DEL07-RJ";"UOP02-DEL07-RJ"
509993;2023-03-12;"domingo";"03:10:00";"PR";277;76;"SAO JOSE DOS PINHAIS";"Ausência de reação do condutor";"Colisão com objeto";"Com Vítimas Feridas";"Plena Noite";"Decrescente";"Nublado";"Dupla";"Reta";"Não";1;0;1;0;0;0;1;1;-25,48754582;-49,18192496;"SPRF-PR";"DEL01-PR";"UOP01-DEL01-PR"