"id";"data_inversa";"dia_semana";"horario";"uf";"br";"km";"municipio";"causa_acidente";"tipo_acidente";"classificacao_acidente";"fase_dia";"sentido_via";"condicao_metereologica";"tipo_pista";"tracado_via";"uso_solo";"pessoas";"mortos";"feridos_leves";"feridos_graves";"ilesos";"ignorados";"feridos";"veiculos";"latitude";"longitude";"regional";"delegacia";"uop"
509994;2023-03-12;"domingo";"02:42:00";"PR";277;629,9;"CEU AZUL";"Condutor Dormindo";"Colisão com objeto";"Sem Vítimas";"Plena Noite";"Crescente";"Céu Claro";"Dupla";"Interseção de Vias";"Não";1;0;0;0;1;0;0;1;-25,10895423;-53,78588307;"SPRF-PR";"DEL05-PR";"UOP02-DEL05-PR"
509996;2023-03-12;"domingo";"03:20:00";"MG";40;512;"RIBEIRAO DAS NEVES";"Chuva";"Colisão traseira";"Com Vítimas Feridas";"Plena Noite";"Crescente";"Chuva";"Dupla";"Reta";"Não";3;0;1;2;0;0;3;2;-19,78946999;-44,11290699;"SPRF-MG";"DEL01-MG";"UOP02-DEL01-MG"
509997;2023-03-12;"domingo";"04:10:00";"RS";116;256;"ESTEIO";"Condutor Dormindo";"Colisão com objeto";"Com Vítimas Feridas";"Plena Noite";"Crescente";"Céu Claro";"Dupla";"Reta";"Não";4;0;1;0;3;0;1;1;-29,84393699;-51,17728603;"SPRF-RS";"DEL01-RS";"UOP02-DEL01-RS"
509998;2023-03-12;"domingo";"02:30:00";"MG";40;516,5;"RIBEIRAO DAS NEVES";"Acumulo de água sobre o pavimento";"Saída de leito carroçável";"Com Vítimas Feridas";"Plena Noite";"Decrescente";"Chuva";"Dupla";"Curva;Declive";"Sim";1;0;1;0;0;0;1;1;-19,81628624;-44,08960124;"SPRF-MG";"DEL01-MG";"UOP02-DEL01-MG"
510000;2023-03-12;"domingo";"01:20:00";"AL";104;49,5;"BRANQUINHA";"Condutor Dormindo";"Queda de ocupante de veículo";"Com Vítimas Fatais";"Plena Noite";"Decrescente";"Céu Claro";"Simples";"Reta";"Não";1;1;0;0;0;0;0;1;-9,25306896;-35,99102288;"SPRF-AL";"DEL01-AL";"UOP02-DEL01-AL"
510001;2023-03-12;"domingo";"04:53:00";"MS";376;75;"DEODAPOLIS";"Ausência de reação do condutor";"Saída de leito carroçável";"Com Vítimas Fatais";"Amanhecer";"Crescente";"Céu Claro";"Simples";"Declive;Reta";"Não";2;1;0;1;0;0;1;1;-22,33554509;-54,19409878;"SPRF-MS";"DEL04-MS";"UOP04-DEL04-MS"
510002;2023-03-12;"domingo";"04:50:00";"SC";470;2;"NAVEGANTES";"Ingestão de álcool pelo condutor";"Queda de ocupante de veículo";"Com Vítimas Feridas";"Amanhecer";"Decrescente";"Céu Claro";"Múltipla";"Em Obras;Reta";"Sim";1;0;0;1;0;0;1;1;-26,86939637;-48,67439032;"SPRF-SC";"DEL04-SC";"UOP04-DEL04-SC"
510003;2023-03-12;"domingo";"04:26:00";"PR";467;96;"CASCAVEL";"Afundamento ou ondulação no pavimento";"Queda de ocupante de veículo";"Com Vítimas Feridas";"Plena Noite";"Crescente";"Nublado";"Dupla";"Reta";"Não";1;0;1;0;0;0;1;1;-24,8743;-53,5637;"SPRF-PR";"DEL04-PR";"UOP01-DEL04-PR"
510005;2023-03-12;"domingo";"05:00:00";"SC";470;2;"NAVEGANTES";"Ingestão de álcool pelo condutor";"Queda de ocupante de veículo";"Com Vítimas Feridas";"Amanhecer";"Decrescente";"Nublado";"Dupla";"Reta";"Sim";1;0;1;0;0;0;1;1;-26,868551;-48,674831;"SPRF-SC";"DEL04-SC";"UOP04-DEL04-SC"
510008;2023-03-12;"domingo";"06:20:00";"RJ";101;267;"RIO BONITO";"Condutor Dormindo";"Capotamento";"Sem Vítimas";"Amanhecer";"Decrescente";"Céu Claro";"Dupla";"Reta";"Não";1;0;0;0;1;0;0;1;-22,70728329;-42,66059086;"SPRF-RJ";"DEL02-RJ";"UOP03-DEL02-RJ"
510010;2023-03-12;"domingo";"06:55:00";"GO";60;132;"GOIANIA";"Velocidade Incompatível";"Queda de ocupante de veículo";"Com Vítimas Feridas";"Pleno dia";"Crescente";"Céu Claro";"Dupla";"Curva";"Não";1;0;1;0;0;0;1;1;-16,581;-49,168;"SPRF-GO";"DEL01-GO";"UOP01-DEL01-GO"
510014;2023-03-12;"domingo";"07:00:00";"RS";116;239,6;"NOVO HAMBURGO";"Manobra de mudança de faixa";"Colisão lateral mesmo sentido";"Com Vítimas Feridas";"Pleno dia";"Crescente";"Céu Claro";"Dupla";"Aclive;Reta";"Sim";2;0;1;0;1;0;1;2;-29,69667458;-51,14494666;"SPRF-RS";"DEL01-RS";"UOP02-DEL01-RS"
510015;2023-03-12;"domingo";"05:00:00";"GO";364;279;"MINEIROS";"Reação tardia ou ineficiente do condutor";"Saída de leito carroçável";"Com Vítimas Feridas";"Amanhecer";"Crescente";"Chuva";"Simples";"Ponte";"Não";2;0;2;0;0;0;2;1;-17,630621;-52,37748;"SPRF-GO";"DEL05-GO";"UOP01-DEL05-GO"
510016;2023-03-12;"domingo";"07:10:00";"GO";60;3;"SANTO ANTONIO DO DESCOBERTO";"Reação tardia ou ineficiente do condutor";"Saída de leito carroçável";"Com Vítimas Feridas";"Pleno dia";"Decrescente";"Céu Claro";"Dupla";"Declive";"Não";1;0;1;0;0;0;1;1;-16,076996;-48,267645;"SPRF-DF";"DEL03-DF";"UOP01-DEL03-DF"
510017;2023-03-12;"domingo";"06:45:00";"RS";472;595;"URUGUAIANA";"Ingestão de álcool pelo condutor";"Saída de leito carroçável";"Sem Vítimas";"Pleno dia";"Crescente";"Céu Claro";"Simples";"Reta";"Não";2;0;0;0;1;1;0;2;-29,85443098;-57,10946865;"SPRF-RS";"DEL13-RS";"UOP01-DEL13-RS"
510018;2023-03-12;"domingo";"06:46:00";"MS";163;281;"DOURADOS";"Demais falhas mecânicas ou elétricas";"Incêndio";"Sem Vítimas";"Amanhecer";"Crescente";"Nublado";"Dupla";"Reta";"Sim";1;0;0;0;1;0;0;1;-22,13222947;-54,61222966;"SPRF-MS";"DEL04-MS";"UOP01-DEL04-MS"
510019;2023-03-12;"domingo";"05:09:00";"RO";364;709;"PORTO VELHO";"Reação tardia ou ineficiente do condutor";"Colisão com objeto";"Com Vítimas Feridas";"Amanhecer";"Decrescente";"Nevoeiro/Neblina";"Dupla";"Reta";"Sim";2;0;2;0;0;0;2;1;-8,78897988;-63,85254979;"SPRF-RO";"DEL01-RO";"UOP01-DEL01-RO"
510020;2023-03-12;"domingo";"06:00:00";"PR";116;111;"CURITIBA";"Reação tardia ou ineficiente do condutor";"Colisão com objeto";"Com Vítimas Feridas";"Amanhecer";"Crescente";"Céu Claro";"Dupla";"Reta";"Não";1;0;0;1;0;0;1;1;-25,56885181;-49,22724597;"SPRF-PR";"DEL01-PR";"UOP07-DEL01-PR"
510021;2023-03-12;"domingo";"05:00:00";"RS";285;351;"CARAZINHO";"Condutor Dormindo";"Saída de leito carroçável";"Sem Vítimas";"Amanhecer";"Decrescente";"Céu Claro";"Simples";"Reta";"Não";1;0;0;0;0;1;0;1;-28,336376;-52,896317;"SPRF-RS";"DEL08-RS";"UOP03-DEL08-RS"
510022;2023-03-12;"domingo";"05:00:00";"GO";70;330;"JUSSARA";"Acessar a via sem observar a presença dos outros veículos";"Colisão lateral mesmo sentido";"Com Vítimas Feridas";"Amanhecer";"Crescente";"Céu Claro";"Dupla";"Interseção de Vias";"Não";3;0;0;1;2;0;1;2;-15,88539475;-51,06307983;"SPRF-GO";"DEL04-GO";"UOP02-DEL04-GO"
510026;2023-03-12;"domingo";"03:00:00";"RJ";40;67,4;"PETROPOLIS";"Reação tardia ou ineficiente do condutor";"Saída de leito carroçável";"Com Vítimas Fatais";"Plena Noite";"Crescente";"Nevoeiro/Neblina";"Dupla";"Reta";"Sim";1;1;0;0;0;0;0;1;-22,43674775;-43,1756712;"SPRF-RJ";"DEL06-RJ";"UOP01-DEL06-RJ"
510027;2023-03-12;"domingo";"07:45:00";"RS";116;526;"PELOTAS";"Desrespeitar a preferência no cruzamento";"Colisão transversal";"Com Vítimas Feridas";"Pleno dia";"Crescente";"Céu Claro";"Simples";"Rotatória";"Sim";8;0;1;0;7;0;1;2;-31,74307729;-52,39966642;"SPRF-RS";"DEL07-RS";"UOP01-DEL07-RS"
510028;2023-03-12;"domingo";"08:40:00";"ES";101;144;"LINHARES";"Reação tardia ou ineficiente do condutor";"Queda de ocupante de veículo";"Com Vítimas Feridas";"Pleno dia";"Decrescente";"Nublado";"Dupla";"Reta";"Sim";1;0;0;1;0;0;1;1;-19,35188295;-40,0636685;"SPRF-ES";"DEL04-ES";"UOP01-DEL04-ES"
510029;2023-03-12;"domingo";"04:35:00";"BA";407;11;"JUAZEIRO";"Transitar na contramão";"Colisão frontal";"Com Vítimas Fatais";"Plena Noite";"Decrescente";"Céu Claro";"Simples";"Reta";"Não";3;1;1;0;0;1;1;2;-9,49645397;-40,46731593;"SPRF-BA";"DEL04-BA";"UOP01-DEL04-BA"
510031;2023-03-12;"domingo";"08:55:00";"ES";101;84;"SAO MATEUS";"Ultrapassagem Indevida";"Colisão traseira";"Com Vítimas Feridas";"Pleno dia";"Crescente";"Sol";"Simples";"Reta";"Não";2;0;1;0;1;0;1;2;-18,85087778;-39,9287233;"SPRF-ES";"DEL04-ES";"UOP02-DEL04-ES"
510033;2023-03-12;"domingo";"06:15:00";"CE";230;81,9;"VARZEA ALEGRE";"Ausência de reação do condutor";"Colisão traseira";"Com Vítimas Fatais";"Pleno dia";"Decrescente";"Céu Claro";"Simples";"Curva";"Sim";2;1;0;0;0;1;0;2;-6,79008042;-39,31354523;"SPRF-CE";"DEL05-CE";"UOP01-DEL05-CE"
510036;2023-03-12;"domingo";"09:30:00";"PE";101;63;"RECIFE";"Acessar a via sem observar a presença dos outros veículos";"Colisão lateral mesmo sentido";"Com Vítimas Feridas";"Pleno dia";"Crescente";"Céu Claro";"Dupla";"Reta";"Sim";2;0;0;2;0;0;2;2;-8,015644;-34,940222;"SPRF-PE";"DEL01-PE";"UOP01-DEL01-PE"
510039;2023-03-12;"domingo";"09:00:00";"RS";116;195,2;"PICADA CAFE";"Reação tardia ou ineficiente do condutor";"Saída de leito carroçável";"Com Vítimas Feridas";"Pleno dia";"Crescente";"Céu Claro";"Simples";"Curva";"Sim";2;0;2;0;0;0;2;1;-29,460423;-51,139767;"SPRF-RS";"DEL05-RS";"UOP02-DEL05-RS"
510040;2023-03-12;"domingo";"08:25:00";"SC";101;43;"JOINVILLE";"Velocidade Incompatível";"Colisão lateral mesmo sentido";"Com Vítimas Feridas";"Pleno dia";"Decrescente";"Céu Claro";"Dupla";"Curva";"Sim";2;0;1;0;1;0;1;2;-26,30357106;-48,88225609;"SPRF-SC";"DEL03-SC";"UOP01-DEL03-SC"
510041;2023-03-12;"domingo";"09:55:00";"SP";116;283;"EMBU DAS ARTES";"Ausência de reação do condutor";"Queda de ocupante de veículo";"Com Vítimas Feridas";"Pleno dia";"Crescente";"Nublado";"Dupla";"Reta";"Sim";1;0;1;0;0;0;1;1;-23,69297005;-46,86352786;"SPRF-SP";"DEL04-SP";"UOP01-DEL04-SP"
510043;2023-03-12;"domingo";"09:45:00";"RS";116;206;"PICADA CAFE";"Velocidade Incompatível";"Tombamento";"Com Vítimas Feridas";"Pleno dia";"Crescente";"Céu Claro";"Simples";"Curva";"Não";1;0;1;0;0;0;1;1;-29,49966726;-51,1306017;"SPRF-RS";"DEL05-RS";"UOP02-DEL05-RS"
510044;2023-03-12;"domingo";"10:25:00";"PR";116;103;"SAO JOSE DOS PINHAIS";"Manobra de mudança de faixa";"Colisão com objeto";"Com Vítimas Feridas";"Pleno dia";"Crescente";"Céu Claro";"Dupla";"Reta";"Não";1;0;1;0;0;0;1;1;-25,55944814;-49,15099774;"SPRF-PR";"DEL01-PR";"UOP07-DEL01-PR"
510045;2023-03-12;"domingo";"10:20:00";"SC";163;79,1;"SAO MIGUEL DO OESTE";"Conversão proibida";"Colisão traseira";"Com Vítimas Feridas";"Pleno dia";"Crescente";"Céu Claro";"Simples";"Aclive;Curva";"Não";4;0;1;1;2;0;2;2;-26,65911819;-53,51816757;"SPRF-SC";"DEL07-SC";"UOP03-DEL07-SC"
510046;2023-03-12;"domingo";"09:40:00";"MA";226;304;"BARRA DO CORDA";"Condutor deixou de manter distância do veículo da frente";"Colisão traseira";"Com Vítimas Feridas";"Pleno dia";"Crescente";"Céu Claro";"Simples";"Curva";"Sim";2;0;1;1;0;0;2;2;-5,48391094;-45,27514167;"SPRF-MA";"DEL06-MA";"UOP01-DEL06-MA"
510047;2023-03-12;"domingo";"09:20:00";"MS";376;165,8;"NOVA ANDRADINA";"Demais falhas mecânicas ou elétricas";"Queda de ocupante de veículo";"Com Vítimas Feridas";"Pleno dia";"Crescente";"Nublado";"Simples";"Declive";"Não";2;0;1;0;0;1;1;2;-22,32155714;-53,43996496;"SPRF-MS";"DEL04-MS";"UOP04-DEL04-MS"
510048;2023-03-12;"domingo";"10:40:00";"RS";158;316,4;"ITAARA";"Ausência de reação do condutor";"Saída de leito carroçável";"Com Vítimas Feridas";"Pleno dia";"Crescente";"Céu Claro";"Simples";"Declive;Curva";"Não";1;0;1;0;0;0;1;1;-29,655792;-53,773795;"SPRF-RS";"DEL09-RS";"UOP01-DEL09-RS"
510050;2023-03-12;"domingo";"09:10:00";"PR";163;267,5;"TOLEDO";"Reação tardia ou ineficiente do condutor";"Saída de leito carroçável";"Com Vítimas Fatais";"Pleno dia";"Crescente";"Céu Claro";"Dupla";"Reta";"Não";1;1;0;0;0;0;0;1;-24,6318893;-53,87961212;"SPRF-PR";"DEL06-PR";"UOP02-DEL06-PR"
510051;2023-03-12;"domingo";"08:30:00";"BA";110;319,5;"ALAGOINHAS";"Reação tardia ou ineficiente do condutor";"Saída de leito carroçável";"Com Vítimas Feridas";"Pleno dia";"Crescente";"Chuva";"Simples";"Curva";"Não";2;0;2;0;0;0;2;1;-12,06024684;-38,35628177;"SPRF-BA";"DEL01-BA";"UOP04-DEL01-BA"
510054;2023-03-12;"domingo";"09:30:00";"PE";232;11;"JABOATAO DOS GUARARAPES";"Condutor deixou de manter distância do veículo da frente";"Colisão traseira";"Com Vítimas Feridas";"Pleno dia";"Decrescente";"Nublado";"Dupla";"Declive";"Não";3;0;2;0;1;0;2;2;-8,08195464;-34,99545022;"SPRF-PE";"DEL01-PE";"UOP01-DEL01-PE"
510056;2023-03-12;"domingo";"11:20:00";"GO";153;424;"ANAPOLIS";"Condutor deixou de manter distância do veículo da frente";"Colisão traseira";"Com Vítimas Feridas";"Pleno dia";"Decrescente";"Céu Claro";"Dupla";"Reta;Declive";"Não";2;0;0;1;1;0;1;2;-16,20509;-49,021236;"SPRF-GO";"DEL02-GO";"UOP01-DEL02-GO"
510058;2023-03-12;"domingo";"17:00:00";"SC";101;221;"PALHOCA";"Ingestão de álcool pelo condutor";"Colisão traseira";"Sem Vítimas";"Pleno dia";"Crescente";"Garoa/Chuvisco";"Dupla";"Reta";"Não";2;0;0;0;1;1;0;2;-27,795666;-48,638153;"SPRF-SC";"DEL01-SC";"UOP02-DEL01-SC"
510059;2023-03-12;"domingo";"12:49:00";"PB";101;88;"JOAO PESSOA";"Acessar a via sem observar a presença dos outros veículos";"Colisão transversal";"Com Vítimas Feridas";"Pleno dia";"Decrescente";"Sol";"Dupla";"Reta";"Não";2;0;1;1;0;0;2;2;-7,16470016;-34,89993643;"SPRF-PB";"DEL01-PB";"UOP01-DEL01-PB"
510060;2023-03-12;"domingo";"10:55:00";"MG";116;702,2;"MURIAE";"Ausência de reação do condutor";"Colisão traseira";"Com Vítimas Feridas";"Pleno dia";"Crescente";"Céu Claro";"Simples";"Reta";"Sim";2;0;1;0;1;0;1;2;-21,12395995;-42,38091501;"SPRF-MG";"DEL07-MG";"UOP02-DEL07-MG"
510061;2023-03-12;"domingo";"06:15:00";"RJ";493;0,2;"ITABORAI";"Reação tardia ou ineficiente do condutor";"Saída de leito carroçável";"Com Vítimas Feridas";"Pleno dia";"Crescente";"Céu Claro";"Simples";"Declive;Curva";"Sim";1;0;1;0;0;0;1;1;-22,76733755;-42,92263985;"SPRF-RJ";"DEL02-RJ";"UOP02-DEL02-RJ"
510062;2023-03-12;"domingo";"12:36:00";"RN";101;96;"NATAL";"Mal súbito do condutor";"Colisão traseira";"Com Vítimas Feridas";"Pleno dia";"Decrescente";"Sol";"Múltipla";"Reta";"Sim";6;0;1;0;5;0;1;2;-5,84949622;-35,20890752;"SPRF-RN";"DEL01-RN";"UOP01-DEL01-RN"
510064;2023-03-12;"domingo";"12:15:00";"RJ";40;74;"PETROPOLIS";"Velocidade Incompatível";"Tombamento";"Sem Vítimas";"Pleno dia";"Decrescente";"Chuva";"Dupla";"Curva";"Não";1;0;0;0;1;0;0;1;-22,47224973;-43,22332717;"SPRF-RJ";"DEL06-RJ";"UOP01-DEL06-RJ"
510065;2023-03-12;"domingo";"12:35:00";"MT";163;829;"SINOP";"Chuva";"Saída de leito carroçável";"Com Vítimas Feridas";"Pleno dia";"Decrescente";"Chuva";"Simples";"Reta";"Sim";1;0;1;0;0;0;1;1;-11,910617;-55,508238;"SPRF-MT";"DEL06-MT";"UOP02-DEL06-MT"
510066;2023-03-12;"domingo";"13:25:00";"SE";235;4,5;"NOSSA SENHORA DO SOCORRO";"Ingestão de álcool pelo condutor";"Capotamento";"Com Vítimas Feridas";"Pleno dia";"Crescente";"Céu Claro";"Dupla";"Reta;Declive";"Sim";2;0;1;0;1;0;1;1;-10,9064;-37,1197;"SPRF-SE";"DEL01-SE";"UOP01-DEL01-SE"
510068;2023-03-10;"sexta-feira";"22:30:00";"MS";163;704;"RIO VERDE DE MATO GROSSO";"Animais na Pista";"Atropelamento de Animal";"Com Vítimas Feridas";"Plena Noite";"Crescente";"Céu Claro";"Simples";"Reta;Declive";"Não";2;0;1;0;1;0;1;1;-18,69308216;-54,81765747;"SPRF-MS";"DEL06-MS";"UOP01-DEL06-MS"
510069;2023-03-12;"domingo";"08:05:00";"MT";163;686;"LUCAS DO RIO VERDE";"Acessar a via sem observar a presença dos outros veículos";"Saída de leito carroçável";"Sem Vítimas";"Pleno dia";"Crescente";"Chuva";"Simples";"Interseção de Vias;Reta";"Sim";1;0;0;0;0;1;0;1;-13,19174413;-55,98980472;"SPRF-MT";"DEL06-MT";"UOP01-DEL06-MT"
510070;2023-03-12;"domingo";"14:03:00";"RJ";116;196;"QUEIMADOS";"Reação tardia ou ineficiente do condutor";"Colisão com objeto";"Com Vítimas Feridas";"Pleno dia";"Crescente";"Céu Claro";"Múltipla";"Reta";"Não";4;0;2;2;0;0;4;1;-22,73336575;-43,55659479;"SPRF-RJ";"DEL01-RJ";"UOP02-DEL01-RJ"
510071;2023-03-12;"domingo";"13:50:00";"DF";20;12,7;"BRASILIA";"Ingestão de substâncias psicoativas pelo condutor";"Colisão transversal";"Com Vítimas Feridas";"Pleno dia";"Crescente";"Céu Claro";"Dupla";"Reta";"Não";3;0;1;0;2;0;1;2;-15,642812;-47,757786;"SPRF-DF";"DEL02-DF";"UOP01-DEL02-DF"
510072;2023-03-12;"domingo";"06:00:00";"RS";153;409,1;"CACHOEIRA DO SUL";"Ausência de reação do condutor";"Saída de leito carroçável";"Sem Vítimas";"Amanhecer";"Crescente";"Céu Claro";"Dupla";"Reta";"Sim";1;0;0;0;1;0;0;1;-30,038982;-52,9138577;"SPRF-RS";"DEL02-RS";"UOP03-DEL02-RS"
510074;2023-03-12;"domingo";"14:50:00";"MG";365;832;"SANTA VITORIA";"Ausência de reação do condutor";"Tombamento";"Com Vítimas Feridas";"Pleno dia";"Crescente";"Céu Claro";"Simples";"Reta";"Não";3;0;2;0;0;1;2;2;-18,90505008;-50,20362197;"SPRF-MG";"DEL15-MG";"UOP03-DEL15-MG"
510077;2023-03-12;"domingo";"15:00:00";"AL";104;25,1;"UNIAO DOS PALMARES";"Ausência de reação do condutor";"Saída de leito carroçável";"Com Vítimas Feridas";"Pleno dia";"Decrescente";"Céu Claro";"Simples";"Curva";"Não";1;0;0;1;0;0;1;1;-9,0901211;-36,05202248;"SPRF-AL";"DEL01-AL";"UOP02-DEL01-AL"
510078;2023-03-12;"domingo";"14:15:00";"PE";101;58;"RECIFE";"Reação tardia ou ineficiente do condutor";"Saída de leito carroçável";"Com Vítimas Feridas";"Pleno dia";"Decrescente";"Sol";"Dupla";"Reta";"Não";1;0;1;0;0;0;1;1;-7,97063209;-34,92064675;"SPRF-PE";"DEL01-PE";"UOP02-DEL01-PE"
510079;2023-03-12;"domingo";"15:30:00";"RJ";101;68;"CAMPOS DOS GOYTACAZES";"Condutor deixou de manter distância do veículo da frente";"Colisão traseira";"Com Vítimas Feridas";"Pleno dia";"Decrescente";"Céu Claro";"Simples";"Reta";"Sim";2;0;1;0;1;0;1;2;-21,77186768;-41,35705017;"SPRF-RJ";"DEL08-RJ";"UOP02-DEL08-RJ"
510080;2023-03-12;"domingo";"15:30:00";"MG";381;485;"BETIM";"Velocidade Incompatível";"Colisão com objeto";"Com Vítimas Feridas";"Pleno dia";"Decrescente";"Céu Claro";"Dupla";"Reta";"Sim";1;0;1;0;0;0;1;1;-19,95659361;-44,12622893;"SPRF-MG";"DEL01-MG";"UOP03-DEL01-MG"
510083;2023-03-12;"domingo";"16:10:00";"ES";101;263;"SERRA";"Demais falhas mecânicas ou elétricas";"Queda de ocupante de veículo";"Com Vítimas Feridas";"Pleno dia";"Crescente";"Sol";"Dupla";"Reta";"Sim";2;0;2;0;0;0;2;1;-20,16554736;-40,27301648;"SPRF-ES";"DEL02-ES";"UOP01-DEL02-ES"
510084;2023-03-12;"domingo";"15:00:00";"BA";324;530;"FEIRA DE SANTANA";"Pista Escorregadia";"Tombamento";"Com Vítimas Feridas";"Pleno dia";"Decrescente";"Garoa/Chuvisco";"Dupla";"Declive;Curva";"Sim";1;0;1;0;0;0;1;1;-12,32818491;-38,86174193;"SPRF-BA";"DEL01-BA";"UOP03-DEL01-BA"
510085;2023-03-12;"domingo";"15:00:00";"BA";324;530;"FEIRA DE SANTANA";"Pista Escorregadia";"Saída de leito carroçável";"Com Vítimas Feridas";"Pleno dia";"Decrescente";"Chuva";"Dupla";"Declive;Curva";"Sim";2;0;1;0;1;0;1;1;-12,32818491;-38,86174193;"SPRF-BA";"DEL01-BA";"UOP03-DEL01-BA"
510086;2023-03-12;"domingo";"13:20:00";"MT";70;628;"POCONE";"Avarias e/ou desgaste excessivo no pneu";"Saída de leito carroçável";"Sem Vítimas";"Pleno dia";"Crescente";"Céu Claro";"Simples";"Reta";"Não";1;0;0;0;0;1;0;1;-15,93932896;-57,03678132;"SPRF-MT";"DEL03-MT";"UOP02-DEL03-MT"
510088;2023-03-12;"domingo";"15:45:00";"GO";153;679;"GOIATUBA";"Demais falhas na via";"Saída de leito carroçável";"Com Vítimas Feridas";"Pleno dia";"Decrescente";"Céu Claro";"Dupla";"Reta;Declive";"Não";1;0;1;0;0;0;1;1;-18,2169;-49,2707;"SPRF-GO";"DEL03-GO";"UOP02-DEL03-GO"
510089;2023-03-12;"domingo";"13:20:00";"PE";423;30;"SAO CAITANO";"Reação tardia ou ineficiente do condutor";"Colisão frontal";"Com Vítimas Feridas";"Pleno dia";"Crescente";"Céu Claro";"Simples";"Reta";"Não";2;0;0;1;1;0;1;2;-8,4192339;-36,19365318;"SPRF-PE";"DEL03-PE";"UOP02-DEL03-PE"
510090;2023-03-12;"domingo";"16:00:00";"RS";158;125,9;"PALMEIRA DAS MISSOES";"Velocidade Incompatível";"Engavetamento";"Com Vítimas Feridas";"Pleno dia";"Decrescente";"Céu Claro";"Simples";"Reta;Declive";"Não";5;0;3;2;0;0;5;4;-28,09545;-53,408705;"SPRF-RS";"DEL08-RS";"UOP01-DEL08-RS"
510093;2023-03-12;"domingo";"15:10:00";"MG";381;611,8;"OLIVEIRA";"Velocidade Incompatível";"Capotamento";"Com Vítimas Feridas";"Pleno dia";"Decrescente";"Nublado";"Dupla";"Curva";"Não";1;0;1;0;0;0;1;1;-20,71328969;-44,76134722;"SPRF-MG";"DEL04-MG";"UOP01-DEL04-MG"
510096;2023-03-12;"domingo";"16:20:00";"PE";101;60;"RECIFE";"Velocidade Incompatível";"Saída de leito carroçável";"Com Vítimas Fatais";"Pleno dia";"Decrescente";"Nublado";"Dupla";"Curva";"Sim";2;1;0;1;0;0;1;1;-7,98344307;-34,93176727;"SPRF-PE";"DEL01-PE";"UOP02-DEL01-PE"
510097;2023-03-12;"domingo";"16:45:00";"MG";40;512;"RIBEIRAO DAS NEVES";"Condutor deixou de manter distância do veículo da frente";"Colisão traseira";"Com Vítimas Feridas";"Pleno dia";"Decrescente";"Céu Claro";"Dupla";"Reta;Aclive";"Não";6;0;1;0;4;1;1;2;-19,78946999;-44,11290699;"SPRF-MG";"DEL01-MG";"UOP02-DEL01-MG"
510098;2023-03-12;"domingo";"17:15:00";"ES";101;322;"GUARAPARI";"Obstrução na via";"Colisão lateral mesmo sentido";"Com Vítimas Feridas";"Anoitecer";"Decrescente";"Céu Claro";"Dupla";"Reta";"Não";3;0;0;1;2;0;1;3;-20,52834469;-40,48236575;"SPRF-ES";"DEL03-ES";"UOP01-DEL03-ES"
510099;2023-03-12;"domingo";"16:50:00";"ES";101;204,9;"JOAO NEIVA";"Ingestão de álcool pelo condutor";"Colisão traseira";"Sem Vítimas";"Pleno dia";"Crescente";"Céu Claro";"Simples";"Interseção de Vias";"Não";2;0;0;0;2;0;0;2;-19,75823196;-40,3795009;"SPRF-ES";"DEL02-ES";"UOP01-DEL02-ES"
510101;2023-03-12;"domingo";"17:15:00";"RJ";101;505;"ANGRA DOS REIS";"Acessar a via sem observar a presença dos outros veículos";"Colisão transversal";"Com Vítimas Feridas";"Pleno dia";"Crescente";"Chuva";"Simples";"Reta";"Não";2;0;1;0;1;0;1;2;-22,93629222;-44,40081596;"SPRF-RJ";"DEL03-RJ";"UOP03-DEL03-RJ"
510102;2023-03-12;"domingo";"17:00:00";"RS";285;209,4;"LAGOA VERMELHA";"Acessar a via sem observar a presença dos outros veículos";"Colisão transversal";"Com Vítimas Feridas";"Pleno dia";"Decrescente";"Céu Claro";"Simples";"Interseção de Vias";"Não";7;0;1;0;6;0;1;2;-28,22394504;-51,61093712;"SPRF-RS";"DEL08-RS";"UOP05-DEL08-RS"
510103;2023-03-12;"domingo";"16:50:00";"SP";116;289;"ITAPECERICA DA SERRA";"Ausência de reação do condutor";"Saída de leito carroçável";"Com Vítimas Feridas";"Pleno dia";"Decrescente";"Chuva";"Dupla";"Reta";"Sim";5;0;3;2;0;0;5;1;-23,72290969;-46,89096614;"SPRF-SP";"DEL04-SP";"UOP01-DEL04-SP"
510104;2023-03-12;"domingo";"16:58:00";"PR";116;97,3;"SAO JOSE DOS PINHAIS";"Transitar na contramão";"Colisão frontal";"Com Vítimas Feridas";"Pleno dia";"Crescente";"Nublado";"Dupla";"Reta";"Não";2;0;1;1;0;0;2;2;-25,5454104;-49,15064871;"SPRF-PR";"DEL01-PR";"UOP07-DEL01-PR"
510105;2023-03-12;"domingo";"17:45:00";"SP";116;349;"MIRACATU";"Chuva";"Tombamento";"Com Vítimas Feridas";"Pleno dia";"Crescente";"Chuva";"Dupla";"Curva;Aclive";"Não";1;0;1;0;0;0;1;1;-24,05190879;-47,213052;"SPRF-SP";"DEL04-SP";"UOP03-DEL04-SP"
510106;2023-03-12;"domingo";"16:20:00";"MG";381;683,7;"RIBEIRAO VERMELHO";"Ingestão de álcool pelo condutor";"Saída de leito carroçável";"Com Vítimas Feridas";"Pleno dia";"Decrescente";"Nublado";"Dupla";"Reta;Aclive";"Não";1;0;1;0;0;0;1;1;-21,15659857;-45,11576414;"SPRF-MG";"DEL04-MG";"UOP02-DEL04-MG"
510107;2023-03-12;"domingo";"14:05:00";"MS";163;784;"COXIM";"Chuva";"Colisão com objeto";"Com Vítimas Feridas";"Pleno dia";"Crescente";"Chuva";"Simples";"Reta;Aclive";"Não";4;0;1;0;0;3;1;1;-18,05981191;-54,68946248;"SPRF-MS";"DEL06-MS";"UOP01-DEL06-MS"