"id";"data_inversa";"dia_semana";"horario";"uf";"br";"km";"municipio";"causa_acidente";"tipo_acidente";"classificacao_acidente";"fase_dia";"sentido_via";"condicao_metereologica";"tipo_pista";"tracado_via";"uso_solo";"pessoas";"mortos";"feridos_leves";"feridos_graves";"ilesos";"ignorados";"feridos";"veiculos";"latitude";"longitude";"regional";"delegacia";"uop"
510108;2023-03-12;"domingo";"17:20:00";"ES";101;301;"VIANA";"Ausência de reação do condutor";"Colisão com objeto";"Com Vítimas Feridas";"Pleno dia";"Crescente";"Céu Claro";"Dupla";"Curva";"Sim";1;0;1;0;0;0;1;1;-20,36278187;-40,4401343;"SPRF-ES";"DEL01-ES";"UOP01-DEL01-ES"
510109;2023-03-12;"domingo";"17:30:00";"MG";381;435;"SABARA";"Chuva";"Colisão frontal";"Com Vítimas Feridas";"Pleno dia";"Crescente";"Chuva";"Simples";"Curva";"Sim";6;0;1;3;1;1;4;3;-19,80010099;-43,75771301;"SPRF-MG";"DEL01-MG";"UOP01-DEL01-MG"
510110;2023-03-12;"domingo";"17:25:00";"MG";381;483;"BETIM";"Avarias e/ou desgaste excessivo no pneu";"Colisão com objeto";"Com Vítimas Feridas";"Anoitecer";"Crescente";"Nublado";"Dupla";"Curva";"Sim";2;0;1;0;1;0;1;1;-19,95594491;-44,10721699;"SPRF-MG";"DEL01-MG";"UOP03-DEL01-MG"
510111;2023-03-12;"domingo";"17:30:00";"MG";381;504;"BETIM";"Ausência de reação do condutor";"Colisão traseira";"Sem Vítimas";"Pleno dia";"Decrescente";"Céu Claro";"Dupla";"Reta";"Não";2;0;0;0;2;0;0;2;-20,04164508;-44,26386697;"SPRF-MG";"DEL04-MG";"UOP03-DEL04-MG"
510112;2023-03-12;"domingo";"16:00:00";"MS";262;774;"CORUMBA";"Condutor deixou de manter distância do veículo da frente";"Colisão traseira";"Com Vítimas Feridas";"Pleno dia";"Crescente";"Chuva";"Simples";"Reta";"Sim";3;0;1;1;1;0;2;2;-19,08285699;-57,62168025;"SPRF-MS";"DEL03-MS";"UOP03-DEL03-MS"
510113;2023-03-12;"domingo";"17:30:00";"RJ";101;502;"ANGRA DOS REIS";"Acessar a via sem observar a presença dos outros veículos";"Colisão transversal";"Com Vítimas Feridas";"Anoitecer";"Crescente";"Céu Claro";"Simples";"Reta";"Sim";4;0;2;0;2;0;2;2;-22,92526971;-44,36990312;"SPRF-RJ";"DEL03-RJ";"UOP03-DEL03-RJ"
510114;2023-03-12;"domingo";"17:45:00";"SC";101;205;"SAO JOSE";"Acumulo de óleo sobre o pavimento";"Colisão com objeto";"Com Vítimas Feridas";"Anoitecer";"Crescente";"Garoa/Chuvisco";"Dupla";"Curva";"Não";3;0;2;0;1;0;2;1;-27,58313237;-48,61532885;"SPRF-SC";"DEL01-SC";"UOP01-DEL01-SC"
510115;2023-03-12;"domingo";"17:40:00";"RS";116;251,9;"SAPUCAIA DO SUL";"Entrada inopinada do pedestre";"Engavetamento";"Sem Vítimas";"Pleno dia";"Decrescente";"Céu Claro";"Dupla";"Reta";"Sim";4;0;0;0;4;0;0;4;-29,80035406;-51,16550365;"SPRF-RS";"DEL01-RS";"UOP02-DEL01-RS"
510116;2023-03-12;"domingo";"17:40:00";"MS";262;477,3;"ANASTACIO";"Avarias e/ou desgaste excessivo no pneu";"Queda de ocupante de veículo";"Com Vítimas Feridas";"Pleno dia";"Crescente";"Céu Claro";"Simples";"Reta";"Não";2;0;2;0;0;0;2;1;-20,50653945;-55,70145703;"SPRF-MS";"DEL03-MS";"UOP01-DEL03-MS"
510119;2023-03-12;"domingo";"17:40:00";"MG";262;33,3;"MANHUACU";"Condutor deixou de manter distância do veículo da frente";"Colisão traseira";"Com Vítimas Feridas";"Anoitecer";"Crescente";"Céu Claro";"Simples";"Declive";"Não";3;0;1;0;2;0;1;2;-20,25550548;-42,00465315;"SPRF-MG";"DEL06-MG";"UOP03-DEL06-MG"
510121;2023-03-12;"domingo";"18:38:00";"RS";290;87;"PORTO ALEGRE";"Ausência de reação do condutor";"Colisão com objeto";"Com Vítimas Feridas";"Anoitecer";"Decrescente";"Céu Claro";"Múltipla";"Reta";"Não";1;0;1;0;0;0;1;1;-29,967838;-51,127197;"SPRF-RS";"DEL01-RS";"UOP01-DEL01-RS"
510122;2023-03-12;"domingo";"16:00:00";"RJ";116;235,7;"PIRAI";"Condutor deixou de manter distância do veículo da frente";"Colisão traseira";"Com Vítimas Feridas";"Pleno dia";"Decrescente";"Chuva";"Dupla";"Curva";"Não";1;0;1;0;0;0;1;1;-22,66934677;-43,85528603;"SPRF-RJ";"DEL07-RJ";"UOP01-DEL07-RJ"
510123;2023-03-12;"domingo";"14:00:00";"MS";158;109,8;"PARANAIBA";"Reação tardia ou ineficiente do condutor";"Tombamento";"Com Vítimas Feridas";"Pleno dia";"Decrescente";"Céu Claro";"Simples";"Reta";"Não";1;0;1;0;0;0;1;1;-19,77883406;-51,11796619;"SPRF-MS";"DEL08-MS";"UOP01-DEL08-MS"
510125;2023-03-12;"domingo";"17:40:00";"SC";101;336;"TUBARAO";"Demais falhas mecânicas ou elétricas";"Queda de ocupante de veículo";"Com Vítimas Feridas";"Anoitecer";"Decrescente";"Nublado";"Dupla";"Curva";"Não";2;0;2;0;0;0;2;1;-28,47311347;-49,02437375;"SPRF-SC";"DEL02-SC";"UOP01-DEL02-SC"
510126;2023-03-12;"domingo";"18:45:00";"PR";376;246,3;"APUCARANA";"Ingestão de álcool pelo condutor";"Colisão frontal";"Com Vítimas Feridas";"Plena Noite";"Crescente";"Garoa/Chuvisco";"Dupla";"Reta";"Não";4;0;1;2;1;0;3;3;-23,609678;-51,401363;"SPRF-PR";"DEL07-PR";"UOP03-DEL07-PR"
510127;2023-03-12;"domingo";"18:00:00";"PB";427;36,9;"POMBAL";"Velocidade Incompatível";"Queda de ocupante de veículo";"Com Vítimas Feridas";"Plena Noite";"Decrescente";"Céu Claro";"Simples";"Curva";"Sim";2;0;1;0;0;1;1;1;-6,76136692;-37,78089203;"SPRF-PB";"DEL03-PB";"UOP02-DEL03-PB"
510129;2023-03-12;"domingo";"15:30:00";"MG";381;251;"IPATINGA";"Ausência de reação do condutor";"Colisão transversal";"Com Vítimas Feridas";"Pleno dia";"Decrescente";"Céu Claro";"Simples";"Interseção de Vias;Curva";"Sim";2;0;0;2;0;0;2;2;-19,48994405;-42,56156695;"SPRF-MG";"DEL06-MG";"UOP01-DEL06-MG"
510130;2023-03-12;"domingo";"16:55:00";"PR";376;439;"TIBAGI";"Reação tardia ou ineficiente do condutor";"Colisão traseira";"Com Vítimas Feridas";"Pleno dia";"Crescente";"Chuva";"Múltipla";"Curva";"Não";5;0;1;0;4;0;1;3;-24,80005874;-50,49543858;"SPRF-PR";"DEL03-PR";"UOP02-DEL03-PR"
510131;2023-03-12;"domingo";"19:20:00";"PE";101;84;"JABOATAO DOS GUARARAPES";"Ausência de reação do condutor";"Colisão com objeto";"Com Vítimas Feridas";"Anoitecer";"Crescente";"Céu Claro";"Dupla";"Reta";"Não";2;0;2;0;0;0;2;1;-8,17778559;-34,95087297;"SPRF-PE";"DEL01-PE";"UOP01-DEL01-PE"
510132;2023-03-12;"domingo";"19:30:00";"MG";381;490,6;"BETIM";"Reação tardia ou ineficiente do condutor";"Colisão com objeto";"Com Vítimas Feridas";"Plena Noite";"Decrescente";"Céu Claro";"Dupla";"Interseção de Vias";"Sim";2;0;0;2;0;0;2;1;-19,96502819;-44,17422195;"SPRF-MG";"DEL01-MG";"UOP03-DEL01-MG"
510133;2023-03-12;"domingo";"19:00:00";"PA";316;71,1;"CASTANHAL";"Ausência de reação do condutor";"Colisão traseira";"Com Vítimas Feridas";"Plena Noite";"Decrescente";"Chuva";"Simples";"Reta";"Não";3;0;1;0;2;0;1;2;-1,29062917;-47,85733898;"SPRF-PA";"DEL01-PA";"UOP01-DEL01-PA"
510134;2023-03-12;"domingo";"17:10:00";"MG";116;216;"CATUJI";"Acessar a via sem observar a presença dos outros veículos";"Colisão transversal";"Com Vítimas Feridas";"Pleno dia";"Crescente";"Céu Claro";"Simples";"Aclive;Curva";"Não";3;0;1;0;2;0;1;2;-17,3756538;-41,52881674;"SPRF-MG";"DEL11-MG";"UOP01-DEL11-MG"
510135;2023-03-12;"domingo";"18:40:00";"SC";280;146,5;"MAFRA";"Demais falhas mecânicas ou elétricas";"Incêndio";"Sem Vítimas";"Anoitecer";"Decrescente";"Garoa/Chuvisco";"Simples";"Curva";"Não";2;0;0;0;2;0;0;1;-26,25518456;-49,6620649;"SPRF-SC";"DEL06-SC";"UOP03-DEL06-SC"
510136;2023-03-12;"domingo";"19:30:00";"MG";40;783,1;"JUIZ DE FORA";"Chuva";"Saída de leito carroçável";"Com Vítimas Feridas";"Plena Noite";"Decrescente";"Chuva";"Dupla";"Declive";"Não";1;0;0;1;0;0;1;1;-21,70406297;-43,45067808;"SPRF-MG";"DEL05-MG";"UOP01-DEL05-MG"
510137;2023-03-12;"domingo";"17:30:00";"SC";280;43;"GUARAMIRIM";"Acessar a via sem observar a presença dos outros veículos";"Colisão transversal";"Com Vítimas Feridas";"Pleno dia";"Crescente";"Garoa/Chuvisco";"Simples";"Reta";"Não";2;0;1;0;1;0;1;2;-26,45118786;-48,87789901;"SPRF-SC";"DEL03-SC";"UOP03-DEL03-SC"
510138;2023-03-12;"domingo";"19:45:00";"MG";381;617;"OLIVEIRA";"Acessar a via sem observar a presença dos outros veículos";"Atropelamento de Pedestre";"Com Vítimas Feridas";"Plena Noite";"Decrescente";"Céu Claro";"Simples";"Declive;Interseção de Vias";"Não";3;0;1;1;0;1;2;2;-20,76156591;-44,77700024;"SPRF-MG";"DEL04-MG";"UOP01-DEL04-MG"
510140;2023-03-12;"domingo";"16:30:00";"RO";364;341;"JI-PARANA";"Frear bruscamente";"Saída de leito carroçável";"Sem Vítimas";"Pleno dia";"Decrescente";"Céu Claro";"Simples";"Curva;Interseção de Vias";"Sim";5;0;0;0;4;1;0;3;-10,88995091;-61,93267822;"SPRF-RO";"DEL02-RO";"UOP01-DEL02-RO"
510141;2023-03-12;"domingo";"19:00:00";"PI";343;283,4;"CAMPO MAIOR";"Pedestre andava na pista";"Atropelamento de Pedestre";"Com Vítimas Feridas";"Plena Noite";"Decrescente";"Céu Claro";"Simples";"Reta";"Sim";2;0;0;1;0;1;1;2;-4,927681;-42,286869;"SPRF-PI";"DEL01-PI";"UOP03-DEL01-PI"
510142;2023-03-12;"domingo";"20:20:00";"ES";101;66;"SAO MATEUS";"Ingestão de álcool pelo condutor";"Colisão transversal";"Com Vítimas Feridas";"Plena Noite";"Crescente";"Nublado";"Múltipla";"Interseção de Vias";"Sim";2;0;0;1;1;0;1;2;-18,7165195;-39,87436378;"SPRF-ES";"DEL04-ES";"UOP02-DEL04-ES"
510143;2023-03-12;"domingo";"20:30:00";"GO";414;394;"CORUMBA DE GOIAS";"Condutor deixou de manter distância do veículo da frente";"Colisão traseira";"Com Vítimas Feridas";"Plena Noite";"Crescente";"Céu Claro";"Dupla";"Reta";"Sim";2;0;0;1;0;1;1;2;-15,92793309;-48,80538444;"SPRF-GO";"DEL02-GO";"UOP01-DEL02-GO"
510144;2023-03-12;"domingo";"17:35:00";"SP";116;508;"CAJATI";"Reação tardia ou ineficiente do condutor";"Queda de ocupante de veículo";"Com Vítimas Feridas";"Pleno dia";"Decrescente";"Chuva";"Simples";"Declive;Curva";"Não";2;0;2;0;0;0;2;1;-24,81333299;-48,21310484;"SPRF-SP";"DEL05-SP";"UOP02-DEL05-SP"
510145;2023-03-12;"domingo";"18:00:00";"RJ";393;239;"VASSOURAS";"Ingestão de álcool pelo condutor";"Saída de leito carroçável";"Sem Vítimas";"Anoitecer";"Decrescente";"Chuva";"Simples";"Declive;Reta";"Não";1;0;0;0;1;0;0;1;-22,40800571;-43,67023264;"SPRF-RJ";"DEL05-RJ";"UOP04-DEL05-RJ"
510146;2023-03-12;"domingo";"20:24:00";"RN";304;33,1;"MOSSORO";"Condutor deixou de manter distância do veículo da frente";"Colisão traseira";"Com Vítimas Feridas";"Plena Noite";"Decrescente";"Céu Claro";"Dupla";"Reta";"Sim";3;0;2;0;0;1;2;2;-5,1436187;-37,34679947;"SPRF-RN";"DEL04-RN";"UOP02-DEL04-RN"
510147;2023-03-12;"domingo";"18:40:00";"RS";290;88;"PORTO ALEGRE";"Avarias e/ou desgaste excessivo no pneu";"Tombamento";"Com Vítimas Feridas";"Anoitecer";"Crescente";"Céu Claro";"Múltipla";"Reta";"Sim";2;0;2;0;0;0;2;1;-29,967531;-51,137264;"SPRF-RS";"DEL01-RS";"UOP01-DEL01-RS"
510148;2023-03-12;"domingo";"20:17:00";"RN";406;159;"CEARA-MIRIM";"Animais na Pista";"Atropelamento de Animal";"Sem Vítimas";"Plena Noite";"Crescente";"Céu Claro";"Simples";"Reta";"Não";2;0;0;0;2;0;0;2;-5,7065959;-35,37766687;"SPRF-RN";"DEL02-RN";"UOP01-DEL02-RN"
510149;2023-03-12;"domingo";"19:10:00";"RJ";101;48;"CAMPOS DOS GOYTACAZES";"Iluminação deficiente";"Atropelamento de Pedestre";"Com Vítimas Feridas";"Plena Noite";"Crescente";"Céu Claro";"Simples";"Reta";"Não";2;0;1;0;0;1;1;2;-21,61625895;-41,31535762;"SPRF-RJ";"DEL08-RJ";"UOP01-DEL08-RJ"
510150;2023-03-12;"domingo";"20:00:00";"MG";40;667,5;"CARANDAI";"Acumulo de água sobre o pavimento";"Colisão lateral sentido oposto";"Sem Vítimas";"Plena Noite";"Crescente";"Chuva";"Simples";"Curva";"Sim";2;0;0;0;2;0;0;2;-20,94645319;-43,79932806;"SPRF-MG";"DEL05-MG";"UOP02-DEL05-MG"
510152;2023-03-12;"domingo";"20:50:00";"SC";101;227;"PALHOCA";"Demais falhas mecânicas ou elétricas";"Colisão lateral mesmo sentido";"Com Vítimas Feridas";"Plena Noite";"Crescente";"Garoa/Chuvisco";"Simples";"Reta";"Não";3;0;1;0;2;0;1;2;-27,75882346;-48,63098145;"SPRF-SC";"DEL01-SC";"UOP02-DEL01-SC"
510155;2023-03-12;"domingo";"20:00:00";"PR";163;178;"LINDOESTE";"Reação tardia ou ineficiente do condutor";"Queda de ocupante de veículo";"Com Vítimas Feridas";"Plena Noite";"Crescente";"Garoa/Chuvisco";"Dupla";"Aclive;Reta";"Não";1;0;0;1;0;0;1;1;-25,19299599;-53,60212908;"SPRF-PR";"DEL05-PR";"UOP05-DEL05-PR"
510156;2023-03-12;"domingo";"19:45:00";"SC";101;122;"ITAJAI";"Ingestão de álcool pelo condutor";"Colisão lateral mesmo sentido";"Sem Vítimas";"Plena Noite";"Decrescente";"Garoa/Chuvisco";"Dupla";"Reta";"Não";5;0;0;0;5;0;0;2;-26,93150945;-48,70348692;"SPRF-SC";"DEL04-SC";"UOP04-DEL04-SC"
510157;2023-03-12;"domingo";"19:47:00";"RN";226;14;"MACAIBA";"Ingestão de álcool pelo condutor";"Queda de ocupante de veículo";"Com Vítimas Feridas";"Plena Noite";"Crescente";"Ignorado";"Simples";"Aclive;Reta";"Não";1;0;1;0;0;0;1;1;-5,856673;-35,335872;"SPRF-RN";"DEL01-RN";"UOP02-DEL01-RN"
510158;2023-03-12;"domingo";"16:25:00";"PA";10;238,3;"IPIXUNA DO PARA";"Ingestão de álcool pelo condutor";"Colisão lateral mesmo sentido";"Com Vítimas Feridas";"Pleno dia";"Crescente";"Garoa/Chuvisco";"Simples";"Reta;Declive";"Não";2;0;0;1;1;0;1;2;-2,35755302;-47,56011809;"SPRF-PA";"DEL02-PA";"UOP01-DEL02-PA"
510159;2023-03-12;"domingo";"20:30:00";"BA";116;340;"TEOFILANDIA";"Manobra de mudança de faixa";"Colisão frontal";"Com Vítimas Feridas";"Plena Noite";"Crescente";"Céu Claro";"Simples";"Reta";"Não";2;0;0;1;0;1;1;2;-11,50226304;-38,99596429;"SPRF-BA";"DEL02-BA";"UOP01-DEL02-BA"
510160;2023-03-12;"domingo";"15:10:00";"SC";282;558;"NOVA ITABERABA";"Condutor Dormindo";"Saída de leito carroçável";"Com Vítimas Feridas";"Pleno dia";"Decrescente";"Nublado";"Simples";"Curva";"Não";1;0;0;1;0;0;1;1;-26,93273;-52,838913;"SPRF-SC";"DEL07-SC";"UOP01-DEL07-SC"
510161;2023-03-12;"domingo";"21:07:00";"RN";101;103;"PARNAMIRIM";"Condutor usando celular";"Colisão traseira";"Com Vítimas Feridas";"Plena Noite";"Decrescente";"Céu Claro";"Múltipla";"Reta";"Sim";2;0;1;0;1;0;1;2;-5,89034022;-35,24894996;"SPRF-RN";"DEL01-RN";"UOP01-DEL01-RN"
510162;2023-03-12;"domingo";"20:45:00";"RJ";101;275;"TANGUA";"Desrespeitar a preferência no cruzamento";"Colisão transversal";"Sem Vítimas";"Plena Noite";"Decrescente";"Ignorado";"Simples";"Reta";"Sim";2;0;0;0;2;0;0;2;-22,73653355;-42,72909106;"SPRF-RJ";"DEL02-RJ";"UOP03-DEL02-RJ"
510163;2023-03-12;"domingo";"17:24:00";"RJ";40;92;"PETROPOLIS";"Reação tardia ou ineficiente do condutor";"Capotamento";"Com Vítimas Feridas";"Plena Noite";"Crescente";"Chuva";"Simples";"Curva";"Não";2;0;2;0;0;0;2;1;-22,55191954;-43,25068815;"SPRF-RJ";"DEL06-RJ";"UOP01-DEL06-RJ"
510164;2023-03-12;"domingo";"21:57:00";"RN";101;82;"NATAL";"Condutor deixou de manter distância do veículo da frente";"Colisão traseira";"Com Vítimas Feridas";"Plena Noite";"Crescente";"Céu Claro";"Simples";"Reta";"Sim";2;0;0;1;0;1;1;2;-5,76791511;-35,27456305;"SPRF-RN";"DEL02-RN";"UOP01-DEL02-RN"
510165;2023-03-12;"domingo";"18:55:00";"SC";163;116,7;"GUARUJA DO SUL";"Ingestão de álcool pelo condutor";"Colisão traseira";"Com Vítimas Feridas";"Anoitecer";"Decrescente";"Céu Claro";"Simples";"Aclive;Reta";"Não";5;0;0;1;4;0;1;2;-26,35946595;-53,53565788;"SPRF-SC";"DEL07-SC";"UOP03-DEL07-SC"
510168;2023-03-12;"domingo";"22:10:00";"RN";101;72;"EXTREMOZ";"Ingestão de álcool pelo condutor";"Colisão lateral mesmo sentido";"Com Vítimas Feridas";"Plena Noite";"Decrescente";"Céu Claro";"Simples";"Reta";"Não";3;0;0;1;2;0;1;3;-5,69866248;-35,26316835;"SPRF-RN";"DEL02-RN";"UOP01-DEL02-RN"
510170;2023-03-12;"domingo";"19:20:00";"GO";364;101,7;"CACHOEIRA ALTA";"Transitar na contramão";"Colisão frontal";"Com Vítimas Feridas";"Plena Noite";"Decrescente";"Nublado";"Simples";"Reta";"Não";7;0;5;2;0;0;7;2;-18,407518;-51,102043;"SPRF-GO";"DEL05-GO";"UOP02-DEL05-GO"
510172;2023-03-12;"domingo";"20:50:00";"MG";381;896,4;"CAMBUI";"Ingestão de álcool pelo condutor";"Saída de leito carroçável";"Sem Vítimas";"Plena Noite";"Crescente";"Chuva";"Dupla";"Curva";"Sim";2;0;0;0;1;1;0;2;-22,63125698;-46,07854411;"SPRF-MG";"DEL16-MG";"UOP03-DEL16-MG"
510173;2023-03-12;"domingo";"20:35:00";"PR";369;9;"CAMBARA";"Acumulo de água sobre o pavimento";"Saída de leito carroçável";"Com Vítimas Feridas";"Plena Noite";"Decrescente";"Chuva";"Simples";"Curva;Declive";"Não";1;0;1;0;0;0;1;1;-23,001149;-49,987975;"SPRF-PR";"DEL07-PR";"UOP05-DEL07-PR"
510174;2023-03-12;"domingo";"21:50:00";"SC";282;32;"AGUAS MORNAS";"Ausência de reação do condutor";"Colisão traseira";"Sem Vítimas";"Plena Noite";"Decrescente";"Chuva";"Simples";"Reta";"Não";2;0;0;0;2;0;0;2;-27,70116;-48,800175;"SPRF-SC";"DEL01-SC";"UOP03-DEL01-SC"
510175;2023-03-12;"domingo";"22:00:00";"PA";10;354;"SANTA MARIA DO PARA";"Ultrapassagem Indevida";"Colisão lateral sentido oposto";"Com Vítimas Feridas";"Plena Noite";"Decrescente";"Chuva";"Dupla";"Reta";"Sim";3;0;0;2;0;1;2;2;-1,34759789;-47,57735696;"SPRF-PA";"DEL01-PA";"UOP02-DEL01-PA"
510176;2023-03-12;"domingo";"19:00:00";"MT";163;834;"SINOP";"Ultrapassagem Indevida";"Colisão lateral mesmo sentido";"Com Vítimas Feridas";"Plena Noite";"Crescente";"Nublado";"Dupla";"Rotatória";"Sim";3;0;2;0;0;1;2;2;-11,871836;-55,497862;"SPRF-MT";"DEL06-MT";"UOP02-DEL06-MT"
510177;2023-03-12;"domingo";"21:57:00";"RN";226;5;"NATAL";"Ingestão de álcool pelo condutor";"Saída de leito carroçável";"Sem Vítimas";"Plena Noite";"Crescente";"Nublado";"Simples";"Reta";"Sim";1;0;0;0;1;0;0;1;-5,82090114;-35,26828435;"SPRF-RN";"DEL01-RN";"UOP02-DEL01-RN"
510178;2023-03-12;"domingo";"21:20:00";"PR";116;109;"CURITIBA";"Condutor deixou de manter distância do veículo da frente";"Colisão traseira";"Com Vítimas Feridas";"Plena Noite";"Crescente";"Nublado";"Dupla";"Reta";"Não";9;0;2;0;7;0;2;4;-25,57140489;-49,20748999;"SPRF-PR";"DEL01-PR";"UOP07-DEL01-PR"
510179;2023-03-12;"domingo";"21:10:00";"ES";262;156,6;"IBATIBA";"Ausência de reação do condutor";"Colisão traseira";"Com Vítimas Feridas";"Plena Noite";"Crescente";"Céu Claro";"Simples";"Reta";"Não";3;0;0;2;1;0;2;2;-20,22651793;-41,47055672;"SPRF-ES";"DEL01-ES";"UOP02-DEL01-ES"
510180;2023-03-12;"domingo";"22:35:00";"PB";230;84,1;"CALDAS BRANDAO";"Ingestão de álcool pelo condutor";"Colisão traseira";"Sem Vítimas";"Plena Noite";"Decrescente";"Céu Claro";"Dupla";"Declive;Reta";"Sim";2;0;0;0;2;0;0;2;-7,16757778;-35,35657883;"SPRF-PB";"DEL01-PB";"UOP03-DEL01-PB"
510181;2023-03-12;"domingo";"22:30:00";"PE";101;70;"RECIFE";"Reação tardia ou ineficiente do condutor";"Colisão com objeto";"Com Vítimas Feridas";"Plena Noite";"Crescente";"Nublado";"Múltipla";"Curva";"Não";2;0;1;1;0;0;2;1;-8,06776119;-34,94265074;"SPRF-PE";"DEL01-PE";"UOP01-DEL01-PE"
510182;2023-03-12;"domingo";"22:20:00";"RS";158;567;"SANTANA DO LIVRAMENTO";"Ingestão de álcool pelo condutor";"Saída de leito carroçável";"Com Vítimas Feridas";"Plena Noite";"Crescente";"Céu Claro";"Simples";"Reta";"Sim";1;0;1;0;0;0;1;1;-30,88467695;-55,50805985;"SPRF-RS";"DEL11-RS";"UOP01-DEL11-RS"
510183;2023-03-12;"domingo";"22:50:00";"RS";116;123,9;"SAO MARCOS";"Ausência de reação do condutor";"Colisão com objeto";"Sem Vítimas";"Plena Noite";"Crescente";"Céu Claro";"Simples";"Reta";"Sim";1;0;0;0;1;0;0;1;-29,01872689;-51,07577621;"SPRF-RS";"DEL05-RS";"UOP01-DEL05-RS"
510185;2023-03-12;"domingo";"21:30:00";"MT";364;709;"DIAMANTINO";"Chuva";"Capotamento";"Sem Vítimas";"Plena Noite";"Crescente";"Chuva";"Simples";"Curva";"Não";2;0;0;0;1;1;0;1;-14,164263;-57,110653;"SPRF-MT";"DEL01-MT";"NPF/DEL01-MT"
510186;2023-02-15;"quarta-feira";"11:00:00";"PR";369;185,2;"ARAPONGAS";"Ultrapassagem Indevida";"Colisão lateral mesmo sentido";"Com Vítimas Feridas";"Pleno dia";"Crescente";"Céu Claro";"Simples";"Reta;Interseção de Vias";"Não";2;0;1;0;1;0;1;2;-23,40943064;-51,42773151;"SPRF-PR";"DEL07-PR";"UOP03-DEL07-PR"
510188;2023-03-12;"domingo";"17:45:00";"RS";285;240,1;"CIRIACO";"Acessar a via sem observar a presença dos outros veículos";"Colisão transversal";"Com Vítimas Fatais";"Anoitecer";"Decrescente";"Céu Claro";"Dupla";"Reta;Interseção de Vias";"Não";3;2;0;0;1;0;0;2;-28,25963451;-51,88705444;"SPRF-RS";"DEL08-RS";"UOP03-DEL08-RS"
510189;2023-03-12;"domingo";"18:15:00";"PR";376;489,6;"PONTA GROSSA";"Chuva";"Colisão com objeto";"Com Vítimas Feridas";"Anoitecer";"Decrescente";"Chuva";"Dupla";"Reta;Declive";"Sim";2;0;1;0;1;0;1;1;-25,09611129;-50,19694519;"SPRF-PR";"DEL03-PR";"UOP04-DEL03-PR"
510190;2023-03-12;"domingo";"23:20:00";"SC";470;66,5;"INDAIAL";"Ausência de reação do condutor";"Saída de leito carroçável";"Com Vítimas Feridas";"Plena Noite";"Decrescente";"Chuva";"Simples";"Reta;Interseção de Vias";"Não";2;0;1;0;0;1;1;1;-26,870407;-49,221844;"SPRF-SC";"DEL04-SC";"UOP01-DEL04-SC"
510191;2023-03-12;"domingo";"17:00:00";"PB";434;5;"UIRAUNA";"Transitar na contramão";"Colisão frontal";"Com Vítimas Fatais";"Pleno dia";"Crescente";"Céu Claro";"Simples";"Reta;Declive";"Não";2;1;0;0;1;0;0;2;-6,47101203;-38,42477912;"SPRF-PB";"DEL03-PB";"UOP03-DEL03-PB"
510192;2023-03-12;"domingo";"19:11:00";"DF";251;1;"BRASILIA";"Transitar na contramão";"Colisão frontal";"Com Vítimas Fatais";"Plena Noite";"Crescente";"Céu Claro";"Simples";"Reta";"Não";2;1;0;0;1;0;0;2;-16,04133;-47,540447;"SPRF-DF";"DEL01-DF";"UOP01-DEL01-DF"
510193;2023-03-12;"domingo";"19:55:00";"RJ";101;386;"RIO DE JANEIRO";"Manobra de mudança de faixa";"Colisão traseira";"Sem Vítimas";"Plena Noite";"Crescente";"Nublado";"Dupla";"Reta";"Não";4;0;0;0;4;0;0;2;-22,88295192;-43,64094302;"SPRF-RJ";"DEL03-RJ";"UOP01-DEL03-RJ"
510194;2023-03-12;"domingo";"23:30:00";"RS";468;136,7;"TIRADENTES DO SUL";"Demais falhas mecânicas ou elétricas";"Incêndio";"Sem Vítimas";"Plena Noite";"Crescente";"Céu Claro";"Simples";"Reta";"Não";1;0;0;0;0;1;0;1;-27,28796846;-54,18139458;"SPRF-RS";"DEL08-RS";"UOP02-DEL08-RS"
510195;2023-03-12;"domingo";"21:20:00";"MA";316;611,8;"TIMON";"Ingestão de álcool pelo condutor";"Colisão frontal";"Com Vítimas Fatais";"Plena Noite";"Decrescente";"Nublado";"Simples";"Reta;Declive";"Não";3;2;0;1;0;0;1;2;-5,072684;-42,868118;"SPRF-MA";"DEL03-MA";"UOP02-DEL03-MA"
510196;2023-03-13;"segunda-feira";"00:20:00";"SC";101;211,7;"PALHOCA";"Acumulo de água sobre o pavimento";"Tombamento";"Com Vítimas Feridas";"Plena Noite";"Decrescente";"Garoa/Chuvisco";"Múltipla";"Interseção de Vias";"Não";1;0;0;1;0;0;1;1;-27,62329313;-48,65245588;"SPRF-SC";"DEL01-SC";"UOP02-DEL01-SC"
510197;2023-03-12;"domingo";"22:40:00";"PR";373;273,5;"PRUDENTOPOLIS";"Ausência de reação do condutor";"Saída de leito carroçável";"Com Vítimas Feridas";"Plena Noite";"Crescente";"Chuva";"Simples";"Curva";"Não";1;0;1;0;0;0;1;1;-25,240433;-51,039652;"SPRF-PR";"DEL08-PR";"UOP01-DEL08-PR"
510198;2023-03-13;"segunda-feira";"00:00:00";"RJ";101;476;"ANGRA DOS REIS";"Ingestão de álcool pelo condutor";"Saída de leito carroçável";"Com Vítimas Feridas";"Plena Noite";"Crescente";"Nublado";"Simples";"Reta";"Não";2;0;1;0;0;1;1;2;-23,0055431;-44,26195833;"SPRF-RJ";"DEL03-RJ";"UOP03-DEL03-RJ"