"id";"data_inversa";"dia_semana";"horario";"uf";"br";"km";"municipio";"causa_acidente";"tipo_acidente";"classificacao_acidente";"fase_dia";"sentido_via";"condicao_metereologica";"tipo_pista";"tracado_via";"uso_solo";"pessoas";"mortos";"feridos_leves";"feridos_graves";"ilesos";"ignorados";"feridos";"veiculos";"latitude";"longitude";"regional";"delegacia";"uop"
510199;2023-03-12;"domingo";"21:00:00";"MT";70;516;"VARZEA GRANDE";"Manobra de mudança de faixa";"Colisão frontal";"Com Vítimas Fatais";"Plena Noite";"Decrescente";"Céu Claro";"Simples";"Reta";"Sim";2;1;0;0;0;1;0;2;-15,7026721;-56,152851;"SPRF-MT";"DEL01-MT";"UOP02-DEL01-MT"
510200;2023-03-13;"segunda-feira";"01:30:00";"RS";290;106;"ELDORADO DO SUL";"Condutor Dormindo";"Colisão com objeto";"Com Vítimas Feridas";"Pleno dia";"Crescente";"Céu Claro";"Dupla";"Reta";"Sim";5;0;2;0;2;1;2;2;-29,998999;-51,294563;"SPRF-RS";"DEL02-RS";"UOP01-DEL02-RS"
510201;2023-03-12;"domingo";"22:00:00";"PB";104;176,4;"ALCANTIL";"Obstrução Via tentativa Assalto";"Saída de leito carroçável";"Com Vítimas Feridas";"Plena Noite";"Decrescente";"Nublado";"Simples";"Reta";"Não";5;0;2;0;2;1;2;2;-7,61618189;-36,07162605;"SPRF-PB";"DEL02-PB";"UOP03-DEL02-PB"
510202;2023-03-13;"segunda-feira";"00:15:00";"SP";459;21;"LORENA";"Ingestão de álcool pelo condutor";"Colisão traseira";"Sem Vítimas";"Plena Noite";"Decrescente";"Chuva";"Simples";"Desvio Temporário;Em Obras;Curva";"Não";2;0;0;0;2;0;0;2;-22,65606453;-45,14418316;"SPRF-SP";"DEL08-SP";"UOP02-DEL08-SP"
510203;2023-03-13;"segunda-feira";"01:10:00";"PR";376;0;"SAO JOSE DOS PINHAIS";"Acumulo de água sobre o pavimento";"Saída de leito carroçável";"Sem Vítimas";"Plena Noite";"Decrescente";"Céu Claro";"Dupla";"Curva";"Não";1;0;0;0;1;0;0;1;-25,5307;-49,1958;"SPRF-PR";"DEL01-PR";"UOP04-DEL01-PR"
510206;2023-03-13;"segunda-feira";"03:00:00";"SC";280;51;"GUARAMIRIM";"Reação tardia ou ineficiente do condutor";"Saída de leito carroçável";"Sem Vítimas";"Plena Noite";"Decrescente";"Chuva";"Simples";"Reta";"Não";2;0;0;0;0;2;0;2;-26,46538871;-48,95544449;"SPRF-SC";"DEL03-SC";"UOP03-DEL03-SC"
510208;2023-03-12;"domingo";"21:30:00";"RJ";101;409;"ITAGUAI";"Reação tardia ou ineficiente do condutor";"Saída de leito carroçável";"Com Vítimas Feridas";"Plena Noite";"Crescente";"Nublado";"Dupla";"Reta";"Sim";4;0;1;0;1;2;1;2;-22,88503992;-43,83250205;"SPRF-RJ";"DEL03-RJ";"UOP01-DEL03-RJ"
510210;2023-03-13;"segunda-feira";"04:00:00";"ES";101;240;"SERRA";"Reação tardia ou ineficiente do condutor";"Saída de leito carroçável";"Com Vítimas Feridas";"Plena Noite";"Crescente";"Céu Claro";"Simples";"Curva";"Não";2;0;2;0;0;0;2;1;-20,01230667;-40,40595531;"SPRF-ES";"DEL02-ES";"UOP01-DEL02-ES"
510215;2023-03-13;"segunda-feira";"05:50:00";"GO";60;109;"GOIANAPOLIS";"Ausência de reação do condutor";"Capotamento";"Com Vítimas Feridas";"Amanhecer";"Crescente";"Nublado";"Dupla";"Reta";"Não";1;0;0;1;0;0;1;1;-16,450177;-49,032894;"SPRF-GO";"DEL02-GO";"UOP01-DEL02-GO"
510216;2023-03-12;"domingo";"23:30:00";"MG";40;637,7;"CONSELHEIRO LAFAIETE";"Velocidade Incompatível";"Saída de leito carroçável";"Com Vítimas Feridas";"Plena Noite";"Decrescente";"Nublado";"Simples";"Curva";"Não";2;0;1;1;0;0;2;1;-20,724818;-43,800873;"SPRF-MG";"DEL05-MG";"UOP02-DEL05-MG"
510218;2023-03-13;"segunda-feira";"06:18:00";"DF";20;8;"BRASILIA";"Acumulo de água sobre o pavimento";"Colisão traseira";"Com Vítimas Feridas";"Pleno dia";"Decrescente";"Chuva";"Dupla";"Declive;Reta";"Sim";5;0;1;0;4;0;1;4;-15,658386;-47,791534;"SPRF-DF";"DEL02-DF";"UOP01-DEL02-DF"
510219;2023-03-13;"segunda-feira";"05:50:00";"MG";40;549,5;"NOVA LIMA";"Ausência de reação do condutor";"Saída de leito carroçável";"Com Vítimas Feridas";"Pleno dia";"Decrescente";"Céu Claro";"Dupla";"Curva";"Não";1;0;0;1;0;0;1;1;-20,03972326;-43,96703232;"SPRF-MG";"DEL01-MG";"UOP02-DEL01-MG"
510224;2023-03-13;"segunda-feira";"06:30:00";"SP";116;206;"GUARULHOS";"Trafegar com motocicleta (ou similar) entre as faixas";"Colisão lateral mesmo sentido";"Com Vítimas Feridas";"Pleno dia";"Crescente";"Nublado";"Múltipla";"Reta";"Sim";2;0;1;0;1;0;1;2;-23,41722629;-46,37510292;"SPRF-SP";"DEL01-SP";"UOP01-DEL01-SP"
510227;2023-03-13;"segunda-feira";"01:50:00";"GO";60;93;"ANAPOLIS";"Ingestão de álcool pelo condutor";"Capotamento";"Com Vítimas Feridas";"Plena Noite";"Crescente";"Nublado";"Dupla";"Reta";"Sim";1;0;1;0;0;0;1;1;-16,3538;-48,9268;"SPRF-GO";"DEL02-GO";"UOP01-DEL02-GO"
510228;2023-03-09;"quinta-feira";"18:25:00";"PR";277;596;"CASCAVEL";"Reação tardia ou ineficiente do condutor";"Colisão transversal";"Com Vítimas Feridas";"Pleno dia";"Decrescente";"Nublado";"Simples";"Reta";"Sim";2;0;1;0;1;0;1;2;-24,98837665;-53,50778641;"SPRF-PR";"DEL04-PR";"UOP01-DEL04-PR"
510229;2023-03-13;"segunda-feira";"03:00:00";"RJ";116;183;"NOVA IGUACU";"Pista Escorregadia";"Saída de leito carroçável";"Com Vítimas Feridas";"Plena Noite";"Crescente";"Garoa/Chuvisco";"Dupla";"Reta";"Sim";2;0;2;0;0;0;2;1;-22,7516014;-43,43849831;"SPRF-RJ";"DEL01-RJ";"UOP02-DEL01-RJ"
510233;2023-03-13;"segunda-feira";"05:40:00";"PE";101;176,7;"JOAQUIM NABUCO";"Reação tardia ou ineficiente do condutor";"Saída de leito carroçável";"Com Vítimas Feridas";"Pleno dia";"Decrescente";"Céu Claro";"Dupla";"Curva";"Não";2;0;1;1;0;0;2;1;-8,60776887;-35,5426471;"SPRF-PE";"DEL01-PE";"UOP03-DEL01-PE"
510237;2023-03-13;"segunda-feira";"07:00:00";"PE";101;15,9;"GOIANA";"Condutor Dormindo";"Saída de leito carroçável";"Sem Vítimas";"Pleno dia";"Decrescente";"Céu Claro";"Dupla";"Reta";"Não";3;0;0;0;2;1;0;1;-7,62621106;-34,96669711;"SPRF-PE";"DEL01-PE";"UOP02-DEL01-PE"
510238;2023-03-13;"segunda-feira";"07:01:00";"DF";70;19;"BRASILIA";"Condutor deixou de manter distância do veículo da frente";"Colisão lateral mesmo sentido";"Com Vítimas Feridas";"Amanhecer";"Decrescente";"Chuva";"Múltipla";"Reta";"Sim";3;0;0;1;2;0;1;3;-15,788868;-48,220242;"SPRF-DF";"DEL03-DF";"UOP02-DEL03-DF"
510243;2023-03-13;"segunda-feira";"07:30:00";"RS";116;230;"IVOTI";"Acessar a via sem observar a presença dos outros veículos";"Colisão transversal";"Com Vítimas Feridas";"Pleno dia";"Decrescente";"Céu Claro";"Simples";"Retorno Regulamentado";"Sim";3;0;1;0;2;0;1;2;-29,62709123;-51,13832116;"SPRF-RS";"DEL01-RS";"UOP02-DEL01-RS"
510244;2023-03-13;"segunda-feira";"07:10:00";"RS";386;66;"SEBERI";"Acesso irregular";"Colisão transversal";"Com Vítimas Feridas";"Pleno dia";"Crescente";"Céu Claro";"Simples";"Curva";"Não";2;0;1;0;1;0;1;2;-27,61702212;-53,34438443;"SPRF-RS";"DEL08-RS";"UOP02-DEL08-RS"
510245;2023-03-13;"segunda-feira";"07:20:00";"RS";392;5,3;"RIO GRANDE";"Reação tardia ou ineficiente do condutor";"Saída de leito carroçável";"Com Vítimas Feridas";"Pleno dia";"Crescente";"Céu Claro";"Simples";"Reta";"Não";1;0;1;0;0;0;1;1;-32,07687877;-52,10166627;"SPRF-RS";"DEL07-RS";"UOP02-DEL07-RS"
510246;2023-03-13;"segunda-feira";"07:35:00";"RS";392;5,2;"RIO GRANDE";"Acumulo de areia ou detritos sobre o pavimento";"Tombamento";"Com Vítimas Feridas";"Pleno dia";"Decrescente";"Céu Claro";"Simples";"Reta";"Não";1;0;1;0;0;0;1;1;-32,07687877;-52,10166627;"SPRF-RS";"DEL07-RS";"UOP02-DEL07-RS"
510247;2023-03-13;"segunda-feira";"03:33:00";"MS";158;96,5;"PARANAIBA";"Ingestão de álcool pelo condutor";"Tombamento";"Com Vítimas Feridas";"Plena Noite";"Crescente";"Céu Claro";"Dupla";"Reta";"Sim";1;0;1;0;0;0;1;1;-19,693408;-51,186213;"SPRF-MS";"DEL08-MS";"UOP01-DEL08-MS"
510248;2023-03-13;"segunda-feira";"07:32:00";"CE";116;6;"FORTALEZA";"Ausência de reação do condutor";"Colisão traseira";"Sem Vítimas";"Pleno dia";"Decrescente";"Chuva";"Múltipla";"Reta";"Sim";3;0;0;0;3;0;0;2;-3,802624;-38,50400499;"SPRF-CE";"DEL01-CE";"UOP02-DEL01-CE"
510249;2023-03-13;"segunda-feira";"08:00:00";"SP";116;224;"GUARULHOS";"Trafegar com motocicleta (ou similar) entre as faixas";"Colisão traseira";"Com Vítimas Feridas";"Pleno dia";"Crescente";"Nublado";"Múltipla";"Reta";"Sim";3;0;2;0;1;0;2;2;-23,48071896;-46,53271603;"SPRF-SP";"DEL01-SP";"UOP01-DEL01-SP"
510250;2023-03-13;"segunda-feira";"07:00:00";"RJ";101;118;"CAMPOS DOS GOYTACAZES";"Manobra de mudança de faixa";"Colisão transversal";"Com Vítimas Feridas";"Pleno dia";"Decrescente";"Céu Claro";"Simples";"Reta";"Não";2;0;1;0;0;1;1;2;-22,01462656;-41,67706468;"SPRF-RJ";"DEL08-RJ";"UOP02-DEL08-RJ"
510251;2023-03-13;"segunda-feira";"07:45:00";"SP";116;308;"SAO LOURENCO DA SERRA";"Velocidade Incompatível";"Saída de leito carroçável";"Com Vítimas Feridas";"Pleno dia";"Crescente";"Céu Claro";"Dupla";"Curva";"Não";3;0;3;0;0;0;3;1;-23,86213995;-46,94718508;"SPRF-SP";"DEL04-SP";"UOP01-DEL04-SP"
510252;2023-03-13;"segunda-feira";"08:00:00";"SP";116;270;"TABOAO DA SERRA";"Ausência de reação do condutor";"Colisão lateral mesmo sentido";"Com Vítimas Feridas";"Pleno dia";"Decrescente";"Céu Claro";"Múltipla";"Reta";"Sim";3;0;1;1;1;0;2;2;-23,61799728;-46,79677694;"SPRF-SP";"DEL04-SP";"UOP01-DEL04-SP"
510256;2023-03-05;"domingo";"21:50:00";"MS";163;262,1;"DOURADOS";"Entrada inopinada do pedestre";"Atropelamento de Pedestre";"Com Vítimas Feridas";"Plena Noite";"Crescente";"Céu Claro";"Dupla";"Reta";"Sim";2;0;2;0;0;0;2;2;-22,235654;-54,757364;"SPRF-MS";"DEL04-MS";"UOP01-DEL04-MS"
510257;2023-03-13;"segunda-feira";"07:40:00";"PR";116;125;"FAZENDA RIO GRANDE";"Trafegar com motocicleta (ou similar) entre as faixas";"Colisão traseira";"Com Vítimas Feridas";"Pleno dia";"Crescente";"Nublado";"Dupla";"Reta";"Sim";3;0;1;0;2;0;1;3;-25,59505309;-49,31630659;"SPRF-PR";"DEL01-PR";"UOP03-DEL01-PR"
510258;2023-03-13;"segunda-feira";"08:00:00";"SC";101;117,7;"ITAJAI";"Acessar a via sem observar a presença dos outros veículos";"Colisão traseira";"Sem Vítimas";"Pleno dia";"Crescente";"Garoa/Chuvisco";"Múltipla";"Reta";"Sim";2;0;0;0;2;0;0;2;-26,89421006;-48,72020245;"SPRF-SC";"DEL04-SC";"UOP04-DEL04-SC"
510259;2023-03-13;"segunda-feira";"08:15:00";"RN";304;287;"MACAIBA";"Transitar na contramão";"Colisão lateral sentido oposto";"Sem Vítimas";"Pleno dia";"Decrescente";"Céu Claro";"Simples";"Viaduto";"Não";3;0;0;0;3;0;0;2;-5,8711714;-35,42930088;"SPRF-RN";"DEL01-RN";"UOP02-DEL01-RN"
510260;2023-03-13;"segunda-feira";"08:40:00";"RS";116;246;"SAO LEOPOLDO";"Trafegar com motocicleta (ou similar) entre as faixas";"Colisão lateral mesmo sentido";"Com Vítimas Feridas";"Pleno dia";"Crescente";"Sol";"Dupla";"Reta";"Não";2;0;1;0;1;0;1;2;-29,758751;-51,15186806;"SPRF-RS";"DEL01-RS";"UOP02-DEL01-RS"
510261;2023-03-13;"segunda-feira";"08:52:00";"ES";101;268;"SERRA";"Ausência de reação do condutor";"Atropelamento de Pedestre";"Com Vítimas Feridas";"Pleno dia";"Crescente";"Sol";"Dupla";"Reta";"Não";2;0;1;0;1;0;1;2;-20,20842;-40,269405;"SPRF-ES";"DEL02-ES";"UOP01-DEL02-ES"
510263;2023-03-13;"segunda-feira";"08:00:00";"SP";381;59,9;"MAIRIPORA";"Reação tardia ou ineficiente do condutor";"Saída de leito carroçável";"Com Vítimas Feridas";"Pleno dia";"Crescente";"Céu Claro";"Dupla";"Curva";"Não";1;0;1;0;0;0;1;1;-23,28270705;-46,58787791;"SPRF-SP";"DEL03-SP";"UOP01-DEL03-SP"
510264;2023-03-13;"segunda-feira";"08:20:00";"SC";101;206;"SAO JOSE";"Manobra de mudança de faixa";"Colisão traseira";"Com Vítimas Feridas";"Pleno dia";"Crescente";"Céu Claro";"Múltipla";"Reta";"Sim";6;0;3;0;3;0;3;4;-27,59193546;-48,61824557;"SPRF-SC";"DEL01-SC";"UOP01-DEL01-SC"
510266;2023-03-13;"segunda-feira";"08:30:00";"PI";316;3;"TERESINA";"Condutor deixou de manter distância do veículo da frente";"Engavetamento";"Sem Vítimas";"Pleno dia";"Decrescente";"Garoa/Chuvisco";"Múltipla";"Reta";"Sim";7;0;0;0;7;0;0;5;-5,12826443;-42,79292384;"SPRF-PI";"DEL01-PI";"UOP02-DEL01-PI"
510269;2023-03-13;"segunda-feira";"08:20:00";"MS";262;368;"CAMPO GRANDE";"Reação tardia ou ineficiente do condutor";"Colisão traseira";"Com Vítimas Feridas";"Pleno dia";"Crescente";"Nublado";"Simples";"Reta";"Sim";3;0;1;0;2;0;1;2;-20,47852447;-54,76010297;"SPRF-MS";"DEL01-MS";"UOP03-DEL01-MS"
510271;2023-03-13;"segunda-feira";"09:00:00";"SC";280;57,2;"GUARAMIRIM";"Condutor deixou de manter distância do veículo da frente";"Colisão com objeto";"Com Vítimas Feridas";"Pleno dia";"Crescente";"Garoa/Chuvisco";"Simples";"Viaduto;Reta";"Sim";2;0;0;2;0;0;2;1;-26,47700756;-49,01450515;"SPRF-SC";"DEL03-SC";"UOP03-DEL03-SC"
510272;2023-03-13;"segunda-feira";"09:45:00";"CE";222;50,3;"SAO GONCALO DO AMARANTE";"Reação tardia ou ineficiente do condutor";"Colisão com objeto";"Com Vítimas Feridas";"Pleno dia";"Crescente";"Chuva";"Simples";"Curva";"Não";3;0;1;0;2;0;1;2;-3,669266;-38,996957;"SPRF-CE";"DEL01-CE";"UOP03-DEL01-CE"
510273;2023-03-13;"segunda-feira";"10:00:00";"MG";364;29;"FRUTAL";"Acessar a via sem observar a presença dos outros veículos";"Colisão traseira";"Com Vítimas Feridas";"Pleno dia";"Decrescente";"Nublado";"Simples";"Reta;Declive";"Sim";2;0;2;0;0;0;2;1;-20,025185;-48,94096;"SPRF-MG";"DEL13-MG";"UOP02-DEL13-MG"
510279;2023-03-13;"segunda-feira";"08:15:00";"PR";277;97,8;"CURITIBA";"Acessar a via sem observar a presença dos outros veículos";"Colisão lateral mesmo sentido";"Com Vítimas Feridas";"Pleno dia";"Decrescente";"Nublado";"Dupla";"Reta";"Sim";2;0;0;1;1;0;1;2;-25,54577186;-49,29537197;"SPRF-PR";"DEL01-PR";"UOP06-DEL01-PR"
510280;2023-03-13;"segunda-feira";"10:15:00";"MG";50;70;"UBERLANDIA";"Reação tardia ou ineficiente do condutor";"Colisão lateral mesmo sentido";"Com Vítimas Feridas";"Pleno dia";"Crescente";"Céu Claro";"Dupla";"Reta";"Sim";3;0;1;0;2;0;1;2;-18,85140204;-48,25345932;"SPRF-MG";"DEL15-MG";"UOP01-DEL15-MG"
510281;2023-03-13;"segunda-feira";"11:10:00";"DF";70;8;"BRASILIA";"Reação tardia ou ineficiente do condutor";"Atropelamento de Animal";"Com Vítimas Feridas";"Pleno dia";"Decrescente";"Céu Claro";"Dupla";"Reta";"Sim";1;0;1;0;0;0;1;1;-15,784966;-48,122108;"SPRF-DF";"DEL03-DF";"UOP02-DEL03-DF"
510282;2023-03-13;"segunda-feira";"08:30:00";"PR";277;113,1;"CAMPO LARGO";"Acessar a via sem observar a presença dos outros veículos";"Colisão transversal";"Sem Vítimas";"Pleno dia";"Crescente";"Nublado";"Dupla";"Reta";"Sim";2;0;0;0;2;0;0;2;-25,44655005;-49,48736143;"SPRF-PR";"DEL03-PR";"UOP03-DEL03-PR"
510285;2023-03-13;"segunda-feira";"07:37:00";"RJ";101;316;"RIO DE JANEIRO";"Condutor deixou de manter distância do veículo da frente";"Colisão transversal";"Com Vítimas Feridas";"Pleno dia";"Crescente";"Céu Claro";"Dupla";"Reta";"Não";5;0;2;0;3;0;2;2;-22,82835879;-43,09208739;"SPRF-RJ";"DEL02-RJ";"UOP02-DEL02-RJ"
510286;2023-03-13;"segunda-feira";"06:50:00";"MG";381;455;"BELO HORIZONTE";"Retorno proibido";"Colisão transversal";"Com Vítimas Feridas";"Pleno dia";"Crescente";"Céu Claro";"Simples";"Reta";"Sim";5;0;4;0;1;0;4;3;-19,85777408;-43,90468298;"SPRF-MG";"DEL01-MG";"UOP01-DEL01-MG"
510287;2023-03-13;"segunda-feira";"10:20:00";"BA";407;1,5;"JUAZEIRO";"Condutor deixou de manter distância do veículo da frente";"Colisão traseira";"Sem Vítimas";"Pleno dia";"Decrescente";"Céu Claro";"Simples";"Reta";"Sim";2;0;0;0;2;0;0;2;-9,419463;-40,507384;"SPRF-PE";"DEL06-PE";"UOP01-DEL06-PE"
510288;2023-03-13;"segunda-feira";"11:30:00";"SC";282;17,3;"PALHOCA";"Pedestre andava na pista";"Atropelamento de Pedestre";"Com Vítimas Feridas";"Pleno dia";"Crescente";"Nublado";"Simples";"Reta";"Sim";2;0;2;0;0;0;2;2;-27,665707;-48,688065;"SPRF-SC";"DEL01-SC";"UOP02-DEL01-SC"
510289;2023-03-13;"segunda-feira";"11:30:00";"PR";277;122;"CAMPO LARGO";"Ausência de reação do condutor";"Colisão lateral mesmo sentido";"Sem Vítimas";"Pleno dia";"Crescente";"Céu Claro";"Dupla";"Reta";"Não";2;0;0;0;2;0;0;2;-25,44344167;-49,45985402;"SPRF-PR";"DEL03-PR";"UOP03-DEL03-PR"
510290;2023-03-13;"segunda-feira";"10:40:00";"RO";364;10;"VILHENA";"Manobra de mudança de faixa";"Colisão frontal";"Com Vítimas Feridas";"Pleno dia";"Crescente";"Chuva";"Simples";"Reta";"Sim";3;0;1;0;2;0;1;2;-12,75194006;-60,10600907;"SPRF-RO";"DEL04-RO";"UOP01-DEL04-RO"
510292;2023-03-13;"segunda-feira";"12:30:00";"CE";222;197,4;"FORQUILHA";"Velocidade Incompatível";"Colisão frontal";"Com Vítimas Feridas";"Pleno dia";"Crescente";"Chuva";"Simples";"Curva";"Não";2;0;0;1;1;0;1;2;-3,8042081;-40,18339097;"SPRF-CE";"DEL04-CE";"UOP01-DEL04-CE"
510293;2023-03-13;"segunda-feira";"08:00:00";"BA";235;348;"JUAZEIRO";"Manobra de mudança de faixa";"Colisão lateral mesmo sentido";"Com Vítimas Feridas";"Pleno dia";"Crescente";"Céu Claro";"Dupla";"Curva";"Sim";3;0;2;0;1;0;2;2;-9,45313089;-40,48215168;"SPRF-PE";"DEL06-PE";"UOP01-DEL06-PE"
510299;2023-02-26;"domingo";"01:00:00";"RS";392;647,6;"GUARANI DAS MISSOES";"Ingestão de álcool pelo condutor";"Colisão lateral sentido oposto";"Com Vítimas Feridas";"Plena Noite";"Decrescente";"Nublado";"Simples";"Reta";"Não";5;0;3;1;1;0;4;2;-28,13691867;-54,59728395;"SPRF-RS";"DEL10-RS";"UOP01-DEL10-RS"
510300;2023-03-12;"domingo";"20:00:00";"PR";476;109;"COLOMBO";"Chuva";"Saída de leito carroçável";"Sem Vítimas";"Plena Noite";"Decrescente";"Céu Claro";"Simples";"Reta";"Não";1;0;0;0;0;1;0;1;-25,30442;-49,146694;"SPRF-PR";"DEL01-PR";"UOP01-DEL01-PR"
510301;2023-02-17;"sexta-feira";"18:20:00";"BA";110;360;"CATU";"Condutor deixou de manter distância do veículo da frente";"Colisão lateral mesmo sentido";"Com Vítimas Feridas";"Anoitecer";"Crescente";"Céu Claro";"Simples";"Reta";"Sim";2;0;1;0;0;1;1;2;-12,36659322;-38,38801135;"SPRF-BA";"DEL01-BA";"UOP04-DEL01-BA"
510303;2023-03-13;"segunda-feira";"15:00:00";"GO";60;223;"CEZARINA";"Acumulo de água sobre o pavimento";"Capotamento";"Com Vítimas Feridas";"Pleno dia";"Crescente";"Chuva";"Dupla";"Reta";"Não";3;0;3;0;0;0;3;1;-16,9998;-49,768;"SPRF-GO";"DEL01-GO";"UOP02-DEL01-GO"
510305;2023-03-13;"segunda-feira";"14:50:00";"RJ";116;137;"DUQUE DE CAXIAS";"Ausência de reação do condutor";"Colisão traseira";"Com Vítimas Feridas";"Pleno dia";"Decrescente";"Céu Claro";"Dupla";"Reta";"Não";2;0;1;0;1;0;1;2;-22,64791994;-43,18200799;"SPRF-RJ";"DEL01-RJ";"UOP01-DEL01-RJ"
510307;2023-03-13;"segunda-feira";"10:00:00";"RJ";101;383;"RIO DE JANEIRO";"Obstrução Via tentativa Assalto";"Colisão traseira";"Sem Vítimas";"Pleno dia";"Decrescente";"Nublado";"Dupla";"Reta";"Sim";2;0;0;0;2;0;0;2;-22,8765463;-43,61463385;"SPRF-RJ";"DEL03-RJ";"UOP01-DEL03-RJ"
510308;2023-03-13;"segunda-feira";"13:00:00";"MA";135;23;"SAO LUIS";"Acessar a via sem observar a presença dos outros veículos";"Colisão lateral mesmo sentido";"Com Vítimas Feridas";"Pleno dia";"Decrescente";"Céu Claro";"Múltipla";"Retorno Regulamentado";"Sim";3;0;2;0;1;0;2;2;-2,55188166;-44,30761886;"SPRF-MA";"DEL01-MA";"UOP01-DEL01-MA"
510310;2023-03-13;"segunda-feira";"15:40:00";"PE";101;46;"IGARASSU";"Manobra de mudança de faixa";"Colisão lateral mesmo sentido";"Com Vítimas Feridas";"Pleno dia";"Decrescente";"Céu Claro";"Dupla";"Reta";"Sim";2;0;0;1;1;0;1;2;-7,875508;-34,905737;"SPRF-PE";"DEL01-PE";"UOP02-DEL01-PE"
510311;2023-03-13;"segunda-feira";"15:20:00";"RS";116;263;"CANOAS";"Ausência de reação do condutor";"Colisão traseira";"Com Vítimas Feridas";"Pleno dia";"Crescente";"Céu Claro";"Simples";"Reta";"Sim";2;0;1;0;1;0;1;2;-29,90545398;-51,17674031;"SPRF-RS";"DEL01-RS";"UOP01-DEL01-RS"
510312;2023-03-13;"segunda-feira";"14:00:00";"PR";280;293,5;"FLOR DA SERRA DO SUL";"Desrespeitar a preferência no cruzamento";"Colisão transversal";"Com Vítimas Feridas";"Pleno dia";"Crescente";"Céu Claro";"Simples";"Reta;Interseção de Vias";"Não";19;0;1;0;18;0;1;2;-26,24988886;-53,34424044;"SPRF-PR";"DEL02-PR";"UOP01-DEL02-PR"
510313;2023-03-13;"segunda-feira";"15:40:00";"MG";364;5;"PLANURA";"Retorno proibido";"Colisão transversal";"Com Vítimas Feridas";"Pleno dia";"Crescente";"Nublado";"Simples";"Reta";"Não";2;0;1;0;1;0;1;2;-20,13824;-48,702347;"SPRF-MG";"DEL13-MG";"UOP02-DEL13-MG"
510315;2023-03-13;"segunda-feira";"14:30:00";"PR";163;129,3;"CAPITAO LEONIDAS MARQUES";"Avarias e/ou desgaste excessivo no pneu";"Colisão com objeto";"Com Vítimas Feridas";"Pleno dia";"Decrescente";"Chuva";"Dupla";"Reta;Declive";"Não";1;0;1;0;0;0;1;1;-25,58198409;-53,56205219;"SPRF-PR";"DEL05-PR";"UOP05-DEL05-PR"
510317;2023-03-13;"segunda-feira";"15:30:00";"MG";116;525;"CARATINGA";"Acesso irregular";"Colisão transversal";"Com Vítimas Feridas";"Pleno dia";"Decrescente";"Céu Claro";"Simples";"Reta";"Sim";2;0;1;0;1;0;1;2;-19,76833785;-42,13105238;"SPRF-MG";"DEL06-MG";"UOP02-DEL06-MG"
510318;2023-03-13;"segunda-feira";"14:00:00";"RS";158;156,4;"PANAMBI";"Pista em desnível";"Capotamento";"Com Vítimas Feridas";"Pleno dia";"Crescente";"Céu Claro";"Simples";"Reta";"Sim";1;0;1;0;0;0;1;1;-28,32569999;-53,49916009;"SPRF-RS";"DEL10-RS";"UOP02-DEL10-RS"
510319;2023-03-13;"segunda-feira";"15:55:00";"SP";116;488;"CAJATI";"Condutor Dormindo";"Saída de leito carroçável";"Com Vítimas Feridas";"Pleno dia";"Crescente";"Nublado";"Dupla";"Curva";"Não";1;0;1;0;0;0;1;1;-24,73097634;-48,09815591;"SPRF-SP";"DEL05-SP";"UOP01-DEL05-SP"
510322;2023-03-05;"domingo";"18:30:00";"PB";101;118,3;"CAAPORA";"Ingestão de álcool pelo condutor";"Colisão lateral mesmo sentido";"Com Vítimas Feridas";"Plena Noite";"Crescente";"Céu Claro";"Dupla";"Reta";"Não";5;0;2;0;3;0;2;2;-7,42128203;-34,96207995;"SPRF-PB";"DEL01-PB";"UOP02-DEL01-PB"
510323;2023-03-13;"segunda-feira";"15:20:00";"RJ";116;118,7;"MAGE";"Demais falhas mecânicas ou elétricas";"Incêndio";"Sem Vítimas";"Pleno dia";"Decrescente";"Nublado";"Dupla";"Reta";"Não";1;0;0;0;1;0;0;1;-22,60969336;-43,03076263;"SPRF-RJ";"DEL04-RJ";"UOP02-DEL04-RJ"
510325;2023-03-13;"segunda-feira";"16:20:00";"MG";459;82,8;"CONGONHAL";"Ingestão de álcool pelo condutor";"Colisão frontal";"Com Vítimas Feridas";"Pleno dia";"Decrescente";"Céu Claro";"Simples";"Reta";"Sim";3;0;1;0;2;0;1;2;-22,151875;-46,052856;"SPRF-MG";"DEL09-MG";"UOP01-DEL09-MG"
510326;2023-03-13;"segunda-feira";"15:50:00";"RN";427;0,2;"CURRAIS NOVOS";"Acessar a via sem observar a presença dos outros veículos";"Colisão transversal";"Com Vítimas Feridas";"Pleno dia";"Crescente";"Céu Claro";"Simples";"Interseção de Vias";"Sim";2;0;1;0;1;0;1;2;-6,26846133;-36,52266383;"SPRF-RN";"DEL03-RN";"UOP02-DEL03-RN"
510327;2023-03-13;"segunda-feira";"16:00:00";"SC";282;39,8;"AGUAS MORNAS";"Ausência de reação do condutor";"Colisão traseira";"Com Vítimas Feridas";"Pleno dia";"Crescente";"Céu Claro";"Simples";"Reta";"Não";2;0;1;0;1;0;1;2;-27,712439;-48,860607;"SPRF-SC";"DEL01-SC";"UOP03-DEL01-SC"
510329;2023-03-13;"segunda-feira";"16:30:00";"SC";101;229;"PALHOCA";"Desrespeitar a preferência no cruzamento";"Colisão transversal";"Com Vítimas Feridas";"Pleno dia";"Crescente";"Céu Claro";"Simples";"Interseção de Vias";"Não";3;0;1;1;1;0;2;2;-27,7688932;-48,63205379;"SPRF-SC";"DEL01-SC";"UOP02-DEL01-SC"