"id";"data_inversa";"dia_semana";"horario";"uf";"br";"km";"municipio";"causa_acidente";"tipo_acidente";"classificacao_acidente";"fase_dia";"sentido_via";"condicao_metereologica";"tipo_pista";"tracado_via";"uso_solo";"pessoas";"mortos";"feridos_leves";"feridos_graves";"ilesos";"ignorados";"feridos";"veiculos";"latitude";"longitude";"regional";"delegacia";"uop"
510460;2023-03-14;"terça-feira";"09:45:00";"RS";470;199;"BENTO GONCALVES";"Condutor deixou de manter distância do veículo da frente";"Colisão traseira";"Sem Vítimas";"Pleno dia";"Decrescente";"Céu Claro";"Simples";"Curva";"Não";2;0;0;0;2;0;0;2;-29,05370409;-51,59589806;"SPRF-RS";"DEL06-RS";"UOP02-DEL06-RS"
510461;2023-03-14;"terça-feira";"11:00:00";"BA";116;523;"ITATIM";"Condutor deixou de manter distância do veículo da frente";"Colisão lateral mesmo sentido";"Com Vítimas Feridas";"Pleno dia";"Crescente";"Céu Claro";"Simples";"Reta";"Não";2;0;0;1;1;0;1;2;-12,69631697;-39,70397401;"SPRF-BA";"DEL03-BA";"UOP02-DEL03-BA"
510462;2023-03-14;"terça-feira";"10:40:00";"CE";222;0,5;"FORTALEZA";"Manobra de mudança de faixa";"Tombamento";"Com Vítimas Feridas";"Pleno dia";"Crescente";"Chuva";"Múltipla";"Reta";"Sim";2;0;1;0;1;0;1;2;-3,7367737;-38,56923;"SPRF-CE";"DEL01-CE";"UOP01-DEL01-CE"
510463;2023-03-14;"terça-feira";"10:40:00";"AP";210;1;"MACAPA";"Acesso irregular";"Colisão traseira";"Com Vítimas Feridas";"Pleno dia";"Decrescente";"Céu Claro";"Dupla";"Retorno Regulamentado";"Sim";3;0;1;0;2;0;1;2;0,0793719;-51,07253194;"SPRF-AP";"DEL01-AP";"UOP01-DEL01-AP"
510464;2023-03-14;"terça-feira";"07:43:00";"SC";470;58;"BLUMENAU";"Acessar a via sem observar a presença dos outros veículos";"Colisão transversal";"Com Vítimas Feridas";"Pleno dia";"Decrescente";"Garoa/Chuvisco";"Dupla";"Declive;Em Obras";"Sim";2;0;1;0;1;0;1;2;-26,883879;-49,145622;"SPRF-SC";"DEL04-SC";"UOP01-DEL04-SC"
510468;2023-03-14;"terça-feira";"12:00:00";"MG";381;428;"SABARA";"Velocidade Incompatível";"Colisão lateral sentido oposto";"Com Vítimas Feridas";"Pleno dia";"Decrescente";"Chuva";"Simples";"Curva;Aclive";"Não";3;0;1;0;2;0;1;3;-19,78885371;-43,70613892;"SPRF-MG";"DEL01-MG";"UOP01-DEL01-MG"
510472;2023-03-14;"terça-feira";"11:50:00";"PE";116;33;"SALGUEIRO";"Demais falhas mecânicas ou elétricas";"Incêndio";"Sem Vítimas";"Pleno dia";"Crescente";"Céu Claro";"Simples";"Aclive;Reta";"Não";2;0;0;0;2;0;0;1;-8,127007;-39,115208;"SPRF-PE";"DEL05-PE";"UOP01-DEL05-PE"
510473;2023-03-14;"terça-feira";"11:30:00";"GO";60;353,6;"SANTO ANTONIO DA BARRA";"Reação tardia ou ineficiente do condutor";"Colisão com objeto";"Com Vítimas Feridas";"Pleno dia";"Crescente";"Céu Claro";"Dupla";"Curva";"Não";1;0;1;0;0;0;1;1;-17,5959;-50,7164;"SPRF-GO";"DEL04-GO";"UOP02-DEL04-GO"
510475;2023-03-14;"terça-feira";"12:40:00";"GO";60;98;"ANAPOLIS";"Acesso irregular";"Atropelamento de Pedestre";"Com Vítimas Feridas";"Pleno dia";"Crescente";"Chuva";"Simples";"Reta";"Sim";2;0;0;1;1;0;1;2;-16,3846;-48,9541;"SPRF-GO";"DEL02-GO";"UOP01-DEL02-GO"
510477;2023-03-11;"sábado";"16:10:00";"AL";101;191;"JUNQUEIRO";"Condutor deixou de manter distância do veículo da frente";"Queda de ocupante de veículo";"Com Vítimas Feridas";"Pleno dia";"Crescente";"Céu Claro";"Simples";"Reta";"Sim";1;0;1;0;0;0;1;1;-9,93330214;-36,47155881;"SPRF-AL";"DEL02-AL";"UOP02-DEL02-AL"
510478;2023-03-14;"terça-feira";"10:20:00";"SP";116;70,7;"APARECIDA";"Reação tardia ou ineficiente do condutor";"Atropelamento de Pedestre";"Com Vítimas Feridas";"Pleno dia";"Decrescente";"Nublado";"Dupla";"Curva;Declive";"Não";4;0;0;1;3;0;1;2;-22,84852898;-45,22705084;"SPRF-SP";"DEL08-SP";"UOP01-DEL08-SP"
510479;2023-03-14;"terça-feira";"10:30:00";"RJ";101;333;"RIO DE JANEIRO";"Frear bruscamente";"Queda de ocupante de veículo";"Com Vítimas Feridas";"Pleno dia";"Crescente";"Céu Claro";"Múltipla";"Reta";"Não";3;0;0;1;2;0;1;2;-22,87827816;-43,21053578;"SPRF-RJ";"DEL02-RJ";"UOP01-DEL02-RJ"
510482;2023-03-14;"terça-feira";"13:30:00";"MG";40;714,8;"BARBACENA";"Pedestre andava na pista";"Atropelamento de Pedestre";"Com Vítimas Feridas";"Pleno dia";"Decrescente";"Céu Claro";"Dupla";"Reta";"Não";4;0;0;1;3;0;1;2;-21,24829882;-43,67987366;"SPRF-MG";"DEL05-MG";"UOP01-DEL05-MG"
510485;2023-02-08;"quarta-feira";"17:15:00";"RN";101;76;"NATAL";"Demais Fenômenos da natureza";"Colisão traseira";"Com Vítimas Feridas";"Anoitecer";"Crescente";"Céu Claro";"Dupla";"Reta";"Sim";4;0;3;0;1;0;3;2;-5,72603024;-35,28461489;"SPRF-RN";"DEL02-RN";"UOP01-DEL02-RN"
510486;2023-03-14;"terça-feira";"07:30:00";"PI";316;312;"PICOS";"Ausência de reação do condutor";"Colisão frontal";"Com Vítimas Feridas";"Pleno dia";"Crescente";"Chuva";"Simples";"Reta";"Sim";2;0;2;0;0;0;2;2;-7,08092534;-41,4582602;"SPRF-PI";"DEL04-PI";"UOP01-DEL04-PI"
510487;2023-01-30;"segunda-feira";"06:50:00";"MS";262;367,1;"CAMPO GRANDE";"Reação tardia ou ineficiente do condutor";"Tombamento";"Com Vítimas Feridas";"Amanhecer";"Crescente";"Chuva";"Simples";"Rotatória";"Sim";1;0;1;0;0;0;1;1;-20,477449;-54,750077;"SPRF-MS";"DEL01-MS";"UOP03-DEL01-MS"
510489;2023-01-13;"sexta-feira";"12:00:00";"RS";116;112,7;"SAO MARCOS";"Acesso irregular";"Colisão transversal";"Com Vítimas Feridas";"Pleno dia";"Crescente";"Nublado";"Simples";"Interseção de Vias;Reta";"Sim";2;0;0;1;1;0;1;2;-28,9542778;-51,08099699;"SPRF-RS";"DEL05-RS";"UOP01-DEL05-RS"
510493;2023-03-14;"terça-feira";"13:40:00";"PB";230;105,5;"MOGEIRO";"Velocidade Incompatível";"Saída de leito carroçável";"Com Vítimas Feridas";"Pleno dia";"Decrescente";"Sol";"Dupla";"Curva;Declive;Retorno Regulamentado";"Não";1;0;1;0;0;0;1;1;-7,204763;-35,53734541;"SPRF-PB";"DEL01-PB";"UOP03-DEL01-PB"
510495;2023-03-14;"terça-feira";"13:30:00";"PR";116;120;"CURITIBA";"Reação tardia ou ineficiente do condutor";"Tombamento";"Com Vítimas Feridas";"Pleno dia";"Crescente";"Nublado";"Dupla";"Reta";"Sim";1;0;1;0;0;0;1;1;-25,589525;-49,315102;"SPRF-PR";"DEL01-PR";"UOP03-DEL01-PR"
510496;2023-03-14;"terça-feira";"08:34:00";"SC";282;483,9;"FAXINAL DOS GUEDES";"Condutor Dormindo";"Saída de leito carroçável";"Com Vítimas Feridas";"Pleno dia";"Crescente";"Céu Claro";"Simples";"Reta";"Não";1;0;0;1;0;0;1;1;-26,861937;-52,227974;"SPRF-SC";"DEL07-SC";"UOP01-DEL07-SC"
510498;2023-03-14;"terça-feira";"14:45:00";"MG";381;500,2;"BETIM";"Velocidade Incompatível";"Engavetamento";"Com Vítimas Feridas";"Pleno dia";"Decrescente";"Sol";"Dupla";"Reta";"Sim";4;0;1;0;3;0;1;3;-20,00053159;-44,21121597;"SPRF-MG";"DEL01-MG";"UOP03-DEL01-MG"
510499;2023-03-14;"terça-feira";"14:30:00";"MG";40;513;"RIBEIRAO DAS NEVES";"Demais falhas mecânicas ou elétricas";"Incêndio";"Sem Vítimas";"Pleno dia";"Crescente";"Nublado";"Dupla";"Declive;Reta";"Sim";1;0;0;0;1;0;0;1;-19,7970544;-44,1080512;"SPRF-MG";"DEL01-MG";"UOP02-DEL01-MG"
510500;2023-02-18;"sábado";"09:25:00";"SP";153;100;"JOSE BONIFACIO";"Acumulo de óleo sobre o pavimento";"Tombamento";"Com Vítimas Feridas";"Pleno dia";"Decrescente";"Céu Claro";"Simples";"Curva";"Não";2;0;2;0;0;0;2;1;-21,00623705;-49,63425636;"SPRF-SP";"DEL09-SP";"UOP01-DEL09-SP"
510503;2023-03-14;"terça-feira";"14:20:00";"MS";262;122;"AGUA CLARA";"Ausência de reação do condutor";"Saída de leito carroçável";"Com Vítimas Feridas";"Pleno dia";"Crescente";"Chuva";"Simples";"Declive;Reta";"Não";2;0;2;0;0;0;2;1;-20,50267133;-52,69276708;"SPRF-MS";"DEL07-MS";"UOP02-DEL07-MS"
510504;2023-02-10;"sexta-feira";"22:46:00";"ES";393;6;"CACHOEIRO DE ITAPEMIRIM";"Transitar na contramão";"Colisão frontal";"Com Vítimas Fatais";"Plena Noite";"Decrescente";"Céu Claro";"Simples";"Curva";"Não";2;1;0;0;1;0;0;2;-20,82324;-41,204822;"SPRF-ES";"DEL03-ES";"UOP02-DEL03-ES"
510506;2023-01-28;"sábado";"11:05:00";"RS";116;150,1;"CAXIAS DO SUL";"Condutor desrespeitou a iluminação vermelha do semáforo";"Colisão transversal";"Com Vítimas Feridas";"Pleno dia";"Decrescente";"Céu Claro";"Múltipla";"Reta";"Sim";2;0;0;1;1;0;1;2;-29,17025278;-51,15915656;"SPRF-RS";"DEL05-RS";"UOP01-DEL05-RS"
510507;2023-03-14;"terça-feira";"14:50:00";"RJ";101;383;"RIO DE JANEIRO";"Manobra de mudança de faixa";"Colisão lateral mesmo sentido";"Com Vítimas Feridas";"Pleno dia";"Decrescente";"Céu Claro";"Dupla";"Reta";"Sim";2;0;1;0;1;0;1;2;-22,8765463;-43,61463385;"SPRF-RJ";"DEL03-RJ";"UOP01-DEL03-RJ"
510514;2023-03-14;"terça-feira";"16:20:00";"SC";101;193;"BIGUACU";"Acessar a via sem observar a presença dos outros veículos";"Queda de ocupante de veículo";"Com Vítimas Feridas";"Pleno dia";"Crescente";"Céu Claro";"Dupla";"Reta";"Sim";2;0;1;0;0;1;1;2;-27,489574;-48,655914;"SPRF-SC";"DEL01-SC";"UOP01-DEL01-SC"
510515;2023-03-14;"terça-feira";"13:40:00";"RJ";116;175;"SAO JOAO DE MERITI";"Reação tardia ou ineficiente do condutor";"Engavetamento";"Com Vítimas Feridas";"Pleno dia";"Decrescente";"Céu Claro";"Múltipla";"Reta";"Sim";3;0;1;0;2;0;1;3;-22,78923555;-43,37275272;"SPRF-RJ";"DEL01-RJ";"UOP02-DEL01-RJ"
510519;2023-03-14;"terça-feira";"16:35:00";"CE";222;225,1;"SOBRAL";"Velocidade Incompatível";"Saída de leito carroçável";"Com Vítimas Feridas";"Pleno dia";"Crescente";"Nublado";"Simples";"Curva";"Sim";1;0;0;1;0;0;1;1;-3,70821338;-40,35209808;"SPRF-CE";"DEL04-CE";"UOP01-DEL04-CE"
510521;2023-03-14;"terça-feira";"15:05:00";"RJ";101;272;"TANGUA";"Ausência de reação do condutor";"Colisão traseira";"Com Vítimas Feridas";"Pleno dia";"Crescente";"Sol";"Dupla";"Reta";"Não";3;0;2;0;1;0;2;2;-22,73007586;-42,70460844;"SPRF-RJ";"DEL02-RJ";"UOP03-DEL02-RJ"
510523;2023-03-14;"terça-feira";"16:05:00";"SC";101;420;"ARARANGUA";"Pedestre cruzava a pista fora da faixa";"Atropelamento de Pedestre";"Com Vítimas Feridas";"Pleno dia";"Decrescente";"Céu Claro";"Simples";"Reta";"Sim";2;0;2;0;0;0;2;2;-28,99380392;-49,55081408;"SPRF-SC";"DEL02-SC";"UOP02-DEL02-SC"
510524;2023-03-07;"terça-feira";"05:50:00";"PE";232;24;"MORENO";"Ausência de reação do condutor";"Capotamento";"Com Vítimas Fatais";"Pleno dia";"Decrescente";"Céu Claro";"Dupla";"Aclive;Curva";"Não";2;1;0;1;0;0;1;1;-8,10482918;-35,10351264;"SPRF-PE";"DEL01-PE";"UOP01-DEL01-PE"
510528;2023-03-14;"terça-feira";"17:00:00";"GO";40;7;"VALPARAISO DE GOIAS";"Acessar a via sem observar a presença dos outros veículos";"Colisão lateral mesmo sentido";"Sem Vítimas";"Anoitecer";"Decrescente";"Céu Claro";"Dupla";"Reta";"Sim";2;0;0;0;2;0;0;2;-16,108482;-47,972524;"SPRF-DF";"DEL01-DF";"UOP01-DEL01-DF"
510529;2023-03-14;"terça-feira";"05:30:00";"RS";116;225;"DOIS IRMAOS";"Reação tardia ou ineficiente do condutor";"Saída de leito carroçável";"Com Vítimas Feridas";"Plena Noite";"Decrescente";"Céu Claro";"Dupla";"Reta;Rotatória;Aclive";"Sim";1;0;1;0;0;0;1;1;-29,59704588;-51,10912224;"SPRF-RS";"DEL01-RS";"UOP02-DEL01-RS"
510532;2023-03-14;"terça-feira";"18:25:00";"DF";70;10;"BRASILIA";"Condutor deixou de manter distância do veículo da frente";"Colisão traseira";"Com Vítimas Feridas";"Anoitecer";"Crescente";"Céu Claro";"Dupla";"Reta";"Sim";2;0;0;1;0;1;1;2;-15,787066;-48,140709;"SPRF-DF";"DEL03-DF";"UOP02-DEL03-DF"
510533;2023-03-14;"terça-feira";"17:30:00";"MG";40;508,6;"RIBEIRAO DAS NEVES";"Reação tardia ou ineficiente do condutor";"Colisão lateral mesmo sentido";"Com Vítimas Feridas";"Pleno dia";"Decrescente";"Nublado";"Dupla";"Reta";"Sim";3;0;2;1;0;0;3;2;-19,76061249;-44,1347544;"SPRF-MG";"DEL02-MG";"UOP01-DEL02-MG"
510534;2023-03-14;"terça-feira";"15:00:00";"MG";267;29,3;"ARGIRITA";"Condutor Dormindo";"Capotamento";"Com Vítimas Feridas";"Pleno dia";"Decrescente";"Nublado";"Simples";"Reta";"Não";1;0;1;0;0;0;1;1;-21,63594597;-42,83380808;"SPRF-MG";"DEL07-MG";"UOP01-DEL07-MG"
510535;2023-03-14;"terça-feira";"17:45:00";"SC";280;30;"ARAQUARI";"Manobra de mudança de faixa";"Colisão lateral sentido oposto";"Com Vítimas Feridas";"Pleno dia";"Crescente";"Nublado";"Simples";"Reta";"Sim";3;0;1;0;1;1;1;2;-26,4141523;-48,76209493;"SPRF-SC";"DEL03-SC";"UOP03-DEL03-SC"
510537;2023-03-14;"terça-feira";"17:50:00";"RS";116;150;"CAXIAS DO SUL";"Pedestre cruzava a pista fora da faixa";"Atropelamento de Pedestre";"Com Vítimas Feridas";"Anoitecer";"Decrescente";"Céu Claro";"Dupla";"Reta";"Sim";2;0;1;0;1;0;1;2;-29,16890376;-51,15836263;"SPRF-RS";"DEL05-RS";"UOP01-DEL05-RS"
510538;2023-03-14;"terça-feira";"17:00:00";"RJ";116;173;"SAO JOAO DE MERITI";"Condutor deixou de manter distância do veículo da frente";"Colisão traseira";"Com Vítimas Feridas";"Pleno dia";"Crescente";"Céu Claro";"Dupla";"Reta";"Sim";4;0;0;2;2;0;2;4;-22,79810324;-43,35726614;"SPRF-RJ";"DEL01-RJ";"UOP02-DEL01-RJ"
510539;2023-03-14;"terça-feira";"16:40:00";"RO";364;197;"PIMENTA BUENO";"Acesso irregular";"Colisão transversal";"Com Vítimas Feridas";"Pleno dia";"Decrescente";"Céu Claro";"Simples";"Viaduto;Reta;Retorno Regulamentado";"Sim";2;0;1;0;1;0;1;2;-11,679394;-61,18785;"SPRF-RO";"DEL02-RO";"UOP02-DEL02-RO"
510540;2023-03-14;"terça-feira";"18:25:00";"SC";282;23,3;"SANTO AMARO DA IMPERATRIZ";"Condutor deixou de manter distância do veículo da frente";"Colisão transversal";"Com Vítimas Feridas";"Plena Noite";"Decrescente";"Ignorado";"Simples";"Reta";"Sim";2;0;1;0;1;0;1;2;-27,687958;-48,736794;"SPRF-SC";"DEL01-SC";"UOP02-DEL01-SC"
510541;2023-03-14;"terça-feira";"17:45:00";"SC";101;134;"BALNEARIO CAMBORIU";"Condutor deixou de manter distância do veículo da frente";"Engavetamento";"Sem Vítimas";"Anoitecer";"Crescente";"Chuva";"Simples";"Reta";"Não";3;0;0;0;3;0;0;3;-27,00218;-48,636433;"SPRF-SC";"DEL04-SC";"UOP03-DEL04-SC"
510542;2023-03-14;"terça-feira";"18:10:00";"RJ";393;240;"VASSOURAS";"Acessar a via sem observar a presença dos outros veículos";"Colisão transversal";"Com Vítimas Feridas";"Anoitecer";"Decrescente";"Céu Claro";"Simples";"Reta";"Não";2;0;1;1;0;0;2;2;-22,41456264;-43,67661632;"SPRF-RJ";"DEL05-RJ";"UOP04-DEL05-RJ"
510544;2023-03-14;"terça-feira";"18:35:00";"RJ";40;79;"PETROPOLIS";"Chuva";"Saída de leito carroçável";"Com Vítimas Feridas";"Plena Noite";"Decrescente";"Chuva";"Dupla";"Curva";"Não";1;0;1;0;0;0;1;1;-22,49130098;-43,22294163;"SPRF-RJ";"DEL06-RJ";"UOP01-DEL06-RJ"
510545;2023-02-26;"domingo";"21:20:00";"PR";376;139;"BALSA NOVA";"Pista esburacada";"Tombamento";"Com Vítimas Feridas";"Plena Noite";"Decrescente";"Céu Claro";"Dupla";"Curva";"Não";2;0;2;0;0;0;2;1;-25,4660927;-49,7287299;"SPRF-PR";"DEL09-PR";"UOP02-DEL09-PR"
510547;2023-02-24;"sexta-feira";"14:40:00";"PI";135;126,3;"BERTOLINIA";"Manobra de mudança de faixa";"Colisão transversal";"Com Vítimas Fatais";"Pleno dia";"Crescente";"Céu Claro";"Simples";"Reta";"Não";2;1;0;0;1;0;0;2;-7,65678248;-43,95378325;"SPRF-PI";"DEL03-PI";"UOP01-DEL03-PI"
510548;2023-03-14;"terça-feira";"18:30:00";"ES";101;68,5;"SAO MATEUS";"Trafegar com motocicleta (ou similar) entre as faixas";"Colisão frontal";"Com Vítimas Feridas";"Plena Noite";"Decrescente";"Céu Claro";"Simples";"Aclive;Reta";"Não";2;0;2;0;0;0;2;2;-18,726597;-39,85975;"SPRF-ES";"DEL04-ES";"UOP02-DEL04-ES"
510549;2023-03-14;"terça-feira";"18:15:00";"SC";101;308;"LAGUNA";"Iluminação deficiente";"Colisão traseira";"Com Vítimas Feridas";"Plena Noite";"Crescente";"Céu Claro";"Simples";"Reta";"Não";2;0;1;1;0;0;2;2;-28,399616;-48,7854;"SPRF-SC";"DEL02-SC";"UOP01-DEL02-SC"
510550;2023-03-14;"terça-feira";"18:00:00";"RJ";40;48;"PETROPOLIS";"Chuva";"Capotamento";"Com Vítimas Feridas";"Anoitecer";"Decrescente";"Chuva";"Dupla";"Curva";"Não";1;0;1;0;0;0;1;1;-22,30030298;-43,13042284;"SPRF-RJ";"DEL05-RJ";"UOP02-DEL05-RJ"
510551;2023-03-14;"terça-feira";"19:00:00";"CE";20;378;"CAUCAIA";"Velocidade Incompatível";"Saída de leito carroçável";"Sem Vítimas";"Plena Noite";"Decrescente";"Céu Claro";"Simples";"Declive";"Não";1;0;0;0;0;1;0;1;-3,93125886;-38,86100221;"SPRF-CE";"DEL01-CE";"UOP01-DEL01-CE"
510553;2023-03-14;"terça-feira";"19:05:00";"SC";101;254;"PAULO LOPES";"Condutor Dormindo";"Saída de leito carroçável";"Com Vítimas Feridas";"Anoitecer";"Decrescente";"Nublado";"Dupla";"Reta";"Não";1;0;0;1;0;0;1;1;-27,97368802;-48,67940247;"SPRF-SC";"DEL02-SC";"UOP03-DEL02-SC"
510554;2023-03-14;"terça-feira";"19:00:00";"CE";116;6;"FORTALEZA";"Condutor deixou de manter distância do veículo da frente";"Colisão traseira";"Com Vítimas Feridas";"Plena Noite";"Decrescente";"Céu Claro";"Múltipla";"Reta";"Sim";4;0;1;1;2;0;2;3;-3,802624;-38,50400499;"SPRF-CE";"DEL01-CE";"UOP02-DEL01-CE"
510556;2023-03-14;"terça-feira";"18:30:00";"PI";135;350;"BOM JESUS";"Desrespeitar a preferência no cruzamento";"Colisão transversal";"Com Vítimas Feridas";"Plena Noite";"Decrescente";"Nublado";"Dupla";"Curva;Interseção de Vias";"Sim";2;0;0;1;1;0;1;2;-9,07818587;-44,33800936;"SPRF-PI";"DEL03-PI";"UOP02-DEL03-PI"
510557;2023-03-14;"terça-feira";"08:40:00";"RO";435;124;"CEREJEIRAS";"Ultrapassagem Indevida";"Colisão lateral mesmo sentido";"Com Vítimas Feridas";"Pleno dia";"Decrescente";"Céu Claro";"Dupla";"Interseção de Vias";"Sim";3;0;2;0;1;0;2;2;-13,18909003;-60,82313418;"SPRF-RO";"DEL04-RO";"UOP02-DEL04-RO"
510558;2023-03-14;"terça-feira";"19:30:00";"SP";116;214;"GUARULHOS";"Ausência de reação do condutor";"Colisão traseira";"Com Vítimas Feridas";"Plena Noite";"Decrescente";"Chuva";"Múltipla";"Reta";"Sim";2;0;1;0;1;0;1;2;-23,44333014;-46,44531294;"SPRF-SP";"DEL01-SP";"UOP01-DEL01-SP"
510560;2023-03-14;"terça-feira";"19:00:00";"PR";277;115;"CAMPO LARGO";"Entrada inopinada do pedestre";"Atropelamento de Pedestre";"Com Vítimas Feridas";"Plena Noite";"Crescente";"Ignorado";"Dupla";"Reta";"Sim";2;0;1;1;0;0;2;2;-25,445062;-49,499128;"SPRF-PR";"DEL03-PR";"UOP03-DEL03-PR"
510561;2023-03-14;"terça-feira";"19:10:00";"RO";364;712;"PORTO VELHO";"Acessar a via sem observar a presença dos outros veículos";"Colisão transversal";"Com Vítimas Feridas";"Anoitecer";"Crescente";"Ignorado";"Simples";"Rotatória";"Sim";2;0;1;0;1;0;1;2;-8,77643335;-63,87389129;"SPRF-RO";"DEL01-RO";"UOP01-DEL01-RO"
510562;2023-03-14;"terça-feira";"18:00:00";"RJ";40;106;"DUQUE DE CAXIAS";"Trafegar com motocicleta (ou similar) entre as faixas";"Colisão transversal";"Com Vítimas Feridas";"Plena Noite";"Crescente";"Chuva";"Múltipla";"Reta;Interseção de Vias";"Sim";2;0;1;0;1;0;1;2;-22,64679;-43,283726;"SPRF-RJ";"DEL01-RJ";"UOP01-DEL01-RJ"
510563;2023-03-14;"terça-feira";"18:50:00";"RS";290;691,3;"URUGUAIANA";"Acumulo de água sobre o pavimento";"Saída de leito carroçável";"Com Vítimas Feridas";"Anoitecer";"Crescente";"Chuva";"Simples";"Reta";"Não";5;0;1;0;3;1;1;2;-29,875832;-56,80267;"SPRF-RS";"DEL13-RS";"UOP01-DEL13-RS"
510565;2023-03-14;"terça-feira";"20:30:00";"PE";232;75,6;"GRAVATA";"Reação tardia ou ineficiente do condutor";"Atropelamento de Animal";"Com Vítimas Feridas";"Plena Noite";"Crescente";"Céu Claro";"Dupla";"Reta";"Não";1;0;1;0;0;0;1;1;-8,19737799;-35,525476;"SPRF-PE";"DEL02-PE";"UOP02-DEL02PE"
510566;2023-03-14;"terça-feira";"20:00:00";"RS";386;389,4;"TRIUNFO";"Acessar a via sem observar a presença dos outros veículos";"Colisão transversal";"Com Vítimas Feridas";"Plena Noite";"Crescente";"Céu Claro";"Dupla";"Retorno Regulamentado";"Sim";3;0;2;0;1;0;2;2;-29,699799;-51,686905;"SPRF-RS";"DEL04-RS";"NPF/DEL04-RS"
510567;2023-03-14;"terça-feira";"18:15:00";"RO";421;8,6;"ARIQUEMES";"Acessar a via sem observar a presença dos outros veículos";"Colisão transversal";"Com Vítimas Feridas";"Anoitecer";"Crescente";"Céu Claro";"Simples";"Reta";"Não";3;0;1;0;1;1;1;2;-9,956851;-63,11311;"SPRF-RO";"DEL03-RO";"UOP01-DEL03-RO"
510568;2023-03-14;"terça-feira";"20:45:00";"ES";101;285;"CARIACICA";"Reação tardia ou ineficiente do condutor";"Tombamento";"Com Vítimas Feridas";"Plena Noite";"Decrescente";"Chuva";"Dupla";"Reta";"Não";1;0;1;0;0;0;1;1;-20,25902175;-40,37753412;"SPRF-ES";"DEL01-ES";"UOP01-DEL01-ES"
510569;2023-03-14;"terça-feira";"20:00:00";"PR";116;20;"CAMPINA GRANDE DO SUL";"Chuva";"Capotamento";"Com Vítimas Feridas";"Plena Noite";"Crescente";"Chuva";"Dupla";"Reta";"Não";1;0;1;0;0;0;1;1;-25,10052421;-48,72981603;"SPRF-PR";"DEL01-PR";"UOP02-DEL01-PR"
510572;2023-03-14;"terça-feira";"18:00:00";"PR";369;178,9;"ARAPONGAS";"Acessar a via sem observar a presença dos outros veículos";"Colisão frontal";"Com Vítimas Feridas";"Pleno dia";"Decrescente";"Nublado";"Simples";"Reta";"Não";2;0;0;1;1;0;1;2;-23,362015;-51,399308;"SPRF-PR";"DEL07-PR";"UOP03-DEL07-PR"
510573;2023-02-05;"domingo";"16:30:00";"PI";316;65;"MONSENHOR GIL";"Acessar a via sem observar a presença dos outros veículos";"Colisão transversal";"Com Vítimas Fatais";"Pleno dia";"Decrescente";"Céu Claro";"Simples";"Reta";"Não";2;1;0;0;1;0;0;2;-5,61717113;-42,60352135;"SPRF-PI";"DEL01-PI";"UOP02-DEL01-PI"
510574;2023-02-22;"quarta-feira";"16:30:00";"PI";343;340;"TERESINA";"Manobra de mudança de faixa";"Colisão traseira";"Com Vítimas Feridas";"Pleno dia";"Crescente";"Céu Claro";"Dupla";"Reta";"Não";2;0;1;0;0;1;1;2;-5,074137;-42,73629;"SPRF-PI";"DEL01-PI";"UOP01-DEL01-PI"
510575;2023-03-14;"terça-feira";"19:40:00";"RS";287;417;"SANTIAGO";"Animais na Pista";"Atropelamento de Animal";"Com Vítimas Feridas";"Plena Noite";"Crescente";"Nublado";"Simples";"Reta";"Não";1;0;1;0;0;0;1;1;-29,05285028;-54,98405397;"SPRF-RS";"DEL12-RS";"UOP02-DEL12-RS"
510577;2023-03-14;"terça-feira";"20:50:00";"PR";369;151;"LONDRINA";"Condutor deixou de manter distância do veículo da frente";"Colisão traseira";"Com Vítimas Feridas";"Plena Noite";"Crescente";"Chuva";"Dupla";"Desvio Temporário;Reta";"Sim";3;0;0;2;1;0;2;3;-23,29273685;-51,17905855;"SPRF-PR";"DEL07-PR";"UOP01-DEL07-PR"
510578;2023-03-14;"terça-feira";"16:00:00";"RS";116;293;"ELDORADO DO SUL";"Acumulo de areia ou detritos sobre o pavimento";"Tombamento";"Com Vítimas Feridas";"Pleno dia";"Crescente";"Céu Claro";"Dupla";"Reta";"Sim";1;0;1;0;0;0;1;1;-30,06190803;-51,33968194;"SPRF-RS";"DEL02-RS";"UOP01-DEL02-RS"
510581;2023-03-14;"terça-feira";"21:30:00";"PR";277;586;"CASCAVEL";"Acessar a via sem observar a presença dos outros veículos";"Colisão transversal";"Com Vítimas Feridas";"Plena Noite";"Crescente";"Céu Claro";"Simples";"Retorno Regulamentado;Interseção de Vias";"Não";2;0;1;0;1;0;1;2;-24,9649472;-53,4210459;"SPRF-PR";"DEL04-PR";"UOP01-DEL04-PR"
510582;2023-03-14;"terça-feira";"15:30:00";"RJ";393;240;"VASSOURAS";"Ausência de reação do condutor";"Saída de leito carroçável";"Com Vítimas Feridas";"Pleno dia";"Decrescente";"Céu Claro";"Simples";"Reta";"Não";1;0;1;0;0;0;1;1;-22,41456264;-43,67661632;"SPRF-RJ";"DEL05-RJ";"UOP04-DEL05-RJ"
510584;2023-03-14;"terça-feira";"21:00:00";"BA";101;806;"VEREDA";"Acessar a via sem observar a presença dos outros veículos";"Colisão transversal";"Com Vítimas Feridas";"Plena Noite";"Crescente";"Nublado";"Simples";"Reta";"Sim";2;0;1;0;1;0;1;2;-17,18376299;-39,58077401;"SPRF-BA";"DEL09-BA";"UOP02-DEL09-BA"