"id";"data_inversa";"dia_semana";"horario";"uf";"br";"km";"municipio";"causa_acidente";"tipo_acidente";"classificacao_acidente";"fase_dia";"sentido_via";"condicao_metereologica";"tipo_pista";"tracado_via";"uso_solo";"pessoas";"mortos";"feridos_leves";"feridos_graves";"ilesos";"ignorados";"feridos";"veiculos";"latitude";"longitude";"regional";"delegacia";"uop"
510585;2023-03-14;"terça-feira";"19:40:00";"RO";364;239;"CACOAL";"Condutor deixou de manter distância do veículo da frente";"Colisão traseira";"Com Vítimas Feridas";"Plena Noite";"Decrescente";"Nublado";"Simples";"Reta";"Sim";3;0;2;0;1;0;2;2;-11,43425083;-61,46267289;"SPRF-RO";"DEL02-RO";"UOP02-DEL02-RO"
510586;2023-03-14;"terça-feira";"22:40:00";"DF";40;3;"BRASILIA";"Acessar a via sem observar a presença dos outros veículos";"Colisão lateral mesmo sentido";"Com Vítimas Feridas";"Plena Noite";"Crescente";"Céu Claro";"Dupla";"Reta";"Sim";2;0;1;0;0;1;1;2;-16,01107736;-47,98251987;"SPRF-DF";"DEL01-DF";"UOP01-DEL01-DF"
510589;2023-03-14;"terça-feira";"22:30:00";"MS";60;122,4;"PARAISO DAS AGUAS";"Reação tardia ou ineficiente do condutor";"Saída de leito carroçável";"Com Vítimas Fatais";"Plena Noite";"Decrescente";"Céu Claro";"Simples";"Reta";"Não";3;1;0;2;0;0;2;1;-19,33105883;-53,41332702;"SPRF-MS";"DEL06-MS";"UOP02-DEL06-MS"
510590;2023-03-14;"terça-feira";"19:30:00";"MG";116;456;"ENGENHEIRO CALDAS";"Transitar na contramão";"Colisão frontal";"Com Vítimas Feridas";"Plena Noite";"Decrescente";"Nublado";"Simples";"Reta";"Sim";2;0;0;1;1;0;1;2;-19,20082084;-42,04762426;"SPRF-MG";"DEL06-MG";"UOP02-DEL06-MG"
510593;2023-03-15;"quarta-feira";"01:05:00";"SP";116;223;"GUARULHOS";"Transitar na contramão";"Colisão frontal";"Com Vítimas Feridas";"Plena Noite";"Decrescente";"Céu Claro";"Múltipla";"Reta";"Sim";2;0;1;0;1;0;1;2;-23,47559815;-46,5246609;"SPRF-SP";"DEL01-SP";"UOP01-DEL01-SP"
510595;2023-03-15;"quarta-feira";"00:40:00";"PE";101;80;"JABOATAO DOS GUARARAPES";"Acessar a via sem observar a presença dos outros veículos";"Colisão lateral mesmo sentido";"Com Vítimas Feridas";"Plena Noite";"Crescente";"Céu Claro";"Dupla";"Reta";"Sim";2;0;1;0;1;0;1;2;-8,15112589;-34,9428866;"SPRF-PE";"DEL01-PE";"UOP01-DEL01-PE"
510598;2023-03-15;"quarta-feira";"03:10:00";"RS";116;259,1;"ESTEIO";"Ausência de reação do condutor";"Colisão com objeto";"Sem Vítimas";"Plena Noite";"Decrescente";"Céu Claro";"Dupla";"Curva";"Não";2;0;0;0;0;2;0;2;-29,8678292;-51,1860386;"SPRF-RS";"DEL01-RS";"UOP02-DEL01-RS"
510602;2023-03-14;"terça-feira";"22:15:00";"MA";10;157;"PORTO FRANCO";"Pedestre andava na pista";"Atropelamento de Pedestre";"Com Vítimas Fatais";"Plena Noite";"Crescente";"Chuva";"Simples";"Declive";"Não";2;1;0;0;1;0;0;2;-6,34733;-47,374878;"SPRF-MA";"DEL04-MA";"UOP02-DEL04-MA"
510603;2023-03-15;"quarta-feira";"05:39:00";"PE";101;66,3;"RECIFE";"Reação tardia ou ineficiente do condutor";"Atropelamento de Pedestre";"Com Vítimas Feridas";"Pleno dia";"Crescente";"Sol";"Dupla";"Reta";"Sim";3;0;1;0;2;0;1;3;-8,040085;-34,942546;"SPRF-PE";"DEL01-PE";"UOP01-DEL01-PE"
510605;2023-03-15;"quarta-feira";"04:10:00";"MA";316;263;"SANTA INES";"Ingestão de álcool pelo condutor";"Atropelamento de Pedestre";"Com Vítimas Feridas";"Plena Noite";"Crescente";"Chuva";"Simples";"Reta";"Sim";3;0;1;1;1;0;2;2;-3,67223833;-45,3633213;"SPRF-MA";"DEL02-MA";"UOP01-DEL02-MA"
510609;2023-03-15;"quarta-feira";"06:00:00";"RS";392;5;"RIO GRANDE";"Reação tardia ou ineficiente do condutor";"Saída de leito carroçável";"Com Vítimas Feridas";"Amanhecer";"Crescente";"Céu Claro";"Simples";"Reta";"Não";1;0;1;0;0;0;1;1;-32,07687877;-52,10166627;"SPRF-RS";"DEL07-RS";"UOP02-DEL07-RS"
510612;2023-03-15;"quarta-feira";"06:20:00";"RJ";101;310;"SAO GONCALO";"Condutor deixou de manter distância do veículo da frente";"Colisão lateral mesmo sentido";"Com Vítimas Feridas";"Pleno dia";"Crescente";"Céu Claro";"Dupla";"Reta";"Sim";2;0;1;0;1;0;1;2;-22,79717023;-43,04404993;"SPRF-RJ";"DEL02-RJ";"UOP02-DEL02-RJ"
510614;2023-03-15;"quarta-feira";"06:15:00";"SP";116;147;"SAO JOSE DOS CAMPOS";"Acessar a via sem observar a presença dos outros veículos";"Colisão transversal";"Com Vítimas Feridas";"Pleno dia";"Decrescente";"Sol";"Dupla";"Reta";"Não";2;0;1;0;1;0;1;2;-23,19542994;-45,87176303;"SPRF-SP";"DEL02-SP";"UOP01-DEL02-SP"
510619;2023-03-15;"quarta-feira";"07:30:00";"PB";104;118,1;"LAGOA SECA";"Condutor deixou de manter distância do veículo da frente";"Colisão traseira";"Com Vítimas Feridas";"Pleno dia";"Crescente";"Sol";"Simples";"Declive;Reta";"Não";1;0;1;0;0;0;1;1;-7,19637839;-35,87571339;"SPRF-PB";"DEL02-PB";"UOP04-DEL02-PB"
510620;2023-03-15;"quarta-feira";"07:30:00";"SE";235;4,6;"NOSSA SENHORA DO SOCORRO";"Avarias e/ou desgaste excessivo no pneu";"Queda de ocupante de veículo";"Com Vítimas Feridas";"Pleno dia";"Decrescente";"Nublado";"Dupla";"Aclive;Curva";"Sim";1;0;1;0;0;0;1;1;-10,9064;-37,1197;"SPRF-SE";"DEL01-SE";"UOP01-DEL01-SE"
510625;2023-03-15;"quarta-feira";"07:15:00";"PB";101;89,8;"JOAO PESSOA";"Manobra de mudança de faixa";"Colisão transversal";"Com Vítimas Feridas";"Pleno dia";"Crescente";"Sol";"Múltipla";"Reta";"Sim";2;0;2;0;0;0;2;2;-7,1710694;-34,89765372;"SPRF-PB";"DEL01-PB";"UOP02-DEL01-PB"
510626;2023-03-15;"quarta-feira";"07:22:00";"ES";101;264,5;"SERRA";"Desrespeitar a preferência no cruzamento";"Colisão transversal";"Com Vítimas Feridas";"Pleno dia";"Crescente";"Céu Claro";"Múltipla";"Reta;Interseção de Vias";"Sim";2;0;1;0;1;0;1;2;-20,17292791;-40,26736384;"SPRF-ES";"DEL02-ES";"UOP01-DEL02-ES"
510627;2023-03-07;"terça-feira";"15:45:00";"CE";222;178,8;"SOBRAL";"Desrespeitar a preferência no cruzamento";"Colisão transversal";"Com Vítimas Feridas";"Pleno dia";"Crescente";"Céu Claro";"Simples";"Reta";"Não";3;0;1;0;2;0;1;2;-3,7518690981;-40,0306420233;"SPRF-CE";"DEL04-CE";"UOP03-DEL04-CE"
510629;2023-03-15;"quarta-feira";"07:30:00";"SC";101;207,2;"SAO JOSE";"Manobra de mudança de faixa";"Colisão lateral mesmo sentido";"Com Vítimas Feridas";"Pleno dia";"Decrescente";"Chuva";"Múltipla";"Reta;Aclive";"Sim";1;0;1;0;0;0;1;1;-27,60001226;-48,6226467;"SPRF-SC";"DEL01-SC";"UOP01-DEL01-SC"
510630;2023-03-15;"quarta-feira";"08:20:00";"GO";40;7;"VALPARAISO DE GOIAS";"Reação tardia ou ineficiente do condutor";"Colisão lateral mesmo sentido";"Com Vítimas Feridas";"Pleno dia";"Decrescente";"Céu Claro";"Dupla";"Reta";"Não";3;0;1;0;2;0;1;3;-16,108482;-47,972524;"SPRF-DF";"DEL01-DF";"UOP01-DEL01-DF"
510631;2023-03-14;"terça-feira";"23:35:00";"SC";101;256;"PAULO LOPES";"Avarias e/ou desgaste excessivo no pneu";"Saída de leito carroçável";"Com Vítimas Feridas";"Plena Noite";"Decrescente";"Céu Claro";"Dupla";"Reta";"Não";1;0;1;0;0;0;1;1;-27,99084416;-48,68056684;"SPRF-SC";"DEL02-SC";"UOP03-DEL02-SC"
510632;2023-03-15;"quarta-feira";"08:00:00";"RJ";101;318;"SAO GONCALO";"Acessar a via sem observar a presença dos outros veículos";"Colisão lateral mesmo sentido";"Com Vítimas Feridas";"Pleno dia";"Crescente";"Céu Claro";"Dupla";"Reta";"Sim";3;0;2;0;1;0;2;2;-22,84562994;-43,09841211;"SPRF-RJ";"DEL02-RJ";"UOP02-DEL02-RJ"
510633;2023-03-15;"quarta-feira";"07:45:00";"SC";280;47,1;"GUARAMIRIM";"Pedestre cruzava a pista fora da faixa";"Atropelamento de Pedestre";"Com Vítimas Feridas";"Pleno dia";"Crescente";"Nublado";"Simples";"Reta";"Não";2;0;1;0;1;0;1;2;-26,45353692;-48,917876;"SPRF-SC";"DEL03-SC";"UOP03-DEL03-SC"
510635;2023-03-07;"terça-feira";"17:00:00";"SC";282;16,4;"PALHOCA";"Trafegar com motocicleta (ou similar) entre as faixas";"Colisão transversal";"Com Vítimas Feridas";"Pleno dia";"Crescente";"Nublado";"Simples";"Reta";"Sim";3;0;2;0;1;0;2;2;-27,658611;-48,681847;"SPRF-SC";"DEL01-SC";"UOP02-DEL01-SC"
510636;2023-03-11;"sábado";"22:30:00";"RS";290;80;"GRAVATAI";"Ausência de reação do condutor";"Saída de leito carroçável";"Sem Vítimas";"Plena Noite";"Decrescente";"Céu Claro";"Simples";"Curva;Rotatória";"Sim";3;0;0;0;3;0;0;1;-29,95343;-51,058449;"SPRF-RS";"DEL01-RS";"UOP01-DEL01-RS"
510637;2023-03-15;"quarta-feira";"07:05:00";"MG";40;513;"RIBEIRAO DAS NEVES";"Afundamento ou ondulação no pavimento";"Tombamento";"Com Vítimas Feridas";"Pleno dia";"Crescente";"Céu Claro";"Dupla";"Declive;Reta";"Sim";1;0;1;0;0;0;1;1;-19,7970544;-44,1080512;"SPRF-MG";"DEL01-MG";"UOP02-DEL01-MG"
510638;2023-03-15;"quarta-feira";"09:20:00";"PE";101;71;"RECIFE";"Acostamento em desnível";"Tombamento";"Com Vítimas Feridas";"Pleno dia";"Decrescente";"Nublado";"Dupla";"Reta";"Sim";1;0;0;1;0;0;1;1;-8,0766310187;-34,9427787109;"SPRF-PE";"DEL01-PE";"UOP01-DEL01-PE"
510639;2023-03-15;"quarta-feira";"08:20:00";"ES";262;76,4;"DOMINGOS MARTINS";"Velocidade Incompatível";"Saída de leito carroçável";"Com Vítimas Feridas";"Pleno dia";"Decrescente";"Chuva";"Simples";"Curva";"Não";1;0;1;0;0;0;1;1;-20,41504648;-40,90256283;"SPRF-ES";"DEL01-ES";"UOP02-DEL01-ES"
510643;2023-03-15;"quarta-feira";"08:00:00";"SC";101;123;"ITAJAI";"Desrespeitar a preferência no cruzamento";"Colisão transversal";"Com Vítimas Feridas";"Pleno dia";"Decrescente";"Chuva";"Dupla";"Interseção de Vias;Rotatória";"Sim";2;0;1;0;1;0;1;2;-26,93668609;-48,69876905;"SPRF-SC";"DEL04-SC";"UOP04-DEL04-SC"
510645;2023-03-15;"quarta-feira";"09:50:00";"SC";282;4,7;"SAO JOSE";"Manobra de mudança de faixa";"Colisão lateral mesmo sentido";"Com Vítimas Feridas";"Pleno dia";"Decrescente";"Sol";"Múltipla";"Reta";"Não";3;0;2;0;1;0;2;3;-27,592646;-48,604034;"SPRF-SC";"DEL01-SC";"UOP01-DEL01-SC"
510646;2023-03-15;"quarta-feira";"06:50:00";"MT";163;690;"LUCAS DO RIO VERDE";"Ausência de reação do condutor";"Colisão traseira";"Sem Vítimas";"Pleno dia";"Crescente";"Céu Claro";"Simples";"Reta";"Sim";2;0;0;0;2;0;0;2;-13,0593887;-55,9168572;"SPRF-MT";"DEL06-MT";"UOP01-DEL06-MT"
510648;2023-03-15;"quarta-feira";"09:45:00";"MG";40;740,5;"SANTOS DUMONT";"Reação tardia ou ineficiente do condutor";"Tombamento";"Com Vítimas Feridas";"Pleno dia";"Decrescente";"Céu Claro";"Simples";"Curva";"Não";1;0;1;0;0;0;1;1;-21,43148647;-43,55218649;"SPRF-MG";"DEL05-MG";"UOP01-DEL05-MG"
510649;2023-03-15;"quarta-feira";"10:01:00";"GO";40;21,9;"LUZIANIA";"Entrada inopinada do pedestre";"Atropelamento de Pedestre";"Com Vítimas Feridas";"Pleno dia";"Crescente";"Nublado";"Múltipla";"Reta";"Sim";2;0;2;0;0;0;2;2;-16,218542;-47,915731;"SPRF-DF";"DEL01-DF";"UOP01-DEL01-DF"
510650;2023-03-15;"quarta-feira";"07:30:00";"RS";116;247;"SAO LEOPOLDO";"Trafegar com motocicleta (ou similar) entre as faixas";"Colisão lateral mesmo sentido";"Com Vítimas Feridas";"Pleno dia";"Decrescente";"Céu Claro";"Dupla";"Viaduto;Reta;Declive";"Sim";3;0;1;0;2;0;1;2;-29,76733091;-51,1535296;"SPRF-RS";"DEL01-RS";"UOP02-DEL01-RS"
510653;2023-03-15;"quarta-feira";"09:35:00";"RS";470;195;"BENTO GONCALVES";"Ausência de reação do condutor";"Saída de leito carroçável";"Com Vítimas Feridas";"Pleno dia";"Decrescente";"Nublado";"Simples";"Reta";"Não";2;0;1;0;1;0;1;1;-29,05097073;-51,58205288;"SPRF-RS";"DEL06-RS";"UOP02-DEL06-RS"
510657;2023-01-13;"sexta-feira";"07:20:00";"CE";0;0;"CAUCAIA";"Obras na pista";"Eventos atípicos";"Sem Vítimas";"Pleno dia";"Não Informado";"Céu Claro";"Dupla";"Em Obras;Reta";"Sim";2;0;0;0;2;0;0;1;-3,69503591;-38,86872701;"SPRF-CE";"DEL01-CE";"UOP03-DEL01-CE"
510658;2023-03-15;"quarta-feira";"10:50:00";"RJ";101;76;"CAMPOS DOS GOYTACAZES";"Acesso irregular";"Colisão transversal";"Com Vítimas Feridas";"Pleno dia";"Decrescente";"Céu Claro";"Simples";"Reta";"Sim";3;0;1;0;2;0;1;2;-21,8299;-41,4102;"SPRF-RJ";"DEL08-RJ";"UOP02-DEL08-RJ"
510660;2023-03-15;"quarta-feira";"10:00:00";"MT";364;380,9;"SANTO ANTONIO DO LEVERGER";"Reação tardia ou ineficiente do condutor";"Saída de leito carroçável";"Com Vítimas Feridas";"Pleno dia";"Crescente";"Céu Claro";"Dupla";"Reta";"Não";2;0;0;1;1;0;1;1;-15,70337385;-55,764222;"SPRF-MT";"DEL01-MT";"UOP02-DEL01-MT"
510661;2023-03-15;"quarta-feira";"10:40:00";"AL";423;19;"CANAPI";"Ausência de reação do condutor";"Colisão com objeto";"Com Vítimas Feridas";"Pleno dia";"Crescente";"Céu Claro";"Simples";"Reta;Ponte";"Não";2;0;1;1;0;0;2;1;-9,17394974;-37,45443908;"SPRF-AL";"DEL03-AL";"UOP02-DEL03-AL"
510663;2023-03-15;"quarta-feira";"11:45:00";"RS";101;44,8;"TERRA DE AREIA";"Demais falhas mecânicas ou elétricas";"Tombamento";"Com Vítimas Feridas";"Pleno dia";"Decrescente";"Céu Claro";"Dupla";"Reta";"Sim";1;0;1;0;0;0;1;1;-29,56957525;-50,05645752;"SPRF-RS";"DEL03-RS";"UOP02-DEL03-RS"
510665;2023-03-15;"quarta-feira";"11:10:00";"RN";304;38;"MOSSORO";"Velocidade Incompatível";"Colisão traseira";"Com Vítimas Fatais";"Pleno dia";"Crescente";"Chuva";"Dupla";"Declive;Reta";"Sim";3;1;0;0;2;0;0;2;-5,18138457;-37,36832252;"SPRF-RN";"DEL04-RN";"UOP02-DEL04-RN"
510667;2023-03-15;"quarta-feira";"12:15:00";"CE";116;13;"FORTALEZA";"Acessar a via sem observar a presença dos outros veículos";"Colisão transversal";"Com Vítimas Feridas";"Pleno dia";"Decrescente";"Céu Claro";"Simples";"Reta";"Sim";2;0;2;0;0;0;2;2;-3,86088501;-38,49715296;"SPRF-CE";"DEL01-CE";"UOP02-DEL01-CE"
510668;2023-03-15;"quarta-feira";"11:20:00";"RN";101;95,9;"NATAL";"Manobra de mudança de faixa";"Colisão lateral mesmo sentido";"Com Vítimas Feridas";"Pleno dia";"Crescente";"Céu Claro";"Múltipla";"Reta";"Não";3;0;1;0;1;1;1;2;-5,84076841;-35,21035949;"SPRF-RN";"DEL01-RN";"UOP01-DEL01-RN"
510669;2023-03-15;"quarta-feira";"12:15:00";"SC";163;83;"GUARACIABA";"Ausência de reação do condutor";"Colisão traseira";"Com Vítimas Feridas";"Pleno dia";"Crescente";"Céu Claro";"Simples";"Desvio Temporário;Em Obras;Reta;Aclive";"Não";4;0;0;1;3;0;1;2;-26,62425308;-53,51596135;"SPRF-SC";"DEL07-SC";"UOP03-DEL07-SC"
510671;2023-03-15;"quarta-feira";"12:45:00";"RS";158;332;"SANTA MARIA";"Desrespeitar a preferência no cruzamento";"Colisão transversal";"Com Vítimas Feridas";"Pleno dia";"Decrescente";"Céu Claro";"Dupla";"Interseção de Vias;Rotatória";"Sim";3;0;1;0;2;0;1;2;-29,7075633;-53,85413894;"SPRF-RS";"DEL09-RS";"UOP01-DEL09-RS"
510672;2023-03-15;"quarta-feira";"12:00:00";"MG";40;346;"FELIXLANDIA";"Demais falhas na via";"Queda de ocupante de veículo";"Com Vítimas Feridas";"Pleno dia";"Crescente";"Sol";"Simples";"Reta";"Não";1;0;0;1;0;0;1;1;-18,69991936;-44,96574619;"SPRF-MG";"DEL02-MG";"UOP01-DEL02-MG"
510675;2023-02-28;"terça-feira";"18:20:00";"AC";364;137,4;"RIO BRANCO";"Retorno proibido";"Colisão transversal";"Com Vítimas Feridas";"Anoitecer";"Crescente";"Céu Claro";"Dupla";"Reta";"Sim";4;0;1;1;2;0;2;3;-9,965672;-67,854363;"SPRF-AC";"DEL01-AC";"UOP01-DEL01-AC"
510681;2023-03-15;"quarta-feira";"11:10:00";"MG";116;461,5;"TARUMIRIM";"Animais na Pista";"Atropelamento de Animal";"Com Vítimas Feridas";"Pleno dia";"Decrescente";"Nublado";"Simples";"Reta";"Não";2;0;2;0;0;0;2;1;-19,24287204;-42,05726783;"SPRF-MG";"DEL06-MG";"UOP02-DEL06-MG"
510682;2023-03-15;"quarta-feira";"12:20:00";"RJ";101;432;"MANGARATIBA";"Acessar a via sem observar a presença dos outros veículos";"Colisão transversal";"Com Vítimas Feridas";"Pleno dia";"Decrescente";"Céu Claro";"Simples";"Reta";"Não";2;0;1;0;1;0;1;2;-22,93437472;-44,02919087;"SPRF-RJ";"DEL03-RJ";"UOP02-DEL03-RJ"
510684;2023-03-15;"quarta-feira";"13:13:00";"MA";10;254,5;"IMPERATRIZ";"Acessar a via sem observar a presença dos outros veículos";"Colisão transversal";"Com Vítimas Feridas";"Pleno dia";"Decrescente";"Nublado";"Simples";"Reta";"Sim";2;0;0;1;1;0;1;2;-5,517879;-47,471581;"SPRF-MA";"DEL04-MA";"UOP01-DEL04-MA"
510686;2023-03-15;"quarta-feira";"02:00:00";"CE";20;279,4;"CANINDE";"Pista esburacada";"Saída de leito carroçável";"Sem Vítimas";"Plena Noite";"Crescente";"Chuva";"Simples";"Reta";"Não";1;0;0;0;1;0;0;1;-4,58873333;-39,36304753;"SPRF-CE";"DEL02-CE";"UOP01-DEL02-CE"
510687;2023-03-15;"quarta-feira";"12:10:00";"GO";414;332;"COCALZINHO DE GOIAS";"Condutor Dormindo";"Saída de leito carroçável";"Com Vítimas Feridas";"Pleno dia";"Crescente";"Nublado";"Simples";"Reta";"Não";1;0;1;0;0;0;1;1;-15,580993;-48,628662;"SPRF-GO";"DEL02-GO";"UOP01-DEL02-GO"
510688;2023-03-15;"quarta-feira";"13:29:00";"DF";20;10;"BRASILIA";"Reação tardia ou ineficiente do condutor";"Colisão transversal";"Sem Vítimas";"Pleno dia";"Crescente";"Chuva";"Dupla";"Reta";"Sim";2;0;0;0;2;0;0;2;-15,650243;-47,773872;"SPRF-DF";"DEL02-DF";"UOP01-DEL02-DF"
510691;2023-03-15;"quarta-feira";"13:50:00";"PB";230;2;"CABEDELO";"Transitar na contramão";"Colisão frontal";"Com Vítimas Feridas";"Pleno dia";"Crescente";"Céu Claro";"Simples";"Reta";"Sim";2;0;1;0;1;0;1;2;-6,9837;-34,8295;"SPRF-PB";"DEL01-PB";"UOP01-DEL01-PB"
510694;2023-03-15;"quarta-feira";"14:40:00";"PB";230;53;"CRUZ DO ESPIRITO SANTO";"Chuva";"Capotamento";"Com Vítimas Feridas";"Pleno dia";"Crescente";"Garoa/Chuvisco";"Dupla";"Curva";"Não";1;0;1;0;0;0;1;1;-7,1998;-35,0763;"SPRF-PB";"DEL01-PB";"UOP03-DEL01-PB"
510695;2023-03-15;"quarta-feira";"11:35:00";"SC";101;109;"PENHA";"Manobra de mudança de faixa";"Colisão lateral mesmo sentido";"Com Vítimas Feridas";"Pleno dia";"Crescente";"Chuva";"Dupla";"Reta";"Não";3;0;1;0;2;0;1;2;-26,8333519;-48,69632106;"SPRF-SC";"DEL03-SC";"UOP02-DEL03-SC"
510698;2023-03-15;"quarta-feira";"15:05:00";"GO";40;16;"LUZIANIA";"Acesso irregular";"Colisão lateral mesmo sentido";"Sem Vítimas";"Pleno dia";"Decrescente";"Céu Claro";"Dupla";"Aclive;Reta";"Sim";2;0;0;0;1;1;0;2;-16,175176;-47,92964;"SPRF-DF";"DEL01-DF";"UOP01-DEL01-DF"
510700;2023-01-14;"sábado";"05:00:00";"RS";116;406;"CAMAQUA";"Ausência de reação do condutor";"Saída de leito carroçável";"Com Vítimas Feridas";"Amanhecer";"Crescente";"Céu Claro";"Simples";"Reta";"Não";1;0;0;1;0;0;1;1;-30,89948457;-51,85879823;"SPRF-RS";"DEL02-RS";"UOP02-DEL02-RS"
510701;2023-03-15;"quarta-feira";"14:25:00";"PR";116;123;"CURITIBA";"Reação tardia ou ineficiente do condutor";"Colisão traseira";"Com Vítimas Feridas";"Pleno dia";"Crescente";"Céu Claro";"Dupla";"Reta";"Sim";2;0;2;0;0;0;2;2;-25,57736002;-49,31243589;"SPRF-PR";"DEL01-PR";"UOP03-DEL01-PR"
510706;2023-03-15;"quarta-feira";"16:00:00";"SC";101;204,8;"SAO JOSE";"Velocidade Incompatível";"Tombamento";"Com Vítimas Feridas";"Pleno dia";"Crescente";"Sol";"Múltipla";"Interseção de Vias;Reta";"Sim";1;0;1;0;0;0;1;1;-27,57413014;-48,61363083;"SPRF-SC";"DEL01-SC";"UOP01-DEL01-SC"
510707;2023-03-15;"quarta-feira";"14:16:00";"RJ";101;326;"NITEROI";"Condutor deixou de manter distância do veículo da frente";"Colisão traseira";"Com Vítimas Feridas";"Pleno dia";"Crescente";"Céu Claro";"Múltipla";"Reta;Ponte";"Não";3;0;1;0;2;0;1;2;-22,87206203;-43,146105;"SPRF-RJ";"DEL02-RJ";"UOP01-DEL02-RJ"
510708;2023-03-15;"quarta-feira";"16:40:00";"SP";116;220;"GUARULHOS";"Ultrapassagem Indevida";"Colisão lateral mesmo sentido";"Com Vítimas Feridas";"Pleno dia";"Decrescente";"Céu Claro";"Múltipla";"Reta";"Sim";2;0;1;0;1;0;1;2;-23,46472809;-46,49793962;"SPRF-SP";"DEL01-SP";"UOP01-DEL01-SP"
510709;2023-03-15;"quarta-feira";"10:15:00";"GO";153;124;"ESTRELA DO NORTE";"Acessar a via sem observar a presença dos outros veículos";"Colisão transversal";"Com Vítimas Feridas";"Pleno dia";"Decrescente";"Sol";"Simples";"Rotatória;Reta";"Não";4;0;2;0;2;0;2;2;-13,857882;-49,04958;"SPRF-GO";"DEL07-GO";"UOP01-DEL07-GO"
510711;2023-03-15;"quarta-feira";"15:50:00";"PR";476;266,4;"SAO MATEUS DO SUL";"Avarias e/ou desgaste excessivo no pneu";"Tombamento";"Com Vítimas Feridas";"Pleno dia";"Crescente";"Céu Claro";"Simples";"Reta;Declive";"Sim";2;0;1;0;1;0;1;1;-25,892092;-50,301876;"SPRF-PR";"DEL02-PR";"UOP03-DEL02-PR"
510713;2023-03-15;"quarta-feira";"14:30:00";"RN";304;93,8;"ACU";"Objeto estático sobre o leito carroçável";"Colisão traseira";"Sem Vítimas";"Pleno dia";"Crescente";"Chuva";"Simples";"Reta";"Não";2;0;0;0;2;0;0;2;-5,54470887;-37,07842691;"SPRF-RN";"DEL04-RN";"UOP01-DEL04-RN"
510715;2023-03-15;"quarta-feira";"16:40:00";"MG";381;490;"BETIM";"Ausência de reação do condutor";"Eventos atípicos";"Com Vítimas Feridas";"Pleno dia";"Crescente";"Sol";"Múltipla";"Reta";"Sim";1;0;1;0;0;0;1;1;-19,96502819;-44,17422195;"SPRF-MG";"DEL01-MG";"UOP03-DEL01-MG"
510716;2023-03-15;"quarta-feira";"16:50:00";"SC";280;126;"RIO NEGRINHO";"Acessar a via sem observar a presença dos outros veículos";"Colisão transversal";"Com Vítimas Feridas";"Pleno dia";"Crescente";"Nublado";"Simples";"Declive;Reta";"Não";2;0;1;0;1;0;1;2;-26,23779604;-49,49427399;"SPRF-SC";"DEL06-SC";"UOP03-DEL06-SC"
510719;2023-03-15;"quarta-feira";"17:40:00";"SC";101;212;"PALHOCA";"Reação tardia ou ineficiente do condutor";"Colisão lateral mesmo sentido";"Com Vítimas Feridas";"Anoitecer";"Crescente";"Nublado";"Múltipla";"Reta";"Sim";2;0;1;0;1;0;1;2;-27,62996929;-48,65903871;"SPRF-SC";"DEL01-SC";"UOP02-DEL01-SC"
510720;2023-03-15;"quarta-feira";"17:10:00";"RJ";40;87;"PETROPOLIS";"Avarias e/ou desgaste excessivo no pneu";"Tombamento";"Com Vítimas Feridas";"Pleno dia";"Crescente";"Chuva";"Simples";"Curva;Declive";"Não";1;0;0;1;0;0;1;1;-22,54131641;-43,23271394;"SPRF-RJ";"DEL06-RJ";"UOP01-DEL06-RJ"
510723;2023-03-15;"quarta-feira";"17:45:00";"RS";116;248;"SAO LEOPOLDO";"Trafegar com motocicleta (ou similar) entre as faixas";"Colisão lateral mesmo sentido";"Com Vítimas Feridas";"Anoitecer";"Decrescente";"Céu Claro";"Dupla";"Reta";"Sim";2;0;1;0;1;0;1;2;-29,77605895;-51,15508618;"SPRF-RS";"DEL01-RS";"UOP02-DEL01-RS"
510724;2023-03-15;"quarta-feira";"17:45:00";"MG";381;498;"BETIM";"Manobra de mudança de faixa";"Colisão lateral mesmo sentido";"Com Vítimas Feridas";"Anoitecer";"Decrescente";"Céu Claro";"Dupla";"Reta";"Não";2;0;1;0;1;0;1;2;-20,01172662;-44,21976041;"SPRF-MG";"DEL01-MG";"UOP03-DEL01-MG"
510725;2023-03-15;"quarta-feira";"17:30:00";"PB";101;78;"SANTA RITA";"Velocidade Incompatível";"Queda de ocupante de veículo";"Com Vítimas Feridas";"Anoitecer";"Decrescente";"Céu Claro";"Dupla";"Curva;Aclive";"Não";3;0;1;1;0;1;2;2;-7,10808295;-34,96293885;"SPRF-PB";"DEL01-PB";"UOP04-DEL01-PB"
510727;2023-03-15;"quarta-feira";"18:30:00";"SP";116;215;"GUARULHOS";"Reação tardia ou ineficiente do condutor";"Colisão traseira";"Com Vítimas Feridas";"Anoitecer";"Crescente";"Céu Claro";"Dupla";"Reta";"Sim";2;0;2;0;0;0;2;2;-23,44695693;-46,45394103;"SPRF-SP";"DEL01-SP";"UOP01-DEL01-SP"
510729;2023-03-15;"quarta-feira";"17:45:00";"SC";470;60,7;"BLUMENAU";"Acessar a via sem observar a presença dos outros veículos";"Colisão transversal";"Com Vítimas Feridas";"Plena Noite";"Crescente";"Nublado";"Simples";"Reta";"Não";2;0;0;1;1;0;1;2;-26,87952828;-49,17177379;"SPRF-SC";"DEL04-SC";"UOP01-DEL04-SC"