"id";"data_inversa";"dia_semana";"horario";"uf";"br";"km";"municipio";"causa_acidente";"tipo_acidente";"classificacao_acidente";"fase_dia";"sentido_via";"condicao_metereologica";"tipo_pista";"tracado_via";"uso_solo";"pessoas";"mortos";"feridos_leves";"feridos_graves";"ilesos";"ignorados";"feridos";"veiculos";"latitude";"longitude";"regional";"delegacia";"uop"
510733;2023-03-15;"quarta-feira";"18:24:00";"MS";262;313;"CAMPO GRANDE";"Acesso irregular";"Atropelamento de Pedestre";"Com Vítimas Feridas";"Plena Noite";"Decrescente";"Chuva";"Simples";"Reta";"Não";2;0;0;2;0;0;2;2;-20,47269715;-54,41036101;"SPRF-MS";"DEL01-MS";"UOP01-DEL01-MS"
510735;2023-03-15;"quarta-feira";"19:00:00";"MG";40;812,6;"MATIAS BARBOSA";"Ausência de reação do condutor";"Tombamento";"Com Vítimas Feridas";"Plena Noite";"Decrescente";"Nublado";"Dupla";"Declive;Reta";"Não";1;0;1;0;0;0;1;1;-21,89398272;-43,31274569;"SPRF-MG";"DEL05-MG";"UOP01-DEL05-MG"
510737;2023-03-15;"quarta-feira";"19:00:00";"PB";230;17;"JOAO PESSOA";"Reação tardia ou ineficiente do condutor";"Colisão traseira";"Com Vítimas Feridas";"Plena Noite";"Decrescente";"Céu Claro";"Dupla";"Reta";"Não";3;0;0;1;2;0;1;3;-7,1121;-34,8426;"SPRF-PB";"DEL01-PB";"UOP01-DEL01-PB"
510740;2023-02-27;"segunda-feira";"12:25:00";"SP";116;93,8;"PINDAMONHANGABA";"Mal súbito do condutor";"Queda de ocupante de veículo";"Com Vítimas Feridas";"Pleno dia";"Decrescente";"Céu Claro";"Dupla";"Reta";"Não";1;0;1;0;0;0;1;1;-22,95653207;-45,41300297;"SPRF-SP";"DEL08-SP";"UOP01-DEL08-SP"
510741;2023-03-15;"quarta-feira";"19:30:00";"MG";381;489,9;"BETIM";"Demais falhas mecânicas ou elétricas";"Incêndio";"Sem Vítimas";"Plena Noite";"Crescente";"Céu Claro";"Simples";"Aclive";"Não";1;0;0;0;1;0;0;1;-19,96245618;-44,16455495;"SPRF-MG";"DEL01-MG";"UOP03-DEL01-MG"
510742;2023-03-15;"quarta-feira";"18:35:00";"SC";101;406;"ARARANGUA";"Demais falhas mecânicas ou elétricas";"Saída de leito carroçável";"Com Vítimas Feridas";"Plena Noite";"Decrescente";"Céu Claro";"Dupla";"Reta";"Não";1;0;1;0;0;0;1;1;-28,912271;-49,4843;"SPRF-SC";"DEL02-SC";"UOP02-DEL02-SC"
510744;2023-03-15;"quarta-feira";"20:00:00";"MG";146;29;"CALDAS";"Animais na Pista";"Queda de ocupante de veículo";"Com Vítimas Feridas";"Plena Noite";"Decrescente";"Céu Claro";"Simples";"Curva";"Não";1;0;1;0;0;0;1;1;-21,925516;-46,366361;"SPRF-MG";"DEL10-MG";"UOP01-DEL10-MG"
510745;2023-03-15;"quarta-feira";"19:10:00";"RJ";101;76;"CAMPOS DOS GOYTACAZES";"Transitar na contramão";"Colisão transversal";"Com Vítimas Feridas";"Plena Noite";"Crescente";"Céu Claro";"Simples";"Reta";"Não";2;0;1;0;1;0;1;2;-21,816525;-41,397686;"SPRF-RJ";"DEL08-RJ";"UOP02-DEL08-RJ"
510747;2023-03-15;"quarta-feira";"19:55:00";"SP";116;219;"GUARULHOS";"Condutor deixou de manter distância do veículo da frente";"Colisão traseira";"Com Vítimas Feridas";"Plena Noite";"Decrescente";"Céu Claro";"Múltipla";"Reta";"Sim";2;0;0;1;1;0;1;2;-23,46143954;-46,48885316;"SPRF-SP";"DEL01-SP";"UOP01-DEL01-SP"
510748;2023-03-15;"quarta-feira";"20:00:00";"BA";324;614;"SALVADOR";"Acessar a via sem observar a presença dos outros veículos";"Colisão frontal";"Com Vítimas Feridas";"Plena Noite";"Decrescente";"Céu Claro";"Dupla";"Reta";"Sim";2;0;1;0;1;0;1;2;-12,8639793;-38,42370126;"SPRF-BA";"DEL01-BA";"UOP01-DEL01-BA"
510749;2023-03-15;"quarta-feira";"19:25:00";"PE";423;91,8;"GARANHUNS";"Animais na Pista";"Queda de ocupante de veículo";"Com Vítimas Feridas";"Plena Noite";"Decrescente";"Garoa/Chuvisco";"Simples";"Reta";"Sim";1;0;1;0;0;0;1;1;-8,85375408;-36,46278381;"SPRF-PE";"DEL03-PE";"UOP01-DEL03-PE"
510750;2023-03-15;"quarta-feira";"18:25:00";"RN";101;161;"CANGUARETAMA";"Reação tardia ou ineficiente do condutor";"Colisão frontal";"Com Vítimas Feridas";"Plena Noite";"Decrescente";"Nublado";"Simples";"Reta";"Sim";2;0;1;1;0;0;2;2;-6,37832592;-35,14846487;"SPRF-RN";"DEL01-RN";"UOP01-DEL01-RN"
510751;2023-03-15;"quarta-feira";"17:35:00";"RS";116;245;"SAO LEOPOLDO";"Trafegar com motocicleta (ou similar) entre as faixas";"Tombamento";"Com Vítimas Feridas";"Pleno dia";"Decrescente";"Céu Claro";"Dupla";"Reta";"Sim";1;0;0;1;0;0;1;1;-29,74980902;-51,15125361;"SPRF-RS";"DEL01-RS";"UOP02-DEL01-RS"
510752;2023-03-15;"quarta-feira";"20:20:00";"RJ";393;258,6;"BARRA DO PIRAI";"Transitar na contramão";"Colisão frontal";"Com Vítimas Feridas";"Plena Noite";"Decrescente";"Nublado";"Simples";"Reta";"Sim";3;0;0;2;1;0;2;2;-22,4514837;-43,82691483;"SPRF-RJ";"DEL05-RJ";"UOP04-DEL05-RJ"
510753;2023-03-15;"quarta-feira";"18:20:00";"CE";222;65,5;"SAO GONCALO DO AMARANTE";"Pista em desnível";"Tombamento";"Com Vítimas Feridas";"Plena Noite";"Crescente";"Garoa/Chuvisco";"Simples";"Em Obras;Reta";"Não";2;0;1;1;0;0;2;1;-3,67074776;-39,12494698;"SPRF-CE";"DEL01-CE";"UOP03-DEL01-CE"
510754;2023-03-15;"quarta-feira";"20:00:00";"PR";369;185;"ARAPONGAS";"Acessar a via sem observar a presença dos outros veículos";"Colisão transversal";"Com Vítimas Feridas";"Plena Noite";"Decrescente";"Céu Claro";"Simples";"Reta;Interseção de Vias";"Sim";5;0;0;1;3;1;1;3;-23,42592122;-51,42326832;"SPRF-PR";"DEL07-PR";"UOP03-DEL07-PR"
510756;2023-03-10;"sexta-feira";"16:15:00";"PE";232;24,4;"MORENO";"Acessar a via sem observar a presença dos outros veículos";"Colisão traseira";"Sem Vítimas";"Anoitecer";"Crescente";"Céu Claro";"Dupla";"Reta";"Não";2;0;0;0;2;0;0;2;-8,10482918;-35,10351264;"SPRF-PE";"DEL01-PE";"UOP01-DEL01-PE"
510759;2023-03-15;"quarta-feira";"20:00:00";"PE";423;85;"SAO JOAO";"Acesso irregular";"Colisão lateral mesmo sentido";"Com Vítimas Feridas";"Plena Noite";"Decrescente";"Céu Claro";"Simples";"Reta";"Não";2;0;1;0;1;0;1;2;-8,80610593;-36,44168015;"SPRF-PE";"DEL03-PE";"UOP01-DEL03-PE"
510760;2023-03-15;"quarta-feira";"20:35:00";"GO";40;5;"VALPARAISO DE GOIAS";"Acessar a via sem observar a presença dos outros veículos";"Colisão transversal";"Com Vítimas Feridas";"Plena Noite";"Decrescente";"Nublado";"Dupla";"Retorno Regulamentado;Reta";"Sim";3;0;2;0;1;0;2;2;-16,09333049;-47,98190832;"SPRF-DF";"DEL01-DF";"UOP01-DEL01-DF"
510761;2023-03-15;"quarta-feira";"18:30:00";"SC";101;282,6;"IMBITUBA";"Velocidade Incompatível";"Tombamento";"Com Vítimas Feridas";"Anoitecer";"Crescente";"Céu Claro";"Simples";"Rotatória;Viaduto";"Não";2;0;1;0;1;0;1;2;-28,21513145;-48,70019853;"SPRF-SC";"DEL02-SC";"UOP03-DEL02-SC"
510763;2023-03-15;"quarta-feira";"20:24:00";"SC";280;124,8;"RIO NEGRINHO";"Acessar a via sem observar a presença dos outros veículos";"Colisão transversal";"Com Vítimas Feridas";"Plena Noite";"Decrescente";"Céu Claro";"Simples";"Reta";"Sim";2;0;1;0;1;0;1;2;-26,24130297;-49,47514499;"SPRF-SC";"DEL06-SC";"UOP03-DEL06-SC"
510764;2023-03-15;"quarta-feira";"17:30:00";"PR";163;246;"TOLEDO";"Condutor deixou de manter distância do veículo da frente";"Colisão traseira";"Com Vítimas Feridas";"Pleno dia";"Crescente";"Nublado";"Múltipla";"Reta;Interseção de Vias;Viaduto";"Sim";5;0;1;0;4;0;1;2;-24,69792481;-53,7377505;"SPRF-PR";"DEL06-PR";"UOP02-DEL06-PR"
510766;2023-03-15;"quarta-feira";"10:00:00";"MT";174;371;"CONQUISTA DOESTE";"Manobra de mudança de faixa";"Saída de leito carroçável";"Com Vítimas Feridas";"Pleno dia";"Crescente";"Nublado";"Simples";"Reta";"Não";1;0;0;1;0;0;1;1;-14,59948734;-59,49960618;"SPRF-MT";"DEL04-MT";"UOP01-DEL04-MT"
510767;2023-03-15;"quarta-feira";"18:15:00";"AC";364;135;"RIO BRANCO";"Pista Escorregadia";"Colisão lateral mesmo sentido";"Com Vítimas Feridas";"Plena Noite";"Crescente";"Garoa/Chuvisco";"Dupla";"Reta";"Sim";4;0;1;0;3;0;1;4;-9,98588117;-67,84523538;"SPRF-AC";"DEL01-AC";"UOP01-DEL01-AC"
510768;2023-03-15;"quarta-feira";"20:50:00";"MG";40;553,5;"NOVA LIMA";"Demais falhas mecânicas ou elétricas";"Incêndio";"Sem Vítimas";"Plena Noite";"Decrescente";"Nublado";"Dupla";"Reta";"Sim";1;0;0;0;1;0;0;1;-20,06863326;-43,98194759;"SPRF-MG";"DEL01-MG";"UOP02-DEL01-MG"
510770;2023-03-15;"quarta-feira";"21:45:00";"RS";392;102;"MORRO REDONDO";"Demais falhas mecânicas ou elétricas";"Saída de leito carroçável";"Com Vítimas Feridas";"Plena Noite";"Decrescente";"Céu Claro";"Simples";"Reta";"Não";2;0;2;0;0;0;2;1;-31,52321383;-52,59145883;"SPRF-RS";"DEL07-RS";"UOP01-DEL07-RS"
510771;2023-03-15;"quarta-feira";"19:40:00";"MT";163;115;"RONDONOPOLIS";"Acostamento em desnível";"Saída de leito carroçável";"Com Vítimas Feridas";"Plena Noite";"Decrescente";"Nublado";"Dupla";"Declive;Reta";"Não";1;0;1;0;0;0;1;1;-16,53799506;-54,66666488;"SPRF-MT";"DEL02-MT";"UOP01-DEL02-MT"
510772;2023-03-15;"quarta-feira";"21:45:00";"SE";101;180;"UMBAUBA";"Ausência de reação do condutor";"Colisão com objeto";"Com Vítimas Feridas";"Plena Noite";"Decrescente";"Garoa/Chuvisco";"Simples";"Curva";"Não";1;0;0;1;0;0;1;1;-11,36478008;-37,63993699;"SPRF-SE";"DEL02-SE";"UOP03-DEL02-SE"
510774;2023-03-15;"quarta-feira";"17:55:00";"SC";101;289,2;"IMBITUBA";"Condutor usando celular";"Saída de leito carroçável";"Com Vítimas Feridas";"Anoitecer";"Decrescente";"Céu Claro";"Dupla";"Reta";"Não";1;0;1;0;0;0;1;1;-28,25395282;-48,70289554;"SPRF-SC";"DEL02-SC";"UOP03-DEL02-SC"
510775;2023-03-15;"quarta-feira";"21:15:00";"PA";230;1123;"ITAITUBA";"Demais falhas na via";"Queda de ocupante de veículo";"Sem Vítimas";"Plena Noite";"Decrescente";"Nublado";"Simples";"Reta";"Não";1;0;0;0;0;1;0;1;-4,38069175;-55,86300009;"SPRF-PA";"DEL05-PA";"UOP02-DEL05-PA"
510778;2023-03-15;"quarta-feira";"22:00:00";"PE";101;17;"GOIANA";"Entrada inopinada do pedestre";"Atropelamento de Pedestre";"Com Vítimas Feridas";"Plena Noite";"Decrescente";"Céu Claro";"Dupla";"Reta";"Não";2;0;0;1;0;1;1;2;-7,64064477;-34,95599769;"SPRF-PE";"DEL01-PE";"UOP02-DEL01-PE"
510779;2023-03-15;"quarta-feira";"23:00:00";"SC";101;99,3;"BALNEARIO PICARRAS";"Reação tardia ou ineficiente do condutor";"Colisão com objeto";"Sem Vítimas";"Plena Noite";"Decrescente";"Garoa/Chuvisco";"Dupla";"Curva";"Não";1;0;0;0;0;1;0;1;-26,7471002;-48,69654831;"SPRF-SC";"DEL03-SC";"UOP02-DEL03-SC"
510780;2023-03-15;"quarta-feira";"22:45:00";"SP";381;86;"SAO PAULO";"Ausência de reação do condutor";"Colisão traseira";"Com Vítimas Feridas";"Plena Noite";"Crescente";"Céu Claro";"Múltipla";"Curva";"Sim";2;0;2;0;0;0;2;2;-23,45930499;-46,57161179;"SPRF-SP";"DEL03-SP";"UOP01-DEL03-SP"
510782;2023-03-15;"quarta-feira";"23:10:00";"RJ";101;69;"CAMPOS DOS GOYTACAZES";"Animais na Pista";"Atropelamento de Animal";"Com Vítimas Feridas";"Plena Noite";"Crescente";"Céu Claro";"Simples";"Reta";"Não";1;0;1;0;0;0;1;1;-21,77624383;-41,3653321;"SPRF-RJ";"DEL08-RJ";"UOP02-DEL08-RJ"
510783;2023-03-15;"quarta-feira";"22:15:00";"MG";116;700,7;"MURIAE";"Desrespeitar a preferência no cruzamento";"Colisão transversal";"Com Vítimas Feridas";"Plena Noite";"Decrescente";"Nublado";"Simples";"Interseção de Vias";"Sim";2;0;1;0;1;0;1;2;-21,11182043;-42,38085877;"SPRF-MG";"DEL07-MG";"UOP02-DEL07-MG"
510787;2023-03-15;"quarta-feira";"23:15:00";"MG";354;745,7;"POUSO ALTO";"Velocidade Incompatível";"Colisão com objeto";"Com Vítimas Feridas";"Plena Noite";"Decrescente";"Céu Claro";"Simples";"Interseção de Vias";"Sim";1;0;0;1;0;0;1;1;-22,25480842;-44,92814626;"SPRF-MG";"DEL17-MG";"UOP01-DEL17-MG"
510789;2023-03-15;"quarta-feira";"21:10:00";"MA";226;306;"BARRA DO CORDA";"Acessar a via sem observar a presença dos outros veículos";"Atropelamento de Pedestre";"Com Vítimas Fatais";"Plena Noite";"Decrescente";"Nublado";"Simples";"Reta";"Sim";2;1;0;0;1;0;0;2;-5,46803891;-45,28368284;"SPRF-MA";"DEL06-MA";"UOP01-DEL06-MA"
510790;2023-03-16;"quinta-feira";"01:00:00";"PR";277;128;"BALSA NOVA";"Reação tardia ou ineficiente do condutor";"Colisão com objeto";"Com Vítimas Feridas";"Plena Noite";"Decrescente";"Ignorado";"Simples";"Reta";"Não";1;0;1;0;0;0;1;1;-25,468578;-49,629203;"SPRF-PR";"DEL03-PR";"UOP03-DEL03-PR"
510794;2023-03-16;"quinta-feira";"03:30:00";"RS";386;30,7;"FREDERICO WESTPHALEN";"Ausência de reação do condutor";"Saída de leito carroçável";"Com Vítimas Fatais";"Plena Noite";"Crescente";"Nublado";"Simples";"Curva";"Não";2;1;1;0;0;0;1;1;-27,327456;-53,376171;"SPRF-RS";"DEL08-RS";"UOP02-DEL08-RS"
510798;2023-03-16;"quinta-feira";"02:00:00";"PR";163;50;"PRANCHITA";"Avarias e/ou desgaste excessivo no pneu";"Saída de leito carroçável";"Sem Vítimas";"Amanhecer";"Crescente";"Céu Claro";"Simples";"Curva";"Não";1;0;0;0;1;0;0;1;-25,942775;-53,728711;"SPRF-PR";"DEL02-PR";"UOP02-DEL02-PR"
510800;2023-03-15;"quarta-feira";"15:00:00";"RS";285;566;"SAO LUIZ GONZAGA";"Acessar a via sem observar a presença dos outros veículos";"Colisão transversal";"Sem Vítimas";"Pleno dia";"Crescente";"Chuva";"Simples";"Reta";"Não";2;0;0;0;2;0;0;2;-28,419132;-54,956936;"SPRF-RS";"DEL10-RS";"UOP01-DEL10-RS"
510801;2023-03-15;"quarta-feira";"21:00:00";"PI";316;315;"PICOS";"Acesso irregular";"Colisão frontal";"Com Vítimas Feridas";"Plena Noite";"Crescente";"Céu Claro";"Simples";"Reta";"Sim";2;0;0;1;1;0;1;2;-7,07951262;-41,43236492;"SPRF-PI";"DEL04-PI";"UOP01-DEL04-PI"
510803;2023-03-16;"quinta-feira";"06:15:00";"MG";50;201;"DELTA";"Condutor Dormindo";"Colisão com objeto";"Sem Vítimas";"Pleno dia";"Crescente";"Nublado";"Dupla";"Em Obras;Reta";"Não";1;0;0;0;1;0;0;1;-19,936874;-47,814676;"SPRF-MG";"DEL13-MG";"UOP01-DEL13-MG"
510804;2023-03-15;"quarta-feira";"22:00:00";"SC";282;634;"DESCANSO";"Reação tardia ou ineficiente do condutor";"Saída de leito carroçável";"Com Vítimas Feridas";"Plena Noite";"Crescente";"Ignorado";"Simples";"Curva";"Não";1;0;1;0;0;0;1;1;-26,825808;-53,420979;"SPRF-SC";"DEL07-SC";"UOP03-DEL07-SC"
510809;2023-03-16;"quinta-feira";"07:20:00";"BA";116;426;"FEIRA DE SANTANA";"Declive acentuado";"Tombamento";"Com Vítimas Feridas";"Pleno dia";"Decrescente";"Céu Claro";"Simples";"Reta";"Sim";1;0;1;0;0;0;1;1;-12,24420407;-38,98563987;"SPRF-BA";"DEL02-BA";"UOP01-DEL02-BA"
510812;2023-03-16;"quinta-feira";"06:29:00";"PI";343;341,3;"TERESINA";"Condutor deixou de manter distância do veículo da frente";"Colisão traseira";"Com Vítimas Feridas";"Pleno dia";"Decrescente";"Nublado";"Dupla";"Interseção de Vias;Em Obras;Declive";"Sim";2;0;1;0;1;0;1;2;-5,077812;-42,744255;"SPRF-PI";"DEL01-PI";"UOP01-DEL01-PI"
510814;2023-03-16;"quinta-feira";"07:51:00";"RS";116;270;"CANOAS";"Reação tardia ou ineficiente do condutor";"Colisão traseira";"Com Vítimas Feridas";"Pleno dia";"Crescente";"Céu Claro";"Múltipla";"Reta";"Sim";2;0;1;0;1;0;1;2;-29,96839095;-51,17623895;"SPRF-RS";"DEL01-RS";"UOP01-DEL01-RS"
510816;2023-03-16;"quinta-feira";"08:00:00";"SC";101;128,8;"BALNEARIO CAMBORIU";"Reação tardia ou ineficiente do condutor";"Tombamento";"Com Vítimas Feridas";"Amanhecer";"Crescente";"Céu Claro";"Dupla";"Curva";"Não";1;0;1;0;0;0;1;1;-26,97284292;-48,68299451;"SPRF-SC";"DEL04-SC";"UOP03-DEL04-SC"
510818;2023-03-16;"quinta-feira";"07:50:00";"DF";70;1,5;"BRASILIA";"Manobra de mudança de faixa";"Colisão lateral mesmo sentido";"Com Vítimas Feridas";"Pleno dia";"Decrescente";"Chuva";"Dupla";"Reta";"Sim";2;0;1;0;1;0;1;2;-15,795264;-48,063801;"SPRF-DF";"DEL03-DF";"UOP02-DEL03-DF"
510821;2023-03-16;"quinta-feira";"06:50:00";"GO";50;100,5;"CRISTALINA";"Reação tardia ou ineficiente do condutor";"Saída de leito carroçável";"Sem Vítimas";"Pleno dia";"Crescente";"Céu Claro";"Dupla";"Reta";"Sim";1;0;0;0;1;0;0;1;-16,9309;-47,7117;"SPRF-DF";"DEL01-DF";"UOP02-DEL01-DF"
510822;2023-03-16;"quinta-feira";"05:30:00";"RO";364;425;"JARU";"Desrespeitar a preferência no cruzamento";"Colisão transversal";"Com Vítimas Feridas";"Amanhecer";"Decrescente";"Nublado";"Dupla";"Reta";"Sim";1;0;1;0;0;0;1;1;-10,43752488;-62,47169791;"SPRF-RO";"DEL03-RO";"UOP02-DEL03-RO"
510824;2023-03-14;"terça-feira";"20:35:00";"SC";101;254;"PAULO LOPES";"Reação tardia ou ineficiente do condutor";"Saída de leito carroçável";"Sem Vítimas";"Plena Noite";"Decrescente";"Nublado";"Múltipla";"Reta";"Sim";1;0;0;0;1;0;0;1;-27,97368802;-48,67940247;"SPRF-SC";"DEL02-SC";"UOP03-DEL02-SC"
510825;2023-03-16;"quinta-feira";"08:51:00";"RS";116;263;"CANOAS";"Ausência de reação do condutor";"Colisão lateral sentido oposto";"Sem Vítimas";"Pleno dia";"Crescente";"Céu Claro";"Dupla";"Reta";"Sim";2;0;0;0;2;0;0;2;-29,9054539805;-51,1767403113;"SPRF-RS";"DEL01-RS";"UOP01-DEL01-RS"
510827;2023-03-16;"quinta-feira";"08:30:00";"PR";369;161;"CAMBE";"Velocidade Incompatível";"Colisão traseira";"Com Vítimas Feridas";"Pleno dia";"Decrescente";"Céu Claro";"Dupla";"Reta;Aclive";"Não";3;0;1;0;1;1;1;2;-23,2929;-51,2674;"SPRF-PR";"DEL07-PR";"UOP01-DEL07-PR"
510829;2023-03-16;"quinta-feira";"08:00:00";"PR";116;11;"COLOMBO";"Condutor deixou de manter distância do veículo da frente";"Colisão traseira";"Com Vítimas Feridas";"Pleno dia";"Crescente";"Céu Claro";"Múltipla";"Reta";"Sim";2;0;1;0;0;1;1;2;-25,37232419;-49,13666032;"SPRF-PR";"DEL01-PR";"UOP02-DEL01-PR"
510830;2023-03-16;"quinta-feira";"07:20:00";"RJ";101;10;"CAMPOS DOS GOYTACAZES";"Ausência de reação do condutor";"Saída de leito carroçável";"Com Vítimas Feridas";"Pleno dia";"Decrescente";"Céu Claro";"Simples";"Curva";"Não";1;0;1;0;0;0;1;1;-21,30182895;-41,31899114;"SPRF-RJ";"DEL08-RJ";"UOP01-DEL08-RJ"
510831;2023-03-16;"quinta-feira";"08:20:00";"GO";153;508,7;"APARECIDA DE GOIANIA";"Condutor deixou de manter distância do veículo da frente";"Colisão traseira";"Com Vítimas Feridas";"Pleno dia";"Decrescente";"Céu Claro";"Dupla";"Declive;Reta";"Não";4;0;1;0;3;0;1;4;-16,7804;-49,2371;"SPRF-GO";"DEL01-GO";"UOP03-DEL01-GO"
510832;2023-03-16;"quinta-feira";"07:30:00";"RJ";101;38,9;"CAMPOS DOS GOYTACAZES";"Ausência de reação do condutor";"Saída de leito carroçável";"Com Vítimas Feridas";"Pleno dia";"Crescente";"Sol";"Simples";"Reta";"Não";2;0;1;0;1;0;1;1;-21,53334973;-41,3404255;"SPRF-RJ";"DEL08-RJ";"UOP01-DEL08-RJ"
510834;2023-03-16;"quinta-feira";"08:45:00";"PR";277;80;"CURITIBA";"Ausência de reação do condutor";"Colisão lateral mesmo sentido";"Com Vítimas Feridas";"Pleno dia";"Crescente";"Céu Claro";"Dupla";"Reta";"Sim";2;0;1;0;1;0;1;2;-25,568939;-49,181978;"SPRF-PR";"DEL01-PR";"UOP01-DEL01-PR"
510835;2023-02-25;"sábado";"00:45:00";"PR";158;536,7;"PATO BRANCO";"Acessar a via sem observar a presença dos outros veículos";"Colisão transversal";"Com Vítimas Feridas";"Plena Noite";"Crescente";"Céu Claro";"Simples";"Interseção de Vias";"Sim";3;0;1;0;2;0;1;2;-26,24248639;-52,69697646;"SPRF-PR";"DEL02-PR";"UOP01-DEL02-PR"
510836;2023-03-16;"quinta-feira";"09:00:00";"PE";101;70;"RECIFE";"Trafegar com motocicleta (ou similar) entre as faixas";"Colisão traseira";"Com Vítimas Feridas";"Pleno dia";"Decrescente";"Céu Claro";"Dupla";"Reta";"Sim";4;0;2;0;2;0;2;2;-8,075283;-34,942719;"SPRF-PE";"DEL01-PE";"UOP01-DEL01-PE"
510837;2023-03-16;"quinta-feira";"08:50:00";"ES";101;268;"SERRA";"Manobra de mudança de faixa";"Colisão lateral mesmo sentido";"Com Vítimas Feridas";"Pleno dia";"Crescente";"Céu Claro";"Múltipla";"Reta";"Não";2;0;1;0;0;1;1;2;-20,20842;-40,269405;"SPRF-ES";"DEL02-ES";"UOP01-DEL02-ES"
510840;2023-03-16;"quinta-feira";"09:00:00";"MG";381;859,1;"POUSO ALEGRE";"Demais falhas mecânicas ou elétricas";"Incêndio";"Com Vítimas Feridas";"Pleno dia";"Decrescente";"Céu Claro";"Dupla";"Reta";"Não";1;0;1;0;0;0;1;1;-22,31502956;-45,90425634;"SPRF-MG";"DEL16-MG";"UOP01-DEL16-MG"
510841;2023-03-16;"quinta-feira";"09:10:00";"SC";280;129;"RIO NEGRINHO";"Acessar a via sem observar a presença dos outros veículos";"Colisão transversal";"Com Vítimas Feridas";"Pleno dia";"Decrescente";"Céu Claro";"Simples";"Declive;Reta;Interseção de Vias";"Sim";2;0;1;1;0;0;2;2;-26,24396383;-49,51527357;"SPRF-SC";"DEL06-SC";"UOP03-DEL06-SC"
510842;2023-03-16;"quinta-feira";"08:50:00";"GO";40;5,1;"VALPARAISO DE GOIAS";"Acessar a via sem observar a presença dos outros veículos";"Colisão transversal";"Sem Vítimas";"Pleno dia";"Crescente";"Chuva";"Dupla";"Reta";"Sim";2;0;0;0;2;0;0;2;-16,093134;-47,982236;"SPRF-DF";"DEL01-DF";"UOP01-DEL01-DF"
510843;2023-03-16;"quinta-feira";"08:10:00";"SC";470;173,8;"POUSO REDONDO";"Acesso irregular";"Colisão frontal";"Com Vítimas Feridas";"Pleno dia";"Crescente";"Nublado";"Simples";"Reta;Aclive";"Sim";2;0;1;0;1;0;1;2;-27,25984;-49,919285;"SPRF-SC";"DEL04-SC";"UOP02-DEL04-SC"
510844;2023-03-16;"quinta-feira";"07:00:00";"RS";116;263;"CANOAS";"Ausência de reação do condutor";"Colisão traseira";"Com Vítimas Feridas";"Pleno dia";"Crescente";"Céu Claro";"Dupla";"Aclive;Viaduto";"Não";2;0;0;1;1;0;1;2;-29,90545398;-51,17674031;"SPRF-RS";"DEL01-RS";"UOP01-DEL01-RS"
510845;2023-03-16;"quinta-feira";"08:00:00";"RJ";116;177;"RIO DE JANEIRO";"Reação tardia ou ineficiente do condutor";"Colisão traseira";"Com Vítimas Feridas";"Pleno dia";"Decrescente";"Céu Claro";"Múltipla";"Reta";"Sim";3;0;2;0;1;0;2;2;-22,78055198;-43,39208599;"SPRF-RJ";"DEL01-RJ";"UOP02-DEL01-RJ"
510847;2023-03-12;"domingo";"19:30:00";"RJ";40;78;"PETROPOLIS";"Pista Escorregadia";"Colisão com objeto";"Com Vítimas Feridas";"Plena Noite";"Crescente";"Garoa/Chuvisco";"Dupla";"Curva;Declive";"Não";4;0;2;0;2;0;2;1;-22,48485874;-43,22843406;"SPRF-RJ";"DEL06-RJ";"UOP01-DEL06-RJ"
510850;2023-03-16;"quinta-feira";"07:20:00";"SC";101;43;"JOINVILLE";"Manobra de mudança de faixa";"Colisão lateral mesmo sentido";"Com Vítimas Feridas";"Pleno dia";"Crescente";"Céu Claro";"Múltipla";"Reta";"Não";2;0;1;0;1;0;1;2;-26,33034532;-48,8627243;"SPRF-SC";"DEL03-SC";"UOP01-DEL03-SC"
510851;2023-03-16;"quinta-feira";"10:00:00";"SC";101;130;"BALNEARIO CAMBORIU";"Condutor deixou de manter distância do veículo da frente";"Colisão traseira";"Sem Vítimas";"Pleno dia";"Decrescente";"Céu Claro";"Simples";"Reta";"Sim";2;0;0;0;1;1;0;2;-26,98407618;-48,66977107;"SPRF-SC";"DEL04-SC";"UOP03-DEL04-SC"
510852;2023-03-12;"domingo";"23:00:00";"RJ";40;78;"PETROPOLIS";"Velocidade Incompatível";"Colisão com objeto";"Com Vítimas Feridas";"Plena Noite";"Decrescente";"Garoa/Chuvisco";"Dupla";"Curva;Declive";"Não";3;0;2;0;0;1;2;2;-22,48485874;-43,22843406;"SPRF-RJ";"DEL06-RJ";"UOP01-DEL06-RJ"
510854;2023-03-05;"domingo";"05:30:00";"PR";116;126;"CURITIBA";"Condutor desrespeitou a iluminação vermelha do semáforo";"Colisão transversal";"Com Vítimas Feridas";"Amanhecer";"Decrescente";"Céu Claro";"Dupla";"Interseção de Vias";"Sim";3;0;2;0;0;1;2;2;-25,60389895;-49,31824423;"SPRF-PR";"DEL01-PR";"UOP03-DEL01-PR"
510855;2023-03-16;"quinta-feira";"09:55:00";"RS";471;150,5;"SANTA CRUZ DO SUL";"Acessar a via sem observar a presença dos outros veículos";"Colisão transversal";"Com Vítimas Feridas";"Pleno dia";"Decrescente";"Céu Claro";"Múltipla";"Reta;Retorno Regulamentado;Interseção de Vias";"Sim";2;0;0;1;1;0;1;2;-29,817495;-52,403397;"SPRF-RS";"DEL02-RS";"UOP03-DEL02-RS"