"id";"data_inversa";"dia_semana";"horario";"uf";"br";"km";"municipio";"causa_acidente";"tipo_acidente";"classificacao_acidente";"fase_dia";"sentido_via";"condicao_metereologica";"tipo_pista";"tracado_via";"uso_solo";"pessoas";"mortos";"feridos_leves";"feridos_graves";"ilesos";"ignorados";"feridos";"veiculos";"latitude";"longitude";"regional";"delegacia";"uop"
510856;2023-03-16;"quinta-feira";"09:23:00";"MA";135;34;"BACABEIRA";"Reação tardia ou ineficiente do condutor";"Capotamento";"Com Vítimas Feridas";"Pleno dia";"Crescente";"Céu Claro";"Dupla";"Reta";"Não";3;0;3;0;0;0;3;2;-2,840086;-44,37459507;"SPRF-MA";"DEL01-MA";"UOP01-DEL01-MA"
510857;2023-03-16;"quinta-feira";"11:30:00";"SP";116;224;"GUARULHOS";"Reação tardia ou ineficiente do condutor";"Tombamento";"Com Vítimas Feridas";"Pleno dia";"Crescente";"Céu Claro";"Dupla";"Reta";"Sim";2;0;1;0;1;0;1;2;-23,48071896;-46,53271603;"SPRF-SP";"DEL01-SP";"UOP01-DEL01-SP"
510858;2023-03-16;"quinta-feira";"07:45:00";"PR";376;310,2;"ORTIGUEIRA";"Ausência de reação do condutor";"Capotamento";"Com Vítimas Feridas";"Pleno dia";"Crescente";"Céu Claro";"Dupla";"Reta;Aclive";"Não";2;0;0;1;1;0;1;1;-23,93754544;-51,12333298;"SPRF-PR";"DEL07-PR";"UOP02-DEL07-PR"
510861;2023-03-16;"quinta-feira";"10:20:00";"RJ";101;495,7;"ANGRA DOS REIS";"Transitar na contramão";"Colisão frontal";"Com Vítimas Fatais";"Pleno dia";"Crescente";"Céu Claro";"Simples";"Curva";"Não";6;1;5;0;0;0;5;2;-22,93180313;-44,32178488;"SPRF-RJ";"DEL03-RJ";"UOP03-DEL03-RJ"
510862;2023-03-16;"quinta-feira";"11:34:00";"SC";101;214;"PALHOCA";"Desrespeitar a preferência no cruzamento";"Colisão transversal";"Com Vítimas Feridas";"Pleno dia";"Crescente";"Céu Claro";"Dupla";"Reta";"Sim";2;0;0;1;1;0;1;2;-27,64443;-48,67057;"SPRF-SC";"DEL01-SC";"UOP02-DEL01-SC"
510863;2023-02-04;"sábado";"18:20:00";"PB";230;86;"CALDAS BRANDAO";"Reação tardia ou ineficiente do condutor";"Colisão traseira";"Sem Vítimas";"Plena Noite";"Decrescente";"Céu Claro";"Simples";"Reta";"Sim";4;0;0;0;2;2;0;3;-7,168183;-35,350528;"SPRF-PB";"DEL01-PB";"UOP03-DEL01-PB"
510867;2023-03-16;"quinta-feira";"12:05:00";"BA";324;517;"FEIRA DE SANTANA";"Acesso irregular";"Colisão transversal";"Com Vítimas Feridas";"Pleno dia";"Crescente";"Céu Claro";"Simples";"Reta";"Não";2;0;0;1;1;0;1;2;-12,24953308;-38,93362525;"SPRF-BA";"DEL02-BA";"UOP01-DEL02-BA"
510868;2023-03-10;"sexta-feira";"07:20:00";"MS";60;65,7;"PARAISO DAS AGUAS";"Ultrapassagem Indevida";"Saída de leito carroçável";"Com Vítimas Feridas";"Pleno dia";"Crescente";"Sol";"Simples";"Aclive;Reta";"Não";4;0;1;2;0;1;3;2;-19,0533989;-53,01508438;"SPRF-MS";"DEL06-MS";"UOP02-DEL06-MS"
510869;2023-03-16;"quinta-feira";"11:30:00";"ES";393;2,5;"CACHOEIRO DE ITAPEMIRIM";"Conversão proibida";"Colisão transversal";"Com Vítimas Feridas";"Pleno dia";"Crescente";"Céu Claro";"Simples";"Interseção de Vias";"Sim";2;0;0;1;1;0;1;2;-20,83242503;-41,17491003;"SPRF-ES";"DEL03-ES";"UOP02-DEL03-ES"
510871;2023-03-16;"quinta-feira";"11:45:00";"RS";116;453,6;"SAO LOURENCO DO SUL";"Acesso irregular";"Colisão transversal";"Com Vítimas Feridas";"Pleno dia";"Crescente";"Sol";"Dupla";"Reta;Em Obras";"Não";3;0;1;0;2;0;1;2;-31,22115587;-52,01062788;"SPRF-RS";"DEL02-RS";"UOP02-DEL02-RS"
510872;2023-03-16;"quinta-feira";"11:00:00";"RJ";116;186;"NOVA IGUACU";"Reação tardia ou ineficiente do condutor";"Engavetamento";"Com Vítimas Feridas";"Pleno dia";"Decrescente";"Céu Claro";"Dupla";"Reta";"Não";3;0;1;0;2;0;1;1;-22,73962339;-43,46276495;"SPRF-RJ";"DEL01-RJ";"UOP02-DEL01-RJ"
510873;2023-02-17;"sexta-feira";"04:35:00";"RN";304;38;"MOSSORO";"Ingestão de álcool e/ou substâncias psicoativas pelo pedestre";"Atropelamento de Pedestre";"Com Vítimas Feridas";"Pleno dia";"Decrescente";"Céu Claro";"Dupla";"Reta";"Sim";2;0;0;2;0;0;2;2;-5,18138457;-37,36832252;"SPRF-RN";"DEL04-RN";"UOP02-DEL04-RN"
510876;2023-03-16;"quinta-feira";"10:30:00";"PE";101;66,1;"RECIFE";"Velocidade Incompatível";"Colisão lateral mesmo sentido";"Com Vítimas Feridas";"Pleno dia";"Decrescente";"Nublado";"Dupla";"Reta";"Sim";2;0;1;0;1;0;1;2;-8,035095;-34,941335;"SPRF-PE";"DEL01-PE";"UOP01-DEL01-PE"
510877;2023-03-16;"quinta-feira";"11:50:00";"PR";376;600,5;"CURITIBA";"Manobra de mudança de faixa";"Colisão lateral mesmo sentido";"Com Vítimas Feridas";"Pleno dia";"Decrescente";"Nublado";"Dupla";"Reta";"Sim";4;0;1;0;3;0;1;2;-25,53295443;-49,31999803;"SPRF-PR";"DEL01-PR";"UOP06-DEL01-PR"
510879;2023-03-16;"quinta-feira";"12:40:00";"PR";376;600;"CURITIBA";"Pedestre cruzava a pista fora da faixa";"Atropelamento de Pedestre";"Com Vítimas Feridas";"Pleno dia";"Crescente";"Sol";"Dupla";"Reta";"Sim";2;0;2;0;0;0;2;2;-25,53195602;-49,32205901;"SPRF-PR";"DEL01-PR";"UOP06-DEL01-PR"
510880;2023-03-12;"domingo";"21:42:00";"SC";282;516;"XAXIM";"Ausência de reação do condutor";"Saída de leito carroçável";"Sem Vítimas";"Plena Noite";"Decrescente";"Céu Claro";"Simples";"Aclive;Curva";"Não";1;0;0;0;0;1;0;1;-26,930862;-52,499157;"SPRF-SC";"DEL07-SC";"UOP01-DEL07-SC"
510881;2023-03-16;"quinta-feira";"13:00:00";"SP";116;228;"SAO PAULO";"Ausência de reação do condutor";"Colisão lateral mesmo sentido";"Com Vítimas Feridas";"Pleno dia";"Crescente";"Céu Claro";"Múltipla";"Reta";"Sim";2;0;1;0;1;0;1;2;-23,50343484;-46,56638712;"SPRF-SP";"DEL01-SP";"UOP01-DEL01-SP"
510882;2023-03-16;"quinta-feira";"11:03:00";"MS";163;499,6;"CAMPO GRANDE";"Acumulo de água sobre o pavimento";"Saída de leito carroçável";"Com Vítimas Feridas";"Pleno dia";"Crescente";"Chuva";"Dupla";"Curva";"Não";4;0;4;0;0;0;4;1;-20,334964;-54,518658;"SPRF-MS";"DEL01-MS";"UOP02-DEL01-MS"
510888;2023-03-16;"quinta-feira";"12:50:00";"MS";163;680;"RIO VERDE DE MATO GROSSO";"Entrada inopinada do pedestre";"Atropelamento de Pedestre";"Com Vítimas Feridas";"Pleno dia";"Crescente";"Céu Claro";"Simples";"Reta";"Sim";3;0;1;0;2;0;1;2;-18,90701005;-54,84077521;"SPRF-MS";"DEL06-MS";"UOP02-DEL06-MS"
510889;2023-03-16;"quinta-feira";"14:00:00";"PE";101;67;"RECIFE";"Trafegar com motocicleta (ou similar) entre as faixas";"Colisão lateral mesmo sentido";"Com Vítimas Feridas";"Pleno dia";"Crescente";"Céu Claro";"Dupla";"Reta";"Sim";2;0;1;0;1;0;1;2;-8,042334;-34,943096;"SPRF-PE";"DEL01-PE";"UOP01-DEL01-PE"
510890;2023-03-16;"quinta-feira";"12:41:00";"MS";163;9;"MUNDO NOVO";"Demais falhas mecânicas ou elétricas";"Colisão com objeto";"Com Vítimas Feridas";"Pleno dia";"Crescente";"Céu Claro";"Simples";"Reta";"Não";1;0;1;0;0;0;1;1;-23,981685;-54,331036;"SPRF-MS";"DEL09-MS";"UOP02-DEL09-MS"
510891;2023-03-16;"quinta-feira";"13:44:00";"RS";116;263;"CANOAS";"Ausência de reação do condutor";"Colisão lateral mesmo sentido";"Com Vítimas Feridas";"Pleno dia";"Crescente";"Céu Claro";"Dupla";"Viaduto";"Sim";3;0;1;0;2;0;1;2;-29,90545398;-51,17674031;"SPRF-RS";"DEL01-RS";"UOP01-DEL01-RS"
510895;2023-03-16;"quinta-feira";"15:00:00";"GO";414;373;"COCALZINHO DE GOIAS";"Reação tardia ou ineficiente do condutor";"Colisão traseira";"Com Vítimas Feridas";"Pleno dia";"Decrescente";"Nublado";"Dupla";"Aclive;Retorno Regulamentado";"Sim";5;0;3;0;2;0;3;2;-15,76586403;-48,75849366;"SPRF-GO";"DEL02-GO";"UOP01-DEL02-GO"
510896;2023-03-16;"quinta-feira";"15:00:00";"SC";101;148;"ITAPEMA";"Avarias e/ou desgaste excessivo no pneu";"Tombamento";"Com Vítimas Feridas";"Pleno dia";"Decrescente";"Céu Claro";"Múltipla";"Reta";"Sim";1;0;0;1;0;0;1;1;-27,10123686;-48,61807962;"SPRF-SC";"DEL04-SC";"UOP03-DEL04-SC"
510898;2023-03-16;"quinta-feira";"14:00:00";"MG";153;114;"PRATA";"Ausência de reação do condutor";"Colisão com objeto";"Com Vítimas Feridas";"Pleno dia";"Crescente";"Céu Claro";"Simples";"Declive;Reta";"Não";2;0;2;0;0;0;2;1;-19,34053794;-48,90019179;"SPRF-MG";"DEL15-MG";"UOP03-DEL15-MG"
510899;2023-03-16;"quinta-feira";"13:00:00";"SP";116;290;"ITAPECERICA DA SERRA";"Pedestre andava na pista";"Atropelamento de Pedestre";"Com Vítimas Feridas";"Pleno dia";"Decrescente";"Céu Claro";"Dupla";"Reta";"Não";2;0;1;0;1;0;1;2;-23,7303281;-46,89425963;"SPRF-SP";"DEL04-SP";"UOP01-DEL04-SP"
510902;2023-03-16;"quinta-feira";"15:30:00";"RJ";116;312,6;"RESENDE";"Condutor deixou de manter distância do veículo da frente";"Colisão traseira";"Com Vítimas Feridas";"Pleno dia";"Decrescente";"Céu Claro";"Dupla";"Reta";"Não";2;0;1;0;1;0;1;2;-22,46068623;-44,45262504;"SPRF-RJ";"DEL07-RJ";"UOP02-DEL07-RJ"
510905;2023-03-16;"quinta-feira";"14:50:00";"PE";101;67,1;"RECIFE";"Acessar a via sem observar a presença dos outros veículos";"Colisão transversal";"Com Vítimas Feridas";"Pleno dia";"Decrescente";"Céu Claro";"Dupla";"Reta";"Sim";2;0;1;0;1;0;1;2;-8,04361;-34,943462;"SPRF-PE";"DEL01-PE";"UOP01-DEL01-PE"
510906;2023-03-07;"terça-feira";"20:00:00";"MG";365;856;"SANTA VITORIA";"Objeto estático sobre o leito carroçável";"Colisão com objeto";"Com Vítimas Feridas";"Plena Noite";"Crescente";"Chuva";"Simples";"Reta";"Não";1;0;1;0;0;0;1;1;-19,0305979;-50,37297203;"SPRF-MG";"DEL15-MG";"UOP03-DEL15-MG"
510908;2023-03-08;"quarta-feira";"18:40:00";"SP";381;59;"MAIRIPORA";"Ausência de reação do condutor";"Atropelamento de Pedestre";"Com Vítimas Feridas";"Plena Noite";"Decrescente";"Ignorado";"Dupla";"Reta";"Sim";2;0;0;1;0;1;1;2;-23,28270705;-46,58787791;"SPRF-SP";"DEL03-SP";"UOP01-DEL03-SP"
510909;2023-03-16;"quinta-feira";"02:00:00";"ES";262;72;"MARECHAL FLORIANO";"Condutor Dormindo";"Saída de leito carroçável";"Com Vítimas Feridas";"Plena Noite";"Crescente";"Ignorado";"Dupla";"Reta";"Não";2;0;2;0;0;0;2;1;-20,41677712;-40,87962862;"SPRF-ES";"DEL01-ES";"UOP02-DEL01-ES"
510911;2023-03-16;"quinta-feira";"16:00:00";"MG";381;925;"ITAPEVA";"Velocidade Incompatível";"Capotamento";"Com Vítimas Feridas";"Pleno dia";"Crescente";"Sol";"Dupla";"Curva;Declive";"Não";2;0;0;2;0;0;2;1;-22,777207;-46,23911301;"SPRF-MG";"DEL16-MG";"UOP03-DEL16-MG"
510912;2023-03-16;"quinta-feira";"16:30:00";"RJ";116;110;"GUAPIMIRIM";"Ausência de reação do condutor";"Queda de ocupante de veículo";"Com Vítimas Feridas";"Pleno dia";"Decrescente";"Céu Claro";"Dupla";"Curva";"Sim";1;0;1;0;0;0;1;1;-22,55073275;-42,98968744;"SPRF-RJ";"DEL04-RJ";"UOP01-DEL04-RJ"
510914;2023-03-16;"quinta-feira";"16:45:00";"MG";381;708;"NEPOMUCENO";"Demais falhas mecânicas ou elétricas";"Eventos atípicos";"Com Vítimas Feridas";"Pleno dia";"Crescente";"Céu Claro";"Dupla";"Aclive;Curva";"Não";2;0;0;1;0;1;1;2;-21,370524;-45,188652;"SPRF-MG";"DEL04-MG";"UOP02-DEL04-MG"
510915;2023-03-16;"quinta-feira";"15:40:00";"MA";135;232;"PERITORO";"Chuva";"Saída de leito carroçável";"Com Vítimas Feridas";"Pleno dia";"Decrescente";"Céu Claro";"Simples";"Reta";"Não";2;0;0;2;0;0;2;1;-4,42686418;-44,36125185;"SPRF-MA";"DEL03-MA";"UOP01-DEL03-MA"
510916;2023-03-16;"quinta-feira";"16:00:00";"SP";381;52;"ATIBAIA";"Ausência de reação do condutor";"Colisão transversal";"Com Vítimas Feridas";"Pleno dia";"Decrescente";"Céu Claro";"Dupla";"Curva;Declive";"Não";2;0;2;0;0;0;2;2;-23,2300622;-46,59963076;"SPRF-SP";"DEL03-SP";"UOP01-DEL03-SP"
510917;2023-03-16;"quinta-feira";"16:30:00";"SC";280;58,6;"GUARAMIRIM";"Acessar a via sem observar a presença dos outros veículos";"Colisão transversal";"Com Vítimas Feridas";"Pleno dia";"Crescente";"Nublado";"Simples";"Em Obras;Curva";"Não";2;0;1;0;1;0;1;2;-26,47415593;-49,021211;"SPRF-SC";"DEL03-SC";"UOP03-DEL03-SC"
510918;2023-03-16;"quinta-feira";"15:40:00";"PR";277;416;"CANTAGALO";"Reação tardia ou ineficiente do condutor";"Capotamento";"Sem Vítimas";"Pleno dia";"Crescente";"Nublado";"Simples";"Curva";"Não";1;0;0;0;1;0;0;1;-25,41893506;-52,05342799;"SPRF-PR";"DEL04-PR";"UOP02-DEL04-PR"
510919;2023-03-16;"quinta-feira";"16:31:00";"PI";343;3,3;"TERESINA";"Condutor deixou de manter distância do veículo da frente";"Colisão traseira";"Sem Vítimas";"Pleno dia";"Decrescente";"Céu Claro";"Múltipla";"Interseção de Vias;Reta";"Sim";2;0;0;0;2;0;0;2;-5,089569;-42,802288;"SPRF-PI";"DEL01-PI";"UOP01-DEL01-PI"
510920;2023-03-16;"quinta-feira";"12:30:00";"MG";40;152,9;"JOAO PINHEIRO";"Demais falhas mecânicas ou elétricas";"Saída de leito carroçável";"Com Vítimas Feridas";"Pleno dia";"Decrescente";"Céu Claro";"Simples";"Reta";"Não";3;0;3;0;0;0;3;1;-17,807109;-46,134226;"SPRF-MG";"DEL14-MG";"UOP02-DEL14-MG"
510923;2023-03-16;"quinta-feira";"17:00:00";"PR";277;103,3;"CURITIBA";"Reação tardia ou ineficiente do condutor";"Colisão traseira";"Com Vítimas Feridas";"Pleno dia";"Crescente";"Céu Claro";"Dupla";"Aclive;Reta";"Não";2;0;1;0;1;0;1;2;-25,431326;-49,399026;"SPRF-PR";"DEL01-PR";"UOP06-DEL01-PR"
510924;2023-03-16;"quinta-feira";"17:45:00";"PR";376;310;"MAUA DA SERRA";"Velocidade Incompatível";"Colisão traseira";"Com Vítimas Feridas";"Pleno dia";"Decrescente";"Nublado";"Dupla";"Declive;Curva";"Não";6;0;0;2;4;0;2;2;-23,98736915;-51,08456976;"SPRF-PR";"DEL07-PR";"UOP02-DEL07-PR"
510927;2023-03-16;"quinta-feira";"18:15:00";"GO";40;40,1;"LUZIANIA";"Acessar a via sem observar a presença dos outros veículos";"Atropelamento de Pedestre";"Com Vítimas Fatais";"Anoitecer";"Crescente";"Garoa/Chuvisco";"Dupla";"Reta";"Não";4;1;0;0;2;1;0;2;-16,34274;-47,83544;"SPRF-DF";"DEL01-DF";"UOP02-DEL01-DF"
510928;2023-03-16;"quinta-feira";"18:00:00";"PR";277;586,3;"CASCAVEL";"Desrespeitar a preferência no cruzamento";"Colisão transversal";"Com Vítimas Feridas";"Pleno dia";"Decrescente";"Sol";"Simples";"Interseção de Vias";"Sim";3;0;2;0;1;0;2;2;-24,9649472;-53,4210459;"SPRF-PR";"DEL04-PR";"UOP01-DEL04-PR"
510930;2023-03-16;"quinta-feira";"18:40:00";"SP";116;229;"SAO PAULO";"Demais falhas mecânicas ou elétricas";"Incêndio";"Sem Vítimas";"Plena Noite";"Decrescente";"Céu Claro";"Múltipla";"Reta";"Não";2;0;0;0;2;0;0;1;-23,51291902;-46,57604698;"SPRF-SP";"DEL01-SP";"UOP01-DEL01-SP"
510933;2023-03-16;"quinta-feira";"18:45:00";"PR";116;13;"COLOMBO";"Reação tardia ou ineficiente do condutor";"Colisão traseira";"Com Vítimas Feridas";"Plena Noite";"Crescente";"Céu Claro";"Simples";"Reta";"Sim";2;0;1;0;1;0;1;2;-25,3785;-49,1564;"SPRF-PR";"DEL01-PR";"UOP02-DEL01-PR"
510935;2023-03-16;"quinta-feira";"18:00:00";"SP";116;91,9;"PINDAMONHANGABA";"Manobra de mudança de faixa";"Colisão lateral mesmo sentido";"Com Vítimas Feridas";"Anoitecer";"Crescente";"Nublado";"Dupla";"Reta";"Não";3;0;1;0;2;0;1;3;-22,94792286;-45,39587407;"SPRF-SP";"DEL08-SP";"UOP01-DEL08-SP"
510936;2023-03-16;"quinta-feira";"16:25:00";"SC";101;262;"PAULO LOPES";"Reação tardia ou ineficiente do condutor";"Saída de leito carroçável";"Com Vítimas Feridas";"Pleno dia";"Crescente";"Sol";"Dupla";"Reta";"Sim";1;0;1;0;0;0;1;1;-28,0353863;-48,70884453;"SPRF-SC";"DEL02-SC";"UOP03-DEL02-SC"
510937;2023-03-16;"quinta-feira";"18:40:00";"MS";262;5;"TRES LAGOAS";"Ausência de reação do condutor";"Atropelamento de Pedestre";"Com Vítimas Feridas";"Plena Noite";"Decrescente";"Chuva";"Dupla";"Reta";"Sim";4;0;3;0;0;1;3;2;-20,78201978;-51,66435;"SPRF-MS";"DEL07-MS";"UOP01-DEL07-MS"
510938;2023-03-16;"quinta-feira";"19:05:00";"PR";277;586;"CASCAVEL";"Desrespeitar a preferência no cruzamento";"Colisão transversal";"Com Vítimas Feridas";"Plena Noite";"Crescente";"Céu Claro";"Simples";"Reta";"Sim";2;0;1;0;0;1;1;2;-24,9649472;-53,4210459;"SPRF-PR";"DEL04-PR";"UOP01-DEL04-PR"
510941;2023-03-16;"quinta-feira";"12:20:00";"SC";280;243;"CANOINHAS";"Avarias e/ou desgaste excessivo no pneu";"Saída de leito carroçável";"Sem Vítimas";"Pleno dia";"Crescente";"Sol";"Simples";"Reta";"Não";1;0;0;0;1;0;0;1;-26,23350047;-50,47668595;"SPRF-SC";"DEL06-SC";"UOP04-DEL06-SC"
510942;2023-03-16;"quinta-feira";"16:15:00";"RS";158;365,1;"DILERMANDO DE AGUIAR";"Ausência de reação do condutor";"Saída de leito carroçável";"Com Vítimas Feridas";"Pleno dia";"Decrescente";"Céu Claro";"Simples";"Curva";"Não";3;0;2;1;0;0;3;1;-29,81636701;-54,13728298;"SPRF-RS";"DEL09-RS";"UOP01-DEL09-RS"
510943;2023-03-16;"quinta-feira";"19:30:00";"PR";369;129,1;"JATAIZINHO";"Ausência de reação do condutor";"Queda de ocupante de veículo";"Com Vítimas Feridas";"Plena Noite";"Crescente";"Céu Claro";"Dupla";"Reta";"Sim";1;0;1;0;0;0;1;1;-23,262541;-50,976781;"SPRF-PR";"DEL07-PR";"UOP01-DEL07-PR"
510944;2023-03-16;"quinta-feira";"20:35:00";"GO";153;528,6;"HIDROLANDIA";"Reação tardia ou ineficiente do condutor";"Tombamento";"Com Vítimas Feridas";"Plena Noite";"Decrescente";"Nublado";"Múltipla";"Reta;Aclive";"Sim";1;0;0;1;0;0;1;1;-16,9533;-49,2437;"SPRF-GO";"DEL01-GO";"UOP03-DEL01-GO"
510945;2023-03-16;"quinta-feira";"15:15:00";"SC";282;513;"XAXIM";"Velocidade Incompatível";"Colisão com objeto";"Sem Vítimas";"Pleno dia";"Crescente";"Céu Claro";"Simples";"Interseção de Vias;Aclive;Reta";"Não";1;0;0;0;1;0;0;1;-26,91486;-52,480682;"SPRF-SC";"DEL07-SC";"UOP01-DEL07-SC"
510946;2023-03-16;"quinta-feira";"20:00:00";"PE";101;81,8;"JABOATAO DOS GUARARAPES";"Acesso irregular";"Colisão transversal";"Com Vítimas Feridas";"Plena Noite";"Crescente";"Céu Claro";"Dupla";"Reta";"Não";3;0;1;1;0;1;2;2;-8,166734;-34,93811;"SPRF-PE";"DEL01-PE";"UOP01-DEL01-PE"
510947;2023-03-16;"quinta-feira";"19:00:00";"RJ";101;385;"RIO DE JANEIRO";"Reação tardia ou ineficiente do condutor";"Colisão com objeto";"Com Vítimas Feridas";"Plena Noite";"Crescente";"Ignorado";"Dupla";"Reta";"Não";1;0;1;0;0;0;1;1;-22,88064129;-43,63218994;"SPRF-RJ";"DEL03-RJ";"UOP01-DEL03-RJ"
510950;2023-03-16;"quinta-feira";"20:50:00";"PE";101;79;"RECIFE";"Velocidade Incompatível";"Saída de leito carroçável";"Com Vítimas Feridas";"Plena Noite";"Crescente";"Céu Claro";"Dupla";"Curva";"Não";1;0;0;1;0;0;1;1;-8,14366112;-34,94723453;"SPRF-PE";"DEL01-PE";"UOP01-DEL01-PE"
510952;2023-03-16;"quinta-feira";"19:40:00";"PR";476;197;"LAPA";"Velocidade Incompatível";"Colisão com objeto";"Com Vítimas Feridas";"Plena Noite";"Decrescente";"Nublado";"Simples";"Interseção de Vias";"Sim";1;0;1;0;0;0;1;1;-25,759378;-49,73254;"SPRF-PR";"DEL01-PR";"UOP06-DEL01-PR"
510955;2023-03-16;"quinta-feira";"19:30:00";"CE";116;11;"FORTALEZA";"Ingestão de álcool ou de substâncias psicoativas pelo pedestre";"Atropelamento de Pedestre";"Com Vítimas Feridas";"Plena Noite";"Crescente";"Chuva";"Múltipla";"Reta";"Sim";2;0;1;0;0;1;1;2;-3,84394724;-38,49891546;"SPRF-CE";"DEL01-CE";"UOP02-DEL01-CE"
510956;2023-03-16;"quinta-feira";"19:00:00";"MT";163;821;"SINOP";"Conversão proibida";"Colisão transversal";"Com Vítimas Feridas";"Plena Noite";"Decrescente";"Céu Claro";"Simples";"Reta";"Sim";3;0;1;0;2;0;1;2;-11,98198783;-55,51709529;"SPRF-MT";"DEL06-MT";"UOP02-DEL06-MT"
510957;2023-02-13;"segunda-feira";"17:20:00";"BA";324;623;"SALVADOR";"Manobra de mudança de faixa";"Tombamento";"Com Vítimas Feridas";"Anoitecer";"Crescente";"Nublado";"Múltipla";"Reta";"Sim";1;0;1;0;0;0;1;1;-12,92628699;-38,46838679;"SPRF-BA";"DEL01-BA";"UOP01-DEL01-BA"
510959;2023-03-16;"quinta-feira";"15:00:00";"BA";116;160;"CANUDOS";"Demais falhas mecânicas ou elétricas";"Incêndio";"Sem Vítimas";"Pleno dia";"Crescente";"Nublado";"Simples";"Reta";"Não";1;0;0;0;1;0;0;1;-10,016717;-39,1604298;"SPRF-BA";"DEL07-BA";"UOP02-DEL07-BA"
510961;2023-03-16;"quinta-feira";"22:37:00";"RS";116;265;"CANOAS";"Condutor deixou de manter distância do veículo da frente";"Colisão traseira";"Com Vítimas Feridas";"Plena Noite";"Decrescente";"Céu Claro";"Dupla";"Reta;Interseção de Vias";"Sim";2;0;1;0;1;0;1;2;-29,92342302;-51,17780944;"SPRF-RS";"DEL01-RS";"UOP01-DEL01-RS"
510962;2023-03-16;"quinta-feira";"22:30:00";"SC";101;207;"SAO JOSE";"Declive acentuado";"Colisão lateral mesmo sentido";"Com Vítimas Feridas";"Plena Noite";"Decrescente";"Garoa/Chuvisco";"Múltipla";"Curva";"Não";2;0;1;0;1;0;1;2;-27,60001226;-48,6226467;"SPRF-SC";"DEL01-SC";"UOP01-DEL01-SC"
510963;2023-03-16;"quinta-feira";"11:55:00";"RJ";40;123;"DUQUE DE CAXIAS";"Condutor deixou de manter distância do veículo da frente";"Engavetamento";"Com Vítimas Feridas";"Pleno dia";"Decrescente";"Céu Claro";"Simples";"Reta;Viaduto";"Sim";3;0;1;0;2;0;1;3;-22,79907687;-43,29015739;"SPRF-RJ";"DEL01-RJ";"UOP01-DEL01-RJ"
510965;2023-03-16;"quinta-feira";"09:30:00";"SC";116;83,4;"MONTE CASTELO";"Reação tardia ou ineficiente do condutor";"Colisão traseira";"Sem Vítimas";"Pleno dia";"Decrescente";"Céu Claro";"Simples";"Declive;Reta;Em Obras";"Não";2;0;0;0;2;0;0;2;-26,58339304;-50,22301866;"SPRF-SC";"DEL06-SC";"UOP02-DEL06-SC"
510966;2023-03-16;"quinta-feira";"23:20:00";"SP";116;212;"GUARULHOS";"Velocidade Incompatível";"Colisão traseira";"Com Vítimas Feridas";"Plena Noite";"Decrescente";"Céu Claro";"Dupla";"Reta";"Sim";3;0;1;0;1;1;1;3;-23,43608315;-46,42805094;"SPRF-SP";"DEL01-SP";"UOP01-DEL01-SP"
510967;2023-03-16;"quinta-feira";"21:25:00";"BA";101;363;"GANDU";"Ausência de reação do condutor";"Queda de ocupante de veículo";"Com Vítimas Fatais";"Plena Noite";"Crescente";"Nublado";"Simples";"Curva";"Não";2;1;1;0;0;0;1;1;-13,856841;-39,49252598;"SPRF-BA";"DEL05-BA";"UOP03-DEL05-BA"
510971;2023-03-16;"quinta-feira";"15:53:00";"RO";319;58;"PORTO VELHO";"Acumulo de areia ou detritos sobre o pavimento";"Colisão com objeto";"Sem Vítimas";"Pleno dia";"Crescente";"Céu Claro";"Dupla";"Interseção de Vias";"Sim";2;0;0;0;2;0;0;1;-8,74320453;-63,90855432;"SPRF-RO";"DEL01-RO";"UOP01-DEL01-RO"
510972;2023-03-16;"quinta-feira";"22:10:00";"MT";158;638;"NOVA XAVANTINA";"Ingestão de álcool pelo condutor";"Colisão transversal";"Com Vítimas Feridas";"Plena Noite";"Crescente";"Céu Claro";"Simples";"Curva";"Não";3;0;2;0;1;0;2;2;-14,54200601;-52,36728291;"SPRF-MT";"DEL07-MT";"UOP02-DEL07-MT"
510973;2023-03-16;"quinta-feira";"22:59:00";"PI";343;4,1;"TERESINA";"Manobra de mudança de faixa";"Colisão lateral mesmo sentido";"Com Vítimas Feridas";"Plena Noite";"Decrescente";"Céu Claro";"Dupla";"Reta";"Sim";2;0;2;0;0;0;2;2;-5,089569;-42,802288;"SPRF-PI";"DEL01-PI";"UOP01-DEL01-PI"
510974;2023-03-16;"quinta-feira";"22:25:00";"SC";101;75;"ARAQUARI";"Velocidade Incompatível";"Capotamento";"Sem Vítimas";"Plena Noite";"Crescente";"Chuva";"Múltipla";"Curva";"Não";1;0;0;0;1;0;0;1;-26,5544243;-48,71949434;"SPRF-SC";"DEL03-SC";"UOP02-DEL03-SC"
510976;2023-03-16;"quinta-feira";"14:00:00";"AL";316;85;"SANTANA DO IPANEMA";"Manobra de mudança de faixa";"Colisão lateral sentido oposto";"Com Vítimas Feridas";"Pleno dia";"Crescente";"Céu Claro";"Simples";"Reta";"Sim";2;0;1;0;0;1;1;2;-9,36982836;-37,24347904;"SPRF-AL";"DEL03-AL";"UOP02-DEL03-AL"
510979;2023-03-16;"quinta-feira";"12:30:00";"MT";174;413;"NOVA LACERDA";"Chuva";"Saída de leito carroçável";"Com Vítimas Feridas";"Pleno dia";"Decrescente";"Nublado";"Simples";"Curva;Declive";"Não";2;0;2;0;0;0;2;1;-14,28795187;-59,68089076;"SPRF-MT";"DEL04-MT";"UOP02-DEL04-MT"