"id";"data_inversa";"dia_semana";"horario";"uf";"br";"km";"municipio";"causa_acidente";"tipo_acidente";"classificacao_acidente";"fase_dia";"sentido_via";"condicao_metereologica";"tipo_pista";"tracado_via";"uso_solo";"pessoas";"mortos";"feridos_leves";"feridos_graves";"ilesos";"ignorados";"feridos";"veiculos";"latitude";"longitude";"regional";"delegacia";"uop"
510980;2023-03-16;"quinta-feira";"17:20:00";"PR";376;491;"PONTA GROSSA";"Trafegar com motocicleta (ou similar) entre as faixas";"Colisão traseira";"Com Vítimas Feridas";"Pleno dia";"Crescente";"Nublado";"Dupla";"Declive;Reta";"Sim";2;0;1;0;0;1;1;2;-25,10810372;-50,19137615;"SPRF-PR";"DEL03-PR";"UOP04-DEL03-PR"
510981;2023-03-16;"quinta-feira";"23:30:00";"PR";376;658;"TIJUCAS DO SUL";"Reação tardia ou ineficiente do condutor";"Saída de leito carroçável";"Sem Vítimas";"Plena Noite";"Decrescente";"Céu Claro";"Dupla";"Curva";"Não";1;0;0;0;0;1;0;1;-25,85300602;-49,02166198;"SPRF-PR";"DEL01-PR";"UOP04-DEL01-PR"
510982;2023-03-17;"sexta-feira";"00:45:00";"RS";158;328,5;"SANTA MARIA";"Ingestão de álcool pelo condutor";"Saída de leito carroçável";"Sem Vítimas";"Plena Noite";"Decrescente";"Céu Claro";"Simples";"Curva";"Sim";2;0;0;0;1;1;0;2;-29,71112906;-53,81968204;"SPRF-RS";"DEL09-RS";"UOP01-DEL09-RS"
510984;2023-03-16;"quinta-feira";"23:40:00";"BA";324;570,1;"SAO SEBASTIAO DO PASSE";"Reação tardia ou ineficiente do condutor";"Saída de leito carroçável";"Com Vítimas Feridas";"Plena Noite";"Decrescente";"Céu Claro";"Dupla";"Reta";"Não";1;0;1;0;0;0;1;1;-12,54603889;-38,58142792;"SPRF-BA";"DEL01-BA";"UOP01-DEL01-BA"
510985;2023-03-17;"sexta-feira";"00:30:00";"MT";70;306;"POXOREO";"Pedestre cruzava a pista fora da faixa";"Atropelamento de Pedestre";"Com Vítimas Fatais";"Plena Noite";"Decrescente";"Nublado";"Simples";"Reta";"Não";5;1;0;0;3;1;0;2;-15,57405729;-54,52299803;"SPRF-MT";"DEL05-MT";"UOP01-DEL05-MT"
510986;2023-03-17;"sexta-feira";"02:00:00";"RS";116;1;"PORTO ALEGRE";"Reação tardia ou ineficiente do condutor";"Colisão com objeto";"Com Vítimas Feridas";"Plena Noite";"Crescente";"Céu Claro";"Dupla";"Reta";"Sim";1;0;1;0;0;0;1;1;-29,98790079;-51,18247032;"SPRF-RS";"DEL01-RS";"UOP01-DEL01-RS"
510988;2023-03-17;"sexta-feira";"01:41:00";"MS";163;206,4;"CAARAPO";"Velocidade Incompatível";"Tombamento";"Com Vítimas Feridas";"Plena Noite";"Decrescente";"Céu Claro";"Simples";"Reta";"Não";1;0;0;1;0;0;1;1;-22,650915;-54,80876;"SPRF-MS";"DEL04-MS";"UOP02-DEL04-MS"
510989;2023-03-17;"sexta-feira";"02:40:00";"SC";282;183,8;"BOCAINA DO SUL";"Velocidade Incompatível";"Capotamento";"Sem Vítimas";"Plena Noite";"Decrescente";"Céu Claro";"Simples";"Curva";"Não";1;0;0;0;0;1;0;1;-27,73362;-49,968296;"SPRF-SC";"DEL05-SC";"UOP01-DEL05-SC"
510990;2023-03-16;"quinta-feira";"23:30:00";"PA";230;93;"SAO JOAO DO ARAGUAIA";"Ausência de reação do condutor";"Atropelamento de Animal";"Com Vítimas Fatais";"Plena Noite";"Decrescente";"Nublado";"Simples";"Reta";"Não";1;1;0;0;0;0;0;1;-5,44787864;-48,90256682;"SPRF-PA";"DEL03-PA";"UOP01-DEL03-PA"
510991;2023-03-17;"sexta-feira";"04:20:00";"SC";101;346;"JAGUARUNA";"Animais na Pista";"Atropelamento de Animal";"Sem Vítimas";"Plena Noite";"Crescente";"Céu Claro";"Dupla";"Reta";"Não";1;0;0;0;1;0;0;1;-28,564425;-49,054244;"SPRF-SC";"DEL02-SC";"UOP01-DEL02-SC"
510992;2023-03-17;"sexta-feira";"04:00:00";"PR";277;345,5;"GUARAPUAVA";"Reação tardia ou ineficiente do condutor";"Colisão com objeto";"Com Vítimas Feridas";"Plena Noite";"Crescente";"Céu Claro";"Dupla";"Curva;Declive;Desvio Temporário;Em Obras";"Sim";2;0;2;0;0;0;2;1;-25,365693;-51,487772;"SPRF-PR";"DEL08-PR";"UOP01-DEL08-PR"
510993;2023-03-17;"sexta-feira";"03:40:00";"TO";153;456,2;"BARROLANDIA";"Ingestão de álcool pelo condutor";"Saída de leito carroçável";"Com Vítimas Feridas";"Plena Noite";"Decrescente";"Nublado";"Simples";"Reta;Declive";"Não";1;0;1;0;0;0;1;1;-9,87965205;-48,72622269;"SPRF-TO";"DEL01-TO";"UOP01-DEL01-TO"
510995;2023-03-17;"sexta-feira";"05:48:00";"RS";158;277,9;"JULIO DE CASTILHOS";"Transitar na contramão";"Colisão lateral sentido oposto";"Com Vítimas Feridas";"Amanhecer";"Decrescente";"Céu Claro";"Simples";"Reta";"Não";4;0;1;0;3;0;1;2;-29,379402;-53,67045499;"SPRF-RS";"DEL09-RS";"UOP01-DEL09-RS"
510996;2023-03-04;"sábado";"15:15:00";"BA";116;417;"FEIRA DE SANTANA";"Pedestre cruzava a pista fora da faixa";"Queda de ocupante de veículo";"Com Vítimas Feridas";"Pleno dia";"Crescente";"Céu Claro";"Dupla";"Reta";"Sim";2;0;1;0;0;1;1;2;-12,2117995;-38,965657;"SPRF-BA";"DEL02-BA";"UOP01-DEL02-BA"
510997;2023-03-17;"sexta-feira";"04:23:00";"PI";316;310;"PICOS";"Reação tardia ou ineficiente do condutor";"Colisão com objeto";"Com Vítimas Feridas";"Pleno dia";"Decrescente";"Céu Claro";"Simples";"Rotatória";"Sim";1;0;0;1;0;0;1;1;-7,07639186;-41,47475001;"SPRF-PI";"DEL04-PI";"UOP01-DEL04-PI"
510998;2023-03-17;"sexta-feira";"05:20:00";"MT";70;514;"VARZEA GRANDE";"Acesso irregular";"Colisão transversal";"Com Vítimas Feridas";"Plena Noite";"Crescente";"Céu Claro";"Simples";"Interseção de Vias";"Sim";1;0;0;1;0;0;1;1;-15,706;-56,1325;"SPRF-MT";"DEL01-MT";"UOP02-DEL01-MT"
510999;2023-03-17;"sexta-feira";"05:30:00";"RS";290;13;"SANTO ANTONIO DA PATRULHA";"Condutor Dormindo";"Saída de leito carroçável";"Sem Vítimas";"Amanhecer";"Crescente";"Céu Claro";"Múltipla";"Reta";"Não";2;0;0;0;2;0;0;1;-29,876148;-50,396484;"SPRF-RS";"DEL03-RS";"UOP01-DEL03-RS"
511000;2023-03-17;"sexta-feira";"06:00:00";"SC";101;47;"JOINVILLE";"Condutor deixou de manter distância do veículo da frente";"Queda de ocupante de veículo";"Com Vítimas Feridas";"Amanhecer";"Decrescente";"Céu Claro";"Dupla";"Reta";"Não";1;0;1;0;0;0;1;1;-26,34234997;-48,85840089;"SPRF-SC";"DEL03-SC";"UOP01-DEL03-SC"
511001;2023-03-17;"sexta-feira";"05:00:00";"SC";470;182;"POUSO REDONDO";"Transitar na contramão";"Colisão lateral sentido oposto";"Com Vítimas Feridas";"Amanhecer";"Decrescente";"Nublado";"Simples";"Reta";"Sim";2;0;1;0;1;0;1;2;-27,252682;-50,006802;"SPRF-SC";"DEL04-SC";"UOP02-DEL04-SC"
511002;2023-03-17;"sexta-feira";"02:10:00";"MT";364;489;"ACORIZAL";"Ausência de reação do condutor";"Colisão com objeto";"Com Vítimas Feridas";"Plena Noite";"Crescente";"Garoa/Chuvisco";"Simples";"Ponte;Reta";"Não";1;0;0;1;0;0;1;1;-15,3335332;-56,4223274;"SPRF-MT";"DEL01-MT";"UOP02-DEL01-MT"
511003;2023-03-17;"sexta-feira";"06:25:00";"BA";116;422;"FEIRA DE SANTANA";"Conversão proibida";"Colisão traseira";"Sem Vítimas";"Amanhecer";"Crescente";"Céu Claro";"Dupla";"Reta";"Sim";2;0;0;0;2;0;0;2;-12,22064702;-38,96561131;"SPRF-BA";"DEL02-BA";"UOP01-DEL02-BA"
511004;2023-03-16;"quinta-feira";"14:00:00";"RJ";40;124;"DUQUE DE CAXIAS";"Ultrapassagem Indevida";"Colisão transversal";"Sem Vítimas";"Pleno dia";"Crescente";"Céu Claro";"Simples";"Curva";"Não";5;0;0;0;5;0;0;2;-22,807953;-43,289124;"SPRF-RJ";"DEL01-RJ";"UOP01-DEL01-RJ"
511006;2023-03-17;"sexta-feira";"07:30:00";"SC";101;214,9;"PALHOCA";"Trafegar com motocicleta (ou similar) entre as faixas";"Colisão lateral mesmo sentido";"Com Vítimas Feridas";"Pleno dia";"Decrescente";"Nublado";"Múltipla";"Reta";"Não";2;0;1;0;1;0;1;2;-27,64443;-48,67057;"SPRF-SC";"DEL01-SC";"UOP02-DEL01-SC"
511008;2023-03-17;"sexta-feira";"07:15:00";"SP";153;74,5;"SAO JOSE DO RIO PRETO";"Condutor deixou de manter distância do veículo da frente";"Engavetamento";"Com Vítimas Feridas";"Pleno dia";"Decrescente";"Chuva";"Dupla";"Declive;Reta";"Sim";12;0;3;0;9;0;3;7;-20,88538598;-49,42676402;"SPRF-SP";"DEL09-SP";"UOP01-DEL09-SP"
511010;2023-03-17;"sexta-feira";"07:30:00";"PR";277;691;"SAO MIGUEL DO IGUACU";"Manobra de mudança de faixa";"Saída de leito carroçável";"Com Vítimas Feridas";"Pleno dia";"Decrescente";"Céu Claro";"Dupla";"Aclive";"Não";2;0;2;0;0;0;2;1;-25,3630051;-54,25351194;"SPRF-PR";"DEL05-PR";"UOP01-DEL05-PR"
511011;2023-03-17;"sexta-feira";"07:00:00";"MG";381;934,3;"EXTREMA";"Animais na Pista";"Tombamento";"Com Vítimas Feridas";"Pleno dia";"Crescente";"Nublado";"Dupla";"Declive;Reta";"Não";1;0;1;0;0;0;1;1;-22,82007572;-46,29934031;"SPRF-MG";"DEL16-MG";"UOP03-DEL16-MG"
511012;2023-03-17;"sexta-feira";"06:50:00";"SC";101;211,5;"PALHOCA";"Reação tardia ou ineficiente do condutor";"Queda de ocupante de veículo";"Com Vítimas Feridas";"Amanhecer";"Decrescente";"Chuva";"Múltipla";"Reta";"Sim";1;0;1;0;0;0;1;1;-27,62329313;-48,65245588;"SPRF-SC";"DEL01-SC";"UOP02-DEL01-SC"
511013;2023-03-17;"sexta-feira";"07:15:00";"ES";101;336,1;"GUARAPARI";"Chuva";"Tombamento";"Com Vítimas Feridas";"Pleno dia";"Crescente";"Chuva";"Dupla";"Curva";"Não";1;0;1;0;0;0;1;1;-20,62834446;-40,53656038;"SPRF-ES";"DEL03-ES";"UOP01-DEL03-ES"
511014;2023-03-17;"sexta-feira";"07:05:00";"RS";116;240,9;"NOVO HAMBURGO";"Demais falhas mecânicas ou elétricas";"Tombamento";"Com Vítimas Feridas";"Amanhecer";"Crescente";"Sol";"Dupla";"Declive;Reta";"Sim";1;0;1;0;0;0;1;1;-29,70496497;-51,14676523;"SPRF-RS";"DEL01-RS";"UOP02-DEL01-RS"
511015;2023-03-17;"sexta-feira";"08:00:00";"CE";116;1,5;"FORTALEZA";"Acessar a via sem observar a presença dos outros veículos";"Colisão transversal";"Sem Vítimas";"Pleno dia";"Decrescente";"Nublado";"Múltipla";"Interseção de Vias";"Sim";2;0;0;0;2;0;0;2;-3,76159894;-38,51900662;"SPRF-CE";"DEL01-CE";"UOP02-DEL01-CE"
511018;2023-03-16;"quinta-feira";"23:50:00";"SP";116;512;"CAJATI";"Reação tardia ou ineficiente do condutor";"Colisão com objeto";"Com Vítimas Fatais";"Plena Noite";"Decrescente";"Céu Claro";"Simples";"Curva;Declive";"Não";52;3;35;9;1;4;44;1;-24,84613698;-48,21388721;"SPRF-SP";"DEL05-SP";"UOP02-DEL05-SP"
511020;2023-03-17;"sexta-feira";"08:10:00";"SC";101;189;"BIGUACU";"Condutor deixou de manter distância do veículo da frente";"Colisão traseira";"Com Vítimas Feridas";"Pleno dia";"Crescente";"Céu Claro";"Dupla";"Declive;Reta";"Não";9;0;5;0;4;0;5;2;-27,459393;-48,638914;"SPRF-SC";"DEL01-SC";"UOP01-DEL01-SC"
511021;2023-03-17;"sexta-feira";"06:55:00";"SC";280;20,5;"BALNEARIO BARRA DO SUL";"Acessar a via sem observar a presença dos outros veículos";"Colisão transversal";"Com Vítimas Feridas";"Pleno dia";"Decrescente";"Céu Claro";"Simples";"Interseção de Vias;Reta";"Não";2;0;1;0;1;0;1;2;-26,36990477;-48,68224301;"SPRF-SC";"DEL03-SC";"UOP03-DEL03-SC"
511023;2023-03-17;"sexta-feira";"07:20:00";"MG";153;106;"PRATA";"Acessar a via sem observar a presença dos outros veículos";"Colisão transversal";"Com Vítimas Fatais";"Pleno dia";"Crescente";"Garoa/Chuvisco";"Simples";"Reta";"Não";2;1;0;0;1;0;0;2;-19,28004595;-48,9151339;"SPRF-MG";"DEL15-MG";"UOP03-DEL15-MG"
511024;2023-03-17;"sexta-feira";"08:50:00";"SC";101;188,2;"BIGUACU";"Manobra de mudança de faixa";"Colisão traseira";"Com Vítimas Feridas";"Pleno dia";"Crescente";"Nublado";"Múltipla";"Reta";"Não";2;0;1;0;1;0;1;2;-27,45123421;-48,63370766;"SPRF-SC";"DEL01-SC";"UOP01-DEL01-SC"
511027;2023-03-17;"sexta-feira";"08:00:00";"PB";230;12,1;"CABEDELO";"Condutor deixou de manter distância do veículo da frente";"Colisão traseira";"Com Vítimas Feridas";"Pleno dia";"Crescente";"Céu Claro";"Dupla";"Rotatória";"Sim";3;0;0;1;0;2;1;3;-7,068;-34,85;"SPRF-PB";"DEL01-PB";"UOP01-DEL01-PB"
511028;2023-01-17;"terça-feira";"07:30:00";"PR";376;173;"MARINGA";"Manobra de mudança de faixa";"Queda de ocupante de veículo";"Com Vítimas Feridas";"Pleno dia";"Crescente";"Ignorado";"Dupla";"Reta";"Sim";1;0;1;0;0;0;1;1;-23,4176585;-51,95943654;"SPRF-PR";"DEL09-PR";"UOP01-DEL09-PR"
511029;2023-03-17;"sexta-feira";"09:30:00";"RN";406;103;"JOAO CAMARA";"Acessar a via sem observar a presença dos outros veículos";"Colisão transversal";"Com Vítimas Feridas";"Pleno dia";"Crescente";"Nublado";"Simples";"Reta";"Sim";2;0;0;1;1;0;1;2;-5,53714888;-35,81373986;"SPRF-RN";"DEL02-RN";"UOP01-DEL02-RN"
511030;2023-03-17;"sexta-feira";"07:50:00";"BA";324;517;"FEIRA DE SANTANA";"Acessar a via sem observar a presença dos outros veículos";"Colisão transversal";"Com Vítimas Feridas";"Pleno dia";"Decrescente";"Sol";"Simples";"Reta";"Sim";4;0;2;0;2;0;2;2;-12,24953308;-38,93362525;"SPRF-BA";"DEL02-BA";"UOP01-DEL02-BA"
511033;2023-03-17;"sexta-feira";"09:30:00";"ES";101;139;"LINHARES";"Desrespeitar a preferência no cruzamento";"Colisão transversal";"Com Vítimas Feridas";"Pleno dia";"Decrescente";"Céu Claro";"Simples";"Reta;Interseção de Vias";"Não";2;0;1;0;1;0;1;2;-19,3101728;-40,0799666;"SPRF-ES";"DEL04-ES";"UOP01-DEL04-ES"
511037;2023-03-17;"sexta-feira";"09:20:00";"SC";101;135;"BALNEARIO CAMBORIU";"Ausência de reação do condutor";"Colisão traseira";"Com Vítimas Feridas";"Pleno dia";"Crescente";"Céu Claro";"Simples";"Reta";"Sim";2;0;1;0;1;0;1;2;-27,0050108;-48,62677494;"SPRF-SC";"DEL04-SC";"UOP03-DEL04-SC"
511040;2023-03-17;"sexta-feira";"07:50:00";"PR";476;277;"SAO MATEUS DO SUL";"Conversão proibida";"Colisão frontal";"Com Vítimas Feridas";"Pleno dia";"Crescente";"Sol";"Simples";"Reta";"Sim";2;0;1;0;1;0;1;2;-25,875048;-50,390919;"SPRF-PR";"DEL02-PR";"UOP03-DEL02-PR"
511042;2023-03-17;"sexta-feira";"10:00:00";"SC";101;205,7;"SAO JOSE";"Pista Escorregadia";"Queda de ocupante de veículo";"Com Vítimas Feridas";"Pleno dia";"Crescente";"Sol";"Múltipla";"Curva";"Sim";1;0;1;0;0;0;1;1;-27,58313237;-48,61532885;"SPRF-SC";"DEL01-SC";"UOP01-DEL01-SC"
511045;2023-03-17;"sexta-feira";"09:00:00";"RJ";101;410;"ITAGUAI";"Ausência de reação do condutor";"Colisão traseira";"Sem Vítimas";"Pleno dia";"Crescente";"Céu Claro";"Dupla";"Reta";"Sim";3;0;0;0;3;0;0;2;-22,88990471;-43,84007225;"SPRF-RJ";"DEL03-RJ";"UOP01-DEL03-RJ"
511046;2023-03-17;"sexta-feira";"09:30:00";"PR";376;139,8;"NOVA ESPERANCA";"Desrespeitar a preferência no cruzamento";"Colisão transversal";"Com Vítimas Feridas";"Pleno dia";"Crescente";"Céu Claro";"Dupla";"Retorno Regulamentado";"Não";3;0;1;2;0;0;3;2;-23,227285;-52,176885;"SPRF-PR";"DEL09-PR";"UOP02-DEL09-PR"
511047;2023-03-17;"sexta-feira";"09:29:00";"MG";40;526;"CONTAGEM";"Demais falhas mecânicas ou elétricas";"Incêndio";"Sem Vítimas";"Pleno dia";"Decrescente";"Céu Claro";"Dupla";"Declive;Reta";"Sim";1;0;0;0;1;0;0;1;-19,89255399;-44,04985478;"SPRF-MG";"DEL01-MG";"UOP02-DEL01-MG"
511048;2023-03-17;"sexta-feira";"10:42:00";"PE";101;68;"RECIFE";"Reação tardia ou ineficiente do condutor";"Colisão traseira";"Sem Vítimas";"Pleno dia";"Decrescente";"Sol";"Dupla";"Declive;Reta;Viaduto";"Sim";2;0;0;0;2;0;0;2;-8,05074296;-34,94580619;"SPRF-PE";"DEL01-PE";"UOP01-DEL01-PE"
511049;2023-03-17;"sexta-feira";"10:31:00";"DF";70;5;"BRASILIA";"Manobra de mudança de faixa";"Colisão lateral mesmo sentido";"Com Vítimas Feridas";"Pleno dia";"Crescente";"Nublado";"Dupla";"Reta";"Sim";2;0;1;0;1;0;1;2;-15,794656;-48,096779;"SPRF-DF";"DEL03-DF";"UOP02-DEL03-DF"
511050;2023-03-17;"sexta-feira";"08:20:00";"RS";293;63,1;"PIRATINI";"Acessar a via sem observar a presença dos outros veículos";"Colisão transversal";"Sem Vítimas";"Pleno dia";"Decrescente";"Céu Claro";"Dupla";"Reta;Declive;Interseção de Vias";"Não";2;0;0;0;2;0;0;2;-31,69986798;-52,94443973;"SPRF-RS";"DEL07-RS";"UOP01-DEL07-RS"
511051;2023-03-17;"sexta-feira";"10:55:00";"PE";232;9,5;"RECIFE";"Reação tardia ou ineficiente do condutor";"Colisão lateral mesmo sentido";"Com Vítimas Feridas";"Pleno dia";"Decrescente";"Sol";"Múltipla";"Curva;Em Obras";"Sim";2;0;0;1;0;1;1;2;-8,07764447;-34,97863609;"SPRF-PE";"DEL01-PE";"UOP01-DEL01-PE"
511052;2023-03-15;"quarta-feira";"14:30:00";"PE";101;40,8;"IGARASSU";"Acesso irregular";"Colisão transversal";"Com Vítimas Feridas";"Pleno dia";"Decrescente";"Céu Claro";"Dupla";"Reta";"Sim";2;0;0;1;0;1;1;2;-7,83038346;-34,91426785;"SPRF-PE";"DEL01-PE";"UOP02-DEL01-PE"
511053;2023-03-17;"sexta-feira";"07:15:00";"RR";432;193;"CANTA";"Ingestão de álcool pelo condutor";"Saída de leito carroçável";"Com Vítimas Feridas";"Pleno dia";"Decrescente";"Céu Claro";"Simples";"Reta";"Não";2;0;1;0;1;0;1;1;2,62626605;-60,59396028;"SPRF-RR";"DEL01-RR";"UOP01-DEL01-RR"
511054;2023-03-17;"sexta-feira";"10:40:00";"PR";158;513,6;"PATO BRANCO";"Velocidade Incompatível";"Saída de leito carroçável";"Sem Vítimas";"Pleno dia";"Crescente";"Céu Claro";"Simples";"Curva";"Não";1;0;0;0;1;0;0;1;-26,051307;-52,624901;"SPRF-PR";"DEL02-PR";"UOP01-DEL02-PR"
511056;2023-03-17;"sexta-feira";"11:40:00";"PI";343;29;"PARNAIBA";"Acessar a via sem observar a presença dos outros veículos";"Queda de ocupante de veículo";"Com Vítimas Feridas";"Pleno dia";"Decrescente";"Céu Claro";"Simples";"Aclive;Reta";"Não";2;0;1;0;1;0;1;2;-3,061236;-41,777115;"SPRF-PI";"DEL05-PI";"UOP01-DEL05-PI"
511057;2023-03-17;"sexta-feira";"06:40:00";"RS";470;340;"TRIUNFO";"Ingestão de álcool pelo condutor";"Saída de leito carroçável";"Sem Vítimas";"Amanhecer";"Crescente";"Céu Claro";"Simples";"Reta";"Não";1;0;0;0;1;0;0;1;-29,94560098;-51,71233396;"SPRF-RS";"DEL04-RS";"UOP02-DEL04-RS"
511058;2023-03-17;"sexta-feira";"11:50:00";"RS";472;577;"URUGUAIANA";"Problema na suspensão";"Saída de leito carroçável";"Com Vítimas Feridas";"Pleno dia";"Decrescente";"Nublado";"Simples";"Reta";"Sim";2;0;2;0;0;0;2;1;-29,76580017;-57,00834791;"SPRF-RS";"DEL13-RS";"UOP01-DEL13-RS"
511060;2023-03-17;"sexta-feira";"11:40:00";"PE";101;190,7;"PALMARES";"Ausência de reação do condutor";"Colisão traseira";"Com Vítimas Fatais";"Pleno dia";"Decrescente";"Céu Claro";"Dupla";"Curva";"Sim";3;1;0;1;0;1;1;2;-8,696683;-35,610343;"SPRF-PE";"DEL01-PE";"UOP03-DEL01-PE"
511062;2023-03-17;"sexta-feira";"12:10:00";"RS";116;253;"SAPUCAIA DO SUL";"Ausência de reação do condutor";"Colisão traseira";"Com Vítimas Feridas";"Pleno dia";"Decrescente";"Céu Claro";"Simples";"Reta";"Sim";3;0;1;0;2;0;1;3;-29,81784209;-51,16996166;"SPRF-RS";"DEL01-RS";"UOP02-DEL01-RS"
511064;2023-03-17;"sexta-feira";"11:00:00";"RJ";101;276;"TANGUA";"Demais falhas mecânicas ou elétricas";"Queda de ocupante de veículo";"Com Vítimas Feridas";"Pleno dia";"Crescente";"Céu Claro";"Dupla";"Reta";"Sim";2;0;2;0;0;0;2;1;-22,73796393;-42,73871802;"SPRF-RJ";"DEL02-RJ";"UOP03-DEL02-RJ"
511065;2023-03-17;"sexta-feira";"12:45:00";"SP";153;67,3;"SAO JOSE DO RIO PRETO";"Pista esburacada";"Tombamento";"Com Vítimas Feridas";"Pleno dia";"Crescente";"Nublado";"Dupla";"Reta";"Sim";1;0;1;0;0;0;1;1;-20,84853593;-49,37585608;"SPRF-SP";"DEL09-SP";"UOP01-DEL09-SP"
511066;2023-03-17;"sexta-feira";"11:45:00";"PR";376;4,4;"APUCARANA";"Retorno proibido";"Colisão transversal";"Com Vítimas Feridas";"Pleno dia";"Crescente";"Céu Claro";"Dupla";"Reta";"Sim";3;0;1;0;2;0;1;2;-23,55358;-51,446208;"SPRF-PR";"DEL07-PR";"UOP03-DEL07-PR"
511067;2023-03-17;"sexta-feira";"12:45:00";"DF";60;28;"BRASILIA";"Chuva";"Saída de leito carroçável";"Com Vítimas Feridas";"Pleno dia";"Crescente";"Chuva";"Dupla";"Reta";"Não";3;0;3;0;0;0;3;1;-16,020638;-48,250832;"SPRF-DF";"DEL03-DF";"UOP01-DEL03-DF"
511068;2023-03-17;"sexta-feira";"12:50:00";"DF";70;3,3;"BRASILIA";"Manobra de mudança de faixa";"Colisão lateral mesmo sentido";"Com Vítimas Feridas";"Pleno dia";"Crescente";"Nublado";"Dupla";"Curva";"Sim";4;0;1;0;3;0;1;2;-15,802453;-48,080387;"SPRF-DF";"DEL03-DF";"UOP02-DEL03-DF"
511069;2023-03-14;"terça-feira";"19:00:00";"PB";230;2,4;"CABEDELO";"Demais falhas na via";"Queda de ocupante de veículo";"Com Vítimas Feridas";"Plena Noite";"Crescente";"Céu Claro";"Dupla";"Em Obras;Reta";"Sim";1;0;0;1;0;0;1;1;-6,98965149;-34,82845545;"SPRF-PB";"DEL01-PB";"UOP01-DEL01-PB"
511070;2023-03-17;"sexta-feira";"13:50:00";"PE";316;60;"TRINDADE";"Condutor deixou de manter distância do veículo da frente";"Colisão traseira";"Sem Vítimas";"Pleno dia";"Crescente";"Sol";"Simples";"Reta";"Sim";2;0;0;0;2;0;0;2;-7,77005418;-40,2584535;"SPRF-PE";"DEL05-PE";"UOP02-DEL05-PE"
511071;2023-03-17;"sexta-feira";"10:00:00";"MG";40;222,2;"JOAO PINHEIRO";"Condutor usando celular";"Saída de leito carroçável";"Com Vítimas Feridas";"Pleno dia";"Crescente";"Céu Claro";"Simples";"Reta";"Não";1;0;0;1;0;0;1;1;-17,96866701;-45,632118;"SPRF-MG";"DEL14-MG";"UOP02-DEL14-MG"
511072;2023-03-17;"sexta-feira";"13:00:00";"SC";101;203,5;"SAO JOSE";"Falta de acostamento";"Colisão traseira";"Sem Vítimas";"Pleno dia";"Decrescente";"Sol";"Múltipla";"Reta";"Sim";2;0;0;0;2;0;0;2;-27,5650044;-48,61460082;"SPRF-SC";"DEL01-SC";"UOP01-DEL01-SC"
511073;2023-03-17;"sexta-feira";"10:50:00";"RJ";116;316;"RESENDE";"Reação tardia ou ineficiente do condutor";"Colisão traseira";"Com Vítimas Feridas";"Pleno dia";"Decrescente";"Sol";"Dupla";"Reta";"Não";6;0;3;0;3;0;3;3;-22,46560057;-44,49102813;"SPRF-RJ";"DEL07-RJ";"UOP02-DEL07-RJ"
511075;2023-03-17;"sexta-feira";"12:00:00";"PR";376;15;"MARINGA";"Ausência de reação do condutor";"Colisão com objeto";"Com Vítimas Feridas";"Pleno dia";"Crescente";"Céu Claro";"Dupla";"Reta";"Não";2;0;2;0;0;0;2;1;-23,41126;-51,88001;"SPRF-PR";"DEL09-PR";"UOP01-DEL09-PR"
511080;2023-03-17;"sexta-feira";"11:30:00";"SC";101;356;"SANGAO";"Ausência de reação do condutor";"Saída de leito carroçável";"Com Vítimas Feridas";"Pleno dia";"Crescente";"Céu Claro";"Dupla";"Reta";"Sim";4;0;3;0;1;0;3;1;-28,62930081;-49,08665412;"SPRF-SC";"DEL02-SC";"UOP01-DEL02-SC"
511082;2023-03-17;"sexta-feira";"14:00:00";"SP";381;53;"ATIBAIA";"Ausência de reação do condutor";"Colisão traseira";"Com Vítimas Feridas";"Pleno dia";"Decrescente";"Céu Claro";"Dupla";"Reta";"Não";2;0;0;1;1;0;1;2;-23,23727986;-46,59981085;"SPRF-SP";"DEL03-SP";"UOP01-DEL03-SP"
511085;2023-03-17;"sexta-feira";"13:38:00";"PE";101;68;"RECIFE";"Condutor deixou de manter distância do veículo da frente";"Engavetamento";"Sem Vítimas";"Pleno dia";"Decrescente";"Céu Claro";"Múltipla";"Viaduto";"Sim";3;0;0;0;2;1;0;3;-8,05074296;-34,94580619;"SPRF-PE";"DEL01-PE";"UOP01-DEL01-PE"
511087;2023-03-17;"sexta-feira";"13:15:00";"BA";242;807;"BARREIRAS";"Reação tardia ou ineficiente do condutor";"Capotamento";"Com Vítimas Feridas";"Pleno dia";"Crescente";"Chuva";"Simples";"Curva";"Não";3;0;2;1;0;0;3;1;-12,13624441;-44,92872395;"SPRF-BA";"DEL10-BA";"UOP01-DEL10-BA"
511089;2023-03-17;"sexta-feira";"11:00:00";"CE";222;21;"CAUCAIA";"Desvio temporário";"Colisão lateral mesmo sentido";"Com Vítimas Feridas";"Pleno dia";"Decrescente";"Céu Claro";"Dupla";"Desvio Temporário;Em Obras";"Não";3;0;0;1;1;1;1;3;-3,73715313;-38,74293507;"SPRF-CE";"DEL01-CE";"UOP01-DEL01-CE"
511091;2023-03-17;"sexta-feira";"14:30:00";"RS";290;105;"ELDORADO DO SUL";"Ausência de reação do condutor";"Saída de leito carroçável";"Sem Vítimas";"Pleno dia";"Crescente";"Céu Claro";"Dupla";"Reta";"Não";1;0;0;0;0;1;0;1;-29,99608;-51,285023;"SPRF-RS";"DEL02-RS";"UOP01-DEL02-RS"
511094;2023-03-17;"sexta-feira";"13:00:00";"SC";470;170;"POUSO REDONDO";"Conversão proibida";"Colisão transversal";"Com Vítimas Feridas";"Pleno dia";"Crescente";"Céu Claro";"Simples";"Aclive;Curva";"Não";2;0;0;1;1;0;1;2;-27,265903;-49,892441;"SPRF-SC";"DEL04-SC";"UOP02-DEL04-SC"