"id";"data_inversa";"dia_semana";"horario";"uf";"br";"km";"municipio";"causa_acidente";"tipo_acidente";"classificacao_acidente";"fase_dia";"sentido_via";"condicao_metereologica";"tipo_pista";"tracado_via";"uso_solo";"pessoas";"mortos";"feridos_leves";"feridos_graves";"ilesos";"ignorados";"feridos";"veiculos";"latitude";"longitude";"regional";"delegacia";"uop"
511210;2023-03-18;"sábado";"02:00:00";"ES";101;267,1;"SERRA";"Trafegar com motocicleta (ou similar) entre as faixas";"Colisão lateral mesmo sentido";"Com Vítimas Fatais";"Plena Noite";"Decrescente";"Chuva";"Dupla";"Reta";"Sim";3;2;0;0;1;0;0;2;-20,19930999;-40,26884609;"SPRF-ES";"DEL02-ES";"UOP01-DEL02-ES"
511213;2023-03-17;"sexta-feira";"20:50:00";"SC";280;260,5;"CANOINHAS";"Reação tardia ou ineficiente do condutor";"Colisão com objeto";"Com Vítimas Feridas";"Plena Noite";"Crescente";"Céu Claro";"Simples";"Ponte;Reta";"Não";2;0;1;1;0;0;2;1;-26,26216;-50,637672;"SPRF-SC";"DEL06-SC";"UOP04-DEL06-SC"
511215;2023-03-18;"sábado";"01:00:00";"RJ";101;60;"CAMPOS DOS GOYTACAZES";"Ausência de reação do condutor";"Colisão com objeto";"Com Vítimas Fatais";"Plena Noite";"Decrescente";"Céu Claro";"Simples";"Reta";"Sim";2;1;0;0;0;1;0;2;-21,72048414;-41,31448591;"SPRF-RJ";"DEL08-RJ";"UOP01-DEL08-RJ"
511216;2023-03-18;"sábado";"02:30:00";"MG";116;499,1;"INHAPIM";"Ingestão de álcool pelo condutor";"Colisão traseira";"Com Vítimas Feridas";"Plena Noite";"Crescente";"Céu Claro";"Simples";"Declive;Reta";"Sim";2;0;1;0;1;0;1;2;-19,54476495;-42,12568405;"SPRF-MG";"DEL06-MG";"UOP02-DEL06-MG"
511217;2023-03-18;"sábado";"02:20:00";"MG";262;442,6;"NOVA SERRANA";"Ausência de reação do condutor";"Tombamento";"Com Vítimas Feridas";"Plena Noite";"Crescente";"Céu Claro";"Simples";"Retorno Regulamentado";"Sim";1;0;0;1;0;0;1;1;-19,8806236;-44,91232265;"SPRF-MG";"DEL08-MG";"UOP03-DEL08-MG"
511218;2023-03-18;"sábado";"02:15:00";"PR";153;489;"GENERAL CARNEIRO";"Pista Escorregadia";"Tombamento";"Sem Vítimas";"Plena Noite";"Crescente";"Nublado";"Simples";"Reta";"Não";1;0;0;0;1;0;0;1;-26,41739266;-51,29413605;"SPRF-PR";"DEL02-PR";"UOP03-DEL02-PR"
511220;2023-03-18;"sábado";"03:00:00";"SP";381;25;"BRAGANCA PAULISTA";"Ausência de reação do condutor";"Tombamento";"Com Vítimas Feridas";"Plena Noite";"Crescente";"Céu Claro";"Dupla";"Reta";"Não";2;0;2;0;0;0;2;1;-23,02018004;-46,52966596;"SPRF-SP";"DEL03-SP";"UOP02-DEL03-SP"
511221;2023-03-18;"sábado";"04:00:00";"MG";262;88;"ABRE CAMPO";"Transitar na contramão";"Colisão frontal";"Sem Vítimas";"Amanhecer";"Crescente";"Céu Claro";"Simples";"Aclive;Curva";"Não";2;0;0;0;2;0;0;2;-20,33467989;-42,44700601;"SPRF-MG";"DEL03-MG";"UOP03-DEL03-MG"
511222;2023-03-18;"sábado";"05:00:00";"RS";116;252,5;"SAPUCAIA DO SUL";"Animais na Pista";"Atropelamento de Animal";"Sem Vítimas";"Plena Noite";"Crescente";"Céu Claro";"Dupla";"Reta";"Sim";1;0;0;0;1;0;0;1;-29,80913395;-51,1675292;"SPRF-RS";"DEL01-RS";"UOP02-DEL01-RS"
511225;2023-03-18;"sábado";"02:20:00";"SC";282;622,2;"IRACEMINHA";"Ingestão de álcool pelo condutor";"Colisão frontal";"Com Vítimas Fatais";"Plena Noite";"Crescente";"Céu Claro";"Simples";"Curva";"Não";3;1;1;1;0;0;2;2;-26,79727852;-53,32599521;"SPRF-SC";"DEL07-SC";"UOP02-DEL07-SC"
511226;2023-03-18;"sábado";"04:10:00";"SC";470;74;"INDAIAL";"Ausência de reação do condutor";"Saída de leito carroçável";"Com Vítimas Feridas";"Pleno dia";"Crescente";"Nublado";"Simples";"Reta";"Não";1;0;1;0;0;0;1;1;-26,916288;-49,280807;"SPRF-SC";"DEL04-SC";"UOP01-DEL04-SC"
511227;2023-03-18;"sábado";"02:00:00";"SC";101;244;"PALHOCA";"Ingestão de álcool pelo condutor";"Saída de leito carroçável";"Sem Vítimas";"Plena Noite";"Crescente";"Céu Claro";"Dupla";"Reta";"Não";1;0;0;0;1;0;0;1;-27,89294003;-48,64821868;"SPRF-SC";"DEL01-SC";"UOP02-DEL01-SC"
511229;2023-03-18;"sábado";"06:25:00";"CE";20;345,5;"CARIDADE";"Demais falhas na via";"Saída de leito carroçável";"Com Vítimas Feridas";"Pleno dia";"Decrescente";"Céu Claro";"Simples";"Reta";"Não";3;0;3;0;0;0;3;1;-4,13596564;-39,08914326;"SPRF-CE";"DEL02-CE";"UOP01-DEL02-CE"
511230;2023-03-18;"sábado";"05:40:00";"PR";277;6,8;"PARANAGUA";"Velocidade Incompatível";"Colisão com objeto";"Com Vítimas Fatais";"Amanhecer";"Crescente";"Céu Claro";"Dupla";"Curva;Declive";"Não";1;1;0;0;0;0;0;1;-25,568198;-48,615292;"SPRF-PR";"DEL01-PR";"UOP05-DEL01-PR"
511231;2023-03-18;"sábado";"06:00:00";"SC";282;211;"LAGES";"Ausência de reação do condutor";"Saída de leito carroçável";"Sem Vítimas";"Amanhecer";"Decrescente";"Nublado";"Simples";"Reta";"Não";1;0;0;0;0;1;0;1;-27,780222;-50,241741;"SPRF-SC";"DEL05-SC";"UOP01-DEL05-SC"
511232;2023-03-18;"sábado";"03:30:00";"RO";364;343;"JI-PARANA";"Ingestão de álcool pelo condutor";"Colisão traseira";"Sem Vítimas";"Plena Noite";"Decrescente";"Céu Claro";"Dupla";"Reta";"Sim";2;0;0;0;2;0;0;2;-10,87878519;-61,94499012;"SPRF-RO";"DEL02-RO";"UOP01-DEL02-RO"
511233;2023-03-18;"sábado";"06:05:00";"PR";116;103;"SAO JOSE DOS PINHAIS";"Reação tardia ou ineficiente do condutor";"Tombamento";"Com Vítimas Feridas";"Amanhecer";"Crescente";"Nevoeiro/Neblina";"Dupla";"Reta";"Sim";1;0;1;0;0;0;1;1;-25,57062709;-49,19368744;"SPRF-PR";"DEL01-PR";"UOP07-DEL01-PR"
511234;2023-03-18;"sábado";"07:00:00";"MG";381;480;"CONTAGEM";"Demais falhas mecânicas ou elétricas";"Tombamento";"Com Vítimas Feridas";"Pleno dia";"Crescente";"Céu Claro";"Dupla";"Aclive;Reta";"Não";2;0;1;0;1;0;1;1;-19,95749597;-44,07899901;"SPRF-MG";"DEL01-MG";"UOP03-DEL01-MG"
511235;2023-03-18;"sábado";"06:40:00";"SP";116;227;"SAO PAULO";"Reação tardia ou ineficiente do condutor";"Queda de ocupante de veículo";"Com Vítimas Feridas";"Pleno dia";"Crescente";"Céu Claro";"Múltipla";"Reta;Declive;Interseção de Vias";"Sim";2;0;1;0;0;1;1;2;-23,49938021;-46,56168938;"SPRF-SP";"DEL01-SP";"UOP01-DEL01-SP"
511237;2023-03-18;"sábado";"02:10:00";"MG";116;679,9;"MIRADOURO";"Velocidade Incompatível";"Colisão traseira";"Com Vítimas Feridas";"Plena Noite";"Decrescente";"Céu Claro";"Simples";"Reta;Aclive";"Não";5;0;3;1;1;0;4;2;-20,94328442;-42,34418392;"SPRF-MG";"DEL07-MG";"UOP02-DEL07-MG"
511240;2023-03-17;"sexta-feira";"22:50:00";"RJ";465;21;"NOVA IGUACU";"Condutor Dormindo";"Colisão frontal";"Com Vítimas Feridas";"Plena Noite";"Crescente";"Céu Claro";"Simples";"Reta";"Sim";3;0;1;1;1;0;2;2;-22,854782;-43,601933;"SPRF-RJ";"DEL03-RJ";"UOP01-DEL03-RJ"
511243;2023-03-18;"sábado";"07:52:00";"GO";40;6,7;"VALPARAISO DE GOIAS";"Pedestre cruzava a pista fora da faixa";"Atropelamento de Pedestre";"Com Vítimas Feridas";"Pleno dia";"Crescente";"Céu Claro";"Dupla";"Reta";"Sim";2;0;1;1;0;0;2;2;-16,100814;-47,977351;"SPRF-DF";"DEL01-DF";"UOP01-DEL01-DF"
511244;2023-03-18;"sábado";"05:15:00";"RJ";493;52;"DUQUE DE CAXIAS";"Ausência de reação do condutor";"Tombamento";"Com Vítimas Feridas";"Plena Noite";"Crescente";"Nublado";"Dupla";"Reta";"Sim";1;0;1;0;0;0;1;1;-22,672089;-43,285053;"SPRF-RJ";"DEL01-RJ";"UOP01-DEL01-RJ"
511245;2023-03-14;"terça-feira";"06:50:00";"GO";153;505,7;"APARECIDA DE GOIANIA";"Desrespeitar a preferência no cruzamento";"Colisão transversal";"Sem Vítimas";"Pleno dia";"Decrescente";"Chuva";"Dupla";"Reta";"Sim";2;0;0;0;1;1;0;2;-16,7537;-49,2411;"SPRF-GO";"DEL01-GO";"UOP01-DEL01-GO"
511246;2023-03-14;"terça-feira";"21:55:00";"PA";163;318;"NOVO PROGRESSO";"Reação tardia ou ineficiente do condutor";"Tombamento";"Sem Vítimas";"Plena Noite";"Crescente";"Ignorado";"Simples";"Reta;Declive";"Não";1;0;0;0;0;1;0;1;-6,99352589;-55,44035368;"SPRF-PA";"DEL05-PA";"UOP02-DEL05-PA"
511247;2023-03-18;"sábado";"07:35:00";"PE";104;19,8;"TAQUARITINGA DO NORTE";"Acessar a via sem observar a presença dos outros veículos";"Colisão transversal";"Com Vítimas Feridas";"Pleno dia";"Crescente";"Céu Claro";"Simples";"Interseção de Vias";"Sim";2;0;0;1;1;0;1;2;-7,947535;-36,127937;"SPRF-PE";"DEL02-PE";"UOP01-DEL02-PE"
511251;2023-03-18;"sábado";"08:00:00";"CE";116;26;"ITAITINGA";"Pedestre cruzava a pista fora da faixa";"Atropelamento de Pedestre";"Com Vítimas Fatais";"Pleno dia";"Crescente";"Nublado";"Dupla";"Reta";"Não";3;1;0;0;2;0;0;2;-3,98418708;-38,5151357;"SPRF-CE";"DEL01-CE";"UOP02-DEL01-CE"
511252;2023-03-18;"sábado";"05:00:00";"SP";116;176;"GUARAREMA";"Ausência de reação do condutor";"Colisão com objeto";"Sem Vítimas";"Pleno dia";"Decrescente";"Céu Claro";"Dupla";"Reta";"Não";1;0;0;0;0;1;0;1;-23,32188281;-46,110083;"SPRF-SP";"DEL01-SP";"UOP01-DEL01-SP"
511254;2023-03-18;"sábado";"06:45:00";"MG";262;432,4;"NOVA SERRANA";"Velocidade Incompatível";"Tombamento";"Com Vítimas Feridas";"Pleno dia";"Decrescente";"Sol";"Dupla";"Reta";"Não";1;0;0;1;0;0;1;1;-19,8897545;-44,83074188;"SPRF-MG";"DEL08-MG";"UOP03-DEL08-MG"
511255;2023-03-18;"sábado";"09:00:00";"RJ";116;174;"SAO JOAO DE MERITI";"Reação tardia ou ineficiente do condutor";"Colisão com objeto";"Com Vítimas Feridas";"Pleno dia";"Crescente";"Céu Claro";"Múltipla";"Reta";"Sim";1;0;1;0;0;0;1;1;-22,79423806;-43,36403759;"SPRF-RJ";"DEL01-RJ";"UOP02-DEL01-RJ"
511256;2023-03-18;"sábado";"09:00:00";"RJ";116;176,9;"SAO JOAO DE MERITI";"Manobra de mudança de faixa";"Queda de ocupante de veículo";"Com Vítimas Feridas";"Pleno dia";"Crescente";"Céu Claro";"Múltipla";"Reta";"Sim";1;0;1;0;0;0;1;1;-22,7839538;-43,38195488;"SPRF-RJ";"DEL01-RJ";"UOP02-DEL01-RJ"
511260;2023-03-18;"sábado";"08:45:00";"SP";116;225;"GUARULHOS";"Trafegar com motocicleta (ou similar) entre as faixas";"Colisão lateral mesmo sentido";"Com Vítimas Feridas";"Pleno dia";"Crescente";"Sol";"Múltipla";"Reta";"Sim";3;0;0;1;2;0;1;3;-23,48586772;-46,54075317;"SPRF-SP";"DEL01-SP";"UOP01-DEL01-SP"
511261;2023-03-18;"sábado";"09:30:00";"SP";116;175,5;"GUARAREMA";"Velocidade Incompatível";"Saída de leito carroçável";"Com Vítimas Feridas";"Pleno dia";"Crescente";"Céu Claro";"Dupla";"Reta";"Sim";1;0;1;0;0;0;1;1;-23,32173972;-46,100353;"SPRF-SP";"DEL01-SP";"UOP01-DEL01-SP"
511264;2023-03-18;"sábado";"10:00:00";"SP";116;210;"GUARULHOS";"Acessar a via sem observar a presença dos outros veículos";"Colisão lateral mesmo sentido";"Com Vítimas Feridas";"Pleno dia";"Decrescente";"Céu Claro";"Dupla";"Reta";"Não";3;0;2;0;1;0;2;2;-23,42870023;-46,41085991;"SPRF-SP";"DEL01-SP";"UOP01-DEL01-SP"
511265;2023-03-18;"sábado";"09:45:00";"PR";277;125;"CAMPO LARGO";"Reação tardia ou ineficiente do condutor";"Saída de leito carroçável";"Com Vítimas Feridas";"Pleno dia";"Crescente";"Céu Claro";"Dupla";"Aclive;Curva";"Não";1;0;1;0;0;0;1;1;-25,450989;-49,593104;"SPRF-PR";"DEL03-PR";"UOP03-DEL03-PR"
511268;2023-03-18;"sábado";"06:20:00";"PR";369;26;"CAMBARA";"Ausência de reação do condutor";"Saída de leito carroçável";"Com Vítimas Feridas";"Plena Noite";"Crescente";"Céu Claro";"Simples";"Curva";"Não";1;0;1;0;0;0;1;1;-23,033098;-50,141285;"SPRF-PR";"DEL07-PR";"UOP05-DEL07-PR"
511269;2023-03-18;"sábado";"08:50:00";"PI";343;335,8;"TERESINA";"Ausência de reação do condutor";"Colisão com objeto";"Sem Vítimas";"Pleno dia";"Decrescente";"Nublado";"Dupla";"Reta";"Não";1;0;0;0;0;1;0;1;-5,061626;-42,696655;"SPRF-PI";"DEL01-PI";"UOP01-DEL01-PI"
511270;2023-03-18;"sábado";"10:20:00";"RJ";495;7,8;"TERESOPOLIS";"Reação tardia ou ineficiente do condutor";"Colisão lateral sentido oposto";"Com Vítimas Feridas";"Pleno dia";"Crescente";"Céu Claro";"Simples";"Curva";"Não";2;0;1;0;1;0;1;2;-22,409929;-43,013454;"SPRF-RJ";"DEL04-RJ";"UOP01-DEL04-RJ"
511274;2023-03-18;"sábado";"09:50:00";"RO";364;702;"PORTO VELHO";"Ausência de reação do condutor";"Colisão com objeto";"Com Vítimas Feridas";"Pleno dia";"Crescente";"Nublado";"Simples";"Em Obras;Reta;Desvio Temporário";"Não";1;0;0;1;0;0;1;1;-8,80043238;-63,786732;"SPRF-RO";"DEL01-RO";"UOP01-DEL01-RO"
511276;2023-03-18;"sábado";"10:43:00";"SP";116;202;"ARUJA";"Reação tardia ou ineficiente do condutor";"Colisão com objeto";"Com Vítimas Feridas";"Pleno dia";"Decrescente";"Céu Claro";"Múltipla";"Reta";"Sim";1;0;0;1;0;0;1;1;-23,40809408;-46,33859597;"SPRF-SP";"DEL01-SP";"UOP01-DEL01-SP"
511278;2023-03-18;"sábado";"10:20:00";"BA";407;4,5;"JUAZEIRO";"Ausência de reação do condutor";"Colisão lateral mesmo sentido";"Com Vítimas Feridas";"Pleno dia";"Crescente";"Nublado";"Simples";"Reta";"Sim";3;0;1;1;1;0;2;2;-9,43957495;-40,49433089;"SPRF-PE";"DEL06-PE";"UOP01-DEL06-PE"
511279;2023-03-18;"sábado";"10:30:00";"MG";356;266;"MURIAE";"Acessar a via sem observar a presença dos outros veículos";"Colisão transversal";"Com Vítimas Feridas";"Pleno dia";"Crescente";"Céu Claro";"Simples";"Interseção de Vias;Reta";"Sim";3;0;0;1;2;0;1;2;-21,12690881;-42,34244401;"SPRF-MG";"DEL07-MG";"UOP02-DEL07-MG"
511280;2023-03-18;"sábado";"10:15:00";"SP";116;25,4;"LAVRINHAS";"Reação tardia ou ineficiente do condutor";"Colisão traseira";"Com Vítimas Feridas";"Pleno dia";"Decrescente";"Céu Claro";"Múltipla";"Curva;Aclive";"Não";2;0;1;0;1;0;1;2;-22,60739487;-44,89644527;"SPRF-SP";"DEL08-SP";"UOP02-DEL08-SP"
511281;2023-03-18;"sábado";"08:40:00";"SP";116;275;"TABOAO DA SERRA";"Ausência de reação do condutor";"Tombamento";"Com Vítimas Feridas";"Pleno dia";"Crescente";"Céu Claro";"Dupla";"Reta";"Sim";1;0;1;0;0;0;1;1;-23,63638826;-46,83251584;"SPRF-SP";"DEL04-SP";"UOP01-DEL04-SP"
511282;2023-02-22;"quarta-feira";"09:30:00";"MG";40;788,1;"JUIZ DE FORA";"Reação tardia ou ineficiente do condutor";"Colisão traseira";"Com Vítimas Feridas";"Pleno dia";"Crescente";"Céu Claro";"Dupla";"Aclive;Reta";"Não";2;0;1;0;1;0;1;2;-21,76073531;-43,44077826;"SPRF-MG";"DEL05-MG";"UOP01-DEL05-MG"
511283;2023-03-18;"sábado";"11:15:00";"SC";101;213,5;"PALHOCA";"Condutor deixou de manter distância do veículo da frente";"Colisão traseira";"Com Vítimas Feridas";"Pleno dia";"Crescente";"Sol";"Múltipla";"Reta";"Sim";3;0;1;0;2;0;1;3;-27,63697369;-48,66514142;"SPRF-SC";"DEL01-SC";"UOP02-DEL01-SC"
511286;2023-03-18;"sábado";"10:40:00";"PE";101;54,6;"PAULISTA";"Falta de elemento de contenção que evite a saída do leito carroçável";"Colisão com objeto";"Com Vítimas Feridas";"Pleno dia";"Crescente";"Nublado";"Dupla";"Ponte;Reta";"Não";2;0;0;2;0;0;2;1;-7,93961103;-34,90356584;"SPRF-PE";"DEL01-PE";"UOP02-DEL01-PE"
511287;2023-03-18;"sábado";"11:00:00";"RJ";101;482;"ANGRA DOS REIS";"Reação tardia ou ineficiente do condutor";"Colisão transversal";"Com Vítimas Feridas";"Pleno dia";"Decrescente";"Céu Claro";"Simples";"Interseção de Vias";"Sim";2;0;1;0;1;0;1;2;-23,00453;-44,29746;"SPRF-RJ";"DEL03-RJ";"UOP03-DEL03-RJ"
511288;2023-03-18;"sábado";"09:30:00";"MA";135;1;"SAO LUIS";"Reação tardia ou ineficiente do condutor";"Colisão traseira";"Com Vítimas Feridas";"Pleno dia";"Crescente";"Céu Claro";"Simples";"Reta";"Sim";2;0;1;0;1;0;1;2;-2,58917895;-44,24423719;"SPRF-MA";"DEL01-MA";"UOP01-DEL01-MA"
511292;2023-03-18;"sábado";"12:30:00";"RS";386;350,1;"ESTRELA";"Reação tardia ou ineficiente do condutor";"Colisão traseira";"Com Vítimas Feridas";"Pleno dia";"Crescente";"Céu Claro";"Dupla";"Reta;Viaduto";"Não";2;0;0;1;1;0;1;2;-29,475065;-51,953086;"SPRF-RS";"DEL04-RS";"UOP02-DEL04-RS"
511293;2023-03-18;"sábado";"12:10:00";"MG";356;269;"MURIAE";"Velocidade Incompatível";"Colisão frontal";"Com Vítimas Feridas";"Pleno dia";"Crescente";"Céu Claro";"Simples";"Curva";"Sim";4;0;1;0;3;0;1;2;-21,12665618;-42,33310204;"SPRF-MG";"DEL07-MG";"UOP02-DEL07-MG"
511295;2023-03-18;"sábado";"11:29:00";"PI";343;345;"TERESINA";"Desrespeitar a preferência no cruzamento";"Colisão transversal";"Com Vítimas Feridas";"Pleno dia";"Decrescente";"Céu Claro";"Simples";"Reta";"Não";2;0;1;1;0;0;2;2;-5,102889;-42,766506;"SPRF-PI";"DEL01-PI";"UOP01-DEL01-PI"
511298;2023-03-18;"sábado";"12:50:00";"SC";282;16;"PALHOCA";"Ausência de reação do condutor";"Colisão traseira";"Com Vítimas Feridas";"Pleno dia";"Crescente";"Céu Claro";"Simples";"Reta";"Sim";2;0;0;1;1;0;1;2;-27,658611;-48,681847;"SPRF-SC";"DEL01-SC";"UOP02-DEL01-SC"
511299;2023-03-18;"sábado";"10:40:00";"SC";470;66;"INDAIAL";"Manobra de mudança de faixa";"Colisão lateral mesmo sentido";"Com Vítimas Feridas";"Pleno dia";"Crescente";"Céu Claro";"Simples";"Curva;Rotatória;Em Obras";"Sim";2;0;1;0;1;0;1;2;-26,870407;-49,221844;"SPRF-SC";"DEL04-SC";"UOP01-DEL04-SC"
511300;2023-03-18;"sábado";"12:55:00";"ES";101;266;"SERRA";"Animais na Pista";"Atropelamento de Animal";"Com Vítimas Feridas";"Pleno dia";"Decrescente";"Céu Claro";"Múltipla";"Reta";"Sim";2;0;0;1;0;1;1;2;-20,190199;-40,26828891;"SPRF-ES";"DEL02-ES";"UOP01-DEL02-ES"
511302;2023-03-18;"sábado";"12:15:00";"MG";116;518,4;"CARATINGA";"Acessar a via sem observar a presença dos outros veículos";"Colisão transversal";"Com Vítimas Feridas";"Pleno dia";"Crescente";"Céu Claro";"Simples";"Declive;Reta";"Não";2;0;1;0;1;0;1;2;-19,71038379;-42,12370706;"SPRF-MG";"DEL06-MG";"UOP02-DEL06-MG"
511306;2023-03-18;"sábado";"09:15:00";"RJ";101;418;"MANGARATIBA";"Condutor deixou de manter distância do veículo da frente";"Tombamento";"Com Vítimas Feridas";"Pleno dia";"Crescente";"Sol";"Simples";"Aclive;Reta";"Não";1;0;0;1;0;0;1;1;-22,918281;-43,913913;"SPRF-RJ";"DEL03-RJ";"UOP02-DEL03-RJ"
511307;2023-03-18;"sábado";"10:40:00";"MG";116;533;"SANTA RITA DE MINAS";"Reação tardia ou ineficiente do condutor";"Queda de ocupante de veículo";"Com Vítimas Feridas";"Pleno dia";"Decrescente";"Nublado";"Simples";"Reta;Declive";"Não";1;0;1;0;0;0;1;1;-19,83624191;-42,13833241;"SPRF-MG";"DEL06-MG";"UOP02-DEL06-MG"
511309;2023-03-18;"sábado";"14:00:00";"SC";470;54,4;"BLUMENAU";"Desrespeitar a preferência no cruzamento";"Colisão transversal";"Com Vítimas Feridas";"Pleno dia";"Decrescente";"Céu Claro";"Simples";"Interseção de Vias;Rotatória";"Sim";3;0;1;0;2;0;1;2;-26,87358535;-49,1139633;"SPRF-SC";"DEL04-SC";"UOP01-DEL04-SC"
511310;2023-03-18;"sábado";"13:30:00";"SP";116;144;"SAO JOSE DOS CAMPOS";"Demais falhas mecânicas ou elétricas";"Tombamento";"Com Vítimas Feridas";"Pleno dia";"Crescente";"Céu Claro";"Dupla";"Reta";"Sim";2;0;2;0;0;0;2;1;-23,18274416;-45,84633592;"SPRF-SP";"DEL02-SP";"UOP01-DEL02-SP"
511311;2023-03-18;"sábado";"14:10:00";"SC";470;33;"GASPAR";"Mal súbito do condutor";"Capotamento";"Com Vítimas Feridas";"Pleno dia";"Decrescente";"Céu Claro";"Simples";"Curva;Desvio Temporário;Em Obras";"Não";3;0;3;0;0;0;3;1;-26,906223;-48,940575;"SPRF-SC";"DEL04-SC";"UOP01-DEL04-SC"
511313;2023-03-18;"sábado";"12:49:00";"MT";163;797;"VERA";"Acumulo de água sobre o pavimento";"Saída de leito carroçável";"Com Vítimas Feridas";"Pleno dia";"Decrescente";"Nublado";"Simples";"Aclive;Curva";"Não";4;0;3;1;0;0;4;1;-12,198977;-55,536012;"SPRF-MT";"DEL06-MT";"UOP01-DEL06-MT"
511316;2023-03-18;"sábado";"14:00:00";"PE";232;83;"GRAVATA";"Manobra de mudança de faixa";"Colisão lateral mesmo sentido";"Sem Vítimas";"Pleno dia";"Crescente";"Céu Claro";"Dupla";"Retorno Regulamentado";"Não";2;0;0;0;2;0;0;2;-8,2024868;-35,59542005;"SPRF-PE";"DEL02-PE";"UOP02-DEL02PE"
511317;2023-03-18;"sábado";"13:30:00";"MG";116;625;"ORIZANIA";"Reação tardia ou ineficiente do condutor";"Queda de ocupante de veículo";"Com Vítimas Feridas";"Pleno dia";"Decrescente";"Céu Claro";"Simples";"Em Obras;Reta";"Não";1;0;1;0;0;0;1;1;-20,53930104;-42,20536697;"SPRF-MG";"DEL07-MG";"UOP02-DEL07-MG"
511318;2023-03-18;"sábado";"15:00:00";"MG";365;727;"ITUIUTABA";"Avarias e/ou desgaste excessivo no pneu";"Saída de leito carroçável";"Com Vítimas Feridas";"Pleno dia";"Crescente";"Chuva";"Simples";"Curva;Declive";"Não";6;0;1;5;0;0;6;1;-18,89661013;-49,251117;"SPRF-MG";"DEL15-MG";"UOP03-DEL15-MG"
511319;2023-03-18;"sábado";"15:10:00";"GO";70;4;"AGUAS LINDAS DE GOIAS";"Ausência de reação do condutor";"Saída de leito carroçável";"Com Vítimas Feridas";"Pleno dia";"Crescente";"Nublado";"Dupla";"Aclive;Reta";"Sim";1;0;1;0;0;0;1;1;-15,759838;-48,246011;"SPRF-DF";"DEL03-DF";"UOP02-DEL03-DF"
511320;2023-03-18;"sábado";"13:30:00";"RS";386;263,3;"FONTOURA XAVIER";"Ausência de reação do condutor";"Saída de leito carroçável";"Com Vítimas Feridas";"Pleno dia";"Decrescente";"Céu Claro";"Simples";"Reta";"Não";1;0;1;0;0;0;1;1;-28,912495;-52,389816;"SPRF-RS";"DEL04-RS";"UOP03-DEL04-RS"
511321;2023-03-18;"sábado";"14:45:00";"RS";116;192;"PICADA CAFE";"Reação tardia ou ineficiente do condutor";"Colisão lateral sentido oposto";"Com Vítimas Feridas";"Pleno dia";"Crescente";"Céu Claro";"Simples";"Curva";"Não";2;0;1;0;1;0;1;2;-29,43865204;-51,13538892;"SPRF-RS";"DEL05-RS";"UOP02-DEL05-RS"
511323;2023-03-18;"sábado";"15:10:00";"ES";101;145;"LINHARES";"Condutor desrespeitou a iluminação vermelha do semáforo";"Colisão transversal";"Sem Vítimas";"Pleno dia";"Decrescente";"Céu Claro";"Dupla";"Interseção de Vias";"Sim";3;0;0;0;2;1;0;3;-19,36089598;-40,06464018;"SPRF-ES";"DEL04-ES";"UOP01-DEL04-ES"
511327;2023-03-18;"sábado";"08:56:00";"AC";364;215;"SENA MADUREIRA";"Demais falhas na via";"Saída de leito carroçável";"Sem Vítimas";"Pleno dia";"Crescente";"Céu Claro";"Simples";"Reta";"Não";4;0;0;0;4;0;0;1;-9,489413;-68,355835;"SPRF-AC";"DEL01-AC";"UOP01-DEL01-AC"
511338;2023-03-18;"sábado";"16:35:00";"SC";101;211,8;"PALHOCA";"Manobra de mudança de faixa";"Colisão lateral mesmo sentido";"Com Vítimas Feridas";"Pleno dia";"Decrescente";"Céu Claro";"Múltipla";"Reta";"Sim";3;0;2;0;1;0;2;2;-27,62329313;-48,65245588;"SPRF-SC";"DEL01-SC";"UOP02-DEL01-SC"
511339;2023-03-18;"sábado";"16:09:00";"MS";163;487,8;"CAMPO GRANDE";"Condutor Dormindo";"Saída de leito carroçável";"Com Vítimas Feridas";"Pleno dia";"Crescente";"Céu Claro";"Simples";"Reta";"Não";2;0;0;2;0;0;2;1;-20,42493093;-54,54550758;"SPRF-MS";"DEL01-MS";"UOP02-DEL01-MS"
511340;2023-03-18;"sábado";"15:10:00";"BA";330;804;"UBATA";"Pista esburacada";"Colisão frontal";"Com Vítimas Feridas";"Pleno dia";"Crescente";"Céu Claro";"Simples";"Reta";"Não";3;0;0;1;2;0;1;2;-14,201417;-39,533337;"SPRF-BA";"DEL03-BA";"UOP01-DEL03-BA"
511341;2023-03-18;"sábado";"15:50:00";"PE";104;113,9;"PANELAS";"Velocidade Incompatível";"Colisão com objeto";"Com Vítimas Feridas";"Pleno dia";"Crescente";"Chuva";"Simples";"Reta;Declive";"Não";2;0;0;1;1;0;1;1;-8,643015;-36,0154;"SPRF-PE";"DEL02-PE";"UOP03-DEL02-PE"
511342;2023-03-18;"sábado";"15:00:00";"RS";116;176,6;"NOVA PETROPOLIS";"Problema com o freio";"Tombamento";"Com Vítimas Feridas";"Pleno dia";"Crescente";"Céu Claro";"Simples";"Reta;Aclive";"Não";1;0;1;0;0;0;1;1;-29,3440131;-51,15075502;"SPRF-RS";"DEL05-RS";"UOP02-DEL05-RS"
511344;2023-03-18;"sábado";"15:25:00";"RO";364;17;"VILHENA";"Chuva";"Colisão transversal";"Com Vítimas Feridas";"Pleno dia";"Crescente";"Chuva";"Simples";"Interseção de Vias;Reta";"Sim";2;0;1;0;1;0;1;2;-12,73207998;-60,16589399;"SPRF-RO";"DEL04-RO";"UOP01-DEL04-RO"