"id";"data_inversa";"dia_semana";"horario";"uf";"br";"km";"municipio";"causa_acidente";"tipo_acidente";"classificacao_acidente";"fase_dia";"sentido_via";"condicao_metereologica";"tipo_pista";"tracado_via";"uso_solo";"pessoas";"mortos";"feridos_leves";"feridos_graves";"ilesos";"ignorados";"feridos";"veiculos";"latitude";"longitude";"regional";"delegacia";"uop"
511346;2023-03-18;"sábado";"14:30:00";"GO";60;268,8;"JANDAIA";"Reação tardia ou ineficiente do condutor";"Saída de leito carroçável";"Com Vítimas Feridas";"Pleno dia";"Decrescente";"Nublado";"Dupla";"Reta";"Não";4;0;0;3;1;0;3;1;-17,2059;-50,1029;"SPRF-GO";"DEL01-GO";"UOP02-DEL01-GO"
511348;2023-03-18;"sábado";"13:30:00";"MG";50;70;"UBERLANDIA";"Condutor deixou de manter distância do veículo da frente";"Colisão traseira";"Com Vítimas Feridas";"Pleno dia";"Crescente";"Céu Claro";"Dupla";"Reta";"Não";2;0;1;0;1;0;1;2;-18,85140204;-48,25345932;"SPRF-MG";"DEL15-MG";"UOP01-DEL15-MG"
511350;2023-03-18;"sábado";"17:20:00";"PR";277;4;"PARANAGUA";"Reação tardia ou ineficiente do condutor";"Colisão com objeto";"Com Vítimas Feridas";"Pleno dia";"Crescente";"Sol";"Dupla";"Reta";"Sim";1;0;1;0;0;0;1;1;-25,539684;-48,53465;"SPRF-PR";"DEL01-PR";"UOP05-DEL01-PR"
511351;2023-03-18;"sábado";"17:50:00";"PE";101;51,3;"PAULISTA";"Reação tardia ou ineficiente do condutor";"Tombamento";"Com Vítimas Feridas";"Pleno dia";"Decrescente";"Nublado";"Múltipla";"Reta";"Não";1;0;1;0;0;0;1;1;-7,9169968;-34,89689272;"SPRF-PE";"DEL01-PE";"UOP02-DEL01-PE"
511352;2023-03-18;"sábado";"17:27:00";"PI";343;1;"TERESINA";"Ingestão de álcool pelo condutor";"Colisão traseira";"Com Vítimas Feridas";"Pleno dia";"Crescente";"Nublado";"Múltipla";"Retorno Regulamentado";"Sim";2;0;1;0;1;0;1;2;-5,080872;-42,760732;"SPRF-PI";"DEL01-PI";"UOP01-DEL01-PI"
511354;2023-03-18;"sábado";"14:45:00";"SC";101;434,1;"SOMBRIO";"Desrespeitar a preferência no cruzamento";"Colisão frontal";"Com Vítimas Feridas";"Pleno dia";"Decrescente";"Céu Claro";"Múltipla";"Reta;Interseção de Vias";"Sim";2;0;0;1;1;0;1;2;-29,09958323;-49,63455677;"SPRF-SC";"DEL02-SC";"UOP02-DEL02-SC"
511357;2023-03-18;"sábado";"17:40:00";"MG";381;496,5;"BETIM";"Velocidade Incompatível";"Saída de leito carroçável";"Com Vítimas Feridas";"Anoitecer";"Decrescente";"Chuva";"Múltipla";"Curva;Aclive";"Sim";1;0;1;0;0;0;1;1;-19,97663598;-44,19936061;"SPRF-MG";"DEL01-MG";"UOP03-DEL01-MG"
511358;2023-03-18;"sábado";"11:00:00";"RS";101;45;"TERRA DE AREIA";"Acessar a via sem observar a presença dos outros veículos";"Colisão transversal";"Com Vítimas Feridas";"Pleno dia";"Decrescente";"Céu Claro";"Dupla";"Curva";"Sim";2;0;1;0;1;0;1;2;-29,569855;-50,056385;"SPRF-RS";"DEL03-RS";"UOP02-DEL03-RS"
511360;2023-03-18;"sábado";"18:20:00";"RS";290;89;"PORTO ALEGRE";"Ingestão de álcool pelo condutor";"Colisão lateral mesmo sentido";"Com Vítimas Feridas";"Pleno dia";"Crescente";"Céu Claro";"Dupla";"Reta";"Não";3;0;1;0;2;0;1;3;-29,967892;-51,147331;"SPRF-RS";"DEL01-RS";"UOP01-DEL01-RS"
511361;2023-03-18;"sábado";"18:40:00";"SP";116;147,5;"SAO JOSE DOS CAMPOS";"Avarias e/ou desgaste excessivo no pneu";"Capotamento";"Sem Vítimas";"Plena Noite";"Crescente";"Céu Claro";"Múltipla";"Reta";"Sim";1;0;0;0;0;1;0;1;-23,19542994;-45,87176303;"SPRF-SP";"DEL02-SP";"UOP01-DEL02-SP"
511362;2023-03-18;"sábado";"18:03:00";"RS";158;0;"SANTANA DO LIVRAMENTO";"Reação tardia ou ineficiente do condutor";"Colisão traseira";"Com Vítimas Feridas";"Pleno dia";"Crescente";"Céu Claro";"Simples";"Rotatória;Interseção de Vias";"Sim";4;0;1;0;3;0;1;2;-30,891298;-55,533264;"SPRF-RS";"DEL11-RS";"UOP01-DEL11-RS"
511363;2023-03-18;"sábado";"13:49:00";"PR";476;156;"ARAUCARIA";"Ausência de reação do condutor";"Atropelamento de Pedestre";"Sem Vítimas";"Pleno dia";"Crescente";"Céu Claro";"Dupla";"Reta";"Sim";2;0;0;0;0;2;0;2;-25,599157;-49,417736;"SPRF-PR";"DEL01-PR";"UOP06-DEL01-PR"
511365;2023-03-18;"sábado";"19:05:00";"RS";386;248;"SOLEDADE";"Pedestre andava na pista";"Atropelamento de Pedestre";"Com Vítimas Feridas";"Plena Noite";"Crescente";"Céu Claro";"Simples";"Reta";"Sim";3;0;1;1;1;0;2;2;-28,817902;-52,484734;"SPRF-RS";"DEL04-RS";"UOP03-DEL04-RS"
511366;2023-03-18;"sábado";"18:50:00";"DF";70;11;"BRASILIA";"Ingestão de álcool pelo condutor";"Colisão traseira";"Sem Vítimas";"Pleno dia";"Crescente";"Céu Claro";"Dupla";"Reta;Retorno Regulamentado";"Não";2;0;0;0;2;0;0;2;-15,789762;-48,148727;"SPRF-DF";"DEL03-DF";"UOP02-DEL03-DF"
511367;2023-03-18;"sábado";"18:15:00";"MT";163;833;"SINOP";"Ingestão de álcool pelo condutor";"Queda de ocupante de veículo";"Com Vítimas Feridas";"Plena Noite";"Crescente";"Nublado";"Dupla";"Reta";"Sim";1;0;0;1;0;0;1;1;-12,004832;-55,51713;"SPRF-MT";"DEL06-MT";"UOP02-DEL06-MT"
511368;2023-03-18;"sábado";"16:43:00";"GO";50;100;"CRISTALINA";"Avarias e/ou desgaste excessivo no pneu";"Saída de leito carroçável";"Com Vítimas Feridas";"Pleno dia";"Crescente";"Chuva";"Dupla";"Reta;Declive";"Sim";3;0;1;1;1;0;2;1;-16,78119134;-47,63034767;"SPRF-DF";"DEL01-DF";"UOP02-DEL01-DF"
511371;2023-03-18;"sábado";"18:30:00";"SP";116;211;"GUARULHOS";"Demais falhas na via";"Eventos atípicos";"Com Vítimas Feridas";"Plena Noite";"Decrescente";"Ignorado";"Múltipla";"Reta;Aclive";"Sim";1;0;0;1;0;0;1;1;-23,4324306;-46,4194352;"SPRF-SP";"DEL01-SP";"UOP01-DEL01-SP"
511372;2023-03-18;"sábado";"16:35:00";"RS";287;407,7;"SANTIAGO";"Objeto estático sobre o leito carroçável";"Colisão com objeto";"Com Vítimas Feridas";"Pleno dia";"Crescente";"Chuva";"Simples";"Reta";"Não";2;0;2;0;0;0;2;1;-29,11106678;-54,91255265;"SPRF-RS";"DEL12-RS";"UOP02-DEL12-RS"
511374;2023-03-18;"sábado";"17:20:00";"MG";116;679;"MIRADOURO";"Chuva";"Saída de leito carroçável";"Com Vítimas Feridas";"Anoitecer";"Decrescente";"Chuva";"Simples";"Curva";"Não";1;0;1;0;0;0;1;1;-20,9321532;-42,34137072;"SPRF-MG";"DEL07-MG";"UOP02-DEL07-MG"
511375;2023-03-18;"sábado";"19:34:00";"PE";232;190,7;"SANHARO";"Transitar na contramão";"Colisão frontal";"Com Vítimas Fatais";"Pleno dia";"Crescente";"Chuva";"Simples";"Reta";"Não";2;1;0;0;1;0;0;2;-8,35625579;-36,51869702;"SPRF-PE";"DEL03-PE";"UOP02-DEL03-PE"
511376;2023-03-18;"sábado";"19:10:00";"MS";262;240,3;"RIBAS DO RIO PARDO";"Pedestre andava na pista";"Atropelamento de Pedestre";"Com Vítimas Feridas";"Plena Noite";"Crescente";"Chuva";"Simples";"Reta";"Sim";3;0;0;1;0;2;1;2;-20,45766622;-53,76551998;"SPRF-MS";"DEL01-MS";"UOP01-DEL01-MS"
511377;2023-03-18;"sábado";"17:00:00";"SC";101;332,6;"TUBARAO";"Acesso irregular";"Colisão lateral mesmo sentido";"Com Vítimas Feridas";"Pleno dia";"Crescente";"Céu Claro";"Simples";"Interseção de Vias;Reta";"Sim";3;0;1;0;1;1;1;2;-28,4655;-48,995925;"SPRF-SC";"DEL02-SC";"UOP01-DEL02-SC"
511378;2023-03-18;"sábado";"19:15:00";"SP";116;120,9;"CACAPAVA";"Demais falhas mecânicas ou elétricas";"Tombamento";"Com Vítimas Feridas";"Plena Noite";"Crescente";"Céu Claro";"Dupla";"Reta";"Não";1;0;1;0;0;0;1;1;-23,0715638;-45,64459209;"SPRF-SP";"DEL02-SP";"UOP02-DEL02-SP"
511379;2023-03-18;"sábado";"18:32:00";"PB";230;21;"JOAO PESSOA";"Acostamento em desnível";"Tombamento";"Com Vítimas Feridas";"Plena Noite";"Crescente";"Céu Claro";"Dupla";"Reta";"Sim";1;0;1;0;0;0;1;1;-7,1415;-34,8519;"SPRF-PB";"DEL01-PB";"UOP01-DEL01-PB"
511382;2023-03-18;"sábado";"20:00:00";"TO";153;561;"FATIMA";"Entrada inopinada do pedestre";"Atropelamento de Pedestre";"Com Vítimas Feridas";"Plena Noite";"Crescente";"Nublado";"Dupla";"Reta";"Sim";2;0;1;0;1;0;1;2;-10,75197807;-48,90257114;"SPRF-TO";"DEL01-TO";"UOP01-DEL01-TO"
511383;2023-03-18;"sábado";"20:10:00";"PB";230;331,7;"PATOS";"Chuva";"Tombamento";"Com Vítimas Feridas";"Plena Noite";"Decrescente";"Chuva";"Simples";"Reta";"Não";2;0;1;1;0;0;2;1;-7,020564;-37,237063;"SPRF-PB";"DEL03-PB";"UOP01-DEL03-PB"
511385;2023-03-18;"sábado";"20:00:00";"SP";381;54,9;"MAIRIPORA";"Ausência de reação do condutor";"Colisão com objeto";"Sem Vítimas";"Plena Noite";"Crescente";"Céu Claro";"Múltipla";"Curva";"Não";1;0;0;0;1;0;0;1;-23,2449074;-46,59562343;"SPRF-SP";"DEL03-SP";"UOP01-DEL03-SP"
511386;2023-03-18;"sábado";"18:30:00";"MA";230;396;"BALSAS";"Conversão proibida";"Colisão transversal";"Com Vítimas Feridas";"Plena Noite";"Decrescente";"Céu Claro";"Simples";"Reta";"Não";3;0;2;1;0;0;3;2;-7,460778;-46,016342;"SPRF-MA";"DEL05-MA";"UOP01-DEL05-MA"
511387;2023-03-18;"sábado";"19:20:00";"MG";116;494;"INHAPIM";"Reação tardia ou ineficiente do condutor";"Capotamento";"Com Vítimas Feridas";"Plena Noite";"Crescente";"Nublado";"Simples";"Curva";"Não";2;0;1;0;1;0;1;1;-19,50998002;-42,12818892;"SPRF-MG";"DEL06-MG";"UOP02-DEL06-MG"
511388;2023-03-18;"sábado";"21:00:00";"SP";101;51,9;"UBATUBA";"Entrada inopinada do pedestre";"Atropelamento de Pedestre";"Com Vítimas Feridas";"Plena Noite";"Crescente";"Nublado";"Simples";"Reta";"Sim";2;0;1;1;0;0;2;2;-23,46230152;-45,06499529;"SPRF-SP";"DEL06-SP";"UOP01-DEL06-SP"
511390;2023-03-18;"sábado";"19:20:00";"MG";381;669,2;"PERDOES";"Reação tardia ou ineficiente do condutor";"Capotamento";"Com Vítimas Feridas";"Plena Noite";"Crescente";"Céu Claro";"Dupla";"Reta";"Não";1;0;1;0;0;0;1;1;-21,07596273;-45,05547819;"SPRF-MG";"DEL04-MG";"UOP02-DEL04-MG"
511391;2023-03-18;"sábado";"18:41:00";"MS";163;331,6;"RIO BRILHANTE";"Reação tardia ou ineficiente do condutor";"Saída de leito carroçável";"Com Vítimas Feridas";"Pleno dia";"Crescente";"Céu Claro";"Dupla";"Reta";"Não";3;0;2;0;1;0;2;1;-21,71677804;-54,50662589;"SPRF-MS";"DEL02-MS";"UOP02-DEL02-MS"
511392;2023-03-18;"sábado";"19:45:00";"PE";232;512;"SALGUEIRO";"Reação tardia ou ineficiente do condutor";"Atropelamento de Pedestre";"Com Vítimas Feridas";"Plena Noite";"Decrescente";"Céu Claro";"Simples";"Reta";"Não";3;0;0;3;0;0;3;2;-8,07319601;-39,15511499;"SPRF-PE";"DEL05-PE";"UOP01-DEL05-PE"
511393;2023-03-18;"sábado";"20:20:00";"BA";101;796;"ITAMARAJU";"Ausência de reação do condutor";"Capotamento";"Com Vítimas Feridas";"Plena Noite";"Crescente";"Céu Claro";"Simples";"Curva;Em Obras";"Não";1;0;1;0;0;0;1;1;-17,11174983;-39,5663973;"SPRF-BA";"DEL09-BA";"UOP01-DEL09-BA"
511394;2023-03-18;"sábado";"16:30:00";"PA";155;334;"MARABA";"Pista esburacada";"Colisão lateral mesmo sentido";"Sem Vítimas";"Pleno dia";"Crescente";"Céu Claro";"Simples";"Reta";"Não";2;0;0;0;2;0;0;2;-5,450177;-49,07592;"SPRF-PA";"DEL03-PA";"UOP01-DEL03-PA"
511395;2023-03-18;"sábado";"14:50:00";"PA";155;311;"MARABA";"Acessar a via sem observar a presença dos outros veículos";"Colisão lateral mesmo sentido";"Com Vítimas Feridas";"Pleno dia";"Decrescente";"Céu Claro";"Simples";"Reta";"Sim";2;0;1;0;1;0;1;2;-5,64268008;-49,10875759;"SPRF-PA";"DEL03-PA";"UOP01-DEL03-PA"
511396;2023-03-18;"sábado";"21:20:00";"PR";116;98,2;"SAO JOSE DOS PINHAIS";"Demais falhas na via";"Saída de leito carroçável";"Com Vítimas Feridas";"Plena Noite";"Decrescente";"Céu Claro";"Dupla";"Reta";"Sim";1;0;1;0;0;0;1;1;-25,55302547;-49,14947391;"SPRF-PR";"DEL01-PR";"UOP07-DEL01-PR"
511397;2023-03-18;"sábado";"18:40:00";"AL";423;81;"AGUA BRANCA";"Pedestre andava na pista";"Atropelamento de Pedestre";"Com Vítimas Fatais";"Plena Noite";"Crescente";"Céu Claro";"Simples";"Reta";"Não";2;1;0;0;0;1;0;2;-9,33400105;-37,99426098;"SPRF-BA";"DEL07-BA";"UOP01-DEL07-BA"
511398;2023-03-18;"sábado";"17:20:00";"RS";290;113;"ELDORADO DO SUL";"Reação tardia ou ineficiente do condutor";"Engavetamento";"Sem Vítimas";"Pleno dia";"Decrescente";"Céu Claro";"Simples";"Reta";"Não";3;0;0;0;3;0;0;2;-30,043636;-51,337456;"SPRF-RS";"DEL02-RS";"UOP01-DEL02-RS"
511399;2023-03-18;"sábado";"22:00:00";"RN";226;173,1;"CURRAIS NOVOS";"Acumulo de água sobre o pavimento";"Colisão traseira";"Com Vítimas Feridas";"Plena Noite";"Decrescente";"Chuva";"Simples";"Declive;Reta";"Não";2;0;0;1;0;1;1;2;-6,2581793;-36,50117297;"SPRF-RN";"DEL03-RN";"UOP02-DEL03-RN"
511400;2023-03-18;"sábado";"18:40:00";"BA";330;816;"JITAUNA";"Ausência de reação do condutor";"Atropelamento de Pedestre";"Com Vítimas Fatais";"Plena Noite";"Crescente";"Céu Claro";"Simples";"Reta";"Não";2;1;1;0;0;0;1;2;-14,00755194;-39,87504404;"SPRF-BA";"DEL03-BA";"UOP01-DEL03-BA"
511402;2023-03-18;"sábado";"19:25:00";"PB";230;278,5;"SANTA LUZIA";"Acumulo de água sobre o pavimento";"Colisão com objeto";"Sem Vítimas";"Plena Noite";"Decrescente";"Chuva";"Simples";"Curva";"Não";1;0;0;0;0;1;0;1;-6,9513;-36,8451;"SPRF-PB";"DEL03-PB";"UOP01-DEL03-PB"
511404;2023-03-18;"sábado";"20:00:00";"RO";364;514;"ARIQUEMES";"Reação tardia ou ineficiente do condutor";"Queda de ocupante de veículo";"Com Vítimas Feridas";"Plena Noite";"Decrescente";"Nublado";"Simples";"Reta";"Sim";1;0;1;0;0;0;1;1;-9,93398403;-63,05522959;"SPRF-RO";"DEL03-RO";"UOP01-DEL03-RO"
511405;2023-03-18;"sábado";"19:40:00";"SC";280;107,6;"SAO BENTO DO SUL";"Transitar na contramão";"Colisão lateral sentido oposto";"Sem Vítimas";"Anoitecer";"Decrescente";"Céu Claro";"Simples";"Reta";"Não";2;0;0;0;2;0;0;2;-26,34306695;-49,37560427;"SPRF-SC";"DEL06-SC";"UOP03-DEL06-SC"
511406;2023-03-18;"sábado";"23:30:00";"SP";116;193;"SANTA ISABEL";"Ingestão de álcool ou de substâncias psicoativas pelo pedestre";"Queda de ocupante de veículo";"Com Vítimas Feridas";"Plena Noite";"Decrescente";"Céu Claro";"Múltipla";"Declive;Reta";"Sim";2;0;1;0;1;0;1;1;-23,380407;-46,258509;"SPRF-SP";"DEL01-SP";"UOP01-DEL01-SP"
511408;2023-03-18;"sábado";"20:40:00";"MG";50;112;"UBERABA";"Ausência de reação do condutor";"Colisão traseira";"Com Vítimas Feridas";"Plena Noite";"Decrescente";"Céu Claro";"Dupla";"Reta";"Não";5;0;2;0;3;0;2;2;-19,24093976;-48,13935945;"SPRF-MG";"DEL13-MG";"UOP01-DEL13-MG"
511409;2023-03-18;"sábado";"22:00:00";"PR";376;229;"APUCARANA";"Velocidade Incompatível";"Colisão traseira";"Com Vítimas Feridas";"Plena Noite";"Crescente";"Céu Claro";"Dupla";"Reta;Aclive";"Não";3;0;1;2;0;0;3;2;-23,564101;-51,5307394;"SPRF-PR";"DEL07-PR";"UOP03-DEL07-PR"
511410;2023-03-18;"sábado";"23:00:00";"MG";50;69;"UBERLANDIA";"Condutor deixou de manter distância do veículo da frente";"Colisão com objeto";"Sem Vítimas";"Plena Noite";"Crescente";"Céu Claro";"Dupla";"Reta";"Não";1;0;0;0;1;0;0;1;-18,85140204;-48,25345932;"SPRF-MG";"DEL15-MG";"UOP01-DEL15-MG"
511413;2023-03-18;"sábado";"22:00:00";"SC";101;247,5;"PAULO LOPES";"Ausência de reação do condutor";"Saída de leito carroçável";"Com Vítimas Feridas";"Plena Noite";"Crescente";"Céu Claro";"Dupla";"Reta";"Não";2;0;1;0;1;0;1;1;-27,91824491;-48,65414317;"SPRF-SC";"DEL02-SC";"UOP03-DEL02-SC"
511414;2023-03-18;"sábado";"23:00:00";"MG";50;87;"UBERLANDIA";"Condutor deixou de manter distância do veículo da frente";"Colisão traseira";"Com Vítimas Feridas";"Plena Noite";"Crescente";"Céu Claro";"Dupla";"Reta";"Não";3;0;1;0;2;0;1;2;-19,02250908;-48,20461726;"SPRF-MG";"DEL15-MG";"UOP01-DEL15-MG"
511416;2023-03-18;"sábado";"19:00:00";"AP";156;453;"TARTARUGALZINHO";"Velocidade Incompatível";"Colisão traseira";"Com Vítimas Fatais";"Plena Noite";"Decrescente";"Céu Claro";"Simples";"Reta";"Não";3;1;1;1;0;0;2;2;1,37549061;-50,92145633;"SPRF-AP";"DEL01-AP";"UOP02-DEL01-AP"
511418;2023-03-18;"sábado";"23:30:00";"TO";153;670;"GURUPI";"Condutor deixou de manter distância do veículo da frente";"Colisão traseira";"Com Vítimas Feridas";"Plena Noite";"Crescente";"Chuva";"Simples";"Reta";"Não";5;0;1;0;3;1;1;3;-11,70998005;-49,07471975;"SPRF-TO";"DEL01-TO";"UOP02-DEL01-TO"
511419;2023-03-18;"sábado";"22:58:00";"ES";101;25;"CONCEICAO DA BARRA";"Reação tardia ou ineficiente do condutor";"Colisão traseira";"Com Vítimas Feridas";"Plena Noite";"Crescente";"Céu Claro";"Simples";"Reta";"Não";3;0;0;2;1;0;2;2;-18,36739611;-39,95084729;"SPRF-ES";"DEL04-ES";"UOP02-DEL04-ES"
511420;2023-03-18;"sábado";"23:01:00";"SC";158;125;"CAIBI";"Ingestão de álcool pelo condutor";"Colisão lateral sentido oposto";"Com Vítimas Feridas";"Pleno dia";"Crescente";"Céu Claro";"Simples";"Reta";"Não";3;0;1;0;2;0;1;2;-27,004529;-53,225251;"SPRF-SC";"DEL07-SC";"UOP02-DEL07-SC"
511421;2023-03-18;"sábado";"22:30:00";"RS";386;17,8;"FREDERICO WESTPHALEN";"Velocidade Incompatível";"Capotamento";"Sem Vítimas";"Plena Noite";"Decrescente";"Céu Claro";"Simples";"Declive;Curva";"Não";1;0;0;0;0;1;0;1;-27,244148;-53,343632;"SPRF-RS";"DEL08-RS";"UOP02-DEL08-RS"
511423;2023-03-19;"domingo";"00:02:00";"RS";116;150,2;"CAXIAS DO SUL";"Pedestre cruzava a pista fora da faixa";"Atropelamento de Pedestre";"Com Vítimas Feridas";"Plena Noite";"Decrescente";"Céu Claro";"Dupla";"Reta";"Sim";4;0;2;1;0;1;3;2;-29,17232312;-51,16028309;"SPRF-RS";"DEL05-RS";"UOP01-DEL05-RS"
511424;2023-03-19;"domingo";"00:05:00";"PI";343;1,8;"TERESINA";"Condutor deixou de manter distância do veículo da frente";"Colisão traseira";"Sem Vítimas";"Plena Noite";"Crescente";"Céu Claro";"Simples";"Reta";"Sim";2;0;0;0;2;0;0;2;-5,08131556;-42,76574135;"SPRF-PI";"DEL05-PI";"UOP01-DEL05-PI"
511428;2023-03-19;"domingo";"00:33:00";"GO";60;31,9;"ALEXANIA";"Transitar na contramão";"Colisão frontal";"Com Vítimas Feridas";"Plena Noite";"Crescente";"Céu Claro";"Dupla";"Reta";"Sim";2;0;1;0;1;0;1;2;-16,0963;-48,5202;"SPRF-DF";"DEL03-DF";"UOP01-DEL03-DF"
511431;2023-03-19;"domingo";"00:15:00";"SP";116;115;"TAUBATE";"Reação tardia ou ineficiente do condutor";"Colisão com objeto";"Com Vítimas Feridas";"Plena Noite";"Crescente";"Céu Claro";"Dupla";"Reta";"Não";1;0;1;0;0;0;1;1;-23,0496047;-45,59973712;"SPRF-SP";"DEL02-SP";"UOP02-DEL02-SP"
511433;2023-03-18;"sábado";"16:23:00";"BA";116;426;"FEIRA DE SANTANA";"Obras na pista";"Colisão frontal";"Com Vítimas Feridas";"Pleno dia";"Crescente";"Nublado";"Dupla";"Reta";"Sim";2;0;1;0;1;0;1;2;-12,24420407;-38,98563987;"SPRF-BA";"DEL02-BA";"UOP01-DEL02-BA"
511437;2023-03-19;"domingo";"01:16:00";"MG";381;485;"BETIM";"Velocidade Incompatível";"Colisão com objeto";"Com Vítimas Feridas";"Plena Noite";"Decrescente";"Céu Claro";"Múltipla";"Reta;Declive";"Sim";3;0;3;0;0;0;3;1;-19,9554138;-44,0985643;"SPRF-MG";"DEL01-MG";"UOP03-DEL01-MG"
511438;2023-03-18;"sábado";"22:20:00";"PI";343;314,5;"ALTOS";"Acessar a via sem observar a presença dos outros veículos";"Colisão traseira";"Com Vítimas Fatais";"Plena Noite";"Decrescente";"Nublado";"Simples";"Reta";"Sim";2;1;0;0;1;0;0;2;-5,047249;-42,527164;"SPRF-PI";"DEL01-PI";"UOP01-DEL01-PI"
511439;2023-03-19;"domingo";"00:15:00";"PE";104;81;"AGRESTINA";"Demais falhas mecânicas ou elétricas";"Colisão com objeto";"Sem Vítimas";"Plena Noite";"Decrescente";"Garoa/Chuvisco";"Simples";"Reta";"Não";2;0;0;0;2;0;0;2;-8,33334827;-35,98140847;"SPRF-PE";"DEL02-PE";"UOP01-DEL02-PE"
511440;2023-03-19;"domingo";"00:40:00";"MG";50;81;"UBERLANDIA";"Reação tardia ou ineficiente do condutor";"Colisão com objeto";"Sem Vítimas";"Plena Noite";"Crescente";"Céu Claro";"Simples";"Viaduto";"Não";3;0;0;0;2;1;0;1;-18,986906;-48,211853;"SPRF-MG";"DEL15-MG";"UOP01-DEL15-MG"
511442;2023-03-18;"sábado";"23:00:00";"AM";174;1026;"PRESIDENTE FIGUEIREDO";"Pista esburacada";"Queda de ocupante de veículo";"Com Vítimas Feridas";"Plena Noite";"Crescente";"Nublado";"Simples";"Reta";"Não";1;0;0;1;0;0;1;1;-1,78000098;-60,14235183;"SPRF-AM";"DEL01-AM";"UOP02-DEL01-AM"
511443;2023-03-19;"domingo";"01:00:00";"MG";40;774,5;"JUIZ DE FORA";"Falta de elemento de contenção que evite a saída do leito carroçável";"Saída de leito carroçável";"Sem Vítimas";"Plena Noite";"Crescente";"Nublado";"Dupla";"Reta";"Não";1;0;0;0;1;0;0;1;-21,63264999;-43,44311998;"SPRF-MG";"DEL05-MG";"UOP01-DEL05-MG"
511444;2023-03-19;"domingo";"01:50:00";"MG";381;619;"OLIVEIRA";"Condutor Dormindo";"Saída de leito carroçável";"Com Vítimas Feridas";"Plena Noite";"Crescente";"Céu Claro";"Dupla";"Reta";"Não";1;0;1;0;0;0;1;1;-20,77747317;-44,78250849;"SPRF-MG";"DEL04-MG";"UOP01-DEL04-MG"
511445;2023-03-19;"domingo";"02:10:00";"SC";101;26,9;"JOINVILLE";"Pedestre andava na pista";"Atropelamento de Pedestre";"Com Vítimas Fatais";"Plena Noite";"Crescente";"Céu Claro";"Múltipla";"Reta;Viaduto";"Sim";2;1;0;1;0;0;1;2;-26,2012207;-48,9132461;"SPRF-SC";"DEL03-SC";"UOP01-DEL03-SC"
511446;2023-03-18;"sábado";"23:40:00";"RR";174;180;"RORAINOPOLIS";"Transitar na contramão";"Colisão frontal";"Com Vítimas Fatais";"Plena Noite";"Decrescente";"Céu Claro";"Simples";"Reta";"Não";5;1;4;0;0;0;4;2;0,663227;-60,450893;"SPRF-RR";"DEL01-RR";"UOP01-DEL01-RR"
511447;2023-03-19;"domingo";"03:10:00";"RS";290;721;"URUGUAIANA";"Velocidade Incompatível";"Saída de leito carroçável";"Sem Vítimas";"Plena Noite";"Decrescente";"Nublado";"Simples";"Curva;Interseção de Vias";"Sim";2;0;0;0;0;2;0;2;-29,7602235;-57,0596087;"SPRF-RS";"DEL13-RS";"UOP01-DEL13-RS"
511449;2023-03-19;"domingo";"02:40:00";"PE";104;61,5;"CARUARU";"Demais falhas mecânicas ou elétricas";"Capotamento";"Sem Vítimas";"Plena Noite";"Decrescente";"Ignorado";"Dupla";"Reta";"Não";1;0;0;0;0;1;0;1;-8,2529;-35,9751;"SPRF-PE";"DEL02-PE";"UOP01-DEL02-PE"
511450;2023-03-19;"domingo";"02:50:00";"RS";290;576;"ALEGRETE";"Reação tardia ou ineficiente do condutor";"Saída de leito carroçável";"Com Vítimas Feridas";"Plena Noite";"Crescente";"Céu Claro";"Simples";"Curva;Retorno Regulamentado";"Não";3;0;1;0;2;0;1;1;-29,815786;-55,738701;"SPRF-RS";"DEL13-RS";"UOP02-DEL13-RS"
511451;2023-03-19;"domingo";"02:30:00";"RS";290;580;"ALEGRETE";"Reação tardia ou ineficiente do condutor";"Colisão com objeto";"Sem Vítimas";"Plena Noite";"Decrescente";"Nublado";"Simples";"Reta;Ponte";"Não";2;0;0;0;2;0;0;1;-29,804993;-55,777481;"SPRF-RS";"DEL13-RS";"UOP02-DEL13-RS"
511452;2023-03-19;"domingo";"02:00:00";"SC";101;32;"JOINVILLE";"Ingestão de álcool pelo condutor";"Colisão traseira";"Com Vítimas Feridas";"Plena Noite";"Crescente";"Céu Claro";"Dupla";"Reta";"Não";4;0;1;0;3;0;1;2;-26,226987;-48,91657;"SPRF-SC";"DEL03-SC";"UOP01-DEL03-SC"
511453;2023-03-19;"domingo";"03:56:00";"ES";101;291;"CARIACICA";"Ingestão de álcool pelo condutor";"Colisão traseira";"Com Vítimas Feridas";"Plena Noite";"Decrescente";"Céu Claro";"Dupla";"Reta";"Sim";5;0;3;0;2;0;3;2;-20,29755744;-40,39445616;"SPRF-ES";"DEL01-ES";"UOP01-DEL01-ES"
511454;2023-03-19;"domingo";"01:00:00";"CE";222;205,6;"FORQUILHA";"Ingestão de álcool pelo condutor";"Saída de leito carroçável";"Com Vítimas Feridas";"Plena Noite";"Decrescente";"Nublado";"Simples";"Curva";"Não";1;0;1;0;0;0;1;1;-3,781798;-40,230502;"SPRF-CE";"DEL04-CE";"UOP01-DEL04-CE"
511455;2023-03-18;"sábado";"20:00:00";"RS";285;79,3;"BOM JESUS";"Ausência de reação do condutor";"Tombamento";"Com Vítimas Feridas";"Plena Noite";"Crescente";"Céu Claro";"Dupla";"Curva";"Não";4;0;1;1;2;0;2;1;-28,645018;-50,594422;"SPRF-RS";"DEL05-RS";"UOP03-DEL05-RS"