"id";"data_inversa";"dia_semana";"horario";"uf";"br";"km";"municipio";"causa_acidente";"tipo_acidente";"classificacao_acidente";"fase_dia";"sentido_via";"condicao_metereologica";"tipo_pista";"tracado_via";"uso_solo";"pessoas";"mortos";"feridos_leves";"feridos_graves";"ilesos";"ignorados";"feridos";"veiculos";"latitude";"longitude";"regional";"delegacia";"uop"
511456;2023-03-19;"domingo";"03:49:00";"PE";232;109,5;"BEZERROS";"Ingestão de álcool pelo condutor";"Saída de leito carroçável";"Com Vítimas Feridas";"Plena Noite";"Crescente";"Céu Claro";"Dupla";"Curva;Retorno Regulamentado";"Não";1;0;1;0;0;0;1;1;-8,28036785;-35,81085313;"SPRF-PE";"DEL02-PE";"UOP02-DEL02PE"
511457;2023-03-19;"domingo";"01:20:00";"SC";282;129;"BOM RETIRO";"Ausência de reação do condutor";"Saída de leito carroçável";"Com Vítimas Feridas";"Plena Noite";"Crescente";"Nublado";"Simples";"Reta";"Sim";1;0;0;1;0;0;1;1;-27,800129;-49,496468;"SPRF-SC";"DEL05-SC";"UOP01-DEL05-SC"
511458;2023-03-19;"domingo";"03:30:00";"RS";290;161,8;"SAO JERONIMO";"Transitar na contramão";"Colisão frontal";"Com Vítimas Feridas";"Plena Noite";"Crescente";"Céu Claro";"Simples";"Interseção de Vias";"Não";6;0;3;0;3;0;3;2;-30,11352185;-51,83318496;"SPRF-RS";"DEL02-RS";"UOP01-DEL02-RS"
511461;2023-03-19;"domingo";"03:53:00";"PR";277;98;"CURITIBA";"Ingestão de álcool e/ou substâncias psicoativas pelo pedestre";"Saída de leito carroçável";"Sem Vítimas";"Plena Noite";"Decrescente";"Céu Claro";"Simples";"Reta";"Sim";1;0;0;0;1;0;0;1;-25,540113;-49,311317;"SPRF-PR";"DEL01-PR";"UOP06-DEL01-PR"
511462;2023-03-19;"domingo";"04:20:00";"MS";163;237,6;"CAARAPO";"Ausência de reação do condutor";"Colisão com objeto";"Com Vítimas Feridas";"Plena Noite";"Crescente";"Céu Claro";"Simples";"Reta";"Não";1;0;0;1;0;0;1;1;-22,411665;-54,799096;"SPRF-MS";"DEL04-MS";"UOP02-DEL04-MS"
511463;2023-03-19;"domingo";"03:30:00";"SC";101;381;"ICARA";"Pedestre andava na pista";"Atropelamento de Pedestre";"Sem Vítimas";"Plena Noite";"Decrescente";"Nublado";"Múltipla";"Reta;Declive";"Não";2;0;0;0;1;1;0;2;-28,75478409;-49,27732095;"SPRF-SC";"DEL02-SC";"UOP02-DEL02-SC"
511464;2023-03-19;"domingo";"04:15:00";"RJ";101;534;"PARATY";"Ausência de reação do condutor";"Tombamento";"Com Vítimas Feridas";"Plena Noite";"Decrescente";"Céu Claro";"Simples";"Rotatória";"Sim";1;0;0;1;0;0;1;1;-23,02980854;-44,54399522;"SPRF-RJ";"DEL03-RJ";"UOP04-DEL03-RJ"
511465;2023-03-19;"domingo";"05:30:00";"RS";290;54;"GLORINHA";"Condutor Dormindo";"Saída de leito carroçável";"Com Vítimas Feridas";"Amanhecer";"Crescente";"Céu Claro";"Dupla";"Reta";"Não";2;0;2;0;0;0;2;1;-29,912643;-50,798103;"SPRF-RS";"DEL03-RS";"UOP01-DEL03-RS"
511466;2023-03-18;"sábado";"21:40:00";"BA";101;362;"GANDU";"Ultrapassagem Indevida";"Colisão lateral sentido oposto";"Com Vítimas Feridas";"Plena Noite";"Decrescente";"Garoa/Chuvisco";"Simples";"Reta";"Não";2;0;1;0;0;1;1;2;-13,715294;-39,478476;"SPRF-BA";"DEL05-BA";"UOP03-DEL05-BA"
511467;2023-03-19;"domingo";"05:25:00";"SC";101;119;"ITAJAI";"Reação tardia ou ineficiente do condutor";"Colisão com objeto";"Com Vítimas Feridas";"Amanhecer";"Decrescente";"Céu Claro";"Dupla";"Reta";"Não";1;0;1;0;0;0;1;1;-26,9043179;-48,71555481;"SPRF-SC";"DEL04-SC";"UOP04-DEL04-SC"
511468;2023-03-19;"domingo";"05:58:00";"ES";101;119;"SOORETAMA";"Condutor deixou de manter distância do veículo da frente";"Colisão traseira";"Com Vítimas Feridas";"Pleno dia";"Decrescente";"Céu Claro";"Simples";"Reta";"Não";3;0;1;0;2;0;1;2;-19,13567283;-40,07109336;"SPRF-ES";"DEL04-ES";"UOP01-DEL04-ES"
511469;2023-03-19;"domingo";"05:00:00";"MG";116;703,8;"MURIAE";"Ingestão de álcool pelo condutor";"Saída de leito carroçável";"Com Vítimas Feridas";"Amanhecer";"Crescente";"Céu Claro";"Simples";"Declive;Reta";"Sim";1;0;0;1;0;0;1;1;-21,1351259;-42,3871084;"SPRF-MG";"DEL07-MG";"UOP02-DEL07-MG"
511471;2023-03-19;"domingo";"04:00:00";"SC";101;464,5;"PASSO DE TORRES";"Ingestão de álcool pelo condutor";"Saída de leito carroçável";"Sem Vítimas";"Amanhecer";"Crescente";"Céu Claro";"Simples";"Curva";"Não";1;0;0;0;1;0;0;1;-29,29207274;-49,76148319;"SPRF-RS";"DEL03-RS";"UOP02-DEL03-RS"
511475;2023-03-19;"domingo";"05:20:00";"RS";116;349,8;"TAPES";"Conversão proibida";"Colisão transversal";"Com Vítimas Feridas";"Amanhecer";"Decrescente";"Nevoeiro/Neblina";"Dupla";"Reta";"Não";8;0;4;1;1;2;5;3;-30,53448256;-51,50122241;"SPRF-RS";"DEL02-RS";"UOP02-DEL02-RS"
511476;2023-03-19;"domingo";"05:30:00";"SC";101;147;"ITAPEMA";"Condutor deixou de manter distância do veículo da frente";"Colisão lateral mesmo sentido";"Com Vítimas Feridas";"Amanhecer";"Crescente";"Céu Claro";"Múltipla";"Reta";"Sim";1;0;1;0;0;0;1;1;-27,09237407;-48,61730888;"SPRF-SC";"DEL04-SC";"UOP03-DEL04-SC"
511477;2023-03-19;"domingo";"05:45:00";"AL";101;215,9;"IGREJA NOVA";"Velocidade Incompatível";"Saída de leito carroçável";"Com Vítimas Fatais";"Pleno dia";"Crescente";"Céu Claro";"Dupla";"Declive;Reta";"Não";2;1;0;0;0;1;0;2;-10,03540287;-36,64050113;"SPRF-AL";"DEL02-AL";"UOP02-DEL02-AL"
511478;2023-03-19;"domingo";"04:40:00";"CE";116;23,9;"AQUIRAZ";"Condutor Dormindo";"Saída de leito carroçável";"Com Vítimas Feridas";"Plena Noite";"Decrescente";"Nublado";"Dupla";"Declive;Curva";"Não";3;0;1;1;0;1;2;2;-3,95781696;-38,51285219;"SPRF-CE";"DEL01-CE";"UOP02-DEL01-CE"
511481;2023-03-19;"domingo";"03:00:00";"GO";153;391,2;"SAO FRANCISCO DE GOIAS";"Ingestão de álcool pelo condutor";"Saída de leito carroçável";"Sem Vítimas";"Plena Noite";"Crescente";"Garoa/Chuvisco";"Simples";"Reta";"Não";1;0;0;0;1;0;0;1;-15,981332;-49,16058;"SPRF-GO";"DEL02-GO";"UOP02-DEL02-GO"
511482;2023-03-19;"domingo";"06:30:00";"MG";40;41,8;"PARACATU";"Reação tardia ou ineficiente do condutor";"Saída de leito carroçável";"Com Vítimas Feridas";"Amanhecer";"Crescente";"Céu Claro";"Simples";"Reta";"Não";1;0;0;1;0;0;1;1;-17,21271307;-46,87295209;"SPRF-MG";"DEL14-MG";"UOP01-DEL14-MG"
511483;2023-03-19;"domingo";"07:10:00";"PR";369;154;"LONDRINA";"Ingestão de álcool pelo condutor";"Colisão com objeto";"Sem Vítimas";"Pleno dia";"Crescente";"Céu Claro";"Dupla";"Retorno Regulamentado";"Sim";1;0;0;0;0;1;0;1;-23,2973457;-51,20127261;"SPRF-PR";"DEL07-PR";"UOP01-DEL07-PR"
511484;2023-03-19;"domingo";"07:20:00";"PR";369;184;"ARAPONGAS";"Ingestão de álcool pelo condutor";"Colisão transversal";"Com Vítimas Feridas";"Pleno dia";"Decrescente";"Céu Claro";"Simples";"Reta";"Sim";7;0;2;0;3;2;2;3;-23,422924;-51,42393;"SPRF-PR";"DEL07-PR";"UOP03-DEL07-PR"
511485;2023-03-19;"domingo";"08:00:00";"ES";101;280;"SERRA";"Ausência de reação do condutor";"Saída de leito carroçável";"Com Vítimas Feridas";"Pleno dia";"Crescente";"Céu Claro";"Dupla";"Curva;Declive";"Não";2;0;0;2;0;0;2;1;-20,21828666;-40,34895595;"SPRF-ES";"DEL02-ES";"UOP01-DEL02-ES"
511486;2023-02-12;"domingo";"01:50:00";"RS";101;58,2;"MAQUINE";"Ausência de reação do condutor";"Saída de leito carroçável";"Com Vítimas Feridas";"Plena Noite";"Decrescente";"Céu Claro";"Dupla";"Curva";"Não";1;0;0;1;0;0;1;1;-29,6769048;-50,14451981;"SPRF-RS";"DEL03-RS";"UOP02-DEL03-RS"
511490;2023-03-03;"sexta-feira";"07:20:00";"SC";470;53,1;"BLUMENAU";"Ultrapassagem Indevida";"Colisão lateral mesmo sentido";"Com Vítimas Feridas";"Pleno dia";"Decrescente";"Céu Claro";"Simples";"Reta";"Não";3;0;2;0;1;0;2;2;-26,867121;-49,102066;"SPRF-SC";"DEL04-SC";"UOP01-DEL04-SC"
511491;2023-03-19;"domingo";"09:00:00";"PE";101;65,5;"RECIFE";"Manobra de mudança de faixa";"Colisão lateral mesmo sentido";"Com Vítimas Feridas";"Pleno dia";"Crescente";"Céu Claro";"Dupla";"Reta";"Sim";3;0;1;0;1;1;1;3;-8,029251;-34,943251;"SPRF-PE";"DEL01-PE";"UOP01-DEL01-PE"
511493;2023-03-19;"domingo";"03:50:00";"BA";110;144;"CICERO DANTAS";"Iluminação deficiente";"Colisão lateral mesmo sentido";"Com Vítimas Fatais";"Plena Noite";"Crescente";"Céu Claro";"Simples";"Reta";"Não";1;1;0;0;0;0;0;1;-10,618426;-38,393069;"SPRF-BA";"DEL07-BA";"UOP02-DEL07-BA"
511494;2023-03-19;"domingo";"09:35:00";"MG";381;487,5;"BETIM";"Avarias e/ou desgaste excessivo no pneu";"Colisão com objeto";"Com Vítimas Feridas";"Pleno dia";"Decrescente";"Céu Claro";"Dupla";"Curva";"Sim";1;0;0;1;0;0;1;1;-19,9598656;-44,15489715;"SPRF-MG";"DEL01-MG";"UOP03-DEL01-MG"
511496;2023-03-15;"quarta-feira";"07:20:00";"SC";101;212,9;"PALHOCA";"Trafegar com motocicleta (ou similar) entre as faixas";"Colisão transversal";"Com Vítimas Feridas";"Pleno dia";"Decrescente";"Garoa/Chuvisco";"Múltipla";"Reta";"Sim";3;0;1;0;2;0;1;2;-27,62996929;-48,65903871;"SPRF-SC";"DEL01-SC";"UOP02-DEL01-SC"
511498;2023-03-19;"domingo";"10:00:00";"ES";262;24;"VIANA";"Reação tardia ou ineficiente do condutor";"Saída de leito carroçável";"Com Vítimas Feridas";"Pleno dia";"Crescente";"Sol";"Simples";"Reta";"Não";1;0;1;0;0;0;1;1;-20,37917648;-40,52624613;"SPRF-ES";"DEL01-ES";"UOP01-DEL01-ES"
511499;2023-03-19;"domingo";"10:00:00";"MG";40;360,6;"FELIXLANDIA";"Ausência de reação do condutor";"Tombamento";"Com Vítimas Feridas";"Pleno dia";"Decrescente";"Céu Claro";"Simples";"Interseção de Vias;Rotatória";"Não";1;0;1;0;0;0;1;1;-18,77426915;-44,76213634;"SPRF-MG";"DEL02-MG";"UOP01-DEL02-MG"
511500;2023-03-19;"domingo";"08:30:00";"PR";476;108;"COLOMBO";"Reação tardia ou ineficiente do condutor";"Saída de leito carroçável";"Sem Vítimas";"Pleno dia";"Decrescente";"Céu Claro";"Simples";"Reta";"Não";1;0;0;0;1;0;0;1;-25,298958;-49,152153;"SPRF-PR";"DEL01-PR";"UOP01-DEL01-PR"
511501;2023-03-19;"domingo";"10:15:00";"MG";40;517,9;"RIBEIRAO DAS NEVES";"Manobra de mudança de faixa";"Colisão traseira";"Com Vítimas Feridas";"Pleno dia";"Crescente";"Céu Claro";"Dupla";"Reta";"Sim";3;0;1;1;1;0;2;2;-19,82351202;-44,08438913;"SPRF-MG";"DEL01-MG";"UOP02-DEL01-MG"
511502;2023-03-19;"domingo";"10:30:00";"RJ";40;103;"DUQUE DE CAXIAS";"Animais na Pista";"Colisão com objeto";"Com Vítimas Feridas";"Pleno dia";"Decrescente";"Céu Claro";"Dupla";"Reta";"Não";2;0;2;0;0;0;2;1;-22,62009;-43,286922;"SPRF-RJ";"DEL01-RJ";"UOP01-DEL01-RJ"
511503;2023-03-19;"domingo";"10:00:00";"MG";40;560;"NOVA LIMA";"Ausência de reação do condutor";"Colisão traseira";"Com Vítimas Feridas";"Pleno dia";"Crescente";"Céu Claro";"Dupla";"Reta";"Sim";2;0;0;1;1;0;1;2;-20,12725188;-43,96512161;"SPRF-MG";"DEL01-MG";"UOP02-DEL01-MG"
511505;2023-03-19;"domingo";"10:50:00";"PE";104;59;"CARUARU";"Acumulo de areia ou detritos sobre o pavimento";"Saída de leito carroçável";"Com Vítimas Feridas";"Pleno dia";"Crescente";"Nublado";"Dupla";"Curva";"Sim";1;0;1;0;0;0;1;1;-8,2349;-35,9764;"SPRF-PE";"DEL02-PE";"UOP01-DEL02-PE"
511506;2023-03-19;"domingo";"10:30:00";"SP";101;52;"UBATUBA";"Transitar na contramão";"Colisão transversal";"Com Vítimas Feridas";"Pleno dia";"Decrescente";"Céu Claro";"Simples";"Rotatória";"Não";2;0;1;0;1;0;1;2;-23,46332214;-45,06435692;"SPRF-SP";"DEL06-SP";"UOP01-DEL06-SP"
511507;2023-03-19;"domingo";"10:00:00";"MG";40;561;"NOVA LIMA";"Condutor deixou de manter distância do veículo da frente";"Colisão traseira";"Com Vítimas Feridas";"Pleno dia";"Decrescente";"Céu Claro";"Dupla";"Reta";"Não";5;0;3;0;2;0;3;3;-20,13588082;-43,96237943;"SPRF-MG";"DEL01-MG";"UOP02-DEL01-MG"
511508;2023-03-19;"domingo";"11:15:00";"MG";381;925,9;"ITAPEVA";"Velocidade Incompatível";"Tombamento";"Com Vítimas Feridas";"Pleno dia";"Decrescente";"Céu Claro";"Dupla";"Curva;Declive";"Não";1;0;1;0;0;0;1;1;-22,76939;-46,205408;"SPRF-MG";"DEL16-MG";"UOP03-DEL16-MG"
511509;2023-03-19;"domingo";"12:05:00";"SP";116;230,5;"SAO PAULO";"Manobra de mudança de faixa";"Colisão traseira";"Com Vítimas Feridas";"Pleno dia";"Crescente";"Céu Claro";"Múltipla";"Reta";"Sim";2;0;0;1;1;0;1;2;-23,52251783;-46,5855702;"SPRF-SP";"DEL01-SP";"UOP01-DEL01-SP"
511510;2023-03-19;"domingo";"10:20:00";"RJ";40;82;"PETROPOLIS";"Demais falhas mecânicas ou elétricas";"Incêndio";"Sem Vítimas";"Pleno dia";"Decrescente";"Céu Claro";"Simples";"Reta";"Não";1;0;0;0;0;1;0;1;-22,51183137;-43,23076171;"SPRF-RJ";"DEL06-RJ";"UOP01-DEL06-RJ"
511511;2023-03-19;"domingo";"09:25:00";"PR";376;304,9;"MAUA DA SERRA";"Velocidade Incompatível";"Queda de ocupante de veículo";"Com Vítimas Feridas";"Pleno dia";"Crescente";"Céu Claro";"Dupla";"Curva";"Não";1;0;1;0;0;0;1;1;-23,95041031;-51,11449242;"SPRF-PR";"DEL07-PR";"UOP02-DEL07-PR"
511512;2023-03-19;"domingo";"11:00:00";"RJ";101;258;"RIO BONITO";"Demais falhas mecânicas ou elétricas";"Saída de leito carroçável";"Sem Vítimas";"Pleno dia";"Decrescente";"Céu Claro";"Dupla";"Reta";"Sim";1;0;0;0;1;0;0;1;-22,7015937;-42,58693809;"SPRF-RJ";"DEL02-RJ";"UOP03-DEL02-RJ"
511514;2023-03-19;"domingo";"12:12:00";"PE";232;4;"RECIFE";"Manobra de mudança de faixa";"Colisão traseira";"Com Vítimas Feridas";"Pleno dia";"Decrescente";"Céu Claro";"Múltipla";"Viaduto";"Sim";3;0;2;0;1;0;2;2;-8,064473;-34,936928;"SPRF-PE";"DEL01-PE";"UOP01-DEL01-PE"
511518;2023-03-19;"domingo";"13:00:00";"SP";381;83;"SAO PAULO";"Reação tardia ou ineficiente do condutor";"Colisão traseira";"Com Vítimas Feridas";"Pleno dia";"Crescente";"Céu Claro";"Múltipla";"Reta";"Não";2;0;1;0;1;0;1;2;-23,4309671;-46,56998022;"SPRF-SP";"DEL03-SP";"UOP01-DEL03-SP"
511519;2023-03-19;"domingo";"13:29:00";"SE";101;25,2;"MURIBECA";"Acumulo de água sobre o pavimento";"Saída de leito carroçável";"Com Vítimas Feridas";"Pleno dia";"Crescente";"Chuva";"Dupla";"Reta";"Não";1;0;1;0;0;0;1;1;-10,4049654;-36,91875769;"SPRF-SE";"DEL02-SE";"UOP02-DEL02-SE"
511521;2023-03-19;"domingo";"14:00:00";"RJ";116;94;"GUAPIMIRIM";"Ausência de reação do condutor";"Tombamento";"Com Vítimas Feridas";"Pleno dia";"Decrescente";"Chuva";"Simples";"Curva";"Não";1;0;1;0;0;0;1;1;-22,46643519;-43,00088701;"SPRF-RJ";"DEL04-RJ";"UOP01-DEL04-RJ"
511522;2023-03-19;"domingo";"14:10:00";"CE";116;140;"PALHANO";"Chuva";"Saída de leito carroçável";"Com Vítimas Feridas";"Pleno dia";"Crescente";"Chuva";"Simples";"Curva";"Não";1;0;1;0;0;0;1;1;-4,75470332;-38,0607605;"SPRF-CE";"DEL03-CE";"UOP01-DEL03-CE"
511527;2023-03-19;"domingo";"14:10:00";"SP";116;187;"SANTA ISABEL";"Ausência de reação do condutor";"Queda de ocupante de veículo";"Com Vítimas Feridas";"Pleno dia";"Crescente";"Céu Claro";"Simples";"Reta";"Não";2;0;2;0;0;0;2;2;-23,35176424;-46,18966001;"SPRF-SP";"DEL01-SP";"UOP01-DEL01-SP"
511528;2023-03-19;"domingo";"14:15:00";"RS";158;322;"SANTA MARIA";"Acessar a via sem observar a presença dos outros veículos";"Colisão lateral mesmo sentido";"Com Vítimas Feridas";"Pleno dia";"Crescente";"Céu Claro";"Simples";"Rotatória";"Sim";2;0;1;0;1;0;1;2;-29,69506808;-53,77548516;"SPRF-RS";"DEL09-RS";"UOP01-DEL09-RS"
511529;2023-03-19;"domingo";"13:30:00";"SP";116;143;"SAO JOSE DOS CAMPOS";"Demais falhas mecânicas ou elétricas";"Queda de ocupante de veículo";"Com Vítimas Feridas";"Pleno dia";"Decrescente";"Céu Claro";"Dupla";"Reta";"Sim";2;0;2;0;0;0;2;1;-23,17849879;-45,83787411;"SPRF-SP";"DEL02-SP";"UOP01-DEL02-SP"
511530;2023-03-19;"domingo";"14:30:00";"MG";40;321,3;"FELIXLANDIA";"Curva acentuada";"Colisão lateral sentido oposto";"Com Vítimas Feridas";"Pleno dia";"Crescente";"Céu Claro";"Simples";"Curva";"Não";3;0;0;1;2;0;1;2;-18,52054432;-45,07503724;"SPRF-MG";"DEL14-MG";"UOP02-DEL14-MG"
511532;2023-03-19;"domingo";"14:45:00";"PR";487;153;"ARARUNA";"Avarias e/ou desgaste excessivo no pneu";"Saída de leito carroçável";"Com Vítimas Feridas";"Pleno dia";"Decrescente";"Céu Claro";"Simples";"Reta";"Não";2;0;2;0;0;0;2;1;-23,95327125;-52,62003039;"SPRF-PR";"DEL09-PR";"UOP03-DEL09-PR"
511536;2023-03-19;"domingo";"12:30:00";"RS";158;327;"SANTA MARIA";"Obras na pista";"Saída de leito carroçável";"Com Vítimas Feridas";"Pleno dia";"Crescente";"Céu Claro";"Simples";"Desvio Temporário;Curva;Em Obras";"Sim";2;0;2;0;0;0;2;1;-29,714945;-53,81083;"SPRF-RS";"DEL09-RS";"UOP01-DEL09-RS"
511537;2023-03-19;"domingo";"13:45:00";"RJ";465;5;"SEROPEDICA";"Ausência de reação do condutor";"Colisão transversal";"Com Vítimas Feridas";"Pleno dia";"Decrescente";"Céu Claro";"Simples";"Reta";"Não";2;0;0;1;1;0;1;2;-22,747673;-43,699196;"SPRF-RJ";"DEL01-RJ";"UOP03-DEL01-RJ"
511538;2023-03-19;"domingo";"14:00:00";"PE";232;75,9;"GRAVATA";"Acumulo de água sobre o pavimento";"Saída de leito carroçável";"Com Vítimas Feridas";"Pleno dia";"Crescente";"Chuva";"Dupla";"Reta";"Sim";4;0;3;0;1;0;3;1;-8,195087;-35,535536;"SPRF-PE";"DEL02-PE";"UOP02-DEL02PE"
511539;2023-03-19;"domingo";"15:26:00";"SE";101;102,2;"SAO CRISTOVAO";"Manobra de mudança de faixa";"Colisão lateral mesmo sentido";"Com Vítimas Feridas";"Pleno dia";"Decrescente";"Céu Claro";"Dupla";"Curva;Declive;Retorno Regulamentado";"Não";2;0;1;0;0;1;1;2;-10,949513;-37,211942;"SPRF-SE";"DEL02-SE";"UOP01-DEL02-SE"
511541;2023-03-19;"domingo";"10:55:00";"SC";282;42;"AGUAS MORNAS";"Acessar a via sem observar a presença dos outros veículos";"Colisão lateral mesmo sentido";"Com Vítimas Feridas";"Pleno dia";"Decrescente";"Céu Claro";"Simples";"Reta";"Não";3;0;0;3;0;0;3;2;-27,72077;-48,887478;"SPRF-SC";"DEL01-SC";"UOP03-DEL01-SC"
511544;2023-03-19;"domingo";"15:50:00";"PE";101;27;"IGARASSU";"Reação tardia ou ineficiente do condutor";"Capotamento";"Com Vítimas Feridas";"Pleno dia";"Decrescente";"Céu Claro";"Dupla";"Reta";"Não";1;0;1;0;0;0;1;1;-7,71433379;-34,93478417;"SPRF-PE";"DEL01-PE";"UOP02-DEL01-PE"
511546;2023-03-19;"domingo";"15:40:00";"ES";259;15;"JOAO NEIVA";"Condutor Dormindo";"Saída de leito carroçável";"Com Vítimas Feridas";"Pleno dia";"Crescente";"Sol";"Simples";"Reta";"Não";2;0;1;1;0;0;2;1;-19,65668001;-40,423168;"SPRF-ES";"DEL02-ES";"UOP01-DEL02-ES"
511547;2023-03-19;"domingo";"15:10:00";"PR";163;93;"CAPANEMA";"Acessar a via sem observar a presença dos outros veículos";"Colisão transversal";"Com Vítimas Feridas";"Pleno dia";"Decrescente";"Nublado";"Simples";"Curva;Rotatória";"Não";3;0;2;0;1;0;2;2;-25,646987;-53,803146;"SPRF-PR";"DEL02-PR";"UOP02-DEL02-PR"
511548;2023-03-19;"domingo";"15:50:00";"ES";101;254,7;"SERRA";"Condutor deixou de manter distância do veículo da frente";"Colisão traseira";"Com Vítimas Feridas";"Pleno dia";"Crescente";"Céu Claro";"Simples";"Reta";"Não";4;0;1;0;1;2;1;4;-20,1100364;-40,32740141;"SPRF-ES";"DEL02-ES";"UOP01-DEL02-ES"
511549;2023-03-19;"domingo";"15:50:00";"SP";116;65;"GUARATINGUETA";"Reação tardia ou ineficiente do condutor";"Tombamento";"Com Vítimas Feridas";"Pleno dia";"Crescente";"Céu Claro";"Dupla";"Curva";"Não";1;0;1;0;0;0;1;1;-22,823273;-45,192806;"SPRF-SP";"DEL08-SP";"UOP01-DEL08-SP"
511550;2023-03-19;"domingo";"15:35:00";"SP";116;517;"CAJATI";"Reação tardia ou ineficiente do condutor";"Capotamento";"Com Vítimas Feridas";"Pleno dia";"Decrescente";"Céu Claro";"Simples";"Curva";"Não";4;0;4;0;0;0;4;1;-24,8768469;-48,22732309;"SPRF-SP";"DEL05-SP";"UOP02-DEL05-SP"
511551;2023-03-19;"domingo";"14:50:00";"PB";230;403;"POMBAL";"Acumulo de água sobre o pavimento";"Colisão frontal";"Com Vítimas Fatais";"Pleno dia";"Decrescente";"Chuva";"Simples";"Declive;Curva";"Não";6;1;0;1;4;0;1;2;-6,8002;-37,7771;"SPRF-PB";"DEL03-PB";"UOP02-DEL03-PB"
511552;2023-03-19;"domingo";"16:20:00";"PR";277;452,1;"LARANJEIRAS DO SUL";"Pedestre cruzava a pista fora da faixa";"Atropelamento de Pedestre";"Com Vítimas Feridas";"Pleno dia";"Decrescente";"Céu Claro";"Simples";"Reta";"Não";2;0;1;0;1;0;1;2;-25,37059917;-52,36924101;"SPRF-PR";"DEL04-PR";"UOP02-DEL04-PR"
511553;2023-03-19;"domingo";"11:15:00";"SC";470;57;"BLUMENAU";"Acessar a via sem observar a presença dos outros veículos";"Colisão transversal";"Com Vítimas Feridas";"Pleno dia";"Decrescente";"Céu Claro";"Simples";"Reta;Em Obras";"Não";3;0;1;0;2;0;1;2;-26,880428;-49,136532;"SPRF-SC";"DEL04-SC";"UOP01-DEL04-SC"
511556;2023-03-19;"domingo";"16:10:00";"CE";222;3,3;"FORTALEZA";"Condutor deixou de manter distância do veículo da frente";"Engavetamento";"Com Vítimas Feridas";"Pleno dia";"Decrescente";"Céu Claro";"Dupla";"Aclive;Ponte";"Sim";4;0;1;0;3;0;1;4;-3,7403769;-38,59569202;"SPRF-CE";"DEL01-CE";"UOP01-DEL01-CE"
511557;2023-03-19;"domingo";"16:30:00";"RS";392;265;"CACAPAVA DO SUL";"Ausência de reação do condutor";"Saída de leito carroçável";"Com Vítimas Feridas";"Pleno dia";"Crescente";"Chuva";"Simples";"Declive;Curva";"Não";2;0;2;0;0;0;2;1;-30,434884;-53,50004801;"SPRF-RS";"DEL09-RS";"UOP02-DEL09-RS"
511558;2023-03-19;"domingo";"15:37:00";"GO";60;42,4;"ALEXANIA";"Avarias e/ou desgaste excessivo no pneu";"Queda de ocupante de veículo";"Com Vítimas Feridas";"Pleno dia";"Decrescente";"Garoa/Chuvisco";"Dupla";"Declive;Reta";"Não";2;0;2;0;0;0;2;1;-16,111145;-48,586032;"SPRF-DF";"DEL03-DF";"UOP01-DEL03-DF"
511559;2023-03-19;"domingo";"16:00:00";"PA";163;980;"SANTAREM";"Ausência de reação do condutor";"Colisão com objeto";"Com Vítimas Feridas";"Pleno dia";"Decrescente";"Céu Claro";"Simples";"Curva";"Não";5;0;0;1;1;3;1;3;-2,63482156;-54,74836014;"SPRF-PA";"DEL05-PA";"UOP01-DEL05-PA"
511561;2023-03-19;"domingo";"16:30:00";"SC";101;151,2;"ITAPEMA";"Ausência de reação do condutor";"Colisão traseira";"Com Vítimas Feridas";"Pleno dia";"Decrescente";"Céu Claro";"Dupla";"Reta";"Sim";3;0;1;1;1;0;2;2;-27,126536;-48,609642;"SPRF-SC";"DEL04-SC";"UOP03-DEL04-SC"
511562;2023-03-19;"domingo";"17:00:00";"SC";101;153;"PORTO BELO";"Trafegar com motocicleta (ou similar) entre as faixas";"Colisão lateral mesmo sentido";"Com Vítimas Feridas";"Pleno dia";"Decrescente";"Sol";"Dupla";"Reta";"Não";3;0;1;1;1;0;2;2;-27,144717;-48,61063935;"SPRF-SC";"DEL04-SC";"UOP03-DEL04-SC"
511568;2023-03-19;"domingo";"17:30:00";"GO";364;171;"JATAI";"Ausência de reação do condutor";"Colisão com objeto";"Com Vítimas Feridas";"Pleno dia";"Crescente";"Céu Claro";"Simples";"Rotatória";"Não";1;0;0;1;0;0;1;1;-18,02314;-51,551964;"SPRF-GO";"DEL05-GO";"UOP01-DEL05-GO"
511569;2023-03-19;"domingo";"17:35:00";"MG";381;7;"BETIM";"Demais falhas mecânicas ou elétricas";"Tombamento";"Com Vítimas Feridas";"Anoitecer";"Decrescente";"Nublado";"Dupla";"Reta";"Não";2;0;2;0;0;0;2;1;-19,96825;-44,198708;"SPRF-MG";"DEL01-MG";"UOP03-DEL01-MG"
511570;2023-03-19;"domingo";"06:30:00";"RS";471;663,2;"SANTA VITORIA DO PALMAR";"Ausência de reação do condutor";"Saída de leito carroçável";"Com Vítimas Feridas";"Amanhecer";"Crescente";"Céu Claro";"Simples";"Curva";"Não";2;0;2;0;0;0;2;1;-33,555214;-53,367466;"SPRF-RS";"DEL07-RS";"UOP04-DEL07-RS"
511574;2023-03-19;"domingo";"17:15:00";"RS";116;216,5;"MORRO REUTER";"Acessar a via sem observar a presença dos outros veículos";"Colisão lateral mesmo sentido";"Com Vítimas Feridas";"Pleno dia";"Decrescente";"Céu Claro";"Simples";"Reta";"Sim";2;0;1;0;1;0;1;2;-29,54001608;-51,07711676;"SPRF-RS";"DEL05-RS";"UOP02-DEL05-RS"