"id";"data_inversa";"dia_semana";"horario";"uf";"br";"km";"municipio";"causa_acidente";"tipo_acidente";"classificacao_acidente";"fase_dia";"sentido_via";"condicao_metereologica";"tipo_pista";"tracado_via";"uso_solo";"pessoas";"mortos";"feridos_leves";"feridos_graves";"ilesos";"ignorados";"feridos";"veiculos";"latitude";"longitude";"regional";"delegacia";"uop"
511575;2023-03-19;"domingo";"17:30:00";"ES";101;254,1;"SERRA";"Conversão proibida";"Colisão transversal";"Com Vítimas Feridas";"Pleno dia";"Crescente";"Céu Claro";"Simples";"Curva";"Sim";3;0;2;0;0;1;2;2;-20,112319;-40,325036;"SPRF-ES";"DEL02-ES";"UOP01-DEL02-ES"
511576;2023-03-19;"domingo";"17:09:00";"RJ";40;105;"DUQUE DE CAXIAS";"Curva acentuada";"Colisão lateral sentido oposto";"Com Vítimas Feridas";"Pleno dia";"Decrescente";"Céu Claro";"Múltipla";"Curva";"Sim";2;0;1;0;0;1;1;2;-22,63784806;-43,28428824;"SPRF-RJ";"DEL01-RJ";"UOP01-DEL01-RJ"
511578;2023-03-19;"domingo";"17:15:00";"PR";369;386;"MAMBORE";"Chuva";"Saída de leito carroçável";"Com Vítimas Feridas";"Pleno dia";"Crescente";"Chuva";"Simples";"Curva";"Não";1;0;1;0;0;0;1;1;-24,2568;-52,5145;"SPRF-PR";"DEL04-PR";"UOP03-DEL04-PR"
511579;2023-03-19;"domingo";"17:20:00";"MG";40;614,6;"CONGONHAS";"Conversão proibida";"Colisão transversal";"Com Vítimas Feridas";"Anoitecer";"Decrescente";"Nublado";"Simples";"Declive";"Não";3;0;2;0;1;0;2;2;-20,52977973;-43,82351464;"SPRF-MG";"DEL05-MG";"UOP02-DEL05-MG"
511580;2023-03-19;"domingo";"16:55:00";"SE";101;91;"NOSSA SENHORA DO SOCORRO";"Transitar na contramão";"Colisão frontal";"Com Vítimas Feridas";"Pleno dia";"Decrescente";"Céu Claro";"Dupla";"Viaduto";"Sim";3;0;2;0;0;1;2;3;-10,89849802;-37,13176324;"SPRF-SE";"DEL01-SE";"UOP01-DEL01-SE"
511583;2023-03-19;"domingo";"14:40:00";"RJ";101;208;"CASIMIRO DE ABREU";"Ingestão de álcool pelo condutor";"Tombamento";"Com Vítimas Feridas";"Pleno dia";"Decrescente";"Céu Claro";"Simples";"Reta";"Não";1;0;1;0;0;0;1;1;-22,4806698;-42,22017209;"SPRF-RJ";"DEL08-RJ";"UOP04-DEL08-RJ"
511584;2023-03-19;"domingo";"16:15:00";"RJ";393;154,9;"TRES RIOS";"Ausência de reação do condutor";"Colisão com objeto";"Com Vítimas Feridas";"Pleno dia";"Decrescente";"Céu Claro";"Simples";"Reta;Ponte";"Não";1;0;1;0;0;0;1;1;-22,08014828;-43,04767077;"SPRF-RJ";"DEL05-RJ";"UOP02-DEL05-RJ"
511586;2023-03-19;"domingo";"18:10:00";"SC";282;16,6;"PALHOCA";"Acesso irregular";"Colisão lateral mesmo sentido";"Com Vítimas Feridas";"Pleno dia";"Crescente";"Céu Claro";"Simples";"Reta";"Sim";2;0;1;0;1;0;1;2;-27,658611;-48,681847;"SPRF-SC";"DEL01-SC";"UOP02-DEL01-SC"
511587;2023-03-19;"domingo";"17:45:00";"RJ";101;436;"MANGARATIBA";"Reação tardia ou ineficiente do condutor";"Queda de ocupante de veículo";"Com Vítimas Feridas";"Pleno dia";"Crescente";"Céu Claro";"Simples";"Reta";"Não";2;0;2;0;0;0;2;1;-22,94335387;-44,06046308;"SPRF-RJ";"DEL03-RJ";"UOP02-DEL03-RJ"
511588;2023-03-19;"domingo";"16:28:00";"RJ";493;21;"MAGE";"Reação tardia ou ineficiente do condutor";"Colisão transversal";"Com Vítimas Feridas";"Pleno dia";"Decrescente";"Céu Claro";"Simples";"Retorno Regulamentado;Reta";"Sim";3;0;1;0;2;0;1;2;-22,66151289;-43,04480692;"SPRF-RJ";"DEL04-RJ";"UOP02-DEL04-RJ"
511590;2023-03-19;"domingo";"15:50:00";"RJ";40;89;"PETROPOLIS";"Reação tardia ou ineficiente do condutor";"Colisão com objeto";"Com Vítimas Feridas";"Pleno dia";"Decrescente";"Céu Claro";"Simples";"Reta";"Não";2;0;2;0;0;0;2;1;-22,556263;-43,23718;"SPRF-RJ";"DEL06-RJ";"UOP01-DEL06-RJ"
511592;2023-03-19;"domingo";"18:00:00";"RJ";101;278;"TANGUA";"Ausência de reação do condutor";"Saída de leito carroçável";"Com Vítimas Feridas";"Anoitecer";"Crescente";"Céu Claro";"Dupla";"Reta";"Sim";1;0;1;0;0;0;1;1;-22,74024136;-42,75799897;"SPRF-RJ";"DEL02-RJ";"UOP03-DEL02-RJ"
511594;2023-03-19;"domingo";"17:00:00";"PR";373;226,5;"IMBITUVA";"Frear bruscamente";"Saída de leito carroçável";"Com Vítimas Feridas";"Pleno dia";"Crescente";"Céu Claro";"Simples";"Reta";"Não";1;0;0;1;0;0;1;1;-25,1731814;-50,62660396;"SPRF-PR";"DEL03-PR";"UOP01-DEL03-PR"
511595;2023-03-19;"domingo";"18:50:00";"GO";40;11,5;"LUZIANIA";"Acessar a via sem observar a presença dos outros veículos";"Colisão traseira";"Com Vítimas Feridas";"Plena Noite";"Crescente";"Céu Claro";"Dupla";"Reta";"Sim";6;0;1;0;4;1;1;3;-16,138336;-47,951644;"SPRF-DF";"DEL01-DF";"UOP01-DEL01-DF"
511596;2023-03-19;"domingo";"19:00:00";"ES";101;247;"SERRA";"Ausência de reação do condutor";"Tombamento";"Com Vítimas Feridas";"Plena Noite";"Crescente";"Céu Claro";"Simples";"Curva;Aclive";"Não";1;0;1;0;0;0;1;1;-20,06746339;-40,37085006;"SPRF-ES";"DEL02-ES";"UOP01-DEL02-ES"
511597;2023-03-19;"domingo";"18:00:00";"SC";470;9;"NAVEGANTES";"Obras na pista";"Saída de leito carroçável";"Com Vítimas Feridas";"Anoitecer";"Crescente";"Céu Claro";"Simples";"Em Obras;Reta";"Não";2;0;2;0;0;0;2;1;-26,833143;-48,727432;"SPRF-SC";"DEL04-SC";"UOP04-DEL04-SC"
511599;2023-03-19;"domingo";"18:20:00";"RN";226;58;"SENADOR ELOI DE SOUZA";"Transitar na contramão";"Colisão lateral sentido oposto";"Com Vítimas Feridas";"Plena Noite";"Crescente";"Céu Claro";"Simples";"Reta";"Não";6;0;0;1;4;1;1;3;-6,028705;-35,6651;"SPRF-RN";"DEL01-RN";"UOP02-DEL01-RN"
511601;2023-03-19;"domingo";"19:14:00";"PR";277;722;"FOZ DO IGUACU";"Ingestão de álcool pelo condutor";"Saída de leito carroçável";"Com Vítimas Feridas";"Plena Noite";"Crescente";"Céu Claro";"Dupla";"Reta";"Não";1;0;1;0;0;0;1;1;-25,49494908;-54,52095097;"SPRF-PR";"DEL05-PR";"UOP03-DEL05-PR"
511602;2023-03-19;"domingo";"19:40:00";"SP";116;230;"SAO PAULO";"Ausência de reação do condutor";"Colisão traseira";"Com Vítimas Feridas";"Plena Noite";"Crescente";"Nublado";"Múltipla";"Reta";"Sim";6;0;1;0;5;0;1;2;-23,52251783;-46,5855702;"SPRF-SP";"DEL01-SP";"UOP01-DEL01-SP"
511603;2023-03-19;"domingo";"18:30:00";"SP";381;35;"ATIBAIA";"Demais Fenômenos da natureza";"Eventos atípicos";"Com Vítimas Feridas";"Plena Noite";"Crescente";"Chuva";"Múltipla";"Reta";"Não";2;0;1;0;1;0;1;1;-23,088586;-46,571798;"SPRF-SP";"DEL03-SP";"UOP02-DEL03-SP"
511604;2023-03-19;"domingo";"16:00:00";"MT";163;602;"NOVA MUTUM";"Desrespeitar a preferência no cruzamento";"Colisão transversal";"Com Vítimas Feridas";"Pleno dia";"Crescente";"Nublado";"Simples";"Rotatória;Retorno Regulamentado";"Não";5;0;3;0;2;0;3;2;-13,89007603;-56,08964479;"SPRF-MT";"DEL01-MT";"UOP01-DEL01-MT"
511605;2023-03-19;"domingo";"16:40:00";"SC";470;257;"CURITIBANOS";"Ausência de reação do condutor";"Saída de leito carroçável";"Sem Vítimas";"Pleno dia";"Decrescente";"Nublado";"Simples";"Curva";"Não";1;0;0;0;0;1;0;1;-27,308815;-50,641468;"SPRF-SC";"DEL05-SC";"UOP03-DEL05-SC"
511607;2023-03-19;"domingo";"19:00:00";"RS";293;16;"CAPAO DO LEAO";"Ausência de reação do condutor";"Colisão traseira";"Sem Vítimas";"Plena Noite";"Decrescente";"Nublado";"Simples";"Reta";"Não";2;0;0;0;2;0;0;2;-31,75031415;-52,47109583;"SPRF-RS";"DEL07-RS";"UOP01-DEL07-RS"
511608;2023-03-19;"domingo";"19:50:00";"SE";101;147,5;"ESTANCIA";"Ausência de reação do condutor";"Atropelamento de Pedestre";"Com Vítimas Feridas";"Plena Noite";"Crescente";"Nublado";"Dupla";"Declive";"Sim";2;0;0;2;0;0;2;2;-11,23521226;-37,42833138;"SPRF-SE";"DEL02-SE";"UOP01-DEL02-SE"
511609;2023-03-19;"domingo";"19:15:00";"GO";50;145;"IPAMERI";"Ausência de reação do condutor";"Saída de leito carroçável";"Sem Vítimas";"Plena Noite";"Decrescente";"Nublado";"Dupla";"Reta";"Não";1;0;0;0;1;0;0;1;-17,1301;-47,7224;"SPRF-GO";"DEL06-GO";"UOP01-DEL06-GO"
511610;2023-03-19;"domingo";"19:00:00";"RJ";116;190;"NOVA IGUACU";"Ausência de reação do condutor";"Queda de ocupante de veículo";"Com Vítimas Feridas";"Plena Noite";"Decrescente";"Céu Claro";"Múltipla";"Reta";"Não";1;0;1;0;0;0;1;1;-22,7412377635;-43,5007311004;"SPRF-RJ";"DEL01-RJ";"UOP02-DEL01-RJ"
511611;2023-03-19;"domingo";"19:20:00";"GO";40;11,2;"LUZIANIA";"Ingestão de álcool pelo condutor";"Colisão transversal";"Sem Vítimas";"Plena Noite";"Crescente";"Nublado";"Dupla";"Reta";"Sim";2;0;0;0;2;0;0;2;-16,13921507;-47,95083946;"SPRF-DF";"DEL01-DF";"UOP01-DEL01-DF"
511612;2023-03-19;"domingo";"16:30:00";"MG";365;459;"PATROCINIO";"Reação tardia ou ineficiente do condutor";"Colisão traseira";"Com Vítimas Feridas";"Pleno dia";"Decrescente";"Céu Claro";"Simples";"Declive";"Não";5;0;1;0;2;2;1;3;-18,8652659;-46,89487938;"SPRF-MG";"DEL10-MG";"UOP01-DEL10-MG"
511613;2023-03-19;"domingo";"10:50:00";"PR";277;309;"GUARAPUAVA";"Reação tardia ou ineficiente do condutor";"Saída de leito carroçável";"Com Vítimas Feridas";"Pleno dia";"Decrescente";"Céu Claro";"Simples";"Curva";"Não";2;0;1;0;0;1;1;2;-25,31181659;-51,17135527;"SPRF-PR";"DEL08-PR";"UOP01-DEL08-PR"
511614;2023-03-19;"domingo";"19:48:00";"RS";116;243;"SAO LEOPOLDO";"Condutor deixou de manter distância do veículo da frente";"Colisão traseira";"Com Vítimas Feridas";"Plena Noite";"Crescente";"Céu Claro";"Dupla";"Reta";"Sim";3;0;2;0;1;0;2;2;-29,73196199;-51,14952004;"SPRF-RS";"DEL01-RS";"UOP02-DEL01-RS"
511615;2023-03-19;"domingo";"16:30:00";"MG";153;157,2;"COMENDADOR GOMES";"Ausência de reação do condutor";"Saída de leito carroçável";"Com Vítimas Feridas";"Pleno dia";"Crescente";"Céu Claro";"Simples";"Reta";"Não";2;0;2;0;0;0;2;1;-19,63023394;-48,96107506;"SPRF-MG";"DEL13-MG";"UOP02-DEL13-MG"
511616;2023-03-19;"domingo";"20:45:00";"SC";470;68;"INDAIAL";"Ingestão de álcool pelo condutor";"Tombamento";"Com Vítimas Feridas";"Plena Noite";"Crescente";"Nublado";"Simples";"Interseção de Vias;Viaduto";"Sim";1;0;1;0;0;0;1;1;-26,877615;-49,239231;"SPRF-SC";"DEL04-SC";"UOP01-DEL04-SC"
511618;2023-03-19;"domingo";"19:35:00";"RO";319;60;"PORTO VELHO";"Reação tardia ou ineficiente do condutor";"Colisão lateral mesmo sentido";"Com Vítimas Feridas";"Plena Noite";"Crescente";"Chuva";"Simples";"Interseção de Vias";"Sim";2;0;1;0;1;0;1;2;-8,74079738;-63,8934803;"SPRF-RO";"DEL01-RO";"UOP01-DEL01-RO"
511619;2023-03-19;"domingo";"20:30:00";"RS";158;352;"SANTA MARIA";"Ingestão de álcool pelo condutor";"Queda de ocupante de veículo";"Com Vítimas Fatais";"Plena Noite";"Decrescente";"Céu Claro";"Simples";"Reta";"Não";4;1;1;0;0;2;1;2;-29,75864468;-54,03329007;"SPRF-RS";"DEL09-RS";"UOP01-DEL09-RS"
511620;2023-03-19;"domingo";"20:30:00";"GO";60;120;"GOIANAPOLIS";"Conversão proibida";"Eventos atípicos";"Sem Vítimas";"Plena Noite";"Crescente";"Céu Claro";"Dupla";"Reta";"Não";1;0;0;0;1;0;0;1;-16,49818083;-49,10586548;"SPRF-GO";"DEL01-GO";"UOP01-DEL01-GO"
511621;2023-03-19;"domingo";"20:20:00";"RJ";116;174;"SAO JOAO DE MERITI";"Pedestre andava na pista";"Atropelamento de Pedestre";"Com Vítimas Feridas";"Plena Noite";"Decrescente";"Céu Claro";"Dupla";"Reta";"Sim";2;0;1;0;1;0;1;2;-22,79423806;-43,36403759;"SPRF-RJ";"DEL01-RJ";"UOP02-DEL01-RJ"
511622;2023-03-19;"domingo";"18:30:00";"PE";423;61,5;"LAJEDO";"Acessar a via sem observar a presença dos outros veículos";"Colisão frontal";"Com Vítimas Feridas";"Plena Noite";"Decrescente";"Céu Claro";"Simples";"Reta";"Sim";2;0;0;1;0;1;1;2;-8,65805731;-36,32866993;"SPRF-PE";"DEL03-PE";"UOP01-DEL03-PE"
511623;2023-03-19;"domingo";"11:40:00";"RJ";101;322;"NITEROI";"Manobra de mudança de faixa";"Colisão traseira";"Com Vítimas Feridas";"Pleno dia";"Decrescente";"Céu Claro";"Múltipla";"Reta";"Não";1;0;1;0;0;0;1;1;-22,878923;-43,110676;"SPRF-RJ";"DEL02-RJ";"UOP01-DEL02-RJ"
511624;2023-03-19;"domingo";"19:30:00";"PR";277;111;"CAMPO LARGO";"Ingestão de álcool pelo condutor";"Colisão traseira";"Sem Vítimas";"Plena Noite";"Decrescente";"Ignorado";"Simples";"Reta";"Não";4;0;0;0;2;2;0;3;-25,443885;-49,466069;"SPRF-PR";"DEL03-PR";"UOP03-DEL03-PR"
511625;2023-03-19;"domingo";"20:12:00";"PR";277;584,4;"CASCAVEL";"Velocidade Incompatível";"Saída de leito carroçável";"Sem Vítimas";"Plena Noite";"Crescente";"Céu Claro";"Múltipla";"Interseção de Vias;Viaduto;Curva";"Sim";1;0;0;0;0;1;0;1;-24,96684176;-53,40258186;"SPRF-PR";"DEL04-PR";"UOP01-DEL04-PR"
511626;2023-03-19;"domingo";"20:30:00";"PR";369;157;"LONDRINA";"Ausência de reação do condutor";"Tombamento";"Com Vítimas Feridas";"Plena Noite";"Crescente";"Céu Claro";"Dupla";"Reta";"Sim";1;0;1;0;0;0;1;1;-23,28532614;-51,23229504;"SPRF-PR";"DEL07-PR";"UOP01-DEL07-PR"
511628;2023-03-19;"domingo";"20:15:00";"MS";163;496;"CAMPO GRANDE";"Avarias e/ou desgaste excessivo no pneu";"Colisão com objeto";"Com Vítimas Feridas";"Plena Noite";"Crescente";"Garoa/Chuvisco";"Simples";"Reta";"Não";3;0;1;0;2;0;1;1;-20,35985581;-54,52552831;"SPRF-MS";"DEL01-MS";"UOP02-DEL01-MS"
511629;2023-03-19;"domingo";"19:40:00";"RJ";101;535,9;"PARATY";"Deficiência do Sistema de Iluminação/Sinalização";"Colisão traseira";"Com Vítimas Feridas";"Plena Noite";"Decrescente";"Céu Claro";"Simples";"Reta";"Não";2;0;1;0;0;1;1;2;-23,03389803;-44,55267499;"SPRF-RJ";"DEL03-RJ";"UOP04-DEL03-RJ"
511632;2023-03-19;"domingo";"19:35:00";"PR";376;217;"JANDAIA DO SUL";"Desrespeitar a preferência no cruzamento";"Colisão transversal";"Com Vítimas Feridas";"Plena Noite";"Decrescente";"Chuva";"Simples";"Reta;Interseção de Vias";"Sim";6;0;6;0;0;0;6;2;-23,5978436;-51,62416462;"SPRF-PR";"DEL09-PR";"UOP01-DEL09-PR"
511633;2023-03-19;"domingo";"20:10:00";"RS";287;399;"SANTIAGO";"Reação tardia ou ineficiente do condutor";"Saída de leito carroçável";"Sem Vítimas";"Plena Noite";"Decrescente";"Céu Claro";"Simples";"Declive";"Sim";2;0;0;0;2;0;0;1;-29,16898807;-54,86319065;"SPRF-RS";"DEL12-RS";"UOP02-DEL12-RS"
511634;2023-03-19;"domingo";"19:10:00";"SC";101;62,6;"ARAQUARI";"Demais falhas mecânicas ou elétricas";"Tombamento";"Com Vítimas Feridas";"Plena Noite";"Crescente";"Céu Claro";"Dupla";"Curva;Viaduto;Declive";"Não";1;0;1;0;0;0;1;1;-26,45604;-48,763545;"SPRF-SC";"DEL03-SC";"UOP02-DEL03-SC"
511636;2023-03-19;"domingo";"20:40:00";"BA";101;445;"AURELINO LEAL";"Ultrapassagem Indevida";"Colisão lateral sentido oposto";"Com Vítimas Feridas";"Plena Noite";"Crescente";"Céu Claro";"Simples";"Reta;Ponte";"Sim";2;0;0;1;0;1;1;2;-14,3165337;-39,3142426;"SPRF-BA";"DEL05-BA";"UOP01-DEL05-BA"
511637;2023-03-19;"domingo";"21:00:00";"RO";364;710;"PORTO VELHO";"Pista esburacada";"Queda de ocupante de veículo";"Com Vítimas Feridas";"Plena Noite";"Crescente";"Garoa/Chuvisco";"Dupla";"Reta";"Sim";1;0;0;1;0;0;1;1;-8,78621576;-63,85712687;"SPRF-RO";"DEL01-RO";"UOP01-DEL01-RO"
511638;2023-03-19;"domingo";"21:40:00";"SP";381;85;"SAO PAULO";"Ausência de reação do condutor";"Colisão com objeto";"Com Vítimas Feridas";"Plena Noite";"Crescente";"Céu Claro";"Múltipla";"Reta";"Sim";1;0;1;0;0;0;1;1;-23,449343;-46,56983501;"SPRF-SP";"DEL03-SP";"UOP01-DEL03-SP"
511639;2023-03-19;"domingo";"20:17:00";"GO";40;96,1;"CRISTALINA";"Conversão proibida";"Colisão frontal";"Com Vítimas Feridas";"Plena Noite";"Crescente";"Chuva";"Múltipla";"Reta";"Sim";9;0;9;0;0;0;9;2;-16,75768;-47,601613;"SPRF-DF";"DEL01-DF";"UOP02-DEL01-DF"
511641;2023-03-19;"domingo";"20:50:00";"CE";20;379;"CAUCAIA";"Animais na Pista";"Atropelamento de Animal";"Com Vítimas Feridas";"Plena Noite";"Decrescente";"Garoa/Chuvisco";"Simples";"Reta";"Não";2;0;2;0;0;0;2;1;-3,92375994;-38,8559921;"SPRF-CE";"DEL01-CE";"UOP01-DEL01-CE"
511643;2023-03-19;"domingo";"21:50:00";"RJ";356;87,8;"CARDOSO MOREIRA";"Animais na Pista";"Atropelamento de Animal";"Com Vítimas Feridas";"Plena Noite";"Crescente";"Céu Claro";"Simples";"Reta";"Não";1;0;1;0;0;0;1;1;-21,49180046;-41,63156431;"SPRF-RJ";"DEL08-RJ";"UOP03-DEL08-RJ"
511644;2023-03-19;"domingo";"17:15:00";"PR";277;531,5;"CAMPO BONITO";"Ingestão de álcool pelo condutor";"Colisão traseira";"Sem Vítimas";"Pleno dia";"Crescente";"Chuva";"Simples";"Reta";"Não";5;0;0;0;5;0;0;2;-25,09836616;-52,97186852;"SPRF-PR";"DEL04-PR";"UOP04-DEL04-PR"
511645;2023-03-19;"domingo";"21:40:00";"SC";282;339,4;"CAMPOS NOVOS";"Reação tardia ou ineficiente do condutor";"Colisão transversal";"Com Vítimas Feridas";"Plena Noite";"Decrescente";"Céu Claro";"Simples";"Interseção de Vias";"Não";3;0;3;0;0;0;3;2;-27,392731;-51,195118;"SPRF-SC";"DEL07-SC";"UOP06-DEL07-SC"
511646;2023-03-19;"domingo";"21:40:00";"MG";381;480,6;"CONTAGEM";"Ausência de reação do condutor";"Colisão traseira";"Sem Vítimas";"Plena Noite";"Crescente";"Céu Claro";"Dupla";"Reta";"Sim";3;0;0;0;3;0;0;3;-19,95818245;-44,05772924;"SPRF-MG";"DEL01-MG";"UOP03-DEL01-MG"
511647;2023-03-19;"domingo";"22:45:00";"PI";343;314;"ALTOS";"Animais na Pista";"Atropelamento de Animal";"Com Vítimas Feridas";"Plena Noite";"Decrescente";"Céu Claro";"Simples";"Reta";"Não";5;0;1;0;4;0;1;1;-5,047346;-42,518414;"SPRF-PI";"DEL01-PI";"UOP01-DEL01-PI"
511648;2023-03-19;"domingo";"23:00:00";"PE";428;187;"PETROLINA";"Acessar a via sem observar a presença dos outros veículos";"Colisão traseira";"Com Vítimas Feridas";"Plena Noite";"Decrescente";"Chuva";"Dupla";"Reta";"Sim";2;0;2;0;0;0;2;1;-9,35604301;-40,47854198;"SPRF-PE";"DEL06-PE";"UOP01-DEL06-PE"
511649;2023-03-19;"domingo";"22:40:00";"MT";163;1076;"GUARANTA DO NORTE";"Chuva";"Queda de ocupante de veículo";"Com Vítimas Feridas";"Plena Noite";"Crescente";"Chuva";"Simples";"Curva";"Não";2;0;2;0;0;0;2;1;-9,857331;-54,881392;"SPRF-MT";"DEL06-MT";"UOP03-DEL06-MT"
511650;2023-03-19;"domingo";"23:55:00";"RJ";116;184;"NOVA IGUACU";"Reação tardia ou ineficiente do condutor";"Colisão traseira";"Com Vítimas Feridas";"Plena Noite";"Decrescente";"Céu Claro";"Múltipla";"Reta";"Sim";2;0;1;0;1;0;1;2;-22,74647215;-43,44594311;"SPRF-RJ";"DEL01-RJ";"UOP02-DEL01-RJ"
511651;2023-03-19;"domingo";"22:46:00";"DF";60;20;"BRASILIA";"Problema com o freio";"Saída de leito carroçável";"Sem Vítimas";"Plena Noite";"Decrescente";"Céu Claro";"Dupla";"Reta";"Sim";1;0;0;0;1;0;0;1;-15,976206;-48,198563;"SPRF-DF";"DEL03-DF";"UOP01-DEL03-DF"
511654;2023-03-19;"domingo";"22:50:00";"RS";386;37;"FREDERICO WESTPHALEN";"Ingestão de substâncias psicoativas pelo condutor";"Colisão frontal";"Sem Vítimas";"Plena Noite";"Crescente";"Céu Claro";"Simples";"Reta";"Sim";2;0;0;0;2;0;0;2;-27,382351;-53,399605;"SPRF-RS";"DEL08-RS";"UOP02-DEL08-RS"
511655;2023-03-19;"domingo";"15:40:00";"MG";262;39,3;"MANHUACU";"Conversão proibida";"Colisão transversal";"Com Vítimas Feridas";"Pleno dia";"Crescente";"Céu Claro";"Simples";"Reta";"Não";4;0;1;0;3;0;1;2;-20,27165802;-42,03950458;"SPRF-MG";"DEL06-MG";"UOP03-DEL06-MG"
511656;2023-03-19;"domingo";"22:35:00";"RO";364;346,1;"JI-PARANA";"Acessar a via sem observar a presença dos outros veículos";"Colisão transversal";"Com Vítimas Feridas";"Plena Noite";"Decrescente";"Chuva";"Dupla";"Interseção de Vias;Declive;Reta";"Sim";4;0;1;0;3;0;1;2;-10,86660304;-61,9680512;"SPRF-RO";"DEL02-RO";"UOP01-DEL02-RO"
511657;2023-03-19;"domingo";"17:40:00";"MG";116;573,6;"MANHUACU";"Avarias e/ou desgaste excessivo no pneu";"Saída de leito carroçável";"Sem Vítimas";"Anoitecer";"Crescente";"Chuva";"Simples";"Curva;Declive";"Não";1;0;0;0;1;0;0;1;-20,14332;-42,181569;"SPRF-MG";"DEL06-MG";"UOP03-DEL06-MG"
511658;2023-03-19;"domingo";"19:10:00";"MG";116;554,9;"MANHUACU";"Velocidade Incompatível";"Capotamento";"Com Vítimas Feridas";"Plena Noite";"Crescente";"Chuva";"Simples";"Curva";"Não";1;0;1;0;0;0;1;1;-20,00117809;-42,14034158;"SPRF-MG";"DEL06-MG";"UOP02-DEL06-MG"
511659;2023-03-19;"domingo";"22:50:00";"MT";70;741;"CACERES";"Pedestre andava na pista";"Atropelamento de Pedestre";"Com Vítimas Feridas";"Plena Noite";"Decrescente";"Chuva";"Simples";"Reta";"Não";2;0;1;0;1;0;1;2;-16,02928009;-57,72857094;"SPRF-MT";"DEL03-MT";"UOP01-DEL03-MT"
511660;2023-03-19;"domingo";"20:30:00";"MG";116;534,1;"SANTA RITA DE MINAS";"Avarias e/ou desgaste excessivo no pneu";"Tombamento";"Com Vítimas Feridas";"Plena Noite";"Decrescente";"Nublado";"Simples";"Curva";"Não";2;0;2;0;0;0;2;1;-19,853746;-42,140643;"SPRF-MG";"DEL06-MG";"UOP02-DEL06-MG"
511662;2023-03-20;"segunda-feira";"01:20:00";"SC";101;214,7;"PALHOCA";"Condutor Dormindo";"Colisão com objeto";"Com Vítimas Feridas";"Plena Noite";"Decrescente";"Céu Claro";"Múltipla";"Reta";"Sim";1;0;0;1;0;0;1;1;-27,64443;-48,67057;"SPRF-SC";"DEL01-SC";"UOP02-DEL01-SC"
511664;2023-03-20;"segunda-feira";"01:40:00";"RJ";40;119;"DUQUE DE CAXIAS";"Falta de elemento de contenção que evite a saída do leito carroçável";"Saída de leito carroçável";"Sem Vítimas";"Plena Noite";"Decrescente";"Céu Claro";"Múltipla";"Reta";"Sim";1;0;0;0;0;1;0;1;-22,76375592;-43,28683062;"SPRF-RJ";"DEL01-RJ";"UOP01-DEL01-RJ"
511665;2023-03-20;"segunda-feira";"02:30:00";"SP";381;26,3;"ATIBAIA";"Ausência de reação do condutor";"Tombamento";"Com Vítimas Fatais";"Plena Noite";"Crescente";"Céu Claro";"Múltipla";"Reta;Declive";"Não";1;1;0;0;0;0;0;1;-23,02679312;-46,53612988;"SPRF-SP";"DEL03-SP";"UOP02-DEL03-SP"
511666;2023-03-20;"segunda-feira";"01:15:00";"RJ";356;15;"ITAPERUNA";"Objeto estático sobre o leito carroçável";"Queda de ocupante de veículo";"Com Vítimas Feridas";"Plena Noite";"Crescente";"Céu Claro";"Simples";"Reta";"Não";1;0;1;0;0;0;1;1;-21,17796106;-42,058029;"SPRF-RJ";"DEL08-RJ";"UOP03-DEL08-RJ"
511668;2023-03-20;"segunda-feira";"03:00:00";"RS";116;129,5;"SAO MARCOS";"Reação tardia ou ineficiente do condutor";"Saída de leito carroçável";"Com Vítimas Feridas";"Plena Noite";"Decrescente";"Céu Claro";"Simples";"Curva";"Sim";1;0;1;0;0;0;1;1;-29,03661379;-51,10112013;"SPRF-RS";"DEL05-RS";"UOP01-DEL05-RS"
511669;2023-03-20;"segunda-feira";"02:10:00";"RS";293;13,2;"CAPAO DO LEAO";"Ingestão de álcool pelo condutor";"Colisão com objeto";"Sem Vítimas";"Plena Noite";"Decrescente";"Nublado";"Simples";"Interseção de Vias";"Não";1;0;0;0;1;0;0;1;-31,7543548;-52,45089496;"SPRF-RS";"DEL07-RS";"UOP01-DEL07-RS"
511672;2023-03-20;"segunda-feira";"04:08:00";"PB";101;82;"BAYEUX";"Ausência de reação do condutor";"Colisão com objeto";"Com Vítimas Feridas";"Amanhecer";"Crescente";"Céu Claro";"Dupla";"Reta";"Sim";1;0;1;0;0;0;1;1;-7,12911;-34,93714;"SPRF-PB";"DEL01-PB";"UOP01-DEL01-PB"
511673;2023-03-20;"segunda-feira";"02:15:00";"RS";386;84;"LAJEADO DO BUGRE";"Ausência de reação do condutor";"Saída de leito carroçável";"Com Vítimas Feridas";"Plena Noite";"Decrescente";"Céu Claro";"Simples";"Curva";"Não";1;0;1;0;0;0;1;1;-27,732096;-53,23045;"SPRF-RS";"DEL08-RS";"UOP02-DEL08-RS"
511674;2023-03-20;"segunda-feira";"04:40:00";"RN";101;25,6;"RIO DO FOGO";"Animais na Pista";"Atropelamento de Animal";"Com Vítimas Feridas";"Amanhecer";"Crescente";"Garoa/Chuvisco";"Simples";"Reta";"Não";2;0;2;0;0;0;2;1;-5,33861688;-35,39702083;"SPRF-RN";"DEL02-RN";"UOP01-DEL02-RN"