"id";"data_inversa";"dia_semana";"horario";"uf";"br";"km";"municipio";"causa_acidente";"tipo_acidente";"classificacao_acidente";"fase_dia";"sentido_via";"condicao_metereologica";"tipo_pista";"tracado_via";"uso_solo";"pessoas";"mortos";"feridos_leves";"feridos_graves";"ilesos";"ignorados";"feridos";"veiculos";"latitude";"longitude";"regional";"delegacia";"uop"
511786;2023-03-20;"segunda-feira";"11:52:00";"AL";104;91,5;"RIO LARGO";"Área urbana sem a presença de local apropriado para a travessia de pedestres";"Atropelamento de Pedestre";"Com Vítimas Feridas";"Pleno dia";"Crescente";"Nublado";"Dupla";"Reta";"Não";3;0;1;0;1;1;1;2;-9,50898856;-35,80777135;"SPRF-AL";"DEL01-AL";"UOP01-DEL01-AL"
511787;2023-03-20;"segunda-feira";"14:25:00";"PR";277;236,5;"IRATI";"Mal súbito do condutor";"Saída de leito carroçável";"Com Vítimas Feridas";"Pleno dia";"Crescente";"Céu Claro";"Simples";"Reta";"Não";1;0;0;1;0;0;1;1;-25,46280456;-50,59753418;"SPRF-PR";"DEL08-PR";"UOP02-DEL08-PR"
511788;2023-03-20;"segunda-feira";"15:50:00";"PR";277;94,6;"CURITIBA";"Condutor deixou de manter distância do veículo da frente";"Colisão lateral mesmo sentido";"Com Vítimas Feridas";"Pleno dia";"Decrescente";"Céu Claro";"Múltipla";"Reta";"Sim";2;0;0;1;0;1;1;2;-25,55282988;-49,27722493;"SPRF-PR";"DEL01-PR";"UOP06-DEL01-PR"
511790;2023-03-20;"segunda-feira";"15:48:00";"RS";290;92;"PORTO ALEGRE";"Pista Escorregadia";"Tombamento";"Com Vítimas Feridas";"Pleno dia";"Decrescente";"Chuva";"Simples";"Curva";"Não";1;0;1;0;0;0;1;1;-29,971916;-51,176838;"SPRF-RS";"DEL01-RS";"UOP01-DEL01-RS"
511792;2023-03-20;"segunda-feira";"15:00:00";"MS";163;483;"CAMPO GRANDE";"Avarias e/ou desgaste excessivo no pneu";"Queda de ocupante de veículo";"Com Vítimas Feridas";"Pleno dia";"Crescente";"Céu Claro";"Simples";"Curva";"Sim";1;0;0;1;0;0;1;1;-20,45726263;-54,54671829;"SPRF-MS";"DEL01-MS";"UOP02-DEL01-MS"
511794;2023-03-20;"segunda-feira";"16:30:00";"SP";381;48;"ATIBAIA";"Demais falhas mecânicas ou elétricas";"Incêndio";"Sem Vítimas";"Pleno dia";"Crescente";"Céu Claro";"Dupla";"Reta";"Sim";2;0;0;0;2;0;0;1;-23,19720018;-46,58736556;"SPRF-SP";"DEL03-SP";"UOP01-DEL03-SP"
511795;2023-03-20;"segunda-feira";"15:30:00";"RJ";116;186;"NOVA IGUACU";"Acessar a via sem observar a presença dos outros veículos";"Colisão lateral mesmo sentido";"Sem Vítimas";"Pleno dia";"Decrescente";"Céu Claro";"Dupla";"Reta";"Sim";2;0;0;0;2;0;0;2;-22,74014919;-43,45953226;"SPRF-RJ";"DEL01-RJ";"UOP02-DEL01-RJ"
511796;2023-03-20;"segunda-feira";"15:00:00";"MG";116;562,8;"MANHUACU";"Chuva";"Colisão frontal";"Com Vítimas Feridas";"Pleno dia";"Crescente";"Chuva";"Simples";"Curva";"Não";3;0;3;0;0;0;3;2;-20,059737;-42,170711;"SPRF-MG";"DEL06-MG";"UOP03-DEL06-MG"
511800;2023-02-15;"quarta-feira";"08:30:00";"PR";116;116;"CURITIBA";"Manobra de mudança de faixa";"Colisão lateral mesmo sentido";"Com Vítimas Feridas";"Pleno dia";"Decrescente";"Nublado";"Dupla";"Reta";"Sim";2;0;0;1;1;0;1;2;-25,553152;-49,30535;"SPRF-PR";"DEL01-PR";"UOP03-DEL01-PR"
511801;2023-03-20;"segunda-feira";"17:05:00";"RJ";40;114;"DUQUE DE CAXIAS";"Reação tardia ou ineficiente do condutor";"Colisão traseira";"Com Vítimas Feridas";"Pleno dia";"Decrescente";"Céu Claro";"Múltipla";"Reta";"Não";2;0;1;0;1;0;1;2;-22,71853604;-43,28993324;"SPRF-RJ";"DEL01-RJ";"UOP01-DEL01-RJ"
511803;2023-03-20;"segunda-feira";"17:20:00";"RN";110;49,8;"MOSSORO";"Ingestão de álcool pelo condutor";"Colisão traseira";"Sem Vítimas";"Pleno dia";"Decrescente";"Garoa/Chuvisco";"Dupla";"Reta";"Sim";2;0;0;0;2;0;0;2;-5,21645975;-37,32927128;"SPRF-RN";"DEL04-RN";"UOP01-DEL04-RN"
511805;2023-03-20;"segunda-feira";"17:20:00";"SC";470;57;"BLUMENAU";"Reação tardia ou ineficiente do condutor";"Colisão transversal";"Com Vítimas Feridas";"Pleno dia";"Decrescente";"Céu Claro";"Simples";"Interseção de Vias;Reta";"Sim";2;0;1;0;1;0;1;2;-26,880428;-49,136532;"SPRF-SC";"DEL04-SC";"UOP01-DEL04-SC"
511806;2023-03-20;"segunda-feira";"16:30:00";"RJ";101;297;"ITABORAI";"Ausência de reação do condutor";"Colisão traseira";"Com Vítimas Feridas";"Pleno dia";"Decrescente";"Céu Claro";"Dupla";"Interseção de Vias";"Sim";2;0;1;0;1;0;1;2;-22,76942037;-42,91873581;"SPRF-RJ";"DEL02-RJ";"UOP02-DEL02-RJ"
511807;2023-03-20;"segunda-feira";"17:20:00";"RN";101;107;"PARNAMIRIM";"Trafegar com motocicleta (ou similar) entre as faixas";"Colisão traseira";"Com Vítimas Feridas";"Anoitecer";"Crescente";"Céu Claro";"Múltipla";"Viaduto";"Sim";2;0;1;0;1;0;1;2;-5,91920796;-35,26412409;"SPRF-RN";"DEL01-RN";"UOP01-DEL01-RN"
511812;2023-03-20;"segunda-feira";"17:00:00";"BA";116;421;"FEIRA DE SANTANA";"Acessar a via sem observar a presença dos outros veículos";"Colisão lateral mesmo sentido";"Com Vítimas Feridas";"Anoitecer";"Crescente";"Céu Claro";"Simples";"Rotatória";"Sim";2;0;1;0;1;0;1;2;-12,211936;-38,96567;"SPRF-BA";"DEL02-BA";"UOP01-DEL02-BA"
511813;2023-03-20;"segunda-feira";"16:25:00";"MG";116;526,4;"CARATINGA";"Acessar a via sem observar a presença dos outros veículos";"Colisão lateral mesmo sentido";"Com Vítimas Feridas";"Pleno dia";"Crescente";"Nublado";"Dupla";"Interseção de Vias";"Sim";2;0;1;1;0;0;2;2;-19,77654011;-42,13327989;"SPRF-MG";"DEL06-MG";"UOP02-DEL06-MG"
511814;2023-03-20;"segunda-feira";"17:30:00";"SP";116;47,2;"CANAS";"Ausência de reação do condutor";"Colisão com objeto";"Sem Vítimas";"Anoitecer";"Crescente";"Céu Claro";"Dupla";"Reta";"Não";2;0;0;0;2;0;0;1;-22,71855691;-45,05990982;"SPRF-SP";"DEL08-SP";"UOP02-DEL08-SP"
511817;2023-03-20;"segunda-feira";"17:35:00";"RJ";116;188;"NOVA IGUACU";"Frear bruscamente";"Colisão traseira";"Com Vítimas Feridas";"Anoitecer";"Crescente";"Céu Claro";"Múltipla";"Reta";"Sim";2;0;1;0;1;0;1;2;-22,7380709;-43,48213999;"SPRF-RJ";"DEL01-RJ";"UOP02-DEL01-RJ"
511818;2023-03-12;"domingo";"16:10:00";"PR";376;458,9;"TIBAGI";"Chuva";"Saída de leito carroçável";"Com Vítimas Feridas";"Pleno dia";"Crescente";"Chuva";"Dupla";"Curva;Declive";"Não";6;0;1;1;4;0;2;1;-24,9422271;-50,4033063;"SPRF-PR";"DEL03-PR";"UOP01-DEL03-PR"
511819;2023-03-17;"sexta-feira";"18:30:00";"RS";0;0;"LAJEADO";"Acessar a via sem observar a presença dos outros veículos";"Colisão transversal";"Com Vítimas Feridas";"Anoitecer";"Não Informado";"Céu Claro";"Simples";"Reta;Rotatória;Interseção de Vias";"Sim";3;0;2;0;1;0;2;2;-29,46643;-51,955135;"SPRF-RS";"DEL04-RS";"N/A"
511820;2023-03-20;"segunda-feira";"17:00:00";"PE";101;49,9;"ABREU E LIMA";"Entrada inopinada do pedestre";"Atropelamento de Pedestre";"Com Vítimas Feridas";"Pleno dia";"Crescente";"Nublado";"Múltipla";"Reta";"Sim";2;0;0;1;1;0;1;2;-7,90665657;-34,90212679;"SPRF-PE";"DEL01-PE";"UOP02-DEL01-PE"
511821;2023-03-20;"segunda-feira";"10:30:00";"BA";110;355;"CATU";"Desrespeitar a preferência no cruzamento";"Colisão transversal";"Com Vítimas Feridas";"Pleno dia";"Decrescente";"Nublado";"Simples";"Reta";"Sim";3;0;1;0;2;0;1;2;-12,32517511;-38,38180138;"SPRF-BA";"DEL01-BA";"UOP04-DEL01-BA"
511822;2023-03-20;"segunda-feira";"14:30:00";"BA";101;120;"ARAMARI";"Ausência de reação do condutor";"Saída de leito carroçável";"Com Vítimas Fatais";"Pleno dia";"Crescente";"Céu Claro";"Simples";"Reta";"Não";1;1;0;0;0;0;0;1;-12,16103619;-38,5648919;"SPRF-BA";"DEL01-BA";"UOP04-DEL01-BA"
511824;2023-03-20;"segunda-feira";"18:26:00";"SC";470;56,2;"BLUMENAU";"Ultrapassagem Indevida";"Colisão transversal";"Com Vítimas Feridas";"Anoitecer";"Crescente";"Nublado";"Simples";"Reta";"Sim";2;0;1;0;1;0;1;2;-26,87674;-49,127743;"SPRF-SC";"DEL04-SC";"UOP01-DEL04-SC"
511826;2023-02-14;"terça-feira";"13:25:00";"PR";277;717,9;"FOZ DO IGUACU";"Acesso irregular";"Colisão transversal";"Com Vítimas Fatais";"Pleno dia";"Decrescente";"Chuva";"Dupla";"Reta;Aclive";"Não";3;1;0;0;1;1;0;3;-25,48375622;-54,49425791;"SPRF-PR";"DEL05-PR";"UOP01-DEL05-PR"
511827;2023-03-20;"segunda-feira";"16:15:00";"RN";406;139,5;"TAIPU";"Manobra de mudança de faixa";"Saída de leito carroçável";"Sem Vítimas";"Pleno dia";"Decrescente";"Nublado";"Simples";"Reta;Declive";"Não";1;0;0;0;0;1;0;1;-5,65252044;-35,53061895;"SPRF-RN";"DEL02-RN";"UOP01-DEL02-RN"
511828;2023-03-20;"segunda-feira";"19:00:00";"ES";101;146;"LINHARES";"Reação tardia ou ineficiente do condutor";"Colisão transversal";"Com Vítimas Feridas";"Plena Noite";"Decrescente";"Céu Claro";"Simples";"Interseção de Vias";"Sim";2;0;1;0;1;0;1;2;-19,36990998;-40,06560718;"SPRF-ES";"DEL04-ES";"UOP01-DEL04-ES"
511830;2023-03-20;"segunda-feira";"18:20:00";"MT";364;529;"ROSARIO OESTE";"Chuva";"Colisão com objeto";"Com Vítimas Feridas";"Plena Noite";"Crescente";"Chuva";"Simples";"Ponte;Reta";"Não";2;0;1;1;0;0;2;1;-15,01361502;-56,5153232;"SPRF-MT";"DEL01-MT";"UOP01-DEL01-MT"
511831;2023-03-20;"segunda-feira";"18:36:00";"RS";287;257,3;"SANTA MARIA";"Ultrapassagem Indevida";"Colisão lateral sentido oposto";"Com Vítimas Feridas";"Anoitecer";"Crescente";"Céu Claro";"Simples";"Curva";"Não";4;0;1;0;3;0;1;2;-29,68138871;-53,94121388;"SPRF-RS";"DEL09-RS";"UOP01-DEL09-RS"
511832;2023-03-20;"segunda-feira";"19:20:00";"BA";116;417;"FEIRA DE SANTANA";"Pedestre andava na pista";"Atropelamento de Pedestre";"Com Vítimas Feridas";"Plena Noite";"Crescente";"Nublado";"Dupla";"Reta";"Sim";2;0;0;1;1;0;1;2;-12,177085;-38,96510687;"SPRF-BA";"DEL02-BA";"UOP01-DEL02-BA"
511834;2023-03-20;"segunda-feira";"17:50:00";"MT";174;130;"MIRASSOL DOESTE";"Ultrapassagem Indevida";"Colisão frontal";"Com Vítimas Feridas";"Anoitecer";"Crescente";"Chuva";"Simples";"Reta";"Não";4;0;1;1;2;0;2;2;-15,84651289;-58,11694403;"SPRF-MT";"DEL03-MT";"UOP01-DEL03-MT"
511835;2023-03-20;"segunda-feira";"19:30:00";"PE";232;9;"JABOATAO DOS GUARARAPES";"Acesso irregular";"Queda de ocupante de veículo";"Com Vítimas Feridas";"Plena Noite";"Decrescente";"Céu Claro";"Dupla";"Desvio Temporário;Reta;Em Obras";"Sim";1;0;0;1;0;0;1;1;-8,07764447;-34,97863609;"SPRF-PE";"DEL01-PE";"UOP01-DEL01-PE"
511836;2023-03-20;"segunda-feira";"18:20:00";"ES";101;299;"VIANA";"Ausência de reação do condutor";"Colisão traseira";"Com Vítimas Feridas";"Anoitecer";"Decrescente";"Céu Claro";"Múltipla";"Reta";"Sim";3;0;1;0;2;0;1;2;-20,35860628;-40,42327504;"SPRF-ES";"DEL01-ES";"UOP01-DEL01-ES"
511839;2023-03-20;"segunda-feira";"20:10:00";"RS";290;91;"PORTO ALEGRE";"Manobra de mudança de faixa";"Colisão transversal";"Com Vítimas Feridas";"Plena Noite";"Decrescente";"Céu Claro";"Dupla";"Retorno Regulamentado;Reta";"Não";4;0;4;0;0;0;4;2;-29,969055;-51,167439;"SPRF-RS";"DEL01-RS";"UOP01-DEL01-RS"
511843;2023-03-09;"quinta-feira";"06:40:00";"MG";251;516;"MONTES CLAROS";"Acumulo de óleo sobre o pavimento";"Tombamento";"Com Vítimas Feridas";"Pleno dia";"Crescente";"Ignorado";"Simples";"Aclive;Reta";"Não";2;0;2;0;0;0;2;1;-16,66055591;-43,75217401;"SPRF-MG";"DEL12-MG";"UOP01-DEL12-MG"
511844;2023-03-20;"segunda-feira";"19:00:00";"MG";459;81,3;"CONGONHAL";"Reação tardia ou ineficiente do condutor";"Queda de ocupante de veículo";"Com Vítimas Feridas";"Plena Noite";"Decrescente";"Nublado";"Simples";"Reta";"Não";4;0;0;1;3;0;1;4;-22,157059;-46,091141;"SPRF-MG";"DEL09-MG";"UOP01-DEL09-MG"
511845;2023-03-20;"segunda-feira";"20:00:00";"GO";153;667,6;"GOIATUBA";"Reação tardia ou ineficiente do condutor";"Saída de leito carroçável";"Com Vítimas Feridas";"Plena Noite";"Crescente";"Céu Claro";"Dupla";"Curva";"Não";2;0;2;0;0;0;2;1;-18,1156;-49,2796;"SPRF-GO";"DEL03-GO";"UOP02-DEL03-GO"
511847;2023-03-20;"segunda-feira";"20:10:00";"PR";376;108,1;"PARANAVAI";"Acessar a via sem observar a presença dos outros veículos";"Colisão lateral mesmo sentido";"Com Vítimas Feridas";"Plena Noite";"Crescente";"Céu Claro";"Simples";"Rotatória";"Sim";2;0;1;0;1;0;1;2;-23,06885154;-52,42531478;"SPRF-PR";"DEL09-PR";"UOP02-DEL09-PR"
511848;2023-03-20;"segunda-feira";"20:55:00";"PE";232;9,4;"RECIFE";"Reação tardia ou ineficiente do condutor";"Tombamento";"Com Vítimas Feridas";"Plena Noite";"Crescente";"Céu Claro";"Simples";"Aclive;Desvio Temporário";"Sim";1;0;1;0;0;0;1;1;-8,07764447;-34,97863609;"SPRF-PE";"DEL01-PE";"UOP01-DEL01-PE"
511849;2023-03-20;"segunda-feira";"20:46:00";"SP";116;219;"GUARULHOS";"Ingestão de álcool pelo condutor";"Queda de ocupante de veículo";"Com Vítimas Feridas";"Plena Noite";"Decrescente";"Nublado";"Múltipla";"Reta";"Sim";1;0;1;0;0;0;1;1;-23,4614395364;-46,4888531633;"SPRF-SP";"DEL01-SP";"UOP01-DEL01-SP"
511853;2023-03-20;"segunda-feira";"19:45:00";"SC";280;111,3;"SAO BENTO DO SUL";"Pista em desnível";"Tombamento";"Com Vítimas Feridas";"Plena Noite";"Decrescente";"Céu Claro";"Simples";"Reta";"Não";1;0;1;0;0;0;1;1;-26,31295828;-49,38837778;"SPRF-SC";"DEL06-SC";"UOP03-DEL06-SC"
511854;2023-03-20;"segunda-feira";"16:30:00";"MG";40;114,9;"LAGOA GRANDE";"Ausência de reação do condutor";"Saída de leito carroçável";"Com Vítimas Feridas";"Pleno dia";"Crescente";"Céu Claro";"Simples";"Reta";"Não";1;0;1;0;0;0;1;1;-17,64900329;-46,41947512;"SPRF-MG";"DEL14-MG";"UOP01-DEL14-MG"
511856;2023-03-20;"segunda-feira";"18:50:00";"MG";40;42,8;"PARACATU";"Acessar a via sem observar a presença dos outros veículos";"Colisão transversal";"Com Vítimas Feridas";"Anoitecer";"Decrescente";"Céu Claro";"Simples";"Interseção de Vias";"Sim";4;0;2;0;2;0;2;2;-17,2188441;-46,8666753;"SPRF-MG";"DEL14-MG";"UOP01-DEL14-MG"
511859;2023-03-20;"segunda-feira";"21:00:00";"DF";20;21;"BRASILIA";"Ingestão de álcool pelo condutor";"Colisão traseira";"Com Vítimas Feridas";"Plena Noite";"Decrescente";"Nublado";"Dupla";"Reta";"Sim";2;0;0;1;1;0;1;2;-15,60307356;-47,68477321;"SPRF-DF";"DEL02-DF";"UOP01-DEL02-DF"
511860;2023-02-28;"terça-feira";"19:30:00";"MG";365;604;"UBERLANDIA";"Ausência de reação do condutor";"Saída de leito carroçável";"Com Vítimas Feridas";"Plena Noite";"Crescente";"Céu Claro";"Simples";"Reta";"Não";3;0;0;1;0;2;1;2;-18,89350413;-48,13690245;"SPRF-MG";"DEL15-MG";"UOP01-DEL15-MG"
511861;2023-03-20;"segunda-feira";"20:58:00";"GO";80;2,5;"PADRE BERNARDO";"Reação tardia ou ineficiente do condutor";"Saída de leito carroçável";"Com Vítimas Feridas";"Plena Noite";"Crescente";"Chuva";"Simples";"Retorno Regulamentado";"Não";1;0;0;1;0;0;1;1;-15,50157395;-48,2162261;"SPRF-DF";"DEL03-DF";"UOP02-DEL03-DF"
511862;2023-03-20;"segunda-feira";"22:05:00";"SC";101;192;"BIGUACU";"Condutor deixou de manter distância do veículo da frente";"Queda de ocupante de veículo";"Com Vítimas Feridas";"Plena Noite";"Crescente";"Céu Claro";"Dupla";"Curva";"Sim";2;0;1;0;1;0;1;2;-27,47930127;-48,64424229;"SPRF-SC";"DEL01-SC";"UOP01-DEL01-SC"
511863;2023-03-20;"segunda-feira";"21:30:00";"PB";230;1,7;"CABEDELO";"Desrespeitar a preferência no cruzamento";"Colisão transversal";"Com Vítimas Feridas";"Plena Noite";"Decrescente";"Nublado";"Simples";"Reta;Interseção de Vias";"Sim";2;0;1;0;1;0;1;2;-6,9753;-34,8318;"SPRF-PB";"DEL01-PB";"UOP01-DEL01-PB"
511864;2023-03-20;"segunda-feira";"20:00:00";"RJ";40;113,2;"DUQUE DE CAXIAS";"Reação tardia ou ineficiente do condutor";"Colisão traseira";"Com Vítimas Feridas";"Plena Noite";"Crescente";"Céu Claro";"Múltipla";"Aclive";"Sim";3;0;1;0;2;0;1;2;-22,70948502;-43,29040354;"SPRF-RJ";"DEL01-RJ";"UOP01-DEL01-RJ"
511865;2023-03-20;"segunda-feira";"22:25:00";"RN";304;47;"MOSSORO";"Reação tardia ou ineficiente do condutor";"Queda de ocupante de veículo";"Com Vítimas Feridas";"Plena Noite";"Crescente";"Garoa/Chuvisco";"Dupla";"Reta";"Sim";1;0;0;1;0;0;1;1;-5,22597224;-37,33086797;"SPRF-RN";"DEL04-RN";"UOP01-DEL04-RN"
511866;2023-03-20;"segunda-feira";"22:00:00";"SC";101;218;"PALHOCA";"Sinalização encoberta";"Queda de ocupante de veículo";"Com Vítimas Feridas";"Plena Noite";"Crescente";"Céu Claro";"Dupla";"Reta";"Não";1;0;1;0;0;0;1;1;-27,6758601;-48,67052525;"SPRF-SC";"DEL01-SC";"UOP02-DEL01-SC"
511873;2023-03-20;"segunda-feira";"20:37:00";"PB";101;88;"JOAO PESSOA";"Acesso irregular";"Colisão lateral mesmo sentido";"Com Vítimas Feridas";"Pleno dia";"Crescente";"Céu Claro";"Dupla";"Interseção de Vias";"Sim";2;0;1;0;0;1;1;2;-7,16470016;-34,89993643;"SPRF-PB";"DEL01-PB";"UOP01-DEL01-PB"
511875;2023-03-20;"segunda-feira";"22:00:00";"RO";364;242;"CACOAL";"Desrespeitar a preferência no cruzamento";"Colisão transversal";"Com Vítimas Feridas";"Plena Noite";"Crescente";"Nublado";"Simples";"Rotatória";"Sim";2;0;1;0;1;0;1;2;-11,44084787;-61,48767999;"SPRF-RO";"DEL02-RO";"UOP02-DEL02-RO"
511877;2023-03-20;"segunda-feira";"18:00:00";"RJ";101;389;"RIO DE JANEIRO";"Acessar a via sem observar a presença dos outros veículos";"Colisão lateral mesmo sentido";"Com Vítimas Feridas";"Anoitecer";"Crescente";"Céu Claro";"Dupla";"Interseção de Vias";"Sim";2;0;1;0;1;0;1;2;-22,89077885;-43,66684705;"SPRF-RJ";"DEL03-RJ";"UOP01-DEL03-RJ"
511879;2023-03-20;"segunda-feira";"23:40:00";"TO";153;747;"ALVORADA";"Ingestão de álcool pelo condutor";"Colisão lateral sentido oposto";"Sem Vítimas";"Plena Noite";"Decrescente";"Céu Claro";"Simples";"Reta";"Não";2;0;0;0;1;1;0;2;-12,35903209;-49,14808818;"SPRF-TO";"DEL01-TO";"UOP02-DEL01-TO"
511880;2023-03-21;"terça-feira";"01:40:00";"MG";40;517;"RIBEIRAO DAS NEVES";"Acesso irregular";"Colisão transversal";"Com Vítimas Feridas";"Plena Noite";"Decrescente";"Céu Claro";"Dupla";"Reta";"Sim";2;0;2;0;0;0;2;2;-19,82941169;-44,0833497;"SPRF-MG";"DEL01-MG";"UOP02-DEL01-MG"
511881;2023-03-21;"terça-feira";"02:00:00";"RS";386;351,3;"ESTRELA";"Ausência de reação do condutor";"Tombamento";"Sem Vítimas";"Plena Noite";"Decrescente";"Céu Claro";"Dupla";"Viaduto";"Sim";1;0;0;0;1;0;0;1;-29,483124;-51,954472;"SPRF-RS";"DEL04-RS";"UOP02-DEL04-RS"
511884;2023-03-21;"terça-feira";"05:45:00";"RS";386;155,9;"ALMIRANTE TAMANDARE DO SUL";"Demais falhas mecânicas ou elétricas";"Incêndio";"Com Vítimas Feridas";"Amanhecer";"Crescente";"Céu Claro";"Simples";"Curva";"Sim";1;0;1;0;0;0;1;1;-28,120747;-52,850941;"SPRF-RS";"DEL08-RS";"UOP01-DEL08-RS"
511885;2023-03-21;"terça-feira";"01:45:00";"SC";470;301,5;"CAMPOS NOVOS";"Velocidade Incompatível";"Colisão com objeto";"Sem Vítimas";"Plena Noite";"Crescente";"Céu Claro";"Simples";"Reta";"Não";1;0;0;0;1;0;0;1;-27,373833;-51,056301;"SPRF-SC";"DEL07-SC";"UOP06-DEL07-SC"
511886;2023-03-21;"terça-feira";"06:40:00";"DF";20;3;"BRASILIA";"Manobra de mudança de faixa";"Colisão lateral mesmo sentido";"Com Vítimas Feridas";"Pleno dia";"Decrescente";"Nublado";"Dupla";"Aclive;Reta";"Não";3;0;1;0;2;0;1;2;-15,679851;-47,832211;"SPRF-DF";"DEL02-DF";"UOP01-DEL02-DF"
511887;2023-03-21;"terça-feira";"06:30:00";"MG";381;451;"SABARA";"Velocidade Incompatível";"Tombamento";"Com Vítimas Feridas";"Pleno dia";"Decrescente";"Sol";"Simples";"Curva;Declive";"Sim";2;0;0;1;1;0;1;2;-19,83448823;-43,84982586;"SPRF-MG";"DEL01-MG";"UOP01-DEL01-MG"
511889;2023-03-21;"terça-feira";"06:45:00";"RJ";101;86;"CAMPOS DOS GOYTACAZES";"Reação tardia ou ineficiente do condutor";"Saída de leito carroçável";"Sem Vítimas";"Pleno dia";"Crescente";"Céu Claro";"Dupla";"Reta";"Não";1;0;0;0;1;0;0;1;-21,82644477;-41,49673462;"SPRF-RJ";"DEL08-RJ";"UOP02-DEL08-RJ"
511893;2023-03-20;"segunda-feira";"23:35:00";"SC";280;58,7;"JARAGUA DO SUL";"Acessar a via sem observar a presença dos outros veículos";"Colisão frontal";"Com Vítimas Feridas";"Plena Noite";"Crescente";"Céu Claro";"Simples";"Reta;Interseção de Vias";"Sim";2;0;1;0;1;0;1;2;-26,47415593;-49,021211;"SPRF-SC";"DEL03-SC";"UOP03-DEL03-SC"
511895;2023-03-21;"terça-feira";"07:12:00";"CE";116;6;"FORTALEZA";"Ausência de reação do condutor";"Colisão traseira";"Com Vítimas Feridas";"Pleno dia";"Decrescente";"Céu Claro";"Múltipla";"Reta";"Sim";2;0;0;1;0;1;1;2;-3,802624;-38,50400499;"SPRF-CE";"DEL01-CE";"UOP02-DEL01-CE"
511897;2023-03-21;"terça-feira";"07:15:00";"SP";153;58;"SAO JOSE DO RIO PRETO";"Manobra de mudança de faixa";"Colisão lateral mesmo sentido";"Com Vítimas Feridas";"Pleno dia";"Crescente";"Céu Claro";"Dupla";"Reta";"Não";3;0;2;0;1;0;2;2;-20,77838195;-49,35300538;"SPRF-SP";"DEL09-SP";"UOP01-DEL09-SP"
511898;2023-03-21;"terça-feira";"07:40:00";"SC";101;198;"BIGUACU";"Manobra de mudança de faixa";"Colisão lateral mesmo sentido";"Com Vítimas Feridas";"Pleno dia";"Crescente";"Céu Claro";"Dupla";"Reta";"Não";2;0;1;0;0;1;1;2;-27,52658712;-48,63506019;"SPRF-SC";"DEL01-SC";"UOP01-DEL01-SC"
511899;2023-03-21;"terça-feira";"05:20:00";"RJ";40;56;"PETROPOLIS";"Reação tardia ou ineficiente do condutor";"Saída de leito carroçável";"Com Vítimas Feridas";"Amanhecer";"Crescente";"Céu Claro";"Dupla";"Reta";"Não";1;0;1;0;0;0;1;1;-22,36179383;-43,12627244;"SPRF-RJ";"DEL05-RJ";"UOP02-DEL05-RJ"
511900;2023-03-21;"terça-feira";"07:55:00";"PR";277;724;"FOZ DO IGUACU";"Condutor deixou de manter distância do veículo da frente";"Colisão traseira";"Com Vítimas Feridas";"Pleno dia";"Crescente";"Céu Claro";"Dupla";"Retorno Regulamentado;Reta";"Não";3;0;2;0;1;0;2;2;-25,50257577;-54,53868311;"SPRF-PR";"DEL05-PR";"UOP03-DEL05-PR"
511902;2023-03-21;"terça-feira";"07:50:00";"RS";116;530,4;"CAPAO DO LEAO";"Animais na Pista";"Tombamento";"Com Vítimas Feridas";"Pleno dia";"Crescente";"Céu Claro";"Simples";"Reta";"Sim";1;0;1;0;0;0;1;1;-31,76484347;-52,44483238;"SPRF-RS";"DEL07-RS";"UOP01-DEL07-RS"
511903;2023-03-21;"terça-feira";"08:18:00";"PE";101;69,6;"RECIFE";"Chuva";"Queda de ocupante de veículo";"Com Vítimas Feridas";"Pleno dia";"Decrescente";"Chuva";"Simples";"Reta;Viaduto";"Sim";2;0;2;0;0;0;2;1;-8,064547;-34,943738;"SPRF-PE";"DEL01-PE";"UOP01-DEL01-PE"
511905;2023-03-21;"terça-feira";"06:45:00";"RO";364;713,4;"PORTO VELHO";"Reação tardia ou ineficiente do condutor";"Tombamento";"Com Vítimas Feridas";"Pleno dia";"Decrescente";"Nublado";"Dupla";"Curva;Interseção de Vias";"Sim";1;0;1;0;0;0;1;1;-8,77156959;-63,88180733;"SPRF-RO";"DEL01-RO";"UOP01-DEL01-RO"
511907;2023-03-21;"terça-feira";"08:00:00";"SP";116;108;"TAUBATE";"Reação tardia ou ineficiente do condutor";"Colisão traseira";"Com Vítimas Feridas";"Pleno dia";"Crescente";"Céu Claro";"Dupla";"Reta";"Não";2;0;1;0;1;0;1;2;-23,0233097;-45,53763622;"SPRF-SP";"DEL02-SP";"UOP02-DEL02-SP"
511908;2023-03-20;"segunda-feira";"21:20:00";"RJ";116;62;"TERESOPOLIS";"Avarias e/ou desgaste excessivo no pneu";"Tombamento";"Com Vítimas Feridas";"Plena Noite";"Decrescente";"Nublado";"Simples";"Curva";"Não";1;0;1;0;0;0;1;1;-22,25254197;-42,91927708;"SPRF-RJ";"DEL04-RJ";"UOP01-DEL04-RJ"
511909;2023-03-21;"terça-feira";"08:40:00";"MG";50;69;"UBERLANDIA";"Desrespeitar a preferência no cruzamento";"Colisão transversal";"Sem Vítimas";"Pleno dia";"Crescente";"Céu Claro";"Dupla";"Reta";"Sim";2;0;0;0;2;0;0;2;-18,85140204;-48,25345932;"SPRF-MG";"DEL15-MG";"UOP01-DEL15-MG"