"id";"data_inversa";"dia_semana";"horario";"uf";"br";"km";"municipio";"causa_acidente";"tipo_acidente";"classificacao_acidente";"fase_dia";"sentido_via";"condicao_metereologica";"tipo_pista";"tracado_via";"uso_solo";"pessoas";"mortos";"feridos_leves";"feridos_graves";"ilesos";"ignorados";"feridos";"veiculos";"latitude";"longitude";"regional";"delegacia";"uop"
511910;2023-03-21;"terça-feira";"08:00:00";"PE";232;33;"MORENO";"Reação tardia ou ineficiente do condutor";"Saída de leito carroçável";"Com Vítimas Fatais";"Pleno dia";"Crescente";"Chuva";"Dupla";"Reta";"Sim";2;1;0;1;0;0;1;1;-8,106148;-35,179389;"SPRF-PE";"DEL01-PE";"UOP01-DEL01-PE"
511911;2023-03-21;"terça-feira";"08:00:00";"ES";101;182;"ARACRUZ";"Condutor deixou de manter distância do veículo da frente";"Colisão traseira";"Com Vítimas Feridas";"Pleno dia";"Decrescente";"Céu Claro";"Simples";"Aclive;Reta";"Não";2;0;1;0;1;0;1;2;-19,6386808;-40,23155029;"SPRF-ES";"DEL04-ES";"UOP01-DEL04-ES"
511912;2023-03-21;"terça-feira";"07:40:00";"PR";277;66;"SAO JOSE DOS PINHAIS";"Acessar a via sem observar a presença dos outros veículos";"Colisão lateral mesmo sentido";"Com Vítimas Feridas";"Pleno dia";"Crescente";"Céu Claro";"Dupla";"Interseção de Vias;Reta";"Não";2;0;1;0;1;0;1;2;-25,54908791;-49,04398096;"SPRF-PR";"DEL01-PR";"UOP01-DEL01-PR"
511914;2023-03-21;"terça-feira";"07:30:00";"MS";163;263,1;"DOURADOS";"Acessar a via sem observar a presença dos outros veículos";"Colisão transversal";"Com Vítimas Feridas";"Pleno dia";"Crescente";"Sol";"Dupla";"Rotatória;Reta";"Não";2;0;1;1;0;0;2;2;-22,2316424;-54,7478208;"SPRF-MS";"DEL04-MS";"UOP01-DEL04-MS"
511916;2023-03-21;"terça-feira";"08:10:00";"PB";230;25;"JOAO PESSOA";"Manobra de mudança de faixa";"Colisão lateral mesmo sentido";"Com Vítimas Feridas";"Pleno dia";"Decrescente";"Garoa/Chuvisco";"Múltipla";"Reta";"Sim";3;0;2;0;1;0;2;2;-7,1693;-34,8782;"SPRF-PB";"DEL01-PB";"UOP01-DEL01-PB"
511917;2023-03-21;"terça-feira";"08:38:00";"PR";369;422;"JURANDA";"Manobra de mudança de faixa";"Colisão transversal";"Com Vítimas Feridas";"Pleno dia";"Decrescente";"Céu Claro";"Simples";"Reta";"Não";3;0;2;0;1;0;2;2;-24,3963;-52,8067;"SPRF-PR";"DEL04-PR";"UOP03-DEL04-PR"
511918;2023-03-21;"terça-feira";"08:30:00";"ES";262;7,1;"CARIACICA";"Objeto estático sobre o leito carroçável";"Tombamento";"Com Vítimas Feridas";"Pleno dia";"Crescente";"Céu Claro";"Dupla";"Curva";"Sim";1;0;0;1;0;0;1;1;-20,34283738;-40,40434616;"SPRF-ES";"DEL01-ES";"UOP01-DEL01-ES"
511919;2023-03-21;"terça-feira";"09:15:00";"PE";232;9,6;"RECIFE";"Reação tardia ou ineficiente do condutor";"Colisão traseira";"Sem Vítimas";"Pleno dia";"Decrescente";"Chuva";"Dupla";"Reta;Em Obras";"Sim";2;0;0;0;2;0;0;2;-8,07764447;-34,97863609;"SPRF-PE";"DEL01-PE";"UOP01-DEL01-PE"
511921;2023-03-20;"segunda-feira";"09:20:00";"RO";435;84;"COLORADO DO OESTE";"Acessar a via sem observar a presença dos outros veículos";"Colisão transversal";"Com Vítimas Feridas";"Pleno dia";"Decrescente";"Nublado";"Dupla";"Interseção de Vias";"Sim";2;0;1;0;1;0;1;2;-13,1173435;-60,52293293;"SPRF-RO";"DEL04-RO";"UOP02-DEL04-RO"
511926;2023-03-21;"terça-feira";"09:50:00";"MG";262;363;"JUATUBA";"Reação tardia ou ineficiente do condutor";"Colisão traseira";"Com Vítimas Feridas";"Pleno dia";"Decrescente";"Céu Claro";"Dupla";"Aclive;Reta";"Não";3;0;1;0;2;0;1;2;-19,98332997;-44,23572401;"SPRF-MG";"DEL01-MG";"UOP03-DEL01-MG"
511927;2023-03-21;"terça-feira";"09:40:00";"RJ";101;334;"RIO DE JANEIRO";"Ausência de reação do condutor";"Colisão lateral mesmo sentido";"Sem Vítimas";"Pleno dia";"Crescente";"Céu Claro";"Simples";"Reta";"Sim";3;0;0;0;3;0;0;3;-22,88517902;-43,21704364;"SPRF-RJ";"DEL02-RJ";"UOP01-DEL02-RJ"
511928;2023-03-17;"sexta-feira";"20:50:00";"SC";116;199;"PONTE ALTA";"Condutor Dormindo";"Colisão com objeto";"Sem Vítimas";"Plena Noite";"Decrescente";"Nublado";"Simples";"Reta";"Não";1;0;0;0;1;0;0;1;-27,42102791;-50,41128862;"SPRF-SC";"DEL05-SC";"UOP03-DEL05-SC"
511929;2023-03-21;"terça-feira";"07:05:00";"RO";364;424,5;"JARU";"Desrespeitar a preferência no cruzamento";"Colisão transversal";"Com Vítimas Feridas";"Pleno dia";"Decrescente";"Nublado";"Simples";"Interseção de Vias;Reta";"Sim";3;0;1;0;2;0;1;2;-10,4398286;-62,46894836;"SPRF-RO";"DEL03-RO";"UOP02-DEL03-RO"
511930;2023-03-21;"terça-feira";"09:15:00";"RJ";40;30,8;"AREAL";"Velocidade Incompatível";"Colisão com objeto";"Com Vítimas Feridas";"Pleno dia";"Decrescente";"Céu Claro";"Dupla";"Curva";"Sim";5;0;2;2;1;0;4;1;-22,18633705;-43,16660309;"SPRF-RJ";"DEL05-RJ";"UOP02-DEL05-RJ"
511932;2023-03-21;"terça-feira";"09:30:00";"MA";222;362;"SANTA INES";"Conversão proibida";"Colisão traseira";"Com Vítimas Feridas";"Pleno dia";"Decrescente";"Nublado";"Simples";"Reta";"Sim";2;0;0;1;0;1;1;2;-3,67587567;-45,3831629;"SPRF-MA";"DEL02-MA";"UOP01-DEL02-MA"
511934;2023-03-21;"terça-feira";"09:15:00";"PB";230;391;"SAO BENTINHO";"Mal súbito do condutor";"Saída de leito carroçável";"Sem Vítimas";"Pleno dia";"Crescente";"Nublado";"Simples";"Reta";"Sim";5;0;0;0;5;0;0;1;-6,8904;-37,7258;"SPRF-PB";"DEL03-PB";"UOP02-DEL03-PB"
511938;2023-03-21;"terça-feira";"10:45:00";"SP";116;228;"SAO PAULO";"Ausência de reação do condutor";"Colisão lateral mesmo sentido";"Com Vítimas Feridas";"Pleno dia";"Crescente";"Céu Claro";"Múltipla";"Reta";"Sim";4;0;2;0;0;2;2;4;-23,50343484;-46,56638712;"SPRF-SP";"DEL01-SP";"UOP01-DEL01-SP"
511939;2023-03-21;"terça-feira";"11:00:00";"RN";101;94;"NATAL";"Condutor deixou de manter distância do veículo da frente";"Colisão traseira";"Com Vítimas Feridas";"Pleno dia";"Crescente";"Céu Claro";"Dupla";"Reta";"Sim";4;0;0;2;2;0;2;2;-5,82759312;-35,21061301;"SPRF-RN";"DEL01-RN";"UOP01-DEL01-RN"
511940;2023-03-21;"terça-feira";"11:20:00";"PE";232;409;"SERRA TALHADA";"Acesso irregular";"Colisão transversal";"Com Vítimas Feridas";"Pleno dia";"Crescente";"Nublado";"Múltipla";"Interseção de Vias";"Não";4;0;2;0;0;2;2;3;-7,981944;-38,289467;"SPRF-PE";"DEL04-PE";"UOP01-DEL04-PE"
511943;2023-03-21;"terça-feira";"06:11:00";"PR";376;164;"MARINGA";"Reação tardia ou ineficiente do condutor";"Queda de ocupante de veículo";"Com Vítimas Feridas";"Amanhecer";"Decrescente";"Céu Claro";"Dupla";"Reta";"Não";2;0;2;0;0;0;2;1;-23,38117;-52,03549;"SPRF-PR";"DEL09-PR";"UOP01-DEL09-PR"
511944;2023-03-21;"terça-feira";"08:00:00";"PE";101;137;"RIBEIRAO";"Acumulo de água sobre o pavimento";"Saída de leito carroçável";"Com Vítimas Feridas";"Pleno dia";"Decrescente";"Chuva";"Dupla";"Reta";"Não";1;0;1;0;0;0;1;1;-8,41675194;-35,31126636;"SPRF-PE";"DEL01-PE";"UOP03-DEL01-PE"
511947;2023-01-17;"terça-feira";"20:30:00";"MG";50;72;"UBERLANDIA";"Ingestão de álcool pelo condutor";"Colisão traseira";"Com Vítimas Feridas";"Plena Noite";"Crescente";"Céu Claro";"Dupla";"Reta;Aclive";"Sim";2;0;1;0;1;0;1;2;-18,90293696;-48,23540926;"SPRF-MG";"DEL15-MG";"UOP01-DEL15-MG"
511950;2023-03-21;"terça-feira";"01:30:00";"PI";407;608;"ACAUA";"Mal súbito do condutor";"Saída de leito carroçável";"Com Vítimas Fatais";"Plena Noite";"Decrescente";"Chuva";"Simples";"Reta";"Não";2;1;0;0;1;0;0;1;-8,4038619;-41,09423725;"SPRF-PI";"DEL04-PI";"UOP01-DEL04-PI"
511951;2023-03-21;"terça-feira";"12:23:00";"CE";116;8,8;"FORTALEZA";"Entrada inopinada do pedestre";"Atropelamento de Pedestre";"Com Vítimas Feridas";"Pleno dia";"Decrescente";"Nublado";"Múltipla";"Reta";"Sim";2;0;0;1;1;0;1;2;-3,8192799;-38,50268337;"SPRF-CE";"DEL01-CE";"UOP02-DEL01-CE"
511953;2023-03-17;"sexta-feira";"21:30:00";"MG";381;250;"SANTANA DO PARAISO";"Acessar a via sem observar a presença dos outros veículos";"Colisão transversal";"Com Vítimas Feridas";"Plena Noite";"Decrescente";"Céu Claro";"Simples";"Rotatória";"Sim";2;0;1;0;1;0;1;2;-19,48378419;-42,55378491;"SPRF-MG";"DEL06-MG";"UOP01-DEL06-MG"
511954;2023-03-21;"terça-feira";"10:00:00";"SC";280;13,7;"SAO FRANCISCO DO SUL";"Transitar na contramão";"Colisão frontal";"Com Vítimas Feridas";"Pleno dia";"Crescente";"Céu Claro";"Simples";"Reta";"Não";3;0;1;1;1;0;2;3;-26,32171113;-48,64798666;"SPRF-SC";"DEL03-SC";"UOP03-DEL03-SC"
511956;2023-03-21;"terça-feira";"11:00:00";"MT";364;272;"JACIARA";"Reação tardia ou ineficiente do condutor";"Colisão traseira";"Com Vítimas Feridas";"Pleno dia";"Crescente";"Céu Claro";"Dupla";"Reta";"Sim";2;0;1;0;1;0;1;2;-15,96667987;-54,96121981;"SPRF-MT";"DEL05-MT";"UOP02-DEL05-MT"
511957;2023-03-21;"terça-feira";"12:10:00";"BA";101;879;"TEIXEIRA DE FREITAS";"Mal súbito do condutor";"Queda de ocupante de veículo";"Com Vítimas Feridas";"Pleno dia";"Crescente";"Céu Claro";"Simples";"Reta";"Sim";1;0;1;0;0;0;1;1;-17,55423183;-39,72339749;"SPRF-BA";"DEL09-BA";"UOP02-DEL09-BA"
511958;2023-03-21;"terça-feira";"11:18:00";"PR";376;181,3;"MARINGA";"Condutor Dormindo";"Colisão traseira";"Com Vítimas Feridas";"Pleno dia";"Crescente";"Céu Claro";"Dupla";"Reta";"Sim";2;0;1;0;1;0;1;2;-23,428789;-51,892924;"SPRF-PR";"DEL09-PR";"UOP01-DEL09-PR"
511961;2023-01-26;"quinta-feira";"00:20:00";"RS";386;158;"ALMIRANTE TAMANDARE DO SUL";"Ausência de reação do condutor";"Colisão com objeto";"Com Vítimas Feridas";"Plena Noite";"Decrescente";"Céu Claro";"Simples";"Interseção de Vias;Rotatória";"Não";1;0;0;1;0;0;1;1;-28,142254;-52,845757;"SPRF-RS";"DEL08-RS";"UOP01-DEL08-RS"
511963;2023-03-21;"terça-feira";"13:00:00";"MG";116;753,5;"LEOPOLDINA";"Reação tardia ou ineficiente do condutor";"Tombamento";"Com Vítimas Feridas";"Pleno dia";"Decrescente";"Céu Claro";"Simples";"Aclive";"Não";2;0;2;0;0;0;2;1;-21,47859776;-42,57564516;"SPRF-MG";"DEL07-MG";"UOP01-DEL07-MG"
511964;2023-03-21;"terça-feira";"07:50:00";"AM";174;989;"PRESIDENTE FIGUEIREDO";"Acessar a via sem observar a presença dos outros veículos";"Colisão lateral sentido oposto";"Com Vítimas Feridas";"Pleno dia";"Decrescente";"Céu Claro";"Simples";"Declive;Reta";"Sim";3;0;1;1;1;0;2;2;-2,0586673;-60,02074599;"SPRF-AM";"DEL01-AM";"UOP02-DEL01-AM"
511965;2023-03-21;"terça-feira";"10:20:00";"RJ";101;494;"ANGRA DOS REIS";"Acumulo de areia ou detritos sobre o pavimento";"Derramamento de carga";"Com Vítimas Feridas";"Pleno dia";"Decrescente";"Céu Claro";"Simples";"Curva";"Não";1;0;1;0;0;0;1;1;-22,93565986;-44,31791425;"SPRF-RJ";"DEL03-RJ";"UOP03-DEL03-RJ"
511974;2023-03-21;"terça-feira";"11:30:00";"RS";290;95;"PORTO ALEGRE";"Frear bruscamente";"Colisão com objeto";"Com Vítimas Feridas";"Pleno dia";"Decrescente";"Nublado";"Simples";"Aclive;Curva";"Sim";1;0;1;0;0;0;1;1;-29,982832;-51,201572;"SPRF-RS";"DEL01-RS";"UOP01-DEL01-RS"
511975;2023-03-21;"terça-feira";"14:32:00";"PE";101;50,4;"ABREU E LIMA";"Estacionar ou parar em local proibido";"Colisão traseira";"Com Vítimas Feridas";"Pleno dia";"Crescente";"Nublado";"Múltipla";"Reta";"Sim";2;0;0;1;1;0;1;2;-7,90938602;-34,90123228;"SPRF-PE";"DEL01-PE";"UOP02-DEL01-PE"
511976;2023-01-03;"terça-feira";"17:20:00";"BA";324;626;"SALVADOR";"Reação tardia ou ineficiente do condutor";"Queda de ocupante de veículo";"Sem Vítimas";"Anoitecer";"Decrescente";"Céu Claro";"Múltipla";"Reta";"Não";2;0;0;0;1;1;0;2;-12,95020997;-38,47073108;"SPRF-BA";"DEL01-BA";"UOP01-DEL01-BA"
511979;2023-03-21;"terça-feira";"14:30:00";"PE";428;190,2;"PETROLINA";"Acumulo de areia ou detritos sobre o pavimento";"Colisão traseira";"Sem Vítimas";"Pleno dia";"Decrescente";"Nublado";"Dupla";"Reta";"Sim";2;0;0;0;2;0;0;2;-9,379734;-40,50844;"SPRF-PE";"DEL06-PE";"UOP01-DEL06-PE"
511982;2023-03-21;"terça-feira";"15:00:00";"SC";280;24,7;"ARAQUARI";"Reação tardia ou ineficiente do condutor";"Engavetamento";"Com Vítimas Feridas";"Pleno dia";"Crescente";"Céu Claro";"Simples";"Reta";"Sim";4;0;1;0;3;0;1;3;-26,37724921;-48,71953282;"SPRF-SC";"DEL03-SC";"UOP03-DEL03-SC"
511983;2023-03-21;"terça-feira";"14:50:00";"PE";232;312;"SERTANIA";"Ausência de reação do condutor";"Colisão traseira";"Sem Vítimas";"Pleno dia";"Crescente";"Nublado";"Simples";"Aclive";"Não";2;0;0;0;2;0;0;2;-8,13866415;-37,47312917;"SPRF-PE";"DEL04-PE";"UOP02-DEL04-PE"
511985;2023-03-21;"terça-feira";"14:20:00";"RJ";101;487;"ANGRA DOS REIS";"Obras na pista";"Colisão com objeto";"Com Vítimas Feridas";"Pleno dia";"Crescente";"Céu Claro";"Simples";"Reta";"Sim";1;0;0;1;0;0;1;1;-22,96828891;-44,29864663;"SPRF-RJ";"DEL03-RJ";"UOP03-DEL03-RJ"
511986;2023-03-21;"terça-feira";"13:30:00";"SP";116;104;"TAUBATE";"Avarias e/ou desgaste excessivo no pneu";"Colisão com objeto";"Com Vítimas Feridas";"Pleno dia";"Crescente";"Céu Claro";"Múltipla";"Reta";"Não";1;0;1;0;0;0;1;1;-23,00340176;-45,50626912;"SPRF-SP";"DEL02-SP";"UOP02-DEL02-SP"
511987;2023-03-21;"terça-feira";"12:00:00";"RO";364;711;"PORTO VELHO";"Ausência de sinalização";"Colisão lateral mesmo sentido";"Sem Vítimas";"Pleno dia";"Decrescente";"Chuva";"Simples";"Viaduto;Rotatória;Retorno Regulamentado;Interseção de Vias";"Sim";2;0;0;0;2;0;0;2;-8,78153947;-63,86531369;"SPRF-RO";"DEL01-RO";"UOP01-DEL01-RO"
511988;2023-03-21;"terça-feira";"12:10:00";"RS";285;111,1;"VACARIA";"Acumulo de óleo sobre o pavimento";"Colisão com objeto";"Com Vítimas Feridas";"Pleno dia";"Crescente";"Céu Claro";"Simples";"Curva";"Não";6;0;1;0;3;2;1;2;-28,51087;-50,848324;"SPRF-RS";"DEL05-RS";"UOP03-DEL05-RS"
511989;2023-03-21;"terça-feira";"16:00:00";"MG";251;512;"FRANCISCO SA";"Transitar na contramão";"Colisão lateral sentido oposto";"Com Vítimas Feridas";"Pleno dia";"Decrescente";"Céu Claro";"Simples";"Reta";"Não";6;0;2;0;4;0;2;2;-16,6553239;-43,71906108;"SPRF-MG";"DEL12-MG";"UOP01-DEL12-MG"
511992;2023-03-21;"terça-feira";"14:10:00";"PE";423;72,4;"JUPI";"Acumulo de água sobre o pavimento";"Colisão frontal";"Com Vítimas Feridas";"Pleno dia";"Decrescente";"Chuva";"Simples";"Reta;Aclive";"Não";2;0;1;0;1;0;1;2;-8,70118191;-36,4154612;"SPRF-PE";"DEL03-PE";"UOP01-DEL03-PE"
511993;2023-03-21;"terça-feira";"16:30:00";"SP";101;48,5;"UBATUBA";"Acessar a via sem observar a presença dos outros veículos";"Colisão transversal";"Com Vítimas Feridas";"Pleno dia";"Decrescente";"Céu Claro";"Simples";"Reta";"Sim";3;0;1;0;2;0;1;2;-23,43696329;-45,08768768;"SPRF-SP";"DEL06-SP";"UOP01-DEL06-SP"
511994;2023-03-21;"terça-feira";"15:30:00";"MG";354;738,9;"POUSO ALTO";"Ausência de reação do condutor";"Tombamento";"Com Vítimas Feridas";"Pleno dia";"Crescente";"Nublado";"Simples";"Curva";"Não";1;0;1;0;0;0;1;1;-22,21292819;-44,95172393;"SPRF-MG";"DEL17-MG";"UOP01-DEL17-MG"
511995;2023-03-21;"terça-feira";"16:00:00";"SP";116;109,5;"TAUBATE";"Trafegar com motocicleta (ou similar) entre as faixas";"Colisão traseira";"Com Vítimas Feridas";"Pleno dia";"Crescente";"Sol";"Dupla";"Reta;Declive";"Sim";3;0;2;0;0;1;2;2;-23,03412614;-45,5526999;"SPRF-SP";"DEL02-SP";"UOP02-DEL02-SP"
511997;2023-03-21;"terça-feira";"14:58:00";"TO";153;688,7;"GURUPI";"Avarias e/ou desgaste excessivo no pneu";"Colisão com objeto";"Com Vítimas Feridas";"Pleno dia";"Crescente";"Chuva";"Simples";"Declive";"Não";5;0;2;0;3;0;2;1;-11,85477797;-49,14884408;"SPRF-TO";"DEL01-TO";"UOP02-DEL01-TO"
511999;2023-03-21;"terça-feira";"15:30:00";"RO";421;99;"NOVA MAMORE";"Acessar a via sem observar a presença dos outros veículos";"Colisão transversal";"Com Vítimas Feridas";"Pleno dia";"Crescente";"Céu Claro";"Simples";"Reta;Interseção de Vias";"Sim";2;0;1;0;1;0;1;2;-10,40758601;-65,32939977;"SPRF-RO";"DEL03-RO";"UOP01-DEL03-RO"
512001;2023-03-21;"terça-feira";"16:10:00";"PI";343;589,8;"FLORIANO";"Ultrapassagem Indevida";"Colisão lateral mesmo sentido";"Com Vítimas Feridas";"Pleno dia";"Decrescente";"Nublado";"Dupla";"Reta";"Sim";2;0;0;1;1;0;1;2;-6,776695;-43,009346;"SPRF-PI";"DEL03-PI";"UOP01-DEL03-PI"
512005;2023-03-21;"terça-feira";"17:00:00";"SC";101;112;"ITAJAI";"Trafegar com motocicleta (ou similar) entre as faixas";"Queda de ocupante de veículo";"Com Vítimas Feridas";"Pleno dia";"Decrescente";"Céu Claro";"Dupla";"Reta;Ponte";"Não";1;0;1;0;0;0;1;1;-26,84589005;-48,72131295;"SPRF-SC";"DEL04-SC";"UOP04-DEL04-SC"
512008;2023-03-21;"terça-feira";"17:45:00";"RS";472;581;"URUGUAIANA";"Ausência de reação do condutor";"Colisão traseira";"Com Vítimas Feridas";"Pleno dia";"Decrescente";"Céu Claro";"Simples";"Reta";"Não";6;0;0;1;4;1;1;3;-29,78973067;-57,09024087;"SPRF-RS";"DEL13-RS";"UOP01-DEL13-RS"
512010;2023-03-21;"terça-feira";"16:00:00";"RN";427;134,9;"SERRA NEGRA DO NORTE";"Condutor Dormindo";"Saída de leito carroçável";"Sem Vítimas";"Pleno dia";"Crescente";"Sol";"Simples";"Curva";"Não";1;0;0;0;1;0;0;1;-6,60774403;-37,32007095;"SPRF-RN";"DEL03-RN";"UOP01-DEL03-RN"
512011;2023-03-21;"terça-feira";"16:30:00";"SE";235;3;"NOSSA SENHORA DO SOCORRO";"Acumulo de água sobre o pavimento";"Queda de ocupante de veículo";"Com Vítimas Feridas";"Pleno dia";"Crescente";"Chuva";"Dupla";"Reta";"Sim";2;0;1;0;1;0;1;1;-10,9059;-37,111;"SPRF-SE";"DEL01-SE";"UOP01-DEL01-SE"
512013;2023-03-21;"terça-feira";"18:00:00";"SP";116;223;"GUARULHOS";"Ausência de reação do condutor";"Colisão traseira";"Com Vítimas Feridas";"Plena Noite";"Decrescente";"Nublado";"Múltipla";"Reta";"Sim";2;0;1;0;1;0;1;2;-23,47559815;-46,5246609;"SPRF-SP";"DEL01-SP";"UOP01-DEL01-SP"
512014;2023-03-21;"terça-feira";"18:00:00";"RJ";116;90;"TERESOPOLIS";"Ausência de reação do condutor";"Tombamento";"Com Vítimas Feridas";"Anoitecer";"Crescente";"Céu Claro";"Simples";"Reta";"Não";1;0;1;0;0;0;1;1;-22,46035934;-42,96568206;"SPRF-RJ";"DEL04-RJ";"UOP01-DEL04-RJ"
512015;2023-03-21;"terça-feira";"16:00:00";"PI";316;165;"ELESBAO VELOSO";"Pista esburacada";"Saída de leito carroçável";"Com Vítimas Feridas";"Pleno dia";"Crescente";"Céu Claro";"Dupla";"Ponte";"Não";7;0;7;0;0;0;7;1;-6,21662886;-42,08176795;"SPRF-PI";"DEL04-PI";"UOP02-DEL04-PI"
512018;2023-03-21;"terça-feira";"18:30:00";"PR";277;728;"FOZ DO IGUACU";"Entrada inopinada do pedestre";"Queda de ocupante de veículo";"Com Vítimas Feridas";"Anoitecer";"Crescente";"Céu Claro";"Dupla";"Reta";"Não";1;0;1;0;0;0;1;1;-25,509763398;-54,5738720058;"SPRF-PR";"DEL05-PR";"UOP03-DEL05-PR"
512019;2023-03-21;"terça-feira";"18:10:00";"PR";369;185,1;"ARAPONGAS";"Acessar a via sem observar a presença dos outros veículos";"Atropelamento de Pedestre";"Com Vítimas Feridas";"Pleno dia";"Decrescente";"Céu Claro";"Simples";"Reta;Interseção de Vias";"Sim";3;0;0;1;1;1;1;2;-23,40811187;-51,4279139;"SPRF-PR";"DEL07-PR";"UOP03-DEL07-PR"
512020;2023-03-21;"terça-feira";"17:15:00";"RS";116;39;"VACARIA";"Desrespeitar a preferência no cruzamento";"Colisão transversal";"Sem Vítimas";"Pleno dia";"Decrescente";"Céu Claro";"Dupla";"Interseção de Vias;Rotatória";"Sim";2;0;0;0;2;0;0;2;-28,5120121;-50,93237991;"SPRF-RS";"DEL05-RS";"UOP03-DEL05-RS"
512021;2023-03-21;"terça-feira";"17:40:00";"RN";101;121;"SAO JOSE DE MIPIBU";"Manobra de mudança de faixa";"Colisão traseira";"Com Vítimas Feridas";"Anoitecer";"Decrescente";"Céu Claro";"Dupla";"Reta";"Não";3;0;0;2;1;0;2;2;-6,04338592;-35,24621873;"SPRF-RN";"DEL01-RN";"UOP01-DEL01-RN"
512022;2023-03-21;"terça-feira";"17:45:00";"RS";472;133,1;"TRES DE MAIO";"Acessar a via sem observar a presença dos outros veículos";"Colisão transversal";"Com Vítimas Feridas";"Pleno dia";"Crescente";"Nublado";"Simples";"Curva;Interseção de Vias;Em Obras";"Sim";2;0;1;0;1;0;1;2;-27,75494979;-54,25289154;"SPRF-RS";"DEL10-RS";"UOP01-DEL10-RS"
512023;2023-03-21;"terça-feira";"18:00:00";"RN";101;81;"SAO GONCALO DO AMARANTE";"Reação tardia ou ineficiente do condutor";"Colisão traseira";"Com Vítimas Feridas";"Plena Noite";"Decrescente";"Céu Claro";"Dupla";"Reta";"Sim";4;0;1;1;2;0;2;3;-5,7646946643;-35,2829598793;"SPRF-RN";"DEL02-RN";"UOP01-DEL02-RN"
512026;2023-03-21;"terça-feira";"18:20:00";"BA";324;617;"SALVADOR";"Pedestre cruzava a pista fora da faixa";"Atropelamento de Pedestre";"Com Vítimas Fatais";"Plena Noite";"Decrescente";"Céu Claro";"Múltipla";"Reta";"Não";2;1;0;0;1;0;0;2;-12,90050112;-38,45111847;"SPRF-BA";"DEL01-BA";"UOP01-DEL01-BA"
512027;2023-03-21;"terça-feira";"18:30:00";"PA";316;43;"SANTA IZABEL DO PARA";"Ausência de reação do condutor";"Saída de leito carroçável";"Com Vítimas Feridas";"Anoitecer";"Decrescente";"Chuva";"Dupla";"Reta";"Não";5;0;3;0;2;0;3;1;-1,27585585;-48,09602201;"SPRF-PA";"DEL01-PA";"UOP01-DEL01-PA"
512029;2023-03-21;"terça-feira";"17:40:00";"SC";101;135;"BALNEARIO CAMBORIU";"Ausência de reação do condutor";"Colisão lateral mesmo sentido";"Com Vítimas Feridas";"Pleno dia";"Crescente";"Céu Claro";"Simples";"Reta";"Sim";2;0;0;1;0;1;1;2;-27,0050108;-48,62677494;"SPRF-SC";"DEL04-SC";"UOP03-DEL04-SC"
512030;2023-03-21;"terça-feira";"18:00:00";"BA";324;527;"FEIRA DE SANTANA";"Entrada inopinada do pedestre";"Atropelamento de Pedestre";"Com Vítimas Feridas";"Plena Noite";"Decrescente";"Nublado";"Dupla";"Reta";"Não";2;0;0;1;0;1;1;2;-12,31183923;-38,88331817;"SPRF-BA";"DEL01-BA";"UOP03-DEL01-BA"
512031;2023-03-21;"terça-feira";"18:15:00";"SC";101;130,6;"BALNEARIO CAMBORIU";"Acesso irregular";"Colisão frontal";"Com Vítimas Feridas";"Plena Noite";"Crescente";"Nublado";"Múltipla";"Reta";"Não";2;0;1;0;1;0;1;2;-26,98407618;-48,66977107;"SPRF-SC";"DEL04-SC";"UOP03-DEL04-SC"
512032;2023-03-21;"terça-feira";"17:50:00";"RS";116;38,6;"VACARIA";"Conversão proibida";"Colisão transversal";"Com Vítimas Feridas";"Pleno dia";"Crescente";"Nublado";"Simples";"Interseção de Vias";"Não";2;0;1;0;1;0;1;2;-28,50879577;-50,92892647;"SPRF-RS";"DEL05-RS";"UOP03-DEL05-RS"
512033;2023-03-21;"terça-feira";"17:30:00";"RO";364;15;"VILHENA";"Ausência de reação do condutor";"Colisão traseira";"Com Vítimas Feridas";"Anoitecer";"Crescente";"Garoa/Chuvisco";"Simples";"Reta";"Sim";2;0;1;0;1;0;1;2;-12,7349273;-60,1532793;"SPRF-RO";"DEL04-RO";"UOP01-DEL04-RO"
512034;2023-03-21;"terça-feira";"19:10:00";"SC";101;103,5;"BALNEARIO PICARRAS";"Ausência de reação do condutor";"Queda de ocupante de veículo";"Com Vítimas Feridas";"Plena Noite";"Crescente";"Nublado";"Múltipla";"Reta";"Sim";2;0;2;0;0;0;2;1;-26,7832381;-48,68314632;"SPRF-SC";"DEL03-SC";"UOP02-DEL03-SC"
512035;2023-03-21;"terça-feira";"19:20:00";"SP";116;134;"SAO JOSE DOS CAMPOS";"Avarias e/ou desgaste excessivo no pneu";"Tombamento";"Com Vítimas Feridas";"Plena Noite";"Decrescente";"Céu Claro";"Dupla";"Reta";"Não";2;0;1;1;0;0;2;1;-23,1402216;-45,7617252;"SPRF-SP";"DEL02-SP";"UOP02-DEL02-SP"
512037;2023-03-21;"terça-feira";"19:40:00";"SE";101;14,6;"CEDRO DE SAO JOAO";"Acumulo de água sobre o pavimento";"Saída de leito carroçável";"Com Vítimas Feridas";"Plena Noite";"Crescente";"Chuva";"Dupla";"Reta";"Não";1;0;1;0;0;0;1;1;-10,31157674;-36,89174049;"SPRF-SE";"DEL02-SE";"UOP02-DEL02-SE"