"id";"data_inversa";"dia_semana";"horario";"uf";"br";"km";"municipio";"causa_acidente";"tipo_acidente";"classificacao_acidente";"fase_dia";"sentido_via";"condicao_metereologica";"tipo_pista";"tracado_via";"uso_solo";"pessoas";"mortos";"feridos_leves";"feridos_graves";"ilesos";"ignorados";"feridos";"veiculos";"latitude";"longitude";"regional";"delegacia";"uop"
512172;2023-03-22;"quarta-feira";"14:20:00";"RJ";493;51;"DUQUE DE CAXIAS";"Demais falhas mecânicas ou elétricas";"Tombamento";"Com Vítimas Feridas";"Pleno dia";"Crescente";"Céu Claro";"Dupla";"Reta";"Não";1;0;1;0;0;0;1;1;-22,672089;-43,285053;"SPRF-RJ";"DEL01-RJ";"UOP01-DEL01-RJ"
512176;2023-03-22;"quarta-feira";"15:30:00";"MG";381;327;"NOVA ERA";"Ausência de reação do condutor";"Saída de leito carroçável";"Com Vítimas Feridas";"Pleno dia";"Crescente";"Céu Claro";"Simples";"Curva";"Não";4;0;4;0;0;0;4;1;-19,74537797;-43,02108765;"SPRF-MG";"DEL03-MG";"UOP02-DEL03-MG"
512177;2023-03-22;"quarta-feira";"13:35:00";"MT";163;744;"SORRISO";"Demais falhas mecânicas ou elétricas";"Queda de ocupante de veículo";"Com Vítimas Feridas";"Pleno dia";"Crescente";"Céu Claro";"Simples";"Reta";"Não";1;0;1;0;0;0;1;1;-12,71577635;-55,82368745;"SPRF-MT";"DEL06-MT";"UOP01-DEL06-MT"
512178;2023-03-22;"quarta-feira";"14:10:00";"PB";104;13;"CUITE";"Transitar na contramão";"Colisão frontal";"Com Vítimas Feridas";"Pleno dia";"Crescente";"Céu Claro";"Simples";"Curva";"Não";3;0;0;3;0;0;3;2;-6,51013105;-36,14802986;"SPRF-PB";"DEL02-PB";"UOP04-DEL02-PB"
512179;2023-03-22;"quarta-feira";"16:25:00";"RN";110;46;"MOSSORO";"Acessar a via sem observar a presença dos outros veículos";"Colisão transversal";"Com Vítimas Feridas";"Pleno dia";"Crescente";"Nublado";"Simples";"Reta";"Sim";3;0;2;1;0;0;3;2;-5,19797675;-37,31839819;"SPRF-RN";"DEL04-RN";"UOP01-DEL04-RN"
512180;2023-03-22;"quarta-feira";"16:00:00";"RS";392;4;"RIO GRANDE";"Trafegar com motocicleta (ou similar) entre as faixas";"Colisão lateral mesmo sentido";"Com Vítimas Feridas";"Pleno dia";"Crescente";"Nublado";"Simples";"Reta";"Sim";2;0;1;0;1;0;1;2;-32,06960295;-52,09547805;"SPRF-RS";"DEL07-RS";"UOP02-DEL07-RS"
512182;2023-03-22;"quarta-feira";"13:48:00";"RJ";101;303;"SAO GONCALO";"Reação tardia ou ineficiente do condutor";"Queda de ocupante de veículo";"Com Vítimas Feridas";"Pleno dia";"Decrescente";"Céu Claro";"Dupla";"Reta";"Sim";2;0;1;0;0;1;1;2;-22,7828205;-42,9766681;"SPRF-RJ";"DEL02-RJ";"UOP02-DEL02-RJ"
512184;2023-03-22;"quarta-feira";"16:40:00";"SC";101;106,3;"PENHA";"Condutor deixou de manter distância do veículo da frente";"Colisão traseira";"Com Vítimas Feridas";"Pleno dia";"Crescente";"Céu Claro";"Dupla";"Declive;Curva";"Não";2;0;1;0;1;0;1;2;-26,81998843;-48,68415356;"SPRF-SC";"DEL03-SC";"UOP02-DEL03-SC"
512186;2023-03-22;"quarta-feira";"12:30:00";"ES";101;310;"VIANA";"Avarias e/ou desgaste excessivo no pneu";"Queda de ocupante de veículo";"Com Vítimas Feridas";"Pleno dia";"Crescente";"Céu Claro";"Dupla";"Reta";"Não";1;0;1;0;0;0;1;1;-20,42590098;-40,46036505;"SPRF-ES";"DEL01-ES";"UOP01-DEL01-ES"
512187;2023-03-22;"quarta-feira";"17:00:00";"RS";116;337,5;"BARRA DO RIBEIRO";"Demais falhas mecânicas ou elétricas";"Queda de ocupante de veículo";"Com Vítimas Feridas";"Pleno dia";"Crescente";"Nublado";"Dupla";"Reta";"Não";1;0;1;0;0;0;1;1;-30,43086668;-51,47405924;"SPRF-RS";"DEL02-RS";"UOP02-DEL02-RS"
512191;2023-03-22;"quarta-feira";"17:00:00";"SP";116;144,8;"SAO JOSE DOS CAMPOS";"Reação tardia ou ineficiente do condutor";"Colisão traseira";"Com Vítimas Feridas";"Pleno dia";"Crescente";"Sol";"Múltipla";"Reta";"Sim";2;0;1;0;1;0;1;2;-23,18274416;-45,84633592;"SPRF-SP";"DEL02-SP";"UOP01-DEL02-SP"
512192;2023-03-22;"quarta-feira";"17:30:00";"SP";153;259,8;"MARILIA";"Acumulo de óleo sobre o pavimento";"Queda de ocupante de veículo";"Com Vítimas Feridas";"Pleno dia";"Decrescente";"Sol";"Simples";"Declive";"Não";1;0;1;0;0;0;1;1;-22,25744897;-49,92225816;"SPRF-SP";"DEL07-SP";"UOP02-DEL07-SP"
512193;2023-03-22;"quarta-feira";"18:00:00";"PA";10;344;"SANTA MARIA DO PARA";"Ultrapassagem Indevida";"Colisão lateral sentido oposto";"Com Vítimas Feridas";"Anoitecer";"Crescente";"Céu Claro";"Simples";"Reta";"Não";6;0;3;1;2;0;4;2;-1,424327;-47,549943;"SPRF-PA";"DEL01-PA";"UOP02-DEL01-PA"
512194;2023-03-22;"quarta-feira";"17:30:00";"SC";282;3,5;"FLORIANOPOLIS";"Manobra de mudança de faixa";"Colisão lateral mesmo sentido";"Com Vítimas Feridas";"Anoitecer";"Crescente";"Garoa/Chuvisco";"Múltipla";"Reta";"Sim";2;0;1;0;1;0;1;2;-27,600384;-48,599705;"SPRF-SC";"DEL01-SC";"UOP01-DEL01-SC"
512195;2023-03-22;"quarta-feira";"16:30:00";"MT";163;1044;"MATUPA";"Velocidade Incompatível";"Saída de leito carroçável";"Com Vítimas Fatais";"Pleno dia";"Crescente";"Céu Claro";"Simples";"Reta";"Não";1;1;0;0;0;0;0;1;-10,132748;-54,93134;"SPRF-MT";"DEL06-MT";"UOP03-DEL06-MT"
512196;2023-03-22;"quarta-feira";"18:15:00";"SP";116;193;"ARUJA";"Avarias e/ou desgaste excessivo no pneu";"Queda de ocupante de veículo";"Com Vítimas Feridas";"Plena Noite";"Crescente";"Céu Claro";"Dupla";"Reta";"Sim";2;0;2;0;0;0;2;1;-23,37498248;-46,24580384;"SPRF-SP";"DEL01-SP";"UOP01-DEL01-SP"
512198;2023-03-22;"quarta-feira";"18:10:00";"RS";116;265;"CANOAS";"Manobra de mudança de faixa";"Colisão lateral mesmo sentido";"Com Vítimas Feridas";"Pleno dia";"Decrescente";"Céu Claro";"Dupla";"Rotatória";"Sim";2;0;1;0;1;0;1;2;-29,92342302;-51,17780944;"SPRF-RS";"DEL01-RS";"UOP01-DEL01-RS"
512199;2023-03-22;"quarta-feira";"13:45:00";"PI";316;303;"PICOS";"Carga excessiva e/ou mal acondicionada";"Eventos atípicos";"Com Vítimas Feridas";"Pleno dia";"Crescente";"Céu Claro";"Simples";"Reta;Aclive";"Não";1;0;1;0;0;0;1;1;-7,05788693;-41,52443595;"SPRF-PI";"DEL04-PI";"UOP01-DEL04-PI"
512201;2023-03-22;"quarta-feira";"18:00:00";"PB";230;162;"CAMPINA GRANDE";"Reação tardia ou ineficiente do condutor";"Colisão traseira";"Com Vítimas Feridas";"Plena Noite";"Crescente";"Céu Claro";"Simples";"Curva";"Sim";2;0;1;0;1;0;1;2;-7,2277;-35,9439;"SPRF-PB";"DEL02-PB";"UOP01-DEL02-PB"
512202;2023-03-15;"quarta-feira";"15:00:00";"MS";262;762,4;"CORUMBA";"Velocidade Incompatível";"Colisão transversal";"Com Vítimas Feridas";"Pleno dia";"Crescente";"Chuva";"Simples";"Reta";"Não";5;0;2;0;3;0;2;2;-19,12764098;-57,62375735;"SPRF-MS";"DEL03-MS";"UOP03-DEL03-MS"
512203;2023-03-22;"quarta-feira";"14:00:00";"GO";364;21;"SAO SIMAO";"Ausência de reação do condutor";"Colisão traseira";"Com Vítimas Feridas";"Pleno dia";"Decrescente";"Céu Claro";"Dupla";"Reta";"Não";3;0;2;0;1;0;2;2;-18,92555;-50,654079;"SPRF-GO";"DEL05-GO";"UOP02-DEL05-GO"
512204;2023-03-22;"quarta-feira";"17:30:00";"SC";101;212,6;"PALHOCA";"Ausência de reação do condutor";"Tombamento";"Com Vítimas Feridas";"Pleno dia";"Crescente";"Chuva";"Dupla";"Reta;Interseção de Vias";"Sim";1;0;1;0;0;0;1;1;-27,62996929;-48,65903871;"SPRF-SC";"DEL01-SC";"UOP02-DEL01-SC"
512207;2023-03-22;"quarta-feira";"13:30:00";"RS";471;155,1;"SANTA CRUZ DO SUL";"Acessar a via sem observar a presença dos outros veículos";"Colisão transversal";"Com Vítimas Feridas";"Pleno dia";"Crescente";"Nublado";"Múltipla";"Interseção de Vias";"Não";2;0;0;1;1;0;1;2;-29,82039128;-52,40281105;"SPRF-RS";"DEL02-RS";"UOP03-DEL02-RS"
512208;2023-02-10;"sexta-feira";"15:23:00";"MG";381;176,9;"GOVERNADOR VALADARES";"Velocidade Incompatível";"Colisão traseira";"Sem Vítimas";"Pleno dia";"Decrescente";"Céu Claro";"Simples";"Reta";"Não";1;0;0;0;1;0;0;1;-18,95845506;-42,07633615;"SPRF-MG";"DEL06-MG";"UOP01-DEL06-MG"
512209;2023-03-22;"quarta-feira";"17:50:00";"PR";369;176;"ROLANDIA";"Condutor desrespeitou a iluminação vermelha do semáforo";"Colisão transversal";"Com Vítimas Feridas";"Anoitecer";"Crescente";"Céu Claro";"Simples";"Reta;Interseção de Vias";"Sim";2;0;1;0;1;0;1;2;-23,33689693;-51,38889313;"SPRF-PR";"DEL07-PR";"UOP01-DEL07-PR"
512210;2023-03-22;"quarta-feira";"17:30:00";"RJ";356;147;"CAMPOS DOS GOYTACAZES";"Ausência de reação do condutor";"Colisão traseira";"Com Vítimas Feridas";"Pleno dia";"Crescente";"Céu Claro";"Dupla";"Reta";"Sim";2;0;1;0;1;0;1;2;-21,77900012;-41,29060929;"SPRF-RJ";"DEL08-RJ";"UOP02-DEL08-RJ"
512213;2023-03-22;"quarta-feira";"18:25:00";"RN";101;161;"CANGUARETAMA";"Pedestre cruzava a pista fora da faixa";"Atropelamento de Pedestre";"Com Vítimas Feridas";"Plena Noite";"Decrescente";"Céu Claro";"Simples";"Reta";"Sim";2;0;0;1;0;1;1;2;-6,37832592;-35,14846487;"SPRF-RN";"DEL01-RN";"UOP01-DEL01-RN"
512214;2023-03-18;"sábado";"10:15:00";"RJ";40;114;"DUQUE DE CAXIAS";"Pista Escorregadia";"Tombamento";"Com Vítimas Feridas";"Pleno dia";"Decrescente";"Céu Claro";"Dupla";"Reta";"Não";1;0;1;0;0;0;1;1;-22,71853604;-43,28993324;"SPRF-RJ";"DEL01-RJ";"UOP01-DEL01-RJ"
512215;2023-03-11;"sábado";"13:30:00";"MS";163;512;"JARAGUARI";"Chuva";"Saída de leito carroçável";"Com Vítimas Feridas";"Pleno dia";"Crescente";"Garoa/Chuvisco";"Dupla";"Curva";"Não";2;0;1;0;1;0;1;1;-20,22783328;-54,47717844;"SPRF-MS";"DEL01-MS";"UOP02-DEL01-MS"
512216;2023-03-22;"quarta-feira";"17:20:00";"MG";381;521,5;"BRUMADINHO";"Reação tardia ou ineficiente do condutor";"Saída de leito carroçável";"Com Vítimas Feridas";"Pleno dia";"Decrescente";"Nublado";"Dupla";"Aclive;Curva";"Não";1;0;1;0;0;0;1;1;-20,13846621;-44,31715274;"SPRF-MG";"DEL04-MG";"UOP03-DEL04-MG"
512217;2023-03-22;"quarta-feira";"18:51:00";"RJ";116;172;"SAO JOAO DE MERITI";"Pedestre cruzava a pista fora da faixa";"Atropelamento de Pedestre";"Com Vítimas Feridas";"Plena Noite";"Crescente";"Nublado";"Múltipla";"Reta";"Sim";2;0;1;1;0;0;2;2;-22,80188151;-43,35043673;"SPRF-RJ";"DEL01-RJ";"UOP02-DEL01-RJ"
512220;2023-03-22;"quarta-feira";"19:52:00";"RN";101;146;"GOIANINHA";"Pedestre andava na pista";"Atropelamento de Pedestre";"Com Vítimas Feridas";"Plena Noite";"Decrescente";"Céu Claro";"Dupla";"Reta";"Sim";2;0;1;1;0;0;2;2;-6,251018;-35,215418;"SPRF-RN";"DEL01-RN";"UOP01-DEL01-RN"
512221;2023-03-22;"quarta-feira";"17:15:00";"RO";364;424;"JARU";"Animais na Pista";"Tombamento";"Com Vítimas Feridas";"Pleno dia";"Crescente";"Céu Claro";"Simples";"Reta";"Sim";1;0;1;0;0;0;1;1;-10,44457274;-62,46568412;"SPRF-RO";"DEL03-RO";"UOP02-DEL03-RO"
512223;2023-03-22;"quarta-feira";"19:00:00";"PR";277;645;"CEU AZUL";"Acessar a via sem observar a presença dos outros veículos";"Colisão transversal";"Com Vítimas Feridas";"Plena Noite";"Crescente";"Céu Claro";"Simples";"Reta";"Não";2;0;0;1;1;0;1;2;-25,173714;-53,895862;"SPRF-PR";"DEL05-PR";"UOP02-DEL05-PR"
512224;2023-03-22;"quarta-feira";"18:17:00";"MG";262;35,5;"MANHUACU";"Acessar a via sem observar a presença dos outros veículos";"Colisão transversal";"Com Vítimas Feridas";"Anoitecer";"Decrescente";"Céu Claro";"Simples";"Curva";"Sim";3;0;1;0;1;1;1;3;-20,2592562;-42,01698194;"SPRF-MG";"DEL06-MG";"UOP03-DEL06-MG"
512225;2023-03-22;"quarta-feira";"17:45:00";"RS";153;47;"ERECHIM";"Acessar a via sem observar a presença dos outros veículos";"Colisão transversal";"Com Vítimas Feridas";"Pleno dia";"Decrescente";"Céu Claro";"Simples";"Rotatória";"Sim";2;0;0;1;1;0;1;2;-27,64530366;-52,24998023;"SPRF-RS";"DEL08-RS";"UOP04-DEL08-RS"
512226;2023-03-22;"quarta-feira";"19:35:00";"MG";356;265,6;"MURIAE";"Desrespeitar a preferência no cruzamento";"Colisão transversal";"Com Vítimas Feridas";"Plena Noite";"Crescente";"Céu Claro";"Simples";"Reta;Interseção de Vias";"Sim";2;0;1;0;1;0;1;2;-21,12838898;-42,366803;"SPRF-MG";"DEL07-MG";"UOP02-DEL07-MG"
512228;2023-03-22;"quarta-feira";"15:43:00";"RN";405;191;"MAJOR SALES";"Pista esburacada";"Saída de leito carroçável";"Com Vítimas Feridas";"Pleno dia";"Decrescente";"Céu Claro";"Simples";"Reta";"Não";3;0;0;1;1;1;1;3;-6,43405421;-38,33934794;"SPRF-RN";"DEL04-RN";"UOP02-DEL04-RN"
512235;2023-03-22;"quarta-feira";"20:10:00";"BA";324;1;"FEIRA DE SANTANA";"Acessar a via sem observar a presença dos outros veículos";"Colisão transversal";"Com Vítimas Feridas";"Plena Noite";"Crescente";"Céu Claro";"Simples";"Interseção de Vias";"Sim";2;0;0;1;1;0;1;2;-12,28122538;-38,94440001;"SPRF-BA";"DEL02-BA";"UOP01-DEL02-BA"
512236;2023-03-22;"quarta-feira";"19:15:00";"SC";101;114;"ITAJAI";"Reação tardia ou ineficiente do condutor";"Colisão traseira";"Com Vítimas Feridas";"Plena Noite";"Decrescente";"Nublado";"Dupla";"Reta";"Sim";2;0;0;1;1;0;1;2;-26,86192886;-48,7286704;"SPRF-SC";"DEL04-SC";"UOP04-DEL04-SC"
512238;2023-03-22;"quarta-feira";"16:15:00";"RJ";40;106;"DUQUE DE CAXIAS";"Acessar a via sem observar a presença dos outros veículos";"Colisão transversal";"Com Vítimas Feridas";"Pleno dia";"Crescente";"Céu Claro";"Múltipla";"Reta;Interseção de Vias";"Sim";3;0;1;0;1;1;1;2;-22,64679;-43,283726;"SPRF-RJ";"DEL01-RJ";"UOP01-DEL01-RJ"
512239;2023-03-22;"quarta-feira";"21:05:00";"SP";116;87;"PINDAMONHANGABA";"Entrada inopinada do pedestre";"Atropelamento de Pedestre";"Com Vítimas Feridas";"Plena Noite";"Crescente";"Nublado";"Dupla";"Reta";"Não";2;0;1;0;1;0;1;2;-22,93065267;-45,36166116;"SPRF-SP";"DEL08-SP";"UOP01-DEL08-SP"
512241;2023-03-22;"quarta-feira";"20:20:00";"MG";381;703,3;"LAVRAS";"Pedestre andava na pista";"Atropelamento de Pedestre";"Sem Vítimas";"Plena Noite";"Crescente";"Nublado";"Dupla";"Reta";"Não";2;0;0;0;0;2;0;2;-21,33409924;-45,17325694;"SPRF-MG";"DEL04-MG";"UOP02-DEL04-MG"
512242;2023-03-22;"quarta-feira";"20:00:00";"RJ";101;267;"RIO BONITO";"Reação tardia ou ineficiente do condutor";"Queda de ocupante de veículo";"Com Vítimas Feridas";"Plena Noite";"Decrescente";"Céu Claro";"Dupla";"Reta";"Sim";2;0;2;0;0;0;2;1;-22,70728329;-42,66059086;"SPRF-RJ";"DEL02-RJ";"UOP03-DEL02-RJ"
512243;2023-03-22;"quarta-feira";"20:20:00";"SP";116;281;"EMBU DAS ARTES";"Ingestão de álcool pelo condutor";"Saída de leito carroçável";"Sem Vítimas";"Plena Noite";"Crescente";"Céu Claro";"Dupla";"Reta";"Sim";7;0;0;0;7;0;0;1;-23,65292927;-46,84843601;"SPRF-SP";"DEL04-SP";"UOP01-DEL04-SP"
512244;2023-03-22;"quarta-feira";"18:58:00";"AC";364;138;"RIO BRANCO";"Manobra de mudança de faixa";"Colisão lateral mesmo sentido";"Com Vítimas Feridas";"Plena Noite";"Crescente";"Céu Claro";"Dupla";"Reta";"Sim";3;0;2;0;1;0;2;2;-9,95470129;-67,86002755;"SPRF-AC";"DEL01-AC";"UOP01-DEL01-AC"
512245;2023-03-22;"quarta-feira";"18:25:00";"PA";230;116;"MARABA";"Ausência de reação do condutor";"Colisão traseira";"Com Vítimas Feridas";"Anoitecer";"Crescente";"Céu Claro";"Dupla";"Reta";"Não";2;0;0;1;1;0;1;2;-5,35947454;-49,08301084;"SPRF-PA";"DEL03-PA";"UOP01-DEL03-PA"
512247;2023-03-18;"sábado";"18:03:00";"MG";153;30;"CENTRALINA";"Demais falhas na via";"Colisão lateral mesmo sentido";"Com Vítimas Feridas";"Plena Noite";"Decrescente";"Céu Claro";"Dupla";"Reta";"Não";5;0;1;0;4;0;1;2;-18,67926678;-49,15604759;"SPRF-MG";"DEL15-MG";"UOP03-DEL15-MG"
512249;2023-03-22;"quarta-feira";"21:00:00";"RS";101;45,9;"TERRA DE AREIA";"Ingestão de álcool pelo condutor";"Colisão lateral mesmo sentido";"Sem Vítimas";"Plena Noite";"Decrescente";"Chuva";"Simples";"Reta";"Sim";4;0;0;0;2;2;0;4;-29,569855;-50,056385;"SPRF-RS";"DEL03-RS";"UOP02-DEL03-RS"
512251;2023-03-22;"quarta-feira";"18:00:00";"BA";116;209;"EUCLIDES DA CUNHA";"Iluminação deficiente";"Saída de leito carroçável";"Com Vítimas Feridas";"Anoitecer";"Decrescente";"Nublado";"Simples";"Reta";"Não";1;0;0;1;0;0;1;1;-10,49418305;-39,01453813;"SPRF-BA";"DEL07-BA";"UOP02-DEL07-BA"
512252;2023-03-22;"quarta-feira";"19:00:00";"SC";101;123;"ITAJAI";"Ausência de reação do condutor";"Colisão traseira";"Com Vítimas Feridas";"Plena Noite";"Decrescente";"Garoa/Chuvisco";"Dupla";"Reta";"Não";1;0;0;1;0;0;1;1;-26,93668609;-48,69876905;"SPRF-SC";"DEL04-SC";"UOP04-DEL04-SC"
512255;2023-03-22;"quarta-feira";"22:45:00";"MG";116;323;"ITAMBACURI";"Obstrução na via";"Saída de leito carroçável";"Com Vítimas Feridas";"Plena Noite";"Crescente";"Céu Claro";"Simples";"Reta";"Não";1;0;0;1;0;0;1;1;-18,18098088;-41,70885046;"SPRF-MG";"DEL11-MG";"UOP01-DEL11-MG"
512258;2023-03-22;"quarta-feira";"22:40:00";"BA";367;72;"EUNAPOLIS";"Ingestão de álcool pelo condutor";"Saída de leito carroçável";"Com Vítimas Feridas";"Plena Noite";"Crescente";"Céu Claro";"Simples";"Curva";"Não";1;0;1;0;0;0;1;1;-16,38749268;-39,48135001;"SPRF-BA";"DEL09-BA";"UOP03-DEL09-BA"
512259;2023-03-22;"quarta-feira";"21:20:00";"MG";50;186;"UBERABA";"Reação tardia ou ineficiente do condutor";"Colisão com objeto";"Com Vítimas Feridas";"Plena Noite";"Crescente";"Céu Claro";"Dupla";"Curva;Viaduto;Retorno Regulamentado";"Não";2;0;2;0;0;0;2;1;-19,82507776;-47,89035168;"SPRF-MG";"DEL13-MG";"UOP01-DEL13-MG"
512260;2023-03-22;"quarta-feira";"23:30:00";"RJ";101;64;"CAMPOS DOS GOYTACAZES";"Ausência de reação do condutor";"Colisão traseira";"Com Vítimas Feridas";"Plena Noite";"Decrescente";"Céu Claro";"Simples";"Reta";"Sim";2;0;1;0;1;0;1;2;-21,74908605;-41,33632461;"SPRF-RJ";"DEL08-RJ";"UOP02-DEL08-RJ"
512264;2023-03-22;"quarta-feira";"20:30:00";"RO";364;712;"PORTO VELHO";"Reação tardia ou ineficiente do condutor";"Tombamento";"Com Vítimas Feridas";"Plena Noite";"Crescente";"Céu Claro";"Dupla";"Interseção de Vias";"Sim";1;0;1;0;0;0;1;1;-8,7738387;-63,87849212;"SPRF-RO";"DEL01-RO";"UOP01-DEL01-RO"
512265;2023-03-23;"quinta-feira";"00:32:00";"SC";101;20;"JOINVILLE";"Avarias e/ou desgaste excessivo no pneu";"Colisão com objeto";"Com Vítimas Feridas";"Plena Noite";"Crescente";"Chuva";"Dupla";"Reta";"Não";1;0;1;0;0;0;1;1;-26,140675;-48,902995;"SPRF-SC";"DEL03-SC";"UOP01-DEL03-SC"
512271;2023-03-23;"quinta-feira";"01:30:00";"RS";116;265;"CANOAS";"Reação tardia ou ineficiente do condutor";"Colisão com objeto";"Sem Vítimas";"Plena Noite";"Decrescente";"Céu Claro";"Dupla";"Reta";"Sim";2;0;0;0;2;0;0;1;-29,92342302;-51,17780944;"SPRF-RS";"DEL01-RS";"UOP01-DEL01-RS"
512272;2023-03-22;"quarta-feira";"21:27:00";"MG";153;1;"ARAPORA";"Ausência de reação do condutor";"Colisão traseira";"Com Vítimas Feridas";"Pleno dia";"Crescente";"Céu Claro";"Dupla";"Reta";"Não";2;0;1;0;1;0;1;2;-18,42608911;-49,19359032;"SPRF-MG";"DEL15-MG";"UOP03-DEL15-MG"
512273;2023-03-23;"quinta-feira";"02:30:00";"PE";232;407;"SERRA TALHADA";"Animais na Pista";"Atropelamento de Animal";"Com Vítimas Feridas";"Plena Noite";"Crescente";"Nublado";"Simples";"Reta;Declive";"Sim";1;0;0;1;0;0;1;1;-7,9854402;-38,27148304;"SPRF-PE";"DEL04-PE";"UOP01-DEL04-PE"
512274;2023-03-23;"quinta-feira";"02:00:00";"MS";163;505;"JARAGUARI";"Condutor Dormindo";"Saída de leito carroçável";"Com Vítimas Feridas";"Plena Noite";"Crescente";"Céu Claro";"Dupla";"Reta";"Não";1;0;1;0;0;0;1;1;-20,28681811;-54,49639682;"SPRF-MS";"DEL01-MS";"UOP02-DEL01-MS"
512275;2023-03-23;"quinta-feira";"05:15:00";"BA";116;15;"VITORIA DA CONQUISTA";"Neblina";"Colisão traseira";"Com Vítimas Feridas";"Amanhecer";"Decrescente";"Nevoeiro/Neblina";"Simples";"Declive;Reta";"Sim";3;0;3;0;0;0;3;2;-14,851;-40,8485;"SPRF-BA";"DEL08-BA";"UOP01-DEL08-BA"
512276;2023-03-23;"quinta-feira";"04:40:00";"MS";163;418,2;"NOVA ALVORADA DO SUL";"Animais na Pista";"Atropelamento de Animal";"Com Vítimas Feridas";"Amanhecer";"Decrescente";"Céu Claro";"Simples";"Reta";"Não";1;0;1;0;0;0;1;1;-21,00893181;-54,50876798;"SPRF-MS";"DEL02-MS";"UOP01-DEL02-MS"
512278;2023-03-23;"quinta-feira";"02:45:00";"AL";423;38;"INHAPI";"Reação tardia ou ineficiente do condutor";"Capotamento";"Com Vítimas Feridas";"Plena Noite";"Crescente";"Céu Claro";"Simples";"Reta";"Não";4;0;2;1;1;0;3;1;-9,2273871;-37,61856297;"SPRF-AL";"DEL03-AL";"UOP02-DEL03-AL"
512281;2023-03-23;"quinta-feira";"06:30:00";"GO";153;493,3;"GOIANIA";"Neblina";"Colisão traseira";"Com Vítimas Feridas";"Amanhecer";"Crescente";"Nevoeiro/Neblina";"Dupla";"Declive";"Sim";2;0;1;0;1;0;1;2;-16,6776;-49,2314;"SPRF-GO";"DEL01-GO";"UOP01-DEL01-GO"
512282;2023-03-23;"quinta-feira";"03:25:00";"SC";101;140;"BALNEARIO CAMBORIU";"Velocidade Incompatível";"Saída de leito carroçável";"Sem Vítimas";"Plena Noite";"Decrescente";"Chuva";"Simples";"Curva;Declive";"Sim";1;0;0;0;0;1;0;1;-27,03881189;-48,60025148;"SPRF-SC";"DEL04-SC";"UOP03-DEL04-SC"
512283;2023-03-23;"quinta-feira";"06:00:00";"SC";101;129;"BALNEARIO CAMBORIU";"Chuva";"Saída de leito carroçável";"Com Vítimas Feridas";"Amanhecer";"Decrescente";"Chuva";"Dupla";"Reta";"Não";2;0;1;0;1;0;1;1;-26,98064277;-48,6790679;"SPRF-SC";"DEL04-SC";"UOP03-DEL04-SC"
512284;2023-03-23;"quinta-feira";"07:00:00";"SC";101;140;"BALNEARIO CAMBORIU";"Acumulo de água sobre o pavimento";"Colisão com objeto";"Com Vítimas Feridas";"Amanhecer";"Crescente";"Céu Claro";"Dupla";"Reta";"Não";2;0;0;2;0;0;2;1;-27,03879211;-48,60274315;"SPRF-SC";"DEL04-SC";"UOP03-DEL04-SC"
512285;2023-03-23;"quinta-feira";"05:10:00";"MG";381;660,5;"SANTO ANTONIO DO AMPARO";"Condutor Dormindo";"Tombamento";"Com Vítimas Feridas";"Amanhecer";"Decrescente";"Céu Claro";"Dupla";"Curva";"Não";1;0;1;0;0;0;1;1;-21,032535;-45,002186;"SPRF-MG";"DEL04-MG";"UOP02-DEL04-MG"
512286;2023-03-23;"quinta-feira";"06:40:00";"MG";40;545,7;"NOVA LIMA";"Reação tardia ou ineficiente do condutor";"Queda de ocupante de veículo";"Com Vítimas Feridas";"Pleno dia";"Crescente";"Nublado";"Dupla";"Reta";"Não";1;0;1;0;0;0;1;1;-20,01484706;-43,96917343;"SPRF-MG";"DEL01-MG";"UOP02-DEL01-MG"
512287;2023-03-23;"quinta-feira";"06:58:00";"PR";277;68;"SAO JOSE DOS PINHAIS";"Ausência de reação do condutor";"Capotamento";"Com Vítimas Feridas";"Pleno dia";"Crescente";"Céu Claro";"Dupla";"Reta";"Sim";1;0;1;0;0;0;1;1;-25,54112281;-49,06183391;"SPRF-PR";"DEL01-PR";"UOP01-DEL01-PR"
512289;2023-03-23;"quinta-feira";"07:00:00";"SP";116;218;"GUARULHOS";"Condutor deixou de manter distância do veículo da frente";"Colisão traseira";"Com Vítimas Feridas";"Pleno dia";"Crescente";"Céu Claro";"Múltipla";"Reta";"Sim";2;0;1;0;1;0;1;2;-23,457972;-46,479927;"SPRF-SP";"DEL01-SP";"UOP01-DEL01-SP"
512290;2023-03-23;"quinta-feira";"07:15:00";"CE";116;11;"FORTALEZA";"Ausência de reação do condutor";"Colisão traseira";"Com Vítimas Feridas";"Pleno dia";"Decrescente";"Céu Claro";"Dupla";"Reta";"Sim";3;0;2;0;1;0;2;2;-3,849408;-38,496072;"SPRF-CE";"DEL01-CE";"UOP02-DEL01-CE"
512291;2023-03-23;"quinta-feira";"07:15:00";"DF";40;3;"BRASILIA";"Manobra de mudança de faixa";"Colisão lateral mesmo sentido";"Com Vítimas Feridas";"Pleno dia";"Decrescente";"Céu Claro";"Dupla";"Reta;Viaduto";"Sim";2;0;1;0;1;0;1;2;-16,003145;-47,983944;"SPRF-DF";"DEL01-DF";"UOP01-DEL01-DF"
512292;2023-03-23;"quinta-feira";"07:30:00";"SC";282;17;"PALHOCA";"Trafegar com motocicleta (ou similar) entre as faixas";"Colisão lateral mesmo sentido";"Com Vítimas Feridas";"Pleno dia";"Crescente";"Garoa/Chuvisco";"Simples";"Interseção de Vias;Rotatória";"Sim";2;0;1;0;1;0;1;2;-27,665707;-48,688065;"SPRF-SC";"DEL01-SC";"UOP02-DEL01-SC"