"id";"data_inversa";"dia_semana";"horario";"uf";"br";"km";"municipio";"causa_acidente";"tipo_acidente";"classificacao_acidente";"fase_dia";"sentido_via";"condicao_metereologica";"tipo_pista";"tracado_via";"uso_solo";"pessoas";"mortos";"feridos_leves";"feridos_graves";"ilesos";"ignorados";"feridos";"veiculos";"latitude";"longitude";"regional";"delegacia";"uop"
512294;2023-03-23;"quinta-feira";"07:30:00";"SP";101;51;"UBATUBA";"Acessar a via sem observar a presença dos outros veículos";"Colisão transversal";"Com Vítimas Feridas";"Pleno dia";"Crescente";"Céu Claro";"Simples";"Reta";"Sim";2;0;1;0;1;0;1;2;-23,45627795;-45,07111896;"SPRF-SP";"DEL06-SP";"UOP01-DEL06-SP"
512297;2023-03-23;"quinta-feira";"07:30:00";"RN";101;103;"PARNAMIRIM";"Condutor deixou de manter distância do veículo da frente";"Colisão traseira";"Sem Vítimas";"Pleno dia";"Decrescente";"Céu Claro";"Dupla";"Reta";"Sim";3;0;0;0;3;0;0;2;-5,89034022;-35,24894996;"SPRF-RN";"DEL01-RN";"UOP01-DEL01-RN"
512299;2023-03-23;"quinta-feira";"07:50:00";"RS";116;240;"NOVO HAMBURGO";"Manobra de mudança de faixa";"Colisão traseira";"Com Vítimas Feridas";"Pleno dia";"Decrescente";"Céu Claro";"Dupla";"Aclive;Reta";"Não";3;0;1;0;2;0;1;2;-29,70496497;-51,14676523;"SPRF-RS";"DEL01-RS";"UOP02-DEL01-RS"
512300;2023-03-23;"quinta-feira";"08:15:00";"SC";101;73;"ARAQUARI";"Reação tardia ou ineficiente do condutor";"Colisão com objeto";"Com Vítimas Feridas";"Pleno dia";"Crescente";"Nublado";"Dupla";"Curva";"Não";1;0;1;0;0;0;1;1;-26,53567108;-48,71326731;"SPRF-SC";"DEL03-SC";"UOP02-DEL03-SC"
512302;2023-03-23;"quinta-feira";"08:10:00";"MG";381;483;"BETIM";"Ausência de reação do condutor";"Tombamento";"Com Vítimas Feridas";"Pleno dia";"Decrescente";"Céu Claro";"Múltipla";"Curva";"Sim";2;0;0;1;1;0;1;2;-19,95594491;-44,10721699;"SPRF-MG";"DEL01-MG";"UOP03-DEL01-MG"
512304;2023-03-23;"quinta-feira";"07:50:00";"PR";376;510;"PONTA GROSSA";"Ausência de reação do condutor";"Saída de leito carroçável";"Com Vítimas Feridas";"Pleno dia";"Decrescente";"Céu Claro";"Dupla";"Declive;Reta";"Não";5;0;3;0;2;0;3;2;-25,241402;-50,029533;"SPRF-PR";"DEL03-PR";"UOP04-DEL03-PR"
512305;2023-03-23;"quinta-feira";"08:30:00";"RS";116;1;"PORTO ALEGRE";"Ausência de reação do condutor";"Colisão lateral mesmo sentido";"Com Vítimas Feridas";"Pleno dia";"Crescente";"Céu Claro";"Dupla";"Reta";"Sim";2;0;1;0;1;0;1;2;-30,033535;-51,230453;"SPRF-RS";"DEL01-RS";"UOP01-DEL01-RS"
512308;2023-03-23;"quinta-feira";"07:21:00";"RO";174;13,5;"VILHENA";"Desrespeitar a preferência no cruzamento";"Colisão transversal";"Com Vítimas Feridas";"Pleno dia";"Crescente";"Céu Claro";"Dupla";"Reta";"Sim";2;0;1;0;1;0;1;2;-12,73622516;-60,13072372;"SPRF-RO";"DEL04-RO";"UOP01-DEL04-RO"
512309;2023-03-23;"quinta-feira";"08:30:00";"MG";40;803;"MATIAS BARBOSA";"Manobra de mudança de faixa";"Colisão lateral mesmo sentido";"Com Vítimas Feridas";"Pleno dia";"Crescente";"Céu Claro";"Dupla";"Reta;Declive";"Não";3;0;2;0;1;0;2;2;-21,85782703;-43,37661004;"SPRF-MG";"DEL05-MG";"UOP01-DEL05-MG"
512310;2023-03-23;"quinta-feira";"09:05:00";"SE";101;37,9;"CAPELA";"Avarias e/ou desgaste excessivo no pneu";"Saída de leito carroçável";"Com Vítimas Feridas";"Pleno dia";"Decrescente";"Chuva";"Dupla";"Aclive;Curva";"Não";2;0;2;0;0;0;2;1;-10,509638;-36,945878;"SPRF-SE";"DEL02-SE";"UOP02-DEL02-SE"
512314;2023-03-23;"quinta-feira";"07:25:00";"RS";392;7,6;"RIO GRANDE";"Acessar a via sem observar a presença dos outros veículos";"Colisão transversal";"Sem Vítimas";"Pleno dia";"Decrescente";"Garoa/Chuvisco";"Simples";"Reta";"Sim";3;0;0;0;2;1;0;3;-32,093615;-52,108877;"SPRF-RS";"DEL07-RS";"UOP02-DEL07-RS"
512318;2023-03-23;"quinta-feira";"06:20:00";"SC";116;145;"SANTA CECILIA";"Acessar a via sem observar a presença dos outros veículos";"Colisão transversal";"Com Vítimas Feridas";"Pleno dia";"Decrescente";"Céu Claro";"Simples";"Reta";"Não";2;0;0;1;1;0;1;2;-26,99576203;-50,40504813;"SPRF-SC";"DEL06-SC";"UOP02-DEL06-SC"
512321;2023-03-23;"quinta-feira";"09:30:00";"MG";116;308;"ITAMBACURI";"Ausência de reação do condutor";"Saída de leito carroçável";"Com Vítimas Feridas";"Pleno dia";"Decrescente";"Céu Claro";"Simples";"Curva";"Não";1;0;0;1;0;0;1;1;-18,05506995;-41,66565241;"SPRF-MG";"DEL11-MG";"UOP01-DEL11-MG"
512322;2023-03-23;"quinta-feira";"09:40:00";"RJ";493;22;"MAGE";"Reação tardia ou ineficiente do condutor";"Colisão traseira";"Com Vítimas Feridas";"Pleno dia";"Decrescente";"Céu Claro";"Simples";"Reta";"Sim";2;0;1;0;1;0;1;2;-22,659311;-43,053303;"SPRF-RJ";"DEL04-RJ";"UOP02-DEL04-RJ"
512324;2023-03-23;"quinta-feira";"05:30:00";"RO";364;421,8;"JARU";"Conversão proibida";"Colisão transversal";"Com Vítimas Feridas";"Amanhecer";"Decrescente";"Nublado";"Simples";"Rotatória;Reta";"Não";4;0;0;2;2;0;2;2;-10,47470369;-62,44575957;"SPRF-RO";"DEL03-RO";"UOP02-DEL03-RO"
512326;2023-03-23;"quinta-feira";"10:10:00";"RJ";116;170;"RIO DE JANEIRO";"Reação tardia ou ineficiente do condutor";"Colisão lateral mesmo sentido";"Com Vítimas Feridas";"Pleno dia";"Decrescente";"Céu Claro";"Múltipla";"Reta";"Sim";2;0;1;0;1;0;1;2;-22,81113183;-43,3336729;"SPRF-RJ";"DEL01-RJ";"UOP02-DEL01-RJ"
512327;2023-03-23;"quinta-feira";"10:05:00";"SC";101;233,9;"PALHOCA";"Chuva";"Colisão com objeto";"Com Vítimas Feridas";"Pleno dia";"Crescente";"Garoa/Chuvisco";"Dupla";"Declive;Reta";"Não";1;0;1;0;0;0;1;1;-27,80376397;-48,63826211;"SPRF-SC";"DEL01-SC";"UOP02-DEL01-SC"
512328;2023-03-23;"quinta-feira";"08:30:00";"PR";369;152;"LONDRINA";"Acessar a via sem observar a presença dos outros veículos";"Colisão lateral mesmo sentido";"Com Vítimas Feridas";"Pleno dia";"Crescente";"Céu Claro";"Dupla";"Reta";"Sim";2;0;1;0;1;0;1;2;-23,29319653;-51,18649654;"SPRF-PR";"DEL07-PR";"UOP01-DEL07-PR"
512330;2023-03-23;"quinta-feira";"09:20:00";"RJ";101;326;"NITEROI";"Trafegar com motocicleta (ou similar) entre as faixas";"Colisão traseira";"Com Vítimas Feridas";"Pleno dia";"Crescente";"Céu Claro";"Múltipla";"Reta;Ponte";"Não";2;0;1;0;1;0;1;2;-22,87206203;-43,146105;"SPRF-RJ";"DEL02-RJ";"UOP01-DEL02-RJ"
512334;2023-01-08;"domingo";"18:30:00";"MG";381;651;"SANTO ANTONIO DO AMPARO";"Demais falhas na via";"Tombamento";"Com Vítimas Feridas";"Anoitecer";"Decrescente";"Chuva";"Dupla";"Reta";"Não";2;0;1;0;1;0;1;1;-20,97575268;-44,93997846;"SPRF-MG";"DEL04-MG";"UOP02-DEL04-MG"
512335;2023-03-23;"quinta-feira";"10:45:00";"PR";272;526;"FRANCISCO ALVES";"Ultrapassagem Indevida";"Colisão traseira";"Sem Vítimas";"Pleno dia";"Decrescente";"Céu Claro";"Simples";"Reta";"Não";3;0;0;0;2;1;0;3;-24,06279948;-53,8339041;"SPRF-PR";"DEL06-PR";"UOP01-DEL06-PR"
512336;2023-03-23;"quinta-feira";"09:00:00";"RJ";40;57,5;"PETROPOLIS";"Acessar a via sem observar a presença dos outros veículos";"Colisão lateral mesmo sentido";"Com Vítimas Feridas";"Pleno dia";"Crescente";"Céu Claro";"Dupla";"Reta";"Não";2;0;1;0;1;0;1;2;-22,37036795;-43,12819612;"SPRF-RJ";"DEL05-RJ";"UOP02-DEL05-RJ"
512338;2023-03-23;"quinta-feira";"12:00:00";"RS";285;457,1;"IJUI";"Acessar a via sem observar a presença dos outros veículos";"Colisão lateral mesmo sentido";"Com Vítimas Feridas";"Pleno dia";"Decrescente";"Sol";"Simples";"Interseção de Vias";"Sim";2;0;1;0;1;0;1;2;-28,39796928;-53,89772415;"SPRF-RS";"DEL10-RS";"UOP01-DEL10-RS"
512339;2023-03-07;"terça-feira";"20:30:00";"GO";20;9,7;"FORMOSA";"Entrada inopinada do pedestre";"Atropelamento de Pedestre";"Com Vítimas Fatais";"Plena Noite";"Crescente";"Céu Claro";"Simples";"Aclive;Reta";"Não";3;1;0;0;1;1;0;2;-15,554792;-47,274769;"SPRF-DF";"DEL02-DF";"UOP02-DEL02-DF"
512340;2023-03-23;"quinta-feira";"11:30:00";"ES";101;266,3;"SERRA";"Manobra de mudança de faixa";"Colisão lateral mesmo sentido";"Com Vítimas Feridas";"Pleno dia";"Decrescente";"Céu Claro";"Múltipla";"Reta;Interseção de Vias";"Sim";2;0;1;0;1;0;1;2;-20,190199;-40,26828891;"SPRF-ES";"DEL02-ES";"UOP01-DEL02-ES"
512341;2023-03-23;"quinta-feira";"12:15:00";"PR";277;720,9;"FOZ DO IGUACU";"Ingestão de álcool pelo condutor";"Saída de leito carroçável";"Com Vítimas Feridas";"Pleno dia";"Decrescente";"Céu Claro";"Dupla";"Reta";"Sim";1;0;1;0;0;0;1;1;-25,4911505;-54,51185421;"SPRF-PR";"DEL05-PR";"UOP03-DEL05-PR"
512342;2023-03-23;"quinta-feira";"11:55:00";"SC";101;209;"SAO JOSE";"Condutor deixou de manter distância do veículo da frente";"Colisão traseira";"Com Vítimas Feridas";"Pleno dia";"Crescente";"Nublado";"Dupla";"Reta";"Sim";2;0;1;0;1;0;1;2;-27,61000542;-48,63895057;"SPRF-SC";"DEL01-SC";"UOP01-DEL01-SC"
512343;2023-03-23;"quinta-feira";"12:00:00";"MG";40;737;"SANTOS DUMONT";"Reação tardia ou ineficiente do condutor";"Colisão transversal";"Com Vítimas Feridas";"Pleno dia";"Crescente";"Céu Claro";"Simples";"Curva";"Não";2;0;1;0;1;0;1;2;-21,38296999;-43,57033542;"SPRF-MG";"DEL05-MG";"UOP01-DEL05-MG"
512344;2023-03-23;"quinta-feira";"12:25:00";"SE";235;55;"ITABAIANA";"Velocidade Incompatível";"Colisão transversal";"Com Vítimas Feridas";"Pleno dia";"Crescente";"Céu Claro";"Simples";"Reta;Interseção de Vias";"Não";2;0;0;1;1;0;1;2;-10,667386;-37,446014;"SPRF-SE";"DEL01-SE";"UOP02-DEL01-SE"
512347;2023-01-26;"quinta-feira";"04:45:00";"PE";101;68;"RECIFE";"Reação tardia ou ineficiente do condutor";"Tombamento";"Com Vítimas Feridas";"Amanhecer";"Crescente";"Céu Claro";"Múltipla";"Reta";"Sim";1;0;1;0;0;0;1;1;-8,05074296;-34,94580619;"SPRF-PE";"DEL01-PE";"UOP01-DEL01-PE"
512348;2023-03-23;"quinta-feira";"12:30:00";"RS";290;80;"GRAVATAI";"Ausência de reação do condutor";"Colisão com objeto";"Com Vítimas Feridas";"Pleno dia";"Decrescente";"Céu Claro";"Dupla";"Reta";"Sim";1;0;1;0;0;0;1;1;-29,95343;-51,058449;"SPRF-RS";"DEL01-RS";"UOP01-DEL01-RS"
512349;2023-03-23;"quinta-feira";"12:08:00";"MG";116;524,8;"CARATINGA";"Trafegar com motocicleta (ou similar) entre as faixas";"Colisão transversal";"Com Vítimas Feridas";"Pleno dia";"Crescente";"Céu Claro";"Simples";"Curva";"Sim";2;0;1;0;1;0;1;2;-19,76027352;-42,13398823;"SPRF-MG";"DEL06-MG";"UOP02-DEL06-MG"
512350;2023-03-23;"quinta-feira";"12:30:00";"MG";40;491,8;"ESMERALDAS";"Avarias e/ou desgaste excessivo no pneu";"Tombamento";"Com Vítimas Feridas";"Pleno dia";"Crescente";"Céu Claro";"Dupla";"Reta;Aclive";"Não";2;0;2;0;0;0;2;1;-19,62850298;-44,20532179;"SPRF-MG";"DEL02-MG";"UOP01-DEL02-MG"
512351;2023-03-23;"quinta-feira";"12:13:00";"SC";101;438,2;"SOMBRIO";"Transitar na contramão";"Colisão frontal";"Com Vítimas Feridas";"Pleno dia";"Crescente";"Céu Claro";"Múltipla";"Interseção de Vias";"Não";2;0;1;0;1;0;1;2;-29,12365438;-49,65695858;"SPRF-SC";"DEL02-SC";"UOP02-DEL02-SC"
512353;2023-03-23;"quinta-feira";"09:15:00";"CE";226;29,1;"PEREIRO";"Transitar na contramão";"Colisão frontal";"Com Vítimas Feridas";"Pleno dia";"Decrescente";"Céu Claro";"Simples";"Aclive;Curva";"Não";2;0;0;2;0;0;2;2;-6,042675;-38,4799;"SPRF-CE";"DEL05-CE";"UOP02-DEL05-CE"
512355;2023-03-23;"quinta-feira";"12:45:00";"MG";381;361;"JOAO MONLEVADE";"Acessar a via sem observar a presença dos outros veículos";"Colisão transversal";"Com Vítimas Feridas";"Pleno dia";"Crescente";"Céu Claro";"Simples";"Reta";"Sim";2;0;1;0;1;0;1;2;-19,84254174;-43,20150375;"SPRF-MG";"DEL03-MG";"UOP01-DEL03-MG"
512356;2023-03-23;"quinta-feira";"14:00:00";"RN";101;83;"SAO GONCALO DO AMARANTE";"Pedestre cruzava a pista fora da faixa";"Atropelamento de Pedestre";"Com Vítimas Feridas";"Pleno dia";"Crescente";"Céu Claro";"Simples";"Reta";"Não";2;0;1;0;1;0;1;2;-5,7710445;-35,26616981;"SPRF-RN";"DEL02-RN";"UOP01-DEL02-RN"
512357;2023-03-23;"quinta-feira";"13:00:00";"MT";163;1064;"GUARANTA DO NORTE";"Pista esburacada";"Queda de ocupante de veículo";"Com Vítimas Feridas";"Pleno dia";"Decrescente";"Chuva";"Dupla";"Reta";"Sim";1;0;1;0;0;0;1;1;-9,95681363;-54,90444727;"SPRF-MT";"DEL06-MT";"UOP03-DEL06-MT"
512358;2023-03-23;"quinta-feira";"12:05:00";"RS";116;38,7;"VACARIA";"Ausência de reação do condutor";"Engavetamento";"Com Vítimas Feridas";"Pleno dia";"Crescente";"Sol";"Simples";"Interseção de Vias";"Sim";4;0;1;0;3;0;1;4;-28,51111501;-50,93157649;"SPRF-RS";"DEL05-RS";"UOP03-DEL05-RS"
512360;2023-03-23;"quinta-feira";"14:15:00";"SC";101;276;"IMBITUBA";"Acessar a via sem observar a presença dos outros veículos";"Colisão transversal";"Com Vítimas Feridas";"Pleno dia";"Decrescente";"Céu Claro";"Simples";"Interseção de Vias;Viaduto";"Não";3;0;2;0;1;0;2;2;-28,16030298;-48,69302094;"SPRF-SC";"DEL02-SC";"UOP03-DEL02-SC"
512362;2023-03-23;"quinta-feira";"14:20:00";"PR";116;71,3;"QUATRO BARRAS";"Reação tardia ou ineficiente do condutor";"Colisão com objeto";"Com Vítimas Feridas";"Pleno dia";"Crescente";"Céu Claro";"Dupla";"Curva";"Não";1;0;1;0;0;0;1;1;-25,346467;-49,0442307;"SPRF-PR";"DEL01-PR";"UOP07-DEL01-PR"
512364;2023-03-23;"quinta-feira";"14:20:00";"TO";10;453;"PALMAS";"Reação tardia ou ineficiente do condutor";"Colisão lateral sentido oposto";"Com Vítimas Feridas";"Pleno dia";"Crescente";"Sol";"Simples";"Reta;Interseção de Vias";"Sim";2;0;0;1;1;0;1;2;-10,32506719;-48,29708934;"SPRF-TO";"DEL01-TO";"UOP03-DEL01-TO"
512366;2023-03-23;"quinta-feira";"15:20:00";"SP";381;56;"MAIRIPORA";"Ausência de reação do condutor";"Tombamento";"Com Vítimas Feridas";"Pleno dia";"Crescente";"Céu Claro";"Simples";"Curva";"Não";1;0;1;0;0;0;1;1;-23,25907163;-46,58982662;"SPRF-SP";"DEL03-SP";"UOP01-DEL03-SP"
512367;2023-03-23;"quinta-feira";"14:52:00";"GO";40;2,2;"VALPARAISO DE GOIAS";"Acessar a via sem observar a presença dos outros veículos";"Colisão lateral mesmo sentido";"Com Vítimas Feridas";"Pleno dia";"Decrescente";"Sol";"Dupla";"Reta;Retorno Regulamentado";"Sim";2;0;1;0;1;0;1;2;-16,067129;-47,984235;"SPRF-DF";"DEL01-DF";"UOP01-DEL01-DF"
512369;2023-03-23;"quinta-feira";"15:35:00";"PE";101;45;"IGARASSU";"Reação tardia ou ineficiente do condutor";"Colisão traseira";"Com Vítimas Feridas";"Pleno dia";"Crescente";"Céu Claro";"Múltipla";"Reta";"Sim";2;0;1;0;1;0;1;2;-7,86521297;-34,90715176;"SPRF-PE";"DEL01-PE";"UOP02-DEL01-PE"
512371;2023-03-23;"quinta-feira";"13:30:00";"RO";364;13;"VILHENA";"Acessar a via sem observar a presença dos outros veículos";"Colisão transversal";"Com Vítimas Feridas";"Pleno dia";"Decrescente";"Céu Claro";"Simples";"Reta";"Sim";3;0;1;0;2;0;1;2;-12,74140004;-60,13026401;"SPRF-RO";"DEL04-RO";"UOP01-DEL04-RO"
512375;2023-03-23;"quinta-feira";"16:00:00";"RN";110;48,1;"MOSSORO";"Acessar a via sem observar a presença dos outros veículos";"Colisão transversal";"Com Vítimas Feridas";"Pleno dia";"Decrescente";"Céu Claro";"Dupla";"Reta;Declive";"Sim";2;0;1;0;1;0;1;2;-5,2317383;-37,320669;"SPRF-RN";"DEL04-RN";"UOP01-DEL04-RN"
512376;2023-03-23;"quinta-feira";"16:10:00";"MG";40;473,6;"SETE LAGOAS";"Ausência de reação do condutor";"Saída de leito carroçável";"Com Vítimas Fatais";"Pleno dia";"Crescente";"Céu Claro";"Dupla";"Curva";"Não";1;1;0;0;0;0;0;1;-19,496351;-44,27992;"SPRF-MG";"DEL02-MG";"UOP01-DEL02-MG"
512378;2023-03-23;"quinta-feira";"17:00:00";"ES";101;273;"SERRA";"Condutor deixou de manter distância do veículo da frente";"Colisão traseira";"Com Vítimas Feridas";"Pleno dia";"Decrescente";"Céu Claro";"Dupla";"Reta";"Não";2;0;1;0;1;0;1;2;-20,22029207;-40,29048811;"SPRF-ES";"DEL02-ES";"UOP01-DEL02-ES"
512380;2023-03-23;"quinta-feira";"16:50:00";"SP";116;22;"LAVRINHAS";"Acessar a via sem observar a presença dos outros veículos";"Colisão transversal";"Com Vítimas Feridas";"Pleno dia";"Crescente";"Céu Claro";"Simples";"Rotatória";"Não";2;0;1;0;1;0;1;2;-22,58368521;-44,87772952;"SPRF-SP";"DEL08-SP";"UOP02-DEL08-SP"
512381;2023-03-23;"quinta-feira";"17:10:00";"MG";381;381,3;"SAO GONCALO DO RIO ABAIXO";"Acessar a via sem observar a presença dos outros veículos";"Colisão transversal";"Com Vítimas Feridas";"Pleno dia";"Crescente";"Sol";"Simples";"Interseção de Vias;Curva";"Sim";4;0;0;1;2;1;1;3;-19,82692046;-43,38405945;"SPRF-MG";"DEL01-MG";"UOP01-DEL01-MG"
512382;2023-03-23;"quinta-feira";"15:00:00";"RJ";101;293;"ITABORAI";"Ausência de reação do condutor";"Colisão traseira";"Com Vítimas Feridas";"Pleno dia";"Crescente";"Céu Claro";"Dupla";"Reta";"Não";3;0;1;0;2;0;1;2;-22,756203;-42,88724;"SPRF-RJ";"DEL02-RJ";"UOP02-DEL02-RJ"
512385;2023-03-23;"quinta-feira";"17:00:00";"DF";20;11;"BRASILIA";"Reação tardia ou ineficiente do condutor";"Tombamento";"Com Vítimas Feridas";"Pleno dia";"Crescente";"Céu Claro";"Dupla";"Reta;Retorno Regulamentado;Interseção de Vias";"Sim";1;0;1;0;0;0;1;1;-15,64654;-47,766422;"SPRF-DF";"DEL02-DF";"UOP01-DEL02-DF"
512387;2023-03-01;"quarta-feira";"09:30:00";"RJ";101;412;"ITAGUAI";"Acessar a via sem observar a presença dos outros veículos";"Colisão traseira";"Com Vítimas Feridas";"Pleno dia";"Crescente";"Céu Claro";"Dupla";"Reta";"Sim";1;0;1;0;0;0;1;1;-22,89926455;-43,86415958;"SPRF-RJ";"DEL03-RJ";"UOP01-DEL03-RJ"
512391;2023-03-23;"quinta-feira";"16:31:00";"RJ";116;275;"BARRA MANSA";"Ausência de reação do condutor";"Colisão com objeto";"Com Vítimas Feridas";"Pleno dia";"Decrescente";"Céu Claro";"Simples";"Declive";"Não";1;0;1;0;0;0;1;1;-22,56207185;-44,15671311;"SPRF-RJ";"DEL07-RJ";"UOP02-DEL07-RJ"
512392;2023-03-23;"quinta-feira";"17:00:00";"PB";101;85,3;"BAYEUX";"Manobra de mudança de faixa";"Colisão lateral mesmo sentido";"Com Vítimas Feridas";"Plena Noite";"Crescente";"Céu Claro";"Dupla";"Reta";"Sim";2;0;2;0;0;0;2;2;-7,14538184;-34,91662887;"SPRF-PB";"DEL01-PB";"UOP01-DEL01-PB"
512394;2023-03-23;"quinta-feira";"18:20:00";"GO";60;164,5;"GOIANIA";"Acessar a via sem observar a presença dos outros veículos";"Colisão transversal";"Com Vítimas Feridas";"Pleno dia";"Crescente";"Céu Claro";"Dupla";"Viaduto";"Sim";2;0;1;0;1;0;1;2;-16,7036;-49,342;"SPRF-GO";"DEL01-GO";"UOP02-DEL01-GO"
512395;2023-03-23;"quinta-feira";"18:20:00";"SC";101;201,4;"SAO JOSE";"Trafegar com motocicleta (ou similar) entre as faixas";"Colisão transversal";"Com Vítimas Feridas";"Plena Noite";"Crescente";"Céu Claro";"Múltipla";"Reta";"Sim";3;0;2;0;1;0;2;2;-27,54836599;-48,61977975;"SPRF-SC";"DEL01-SC";"UOP01-DEL01-SC"
512396;2023-03-23;"quinta-feira";"18:00:00";"MG";50;176;"UBERABA";"Sinalização mal posicionada";"Colisão traseira";"Com Vítimas Feridas";"Anoitecer";"Decrescente";"Céu Claro";"Dupla";"Em Obras;Aclive;Reta";"Sim";3;0;1;0;2;0;1;3;-19,77922987;-47,95790724;"SPRF-MG";"DEL13-MG";"UOP01-DEL13-MG"
512397;2023-03-23;"quinta-feira";"17:30:00";"RO";319;62;"PORTO VELHO";"Reação tardia ou ineficiente do condutor";"Colisão traseira";"Sem Vítimas";"Pleno dia";"Decrescente";"Céu Claro";"Múltipla";"Reta";"Sim";3;0;0;0;3;0;0;2;-8,766685;-63,884052;"SPRF-RO";"DEL01-RO";"UOP01-DEL01-RO"
512398;2023-03-23;"quinta-feira";"16:30:00";"RS";293;379;"SANTANA DO LIVRAMENTO";"Conversão proibida";"Colisão transversal";"Com Vítimas Feridas";"Pleno dia";"Crescente";"Chuva";"Simples";"Reta";"Não";3;0;1;1;1;0;2;2;-30,66918214;-55,86932711;"SPRF-RS";"DEL11-RS";"UOP01-DEL11-RS"
512399;2023-03-23;"quinta-feira";"19:20:00";"SP";116;148;"SAO JOSE DOS CAMPOS";"Reação tardia ou ineficiente do condutor";"Colisão traseira";"Com Vítimas Feridas";"Plena Noite";"Decrescente";"Céu Claro";"Múltipla";"Reta";"Sim";2;0;1;0;1;0;1;2;-23,20067421;-45,8795018;"SPRF-SP";"DEL02-SP";"UOP01-DEL02-SP"
512401;2023-03-23;"quinta-feira";"16:50:00";"SP";116;49,3;"LORENA";"Reação tardia ou ineficiente do condutor";"Colisão com objeto";"Com Vítimas Feridas";"Pleno dia";"Crescente";"Céu Claro";"Dupla";"Reta";"Não";1;0;0;1;0;0;1;1;-22,73051614;-45,0765859;"SPRF-SP";"DEL08-SP";"UOP02-DEL08-SP"
512402;2023-03-20;"segunda-feira";"09:05:00";"RJ";116;184;"NOVA IGUACU";"Conversão proibida";"Colisão com objeto";"Com Vítimas Feridas";"Pleno dia";"Decrescente";"Céu Claro";"Dupla";"Reta";"Não";2;0;1;0;1;0;1;2;-22,74647215;-43,44594311;"SPRF-RJ";"DEL01-RJ";"UOP02-DEL01-RJ"
512403;2023-03-23;"quinta-feira";"19:25:00";"MG";381;493,6;"BETIM";"Acessar a via sem observar a presença dos outros veículos";"Colisão lateral mesmo sentido";"Com Vítimas Feridas";"Plena Noite";"Crescente";"Céu Claro";"Simples";"Reta";"Sim";2;0;1;0;1;0;1;2;-19,97670801;-44,19962698;"SPRF-MG";"DEL01-MG";"UOP03-DEL01-MG"
512406;2023-03-23;"quinta-feira";"18:00:00";"PR";376;348;"ORTIGUEIRA";"Ultrapassagem Indevida";"Colisão lateral sentido oposto";"Com Vítimas Feridas";"Anoitecer";"Decrescente";"Céu Claro";"Simples";"Declive;Ponte";"Não";2;0;1;0;1;0;1;2;-24,23074593;-50,92419293;"SPRF-PR";"DEL07-PR";"UOP02-DEL07-PR"
512407;2023-03-23;"quinta-feira";"19:00:00";"MG";116;702;"MURIAE";"Desrespeitar a preferência no cruzamento";"Colisão transversal";"Com Vítimas Feridas";"Plena Noite";"Crescente";"Céu Claro";"Simples";"Interseção de Vias";"Sim";4;0;2;0;1;1;2;3;-21,11938311;-42,38006362;"SPRF-MG";"DEL07-MG";"UOP02-DEL07-MG"
512408;2023-03-23;"quinta-feira";"19:10:00";"MG";356;266,2;"MURIAE";"Acessar a via sem observar a presença dos outros veículos";"Colisão transversal";"Com Vítimas Feridas";"Plena Noite";"Decrescente";"Nublado";"Simples";"Interseção de Vias";"Sim";2;0;0;1;1;0;1;2;-21,12862097;-42,36300599;"SPRF-MG";"DEL07-MG";"UOP02-DEL07-MG"
512409;2023-03-23;"quinta-feira";"18:50:00";"PR";153;43,4;"SANTO ANTONIO DA PLATINA";"Desrespeitar a preferência no cruzamento";"Colisão transversal";"Com Vítimas Feridas";"Plena Noite";"Crescente";"Céu Claro";"Dupla";"Rotatória";"Sim";2;0;1;0;1;0;1;2;-23,30945871;-50,07055521;"SPRF-PR";"DEL07-PR";"UOP04-DEL07-PR"
512412;2023-03-23;"quinta-feira";"18:15:00";"MT";163;90;"RONDONOPOLIS";"Velocidade Incompatível";"Saída de leito carroçável";"Com Vítimas Feridas";"Plena Noite";"Crescente";"Nublado";"Dupla";"Curva";"Não";1;0;1;0;0;0;1;1;-16,74053802;-54,64595296;"SPRF-MT";"DEL02-MT";"UOP03-DEL02-MT"
512413;2023-03-23;"quinta-feira";"17:00:00";"SC";470;91;"ASCURRA";"Acessar a via sem observar a presença dos outros veículos";"Colisão lateral sentido oposto";"Com Vítimas Feridas";"Pleno dia";"Crescente";"Céu Claro";"Simples";"Reta";"Não";2;0;1;0;1;0;1;2;-26,97769;-49,369198;"SPRF-SC";"DEL04-SC";"UOP01-DEL04-SC"
512415;2023-03-23;"quinta-feira";"19:50:00";"RS";470;11,5;"BARRACAO";"Acessar a via sem observar a presença dos outros veículos";"Colisão transversal";"Com Vítimas Feridas";"Plena Noite";"Crescente";"Garoa/Chuvisco";"Simples";"Reta;Interseção de Vias";"Sim";6;0;2;0;4;0;2;2;-27,66229079;-51,45618168;"SPRF-RS";"DEL08-RS";"UOP05-DEL08-RS"
512416;2023-03-23;"quinta-feira";"20:30:00";"PE";101;154,8;"RIBEIRAO";"Demais falhas mecânicas ou elétricas";"Incêndio";"Sem Vítimas";"Plena Noite";"Crescente";"Chuva";"Dupla";"Retorno Regulamentado";"Não";1;0;0;0;1;0;0;1;-8,52860711;-35,38883966;"SPRF-PE";"DEL01-PE";"UOP03-DEL01-PE"