"id";"data_inversa";"dia_semana";"horario";"uf";"br";"km";"municipio";"causa_acidente";"tipo_acidente";"classificacao_acidente";"fase_dia";"sentido_via";"condicao_metereologica";"tipo_pista";"tracado_via";"uso_solo";"pessoas";"mortos";"feridos_leves";"feridos_graves";"ilesos";"ignorados";"feridos";"veiculos";"latitude";"longitude";"regional";"delegacia";"uop"
512417;2023-03-23;"quinta-feira";"21:00:00";"MS";419;247;"ANASTACIO";"Animais na Pista";"Atropelamento de Animal";"Sem Vítimas";"Plena Noite";"Crescente";"Céu Claro";"Simples";"Reta";"Não";2;0;0;0;2;0;0;1;-20,52516522;-55,82453751;"SPRF-MS";"DEL03-MS";"UOP01-DEL03-MS"
512420;2023-03-23;"quinta-feira";"21:00:00";"PR";369;185;"ARAPONGAS";"Velocidade Incompatível";"Queda de ocupante de veículo";"Com Vítimas Feridas";"Plena Noite";"Decrescente";"Céu Claro";"Simples";"Reta";"Sim";3;0;3;0;0;0;3;2;-23,42886323;-51,42287403;"SPRF-PR";"DEL07-PR";"UOP03-DEL07-PR"
512424;2023-03-23;"quinta-feira";"17:30:00";"MG";116;527,9;"CARATINGA";"Acessar a via sem observar a presença dos outros veículos";"Colisão transversal";"Com Vítimas Feridas";"Anoitecer";"Crescente";"Céu Claro";"Simples";"Interseção de Vias";"Não";3;0;2;0;1;0;2;2;-19,78510701;-42,13445297;"SPRF-MG";"DEL06-MG";"UOP02-DEL06-MG"
512426;2023-03-23;"quinta-feira";"19:15:00";"SC";163;0,7;"DIONISIO CERQUEIRA";"Manobra de mudança de faixa";"Colisão frontal";"Com Vítimas Feridas";"Plena Noite";"Crescente";"Céu Claro";"Simples";"Aclive;Reta";"Sim";2;0;1;0;1;0;1;2;-26,2613;-53,6206;"SPRF-SC";"DEL07-SC";"UOP03-DEL07-SC"
512427;2023-03-23;"quinta-feira";"21:30:00";"RJ";116;134;"MAGE";"Acessar a via sem observar a presença dos outros veículos";"Colisão lateral mesmo sentido";"Com Vítimas Feridas";"Plena Noite";"Decrescente";"Céu Claro";"Dupla";"Reta";"Sim";3;0;1;1;1;0;2;2;-22,65368834;-43,153534;"SPRF-RJ";"DEL04-RJ";"UOP02-DEL04-RJ"
512428;2023-03-23;"quinta-feira";"21:45:00";"MG";116;415,6;"GOVERNADOR VALADARES";"Afundamento ou ondulação no pavimento";"Tombamento";"Com Vítimas Feridas";"Plena Noite";"Decrescente";"Céu Claro";"Simples";"Curva";"Sim";1;0;0;1;0;0;1;1;-18,88401297;-41,94924399;"SPRF-MG";"DEL06-MG";"UOP01-DEL06-MG"
512429;2023-03-23;"quinta-feira";"21:18:00";"RO";364;20;"VILHENA";"Acessar a via sem observar a presença dos outros veículos";"Queda de ocupante de veículo";"Com Vítimas Feridas";"Anoitecer";"Decrescente";"Céu Claro";"Simples";"Reta";"Não";1;0;0;1;0;0;1;1;-12,72595705;-60,192765;"SPRF-RO";"DEL04-RO";"UOP01-DEL04-RO"
512431;2023-03-23;"quinta-feira";"22:30:00";"MS";163;64;"ELDORADO";"Reação tardia ou ineficiente do condutor";"Saída de leito carroçável";"Com Vítimas Feridas";"Plena Noite";"Decrescente";"Céu Claro";"Simples";"Reta";"Não";1;0;0;1;0;0;1;1;-23,59174189;-54,21426613;"SPRF-MS";"DEL09-MS";"UOP02-DEL09-MS"
512434;2023-03-23;"quinta-feira";"23:30:00";"SC";101;211;"PALHOCA";"Demais falhas mecânicas ou elétricas";"Colisão traseira";"Sem Vítimas";"Pleno dia";"Decrescente";"Garoa/Chuvisco";"Múltipla";"Ponte";"Não";2;0;0;0;2;0;0;2;-27,62329313;-48,65245588;"SPRF-SC";"DEL01-SC";"UOP02-DEL01-SC"
512435;2023-01-25;"quarta-feira";"02:10:00";"RS";392;103;"MORRO REDONDO";"Reação tardia ou ineficiente do condutor";"Saída de leito carroçável";"Com Vítimas Feridas";"Plena Noite";"Decrescente";"Céu Claro";"Simples";"Reta";"Não";1;0;0;1;0;0;1;1;-31,5163521;-52,5982911;"SPRF-RS";"DEL07-RS";"UOP01-DEL07-RS"
512436;2023-03-23;"quinta-feira";"23:20:00";"PR";116;132,2;"FAZENDA RIO GRANDE";"Ingestão de álcool pelo condutor";"Saída de leito carroçável";"Sem Vítimas";"Plena Noite";"Decrescente";"Céu Claro";"Dupla";"Reta";"Não";1;0;0;0;1;0;0;1;-25,65733698;-49,31212612;"SPRF-PR";"DEL01-PR";"UOP03-DEL01-PR"
512439;2023-03-24;"sexta-feira";"00:30:00";"SC";282;0,5;"FLORIANOPOLIS";"Reação tardia ou ineficiente do condutor";"Saída de leito carroçável";"Sem Vítimas";"Plena Noite";"Crescente";"Ignorado";"Múltipla";"Curva";"Sim";1;0;0;0;1;0;0;1;-27,59845;-48,571995;"SPRF-SC";"DEL01-SC";"UOP01-DEL01-SC"
512440;2023-03-23;"quinta-feira";"23:10:00";"RJ";101;482;"ANGRA DOS REIS";"Desrespeitar a preferência no cruzamento";"Colisão transversal";"Com Vítimas Feridas";"Plena Noite";"Decrescente";"Céu Claro";"Simples";"Rotatória;Reta;Interseção de Vias";"Sim";2;0;0;1;1;0;1;2;-23,00453;-44,29746;"SPRF-RJ";"DEL03-RJ";"UOP03-DEL03-RJ"
512442;2023-03-24;"sexta-feira";"00:20:00";"SC";101;200;"SAO JOSE";"Manobra de mudança de faixa";"Colisão traseira";"Com Vítimas Feridas";"Plena Noite";"Decrescente";"Nublado";"Múltipla";"Declive;Curva";"Não";2;0;1;0;1;0;1;2;-27,54018513;-48,62287714;"SPRF-SC";"DEL01-SC";"UOP01-DEL01-SC"
512444;2023-03-24;"sexta-feira";"01:30:00";"RJ";101;479;"ANGRA DOS REIS";"Ausência de reação do condutor";"Saída de leito carroçável";"Com Vítimas Feridas";"Plena Noite";"Crescente";"Céu Claro";"Simples";"Curva";"Sim";1;0;0;1;0;0;1;1;-23,00854164;-44,27562028;"SPRF-RJ";"DEL03-RJ";"UOP03-DEL03-RJ"
512446;2023-03-24;"sexta-feira";"00:45:00";"RJ";116;194;"QUEIMADOS";"Animais na Pista";"Atropelamento de Animal";"Com Vítimas Feridas";"Plena Noite";"Crescente";"Nublado";"Dupla";"Reta";"Sim";4;0;1;0;3;0;1;2;-22,73711632;-43,53793909;"SPRF-RJ";"DEL01-RJ";"UOP02-DEL01-RJ"
512447;2023-03-24;"sexta-feira";"01:00:00";"MS";376;112,2;"IVINHEMA";"Condutor deixou de manter distância do veículo da frente";"Colisão traseira";"Sem Vítimas";"Plena Noite";"Crescente";"Céu Claro";"Simples";"Reta";"Não";3;0;0;0;2;1;0;2;-22,29857905;-53,87383372;"SPRF-MS";"DEL04-MS";"UOP04-DEL04-MS"
512450;2023-03-24;"sexta-feira";"03:15:00";"RJ";101;190;"CASIMIRO DE ABREU";"Animais na Pista";"Atropelamento de Animal";"Com Vítimas Feridas";"Plena Noite";"Decrescente";"Céu Claro";"Dupla";"Reta";"Não";5;0;3;0;2;0;3;1;-22,46340846;-42,0658817;"SPRF-RJ";"DEL08-RJ";"UOP04-DEL08-RJ"
512451;2023-03-24;"sexta-feira";"04:00:00";"RN";304;83;"ACU";"Ultrapassagem Indevida";"Colisão frontal";"Com Vítimas Fatais";"Plena Noite";"Decrescente";"Céu Claro";"Simples";"Reta";"Não";7;1;4;2;0;0;6;2;-5,5144996;-37,12623596;"SPRF-RN";"DEL04-RN";"UOP01-DEL04-RN"
512454;2023-03-24;"sexta-feira";"06:00:00";"RJ";101;282;"ITABORAI";"Demais falhas mecânicas ou elétricas";"Incêndio";"Sem Vítimas";"Pleno dia";"Decrescente";"Céu Claro";"Dupla";"Reta";"Sim";1;0;0;0;1;0;0;1;-22,7371391;-42,79664601;"SPRF-RJ";"DEL02-RJ";"UOP03-DEL02-RJ"
512455;2023-03-24;"sexta-feira";"06:20:00";"BA";324;620;"SALVADOR";"Ausência de reação do condutor";"Colisão lateral mesmo sentido";"Com Vítimas Feridas";"Pleno dia";"Decrescente";"Garoa/Chuvisco";"Dupla";"Em Obras;Reta";"Sim";2;0;1;0;1;0;1;2;-12,90482172;-38,45556535;"SPRF-BA";"DEL01-BA";"UOP01-DEL01-BA"
512456;2023-03-24;"sexta-feira";"05:40:00";"GO";364;119,4;"APARECIDA DO RIO DOCE";"Reação tardia ou ineficiente do condutor";"Colisão traseira";"Com Vítimas Feridas";"Amanhecer";"Crescente";"Céu Claro";"Simples";"Reta;Declive";"Não";3;0;1;0;2;0;1;2;-18,285105;-51,18885;"SPRF-GO";"DEL05-GO";"UOP02-DEL05-GO"
512457;2023-03-24;"sexta-feira";"06:45:00";"PR";376;411;"TIBAGI";"Reação tardia ou ineficiente do condutor";"Colisão traseira";"Com Vítimas Feridas";"Amanhecer";"Crescente";"Céu Claro";"Dupla";"Reta";"Não";2;0;1;0;1;0;1;2;-24,673004;-50,601442;"SPRF-PR";"DEL03-PR";"UOP02-DEL03-PR"
512458;2023-03-24;"sexta-feira";"06:40:00";"RS";392;114,9;"CANGUCU";"Ausência de reação do condutor";"Saída de leito carroçável";"Sem Vítimas";"Amanhecer";"Decrescente";"Céu Claro";"Simples";"Reta";"Não";1;0;0;0;1;0;0;1;-31,43234525;-52,65622636;"SPRF-RS";"DEL07-RS";"UOP01-DEL07-RS"
512459;2023-03-24;"sexta-feira";"07:00:00";"SE";235;4,1;"NOSSA SENHORA DO SOCORRO";"Condutor deixou de manter distância do veículo da frente";"Colisão traseira";"Sem Vítimas";"Pleno dia";"Decrescente";"Céu Claro";"Dupla";"Reta";"Não";2;0;0;0;2;0;0;2;-10,9064;-37,1197;"SPRF-SE";"DEL01-SE";"UOP01-DEL01-SE"
512460;2023-03-24;"sexta-feira";"07:10:00";"SP";116;209,8;"GUARULHOS";"Condutor deixou de manter distância do veículo da frente";"Colisão traseira";"Sem Vítimas";"Pleno dia";"Decrescente";"Nublado";"Múltipla";"Reta";"Sim";3;0;0;0;3;0;0;2;-23,42511799;-46,40221101;"SPRF-SP";"DEL01-SP";"UOP01-DEL01-SP"
512462;2023-03-24;"sexta-feira";"07:10:00";"SP";116;342;"MIRACATU";"Acesso irregular";"Tombamento";"Com Vítimas Feridas";"Pleno dia";"Crescente";"Céu Claro";"Dupla";"Reta";"Não";2;0;2;0;0;0;2;1;-24,01625202;-47,16797896;"SPRF-SP";"DEL04-SP";"UOP03-DEL04-SP"
512465;2023-03-24;"sexta-feira";"07:45:00";"SP";153;35,8;"NOVA GRANADA";"Problema com o freio";"Colisão traseira";"Com Vítimas Feridas";"Pleno dia";"Decrescente";"Céu Claro";"Simples";"Reta";"Não";4;0;1;0;2;1;1;3;-20,58054802;-49,31936791;"SPRF-SP";"DEL09-SP";"UOP01-DEL09-SP"
512468;2023-03-24;"sexta-feira";"05:00:00";"PR";277;7;"PARANAGUA";"Reação tardia ou ineficiente do condutor";"Saída de leito carroçável";"Com Vítimas Feridas";"Plena Noite";"Crescente";"Céu Claro";"Simples";"Curva";"Não";2;0;0;1;1;0;1;2;-25,55995471;-48,58250433;"SPRF-PR";"DEL01-PR";"UOP05-DEL01-PR"
512469;2023-03-24;"sexta-feira";"07:40:00";"AP";210;5;"MACAPA";"Manobra de mudança de faixa";"Colisão transversal";"Com Vítimas Feridas";"Pleno dia";"Decrescente";"Céu Claro";"Dupla";"Reta";"Sim";3;0;1;0;2;0;1;2;0,09055062;-51,10349413;"SPRF-AP";"DEL01-AP";"UOP01-DEL01-AP"
512470;2023-03-24;"sexta-feira";"07:45:00";"SP";153;56;"SAO JOSE DO RIO PRETO";"Ausência de reação do condutor";"Saída de leito carroçável";"Com Vítimas Feridas";"Pleno dia";"Crescente";"Céu Claro";"Dupla";"Curva";"Não";1;0;1;0;0;0;1;1;-20,7615601;-49,34622278;"SPRF-SP";"DEL09-SP";"UOP01-DEL09-SP"
512471;2023-03-24;"sexta-feira";"06:40:00";"SC";470;26;"ILHOTA";"Demais falhas mecânicas ou elétricas";"Queda de ocupante de veículo";"Com Vítimas Feridas";"Amanhecer";"Decrescente";"Nublado";"Dupla";"Reta";"Não";1;0;1;0;0;0;1;1;-26,88942574;-48,8805449;"SPRF-SC";"DEL04-SC";"UOP04-DEL04-SC"
512472;2023-03-24;"sexta-feira";"08:17:00";"MG";40;524;"CONTAGEM";"Condutor deixou de manter distância do veículo da frente";"Colisão traseira";"Com Vítimas Feridas";"Pleno dia";"Crescente";"Céu Claro";"Dupla";"Reta";"Sim";2;0;1;0;1;0;1;2;-19,87665863;-44,05277252;"SPRF-MG";"DEL01-MG";"UOP02-DEL01-MG"
512473;2023-02-21;"terça-feira";"06:50:00";"PE";101;51;"PAULISTA";"Velocidade Incompatível";"Colisão com objeto";"Sem Vítimas";"Pleno dia";"Decrescente";"Nublado";"Dupla";"Reta";"Sim";3;0;0;0;0;3;0;2;-7,923063;-34,895515;"SPRF-PE";"DEL01-PE";"UOP02-DEL01-PE"
512476;2023-03-24;"sexta-feira";"07:00:00";"SC";101;209;"SAO JOSE";"Manobra de mudança de faixa";"Colisão lateral mesmo sentido";"Com Vítimas Feridas";"Pleno dia";"Crescente";"Céu Claro";"Múltipla";"Reta;Declive";"Sim";3;0;1;0;0;2;1;3;-27,61000542;-48,63895057;"SPRF-SC";"DEL01-SC";"UOP01-DEL01-SC"
512478;2023-03-24;"sexta-feira";"08:29:00";"CE";116;1;"FORTALEZA";"Manobra de mudança de faixa";"Colisão lateral mesmo sentido";"Com Vítimas Feridas";"Pleno dia";"Decrescente";"Céu Claro";"Dupla";"Viaduto;Reta";"Sim";2;0;1;0;1;0;1;2;-3,76159894;-38,51900662;"SPRF-CE";"DEL01-CE";"UOP02-DEL01-CE"
512479;2023-03-24;"sexta-feira";"07:50:00";"PR";116;168,7;"QUITANDINHA";"Demais falhas mecânicas ou elétricas";"Queda de ocupante de veículo";"Com Vítimas Feridas";"Pleno dia";"Decrescente";"Céu Claro";"Simples";"Declive";"Não";2;0;2;0;0;0;2;1;-25,87257323;-49,46295588;"SPRF-PR";"DEL01-PR";"UOP03-DEL01-PR"
512480;2023-03-24;"sexta-feira";"08:30:00";"BA";110;2;"PAULO AFONSO";"Acumulo de areia ou detritos sobre o pavimento";"Saída de leito carroçável";"Com Vítimas Feridas";"Pleno dia";"Decrescente";"Sol";"Simples";"Curva";"Sim";1;0;1;0;0;0;1;1;-9,437766;-38,204136;"SPRF-BA";"DEL07-BA";"UOP01-DEL07-BA"
512482;2023-03-01;"quarta-feira";"13:30:00";"GO";20;72;"FORMOSA";"Reação tardia ou ineficiente do condutor";"Saída de leito carroçável";"Com Vítimas Fatais";"Pleno dia";"Crescente";"Céu Claro";"Dupla";"Curva;Aclive";"Não";5;1;3;1;0;0;4;1;-15,153196;-47,137524;"SPRF-DF";"DEL02-DF";"UOP02-DEL02-DF"
512483;2023-03-24;"sexta-feira";"09:00:00";"RN";101;96;"NATAL";"Condutor deixou de manter distância do veículo da frente";"Engavetamento";"Com Vítimas Feridas";"Pleno dia";"Crescente";"Céu Claro";"Dupla";"Reta";"Sim";6;0;1;0;5;0;1;6;-5,84949622;-35,20890752;"SPRF-RN";"DEL01-RN";"UOP01-DEL01-RN"
512485;2023-03-24;"sexta-feira";"00:01:00";"SE";101;98,7;"SAO CRISTOVAO";"Demais falhas mecânicas ou elétricas";"Incêndio";"Sem Vítimas";"Plena Noite";"Crescente";"Ignorado";"Dupla";"Reta";"Não";1;0;0;0;0;1;0;1;-10,92921;-37,18408;"SPRF-SE";"DEL02-SE";"UOP01-DEL02-SE"
512487;2023-03-24;"sexta-feira";"09:30:00";"SE";235;51,8;"ITABAIANA";"Desrespeitar a preferência no cruzamento";"Colisão transversal";"Com Vítimas Feridas";"Pleno dia";"Decrescente";"Garoa/Chuvisco";"Simples";"Declive;Reta;Interseção de Vias";"Sim";2;0;0;1;1;0;1;2;-10,700226;-37,431423;"SPRF-SE";"DEL01-SE";"UOP02-DEL01-SE"
512490;2023-03-24;"sexta-feira";"09:30:00";"SP";116;68,6;"GUARATINGUETA";"Ausência de reação do condutor";"Colisão traseira";"Com Vítimas Feridas";"Pleno dia";"Crescente";"Céu Claro";"Dupla";"Reta";"Não";2;0;1;0;0;1;1;2;-22,83354783;-45,21713313;"SPRF-SP";"DEL08-SP";"UOP01-DEL08-SP"
512492;2023-03-24;"sexta-feira";"07:45:00";"SP";381;15;"BRAGANCA PAULISTA";"Reação tardia ou ineficiente do condutor";"Saída de leito carroçável";"Com Vítimas Feridas";"Pleno dia";"Decrescente";"Céu Claro";"Dupla";"Declive;Reta";"Não";3;0;1;0;2;0;1;1;-22,94909097;-46,47908707;"SPRF-SP";"DEL03-SP";"UOP02-DEL03-SP"
512494;2023-03-24;"sexta-feira";"09:50:00";"RJ";393;238;"VASSOURAS";"Acessar a via sem observar a presença dos outros veículos";"Colisão transversal";"Com Vítimas Feridas";"Pleno dia";"Decrescente";"Céu Claro";"Simples";"Reta;Retorno Regulamentado";"Não";4;0;1;0;3;0;1;2;-22,40095658;-43,66442518;"SPRF-RJ";"DEL05-RJ";"UOP03-DEL05-RJ"
512495;2023-03-24;"sexta-feira";"10:00:00";"PE";101;42,5;"IGARASSU";"Acumulo de óleo sobre o pavimento";"Queda de ocupante de veículo";"Com Vítimas Feridas";"Pleno dia";"Decrescente";"Nublado";"Múltipla";"Reta";"Sim";1;0;0;1;0;0;1;1;-7,83887431;-34,91196739;"SPRF-PE";"DEL01-PE";"UOP02-DEL01-PE"
512497;2023-03-24;"sexta-feira";"10:05:00";"SC";470;6;"NAVEGANTES";"Transitar na contramão";"Colisão frontal";"Com Vítimas Feridas";"Pleno dia";"Decrescente";"Céu Claro";"Dupla";"Reta";"Sim";2;0;1;1;0;0;2;2;-26,85154022;-48,71051431;"SPRF-SC";"DEL04-SC";"UOP04-DEL04-SC"
512498;2023-03-23;"quinta-feira";"19:30:00";"RO";364;688;"CANDEIAS DO JAMARI";"Demais falhas mecânicas ou elétricas";"Saída de leito carroçável";"Com Vítimas Feridas";"Plena Noite";"Decrescente";"Ignorado";"Simples";"Reta";"Não";1;0;0;1;0;0;1;1;-8,79333792;-63,65996601;"SPRF-RO";"DEL01-RO";"UOP01-DEL01-RO"
512499;2023-03-24;"sexta-feira";"09:45:00";"PR";153;17,9;"JACAREZINHO";"Acessar a via sem observar a presença dos outros veículos";"Colisão lateral mesmo sentido";"Com Vítimas Feridas";"Pleno dia";"Crescente";"Céu Claro";"Simples";"Reta";"Sim";2;0;1;0;1;0;1;2;-23,14435552;-49,95001674;"SPRF-PR";"DEL07-PR";"UOP04-DEL07-PR"
512500;2023-03-24;"sexta-feira";"10:00:00";"CE";222;1,6;"FORTALEZA";"Reação tardia ou ineficiente do condutor";"Colisão traseira";"Com Vítimas Feridas";"Pleno dia";"Crescente";"Céu Claro";"Múltipla";"Reta";"Sim";5;0;1;1;1;2;2;5;-3,737804;-38,578061;"SPRF-CE";"DEL01-CE";"UOP01-DEL01-CE"
512503;2023-02-28;"terça-feira";"14:50:00";"BA";110;133;"CICERO DANTAS";"Curva acentuada";"Saída de leito carroçável";"Com Vítimas Fatais";"Pleno dia";"Decrescente";"Céu Claro";"Simples";"Curva;Declive";"Não";6;1;0;5;0;0;5;1;-10,55946026;-38,32811529;"SPRF-BA";"DEL07-BA";"UOP02-DEL07-BA"
512504;2023-03-24;"sexta-feira";"06:40:00";"RJ";101;322;"NITEROI";"Pedestre cruzava a pista fora da faixa";"Atropelamento de Pedestre";"Com Vítimas Feridas";"Pleno dia";"Crescente";"Céu Claro";"Dupla";"Reta";"Não";2;0;1;0;1;0;1;2;-22,878923;-43,110676;"SPRF-RJ";"DEL02-RJ";"UOP01-DEL02-RJ"
512505;2023-03-24;"sexta-feira";"11:25:00";"PE";101;7;"GOIANA";"Acessar a via sem observar a presença dos outros veículos";"Colisão lateral mesmo sentido";"Com Vítimas Feridas";"Pleno dia";"Crescente";"Céu Claro";"Dupla";"Curva";"Não";3;0;2;1;0;0;3;2;-7,55997111;-34,99072674;"SPRF-PE";"DEL01-PE";"UOP02-DEL01-PE"
512507;2023-03-14;"terça-feira";"13:00:00";"MS";376;47;"VICENTINA";"Frear bruscamente";"Capotamento";"Sem Vítimas";"Pleno dia";"Decrescente";"Chuva";"Simples";"Reta";"Não";3;0;0;0;3;0;0;1;-22,44056397;-54,35421599;"SPRF-MS";"DEL04-MS";"UOP01-DEL04-MS"
512508;2023-03-20;"segunda-feira";"06:00:00";"AL";101;158,6;"CAMPO ALEGRE";"Acumulo de água sobre o pavimento";"Saída de leito carroçável";"Com Vítimas Feridas";"Pleno dia";"Decrescente";"Céu Claro";"Dupla";"Reta";"Não";1;0;1;0;0;0;1;1;-9,90443149;-36,21942994;"SPRF-AL";"DEL02-AL";"UOP02-DEL02-AL"
512509;2023-03-24;"sexta-feira";"11:15:00";"SC";470;67,4;"INDAIAL";"Ausência de reação do condutor";"Colisão traseira";"Com Vítimas Feridas";"Pleno dia";"Decrescente";"Sol";"Simples";"Reta";"Não";2;0;0;1;1;0;1;2;-26,872158;-49,23127;"SPRF-SC";"DEL04-SC";"UOP01-DEL04-SC"
512512;2023-03-16;"quinta-feira";"21:05:00";"ES";101;174;"ARACRUZ";"Reação tardia ou ineficiente do condutor";"Colisão frontal";"Com Vítimas Feridas";"Plena Noite";"Decrescente";"Céu Claro";"Simples";"Reta";"Sim";3;0;2;1;0;0;3;2;-19,58047007;-40,18782185;"SPRF-ES";"DEL04-ES";"UOP01-DEL04-ES"
512513;2023-03-24;"sexta-feira";"11:30:00";"SC";280;68,1;"JARAGUA DO SUL";"Ultrapassagem Indevida";"Colisão lateral mesmo sentido";"Com Vítimas Feridas";"Pleno dia";"Crescente";"Céu Claro";"Simples";"Reta";"Não";3;0;0;1;2;0;1;3;-26,47277719;-49,11098612;"SPRF-SC";"DEL03-SC";"UOP03-DEL03-SC"
512516;2023-03-24;"sexta-feira";"11:00:00";"PE";101;94;"CABO DE SANTO AGOSTINHO";"Manobra de mudança de faixa";"Colisão lateral mesmo sentido";"Com Vítimas Feridas";"Pleno dia";"Crescente";"Céu Claro";"Múltipla";"Curva";"Não";3;0;0;2;1;0;2;2;-8,24829064;-35,00697936;"SPRF-PE";"DEL01-PE";"UOP03-DEL01-PE"
512520;2023-03-11;"sábado";"07:30:00";"RO";364;246,1;"CACOAL";"Pista esburacada";"Tombamento";"Com Vítimas Feridas";"Pleno dia";"Crescente";"Céu Claro";"Simples";"Declive;Reta";"Não";1;0;1;0;0;0;1;1;-11,439272;-61,525385;"SPRF-RO";"DEL02-RO";"UOP02-DEL02-RO"
512523;2023-03-24;"sexta-feira";"11:20:00";"BA";101;447;"AURELINO LEAL";"Avarias e/ou desgaste excessivo no pneu";"Saída de leito carroçável";"Com Vítimas Feridas";"Pleno dia";"Crescente";"Chuva";"Simples";"Reta";"Não";2;0;2;0;0;0;2;1;-14,47398806;-39,32749872;"SPRF-BA";"DEL05-BA";"UOP01-DEL05-BA"
512524;2023-03-24;"sexta-feira";"13:20:00";"SC";280;7;"SAO FRANCISCO DO SUL";"Ingestão de álcool pelo condutor";"Colisão traseira";"Sem Vítimas";"Pleno dia";"Crescente";"Sol";"Simples";"Reta";"Sim";2;0;0;0;2;0;0;2;-26,24531966;-48,61556107;"SPRF-SC";"DEL03-SC";"UOP03-DEL03-SC"
512525;2023-03-24;"sexta-feira";"12:45:00";"MG";381;907,6;"CAMBUI";"Condutor deixou de manter distância do veículo da frente";"Colisão traseira";"Com Vítimas Feridas";"Pleno dia";"Decrescente";"Céu Claro";"Dupla";"Declive;Reta";"Não";4;0;2;0;2;0;2;2;-22,67597938;-46,09813484;"SPRF-MG";"DEL16-MG";"UOP03-DEL16-MG"
512526;2023-02-20;"segunda-feira";"13:40:00";"PI";316;26;"TERESINA";"Ingestão de álcool pelo condutor";"Saída de leito carroçável";"Com Vítimas Feridas";"Pleno dia";"Decrescente";"Nublado";"Simples";"Reta";"Não";2;0;2;0;0;0;2;1;-5,30236009;-42,70784522;"SPRF-PI";"DEL01-PI";"UOP02-DEL01-PI"
512527;2023-03-24;"sexta-feira";"12:30:00";"SC";470;70,9;"INDAIAL";"Ausência de reação do condutor";"Colisão transversal";"Com Vítimas Feridas";"Pleno dia";"Crescente";"Sol";"Simples";"Reta;Declive";"Não";3;0;0;2;1;0;2;2;-26,889374;-49,254478;"SPRF-SC";"DEL04-SC";"UOP01-DEL04-SC"
512529;2023-03-24;"sexta-feira";"10:40:00";"MG";40;136;"JOAO PINHEIRO";"Ultrapassagem Indevida";"Colisão lateral mesmo sentido";"Com Vítimas Feridas";"Pleno dia";"Crescente";"Céu Claro";"Simples";"Reta";"Não";3;0;2;0;1;0;2;2;-17,7219829;-46,23179198;"SPRF-MG";"DEL14-MG";"UOP01-DEL14-MG"
512530;2023-03-24;"sexta-feira";"12:00:00";"PR";376;186;"SARANDI";"Manobra de mudança de faixa";"Queda de ocupante de veículo";"Com Vítimas Feridas";"Pleno dia";"Crescente";"Céu Claro";"Dupla";"Reta";"Sim";2;0;2;0;0;0;2;1;-23,45643624;-51,84510713;"SPRF-PR";"DEL09-PR";"UOP01-DEL09-PR"
512534;2023-03-24;"sexta-feira";"13:00:00";"MS";60;65,8;"PARAISO DAS AGUAS";"Condutor deixou de manter distância do veículo da frente";"Colisão traseira";"Com Vítimas Feridas";"Pleno dia";"Crescente";"Céu Claro";"Simples";"Reta;Aclive";"Não";2;0;1;0;0;1;1;2;-19,05941498;-53,02203502;"SPRF-MS";"DEL06-MS";"UOP02-DEL06-MS"
512535;2023-03-24;"sexta-feira";"14:30:00";"PE";232;61,4;"CARUARU";"Acessar a via sem observar a presença dos outros veículos";"Colisão transversal";"Com Vítimas Feridas";"Pleno dia";"Decrescente";"Sol";"Dupla";"Retorno Regulamentado";"Sim";4;0;2;0;2;0;2;2;-8,245622;-35,975188;"SPRF-PE";"DEL02-PE";"UOP02-DEL02PE"
512536;2023-03-24;"sexta-feira";"14:55:00";"AL";101;200;"SAO SEBASTIAO";"Desrespeitar a preferência no cruzamento";"Colisão transversal";"Com Vítimas Feridas";"Pleno dia";"Crescente";"Céu Claro";"Simples";"Interseção de Vias";"Sim";3;0;2;0;1;0;2;2;-9,95081664;-36,54113619;"SPRF-AL";"DEL02-AL";"UOP02-DEL02-AL"
512537;2023-03-24;"sexta-feira";"15:10:00";"RN";304;38;"MOSSORO";"Reação tardia ou ineficiente do condutor";"Queda de ocupante de veículo";"Com Vítimas Feridas";"Pleno dia";"Decrescente";"Céu Claro";"Dupla";"Reta";"Sim";1;0;0;1;0;0;1;1;-5,18138457;-37,36832252;"SPRF-RN";"DEL04-RN";"UOP02-DEL04-RN"
512539;2023-03-24;"sexta-feira";"12:00:00";"MS";158;248,2;"TRES LAGOAS";"Ausência de reação do condutor";"Saída de leito carroçável";"Sem Vítimas";"Pleno dia";"Decrescente";"Sol";"Simples";"Reta;Aclive";"Não";1;0;0;0;0;1;0;1;-20,64339329;-51,77861194;"SPRF-MS";"DEL07-MS";"UOP01-DEL07-MS"
512541;2023-03-24;"sexta-feira";"15:30:00";"RS";392;21,6;"RIO GRANDE";"Avarias e/ou desgaste excessivo no pneu";"Capotamento";"Com Vítimas Feridas";"Pleno dia";"Crescente";"Céu Claro";"Dupla";"Curva";"Sim";1;0;1;0;0;0;1;1;-32,08769775;-52,20709106;"SPRF-RS";"DEL07-RS";"UOP02-DEL07-RS"
512542;2023-03-24;"sexta-feira";"14:10:00";"MT";163;811;"SINOP";"Reação tardia ou ineficiente do condutor";"Colisão traseira";"Com Vítimas Feridas";"Pleno dia";"Decrescente";"Céu Claro";"Simples";"Reta";"Não";2;0;1;1;0;0;2;2;-12,070992;-55,517626;"SPRF-MT";"DEL06-MT";"UOP02-DEL06-MT"