"id";"data_inversa";"dia_semana";"horario";"uf";"br";"km";"municipio";"causa_acidente";"tipo_acidente";"classificacao_acidente";"fase_dia";"sentido_via";"condicao_metereologica";"tipo_pista";"tracado_via";"uso_solo";"pessoas";"mortos";"feridos_leves";"feridos_graves";"ilesos";"ignorados";"feridos";"veiculos";"latitude";"longitude";"regional";"delegacia";"uop"
512653;2023-03-25;"sábado";"02:00:00";"PR";163;156;"LINDOESTE";"Condutor Dormindo";"Colisão frontal";"Com Vítimas Feridas";"Plena Noite";"Decrescente";"Céu Claro";"Simples";"Declive";"Não";5;0;3;1;1;0;4;2;-25,36768598;-53,57302759;"SPRF-PR";"DEL05-PR";"UOP05-DEL05-PR"
512654;2023-03-25;"sábado";"03:00:00";"SP";459;26,4;"LORENA";"Animais na Pista";"Atropelamento de Animal";"Com Vítimas Fatais";"Plena Noite";"Crescente";"Céu Claro";"Simples";"Reta";"Não";1;1;0;0;0;0;0;1;-22,70258316;-45,11758804;"SPRF-SP";"DEL08-SP";"UOP02-DEL08-SP"
512655;2023-03-25;"sábado";"03:00:00";"RS";290;716,8;"URUGUAIANA";"Ingestão de álcool pelo condutor";"Saída de leito carroçável";"Sem Vítimas";"Plena Noite";"Crescente";"Nublado";"Simples";"Reta";"Não";1;0;0;0;1;0;0;1;-29,781853;-57,025253;"SPRF-RS";"DEL13-RS";"UOP01-DEL13-RS"
512656;2023-03-25;"sábado";"03:20:00";"PB";230;14;"CABEDELO";"Ingestão de álcool pelo condutor";"Queda de ocupante de veículo";"Com Vítimas Feridas";"Plena Noite";"Decrescente";"Chuva";"Dupla";"Reta;Interseção de Vias";"Sim";2;0;0;2;0;0;2;1;-7,0844;-34,8488;"SPRF-PB";"DEL01-PB";"UOP01-DEL01-PB"
512661;2023-03-25;"sábado";"04:15:00";"SC";101;205;"SAO JOSE";"Ingestão de álcool pelo condutor";"Colisão com objeto";"Com Vítimas Feridas";"Plena Noite";"Crescente";"Céu Claro";"Dupla";"Curva";"Sim";1;0;1;0;0;0;1;1;-27,58313237;-48,61532885;"SPRF-SC";"DEL01-SC";"UOP01-DEL01-SC"
512663;2023-03-25;"sábado";"00:20:00";"MS";158;95;"PARANAIBA";"Ingestão de álcool pelo condutor";"Saída de leito carroçável";"Sem Vítimas";"Plena Noite";"Decrescente";"Céu Claro";"Dupla";"Reta";"Sim";1;0;0;0;1;0;0;1;-19,69005;-51,19518;"SPRF-MS";"DEL08-MS";"UOP01-DEL08-MS"
512664;2023-03-24;"sexta-feira";"17:30:00";"RJ";101;283;"ITABORAI";"Reação tardia ou ineficiente do condutor";"Queda de ocupante de veículo";"Com Vítimas Feridas";"Plena Noite";"Decrescente";"Céu Claro";"Dupla";"Curva";"Sim";2;0;2;0;0;0;2;1;-22,73591014;-42,80592689;"SPRF-RJ";"DEL02-RJ";"UOP02-DEL02-RJ"
512666;2023-03-25;"sábado";"03:10:00";"BA";418;85;"NOVA VICOSA";"Ingestão de álcool pelo condutor";"Colisão frontal";"Com Vítimas Feridas";"Plena Noite";"Crescente";"Céu Claro";"Simples";"Reta";"Sim";2;0;0;1;1;0;1;2;-17,88988682;-39,829216;"SPRF-BA";"DEL09-BA";"UOP02-DEL09-BA"
512668;2023-03-25;"sábado";"05:55:00";"RN";101;99;"NATAL";"Velocidade Incompatível";"Colisão com objeto";"Com Vítimas Feridas";"Pleno dia";"Decrescente";"Céu Claro";"Múltipla";"Viaduto";"Sim";1;0;1;0;0;0;1;1;-5,87359183;-35,22063023;"SPRF-RN";"DEL01-RN";"UOP01-DEL01-RN"
512669;2023-03-25;"sábado";"06:00:00";"SC";282;2,9;"FLORIANOPOLIS";"Ingestão de álcool pelo condutor";"Saída de leito carroçável";"Com Vítimas Feridas";"Amanhecer";"Crescente";"Nublado";"Dupla";"Curva;Declive";"Sim";1;0;1;0;0;0;1;1;-27,603289;-48,590416;"SPRF-SC";"DEL01-SC";"UOP01-DEL01-SC"
512672;2023-03-25;"sábado";"02:00:00";"MG";40;121,9;"JOAO PINHEIRO";"Ingestão de álcool pelo condutor";"Colisão com objeto";"Com Vítimas Feridas";"Plena Noite";"Crescente";"Céu Claro";"Simples";"Aclive;Curva";"Não";4;0;1;0;0;3;1;1;-17,6638974;-46,35562202;"SPRF-MG";"DEL14-MG";"UOP01-DEL14-MG"
512675;2023-03-25;"sábado";"00:05:00";"SC";280;4,4;"SAO FRANCISCO DO SUL";"Acessar a via sem observar a presença dos outros veículos";"Colisão frontal";"Com Vítimas Feridas";"Plena Noite";"Decrescente";"Céu Claro";"Simples";"Reta";"Sim";2;0;1;0;1;0;1;2;-26,25329566;-48,61916042;"SPRF-SC";"DEL03-SC";"UOP03-DEL03-SC"
512676;2023-03-25;"sábado";"06:00:00";"SC";470;66,7;"INDAIAL";"Ausência de reação do condutor";"Colisão com objeto";"Sem Vítimas";"Amanhecer";"Decrescente";"Céu Claro";"Simples";"Ponte;Reta";"Não";1;0;0;0;0;1;0;1;-26,870407;-49,221844;"SPRF-SC";"DEL04-SC";"UOP01-DEL04-SC"
512678;2023-03-25;"sábado";"07:35:00";"SP";116;228;"SAO PAULO";"Manobra de mudança de faixa";"Colisão traseira";"Sem Vítimas";"Pleno dia";"Crescente";"Céu Claro";"Múltipla";"Reta";"Sim";3;0;0;0;2;1;0;3;-23,50343484;-46,56638712;"SPRF-SP";"DEL01-SP";"UOP01-DEL01-SP"
512679;2023-03-25;"sábado";"06:35:00";"SP";101;42,5;"UBATUBA";"Reação tardia ou ineficiente do condutor";"Colisão lateral mesmo sentido";"Com Vítimas Feridas";"Amanhecer";"Crescente";"Céu Claro";"Simples";"Reta";"Sim";2;0;1;0;0;1;1;2;-23,41271925;-45,04909808;"SPRF-SP";"DEL06-SP";"UOP01-DEL06-SP"
512680;2023-03-25;"sábado";"05:59:00";"SP";116;516;"CAJATI";"Reação tardia ou ineficiente do condutor";"Saída de leito carroçável";"Com Vítimas Feridas";"Amanhecer";"Decrescente";"Céu Claro";"Simples";"Curva;Declive";"Não";1;0;1;0;0;0;1;1;-24,87423036;-48,2190838;"SPRF-SP";"DEL05-SP";"UOP02-DEL05-SP"
512682;2023-03-25;"sábado";"08:00:00";"RJ";356;42;"ITAPERUNA";"Demais falhas mecânicas ou elétricas";"Incêndio";"Sem Vítimas";"Pleno dia";"Crescente";"Céu Claro";"Simples";"Reta";"Não";1;0;0;0;1;0;0;1;-21,21755178;-41,82535005;"SPRF-RJ";"DEL08-RJ";"UOP03-DEL08-RJ"
512688;2023-03-25;"sábado";"07:50:00";"MG";153;43;"CENTRALINA";"Condutor usando celular";"Saída de leito carroçável";"Com Vítimas Feridas";"Pleno dia";"Crescente";"Céu Claro";"Dupla";"Curva";"Não";3;0;3;0;0;0;3;1;-18,76410695;-49,07452386;"SPRF-MG";"DEL15-MG";"UOP03-DEL15-MG"
512691;2023-03-13;"segunda-feira";"21:40:00";"PE";423;95,8;"GARANHUNS";"Entrada inopinada do pedestre";"Atropelamento de Pedestre";"Com Vítimas Feridas";"Plena Noite";"Decrescente";"Chuva";"Simples";"Aclive;Reta";"Sim";2;0;2;0;0;0;2;2;-8,87891989;-36,47796305;"SPRF-PE";"DEL03-PE";"UOP01-DEL03-PE"
512693;2023-03-25;"sábado";"07:55:00";"RN";226;14;"MACAIBA";"Conversão proibida";"Colisão traseira";"Com Vítimas Feridas";"Pleno dia";"Crescente";"Céu Claro";"Simples";"Reta";"Sim";4;0;2;0;1;1;2;3;-5,85369361;-35,3275818;"SPRF-RN";"DEL01-RN";"UOP02-DEL01-RN"
512694;2023-03-25;"sábado";"08:40:00";"PR";369;91,5;"CORNELIO PROCOPIO";"Reação tardia ou ineficiente do condutor";"Queda de ocupante de veículo";"Com Vítimas Feridas";"Pleno dia";"Crescente";"Céu Claro";"Dupla";"Reta";"Não";1;0;1;0;0;0;1;1;-23,20632518;-50,65555573;"SPRF-PR";"DEL07-PR";"UOP05-DEL07-PR"
512696;2023-03-25;"sábado";"07:45:00";"RJ";101;286;"ITABORAI";"Demais falhas mecânicas ou elétricas";"Tombamento";"Com Vítimas Feridas";"Pleno dia";"Decrescente";"Céu Claro";"Dupla";"Curva";"Sim";2;0;1;0;1;0;1;1;-22,75409331;-42,82491696;"SPRF-RJ";"DEL02-RJ";"UOP02-DEL02-RJ"
512697;2023-03-25;"sábado";"08:30:00";"SC";101;252,5;"PAULO LOPES";"Reação tardia ou ineficiente do condutor";"Colisão transversal";"Com Vítimas Feridas";"Pleno dia";"Decrescente";"Céu Claro";"Simples";"Interseção de Vias";"Sim";2;0;1;0;1;0;1;2;-27,95672412;-48,6767588;"SPRF-SC";"DEL02-SC";"UOP03-DEL02-SC"
512699;2023-03-25;"sábado";"08:05:00";"RJ";493;87;"SEROPEDICA";"Ultrapassagem Indevida";"Colisão traseira";"Com Vítimas Feridas";"Pleno dia";"Crescente";"Céu Claro";"Dupla";"Reta";"Não";4;0;1;0;3;0;1;2;-22,8538087;-43,7597423;"SPRF-RJ";"DEL01-RJ";"UOP03-DEL01-RJ"
512702;2023-03-25;"sábado";"10:00:00";"RN";406;170,4;"SAO GONCALO DO AMARANTE";"Demais falhas mecânicas ou elétricas";"Queda de ocupante de veículo";"Com Vítimas Feridas";"Pleno dia";"Decrescente";"Sol";"Dupla";"Reta";"Não";2;0;0;2;0;0;2;1;-5,75872063;-35,29921986;"SPRF-RN";"DEL02-RN";"UOP01-DEL02-RN"
512703;2023-03-25;"sábado";"09:20:00";"PI";343;4;"TERESINA";"Condutor deixou de manter distância do veículo da frente";"Colisão traseira";"Sem Vítimas";"Pleno dia";"Crescente";"Céu Claro";"Múltipla";"Reta";"Sim";3;0;0;0;2;1;0;3;-5,089569;-42,802288;"SPRF-PI";"DEL01-PI";"UOP01-DEL01-PI"
512706;2023-03-25;"sábado";"10:22:00";"GO";40;12,2;"LUZIANIA";"Entrada inopinada do pedestre";"Atropelamento de Pedestre";"Com Vítimas Feridas";"Pleno dia";"Decrescente";"Céu Claro";"Dupla";"Reta";"Sim";2;0;0;1;1;0;1;2;-16,145123;-47,945382;"SPRF-DF";"DEL01-DF";"UOP01-DEL01-DF"
512707;2023-03-25;"sábado";"09:00:00";"SP";116;270,8;"TABOAO DA SERRA";"Manobra de mudança de faixa";"Tombamento";"Com Vítimas Feridas";"Pleno dia";"Decrescente";"Céu Claro";"Dupla";"Reta";"Sim";2;0;1;0;1;0;1;2;-23,61799728;-46,79677694;"SPRF-SP";"DEL04-SP";"UOP01-DEL04-SP"
512709;2023-03-25;"sábado";"10:10:00";"SC";101;214,3;"PALHOCA";"Desrespeitar a preferência no cruzamento";"Colisão transversal";"Com Vítimas Feridas";"Pleno dia";"Decrescente";"Céu Claro";"Dupla";"Interseção de Vias";"Sim";2;0;1;0;1;0;1;2;-27,64443;-48,67057;"SPRF-SC";"DEL01-SC";"UOP02-DEL01-SC"
512710;2023-03-25;"sábado";"09:35:00";"SC";101;357;"SANGAO";"Desrespeitar a preferência no cruzamento";"Colisão transversal";"Com Vítimas Feridas";"Pleno dia";"Decrescente";"Céu Claro";"Simples";"Viaduto";"Não";5;0;0;1;4;0;1;2;-28,643403;-49,099546;"SPRF-SC";"DEL02-SC";"UOP01-DEL02-SC"
512711;2023-03-25;"sábado";"09:20:00";"SC";470;74,3;"INDAIAL";"Ausência de reação do condutor";"Colisão transversal";"Com Vítimas Feridas";"Pleno dia";"Crescente";"Nublado";"Simples";"Reta";"Sim";2;0;0;1;1;0;1;2;-26,91931485;-49,28198576;"SPRF-SC";"DEL04-SC";"UOP01-DEL04-SC"
512712;2023-03-25;"sábado";"09:50:00";"RO";319;63;"PORTO VELHO";"Manobra de mudança de faixa";"Colisão lateral mesmo sentido";"Com Vítimas Feridas";"Pleno dia";"Crescente";"Garoa/Chuvisco";"Dupla";"Reta";"Sim";3;0;1;0;2;0;1;2;-8,766685;-63,884052;"SPRF-RO";"DEL01-RO";"UOP01-DEL01-RO"
512713;2023-03-25;"sábado";"08:40:00";"PA";316;240;"VISEU";"Reação tardia ou ineficiente do condutor";"Colisão com objeto";"Com Vítimas Feridas";"Pleno dia";"Crescente";"Céu Claro";"Simples";"Ponte;Reta";"Não";2;0;1;0;0;1;1;2;-1,73580471;-46,59143983;"SPRF-PA";"DEL01-PA";"UOP04-DEL01-PA"
512715;2023-03-25;"sábado";"11:10:00";"SC";101;205;"SAO JOSE";"Reação tardia ou ineficiente do condutor";"Tombamento";"Com Vítimas Feridas";"Pleno dia";"Crescente";"Céu Claro";"Dupla";"Curva;Declive";"Sim";1;0;1;0;0;0;1;1;-27,58313237;-48,61532885;"SPRF-SC";"DEL01-SC";"UOP01-DEL01-SC"
512716;2023-03-25;"sábado";"11:00:00";"RS";293;2,1;"PELOTAS";"Acessar a via sem observar a presença dos outros veículos";"Colisão lateral mesmo sentido";"Sem Vítimas";"Pleno dia";"Decrescente";"Chuva";"Simples";"Reta";"Não";2;0;0;0;2;0;0;2;-31,750426;-52,35999499;"SPRF-RS";"DEL07-RS";"UOP01-DEL07-RS"
512718;2023-03-25;"sábado";"10:40:00";"SC";158;108,5;"CUNHA PORA";"Mal súbito do condutor";"Saída de leito carroçável";"Com Vítimas Feridas";"Pleno dia";"Crescente";"Céu Claro";"Simples";"Curva";"Não";1;0;1;0;0;0;1;1;-26,87452128;-53,12215805;"SPRF-SC";"DEL07-SC";"UOP02-DEL07-SC"
512719;2023-03-25;"sábado";"10:40:00";"MS";60;324;"CAMPO GRANDE";"Reação tardia ou ineficiente do condutor";"Capotamento";"Com Vítimas Feridas";"Pleno dia";"Crescente";"Céu Claro";"Simples";"Declive;Curva";"Não";1;0;0;1;0;0;1;1;-20,347117;-54,543868;"SPRF-MS";"DEL01-MS";"UOP02-DEL01-MS"
512722;2023-03-25;"sábado";"11:00:00";"MT";163;828;"SINOP";"Área urbana sem a presença de local apropriado para a travessia de pedestres";"Atropelamento de Pedestre";"Com Vítimas Fatais";"Pleno dia";"Crescente";"Céu Claro";"Dupla";"Reta";"Sim";2;1;1;0;0;0;1;2;-12,049672;-55,51738084;"SPRF-MT";"DEL06-MT";"UOP02-DEL06-MT"
512723;2023-03-25;"sábado";"11:44:00";"TO";10;462;"PALMAS";"Ingestão de álcool pelo condutor";"Saída de leito carroçável";"Sem Vítimas";"Pleno dia";"Crescente";"Céu Claro";"Simples";"Curva";"Não";1;0;0;0;1;0;0;1;-10,20478573;-48,30533981;"SPRF-TO";"DEL01-TO";"UOP03-DEL01-TO"
512724;2023-03-25;"sábado";"11:50:00";"ES";101;60;"SAO MATEUS";"Transitar na contramão";"Colisão frontal";"Com Vítimas Feridas";"Pleno dia";"Decrescente";"Sol";"Simples";"Interseção de Vias";"Sim";2;0;1;0;1;0;1;2;-18,67286757;-39,86626189;"SPRF-ES";"DEL04-ES";"UOP02-DEL04-ES"
512725;2023-03-25;"sábado";"09:40:00";"PA";163;981;"SANTAREM";"Ultrapassagem Indevida";"Colisão frontal";"Com Vítimas Fatais";"Pleno dia";"Crescente";"Céu Claro";"Dupla";"Reta";"Não";2;1;0;0;1;0;0;2;-2,62917092;-54,74150509;"SPRF-PA";"DEL05-PA";"UOP01-DEL05-PA"
512726;2023-03-25;"sábado";"11:27:00";"MG";381;483,5;"BETIM";"Reação tardia ou ineficiente do condutor";"Tombamento";"Com Vítimas Feridas";"Pleno dia";"Crescente";"Céu Claro";"Dupla";"Reta;Declive";"Sim";1;0;1;0;0;0;1;1;-19,95582976;-44,11117494;"SPRF-MG";"DEL01-MG";"UOP03-DEL01-MG"
512727;2023-03-25;"sábado";"12:30:00";"RS";158;196,2;"CRUZ ALTA";"Desrespeitar a preferência no cruzamento";"Colisão transversal";"Com Vítimas Feridas";"Pleno dia";"Decrescente";"Céu Claro";"Simples";"Rotatória";"Sim";2;0;1;0;1;0;1;2;-28,65579659;-53,58675957;"SPRF-RS";"DEL10-RS";"UOP02-DEL10-RS"
512728;2023-03-25;"sábado";"08:25:00";"GO";70;121,3;"PIRENOPOLIS";"Desrespeitar a preferência no cruzamento";"Colisão lateral sentido oposto";"Com Vítimas Feridas";"Pleno dia";"Decrescente";"Céu Claro";"Simples";"Reta";"Não";3;0;1;1;1;0;2;2;-15,82818292;-49,16704996;"SPRF-GO";"DEL02-GO";"UOP02-DEL02-GO"
512729;2023-03-25;"sábado";"10:35:00";"SP";116;476;"JACUPIRANGA";"Acessar a via sem observar a presença dos outros veículos";"Colisão transversal";"Com Vítimas Feridas";"Pleno dia";"Decrescente";"Céu Claro";"Simples";"Reta";"Sim";2;0;2;0;0;0;2;2;-24,6928255;-47,99567352;"SPRF-SP";"DEL05-SP";"UOP01-DEL05-SP"
512730;2023-03-17;"sexta-feira";"19:30:00";"PI";343;333,3;"TERESINA";"Chuva";"Colisão com objeto";"Sem Vítimas";"Plena Noite";"Crescente";"Chuva";"Múltipla";"Interseção de Vias";"Sim";1;0;0;0;1;0;0;1;-5,05704567;-42,68428802;"SPRF-PI";"DEL01-PI";"UOP01-DEL01-PI"
512731;2023-03-25;"sábado";"11:00:00";"RS";116;205,5;"PICADA CAFE";"Reação tardia ou ineficiente do condutor";"Saída de leito carroçável";"Com Vítimas Feridas";"Pleno dia";"Crescente";"Céu Claro";"Simples";"Curva";"Não";1;0;1;0;0;0;1;1;-29,49979304;-51,13770408;"SPRF-RS";"DEL05-RS";"UOP02-DEL05-RS"
512732;2023-03-25;"sábado";"12:50:00";"MG";146;405,3;"GUAXUPE";"Acessar a via sem observar a presença dos outros veículos";"Colisão transversal";"Com Vítimas Feridas";"Pleno dia";"Decrescente";"Céu Claro";"Simples";"Interseção de Vias";"Não";3;0;0;3;0;0;3;2;-21,30467848;-46,62723184;"SPRF-MG";"DEL09-MG";"UOP01-DEL09-MG"
512733;2023-03-25;"sábado";"12:30:00";"MG";381;417;"NOVA UNIAO";"Pista esburacada";"Colisão lateral mesmo sentido";"Com Vítimas Feridas";"Pleno dia";"Decrescente";"Céu Claro";"Dupla";"Reta";"Não";5;0;5;0;0;0;5;1;-19,75815121;-43,63601756;"SPRF-MG";"DEL01-MG";"UOP01-DEL01-MG"
512734;2023-03-25;"sábado";"12:40:00";"MG";381;856;"POUSO ALEGRE";"Condutor deixou de manter distância do veículo da frente";"Atropelamento de Animal";"Com Vítimas Feridas";"Pleno dia";"Decrescente";"Céu Claro";"Dupla";"Reta";"Não";5;0;3;0;2;0;3;2;-22,29233132;-45,89799499;"SPRF-MG";"DEL16-MG";"UOP01-DEL16-MG"
512735;2023-03-25;"sábado";"11:30:00";"BA";110;218;"NOVA SOURE";"Reação tardia ou ineficiente do condutor";"Tombamento";"Com Vítimas Feridas";"Pleno dia";"Decrescente";"Nublado";"Simples";"Reta";"Não";1;0;0;1;0;0;1;1;-11,25575578;-38,4622768;"SPRF-BA";"DEL07-BA";"UOP02-DEL07-BA"
512736;2023-03-25;"sábado";"13:24:00";"MG";40;128;"JOAO PINHEIRO";"Ausência de reação do condutor";"Saída de leito carroçável";"Sem Vítimas";"Pleno dia";"Crescente";"Céu Claro";"Simples";"Reta";"Não";1;0;0;0;0;1;0;1;-17,70131701;-46,303719;"SPRF-MG";"DEL14-MG";"UOP01-DEL14-MG"
512738;2023-03-25;"sábado";"06:50:00";"MS";376;33;"VICENTINA";"Ausência de reação do condutor";"Colisão traseira";"Com Vítimas Feridas";"Pleno dia";"Decrescente";"Céu Claro";"Simples";"Reta";"Não";2;0;0;1;1;0;1;2;-22,395469;-54,470316;"SPRF-MS";"DEL04-MS";"UOP01-DEL04-MS"
512739;2023-03-25;"sábado";"10:00:00";"SC";101;374;"ICARA";"Ausência de reação do condutor";"Saída de leito carroçável";"Com Vítimas Feridas";"Pleno dia";"Crescente";"Céu Claro";"Dupla";"Reta";"Sim";1;0;0;1;0;0;1;1;-28,71534412;-49,22723198;"SPRF-SC";"DEL02-SC";"UOP01-DEL02-SC"
512740;2023-03-25;"sábado";"08:15:00";"SC";101;336;"TUBARAO";"Desrespeitar a preferência no cruzamento";"Colisão transversal";"Com Vítimas Feridas";"Pleno dia";"Decrescente";"Sol";"Dupla";"Reta;Rotatória";"Sim";2;0;0;1;1;0;1;2;-28,47311347;-49,02437375;"SPRF-SC";"DEL02-SC";"UOP01-DEL02-SC"
512741;2023-03-25;"sábado";"12:45:00";"MG";381;777,9;"CAMPANHA";"Ausência de reação do condutor";"Saída de leito carroçável";"Com Vítimas Feridas";"Pleno dia";"Crescente";"Céu Claro";"Dupla";"Reta";"Não";2;0;2;0;0;0;2;1;-21,801069;-45,470222;"SPRF-MG";"DEL16-MG";"UOP02-DEL16-MG"
512742;2023-03-25;"sábado";"13:25:00";"MG";381;499;"BETIM";"Retorno proibido";"Engavetamento";"Com Vítimas Feridas";"Pleno dia";"Crescente";"Céu Claro";"Simples";"Curva;Aclive;Interseção de Vias";"Não";7;0;2;0;5;0;2;4;-20,01792651;-44,2261448;"SPRF-MG";"DEL01-MG";"UOP03-DEL01-MG"
512744;2023-03-25;"sábado";"14:30:00";"MG";262;868,7;"CAMPO FLORIDO";"Manobra de mudança de faixa";"Saída de leito carroçável";"Com Vítimas Feridas";"Pleno dia";"Decrescente";"Céu Claro";"Dupla";"Reta";"Não";4;0;2;0;2;0;2;2;-19,77823078;-48,45271181;"SPRF-MG";"DEL13-MG";"UOP01-DEL13-MG"
512745;2023-03-25;"sábado";"14:00:00";"GO";40;2;"VALPARAISO DE GOIAS";"Acessar a via sem observar a presença dos outros veículos";"Colisão traseira";"Com Vítimas Feridas";"Pleno dia";"Crescente";"Céu Claro";"Dupla";"Reta";"Sim";2;0;1;0;1;0;1;2;-16,06583612;-47,98385024;"SPRF-DF";"DEL01-DF";"UOP01-DEL01-DF"
512746;2023-03-25;"sábado";"14:10:00";"RN";101;97,6;"NATAL";"Manobra de mudança de faixa";"Colisão lateral mesmo sentido";"Com Vítimas Feridas";"Pleno dia";"Crescente";"Nublado";"Múltipla";"Curva";"Sim";2;0;1;0;1;0;1;2;-5,86055908;-35,21450222;"SPRF-RN";"DEL01-RN";"UOP01-DEL01-RN"
512747;2023-03-25;"sábado";"13:35:00";"SC";116;133,8;"SANTA CECILIA";"Condutor Dormindo";"Saída de leito carroçável";"Com Vítimas Feridas";"Pleno dia";"Crescente";"Céu Claro";"Simples";"Curva";"Não";1;0;1;0;0;0;1;1;-26,91588013;-50,44574975;"SPRF-SC";"DEL06-SC";"UOP02-DEL06-SC"
512750;2023-03-25;"sábado";"11:15:00";"SC";470;9;"NAVEGANTES";"Acessar a via sem observar a presença dos outros veículos";"Colisão transversal";"Com Vítimas Feridas";"Pleno dia";"Crescente";"Céu Claro";"Simples";"Reta";"Não";2;0;1;0;1;0;1;2;-26,833143;-48,727432;"SPRF-SC";"DEL04-SC";"UOP04-DEL04-SC"
512751;2023-03-25;"sábado";"14:00:00";"BA";110;391;"SAO SEBASTIAO DO PASSE";"Demais falhas mecânicas ou elétricas";"Incêndio";"Sem Vítimas";"Pleno dia";"Decrescente";"Céu Claro";"Simples";"Curva;Declive";"Não";1;0;0;0;1;0;0;1;-12,50766107;-38,49626949;"SPRF-BA";"DEL01-BA";"UOP01-DEL01-BA"
512752;2023-03-25;"sábado";"14:40:00";"PR";369;144,1;"LONDRINA";"Avarias e/ou desgaste excessivo no pneu";"Saída de leito carroçável";"Com Vítimas Feridas";"Pleno dia";"Crescente";"Sol";"Dupla";"Reta";"Sim";2;0;2;0;0;0;2;1;-23,29304141;-51,11998022;"SPRF-PR";"DEL07-PR";"UOP01-DEL07-PR"
512754;2023-03-25;"sábado";"17:40:00";"PE";428;187,3;"PETROLINA";"Entrada inopinada do pedestre";"Atropelamento de Pedestre";"Com Vítimas Feridas";"Anoitecer";"Decrescente";"Céu Claro";"Dupla";"Reta";"Sim";2;0;0;1;0;1;1;2;-9,37045962;-40,48586759;"SPRF-PE";"DEL06-PE";"UOP01-DEL06-PE"
512755;2023-03-25;"sábado";"15:20:00";"PE";232;163;"TACAIMBO";"Manobra de mudança de faixa";"Colisão com objeto";"Sem Vítimas";"Pleno dia";"Crescente";"Céu Claro";"Simples";"Reta;Interseção de Vias";"Sim";2;0;0;0;2;0;0;1;-8,33348442;-36,28057989;"SPRF-PE";"DEL03-PE";"UOP02-DEL03-PE"
512756;2023-03-25;"sábado";"18:25:00";"PE";232;181;"BELO JARDIM";"Transitar na contramão";"Colisão frontal";"Com Vítimas Fatais";"Plena Noite";"Crescente";"Nublado";"Simples";"Reta";"Sim";2;2;0;0;0;0;0;2;-8,34627974;-36,43776285;"SPRF-PE";"DEL03-PE";"UOP02-DEL03-PE"
512759;2023-03-25;"sábado";"16:45:00";"SP";116;229;"SAO PAULO";"Objeto estático sobre o leito carroçável";"Eventos atípicos";"Com Vítimas Feridas";"Pleno dia";"Decrescente";"Céu Claro";"Múltipla";"Reta";"Sim";1;0;0;1;0;0;1;1;-23,51291902;-46,57604698;"SPRF-SP";"DEL01-SP";"UOP01-DEL01-SP"
512760;2023-03-25;"sábado";"20:05:00";"GO";60;174;"ABADIA DE GOIAS";"Ingestão de álcool pelo condutor";"Saída de leito carroçável";"Sem Vítimas";"Plena Noite";"Decrescente";"Céu Claro";"Dupla";"Aclive";"Não";1;0;0;0;1;0;0;1;-16,7474;-49,4238;"SPRF-GO";"DEL01-GO";"UOP02-DEL01-GO"
512761;2023-03-25;"sábado";"16:00:00";"SP";381;61;"MAIRIPORA";"Reação tardia ou ineficiente do condutor";"Colisão com objeto";"Com Vítimas Feridas";"Pleno dia";"Crescente";"Céu Claro";"Dupla";"Curva;Declive";"Não";1;0;1;0;0;0;1;1;-23,29011611;-46,5800681;"SPRF-SP";"DEL03-SP";"UOP01-DEL03-SP"
512762;2023-03-25;"sábado";"17:40:00";"ES";101;215;"IBIRACU";"Ausência de reação do condutor";"Saída de leito carroçável";"Sem Vítimas";"Plena Noite";"Crescente";"Céu Claro";"Simples";"Curva";"Sim";4;0;0;0;0;4;0;2;-19,83184002;-40,38012995;"SPRF-ES";"DEL02-ES";"UOP01-DEL02-ES"
512764;2023-03-25;"sábado";"20:20:00";"SC";282;37;"AGUAS MORNAS";"Transitar na contramão";"Colisão lateral sentido oposto";"Sem Vítimas";"Plena Noite";"Crescente";"Garoa/Chuvisco";"Simples";"Curva";"Não";2;0;0;0;0;2;0;2;-27,707325;-48,842983;"SPRF-SC";"DEL01-SC";"UOP03-DEL01-SC"
512765;2023-03-25;"sábado";"19:10:00";"ES";101;239,7;"FUNDAO";"Reação tardia ou ineficiente do condutor";"Colisão frontal";"Com Vítimas Fatais";"Plena Noite";"Decrescente";"Céu Claro";"Simples";"Reta";"Não";3;1;0;0;1;1;0;3;-20,00196;-40,41321;"SPRF-ES";"DEL02-ES";"UOP01-DEL02-ES"
512767;2023-03-25;"sábado";"17:10:00";"RS";116;249;"SAO LEOPOLDO";"Ausência de reação do condutor";"Colisão com objeto";"Com Vítimas Feridas";"Pleno dia";"Crescente";"Nublado";"Dupla";"Reta";"Sim";3;0;1;0;2;0;1;1;-29,7831804;-51,16099063;"SPRF-RS";"DEL01-RS";"UOP02-DEL01-RS"
512768;2023-03-25;"sábado";"17:10:00";"MT";163;111,8;"RONDONOPOLIS";"Ingestão de álcool pelo condutor";"Saída de leito carroçável";"Com Vítimas Feridas";"Anoitecer";"Crescente";"Nublado";"Dupla";"Reta";"Não";3;0;2;0;1;0;2;1;-16,56983504;-54,68343692;"SPRF-MT";"DEL02-MT";"UOP01-DEL02-MT"
512771;2023-03-25;"sábado";"15:20:00";"MS";463;2,3;"DOURADOS";"Pista em desnível";"Saída de leito carroçável";"Sem Vítimas";"Pleno dia";"Decrescente";"Céu Claro";"Simples";"Declive";"Não";1;0;0;0;0;1;0;1;-22,2591541;-54,823354;"SPRF-MS";"DEL04-MS";"UOP01-DEL04-MS"
512773;2023-03-25;"sábado";"18:53:00";"PB";230;8;"CABEDELO";"Manobra de mudança de faixa";"Colisão transversal";"Com Vítimas Feridas";"Plena Noite";"Decrescente";"Céu Claro";"Simples";"Reta;Retorno Regulamentado";"Sim";3;0;2;0;1;0;2;2;-7,0355;-34,8429;"SPRF-PB";"DEL01-PB";"UOP01-DEL01-PB"