"id";"data_inversa";"dia_semana";"horario";"uf";"br";"km";"municipio";"causa_acidente";"tipo_acidente";"classificacao_acidente";"fase_dia";"sentido_via";"condicao_metereologica";"tipo_pista";"tracado_via";"uso_solo";"pessoas";"mortos";"feridos_leves";"feridos_graves";"ilesos";"ignorados";"feridos";"veiculos";"latitude";"longitude";"regional";"delegacia";"uop"
512774;2023-03-25;"sábado";"19:00:00";"RS";158;194,6;"CRUZ ALTA";"Desrespeitar a preferência no cruzamento";"Colisão transversal";"Com Vítimas Feridas";"Plena Noite";"Decrescente";"Nublado";"Simples";"Reta;Interseção de Vias";"Não";2;0;0;1;1;0;1;2;-28,63883986;-53,57203169;"SPRF-RS";"DEL10-RS";"UOP02-DEL10-RS"
512775;2023-03-25;"sábado";"18:40:00";"PB";361;45,9;"CATINGUEIRA";"Ausência de reação do condutor";"Tombamento";"Com Vítimas Fatais";"Plena Noite";"Decrescente";"Nublado";"Simples";"Reta";"Não";3;1;1;1;0;0;2;1;-7,13527;-37,61574;"SPRF-PB";"DEL03-PB";"UOP01-DEL03-PB"
512776;2023-03-25;"sábado";"19:30:00";"SP";101;46;"UBATUBA";"Ausência de reação do condutor";"Colisão traseira";"Com Vítimas Feridas";"Plena Noite";"Crescente";"Nublado";"Simples";"Retorno Regulamentado";"Sim";2;0;1;0;1;0;1;2;-23,42181307;-45,07216752;"SPRF-SP";"DEL06-SP";"UOP01-DEL06-SP"
512777;2023-03-25;"sábado";"18:30:00";"CE";226;30;"PEREIRO";"Pedestre andava na pista";"Atropelamento de Pedestre";"Com Vítimas Fatais";"Plena Noite";"Crescente";"Céu Claro";"Simples";"Reta";"Sim";2;1;0;0;0;1;0;2;-6,04018806;-38,46765036;"SPRF-CE";"DEL05-CE";"UOP02-DEL05-CE"
512779;2023-03-25;"sábado";"16:30:00";"SP";153;32,5;"NOVA GRANADA";"Ingestão de álcool pelo condutor";"Colisão lateral mesmo sentido";"Com Vítimas Feridas";"Pleno dia";"Crescente";"Céu Claro";"Simples";"Reta";"Não";2;0;1;0;1;0;1;2;-20,55543809;-49,32522215;"SPRF-SP";"DEL09-SP";"UOP01-DEL09-SP"
512781;2023-03-25;"sábado";"15:30:00";"RR";174;217;"RORAINOPOLIS";"Pista Escorregadia";"Saída de leito carroçável";"Com Vítimas Feridas";"Pleno dia";"Crescente";"Chuva";"Simples";"Curva";"Não";4;0;3;0;1;0;3;1;0,985275;-60,404926;"SPRF-RR";"DEL01-RR";"UOP01-DEL01-RR"
512784;2023-03-25;"sábado";"15:55:00";"RJ";40;59;"PETROPOLIS";"Ausência de reação do condutor";"Capotamento";"Com Vítimas Feridas";"Pleno dia";"Decrescente";"Céu Claro";"Dupla";"Reta";"Sim";1;0;0;1;0;0;1;1;-22,38628773;-43,13543464;"SPRF-RJ";"DEL05-RJ";"UOP02-DEL05-RJ"
512786;2023-03-25;"sábado";"18:50:00";"GO";414;376;"COCALZINHO DE GOIAS";"Velocidade Incompatível";"Saída de leito carroçável";"Com Vítimas Feridas";"Plena Noite";"Crescente";"Céu Claro";"Dupla";"Reta";"Sim";1;0;1;0;0;0;1;1;-15,81681989;-48,78018572;"SPRF-GO";"DEL02-GO";"UOP01-DEL02-GO"
512788;2023-03-25;"sábado";"18:00:00";"RS";101;4,7;"TORRES";"Ausência de reação do condutor";"Colisão frontal";"Com Vítimas Fatais";"Anoitecer";"Decrescente";"Chuva";"Dupla";"Reta;Aclive";"Não";2;1;0;1;0;0;1;2;-29,336672;-49,784964;"SPRF-RS";"DEL03-RS";"UOP02-DEL03-RS"
512789;2023-03-25;"sábado";"12:45:00";"PI";343;305,6;"ALTOS";"Acessar a via sem observar a presença dos outros veículos";"Colisão transversal";"Com Vítimas Feridas";"Pleno dia";"Decrescente";"Céu Claro";"Simples";"Reta";"Sim";2;0;1;0;1;0;1;2;-5,036182;-42,445755;"SPRF-PI";"DEL01-PI";"UOP01-DEL01-PI"
512790;2023-03-25;"sábado";"19:00:00";"SP";153;296,5;"CAMPOS NOVOS PAULISTA";"Ingestão de álcool pelo condutor";"Colisão traseira";"Com Vítimas Feridas";"Plena Noite";"Decrescente";"Céu Claro";"Simples";"Declive;Reta";"Não";2;0;1;0;1;0;1;2;-22,545587;-49,88953912;"SPRF-SP";"DEL07-SP";"UOP03-DEL07-SP"
512791;2023-03-25;"sábado";"18:30:00";"BA";367;135;"ITAGIMIRIM";"Reação tardia ou ineficiente do condutor";"Saída de leito carroçável";"Com Vítimas Fatais";"Plena Noite";"Decrescente";"Céu Claro";"Simples";"Curva;Declive";"Não";1;1;0;0;0;0;0;1;-16,08879617;-39,61867931;"SPRF-BA";"DEL09-BA";"UOP01-DEL09-BA"
512793;2023-03-25;"sábado";"19:51:00";"SP";116;219;"GUARULHOS";"Condutor deixou de manter distância do veículo da frente";"Colisão traseira";"Com Vítimas Feridas";"Plena Noite";"Crescente";"Céu Claro";"Múltipla";"Viaduto;Reta";"Sim";2;0;1;0;1;0;1;2;-23,46177006;-46,49086833;"SPRF-SP";"DEL01-SP";"UOP01-DEL01-SP"
512796;2023-03-25;"sábado";"19:50:00";"RJ";101;409,5;"ITAGUAI";"Pedestre andava na pista";"Atropelamento de Pedestre";"Com Vítimas Feridas";"Plena Noite";"Crescente";"Céu Claro";"Dupla";"Reta";"Sim";2;0;0;1;1;0;1;2;-22,88503992;-43,83250205;"SPRF-RJ";"DEL03-RJ";"UOP01-DEL03-RJ"
512798;2023-03-25;"sábado";"18:00:00";"RS";285;131,4;"VACARIA";"Ausência de reação do condutor";"Saída de leito carroçável";"Sem Vítimas";"Anoitecer";"Crescente";"Nublado";"Simples";"Aclive;Curva";"Não";3;0;0;0;3;0;0;1;-28,439252;-50,998215;"SPRF-RS";"DEL05-RS";"UOP03-DEL05-RS"
512799;2023-03-25;"sábado";"19:10:00";"SC";116;251,5;"LAGES";"Acumulo de água sobre o pavimento";"Colisão frontal";"Com Vítimas Feridas";"Plena Noite";"Decrescente";"Chuva";"Simples";"Curva";"Não";3;0;2;0;1;0;2;2;-27,8542052;-50,38327932;"SPRF-SC";"DEL05-SC";"UOP02-DEL05-SC"
512800;2023-03-25;"sábado";"16:40:00";"BA";116;816;"VITORIA DA CONQUISTA";"Ausência de reação do condutor";"Tombamento";"Com Vítimas Feridas";"Pleno dia";"Decrescente";"Céu Claro";"Simples";"Reta";"Sim";1;0;1;0;0;0;1;1;-14,77751018;-40,73036091;"SPRF-BA";"DEL08-BA";"UOP01-DEL08-BA"
512801;2023-03-25;"sábado";"20:30:00";"PI";343;3,7;"TERESINA";"Condutor deixou de manter distância do veículo da frente";"Colisão traseira";"Com Vítimas Feridas";"Plena Noite";"Decrescente";"Nublado";"Múltipla";"Reta";"Sim";2;0;1;0;1;0;1;2;-5,08039;-42,786904;"SPRF-PI";"DEL01-PI";"UOP01-DEL01-PI"
512803;2023-03-25;"sábado";"21:30:00";"RN";101;121;"SAO JOSE DE MIPIBU";"Manobra de mudança de faixa";"Colisão lateral mesmo sentido";"Sem Vítimas";"Plena Noite";"Decrescente";"Céu Claro";"Dupla";"Reta;Desvio Temporário;Em Obras";"Não";2;0;0;0;2;0;0;2;-6,04338592;-35,24621873;"SPRF-RN";"DEL01-RN";"UOP01-DEL01-RN"
512804;2023-03-25;"sábado";"21:53:00";"GO";40;24,5;"LUZIANIA";"Ingestão de álcool pelo condutor";"Saída de leito carroçável";"Com Vítimas Feridas";"Plena Noite";"Decrescente";"Céu Claro";"Dupla";"Reta";"Sim";1;0;1;0;0;0;1;1;-16,252738;-47,900437;"SPRF-DF";"DEL01-DF";"UOP01-DEL01-DF"
512807;2023-03-25;"sábado";"18:50:00";"SC";153;64;"IRANI";"Transitar na contramão";"Colisão frontal";"Sem Vítimas";"Plena Noite";"Decrescente";"Chuva";"Simples";"Reta";"Sim";2;0;0;0;2;0;0;2;-27,003662;-51,872604;"SPRF-SC";"DEL07-SC";"UOP04-DEL07-SC"
512808;2023-03-25;"sábado";"21:35:00";"GO";40;98,7;"CRISTALINA";"Entrada inopinada do pedestre";"Atropelamento de Pedestre";"Com Vítimas Feridas";"Plena Noite";"Decrescente";"Céu Claro";"Simples";"Interseção de Vias;Reta";"Sim";2;0;0;1;1;0;1;2;-16,771633;-47,589856;"SPRF-DF";"DEL01-DF";"UOP02-DEL01-DF"
512809;2023-03-25;"sábado";"19:30:00";"RS";153;48,7;"ERECHIM";"Transitar na contramão";"Colisão lateral sentido oposto";"Com Vítimas Feridas";"Plena Noite";"Decrescente";"Céu Claro";"Simples";"Reta";"Não";3;0;0;1;1;1;1;3;-27,65118001;-52,257248;"SPRF-RS";"DEL08-RS";"UOP04-DEL08-RS"
512811;2023-03-25;"sábado";"20:25:00";"PR";153;319;"IMBITUVA";"Ausência de reação do condutor";"Saída de leito carroçável";"Com Vítimas Feridas";"Plena Noite";"Decrescente";"Céu Claro";"Simples";"Reta";"Não";3;0;1;0;2;0;1;1;-25,36657176;-50,63158176;"SPRF-PR";"DEL08-PR";"UOP02-DEL08-PR"
512812;2023-03-25;"sábado";"22:04:00";"PR";277;0,5;"PARANAGUA";"Pedestre cruzava a pista fora da faixa";"Atropelamento de Pedestre";"Com Vítimas Feridas";"Plena Noite";"Crescente";"Céu Claro";"Dupla";"Reta";"Sim";2;0;1;1;0;0;2;2;-25,5205;-48,5095;"SPRF-PR";"DEL01-PR";"UOP05-DEL01-PR"
512814;2023-03-25;"sábado";"22:00:00";"MG";40;360;"FELIXLANDIA";"Ausência de reação do condutor";"Saída de leito carroçável";"Com Vítimas Feridas";"Plena Noite";"Crescente";"Céu Claro";"Simples";"Reta;Retorno Regulamentado";"Não";2;0;0;1;1;0;1;1;-18,74935288;-44,85229988;"SPRF-MG";"DEL02-MG";"UOP01-DEL02-MG"
512817;2023-03-25;"sábado";"22:50:00";"RS";116;296;"GUAIBA";"Condutor deixou de manter distância do veículo da frente";"Saída de leito carroçável";"Com Vítimas Feridas";"Plena Noite";"Decrescente";"Céu Claro";"Dupla";"Reta";"Não";2;0;1;0;1;0;1;1;-30,08861201;-51,34229993;"SPRF-RS";"DEL02-RS";"UOP01-DEL02-RS"
512818;2023-03-25;"sábado";"16:50:00";"MG";381;419;"CAETE";"Condutor Dormindo";"Saída de leito carroçável";"Com Vítimas Feridas";"Pleno dia";"Decrescente";"Céu Claro";"Dupla";"Curva;Declive";"Não";1;0;0;1;0;0;1;1;-19,74715521;-43,6231041;"SPRF-MG";"DEL01-MG";"UOP01-DEL01-MG"
512819;2023-03-25;"sábado";"16:05:00";"PI";316;414;"MARCOLANDIA";"Ingestão de álcool pelo condutor";"Colisão transversal";"Com Vítimas Feridas";"Pleno dia";"Crescente";"Céu Claro";"Simples";"Reta";"Sim";2;0;0;1;1;0;1;2;-7,42805464;-40,6903324;"SPRF-PI";"DEL04-PI";"UOP03-DEL04-PI"
512820;2023-03-25;"sábado";"15:30:00";"RN";101;104;"PARNAMIRIM";"Ultrapassagem Indevida";"Colisão com objeto";"Com Vítimas Feridas";"Pleno dia";"Crescente";"Céu Claro";"Múltipla";"Viaduto";"Não";2;0;1;1;0;0;2;1;-5,892745;-35,257225;"SPRF-RN";"DEL01-RN";"UOP01-DEL01-RN"
512822;2023-03-25;"sábado";"22:00:00";"RS";470;157;"NOVA PRATA";"Ingestão de álcool pelo condutor";"Saída de leito carroçável";"Sem Vítimas";"Plena Noite";"Crescente";"Chuva";"Dupla";"Curva";"Não";2;0;0;0;2;0;0;1;-28,78196262;-51,61508918;"SPRF-RS";"DEL06-RS";"UOP02-DEL06-RS"
512823;2023-03-25;"sábado";"20:30:00";"MG";267;59;"BICAS";"Ausência de reação do condutor";"Colisão lateral sentido oposto";"Com Vítimas Feridas";"Plena Noite";"Crescente";"Céu Claro";"Simples";"Curva";"Sim";4;0;3;0;1;0;3;2;-21,7245573;-43,04402678;"SPRF-MG";"DEL07-MG";"UOP01-DEL07-MG"
512824;2023-03-25;"sábado";"22:30:00";"BA";101;0,3;"RIO REAL";"Faróis desregulados";"Queda de ocupante de veículo";"Com Vítimas Feridas";"Plena Noite";"Decrescente";"Nublado";"Simples";"Reta;Declive;Em Obras";"Não";2;0;2;0;0;0;2;1;-11,522266;-37,803983;"SPRF-SE";"DEL02-SE";"UOP03-DEL02-SE"
512825;2023-03-25;"sábado";"23:00:00";"SC";470;65;"INDAIAL";"Ingestão de álcool pelo condutor";"Saída de leito carroçável";"Com Vítimas Feridas";"Plena Noite";"Decrescente";"Garoa/Chuvisco";"Simples";"Reta";"Não";1;0;1;0;0;0;1;1;-26,870411;-49,211864;"SPRF-SC";"DEL04-SC";"UOP01-DEL04-SC"
512827;2023-03-25;"sábado";"22:50:00";"ES";101;446,9;"MIMOSO DO SUL";"Ausência de reação do condutor";"Saída de leito carroçável";"Com Vítimas Feridas";"Plena Noite";"Decrescente";"Céu Claro";"Simples";"Curva";"Não";2;0;2;0;0;0;2;1;-21,12397645;-41,27537727;"SPRF-ES";"DEL03-ES";"UOP02-DEL03-ES"
512828;2023-03-25;"sábado";"20:00:00";"RN";0;0;"JUCURUTU";"Transitar na contramão";"Colisão frontal";"Com Vítimas Feridas";"Plena Noite";"Não Informado";"Nublado";"Simples";"Curva";"Não";2;0;1;1;0;0;2;2;-6,0229363;-37,0285942;"SPRF-RN";"DEL03-RN";"UOP01-DEL03-RN"
512829;2023-03-25;"sábado";"22:30:00";"PR";153;68,4;"GUAPIRAMA";"Manobra de mudança de faixa";"Colisão transversal";"Com Vítimas Feridas";"Plena Noite";"Crescente";"Céu Claro";"Simples";"Reta";"Não";3;0;2;0;1;0;2;2;-23,50738555;-50,11155541;"SPRF-PR";"DEL07-PR";"UOP04-DEL07-PR"
512833;2023-03-25;"sábado";"22:15:00";"MG";40;792,5;"JUIZ DE FORA";"Reação tardia ou ineficiente do condutor";"Colisão com objeto";"Com Vítimas Feridas";"Plena Noite";"Crescente";"Ignorado";"Dupla";"Curva";"Sim";1;0;1;0;0;0;1;1;-21,79449311;-43,41425031;"SPRF-MG";"DEL05-MG";"UOP01-DEL05-MG"
512834;2023-03-25;"sábado";"21:31:00";"MA";10;249;"IMPERATRIZ";"Condutor deixou de manter distância do veículo da frente";"Colisão traseira";"Com Vítimas Feridas";"Plena Noite";"Crescente";"Céu Claro";"Múltipla";"Reta;Interseção de Vias;Em Obras";"Sim";3;0;2;0;1;0;2;2;-5,558508;-47,45417;"SPRF-MA";"DEL04-MA";"UOP01-DEL04-MA"
512835;2023-03-25;"sábado";"22:30:00";"RJ";101;490;"ANGRA DOS REIS";"Transitar na contramão";"Colisão frontal";"Com Vítimas Feridas";"Plena Noite";"Crescente";"Céu Claro";"Simples";"Reta";"Não";7;0;0;5;2;0;5;2;-22,95640053;-44,31282898;"SPRF-RJ";"DEL03-RJ";"UOP03-DEL03-RJ"
512838;2023-03-25;"sábado";"23:50:00";"PE";232;239,6;"ARCOVERDE";"Ausência de reação do condutor";"Colisão lateral sentido oposto";"Com Vítimas Feridas";"Plena Noite";"Crescente";"Céu Claro";"Simples";"Reta";"Não";3;0;1;0;1;1;1;2;-8,41656773;-36,95265598;"SPRF-PE";"DEL04-PE";"UOP02-DEL04-PE"
512839;2023-03-25;"sábado";"21:45:00";"RS";116;264;"CANOAS";"Ingestão de álcool pelo condutor";"Colisão com objeto";"Sem Vítimas";"Plena Noite";"Decrescente";"Garoa/Chuvisco";"Múltipla";"Reta";"Sim";1;0;0;0;1;0;0;1;-29,914435;-51,17754495;"SPRF-RS";"DEL01-RS";"UOP01-DEL01-RS"
512841;2023-03-25;"sábado";"23:15:00";"SP";101;35,9;"UBATUBA";"Animais na Pista";"Atropelamento de Animal";"Com Vítimas Feridas";"Plena Noite";"Decrescente";"Nublado";"Simples";"Reta";"Sim";1;0;1;0;0;0;1;1;-23,39559665;-45,01485944;"SPRF-SP";"DEL06-SP";"UOP01-DEL06-SP"
512842;2023-03-25;"sábado";"19:30:00";"CE";230;42;"LAVRAS DA MANGABEIRA";"Pista esburacada";"Colisão frontal";"Com Vítimas Fatais";"Plena Noite";"Crescente";"Céu Claro";"Simples";"Reta";"Não";3;1;0;2;0;0;2;2;-6,75543206;-38,98017495;"SPRF-CE";"DEL05-CE";"UOP01-DEL05-CE"
512843;2023-03-25;"sábado";"17:05:00";"MG";40;690,5;"ALFREDO VASCONCELOS";"Velocidade Incompatível";"Colisão frontal";"Com Vítimas Fatais";"Pleno dia";"Decrescente";"Céu Claro";"Simples";"Reta";"Não";8;6;0;1;0;1;1;3;-21,1016579;-43,76384793;"SPRF-MG";"DEL05-MG";"UOP02-DEL05-MG"
512845;2023-03-25;"sábado";"21:30:00";"BA";110;324;"ALAGOINHAS";"Ausência de reação do condutor";"Saída de leito carroçável";"Com Vítimas Feridas";"Plena Noite";"Decrescente";"Chuva";"Simples";"Curva";"Não";1;0;1;0;0;0;1;1;-12,04402131;-38,36116791;"SPRF-BA";"DEL01-BA";"UOP04-DEL01-BA"
512846;2023-03-25;"sábado";"22:40:00";"MG";50;177;"UBERABA";"Velocidade Incompatível";"Saída de leito carroçável";"Com Vítimas Feridas";"Plena Noite";"Crescente";"Céu Claro";"Dupla";"Reta";"Não";1;0;1;0;0;0;1;1;-19,77914852;-47,95047701;"SPRF-MG";"DEL13-MG";"UOP01-DEL13-MG"
512847;2023-03-26;"domingo";"00:10:00";"PE";407;123,6;"PETROLINA";"Acessar a via sem observar a presença dos outros veículos";"Colisão lateral mesmo sentido";"Com Vítimas Feridas";"Plena Noite";"Decrescente";"Céu Claro";"Simples";"Reta";"Sim";3;0;2;0;1;0;2;2;-9,36149178;-40,54594462;"SPRF-PE";"DEL06-PE";"UOP01-DEL06-PE"
512848;2023-03-26;"domingo";"01:20:00";"ES";101;437;"MIMOSO DO SUL";"Condutor Dormindo";"Saída de leito carroçável";"Com Vítimas Feridas";"Plena Noite";"Decrescente";"Céu Claro";"Simples";"Reta";"Não";2;0;2;0;0;0;2;1;-21,06216733;-41,21281985;"SPRF-ES";"DEL03-ES";"UOP02-DEL03-ES"
512849;2023-03-25;"sábado";"23:30:00";"SC";280;73;"JARAGUA DO SUL";"Ausência de reação do condutor";"Colisão transversal";"Com Vítimas Feridas";"Plena Noite";"Crescente";"Céu Claro";"Simples";"Rotatória";"Sim";2;0;0;1;0;1;1;2;-26,45917102;-49,15245;"SPRF-SC";"DEL03-SC";"UOP03-DEL03-SC"
512850;2023-03-25;"sábado";"21:30:00";"PI";343;306,1;"ALTOS";"Manobra de mudança de faixa";"Colisão frontal";"Com Vítimas Feridas";"Plena Noite";"Decrescente";"Nublado";"Simples";"Reta";"Sim";2;0;1;1;0;0;2;2;-5,038756;-42,450893;"SPRF-PI";"DEL01-PI";"UOP01-DEL01-PI"
512851;2023-03-26;"domingo";"01:00:00";"MG";116;760;"LEOPOLDINA";"Mal súbito do condutor";"Tombamento";"Com Vítimas Feridas";"Plena Noite";"Crescente";"Céu Claro";"Simples";"Declive";"Não";1;0;1;0;0;0;1;1;-21,51427716;-42,61283265;"SPRF-MG";"DEL07-MG";"UOP01-DEL07-MG"
512852;2023-03-26;"domingo";"01:30:00";"GO";60;96;"ANAPOLIS";"Condutor deixou de manter distância do veículo da frente";"Colisão lateral mesmo sentido";"Com Vítimas Feridas";"Plena Noite";"Crescente";"Céu Claro";"Simples";"Retorno Regulamentado";"Sim";2;0;1;0;0;1;1;2;-16,371;-48,9422;"SPRF-GO";"DEL02-GO";"UOP01-DEL02-GO"
512853;2023-03-26;"domingo";"01:10:00";"PE";101;46;"IGARASSU";"Conversão proibida";"Colisão lateral mesmo sentido";"Com Vítimas Feridas";"Plena Noite";"Crescente";"Nublado";"Múltipla";"Reta";"Sim";5;0;2;0;3;0;2;2;-7,87406004;-34,90588126;"SPRF-PE";"DEL01-PE";"UOP02-DEL01-PE"
512855;2023-03-25;"sábado";"16:00:00";"SP";116;450;"REGISTRO";"Acumulo de óleo sobre o pavimento";"Tombamento";"Com Vítimas Feridas";"Pleno dia";"Decrescente";"Céu Claro";"Simples";"Curva";"Não";1;0;1;0;0;0;1;1;-24,53728295;-47,85899314;"SPRF-SP";"DEL05-SP";"UOP01-DEL05-SP"
512857;2023-03-26;"domingo";"02:30:00";"RS";386;425,1;"MONTENEGRO";"Ausência de reação do condutor";"Colisão com objeto";"Sem Vítimas";"Plena Noite";"Crescente";"Nublado";"Dupla";"Reta;Rotatória";"Não";1;0;0;0;1;0;0;1;-29,818272;-51,372299;"SPRF-RS";"DEL01-RS";"UOP01-DEL01-RS"
512858;2023-03-26;"domingo";"02:10:00";"BA";324;614;"SALVADOR";"Ausência de reação do condutor";"Capotamento";"Sem Vítimas";"Pleno dia";"Crescente";"Céu Claro";"Dupla";"Reta";"Não";1;0;0;0;0;1;0;1;-12,8639793;-38,42370126;"SPRF-BA";"DEL01-BA";"UOP01-DEL01-BA"
512859;2023-03-26;"domingo";"02:35:00";"PR";376;293,2;"MAUA DA SERRA";"Velocidade Incompatível";"Saída de leito carroçável";"Com Vítimas Fatais";"Plena Noite";"Decrescente";"Céu Claro";"Dupla";"Curva";"Sim";2;1;0;1;0;0;1;1;-23,91850384;-51,17851182;"SPRF-PR";"DEL07-PR";"UOP02-DEL07-PR"
512860;2023-03-26;"domingo";"03:13:00";"CE";116;9;"FORTALEZA";"Condutor deixou de manter distância do veículo da frente";"Colisão traseira";"Com Vítimas Feridas";"Plena Noite";"Crescente";"Garoa/Chuvisco";"Múltipla";"Reta";"Sim";2;0;1;0;0;1;1;2;-3,81690487;-38,50211632;"SPRF-CE";"DEL01-CE";"UOP02-DEL01-CE"
512861;2023-03-25;"sábado";"23:15:00";"PR";369;245;"BOM SUCESSO";"Condutor usando celular";"Saída de leito carroçável";"Com Vítimas Feridas";"Plena Noite";"Crescente";"Céu Claro";"Simples";"Reta";"Não";2;0;1;0;1;0;1;1;-23,69654698;-51,70774274;"SPRF-PR";"DEL09-PR";"UOP01-DEL09-PR"
512862;2023-03-26;"domingo";"01:50:00";"RS";116;613,6;"ARROIO GRANDE";"Ingestão de álcool pelo condutor";"Saída de leito carroçável";"Sem Vítimas";"Plena Noite";"Crescente";"Chuva";"Simples";"Reta";"Não";1;0;0;0;1;0;0;1;-32,25818979;-53,08395721;"SPRF-RS";"DEL07-RS";"UOP03-DEL07-RS"
512864;2023-03-26;"domingo";"03:30:00";"MG";262;186;"SAO DOMINGOS DO PRATA";"Reação tardia ou ineficiente do condutor";"Queda de ocupante de veículo";"Com Vítimas Feridas";"Plena Noite";"Crescente";"Nublado";"Simples";"Reta;Declive;Em Obras";"Não";2;0;2;0;0;0;2;1;-19,8960903;-43,04050143;"SPRF-MG";"DEL03-MG";"UOP01-DEL03-MG"
512866;2023-03-26;"domingo";"02:00:00";"GO";364;303,7;"MINEIROS";"Transitar na contramão";"Colisão frontal";"Com Vítimas Fatais";"Plena Noite";"Crescente";"Nevoeiro/Neblina";"Simples";"Reta";"Não";2;1;0;0;0;1;0;2;-17,52783853;-52,53181458;"SPRF-GO";"DEL05-GO";"UOP01-DEL05-GO"
512867;2023-03-26;"domingo";"04:00:00";"GO";60;38,9;"GOIANIA";"Condutor Dormindo";"Colisão com objeto";"Com Vítimas Feridas";"Plena Noite";"Decrescente";"Céu Claro";"Dupla";"Rotatória;Interseção de Vias";"Sim";1;0;0;1;0;0;1;1;-16,6777;-49,2676;"SPRF-GO";"DEL01-GO";"UOP03-DEL01-GO"
512868;2023-03-25;"sábado";"17:45:00";"GO";153;516,3;"APARECIDA DE GOIANIA";"Reação tardia ou ineficiente do condutor";"Colisão traseira";"Com Vítimas Feridas";"Pleno dia";"Crescente";"Céu Claro";"Dupla";"Declive;Reta;Retorno Regulamentado";"Sim";2;0;1;0;1;0;1;2;-16,84467159;-49,24606746;"SPRF-GO";"DEL01-GO";"UOP03-DEL01-GO"
512869;2023-03-26;"domingo";"02:20:00";"MT";163;837;"SINOP";"Reação tardia ou ineficiente do condutor";"Colisão com objeto";"Sem Vítimas";"Plena Noite";"Crescente";"Céu Claro";"Dupla";"Reta";"Sim";1;0;0;0;1;0;0;1;-11,85038316;-55,49245834;"SPRF-MT";"DEL06-MT";"UOP02-DEL06-MT"
512871;2023-03-25;"sábado";"22:30:00";"MG";381;850;"POUSO ALEGRE";"Frear bruscamente";"Queda de ocupante de veículo";"Com Vítimas Feridas";"Plena Noite";"Decrescente";"Nublado";"Dupla";"Rotatória";"Sim";1;0;0;1;0;0;1;1;-22,2786871;-45,89472262;"SPRF-MG";"DEL16-MG";"UOP01-DEL16-MG"
512872;2023-03-26;"domingo";"04:15:00";"RS";290;38,4;"SANTO ANTONIO DA PATRULHA";"Reação tardia ou ineficiente do condutor";"Colisão traseira";"Com Vítimas Feridas";"Plena Noite";"Decrescente";"Garoa/Chuvisco";"Dupla";"Reta";"Não";4;0;3;0;1;0;3;2;-29,886322;-50,637886;"SPRF-RS";"DEL03-RS";"UOP01-DEL03-RS"
512873;2023-03-26;"domingo";"05:07:00";"PE";101;119,5;"IPOJUCA";"Ausência de reação do condutor";"Colisão com objeto";"Com Vítimas Feridas";"Amanhecer";"Crescente";"Chuva";"Dupla";"Reta";"Não";2;0;2;0;0;0;2;1;-8,353041;-35,174555;"SPRF-PE";"DEL01-PE";"UOP03-DEL01-PE"
512874;2023-03-26;"domingo";"03:40:00";"RN";110;49;"MOSSORO";"Ausência de reação do condutor";"Colisão lateral sentido oposto";"Com Vítimas Feridas";"Plena Noite";"Decrescente";"Céu Claro";"Simples";"Reta";"Sim";2;0;0;2;0;0;2;2;-5,21645975;-37,32927128;"SPRF-RN";"DEL04-RN";"UOP01-DEL04-RN"
512876;2023-03-26;"domingo";"04:30:00";"DF";80;13;"BRASILIA";"Reação tardia ou ineficiente do condutor";"Saída de leito carroçável";"Sem Vítimas";"Amanhecer";"Crescente";"Céu Claro";"Simples";"Aclive;Reta";"Não";2;0;0;0;2;0;0;1;-15,728034;-48,193768;"SPRF-DF";"DEL03-DF";"UOP02-DEL03-DF"
512877;2023-03-26;"domingo";"05:50:00";"PR";116;102;"SAO JOSE DOS PINHAIS";"Acessar a via sem observar a presença dos outros veículos";"Colisão com objeto";"Com Vítimas Feridas";"Plena Noite";"Decrescente";"Garoa/Chuvisco";"Dupla";"Interseção de Vias;Reta";"Não";1;0;0;1;0;0;1;1;-25,550639;-49,15025;"SPRF-PR";"DEL01-PR";"UOP07-DEL01-PR"
512878;2023-03-26;"domingo";"05:00:00";"BA";324;516;"FEIRA DE SANTANA";"Ingestão de álcool pelo condutor";"Colisão com objeto";"Sem Vítimas";"Plena Noite";"Crescente";"Céu Claro";"Simples";"Curva";"Sim";1;0;0;0;0;1;0;1;-12,24548846;-38,93528938;"SPRF-BA";"DEL02-BA";"UOP01-DEL02-BA"
512879;2023-03-26;"domingo";"04:40:00";"PB";230;34;"BAYEUX";"Condutor Dormindo";"Colisão com objeto";"Com Vítimas Feridas";"Amanhecer";"Crescente";"Chuva";"Dupla";"Aclive;Reta";"Sim";2;0;1;1;0;0;2;1;-7,131;-34,9332;"SPRF-PB";"DEL01-PB";"UOP01-DEL01-PB"
512881;2023-03-26;"domingo";"04:50:00";"RJ";101;404;"ITAGUAI";"Reação tardia ou ineficiente do condutor";"Colisão com objeto";"Sem Vítimas";"Amanhecer";"Decrescente";"Céu Claro";"Dupla";"Reta";"Sim";1;0;0;0;1;0;0;1;-22,86342703;-43,79642098;"SPRF-RJ";"DEL03-RJ";"UOP01-DEL03-RJ"
512882;2023-03-26;"domingo";"06:10:00";"BA";324;513,9;"FEIRA DE SANTANA";"Acessar a via sem observar a presença dos outros veículos";"Colisão lateral sentido oposto";"Com Vítimas Feridas";"Pleno dia";"Decrescente";"Céu Claro";"Simples";"Reta";"Sim";2;0;2;0;0;0;2;2;-12,23219349;-38,9526701;"SPRF-BA";"DEL02-BA";"UOP01-DEL02-BA"