"id";"data_inversa";"dia_semana";"horario";"uf";"br";"km";"municipio";"causa_acidente";"tipo_acidente";"classificacao_acidente";"fase_dia";"sentido_via";"condicao_metereologica";"tipo_pista";"tracado_via";"uso_solo";"pessoas";"mortos";"feridos_leves";"feridos_graves";"ilesos";"ignorados";"feridos";"veiculos";"latitude";"longitude";"regional";"delegacia";"uop"
513204;2023-03-27;"segunda-feira";"13:40:00";"PE";232;29;"MORENO";"Reação tardia ou ineficiente do condutor";"Saída de leito carroçável";"Com Vítimas Feridas";"Pleno dia";"Decrescente";"Céu Claro";"Dupla";"Declive;Curva";"Não";1;0;1;0;0;0;1;1;-8,111269;-35,143135;"SPRF-PE";"DEL01-PE";"UOP01-DEL01-PE"
513205;2023-03-27;"segunda-feira";"14:45:00";"RS";290;107;"ELDORADO DO SUL";"Acessar a via sem observar a presença dos outros veículos";"Colisão transversal";"Com Vítimas Feridas";"Pleno dia";"Crescente";"Céu Claro";"Simples";"Rotatória";"Sim";2;0;1;0;1;0;1;2;-30,001852;-51,304264;"SPRF-RS";"DEL02-RS";"UOP01-DEL02-RS"
513207;2023-03-27;"segunda-feira";"14:50:00";"RJ";101;540;"PARATY";"Reação tardia ou ineficiente do condutor";"Tombamento";"Com Vítimas Feridas";"Pleno dia";"Decrescente";"Chuva";"Simples";"Curva";"Não";2;0;2;0;0;0;2;1;-23,0546660038;-44,5903799684;"SPRF-RJ";"DEL03-RJ";"UOP04-DEL03-RJ"
513208;2023-03-27;"segunda-feira";"15:35:00";"SC";101;212;"PALHOCA";"Ausência de reação do condutor";"Colisão traseira";"Com Vítimas Feridas";"Pleno dia";"Decrescente";"Céu Claro";"Dupla";"Reta";"Sim";2;0;0;1;1;0;1;2;-27,62996929;-48,65903871;"SPRF-SC";"DEL01-SC";"UOP02-DEL01-SC"
513213;2023-03-27;"segunda-feira";"10:00:00";"GO";60;196;"GUAPO";"Acessar a via sem observar a presença dos outros veículos";"Incêndio";"Sem Vítimas";"Pleno dia";"Decrescente";"Céu Claro";"Dupla";"Reta";"Não";1;0;0;0;0;1;0;1;-16,853;-49,5858;"SPRF-GO";"DEL01-GO";"UOP02-DEL01-GO"
513217;2023-03-27;"segunda-feira";"07:30:00";"RN";101;118;"SAO JOSE DE MIPIBU";"Condutor deixou de manter distância do veículo da frente";"Colisão traseira";"Com Vítimas Feridas";"Pleno dia";"Crescente";"Céu Claro";"Dupla";"Reta";"Não";2;0;1;0;0;1;1;2;-6,016059;-35,253475;"SPRF-RN";"DEL01-RN";"UOP01-DEL01-RN"
513218;2023-03-27;"segunda-feira";"16:30:00";"MG";40;513;"RIBEIRAO DAS NEVES";"Manobra de mudança de faixa";"Colisão lateral mesmo sentido";"Com Vítimas Feridas";"Pleno dia";"Decrescente";"Céu Claro";"Dupla";"Reta";"Não";2;0;1;0;1;0;1;2;-19,7970544;-44,1080512;"SPRF-MG";"DEL01-MG";"UOP02-DEL01-MG"
513219;2023-03-27;"segunda-feira";"13:30:00";"RJ";101;419;"MANGARATIBA";"Pista Escorregadia";"Colisão transversal";"Com Vítimas Feridas";"Pleno dia";"Crescente";"Chuva";"Simples";"Curva";"Não";6;0;3;0;3;0;3;3;-22,91808988;-43,91359106;"SPRF-RJ";"DEL03-RJ";"UOP02-DEL03-RJ"
513220;2023-03-27;"segunda-feira";"16:37:00";"MG";365;672;"MONTE ALEGRE DE MINAS";"Velocidade Incompatível";"Saída de leito carroçável";"Com Vítimas Feridas";"Pleno dia";"Crescente";"Céu Claro";"Dupla";"Reta";"Não";3;0;1;2;0;0;3;1;-18,87383013;-48,75091309;"SPRF-MG";"DEL15-MG";"UOP01-DEL15-MG"
513221;2023-03-27;"segunda-feira";"15:20:00";"RJ";40;105;"DUQUE DE CAXIAS";"Ausência de reação do condutor";"Queda de ocupante de veículo";"Com Vítimas Feridas";"Pleno dia";"Decrescente";"Chuva";"Simples";"Reta";"Sim";2;0;1;0;0;1;1;2;-22,63784806;-43,28428824;"SPRF-RJ";"DEL01-RJ";"UOP01-DEL01-RJ"
513223;2023-03-25;"sábado";"14:00:00";"RS";287;298;"SAO PEDRO DO SUL";"Chuva";"Saída de leito carroçável";"Com Vítimas Fatais";"Pleno dia";"Crescente";"Chuva";"Simples";"Reta";"Não";1;1;0;0;0;0;0;1;-29,64390506;-54,35385499;"SPRF-RS";"DEL09-RS";"UOP01-DEL09-RS"
513224;2023-02-07;"terça-feira";"14:50:00";"PR";376;599;"CURITIBA";"Avarias e/ou desgaste excessivo no pneu";"Tombamento";"Com Vítimas Feridas";"Pleno dia";"Crescente";"Céu Claro";"Dupla";"Reta";"Sim";2;0;2;0;0;0;2;1;-25,52629711;-49,32958412;"SPRF-PR";"DEL01-PR";"UOP06-DEL01-PR"
513225;2023-03-27;"segunda-feira";"16:50:00";"ES";101;293;"CARIACICA";"Ausência de sinalização";"Tombamento";"Com Vítimas Feridas";"Pleno dia";"Decrescente";"Céu Claro";"Dupla";"Desvio Temporário;Reta;Em Obras";"Sim";2;0;2;0;0;0;2;1;-20,31526144;-40,39567044;"SPRF-ES";"DEL01-ES";"UOP01-DEL01-ES"
513226;2023-03-27;"segunda-feira";"17:30:00";"CE";116;163;"RUSSAS";"Desrespeitar a preferência no cruzamento";"Colisão lateral mesmo sentido";"Com Vítimas Feridas";"Anoitecer";"Crescente";"Céu Claro";"Simples";"Reta";"Sim";3;0;2;0;1;0;2;2;-4,938666;-37,989956;"SPRF-CE";"DEL03-CE";"UOP01-DEL03-CE"
513227;2023-03-27;"segunda-feira";"15:00:00";"RJ";101;442;"MANGARATIBA";"Pista Escorregadia";"Saída de leito carroçável";"Com Vítimas Feridas";"Pleno dia";"Decrescente";"Chuva";"Simples";"Curva";"Não";2;0;1;0;1;0;1;1;-22,973969;-44,087093;"SPRF-RJ";"DEL03-RJ";"UOP02-DEL03-RJ"
513228;2023-03-27;"segunda-feira";"17:30:00";"RS";448;21;"CANOAS";"Manobra de mudança de faixa";"Colisão lateral mesmo sentido";"Com Vítimas Feridas";"Anoitecer";"Crescente";"Céu Claro";"Dupla";"Curva";"Não";2;0;1;0;1;0;1;2;-29,96574;-51,202034;"SPRF-RS";"DEL01-RS";"UOP01-DEL01-RS"
513229;2023-02-13;"segunda-feira";"07:30:00";"TO";153;672;"GURUPI";"Acessar a via sem observar a presença dos outros veículos";"Colisão traseira";"Com Vítimas Feridas";"Pleno dia";"Decrescente";"Céu Claro";"Dupla";"Interseção de Vias;Retorno Regulamentado;Reta";"Não";3;0;1;0;2;0;1;2;-11,72948104;-49,07908783;"SPRF-TO";"DEL01-TO";"UOP02-DEL01-TO"
513231;2023-03-27;"segunda-feira";"17:10:00";"SC";470;249;"CURITIBANOS";"Estacionar ou parar em local proibido";"Colisão traseira";"Sem Vítimas";"Pleno dia";"Decrescente";"Céu Claro";"Simples";"Aclive;Reta";"Sim";5;0;0;0;5;0;0;2;-27,312902;-50,559643;"SPRF-SC";"DEL05-SC";"UOP03-DEL05-SC"
513232;2023-03-27;"segunda-feira";"16:00:00";"PR";163;282;"MARECHAL CANDIDO RONDON";"Reação tardia ou ineficiente do condutor";"Saída de leito carroçável";"Com Vítimas Feridas";"Pleno dia";"Decrescente";"Céu Claro";"Dupla";"Rotatória";"Sim";4;0;2;1;0;1;3;2;-24,57864514;-53,99236214;"SPRF-PR";"DEL06-PR";"UOP02-DEL06-PR"
513233;2023-03-27;"segunda-feira";"18:20:00";"RJ";101;72,9;"CAMPOS DOS GOYTACAZES";"Entrada inopinada do pedestre";"Atropelamento de Pedestre";"Com Vítimas Feridas";"Plena Noite";"Crescente";"Céu Claro";"Simples";"Reta";"Não";4;0;2;1;0;1;3;2;-21,79172802;-41,38837798;"SPRF-RJ";"DEL08-RJ";"UOP02-DEL08-RJ"
513235;2023-03-27;"segunda-feira";"12:20:00";"RO";435;84;"COLORADO DO OESTE";"Ingestão de álcool pelo condutor";"Colisão transversal";"Com Vítimas Feridas";"Pleno dia";"Crescente";"Céu Claro";"Dupla";"Interseção de Vias;Reta";"Sim";2;0;1;0;1;0;1;2;-13,12058401;-60,54197615;"SPRF-RO";"DEL04-RO";"UOP02-DEL04-RO"
513236;2023-03-27;"segunda-feira";"18:10:00";"RS";386;345;"LAJEADO";"Reação tardia ou ineficiente do condutor";"Tombamento";"Com Vítimas Feridas";"Anoitecer";"Decrescente";"Ignorado";"Dupla";"Interseção de Vias";"Sim";2;0;1;0;1;0;1;1;-29,443069;-51,984135;"SPRF-RS";"DEL04-RS";"UOP01-DEL04-RS"
513237;2023-03-27;"segunda-feira";"15:50:00";"AC";317;86;"SENADOR GUIOMARD";"Ausência de reação do condutor";"Colisão traseira";"Com Vítimas Feridas";"Pleno dia";"Decrescente";"Nublado";"Simples";"Curva";"Não";4;0;2;0;2;0;2;2;-10,12374088;-67,69173744;"SPRF-AC";"DEL01-AC";"UOP01-DEL01-AC"
513238;2023-03-27;"segunda-feira";"18:25:00";"TO";153;142;"ARAGUAINA";"Ausência de reação do condutor";"Colisão traseira";"Sem Vítimas";"Plena Noite";"Decrescente";"Céu Claro";"Múltipla";"Reta";"Sim";2;0;0;0;2;0;0;2;-7,18228805;-48,22580095;"SPRF-TO";"DEL02-TO";"UOP01-DEL02-TO"
513239;2023-03-27;"segunda-feira";"17:40:00";"PE";232;79,6;"GRAVATA";"Ultrapassagem Indevida";"Colisão frontal";"Com Vítimas Feridas";"Anoitecer";"Decrescente";"Céu Claro";"Simples";"Reta";"Sim";2;0;1;1;0;0;2;2;-8,19460572;-35,56074803;"SPRF-PE";"DEL02-PE";"UOP02-DEL02PE"
513240;2023-03-27;"segunda-feira";"18:27:00";"SP";116;148;"SAO JOSE DOS CAMPOS";"Manobra de mudança de faixa";"Colisão lateral mesmo sentido";"Com Vítimas Feridas";"Anoitecer";"Decrescente";"Céu Claro";"Dupla";"Reta";"Não";2;0;1;0;1;0;1;2;-23,20067421;-45,8795018;"SPRF-SP";"DEL02-SP";"UOP01-DEL02-SP"
513241;2023-03-27;"segunda-feira";"18:45:00";"MG";459;23,6;"CALDAS";"Animais na Pista";"Atropelamento de Animal";"Com Vítimas Feridas";"Plena Noite";"Crescente";"Nublado";"Simples";"Curva";"Não";1;0;1;0;0;0;1;1;-21,887429;-46,387365;"SPRF-MG";"DEL09-MG";"UOP01-DEL09-MG"
513242;2023-03-27;"segunda-feira";"18:55:00";"MG";40;621;"CONSELHEIRO LAFAIETE";"Área urbana sem a presença de local apropriado para a travessia de pedestres";"Atropelamento de Pedestre";"Com Vítimas Feridas";"Plena Noite";"Crescente";"Céu Claro";"Simples";"Reta";"Sim";2;0;0;1;1;0;1;2;-20,58556107;-43,80743334;"SPRF-MG";"DEL05-MG";"UOP02-DEL05-MG"
513243;2023-03-27;"segunda-feira";"17:20:00";"MT";70;281,5;"PRIMAVERA DO LESTE";"Ultrapassagem Indevida";"Colisão lateral mesmo sentido";"Sem Vítimas";"Anoitecer";"Crescente";"Céu Claro";"Simples";"Reta";"Sim";4;0;0;0;1;3;0;3;-15,5670288912;-54,3051270565;"SPRF-MT";"DEL05-MT";"UOP01-DEL05-MT"
513244;2023-03-27;"segunda-feira";"18:22:00";"PI";343;2,6;"TERESINA";"Condutor deixou de manter distância do veículo da frente";"Tombamento";"Com Vítimas Feridas";"Plena Noite";"Decrescente";"Céu Claro";"Múltipla";"Reta";"Sim";2;0;1;0;0;1;1;2;-5,0813012;-42,77373618;"SPRF-PI";"DEL01-PI";"UOP01-DEL01-PI"
513246;2023-03-27;"segunda-feira";"18:45:00";"GO";60;92;"ANAPOLIS";"Manobra de mudança de faixa";"Colisão transversal";"Com Vítimas Feridas";"Anoitecer";"Crescente";"Céu Claro";"Dupla";"Reta";"Sim";2;0;0;1;1;0;1;2;-16,353;-48,9178;"SPRF-GO";"DEL02-GO";"UOP01-DEL02-GO"
513247;2023-03-27;"segunda-feira";"19:20:00";"DF";40;3,2;"BRASILIA";"Manobra de mudança de faixa";"Colisão lateral mesmo sentido";"Com Vítimas Feridas";"Plena Noite";"Crescente";"Céu Claro";"Dupla";"Reta;Declive";"Sim";2;0;1;0;1;0;1;2;-16,003145;-47,983944;"SPRF-DF";"DEL01-DF";"UOP01-DEL01-DF"
513250;2023-03-27;"segunda-feira";"19:20:00";"PE";101;68;"RECIFE";"Condutor deixou de manter distância do veículo da frente";"Colisão traseira";"Com Vítimas Feridas";"Plena Noite";"Decrescente";"Céu Claro";"Dupla";"Reta";"Sim";5;0;2;0;3;0;2;3;-8,05074296;-34,94580619;"SPRF-PE";"DEL01-PE";"UOP01-DEL01-PE"
513251;2023-02-09;"quinta-feira";"06:45:00";"MG";116;527;"CARATINGA";"Animais na Pista";"Tombamento";"Com Vítimas Feridas";"Pleno dia";"Decrescente";"Céu Claro";"Simples";"Reta";"Sim";2;0;1;0;0;1;1;2;-19,78510701;-42,13445297;"SPRF-MG";"DEL06-MG";"UOP02-DEL06-MG"
513253;2023-03-27;"segunda-feira";"18:28:00";"PE";232;195,8;"SANHARO";"Manobra de mudança de faixa";"Colisão frontal";"Com Vítimas Fatais";"Plena Noite";"Decrescente";"Céu Claro";"Simples";"Reta";"Não";5;1;4;0;0;0;4;2;-8,36547121;-36,5628009;"SPRF-PE";"DEL03-PE";"UOP02-DEL03-PE"
513254;2023-03-19;"domingo";"21:00:00";"PR";476;104;"COLOMBO";"Reação tardia ou ineficiente do condutor";"Colisão com objeto";"Sem Vítimas";"Plena Noite";"Decrescente";"Céu Claro";"Simples";"Declive;Curva";"Não";1;0;0;0;1;0;0;1;-25,271278;-49,140888;"SPRF-PR";"DEL01-PR";"UOP01-DEL01-PR"
513257;2023-03-27;"segunda-feira";"14:00:00";"MT";364;0;"ALTO ARAGUAIA";"Ausência de reação do condutor";"Colisão frontal";"Com Vítimas Feridas";"Pleno dia";"Decrescente";"Sol";"Dupla";"Reta";"Sim";3;0;2;0;0;1;2;2;-17,314378;-53,215908;"SPRF-MT";"DEL02-MT";"UOP02-DEL02-MT"
513259;2023-03-27;"segunda-feira";"19:04:00";"RO";364;237;"CACOAL";"Acessar a via sem observar a presença dos outros veículos";"Colisão transversal";"Com Vítimas Feridas";"Plena Noite";"Decrescente";"Nublado";"Simples";"Reta;Aclive;Retorno Regulamentado";"Sim";2;0;1;0;1;0;1;2;-11,44341056;-61,44672787;"SPRF-RO";"DEL02-RO";"UOP02-DEL02-RO"
513261;2023-02-16;"quinta-feira";"07:30:00";"SP";116;145,8;"SAO JOSE DOS CAMPOS";"Reação tardia ou ineficiente do condutor";"Colisão traseira";"Com Vítimas Feridas";"Pleno dia";"Crescente";"Ignorado";"Dupla";"Reta";"Sim";2;0;1;0;0;1;1;2;-23,1869844;-45,8548078;"SPRF-SP";"DEL02-SP";"UOP01-DEL02-SP"
513263;2023-03-27;"segunda-feira";"19:10:00";"MG";262;820,1;"UBERABA";"Ausência de reação do condutor";"Tombamento";"Com Vítimas Feridas";"Plena Noite";"Decrescente";"Nublado";"Dupla";"Reta";"Não";1;0;0;1;0;0;1;1;-19,7626417;-48,13569294;"SPRF-MG";"DEL13-MG";"UOP01-DEL13-MG"
513264;2023-03-27;"segunda-feira";"19:20:00";"SC";470;115,5;"IBIRAMA";"Acostamento em desnível";"Tombamento";"Com Vítimas Feridas";"Plena Noite";"Crescente";"Céu Claro";"Simples";"Reta";"Não";1;0;0;1;0;0;1;1;-27,07785091;-49,49266791;"SPRF-SC";"DEL04-SC";"UOP02-DEL04-SC"
513269;2023-03-27;"segunda-feira";"20:30:00";"RJ";40;55,8;"PETROPOLIS";"Chuva";"Queda de ocupante de veículo";"Com Vítimas Feridas";"Plena Noite";"Crescente";"Garoa/Chuvisco";"Dupla";"Reta";"Não";1;0;1;0;0;0;1;1;-22,35382783;-43,12184226;"SPRF-RJ";"DEL05-RJ";"UOP02-DEL05-RJ"
513270;2023-03-27;"segunda-feira";"22:00:00";"RJ";40;107;"DUQUE DE CAXIAS";"Transitar na contramão";"Colisão frontal";"Com Vítimas Feridas";"Plena Noite";"Crescente";"Nublado";"Múltipla";"Reta";"Sim";2;0;2;0;0;0;2;2;-22,65581497;-43,28378546;"SPRF-RJ";"DEL01-RJ";"UOP01-DEL01-RJ"
513271;2023-03-27;"segunda-feira";"22:00:00";"PE";423;97,9;"GARANHUNS";"Animais na Pista";"Atropelamento de Animal";"Com Vítimas Feridas";"Plena Noite";"Decrescente";"Céu Claro";"Simples";"Curva;Declive";"Sim";1;0;1;0;0;0;1;1;-8,87616;-36,503062;"SPRF-PE";"DEL03-PE";"UOP01-DEL03-PE"
513273;2023-03-27;"segunda-feira";"19:40:00";"MG";40;524,3;"CONTAGEM";"Animais na Pista";"Atropelamento de Animal";"Com Vítimas Feridas";"Plena Noite";"Crescente";"Nublado";"Dupla";"Reta";"Sim";3;0;1;0;2;0;1;2;-19,8754469;-44,05345586;"SPRF-MG";"DEL01-MG";"UOP02-DEL01-MG"
513277;2023-03-27;"segunda-feira";"19:44:00";"RO";364;580;"ITAPUA DO OESTE";"Mal súbito do condutor";"Tombamento";"Com Vítimas Feridas";"Plena Noite";"Crescente";"Garoa/Chuvisco";"Simples";"Reta";"Não";1;0;0;1;0;0;1;1;-9,39761402;-63,12653109;"SPRF-RO";"DEL01-RO";"UOP04-DEL01-RO"
513278;2023-03-27;"segunda-feira";"21:15:00";"SC";116;36,5;"ITAIOPOLIS";"Reação tardia ou ineficiente do condutor";"Saída de leito carroçável";"Sem Vítimas";"Plena Noite";"Decrescente";"Céu Claro";"Simples";"Reta";"Não";1;0;0;0;0;1;0;1;-26,33961452;-50,01914263;"SPRF-SC";"DEL06-SC";"UOP01-DEL06-SC"
513280;2023-03-27;"segunda-feira";"22:50:00";"MG";381;331;"NOVA ERA";"Ausência de reação do condutor";"Colisão com objeto";"Com Vítimas Feridas";"Plena Noite";"Crescente";"Céu Claro";"Dupla";"Declive;Curva";"Não";2;0;1;0;1;0;1;1;-19,79418323;-43,05545733;"SPRF-MG";"DEL03-MG";"UOP01-DEL03-MG"
513281;2023-03-27;"segunda-feira";"22:05:00";"MG";116;417,7;"GOVERNADOR VALADARES";"Mal súbito do condutor";"Colisão com objeto";"Com Vítimas Feridas";"Plena Noite";"Crescente";"Céu Claro";"Simples";"Reta";"Sim";1;0;1;0;0;0;1;1;-18,911911;-41,941517;"SPRF-MG";"DEL06-MG";"UOP01-DEL06-MG"
513282;2023-03-27;"segunda-feira";"23:50:00";"SP";116;214;"GUARULHOS";"Demais falhas mecânicas ou elétricas";"Incêndio";"Sem Vítimas";"Plena Noite";"Decrescente";"Nublado";"Múltipla";"Reta";"Sim";1;0;0;0;1;0;0;1;-23,4433301365;-46,4453129406;"SPRF-SP";"DEL01-SP";"UOP01-DEL01-SP"
513284;2023-03-27;"segunda-feira";"21:30:00";"SC";470;71;"INDAIAL";"Ultrapassagem Indevida";"Colisão frontal";"Com Vítimas Feridas";"Plena Noite";"Crescente";"Nublado";"Simples";"Reta;Declive";"Sim";3;0;2;0;1;0;2;2;-26,895243;-49,262104;"SPRF-SC";"DEL04-SC";"UOP01-DEL04-SC"
513285;2023-03-27;"segunda-feira";"20:40:00";"MS";376;40;"VICENTINA";"Animais na Pista";"Colisão lateral mesmo sentido";"Sem Vítimas";"Plena Noite";"Crescente";"Céu Claro";"Simples";"Reta";"Não";1;0;0;0;1;0;0;1;-22,41636922;-54,41693508;"SPRF-MS";"DEL04-MS";"UOP01-DEL04-MS"
513286;2023-03-27;"segunda-feira";"20:40:00";"PB";361;107;"ITAPORANGA";"Ausência de reação do condutor";"Colisão traseira";"Com Vítimas Feridas";"Plena Noite";"Decrescente";"Nublado";"Simples";"Declive;Reta";"Não";2;0;1;0;1;0;1;2;-7,29055193;-38,09342202;"SPRF-PB";"DEL03-PB";"UOP01-DEL03-PB"
513288;2023-03-27;"segunda-feira";"23:40:00";"MS";267;234,6;"NOVA ALVORADA DO SUL";"Condutor Dormindo";"Saída de leito carroçável";"Com Vítimas Fatais";"Plena Noite";"Crescente";"Céu Claro";"Simples";"Reta";"Não";4;1;0;2;1;0;2;1;-21,53116047;-54,21674062;"SPRF-MS";"DEL02-MS";"UOP01-DEL02-MS"
513290;2023-03-28;"terça-feira";"00:15:00";"PA";230;127;"MARABA";"Ausência de reação do condutor";"Atropelamento de Animal";"Com Vítimas Fatais";"Plena Noite";"Crescente";"Chuva";"Simples";"Declive;Reta";"Não";1;1;0;0;0;0;0;1;-5,37452497;-49,159719;"SPRF-PA";"DEL03-PA";"UOP01-DEL03-PA"
513291;2023-03-28;"terça-feira";"02:20:00";"PE";101;50,2;"ABREU E LIMA";"Pedestre andava na pista";"Atropelamento de Pedestre";"Sem Vítimas";"Plena Noite";"Decrescente";"Céu Claro";"Múltipla";"Reta;Declive";"Sim";2;0;0;0;1;1;0;2;-7,90938602;-34,90123228;"SPRF-PE";"DEL01-PE";"UOP02-DEL01-PE"
513294;2023-03-28;"terça-feira";"04:30:00";"SC";280;58,7;"GUARAMIRIM";"Ausência de reação do condutor";"Atropelamento de Pedestre";"Com Vítimas Feridas";"Amanhecer";"Decrescente";"Céu Claro";"Simples";"Reta";"Sim";2;0;1;0;1;0;1;2;-26,47415593;-49,021211;"SPRF-SC";"DEL03-SC";"UOP03-DEL03-SC"
513298;2023-03-28;"terça-feira";"05:50:00";"SP";116;224;"GUARULHOS";"Ausência de reação do condutor";"Colisão traseira";"Com Vítimas Feridas";"Pleno dia";"Crescente";"Nublado";"Múltipla";"Reta";"Sim";2;0;1;0;1;0;1;2;-23,48071896;-46,53271603;"SPRF-SP";"DEL01-SP";"UOP01-DEL01-SP"
513299;2023-03-28;"terça-feira";"04:40:00";"RO";364;611;"ITAPUA DO OESTE";"Demais falhas mecânicas ou elétricas";"Incêndio";"Sem Vítimas";"Plena Noite";"Crescente";"Céu Claro";"Simples";"Reta";"Não";5;0;0;0;5;0;0;1;-9,14732013;-63,23310013;"SPRF-RO";"DEL01-RO";"UOP04-DEL01-RO"
513301;2023-03-28;"terça-feira";"06:30:00";"RS";116;306;"GUAIBA";"Acessar a via sem observar a presença dos outros veículos";"Colisão transversal";"Com Vítimas Feridas";"Pleno dia";"Crescente";"Céu Claro";"Simples";"Reta;Interseção de Vias";"Sim";2;0;1;0;1;0;1;2;-30,16925677;-51,3836101;"SPRF-RS";"DEL02-RS";"UOP01-DEL02-RS"
513302;2023-03-28;"terça-feira";"06:35:00";"MG";381;493;"BETIM";"Ausência de reação do condutor";"Tombamento";"Com Vítimas Feridas";"Amanhecer";"Crescente";"Nublado";"Dupla";"Reta";"Sim";1;0;1;0;0;0;1;1;-19,96395;-44,170381;"SPRF-MG";"DEL01-MG";"UOP03-DEL01-MG"
513303;2023-03-27;"segunda-feira";"11:55:00";"PR";376;671;"GUARATUBA";"Demais falhas mecânicas ou elétricas";"Incêndio";"Sem Vítimas";"Pleno dia";"Decrescente";"Céu Claro";"Dupla";"Reta";"Não";1;0;0;0;1;0;0;1;-25,88958711;-48,93352389;"SPRF-PR";"DEL01-PR";"UOP04-DEL01-PR"
513306;2023-03-28;"terça-feira";"06:50:00";"MG";40;544,6;"BELO HORIZONTE";"Ausência de reação do condutor";"Colisão traseira";"Com Vítimas Feridas";"Pleno dia";"Crescente";"Céu Claro";"Dupla";"Reta";"Sim";2;0;1;0;1;0;1;2;-19,99848032;-43,96256558;"SPRF-MG";"DEL01-MG";"UOP02-DEL01-MG"
513307;2023-03-24;"sexta-feira";"19:10:00";"MS";267;40,5;"BATAGUASSU";"Reação tardia ou ineficiente do condutor";"Atropelamento de Animal";"Sem Vítimas";"Plena Noite";"Crescente";"Ignorado";"Simples";"Reta";"Não";2;0;0;0;2;0;0;1;-21,772901;-52,501961;"SPRF-MS";"DEL02-MS";"UOP04-DEL02-MS"
513308;2023-03-28;"terça-feira";"05:30:00";"SC";282;377;"ERVAL VELHO";"Pista Escorregadia";"Queda de ocupante de veículo";"Com Vítimas Feridas";"Amanhecer";"Crescente";"Céu Claro";"Simples";"Curva";"Não";1;0;1;0;0;0;1;1;-27,216974;-51,470055;"SPRF-SC";"DEL07-SC";"UOP05-DEL07-SC"
513309;2023-03-28;"terça-feira";"07:12:00";"RS";116;301,9;"GUAIBA";"Acessar a via sem observar a presença dos outros veículos";"Colisão transversal";"Com Vítimas Feridas";"Pleno dia";"Crescente";"Sol";"Dupla";"Reta;Em Obras";"Sim";2;0;1;0;1;0;1;2;-30,13596679;-51,3568694;"SPRF-RS";"DEL02-RS";"UOP01-DEL02-RS"
513310;2023-03-28;"terça-feira";"07:00:00";"RJ";40;56;"PETROPOLIS";"Manobra de mudança de faixa";"Colisão lateral mesmo sentido";"Com Vítimas Feridas";"Pleno dia";"Crescente";"Céu Claro";"Dupla";"Curva";"Sim";2;0;1;0;1;0;1;2;-22,36179383;-43,12627244;"SPRF-RJ";"DEL05-RJ";"UOP02-DEL05-RJ"
513311;2023-03-28;"terça-feira";"06:10:00";"PE";232;9;"JABOATAO DOS GUARARAPES";"Reação tardia ou ineficiente do condutor";"Engavetamento";"Com Vítimas Feridas";"Pleno dia";"Decrescente";"Céu Claro";"Dupla";"Em Obras;Reta";"Não";4;0;1;0;3;0;1;3;-8,07764447;-34,97863609;"SPRF-PE";"DEL01-PE";"UOP01-DEL01-PE"
513312;2023-03-28;"terça-feira";"06:20:00";"RJ";40;30;"TRES RIOS";"Velocidade Incompatível";"Colisão com objeto";"Com Vítimas Feridas";"Amanhecer";"Decrescente";"Céu Claro";"Simples";"Reta";"Não";1;0;1;0;0;0;1;1;-22,18633705;-43,16660309;"SPRF-RJ";"DEL05-RJ";"UOP02-DEL05-RJ"
513313;2023-03-25;"sábado";"00:03:00";"MT";70;7;"BARRA DO GARCAS";"Acessar a via sem observar a presença dos outros veículos";"Colisão frontal";"Com Vítimas Feridas";"Plena Noite";"Crescente";"Céu Claro";"Simples";"Reta";"Sim";2;0;1;0;0;1;1;2;-15,878143;-52,316788;"SPRF-MT";"DEL07-MT";"UOP01-DEL07-MT"
513314;2023-03-28;"terça-feira";"06:30:00";"SC";282;376,7;"HERVAL DOESTE";"Acumulo de óleo sobre o pavimento";"Tombamento";"Com Vítimas Feridas";"Pleno dia";"Crescente";"Céu Claro";"Simples";"Declive;Reta";"Não";2;0;1;0;1;0;1;2;-27,220205;-51,461185;"SPRF-SC";"DEL07-SC";"UOP05-DEL07-SC"
513316;2023-03-28;"terça-feira";"06:30:00";"PE";428;189,5;"PETROLINA";"Condutor deixou de manter distância do veículo da frente";"Colisão traseira";"Com Vítimas Feridas";"Pleno dia";"Decrescente";"Céu Claro";"Dupla";"Reta";"Sim";3;0;1;1;1;0;2;2;-9,37197508;-40,48679585;"SPRF-PE";"DEL06-PE";"UOP01-DEL06-PE"
513317;2023-03-28;"terça-feira";"07:35:00";"RS";116;248;"SAO LEOPOLDO";"Trafegar com motocicleta (ou similar) entre as faixas";"Colisão lateral mesmo sentido";"Com Vítimas Feridas";"Pleno dia";"Decrescente";"Céu Claro";"Dupla";"Reta;Viaduto";"Sim";6;0;1;0;5;0;1;3;-29,77605895;-51,15508618;"SPRF-RS";"DEL01-RS";"UOP02-DEL01-RS"
513319;2023-02-06;"segunda-feira";"14:03:00";"PA";316;57;"CASTANHAL";"Manobra de mudança de faixa";"Colisão traseira";"Com Vítimas Feridas";"Pleno dia";"Decrescente";"Chuva";"Dupla";"Retorno Regulamentado;Reta";"Sim";4;0;2;0;0;2;2;3;-1,30088766;-47,98196704;"SPRF-PA";"DEL01-PA";"UOP01-DEL01-PA"
513320;2023-03-28;"terça-feira";"07:40:00";"RJ";101;390;"RIO DE JANEIRO";"Ausência de reação do condutor";"Queda de ocupante de veículo";"Com Vítimas Feridas";"Pleno dia";"Decrescente";"Céu Claro";"Simples";"Curva;Declive";"Sim";1;0;1;0;0;0;1;1;-22,89346927;-43,67542992;"SPRF-RJ";"DEL03-RJ";"UOP01-DEL03-RJ"