"id";"data_inversa";"dia_semana";"horario";"uf";"br";"km";"municipio";"causa_acidente";"tipo_acidente";"classificacao_acidente";"fase_dia";"sentido_via";"condicao_metereologica";"tipo_pista";"tracado_via";"uso_solo";"pessoas";"mortos";"feridos_leves";"feridos_graves";"ilesos";"ignorados";"feridos";"veiculos";"latitude";"longitude";"regional";"delegacia";"uop"
513323;2023-03-28;"terça-feira";"06:50:00";"BA";324;593;"CANDEIAS";"Acessar a via sem observar a presença dos outros veículos";"Queda de ocupante de veículo";"Com Vítimas Feridas";"Pleno dia";"Decrescente";"Nublado";"Dupla";"Reta";"Sim";1;0;1;0;0;0;1;1;-12,69890302;-38,46419428;"SPRF-BA";"DEL01-BA";"UOP01-DEL01-BA"
513324;2023-03-28;"terça-feira";"08:10:00";"RN";110;47;"MOSSORO";"Condutor deixou de manter distância do veículo da frente";"Colisão traseira";"Com Vítimas Feridas";"Pleno dia";"Crescente";"Céu Claro";"Simples";"Reta";"Sim";3;0;2;0;1;0;2;2;-5,20338376;-37,32563418;"SPRF-RN";"DEL04-RN";"UOP01-DEL04-RN"
513325;2023-03-28;"terça-feira";"07:30:00";"PB";230;332,3;"PATOS";"Condutor Dormindo";"Colisão com objeto";"Com Vítimas Feridas";"Pleno dia";"Crescente";"Sol";"Simples";"Ponte;Reta";"Não";2;0;0;1;1;0;1;2;-7,0203;-37,2403;"SPRF-PB";"DEL03-PB";"UOP01-DEL03-PB"
513326;2023-03-28;"terça-feira";"07:20:00";"RJ";465;32;"SEROPEDICA";"Trafegar com motocicleta (ou similar) entre as faixas";"Colisão lateral mesmo sentido";"Com Vítimas Feridas";"Pleno dia";"Crescente";"Céu Claro";"Dupla";"Reta;Interseção de Vias";"Sim";2;0;1;0;1;0;1;2;-22,893206;-43,674564;"SPRF-RJ";"DEL03-RJ";"UOP01-DEL03-RJ"
513329;2023-03-28;"terça-feira";"08:00:00";"PR";116;89,5;"SAO JOSE DOS PINHAIS";"Ausência de reação do condutor";"Colisão traseira";"Com Vítimas Feridas";"Pleno dia";"Crescente";"Céu Claro";"Dupla";"Reta";"Não";2;0;1;0;0;1;1;2;-25,46791175;-49,09099102;"SPRF-PR";"DEL01-PR";"UOP07-DEL01-PR"
513332;2023-03-28;"terça-feira";"06:00:00";"PE";101;82;"JABOATAO DOS GUARARAPES";"Reação tardia ou ineficiente do condutor";"Colisão traseira";"Com Vítimas Feridas";"Pleno dia";"Crescente";"Céu Claro";"Múltipla";"Reta";"Sim";2;0;1;0;1;0;1;2;-8,168383;-34,9376;"SPRF-PE";"DEL01-PE";"UOP01-DEL01-PE"
513334;2023-03-28;"terça-feira";"08:40:00";"RS";116;246;"SAO LEOPOLDO";"Condutor deixou de manter distância do veículo da frente";"Colisão traseira";"Com Vítimas Feridas";"Pleno dia";"Crescente";"Céu Claro";"Múltipla";"Reta";"Sim";4;0;1;0;3;0;1;4;-29,758751;-51,15186806;"SPRF-RS";"DEL01-RS";"UOP02-DEL01-RS"
513335;2023-03-28;"terça-feira";"07:30:00";"RO";364;712;"PORTO VELHO";"Reação tardia ou ineficiente do condutor";"Colisão traseira";"Com Vítimas Feridas";"Pleno dia";"Crescente";"Sol";"Dupla";"Interseção de Vias;Curva";"Sim";5;0;1;0;4;0;1;2;-8,77759224;-63,87203336;"SPRF-RO";"DEL01-RO";"UOP01-DEL01-RO"
513336;2023-03-28;"terça-feira";"09:00:00";"RS";293;1;"PELOTAS";"Ausência de reação do condutor";"Engavetamento";"Com Vítimas Feridas";"Pleno dia";"Decrescente";"Céu Claro";"Simples";"Reta";"Sim";3;0;1;0;2;0;1;3;-31,760326;-52,356205;"SPRF-RS";"DEL07-RS";"UOP01-DEL07-RS"
513337;2023-03-28;"terça-feira";"09:00:00";"MG";40;769,7;"JUIZ DE FORA";"Pista Escorregadia";"Saída de leito carroçável";"Com Vítimas Feridas";"Pleno dia";"Crescente";"Garoa/Chuvisco";"Simples";"Curva";"Não";1;0;1;0;0;0;1;1;-21,58922593;-43,4583538;"SPRF-MG";"DEL05-MG";"UOP01-DEL05-MG"
513341;2023-03-28;"terça-feira";"08:15:00";"SP";116;229,7;"SAO PAULO";"Trafegar com motocicleta (ou similar) entre as faixas";"Colisão traseira";"Com Vítimas Feridas";"Pleno dia";"Crescente";"Céu Claro";"Múltipla";"Reta";"Sim";3;0;2;0;1;0;2;2;-23,51291902;-46,57604698;"SPRF-SP";"DEL01-SP";"UOP01-DEL01-SP"
513342;2023-03-28;"terça-feira";"09:30:00";"SP";381;44,8;"ATIBAIA";"Condutor deixou de manter distância do veículo da frente";"Colisão traseira";"Com Vítimas Feridas";"Pleno dia";"Crescente";"Céu Claro";"Dupla";"Reta";"Sim";3;0;3;0;0;0;3;2;-23,16458615;-46,57418959;"SPRF-SP";"DEL03-SP";"UOP01-DEL03-SP"
513343;2023-03-28;"terça-feira";"10:00:00";"SP";381;58,5;"MAIRIPORA";"Condutor deixou de manter distância do veículo da frente";"Engavetamento";"Com Vítimas Feridas";"Pleno dia";"Crescente";"Céu Claro";"Dupla";"Reta";"Não";5;0;1;0;4;0;1;4;-23,27438497;-46,58530615;"SPRF-SP";"DEL03-SP";"UOP01-DEL03-SP"
513345;2023-03-28;"terça-feira";"10:30:00";"ES";101;219;"IBIRACU";"Reação tardia ou ineficiente do condutor";"Colisão com objeto";"Com Vítimas Feridas";"Pleno dia";"Decrescente";"Sol";"Dupla";"Curva";"Não";1;0;1;0;0;0;1;1;-19,86460092;-40,38336629;"SPRF-ES";"DEL02-ES";"UOP01-DEL02-ES"
513346;2023-03-24;"sexta-feira";"19:00:00";"PE";423;121,6;"PARANATAMA";"Ausência de sinalização";"Queda de ocupante de veículo";"Com Vítimas Feridas";"Plena Noite";"Crescente";"Céu Claro";"Simples";"Reta";"Sim";1;0;0;1;0;0;1;1;-8,9156581;-36,70400598;"SPRF-PE";"DEL03-PE";"UOP01-DEL03-PE"
513347;2023-03-28;"terça-feira";"10:37:00";"RS";116;252;"SAPUCAIA DO SUL";"Ausência de reação do condutor";"Colisão traseira";"Com Vítimas Feridas";"Pleno dia";"Decrescente";"Céu Claro";"Dupla";"Aclive;Reta;Viaduto";"Sim";3;0;2;0;1;0;2;2;-29,80913395;-51,1675292;"SPRF-RS";"DEL01-RS";"UOP02-DEL01-RS"
513348;2023-03-28;"terça-feira";"10:00:00";"SC";280;66;"JARAGUA DO SUL";"Conversão proibida";"Colisão lateral mesmo sentido";"Com Vítimas Feridas";"Pleno dia";"Decrescente";"Céu Claro";"Simples";"Reta";"Não";2;0;1;0;1;0;1;2;-26,47606607;-49,09568797;"SPRF-SC";"DEL03-SC";"UOP03-DEL03-SC"
513349;2023-03-24;"sexta-feira";"16:00:00";"RJ";116;182;"NOVA IGUACU";"Condutor deixou de manter distância do veículo da frente";"Colisão traseira";"Com Vítimas Feridas";"Pleno dia";"Crescente";"Céu Claro";"Múltipla";"Reta";"Sim";2;0;2;0;0;0;2;2;-22,7567755;-43,43107234;"SPRF-RJ";"DEL01-RJ";"UOP02-DEL01-RJ"
513351;2023-03-28;"terça-feira";"12:00:00";"SP";116;198;"ARUJA";"Ausência de reação do condutor";"Colisão traseira";"Com Vítimas Feridas";"Pleno dia";"Crescente";"Nublado";"Múltipla";"Curva";"Não";2;0;0;1;1;0;1;2;-23,399937;-46,302038;"SPRF-SP";"DEL01-SP";"UOP01-DEL01-SP"
513352;2023-03-28;"terça-feira";"12:00:00";"DF";70;3,8;"BRASILIA";"Condutor deixou de manter distância do veículo da frente";"Queda de ocupante de veículo";"Com Vítimas Feridas";"Pleno dia";"Crescente";"Céu Claro";"Dupla";"Retorno Regulamentado;Reta";"Sim";2;0;1;0;1;0;1;2;-15,802453;-48,080387;"SPRF-DF";"DEL03-DF";"UOP02-DEL03-DF"
513354;2023-03-28;"terça-feira";"11:55:00";"ES";101;48,7;"CONCEICAO DA BARRA";"Acessar a via sem observar a presença dos outros veículos";"Saída de leito carroçável";"Com Vítimas Feridas";"Pleno dia";"Crescente";"Céu Claro";"Simples";"Reta";"Não";2;0;1;0;1;0;1;2;-18,56864497;-39,8975839;"SPRF-ES";"DEL04-ES";"UOP02-DEL04-ES"
513357;2023-03-28;"terça-feira";"11:55:00";"MG";381;882,1;"ESTIVA";"Ausência de reação do condutor";"Queda de ocupante de veículo";"Com Vítimas Feridas";"Pleno dia";"Crescente";"Nublado";"Dupla";"Reta";"Não";1;0;1;0;0;0;1;1;-22,52371907;-46,0241579;"SPRF-MG";"DEL16-MG";"UOP03-DEL16-MG"
513358;2023-03-09;"quinta-feira";"15:35:00";"RJ";101;323;"NITEROI";"Condutor deixou de manter distância do veículo da frente";"Engavetamento";"Com Vítimas Feridas";"Pleno dia";"Decrescente";"Céu Claro";"Simples";"Ponte;Reta";"Sim";4;0;1;0;3;0;1;3;-22,87684786;-43,11728689;"SPRF-RJ";"DEL02-RJ";"UOP01-DEL02-RJ"
513359;2023-02-28;"terça-feira";"17:30:00";"BA";324;612;"SALVADOR";"Trafegar com motocicleta (ou similar) entre as faixas";"Colisão lateral mesmo sentido";"Com Vítimas Feridas";"Pleno dia";"Crescente";"Ignorado";"Dupla";"Reta";"Sim";2;0;1;0;0;1;1;2;-12,86368614;-38,42330933;"SPRF-BA";"DEL01-BA";"UOP01-DEL01-BA"
513362;2023-03-28;"terça-feira";"10:40:00";"RJ";465;4,5;"SEROPEDICA";"Ausência de reação do condutor";"Colisão transversal";"Com Vítimas Feridas";"Pleno dia";"Decrescente";"Nublado";"Simples";"Reta";"Sim";3;0;1;0;1;1;1;3;-22,740971;-43,705597;"SPRF-RJ";"DEL01-RJ";"UOP03-DEL01-RJ"
513363;2023-03-28;"terça-feira";"12:40:00";"PB";230;147,9;"CAMPINA GRANDE";"Manobra de mudança de faixa";"Colisão transversal";"Com Vítimas Feridas";"Pleno dia";"Crescente";"Céu Claro";"Dupla";"Rotatória";"Sim";2;0;1;0;1;0;1;2;-7,23633237;-35,86753607;"SPRF-PB";"DEL02-PB";"UOP01-DEL02-PB"
513367;2023-03-28;"terça-feira";"13:30:00";"SP";381;59;"MAIRIPORA";"Demais falhas mecânicas ou elétricas";"Incêndio";"Sem Vítimas";"Pleno dia";"Decrescente";"Céu Claro";"Dupla";"Aclive;Curva";"Não";1;0;0;0;1;0;0;1;-23,28270705;-46,58787791;"SPRF-SP";"DEL03-SP";"UOP01-DEL03-SP"
513368;2023-03-28;"terça-feira";"13:00:00";"RJ";493;103;"SEROPEDICA";"Avarias e/ou desgaste excessivo no pneu";"Eventos atípicos";"Com Vítimas Feridas";"Pleno dia";"Decrescente";"Nublado";"Dupla";"Reta";"Não";1;0;1;0;0;0;1;1;-22,767529;-43,738534;"SPRF-RJ";"DEL03-RJ";"UOP01-DEL03-RJ"
513369;2023-03-28;"terça-feira";"13:20:00";"SC";470;65;"INDAIAL";"Ausência de reação do condutor";"Colisão transversal";"Com Vítimas Feridas";"Pleno dia";"Decrescente";"Céu Claro";"Simples";"Reta";"Não";3;0;1;0;2;0;1;2;-26,870411;-49,211864;"SPRF-SC";"DEL04-SC";"UOP01-DEL04-SC"
513370;2023-03-28;"terça-feira";"14:10:00";"MG";116;702,5;"MURIAE";"Ausência de reação do condutor";"Colisão transversal";"Com Vítimas Feridas";"Pleno dia";"Crescente";"Céu Claro";"Simples";"Interseção de Vias";"Sim";2;0;1;0;1;0;1;2;-21,11938311;-42,38006362;"SPRF-MG";"DEL07-MG";"UOP02-DEL07-MG"
513371;2023-03-24;"sexta-feira";"20:20:00";"MG";262;359;"BETIM";"Ausência de reação do condutor";"Queda de ocupante de veículo";"Com Vítimas Feridas";"Plena Noite";"Decrescente";"Céu Claro";"Dupla";"Reta";"Não";2;0;2;0;0;0;2;1;-19,98332234;-44,20214426;"SPRF-MG";"DEL01-MG";"UOP03-DEL01-MG"
513373;2023-03-28;"terça-feira";"14:15:00";"PE";101;42;"IGARASSU";"Manobra de mudança de faixa";"Colisão transversal";"Com Vítimas Feridas";"Pleno dia";"Decrescente";"Céu Claro";"Múltipla";"Aclive;Reta";"Sim";3;0;2;0;1;0;2;2;-7,85637001;-34,90842109;"SPRF-PE";"DEL01-PE";"UOP02-DEL01-PE"
513374;2023-03-28;"terça-feira";"12:40:00";"CE";116;358;"ICO";"Condutor deixou de manter distância do veículo da frente";"Colisão traseira";"Sem Vítimas";"Pleno dia";"Decrescente";"Céu Claro";"Simples";"Reta";"Não";2;0;0;0;2;0;0;2;-6,28323917;-38,71937879;"SPRF-CE";"DEL05-CE";"UOP02-DEL05-CE"
513375;2023-03-28;"terça-feira";"13:30:00";"MG";365;627;"UBERLANDIA";"Ingestão de álcool pelo condutor";"Colisão com objeto";"Com Vítimas Feridas";"Pleno dia";"Crescente";"Céu Claro";"Dupla";"Retorno Regulamentado;Reta";"Sim";1;0;1;0;0;0;1;1;-18,90393881;-48,34273517;"SPRF-MG";"DEL15-MG";"UOP01-DEL15-MG"
513377;2023-03-28;"terça-feira";"14:30:00";"PE";101;69;"RECIFE";"Condutor deixou de manter distância do veículo da frente";"Colisão traseira";"Sem Vítimas";"Pleno dia";"Decrescente";"Sol";"Dupla";"Reta";"Não";2;0;0;0;2;0;0;2;-8,067132;-34,942996;"SPRF-PE";"DEL01-PE";"UOP01-DEL01-PE"
513384;2023-03-28;"terça-feira";"08:54:00";"RO";364;706;"PORTO VELHO";"Avarias e/ou desgaste excessivo no pneu";"Queda de ocupante de veículo";"Com Vítimas Feridas";"Pleno dia";"Crescente";"Céu Claro";"Dupla";"Reta";"Não";2;0;2;0;0;0;2;1;-8,80030539;-63,823428;"SPRF-RO";"DEL01-RO";"UOP01-DEL01-RO"
513387;2023-03-28;"terça-feira";"15:25:00";"RS";116;261;"CANOAS";"Manobra de mudança de faixa";"Colisão lateral mesmo sentido";"Com Vítimas Feridas";"Pleno dia";"Crescente";"Sol";"Dupla";"Reta";"Sim";2;0;1;0;1;0;1;2;-29,887983;-51,17901;"SPRF-RS";"DEL01-RS";"UOP01-DEL01-RS"
513388;2023-03-28;"terça-feira";"15:00:00";"RS";470;245;"BARAO";"Acessar a via sem observar a presença dos outros veículos";"Colisão transversal";"Com Vítimas Feridas";"Pleno dia";"Crescente";"Céu Claro";"Simples";"Reta";"Não";2;0;0;1;1;0;1;2;-29,36751735;-51,51081606;"SPRF-RS";"DEL06-RS";"UOP01-DEL06-RS"
513389;2023-03-28;"terça-feira";"12:52:00";"PE";101;2;"JABOATAO DOS GUARARAPES";"Ultrapassagem Indevida";"Colisão lateral mesmo sentido";"Com Vítimas Feridas";"Pleno dia";"Crescente";"Céu Claro";"Simples";"Reta";"Sim";2;0;1;0;1;0;1;2;-8,19626262;-34,95763779;"SPRF-PE";"DEL01-PE";"UOP02-DEL01-PE"
513393;2023-03-28;"terça-feira";"14:40:00";"ES";101;279;"SERRA";"Demais falhas mecânicas ou elétricas";"Saída de leito carroçável";"Com Vítimas Feridas";"Pleno dia";"Crescente";"Nublado";"Dupla";"Reta";"Não";1;0;1;0;0;0;1;1;-20,218122;-40,339325;"SPRF-ES";"DEL02-ES";"UOP01-DEL02-ES"
513396;2023-03-29;"quarta-feira";"06:40:00";"SP";116;223;"GUARULHOS";"Manobra de mudança de faixa";"Colisão lateral mesmo sentido";"Sem Vítimas";"Pleno dia";"Crescente";"Céu Claro";"Múltipla";"Reta";"Sim";2;0;0;0;2;0;0;1;-23,47559815;-46,5246609;"SPRF-SP";"DEL01-SP";"UOP01-DEL01-SP"
513397;2023-03-14;"terça-feira";"01:30:00";"RJ";116;169;"RIO DE JANEIRO";"Demais falhas mecânicas ou elétricas";"Colisão traseira";"Com Vítimas Feridas";"Plena Noite";"Decrescente";"Céu Claro";"Dupla";"Reta";"Sim";3;0;1;0;2;0;1;3;-22,816206;-43,324463;"SPRF-RJ";"DEL01-RJ";"UOP02-DEL01-RJ"
513399;2023-03-28;"terça-feira";"07:30:00";"RJ";465;19;"NOVA IGUACU";"Reação tardia ou ineficiente do condutor";"Colisão lateral mesmo sentido";"Com Vítimas Feridas";"Pleno dia";"Decrescente";"Céu Claro";"Dupla";"Reta";"Sim";2;0;0;1;1;0;1;2;-22,839184;-43,610451;"SPRF-RJ";"DEL03-RJ";"UOP01-DEL03-RJ"
513400;2023-03-28;"terça-feira";"13:00:00";"PE";101;44;"IGARASSU";"Acessar a via sem observar a presença dos outros veículos";"Colisão transversal";"Com Vítimas Feridas";"Pleno dia";"Decrescente";"Céu Claro";"Múltipla";"Retorno Regulamentado;Reta";"Sim";4;0;2;0;1;1;2;2;-7,84753808;-34,90977038;"SPRF-PE";"DEL01-PE";"UOP02-DEL01-PE"
513401;2023-03-28;"terça-feira";"15:50:00";"CE";222;24;"CAUCAIA";"Condutor deixou de manter distância do veículo da frente";"Colisão traseira";"Com Vítimas Feridas";"Pleno dia";"Decrescente";"Céu Claro";"Dupla";"Reta";"Não";2;0;0;1;1;0;1;2;-3,72993822;-38,76858609;"SPRF-CE";"DEL01-CE";"UOP01-DEL01-CE"
513403;2023-03-28;"terça-feira";"13:30:00";"SC";282;367,1;"ERVAL VELHO";"Ausência de reação do condutor";"Capotamento";"Com Vítimas Feridas";"Pleno dia";"Crescente";"Sol";"Simples";"Reta";"Não";2;0;1;1;0;0;2;1;-27,287449;-51,425842;"SPRF-SC";"DEL07-SC";"UOP05-DEL07-SC"
513404;2023-03-28;"terça-feira";"16:30:00";"PE";101;78;"JABOATAO DOS GUARARAPES";"Condutor deixou de manter distância do veículo da frente";"Colisão traseira";"Com Vítimas Feridas";"Pleno dia";"Crescente";"Céu Claro";"Dupla";"Reta";"Sim";2;0;0;1;1;0;1;2;-8,13496499;-34,94738614;"SPRF-PE";"DEL01-PE";"UOP01-DEL01-PE"
513405;2023-03-28;"terça-feira";"17:00:00";"PB";230;35,1;"BAYEUX";"Animais na Pista";"Atropelamento de Animal";"Com Vítimas Feridas";"Anoitecer";"Crescente";"Céu Claro";"Dupla";"Interseção de Vias;Aclive;Reta";"Sim";2;0;0;1;0;1;1;2;-7,1268;-34,9412;"SPRF-PB";"DEL01-PB";"UOP01-DEL01-PB"
513408;2023-03-28;"terça-feira";"17:40:00";"MG";381;882,5;"ESTIVA";"Demais falhas mecânicas ou elétricas";"Incêndio";"Sem Vítimas";"Pleno dia";"Decrescente";"Nublado";"Dupla";"Reta";"Não";1;0;0;0;1;0;0;1;-22,48372368;-46,01067866;"SPRF-MG";"DEL16-MG";"UOP03-DEL16-MG"
513410;2023-03-28;"terça-feira";"16:00:00";"RS";470;269,5;"SAO JOSE DO SUL";"Reação tardia ou ineficiente do condutor";"Saída de leito carroçável";"Com Vítimas Feridas";"Pleno dia";"Decrescente";"Céu Claro";"Simples";"Curva;Aclive";"Não";1;0;1;0;0;0;1;1;-29,519934;-51,47336;"SPRF-RS";"DEL04-RS";"UOP02-DEL04-RS"
513411;2023-03-28;"terça-feira";"17:40:00";"SP";116;167,7;"JACAREI";"Ausência de reação do condutor";"Colisão lateral mesmo sentido";"Com Vítimas Feridas";"Anoitecer";"Decrescente";"Nublado";"Múltipla";"Aclive";"Não";3;0;1;2;0;0;3;2;-23,30513534;-46,033391;"SPRF-SP";"DEL02-SP";"UOP01-DEL02-SP"
513412;2023-03-28;"terça-feira";"17:15:00";"MG";116;520,9;"CARATINGA";"Acessar a via sem observar a presença dos outros veículos";"Colisão transversal";"Sem Vítimas";"Pleno dia";"Decrescente";"Nublado";"Simples";"Reta;Declive";"Não";3;0;0;0;3;0;0;2;-19,72594839;-42,13212852;"SPRF-MG";"DEL06-MG";"UOP02-DEL06-MG"
513413;2023-03-28;"terça-feira";"17:00:00";"PR";369;148;"LONDRINA";"Mal súbito do condutor";"Colisão com objeto";"Com Vítimas Feridas";"Pleno dia";"Decrescente";"Céu Claro";"Dupla";"Reta";"Sim";2;0;1;1;0;0;2;2;-23,293;-51,139;"SPRF-PR";"DEL07-PR";"UOP01-DEL07-PR"
513414;2023-03-28;"terça-feira";"17:45:00";"PR";369;147;"LONDRINA";"Frear bruscamente";"Colisão traseira";"Com Vítimas Feridas";"Pleno dia";"Decrescente";"Céu Claro";"Dupla";"Declive;Reta";"Sim";5;0;2;0;3;0;2;2;-23,2930719;-51,13929749;"SPRF-PR";"DEL07-PR";"UOP01-DEL07-PR"
513416;2023-03-28;"terça-feira";"15:30:00";"RO";364;500;"ARIQUEMES";"Reação tardia ou ineficiente do condutor";"Saída de leito carroçável";"Sem Vítimas";"Pleno dia";"Crescente";"Céu Claro";"Simples";"Reta;Declive";"Não";1;0;0;0;1;0;0;1;-10,029919;-62,981962;"SPRF-RO";"DEL03-RO";"UOP01-DEL03-RO"
513417;2023-03-28;"terça-feira";"16:30:00";"MG";381;924,5;"ITAPEVA";"Chuva";"Colisão com objeto";"Sem Vítimas";"Pleno dia";"Crescente";"Chuva";"Dupla";"Curva";"Não";1;0;0;0;1;0;0;1;-22,7700086;-46,19321823;"SPRF-MG";"DEL16-MG";"UOP03-DEL16-MG"
513418;2023-03-28;"terça-feira";"17:50:00";"MG";262;448,6;"NOVA SERRANA";"Reação tardia ou ineficiente do condutor";"Tombamento";"Com Vítimas Feridas";"Anoitecer";"Crescente";"Céu Claro";"Simples";"Aclive;Reta";"Não";2;0;1;1;0;0;2;1;-19,87174184;-44,96984197;"SPRF-MG";"DEL08-MG";"UOP03-DEL08-MG"
513419;2023-03-28;"terça-feira";"17:15:00";"SC";101;127;"ITAJAI";"Avarias e/ou desgaste excessivo no pneu";"Tombamento";"Com Vítimas Feridas";"Pleno dia";"Crescente";"Céu Claro";"Dupla";"Curva";"Sim";2;0;1;0;1;0;1;1;-26,9639319;-48,68328024;"SPRF-SC";"DEL04-SC";"UOP04-DEL04-SC"
513420;2023-03-28;"terça-feira";"18:20:00";"PR";369;143,2;"LONDRINA";"Acessar a via sem observar a presença dos outros veículos";"Colisão traseira";"Com Vítimas Feridas";"Pleno dia";"Decrescente";"Céu Claro";"Simples";"Retorno Regulamentado;Reta";"Sim";2;0;1;0;1;0;1;2;-23,29287481;-51,09547019;"SPRF-PR";"DEL07-PR";"UOP01-DEL07-PR"
513421;2023-03-28;"terça-feira";"14:55:00";"RR";174;367;"CARACARAI";"Ingestão de álcool pelo condutor";"Colisão frontal";"Com Vítimas Fatais";"Pleno dia";"Crescente";"Céu Claro";"Simples";"Reta";"Sim";4;1;1;1;1;0;2;2;1,821677;-61,139236;"SPRF-RR";"DEL01-RR";"UOP01-DEL01-RR"
513422;2023-03-28;"terça-feira";"18:26:00";"TO";153;145;"ARAGUAINA";"Manobra de mudança de faixa";"Colisão lateral mesmo sentido";"Com Vítimas Feridas";"Plena Noite";"Decrescente";"Chuva";"Simples";"Reta";"Sim";2;0;0;1;1;0;1;2;-7,20503614;-48,24035166;"SPRF-TO";"DEL02-TO";"UOP01-DEL02-TO"
513423;2023-03-28;"terça-feira";"18:00:00";"PR";476;144;"CURITIBA";"Acessar a via sem observar a presença dos outros veículos";"Colisão lateral mesmo sentido";"Com Vítimas Feridas";"Anoitecer";"Decrescente";"Céu Claro";"Dupla";"Reta";"Não";2;0;1;0;1;0;1;2;-25,542501;-49,313011;"SPRF-PR";"DEL01-PR";"UOP06-DEL01-PR"
513424;2023-03-28;"terça-feira";"18:50:00";"DF";20;9;"BRASILIA";"Área urbana sem a presença de local apropriado para a travessia de pedestres";"Atropelamento de Pedestre";"Com Vítimas Feridas";"Plena Noite";"Crescente";"Nublado";"Dupla";"Aclive;Reta";"Sim";2;0;0;1;1;0;1;2;-15,654671;-47,782917;"SPRF-DF";"DEL02-DF";"UOP01-DEL02-DF"
513425;2023-03-28;"terça-feira";"18:20:00";"SC";101;204;"SAO JOSE";"Reação tardia ou ineficiente do condutor";"Queda de ocupante de veículo";"Com Vítimas Feridas";"Anoitecer";"Decrescente";"Nublado";"Simples";"Reta";"Sim";1;0;1;0;0;0;1;1;-27,57413014;-48,61363083;"SPRF-SC";"DEL01-SC";"UOP01-DEL01-SC"
513426;2023-03-28;"terça-feira";"18:20:00";"ES";101;263;"SERRA";"Avarias e/ou desgaste excessivo no pneu";"Queda de ocupante de veículo";"Com Vítimas Feridas";"Plena Noite";"Crescente";"Céu Claro";"Dupla";"Reta";"Sim";2;0;2;0;0;0;2;1;-20,16554736;-40,27301648;"SPRF-ES";"DEL02-ES";"UOP01-DEL02-ES"
513427;2023-03-28;"terça-feira";"18:30:00";"SP";101;49,8;"UBATUBA";"Acessar a via sem observar a presença dos outros veículos";"Colisão transversal";"Com Vítimas Feridas";"Anoitecer";"Decrescente";"Nublado";"Simples";"Interseção de Vias;Curva";"Sim";2;0;1;0;1;0;1;2;-23,44410908;-45,08375708;"SPRF-SP";"DEL06-SP";"UOP01-DEL06-SP"
513429;2023-03-28;"terça-feira";"19:00:00";"PR";369;136;"IBIPORA";"Acessar a via sem observar a presença dos outros veículos";"Colisão transversal";"Com Vítimas Feridas";"Anoitecer";"Decrescente";"Céu Claro";"Simples";"Reta";"Sim";2;0;2;0;0;0;2;2;-23,26534;-51,036347;"SPRF-PR";"DEL07-PR";"UOP01-DEL07-PR"
513431;2023-03-28;"terça-feira";"18:50:00";"MS";262;326,5;"CAMPO GRANDE";"Pedestre cruzava a pista fora da faixa";"Atropelamento de Pedestre";"Com Vítimas Feridas";"Plena Noite";"Decrescente";"Céu Claro";"Dupla";"Reta";"Sim";2;0;1;1;0;0;2;2;-20,46867409;-54,53455902;"SPRF-MS";"DEL01-MS";"UOP01-DEL01-MS"
513432;2023-03-28;"terça-feira";"19:30:00";"PB";101;119;"CAAPORA";"Reação tardia ou ineficiente do condutor";"Colisão com objeto";"Sem Vítimas";"Plena Noite";"Crescente";"Céu Claro";"Dupla";"Curva";"Não";1;0;0;0;0;1;0;1;-7,42897814;-34,96672977;"SPRF-PB";"DEL01-PB";"UOP02-DEL01-PB"
513438;2023-03-28;"terça-feira";"20:30:00";"SC";101;365,6;"SANGAO";"Pedestre andava na pista";"Atropelamento de Pedestre";"Com Vítimas Feridas";"Plena Noite";"Crescente";"Céu Claro";"Dupla";"Reta";"Não";2;0;0;1;1;0;1;2;-28,68290284;-49,14759308;"SPRF-SC";"DEL02-SC";"UOP01-DEL02-SC"
513439;2023-03-28;"terça-feira";"17:10:00";"RS";0;0;"SANTA CRUZ DO SUL";"Frear bruscamente";"Tombamento";"Com Vítimas Feridas";"Pleno dia";"Não Informado";"Céu Claro";"Simples";"Declive;Reta";"Não";2;0;1;0;1;0;1;2;-29,78958056;-52,39764512;"SPRF-RS";"DEL02-RS";"UOP03-DEL02-RS"
513440;2023-03-28;"terça-feira";"18:00:00";"MT";163;834;"SINOP";"Acumulo de areia ou detritos sobre o pavimento";"Queda de ocupante de veículo";"Com Vítimas Feridas";"Anoitecer";"Crescente";"Céu Claro";"Simples";"Reta";"Sim";4;0;1;0;3;0;1;2;-11,995863;-55,51709;"SPRF-MT";"DEL06-MT";"UOP02-DEL06-MT"
513442;2023-03-28;"terça-feira";"19:52:00";"GO";40;2;"VALPARAISO DE GOIAS";"Manobra de mudança de faixa";"Colisão lateral mesmo sentido";"Sem Vítimas";"Plena Noite";"Crescente";"Céu Claro";"Dupla";"Reta";"Sim";4;0;0;0;3;1;0;2;-16,067129;-47,984235;"SPRF-DF";"DEL01-DF";"UOP01-DEL01-DF"
513443;2023-03-27;"segunda-feira";"23:00:00";"MT";364;1166;"CAMPOS DE JULIO";"Reação tardia ou ineficiente do condutor";"Saída de leito carroçável";"Com Vítimas Feridas";"Plena Noite";"Crescente";"Ignorado";"Simples";"Reta";"Não";1;0;0;1;0;0;1;1;-13,6117576;-59,10616835;"SPRF-MT";"DEL04-MT";"UOP02-DEL04-MT"