"id";"data_inversa";"dia_semana";"horario";"uf";"br";"km";"municipio";"causa_acidente";"tipo_acidente";"classificacao_acidente";"fase_dia";"sentido_via";"condicao_metereologica";"tipo_pista";"tracado_via";"uso_solo";"pessoas";"mortos";"feridos_leves";"feridos_graves";"ilesos";"ignorados";"feridos";"veiculos";"latitude";"longitude";"regional";"delegacia";"uop"
513445;2023-03-28;"terça-feira";"18:30:00";"RO";364;430;"JARU";"Desrespeitar a preferência no cruzamento";"Colisão transversal";"Com Vítimas Feridas";"Plena Noite";"Decrescente";"Céu Claro";"Simples";"Rotatória;Reta";"Não";7;0;1;0;6;0;1;2;-10,41098263;-62,51010043;"SPRF-RO";"DEL03-RO";"UOP02-DEL03-RO"
513446;2023-03-28;"terça-feira";"21:20:00";"RJ";101;267;"RIO BONITO";"Demais falhas mecânicas ou elétricas";"Incêndio";"Sem Vítimas";"Plena Noite";"Decrescente";"Céu Claro";"Dupla";"Reta";"Não";1;0;0;0;1;0;0;1;-22,70728329;-42,66059086;"SPRF-RJ";"DEL02-RJ";"UOP03-DEL02-RJ"
513448;2023-03-28;"terça-feira";"19:00:00";"PE";408;53;"NAZARE DA MATA";"Condutor Dormindo";"Colisão lateral sentido oposto";"Sem Vítimas";"Plena Noite";"Crescente";"Céu Claro";"Simples";"Reta";"Não";3;0;0;0;3;0;0;3;-7,760174;-35,233906;"SPRF-PE";"DEL01-PE";"UOP01-DEL01-PE"
513453;2023-03-28;"terça-feira";"08:00:00";"PR";376;550,9;"PALMEIRA";"Condutor Dormindo";"Saída de leito carroçável";"Sem Vítimas";"Pleno dia";"Crescente";"Céu Claro";"Dupla";"Curva;Declive";"Não";1;0;0;0;1;0;0;1;-25,43151068;-49,75395799;"SPRF-PR";"DEL03-PR";"UOP03-DEL03-PR"
513454;2023-03-28;"terça-feira";"21:45:00";"SC";470;65,9;"INDAIAL";"Frear bruscamente";"Colisão transversal";"Com Vítimas Feridas";"Plena Noite";"Decrescente";"Céu Claro";"Simples";"Reta";"Não";2;0;2;0;0;0;2;2;-26,870411;-49,211864;"SPRF-SC";"DEL04-SC";"UOP01-DEL04-SC"
513455;2023-02-07;"terça-feira";"21:30:00";"PI";343;267;"CAMPO MAIOR";"Pedestre andava na pista";"Atropelamento de Pedestre";"Com Vítimas Fatais";"Plena Noite";"Crescente";"Chuva";"Simples";"Reta";"Sim";2;1;0;0;0;1;0;2;-4,836484;-42,181347;"SPRF-PI";"DEL01-PI";"UOP03-DEL01-PI"
513456;2023-03-28;"terça-feira";"21:40:00";"SP";116;161;"JACAREI";"Curva acentuada";"Colisão frontal";"Com Vítimas Feridas";"Plena Noite";"Crescente";"Céu Claro";"Dupla";"Retorno Regulamentado";"Sim";1;0;1;0;0;0;1;1;-23,27617003;-45,97592098;"SPRF-SP";"DEL02-SP";"UOP01-DEL02-SP"
513458;2023-03-28;"terça-feira";"22:00:00";"PE";428;187;"PETROLINA";"Acumulo de óleo sobre o pavimento";"Queda de ocupante de veículo";"Com Vítimas Feridas";"Plena Noite";"Crescente";"Céu Claro";"Dupla";"Rotatória";"Sim";1;0;1;0;0;0;1;1;-9,35604301;-40,47854198;"SPRF-PE";"DEL06-PE";"UOP01-DEL06-PE"
513459;2023-03-28;"terça-feira";"23:00:00";"SP";116;186;"SANTA ISABEL";"Reação tardia ou ineficiente do condutor";"Queda de ocupante de veículo";"Com Vítimas Feridas";"Plena Noite";"Crescente";"Céu Claro";"Dupla";"Reta";"Não";1;0;1;0;0;0;1;1;-23,35220682;-46,19934905;"SPRF-SP";"DEL01-SP";"UOP01-DEL01-SP"
513462;2023-03-28;"terça-feira";"18:20:00";"MS";163;7;"MUNDO NOVO";"Reação tardia ou ineficiente do condutor";"Saída de leito carroçável";"Com Vítimas Feridas";"Anoitecer";"Crescente";"Céu Claro";"Dupla";"Retorno Regulamentado;Reta;Interseção de Vias";"Não";3;0;2;0;1;0;2;1;-24,00094566;-54,32020706;"SPRF-MS";"DEL09-MS";"UOP02-DEL09-MS"
513465;2023-03-29;"quarta-feira";"00:23:00";"RN";304;48,1;"MOSSORO";"Ingestão de álcool pelo condutor";"Atropelamento de Pedestre";"Com Vítimas Feridas";"Plena Noite";"Crescente";"Garoa/Chuvisco";"Dupla";"Reta";"Sim";2;0;1;0;1;0;1;2;-5,22868577;-37,32203081;"SPRF-RN";"DEL04-RN";"UOP01-DEL04-RN"
513467;2023-03-28;"terça-feira";"19:10:00";"MG";267;64,1;"BICAS";"Condutor deixou de manter distância do veículo da frente";"Colisão traseira";"Com Vítimas Feridas";"Plena Noite";"Crescente";"Céu Claro";"Simples";"Reta";"Não";2;0;0;1;1;0;1;2;-21,73176855;-43,08260711;"SPRF-MG";"DEL05-MG";"UOP01-DEL05-MG"
513470;2023-03-29;"quarta-feira";"04:12:00";"MG";40;372,8;"CURVELO";"Condutor Dormindo";"Colisão frontal";"Com Vítimas Fatais";"Plena Noite";"Crescente";"Céu Claro";"Simples";"Declive;Reta";"Não";54;5;2;0;47;0;2;2;-18,83634;-44,77138;"SPRF-MG";"DEL02-MG";"UOP01-DEL02-MG"
513471;2023-03-29;"quarta-feira";"05:30:00";"MG";40;737;"SANTOS DUMONT";"Falta de elemento de contenção que evite a saída do leito carroçável";"Saída de leito carroçável";"Com Vítimas Feridas";"Plena Noite";"Crescente";"Céu Claro";"Simples";"Curva";"Não";2;0;1;0;1;0;1;1;-21,38296999;-43,57033542;"SPRF-MG";"DEL05-MG";"UOP01-DEL05-MG"
513473;2023-03-29;"quarta-feira";"05:50:00";"RN";101;74;"EXTREMOZ";"Acessar a via sem observar a presença dos outros veículos";"Colisão transversal";"Com Vítimas Feridas";"Amanhecer";"Decrescente";"Céu Claro";"Simples";"Interseção de Vias;Reta";"Não";3;0;2;0;1;0;2;2;-5,71406254;-35,27232767;"SPRF-RN";"DEL02-RN";"UOP01-DEL02-RN"
513474;2023-03-29;"quarta-feira";"05:50:00";"SC";163;73,4;"SAO MIGUEL DO OESTE";"Desrespeitar a preferência no cruzamento";"Colisão transversal";"Com Vítimas Feridas";"Amanhecer";"Decrescente";"Céu Claro";"Dupla";"Reta;Interseção de Vias";"Sim";2;0;0;1;1;0;1;2;-26,70744135;-53,51408694;"SPRF-SC";"DEL07-SC";"UOP03-DEL07-SC"
513476;2023-01-25;"quarta-feira";"19:30:00";"RN";406;151;"CEARA-MIRIM";"Entrada inopinada do pedestre";"Atropelamento de Pedestre";"Com Vítimas Feridas";"Pleno dia";"Crescente";"Céu Claro";"Simples";"Reta";"Sim";2;0;0;1;1;0;1;2;-5,65067546;-35,42611241;"SPRF-RN";"DEL02-RN";"UOP01-DEL02-RN"
513477;2023-03-29;"quarta-feira";"06:50:00";"SP";116;141,7;"SAO JOSE DOS CAMPOS";"Manobra de mudança de faixa";"Colisão lateral mesmo sentido";"Com Vítimas Feridas";"Pleno dia";"Decrescente";"Céu Claro";"Dupla";"Reta";"Não";3;0;1;0;2;0;1;2;-23,17004717;-45,82091491;"SPRF-SP";"DEL02-SP";"UOP01-DEL02-SP"
513479;2023-03-29;"quarta-feira";"07:15:00";"AP";210;8;"MACAPA";"Condutor deixou de manter distância do veículo da frente";"Colisão traseira";"Com Vítimas Feridas";"Pleno dia";"Decrescente";"Céu Claro";"Simples";"Reta";"Sim";1;0;1;0;0;0;1;1;0,1045;-51,126076;"SPRF-AP";"DEL01-AP";"UOP01-DEL01-AP"
513480;2023-03-29;"quarta-feira";"07:20:00";"SC";101;215,3;"PALHOCA";"Condutor deixou de manter distância do veículo da frente";"Colisão traseira";"Com Vítimas Feridas";"Pleno dia";"Decrescente";"Céu Claro";"Dupla";"Reta";"Sim";2;0;1;0;1;0;1;2;-27,65184843;-48,67604941;"SPRF-SC";"DEL01-SC";"UOP02-DEL01-SC"
513482;2023-03-29;"quarta-feira";"07:09:00";"TO";153;245,4;"COLINAS DO TOCANTINS";"Entrada inopinada do pedestre";"Atropelamento de Pedestre";"Com Vítimas Feridas";"Pleno dia";"Crescente";"Céu Claro";"Múltipla";"Rotatória;Interseção de Vias;Viaduto";"Sim";2;0;1;0;1;0;1;2;-8,054154;-48,466476;"SPRF-TO";"DEL02-TO";"UOP02-DEL02-TO"
513483;2023-03-29;"quarta-feira";"07:50:00";"RN";304;31;"MOSSORO";"Avarias e/ou desgaste excessivo no pneu";"Tombamento";"Com Vítimas Feridas";"Pleno dia";"Crescente";"Céu Claro";"Simples";"Reta";"Não";2;0;2;0;0;0;2;1;-5,12587296;-37,34293919;"SPRF-RN";"DEL04-RN";"UOP02-DEL04-RN"
513486;2023-03-29;"quarta-feira";"06:45:00";"SC";280;160,3;"MAFRA";"Reação tardia ou ineficiente do condutor";"Colisão com objeto";"Com Vítimas Feridas";"Pleno dia";"Crescente";"Nublado";"Simples";"Reta";"Não";1;0;1;0;0;0;1;1;-26,20326113;-49,77128799;"SPRF-SC";"DEL06-SC";"UOP03-DEL06-SC"
513488;2023-03-29;"quarta-feira";"08:20:00";"SP";116;229;"SAO PAULO";"Ausência de reação do condutor";"Colisão lateral mesmo sentido";"Com Vítimas Feridas";"Pleno dia";"Crescente";"Céu Claro";"Múltipla";"Reta";"Sim";3;0;2;0;1;0;2;2;-23,51291902;-46,57604698;"SPRF-SP";"DEL01-SP";"UOP01-DEL01-SP"
513489;2023-03-29;"quarta-feira";"08:00:00";"SC";101;415;"ARARANGUA";"Desrespeitar a preferência no cruzamento";"Colisão transversal";"Com Vítimas Feridas";"Pleno dia";"Decrescente";"Céu Claro";"Simples";"Rotatória";"Sim";2;0;1;0;1;0;1;2;-28,96316767;-49,51921105;"SPRF-SC";"DEL02-SC";"UOP02-DEL02-SC"
513490;2023-03-29;"quarta-feira";"06:55:00";"MG";381;483,7;"BETIM";"Manobra de mudança de faixa";"Colisão lateral mesmo sentido";"Com Vítimas Feridas";"Pleno dia";"Decrescente";"Nublado";"Dupla";"Aclive;Reta";"Sim";2;0;1;0;1;0;1;2;-19,95594491;-44,10721699;"SPRF-MG";"DEL01-MG";"UOP03-DEL01-MG"
513491;2023-03-29;"quarta-feira";"08:00:00";"RS";448;22;"PORTO ALEGRE";"Ausência de reação do condutor";"Colisão traseira";"Com Vítimas Feridas";"Pleno dia";"Crescente";"Céu Claro";"Dupla";"Reta";"Não";2;0;1;0;1;0;1;2;-29,972212;-51,199139;"SPRF-RS";"DEL01-RS";"UOP01-DEL01-RS"
513492;2023-03-29;"quarta-feira";"07:35:00";"MS";163;727;"COXIM";"Acessar a via sem observar a presença dos outros veículos";"Colisão transversal";"Com Vítimas Feridas";"Pleno dia";"Crescente";"Céu Claro";"Simples";"Reta;Retorno Regulamentado";"Sim";3;0;2;0;1;0;2;2;-18,53607086;-54,74294349;"SPRF-MS";"DEL06-MS";"UOP01-DEL06-MS"
513496;2023-03-29;"quarta-feira";"08:40:00";"SC";101;116;"ITAJAI";"Reação tardia ou ineficiente do condutor";"Queda de ocupante de veículo";"Com Vítimas Feridas";"Pleno dia";"Crescente";"Céu Claro";"Simples";"Reta";"Sim";1;0;1;0;0;0;1;1;-26,87905605;-48,72603512;"SPRF-SC";"DEL04-SC";"UOP04-DEL04-SC"
513497;2023-03-06;"segunda-feira";"15:50:00";"SP";101;51;"UBATUBA";"Acessar a via sem observar a presença dos outros veículos";"Colisão transversal";"Com Vítimas Feridas";"Pleno dia";"Crescente";"Céu Claro";"Simples";"Reta";"Sim";3;0;1;0;2;0;1;2;-23,45627795;-45,07111896;"SPRF-SP";"DEL06-SP";"UOP01-DEL06-SP"
513498;2023-03-29;"quarta-feira";"07:46:00";"RJ";40;121;"DUQUE DE CAXIAS";"Acessar a via sem observar a presença dos outros veículos";"Colisão lateral mesmo sentido";"Com Vítimas Feridas";"Amanhecer";"Decrescente";"Céu Claro";"Múltipla";"Reta";"Sim";2;0;1;0;1;0;1;2;-22,78185499;-43,28571273;"SPRF-RJ";"DEL01-RJ";"UOP01-DEL01-RJ"
513499;2023-03-28;"terça-feira";"22:00:00";"SC";101;282,3;"IMBITUBA";"Manobra de mudança de faixa";"Colisão lateral mesmo sentido";"Sem Vítimas";"Plena Noite";"Crescente";"Céu Claro";"Simples";"Reta";"Não";4;0;0;0;4;0;0;2;-28,19626005;-48,69739859;"SPRF-SC";"DEL02-SC";"UOP03-DEL02-SC"
513501;2023-03-29;"quarta-feira";"06:50:00";"SP";381;73;"SAO PAULO";"Ausência de reação do condutor";"Colisão com objeto";"Sem Vítimas";"Pleno dia";"Decrescente";"Céu Claro";"Dupla";"Curva";"Não";1;0;0;0;0;1;0;1;-23,36553404;-46,55253934;"SPRF-SP";"DEL03-SP";"UOP01-DEL03-SP"
513502;2023-03-29;"quarta-feira";"07:50:00";"RO";174;15;"VILHENA";"Acessar a via sem observar a presença dos outros veículos";"Colisão transversal";"Sem Vítimas";"Pleno dia";"Decrescente";"Céu Claro";"Simples";"Reta";"Sim";2;0;0;0;2;0;0;2;-12,71703128;-60,12680208;"SPRF-RO";"DEL04-RO";"UOP01-DEL04-RO"
513508;2023-03-29;"quarta-feira";"06:17:00";"BA";101;543;"ARATACA";"Velocidade Incompatível";"Colisão frontal";"Com Vítimas Fatais";"Pleno dia";"Decrescente";"Chuva";"Simples";"Curva";"Não";3;1;2;0;0;0;2;2;-15,1892468;-39,43917822;"SPRF-BA";"DEL05-BA";"UOP02-DEL05-BA"
513512;2023-03-29;"quarta-feira";"10:15:00";"RJ";116;276;"BARRA MANSA";"Demais falhas mecânicas ou elétricas";"Colisão transversal";"Com Vítimas Feridas";"Pleno dia";"Crescente";"Céu Claro";"Simples";"Interseção de Vias";"Sim";4;0;1;0;3;0;1;3;-22,56183393;-44,16588602;"SPRF-RJ";"DEL07-RJ";"UOP02-DEL07-RJ"
513514;2023-03-29;"quarta-feira";"10:10:00";"SP";116;305;"SAO LOURENCO DA SERRA";"Reação tardia ou ineficiente do condutor";"Colisão traseira";"Com Vítimas Feridas";"Pleno dia";"Decrescente";"Céu Claro";"Múltipla";"Curva;Aclive";"Não";2;0;1;0;1;0;1;2;-23,84287313;-46,93238591;"SPRF-SP";"DEL04-SP";"UOP01-DEL04-SP"
513517;2023-03-29;"quarta-feira";"11:00:00";"AL";101;75,4;"RIO LARGO";"Chuva";"Queda de ocupante de veículo";"Com Vítimas Feridas";"Pleno dia";"Decrescente";"Chuva";"Dupla";"Reta";"Não";2;0;0;2;0;0;2;1;-9,40436484;-35,83998111;"SPRF-AL";"DEL01-AL";"UOP01-DEL01-AL"
513518;2023-03-29;"quarta-feira";"11:06:00";"SE";101;9;"CEDRO DE SAO JOAO";"Acumulo de água sobre o pavimento";"Saída de leito carroçável";"Com Vítimas Feridas";"Pleno dia";"Crescente";"Chuva";"Dupla";"Reta";"Não";1;0;1;0;0;0;1;1;-10,27168159;-36,8698989;"SPRF-SE";"DEL02-SE";"UOP02-DEL02-SE"
513520;2023-03-29;"quarta-feira";"11:20:00";"RN";226;2,3;"NATAL";"Acessar a via sem observar a presença dos outros veículos";"Colisão transversal";"Com Vítimas Feridas";"Pleno dia";"Decrescente";"Céu Claro";"Simples";"Reta";"Sim";2;0;1;0;1;0;1;2;-5,81364934;-35,2466547;"SPRF-RN";"DEL01-RN";"UOP02-DEL01-RN"
513522;2023-03-29;"quarta-feira";"11:15:00";"PB";230;122;"RIACHAO DO BACAMARTE";"Acessar a via sem observar a presença dos outros veículos";"Colisão transversal";"Com Vítimas Feridas";"Pleno dia";"Crescente";"Nublado";"Simples";"Interseção de Vias";"Sim";2;0;0;1;1;0;1;2;-7,2466;-35,6577;"SPRF-PB";"DEL02-PB";"UOP01-DEL02-PB"
513524;2023-03-29;"quarta-feira";"09:15:00";"RJ";101;56;"CAMPOS DOS GOYTACAZES";"Acessar a via sem observar a presença dos outros veículos";"Colisão transversal";"Com Vítimas Feridas";"Pleno dia";"Crescente";"Céu Claro";"Simples";"Reta";"Não";3;0;2;0;1;0;2;2;-21,692185;-41,310378;"SPRF-RJ";"DEL08-RJ";"UOP01-DEL08-RJ"
513525;2023-03-29;"quarta-feira";"11:20:00";"PI";343;0,6;"TERESINA";"Manobra de mudança de faixa";"Colisão com objeto";"Com Vítimas Feridas";"Pleno dia";"Crescente";"Céu Claro";"Dupla";"Reta;Declive;Em Obras";"Sim";2;0;1;0;1;0;1;1;-5,089569;-42,802288;"SPRF-PI";"DEL01-PI";"UOP01-DEL01-PI"
513526;2023-03-29;"quarta-feira";"10:35:00";"RJ";493;23,5;"MAGE";"Condutor deixou de manter distância do veículo da frente";"Tombamento";"Com Vítimas Feridas";"Pleno dia";"Decrescente";"Sol";"Simples";"Reta";"Não";3;0;0;1;2;0;1;3;-22,65705297;-43,061742;"SPRF-RJ";"DEL04-RJ";"UOP02-DEL04-RJ"
513527;2023-02-01;"quarta-feira";"18:25:00";"SE";101;2,3;"PROPRIA";"Entrada inopinada do pedestre";"Atropelamento de Pedestre";"Com Vítimas Feridas";"Plena Noite";"Crescente";"Céu Claro";"Dupla";"Reta";"Não";2;0;0;2;0;0;2;2;-10,22260924;-36,83049779;"SPRF-SE";"DEL02-SE";"UOP02-DEL02-SE"
513528;2023-03-29;"quarta-feira";"07:27:00";"MT";163;1114;"GUARANTA DO NORTE";"Ausência de reação do condutor";"Queda de ocupante de veículo";"Com Vítimas Feridas";"Pleno dia";"Crescente";"Céu Claro";"Simples";"Reta";"Não";3;0;1;0;2;0;1;1;-9,6833648;-54,88045563;"SPRF-MT";"DEL06-MT";"UOP03-DEL06-MT"
513531;2023-03-24;"sexta-feira";"06:55:00";"MS";163;38;"ELDORADO";"Transitar na contramão";"Colisão traseira";"Com Vítimas Feridas";"Pleno dia";"Decrescente";"Céu Claro";"Simples";"Reta";"Sim";2;0;0;1;1;0;1;2;-23,79561;-54,28776;"SPRF-MS";"DEL09-MS";"UOP02-DEL09-MS"
513536;2023-03-29;"quarta-feira";"12:15:00";"CE";20;391;"CAUCAIA";"Velocidade Incompatível";"Colisão traseira";"Com Vítimas Feridas";"Pleno dia";"Crescente";"Céu Claro";"Simples";"Reta";"Não";3;0;2;0;1;0;2;3;-3,84905477;-38,77921916;"SPRF-CE";"DEL01-CE";"UOP01-DEL01-CE"
513539;2023-03-29;"quarta-feira";"13:00:00";"ES";101;282;"CARIACICA";"Reação tardia ou ineficiente do condutor";"Tombamento";"Com Vítimas Feridas";"Pleno dia";"Crescente";"Céu Claro";"Simples";"Curva";"Sim";2;0;2;0;0;0;2;1;-20,22996594;-40,36752462;"SPRF-ES";"DEL01-ES";"UOP01-DEL01-ES"
513540;2023-03-29;"quarta-feira";"09:00:00";"SC";280;59;"GUARAMIRIM";"Acessar a via sem observar a presença dos outros veículos";"Colisão transversal";"Com Vítimas Feridas";"Pleno dia";"Crescente";"Céu Claro";"Dupla";"Curva";"Sim";2;0;1;0;1;0;1;2;-26,47525778;-49,03098916;"SPRF-SC";"DEL03-SC";"UOP03-DEL03-SC"
513541;2023-03-29;"quarta-feira";"12:30:00";"MT";70;524;"VARZEA GRANDE";"Acessar a via sem observar a presença dos outros veículos";"Colisão frontal";"Com Vítimas Feridas";"Pleno dia";"Crescente";"Céu Claro";"Simples";"Reta";"Não";2;0;1;0;1;0;1;2;-15,652279;-56,201459;"SPRF-MT";"DEL01-MT";"UOP02-DEL01-MT"
513542;2023-03-29;"quarta-feira";"09:30:00";"MT";364;165;"PEDRA PRETA";"Reação tardia ou ineficiente do condutor";"Capotamento";"Com Vítimas Feridas";"Pleno dia";"Crescente";"Céu Claro";"Simples";"Reta";"Não";1;0;1;0;0;0;1;1;-16,67835079;-54,29787281;"SPRF-MT";"DEL02-MT";"UOP01-DEL02-MT"
513544;2023-03-29;"quarta-feira";"13:20:00";"SC";470;0,9;"NAVEGANTES";"Avarias e/ou desgaste excessivo no pneu";"Tombamento";"Com Vítimas Feridas";"Pleno dia";"Crescente";"Céu Claro";"Múltipla";"Reta";"Sim";1;0;0;1;0;0;1;1;-26,88232;-48,66183;"SPRF-SC";"DEL04-SC";"UOP04-DEL04-SC"
513546;2023-03-29;"quarta-feira";"13:35:00";"MS";163;508;"JARAGUARI";"Reação tardia ou ineficiente do condutor";"Saída de leito carroçável";"Com Vítimas Feridas";"Pleno dia";"Decrescente";"Céu Claro";"Dupla";"Reta";"Não";1;0;0;1;0;0;1;1;-20,26293394;-54,48405626;"SPRF-MS";"DEL01-MS";"UOP02-DEL01-MS"
513547;2023-03-20;"segunda-feira";"12:40:00";"MS";262;683,5;"CORUMBA";"Reação tardia ou ineficiente do condutor";"Saída de leito carroçável";"Com Vítimas Feridas";"Pleno dia";"Crescente";"Nublado";"Simples";"Reta";"Não";3;0;2;0;0;1;2;2;-19,5496857;-57,2257069;"SPRF-MS";"DEL03-MS";"UOP03-DEL03-MS"
513549;2023-03-29;"quarta-feira";"09:00:00";"RO";364;377;"OURO PRETO DO OESTE";"Avarias e/ou desgaste excessivo no pneu";"Tombamento";"Com Vítimas Feridas";"Pleno dia";"Crescente";"Céu Claro";"Simples";"Declive;Reta";"Não";2;0;1;1;0;0;2;1;-10,73866106;-62,20081394;"SPRF-RO";"DEL02-RO";"UOP01-DEL02-RO"
513555;2023-03-29;"quarta-feira";"15:10:00";"PE";101;41,8;"IGARASSU";"Pista Escorregadia";"Tombamento";"Com Vítimas Feridas";"Pleno dia";"Crescente";"Chuva";"Múltipla";"Reta";"Sim";2;0;1;0;1;0;1;1;-7,83038346;-34,91426785;"SPRF-PE";"DEL01-PE";"UOP02-DEL01-PE"
513556;2023-03-29;"quarta-feira";"12:40:00";"SC";101;136;"BALNEARIO CAMBORIU";"Estacionar ou parar em local proibido";"Colisão traseira";"Com Vítimas Feridas";"Pleno dia";"Crescente";"Sol";"Múltipla";"Curva";"Sim";2;0;1;0;1;0;1;2;-27,008113;-48,617245;"SPRF-SC";"DEL04-SC";"UOP03-DEL04-SC"
513558;2023-03-29;"quarta-feira";"13:05:00";"RS";116;148,3;"CAXIAS DO SUL";"Reação tardia ou ineficiente do condutor";"Colisão com objeto";"Com Vítimas Feridas";"Pleno dia";"Crescente";"Céu Claro";"Dupla";"Curva";"Sim";1;0;0;1;0;0;1;1;-29,15782049;-51,15170002;"SPRF-RS";"DEL05-RS";"UOP01-DEL05-RS"
513559;2023-03-29;"quarta-feira";"15:00:00";"RJ";101;293,7;"ITABORAI";"Trafegar com motocicleta (ou similar) entre as faixas";"Colisão lateral mesmo sentido";"Com Vítimas Feridas";"Pleno dia";"Decrescente";"Céu Claro";"Dupla";"Reta";"Não";3;0;2;0;1;0;2;2;-22,75574259;-42,89120436;"SPRF-RJ";"DEL02-RJ";"UOP02-DEL02-RJ"
513560;2023-03-29;"quarta-feira";"13:20:00";"GO";452;2;"RIO VERDE";"Acessar a via sem observar a presença dos outros veículos";"Colisão lateral mesmo sentido";"Com Vítimas Feridas";"Pleno dia";"Decrescente";"Céu Claro";"Múltipla";"Retorno Regulamentado;Curva";"Sim";3;0;2;0;1;0;2;2;-17,79595391;-50,88555295;"SPRF-GO";"DEL04-GO";"UOP01-DEL04-GO"
513561;2023-03-29;"quarta-feira";"15:00:00";"BA";324;605;"SIMOES FILHO";"Demais falhas mecânicas ou elétricas";"Incêndio";"Sem Vítimas";"Pleno dia";"Decrescente";"Céu Claro";"Dupla";"Reta";"Não";4;0;0;0;4;0;0;1;-12,78605114;-38,40972508;"SPRF-BA";"DEL01-BA";"UOP01-DEL01-BA"
513563;2023-03-29;"quarta-feira";"11:00:00";"PR";369;239;"JANDAIA DO SUL";"Condutor deixou de manter distância do veículo da frente";"Colisão traseira";"Sem Vítimas";"Pleno dia";"Crescente";"Céu Claro";"Simples";"Reta";"Não";3;0;0;0;2;1;0;2;-23,67085;-51,69368;"SPRF-PR";"DEL09-PR";"UOP01-DEL09-PR"
513564;2023-03-29;"quarta-feira";"16:45:00";"SP";116;201;"ARUJA";"Manobra de mudança de faixa";"Colisão lateral mesmo sentido";"Com Vítimas Feridas";"Pleno dia";"Crescente";"Chuva";"Múltipla";"Reta";"Sim";2;0;0;1;1;0;1;2;-23,40362877;-46,33050107;"SPRF-SP";"DEL01-SP";"UOP01-DEL01-SP"
513565;2023-02-13;"segunda-feira";"11:15:00";"SC";101;194;"BIGUACU";"Trafegar com motocicleta (ou similar) entre as faixas";"Colisão lateral mesmo sentido";"Com Vítimas Feridas";"Pleno dia";"Crescente";"Sol";"Múltipla";"Reta";"Sim";2;0;1;0;1;0;1;2;-27,49815117;-48,65661236;"SPRF-SC";"DEL01-SC";"UOP01-DEL01-SC"
513567;2023-03-29;"quarta-feira";"14:20:00";"GO";153;185;"URUACU";"Conversão proibida";"Colisão traseira";"Com Vítimas Feridas";"Pleno dia";"Crescente";"Céu Claro";"Simples";"Reta";"Não";5;0;4;0;1;0;4;2;-14,386441;-49,157879;"SPRF-GO";"DEL07-GO";"UOP02-DEL07-GO"
513568;2023-03-29;"quarta-feira";"16:30:00";"SP";153;61,7;"SAO JOSE DO RIO PRETO";"Manobra de mudança de faixa";"Colisão lateral mesmo sentido";"Com Vítimas Feridas";"Pleno dia";"Crescente";"Céu Claro";"Dupla";"Reta";"Sim";2;0;1;0;1;0;1;2;-20,80502876;-49,35574909;"SPRF-SP";"DEL09-SP";"UOP01-DEL09-SP"
513571;2023-03-29;"quarta-feira";"14:40:00";"DF";20;21;"BRASILIA";"Reação tardia ou ineficiente do condutor";"Atropelamento de Pedestre";"Com Vítimas Feridas";"Pleno dia";"Crescente";"Céu Claro";"Dupla";"Aclive";"Sim";3;0;0;1;1;1;1;2;-15,603384;-47,684692;"SPRF-DF";"DEL02-DF";"UOP01-DEL02-DF"
513572;2023-03-29;"quarta-feira";"18:05:00";"SP";116;227;"GUARULHOS";"Reação tardia ou ineficiente do condutor";"Queda de ocupante de veículo";"Com Vítimas Feridas";"Anoitecer";"Decrescente";"Chuva";"Múltipla";"Reta";"Sim";3;0;1;0;1;1;1;3;-23,49659264;-46,55648754;"SPRF-SP";"DEL01-SP";"UOP01-DEL01-SP"
513573;2023-03-29;"quarta-feira";"17:00:00";"RN";226;385;"SERRINHA DOS PINTOS";"Transitar na contramão";"Colisão frontal";"Com Vítimas Fatais";"Anoitecer";"Decrescente";"Céu Claro";"Simples";"Reta;Declive";"Não";2;1;0;0;1;0;0;2;-6,187116;-38,006958;"SPRF-RN";"DEL04-RN";"UOP02-DEL04-RN"
513574;2023-03-29;"quarta-feira";"16:30:00";"SC";282;624;"IRACEMINHA";"Condutor deixou de manter distância do veículo da frente";"Colisão traseira";"Com Vítimas Feridas";"Pleno dia";"Decrescente";"Chuva";"Simples";"Reta";"Não";2;0;1;0;1;0;1;2;-26,798008;-53,34169;"SPRF-SC";"DEL07-SC";"UOP02-DEL07-SC"
513575;2023-03-29;"quarta-feira";"17:00:00";"PI";343;343;"TERESINA";"Condutor deixou de manter distância do veículo da frente";"Colisão traseira";"Com Vítimas Feridas";"Pleno dia";"Crescente";"Céu Claro";"Simples";"Reta";"Sim";2;0;1;0;0;1;1;2;-5,087904;-42,758401;"SPRF-PI";"DEL01-PI";"UOP01-DEL01-PI"
513581;2023-03-29;"quarta-feira";"17:30:00";"MG";381;925;"ITAPEVA";"Velocidade Incompatível";"Saída de leito carroçável";"Com Vítimas Feridas";"Pleno dia";"Decrescente";"Chuva";"Dupla";"Curva";"Sim";1;0;1;0;0;0;1;1;-22,777207;-46,23911301;"SPRF-MG";"DEL16-MG";"UOP03-DEL16-MG"
513582;2023-03-29;"quarta-feira";"17:45:00";"CE";116;13;"FORTALEZA";"Transitar na contramão";"Colisão frontal";"Com Vítimas Feridas";"Anoitecer";"Decrescente";"Céu Claro";"Dupla";"Reta";"Sim";2;0;0;1;1;0;1;2;-3,86088501;-38,49715296;"SPRF-CE";"DEL01-CE";"UOP02-DEL01-CE"