"id";"data_inversa";"dia_semana";"horario";"uf";"br";"km";"municipio";"causa_acidente";"tipo_acidente";"classificacao_acidente";"fase_dia";"sentido_via";"condicao_metereologica";"tipo_pista";"tracado_via";"uso_solo";"pessoas";"mortos";"feridos_leves";"feridos_graves";"ilesos";"ignorados";"feridos";"veiculos";"latitude";"longitude";"regional";"delegacia";"uop"
513585;2023-03-29;"quarta-feira";"17:45:00";"SP";116;220;"GUARULHOS";"Ultrapassagem Indevida";"Colisão traseira";"Com Vítimas Feridas";"Pleno dia";"Crescente";"Céu Claro";"Múltipla";"Reta";"Sim";3;0;0;1;2;0;1;3;-23,46472809;-46,49793962;"SPRF-SP";"DEL01-SP";"UOP01-DEL01-SP"
513587;2023-03-29;"quarta-feira";"17:40:00";"PR";277;718,5;"FOZ DO IGUACU";"Pedestre andava na pista";"Atropelamento de Pedestre";"Com Vítimas Feridas";"Pleno dia";"Decrescente";"Céu Claro";"Dupla";"Reta";"Não";2;0;0;1;1;0;1;2;-25,48013487;-54,48530406;"SPRF-PR";"DEL05-PR";"UOP03-DEL05-PR"
513588;2023-03-29;"quarta-feira";"17:55:00";"SC";101;117;"ITAJAI";"Desrespeitar a preferência no cruzamento";"Colisão transversal";"Com Vítimas Feridas";"Anoitecer";"Crescente";"Céu Claro";"Múltipla";"Interseção de Vias;Rotatória";"Sim";2;0;1;0;1;0;1;2;-26,89004771;-48,7218976;"SPRF-SC";"DEL04-SC";"UOP04-DEL04-SC"
513589;2023-03-29;"quarta-feira";"17:30:00";"PR";277;718,8;"FOZ DO IGUACU";"Obstrução na via";"Colisão traseira";"Com Vítimas Feridas";"Pleno dia";"Decrescente";"Céu Claro";"Dupla";"Declive";"Não";3;0;1;0;2;0;1;2;-25,48013487;-54,48530406;"SPRF-PR";"DEL05-PR";"UOP03-DEL05-PR"
513591;2023-03-29;"quarta-feira";"17:30:00";"PR";163;251;"TOLEDO";"Avarias e/ou desgaste excessivo no pneu";"Saída de leito carroçável";"Com Vítimas Feridas";"Anoitecer";"Crescente";"Chuva";"Dupla";"Reta";"Não";2;0;1;0;1;0;1;1;-24,69499806;-53,74153005;"SPRF-PR";"DEL06-PR";"UOP02-DEL06-PR"
513592;2023-03-29;"quarta-feira";"18:10:00";"SP";116;225;"GUARULHOS";"Trafegar com motocicleta (ou similar) entre as faixas";"Colisão traseira";"Com Vítimas Feridas";"Plena Noite";"Decrescente";"Céu Claro";"Múltipla";"Reta";"Não";5;0;1;0;4;0;1;3;-23,48586772;-46,54075317;"SPRF-SP";"DEL01-SP";"UOP01-DEL01-SP"
513593;2023-03-25;"sábado";"01:10:00";"MS";376;50,8;"JATEI";"Ingestão de álcool pelo condutor";"Colisão traseira";"Com Vítimas Feridas";"Plena Noite";"Crescente";"Céu Claro";"Simples";"Reta";"Não";4;0;3;0;1;0;3;2;-22,45212372;-54,32778388;"SPRF-MS";"DEL04-MS";"UOP01-DEL04-MS"
513594;2023-03-29;"quarta-feira";"17:45:00";"MA";135;4;"SAO LUIS";"Reação tardia ou ineficiente do condutor";"Engavetamento";"Com Vítimas Feridas";"Plena Noite";"Decrescente";"Céu Claro";"Dupla";"Reta";"Sim";4;0;1;0;3;0;1;4;-2,61424881;-44,25257023;"SPRF-MA";"DEL01-MA";"UOP01-DEL01-MA"
513595;2023-03-29;"quarta-feira";"18:00:00";"RN";110;47,3;"MOSSORO";"Ausência de reação do condutor";"Colisão traseira";"Com Vítimas Feridas";"Anoitecer";"Crescente";"Nublado";"Simples";"Reta";"Sim";2;0;1;0;1;0;1;2;-5,20477922;-37,32763391;"SPRF-RN";"DEL04-RN";"UOP01-DEL04-RN"
513596;2023-03-29;"quarta-feira";"18:20:00";"RS";158;145,6;"PANAMBI";"Reação tardia ou ineficiente do condutor";"Colisão lateral sentido oposto";"Com Vítimas Feridas";"Anoitecer";"Decrescente";"Céu Claro";"Múltipla";"Reta;Aclive";"Não";2;0;1;0;1;0;1;2;-28,24134706;-53,48065714;"SPRF-RS";"DEL10-RS";"UOP02-DEL10-RS"
513597;2023-03-29;"quarta-feira";"18:30:00";"RN";101;98;"NATAL";"Manobra de mudança de faixa";"Colisão traseira";"Com Vítimas Feridas";"Plena Noite";"Crescente";"Céu Claro";"Dupla";"Declive;Reta";"Sim";2;0;0;1;1;0;1;2;-5,86567888;-35,21651625;"SPRF-RN";"DEL01-RN";"UOP01-DEL01-RN"
513598;2023-03-29;"quarta-feira";"16:25:00";"GO";60;14,6;"ALEXANIA";"Ultrapassagem Indevida";"Colisão transversal";"Sem Vítimas";"Pleno dia";"Decrescente";"Céu Claro";"Dupla";"Curva";"Não";2;0;0;0;2;0;0;2;-16,094168;-48,517212;"SPRF-DF";"DEL03-DF";"UOP01-DEL03-DF"
513599;2023-03-29;"quarta-feira";"16:00:00";"MG";116;511,9;"UBAPORANGA";"Ausência de reação do condutor";"Tombamento";"Com Vítimas Feridas";"Pleno dia";"Crescente";"Céu Claro";"Simples";"Reta";"Não";1;0;1;0;0;0;1;1;-19,65371791;-42,11137522;"SPRF-MG";"DEL06-MG";"UOP02-DEL06-MG"
513600;2023-03-29;"quarta-feira";"18:30:00";"PR";116;103;"SAO JOSE DOS PINHAIS";"Desrespeitar a preferência no cruzamento";"Colisão transversal";"Com Vítimas Feridas";"Plena Noite";"Crescente";"Garoa/Chuvisco";"Simples";"Interseção de Vias";"Sim";6;0;3;0;3;0;3;2;-25,57109163;-49,19675589;"SPRF-PR";"DEL01-PR";"UOP07-DEL01-PR"
513601;2023-03-29;"quarta-feira";"19:00:00";"GO";70;8;"AGUAS LINDAS DE GOIAS";"Ausência de sinalização";"Colisão traseira";"Com Vítimas Feridas";"Plena Noite";"Crescente";"Céu Claro";"Dupla";"Aclive;Curva";"Sim";2;0;0;1;1;0;1;2;-15,735239;-48,279578;"SPRF-DF";"DEL03-DF";"UOP02-DEL03-DF"
513602;2023-01-29;"domingo";"10:41:00";"RN";101;45,2;"MAXARANGUAPE";"Avarias e/ou desgaste excessivo no pneu";"Tombamento";"Com Vítimas Feridas";"Pleno dia";"Decrescente";"Sol";"Simples";"Aclive";"Não";2;0;1;1;0;0;2;1;-5,48513925;-35,32443409;"SPRF-RN";"DEL02-RN";"UOP01-DEL02-RN"
513604;2023-03-29;"quarta-feira";"18:40:00";"PB";230;110;"INGA";"Demais falhas mecânicas ou elétricas";"Incêndio";"Sem Vítimas";"Plena Noite";"Crescente";"Céu Claro";"Dupla";"Reta";"Não";2;0;0;0;2;0;0;1;-7,2056;-35,5653;"SPRF-PB";"DEL01-PB";"UOP03-DEL01-PB"
513605;2023-03-29;"quarta-feira";"14:10:00";"GO";452;0,1;"RIO VERDE";"Faixas de trânsito com largura insuficiente";"Colisão lateral mesmo sentido";"Sem Vítimas";"Pleno dia";"Decrescente";"Céu Claro";"Dupla";"Interseção de Vias;Viaduto";"Sim";2;0;0;0;2;0;0;2;-17,786345;-50,901516;"SPRF-GO";"DEL04-GO";"UOP01-DEL04-GO"
513606;2023-03-29;"quarta-feira";"19:00:00";"SC";282;82;"RANCHO QUEIMADO";"Acumulo de água sobre o pavimento";"Capotamento";"Com Vítimas Feridas";"Plena Noite";"Crescente";"Chuva";"Simples";"Curva";"Não";3;0;3;0;0;0;3;1;-27,662027;-49,178356;"SPRF-SC";"DEL01-SC";"UOP03-DEL01-SC"
513607;2023-03-29;"quarta-feira";"19:15:00";"MS";163;484,4;"CAMPO GRANDE";"Desrespeitar a preferência no cruzamento";"Colisão transversal";"Com Vítimas Feridas";"Plena Noite";"Crescente";"Céu Claro";"Simples";"Reta";"Não";3;0;1;1;1;0;2;2;-20,45104898;-54,5403266;"SPRF-MS";"DEL01-MS";"UOP02-DEL01-MS"
513609;2023-03-29;"quarta-feira";"19:00:00";"RJ";116;185;"NOVA IGUACU";"Trafegar com motocicleta (ou similar) entre as faixas";"Colisão lateral mesmo sentido";"Com Vítimas Feridas";"Plena Noite";"Crescente";"Céu Claro";"Simples";"Reta";"Sim";3;0;1;0;2;0;1;2;-22,73573614;-43,54749701;"SPRF-RJ";"DEL01-RJ";"UOP02-DEL01-RJ"
513610;2023-03-29;"quarta-feira";"19:30:00";"BA";116;840;"VITORIA DA CONQUISTA";"Demais falhas mecânicas ou elétricas";"Tombamento";"Com Vítimas Feridas";"Plena Noite";"Decrescente";"Céu Claro";"Simples";"Reta";"Não";1;0;1;0;0;0;1;1;-14,99162275;-40,92918623;"SPRF-BA";"DEL08-BA";"UOP01-DEL08-BA"
513611;2023-03-29;"quarta-feira";"18:00:00";"PR";153;467,3;"PORTO VITORIA";"Pista Escorregadia";"Tombamento";"Com Vítimas Feridas";"Anoitecer";"Crescente";"Chuva";"Simples";"Aclive;Curva";"Não";1;0;1;0;0;0;1;1;-26,28495015;-51,19427204;"SPRF-PR";"DEL02-PR";"UOP03-DEL02-PR"
513612;2023-03-29;"quarta-feira";"17:50:00";"PR";163;134,1;"CAPITAO LEONIDAS MARQUES";"Velocidade Incompatível";"Saída de leito carroçável";"Com Vítimas Feridas";"Plena Noite";"Decrescente";"Chuva";"Dupla";"Reta";"Não";1;0;1;0;0;0;1;1;-25,546616;-53,59186798;"SPRF-PR";"DEL05-PR";"UOP05-DEL05-PR"
513613;2023-03-29;"quarta-feira";"19:30:00";"MG";116;276;"TEOFILO OTONI";"Obras na pista";"Tombamento";"Com Vítimas Feridas";"Plena Noite";"Decrescente";"Céu Claro";"Simples";"Reta";"Sim";2;0;2;0;0;0;2;1;-17,85105696;-41,51454492;"SPRF-MG";"DEL11-MG";"UOP01-DEL11-MG"
513616;2023-03-29;"quarta-feira";"19:30:00";"BA";101;879;"TEIXEIRA DE FREITAS";"Conversão proibida";"Colisão transversal";"Com Vítimas Feridas";"Pleno dia";"Decrescente";"Céu Claro";"Simples";"Reta";"Sim";2;0;1;0;1;0;1;2;-17,5532089;-39,72312927;"SPRF-BA";"DEL09-BA";"UOP02-DEL09-BA"
513617;2023-03-29;"quarta-feira";"18:30:00";"MG";116;276;"TEOFILO OTONI";"Obras na pista";"Tombamento";"Com Vítimas Feridas";"Plena Noite";"Decrescente";"Céu Claro";"Simples";"Em Obras;Reta";"Sim";1;0;0;1;0;0;1;1;-17,85320842;-41,51417971;"SPRF-MG";"DEL11-MG";"UOP01-DEL11-MG"
513618;2023-03-29;"quarta-feira";"18:25:00";"SC";101;119;"ITAJAI";"Condutor deixou de manter distância do veículo da frente";"Colisão traseira";"Com Vítimas Feridas";"Anoitecer";"Crescente";"Céu Claro";"Dupla";"Reta";"Sim";2;0;1;0;0;1;1;2;-26,9043179;-48,71555481;"SPRF-SC";"DEL04-SC";"UOP04-DEL04-SC"
513619;2023-03-29;"quarta-feira";"18:40:00";"RO";364;512;"ARIQUEMES";"Acessar a via sem observar a presença dos outros veículos";"Colisão frontal";"Com Vítimas Feridas";"Plena Noite";"Decrescente";"Nublado";"Simples";"Curva;Interseção de Vias";"Não";2;0;0;1;1;0;1;2;-9,94186175;-63,05531144;"SPRF-RO";"DEL03-RO";"UOP01-DEL03-RO"
513622;2023-03-29;"quarta-feira";"16:55:00";"RS";287;355,1;"JAGUARI";"Falta de acostamento";"Saída de leito carroçável";"Com Vítimas Feridas";"Pleno dia";"Decrescente";"Céu Claro";"Simples";"Curva";"Não";1;0;1;0;0;0;1;1;-29,48062578;-54,68770981;"SPRF-RS";"DEL12-RS";"UOP02-DEL12-RS"
513623;2023-03-29;"quarta-feira";"18:50:00";"MG";116;654,8;"SAO FRANCISCO DO GLORIA";"Demais Fenômenos da natureza";"Colisão traseira";"Com Vítimas Feridas";"Plena Noite";"Crescente";"Nublado";"Simples";"Reta;Declive";"Não";2;0;1;0;1;0;1;2;-20,74986018;-42,29241383;"SPRF-MG";"DEL07-MG";"UOP02-DEL07-MG"
513624;2023-03-29;"quarta-feira";"22:00:00";"RN";101;98,4;"NATAL";"Ingestão de álcool pelo condutor";"Eventos atípicos";"Sem Vítimas";"Plena Noite";"Crescente";"Céu Claro";"Simples";"Reta";"Não";2;0;0;0;2;0;0;2;-5,87088171;-35,21922827;"SPRF-RN";"DEL01-RN";"UOP01-DEL01-RN"
513625;2023-03-29;"quarta-feira";"22:15:00";"SP";116;184;"SANTA ISABEL";"Ingestão de álcool pelo condutor";"Colisão com objeto";"Com Vítimas Feridas";"Plena Noite";"Decrescente";"Garoa/Chuvisco";"Dupla";"Reta";"Não";2;0;1;0;0;1;1;2;-23,3522394;-46,18650271;"SPRF-SP";"DEL01-SP";"UOP01-DEL01-SP"
513626;2023-03-29;"quarta-feira";"15:17:00";"BA";101;323,5;"PRESIDENTE TANCREDO NEVES";"Acessar a via sem observar a presença dos outros veículos";"Colisão transversal";"Com Vítimas Fatais";"Pleno dia";"Decrescente";"Céu Claro";"Simples";"Reta";"Não";2;1;0;0;1;0;0;2;-13,420968;-39,414161;"SPRF-BA";"DEL05-BA";"UOP03-DEL05-BA"
513627;2023-03-29;"quarta-feira";"21:00:00";"SP";116;271;"TABOAO DA SERRA";"Acumulo de óleo sobre o pavimento";"Colisão transversal";"Com Vítimas Feridas";"Plena Noite";"Crescente";"Céu Claro";"Dupla";"Reta";"Sim";3;0;1;0;2;0;1;2;-23,61809286;-46,80556302;"SPRF-SP";"DEL04-SP";"UOP01-DEL04-SP"
513629;2023-03-29;"quarta-feira";"22:29:00";"PA";10;354;"SANTA MARIA DO PARA";"Acesso irregular";"Atropelamento de Pedestre";"Com Vítimas Feridas";"Plena Noite";"Crescente";"Céu Claro";"Simples";"Reta";"Sim";3;0;0;1;0;2;1;2;-1,34759789;-47,57735696;"SPRF-PA";"DEL01-PA";"UOP02-DEL01-PA"
513631;2023-03-29;"quarta-feira";"23:10:00";"PB";230;167,4;"CAMPINA GRANDE";"Ausência de reação do condutor";"Colisão frontal";"Sem Vítimas";"Plena Noite";"Crescente";"Chuva";"Simples";"Aclive";"Não";2;0;0;0;2;0;0;2;-7,195;-35,9619;"SPRF-PB";"DEL02-PB";"UOP02-DEL02-PB"
513632;2023-03-29;"quarta-feira";"21:00:00";"RS";392;265;"CACAPAVA DO SUL";"Acumulo de água sobre o pavimento";"Colisão com objeto";"Com Vítimas Feridas";"Plena Noite";"Crescente";"Chuva";"Simples";"Curva";"Não";4;0;4;0;0;0;4;1;-30,43565;-53,49964142;"SPRF-RS";"DEL09-RS";"UOP02-DEL09-RS"
513633;2023-03-29;"quarta-feira";"23:40:00";"RJ";40;124;"DUQUE DE CAXIAS";"Reação tardia ou ineficiente do condutor";"Colisão traseira";"Com Vítimas Feridas";"Plena Noite";"Crescente";"Céu Claro";"Múltipla";"Reta";"Sim";12;0;2;0;4;6;2;5;-22,807953;-43,289124;"SPRF-RJ";"DEL01-RJ";"UOP01-DEL01-RJ"
513635;2023-03-29;"quarta-feira";"23:57:00";"DF";80;5;"BRASILIA";"Ingestão de álcool pelo condutor";"Colisão traseira";"Com Vítimas Feridas";"Plena Noite";"Crescente";"Céu Claro";"Simples";"Reta";"Não";3;0;2;0;1;0;2;2;-15,729602;-48,121304;"SPRF-DF";"DEL03-DF";"UOP02-DEL03-DF"
513638;2023-03-29;"quarta-feira";"23:10:00";"SP";116;226;"GUARULHOS";"Reação tardia ou ineficiente do condutor";"Colisão traseira";"Com Vítimas Feridas";"Plena Noite";"Decrescente";"Nublado";"Dupla";"Aclive;Reta";"Sim";2;0;1;0;1;0;1;2;-23,49388008;-46,55298829;"SPRF-SP";"DEL01-SP";"UOP01-DEL01-SP"
513640;2023-03-29;"quarta-feira";"20:00:00";"BA";101;904;"IBIRAPUA";"Ultrapassagem Indevida";"Colisão frontal";"Com Vítimas Fatais";"Plena Noite";"Crescente";"Nublado";"Simples";"Reta;Aclive";"Não";1;1;0;0;0;0;0;1;-17,754689;-39,767917;"SPRF-BA";"DEL09-BA";"UOP02-DEL09-BA"
513642;2023-03-30;"quinta-feira";"02:15:00";"MG";50;87,1;"UBERLANDIA";"Condutor Dormindo";"Saída de leito carroçável";"Com Vítimas Feridas";"Plena Noite";"Decrescente";"Céu Claro";"Dupla";"Reta";"Não";3;0;1;0;2;0;1;1;-19,02250908;-48,20461726;"SPRF-MG";"DEL15-MG";"UOP01-DEL15-MG"
513645;2023-03-30;"quinta-feira";"04:06:00";"ES";101;286,5;"CARIACICA";"Demais falhas mecânicas ou elétricas";"Incêndio";"Sem Vítimas";"Plena Noite";"Crescente";"Céu Claro";"Dupla";"Curva";"Sim";1;0;0;0;0;1;0;1;-20,25902175;-40,37753412;"SPRF-ES";"DEL01-ES";"UOP01-DEL01-ES"
513647;2023-03-30;"quinta-feira";"04:20:00";"RS";290;114;"ELDORADO DO SUL";"Ausência de reação do condutor";"Saída de leito carroçável";"Com Vítimas Feridas";"Plena Noite";"Decrescente";"Céu Claro";"Simples";"Reta";"Não";2;0;1;0;1;0;1;1;-30,044607;-51,347553;"SPRF-RS";"DEL02-RS";"UOP01-DEL02-RS"
513648;2023-03-30;"quinta-feira";"04:30:00";"SP";381;52;"ATIBAIA";"Velocidade Incompatível";"Queda de ocupante de veículo";"Com Vítimas Feridas";"Plena Noite";"Crescente";"Vento";"Dupla";"Declive;Curva";"Não";2;0;2;0;0;0;2;1;-23,2300622;-46,59963076;"SPRF-SP";"DEL03-SP";"UOP01-DEL03-SP"
513652;2023-03-30;"quinta-feira";"06:10:00";"PE";101;42;"IGARASSU";"Acessar a via sem observar a presença dos outros veículos";"Colisão transversal";"Com Vítimas Feridas";"Pleno dia";"Crescente";"Chuva";"Dupla";"Reta;Retorno Regulamentado;Interseção de Vias";"Sim";2;0;1;0;1;0;1;2;-7,83887431;-34,91196739;"SPRF-PE";"DEL01-PE";"UOP02-DEL01-PE"
513653;2023-03-30;"quinta-feira";"04:20:00";"MG";262;418,1;"PARA DE MINAS";"Velocidade Incompatível";"Capotamento";"Com Vítimas Feridas";"Plena Noite";"Crescente";"Céu Claro";"Simples";"Curva";"Não";2;0;2;0;0;0;2;1;-19,89963382;-44,69608755;"SPRF-MG";"DEL08-MG";"UOP03-DEL08-MG"
513654;2023-03-30;"quinta-feira";"06:00:00";"BA";415;58;"ITABUNA";"Ausência de reação do condutor";"Saída de leito carroçável";"Com Vítimas Feridas";"Pleno dia";"Crescente";"Céu Claro";"Simples";"Curva";"Não";3;0;0;3;0;0;3;1;-14,849966;-39,386339;"SPRF-BA";"DEL05-BA";"UOP01-DEL05-BA"
513655;2023-03-30;"quinta-feira";"05:30:00";"RO";364;733;"PORTO VELHO";"Pedestre andava na pista";"Atropelamento de Pedestre";"Com Vítimas Fatais";"Amanhecer";"Crescente";"Céu Claro";"Simples";"Reta";"Não";2;1;0;0;0;1;0;2;-8,920867;-63,969318;"SPRF-RO";"DEL01-RO";"UOP02-DEL01-RO"
513656;2023-03-30;"quinta-feira";"05:30:00";"SP";116;212;"GUARULHOS";"Transitar na contramão";"Colisão frontal";"Com Vítimas Fatais";"Plena Noite";"Decrescente";"Nublado";"Múltipla";"Reta";"Não";3;1;1;0;1;0;1;3;-23,43608315;-46,42805094;"SPRF-SP";"DEL01-SP";"UOP01-DEL01-SP"
513657;2023-03-30;"quinta-feira";"07:45:00";"SC";101;199,6;"SAO JOSE";"Trafegar com motocicleta (ou similar) entre as faixas";"Colisão traseira";"Com Vítimas Feridas";"Pleno dia";"Crescente";"Céu Claro";"Múltipla";"Reta";"Não";2;0;2;0;0;0;2;2;-27,53413705;-48,63003205;"SPRF-SC";"DEL01-SC";"UOP01-DEL01-SC"
513658;2023-03-30;"quinta-feira";"07:10:00";"PR";277;726;"FOZ DO IGUACU";"Acumulo de água sobre o pavimento";"Saída de leito carroçável";"Com Vítimas Feridas";"Pleno dia";"Crescente";"Chuva";"Dupla";"Rotatória";"Não";1;0;1;0;0;0;1;1;-25,5106015;-54,55481999;"SPRF-PR";"DEL05-PR";"UOP03-DEL05-PR"
513661;2023-03-30;"quinta-feira";"07:10:00";"RS";158;219,9;"CRUZ ALTA";"Mal súbito do condutor";"Saída de leito carroçável";"Com Vítimas Feridas";"Pleno dia";"Decrescente";"Nublado";"Simples";"Reta;Aclive";"Não";1;0;0;1;0;0;1;1;-28,860491;-53,616013;"SPRF-RS";"DEL10-RS";"UOP02-DEL10-RS"
513662;2023-03-30;"quinta-feira";"05:40:00";"SP";116;212;"GUARULHOS";"Condutor deixou de manter distância do veículo da frente";"Colisão traseira";"Com Vítimas Feridas";"Amanhecer";"Decrescente";"Nublado";"Múltipla";"Reta";"Sim";3;0;1;1;1;0;2;2;-23,43608315;-46,42805094;"SPRF-SP";"DEL01-SP";"UOP01-DEL01-SP"
513663;2023-03-30;"quinta-feira";"07:05:00";"GO";153;497,9;"GOIANIA";"Avarias e/ou desgaste excessivo no pneu";"Queda de ocupante de veículo";"Com Vítimas Feridas";"Amanhecer";"Decrescente";"Céu Claro";"Dupla";"Declive";"Sim";2;0;1;1;0;0;2;1;-16,6854;-49,2338;"SPRF-GO";"DEL01-GO";"UOP01-DEL01-GO"
513665;2023-03-30;"quinta-feira";"06:30:00";"AL";316;269;"SATUBA";"Acessar a via sem observar a presença dos outros veículos";"Colisão transversal";"Com Vítimas Feridas";"Pleno dia";"Decrescente";"Sol";"Simples";"Reta";"Sim";2;0;1;0;1;0;1;2;-9,57589005;-35,83163597;"SPRF-AL";"DEL02-AL";"UOP01-DEL02-AL"
513668;2023-03-30;"quinta-feira";"07:30:00";"RS";448;4,9;"ESTEIO";"Condutor deixou de manter distância do veículo da frente";"Engavetamento";"Com Vítimas Feridas";"Pleno dia";"Crescente";"Céu Claro";"Dupla";"Reta";"Não";3;0;1;0;2;0;1;3;-29,849258;-51,220989;"SPRF-RS";"DEL01-RS";"UOP02-DEL01-RS"
513671;2023-03-30;"quinta-feira";"07:30:00";"MT";70;523;"VARZEA GRANDE";"Acessar a via sem observar a presença dos outros veículos";"Colisão transversal";"Com Vítimas Feridas";"Pleno dia";"Decrescente";"Sol";"Simples";"Reta";"Sim";2;0;1;0;1;0;1;2;-15,65551949;-56,19059443;"SPRF-MT";"DEL01-MT";"UOP02-DEL01-MT"
513672;2023-03-30;"quinta-feira";"08:00:00";"SC";101;113;"ITAJAI";"Acessar a via sem observar a presença dos outros veículos";"Colisão transversal";"Com Vítimas Feridas";"Pleno dia";"Decrescente";"Céu Claro";"Múltipla";"Reta";"Não";2;0;0;1;1;0;1;2;-26,85311393;-48,72689927;"SPRF-SC";"DEL04-SC";"UOP04-DEL04-SC"
513676;2023-03-30;"quinta-feira";"08:55:00";"RN";101;94;"NATAL";"Condutor deixou de manter distância do veículo da frente";"Colisão traseira";"Com Vítimas Feridas";"Pleno dia";"Crescente";"Céu Claro";"Dupla";"Reta";"Sim";2;0;1;0;1;0;1;2;-5,83176615;-35,21191342;"SPRF-RN";"DEL01-RN";"UOP01-DEL01-RN"
513677;2023-03-30;"quinta-feira";"08:05:00";"DF";20;4;"BRASILIA";"Manobra de mudança de faixa";"Colisão lateral mesmo sentido";"Sem Vítimas";"Pleno dia";"Decrescente";"Céu Claro";"Dupla";"Aclive";"Sim";2;0;0;0;2;0;0;2;-15,675484;-47,823761;"SPRF-DF";"DEL02-DF";"UOP01-DEL02-DF"
513678;2023-03-30;"quinta-feira";"07:05:00";"PR";476;151,7;"ARAUCARIA";"Ausência de reação do condutor";"Queda de ocupante de veículo";"Com Vítimas Feridas";"Pleno dia";"Crescente";"Garoa/Chuvisco";"Dupla";"Reta";"Sim";1;0;1;0;0;0;1;1;-25,570036;-49,384193;"SPRF-PR";"DEL01-PR";"UOP06-DEL01-PR"
513679;2023-03-30;"quinta-feira";"07:15:00";"PR";476;150;"ARAUCARIA";"Condutor deixou de manter distância do veículo da frente";"Colisão traseira";"Com Vítimas Feridas";"Pleno dia";"Decrescente";"Céu Claro";"Dupla";"Curva";"Não";7;0;1;0;6;0;1;7;-25,55763852;-49,36569214;"SPRF-PR";"DEL01-PR";"UOP06-DEL01-PR"
513681;2023-03-30;"quinta-feira";"07:31:00";"RJ";101;275;"TANGUA";"Ausência de reação do condutor";"Atropelamento de Pedestre";"Com Vítimas Feridas";"Pleno dia";"Decrescente";"Céu Claro";"Dupla";"Reta";"Sim";2;0;1;0;1;0;1;2;-22,73653355;-42,72909106;"SPRF-RJ";"DEL02-RJ";"UOP03-DEL02-RJ"
513682;2023-03-30;"quinta-feira";"07:50:00";"PR";116;110;"CURITIBA";"Velocidade Incompatível";"Saída de leito carroçável";"Sem Vítimas";"Pleno dia";"Decrescente";"Céu Claro";"Dupla";"Reta";"Sim";1;0;0;0;1;0;0;1;-25,57012941;-49,21736805;"SPRF-PR";"DEL01-PR";"UOP07-DEL01-PR"
513683;2023-03-30;"quinta-feira";"05:40:00";"PA";230;679;"ALTAMIRA";"Deficiência do Sistema de Iluminação/Sinalização";"Colisão traseira";"Com Vítimas Feridas";"Amanhecer";"Decrescente";"Chuva";"Simples";"Reta";"Não";30;0;1;1;28;0;2;2;-3,27946318;-52,42726395;"SPRF-PA";"DEL04-PA";"UOP01-DEL04-PA"
513684;2023-03-30;"quinta-feira";"09:15:00";"RS";386;356;"ESTRELA";"Acessar a via sem observar a presença dos outros veículos";"Colisão transversal";"Com Vítimas Fatais";"Pleno dia";"Crescente";"Céu Claro";"Dupla";"Retorno Regulamentado;Interseção de Vias";"Não";2;1;0;0;1;0;0;2;-29,52798561;-51,9311285;"SPRF-RS";"DEL04-RS";"UOP02-DEL04-RS"
513688;2023-02-22;"quarta-feira";"11:00:00";"BA";324;519,9;"FEIRA DE SANTANA";"Condutor deixou de manter distância do veículo da frente";"Engavetamento";"Com Vítimas Feridas";"Pleno dia";"Decrescente";"Céu Claro";"Dupla";"Reta";"Sim";2;0;1;0;1;0;1;1;-12,27918591;-38,92645693;"SPRF-BA";"DEL01-BA";"UOP03-DEL01-BA"
513689;2023-03-30;"quinta-feira";"08:20:00";"MG";262;478,8;"BOM DESPACHO";"Acessar a via sem observar a presença dos outros veículos";"Colisão transversal";"Com Vítimas Feridas";"Pleno dia";"Crescente";"Sol";"Simples";"Reta";"Não";2;0;0;1;1;0;1;2;-19,7828574;-45,26744843;"SPRF-MG";"DEL08-MG";"UOP03-DEL08-MG"
513690;2023-03-30;"quinta-feira";"08:55:00";"SP";116;144;"SAO JOSE DOS CAMPOS";"Ausência de reação do condutor";"Queda de ocupante de veículo";"Com Vítimas Feridas";"Pleno dia";"Crescente";"Céu Claro";"Múltipla";"Reta";"Sim";3;0;2;0;0;1;2;2;-23,18274416;-45,84633592;"SPRF-SP";"DEL02-SP";"UOP01-DEL02-SP"
513691;2023-03-30;"quinta-feira";"07:15:00";"RS";158;204;"CRUZ ALTA";"Condutor Dormindo";"Saída de leito carroçável";"Com Vítimas Feridas";"Pleno dia";"Crescente";"Nublado";"Simples";"Reta";"Não";1;0;0;1;0;0;1;1;-28,72078706;-53,59863151;"SPRF-RS";"DEL10-RS";"UOP02-DEL10-RS"
513692;2023-03-30;"quinta-feira";"09:25:00";"PB";230;14;"CABEDELO";"Acessar a via sem observar a presença dos outros veículos";"Atropelamento de Pedestre";"Com Vítimas Feridas";"Pleno dia";"Crescente";"Chuva";"Dupla";"Reta";"Sim";4;0;0;1;2;1;1;3;-7,08830512;-34,84863466;"SPRF-PB";"DEL01-PB";"UOP01-DEL01-PB"
513696;2023-01-24;"terça-feira";"18:30:00";"SC";282;115,8;"ALFREDO WAGNER";"Velocidade Incompatível";"Saída de leito carroçável";"Com Vítimas Feridas";"Pleno dia";"Decrescente";"Céu Claro";"Simples";"Curva";"Não";1;0;1;0;0;0;1;1;-27,755424;-49,39444;"SPRF-SC";"DEL01-SC";"UOP03-DEL01-SC"