"id";"data_inversa";"dia_semana";"horario";"uf";"br";"km";"municipio";"causa_acidente";"tipo_acidente";"classificacao_acidente";"fase_dia";"sentido_via";"condicao_metereologica";"tipo_pista";"tracado_via";"uso_solo";"pessoas";"mortos";"feridos_leves";"feridos_graves";"ilesos";"ignorados";"feridos";"veiculos";"latitude";"longitude";"regional";"delegacia";"uop"
513819;2023-03-30;"quinta-feira";"17:40:00";"MG";116;707;"MURIAE";"Frear bruscamente";"Colisão traseira";"Sem Vítimas";"Anoitecer";"Crescente";"Céu Claro";"Simples";"Reta";"Sim";3;0;0;0;3;0;0;2;-21,15538281;-42,38264744;"SPRF-MG";"DEL07-MG";"UOP02-DEL07-MG"
513821;2023-03-31;"sexta-feira";"00:20:00";"PR";376;180;"MARINGA";"Reação tardia ou ineficiente do condutor";"Tombamento";"Com Vítimas Feridas";"Pleno dia";"Crescente";"Céu Claro";"Dupla";"Reta";"Sim";1;0;1;0;0;0;1;1;-23,42725352;-51,89512271;"SPRF-PR";"DEL09-PR";"UOP01-DEL09-PR"
513824;2023-03-31;"sexta-feira";"04:00:00";"PR";277;674;"MEDIANEIRA";"Reação tardia ou ineficiente do condutor";"Colisão com objeto";"Com Vítimas Fatais";"Plena Noite";"Decrescente";"Ignorado";"Múltipla";"Aclive";"Não";1;1;0;0;0;0;0;1;-25,29484117;-54,11509792;"SPRF-PR";"DEL05-PR";"UOP01-DEL05-PR"
513825;2023-03-30;"quinta-feira";"23:00:00";"MA";135;1,5;"SAO LUIS";"Reação tardia ou ineficiente do condutor";"Colisão traseira";"Com Vítimas Feridas";"Plena Noite";"Decrescente";"Garoa/Chuvisco";"Dupla";"Reta";"Sim";2;0;1;0;0;1;1;2;-2,58917895;-44,24423719;"SPRF-MA";"DEL01-MA";"UOP01-DEL01-MA"
513826;2023-03-31;"sexta-feira";"05:50:00";"GO";153;435,5;"ANAPOLIS";"Velocidade Incompatível";"Saída de leito carroçável";"Com Vítimas Feridas";"Amanhecer";"Crescente";"Céu Claro";"Dupla";"Declive;Reta";"Sim";1;0;1;0;0;0;1;1;-16,291968;-48,934587;"SPRF-GO";"DEL02-GO";"UOP01-DEL02-GO"
513827;2023-03-31;"sexta-feira";"06:10:00";"SC";101;213,3;"PALHOCA";"Acessar a via sem observar a presença dos outros veículos";"Atropelamento de Pedestre";"Com Vítimas Feridas";"Pleno dia";"Crescente";"Céu Claro";"Dupla";"Viaduto;Curva";"Sim";2;0;1;0;1;0;1;2;-27,63697369;-48,66514142;"SPRF-SC";"DEL01-SC";"UOP02-DEL01-SC"
513828;2023-03-31;"sexta-feira";"04:32:00";"SC";280;53;"GUARAMIRIM";"Manobra de mudança de faixa";"Colisão transversal";"Com Vítimas Feridas";"Plena Noite";"Crescente";"Céu Claro";"Dupla";"Reta";"Sim";2;0;0;1;1;0;1;2;-26,47236756;-48,97426617;"SPRF-SC";"DEL03-SC";"UOP03-DEL03-SC"
513829;2023-03-31;"sexta-feira";"01:50:00";"RS";386;161,6;"ALMIRANTE TAMANDARE DO SUL";"Transitar na contramão";"Colisão lateral sentido oposto";"Sem Vítimas";"Plena Noite";"Decrescente";"Céu Claro";"Simples";"Curva";"Não";3;0;0;0;3;0;0;2;-28,165079;-52,837311;"SPRF-RS";"DEL08-RS";"UOP01-DEL08-RS"
513830;2023-03-31;"sexta-feira";"06:00:00";"MG";381;351,8;"JOAO MONLEVADE";"Pista em desnível";"Tombamento";"Com Vítimas Feridas";"Amanhecer";"Crescente";"Nublado";"Simples";"Reta";"Não";1;0;1;0;0;0;1;1;-19,84644336;-43,16611234;"SPRF-MG";"DEL03-MG";"UOP01-DEL03-MG"
513833;2023-03-30;"quinta-feira";"20:15:00";"RJ";393;285;"VOLTA REDONDA";"Ausência de reação do condutor";"Colisão traseira";"Sem Vítimas";"Plena Noite";"Decrescente";"Chuva";"Simples";"Reta";"Não";2;0;0;0;2;0;0;2;-22,481726;-44,06308602;"SPRF-RJ";"DEL05-RJ";"UOP04-DEL05-RJ"
513834;2023-03-31;"sexta-feira";"00:30:00";"PR";280;273;"MARMELEIRO";"Pista esburacada";"Saída de leito carroçável";"Sem Vítimas";"Plena Noite";"Decrescente";"Céu Claro";"Simples";"Curva";"Não";1;0;0;0;1;0;0;1;-26,22769427;-53,17027688;"SPRF-PR";"DEL02-PR";"UOP01-DEL02-PR"
513835;2023-03-30;"quinta-feira";"19:40:00";"RJ";393;281;"VOLTA REDONDA";"Pedestre andava na pista";"Atropelamento de Pedestre";"Com Vítimas Feridas";"Plena Noite";"Crescente";"Chuva";"Simples";"Reta";"Sim";2;0;1;0;1;0;1;2;-22,48025569;-44,02974901;"SPRF-RJ";"DEL05-RJ";"UOP04-DEL05-RJ"
513837;2023-03-31;"sexta-feira";"06:30:00";"CE";222;19,1;"CAUCAIA";"Condutor deixou de manter distância do veículo da frente";"Colisão traseira";"Com Vítimas Feridas";"Pleno dia";"Crescente";"Nublado";"Simples";"Em Obras;Aclive;Reta";"Não";2;0;0;1;1;0;1;2;-3,74442;-38,728592;"SPRF-CE";"DEL01-CE";"UOP01-DEL01-CE"
513838;2023-03-31;"sexta-feira";"07:20:00";"DF";70;18;"BRASILIA";"Condutor Dormindo";"Saída de leito carroçável";"Com Vítimas Feridas";"Pleno dia";"Crescente";"Céu Claro";"Dupla";"Reta;Declive";"Não";1;0;0;1;0;0;1;1;-15,791124;-48,211425;"SPRF-DF";"DEL03-DF";"UOP02-DEL03-DF"
513839;2023-03-31;"sexta-feira";"07:00:00";"MG";116;413;"GOVERNADOR VALADARES";"Acesso irregular";"Colisão lateral mesmo sentido";"Com Vítimas Feridas";"Pleno dia";"Crescente";"Céu Claro";"Simples";"Interseção de Vias";"Sim";2;0;2;0;0;0;2;2;-18,873907;-41,966366;"SPRF-MG";"DEL06-MG";"UOP01-DEL06-MG"
513840;2023-03-31;"sexta-feira";"07:30:00";"SP";116;139,8;"SAO JOSE DOS CAMPOS";"Condutor deixou de manter distância do veículo da frente";"Colisão traseira";"Com Vítimas Feridas";"Pleno dia";"Crescente";"Céu Claro";"Dupla";"Reta";"Sim";2;0;1;0;1;0;1;2;-23,16153216;-45,80400592;"SPRF-SP";"DEL02-SP";"UOP01-DEL02-SP"
513841;2023-03-31;"sexta-feira";"07:40:00";"CE";116;10;"FORTALEZA";"Manobra de mudança de faixa";"Colisão traseira";"Com Vítimas Feridas";"Pleno dia";"Crescente";"Chuva";"Dupla";"Reta";"Sim";2;0;1;0;1;0;1;2;-3,83603805;-38,5027281;"SPRF-CE";"DEL01-CE";"UOP02-DEL01-CE"
513843;2023-03-31;"sexta-feira";"07:00:00";"RJ";356;28;"ITAPERUNA";"Animais na Pista";"Atropelamento de Animal";"Com Vítimas Feridas";"Pleno dia";"Crescente";"Céu Claro";"Simples";"Reta";"Não";1;0;1;0;0;0;1;1;-21,18452104;-41,93630101;"SPRF-RJ";"DEL08-RJ";"UOP03-DEL08-RJ"
513844;2023-03-31;"sexta-feira";"06:30:00";"MT";163;1036;"MATUPA";"Entrada inopinada do pedestre";"Atropelamento de Pedestre";"Com Vítimas Feridas";"Pleno dia";"Crescente";"Céu Claro";"Simples";"Reta";"Não";4;0;4;0;0;0;4;4;-10,20115;-54,957027;"SPRF-MT";"DEL06-MT";"UOP03-DEL06-MT"
513845;2023-03-31;"sexta-feira";"07:20:00";"RS";116;245;"SAO LEOPOLDO";"Condutor deixou de manter distância do veículo da frente";"Colisão traseira";"Com Vítimas Feridas";"Pleno dia";"Crescente";"Céu Claro";"Dupla";"Reta";"Sim";2;0;1;0;1;0;1;2;-29,74980902;-51,15125361;"SPRF-RS";"DEL01-RS";"UOP02-DEL01-RS"
513846;2023-03-31;"sexta-feira";"08:05:00";"RS";116;244,1;"SAO LEOPOLDO";"Manobra de mudança de faixa";"Colisão lateral mesmo sentido";"Com Vítimas Feridas";"Pleno dia";"Crescente";"Sol";"Dupla";"Reta";"Sim";2;0;1;0;1;0;1;2;-29,74087684;-51,15065932;"SPRF-RS";"DEL01-RS";"UOP02-DEL01-RS"
513848;2023-03-30;"quinta-feira";"18:17:00";"MS";163;11,4;"MUNDO NOVO";"Problema com o freio";"Colisão lateral mesmo sentido";"Sem Vítimas";"Plena Noite";"Decrescente";"Céu Claro";"Simples";"Aclive";"Não";3;0;0;0;2;1;0;3;-23,96872579;-54,32871421;"SPRF-MS";"DEL09-MS";"UOP02-DEL09-MS"
513849;2023-03-31;"sexta-feira";"07:19:00";"MG";381;480,3;"CONTAGEM";"Ausência de reação do condutor";"Tombamento";"Com Vítimas Feridas";"Amanhecer";"Decrescente";"Céu Claro";"Dupla";"Reta";"Sim";1;0;0;1;0;0;1;1;-19,958756;-44,055243;"SPRF-MG";"DEL01-MG";"UOP03-DEL01-MG"
513851;2023-03-31;"sexta-feira";"08:20:00";"SC";282;16,6;"PALHOCA";"Acessar a via sem observar a presença dos outros veículos";"Colisão lateral mesmo sentido";"Com Vítimas Feridas";"Pleno dia";"Decrescente";"Sol";"Simples";"Reta";"Sim";2;0;1;0;1;0;1;2;-27,658611;-48,681847;"SPRF-SC";"DEL01-SC";"UOP02-DEL01-SC"
513852;2023-03-31;"sexta-feira";"08:00:00";"PR";369;89;"CORNELIO PROCOPIO";"Reação tardia ou ineficiente do condutor";"Colisão traseira";"Com Vítimas Feridas";"Pleno dia";"Crescente";"Céu Claro";"Dupla";"Reta";"Sim";2;0;1;0;1;0;1;2;-23,19425504;-50,65143585;"SPRF-PR";"DEL07-PR";"UOP05-DEL07-PR"
513853;2023-03-31;"sexta-feira";"07:30:00";"TO";10;460;"PALMAS";"Animais na Pista";"Atropelamento de Animal";"Com Vítimas Feridas";"Pleno dia";"Crescente";"Céu Claro";"Dupla";"Reta";"Sim";2;0;1;1;0;0;2;1;-10,18165389;-48,17412734;"SPRF-TO";"DEL01-TO";"UOP03-DEL01-TO"
513854;2023-03-31;"sexta-feira";"04:00:00";"MG";251;384;"GRAO MOGOL";"Entrada inopinada do pedestre";"Atropelamento de Pedestre";"Com Vítimas Fatais";"Plena Noite";"Crescente";"Céu Claro";"Simples";"Reta;Aclive";"Não";3;1;0;0;1;1;0;3;-16,28186648;-42,80859223;"SPRF-MG";"DEL12-MG";"UOP01-DEL12-MG"
513855;2023-03-31;"sexta-feira";"07:00:00";"ES";101;288;"CARIACICA";"Trafegar com motocicleta (ou similar) entre as faixas";"Colisão traseira";"Com Vítimas Feridas";"Pleno dia";"Crescente";"Céu Claro";"Dupla";"Reta";"Sim";2;0;0;1;1;0;1;2;-20,27160351;-40,39091743;"SPRF-ES";"DEL01-ES";"UOP01-DEL01-ES"
513856;2023-03-19;"domingo";"17:50:00";"SC";101;62,9;"ARAQUARI";"Manobra de mudança de faixa";"Colisão traseira";"Com Vítimas Feridas";"Anoitecer";"Crescente";"Céu Claro";"Dupla";"Reta";"Não";8;0;0;2;5;1;2;3;-26,45504246;-48,76711901;"SPRF-SC";"DEL03-SC";"UOP02-DEL03-SC"
513857;2023-03-31;"sexta-feira";"07:50:00";"MG";50;20,9;"UBERLANDIA";"Acessar a via sem observar a presença dos outros veículos";"Colisão traseira";"Sem Vítimas";"Pleno dia";"Crescente";"Céu Claro";"Simples";"Curva;Viaduto";"Sim";2;0;0;0;2;0;0;2;-18,93871264;-48,22059274;"SPRF-MG";"DEL15-MG";"UOP01-DEL15-MG"
513859;2023-03-14;"terça-feira";"12:15:00";"SP";101;48;"UBATUBA";"Reação tardia ou ineficiente do condutor";"Colisão traseira";"Com Vítimas Feridas";"Pleno dia";"Decrescente";"Nublado";"Simples";"Reta";"Sim";2;0;1;0;1;0;1;2;-23,43696329;-45,08768768;"SPRF-SP";"DEL06-SP";"UOP01-DEL06-SP"
513860;2023-03-31;"sexta-feira";"01:00:00";"MA";316;440;"PERITORO";"Acumulo de água sobre o pavimento";"Tombamento";"Sem Vítimas";"Plena Noite";"Crescente";"Chuva";"Simples";"Curva";"Não";3;0;0;0;3;0;0;1;-4,428898;-44,210136;"SPRF-MA";"DEL03-MA";"UOP01-DEL03-MA"
513862;2023-01-22;"domingo";"16:00:00";"SC";470;55,8;"BLUMENAU";"Acessar a via sem observar a presença dos outros veículos";"Colisão transversal";"Com Vítimas Feridas";"Pleno dia";"Crescente";"Céu Claro";"Simples";"Reta";"Sim";4;0;1;2;1;0;3;2;-26,87674;-49,127743;"SPRF-SC";"DEL04-SC";"UOP01-DEL04-SC"
513863;2023-03-11;"sábado";"22:00:00";"MG";116;631,4;"DIVINO";"Desrespeitar a preferência no cruzamento";"Colisão transversal";"Com Vítimas Feridas";"Plena Noite";"Crescente";"Nublado";"Simples";"Interseção de Vias";"Não";2;0;1;0;1;0;1;2;-20,59252397;-42,20802857;"SPRF-MG";"DEL07-MG";"UOP02-DEL07-MG"
513864;2023-03-31;"sexta-feira";"09:30:00";"RJ";101;280;"ITABORAI";"Reação tardia ou ineficiente do condutor";"Colisão traseira";"Com Vítimas Feridas";"Pleno dia";"Crescente";"Céu Claro";"Dupla";"Reta";"Não";2;0;1;0;1;0;1;2;-22,73840017;-42,77718501;"SPRF-RJ";"DEL02-RJ";"UOP03-DEL02-RJ"
513865;2023-03-31;"sexta-feira";"08:30:00";"PI";230;310;"FLORIANO";"Acesso irregular";"Colisão lateral mesmo sentido";"Com Vítimas Feridas";"Pleno dia";"Crescente";"Céu Claro";"Simples";"Reta";"Sim";3;0;2;0;0;1;2;2;-6,76580135;-43,00941327;"SPRF-PI";"DEL03-PI";"UOP01-DEL03-PI"
513866;2023-03-31;"sexta-feira";"09:30:00";"SC";116;5;"MAFRA";"Reação tardia ou ineficiente do condutor";"Engavetamento";"Sem Vítimas";"Pleno dia";"Decrescente";"Sol";"Simples";"Em Obras;Reta";"Sim";3;0;0;0;3;0;0;3;-26,14094396;-49,81508303;"SPRF-SC";"DEL06-SC";"UOP01-DEL06-SC"
513867;2023-03-31;"sexta-feira";"08:15:00";"RS";470;71,7;"LAGOA VERMELHA";"Condutor Dormindo";"Saída de leito carroçável";"Com Vítimas Feridas";"Pleno dia";"Decrescente";"Céu Claro";"Simples";"Reta;Aclive";"Não";1;0;1;0;0;0;1;1;-28,203287;-51,525436;"SPRF-RS";"DEL08-RS";"UOP05-DEL08-RS"
513869;2023-03-31;"sexta-feira";"09:30:00";"TO";10;457;"PALMAS";"Acessar a via sem observar a presença dos outros veículos";"Colisão lateral mesmo sentido";"Com Vítimas Feridas";"Pleno dia";"Crescente";"Céu Claro";"Múltipla";"Reta;Aclive";"Sim";4;0;1;0;2;1;1;3;-10,20499186;-48,16363986;"SPRF-TO";"DEL01-TO";"UOP03-DEL01-TO"
513870;2023-03-12;"domingo";"16:20:00";"SC";101;130,4;"BALNEARIO CAMBORIU";"Trafegar com motocicleta (ou similar) entre as faixas";"Colisão lateral mesmo sentido";"Com Vítimas Feridas";"Pleno dia";"Decrescente";"Céu Claro";"Simples";"Reta";"Sim";2;0;0;1;1;0;1;2;-26,98407618;-48,66977107;"SPRF-SC";"DEL04-SC";"UOP03-DEL04-SC"
513871;2023-01-02;"segunda-feira";"21:50:00";"MG";40;511,5;"RIBEIRAO DAS NEVES";"Pista Escorregadia";"Colisão traseira";"Com Vítimas Feridas";"Plena Noite";"Decrescente";"Chuva";"Dupla";"Reta";"Sim";1;0;1;0;0;0;1;1;-19,78164295;-44,11733194;"SPRF-MG";"DEL01-MG";"UOP02-DEL01-MG"
513872;2023-03-31;"sexta-feira";"09:30:00";"RO";319;63;"PORTO VELHO";"Trafegar com motocicleta (ou similar) entre as faixas";"Colisão lateral mesmo sentido";"Sem Vítimas";"Pleno dia";"Crescente";"Céu Claro";"Múltipla";"Reta";"Sim";2;0;0;0;2;0;0;2;-8,766685;-63,884052;"SPRF-RO";"DEL01-RO";"UOP01-DEL01-RO"
513873;2023-03-31;"sexta-feira";"10:00:00";"RN";101;96;"NATAL";"Ausência de reação do condutor";"Colisão traseira";"Com Vítimas Feridas";"Pleno dia";"Decrescente";"Céu Claro";"Dupla";"Reta";"Sim";5;0;3;0;2;0;3;3;-5,84949622;-35,20890752;"SPRF-RN";"DEL01-RN";"UOP01-DEL01-RN"
513874;2023-03-31;"sexta-feira";"11:00:00";"PR";376;177,5;"MARINGA";"Condutor deixou de manter distância do veículo da frente";"Colisão traseira";"Com Vítimas Feridas";"Pleno dia";"Crescente";"Céu Claro";"Múltipla";"Reta;Interseção de Vias";"Sim";2;0;1;0;1;0;1;2;-23,4148185;-51,92629205;"SPRF-PR";"DEL09-PR";"UOP01-DEL09-PR"
513875;2023-03-31;"sexta-feira";"06:30:00";"MA";135;69;"SANTA RITA";"Ultrapassagem Indevida";"Saída de leito carroçável";"Sem Vítimas";"Pleno dia";"Crescente";"Céu Claro";"Simples";"Reta";"Não";2;0;0;0;2;0;0;1;-3,13287318;-44,32482824;"SPRF-MA";"DEL01-MA";"UOP02-DEL01-MA"
513876;2023-03-19;"domingo";"08:30:00";"MS";376;41,4;"VICENTINA";"Ingestão de álcool pelo condutor";"Tombamento";"Sem Vítimas";"Pleno dia";"Crescente";"Céu Claro";"Simples";"Rotatória;Reta";"Não";1;0;0;0;1;0;0;1;-22,42656811;-54,39091466;"SPRF-MS";"DEL04-MS";"UOP01-DEL04-MS"
513877;2023-03-31;"sexta-feira";"11:10:00";"SP";381;69;"MAIRIPORA";"Mal súbito do condutor";"Colisão com objeto";"Com Vítimas Feridas";"Pleno dia";"Crescente";"Céu Claro";"Dupla";"Reta";"Não";1;0;1;0;0;0;1;1;-23,34553108;-46,56787903;"SPRF-SP";"DEL03-SP";"UOP01-DEL03-SP"
513879;2023-03-31;"sexta-feira";"07:30:00";"RO";435;84,1;"COLORADO DO OESTE";"Acessar a via sem observar a presença dos outros veículos";"Colisão transversal";"Com Vítimas Feridas";"Pleno dia";"Decrescente";"Céu Claro";"Dupla";"Interseção de Vias;Reta";"Sim";2;0;1;0;1;0;1;2;-13,12079608;-60,5428648;"SPRF-RO";"DEL04-RO";"UOP02-DEL04-RO"
513881;2023-03-31;"sexta-feira";"11:10:00";"MT";163;826;"SINOP";"Manobra de mudança de faixa";"Colisão transversal";"Com Vítimas Feridas";"Pleno dia";"Decrescente";"Sol";"Dupla";"Reta";"Sim";2;0;0;1;1;0;1;2;-11,94;-55,516;"SPRF-MT";"DEL06-MT";"UOP02-DEL06-MT"
513882;2023-03-31;"sexta-feira";"12:10:00";"SE";235;5,5;"NOSSA SENHORA DO SOCORRO";"Demais falhas mecânicas ou elétricas";"Tombamento";"Com Vítimas Feridas";"Pleno dia";"Crescente";"Céu Claro";"Dupla";"Reta";"Sim";2;0;2;0;0;0;2;1;-10,9041;-37,1278;"SPRF-SE";"DEL01-SE";"UOP01-DEL01-SE"
513883;2023-03-23;"quinta-feira";"14:00:00";"MS";376;40;"VICENTINA";"Ingestão de álcool pelo condutor";"Colisão traseira";"Com Vítimas Feridas";"Pleno dia";"Decrescente";"Céu Claro";"Simples";"Reta";"Não";2;0;1;0;1;0;1;2;-22,3869046;-54,49047089;"SPRF-MS";"DEL04-MS";"UOP01-DEL04-MS"
513884;2023-03-31;"sexta-feira";"10:45:00";"GO";364;214;"JATAI";"Reação tardia ou ineficiente do condutor";"Saída de leito carroçável";"Com Vítimas Feridas";"Pleno dia";"Crescente";"Céu Claro";"Simples";"Reta";"Não";1;0;1;0;0;0;1;1;-17,876808;-51,872562;"SPRF-GO";"DEL05-GO";"UOP01-DEL05-GO"
513885;2023-03-31;"sexta-feira";"08:00:00";"RJ";40;72;"PETROPOLIS";"Reação tardia ou ineficiente do condutor";"Colisão traseira";"Com Vítimas Feridas";"Pleno dia";"Decrescente";"Sol";"Simples";"Declive;Reta";"Não";1;0;1;0;0;0;1;1;-22,4585308;-43,21600514;"SPRF-RJ";"DEL06-RJ";"UOP01-DEL06-RJ"
513887;2023-03-31;"sexta-feira";"11:15:00";"MS";163;88;"ITAQUIRAI";"Ausência de reação do condutor";"Tombamento";"Com Vítimas Feridas";"Pleno dia";"Decrescente";"Céu Claro";"Simples";"Declive;Reta";"Não";2;0;1;1;0;0;2;1;-23,38801296;-54,2114515;"SPRF-MS";"DEL09-MS";"UOP01-DEL09-MS"
513889;2023-03-31;"sexta-feira";"13:00:00";"ES";101;269,8;"SERRA";"Ausência de reação do condutor";"Colisão lateral mesmo sentido";"Com Vítimas Feridas";"Pleno dia";"Crescente";"Céu Claro";"Múltipla";"Reta";"Sim";2;0;1;0;0;1;1;2;-20,21740496;-40,26990578;"SPRF-ES";"DEL02-ES";"UOP01-DEL02-ES"
513890;2023-03-31;"sexta-feira";"12:45:00";"RS";470;226,8;"GARIBALDI";"Acesso irregular";"Colisão transversal";"Com Vítimas Feridas";"Pleno dia";"Crescente";"Céu Claro";"Simples";"Curva;Declive";"Sim";4;0;1;0;3;0;1;2;-29,254311;-51,511361;"SPRF-RS";"DEL06-RS";"UOP01-DEL06-RS"
513891;2023-03-31;"sexta-feira";"12:12:00";"MS";262;240;"RIBAS DO RIO PARDO";"Acessar a via sem observar a presença dos outros veículos";"Colisão transversal";"Com Vítimas Feridas";"Pleno dia";"Crescente";"Céu Claro";"Simples";"Reta";"Sim";2;0;0;1;1;0;1;2;-20,45766622;-53,76551998;"SPRF-MS";"DEL01-MS";"UOP01-DEL01-MS"
513892;2023-03-31;"sexta-feira";"13:00:00";"SP";116;182;"GUARAREMA";"Reação tardia ou ineficiente do condutor";"Colisão traseira";"Com Vítimas Feridas";"Pleno dia";"Decrescente";"Céu Claro";"Múltipla";"Reta";"Sim";3;0;2;0;0;1;2;2;-23,34505765;-46,16213519;"SPRF-SP";"DEL01-SP";"UOP01-DEL01-SP"
513895;2023-03-31;"sexta-feira";"11:30:00";"SP";116;41;"CACHOEIRA PAULISTA";"Reação tardia ou ineficiente do condutor";"Colisão traseira";"Com Vítimas Feridas";"Pleno dia";"Decrescente";"Sol";"Dupla";"Declive;Reta";"Sim";2;0;1;0;0;1;1;2;-22,68631027;-45,0146498;"SPRF-SP";"DEL08-SP";"UOP02-DEL08-SP"
513897;2023-03-31;"sexta-feira";"08:15:00";"PR";467;104,3;"CASCAVEL";"Ausência de reação do condutor";"Saída de leito carroçável";"Com Vítimas Feridas";"Pleno dia";"Decrescente";"Céu Claro";"Dupla";"Reta";"Não";1;0;1;0;0;0;1;1;-24,9129;-53,5028;"SPRF-PR";"DEL04-PR";"UOP01-DEL04-PR"
513901;2023-03-31;"sexta-feira";"13:20:00";"ES";259;88,9;"BAIXO GUANDU";"Ausência de reação do condutor";"Saída de leito carroçável";"Com Vítimas Feridas";"Pleno dia";"Decrescente";"Céu Claro";"Simples";"Reta";"Não";4;0;4;0;0;0;4;1;-19,51143698;-40,90961107;"SPRF-ES";"DEL02-ES";"UOP01-DEL02-ES"
513902;2023-03-31;"sexta-feira";"13:50:00";"SC";101;200,5;"SAO JOSE";"Área urbana sem a presença de local apropriado para a travessia de pedestres";"Atropelamento de Pedestre";"Com Vítimas Feridas";"Pleno dia";"Crescente";"Céu Claro";"Múltipla";"Interseção de Vias";"Não";2;0;1;0;1;0;1;2;-27,54018513;-48,62287714;"SPRF-SC";"DEL01-SC";"UOP01-DEL01-SC"
513903;2023-03-31;"sexta-feira";"05:10:00";"RS";386;207,4;"VICTOR GRAEFF";"Condutor Dormindo";"Colisão frontal";"Com Vítimas Feridas";"Plena Noite";"Decrescente";"Céu Claro";"Simples";"Curva";"Não";3;0;2;1;0;0;3;2;-28,515253;-52,635239;"SPRF-RS";"DEL04-RS";"UOP03-DEL04-RS"
513904;2023-03-31;"sexta-feira";"13:50:00";"CE";116;5;"FORTALEZA";"Acessar a via sem observar a presença dos outros veículos";"Colisão traseira";"Com Vítimas Feridas";"Pleno dia";"Crescente";"Céu Claro";"Dupla";"Reta";"Sim";2;0;0;1;1;0;1;2;-3,79467116;-38,50772734;"SPRF-CE";"DEL01-CE";"UOP02-DEL01-CE"
513905;2023-03-31;"sexta-feira";"13:00:00";"SC";470;116,3;"IBIRAMA";"Ingestão de álcool pelo condutor";"Saída de leito carroçável";"Com Vítimas Feridas";"Pleno dia";"Crescente";"Céu Claro";"Simples";"Curva;Aclive";"Não";2;0;1;0;1;0;1;1;-27,07756;-49,49448;"SPRF-SC";"DEL04-SC";"UOP02-DEL04-SC"
513907;2023-03-31;"sexta-feira";"14:40:00";"MG";381;485,2;"BETIM";"Reação tardia ou ineficiente do condutor";"Tombamento";"Com Vítimas Feridas";"Pleno dia";"Crescente";"Céu Claro";"Múltipla";"Reta";"Sim";1;0;1;0;0;0;1;1;-19,95659361;-44,12622893;"SPRF-MG";"DEL01-MG";"UOP03-DEL01-MG"
513909;2023-03-31;"sexta-feira";"14:15:00";"MG";381;873;"ESTIVA";"Avarias e/ou desgaste excessivo no pneu";"Saída de leito carroçável";"Com Vítimas Feridas";"Pleno dia";"Decrescente";"Chuva";"Simples";"Curva";"Não";1;0;1;0;0;0;1;1;-22,41341526;-45,96114138;"SPRF-MG";"DEL16-MG";"UOP01-DEL16-MG"
513910;2023-01-15;"domingo";"19:38:00";"RO";364;18;"VILHENA";"Reação tardia ou ineficiente do condutor";"Colisão traseira";"Sem Vítimas";"Plena Noite";"Crescente";"Céu Claro";"Simples";"Reta";"Não";2;0;0;0;0;2;0;2;-12,72972661;-60,17479789;"SPRF-RO";"DEL04-RO";"UOP01-DEL04-RO"
513912;2023-03-31;"sexta-feira";"06:20:00";"BA";420;256;"MUTUIPE";"Ultrapassagem Indevida";"Colisão traseira";"Com Vítimas Fatais";"Pleno dia";"Decrescente";"Céu Claro";"Simples";"Reta;Aclive";"Sim";2;1;0;0;1;0;0;2;-13,22750679;-39,49745893;"SPRF-BA";"DEL01-BA";"UOP02-DEL01-BA"
513913;2023-03-31;"sexta-feira";"14:10:00";"MG";365;643;"UBERLANDIA";"Chuva";"Saída de leito carroçável";"Com Vítimas Feridas";"Pleno dia";"Decrescente";"Chuva";"Dupla";"Curva";"Não";2;0;2;0;0;0;2;1;-18,8808611;-48,49354102;"SPRF-MG";"DEL15-MG";"UOP01-DEL15-MG"
513916;2023-03-31;"sexta-feira";"14:50:00";"CE";116;5;"FORTALEZA";"Ingestão de álcool pelo condutor";"Colisão lateral mesmo sentido";"Com Vítimas Feridas";"Pleno dia";"Decrescente";"Céu Claro";"Dupla";"Reta";"Sim";2;0;1;0;1;0;1;2;-3,79467116;-38,50772734;"SPRF-CE";"DEL01-CE";"UOP02-DEL01-CE"
513917;2023-03-31;"sexta-feira";"08:20:00";"RS";392;12,4;"RIO GRANDE";"Reação tardia ou ineficiente do condutor";"Saída de leito carroçável";"Com Vítimas Feridas";"Pleno dia";"Crescente";"Céu Claro";"Dupla";"Reta";"Sim";1;0;1;0;0;0;1;1;-32,12601434;-52,13875392;"SPRF-RS";"DEL07-RS";"UOP02-DEL07-RS"
513919;2023-03-28;"terça-feira";"13:45:00";"PA";316;44;"SANTA IZABEL DO PARA";"Chuva";"Saída de leito carroçável";"Com Vítimas Feridas";"Pleno dia";"Crescente";"Chuva";"Dupla";"Reta";"Não";1;0;1;0;0;0;1;1;-1,27592647;-48,08710906;"SPRF-PA";"DEL01-PA";"UOP01-DEL01-PA"
513920;2023-03-31;"sexta-feira";"14:38:00";"BA";367;22,8;"PORTO SEGURO";"Retorno proibido";"Colisão transversal";"Com Vítimas Feridas";"Pleno dia";"Crescente";"Sol";"Simples";"Curva";"Sim";2;0;1;0;1;0;1;2;-16,44149625;-39,06566204;"SPRF-BA";"DEL09-BA";"UOP03-DEL09-BA"
513921;2023-03-31;"sexta-feira";"13:50:00";"MA";316;267;"SANTA INES";"Reação tardia ou ineficiente do condutor";"Colisão traseira";"Com Vítimas Feridas";"Pleno dia";"Crescente";"Céu Claro";"Simples";"Reta";"Não";2;0;0;1;1;0;1;2;-3,686531;-45,339451;"SPRF-MA";"DEL02-MA";"UOP01-DEL02-MA"
513923;2023-03-31;"sexta-feira";"15:10:00";"GO";50;133;"IPAMERI";"Ausência de reação do condutor";"Saída de leito carroçável";"Com Vítimas Feridas";"Pleno dia";"Decrescente";"Céu Claro";"Dupla";"Reta";"Não";2;0;1;0;1;0;1;1;-17,0332;-47,7635;"SPRF-GO";"DEL06-GO";"UOP01-DEL06-GO"