"id";"data_inversa";"dia_semana";"horario";"uf";"br";"km";"municipio";"causa_acidente";"tipo_acidente";"classificacao_acidente";"fase_dia";"sentido_via";"condicao_metereologica";"tipo_pista";"tracado_via";"uso_solo";"pessoas";"mortos";"feridos_leves";"feridos_graves";"ilesos";"ignorados";"feridos";"veiculos";"latitude";"longitude";"regional";"delegacia";"uop"
513926;2023-03-31;"sexta-feira";"15:15:00";"PE";101;48;"ABREU E LIMA";"Acessar a via sem observar a presença dos outros veículos";"Colisão transversal";"Com Vítimas Feridas";"Pleno dia";"Decrescente";"Céu Claro";"Múltipla";"Reta;Retorno Regulamentado";"Sim";2;0;1;0;1;0;1;2;-7,89174705;-34,9033493;"SPRF-PE";"DEL01-PE";"UOP02-DEL01-PE"
513927;2023-03-20;"segunda-feira";"15:00:00";"MS";376;49;"VICENTINA";"Pista esburacada";"Queda de ocupante de veículo";"Com Vítimas Feridas";"Pleno dia";"Crescente";"Céu Claro";"Simples";"Reta";"Não";2;0;0;2;0;0;2;1;-22,44814492;-54,33653396;"SPRF-MS";"DEL04-MS";"UOP01-DEL04-MS"
513928;2023-03-31;"sexta-feira";"13:50:00";"RN";226;8;"MACAIBA";"Transitar na contramão";"Colisão frontal";"Com Vítimas Feridas";"Pleno dia";"Decrescente";"Céu Claro";"Simples";"Curva";"Não";2;0;2;0;0;0;2;2;-5,836302;-35,283015;"SPRF-RN";"DEL01-RN";"UOP02-DEL01-RN"
513930;2023-03-31;"sexta-feira";"15:45:00";"RS";158;325;"SANTA MARIA";"Avarias e/ou desgaste excessivo no pneu";"Tombamento";"Com Vítimas Feridas";"Pleno dia";"Crescente";"Céu Claro";"Dupla";"Reta";"Sim";1;0;1;0;0;0;1;1;-29,7037466;-53,79524635;"SPRF-RS";"DEL09-RS";"UOP01-DEL09-RS"
513932;2023-03-31;"sexta-feira";"15:09:00";"ES";393;0,2;"CACHOEIRO DE ITAPEMIRIM";"Ultrapassagem Indevida";"Colisão lateral mesmo sentido";"Com Vítimas Feridas";"Pleno dia";"Crescente";"Céu Claro";"Simples";"Interseção de Vias;Reta";"Não";2;0;0;1;1;0;1;2;-20,841324;-41,15929;"SPRF-ES";"DEL03-ES";"UOP02-DEL03-ES"
513933;2023-03-31;"sexta-feira";"15:55:00";"CE";20;405;"CAUCAIA";"Acessar a via sem observar a presença dos outros veículos";"Colisão traseira";"Com Vítimas Feridas";"Pleno dia";"Decrescente";"Céu Claro";"Simples";"Reta";"Não";2;0;1;0;1;0;1;2;-3,7740804;-38,6780848;"SPRF-CE";"DEL01-CE";"UOP01-DEL01-CE"
513934;2023-03-31;"sexta-feira";"15:30:00";"PR";277;75,9;"SAO JOSE DOS PINHAIS";"Mal súbito do condutor";"Saída de leito carroçável";"Com Vítimas Feridas";"Pleno dia";"Decrescente";"Céu Claro";"Dupla";"Reta";"Não";1;0;1;0;0;0;1;1;-25,48564844;-49,18905258;"SPRF-PR";"DEL01-PR";"UOP01-DEL01-PR"
513935;2023-03-31;"sexta-feira";"15:50:00";"AL";101;70,6;"MESSIAS";"Acumulo de areia ou detritos sobre o pavimento";"Queda de ocupante de veículo";"Com Vítimas Feridas";"Pleno dia";"Decrescente";"Céu Claro";"Simples";"Viaduto";"Não";2;0;1;1;0;0;2;1;-9,36495593;-35,83611996;"SPRF-AL";"DEL01-AL";"UOP01-DEL01-AL"
513936;2023-03-31;"sexta-feira";"15:30:00";"MG";50;153;"UBERABA";"Deficiência do Sistema de Iluminação/Sinalização";"Colisão com objeto";"Com Vítimas Feridas";"Pleno dia";"Crescente";"Céu Claro";"Dupla";"Reta";"Não";1;0;1;0;0;0;1;1;-19,59125905;-48,02849514;"SPRF-MG";"DEL13-MG";"UOP01-DEL13-MG"
513940;2023-03-31;"sexta-feira";"16:20:00";"SP";101;52;"UBATUBA";"Acessar a via sem observar a presença dos outros veículos";"Colisão transversal";"Com Vítimas Feridas";"Pleno dia";"Decrescente";"Chuva";"Simples";"Interseção de Vias;Rotatória";"Sim";2;0;1;0;1;0;1;2;-23,46291171;-45,06385803;"SPRF-SP";"DEL06-SP";"UOP01-DEL06-SP"
513941;2023-03-31;"sexta-feira";"15:50:00";"SP";116;108;"TAUBATE";"Manobra de mudança de faixa";"Colisão lateral mesmo sentido";"Com Vítimas Feridas";"Pleno dia";"Crescente";"Nublado";"Dupla";"Reta";"Sim";2;0;1;0;1;0;1;2;-23,0233097;-45,53763622;"SPRF-SP";"DEL02-SP";"UOP02-DEL02-SP"
513942;2023-03-31;"sexta-feira";"16:40:00";"PR";277;61;"SAO JOSE DOS PINHAIS";"Acessar a via sem observar a presença dos outros veículos";"Colisão lateral mesmo sentido";"Com Vítimas Feridas";"Pleno dia";"Decrescente";"Céu Claro";"Dupla";"Reta";"Não";3;0;1;0;2;0;1;2;-25,56895101;-48,99932401;"SPRF-PR";"DEL01-PR";"UOP01-DEL01-PR"
513947;2023-03-31;"sexta-feira";"17:00:00";"GO";153;491;"GOIANIA";"Pedestre cruzava a pista fora da faixa";"Atropelamento de Pedestre";"Com Vítimas Feridas";"Pleno dia";"Decrescente";"Céu Claro";"Múltipla";"Reta";"Sim";2;0;1;1;0;0;2;2;-16,639;-49,2063;"SPRF-GO";"DEL01-GO";"UOP01-DEL01-GO"
513948;2023-03-31;"sexta-feira";"17:09:00";"SC";101;134,2;"BALNEARIO CAMBORIU";"Reação tardia ou ineficiente do condutor";"Colisão transversal";"Com Vítimas Feridas";"Pleno dia";"Crescente";"Céu Claro";"Simples";"Reta;Interseção de Vias";"Sim";2;0;0;1;1;0;1;2;-27,00218;-48,636433;"SPRF-SC";"DEL04-SC";"UOP03-DEL04-SC"
513950;2023-03-31;"sexta-feira";"18:00:00";"RJ";393;178,5;"PARAIBA DO SUL";"Demais falhas mecânicas ou elétricas";"Incêndio";"Sem Vítimas";"Anoitecer";"Crescente";"Nublado";"Simples";"Reta";"Sim";1;0;0;0;1;0;0;1;-22,12634272;-43,22811953;"SPRF-RJ";"DEL05-RJ";"UOP03-DEL05-RJ"
513951;2023-03-31;"sexta-feira";"16:50:00";"MT";163;844;"SINOP";"Ausência de reação do condutor";"Colisão traseira";"Com Vítimas Feridas";"Pleno dia";"Decrescente";"Céu Claro";"Simples";"Reta";"Sim";4;0;2;0;2;0;2;2;-11,781892;-55,474434;"SPRF-MT";"DEL06-MT";"UOP02-DEL06-MT"
513952;2023-03-31;"sexta-feira";"14:48:00";"MG";381;719;"CARMO DA CACHOEIRA";"Manobra de mudança de faixa";"Capotamento";"Com Vítimas Feridas";"Pleno dia";"Crescente";"Céu Claro";"Dupla";"Reta";"Não";3;0;3;0;0;0;3;1;-21,45321803;-45,21174621;"SPRF-MG";"DEL04-MG";"UOP02-DEL04-MG"
513954;2023-03-19;"domingo";"19:20:00";"CE";20;326;"CARIDADE";"Deficiência do Sistema de Iluminação/Sinalização";"Colisão traseira";"Com Vítimas Feridas";"Plena Noite";"Crescente";"Chuva";"Simples";"Reta";"Sim";4;0;1;0;3;0;1;2;-4,23379338;-39,20031836;"SPRF-CE";"DEL02-CE";"UOP01-DEL02-CE"
513956;2023-03-31;"sexta-feira";"18:03:00";"SP";381;87,5;"GUARULHOS";"Reação tardia ou ineficiente do condutor";"Colisão traseira";"Com Vítimas Feridas";"Plena Noite";"Decrescente";"Céu Claro";"Múltipla";"Reta";"Sim";3;0;1;0;2;0;1;2;-23,46885001;-46,56996601;"SPRF-SP";"DEL03-SP";"UOP01-DEL03-SP"
513957;2023-03-31;"sexta-feira";"11:40:00";"RO";429;162,3;"SAO MIGUEL DO GUAPORE";"Manobra de mudança de faixa";"Colisão lateral mesmo sentido";"Com Vítimas Feridas";"Pleno dia";"Crescente";"Céu Claro";"Dupla";"Reta;Retorno Regulamentado;Aclive";"Sim";4;0;1;0;3;0;1;2;-11,69622734;-62,74050009;"SPRF-RO";"DEL02-RO";"UOP03-DEL02-RO"
513959;2023-03-31;"sexta-feira";"18:00:00";"DF";70;14;"BRASILIA";"Manobra de mudança de faixa";"Colisão com objeto";"Com Vítimas Feridas";"Anoitecer";"Crescente";"Céu Claro";"Dupla";"Reta";"Sim";2;0;0;1;0;1;1;2;-15,797312;-48,176056;"SPRF-DF";"DEL03-DF";"UOP02-DEL03-DF"
513960;2023-03-31;"sexta-feira";"17:25:00";"RO";364;730;"PORTO VELHO";"Avarias e/ou desgaste excessivo no pneu";"Queda de ocupante de veículo";"Com Vítimas Feridas";"Pleno dia";"Decrescente";"Céu Claro";"Simples";"Reta";"Não";2;0;1;0;0;1;1;1;-8,89486405;-63,9576119;"SPRF-RO";"DEL01-RO";"UOP01-DEL01-RO"
513961;2023-03-31;"sexta-feira";"16:20:00";"PR";277;120;"CAMPO LARGO";"Ausência de reação do condutor";"Colisão traseira";"Com Vítimas Feridas";"Pleno dia";"Crescente";"Céu Claro";"Dupla";"Reta";"Não";2;0;1;1;0;0;2;1;-25,43651772;-49,44346612;"SPRF-PR";"DEL03-PR";"UOP03-DEL03-PR"
513962;2023-03-31;"sexta-feira";"18:15:00";"SC";101;123;"ITAJAI";"Área urbana sem a presença de local apropriado para a travessia de pedestres";"Colisão transversal";"Com Vítimas Feridas";"Anoitecer";"Decrescente";"Céu Claro";"Simples";"Rotatória";"Sim";2;0;1;0;1;0;1;2;-26,93668609;-48,69876905;"SPRF-SC";"DEL04-SC";"UOP04-DEL04-SC"
513963;2023-03-31;"sexta-feira";"18:00:00";"RN";101;98;"NATAL";"Manobra de mudança de faixa";"Queda de ocupante de veículo";"Com Vítimas Feridas";"Plena Noite";"Crescente";"Céu Claro";"Dupla";"Reta";"Sim";1;0;1;0;0;0;1;1;-5,86567888;-35,21651625;"SPRF-RN";"DEL01-RN";"UOP01-DEL01-RN"
513964;2023-03-31;"sexta-feira";"18:50:00";"BA";116;459,8;"SANTO ESTEVAO";"Velocidade Incompatível";"Atropelamento de Pedestre";"Com Vítimas Feridas";"Plena Noite";"Crescente";"Nublado";"Dupla";"Reta";"Sim";2;0;1;1;0;0;2;2;-12,42081589;-39,19884407;"SPRF-BA";"DEL02-BA";"UOP01-DEL02-BA"
513965;2023-03-31;"sexta-feira";"17:15:00";"RJ";40;118;"DUQUE DE CAXIAS";"Velocidade Incompatível";"Colisão traseira";"Com Vítimas Fatais";"Anoitecer";"Crescente";"Céu Claro";"Múltipla";"Reta";"Sim";3;1;0;0;0;2;0;3;-22,75470802;-43,28737838;"SPRF-RJ";"DEL01-RJ";"UOP01-DEL01-RJ"
513966;2023-03-31;"sexta-feira";"17:33:00";"SC";282;1,3;"FLORIANOPOLIS";"Trafegar com motocicleta (ou similar) entre as faixas";"Tombamento";"Com Vítimas Feridas";"Pleno dia";"Crescente";"Céu Claro";"Múltipla";"Viaduto;Reta";"Sim";2;0;2;0;0;0;2;1;-27,602955;-48,580509;"SPRF-SC";"DEL01-SC";"UOP01-DEL01-SC"
513969;2023-03-31;"sexta-feira";"18:15:00";"ES";262;46;"MARECHAL FLORIANO";"Acessar a via sem observar a presença dos outros veículos";"Colisão lateral mesmo sentido";"Com Vítimas Feridas";"Anoitecer";"Crescente";"Nublado";"Simples";"Reta";"Não";3;0;1;0;2;0;1;2;-20,39998697;-40,67217868;"SPRF-ES";"DEL01-ES";"UOP01-DEL01-ES"
513971;2023-03-31;"sexta-feira";"18:00:00";"MG";40;44,5;"PARACATU";"Acessar a via sem observar a presença dos outros veículos";"Colisão transversal";"Com Vítimas Feridas";"Anoitecer";"Crescente";"Céu Claro";"Simples";"Reta";"Sim";7;0;1;0;6;0;1;2;-17,23101648;-46,85390396;"SPRF-MG";"DEL14-MG";"UOP01-DEL14-MG"
513973;2023-03-31;"sexta-feira";"19:00:00";"MG";262;417,4;"PARA DE MINAS";"Objeto estático sobre o leito carroçável";"Colisão com objeto";"Com Vítimas Feridas";"Plena Noite";"Crescente";"Céu Claro";"Dupla";"Reta";"Sim";2;0;1;0;1;0;1;1;-19,90564403;-44,68893403;"SPRF-MG";"DEL08-MG";"UOP03-DEL08-MG"
513975;2023-03-31;"sexta-feira";"17:15:00";"MG";267;26,6;"ARGIRITA";"Acessar a via sem observar a presença dos outros veículos";"Colisão transversal";"Com Vítimas Feridas";"Pleno dia";"Crescente";"Sol";"Simples";"Reta;Interseção de Vias";"Não";2;0;2;0;0;0;2;2;-21,61894874;-42,81525901;"SPRF-MG";"DEL07-MG";"UOP01-DEL07-MG"
513977;2023-03-31;"sexta-feira";"17:45:00";"RS";116;302;"GUAIBA";"Ausência de reação do condutor";"Engavetamento";"Sem Vítimas";"Anoitecer";"Decrescente";"Nublado";"Simples";"Reta";"Não";3;0;0;0;3;0;0;3;-30,13970487;-51,35942618;"SPRF-RS";"DEL02-RS";"UOP01-DEL02-RS"
513978;2023-03-31;"sexta-feira";"19:20:00";"SC";470;57;"BLUMENAU";"Ultrapassagem Indevida";"Colisão transversal";"Com Vítimas Feridas";"Plena Noite";"Decrescente";"Céu Claro";"Simples";"Rotatória";"Não";4;0;2;0;1;1;2;3;-26,88259053;-49,14101422;"SPRF-SC";"DEL04-SC";"UOP01-DEL04-SC"
513979;2023-03-31;"sexta-feira";"16:50:00";"RS";116;150,2;"CAXIAS DO SUL";"Manobra de mudança de faixa";"Colisão lateral mesmo sentido";"Sem Vítimas";"Pleno dia";"Decrescente";"Céu Claro";"Múltipla";"Interseção de Vias";"Sim";2;0;0;0;2;0;0;2;-29,17111846;-51,15977883;"SPRF-RS";"DEL05-RS";"UOP01-DEL05-RS"
513980;2023-03-31;"sexta-feira";"19:00:00";"BA";330;791;"JEQUIE";"Reação tardia ou ineficiente do condutor";"Atropelamento de Pedestre";"Com Vítimas Feridas";"Plena Noite";"Crescente";"Céu Claro";"Simples";"Reta";"Não";3;0;1;0;1;1;1;2;-13,90606498;-40,01759994;"SPRF-BA";"DEL03-BA";"UOP01-DEL03-BA"
513981;2023-03-31;"sexta-feira";"19:40:00";"MG";153;239;"FRONTEIRA";"Reação tardia ou ineficiente do condutor";"Atropelamento de Pedestre";"Com Vítimas Fatais";"Plena Noite";"Crescente";"Céu Claro";"Simples";"Reta";"Sim";2;1;1;0;0;0;1;2;-20,287029;-49,199061;"SPRF-MG";"DEL13-MG";"UOP02-DEL13-MG"
513982;2023-03-31;"sexta-feira";"19:00:00";"RJ";40;116;"DUQUE DE CAXIAS";"Demais falhas mecânicas ou elétricas";"Queda de ocupante de veículo";"Com Vítimas Feridas";"Plena Noite";"Decrescente";"Céu Claro";"Múltipla";"Reta";"Não";2;0;2;0;0;0;2;1;-22,73662299;-43,28858785;"SPRF-RJ";"DEL01-RJ";"UOP01-DEL01-RJ"
513984;2023-03-31;"sexta-feira";"16:30:00";"SC";470;77;"INDAIAL";"Ausência de reação do condutor";"Saída de leito carroçável";"Com Vítimas Feridas";"Pleno dia";"Crescente";"Céu Claro";"Simples";"Reta";"Não";1;0;0;1;0;0;1;1;-26,940817;-49,29287;"SPRF-SC";"DEL04-SC";"UOP01-DEL04-SC"
513985;2023-04-01;"sábado";"06:45:00";"SC";470;67;"INDAIAL";"Ingestão de álcool pelo condutor";"Saída de leito carroçável";"Sem Vítimas";"Amanhecer";"Decrescente";"Céu Claro";"Simples";"Reta";"Não";1;0;0;0;0;1;0;1;-26,872158;-49,23127;"SPRF-SC";"DEL04-SC";"UOP01-DEL04-SC"
513990;2023-03-31;"sexta-feira";"20:05:00";"PR";469;15,2;"FOZ DO IGUACU";"Desrespeitar a preferência no cruzamento";"Colisão transversal";"Com Vítimas Feridas";"Plena Noite";"Decrescente";"Céu Claro";"Simples";"Aclive;Em Obras;Curva";"Sim";2;0;0;1;1;0;1;2;-25,58177561;-54,52782869;"SPRF-PR";"DEL05-PR";"UOP04-DEL05-PR"
513991;2023-03-31;"sexta-feira";"18:52:00";"PR";116;112,3;"CURITIBA";"Condutor deixou de manter distância do veículo da frente";"Colisão traseira";"Com Vítimas Feridas";"Anoitecer";"Crescente";"Céu Claro";"Dupla";"Reta";"Não";4;0;1;0;2;1;1;3;-25,552473;-49,277696;"SPRF-PR";"DEL01-PR";"UOP07-DEL01-PR"
513992;2023-03-31;"sexta-feira";"18:22:00";"RO";364;707;"PORTO VELHO";"Reação tardia ou ineficiente do condutor";"Colisão traseira";"Com Vítimas Feridas";"Anoitecer";"Crescente";"Nublado";"Dupla";"Reta";"Não";3;0;0;2;1;0;2;2;-8,80037213;-63,83262707;"SPRF-RO";"DEL01-RO";"UOP01-DEL01-RO"
513993;2023-03-31;"sexta-feira";"16:20:00";"MG";116;406,9;"GOVERNADOR VALADARES";"Ingestão de álcool pelo condutor";"Colisão frontal";"Com Vítimas Fatais";"Pleno dia";"Crescente";"Sol";"Simples";"Curva";"Não";4;1;2;1;0;0;3;2;-18,82669347;-41,98753335;"SPRF-MG";"DEL06-MG";"UOP01-DEL06-MG"
513995;2023-03-31;"sexta-feira";"18:30:00";"RJ";101;474;"ANGRA DOS REIS";"Conversão proibida";"Colisão transversal";"Com Vítimas Feridas";"Anoitecer";"Decrescente";"Chuva";"Simples";"Reta;Interseção de Vias";"Não";2;0;0;1;1;0;1;2;-22,99498627;-44,24919963;"SPRF-RJ";"DEL03-RJ";"UOP03-DEL03-RJ"
513996;2023-03-31;"sexta-feira";"20:00:00";"DF";251;52,7;"BRASILIA";"Acessar a via sem observar a presença dos outros veículos";"Colisão transversal";"Com Vítimas Fatais";"Plena Noite";"Crescente";"Céu Claro";"Simples";"Reta";"Não";6;2;0;3;1;0;3;2;-15,978307;-47,917041;"SPRF-DF";"DEL01-DF";"UOP01-DEL01-DF"
513999;2023-03-31;"sexta-feira";"16:40:00";"DF";20;1,7;"BRASILIA";"Restrição de visibilidade em curvas horizontais";"Colisão lateral mesmo sentido";"Com Vítimas Feridas";"Pleno dia";"Crescente";"Céu Claro";"Dupla";"Reta";"Sim";3;0;2;0;1;0;2;2;-15,685814;-47,849838;"SPRF-DF";"DEL02-DF";"UOP01-DEL02-DF"
514000;2023-03-20;"segunda-feira";"06:11:00";"SE";101;82;"LARANJEIRAS";"Objeto estático sobre o leito carroçável";"Colisão traseira";"Com Vítimas Feridas";"Pleno dia";"Crescente";"Chuva";"Dupla";"Reta";"Não";6;0;1;0;4;1;1;3;-10,81787508;-37,13924106;"SPRF-SE";"DEL01-SE";"UOP01-DEL01-SE"
514001;2023-03-31;"sexta-feira";"19:33:00";"TO";242;367;"GURUPI";"Obras na pista";"Saída de leito carroçável";"Com Vítimas Feridas";"Plena Noite";"Decrescente";"Nublado";"Simples";"Reta;Em Obras";"Não";1;0;0;1;0;0;1;1;-11,79096983;-48,97402368;"SPRF-TO";"DEL01-TO";"UOP02-DEL01-TO"
514004;2023-03-31;"sexta-feira";"19:43:00";"CE";222;208,9;"FORQUILHA";"Conversão proibida";"Colisão transversal";"Com Vítimas Feridas";"Plena Noite";"Decrescente";"Céu Claro";"Simples";"Reta";"Sim";2;0;1;0;1;0;1;2;-3,79874843;-40,26400745;"SPRF-CE";"DEL04-CE";"UOP01-DEL04-CE"
514007;2023-03-31;"sexta-feira";"21:00:00";"RJ";101;67;"CAMPOS DOS GOYTACAZES";"Acessar a via sem observar a presença dos outros veículos";"Colisão transversal";"Com Vítimas Feridas";"Plena Noite";"Decrescente";"Céu Claro";"Simples";"Reta";"Sim";3;0;1;0;2;0;1;2;-21,76751094;-41,34876249;"SPRF-RJ";"DEL08-RJ";"UOP02-DEL08-RJ"
514008;2023-03-31;"sexta-feira";"20:00:00";"GO";50;105;"CRISTALINA";"Condutor Dormindo";"Capotamento";"Com Vítimas Feridas";"Plena Noite";"Crescente";"Céu Claro";"Simples";"Reta";"Sim";1;0;1;0;0;0;1;1;-16,9309;-47,7117;"SPRF-DF";"DEL01-DF";"UOP02-DEL01-DF"
514009;2023-03-31;"sexta-feira";"19:00:00";"GO";452;176;"ITUMBIARA";"Velocidade Incompatível";"Queda de ocupante de veículo";"Com Vítimas Feridas";"Plena Noite";"Decrescente";"Chuva";"Simples";"Reta";"Não";2;0;0;1;1;0;1;2;-18,35517115;-49,38032508;"SPRF-GO";"DEL03-GO";"UOP02-DEL03-GO"
514010;2023-03-31;"sexta-feira";"21:00:00";"PR";116;126,6;"FAZENDA RIO GRANDE";"Condutor desrespeitou a iluminação vermelha do semáforo";"Colisão transversal";"Com Vítimas Feridas";"Plena Noite";"Decrescente";"Céu Claro";"Dupla";"Interseção de Vias";"Sim";5;0;1;1;2;1;2;4;-25,60389895;-49,31824423;"SPRF-PR";"DEL01-PR";"UOP03-DEL01-PR"
514011;2023-03-31;"sexta-feira";"21:00:00";"PR";277;724,7;"FOZ DO IGUACU";"Ingestão de álcool e/ou substâncias psicoativas pelo pedestre";"Atropelamento de Pedestre";"Com Vítimas Feridas";"Plena Noite";"Crescente";"Céu Claro";"Dupla";"Reta";"Sim";2;0;0;1;0;1;1;2;-25,50257577;-54,53868311;"SPRF-PR";"DEL05-PR";"UOP03-DEL05-PR"
514012;2023-03-31;"sexta-feira";"21:20:00";"SC";470;179;"POUSO REDONDO";"Acessar a via sem observar a presença dos outros veículos";"Saída de leito carroçável";"Com Vítimas Feridas";"Plena Noite";"Crescente";"Céu Claro";"Simples";"Reta";"Não";2;0;1;0;0;1;1;2;-27,24810558;-49,97461796;"SPRF-SC";"DEL04-SC";"UOP02-DEL04-SC"
514013;2023-03-31;"sexta-feira";"07:05:00";"MG";381;248,9;"SANTANA DO PARAISO";"Acessar a via sem observar a presença dos outros veículos";"Colisão transversal";"Com Vítimas Feridas";"Pleno dia";"Crescente";"Céu Claro";"Simples";"Interseção de Vias;Aclive";"Não";2;0;0;1;1;0;1;2;-19,47088645;-42,53935557;"SPRF-MG";"DEL06-MG";"UOP01-DEL06-MG"
514014;2023-03-31;"sexta-feira";"17:50:00";"MG";262;588,5;"CAMPOS ALTOS";"Velocidade Incompatível";"Saída de leito carroçável";"Com Vítimas Feridas";"Pleno dia";"Decrescente";"Chuva";"Simples";"Reta";"Não";3;0;1;2;0;0;3;1;-19,6622537;-46,11856381;"SPRF-MG";"DEL08-MG";"UOP02-DEL08-MG"
514015;2023-03-31;"sexta-feira";"20:40:00";"PR";277;99,1;"CURITIBA";"Pedestre cruzava a pista fora da faixa";"Atropelamento de Pedestre";"Com Vítimas Feridas";"Plena Noite";"Decrescente";"Nublado";"Dupla";"Reta";"Não";2;0;1;0;1;0;1;2;-25,53375211;-49,31824405;"SPRF-PR";"DEL01-PR";"UOP06-DEL01-PR"
514016;2023-03-31;"sexta-feira";"16:00:00";"RJ";493;92;"SEROPEDICA";"Condutor Dormindo";"Capotamento";"Com Vítimas Feridas";"Pleno dia";"Decrescente";"Céu Claro";"Dupla";"Reta";"Não";1;0;1;0;0;0;1;1;-22,6665166;-43,63615036;"SPRF-RJ";"DEL03-RJ";"UOP01-DEL03-RJ"
514017;2023-03-31;"sexta-feira";"20:48:00";"RJ";101;308;"SAO GONCALO";"Reação tardia ou ineficiente do condutor";"Colisão com objeto";"Com Vítimas Feridas";"Plena Noite";"Decrescente";"Garoa/Chuvisco";"Dupla";"Reta";"Sim";1;0;1;0;0;0;1;1;-22,79309326;-43,02479595;"SPRF-RJ";"DEL02-RJ";"UOP02-DEL02-RJ"
514018;2023-03-31;"sexta-feira";"19:00:00";"RS";101;4,2;"TORRES";"Manobra de mudança de faixa";"Colisão lateral mesmo sentido";"Sem Vítimas";"Plena Noite";"Crescente";"Céu Claro";"Dupla";"Curva;Declive";"Sim";2;0;0;0;2;0;0;2;-29,33222497;-49,78508308;"SPRF-RS";"DEL03-RS";"UOP02-DEL03-RS"
514019;2023-03-31;"sexta-feira";"21:30:00";"MG";365;637,2;"UBERLANDIA";"Animais na Pista";"Atropelamento de Animal";"Com Vítimas Fatais";"Plena Noite";"Decrescente";"Nublado";"Dupla";"Ponte";"Não";2;1;0;0;1;0;0;2;-18,889801;-48,43735;"SPRF-MG";"DEL15-MG";"UOP01-DEL15-MG"
514020;2023-03-31;"sexta-feira";"21:45:00";"RJ";393;135;"SAPUCAIA";"Ingestão de álcool pelo condutor";"Colisão traseira";"Sem Vítimas";"Plena Noite";"Crescente";"Chuva";"Simples";"Reta";"Sim";5;0;0;0;5;0;0;2;-21,990076;-42,905018;"SPRF-RJ";"DEL05-RJ";"UOP01-DEL05-RJ"
514021;2023-03-31;"sexta-feira";"22:10:00";"PR";369;174;"ROLANDIA";"Condutor desrespeitou a iluminação vermelha do semáforo";"Colisão frontal";"Com Vítimas Feridas";"Plena Noite";"Decrescente";"Nublado";"Dupla";"Reta;Interseção de Vias";"Sim";2;0;0;1;0;1;1;2;-23,31944101;-51,38049459;"SPRF-PR";"DEL07-PR";"UOP01-DEL07-PR"
514022;2023-03-31;"sexta-feira";"19:50:00";"PR";153;353;"REBOUCAS";"Transitar na contramão";"Colisão frontal";"Com Vítimas Feridas";"Plena Noite";"Crescente";"Céu Claro";"Simples";"Curva";"Não";5;0;5;0;0;0;5;2;-25,62594193;-50,719173;"SPRF-PR";"DEL08-PR";"UOP02-DEL08-PR"
514026;2023-03-31;"sexta-feira";"21:35:00";"GO";60;36;"GOIANIA";"Desrespeitar a preferência no cruzamento";"Colisão transversal";"Com Vítimas Feridas";"Plena Noite";"Crescente";"Céu Claro";"Dupla";"Rotatória";"Sim";3;0;2;0;1;0;2;2;-16,6777;-49,2676;"SPRF-GO";"DEL01-GO";"UOP02-DEL01-GO"
514027;2023-03-31;"sexta-feira";"21:00:00";"PE";424;83;"GARANHUNS";"Transitar na contramão";"Colisão lateral sentido oposto";"Com Vítimas Feridas";"Plena Noite";"Decrescente";"Céu Claro";"Simples";"Curva";"Não";3;0;0;2;1;0;2;2;-8,84593423;-36,52457016;"SPRF-PE";"DEL03-PE";"UOP01-DEL03-PE"
514028;2023-03-31;"sexta-feira";"22:00:00";"MG";381;910;"CAMANDUCAIA";"Reação tardia ou ineficiente do condutor";"Tombamento";"Com Vítimas Feridas";"Plena Noite";"Crescente";"Céu Claro";"Dupla";"Reta";"Não";3;0;2;0;0;1;2;2;-22,76087082;-46,16278597;"SPRF-MG";"DEL16-MG";"UOP03-DEL16-MG"
514030;2023-03-31;"sexta-feira";"17:50:00";"MG";116;585,3;"MANHUACU";"Condutor deixou de manter distância do veículo da frente";"Colisão lateral mesmo sentido";"Com Vítimas Feridas";"Anoitecer";"Crescente";"Nublado";"Simples";"Reta";"Sim";2;0;2;0;0;0;2;2;-20,235326;-42,166646;"SPRF-MG";"DEL06-MG";"UOP03-DEL06-MG"
514031;2023-03-31;"sexta-feira";"19:20:00";"RJ";493;75;"DUQUE DE CAXIAS";"Chuva";"Queda de ocupante de veículo";"Com Vítimas Feridas";"Anoitecer";"Decrescente";"Chuva";"Dupla";"Curva";"Não";1;0;1;0;0;0;1;1;-22,672089;-43,285053;"SPRF-RJ";"DEL01-RJ";"UOP03-DEL01-RJ"
514032;2023-03-31;"sexta-feira";"20:40:00";"MG";116;651,3;"FERVEDOURO";"Pedestre cruzava a pista fora da faixa";"Atropelamento de Pedestre";"Com Vítimas Feridas";"Plena Noite";"Crescente";"Céu Claro";"Simples";"Reta";"Sim";3;0;1;1;0;1;2;3;-20,73522475;-42,28438139;"SPRF-MG";"DEL07-MG";"UOP02-DEL07-MG"
514033;2023-03-31;"sexta-feira";"22:45:00";"PR";373;277;"PRUDENTOPOLIS";"Pedestre andava na pista";"Atropelamento de Pedestre";"Com Vítimas Feridas";"Plena Noite";"Crescente";"Céu Claro";"Simples";"Reta";"Não";2;0;0;1;1;0;1;2;-25,26092549;-51,08552726;"SPRF-PR";"DEL08-PR";"UOP01-DEL08-PR"
514034;2023-03-31;"sexta-feira";"23:00:00";"PR";116;34;"CAMPINA GRANDE DO SUL";"Ingestão de álcool pelo condutor";"Saída de leito carroçável";"Sem Vítimas";"Plena Noite";"Crescente";"Nublado";"Dupla";"Reta";"Não";1;0;0;0;1;0;0;1;-25,1144852;-48,85377328;"SPRF-PR";"DEL01-PR";"UOP02-DEL01-PR"