"id";"data_inversa";"dia_semana";"horario";"uf";"br";"km";"municipio";"causa_acidente";"tipo_acidente";"classificacao_acidente";"fase_dia";"sentido_via";"condicao_metereologica";"tipo_pista";"tracado_via";"uso_solo";"pessoas";"mortos";"feridos_leves";"feridos_graves";"ilesos";"ignorados";"feridos";"veiculos";"latitude";"longitude";"regional";"delegacia";"uop"
514035;2023-03-31;"sexta-feira";"23:15:00";"ES";101;160;"LINHARES";"Ausência de reação do condutor";"Queda de ocupante de veículo";"Com Vítimas Feridas";"Plena Noite";"Crescente";"Céu Claro";"Simples";"Reta";"Não";1;0;1;0;0;0;1;1;-19,47662979;-40,11402541;"SPRF-ES";"DEL04-ES";"UOP01-DEL04-ES"
514036;2023-03-31;"sexta-feira";"22:50:00";"RS";392;72,3;"PELOTAS";"Ausência de reação do condutor";"Colisão transversal";"Com Vítimas Feridas";"Pleno dia";"Crescente";"Céu Claro";"Simples";"Rotatória";"Não";2;0;1;0;0;1;1;2;-31,721104;-52,389843;"SPRF-RS";"DEL07-RS";"UOP01-DEL07-RS"
514037;2023-03-31;"sexta-feira";"22:45:00";"SC";282;571;"NOVA ERECHIM";"Acessar a via sem observar a presença dos outros veículos";"Colisão transversal";"Com Vítimas Feridas";"Plena Noite";"Crescente";"Nublado";"Simples";"Reta";"Não";5;0;4;0;1;0;4;2;-26,89006;-52,93306;"SPRF-SC";"DEL07-SC";"UOP02-DEL07-SC"
514038;2023-03-31;"sexta-feira";"23:19:00";"PE";101;40;"IGARASSU";"Reação tardia ou ineficiente do condutor";"Capotamento";"Com Vítimas Feridas";"Plena Noite";"Crescente";"Céu Claro";"Dupla";"Reta";"Sim";1;0;1;0;0;0;1;1;-7,821475;-34,916545;"SPRF-PE";"DEL01-PE";"UOP02-DEL01-PE"
514040;2023-03-31;"sexta-feira";"19:20:00";"BA";407;5;"JUAZEIRO";"Mal súbito do condutor";"Colisão com objeto";"Com Vítimas Feridas";"Plena Noite";"Decrescente";"Céu Claro";"Dupla";"Reta";"Sim";2;0;1;0;1;0;1;1;-9,44778544;-40,49043801;"SPRF-PE";"DEL06-PE";"UOP01-DEL06-PE"
514041;2023-03-31;"sexta-feira";"23:46:00";"SC";101;37,1;"JOINVILLE";"Animais na Pista";"Atropelamento de Animal";"Com Vítimas Feridas";"Plena Noite";"Crescente";"Céu Claro";"Dupla";"Reta";"Sim";4;0;2;0;2;0;2;1;-26,25050176;-48,90863867;"SPRF-SC";"DEL03-SC";"UOP01-DEL03-SC"
514045;2023-04-01;"sábado";"00:10:00";"PR";376;202,2;"MANDAGUARI";"Ingestão de álcool pelo condutor";"Colisão traseira";"Com Vítimas Feridas";"Plena Noite";"Decrescente";"Céu Claro";"Dupla";"Reta";"Não";2;0;1;0;1;0;1;2;-23,50789952;-51,72865407;"SPRF-PR";"DEL09-PR";"UOP01-DEL09-PR"
514046;2023-04-01;"sábado";"01:10:00";"SP";116;278;"EMBU DAS ARTES";"Ausência de reação do condutor";"Colisão lateral mesmo sentido";"Com Vítimas Feridas";"Plena Noite";"Crescente";"Nevoeiro/Neblina";"Dupla";"Interseção de Vias;Declive;Curva";"Não";3;0;1;0;1;1;1;3;-23,65508497;-46,84918605;"SPRF-SP";"DEL04-SP";"UOP01-DEL04-SP"
514047;2023-04-01;"sábado";"00:50:00";"SC";101;212,5;"PALHOCA";"Velocidade Incompatível";"Capotamento";"Sem Vítimas";"Plena Noite";"Crescente";"Céu Claro";"Múltipla";"Reta";"Sim";2;0;0;0;1;1;0;2;-27,62996929;-48,65903871;"SPRF-SC";"DEL01-SC";"UOP02-DEL01-SC"
514048;2023-03-31;"sexta-feira";"20:23:00";"SC";280;276,5;"IRINEOPOLIS";"Acessar a via sem observar a presença dos outros veículos";"Colisão transversal";"Com Vítimas Fatais";"Plena Noite";"Decrescente";"Céu Claro";"Simples";"Reta;Declive;Interseção de Vias";"Não";4;2;1;0;1;0;1;2;-26,29087561;-50,78955889;"SPRF-SC";"DEL06-SC";"UOP04-DEL06-SC"
514050;2023-03-31;"sexta-feira";"23:00:00";"MT";174;556;"COMODORO";"Curva acentuada";"Saída de leito carroçável";"Com Vítimas Feridas";"Plena Noite";"Crescente";"Céu Claro";"Simples";"Curva";"Não";2;0;2;0;0;0;2;1;-13,08817206;-59,89160527;"SPRF-MT";"DEL04-MT";"UOP02-DEL04-MT"
514051;2023-04-01;"sábado";"00:30:00";"PR";277;184;"PALMEIRA";"Acessar a via sem observar a presença dos outros veículos";"Colisão transversal";"Com Vítimas Feridas";"Plena Noite";"Crescente";"Céu Claro";"Simples";"Reta;Rotatória";"Sim";2;0;0;1;1;0;1;2;-25,43350959;-50,0578118;"SPRF-PR";"DEL08-PR";"UOP02-DEL08-PR"
514052;2023-04-01;"sábado";"01:15:00";"GO";364;18;"SAO SIMAO";"Reação tardia ou ineficiente do condutor";"Saída de leito carroçável";"Sem Vítimas";"Plena Noite";"Crescente";"Ignorado";"Simples";"Reta";"Não";1;0;0;0;0;1;0;1;-18,943693;-50,635265;"SPRF-GO";"DEL05-GO";"UOP02-DEL05-GO"
514053;2023-04-01;"sábado";"01:30:00";"SE";235;5,2;"NOSSA SENHORA DO SOCORRO";"Ingestão de álcool pelo condutor";"Saída de leito carroçável";"Com Vítimas Feridas";"Plena Noite";"Crescente";"Céu Claro";"Dupla";"Declive;Curva";"Sim";1;0;0;1;0;0;1;1;-10,90639657;-37,11939096;"SPRF-SE";"DEL01-SE";"UOP01-DEL01-SE"
514054;2023-04-01;"sábado";"02:40:00";"MG";116;646,7;"FERVEDOURO";"Animais na Pista";"Queda de ocupante de veículo";"Com Vítimas Feridas";"Plena Noite";"Decrescente";"Nublado";"Simples";"Curva";"Não";2;0;2;0;0;0;2;1;-20,70304399;-42,27800019;"SPRF-MG";"DEL07-MG";"UOP02-DEL07-MG"
514056;2023-04-01;"sábado";"03:00:00";"MG";116;808,3;"ALEM PARAIBA";"Ausência de reação do condutor";"Colisão frontal";"Com Vítimas Fatais";"Plena Noite";"Crescente";"Nevoeiro/Neblina";"Simples";"Reta";"Não";2;2;0;0;0;0;0;2;-21,81917799;-42,68924498;"SPRF-MG";"DEL07-MG";"UOP01-DEL07-MG"
514057;2023-04-01;"sábado";"03:30:00";"PR";469;13;"FOZ DO IGUACU";"Ausência de reação do condutor";"Saída de leito carroçável";"Sem Vítimas";"Plena Noite";"Crescente";"Céu Claro";"Dupla";"Reta;Em Obras;Desvio Temporário";"Sim";1;0;0;0;1;0;0;1;-25,5754;-54,5489;"SPRF-PR";"DEL05-PR";"UOP04-DEL05-PR"
514059;2023-04-01;"sábado";"00:30:00";"PA";316;56;"CASTANHAL";"Ausência de reação do condutor";"Saída de leito carroçável";"Com Vítimas Feridas";"Plena Noite";"Decrescente";"Chuva";"Dupla";"Declive;Curva";"Não";4;0;1;0;3;0;1;1;-1,30296976;-47,99063907;"SPRF-PA";"DEL01-PA";"UOP01-DEL01-PA"
514060;2023-04-01;"sábado";"04:45:00";"SC";101;257;"PAULO LOPES";"Velocidade Incompatível";"Saída de leito carroçável";"Com Vítimas Feridas";"Plena Noite";"Decrescente";"Garoa/Chuvisco";"Dupla";"Curva";"Não";2;0;1;0;1;0;1;1;-27,99865211;-48,68870795;"SPRF-SC";"DEL02-SC";"UOP03-DEL02-SC"
514061;2023-04-01;"sábado";"03:00:00";"PB";104;88,7;"REMIGIO";"Ausência de reação do condutor";"Colisão traseira";"Sem Vítimas";"Plena Noite";"Crescente";"Ignorado";"Simples";"Aclive";"Sim";2;0;0;0;1;1;0;2;-6,97111437;-35,80166459;"SPRF-PB";"DEL02-PB";"UOP04-DEL02-PB"
514062;2023-04-01;"sábado";"03:00:00";"SC";282;309,2;"VARGEM";"Ausência de reação do condutor";"Colisão com objeto";"Com Vítimas Fatais";"Plena Noite";"Decrescente";"Céu Claro";"Simples";"Reta;Aclive";"Não";2;1;1;0;0;0;1;1;-27,4850702;-50,9812507;"SPRF-SC";"DEL07-SC";"UOP06-DEL07-SC"
514064;2023-04-01;"sábado";"04:45:00";"GO";60;173;"ABADIA DE GOIAS";"Velocidade Incompatível";"Colisão traseira";"Com Vítimas Feridas";"Plena Noite";"Decrescente";"Céu Claro";"Dupla";"Aclive";"Não";5;0;2;0;2;1;2;3;-16,7423;-49,415;"SPRF-GO";"DEL01-GO";"UOP02-DEL01-GO"
514065;2023-04-01;"sábado";"05:10:00";"ES";101;302,7;"VIANA";"Condutor Dormindo";"Saída de leito carroçável";"Com Vítimas Feridas";"Amanhecer";"Decrescente";"Céu Claro";"Dupla";"Curva";"Sim";2;0;1;0;1;0;1;1;-20,37578531;-40,44283217;"SPRF-ES";"DEL01-ES";"UOP01-DEL01-ES"
514067;2023-04-01;"sábado";"04:40:00";"SC";280;139,5;"MAFRA";"Velocidade Incompatível";"Capotamento";"Sem Vítimas";"Plena Noite";"Decrescente";"Céu Claro";"Simples";"Curva";"Não";1;0;0;0;0;1;0;1;-26,254826;-49,603124;"SPRF-SC";"DEL06-SC";"UOP03-DEL06-SC"
514068;2023-04-01;"sábado";"04:20:00";"RN";110;15;"AREIA BRANCA";"Reação tardia ou ineficiente do condutor";"Capotamento";"Com Vítimas Feridas";"Plena Noite";"Crescente";"Nublado";"Simples";"Declive";"Não";1;0;1;0;0;0;1;1;-5,02567823;-37,12113879;"SPRF-RN";"DEL04-RN";"UOP01-DEL04-RN"
514069;2023-04-01;"sábado";"04:45:00";"SC";163;67,4;"SAO MIGUEL DO OESTE";"Ingestão de álcool pelo condutor";"Colisão com objeto";"Com Vítimas Feridas";"Plena Noite";"Decrescente";"Céu Claro";"Dupla";"Reta";"Sim";1;0;1;0;0;0;1;1;-26,759436;-53,50055292;"SPRF-SC";"DEL07-SC";"UOP03-DEL07-SC"
514071;2023-02-23;"quinta-feira";"17:40:00";"SP";381;57;"MAIRIPORA";"Carga excessiva e/ou mal acondicionada";"Colisão com objeto";"Com Vítimas Feridas";"Pleno dia";"Decrescente";"Sol";"Dupla";"Reta";"Não";1;0;1;0;0;0;1;1;-23,2658219;-46,5839857;"SPRF-SP";"DEL03-SP";"UOP01-DEL03-SP"
514072;2023-04-01;"sábado";"05:40:00";"GO";153;523,1;"HIDROLANDIA";"Condutor Dormindo";"Saída de leito carroçável";"Sem Vítimas";"Amanhecer";"Decrescente";"Céu Claro";"Dupla";"Reta";"Não";1;0;0;0;1;0;0;1;-16,9113;-49,2534;"SPRF-GO";"DEL01-GO";"UOP03-DEL01-GO"
514073;2023-04-01;"sábado";"05:30:00";"PR";369;141;"IBIPORA";"Ausência de reação do condutor";"Colisão com objeto";"Sem Vítimas";"Amanhecer";"Crescente";"Céu Claro";"Simples";"Reta";"Não";3;0;0;0;0;3;0;1;-23,287458;-51,07797;"SPRF-PR";"DEL07-PR";"UOP01-DEL07-PR"
514076;2023-04-01;"sábado";"05:10:00";"SP";116;56,2;"LORENA";"Reação tardia ou ineficiente do condutor";"Colisão lateral mesmo sentido";"Com Vítimas Feridas";"Amanhecer";"Crescente";"Céu Claro";"Dupla";"Reta";"Não";3;0;1;0;2;0;1;2;-22,76904403;-45,13040598;"SPRF-SP";"DEL08-SP";"UOP02-DEL08-SP"
514077;2023-04-01;"sábado";"05:30:00";"SC";101;160;"PORTO BELO";"Ausência de reação do condutor";"Saída de leito carroçável";"Com Vítimas Feridas";"Amanhecer";"Decrescente";"Nublado";"Dupla";"Reta";"Não";1;0;1;0;0;0;1;1;-27,20831288;-48,61987922;"SPRF-SC";"DEL04-SC";"UOP03-DEL04-SC"
514078;2023-04-01;"sábado";"06:35:00";"RS";285;121,8;"VACARIA";"Velocidade Incompatível";"Saída de leito carroçável";"Sem Vítimas";"Amanhecer";"Crescente";"Nublado";"Simples";"Rotatória";"Sim";1;0;0;0;0;1;0;1;-28,510252;-50,935688;"SPRF-RS";"DEL05-RS";"UOP03-DEL05-RS"
514079;2023-04-01;"sábado";"06:20:00";"CE";222;1,6;"FORTALEZA";"Condutor Dormindo";"Colisão com objeto";"Sem Vítimas";"Pleno dia";"Decrescente";"Sol";"Simples";"Reta";"Sim";1;0;0;0;1;0;0;1;-3,737804;-38,578061;"SPRF-CE";"DEL01-CE";"UOP01-DEL01-CE"
514080;2023-04-01;"sábado";"05:45:00";"PR";116;103;"SAO JOSE DOS PINHAIS";"Ingestão de álcool pelo condutor";"Saída de leito carroçável";"Sem Vítimas";"Amanhecer";"Decrescente";"Nublado";"Dupla";"Reta";"Não";1;0;0;0;1;0;0;1;-25,57186586;-49,19780731;"SPRF-PR";"DEL01-PR";"UOP07-DEL01-PR"
514081;2023-04-01;"sábado";"05:00:00";"MS";267;382,8;"MARACAJU";"Ausência de reação do condutor";"Saída de leito carroçável";"Com Vítimas Feridas";"Amanhecer";"Decrescente";"Céu Claro";"Simples";"Reta";"Não";3;0;2;1;0;0;3;1;-21,64293684;-55,3162593;"SPRF-MS";"DEL05-MS";"UOP01-DEL05-MS"
514083;2023-04-01;"sábado";"06:45:00";"BA";324;552;"AMELIA RODRIGUES";"Avarias e/ou desgaste excessivo no pneu";"Tombamento";"Com Vítimas Feridas";"Pleno dia";"Crescente";"Sol";"Dupla";"Reta";"Não";2;0;2;0;0;0;2;1;-12,44970237;-38,71122627;"SPRF-BA";"DEL01-BA";"UOP03-DEL01-BA"
514084;2023-04-01;"sábado";"07:00:00";"SP";116;113;"TAUBATE";"Mal súbito do condutor";"Tombamento";"Com Vítimas Feridas";"Pleno dia";"Decrescente";"Nublado";"Dupla";"Reta";"Não";1;0;0;1;0;0;1;1;-23,0440828;-45,58041405;"SPRF-SP";"DEL02-SP";"UOP02-DEL02-SP"
514085;2023-04-01;"sábado";"07:45:00";"PR";158;536;"PATO BRANCO";"Reação tardia ou ineficiente do condutor";"Colisão traseira";"Sem Vítimas";"Pleno dia";"Decrescente";"Céu Claro";"Simples";"Interseção de Vias";"Sim";2;0;0;0;2;0;0;2;-26,24248639;-52,69697646;"SPRF-PR";"DEL02-PR";"UOP01-DEL02-PR"
514088;2023-04-01;"sábado";"05:10:00";"ES";259;49;"COLATINA";"Condutor Dormindo";"Colisão com objeto";"Com Vítimas Feridas";"Amanhecer";"Crescente";"Céu Claro";"Simples";"Curva";"Não";1;0;1;0;0;0;1;1;-19,56368925;-40,49945574;"SPRF-ES";"DEL02-ES";"UOP01-DEL02-ES"
514090;2023-04-01;"sábado";"07:12:00";"MS";163;273,3;"DOURADOS";"Demais falhas mecânicas ou elétricas";"Colisão lateral mesmo sentido";"Com Vítimas Feridas";"Pleno dia";"Decrescente";"Céu Claro";"Dupla";"Reta";"Não";1;0;1;0;0;0;1;1;-22,17808;-54,67083;"SPRF-MS";"DEL04-MS";"UOP01-DEL04-MS"
514094;2023-04-01;"sábado";"07:30:00";"MG";40;562;"NOVA LIMA";"Ingestão de álcool pelo condutor";"Colisão traseira";"Com Vítimas Fatais";"Pleno dia";"Crescente";"Céu Claro";"Dupla";"Curva;Aclive";"Não";7;1;1;0;0;5;1;3;-20,15275305;-43,96284342;"SPRF-MG";"DEL01-MG";"UOP02-DEL01-MG"
514096;2023-04-01;"sábado";"07:28:00";"MS";262;680,7;"CORUMBA";"Ausência de reação do condutor";"Saída de leito carroçável";"Com Vítimas Feridas";"Pleno dia";"Crescente";"Céu Claro";"Simples";"Reta";"Não";1;0;1;0;0;0;1;1;-19,56064879;-57,19982789;"SPRF-MS";"DEL03-MS";"UOP03-DEL03-MS"
514097;2023-04-01;"sábado";"07:30:00";"SC";101;344;"TUBARAO";"Ausência de reação do condutor";"Colisão lateral mesmo sentido";"Com Vítimas Feridas";"Pleno dia";"Crescente";"Sol";"Múltipla";"Reta";"Não";4;0;1;0;3;0;1;4;-28,53647889;-49,0531826;"SPRF-SC";"DEL02-SC";"UOP01-DEL02-SC"
514098;2023-04-01;"sábado";"08:30:00";"DF";70;9,7;"BRASILIA";"Pedestre cruzava a pista fora da faixa";"Atropelamento de Pedestre";"Com Vítimas Feridas";"Pleno dia";"Decrescente";"Céu Claro";"Dupla";"Reta";"Não";2;0;1;0;1;0;1;2;-15,784615;-48,132023;"SPRF-DF";"DEL03-DF";"UOP02-DEL03-DF"
514100;2023-04-01;"sábado";"08:30:00";"SC";101;112;"ITAJAI";"Reação tardia ou ineficiente do condutor";"Tombamento";"Com Vítimas Feridas";"Pleno dia";"Decrescente";"Céu Claro";"Dupla";"Curva";"Não";2;0;2;0;0;0;2;1;-26,84589005;-48,72131295;"SPRF-SC";"DEL04-SC";"UOP04-DEL04-SC"
514101;2023-04-01;"sábado";"08:30:00";"GO";153;428;"ANAPOLIS";"Ingestão de álcool pelo condutor";"Queda de ocupante de veículo";"Com Vítimas Feridas";"Pleno dia";"Crescente";"Céu Claro";"Dupla";"Reta";"Sim";1;0;1;0;0;0;1;1;-16,237425;-49,005501;"SPRF-GO";"DEL02-GO";"UOP01-DEL02-GO"
514102;2023-04-01;"sábado";"09:50:00";"SP";116;226;"GUARULHOS";"Reação tardia ou ineficiente do condutor";"Colisão traseira";"Sem Vítimas";"Pleno dia";"Crescente";"Céu Claro";"Dupla";"Reta";"Sim";3;0;0;0;2;1;0;3;-23,49102507;-46,54878195;"SPRF-SP";"DEL01-SP";"UOP01-DEL01-SP"
514103;2023-04-01;"sábado";"07:40:00";"RJ";116;143;"DUQUE DE CAXIAS";"Animais na Pista";"Atropelamento de Animal";"Com Vítimas Feridas";"Pleno dia";"Decrescente";"Céu Claro";"Múltipla";"Reta";"Sim";1;0;1;0;0;0;1;1;-22,65237271;-43,23918118;"SPRF-RJ";"DEL01-RJ";"UOP01-DEL01-RJ"
514104;2023-04-01;"sábado";"09:19:00";"SP";116;230;"SAO PAULO";"Reação tardia ou ineficiente do condutor";"Engavetamento";"Com Vítimas Feridas";"Pleno dia";"Crescente";"Céu Claro";"Dupla";"Reta";"Sim";4;0;1;0;3;0;1;3;-23,52251783;-46,5855702;"SPRF-SP";"DEL01-SP";"UOP01-DEL01-SP"
514106;2023-04-01;"sábado";"08:35:00";"GO";153;515,2;"APARECIDA DE GOIANIA";"Ingestão de álcool pelo condutor";"Saída de leito carroçável";"Sem Vítimas";"Pleno dia";"Decrescente";"Sol";"Dupla";"Reta";"Sim";2;0;0;0;2;0;0;1;-16,8413;-49,2454;"SPRF-GO";"DEL01-GO";"UOP03-DEL01-GO"
514108;2023-04-01;"sábado";"08:30:00";"SC";470;172;"POUSO REDONDO";"Condutor deixou de manter distância do veículo da frente";"Colisão lateral mesmo sentido";"Com Vítimas Feridas";"Pleno dia";"Decrescente";"Sol";"Simples";"Reta";"Sim";2;0;1;0;1;0;1;2;-27,257526;-49,909592;"SPRF-SC";"DEL04-SC";"UOP02-DEL04-SC"
514109;2023-04-01;"sábado";"09:30:00";"BA";324;551;"AMELIA RODRIGUES";"Ausência de reação do condutor";"Engavetamento";"Com Vítimas Feridas";"Pleno dia";"Decrescente";"Céu Claro";"Múltipla";"Reta";"Não";7;0;3;0;4;0;3;3;-12,44409807;-38,71821505;"SPRF-BA";"DEL01-BA";"UOP03-DEL01-BA"
514110;2023-04-01;"sábado";"08:45:00";"SC";101;89;"BARRA VELHA";"Reação tardia ou ineficiente do condutor";"Colisão com objeto";"Com Vítimas Feridas";"Pleno dia";"Decrescente";"Sol";"Múltipla";"Reta";"Sim";1;0;1;0;0;0;1;1;-26,65175997;-48,68721921;"SPRF-SC";"DEL03-SC";"UOP02-DEL03-SC"
514111;2023-04-01;"sábado";"09:20:00";"MS";163;470,5;"CAMPO GRANDE";"Acessar a via sem observar a presença dos outros veículos";"Colisão transversal";"Com Vítimas Feridas";"Pleno dia";"Decrescente";"Céu Claro";"Simples";"Curva;Interseção de Vias";"Não";5;0;1;0;4;0;1;2;-20,55998503;-54,55711228;"SPRF-MS";"DEL01-MS";"UOP01-DEL01-MS"
514112;2023-04-01;"sábado";"10:06:00";"SP";116;205;"ARUJA";"Demais falhas mecânicas ou elétricas";"Queda de ocupante de veículo";"Com Vítimas Feridas";"Pleno dia";"Decrescente";"Sol";"Múltipla";"Reta";"Sim";2;0;2;0;0;0;2;1;-23,41475243;-46,36600788;"SPRF-SP";"DEL01-SP";"UOP01-DEL01-SP"
514113;2023-04-01;"sábado";"10:35:00";"SP";116;230;"SAO PAULO";"Reação tardia ou ineficiente do condutor";"Colisão traseira";"Com Vítimas Feridas";"Pleno dia";"Decrescente";"Céu Claro";"Dupla";"Reta";"Sim";2;0;1;0;1;0;1;2;-23,52251783;-46,5855702;"SPRF-SP";"DEL01-SP";"UOP01-DEL01-SP"
514117;2023-04-01;"sábado";"08:55:00";"BA";116;894,3;"CANDIDO SALES";"Acessar a via sem observar a presença dos outros veículos";"Colisão transversal";"Sem Vítimas";"Pleno dia";"Decrescente";"Sol";"Simples";"Reta;Interseção de Vias";"Não";3;0;0;0;2;1;0;2;-15,389122;-41,203431;"SPRF-BA";"DEL08-BA";"UOP03-DEL08-BA"
514118;2023-04-01;"sábado";"09:30:00";"SE";235;43;"ITABAIANA";"Frear bruscamente";"Colisão traseira";"Com Vítimas Feridas";"Pleno dia";"Decrescente";"Nublado";"Simples";"Reta;Declive";"Sim";2;0;0;1;1;0;1;2;-10,761437;-37,388721;"SPRF-SE";"DEL01-SE";"UOP02-DEL01-SE"
514119;2023-04-01;"sábado";"11:30:00";"SC";101;206;"SAO JOSE";"Ausência de reação do condutor";"Colisão traseira";"Com Vítimas Feridas";"Pleno dia";"Crescente";"Céu Claro";"Múltipla";"Reta";"Não";2;0;1;0;1;0;1;2;-27,59193546;-48,61824557;"SPRF-SC";"DEL01-SC";"UOP01-DEL01-SC"
514121;2023-04-01;"sábado";"10:45:00";"GO";60;369;"RIO VERDE";"Problema com o freio";"Capotamento";"Com Vítimas Feridas";"Pleno dia";"Decrescente";"Céu Claro";"Dupla";"Reta";"Não";1;0;1;0;0;0;1;1;-17,6799;-50,8314;"SPRF-GO";"DEL04-GO";"UOP02-DEL04-GO"
514122;2023-01-01;"domingo";"06:00:00";"RJ";101;514,7;"ANGRA DOS REIS";"Curva acentuada";"Colisão frontal";"Com Vítimas Fatais";"Pleno dia";"Crescente";"Céu Claro";"Simples";"Curva";"Não";5;1;2;2;0;0;4;2;-22,97968333;-44,43663687;"SPRF-RJ";"DEL03-RJ";"UOP03-DEL03-RJ"
514124;2023-04-01;"sábado";"11:00:00";"PI";343;38,9;"BURITI DOS LOPES";"Demais falhas mecânicas ou elétricas";"Tombamento";"Com Vítimas Feridas";"Pleno dia";"Crescente";"Céu Claro";"Simples";"Declive";"Não";1;0;1;0;0;0;1;1;-3,136565;-41,792385;"SPRF-PI";"DEL05-PI";"UOP01-DEL05-PI"
514125;2023-04-01;"sábado";"10:40:00";"MS";163;2;"MUNDO NOVO";"Ausência de reação do condutor";"Saída de leito carroçável";"Com Vítimas Feridas";"Pleno dia";"Crescente";"Céu Claro";"Simples";"Declive;Reta";"Não";2;0;1;0;1;0;1;1;-23,938515;-54,271282;"SPRF-MS";"DEL09-MS";"UOP02-DEL09-MS"
514126;2023-04-01;"sábado";"10:30:00";"RJ";101;322;"NITEROI";"Pedestre cruzava a pista fora da faixa";"Atropelamento de Pedestre";"Com Vítimas Feridas";"Pleno dia";"Crescente";"Céu Claro";"Dupla";"Reta";"Sim";2;0;1;0;1;0;1;2;-22,878923;-43,110676;"SPRF-RJ";"DEL02-RJ";"UOP01-DEL02-RJ"
514127;2023-04-01;"sábado";"11:00:00";"DF";20;24;"BRASILIA";"Velocidade Incompatível";"Saída de leito carroçável";"Com Vítimas Feridas";"Pleno dia";"Crescente";"Céu Claro";"Dupla";"Curva";"Não";1;0;0;1;0;0;1;1;-15,594831;-47,658615;"SPRF-DF";"DEL02-DF";"UOP01-DEL02-DF"
514128;2023-03-31;"sexta-feira";"23:09:00";"RS";470;209;"BENTO GONCALVES";"Reação tardia ou ineficiente do condutor";"Saída de leito carroçável";"Sem Vítimas";"Plena Noite";"Decrescente";"Garoa/Chuvisco";"Simples";"Curva";"Não";1;0;0;0;0;1;0;1;-29,10894598;-51,54542236;"SPRF-RS";"DEL06-RS";"UOP01-DEL06-RS"
514129;2023-04-01;"sábado";"12:05:00";"SC";101;213,3;"PALHOCA";"Acessar a via sem observar a presença dos outros veículos";"Colisão lateral mesmo sentido";"Com Vítimas Feridas";"Pleno dia";"Crescente";"Sol";"Múltipla";"Reta";"Não";3;0;1;0;2;0;1;2;-27,63697369;-48,66514142;"SPRF-SC";"DEL01-SC";"UOP02-DEL01-SC"
514130;2023-04-01;"sábado";"11:40:00";"SP";381;41;"ATIBAIA";"Manobra de mudança de faixa";"Colisão traseira";"Com Vítimas Feridas";"Pleno dia";"Decrescente";"Sol";"Dupla";"Reta";"Sim";2;0;1;0;1;0;1;2;-23,13863999;-46,57584088;"SPRF-SP";"DEL03-SP";"UOP01-DEL03-SP"
514131;2023-04-01;"sábado";"11:30:00";"SE";101;146;"ESTANCIA";"Frear bruscamente";"Colisão com objeto";"Com Vítimas Feridas";"Pleno dia";"Decrescente";"Nublado";"Dupla";"Curva";"Não";2;0;1;0;1;0;1;1;-11,21472;-37,41569;"SPRF-SE";"DEL02-SE";"UOP01-DEL02-SE"
514133;2023-04-01;"sábado";"11:20:00";"MS";163;503;"JARAGUARI";"Condutor deixou de manter distância do veículo da frente";"Capotamento";"Com Vítimas Feridas";"Pleno dia";"Crescente";"Céu Claro";"Simples";"Reta";"Não";1;0;1;0;0;0;1;1;-20,299116;-54,503228;"SPRF-MS";"DEL01-MS";"UOP02-DEL01-MS"
514134;2023-04-01;"sábado";"11:00:00";"MG";40;510;"RIBEIRAO DAS NEVES";"Demais falhas mecânicas ou elétricas";"Tombamento";"Com Vítimas Feridas";"Pleno dia";"Decrescente";"Céu Claro";"Dupla";"Reta";"Não";2;0;2;0;0;0;2;1;-19,77463885;-44,12321882;"SPRF-MG";"DEL01-MG";"UOP02-DEL01-MG"
514136;2023-04-01;"sábado";"11:30:00";"SP";116;272,9;"TABOAO DA SERRA";"Acumulo de areia ou detritos sobre o pavimento";"Queda de ocupante de veículo";"Com Vítimas Feridas";"Pleno dia";"Crescente";"Céu Claro";"Simples";"Curva;Interseção de Vias";"Sim";1;0;1;0;0;0;1;1;-23,621691;-46,813288;"SPRF-SP";"DEL04-SP";"UOP01-DEL04-SP"
514139;2023-04-01;"sábado";"11:50:00";"SC";101;207;"SAO JOSE";"Transitar na contramão";"Colisão transversal";"Com Vítimas Feridas";"Pleno dia";"Decrescente";"Sol";"Múltipla";"Interseção de Vias";"Sim";2;0;1;0;1;0;1;2;-27,59648061;-48,61934066;"SPRF-SC";"DEL01-SC";"UOP01-DEL01-SC"
514140;2023-03-13;"segunda-feira";"14:30:00";"SP";101;49,9;"UBATUBA";"Acessar a via sem observar a presença dos outros veículos";"Colisão transversal";"Com Vítimas Feridas";"Pleno dia";"Crescente";"Céu Claro";"Simples";"Reta";"Sim";2;0;1;0;1;0;1;2;-23,44476227;-45,08314848;"SPRF-SP";"DEL06-SP";"UOP01-DEL06-SP"
514142;2023-04-01;"sábado";"11:00:00";"SC";101;334;"TUBARAO";"Obras na pista";"Colisão traseira";"Com Vítimas Feridas";"Pleno dia";"Decrescente";"Céu Claro";"Dupla";"Reta;Em Obras";"Sim";3;0;0;1;2;0;1;3;-28,465121;-48,994488;"SPRF-SC";"DEL02-SC";"UOP01-DEL02-SC"
514143;2023-03-28;"terça-feira";"18:00:00";"BA";116;12,2;"VITORIA DA CONQUISTA";"Reação tardia ou ineficiente do condutor";"Colisão frontal";"Com Vítimas Feridas";"Anoitecer";"Decrescente";"Céu Claro";"Simples";"Reta";"Sim";2;0;1;0;0;1;1;2;-14,877614;-40,871082;"SPRF-PE";"DEL05-PE";"UOP03-DEL05-PE"
514145;2023-04-01;"sábado";"07:30:00";"PI";316;4;"TERESINA";"Ausência de reação do condutor";"Saída de leito carroçável";"Sem Vítimas";"Pleno dia";"Crescente";"Céu Claro";"Dupla";"Reta";"Sim";1;0;0;0;1;0;0;1;-5,13655894;-42,78900388;"SPRF-PI";"DEL01-PI";"UOP02-DEL01-PI"