"id";"data_inversa";"dia_semana";"horario";"uf";"br";"km";"municipio";"causa_acidente";"tipo_acidente";"classificacao_acidente";"fase_dia";"sentido_via";"condicao_metereologica";"tipo_pista";"tracado_via";"uso_solo";"pessoas";"mortos";"feridos_leves";"feridos_graves";"ilesos";"ignorados";"feridos";"veiculos";"latitude";"longitude";"regional";"delegacia";"uop"
514261;2023-04-01;"sábado";"22:40:00";"PI";343;308,6;"ALTOS";"Acesso irregular";"Colisão transversal";"Com Vítimas Feridas";"Plena Noite";"Crescente";"Chuva";"Simples";"Reta";"Sim";2;0;0;1;0;1;1;2;-5,04012;-42,476742;"SPRF-PI";"DEL01-PI";"UOP01-DEL01-PI"
514263;2023-04-02;"domingo";"01:00:00";"PR";376;175,7;"MARINGA";"Ingestão de álcool pelo condutor";"Colisão transversal";"Sem Vítimas";"Plena Noite";"Crescente";"Céu Claro";"Múltipla";"Reta";"Sim";2;0;0;0;2;0;0;2;-23,41232525;-51,94295168;"SPRF-PR";"DEL09-PR";"UOP01-DEL09-PR"
514264;2023-04-02;"domingo";"00:30:00";"MG";40;457;"CAETANOPOLIS";"Demais falhas mecânicas ou elétricas";"Incêndio";"Sem Vítimas";"Plena Noite";"Crescente";"Céu Claro";"Dupla";"Curva;Aclive";"Não";1;0;0;0;1;0;0;1;-19,371426;-44,336463;"SPRF-MG";"DEL02-MG";"UOP01-DEL02-MG"
514265;2023-04-01;"sábado";"19:40:00";"MG";365;174;"BURITIZEIRO";"Ingestão de álcool pelo condutor";"Colisão frontal";"Com Vítimas Feridas";"Plena Noite";"Crescente";"Céu Claro";"Dupla";"Curva";"Não";6;0;1;0;5;0;1;2;-17,41233155;-45,03422823;"SPRF-MG";"DEL10-MG";"UOP01-DEL10-MG"
514266;2023-04-02;"domingo";"01:00:00";"MG";364;3;"PLANURA";"Transitar na contramão";"Colisão lateral mesmo sentido";"Com Vítimas Feridas";"Plena Noite";"Decrescente";"Nublado";"Simples";"Curva";"Sim";8;0;3;0;5;0;3;3;-20,14814001;-48,68848801;"SPRF-MG";"DEL13-MG";"UOP02-DEL13-MG"
514267;2023-04-02;"domingo";"01:30:00";"DF";70;9,5;"BRASILIA";"Condutor Dormindo";"Colisão traseira";"Com Vítimas Feridas";"Plena Noite";"Crescente";"Nublado";"Dupla";"Reta";"Sim";2;0;1;0;1;0;1;2;-15,784615;-48,132023;"SPRF-DF";"DEL03-DF";"UOP02-DEL03-DF"
514269;2023-04-02;"domingo";"01:20:00";"RJ";101;68,1;"CAMPOS DOS GOYTACAZES";"Entrada inopinada do pedestre";"Atropelamento de Pedestre";"Com Vítimas Fatais";"Plena Noite";"Decrescente";"Nublado";"Simples";"Reta";"Sim";2;1;0;0;1;0;0;2;-21,77186768;-41,35705017;"SPRF-RJ";"DEL08-RJ";"UOP02-DEL08-RJ"
514270;2023-04-02;"domingo";"01:30:00";"RN";101;95,5;"NATAL";"Animais na Pista";"Saída de leito carroçável";"Com Vítimas Feridas";"Plena Noite";"Decrescente";"Céu Claro";"Múltipla";"Reta";"Sim";1;0;1;0;0;0;1;1;-5,84949622;-35,20890752;"SPRF-RN";"DEL01-RN";"UOP01-DEL01-RN"
514271;2023-04-01;"sábado";"19:00:00";"MT";174;195;"PORTO ESPERIDIAO";"Animais na Pista";"Atropelamento de Animal";"Com Vítimas Feridas";"Pleno dia";"Decrescente";"Nublado";"Simples";"Reta";"Não";1;0;0;1;0;0;1;1;-15,75264394;-58,67207292;"SPRF-MT";"DEL03-MT";"UOP01-DEL03-MT"
514274;2023-04-02;"domingo";"03:00:00";"PR";376;602;"CURITIBA";"Ausência de reação do condutor";"Saída de leito carroçável";"Sem Vítimas";"Plena Noite";"Decrescente";"Céu Claro";"Dupla";"Reta";"Sim";3;0;0;0;0;3;0;1;-25,54272613;-49,30847526;"SPRF-PR";"DEL01-PR";"UOP06-DEL01-PR"
514275;2023-04-02;"domingo";"03:40:00";"BA";116;424;"FEIRA DE SANTANA";"Conversão proibida";"Colisão frontal";"Com Vítimas Feridas";"Plena Noite";"Crescente";"Céu Claro";"Simples";"Curva";"Sim";3;0;1;2;0;0;3;2;-12,24150074;-38,98381296;"SPRF-BA";"DEL02-BA";"UOP01-DEL02-BA"
514276;2023-04-02;"domingo";"03:45:00";"MG";262;29,9;"REDUTO";"Ausência de reação do condutor";"Colisão traseira";"Com Vítimas Feridas";"Plena Noite";"Decrescente";"Nublado";"Simples";"Reta";"Não";2;0;1;0;1;0;1;2;-20,247223;-41,982025;"SPRF-MG";"DEL06-MG";"UOP03-DEL06-MG"
514277;2023-04-02;"domingo";"04:45:00";"ES";101;37;"CONCEICAO DA BARRA";"Condutor Dormindo";"Capotamento";"Com Vítimas Feridas";"Amanhecer";"Decrescente";"Céu Claro";"Simples";"Reta";"Não";3;0;1;0;2;0;1;1;-18,47332967;-39,92661186;"SPRF-ES";"DEL04-ES";"UOP02-DEL04-ES"
514278;2023-04-02;"domingo";"04:35:00";"MG";381;402;"BOM JESUS DO AMPARO";"Pista esburacada";"Tombamento";"Com Vítimas Feridas";"Plena Noite";"Decrescente";"Nublado";"Dupla";"Reta;Declive";"Não";2;0;2;0;0;0;2;1;-19,74239903;-43,50515127;"SPRF-MG";"DEL01-MG";"UOP01-DEL01-MG"
514279;2023-04-02;"domingo";"04:15:00";"RS";116;152;"CAXIAS DO SUL";"Ingestão de álcool pelo condutor";"Saída de leito carroçável";"Sem Vítimas";"Plena Noite";"Decrescente";"Céu Claro";"Simples";"Curva";"Sim";1;0;0;0;1;0;0;1;-29,1829343;-51,16801501;"SPRF-RS";"DEL05-RS";"UOP01-DEL05-RS"
514281;2023-04-02;"domingo";"03:40:00";"SP";116;278,4;"EMBU DAS ARTES";"Velocidade Incompatível";"Colisão com objeto";"Com Vítimas Feridas";"Plena Noite";"Decrescente";"Céu Claro";"Dupla";"Curva";"Não";1;0;1;0;0;0;1;1;-23,65508497;-46,84918605;"SPRF-SP";"DEL04-SP";"UOP01-DEL04-SP"
514282;2023-04-02;"domingo";"05:40:00";"MG";381;415;"NOVA UNIAO";"Pedestre andava na pista";"Eventos atípicos";"Com Vítimas Feridas";"Plena Noite";"Decrescente";"Céu Claro";"Dupla";"Reta";"Não";2;0;0;1;1;0;1;2;-19,74718476;-43,62369106;"SPRF-MG";"DEL01-MG";"UOP01-DEL01-MG"
514283;2023-04-02;"domingo";"05:20:00";"SP";116;281,9;"EMBU DAS ARTES";"Ausência de reação do condutor";"Colisão frontal";"Sem Vítimas";"Amanhecer";"Decrescente";"Céu Claro";"Dupla";"Curva";"Sim";5;0;0;0;5;0;0;3;-23,67784787;-46,85769227;"SPRF-SP";"DEL04-SP";"UOP01-DEL04-SP"
514284;2023-04-01;"sábado";"22:30:00";"PE";232;120;"CARUARU";"Reação tardia ou ineficiente do condutor";"Saída de leito carroçável";"Com Vítimas Feridas";"Plena Noite";"Decrescente";"Céu Claro";"Dupla";"Reta";"Não";1;0;1;0;0;0;1;1;-8,29826697;-35,90192301;"SPRF-PE";"DEL02-PE";"UOP01-DEL02-PE"
514287;2023-04-02;"domingo";"00:30:00";"PA";230;742,2;"MEDICILANDIA";"Avarias e/ou desgaste excessivo no pneu";"Tombamento";"Com Vítimas Fatais";"Plena Noite";"Decrescente";"Chuva";"Simples";"Reta";"Não";1;1;0;0;0;0;0;1;-3,43924706;-52,86514901;"SPRF-PA";"DEL04-PA";"UOP01-DEL04-PA"
514288;2023-04-02;"domingo";"02:00:00";"PA";230;672;"ALTAMIRA";"Reação tardia ou ineficiente do condutor";"Saída de leito carroçável";"Com Vítimas Feridas";"Plena Noite";"Decrescente";"Chuva";"Simples";"Reta";"Não";1;0;1;0;0;0;1;1;-3,270316;-52,392014;"SPRF-PA";"DEL04-PA";"UOP01-DEL04-PA"
514289;2023-04-01;"sábado";"17:30:00";"BA";101;830;"ITAMARAJU";"Velocidade Incompatível";"Saída de leito carroçável";"Com Vítimas Feridas";"Anoitecer";"Crescente";"Céu Claro";"Simples";"Curva";"Não";1;0;1;0;0;0;1;1;-17,06203608;-39,55078125;"SPRF-BA";"DEL09-BA";"UOP02-DEL09-BA"
514290;2023-04-01;"sábado";"17:50:00";"PI";407;423;"PICOS";"Ausência de reação do condutor";"Saída de leito carroçável";"Sem Vítimas";"Anoitecer";"Crescente";"Céu Claro";"Simples";"Reta";"Sim";1;0;0;0;0;1;0;1;-7,079333;-41,433254;"SPRF-PI";"DEL04-PI";"UOP01-DEL04-PI"
514292;2023-04-01;"sábado";"12:30:00";"MG";40;522;"CONTAGEM";"Demais falhas mecânicas ou elétricas";"Incêndio";"Sem Vítimas";"Pleno dia";"Decrescente";"Céu Claro";"Dupla";"Reta";"Não";1;0;0;0;1;0;0;1;-19,8754469;-44,05345586;"SPRF-MG";"DEL01-MG";"UOP02-DEL01-MG"
514293;2023-04-02;"domingo";"04:15:00";"MG";40;603,3;"CONGONHAS";"Animais na Pista";"Atropelamento de Animal";"Com Vítimas Feridas";"Plena Noite";"Crescente";"Nublado";"Simples";"Reta;Declive";"Sim";2;0;2;0;0;0;2;1;-20,45092687;-43,84092277;"SPRF-MG";"DEL05-MG";"UOP02-DEL05-MG"
514296;2023-04-02;"domingo";"06:00:00";"PR";369;52;"BANDEIRANTES";"Ausência de reação do condutor";"Saída de leito carroçável";"Com Vítimas Feridas";"Amanhecer";"Crescente";"Céu Claro";"Simples";"Interseção de Vias;Curva";"Não";1;0;1;0;0;0;1;1;-23,111;-50,334;"SPRF-PR";"DEL07-PR";"UOP05-DEL07-PR"
514298;2023-04-02;"domingo";"06:00:00";"BA";407;1;"JUAZEIRO";"Demais falhas mecânicas ou elétricas";"Queda de ocupante de veículo";"Com Vítimas Feridas";"Amanhecer";"Crescente";"Céu Claro";"Dupla";"Ponte";"Sim";1;0;1;0;0;0;1;1;-9,41845604;-40,50725978;"SPRF-PE";"DEL06-PE";"UOP01-DEL06-PE"
514299;2023-03-29;"quarta-feira";"07:35:00";"RJ";0;0;"RIO DE JANEIRO";"Ausência de reação do condutor";"Colisão lateral mesmo sentido";"Sem Vítimas";"Pleno dia";"Não Informado";"Céu Claro";"Dupla";"Reta";"Sim";4;0;0;0;4;0;0;2;-22,8044703;-43,3451677;"SPRF-RJ";"DEL01-RJ";"UOP02-DEL01-RJ"
514300;2023-04-02;"domingo";"01:32:00";"RJ";101;203;"CASIMIRO DE ABREU";"Velocidade Incompatível";"Tombamento";"Com Vítimas Feridas";"Plena Noite";"Crescente";"Céu Claro";"Dupla";"Reta";"Sim";1;0;1;0;0;0;1;1;-22,47557761;-42,17219006;"SPRF-RJ";"DEL08-RJ";"UOP04-DEL08-RJ"
514302;2023-04-02;"domingo";"03:30:00";"SP";381;87,2;"GUARULHOS";"Ausência de reação do condutor";"Colisão com objeto";"Com Vítimas Feridas";"Plena Noite";"Decrescente";"Céu Claro";"Dupla";"Reta";"Sim";1;0;1;0;0;0;1;1;-23,46885001;-46,56996601;"SPRF-SP";"DEL03-SP";"UOP01-DEL03-SP"
514303;2023-04-02;"domingo";"07:20:00";"RJ";40;92;"PETROPOLIS";"Acumulo de água sobre o pavimento";"Capotamento";"Com Vítimas Feridas";"Amanhecer";"Decrescente";"Chuva";"Dupla";"Curva;Declive";"Não";4;0;1;0;1;2;1;2;-22,55191954;-43,25068815;"SPRF-RJ";"DEL06-RJ";"UOP01-DEL06-RJ"
514305;2023-04-02;"domingo";"07:30:00";"RS";116;265;"CANOAS";"Ausência de reação do condutor";"Colisão transversal";"Com Vítimas Feridas";"Pleno dia";"Decrescente";"Nublado";"Dupla";"Viaduto;Rotatória";"Não";2;0;1;0;0;1;1;2;-29,92589996;-51,17763162;"SPRF-RS";"DEL01-RS";"UOP01-DEL01-RS"
514306;2023-03-13;"segunda-feira";"08:45:00";"MG";381;480,5;"BETIM";"Manobra de mudança de faixa";"Colisão lateral mesmo sentido";"Com Vítimas Feridas";"Pleno dia";"Crescente";"Céu Claro";"Dupla";"Reta";"Sim";2;0;1;0;0;1;1;2;-19,95749597;-44,07899901;"SPRF-MG";"DEL01-MG";"UOP03-DEL01-MG"
514307;2023-04-02;"domingo";"07:40:00";"MS";463;18;"DOURADOS";"Ausência de reação do condutor";"Colisão com objeto";"Com Vítimas Fatais";"Amanhecer";"Decrescente";"Céu Claro";"Simples";"Rotatória";"Não";1;1;0;0;0;0;0;1;-22,24790225;-54,96964582;"SPRF-MS";"DEL04-MS";"UOP03-DEL04-MS"
514308;2023-04-02;"domingo";"06:40:00";"RJ";465;3;"SEROPEDICA";"Retorno proibido";"Colisão transversal";"Com Vítimas Feridas";"Pleno dia";"Crescente";"Nublado";"Simples";"Reta";"Não";12;0;1;1;10;0;2;3;-22,73427;-43,711994;"SPRF-RJ";"DEL01-RJ";"UOP03-DEL01-RJ"
514310;2023-04-02;"domingo";"06:30:00";"CE";116;11;"FORTALEZA";"Reação tardia ou ineficiente do condutor";"Saída de leito carroçável";"Com Vítimas Fatais";"Pleno dia";"Crescente";"Chuva";"Múltipla";"Interseção de Vias;Reta";"Sim";1;1;0;0;0;0;0;1;-3,83603805;-38,5027281;"SPRF-CE";"DEL01-CE";"UOP02-DEL01-CE"
514311;2023-04-02;"domingo";"09:05:00";"PR";369;98,2;"CORNELIO PROCOPIO";"Acumulo de areia ou detritos sobre o pavimento";"Tombamento";"Com Vítimas Feridas";"Pleno dia";"Decrescente";"Céu Claro";"Dupla";"Reta";"Não";1;0;1;0;0;0;1;1;-23,24187552;-50,70249975;"SPRF-PR";"DEL07-PR";"UOP05-DEL07-PR"
514312;2023-04-02;"domingo";"06:00:00";"BA";324;625;"SALVADOR";"Manobra de mudança de faixa";"Colisão lateral mesmo sentido";"Com Vítimas Feridas";"Pleno dia";"Crescente";"Céu Claro";"Dupla";"Reta";"Não";2;0;1;0;1;0;1;2;-12,96063606;-38,47425722;"SPRF-BA";"DEL01-BA";"UOP01-DEL01-BA"
514313;2023-04-02;"domingo";"04:45:00";"PI";316;32;"DEMERVAL LOBAO";"Ausência de reação do condutor";"Saída de leito carroçável";"Sem Vítimas";"Plena Noite";"Decrescente";"Nublado";"Simples";"Reta;Em Obras";"Sim";1;0;0;0;1;0;0;1;-5,34217984;-42,68627493;"SPRF-PI";"DEL01-PI";"UOP02-DEL01-PI"
514314;2023-04-01;"sábado";"22:30:00";"PI";316;6,8;"TERESINA";"Objeto estático sobre o leito carroçável";"Colisão com objeto";"Sem Vítimas";"Plena Noite";"Crescente";"Chuva";"Múltipla";"Reta";"Sim";2;0;0;0;1;1;0;2;-5,14702095;-42,77438982;"SPRF-PI";"DEL01-PI";"UOP02-DEL01-PI"
514315;2023-01-09;"segunda-feira";"05:45:00";"PE";101;57;"PAULISTA";"Ausência de reação do condutor";"Colisão traseira";"Com Vítimas Feridas";"Pleno dia";"Decrescente";"Céu Claro";"Dupla";"Reta";"Não";2;0;0;1;1;0;1;2;-7,96346213;-34,91513486;"SPRF-PE";"DEL01-PE";"UOP02-DEL01-PE"
514316;2023-04-02;"domingo";"08:37:00";"AL";104;91;"RIO LARGO";"Ingestão de álcool pelo condutor";"Colisão traseira";"Sem Vítimas";"Pleno dia";"Decrescente";"Céu Claro";"Múltipla";"Reta";"Sim";1;0;0;0;0;1;0;1;-9,50898856;-35,80777135;"SPRF-AL";"DEL01-AL";"UOP01-DEL01-AL"
514317;2023-04-01;"sábado";"21:30:00";"MA";10;128,4;"ESTREITO";"Pedestre andava na pista";"Atropelamento de Pedestre";"Com Vítimas Fatais";"Plena Noite";"Crescente";"Céu Claro";"Simples";"Reta";"Sim";3;1;0;0;2;0;0;2;-6,564439;-47,44772;"SPRF-MA";"DEL04-MA";"UOP02-DEL04-MA"
514319;2023-04-02;"domingo";"09:42:00";"PB";230;60;"CRUZ DO ESPIRITO SANTO";"Condutor Dormindo";"Saída de leito carroçável";"Com Vítimas Feridas";"Pleno dia";"Crescente";"Céu Claro";"Dupla";"Reta";"Não";3;0;1;1;1;0;2;1;-7,205;-35,1393;"SPRF-PB";"DEL01-PB";"UOP03-DEL01-PB"
514320;2023-04-02;"domingo";"09:35:00";"PR";277;133,9;"BALSA NOVA";"Ausência de reação do condutor";"Colisão com objeto";"Com Vítimas Feridas";"Pleno dia";"Crescente";"Céu Claro";"Dupla";"Reta";"Não";2;0;2;0;0;0;2;1;-25,471167;-49,671833;"SPRF-PR";"DEL03-PR";"UOP03-DEL03-PR"
514321;2023-04-02;"domingo";"09:50:00";"ES";101;92;"JAGUARE";"Ausência de reação do condutor";"Queda de ocupante de veículo";"Com Vítimas Feridas";"Pleno dia";"Crescente";"Nublado";"Simples";"Reta";"Não";1;0;1;0;0;0;1;1;-18,91447199;-39,96390403;"SPRF-ES";"DEL04-ES";"UOP02-DEL04-ES"
514322;2023-04-02;"domingo";"10:20:00";"SC";280;163;"MAFRA";"Ultrapassagem Indevida";"Colisão lateral mesmo sentido";"Com Vítimas Feridas";"Pleno dia";"Crescente";"Céu Claro";"Simples";"Reta";"Não";6;0;3;1;2;0;4;2;-26,19739326;-49,79756122;"SPRF-SC";"DEL06-SC";"UOP01-DEL06-SC"
514323;2023-04-02;"domingo";"10:30:00";"PE";101;103;"CABO DE SANTO AGOSTINHO";"Acessar a via sem observar a presença dos outros veículos";"Colisão frontal";"Com Vítimas Feridas";"Pleno dia";"Crescente";"Céu Claro";"Simples";"Interseção de Vias;Reta;Retorno Regulamentado";"Sim";3;0;0;2;1;0;2;2;-8,29241321;-35,05598304;"SPRF-PE";"DEL01-PE";"UOP03-DEL01-PE"
514326;2023-04-02;"domingo";"10:15:00";"RS";116;189,2;"NOVA PETROPOLIS";"Avarias e/ou desgaste excessivo no pneu";"Tombamento";"Com Vítimas Feridas";"Pleno dia";"Crescente";"Céu Claro";"Simples";"Curva";"Sim";2;0;2;0;0;0;2;1;-29,41439425;-51,12826171;"SPRF-RS";"DEL05-RS";"UOP02-DEL05-RS"
514327;2023-04-02;"domingo";"11:15:00";"SE";101;138,1;"ESTANCIA";"Demais falhas mecânicas ou elétricas";"Colisão com objeto";"Com Vítimas Feridas";"Pleno dia";"Crescente";"Céu Claro";"Dupla";"Reta";"Não";2;0;1;1;0;0;2;1;-11,15565107;-37,40037525;"SPRF-SE";"DEL02-SE";"UOP01-DEL02-SE"
514328;2023-04-02;"domingo";"09:50:00";"ES";262;184;"IRUPI";"Acessar a via sem observar a presença dos outros veículos";"Colisão transversal";"Com Vítimas Feridas";"Pleno dia";"Crescente";"Céu Claro";"Simples";"Reta";"Não";2;0;1;0;1;0;1;2;-20,29551627;-41,70587605;"SPRF-ES";"DEL01-ES";"UOP02-DEL01-ES"
514329;2023-04-02;"domingo";"11:37:00";"DF";40;1,5;"BRASILIA";"Condutor deixou de manter distância do veículo da frente";"Colisão traseira";"Com Vítimas Feridas";"Pleno dia";"Decrescente";"Céu Claro";"Dupla";"Reta";"Sim";3;0;1;0;1;1;1;2;-15,985532;-47,987747;"SPRF-DF";"DEL01-DF";"UOP01-DEL01-DF"
514330;2023-04-02;"domingo";"10:40:00";"RJ";40;98;"DUQUE DE CAXIAS";"Manobra de mudança de faixa";"Colisão lateral mesmo sentido";"Com Vítimas Feridas";"Pleno dia";"Decrescente";"Céu Claro";"Simples";"Declive;Curva";"Não";5;0;1;0;4;0;1;2;-22,57773682;-43,27329036;"SPRF-RJ";"DEL01-RJ";"UOP01-DEL01-RJ"
514331;2023-04-02;"domingo";"11:40:00";"SE";101;149;"ESTANCIA";"Acessar a via sem observar a presença dos outros veículos";"Colisão transversal";"Com Vítimas Feridas";"Pleno dia";"Crescente";"Céu Claro";"Múltipla";"Declive;Interseção de Vias;Reta";"Sim";4;0;0;2;2;0;2;2;-11,24076315;-37,43120873;"SPRF-SE";"DEL02-SE";"UOP01-DEL02-SE"
514332;2023-04-02;"domingo";"10:00:00";"MG";262;811;"UBERABA";"Ausência de reação do condutor";"Colisão traseira";"Com Vítimas Feridas";"Pleno dia";"Decrescente";"Sol";"Dupla";"Reta";"Sim";2;0;2;0;0;0;2;2;-19,76527861;-48,11638905;"SPRF-MG";"DEL13-MG";"UOP01-DEL13-MG"
514333;2023-04-02;"domingo";"11:20:00";"SC";101;369;"ICARA";"Acessar a via sem observar a presença dos outros veículos";"Colisão lateral mesmo sentido";"Com Vítimas Feridas";"Pleno dia";"Decrescente";"Céu Claro";"Dupla";"Reta";"Sim";4;0;0;1;2;1;1;3;-28,69775604;-49,182934;"SPRF-SC";"DEL02-SC";"UOP01-DEL02-SC"
514334;2023-04-02;"domingo";"11:15:00";"RS";158;481,8;"ROSARIO DO SUL";"Ausência de reação do condutor";"Saída de leito carroçável";"Com Vítimas Feridas";"Pleno dia";"Decrescente";"Céu Claro";"Simples";"Reta;Aclive";"Não";1;0;1;0;0;0;1;1;-30,35424979;-55,02845022;"SPRF-RS";"DEL11-RS";"UOP02-DEL11-RS"
514338;2023-04-02;"domingo";"10:45:00";"PE";104;45,3;"CARUARU";"Reação tardia ou ineficiente do condutor";"Colisão traseira";"Com Vítimas Feridas";"Pleno dia";"Decrescente";"Céu Claro";"Dupla";"Reta;Declive";"Não";2;0;2;0;0;0;2;2;-8,118566;-36,001262;"SPRF-PE";"DEL02-PE";"UOP01-DEL02-PE"
514341;2023-04-02;"domingo";"10:30:00";"BA";110;150;"RIBEIRA DO POMBAL";"Reação tardia ou ineficiente do condutor";"Saída de leito carroçável";"Com Vítimas Feridas";"Pleno dia";"Decrescente";"Céu Claro";"Simples";"Reta";"Não";1;0;1;0;0;0;1;1;-10,69245302;-38,44478799;"SPRF-BA";"DEL07-BA";"UOP02-DEL07-BA"
514344;2023-04-02;"domingo";"13:15:00";"RS";153;415,4;"CACHOEIRA DO SUL";"Redutor de velocidade em desacordo";"Saída de leito carroçável";"Sem Vítimas";"Pleno dia";"Decrescente";"Céu Claro";"Simples";"Curva";"Não";1;0;0;0;1;0;0;1;-30,07087666;-52,87788391;"SPRF-RS";"DEL02-RS";"UOP03-DEL02-RS"
514345;2023-04-02;"domingo";"13:10:00";"GO";40;92,8;"CRISTALINA";"Acessar a via sem observar a presença dos outros veículos";"Colisão transversal";"Sem Vítimas";"Pleno dia";"Decrescente";"Céu Claro";"Simples";"Interseção de Vias";"Não";2;0;0;0;2;0;0;2;-16,730814;-47,626211;"SPRF-DF";"DEL01-DF";"UOP02-DEL01-DF"
514346;2023-04-02;"domingo";"12:00:00";"RJ";40;82,9;"PETROPOLIS";"Reação tardia ou ineficiente do condutor";"Tombamento";"Com Vítimas Feridas";"Pleno dia";"Crescente";"Nublado";"Simples";"Curva";"Não";1;0;1;0;0;0;1;1;-22,51757196;-43,2283473;"SPRF-RJ";"DEL06-RJ";"UOP01-DEL06-RJ"
514347;2023-04-02;"domingo";"12:15:00";"PR";116;122;"CURITIBA";"Reação tardia ou ineficiente do condutor";"Engavetamento";"Com Vítimas Feridas";"Pleno dia";"Crescente";"Sol";"Dupla";"Reta";"Não";8;0;1;0;7;0;1;3;-25,56857207;-49,31023179;"SPRF-PR";"DEL01-PR";"UOP03-DEL01-PR"
514350;2023-04-02;"domingo";"06:30:00";"RJ";116;132;"MAGE";"Velocidade Incompatível";"Colisão traseira";"Com Vítimas Feridas";"Amanhecer";"Decrescente";"Nublado";"Dupla";"Reta";"Não";4;0;2;2;0;0;4;2;-22,65061105;-43,17060471;"SPRF-RJ";"DEL04-RJ";"UOP02-DEL04-RJ"
514353;2023-04-02;"domingo";"12:30:00";"GO";60;421;"RIO VERDE";"Ausência de reação do condutor";"Saída de leito carroçável";"Com Vítimas Feridas";"Pleno dia";"Crescente";"Céu Claro";"Dupla";"Curva";"Não";1;0;0;1;0;0;1;1;-17,8218;-51,2511;"SPRF-GO";"DEL04-GO";"UOP02-DEL04-GO"
514354;2023-04-02;"domingo";"14:00:00";"PR";116;125;"FAZENDA RIO GRANDE";"Condutor usando celular";"Colisão traseira";"Com Vítimas Feridas";"Pleno dia";"Crescente";"Céu Claro";"Dupla";"Reta";"Sim";3;0;1;0;2;0;1;2;-25,62965793;-49,31403279;"SPRF-PR";"DEL01-PR";"UOP03-DEL01-PR"
514355;2023-04-02;"domingo";"08:50:00";"MG";50;181,2;"UBERABA";"Ausência de reação do condutor";"Colisão traseira";"Com Vítimas Feridas";"Pleno dia";"Crescente";"Céu Claro";"Dupla";"Reta;Declive";"Sim";4;0;3;0;1;0;3;3;-19,785967;-47,916336;"SPRF-MG";"DEL13-MG";"UOP01-DEL13-MG"
514356;2023-04-02;"domingo";"13:40:00";"RJ";101;295;"ITABORAI";"Reação tardia ou ineficiente do condutor";"Colisão traseira";"Com Vítimas Feridas";"Pleno dia";"Decrescente";"Nublado";"Dupla";"Reta";"Não";3;0;2;0;1;0;2;2;-22,76365068;-42,90223623;"SPRF-RJ";"DEL02-RJ";"UOP02-DEL02-RJ"
514357;2023-04-02;"domingo";"13:55:00";"PR";277;580,5;"CASCAVEL";"Ingestão de álcool pelo condutor";"Colisão frontal";"Com Vítimas Feridas";"Pleno dia";"Decrescente";"Céu Claro";"Dupla";"Reta;Interseção de Vias";"Sim";6;0;1;0;5;0;1;2;-24,984741;-53,368952;"SPRF-PR";"DEL04-PR";"UOP01-DEL04-PR"
514358;2023-04-02;"domingo";"12:50:00";"PR";369;361,1;"CAMPO MOURAO";"Velocidade Incompatível";"Saída de leito carroçável";"Com Vítimas Feridas";"Pleno dia";"Decrescente";"Céu Claro";"Simples";"Rotatória";"Não";1;0;0;1;0;0;1;1;-24,08345492;-52,41336823;"SPRF-PR";"DEL09-PR";"UOP03-DEL09-PR"
514359;2023-04-02;"domingo";"14:00:00";"PR";373;179,8;"PONTA GROSSA";"Ingestão de álcool e/ou substâncias psicoativas pelo pedestre";"Atropelamento de Pedestre";"Com Vítimas Feridas";"Pleno dia";"Crescente";"Céu Claro";"Dupla";"Reta;Viaduto";"Não";3;0;0;1;1;1;1;2;-25,03983629;-50,24852895;"SPRF-PR";"DEL03-PR";"UOP01-DEL03-PR"
514363;2023-04-02;"domingo";"14:30:00";"PR";277;1,9;"FOZ DO IGUACU";"Demais falhas mecânicas ou elétricas";"Incêndio";"Sem Vítimas";"Pleno dia";"Decrescente";"Céu Claro";"Dupla";"Reta";"Não";2;0;0;0;2;0;0;2;-25,5469;-54,5882;"SPRF-PR";"DEL05-PR";"UOP03-DEL05-PR"
514364;2023-04-02;"domingo";"11:30:00";"SC";101;41;"JOINVILLE";"Ausência de reação do condutor";"Colisão traseira";"Com Vítimas Feridas";"Pleno dia";"Decrescente";"Céu Claro";"Múltipla";"Viaduto;Reta";"Sim";5;0;1;0;4;0;1;3;-26,31786342;-48,87232661;"SPRF-SC";"DEL03-SC";"UOP01-DEL03-SC"
514365;2023-04-02;"domingo";"15:15:00";"GO";70;2,8;"AGUAS LINDAS DE GOIAS";"Mal súbito do condutor";"Queda de ocupante de veículo";"Com Vítimas Feridas";"Pleno dia";"Crescente";"Nublado";"Dupla";"Reta";"Não";1;0;1;0;0;0;1;1;-15,767021;-48,229945;"SPRF-DF";"DEL03-DF";"UOP02-DEL03-DF"
514366;2023-04-02;"domingo";"15:00:00";"MG";40;674;"CARANDAI";"Ausência de reação do condutor";"Capotamento";"Com Vítimas Feridas";"Pleno dia";"Decrescente";"Céu Claro";"Simples";"Reta";"Não";2;0;1;1;0;0;2;1;-21,00818824;-43,78211282;"SPRF-MG";"DEL05-MG";"UOP02-DEL05-MG"
514367;2023-04-02;"domingo";"14:00:00";"MG";116;275,7;"TEOFILO OTONI";"Obras na pista";"Tombamento";"Com Vítimas Feridas";"Pleno dia";"Crescente";"Garoa/Chuvisco";"Simples";"Reta;Em Obras";"Sim";2;0;2;0;0;0;2;1;-17,84235093;-41,51410418;"SPRF-MG";"DEL11-MG";"UOP01-DEL11-MG"
514368;2023-04-02;"domingo";"14:10:00";"RN";304;157,3;"FERNANDO PEDROZA";"Velocidade Incompatível";"Saída de leito carroçável";"Com Vítimas Fatais";"Pleno dia";"Decrescente";"Nublado";"Simples";"Curva;Ponte";"Não";1;1;0;0;0;0;0;1;-5,697883;-36,537063;"SPRF-RN";"DEL04-RN";"UOP01-DEL04-RN"