"id";"data_inversa";"dia_semana";"horario";"uf";"br";"km";"municipio";"causa_acidente";"tipo_acidente";"classificacao_acidente";"fase_dia";"sentido_via";"condicao_metereologica";"tipo_pista";"tracado_via";"uso_solo";"pessoas";"mortos";"feridos_leves";"feridos_graves";"ilesos";"ignorados";"feridos";"veiculos";"latitude";"longitude";"regional";"delegacia";"uop"
514372;2023-03-25;"sábado";"17:00:00";"PE";424;88;"GARANHUNS";"Transitar na contramão";"Colisão frontal";"Com Vítimas Feridas";"Anoitecer";"Decrescente";"Nublado";"Simples";"Declive;Reta";"Sim";3;0;1;0;1;1;1;3;-8,88289772;-36,50848532;"SPRF-PE";"DEL03-PE";"UOP01-DEL03-PE"
514375;2023-04-02;"domingo";"15:30:00";"PR";116;17;"CURITIBA";"Ausência de reação do condutor";"Queda de ocupante de veículo";"Com Vítimas Feridas";"Pleno dia";"Decrescente";"Nublado";"Dupla";"Reta";"Não";1;0;0;1;0;0;1;1;-25,389;-49,1867;"SPRF-PR";"DEL01-PR";"UOP02-DEL01-PR"
514377;2023-04-02;"domingo";"16:00:00";"ES";262;20;"VIANA";"Reação tardia ou ineficiente do condutor";"Colisão traseira";"Com Vítimas Feridas";"Pleno dia";"Crescente";"Nublado";"Simples";"Reta";"Não";3;0;1;0;2;0;1;3;-20,38569081;-40,49680586;"SPRF-ES";"DEL01-ES";"UOP01-DEL01-ES"
514378;2023-04-02;"domingo";"15:30:00";"PR";369;498,6;"CORBELIA";"Acessar a via sem observar a presença dos outros veículos";"Colisão transversal";"Com Vítimas Feridas";"Pleno dia";"Decrescente";"Céu Claro";"Simples";"Reta";"Não";2;0;1;0;1;0;1;2;-24,7629;-53,2938;"SPRF-PR";"DEL04-PR";"UOP03-DEL04-PR"
514379;2023-04-02;"domingo";"11:00:00";"MA";135;170;"SAO MATEUS DO MARANHAO";"Trafegar com motocicleta (ou similar) entre as faixas";"Colisão traseira";"Com Vítimas Feridas";"Pleno dia";"Crescente";"Céu Claro";"Simples";"Reta";"Não";2;0;1;0;1;0;1;2;-3,931915;-44,48010587;"SPRF-MA";"DEL03-MA";"UOP01-DEL03-MA"
514380;2023-04-02;"domingo";"16:30:00";"BA";20;133;"SAO DESIDERIO";"Pista Escorregadia";"Saída de leito carroçável";"Com Vítimas Feridas";"Pleno dia";"Decrescente";"Chuva";"Simples";"Reta";"Não";3;0;1;2;0;0;3;1;-12,77765193;-45,94860077;"SPRF-BA";"DEL10-BA";"UOP01-DEL10-BA"
514381;2023-04-02;"domingo";"16:50:00";"PE";101;67;"RECIFE";"Condutor deixou de manter distância do veículo da frente";"Colisão traseira";"Com Vítimas Feridas";"Pleno dia";"Crescente";"Céu Claro";"Múltipla";"Reta";"Sim";2;0;1;0;1;0;1;2;-8,042334;-34,943096;"SPRF-PE";"DEL01-PE";"UOP01-DEL01-PE"
514382;2023-04-02;"domingo";"13:30:00";"MT";163;608;"NOVA MUTUM";"Ingestão de álcool pelo condutor";"Saída de leito carroçável";"Sem Vítimas";"Pleno dia";"Crescente";"Céu Claro";"Simples";"Reta";"Não";1;0;0;0;1;0;0;1;-13,73843779;-56,04966782;"SPRF-MT";"DEL01-MT";"UOP01-DEL01-MT"
514384;2023-04-02;"domingo";"10:30:00";"MG";381;447;"SANTA LUZIA";"Conversão proibida";"Colisão lateral mesmo sentido";"Com Vítimas Feridas";"Pleno dia";"Decrescente";"Céu Claro";"Simples";"Reta";"Não";2;0;1;0;1;0;1;2;-19,83447607;-43,85011601;"SPRF-MG";"DEL01-MG";"UOP01-DEL01-MG"
514385;2023-04-02;"domingo";"13:05:00";"SC";282;445,8;"PONTE SERRADA";"Velocidade Incompatível";"Colisão com objeto";"Com Vítimas Feridas";"Pleno dia";"Decrescente";"Sol";"Simples";"Curva";"Não";1;0;1;0;0;0;1;1;-26,9153352;-51,90559387;"SPRF-SC";"DEL07-SC";"UOP04-DEL07-SC"
514386;2023-04-02;"domingo";"16:30:00";"RJ";116;62;"TERESOPOLIS";"Velocidade Incompatível";"Capotamento";"Com Vítimas Feridas";"Pleno dia";"Crescente";"Céu Claro";"Simples";"Reta";"Não";1;0;1;0;0;0;1;1;-22,25254197;-42,91927708;"SPRF-RJ";"DEL04-RJ";"UOP01-DEL04-RJ"
514387;2023-04-02;"domingo";"17:10:00";"MG";40;504;"ESMERALDAS";"Frear bruscamente";"Colisão traseira";"Sem Vítimas";"Pleno dia";"Crescente";"Céu Claro";"Dupla";"Reta";"Não";3;0;0;0;3;0;0;3;-19,72987888;-44,15253368;"SPRF-MG";"DEL02-MG";"UOP01-DEL02-MG"
514388;2023-04-02;"domingo";"17:20:00";"SC";101;98,1;"BALNEARIO PICARRAS";"Objeto estático sobre o leito carroçável";"Colisão com objeto";"Com Vítimas Feridas";"Pleno dia";"Decrescente";"Céu Claro";"Dupla";"Reta";"Não";1;0;1;0;0;0;1;1;-26,7405515;-48,69835854;"SPRF-SC";"DEL03-SC";"UOP02-DEL03-SC"
514389;2023-04-02;"domingo";"16:50:00";"BA";324;595;"CANDEIAS";"Reação tardia ou ineficiente do condutor";"Saída de leito carroçável";"Com Vítimas Feridas";"Pleno dia";"Crescente";"Céu Claro";"Dupla";"Reta";"Não";3;0;1;0;1;1;1;1;-12,71235341;-38,45524557;"SPRF-BA";"DEL01-BA";"UOP01-DEL01-BA"
514390;2023-04-02;"domingo";"17:20:00";"GO";153;432,4;"ANAPOLIS";"Avarias e/ou desgaste excessivo no pneu";"Tombamento";"Com Vítimas Feridas";"Pleno dia";"Decrescente";"Nublado";"Dupla";"Reta";"Sim";1;0;0;1;0;0;1;1;-16,2802611;-48,96031749;"SPRF-GO";"DEL02-GO";"UOP01-DEL02-GO"
514391;2023-04-02;"domingo";"15:40:00";"MS";163;473,5;"CAMPO GRANDE";"Demais falhas mecânicas ou elétricas";"Tombamento";"Sem Vítimas";"Pleno dia";"Crescente";"Céu Claro";"Simples";"Reta";"Não";2;0;0;0;0;2;0;1;-20,53459008;-54,56411122;"SPRF-MS";"DEL01-MS";"UOP01-DEL01-MS"
514393;2023-04-02;"domingo";"16:40:00";"MS";163;838;"SONORA";"Ingestão de álcool pelo condutor";"Queda de ocupante de veículo";"Com Vítimas Feridas";"Anoitecer";"Decrescente";"Céu Claro";"Simples";"Rotatória";"Não";1;0;1;0;0;0;1;1;-17,591269;-54,74493;"SPRF-MS";"DEL06-MS";"UOP01-DEL06-MS"
514395;2023-04-02;"domingo";"17:20:00";"PR";116;193,1;"CAMPO DO TENENTE";"Reação tardia ou ineficiente do condutor";"Queda de ocupante de veículo";"Com Vítimas Feridas";"Pleno dia";"Decrescente";"Céu Claro";"Simples";"Reta";"Não";1;0;1;0;0;0;1;1;-25,97108314;-49,65958078;"SPRF-SC";"DEL06-SC";"UOP01-DEL06-SC"
514396;2023-04-02;"domingo";"15:30:00";"MG";40;258;"SAO GONCALO DO ABAETE";"Acumulo de água sobre o pavimento";"Saída de leito carroçável";"Com Vítimas Feridas";"Pleno dia";"Crescente";"Chuva";"Simples";"Reta";"Não";1;0;1;0;0;0;1;1;-18,13657095;-45,37279299;"SPRF-MG";"DEL14-MG";"UOP02-DEL14-MG"
514397;2023-04-02;"domingo";"17:45:00";"MG";381;485;"BETIM";"Velocidade Incompatível";"Colisão com objeto";"Com Vítimas Feridas";"Anoitecer";"Decrescente";"Céu Claro";"Dupla";"Reta;Declive";"Sim";4;0;3;0;0;1;3;1;-19,95659361;-44,12622893;"SPRF-MG";"DEL01-MG";"UOP03-DEL01-MG"
514399;2023-04-02;"domingo";"16:20:00";"MG";381;862;"POUSO ALEGRE";"Ingestão de álcool pelo condutor";"Capotamento";"Com Vítimas Feridas";"Pleno dia";"Decrescente";"Céu Claro";"Dupla";"Curva";"Não";1;0;1;0;0;0;1;1;-22,37453071;-45,93949727;"SPRF-MG";"DEL16-MG";"UOP01-DEL16-MG"
514400;2023-04-02;"domingo";"18:00:00";"RS";116;527;"PELOTAS";"Reação tardia ou ineficiente do condutor";"Tombamento";"Com Vítimas Feridas";"Pleno dia";"Decrescente";"Céu Claro";"Múltipla";"Interseção de Vias";"Sim";1;0;1;0;0;0;1;1;-31,7470243;-52,40899728;"SPRF-RS";"DEL07-RS";"UOP01-DEL07-RS"
514401;2023-04-02;"domingo";"17:27:00";"GO";60;13,7;"SANTO ANTONIO DO DESCOBERTO";"Reação tardia ou ineficiente do condutor";"Saída de leito carroçável";"Com Vítimas Feridas";"Pleno dia";"Crescente";"Céu Claro";"Dupla";"Curva";"Não";5;0;4;0;0;1;4;2;-16,111113;-48,349793;"SPRF-DF";"DEL03-DF";"UOP01-DEL03-DF"
514403;2023-04-02;"domingo";"18:15:00";"GO";40;2;"VALPARAISO DE GOIAS";"Acessar a via sem observar a presença dos outros veículos";"Colisão transversal";"Sem Vítimas";"Plena Noite";"Decrescente";"Céu Claro";"Dupla";"Reta";"Sim";4;0;0;0;4;0;0;3;-16,06577426;-47,98388243;"SPRF-DF";"DEL01-DF";"UOP01-DEL01-DF"
514404;2023-04-02;"domingo";"18:00:00";"PI";316;23;"TERESINA";"Ultrapassagem Indevida";"Colisão lateral mesmo sentido";"Com Vítimas Feridas";"Plena Noite";"Decrescente";"Chuva";"Dupla";"Reta";"Sim";2;0;1;0;0;1;1;2;-5,28247202;-42,72203903;"SPRF-PI";"DEL01-PI";"UOP02-DEL01-PI"
514407;2023-04-02;"domingo";"18:15:00";"RN";101;81,7;"SAO GONCALO DO AMARANTE";"Ingestão de álcool e/ou substâncias psicoativas pelo pedestre";"Queda de ocupante de veículo";"Com Vítimas Feridas";"Plena Noite";"Crescente";"Céu Claro";"Dupla";"Reta";"Sim";1;0;0;1;0;0;1;1;-5,76469466;-35,28295988;"SPRF-RN";"DEL02-RN";"UOP01-DEL02-RN"
514408;2023-04-02;"domingo";"17:15:00";"SC";101;149;"ITAPEMA";"Manobra de mudança de faixa";"Engavetamento";"Com Vítimas Feridas";"Pleno dia";"Decrescente";"Céu Claro";"Dupla";"Reta;Viaduto";"Sim";4;0;1;0;3;0;1;3;-27,1089649;-48,61277586;"SPRF-SC";"DEL04-SC";"UOP03-DEL04-SC"
514409;2023-04-02;"domingo";"18:40:00";"SE";101;103;"SAO CRISTOVAO";"Acessar a via sem observar a presença dos outros veículos";"Colisão lateral mesmo sentido";"Com Vítimas Feridas";"Plena Noite";"Decrescente";"Céu Claro";"Dupla";"Reta;Rotatória";"Não";3;0;0;1;1;1;1;2;-10,95275718;-37,21920991;"SPRF-SE";"DEL02-SE";"UOP01-DEL02-SE"
514412;2023-04-02;"domingo";"18:45:00";"RS";116;234;"NOVO HAMBURGO";"Acessar a via sem observar a presença dos outros veículos";"Colisão transversal";"Com Vítimas Feridas";"Plena Noite";"Decrescente";"Céu Claro";"Simples";"Reta;Rotatória";"Sim";7;0;2;0;5;0;2;2;-29,65121313;-51,1444433;"SPRF-RS";"DEL01-RS";"UOP02-DEL01-RS"
514414;2023-04-02;"domingo";"18:00:00";"RS";101;9,4;"MAQUINE";"Animais na Pista";"Atropelamento de Animal";"Com Vítimas Feridas";"Anoitecer";"Crescente";"Nublado";"Simples";"Reta";"Não";1;0;1;0;0;0;1;1;-29,7500854;-50,1745119;"SPRF-RS";"DEL03-RS";"UOP01-DEL03-RS"
514415;2023-04-02;"domingo";"18:30:00";"ES";101;33;"CONCEICAO DA BARRA";"Acessar a via sem observar a presença dos outros veículos";"Colisão transversal";"Com Vítimas Feridas";"Plena Noite";"Decrescente";"Céu Claro";"Simples";"Reta";"Sim";4;0;1;0;2;1;1;2;-18,43474232;-39,933535;"SPRF-ES";"DEL04-ES";"UOP02-DEL04-ES"
514416;2023-04-02;"domingo";"18:20:00";"BA";367;55;"PORTO SEGURO";"Ultrapassagem Indevida";"Colisão traseira";"Com Vítimas Feridas";"Plena Noite";"Crescente";"Céu Claro";"Simples";"Reta;Aclive";"Não";3;0;2;0;0;1;2;2;-16,38726598;-39,339153;"SPRF-BA";"DEL09-BA";"UOP03-DEL09-BA"
514418;2023-04-02;"domingo";"18:50:00";"SC";101;218;"PALHOCA";"Acessar a via sem observar a presença dos outros veículos";"Tombamento";"Com Vítimas Feridas";"Plena Noite";"Decrescente";"Céu Claro";"Dupla";"Reta";"Não";1;0;0;1;0;0;1;1;-27,6758601;-48,67052525;"SPRF-SC";"DEL01-SC";"UOP02-DEL01-SC"
514419;2023-04-02;"domingo";"18:40:00";"PE";101;54;"PAULISTA";"Acessar a via sem observar a presença dos outros veículos";"Colisão frontal";"Com Vítimas Feridas";"Plena Noite";"Crescente";"Céu Claro";"Simples";"Interseção de Vias";"Não";2;0;1;0;1;0;1;2;-7,93961103;-34,90356584;"SPRF-PE";"DEL01-PE";"UOP02-DEL01-PE"
514420;2023-04-02;"domingo";"16:45:00";"MT";163;1029;"PEIXOTO DE AZEVEDO";"Acessar a via sem observar a presença dos outros veículos";"Colisão transversal";"Com Vítimas Feridas";"Pleno dia";"Crescente";"Céu Claro";"Simples";"Reta;Interseção de Vias";"Sim";2;0;0;1;1;0;1;2;-10,24533;-54,989673;"SPRF-MT";"DEL06-MT";"UOP03-DEL06-MT"
514421;2023-04-02;"domingo";"14:10:00";"AL";101;198,7;"SAO SEBASTIAO";"Conversão proibida";"Colisão transversal";"Com Vítimas Feridas";"Pleno dia";"Crescente";"Sol";"Dupla";"Reta";"Não";3;0;2;1;0;0;3;2;-9,95081664;-36,54113619;"SPRF-AL";"DEL02-AL";"UOP02-DEL02-AL"
514426;2023-04-02;"domingo";"15:34:00";"MG";116;557,8;"MANHUACU";"Ausência de reação do condutor";"Capotamento";"Com Vítimas Feridas";"Pleno dia";"Decrescente";"Céu Claro";"Simples";"Curva";"Não";1;0;1;0;0;0;1;1;-20,01148644;-42,16007099;"SPRF-MG";"DEL06-MG";"UOP03-DEL06-MG"
514427;2023-04-02;"domingo";"16:35:00";"MS";376;106,3;"IVINHEMA";"Ingestão de álcool pelo condutor";"Colisão com objeto";"Com Vítimas Feridas";"Pleno dia";"Crescente";"Céu Claro";"Simples";"Aclive";"Não";1;0;1;0;0;0;1;1;-22,2933405;-53,92604383;"SPRF-MS";"DEL04-MS";"UOP04-DEL04-MS"
514428;2023-04-02;"domingo";"18:00:00";"PR";116;121;"CURITIBA";"Trafegar com motocicleta (ou similar) entre as faixas";"Colisão lateral mesmo sentido";"Com Vítimas Feridas";"Plena Noite";"Decrescente";"Céu Claro";"Dupla";"Reta";"Não";6;0;2;0;4;0;2;2;-25,5599323;-49,30743945;"SPRF-PR";"DEL01-PR";"UOP03-DEL01-PR"
514429;2023-04-02;"domingo";"19:20:00";"CE";222;303,9;"TIANGUA";"Velocidade Incompatível";"Tombamento";"Com Vítimas Feridas";"Plena Noite";"Crescente";"Nublado";"Simples";"Curva;Aclive";"Não";2;0;1;0;1;0;1;1;-3,66341744;-40,95009697;"SPRF-CE";"DEL04-CE";"UOP02-DEL04-CE"
514430;2023-04-02;"domingo";"16:00:00";"MT";163;561;"DIAMANTINO";"Ingestão de álcool pelo condutor";"Colisão traseira";"Sem Vítimas";"Anoitecer";"Decrescente";"Céu Claro";"Simples";"Curva";"Não";2;0;0;0;2;0;0;2;-14,23218537;-56,11056372;"SPRF-MT";"DEL01-MT";"UOP01-DEL01-MT"
514431;2023-04-02;"domingo";"19:45:00";"GO";60;93,9;"ANAPOLIS";"Ausência de reação do condutor";"Colisão com objeto";"Com Vítimas Feridas";"Plena Noite";"Crescente";"Nublado";"Dupla";"Curva;Viaduto";"Sim";9;0;2;1;5;1;3;4;-16,3538;-48,9268;"SPRF-GO";"DEL02-GO";"UOP01-DEL02-GO"
514432;2023-04-02;"domingo";"19:15:00";"MG";40;596,8;"OURO PRETO";"Pedestre andava na pista";"Atropelamento de Pedestre";"Com Vítimas Fatais";"Plena Noite";"Decrescente";"Céu Claro";"Simples";"Reta";"Não";2;1;0;0;1;0;0;2;-20,41181186;-43,89476664;"SPRF-MG";"DEL05-MG";"UOP02-DEL05-MG"
514433;2023-04-02;"domingo";"18:10:00";"SP";116;308;"SAO LOURENCO DA SERRA";"Reação tardia ou ineficiente do condutor";"Capotamento";"Com Vítimas Feridas";"Plena Noite";"Decrescente";"Céu Claro";"Dupla";"Reta;Viaduto";"Sim";1;0;1;0;0;0;1;1;-23,86213995;-46,94718508;"SPRF-SP";"DEL04-SP";"UOP01-DEL04-SP"
514435;2023-04-02;"domingo";"19:00:00";"ES";101;228,7;"FUNDAO";"Entrada inopinada do pedestre";"Atropelamento de Pedestre";"Com Vítimas Feridas";"Plena Noite";"Crescente";"Céu Claro";"Simples";"Reta";"Não";2;0;1;0;1;0;1;2;-19,91868701;-40,40570613;"SPRF-ES";"DEL02-ES";"UOP01-DEL02-ES"
514438;2023-04-02;"domingo";"17:35:00";"RO";364;197,8;"PIMENTA BUENO";"Ingestão de álcool pelo condutor";"Colisão traseira";"Sem Vítimas";"Pleno dia";"Crescente";"Nublado";"Simples";"Reta";"Sim";5;0;0;0;5;0;0;2;-11,67880278;-61,1878925;"SPRF-RO";"DEL02-RO";"UOP02-DEL02-RO"
514439;2023-04-02;"domingo";"20:10:00";"ES";101;68;"SAO MATEUS";"Transitar na contramão";"Colisão frontal";"Com Vítimas Feridas";"Plena Noite";"Crescente";"Nublado";"Simples";"Reta;Declive";"Sim";3;0;2;0;1;0;2;2;-18,726597;-39,85975;"SPRF-ES";"DEL04-ES";"UOP02-DEL04-ES"
514440;2023-04-02;"domingo";"19:00:00";"MS";163;493;"CAMPO GRANDE";"Reação tardia ou ineficiente do condutor";"Saída de leito carroçável";"Com Vítimas Feridas";"Anoitecer";"Crescente";"Céu Claro";"Simples";"Reta;Declive";"Não";1;0;1;0;0;0;1;1;-20,378749;-54,538004;"SPRF-MS";"DEL01-MS";"UOP02-DEL01-MS"
514441;2023-04-02;"domingo";"18:49:00";"RR";401;3,3;"CANTA";"Condutor deixou de manter distância do veículo da frente";"Colisão traseira";"Com Vítimas Feridas";"Plena Noite";"Crescente";"Céu Claro";"Dupla";"Reta";"Não";3;0;1;1;0;1;2;2;2,79386178;-60,66665958;"SPRF-RR";"DEL01-RR";"UOP01-DEL01-RR"
514443;2023-04-02;"domingo";"19:00:00";"RJ";116;96;"GUAPIMIRIM";"Reação tardia ou ineficiente do condutor";"Colisão transversal";"Com Vítimas Feridas";"Plena Noite";"Crescente";"Chuva";"Simples";"Curva;Declive";"Não";2;0;2;0;0;0;2;2;-22,48025217;-42,99744482;"SPRF-RJ";"DEL04-RJ";"UOP01-DEL04-RJ"
514444;2023-04-02;"domingo";"20:22:00";"GO";40;2,9;"VALPARAISO DE GOIAS";"Avarias e/ou desgaste excessivo no pneu";"Tombamento";"Com Vítimas Feridas";"Plena Noite";"Crescente";"Garoa/Chuvisco";"Dupla";"Curva";"Sim";1;0;1;0;0;0;1;1;-16,067129;-47,984235;"SPRF-DF";"DEL01-DF";"UOP01-DEL01-DF"
514445;2023-04-02;"domingo";"19:00:00";"GO";153;358,4;"JARAGUA";"Acesso irregular";"Saída de leito carroçável";"Sem Vítimas";"Plena Noite";"Crescente";"Nublado";"Simples";"Reta";"Sim";1;0;0;0;1;0;0;1;-15,733754;-49,32386;"SPRF-GO";"DEL02-GO";"UOP02-DEL02-GO"
514447;2023-04-02;"domingo";"15:45:00";"SC";282;549;"NOVA ITABERABA";"Velocidade Incompatível";"Colisão traseira";"Com Vítimas Feridas";"Pleno dia";"Crescente";"Sol";"Simples";"Reta";"Não";2;0;1;0;1;0;1;2;-26,962664;-52,762272;"SPRF-SC";"DEL07-SC";"UOP01-DEL07-SC"
514449;2023-04-02;"domingo";"19:50:00";"PR";116;100;"SAO JOSE DOS PINHAIS";"Objeto estático sobre o leito carroçável";"Colisão com objeto";"Com Vítimas Feridas";"Plena Noite";"Crescente";"Nublado";"Dupla";"Reta";"Não";1;0;1;0;0;0;1;1;-25,56356195;-49,15478468;"SPRF-PR";"DEL01-PR";"UOP07-DEL01-PR"
514450;2023-04-02;"domingo";"20:10:00";"BA";324;621;"SALVADOR";"Ausência de reação do condutor";"Tombamento";"Com Vítimas Feridas";"Plena Noite";"Decrescente";"Céu Claro";"Múltipla";"Reta";"Sim";1;0;1;0;0;0;1;1;-12,91233708;-38,45956983;"SPRF-BA";"DEL01-BA";"UOP01-DEL01-BA"
514452;2023-04-02;"domingo";"20:45:00";"SC";101;117,1;"ITAJAI";"Manobra de mudança de faixa";"Colisão lateral mesmo sentido";"Com Vítimas Feridas";"Plena Noite";"Crescente";"Céu Claro";"Múltipla";"Reta;Viaduto";"Sim";2;0;0;1;0;1;1;2;-26,88747187;-48,72252969;"SPRF-SC";"DEL04-SC";"UOP04-DEL04-SC"
514453;2023-04-02;"domingo";"20:32:00";"GO";20;44,8;"FORMOSA";"Ingestão de álcool pelo condutor";"Saída de leito carroçável";"Com Vítimas Feridas";"Plena Noite";"Crescente";"Garoa/Chuvisco";"Simples";"Reta";"Não";1;0;1;0;0;0;1;1;-15,374446;-47,101234;"SPRF-DF";"DEL02-DF";"UOP02-DEL02-DF"
514454;2023-04-02;"domingo";"18:50:00";"PE";407;57;"PETROLINA";"Animais na Pista";"Atropelamento de Animal";"Com Vítimas Feridas";"Plena Noite";"Decrescente";"Céu Claro";"Simples";"Reta";"Não";1;0;1;0;0;0;1;1;-8,84120895;-40,80620097;"SPRF-PE";"DEL06-PE";"UOP02-DEL06-PE"
514455;2023-04-02;"domingo";"21:30:00";"SC";101;217,5;"PALHOCA";"Ingestão de álcool pelo condutor";"Saída de leito carroçável";"Sem Vítimas";"Plena Noite";"Decrescente";"Ignorado";"Múltipla";"Reta";"Sim";1;0;0;0;1;0;0;1;-27,66779034;-48,67393586;"SPRF-SC";"DEL01-SC";"UOP02-DEL01-SC"
514459;2023-04-02;"domingo";"21:50:00";"ES";101;257;"SERRA";"Desrespeitar a preferência no cruzamento";"Colisão transversal";"Com Vítimas Feridas";"Plena Noite";"Crescente";"Céu Claro";"Dupla";"Declive";"Sim";2;0;1;0;0;1;1;2;-20,12455095;-40,30331881;"SPRF-ES";"DEL02-ES";"UOP01-DEL02-ES"
514460;2023-04-02;"domingo";"11:00:00";"RS";116;203;"PICADA CAFE";"Velocidade Incompatível";"Tombamento";"Com Vítimas Feridas";"Pleno dia";"Crescente";"Céu Claro";"Simples";"Curva";"Não";2;0;2;0;0;0;2;1;-29,49113279;-51,14998489;"SPRF-RS";"DEL05-RS";"UOP02-DEL05-RS"
514461;2023-04-02;"domingo";"19:00:00";"SC";280;59;"GUARAMIRIM";"Acessar a via sem observar a presença dos outros veículos";"Colisão transversal";"Com Vítimas Feridas";"Plena Noite";"Decrescente";"Céu Claro";"Simples";"Interseção de Vias;Curva";"Sim";2;0;2;0;0;0;2;2;-26,47545178;-49,03112411;"SPRF-SC";"DEL03-SC";"UOP03-DEL03-SC"
514462;2023-04-02;"domingo";"20:35:00";"RS";392;40;"RIO GRANDE";"Animais na Pista";"Saída de leito carroçável";"Com Vítimas Feridas";"Plena Noite";"Decrescente";"Céu Claro";"Dupla";"Reta";"Não";1;0;1;0;0;0;1;1;-31,96338187;-52,30321871;"SPRF-RS";"DEL07-RS";"UOP02-DEL07-RS"
514463;2023-04-02;"domingo";"21:30:00";"PE";232;97,3;"BEZERROS";"Ausência de reação do condutor";"Saída de leito carroçável";"Com Vítimas Feridas";"Plena Noite";"Crescente";"Céu Claro";"Dupla";"Retorno Regulamentado";"Sim";4;0;3;0;1;0;3;1;-8,23379718;-35,71628894;"SPRF-PE";"DEL02-PE";"UOP02-DEL02PE"
514465;2023-04-02;"domingo";"20:50:00";"PR";116;141;"MANDIRITUBA";"Ingestão de álcool pelo condutor";"Saída de leito carroçável";"Com Vítimas Feridas";"Plena Noite";"Crescente";"Céu Claro";"Dupla";"Reta";"Não";1;0;0;1;0;0;1;1;-25,73749;-49,31762782;"SPRF-PR";"DEL01-PR";"UOP03-DEL01-PR"
514469;2023-04-02;"domingo";"21:25:00";"MG";40;44;"PARACATU";"Ausência de reação do condutor";"Colisão transversal";"Com Vítimas Feridas";"Plena Noite";"Crescente";"Chuva";"Simples";"Reta;Interseção de Vias";"Sim";2;0;1;0;1;0;1;2;-17,23136782;-46,85351372;"SPRF-MG";"DEL14-MG";"UOP01-DEL14-MG"
514471;2023-04-02;"domingo";"21:55:00";"MG";40;419;"CURVELO";"Velocidade Incompatível";"Saída de leito carroçável";"Com Vítimas Fatais";"Plena Noite";"Crescente";"Céu Claro";"Simples";"Reta";"Não";1;1;0;0;0;0;0;1;-19,15737904;-44,57598799;"SPRF-MG";"DEL02-MG";"UOP01-DEL02-MG"
514472;2023-03-25;"sábado";"20:05:00";"MS";376;75,3;"GLORIA DE DOURADOS";"Manobra de mudança de faixa";"Colisão frontal";"Com Vítimas Feridas";"Plena Noite";"Decrescente";"Céu Claro";"Simples";"Aclive";"Não";2;0;1;0;1;0;1;2;-22,33554509;-54,19409878;"SPRF-MS";"DEL04-MS";"UOP04-DEL04-MS"
514476;2023-04-02;"domingo";"22:25:00";"PE";428;56,2;"SANTA MARIA DA BOA VISTA";"Animais na Pista";"Atropelamento de Animal";"Sem Vítimas";"Plena Noite";"Crescente";"Céu Claro";"Simples";"Reta;Aclive";"Não";1;0;0;0;1;0;0;1;-8,61340743;-39,67244695;"SPRF-PE";"DEL06-PE";"UOP03-DEL06-PE"
514477;2023-04-02;"domingo";"22:30:00";"MA";135;85;"ITAPECURU MIRIM";"Entrada inopinada do pedestre";"Atropelamento de Pedestre";"Com Vítimas Feridas";"Plena Noite";"Decrescente";"Nublado";"Simples";"Reta";"Não";3;0;0;1;2;0;1;2;-3,25681079;-44,38822426;"SPRF-MA";"DEL01-MA";"UOP02-DEL01-MA"
514478;2023-04-02;"domingo";"19:45:00";"RS";158;566,5;"SANTANA DO LIVRAMENTO";"Desrespeitar a preferência no cruzamento";"Colisão transversal";"Com Vítimas Feridas";"Plena Noite";"Crescente";"Céu Claro";"Simples";"Reta;Interseção de Vias;Aclive";"Sim";4;0;1;0;2;1;1;3;-30,8767488;-55,51069736;"SPRF-RS";"DEL11-RS";"UOP01-DEL11-RS"
514480;2023-04-02;"domingo";"22:20:00";"PB";230;506;"CAJAZEIRAS";"Animais na Pista";"Atropelamento de Animal";"Com Vítimas Feridas";"Plena Noite";"Decrescente";"Nublado";"Simples";"Reta";"Sim";1;0;1;0;0;0;1;1;-6,89791095;-38,57354414;"SPRF-PB";"DEL03-PB";"UOP03-DEL03-PB"
514481;2023-04-02;"domingo";"22:50:00";"SC";480;131;"CHAPECO";"Ingestão de álcool pelo condutor";"Colisão com objeto";"Sem Vítimas";"Plena Noite";"Decrescente";"Céu Claro";"Múltipla";"Curva;Declive";"Sim";1;0;0;0;1;0;0;1;-27,06314223;-52,63234636;"SPRF-SC";"DEL07-SC";"UOP01-DEL07-SC"
514482;2023-04-02;"domingo";"19:00:00";"RN";226;222,4;"FLORANIA";"Ingestão de álcool pelo condutor";"Tombamento";"Com Vítimas Feridas";"Plena Noite";"Crescente";"Chuva";"Simples";"Reta";"Não";1;0;1;0;0;0;1;1;-6,13279859;-36,84938605;"SPRF-RN";"DEL03-RN";"UOP01-DEL03-RN"
514483;2023-04-02;"domingo";"21:15:00";"RS";116;224;"DOIS IRMAOS";"Ausência de reação do condutor";"Queda de ocupante de veículo";"Com Vítimas Feridas";"Pleno dia";"Decrescente";"Céu Claro";"Simples";"Rotatória;Aclive;Retorno Regulamentado;Reta";"Sim";1;0;1;0;0;0;1;1;-29,58975513;-51,10781795;"SPRF-RS";"DEL01-RS";"UOP02-DEL01-RS"
514484;2023-04-02;"domingo";"21:15:00";"RJ";101;42;"CAMPOS DOS GOYTACAZES";"Demais falhas mecânicas ou elétricas";"Incêndio";"Sem Vítimas";"Plena Noite";"Crescente";"Céu Claro";"Simples";"Reta";"Não";41;0;0;0;41;0;0;1;-21,56357908;-41,32424043;"SPRF-RJ";"DEL08-RJ";"UOP01-DEL08-RJ"