"id";"data_inversa";"dia_semana";"horario";"uf";"br";"km";"municipio";"causa_acidente";"tipo_acidente";"classificacao_acidente";"fase_dia";"sentido_via";"condicao_metereologica";"tipo_pista";"tracado_via";"uso_solo";"pessoas";"mortos";"feridos_leves";"feridos_graves";"ilesos";"ignorados";"feridos";"veiculos";"latitude";"longitude";"regional";"delegacia";"uop"
514485;2023-04-02;"domingo";"20:20:00";"RJ";101;50;"CAMPOS DOS GOYTACAZES";"Transitar na contramão";"Colisão frontal";"Com Vítimas Feridas";"Plena Noite";"Decrescente";"Céu Claro";"Simples";"Reta;Declive";"Sim";3;0;3;0;0;0;3;2;-21,63390905;-41,31292839;"SPRF-RJ";"DEL08-RJ";"UOP01-DEL08-RJ"
514486;2023-04-02;"domingo";"23:40:00";"SP";116;223;"GUARULHOS";"Ausência de reação do condutor";"Saída de leito carroçável";"Sem Vítimas";"Plena Noite";"Crescente";"Nublado";"Múltipla";"Reta;Interseção de Vias";"Sim";1;0;0;0;0;1;0;1;-23,47559815;-46,5246609;"SPRF-SP";"DEL01-SP";"UOP01-DEL01-SP"
514487;2023-04-02;"domingo";"22:15:00";"PE";232;77;"GRAVATA";"Acessar a via sem observar a presença dos outros veículos";"Colisão lateral mesmo sentido";"Com Vítimas Feridas";"Plena Noite";"Decrescente";"Céu Claro";"Simples";"Reta";"Sim";3;0;0;1;2;0;1;3;-8,19343863;-35,54300692;"SPRF-PE";"DEL02-PE";"UOP02-DEL02PE"
514490;2023-04-02;"domingo";"22:50:00";"SC";280;237,6;"CANOINHAS";"Reação tardia ou ineficiente do condutor";"Saída de leito carroçável";"Com Vítimas Feridas";"Plena Noite";"Decrescente";"Céu Claro";"Simples";"Curva";"Não";1;0;1;0;0;0;1;1;-26,20536399;-50,438846;"SPRF-SC";"DEL06-SC";"UOP04-DEL06-SC"
514491;2023-04-02;"domingo";"11:50:00";"PR";116;95;"SAO JOSE DOS PINHAIS";"Ingestão de álcool e/ou substâncias psicoativas pelo pedestre";"Colisão traseira";"Sem Vítimas";"Plena Noite";"Crescente";"Garoa/Chuvisco";"Dupla";"Reta";"Não";2;0;0;0;2;0;0;2;-25,4971982;-49,11761871;"SPRF-PR";"DEL01-PR";"UOP07-DEL01-PR"
514493;2023-04-02;"domingo";"22:00:00";"PR";373;427;"CANDOI";"Reação tardia ou ineficiente do condutor";"Colisão transversal";"Com Vítimas Feridas";"Plena Noite";"Crescente";"Céu Claro";"Simples";"Reta";"Não";3;0;1;0;2;0;1;2;-25,72609392;-52,21470105;"SPRF-PR";"DEL08-PR";"UOP01-DEL08-PR"
514494;2023-04-02;"domingo";"22:40:00";"MS";376;33,7;"VICENTINA";"Ausência de reação do condutor";"Colisão traseira";"Com Vítimas Feridas";"Plena Noite";"Crescente";"Céu Claro";"Simples";"Reta";"Não";2;0;0;1;1;0;1;2;-22,39275751;-54,47688722;"SPRF-MS";"DEL04-MS";"UOP01-DEL04-MS"
514495;2023-04-02;"domingo";"19:00:00";"MG";116;809,5;"ALEM PARAIBA";"Demais falhas mecânicas ou elétricas";"Incêndio";"Sem Vítimas";"Anoitecer";"Decrescente";"Céu Claro";"Simples";"Reta";"Não";1;0;0;0;1;0;0;1;-21,82600491;-42,68294095;"SPRF-MG";"DEL07-MG";"UOP01-DEL07-MG"
514496;2023-04-02;"domingo";"22:30:00";"MG";40;779,5;"JUIZ DE FORA";"Reação tardia ou ineficiente do condutor";"Colisão com objeto";"Com Vítimas Feridas";"Plena Noite";"Crescente";"Céu Claro";"Dupla";"Curva";"Não";1;0;1;0;0;0;1;1;-21,67252614;-43,44374992;"SPRF-MG";"DEL05-MG";"UOP01-DEL05-MG"
514498;2023-04-02;"domingo";"18:30:00";"MG";116;771,8;"LEOPOLDINA";"Velocidade Incompatível";"Tombamento";"Com Vítimas Feridas";"Plena Noite";"Crescente";"Céu Claro";"Simples";"Curva";"Não";1;0;1;0;0;0;1;1;-21,56393225;-42,67830927;"SPRF-MG";"DEL07-MG";"UOP01-DEL07-MG"
514499;2023-04-02;"domingo";"22:30:00";"MG";116;757,9;"LEOPOLDINA";"Animais na Pista";"Atropelamento de Animal";"Com Vítimas Feridas";"Plena Noite";"Decrescente";"Nublado";"Simples";"Reta";"Não";1;0;1;0;0;0;1;1;-21,50243487;-42,60067703;"SPRF-MG";"DEL07-MG";"UOP01-DEL07-MG"
514500;2023-04-03;"segunda-feira";"01:00:00";"PR";277;47;"MORRETES";"Demais falhas mecânicas ou elétricas";"Incêndio";"Sem Vítimas";"Plena Noite";"Crescente";"Nublado";"Dupla";"Reta";"Não";1;0;0;0;1;0;0;1;-25,58937591;-48,87336932;"SPRF-PR";"DEL01-PR";"UOP01-DEL01-PR"
514503;2023-04-03;"segunda-feira";"03:15:00";"SP";116;157,7;"SAO JOSE DOS CAMPOS";"Ingestão de álcool pelo condutor";"Colisão traseira";"Com Vítimas Feridas";"Plena Noite";"Decrescente";"Céu Claro";"Dupla";"Reta";"Sim";5;0;2;0;2;1;2;3;-23,25558031;-45,9437828;"SPRF-SP";"DEL02-SP";"UOP01-DEL02-SP"
514504;2023-04-03;"segunda-feira";"03:50:00";"PR";277;70;"SAO JOSE DOS PINHAIS";"Ingestão de álcool pelo condutor";"Saída de leito carroçável";"Sem Vítimas";"Plena Noite";"Crescente";"Nublado";"Dupla";"Reta";"Sim";1;0;0;0;1;0;0;1;-25,510386;-49,130295;"SPRF-PR";"DEL01-PR";"UOP01-DEL01-PR"
514505;2023-04-03;"segunda-feira";"04:10:00";"RS";116;523;"PELOTAS";"Ingestão de álcool pelo condutor";"Colisão com objeto";"Sem Vítimas";"Plena Noite";"Decrescente";"Nublado";"Simples";"Curva;Declive";"Não";1;0;0;0;1;0;0;1;-31,72136584;-52,38140629;"SPRF-RS";"DEL07-RS";"UOP01-DEL07-RS"
514506;2023-04-03;"segunda-feira";"04:17:00";"DF";70;16;"BRASILIA";"Condutor Dormindo";"Saída de leito carroçável";"Com Vítimas Feridas";"Plena Noite";"Crescente";"Nublado";"Dupla";"Rotatória";"Não";1;0;1;0;0;0;1;1;-15,796144;-48,194225;"SPRF-DF";"DEL03-DF";"UOP02-DEL03-DF"
514507;2023-04-03;"segunda-feira";"04:20:00";"SC";101;196;"BIGUACU";"Ausência de reação do condutor";"Colisão traseira";"Sem Vítimas";"Plena Noite";"Crescente";"Céu Claro";"Múltipla";"Reta";"Sim";2;0;0;0;1;1;0;2;-27,51101091;-48,64322292;"SPRF-SC";"DEL01-SC";"UOP01-DEL01-SC"
514508;2023-04-03;"segunda-feira";"04:00:00";"PE";232;121;"CARUARU";"Velocidade Incompatível";"Saída de leito carroçável";"Com Vítimas Feridas";"Amanhecer";"Crescente";"Céu Claro";"Dupla";"Reta";"Não";2;0;1;0;1;0;1;1;-8,30018257;-35,91071184;"SPRF-PE";"DEL02-PE";"UOP01-DEL02-PE"
514509;2023-04-03;"segunda-feira";"03:30:00";"GO";364;358,9;"MINEIROS";"Transitar na contramão";"Colisão frontal";"Com Vítimas Fatais";"Plena Noite";"Decrescente";"Céu Claro";"Simples";"Reta";"Não";2;1;0;0;1;0;0;2;-17,392626;-52,971909;"SPRF-GO";"DEL05-GO";"UOP01-DEL05-GO"
514511;2023-04-03;"segunda-feira";"05:50:00";"SC";101;196;"BIGUACU";"Ingestão de álcool pelo condutor";"Colisão traseira";"Com Vítimas Feridas";"Amanhecer";"Decrescente";"Céu Claro";"Simples";"Reta";"Sim";3;0;1;0;2;0;1;2;-27,51101091;-48,64322292;"SPRF-SC";"DEL01-SC";"UOP01-DEL01-SC"
514512;2023-04-03;"segunda-feira";"05:50:00";"SP";116;223;"GUARULHOS";"Manobra de mudança de faixa";"Colisão lateral mesmo sentido";"Com Vítimas Feridas";"Pleno dia";"Crescente";"Céu Claro";"Múltipla";"Reta";"Sim";2;0;1;0;1;0;1;2;-23,47559815;-46,5246609;"SPRF-SP";"DEL01-SP";"UOP01-DEL01-SP"
514514;2023-04-03;"segunda-feira";"00:40:00";"MG";40;739,7;"SANTOS DUMONT";"Condutor Dormindo";"Saída de leito carroçável";"Com Vítimas Feridas";"Plena Noite";"Decrescente";"Céu Claro";"Simples";"Declive;Curva";"Não";1;0;1;0;0;0;1;1;-21,394039;-43,56680295;"SPRF-MG";"DEL05-MG";"UOP01-DEL05-MG"
514517;2023-04-03;"segunda-feira";"06:35:00";"MG";267;121,9;"JUIZ DE FORA";"Reação tardia ou ineficiente do condutor";"Colisão lateral mesmo sentido";"Com Vítimas Feridas";"Pleno dia";"Crescente";"Céu Claro";"Simples";"Reta";"Não";2;0;2;0;0;0;2;2;-21,71024166;-43,49328265;"SPRF-MG";"DEL05-MG";"UOP01-DEL05-MG"
514519;2023-04-02;"domingo";"09:05:00";"SC";101;257;"PAULO LOPES";"Ausência de reação do condutor";"Saída de leito carroçável";"Sem Vítimas";"Pleno dia";"Crescente";"Sol";"Dupla";"Reta";"Não";4;0;0;0;3;1;0;1;-27,96492999;-48,67962057;"SPRF-SC";"DEL02-SC";"UOP03-DEL02-SC"
514520;2023-04-03;"segunda-feira";"06:50:00";"PB";101;82,9;"BAYEUX";"Trafegar com motocicleta (ou similar) entre as faixas";"Colisão traseira";"Com Vítimas Feridas";"Amanhecer";"Crescente";"Céu Claro";"Dupla";"Reta";"Sim";2;0;1;0;1;0;1;2;-7,13911972;-34,92377043;"SPRF-PB";"DEL01-PB";"UOP01-DEL01-PB"
514521;2023-04-03;"segunda-feira";"07:45:00";"RS";116;243;"SAO LEOPOLDO";"Manobra de mudança de faixa";"Colisão lateral mesmo sentido";"Com Vítimas Feridas";"Pleno dia";"Crescente";"Céu Claro";"Dupla";"Reta";"Sim";2;0;1;0;1;0;1;2;-29,72374397;-51,14883542;"SPRF-RS";"DEL01-RS";"UOP02-DEL01-RS"
514522;2023-04-03;"segunda-feira";"07:20:00";"RJ";116;171;"RIO DE JANEIRO";"Ausência de reação do condutor";"Colisão lateral mesmo sentido";"Com Vítimas Feridas";"Pleno dia";"Decrescente";"Céu Claro";"Múltipla";"Reta";"Sim";2;0;1;0;1;0;1;2;-22,8060415;-43,34289573;"SPRF-RJ";"DEL01-RJ";"UOP02-DEL01-RJ"
514523;2023-04-03;"segunda-feira";"06:50:00";"BA";101;571;"CAMACAN";"Ausência de reação do condutor";"Colisão lateral mesmo sentido";"Com Vítimas Feridas";"Pleno dia";"Decrescente";"Céu Claro";"Simples";"Reta";"Não";2;0;1;0;1;0;1;2;-15,27253545;-39,4659809;"SPRF-BA";"DEL05-BA";"UOP02-DEL05-BA"
514524;2023-04-03;"segunda-feira";"08:09:00";"SP";116;225;"GUARULHOS";"Ausência de reação do condutor";"Colisão traseira";"Com Vítimas Feridas";"Pleno dia";"Crescente";"Céu Claro";"Dupla";"Reta";"Sim";2;0;1;0;1;0;1;2;-23,48586772;-46,54075317;"SPRF-SP";"DEL01-SP";"UOP01-DEL01-SP"
514525;2023-04-02;"domingo";"20:25:00";"PA";10;272,7;"MAE DO RIO";"Conversão proibida";"Colisão lateral sentido oposto";"Com Vítimas Fatais";"Plena Noite";"Crescente";"Céu Claro";"Simples";"Reta";"Sim";3;1;0;0;2;0;0;2;-2,049585;-47,551325;"SPRF-PA";"DEL02-PA";"UOP01-DEL02-PA"
514527;2023-04-03;"segunda-feira";"07:30:00";"DF";70;14;"BRASILIA";"Reação tardia ou ineficiente do condutor";"Colisão lateral mesmo sentido";"Com Vítimas Feridas";"Pleno dia";"Crescente";"Nublado";"Dupla";"Reta;Retorno Regulamentado";"Não";2;0;1;0;1;0;1;2;-15,797312;-48,176056;"SPRF-DF";"DEL03-DF";"UOP02-DEL03-DF"
514528;2023-04-03;"segunda-feira";"08:00:00";"RJ";116;76;"TERESOPOLIS";"Ausência de reação do condutor";"Colisão traseira";"Com Vítimas Feridas";"Pleno dia";"Crescente";"Céu Claro";"Simples";"Reta";"Não";2;0;1;0;1;0;1;2;-22,36124312;-42,94876288;"SPRF-RJ";"DEL04-RJ";"UOP01-DEL04-RJ"
514529;2023-04-03;"segunda-feira";"08:00:00";"PR";116;125;"CURITIBA";"Reação tardia ou ineficiente do condutor";"Colisão traseira";"Com Vítimas Feridas";"Pleno dia";"Crescente";"Sol";"Dupla";"Reta";"Sim";2;0;1;0;1;0;1;2;-25,59505309;-49,31630659;"SPRF-PR";"DEL01-PR";"UOP03-DEL01-PR"
514530;2023-04-03;"segunda-feira";"08:00:00";"PR";277;79;"CURITIBA";"Ausência de reação do condutor";"Colisão traseira";"Com Vítimas Feridas";"Pleno dia";"Crescente";"Céu Claro";"Dupla";"Reta";"Sim";3;0;2;0;1;0;2;2;-25,4776995;-49,20384992;"SPRF-PR";"DEL01-PR";"UOP01-DEL01-PR"
514531;2023-04-03;"segunda-feira";"08:00:00";"RJ";116;312;"RESENDE";"Condutor deixou de manter distância do veículo da frente";"Engavetamento";"Com Vítimas Feridas";"Amanhecer";"Crescente";"Céu Claro";"Simples";"Reta";"Não";3;0;1;0;2;0;1;3;-22,46068623;-44,45262504;"SPRF-RJ";"DEL07-RJ";"UOP02-DEL07-RJ"
514532;2023-04-03;"segunda-feira";"08:15:00";"RS";472;574;"URUGUAIANA";"Acessar a via sem observar a presença dos outros veículos";"Colisão transversal";"Com Vítimas Feridas";"Pleno dia";"Crescente";"Céu Claro";"Simples";"Reta;Interseção de Vias;Retorno Regulamentado";"Sim";3;0;2;0;1;0;2;2;-29,74636679;-56,98678119;"SPRF-RS";"DEL13-RS";"UOP01-DEL13-RS"
514533;2023-04-03;"segunda-feira";"07:15:00";"PR";277;74;"SAO JOSE DOS PINHAIS";"Reação tardia ou ineficiente do condutor";"Colisão com objeto";"Com Vítimas Feridas";"Pleno dia";"Decrescente";"Céu Claro";"Dupla";"Reta";"Sim";1;0;1;0;0;0;1;1;-25,51726115;-49,11540707;"SPRF-PR";"DEL01-PR";"UOP01-DEL01-PR"
514534;2023-04-03;"segunda-feira";"08:20:00";"SP";116;225;"GUARULHOS";"Ausência de reação do condutor";"Colisão traseira";"Com Vítimas Feridas";"Pleno dia";"Crescente";"Céu Claro";"Dupla";"Reta";"Não";3;0;1;0;2;0;1;3;-23,48586772;-46,54075317;"SPRF-SP";"DEL01-SP";"UOP01-DEL01-SP"
514535;2023-04-03;"segunda-feira";"07:30:00";"GO";50;111,5;"CRISTALINA";"Condutor Dormindo";"Saída de leito carroçável";"Com Vítimas Feridas";"Pleno dia";"Decrescente";"Nevoeiro/Neblina";"Dupla";"Reta";"Não";2;0;2;0;0;0;2;1;-16,859993;-47,677443;"SPRF-DF";"DEL01-DF";"UOP02-DEL01-DF"
514536;2023-04-03;"segunda-feira";"08:20:00";"MG";365;623;"UBERLANDIA";"Velocidade Incompatível";"Colisão traseira";"Com Vítimas Feridas";"Pleno dia";"Decrescente";"Sol";"Dupla";"Curva";"Sim";2;0;1;0;1;0;1;2;-18,90286;-48,277964;"SPRF-MG";"DEL15-MG";"UOP01-DEL15-MG"
514537;2023-04-03;"segunda-feira";"07:50:00";"RJ";356;83;"ITALVA";"Ultrapassagem Indevida";"Colisão lateral mesmo sentido";"Com Vítimas Feridas";"Pleno dia";"Decrescente";"Céu Claro";"Simples";"Curva";"Não";2;0;1;0;1;0;1;2;-21,47656091;-41,66549039;"SPRF-RJ";"DEL08-RJ";"UOP03-DEL08-RJ"
514538;2023-04-03;"segunda-feira";"07:00:00";"AC";364;121;"RIO BRANCO";"Velocidade Incompatível";"Queda de ocupante de veículo";"Com Vítimas Feridas";"Pleno dia";"Crescente";"Céu Claro";"Dupla";"Reta";"Sim";3;0;2;0;1;0;2;2;-10,01209268;-67,764365;"SPRF-AC";"DEL01-AC";"UOP01-DEL01-AC"
514542;2023-04-03;"segunda-feira";"08:10:00";"PE";101;77,8;"JABOATAO DOS GUARARAPES";"Reação tardia ou ineficiente do condutor";"Colisão traseira";"Com Vítimas Feridas";"Pleno dia";"Decrescente";"Céu Claro";"Dupla";"Curva";"Sim";2;0;0;1;1;0;1;2;-8,134416;-34,947262;"SPRF-PE";"DEL01-PE";"UOP01-DEL01-PE"
514543;2023-04-03;"segunda-feira";"07:46:00";"RO";364;710;"PORTO VELHO";"Acessar a via sem observar a presença dos outros veículos";"Colisão transversal";"Com Vítimas Feridas";"Pleno dia";"Crescente";"Nublado";"Simples";"Interseção de Vias";"Sim";3;0;2;0;0;1;2;2;-8,78621576;-63,85712687;"SPRF-RO";"DEL01-RO";"UOP01-DEL01-RO"
514545;2023-04-03;"segunda-feira";"08:50:00";"RS";290;96;"PORTO ALEGRE";"Trafegar com motocicleta (ou similar) entre as faixas";"Colisão lateral mesmo sentido";"Com Vítimas Feridas";"Pleno dia";"Crescente";"Céu Claro";"Múltipla";"Reta;Viaduto";"Sim";2;0;1;0;1;0;1;2;-29,99971095;-51,20723248;"SPRF-RS";"DEL01-RS";"UOP01-DEL01-RS"
514547;2023-04-03;"segunda-feira";"09:40:00";"PA";230;121;"MARABA";"Ausência de reação do condutor";"Engavetamento";"Sem Vítimas";"Pleno dia";"Decrescente";"Nublado";"Dupla";"Reta";"Sim";3;0;0;0;3;0;0;3;-5,35297407;-49,12143673;"SPRF-PA";"DEL03-PA";"UOP01-DEL03-PA"
514549;2023-04-03;"segunda-feira";"10:20:00";"RJ";101;577;"PARATY";"Carga excessiva e/ou mal acondicionada";"Queda de ocupante de veículo";"Com Vítimas Feridas";"Pleno dia";"Crescente";"Céu Claro";"Simples";"Reta";"Não";1;0;1;0;0;0;1;1;-23,23072667;-44,72004486;"SPRF-RJ";"DEL03-RJ";"UOP02-DEL03-RJ"
514551;2023-04-03;"segunda-feira";"11:00:00";"SC";470;137,9;"RIO DO SUL";"Frear bruscamente";"Tombamento";"Com Vítimas Feridas";"Pleno dia";"Crescente";"Céu Claro";"Simples";"Reta";"Sim";1;0;1;0;0;0;1;1;-27,19239479;-49,62236345;"SPRF-SC";"DEL04-SC";"UOP02-DEL04-SC"
514552;2023-03-17;"sexta-feira";"17:48:00";"PA";230;695;"BRASIL NOVO";"Condutor deixou de manter distância do veículo da frente";"Colisão lateral mesmo sentido";"Com Vítimas Feridas";"Pleno dia";"Crescente";"Nublado";"Simples";"Reta";"Não";4;0;0;1;2;1;1;3;-3,30315619;-52,5103809;"SPRF-PA";"DEL04-PA";"UOP01-DEL04-PA"
514555;2023-04-03;"segunda-feira";"11:45:00";"ES";262;187;"IUNA";"Ausência de reação do condutor";"Saída de leito carroçável";"Com Vítimas Feridas";"Pleno dia";"Decrescente";"Céu Claro";"Simples";"Curva";"Não";2;0;2;0;0;0;2;1;-20,31374678;-41,71947687;"SPRF-ES";"DEL01-ES";"UOP02-DEL01-ES"
514556;2023-01-25;"quarta-feira";"13:43:00";"MG";262;39,8;"MANHUACU";"Acumulo de óleo sobre o pavimento";"Tombamento";"Com Vítimas Feridas";"Pleno dia";"Decrescente";"Céu Claro";"Simples";"Reta;Declive";"Não";1;0;0;1;0;0;1;1;-20,27165802;-42,03950458;"SPRF-MG";"DEL06-MG";"UOP03-DEL06-MG"
514558;2023-04-03;"segunda-feira";"10:40:00";"PE";101;64;"RECIFE";"Manobra de mudança de faixa";"Colisão lateral mesmo sentido";"Com Vítimas Feridas";"Pleno dia";"Decrescente";"Sol";"Dupla";"Reta";"Não";2;0;1;0;1;0;1;2;-8,01883945;-34,94212389;"SPRF-PE";"DEL01-PE";"UOP01-DEL01-PE"
514559;2023-04-03;"segunda-feira";"11:40:00";"PR";280;287;"FLOR DA SERRA DO SUL";"Reação tardia ou ineficiente do condutor";"Colisão frontal";"Com Vítimas Feridas";"Pleno dia";"Decrescente";"Céu Claro";"Simples";"Reta";"Não";4;0;3;0;1;0;3;2;-26,24583836;-53,28370572;"SPRF-PR";"DEL02-PR";"UOP01-DEL02-PR"
514560;2023-04-03;"segunda-feira";"11:40:00";"TO";153;680;"GURUPI";"Condutor deixou de manter distância do veículo da frente";"Colisão traseira";"Com Vítimas Feridas";"Pleno dia";"Decrescente";"Chuva";"Simples";"Reta;Declive";"Não";2;0;0;1;1;0;1;2;-11,78947895;-49,1176771;"SPRF-TO";"DEL01-TO";"UOP02-DEL01-TO"
514563;2023-01-03;"terça-feira";"10:40:00";"PR";376;637;"SAO JOSE DOS PINHAIS";"Condutor deixou de manter distância do veículo da frente";"Colisão traseira";"Com Vítimas Feridas";"Pleno dia";"Decrescente";"Céu Claro";"Dupla";"Declive";"Não";5;0;1;0;4;0;1;4;-25,75614093;-49,12609667;"SPRF-PR";"DEL01-PR";"UOP04-DEL01-PR"
514566;2023-04-03;"segunda-feira";"12:15:00";"PI";316;2,4;"TERESINA";"Ausência de reação do condutor";"Colisão com objeto";"Com Vítimas Feridas";"Pleno dia";"Crescente";"Céu Claro";"Dupla";"Reta";"Sim";1;0;1;0;0;0;1;1;-5,12687122;-42,79870033;"SPRF-PI";"DEL01-PI";"UOP02-DEL01-PI"
514569;2023-04-03;"segunda-feira";"12:45:00";"RJ";116;170;"RIO DE JANEIRO";"Acessar a via sem observar a presença dos outros veículos";"Colisão lateral mesmo sentido";"Com Vítimas Feridas";"Pleno dia";"Crescente";"Céu Claro";"Dupla";"Reta";"Sim";2;0;1;0;1;0;1;2;-22,81113183;-43,3336729;"SPRF-RJ";"DEL01-RJ";"UOP02-DEL01-RJ"
514570;2023-02-01;"quarta-feira";"19:30:00";"PA";163;619;"TRAIRAO";"Velocidade Incompatível";"Saída de leito carroçável";"Com Vítimas Feridas";"Anoitecer";"Crescente";"Nublado";"Simples";"Reta;Declive";"Não";1;0;1;0;0;0;1;1;-4,7290703;-56,03891975;"SPRF-PA";"DEL05-PA";"UOP01-DEL05-PA"
514571;2023-01-28;"sábado";"20:50:00";"PE";104;34;"TORITAMA";"Demais falhas mecânicas ou elétricas";"Incêndio";"Sem Vítimas";"Plena Noite";"Decrescente";"Céu Claro";"Dupla";"Declive;Curva";"Não";1;0;0;0;0;1;0;1;-8,035022;-36,052402;"SPRF-PE";"DEL02-PE";"UOP01-DEL02-PE"
514572;2023-02-22;"quarta-feira";"13:00:00";"RJ";101;87;"CAMPOS DOS GOYTACAZES";"Reação tardia ou ineficiente do condutor";"Saída de leito carroçável";"Com Vítimas Feridas";"Pleno dia";"Decrescente";"Céu Claro";"Dupla";"Declive;Reta";"Não";2;0;2;0;0;0;2;1;-21,829928;-41,49933;"SPRF-RJ";"DEL08-RJ";"UOP02-DEL08-RJ"
514575;2023-04-03;"segunda-feira";"13:30:00";"MS";262;367,2;"CAMPO GRANDE";"Acessar a via sem observar a presença dos outros veículos";"Colisão transversal";"Com Vítimas Feridas";"Pleno dia";"Crescente";"Céu Claro";"Simples";"Reta";"Sim";2;0;0;1;1;0;1;2;-20,48466301;-54,74661601;"SPRF-MS";"DEL01-MS";"UOP03-DEL01-MS"
514576;2023-03-31;"sexta-feira";"13:15:00";"RJ";465;5;"SEROPEDICA";"Ausência de reação do condutor";"Colisão traseira";"Com Vítimas Feridas";"Pleno dia";"Decrescente";"Céu Claro";"Simples";"Reta";"Sim";2;0;1;0;1;0;1;2;-22,747673;-43,699196;"SPRF-RJ";"DEL01-RJ";"UOP03-DEL01-RJ"
514577;2023-04-03;"segunda-feira";"07:20:00";"BA";324;618;"SALVADOR";"Reação tardia ou ineficiente do condutor";"Queda de ocupante de veículo";"Com Vítimas Feridas";"Pleno dia";"Decrescente";"Céu Claro";"Dupla";"Reta";"Sim";1;0;1;0;0;0;1;1;-12,90448559;-38,45529735;"SPRF-BA";"DEL01-BA";"UOP01-DEL01-BA"
514583;2023-04-03;"segunda-feira";"11:00:00";"MG";146;416,7;"MUZAMBINHO";"Velocidade Incompatível";"Colisão com objeto";"Com Vítimas Feridas";"Pleno dia";"Decrescente";"Céu Claro";"Simples";"Curva;Aclive";"Não";1;0;1;0;0;0;1;1;-21,35024155;-46,53710961;"SPRF-MG";"DEL09-MG";"UOP01-DEL09-MG"
514584;2023-04-03;"segunda-feira";"14:15:00";"RJ";101;295;"ITABORAI";"Mal súbito do condutor";"Saída de leito carroçável";"Com Vítimas Feridas";"Pleno dia";"Crescente";"Céu Claro";"Múltipla";"Reta";"Sim";1;0;1;0;0;0;1;1;-22,76365068;-42,90223623;"SPRF-RJ";"DEL02-RJ";"UOP02-DEL02-RJ"
514585;2023-03-05;"domingo";"21:15:00";"MA";135;382,3;"SAO DOMINGOS DO MARANHAO";"Ausência de reação do condutor";"Colisão com objeto";"Com Vítimas Fatais";"Plena Noite";"Decrescente";"Ignorado";"Simples";"Reta";"Não";1;1;0;0;0;0;0;1;-5,62739706;-44,36587431;"SPRF-MA";"DEL06-MA";"UOP01-DEL06-MA"
514590;2023-04-03;"segunda-feira";"14:00:00";"MS";163;460,8;"CAMPO GRANDE";"Avarias e/ou desgaste excessivo no pneu";"Tombamento";"Com Vítimas Feridas";"Pleno dia";"Crescente";"Sol";"Simples";"Reta";"Não";2;0;2;0;0;0;2;1;-20,63804809;-54,56893526;"SPRF-MS";"DEL01-MS";"UOP01-DEL01-MS"
514591;2023-04-03;"segunda-feira";"15:50:00";"SC";101;120;"ITAJAI";"Reação tardia ou ineficiente do condutor";"Colisão frontal";"Com Vítimas Feridas";"Pleno dia";"Crescente";"Céu Claro";"Simples";"Curva;Viaduto";"Não";3;0;1;0;2;0;1;2;-26,91929004;-48,71087909;"SPRF-SC";"DEL04-SC";"UOP04-DEL04-SC"
514593;2023-04-03;"segunda-feira";"16:00:00";"RN";304;24;"MOSSORO";"Curva acentuada";"Saída de leito carroçável";"Com Vítimas Feridas";"Pleno dia";"Crescente";"Céu Claro";"Dupla";"Curva";"Não";1;0;1;0;0;0;1;1;-5,06488233;-37,33287055;"SPRF-RN";"DEL04-RN";"UOP02-DEL04-RN"
514595;2023-04-03;"segunda-feira";"15:30:00";"PE";101;72;"RECIFE";"Condutor usando celular";"Colisão traseira";"Com Vítimas Feridas";"Pleno dia";"Crescente";"Céu Claro";"Dupla";"Reta";"Sim";2;0;1;0;1;0;1;2;-8,08493106;-34,9450639;"SPRF-PE";"DEL01-PE";"UOP01-DEL01-PE"
514596;2023-02-11;"sábado";"06:40:00";"PI";343;347;"TERESINA";"Transitar na contramão";"Colisão frontal";"Com Vítimas Feridas";"Pleno dia";"Decrescente";"Céu Claro";"Simples";"Reta";"Sim";2;0;0;1;1;0;1;2;-5,114822;-42,778355;"SPRF-PI";"DEL01-PI";"UOP01-DEL01-PI"
514597;2023-04-03;"segunda-feira";"16:00:00";"RJ";101;324;"NITEROI";"Condutor deixou de manter distância do veículo da frente";"Colisão traseira";"Com Vítimas Feridas";"Pleno dia";"Decrescente";"Céu Claro";"Múltipla";"Reta";"Sim";2;0;1;0;1;0;1;2;-22,87381074;-43,12640997;"SPRF-RJ";"DEL02-RJ";"UOP01-DEL02-RJ"
514599;2023-03-29;"quarta-feira";"10:20:00";"PE";101;35;"IGARASSU";"Condutor deixou de manter distância do veículo da frente";"Colisão traseira";"Sem Vítimas";"Pleno dia";"Crescente";"Céu Claro";"Dupla";"Em Obras;Reta";"Sim";4;0;0;0;4;0;0;2;-7,77952193;-34,93231384;"SPRF-PE";"DEL01-PE";"UOP02-DEL01-PE"
514602;2023-04-03;"segunda-feira";"16:50:00";"RJ";116;172;"SAO JOAO DE MERITI";"Manobra de mudança de faixa";"Colisão lateral mesmo sentido";"Com Vítimas Feridas";"Pleno dia";"Crescente";"Céu Claro";"Múltipla";"Reta";"Sim";3;0;1;0;2;0;1;2;-22,80188151;-43,35043673;"SPRF-RJ";"DEL01-RJ";"UOP02-DEL01-RJ"