"id";"data_inversa";"dia_semana";"horario";"uf";"br";"km";"municipio";"causa_acidente";"tipo_acidente";"classificacao_acidente";"fase_dia";"sentido_via";"condicao_metereologica";"tipo_pista";"tracado_via";"uso_solo";"pessoas";"mortos";"feridos_leves";"feridos_graves";"ilesos";"ignorados";"feridos";"veiculos";"latitude";"longitude";"regional";"delegacia";"uop"
515109;2023-04-06;"quinta-feira";"05:53:00";"PR";369;507;"CASCAVEL";"Transitar na contramão";"Colisão frontal";"Com Vítimas Fatais";"Amanhecer";"Decrescente";"Chuva";"Simples";"Curva";"Sim";5;2;0;3;0;0;3;2;-24,8386;-53,3091;"SPRF-PR";"DEL04-PR";"UOP03-DEL04-PR"
515110;2023-04-06;"quinta-feira";"08:20:00";"PE";232;191,3;"SANHARO";"Avarias e/ou desgaste excessivo no pneu";"Saída de leito carroçável";"Com Vítimas Feridas";"Pleno dia";"Decrescente";"Céu Claro";"Simples";"Reta";"Não";4;0;3;0;1;0;3;1;-8,35709895;-36,52773;"SPRF-PE";"DEL03-PE";"UOP02-DEL03-PE"
515111;2023-03-07;"terça-feira";"06:22:00";"RS";392;12;"RIO GRANDE";"Ausência de reação do condutor";"Colisão traseira";"Com Vítimas Feridas";"Amanhecer";"Decrescente";"Nublado";"Dupla";"Reta";"Sim";2;0;1;0;0;1;1;2;-32,12601434;-52,13875392;"SPRF-RS";"DEL07-RS";"UOP02-DEL07-RS"
515113;2023-04-06;"quinta-feira";"08:00:00";"CE";222;0,7;"FORTALEZA";"Condutor deixou de manter distância do veículo da frente";"Colisão traseira";"Com Vítimas Feridas";"Pleno dia";"Crescente";"Chuva";"Dupla";"Reta";"Sim";3;0;1;0;2;0;1;2;-3,737804;-38,578061;"SPRF-CE";"DEL01-CE";"UOP01-DEL01-CE"
515114;2023-04-06;"quinta-feira";"07:00:00";"GO";40;64,5;"CRISTALINA";"Ausência de reação do condutor";"Saída de leito carroçável";"Sem Vítimas";"Pleno dia";"Crescente";"Céu Claro";"Simples";"Reta";"Não";1;0;0;0;1;0;0;1;-16,555499;-47,78908;"SPRF-DF";"DEL01-DF";"UOP02-DEL01-DF"
515115;2023-04-06;"quinta-feira";"07:45:00";"PE";101;64,6;"RECIFE";"Ausência de reação do condutor";"Colisão traseira";"Com Vítimas Feridas";"Pleno dia";"Crescente";"Céu Claro";"Dupla";"Reta";"Sim";2;0;0;1;1;0;1;2;-8,020918;-34,942807;"SPRF-PE";"DEL01-PE";"UOP01-DEL01-PE"
515116;2023-04-06;"quinta-feira";"08:45:00";"PB";101;72,8;"SANTA RITA";"Reação tardia ou ineficiente do condutor";"Colisão com objeto";"Com Vítimas Feridas";"Pleno dia";"Decrescente";"Céu Claro";"Dupla";"Curva;Aclive";"Não";2;0;2;0;0;0;2;1;-7,07320663;-34,99569975;"SPRF-PB";"DEL01-PB";"UOP04-DEL01-PB"
515120;2023-04-06;"quinta-feira";"08:20:00";"RJ";116;172;"RIO DE JANEIRO";"Reação tardia ou ineficiente do condutor";"Colisão lateral mesmo sentido";"Com Vítimas Feridas";"Pleno dia";"Decrescente";"Céu Claro";"Múltipla";"Reta";"Sim";2;0;1;0;1;0;1;2;-22,80188151;-43,35043673;"SPRF-RJ";"DEL01-RJ";"UOP02-DEL01-RJ"
515121;2023-03-17;"sexta-feira";"16:45:00";"RJ";101;478;"ANGRA DOS REIS";"Acessar a via sem observar a presença dos outros veículos";"Queda de ocupante de veículo";"Com Vítimas Feridas";"Pleno dia";"Crescente";"Céu Claro";"Simples";"Reta";"Sim";2;0;1;0;1;0;1;2;-22,99876965;-44,26458305;"SPRF-RJ";"DEL03-RJ";"UOP03-DEL03-RJ"
515123;2023-04-06;"quinta-feira";"08:50:00";"RJ";40;30,7;"AREAL";"Velocidade Incompatível";"Saída de leito carroçável";"Com Vítimas Feridas";"Pleno dia";"Crescente";"Céu Claro";"Dupla";"Curva";"Não";1;0;1;0;0;0;1;1;-22,18633705;-43,16660309;"SPRF-RJ";"DEL05-RJ";"UOP02-DEL05-RJ"
515124;2023-02-02;"quinta-feira";"19:10:00";"AM";174;1026;"PRESIDENTE FIGUEIREDO";"Pedestre andava na pista";"Atropelamento de Pedestre";"Com Vítimas Feridas";"Plena Noite";"Decrescente";"Nublado";"Simples";"Declive";"Não";2;0;0;1;0;1;1;2;-1,76414265;-60,14432073;"SPRF-AM";"DEL01-AM";"UOP02-DEL01-AM"
515127;2023-04-06;"quinta-feira";"09:30:00";"MG";146;449,1;"CABO VERDE";"Acessar a via sem observar a presença dos outros veículos";"Colisão transversal";"Com Vítimas Feridas";"Pleno dia";"Crescente";"Céu Claro";"Simples";"Reta";"Não";2;0;2;0;0;0;2;2;-21,517554;-46,402767;"SPRF-MG";"DEL09-MG";"UOP01-DEL09-MG"
515128;2023-04-06;"quinta-feira";"08:50:00";"PA";316;20,5;"BENEVIDES";"Acessar a via sem observar a presença dos outros veículos";"Colisão traseira";"Com Vítimas Fatais";"Pleno dia";"Crescente";"Nublado";"Dupla";"Reta";"Sim";3;1;0;0;0;2;0;3;-1,3642339;-48,266582;"SPRF-PA";"DEL01-PA";"UOP01-DEL01-PA"
515131;2023-04-06;"quinta-feira";"08:00:00";"SC";101;410;"ARARANGUA";"Acessar a via sem observar a presença dos outros veículos";"Colisão transversal";"Sem Vítimas";"Pleno dia";"Crescente";"Nublado";"Simples";"Reta";"Sim";2;0;0;0;2;0;0;2;-28,9381577;-49,49752808;"SPRF-SC";"DEL02-SC";"UOP02-DEL02-SC"
515132;2023-04-06;"quinta-feira";"09:00:00";"GO";153;497;"GOIANIA";"Reação tardia ou ineficiente do condutor";"Engavetamento";"Sem Vítimas";"Pleno dia";"Crescente";"Céu Claro";"Dupla";"Reta";"Sim";3;0;0;0;3;0;0;3;-16,6854;-49,2338;"SPRF-GO";"DEL01-GO";"UOP01-DEL01-GO"
515135;2023-04-06;"quinta-feira";"09:40:00";"PE";232;83;"GRAVATA";"Acessar a via sem observar a presença dos outros veículos";"Colisão transversal";"Com Vítimas Feridas";"Pleno dia";"Crescente";"Céu Claro";"Dupla";"Declive;Retorno Regulamentado;Curva";"Sim";2;0;1;0;1;0;1;2;-8,2024868;-35,59542005;"SPRF-PE";"DEL02-PE";"UOP02-DEL02PE"
515136;2023-04-06;"quinta-feira";"10:20:00";"ES";101;37,7;"CONCEICAO DA BARRA";"Desrespeitar a preferência no cruzamento";"Colisão transversal";"Com Vítimas Feridas";"Pleno dia";"Decrescente";"Nublado";"Simples";"Rotatória";"Sim";2;0;1;0;1;0;1;2;-18,47332967;-39,92661186;"SPRF-ES";"DEL04-ES";"UOP02-DEL04-ES"
515138;2023-03-28;"terça-feira";"12:50:00";"AM";0;0;"HUMAITA";"Manobra de mudança de faixa";"Eventos atípicos";"Sem Vítimas";"Pleno dia";"Não Informado";"Céu Claro";"Simples";"Reta";"Sim";2;0;0;0;2;0;0;2;-7,518585;-63,022428;"SPRF-AM";"DEL01-AM";"UOP05-DEL01-AM"
515140;2023-04-06;"quinta-feira";"10:30:00";"PB";230;498;"CAJAZEIRAS";"Avarias e/ou desgaste excessivo no pneu";"Queda de ocupante de veículo";"Com Vítimas Feridas";"Pleno dia";"Decrescente";"Céu Claro";"Simples";"Reta";"Não";2;0;2;0;0;0;2;1;-6,8965;-38,4925;"SPRF-PB";"DEL03-PB";"UOP03-DEL03-PB"
515141;2023-04-06;"quinta-feira";"10:50:00";"SC";282;214;"LAGES";"Frear bruscamente";"Colisão traseira";"Sem Vítimas";"Pleno dia";"Crescente";"Chuva";"Simples";"Reta;Aclive";"Não";3;0;0;0;3;0;0;3;-27,79647061;-50,28892994;"SPRF-SC";"DEL05-SC";"UOP01-DEL05-SC"
515145;2023-04-06;"quinta-feira";"11:50:00";"RS";116;403;"CAMAQUA";"Reação tardia ou ineficiente do condutor";"Colisão transversal";"Sem Vítimas";"Pleno dia";"Decrescente";"Nublado";"Simples";"Reta";"Não";4;0;0;0;4;0;0;2;-30,88592936;-51,83355581;"SPRF-RS";"DEL02-RS";"UOP02-DEL02-RS"
515147;2023-04-06;"quinta-feira";"12:00:00";"MG";40;569;"ITABIRITO";"Condutor deixou de manter distância do veículo da frente";"Colisão traseira";"Com Vítimas Feridas";"Pleno dia";"Crescente";"Sol";"Simples";"Reta;Declive";"Sim";3;0;2;0;1;0;2;2;-20,20394093;-43,97409456;"SPRF-MG";"DEL01-MG";"UOP02-DEL01-MG"
515148;2023-04-06;"quinta-feira";"11:45:00";"PR";376;679,6;"GUARATUBA";"Velocidade Incompatível";"Saída de leito carroçável";"Com Vítimas Feridas";"Pleno dia";"Crescente";"Chuva";"Dupla";"Curva;Declive";"Não";3;0;1;0;2;0;1;1;-25,9607646;-48,8995718;"SPRF-PR";"DEL01-PR";"UOP04-DEL01-PR"
515149;2023-01-30;"segunda-feira";"23:15:00";"MG";40;466;"SETE LAGOAS";"Reação tardia ou ineficiente do condutor";"Colisão traseira";"Com Vítimas Feridas";"Plena Noite";"Crescente";"Nublado";"Múltipla";"Reta;Viaduto";"Sim";2;0;1;0;1;0;1;2;-19,444325;-44,323953;"SPRF-MG";"DEL02-MG";"UOP01-DEL02-MG"
515151;2023-04-06;"quinta-feira";"11:50:00";"RS";290;10;"OSORIO";"Manobra de mudança de faixa";"Colisão lateral mesmo sentido";"Com Vítimas Feridas";"Pleno dia";"Crescente";"Nublado";"Dupla";"Reta";"Não";7;0;1;0;6;0;1;2;-29,891388;-50,373714;"SPRF-RS";"DEL03-RS";"UOP01-DEL03-RS"
515155;2023-04-06;"quinta-feira";"11:40:00";"MG";381;604,9;"OLIVEIRA";"Condutor Dormindo";"Saída de leito carroçável";"Com Vítimas Feridas";"Pleno dia";"Crescente";"Sol";"Dupla";"Declive;Curva";"Não";2;0;1;0;1;0;1;1;-20,63289282;-44,73514795;"SPRF-MG";"DEL04-MG";"UOP01-DEL04-MG"
515156;2023-04-06;"quinta-feira";"13:00:00";"PR";163;173,2;"LINDOESTE";"Chuva";"Colisão lateral mesmo sentido";"Com Vítimas Feridas";"Pleno dia";"Decrescente";"Chuva";"Dupla";"Reta;Aclive";"Não";3;0;0;2;1;0;2;2;-25,23379293;-53,58962939;"SPRF-PR";"DEL05-PR";"UOP05-DEL05-PR"
515157;2023-04-02;"domingo";"19:05:00";"MG";262;854;"CONCEICAO DAS ALAGOAS";"Ausência de reação do condutor";"Colisão traseira";"Com Vítimas Feridas";"Pleno dia";"Decrescente";"Céu Claro";"Dupla";"Reta";"Não";5;0;2;2;1;0;4;2;-19,76949766;-48,35973609;"SPRF-MG";"DEL13-MG";"UOP01-DEL13-MG"
515158;2023-04-06;"quinta-feira";"12:30:00";"PE";408;99;"SAO LOURENCO DA MATA";"Avarias e/ou desgaste excessivo no pneu";"Colisão com objeto";"Sem Vítimas";"Pleno dia";"Crescente";"Céu Claro";"Dupla";"Declive;Reta";"Não";1;0;0;0;1;0;0;1;-8,04133634;-35,02531212;"SPRF-PE";"DEL01-PE";"UOP01-DEL01-PE"
515161;2023-04-06;"quinta-feira";"10:00:00";"RS";285;151;"MUITOS CAPOES";"Pista Escorregadia";"Colisão frontal";"Com Vítimas Fatais";"Pleno dia";"Crescente";"Chuva";"Simples";"Reta";"Não";3;1;2;0;0;0;2;2;-28,34384;-51,148235;"SPRF-RS";"DEL05-RS";"UOP03-DEL05-RS"
515163;2023-04-06;"quinta-feira";"13:30:00";"RS";470;227;"GARIBALDI";"Ausência de reação do condutor";"Colisão com objeto";"Com Vítimas Feridas";"Pleno dia";"Decrescente";"Chuva";"Dupla";"Curva";"Sim";4;0;2;0;2;0;2;1;-29,21657705;-51,51722624;"SPRF-RS";"DEL06-RS";"UOP01-DEL06-RS"
515169;2023-04-06;"quinta-feira";"13:50:00";"MG";381;923,1;"CAMANDUCAIA";"Velocidade Incompatível";"Saída de leito carroçável";"Com Vítimas Feridas";"Pleno dia";"Decrescente";"Nublado";"Dupla";"Reta";"Não";4;0;1;0;3;0;1;1;-22,77414487;-46,18559707;"SPRF-MG";"DEL16-MG";"UOP03-DEL16-MG"
515171;2023-04-06;"quinta-feira";"13:10:00";"MT";364;205;"RONDONOPOLIS";"Ultrapassagem Indevida";"Colisão lateral mesmo sentido";"Com Vítimas Feridas";"Pleno dia";"Crescente";"Céu Claro";"Simples";"Reta";"Sim";2;0;1;0;1;0;1;2;-16,45928621;-54,66092345;"SPRF-MT";"DEL02-MT";"UOP01-DEL02-MT"
515172;2023-04-06;"quinta-feira";"13:50:00";"PE";408;89;"SAO LOURENCO DA MATA";"Ausência de reação do condutor";"Saída de leito carroçável";"Com Vítimas Feridas";"Pleno dia";"Decrescente";"Céu Claro";"Dupla";"Reta";"Sim";2;0;1;0;0;1;1;2;-7,98149086;-35,08112279;"SPRF-PE";"DEL01-PE";"UOP01-DEL01-PE"
515175;2023-04-06;"quinta-feira";"13:50:00";"SC";101;82;"ARAQUARI";"Condutor deixou de manter distância do veículo da frente";"Colisão traseira";"Com Vítimas Feridas";"Pleno dia";"Crescente";"Chuva";"Múltipla";"Declive";"Não";2;0;1;0;1;0;1;2;-26,61085222;-48,72204472;"SPRF-SC";"DEL03-SC";"UOP02-DEL03-SC"
515176;2023-04-06;"quinta-feira";"15:00:00";"SP";381;51;"ATIBAIA";"Condutor deixou de manter distância do veículo da frente";"Colisão traseira";"Com Vítimas Feridas";"Pleno dia";"Decrescente";"Céu Claro";"Dupla";"Reta";"Não";2;0;1;0;1;0;1;2;-23,221911;-46,59644;"SPRF-SP";"DEL03-SP";"UOP01-DEL03-SP"
515177;2023-04-06;"quinta-feira";"14:00:00";"CE";20;200;"BOA VIAGEM";"Demais falhas na via";"Saída de leito carroçável";"Com Vítimas Feridas";"Pleno dia";"Decrescente";"Céu Claro";"Simples";"Reta";"Não";1;0;1;0;0;0;1;1;-5,15204678;-39,74881431;"SPRF-CE";"DEL02-CE";"UOP02-DEL02-CE"
515180;2023-03-30;"quinta-feira";"14:50:00";"MS";463;39;"PONTA PORA";"Acumulo de água sobre o pavimento";"Saída de leito carroçável";"Com Vítimas Feridas";"Pleno dia";"Crescente";"Chuva";"Simples";"Reta";"Não";4;0;3;0;1;0;3;1;-22,3105;-55,146589;"SPRF-MS";"DEL04-MS";"UOP03-DEL04-MS"
515181;2023-04-06;"quinta-feira";"13:04:00";"SC";470;339;"CAMPOS NOVOS";"Velocidade Incompatível";"Saída de leito carroçável";"Com Vítimas Feridas";"Pleno dia";"Decrescente";"Chuva";"Simples";"Reta";"Não";1;0;1;0;0;0;1;1;-27,52732828;-51,36277914;"SPRF-SC";"DEL07-SC";"UOP06-DEL07-SC"
515183;2023-04-06;"quinta-feira";"14:20:00";"SP";116;464,5;"PARIQUERA-ACU";"Reação tardia ou ineficiente do condutor";"Queda de ocupante de veículo";"Com Vítimas Feridas";"Pleno dia";"Crescente";"Céu Claro";"Dupla";"Reta";"Não";1;0;1;0;0;0;1;1;-24,64131463;-47,91527636;"SPRF-SP";"DEL05-SP";"UOP01-DEL05-SP"
515184;2023-03-21;"terça-feira";"22:25:00";"ES";101;270,6;"SERRA";"Reação tardia ou ineficiente do condutor";"Colisão lateral mesmo sentido";"Com Vítimas Feridas";"Plena Noite";"Decrescente";"Céu Claro";"Dupla";"Reta";"Sim";2;0;1;0;1;0;1;2;-20,22662056;-40,27075088;"SPRF-ES";"DEL02-ES";"UOP01-DEL02-ES"
515185;2023-04-06;"quinta-feira";"12:27:00";"SC";282;476,5;"VARGEAO";"Acessar a via sem observar a presença dos outros veículos";"Colisão transversal";"Com Vítimas Feridas";"Pleno dia";"Decrescente";"Chuva";"Simples";"Reta";"Sim";3;0;2;0;1;0;2;2;-26,882666;-52,169231;"SPRF-SC";"DEL07-SC";"UOP01-DEL07-SC"
515186;2023-04-06;"quinta-feira";"14:35:00";"RO";364;14,5;"VILHENA";"Acessar a via sem observar a presença dos outros veículos";"Colisão lateral mesmo sentido";"Sem Vítimas";"Pleno dia";"Crescente";"Céu Claro";"Simples";"Reta";"Sim";2;0;0;0;2;0;0;2;-12,73898138;-60,13911417;"SPRF-RO";"DEL04-RO";"UOP01-DEL04-RO"
515187;2023-04-06;"quinta-feira";"14:40:00";"SC";470;74;"INDAIAL";"Acessar a via sem observar a presença dos outros veículos";"Colisão transversal";"Com Vítimas Feridas";"Pleno dia";"Crescente";"Nublado";"Simples";"Reta";"Sim";4;0;1;0;3;0;1;2;-26,916288;-49,280807;"SPRF-SC";"DEL04-SC";"UOP01-DEL04-SC"
515190;2023-04-06;"quinta-feira";"13:45:00";"AL";101;33,9;"JOAQUIM GOMES";"Pista Escorregadia";"Saída de leito carroçável";"Com Vítimas Feridas";"Pleno dia";"Crescente";"Nublado";"Dupla";"Reta";"Não";1;0;1;0;0;0;1;1;-9,10736895;-35,75887214;"SPRF-AL";"DEL01-AL";"UOP02-DEL01-AL"
515191;2023-04-06;"quinta-feira";"15:43:00";"GO";50;286,4;"CATALAO";"Condutor deixou de manter distância do veículo da frente";"Queda de ocupante de veículo";"Com Vítimas Feridas";"Pleno dia";"Decrescente";"Chuva";"Simples";"Reta";"Não";3;0;1;0;2;0;1;2;-18,2203;-47,9704;"SPRF-GO";"DEL06-GO";"UOP01-DEL06-GO"
515192;2023-04-06;"quinta-feira";"15:20:00";"SC";101;109,4;"PENHA";"Reação tardia ou ineficiente do condutor";"Saída de leito carroçável";"Com Vítimas Feridas";"Pleno dia";"Crescente";"Nublado";"Dupla";"Curva";"Não";3;0;1;0;2;0;1;2;-26,8333519;-48,69632106;"SPRF-SC";"DEL03-SC";"UOP02-DEL03-SC"
515193;2023-04-06;"quinta-feira";"11:30:00";"RO";425;114;"GUAJARA-MIRIM";"Manobra de mudança de faixa";"Colisão lateral mesmo sentido";"Com Vítimas Feridas";"Pleno dia";"Crescente";"Garoa/Chuvisco";"Simples";"Declive";"Não";3;0;1;0;2;0;1;2;-10,531173;-65,327316;"SPRF-RO";"DEL01-RO";"UOP03-DEL01-RO"
515195;2023-04-06;"quinta-feira";"15:15:00";"SE";101;21,8;"MALHADA DOS BOIS";"Condutor Dormindo";"Saída de leito carroçável";"Com Vítimas Feridas";"Pleno dia";"Crescente";"Chuva";"Dupla";"Reta";"Não";2;0;1;1;0;0;2;1;-10,36933692;-36,91236318;"SPRF-SE";"DEL02-SE";"UOP02-DEL02-SE"
515197;2023-04-06;"quinta-feira";"15:20:00";"RJ";101;330;"RIO DE JANEIRO";"Condutor deixou de manter distância do veículo da frente";"Colisão transversal";"Com Vítimas Feridas";"Pleno dia";"Decrescente";"Céu Claro";"Simples";"Reta;Ponte";"Sim";3;0;1;0;1;1;1;3;-22,8684989;-43,18548699;"SPRF-RJ";"DEL02-RJ";"UOP01-DEL02-RJ"
515199;2023-04-06;"quinta-feira";"15:50:00";"SC";282;226,6;"LAGES";"Ausência de reação do condutor";"Saída de leito carroçável";"Com Vítimas Feridas";"Pleno dia";"Decrescente";"Chuva";"Simples";"Curva";"Não";2;0;2;0;0;0;2;1;-27,79713497;-50,39548874;"SPRF-SC";"DEL05-SC";"UOP02-DEL05-SC"
515201;2023-04-06;"quinta-feira";"15:50:00";"PE";232;33,7;"MORENO";"Reação tardia ou ineficiente do condutor";"Queda de ocupante de veículo";"Com Vítimas Feridas";"Pleno dia";"Decrescente";"Céu Claro";"Dupla";"Reta";"Não";1;0;0;1;0;0;1;1;-8,10539025;-35,17523495;"SPRF-PE";"DEL01-PE";"UOP01-DEL01-PE"
515204;2023-04-06;"quinta-feira";"15:15:00";"GO";60;230,4;"CEZARINA";"Velocidade Incompatível";"Saída de leito carroçável";"Com Vítimas Feridas";"Pleno dia";"Decrescente";"Chuva";"Dupla";"Curva;Declive";"Não";2;0;1;0;1;0;1;1;-17,06987046;-49,80942163;"SPRF-GO";"DEL01-GO";"UOP02-DEL01-GO"
515205;2023-04-06;"quinta-feira";"16:00:00";"MG";50;41;"ARAGUARI";"Manobra de mudança de faixa";"Colisão traseira";"Com Vítimas Feridas";"Pleno dia";"Crescente";"Sol";"Dupla";"Declive;Reta";"Não";2;0;1;0;1;0;1;2;-18,682136;-48,17887197;"SPRF-MG";"DEL15-MG";"UOP02-DEL15-MG"
515206;2023-04-06;"quinta-feira";"16:25:00";"MG";262;354;"BETIM";"Demais falhas mecânicas ou elétricas";"Tombamento";"Com Vítimas Feridas";"Pleno dia";"Decrescente";"Céu Claro";"Dupla";"Reta;Aclive";"Não";2;0;2;0;0;0;2;1;-19,96216513;-44,16346396;"SPRF-MG";"DEL01-MG";"UOP03-DEL01-MG"
515207;2023-04-06;"quinta-feira";"16:15:00";"PE";408;59;"TRACUNHAEM";"Acessar a via sem observar a presença dos outros veículos";"Colisão transversal";"Com Vítimas Feridas";"Pleno dia";"Decrescente";"Céu Claro";"Simples";"Interseção de Vias";"Sim";2;0;1;0;1;0;1;2;-7,806942;-35,24341;"SPRF-PE";"DEL01-PE";"UOP01-DEL01-PE"
515208;2023-04-06;"quinta-feira";"14:10:00";"SP";116;271,9;"TABOAO DA SERRA";"Ausência de reação do condutor";"Colisão traseira";"Com Vítimas Feridas";"Pleno dia";"Crescente";"Céu Claro";"Dupla";"Reta";"Sim";4;0;1;0;3;0;1;2;-23,61809286;-46,80556302;"SPRF-SP";"DEL04-SP";"UOP01-DEL04-SP"
515209;2023-04-06;"quinta-feira";"17:00:00";"PR";376;616;"SAO JOSE DOS PINHAIS";"Condutor deixou de manter distância do veículo da frente";"Colisão traseira";"Sem Vítimas";"Anoitecer";"Decrescente";"Chuva";"Dupla";"Reta";"Sim";2;0;0;0;2;0;0;2;-25,67832409;-49,14963231;"SPRF-PR";"DEL01-PR";"UOP04-DEL01-PR"
515210;2023-04-06;"quinta-feira";"16:30:00";"PB";230;157;"CAMPINA GRANDE";"Desrespeitar a preferência no cruzamento";"Colisão transversal";"Com Vítimas Feridas";"Pleno dia";"Decrescente";"Chuva";"Simples";"Reta;Interseção de Vias";"Não";2;0;2;0;0;0;2;2;-7,2629294;-35,92128396;"SPRF-PB";"DEL02-PB";"UOP01-DEL02-PB"
515211;2023-04-06;"quinta-feira";"16:20:00";"BA";116;827;"VITORIA DA CONQUISTA";"Mal súbito do condutor";"Colisão com objeto";"Sem Vítimas";"Pleno dia";"Crescente";"Nublado";"Simples";"Reta";"Sim";1;0;0;0;1;0;0;1;-14,82538058;-40,82217022;"SPRF-BA";"DEL08-BA";"UOP01-DEL08-BA"
515214;2023-04-06;"quinta-feira";"17:25:00";"SP";101;49;"UBATUBA";"Reação tardia ou ineficiente do condutor";"Colisão traseira";"Sem Vítimas";"Anoitecer";"Crescente";"Nublado";"Simples";"Reta";"Sim";2;0;0;0;2;0;0;2;-23,44410908;-45,08375708;"SPRF-SP";"DEL06-SP";"UOP01-DEL06-SP"
515215;2023-04-06;"quinta-feira";"17:30:00";"RN";101;103;"PARNAMIRIM";"Condutor deixou de manter distância do veículo da frente";"Colisão traseira";"Com Vítimas Feridas";"Plena Noite";"Crescente";"Céu Claro";"Dupla";"Reta";"Não";3;0;2;0;1;0;2;2;-5,89034022;-35,24894996;"SPRF-RN";"DEL01-RN";"UOP01-DEL01-RN"
515216;2023-04-06;"quinta-feira";"14:19:00";"MS";60;47;"PARAISO DAS AGUAS";"Manobra de mudança de faixa";"Colisão transversal";"Com Vítimas Feridas";"Pleno dia";"Crescente";"Céu Claro";"Simples";"Reta";"Não";2;0;1;0;1;0;1;2;-18,97286448;-52,8884399;"SPRF-MS";"DEL08-MS";"UOP01-DEL08-MS"
515217;2023-04-06;"quinta-feira";"15:20:00";"GO";60;344;"SANTO ANTONIO DA BARRA";"Acessar a via sem observar a presença dos outros veículos";"Colisão traseira";"Com Vítimas Feridas";"Pleno dia";"Crescente";"Céu Claro";"Dupla";"Reta";"Sim";3;0;2;0;1;0;2;2;-17,5628;-50,6402;"SPRF-GO";"DEL04-GO";"UOP02-DEL04-GO"
515218;2023-04-06;"quinta-feira";"17:15:00";"RJ";101;309;"SAO GONCALO";"Ausência de reação do condutor";"Colisão traseira";"Com Vítimas Feridas";"Pleno dia";"Decrescente";"Céu Claro";"Dupla";"Reta";"Não";2;0;1;0;1;0;1;2;-22,79498873;-43,03446105;"SPRF-RJ";"DEL02-RJ";"UOP02-DEL02-RJ"
515219;2023-04-06;"quinta-feira";"17:00:00";"MG";262;446,8;"NOVA SERRANA";"Reação tardia ou ineficiente do condutor";"Colisão transversal";"Com Vítimas Feridas";"Pleno dia";"Crescente";"Sol";"Simples";"Reta;Interseção de Vias";"Sim";2;0;0;1;1;0;1;2;-19,87514825;-44,95031205;"SPRF-MG";"DEL08-MG";"UOP03-DEL08-MG"
515220;2023-04-06;"quinta-feira";"17:30:00";"SP";153;60,1;"SAO JOSE DO RIO PRETO";"Reação tardia ou ineficiente do condutor";"Colisão traseira";"Com Vítimas Feridas";"Pleno dia";"Crescente";"Nublado";"Dupla";"Reta";"Sim";2;0;1;0;1;0;1;2;-20,79627979;-49,35480206;"SPRF-SP";"DEL09-SP";"UOP01-DEL09-SP"
515221;2023-04-06;"quinta-feira";"16:30:00";"RJ";101;575;"PARATY";"Condutor deixou de manter distância do veículo da frente";"Colisão traseira";"Com Vítimas Feridas";"Pleno dia";"Crescente";"Nublado";"Simples";"Reta";"Não";3;0;1;0;2;0;1;2;-23,21978585;-44,73466957;"SPRF-RJ";"DEL03-RJ";"UOP03-DEL03-RJ"
515222;2023-04-06;"quinta-feira";"17:50:00";"RJ";101;472;"ANGRA DOS REIS";"Ausência de reação do condutor";"Atropelamento de Pedestre";"Com Vítimas Feridas";"Anoitecer";"Decrescente";"Céu Claro";"Simples";"Reta";"Sim";2;0;1;0;1;0;1;2;-22,988676;-44,23305893;"SPRF-RJ";"DEL03-RJ";"UOP03-DEL03-RJ"
515223;2023-04-06;"quinta-feira";"17:30:00";"PE";232;9,6;"JABOATAO DOS GUARARAPES";"Acumulo de areia ou detritos sobre o pavimento";"Tombamento";"Com Vítimas Feridas";"Anoitecer";"Decrescente";"Céu Claro";"Múltipla";"Reta";"Sim";2;0;1;1;0;0;2;1;-8,07887;-34,984073;"SPRF-PE";"DEL01-PE";"UOP01-DEL01-PE"
515227;2023-04-06;"quinta-feira";"17:40:00";"SP";116;147,8;"SAO JOSE DOS CAMPOS";"Reação tardia ou ineficiente do condutor";"Tombamento";"Com Vítimas Feridas";"Anoitecer";"Crescente";"Nublado";"Múltipla";"Reta";"Sim";1;0;1;0;0;0;1;1;-23,19542994;-45,87176303;"SPRF-SP";"DEL02-SP";"UOP01-DEL02-SP"
515228;2023-04-06;"quinta-feira";"18:00:00";"AL";316;271,5;"SATUBA";"Velocidade Incompatível";"Saída de leito carroçável";"Com Vítimas Feridas";"Plena Noite";"Crescente";"Céu Claro";"Simples";"Curva";"Não";1;0;0;1;0;0;1;1;-9,57122709;-35,81523795;"SPRF-AL";"DEL02-AL";"UOP01-DEL02-AL"
515230;2023-04-06;"quinta-feira";"13:15:00";"SC";282;45,7;"AGUAS MORNAS";"Transitar na contramão";"Colisão traseira";"Sem Vítimas";"Pleno dia";"Crescente";"Garoa/Chuvisco";"Simples";"Aclive;Em Obras;Curva";"Não";2;0;0;0;2;0;0;2;-27,719851;-48,916126;"SPRF-SC";"DEL01-SC";"UOP03-DEL01-SC"
515231;2023-04-06;"quinta-feira";"19:10:00";"SP";116;205;"ARUJA";"Frear bruscamente";"Eventos atípicos";"Com Vítimas Fatais";"Plena Noite";"Decrescente";"Nublado";"Múltipla";"Reta";"Sim";2;1;1;0;0;0;1;1;-23,415666;-46,369123;"SPRF-SP";"DEL01-SP";"UOP01-DEL01-SP"