"id";"data_inversa";"dia_semana";"horario";"uf";"br";"km";"municipio";"causa_acidente";"tipo_acidente";"classificacao_acidente";"fase_dia";"sentido_via";"condicao_metereologica";"tipo_pista";"tracado_via";"uso_solo";"pessoas";"mortos";"feridos_leves";"feridos_graves";"ilesos";"ignorados";"feridos";"veiculos";"latitude";"longitude";"regional";"delegacia";"uop"
515232;2023-04-06;"quinta-feira";"16:40:00";"MS";267;8,1;"BATAGUASSU";"Avarias e/ou desgaste excessivo no pneu";"Tombamento";"Com Vítimas Feridas";"Pleno dia";"Decrescente";"Sol";"Simples";"Reta";"Não";2;0;2;0;0;0;2;1;-21,73788976;-52,21980789;"SPRF-MS";"DEL02-MS";"UOP04-DEL02-MS"
515233;2023-04-06;"quinta-feira";"18:35:00";"MG";116;527,8;"CARATINGA";"Condutor deixou de manter distância do veículo da frente";"Colisão traseira";"Com Vítimas Feridas";"Anoitecer";"Crescente";"Céu Claro";"Dupla";"Curva";"Sim";2;0;0;1;1;0;1;2;-19,78510701;-42,13445297;"SPRF-MG";"DEL06-MG";"UOP02-DEL06-MG"
515237;2023-04-06;"quinta-feira";"19:10:00";"RJ";101;311;"SAO GONCALO";"Ausência de reação do condutor";"Colisão transversal";"Com Vítimas Feridas";"Plena Noite";"Decrescente";"Céu Claro";"Dupla";"Reta";"Sim";2;0;1;0;0;1;1;2;-22,80062246;-43,05318779;"SPRF-RJ";"DEL02-RJ";"UOP02-DEL02-RJ"
515238;2023-04-06;"quinta-feira";"18:20:00";"PE";232;26;"MORENO";"Manobra de mudança de faixa";"Colisão lateral mesmo sentido";"Com Vítimas Feridas";"Plena Noite";"Decrescente";"Nublado";"Dupla";"Retorno Regulamentado;Reta";"Não";2;0;1;0;1;0;1;2;-8,11374411;-35,116886;"SPRF-PE";"DEL01-PE";"UOP01-DEL01-PE"
515240;2023-04-05;"quarta-feira";"23:10:00";"SC";116;142;"SANTA CECILIA";"Acesso irregular";"Colisão transversal";"Com Vítimas Feridas";"Plena Noite";"Crescente";"Chuva";"Simples";"Reta";"Não";6;0;1;0;5;0;1;2;-26,97880161;-50,3961135;"SPRF-SC";"DEL06-SC";"UOP02-DEL06-SC"
515241;2023-04-06;"quinta-feira";"19:00:00";"SP";153;14,7;"ICEM";"Ausência de reação do condutor";"Colisão com objeto";"Com Vítimas Feridas";"Plena Noite";"Crescente";"Nublado";"Simples";"Reta;Ponte";"Não";1;0;1;0;0;0;1;1;-20,41481389;-49,26025307;"SPRF-SP";"DEL09-SP";"UOP01-DEL09-SP"
515242;2023-04-06;"quinta-feira";"17:50:00";"MG";40;571;"ITABIRITO";"Reação tardia ou ineficiente do condutor";"Colisão frontal";"Com Vítimas Feridas";"Anoitecer";"Crescente";"Céu Claro";"Simples";"Reta";"Não";6;0;4;0;2;0;4;2;-20,22179201;-43,97116103;"SPRF-MG";"DEL01-MG";"UOP02-DEL01-MG"
515243;2023-04-06;"quinta-feira";"19:25:00";"MG";40;552,9;"NOVA LIMA";"Acessar a via sem observar a presença dos outros veículos";"Atropelamento de Pedestre";"Com Vítimas Feridas";"Plena Noite";"Crescente";"Céu Claro";"Dupla";"Declive;Reta";"Sim";2;0;0;1;1;0;1;2;-20,06084086;-43,97716423;"SPRF-MG";"DEL01-MG";"UOP02-DEL01-MG"
515244;2023-04-06;"quinta-feira";"15:00:00";"MG";146;429,1;"MUZAMBINHO";"Velocidade Incompatível";"Saída de leito carroçável";"Com Vítimas Feridas";"Pleno dia";"Decrescente";"Céu Claro";"Simples";"Curva";"Não";1;0;0;1;0;0;1;1;-21,37524076;-46,45663261;"SPRF-MG";"DEL09-MG";"UOP01-DEL09-MG"
515245;2023-04-06;"quinta-feira";"16:20:00";"PR";277;469;"NOVA LARANJEIRAS";"Ingestão de álcool pelo condutor";"Saída de leito carroçável";"Sem Vítimas";"Pleno dia";"Decrescente";"Garoa/Chuvisco";"Simples";"Reta";"Não";5;0;0;0;2;3;0;3;-25,33808247;-52,50498704;"SPRF-PR";"DEL04-PR";"UOP02-DEL04-PR"
515246;2023-04-06;"quinta-feira";"19:00:00";"PB";230;4,6;"CABEDELO";"Deficiência do Sistema de Iluminação/Sinalização";"Saída de leito carroçável";"Sem Vítimas";"Plena Noite";"Crescente";"Céu Claro";"Dupla";"Desvio Temporário";"Sim";1;0;0;0;1;0;0;1;-7,0004;-34,8284;"SPRF-PB";"DEL01-PB";"UOP01-DEL01-PB"
515247;2023-03-22;"quarta-feira";"09:10:00";"MS";163;542,6;"BANDEIRANTES";"Acessar a via sem observar a presença dos outros veículos";"Colisão transversal";"Com Vítimas Feridas";"Pleno dia";"Decrescente";"Nublado";"Simples";"Aclive;Reta";"Não";3;0;2;0;1;0;2;2;-19,96721;-54,380572;"SPRF-MS";"DEL01-MS";"UOP02-DEL01-MS"
515248;2023-04-06;"quinta-feira";"19:40:00";"RS";158;326;"SANTA MARIA";"Ausência de sinalização";"Queda de ocupante de veículo";"Com Vítimas Feridas";"Plena Noite";"Crescente";"Nublado";"Simples";"Em Obras;Desvio Temporário";"Sim";2;0;2;0;0;0;2;1;-29,71364362;-53,81556273;"SPRF-RS";"DEL09-RS";"UOP01-DEL09-RS"
515249;2023-04-06;"quinta-feira";"17:20:00";"PI";343;216,2;"ALTOS";"Entrada inopinada do pedestre";"Atropelamento de Pedestre";"Com Vítimas Feridas";"Pleno dia";"Decrescente";"Céu Claro";"Simples";"Reta";"Não";2;0;0;1;0;1;1;2;-5,046504;-42,533679;"SPRF-PI";"DEL02-PI";"UOP01-DEL02-PI"
515250;2023-04-06;"quinta-feira";"18:40:00";"BA";116;11;"VITORIA DA CONQUISTA";"Condutor deixou de manter distância do veículo da frente";"Queda de ocupante de veículo";"Com Vítimas Feridas";"Plena Noite";"Decrescente";"Nublado";"Simples";"Curva";"Sim";2;0;2;0;0;0;2;1;-14,86455268;-40,87316687;"SPRF-PE";"DEL05-PE";"UOP03-DEL05-PE"
515251;2023-04-06;"quinta-feira";"19:00:00";"PR";116;0;"CAMPINA GRANDE DO SUL";"Reação tardia ou ineficiente do condutor";"Colisão com objeto";"Com Vítimas Feridas";"Plena Noite";"Crescente";"Garoa/Chuvisco";"Dupla";"Retorno Regulamentado";"Não";2;0;1;0;1;0;1;1;-25,3478;-49,0493;"SPRF-PR";"DEL01-PR";"UOP02-DEL01-PR"
515253;2023-04-06;"quinta-feira";"18:20:00";"RS";116;146,6;"CAXIAS DO SUL";"Reação tardia ou ineficiente do condutor";"Atropelamento de Pedestre";"Com Vítimas Feridas";"Anoitecer";"Crescente";"Céu Claro";"Dupla";"Declive";"Sim";3;0;1;0;1;1;1;2;-29,14228897;-51,13622202;"SPRF-RS";"DEL05-RS";"UOP01-DEL05-RS"
515254;2023-04-06;"quinta-feira";"20:05:00";"RS";290;110;"ELDORADO DO SUL";"Ausência de reação do condutor";"Colisão traseira";"Com Vítimas Feridas";"Pleno dia";"Crescente";"Céu Claro";"Dupla";"Reta";"Sim";3;0;1;0;2;0;1;2;-30,023552;-51,321091;"SPRF-RS";"DEL02-RS";"UOP01-DEL02-RS"
515255;2023-04-06;"quinta-feira";"19:00:00";"SC";101;132;"BALNEARIO CAMBORIU";"Reação tardia ou ineficiente do condutor";"Colisão traseira";"Com Vítimas Feridas";"Plena Noite";"Crescente";"Nublado";"Múltipla";"Reta";"Sim";2;0;1;0;1;0;1;2;-26,99654133;-48,65564711;"SPRF-SC";"DEL04-SC";"UOP03-DEL04-SC"
515257;2023-04-06;"quinta-feira";"18:15:00";"PR";158;536;"PATO BRANCO";"Condutor deixou de manter distância do veículo da frente";"Engavetamento";"Com Vítimas Feridas";"Anoitecer";"Decrescente";"Chuva";"Simples";"Curva";"Não";5;0;1;0;4;0;1;5;-26,241475;-52,696194;"SPRF-PR";"DEL02-PR";"UOP01-DEL02-PR"
515259;2023-04-06;"quinta-feira";"18:15:00";"AC";364;126;"RIO BRANCO";"Desrespeitar a preferência no cruzamento";"Colisão transversal";"Com Vítimas Feridas";"Plena Noite";"Crescente";"Céu Claro";"Dupla";"Interseção de Vias;Reta";"Não";2;0;1;0;1;0;1;2;-10,012822;-67,80875;"SPRF-AC";"DEL01-AC";"UOP01-DEL01-AC"
515260;2023-04-06;"quinta-feira";"20:00:00";"SC";101;53;"JOINVILLE";"Pista Escorregadia";"Capotamento";"Com Vítimas Feridas";"Plena Noite";"Crescente";"Garoa/Chuvisco";"Dupla";"Reta";"Não";2;0;1;0;1;0;1;1;-26,40231201;-48,83969703;"SPRF-SC";"DEL03-SC";"UOP01-DEL03-SC"
515261;2023-04-06;"quinta-feira";"19:50:00";"MS";158;231;"SELVIRIA";"Animais na Pista";"Atropelamento de Animal";"Com Vítimas Feridas";"Plena Noite";"Crescente";"Nublado";"Simples";"Reta";"Não";4;0;4;0;0;0;4;1;-20,571653;-51,603662;"SPRF-MS";"DEL07-MS";"UOP01-DEL07-MS"
515262;2023-04-06;"quinta-feira";"19:30:00";"BA";242;4;"BARREIRAS";"Reação tardia ou ineficiente do condutor";"Colisão frontal";"Com Vítimas Feridas";"Plena Noite";"Crescente";"Céu Claro";"Simples";"Reta";"Não";3;0;2;0;1;0;2;2;-12,153215;-44,990364;"SPRF-BA";"DEL10-BA";"UOP01-DEL10-BA"
515263;2023-04-06;"quinta-feira";"21:10:00";"ES";101;258,9;"SERRA";"Animais na Pista";"Atropelamento de Animal";"Com Vítimas Feridas";"Plena Noite";"Crescente";"Chuva";"Dupla";"Reta";"Sim";1;0;1;0;0;0;1;1;-20,13059888;-40,2961019;"SPRF-ES";"DEL02-ES";"UOP01-DEL02-ES"
515264;2023-04-06;"quinta-feira";"20:30:00";"RS";471;160,9;"RIO PARDO";"Ultrapassagem Indevida";"Tombamento";"Com Vítimas Feridas";"Plena Noite";"Crescente";"Nublado";"Simples";"Rotatória";"Não";1;0;1;0;0;0;1;1;-29,905725;-52,391739;"SPRF-RS";"DEL02-RS";"UOP03-DEL02-RS"
515265;2023-04-06;"quinta-feira";"19:20:00";"PR";376;1;"SAO JOSE DOS PINHAIS";"Ausência de reação do condutor";"Colisão traseira";"Com Vítimas Feridas";"Plena Noite";"Crescente";"Chuva";"Dupla";"Reta";"Sim";4;0;1;0;3;0;1;2;-25,5307;-49,1958;"SPRF-PR";"DEL01-PR";"UOP04-DEL01-PR"
515266;2023-04-06;"quinta-feira";"19:30:00";"SC";101;242;"PALHOCA";"Ausência de reação do condutor";"Colisão com objeto";"Com Vítimas Feridas";"Plena Noite";"Decrescente";"Chuva";"Dupla";"Reta";"Não";2;0;2;0;0;0;2;1;-27,87545797;-48,64678433;"SPRF-SC";"DEL01-SC";"UOP02-DEL01-SC"
515267;2023-04-06;"quinta-feira";"20:30:00";"RS";285;569;"SAO LUIZ GONZAGA";"Acessar a via sem observar a presença dos outros veículos";"Colisão transversal";"Com Vítimas Feridas";"Plena Noite";"Crescente";"Céu Claro";"Simples";"Interseção de Vias";"Não";3;0;2;0;1;0;2;2;-28,41348386;-54,98888969;"SPRF-RS";"DEL12-RS";"UOP01-DEL12-RS"
515268;2023-04-06;"quinta-feira";"21:15:00";"RJ";101;428;"MANGARATIBA";"Retorno proibido";"Colisão transversal";"Sem Vítimas";"Plena Noite";"Decrescente";"Céu Claro";"Simples";"Reta";"Não";2;0;0;0;2;0;0;2;-22,93391858;-43,9899979;"SPRF-RJ";"DEL03-RJ";"UOP02-DEL03-RJ"
515269;2023-04-06;"quinta-feira";"19:16:00";"MT";163;955;"NOVA SANTA HELENA";"Pedestre andava na pista";"Atropelamento de Pedestre";"Com Vítimas Fatais";"Plena Noite";"Crescente";"Céu Claro";"Simples";"Reta";"Sim";6;1;0;0;5;0;0;2;-10,86036539;-55,19235134;"SPRF-MT";"DEL06-MT";"UOP02-DEL06-MT"
515270;2023-03-11;"sábado";"16:40:00";"PR";116;211,3;"RIO NEGRO";"Mal súbito do condutor";"Queda de ocupante de veículo";"Com Vítimas Feridas";"Pleno dia";"Crescente";"Céu Claro";"Simples";"Reta";"Sim";1;0;1;0;0;0;1;1;-26,07980928;-49,76934983;"SPRF-SC";"DEL06-SC";"UOP01-DEL06-SC"
515271;2023-04-06;"quinta-feira";"21:10:00";"MS";163;679,1;"RIO VERDE DE MATO GROSSO";"Pedestre andava na pista";"Atropelamento de Pedestre";"Com Vítimas Feridas";"Plena Noite";"Decrescente";"Nublado";"Simples";"Reta;Aclive";"Sim";3;0;0;1;1;1;1;2;-18,927175;-54,833697;"SPRF-MS";"DEL06-MS";"UOP02-DEL06-MS"
515272;2023-04-06;"quinta-feira";"21:30:00";"PR";277;586,8;"CASCAVEL";"Ingestão de álcool pelo condutor";"Colisão com objeto";"Com Vítimas Feridas";"Plena Noite";"Decrescente";"Nublado";"Simples";"Curva";"Não";1;0;1;0;0;0;1;1;-24,9649472;-53,4210459;"SPRF-PR";"DEL04-PR";"UOP01-DEL04-PR"
515273;2023-04-06;"quinta-feira";"21:18:00";"RJ";116;175;"SAO JOAO DE MERITI";"Ultrapassagem Indevida";"Colisão transversal";"Com Vítimas Feridas";"Plena Noite";"Crescente";"Céu Claro";"Dupla";"Reta";"Não";2;0;1;0;1;0;1;2;-22,78923555;-43,37275272;"SPRF-RJ";"DEL01-RJ";"UOP02-DEL01-RJ"
515274;2023-04-06;"quinta-feira";"18:30:00";"RJ";116;222;"PARACAMBI";"Entrada inopinada do pedestre";"Atropelamento de Pedestre";"Com Vítimas Fatais";"Plena Noite";"Crescente";"Chuva";"Dupla";"Reta";"Não";3;1;0;0;0;2;0;3;-22,6896952;-43,79175108;"SPRF-RJ";"DEL07-RJ";"UOP01-DEL07-RJ"
515275;2023-04-06;"quinta-feira";"21:40:00";"SC";101;207;"SAO JOSE";"Chuva";"Tombamento";"Com Vítimas Feridas";"Plena Noite";"Crescente";"Chuva";"Múltipla";"Reta";"Sim";1;0;1;0;0;0;1;1;-27,60001226;-48,6226467;"SPRF-SC";"DEL01-SC";"UOP01-DEL01-SC"
515277;2023-04-06;"quinta-feira";"20:00:00";"SC";101;90;"BARRA VELHA";"Reação tardia ou ineficiente do condutor";"Colisão transversal";"Com Vítimas Feridas";"Plena Noite";"Crescente";"Chuva";"Simples";"Reta";"Sim";2;0;2;0;0;0;2;2;-26,66148503;-48,68866176;"SPRF-SC";"DEL03-SC";"UOP02-DEL03-SC"
515279;2023-04-06;"quinta-feira";"11:20:00";"MG";50;176;"UBERABA";"Avarias e/ou desgaste excessivo no pneu";"Tombamento";"Com Vítimas Feridas";"Pleno dia";"Crescente";"Sol";"Dupla";"Reta";"Sim";1;0;1;0;0;0;1;1;-19,77919981;-47,960032;"SPRF-MG";"DEL13-MG";"UOP01-DEL13-MG"
515280;2023-04-06;"quinta-feira";"22:30:00";"PA";230;116;"MARABA";"Ausência de reação do condutor";"Colisão transversal";"Com Vítimas Feridas";"Plena Noite";"Crescente";"Céu Claro";"Dupla";"Reta;Retorno Regulamentado;Declive";"Sim";2;0;0;1;1;0;1;2;-5,35947454;-49,08301084;"SPRF-PA";"DEL03-PA";"UOP01-DEL03-PA"
515281;2023-04-06;"quinta-feira";"22:25:00";"MA";135;7;"SAO LUIS";"Acessar a via sem observar a presença dos outros veículos";"Atropelamento de Pedestre";"Com Vítimas Feridas";"Plena Noite";"Crescente";"Chuva";"Dupla";"Reta";"Sim";2;0;0;1;1;0;1;2;-2,63608835;-44,26848552;"SPRF-MA";"DEL01-MA";"UOP01-DEL01-MA"
515282;2023-04-06;"quinta-feira";"13:10:00";"PR";277;729;"FOZ DO IGUACU";"Manobra de mudança de faixa";"Colisão lateral mesmo sentido";"Com Vítimas Feridas";"Plena Noite";"Crescente";"Garoa/Chuvisco";"Dupla";"Reta";"Sim";2;0;1;0;1;0;1;2;-25,50749887;-54,58379896;"SPRF-PR";"DEL05-PR";"UOP03-DEL05-PR"
515283;2023-04-06;"quinta-feira";"20:25:00";"BA";324;555;"AMELIA RODRIGUES";"Condutor deixou de manter distância do veículo da frente";"Colisão traseira";"Sem Vítimas";"Plena Noite";"Decrescente";"Céu Claro";"Dupla";"Reta";"Não";7;0;0;0;7;0;0;2;-12,46574407;-38,68963508;"SPRF-BA";"DEL01-BA";"UOP03-DEL01-BA"
515285;2023-04-06;"quinta-feira";"23:30:00";"CE";222;260;"COREAU";"Pedestre cruzava a pista fora da faixa";"Atropelamento de Pedestre";"Sem Vítimas";"Plena Noite";"Crescente";"Nublado";"Simples";"Reta";"Não";2;0;0;0;1;1;0;2;-3,75023117;-40,64881001;"SPRF-CE";"DEL04-CE";"UOP02-DEL04-CE"
515286;2023-04-06;"quinta-feira";"19:19:00";"RO";364;387;"OURO PRETO DO OESTE";"Condutor deixou de manter distância do veículo da frente";"Colisão traseira";"Com Vítimas Feridas";"Anoitecer";"Crescente";"Céu Claro";"Simples";"Reta";"Sim";3;0;2;0;1;0;2;2;-10,69413222;-62,26827726;"SPRF-RO";"DEL03-RO";"UOP02-DEL03-RO"
515287;2023-04-06;"quinta-feira";"21:00:00";"PR";376;411;"TIBAGI";"Transitar na contramão";"Colisão frontal";"Com Vítimas Feridas";"Plena Noite";"Decrescente";"Garoa/Chuvisco";"Dupla";"Reta";"Sim";2;0;0;1;1;0;1;2;-24,673004;-50,601442;"SPRF-PR";"DEL03-PR";"UOP02-DEL03-PR"
515288;2023-04-06;"quinta-feira";"23:28:00";"DF";70;11;"BRASILIA";"Reação tardia ou ineficiente do condutor";"Saída de leito carroçável";"Sem Vítimas";"Plena Noite";"Decrescente";"Céu Claro";"Dupla";"Reta";"Sim";1;0;0;0;1;0;0;1;-15,789762;-48,148727;"SPRF-DF";"DEL03-DF";"UOP02-DEL03-DF"
515292;2023-04-06;"quinta-feira";"18:30:00";"MT";364;556;"ROSARIO OESTE";"Animais na Pista";"Atropelamento de Animal";"Com Vítimas Fatais";"Plena Noite";"Crescente";"Céu Claro";"Dupla";"Reta";"Não";1;1;0;0;0;0;0;1;-14,80810606;-56,41299395;"SPRF-MT";"DEL01-MT";"UOP01-DEL01-MT"
515293;2023-04-06;"quinta-feira";"20:15:00";"BA";110;315;"ALAGOINHAS";"Transitar na contramão";"Colisão frontal";"Com Vítimas Fatais";"Plena Noite";"Crescente";"Nublado";"Simples";"Curva";"Não";2;1;0;0;1;0;0;2;-12,03139186;-38,37279959;"SPRF-BA";"DEL01-BA";"UOP04-DEL01-BA"
515294;2023-04-07;"sexta-feira";"00:20:00";"AL";101;121;"PILAR";"Obras na pista";"Queda de ocupante de veículo";"Com Vítimas Feridas";"Plena Noite";"Decrescente";"Céu Claro";"Dupla";"Reta;Em Obras";"Não";1;0;1;0;0;0;1;1;-9,68903191;-36,03448792;"SPRF-AL";"DEL02-AL";"UOP01-DEL02-AL"
515296;2023-04-06;"quinta-feira";"23:20:00";"SC";116;53;"PAPANDUVA";"Ingestão de álcool pelo condutor";"Colisão frontal";"Sem Vítimas";"Plena Noite";"Crescente";"Chuva";"Simples";"Reta";"Não";2;0;0;0;2;0;0;2;-26,3932492;-50,15515026;"SPRF-SC";"DEL06-SC";"UOP01-DEL06-SC"
515297;2023-04-07;"sexta-feira";"01:10:00";"SP";488;2;"APARECIDA";"Ausência de reação do condutor";"Colisão traseira";"Sem Vítimas";"Plena Noite";"Decrescente";"Nublado";"Dupla";"Rotatória";"Sim";2;0;0;0;2;0;0;2;-22,849216;-45,236801;"SPRF-SP";"DEL08-SP";"UOP01-DEL08-SP"
515300;2023-04-07;"sexta-feira";"00:30:00";"BA";324;539,6;"AMELIA RODRIGUES";"Demais falhas mecânicas ou elétricas";"Incêndio";"Sem Vítimas";"Plena Noite";"Crescente";"Nublado";"Dupla";"Reta";"Não";3;0;0;0;3;0;0;1;-12,37995647;-38,79955259;"SPRF-BA";"DEL01-BA";"UOP03-DEL01-BA"
515302;2023-04-07;"sexta-feira";"00:50:00";"SC";101;96;"BARRA VELHA";"Objeto estático sobre o leito carroçável";"Colisão lateral mesmo sentido";"Com Vítimas Feridas";"Plena Noite";"Crescente";"Chuva";"Múltipla";"Reta";"Não";3;0;1;0;1;1;1;2;-26,718427;-48,70233;"SPRF-SC";"DEL03-SC";"UOP02-DEL03-SC"
515303;2023-04-07;"sexta-feira";"02:15:00";"PR";277;519,5;"GUARANIACU";"Velocidade Incompatível";"Colisão traseira";"Com Vítimas Feridas";"Plena Noite";"Decrescente";"Nublado";"Simples";"Reta;Aclive";"Não";4;0;1;0;3;0;1;2;-25,1059643;-52,8680442;"SPRF-PR";"DEL04-PR";"UOP04-DEL04-PR"
515304;2023-04-07;"sexta-feira";"02:30:00";"SC";101;211;"PALHOCA";"Acumulo de água sobre o pavimento";"Saída de leito carroçável";"Com Vítimas Feridas";"Plena Noite";"Decrescente";"Chuva";"Dupla";"Reta";"Não";1;0;0;1;0;0;1;1;-27,62329313;-48,65245588;"SPRF-SC";"DEL01-SC";"UOP02-DEL01-SC"
515305;2023-04-07;"sexta-feira";"00:30:00";"SC";470;121;"IBIRAMA";"Reação tardia ou ineficiente do condutor";"Colisão lateral sentido oposto";"Com Vítimas Feridas";"Plena Noite";"Decrescente";"Chuva";"Simples";"Aclive;Curva";"Não";5;0;1;0;4;0;1;3;-27,095861;-49,526859;"SPRF-SC";"DEL04-SC";"UOP02-DEL04-SC"
515308;2023-04-07;"sexta-feira";"03:45:00";"RS";116;425,1;"CRISTAL";"Condutor deixou de manter distância do veículo da frente";"Colisão traseira";"Com Vítimas Fatais";"Plena Noite";"Crescente";"Céu Claro";"Simples";"Reta";"Não";2;1;1;0;0;0;1;1;-30,98193093;-52,02109003;"SPRF-RS";"DEL02-RS";"UOP02-DEL02-RS"
515309;2023-04-07;"sexta-feira";"02:40:00";"PR";369;79;"SANTA MARIANA";"Ingestão de álcool pelo condutor";"Colisão transversal";"Com Vítimas Feridas";"Plena Noite";"Crescente";"Chuva";"Simples";"Reta";"Não";4;0;0;1;3;0;1;3;-23,1449277;-50,58062553;"SPRF-PR";"DEL07-PR";"UOP05-DEL07-PR"
515310;2023-04-07;"sexta-feira";"04:30:00";"SP";116;230;"SAO PAULO";"Manobra de mudança de faixa";"Colisão traseira";"Com Vítimas Feridas";"Plena Noite";"Decrescente";"Chuva";"Múltipla";"Reta";"Sim";2;0;0;2;0;0;2;2;-23,52251783;-46,5855702;"SPRF-SP";"DEL01-SP";"UOP01-DEL01-SP"
515311;2023-04-07;"sexta-feira";"04:10:00";"MG";381;284;"JAGUARACU";"Reação tardia ou ineficiente do condutor";"Colisão traseira";"Com Vítimas Feridas";"Plena Noite";"Decrescente";"Nublado";"Simples";"Reta";"Não";4;0;2;0;2;0;2;2;-19,59828329;-42,74677277;"SPRF-MG";"DEL03-MG";"UOP02-DEL03-MG"
515312;2023-04-07;"sexta-feira";"04:30:00";"ES";101;28;"CONCEICAO DA BARRA";"Ausência de reação do condutor";"Tombamento";"Com Vítimas Feridas";"Plena Noite";"Decrescente";"Nublado";"Simples";"Reta";"Não";1;0;0;1;0;0;1;1;-18,39179309;-39,94180625;"SPRF-ES";"DEL04-ES";"UOP02-DEL04-ES"
515313;2023-04-07;"sexta-feira";"03:10:00";"SC";470;280;"BRUNOPOLIS";"Transitar na contramão";"Colisão frontal";"Com Vítimas Feridas";"Plena Noite";"Decrescente";"Chuva";"Simples";"Reta";"Não";2;0;1;0;1;0;1;2;-27,332188;-50,862553;"SPRF-SC";"DEL07-SC";"UOP06-DEL07-SC"
515315;2023-04-07;"sexta-feira";"03:20:00";"SC";470;70;"INDAIAL";"Acumulo de água sobre o pavimento";"Saída de leito carroçável";"Com Vítimas Feridas";"Plena Noite";"Crescente";"Garoa/Chuvisco";"Simples";"Reta";"Não";3;0;3;0;0;0;3;1;-26,889374;-49,254478;"SPRF-SC";"DEL04-SC";"UOP01-DEL04-SC"
515318;2023-04-07;"sexta-feira";"02:50:00";"SC";282;408,4;"CATANDUVAS";"Ingestão de álcool pelo condutor";"Colisão lateral sentido oposto";"Sem Vítimas";"Plena Noite";"Crescente";"Chuva";"Simples";"Curva;Aclive";"Sim";6;0;0;0;6;0;0;2;-27,077851;-51,662963;"SPRF-SC";"DEL07-SC";"UOP05-DEL07-SC"
515319;2023-04-07;"sexta-feira";"05:30:00";"CE";222;263;"COREAU";"Transitar na contramão";"Colisão frontal";"Sem Vítimas";"Amanhecer";"Crescente";"Céu Claro";"Simples";"Reta";"Sim";2;0;0;0;1;1;0;2;-3,74853785;-40,67572499;"SPRF-CE";"DEL04-CE";"UOP02-DEL04-CE"
515320;2023-04-07;"sexta-feira";"05:55:00";"SP";116;516,6;"CAJATI";"Pista Escorregadia";"Saída de leito carroçável";"Com Vítimas Feridas";"Amanhecer";"Decrescente";"Chuva";"Simples";"Curva";"Não";2;0;1;0;1;0;1;1;-24,87423036;-48,2190838;"SPRF-SP";"DEL05-SP";"UOP02-DEL05-SP"
515321;2023-04-07;"sexta-feira";"01:45:00";"SC";470;209,8;"SAO CRISTOVAO DO SUL";"Ultrapassagem Indevida";"Colisão frontal";"Com Vítimas Fatais";"Plena Noite";"Decrescente";"Chuva";"Simples";"Reta";"Não";9;1;2;5;1;0;7;3;-27,3027981;-50,2205816;"SPRF-SC";"DEL05-SC";"UOP03-DEL05-SC"
515322;2023-04-07;"sexta-feira";"05:40:00";"SP";116;273,9;"TABOAO DA SERRA";"Ausência de reação do condutor";"Colisão traseira";"Com Vítimas Feridas";"Amanhecer";"Crescente";"Chuva";"Múltipla";"Reta";"Sim";2;0;1;0;0;1;1;2;-23,62809795;-46,81870306;"SPRF-SP";"DEL04-SP";"UOP01-DEL04-SP"
515323;2023-04-07;"sexta-feira";"04:00:00";"GO";153;660;"GOIATUBA";"Ingestão de álcool pelo condutor";"Saída de leito carroçável";"Sem Vítimas";"Plena Noite";"Crescente";"Nublado";"Dupla";"Reta";"Sim";1;0;0;0;0;1;0;1;-18,0549;-49,2694;"SPRF-GO";"DEL03-GO";"UOP01-DEL03-GO"
515325;2023-04-07;"sexta-feira";"02:20:00";"SC";101;356;"SANGAO";"Ausência de reação do condutor";"Saída de leito carroçável";"Sem Vítimas";"Plena Noite";"Crescente";"Chuva";"Dupla";"Reta";"Sim";1;0;0;0;1;0;0;1;-28,62930081;-49,08665412;"SPRF-SC";"DEL02-SC";"UOP01-DEL02-SC"
515327;2023-04-07;"sexta-feira";"06:15:00";"MG";262;561;"CORREGO DANTA";"Condutor Dormindo";"Saída de leito carroçável";"Com Vítimas Feridas";"Pleno dia";"Decrescente";"Céu Claro";"Simples";"Reta";"Não";2;0;2;0;0;0;2;1;-19,74235817;-45,94580685;"SPRF-MG";"DEL08-MG";"UOP02-DEL08-MG"
515328;2023-04-07;"sexta-feira";"06:20:00";"MG";381;705,7;"LAVRAS";"Velocidade Incompatível";"Saída de leito carroçável";"Com Vítimas Feridas";"Amanhecer";"Decrescente";"Chuva";"Dupla";"Curva";"Não";2;0;2;0;0;0;2;1;-21,32032783;-45,1655159;"SPRF-MG";"DEL04-MG";"UOP02-DEL04-MG"
515329;2023-04-07;"sexta-feira";"05:35:00";"PR";116;126;"FAZENDA RIO GRANDE";"Condutor Dormindo";"Colisão traseira";"Sem Vítimas";"Pleno dia";"Decrescente";"Garoa/Chuvisco";"Múltipla";"Reta";"Sim";2;0;0;0;2;0;0;2;-25,60389895;-49,31824423;"SPRF-PR";"DEL01-PR";"UOP03-DEL01-PR"
515334;2023-04-07;"sexta-feira";"05:52:00";"PE";232;58,6;"POMBOS";"Ausência de reação do condutor";"Saída de leito carroçável";"Com Vítimas Fatais";"Pleno dia";"Crescente";"Céu Claro";"Dupla";"Declive;Curva";"Sim";4;1;0;1;2;0;1;2;-8,14462866;-35,39034714;"SPRF-PE";"DEL02-PE";"UOP02-DEL02PE"
515335;2023-04-07;"sexta-feira";"07:10:00";"BA";324;623;"SALVADOR";"Ausência de reação do condutor";"Tombamento";"Com Vítimas Feridas";"Pleno dia";"Crescente";"Chuva";"Dupla";"Reta";"Sim";1;0;1;0;0;0;1;1;-12,92628699;-38,46838679;"SPRF-BA";"DEL01-BA";"UOP01-DEL01-BA"