"id";"data_inversa";"dia_semana";"horario";"uf";"br";"km";"municipio";"causa_acidente";"tipo_acidente";"classificacao_acidente";"fase_dia";"sentido_via";"condicao_metereologica";"tipo_pista";"tracado_via";"uso_solo";"pessoas";"mortos";"feridos_leves";"feridos_graves";"ilesos";"ignorados";"feridos";"veiculos";"latitude";"longitude";"regional";"delegacia";"uop"
515337;2023-04-07;"sexta-feira";"06:35:00";"GO";60;37;"GOIANIA";"Desrespeitar a preferência no cruzamento";"Colisão transversal";"Com Vítimas Feridas";"Pleno dia";"Crescente";"Chuva";"Dupla";"Rotatória";"Sim";4;0;1;0;3;0;1;2;-16,6777;-49,2676;"SPRF-GO";"DEL01-GO";"UOP02-DEL01-GO"
515338;2023-04-07;"sexta-feira";"08:00:00";"PR";116;47;"CAMPINA GRANDE DO SUL";"Ausência de reação do condutor";"Capotamento";"Com Vítimas Feridas";"Pleno dia";"Decrescente";"Garoa/Chuvisco";"Dupla";"Reta";"Não";2;0;1;0;1;0;1;1;-25,21058799;-48,89720903;"SPRF-PR";"DEL01-PR";"UOP02-DEL01-PR"
515340;2023-04-07;"sexta-feira";"08:00:00";"CE";116;35,1;"HORIZONTE";"Condutor deixou de manter distância do veículo da frente";"Tombamento";"Com Vítimas Feridas";"Pleno dia";"Crescente";"Chuva";"Dupla";"Reta";"Sim";3;0;0;2;1;0;2;2;-4,05218058;-38,50627716;"SPRF-CE";"DEL01-CE";"UOP02-DEL01-CE"
515341;2023-04-07;"sexta-feira";"07:40:00";"MS";163;717;"RIO VERDE DE MATO GROSSO";"Reação tardia ou ineficiente do condutor";"Tombamento";"Com Vítimas Feridas";"Pleno dia";"Crescente";"Céu Claro";"Simples";"Reta";"Não";1;0;0;1;0;0;1;1;-18,61968801;-54,77287631;"SPRF-MS";"DEL06-MS";"UOP01-DEL06-MS"
515342;2023-04-07;"sexta-feira";"08:30:00";"PE";428;179,6;"PETROLINA";"Ausência de reação do condutor";"Capotamento";"Com Vítimas Feridas";"Pleno dia";"Decrescente";"Nublado";"Simples";"Reta";"Não";4;0;3;0;0;1;3;1;-9,3001832;-40,44980961;"SPRF-PE";"DEL06-PE";"UOP01-DEL06-PE"
515343;2023-04-07;"sexta-feira";"08:31:00";"SC";101;186,1;"BIGUACU";"Reação tardia ou ineficiente do condutor";"Saída de leito carroçável";"Com Vítimas Feridas";"Pleno dia";"Crescente";"Chuva";"Dupla";"Reta";"Não";3;0;2;0;1;0;2;1;-27,4341098;-48,62567129;"SPRF-SC";"DEL01-SC";"UOP01-DEL01-SC"
515344;2023-04-07;"sexta-feira";"07:15:00";"RS";116;150,1;"CAXIAS DO SUL";"Manobra de mudança de faixa";"Colisão lateral mesmo sentido";"Sem Vítimas";"Pleno dia";"Decrescente";"Céu Claro";"Dupla";"Reta";"Sim";3;0;0;0;3;0;0;2;-29,16998111;-51,15900636;"SPRF-RS";"DEL05-RS";"UOP01-DEL05-RS"
515345;2023-04-07;"sexta-feira";"06:55:00";"PR";116;50,8;"CAMPINA GRANDE DO SUL";"Ausência de reação do condutor";"Colisão com objeto";"Com Vítimas Feridas";"Amanhecer";"Decrescente";"Chuva";"Dupla";"Curva";"Não";2;0;1;0;1;0;1;1;-25,24305988;-48,90232444;"SPRF-PR";"DEL01-PR";"UOP02-DEL01-PR"
515346;2023-04-07;"sexta-feira";"00:10:00";"PR";116;63;"CAMPINA GRANDE DO SUL";"Ausência de reação do condutor";"Saída de leito carroçável";"Sem Vítimas";"Plena Noite";"Decrescente";"Garoa/Chuvisco";"Dupla";"Reta";"Não";1;0;0;0;0;1;0;1;-25,30777688;-48,98320998;"SPRF-PR";"DEL01-PR";"UOP02-DEL01-PR"
515347;2023-04-07;"sexta-feira";"08:46:00";"ES";101;269;"SERRA";"Ausência de reação do condutor";"Colisão traseira";"Com Vítimas Feridas";"Pleno dia";"Crescente";"Céu Claro";"Múltipla";"Reta";"Sim";4;0;1;0;3;0;1;3;-20,21740496;-40,26990578;"SPRF-ES";"DEL02-ES";"UOP01-DEL02-ES"
515348;2023-04-07;"sexta-feira";"08:30:00";"SC";101;211;"PALHOCA";"Reação tardia ou ineficiente do condutor";"Saída de leito carroçável";"Com Vítimas Feridas";"Pleno dia";"Crescente";"Chuva";"Múltipla";"Reta";"Sim";1;0;0;1;0;0;1;1;-27,62329313;-48,65245588;"SPRF-SC";"DEL01-SC";"UOP02-DEL01-SC"
515349;2023-04-07;"sexta-feira";"07:30:00";"MA";135;7;"SAO LUIS";"Acessar a via sem observar a presença dos outros veículos";"Colisão lateral mesmo sentido";"Com Vítimas Feridas";"Pleno dia";"Decrescente";"Céu Claro";"Dupla";"Reta;Rotatória";"Sim";2;0;1;0;1;0;1;2;-2,63608835;-44,26848552;"SPRF-MA";"DEL01-MA";"UOP01-DEL01-MA"
515350;2023-04-07;"sexta-feira";"07:30:00";"PR";376;618;"SAO JOSE DOS PINHAIS";"Velocidade Incompatível";"Colisão com objeto";"Com Vítimas Feridas";"Pleno dia";"Crescente";"Chuva";"Dupla";"Curva";"Não";3;0;2;0;1;0;2;1;-25,59168398;-49,17197705;"SPRF-PR";"DEL01-PR";"UOP04-DEL01-PR"
515351;2023-01-05;"quinta-feira";"10:30:00";"ES";262;28,7;"DOMINGOS MARTINS";"Transitar na contramão";"Colisão frontal";"Com Vítimas Feridas";"Pleno dia";"Decrescente";"Sol";"Simples";"Aclive;Curva";"Não";2;0;0;1;1;0;1;2;-20,38426904;-40,55863435;"SPRF-ES";"DEL01-ES";"UOP01-DEL01-ES"
515353;2023-04-07;"sexta-feira";"07:15:00";"MG";381;722,5;"CARMO DA CACHOEIRA";"Velocidade Incompatível";"Colisão com objeto";"Com Vítimas Feridas";"Pleno dia";"Crescente";"Ignorado";"Dupla";"Curva;Aclive";"Não";2;0;1;0;1;0;1;1;-21,47729514;-45,20207819;"SPRF-MG";"DEL04-MG";"UOP02-DEL04-MG"
515354;2023-04-07;"sexta-feira";"09:00:00";"RJ";101;200;"CASIMIRO DE ABREU";"Acessar a via sem observar a presença dos outros veículos";"Colisão traseira";"Com Vítimas Feridas";"Pleno dia";"Crescente";"Céu Claro";"Dupla";"Reta";"Não";3;0;1;0;2;0;1;2;-22,48294819;-42,14400217;"SPRF-RJ";"DEL08-RJ";"UOP04-DEL08-RJ"
515355;2023-04-07;"sexta-feira";"07:05:00";"MG";381;728,5;"CARMO DA CACHOEIRA";"Acumulo de água sobre o pavimento";"Saída de leito carroçável";"Com Vítimas Feridas";"Pleno dia";"Crescente";"Chuva";"Dupla";"Curva";"Não";3;0;1;0;2;0;1;1;-21,49165904;-45,21034527;"SPRF-MG";"DEL04-MG";"UOP02-DEL04-MG"
515356;2023-04-07;"sexta-feira";"09:54:00";"MG";381;595,4;"CARMOPOLIS DE MINAS";"Condutor Dormindo";"Saída de leito carroçável";"Com Vítimas Feridas";"Pleno dia";"Decrescente";"Nublado";"Dupla";"Aclive;Curva";"Não";4;0;4;0;0;0;4;2;-20,57885197;-44,68691521;"SPRF-MG";"DEL04-MG";"UOP01-DEL04-MG"
515357;2023-04-07;"sexta-feira";"09:15:00";"BA";110;377;"CATU";"Condutor deixou de manter distância do veículo da frente";"Colisão traseira";"Com Vítimas Feridas";"Pleno dia";"Crescente";"Chuva";"Simples";"Aclive;Curva";"Não";3;0;1;0;2;0;1;2;-12,40519736;-38,40521133;"SPRF-BA";"DEL01-BA";"UOP01-DEL01-BA"
515358;2023-04-07;"sexta-feira";"09:30:00";"BA";116;483;"RAFAEL JAMBEIRO";"Falta de elemento de contenção que evite a saída do leito carroçável";"Tombamento";"Com Vítimas Feridas";"Pleno dia";"Decrescente";"Nublado";"Dupla";"Reta";"Não";5;0;4;0;1;0;4;1;-12,5209134;-39,3926248;"SPRF-BA";"DEL02-BA";"UOP01-DEL02-BA"
515359;2023-04-07;"sexta-feira";"05:00:00";"SC";280;10;"SAO FRANCISCO DO SUL";"Ausência de reação do condutor";"Saída de leito carroçável";"Sem Vítimas";"Amanhecer";"Crescente";"Chuva";"Simples";"Reta";"Não";1;0;0;0;0;1;0;1;-26,29625399;-48,64238799;"SPRF-SC";"DEL03-SC";"UOP03-DEL03-SC"
515360;2023-04-07;"sexta-feira";"06:30:00";"GO";60;79,5;"ANAPOLIS";"Velocidade Incompatível";"Saída de leito carroçável";"Com Vítimas Feridas";"Pleno dia";"Decrescente";"Nublado";"Dupla";"Curva";"Não";1;0;1;0;0;0;1;1;-16,302268;-48,816399;"SPRF-GO";"DEL02-GO";"UOP01-DEL02-GO"
515362;2023-04-07;"sexta-feira";"07:15:00";"PR";376;407;"TIBAGI";"Reação tardia ou ineficiente do condutor";"Saída de leito carroçável";"Sem Vítimas";"Pleno dia";"Decrescente";"Chuva";"Dupla";"Declive;Curva";"Não";1;0;0;0;1;0;0;1;-24,602247;-50,664207;"SPRF-PR";"DEL03-PR";"UOP02-DEL03-PR"
515363;2023-04-04;"terça-feira";"14:30:00";"RR";401;1;"BOA VISTA";"Acessar a via sem observar a presença dos outros veículos";"Colisão lateral mesmo sentido";"Sem Vítimas";"Pleno dia";"Decrescente";"Céu Claro";"Múltipla";"Reta";"Não";4;0;0;0;4;0;0;2;2,80180502;-60,68161547;"SPRF-RR";"DEL01-RR";"UOP01-DEL01-RR"
515364;2023-04-07;"sexta-feira";"10:21:00";"ES";101;270,5;"SERRA";"Velocidade Incompatível";"Colisão lateral mesmo sentido";"Com Vítimas Feridas";"Pleno dia";"Decrescente";"Céu Claro";"Dupla";"Reta";"Sim";2;0;0;1;1;0;1;2;-20,22662056;-40,27075088;"SPRF-ES";"DEL02-ES";"UOP01-DEL02-ES"
515365;2023-04-07;"sexta-feira";"09:00:00";"MT";364;261;"JUSCIMEIRA";"Afundamento ou ondulação no pavimento";"Saída de leito carroçável";"Com Vítimas Feridas";"Pleno dia";"Crescente";"Céu Claro";"Dupla";"Reta;Aclive";"Não";3;0;2;1;0;0;3;1;-16,03154272;-54,88752365;"SPRF-MT";"DEL02-MT";"UOP01-DEL02-MT"
515366;2023-04-07;"sexta-feira";"08:55:00";"MG";381;660,4;"SANTO ANTONIO DO AMPARO";"Ausência de reação do condutor";"Colisão com objeto";"Com Vítimas Feridas";"Pleno dia";"Crescente";"Nublado";"Dupla";"Declive;Curva";"Não";3;0;2;0;1;0;2;1;-21,010853;-44,983773;"SPRF-MG";"DEL04-MG";"UOP02-DEL04-MG"
515367;2023-04-07;"sexta-feira";"10:15:00";"MG";40;463;"SETE LAGOAS";"Reação tardia ou ineficiente do condutor";"Colisão traseira";"Sem Vítimas";"Pleno dia";"Decrescente";"Céu Claro";"Dupla";"Reta;Aclive";"Não";9;0;0;0;9;0;0;2;-19,42224803;-44,33870213;"SPRF-MG";"DEL02-MG";"UOP01-DEL02-MG"
515368;2023-04-07;"sexta-feira";"08:35:00";"PR";376;338,9;"ORTIGUEIRA";"Avarias e/ou desgaste excessivo no pneu";"Colisão frontal";"Com Vítimas Feridas";"Pleno dia";"Crescente";"Chuva";"Simples";"Curva";"Não";7;0;4;2;1;0;6;2;-24,138798;-51,005957;"SPRF-PR";"DEL07-PR";"UOP02-DEL07-PR"
515369;2023-04-07;"sexta-feira";"09:15:00";"SP";116;143;"SAO JOSE DOS CAMPOS";"Condutor deixou de manter distância do veículo da frente";"Colisão traseira";"Com Vítimas Feridas";"Pleno dia";"Crescente";"Chuva";"Dupla";"Reta";"Não";10;0;3;0;7;0;3;7;-23,17849879;-45,83787411;"SPRF-SP";"DEL02-SP";"UOP01-DEL02-SP"
515370;2023-04-07;"sexta-feira";"10:35:00";"PA";316;65;"CASTANHAL";"Condutor desrespeitou a iluminação vermelha do semáforo";"Colisão transversal";"Com Vítimas Feridas";"Pleno dia";"Decrescente";"Céu Claro";"Dupla";"Interseção de Vias;Reta";"Sim";2;0;1;0;1;0;1;2;-1,29580361;-47,91084002;"SPRF-PA";"DEL01-PA";"UOP01-DEL01-PA"
515372;2023-04-07;"sexta-feira";"08:30:00";"SP";116;110;"TAUBATE";"Ingestão de álcool pelo condutor";"Colisão lateral mesmo sentido";"Com Vítimas Feridas";"Pleno dia";"Crescente";"Sol";"Dupla";"Reta;Declive";"Sim";3;0;2;0;0;1;2;2;-23,03412614;-45,5526999;"SPRF-SP";"DEL02-SP";"UOP02-DEL02-SP"
515374;2023-04-07;"sexta-feira";"09:00:00";"PR";116;7;"CAMPINA GRANDE DO SUL";"Velocidade Incompatível";"Saída de leito carroçável";"Com Vítimas Feridas";"Pleno dia";"Crescente";"Garoa/Chuvisco";"Dupla";"Curva";"Sim";2;0;1;1;0;0;2;1;-25,08235366;-48,61499799;"SPRF-PR";"DEL01-PR";"UOP02-DEL01-PR"
515376;2023-04-07;"sexta-feira";"10:40:00";"SC";282;0,3;"FLORIANOPOLIS";"Velocidade Incompatível";"Saída de leito carroçável";"Com Vítimas Feridas";"Pleno dia";"Crescente";"Chuva";"Dupla";"Curva";"Sim";4;0;4;0;0;0;4;1;-27,59845;-48,571995;"SPRF-SC";"DEL01-SC";"UOP01-DEL01-SC"
515377;2023-04-07;"sexta-feira";"11:10:00";"SC";101;213;"PALHOCA";"Desrespeitar a preferência no cruzamento";"Colisão transversal";"Com Vítimas Feridas";"Pleno dia";"Decrescente";"Chuva";"Múltipla";"Interseção de Vias";"Sim";2;0;0;1;1;0;1;2;-27,63697369;-48,66514142;"SPRF-SC";"DEL01-SC";"UOP02-DEL01-SC"
515378;2023-04-07;"sexta-feira";"10:17:00";"SP";116;500;"CAJATI";"Reação tardia ou ineficiente do condutor";"Saída de leito carroçável";"Com Vítimas Feridas";"Pleno dia";"Crescente";"Chuva";"Dupla";"Curva";"Não";3;0;1;0;2;0;1;1;-24,78162109;-48,18342711;"SPRF-SP";"DEL05-SP";"UOP02-DEL05-SP"
515379;2023-04-07;"sexta-feira";"11:00:00";"RS";116;300;"GUAIBA";"Reação tardia ou ineficiente do condutor";"Colisão traseira";"Sem Vítimas";"Pleno dia";"Crescente";"Céu Claro";"Dupla";"Reta;Declive";"Sim";2;0;0;0;2;0;0;2;-30,12368942;-51,34922543;"SPRF-RS";"DEL02-RS";"UOP01-DEL02-RS"
515380;2023-04-07;"sexta-feira";"09:23:00";"MT";163;841;"SINOP";"Conversão proibida";"Colisão traseira";"Com Vítimas Feridas";"Pleno dia";"Crescente";"Céu Claro";"Simples";"Reta";"Não";2;0;1;0;1;0;1;2;-11,809322;-55,481735;"SPRF-MT";"DEL06-MT";"UOP02-DEL06-MT"
515382;2023-04-07;"sexta-feira";"11:20:00";"SP";101;44,6;"UBATUBA";"Condutor deixou de manter distância do veículo da frente";"Colisão traseira";"Com Vítimas Feridas";"Pleno dia";"Crescente";"Garoa/Chuvisco";"Simples";"Reta";"Sim";2;0;1;0;1;0;1;2;-23,41146869;-45,06665826;"SPRF-SP";"DEL06-SP";"UOP01-DEL06-SP"
515384;2023-04-07;"sexta-feira";"10:00:00";"SC";470;122,9;"IBIRAMA";"Acumulo de água sobre o pavimento";"Colisão frontal";"Com Vítimas Feridas";"Pleno dia";"Decrescente";"Chuva";"Simples";"Curva;Aclive";"Não";3;0;2;0;1;0;2;2;-27,106783;-49,522049;"SPRF-SC";"DEL04-SC";"UOP02-DEL04-SC"
515385;2023-04-07;"sexta-feira";"11:30:00";"SC";101;193;"BIGUACU";"Ausência de reação do condutor";"Saída de leito carroçável";"Com Vítimas Feridas";"Pleno dia";"Decrescente";"Garoa/Chuvisco";"Simples";"Curva";"Sim";3;0;1;0;2;0;1;1;-27,489574;-48,655914;"SPRF-SC";"DEL01-SC";"UOP01-DEL01-SC"
515386;2023-04-07;"sexta-feira";"11:40:00";"MG";365;656;"UBERLANDIA";"Ingestão de álcool pelo condutor";"Saída de leito carroçável";"Com Vítimas Feridas";"Pleno dia";"Crescente";"Sol";"Dupla";"Reta";"Não";2;0;2;0;0;0;2;1;-18,88179209;-48,6075449;"SPRF-MG";"DEL15-MG";"UOP01-DEL15-MG"
515388;2023-04-07;"sexta-feira";"11:25:00";"RS";116;39;"VACARIA";"Reação tardia ou ineficiente do condutor";"Colisão transversal";"Com Vítimas Feridas";"Pleno dia";"Crescente";"Garoa/Chuvisco";"Simples";"Interseção de Vias;Reta";"Sim";7;0;1;0;5;1;1;3;-28,51445236;-50,93479514;"SPRF-RS";"DEL05-RS";"UOP03-DEL05-RS"
515389;2023-04-07;"sexta-feira";"11:40:00";"PE";101;67,3;"RECIFE";"Condutor deixou de manter distância do veículo da frente";"Engavetamento";"Com Vítimas Feridas";"Pleno dia";"Crescente";"Céu Claro";"Múltipla";"Reta";"Sim";5;0;3;0;2;0;3;5;-8,045518;-34,944549;"SPRF-PE";"DEL01-PE";"UOP01-DEL01-PE"
515390;2023-04-07;"sexta-feira";"12:05:00";"SC";470;54;"BLUMENAU";"Acessar a via sem observar a presença dos outros veículos";"Colisão transversal";"Com Vítimas Feridas";"Pleno dia";"Decrescente";"Chuva";"Simples";"Interseção de Vias";"Sim";2;0;1;0;1;0;1;2;-26,871065;-49,110374;"SPRF-SC";"DEL04-SC";"UOP01-DEL04-SC"
515391;2023-04-07;"sexta-feira";"12:05:00";"PR";116;17;"CAMPINA GRANDE DO SUL";"Ausência de reação do condutor";"Capotamento";"Com Vítimas Feridas";"Pleno dia";"Decrescente";"Garoa/Chuvisco";"Dupla";"Declive;Curva";"Não";2;0;1;0;1;0;1;1;-25,10305915;-48,70103892;"SPRF-PR";"DEL01-PR";"UOP02-DEL01-PR"
515392;2023-04-07;"sexta-feira";"12:00:00";"AL";104;61;"MURICI";"Condutor deixou de manter distância do veículo da frente";"Colisão traseira";"Sem Vítimas";"Pleno dia";"Crescente";"Céu Claro";"Simples";"Reta";"Sim";2;0;0;0;2;0;0;2;-9,3200147;-35,92742365;"SPRF-AL";"DEL01-AL";"UOP02-DEL01-AL"
515393;2023-04-07;"sexta-feira";"13:00:00";"SC";101;142;"ITAPEMA";"Chuva";"Colisão com objeto";"Com Vítimas Feridas";"Pleno dia";"Crescente";"Chuva";"Múltipla";"Reta";"Não";3;0;2;0;1;0;2;2;-27,056089;-48,599449;"SPRF-SC";"DEL04-SC";"UOP03-DEL04-SC"
515394;2023-04-07;"sexta-feira";"13:05:00";"SC";101;190,9;"BIGUACU";"Velocidade Incompatível";"Colisão com objeto";"Com Vítimas Feridas";"Pleno dia";"Decrescente";"Chuva";"Dupla";"Curva";"Sim";3;0;3;0;0;0;3;1;-27,468056;-48,641712;"SPRF-SC";"DEL01-SC";"UOP01-DEL01-SC"
515395;2023-04-07;"sexta-feira";"12:50:00";"MG";40;471;"SETE LAGOAS";"Ingestão de álcool pelo condutor";"Saída de leito carroçável";"Com Vítimas Feridas";"Pleno dia";"Crescente";"Chuva";"Simples";"Declive;Rotatória;Retorno Regulamentado";"Não";2;0;0;1;1;0;1;2;-19,47543632;-44,29066576;"SPRF-MG";"DEL02-MG";"UOP01-DEL02-MG"
515397;2023-04-07;"sexta-feira";"12:50:00";"MG";381;315;"NOVA ERA";"Velocidade Incompatível";"Saída de leito carroçável";"Com Vítimas Feridas";"Pleno dia";"Decrescente";"Céu Claro";"Simples";"Declive;Curva";"Não";3;0;1;2;0;0;3;1;-19,69154909;-42,99258988;"SPRF-MG";"DEL03-MG";"UOP02-DEL03-MG"
515401;2023-04-07;"sexta-feira";"11:30:00";"MG";381;756;"TRES CORACOES";"Chuva";"Saída de leito carroçável";"Com Vítimas Feridas";"Pleno dia";"Crescente";"Chuva";"Dupla";"Curva;Interseção de Vias";"Não";2;0;1;0;1;0;1;1;-21,67324206;-45,33731461;"SPRF-MG";"DEL16-MG";"UOP02-DEL16-MG"
515402;2023-04-07;"sexta-feira";"13:50:00";"SP";101;52;"UBATUBA";"Retorno proibido";"Colisão transversal";"Com Vítimas Feridas";"Pleno dia";"Crescente";"Chuva";"Simples";"Reta";"Não";3;0;1;0;2;0;1;2;-23,4639943;-45,06330013;"SPRF-SP";"DEL06-SP";"UOP01-DEL06-SP"
515404;2023-04-07;"sexta-feira";"12:50:00";"PR";153;490;"GENERAL CARNEIRO";"Acesso irregular";"Colisão lateral mesmo sentido";"Com Vítimas Feridas";"Pleno dia";"Crescente";"Nublado";"Simples";"Interseção de Vias";"Sim";2;0;1;0;1;0;1;2;-26,42203347;-51,30304098;"SPRF-PR";"DEL02-PR";"UOP03-DEL02-PR"
515405;2023-04-07;"sexta-feira";"12:50:00";"GO";60;54;"ABADIANIA";"Avarias e/ou desgaste excessivo no pneu";"Saída de leito carroçável";"Sem Vítimas";"Pleno dia";"Decrescente";"Chuva";"Dupla";"Curva";"Não";2;0;0;0;2;0;0;1;-16,1817;-48,6533;"SPRF-GO";"DEL02-GO";"UOP01-DEL02-GO"
515407;2023-04-07;"sexta-feira";"14:25:00";"RN";405;152;"PAU DOS FERROS";"Reação tardia ou ineficiente do condutor";"Colisão lateral mesmo sentido";"Com Vítimas Feridas";"Pleno dia";"Decrescente";"Céu Claro";"Simples";"Reta";"Sim";2;0;1;1;0;0;2;2;-6,12389317;-38,20650897;"SPRF-RN";"DEL04-RN";"UOP02-DEL04-RN"
515408;2023-04-07;"sexta-feira";"14:30:00";"SC";282;6;"SAO JOSE";"Pista Escorregadia";"Colisão transversal";"Com Vítimas Feridas";"Pleno dia";"Crescente";"Chuva";"Dupla";"Curva";"Sim";2;0;1;0;1;0;1;2;-27,591936;-48,618244;"SPRF-SC";"DEL01-SC";"UOP01-DEL01-SC"
515409;2023-04-07;"sexta-feira";"12:00:00";"MG";262;594,7;"CAMPOS ALTOS";"Pista Escorregadia";"Saída de leito carroçável";"Com Vítimas Feridas";"Pleno dia";"Crescente";"Chuva";"Simples";"Aclive;Reta";"Não";2;0;2;0;0;0;2;1;-19,66568189;-46,16901785;"SPRF-MG";"DEL08-MG";"UOP02-DEL08-MG"
515410;2023-04-07;"sexta-feira";"13:30:00";"PR";158;512,8;"PATO BRANCO";"Mal súbito do condutor";"Colisão com objeto";"Com Vítimas Feridas";"Pleno dia";"Decrescente";"Sol";"Simples";"Ponte;Reta";"Não";2;0;0;1;0;1;1;2;-26,06016304;-52,63127625;"SPRF-PR";"DEL02-PR";"UOP01-DEL02-PR"
515411;2023-03-27;"segunda-feira";"07:20:00";"BA";324;516;"FEIRA DE SANTANA";"Acessar a via sem observar a presença dos outros veículos";"Colisão transversal";"Com Vítimas Feridas";"Pleno dia";"Crescente";"Nublado";"Simples";"Reta";"Sim";2;0;1;0;1;0;1;2;-12,2417119;-38,93768485;"SPRF-BA";"DEL02-BA";"UOP01-DEL02-BA"
515412;2023-04-07;"sexta-feira";"14:50:00";"ES";447;12;"VILA VELHA";"Reação tardia ou ineficiente do condutor";"Tombamento";"Com Vítimas Feridas";"Pleno dia";"Crescente";"Céu Claro";"Dupla";"Reta";"Sim";1;0;1;0;0;0;1;1;-20,35784325;-40,3328294;"SPRF-ES";"DEL01-ES";"UOP01-DEL01-ES"
515413;2023-04-07;"sexta-feira";"14:40:00";"SC";101;147,9;"ITAPEMA";"Ingestão de álcool e/ou substâncias psicoativas pelo pedestre";"Colisão traseira";"Com Vítimas Feridas";"Pleno dia";"Decrescente";"Garoa/Chuvisco";"Múltipla";"Reta";"Sim";2;0;1;0;1;0;1;2;-27,09237407;-48,61730888;"SPRF-SC";"DEL04-SC";"UOP03-DEL04-SC"
515414;2023-04-07;"sexta-feira";"12:40:00";"MG";381;708,3;"NEPOMUCENO";"Velocidade Incompatível";"Colisão transversal";"Com Vítimas Feridas";"Pleno dia";"Decrescente";"Chuva";"Dupla";"Curva";"Não";2;0;0;1;1;0;1;2;-21,370524;-45,188652;"SPRF-MG";"DEL04-MG";"UOP02-DEL04-MG"
515415;2023-04-07;"sexta-feira";"12:10:00";"SC";282;53,9;"AGUAS MORNAS";"Velocidade Incompatível";"Colisão transversal";"Com Vítimas Feridas";"Pleno dia";"Crescente";"Chuva";"Simples";"Declive;Curva";"Não";3;0;3;0;0;0;3;2;-27,691511;-48,970215;"SPRF-SC";"DEL01-SC";"UOP03-DEL01-SC"
515416;2023-04-07;"sexta-feira";"10:00:00";"SC";280;88;"CORUPA";"Condutor Dormindo";"Colisão transversal";"Com Vítimas Feridas";"Pleno dia";"Decrescente";"Céu Claro";"Simples";"Curva";"Não";3;0;2;1;0;0;3;2;-26,41552007;-49,26717599;"SPRF-SC";"DEL06-SC";"UOP03-DEL06-SC"
515417;2023-04-07;"sexta-feira";"11:50:00";"SC";101;384,4;"ICARA";"Condutor Dormindo";"Colisão traseira";"Com Vítimas Feridas";"Pleno dia";"Decrescente";"Chuva";"Múltipla";"Reta";"Não";2;0;0;1;1;0;1;2;-28,7786564;-49,32366729;"SPRF-SC";"DEL02-SC";"UOP02-DEL02-SC"
515418;2023-04-07;"sexta-feira";"14:30:00";"MG";381;510,9;"SAO JOAQUIM DE BICAS";"Ausência de reação do condutor";"Colisão traseira";"Com Vítimas Feridas";"Pleno dia";"Crescente";"Nublado";"Simples";"Declive;Reta";"Sim";3;0;1;0;2;0;1;2;-20,05871;-44,28982;"SPRF-MG";"DEL04-MG";"UOP03-DEL04-MG"
515419;2023-04-07;"sexta-feira";"13:10:00";"SC";101;415;"ARARANGUA";"Ausência de reação do condutor";"Colisão traseira";"Com Vítimas Feridas";"Pleno dia";"Decrescente";"Garoa/Chuvisco";"Simples";"Reta";"Sim";2;0;1;0;1;0;1;2;-28,96040535;-49,51653267;"SPRF-SC";"DEL02-SC";"UOP02-DEL02-SC"
515420;2023-04-07;"sexta-feira";"14:00:00";"PR";277;97;"CURITIBA";"Pedestre cruzava a pista fora da faixa";"Atropelamento de Pedestre";"Com Vítimas Feridas";"Pleno dia";"Crescente";"Nublado";"Simples";"Reta";"Sim";2;0;0;1;1;0;1;2;-25,54577186;-49,29537197;"SPRF-PR";"DEL01-PR";"UOP06-DEL01-PR"
515422;2023-04-07;"sexta-feira";"14:20:00";"MS";262;383;"TERENOS";"Conversão proibida";"Colisão transversal";"Com Vítimas Feridas";"Pleno dia";"Decrescente";"Céu Claro";"Simples";"Reta;Declive";"Sim";2;0;0;1;1;0;1;2;-20,43588574;-54,86291293;"SPRF-MS";"DEL01-MS";"UOP03-DEL01-MS"
515423;2023-04-07;"sexta-feira";"11:45:00";"BA";101;166;"CONCEICAO DO JACUIPE";"Condutor deixou de manter distância do veículo da frente";"Colisão traseira";"Sem Vítimas";"Pleno dia";"Crescente";"Chuva";"Simples";"Reta";"Não";2;0;0;0;2;0;0;2;-12,36180133;-38,83117676;"SPRF-BA";"DEL01-BA";"UOP03-DEL01-BA"
515424;2023-04-07;"sexta-feira";"15:40:00";"ES";262;41,5;"DOMINGOS MARTINS";"Acessar a via sem observar a presença dos outros veículos";"Colisão transversal";"Sem Vítimas";"Pleno dia";"Crescente";"Nublado";"Simples";"Aclive;Reta";"Não";2;0;0;0;2;0;0;2;-20,38521335;-40,64485887;"SPRF-ES";"DEL01-ES";"UOP01-DEL01-ES"
515425;2023-04-07;"sexta-feira";"15:30:00";"MG";381;940;"EXTREMA";"Velocidade Incompatível";"Saída de leito carroçável";"Sem Vítimas";"Pleno dia";"Decrescente";"Chuva";"Dupla";"Curva";"Não";2;0;0;0;2;0;0;1;-22,85421396;-46,33740277;"SPRF-MG";"DEL16-MG";"UOP03-DEL16-MG"
515426;2023-04-07;"sexta-feira";"15:00:00";"SP";381;60,2;"MAIRIPORA";"Reação tardia ou ineficiente do condutor";"Tombamento";"Com Vítimas Feridas";"Pleno dia";"Decrescente";"Chuva";"Dupla";"Aclive;Curva";"Não";1;0;1;0;0;0;1;1;-23,29106;-46,58574;"SPRF-SP";"DEL03-SP";"UOP01-DEL03-SP"
515427;2023-04-07;"sexta-feira";"14:10:00";"RJ";493;0;"ITABORAI";"Conversão proibida";"Colisão transversal";"Com Vítimas Feridas";"Pleno dia";"Decrescente";"Céu Claro";"Simples";"Reta";"Sim";2;0;1;0;1;0;1;2;-22,77062;-42,92223;"SPRF-RJ";"DEL02-RJ";"UOP02-DEL02-RJ"