"id";"data_inversa";"dia_semana";"horario";"uf";"br";"km";"municipio";"causa_acidente";"tipo_acidente";"classificacao_acidente";"fase_dia";"sentido_via";"condicao_metereologica";"tipo_pista";"tracado_via";"uso_solo";"pessoas";"mortos";"feridos_leves";"feridos_graves";"ilesos";"ignorados";"feridos";"veiculos";"latitude";"longitude";"regional";"delegacia";"uop"
515724;2023-04-09;"domingo";"05:30:00";"GO";153;30;"PORANGATU";"Ausência de reação do condutor";"Saída de leito carroçável";"Com Vítimas Fatais";"Plena Noite";"Crescente";"Nevoeiro/Neblina";"Simples";"Reta";"Não";4;1;0;1;2;0;1;1;-13,086911;-49,192348;"SPRF-GO";"DEL07-GO";"UOP01-DEL07-GO"
515725;2023-04-08;"sábado";"19:20:00";"BA";324;515,9;"FEIRA DE SANTANA";"Manobra de mudança de faixa";"Colisão transversal";"Com Vítimas Feridas";"Plena Noite";"Decrescente";"Céu Claro";"Simples";"Reta";"Sim";4;0;2;0;2;0;2;2;-12,23547809;-38,94396807;"SPRF-BA";"DEL02-BA";"UOP01-DEL02-BA"
515728;2023-04-09;"domingo";"06:50:00";"PR";116;5;"QUATRO BARRAS";"Velocidade Incompatível";"Queda de ocupante de veículo";"Com Vítimas Feridas";"Amanhecer";"Decrescente";"Céu Claro";"Dupla";"Reta;Aclive";"Sim";1;0;1;0;0;0;1;1;-25,3653;-49,0906;"SPRF-PR";"DEL01-PR";"UOP02-DEL01-PR"
515729;2023-04-09;"domingo";"04:30:00";"SC";101;402,8;"MARACAJA";"Ausência de reação do condutor";"Colisão traseira";"Com Vítimas Feridas";"Plena Noite";"Crescente";"Céu Claro";"Dupla";"Reta";"Não";11;0;1;1;9;0;2;4;-28,86330994;-49,44595308;"SPRF-SC";"DEL02-SC";"UOP02-DEL02-SC"
515731;2023-04-09;"domingo";"06:30:00";"SP";116;224;"GUARULHOS";"Reação tardia ou ineficiente do condutor";"Colisão com objeto";"Sem Vítimas";"Pleno dia";"Decrescente";"Céu Claro";"Múltipla";"Reta";"Não";1;0;0;0;0;1;0;1;-23,48071896;-46,53271603;"SPRF-SP";"DEL01-SP";"UOP01-DEL01-SP"
515732;2023-04-09;"domingo";"06:30:00";"MA";135;3,9;"SAO LUIS";"Ausência de reação do condutor";"Colisão traseira";"Com Vítimas Feridas";"Amanhecer";"Crescente";"Céu Claro";"Dupla";"Reta";"Não";2;0;1;0;1;0;1;2;-2,606802;-44,247512;"SPRF-MA";"DEL01-MA";"UOP01-DEL01-MA"
515733;2023-04-09;"domingo";"06:50:00";"MG";381;907,2;"CAMBUI";"Velocidade Incompatível";"Saída de leito carroçável";"Com Vítimas Feridas";"Pleno dia";"Decrescente";"Chuva";"Dupla";"Reta";"Não";2;0;1;0;1;0;1;1;-22,71022398;-46,12178305;"SPRF-MG";"DEL16-MG";"UOP03-DEL16-MG"
515734;2023-04-09;"domingo";"07:30:00";"SC";101;41,7;"JOINVILLE";"Ausência de reação do condutor";"Capotamento";"Com Vítimas Feridas";"Pleno dia";"Crescente";"Garoa/Chuvisco";"Dupla";"Curva";"Sim";2;0;2;0;0;0;2;1;-26,28215489;-48,88973081;"SPRF-SC";"DEL03-SC";"UOP01-DEL03-SC"
515735;2023-04-09;"domingo";"05:30:00";"MG";50;55;"UBERLANDIA";"Ingestão de álcool pelo condutor";"Saída de leito carroçável";"Sem Vítimas";"Amanhecer";"Decrescente";"Céu Claro";"Dupla";"Declive;Reta";"Não";1;0;0;0;1;0;0;1;-18,77931252;-48,23877811;"SPRF-MG";"DEL15-MG";"UOP02-DEL15-MG"
515736;2023-04-09;"domingo";"06:10:00";"MT";163;733;"SORRISO";"Ingestão de álcool pelo condutor";"Colisão com objeto";"Com Vítimas Feridas";"Amanhecer";"Crescente";"Nevoeiro/Neblina";"Simples";"Reta";"Não";3;0;1;0;2;0;1;1;-12,69199661;-55,80553651;"SPRF-MT";"DEL06-MT";"UOP01-DEL06-MT"
515737;2023-04-08;"sábado";"23:35:00";"RO";364;384,9;"OURO PRETO DO OESTE";"Acesso irregular";"Colisão lateral sentido oposto";"Com Vítimas Feridas";"Plena Noite";"Decrescente";"Garoa/Chuvisco";"Simples";"Interseção de Vias;Reta";"Sim";6;0;1;0;4;1;1;3;-10,708653;-62,256318;"SPRF-RO";"DEL02-RO";"UOP01-DEL02-RO"
515738;2023-04-09;"domingo";"07:20:00";"RJ";101;75;"CAMPOS DOS GOYTACAZES";"Reação tardia ou ineficiente do condutor";"Colisão com objeto";"Com Vítimas Feridas";"Pleno dia";"Decrescente";"Nublado";"Simples";"Curva";"Não";1;0;1;0;0;0;1;1;-21,81995;-41,397764;"SPRF-RJ";"DEL08-RJ";"UOP02-DEL08-RJ"
515739;2023-04-09;"domingo";"07:00:00";"CE";222;215,9;"SOBRAL";"Reação tardia ou ineficiente do condutor";"Colisão frontal";"Com Vítimas Feridas";"Pleno dia";"Crescente";"Céu Claro";"Simples";"Curva";"Não";2;0;1;1;0;0;2;2;-3,76728996;-40,28895097;"SPRF-CE";"DEL04-CE";"UOP01-DEL04-CE"
515740;2023-04-09;"domingo";"07:35:00";"RS";285;323;"PASSO FUNDO";"Transitar na contramão";"Colisão frontal";"Com Vítimas Fatais";"Pleno dia";"Crescente";"Céu Claro";"Simples";"Curva";"Não";5;1;0;4;0;0;4;2;-28,272329;-52,649574;"SPRF-RS";"DEL08-RS";"UOP03-DEL08-RS"
515741;2023-04-09;"domingo";"06:40:00";"GO";40;10;"LUZIANIA";"Ingestão de álcool pelo condutor";"Colisão transversal";"Com Vítimas Feridas";"Pleno dia";"Decrescente";"Céu Claro";"Dupla";"Reta";"Sim";4;0;4;0;0;0;4;2;-16,131285;-47,957923;"SPRF-DF";"DEL01-DF";"UOP01-DEL01-DF"
515742;2023-04-09;"domingo";"06:00:00";"SC";282;447;"IRANI";"Ausência de reação do condutor";"Colisão com objeto";"Sem Vítimas";"Plena Noite";"Decrescente";"Céu Claro";"Simples";"Curva";"Não";1;0;0;0;1;0;0;1;-26,916658;-51,923176;"SPRF-SC";"DEL07-SC";"UOP04-DEL07-SC"
515743;2023-04-09;"domingo";"07:40:00";"SC";101;49;"JOINVILLE";"Acessar a via sem observar a presença dos outros veículos";"Colisão lateral mesmo sentido";"Com Vítimas Feridas";"Pleno dia";"Decrescente";"Céu Claro";"Dupla";"Curva";"Não";2;0;1;0;1;0;1;1;-26,38500748;-48,84872317;"SPRF-SC";"DEL03-SC";"UOP01-DEL03-SC"
515744;2023-04-09;"domingo";"07:55:00";"RJ";101;205;"CASIMIRO DE ABREU";"Pista Escorregadia";"Colisão traseira";"Com Vítimas Feridas";"Pleno dia";"Crescente";"Chuva";"Simples";"Reta";"Sim";3;0;2;0;1;0;2;2;-22,475714;-42,19184;"SPRF-RJ";"DEL08-RJ";"UOP04-DEL08-RJ"
515745;2023-04-09;"domingo";"04:50:00";"SC";153;58;"IRANI";"Desrespeitar a preferência no cruzamento";"Colisão transversal";"Com Vítimas Feridas";"Amanhecer";"Crescente";"Céu Claro";"Simples";"Rotatória";"Não";3;0;1;0;2;0;1;2;-26,964373;-51,841362;"SPRF-SC";"DEL07-SC";"UOP07-DEL07-SC"
515746;2023-04-09;"domingo";"07:30:00";"PR";277;689;"SAO MIGUEL DO IGUACU";"Reação tardia ou ineficiente do condutor";"Queda de ocupante de veículo";"Com Vítimas Feridas";"Pleno dia";"Decrescente";"Céu Claro";"Dupla";"Curva;Declive";"Sim";2;0;2;0;0;0;2;1;-25,35059002;-54,24064696;"SPRF-PR";"DEL05-PR";"UOP01-DEL05-PR"
515748;2023-04-09;"domingo";"06:55:00";"PR";116;25;"CAMPINA GRANDE DO SUL";"Reação tardia ou ineficiente do condutor";"Capotamento";"Com Vítimas Feridas";"Pleno dia";"Decrescente";"Nublado";"Dupla";"Curva";"Não";2;0;1;0;1;0;1;1;-25,10784511;-48,77548601;"SPRF-PR";"DEL01-PR";"UOP02-DEL01-PR"
515750;2023-04-09;"domingo";"08:20:00";"MG";381;520,9;"BRUMADINHO";"Curva acentuada";"Capotamento";"Com Vítimas Feridas";"Pleno dia";"Decrescente";"Céu Claro";"Dupla";"Curva";"Não";5;0;2;0;3;0;2;2;-20,13363702;-44,309515;"SPRF-MG";"DEL04-MG";"UOP03-DEL04-MG"
515751;2023-04-09;"domingo";"08:50:00";"RS";285;392;"SANTA BARBARA DO SUL";"Problema na suspensão";"Saída de leito carroçável";"Com Vítimas Feridas";"Pleno dia";"Decrescente";"Céu Claro";"Simples";"Reta";"Não";5;0;2;0;3;0;2;1;-28,38797;-53,273266;"SPRF-RS";"DEL10-RS";"UOP02-DEL10-RS"
515752;2023-04-09;"domingo";"04:00:00";"PR";476;149;"ARAUCARIA";"Ausência de reação do condutor";"Saída de leito carroçável";"Sem Vítimas";"Plena Noite";"Crescente";"Céu Claro";"Dupla";"Reta";"Sim";1;0;0;0;0;1;0;1;-25,557926;-49,358585;"SPRF-PR";"DEL01-PR";"UOP06-DEL01-PR"
515754;2023-04-09;"domingo";"10:15:00";"MG";381;504;"BETIM";"Manobra de mudança de faixa";"Colisão traseira";"Com Vítimas Feridas";"Pleno dia";"Crescente";"Nublado";"Dupla";"Aclive;Curva";"Não";6;0;3;1;2;0;4;3;-20,03266145;-44,23705101;"SPRF-MG";"DEL04-MG";"UOP03-DEL04-MG"
515755;2023-04-09;"domingo";"10:40:00";"SC";101;118;"ITAJAI";"Manobra de mudança de faixa";"Colisão lateral mesmo sentido";"Com Vítimas Feridas";"Pleno dia";"Decrescente";"Céu Claro";"Dupla";"Reta;Ponte";"Não";3;0;0;1;2;0;1;2;-26,895859;-48,71903;"SPRF-SC";"DEL04-SC";"UOP04-DEL04-SC"
515756;2023-04-09;"domingo";"08:30:00";"PR";476;99;"BOCAIUVA DO SUL";"Ausência de reação do condutor";"Colisão frontal";"Com Vítimas Feridas";"Pleno dia";"Crescente";"Céu Claro";"Simples";"Curva";"Não";2;0;2;0;0;0;2;2;-25,245237;-49,132404;"SPRF-PR";"DEL01-PR";"UOP01-DEL01-PR"
515757;2023-04-09;"domingo";"08:50:00";"SP";116;504;"CAJATI";"Reação tardia ou ineficiente do condutor";"Saída de leito carroçável";"Com Vítimas Feridas";"Pleno dia";"Crescente";"Nublado";"Simples";"Curva;Aclive";"Não";2;0;1;0;1;0;1;1;-24,77541893;-48,20947907;"SPRF-SP";"DEL05-SP";"UOP02-DEL05-SP"
515758;2023-04-09;"domingo";"10:30:00";"MG";381;454;"BELO HORIZONTE";"Condutor deixou de manter distância do veículo da frente";"Engavetamento";"Com Vítimas Feridas";"Pleno dia";"Crescente";"Ignorado";"Simples";"Reta";"Sim";6;0;2;0;3;1;2;4;-19,841448;-43,869395;"SPRF-MG";"DEL01-MG";"UOP01-DEL01-MG"
515760;2023-04-09;"domingo";"11:00:00";"PB";230;26,7;"JOAO PESSOA";"Condutor deixou de manter distância do veículo da frente";"Colisão traseira";"Com Vítimas Feridas";"Pleno dia";"Decrescente";"Nublado";"Dupla";"Reta;Aclive";"Sim";2;0;1;0;1;0;1;2;-7,1693;-34,8782;"SPRF-PB";"DEL01-PB";"UOP01-DEL01-PB"
515761;2023-04-09;"domingo";"10:50:00";"RS";116;234;"NOVO HAMBURGO";"Condutor deixou de manter distância do veículo da frente";"Colisão traseira";"Com Vítimas Feridas";"Pleno dia";"Decrescente";"Céu Claro";"Simples";"Reta";"Sim";2;0;1;0;1;0;1;2;-29,65121313;-51,1444433;"SPRF-RS";"DEL01-RS";"UOP02-DEL01-RS"
515762;2023-04-09;"domingo";"10:40:00";"SC";101;206,9;"SAO JOSE";"Frear bruscamente";"Engavetamento";"Com Vítimas Feridas";"Pleno dia";"Crescente";"Céu Claro";"Múltipla";"Reta";"Sim";11;0;1;1;9;0;2;10;-27,59193546;-48,61824557;"SPRF-SC";"DEL01-SC";"UOP01-DEL01-SC"
515764;2023-04-09;"domingo";"10:30:00";"SC";470;33;"GASPAR";"Condutor Dormindo";"Colisão traseira";"Com Vítimas Feridas";"Pleno dia";"Decrescente";"Céu Claro";"Simples";"Reta";"Sim";3;0;2;0;1;0;2;2;-26,90782901;-48,94429564;"SPRF-SC";"DEL04-SC";"UOP01-DEL04-SC"
515765;2023-04-09;"domingo";"07:30:00";"MA";316;621;"TIMON";"Condutor Dormindo";"Colisão lateral sentido oposto";"Sem Vítimas";"Pleno dia";"Crescente";"Céu Claro";"Simples";"Reta";"Sim";2;0;0;0;2;0;0;2;-5,128434;-42,821575;"SPRF-MA";"DEL03-MA";"UOP02-DEL03-MA"
515768;2023-04-09;"domingo";"09:58:00";"SC";280;241;"CANOINHAS";"Conversão proibida";"Colisão lateral mesmo sentido";"Com Vítimas Feridas";"Pleno dia";"Crescente";"Nublado";"Simples";"Reta";"Não";3;0;1;0;2;0;1;2;-26,22501599;-50,45997601;"SPRF-SC";"DEL06-SC";"UOP04-DEL06-SC"
515769;2023-04-09;"domingo";"11:00:00";"PE";101;205;"XEXEU";"Acumulo de areia ou detritos sobre o pavimento";"Saída de leito carroçável";"Com Vítimas Feridas";"Pleno dia";"Crescente";"Nublado";"Dupla";"Reta;Aclive";"Não";3;0;1;2;0;0;3;1;-8,813152;-35,63283;"SPRF-PE";"DEL01-PE";"UOP03-DEL01-PE"
515770;2023-04-09;"domingo";"11:30:00";"DF";70;16;"BRASILIA";"Acessar a via sem observar a presença dos outros veículos";"Colisão transversal";"Com Vítimas Feridas";"Pleno dia";"Decrescente";"Céu Claro";"Dupla";"Rotatória";"Não";2;0;1;0;1;0;1;2;-15,79615596;-48,19541216;"SPRF-DF";"DEL03-DF";"UOP02-DEL03-DF"
515771;2023-04-09;"domingo";"11:45:00";"SP";116;26,3;"SILVEIRAS";"Avarias e/ou desgaste excessivo no pneu";"Saída de leito carroçável";"Com Vítimas Feridas";"Pleno dia";"Crescente";"Chuva";"Múltipla";"Curva";"Não";2;0;1;0;1;0;1;1;-22,61419397;-44,90005302;"SPRF-SP";"DEL08-SP";"UOP02-DEL08-SP"
515774;2023-04-09;"domingo";"10:50:00";"RJ";116;222;"PARACAMBI";"Chuva";"Saída de leito carroçável";"Com Vítimas Feridas";"Pleno dia";"Decrescente";"Chuva";"Dupla";"Reta";"Não";4;0;4;0;0;0;4;1;-22,6896952;-43,79175108;"SPRF-RJ";"DEL07-RJ";"UOP01-DEL07-RJ"
515775;2023-04-09;"domingo";"12:00:00";"MG";40;524,5;"CONTAGEM";"Entrada inopinada do pedestre";"Atropelamento de Pedestre";"Com Vítimas Feridas";"Pleno dia";"Crescente";"Nublado";"Dupla";"Reta";"Sim";3;0;0;1;2;0;1;2;-19,8754469;-44,05345586;"SPRF-MG";"DEL01-MG";"UOP02-DEL01-MG"
515777;2023-04-09;"domingo";"12:30:00";"BA";324;621;"SALVADOR";"Acessar a via sem observar a presença dos outros veículos";"Colisão lateral mesmo sentido";"Com Vítimas Feridas";"Pleno dia";"Crescente";"Céu Claro";"Dupla";"Curva";"Sim";2;0;1;0;0;1;1;2;-12,91233708;-38,45956983;"SPRF-BA";"DEL01-BA";"UOP01-DEL01-BA"
515779;2023-04-09;"domingo";"11:15:00";"BA";116;348;"TEOFILANDIA";"Ingestão de álcool pelo condutor";"Colisão frontal";"Com Vítimas Feridas";"Pleno dia";"Decrescente";"Céu Claro";"Simples";"Aclive";"Não";2;0;0;1;1;0;1;2;-11,573424;-38,98784001;"SPRF-BA";"DEL02-BA";"UOP01-DEL02-BA"
515780;2023-04-09;"domingo";"11:00:00";"BA";101;908,5;"IBIRAPUA";"Velocidade Incompatível";"Colisão traseira";"Com Vítimas Feridas";"Pleno dia";"Crescente";"Céu Claro";"Simples";"Reta;Aclive";"Não";3;0;2;0;1;0;2;2;-17,795804;-39,781048;"SPRF-BA";"DEL09-BA";"UOP02-DEL09-BA"
515781;2023-04-09;"domingo";"11:00:00";"RJ";101;541;"PARATY";"Reação tardia ou ineficiente do condutor";"Colisão frontal";"Com Vítimas Feridas";"Pleno dia";"Decrescente";"Chuva";"Simples";"Curva";"Não";4;0;1;0;3;0;1;4;-23,04799632;-44,59099407;"SPRF-RJ";"DEL03-RJ";"UOP04-DEL03-RJ"
515782;2023-04-09;"domingo";"11:13:00";"RJ";101;79;"CAMPOS DOS GOYTACAZES";"Condutor deixou de manter distância do veículo da frente";"Colisão traseira";"Com Vítimas Feridas";"Pleno dia";"Decrescente";"Chuva";"Simples";"Reta";"Sim";6;0;1;0;5;0;1;2;-21,83685554;-41,42866013;"SPRF-RJ";"DEL08-RJ";"UOP02-DEL08-RJ"
515783;2023-04-09;"domingo";"10:40:00";"PR";467;98,9;"CASCAVEL";"Acessar a via sem observar a presença dos outros veículos";"Colisão transversal";"Com Vítimas Feridas";"Pleno dia";"Decrescente";"Sol";"Dupla";"Reta;Aclive";"Não";3;0;0;1;2;0;1;2;-24,8897;-53,5525;"SPRF-PR";"DEL04-PR";"UOP01-DEL04-PR"
515785;2023-04-09;"domingo";"13:00:00";"MG";40;384;"CURVELO";"Pista esburacada";"Tombamento";"Com Vítimas Feridas";"Pleno dia";"Crescente";"Céu Claro";"Simples";"Reta;Declive";"Não";1;0;0;1;0;0;1;1;-18,89727615;-44,69121823;"SPRF-MG";"DEL02-MG";"UOP01-DEL02-MG"
515787;2023-04-09;"domingo";"13:00:00";"SC";470;57;"BLUMENAU";"Ausência de reação do condutor";"Colisão com objeto";"Com Vítimas Feridas";"Pleno dia";"Decrescente";"Nublado";"Simples";"Interseção de Vias";"Não";3;0;3;0;0;0;3;1;-26,880428;-49,136532;"SPRF-SC";"DEL04-SC";"UOP01-DEL04-SC"
515789;2023-04-09;"domingo";"13:10:00";"RJ";101;264;"RIO BONITO";"Pista Escorregadia";"Saída de leito carroçável";"Sem Vítimas";"Pleno dia";"Decrescente";"Chuva";"Dupla";"Curva";"Não";4;0;0;0;4;0;0;1;-22,71818337;-42,63600702;"SPRF-RJ";"DEL02-RJ";"UOP03-DEL02-RJ"
515790;2023-04-09;"domingo";"11:25:00";"PE";232;508;"SALGUEIRO";"Acessar a via sem observar a presença dos outros veículos";"Colisão frontal";"Com Vítimas Feridas";"Pleno dia";"Crescente";"Céu Claro";"Simples";"Reta";"Sim";3;0;2;1;0;0;3;2;-8,06223271;-39,12095006;"SPRF-PE";"DEL05-PE";"UOP01-DEL05-PE"
515792;2023-04-09;"domingo";"13:30:00";"GO";50;187,8;"CAMPO ALEGRE DE GOIAS";"Chuva";"Saída de leito carroçável";"Com Vítimas Feridas";"Pleno dia";"Decrescente";"Chuva";"Dupla";"Reta";"Não";4;0;2;0;2;0;2;1;-17,4668;-47,8114;"SPRF-GO";"DEL06-GO";"UOP01-DEL06-GO"
515794;2023-04-09;"domingo";"13:55:00";"MG";40;769;"JUIZ DE FORA";"Acessar a via sem observar a presença dos outros veículos";"Colisão transversal";"Com Vítimas Feridas";"Pleno dia";"Crescente";"Nublado";"Simples";"Reta";"Não";5;0;1;0;4;0;1;2;-21,58922593;-43,4583538;"SPRF-MG";"DEL05-MG";"UOP01-DEL05-MG"
515797;2023-04-09;"domingo";"07:58:00";"RJ";101;329;"NITEROI";"Ausência de reação do condutor";"Tombamento";"Com Vítimas Feridas";"Pleno dia";"Decrescente";"Chuva";"Dupla";"Reta";"Sim";2;0;2;0;0;0;2;1;-22,86939305;-43,175642;"SPRF-RJ";"DEL02-RJ";"UOP01-DEL02-RJ"
515798;2023-04-09;"domingo";"10:15:00";"RJ";393;285,2;"VOLTA REDONDA";"Acumulo de água sobre o pavimento";"Tombamento";"Sem Vítimas";"Pleno dia";"Crescente";"Nublado";"Simples";"Rotatória";"Sim";2;0;0;0;2;0;0;1;-22,481726;-44,06308602;"SPRF-RJ";"DEL05-RJ";"UOP04-DEL05-RJ"
515800;2023-04-09;"domingo";"14:20:00";"PE";423;38;"CACHOEIRINHA";"Condutor deixou de manter distância do veículo da frente";"Colisão traseira";"Com Vítimas Feridas";"Pleno dia";"Decrescente";"Céu Claro";"Simples";"Reta";"Não";5;0;4;0;1;0;4;2;-8,48361315;-36,22574878;"SPRF-PE";"DEL03-PE";"UOP02-DEL03-PE"
515801;2023-03-13;"segunda-feira";"06:00:00";"PR";277;1,5;"FOZ DO IGUACU";"Velocidade Incompatível";"Colisão traseira";"Com Vítimas Feridas";"Pleno dia";"Decrescente";"Céu Claro";"Dupla";"Reta";"Sim";2;0;0;1;1;0;1;2;-25,5469;-54,5882;"SPRF-PR";"DEL05-PR";"UOP03-DEL05-PR"
515802;2023-04-09;"domingo";"13:40:00";"RJ";40;84;"PETROPOLIS";"Chuva";"Colisão com objeto";"Com Vítimas Feridas";"Pleno dia";"Crescente";"Chuva";"Simples";"Curva;Declive";"Não";2;0;1;0;1;0;1;1;-22,52145512;-43,23707996;"SPRF-RJ";"DEL06-RJ";"UOP01-DEL06-RJ"
515803;2023-03-17;"sexta-feira";"04:20:00";"BA";101;255;"SANTO ANTONIO DE JESUS";"Reação tardia ou ineficiente do condutor";"Colisão traseira";"Com Vítimas Feridas";"Amanhecer";"Decrescente";"Chuva";"Simples";"Reta;Aclive";"Não";3;0;1;0;2;0;1;1;-12,921878;-39,24789;"SPRF-BA";"DEL01-BA";"UOP02-DEL01-BA"
515804;2023-04-09;"domingo";"14:00:00";"PE";101;61;"RECIFE";"Entrada inopinada do pedestre";"Atropelamento de Pedestre";"Sem Vítimas";"Pleno dia";"Crescente";"Céu Claro";"Dupla";"Reta";"Sim";6;0;0;0;5;1;0;2;-7,99097103;-34,93598295;"SPRF-PE";"DEL01-PE";"UOP02-DEL01-PE"
515805;2023-04-09;"domingo";"14:40:00";"PR";376;657;"TIJUCAS DO SUL";"Velocidade Incompatível";"Saída de leito carroçável";"Com Vítimas Feridas";"Pleno dia";"Crescente";"Chuva";"Dupla";"Curva";"Não";3;0;2;0;1;0;2;1;-25,85232468;-49,03032776;"SPRF-PR";"DEL01-PR";"UOP04-DEL01-PR"
515806;2023-04-09;"domingo";"15:15:00";"RS";386;115,6;"SARANDI";"Transitar na contramão";"Colisão frontal";"Com Vítimas Feridas";"Pleno dia";"Decrescente";"Céu Claro";"Simples";"Curva";"Não";4;0;4;0;0;0;4;3;-27,830841;-53,026971;"SPRF-RS";"DEL08-RS";"UOP01-DEL08-RS"
515808;2023-04-09;"domingo";"15:40:00";"SP";101;48,4;"UBATUBA";"Trafegar com motocicleta (ou similar) entre as faixas";"Colisão transversal";"Com Vítimas Feridas";"Pleno dia";"Decrescente";"Chuva";"Simples";"Reta";"Não";2;0;2;0;0;0;2;2;-23,44083034;-45,08696795;"SPRF-SP";"DEL06-SP";"UOP01-DEL06-SP"
515809;2023-04-09;"domingo";"14:30:00";"SP";381;59,6;"MAIRIPORA";"Manobra de mudança de faixa";"Colisão lateral mesmo sentido";"Com Vítimas Feridas";"Pleno dia";"Crescente";"Nublado";"Dupla";"Declive;Curva";"Não";2;0;1;0;1;0;1;2;-23,28270705;-46,58787791;"SPRF-SP";"DEL03-SP";"UOP01-DEL03-SP"
515810;2023-04-09;"domingo";"14:10:00";"MA";10;248,7;"IMPERATRIZ";"Demais falhas na via";"Eventos atípicos";"Com Vítimas Feridas";"Pleno dia";"Decrescente";"Céu Claro";"Dupla";"Reta";"Sim";1;0;0;1;0;0;1;1;-5,566143;-47,449028;"SPRF-MA";"DEL04-MA";"UOP01-DEL04-MA"
515811;2023-04-09;"domingo";"15:30:00";"SC";282;48;"AGUAS MORNAS";"Reação tardia ou ineficiente do condutor";"Colisão lateral sentido oposto";"Com Vítimas Feridas";"Pleno dia";"Decrescente";"Chuva";"Simples";"Aclive;Curva";"Não";4;0;2;0;2;0;2;3;-27,714352;-48,938072;"SPRF-SC";"DEL01-SC";"UOP03-DEL01-SC"
515813;2023-04-09;"domingo";"15:10:00";"RJ";40;25,6;"TRES RIOS";"Acumulo de água sobre o pavimento";"Colisão com objeto";"Com Vítimas Feridas";"Pleno dia";"Crescente";"Chuva";"Dupla";"Curva";"Não";2;0;1;0;1;0;1;1;-22,14680002;-43,15810757;"SPRF-RJ";"DEL05-RJ";"UOP02-DEL05-RJ"
515814;2023-04-09;"domingo";"15:50:00";"PR";153;333;"IRATI";"Reação tardia ou ineficiente do condutor";"Colisão traseira";"Com Vítimas Feridas";"Pleno dia";"Decrescente";"Céu Claro";"Simples";"Interseção de Vias;Reta";"Sim";3;0;0;1;2;0;1;2;-25,49143527;-50,64594918;"SPRF-PR";"DEL08-PR";"UOP02-DEL08-PR"
515815;2023-04-09;"domingo";"13:45:00";"GO";251;28,8;"CRISTALINA";"Acessar a via sem observar a presença dos outros veículos";"Colisão transversal";"Com Vítimas Feridas";"Pleno dia";"Crescente";"Céu Claro";"Simples";"Reta";"Sim";3;0;0;2;1;0;2;3;-16,0820873;-47,52264448;"SPRF-DF";"DEL01-DF";"UOP01-DEL01-DF"
515816;2023-04-09;"domingo";"14:40:00";"MG";116;562,9;"MANHUACU";"Acessar a via sem observar a presença dos outros veículos";"Colisão transversal";"Com Vítimas Feridas";"Pleno dia";"Crescente";"Chuva";"Simples";"Reta";"Não";4;0;2;1;1;0;3;2;-20,04682025;-42,17884094;"SPRF-MG";"DEL06-MG";"UOP03-DEL06-MG"
515819;2023-04-09;"domingo";"16:00:00";"RN";304;270;"IELMO MARINHO";"Transitar na contramão";"Colisão lateral sentido oposto";"Com Vítimas Feridas";"Pleno dia";"Crescente";"Nublado";"Simples";"Declive";"Não";6;0;1;0;5;0;1;2;-5,87162465;-35,57815193;"SPRF-RN";"DEL01-RN";"UOP02-DEL01-RN"
515820;2023-04-09;"domingo";"15:40:00";"RS";470;261,9;"SALVADOR DO SUL";"Demais falhas mecânicas ou elétricas";"Incêndio";"Sem Vítimas";"Pleno dia";"Crescente";"Nublado";"Simples";"Reta";"Não";1;0;0;0;1;0;0;1;-29,46783998;-51,48973889;"SPRF-RS";"DEL06-RS";"UOP01-DEL06-RS"
515823;2023-04-09;"domingo";"16:40:00";"RN";406;145,1;"CEARA-MIRIM";"Manobra de mudança de faixa";"Capotamento";"Com Vítimas Feridas";"Pleno dia";"Decrescente";"Nublado";"Simples";"Reta";"Não";4;0;3;0;1;0;3;1;-5,64601005;-35,47699599;"SPRF-RN";"DEL02-RN";"UOP01-DEL02-RN"
515824;2023-04-09;"domingo";"15:40:00";"RS";290;183;"MINAS DO LEAO";"Acessar a via sem observar a presença dos outros veículos";"Colisão transversal";"Com Vítimas Feridas";"Pleno dia";"Crescente";"Céu Claro";"Simples";"Reta;Retorno Regulamentado;Rotatória";"Sim";4;0;0;1;3;0;1;2;-30,143766;-52,043301;"SPRF-RS";"DEL02-RS";"UOP03-DEL02-RS"
515825;2023-04-09;"domingo";"15:30:00";"PR";116;7;"CAMPINA GRANDE DO SUL";"Velocidade Incompatível";"Colisão com objeto";"Com Vítimas Feridas";"Pleno dia";"Crescente";"Garoa/Chuvisco";"Dupla";"Curva";"Não";2;0;1;0;1;0;1;1;-25,08235366;-48,61499799;"SPRF-PR";"DEL01-PR";"UOP02-DEL01-PR"
515826;2023-04-09;"domingo";"15:45:00";"RS";471;168,7;"RIO PARDO";"Demais falhas mecânicas ou elétricas";"Saída de leito carroçável";"Com Vítimas Feridas";"Pleno dia";"Decrescente";"Céu Claro";"Simples";"Reta";"Não";2;0;2;0;0;0;2;1;-29,971069;-52,370651;"SPRF-RS";"DEL02-RS";"UOP03-DEL02-RS"
515827;2023-04-09;"domingo";"12:00:00";"RS";153;572;"BAGE";"Velocidade Incompatível";"Saída de leito carroçável";"Sem Vítimas";"Pleno dia";"Decrescente";"Céu Claro";"Simples";"Curva";"Não";2;0;0;0;0;2;0;2;-31,00895304;-53,6565548;"SPRF-RS";"DEL11-RS";"UOP03-DEL11-RS"
515828;2023-04-09;"domingo";"16:20:00";"ES";262;58,7;"MARECHAL FLORIANO";"Acessar a via sem observar a presença dos outros veículos";"Colisão transversal";"Com Vítimas Feridas";"Pleno dia";"Decrescente";"Chuva";"Simples";"Curva;Interseção de Vias";"Não";4;0;2;0;2;0;2;2;-20,42076276;-40,76927908;"SPRF-ES";"DEL01-ES";"UOP01-DEL01-ES"