"id";"data_inversa";"dia_semana";"horario";"uf";"br";"km";"municipio";"causa_acidente";"tipo_acidente";"classificacao_acidente";"fase_dia";"sentido_via";"condicao_metereologica";"tipo_pista";"tracado_via";"uso_solo";"pessoas";"mortos";"feridos_leves";"feridos_graves";"ilesos";"ignorados";"feridos";"veiculos";"latitude";"longitude";"regional";"delegacia";"uop"
515926;2023-04-09;"domingo";"22:46:00";"GO";40;30;"LUZIANIA";"Animais na Pista";"Saída de leito carroçável";"Com Vítimas Feridas";"Plena Noite";"Crescente";"Céu Claro";"Dupla";"Reta";"Não";1;0;1;0;0;0;1;1;-16,277312;-47,86291;"SPRF-DF";"DEL01-DF";"UOP01-DEL01-DF"
515927;2023-04-10;"segunda-feira";"00:20:00";"MG";381;362;"SAO GONCALO DO RIO ABAIXO";"Velocidade Incompatível";"Saída de leito carroçável";"Com Vítimas Feridas";"Plena Noite";"Decrescente";"Céu Claro";"Simples";"Curva;Declive";"Não";5;0;5;0;0;0;5;1;-19,851808;-43,218079;"SPRF-MG";"DEL03-MG";"UOP01-DEL03-MG"
515928;2023-04-10;"segunda-feira";"00:32:00";"SP";116;230;"SAO PAULO";"Ingestão de álcool pelo condutor";"Atropelamento de Pedestre";"Com Vítimas Feridas";"Plena Noite";"Decrescente";"Céu Claro";"Dupla";"Reta";"Não";2;0;0;1;1;0;1;2;-23,52251783;-46,5855702;"SPRF-SP";"DEL01-SP";"UOP01-DEL01-SP"
515929;2023-04-10;"segunda-feira";"00:21:00";"CE";20;200,9;"BOA VIAGEM";"Pista esburacada";"Tombamento";"Com Vítimas Feridas";"Plena Noite";"Decrescente";"Nublado";"Simples";"Declive;Reta";"Não";1;0;1;0;0;0;1;1;-5,15204678;-39,74881431;"SPRF-CE";"DEL02-CE";"UOP02-DEL02-CE"
515930;2023-04-10;"segunda-feira";"00:40:00";"SP";116;82,5;"PINDAMONHANGABA";"Ingestão de álcool pelo condutor";"Colisão traseira";"Com Vítimas Feridas";"Plena Noite";"Decrescente";"Céu Claro";"Dupla";"Reta";"Não";3;0;2;0;1;0;2;2;-22,90918532;-45,31883185;"SPRF-SP";"DEL08-SP";"UOP01-DEL08-SP"
515931;2023-04-10;"segunda-feira";"00:40:00";"GO";60;388;"RIO VERDE";"Ingestão de álcool pelo condutor";"Tombamento";"Com Vítimas Feridas";"Plena Noite";"Crescente";"Nublado";"Dupla";"Reta";"Sim";2;0;1;1;0;0;2;1;-17,8151;-50,9343;"SPRF-GO";"DEL04-GO";"UOP02-DEL04-GO"
515933;2023-04-09;"domingo";"23:30:00";"MG";116;502;"INHAPIM";"Reação tardia ou ineficiente do condutor";"Capotamento";"Com Vítimas Feridas";"Plena Noite";"Crescente";"Chuva";"Simples";"Reta";"Não";1;0;1;0;0;0;1;1;-19,577398;-42,115808;"SPRF-MG";"DEL06-MG";"UOP02-DEL06-MG"
515934;2023-04-09;"domingo";"22:50:00";"RS";101;23;"TRES CACHOEIRAS";"Velocidade Incompatível";"Tombamento";"Com Vítimas Feridas";"Plena Noite";"Crescente";"Céu Claro";"Simples";"Reta";"Sim";1;0;1;0;0;0;1;1;-29,44510072;-49,90916133;"SPRF-RS";"DEL03-RS";"UOP02-DEL03-RS"
515937;2023-04-10;"segunda-feira";"01:00:00";"CE";116;17;"FORTALEZA";"Ingestão de álcool pelo condutor";"Saída de leito carroçável";"Com Vítimas Feridas";"Plena Noite";"Crescente";"Garoa/Chuvisco";"Dupla";"Reta";"Sim";1;0;1;0;0;0;1;1;-3,89617918;-38,50336042;"SPRF-CE";"DEL01-CE";"UOP02-DEL01-CE"
515938;2023-04-09;"domingo";"20:00:00";"SP";488;2;"APARECIDA";"Entrada inopinada do pedestre";"Atropelamento de Pedestre";"Com Vítimas Feridas";"Plena Noite";"Crescente";"Nublado";"Dupla";"Reta";"Sim";2;0;1;0;1;0;1;2;-22,849216;-45,236801;"SPRF-SP";"DEL08-SP";"UOP01-DEL08-SP"
515939;2023-04-10;"segunda-feira";"03:20:00";"DF";60;4;"BRASILIA";"Ausência de reação do condutor";"Saída de leito carroçável";"Com Vítimas Feridas";"Plena Noite";"Crescente";"Nublado";"Dupla";"Reta";"Sim";2;0;1;0;0;1;1;2;-15,892721;-48,095741;"SPRF-DF";"DEL03-DF";"UOP01-DEL03-DF"
515940;2023-04-10;"segunda-feira";"03:06:00";"PB";230;27;"JOAO PESSOA";"Velocidade Incompatível";"Saída de leito carroçável";"Sem Vítimas";"Plena Noite";"Crescente";"Chuva";"Dupla";"Curva";"Sim";1;0;0;0;0;1;0;1;-7,16459669;-34,89280831;"SPRF-PB";"DEL01-PB";"UOP01-DEL01-PB"
515941;2023-04-10;"segunda-feira";"03:20:00";"PE";101;68;"RECIFE";"Condutor Dormindo";"Colisão com objeto";"Sem Vítimas";"Plena Noite";"Crescente";"Céu Claro";"Dupla";"Viaduto";"Sim";1;0;0;0;1;0;0;1;-8,051732;-34,946177;"SPRF-PE";"DEL01-PE";"UOP01-DEL01-PE"
515942;2023-04-10;"segunda-feira";"03:50:00";"PE";101;8;"GOIANA";"Condutor deixou de manter distância do veículo da frente";"Colisão traseira";"Com Vítimas Feridas";"Plena Noite";"Crescente";"Céu Claro";"Dupla";"Reta";"Não";1;0;1;0;0;0;1;1;-7,56898134;-34,98959891;"SPRF-PE";"DEL01-PE";"UOP02-DEL01-PE"
515944;2023-04-09;"domingo";"15:00:00";"BA";110;242;"OLINDINA";"Velocidade Incompatível";"Capotamento";"Com Vítimas Feridas";"Pleno dia";"Crescente";"Nublado";"Simples";"Reta";"Sim";1;0;0;1;0;0;1;1;-11,416905;-38,292923;"SPRF-BA";"DEL01-BA";"UOP04-DEL01-BA"
515946;2023-04-10;"segunda-feira";"05:50:00";"SC";280;77;"JARAGUA DO SUL";"Ultrapassagem Indevida";"Colisão frontal";"Com Vítimas Feridas";"Amanhecer";"Crescente";"Garoa/Chuvisco";"Simples";"Reta;Aclive";"Não";4;0;3;0;1;0;3;3;-26,45514314;-49,18726132;"SPRF-SC";"DEL03-SC";"UOP03-DEL03-SC"
515948;2023-04-10;"segunda-feira";"06:00:00";"AL";101;134;"SAO MIGUEL DOS CAMPOS";"Condutor deixou de manter distância do veículo da frente";"Colisão traseira";"Sem Vítimas";"Pleno dia";"Crescente";"Céu Claro";"Simples";"Reta";"Não";2;0;0;0;1;1;0;2;-9,78051903;-36,10610645;"SPRF-AL";"DEL02-AL";"UOP01-DEL02-AL"
515949;2023-04-10;"segunda-feira";"06:10:00";"SC";282;67;"RANCHO QUEIMADO";"Reação tardia ou ineficiente do condutor";"Colisão traseira";"Com Vítimas Feridas";"Amanhecer";"Crescente";"Nublado";"Simples";"Reta";"Não";3;0;1;0;2;0;1;2;-27,695963;-49,0695;"SPRF-SC";"DEL01-SC";"UOP03-DEL01-SC"
515950;2023-04-10;"segunda-feira";"05:30:00";"RS";101;9,3;"TORRES";"Ingestão de álcool pelo condutor";"Colisão lateral mesmo sentido";"Com Vítimas Feridas";"Amanhecer";"Crescente";"Céu Claro";"Dupla";"Reta";"Sim";2;0;1;0;1;0;1;2;-29,36685801;-49,81514399;"SPRF-RS";"DEL03-RS";"UOP02-DEL03-RS"
515952;2023-04-10;"segunda-feira";"06:20:00";"RS";285;480,6;"CORONEL BARROS";"Reação tardia ou ineficiente do condutor";"Queda de ocupante de veículo";"Com Vítimas Feridas";"Pleno dia";"Decrescente";"Céu Claro";"Simples";"Reta;Aclive";"Não";1;0;1;0;0;0;1;1;-28,3715213;-54,10871744;"SPRF-RS";"DEL10-RS";"UOP01-DEL10-RS"
515954;2023-04-10;"segunda-feira";"06:30:00";"SP";116;224;"GUARULHOS";"Trafegar com motocicleta (ou similar) entre as faixas";"Colisão lateral mesmo sentido";"Com Vítimas Feridas";"Pleno dia";"Crescente";"Céu Claro";"Múltipla";"Reta";"Sim";2;0;1;0;1;0;1;2;-23,48071896;-46,53271603;"SPRF-SP";"DEL01-SP";"UOP01-DEL01-SP"
515955;2023-04-09;"domingo";"18:00:00";"RJ";40;122;"DUQUE DE CAXIAS";"Reação tardia ou ineficiente do condutor";"Engavetamento";"Com Vítimas Feridas";"Plena Noite";"Crescente";"Chuva";"Múltipla";"Reta";"Sim";3;0;1;0;1;1;1;3;-22,79083113;-43,28611569;"SPRF-RJ";"DEL01-RJ";"UOP01-DEL01-RJ"
515956;2023-04-10;"segunda-feira";"06:45:00";"PE";428;186;"PETROLINA";"Manobra de mudança de faixa";"Colisão transversal";"Com Vítimas Feridas";"Pleno dia";"Crescente";"Céu Claro";"Dupla";"Reta";"Sim";2;0;1;0;1;0;1;2;-9,34807826;-40,47441248;"SPRF-PE";"DEL06-PE";"UOP01-DEL06-PE"
515957;2023-04-10;"segunda-feira";"07:00:00";"CE";116;17;"ITAITINGA";"Reação tardia ou ineficiente do condutor";"Colisão traseira";"Com Vítimas Feridas";"Pleno dia";"Decrescente";"Chuva";"Múltipla";"Reta";"Sim";3;0;2;0;1;0;2;2;-3,89617918;-38,50336042;"SPRF-CE";"DEL01-CE";"UOP02-DEL01-CE"
515958;2023-04-10;"segunda-feira";"06:00:00";"RJ";465;22;"NOVA IGUACU";"Reação tardia ou ineficiente do condutor";"Saída de leito carroçável";"Com Vítimas Feridas";"Pleno dia";"Decrescente";"Céu Claro";"Simples";"Curva";"Sim";1;0;0;1;0;0;1;1;-22,863579;-43,601479;"SPRF-RJ";"DEL03-RJ";"UOP01-DEL03-RJ"
515960;2023-04-10;"segunda-feira";"05:45:00";"GO";70;9,6;"AGUAS LINDAS DE GOIAS";"Chuva";"Colisão lateral mesmo sentido";"Com Vítimas Feridas";"Amanhecer";"Crescente";"Chuva";"Dupla";"Curva";"Sim";2;0;1;0;1;0;1;2;-15,73576731;-48,28288046;"SPRF-DF";"DEL03-DF";"UOP02-DEL03-DF"
515961;2023-04-10;"segunda-feira";"07:00:00";"SP";153;59,4;"SAO JOSE DO RIO PRETO";"Ausência de reação do condutor";"Tombamento";"Com Vítimas Feridas";"Pleno dia";"Crescente";"Céu Claro";"Dupla";"Reta;Aclive";"Sim";3;0;1;0;2;0;1;2;-20,78733103;-49,35399276;"SPRF-SP";"DEL09-SP";"UOP01-DEL09-SP"
515962;2023-04-09;"domingo";"15:30:00";"PA";155;309;"MARABA";"Ausência de reação do condutor";"Colisão frontal";"Com Vítimas Feridas";"Pleno dia";"Decrescente";"Céu Claro";"Simples";"Reta;Declive";"Não";5;0;0;2;3;0;2;2;-5,66053897;-49,11162717;"SPRF-PA";"DEL03-PA";"UOP01-DEL03-PA"
515964;2023-04-10;"segunda-feira";"06:45:00";"BA";324;622;"SALVADOR";"Condutor deixou de manter distância do veículo da frente";"Colisão traseira";"Com Vítimas Feridas";"Pleno dia";"Crescente";"Céu Claro";"Múltipla";"Reta";"Não";3;0;1;0;2;0;1;2;-12,91888605;-38,46502095;"SPRF-BA";"DEL01-BA";"UOP01-DEL01-BA"
515965;2023-04-10;"segunda-feira";"07:30:00";"BA";116;419,5;"FEIRA DE SANTANA";"Condutor deixou de manter distância do veículo da frente";"Colisão traseira";"Com Vítimas Feridas";"Pleno dia";"Crescente";"Céu Claro";"Dupla";"Reta";"Não";2;0;1;0;0;1;1;2;-12,194529;-38,965336;"SPRF-BA";"DEL02-BA";"UOP01-DEL02-BA"
515966;2023-04-10;"segunda-feira";"07:00:00";"SP";116;282;"EMBU DAS ARTES";"Trafegar com motocicleta (ou similar) entre as faixas";"Colisão traseira";"Com Vítimas Feridas";"Pleno dia";"Decrescente";"Céu Claro";"Dupla";"Reta";"Sim";2;0;1;0;1;0;1;2;-23,68570216;-46,85970975;"SPRF-SP";"DEL04-SP";"UOP01-DEL04-SP"
515968;2023-04-10;"segunda-feira";"07:30:00";"SP";116;210;"GUARULHOS";"Reação tardia ou ineficiente do condutor";"Colisão traseira";"Com Vítimas Feridas";"Pleno dia";"Crescente";"Céu Claro";"Múltipla";"Reta";"Sim";2;0;1;0;0;1;1;2;-23,42870023;-46,41085991;"SPRF-SP";"DEL01-SP";"UOP01-DEL01-SP"
515969;2023-03-25;"sábado";"07:30:00";"CE";20;338;"CARIDADE";"Acessar a via sem observar a presença dos outros veículos";"Capotamento";"Com Vítimas Feridas";"Amanhecer";"Decrescente";"Céu Claro";"Simples";"Reta";"Não";3;0;2;0;1;0;2;1;-4,15303942;-39,12931388;"SPRF-CE";"DEL02-CE";"UOP01-DEL02-CE"
515970;2023-04-10;"segunda-feira";"07:45:00";"SE";101;93;"NOSSA SENHORA DO SOCORRO";"Retorno proibido";"Colisão transversal";"Com Vítimas Feridas";"Pleno dia";"Decrescente";"Céu Claro";"Dupla";"Reta";"Não";4;0;2;1;1;0;3;2;-10,90212319;-37,14494787;"SPRF-SE";"DEL01-SE";"UOP01-DEL01-SE"
515971;2023-04-10;"segunda-feira";"06:14:00";"PE";232;32;"MORENO";"Velocidade Incompatível";"Saída de leito carroçável";"Com Vítimas Feridas";"Pleno dia";"Crescente";"Céu Claro";"Dupla";"Curva;Declive";"Não";1;0;1;0;0;0;1;1;-8,10541732;-35,1665671;"SPRF-PE";"DEL01-PE";"UOP01-DEL01-PE"
515972;2023-04-10;"segunda-feira";"06:00:00";"MG";262;668,3;"IBIA";"Condutor Dormindo";"Colisão frontal";"Sem Vítimas";"Amanhecer";"Crescente";"Nublado";"Simples";"Reta;Aclive";"Não";4;0;0;0;4;0;0;2;-19,545833;-46,80018;"SPRF-MG";"DEL08-MG";"UOP01-DEL08-MG"
515974;2023-04-10;"segunda-feira";"07:50:00";"SC";101;201,6;"SAO JOSE";"Trafegar com motocicleta (ou similar) entre as faixas";"Colisão lateral mesmo sentido";"Com Vítimas Feridas";"Pleno dia";"Crescente";"Nublado";"Dupla";"Reta";"Sim";2;0;1;0;1;0;1;2;-27,54836599;-48,61977975;"SPRF-SC";"DEL01-SC";"UOP01-DEL01-SC"
515976;2023-04-10;"segunda-feira";"07:45:00";"SC";282;4,8;"SAO JOSE";"Trafegar com motocicleta (ou similar) entre as faixas";"Colisão lateral mesmo sentido";"Com Vítimas Feridas";"Pleno dia";"Crescente";"Sol";"Dupla";"Reta";"Sim";2;0;1;0;1;0;1;2;-27,592646;-48,604034;"SPRF-SC";"DEL01-SC";"UOP01-DEL01-SC"
515977;2023-04-10;"segunda-feira";"06:45:00";"SC";101;130;"BALNEARIO CAMBORIU";"Reação tardia ou ineficiente do condutor";"Colisão traseira";"Sem Vítimas";"Pleno dia";"Decrescente";"Garoa/Chuvisco";"Dupla";"Reta";"Não";1;0;0;0;1;0;0;1;-26,98842761;-48,6645627;"SPRF-SC";"DEL04-SC";"UOP03-DEL04-SC"
515979;2023-04-10;"segunda-feira";"07:40:00";"SP";153;67,6;"SAO JOSE DO RIO PRETO";"Avarias e/ou desgaste excessivo no pneu";"Tombamento";"Com Vítimas Feridas";"Pleno dia";"Decrescente";"Céu Claro";"Dupla";"Reta";"Sim";2;0;2;0;0;0;2;1;-20,84853593;-49,37585608;"SPRF-SP";"DEL09-SP";"UOP01-DEL09-SP"
515980;2023-04-10;"segunda-feira";"07:30:00";"PA";163;992;"SANTAREM";"Condutor deixou de manter distância do veículo da frente";"Colisão traseira";"Com Vítimas Feridas";"Pleno dia";"Crescente";"Sol";"Simples";"Reta";"Não";2;0;1;0;1;0;1;2;-2,52958301;-54,72269712;"SPRF-PA";"DEL05-PA";"UOP01-DEL05-PA"
515981;2023-04-10;"segunda-feira";"07:40:00";"PR";376;217;"JANDAIA DO SUL";"Acessar a via sem observar a presença dos outros veículos";"Colisão transversal";"Com Vítimas Feridas";"Pleno dia";"Crescente";"Céu Claro";"Simples";"Reta;Interseção de Vias";"Não";2;0;1;0;1;0;1;2;-23,5978436;-51,62416462;"SPRF-PR";"DEL09-PR";"UOP01-DEL09-PR"
515982;2023-04-10;"segunda-feira";"08:20:00";"RS";448;12;"PORTO ALEGRE";"Estacionar ou parar em local proibido";"Colisão lateral mesmo sentido";"Sem Vítimas";"Pleno dia";"Crescente";"Céu Claro";"Múltipla";"Reta";"Não";2;0;0;0;2;0;0;1;-29,914507;-51,236031;"SPRF-RS";"DEL01-RS";"UOP01-DEL01-RS"
515983;2023-04-10;"segunda-feira";"08:05:00";"PR";277;1,8;"FOZ DO IGUACU";"Reação tardia ou ineficiente do condutor";"Tombamento";"Com Vítimas Feridas";"Pleno dia";"Decrescente";"Céu Claro";"Dupla";"Reta";"Sim";1;0;1;0;0;0;1;1;-25,5469;-54,5882;"SPRF-PR";"DEL05-PR";"UOP03-DEL05-PR"
515985;2023-04-09;"domingo";"22:30:00";"BA";116;320;"ARACI";"Ingestão de álcool pelo condutor";"Queda de ocupante de veículo";"Com Vítimas Feridas";"Plena Noite";"Crescente";"Céu Claro";"Simples";"Reta";"Sim";2;0;0;1;0;1;1;2;-11,33102397;-38,95406505;"SPRF-BA";"DEL02-BA";"UOP01-DEL02-BA"
515986;2023-04-10;"segunda-feira";"07:15:00";"RJ";116;189;"NOVA IGUACU";"Reação tardia ou ineficiente do condutor";"Colisão traseira";"Com Vítimas Feridas";"Amanhecer";"Decrescente";"Céu Claro";"Dupla";"Reta";"Sim";3;0;2;0;1;0;2;2;-22,73765712;-43,49182298;"SPRF-RJ";"DEL01-RJ";"UOP02-DEL01-RJ"
515988;2023-04-10;"segunda-feira";"08:00:00";"PE";101;65;"RECIFE";"Ausência de reação do condutor";"Colisão traseira";"Com Vítimas Feridas";"Pleno dia";"Decrescente";"Céu Claro";"Dupla";"Reta;Interseção de Vias";"Sim";3;0;1;0;1;1;1;2;-8,02869834;-34,94289637;"SPRF-PE";"DEL01-PE";"UOP01-DEL01-PE"
515990;2023-04-10;"segunda-feira";"08:27:00";"RS";116;241,7;"NOVO HAMBURGO";"Ausência de reação do condutor";"Colisão traseira";"Com Vítimas Feridas";"Pleno dia";"Decrescente";"Céu Claro";"Dupla";"Reta";"Sim";4;0;1;0;2;1;1;4;-29,71396796;-51,1476744;"SPRF-RS";"DEL01-RS";"UOP02-DEL01-RS"
515991;2023-04-10;"segunda-feira";"08:50:00";"SC";101;186;"BIGUACU";"Reação tardia ou ineficiente do condutor";"Queda de ocupante de veículo";"Com Vítimas Feridas";"Pleno dia";"Crescente";"Céu Claro";"Dupla";"Curva";"Sim";1;0;1;0;0;0;1;1;-27,4341098;-48,62567129;"SPRF-SC";"DEL01-SC";"UOP01-DEL01-SC"
515993;2023-04-10;"segunda-feira";"07:30:00";"MG";381;478;"CONTAGEM";"Manobra de mudança de faixa";"Colisão lateral mesmo sentido";"Com Vítimas Feridas";"Pleno dia";"Crescente";"Céu Claro";"Dupla";"Reta";"Sim";2;0;1;0;1;0;1;2;-19,9615708;-44,05071259;"SPRF-MG";"DEL01-MG";"UOP03-DEL01-MG"
515994;2023-04-10;"segunda-feira";"08:00:00";"SP";116;215;"GUARULHOS";"Manobra de mudança de faixa";"Colisão traseira";"Com Vítimas Feridas";"Pleno dia";"Crescente";"Céu Claro";"Dupla";"Reta";"Sim";3;0;1;0;2;0;1;2;-23,44695693;-46,45394103;"SPRF-SP";"DEL01-SP";"UOP01-DEL01-SP"
515995;2023-04-10;"segunda-feira";"09:10:00";"RS";290;91;"PORTO ALEGRE";"Manobra de mudança de faixa";"Colisão lateral mesmo sentido";"Com Vítimas Feridas";"Pleno dia";"Decrescente";"Céu Claro";"Múltipla";"Reta";"Não";3;0;1;0;2;0;1;2;-29,96948609;-51,16951657;"SPRF-RS";"DEL01-RS";"UOP01-DEL01-RS"
515997;2023-04-10;"segunda-feira";"02:00:00";"RJ";116;190;"NOVA IGUACU";"Ausência de reação do condutor";"Colisão lateral mesmo sentido";"Sem Vítimas";"Plena Noite";"Crescente";"Céu Claro";"Dupla";"Reta";"Sim";2;0;0;0;2;0;0;2;-22,74123776;-43,5007311;"SPRF-RJ";"DEL01-RJ";"UOP02-DEL01-RJ"
515998;2023-04-10;"segunda-feira";"07:20:00";"SC";163;108,2;"GUARUJA DO SUL";"Transitar na contramão";"Colisão frontal";"Com Vítimas Feridas";"Pleno dia";"Crescente";"Sol";"Simples";"Em Obras;Declive;Curva";"Não";2;0;0;1;1;0;1;2;-26,42148581;-53,52588415;"SPRF-SC";"DEL07-SC";"UOP03-DEL07-SC"
516000;2023-04-10;"segunda-feira";"08:20:00";"CE";222;35;"CAUCAIA";"Reação tardia ou ineficiente do condutor";"Colisão traseira";"Com Vítimas Feridas";"Pleno dia";"Crescente";"Céu Claro";"Dupla";"Curva;Declive";"Não";3;0;1;0;2;0;1;3;-3,700936;-38,8647996;"SPRF-CE";"DEL01-CE";"UOP01-DEL01-CE"
516002;2023-04-10;"segunda-feira";"06:50:00";"MG";381;386;"SAO GONCALO DO RIO ABAIXO";"Reação tardia ou ineficiente do condutor";"Tombamento";"Com Vítimas Feridas";"Amanhecer";"Decrescente";"Nublado";"Simples";"Curva";"Não";2;0;1;0;1;0;1;2;-19,82692046;-43,38405945;"SPRF-MG";"DEL01-MG";"UOP01-DEL01-MG"
516004;2023-04-10;"segunda-feira";"08:45:00";"RJ";116;297;"PORTO REAL";"Acessar a via sem observar a presença dos outros veículos";"Queda de ocupante de veículo";"Com Vítimas Feridas";"Pleno dia";"Crescente";"Céu Claro";"Simples";"Interseção de Vias";"Não";1;0;1;0;0;0;1;1;-22,450125;-44,330193;"SPRF-RJ";"DEL07-RJ";"UOP02-DEL07-RJ"
516006;2023-04-10;"segunda-feira";"08:30:00";"MG";251;444,4;"GRAO MOGOL";"Chuva";"Saída de leito carroçável";"Com Vítimas Feridas";"Pleno dia";"Decrescente";"Chuva";"Simples";"Curva";"Não";4;0;4;0;0;0;4;1;-16,4185062;-43,26071281;"SPRF-MG";"DEL12-MG";"UOP01-DEL12-MG"
516007;2023-04-10;"segunda-feira";"07:40:00";"MG";40;529,2;"CONTAGEM";"Ausência de reação do condutor";"Eventos atípicos";"Com Vítimas Feridas";"Pleno dia";"Decrescente";"Céu Claro";"Dupla";"Reta";"Sim";1;0;1;0;0;0;1;1;-19,91635592;-44,03966566;"SPRF-MG";"DEL01-MG";"UOP02-DEL01-MG"
516009;2023-04-10;"segunda-feira";"09:20:00";"SC";101;57;"ARAQUARI";"Velocidade Incompatível";"Saída de leito carroçável";"Com Vítimas Feridas";"Pleno dia";"Decrescente";"Garoa/Chuvisco";"Dupla";"Curva";"Não";1;0;1;0;0;0;1;1;-26,43646093;-48,81113029;"SPRF-SC";"DEL03-SC";"UOP01-DEL03-SC"
516010;2023-04-10;"segunda-feira";"10:30:00";"PB";101;86,1;"JOAO PESSOA";"Manobra de mudança de faixa";"Tombamento";"Com Vítimas Feridas";"Pleno dia";"Crescente";"Céu Claro";"Dupla";"Curva;Aclive";"Sim";1;0;0;1;0;0;1;1;-7,15118983;-34,91012184;"SPRF-PB";"DEL01-PB";"UOP01-DEL01-PB"
516011;2023-04-10;"segunda-feira";"09:06:00";"RO";364;710;"PORTO VELHO";"Ausência de sinalização";"Colisão frontal";"Com Vítimas Feridas";"Pleno dia";"Decrescente";"Chuva";"Múltipla";"Em Obras";"Sim";2;0;1;0;1;0;1;2;-8,78535369;-63,85985613;"SPRF-RO";"DEL01-RO";"UOP01-DEL01-RO"
516013;2023-04-10;"segunda-feira";"09:20:00";"MG";116;538;"SANTA RITA DE MINAS";"Condutor Dormindo";"Saída de leito carroçável";"Com Vítimas Feridas";"Pleno dia";"Decrescente";"Céu Claro";"Simples";"Curva";"Não";2;0;1;0;1;0;1;1;-19,87457783;-42,13216953;"SPRF-MG";"DEL06-MG";"UOP02-DEL06-MG"
516016;2023-04-09;"domingo";"20:00:00";"MG";381;584;"CARMOPOLIS DE MINAS";"Velocidade Incompatível";"Saída de leito carroçável";"Sem Vítimas";"Plena Noite";"Decrescente";"Chuva";"Dupla";"Curva";"Não";1;0;0;0;0;1;0;1;-20,51281133;-44,61221695;"SPRF-MG";"DEL04-MG";"UOP01-DEL04-MG"
516017;2023-04-10;"segunda-feira";"09:25:00";"RJ";101;329;"RIO DE JANEIRO";"Condutor deixou de manter distância do veículo da frente";"Engavetamento";"Sem Vítimas";"Pleno dia";"Crescente";"Céu Claro";"Dupla";"Reta";"Não";4;0;0;0;4;0;0;4;-22,86939305;-43,175642;"SPRF-RJ";"DEL02-RJ";"UOP01-DEL02-RJ"
516018;2023-04-06;"quinta-feira";"19:00:00";"SC";101;148;"ITAPEMA";"Condutor deixou de manter distância do veículo da frente";"Colisão traseira";"Com Vítimas Feridas";"Plena Noite";"Decrescente";"Garoa/Chuvisco";"Dupla";"Reta;Ponte";"Sim";2;0;1;0;1;0;1;2;-27,09237407;-48,61730888;"SPRF-SC";"DEL04-SC";"UOP03-DEL04-SC"
516020;2023-04-10;"segunda-feira";"10:40:00";"MG";381;296;"ANTONIO DIAS";"Objeto estático sobre o leito carroçável";"Colisão com objeto";"Com Vítimas Feridas";"Pleno dia";"Decrescente";"Céu Claro";"Simples";"Curva;Em Obras";"Não";1;0;1;0;0;0;1;1;-19,62698434;-42,8708198;"SPRF-MG";"DEL03-MG";"UOP02-DEL03-MG"
516021;2023-04-10;"segunda-feira";"06:19:00";"DF";251;41;"BRASILIA";"Estacionar ou parar em local proibido";"Colisão traseira";"Sem Vítimas";"Amanhecer";"Crescente";"Nublado";"Simples";"Reta";"Não";2;0;0;0;1;1;0;2;-15,933754;-47,817089;"SPRF-DF";"DEL01-DF";"UOP01-DEL01-DF"
516022;2023-04-10;"segunda-feira";"11:30:00";"GO";50;243,9;"CATALAO";"Reação tardia ou ineficiente do condutor";"Colisão com objeto";"Com Vítimas Feridas";"Pleno dia";"Decrescente";"Nublado";"Dupla";"Reta;Declive";"Não";1;0;1;0;0;0;1;1;-17,91;-47,7959;"SPRF-GO";"DEL06-GO";"UOP01-DEL06-GO"
516023;2023-04-10;"segunda-feira";"09:00:00";"AL";316;263;"SATUBA";"Mal súbito do condutor";"Colisão com objeto";"Com Vítimas Feridas";"Pleno dia";"Crescente";"Céu Claro";"Simples";"Reta";"Não";1;0;1;0;0;0;1;1;-9,58758215;-35,878014;"SPRF-AL";"DEL02-AL";"UOP01-DEL02-AL"
516024;2023-04-10;"segunda-feira";"11:35:00";"RS";116;249;"SAO LEOPOLDO";"Demais falhas mecânicas ou elétricas";"Colisão com objeto";"Com Vítimas Feridas";"Pleno dia";"Decrescente";"Céu Claro";"Dupla";"Reta";"Sim";1;0;1;0;0;0;1;1;-29,7831804;-51,16099063;"SPRF-RS";"DEL01-RS";"UOP02-DEL01-RS"
516025;2023-04-10;"segunda-feira";"11:20:00";"SC";101;242;"PALHOCA";"Transitar na contramão";"Colisão lateral sentido oposto";"Com Vítimas Feridas";"Pleno dia";"Crescente";"Céu Claro";"Simples";"Curva";"Não";2;0;1;0;1;0;1;2;-27,87545797;-48,64678433;"SPRF-SC";"DEL01-SC";"UOP02-DEL01-SC"
516031;2023-04-10;"segunda-feira";"07:30:00";"PR";277;674,8;"MEDIANEIRA";"Mal súbito do condutor";"Saída de leito carroçável";"Com Vítimas Feridas";"Pleno dia";"Decrescente";"Céu Claro";"Dupla";"Declive;Reta";"Não";1;0;1;0;0;0;1;1;-25,29484117;-54,11509792;"SPRF-PR";"DEL05-PR";"UOP01-DEL05-PR"
516032;2023-04-10;"segunda-feira";"12:32:00";"CE";116;16,9;"ITAITINGA";"Manobra de mudança de faixa";"Colisão traseira";"Com Vítimas Feridas";"Pleno dia";"Decrescente";"Nublado";"Dupla";"Reta";"Não";2;0;1;0;1;0;1;2;-3,88732794;-38,50185439;"SPRF-CE";"DEL01-CE";"UOP02-DEL01-CE"
516034;2023-04-10;"segunda-feira";"06:00:00";"MT";163;907;"ITAUBA";"Reação tardia ou ineficiente do condutor";"Capotamento";"Com Vítimas Feridas";"Pleno dia";"Decrescente";"Céu Claro";"Simples";"Reta";"Não";1;0;1;0;0;0;1;1;-11,28952758;-55,31822205;"SPRF-MT";"DEL06-MT";"UOP02-DEL06-MT"