"id";"data_inversa";"dia_semana";"horario";"uf";"br";"km";"municipio";"causa_acidente";"tipo_acidente";"classificacao_acidente";"fase_dia";"sentido_via";"condicao_metereologica";"tipo_pista";"tracado_via";"uso_solo";"pessoas";"mortos";"feridos_leves";"feridos_graves";"ilesos";"ignorados";"feridos";"veiculos";"latitude";"longitude";"regional";"delegacia";"uop"
516145;2023-04-10;"segunda-feira";"17:00:00";"RO";435;88;"COLORADO DO OESTE";"Reação tardia ou ineficiente do condutor";"Colisão traseira";"Com Vítimas Feridas";"Anoitecer";"Crescente";"Nublado";"Simples";"Declive;Reta";"Não";5;0;3;1;1;0;4;2;-13,138199;-60,545055;"SPRF-RO";"DEL04-RO";"UOP02-DEL04-RO"
516149;2023-04-11;"terça-feira";"01:10:00";"PR";369;159,8;"CAMBE";"Ingestão de álcool e/ou substâncias psicoativas pelo pedestre";"Saída de leito carroçável";"Sem Vítimas";"Plena Noite";"Crescente";"Céu Claro";"Dupla";"Reta;Declive";"Não";1;0;0;0;1;0;0;1;-23,28212031;-51,25223458;"SPRF-PR";"DEL07-PR";"UOP01-DEL07-PR"
516150;2023-04-11;"terça-feira";"01:20:00";"DF";20;15;"BRASILIA";"Ingestão de álcool pelo condutor";"Colisão com objeto";"Sem Vítimas";"Plena Noite";"Decrescente";"Chuva";"Dupla";"Reta";"Sim";2;0;0;0;2;0;0;1;-15,630189;-47,733288;"SPRF-DF";"DEL02-DF";"UOP01-DEL02-DF"
516151;2023-04-11;"terça-feira";"01:45:00";"RN";406;112,2;"POCO BRANCO";"Animais na Pista";"Atropelamento de Animal";"Com Vítimas Feridas";"Plena Noite";"Decrescente";"Céu Claro";"Simples";"Reta";"Não";1;0;1;0;0;0;1;1;-5,5621854;-35,73657781;"SPRF-RN";"DEL02-RN";"UOP01-DEL02-RN"
516152;2023-04-10;"segunda-feira";"19:48:00";"RS";116;261;"CANOAS";"Demais falhas mecânicas ou elétricas";"Incêndio";"Sem Vítimas";"Plena Noite";"Crescente";"Céu Claro";"Múltipla";"Viaduto";"Sim";1;0;0;0;0;1;0;1;-29,887983;-51,17901;"SPRF-RS";"DEL01-RS";"UOP01-DEL01-RS"
516153;2023-04-11;"terça-feira";"01:35:00";"GO";153;300;"RIALMA";"Animais na Pista";"Saída de leito carroçável";"Sem Vítimas";"Plena Noite";"Crescente";"Nublado";"Simples";"Reta";"Não";1;0;0;0;1;0;0;1;-15,282618;-49,559143;"SPRF-GO";"DEL02-GO";"UOP02-DEL02-GO"
516154;2023-04-11;"terça-feira";"04:05:00";"SE";101;88,2;"NOSSA SENHORA DO SOCORRO";"Animais na Pista";"Atropelamento de Animal";"Com Vítimas Fatais";"Plena Noite";"Crescente";"Nublado";"Dupla";"Declive;Reta";"Não";1;1;0;0;0;0;0;1;-10,88257587;-37,13348866;"SPRF-SE";"DEL01-SE";"UOP01-DEL01-SE"
516156;2023-04-11;"terça-feira";"04:20:00";"RN";406;168,6;"SAO GONCALO DO AMARANTE";"Ausência de reação do condutor";"Saída de leito carroçável";"Sem Vítimas";"Amanhecer";"Decrescente";"Céu Claro";"Dupla";"Reta";"Não";1;0;0;0;1;0;0;1;-5,753042;-35,313598;"SPRF-RN";"DEL02-RN";"UOP01-DEL02-RN"
516159;2023-04-11;"terça-feira";"04:40:00";"PR";163;186,2;"SANTA TEREZA DO OESTE";"Velocidade Incompatível";"Saída de leito carroçável";"Com Vítimas Feridas";"Plena Noite";"Crescente";"Céu Claro";"Dupla";"Curva";"Não";1;0;0;1;0;0;1;1;-25,12777504;-53,5882494;"SPRF-PR";"DEL05-PR";"UOP05-DEL05-PR"
516160;2023-04-11;"terça-feira";"06:25:00";"SC";101;185;"BIGUACU";"Condutor deixou de manter distância do veículo da frente";"Colisão traseira";"Com Vítimas Feridas";"Amanhecer";"Decrescente";"Céu Claro";"Dupla";"Reta";"Não";2;0;1;0;1;0;1;2;-27,42536698;-48,62465876;"SPRF-SC";"DEL01-SC";"UOP01-DEL01-SC"
516161;2023-04-11;"terça-feira";"05:48:00";"SC";101;117,3;"ITAJAI";"Desrespeitar a preferência no cruzamento";"Colisão transversal";"Com Vítimas Feridas";"Pleno dia";"Crescente";"Céu Claro";"Múltipla";"Interseção de Vias";"Sim";2;0;1;0;1;0;1;2;-26,89028829;-48,722238;"SPRF-SC";"DEL04-SC";"UOP04-DEL04-SC"
516163;2023-04-11;"terça-feira";"07:10:00";"MG";40;547,9;"NOVA LIMA";"Ausência de reação do condutor";"Colisão traseira";"Com Vítimas Feridas";"Pleno dia";"Crescente";"Céu Claro";"Dupla";"Aclive;Reta";"Não";2;0;1;0;1;0;1;2;-20,02252424;-43,97026042;"SPRF-MG";"DEL01-MG";"UOP02-DEL01-MG"
516164;2023-04-11;"terça-feira";"06:40:00";"SC";470;56;"BLUMENAU";"Trafegar com motocicleta (ou similar) entre as faixas";"Colisão frontal";"Com Vítimas Feridas";"Pleno dia";"Crescente";"Céu Claro";"Simples";"Reta";"Sim";3;0;1;0;2;0;1;2;-26,87674;-49,127743;"SPRF-SC";"DEL04-SC";"UOP01-DEL04-SC"
516165;2023-04-11;"terça-feira";"07:08:00";"SC";101;204;"SAO JOSE";"Trafegar com motocicleta (ou similar) entre as faixas";"Colisão traseira";"Com Vítimas Feridas";"Pleno dia";"Decrescente";"Céu Claro";"Dupla";"Reta";"Sim";3;0;1;0;2;0;1;3;-27,57413014;-48,61363083;"SPRF-SC";"DEL01-SC";"UOP01-DEL01-SC"
516166;2023-04-10;"segunda-feira";"19:00:00";"RJ";116;85;"TERESOPOLIS";"Ausência de reação do condutor";"Tombamento";"Com Vítimas Feridas";"Plena Noite";"Decrescente";"Nublado";"Simples";"Reta";"Não";1;0;1;0;0;0;1;1;-22,42972396;-42,95095697;"SPRF-RJ";"DEL04-RJ";"UOP01-DEL04-RJ"
516167;2023-04-11;"terça-feira";"05:30:00";"PR";277;552;"CATANDUVAS";"Ultrapassagem Indevida";"Colisão frontal";"Com Vítimas Feridas";"Amanhecer";"Crescente";"Céu Claro";"Simples";"Reta";"Não";4;0;2;0;2;0;2;2;-25,0856681;-53,14103403;"SPRF-PR";"DEL04-PR";"UOP04-DEL04-PR"
516168;2023-04-11;"terça-feira";"07:00:00";"GO";70;1;"AGUAS LINDAS DE GOIAS";"Condutor deixou de manter distância do veículo da frente";"Colisão traseira";"Com Vítimas Feridas";"Pleno dia";"Crescente";"Céu Claro";"Dupla";"Reta;Aclive";"Não";2;0;1;0;1;0;1;2;-15,77579351;-48,23259001;"SPRF-DF";"DEL03-DF";"UOP02-DEL03-DF"
516171;2023-04-11;"terça-feira";"06:49:00";"PE";101;80;"JABOATAO DOS GUARARAPES";"Animais na Pista";"Atropelamento de Animal";"Com Vítimas Feridas";"Pleno dia";"Decrescente";"Céu Claro";"Dupla";"Reta";"Sim";2;0;2;0;0;0;2;1;-8,15112589;-34,9428866;"SPRF-PE";"DEL01-PE";"UOP01-DEL01-PE"
516172;2023-04-11;"terça-feira";"06:45:00";"RS";285;667;"SAO BORJA";"Acessar a via sem observar a presença dos outros veículos";"Colisão transversal";"Sem Vítimas";"Amanhecer";"Decrescente";"Céu Claro";"Simples";"Reta";"Não";2;0;0;0;2;0;0;2;-28,66214;-55,930073;"SPRF-RS";"DEL12-RS";"UOP01-DEL12-RS"
516173;2023-04-11;"terça-feira";"06:30:00";"SC";101;35;"JOINVILLE";"Objeto estático sobre o leito carroçável";"Colisão com objeto";"Com Vítimas Feridas";"Amanhecer";"Crescente";"Céu Claro";"Múltipla";"Reta";"Não";2;0;2;0;0;0;2;2;-26,2717785;-48,89450312;"SPRF-SC";"DEL03-SC";"UOP01-DEL03-SC"
516174;2023-04-11;"terça-feira";"06:50:00";"SC";116;8,5;"MAFRA";"Reação tardia ou ineficiente do condutor";"Queda de ocupante de veículo";"Com Vítimas Feridas";"Pleno dia";"Decrescente";"Céu Claro";"Simples";"Reta";"Sim";1;0;1;0;0;0;1;1;-26,16125448;-49,84428406;"SPRF-SC";"DEL06-SC";"UOP01-DEL06-SC"
516175;2023-04-11;"terça-feira";"06:35:00";"MG";459;86,2;"CONGONHAL";"Conversão proibida";"Atropelamento de Pedestre";"Com Vítimas Feridas";"Amanhecer";"Decrescente";"Céu Claro";"Simples";"Reta";"Sim";2;0;1;0;1;0;1;2;-22,14894;-46,020643;"SPRF-MG";"DEL09-MG";"UOP01-DEL09-MG"
516176;2023-04-11;"terça-feira";"07:50:00";"MG";116;415;"GOVERNADOR VALADARES";"Acessar a via sem observar a presença dos outros veículos";"Colisão transversal";"Com Vítimas Feridas";"Pleno dia";"Crescente";"Céu Claro";"Simples";"Interseção de Vias";"Sim";3;0;1;0;2;0;1;2;-18,88401297;-41,94924399;"SPRF-MG";"DEL06-MG";"UOP01-DEL06-MG"
516178;2023-04-11;"terça-feira";"06:40:00";"PI";343;311,7;"ALTOS";"Demais falhas mecânicas ou elétricas";"Capotamento";"Com Vítimas Feridas";"Pleno dia";"Crescente";"Céu Claro";"Simples";"Reta";"Sim";1;0;0;1;0;0;1;1;-5,039865;-42,49408;"SPRF-PI";"DEL01-PI";"UOP01-DEL01-PI"
516179;2023-04-11;"terça-feira";"08:10:00";"SP";153;58;"SAO JOSE DO RIO PRETO";"Reação tardia ou ineficiente do condutor";"Queda de ocupante de veículo";"Com Vítimas Feridas";"Pleno dia";"Crescente";"Céu Claro";"Simples";"Reta";"Não";2;0;1;0;0;1;1;2;-20,77838195;-49,35300538;"SPRF-SP";"DEL09-SP";"UOP01-DEL09-SP"
516180;2023-04-11;"terça-feira";"07:05:00";"BA";116;20;"VITORIA DA CONQUISTA";"Acesso irregular";"Colisão transversal";"Com Vítimas Feridas";"Pleno dia";"Crescente";"Garoa/Chuvisco";"Simples";"Reta";"Sim";2;0;1;0;1;0;1;2;-14,891836;-40,818762;"SPRF-BA";"DEL08-BA";"UOP01-DEL08-BA"
516182;2023-04-11;"terça-feira";"07:20:00";"PI";316;309;"PICOS";"Acesso irregular";"Colisão traseira";"Com Vítimas Feridas";"Pleno dia";"Decrescente";"Céu Claro";"Simples";"Reta;Aclive";"Não";3;0;2;0;1;0;2;2;-7,07778744;-41,48370094;"SPRF-PI";"DEL04-PI";"UOP01-DEL04-PI"
516184;2023-04-11;"terça-feira";"08:30:00";"PR";277;74;"SAO JOSE DOS PINHAIS";"Reação tardia ou ineficiente do condutor";"Colisão traseira";"Com Vítimas Feridas";"Pleno dia";"Crescente";"Céu Claro";"Dupla";"Reta";"Sim";3;0;1;0;2;0;1;2;-25,4927908;-49,16982651;"SPRF-PR";"DEL01-PR";"UOP01-DEL01-PR"
516185;2023-04-11;"terça-feira";"08:40:00";"MG";40;545,1;"NOVA LIMA";"Manobra de mudança de faixa";"Colisão lateral mesmo sentido";"Com Vítimas Feridas";"Pleno dia";"Crescente";"Céu Claro";"Dupla";"Reta;Viaduto";"Não";5;0;3;0;2;0;3;4;-20,00670404;-43,96418668;"SPRF-MG";"DEL01-MG";"UOP02-DEL01-MG"
516186;2023-04-11;"terça-feira";"07:30:00";"PR";369;507;"CASCAVEL";"Desrespeitar a preferência no cruzamento";"Colisão transversal";"Com Vítimas Feridas";"Pleno dia";"Decrescente";"Céu Claro";"Simples";"Reta";"Não";2;0;1;0;1;0;1;2;-24,8386;-53,3091;"SPRF-PR";"DEL04-PR";"UOP03-DEL04-PR"
516187;2023-02-11;"sábado";"06:15:00";"PR";369;154,5;"LONDRINA";"Ingestão de álcool pelo condutor";"Atropelamento de Pedestre";"Com Vítimas Feridas";"Amanhecer";"Crescente";"Nublado";"Dupla";"Reta";"Sim";6;0;4;0;2;0;4;2;-23,29667562;-51,20478094;"SPRF-PR";"DEL07-PR";"UOP01-DEL07-PR"
516188;2023-04-11;"terça-feira";"07:55:00";"RJ";101;428;"MANGARATIBA";"Ausência de sinalização";"Colisão lateral sentido oposto";"Com Vítimas Feridas";"Pleno dia";"Crescente";"Sol";"Simples";"Reta";"Não";2;0;1;0;1;0;1;2;-22,93391858;-43,9899979;"SPRF-RJ";"DEL03-RJ";"UOP02-DEL03-RJ"
516189;2023-04-11;"terça-feira";"07:50:00";"SC";470;56;"BLUMENAU";"Ausência de reação do condutor";"Colisão traseira";"Com Vítimas Feridas";"Pleno dia";"Crescente";"Sol";"Simples";"Reta";"Sim";4;0;2;0;2;0;2;3;-26,87674;-49,127743;"SPRF-SC";"DEL04-SC";"UOP01-DEL04-SC"
516190;2023-04-11;"terça-feira";"08:20:00";"SC";101;197;"BIGUACU";"Manobra de mudança de faixa";"Colisão traseira";"Com Vítimas Feridas";"Pleno dia";"Crescente";"Sol";"Múltipla";"Curva";"Sim";3;0;1;0;2;0;1;2;-27,51844497;-48,63848496;"SPRF-SC";"DEL01-SC";"UOP01-DEL01-SC"
516192;2023-04-11;"terça-feira";"07:58:00";"RS";287;330;"SAO VICENTE DO SUL";"Condutor deixou de manter distância do veículo da frente";"Colisão traseira";"Sem Vítimas";"Pleno dia";"Decrescente";"Sol";"Simples";"Interseção de Vias";"Sim";5;0;0;0;5;0;0;2;-29,6846041;-54,66603756;"SPRF-RS";"DEL12-RS";"UOP02-DEL12-RS"
516193;2023-04-11;"terça-feira";"08:35:00";"PE";232;129,6;"CARUARU";"Reação tardia ou ineficiente do condutor";"Queda de ocupante de veículo";"Com Vítimas Feridas";"Pleno dia";"Crescente";"Céu Claro";"Dupla";"Reta";"Sim";1;0;1;0;0;0;1;1;-8,30193507;-35,98092002;"SPRF-PE";"DEL02-PE";"UOP01-DEL02-PE"
516197;2023-04-11;"terça-feira";"08:03:00";"MS";163;365,6;"NOVA ALVORADA DO SUL";"Ausência de reação do condutor";"Colisão traseira";"Sem Vítimas";"Pleno dia";"Crescente";"Sol";"Simples";"Retorno Regulamentado";"Sim";2;0;0;0;2;0;0;2;-21,46025803;-54,38144445;"SPRF-MS";"DEL02-MS";"UOP01-DEL02-MS"
516198;2023-04-11;"terça-feira";"07:50:00";"MG";262;804;"UBERABA";"Reação tardia ou ineficiente do condutor";"Queda de ocupante de veículo";"Com Vítimas Feridas";"Pleno dia";"Crescente";"Céu Claro";"Dupla";"Reta";"Sim";1;0;1;0;0;0;1;1;-19,76747537;-47,98725511;"SPRF-MG";"DEL13-MG";"UOP01-DEL13-MG"
516199;2023-04-11;"terça-feira";"08:30:00";"PE";101;94;"CABO DE SANTO AGOSTINHO";"Manobra de mudança de faixa";"Colisão lateral mesmo sentido";"Com Vítimas Feridas";"Pleno dia";"Crescente";"Céu Claro";"Dupla";"Curva;Declive";"Não";2;0;1;0;1;0;1;2;-8,249824;-35,007412;"SPRF-PE";"DEL01-PE";"UOP03-DEL01-PE"
516201;2023-04-11;"terça-feira";"07:05:00";"PR";277;82,2;"CURITIBA";"Trafegar com motocicleta (ou similar) entre as faixas";"Colisão lateral mesmo sentido";"Com Vítimas Feridas";"Pleno dia";"Crescente";"Sol";"Dupla";"Reta";"Sim";3;0;1;0;2;0;1;3;-25,45597237;-49,22365844;"SPRF-PR";"DEL01-PR";"UOP01-DEL01-PR"
516204;2023-04-11;"terça-feira";"09:00:00";"RN";101;99,6;"NATAL";"Reação tardia ou ineficiente do condutor";"Colisão transversal";"Com Vítimas Feridas";"Pleno dia";"Decrescente";"Sol";"Simples";"Curva;Interseção de Vias";"Sim";3;0;2;0;1;0;2;2;-5,876414;-35,222534;"SPRF-RN";"DEL01-RN";"UOP01-DEL01-RN"
516205;2023-04-11;"terça-feira";"09:00:00";"PB";230;156,7;"CAMPINA GRANDE";"Reação tardia ou ineficiente do condutor";"Colisão traseira";"Com Vítimas Feridas";"Pleno dia";"Crescente";"Nublado";"Simples";"Interseção de Vias";"Sim";4;0;1;0;2;1;1;3;-7,2693;-35,9138;"SPRF-PB";"DEL02-PB";"UOP01-DEL02-PB"
516206;2023-04-11;"terça-feira";"09:31:00";"RN";304;296;"MACAIBA";"Acessar a via sem observar a presença dos outros veículos";"Colisão lateral sentido oposto";"Sem Vítimas";"Pleno dia";"Crescente";"Céu Claro";"Simples";"Declive";"Sim";2;0;0;0;2;0;0;2;-5,86484905;-35,34931012;"SPRF-RN";"DEL01-RN";"UOP02-DEL01-RN"
516207;2023-04-11;"terça-feira";"08:40:00";"PI";316;3;"TERESINA";"Entrada inopinada do pedestre";"Atropelamento de Pedestre";"Com Vítimas Fatais";"Pleno dia";"Crescente";"Céu Claro";"Múltipla";"Reta";"Sim";2;1;0;0;0;1;0;2;-5,12826443;-42,79292384;"SPRF-PI";"DEL01-PI";"UOP02-DEL01-PI"
516209;2023-04-11;"terça-feira";"09:20:00";"RO";364;237,4;"CACOAL";"Reação tardia ou ineficiente do condutor";"Colisão traseira";"Com Vítimas Feridas";"Pleno dia";"Crescente";"Céu Claro";"Simples";"Reta";"Sim";2;0;1;0;1;0;1;2;-11,440192;-61,452104;"SPRF-RO";"DEL02-RO";"UOP02-DEL02-RO"
516210;2023-04-11;"terça-feira";"07:30:00";"PR";476;183,6;"LAPA";"Acessar a via sem observar a presença dos outros veículos";"Colisão transversal";"Com Vítimas Feridas";"Pleno dia";"Crescente";"Céu Claro";"Simples";"Reta";"Não";37;0;2;2;33;0;4;2;-25,7138982;-49,629823;"SPRF-PR";"DEL01-PR";"UOP06-DEL01-PR"
516212;2023-02-15;"quarta-feira";"13:01:00";"MG";40;50,4;"PARACATU";"Reação tardia ou ineficiente do condutor";"Saída de leito carroçável";"Com Vítimas Feridas";"Pleno dia";"Decrescente";"Céu Claro";"Simples";"Interseção de Vias";"Não";1;0;1;0;0;0;1;1;-17,23931275;-46,80040697;"SPRF-MG";"DEL14-MG";"UOP01-DEL14-MG"
516213;2023-04-11;"terça-feira";"08:50:00";"MG";153;239,5;"FRONTEIRA";"Reação tardia ou ineficiente do condutor";"Saída de leito carroçável";"Com Vítimas Feridas";"Pleno dia";"Decrescente";"Céu Claro";"Simples";"Reta";"Sim";3;0;3;0;0;0;3;1;-20,1082466;-49,0950258;"SPRF-MG";"DEL13-MG";"UOP02-DEL13-MG"
516215;2023-04-11;"terça-feira";"10:15:00";"RS";285;341;"CARAZINHO";"Acessar a via sem observar a presença dos outros veículos";"Colisão transversal";"Com Vítimas Feridas";"Pleno dia";"Crescente";"Céu Claro";"Simples";"Reta";"Não";3;0;2;0;1;0;2;2;-28,317753;-52,806843;"SPRF-RS";"DEL08-RS";"UOP03-DEL08-RS"
516218;2023-04-11;"terça-feira";"10:00:00";"BA";101;663,9;"ITAPEBI";"Reação tardia ou ineficiente do condutor";"Saída de leito carroçável";"Com Vítimas Feridas";"Pleno dia";"Decrescente";"Chuva";"Simples";"Curva;Aclive";"Não";4;0;3;0;1;0;3;1;-16,0790374;-39,51616466;"SPRF-BA";"DEL09-BA";"UOP01-DEL09-BA"
516220;2023-04-11;"terça-feira";"11:30:00";"MG";459;15,2;"CALDAS";"Conversão proibida";"Tombamento";"Com Vítimas Feridas";"Pleno dia";"Crescente";"Céu Claro";"Simples";"Curva";"Não";2;0;1;0;1;0;1;2;-21,85624967;-46,4357579;"SPRF-MG";"DEL09-MG";"UOP01-DEL09-MG"
516222;2023-04-11;"terça-feira";"10:00:00";"RS";392;97,9;"MORRO REDONDO";"Transitar na contramão";"Colisão frontal";"Com Vítimas Feridas";"Pleno dia";"Decrescente";"Céu Claro";"Simples";"Reta;Aclive";"Não";4;0;0;3;1;0;3;2;-31,55503156;-52,55541687;"SPRF-RS";"DEL07-RS";"UOP01-DEL07-RS"
516224;2023-04-08;"sábado";"17:45:00";"GO";153;625;"MORRINHOS";"Acumulo de água sobre o pavimento";"Saída de leito carroçável";"Com Vítimas Feridas";"Anoitecer";"Crescente";"Chuva";"Dupla";"Retorno Regulamentado";"Não";4;0;2;1;1;0;3;1;-17,7585715;-49,16315686;"SPRF-GO";"DEL03-GO";"UOP01-DEL03-GO"
516225;2023-04-11;"terça-feira";"12:40:00";"SC";470;40;"GASPAR";"Acessar a via sem observar a presença dos outros veículos";"Colisão transversal";"Com Vítimas Feridas";"Pleno dia";"Decrescente";"Sol";"Simples";"Interseção de Vias";"Sim";2;0;1;0;1;0;1;2;-26,889574;-48,99094;"SPRF-SC";"DEL04-SC";"UOP01-DEL04-SC"
516228;2023-04-11;"terça-feira";"08:10:00";"MT";163;831;"SINOP";"Ausência de reação do condutor";"Colisão traseira";"Com Vítimas Feridas";"Pleno dia";"Crescente";"Céu Claro";"Simples";"Reta";"Sim";2;0;1;0;1;0;1;2;-11,89077434;-55,50287604;"SPRF-MT";"DEL06-MT";"UOP02-DEL06-MT"
516229;2023-04-11;"terça-feira";"08:30:00";"MG";116;172,3;"PADRE PARAISO";"Reação tardia ou ineficiente do condutor";"Eventos atípicos";"Com Vítimas Fatais";"Pleno dia";"Decrescente";"Chuva";"Simples";"Curva";"Não";7;1;5;1;0;0;6;1;-17,035143;-41,447025;"SPRF-MG";"DEL11-MG";"UOP02-DEL11-MG"
516230;2023-04-11;"terça-feira";"12:00:00";"MG";116;275;"TEOFILO OTONI";"Obras na pista";"Tombamento";"Com Vítimas Feridas";"Pleno dia";"Crescente";"Céu Claro";"Simples";"Reta";"Sim";2;0;1;0;0;1;1;2;-17,84235093;-41,51410418;"SPRF-MG";"DEL11-MG";"UOP01-DEL11-MG"
516231;2023-04-11;"terça-feira";"13:20:00";"RS";101;36;"TRES CACHOEIRAS";"Condutor usando celular";"Saída de leito carroçável";"Com Vítimas Feridas";"Pleno dia";"Crescente";"Céu Claro";"Múltipla";"Curva";"Sim";1;0;1;0;0;0;1;1;-29,52220183;-49,99975009;"SPRF-RS";"DEL03-RS";"UOP02-DEL03-RS"
516232;2023-04-11;"terça-feira";"12:15:00";"PE";232;27;"MORENO";"Frear bruscamente";"Colisão traseira";"Com Vítimas Feridas";"Pleno dia";"Crescente";"Céu Claro";"Dupla";"Reta";"Não";4;0;1;1;1;1;2;4;-8,11418416;-35,12568999;"SPRF-PE";"DEL01-PE";"UOP01-DEL01-PE"
516234;2023-04-08;"sábado";"06:40:00";"RJ";116;231;"PIRAI";"Acumulo de óleo sobre o pavimento";"Colisão com objeto";"Com Vítimas Feridas";"Pleno dia";"Decrescente";"Chuva";"Simples";"Curva;Declive";"Não";2;0;1;0;1;0;1;1;-22,65223367;-43,82992389;"SPRF-RJ";"DEL07-RJ";"UOP01-DEL07-RJ"
516237;2023-04-11;"terça-feira";"14:00:00";"RS";116;292;"ELDORADO DO SUL";"Avarias e/ou desgaste excessivo no pneu";"Tombamento";"Com Vítimas Feridas";"Pleno dia";"Decrescente";"Céu Claro";"Dupla";"Reta";"Não";1;0;1;0;0;0;1;1;-30,05365284;-51,33574234;"SPRF-RS";"DEL02-RS";"UOP01-DEL02-RS"
516241;2023-04-11;"terça-feira";"14:00:00";"PR";153;461;"UNIAO DA VITORIA";"Frear bruscamente";"Colisão traseira";"Sem Vítimas";"Pleno dia";"Decrescente";"Céu Claro";"Simples";"Curva;Declive";"Não";2;0;0;0;2;0;0;2;-26,24723557;-51,16127014;"SPRF-PR";"DEL02-PR";"UOP03-DEL02-PR"
516244;2023-04-11;"terça-feira";"14:25:00";"RS";290;32;"SANTO ANTONIO DA PATRULHA";"Ausência de reação do condutor";"Saída de leito carroçável";"Com Vítimas Feridas";"Pleno dia";"Crescente";"Céu Claro";"Dupla";"Reta";"Não";1;0;1;0;0;0;1;1;-29,884845;-50,576453;"SPRF-RS";"DEL03-RS";"UOP01-DEL03-RS"
516246;2023-02-26;"domingo";"17:25:00";"DF";70;11;"BRASILIA";"Ausência de reação do condutor";"Colisão traseira";"Com Vítimas Feridas";"Pleno dia";"Decrescente";"Sol";"Dupla";"Reta";"Sim";2;0;1;0;1;0;1;2;-15,789762;-48,148727;"SPRF-DF";"DEL03-DF";"UOP02-DEL03-DF"
516255;2023-04-11;"terça-feira";"14:30:00";"AL";101;242;"PORTO REAL DO COLEGIO";"Reação tardia ou ineficiente do condutor";"Saída de leito carroçável";"Com Vítimas Fatais";"Pleno dia";"Crescente";"Sol";"Dupla";"Reta";"Não";1;1;0;0;0;0;0;1;-10,16106508;-36,81395391;"SPRF-AL";"DEL02-AL";"UOP02-DEL02-AL"
516256;2023-04-11;"terça-feira";"14:35:00";"MG";40;548,3;"NOVA LIMA";"Avarias e/ou desgaste excessivo no pneu";"Queda de ocupante de veículo";"Com Vítimas Feridas";"Pleno dia";"Decrescente";"Céu Claro";"Dupla";"Curva";"Não";1;0;0;1;0;0;1;1;-20,03136499;-43,96967792;"SPRF-MG";"DEL01-MG";"UOP02-DEL01-MG"
516258;2023-04-11;"terça-feira";"15:20:00";"RS";285;263,6;"MATO CASTELHANO";"Obras na pista";"Colisão traseira";"Com Vítimas Feridas";"Pleno dia";"Crescente";"Sol";"Simples";"Curva";"Não";3;0;1;0;1;1;1;3;-28,307638;-52,109058;"SPRF-RS";"DEL08-RS";"UOP03-DEL08-RS"
516261;2023-04-11;"terça-feira";"16:05:00";"RS";116;249,2;"SAO LEOPOLDO";"Ausência de reação do condutor";"Colisão com objeto";"Com Vítimas Feridas";"Pleno dia";"Decrescente";"Sol";"Dupla";"Curva";"Não";1;0;1;0;0;0;1;1;-29,7831804;-51,16099063;"SPRF-RS";"DEL01-RS";"UOP02-DEL01-RS"
516264;2023-04-11;"terça-feira";"16:00:00";"GO";60;71,9;"ABADIANIA";"Acumulo de água sobre o pavimento";"Saída de leito carroçável";"Com Vítimas Feridas";"Pleno dia";"Crescente";"Chuva";"Dupla";"Aclive;Curva";"Não";1;0;1;0;0;0;1;1;-16,2551;-48,7628;"SPRF-GO";"DEL02-GO";"UOP01-DEL02-GO"
516265;2023-04-11;"terça-feira";"15:50:00";"SC";470;54,5;"BLUMENAU";"Desrespeitar a preferência no cruzamento";"Colisão transversal";"Com Vítimas Feridas";"Pleno dia";"Crescente";"Céu Claro";"Simples";"Interseção de Vias;Reta";"Sim";2;0;1;0;1;0;1;2;-26,87316568;-49,11420914;"SPRF-SC";"DEL04-SC";"UOP01-DEL04-SC"
516266;2023-04-11;"terça-feira";"13:40:00";"PR";376;168,9;"MARINGA";"Reação tardia ou ineficiente do condutor";"Queda de ocupante de veículo";"Com Vítimas Feridas";"Pleno dia";"Crescente";"Céu Claro";"Dupla";"Reta";"Não";1;0;1;0;0;0;1;1;-23,409788;-51,987453;"SPRF-PR";"DEL09-PR";"UOP01-DEL09-PR"
516267;2023-04-11;"terça-feira";"17:05:00";"BA";101;36;"ESPLANADA";"Conversão proibida";"Colisão transversal";"Com Vítimas Feridas";"Pleno dia";"Crescente";"Céu Claro";"Simples";"Reta";"Sim";4;0;1;1;2;0;2;2;-11,82457761;-37,98451325;"SPRF-SE";"DEL02-SE";"UOP03-DEL02-SE"
516269;2023-04-11;"terça-feira";"16:00:00";"PR";376;592;"CURITIBA";"Acessar a via sem observar a presença dos outros veículos";"Atropelamento de Pedestre";"Com Vítimas Feridas";"Pleno dia";"Crescente";"Céu Claro";"Dupla";"Reta";"Sim";3;0;1;0;2;0;1;2;-25,47642706;-49,35092413;"SPRF-PR";"DEL01-PR";"UOP06-DEL01-PR"
516270;2023-04-11;"terça-feira";"17:30:00";"RS";386;354;"ESTRELA";"Acessar a via sem observar a presença dos outros veículos";"Colisão transversal";"Com Vítimas Feridas";"Anoitecer";"Decrescente";"Céu Claro";"Simples";"Retorno Regulamentado;Reta";"Sim";3;0;1;0;1;1;1;3;-29,50748317;-51,9425869;"SPRF-RS";"DEL04-RS";"UOP02-DEL04-RS"
516275;2023-04-11;"terça-feira";"18:00:00";"SP";116;155,3;"SAO JOSE DOS CAMPOS";"Frear bruscamente";"Tombamento";"Com Vítimas Feridas";"Plena Noite";"Decrescente";"Céu Claro";"Dupla";"Declive;Reta";"Sim";2;0;1;0;0;1;1;2;-23,24524337;-45,92772774;"SPRF-SP";"DEL02-SP";"UOP01-DEL02-SP"