"id";"data_inversa";"dia_semana";"horario";"uf";"br";"km";"municipio";"causa_acidente";"tipo_acidente";"classificacao_acidente";"fase_dia";"sentido_via";"condicao_metereologica";"tipo_pista";"tracado_via";"uso_solo";"pessoas";"mortos";"feridos_leves";"feridos_graves";"ilesos";"ignorados";"feridos";"veiculos";"latitude";"longitude";"regional";"delegacia";"uop"
516276;2023-04-11;"terça-feira";"18:00:00";"RJ";116;175;"SAO JOAO DE MERITI";"Acesso irregular";"Colisão lateral mesmo sentido";"Com Vítimas Feridas";"Anoitecer";"Crescente";"Ignorado";"Dupla";"Reta";"Sim";5;0;1;0;2;2;1;4;-22,78923555;-43,37275272;"SPRF-RJ";"DEL01-RJ";"UOP02-DEL01-RJ"
516279;2023-04-11;"terça-feira";"18:10:00";"MS";158;284;"TRES LAGOAS";"Reação tardia ou ineficiente do condutor";"Tombamento";"Com Vítimas Feridas";"Plena Noite";"Crescente";"Céu Claro";"Simples";"Reta";"Não";1;0;0;1;0;0;1;1;-20,86079789;-51,74334727;"SPRF-MS";"DEL07-MS";"UOP01-DEL07-MS"
516280;2023-04-11;"terça-feira";"18:40:00";"RJ";101;428;"MANGARATIBA";"Área urbana sem a presença de local apropriado para a travessia de pedestres";"Atropelamento de Pedestre";"Com Vítimas Fatais";"Plena Noite";"Decrescente";"Céu Claro";"Dupla";"Retorno Regulamentado;Reta";"Sim";2;1;0;0;1;0;0;2;-22,935689;-43,999674;"SPRF-RJ";"DEL03-RJ";"UOP02-DEL03-RJ"
516282;2023-04-11;"terça-feira";"18:50:00";"RJ";101;70;"CAMPOS DOS GOYTACAZES";"Avarias e/ou desgaste excessivo no pneu";"Eventos atípicos";"Com Vítimas Feridas";"Plena Noite";"Decrescente";"Nublado";"Simples";"Reta";"Não";2;0;2;0;0;0;2;1;-21,782011;-41,374777;"SPRF-RJ";"DEL08-RJ";"UOP02-DEL08-RJ"
516283;2023-04-11;"terça-feira";"18:30:00";"MS";163;462,1;"CAMPO GRANDE";"Desrespeitar a preferência no cruzamento";"Colisão lateral sentido oposto";"Com Vítimas Feridas";"Plena Noite";"Crescente";"Nublado";"Simples";"Reta";"Sim";3;0;0;1;2;0;1;2;-20,62069293;-54,5742707;"SPRF-MS";"DEL01-MS";"UOP01-DEL01-MS"
516284;2023-04-11;"terça-feira";"17:20:00";"PB";230;20;"JOAO PESSOA";"Área urbana sem a presença de local apropriado para a travessia de pedestres";"Atropelamento de Pedestre";"Com Vítimas Feridas";"Anoitecer";"Crescente";"Céu Claro";"Simples";"Aclive";"Não";2;0;1;0;1;0;1;2;-7,1337;-34,8544;"SPRF-PB";"DEL01-PB";"UOP01-DEL01-PB"
516285;2023-04-11;"terça-feira";"19:20:00";"RN";101;100;"PARNAMIRIM";"Condutor usando celular";"Colisão traseira";"Com Vítimas Feridas";"Plena Noite";"Crescente";"Céu Claro";"Múltipla";"Reta;Aclive";"Sim";3;0;1;0;2;0;1;2;-5,88106901;-35,22542396;"SPRF-RN";"DEL01-RN";"UOP01-DEL01-RN"
516286;2023-04-11;"terça-feira";"19:40:00";"CE";20;82;"TAUA";"Transitar na contramão";"Colisão frontal";"Com Vítimas Feridas";"Plena Noite";"Crescente";"Céu Claro";"Simples";"Reta";"Sim";3;0;0;2;1;0;2;2;-6,01386965;-40,29326037;"SPRF-CE";"DEL02-CE";"UOP02-DEL02-CE"
516289;2023-04-11;"terça-feira";"18:50:00";"PR";116;105;"SAO JOSE DOS PINHAIS";"Ausência de reação do condutor";"Colisão traseira";"Com Vítimas Feridas";"Plena Noite";"Crescente";"Nublado";"Dupla";"Reta";"Não";2;0;0;1;1;0;1;2;-25,56635207;-49,16833598;"SPRF-PR";"DEL01-PR";"UOP07-DEL01-PR"
516290;2023-04-11;"terça-feira";"20:05:00";"SC";101;214,4;"PALHOCA";"Reação tardia ou ineficiente do condutor";"Atropelamento de Pedestre";"Com Vítimas Feridas";"Plena Noite";"Crescente";"Céu Claro";"Simples";"Reta";"Sim";2;0;2;0;0;0;2;2;-27,64443;-48,67057;"SPRF-SC";"DEL01-SC";"UOP02-DEL01-SC"
516294;2023-04-11;"terça-feira";"20:06:00";"RJ";101;318;"SAO GONCALO";"Reação tardia ou ineficiente do condutor";"Colisão traseira";"Com Vítimas Feridas";"Plena Noite";"Crescente";"Nublado";"Dupla";"Reta";"Sim";4;0;2;0;2;0;2;2;-22,84562994;-43,09841211;"SPRF-RJ";"DEL02-RJ";"UOP02-DEL02-RJ"
516296;2023-04-11;"terça-feira";"18:50:00";"SC";101;59,2;"ARAQUARI";"Pista Escorregadia";"Colisão lateral mesmo sentido";"Com Vítimas Feridas";"Plena Noite";"Decrescente";"Céu Claro";"Dupla";"Reta";"Não";3;0;1;0;2;0;1;3;-26,44651734;-48,79426826;"SPRF-SC";"DEL03-SC";"UOP02-DEL03-SC"
516297;2023-02-27;"segunda-feira";"18:00:00";"SC";101;139,2;"BALNEARIO CAMBORIU";"Manobra de mudança de faixa";"Colisão lateral mesmo sentido";"Com Vítimas Feridas";"Pleno dia";"Crescente";"Sol";"Dupla";"Reta";"Não";2;0;0;1;1;0;1;2;-27,02982303;-48,60115006;"SPRF-SC";"DEL04-SC";"UOP03-DEL04-SC"
516298;2023-04-11;"terça-feira";"19:20:00";"RJ";101;277;"TANGUA";"Reação tardia ou ineficiente do condutor";"Saída de leito carroçável";"Com Vítimas Feridas";"Plena Noite";"Crescente";"Céu Claro";"Dupla";"Reta";"Sim";1;0;1;0;0;0;1;1;-22,73943906;-42,748279;"SPRF-RJ";"DEL02-RJ";"UOP03-DEL02-RJ"
516301;2023-04-11;"terça-feira";"20:00:00";"PB";101;1,2;"MATARACA";"Ausência de reação do condutor";"Colisão com objeto";"Com Vítimas Feridas";"Plena Noite";"Decrescente";"Céu Claro";"Dupla";"Reta;Retorno Regulamentado";"Não";1;0;1;0;0;0;1;1;-6,51423092;-35,11133633;"SPRF-PB";"DEL01-PB";"UOP04-DEL01-PB"
516302;2023-04-11;"terça-feira";"19:00:00";"RR";174;489;"BOA VISTA";"Pedestre andava na pista";"Atropelamento de Pedestre";"Com Vítimas Feridas";"Plena Noite";"Decrescente";"Céu Claro";"Simples";"Reta";"Não";2;0;0;1;1;0;1;2;2,732332;-60,782288;"SPRF-RR";"DEL01-RR";"UOP01-DEL01-RR"
516304;2023-04-11;"terça-feira";"18:25:00";"MG";116;413;"GOVERNADOR VALADARES";"Desrespeitar a preferência no cruzamento";"Colisão transversal";"Com Vítimas Feridas";"Anoitecer";"Crescente";"Nublado";"Simples";"Rotatória";"Sim";3;0;2;0;1;0;2;2;-18,873907;-41,966366;"SPRF-MG";"DEL06-MG";"UOP01-DEL06-MG"
516305;2023-04-11;"terça-feira";"19:35:00";"MT";163;1066;"GUARANTA DO NORTE";"Ingestão de álcool pelo condutor";"Colisão traseira";"Com Vítimas Feridas";"Plena Noite";"Crescente";"Céu Claro";"Dupla";"Reta";"Sim";2;0;1;0;1;0;1;2;-10,07803309;-54,90939686;"SPRF-MT";"DEL06-MT";"UOP03-DEL06-MT"
516307;2023-04-11;"terça-feira";"21:30:00";"SP";116;114,9;"TAUBATE";"Manobra de mudança de faixa";"Colisão traseira";"Com Vítimas Feridas";"Plena Noite";"Crescente";"Céu Claro";"Dupla";"Reta";"Sim";3;0;0;1;2;0;1;3;-23,04654177;-45,59018006;"SPRF-SP";"DEL02-SP";"UOP02-DEL02-SP"
516308;2023-04-11;"terça-feira";"18:00:00";"RS";470;177;"VERANOPOLIS";"Acessar a via sem observar a presença dos outros veículos";"Colisão transversal";"Sem Vítimas";"Anoitecer";"Crescente";"Céu Claro";"Simples";"Reta;Interseção de Vias";"Sim";2;0;0;0;2;0;0;2;-28,93915139;-51,54591976;"SPRF-RS";"DEL06-RS";"UOP02-DEL06-RS"
516311;2023-04-11;"terça-feira";"20:30:00";"MG";381;403;"BOM JESUS DO AMPARO";"Afundamento ou ondulação no pavimento";"Queda de ocupante de veículo";"Com Vítimas Feridas";"Plena Noite";"Decrescente";"Nublado";"Dupla";"Reta;Viaduto";"Não";1;0;1;0;0;0;1;1;-19,75137942;-43,53638096;"SPRF-MG";"DEL01-MG";"UOP01-DEL01-MG"
516312;2023-04-11;"terça-feira";"18:15:00";"MG";354;580;"CAMPOS ALTOS";"Reação tardia ou ineficiente do condutor";"Colisão com objeto";"Com Vítimas Feridas";"Plena Noite";"Decrescente";"Nublado";"Simples";"Interseção de Vias";"Não";2;0;1;0;1;0;1;1;-19,648948;-46,070531;"SPRF-MG";"DEL04-MG";"UOP02-DEL04-MG"
516313;2023-03-30;"quinta-feira";"23:51:00";"MS";163;104;"NAVIRAI";"Reação tardia ou ineficiente do condutor";"Colisão com objeto";"Com Vítimas Feridas";"Plena Noite";"Crescente";"Céu Claro";"Simples";"Curva";"Não";1;0;0;1;0;0;1;1;-23,06614982;-54,20139313;"SPRF-MS";"DEL09-MS";"UOP01-DEL09-MS"
516314;2023-04-11;"terça-feira";"22:00:00";"PB";230;57;"CRUZ DO ESPIRITO SANTO";"Reação tardia ou ineficiente do condutor";"Saída de leito carroçável";"Com Vítimas Feridas";"Plena Noite";"Crescente";"Céu Claro";"Dupla";"Reta";"Não";2;0;1;1;0;0;2;1;-7,2028;-35,1125;"SPRF-PB";"DEL01-PB";"UOP03-DEL01-PB"
516316;2023-04-12;"quarta-feira";"00:01:00";"SP";101;51;"UBATUBA";"Reação tardia ou ineficiente do condutor";"Queda de ocupante de veículo";"Com Vítimas Feridas";"Plena Noite";"Crescente";"Céu Claro";"Simples";"Reta";"Sim";1;0;1;0;0;0;1;1;-23,45627795;-45,07111896;"SPRF-SP";"DEL06-SP";"UOP01-DEL06-SP"
516317;2023-04-11;"terça-feira";"22:30:00";"RJ";493;4;"ITABORAI";"Ausência de reação do condutor";"Saída de leito carroçável";"Com Vítimas Feridas";"Plena Noite";"Crescente";"Céu Claro";"Simples";"Reta";"Não";3;0;3;0;0;0;3;1;-22,74828913;-42,9500441;"SPRF-RJ";"DEL02-RJ";"UOP02-DEL02-RJ"
516319;2023-04-11;"terça-feira";"18:30:00";"RS";293;113;"PINHEIRO MACHADO";"Manobra de mudança de faixa";"Colisão frontal";"Com Vítimas Fatais";"Anoitecer";"Decrescente";"Céu Claro";"Simples";"Reta";"Não";7;3;1;3;0;0;4;2;-31,54835011;-53,42998502;"SPRF-RS";"DEL11-RS";"UOP03-DEL11-RS"
516320;2023-04-12;"quarta-feira";"01:10:00";"MS";158;289;"TRES LAGOAS";"Ingestão de álcool pelo condutor";"Tombamento";"Com Vítimas Feridas";"Plena Noite";"Crescente";"Céu Claro";"Simples";"Reta";"Não";2;0;0;2;0;0;2;1;-20,899132;-51,764786;"SPRF-MS";"DEL07-MS";"UOP01-DEL07-MS"
516323;2023-04-12;"quarta-feira";"03:30:00";"SP";381;50;"ATIBAIA";"Reação tardia ou ineficiente do condutor";"Tombamento";"Com Vítimas Feridas";"Plena Noite";"Crescente";"Nublado";"Simples";"Reta";"Não";1;0;1;0;0;0;1;1;-23,21359807;-46,59367981;"SPRF-SP";"DEL03-SP";"UOP01-DEL03-SP"
516325;2023-04-12;"quarta-feira";"04:30:00";"BA";324;548;"AMELIA RODRIGUES";"Ausência de reação do condutor";"Colisão traseira";"Com Vítimas Feridas";"Plena Noite";"Crescente";"Céu Claro";"Dupla";"Reta";"Não";2;0;0;1;0;1;1;2;-12,445979;-38,714724;"SPRF-BA";"DEL01-BA";"UOP03-DEL01-BA"
516326;2023-04-12;"quarta-feira";"05:10:00";"RO";364;698;"PORTO VELHO";"Ingestão de álcool pelo condutor";"Colisão com objeto";"Sem Vítimas";"Amanhecer";"Decrescente";"Ignorado";"Dupla";"Reta";"Não";1;0;0;0;1;0;0;1;-8,803296;-63,751313;"SPRF-RO";"DEL01-RO";"UOP01-DEL01-RO"
516328;2023-04-12;"quarta-feira";"06:40:00";"SC";101;214;"PALHOCA";"Manobra de mudança de faixa";"Colisão lateral mesmo sentido";"Com Vítimas Feridas";"Pleno dia";"Decrescente";"Céu Claro";"Múltipla";"Reta";"Sim";2;0;0;1;1;0;1;2;-27,64443;-48,67057;"SPRF-SC";"DEL01-SC";"UOP02-DEL01-SC"
516329;2023-04-12;"quarta-feira";"06:15:00";"SC";101;207;"SAO JOSE";"Reação tardia ou ineficiente do condutor";"Tombamento";"Com Vítimas Feridas";"Pleno dia";"Decrescente";"Sol";"Múltipla";"Reta;Declive";"Sim";1;0;1;0;0;0;1;1;-27,60001226;-48,6226467;"SPRF-SC";"DEL01-SC";"UOP01-DEL01-SC"
516331;2023-04-12;"quarta-feira";"04:30:00";"RS";285;116,1;"VACARIA";"Ausência de reação do condutor";"Saída de leito carroçável";"Com Vítimas Feridas";"Plena Noite";"Decrescente";"Nublado";"Simples";"Reta;Declive";"Não";1;0;1;0;0;0;1;1;-28,51351904;-50,89957237;"SPRF-RS";"DEL05-RS";"UOP03-DEL05-RS"
516332;2023-04-12;"quarta-feira";"07:21:00";"RN";405;1;"MOSSORO";"Ausência de reação do condutor";"Tombamento";"Com Vítimas Feridas";"Pleno dia";"Crescente";"Céu Claro";"Dupla";"Reta";"Não";1;0;1;0;0;0;1;1;-5,19170196;-37,361471;"SPRF-RN";"DEL04-RN";"UOP02-DEL04-RN"
516333;2023-04-12;"quarta-feira";"06:50:00";"SP";116;283;"EMBU DAS ARTES";"Trafegar com motocicleta (ou similar) entre as faixas";"Tombamento";"Com Vítimas Feridas";"Pleno dia";"Decrescente";"Céu Claro";"Dupla";"Reta";"Sim";1;0;1;0;0;0;1;1;-23,69297005;-46,86352786;"SPRF-SP";"DEL04-SP";"UOP01-DEL04-SP"
516335;2023-04-11;"terça-feira";"19:00:00";"SC";101;192;"BIGUACU";"Reação tardia ou ineficiente do condutor";"Colisão lateral mesmo sentido";"Com Vítimas Feridas";"Plena Noite";"Crescente";"Céu Claro";"Dupla";"Reta";"Sim";2;0;1;0;0;1;1;2;-27,48443781;-48,64765238;"SPRF-SC";"DEL01-SC";"UOP01-DEL01-SC"
516337;2023-04-12;"quarta-feira";"06:50:00";"RJ";116;212;"SEROPEDICA";"Ausência de reação do condutor";"Atropelamento de Pedestre";"Com Vítimas Feridas";"Pleno dia";"Crescente";"Céu Claro";"Dupla";"Reta";"Sim";2;0;1;0;1;0;1;2;-22,71844298;-43,700897;"SPRF-RJ";"DEL01-RJ";"UOP03-DEL01-RJ"
516339;2023-04-12;"quarta-feira";"07:30:00";"PR";116;141;"MANDIRITUBA";"Acessar a via sem observar a presença dos outros veículos";"Colisão lateral mesmo sentido";"Com Vítimas Feridas";"Pleno dia";"Decrescente";"Nevoeiro/Neblina";"Dupla";"Declive;Retorno Regulamentado;Reta";"Sim";4;0;2;0;2;0;2;3;-25,77732472;-49,32408571;"SPRF-PR";"DEL01-PR";"UOP03-DEL01-PR"
516340;2023-04-12;"quarta-feira";"08:10:00";"SC";101;201,1;"SAO JOSE";"Reação tardia ou ineficiente do condutor";"Colisão traseira";"Com Vítimas Feridas";"Pleno dia";"Crescente";"Sol";"Múltipla";"Reta";"Sim";3;0;2;0;1;0;2;2;-27,54836599;-48,61977975;"SPRF-SC";"DEL01-SC";"UOP01-DEL01-SC"
516341;2023-04-02;"domingo";"15:30:00";"PR";277;587,1;"CASCAVEL";"Avarias e/ou desgaste excessivo no pneu";"Queda de ocupante de veículo";"Com Vítimas Feridas";"Pleno dia";"Decrescente";"Céu Claro";"Dupla";"Reta;Aclive";"Sim";2;0;0;2;0;0;2;1;-24,96941255;-53,42959722;"SPRF-PR";"DEL04-PR";"UOP01-DEL04-PR"
516342;2023-04-12;"quarta-feira";"08:00:00";"SC";101;202,4;"SAO JOSE";"Trafegar com motocicleta (ou similar) entre as faixas";"Colisão lateral mesmo sentido";"Com Vítimas Feridas";"Pleno dia";"Crescente";"Céu Claro";"Dupla";"Reta";"Sim";3;0;2;0;1;0;2;2;-27,55711595;-48,61897889;"SPRF-SC";"DEL01-SC";"UOP01-DEL01-SC"
516343;2023-04-12;"quarta-feira";"07:50:00";"SP";116;273;"TABOAO DA SERRA";"Acessar a via sem observar a presença dos outros veículos";"Colisão frontal";"Com Vítimas Feridas";"Pleno dia";"Crescente";"Céu Claro";"Dupla";"Reta";"Sim";2;0;1;0;1;0;1;2;-23,62809795;-46,81870306;"SPRF-SP";"DEL04-SP";"UOP01-DEL04-SP"
516344;2023-04-12;"quarta-feira";"07:20:00";"RS";287;365,5;"JAGUARI";"Condutor Dormindo";"Saída de leito carroçável";"Com Vítimas Feridas";"Pleno dia";"Crescente";"Sol";"Simples";"Declive;Curva";"Não";1;0;1;0;0;0;1;1;-29,41730686;-54,72364084;"SPRF-RS";"DEL12-RS";"UOP02-DEL12-RS"
516345;2023-04-12;"quarta-feira";"07:00:00";"ES";101;193;"LINHARES";"Condutor deixou de manter distância do veículo da frente";"Colisão traseira";"Com Vítimas Feridas";"Pleno dia";"Crescente";"Céu Claro";"Simples";"Reta;Declive";"Não";2;0;1;0;1;0;1;2;-19,69809864;-40,30350816;"SPRF-ES";"DEL04-ES";"UOP01-DEL04-ES"
516347;2023-04-12;"quarta-feira";"07:50:00";"MG";40;532,5;"BELO HORIZONTE";"Manobra de mudança de faixa";"Colisão traseira";"Com Vítimas Feridas";"Pleno dia";"Crescente";"Céu Claro";"Dupla";"Declive;Reta";"Sim";3;0;0;2;1;0;2;2;-19,92372561;-44,01700789;"SPRF-MG";"DEL01-MG";"UOP02-DEL01-MG"
516348;2023-04-12;"quarta-feira";"06:30:00";"MG";40;593,2;"OURO PRETO";"Condutor deixou de manter distância do veículo da frente";"Colisão traseira";"Com Vítimas Feridas";"Pleno dia";"Crescente";"Nublado";"Dupla";"Aclive;Curva";"Não";4;0;2;0;2;0;2;2;-20,395185;-43,90502;"SPRF-MG";"DEL05-MG";"UOP02-DEL05-MG"
516351;2023-04-12;"quarta-feira";"09:15:00";"GO";70;2,7;"AGUAS LINDAS DE GOIAS";"Manobra de mudança de faixa";"Saída de leito carroçável";"Sem Vítimas";"Pleno dia";"Decrescente";"Céu Claro";"Múltipla";"Reta";"Sim";1;0;0;0;1;0;0;1;-15,73733681;-48,27407468;"SPRF-DF";"DEL03-DF";"UOP02-DEL03-DF"
516352;2023-04-12;"quarta-feira";"07:50:00";"BA";324;481;"TANQUINHO";"Condutor Dormindo";"Saída de leito carroçável";"Sem Vítimas";"Pleno dia";"Crescente";"Céu Claro";"Simples";"Declive";"Não";1;0;0;0;0;1;0;1;-12,00842391;-39,06004191;"SPRF-BA";"DEL02-BA";"UOP01-DEL02-BA"
516353;2023-04-12;"quarta-feira";"09:20:00";"PB";230;165,5;"CAMPINA GRANDE";"Reação tardia ou ineficiente do condutor";"Colisão traseira";"Com Vítimas Feridas";"Pleno dia";"Decrescente";"Céu Claro";"Simples";"Curva";"Não";3;0;1;1;1;0;2;2;-7,2051;-35,951;"SPRF-PB";"DEL02-PB";"UOP02-DEL02-PB"
516354;2023-04-12;"quarta-feira";"09:08:00";"RR";401;1;"BOA VISTA";"Conversão proibida";"Colisão transversal";"Com Vítimas Feridas";"Pleno dia";"Crescente";"Céu Claro";"Múltipla";"Reta;Interseção de Vias";"Sim";2;0;1;0;1;0;1;2;2,80229396;-60,68243402;"SPRF-RR";"DEL01-RR";"UOP01-DEL01-RR"
516355;2023-04-12;"quarta-feira";"10:50:00";"RS";290;91;"PORTO ALEGRE";"Manobra de mudança de faixa";"Colisão lateral mesmo sentido";"Com Vítimas Feridas";"Pleno dia";"Decrescente";"Céu Claro";"Dupla";"Reta";"Sim";2;0;1;0;1;0;1;2;-29,96934832;-51,16843164;"SPRF-RS";"DEL01-RS";"UOP01-DEL01-RS"
516356;2023-04-12;"quarta-feira";"10:30:00";"MG";381;931;"ITAPEVA";"Condutor deixou de manter distância do veículo da frente";"Colisão traseira";"Com Vítimas Feridas";"Pleno dia";"Crescente";"Céu Claro";"Dupla";"Reta";"Não";2;0;1;0;1;0;1;2;-22,8076393;-46,27636971;"SPRF-MG";"DEL16-MG";"UOP03-DEL16-MG"
516359;2023-04-12;"quarta-feira";"10:50:00";"PR";277;0;"FOZ DO IGUACU";"Acessar a via sem observar a presença dos outros veículos";"Colisão lateral mesmo sentido";"Com Vítimas Feridas";"Pleno dia";"Crescente";"Céu Claro";"Dupla";"Aclive;Interseção de Vias;Reta";"Sim";4;0;1;0;3;0;1;2;-25,50665787;-54,58454132;"SPRF-PR";"DEL05-PR";"UOP03-DEL05-PR"
516360;2023-04-12;"quarta-feira";"10:30:00";"RS";290;500,5;"ROSARIO DO SUL";"Afundamento ou ondulação no pavimento";"Tombamento";"Com Vítimas Feridas";"Pleno dia";"Crescente";"Céu Claro";"Simples";"Reta";"Não";2;0;1;0;1;0;1;1;-30,18096;-55,103222;"SPRF-RS";"DEL11-RS";"UOP02-DEL11-RS"
516361;2023-04-05;"quarta-feira";"20:50:00";"MG";40;320,8;"TRES MARIAS";"Velocidade Incompatível";"Colisão com objeto";"Com Vítimas Feridas";"Plena Noite";"Decrescente";"Nublado";"Simples";"Declive;Curva";"Não";2;0;0;1;1;0;1;1;-18,51247005;-45,07802246;"SPRF-MG";"DEL14-MG";"UOP02-DEL14-MG"
516363;2023-04-12;"quarta-feira";"10:55:00";"SC";101;122;"ITAJAI";"Reação tardia ou ineficiente do condutor";"Colisão com objeto";"Com Vítimas Feridas";"Pleno dia";"Decrescente";"Céu Claro";"Dupla";"Reta";"Sim";3;0;2;0;1;0;2;1;-26,92955916;-48,70499836;"SPRF-SC";"DEL04-SC";"UOP04-DEL04-SC"
516364;2023-04-12;"quarta-feira";"10:36:00";"PE";101;42,3;"IGARASSU";"Acessar a via sem observar a presença dos outros veículos";"Colisão lateral mesmo sentido";"Com Vítimas Feridas";"Pleno dia";"Decrescente";"Sol";"Múltipla";"Reta;Aclive";"Sim";5;0;1;0;4;0;1;2;-7,83887431;-34,91196739;"SPRF-PE";"DEL01-PE";"UOP02-DEL01-PE"
516365;2023-04-12;"quarta-feira";"10:14:00";"SC";101;207;"SAO JOSE";"Ausência de reação do condutor";"Colisão lateral mesmo sentido";"Com Vítimas Feridas";"Pleno dia";"Decrescente";"Céu Claro";"Dupla";"Reta";"Não";2;0;1;0;0;1;1;2;-27,60001226;-48,6226467;"SPRF-SC";"DEL01-SC";"UOP01-DEL01-SC"
516370;2023-04-12;"quarta-feira";"11:35:00";"ES";101;176;"ARACRUZ";"Acessar a via sem observar a presença dos outros veículos";"Colisão transversal";"Com Vítimas Feridas";"Pleno dia";"Crescente";"Céu Claro";"Simples";"Reta";"Sim";2;0;1;0;1;0;1;2;-19,59523801;-40,19835299;"SPRF-ES";"DEL04-ES";"UOP01-DEL04-ES"
516372;2023-04-12;"quarta-feira";"04:50:00";"SC";470;89,4;"ASCURRA";"Conversão proibida";"Colisão lateral sentido oposto";"Com Vítimas Feridas";"Plena Noite";"Decrescente";"Céu Claro";"Simples";"Reta";"Sim";2;0;1;0;1;0;1;2;-26,96736435;-49,36837527;"SPRF-SC";"DEL04-SC";"UOP01-DEL04-SC"
516373;2023-04-12;"quarta-feira";"11:30:00";"PB";0;0;"JOAO PESSOA";"Acessar a via sem observar a presença dos outros veículos";"Colisão transversal";"Sem Vítimas";"Pleno dia";"Não Informado";"Chuva";"Simples";"Reta";"Sim";2;0;0;0;2;0;0;2;-7,164163;-34,8639;"SPRF-PB";"DEL01-PB";"UOP02-DEL01-PB"
516374;2023-04-12;"quarta-feira";"12:00:00";"RJ";116;187;"NOVA IGUACU";"Ausência de reação do condutor";"Colisão traseira";"Com Vítimas Feridas";"Pleno dia";"Crescente";"Céu Claro";"Múltipla";"Reta";"Não";6;0;1;0;5;0;1;5;-22,73883756;-43,47245197;"SPRF-RJ";"DEL01-RJ";"UOP02-DEL01-RJ"
516375;2023-04-12;"quarta-feira";"12:10:00";"SP";381;43,6;"ATIBAIA";"Manobra de mudança de faixa";"Colisão lateral mesmo sentido";"Com Vítimas Feridas";"Pleno dia";"Crescente";"Céu Claro";"Múltipla";"Reta";"Sim";2;0;2;0;0;0;2;1;-23,15597105;-46,5740155;"SPRF-SP";"DEL03-SP";"UOP01-DEL03-SP"
516376;2023-04-12;"quarta-feira";"10:35:00";"BA";101;69;"ENTRE RIOS";"Conversão proibida";"Colisão traseira";"Com Vítimas Feridas";"Pleno dia";"Crescente";"Céu Claro";"Dupla";"Reta";"Não";7;0;4;2;1;0;6;2;-11,97325877;-38,18950106;"SPRF-BA";"DEL01-BA";"UOP04-DEL01-BA"
516380;2023-03-27;"segunda-feira";"04:35:00";"SP";459;31,7;"LORENA";"Animais na Pista";"Atropelamento de Animal";"Com Vítimas Feridas";"Plena Noite";"Decrescente";"Nublado";"Simples";"Reta";"Sim";1;0;0;1;0;0;1;1;-22,732813;-45,098679;"SPRF-SP";"DEL08-SP";"UOP02-DEL08-SP"
516384;2023-04-12;"quarta-feira";"13:00:00";"SP";116;280;"EMBU DAS ARTES";"Condutor deixou de manter distância do veículo da frente";"Colisão lateral mesmo sentido";"Com Vítimas Feridas";"Pleno dia";"Crescente";"Sol";"Dupla";"Reta";"Não";3;0;1;0;2;0;1;2;-23,66996108;-46,85590758;"SPRF-SP";"DEL04-SP";"UOP01-DEL04-SP"
516386;2023-04-12;"quarta-feira";"13:20:00";"RJ";116;201;"QUEIMADOS";"Avarias e/ou desgaste excessivo no pneu";"Queda de ocupante de veículo";"Com Vítimas Feridas";"Pleno dia";"Crescente";"Sol";"Dupla";"Curva";"Não";2;0;2;0;0;0;2;1;-22,73124742;-43,60364806;"SPRF-RJ";"DEL01-RJ";"UOP03-DEL01-RJ"
516390;2023-04-09;"domingo";"00:29:00";"PR";116;120;"CURITIBA";"Reação tardia ou ineficiente do condutor";"Queda de ocupante de veículo";"Com Vítimas Feridas";"Plena Noite";"Crescente";"Nublado";"Dupla";"Reta";"Sim";2;0;0;1;0;1;1;1;-25,55122256;-49,30503748;"SPRF-PR";"DEL01-PR";"UOP03-DEL01-PR"
516392;2023-04-12;"quarta-feira";"12:15:00";"GO";153;396;"PIRENOPOLIS";"Ingestão de álcool pelo condutor";"Colisão traseira";"Sem Vítimas";"Pleno dia";"Decrescente";"Céu Claro";"Simples";"Reta";"Não";2;0;0;0;2;0;0;2;-16,009773;-49,125004;"SPRF-GO";"DEL02-GO";"UOP02-DEL02-GO"
516393;2023-02-10;"sexta-feira";"19:40:00";"PI";316;192;"PICOS";"Ultrapassagem Indevida";"Colisão lateral sentido oposto";"Com Vítimas Feridas";"Plena Noite";"Crescente";"Céu Claro";"Simples";"Reta";"Sim";1;0;1;0;0;0;1;1;-7,00804546;-41,59917355;"SPRF-PI";"DEL04-PI";"UOP02-DEL04-PI"
516396;2023-04-12;"quarta-feira";"13:00:00";"MG";381;512,2;"IGARAPE";"Entrada inopinada do pedestre";"Atropelamento de Pedestre";"Com Vítimas Feridas";"Pleno dia";"Crescente";"Céu Claro";"Dupla";"Reta;Aclive";"Não";2;0;1;0;1;0;1;2;-20,06688591;-44,29641366;"SPRF-MG";"DEL04-MG";"UOP03-DEL04-MG"
516397;2023-03-17;"sexta-feira";"03:50:00";"PA";163;669,4;"ITAITUBA";"Pista esburacada";"Eventos atípicos";"Sem Vítimas";"Plena Noite";"Crescente";"Chuva";"Simples";"Curva;Declive";"Não";4;0;0;0;4;0;0;1;-4,39405178;-55,79024037;"SPRF-PA";"DEL05-PA";"UOP02-DEL05-PA"
516399;2023-04-12;"quarta-feira";"14:10:00";"SC";163;72;"SAO MIGUEL DO OESTE";"Ingestão de álcool pelo condutor";"Colisão transversal";"Sem Vítimas";"Pleno dia";"Decrescente";"Sol";"Dupla";"Declive;Interseção de Vias;Reta";"Sim";2;0;0;0;2;0;0;2;-26,71918008;-53,51575077;"SPRF-SC";"DEL07-SC";"UOP03-DEL07-SC"