"id";"data_inversa";"dia_semana";"horario";"uf";"br";"km";"municipio";"causa_acidente";"tipo_acidente";"classificacao_acidente";"fase_dia";"sentido_via";"condicao_metereologica";"tipo_pista";"tracado_via";"uso_solo";"pessoas";"mortos";"feridos_leves";"feridos_graves";"ilesos";"ignorados";"feridos";"veiculos";"latitude";"longitude";"regional";"delegacia";"uop"
516401;2023-04-12;"quarta-feira";"14:45:00";"SC";470;60,2;"BLUMENAU";"Desrespeitar a preferência no cruzamento";"Colisão transversal";"Com Vítimas Feridas";"Pleno dia";"Decrescente";"Céu Claro";"Simples";"Reta";"Sim";2;0;0;1;1;0;1;2;-26,88138;-49,164543;"SPRF-SC";"DEL04-SC";"UOP01-DEL04-SC"
516402;2023-04-12;"quarta-feira";"09:30:00";"RO";319;59;"PORTO VELHO";"Condutor deixou de manter distância do veículo da frente";"Colisão traseira";"Com Vítimas Feridas";"Pleno dia";"Crescente";"Sol";"Dupla";"Reta";"Sim";2;0;1;0;1;0;1;2;-8,74279848;-63,90443802;"SPRF-RO";"DEL01-RO";"UOP01-DEL01-RO"
516403;2023-04-12;"quarta-feira";"14:43:00";"TO";153;143;"ARAGUAINA";"Condutor deixou de manter distância do veículo da frente";"Colisão lateral mesmo sentido";"Sem Vítimas";"Pleno dia";"Decrescente";"Céu Claro";"Múltipla";"Rotatória";"Sim";2;0;0;0;2;0;0;2;-7,18866332;-48,23207966;"SPRF-TO";"DEL02-TO";"UOP01-DEL02-TO"
516404;2023-02-23;"quinta-feira";"10:40:00";"MG";381;818,1;"CAREACU";"Ausência de reação do condutor";"Colisão traseira";"Com Vítimas Feridas";"Pleno dia";"Decrescente";"Céu Claro";"Dupla";"Aclive;Reta";"Não";2;0;0;1;1;0;1;2;-22,1028022;-45,72436987;"SPRF-MG";"DEL16-MG";"UOP02-DEL16-MG"
516407;2023-03-08;"quarta-feira";"04:20:00";"MG";365;207;"BURITIZEIRO";"Reação tardia ou ineficiente do condutor";"Saída de leito carroçável";"Com Vítimas Feridas";"Plena Noite";"Decrescente";"Nevoeiro/Neblina";"Simples";"Reta";"Não";37;0;10;6;21;0;16;1;-17,53314771;-45,28491709;"SPRF-MG";"DEL10-MG";"UOP01-DEL10-MG"
516408;2023-02-27;"segunda-feira";"20:00:00";"PI";343;56;"BURITI DOS LOPES";"Reação tardia ou ineficiente do condutor";"Colisão com objeto";"Com Vítimas Fatais";"Plena Noite";"Crescente";"Céu Claro";"Simples";"Reta";"Não";2;1;1;0;0;0;1;1;-3,230094;-41,813797;"SPRF-PI";"DEL05-PI";"UOP01-DEL05-PI"
516409;2023-04-12;"quarta-feira";"15:10:00";"PR";116;124,8;"FAZENDA RIO GRANDE";"Trafegar com motocicleta (ou similar) entre as faixas";"Colisão lateral mesmo sentido";"Com Vítimas Feridas";"Pleno dia";"Crescente";"Céu Claro";"Dupla";"Reta";"Não";2;0;2;0;0;0;2;2;-25,58620703;-49,31436887;"SPRF-PR";"DEL01-PR";"UOP03-DEL01-PR"
516412;2023-04-12;"quarta-feira";"15:40:00";"MG";381;496;"BETIM";"Reação tardia ou ineficiente do condutor";"Tombamento";"Com Vítimas Feridas";"Pleno dia";"Crescente";"Chuva";"Múltipla";"Reta";"Sim";2;0;2;0;0;0;2;1;-19,99676497;-44,20958506;"SPRF-MG";"DEL01-MG";"UOP03-DEL01-MG"
516413;2023-03-23;"quinta-feira";"19:36:00";"ES";101;297;"CARIACICA";"Ausência de reação do condutor";"Tombamento";"Com Vítimas Feridas";"Plena Noite";"Crescente";"Ignorado";"Dupla";"Reta";"Sim";1;0;0;1;0;0;1;1;-20,34529844;-40,41026774;"SPRF-ES";"DEL01-ES";"UOP01-DEL01-ES"
516414;2023-02-11;"sábado";"10:00:00";"RJ";101;332;"RIO DE JANEIRO";"Pedestre andava na pista";"Tombamento";"Com Vítimas Feridas";"Pleno dia";"Decrescente";"Céu Claro";"Dupla";"Curva";"Não";3;0;1;1;1;0;2;2;-22,87133305;-43,20407695;"SPRF-RJ";"DEL02-RJ";"UOP01-DEL02-RJ"
516415;2023-04-12;"quarta-feira";"11:30:00";"MA";316;616,3;"TIMON";"Ingestão de álcool pelo condutor";"Colisão transversal";"Sem Vítimas";"Pleno dia";"Crescente";"Sol";"Dupla";"Reta";"Sim";2;0;0;0;1;1;0;2;-5,094195;-42,832569;"SPRF-MA";"DEL03-MA";"UOP02-DEL03-MA"
516417;2023-04-04;"terça-feira";"07:50:00";"MG";381;481;"CONTAGEM";"Ausência de reação do condutor";"Colisão lateral mesmo sentido";"Com Vítimas Feridas";"Pleno dia";"Decrescente";"Céu Claro";"Múltipla";"Reta;Declive";"Não";2;0;1;0;1;0;1;2;-19,95931561;-44,08825597;"SPRF-MG";"DEL01-MG";"UOP03-DEL01-MG"
516418;2023-04-12;"quarta-feira";"15:55:00";"MG";262;380,7;"JUATUBA";"Pista Escorregadia";"Saída de leito carroçável";"Com Vítimas Feridas";"Pleno dia";"Crescente";"Chuva";"Dupla";"Curva";"Não";1;0;1;0;0;0;1;1;-19,935759;-44,438856;"SPRF-MG";"DEL01-MG";"UOP03-DEL01-MG"
516420;2023-04-12;"quarta-feira";"16:19:00";"PE";101;64,8;"RECIFE";"Reação tardia ou ineficiente do condutor";"Colisão traseira";"Com Vítimas Feridas";"Pleno dia";"Crescente";"Céu Claro";"Dupla";"Reta";"Sim";2;0;1;0;1;0;1;2;-8,0162921;-34,94045886;"SPRF-PE";"DEL01-PE";"UOP01-DEL01-PE"
516421;2023-04-12;"quarta-feira";"16:40:00";"BA";116;422;"FEIRA DE SANTANA";"Acessar a via sem observar a presença dos outros veículos";"Colisão traseira";"Com Vítimas Feridas";"Pleno dia";"Decrescente";"Céu Claro";"Simples";"Rotatória";"Sim";2;0;1;0;1;0;1;2;-12,22064702;-38,96561131;"SPRF-BA";"DEL02-BA";"UOP01-DEL02-BA"
516422;2023-04-12;"quarta-feira";"15:55:00";"RS";116;152;"CAXIAS DO SUL";"Acessar a via sem observar a presença dos outros veículos";"Colisão transversal";"Com Vítimas Feridas";"Pleno dia";"Decrescente";"Céu Claro";"Dupla";"Curva;Interseção de Vias";"Sim";2;0;1;0;1;0;1;2;-29,18069774;-51,1638236;"SPRF-RS";"DEL05-RS";"UOP01-DEL05-RS"
516424;2023-04-12;"quarta-feira";"16:30:00";"RJ";101;475;"ANGRA DOS REIS";"Manobra de mudança de faixa";"Colisão traseira";"Com Vítimas Feridas";"Pleno dia";"Crescente";"Céu Claro";"Simples";"Curva";"Não";2;0;1;0;1;0;1;2;-23,00030529;-44,25655988;"SPRF-RJ";"DEL03-RJ";"UOP03-DEL03-RJ"
516426;2023-04-12;"quarta-feira";"08:30:00";"SC";280;234,3;"CANOINHAS";"Retorno proibido";"Colisão transversal";"Com Vítimas Feridas";"Pleno dia";"Crescente";"Céu Claro";"Simples";"Reta;Declive";"Sim";3;0;1;0;2;0;1;2;-26,19130591;-50,40255601;"SPRF-SC";"DEL06-SC";"UOP04-DEL06-SC"
516427;2023-04-12;"quarta-feira";"17:30:00";"SC";282;23;"SANTO AMARO DA IMPERATRIZ";"Acessar a via sem observar a presença dos outros veículos";"Colisão transversal";"Com Vítimas Feridas";"Anoitecer";"Crescente";"Céu Claro";"Simples";"Reta";"Sim";3;0;1;1;1;0;2;2;-27,687958;-48,736794;"SPRF-SC";"DEL01-SC";"UOP02-DEL01-SC"
516428;2023-04-12;"quarta-feira";"16:15:00";"RJ";116;236;"PIRAI";"Reação tardia ou ineficiente do condutor";"Saída de leito carroçável";"Com Vítimas Feridas";"Pleno dia";"Decrescente";"Céu Claro";"Dupla";"Reta";"Não";1;0;1;0;0;0;1;1;-22,665695;-43,864075;"SPRF-RJ";"DEL07-RJ";"UOP01-DEL07-RJ"
516429;2023-04-12;"quarta-feira";"17:45:00";"SP";116;221;"GUARULHOS";"Manobra de mudança de faixa";"Colisão lateral mesmo sentido";"Com Vítimas Feridas";"Anoitecer";"Decrescente";"Nublado";"Múltipla";"Reta";"Sim";2;0;1;0;1;0;1;2;-23,46802395;-46,50704901;"SPRF-SP";"DEL01-SP";"UOP01-DEL01-SP"
516430;2023-04-12;"quarta-feira";"18:00:00";"SP";116;110;"TAUBATE";"Ausência de reação do condutor";"Queda de ocupante de veículo";"Com Vítimas Feridas";"Anoitecer";"Decrescente";"Céu Claro";"Dupla";"Declive";"Sim";2;0;0;1;0;1;1;2;-23,03412614;-45,5526999;"SPRF-SP";"DEL02-SP";"UOP02-DEL02-SP"
516432;2023-04-12;"quarta-feira";"16:30:00";"MG";50;115,4;"UBERABA";"Reação tardia ou ineficiente do condutor";"Colisão com objeto";"Com Vítimas Feridas";"Pleno dia";"Crescente";"Céu Claro";"Dupla";"Curva";"Não";3;0;3;0;0;0;3;1;-19,26611991;-48,12839379;"SPRF-MG";"DEL13-MG";"UOP01-DEL13-MG"
516433;2023-04-12;"quarta-feira";"16:30:00";"RN";226;109;"SANTA CRUZ";"Pedestre cruzava a pista fora da faixa";"Atropelamento de Pedestre";"Com Vítimas Feridas";"Pleno dia";"Crescente";"Céu Claro";"Simples";"Reta";"Sim";2;0;1;0;0;1;1;2;-6,23903584;-36,00368595;"SPRF-RN";"DEL03-RN";"UOP02-DEL03-RN"
516434;2023-04-01;"sábado";"09:09:00";"PA";163;399;"ITAITUBA";"Reação tardia ou ineficiente do condutor";"Tombamento";"Com Vítimas Feridas";"Pleno dia";"Crescente";"Ignorado";"Simples";"Reta";"Não";1;0;1;0;0;0;1;1;-6,30590545;-55,59070142;"SPRF-PA";"DEL05-PA";"UOP02-DEL05-PA"
516435;2023-04-12;"quarta-feira";"17:40:00";"SC";282;526,9;"XAXIM";"Velocidade Incompatível";"Saída de leito carroçável";"Com Vítimas Feridas";"Pleno dia";"Crescente";"Céu Claro";"Simples";"Curva";"Não";1;0;0;1;0;0;1;1;-26,969427;-52,57497;"SPRF-SC";"DEL07-SC";"UOP01-DEL07-SC"
516436;2023-04-12;"quarta-feira";"15:05:00";"RJ";393;284,7;"VOLTA REDONDA";"Mal súbito do condutor";"Tombamento";"Com Vítimas Feridas";"Pleno dia";"Crescente";"Céu Claro";"Simples";"Reta";"Sim";1;0;1;0;0;0;1;1;-22,47341979;-44,05990606;"SPRF-RJ";"DEL05-RJ";"UOP04-DEL05-RJ"
516437;2023-04-12;"quarta-feira";"18:45:00";"SC";101;117;"ITAJAI";"Manobra de mudança de faixa";"Colisão lateral mesmo sentido";"Sem Vítimas";"Plena Noite";"Crescente";"Nublado";"Múltipla";"Declive;Viaduto";"Sim";2;0;0;0;2;0;0;2;-26,88747187;-48,72252969;"SPRF-SC";"DEL04-SC";"UOP04-DEL04-SC"
516438;2023-04-12;"quarta-feira";"18:30:00";"PR";369;157;"LONDRINA";"Ausência de reação do condutor";"Engavetamento";"Sem Vítimas";"Anoitecer";"Crescente";"Céu Claro";"Dupla";"Reta";"Sim";5;0;0;0;4;1;0;3;-23,28790843;-51,22557792;"SPRF-PR";"DEL07-PR";"UOP01-DEL07-PR"
516439;2023-04-12;"quarta-feira";"18:01:00";"RS";290;61,3;"GRAVATAI";"Ausência de reação do condutor";"Saída de leito carroçável";"Com Vítimas Fatais";"Anoitecer";"Decrescente";"Céu Claro";"Múltipla";"Reta";"Não";2;1;0;1;0;0;1;1;-29,927965;-50,868099;"SPRF-RS";"DEL03-RS";"UOP01-DEL03-RS"
516441;2023-04-12;"quarta-feira";"18:40:00";"PR";376;248;"APUCARANA";"Transitar na contramão";"Colisão frontal";"Com Vítimas Fatais";"Plena Noite";"Crescente";"Céu Claro";"Dupla";"Reta";"Sim";3;1;1;0;0;1;1;3;-23,60304277;-51,40905261;"SPRF-PR";"DEL07-PR";"UOP03-DEL07-PR"
516442;2023-04-12;"quarta-feira";"19:00:00";"MG";381;376,2;"SAO GONCALO DO RIO ABAIXO";"Transitar na contramão";"Colisão lateral sentido oposto";"Com Vítimas Feridas";"Plena Noite";"Crescente";"Chuva";"Simples";"Curva";"Não";3;0;1;0;2;0;1;2;-19,84067473;-43,32432747;"SPRF-MG";"DEL01-MG";"UOP01-DEL01-MG"
516443;2023-03-25;"sábado";"22:38:00";"TO";153;138;"ARAGUAINA";"Ingestão de álcool pelo condutor";"Queda de ocupante de veículo";"Com Vítimas Feridas";"Plena Noite";"Crescente";"Céu Claro";"Simples";"Rotatória";"Sim";1;0;1;0;0;0;1;1;-7,15509994;-48,20416232;"SPRF-TO";"DEL02-TO";"UOP01-DEL02-TO"
516444;2023-04-12;"quarta-feira";"19:20:00";"SC";101;226;"PALHOCA";"Velocidade Incompatível";"Capotamento";"Com Vítimas Feridas";"Plena Noite";"Crescente";"Céu Claro";"Dupla";"Reta";"Não";2;0;2;0;0;0;2;1;-27,74200001;-48,63806504;"SPRF-SC";"DEL01-SC";"UOP02-DEL01-SC"
516445;2023-04-12;"quarta-feira";"19:10:00";"MG";381;449,2;"SANTA LUZIA";"Desrespeitar a preferência no cruzamento";"Queda de ocupante de veículo";"Com Vítimas Feridas";"Plena Noite";"Crescente";"Nublado";"Dupla";"Reta;Declive;Interseção de Vias";"Sim";2;0;1;0;0;1;1;2;-19,82335596;-43,83026719;"SPRF-MG";"DEL01-MG";"UOP01-DEL01-MG"
516446;2023-04-12;"quarta-feira";"18:05:00";"RJ";393;235,2;"VASSOURAS";"Ausência de reação do condutor";"Colisão transversal";"Com Vítimas Feridas";"Anoitecer";"Decrescente";"Céu Claro";"Simples";"Reta";"Sim";2;0;1;0;1;0;1;2;-22,41070004;-43,67216934;"SPRF-RJ";"DEL05-RJ";"UOP03-DEL05-RJ"
516447;2023-04-12;"quarta-feira";"19:00:00";"RS";386;350;"ESTRELA";"Reação tardia ou ineficiente do condutor";"Tombamento";"Com Vítimas Feridas";"Plena Noite";"Decrescente";"Céu Claro";"Dupla";"Reta";"Não";1;0;1;0;0;0;1;1;-29,4743;-51,952923;"SPRF-RS";"DEL04-RS";"UOP02-DEL04-RS"
516448;2023-04-12;"quarta-feira";"17:50:00";"AL";101;80;"RIO LARGO";"Deficiência do Sistema de Iluminação/Sinalização";"Colisão traseira";"Com Vítimas Feridas";"Plena Noite";"Crescente";"Céu Claro";"Dupla";"Reta";"Não";2;0;0;2;0;0;2;2;-9,44631269;-35,84294014;"SPRF-AL";"DEL01-AL";"UOP01-DEL01-AL"
516451;2023-04-12;"quarta-feira";"19:40:00";"SC";101;420;"ARARANGUA";"Pedestre cruzava a pista fora da faixa";"Atropelamento de Pedestre";"Com Vítimas Feridas";"Plena Noite";"Decrescente";"Céu Claro";"Simples";"Reta";"Não";2;0;1;0;1;0;1;2;-28,99380392;-49,55081408;"SPRF-SC";"DEL02-SC";"UOP02-DEL02-SC"
516452;2023-04-12;"quarta-feira";"19:30:00";"MG";381;946;"EXTREMA";"Condutor deixou de manter distância do veículo da frente";"Colisão traseira";"Com Vítimas Feridas";"Plena Noite";"Decrescente";"Céu Claro";"Dupla";"Reta";"Não";5;0;3;0;2;0;3;2;-22,87479042;-46,36655782;"SPRF-MG";"DEL16-MG";"UOP03-DEL16-MG"
516453;2023-04-12;"quarta-feira";"17:00:00";"PR";376;334;"ORTIGUEIRA";"Acessar a via sem observar a presença dos outros veículos";"Colisão transversal";"Com Vítimas Feridas";"Pleno dia";"Crescente";"Céu Claro";"Simples";"Curva";"Não";3;0;2;0;1;0;2;2;-24,14186383;-51,0040438;"SPRF-PR";"DEL07-PR";"UOP02-DEL07-PR"
516454;2023-04-12;"quarta-feira";"18:00:00";"RJ";116;180;"NOVA IGUACU";"Manobra de mudança de faixa";"Colisão lateral mesmo sentido";"Com Vítimas Feridas";"Plena Noite";"Crescente";"Céu Claro";"Múltipla";"Reta";"Sim";2;0;1;0;1;0;1;2;-22,7651616;-43,4154728;"SPRF-RJ";"DEL01-RJ";"UOP02-DEL01-RJ"
516457;2023-04-12;"quarta-feira";"18:40:00";"SC";470;9,5;"NAVEGANTES";"Desvio temporário";"Colisão com objeto";"Com Vítimas Feridas";"Anoitecer";"Crescente";"Céu Claro";"Dupla";"Reta";"Sim";1;0;0;1;0;0;1;1;-26,833143;-48,727432;"SPRF-SC";"DEL04-SC";"UOP04-DEL04-SC"
516458;2023-04-12;"quarta-feira";"19:40:00";"PR";376;191,9;"MARIALVA";"Acessar a via sem observar a presença dos outros veículos";"Colisão transversal";"Sem Vítimas";"Plena Noite";"Decrescente";"Céu Claro";"Dupla";"Curva;Declive";"Não";4;0;0;0;4;0;0;2;-23,48985568;-51,8170166;"SPRF-PR";"DEL09-PR";"UOP01-DEL09-PR"
516459;2023-04-12;"quarta-feira";"19:40:00";"RS";116;394,3;"CAMAQUA";"Ingestão de álcool pelo condutor";"Tombamento";"Com Vítimas Feridas";"Plena Noite";"Decrescente";"Céu Claro";"Dupla";"Curva;Retorno Regulamentado";"Não";1;0;1;0;0;0;1;1;-30,84497914;-51,75687894;"SPRF-RS";"DEL02-RS";"UOP02-DEL02-RS"
516460;2023-04-12;"quarta-feira";"20:15:00";"RS";386;45,3;"SEBERI";"Transitar na contramão";"Colisão frontal";"Com Vítimas Feridas";"Plena Noite";"Decrescente";"Céu Claro";"Simples";"Reta";"Não";6;0;0;1;5;0;1;2;-27,448933;-53,414272;"SPRF-RS";"DEL08-RS";"UOP02-DEL08-RS"
516461;2023-04-12;"quarta-feira";"19:10:00";"SC";101;168;"TIJUCAS";"Ausência de reação do condutor";"Colisão traseira";"Com Vítimas Feridas";"Plena Noite";"Decrescente";"Nublado";"Dupla";"Reta";"Não";2;0;2;0;0;0;2;2;-27,279105;-48,631554;"SPRF-SC";"DEL04-SC";"UOP03-DEL04-SC"
516462;2023-04-12;"quarta-feira";"19:35:00";"PR";376;616,8;"SAO JOSE DOS PINHAIS";"Reação tardia ou ineficiente do condutor";"Colisão com objeto";"Com Vítimas Feridas";"Plena Noite";"Decrescente";"Nublado";"Dupla";"Aclive";"Não";1;0;1;0;0;0;1;1;-25,57583659;-49,17953679;"SPRF-PR";"DEL01-PR";"UOP04-DEL01-PR"
516463;2023-04-12;"quarta-feira";"19:50:00";"TO";153;393;"RIO DOS BOIS";"Desvio temporário";"Colisão traseira";"Com Vítimas Feridas";"Plena Noite";"Decrescente";"Céu Claro";"Simples";"Reta";"Sim";2;0;0;1;1;0;1;2;-9,35274923;-48,5436847;"SPRF-TO";"DEL02-TO";"UOP02-DEL02-TO"
516464;2023-04-12;"quarta-feira";"19:00:00";"RJ";101;219;"SILVA JARDIM";"Demais falhas mecânicas ou elétricas";"Queda de ocupante de veículo";"Com Vítimas Feridas";"Plena Noite";"Decrescente";"Céu Claro";"Dupla";"Reta";"Não";2;0;1;0;1;0;1;1;-22,51166395;-42,30894702;"SPRF-RJ";"DEL02-RJ";"UOP03-DEL02-RJ"
516465;2023-04-12;"quarta-feira";"18:30:00";"MG";116;275,9;"TEOFILO OTONI";"Pista em desnível";"Tombamento";"Com Vítimas Feridas";"Plena Noite";"Crescente";"Nublado";"Dupla";"Reta;Em Obras";"Sim";1;0;1;0;0;0;1;1;-17,849901;-41,514906;"SPRF-MG";"DEL11-MG";"UOP01-DEL11-MG"
516466;2023-04-12;"quarta-feira";"21:35:00";"PR";369;4,2;"CAMPO MOURAO";"Iluminação deficiente";"Colisão traseira";"Com Vítimas Feridas";"Plena Noite";"Decrescente";"Céu Claro";"Simples";"Reta;Aclive";"Não";2;0;0;1;1;0;1;2;-24,0567;-52,3819;"SPRF-PR";"DEL07-PR";"UOP05-DEL07-PR"
516468;2023-04-12;"quarta-feira";"17:35:00";"DF";70;9;"BRASILIA";"Reação tardia ou ineficiente do condutor";"Saída de leito carroçável";"Com Vítimas Feridas";"Anoitecer";"Decrescente";"Nublado";"Dupla";"Retorno Regulamentado";"Sim";1;0;1;0;0;0;1;1;-15,784615;-48,132023;"SPRF-DF";"DEL03-DF";"UOP02-DEL03-DF"
516469;2023-04-12;"quarta-feira";"19:30:00";"SC";101;275,9;"IMBITUBA";"Reação tardia ou ineficiente do condutor";"Colisão lateral mesmo sentido";"Com Vítimas Feridas";"Plena Noite";"Crescente";"Céu Claro";"Múltipla";"Reta;Interseção de Vias";"Não";2;0;1;1;0;0;2;2;-28,156569;-48,692876;"SPRF-SC";"DEL02-SC";"UOP03-DEL02-SC"
516470;2023-04-12;"quarta-feira";"20:50:00";"RJ";40;113;"DUQUE DE CAXIAS";"Reação tardia ou ineficiente do condutor";"Colisão lateral mesmo sentido";"Com Vítimas Feridas";"Plena Noite";"Decrescente";"Nublado";"Múltipla";"Reta;Aclive";"Sim";2;0;2;0;0;0;2;1;-22,70948502;-43,29040354;"SPRF-RJ";"DEL01-RJ";"UOP01-DEL01-RJ"
516472;2023-02-23;"quinta-feira";"19:30:00";"PE";101;60;"RECIFE";"Acostamento em desnível";"Tombamento";"Com Vítimas Feridas";"Plena Noite";"Crescente";"Nublado";"Dupla";"Curva";"Sim";1;0;1;0;0;0;1;1;-7,9893;-34,93533;"SPRF-PE";"DEL01-PE";"UOP02-DEL01-PE"
516473;2023-04-12;"quarta-feira";"22:10:00";"MG";40;467;"SETE LAGOAS";"Acessar a via sem observar a presença dos outros veículos";"Atropelamento de Pedestre";"Com Vítimas Feridas";"Plena Noite";"Crescente";"Céu Claro";"Dupla";"Reta";"Não";2;0;1;0;1;0;1;2;-19,45038924;-44,3166822;"SPRF-MG";"DEL02-MG";"UOP01-DEL02-MG"
516477;2023-04-12;"quarta-feira";"19:00:00";"MS";163;479;"CAMPO GRANDE";"Ausência de reação do condutor";"Tombamento";"Com Vítimas Feridas";"Plena Noite";"Decrescente";"Ignorado";"Dupla";"Reta";"Sim";1;0;0;1;0;0;1;1;-20,487322;-54,55929095;"SPRF-MS";"DEL01-MS";"UOP01-DEL01-MS"
516479;2023-04-12;"quarta-feira";"15:30:00";"MG";50;90;"UBERLANDIA";"Avarias e/ou desgaste excessivo no pneu";"Capotamento";"Com Vítimas Feridas";"Pleno dia";"Crescente";"Céu Claro";"Dupla";"Reta";"Não";1;0;1;0;0;0;1;1;-19,04871805;-48,19677417;"SPRF-MG";"DEL15-MG";"UOP01-DEL15-MG"
516482;2023-04-12;"quarta-feira";"22:05:00";"BA";116;8,1;"VITORIA DA CONQUISTA";"Animais na Pista";"Atropelamento de Animal";"Com Vítimas Feridas";"Plena Noite";"Crescente";"Céu Claro";"Simples";"Reta";"Sim";1;0;1;0;0;0;1;1;-14,846885;-40,886643;"SPRF-PE";"DEL05-PE";"UOP03-DEL05-PE"
516483;2023-04-12;"quarta-feira";"19:00:00";"SC";470;219;"SAO CRISTOVAO DO SUL";"Velocidade Incompatível";"Colisão traseira";"Sem Vítimas";"Plena Noite";"Decrescente";"Céu Claro";"Simples";"Reta";"Não";1;0;0;0;0;1;0;1;-27,302975;-50,303108;"SPRF-SC";"DEL05-SC";"UOP03-DEL05-SC"
516484;2023-04-12;"quarta-feira";"21:30:00";"SC";101;324;"CAPIVARI DE BAIXO";"Reação tardia ou ineficiente do condutor";"Tombamento";"Com Vítimas Feridas";"Plena Noite";"Decrescente";"Céu Claro";"Dupla";"Reta;Aclive";"Não";1;0;0;1;0;0;1;1;-28,42890047;-48,92285509;"SPRF-SC";"DEL02-SC";"UOP01-DEL02-SC"
516488;2023-04-12;"quarta-feira";"18:20:00";"MS";158;90;"PARANAIBA";"Ausência de reação do condutor";"Colisão com objeto";"Sem Vítimas";"Plena Noite";"Decrescente";"Céu Claro";"Simples";"Reta";"Não";1;0;0;0;1;0;0;1;-19,64740508;-51,20629433;"SPRF-MS";"DEL08-MS";"UOP01-DEL08-MS"
516490;2023-04-13;"quinta-feira";"00:00:00";"GO";153;435;"ANAPOLIS";"Ingestão de álcool pelo condutor";"Colisão com objeto";"Sem Vítimas";"Plena Noite";"Crescente";"Céu Claro";"Dupla";"Curva";"Sim";1;0;0;0;0;1;0;1;-16,280523;-48,960049;"SPRF-GO";"DEL02-GO";"UOP01-DEL02-GO"
516491;2023-04-12;"quarta-feira";"23:20:00";"MG";116;515,3;"UBAPORANGA";"Velocidade Incompatível";"Capotamento";"Com Vítimas Feridas";"Plena Noite";"Decrescente";"Nublado";"Simples";"Curva";"Não";2;0;1;0;0;1;1;2;-19,68778501;-42,11758577;"SPRF-MG";"DEL06-MG";"UOP02-DEL06-MG"
516492;2023-04-13;"quinta-feira";"00:55:00";"SP";116;336;"JUQUITIBA";"Velocidade Incompatível";"Saída de leito carroçável";"Com Vítimas Feridas";"Plena Noite";"Crescente";"Nublado";"Dupla";"Reta";"Sim";1;0;1;0;0;0;1;1;-23,975182;-47,140694;"SPRF-SP";"DEL04-SP";"UOP03-DEL04-SP"
516494;2023-04-12;"quarta-feira";"22:20:00";"MS";267;113,6;"NOVA ANDRADINA";"Reação tardia ou ineficiente do condutor";"Saída de leito carroçável";"Com Vítimas Feridas";"Plena Noite";"Crescente";"Nublado";"Simples";"Reta";"Não";2;0;1;0;1;0;1;1;-21,79758579;-53,15869188;"SPRF-MS";"DEL02-MS";"UOP03-DEL02-MS"
516496;2023-04-13;"quinta-feira";"01:00:00";"PE";101;70;"RECIFE";"Reação tardia ou ineficiente do condutor";"Capotamento";"Sem Vítimas";"Plena Noite";"Decrescente";"Chuva";"Dupla";"Declive";"Sim";1;0;0;0;1;0;0;1;-8,078846;-34,943277;"SPRF-PE";"DEL01-PE";"UOP01-DEL01-PE"
516498;2023-04-13;"quinta-feira";"04:50:00";"PR";369;156,9;"LONDRINA";"Ingestão de álcool pelo condutor";"Colisão traseira";"Com Vítimas Feridas";"Plena Noite";"Crescente";"Céu Claro";"Dupla";"Reta";"Sim";5;0;2;0;3;0;2;2;-23,289077;-51,222596;"SPRF-PR";"DEL07-PR";"UOP01-DEL07-PR"
516500;2023-04-13;"quinta-feira";"04:30:00";"BA";324;619;"SALVADOR";"Condutor deixou de manter distância do veículo da frente";"Colisão traseira";"Com Vítimas Feridas";"Amanhecer";"Crescente";"Céu Claro";"Dupla";"Reta";"Não";5;0;3;0;2;0;3;2;-12,89820999;-38,45012202;"SPRF-BA";"DEL01-BA";"UOP01-DEL01-BA"
516501;2023-04-13;"quinta-feira";"04:40:00";"PE";232;257;"ARCOVERDE";"Animais na Pista";"Atropelamento de Animal";"Com Vítimas Feridas";"Amanhecer";"Decrescente";"Céu Claro";"Simples";"Reta";"Sim";3;0;1;0;2;0;1;1;-8,40876559;-37,10231195;"SPRF-PE";"DEL04-PE";"UOP02-DEL04-PE"
516503;2023-04-10;"segunda-feira";"08:50:00";"SP";116;37,3;"CACHOEIRA PAULISTA";"Mal súbito do condutor";"Saída de leito carroçável";"Com Vítimas Feridas";"Pleno dia";"Crescente";"Sol";"Dupla";"Reta";"Não";1;0;1;0;0;0;1;1;-22,66497021;-44,98430985;"SPRF-SP";"DEL08-SP";"UOP02-DEL08-SP"
516505;2023-04-13;"quinta-feira";"06:00:00";"RN";101;96;"NATAL";"Pedestre andava na pista";"Atropelamento de Pedestre";"Com Vítimas Fatais";"Pleno dia";"Crescente";"Nublado";"Simples";"Curva";"Sim";3;1;1;0;1;0;1;3;-5,84949622;-35,20890752;"SPRF-RN";"DEL01-RN";"UOP01-DEL01-RN"
516506;2023-04-13;"quinta-feira";"05:00:00";"SC";470;69;"INDAIAL";"Pedestre andava na pista";"Eventos atípicos";"Com Vítimas Feridas";"Plena Noite";"Decrescente";"Céu Claro";"Dupla";"Reta;Em Obras";"Sim";1;0;1;0;0;0;1;1;-26,883745;-49,246704;"SPRF-SC";"DEL04-SC";"UOP01-DEL04-SC"
516507;2023-04-13;"quinta-feira";"07:05:00";"RS";386;345;"LAJEADO";"Entrada inopinada do pedestre";"Atropelamento de Pedestre";"Com Vítimas Feridas";"Pleno dia";"Crescente";"Garoa/Chuvisco";"Dupla";"Reta";"Sim";2;0;2;0;0;0;2;2;-29,443069;-51,984135;"SPRF-RS";"DEL04-RS";"UOP01-DEL04-RS"