"id";"data_inversa";"dia_semana";"horario";"uf";"br";"km";"municipio";"causa_acidente";"tipo_acidente";"classificacao_acidente";"fase_dia";"sentido_via";"condicao_metereologica";"tipo_pista";"tracado_via";"uso_solo";"pessoas";"mortos";"feridos_leves";"feridos_graves";"ilesos";"ignorados";"feridos";"veiculos";"latitude";"longitude";"regional";"delegacia";"uop"
516508;2023-04-13;"quinta-feira";"07:10:00";"DF";70;15;"BRASILIA";"Condutor Dormindo";"Colisão com objeto";"Com Vítimas Feridas";"Pleno dia";"Decrescente";"Céu Claro";"Dupla";"Reta";"Sim";2;0;1;0;1;0;1;1;-15,798888;-48,185043;"SPRF-DF";"DEL03-DF";"UOP02-DEL03-DF"
516510;2023-04-13;"quinta-feira";"06:35:00";"RS";116;246,3;"SAO LEOPOLDO";"Pedestre andava na pista";"Atropelamento de Pedestre";"Com Vítimas Feridas";"Pleno dia";"Decrescente";"Garoa/Chuvisco";"Dupla";"Em Obras;Reta";"Sim";2;0;2;0;0;0;2;2;-29,75736523;-51,15176016;"SPRF-RS";"DEL01-RS";"UOP02-DEL01-RS"
516511;2023-04-13;"quinta-feira";"05:54:00";"MT";364;207;"RONDONOPOLIS";"Reação tardia ou ineficiente do condutor";"Colisão traseira";"Com Vítimas Feridas";"Pleno dia";"Crescente";"Céu Claro";"Dupla";"Reta";"Sim";2;0;1;0;0;1;1;2;-16,44347006;-54,67236704;"SPRF-MT";"DEL02-MT";"UOP01-DEL02-MT"
516512;2023-04-13;"quinta-feira";"07:20:00";"PR";158;529,9;"PATO BRANCO";"Demais falhas mecânicas ou elétricas";"Tombamento";"Com Vítimas Feridas";"Pleno dia";"Crescente";"Céu Claro";"Simples";"Reta";"Não";2;0;2;0;0;0;2;1;-26,18598618;-52,66855971;"SPRF-PR";"DEL02-PR";"UOP01-DEL02-PR"
516515;2023-04-10;"segunda-feira";"01:00:00";"SC";101;193;"BIGUACU";"Reação tardia ou ineficiente do condutor";"Saída de leito carroçável";"Sem Vítimas";"Plena Noite";"Decrescente";"Chuva";"Dupla";"Curva;Aclive";"Sim";1;0;0;0;1;0;0;1;-27,489574;-48,655914;"SPRF-SC";"DEL01-SC";"UOP01-DEL01-SC"
516517;2023-04-13;"quinta-feira";"06:50:00";"PR";277;99,9;"CURITIBA";"Manobra de mudança de faixa";"Colisão lateral mesmo sentido";"Com Vítimas Feridas";"Pleno dia";"Crescente";"Sol";"Dupla";"Viaduto;Interseção de Vias;Reta";"Não";4;0;1;0;3;0;1;2;-25,43198935;-49,36614078;"SPRF-PR";"DEL01-PR";"UOP06-DEL01-PR"
516519;2023-04-13;"quinta-feira";"07:10:00";"PR";476;116;"COLOMBO";"Pedestre andava na pista";"Atropelamento de Pedestre";"Com Vítimas Feridas";"Pleno dia";"Crescente";"Céu Claro";"Dupla";"Interseção de Vias";"Sim";2;0;1;0;1;0;1;2;-25,348954;-49,16963;"SPRF-PR";"DEL01-PR";"UOP01-DEL01-PR"
516522;2023-04-13;"quinta-feira";"08:20:00";"RN";101;84;"SAO GONCALO DO AMARANTE";"Animais na Pista";"Atropelamento de Animal";"Com Vítimas Feridas";"Pleno dia";"Crescente";"Sol";"Múltipla";"Reta";"Sim";1;0;1;0;0;0;1;1;-5,774175;-35,2578;"SPRF-RN";"DEL02-RN";"UOP01-DEL02-RN"
516523;2023-04-13;"quinta-feira";"07:30:00";"PR";158;530,6;"PATO BRANCO";"Trafegar com motocicleta (ou similar) entre as faixas";"Colisão transversal";"Com Vítimas Feridas";"Pleno dia";"Decrescente";"Céu Claro";"Simples";"Interseção de Vias";"Sim";2;0;1;0;1;0;1;2;-26,19442709;-52,67299292;"SPRF-PR";"DEL02-PR";"UOP01-DEL02-PR"
516524;2023-04-13;"quinta-feira";"07:20:00";"RO";364;344;"JI-PARANA";"Manobra de mudança de faixa";"Colisão traseira";"Sem Vítimas";"Pleno dia";"Decrescente";"Céu Claro";"Dupla";"Reta;Interseção de Vias";"Sim";4;0;0;0;4;0;0;3;-10,87376391;-61,95256893;"SPRF-RO";"DEL02-RO";"UOP01-DEL02-RO"
516529;2023-04-13;"quinta-feira";"07:40:00";"BA";367;30;"PORTO SEGURO";"Frear bruscamente";"Queda de ocupante de veículo";"Com Vítimas Feridas";"Pleno dia";"Decrescente";"Céu Claro";"Simples";"Reta";"Sim";1;0;1;0;0;0;1;1;-16,41558116;-39,12658393;"SPRF-BA";"DEL09-BA";"UOP03-DEL09-BA"
516530;2023-04-12;"quarta-feira";"19:50:00";"RJ";40;81;"PETROPOLIS";"Ingestão de álcool pelo condutor";"Queda de ocupante de veículo";"Com Vítimas Feridas";"Plena Noite";"Decrescente";"Céu Claro";"Simples";"Reta";"Não";1;0;1;0;0;0;1;1;-22,31355489;-43,13163757;"SPRF-RJ";"DEL06-RJ";"UOP01-DEL06-RJ"
516533;2023-03-24;"sexta-feira";"19:00:00";"PE";101;78;"RECIFE";"Pedestre andava na pista";"Atropelamento de Pedestre";"Com Vítimas Feridas";"Plena Noite";"Crescente";"Céu Claro";"Dupla";"Reta";"Sim";2;0;1;0;1;0;1;2;-8,13496499;-34,94738614;"SPRF-PE";"DEL01-PE";"UOP01-DEL01-PE"
516535;2023-04-13;"quinta-feira";"09:05:00";"PB";230;23;"JOAO PESSOA";"Trafegar com motocicleta (ou similar) entre as faixas";"Tombamento";"Com Vítimas Feridas";"Pleno dia";"Decrescente";"Céu Claro";"Dupla";"Aclive";"Sim";1;0;1;0;0;0;1;1;-7,1562;-34,8574;"SPRF-PB";"DEL01-PB";"UOP01-DEL01-PB"
516536;2023-04-13;"quinta-feira";"06:50:00";"RS";285;253,1;"AGUA SANTA";"Transitar na contramão";"Colisão lateral sentido oposto";"Com Vítimas Feridas";"Amanhecer";"Crescente";"Nublado";"Simples";"Reta;Aclive";"Não";2;0;1;0;1;0;1;2;-28,297823;-52,010067;"SPRF-RS";"DEL08-RS";"UOP03-DEL08-RS"
516538;2023-04-13;"quinta-feira";"08:30:00";"BA";324;535,5;"CONCEICAO DO JACUIPE";"Condutor deixou de manter distância do veículo da frente";"Engavetamento";"Sem Vítimas";"Pleno dia";"Decrescente";"Sol";"Dupla";"Reta";"Não";4;0;0;0;4;0;0;4;-12,35775097;-38,82802597;"SPRF-BA";"DEL01-BA";"UOP03-DEL01-BA"
516539;2023-04-13;"quinta-feira";"07:30:00";"ES";101;386,7;"RIO NOVO DO SUL";"Condutor deixou de manter distância do veículo da frente";"Colisão traseira";"Com Vítimas Feridas";"Pleno dia";"Crescente";"Céu Claro";"Simples";"Reta";"Não";4;0;2;0;2;0;2;2;-20,83220507;-40,86011694;"SPRF-ES";"DEL03-ES";"UOP01-DEL03-ES"
516541;2023-04-13;"quinta-feira";"08:20:00";"PR";369;449,9;"UBIRATA";"Acessar a via sem observar a presença dos outros veículos";"Colisão transversal";"Sem Vítimas";"Pleno dia";"Crescente";"Céu Claro";"Simples";"Interseção de Vias;Curva";"Sim";2;0;0;0;2;0;0;2;-24,5571243;-52,99805224;"SPRF-PR";"DEL04-PR";"UOP03-DEL04-PR"
516544;2023-04-13;"quinta-feira";"08:30:00";"RJ";116;79;"TERESOPOLIS";"Acessar a via sem observar a presença dos outros veículos";"Tombamento";"Com Vítimas Feridas";"Pleno dia";"Decrescente";"Céu Claro";"Simples";"Curva";"Não";1;0;1;0;0;0;1;1;-22,381704;-42,954777;"SPRF-RJ";"DEL04-RJ";"UOP01-DEL04-RJ"
516547;2023-04-13;"quinta-feira";"08:00:00";"PR";277;345;"GUARAPUAVA";"Acessar a via sem observar a presença dos outros veículos";"Colisão transversal";"Sem Vítimas";"Amanhecer";"Decrescente";"Céu Claro";"Dupla";"Reta";"Sim";3;0;0;0;3;0;0;2;-25,36620206;-51,48804259;"SPRF-PR";"DEL08-PR";"UOP01-DEL08-PR"
516548;2023-04-13;"quinta-feira";"09:30:00";"RJ";101;52;"CAMPOS DOS GOYTACAZES";"Entrada inopinada do pedestre";"Atropelamento de Pedestre";"Com Vítimas Feridas";"Pleno dia";"Decrescente";"Céu Claro";"Simples";"Reta";"Não";3;0;3;0;0;0;3;2;-21,65160802;-41,31128624;"SPRF-RJ";"DEL08-RJ";"UOP01-DEL08-RJ"
516550;2023-04-09;"domingo";"19:00:00";"PR";277;70;"SAO JOSE DOS PINHAIS";"Velocidade Incompatível";"Saída de leito carroçável";"Com Vítimas Feridas";"Plena Noite";"Decrescente";"Céu Claro";"Dupla";"Reta";"Não";1;0;1;0;0;0;1;1;-25,53317957;-49,07969781;"SPRF-PR";"DEL01-PR";"UOP01-DEL01-PR"
516551;2023-04-13;"quinta-feira";"09:23:00";"PE";232;105,6;"BEZERROS";"Demais falhas mecânicas ou elétricas";"Saída de leito carroçável";"Com Vítimas Feridas";"Pleno dia";"Decrescente";"Céu Claro";"Dupla";"Reta";"Não";4;0;4;0;0;0;4;1;-8,25830415;-35,78275595;"SPRF-PE";"DEL02-PE";"UOP02-DEL02PE"
516552;2023-04-07;"sexta-feira";"17:50:00";"BA";415;29;"ILHEUS";"Obras na pista";"Colisão traseira";"Com Vítimas Feridas";"Anoitecer";"Crescente";"Céu Claro";"Dupla";"Reta";"Não";3;0;2;0;1;0;2;2;-14,8482;-39,281986;"SPRF-BA";"DEL05-BA";"UOP01-DEL05-BA"
516553;2023-04-13;"quinta-feira";"10:30:00";"PB";101;84;"BAYEUX";"Ausência de reação do condutor";"Engavetamento";"Com Vítimas Feridas";"Pleno dia";"Decrescente";"Céu Claro";"Dupla";"Reta";"Sim";4;0;1;0;3;0;1;3;-7,13957906;-34,92312806;"SPRF-PB";"DEL01-PB";"UOP01-DEL01-PB"
516554;2023-04-13;"quinta-feira";"10:50:00";"SC";101;216,2;"PALHOCA";"Manobra de mudança de faixa";"Colisão lateral mesmo sentido";"Com Vítimas Feridas";"Pleno dia";"Decrescente";"Céu Claro";"Múltipla";"Reta";"Não";5;0;2;0;2;1;2;3;-27,65981409;-48,67747798;"SPRF-SC";"DEL01-SC";"UOP02-DEL01-SC"
516557;2023-04-13;"quinta-feira";"07:45:00";"RJ";40;55,6;"PETROPOLIS";"Conversão proibida";"Colisão traseira";"Com Vítimas Feridas";"Pleno dia";"Decrescente";"Céu Claro";"Dupla";"Reta";"Sim";6;0;5;0;1;0;5;3;-22,35382783;-43,12184226;"SPRF-RJ";"DEL05-RJ";"UOP02-DEL05-RJ"
516558;2023-04-13;"quinta-feira";"10:45:00";"RS";158;85,7;"BOA VISTA DAS MISSOES";"Velocidade Incompatível";"Saída de leito carroçável";"Com Vítimas Feridas";"Pleno dia";"Decrescente";"Nublado";"Simples";"Curva";"Não";1;0;1;0;0;0;1;1;-27,78565202;-53,33257598;"SPRF-RS";"DEL08-RS";"UOP02-DEL08-RS"
516559;2023-04-04;"terça-feira";"13:07:00";"PE";316;141;"PARNAMIRIM";"Ausência de reação do condutor";"Colisão traseira";"Com Vítimas Feridas";"Pleno dia";"Decrescente";"Céu Claro";"Simples";"Reta;Declive";"Não";2;0;1;0;1;0;1;2;-8,08325373;-39,60839488;"SPRF-PE";"DEL05-PE";"UOP02-DEL05-PE"
516560;2023-04-13;"quinta-feira";"11:15:00";"SP";381;16;"BRAGANCA PAULISTA";"Reação tardia ou ineficiente do condutor";"Colisão com objeto";"Com Vítimas Feridas";"Pleno dia";"Decrescente";"Sol";"Dupla";"Declive;Reta";"Não";1;0;1;0;0;0;1;1;-22,95797408;-46,48078972;"SPRF-SP";"DEL03-SP";"UOP02-DEL03-SP"
516561;2023-04-13;"quinta-feira";"11:52:00";"PB";101;87,5;"JOAO PESSOA";"Manobra de mudança de faixa";"Colisão lateral mesmo sentido";"Com Vítimas Feridas";"Pleno dia";"Crescente";"Céu Claro";"Dupla";"Reta";"Sim";2;0;1;0;1;0;1;2;-7,16386643;-34,90083218;"SPRF-PB";"DEL01-PB";"UOP01-DEL01-PB"
516562;2023-04-13;"quinta-feira";"09:00:00";"BA";101;817;"ITAMARAJU";"Velocidade Incompatível";"Saída de leito carroçável";"Com Vítimas Feridas";"Pleno dia";"Crescente";"Céu Claro";"Simples";"Curva;Declive";"Não";4;0;2;0;2;0;2;1;-17,06466176;-39,55352783;"SPRF-BA";"DEL09-BA";"UOP02-DEL09-BA"
516564;2023-04-13;"quinta-feira";"12:15:00";"GO";153;504;"APARECIDA DE GOIANIA";"Ultrapassagem Indevida";"Colisão lateral mesmo sentido";"Com Vítimas Feridas";"Pleno dia";"Decrescente";"Céu Claro";"Dupla";"Reta";"Sim";2;0;2;0;0;0;2;1;-16,7451;-49,2408;"SPRF-GO";"DEL01-GO";"UOP01-DEL01-GO"
516566;2023-04-13;"quinta-feira";"11:30:00";"RJ";101;491,7;"ANGRA DOS REIS";"Ultrapassagem Indevida";"Colisão lateral sentido oposto";"Com Vítimas Feridas";"Pleno dia";"Decrescente";"Céu Claro";"Dupla";"Reta;Declive";"Sim";2;0;1;0;1;0;1;2;-22,95442983;-44,32193004;"SPRF-RJ";"DEL03-RJ";"UOP03-DEL03-RJ"
516567;2023-04-13;"quinta-feira";"09:15:00";"MG";381;936,5;"EXTREMA";"Demais falhas mecânicas ou elétricas";"Queda de ocupante de veículo";"Com Vítimas Feridas";"Pleno dia";"Crescente";"Céu Claro";"Dupla";"Curva";"Não";1;0;1;0;0;0;1;1;-22,80868837;-46,27960038;"SPRF-MG";"DEL16-MG";"UOP03-DEL16-MG"
516568;2023-04-13;"quinta-feira";"08:15:00";"RS";392;352;"SANTA MARIA";"Acessar a via sem observar a presença dos outros veículos";"Colisão transversal";"Com Vítimas Feridas";"Pleno dia";"Crescente";"Nublado";"Múltipla";"Retorno Regulamentado;Interseção de Vias;Em Obras";"Sim";2;0;1;0;1;0;1;2;-29,720404;-53,807632;"SPRF-RS";"DEL09-RS";"UOP01-DEL09-RS"
516569;2023-04-13;"quinta-feira";"10:50:00";"BA";110;17;"PAULO AFONSO";"Ingestão de álcool pelo condutor";"Saída de leito carroçável";"Com Vítimas Feridas";"Pleno dia";"Decrescente";"Céu Claro";"Simples";"Curva";"Não";2;0;1;1;0;0;2;1;-9,60364715;-38,22352828;"SPRF-BA";"DEL07-BA";"UOP01-DEL07-BA"
516573;2023-02-14;"terça-feira";"07:40:00";"BA";116;826,3;"VITORIA DA CONQUISTA";"Conversão proibida";"Colisão transversal";"Com Vítimas Feridas";"Pleno dia";"Crescente";"Sol";"Simples";"Reta";"Sim";3;0;0;2;1;0;2;2;-14,888457;-40,860962;"SPRF-BA";"DEL08-BA";"UOP01-DEL08-BA"
516574;2023-04-13;"quinta-feira";"13:00:00";"RS";290;92;"PORTO ALEGRE";"Ausência de reação do condutor";"Colisão com objeto";"Sem Vítimas";"Pleno dia";"Crescente";"Garoa/Chuvisco";"Simples";"Curva";"Não";1;0;0;0;1;0;0;1;-29,971916;-51,176838;"SPRF-RS";"DEL01-RS";"UOP01-DEL01-RS"
516576;2023-04-13;"quinta-feira";"07:45:00";"RS";153;52;"ERECHIM";"Velocidade Incompatível";"Colisão traseira";"Com Vítimas Feridas";"Pleno dia";"Crescente";"Céu Claro";"Simples";"Interseção de Vias";"Não";2;0;1;0;1;0;1;2;-27,66693813;-52,29069167;"SPRF-RS";"DEL08-RS";"UOP04-DEL08-RS"
516579;2023-04-13;"quinta-feira";"14:05:00";"RS";285;519,3;"VITORIA DAS MISSOES";"Ultrapassagem Indevida";"Colisão lateral mesmo sentido";"Com Vítimas Feridas";"Pleno dia";"Decrescente";"Nublado";"Simples";"Reta";"Não";8;0;1;2;5;0;3;3;-28,3986;-54,4651;"SPRF-RS";"DEL10-RS";"UOP01-DEL10-RS"
516580;2023-04-13;"quinta-feira";"14:00:00";"SC";282;1;"FLORIANOPOLIS";"Mal súbito do condutor";"Engavetamento";"Com Vítimas Feridas";"Pleno dia";"Crescente";"Céu Claro";"Múltipla";"Reta";"Não";5;0;0;1;4;0;1;5;-27,602955;-48,580509;"SPRF-SC";"DEL01-SC";"UOP01-DEL01-SC"
516587;2023-04-13;"quinta-feira";"14:55:00";"SP";153;57;"SAO JOSE DO RIO PRETO";"Avarias e/ou desgaste excessivo no pneu";"Saída de leito carroçável";"Com Vítimas Feridas";"Pleno dia";"Crescente";"Chuva";"Dupla";"Declive;Reta";"Sim";4;0;4;0;0;0;4;1;-20,76991095;-49,34982212;"SPRF-SP";"DEL09-SP";"UOP01-DEL09-SP"
516588;2023-04-13;"quinta-feira";"11:50:00";"SC";470;136;"RIO DO SUL";"Conversão proibida";"Colisão frontal";"Com Vítimas Feridas";"Pleno dia";"Decrescente";"Nublado";"Simples";"Reta";"Não";6;0;0;1;5;0;1;2;-27,185284;-49,605041;"SPRF-SC";"DEL04-SC";"UOP02-DEL04-SC"
516589;2023-04-13;"quinta-feira";"15:00:00";"SC";101;159;"PORTO BELO";"Trafegar com motocicleta (ou similar) entre as faixas";"Colisão lateral mesmo sentido";"Com Vítimas Feridas";"Pleno dia";"Decrescente";"Céu Claro";"Dupla";"Reta";"Não";2;0;1;0;1;0;1;2;-27,1998778;-48,61534236;"SPRF-SC";"DEL04-SC";"UOP03-DEL04-SC"
516595;2023-04-13;"quinta-feira";"16:00:00";"BA";324;514,1;"FEIRA DE SANTANA";"Ultrapassagem Indevida";"Colisão frontal";"Com Vítimas Feridas";"Pleno dia";"Decrescente";"Chuva";"Simples";"Reta";"Sim";2;0;1;0;1;0;1;2;-12,23254136;-38,95055473;"SPRF-BA";"DEL02-BA";"UOP01-DEL02-BA"
516597;2023-04-13;"quinta-feira";"15:30:00";"SC";101;127;"BALNEARIO CAMBORIU";"Acessar a via sem observar a presença dos outros veículos";"Colisão traseira";"Com Vítimas Feridas";"Pleno dia";"Crescente";"Céu Claro";"Múltipla";"Reta";"Não";3;0;2;0;0;1;2;2;-26,9639319;-48,68328024;"SPRF-SC";"DEL04-SC";"UOP04-DEL04-SC"
516599;2023-04-13;"quinta-feira";"16:25:00";"PE";101;45,6;"IGARASSU";"Ingestão de álcool pelo condutor";"Colisão lateral mesmo sentido";"Com Vítimas Feridas";"Pleno dia";"Crescente";"Céu Claro";"Múltipla";"Reta";"Sim";2;0;2;0;0;0;2;2;-7,869893;-34,906741;"SPRF-PE";"DEL01-PE";"UOP02-DEL01-PE"
516600;2023-04-13;"quinta-feira";"16:00:00";"PA";230;120;"MARABA";"Avarias e/ou desgaste excessivo no pneu";"Tombamento";"Com Vítimas Feridas";"Pleno dia";"Crescente";"Céu Claro";"Dupla";"Reta";"Sim";2;0;1;0;1;0;1;1;-5,35038318;-49,11434;"SPRF-PA";"DEL03-PA";"UOP01-DEL03-PA"
516601;2023-02-15;"quarta-feira";"17:30:00";"ES";101;126;"LINHARES";"Transitar na contramão";"Colisão frontal";"Com Vítimas Feridas";"Anoitecer";"Crescente";"Céu Claro";"Múltipla";"Declive";"Sim";2;0;1;0;1;0;1;2;-19,193953;-40,0951;"SPRF-ES";"DEL04-ES";"UOP01-DEL04-ES"
516602;2023-04-13;"quinta-feira";"14:00:00";"RS";293;12;"CAPAO DO LEAO";"Acessar a via sem observar a presença dos outros veículos";"Colisão transversal";"Com Vítimas Feridas";"Pleno dia";"Crescente";"Céu Claro";"Simples";"Reta";"Não";2;0;1;0;1;0;1;2;-31,75636452;-52,44078991;"SPRF-RS";"DEL07-RS";"UOP01-DEL07-RS"
516603;2023-03-26;"domingo";"18:30:00";"PR";376;369,7;"ORTIGUEIRA";"Afundamento ou ondulação no pavimento";"Saída de leito carroçável";"Com Vítimas Fatais";"Anoitecer";"Crescente";"Ignorado";"Simples";"Curva";"Sim";2;1;1;0;0;0;1;1;-24,3363;-50,834;"SPRF-PR";"DEL07-PR";"UOP02-DEL07-PR"
516604;2023-04-13;"quinta-feira";"14:50:00";"MG";116;671;"MIRADOURO";"Reação tardia ou ineficiente do condutor";"Saída de leito carroçável";"Com Vítimas Feridas";"Pleno dia";"Crescente";"Céu Claro";"Simples";"Reta";"Não";1;0;1;0;0;0;1;1;-20,8575285;-42,3217392;"SPRF-MG";"DEL07-MG";"UOP02-DEL07-MG"
516605;2023-04-13;"quinta-feira";"16:45:00";"ES";101;294;"CARIACICA";"Ausência de reação do condutor";"Colisão traseira";"Com Vítimas Feridas";"Pleno dia";"Crescente";"Céu Claro";"Simples";"Aclive;Reta";"Sim";3;0;0;1;1;1;1;3;-20,32415948;-40,3952903;"SPRF-ES";"DEL01-ES";"UOP01-DEL01-ES"
516606;2023-04-13;"quinta-feira";"16:18:00";"MS";163;114;"ITAQUIRAI";"Reação tardia ou ineficiente do condutor";"Saída de leito carroçável";"Com Vítimas Feridas";"Pleno dia";"Decrescente";"Chuva";"Simples";"Reta";"Não";4;0;1;0;3;0;1;2;-23,16032;-54,19841;"SPRF-MS";"DEL09-MS";"UOP01-DEL09-MS"
516607;2023-04-13;"quinta-feira";"14:04:00";"RO";364;14;"VILHENA";"Acessar a via sem observar a presença dos outros veículos";"Colisão transversal";"Com Vítimas Feridas";"Pleno dia";"Decrescente";"Sol";"Simples";"Interseção de Vias";"Sim";3;0;1;0;2;0;1;2;-12,73898138;-60,13911417;"SPRF-RO";"DEL04-RO";"UOP01-DEL04-RO"
516608;2023-03-20;"segunda-feira";"06:30:00";"ES";101;261;"SERRA";"Condutor deixou de manter distância do veículo da frente";"Tombamento";"Com Vítimas Feridas";"Amanhecer";"Crescente";"Nublado";"Dupla";"Aclive";"Não";2;0;1;0;0;1;1;2;-20,14854215;-40,27970926;"SPRF-ES";"DEL02-ES";"UOP01-DEL02-ES"
516611;2023-04-13;"quinta-feira";"17:40:00";"SP";101;45;"UBATUBA";"Acessar a via sem observar a presença dos outros veículos";"Colisão transversal";"Com Vítimas Feridas";"Anoitecer";"Crescente";"Céu Claro";"Simples";"Reta";"Sim";3;0;3;0;0;0;3;2;-23,42111701;-45,07072449;"SPRF-SP";"DEL06-SP";"UOP01-DEL06-SP"
516612;2023-04-13;"quinta-feira";"17:25:00";"PR";116;0;"QUATRO BARRAS";"Reação tardia ou ineficiente do condutor";"Atropelamento de Pedestre";"Com Vítimas Feridas";"Pleno dia";"Decrescente";"Céu Claro";"Múltipla";"Reta;Interseção de Vias";"Não";2;0;1;0;1;0;1;2;-25,3478;-49,0493;"SPRF-PR";"DEL01-PR";"UOP02-DEL01-PR"
516613;2023-04-13;"quinta-feira";"14:00:00";"PE";232;51;"VITORIA DE SANTO ANTAO";"Manobra de mudança de faixa";"Colisão lateral mesmo sentido";"Com Vítimas Feridas";"Pleno dia";"Crescente";"Céu Claro";"Dupla";"Reta";"Não";2;0;0;1;1;0;1;2;-8,14252561;-35,31859875;"SPRF-PE";"DEL01-PE";"UOP01-DEL01-PE"
516614;2023-04-13;"quinta-feira";"17:00:00";"GO";153;436,5;"ANAPOLIS";"Demais falhas mecânicas ou elétricas";"Tombamento";"Com Vítimas Feridas";"Pleno dia";"Decrescente";"Céu Claro";"Dupla";"Reta";"Sim";2;0;1;0;1;0;1;1;-16,298771;-48,927884;"SPRF-GO";"DEL02-GO";"UOP01-DEL02-GO"
516616;2023-04-13;"quinta-feira";"18:15:00";"SE";101;92;"NOSSA SENHORA DO SOCORRO";"Pista esburacada";"Tombamento";"Com Vítimas Feridas";"Plena Noite";"Decrescente";"Céu Claro";"Dupla";"Reta";"Sim";1;0;1;0;0;0;1;1;-10,90169474;-37,13619222;"SPRF-SE";"DEL01-SE";"UOP01-DEL01-SE"
516617;2023-04-13;"quinta-feira";"17:20:00";"RJ";101;507;"ANGRA DOS REIS";"Ingestão de álcool pelo condutor";"Colisão lateral mesmo sentido";"Sem Vítimas";"Pleno dia";"Decrescente";"Céu Claro";"Simples";"Reta";"Não";2;0;0;0;2;0;0;2;-22,93493041;-44,40487313;"SPRF-RJ";"DEL03-RJ";"UOP03-DEL03-RJ"
516621;2023-04-13;"quinta-feira";"18:00:00";"CE";20;85;"TAUA";"Demais falhas na via";"Queda de ocupante de veículo";"Com Vítimas Feridas";"Anoitecer";"Crescente";"Céu Claro";"Simples";"Reta";"Não";2;0;1;0;1;0;1;1;-5,99485078;-40,27388422;"SPRF-CE";"DEL02-CE";"UOP02-DEL02-CE"
516622;2023-04-13;"quinta-feira";"18:20:00";"SP";116;36,5;"CACHOEIRA PAULISTA";"Ausência de reação do condutor";"Colisão frontal";"Com Vítimas Feridas";"Anoitecer";"Decrescente";"Nublado";"Dupla";"Curva";"Não";2;0;0;1;1;0;1;2;-22,66104604;-44,97604019;"SPRF-SP";"DEL08-SP";"UOP02-DEL08-SP"
516623;2023-04-13;"quinta-feira";"17:45:00";"ES";101;288,8;"CARIACICA";"Condutor deixou de manter distância do veículo da frente";"Queda de ocupante de veículo";"Com Vítimas Feridas";"Anoitecer";"Crescente";"Céu Claro";"Dupla";"Reta";"Não";2;0;2;0;0;0;2;1;-20,27416793;-40,39218318;"SPRF-ES";"DEL01-ES";"UOP01-DEL01-ES"
516624;2023-04-13;"quinta-feira";"18:45:00";"RJ";116;323;"ITATIAIA";"Demais falhas na via";"Colisão traseira";"Com Vítimas Feridas";"Anoitecer";"Crescente";"Céu Claro";"Dupla";"Reta";"Sim";2;0;1;0;1;0;1;2;-22,488885;-44,552696;"SPRF-RJ";"DEL07-RJ";"UOP02-DEL07-RJ"
516625;2023-04-13;"quinta-feira";"17:40:00";"SE";235;72,8;"FREI PAULO";"Desrespeitar a preferência no cruzamento";"Colisão transversal";"Com Vítimas Feridas";"Anoitecer";"Crescente";"Nublado";"Simples";"Reta";"Sim";2;0;1;0;1;0;1;2;-10,550368;-37,529514;"SPRF-SE";"DEL01-SE";"UOP02-DEL01-SE"
516626;2023-04-13;"quinta-feira";"18:42:00";"MG";116;571;"MANHUACU";"Ausência de sinalização";"Colisão frontal";"Com Vítimas Feridas";"Plena Noite";"Crescente";"Céu Claro";"Simples";"Curva";"Não";5;0;1;0;4;0;1;2;-20,11476401;-42,18102184;"SPRF-MG";"DEL06-MG";"UOP03-DEL06-MG"
516627;2023-04-13;"quinta-feira";"17:45:00";"CE";116;23;"AQUIRAZ";"Acessar a via sem observar a presença dos outros veículos";"Colisão transversal";"Com Vítimas Feridas";"Plena Noite";"Decrescente";"Nublado";"Dupla";"Reta;Retorno Regulamentado;Declive";"Não";2;0;2;0;0;0;2;2;-3,94905489;-38,51212845;"SPRF-CE";"DEL01-CE";"UOP02-DEL01-CE"
516628;2023-03-27;"segunda-feira";"06:20:00";"PB";361;27;"SANTA TERESINHA";"Condutor deixou de manter distância do veículo da frente";"Colisão traseira";"Com Vítimas Feridas";"Pleno dia";"Decrescente";"Céu Claro";"Simples";"Declive";"Não";2;0;1;0;1;0;1;2;-7,08925322;-37,48316813;"SPRF-PB";"DEL03-PB";"UOP01-DEL03-PB"
516629;2023-04-13;"quinta-feira";"19:00:00";"SP";116;219;"GUARULHOS";"Reação tardia ou ineficiente do condutor";"Colisão traseira";"Com Vítimas Feridas";"Anoitecer";"Decrescente";"Nublado";"Múltipla";"Reta";"Sim";3;0;2;0;1;0;2;2;-23,46143954;-46,48885316;"SPRF-SP";"DEL01-SP";"UOP01-DEL01-SP"
516630;2023-04-13;"quinta-feira";"17:05:00";"PE";316;20;"ARARIPINA";"Acessar a via sem observar a presença dos outros veículos";"Colisão transversal";"Com Vítimas Fatais";"Anoitecer";"Decrescente";"Céu Claro";"Simples";"Interseção de Vias;Reta";"Não";2;1;0;0;1;0;0;2;-7,56276892;-40,53192258;"SPRF-PE";"DEL05-PE";"UOP02-DEL05-PE"
516631;2023-04-13;"quinta-feira";"18:31:00";"RN";101;98;"NATAL";"Condutor deixou de manter distância do veículo da frente";"Colisão traseira";"Com Vítimas Feridas";"Plena Noite";"Crescente";"Céu Claro";"Múltipla";"Reta";"Sim";2;0;1;0;1;0;1;2;-5,86567888;-35,21651625;"SPRF-RN";"DEL01-RN";"UOP01-DEL01-RN"