"id";"data_inversa";"dia_semana";"horario";"uf";"br";"km";"municipio";"causa_acidente";"tipo_acidente";"classificacao_acidente";"fase_dia";"sentido_via";"condicao_metereologica";"tipo_pista";"tracado_via";"uso_solo";"pessoas";"mortos";"feridos_leves";"feridos_graves";"ilesos";"ignorados";"feridos";"veiculos";"latitude";"longitude";"regional";"delegacia";"uop"
516876;2023-04-14;"sexta-feira";"22:00:00";"RS";116;650;"JAGUARAO";"Demais falhas mecânicas ou elétricas";"Incêndio";"Sem Vítimas";"Plena Noite";"Decrescente";"Céu Claro";"Simples";"Reta";"Não";1;0;0;0;1;0;0;1;-32,52194116;-53,34417986;"SPRF-RS";"DEL07-RS";"UOP03-DEL07-RS"
516878;2023-04-14;"sexta-feira";"20:20:00";"RS";472;472,8;"ITAQUI";"Transitar na contramão";"Colisão frontal";"Com Vítimas Feridas";"Plena Noite";"Decrescente";"Céu Claro";"Simples";"Curva";"Não";2;0;0;1;1;0;1;2;-29,16059169;-56,35792916;"SPRF-RS";"DEL12-RS";"UOP01-DEL12-RS"
516880;2023-04-14;"sexta-feira";"19:00:00";"SP";381;15,5;"BRAGANCA PAULISTA";"Reação tardia ou ineficiente do condutor";"Tombamento";"Com Vítimas Feridas";"Plena Noite";"Crescente";"Céu Claro";"Dupla";"Reta";"Não";1;0;1;0;0;0;1;1;-22,953434;-46,480043;"SPRF-SP";"DEL03-SP";"UOP02-DEL03-SP"
516883;2023-04-14;"sexta-feira";"22:27:00";"RJ";40;119;"DUQUE DE CAXIAS";"Ingestão de álcool e/ou substâncias psicoativas pelo pedestre";"Atropelamento de Pedestre";"Com Vítimas Feridas";"Plena Noite";"Decrescente";"Céu Claro";"Múltipla";"Reta";"Sim";2;0;2;0;0;0;2;2;-22,76375592;-43,28683062;"SPRF-RJ";"DEL01-RJ";"UOP01-DEL01-RJ"
516884;2023-04-14;"sexta-feira";"22:40:00";"PB";101;88;"JOAO PESSOA";"Animais na Pista";"Atropelamento de Animal";"Com Vítimas Feridas";"Plena Noite";"Crescente";"Céu Claro";"Dupla";"Aclive";"Sim";1;0;0;1;0;0;1;1;-7,16470016;-34,89993643;"SPRF-PB";"DEL01-PB";"UOP01-DEL01-PB"
516886;2023-04-14;"sexta-feira";"22:45:00";"PR";376;679,4;"GUARATUBA";"Velocidade Incompatível";"Saída de leito carroçável";"Com Vítimas Feridas";"Plena Noite";"Crescente";"Chuva";"Dupla";"Curva;Declive";"Não";2;0;1;0;1;0;1;1;-25,96014758;-48,90040398;"SPRF-PR";"DEL01-PR";"UOP04-DEL01-PR"
516889;2023-04-14;"sexta-feira";"22:40:00";"GO";414;429;"ABADIANIA";"Ingestão de álcool pelo condutor";"Saída de leito carroçável";"Sem Vítimas";"Plena Noite";"Decrescente";"Céu Claro";"Simples";"Reta";"Não";2;0;0;0;2;0;0;1;-16,19833991;-48,90904121;"SPRF-GO";"DEL02-GO";"UOP01-DEL02-GO"
516890;2023-04-14;"sexta-feira";"22:37:00";"RS";116;247,6;"SAO LEOPOLDO";"Velocidade Incompatível";"Colisão com objeto";"Com Vítimas Fatais";"Plena Noite";"Crescente";"Céu Claro";"Dupla";"Curva";"Sim";4;1;1;0;0;2;1;2;-29,76733091;-51,1535296;"SPRF-RS";"DEL01-RS";"UOP02-DEL01-RS"
516891;2023-04-14;"sexta-feira";"19:20:00";"SC";280;221,1;"TRES BARRAS";"Ausência de reação do condutor";"Saída de leito carroçável";"Com Vítimas Fatais";"Plena Noite";"Crescente";"Céu Claro";"Simples";"Rotatória";"Não";1;1;0;0;0;0;0;1;-26,17237629;-50,27151704;"SPRF-SC";"DEL06-SC";"UOP04-DEL06-SC"
516893;2023-04-14;"sexta-feira";"21:30:00";"SC";153;65;"IRANI";"Condutor Dormindo";"Colisão frontal";"Com Vítimas Feridas";"Plena Noite";"Decrescente";"Céu Claro";"Simples";"Reta";"Sim";2;0;1;1;0;0;2;2;-27,01640935;-51,88195825;"SPRF-SC";"DEL07-SC";"UOP04-DEL07-SC"
516894;2023-04-14;"sexta-feira";"18:20:00";"TO";242;331,5;"PEIXE";"Obras na pista";"Colisão frontal";"Com Vítimas Feridas";"Amanhecer";"Decrescente";"Céu Claro";"Simples";"Reta;Em Obras";"Não";2;0;0;1;1;0;1;2;-11,9279474;-48,69943142;"SPRF-TO";"DEL01-TO";"UOP02-DEL01-TO"
516895;2023-04-14;"sexta-feira";"23:30:00";"SC";470;67;"INDAIAL";"Obras na pista";"Colisão com objeto";"Com Vítimas Feridas";"Plena Noite";"Decrescente";"Garoa/Chuvisco";"Múltipla";"Reta";"Sim";2;0;2;0;0;0;2;1;-26,87186554;-49,23047662;"SPRF-SC";"DEL04-SC";"UOP01-DEL04-SC"
516898;2023-04-14;"sexta-feira";"23:50:00";"SC";282;6;"SAO JOSE";"Pista Escorregadia";"Saída de leito carroçável";"Sem Vítimas";"Plena Noite";"Crescente";"Chuva";"Dupla";"Curva;Declive";"Sim";1;0;0;0;1;0;0;1;-27,591936;-48,618244;"SPRF-SC";"DEL01-SC";"UOP01-DEL01-SC"
516899;2023-04-15;"sábado";"00:40:00";"MG";50;70,6;"UBERLANDIA";"Pedestre andava na pista";"Atropelamento de Pedestre";"Com Vítimas Fatais";"Plena Noite";"Crescente";"Céu Claro";"Dupla";"Reta";"Sim";3;1;0;0;2;0;0;2;-18,85140204;-48,25345932;"SPRF-MG";"DEL15-MG";"UOP01-DEL15-MG"
516901;2023-04-15;"sábado";"00:40:00";"RS";470;205;"BENTO GONCALVES";"Ausência de reação do condutor";"Saída de leito carroçável";"Com Vítimas Feridas";"Plena Noite";"Decrescente";"Garoa/Chuvisco";"Simples";"Curva";"Não";2;0;1;0;1;0;1;1;-29,09442829;-51,55048978;"SPRF-RS";"DEL06-RS";"UOP01-DEL06-RS"
516903;2023-04-14;"sexta-feira";"23:55:00";"SC";282;4,9;"FLORIANOPOLIS";"Curva acentuada";"Colisão com objeto";"Sem Vítimas";"Plena Noite";"Decrescente";"Nublado";"Dupla";"Curva";"Sim";1;0;0;0;0;1;0;1;-27,592646;-48,604034;"SPRF-SC";"DEL01-SC";"UOP01-DEL01-SC"
516908;2023-04-15;"sábado";"03:00:00";"RS";116;242;"SAO LEOPOLDO";"Acessar a via sem observar a presença dos outros veículos";"Colisão lateral mesmo sentido";"Com Vítimas Feridas";"Plena Noite";"Decrescente";"Céu Claro";"Simples";"Reta;Interseção de Vias";"Sim";2;0;1;0;1;0;1;2;-29,72297087;-51,14858729;"SPRF-RS";"DEL01-RS";"UOP02-DEL01-RS"
516909;2023-04-14;"sexta-feira";"16:44:00";"GO";364;4;"SAO SIMAO";"Reação tardia ou ineficiente do condutor";"Saída de leito carroçável";"Com Vítimas Feridas";"Plena Noite";"Decrescente";"Nublado";"Simples";"Reta;Declive";"Não";1;0;1;0;0;0;1;1;-19,029119;-50,522301;"SPRF-GO";"DEL05-GO";"UOP02-DEL05-GO"
516911;2023-04-15;"sábado";"03:00:00";"ES";101;147;"LINHARES";"Condutor desrespeitou a iluminação vermelha do semáforo";"Colisão transversal";"Com Vítimas Feridas";"Plena Noite";"Decrescente";"Chuva";"Simples";"Interseção de Vias";"Sim";3;0;2;0;0;1;2;2;-19,37887202;-40,06657892;"SPRF-ES";"DEL04-ES";"UOP01-DEL04-ES"
516912;2023-04-15;"sábado";"03:00:00";"PB";101;85,8;"JOAO PESSOA";"Ausência de reação do condutor";"Colisão traseira";"Com Vítimas Feridas";"Plena Noite";"Crescente";"Chuva";"Dupla";"Reta";"Sim";2;0;0;1;0;1;1;2;-7,15118983;-34,91012184;"SPRF-PB";"DEL01-PB";"UOP01-DEL01-PB"
516913;2023-04-15;"sábado";"03:10:00";"PE";101;213;"XEXEU";"Ausência de reação do condutor";"Saída de leito carroçável";"Sem Vítimas";"Plena Noite";"Decrescente";"Céu Claro";"Dupla";"Reta";"Sim";1;0;0;0;0;1;0;1;-8,87151839;-35,62971681;"SPRF-PE";"DEL01-PE";"UOP03-DEL01-PE"
516914;2023-04-14;"sexta-feira";"10:20:00";"ES";259;33;"COLATINA";"Acessar a via sem observar a presença dos outros veículos";"Colisão transversal";"Com Vítimas Feridas";"Pleno dia";"Crescente";"Nublado";"Simples";"Reta";"Não";2;0;1;0;0;1;1;2;-19,5706707;-40,50497334;"SPRF-ES";"DEL02-ES";"UOP01-DEL02-ES"
516915;2023-04-15;"sábado";"03:35:00";"RS";116;247;"SAO LEOPOLDO";"Ausência de reação do condutor";"Capotamento";"Sem Vítimas";"Plena Noite";"Decrescente";"Céu Claro";"Dupla";"Reta";"Sim";2;0;0;0;0;2;0;2;-29,76733091;-51,1535296;"SPRF-RS";"DEL01-RS";"UOP02-DEL01-RS"
516916;2023-04-15;"sábado";"04:00:00";"MG";262;86;"MATIPO";"Ingestão de álcool pelo condutor";"Saída de leito carroçável";"Com Vítimas Feridas";"Plena Noite";"Decrescente";"Garoa/Chuvisco";"Simples";"Reta";"Não";3;0;2;0;0;1;2;1;-20,33883968;-42,43083091;"SPRF-MG";"DEL03-MG";"UOP03-DEL03-MG"
516917;2023-04-15;"sábado";"04:00:00";"CE";20;406;"CAUCAIA";"Entrada inopinada do pedestre";"Atropelamento de Pedestre";"Com Vítimas Feridas";"Plena Noite";"Decrescente";"Chuva";"Simples";"Reta";"Não";2;0;0;1;0;1;1;2;-3,76999035;-38,67006282;"SPRF-CE";"DEL01-CE";"UOP01-DEL01-CE"
516918;2023-04-15;"sábado";"03:30:00";"AL";316;266,5;"SATUBA";"Ausência de reação do condutor";"Colisão com objeto";"Com Vítimas Feridas";"Plena Noite";"Decrescente";"Céu Claro";"Simples";"Curva;Aclive";"Não";1;0;0;1;0;0;1;1;-9,58762644;-35,85230719;"SPRF-AL";"DEL02-AL";"UOP01-DEL02-AL"
516920;2023-04-15;"sábado";"05:00:00";"PR";116;86;"PIRAQUARA";"Condutor Dormindo";"Colisão com objeto";"Com Vítimas Feridas";"Plena Noite";"Crescente";"Nublado";"Dupla";"Curva;Viaduto;Aclive;Interseção de Vias";"Não";1;0;1;0;0;0;1;1;-25,461391;-49,088917;"SPRF-PR";"DEL01-PR";"UOP07-DEL01-PR"
516922;2023-04-15;"sábado";"04:45:00";"PR";369;184;"ARAPONGAS";"Acessar a via sem observar a presença dos outros veículos";"Colisão transversal";"Com Vítimas Feridas";"Plena Noite";"Decrescente";"Nublado";"Dupla";"Interseção de Vias";"Sim";2;0;1;0;1;0;1;2;-23,39835372;-51,42631531;"SPRF-PR";"DEL07-PR";"UOP03-DEL07-PR"
516923;2023-04-15;"sábado";"05:00:00";"SC";280;299;"PORTO UNIAO";"Reação tardia ou ineficiente do condutor";"Saída de leito carroçável";"Com Vítimas Feridas";"Plena Noite";"Decrescente";"Nublado";"Simples";"Reta";"Não";1;0;0;1;0;0;1;1;-26,28420538;-51,0111179;"SPRF-SC";"DEL06-SC";"UOP04-DEL06-SC"
516925;2023-04-15;"sábado";"04:45:00";"MS";163;500;"CAMPO GRANDE";"Condutor Dormindo";"Colisão com objeto";"Com Vítimas Feridas";"Amanhecer";"Crescente";"Céu Claro";"Dupla";"Reta";"Não";1;0;1;0;0;0;1;1;-20,32607304;-54,51856683;"SPRF-MS";"DEL01-MS";"UOP02-DEL01-MS"
516926;2023-04-15;"sábado";"05:40:00";"RJ";116;185;"NOVA IGUACU";"Ausência de reação do condutor";"Colisão com objeto";"Com Vítimas Feridas";"Amanhecer";"Crescente";"Nublado";"Múltipla";"Reta";"Não";1;0;1;0;0;0;1;1;-22,74151051;-43,45351823;"SPRF-RJ";"DEL01-RJ";"UOP02-DEL01-RJ"
516927;2023-04-15;"sábado";"06:05:00";"SC";282;3;"FLORIANOPOLIS";"Reação tardia ou ineficiente do condutor";"Colisão com objeto";"Sem Vítimas";"Amanhecer";"Crescente";"Céu Claro";"Múltipla";"Curva";"Sim";1;0;0;0;0;1;0;1;-27,60068881;-48,59913826;"SPRF-SC";"DEL01-SC";"UOP01-DEL01-SC"
516928;2023-04-14;"sexta-feira";"16:50:00";"SC";282;393;"JOACABA";"Acesso irregular";"Colisão transversal";"Com Vítimas Feridas";"Pleno dia";"Decrescente";"Chuva";"Simples";"Reta";"Não";2;0;0;1;1;0;1;2;-27,160221;-51,573895;"SPRF-SC";"DEL07-SC";"UOP05-DEL07-SC"
516930;2023-04-15;"sábado";"04:26:00";"PI";316;311;"PICOS";"Acessar a via sem observar a presença dos outros veículos";"Colisão transversal";"Sem Vítimas";"Amanhecer";"Crescente";"Céu Claro";"Simples";"Reta";"Sim";2;0;0;0;2;0;0;2;-7,076331;-41,46596;"SPRF-PI";"DEL04-PI";"UOP01-DEL04-PI"
516933;2023-04-15;"sábado";"06:20:00";"PR";277;36;"MORRETES";"Pista Escorregadia";"Colisão com objeto";"Sem Vítimas";"Amanhecer";"Decrescente";"Nevoeiro/Neblina";"Dupla";"Curva;Declive";"Não";3;0;0;0;3;0;0;1;-25,5585949;-48,80593311;"SPRF-PR";"DEL01-PR";"UOP05-DEL01-PR"
516937;2023-04-14;"sexta-feira";"18:45:00";"PR";116;113;"CURITIBA";"Reação tardia ou ineficiente do condutor";"Colisão com objeto";"Sem Vítimas";"Pleno dia";"Decrescente";"Nublado";"Múltipla";"Reta";"Não";1;0;0;0;0;1;0;1;-25,56513636;-49,24675108;"SPRF-PR";"DEL01-PR";"UOP07-DEL01-PR"
516939;2023-04-15;"sábado";"07:00:00";"RS";470;221;"GARIBALDI";"Ausência de reação do condutor";"Colisão traseira";"Sem Vítimas";"Pleno dia";"Decrescente";"Nublado";"Simples";"Reta";"Sim";2;0;0;0;2;0;0;2;-29,19516365;-51,51950463;"SPRF-RS";"DEL06-RS";"UOP01-DEL06-RS"
516941;2023-04-15;"sábado";"06:50:00";"SP";116;269;"TABOAO DA SERRA";"Condutor deixou de manter distância do veículo da frente";"Colisão traseira";"Sem Vítimas";"Pleno dia";"Decrescente";"Céu Claro";"Múltipla";"Reta";"Sim";4;0;0;0;4;0;0;2;-23,61593059;-46,78826044;"SPRF-SP";"DEL04-SP";"UOP01-DEL04-SP"
516942;2023-04-15;"sábado";"07:00:00";"MS";60;436,8;"SIDROLANDIA";"Ausência de reação do condutor";"Saída de leito carroçável";"Com Vítimas Feridas";"Plena Noite";"Decrescente";"Nevoeiro/Neblina";"Simples";"Reta";"Não";1;0;1;0;0;0;1;1;-20,98257769;-55,01151688;"SPRF-MS";"DEL01-MS";"UOP04-DEL01-MS"
516944;2023-04-15;"sábado";"07:15:00";"RJ";101;116;"CAMPOS DOS GOYTACAZES";"Reação tardia ou ineficiente do condutor";"Capotamento";"Com Vítimas Feridas";"Pleno dia";"Crescente";"Céu Claro";"Dupla";"Curva";"Não";1;0;1;0;0;0;1;1;-22,00307598;-41,66315777;"SPRF-RJ";"DEL08-RJ";"UOP02-DEL08-RJ"
516945;2023-04-15;"sábado";"08:00:00";"RS";285;294;"PASSO FUNDO";"Conversão proibida";"Colisão lateral mesmo sentido";"Com Vítimas Feridas";"Pleno dia";"Decrescente";"Nublado";"Simples";"Reta;Retorno Regulamentado";"Sim";2;0;1;0;1;0;1;2;-28,234547;-52,384975;"SPRF-RS";"DEL08-RS";"UOP03-DEL08-RS"
516946;2023-04-15;"sábado";"08:00:00";"MG";50;58;"UBERLANDIA";"Problema com o freio";"Saída de leito carroçável";"Sem Vítimas";"Pleno dia";"Decrescente";"Sol";"Dupla";"Retorno Regulamentado;Curva";"Não";2;0;0;0;2;0;0;1;-18,79408225;-48,23421867;"SPRF-MG";"DEL15-MG";"UOP02-DEL15-MG"
516948;2023-04-15;"sábado";"07:10:00";"PE";101;65;"RECIFE";"Ausência de reação do condutor";"Saída de leito carroçável";"Com Vítimas Feridas";"Pleno dia";"Decrescente";"Sol";"Dupla";"Reta";"Sim";2;0;2;0;0;0;2;1;-8,03158796;-34,94237065;"SPRF-PE";"DEL01-PE";"UOP01-DEL01-PE"
516949;2023-04-15;"sábado";"01:50:00";"MG";40;490,1;"ESMERALDAS";"Ausência de reação do condutor";"Saída de leito carroçável";"Com Vítimas Feridas";"Plena Noite";"Crescente";"Céu Claro";"Dupla";"Curva";"Não";1;0;0;1;0;0;1;1;-19,58842231;-44,16977692;"SPRF-MG";"DEL02-MG";"UOP01-DEL02-MG"
516950;2023-04-15;"sábado";"05:30:00";"RJ";116;131;"MAGE";"Velocidade Incompatível";"Saída de leito carroçável";"Com Vítimas Feridas";"Pleno dia";"Decrescente";"Céu Claro";"Dupla";"Reta";"Não";2;0;1;0;1;0;1;1;-22,65608024;-43,12511494;"SPRF-RJ";"DEL04-RJ";"UOP02-DEL04-RJ"
516953;2023-04-08;"sábado";"00:30:00";"MG";50;67,8;"UBERLANDIA";"Chuva";"Tombamento";"Com Vítimas Feridas";"Plena Noite";"Decrescente";"Chuva";"Dupla";"Reta";"Sim";1;0;0;1;0;0;1;1;-18,87796556;-48,26108336;"SPRF-MG";"DEL15-MG";"UOP02-DEL15-MG"
516959;2023-04-15;"sábado";"08:50:00";"RS";287;402;"SANTIAGO";"Acessar a via sem observar a presença dos outros veículos";"Colisão transversal";"Com Vítimas Feridas";"Pleno dia";"Decrescente";"Céu Claro";"Simples";"Interseção de Vias";"Não";4;0;2;0;2;0;2;2;-29,14888507;-54,88646115;"SPRF-RS";"DEL12-RS";"UOP02-DEL12-RS"
516960;2023-04-15;"sábado";"10:00:00";"PE";232;409;"SERRA TALHADA";"Acessar a via sem observar a presença dos outros veículos";"Colisão lateral mesmo sentido";"Sem Vítimas";"Pleno dia";"Decrescente";"Céu Claro";"Simples";"Interseção de Vias;Reta";"Sim";3;0;0;0;1;2;0;3;-7,981944;-38,289467;"SPRF-PE";"DEL04-PE";"UOP01-DEL04-PE"
516961;2023-04-15;"sábado";"06:00:00";"SC";158;140,9;"PALMITOS";"Condutor Dormindo";"Colisão lateral sentido oposto";"Sem Vítimas";"Amanhecer";"Decrescente";"Céu Claro";"Simples";"Reta;Declive";"Não";2;0;0;0;1;1;0;2;-27,12575601;-53,21242903;"SPRF-SC";"DEL07-SC";"UOP02-DEL07-SC"
516963;2023-04-15;"sábado";"08:05:00";"PB";361;21;"SANTA TERESINHA";"Conversão proibida";"Colisão lateral mesmo sentido";"Com Vítimas Feridas";"Pleno dia";"Decrescente";"Céu Claro";"Simples";"Reta";"Não";4;0;1;0;3;0;1;2;-7,08286207;-37,43049198;"SPRF-PB";"DEL03-PB";"UOP01-DEL03-PB"
516964;2023-04-15;"sábado";"10:00:00";"PA";163;852;"PLACAS";"Acessar a via sem observar a presença dos outros veículos";"Colisão transversal";"Com Vítimas Fatais";"Pleno dia";"Crescente";"Céu Claro";"Simples";"Reta;Interseção de Vias;Aclive";"Não";5;1;0;0;1;3;0;3;-3,6236174;-54,84514475;"SPRF-PA";"DEL05-PA";"UOP01-DEL05-PA"
516965;2023-04-15;"sábado";"11:00:00";"BA";101;106;"ALAGOINHAS";"Demais falhas mecânicas ou elétricas";"Queda de ocupante de veículo";"Com Vítimas Feridas";"Pleno dia";"Crescente";"Céu Claro";"Simples";"Reta";"Sim";1;0;1;0;0;0;1;1;-12,15963868;-38,41162324;"SPRF-BA";"DEL01-BA";"UOP04-DEL01-BA"
516966;2023-04-15;"sábado";"09:50:00";"RJ";116;188;"NOVA IGUACU";"Acessar a via sem observar a presença dos outros veículos";"Colisão lateral mesmo sentido";"Com Vítimas Feridas";"Pleno dia";"Crescente";"Céu Claro";"Dupla";"Reta;Interseção de Vias";"Sim";2;0;0;1;1;0;1;2;-22,7380709;-43,48213999;"SPRF-RJ";"DEL01-RJ";"UOP02-DEL01-RJ"
516967;2023-04-15;"sábado";"11:00:00";"MG";116;540;"SANTA RITA DE MINAS";"Reação tardia ou ineficiente do condutor";"Colisão traseira";"Com Vítimas Feridas";"Pleno dia";"Decrescente";"Nublado";"Simples";"Reta;Em Obras";"Não";3;0;1;0;2;0;1;3;-19,886814;-42,13777186;"SPRF-MG";"DEL06-MG";"UOP02-DEL06-MG"
516968;2023-04-15;"sábado";"10:20:00";"CE";116;498,9;"BREJO SANTO";"Pista esburacada";"Queda de ocupante de veículo";"Com Vítimas Feridas";"Pleno dia";"Decrescente";"Céu Claro";"Simples";"Reta";"Não";2;0;2;0;0;0;2;1;-7,42733609;-38,9699468;"SPRF-CE";"DEL05-CE";"UOP03-DEL05-CE"
516970;2023-04-15;"sábado";"10:45:00";"RJ";116;189;"NOVA IGUACU";"Manobra de mudança de faixa";"Colisão lateral mesmo sentido";"Com Vítimas Feridas";"Pleno dia";"Decrescente";"Garoa/Chuvisco";"Dupla";"Reta";"Sim";3;0;1;1;1;0;2;2;-22,73765712;-43,49182298;"SPRF-RJ";"DEL01-RJ";"UOP02-DEL01-RJ"
516971;2023-04-15;"sábado";"10:15:00";"PB";230;263;"JUNCO DO SERIDO";"Transitar na contramão";"Colisão lateral sentido oposto";"Com Vítimas Feridas";"Pleno dia";"Decrescente";"Sol";"Simples";"Reta";"Não";2;0;0;1;1;0;1;2;-6,984;-36,7279;"SPRF-PB";"DEL03-PB";"UOP01-DEL03-PB"
516972;2023-04-15;"sábado";"09:41:00";"AC";364;137;"RIO BRANCO";"Desrespeitar a preferência no cruzamento";"Colisão transversal";"Com Vítimas Feridas";"Pleno dia";"Decrescente";"Céu Claro";"Dupla";"Rotatória";"Sim";4;0;4;0;0;0;4;2;-9,96935404;-67,85264513;"SPRF-AC";"DEL01-AC";"UOP01-DEL01-AC"
516974;2023-04-15;"sábado";"10:30:00";"GO";153;402;"PIRENOPOLIS";"Avarias e/ou desgaste excessivo no pneu";"Queda de ocupante de veículo";"Com Vítimas Feridas";"Pleno dia";"Crescente";"Céu Claro";"Simples";"Reta";"Não";2;0;1;0;1;0;1;1;-16,040709;-49,079845;"SPRF-GO";"DEL02-GO";"UOP02-DEL02-GO"
516975;2023-01-25;"quarta-feira";"19:40:00";"MG";40;771,6;"JUIZ DE FORA";"Manobra de mudança de faixa";"Colisão lateral mesmo sentido";"Com Vítimas Feridas";"Plena Noite";"Crescente";"Céu Claro";"Simples";"Reta";"Não";5;0;3;0;2;0;3;2;-21,60932712;-43,45892723;"SPRF-MG";"DEL05-MG";"UOP01-DEL05-MG"
516976;2023-04-15;"sábado";"12:10:00";"BA";116;11;"VITORIA DA CONQUISTA";"Acessar a via sem observar a presença dos outros veículos";"Colisão lateral mesmo sentido";"Com Vítimas Feridas";"Pleno dia";"Crescente";"Céu Claro";"Simples";"Interseção de Vias;Rotatória";"Sim";2;0;1;0;1;0;1;2;-14,87294426;-40,8716852;"SPRF-BA";"DEL08-BA";"UOP01-DEL08-BA"
516979;2023-04-15;"sábado";"11:55:00";"PE";408;61;"CARPINA";"Ultrapassagem Indevida";"Colisão frontal";"Com Vítimas Feridas";"Pleno dia";"Decrescente";"Sol";"Simples";"Reta";"Não";3;0;1;2;0;0;3;2;-7,825076;-35,245508;"SPRF-PE";"DEL01-PE";"UOP01-DEL01-PE"
516980;2023-04-15;"sábado";"11:30:00";"RJ";116;190;"NOVA IGUACU";"Reação tardia ou ineficiente do condutor";"Colisão traseira";"Com Vítimas Feridas";"Pleno dia";"Decrescente";"Chuva";"Dupla";"Reta";"Sim";4;0;1;0;3;0;1;3;-22,74123776;-43,5007311;"SPRF-RJ";"DEL01-RJ";"UOP02-DEL01-RJ"
516981;2023-04-15;"sábado";"13:15:00";"ES";101;204,8;"JOAO NEIVA";"Acessar a via sem observar a presença dos outros veículos";"Colisão transversal";"Com Vítimas Feridas";"Pleno dia";"Crescente";"Céu Claro";"Simples";"Interseção de Vias";"Sim";2;0;0;1;1;0;1;2;-19,75823196;-40,3795009;"SPRF-ES";"DEL02-ES";"UOP01-DEL02-ES"
516984;2023-03-03;"sexta-feira";"06:37:00";"PE";232;105,7;"BEZERROS";"Condutor Dormindo";"Atropelamento de Pedestre";"Com Vítimas Fatais";"Pleno dia";"Decrescente";"Céu Claro";"Dupla";"Reta";"Não";3;2;0;0;0;1;0;2;-8,25830415;-35,78275595;"SPRF-PE";"DEL02-PE";"UOP02-DEL02PE"
516985;2023-04-15;"sábado";"14:30:00";"ES";262;168;"IUNA";"Desrespeitar a preferência no cruzamento";"Colisão transversal";"Com Vítimas Feridas";"Pleno dia";"Crescente";"Céu Claro";"Simples";"Interseção de Vias";"Sim";6;0;4;0;2;0;4;2;-20,26087618;-41,5684097;"SPRF-ES";"DEL01-ES";"UOP02-DEL01-ES"
516986;2023-04-15;"sábado";"14:05:00";"ES";101;130;"LINHARES";"Avarias e/ou desgaste excessivo no pneu";"Tombamento";"Com Vítimas Feridas";"Pleno dia";"Crescente";"Céu Claro";"Dupla";"Reta;Aclive";"Não";2;0;2;0;0;0;2;1;-19,22994799;-40,09266892;"SPRF-ES";"DEL04-ES";"UOP01-DEL04-ES"
516987;2023-04-15;"sábado";"14:20:00";"SE";235;36,5;"AREIA BRANCA";"Velocidade Incompatível";"Saída de leito carroçável";"Com Vítimas Fatais";"Pleno dia";"Decrescente";"Céu Claro";"Simples";"Declive;Reta";"Não";1;1;0;0;0;0;0;1;-10,767558;-37,328533;"SPRF-SE";"DEL01-SE";"UOP02-DEL01-SE"
516988;2023-04-15;"sábado";"14:00:00";"SC";101;236;"PALHOCA";"Acumulo de areia ou detritos sobre o pavimento";"Tombamento";"Com Vítimas Feridas";"Pleno dia";"Crescente";"Nublado";"Simples";"Retorno Regulamentado;Curva";"Sim";2;0;1;1;0;0;2;1;-27,82629382;-48,63034842;"SPRF-SC";"DEL01-SC";"UOP02-DEL01-SC"
516989;2023-04-15;"sábado";"14:15:00";"RS";470;218,5;"BENTO GONCALVES";"Manobra de mudança de faixa";"Colisão lateral mesmo sentido";"Com Vítimas Feridas";"Pleno dia";"Decrescente";"Garoa/Chuvisco";"Simples";"Curva;Aclive";"Não";3;0;1;0;2;0;1;2;-29,18532504;-51,52124405;"SPRF-RS";"DEL06-RS";"UOP01-DEL06-RS"
516990;2023-04-15;"sábado";"14:45:00";"RS";470;219;"BENTO GONCALVES";"Reação tardia ou ineficiente do condutor";"Colisão traseira";"Sem Vítimas";"Pleno dia";"Decrescente";"Garoa/Chuvisco";"Dupla";"Curva";"Sim";2;0;0;0;2;0;0;2;-29,17909489;-51,51855675;"SPRF-RS";"DEL06-RS";"UOP01-DEL06-RS"
516991;2023-04-15;"sábado";"11:17:00";"RJ";393;236;"VASSOURAS";"Entrada inopinada do pedestre";"Atropelamento de Pedestre";"Com Vítimas Feridas";"Pleno dia";"Crescente";"Nublado";"Simples";"Reta";"Sim";2;0;0;1;0;1;1;2;-22,38996804;-43,64928296;"SPRF-RJ";"DEL05-RJ";"UOP03-DEL05-RJ"
516992;2023-04-15;"sábado";"15:00:00";"SC";101;164;"TIJUCAS";"Acessar a via sem observar a presença dos outros veículos";"Colisão transversal";"Com Vítimas Feridas";"Pleno dia";"Decrescente";"Nublado";"Múltipla";"Interseção de Vias";"Não";2;0;1;0;1;0;1;2;-27,243868;-48,6309;"SPRF-SC";"DEL04-SC";"UOP03-DEL04-SC"
516994;2023-04-15;"sábado";"14:10:00";"MG";381;503,7;"BETIM";"Ingestão de álcool pelo condutor";"Colisão traseira";"Sem Vítimas";"Pleno dia";"Crescente";"Céu Claro";"Dupla";"Reta;Aclive";"Sim";5;0;0;0;5;0;0;2;-20,03855134;-44,25495493;"SPRF-MG";"DEL04-MG";"UOP03-DEL04-MG"
516995;2023-04-15;"sábado";"13:30:00";"SC";280;239,9;"CANOINHAS";"Ultrapassagem Indevida";"Saída de leito carroçável";"Com Vítimas Feridas";"Pleno dia";"Crescente";"Céu Claro";"Simples";"Reta";"Não";5;0;2;3;0;0;5;1;-26,20971113;-50,44782084;"SPRF-SC";"DEL06-SC";"UOP04-DEL06-SC"