"id";"data_inversa";"dia_semana";"horario";"uf";"br";"km";"municipio";"causa_acidente";"tipo_acidente";"classificacao_acidente";"fase_dia";"sentido_via";"condicao_metereologica";"tipo_pista";"tracado_via";"uso_solo";"pessoas";"mortos";"feridos_leves";"feridos_graves";"ilesos";"ignorados";"feridos";"veiculos";"latitude";"longitude";"regional";"delegacia";"uop"
516997;2023-04-15;"sábado";"14:30:00";"SC";116;221;"CORREIA PINTO";"Ingestão de álcool pelo condutor";"Queda de ocupante de veículo";"Com Vítimas Feridas";"Pleno dia";"Crescente";"Nublado";"Simples";"Reta;Aclive";"Sim";1;0;1;0;0;0;1;1;-27,58573399;-50,36555188;"SPRF-SC";"DEL05-SC";"UOP03-DEL05-SC"
516999;2023-04-15;"sábado";"14:00:00";"MG";381;293,5;"ANTONIO DIAS";"Reação tardia ou ineficiente do condutor";"Colisão traseira";"Com Vítimas Feridas";"Pleno dia";"Decrescente";"Céu Claro";"Dupla";"Em Obras;Curva;Declive";"Não";3;0;1;0;2;0;1;2;-19,639997;-42,813436;"SPRF-MG";"DEL03-MG";"UOP02-DEL03-MG"
517000;2023-04-15;"sábado";"16:05:00";"RS";116;252;"SAPUCAIA DO SUL";"Condutor deixou de manter distância do veículo da frente";"Colisão traseira";"Com Vítimas Feridas";"Pleno dia";"Crescente";"Céu Claro";"Dupla";"Reta";"Sim";3;0;0;1;2;0;1;2;-29,81612802;-51,16975665;"SPRF-RS";"DEL01-RS";"UOP02-DEL01-RS"
517001;2023-04-15;"sábado";"15:45:00";"TO";153;452;"BARROLANDIA";"Ingestão de álcool pelo condutor";"Queda de ocupante de veículo";"Com Vítimas Feridas";"Pleno dia";"Crescente";"Céu Claro";"Simples";"Reta;Aclive";"Não";1;0;1;0;0;0;1;1;-9,84368;-48,72213;"SPRF-TO";"DEL01-TO";"UOP01-DEL01-TO"
517002;2023-04-15;"sábado";"13:00:00";"BA";235;14,8;"CORONEL JOAO SA";"Demais falhas mecânicas ou elétricas";"Incêndio";"Sem Vítimas";"Pleno dia";"Decrescente";"Sol";"Simples";"Reta";"Não";1;0;0;0;1;0;0;1;-10,23089999;-37,82635099;"SPRF-SE";"DEL01-SE";"UOP02-DEL01-SE"
517003;2023-04-15;"sábado";"15:43:00";"ES";101;256,5;"SERRA";"Desrespeitar a preferência no cruzamento";"Colisão transversal";"Com Vítimas Feridas";"Pleno dia";"Crescente";"Nublado";"Dupla";"Viaduto;Declive;Interseção de Vias";"Sim";3;0;1;0;2;0;1;2;-20,119123;-40,311005;"SPRF-ES";"DEL02-ES";"UOP01-DEL02-ES"
517004;2023-04-15;"sábado";"15:30:00";"SC";282;605;"MARAVILHA";"Demais falhas mecânicas ou elétricas";"Colisão traseira";"Com Vítimas Feridas";"Pleno dia";"Crescente";"Sol";"Simples";"Declive;Curva";"Não";2;0;1;0;1;0;1;2;-26,7832383;-53,19661617;"SPRF-SC";"DEL07-SC";"UOP02-DEL07-SC"
517006;2023-04-15;"sábado";"16:15:00";"RJ";101;70,5;"CAMPOS DOS GOYTACAZES";"Acessar a via sem observar a presença dos outros veículos";"Colisão transversal";"Com Vítimas Feridas";"Pleno dia";"Crescente";"Nublado";"Simples";"Reta";"Não";2;0;1;0;1;0;1;2;-21,781011;-41,373363;"SPRF-RJ";"DEL08-RJ";"UOP02-DEL08-RJ"
517007;2023-04-15;"sábado";"15:55:00";"BA";324;592;"CANDEIAS";"Reação tardia ou ineficiente do condutor";"Saída de leito carroçável";"Com Vítimas Feridas";"Pleno dia";"Decrescente";"Céu Claro";"Dupla";"Interseção de Vias";"Não";2;0;1;0;1;0;1;1;-12,69021804;-38,46568118;"SPRF-BA";"DEL01-BA";"UOP01-DEL01-BA"
517008;2023-04-15;"sábado";"16:30:00";"PR";163;182;"SANTA TEREZA DO OESTE";"Velocidade Incompatível";"Saída de leito carroçável";"Sem Vítimas";"Pleno dia";"Decrescente";"Céu Claro";"Dupla";"Viaduto";"Sim";1;0;0;0;0;1;0;1;-25,15864601;-53,59746064;"SPRF-PR";"DEL05-PR";"UOP05-DEL05-PR"
517009;2023-04-15;"sábado";"16:00:00";"MG";381;694;"LAVRAS";"Condutor Dormindo";"Capotamento";"Com Vítimas Feridas";"Pleno dia";"Crescente";"Céu Claro";"Dupla";"Reta";"Não";4;0;2;0;2;0;2;1;-21,26844225;-45,13721743;"SPRF-MG";"DEL04-MG";"UOP02-DEL04-MG"
517010;2023-04-15;"sábado";"14:00:00";"PI";343;206,9;"PIRIPIRI";"Pista esburacada";"Saída de leito carroçável";"Com Vítimas Feridas";"Pleno dia";"Crescente";"Chuva";"Simples";"Reta";"Não";4;0;4;0;0;0;4;1;-4,417403;-41,88747;"SPRF-PI";"DEL02-PI";"UOP01-DEL02-PI"
517011;2023-04-15;"sábado";"16:00:00";"RN";226;303;"AUGUSTO SEVERO";"Pista esburacada";"Colisão frontal";"Com Vítimas Feridas";"Pleno dia";"Crescente";"Nublado";"Simples";"Reta";"Não";2;0;1;0;1;0;1;2;-5,97103696;-37,36917228;"SPRF-RN";"DEL04-RN";"UOP01-DEL04-RN"
517012;2023-04-15;"sábado";"16:10:00";"DF";80;24,8;"BRASILIA";"Condutor deixou de manter distância do veículo da frente";"Colisão traseira";"Sem Vítimas";"Pleno dia";"Crescente";"Céu Claro";"Simples";"Reta;Aclive";"Sim";2;0;0;0;2;0;0;2;-15,630569;-48,199944;"SPRF-DF";"DEL03-DF";"UOP02-DEL03-DF"
517013;2023-04-15;"sábado";"15:30:00";"RJ";101;321;"NITEROI";"Reação tardia ou ineficiente do condutor";"Colisão lateral mesmo sentido";"Com Vítimas Feridas";"Pleno dia";"Decrescente";"Chuva";"Dupla";"Curva";"Sim";3;0;2;0;1;0;2;2;-22,86981096;-43,11046465;"SPRF-RJ";"DEL02-RJ";"UOP01-DEL02-RJ"
517014;2023-04-15;"sábado";"15:50:00";"RJ";116;11;"SAPUCAIA";"Velocidade Incompatível";"Colisão com objeto";"Com Vítimas Fatais";"Pleno dia";"Decrescente";"Chuva";"Simples";"Reta";"Não";1;1;0;0;0;0;0;1;-21,9415;-42,719556;"SPRF-RJ";"DEL05-RJ";"UOP01-DEL05-RJ"
517018;2023-04-15;"sábado";"16:25:00";"RS";116;134,3;"CAXIAS DO SUL";"Demais falhas mecânicas ou elétricas";"Colisão frontal";"Com Vítimas Feridas";"Pleno dia";"Crescente";"Garoa/Chuvisco";"Simples";"Curva";"Não";6;0;4;0;2;0;4;2;-29,06329012;-51,09842716;"SPRF-RS";"DEL05-RS";"UOP01-DEL05-RS"
517021;2023-04-15;"sábado";"17:10:00";"RS";158;327,5;"SANTA MARIA";"Condutor deixou de manter distância do veículo da frente";"Engavetamento";"Com Vítimas Feridas";"Pleno dia";"Crescente";"Céu Claro";"Dupla";"Reta";"Não";5;0;1;0;4;0;1;3;-29,71091992;-53,82005274;"SPRF-RS";"DEL09-RS";"UOP01-DEL09-RS"
517023;2023-04-15;"sábado";"14:00:00";"MG";153;67;"MONTE ALEGRE DE MINAS";"Restrição de visibilidade em curvas horizontais";"Saída de leito carroçável";"Com Vítimas Feridas";"Pleno dia";"Decrescente";"Nublado";"Simples";"Declive;Curva";"Não";1;0;1;0;0;0;1;1;-18,95229796;-49,02719911;"SPRF-MG";"DEL15-MG";"UOP03-DEL15-MG"
517024;2023-04-15;"sábado";"18:00:00";"MG";40;566;"NOVA LIMA";"Reação tardia ou ineficiente do condutor";"Queda de ocupante de veículo";"Com Vítimas Feridas";"Plena Noite";"Decrescente";"Céu Claro";"Simples";"Reta;Aclive";"Não";2;0;0;2;0;0;2;1;-20,17884905;-43,96636352;"SPRF-MG";"DEL01-MG";"UOP02-DEL01-MG"
517027;2023-04-15;"sábado";"17:00:00";"SC";101;21;"JOINVILLE";"Velocidade Incompatível";"Saída de leito carroçável";"Com Vítimas Feridas";"Pleno dia";"Crescente";"Nublado";"Dupla";"Curva";"Não";1;0;1;0;0;0;1;1;-26,14793022;-48,90894562;"SPRF-SC";"DEL03-SC";"UOP01-DEL03-SC"
517028;2023-04-15;"sábado";"13:40:00";"MG";40;128,7;"JOAO PINHEIRO";"Ausência de reação do condutor";"Colisão traseira";"Com Vítimas Feridas";"Pleno dia";"Crescente";"Céu Claro";"Simples";"Reta";"Sim";2;0;1;0;1;0;1;2;-17,70131701;-46,303719;"SPRF-MG";"DEL14-MG";"UOP01-DEL14-MG"
517029;2023-04-15;"sábado";"12:05:00";"GO";153;204;"URUACU";"Ultrapassagem Indevida";"Colisão traseira";"Com Vítimas Feridas";"Pleno dia";"Decrescente";"Céu Claro";"Simples";"Reta";"Não";5;0;0;1;3;1;1;4;-14,547464;-49,160545;"SPRF-GO";"DEL07-GO";"UOP02-DEL07-GO"
517030;2023-04-15;"sábado";"18:30:00";"BA";324;540;"AMELIA RODRIGUES";"Demais falhas mecânicas ou elétricas";"Queda de ocupante de veículo";"Com Vítimas Feridas";"Plena Noite";"Decrescente";"Céu Claro";"Dupla";"Reta;Aclive";"Não";1;0;1;0;0;0;1;1;-12,38543536;-38,79238728;"SPRF-BA";"DEL01-BA";"UOP03-DEL01-BA"
517031;2023-04-15;"sábado";"18:00:00";"RS";290;129,5;"ELDORADO DO SUL";"Manobra de mudança de faixa";"Colisão transversal";"Com Vítimas Feridas";"Anoitecer";"Crescente";"Nublado";"Dupla";"Reta;Retorno Regulamentado";"Não";4;0;0;2;2;0;2;2;-30,05858282;-51,5106976;"SPRF-RS";"DEL02-RS";"UOP01-DEL02-RS"
517032;2023-04-15;"sábado";"16:45:00";"SC";280;3,7;"SAO FRANCISCO DO SUL";"Velocidade Incompatível";"Colisão transversal";"Com Vítimas Feridas";"Pleno dia";"Crescente";"Céu Claro";"Simples";"Rotatória";"Sim";3;0;2;0;1;0;2;2;-26,24531966;-48,61556107;"SPRF-SC";"DEL03-SC";"UOP03-DEL03-SC"
517035;2023-04-15;"sábado";"18:30:00";"SP";116;275,8;"EMBU DAS ARTES";"Trafegar com motocicleta (ou similar) entre as faixas";"Tombamento";"Com Vítimas Feridas";"Plena Noite";"Crescente";"Nublado";"Simples";"Reta";"Sim";1;0;1;0;0;0;1;1;-23,62216067;-46,81393009;"SPRF-SP";"DEL04-SP";"UOP01-DEL04-SP"
517037;2023-04-15;"sábado";"18:30:00";"MS";463;107;"PONTA PORA";"Condutor deixou de manter distância do veículo da frente";"Saída de leito carroçável";"Com Vítimas Feridas";"Plena Noite";"Crescente";"Vento";"Simples";"Reta";"Não";1;0;0;1;0;0;1;1;-22,59094101;-55,67301101;"SPRF-MS";"DEL04-MS";"UOP03-DEL04-MS"
517038;2023-04-15;"sábado";"18:00:00";"PB";230;154,3;"CAMPINA GRANDE";"Transitar na contramão";"Colisão frontal";"Com Vítimas Feridas";"Plena Noite";"Decrescente";"Céu Claro";"Simples";"Reta";"Sim";2;0;0;2;0;0;2;2;-7,2777;-35,8985;"SPRF-PB";"DEL02-PB";"UOP01-DEL02-PB"
517039;2023-04-15;"sábado";"19:00:00";"PR";116;168,1;"QUITANDINHA";"Iluminação deficiente";"Atropelamento de Pedestre";"Com Vítimas Feridas";"Plena Noite";"Crescente";"Céu Claro";"Simples";"Declive";"Não";2;0;0;2;0;0;2;2;-25,8832;-49,498896;"SPRF-PR";"DEL01-PR";"UOP03-DEL01-PR"
517040;2023-04-15;"sábado";"19:30:00";"RJ";116;174;"SAO JOAO DE MERITI";"Acessar a via sem observar a presença dos outros veículos";"Atropelamento de Pedestre";"Com Vítimas Feridas";"Plena Noite";"Decrescente";"Chuva";"Múltipla";"Reta";"Sim";2;0;0;1;0;1;1;2;-22,79423806;-43,36403759;"SPRF-RJ";"DEL01-RJ";"UOP02-DEL01-RJ"
517043;2023-04-15;"sábado";"17:25:00";"SC";116;183;"SAO CRISTOVAO DO SUL";"Pista Escorregadia";"Saída de leito carroçável";"Com Vítimas Feridas";"Anoitecer";"Decrescente";"Garoa/Chuvisco";"Simples";"Reta";"Não";2;0;1;0;1;0;1;1;-27,2929189;-50,43356775;"SPRF-SC";"DEL05-SC";"UOP03-DEL05-SC"
517044;2023-04-02;"domingo";"18:40:00";"PE";428;17;"CABROBO";"Pedestre andava na pista";"Atropelamento de Pedestre";"Com Vítimas Feridas";"Plena Noite";"Decrescente";"Céu Claro";"Simples";"Reta";"Não";4;0;1;2;0;1;3;2;-8,49693528;-39,37029804;"SPRF-PE";"DEL05-PE";"UOP03-DEL05-PE"
517045;2023-04-15;"sábado";"19:30:00";"PB";230;36;"SANTA RITA";"Objeto estático sobre o leito carroçável";"Queda de ocupante de veículo";"Com Vítimas Feridas";"Plena Noite";"Decrescente";"Céu Claro";"Dupla";"Curva";"Sim";1;0;1;0;0;0;1;1;-7,1246;-34,9473;"SPRF-PB";"DEL01-PB";"UOP03-DEL01-PB"
517046;2023-04-15;"sábado";"19:26:00";"PE";101;55,1;"PAULISTA";"Ausência de reação do condutor";"Colisão traseira";"Com Vítimas Feridas";"Plena Noite";"Crescente";"Céu Claro";"Dupla";"Reta;Interseção de Vias;Aclive";"Não";2;0;0;1;1;0;1;2;-7,94806621;-34,9062148;"SPRF-PE";"DEL01-PE";"UOP02-DEL01-PE"
517048;2023-04-15;"sábado";"19:00:00";"SC";163;107,7;"GUARUJA DO SUL";"Acesso irregular";"Colisão frontal";"Com Vítimas Feridas";"Plena Noite";"Crescente";"Céu Claro";"Simples";"Curva";"Não";2;0;2;0;0;0;2;2;-26,42211709;-53,52522433;"SPRF-SC";"DEL07-SC";"UOP03-DEL07-SC"
517049;2023-04-15;"sábado";"16:30:00";"BA";30;244;"GUANAMBI";"Transitar na contramão";"Colisão frontal";"Com Vítimas Feridas";"Pleno dia";"Crescente";"Céu Claro";"Simples";"Curva";"Não";2;0;1;1;0;0;2;2;-14,10954001;-42,59520199;"SPRF-BA";"DEL08-BA";"UOP01-DEL08-BA"
517050;2023-04-15;"sábado";"20:27:00";"SP";153;66;"SAO JOSE DO RIO PRETO";"Velocidade Incompatível";"Colisão lateral mesmo sentido";"Com Vítimas Feridas";"Plena Noite";"Crescente";"Nublado";"Dupla";"Curva;Declive";"Sim";4;0;2;0;1;1;2;3;-20,84208514;-49,37074279;"SPRF-SP";"DEL09-SP";"UOP01-DEL09-SP"
517051;2023-04-15;"sábado";"18:20:00";"RO";429;343,5;"JI-PARANA";"Ingestão de álcool pelo condutor";"Tombamento";"Com Vítimas Feridas";"Plena Noite";"Decrescente";"Céu Claro";"Dupla";"Reta";"Sim";1;0;1;0;0;0;1;1;-10,87633856;-61,94905043;"SPRF-RO";"DEL02-RO";"UOP03-DEL02-RO"
517054;2023-04-15;"sábado";"20:30:00";"PE";101;59;"RECIFE";"Condutor deixou de manter distância do veículo da frente";"Colisão traseira";"Com Vítimas Feridas";"Plena Noite";"Crescente";"Céu Claro";"Dupla";"Reta";"Não";3;0;2;0;1;0;2;2;-7,97708575;-34,92607318;"SPRF-PE";"DEL01-PE";"UOP02-DEL01-PE"
517056;2023-04-15;"sábado";"18:40:00";"PE";101;100,9;"CABO DE SANTO AGOSTINHO";"Manobra de mudança de faixa";"Colisão traseira";"Sem Vítimas";"Plena Noite";"Decrescente";"Ignorado";"Dupla";"Reta";"Não";4;0;0;0;3;1;0;2;-8,27604761;-35,05381107;"SPRF-PE";"DEL01-PE";"UOP03-DEL01-PE"
517057;2023-04-15;"sábado";"19:30:00";"SC";101;214;"PALHOCA";"Acessar a via sem observar a presença dos outros veículos";"Colisão transversal";"Com Vítimas Feridas";"Plena Noite";"Crescente";"Nublado";"Múltipla";"Reta";"Sim";3;0;1;0;2;0;1;2;-27,64443;-48,67057;"SPRF-SC";"DEL01-SC";"UOP02-DEL01-SC"
517058;2023-04-15;"sábado";"20:00:00";"PR";476;116;"COLOMBO";"Ausência de reação do condutor";"Colisão traseira";"Com Vítimas Feridas";"Plena Noite";"Crescente";"Céu Claro";"Dupla";"Reta";"Sim";2;0;0;1;1;0;1;2;-25,34996;-49,16642;"SPRF-PR";"DEL01-PR";"UOP01-DEL01-PR"
517059;2023-04-15;"sábado";"21:10:00";"BA";324;513,8;"FEIRA DE SANTANA";"Acesso irregular";"Colisão lateral mesmo sentido";"Com Vítimas Feridas";"Plena Noite";"Crescente";"Céu Claro";"Simples";"Reta";"Sim";2;0;1;0;1;0;1;2;-12,23098007;-38,96101401;"SPRF-BA";"DEL02-BA";"UOP01-DEL02-BA"
517060;2023-04-15;"sábado";"18:50:00";"MA";10;258,5;"IMPERATRIZ";"Acessar a via sem observar a presença dos outros veículos";"Colisão transversal";"Sem Vítimas";"Plena Noite";"Decrescente";"Céu Claro";"Simples";"Interseção de Vias";"Sim";2;0;0;0;1;1;0;2;-5,481554;-47,472092;"SPRF-MA";"DEL04-MA";"UOP01-DEL04-MA"
517062;2023-04-15;"sábado";"20:40:00";"ES";101;289,1;"CARIACICA";"Velocidade Incompatível";"Saída de leito carroçável";"Com Vítimas Feridas";"Plena Noite";"Decrescente";"Chuva";"Dupla";"Reta;Declive";"Sim";1;0;0;1;0;0;1;1;-20,28216462;-40,39325237;"SPRF-ES";"DEL01-ES";"UOP01-DEL01-ES"
517063;2023-04-15;"sábado";"10:30:00";"BA";367;26;"PORTO SEGURO";"Mal súbito do condutor";"Colisão transversal";"Sem Vítimas";"Pleno dia";"Crescente";"Nublado";"Simples";"Reta";"Sim";2;0;0;0;2;0;0;2;-16,43071712;-39,09561713;"SPRF-BA";"DEL09-BA";"UOP03-DEL09-BA"
517064;2023-04-15;"sábado";"21:00:00";"PR";116;95,5;"SAO JOSE DOS PINHAIS";"Deficiência do Sistema de Iluminação/Sinalização";"Colisão traseira";"Com Vítimas Feridas";"Plena Noite";"Crescente";"Chuva";"Dupla";"Reta;Aclive";"Sim";6;0;5;0;1;0;5;2;-25,53392532;-49,14666724;"SPRF-PR";"DEL01-PR";"UOP07-DEL01-PR"
517066;2023-04-15;"sábado";"18:15:00";"MG";40;797,5;"JUIZ DE FORA";"Reação tardia ou ineficiente do condutor";"Colisão lateral mesmo sentido";"Com Vítimas Feridas";"Anoitecer";"Crescente";"Céu Claro";"Dupla";"Reta";"Não";9;0;2;0;6;1;2;4;-21,81520106;-43,38621008;"SPRF-MG";"DEL05-MG";"UOP01-DEL05-MG"
517069;2023-04-15;"sábado";"20:01:00";"MG";116;30,4;"CACHOEIRA DE PAJEU";"Ultrapassagem Indevida";"Colisão frontal";"Com Vítimas Feridas";"Plena Noite";"Decrescente";"Céu Claro";"Simples";"Aclive";"Não";4;0;0;1;3;0;1;2;-15,90386522;-41,40999015;"SPRF-MG";"DEL11-MG";"UOP02-DEL11-MG"
517071;2023-04-15;"sábado";"22:05:00";"SE";101;88,7;"NOSSA SENHORA DO SOCORRO";"Ingestão de álcool pelo condutor";"Colisão lateral mesmo sentido";"Com Vítimas Feridas";"Plena Noite";"Decrescente";"Céu Claro";"Dupla";"Aclive;Reta";"Não";1;0;1;0;0;0;1;1;-10,87113297;-37,1344637;"SPRF-SE";"DEL01-SE";"UOP01-DEL01-SE"
517072;2023-04-15;"sábado";"22:46:00";"ES";262;21;"VIANA";"Acessar a via sem observar a presença dos outros veículos";"Colisão frontal";"Com Vítimas Feridas";"Plena Noite";"Decrescente";"Chuva";"Simples";"Reta";"Não";4;0;1;2;0;1;3;2;-20,38054389;-40,50497908;"SPRF-ES";"DEL01-ES";"UOP01-DEL01-ES"
517073;2023-04-15;"sábado";"18:40:00";"MA";135;0,9;"SAO LUIS";"Acessar a via sem observar a presença dos outros veículos";"Colisão transversal";"Com Vítimas Feridas";"Plena Noite";"Crescente";"Céu Claro";"Dupla";"Reta;Retorno Regulamentado";"Sim";2;0;1;0;0;1;1;2;-2,5804565;-44,241947;"SPRF-MA";"DEL01-MA";"UOP01-DEL01-MA"
517074;2023-04-15;"sábado";"22:45:00";"PE";423;93,7;"GARANHUNS";"Condutor deixou de manter distância do veículo da frente";"Colisão traseira";"Com Vítimas Feridas";"Plena Noite";"Crescente";"Céu Claro";"Simples";"Reta";"Sim";2;0;1;0;0;1;1;2;-8,87311457;-36,46830082;"SPRF-PE";"DEL03-PE";"UOP01-DEL03-PE"
517075;2023-04-15;"sábado";"22:00:00";"RJ";101;437,5;"MANGARATIBA";"Acessar a via sem observar a presença dos outros veículos";"Colisão transversal";"Com Vítimas Feridas";"Plena Noite";"Crescente";"Chuva";"Simples";"Reta";"Não";5;0;4;0;1;0;4;2;-22,94811517;-44,06549304;"SPRF-RJ";"DEL03-RJ";"UOP02-DEL03-RJ"
517076;2023-04-15;"sábado";"21:10:00";"MG";116;567,7;"MANHUACU";"Acessar a via sem observar a presença dos outros veículos";"Colisão frontal";"Com Vítimas Feridas";"Plena Noite";"Crescente";"Céu Claro";"Simples";"Reta";"Não";3;0;1;1;1;0;2;2;-20,08349985;-42,18405862;"SPRF-MG";"DEL06-MG";"UOP03-DEL06-MG"
517077;2023-04-15;"sábado";"22:20:00";"PR";116;58;"CAMPINA GRANDE DO SUL";"Pista Escorregadia";"Capotamento";"Sem Vítimas";"Plena Noite";"Decrescente";"Chuva";"Dupla";"Reta";"Não";1;0;0;0;0;1;0;1;-25,29614033;-48,93795675;"SPRF-PR";"DEL01-PR";"UOP02-DEL01-PR"
517080;2023-04-15;"sábado";"21:40:00";"RJ";101;309;"SAO GONCALO";"Pedestre andava na pista";"Atropelamento de Pedestre";"Com Vítimas Feridas";"Plena Noite";"Decrescente";"Garoa/Chuvisco";"Dupla";"Reta";"Não";3;0;0;1;1;1;1;2;-22,79498873;-43,03446105;"SPRF-RJ";"DEL02-RJ";"UOP02-DEL02-RJ"
517082;2023-04-15;"sábado";"21:00:00";"MA";135;5;"SAO LUIS";"Ausência de reação do condutor";"Colisão traseira";"Com Vítimas Feridas";"Plena Noite";"Crescente";"Garoa/Chuvisco";"Dupla";"Reta";"Sim";7;0;2;3;1;1;5;3;-2,62145385;-44,25797421;"SPRF-MA";"DEL01-MA";"UOP01-DEL01-MA"
517083;2023-04-15;"sábado";"23:00:00";"BA";116;821,5;"VITORIA DA CONQUISTA";"Transitar na contramão";"Colisão frontal";"Sem Vítimas";"Plena Noite";"Decrescente";"Nublado";"Simples";"Aclive";"Sim";2;0;0;0;2;0;0;2;-14,841172;-40,84497;"SPRF-BA";"DEL08-BA";"UOP01-DEL08-BA"
517084;2023-04-15;"sábado";"22:50:00";"MA";222;669,8;"ACAILANDIA";"Estacionar ou parar em local proibido";"Colisão com objeto";"Com Vítimas Fatais";"Plena Noite";"Decrescente";"Nublado";"Simples";"Reta";"Não";2;1;0;0;1;0;0;2;-4,9115858;-47,41511612;"SPRF-MA";"DEL04-MA";"UOP03-DEL04-MA"
517085;2023-04-15;"sábado";"22:01:00";"CE";222;323;"TIANGUA";"Ingestão de álcool pelo condutor";"Colisão frontal";"Com Vítimas Feridas";"Plena Noite";"Crescente";"Chuva";"Simples";"Reta";"Não";3;0;1;2;0;0;3;2;-3,78789874;-41,05767223;"SPRF-CE";"DEL04-CE";"UOP02-DEL04-CE"
517086;2023-04-15;"sábado";"23:54:00";"SC";282;17,7;"PALHOCA";"Transitar na contramão";"Colisão transversal";"Sem Vítimas";"Plena Noite";"Crescente";"Nublado";"Simples";"Reta";"Sim";3;0;0;0;3;0;0;2;-27,665707;-48,688065;"SPRF-SC";"DEL01-SC";"UOP02-DEL01-SC"
517087;2023-04-15;"sábado";"21:35:00";"RO";364;382;"OURO PRETO DO OESTE";"Manobra de mudança de faixa";"Colisão frontal";"Com Vítimas Fatais";"Plena Noite";"Crescente";"Céu Claro";"Simples";"Reta";"Não";4;2;0;0;2;0;0;2;-10,72605374;-62,23652595;"SPRF-RO";"DEL02-RO";"UOP01-DEL02-RO"
517091;2023-04-15;"sábado";"15:50:00";"RJ";40;94;"DUQUE DE CAXIAS";"Chuva";"Colisão com objeto";"Com Vítimas Feridas";"Pleno dia";"Crescente";"Nublado";"Simples";"Curva;Declive";"Não";2;0;1;0;1;0;1;2;-22,55763285;-43,26574352;"SPRF-RJ";"DEL01-RJ";"UOP01-DEL01-RJ"
517092;2023-04-15;"sábado";"23:10:00";"SC";101;271;"IMBITUBA";"Ausência de reação do condutor";"Saída de leito carroçável";"Com Vítimas Feridas";"Plena Noite";"Crescente";"Céu Claro";"Dupla";"Reta";"Não";1;0;0;1;0;0;1;1;-28,11011972;-48,70211279;"SPRF-SC";"DEL02-SC";"UOP03-DEL02-SC"
517093;2023-04-16;"domingo";"01:50:00";"GO";60;99;"ANAPOLIS";"Ingestão de álcool pelo condutor";"Colisão traseira";"Com Vítimas Feridas";"Plena Noite";"Crescente";"Céu Claro";"Dupla";"Reta";"Sim";6;0;0;1;5;0;1;2;-16,3924;-48,9588;"SPRF-GO";"DEL02-GO";"UOP01-DEL02-GO"
517094;2023-04-16;"domingo";"00:20:00";"PA";316;49,3;"SANTA IZABEL DO PARA";"Neblina";"Saída de leito carroçável";"Com Vítimas Feridas";"Plena Noite";"Decrescente";"Nevoeiro/Neblina";"Dupla";"Curva";"Não";1;0;1;0;0;0;1;1;-1,29792183;-48,04943584;"SPRF-PA";"DEL01-PA";"UOP01-DEL01-PA"
517095;2023-04-16;"domingo";"02:00:00";"SC";280;53,7;"GUARAMIRIM";"Acumulo de água sobre o pavimento";"Queda de ocupante de veículo";"Com Vítimas Feridas";"Plena Noite";"Decrescente";"Garoa/Chuvisco";"Dupla";"Curva";"Sim";1;0;1;0;0;0;1;1;-26,47236756;-48,97426617;"SPRF-SC";"DEL03-SC";"UOP03-DEL03-SC"
517096;2023-04-15;"sábado";"23:41:00";"GO";20;19,2;"FORMOSA";"Condutor Dormindo";"Saída de leito carroçável";"Com Vítimas Feridas";"Plena Noite";"Crescente";"Céu Claro";"Simples";"Reta";"Não";2;0;1;0;1;0;1;1;-15,553887;-47,18708;"SPRF-DF";"DEL02-DF";"UOP02-DEL02-DF"
517097;2023-04-16;"domingo";"02:00:00";"CE";222;194,6;"FORQUILHA";"Ingestão de álcool pelo condutor";"Colisão com objeto";"Com Vítimas Fatais";"Plena Noite";"Crescente";"Céu Claro";"Simples";"Curva";"Não";1;1;0;0;0;0;0;1;-3,79946886;-40,1614666;"SPRF-CE";"DEL04-CE";"UOP01-DEL04-CE"
517098;2023-04-16;"domingo";"02:25:00";"BA";324;624;"SALVADOR";"Afundamento ou ondulação no pavimento";"Queda de ocupante de veículo";"Com Vítimas Feridas";"Plena Noite";"Decrescente";"Céu Claro";"Múltipla";"Viaduto;Reta";"Sim";1;0;1;0;0;0;1;1;-12,933839;-38,47190701;"SPRF-BA";"DEL01-BA";"UOP01-DEL01-BA"
517099;2023-04-16;"domingo";"02:35:00";"SP";116;205;"GUARULHOS";"Ingestão de álcool pelo condutor";"Saída de leito carroçável";"Sem Vítimas";"Plena Noite";"Decrescente";"Ignorado";"Múltipla";"Reta";"Sim";2;0;0;0;2;0;0;1;-23,41475243;-46,36600788;"SPRF-SP";"DEL01-SP";"UOP01-DEL01-SP"
517100;2023-04-15;"sábado";"23:30:00";"MG";262;606,9;"CAMPOS ALTOS";"Avarias e/ou desgaste excessivo no pneu";"Saída de leito carroçável";"Com Vítimas Feridas";"Plena Noite";"Crescente";"Nublado";"Simples";"Reta";"Não";3;0;1;0;2;0;1;1;-19,610887;-46,282483;"SPRF-MG";"DEL08-MG";"UOP02-DEL08-MG"
517101;2023-04-16;"domingo";"02:30:00";"PR";376;409,2;"TIBAGI";"Entrada inopinada do pedestre";"Atropelamento de Pedestre";"Com Vítimas Fatais";"Plena Noite";"Crescente";"Céu Claro";"Dupla";"Reta;Declive";"Não";2;1;0;0;0;1;0;2;-24,673004;-50,601442;"SPRF-PR";"DEL03-PR";"UOP02-DEL03-PR"
517102;2023-04-16;"domingo";"03:18:00";"SC";101;202,5;"SAO JOSE";"Condutor Dormindo";"Saída de leito carroçável";"Com Vítimas Feridas";"Plena Noite";"Crescente";"Céu Claro";"Dupla";"Reta";"Sim";2;0;1;0;1;0;1;1;-27,55711595;-48,61897889;"SPRF-SC";"DEL01-SC";"UOP01-DEL01-SC"