"id";"data_inversa";"dia_semana";"horario";"uf";"br";"km";"municipio";"causa_acidente";"tipo_acidente";"classificacao_acidente";"fase_dia";"sentido_via";"condicao_metereologica";"tipo_pista";"tracado_via";"uso_solo";"pessoas";"mortos";"feridos_leves";"feridos_graves";"ilesos";"ignorados";"feridos";"veiculos";"latitude";"longitude";"regional";"delegacia";"uop"
517105;2023-04-16;"domingo";"02:45:00";"GO";153;534;"HIDROLANDIA";"Condutor Dormindo";"Saída de leito carroçável";"Sem Vítimas";"Plena Noite";"Crescente";"Céu Claro";"Dupla";"Declive";"Não";2;0;0;0;1;1;0;1;-17,0016;-49,2231;"SPRF-GO";"DEL01-GO";"UOP03-DEL01-GO"
517106;2023-04-16;"domingo";"02:45:00";"PR";376;547;"PALMEIRA";"Ingestão de álcool pelo condutor";"Saída de leito carroçável";"Sem Vítimas";"Plena Noite";"Crescente";"Céu Claro";"Dupla";"Reta";"Não";5;0;0;0;5;0;0;1;-25,46046988;-49,73126984;"SPRF-PR";"DEL03-PR";"UOP03-DEL03-PR"
517107;2023-04-16;"domingo";"01:50:00";"SE";101;0;"PROPRIA";"Acesso irregular";"Queda de ocupante de veículo";"Com Vítimas Feridas";"Plena Noite";"Decrescente";"Céu Claro";"Múltipla";"Reta;Ponte";"Não";1;0;0;1;0;0;1;1;-10,207334;-36,820004;"SPRF-SE";"DEL02-SE";"UOP02-DEL02-SE"
517109;2023-04-16;"domingo";"03:10:00";"PB";104;90,1;"REMIGIO";"Reação tardia ou ineficiente do condutor";"Tombamento";"Com Vítimas Fatais";"Plena Noite";"Decrescente";"Vento";"Simples";"Declive";"Sim";1;1;0;0;0;0;0;1;-6,97533024;-35,81785095;"SPRF-PB";"DEL02-PB";"UOP04-DEL02-PB"
517110;2023-04-15;"sábado";"20:30:00";"RS";386;378;"TAQUARI";"Demais falhas mecânicas ou elétricas";"Incêndio";"Sem Vítimas";"Plena Noite";"Crescente";"Nublado";"Dupla";"Reta";"Não";1;0;0;0;1;0;0;1;-29,637205;-51,771885;"SPRF-RS";"DEL04-RS";"NPF/DEL04-RS"
517111;2023-04-16;"domingo";"02:50:00";"SC";282;404,3;"JOACABA";"Manobra de mudança de faixa";"Colisão frontal";"Com Vítimas Fatais";"Plena Noite";"Crescente";"Nublado";"Simples";"Curva;Declive";"Não";5;3;0;2;0;0;2;2;-27,106958;-51,641999;"SPRF-SC";"DEL07-SC";"UOP05-DEL07-SC"
517112;2023-04-16;"domingo";"02:00:00";"MS";463;106,8;"PONTA PORA";"Ausência de reação do condutor";"Colisão com objeto";"Com Vítimas Feridas";"Plena Noite";"Decrescente";"Céu Claro";"Simples";"Retorno Regulamentado";"Não";1;0;0;1;0;0;1;1;-22,59656312;-55,66536809;"SPRF-MS";"DEL04-MS";"UOP03-DEL04-MS"
517113;2023-04-16;"domingo";"04:30:00";"GO";153;496;"GOIANIA";"Ingestão de álcool pelo condutor";"Colisão com objeto";"Com Vítimas Feridas";"Amanhecer";"Decrescente";"Céu Claro";"Dupla";"Reta";"Sim";1;0;1;0;0;0;1;1;-16,6776;-49,2314;"SPRF-GO";"DEL01-GO";"UOP01-DEL01-GO"
517115;2023-04-16;"domingo";"04:50:00";"GO";414;390,9;"CORUMBA DE GOIAS";"Ingestão de álcool pelo condutor";"Colisão traseira";"Sem Vítimas";"Plena Noite";"Crescente";"Céu Claro";"Simples";"Reta";"Não";2;0;0;0;1;1;0;2;-15,902875;-48,799841;"SPRF-GO";"DEL02-GO";"UOP01-DEL02-GO"
517116;2023-04-16;"domingo";"05:00:00";"DF";70;11;"BRASILIA";"Transitar na contramão";"Colisão frontal";"Com Vítimas Fatais";"Amanhecer";"Crescente";"Céu Claro";"Dupla";"Reta;Aclive";"Sim";2;1;0;0;1;0;0;2;-15,79022;-48,15045;"SPRF-DF";"DEL03-DF";"UOP02-DEL03-DF"
517117;2023-04-16;"domingo";"00:11:00";"RS";471;192;"PANTANO GRANDE";"Desrespeitar a preferência no cruzamento";"Colisão transversal";"Com Vítimas Feridas";"Plena Noite";"Crescente";"Céu Claro";"Simples";"Interseção de Vias;Rotatória";"Não";4;0;1;0;3;0;1;2;-30,16562905;-52,37345695;"SPRF-RS";"DEL02-RS";"UOP03-DEL02-RS"
517118;2023-04-16;"domingo";"02:30:00";"PR";376;1;"SAO JOSE DOS PINHAIS";"Velocidade Incompatível";"Colisão com objeto";"Com Vítimas Feridas";"Plena Noite";"Crescente";"Garoa/Chuvisco";"Dupla";"Curva";"Não";1;0;1;0;0;0;1;1;-25,5307;-49,1958;"SPRF-PR";"DEL01-PR";"UOP04-DEL01-PR"
517119;2023-04-16;"domingo";"03:30:00";"MG";116;625;"ORIZANIA";"Reação tardia ou ineficiente do condutor";"Saída de leito carroçável";"Com Vítimas Feridas";"Plena Noite";"Decrescente";"Céu Claro";"Simples";"Reta";"Não";3;0;3;0;0;0;3;1;-20,53930104;-42,20536697;"SPRF-MG";"DEL07-MG";"UOP02-DEL07-MG"
517120;2023-04-16;"domingo";"02:12:00";"RJ";393;236,9;"VASSOURAS";"Acessar a via sem observar a presença dos outros veículos";"Colisão transversal";"Com Vítimas Feridas";"Plena Noite";"Crescente";"Garoa/Chuvisco";"Simples";"Reta";"Sim";4;0;0;3;0;1;3;2;-22,38996804;-43,64928296;"SPRF-RJ";"DEL05-RJ";"UOP03-DEL05-RJ"
517121;2023-04-16;"domingo";"01:45:00";"MT";364;271;"JACIARA";"Reação tardia ou ineficiente do condutor";"Queda de ocupante de veículo";"Com Vítimas Feridas";"Plena Noite";"Decrescente";"Ignorado";"Dupla";"Reta";"Sim";1;0;1;0;0;0;1;1;-15,96962998;-54,95363;"SPRF-MT";"DEL05-MT";"UOP02-DEL05-MT"
517122;2023-04-16;"domingo";"04:50:00";"PB";230;39;"SANTA RITA";"Pista Escorregadia";"Saída de leito carroçável";"Sem Vítimas";"Plena Noite";"Crescente";"Nublado";"Dupla";"Reta";"Não";1;0;0;0;1;0;0;1;-7,1381;-34,9707;"SPRF-PB";"DEL01-PB";"UOP03-DEL01-PB"
517123;2023-04-15;"sábado";"13:10:00";"GO";153;295,9;"RIALMA";"Acesso irregular";"Saída de leito carroçável";"Com Vítimas Feridas";"Pleno dia";"Crescente";"Céu Claro";"Simples";"Curva";"Não";6;0;3;0;3;0;3;2;-15,24967;-49,556309;"SPRF-GO";"DEL02-GO";"UOP02-DEL02-GO"
517124;2023-04-15;"sábado";"22:20:00";"RS";285;206,6;"LAGOA VERMELHA";"Transitar na contramão";"Colisão frontal";"Com Vítimas Fatais";"Plena Noite";"Decrescente";"Céu Claro";"Simples";"Reta";"Não";10;3;2;1;1;3;3;4;-28,218395;-51,579144;"SPRF-RS";"DEL08-RS";"UOP05-DEL08-RS"
517125;2023-04-16;"domingo";"05:40:00";"RS";386;335,2;"MARQUES DE SOUZA";"Ingestão de álcool pelo condutor";"Saída de leito carroçável";"Com Vítimas Feridas";"Plena Noite";"Crescente";"Nevoeiro/Neblina";"Simples";"Reta";"Não";1;0;1;0;0;0;1;1;-29,38628844;-52,0508194;"SPRF-RS";"DEL04-RS";"UOP01-DEL04-RS"
517126;2023-04-16;"domingo";"05:20:00";"PR";116;97,4;"SAO JOSE DOS PINHAIS";"Entrada inopinada do pedestre";"Atropelamento de Pedestre";"Com Vítimas Fatais";"Amanhecer";"Decrescente";"Chuva";"Dupla";"Reta";"Não";5;1;0;2;2;0;2;4;-25,51232495;-49,12871007;"SPRF-PR";"DEL01-PR";"UOP07-DEL01-PR"
517127;2023-04-16;"domingo";"05:50:00";"BA";324;620;"SALVADOR";"Velocidade Incompatível";"Colisão traseira";"Com Vítimas Feridas";"Pleno dia";"Decrescente";"Céu Claro";"Múltipla";"Reta";"Sim";3;0;2;0;0;1;2;2;-12,90482172;-38,45556535;"SPRF-BA";"DEL01-BA";"UOP01-DEL01-BA"
517129;2023-04-16;"domingo";"04:30:00";"MG";40;507;"RIBEIRAO DAS NEVES";"Reação tardia ou ineficiente do condutor";"Saída de leito carroçável";"Sem Vítimas";"Plena Noite";"Crescente";"Céu Claro";"Dupla";"Reta";"Sim";1;0;0;0;0;1;0;1;-19,75431705;-44,14152606;"SPRF-MG";"DEL02-MG";"UOP01-DEL02-MG"
517130;2023-04-16;"domingo";"05:30:00";"PR";277;720,9;"FOZ DO IGUACU";"Velocidade Incompatível";"Saída de leito carroçável";"Sem Vítimas";"Plena Noite";"Crescente";"Céu Claro";"Dupla";"Reta";"Sim";1;0;0;0;1;0;0;1;-25,4911505;-54,51185421;"SPRF-PR";"DEL05-PR";"UOP03-DEL05-PR"
517131;2023-04-16;"domingo";"07:00:00";"SP";116;166,5;"JACAREI";"Obstrução na via";"Colisão traseira";"Com Vítimas Feridas";"Pleno dia";"Decrescente";"Céu Claro";"Simples";"Curva";"Sim";2;0;0;1;0;1;1;2;-23,30055667;-46,01686506;"SPRF-SP";"DEL02-SP";"UOP01-DEL02-SP"
517132;2023-04-16;"domingo";"05:40:00";"PA";230;1;"ALTAMIRA";"Reação tardia ou ineficiente do condutor";"Colisão com objeto";"Sem Vítimas";"Amanhecer";"Decrescente";"Garoa/Chuvisco";"Dupla";"Rotatória";"Sim";1;0;0;0;1;0;0;1;-3,203721;-52,206787;"SPRF-PA";"DEL04-PA";"UOP01-DEL04-PA"
517133;2023-04-16;"domingo";"07:30:00";"RS";116;521;"PELOTAS";"Ausência de reação do condutor";"Colisão com objeto";"Sem Vítimas";"Amanhecer";"Decrescente";"Céu Claro";"Dupla";"Reta";"Sim";1;0;0;0;0;1;0;1;-31,70752405;-52,36800695;"SPRF-RS";"DEL07-RS";"UOP01-DEL07-RS"
517134;2023-04-16;"domingo";"08:00:00";"RJ";101;481;"ANGRA DOS REIS";"Ingestão de álcool pelo condutor";"Colisão lateral mesmo sentido";"Com Vítimas Feridas";"Pleno dia";"Crescente";"Nublado";"Simples";"Reta";"Não";3;0;2;0;1;0;2;3;-23,00976021;-44,29153237;"SPRF-RJ";"DEL03-RJ";"UOP03-DEL03-RJ"
517135;2023-04-16;"domingo";"06:30:00";"RJ";101;417;"MANGARATIBA";"Ingestão de álcool pelo condutor";"Colisão frontal";"Com Vítimas Feridas";"Pleno dia";"Crescente";"Garoa/Chuvisco";"Simples";"Curva;Declive";"Não";2;0;2;0;0;0;2;2;-22,91293797;-43,89732384;"SPRF-RJ";"DEL03-RJ";"UOP02-DEL03-RJ"
517136;2023-04-16;"domingo";"07:30:00";"DF";40;4;"BRASILIA";"Condutor Dormindo";"Saída de leito carroçável";"Sem Vítimas";"Pleno dia";"Crescente";"Céu Claro";"Dupla";"Reta";"Sim";1;0;0;0;0;1;0;1;-16,012033;-47,982124;"SPRF-DF";"DEL01-DF";"UOP01-DEL01-DF"
517137;2023-04-16;"domingo";"08:10:00";"SP";101;48;"UBATUBA";"Retorno proibido";"Colisão transversal";"Com Vítimas Feridas";"Pleno dia";"Crescente";"Céu Claro";"Simples";"Reta";"Sim";5;0;1;0;4;0;1;2;-23,43696329;-45,08768768;"SPRF-SP";"DEL06-SP";"UOP01-DEL06-SP"
517138;2023-04-16;"domingo";"06:40:00";"DF";70;17,5;"BRASILIA";"Ausência de reação do condutor";"Colisão com objeto";"Com Vítimas Feridas";"Pleno dia";"Crescente";"Céu Claro";"Dupla";"Reta;Declive";"Sim";1;0;1;0;0;0;1;1;-15,794133;-48,202095;"SPRF-DF";"DEL03-DF";"UOP02-DEL03-DF"
517141;2023-04-16;"domingo";"08:20:00";"MG";262;363;"JUATUBA";"Ausência de reação do condutor";"Saída de leito carroçável";"Sem Vítimas";"Pleno dia";"Crescente";"Céu Claro";"Dupla";"Reta;Declive";"Não";1;0;0;0;0;1;0;1;-19,98332997;-44,23572401;"SPRF-MG";"DEL01-MG";"UOP03-DEL01-MG"
517144;2023-04-16;"domingo";"08:20:00";"RS";116;256;"ESTEIO";"Ausência de reação do condutor";"Colisão com objeto";"Com Vítimas Feridas";"Pleno dia";"Crescente";"Céu Claro";"Dupla";"Curva";"Sim";5;0;2;0;3;0;2;1;-29,84393699;-51,17728603;"SPRF-RS";"DEL01-RS";"UOP02-DEL01-RS"
517146;2023-04-16;"domingo";"07:20:00";"SC";282;590;"SAUDADES";"Neblina";"Saída de leito carroçável";"Com Vítimas Feridas";"Pleno dia";"Decrescente";"Nevoeiro/Neblina";"Simples";"Aclive;Curva";"Não";2;0;2;0;0;0;2;1;-26,825788;-53,072556;"SPRF-SC";"DEL07-SC";"UOP02-DEL07-SC"
517147;2023-04-16;"domingo";"08:45:00";"RS";116;301;"GUAIBA";"Acessar a via sem observar a presença dos outros veículos";"Colisão transversal";"Com Vítimas Feridas";"Pleno dia";"Crescente";"Céu Claro";"Simples";"Reta";"Sim";2;0;0;1;1;0;1;2;-30,131899;-51,353867;"SPRF-RS";"DEL02-RS";"UOP01-DEL02-RS"
517148;2023-03-19;"domingo";"11:30:00";"SP";116;219;"GUARULHOS";"Condutor Dormindo";"Colisão com objeto";"Sem Vítimas";"Pleno dia";"Crescente";"Nublado";"Dupla";"Reta";"Não";1;0;0;0;1;0;0;1;-23,46143954;-46,48885316;"SPRF-SP";"DEL01-SP";"UOP01-DEL01-SP"
517149;2023-04-16;"domingo";"01:45:00";"RJ";116;139;"DUQUE DE CAXIAS";"Chuva";"Capotamento";"Com Vítimas Feridas";"Plena Noite";"Decrescente";"Chuva";"Dupla";"Reta";"Sim";1;0;0;1;0;0;1;1;-22,64655224;-43,20138601;"SPRF-RJ";"DEL01-RJ";"UOP01-DEL01-RJ"
517150;2023-04-16;"domingo";"07:30:00";"PR";376;602;"CURITIBA";"Reação tardia ou ineficiente do condutor";"Colisão com objeto";"Com Vítimas Feridas";"Pleno dia";"Decrescente";"Nublado";"Dupla";"Reta;Retorno Regulamentado";"Não";3;0;2;1;0;0;3;1;-25,54329052;-49,30719981;"SPRF-PR";"DEL01-PR";"UOP06-DEL01-PR"
517152;2023-04-16;"domingo";"06:20:00";"MG";365;267;"JOAO PINHEIRO";"Transitar na contramão";"Colisão lateral sentido oposto";"Com Vítimas Feridas";"Pleno dia";"Decrescente";"Céu Claro";"Simples";"Reta;Aclive";"Não";9;0;7;1;1;0;8;2;-17,90390408;-45,56772102;"SPRF-MG";"DEL10-MG";"UOP01-DEL10-MG"
517153;2023-04-16;"domingo";"08:45:00";"MG";50;21;"ARAGUARI";"Velocidade Incompatível";"Colisão com objeto";"Com Vítimas Feridas";"Pleno dia";"Crescente";"Céu Claro";"Dupla";"Reta;Aclive";"Não";2;0;0;1;0;1;1;2;-18,59599889;-48,05364132;"SPRF-MG";"DEL15-MG";"UOP02-DEL15-MG"
517154;2023-04-16;"domingo";"09:30:00";"SP";381;40,9;"ATIBAIA";"Condutor Dormindo";"Saída de leito carroçável";"Com Vítimas Feridas";"Pleno dia";"Crescente";"Céu Claro";"Múltipla";"Reta;Aclive";"Sim";2;0;1;0;1;0;1;1;-23,12997498;-46,5767598;"SPRF-SP";"DEL03-SP";"UOP01-DEL03-SP"
517155;2023-04-16;"domingo";"10:20:00";"MG";262;380;"JUATUBA";"Reação tardia ou ineficiente do condutor";"Tombamento";"Com Vítimas Feridas";"Pleno dia";"Crescente";"Sol";"Dupla";"Curva";"Não";1;0;0;1;0;0;1;1;-19,93236406;-44,42527771;"SPRF-MG";"DEL01-MG";"UOP03-DEL01-MG"
517159;2023-04-16;"domingo";"06:45:00";"RJ";101;301;"SAO GONCALO";"Demais falhas mecânicas ou elétricas";"Queda de ocupante de veículo";"Com Vítimas Feridas";"Pleno dia";"Crescente";"Céu Claro";"Simples";"Reta";"Sim";2;0;1;0;1;0;1;1;-22,77857497;-42,95745101;"SPRF-RJ";"DEL02-RJ";"UOP02-DEL02-RJ"
517161;2023-04-16;"domingo";"10:13:00";"SP";153;263;"MARILIA";"Demais falhas mecânicas ou elétricas";"Tombamento";"Com Vítimas Feridas";"Pleno dia";"Decrescente";"Céu Claro";"Simples";"Aclive";"Não";1;0;1;0;0;0;1;1;-22,29139897;-49,91452691;"SPRF-SP";"DEL07-SP";"UOP02-DEL07-SP"
517162;2023-04-11;"terça-feira";"17:20:00";"PB";101;90;"JOAO PESSOA";"Reação tardia ou ineficiente do condutor";"Colisão lateral mesmo sentido";"Com Vítimas Feridas";"Anoitecer";"Decrescente";"Céu Claro";"Dupla";"Reta";"Sim";2;0;1;0;0;1;1;2;-7,179652;-34,900417;"SPRF-PB";"DEL01-PB";"UOP02-DEL01-PB"
517164;2023-04-16;"domingo";"09:45:00";"MG";381;293;"ANTONIO DIAS";"Ausência de reação do condutor";"Colisão traseira";"Com Vítimas Feridas";"Pleno dia";"Decrescente";"Céu Claro";"Simples";"Reta";"Não";2;0;0;1;1;0;1;2;-19,61823684;-42,84746491;"SPRF-MG";"DEL03-MG";"UOP02-DEL03-MG"
517165;2023-03-19;"domingo";"21:25:00";"ES";101;302;"VIANA";"Reação tardia ou ineficiente do condutor";"Colisão com objeto";"Com Vítimas Fatais";"Plena Noite";"Crescente";"Céu Claro";"Dupla";"Reta";"Sim";1;1;0;0;0;0;0;1;-20,372526;-40,442995;"SPRF-ES";"DEL01-ES";"UOP01-DEL01-ES"
517166;2023-04-16;"domingo";"09:10:00";"PR";376;543,5;"PALMEIRA";"Reação tardia ou ineficiente do condutor";"Atropelamento de Animal";"Com Vítimas Feridas";"Pleno dia";"Decrescente";"Nublado";"Dupla";"Reta";"Não";1;0;0;1;0;0;1;1;-25,38102675;-49,80913505;"SPRF-PR";"DEL03-PR";"UOP03-DEL03-PR"
517167;2023-04-16;"domingo";"10:40:00";"MG";40;787,3;"JUIZ DE FORA";"Avarias e/ou desgaste excessivo no pneu";"Colisão com objeto";"Com Vítimas Feridas";"Pleno dia";"Decrescente";"Sol";"Dupla";"Curva";"Não";4;0;4;0;0;0;4;1;-21,754079;-43,44303131;"SPRF-MG";"DEL05-MG";"UOP01-DEL05-MG"
517168;2023-04-16;"domingo";"11:30:00";"SP";116;207;"GUARULHOS";"Reação tardia ou ineficiente do condutor";"Colisão traseira";"Com Vítimas Feridas";"Pleno dia";"Crescente";"Céu Claro";"Múltipla";"Reta;Interseção de Vias";"Sim";2;0;1;0;1;0;1;2;-23,41972188;-46,38419203;"SPRF-SP";"DEL01-SP";"UOP01-DEL01-SP"
517169;2023-04-16;"domingo";"08:00:00";"GO";80;143,3;"BARRO ALTO";"Ingestão de álcool pelo condutor";"Saída de leito carroçável";"Com Vítimas Feridas";"Pleno dia";"Crescente";"Céu Claro";"Simples";"Reta";"Não";2;0;2;0;0;0;2;1;-14,893731;-48,971948;"SPRF-GO";"DEL07-GO";"UOP02-DEL07-GO"
517170;2023-04-16;"domingo";"11:30:00";"SP";381;72;"SAO PAULO";"Demais falhas mecânicas ou elétricas";"Colisão traseira";"Com Vítimas Feridas";"Pleno dia";"Crescente";"Céu Claro";"Múltipla";"Curva";"Não";2;0;1;0;1;0;1;2;-23,35761806;-46,54970281;"SPRF-SP";"DEL03-SP";"UOP01-DEL03-SP"
517171;2023-04-16;"domingo";"11:20:00";"RS";116;243;"SAO LEOPOLDO";"Reação tardia ou ineficiente do condutor";"Colisão traseira";"Sem Vítimas";"Pleno dia";"Decrescente";"Céu Claro";"Dupla";"Reta";"Sim";3;0;0;0;3;0;0;2;-29,73196199;-51,14952004;"SPRF-RS";"DEL01-RS";"UOP02-DEL01-RS"
517172;2023-04-16;"domingo";"11:20:00";"PI";343;265,7;"CAMPO MAIOR";"Transitar na contramão";"Colisão transversal";"Com Vítimas Feridas";"Pleno dia";"Crescente";"Céu Claro";"Simples";"Interseção de Vias";"Sim";3;0;2;0;1;0;2;2;-4,834697;-42,167046;"SPRF-PI";"DEL01-PI";"UOP03-DEL01-PI"
517173;2023-04-16;"domingo";"11:55:00";"GO";70;29;"COCALZINHO DE GOIAS";"Condutor deixou de manter distância do veículo da frente";"Colisão traseira";"Com Vítimas Feridas";"Pleno dia";"Crescente";"Céu Claro";"Dupla";"Reta";"Não";3;0;1;0;2;0;1;2;-15,76396108;-48,44290582;"SPRF-DF";"DEL03-DF";"UOP02-DEL03-DF"
517174;2023-04-16;"domingo";"11:15:00";"SP";381;90;"GUARULHOS";"Ausência de reação do condutor";"Tombamento";"Com Vítimas Feridas";"Pleno dia";"Decrescente";"Céu Claro";"Dupla";"Curva;Declive";"Não";2;0;2;0;0;0;2;1;-23,49479479;-46,55959864;"SPRF-SP";"DEL03-SP";"UOP01-DEL03-SP"
517176;2023-04-16;"domingo";"12:40:00";"GO";70;9;"AGUAS LINDAS DE GOIAS";"Ingestão de álcool pelo condutor";"Colisão transversal";"Sem Vítimas";"Pleno dia";"Decrescente";"Céu Claro";"Dupla";"Reta";"Sim";2;0;0;0;2;0;0;2;-15,73576731;-48,28288046;"SPRF-DF";"DEL03-DF";"UOP02-DEL03-DF"
517177;2023-04-16;"domingo";"12:45:00";"RJ";101;301;"SAO GONCALO";"Condutor deixou de manter distância do veículo da frente";"Colisão traseira";"Sem Vítimas";"Pleno dia";"Crescente";"Céu Claro";"Múltipla";"Reta";"Sim";3;0;0;0;2;1;0;3;-22,77857497;-42,95745101;"SPRF-RJ";"DEL02-RJ";"UOP02-DEL02-RJ"
517179;2023-04-16;"domingo";"13:20:00";"RS";158;206;"CRUZ ALTA";"Desrespeitar a preferência no cruzamento";"Colisão transversal";"Sem Vítimas";"Pleno dia";"Crescente";"Céu Claro";"Simples";"Aclive;Rotatória";"Não";3;0;0;0;3;0;0;2;-28,73859;-53,59689;"SPRF-RS";"DEL10-RS";"UOP02-DEL10-RS"
517180;2023-04-16;"domingo";"13:00:00";"PR";277;671;"MEDIANEIRA";"Avarias e/ou desgaste excessivo no pneu";"Saída de leito carroçável";"Com Vítimas Feridas";"Pleno dia";"Decrescente";"Nublado";"Dupla";"Reta";"Sim";1;0;1;0;0;0;1;1;-25,29259215;-54,10995351;"SPRF-PR";"DEL05-PR";"UOP02-DEL05-PR"
517181;2023-04-16;"domingo";"12:40:00";"MS";163;644,5;"SAO GABRIEL DO OESTE";"Ausência de reação do condutor";"Saída de leito carroçável";"Com Vítimas Feridas";"Pleno dia";"Crescente";"Nublado";"Dupla";"Reta";"Não";3;0;1;0;2;0;1;1;-19,21156296;-54,74141388;"SPRF-MS";"DEL06-MS";"UOP02-DEL06-MS"
517183;2023-04-16;"domingo";"13:40:00";"GO";153;499;"GOIANIA";"Acumulo de areia ou detritos sobre o pavimento";"Colisão lateral mesmo sentido";"Com Vítimas Feridas";"Pleno dia";"Decrescente";"Céu Claro";"Dupla";"Reta";"Sim";2;0;0;1;1;0;1;2;-16,7033;-49,2311;"SPRF-GO";"DEL01-GO";"UOP01-DEL01-GO"
517184;2023-04-16;"domingo";"13:50:00";"MG";381;501,1;"BETIM";"Ausência de reação do condutor";"Colisão lateral mesmo sentido";"Com Vítimas Feridas";"Pleno dia";"Crescente";"Sol";"Dupla";"Reta";"Sim";2;0;2;0;0;0;2;2;-20,03146447;-44,2377893;"SPRF-MG";"DEL04-MG";"UOP03-DEL04-MG"
517186;2023-04-16;"domingo";"12:00:00";"SC";282;620;"FLOR DO SERTAO";"Chuva";"Capotamento";"Com Vítimas Feridas";"Pleno dia";"Crescente";"Chuva";"Simples";"Aclive;Curva";"Não";4;0;1;0;3;0;1;1;-26,799355;-53,308002;"SPRF-SC";"DEL07-SC";"UOP02-DEL07-SC"
517187;2023-04-16;"domingo";"13:55:00";"CE";116;7;"FORTALEZA";"Ausência de reação do condutor";"Colisão traseira";"Com Vítimas Feridas";"Pleno dia";"Decrescente";"Céu Claro";"Dupla";"Reta";"Sim";4;0;0;2;2;0;2;2;-3,81073099;-38,50074867;"SPRF-CE";"DEL01-CE";"UOP02-DEL01-CE"
517189;2023-04-16;"domingo";"13:40:00";"MG";381;563,1;"ITAGUARA";"Reação tardia ou ineficiente do condutor";"Saída de leito carroçável";"Com Vítimas Feridas";"Pleno dia";"Decrescente";"Céu Claro";"Dupla";"Curva";"Não";1;0;1;0;0;0;1;1;-20,40233189;-44,509134;"SPRF-MG";"DEL04-MG";"UOP03-DEL04-MG"
517190;2023-04-16;"domingo";"13:55:00";"SC";101;338,2;"TUBARAO";"Ausência de reação do condutor";"Colisão traseira";"Com Vítimas Feridas";"Pleno dia";"Decrescente";"Céu Claro";"Dupla";"Reta";"Não";2;0;2;0;0;0;2;2;-28,50641048;-49,05017853;"SPRF-SC";"DEL02-SC";"UOP01-DEL02-SC"
517191;2023-04-16;"domingo";"14:45:00";"GO";50;262;"CATALAO";"Ausência de reação do condutor";"Saída de leito carroçável";"Com Vítimas Feridas";"Pleno dia";"Crescente";"Céu Claro";"Dupla";"Reta;Aclive";"Não";1;0;1;0;0;0;1;1;-18,0438;-47,8596;"SPRF-GO";"DEL06-GO";"UOP01-DEL06-GO"
517192;2023-04-16;"domingo";"13:10:00";"RO";364;308,2;"PRESIDENTE MEDICI";"Condutor deixou de manter distância do veículo da frente";"Colisão traseira";"Com Vítimas Feridas";"Pleno dia";"Decrescente";"Céu Claro";"Simples";"Reta";"Sim";3;0;0;1;2;0;1;2;-11,17161;-61,901801;"SPRF-RO";"DEL02-RO";"UOP01-DEL02-RO"
517193;2023-04-16;"domingo";"14:59:00";"PE";101;3;"JABOATAO DOS GUARARAPES";"Animais na Pista";"Queda de ocupante de veículo";"Com Vítimas Feridas";"Pleno dia";"Decrescente";"Céu Claro";"Simples";"Reta";"Sim";1;0;1;0;0;0;1;1;-8,20764529;-34,96252477;"SPRF-PE";"DEL01-PE";"UOP02-DEL01-PE"
517194;2023-04-16;"domingo";"15:00:00";"PE";101;63,6;"RECIFE";"Conversão proibida";"Colisão transversal";"Com Vítimas Feridas";"Pleno dia";"Crescente";"Céu Claro";"Múltipla";"Curva;Interseção de Vias";"Sim";3;0;1;0;2;0;1;2;-8,01537603;-34,9401176;"SPRF-PE";"DEL01-PE";"UOP01-DEL01-PE"
517196;2023-04-16;"domingo";"13:30:00";"MT";364;561;"NOBRES";"Curva acentuada";"Colisão com objeto";"Sem Vítimas";"Pleno dia";"Crescente";"Nublado";"Dupla";"Curva";"Não";1;0;0;0;0;1;0;1;-14,7824259;-56,37807902;"SPRF-MT";"DEL01-MT";"UOP01-DEL01-MT"
517197;2023-04-16;"domingo";"16:06:00";"ES";101;266;"SERRA";"Ausência de reação do condutor";"Atropelamento de Pedestre";"Com Vítimas Feridas";"Pleno dia";"Decrescente";"Céu Claro";"Múltipla";"Reta;Retorno Regulamentado";"Sim";3;0;1;0;1;1;1;2;-20,190199;-40,26828891;"SPRF-ES";"DEL02-ES";"UOP01-DEL02-ES"
517198;2023-04-16;"domingo";"16:15:00";"MG";381;385;"BETIM";"Avarias e/ou desgaste excessivo no pneu";"Tombamento";"Com Vítimas Feridas";"Pleno dia";"Crescente";"Céu Claro";"Múltipla";"Reta";"Sim";1;0;1;0;0;0;1;1;-19,995901;-44,208675;"SPRF-MG";"DEL01-MG";"UOP01-DEL01-MG"
517200;2023-04-16;"domingo";"15:40:00";"PB";101;1;"MATARACA";"Condutor Dormindo";"Colisão com objeto";"Sem Vítimas";"Pleno dia";"Decrescente";"Nublado";"Dupla";"Reta;Aclive";"Não";1;0;0;0;1;0;0;1;-6,51423092;-35,11133633;"SPRF-PB";"DEL01-PB";"UOP04-DEL01-PB"
517202;2023-04-16;"domingo";"12:45:00";"MT";163;1064;"GUARANTA DO NORTE";"Ingestão de álcool pelo condutor";"Colisão com objeto";"Com Vítimas Feridas";"Pleno dia";"Crescente";"Sol";"Simples";"Reta";"Sim";1;0;1;0;0;0;1;1;-9,95897045;-54,90459323;"SPRF-MT";"DEL06-MT";"UOP03-DEL06-MT"
517203;2023-04-16;"domingo";"15:40:00";"RJ";40;87;"PETROPOLIS";"Chuva";"Colisão com objeto";"Com Vítimas Feridas";"Pleno dia";"Crescente";"Chuva";"Simples";"Declive;Curva";"Não";1;0;1;0;0;0;1;1;-22,54413793;-43,23287799;"SPRF-RJ";"DEL06-RJ";"UOP01-DEL06-RJ"
517204;2023-04-16;"domingo";"13:30:00";"BA";324;554;"AMELIA RODRIGUES";"Avarias e/ou desgaste excessivo no pneu";"Capotamento";"Com Vítimas Feridas";"Pleno dia";"Crescente";"Céu Claro";"Dupla";"Reta";"Não";3;0;2;0;1;0;2;1;-12,46037726;-38,69681519;"SPRF-BA";"DEL01-BA";"UOP03-DEL01-BA"