"id";"data_inversa";"dia_semana";"horario";"uf";"br";"km";"municipio";"causa_acidente";"tipo_acidente";"classificacao_acidente";"fase_dia";"sentido_via";"condicao_metereologica";"tipo_pista";"tracado_via";"uso_solo";"pessoas";"mortos";"feridos_leves";"feridos_graves";"ilesos";"ignorados";"feridos";"veiculos";"latitude";"longitude";"regional";"delegacia";"uop"
517317;2023-04-17;"segunda-feira";"00:30:00";"GO";40;22;"LUZIANIA";"Ingestão de álcool pelo condutor";"Colisão com objeto";"Com Vítimas Feridas";"Plena Noite";"Crescente";"Céu Claro";"Dupla";"Reta;Retorno Regulamentado";"Sim";1;0;1;0;0;0;1;1;-16,227484;-47,914109;"SPRF-DF";"DEL01-DF";"UOP01-DEL01-DF"
517318;2023-04-17;"segunda-feira";"00:05:00";"SC";101;307,9;"LAGUNA";"Velocidade Incompatível";"Colisão com objeto";"Com Vítimas Feridas";"Plena Noite";"Decrescente";"Chuva";"Múltipla";"Curva;Aclive";"Não";4;0;4;0;0;0;4;1;-28,41664501;-48,79508972;"SPRF-SC";"DEL02-SC";"UOP01-DEL02-SC"
517319;2023-04-16;"domingo";"23:00:00";"PB";104;109,6;"LAGOA SECA";"Condutor deixou de manter distância do veículo da frente";"Colisão traseira";"Com Vítimas Feridas";"Plena Noite";"Crescente";"Chuva";"Simples";"Reta";"Não";4;0;1;0;3;0;1;2;-7,11997886;-35,86414665;"SPRF-PB";"DEL02-PB";"UOP04-DEL02-PB"
517320;2023-04-17;"segunda-feira";"01:50:00";"RS";386;446;"CANOAS";"Ingestão de álcool e/ou substâncias psicoativas pelo pedestre";"Capotamento";"Sem Vítimas";"Plena Noite";"Crescente";"Céu Claro";"Simples";"Declive;Curva";"Sim";1;0;0;0;1;0;0;1;-29,893251;-51,182266;"SPRF-RS";"DEL01-RS";"UOP01-DEL01-RS"
517321;2023-04-17;"segunda-feira";"02:00:00";"SC";282;293,8;"VARGEM";"Acumulo de água sobre o pavimento";"Capotamento";"Com Vítimas Feridas";"Pleno dia";"Decrescente";"Chuva";"Simples";"Curva";"Não";1;0;1;0;0;0;1;1;-27,538227;-50,860825;"SPRF-SC";"DEL07-SC";"UOP06-DEL07-SC"
517323;2023-04-16;"domingo";"08:11:00";"BA";415;22;"ILHEUS";"Condutor Dormindo";"Tombamento";"Com Vítimas Feridas";"Pleno dia";"Decrescente";"Céu Claro";"Simples";"Curva";"Não";1;0;1;0;0;0;1;1;-14,8482;-39,281986;"SPRF-BA";"DEL05-BA";"UOP01-DEL05-BA"
517324;2023-04-17;"segunda-feira";"00:30:00";"RN";304;219;"CAICARA DO RIO DO VENTO";"Demais falhas mecânicas ou elétricas";"Incêndio";"Sem Vítimas";"Plena Noite";"Crescente";"Céu Claro";"Simples";"Reta";"Não";1;0;0;0;0;1;0;1;-5,757185;-35,999308;"SPRF-RN";"DEL01-RN";"UOP03-DEL01-RN"
517325;2023-04-17;"segunda-feira";"05:10:00";"PR";369;149;"LONDRINA";"Ingestão de álcool pelo condutor";"Colisão com objeto";"Sem Vítimas";"Plena Noite";"Crescente";"Céu Claro";"Dupla";"Reta;Aclive";"Sim";1;0;0;0;1;0;0;1;-23,29285418;-51,15363657;"SPRF-PR";"DEL07-PR";"UOP01-DEL07-PR"
517327;2023-04-17;"segunda-feira";"03:30:00";"SC";101;211,5;"PALHOCA";"Ingestão de álcool pelo condutor";"Colisão com objeto";"Sem Vítimas";"Plena Noite";"Crescente";"Chuva";"Dupla";"Reta";"Sim";1;0;0;0;0;1;0;1;-27,62329313;-48,65245588;"SPRF-SC";"DEL01-SC";"UOP02-DEL01-SC"
517328;2023-04-17;"segunda-feira";"05:30:00";"SC";470;4;"NAVEGANTES";"Velocidade Incompatível";"Saída de leito carroçável";"Sem Vítimas";"Plena Noite";"Decrescente";"Chuva";"Dupla";"Reta";"Sim";1;0;0;0;0;1;0;1;-26,858473;-48,690788;"SPRF-SC";"DEL04-SC";"UOP04-DEL04-SC"
517331;2023-04-17;"segunda-feira";"07:00:00";"BA";324;620;"SALVADOR";"Reação tardia ou ineficiente do condutor";"Colisão traseira";"Com Vítimas Feridas";"Pleno dia";"Crescente";"Céu Claro";"Dupla";"Reta";"Sim";4;0;1;0;3;0;1;2;-12,90482172;-38,45556535;"SPRF-BA";"DEL01-BA";"UOP01-DEL01-BA"
517333;2023-04-17;"segunda-feira";"06:30:00";"SP";116;205;"ARUJA";"Manobra de mudança de faixa";"Queda de ocupante de veículo";"Com Vítimas Feridas";"Pleno dia";"Crescente";"Céu Claro";"Dupla";"Reta";"Sim";1;0;1;0;0;0;1;1;-23,41475243;-46,36600788;"SPRF-SP";"DEL01-SP";"UOP01-DEL01-SP"
517334;2023-04-17;"segunda-feira";"06:40:00";"SC";101;208;"SAO JOSE";"Trafegar com motocicleta (ou similar) entre as faixas";"Colisão lateral mesmo sentido";"Com Vítimas Feridas";"Pleno dia";"Decrescente";"Nublado";"Dupla";"Reta";"Sim";2;0;0;1;1;0;1;2;-27,60327979;-48,63201818;"SPRF-SC";"DEL01-SC";"UOP01-DEL01-SC"
517335;2023-04-17;"segunda-feira";"05:54:00";"RJ";116;170;"RIO DE JANEIRO";"Manobra de mudança de faixa";"Colisão lateral mesmo sentido";"Com Vítimas Feridas";"Pleno dia";"Decrescente";"Céu Claro";"Dupla";"Reta";"Sim";2;0;1;0;1;0;1;2;-22,81113183;-43,3336729;"SPRF-RJ";"DEL01-RJ";"UOP02-DEL01-RJ"
517336;2023-04-17;"segunda-feira";"05:44:00";"PB";230;78,8;"CALDAS BRANDAO";"Pista em desnível";"Tombamento";"Com Vítimas Feridas";"Pleno dia";"Decrescente";"Céu Claro";"Dupla";"Reta;Aclive";"Não";2;0;1;0;1;0;1;1;-7,1849;-35,2955;"SPRF-PB";"DEL01-PB";"UOP03-DEL01-PB"
517337;2023-04-17;"segunda-feira";"05:40:00";"PE";101;133;"RIBEIRAO";"Ausência de reação do condutor";"Colisão lateral mesmo sentido";"Com Vítimas Feridas";"Pleno dia";"Crescente";"Céu Claro";"Dupla";"Reta";"Sim";3;0;1;0;1;1;1;2;-8,40843778;-35,27817804;"SPRF-PE";"DEL01-PE";"UOP03-DEL01-PE"
517338;2023-04-17;"segunda-feira";"06:50:00";"PR";376;110;"PARANAVAI";"Acumulo de areia ou detritos sobre o pavimento";"Colisão com objeto";"Com Vítimas Feridas";"Pleno dia";"Decrescente";"Nublado";"Dupla";"Reta";"Sim";1;0;0;1;0;0;1;1;-23,08586386;-52,40179942;"SPRF-PR";"DEL09-PR";"UOP02-DEL09-PR"
517339;2023-04-17;"segunda-feira";"06:25:00";"PR";116;125;"FAZENDA RIO GRANDE";"Trafegar com motocicleta (ou similar) entre as faixas";"Colisão lateral mesmo sentido";"Com Vítimas Feridas";"Pleno dia";"Decrescente";"Céu Claro";"Dupla";"Reta";"Sim";5;0;2;0;3;0;2;4;-25,59505309;-49,31630659;"SPRF-PR";"DEL01-PR";"UOP03-DEL01-PR"
517340;2023-04-17;"segunda-feira";"06:10:00";"SC";101;134;"BALNEARIO CAMBORIU";"Reação tardia ou ineficiente do condutor";"Colisão com objeto";"Com Vítimas Feridas";"Pleno dia";"Decrescente";"Céu Claro";"Múltipla";"Reta";"Sim";2;0;1;0;1;0;1;1;-27,00218;-48,636433;"SPRF-SC";"DEL04-SC";"UOP03-DEL04-SC"
517341;2023-04-17;"segunda-feira";"07:05:00";"PB";230;21,4;"JOAO PESSOA";"Manobra de mudança de faixa";"Colisão lateral mesmo sentido";"Com Vítimas Feridas";"Pleno dia";"Decrescente";"Céu Claro";"Dupla";"Curva";"Sim";3;0;1;0;2;0;1;3;-7,148585;-34,85091;"SPRF-PB";"DEL01-PB";"UOP01-DEL01-PB"
517343;2023-04-16;"domingo";"23:00:00";"RS";468;14;"PALMEIRA DAS MISSOES";"Velocidade Incompatível";"Saída de leito carroçável";"Com Vítimas Feridas";"Plena Noite";"Crescente";"Chuva";"Simples";"Reta";"Não";1;0;0;1;0;0;1;1;-27,819934;-53,41763932;"SPRF-RS";"DEL08-RS";"UOP01-DEL08-RS"
517344;2023-04-17;"segunda-feira";"07:30:00";"PB";101;37;"MAMANGUAPE";"Pista esburacada";"Queda de ocupante de veículo";"Com Vítimas Feridas";"Pleno dia";"Decrescente";"Céu Claro";"Dupla";"Reta";"Sim";1;0;0;1;0;0;1;1;-6,81169597;-35,13969074;"SPRF-PB";"DEL01-PB";"UOP04-DEL01-PB"
517346;2023-02-28;"terça-feira";"16:52:00";"SC";282;17;"PALHOCA";"Acessar a via sem observar a presença dos outros veículos";"Colisão transversal";"Com Vítimas Feridas";"Pleno dia";"Crescente";"Céu Claro";"Simples";"Reta";"Sim";2;0;0;1;1;0;1;2;-27,665707;-48,688065;"SPRF-SC";"DEL01-SC";"UOP02-DEL01-SC"
517347;2023-04-17;"segunda-feira";"07:20:00";"AL";104;60;"MURICI";"Conversão proibida";"Colisão lateral mesmo sentido";"Com Vítimas Feridas";"Pleno dia";"Crescente";"Céu Claro";"Simples";"Reta";"Sim";2;0;1;0;1;0;1;2;-9,31312007;-35,93329509;"SPRF-AL";"DEL01-AL";"UOP02-DEL01-AL"
517348;2023-04-17;"segunda-feira";"06:30:00";"PR";277;103;"CURITIBA";"Acessar a via sem observar a presença dos outros veículos";"Colisão lateral mesmo sentido";"Com Vítimas Feridas";"Amanhecer";"Decrescente";"Nublado";"Dupla";"Reta;Declive";"Não";2;0;1;0;1;0;1;2;-25,50564195;-49,3407288;"SPRF-PR";"DEL01-PR";"UOP06-DEL01-PR"
517349;2023-04-17;"segunda-feira";"07:30:00";"PR";376;594;"CURITIBA";"Ausência de reação do condutor";"Colisão lateral mesmo sentido";"Com Vítimas Feridas";"Pleno dia";"Decrescente";"Sol";"Dupla";"Reta";"Sim";2;0;0;1;1;0;1;2;-25,48479613;-49,34730331;"SPRF-PR";"DEL01-PR";"UOP06-DEL01-PR"
517350;2023-04-17;"segunda-feira";"07:15:00";"SC";101;55;"JOINVILLE";"Chuva";"Colisão com objeto";"Sem Vítimas";"Pleno dia";"Crescente";"Chuva";"Dupla";"Curva";"Não";2;0;0;0;2;0;0;1;-26,42280898;-48,82977496;"SPRF-SC";"DEL03-SC";"UOP01-DEL03-SC"
517352;2023-04-17;"segunda-feira";"07:25:00";"SP";116;204,5;"ARUJA";"Acessar a via sem observar a presença dos outros veículos";"Colisão lateral mesmo sentido";"Com Vítimas Feridas";"Pleno dia";"Crescente";"Céu Claro";"Múltipla";"Reta";"Sim";2;0;1;0;1;0;1;2;-23,41236123;-46,35692496;"SPRF-SP";"DEL01-SP";"UOP01-DEL01-SP"
517353;2023-04-17;"segunda-feira";"07:50:00";"SC";101;140;"BALNEARIO CAMBORIU";"Condutor deixou de manter distância do veículo da frente";"Engavetamento";"Com Vítimas Feridas";"Pleno dia";"Decrescente";"Garoa/Chuvisco";"Dupla";"Túnel;Reta";"Sim";3;0;2;0;1;0;2;3;-27,03881189;-48,60025148;"SPRF-SC";"DEL04-SC";"UOP03-DEL04-SC"
517356;2023-04-17;"segunda-feira";"06:00:00";"RJ";116;304;"RESENDE";"Avarias e/ou desgaste excessivo no pneu";"Tombamento";"Com Vítimas Feridas";"Pleno dia";"Decrescente";"Sol";"Dupla";"Reta";"Não";1;0;1;0;0;0;1;1;-22,45422685;-44,37573195;"SPRF-RJ";"DEL07-RJ";"UOP02-DEL07-RJ"
517358;2023-04-17;"segunda-feira";"07:41:00";"RN";405;0;"MOSSORO";"Condutor deixou de manter distância do veículo da frente";"Colisão lateral mesmo sentido";"Com Vítimas Feridas";"Pleno dia";"Crescente";"Céu Claro";"Simples";"Reta";"Sim";2;0;2;0;0;0;2;2;-5,1914673;-37,351887;"SPRF-RN";"DEL04-RN";"UOP02-DEL04-RN"
517359;2023-04-17;"segunda-feira";"08:00:00";"RS";448;15;"CANOAS";"Ausência de reação do condutor";"Colisão traseira";"Com Vítimas Feridas";"Pleno dia";"Decrescente";"Céu Claro";"Dupla";"Curva";"Não";2;0;1;0;1;0;1;2;-29,927263;-51,217751;"SPRF-RS";"DEL01-RS";"UOP01-DEL01-RS"
517360;2023-04-17;"segunda-feira";"08:15:00";"CE";116;3;"FORTALEZA";"Manobra de mudança de faixa";"Colisão lateral mesmo sentido";"Com Vítimas Feridas";"Pleno dia";"Decrescente";"Chuva";"Múltipla";"Reta";"Sim";3;0;1;0;1;1;1;3;-3,77866493;-38,51490171;"SPRF-CE";"DEL01-CE";"UOP02-DEL01-CE"
517362;2023-04-17;"segunda-feira";"07:00:00";"MT";70;8;"BARRA DO GARCAS";"Acessar a via sem observar a presença dos outros veículos";"Colisão transversal";"Com Vítimas Feridas";"Pleno dia";"Crescente";"Céu Claro";"Simples";"Interseção de Vias;Reta";"Sim";3;0;1;0;2;0;1;3;-15,8782585364;-52,3258230042;"SPRF-MT";"DEL07-MT";"UOP01-DEL07-MT"
517363;2023-04-17;"segunda-feira";"07:55:00";"PR";369;198,6;"ARAPONGAS";"Ausência de reação do condutor";"Colisão traseira";"Com Vítimas Feridas";"Pleno dia";"Decrescente";"Céu Claro";"Dupla";"Reta";"Sim";2;0;1;0;1;0;1;2;-23,522;-51,4387;"SPRF-PR";"DEL07-PR";"UOP03-DEL07-PR"
517364;2023-04-17;"segunda-feira";"07:00:00";"SC";101;138;"BALNEARIO CAMBORIU";"Ausência de reação do condutor";"Colisão com objeto";"Com Vítimas Feridas";"Pleno dia";"Decrescente";"Céu Claro";"Dupla";"Curva";"Não";1;0;1;0;0;0;1;1;-27,02397426;-48,60761649;"SPRF-SC";"DEL04-SC";"UOP03-DEL04-SC"
517365;2023-04-17;"segunda-feira";"03:30:00";"RJ";116;178;"BELFORD ROXO";"Entrada inopinada do pedestre";"Atropelamento de Pedestre";"Com Vítimas Feridas";"Plena Noite";"Crescente";"Céu Claro";"Múltipla";"Reta";"Sim";2;0;0;1;1;0;1;2;-22,77496393;-43,40081465;"SPRF-RJ";"DEL01-RJ";"UOP02-DEL01-RJ"
517366;2023-04-17;"segunda-feira";"08:20:00";"PE";232;508;"SALGUEIRO";"Ingestão de álcool pelo condutor";"Colisão transversal";"Com Vítimas Feridas";"Pleno dia";"Crescente";"Céu Claro";"Simples";"Interseção de Vias";"Sim";3;0;2;0;0;1;2;2;-8,06275641;-39,12328005;"SPRF-PE";"DEL05-PE";"UOP01-DEL05-PE"
517367;2023-04-17;"segunda-feira";"07:30:00";"PB";230;38,9;"SANTA RITA";"Condutor Dormindo";"Saída de leito carroçável";"Com Vítimas Feridas";"Pleno dia";"Crescente";"Céu Claro";"Dupla";"Reta;Declive";"Não";2;0;0;1;0;1;1;1;-7,1341;-34,962;"SPRF-PB";"DEL01-PB";"UOP03-DEL01-PB"
517370;2023-04-17;"segunda-feira";"07:30:00";"MG";381;513;"IGARAPE";"Deficiência do Sistema de Iluminação/Sinalização";"Colisão transversal";"Com Vítimas Feridas";"Pleno dia";"Crescente";"Céu Claro";"Dupla";"Interseção de Vias";"Sim";3;0;2;0;1;0;2;2;-20,099993;-44,318903;"SPRF-MG";"DEL04-MG";"UOP03-DEL04-MG"
517371;2023-04-17;"segunda-feira";"08:00:00";"CE";116;26;"AQUIRAZ";"Transitar na contramão";"Colisão frontal";"Com Vítimas Feridas";"Pleno dia";"Decrescente";"Céu Claro";"Dupla";"Viaduto";"Não";2;0;0;1;1;0;1;2;-3,97854889;-38,51343155;"SPRF-CE";"DEL01-CE";"UOP02-DEL01-CE"
517372;2023-04-17;"segunda-feira";"06:40:00";"RS";116;91,4;"CAMPESTRE DA SERRA";"Reação tardia ou ineficiente do condutor";"Capotamento";"Com Vítimas Feridas";"Amanhecer";"Crescente";"Chuva";"Simples";"Curva";"Não";1;0;1;0;0;0;1;1;-28,86918963;-51,11955903;"SPRF-RS";"DEL05-RS";"UOP03-DEL05-RS"
517373;2023-04-17;"segunda-feira";"08:00:00";"SC";101;132,9;"BALNEARIO CAMBORIU";"Acessar a via sem observar a presença dos outros veículos";"Colisão lateral mesmo sentido";"Com Vítimas Feridas";"Pleno dia";"Crescente";"Céu Claro";"Dupla";"Reta";"Sim";3;0;1;0;2;0;1;2;-26,99654133;-48,65564711;"SPRF-SC";"DEL04-SC";"UOP03-DEL04-SC"
517376;2023-04-17;"segunda-feira";"09:20:00";"SP";116;222;"GUARULHOS";"Reação tardia ou ineficiente do condutor";"Colisão traseira";"Com Vítimas Feridas";"Pleno dia";"Crescente";"Céu Claro";"Dupla";"Reta";"Sim";2;0;1;0;1;0;1;2;-23,47093408;-46,51631097;"SPRF-SP";"DEL01-SP";"UOP01-DEL01-SP"
517377;2023-04-17;"segunda-feira";"09:05:00";"PR";277;83;"CURITIBA";"Trafegar com motocicleta (ou similar) entre as faixas";"Colisão lateral mesmo sentido";"Com Vítimas Feridas";"Pleno dia";"Crescente";"Céu Claro";"Dupla";"Reta";"Não";2;0;1;0;1;0;1;2;-25,568939;-49,181978;"SPRF-PR";"DEL01-PR";"UOP01-DEL01-PR"
517378;2023-04-17;"segunda-feira";"06:45:00";"AL";316;201,4;"MARIBONDO";"Transitar na contramão";"Colisão frontal";"Com Vítimas Feridas";"Pleno dia";"Decrescente";"Céu Claro";"Simples";"Reta";"Sim";2;0;2;0;0;0;2;2;-9,58405953;-36,3176457;"SPRF-AL";"DEL03-AL";"UOP01-DEL03-AL"
517379;2023-04-17;"segunda-feira";"06:20:00";"RJ";40;120;"DUQUE DE CAXIAS";"Reação tardia ou ineficiente do condutor";"Queda de ocupante de veículo";"Com Vítimas Feridas";"Pleno dia";"Crescente";"Sol";"Múltipla";"Reta";"Sim";1;0;1;0;0;0;1;1;-22,77280597;-43,28626763;"SPRF-RJ";"DEL01-RJ";"UOP01-DEL01-RJ"
517380;2023-04-17;"segunda-feira";"07:00:00";"PR";376;308,8;"ORTIGUEIRA";"Chuva";"Saída de leito carroçável";"Com Vítimas Feridas";"Pleno dia";"Decrescente";"Chuva";"Dupla";"Declive;Curva";"Não";1;0;1;0;0;0;1;1;-23,97857518;-51,09540715;"SPRF-PR";"DEL07-PR";"UOP02-DEL07-PR"
517381;2023-04-17;"segunda-feira";"07:40:00";"SP";116;145,5;"SAO JOSE DOS CAMPOS";"Reação tardia ou ineficiente do condutor";"Tombamento";"Com Vítimas Feridas";"Pleno dia";"Crescente";"Sol";"Múltipla";"Reta";"Sim";1;0;1;0;0;0;1;1;-23,1869844;-45,8548078;"SPRF-SP";"DEL02-SP";"UOP01-DEL02-SP"
517383;2023-04-17;"segunda-feira";"07:30:00";"SC";101;58;"ARAQUARI";"Avarias e/ou desgaste excessivo no pneu";"Colisão com objeto";"Com Vítimas Feridas";"Pleno dia";"Crescente";"Chuva";"Dupla";"Reta";"Não";2;0;1;0;1;0;1;1;-26,44025049;-48,80129043;"SPRF-SC";"DEL03-SC";"UOP02-DEL03-SC"
517384;2023-04-17;"segunda-feira";"10:00:00";"GO";60;137;"GOIANIA";"Mal súbito do condutor";"Capotamento";"Com Vítimas Feridas";"Pleno dia";"Decrescente";"Céu Claro";"Dupla";"Reta";"Não";1;0;1;0;0;0;1;1;-16,603;-49,2023;"SPRF-GO";"DEL01-GO";"UOP01-DEL01-GO"
517386;2023-04-17;"segunda-feira";"09:00:00";"RJ";116;80;"TERESOPOLIS";"Conversão proibida";"Colisão transversal";"Com Vítimas Feridas";"Pleno dia";"Crescente";"Céu Claro";"Simples";"Reta";"Sim";2;0;1;0;1;0;1;2;-22,39006974;-42,9533628;"SPRF-RJ";"DEL04-RJ";"UOP01-DEL04-RJ"
517388;2023-04-17;"segunda-feira";"07:30:00";"RS";392;9,1;"RIO GRANDE";"Condutor deixou de manter distância do veículo da frente";"Colisão traseira";"Com Vítimas Feridas";"Pleno dia";"Decrescente";"Céu Claro";"Simples";"Reta";"Não";2;0;1;0;1;0;1;2;-32,11099;-52,112198;"SPRF-RS";"DEL07-RS";"UOP02-DEL07-RS"
517391;2023-04-17;"segunda-feira";"10:40:00";"RN";101;96;"NATAL";"Trafegar com motocicleta (ou similar) entre as faixas";"Colisão lateral mesmo sentido";"Com Vítimas Feridas";"Pleno dia";"Crescente";"Céu Claro";"Múltipla";"Reta";"Sim";3;0;1;0;2;0;1;3;-5,84949622;-35,20890752;"SPRF-RN";"DEL01-RN";"UOP01-DEL01-RN"
517392;2023-01-29;"domingo";"19:30:00";"RO";364;424;"JARU";"Desrespeitar a preferência no cruzamento";"Colisão transversal";"Com Vítimas Feridas";"Plena Noite";"Crescente";"Nublado";"Simples";"Interseção de Vias";"Sim";3;0;2;0;1;0;2;2;-10,44457274;-62,46568412;"SPRF-RO";"DEL03-RO";"UOP02-DEL03-RO"
517393;2023-04-10;"segunda-feira";"07:11:00";"SC";101;115;"ITAJAI";"Acesso irregular";"Colisão transversal";"Com Vítimas Feridas";"Pleno dia";"Decrescente";"Garoa/Chuvisco";"Dupla";"Reta";"Não";2;0;2;0;0;0;2;2;-26,87064015;-48,72954134;"SPRF-SC";"DEL04-SC";"UOP04-DEL04-SC"
517398;2023-04-17;"segunda-feira";"08:30:00";"MG";116;527,3;"CARATINGA";"Manobra de mudança de faixa";"Colisão lateral mesmo sentido";"Com Vítimas Feridas";"Pleno dia";"Crescente";"Céu Claro";"Dupla";"Retorno Regulamentado";"Sim";2;0;1;0;0;1;1;2;-19,78510701;-42,13445297;"SPRF-MG";"DEL06-MG";"UOP02-DEL06-MG"
517399;2023-04-17;"segunda-feira";"11:00:00";"AL";101;208,3;"SAO SEBASTIAO";"Transitar na contramão";"Colisão transversal";"Sem Vítimas";"Pleno dia";"Crescente";"Céu Claro";"Simples";"Reta;Declive";"Não";2;0;0;0;2;0;0;2;-9,9935313;-36,59306885;"SPRF-AL";"DEL02-AL";"UOP02-DEL02-AL"
517400;2023-04-17;"segunda-feira";"06:00:00";"GO";153;642,9;"MORRINHOS";"Ausência de reação do condutor";"Saída de leito carroçável";"Sem Vítimas";"Amanhecer";"Decrescente";"Céu Claro";"Dupla";"Curva;Declive";"Não";1;0;0;0;1;0;0;1;-17,8972;-49,2348;"SPRF-GO";"DEL03-GO";"UOP01-DEL03-GO"
517403;2023-04-17;"segunda-feira";"11:44:00";"PB";230;85;"CALDAS BRANDAO";"Reação tardia ou ineficiente do condutor";"Colisão lateral mesmo sentido";"Com Vítimas Feridas";"Pleno dia";"Crescente";"Céu Claro";"Dupla";"Reta;Declive";"Não";3;0;2;0;1;0;2;2;-7,1652;-35,3534;"SPRF-PB";"DEL01-PB";"UOP03-DEL01-PB"
517404;2023-04-17;"segunda-feira";"11:15:00";"AL";101;139;"SAO MIGUEL DOS CAMPOS";"Ingestão de álcool e/ou substâncias psicoativas pelo pedestre";"Saída de leito carroçável";"Sem Vítimas";"Pleno dia";"Decrescente";"Céu Claro";"Simples";"Reta";"Não";1;0;0;0;1;0;0;1;-9,81757382;-36,1216713;"SPRF-AL";"DEL02-AL";"UOP01-DEL02-AL"
517405;2023-04-17;"segunda-feira";"11:00:00";"PR";277;585;"CASCAVEL";"Avarias e/ou desgaste excessivo no pneu";"Colisão transversal";"Com Vítimas Feridas";"Pleno dia";"Decrescente";"Chuva";"Simples";"Reta";"Não";2;0;1;0;1;0;1;2;-24,96400704;-53,41227401;"SPRF-PR";"DEL04-PR";"UOP01-DEL04-PR"
517406;2023-04-17;"segunda-feira";"12:30:00";"MG";262;396;"PARA DE MINAS";"Ausência de reação do condutor";"Saída de leito carroçável";"Com Vítimas Feridas";"Pleno dia";"Crescente";"Céu Claro";"Dupla";"Reta";"Não";1;0;1;0;0;0;1;1;-19,90936544;-44,50681819;"SPRF-MG";"DEL01-MG";"UOP03-DEL01-MG"
517410;2023-04-17;"segunda-feira";"13:11:00";"RN";304;42,3;"MOSSORO";"Velocidade Incompatível";"Colisão traseira";"Com Vítimas Feridas";"Pleno dia";"Decrescente";"Céu Claro";"Dupla";"Reta";"Não";2;0;1;0;1;0;1;2;-5,214417;-37,369715;"SPRF-RN";"DEL04-RN";"UOP01-DEL04-RN"
517411;2023-04-17;"segunda-feira";"13:50:00";"SC";101;194;"BIGUACU";"Condutor deixou de manter distância do veículo da frente";"Colisão traseira";"Com Vítimas Feridas";"Pleno dia";"Crescente";"Sol";"Múltipla";"Reta";"Não";4;0;1;0;3;0;1;2;-27,57413014;-48,61363083;"SPRF-SC";"DEL01-SC";"UOP01-DEL01-SC"
517412;2023-04-17;"segunda-feira";"14:00:00";"RS";116;246;"SAO LEOPOLDO";"Trafegar com motocicleta (ou similar) entre as faixas";"Colisão lateral mesmo sentido";"Com Vítimas Feridas";"Pleno dia";"Crescente";"Garoa/Chuvisco";"Dupla";"Reta";"Sim";3;0;1;0;1;1;1;3;-29,75136031;-51,15155538;"SPRF-RS";"DEL01-RS";"UOP02-DEL01-RS"
517413;2023-04-15;"sábado";"00:50:00";"TO";153;147;"ARAGUAINA";"Objeto estático sobre o leito carroçável";"Colisão com objeto";"Com Vítimas Feridas";"Plena Noite";"Crescente";"Nublado";"Dupla";"Reta";"Sim";1;0;1;0;0;0;1;1;-7,22175693;-48,24826214;"SPRF-TO";"DEL02-TO";"UOP01-DEL02-TO"
517416;2023-04-17;"segunda-feira";"07:50:00";"PB";412;109;"SUME";"Mal súbito do condutor";"Tombamento";"Com Vítimas Feridas";"Pleno dia";"Crescente";"Céu Claro";"Simples";"Aclive";"Sim";1;0;0;1;0;0;1;1;-7,675978;-36,884178;"SPRF-PB";"DEL02-PB";"UOP02-DEL02-PB"
517417;2023-04-17;"segunda-feira";"14:14:00";"PB";230;23;"JOAO PESSOA";"Condutor deixou de manter distância do veículo da frente";"Engavetamento";"Sem Vítimas";"Pleno dia";"Decrescente";"Céu Claro";"Dupla";"Reta";"Sim";4;0;0;0;4;0;0;3;-7,1562;-34,8574;"SPRF-PB";"DEL01-PB";"UOP01-DEL01-PB"
517418;2023-04-17;"segunda-feira";"07:40:00";"MG";116;422,6;"ALPERCATA";"Acessar a via sem observar a presença dos outros veículos";"Colisão transversal";"Com Vítimas Feridas";"Amanhecer";"Decrescente";"Céu Claro";"Simples";"Reta;Interseção de Vias";"Sim";2;0;0;1;1;0;1;2;-18,94601944;-41,95023848;"SPRF-MG";"DEL06-MG";"UOP01-DEL06-MG"
517421;2023-04-17;"segunda-feira";"14:00:00";"PR";158;532,5;"PATO BRANCO";"Ausência de reação do condutor";"Colisão traseira";"Sem Vítimas";"Pleno dia";"Decrescente";"Chuva";"Simples";"Reta";"Sim";2;0;0;0;2;0;0;2;-26,21099702;-52,6807167;"SPRF-PR";"DEL02-PR";"UOP01-DEL02-PR"
517422;2023-04-17;"segunda-feira";"08:10:00";"MG";116;411,2;"GOVERNADOR VALADARES";"Ausência de reação do condutor";"Tombamento";"Com Vítimas Feridas";"Pleno dia";"Decrescente";"Céu Claro";"Dupla";"Reta";"Sim";1;0;0;1;0;0;1;1;-18,86244705;-41,97405237;"SPRF-MG";"DEL06-MG";"UOP01-DEL06-MG"
517425;2023-04-17;"segunda-feira";"14:10:00";"MG";381;499;"BETIM";"Demais falhas mecânicas ou elétricas";"Tombamento";"Com Vítimas Feridas";"Pleno dia";"Crescente";"Céu Claro";"Dupla";"Reta";"Não";1;0;1;0;0;0;1;1;-19,99238531;-44,20752525;"SPRF-MG";"DEL01-MG";"UOP03-DEL01-MG"
517430;2023-04-17;"segunda-feira";"09:30:00";"RO";364;80;"VILHENA";"Condutor deixou de manter distância do veículo da frente";"Colisão traseira";"Com Vítimas Feridas";"Pleno dia";"Crescente";"Céu Claro";"Simples";"Reta";"Não";6;0;1;0;5;0;1;2;-12,43191774;-60,57657785;"SPRF-RO";"DEL04-RO";"UOP01-DEL04-RO"