"id";"data_inversa";"dia_semana";"horario";"uf";"br";"km";"municipio";"causa_acidente";"tipo_acidente";"classificacao_acidente";"fase_dia";"sentido_via";"condicao_metereologica";"tipo_pista";"tracado_via";"uso_solo";"pessoas";"mortos";"feridos_leves";"feridos_graves";"ilesos";"ignorados";"feridos";"veiculos";"latitude";"longitude";"regional";"delegacia";"uop"
517431;2023-04-17;"segunda-feira";"14:30:00";"MG";40;509,9;"RIBEIRAO DAS NEVES";"Condutor deixou de manter distância do veículo da frente";"Colisão traseira";"Com Vítimas Feridas";"Pleno dia";"Decrescente";"Céu Claro";"Dupla";"Reta";"Não";2;0;1;0;1;0;1;2;-19,76728744;-44,12855905;"SPRF-MG";"DEL01-MG";"UOP02-DEL01-MG"
517433;2023-04-17;"segunda-feira";"14:45:00";"PE";101;46;"IGARASSU";"Manobra de mudança de faixa";"Colisão transversal";"Com Vítimas Feridas";"Pleno dia";"Decrescente";"Céu Claro";"Múltipla";"Retorno Regulamentado;Reta";"Sim";2;0;1;0;1;0;1;2;-7,87406004;-34,90588126;"SPRF-PE";"DEL01-PE";"UOP02-DEL01-PE"
517434;2023-04-17;"segunda-feira";"13:40:00";"PR";277;542;"IBEMA";"Acumulo de areia ou detritos sobre o pavimento";"Saída de leito carroçável";"Com Vítimas Feridas";"Pleno dia";"Crescente";"Nevoeiro/Neblina";"Simples";"Curva";"Não";2;0;1;0;1;0;1;1;-25,10469887;-53,05246199;"SPRF-PR";"DEL04-PR";"UOP04-DEL04-PR"
517435;2023-04-17;"segunda-feira";"07:37:00";"PA";155;258;"ELDORADO DO CARAJAS";"Reação tardia ou ineficiente do condutor";"Queda de ocupante de veículo";"Com Vítimas Feridas";"Pleno dia";"Crescente";"Céu Claro";"Simples";"Reta";"Não";3;0;2;0;1;0;2;2;-6,06389225;-49,30253471;"SPRF-PA";"DEL03-PA";"UOP01-DEL03-PA"
517437;2023-04-17;"segunda-feira";"14:57:00";"BA";324;616;"SALVADOR";"Condutor Dormindo";"Colisão traseira";"Com Vítimas Feridas";"Pleno dia";"Decrescente";"Céu Claro";"Dupla";"Reta";"Sim";2;0;1;0;1;0;1;2;-12,89414255;-38,44734192;"SPRF-BA";"DEL01-BA";"UOP01-DEL01-BA"
517439;2023-04-17;"segunda-feira";"15:30:00";"PR";277;96;"CURITIBA";"Pedestre cruzava a pista fora da faixa";"Atropelamento de Pedestre";"Com Vítimas Feridas";"Pleno dia";"Crescente";"Nublado";"Dupla";"Reta";"Não";2;0;0;1;1;0;1;2;-25,54577186;-49,29537197;"SPRF-PR";"DEL01-PR";"UOP06-DEL01-PR"
517440;2023-04-17;"segunda-feira";"15:45:00";"RS";0;0;"PORTO ALEGRE";"Reação tardia ou ineficiente do condutor";"Colisão lateral mesmo sentido";"Sem Vítimas";"Pleno dia";"Não Informado";"Céu Claro";"Dupla";"Reta";"Sim";4;0;0;0;4;0;0;2;-30,1151636;-51,3318073;"SPRF-RS";"DEL01-RS";"UOP01-DEL01-RS"
517441;2023-04-17;"segunda-feira";"15:05:00";"PR";277;668,5;"MEDIANEIRA";"Condutor usando celular";"Saída de leito carroçável";"Com Vítimas Feridas";"Pleno dia";"Decrescente";"Chuva";"Dupla";"Reta";"Não";2;0;1;0;1;0;1;1;-25,27063805;-54,06252597;"SPRF-PR";"DEL05-PR";"UOP02-DEL05-PR"
517442;2023-04-17;"segunda-feira";"14:10:00";"PR";369;40;"ANDIRA";"Acessar a via sem observar a presença dos outros veículos";"Colisão transversal";"Com Vítimas Feridas";"Pleno dia";"Decrescente";"Céu Claro";"Simples";"Reta";"Não";4;0;2;0;2;0;2;2;-23,062899;-50,254768;"SPRF-PR";"DEL07-PR";"UOP05-DEL07-PR"
517446;2023-01-23;"segunda-feira";"06:40:00";"BA";101;474;"URUCUCA";"Acessar a via sem observar a presença dos outros veículos";"Colisão traseira";"Com Vítimas Feridas";"Pleno dia";"Crescente";"Céu Claro";"Simples";"Interseção de Vias";"Não";2;0;0;1;1;0;1;2;-14,571467;-39,36036792;"SPRF-BA";"DEL05-BA";"UOP01-DEL05-BA"
517447;2023-04-17;"segunda-feira";"16:30:00";"BA";367;83,5;"EUNAPOLIS";"Velocidade Incompatível";"Colisão traseira";"Com Vítimas Feridas";"Pleno dia";"Crescente";"Céu Claro";"Simples";"Reta";"Sim";2;0;1;0;1;0;1;2;-16,37256267;-39,57064408;"SPRF-BA";"DEL09-BA";"UOP03-DEL09-BA"
517448;2023-04-17;"segunda-feira";"05:00:00";"SC";282;72;"RANCHO QUEIMADO";"Velocidade Incompatível";"Saída de leito carroçável";"Com Vítimas Feridas";"Amanhecer";"Crescente";"Chuva";"Simples";"Curva;Aclive";"Não";1;0;1;0;0;0;1;1;-27,683439;-49,105259;"SPRF-SC";"DEL01-SC";"UOP03-DEL01-SC"
517450;2023-04-17;"segunda-feira";"16:55:00";"PE";232;235,3;"PESQUEIRA";"Acumulo de água sobre o pavimento";"Colisão com objeto";"Com Vítimas Feridas";"Plena Noite";"Decrescente";"Chuva";"Simples";"Curva";"Não";1;0;0;1;0;0;1;1;-8,408758;-36,922813;"SPRF-PE";"DEL04-PE";"UOP02-DEL04-PE"
517451;2023-04-17;"segunda-feira";"17:10:00";"RN";304;301;"MACAIBA";"Avarias e/ou desgaste excessivo no pneu";"Queda de ocupante de veículo";"Com Vítimas Feridas";"Pleno dia";"Crescente";"Nublado";"Dupla";"Reta";"Sim";1;0;1;0;0;0;1;1;-5,87657067;-35,30647289;"SPRF-RN";"DEL01-RN";"UOP02-DEL01-RN"
517452;2023-04-17;"segunda-feira";"15:40:00";"PE";101;70;"RECIFE";"Velocidade Incompatível";"Colisão traseira";"Com Vítimas Feridas";"Pleno dia";"Crescente";"Céu Claro";"Múltipla";"Reta";"Sim";2;0;1;0;1;0;1;2;-8,06776119;-34,94265074;"SPRF-PE";"DEL01-PE";"UOP01-DEL01-PE"
517453;2023-04-17;"segunda-feira";"16:40:00";"MG";40;619,1;"CONGONHAS";"Conversão proibida";"Colisão transversal";"Com Vítimas Feridas";"Pleno dia";"Decrescente";"Céu Claro";"Simples";"Curva";"Sim";2;0;1;0;1;0;1;2;-20,575463;-43,81305;"SPRF-MG";"DEL05-MG";"UOP02-DEL05-MG"
517454;2023-04-17;"segunda-feira";"15:30:00";"PA";316;45,9;"SANTA IZABEL DO PARA";"Ausência de reação do condutor";"Saída de leito carroçável";"Com Vítimas Feridas";"Pleno dia";"Decrescente";"Chuva";"Dupla";"Reta";"Não";1;0;1;0;0;0;1;1;-1,277567;-48,078326;"SPRF-PA";"DEL01-PA";"UOP01-DEL01-PA"
517457;2023-04-17;"segunda-feira";"15:15:00";"PR";153;380;"MALLET";"Acessar a via sem observar a presença dos outros veículos";"Colisão lateral sentido oposto";"Sem Vítimas";"Pleno dia";"Decrescente";"Chuva";"Simples";"Curva;Interseção de Vias";"Não";3;0;0;0;3;0;0;2;-25,80501902;-50,85037484;"SPRF-PR";"DEL08-PR";"UOP02-DEL08-PR"
517459;2023-04-17;"segunda-feira";"17:40:00";"SP";116;54,9;"LORENA";"Reação tardia ou ineficiente do condutor";"Queda de ocupante de veículo";"Com Vítimas Feridas";"Anoitecer";"Decrescente";"Nublado";"Dupla";"Reta";"Não";2;0;1;0;1;0;1;1;-22,75803895;-45,11508003;"SPRF-SP";"DEL08-SP";"UOP02-DEL08-SP"
517460;2023-04-17;"segunda-feira";"17:05:00";"RS";116;441;"CRISTAL";"Ausência de reação do condutor";"Tombamento";"Com Vítimas Feridas";"Pleno dia";"Decrescente";"Céu Claro";"Dupla";"Retorno Regulamentado";"Não";1;0;0;1;0;0;1;1;-31,11252893;-52,02789282;"SPRF-RS";"DEL02-RS";"UOP02-DEL02-RS"
517462;2023-04-17;"segunda-feira";"17:10:00";"MA";135;83;"ITAPECURU MIRIM";"Chuva";"Saída de leito carroçável";"Sem Vítimas";"Pleno dia";"Decrescente";"Chuva";"Simples";"Reta";"Não";3;0;0;0;3;0;0;1;-3,24306403;-44,37657396;"SPRF-MA";"DEL01-MA";"UOP02-DEL01-MA"
517463;2023-04-17;"segunda-feira";"16:30:00";"PR";376;383,6;"IMBAU";"Velocidade Incompatível";"Saída de leito carroçável";"Com Vítimas Feridas";"Pleno dia";"Decrescente";"Nublado";"Dupla";"Aclive;Curva";"Não";2;0;1;1;0;0;2;1;-24,47251574;-50,73914548;"SPRF-PR";"DEL03-PR";"UOP02-DEL03-PR"
517464;2023-04-17;"segunda-feira";"17:50:00";"DF";70;9;"BRASILIA";"Manobra de mudança de faixa";"Colisão traseira";"Com Vítimas Feridas";"Pleno dia";"Crescente";"Nublado";"Dupla";"Reta";"Sim";3;0;2;0;1;0;2;2;-15,784615;-48,132023;"SPRF-DF";"DEL03-DF";"UOP02-DEL03-DF"
517466;2023-04-17;"segunda-feira";"08:30:00";"RJ";101;313;"SAO GONCALO";"Demais falhas mecânicas ou elétricas";"Queda de ocupante de veículo";"Com Vítimas Feridas";"Pleno dia";"Decrescente";"Sol";"Dupla";"Reta";"Não";2;0;1;0;1;0;1;1;-22,81049093;-43,06983304;"SPRF-RJ";"DEL02-RJ";"UOP02-DEL02-RJ"
517467;2023-04-17;"segunda-feira";"17:45:00";"RJ";116;114;"MAGE";"Ultrapassagem Indevida";"Colisão lateral sentido oposto";"Com Vítimas Feridas";"Plena Noite";"Crescente";"Céu Claro";"Simples";"Reta";"Sim";2;0;1;0;1;0;1;2;-22,61089109;-43,03429484;"SPRF-RJ";"DEL04-RJ";"UOP02-DEL04-RJ"
517468;2023-04-17;"segunda-feira";"11:30:00";"RS";472;572,3;"URUGUAIANA";"Acessar a via sem observar a presença dos outros veículos";"Colisão transversal";"Com Vítimas Feridas";"Pleno dia";"Crescente";"Céu Claro";"Simples";"Interseção de Vias";"Não";2;0;1;0;1;0;1;2;-29,76623713;-57,02911091;"SPRF-RS";"DEL13-RS";"UOP01-DEL13-RS"
517469;2023-04-17;"segunda-feira";"16:52:00";"BA";101;221;"CRUZ DAS ALMAS";"Velocidade Incompatível";"Colisão transversal";"Com Vítimas Feridas";"Pleno dia";"Decrescente";"Céu Claro";"Simples";"Retorno Regulamentado;Reta";"Sim";4;0;1;1;2;0;2;2;-12,664262;-39,12906;"SPRF-BA";"DEL01-BA";"UOP02-DEL01-BA"
517471;2023-04-17;"segunda-feira";"18:10:00";"RS";392;67;"PELOTAS";"Desrespeitar a preferência no cruzamento";"Colisão transversal";"Com Vítimas Feridas";"Anoitecer";"Crescente";"Céu Claro";"Dupla";"Rotatória";"Sim";3;0;0;1;1;1;1;3;-31,75709532;-52,39980728;"SPRF-RS";"DEL07-RS";"UOP01-DEL07-RS"
517473;2023-04-17;"segunda-feira";"07:30:00";"RJ";116;128;"MAGE";"Ausência de reação do condutor";"Tombamento";"Com Vítimas Feridas";"Pleno dia";"Decrescente";"Céu Claro";"Dupla";"Reta";"Sim";1;0;1;0;0;0;1;1;-22,6657139;-43,10092001;"SPRF-RJ";"DEL04-RJ";"UOP02-DEL04-RJ"
517475;2023-04-17;"segunda-feira";"16:30:00";"MG";381;792;"SAO GONCALO DO SAPUCAI";"Reação tardia ou ineficiente do condutor";"Queda de ocupante de veículo";"Com Vítimas Feridas";"Pleno dia";"Crescente";"Sol";"Dupla";"Curva";"Não";2;0;0;2;0;0;2;1;-21,91931581;-45,59934602;"SPRF-MG";"DEL16-MG";"UOP02-DEL16-MG"
517476;2023-04-17;"segunda-feira";"18:30:00";"SC";101;206;"SAO JOSE";"Reação tardia ou ineficiente do condutor";"Queda de ocupante de veículo";"Com Vítimas Feridas";"Plena Noite";"Crescente";"Garoa/Chuvisco";"Múltipla";"Reta";"Sim";1;0;1;0;0;0;1;1;-27,59193546;-48,61824557;"SPRF-SC";"DEL01-SC";"UOP01-DEL01-SC"
517478;2023-04-17;"segunda-feira";"15:25:00";"BA";116;23,8;"ABARE";"Animais na Pista";"Colisão com objeto";"Sem Vítimas";"Pleno dia";"Crescente";"Céu Claro";"Simples";"Reta";"Não";2;0;0;0;2;0;0;1;-8,823111;-39,2598;"SPRF-PE";"DEL05-PE";"UOP03-DEL05-PE"
517479;2023-04-17;"segunda-feira";"18:40:00";"MG";262;419,8;"IGARATINGA";"Animais na Pista";"Atropelamento de Animal";"Com Vítimas Feridas";"Plena Noite";"Crescente";"Céu Claro";"Dupla";"Reta";"Não";1;0;1;0;0;0;1;1;-19,89448983;-44,70395989;"SPRF-MG";"DEL08-MG";"UOP03-DEL08-MG"
517480;2023-04-17;"segunda-feira";"18:20:00";"SC";101;340;"TUBARAO";"Acumulo de areia ou detritos sobre o pavimento";"Tombamento";"Com Vítimas Feridas";"Plena Noite";"Crescente";"Nublado";"Simples";"Viaduto";"Sim";1;0;1;0;0;0;1;1;-28,50697617;-49,0500927;"SPRF-SC";"DEL02-SC";"UOP01-DEL02-SC"
517483;2023-04-17;"segunda-feira";"18:30:00";"AL";424;92,3;"SATUBA";"Condutor deixou de manter distância do veículo da frente";"Colisão traseira";"Com Vítimas Feridas";"Plena Noite";"Decrescente";"Céu Claro";"Simples";"Reta";"Não";5;0;2;0;3;0;2;5;-9,58877051;-35,88700493;"SPRF-AL";"DEL02-AL";"UOP01-DEL02-AL"
517484;2023-04-17;"segunda-feira";"17:25:00";"PR";277;518;"GUARANIACU";"Acessar a via sem observar a presença dos outros veículos";"Colisão transversal";"Com Vítimas Feridas";"Pleno dia";"Crescente";"Chuva";"Simples";"Reta";"Sim";2;0;1;0;1;0;1;2;-25,11240772;-52,83208297;"SPRF-PR";"DEL04-PR";"UOP04-DEL04-PR"
517487;2023-04-17;"segunda-feira";"19:00:00";"SP";116;215,2;"GUARULHOS";"Ausência de reação do condutor";"Colisão traseira";"Com Vítimas Feridas";"Plena Noite";"Crescente";"Nublado";"Dupla";"Reta";"Sim";1;0;1;0;0;0;1;1;-23,44695693;-46,45394103;"SPRF-SP";"DEL01-SP";"UOP01-DEL01-SP"
517488;2023-04-17;"segunda-feira";"17:05:00";"MT";174;7;"PONTES E LACERDA";"Conversão proibida";"Colisão lateral mesmo sentido";"Com Vítimas Feridas";"Pleno dia";"Decrescente";"Céu Claro";"Simples";"Reta";"Sim";2;0;1;0;1;0;1;2;-15,226537;-59,335728;"SPRF-MT";"DEL04-MT";"UOP01-DEL04-MT"
517489;2023-04-17;"segunda-feira";"19:15:00";"RJ";101;473;"ANGRA DOS REIS";"Acumulo de areia ou detritos sobre o pavimento";"Tombamento";"Com Vítimas Feridas";"Plena Noite";"Crescente";"Nublado";"Múltipla";"Retorno Regulamentado";"Não";2;0;2;0;0;0;2;1;-22,98960623;-44,24168693;"SPRF-RJ";"DEL03-RJ";"UOP03-DEL03-RJ"
517490;2023-04-17;"segunda-feira";"17:50:00";"MS";163;548,3;"BANDEIRANTES";"Ausência de reação do condutor";"Tombamento";"Com Vítimas Feridas";"Anoitecer";"Crescente";"Céu Claro";"Simples";"Reta";"Sim";1;0;1;0;0;0;1;1;-19,91869106;-54,36860922;"SPRF-MS";"DEL01-MS";"UOP02-DEL01-MS"
517491;2023-04-17;"segunda-feira";"18:38:00";"PE";232;511;"SALGUEIRO";"Acessar a via sem observar a presença dos outros veículos";"Colisão transversal";"Com Vítimas Feridas";"Anoitecer";"Crescente";"Céu Claro";"Simples";"Reta";"Sim";2;0;1;1;0;0;2;2;-8,07019303;-39,14667499;"SPRF-PE";"DEL05-PE";"UOP01-DEL05-PE"
517492;2023-04-17;"segunda-feira";"19:10:00";"RJ";101;276;"TANGUA";"Acesso irregular";"Colisão frontal";"Com Vítimas Feridas";"Pleno dia";"Decrescente";"Céu Claro";"Dupla";"Reta";"Sim";2;0;1;0;1;0;1;2;-22,73796393;-42,73871802;"SPRF-RJ";"DEL02-RJ";"UOP03-DEL02-RJ"
517495;2023-04-17;"segunda-feira";"17:40:00";"MT";70;278;"PRIMAVERA DO LESTE";"Ingestão de álcool pelo condutor";"Colisão frontal";"Com Vítimas Feridas";"Anoitecer";"Decrescente";"Céu Claro";"Simples";"Reta;Declive;Interseção de Vias";"Sim";3;0;1;0;2;0;1;3;-15,5663743;-54,3038439;"SPRF-MT";"DEL05-MT";"UOP01-DEL05-MT"
517496;2023-04-17;"segunda-feira";"19:15:00";"PA";308;151;"CAPANEMA";"Acessar a via sem observar a presença dos outros veículos";"Colisão transversal";"Com Vítimas Feridas";"Plena Noite";"Decrescente";"Céu Claro";"Simples";"Interseção de Vias;Reta";"Sim";3;0;0;1;0;2;1;2;-1,21064;-47,182743;"SPRF-PA";"DEL01-PA";"UOP03-DEL01-PA"
517497;2023-04-17;"segunda-feira";"19:00:00";"DF";20;8,9;"BRASILIA";"Condutor deixou de manter distância do veículo da frente";"Colisão traseira";"Com Vítimas Feridas";"Plena Noite";"Crescente";"Céu Claro";"Dupla";"Reta;Aclive";"Sim";2;0;1;0;1;0;1;2;-15,658386;-47,791534;"SPRF-DF";"DEL02-DF";"UOP01-DEL02-DF"
517499;2023-04-17;"segunda-feira";"19:50:00";"BA";116;463;"SANTO ESTEVAO";"Participar de racha";"Queda de ocupante de veículo";"Com Vítimas Fatais";"Plena Noite";"Crescente";"Céu Claro";"Dupla";"Reta";"Sim";1;1;0;0;0;0;0;1;-12,45508;-39,25974;"SPRF-BA";"DEL02-BA";"UOP01-DEL02-BA"
517500;2023-04-17;"segunda-feira";"18:20:00";"SC";101;151;"ITAPEMA";"Acessar a via sem observar a presença dos outros veículos";"Colisão transversal";"Com Vítimas Feridas";"Plena Noite";"Decrescente";"Chuva";"Simples";"Interseção de Vias;Reta";"Sim";2;0;1;0;1;0;1;2;-27,126536;-48,609642;"SPRF-SC";"DEL04-SC";"UOP03-DEL04-SC"
517502;2023-04-17;"segunda-feira";"19:54:00";"PI";316;12,3;"TERESINA";"Avarias e/ou desgaste excessivo no pneu";"Colisão com objeto";"Com Vítimas Feridas";"Plena Noite";"Decrescente";"Céu Claro";"Múltipla";"Reta";"Sim";2;0;0;1;1;0;1;1;-5,20064401;-42,75799889;"SPRF-PI";"DEL01-PI";"UOP02-DEL01-PI"
517503;2023-04-17;"segunda-feira";"18:00:00";"RS";116;151,7;"CAXIAS DO SUL";"Acessar a via sem observar a presença dos outros veículos";"Colisão transversal";"Com Vítimas Feridas";"Plena Noite";"Crescente";"Garoa/Chuvisco";"Dupla";"Interseção de Vias";"Não";2;0;1;0;1;0;1;2;-29,17694502;-51,16173896;"SPRF-RS";"DEL05-RS";"UOP01-DEL05-RS"
517506;2023-04-17;"segunda-feira";"18:40:00";"RO";364;238,6;"CACOAL";"Pista esburacada";"Tombamento";"Com Vítimas Feridas";"Plena Noite";"Crescente";"Chuva";"Simples";"Reta";"Sim";1;0;1;0;0;0;1;1;-11,4388578;-61,45471289;"SPRF-RO";"DEL02-RO";"UOP02-DEL02-RO"
517507;2023-04-17;"segunda-feira";"18:45:00";"RO";364;238,6;"CACOAL";"Demais falhas na via";"Tombamento";"Com Vítimas Feridas";"Plena Noite";"Crescente";"Chuva";"Simples";"Reta;Interseção de Vias";"Sim";1;0;1;0;0;0;1;1;-11,4388578;-61,45471289;"SPRF-RO";"DEL02-RO";"UOP02-DEL02-RO"
517510;2023-04-17;"segunda-feira";"19:30:00";"RO";364;705;"PORTO VELHO";"Sinalização mal posicionada";"Colisão lateral mesmo sentido";"Com Vítimas Feridas";"Plena Noite";"Crescente";"Céu Claro";"Dupla";"Reta";"Sim";3;0;1;0;1;1;1;2;-8,80031556;-63,813994;"SPRF-RO";"DEL01-RO";"UOP01-DEL01-RO"
517511;2023-04-17;"segunda-feira";"20:00:00";"MS";163;616,2;"SAO GABRIEL DO OESTE";"Acessar a via sem observar a presença dos outros veículos";"Colisão transversal";"Com Vítimas Feridas";"Plena Noite";"Crescente";"Céu Claro";"Simples";"Reta;Retorno Regulamentado";"Sim";2;0;1;0;1;0;1;2;-19,39073637;-54,57060659;"SPRF-MS";"DEL06-MS";"UOP02-DEL06-MS"
517512;2023-04-17;"segunda-feira";"19:40:00";"MS";262;316,9;"CAMPO GRANDE";"Condutor deixou de manter distância do veículo da frente";"Colisão lateral mesmo sentido";"Com Vítimas Feridas";"Plena Noite";"Crescente";"Céu Claro";"Simples";"Reta";"Não";3;0;0;1;2;0;1;2;-20,46851582;-54,52514592;"SPRF-MS";"DEL01-MS";"UOP01-DEL01-MS"
517514;2023-04-17;"segunda-feira";"21:27:00";"MG";381;375;"SAO GONCALO DO RIO ABAIXO";"Demais falhas mecânicas ou elétricas";"Saída de leito carroçável";"Com Vítimas Feridas";"Plena Noite";"Decrescente";"Céu Claro";"Simples";"Curva";"Não";5;0;4;0;1;0;4;1;-19,8480357;-43,3042491;"SPRF-MG";"DEL01-MG";"UOP01-DEL01-MG"
517515;2023-04-17;"segunda-feira";"13:00:00";"RJ";101;570;"PARATY";"Chuva";"Tombamento";"Com Vítimas Feridas";"Pleno dia";"Decrescente";"Chuva";"Simples";"Curva";"Não";1;0;1;0;0;0;1;1;-23,18216501;-44,71777595;"SPRF-RJ";"DEL03-RJ";"UOP04-DEL03-RJ"
517517;2023-04-17;"segunda-feira";"21:30:00";"CE";116;9;"FORTALEZA";"Condutor deixou de manter distância do veículo da frente";"Colisão traseira";"Sem Vítimas";"Plena Noite";"Decrescente";"Céu Claro";"Múltipla";"Reta";"Sim";2;0;0;0;2;0;0;2;-3,82779096;-38,50486117;"SPRF-CE";"DEL01-CE";"UOP02-DEL01-CE"
517518;2023-04-17;"segunda-feira";"22:00:00";"MG";381;490;"BETIM";"Ausência de reação do condutor";"Tombamento";"Com Vítimas Feridas";"Plena Noite";"Crescente";"Céu Claro";"Dupla";"Reta";"Não";1;0;1;0;0;0;1;1;-19,96502819;-44,17422195;"SPRF-MG";"DEL01-MG";"UOP03-DEL01-MG"
517522;2023-04-17;"segunda-feira";"21:10:00";"RJ";40;110;"DUQUE DE CAXIAS";"Ausência de reação do condutor";"Colisão traseira";"Com Vítimas Feridas";"Plena Noite";"Crescente";"Céu Claro";"Múltipla";"Reta";"Sim";2;0;1;0;0;1;1;2;-22,68289906;-43,28549346;"SPRF-RJ";"DEL01-RJ";"UOP01-DEL01-RJ"
517523;2023-04-17;"segunda-feira";"22:00:00";"SC";470;58,1;"BLUMENAU";"Demais falhas na via";"Tombamento";"Com Vítimas Feridas";"Pleno dia";"Crescente";"Chuva";"Simples";"Reta;Em Obras;Desvio Temporário";"Sim";1;0;0;1;0;0;1;1;-26,883879;-49,145622;"SPRF-SC";"DEL04-SC";"UOP01-DEL04-SC"
517524;2023-04-17;"segunda-feira";"21:05:00";"PR";280;276,8;"FLOR DA SERRA DO SUL";"Transitar na contramão";"Colisão frontal";"Com Vítimas Feridas";"Plena Noite";"Crescente";"Chuva";"Simples";"Curva";"Não";6;0;4;0;2;0;4;3;-26,23825617;-53,18925192;"SPRF-PR";"DEL02-PR";"UOP01-DEL02-PR"
517525;2023-04-17;"segunda-feira";"21:45:00";"RS";392;351,5;"SANTA MARIA";"Manobra de mudança de faixa";"Colisão lateral mesmo sentido";"Sem Vítimas";"Plena Noite";"Crescente";"Céu Claro";"Múltipla";"Reta;Retorno Regulamentado";"Sim";7;0;0;0;7;0;0;2;-29,7284269;-53,80323691;"SPRF-RS";"DEL09-RS";"UOP01-DEL09-RS"
517526;2023-04-17;"segunda-feira";"22:00:00";"SC";280;10;"SAO FRANCISCO DO SUL";"Pedestre andava na pista";"Atropelamento de Pedestre";"Com Vítimas Feridas";"Plena Noite";"Crescente";"Garoa/Chuvisco";"Simples";"Rotatória";"Sim";2;0;1;0;1;0;1;2;-26,29625399;-48,64238799;"SPRF-SC";"DEL03-SC";"UOP03-DEL03-SC"
517527;2023-04-17;"segunda-feira";"22:50:00";"SP";101;45;"UBATUBA";"Transitar na contramão";"Colisão frontal";"Sem Vítimas";"Plena Noite";"Decrescente";"Nublado";"Simples";"Curva";"Sim";2;0;0;0;2;0;0;2;-23,41779396;-45,06788408;"SPRF-SP";"DEL06-SP";"UOP01-DEL06-SP"
517528;2023-04-17;"segunda-feira";"23:10:00";"PR";369;132;"IBIPORA";"Acessar a via sem observar a presença dos outros veículos";"Colisão lateral mesmo sentido";"Com Vítimas Feridas";"Plena Noite";"Crescente";"Garoa/Chuvisco";"Dupla";"Reta;Declive";"Sim";2;0;0;1;0;1;1;2;-23,2607057;-50,9997761;"SPRF-PR";"DEL07-PR";"UOP01-DEL07-PR"
517529;2023-04-17;"segunda-feira";"22:40:00";"PR";376;177,8;"MARINGA";"Ingestão de álcool pelo condutor";"Engavetamento";"Sem Vítimas";"Plena Noite";"Crescente";"Chuva";"Múltipla";"Reta";"Sim";6;0;0;0;6;0;0;5;-23,414835;-51,926155;"SPRF-PR";"DEL09-PR";"UOP01-DEL09-PR"
517530;2023-04-17;"segunda-feira";"22:55:00";"SP";116;271;"TABOAO DA SERRA";"Ausência de reação do condutor";"Colisão traseira";"Com Vítimas Feridas";"Plena Noite";"Crescente";"Céu Claro";"Dupla";"Reta";"Sim";3;0;0;2;1;0;2;2;-23,61809286;-46,80556302;"SPRF-SP";"DEL04-SP";"UOP01-DEL04-SP"
517531;2023-04-17;"segunda-feira";"22:55:00";"PE";104;53;"CARUARU";"Ausência de reação do condutor";"Colisão traseira";"Com Vítimas Feridas";"Plena Noite";"Decrescente";"Céu Claro";"Dupla";"Reta";"Sim";2;0;1;0;0;1;1;2;-8,1837;-35,967;"SPRF-PE";"DEL02-PE";"UOP01-DEL02-PE"
517532;2023-04-17;"segunda-feira";"23:24:00";"GO";50;108,9;"CRISTALINA";"Pedestre andava na pista";"Atropelamento de Pedestre";"Com Vítimas Feridas";"Plena Noite";"Decrescente";"Nublado";"Dupla";"Reta";"Não";4;0;1;0;3;0;1;2;-16,845828;-47,675883;"SPRF-DF";"DEL01-DF";"UOP02-DEL01-DF"
517536;2023-04-17;"segunda-feira";"23:25:00";"GO";153;189,9;"URUACU";"Desrespeitar a preferência no cruzamento";"Colisão transversal";"Com Vítimas Feridas";"Plena Noite";"Crescente";"Nublado";"Simples";"Interseção de Vias";"Sim";2;0;0;1;1;0;1;2;-14,420507;-49,157112;"SPRF-GO";"DEL07-GO";"UOP02-DEL07-GO"
517539;2023-04-18;"terça-feira";"01:30:00";"CE";20;375,4;"CAUCAIA";"Transitar na contramão";"Colisão frontal";"Com Vítimas Fatais";"Plena Noite";"Decrescente";"Céu Claro";"Simples";"Reta";"Não";2;1;0;0;1;0;0;2;-3,950998;-38,874213;"SPRF-CE";"DEL01-CE";"UOP01-DEL01-CE"
517542;2023-04-18;"terça-feira";"04:20:00";"GO";153;508,8;"APARECIDA DE GOIANIA";"Condutor Dormindo";"Tombamento";"Com Vítimas Feridas";"Plena Noite";"Crescente";"Céu Claro";"Simples";"Reta";"Sim";1;0;1;0;0;0;1;1;-16,7804;-49,2371;"SPRF-GO";"DEL01-GO";"UOP03-DEL01-GO"
517544;2023-04-18;"terça-feira";"05:00:00";"RN";304;228;"RIACHUELO";"Animais na Pista";"Colisão frontal";"Sem Vítimas";"Pleno dia";"Decrescente";"Céu Claro";"Simples";"Reta";"Sim";1;0;0;0;1;0;0;1;-5,748617;-35,924877;"SPRF-RN";"DEL01-RN";"UOP02-DEL01-RN"
517545;2023-04-18;"terça-feira";"06:21:00";"GO";60;128;"GOIANAPOLIS";"Avarias e/ou desgaste excessivo no pneu";"Queda de ocupante de veículo";"Com Vítimas Feridas";"Amanhecer";"Decrescente";"Céu Claro";"Dupla";"Reta";"Não";1;0;1;0;0;0;1;1;-16,5498;-49,1518;"SPRF-GO";"DEL01-GO";"UOP01-DEL01-GO"
517547;2023-04-18;"terça-feira";"06:05:00";"GO";153;510;"APARECIDA DE GOIANIA";"Pedestre cruzava a pista fora da faixa";"Atropelamento de Pedestre";"Com Vítimas Fatais";"Amanhecer";"Crescente";"Céu Claro";"Dupla";"Reta";"Sim";2;1;0;1;0;0;1;2;-16,7977;-49,2386;"SPRF-GO";"DEL01-GO";"UOP03-DEL01-GO"