"id";"data_inversa";"dia_semana";"horario";"uf";"br";"km";"municipio";"causa_acidente";"tipo_acidente";"classificacao_acidente";"fase_dia";"sentido_via";"condicao_metereologica";"tipo_pista";"tracado_via";"uso_solo";"pessoas";"mortos";"feridos_leves";"feridos_graves";"ilesos";"ignorados";"feridos";"veiculos";"latitude";"longitude";"regional";"delegacia";"uop"
517549;2023-04-15;"sábado";"02:00:00";"RJ";101;304;"SAO GONCALO";"Ausência de reação do condutor";"Colisão traseira";"Com Vítimas Feridas";"Plena Noite";"Decrescente";"Céu Claro";"Dupla";"Reta";"Não";2;0;1;0;1;0;1;2;-22,78491869;-42,98627706;"SPRF-RJ";"DEL02-RJ";"UOP02-DEL02-RJ"
517550;2023-03-13;"segunda-feira";"13:07:00";"GO";153;491,3;"GOIANIA";"Velocidade Incompatível";"Colisão com objeto";"Com Vítimas Feridas";"Pleno dia";"Decrescente";"Garoa/Chuvisco";"Dupla";"Interseção de Vias";"Sim";1;0;1;0;0;0;1;1;-16,63236777;-49,20500636;"SPRF-GO";"DEL01-GO";"UOP01-DEL01-GO"
517551;2023-04-18;"terça-feira";"03:30:00";"PR";116;34;"CAMPINA GRANDE DO SUL";"Avarias e/ou desgaste excessivo no pneu";"Saída de leito carroçável";"Sem Vítimas";"Plena Noite";"Decrescente";"Garoa/Chuvisco";"Dupla";"Retorno Regulamentado";"Não";1;0;0;0;1;0;0;1;-25,1144852;-48,85377328;"SPRF-PR";"DEL01-PR";"UOP02-DEL01-PR"
517553;2023-04-18;"terça-feira";"07:18:00";"BA";135;173;"BARREIRAS";"Acessar a via sem observar a presença dos outros veículos";"Colisão transversal";"Com Vítimas Feridas";"Pleno dia";"Crescente";"Céu Claro";"Simples";"Reta;Interseção de Vias";"Sim";3;0;1;1;1;0;2;2;-12,11769808;-44,99473399;"SPRF-BA";"DEL08-BA";"UOP04-DEL08-BA"
517554;2023-04-18;"terça-feira";"06:50:00";"PE";408;77,5;"PAUDALHO";"Acessar a via sem observar a presença dos outros veículos";"Colisão lateral mesmo sentido";"Com Vítimas Feridas";"Pleno dia";"Crescente";"Céu Claro";"Dupla";"Reta";"Sim";2;0;0;1;1;0;1;2;-7,92365927;-35,15513418;"SPRF-PE";"DEL01-PE";"UOP01-DEL01-PE"
517558;2023-04-18;"terça-feira";"07:10:00";"PR";153;24;"JACAREZINHO";"Ausência de reação do condutor";"Colisão traseira";"Com Vítimas Feridas";"Pleno dia";"Crescente";"Chuva";"Simples";"Reta";"Não";5;0;2;0;3;0;2;3;-23,18366424;-49,98244728;"SPRF-PR";"DEL07-PR";"UOP04-DEL07-PR"
517559;2023-04-18;"terça-feira";"08:15:00";"RN";101;98;"NATAL";"Condutor deixou de manter distância do veículo da frente";"Colisão traseira";"Sem Vítimas";"Pleno dia";"Crescente";"Sol";"Múltipla";"Reta";"Sim";1;0;0;0;1;0;0;1;-5,86666386;-35,21694303;"SPRF-RN";"DEL01-RN";"UOP01-DEL01-RN"
517560;2023-04-18;"terça-feira";"06:55:00";"MG";381;478,4;"CONTAGEM";"Trafegar com motocicleta (ou similar) entre as faixas";"Colisão traseira";"Com Vítimas Feridas";"Pleno dia";"Decrescente";"Céu Claro";"Dupla";"Reta";"Sim";2;0;1;0;1;0;1;2;-19,95826094;-44,05921101;"SPRF-MG";"DEL01-MG";"UOP03-DEL01-MG"
517562;2023-03-24;"sexta-feira";"18:40:00";"CE";20;363;"MARANGUAPE";"Condutor deixou de manter distância do veículo da frente";"Colisão transversal";"Com Vítimas Feridas";"Plena Noite";"Crescente";"Nublado";"Simples";"Reta";"Não";4;0;0;2;0;2;2;2;-4,00653868;-38,96813711;"SPRF-CE";"DEL02-CE";"UOP01-DEL02-CE"
517563;2023-04-17;"segunda-feira";"18:45:00";"GO";70;315;"JUSSARA";"Ausência de reação do condutor";"Atropelamento de Pedestre";"Com Vítimas Feridas";"Anoitecer";"Decrescente";"Céu Claro";"Dupla";"Reta";"Sim";2;0;1;1;0;0;2;2;-15,8753303;-50,86677616;"SPRF-GO";"DEL04-GO";"UOP02-DEL04-GO"
517564;2023-04-18;"terça-feira";"08:05:00";"SP";116;405,9;"MIRACATU";"Ausência de reação do condutor";"Saída de leito carroçável";"Sem Vítimas";"Pleno dia";"Crescente";"Chuva";"Dupla";"Reta";"Não";1;0;0;0;1;0;0;1;-24,3250391;-47,55598398;"SPRF-SP";"DEL04-SP";"UOP02-DEL04-SP"
517565;2023-04-18;"terça-feira";"06:40:00";"RJ";40;97;"DUQUE DE CAXIAS";"Animais na Pista";"Atropelamento de Animal";"Com Vítimas Feridas";"Amanhecer";"Crescente";"Nublado";"Simples";"Curva;Declive";"Sim";1;0;0;1;0;0;1;1;-22,5740897;-43,273095;"SPRF-RJ";"DEL01-RJ";"UOP01-DEL01-RJ"
517566;2023-04-18;"terça-feira";"08:00:00";"RS";386;392;"TRIUNFO";"Acessar a via sem observar a presença dos outros veículos";"Colisão lateral mesmo sentido";"Sem Vítimas";"Pleno dia";"Crescente";"Céu Claro";"Simples";"Declive";"Não";6;0;0;0;6;0;0;2;-29,704739;-51,654911;"SPRF-RS";"DEL04-RS";"NPF/DEL04-RS"
517568;2023-04-18;"terça-feira";"08:22:00";"SP";116;229;"SAO PAULO";"Manobra de mudança de faixa";"Colisão traseira";"Com Vítimas Feridas";"Pleno dia";"Crescente";"Chuva";"Múltipla";"Reta;Aclive";"Sim";3;0;1;0;2;0;1;2;-23,51291902;-46,57604698;"SPRF-SP";"DEL01-SP";"UOP01-DEL01-SP"
517569;2023-04-18;"terça-feira";"07:45:00";"PB";230;2;"CABEDELO";"Transitar na contramão";"Colisão transversal";"Com Vítimas Feridas";"Pleno dia";"Crescente";"Céu Claro";"Dupla";"Reta";"Sim";2;0;1;0;1;0;1;2;-6,9837;-34,8295;"SPRF-PB";"DEL01-PB";"UOP01-DEL01-PB"
517570;2023-04-18;"terça-feira";"09:15:00";"RS";386;34,2;"FREDERICO WESTPHALEN";"Desrespeitar a preferência no cruzamento";"Colisão transversal";"Com Vítimas Feridas";"Pleno dia";"Decrescente";"Céu Claro";"Simples";"Interseção de Vias;Rotatória";"Sim";2;0;1;0;1;0;1;2;-27,358442;-53,388298;"SPRF-RS";"DEL08-RS";"UOP02-DEL08-RS"
517571;2023-04-18;"terça-feira";"07:15:00";"RJ";465;4;"SEROPEDICA";"Ausência de reação do condutor";"Colisão lateral mesmo sentido";"Com Vítimas Feridas";"Pleno dia";"Decrescente";"Nublado";"Simples";"Reta";"Sim";2;0;1;0;1;0;1;2;-22,740971;-43,705597;"SPRF-RJ";"DEL01-RJ";"UOP03-DEL01-RJ"
517572;2023-04-18;"terça-feira";"08:40:00";"PR";116;142;"MANDIRITUBA";"Reação tardia ou ineficiente do condutor";"Capotamento";"Sem Vítimas";"Pleno dia";"Decrescente";"Chuva";"Simples";"Reta;Aclive";"Não";1;0;0;0;1;0;0;1;-25,7863383;-49,32640314;"SPRF-PR";"DEL01-PR";"UOP03-DEL01-PR"
517573;2023-04-18;"terça-feira";"08:30:00";"SC";101;114,1;"ITAJAI";"Trafegar com motocicleta (ou similar) entre as faixas";"Colisão lateral mesmo sentido";"Com Vítimas Feridas";"Pleno dia";"Crescente";"Nublado";"Múltipla";"Reta";"Sim";2;0;0;1;1;0;1;2;-26,86192886;-48,7286704;"SPRF-SC";"DEL04-SC";"UOP04-DEL04-SC"
517574;2023-04-18;"terça-feira";"08:00:00";"ES";101;415;"CACHOEIRO DE ITAPEMIRIM";"Ausência de reação do condutor";"Colisão traseira";"Com Vítimas Feridas";"Pleno dia";"Crescente";"Céu Claro";"Simples";"Reta";"Sim";3;0;2;0;1;0;2;2;-20,93222599;-41,0792708;"SPRF-ES";"DEL03-ES";"UOP02-DEL03-ES"
517575;2023-04-17;"segunda-feira";"20:00:00";"SC";101;145;"ITAPEMA";"Pedestre cruzava a pista fora da faixa";"Atropelamento de Pedestre";"Com Vítimas Feridas";"Plena Noite";"Crescente";"Chuva";"Dupla";"Interseção de Vias";"Não";2;0;1;0;1;0;1;2;-27,08139206;-48,60130993;"SPRF-SC";"DEL04-SC";"UOP03-DEL04-SC"
517577;2023-04-05;"quarta-feira";"05:59:00";"PR";369;148;"LONDRINA";"Afundamento ou ondulação no pavimento";"Tombamento";"Com Vítimas Feridas";"Amanhecer";"Crescente";"Céu Claro";"Dupla";"Interseção de Vias";"Sim";1;0;0;1;0;0;1;1;-23,29293101;-51,1430043;"SPRF-PR";"DEL07-PR";"UOP01-DEL07-PR"
517578;2023-04-18;"terça-feira";"07:30:00";"PE";101;46;"IGARASSU";"Condutor deixou de manter distância do veículo da frente";"Colisão traseira";"Com Vítimas Feridas";"Pleno dia";"Crescente";"Céu Claro";"Dupla";"Reta";"Sim";2;0;1;0;1;0;1;2;-7,87406004;-34,90588126;"SPRF-PE";"DEL01-PE";"UOP02-DEL01-PE"
517580;2023-04-18;"terça-feira";"08:15:00";"BA";324;517;"FEIRA DE SANTANA";"Reação tardia ou ineficiente do condutor";"Colisão traseira";"Com Vítimas Feridas";"Pleno dia";"Decrescente";"Céu Claro";"Simples";"Reta";"Sim";2;0;1;0;1;0;1;2;-12,25212532;-38,93289506;"SPRF-BA";"DEL02-BA";"UOP01-DEL02-BA"
517582;2023-04-11;"terça-feira";"16:55:00";"PR";369;185;"ARAPONGAS";"Ultrapassagem Indevida";"Colisão lateral mesmo sentido";"Com Vítimas Feridas";"Pleno dia";"Crescente";"Céu Claro";"Simples";"Reta";"Sim";2;0;1;0;1;0;1;2;-23,4132857;-51,4271371;"SPRF-PR";"DEL07-PR";"UOP03-DEL07-PR"
517586;2023-04-18;"terça-feira";"09:15:00";"PR";277;100,8;"CURITIBA";"Reação tardia ou ineficiente do condutor";"Colisão traseira";"Com Vítimas Feridas";"Pleno dia";"Decrescente";"Chuva";"Dupla";"Curva";"Não";4;0;2;0;2;0;2;2;-25,4273719;-49,38151359;"SPRF-PR";"DEL01-PR";"UOP06-DEL01-PR"
517587;2023-04-18;"terça-feira";"10:20:00";"RN";406;62,3;"JANDAIRA";"Desrespeitar a preferência no cruzamento";"Colisão transversal";"Sem Vítimas";"Pleno dia";"Crescente";"Sol";"Dupla";"Interseção de Vias;Reta";"Sim";1;0;0;0;1;0;0;1;-5,35517545;-36,12918922;"SPRF-RN";"DEL02-RN";"UOP01-DEL02-RN"
517588;2023-04-18;"terça-feira";"09:30:00";"PE";104;63,5;"CARUARU";"Condutor deixou de manter distância do veículo da frente";"Colisão lateral mesmo sentido";"Sem Vítimas";"Pleno dia";"Crescente";"Céu Claro";"Simples";"Reta;Viaduto";"Sim";2;0;0;0;2;0;0;2;-8,2698;-35,9803;"SPRF-PE";"DEL02-PE";"UOP01-DEL02-PE"
517593;2023-04-12;"quarta-feira";"17:00:00";"AL";0;0;"ARAPIRACA";"Ingestão de álcool pelo condutor";"Colisão traseira";"Com Vítimas Feridas";"Anoitecer";"Não Informado";"Céu Claro";"Simples";"Declive;Em Obras";"Não";2;0;1;0;1;0;1;2;-9,621581;-36,685713;"SPRF-AL";"DEL03-AL";"UOP01-DEL03-AL"
517594;2023-04-18;"terça-feira";"08:30:00";"RO";364;340;"JI-PARANA";"Reação tardia ou ineficiente do condutor";"Colisão traseira";"Com Vítimas Feridas";"Pleno dia";"Crescente";"Céu Claro";"Dupla";"Interseção de Vias";"Sim";3;0;2;0;0;1;2;2;-10,898802;-61,93046;"SPRF-RO";"DEL02-RO";"UOP01-DEL02-RO"
517595;2023-04-07;"sexta-feira";"23:40:00";"SC";101;311;"LAGUNA";"Acesso irregular";"Saída de leito carroçável";"Com Vítimas Feridas";"Plena Noite";"Decrescente";"Chuva";"Dupla";"Reta";"Não";4;0;1;0;3;0;1;1;-28,42531311;-48,80068884;"SPRF-SC";"DEL02-SC";"UOP01-DEL02-SC"
517596;2023-04-18;"terça-feira";"11:25:00";"ES";101;287;"CARIACICA";"Velocidade Incompatível";"Capotamento";"Com Vítimas Feridas";"Pleno dia";"Crescente";"Céu Claro";"Dupla";"Reta";"Sim";1;0;0;1;0;0;1;1;-20,26493528;-40,38471702;"SPRF-ES";"DEL01-ES";"UOP01-DEL01-ES"
517598;2023-04-18;"terça-feira";"12:10:00";"MG";40;602,9;"CONGONHAS";"Acessar a via sem observar a presença dos outros veículos";"Colisão transversal";"Com Vítimas Feridas";"Pleno dia";"Decrescente";"Céu Claro";"Simples";"Reta;Aclive";"Não";3;0;3;0;0;0;3;2;-20,43679609;-43,84638106;"SPRF-MG";"DEL05-MG";"UOP02-DEL05-MG"
517599;2023-01-19;"quinta-feira";"11:46:00";"PR";376;187;"MARIALVA";"Animais na Pista";"Atropelamento de Animal";"Com Vítimas Feridas";"Pleno dia";"Decrescente";"Céu Claro";"Dupla";"Reta";"Não";1;0;1;0;0;0;1;1;-23,46141044;-51,83659926;"SPRF-PR";"DEL09-PR";"UOP01-DEL09-PR"
517600;2023-04-18;"terça-feira";"09:40:00";"RJ";356;14;"ITAPERUNA";"Pista esburacada";"Saída de leito carroçável";"Sem Vítimas";"Pleno dia";"Decrescente";"Céu Claro";"Simples";"Reta";"Não";1;0;0;0;1;0;0;1;-21,17751067;-42,06761898;"SPRF-RJ";"DEL08-RJ";"UOP03-DEL08-RJ"
517603;2023-04-18;"terça-feira";"12:45:00";"SC";101;370,9;"ICARA";"Condutor Dormindo";"Saída de leito carroçável";"Com Vítimas Feridas";"Pleno dia";"Decrescente";"Céu Claro";"Dupla";"Reta";"Não";2;0;1;0;1;0;1;1;-28,69956788;-49,19239904;"SPRF-SC";"DEL02-SC";"UOP01-DEL02-SC"
517604;2023-04-18;"terça-feira";"13:00:00";"ES";101;121,6;"SOORETAMA";"Ultrapassagem Indevida";"Colisão lateral sentido oposto";"Com Vítimas Feridas";"Pleno dia";"Crescente";"Céu Claro";"Simples";"Reta";"Não";2;0;1;0;0;1;1;2;-19,16016593;-40,08315314;"SPRF-ES";"DEL04-ES";"UOP01-DEL04-ES"
517605;2023-04-18;"terça-feira";"09:30:00";"RJ";493;23;"MAGE";"Frear bruscamente";"Tombamento";"Com Vítimas Feridas";"Pleno dia";"Decrescente";"Nublado";"Simples";"Reta";"Não";1;0;1;0;0;0;1;1;-22,65705297;-43,061742;"SPRF-RJ";"DEL04-RJ";"UOP02-DEL04-RJ"
517608;2023-04-18;"terça-feira";"09:15:00";"PR";116;115;"CURITIBA";"Reação tardia ou ineficiente do condutor";"Tombamento";"Com Vítimas Feridas";"Pleno dia";"Decrescente";"Nublado";"Múltipla";"Reta";"Sim";3;0;2;0;0;1;2;2;-25,55953326;-49,26560414;"SPRF-PR";"DEL01-PR";"UOP07-DEL01-PR"
517609;2023-04-18;"terça-feira";"12:30:00";"ES";101;257;"SERRA";"Reação tardia ou ineficiente do condutor";"Colisão traseira";"Sem Vítimas";"Pleno dia";"Decrescente";"Céu Claro";"Simples";"Reta";"Sim";2;0;0;0;2;0;0;2;-20,103168;-40,3341312;"SPRF-ES";"DEL02-ES";"UOP01-DEL02-ES"
517610;2023-04-14;"sexta-feira";"17:40:00";"MG";262;608;"CAMPOS ALTOS";"Demais falhas na via";"Saída de leito carroçável";"Com Vítimas Feridas";"Anoitecer";"Crescente";"Chuva";"Simples";"Reta";"Não";8;0;1;0;7;0;1;1;-19,61802014;-46,27554711;"SPRF-MG";"DEL08-MG";"UOP02-DEL08-MG"
517612;2023-04-18;"terça-feira";"13:10:00";"SP";116;108;"TAUBATE";"Velocidade Incompatível";"Colisão com objeto";"Com Vítimas Feridas";"Pleno dia";"Decrescente";"Nublado";"Dupla";"Declive;Reta";"Sim";1;0;1;0;0;0;1;1;-23,02845533;-45,54446624;"SPRF-SP";"DEL02-SP";"UOP02-DEL02-SP"
517613;2023-04-18;"terça-feira";"13:40:00";"SP";116;228;"SAO PAULO";"Reação tardia ou ineficiente do condutor";"Colisão lateral mesmo sentido";"Com Vítimas Feridas";"Pleno dia";"Crescente";"Garoa/Chuvisco";"Múltipla";"Reta";"Sim";2;0;1;0;1;0;1;2;-23,50343484;-46,56638712;"SPRF-SP";"DEL01-SP";"UOP01-DEL01-SP"
517614;2023-04-18;"terça-feira";"13:40:00";"PB";230;463,8;"SOUSA";"Ingestão de álcool pelo condutor";"Tombamento";"Com Vítimas Feridas";"Pleno dia";"Decrescente";"Céu Claro";"Simples";"Reta";"Sim";1;0;1;0;0;0;1;1;-6,7783;-38,2256;"SPRF-PB";"DEL03-PB";"UOP03-DEL03-PB"
517615;2023-04-18;"terça-feira";"13:15:00";"SP";381;23;"BRAGANCA PAULISTA";"Reação tardia ou ineficiente do condutor";"Engavetamento";"Sem Vítimas";"Pleno dia";"Decrescente";"Chuva";"Dupla";"Reta";"Não";5;0;0;0;5;0;0;3;-23,007338;-46,521393;"SPRF-SP";"DEL03-SP";"UOP02-DEL03-SP"
517617;2023-04-18;"terça-feira";"14:00:00";"MG";262;393;"PARA DE MINAS";"Reação tardia ou ineficiente do condutor";"Capotamento";"Com Vítimas Feridas";"Pleno dia";"Crescente";"Céu Claro";"Dupla";"Reta;Declive";"Não";2;0;1;0;1;0;1;1;-19,918104;-44,481613;"SPRF-MG";"DEL01-MG";"UOP03-DEL01-MG"
517618;2023-04-18;"terça-feira";"14:37:00";"MA";316;267;"SANTA INES";"Acessar a via sem observar a presença dos outros veículos";"Colisão transversal";"Com Vítimas Feridas";"Pleno dia";"Decrescente";"Sol";"Simples";"Reta";"Sim";2;0;0;1;1;0;1;2;-3,686531;-45,339451;"SPRF-MA";"DEL02-MA";"UOP01-DEL02-MA"
517620;2023-04-18;"terça-feira";"11:00:00";"MT";163;1048;"MATUPA";"Ausência de reação do condutor";"Colisão lateral mesmo sentido";"Com Vítimas Feridas";"Pleno dia";"Decrescente";"Céu Claro";"Simples";"Reta";"Não";2;0;1;0;1;0;1;2;-10,22135189;-54,97106016;"SPRF-MT";"DEL06-MT";"UOP03-DEL06-MT"
517621;2023-01-12;"quinta-feira";"08:54:00";"PR";369;34;"ANDIRA";"Ultrapassagem Indevida";"Tombamento";"Com Vítimas Feridas";"Pleno dia";"Crescente";"Céu Claro";"Simples";"Reta";"Não";2;0;0;1;0;1;1;2;-23,02875984;-50,20835102;"SPRF-PR";"DEL07-PR";"UOP05-DEL07-PR"
517622;2023-04-18;"terça-feira";"11:00:00";"RJ";465;4;"SEROPEDICA";"Entrada inopinada do pedestre";"Atropelamento de Pedestre";"Com Vítimas Feridas";"Pleno dia";"Decrescente";"Céu Claro";"Simples";"Reta;Em Obras";"Sim";2;0;2;0;0;0;2;2;-22,740971;-43,705597;"SPRF-RJ";"DEL01-RJ";"UOP03-DEL01-RJ"
517624;2023-04-18;"terça-feira";"12:50:00";"RO";364;346;"JI-PARANA";"Manobra de mudança de faixa";"Colisão lateral mesmo sentido";"Com Vítimas Feridas";"Pleno dia";"Decrescente";"Céu Claro";"Múltipla";"Reta";"Sim";2;0;1;0;1;0;1;2;-10,865874;-61,968647;"SPRF-RO";"DEL02-RO";"UOP01-DEL02-RO"
517629;2023-04-18;"terça-feira";"11:40:00";"AM";174;928;"MANAUS";"Reação tardia ou ineficiente do condutor";"Tombamento";"Com Vítimas Feridas";"Pleno dia";"Decrescente";"Chuva";"Simples";"Reta;Aclive";"Não";1;0;0;1;0;0;1;1;-2,59031258;-60,03400959;"SPRF-AM";"DEL01-AM";"UOP01-DEL01-AM"
517630;2023-04-10;"segunda-feira";"19:40:00";"MG";365;0;"MONTES CLAROS";"Ausência de reação do condutor";"Colisão lateral mesmo sentido";"Com Vítimas Feridas";"Plena Noite";"Crescente";"Céu Claro";"Simples";"Reta";"Não";3;0;1;0;1;1;1;3;-16,76630366;-43,88375413;"SPRF-MG";"DEL12-MG";"UOP01-DEL12-MG"
517631;2023-04-18;"terça-feira";"15:15:00";"PR";376;471,5;"PONTA GROSSA";"Acumulo de água sobre o pavimento";"Saída de leito carroçável";"Sem Vítimas";"Pleno dia";"Crescente";"Chuva";"Dupla";"Curva";"Não";1;0;0;0;1;0;0;1;-25,02483124;-50,32444775;"SPRF-PR";"DEL03-PR";"UOP01-DEL03-PR"
517632;2023-04-18;"terça-feira";"16:10:00";"GO";414;302;"VILA PROPICIO";"Demais falhas mecânicas ou elétricas";"Saída de leito carroçável";"Com Vítimas Feridas";"Pleno dia";"Decrescente";"Céu Claro";"Simples";"Reta";"Não";1;0;0;1;0;0;1;1;-15,20091703;-48,70185812;"SPRF-GO";"DEL02-GO";"UOP01-DEL02-GO"
517633;2023-04-18;"terça-feira";"15:10:00";"SP";116;511;"CAJATI";"Reação tardia ou ineficiente do condutor";"Tombamento";"Com Vítimas Feridas";"Pleno dia";"Decrescente";"Chuva";"Dupla";"Curva";"Não";1;0;1;0;0;0;1;1;-24,83558399;-48,2223738;"SPRF-SP";"DEL05-SP";"UOP02-DEL05-SP"
517636;2023-04-18;"terça-feira";"16:45:00";"SP";116;435;"REGISTRO";"Acumulo de água sobre o pavimento";"Saída de leito carroçável";"Com Vítimas Feridas";"Anoitecer";"Decrescente";"Chuva";"Dupla";"Reta";"Não";2;0;2;0;0;0;2;1;-24,42978592;-47,78559107;"SPRF-SP";"DEL05-SP";"UOP01-DEL05-SP"
517637;2023-04-18;"terça-feira";"13:00:00";"RJ";116;304;"RESENDE";"Velocidade Incompatível";"Queda de ocupante de veículo";"Com Vítimas Feridas";"Pleno dia";"Crescente";"Chuva";"Dupla";"Reta;Retorno Regulamentado";"Não";1;0;0;1;0;0;1;1;-22,4550412;-44,38649998;"SPRF-RJ";"DEL07-RJ";"UOP02-DEL07-RJ"
517639;2023-04-07;"sexta-feira";"09:50:00";"SC";470;157;"AGRONOMICA";"Chuva";"Colisão frontal";"Com Vítimas Feridas";"Pleno dia";"Crescente";"Chuva";"Simples";"Curva";"Não";5;0;2;0;3;0;2;2;-27,285425;-49,76881;"SPRF-SC";"DEL04-SC";"UOP02-DEL04-SC"
517641;2023-04-18;"terça-feira";"15:30:00";"MG";381;368;"SAO GONCALO DO RIO ABAIXO";"Acessar a via sem observar a presença dos outros veículos";"Colisão lateral mesmo sentido";"Com Vítimas Feridas";"Pleno dia";"Crescente";"Céu Claro";"Simples";"Reta";"Não";3;0;1;0;2;0;1;2;-19,849436;-43,254354;"SPRF-MG";"DEL03-MG";"UOP01-DEL03-MG"
517644;2023-04-18;"terça-feira";"17:10:00";"PR";116;6;"CAMPINA GRANDE DO SUL";"Acesso irregular";"Colisão transversal";"Com Vítimas Feridas";"Pleno dia";"Crescente";"Garoa/Chuvisco";"Dupla";"Reta;Interseção de Vias";"Sim";2;0;1;0;1;0;1;2;-25,36619639;-49,09791296;"SPRF-PR";"DEL01-PR";"UOP02-DEL01-PR"
517645;2023-04-18;"terça-feira";"16:50:00";"GO";153;423,1;"ANAPOLIS";"Reação tardia ou ineficiente do condutor";"Saída de leito carroçável";"Com Vítimas Feridas";"Pleno dia";"Decrescente";"Céu Claro";"Dupla";"Reta";"Não";1;0;1;0;0;0;1;1;-16,20509;-49,021236;"SPRF-GO";"DEL02-GO";"UOP01-DEL02-GO"
517647;2023-04-18;"terça-feira";"13:00:00";"RJ";40;78;"PETROPOLIS";"Velocidade Incompatível";"Saída de leito carroçável";"Com Vítimas Feridas";"Pleno dia";"Crescente";"Chuva";"Dupla";"Curva";"Não";1;0;1;0;0;0;1;1;-22,48485874;-43,22843406;"SPRF-RJ";"DEL06-RJ";"UOP01-DEL06-RJ"
517648;2023-04-18;"terça-feira";"17:25:00";"PR";476;155,4;"ARAUCARIA";"Desrespeitar a preferência no cruzamento";"Colisão transversal";"Com Vítimas Feridas";"Pleno dia";"Crescente";"Chuva";"Múltipla";"Declive;Reta";"Sim";2;0;1;0;1;0;1;2;-25,590897;-49,410622;"SPRF-PR";"DEL01-PR";"UOP06-DEL01-PR"
517649;2023-04-18;"terça-feira";"17:10:00";"MS";262;7,3;"TRES LAGOAS";"Ausência de reação do condutor";"Colisão traseira";"Com Vítimas Feridas";"Anoitecer";"Decrescente";"Garoa/Chuvisco";"Dupla";"Reta";"Sim";5;0;2;0;3;0;2;2;-20,79546627;-51,6809535;"SPRF-MS";"DEL07-MS";"UOP01-DEL07-MS"
517652;2023-04-18;"terça-feira";"16:45:00";"RO";319;58;"PORTO VELHO";"Pedestre andava na pista";"Atropelamento de Pedestre";"Com Vítimas Feridas";"Pleno dia";"Decrescente";"Céu Claro";"Dupla";"Reta";"Sim";2;0;2;0;0;0;2;2;-8,742984;-63,909463;"SPRF-RO";"DEL01-RO";"UOP01-DEL01-RO"
517653;2023-04-18;"terça-feira";"18:05:00";"RJ";101;478;"ANGRA DOS REIS";"Retorno proibido";"Colisão transversal";"Com Vítimas Feridas";"Anoitecer";"Decrescente";"Chuva";"Simples";"Reta;Aclive";"Não";3;0;1;0;2;0;1;2;-23,00449763;-44,27619517;"SPRF-RJ";"DEL03-RJ";"UOP03-DEL03-RJ"
517654;2023-04-18;"terça-feira";"18:08:00";"ES";101;268;"SERRA";"Trafegar com motocicleta (ou similar) entre as faixas";"Colisão lateral mesmo sentido";"Com Vítimas Feridas";"Plena Noite";"Decrescente";"Nublado";"Múltipla";"Reta";"Sim";3;0;1;0;1;1;1;3;-20,19930999;-40,26884609;"SPRF-ES";"DEL02-ES";"UOP01-DEL02-ES"
517655;2023-04-18;"terça-feira";"18:35:00";"SP";116;148,8;"SAO JOSE DOS CAMPOS";"Condutor deixou de manter distância do veículo da frente";"Colisão lateral mesmo sentido";"Com Vítimas Feridas";"Plena Noite";"Decrescente";"Céu Claro";"Múltipla";"Reta";"Sim";3;0;0;1;2;0;1;3;-23,206596;-45,886026;"SPRF-SP";"DEL02-SP";"UOP01-DEL02-SP"
517657;2023-04-18;"terça-feira";"18:20:00";"SP";116;79;"ROSEIRA";"Chuva";"Tombamento";"Com Vítimas Feridas";"Plena Noite";"Decrescente";"Chuva";"Dupla";"Reta";"Não";1;0;1;0;0;0;1;1;-22,89420903;-45,29471098;"SPRF-SP";"DEL08-SP";"UOP01-DEL08-SP"
517658;2023-04-18;"terça-feira";"18:30:00";"RS";386;373;"FAZENDA VILANOVA";"Pista Escorregadia";"Saída de leito carroçável";"Sem Vítimas";"Plena Noite";"Crescente";"Céu Claro";"Simples";"Curva";"Não";3;0;0;0;3;0;0;1;-29,610334;-51,804359;"SPRF-RS";"DEL04-RS";"NPF/DEL04-RS"
517659;2023-04-18;"terça-feira";"18:40:00";"GO";40;5;"VALPARAISO DE GOIAS";"Condutor deixou de manter distância do veículo da frente";"Colisão lateral mesmo sentido";"Com Vítimas Feridas";"Plena Noite";"Crescente";"Céu Claro";"Dupla";"Reta";"Sim";2;0;1;0;1;0;1;2;-16,093134;-47,982236;"SPRF-DF";"DEL01-DF";"UOP01-DEL01-DF"
517660;2023-04-18;"terça-feira";"17:48:00";"DF";20;16;"BRASILIA";"Velocidade Incompatível";"Capotamento";"Com Vítimas Feridas";"Anoitecer";"Crescente";"Céu Claro";"Dupla";"Reta";"Não";4;0;0;2;2;0;2;1;-15,625675;-47,725159;"SPRF-DF";"DEL02-DF";"UOP01-DEL02-DF"
517661;2023-04-18;"terça-feira";"19:00:00";"PR";376;305;"MAUA DA SERRA";"Velocidade Incompatível";"Saída de leito carroçável";"Com Vítimas Feridas";"Plena Noite";"Decrescente";"Garoa/Chuvisco";"Simples";"Curva";"Não";2;0;1;0;1;0;1;1;-23,96167303;-51,11499389;"SPRF-PR";"DEL07-PR";"UOP02-DEL07-PR"
517663;2023-04-18;"terça-feira";"19:00:00";"RS";158;316;"SANTA MARIA";"Transitar na contramão";"Colisão frontal";"Com Vítimas Feridas";"Plena Noite";"Crescente";"Céu Claro";"Múltipla";"Curva;Aclive";"Não";3;0;2;0;0;1;2;3;-29,65231057;-53,76503707;"SPRF-RS";"DEL09-RS";"UOP01-DEL09-RS"