"id";"data_inversa";"dia_semana";"horario";"uf";"br";"km";"municipio";"causa_acidente";"tipo_acidente";"classificacao_acidente";"fase_dia";"sentido_via";"condicao_metereologica";"tipo_pista";"tracado_via";"uso_solo";"pessoas";"mortos";"feridos_leves";"feridos_graves";"ilesos";"ignorados";"feridos";"veiculos";"latitude";"longitude";"regional";"delegacia";"uop"
517664;2023-04-18;"terça-feira";"18:00:00";"PB";427;36;"POMBAL";"Acessar a via sem observar a presença dos outros veículos";"Colisão transversal";"Com Vítimas Feridas";"Plena Noite";"Crescente";"Céu Claro";"Simples";"Reta";"Sim";2;0;0;1;0;1;1;2;-6,76136692;-37,78089203;"SPRF-PB";"DEL03-PB";"UOP02-DEL03-PB"
517667;2023-04-18;"terça-feira";"18:35:00";"SP";101;51;"UBATUBA";"Acessar a via sem observar a presença dos outros veículos";"Colisão transversal";"Com Vítimas Feridas";"Plena Noite";"Decrescente";"Chuva";"Simples";"Reta";"Não";2;0;1;0;0;1;1;2;-23,45627795;-45,07111896;"SPRF-SP";"DEL06-SP";"UOP01-DEL06-SP"
517668;2023-04-18;"terça-feira";"14:00:00";"PR";476;99;"BOCAIUVA DO SUL";"Reação tardia ou ineficiente do condutor";"Colisão frontal";"Com Vítimas Feridas";"Pleno dia";"Crescente";"Chuva";"Simples";"Curva";"Não";3;0;3;0;0;0;3;2;-25,245237;-49,132404;"SPRF-PR";"DEL01-PR";"UOP01-DEL01-PR"
517670;2023-04-18;"terça-feira";"18:50:00";"PA";10;16;"DOM ELISEU";"Desrespeitar a preferência no cruzamento";"Colisão transversal";"Com Vítimas Feridas";"Plena Noite";"Decrescente";"Céu Claro";"Simples";"Reta";"Sim";2;0;0;1;1;0;1;2;-4,315153;-47,553822;"SPRF-PA";"DEL02-PA";"UOP02-DEL02-PA"
517672;2023-04-18;"terça-feira";"18:50:00";"GO";414;436,6;"ANAPOLIS";"Entrada inopinada do pedestre";"Atropelamento de Pedestre";"Com Vítimas Feridas";"Anoitecer";"Decrescente";"Céu Claro";"Simples";"Reta";"Não";2;0;1;1;0;0;2;2;-16,2497809;-48,93499374;"SPRF-GO";"DEL02-GO";"UOP01-DEL02-GO"
517674;2023-04-18;"terça-feira";"18:40:00";"RJ";40;92;"PETROPOLIS";"Ausência de reação do condutor";"Colisão com objeto";"Sem Vítimas";"Plena Noite";"Decrescente";"Nublado";"Simples";"Curva";"Não";2;0;0;0;2;0;0;1;-22,55191954;-43,25068815;"SPRF-RJ";"DEL06-RJ";"UOP01-DEL06-RJ"
517675;2023-04-18;"terça-feira";"16:20:00";"PB";230;474;"SOUSA";"Reação tardia ou ineficiente do condutor";"Saída de leito carroçável";"Sem Vítimas";"Pleno dia";"Decrescente";"Céu Claro";"Simples";"Reta";"Não";1;0;0;0;0;1;0;1;-6,83235198;-38,31619263;"SPRF-PB";"DEL03-PB";"UOP03-DEL03-PB"
517676;2023-04-18;"terça-feira";"19:00:00";"RS";470;285,8;"MONTENEGRO";"Ausência de reação do condutor";"Colisão traseira";"Com Vítimas Feridas";"Plena Noite";"Crescente";"Céu Claro";"Simples";"Declive;Reta";"Não";2;0;1;0;1;0;1;2;-29,63478984;-51,46930678;"SPRF-RS";"DEL04-RS";"UOP02-DEL04-RS"
517677;2023-04-18;"terça-feira";"19:40:00";"RS";116;268,3;"CANOAS";"Falta de acostamento";"Colisão traseira";"Com Vítimas Feridas";"Plena Noite";"Crescente";"Céu Claro";"Dupla";"Reta";"Sim";3;0;0;1;2;0;1;2;-29,9531992;-51,1765025;"SPRF-RS";"DEL01-RS";"UOP01-DEL01-RS"
517678;2023-04-18;"terça-feira";"20:10:00";"PR";116;115;"CURITIBA";"Reação tardia ou ineficiente do condutor";"Colisão traseira";"Sem Vítimas";"Plena Noite";"Decrescente";"Nublado";"Múltipla";"Reta";"Sim";4;0;0;0;4;0;0;2;-25,55953326;-49,26560414;"SPRF-PR";"DEL01-PR";"UOP07-DEL01-PR"
517679;2023-04-18;"terça-feira";"19:00:00";"PI";343;46;"BURITI DOS LOPES";"Animais na Pista";"Atropelamento de Animal";"Com Vítimas Feridas";"Plena Noite";"Crescente";"Garoa/Chuvisco";"Simples";"Reta";"Não";1;0;1;0;0;0;1;1;-3,16904;-41,861897;"SPRF-PI";"DEL05-PI";"UOP01-DEL05-PI"
517680;2023-04-18;"terça-feira";"18:50:00";"MG";50;185;"UBERABA";"Ausência de reação do condutor";"Tombamento";"Com Vítimas Feridas";"Plena Noite";"Crescente";"Céu Claro";"Dupla";"Reta";"Não";1;0;1;0;0;0;1;1;-19,814558;-47,897625;"SPRF-MG";"DEL13-MG";"UOP01-DEL13-MG"
517683;2023-04-18;"terça-feira";"20:00:00";"SP";381;41;"ATIBAIA";"Reação tardia ou ineficiente do condutor";"Colisão traseira";"Com Vítimas Feridas";"Plena Noite";"Crescente";"Chuva";"Dupla";"Reta";"Sim";2;0;1;0;1;0;1;2;-23,13863999;-46,57584088;"SPRF-SP";"DEL03-SP";"UOP01-DEL03-SP"
517686;2023-04-18;"terça-feira";"19:30:00";"SP";381;71;"MAIRIPORA";"Pedestre cruzava a pista fora da faixa";"Atropelamento de Pedestre";"Com Vítimas Feridas";"Plena Noite";"Decrescente";"Chuva";"Dupla";"Curva;Declive";"Não";2;0;1;0;1;0;1;2;-23,35047979;-46,55267274;"SPRF-SP";"DEL03-SP";"UOP01-DEL03-SP"
517689;2023-04-18;"terça-feira";"20:20:00";"SC";101;247,9;"PAULO LOPES";"Animais na Pista";"Atropelamento de Animal";"Com Vítimas Feridas";"Plena Noite";"Decrescente";"Nublado";"Múltipla";"Reta";"Não";6;0;3;2;0;1;5;3;-27,91824491;-48,65414317;"SPRF-SC";"DEL02-SC";"UOP03-DEL02-SC"
517690;2023-04-18;"terça-feira";"16:00:00";"RS";290;93;"PORTO ALEGRE";"Reação tardia ou ineficiente do condutor";"Colisão lateral mesmo sentido";"Com Vítimas Feridas";"Pleno dia";"Crescente";"Céu Claro";"Múltipla";"Reta";"Não";2;0;1;0;1;0;1;2;-29,970839;-51,187725;"SPRF-RS";"DEL01-RS";"UOP01-DEL01-RS"
517692;2023-04-18;"terça-feira";"18:50:00";"RO";364;345;"JI-PARANA";"Reação tardia ou ineficiente do condutor";"Colisão transversal";"Com Vítimas Feridas";"Plena Noite";"Crescente";"Céu Claro";"Dupla";"Reta;Interseção de Vias";"Sim";3;0;0;1;1;1;1;3;-10,8688113;-61,9601791;"SPRF-RO";"DEL02-RO";"UOP01-DEL02-RO"
517693;2023-04-18;"terça-feira";"20:00:00";"SP";116;278,5;"EMBU DAS ARTES";"Pista Escorregadia";"Engavetamento";"Sem Vítimas";"Plena Noite";"Crescente";"Chuva";"Dupla";"Reta";"Não";3;0;0;0;3;0;0;3;-23,65508497;-46,84918605;"SPRF-SP";"DEL04-SP";"UOP01-DEL04-SP"
517694;2023-04-14;"sexta-feira";"22:30:00";"SC";280;134;"RIO NEGRINHO";"Animais na Pista";"Atropelamento de Animal";"Sem Vítimas";"Plena Noite";"Decrescente";"Garoa/Chuvisco";"Simples";"Reta";"Não";4;0;0;0;4;0;0;1;-26,27250478;-49,5633014;"SPRF-SC";"DEL06-SC";"UOP03-DEL06-SC"
517696;2023-04-18;"terça-feira";"18:55:00";"RJ";393;283,6;"VOLTA REDONDA";"Acessar a via sem observar a presença dos outros veículos";"Colisão transversal";"Com Vítimas Feridas";"Plena Noite";"Crescente";"Chuva";"Simples";"Reta";"Não";3;0;1;0;2;0;1;2;-22,47606388;-44,04976392;"SPRF-RJ";"DEL05-RJ";"UOP04-DEL05-RJ"
517697;2023-04-18;"terça-feira";"20:00:00";"SC";101;96,7;"BARRA VELHA";"Reação tardia ou ineficiente do condutor";"Tombamento";"Com Vítimas Feridas";"Plena Noite";"Crescente";"Garoa/Chuvisco";"Dupla";"Reta";"Não";1;0;1;0;0;0;1;1;-26,71939376;-48,70234966;"SPRF-SC";"DEL03-SC";"UOP02-DEL03-SC"
517700;2023-04-10;"segunda-feira";"19:00:00";"PR";476;107;"COLOMBO";"Ausência de reação do condutor";"Colisão com objeto";"Com Vítimas Feridas";"Pleno dia";"Decrescente";"Céu Claro";"Simples";"Reta";"Não";2;0;2;0;0;0;2;1;-25,292171;-49,15197;"SPRF-PR";"DEL01-PR";"UOP01-DEL01-PR"
517702;2023-04-18;"terça-feira";"22:20:00";"ES";101;295,5;"CARIACICA";"Animais na Pista";"Atropelamento de Animal";"Com Vítimas Feridas";"Plena Noite";"Crescente";"Céu Claro";"Múltipla";"Reta";"Sim";1;0;1;0;0;0;1;1;-20,33223667;-40,40004683;"SPRF-ES";"DEL01-ES";"UOP01-DEL01-ES"
517705;2023-04-18;"terça-feira";"20:04:00";"SC";0;0;"PAPANDUVA";"Pedestre andava na pista";"Atropelamento de Pedestre";"Com Vítimas Feridas";"Plena Noite";"Não Informado";"Céu Claro";"Simples";"Reta";"Sim";2;0;0;1;1;0;1;2;-26,39440685;-50,16709328;"SPRF-SC";"DEL06-SC";"UOP02-DEL06-SC"
517707;2023-04-18;"terça-feira";"22:15:00";"RJ";116;173;"SAO JOAO DE MERITI";"Ausência de reação do condutor";"Colisão com objeto";"Com Vítimas Feridas";"Plena Noite";"Crescente";"Céu Claro";"Múltipla";"Reta";"Sim";1;0;1;0;0;0;1;1;-22,79810324;-43,35726614;"SPRF-RJ";"DEL01-RJ";"UOP02-DEL01-RJ"
517708;2023-04-18;"terça-feira";"23:05:00";"RJ";356;36;"ITAPERUNA";"Conversão proibida";"Colisão frontal";"Com Vítimas Feridas";"Plena Noite";"Decrescente";"Céu Claro";"Simples";"Reta";"Sim";2;0;1;0;1;0;1;2;-21,21399756;-41,87815475;"SPRF-RJ";"DEL08-RJ";"UOP03-DEL08-RJ"
517715;2023-04-18;"terça-feira";"23:30:00";"SP";0;0;"FRANCO DA ROCHA";"Chuva";"Saída de leito carroçável";"Sem Vítimas";"Plena Noite";"Não Informado";"Chuva";"Dupla";"Curva";"Não";1;0;0;0;1;0;0;1;-23,293265;-46,8430811;"SPRF-SP";"DEL09-SP";"UOP01-DEL09-SP"
517716;2023-04-19;"quarta-feira";"00:30:00";"SP";116;211;"GUARULHOS";"Reação tardia ou ineficiente do condutor";"Colisão com objeto";"Sem Vítimas";"Plena Noite";"Decrescente";"Garoa/Chuvisco";"Múltipla";"Reta";"Sim";1;0;0;0;0;1;0;1;-23,4324306;-46,4194352;"SPRF-SP";"DEL01-SP";"UOP01-DEL01-SP"
517717;2023-04-18;"terça-feira";"16:00:00";"TO";153;349;"FORTALEZA DO TABOCAO";"Reação tardia ou ineficiente do condutor";"Colisão traseira";"Sem Vítimas";"Pleno dia";"Decrescente";"Céu Claro";"Simples";"Reta";"Não";2;0;0;0;2;0;0;1;-8,96953304;-48,49501569;"SPRF-TO";"DEL02-TO";"UOP02-DEL02-TO"
517720;2023-04-19;"quarta-feira";"00:15:00";"SP";116;90,4;"PINDAMONHANGABA";"Ingestão de álcool pelo condutor";"Saída de leito carroçável";"Com Vítimas Feridas";"Plena Noite";"Decrescente";"Chuva";"Dupla";"Reta";"Não";1;0;1;0;0;0;1;1;-22,94361839;-45,3873088;"SPRF-SP";"DEL08-SP";"UOP01-DEL08-SP"
517722;2023-04-18;"terça-feira";"23:58:00";"RO";364;496;"ARIQUEMES";"Reação tardia ou ineficiente do condutor";"Tombamento";"Com Vítimas Feridas";"Plena Noite";"Crescente";"Nublado";"Simples";"Reta";"Não";1;0;0;1;0;0;1;1;-10,06422899;-62,97402181;"SPRF-RO";"DEL03-RO";"UOP01-DEL03-RO"
517724;2023-04-19;"quarta-feira";"03:40:00";"SC";280;231;"CANOINHAS";"Reação tardia ou ineficiente do condutor";"Tombamento";"Com Vítimas Feridas";"Plena Noite";"Decrescente";"Nublado";"Simples";"Rotatória";"Sim";1;0;0;1;0;0;1;1;-26,18980993;-50,37522381;"SPRF-SC";"DEL06-SC";"UOP04-DEL06-SC"
517725;2023-04-19;"quarta-feira";"02:30:00";"RS";116;78,8;"CAMPESTRE DA SERRA";"Condutor Dormindo";"Saída de leito carroçável";"Com Vítimas Feridas";"Plena Noite";"Crescente";"Chuva";"Simples";"Curva";"Não";2;0;1;1;0;0;2;1;-28,78519606;-51,09862221;"SPRF-RS";"DEL05-RS";"UOP03-DEL05-RS"
517727;2023-04-19;"quarta-feira";"04:00:00";"SP";116;223,2;"GUARULHOS";"Ausência de reação do condutor";"Colisão traseira";"Com Vítimas Feridas";"Plena Noite";"Crescente";"Nublado";"Múltipla";"Reta";"Não";2;0;1;0;1;0;1;2;-23,47559815;-46,5246609;"SPRF-SP";"DEL01-SP";"UOP01-DEL01-SP"
517728;2023-04-19;"quarta-feira";"04:20:00";"MG";267;211,7;"BOM JARDIM DE MINAS";"Transitar na contramão";"Colisão frontal";"Com Vítimas Fatais";"Plena Noite";"Decrescente";"Nublado";"Simples";"Reta";"Não";10;1;1;1;7;0;2;2;-21,94672292;-44,17612301;"SPRF-MG";"DEL05-MG";"UOP01-DEL05-MG"
517729;2023-04-19;"quarta-feira";"01:15:00";"SP";153;108;"JOSE BONIFACIO";"Reação tardia ou ineficiente do condutor";"Colisão com objeto";"Sem Vítimas";"Plena Noite";"Crescente";"Chuva";"Dupla";"Curva";"Sim";2;0;0;0;0;2;0;1;-21,07208391;-49,66656517;"SPRF-SP";"DEL09-SP";"UOP01-DEL09-SP"
517731;2023-04-19;"quarta-feira";"05:20:00";"RN";101;108;"PARNAMIRIM";"Pedestre cruzava a pista fora da faixa";"Atropelamento de Pedestre";"Com Vítimas Fatais";"Amanhecer";"Decrescente";"Céu Claro";"Dupla";"Reta";"Sim";3;1;0;2;0;0;2;2;-5,920436;-35,264556;"SPRF-RN";"DEL01-RN";"UOP01-DEL01-RN"
517732;2023-04-19;"quarta-feira";"06:00:00";"RN";101;83,4;"SAO GONCALO DO AMARANTE";"Manobra de mudança de faixa";"Colisão lateral mesmo sentido";"Com Vítimas Feridas";"Pleno dia";"Crescente";"Céu Claro";"Dupla";"Reta";"Sim";2;0;1;0;0;1;1;2;-5,7710445;-35,26616981;"SPRF-RN";"DEL02-RN";"UOP01-DEL02-RN"
517734;2023-04-19;"quarta-feira";"05:39:00";"SP";116;131;"CACAPAVA";"Ultrapassagem Indevida";"Colisão lateral mesmo sentido";"Com Vítimas Feridas";"Amanhecer";"Crescente";"Chuva";"Dupla";"Reta";"Sim";2;0;2;0;0;0;2;2;-23,12742083;-45,73636609;"SPRF-SP";"DEL02-SP";"UOP02-DEL02-SP"
517736;2023-04-19;"quarta-feira";"04:00:00";"PR";376;596;"CURITIBA";"Demais falhas mecânicas ou elétricas";"Incêndio";"Sem Vítimas";"Pleno dia";"Crescente";"Céu Claro";"Dupla";"Declive;Reta";"Sim";1;0;0;0;0;1;0;1;-25,50194708;-49,3415524;"SPRF-PR";"DEL01-PR";"UOP06-DEL01-PR"
517737;2023-04-19;"quarta-feira";"03:50:00";"MG";40;572,7;"ITABIRITO";"Demais falhas mecânicas ou elétricas";"Saída de leito carroçável";"Sem Vítimas";"Plena Noite";"Decrescente";"Céu Claro";"Simples";"Reta";"Não";1;0;0;0;0;1;0;1;-20,23925113;-43,9663564;"SPRF-MG";"DEL01-MG";"UOP02-DEL01-MG"
517739;2023-04-19;"quarta-feira";"07:05:00";"SC";101;204;"SAO JOSE";"Conversão proibida";"Colisão transversal";"Com Vítimas Feridas";"Pleno dia";"Decrescente";"Céu Claro";"Múltipla";"Reta";"Sim";4;0;0;1;3;0;1;2;-27,57413014;-48,61363083;"SPRF-SC";"DEL01-SC";"UOP01-DEL01-SC"
517740;2023-04-19;"quarta-feira";"04:00:00";"BA";116;448;"ANTONIO CARDOSO";"Condutor Dormindo";"Saída de leito carroçável";"Sem Vítimas";"Plena Noite";"Decrescente";"Céu Claro";"Dupla";"Reta";"Não";1;0;0;0;1;0;0;1;-12,3696938862;-39,113992093;"SPRF-BA";"DEL02-BA";"UOP01-DEL02-BA"
517741;2023-04-19;"quarta-feira";"00:05:00";"AP";210;0,7;"MACAPA";"Manobra de mudança de faixa";"Colisão lateral mesmo sentido";"Com Vítimas Feridas";"Plena Noite";"Decrescente";"Garoa/Chuvisco";"Dupla";"Reta";"Não";2;0;1;0;1;0;1;2;0,07780012;-51,06097;"SPRF-AP";"DEL01-AP";"UOP01-DEL01-AP"
517744;2023-04-19;"quarta-feira";"06:50:00";"MG";40;43,3;"PARACATU";"Acessar a via sem observar a presença dos outros veículos";"Colisão transversal";"Com Vítimas Feridas";"Pleno dia";"Crescente";"Céu Claro";"Simples";"Reta";"Sim";2;0;1;0;1;0;1;2;-17,22598002;-46,86163701;"SPRF-MG";"DEL14-MG";"UOP01-DEL14-MG"
517746;2023-04-19;"quarta-feira";"07:41:00";"GO";40;2;"VALPARAISO DE GOIAS";"Ausência de reação do condutor";"Colisão traseira";"Com Vítimas Feridas";"Pleno dia";"Decrescente";"Céu Claro";"Dupla";"Reta";"Sim";2;0;1;0;1;0;1;2;-16,067129;-47,984235;"SPRF-DF";"DEL01-DF";"UOP01-DEL01-DF"
517747;2023-04-19;"quarta-feira";"01:30:00";"RJ";40;19,1;"TRES RIOS";"Animais na Pista";"Atropelamento de Animal";"Com Vítimas Feridas";"Plena Noite";"Crescente";"Céu Claro";"Dupla";"Reta";"Não";1;0;1;0;0;0;1;1;-22,10132017;-43,17101226;"SPRF-RJ";"DEL05-RJ";"UOP02-DEL05-RJ"
517750;2023-04-19;"quarta-feira";"07:00:00";"SP";153;70;"SAO JOSE DO RIO PRETO";"Reação tardia ou ineficiente do condutor";"Tombamento";"Com Vítimas Feridas";"Pleno dia";"Crescente";"Garoa/Chuvisco";"Dupla";"Curva;Declive";"Sim";1;0;1;0;0;0;1;1;-20,85197874;-49,40070263;"SPRF-SP";"DEL09-SP";"UOP01-DEL09-SP"
517751;2023-04-19;"quarta-feira";"08:00:00";"SC";101;194,4;"BIGUACU";"Ausência de reação do condutor";"Tombamento";"Com Vítimas Feridas";"Pleno dia";"Crescente";"Sol";"Dupla";"Reta";"Sim";1;0;1;0;0;0;1;1;-27,49815117;-48,65661236;"SPRF-SC";"DEL01-SC";"UOP01-DEL01-SC"
517753;2023-04-19;"quarta-feira";"07:20:00";"BA";407;126;"SENHOR DO BONFIM";"Condutor deixou de manter distância do veículo da frente";"Colisão lateral mesmo sentido";"Com Vítimas Feridas";"Pleno dia";"Crescente";"Céu Claro";"Simples";"Rotatória";"Sim";2;0;2;0;0;0;2;2;-10,4558193;-40,18119143;"SPRF-BA";"DEL04-BA";"UOP01-DEL04-BA"
517754;2023-04-19;"quarta-feira";"07:45:00";"DF";70;16;"BRASILIA";"Trafegar com motocicleta (ou similar) entre as faixas";"Colisão lateral mesmo sentido";"Com Vítimas Feridas";"Pleno dia";"Decrescente";"Céu Claro";"Dupla";"Reta";"Não";4;0;3;0;1;0;3;3;-15,796144;-48,194225;"SPRF-DF";"DEL03-DF";"UOP02-DEL03-DF"
517756;2023-04-19;"quarta-feira";"07:50:00";"SP";116;145,4;"SAO JOSE DOS CAMPOS";"Reação tardia ou ineficiente do condutor";"Saída de leito carroçável";"Com Vítimas Feridas";"Pleno dia";"Decrescente";"Céu Claro";"Dupla";"Reta;Aclive";"Sim";2;0;2;0;0;0;2;1;-23,18816038;-45,85693359;"SPRF-SP";"DEL02-SP";"UOP01-DEL02-SP"
517757;2023-04-19;"quarta-feira";"08:00:00";"PR";476;153;"ARAUCARIA";"Condutor deixou de manter distância do veículo da frente";"Colisão traseira";"Com Vítimas Feridas";"Pleno dia";"Decrescente";"Céu Claro";"Dupla";"Reta";"Sim";2;0;0;1;1;0;1;2;-25,5764107;-49,3911953;"SPRF-PR";"DEL01-PR";"UOP06-DEL01-PR"
517758;2023-04-19;"quarta-feira";"07:55:00";"MG";381;666;"PERDOES";"Acumulo de água sobre o pavimento";"Saída de leito carroçável";"Com Vítimas Feridas";"Pleno dia";"Crescente";"Chuva";"Dupla";"Curva;Declive";"Não";2;0;2;0;0;0;2;1;-21,05183592;-45,00468933;"SPRF-MG";"DEL04-MG";"UOP02-DEL04-MG"
517759;2023-04-19;"quarta-feira";"03:15:00";"MT";70;190;"GENERAL CARNEIRO";"Animais na Pista";"Atropelamento de Animal";"Sem Vítimas";"Plena Noite";"Crescente";"Ignorado";"Simples";"Reta";"Não";2;0;0;0;2;0;0;1;-15,71526416;-53,76194;"SPRF-MT";"DEL05-MT";"UOP01-DEL05-MT"
517760;2023-04-19;"quarta-feira";"07:10:00";"SC";163;70;"SAO MIGUEL DO OESTE";"Acessar a via sem observar a presença dos outros veículos";"Colisão transversal";"Com Vítimas Feridas";"Pleno dia";"Decrescente";"Céu Claro";"Simples";"Reta";"Não";2;0;1;0;1;0;1;2;-26,73461723;-53,50680015;"SPRF-SC";"DEL07-SC";"UOP03-DEL07-SC"
517762;2023-04-19;"quarta-feira";"06:50:00";"PE";407;129;"PETROLINA";"Condutor deixou de manter distância do veículo da frente";"Colisão lateral mesmo sentido";"Com Vítimas Feridas";"Pleno dia";"Decrescente";"Céu Claro";"Dupla";"Viaduto";"Sim";2;0;1;0;1;0;1;2;-9,39958299;-40,50459298;"SPRF-PE";"DEL06-PE";"UOP01-DEL06-PE"
517764;2023-04-07;"sexta-feira";"12:15:00";"MG";40;415,3;"CURVELO";"Manobra de mudança de faixa";"Colisão lateral mesmo sentido";"Com Vítimas Feridas";"Pleno dia";"Crescente";"Céu Claro";"Simples";"Reta";"Não";3;0;0;2;1;0;2;2;-19,14497555;-44,60882653;"SPRF-MG";"DEL02-MG";"UOP01-DEL02-MG"
517765;2023-02-14;"terça-feira";"11:30:00";"BA";116;405;"FEIRA DE SANTANA";"Demais falhas mecânicas ou elétricas";"Colisão com objeto";"Sem Vítimas";"Pleno dia";"Decrescente";"Nublado";"Simples";"Reta;Aclive";"Sim";1;0;0;0;1;0;0;1;-12,072906;-38,969604;"SPRF-BA";"DEL02-BA";"UOP01-DEL02-BA"
517767;2023-04-19;"quarta-feira";"08:45:00";"PE";101;64,5;"RECIFE";"Manobra de mudança de faixa";"Colisão lateral mesmo sentido";"Com Vítimas Feridas";"Pleno dia";"Crescente";"Céu Claro";"Dupla";"Curva";"Sim";2;0;1;0;1;0;1;2;-8,020526;-34,942704;"SPRF-PE";"DEL01-PE";"UOP01-DEL01-PE"
517768;2023-04-19;"quarta-feira";"08:15:00";"PI";316;7,6;"TERESINA";"Acessar a via sem observar a presença dos outros veículos";"Colisão transversal";"Com Vítimas Feridas";"Pleno dia";"Decrescente";"Céu Claro";"Dupla";"Viaduto";"Sim";2;0;1;0;1;0;1;2;-5,15584638;-42,77173332;"SPRF-PI";"DEL01-PI";"UOP02-DEL01-PI"
517769;2023-04-19;"quarta-feira";"07:00:00";"MT";158;737;"BARRA DO GARCAS";"Condutor deixou de manter distância do veículo da frente";"Colisão traseira";"Sem Vítimas";"Pleno dia";"Decrescente";"Céu Claro";"Simples";"Reta";"Não";2;0;0;0;2;0;0;2;-15,37036806;-52,19624087;"SPRF-MT";"DEL07-MT";"UOP01-DEL07-MT"
517770;2023-04-19;"quarta-feira";"08:30:00";"RJ";101;519;"ANGRA DOS REIS";"Velocidade Incompatível";"Colisão frontal";"Com Vítimas Feridas";"Pleno dia";"Crescente";"Nublado";"Simples";"Curva";"Não";4;0;4;0;0;0;4;2;-23,00959629;-44,45214272;"SPRF-RJ";"DEL03-RJ";"UOP03-DEL03-RJ"
517773;2023-04-19;"quarta-feira";"09:00:00";"SC";101;213,2;"PALHOCA";"Trafegar com motocicleta (ou similar) entre as faixas";"Colisão lateral mesmo sentido";"Com Vítimas Feridas";"Pleno dia";"Crescente";"Céu Claro";"Dupla";"Reta;Interseção de Vias";"Sim";3;0;1;0;2;0;1;3;-27,63697369;-48,66514142;"SPRF-SC";"DEL01-SC";"UOP02-DEL01-SC"
517774;2023-04-19;"quarta-feira";"00:05:00";"RJ";356;163;"SAO JOAO DA BARRA";"Velocidade Incompatível";"Saída de leito carroçável";"Com Vítimas Feridas";"Plena Noite";"Crescente";"Céu Claro";"Simples";"Reta";"Não";1;0;1;0;0;0;1;1;-21,70969582;-41,14093103;"SPRF-RJ";"DEL08-RJ";"UOP02-DEL08-RJ"
517775;2023-04-19;"quarta-feira";"09:10:00";"RN";101;94,4;"NATAL";"Manobra de mudança de faixa";"Colisão lateral mesmo sentido";"Com Vítimas Feridas";"Pleno dia";"Decrescente";"Sol";"Múltipla";"Curva";"Sim";3;0;0;1;2;0;1;2;-5,833268;-35,212203;"SPRF-RN";"DEL01-RN";"UOP01-DEL01-RN"
517778;2023-04-19;"quarta-feira";"08:15:00";"PR";476;118;"COLOMBO";"Pedestre cruzava a pista fora da faixa";"Atropelamento de Pedestre";"Com Vítimas Feridas";"Pleno dia";"Crescente";"Céu Claro";"Dupla";"Reta";"Sim";3;0;0;1;1;1;1;2;-25,35634;-49,180828;"SPRF-PR";"DEL01-PR";"UOP01-DEL01-PR"
517779;2023-04-19;"quarta-feira";"08:40:00";"GO";153;514,3;"APARECIDA DE GOIANIA";"Desrespeitar a preferência no cruzamento";"Colisão transversal";"Com Vítimas Feridas";"Pleno dia";"Decrescente";"Nublado";"Dupla";"Interseção de Vias";"Sim";3;0;1;0;2;0;1;2;-16,8315;-49,2434;"SPRF-GO";"DEL01-GO";"UOP03-DEL01-GO"
517780;2023-03-18;"sábado";"20:40:00";"CE";222;160,1;"IRAUCUBA";"Deficiência do Sistema de Iluminação/Sinalização";"Colisão traseira";"Com Vítimas Fatais";"Plena Noite";"Crescente";"Chuva";"Simples";"Reta";"Não";2;1;0;0;0;1;0;2;-3,73983482;-39,87671098;"SPRF-CE";"DEL04-CE";"UOP03-DEL04-CE"
517781;2023-04-19;"quarta-feira";"09:30:00";"PR";277;592,9;"CASCAVEL";"Acesso irregular";"Colisão transversal";"Com Vítimas Feridas";"Pleno dia";"Decrescente";"Céu Claro";"Simples";"Reta;Aclive";"Sim";3;0;2;0;1;0;2;2;-24,98285697;-53,47319399;"SPRF-PR";"DEL04-PR";"UOP01-DEL04-PR"
517783;2023-04-19;"quarta-feira";"09:41:00";"PE";104;55,5;"CARUARU";"Condutor Dormindo";"Saída de leito carroçável";"Com Vítimas Feridas";"Pleno dia";"Crescente";"Céu Claro";"Dupla";"Reta;Declive";"Não";1;0;1;0;0;0;1;1;-8,2018;-35,9671;"SPRF-PE";"DEL02-PE";"UOP01-DEL02-PE"
517784;2023-04-19;"quarta-feira";"08:49:00";"MT";70;498;"CUIABA";"Reação tardia ou ineficiente do condutor";"Colisão traseira";"Com Vítimas Feridas";"Pleno dia";"Crescente";"Chuva";"Simples";"Reta";"Não";2;0;1;0;1;0;1;2;-15,67003376;-56,01038218;"SPRF-MT";"DEL01-MT";"UOP02-DEL01-MT"
517785;2023-04-19;"quarta-feira";"08:00:00";"SP";381;89;"GUARULHOS";"Reação tardia ou ineficiente do condutor";"Colisão lateral mesmo sentido";"Com Vítimas Feridas";"Pleno dia";"Crescente";"Céu Claro";"Múltipla";"Reta";"Não";3;0;1;0;2;0;1;2;-23,48469299;-46,55983288;"SPRF-SP";"DEL03-SP";"UOP01-DEL03-SP"
517787;2023-04-19;"quarta-feira";"09:05:00";"CE";116;7;"FORTALEZA";"Reação tardia ou ineficiente do condutor";"Colisão transversal";"Com Vítimas Feridas";"Pleno dia";"Crescente";"Sol";"Dupla";"Curva;Viaduto";"Sim";2;0;0;1;1;0;1;2;-3,81073099;-38,50074867;"SPRF-CE";"DEL01-CE";"UOP02-DEL01-CE"
517788;2023-04-19;"quarta-feira";"09:20:00";"AL";101;176,8;"TEOTONIO VILELA";"Acessar a via sem observar a presença dos outros veículos";"Colisão frontal";"Com Vítimas Feridas";"Pleno dia";"Decrescente";"Céu Claro";"Simples";"Reta";"Sim";5;0;0;2;3;0;2;2;-9,89398192;-36,37454896;"SPRF-AL";"DEL02-AL";"UOP02-DEL02-AL"