"id";"data_inversa";"dia_semana";"horario";"uf";"br";"km";"municipio";"causa_acidente";"tipo_acidente";"classificacao_acidente";"fase_dia";"sentido_via";"condicao_metereologica";"tipo_pista";"tracado_via";"uso_solo";"pessoas";"mortos";"feridos_leves";"feridos_graves";"ilesos";"ignorados";"feridos";"veiculos";"latitude";"longitude";"regional";"delegacia";"uop"
517789;2023-04-17;"segunda-feira";"23:50:00";"RS";293;161;"HULHA NEGRA";"Animais na Pista";"Atropelamento de Animal";"Sem Vítimas";"Plena Noite";"Decrescente";"Nublado";"Simples";"Reta;Aclive";"Não";2;0;0;0;2;0;0;1;-31,39017118;-53,88195803;"SPRF-RS";"DEL11-RS";"UOP03-DEL11-RS"
517792;2023-04-19;"quarta-feira";"10:30:00";"PR";277;14;"PARANAGUA";"Demais falhas mecânicas ou elétricas";"Queda de ocupante de veículo";"Com Vítimas Feridas";"Pleno dia";"Decrescente";"Nublado";"Dupla";"Reta";"Não";2;0;1;1;0;0;2;1;-25,568198;-48,615292;"SPRF-PR";"DEL01-PR";"UOP05-DEL01-PR"
517797;2023-04-19;"quarta-feira";"11:10:00";"PE";101;62,9;"RECIFE";"Estacionar ou parar em local proibido";"Colisão lateral mesmo sentido";"Com Vítimas Feridas";"Pleno dia";"Decrescente";"Céu Claro";"Dupla";"Reta";"Não";2;0;0;1;1;0;1;2;-7,99905898;-34,93899295;"SPRF-PE";"DEL01-PE";"UOP02-DEL01-PE"
517798;2023-04-19;"quarta-feira";"09:40:00";"MG";267;28,4;"ARGIRITA";"Acumulo de óleo sobre o pavimento";"Saída de leito carroçável";"Com Vítimas Feridas";"Pleno dia";"Decrescente";"Garoa/Chuvisco";"Simples";"Curva;Ponte";"Não";1;0;0;1;0;0;1;1;-21,62799078;-42,83040926;"SPRF-MG";"DEL07-MG";"UOP01-DEL07-MG"
517800;2023-04-19;"quarta-feira";"10:30:00";"MT";70;3,4;"BARRA DO GARCAS";"Pista Escorregadia";"Queda de ocupante de veículo";"Com Vítimas Feridas";"Pleno dia";"Decrescente";"Chuva";"Dupla";"Declive";"Sim";1;0;1;0;0;0;1;1;-15,87967482;-52,28369063;"SPRF-MT";"DEL07-MT";"UOP01-DEL07-MT"
517801;2023-03-27;"segunda-feira";"18:55:00";"PE";428;189;"PETROLINA";"Conversão proibida";"Colisão transversal";"Com Vítimas Feridas";"Plena Noite";"Crescente";"Céu Claro";"Dupla";"Reta";"Sim";2;0;0;2;0;0;2;2;-9,37197508;-40,48679585;"SPRF-PE";"DEL06-PE";"UOP01-DEL06-PE"
517802;2023-04-19;"quarta-feira";"10:50:00";"GO";153;508,5;"HIDROLANDIA";"Reação tardia ou ineficiente do condutor";"Capotamento";"Com Vítimas Feridas";"Pleno dia";"Crescente";"Garoa/Chuvisco";"Dupla";"Declive;Curva";"Não";2;0;1;0;1;0;1;1;-16,9218545;-49,2526201;"SPRF-GO";"DEL01-GO";"UOP03-DEL01-GO"
517803;2023-04-19;"quarta-feira";"08:00:00";"GO";20;180;"SIMOLANDIA";"Retorno proibido";"Colisão transversal";"Com Vítimas Feridas";"Pleno dia";"Decrescente";"Céu Claro";"Dupla";"Reta";"Sim";2;0;1;0;1;0;1;2;-14,477743;-46,492165;"SPRF-DF";"DEL02-DF";"UOP03-DEL02-DF"
517806;2023-03-17;"sexta-feira";"16:30:00";"SC";470;172;"POUSO REDONDO";"Acessar a via sem observar a presença dos outros veículos";"Colisão transversal";"Com Vítimas Feridas";"Anoitecer";"Crescente";"Céu Claro";"Simples";"Aclive;Curva";"Sim";2;0;0;1;1;0;1;2;-27,257526;-49,909592;"SPRF-SC";"DEL04-SC";"UOP02-DEL04-SC"
517811;2023-04-19;"quarta-feira";"09:05:00";"SC";470;67;"INDAIAL";"Condutor deixou de manter distância do veículo da frente";"Colisão traseira";"Com Vítimas Feridas";"Pleno dia";"Decrescente";"Sol";"Simples";"Reta;Em Obras";"Não";5;0;3;0;2;0;3;3;-26,872158;-49,23127;"SPRF-SC";"DEL04-SC";"UOP01-DEL04-SC"
517817;2023-04-19;"quarta-feira";"11:45:00";"PR";376;176;"MARINGA";"Ultrapassagem Indevida";"Colisão lateral mesmo sentido";"Com Vítimas Feridas";"Pleno dia";"Crescente";"Céu Claro";"Múltipla";"Reta;Interseção de Vias";"Sim";2;0;1;0;1;0;1;2;-23,41269173;-51,93158327;"SPRF-PR";"DEL09-PR";"UOP01-DEL09-PR"
517819;2023-04-19;"quarta-feira";"11:30:00";"MT";364;261;"SAO PEDRO DA CIPA";"Acumulo de água sobre o pavimento";"Saída de leito carroçável";"Com Vítimas Feridas";"Pleno dia";"Decrescente";"Chuva";"Dupla";"Reta;Declive";"Não";1;0;1;0;0;0;1;1;-16,02805351;-54,8931174;"SPRF-MT";"DEL02-MT";"UOP01-DEL02-MT"
517820;2023-04-19;"quarta-feira";"13:25:00";"RS";386;325,9;"MARQUES DE SOUZA";"Acessar a via sem observar a presença dos outros veículos";"Colisão transversal";"Com Vítimas Feridas";"Pleno dia";"Crescente";"Nublado";"Simples";"Reta";"Sim";3;0;2;0;1;0;2;2;-29,318314;-52,104053;"SPRF-RS";"DEL04-RS";"UOP01-DEL04-RS"
517821;2023-03-14;"terça-feira";"12:40:00";"RJ";101;75;"CAMPOS DOS GOYTACAZES";"Reação tardia ou ineficiente do condutor";"Queda de ocupante de veículo";"Com Vítimas Feridas";"Pleno dia";"Decrescente";"Céu Claro";"Simples";"Curva";"Não";2;0;2;0;0;0;2;1;-21,820037;-41,397742;"SPRF-RJ";"DEL08-RJ";"UOP02-DEL08-RJ"
517822;2023-04-06;"quinta-feira";"18:10:00";"BA";101;490;"ITAJUIPE";"Acessar a via sem observar a presença dos outros veículos";"Colisão transversal";"Com Vítimas Feridas";"Anoitecer";"Decrescente";"Céu Claro";"Simples";"Reta;Interseção de Vias";"Não";5;0;1;0;3;1;1;3;-14,69419863;-39,36435699;"SPRF-BA";"DEL05-BA";"UOP01-DEL05-BA"
517823;2023-04-19;"quarta-feira";"13:20:00";"GO";414;412,8;"ABADIANIA";"Condutor Dormindo";"Saída de leito carroçável";"Sem Vítimas";"Pleno dia";"Crescente";"Nublado";"Simples";"Reta";"Não";2;0;0;0;2;0;0;1;-16,074527;-48,852926;"SPRF-GO";"DEL02-GO";"UOP01-DEL02-GO"
517824;2023-04-19;"quarta-feira";"08:40:00";"PE";424;3,9;"ARCOVERDE";"Reação tardia ou ineficiente do condutor";"Saída de leito carroçável";"Com Vítimas Feridas";"Pleno dia";"Crescente";"Céu Claro";"Simples";"Reta";"Não";1;0;1;0;0;0;1;1;-8,45381694;-37,0485949;"SPRF-PE";"DEL04-PE";"UOP02-DEL04-PE"
517825;2023-04-19;"quarta-feira";"07:50:00";"MG";262;38,3;"MANHUACU";"Conversão proibida";"Colisão transversal";"Com Vítimas Feridas";"Pleno dia";"Decrescente";"Nublado";"Simples";"Reta";"Sim";2;0;1;0;1;0;1;2;-20,26305859;-42,03684948;"SPRF-MG";"DEL06-MG";"UOP03-DEL06-MG"
517826;2023-03-28;"terça-feira";"20:30:00";"RJ";101;55;"CAMPOS DOS GOYTACAZES";"Acessar a via sem observar a presença dos outros veículos";"Colisão transversal";"Com Vítimas Feridas";"Plena Noite";"Decrescente";"Céu Claro";"Simples";"Curva";"Sim";2;0;1;0;1;0;1;2;-21,67827099;-41,31079872;"SPRF-RJ";"DEL08-RJ";"UOP01-DEL08-RJ"
517829;2023-04-19;"quarta-feira";"14:15:00";"BA";324;421,5;"FEIRA DE SANTANA";"Manobra de mudança de faixa";"Tombamento";"Com Vítimas Feridas";"Pleno dia";"Decrescente";"Sol";"Dupla";"Reta";"Sim";1;0;1;0;0;0;1;1;-12,22679472;-38,9645975;"SPRF-BA";"DEL04-BA";"UOP02-DEL04-BA"
517830;2023-04-19;"quarta-feira";"14:20:00";"PE";316;84,1;"OURICURI";"Ultrapassagem Indevida";"Colisão transversal";"Com Vítimas Feridas";"Pleno dia";"Decrescente";"Céu Claro";"Dupla";"Reta";"Sim";5;0;0;1;3;1;1;2;-7,87881867;-40,0773593;"SPRF-PE";"DEL05-PE";"UOP02-DEL05-PE"
517831;2023-04-19;"quarta-feira";"10:20:00";"MG";365;630;"UBERLANDIA";"Avarias e/ou desgaste excessivo no pneu";"Colisão com objeto";"Com Vítimas Feridas";"Pleno dia";"Decrescente";"Chuva";"Dupla";"Declive;Curva";"Sim";3;0;2;1;0;0;3;1;-18,89921529;-48,37166404;"SPRF-MG";"DEL15-MG";"UOP01-DEL15-MG"
517835;2023-04-19;"quarta-feira";"15:00:00";"BA";420;261;"MUTUIPE";"Transitar na contramão";"Colisão frontal";"Com Vítimas Feridas";"Pleno dia";"Crescente";"Céu Claro";"Simples";"Curva";"Não";3;0;2;1;0;0;3;2;-13,23921117;-39,53771421;"SPRF-BA";"DEL01-BA";"UOP02-DEL01-BA"
517836;2023-04-19;"quarta-feira";"15:05:00";"RJ";40;91;"PETROPOLIS";"Pista Escorregadia";"Capotamento";"Com Vítimas Feridas";"Pleno dia";"Crescente";"Garoa/Chuvisco";"Dupla";"Curva";"Não";4;0;1;0;3;0;1;1;-22,54903566;-43,24229724;"SPRF-RJ";"DEL06-RJ";"UOP01-DEL06-RJ"
517837;2023-04-09;"domingo";"19:00:00";"RJ";493;65;"NOVA IGUACU";"Demais falhas mecânicas ou elétricas";"Incêndio";"Sem Vítimas";"Plena Noite";"Crescente";"Chuva";"Dupla";"Reta";"Não";1;0;0;0;1;0;0;1;-22,67104586;-43,54980469;"SPRF-RJ";"DEL01-RJ";"UOP03-DEL01-RJ"
517838;2023-04-19;"quarta-feira";"15:30:00";"ES";101;143;"LINHARES";"Acessar a via sem observar a presença dos outros veículos";"Colisão lateral mesmo sentido";"Com Vítimas Feridas";"Pleno dia";"Crescente";"Céu Claro";"Dupla";"Interseção de Vias";"Não";2;0;1;0;1;0;1;2;-19,34286596;-40,0638568;"SPRF-ES";"DEL04-ES";"UOP01-DEL04-ES"
517839;2023-04-19;"quarta-feira";"14:10:00";"MG";116;539,5;"SANTA RITA DE MINAS";"Objeto estático sobre o leito carroçável";"Saída de leito carroçável";"Com Vítimas Feridas";"Pleno dia";"Crescente";"Nublado";"Simples";"Curva";"Não";1;0;1;0;0;0;1;1;-19,88240027;-42,13242591;"SPRF-MG";"DEL06-MG";"UOP02-DEL06-MG"
517841;2023-04-19;"quarta-feira";"15:00:00";"RJ";40;86;"PETROPOLIS";"Velocidade Incompatível";"Colisão com objeto";"Sem Vítimas";"Pleno dia";"Decrescente";"Chuva";"Dupla";"Curva";"Não";1;0;0;0;0;1;0;1;-22,53575484;-43,23295774;"SPRF-RJ";"DEL06-RJ";"UOP01-DEL06-RJ"
517843;2023-04-19;"quarta-feira";"09:30:00";"RJ";101;54;"CAMPOS DOS GOYTACAZES";"Ausência de reação do condutor";"Tombamento";"Com Vítimas Feridas";"Pleno dia";"Crescente";"Céu Claro";"Simples";"Reta";"Sim";2;0;1;0;1;0;1;1;-21,66937699;-41,31111673;"SPRF-RJ";"DEL08-RJ";"UOP01-DEL08-RJ"
517846;2023-04-19;"quarta-feira";"13:45:00";"SC";163;70;"SAO MIGUEL DO OESTE";"Acessar a via sem observar a presença dos outros veículos";"Colisão transversal";"Com Vítimas Feridas";"Pleno dia";"Decrescente";"Céu Claro";"Dupla";"Reta";"Não";3;0;1;0;2;0;1;2;-26,73461723;-53,50680015;"SPRF-SC";"DEL07-SC";"UOP03-DEL07-SC"
517847;2023-04-19;"quarta-feira";"13:50:00";"RO";425;122,9;"GUAJARA-MIRIM";"Pista Escorregadia";"Saída de leito carroçável";"Com Vítimas Feridas";"Pleno dia";"Crescente";"Chuva";"Simples";"Reta";"Não";1;0;1;0;0;0;1;1;-10,603999;-65,324387;"SPRF-RO";"DEL01-RO";"UOP03-DEL01-RO"
517848;2023-04-19;"quarta-feira";"16:20:00";"ES";101;269;"SERRA";"Demais falhas mecânicas ou elétricas";"Incêndio";"Sem Vítimas";"Pleno dia";"Decrescente";"Céu Claro";"Simples";"Reta";"Sim";1;0;0;0;1;0;0;1;-20,21740496;-40,26990578;"SPRF-ES";"DEL02-ES";"UOP01-DEL02-ES"
517850;2023-04-19;"quarta-feira";"16:00:00";"SC";116;44,5;"PAPANDUVA";"Transitar na contramão";"Colisão frontal";"Com Vítimas Feridas";"Pleno dia";"Decrescente";"Céu Claro";"Simples";"Aclive";"Não";3;0;3;0;0;0;3;2;-26,33854104;-50,09182698;"SPRF-SC";"DEL06-SC";"UOP01-DEL06-SC"
517851;2023-04-19;"quarta-feira";"08:30:00";"SP";381;86;"SAO PAULO";"Reação tardia ou ineficiente do condutor";"Colisão traseira";"Com Vítimas Feridas";"Pleno dia";"Crescente";"Céu Claro";"Múltipla";"Curva";"Sim";3;0;1;0;2;0;1;2;-23,45930499;-46,57161179;"SPRF-SP";"DEL03-SP";"UOP01-DEL03-SP"
517852;2023-04-19;"quarta-feira";"14:00:00";"RJ";40;92,5;"PETROPOLIS";"Velocidade Incompatível";"Colisão com objeto";"Com Vítimas Feridas";"Pleno dia";"Crescente";"Garoa/Chuvisco";"Simples";"Declive;Curva";"Não";2;0;2;0;0;0;2;1;-22,55191954;-43,25068815;"SPRF-RJ";"DEL06-RJ";"UOP01-DEL06-RJ"
517854;2023-04-19;"quarta-feira";"16:30:00";"MG";381;520,9;"BRUMADINHO";"Velocidade Incompatível";"Saída de leito carroçável";"Com Vítimas Feridas";"Pleno dia";"Decrescente";"Nublado";"Dupla";"Curva;Aclive";"Não";2;0;1;0;1;0;1;1;-20,1181251;-44,3022627;"SPRF-MG";"DEL04-MG";"UOP03-DEL04-MG"
517856;2023-04-12;"quarta-feira";"17:42:00";"MS";376;36,8;"VICENTINA";"Obras na pista";"Colisão frontal";"Com Vítimas Feridas";"Anoitecer";"Decrescente";"Céu Claro";"Simples";"Reta;Em Obras";"Sim";3;0;2;0;1;0;2;2;-22,40290202;-54,45177501;"SPRF-MS";"DEL04-MS";"UOP01-DEL04-MS"
517858;2023-04-19;"quarta-feira";"15:10:00";"SC";282;642;"SAO MIGUEL DO OESTE";"Acessar a via sem observar a presença dos outros veículos";"Colisão transversal";"Com Vítimas Feridas";"Pleno dia";"Crescente";"Sol";"Simples";"Reta;Interseção de Vias";"Não";3;0;1;1;1;0;2;2;-26,772327;-53,461613;"SPRF-SC";"DEL07-SC";"UOP03-DEL07-SC"
517861;2023-04-19;"quarta-feira";"17:15:00";"PR";369;138,4;"IBIPORA";"Ultrapassagem Indevida";"Colisão transversal";"Com Vítimas Feridas";"Pleno dia";"Decrescente";"Céu Claro";"Simples";"Interseção de Vias";"Sim";3;0;2;0;1;0;2;2;-23,27351938;-51,05340242;"SPRF-PR";"DEL07-PR";"UOP01-DEL07-PR"
517862;2023-04-19;"quarta-feira";"18:00:00";"RS";0;0;"MAQUINE";"Demais falhas mecânicas ou elétricas";"Incêndio";"Sem Vítimas";"Plena Noite";"Não Informado";"Nublado";"Simples";"Retorno Regulamentado;Aclive";"Não";1;0;0;0;1;0;0;1;-29,69621105;-50,16781159;"SPRF-RS";"DEL03-RS";"UOP02-DEL03-RS"
517863;2023-04-19;"quarta-feira";"14:30:00";"RO";319;95;"PORTO VELHO";"Transitar na contramão";"Saída de leito carroçável";"Com Vítimas Feridas";"Pleno dia";"Crescente";"Sol";"Simples";"Reta";"Não";3;0;3;0;0;0;3;2;-8,45021607;-63,97035599;"SPRF-RO";"DEL01-RO";"UOP01-DEL01-RO"
517864;2023-04-19;"quarta-feira";"11:30:00";"RJ";101;266,7;"RIO BONITO";"Chuva";"Saída de leito carroçável";"Com Vítimas Feridas";"Pleno dia";"Decrescente";"Chuva";"Dupla";"Curva";"Sim";3;0;1;0;2;0;1;1;-22,70861445;-42,65178735;"SPRF-RJ";"DEL02-RJ";"UOP03-DEL02-RJ"
517865;2023-04-19;"quarta-feira";"18:20:00";"ES";101;297,5;"VIANA";"Reação tardia ou ineficiente do condutor";"Colisão traseira";"Com Vítimas Feridas";"Plena Noite";"Crescente";"Céu Claro";"Dupla";"Reta";"Sim";2;0;0;1;1;0;1;2;-20,34529844;-40,41026774;"SPRF-ES";"DEL01-ES";"UOP01-DEL01-ES"
517866;2023-04-19;"quarta-feira";"17:34:00";"MG";381;948,2;"EXTREMA";"Manobra de mudança de faixa";"Tombamento";"Com Vítimas Feridas";"Pleno dia";"Crescente";"Céu Claro";"Dupla";"Reta";"Não";1;0;1;0;0;0;1;1;-22,87479042;-46,36655782;"SPRF-MG";"DEL16-MG";"UOP03-DEL16-MG"
517877;2023-04-19;"quarta-feira";"18:10:00";"MG";262;828;"UBERABA";"Velocidade Incompatível";"Capotamento";"Com Vítimas Feridas";"Anoitecer";"Crescente";"Céu Claro";"Dupla";"Reta";"Não";1;0;1;0;0;0;1;1;-19,761357;-48,143123;"SPRF-MG";"DEL13-MG";"UOP01-DEL13-MG"
517878;2023-04-19;"quarta-feira";"17:50:00";"SC";282;1,1;"FLORIANOPOLIS";"Ausência de reação do condutor";"Tombamento";"Com Vítimas Feridas";"Anoitecer";"Crescente";"Céu Claro";"Múltipla";"Reta";"Sim";2;0;1;0;1;0;1;2;-27,602955;-48,580509;"SPRF-SC";"DEL01-SC";"UOP01-DEL01-SC"
517881;2023-04-19;"quarta-feira";"18:20:00";"RS";116;302;"GUAIBA";"Acessar a via sem observar a presença dos outros veículos";"Colisão transversal";"Com Vítimas Feridas";"Anoitecer";"Crescente";"Nublado";"Dupla";"Interseção de Vias;Retorno Regulamentado";"Sim";2;0;1;0;1;0;1;2;-30,12368942;-51,34922543;"SPRF-RS";"DEL02-RS";"UOP01-DEL02-RS"
517882;2023-03-26;"domingo";"18:20:00";"ES";262;17,9;"VIANA";"Transitar na contramão";"Colisão frontal";"Com Vítimas Fatais";"Pleno dia";"Crescente";"Céu Claro";"Simples";"Curva";"Sim";5;1;1;1;1;1;2;3;-20,38635961;-40,47272969;"SPRF-ES";"DEL01-ES";"UOP01-DEL01-ES"
517883;2023-04-19;"quarta-feira";"18:25:00";"SC";101;201;"SAO JOSE";"Ausência de reação do condutor";"Tombamento";"Com Vítimas Feridas";"Plena Noite";"Decrescente";"Ignorado";"Simples";"Reta";"Sim";3;0;1;0;2;0;1;2;-27,55711595;-48,61897889;"SPRF-SC";"DEL01-SC";"UOP01-DEL01-SC"
517884;2023-04-19;"quarta-feira";"11:20:00";"MT";70;579,6;"NOSSA SENHORA DO LIVRAMENTO";"Velocidade Incompatível";"Saída de leito carroçável";"Com Vítimas Feridas";"Pleno dia";"Decrescente";"Chuva";"Simples";"Curva";"Não";5;0;4;0;1;0;4;1;-15,78387;-56,63126;"SPRF-MT";"DEL03-MT";"UOP02-DEL03-MT"
517886;2023-04-19;"quarta-feira";"18:45:00";"GO";60;48,3;"ABADIANIA";"Pista Escorregadia";"Saída de leito carroçável";"Com Vítimas Feridas";"Plena Noite";"Decrescente";"Garoa/Chuvisco";"Dupla";"Reta;Declive";"Não";4;0;1;0;3;0;1;3;-16,1529;-48,6109;"SPRF-GO";"DEL02-GO";"UOP01-DEL02-GO"
517887;2023-04-19;"quarta-feira";"16:54:00";"PE";232;87,3;"GRAVATA";"Reação tardia ou ineficiente do condutor";"Colisão lateral mesmo sentido";"Com Vítimas Feridas";"Anoitecer";"Crescente";"Céu Claro";"Dupla";"Reta";"Não";3;0;1;1;0;1;2;2;-8,21448167;-35,63184321;"SPRF-PE";"DEL02-PE";"UOP02-DEL02PE"
517888;2023-04-19;"quarta-feira";"18:00:00";"CE";116;23;"ITAITINGA";"Acessar a via sem observar a presença dos outros veículos";"Colisão transversal";"Com Vítimas Feridas";"Plena Noite";"Crescente";"Céu Claro";"Dupla";"Reta";"Sim";2;0;0;2;0;0;2;2;-3,94905489;-38,51212845;"SPRF-CE";"DEL01-CE";"UOP02-DEL01-CE"
517889;2023-04-19;"quarta-feira";"17:40:00";"CE";116;22;"ITAITINGA";"Ausência de reação do condutor";"Colisão traseira";"Com Vítimas Feridas";"Anoitecer";"Crescente";"Céu Claro";"Dupla";"Reta";"Sim";2;0;0;1;1;0;1;2;-3,94070798;-38,50918633;"SPRF-CE";"DEL01-CE";"UOP02-DEL01-CE"
517890;2023-04-19;"quarta-feira";"18:48:00";"PR";469;17,3;"FOZ DO IGUACU";"Ausência de sinalização";"Colisão frontal";"Com Vítimas Feridas";"Plena Noite";"Crescente";"Céu Claro";"Simples";"Reta;Em Obras";"Não";2;0;0;1;1;0;1;2;-25,5906;-54,5172;"SPRF-PR";"DEL05-PR";"UOP04-DEL05-PR"
517891;2023-04-19;"quarta-feira";"19:00:00";"SC";101;132;"BALNEARIO CAMBORIU";"Condutor deixou de manter distância do veículo da frente";"Colisão traseira";"Com Vítimas Feridas";"Plena Noite";"Decrescente";"Céu Claro";"Múltipla";"Reta";"Não";3;0;2;0;1;0;2;2;-26,99654133;-48,65564711;"SPRF-SC";"DEL04-SC";"UOP03-DEL04-SC"
517892;2023-01-29;"domingo";"12:00:00";"MG";116;208;"CATUJI";"Reação tardia ou ineficiente do condutor";"Colisão transversal";"Com Vítimas Feridas";"Pleno dia";"Decrescente";"Céu Claro";"Simples";"Reta";"Sim";2;0;1;0;0;1;1;2;-17,30569;-41,517033;"SPRF-MG";"DEL11-MG";"UOP01-DEL11-MG"
517893;2023-04-19;"quarta-feira";"17:40:00";"MS";163;485,3;"CAMPO GRANDE";"Acessar a via sem observar a presença dos outros veículos";"Colisão transversal";"Com Vítimas Feridas";"Plena Noite";"Decrescente";"Nublado";"Simples";"Reta;Declive";"Sim";3;0;1;1;1;0;2;2;-20,44233707;-54,54201834;"SPRF-MS";"DEL01-MS";"UOP02-DEL01-MS"
517894;2023-04-19;"quarta-feira";"16:30:00";"MG";262;429;"SAO GONCALO DO PARA";"Reação tardia ou ineficiente do condutor";"Incêndio";"Sem Vítimas";"Pleno dia";"Crescente";"Céu Claro";"Dupla";"Reta";"Não";1;0;0;0;1;0;0;1;-19,88839281;-44,79613504;"SPRF-MG";"DEL08-MG";"UOP03-DEL08-MG"
517895;2023-04-19;"quarta-feira";"18:10:00";"RJ";116;199;"QUEIMADOS";"Pedestre cruzava a pista fora da faixa";"Atropelamento de Pedestre";"Com Vítimas Feridas";"Plena Noite";"Crescente";"Céu Claro";"Dupla";"Reta";"Sim";2;0;0;1;1;0;1;2;-22,72898648;-43,58452101;"SPRF-RJ";"DEL01-RJ";"UOP03-DEL01-RJ"
517896;2023-04-19;"quarta-feira";"19:15:00";"RS";0;0;"CAXIAS DO SUL";"Ingestão de álcool pelo condutor";"Colisão com objeto";"Sem Vítimas";"Plena Noite";"Não Informado";"Nublado";"Simples";"Curva";"Sim";4;0;0;0;4;0;0;2;-29,116143;-51,120716;"SPRF-RS";"DEL05-RS";"UOP01-DEL05-RS"
517897;2023-04-19;"quarta-feira";"18:50:00";"PB";101;94;"JOAO PESSOA";"Ausência de reação do condutor";"Queda de ocupante de veículo";"Com Vítimas Feridas";"Plena Noite";"Decrescente";"Céu Claro";"Dupla";"Reta";"Não";1;0;1;0;0;0;1;1;-7,19683829;-34,90588313;"SPRF-PB";"DEL01-PB";"UOP02-DEL01-PB"
517898;2023-04-19;"quarta-feira";"19:00:00";"PR";476;147;"CURITIBA";"Acessar a via sem observar a presença dos outros veículos";"Colisão transversal";"Com Vítimas Feridas";"Plena Noite";"Decrescente";"Céu Claro";"Dupla";"Reta";"Sim";2;0;2;0;0;0;2;2;-25,554628;-49,339268;"SPRF-PR";"DEL01-PR";"UOP06-DEL01-PR"
517901;2023-04-19;"quarta-feira";"18:20:00";"AL";316;33,6;"CANAPI";"Pedestre andava na pista";"Atropelamento de Pedestre";"Com Vítimas Fatais";"Plena Noite";"Decrescente";"Céu Claro";"Simples";"Reta;Declive";"Não";2;1;0;0;0;1;0;2;-9,11141212;-37,62653703;"SPRF-AL";"DEL03-AL";"UOP02-DEL03-AL"
517904;2023-04-19;"quarta-feira";"19:30:00";"PB";230;14;"CABEDELO";"Acessar a via sem observar a presença dos outros veículos";"Colisão lateral mesmo sentido";"Com Vítimas Feridas";"Plena Noite";"Decrescente";"Céu Claro";"Dupla";"Reta";"Sim";2;0;1;0;0;1;1;2;-7,08977066;-34,8483932;"SPRF-PB";"DEL01-PB";"UOP01-DEL01-PB"
517905;2023-04-19;"quarta-feira";"19:30:00";"PB";101;87;"JOAO PESSOA";"Acumulo de areia ou detritos sobre o pavimento";"Tombamento";"Com Vítimas Feridas";"Plena Noite";"Crescente";"Céu Claro";"Dupla";"Reta";"Sim";1;0;1;0;0;0;1;1;-7,15886802;-34,90628504;"SPRF-PB";"DEL01-PB";"UOP01-DEL01-PB"
517907;2023-04-19;"quarta-feira";"20:15:00";"RS";386;407,5;"TRIUNFO";"Avarias e/ou desgaste excessivo no pneu";"Saída de leito carroçável";"Com Vítimas Feridas";"Plena Noite";"Crescente";"Céu Claro";"Simples";"Curva";"Não";2;0;2;0;0;0;2;1;-29,786842;-51,543865;"SPRF-RS";"DEL01-RS";"UOP01-DEL01-RS"
517908;2023-04-19;"quarta-feira";"20:10:00";"SP";116;315;"SAO LOURENCO DA SERRA";"Avarias e/ou desgaste excessivo no pneu";"Queda de ocupante de veículo";"Com Vítimas Feridas";"Plena Noite";"Crescente";"Céu Claro";"Dupla";"Reta";"Sim";2;0;1;0;1;0;1;1;-23,90251888;-46,99049317;"SPRF-SP";"DEL04-SP";"UOP03-DEL04-SP"
517909;2023-04-19;"quarta-feira";"19:50:00";"PR";0;0;"CASCAVEL";"Desrespeitar a preferência no cruzamento";"Colisão transversal";"Com Vítimas Feridas";"Plena Noite";"Não Informado";"Céu Claro";"Simples";"Interseção de Vias";"Sim";2;0;1;0;0;1;1;2;-24,9502;-53,3984;"SPRF-PR";"DEL04-PR";"UOP01-DEL04-PR"
517911;2023-04-19;"quarta-feira";"18:10:00";"PR";476;54;"TUNAS DO PARANA";"Transitar na contramão";"Colisão lateral sentido oposto";"Com Vítimas Feridas";"Anoitecer";"Crescente";"Céu Claro";"Simples";"Aclive;Curva";"Não";2;0;0;1;1;0;1;2;-24,961689;-49,092453;"SPRF-PR";"DEL01-PR";"UOP01-DEL01-PR"
517912;2023-04-19;"quarta-feira";"19:31:00";"MA";10;257;"IMPERATRIZ";"Conversão proibida";"Colisão lateral sentido oposto";"Com Vítimas Feridas";"Plena Noite";"Decrescente";"Céu Claro";"Simples";"Reta";"Sim";4;0;1;0;3;0;1;2;-5,490634;-47,471973;"SPRF-MA";"DEL04-MA";"UOP01-DEL04-MA"
517915;2023-04-19;"quarta-feira";"20:15:00";"RJ";101;491;"ANGRA DOS REIS";"Deficiência do Sistema de Iluminação/Sinalização";"Colisão traseira";"Com Vítimas Feridas";"Plena Noite";"Crescente";"Nublado";"Simples";"Reta";"Não";2;0;2;0;0;0;2;2;-22,95442983;-44,32193004;"SPRF-RJ";"DEL03-RJ";"UOP03-DEL03-RJ"
517916;2023-04-19;"quarta-feira";"17:50:00";"SC";280;93,8;"CORUPA";"Animais na Pista";"Queda de ocupante de veículo";"Com Vítimas Feridas";"Anoitecer";"Crescente";"Céu Claro";"Simples";"Reta;Aclive";"Não";1;0;1;0;0;0;1;1;-26,39962904;-49,29783103;"SPRF-SC";"DEL06-SC";"UOP03-DEL06-SC"
517917;2023-04-19;"quarta-feira";"18:50:00";"RS";285;339;"CARAZINHO";"Acessar a via sem observar a presença dos outros veículos";"Colisão transversal";"Com Vítimas Feridas";"Anoitecer";"Crescente";"Nublado";"Simples";"Reta";"Sim";2;0;1;0;0;1;1;2;-28,31284;-52,788609;"SPRF-RS";"DEL08-RS";"UOP03-DEL08-RS"
517919;2023-04-19;"quarta-feira";"21:00:00";"MG";40;696;"BARBACENA";"Animais na Pista";"Atropelamento de Animal";"Com Vítimas Feridas";"Plena Noite";"Crescente";"Céu Claro";"Simples";"Aclive";"Não";1;0;0;1;0;0;1;1;-21,14688299;-43,76443098;"SPRF-MG";"DEL05-MG";"UOP02-DEL05-MG"