"id";"data_inversa";"dia_semana";"horario";"uf";"br";"km";"municipio";"causa_acidente";"tipo_acidente";"classificacao_acidente";"fase_dia";"sentido_via";"condicao_metereologica";"tipo_pista";"tracado_via";"uso_solo";"pessoas";"mortos";"feridos_leves";"feridos_graves";"ilesos";"ignorados";"feridos";"veiculos";"latitude";"longitude";"regional";"delegacia";"uop"
517920;2023-04-17;"segunda-feira";"03:30:00";"RJ";101;321;"NITEROI";"Reação tardia ou ineficiente do condutor";"Colisão com objeto";"Com Vítimas Feridas";"Plena Noite";"Crescente";"Céu Claro";"Dupla";"Curva";"Sim";3;0;2;0;1;0;2;1;-22,86981096;-43,11046465;"SPRF-RJ";"DEL02-RJ";"UOP01-DEL02-RJ"
517921;2023-04-19;"quarta-feira";"19:45:00";"SC";101;299;"IMBITUBA";"Ausência de reação do condutor";"Colisão com objeto";"Sem Vítimas";"Plena Noite";"Crescente";"Nublado";"Dupla";"Reta";"Não";2;0;0;0;2;0;0;1;-28,3286551;-48,73211466;"SPRF-SC";"DEL02-SC";"UOP03-DEL02-SC"
517922;2023-04-19;"quarta-feira";"21:25:00";"ES";101;220,8;"IBIRACU";"Condutor deixou de manter distância do veículo da frente";"Colisão lateral mesmo sentido";"Com Vítimas Feridas";"Pleno dia";"Crescente";"Chuva";"Simples";"Reta";"Não";2;0;1;0;1;0;1;2;-19,86379124;-40,39171492;"SPRF-ES";"DEL02-ES";"UOP01-DEL02-ES"
517923;2023-04-19;"quarta-feira";"18:05:00";"SC";280;227;"TRES BARRAS";"Ultrapassagem Indevida";"Colisão frontal";"Com Vítimas Feridas";"Plena Noite";"Decrescente";"Céu Claro";"Simples";"Reta;Aclive";"Não";18;0;1;1;16;0;2;2;-26,18271156;-50,33250707;"SPRF-SC";"DEL06-SC";"UOP04-DEL06-SC"
517926;2023-04-19;"quarta-feira";"19:30:00";"RN";226;247,1;"JUCURUTU";"Entrada inopinada do pedestre";"Atropelamento de Pedestre";"Com Vítimas Feridas";"Plena Noite";"Decrescente";"Céu Claro";"Simples";"Reta;Declive";"Não";2;0;2;0;0;0;2;2;-6,02442195;-37,02642828;"SPRF-RN";"DEL03-RN";"UOP01-DEL03-RN"
517927;2023-04-19;"quarta-feira";"22:00:00";"SP";116;144;"SAO JOSE DOS CAMPOS";"Ausência de reação do condutor";"Tombamento";"Com Vítimas Feridas";"Plena Noite";"Crescente";"Nublado";"Dupla";"Reta;Aclive";"Sim";1;0;1;0;0;0;1;1;-23,18274416;-45,84633592;"SPRF-SP";"DEL02-SP";"UOP01-DEL02-SP"
517928;2023-04-19;"quarta-feira";"18:20:00";"MG";262;429,1;"SAO GONCALO DO PARA";"Reação tardia ou ineficiente do condutor";"Colisão com objeto";"Com Vítimas Feridas";"Plena Noite";"Crescente";"Vento";"Dupla";"Reta";"Não";1;0;1;0;0;0;1;1;-19,88839281;-44,79613504;"SPRF-MG";"DEL08-MG";"UOP03-DEL08-MG"
517929;2023-04-19;"quarta-feira";"21:30:00";"SC";101;140,3;"BALNEARIO CAMBORIU";"Animais na Pista";"Atropelamento de Animal";"Com Vítimas Feridas";"Plena Noite";"Crescente";"Céu Claro";"Simples";"Aclive";"Não";2;0;1;1;0;0;2;1;-27,03881189;-48,60025148;"SPRF-SC";"DEL04-SC";"UOP03-DEL04-SC"
517932;2023-04-20;"quinta-feira";"00:50:00";"SC";101;161;"PORTO BELO";"Ausência de reação do condutor";"Saída de leito carroçável";"Com Vítimas Feridas";"Plena Noite";"Crescente";"Céu Claro";"Dupla";"Reta";"Não";1;0;1;0;0;0;1;1;-27,20831288;-48,61987922;"SPRF-SC";"DEL04-SC";"UOP03-DEL04-SC"
517934;2023-04-19;"quarta-feira";"21:05:00";"BA";330;853;"BARRA DO ROCHA";"Pedestre andava na pista";"Atropelamento de Pedestre";"Com Vítimas Fatais";"Plena Noite";"Decrescente";"Céu Claro";"Simples";"Reta";"Não";3;1;0;0;2;0;0;2;-14,19508316;-39,63681602;"SPRF-BA";"DEL03-BA";"UOP01-DEL03-BA"
517936;2023-04-20;"quinta-feira";"04:15:00";"MS";163;614,8;"SAO GABRIEL DO OESTE";"Acessar a via sem observar a presença dos outros veículos";"Colisão transversal";"Com Vítimas Feridas";"Plena Noite";"Crescente";"Nublado";"Simples";"Reta";"Sim";2;0;1;0;1;0;1;2;-19,39850778;-54,56579964;"SPRF-MS";"DEL06-MS";"UOP02-DEL06-MS"
517937;2023-04-20;"quinta-feira";"01:45:00";"MT";70;727;"CACERES";"Entrada inopinada do pedestre";"Atropelamento de Pedestre";"Com Vítimas Fatais";"Plena Noite";"Decrescente";"Nublado";"Simples";"Reta";"Não";2;1;0;0;1;0;0;2;-16,12157991;-57,66333103;"SPRF-MT";"DEL03-MT";"UOP01-DEL03-MT"
517939;2023-04-20;"quinta-feira";"06:20:00";"PI";402;42,6;"PARNAIBA";"Pedestre andava na pista";"Atropelamento de Pedestre";"Com Vítimas Fatais";"Amanhecer";"Crescente";"Céu Claro";"Simples";"Reta";"Não";2;1;0;0;0;1;0;2;-2,98510104;-41,70684329;"SPRF-PI";"DEL05-PI";"UOP01-DEL05-PI"
517943;2023-04-20;"quinta-feira";"06:53:00";"CE";116;2,5;"FORTALEZA";"Reação tardia ou ineficiente do condutor";"Colisão lateral mesmo sentido";"Com Vítimas Feridas";"Pleno dia";"Decrescente";"Céu Claro";"Múltipla";"Reta";"Sim";2;0;0;1;1;0;1;2;-3,76839764;-38,51733685;"SPRF-CE";"DEL01-CE";"UOP02-DEL01-CE"
517944;2023-04-20;"quinta-feira";"06:27:00";"RJ";101;310;"SAO GONCALO";"Condutor deixou de manter distância do veículo da frente";"Colisão lateral mesmo sentido";"Com Vítimas Feridas";"Pleno dia";"Crescente";"Sol";"Dupla";"Reta";"Sim";2;0;1;0;0;1;1;2;-22,79717023;-43,04404993;"SPRF-RJ";"DEL02-RJ";"UOP02-DEL02-RJ"
517945;2023-04-19;"quarta-feira";"20:50:00";"SC";470;66;"INDAIAL";"Ausência de reação do condutor";"Tombamento";"Sem Vítimas";"Plena Noite";"Decrescente";"Nublado";"Simples";"Rotatória";"Sim";1;0;0;0;0;1;0;1;-26,870407;-49,221844;"SPRF-SC";"DEL04-SC";"UOP01-DEL04-SC"
517950;2023-04-20;"quinta-feira";"08:05:00";"ES";101;267;"SERRA";"Demais falhas mecânicas ou elétricas";"Saída de leito carroçável";"Sem Vítimas";"Pleno dia";"Crescente";"Céu Claro";"Múltipla";"Curva";"Sim";1;0;0;0;0;1;0;1;-20,19930999;-40,26884609;"SPRF-ES";"DEL02-ES";"UOP01-DEL02-ES"
517951;2023-04-20;"quinta-feira";"07:30:00";"RJ";116;282;"BARRA MANSA";"Ingestão de álcool pelo condutor";"Colisão com objeto";"Sem Vítimas";"Pleno dia";"Crescente";"Céu Claro";"Dupla";"Reta";"Sim";1;0;0;0;1;0;0;1;-22,52405173;-44,20072574;"SPRF-RJ";"DEL07-RJ";"UOP02-DEL07-RJ"
517952;2023-04-20;"quinta-feira";"07:16:00";"SC";101;211,9;"PALHOCA";"Condutor deixou de manter distância do veículo da frente";"Colisão traseira";"Com Vítimas Feridas";"Pleno dia";"Crescente";"Sol";"Múltipla";"Declive";"Sim";2;0;1;0;1;0;1;2;-27,62329313;-48,65245588;"SPRF-SC";"DEL01-SC";"UOP02-DEL01-SC"
517953;2023-04-20;"quinta-feira";"06:30:00";"RS";285;375;"SALDANHA MARINHO";"Demais Fenômenos da natureza";"Saída de leito carroçável";"Com Vítimas Feridas";"Amanhecer";"Decrescente";"Céu Claro";"Simples";"Curva";"Não";2;0;2;0;0;0;2;1;-28,412359;-53,111118;"SPRF-RS";"DEL10-RS";"UOP02-DEL10-RS"
517954;2023-04-20;"quinta-feira";"07:00:00";"RJ";40;115;"DUQUE DE CAXIAS";"Estacionar ou parar em local proibido";"Colisão traseira";"Com Vítimas Feridas";"Pleno dia";"Crescente";"Céu Claro";"Múltipla";"Reta";"Não";4;0;4;0;0;0;4;2;-22,72756999;-43,2891609;"SPRF-RJ";"DEL01-RJ";"UOP01-DEL01-RJ"
517955;2023-04-20;"quinta-feira";"08:00:00";"SC";101;253;"PAULO LOPES";"Reação tardia ou ineficiente do condutor";"Colisão transversal";"Com Vítimas Feridas";"Pleno dia";"Crescente";"Céu Claro";"Múltipla";"Reta;Interseção de Vias;Viaduto";"Sim";3;0;0;2;1;0;2;2;-27,96671631;-48,67932558;"SPRF-SC";"DEL02-SC";"UOP03-DEL02-SC"
517958;2023-04-20;"quinta-feira";"07:30:00";"SC";101;210,3;"SAO JOSE";"Reação tardia ou ineficiente do condutor";"Engavetamento";"Com Vítimas Feridas";"Pleno dia";"Crescente";"Céu Claro";"Múltipla";"Reta";"Sim";4;0;1;0;3;0;1;4;-27,6167305;-48,6457265;"SPRF-SC";"DEL01-SC";"UOP01-DEL01-SC"
517959;2023-04-20;"quinta-feira";"08:07:00";"DF";80;15;"BRASILIA";"Reação tardia ou ineficiente do condutor";"Colisão traseira";"Com Vítimas Feridas";"Pleno dia";"Decrescente";"Céu Claro";"Simples";"Reta";"Não";2;0;1;0;1;0;1;2;-15,710013;-48,199486;"SPRF-DF";"DEL03-DF";"UOP02-DEL03-DF"
517960;2023-04-20;"quinta-feira";"08:06:00";"RJ";116;181;"NOVA IGUACU";"Condutor deixou de manter distância do veículo da frente";"Colisão traseira";"Com Vítimas Feridas";"Pleno dia";"Decrescente";"Céu Claro";"Dupla";"Reta";"Sim";3;0;1;0;2;0;1;3;-22,761312;-43,423492;"SPRF-RJ";"DEL01-RJ";"UOP02-DEL01-RJ"
517961;2023-04-20;"quinta-feira";"08:15:00";"MG";116;768,3;"LEOPOLDINA";"Transitar na contramão";"Queda de ocupante de veículo";"Com Vítimas Feridas";"Pleno dia";"Decrescente";"Céu Claro";"Simples";"Reta";"Não";3;0;1;0;2;0;1;3;-21,54357124;-42,65688182;"SPRF-MG";"DEL07-MG";"UOP01-DEL07-MG"
517962;2023-04-20;"quinta-feira";"08:30:00";"MG";381;491;"BETIM";"Manobra de mudança de faixa";"Colisão lateral mesmo sentido";"Com Vítimas Feridas";"Pleno dia";"Decrescente";"Céu Claro";"Dupla";"Reta";"Não";2;0;1;0;1;0;1;2;-19,957216;-44,149394;"SPRF-MG";"DEL01-MG";"UOP03-DEL01-MG"
517963;2023-04-20;"quinta-feira";"07:14:00";"RJ";101;312;"SAO GONCALO";"Avarias e/ou desgaste excessivo no pneu";"Queda de ocupante de veículo";"Com Vítimas Feridas";"Pleno dia";"Crescente";"Sol";"Dupla";"Reta";"Sim";1;0;1;0;0;0;1;1;-22,80546555;-43,06156967;"SPRF-RJ";"DEL02-RJ";"UOP02-DEL02-RJ"
517964;2023-04-20;"quinta-feira";"06:30:00";"PI";316;27;"DEMERVAL LOBAO";"Acessar a via sem observar a presença dos outros veículos";"Colisão transversal";"Com Vítimas Feridas";"Pleno dia";"Decrescente";"Céu Claro";"Simples";"Declive";"Não";3;0;1;1;0;1;2;2;-5,30982304;-42,70451509;"SPRF-PI";"DEL01-PI";"UOP02-DEL01-PI"
517965;2023-04-20;"quinta-feira";"06:00:00";"PE";101;10;"GOIANA";"Ausência de reação do condutor";"Colisão traseira";"Com Vítimas Feridas";"Pleno dia";"Crescente";"Nevoeiro/Neblina";"Dupla";"Reta;Aclive";"Não";2;0;1;0;1;0;1;2;-7,58679204;-34,98736241;"SPRF-PE";"DEL01-PE";"UOP02-DEL01-PE"
517966;2023-04-20;"quinta-feira";"07:10:00";"RJ";40;120;"DUQUE DE CAXIAS";"Condutor deixou de manter distância do veículo da frente";"Engavetamento";"Com Vítimas Feridas";"Pleno dia";"Crescente";"Céu Claro";"Múltipla";"Reta";"Sim";3;0;1;0;2;0;1;3;-22,77280597;-43,28626763;"SPRF-RJ";"DEL01-RJ";"UOP01-DEL01-RJ"
517969;2023-04-20;"quinta-feira";"07:48:00";"PR";277;586,3;"CASCAVEL";"Desrespeitar a preferência no cruzamento";"Colisão transversal";"Com Vítimas Feridas";"Pleno dia";"Crescente";"Céu Claro";"Simples";"Interseção de Vias";"Sim";2;0;1;0;1;0;1;2;-24,9649472;-53,4210459;"SPRF-PR";"DEL04-PR";"UOP01-DEL04-PR"
517970;2023-04-20;"quinta-feira";"07:25:00";"RS";116;179,8;"NOVA PETROPOLIS";"Acumulo de areia ou detritos sobre o pavimento";"Queda de ocupante de veículo";"Com Vítimas Feridas";"Pleno dia";"Crescente";"Céu Claro";"Simples";"Curva";"Não";1;0;1;0;0;0;1;1;-29,35649933;-51,12984938;"SPRF-RS";"DEL05-RS";"UOP02-DEL05-RS"
517973;2023-04-20;"quinta-feira";"09:28:00";"PE";101;80;"JABOATAO DOS GUARARAPES";"Ausência de reação do condutor";"Colisão lateral mesmo sentido";"Com Vítimas Feridas";"Pleno dia";"Crescente";"Céu Claro";"Dupla";"Retorno Regulamentado";"Sim";2;0;1;0;1;0;1;2;-8,15112589;-34,9428866;"SPRF-PE";"DEL01-PE";"UOP01-DEL01-PE"
517974;2023-04-10;"segunda-feira";"14:07:00";"MG";40;63;"PARACATU";"Velocidade Incompatível";"Saída de leito carroçável";"Sem Vítimas";"Pleno dia";"Crescente";"Nublado";"Simples";"Reta";"Não";1;0;0;0;1;0;0;1;-17,34418904;-46,75472907;"SPRF-MG";"DEL14-MG";"UOP01-DEL14-MG"
517976;2023-03-31;"sexta-feira";"21:45:00";"PR";277;95;"CURITIBA";"Condutor deixou de manter distância do veículo da frente";"Colisão traseira";"Com Vítimas Feridas";"Plena Noite";"Crescente";"Céu Claro";"Dupla";"Curva";"Sim";2;0;0;1;1;0;1;2;-25,4303566;-49,32155907;"SPRF-PR";"DEL01-PR";"UOP06-DEL01-PR"
517978;2023-04-20;"quinta-feira";"09:00:00";"MT";163;834;"SINOP";"Acessar a via sem observar a presença dos outros veículos";"Colisão transversal";"Com Vítimas Feridas";"Pleno dia";"Decrescente";"Céu Claro";"Simples";"Reta";"Não";3;0;1;1;1;0;2;2;-11,995863;-55,51709;"SPRF-MT";"DEL06-MT";"UOP02-DEL06-MT"
517979;2023-02-11;"sábado";"23:50:00";"SP";116;77,3;"ROSEIRA";"Reação tardia ou ineficiente do condutor";"Colisão traseira";"Com Vítimas Feridas";"Plena Noite";"Decrescente";"Nublado";"Dupla";"Reta";"Não";2;0;1;0;1;0;1;2;-22,88334222;-45,27934983;"SPRF-SP";"DEL08-SP";"UOP01-DEL08-SP"
517980;2023-04-20;"quinta-feira";"09:50:00";"GO";60;388;"RIO VERDE";"Carga excessiva e/ou mal acondicionada";"Derramamento de carga";"Com Vítimas Feridas";"Pleno dia";"Crescente";"Sol";"Dupla";"Aclive;Reta";"Sim";2;0;1;0;1;0;1;2;-17,8151;-50,9343;"SPRF-GO";"DEL04-GO";"UOP02-DEL04-GO"
517981;2023-03-25;"sábado";"07:30:00";"RN";101;85;"SAO GONCALO DO AMARANTE";"Manobra de mudança de faixa";"Colisão traseira";"Com Vítimas Feridas";"Pleno dia";"Crescente";"Céu Claro";"Dupla";"Declive;Viaduto";"Sim";5;0;0;2;3;0;2;3;-5,777664;-35,24937;"SPRF-RN";"DEL02-RN";"UOP01-DEL02-RN"
517983;2023-04-20;"quinta-feira";"07:35:00";"RO";364;424;"JARU";"Desrespeitar a preferência no cruzamento";"Colisão transversal";"Com Vítimas Feridas";"Amanhecer";"Decrescente";"Céu Claro";"Dupla";"Reta";"Sim";3;0;1;0;1;1;1;3;-10,44457274;-62,46568412;"SPRF-RO";"DEL03-RO";"UOP02-DEL03-RO"
517986;2023-04-20;"quinta-feira";"08:15:00";"MG";153;24,1;"CENTRALINA";"Reação tardia ou ineficiente do condutor";"Tombamento";"Com Vítimas Feridas";"Pleno dia";"Crescente";"Céu Claro";"Dupla";"Curva;Aclive";"Não";1;0;1;0;0;0;1;1;-18,63126816;-49,18366828;"SPRF-MG";"DEL15-MG";"UOP03-DEL15-MG"
517987;2023-04-20;"quinta-feira";"10:07:00";"SC";101;215,4;"PALHOCA";"Falta de elemento de contenção que evite a saída do leito carroçável";"Colisão transversal";"Com Vítimas Feridas";"Pleno dia";"Decrescente";"Sol";"Múltipla";"Interseção de Vias";"Sim";2;0;1;0;0;1;1;2;-27,65184843;-48,67604941;"SPRF-SC";"DEL01-SC";"UOP02-DEL01-SC"
517988;2023-04-20;"quinta-feira";"10:15:00";"RJ";356;76;"ITALVA";"Conversão proibida";"Colisão transversal";"Com Vítimas Feridas";"Pleno dia";"Crescente";"Céu Claro";"Simples";"Reta";"Sim";2;0;2;0;0;0;2;2;-21,4292092;-41,6933554;"SPRF-RJ";"DEL08-RJ";"UOP03-DEL08-RJ"
517990;2023-04-20;"quinta-feira";"07:35:00";"MG";262;37,7;"MANHUACU";"Ausência de reação do condutor";"Atropelamento de Pedestre";"Com Vítimas Feridas";"Pleno dia";"Crescente";"Céu Claro";"Simples";"Reta";"Sim";2;0;2;0;0;0;2;2;-20,25748975;-42,03048732;"SPRF-MG";"DEL06-MG";"UOP03-DEL06-MG"
517991;2023-03-20;"segunda-feira";"15:50:00";"GO";364;297;"MINEIROS";"Acostamento em desnível";"Colisão lateral mesmo sentido";"Com Vítimas Feridas";"Pleno dia";"Crescente";"Céu Claro";"Simples";"Reta";"Sim";3;0;0;1;2;0;1;2;-17,571753;-52,524223;"SPRF-GO";"DEL05-GO";"UOP01-DEL05-GO"
517994;2023-04-12;"quarta-feira";"18:50:00";"PE";101;58,8;"PAULISTA";"Ausência de reação do condutor";"Colisão traseira";"Com Vítimas Feridas";"Plena Noite";"Crescente";"Céu Claro";"Dupla";"Aclive;Reta";"Sim";2;0;1;0;1;0;1;2;-7,97063209;-34,92064675;"SPRF-PE";"DEL01-PE";"UOP02-DEL01-PE"
517995;2023-04-20;"quinta-feira";"12:00:00";"RS";158;323;"SANTA MARIA";"Acessar a via sem observar a presença dos outros veículos";"Colisão transversal";"Com Vítimas Feridas";"Pleno dia";"Crescente";"Céu Claro";"Simples";"Viaduto;Curva";"Sim";2;0;0;1;1;0;1;2;-29,69556822;-53,78022006;"SPRF-RS";"DEL09-RS";"UOP01-DEL09-RS"
517996;2023-04-20;"quinta-feira";"07:35:00";"SC";280;75,5;"JARAGUA DO SUL";"Acessar a via sem observar a presença dos outros veículos";"Colisão transversal";"Com Vítimas Feridas";"Pleno dia";"Decrescente";"Céu Claro";"Simples";"Reta;Retorno Regulamentado";"Sim";3;0;1;0;1;1;1;3;-26,458391;-49,170483;"SPRF-SC";"DEL03-SC";"UOP03-DEL03-SC"
517999;2023-04-20;"quinta-feira";"12:00:00";"MG";116;697,8;"MURIAE";"Avarias e/ou desgaste excessivo no pneu";"Capotamento";"Com Vítimas Feridas";"Pleno dia";"Decrescente";"Céu Claro";"Simples";"Curva;Declive";"Não";2;0;2;0;0;0;2;1;-21,07815212;-42,37218859;"SPRF-MG";"DEL07-MG";"UOP02-DEL07-MG"
518002;2023-04-20;"quinta-feira";"12:20:00";"MG";262;479,4;"BOM DESPACHO";"Ausência de reação do condutor";"Tombamento";"Com Vítimas Feridas";"Pleno dia";"Crescente";"Céu Claro";"Simples";"Reta";"Não";1;0;1;0;0;0;1;1;-19,78628062;-45,23887303;"SPRF-MG";"DEL08-MG";"UOP03-DEL08-MG"
518005;2023-04-20;"quinta-feira";"13:05:00";"SE";235;47;"ITABAIANA";"Acesso irregular";"Colisão traseira";"Com Vítimas Feridas";"Pleno dia";"Decrescente";"Céu Claro";"Simples";"Reta";"Sim";2;0;1;0;1;0;1;2;-10,731889;-37,411335;"SPRF-SE";"DEL01-SE";"UOP02-DEL01-SE"
518007;2023-04-20;"quinta-feira";"12:24:00";"RO";364;710;"PORTO VELHO";"Acesso irregular";"Colisão transversal";"Com Vítimas Feridas";"Pleno dia";"Decrescente";"Sol";"Dupla";"Reta";"Sim";2;0;1;0;1;0;1;2;-8,78621576;-63,85712687;"SPRF-RO";"DEL01-RO";"UOP01-DEL01-RO"
518009;2023-04-20;"quinta-feira";"12:20:00";"RS";470;155;"NOVA PRATA";"Acessar a via sem observar a presença dos outros veículos";"Colisão transversal";"Sem Vítimas";"Pleno dia";"Decrescente";"Céu Claro";"Simples";"Reta";"Não";2;0;0;0;2;0;0;2;-28,78243906;-51,61511825;"SPRF-RS";"DEL06-RS";"UOP02-DEL06-RS"
518011;2023-04-20;"quinta-feira";"12:55:00";"SP";116;274;"EMBU DAS ARTES";"Animais na Pista";"Atropelamento de Animal";"Com Vítimas Feridas";"Pleno dia";"Decrescente";"Céu Claro";"Dupla";"Reta";"Sim";1;0;1;0;0;0;1;1;-23,63445084;-46,82418514;"SPRF-SP";"DEL04-SP";"UOP01-DEL04-SP"
518013;2023-04-20;"quinta-feira";"01:00:00";"PI";316;31;"DEMERVAL LOBAO";"Animais na Pista";"Colisão transversal";"Sem Vítimas";"Plena Noite";"Crescente";"Céu Claro";"Simples";"Reta";"Não";1;0;0;0;1;0;0;1;-5,33958796;-42,69400899;"SPRF-PI";"DEL01-PI";"UOP02-DEL01-PI"
518016;2023-04-20;"quinta-feira";"14:00:00";"PR";376;2,5;"MANDAGUARI";"Acessar a via sem observar a presença dos outros veículos";"Colisão transversal";"Com Vítimas Feridas";"Pleno dia";"Crescente";"Sol";"Simples";"Reta";"Sim";2;0;2;0;0;0;2;2;-23,5147907;-51,6957076;"SPRF-PR";"DEL09-PR";"UOP01-DEL09-PR"
518019;2023-04-20;"quinta-feira";"10:00:00";"RJ";393;167,9;"TRES RIOS";"Conversão proibida";"Colisão transversal";"Com Vítimas Feridas";"Pleno dia";"Decrescente";"Céu Claro";"Simples";"Reta";"Sim";2;0;1;0;1;0;1;2;-22,12236191;-43,13976623;"SPRF-RJ";"DEL05-RJ";"UOP02-DEL05-RJ"
518020;2023-04-20;"quinta-feira";"14:10:00";"MG";40;449;"CAETANOPOLIS";"Reação tardia ou ineficiente do condutor";"Saída de leito carroçável";"Com Vítimas Feridas";"Pleno dia";"Crescente";"Sol";"Dupla";"Reta";"Não";1;0;1;0;0;0;1;1;-19,30931885;-44,37278577;"SPRF-MG";"DEL02-MG";"UOP01-DEL02-MG"
518021;2023-04-20;"quinta-feira";"14:45:00";"SP";116;227,8;"SAO PAULO";"Condutor deixou de manter distância do veículo da frente";"Colisão traseira";"Com Vítimas Feridas";"Pleno dia";"Crescente";"Céu Claro";"Simples";"Reta;Declive";"Não";3;0;1;0;2;0;1;3;-23,49659264;-46,55648754;"SPRF-SP";"DEL01-SP";"UOP01-DEL01-SP"
518022;2023-04-20;"quinta-feira";"13:50:00";"SC";101;209,7;"SAO JOSE";"Condutor deixou de manter distância do veículo da frente";"Colisão traseira";"Com Vítimas Feridas";"Pleno dia";"Decrescente";"Céu Claro";"Múltipla";"Reta";"Não";3;0;1;0;2;0;1;2;-27,61000542;-48,63895057;"SPRF-SC";"DEL01-SC";"UOP01-DEL01-SC"
518023;2023-04-20;"quinta-feira";"13:50:00";"SC";101;159,3;"PORTO BELO";"Mal súbito do condutor";"Colisão com objeto";"Com Vítimas Feridas";"Pleno dia";"Decrescente";"Sol";"Múltipla";"Reta";"Não";1;0;1;0;0;0;1;1;-27,1998778;-48,61534236;"SPRF-SC";"DEL04-SC";"UOP03-DEL04-SC"
518024;2023-04-20;"quinta-feira";"14:25:00";"MG";381;306;"ANTONIO DIAS";"Ausência de reação do condutor";"Colisão traseira";"Sem Vítimas";"Pleno dia";"Decrescente";"Céu Claro";"Simples";"Reta;Em Obras";"Não";3;0;0;0;3;0;0;2;-19,64962342;-42,93922008;"SPRF-MG";"DEL03-MG";"UOP02-DEL03-MG"
518025;2023-04-20;"quinta-feira";"12:25:00";"MG";262;37,8;"MANHUACU";"Conversão proibida";"Colisão lateral mesmo sentido";"Com Vítimas Feridas";"Pleno dia";"Crescente";"Céu Claro";"Simples";"Reta;Retorno Regulamentado";"Não";2;0;1;0;1;0;1;2;-20,25748975;-42,03048732;"SPRF-MG";"DEL06-MG";"UOP03-DEL06-MG"
518026;2023-04-20;"quinta-feira";"11:10:00";"MS";163;251;"DOURADOS";"Transitar na contramão";"Colisão traseira";"Com Vítimas Feridas";"Pleno dia";"Decrescente";"Céu Claro";"Dupla";"Reta";"Sim";9;0;1;0;8;0;1;2;-22,29688701;-54,82117014;"SPRF-MS";"DEL04-MS";"UOP02-DEL04-MS"
518027;2023-04-20;"quinta-feira";"15:05:00";"RS";116;144,7;"CAXIAS DO SUL";"Manobra de mudança de faixa";"Colisão traseira";"Com Vítimas Feridas";"Pleno dia";"Crescente";"Sol";"Dupla";"Reta";"Sim";2;0;1;0;1;0;1;2;-29,1267449;-51,12768983;"SPRF-RS";"DEL05-RS";"UOP01-DEL05-RS"
518030;2023-04-20;"quinta-feira";"15:20:00";"PE";101;75,4;"RECIFE";"Reação tardia ou ineficiente do condutor";"Saída de leito carroçável";"Com Vítimas Feridas";"Pleno dia";"Decrescente";"Céu Claro";"Dupla";"Reta";"Sim";1;0;0;1;0;0;1;1;-8,115001;-34,944659;"SPRF-PE";"DEL01-PE";"UOP01-DEL01-PE"
518031;2023-04-20;"quinta-feira";"14:40:00";"BA";324;584;"CANDEIAS";"Demais falhas mecânicas ou elétricas";"Capotamento";"Com Vítimas Feridas";"Pleno dia";"Crescente";"Céu Claro";"Dupla";"Reta";"Não";2;0;2;0;0;0;2;1;-12,62182288;-38,48260875;"SPRF-BA";"DEL01-BA";"UOP01-DEL01-BA"
518032;2023-04-20;"quinta-feira";"15:20:00";"SC";282;23;"SANTO AMARO DA IMPERATRIZ";"Ultrapassagem Indevida";"Colisão lateral mesmo sentido";"Com Vítimas Feridas";"Pleno dia";"Decrescente";"Céu Claro";"Simples";"Reta";"Não";3;0;1;1;1;0;2;2;-27,68497218;-48,74299049;"SPRF-SC";"DEL01-SC";"UOP02-DEL01-SC"
518033;2023-04-20;"quinta-feira";"15:00:00";"SP";116;227,5;"GUARULHOS";"Reação tardia ou ineficiente do condutor";"Tombamento";"Com Vítimas Feridas";"Pleno dia";"Crescente";"Céu Claro";"Múltipla";"Reta";"Sim";1;0;1;0;0;0;1;1;-23,49659264;-46,55648754;"SPRF-SP";"DEL01-SP";"UOP01-DEL01-SP"
518034;2023-04-20;"quinta-feira";"11:25:00";"MT";174;303;"PONTES E LACERDA";"Manobra de mudança de faixa";"Colisão frontal";"Com Vítimas Fatais";"Pleno dia";"Decrescente";"Céu Claro";"Simples";"Reta";"Não";2;1;0;0;1;0;0;2;-15,10719496;-59,30806909;"SPRF-MT";"DEL04-MT";"UOP01-DEL04-MT"
518035;2023-04-20;"quinta-feira";"14:25:00";"RJ";101;471;"ANGRA DOS REIS";"Acessar a via sem observar a presença dos outros veículos";"Colisão transversal";"Com Vítimas Feridas";"Pleno dia";"Crescente";"Nublado";"Simples";"Reta";"Sim";2;0;1;0;1;0;1;2;-22,99649604;-44,22906307;"SPRF-RJ";"DEL03-RJ";"UOP03-DEL03-RJ"
518037;2023-04-20;"quinta-feira";"14:18:00";"PR";277;518,2;"GUARANIACU";"Desrespeitar a preferência no cruzamento";"Colisão transversal";"Com Vítimas Feridas";"Pleno dia";"Crescente";"Sol";"Simples";"Interseção de Vias";"Sim";3;0;0;1;1;1;1;3;-25,11240772;-52,83208297;"SPRF-PR";"DEL04-PR";"UOP04-DEL04-PR"
518038;2023-04-20;"quinta-feira";"15:30:00";"SP";116;229;"SAO PAULO";"Manobra de mudança de faixa";"Colisão traseira";"Com Vítimas Feridas";"Pleno dia";"Decrescente";"Nublado";"Múltipla";"Reta";"Sim";2;0;1;0;1;0;1;2;-23,51291902;-46,57604698;"SPRF-SP";"DEL01-SP";"UOP01-DEL01-SP"