"id";"data_inversa";"dia_semana";"horario";"uf";"br";"km";"municipio";"causa_acidente";"tipo_acidente";"classificacao_acidente";"fase_dia";"sentido_via";"condicao_metereologica";"tipo_pista";"tracado_via";"uso_solo";"pessoas";"mortos";"feridos_leves";"feridos_graves";"ilesos";"ignorados";"feridos";"veiculos";"latitude";"longitude";"regional";"delegacia";"uop"
518039;2023-04-20;"quinta-feira";"15:30:00";"MG";40;751,6;"SANTOS DUMONT";"Reação tardia ou ineficiente do condutor";"Colisão lateral mesmo sentido";"Com Vítimas Fatais";"Pleno dia";"Decrescente";"Céu Claro";"Simples";"Declive;Reta";"Não";36;1;0;0;35;0;0;2;-21,50366644;-43,531394;"SPRF-MG";"DEL05-MG";"UOP01-DEL05-MG"
518040;2023-04-20;"quinta-feira";"13:45:00";"PR";369;177,5;"ROLANDIA";"Pedestre cruzava a pista fora da faixa";"Atropelamento de Pedestre";"Com Vítimas Feridas";"Pleno dia";"Crescente";"Céu Claro";"Simples";"Reta";"Sim";2;0;0;1;1;0;1;2;-23,346578;-51,386319;"SPRF-PR";"DEL07-PR";"UOP01-DEL07-PR"
518041;2023-04-20;"quinta-feira";"16:05:00";"SP";116;273;"TABOAO DA SERRA";"Manobra de mudança de faixa";"Atropelamento de Pedestre";"Com Vítimas Feridas";"Pleno dia";"Decrescente";"Céu Claro";"Dupla";"Curva";"Sim";2;0;1;0;1;0;1;2;-23,621691;-46,813288;"SPRF-SP";"DEL04-SP";"UOP01-DEL04-SP"
518042;2023-04-20;"quinta-feira";"11:23:00";"RJ";101;298;"ITABORAI";"Acesso irregular";"Atropelamento de Pedestre";"Com Vítimas Feridas";"Pleno dia";"Decrescente";"Sol";"Dupla";"Reta";"Não";2;0;1;0;1;0;1;2;-22,7714;-42,92896;"SPRF-RJ";"DEL02-RJ";"UOP02-DEL02-RJ"
518043;2023-04-20;"quinta-feira";"15:55:00";"GO";40;12,8;"LUZIANIA";"Manobra de mudança de faixa";"Colisão lateral mesmo sentido";"Com Vítimas Feridas";"Pleno dia";"Crescente";"Céu Claro";"Dupla";"Reta";"Sim";2;0;0;1;0;1;1;2;-16,145123;-47,945382;"SPRF-DF";"DEL01-DF";"UOP01-DEL01-DF"
518045;2023-04-20;"quinta-feira";"16:30:00";"PB";101;85,8;"BAYEUX";"Ausência de reação do condutor";"Colisão traseira";"Com Vítimas Feridas";"Pleno dia";"Decrescente";"Céu Claro";"Dupla";"Reta";"Não";8;0;2;0;6;0;2;2;-7,14538184;-34,91662887;"SPRF-PB";"DEL01-PB";"UOP01-DEL01-PB"
518046;2023-04-20;"quinta-feira";"16:30:00";"PE";101;49,5;"ABREU E LIMA";"Entrada inopinada do pedestre";"Atropelamento de Pedestre";"Com Vítimas Feridas";"Pleno dia";"Crescente";"Céu Claro";"Múltipla";"Reta;Interseção de Vias";"Sim";2;0;0;1;1;0;1;2;-7,9005152;-34,90180641;"SPRF-PE";"DEL01-PE";"UOP02-DEL01-PE"
518048;2023-04-20;"quinta-feira";"16:35:00";"SC";280;6,8;"SAO FRANCISCO DO SUL";"Trafegar com motocicleta (ou similar) entre as faixas";"Colisão transversal";"Com Vítimas Feridas";"Pleno dia";"Crescente";"Céu Claro";"Simples";"Reta";"Sim";2;0;1;1;0;0;2;2;-26,26569095;-48,63361804;"SPRF-SC";"DEL03-SC";"UOP03-DEL03-SC"
518049;2023-04-20;"quinta-feira";"16:20:00";"SP";116;205;"ARUJA";"Reação tardia ou ineficiente do condutor";"Colisão com objeto";"Com Vítimas Feridas";"Pleno dia";"Decrescente";"Céu Claro";"Múltipla";"Reta";"Sim";1;0;1;0;0;0;1;1;-23,41475243;-46,36600788;"SPRF-SP";"DEL01-SP";"UOP01-DEL01-SP"
518050;2023-04-20;"quinta-feira";"14:20:00";"RJ";101;282;"ITABORAI";"Ausência de reação do condutor";"Queda de ocupante de veículo";"Com Vítimas Feridas";"Pleno dia";"Decrescente";"Céu Claro";"Dupla";"Curva;Declive";"Não";1;0;1;0;0;0;1;1;-22,73660679;-42,80033112;"SPRF-RJ";"DEL02-RJ";"UOP03-DEL02-RJ"
518051;2023-04-20;"quinta-feira";"06:40:00";"SP";381;80;"SAO PAULO";"Ausência de reação do condutor";"Tombamento";"Com Vítimas Feridas";"Amanhecer";"Crescente";"Céu Claro";"Múltipla";"Reta";"Não";1;0;1;0;0;0;1;1;-23,40889686;-46,58095945;"SPRF-SP";"DEL03-SP";"UOP01-DEL03-SP"
518053;2023-04-20;"quinta-feira";"17:11:00";"ES";101;297,4;"VIANA";"Condutor deixou de manter distância do veículo da frente";"Colisão traseira";"Com Vítimas Feridas";"Anoitecer";"Crescente";"Nublado";"Dupla";"Reta";"Sim";4;0;1;0;3;0;1;3;-20,34864065;-40,41206002;"SPRF-ES";"DEL01-ES";"UOP01-DEL01-ES"
518054;2023-04-20;"quinta-feira";"17:00:00";"RJ";116;78;"TERESOPOLIS";"Reação tardia ou ineficiente do condutor";"Colisão transversal";"Com Vítimas Feridas";"Plena Noite";"Crescente";"Nublado";"Simples";"Reta";"Não";2;0;1;0;1;0;1;2;-22,37408687;-42,95260496;"SPRF-RJ";"DEL04-RJ";"UOP01-DEL04-RJ"
518055;2023-04-20;"quinta-feira";"15:50:00";"RS";285;84,6;"BOM JESUS";"Condutor deixou de manter distância do veículo da frente";"Colisão com objeto";"Com Vítimas Feridas";"Pleno dia";"Crescente";"Céu Claro";"Simples";"Reta";"Não";1;0;1;0;0;0;1;1;-28,643074;-50,641171;"SPRF-RS";"DEL05-RS";"UOP03-DEL05-RS"
518056;2023-04-20;"quinta-feira";"16:10:00";"PR";277;731;"FOZ DO IGUACU";"Ultrapassagem Indevida";"Colisão frontal";"Com Vítimas Feridas";"Pleno dia";"Decrescente";"Céu Claro";"Simples";"Ponte";"Sim";3;0;0;3;0;0;3;2;-25,50956278;-54,60007668;"SPRF-PR";"DEL05-PR";"UOP03-DEL05-PR"
518057;2023-04-20;"quinta-feira";"17:15:00";"MG";40;611,9;"CONGONHAS";"Entrada inopinada do pedestre";"Atropelamento de Pedestre";"Com Vítimas Feridas";"Pleno dia";"Decrescente";"Sol";"Simples";"Curva;Aclive";"Não";2;0;1;0;1;0;1;2;-20,51872;-43,834168;"SPRF-MG";"DEL05-MG";"UOP02-DEL05-MG"
518059;2023-04-20;"quinta-feira";"16:55:00";"PB";361;57,3;"OLHO DAGUA";"Animais na Pista";"Atropelamento de Animal";"Com Vítimas Feridas";"Pleno dia";"Decrescente";"Céu Claro";"Simples";"Reta;Declive";"Não";1;0;0;1;0;0;1;1;-7,183537;-37,709735;"SPRF-PB";"DEL03-PB";"UOP01-DEL03-PB"
518060;2023-04-18;"terça-feira";"20:50:00";"PR";476;87;"BOCAIUVA DO SUL";"Velocidade Incompatível";"Saída de leito carroçável";"Sem Vítimas";"Plena Noite";"Decrescente";"Ignorado";"Simples";"Curva";"Não";1;0;0;0;0;1;0;1;-25,176512;-49,111965;"SPRF-PR";"DEL01-PR";"UOP01-DEL01-PR"
518061;2023-04-20;"quinta-feira";"16:55:00";"MG";40;781,3;"JUIZ DE FORA";"Sinalização mal posicionada";"Colisão traseira";"Com Vítimas Feridas";"Pleno dia";"Crescente";"Céu Claro";"Dupla";"Reta";"Não";3;0;2;0;1;0;2;2;-21,68759907;-43,45049615;"SPRF-MG";"DEL05-MG";"UOP01-DEL05-MG"
518062;2023-04-20;"quinta-feira";"17:15:00";"SP";116;189,2;"SANTA ISABEL";"Reação tardia ou ineficiente do condutor";"Colisão com objeto";"Com Vítimas Feridas";"Anoitecer";"Decrescente";"Céu Claro";"Dupla";"Curva;Declive";"Não";1;0;1;0;0;0;1;1;-23,36435234;-46,22488684;"SPRF-SP";"DEL01-SP";"UOP01-DEL01-SP"
518063;2023-04-20;"quinta-feira";"15:50:00";"GO";153;682;"ITUMBIARA";"Acessar a via sem observar a presença dos outros veículos";"Colisão transversal";"Com Vítimas Feridas";"Pleno dia";"Crescente";"Céu Claro";"Dupla";"Reta;Aclive";"Não";3;0;1;0;2;0;1;2;-18,2401;-49,2569;"SPRF-GO";"DEL03-GO";"UOP02-DEL03-GO"
518066;2023-04-20;"quinta-feira";"18:15:00";"SC";101;199,3;"BIGUACU";"Manobra de mudança de faixa";"Colisão traseira";"Com Vítimas Feridas";"Plena Noite";"Decrescente";"Céu Claro";"Múltipla";"Reta";"Sim";2;0;1;0;1;0;1;2;-27,53413705;-48,63003205;"SPRF-SC";"DEL01-SC";"UOP01-DEL01-SC"
518070;2023-04-20;"quinta-feira";"15:50:00";"RO";364;237,9;"CACOAL";"Ingestão de álcool pelo condutor";"Colisão traseira";"Com Vítimas Feridas";"Pleno dia";"Crescente";"Sol";"Simples";"Reta";"Sim";4;0;2;0;2;0;2;3;-11,438347;-61,455257;"SPRF-RO";"DEL02-RO";"UOP02-DEL02-RO"
518073;2023-04-20;"quinta-feira";"16:35:00";"MG";262;40,2;"MANHUACU";"Reação tardia ou ineficiente do condutor";"Colisão transversal";"Com Vítimas Feridas";"Pleno dia";"Crescente";"Céu Claro";"Simples";"Reta;Retorno Regulamentado";"Sim";3;0;2;0;1;0;2;2;-20,27334219;-42,04913988;"SPRF-MG";"DEL06-MG";"UOP03-DEL06-MG"
518074;2023-04-20;"quinta-feira";"17:30:00";"RS";116;25,3;"VACARIA";"Frear bruscamente";"Queda de ocupante de veículo";"Com Vítimas Feridas";"Pleno dia";"Decrescente";"Céu Claro";"Simples";"Reta";"Não";1;0;0;1;0;0;1;1;-28,40611002;-50,85626496;"SPRF-RS";"DEL05-RS";"UOP03-DEL05-RS"
518075;2023-04-20;"quinta-feira";"10:05:00";"PI";316;69;"MONSENHOR GIL";"Condutor deixou de manter distância do veículo da frente";"Colisão traseira";"Com Vítimas Feridas";"Pleno dia";"Decrescente";"Nublado";"Simples";"Reta";"Sim";2;0;0;1;1;0;1;2;-5,64919099;-42,59145462;"SPRF-PI";"DEL01-PI";"UOP02-DEL01-PI"
518077;2023-04-20;"quinta-feira";"17:40:00";"PR";277;597;"CASCAVEL";"Manobra de mudança de faixa";"Tombamento";"Com Vítimas Feridas";"Anoitecer";"Decrescente";"Céu Claro";"Dupla";"Curva";"Sim";1;0;0;1;0;0;1;1;-24,99513602;-53,51418998;"SPRF-PR";"DEL04-PR";"UOP01-DEL04-PR"
518078;2023-04-20;"quinta-feira";"18:30:00";"SC";101;114;"ITAJAI";"Manobra de mudança de faixa";"Colisão lateral mesmo sentido";"Com Vítimas Feridas";"Anoitecer";"Decrescente";"Nublado";"Múltipla";"Reta";"Sim";2;0;1;0;1;0;1;2;-26,86192886;-48,7286704;"SPRF-SC";"DEL04-SC";"UOP04-DEL04-SC"
518079;2023-04-20;"quinta-feira";"17:36:00";"PE";232;11;"JABOATAO DOS GUARARAPES";"Manobra de mudança de faixa";"Colisão transversal";"Com Vítimas Feridas";"Anoitecer";"Decrescente";"Céu Claro";"Simples";"Retorno Regulamentado";"Sim";2;0;0;1;1;0;1;2;-8,08577691;-35,00345603;"SPRF-PE";"DEL01-PE";"UOP01-DEL01-PE"
518082;2023-01-06;"sexta-feira";"08:20:00";"PR";376;179,1;"MARINGA";"Manobra de mudança de faixa";"Colisão lateral mesmo sentido";"Com Vítimas Feridas";"Pleno dia";"Decrescente";"Céu Claro";"Dupla";"Interseção de Vias";"Sim";2;0;0;1;1;0;1;2;-23,42055585;-51,90967083;"SPRF-PR";"DEL09-PR";"UOP01-DEL09-PR"
518085;2023-04-20;"quinta-feira";"19:00:00";"SP";116;220;"GUARULHOS";"Condutor deixou de manter distância do veículo da frente";"Tombamento";"Com Vítimas Feridas";"Plena Noite";"Crescente";"Céu Claro";"Múltipla";"Reta";"Sim";1;0;1;0;0;0;1;1;-23,46472809;-46,49793962;"SPRF-SP";"DEL01-SP";"UOP01-DEL01-SP"
518086;2023-04-20;"quinta-feira";"18:00:00";"PB";230;56,8;"CRUZ DO ESPIRITO SANTO";"Velocidade Incompatível";"Colisão com objeto";"Com Vítimas Feridas";"Plena Noite";"Crescente";"Céu Claro";"Dupla";"Reta";"Não";5;0;1;4;0;0;5;1;-7,2028;-35,1125;"SPRF-PB";"DEL01-PB";"UOP03-DEL01-PB"
518087;2023-04-20;"quinta-feira";"18:45:00";"PB";230;20,3;"JOAO PESSOA";"Ausência de reação do condutor";"Tombamento";"Com Vítimas Feridas";"Plena Noite";"Crescente";"Céu Claro";"Dupla";"Reta";"Sim";1;0;0;1;0;0;1;1;-7,1337;-34,8544;"SPRF-PB";"DEL01-PB";"UOP01-DEL01-PB"
518088;2023-04-20;"quinta-feira";"18:55:00";"MG";381;501,5;"BETIM";"Ausência de reação do condutor";"Colisão traseira";"Com Vítimas Feridas";"Plena Noite";"Decrescente";"Nublado";"Dupla";"Reta";"Sim";3;0;2;0;1;0;2;2;-20,013478;-44,221068;"SPRF-MG";"DEL04-MG";"UOP03-DEL04-MG"
518089;2023-04-20;"quinta-feira";"18:00:00";"RO";319;60;"PORTO VELHO";"Condutor deixou de manter distância do veículo da frente";"Colisão traseira";"Com Vítimas Feridas";"Plena Noite";"Crescente";"Céu Claro";"Múltipla";"Reta";"Sim";2;0;1;0;1;0;1;2;-8,766685;-63,884052;"SPRF-RO";"DEL01-RO";"UOP01-DEL01-RO"
518090;2023-04-20;"quinta-feira";"18:56:00";"TO";153;230;"COLINAS DO TOCANTINS";"Acessar a via sem observar a presença dos outros veículos";"Colisão transversal";"Com Vítimas Feridas";"Plena Noite";"Decrescente";"Chuva";"Dupla";"Curva";"Sim";2;0;0;2;0;0;2;2;-7,90606098;-48,46297606;"SPRF-TO";"DEL02-TO";"UOP01-DEL02-TO"
518091;2023-04-20;"quinta-feira";"18:00:00";"SP";116;169;"JACAREI";"Reação tardia ou ineficiente do condutor";"Tombamento";"Com Vítimas Feridas";"Plena Noite";"Decrescente";"Céu Claro";"Múltipla";"Curva";"Não";1;0;0;1;0;0;1;1;-23,307652;-46,045128;"SPRF-SP";"DEL02-SP";"UOP01-DEL02-SP"
518092;2023-04-20;"quinta-feira";"19:00:00";"BA";324;623;"SALVADOR";"Manobra de mudança de faixa";"Colisão transversal";"Com Vítimas Feridas";"Plena Noite";"Crescente";"Céu Claro";"Dupla";"Reta";"Sim";3;0;2;0;1;0;2;2;-12,92628699;-38,46838679;"SPRF-BA";"DEL01-BA";"UOP01-DEL01-BA"
518093;2023-04-20;"quinta-feira";"17:00:00";"MG";365;418;"PATOS DE MINAS";"Demais falhas mecânicas ou elétricas";"Saída de leito carroçável";"Com Vítimas Feridas";"Pleno dia";"Decrescente";"Céu Claro";"Simples";"Curva";"Não";4;0;3;0;1;0;3;1;-18,69066567;-46,58673522;"SPRF-MG";"DEL10-MG";"UOP01-DEL10-MG"
518094;2023-04-20;"quinta-feira";"18:30:00";"RJ";40;124;"DUQUE DE CAXIAS";"Manobra de mudança de faixa";"Colisão lateral mesmo sentido";"Com Vítimas Feridas";"Pleno dia";"Crescente";"Céu Claro";"Múltipla";"Reta";"Não";2;0;1;0;0;1;1;2;-22,807953;-43,289124;"SPRF-RJ";"DEL01-RJ";"UOP01-DEL01-RJ"
518095;2023-04-20;"quinta-feira";"18:25:00";"DF";20;41;"BRASILIA";"Acessar a via sem observar a presença dos outros veículos";"Colisão transversal";"Com Vítimas Fatais";"Plena Noite";"Crescente";"Céu Claro";"Dupla";"Reta;Declive";"Não";2;1;0;0;1;0;0;2;-15,581073;-47,50346;"SPRF-DF";"DEL02-DF";"UOP01-DEL02-DF"
518097;2023-04-20;"quinta-feira";"16:00:00";"SC";101;126;"ITAJAI";"Condutor deixou de manter distância do veículo da frente";"Colisão traseira";"Com Vítimas Feridas";"Pleno dia";"Crescente";"Céu Claro";"Dupla";"Reta";"Não";2;0;2;0;0;0;2;2;-26,95564404;-48,67978366;"SPRF-SC";"DEL04-SC";"UOP04-DEL04-SC"
518098;2023-03-30;"quinta-feira";"19:00:00";"ES";262;38;"DOMINGOS MARTINS";"Acessar a via sem observar a presença dos outros veículos";"Colisão transversal";"Com Vítimas Feridas";"Plena Noite";"Crescente";"Nublado";"Simples";"Reta;Interseção de Vias;Rotatória";"Sim";2;0;1;0;1;0;1;2;-20,38085315;-40,62068704;"SPRF-ES";"DEL01-ES";"UOP01-DEL01-ES"
518099;2023-04-13;"quinta-feira";"20:00:00";"PR";116;119;"CURITIBA";"Manobra de mudança de faixa";"Colisão lateral mesmo sentido";"Com Vítimas Feridas";"Plena Noite";"Crescente";"Nublado";"Dupla";"Declive;Reta";"Sim";3;0;1;0;2;0;1;2;-25,57998352;-49,3130853;"SPRF-PR";"DEL01-PR";"UOP03-DEL01-PR"
518100;2023-04-20;"quinta-feira";"11:30:00";"RS";153;1,2;"CACHOEIRA DO SUL";"Acessar a via sem observar a presença dos outros veículos";"Colisão transversal";"Com Vítimas Feridas";"Pleno dia";"Crescente";"Céu Claro";"Simples";"Curva";"Sim";2;0;0;2;0;0;2;2;-29,99902338;-52,91148663;"SPRF-RS";"DEL02-RS";"UOP03-DEL02-RS"
518101;2023-04-20;"quinta-feira";"17:40:00";"MG";116;526,2;"CARATINGA";"Ingestão de álcool pelo condutor";"Tombamento";"Com Vítimas Feridas";"Anoitecer";"Crescente";"Céu Claro";"Múltipla";"Retorno Regulamentado";"Sim";4;0;1;0;0;3;1;2;-19,77654011;-42,13327989;"SPRF-MG";"DEL06-MG";"UOP02-DEL06-MG"
518103;2023-04-20;"quinta-feira";"19:20:00";"RN";304;148,5;"ANGICOS";"Manobra de mudança de faixa";"Colisão transversal";"Com Vítimas Feridas";"Plena Noite";"Crescente";"Céu Claro";"Simples";"Interseção de Vias";"Sim";2;0;1;0;1;0;1;2;-5,67816135;-36,61037011;"SPRF-RN";"DEL04-RN";"UOP01-DEL04-RN"
518104;2023-04-20;"quinta-feira";"18:50:00";"SC";116;229;"CORREIA PINTO";"Reação tardia ou ineficiente do condutor";"Saída de leito carroçável";"Sem Vítimas";"Plena Noite";"Decrescente";"Céu Claro";"Simples";"Reta";"Não";2;0;0;0;2;0;0;1;-27,655347;-50,33649095;"SPRF-SC";"DEL05-SC";"UOP03-DEL05-SC"
518105;2023-04-20;"quinta-feira";"19:45:00";"SP";116;205;"ARUJA";"Manobra de mudança de faixa";"Colisão lateral mesmo sentido";"Com Vítimas Feridas";"Plena Noite";"Decrescente";"Céu Claro";"Múltipla";"Reta";"Não";2;0;1;0;1;0;1;2;-23,41475243;-46,36600788;"SPRF-SP";"DEL01-SP";"UOP01-DEL01-SP"
518107;2023-04-20;"quinta-feira";"15:25:00";"BA";324;537;"CONCEICAO DO JACUIPE";"Velocidade Incompatível";"Colisão traseira";"Com Vítimas Feridas";"Pleno dia";"Crescente";"Céu Claro";"Dupla";"Reta;Retorno Regulamentado";"Não";2;0;1;0;1;0;1;2;-12,36902201;-38,81384601;"SPRF-BA";"DEL01-BA";"UOP03-DEL01-BA"
518114;2023-04-20;"quinta-feira";"19:20:00";"PR";376;79;"GUAIRACA";"Reação tardia ou ineficiente do condutor";"Saída de leito carroçável";"Com Vítimas Feridas";"Plena Noite";"Crescente";"Céu Claro";"Simples";"Aclive;Reta";"Não";1;0;1;0;0;0;1;1;-22,95678106;-52,65891302;"SPRF-PR";"DEL09-PR";"UOP02-DEL09-PR"
518115;2023-04-20;"quinta-feira";"18:00:00";"RJ";493;16;"GUAPIMIRIM";"Animais na Pista";"Atropelamento de Animal";"Com Vítimas Feridas";"Plena Noite";"Decrescente";"Nublado";"Simples";"Reta";"Não";1;0;0;1;0;0;1;1;-22,66434888;-43,00014505;"SPRF-RJ";"DEL04-RJ";"UOP02-DEL04-RJ"
518116;2023-04-20;"quinta-feira";"18:40:00";"MG";40;575,4;"ITABIRITO";"Desrespeitar a preferência no cruzamento";"Colisão transversal";"Com Vítimas Feridas";"Plena Noite";"Crescente";"Ignorado";"Simples";"Interseção de Vias";"Não";3;0;1;0;2;0;1;2;-20,25658707;-43,96098023;"SPRF-MG";"DEL01-MG";"UOP02-DEL01-MG"
518118;2023-04-20;"quinta-feira";"19:40:00";"GO";452;0;"RIO VERDE";"Ingestão de álcool pelo condutor";"Tombamento";"Com Vítimas Feridas";"Plena Noite";"Decrescente";"Céu Claro";"Múltipla";"Curva;Interseção de Vias";"Sim";2;0;1;0;1;0;1;1;-17,786345;-50,901516;"SPRF-GO";"DEL04-GO";"UOP01-DEL04-GO"
518119;2023-04-20;"quinta-feira";"19:20:00";"GO";60;96,4;"ANAPOLIS";"Pista esburacada";"Queda de ocupante de veículo";"Com Vítimas Feridas";"Plena Noite";"Decrescente";"Céu Claro";"Dupla";"Reta";"Sim";1;0;0;1;0;0;1;1;-16,371;-48,9422;"SPRF-GO";"DEL02-GO";"UOP01-DEL02-GO"
518120;2023-04-20;"quinta-feira";"19:45:00";"RS";116;234;"ESTANCIA VELHA";"Pedestre andava na pista";"Atropelamento de Pedestre";"Com Vítimas Feridas";"Plena Noite";"Crescente";"Céu Claro";"Simples";"Reta";"Sim";2;0;1;0;1;0;1;2;-29,65121313;-51,1444433;"SPRF-RS";"DEL01-RS";"UOP02-DEL01-RS"
518121;2023-04-20;"quinta-feira";"20:05:00";"CE";116;25;"ITAITINGA";"Velocidade Incompatível";"Atropelamento de Pedestre";"Com Vítimas Feridas";"Plena Noite";"Crescente";"Céu Claro";"Dupla";"Declive";"Não";2;0;0;1;0;1;1;2;-3,96633279;-38,51525324;"SPRF-CE";"DEL01-CE";"UOP02-DEL01-CE"
518122;2023-04-20;"quinta-feira";"20:30:00";"SC";101;204,4;"SAO JOSE";"Reação tardia ou ineficiente do condutor";"Colisão com objeto";"Com Vítimas Feridas";"Plena Noite";"Crescente";"Nublado";"Múltipla";"Reta";"Sim";1;0;1;0;0;0;1;1;-27,57413014;-48,61363083;"SPRF-SC";"DEL01-SC";"UOP01-DEL01-SC"
518123;2023-04-20;"quinta-feira";"19:50:00";"PA";316;90;"SAO FRANCISCO DO PARA";"Entrada inopinada do pedestre";"Atropelamento de Pedestre";"Com Vítimas Fatais";"Plena Noite";"Crescente";"Céu Claro";"Simples";"Declive;Reta";"Não";2;1;0;0;1;0;0;2;-1,31943462;-47,69193093;"SPRF-PA";"DEL01-PA";"UOP02-DEL01-PA"
518124;2023-04-20;"quinta-feira";"19:25:00";"PE";232;101,3;"BEZERROS";"Entrada inopinada do pedestre";"Atropelamento de Pedestre";"Com Vítimas Fatais";"Plena Noite";"Decrescente";"Céu Claro";"Dupla";"Reta";"Sim";2;1;0;0;1;0;0;2;-8,24194679;-35,75097313;"SPRF-PE";"DEL02-PE";"UOP02-DEL02PE"
518126;2023-04-20;"quinta-feira";"19:08:00";"PE";232;155,1;"SAO CAITANO";"Ingestão de álcool pelo condutor";"Saída de leito carroçável";"Com Vítimas Feridas";"Plena Noite";"Crescente";"Céu Claro";"Simples";"Reta";"Não";2;0;1;1;0;0;2;1;-8,32878441;-36,20816698;"SPRF-PE";"DEL03-PE";"UOP02-DEL03-PE"
518128;2023-04-20;"quinta-feira";"09:15:00";"RJ";101;321;"NITEROI";"Reação tardia ou ineficiente do condutor";"Eventos atípicos";"Com Vítimas Feridas";"Pleno dia";"Crescente";"Céu Claro";"Múltipla";"Curva";"Não";1;0;1;0;0;0;1;1;-22,86981096;-43,11046465;"SPRF-RJ";"DEL02-RJ";"UOP01-DEL02-RJ"
518129;2023-04-20;"quinta-feira";"19:40:00";"SC";282;19;"PALHOCA";"Reação tardia ou ineficiente do condutor";"Colisão traseira";"Com Vítimas Feridas";"Plena Noite";"Decrescente";"Céu Claro";"Simples";"Reta;Em Obras";"Não";2;0;1;0;1;0;1;2;-27,678635;-48,70192;"SPRF-SC";"DEL01-SC";"UOP02-DEL01-SC"
518130;2023-04-20;"quinta-feira";"19:30:00";"PR";153;456,5;"UNIAO DA VITORIA";"Mal súbito do condutor";"Colisão transversal";"Com Vítimas Feridas";"Plena Noite";"Decrescente";"Céu Claro";"Simples";"Viaduto";"Não";2;0;1;0;1;0;1;2;-26,20817781;-51,11519337;"SPRF-PR";"DEL02-PR";"UOP03-DEL02-PR"
518131;2023-04-20;"quinta-feira";"18:45:00";"SP";153;280;"OCAUCU";"Acessar a via sem observar a presença dos outros veículos";"Colisão transversal";"Sem Vítimas";"Plena Noite";"Crescente";"Céu Claro";"Simples";"Interseção de Vias;Reta";"Não";2;0;0;0;2;0;0;2;-22,41321412;-49,86091715;"SPRF-SP";"DEL07-SP";"UOP02-DEL07-SP"
518133;2023-04-20;"quinta-feira";"19:32:00";"CE";222;142;"IRAUCUBA";"Ausência de reação do condutor";"Colisão frontal";"Com Vítimas Feridas";"Plena Noite";"Decrescente";"Céu Claro";"Simples";"Reta";"Sim";2;0;1;0;1;0;1;2;-3,76391598;-39,73119736;"SPRF-CE";"DEL04-CE";"UOP03-DEL04-CE"
518136;2023-04-20;"quinta-feira";"21:00:00";"SP";116;271;"TABOAO DA SERRA";"Demais falhas na via";"Eventos atípicos";"Com Vítimas Feridas";"Plena Noite";"Crescente";"Céu Claro";"Simples";"Reta";"Sim";3;0;1;0;1;1;1;2;-23,61783801;-46,80016994;"SPRF-SP";"DEL04-SP";"UOP01-DEL04-SP"
518137;2023-04-20;"quinta-feira";"20:30:00";"PR";369;174;"ROLANDIA";"Ingestão de álcool pelo condutor";"Colisão lateral sentido oposto";"Sem Vítimas";"Plena Noite";"Decrescente";"Céu Claro";"Simples";"Reta";"Sim";3;0;0;0;3;0;0;3;-23,3188094;-51,3802328;"SPRF-PR";"DEL07-PR";"UOP01-DEL07-PR"
518138;2023-04-20;"quinta-feira";"20:55:00";"PR";376;185,9;"SARANDI";"Acesso irregular";"Queda de ocupante de veículo";"Com Vítimas Feridas";"Plena Noite";"Crescente";"Céu Claro";"Dupla";"Reta";"Sim";1;0;0;1;0;0;1;1;-23,45084517;-51,854707;"SPRF-PR";"DEL09-PR";"UOP01-DEL09-PR"
518140;2023-04-20;"quinta-feira";"18:55:00";"SC";282;171,5;"BOCAINA DO SUL";"Ultrapassagem Indevida";"Colisão frontal";"Com Vítimas Feridas";"Plena Noite";"Crescente";"Céu Claro";"Simples";"Aclive;Curva";"Não";3;0;0;1;2;0;1;2;-27,744198;-49,85305;"SPRF-SC";"DEL05-SC";"UOP01-DEL05-SC"
518141;2023-04-20;"quinta-feira";"16:00:00";"SC";470;55;"BLUMENAU";"Conversão proibida";"Colisão lateral mesmo sentido";"Com Vítimas Feridas";"Pleno dia";"Decrescente";"Céu Claro";"Simples";"Reta";"Sim";2;0;1;0;1;0;1;2;-26,875601;-49,117992;"SPRF-SC";"DEL04-SC";"UOP01-DEL04-SC"
518142;2023-04-20;"quinta-feira";"21:40:00";"GO";60;101;"ANAPOLIS";"Reação tardia ou ineficiente do condutor";"Colisão traseira";"Com Vítimas Feridas";"Plena Noite";"Crescente";"Céu Claro";"Dupla";"Interseção de Vias";"Sim";4;0;1;0;3;0;1;2;-16,4022;-48,9745;"SPRF-GO";"DEL02-GO";"UOP01-DEL02-GO"
518143;2023-04-20;"quinta-feira";"22:00:00";"SC";101;211,2;"PALHOCA";"Objeto estático sobre o leito carroçável";"Tombamento";"Com Vítimas Feridas";"Plena Noite";"Decrescente";"Céu Claro";"Múltipla";"Reta";"Não";1;0;1;0;0;0;1;1;-27,62329313;-48,65245588;"SPRF-SC";"DEL01-SC";"UOP02-DEL01-SC"
518144;2023-04-20;"quinta-feira";"21:20:00";"BA";116;823;"VITORIA DA CONQUISTA";"Manobra de mudança de faixa";"Colisão lateral mesmo sentido";"Com Vítimas Feridas";"Plena Noite";"Crescente";"Chuva";"Dupla";"Reta";"Sim";2;0;1;0;1;0;1;2;-14,8079923;-40,78877284;"SPRF-BA";"DEL08-BA";"UOP01-DEL08-BA"