"id";"data_inversa";"dia_semana";"horario";"uf";"br";"km";"municipio";"causa_acidente";"tipo_acidente";"classificacao_acidente";"fase_dia";"sentido_via";"condicao_metereologica";"tipo_pista";"tracado_via";"uso_solo";"pessoas";"mortos";"feridos_leves";"feridos_graves";"ilesos";"ignorados";"feridos";"veiculos";"latitude";"longitude";"regional";"delegacia";"uop"
518150;2023-01-26;"quinta-feira";"08:45:00";"PI";343;339;"TERESINA";"Acessar a via sem observar a presença dos outros veículos";"Colisão traseira";"Com Vítimas Feridas";"Pleno dia";"Decrescente";"Céu Claro";"Dupla";"Reta";"Não";4;0;2;0;0;2;2;2;-5,067146;-42,730965;"SPRF-PI";"DEL01-PI";"UOP01-DEL01-PI"
518151;2023-04-20;"quinta-feira";"23:00:00";"MG";262;364;"JUATUBA";"Reação tardia ou ineficiente do condutor";"Colisão traseira";"Com Vítimas Feridas";"Plena Noite";"Crescente";"Céu Claro";"Dupla";"Reta;Declive";"Sim";2;0;0;1;1;0;1;2;-19,98290644;-44,24492623;"SPRF-MG";"DEL01-MG";"UOP03-DEL01-MG"
518152;2023-04-20;"quinta-feira";"17:00:00";"RS";386;425;"MONTENEGRO";"Velocidade Incompatível";"Saída de leito carroçável";"Sem Vítimas";"Pleno dia";"Crescente";"Sol";"Simples";"Reta";"Sim";1;0;0;0;1;0;0;1;-29,818272;-51,372299;"SPRF-RS";"DEL01-RS";"UOP01-DEL01-RS"
518154;2023-04-20;"quinta-feira";"22:45:00";"MG";116;416,3;"GOVERNADOR VALADARES";"Condutor usando celular";"Tombamento";"Com Vítimas Feridas";"Plena Noite";"Decrescente";"Céu Claro";"Simples";"Retorno Regulamentado";"Sim";1;0;1;0;0;0;1;1;-18,90202344;-41,94447041;"SPRF-MG";"DEL06-MG";"UOP01-DEL06-MG"
518155;2023-04-20;"quinta-feira";"20:50:00";"MG";50;64,1;"UBERLANDIA";"Acessar a via sem observar a presença dos outros veículos";"Colisão traseira";"Com Vítimas Feridas";"Plena Noite";"Crescente";"Céu Claro";"Dupla";"Reta";"Não";2;0;2;0;0;0;2;2;-18,84248402;-48,25258395;"SPRF-MG";"DEL15-MG";"UOP02-DEL15-MG"
518156;2023-04-20;"quinta-feira";"23:16:00";"RN";110;46,9;"MOSSORO";"Manobra de mudança de faixa";"Colisão frontal";"Com Vítimas Feridas";"Plena Noite";"Decrescente";"Céu Claro";"Simples";"Reta";"Sim";2;0;0;1;0;1;1;2;-5,20087755;-37,32233763;"SPRF-RN";"DEL04-RN";"UOP01-DEL04-RN"
518158;2023-04-20;"quinta-feira";"23:55:00";"SP";116;273;"TABOAO DA SERRA";"Transitar na contramão";"Colisão lateral sentido oposto";"Com Vítimas Feridas";"Plena Noite";"Crescente";"Céu Claro";"Dupla";"Viaduto";"Não";2;0;0;1;1;0;1;2;-23,62809795;-46,81870306;"SPRF-SP";"DEL04-SP";"UOP01-DEL04-SP"
518159;2023-02-19;"domingo";"07:40:00";"MG";381;477,5;"CONTAGEM";"Pedestre andava na pista";"Atropelamento de Pedestre";"Com Vítimas Feridas";"Pleno dia";"Decrescente";"Céu Claro";"Dupla";"Reta";"Sim";2;0;1;1;0;0;2;2;-19,96334562;-44,0404129;"SPRF-MG";"DEL01-MG";"UOP03-DEL01-MG"
518161;2023-04-20;"quinta-feira";"22:00:00";"PR";369;427,6;"JURANDA";"Ingestão de álcool e/ou substâncias psicoativas pelo pedestre";"Atropelamento de Pedestre";"Com Vítimas Fatais";"Plena Noite";"Crescente";"Céu Claro";"Simples";"Reta";"Não";5;1;0;0;4;0;0;2;-24,44220743;-52,84006476;"SPRF-PR";"DEL04-PR";"UOP03-DEL04-PR"
518162;2023-04-20;"quinta-feira";"13:00:00";"SP";116;66;"GUARATINGUETA";"Reação tardia ou ineficiente do condutor";"Colisão com objeto";"Com Vítimas Feridas";"Pleno dia";"Crescente";"Céu Claro";"Dupla";"Curva";"Não";1;0;1;0;0;0;1;1;-22,82270215;-45,20193286;"SPRF-SP";"DEL08-SP";"UOP01-DEL08-SP"
518164;2023-04-20;"quinta-feira";"22:30:00";"PR";163;285;"MARECHAL CANDIDO RONDON";"Transitar na contramão";"Colisão frontal";"Com Vítimas Fatais";"Plena Noite";"Crescente";"Céu Claro";"Dupla";"Reta";"Sim";2;1;1;0;0;0;1;2;-24,568102;-54,034168;"SPRF-PR";"DEL06-PR";"UOP02-DEL06-PR"
518166;2023-04-20;"quinta-feira";"22:45:00";"SC";101;361,6;"SANGAO";"Animais na Pista";"Atropelamento de Animal";"Com Vítimas Feridas";"Plena Noite";"Crescente";"Céu Claro";"Simples";"Reta";"Não";2;0;2;0;0;0;2;1;-28,67854011;-49,13532257;"SPRF-SC";"DEL02-SC";"UOP01-DEL02-SC"
518167;2023-04-20;"quinta-feira";"20:30:00";"GO";20;62,9;"FORMOSA";"Ingestão de álcool pelo condutor";"Capotamento";"Com Vítimas Feridas";"Plena Noite";"Decrescente";"Chuva";"Simples";"Aclive;Curva";"Não";1;0;1;0;0;0;1;1;-15,22989;-47,172417;"SPRF-DF";"DEL02-DF";"UOP02-DEL02-DF"
518168;2023-04-20;"quinta-feira";"23:45:00";"MG";251;503,4;"FRANCISCO SA";"Transitar na contramão";"Colisão frontal";"Com Vítimas Feridas";"Plena Noite";"Decrescente";"Nublado";"Simples";"Reta";"Não";4;0;1;0;3;0;1;2;-16,61472808;-43,6647179;"SPRF-MG";"DEL12-MG";"UOP01-DEL12-MG"
518171;2023-04-20;"quinta-feira";"23:20:00";"MS";163;528;"JARAGUARI";"Reação tardia ou ineficiente do condutor";"Saída de leito carroçável";"Sem Vítimas";"Plena Noite";"Decrescente";"Céu Claro";"Simples";"Reta";"Não";2;0;0;0;2;0;0;1;-20,09289501;-54,43568097;"SPRF-MS";"DEL01-MS";"UOP02-DEL01-MS"
518173;2023-04-20;"quinta-feira";"19:50:00";"MG";116;532,6;"CARATINGA";"Demais falhas mecânicas ou elétricas";"Tombamento";"Com Vítimas Feridas";"Plena Noite";"Crescente";"Céu Claro";"Simples";"Curva";"Não";2;0;2;0;0;0;2;1;-19,83624191;-42,13833241;"SPRF-MG";"DEL06-MG";"UOP02-DEL06-MG"
518174;2023-04-21;"sexta-feira";"00:35:00";"RN";406;166;"SAO GONCALO DO AMARANTE";"Ingestão de álcool pelo condutor";"Saída de leito carroçável";"Sem Vítimas";"Plena Noite";"Crescente";"Céu Claro";"Simples";"Declive;Curva;Viaduto";"Não";1;0;0;0;1;0;0;1;-5,74541271;-35,33547521;"SPRF-RN";"DEL02-RN";"UOP01-DEL02-RN"
518175;2023-04-20;"quinta-feira";"22:20:00";"MG";116;549,9;"SANTA BARBARA DO LESTE";"Demais falhas mecânicas ou elétricas";"Incêndio";"Sem Vítimas";"Plena Noite";"Decrescente";"Céu Claro";"Simples";"Reta";"Não";2;0;0;0;1;1;0;2;-19,960735;-42,13329299;"SPRF-MG";"DEL06-MG";"UOP02-DEL06-MG"
518176;2023-04-21;"sexta-feira";"00:45:00";"TO";153;140;"ARAGUAINA";"Ausência de reação do condutor";"Saída de leito carroçável";"Sem Vítimas";"Plena Noite";"Decrescente";"Vento";"Múltipla";"Reta";"Não";1;0;0;0;0;1;0;1;-7,169616;-48,21328;"SPRF-TO";"DEL02-TO";"UOP01-DEL02-TO"
518179;2023-04-21;"sexta-feira";"00:20:00";"RJ";116;185;"NOVA IGUACU";"Ingestão de álcool pelo condutor";"Colisão traseira";"Sem Vítimas";"Plena Noite";"Decrescente";"Nublado";"Dupla";"Reta";"Sim";3;0;0;0;2;1;0;3;-22,74151051;-43,45351823;"SPRF-RJ";"DEL01-RJ";"UOP02-DEL01-RJ"
518181;2023-04-21;"sexta-feira";"01:00:00";"PR";116;114;"CURITIBA";"Ausência de reação do condutor";"Saída de leito carroçável";"Com Vítimas Feridas";"Plena Noite";"Crescente";"Céu Claro";"Dupla";"Reta";"Não";1;0;1;0;0;0;1;1;-25,56296907;-49,25643801;"SPRF-PR";"DEL01-PR";"UOP07-DEL01-PR"
518182;2023-04-21;"sexta-feira";"01:30:00";"RS";116;256;"ESTEIO";"Ausência de reação do condutor";"Colisão traseira";"Com Vítimas Feridas";"Plena Noite";"Crescente";"Céu Claro";"Dupla";"Reta";"Sim";4;0;2;0;2;0;2;3;-29,84393699;-51,17728603;"SPRF-RS";"DEL01-RS";"UOP02-DEL01-RS"
518183;2023-04-21;"sexta-feira";"02:35:00";"SP";116;304;"SAO LOURENCO DA SERRA";"Reação tardia ou ineficiente do condutor";"Saída de leito carroçável";"Com Vítimas Feridas";"Plena Noite";"Crescente";"Nublado";"Dupla";"Declive;Curva";"Não";3;0;0;3;0;0;3;1;-23,83389338;-46,92986012;"SPRF-SP";"DEL04-SP";"UOP01-DEL04-SP"
518184;2023-04-21;"sexta-feira";"00:30:00";"SP";153;39,7;"ONDA VERDE";"Ausência de reação do condutor";"Saída de leito carroçável";"Sem Vítimas";"Plena Noite";"Crescente";"Céu Claro";"Simples";"Rotatória;Curva";"Não";2;0;0;0;1;1;0;1;-20,61635683;-49,33294773;"SPRF-SP";"DEL09-SP";"UOP01-DEL09-SP"
518186;2023-04-21;"sexta-feira";"02:10:00";"SP";381;47;"ATIBAIA";"Ausência de reação do condutor";"Capotamento";"Com Vítimas Feridas";"Plena Noite";"Decrescente";"Céu Claro";"Múltipla";"Reta";"Não";2;0;0;1;1;0;1;1;-23,18904617;-46,58407757;"SPRF-SP";"DEL03-SP";"UOP01-DEL03-SP"
518187;2023-04-21;"sexta-feira";"03:10:00";"PR";376;176,8;"MARINGA";"Acessar a via sem observar a presença dos outros veículos";"Colisão transversal";"Com Vítimas Feridas";"Plena Noite";"Crescente";"Céu Claro";"Dupla";"Reta";"Sim";2;0;1;0;1;0;1;2;-23,41269173;-51,93158327;"SPRF-PR";"DEL09-PR";"UOP01-DEL09-PR"
518188;2023-04-21;"sexta-feira";"03:20:00";"MG";381;450,3;"SABARA";"Velocidade Incompatível";"Queda de ocupante de veículo";"Com Vítimas Fatais";"Plena Noite";"Crescente";"Nublado";"Simples";"Curva";"Não";2;1;0;0;0;1;0;1;-19,828139;-43,839359;"SPRF-MG";"DEL01-MG";"UOP01-DEL01-MG"
518189;2023-04-20;"quinta-feira";"22:40:00";"SC";101;98;"BALNEARIO PICARRAS";"Reação tardia ou ineficiente do condutor";"Colisão frontal";"Com Vítimas Feridas";"Plena Noite";"Decrescente";"Nublado";"Dupla";"Reta";"Não";2;0;0;1;0;1;1;2;-26,73760897;-48,69918789;"SPRF-SC";"DEL03-SC";"UOP02-DEL03-SC"
518190;2023-04-21;"sexta-feira";"02:45:00";"PR";376;174,9;"MARINGA";"Ausência de reação do condutor";"Saída de leito carroçável";"Sem Vítimas";"Plena Noite";"Crescente";"Céu Claro";"Dupla";"Reta;Declive";"Sim";1;0;0;0;1;0;0;1;-23,41443218;-51,94971085;"SPRF-PR";"DEL09-PR";"UOP01-DEL09-PR"
518191;2023-04-21;"sexta-feira";"04:00:00";"PR";373;275;"PRUDENTOPOLIS";"Ausência de reação do condutor";"Colisão traseira";"Sem Vítimas";"Plena Noite";"Decrescente";"Céu Claro";"Simples";"Declive;Reta";"Não";5;0;0;0;5;0;0;2;-25,24954;-51,05434;"SPRF-PR";"DEL08-PR";"UOP01-DEL08-PR"
518192;2023-04-21;"sexta-feira";"02:00:00";"CE";20;317,9;"CANINDE";"Afundamento ou ondulação no pavimento";"Colisão com objeto";"Com Vítimas Fatais";"Plena Noite";"Crescente";"Céu Claro";"Simples";"Reta;Ponte";"Não";2;1;0;1;0;0;1;1;-4,29121502;-39,24974699;"SPRF-CE";"DEL02-CE";"UOP01-DEL02-CE"
518194;2023-04-21;"sexta-feira";"04:50:00";"SC";470;66;"INDAIAL";"Ausência de reação do condutor";"Saída de leito carroçável";"Com Vítimas Feridas";"Amanhecer";"Decrescente";"Céu Claro";"Simples";"Em Obras;Reta";"Sim";1;0;1;0;0;0;1;1;-26,86975048;-49,22469378;"SPRF-SC";"DEL04-SC";"UOP01-DEL04-SC"
518195;2023-04-21;"sexta-feira";"06:06:00";"TO";153;670;"GURUPI";"Entrada inopinada do pedestre";"Atropelamento de Pedestre";"Com Vítimas Feridas";"Amanhecer";"Decrescente";"Céu Claro";"Simples";"Reta";"Não";3;0;1;1;1;0;2;3;-11,70998005;-49,07471975;"SPRF-TO";"DEL01-TO";"UOP02-DEL01-TO"
518198;2023-04-21;"sexta-feira";"06:45:00";"MG";381;880,9;"ESTIVA";"Velocidade Incompatível";"Tombamento";"Com Vítimas Feridas";"Pleno dia";"Decrescente";"Céu Claro";"Dupla";"Reta;Aclive";"Não";2;0;1;0;1;0;1;1;-22,465452;-46,009003;"SPRF-MG";"DEL16-MG";"UOP03-DEL16-MG"
518200;2023-04-21;"sexta-feira";"06:30:00";"ES";101;203;"JOAO NEIVA";"Desrespeitar a preferência no cruzamento";"Colisão lateral mesmo sentido";"Com Vítimas Feridas";"Pleno dia";"Crescente";"Nublado";"Simples";"Rotatória";"Sim";2;0;1;0;1;0;1;2;-19,74448248;-40,37263506;"SPRF-ES";"DEL04-ES";"UOP01-DEL04-ES"
518201;2023-04-21;"sexta-feira";"06:30:00";"SC";101;200;"SAO JOSE";"Reação tardia ou ineficiente do condutor";"Queda de ocupante de veículo";"Com Vítimas Feridas";"Pleno dia";"Decrescente";"Nublado";"Dupla";"Reta";"Sim";1;0;1;0;0;0;1;1;-27,54018513;-48,62287714;"SPRF-SC";"DEL01-SC";"UOP01-DEL01-SC"
518202;2023-04-21;"sexta-feira";"06:10:00";"RS";116;246;"SAO LEOPOLDO";"Demais falhas mecânicas ou elétricas";"Incêndio";"Sem Vítimas";"Amanhecer";"Decrescente";"Céu Claro";"Dupla";"Reta";"Sim";6;0;0;0;6;0;0;1;-29,758751;-51,15186806;"SPRF-RS";"DEL01-RS";"UOP02-DEL01-RS"
518203;2023-04-20;"quinta-feira";"17:15:00";"MG";262;36;"MANHUACU";"Ingestão de substâncias psicoativas pelo condutor";"Colisão traseira";"Com Vítimas Feridas";"Pleno dia";"Crescente";"Céu Claro";"Simples";"Reta";"Sim";2;0;1;0;1;0;1;2;-20,25932046;-42,02298331;"SPRF-MG";"DEL06-MG";"UOP03-DEL06-MG"
518204;2023-04-21;"sexta-feira";"04:30:00";"MS";60;414;"SIDROLANDIA";"Reação tardia ou ineficiente do condutor";"Saída de leito carroçável";"Com Vítimas Feridas";"Amanhecer";"Decrescente";"Vento";"Simples";"Reta;Retorno Regulamentado;Interseção de Vias";"Não";1;0;1;0;0;0;1;1;-20,89696569;-54,86923669;"SPRF-MS";"DEL01-MS";"UOP04-DEL01-MS"
518206;2023-04-21;"sexta-feira";"07:40:00";"SP";116;363;"MIRACATU";"Velocidade Incompatível";"Tombamento";"Com Vítimas Feridas";"Pleno dia";"Crescente";"Céu Claro";"Dupla";"Curva";"Não";2;0;2;0;0;0;2;1;-24,13038097;-47,27114281;"SPRF-SP";"DEL04-SP";"UOP02-DEL04-SP"
518208;2023-04-21;"sexta-feira";"06:45:00";"MS";60;420;"SIDROLANDIA";"Acessar a via sem observar a presença dos outros veículos";"Colisão transversal";"Com Vítimas Feridas";"Pleno dia";"Crescente";"Céu Claro";"Simples";"Rotatória;Reta;Interseção de Vias";"Não";2;0;1;0;1;0;1;2;-20,90053615;-54,92368799;"SPRF-MS";"DEL01-MS";"UOP04-DEL01-MS"
518209;2023-04-21;"sexta-feira";"07:45:00";"CE";116;8,6;"FORTALEZA";"Pista esburacada";"Colisão com objeto";"Com Vítimas Feridas";"Pleno dia";"Decrescente";"Nublado";"Dupla";"Reta";"Sim";2;0;2;0;0;0;2;1;-3,8192799;-38,50268337;"SPRF-CE";"DEL01-CE";"UOP02-DEL01-CE"
518211;2023-04-21;"sexta-feira";"07:20:00";"SP";116;146;"SAO JOSE DOS CAMPOS";"Manobra de mudança de faixa";"Colisão lateral mesmo sentido";"Com Vítimas Feridas";"Pleno dia";"Decrescente";"Céu Claro";"Múltipla";"Reta";"Não";6;0;2;0;4;0;2;5;-23,19122919;-45,86327591;"SPRF-SP";"DEL02-SP";"UOP01-DEL02-SP"
518212;2023-04-21;"sexta-feira";"06:30:00";"MG";40;563;"NOVA LIMA";"Reação tardia ou ineficiente do condutor";"Queda de ocupante de veículo";"Com Vítimas Feridas";"Amanhecer";"Decrescente";"Céu Claro";"Dupla";"Declive;Curva";"Não";1;0;1;0;0;0;1;1;-20,15241986;-43,96263156;"SPRF-MG";"DEL01-MG";"UOP02-DEL01-MG"
518213;2023-04-21;"sexta-feira";"04:40:00";"MS";163;349;"RIO BRILHANTE";"Ingestão de álcool pelo condutor";"Saída de leito carroçável";"Sem Vítimas";"Plena Noite";"Crescente";"Nublado";"Simples";"Reta";"Não";1;0;0;0;1;0;0;1;-21,60002283;-54,43689149;"SPRF-MS";"DEL02-MS";"UOP02-DEL02-MS"
518215;2023-04-10;"segunda-feira";"12:20:00";"MG";116;276,3;"TEOFILO OTONI";"Pista em desnível";"Tombamento";"Com Vítimas Feridas";"Pleno dia";"Decrescente";"Céu Claro";"Simples";"Reta";"Não";1;0;1;0;0;0;1;1;-17,85105696;-41,51454492;"SPRF-MG";"DEL11-MG";"UOP01-DEL11-MG"
518217;2023-04-21;"sexta-feira";"07:30:00";"MG";40;821,7;"SIMAO PEREIRA";"Velocidade Incompatível";"Capotamento";"Com Vítimas Feridas";"Pleno dia";"Decrescente";"Céu Claro";"Dupla";"Reta";"Não";2;0;1;0;1;0;1;1;-21,94462709;-43,30383414;"SPRF-MG";"DEL05-MG";"UOP01-DEL05-MG"
518219;2023-04-14;"sexta-feira";"07:30:00";"PR";277;110,1;"CAMPO LARGO";"Condutor deixou de manter distância do veículo da frente";"Engavetamento";"Com Vítimas Feridas";"Amanhecer";"Decrescente";"Ignorado";"Dupla";"Reta;Aclive";"Sim";6;0;0;1;1;4;1;5;-25,44338245;-49,45836457;"SPRF-PR";"DEL03-PR";"UOP03-DEL03-PR"
518221;2023-04-21;"sexta-feira";"07:45:00";"PR";476;232;"LAPA";"Ausência de reação do condutor";"Capotamento";"Com Vítimas Feridas";"Pleno dia";"Decrescente";"Céu Claro";"Simples";"Curva";"Não";1;0;1;0;0;0;1;1;-25,883068;-49,998787;"SPRF-PR";"DEL02-PR";"UOP03-DEL02-PR"
518223;2023-02-24;"sexta-feira";"12:00:00";"RS";116;257;"SAPUCAIA DO SUL";"Manobra de mudança de faixa";"Colisão traseira";"Com Vítimas Feridas";"Pleno dia";"Decrescente";"Chuva";"Dupla";"Reta";"Sim";2;0;1;0;1;0;1;2;-29,85262195;-51,17968329;"SPRF-RS";"DEL01-RS";"UOP02-DEL01-RS"
518224;2023-04-21;"sexta-feira";"09:00:00";"RS";386;432,4;"NOVA SANTA RITA";"Acessar a via sem observar a presença dos outros veículos";"Colisão traseira";"Com Vítimas Feridas";"Pleno dia";"Decrescente";"Céu Claro";"Dupla";"Reta;Declive";"Não";3;0;1;0;2;0;1;2;-29,839973;-51,294933;"SPRF-RS";"DEL01-RS";"UOP01-DEL01-RS"
518225;2023-04-21;"sexta-feira";"07:00:00";"RJ";116;97;"SEROPEDICA";"Reação tardia ou ineficiente do condutor";"Saída de leito carroçável";"Com Vítimas Fatais";"Amanhecer";"Decrescente";"Céu Claro";"Múltipla";"Curva";"Não";1;1;0;0;0;0;0;1;-22,72027;-43,707869;"SPRF-RJ";"DEL04-RJ";"UOP01-DEL04-RJ"
518226;2023-04-21;"sexta-feira";"06:50:00";"MG";381;536,3;"ITATIAIUCU";"Reação tardia ou ineficiente do condutor";"Colisão traseira";"Com Vítimas Feridas";"Pleno dia";"Crescente";"Céu Claro";"Dupla";"Declive";"Não";3;0;1;0;2;0;1;2;-20,22443302;-44,39530859;"SPRF-MG";"DEL04-MG";"UOP03-DEL04-MG"
518227;2023-04-21;"sexta-feira";"09:00:00";"MG";40;437,2;"PARAOPEBA";"Afundamento ou ondulação no pavimento";"Tombamento";"Com Vítimas Fatais";"Pleno dia";"Decrescente";"Céu Claro";"Dupla";"Curva;Declive";"Não";1;1;0;0;0;0;0;1;-19,23100428;-44,43562244;"SPRF-MG";"DEL02-MG";"UOP01-DEL02-MG"
518228;2023-04-21;"sexta-feira";"08:16:00";"RJ";101;134;"CARAPEBUS";"Condutor Dormindo";"Colisão com objeto";"Com Vítimas Feridas";"Pleno dia";"Decrescente";"Sol";"Dupla";"Reta";"Não";3;0;2;0;1;0;2;1;-22,13817622;-41,71721171;"SPRF-RJ";"DEL08-RJ";"UOP04-DEL08-RJ"
518229;2023-04-21;"sexta-feira";"08:00:00";"RJ";101;313;"SAO GONCALO";"Ausência de reação do condutor";"Colisão traseira";"Com Vítimas Feridas";"Pleno dia";"Decrescente";"Céu Claro";"Dupla";"Reta";"Não";2;0;1;0;1;0;1;2;-22,81049093;-43,06983304;"SPRF-RJ";"DEL02-RJ";"UOP02-DEL02-RJ"
518231;2023-04-21;"sexta-feira";"08:40:00";"RJ";101;387;"ITAGUAI";"Acessar a via sem observar a presença dos outros veículos";"Colisão lateral mesmo sentido";"Com Vítimas Feridas";"Pleno dia";"Crescente";"Céu Claro";"Dupla";"Reta";"Não";2;0;1;0;1;0;1;2;-22,88537839;-43,64965688;"SPRF-RJ";"DEL03-RJ";"UOP01-DEL03-RJ"
518232;2023-04-20;"quinta-feira";"11:45:00";"PE";232;408,9;"SERRA TALHADA";"Acumulo de areia ou detritos sobre o pavimento";"Tombamento";"Com Vítimas Feridas";"Pleno dia";"Decrescente";"Sol";"Simples";"Aclive;Reta";"Sim";1;0;1;0;0;0;1;1;-7,98371447;-38,28047709;"SPRF-PE";"DEL04-PE";"UOP01-DEL04-PE"
518233;2023-04-21;"sexta-feira";"07:30:00";"BA";110;371;"CATU";"Condutor Dormindo";"Colisão lateral sentido oposto";"Com Vítimas Feridas";"Pleno dia";"Crescente";"Sol";"Simples";"Curva";"Não";3;0;1;0;2;0;1;3;-12,41152143;-38,43143397;"SPRF-BA";"DEL01-BA";"UOP04-DEL01-BA"
518234;2023-04-21;"sexta-feira";"08:40:00";"PB";230;204,3;"OLIVEDOS";"Acessar a via sem observar a presença dos outros veículos";"Colisão lateral mesmo sentido";"Sem Vítimas";"Pleno dia";"Crescente";"Céu Claro";"Simples";"Interseção de Vias";"Não";2;0;0;0;2;0;0;2;-7,0940256;-36,27076149;"SPRF-PB";"DEL02-PB";"UOP02-DEL02-PB"
518235;2023-04-21;"sexta-feira";"09:00:00";"MG";251;507,6;"FRANCISCO SA";"Velocidade Incompatível";"Tombamento";"Com Vítimas Feridas";"Pleno dia";"Crescente";"Céu Claro";"Simples";"Curva";"Não";1;0;0;1;0;0;1;1;-16,62566493;-43,69317517;"SPRF-MG";"DEL12-MG";"UOP01-DEL12-MG"
518236;2023-04-21;"sexta-feira";"09:10:00";"RS";290;527,5;"ALEGRETE";"Conversão proibida";"Colisão lateral mesmo sentido";"Com Vítimas Feridas";"Pleno dia";"Decrescente";"Céu Claro";"Simples";"Reta";"Não";2;0;1;0;1;0;1;2;-30,04369632;-55,31439185;"SPRF-RS";"DEL13-RS";"UOP02-DEL13-RS"
518237;2023-04-21;"sexta-feira";"09:15:00";"PB";230;85;"GURINHEM";"Reação tardia ou ineficiente do condutor";"Engavetamento";"Com Vítimas Feridas";"Pleno dia";"Decrescente";"Céu Claro";"Simples";"Reta;Declive";"Sim";3;0;1;0;2;0;1;3;-7,1652;-35,3534;"SPRF-PB";"DEL01-PB";"UOP03-DEL01-PB"
518238;2023-03-09;"quinta-feira";"00:15:00";"RJ";101;480;"ANGRA DOS REIS";"Demais falhas mecânicas ou elétricas";"Incêndio";"Sem Vítimas";"Plena Noite";"Crescente";"Nublado";"Simples";"Reta";"Não";1;0;0;0;1;0;0;1;-23,013545;-44,286553;"SPRF-RJ";"DEL03-RJ";"UOP03-DEL03-RJ"
518239;2023-04-21;"sexta-feira";"08:55:00";"PR";277;42,2;"MORRETES";"Afundamento ou ondulação no pavimento";"Tombamento";"Com Vítimas Feridas";"Pleno dia";"Decrescente";"Sol";"Dupla";"Declive;Reta";"Não";1;0;1;0;0;0;1;1;-25,59027471;-48,87392097;"SPRF-PR";"DEL01-PR";"UOP01-DEL01-PR"
518240;2023-04-21;"sexta-feira";"08:30:00";"RJ";393;284;"VOLTA REDONDA";"Condutor deixou de manter distância do veículo da frente";"Colisão traseira";"Com Vítimas Feridas";"Pleno dia";"Decrescente";"Céu Claro";"Simples";"Interseção de Vias;Reta";"Sim";4;0;2;0;2;0;2;2;-22,4965365;-44,07092571;"SPRF-RJ";"DEL05-RJ";"UOP04-DEL05-RJ"
518241;2023-04-21;"sexta-feira";"10:40:00";"RJ";116;133;"MAGE";"Ausência de reação do condutor";"Colisão traseira";"Com Vítimas Feridas";"Pleno dia";"Decrescente";"Céu Claro";"Dupla";"Reta";"Não";2;0;1;0;1;0;1;2;-22,65418284;-43,14382995;"SPRF-RJ";"DEL04-RJ";"UOP02-DEL04-RJ"
518242;2023-04-21;"sexta-feira";"10:30:00";"PR";376;661;"TIJUCAS DO SUL";"Reação tardia ou ineficiente do condutor";"Engavetamento";"Sem Vítimas";"Pleno dia";"Crescente";"Céu Claro";"Dupla";"Reta;Declive";"Não";12;0;0;0;12;0;0;5;-25,85435757;-48,98696423;"SPRF-PR";"DEL01-PR";"UOP04-DEL01-PR"
518243;2023-04-17;"segunda-feira";"13:30:00";"RJ";101;297;"ITABORAI";"Reação tardia ou ineficiente do condutor";"Colisão lateral mesmo sentido";"Com Vítimas Feridas";"Pleno dia";"Decrescente";"Céu Claro";"Dupla";"Curva";"Sim";3;0;1;0;2;0;1;2;-22,76942037;-42,91873581;"SPRF-RJ";"DEL02-RJ";"UOP02-DEL02-RJ"
518244;2023-04-21;"sexta-feira";"10:10:00";"PR";376;114;"ALTO PARANA";"Problema na suspensão";"Saída de leito carroçável";"Sem Vítimas";"Pleno dia";"Crescente";"Céu Claro";"Dupla";"Declive";"Não";2;0;0;0;2;0;0;1;-23,09431528;-52,35461712;"SPRF-PR";"DEL09-PR";"UOP02-DEL09-PR"
518245;2023-04-21;"sexta-feira";"11:09:00";"PB";230;11;"CABEDELO";"Animais na Pista";"Colisão traseira";"Com Vítimas Feridas";"Pleno dia";"Crescente";"Céu Claro";"Dupla";"Reta";"Sim";2;0;1;0;1;0;1;2;-7,06093445;-34,850564;"SPRF-PB";"DEL01-PB";"UOP01-DEL01-PB"
518250;2023-04-21;"sexta-feira";"09:00:00";"MT";364;265;"SAO PEDRO DA CIPA";"Pista esburacada";"Capotamento";"Com Vítimas Feridas";"Pleno dia";"Decrescente";"Sol";"Dupla";"Reta";"Não";2;0;1;0;1;0;1;1;-16,00440488;-54,92002387;"SPRF-MT";"DEL02-MT";"UOP01-DEL02-MT"
518251;2023-04-21;"sexta-feira";"07:00:00";"BA";101;692,8;"EUNAPOLIS";"Chuva";"Saída de leito carroçável";"Com Vítimas Feridas";"Pleno dia";"Crescente";"Chuva";"Simples";"Curva";"Não";5;0;2;0;3;0;2;1;-16,35054598;-39,57997178;"SPRF-BA";"DEL09-BA";"UOP01-DEL09-BA"
518255;2023-04-21;"sexta-feira";"11:45:00";"ES";101;342,9;"GUARAPARI";"Mal súbito do condutor";"Saída de leito carroçável";"Com Vítimas Feridas";"Pleno dia";"Crescente";"Céu Claro";"Dupla";"Reta";"Não";1;0;1;0;0;0;1;1;-20,65737321;-40,5823519;"SPRF-ES";"DEL03-ES";"UOP01-DEL03-ES"
518256;2023-04-21;"sexta-feira";"10:45:00";"RS";392;11,2;"RIO GRANDE";"Avarias e/ou desgaste excessivo no pneu";"Saída de leito carroçável";"Sem Vítimas";"Pleno dia";"Decrescente";"Céu Claro";"Dupla";"Reta";"Não";1;0;0;0;1;0;0;1;-32,12127763;-52,12972521;"SPRF-RS";"DEL07-RS";"UOP02-DEL07-RS"