"id";"data_inversa";"dia_semana";"horario";"uf";"br";"km";"municipio";"causa_acidente";"tipo_acidente";"classificacao_acidente";"fase_dia";"sentido_via";"condicao_metereologica";"tipo_pista";"tracado_via";"uso_solo";"pessoas";"mortos";"feridos_leves";"feridos_graves";"ilesos";"ignorados";"feridos";"veiculos";"latitude";"longitude";"regional";"delegacia";"uop"
518257;2023-04-21;"sexta-feira";"11:00:00";"RN";304;75;"MOSSORO";"Pista esburacada";"Saída de leito carroçável";"Com Vítimas Feridas";"Pleno dia";"Decrescente";"Céu Claro";"Simples";"Reta";"Não";1;0;1;0;0;0;1;1;-5,43735203;-37,19777204;"SPRF-RN";"DEL04-RN";"UOP01-DEL04-RN"
518259;2023-04-21;"sexta-feira";"08:49:00";"MG";381;533;"ITATIAIUCU";"Velocidade Incompatível";"Saída de leito carroçável";"Com Vítimas Feridas";"Pleno dia";"Decrescente";"Céu Claro";"Dupla";"Curva";"Não";1;0;1;0;0;0;1;1;-20,19896036;-44,38641307;"SPRF-MG";"DEL04-MG";"UOP03-DEL04-MG"
518261;2023-04-21;"sexta-feira";"11:15:00";"SP";116;46,8;"CANAS";"Ausência de reação do condutor";"Colisão traseira";"Com Vítimas Feridas";"Pleno dia";"Crescente";"Céu Claro";"Dupla";"Reta";"Não";4;0;1;0;3;0;1;3;-22,71393589;-45,05335608;"SPRF-SP";"DEL08-SP";"UOP02-DEL08-SP"
518262;2023-04-21;"sexta-feira";"12:45:00";"SC";101;125;"ITAJAI";"Condutor deixou de manter distância do veículo da frente";"Colisão lateral mesmo sentido";"Com Vítimas Feridas";"Pleno dia";"Crescente";"Céu Claro";"Múltipla";"Reta";"Não";3;0;0;1;2;0;1;2;-26,94802427;-48,68338515;"SPRF-SC";"DEL04-SC";"UOP04-DEL04-SC"
518263;2023-04-21;"sexta-feira";"11:00:00";"AC";364;136;"RIO BRANCO";"Desrespeitar a preferência no cruzamento";"Tombamento";"Com Vítimas Feridas";"Pleno dia";"Decrescente";"Sol";"Dupla";"Rotatória";"Sim";3;0;0;1;1;1;1;3;-9,977578;-67,8489;"SPRF-AC";"DEL01-AC";"UOP01-DEL01-AC"
518264;2023-04-21;"sexta-feira";"12:30:00";"SP";101;50;"UBATUBA";"Reação tardia ou ineficiente do condutor";"Queda de ocupante de veículo";"Com Vítimas Feridas";"Pleno dia";"Crescente";"Céu Claro";"Simples";"Reta";"Sim";1;0;1;0;0;0;1;1;-23,4623355;-45,06476561;"SPRF-SP";"DEL06-SP";"UOP01-DEL06-SP"
518265;2023-04-21;"sexta-feira";"11:45:00";"RS";386;216;"TIO HUGO";"Condutor deixou de manter distância do veículo da frente";"Colisão traseira";"Sem Vítimas";"Pleno dia";"Crescente";"Céu Claro";"Simples";"Declive;Reta";"Sim";2;0;0;0;2;0;0;2;-28,584908;-52,599743;"SPRF-RS";"DEL04-RS";"UOP03-DEL04-RS"
518266;2023-04-21;"sexta-feira";"12:45:00";"RS";392;681,3;"SAO PEDRO DO BUTIA";"Reação tardia ou ineficiente do condutor";"Saída de leito carroçável";"Com Vítimas Feridas";"Pleno dia";"Crescente";"Céu Claro";"Simples";"Reta";"Não";1;0;0;1;0;0;1;1;-28,12743435;-54,91028204;"SPRF-RS";"DEL10-RS";"UOP01-DEL10-RS"
518267;2023-04-21;"sexta-feira";"13:10:00";"RJ";40;120;"DUQUE DE CAXIAS";"Manobra de mudança de faixa";"Colisão lateral mesmo sentido";"Com Vítimas Feridas";"Pleno dia";"Decrescente";"Céu Claro";"Dupla";"Reta";"Sim";2;0;1;0;1;0;1;2;-22,77280597;-43,28626763;"SPRF-RJ";"DEL01-RJ";"UOP01-DEL01-RJ"
518268;2023-02-17;"sexta-feira";"05:10:00";"CE";116;19;"EUSEBIO";"Velocidade Incompatível";"Colisão traseira";"Com Vítimas Feridas";"Amanhecer";"Crescente";"Nublado";"Dupla";"Reta";"Não";2;0;1;0;1;0;1;2;-3,91384397;-38,50667231;"SPRF-CE";"DEL01-CE";"UOP02-DEL01-CE"
518269;2023-04-21;"sexta-feira";"12:15:00";"RS";116;521;"PELOTAS";"Ausência de reação do condutor";"Colisão transversal";"Com Vítimas Feridas";"Pleno dia";"Crescente";"Céu Claro";"Simples";"Rotatória";"Não";2;0;1;0;1;0;1;2;-31,70752405;-52,36800695;"SPRF-RS";"DEL07-RS";"UOP01-DEL07-RS"
518270;2023-04-21;"sexta-feira";"12:30:00";"SP";381;59;"MAIRIPORA";"Transitar na contramão";"Colisão frontal";"Sem Vítimas";"Pleno dia";"Crescente";"Céu Claro";"Simples";"Reta";"Sim";4;0;0;0;2;2;0;3;-23,28270705;-46,58787791;"SPRF-SP";"DEL03-SP";"UOP01-DEL03-SP"
518271;2023-04-21;"sexta-feira";"12:15:00";"AL";316;157;"PALMEIRA DOS INDIOS";"Ausência de reação do condutor";"Colisão frontal";"Com Vítimas Feridas";"Pleno dia";"Decrescente";"Céu Claro";"Simples";"Reta";"Sim";2;0;0;1;1;0;1;2;-9,42635226;-36,6189263;"SPRF-AL";"DEL03-AL";"UOP01-DEL03-AL"
518272;2023-04-21;"sexta-feira";"09:00:00";"PA";10;297;"IRITUIA";"Acessar a via sem observar a presença dos outros veículos";"Atropelamento de Pedestre";"Com Vítimas Fatais";"Pleno dia";"Decrescente";"Céu Claro";"Simples";"Aclive;Reta";"Não";2;1;1;0;0;0;1;2;-1,83530303;-47,51547651;"SPRF-PA";"DEL02-PA";"UOP01-DEL02-PA"
518273;2023-04-21;"sexta-feira";"11:39:00";"MS";60;511;"MARACAJU";"Reação tardia ou ineficiente do condutor";"Eventos atípicos";"Sem Vítimas";"Pleno dia";"Crescente";"Sol";"Simples";"Reta";"Não";2;0;0;0;2;0;0;2;-21,17732695;-55,628235;"SPRF-MS";"DEL05-MS";"UOP01-DEL05-MS"
518274;2023-04-21;"sexta-feira";"13:00:00";"PR";277;442,6;"LARANJEIRAS DO SUL";"Ausência de reação do condutor";"Saída de leito carroçável";"Com Vítimas Feridas";"Pleno dia";"Crescente";"Céu Claro";"Simples";"Curva";"Não";2;0;0;1;1;0;1;1;-25,37052;-52,30706;"SPRF-PR";"DEL04-PR";"UOP02-DEL04-PR"
518275;2023-04-21;"sexta-feira";"14:00:00";"SP";153;61,2;"SAO JOSE DO RIO PRETO";"Ultrapassagem Indevida";"Colisão lateral mesmo sentido";"Com Vítimas Feridas";"Pleno dia";"Crescente";"Céu Claro";"Dupla";"Reta;Declive";"Sim";2;0;1;0;1;0;1;2;-20,79627979;-49,35480206;"SPRF-SP";"DEL09-SP";"UOP01-DEL09-SP"
518276;2023-04-21;"sexta-feira";"13:45:00";"CE";304;65,2;"ARACATI";"Ausência de reação do condutor";"Capotamento";"Com Vítimas Feridas";"Pleno dia";"Crescente";"Sol";"Simples";"Reta";"Não";4;0;0;1;3;0;1;1;-4,62605324;-37,64488026;"SPRF-CE";"DEL03-CE";"UOP03-DEL03-CE"
518277;2023-04-21;"sexta-feira";"08:00:00";"MT";364;504;"JANGADA";"Ingestão de álcool pelo condutor";"Saída de leito carroçável";"Sem Vítimas";"Pleno dia";"Crescente";"Céu Claro";"Simples";"Reta";"Não";1;0;0;0;0;1;0;1;-15,229777;-56,49642099;"SPRF-MT";"DEL01-MT";"UOP01-DEL01-MT"
518278;2023-04-21;"sexta-feira";"13:33:00";"RO";364;197,8;"PIMENTA BUENO";"Condutor deixou de manter distância do veículo da frente";"Colisão lateral mesmo sentido";"Com Vítimas Feridas";"Pleno dia";"Crescente";"Céu Claro";"Simples";"Reta;Viaduto;Retorno Regulamentado;Interseção de Vias";"Sim";16;0;0;1;15;0;1;2;-11,671027;-61,191108;"SPRF-RO";"DEL02-RO";"UOP02-DEL02-RO"
518280;2023-04-21;"sexta-feira";"10:30:00";"RJ";101;308;"SAO GONCALO";"Condutor deixou de manter distância do veículo da frente";"Engavetamento";"Com Vítimas Feridas";"Pleno dia";"Decrescente";"Céu Claro";"Dupla";"Reta";"Não";4;0;1;0;3;0;1;3;-22,79309326;-43,02479595;"SPRF-RJ";"DEL02-RJ";"UOP02-DEL02-RJ"
518281;2023-04-21;"sexta-feira";"14:55:00";"SC";101;205,1;"SAO JOSE";"Reação tardia ou ineficiente do condutor";"Colisão traseira";"Com Vítimas Feridas";"Pleno dia";"Decrescente";"Nublado";"Múltipla";"Reta;Aclive";"Sim";2;0;1;0;1;0;1;2;-27,58399172;-48,61608982;"SPRF-SC";"DEL01-SC";"UOP01-DEL01-SC"
518283;2023-04-21;"sexta-feira";"15:30:00";"GO";40;12,8;"LUZIANIA";"Acessar a via sem observar a presença dos outros veículos";"Queda de ocupante de veículo";"Com Vítimas Feridas";"Pleno dia";"Crescente";"Céu Claro";"Dupla";"Reta";"Não";1;0;1;0;0;0;1;1;-16,145123;-47,945382;"SPRF-DF";"DEL01-DF";"UOP01-DEL01-DF"
518285;2023-04-21;"sexta-feira";"15:15:00";"SC";101;144;"ITAPEMA";"Trafegar com motocicleta (ou similar) entre as faixas";"Tombamento";"Com Vítimas Feridas";"Pleno dia";"Decrescente";"Céu Claro";"Dupla";"Curva";"Não";1;0;1;0;0;0;1;1;-27,0732659;-48,59672716;"SPRF-SC";"DEL04-SC";"UOP03-DEL04-SC"
518290;2023-04-21;"sexta-feira";"13:45:00";"RR";174;513;"BOA VISTA";"Ingestão de álcool pelo condutor";"Saída de leito carroçável";"Com Vítimas Feridas";"Pleno dia";"Decrescente";"Nublado";"Simples";"Reta";"Não";2;0;1;0;0;1;1;1;2,88055;-60,698753;"SPRF-RR";"DEL01-RR";"UOP01-DEL01-RR"
518291;2023-04-21;"sexta-feira";"09:30:00";"GO";153;370,1;"JARAGUA";"Ultrapassagem Indevida";"Colisão frontal";"Com Vítimas Fatais";"Pleno dia";"Decrescente";"Céu Claro";"Simples";"Declive";"Não";6;2;3;0;0;1;3;3;-15,828105;-49,280899;"SPRF-GO";"DEL02-GO";"UOP02-DEL02-GO"
518294;2023-04-21;"sexta-feira";"14:30:00";"RJ";101;504;"ANGRA DOS REIS";"Acessar a via sem observar a presença dos outros veículos";"Colisão transversal";"Com Vítimas Feridas";"Pleno dia";"Decrescente";"Céu Claro";"Simples";"Reta";"Não";2;0;1;0;1;0;1;2;-22,93155828;-44,38812093;"SPRF-RJ";"DEL03-RJ";"UOP03-DEL03-RJ"
518297;2023-04-09;"domingo";"19:15:00";"MG";116;436,4;"ENGENHEIRO CALDAS";"Reação tardia ou ineficiente do condutor";"Colisão com objeto";"Com Vítimas Fatais";"Plena Noite";"Crescente";"Ignorado";"Simples";"Curva;Aclive";"Não";2;1;0;0;0;1;0;2;-19,05053378;-41,99928281;"SPRF-MG";"DEL06-MG";"UOP01-DEL06-MG"
518299;2023-04-21;"sexta-feira";"08:40:00";"MG";365;64,3;"JEQUITAI";"Acumulo de óleo sobre o pavimento";"Saída de leito carroçável";"Com Vítimas Feridas";"Pleno dia";"Crescente";"Sol";"Simples";"Curva;Declive";"Não";2;0;0;2;0;0;2;1;-17,03404235;-44,31854673;"SPRF-MG";"DEL12-MG";"UOP01-DEL12-MG"
518301;2023-04-21;"sexta-feira";"17:10:00";"RS";116;154,9;"CAXIAS DO SUL";"Reação tardia ou ineficiente do condutor";"Tombamento";"Com Vítimas Feridas";"Pleno dia";"Crescente";"Céu Claro";"Simples";"Curva;Aclive";"Não";2;0;2;0;0;0;2;1;-29,19074818;-51,18073734;"SPRF-RS";"DEL05-RS";"UOP01-DEL05-RS"
518303;2023-04-21;"sexta-feira";"07:00:00";"MT";163;352;"SANTO ANTONIO DO LEVERGER";"Reação tardia ou ineficiente do condutor";"Saída de leito carroçável";"Sem Vítimas";"Pleno dia";"Crescente";"Céu Claro";"Dupla";"Reta";"Não";2;0;0;0;2;0;0;1;-15,79051915;-55,6075573;"SPRF-MT";"DEL01-MT";"UOP02-DEL01-MT"
518304;2023-04-21;"sexta-feira";"16:45:00";"SC";101;426;"ARARANGUA";"Demais falhas mecânicas ou elétricas";"Tombamento";"Com Vítimas Feridas";"Pleno dia";"Crescente";"Nublado";"Dupla";"Reta";"Não";2;0;1;0;1;0;1;1;-29,02593927;-49,59976914;"SPRF-SC";"DEL02-SC";"UOP02-DEL02-SC"
518305;2023-04-21;"sexta-feira";"15:00:00";"SC";101;133,8;"BALNEARIO CAMBORIU";"Acessar a via sem observar a presença dos outros veículos";"Colisão transversal";"Com Vítimas Feridas";"Pleno dia";"Crescente";"Céu Claro";"Dupla";"Interseção de Vias";"Sim";2;0;1;0;1;0;1;2;-26,99936;-48,64609;"SPRF-SC";"DEL04-SC";"UOP03-DEL04-SC"
518306;2023-04-21;"sexta-feira";"16:45:00";"SP";116;280;"EMBU DAS ARTES";"Ausência de reação do condutor";"Engavetamento";"Sem Vítimas";"Pleno dia";"Decrescente";"Céu Claro";"Dupla";"Declive;Reta";"Sim";7;0;0;0;7;0;0;4;-23,66996108;-46,85590758;"SPRF-SP";"DEL04-SP";"UOP01-DEL04-SP"
518307;2023-04-21;"sexta-feira";"17:20:00";"PE";101;78;"RECIFE";"Entrada inopinada do pedestre";"Atropelamento de Pedestre";"Com Vítimas Feridas";"Anoitecer";"Decrescente";"Céu Claro";"Dupla";"Reta;Declive";"Sim";2;0;1;0;1;0;1;2;-8,13705592;-34,94746685;"SPRF-PE";"DEL01-PE";"UOP01-DEL01-PE"
518309;2023-04-21;"sexta-feira";"16:50:00";"MT";70;0;"PONTAL DO ARAGUAIA";"Acesso irregular";"Colisão lateral sentido oposto";"Com Vítimas Feridas";"Pleno dia";"Decrescente";"Céu Claro";"Simples";"Interseção de Vias";"Sim";2;0;1;0;1;0;1;2;-15,893;-52,2599;"SPRF-MT";"DEL05-MT";"UOP02-DEL05-MT"
518310;2023-04-21;"sexta-feira";"17:15:00";"PR";277;722;"FOZ DO IGUACU";"Acessar a via sem observar a presença dos outros veículos";"Colisão transversal";"Com Vítimas Feridas";"Pleno dia";"Decrescente";"Céu Claro";"Dupla";"Reta;Rotatória";"Não";6;0;1;0;5;0;1;2;-25,49494908;-54,52095097;"SPRF-PR";"DEL05-PR";"UOP03-DEL05-PR"
518311;2023-04-21;"sexta-feira";"18:00:00";"ES";262;20,9;"VIANA";"Ingestão de álcool pelo condutor";"Colisão traseira";"Sem Vítimas";"Plena Noite";"Decrescente";"Nublado";"Simples";"Reta";"Sim";2;0;0;0;2;0;0;2;-20,3919143;-40,49002338;"SPRF-ES";"DEL01-ES";"UOP01-DEL01-ES"
518312;2023-04-21;"sexta-feira";"17:20:00";"PB";230;329;"PATOS";"Acessar a via sem observar a presença dos outros veículos";"Colisão transversal";"Com Vítimas Feridas";"Anoitecer";"Decrescente";"Céu Claro";"Simples";"Reta";"Não";4;0;2;1;1;0;3;2;-7,0116;-37,2159;"SPRF-PB";"DEL03-PB";"UOP01-DEL03-PB"
518314;2023-04-21;"sexta-feira";"15:45:00";"MG";116;272;"TEOFILO OTONI";"Velocidade Incompatível";"Saída de leito carroçável";"Com Vítimas Feridas";"Pleno dia";"Crescente";"Chuva";"Simples";"Curva";"Não";1;0;1;0;0;0;1;1;-17,81943899;-41,49990501;"SPRF-MG";"DEL11-MG";"UOP01-DEL11-MG"
518315;2023-04-21;"sexta-feira";"18:00:00";"RJ";116;189;"NOVA IGUACU";"Ausência de reação do condutor";"Atropelamento de Pedestre";"Com Vítimas Fatais";"Plena Noite";"Crescente";"Céu Claro";"Múltipla";"Reta";"Sim";2;1;0;0;1;0;0;2;-22,73765712;-43,49182298;"SPRF-RJ";"DEL01-RJ";"UOP02-DEL01-RJ"
518316;2023-04-21;"sexta-feira";"10:45:00";"SC";101;415,9;"ARARANGUA";"Ausência de reação do condutor";"Colisão transversal";"Com Vítimas Feridas";"Pleno dia";"Decrescente";"Céu Claro";"Múltipla";"Interseção de Vias";"Sim";2;0;1;0;1;0;1;2;-28,971923;-49,527979;"SPRF-SC";"DEL02-SC";"UOP02-DEL02-SC"
518319;2023-04-20;"quinta-feira";"14:00:00";"BA";101;164;"CONCEICAO DO JACUIPE";"Avarias e/ou desgaste excessivo no pneu";"Queda de ocupante de veículo";"Com Vítimas Feridas";"Pleno dia";"Decrescente";"Céu Claro";"Simples";"Reta";"Não";2;0;2;0;0;0;2;1;-12,35551436;-38,782478;"SPRF-BA";"DEL01-BA";"UOP03-DEL01-BA"
518320;2023-04-21;"sexta-feira";"16:00:00";"AP";210;156;"PORTO GRANDE";"Pista Escorregadia";"Colisão frontal";"Com Vítimas Feridas";"Anoitecer";"Crescente";"Céu Claro";"Simples";"Reta;Declive";"Não";5;0;2;0;3;0;2;2;0,640348;-51,808829;"SPRF-AP";"DEL01-AP";"UOP01-DEL01-AP"
518322;2023-04-21;"sexta-feira";"19:15:00";"SE";235;4,9;"NOSSA SENHORA DO SOCORRO";"Ingestão de álcool pelo condutor";"Colisão com objeto";"Com Vítimas Feridas";"Plena Noite";"Decrescente";"Céu Claro";"Dupla";"Reta;Declive";"Sim";1;0;1;0;0;0;1;1;-10,9064;-37,1197;"SPRF-SE";"DEL01-SE";"UOP01-DEL01-SE"
518323;2023-04-21;"sexta-feira";"18:05:00";"RS";158;567;"SANTANA DO LIVRAMENTO";"Ingestão de álcool pelo condutor";"Atropelamento de Pedestre";"Com Vítimas Feridas";"Anoitecer";"Crescente";"Céu Claro";"Simples";"Reta";"Não";4;0;1;1;2;0;2;2;-30,88016501;-55,5099678;"SPRF-RS";"DEL11-RS";"UOP01-DEL11-RS"
518324;2023-04-21;"sexta-feira";"18:55:00";"SP";153;257,3;"MARILIA";"Ingestão de álcool pelo condutor";"Colisão com objeto";"Com Vítimas Feridas";"Plena Noite";"Decrescente";"Céu Claro";"Dupla";"Reta";"Sim";1;0;1;0;0;0;1;1;-22,246024;-49,920281;"SPRF-SP";"DEL07-SP";"UOP02-DEL07-SP"
518325;2023-04-21;"sexta-feira";"19:00:00";"SC";282;389;"JOACABA";"Manobra de mudança de faixa";"Colisão lateral mesmo sentido";"Com Vítimas Feridas";"Plena Noite";"Crescente";"Céu Claro";"Simples";"Reta";"Não";2;0;1;0;1;0;1;2;-27,178604;-51,541367;"SPRF-SC";"DEL07-SC";"UOP05-DEL07-SC"
518327;2023-04-21;"sexta-feira";"19:00:00";"DF";80;17,3;"BRASILIA";"Pista Escorregadia";"Colisão com objeto";"Sem Vítimas";"Plena Noite";"Crescente";"Chuva";"Simples";"Rotatória";"Sim";1;0;0;0;1;0;0;1;-15,692071;-48,205139;"SPRF-DF";"DEL03-DF";"UOP02-DEL03-DF"
518328;2023-04-21;"sexta-feira";"18:00:00";"PE";424;94,7;"GARANHUNS";"Ingestão de álcool pelo condutor";"Colisão traseira";"Com Vítimas Feridas";"Plena Noite";"Decrescente";"Céu Claro";"Simples";"Reta;Aclive";"Não";4;0;2;0;2;0;2;3;-8,92071605;-36,4898517;"SPRF-PE";"DEL03-PE";"UOP01-DEL03-PE"
518329;2023-04-21;"sexta-feira";"09:00:00";"RJ";116;106;"GUAPIMIRIM";"Reação tardia ou ineficiente do condutor";"Queda de ocupante de veículo";"Com Vítimas Feridas";"Pleno dia";"Decrescente";"Céu Claro";"Múltipla";"Interseção de Vias";"Não";1;0;1;0;0;0;1;1;-22,521951;-43,00070097;"SPRF-RJ";"DEL04-RJ";"UOP01-DEL04-RJ"
518330;2023-04-21;"sexta-feira";"18:40:00";"RJ";393;247;"BARRA DO PIRAI";"Iluminação deficiente";"Colisão transversal";"Com Vítimas Feridas";"Plena Noite";"Crescente";"Nublado";"Simples";"Reta";"Não";3;0;1;0;2;0;1;2;-22,43295525;-43,73508613;"SPRF-RJ";"DEL05-RJ";"UOP04-DEL05-RJ"
518331;2023-04-21;"sexta-feira";"18:30:00";"PI";343;68,7;"BURITI DOS LOPES";"Reação tardia ou ineficiente do condutor";"Colisão com objeto";"Com Vítimas Feridas";"Anoitecer";"Crescente";"Céu Claro";"Simples";"Reta;Declive";"Não";2;0;0;2;0;0;2;1;-3,309354;-41,754002;"SPRF-PI";"DEL05-PI";"UOP01-DEL05-PI"
518332;2023-04-21;"sexta-feira";"18:50:00";"GO";414;413;"ABADIANIA";"Ingestão de substâncias psicoativas pelo condutor";"Colisão com objeto";"Sem Vítimas";"Plena Noite";"Decrescente";"Nublado";"Simples";"Reta;Declive";"Não";1;0;0;0;1;0;0;1;-16,08535198;-48,85339988;"SPRF-GO";"DEL02-GO";"UOP01-DEL02-GO"
518333;2023-04-21;"sexta-feira";"19:28:00";"ES";101;287,3;"CARIACICA";"Velocidade Incompatível";"Saída de leito carroçável";"Com Vítimas Feridas";"Plena Noite";"Decrescente";"Nublado";"Dupla";"Retorno Regulamentado;Aclive;Reta";"Não";1;0;1;0;0;0;1;1;-20,26858522;-40,38880527;"SPRF-ES";"DEL01-ES";"UOP01-DEL01-ES"
518334;2023-04-21;"sexta-feira";"20:00:00";"MG";262;751;"SACRAMENTO";"Velocidade Incompatível";"Saída de leito carroçável";"Com Vítimas Feridas";"Plena Noite";"Crescente";"Céu Claro";"Simples";"Curva";"Não";1;0;0;1;0;0;1;1;-19,644333;-47,517403;"SPRF-MG";"DEL13-MG";"UOP01-DEL13-MG"
518335;2023-04-21;"sexta-feira";"16:00:00";"MG";50;173;"UBERABA";"Avarias e/ou desgaste excessivo no pneu";"Tombamento";"Com Vítimas Feridas";"Pleno dia";"Crescente";"Céu Claro";"Dupla";"Reta";"Não";2;0;2;0;0;0;2;1;-19,7624352;-47,97701547;"SPRF-MG";"DEL13-MG";"UOP01-DEL13-MG"
518336;2023-04-21;"sexta-feira";"19:15:00";"MG";50;133;"UBERABA";"Reação tardia ou ineficiente do condutor";"Saída de leito carroçável";"Sem Vítimas";"Plena Noite";"Crescente";"Céu Claro";"Dupla";"Reta;Em Obras";"Não";1;0;0;0;0;1;0;1;-19,41574308;-48,07159033;"SPRF-MG";"DEL13-MG";"UOP01-DEL13-MG"
518338;2023-04-21;"sexta-feira";"20:00:00";"MG";381;676,7;"PERDOES";"Ausência de reação do condutor";"Colisão traseira";"Sem Vítimas";"Plena Noite";"Decrescente";"Céu Claro";"Simples";"Curva";"Sim";2;0;0;0;1;1;0;2;-21,12375684;-45,09790729;"SPRF-MG";"DEL04-MG";"UOP02-DEL04-MG"
518340;2023-04-21;"sexta-feira";"18:28:00";"RO";364;711;"PORTO VELHO";"Velocidade Incompatível";"Colisão traseira";"Com Vítimas Feridas";"Plena Noite";"Crescente";"Céu Claro";"Múltipla";"Reta";"Sim";3;0;0;1;2;0;1;2;-8,78153947;-63,86531369;"SPRF-RO";"DEL01-RO";"UOP01-DEL01-RO"
518341;2023-04-21;"sexta-feira";"20:30:00";"PE";101;82;"JABOATAO DOS GUARARAPES";"Velocidade Incompatível";"Atropelamento de Pedestre";"Com Vítimas Feridas";"Plena Noite";"Crescente";"Céu Claro";"Dupla";"Curva";"Sim";3;0;2;1;0;0;3;2;-8,168383;-34,9376;"SPRF-PE";"DEL01-PE";"UOP01-DEL01-PE"
518342;2023-04-21;"sexta-feira";"19:30:00";"PE";232;408;"SERRA TALHADA";"Transitar na contramão";"Colisão lateral sentido oposto";"Sem Vítimas";"Plena Noite";"Crescente";"Céu Claro";"Simples";"Reta";"Sim";3;0;0;0;3;0;0;2;-7,98371447;-38,28047709;"SPRF-PE";"DEL04-PE";"UOP01-DEL04-PE"
518343;2023-04-21;"sexta-feira";"18:20:00";"RJ";101;511;"ANGRA DOS REIS";"Desrespeitar a preferência no cruzamento";"Colisão frontal";"Com Vítimas Feridas";"Plena Noite";"Crescente";"Céu Claro";"Simples";"Reta";"Não";4;0;3;0;1;0;3;2;-22,9609111;-44,4382966;"SPRF-RJ";"DEL03-RJ";"UOP03-DEL03-RJ"
518345;2023-04-21;"sexta-feira";"20:15:00";"PR";277;723;"FOZ DO IGUACU";"Reação tardia ou ineficiente do condutor";"Capotamento";"Sem Vítimas";"Plena Noite";"Crescente";"Céu Claro";"Dupla";"Reta";"Sim";1;0;0;0;1;0;0;1;-25,49878215;-54,52985294;"SPRF-PR";"DEL05-PR";"UOP03-DEL05-PR"
518346;2023-04-21;"sexta-feira";"20:20:00";"MG";381;674,6;"PERDOES";"Velocidade Incompatível";"Saída de leito carroçável";"Com Vítimas Fatais";"Plena Noite";"Crescente";"Nublado";"Dupla";"Curva";"Não";2;1;0;0;0;1;0;2;-21,107021;-45,09114;"SPRF-MG";"DEL04-MG";"UOP02-DEL04-MG"
518347;2023-04-21;"sexta-feira";"18:25:00";"SC";280;266;"IRINEOPOLIS";"Ausência de reação do condutor";"Colisão com objeto";"Com Vítimas Feridas";"Anoitecer";"Crescente";"Céu Claro";"Simples";"Reta";"Não";1;0;0;1;0;0;1;1;-26,26347502;-50,698061;"SPRF-SC";"DEL06-SC";"UOP04-DEL06-SC"
518348;2023-04-21;"sexta-feira";"19:30:00";"MT";364;389;"SANTO ANTONIO DO LEVERGER";"Acesso irregular";"Colisão lateral mesmo sentido";"Com Vítimas Feridas";"Plena Noite";"Crescente";"Céu Claro";"Dupla";"Reta";"Não";3;0;1;1;1;0;2;3;-15,697217;-55,895412;"SPRF-MT";"DEL01-MT";"UOP02-DEL01-MT"
518349;2023-04-21;"sexta-feira";"17:00:00";"RO";364;307;"PRESIDENTE MEDICI";"Ausência de reação do condutor";"Colisão traseira";"Com Vítimas Feridas";"Pleno dia";"Crescente";"Céu Claro";"Simples";"Reta";"Sim";3;0;0;1;2;0;1;2;-11,181447;-61,90154;"SPRF-RO";"DEL02-RO";"UOP01-DEL02-RO"
518350;2023-04-21;"sexta-feira";"20:00:00";"ES";101;65,5;"SAO MATEUS";"Ingestão de álcool pelo condutor";"Colisão traseira";"Sem Vítimas";"Plena Noite";"Crescente";"Nublado";"Múltipla";"Reta";"Sim";2;0;0;0;2;0;0;2;-18,70935945;-39,87762087;"SPRF-ES";"DEL04-ES";"UOP02-DEL04-ES"
518351;2023-04-21;"sexta-feira";"19:50:00";"BA";101;883,5;"TEIXEIRA DE FREITAS";"Animais na Pista";"Atropelamento de Animal";"Com Vítimas Feridas";"Plena Noite";"Decrescente";"Nublado";"Simples";"Interseção de Vias";"Não";4;0;3;0;1;0;3;2;-17,590265;-39,744558;"SPRF-BA";"DEL09-BA";"UOP02-DEL09-BA"
518352;2023-04-21;"sexta-feira";"19:10:00";"RS";472;162;"SANTA ROSA";"Desrespeitar a preferência no cruzamento";"Colisão transversal";"Com Vítimas Feridas";"Plena Noite";"Decrescente";"Céu Claro";"Simples";"Rotatória";"Não";2;0;1;0;1;0;1;2;-27,879298;-54,429064;"SPRF-RS";"DEL10-RS";"UOP01-DEL10-RS"
518353;2023-02-04;"sábado";"15:20:00";"SP";381;30;"ATIBAIA";"Reação tardia ou ineficiente do condutor";"Queda de ocupante de veículo";"Com Vítimas Feridas";"Pleno dia";"Crescente";"Céu Claro";"Dupla";"Reta";"Sim";2;0;2;0;0;0;2;1;-23,04885102;-46,56482797;"SPRF-SP";"DEL03-SP";"UOP02-DEL03-SP"
518356;2023-04-21;"sexta-feira";"21:20:00";"RJ";101;310,9;"SAO GONCALO";"Ingestão de álcool pelo condutor";"Colisão com objeto";"Sem Vítimas";"Plena Noite";"Crescente";"Céu Claro";"Dupla";"Reta";"Sim";1;0;0;0;1;0;0;1;-22,79717023;-43,04404993;"SPRF-RJ";"DEL02-RJ";"UOP02-DEL02-RJ"
518359;2023-04-21;"sexta-feira";"21:00:00";"RS";448;1;"SAPUCAIA DO SUL";"Ausência de reação do condutor";"Colisão com objeto";"Com Vítimas Feridas";"Plena Noite";"Decrescente";"Céu Claro";"Dupla";"Curva";"Não";1;0;1;0;0;0;1;1;-29,836086;-51,182426;"SPRF-RS";"DEL01-RS";"UOP02-DEL01-RS"
518360;2023-04-21;"sexta-feira";"19:40:00";"MG";40;40,7;"PARACATU";"Acessar a via sem observar a presença dos outros veículos";"Colisão transversal";"Sem Vítimas";"Plena Noite";"Crescente";"Chuva";"Simples";"Reta;Interseção de Vias";"Sim";2;0;0;0;1;1;0;2;-17,21013894;-46,88089301;"SPRF-MG";"DEL14-MG";"UOP01-DEL14-MG"