"id";"data_inversa";"dia_semana";"horario";"uf";"br";"km";"municipio";"causa_acidente";"tipo_acidente";"classificacao_acidente";"fase_dia";"sentido_via";"condicao_metereologica";"tipo_pista";"tracado_via";"uso_solo";"pessoas";"mortos";"feridos_leves";"feridos_graves";"ilesos";"ignorados";"feridos";"veiculos";"latitude";"longitude";"regional";"delegacia";"uop"
518361;2023-04-21;"sexta-feira";"15:30:00";"MG";262;475;"BOM DESPACHO";"Acessar a via sem observar a presença dos outros veículos";"Colisão transversal";"Com Vítimas Feridas";"Pleno dia";"Crescente";"Céu Claro";"Simples";"Reta";"Não";2;0;0;1;1;0;1;2;-19,78735338;-45,20201711;"SPRF-MG";"DEL08-MG";"UOP03-DEL08-MG"
518363;2023-04-21;"sexta-feira";"21:20:00";"SE";235;54;"ITABAIANA";"Ingestão de álcool pelo condutor";"Colisão traseira";"Sem Vítimas";"Plena Noite";"Decrescente";"Nublado";"Simples";"Reta";"Não";2;0;0;0;1;1;0;2;-10,676047;-37,443279;"SPRF-SE";"DEL01-SE";"UOP02-DEL01-SE"
518364;2023-04-21;"sexta-feira";"21:30:00";"RS";470;268,2;"SAO JOSE DO SUL";"Reação tardia ou ineficiente do condutor";"Saída de leito carroçável";"Com Vítimas Feridas";"Plena Noite";"Crescente";"Céu Claro";"Simples";"Curva;Declive";"Não";1;0;1;0;0;0;1;1;-29,51209565;-51,48727655;"SPRF-RS";"DEL04-RS";"UOP02-DEL04-RS"
518365;2023-04-21;"sexta-feira";"19:00:00";"PE";316;9;"ARARIPINA";"Ausência de reação do condutor";"Colisão com objeto";"Com Vítimas Feridas";"Plena Noite";"Crescente";"Céu Claro";"Simples";"Declive;Curva";"Não";2;0;0;2;0;0;2;1;-7,49328223;-40,59803905;"SPRF-PE";"DEL05-PE";"UOP02-DEL05-PE"
518366;2023-04-21;"sexta-feira";"18:30:00";"SC";282;253;"SAO JOSE DO CERRITO";"Animais na Pista";"Saída de leito carroçável";"Com Vítimas Feridas";"Plena Noite";"Decrescente";"Céu Claro";"Simples";"Declive;Curva";"Não";1;0;0;1;0;0;1;1;-27,684978;-50,565498;"SPRF-SC";"DEL05-SC";"UOP02-DEL05-SC"
518367;2023-04-21;"sexta-feira";"20:20:00";"BA";330;830;"IPIAU";"Ingestão de álcool pelo condutor";"Colisão lateral sentido oposto";"Com Vítimas Feridas";"Plena Noite";"Decrescente";"Céu Claro";"Simples";"Curva";"Não";2;0;1;0;1;0;1;2;-14,08149106;-39,78114237;"SPRF-BA";"DEL03-BA";"UOP01-DEL03-BA"
518368;2023-04-21;"sexta-feira";"22:30:00";"CE";116;17;"ITAITINGA";"Iluminação deficiente";"Colisão com objeto";"Com Vítimas Feridas";"Plena Noite";"Crescente";"Céu Claro";"Dupla";"Reta;Ponte";"Sim";1;0;1;0;0;0;1;1;-3,89711662;-38,50356102;"SPRF-CE";"DEL01-CE";"UOP02-DEL01-CE"
518369;2023-04-21;"sexta-feira";"22:20:00";"SC";282;40,7;"AGUAS MORNAS";"Transitar na contramão";"Colisão frontal";"Com Vítimas Feridas";"Plena Noite";"Crescente";"Nublado";"Simples";"Reta";"Não";5;0;4;0;1;0;4;2;-27,716148;-48,869583;"SPRF-SC";"DEL01-SC";"UOP03-DEL01-SC"
518370;2023-04-21;"sexta-feira";"18:25:00";"SC";116;126,7;"SANTA CECILIA";"Ingestão de álcool ou de substâncias psicoativas pelo pedestre";"Atropelamento de Pedestre";"Com Vítimas Feridas";"Plena Noite";"Decrescente";"Nublado";"Simples";"Reta;Aclive";"Não";2;0;1;0;1;0;1;2;-26,86727993;-50,40768508;"SPRF-SC";"DEL06-SC";"UOP02-DEL06-SC"
518372;2023-04-21;"sexta-feira";"21:20:00";"SC";163;88,1;"GUARACIABA";"Frear bruscamente";"Colisão traseira";"Com Vítimas Feridas";"Plena Noite";"Decrescente";"Céu Claro";"Simples";"Reta;Interseção de Vias;Em Obras;Aclive";"Não";2;0;1;1;0;0;2;2;-26,58039098;-53,51612091;"SPRF-SC";"DEL07-SC";"UOP03-DEL07-SC"
518373;2023-04-21;"sexta-feira";"22:30:00";"CE";116;37,1;"HORIZONTE";"Ausência de reação do condutor";"Saída de leito carroçável";"Sem Vítimas";"Plena Noite";"Decrescente";"Nublado";"Dupla";"Reta";"Sim";2;0;0;0;0;2;0;2;-4,071733;-38,501032;"SPRF-CE";"DEL01-CE";"UOP02-DEL01-CE"
518376;2023-04-21;"sexta-feira";"22:50:00";"MT";70;278;"PRIMAVERA DO LESTE";"Ausência de reação do condutor";"Colisão traseira";"Com Vítimas Feridas";"Plena Noite";"Crescente";"Céu Claro";"Simples";"Viaduto";"Sim";3;0;2;0;1;0;2;2;-15,55739918;-54,27981896;"SPRF-MT";"DEL05-MT";"UOP01-DEL05-MT"
518378;2023-04-21;"sexta-feira";"23:00:00";"MG";381;830,2;"SAO SEBASTIAO DA BELA VISTA";"Animais na Pista";"Atropelamento de Animal";"Sem Vítimas";"Plena Noite";"Crescente";"Céu Claro";"Dupla";"Reta";"Não";1;0;0;0;0;1;0;1;-22,13939205;-45,81344194;"SPRF-MG";"DEL16-MG";"UOP01-DEL16-MG"
518381;2023-04-21;"sexta-feira";"23:30:00";"CE";222;32,4;"CAUCAIA";"Iluminação deficiente";"Eventos atípicos";"Sem Vítimas";"Plena Noite";"Crescente";"Céu Claro";"Dupla";"Reta;Rotatória";"Não";1;0;0;0;0;1;0;1;-3,70784148;-38,83774211;"SPRF-CE";"DEL01-CE";"UOP01-DEL01-CE"
518383;2023-04-21;"sexta-feira";"19:20:00";"PR";373;174,3;"PONTA GROSSA";"Ausência de reação do condutor";"Colisão transversal";"Com Vítimas Feridas";"Plena Noite";"Crescente";"Céu Claro";"Dupla";"Reta;Retorno Regulamentado";"Sim";2;0;0;1;1;0;1;2;-25,07594908;-50,20995715;"SPRF-PR";"DEL03-PR";"UOP01-DEL03-PR"
518384;2023-04-21;"sexta-feira";"19:30:00";"PI";222;90;"PIRIPIRI";"Animais na Pista";"Queda de ocupante de veículo";"Com Vítimas Fatais";"Plena Noite";"Crescente";"Céu Claro";"Simples";"Reta";"Não";1;1;0;0;0;0;0;1;-4,23701997;-41,87875597;"SPRF-PI";"DEL02-PI";"UOP01-DEL02-PI"
518386;2023-04-22;"sábado";"00:50:00";"PI";402;36,7;"PARNAIBA";"Ausência de reação do condutor";"Colisão com objeto";"Sem Vítimas";"Plena Noite";"Crescente";"Céu Claro";"Simples";"Rotatória";"Não";1;0;0;0;0;1;0;1;-2,94852682;-41,73156738;"SPRF-PI";"DEL05-PI";"UOP01-DEL05-PI"
518387;2023-04-22;"sábado";"00:40:00";"CE";116;6;"FORTALEZA";"Manobra de mudança de faixa";"Colisão lateral mesmo sentido";"Com Vítimas Feridas";"Plena Noite";"Crescente";"Céu Claro";"Dupla";"Reta";"Não";3;0;2;0;0;1;2;2;-3,802624;-38,50400499;"SPRF-CE";"DEL01-CE";"UOP02-DEL01-CE"
518389;2023-04-21;"sexta-feira";"19:25:00";"RJ";101;406;"ITAGUAI";"Ingestão de álcool pelo condutor";"Colisão com objeto";"Sem Vítimas";"Plena Noite";"Decrescente";"Céu Claro";"Dupla";"Reta";"Sim";1;0;0;0;1;0;0;1;-22,87188798;-43,80896322;"SPRF-RJ";"DEL03-RJ";"UOP01-DEL03-RJ"
518392;2023-04-21;"sexta-feira";"23:20:00";"BA";407;8;"JUAZEIRO";"Transitar na contramão";"Colisão frontal";"Com Vítimas Feridas";"Plena Noite";"Crescente";"Céu Claro";"Simples";"Reta";"Sim";3;0;0;2;1;0;2;2;-9,47216396;-40,47887593;"SPRF-PE";"DEL06-PE";"UOP01-DEL06-PE"
518393;2023-04-22;"sábado";"01:35:00";"SC";282;17,5;"PALHOCA";"Desvio temporário";"Colisão com objeto";"Com Vítimas Feridas";"Plena Noite";"Decrescente";"Nublado";"Simples";"Desvio Temporário";"Sim";1;0;1;0;0;0;1;1;-27,665707;-48,688065;"SPRF-SC";"DEL01-SC";"UOP02-DEL01-SC"
518394;2023-04-21;"sexta-feira";"21:40:00";"GO";153;702,1;"ITUMBIARA";"Ingestão de álcool pelo condutor";"Saída de leito carroçável";"Sem Vítimas";"Plena Noite";"Decrescente";"Ignorado";"Dupla";"Retorno Regulamentado";"Sim";1;0;0;0;1;0;0;1;-18,4103;-49,1965;"SPRF-GO";"DEL03-GO";"UOP02-DEL03-GO"
518395;2023-04-22;"sábado";"00:52:00";"MA";135;3;"SAO LUIS";"Ausência de reação do condutor";"Tombamento";"Com Vítimas Feridas";"Plena Noite";"Decrescente";"Céu Claro";"Dupla";"Declive";"Sim";1;0;0;1;0;0;1;1;-2,60922718;-44,24880093;"SPRF-MA";"DEL01-MA";"UOP01-DEL01-MA"
518396;2023-04-22;"sábado";"01:40:00";"PE";101;51;"ABREU E LIMA";"Ausência de reação do condutor";"Colisão com objeto";"Com Vítimas Feridas";"Plena Noite";"Crescente";"Céu Claro";"Dupla";"Reta";"Sim";1;0;1;0;0;0;1;1;-7,9169968;-34,89689272;"SPRF-PE";"DEL01-PE";"UOP02-DEL01-PE"
518397;2023-04-22;"sábado";"01:58:00";"SP";116;230;"SAO PAULO";"Ingestão de álcool pelo condutor";"Saída de leito carroçável";"Com Vítimas Feridas";"Plena Noite";"Decrescente";"Céu Claro";"Múltipla";"Reta";"Sim";1;0;1;0;0;0;1;1;-23,52251783;-46,5855702;"SPRF-SP";"DEL01-SP";"UOP01-DEL01-SP"
518399;2023-04-22;"sábado";"00:20:00";"PR";277;122;"CAMPO LARGO";"Ausência de reação do condutor";"Colisão traseira";"Sem Vítimas";"Plena Noite";"Decrescente";"Céu Claro";"Dupla";"Curva";"Não";2;0;0;0;2;0;0;2;-25,447275;-49,574751;"SPRF-PR";"DEL03-PR";"UOP03-DEL03-PR"
518400;2023-04-22;"sábado";"02:30:00";"SP";116;145;"SAO JOSE DOS CAMPOS";"Ausência de reação do condutor";"Colisão com objeto";"Com Vítimas Feridas";"Plena Noite";"Decrescente";"Céu Claro";"Dupla";"Reta";"Não";1;0;0;1;0;0;1;1;-23,1869844;-45,8548078;"SPRF-SP";"DEL02-SP";"UOP01-DEL02-SP"
518401;2023-04-22;"sábado";"02:15:00";"PR";376;617,8;"SAO JOSE DOS PINHAIS";"Chuva";"Colisão com objeto";"Com Vítimas Feridas";"Plena Noite";"Decrescente";"Garoa/Chuvisco";"Dupla";"Reta";"Não";2;0;1;0;1;0;1;1;-25,58426494;-49,17618795;"SPRF-PR";"DEL01-PR";"UOP04-DEL01-PR"
518403;2023-04-22;"sábado";"04:05:00";"PE";101;45;"IGARASSU";"Animais na Pista";"Atropelamento de Animal";"Sem Vítimas";"Plena Noite";"Decrescente";"Céu Claro";"Múltipla";"Reta";"Sim";2;0;0;0;2;0;0;1;-7,82149493;-34,91646051;"SPRF-PE";"DEL01-PE";"UOP02-DEL01-PE"
518404;2023-04-22;"sábado";"01:40:00";"PE";424;90,5;"GARANHUNS";"Ingestão de álcool pelo condutor";"Colisão lateral mesmo sentido";"Com Vítimas Feridas";"Plena Noite";"Decrescente";"Céu Claro";"Simples";"Reta";"Sim";4;0;1;1;0;2;2;2;-8,89635706;-36,50157593;"SPRF-PE";"DEL03-PE";"UOP01-DEL03-PE"
518405;2023-04-21;"sexta-feira";"21:40:00";"MA";135;311;"DOM PEDRO";"Acesso irregular";"Colisão transversal";"Com Vítimas Feridas";"Plena Noite";"Crescente";"Céu Claro";"Simples";"Reta";"Não";4;0;3;1;0;0;4;2;-5,04635454;-44,44621377;"SPRF-MA";"DEL03-MA";"UOP01-DEL03-MA"
518406;2023-04-22;"sábado";"03:17:00";"PR";116;104,5;"SAO JOSE DOS PINHAIS";"Condutor Dormindo";"Colisão traseira";"Sem Vítimas";"Plena Noite";"Crescente";"Céu Claro";"Dupla";"Reta";"Não";2;0;0;0;2;0;0;2;-25,56472785;-49,15859603;"SPRF-PR";"DEL01-PR";"UOP07-DEL01-PR"
518407;2023-04-22;"sábado";"04:18:00";"PE";101;58;"RECIFE";"Ausência de reação do condutor";"Saída de leito carroçável";"Com Vítimas Feridas";"Plena Noite";"Crescente";"Céu Claro";"Dupla";"Reta";"Não";1;0;1;0;0;0;1;1;-7,97063209;-34,92064675;"SPRF-PE";"DEL01-PE";"UOP02-DEL01-PE"
518408;2023-04-14;"sexta-feira";"03:40:00";"BA";116;27;"VITORIA DA CONQUISTA";"Reação tardia ou ineficiente do condutor";"Tombamento";"Com Vítimas Feridas";"Amanhecer";"Crescente";"Ignorado";"Simples";"Reta;Aclive";"Não";1;0;0;1;0;0;1;1;-14,84503372;-40,81458181;"SPRF-BA";"DEL08-BA";"UOP01-DEL08-BA"
518409;2023-04-22;"sábado";"00:50:00";"RJ";493;8;"GUAPIMIRIM";"Reação tardia ou ineficiente do condutor";"Colisão traseira";"Sem Vítimas";"Plena Noite";"Crescente";"Céu Claro";"Simples";"Em Obras;Reta";"Não";3;0;0;0;3;0;0;2;-22,71330892;-42,95334574;"SPRF-RJ";"DEL04-RJ";"UOP02-DEL04-RJ"
518411;2023-04-22;"sábado";"06:00:00";"PE";101;0,1;"JABOATAO DOS GUARARAPES";"Ultrapassagem Indevida";"Colisão lateral sentido oposto";"Sem Vítimas";"Pleno dia";"Crescente";"Sol";"Simples";"Reta";"Não";2;0;0;0;1;1;0;2;-8,11208;-35,0154;"SPRF-PE";"DEL01-PE";"UOP01-DEL01-PE"
518412;2023-04-22;"sábado";"05:30:00";"SC";101;193;"BIGUACU";"Ausência de reação do condutor";"Colisão com objeto";"Com Vítimas Feridas";"Amanhecer";"Decrescente";"Chuva";"Dupla";"Curva";"Não";1;0;1;0;0;0;1;1;-27,48443781;-48,64765238;"SPRF-SC";"DEL01-SC";"UOP01-DEL01-SC"
518413;2023-04-22;"sábado";"05:50:00";"PR";376;494,3;"PONTA GROSSA";"Ingestão de álcool pelo condutor";"Colisão com objeto";"Sem Vítimas";"Amanhecer";"Crescente";"Céu Claro";"Dupla";"Reta;Aclive";"Sim";1;0;0;0;0;1;0;1;-25,13028821;-50,17239332;"SPRF-PR";"DEL03-PR";"UOP04-DEL03-PR"
518415;2023-04-21;"sexta-feira";"21:50:00";"MG";116;563,1;"MANHUACU";"Demais falhas mecânicas ou elétricas";"Incêndio";"Sem Vítimas";"Plena Noite";"Crescente";"Nublado";"Simples";"Reta";"Não";1;0;0;0;1;0;0;1;-20,05498398;-42,17498796;"SPRF-MG";"DEL06-MG";"UOP03-DEL06-MG"
518416;2023-04-22;"sábado";"06:00:00";"BA";116;220;"EUCLIDES DA CUNHA";"Condutor Dormindo";"Colisão com objeto";"Com Vítimas Feridas";"Amanhecer";"Decrescente";"Céu Claro";"Dupla";"Reta";"Sim";1;0;1;0;0;0;1;1;-10,51309823;-39,00766611;"SPRF-BA";"DEL07-BA";"UOP02-DEL07-BA"
518417;2023-04-22;"sábado";"06:30:00";"PE";232;71,1;"GRAVATA";"Ausência de reação do condutor";"Colisão traseira";"Com Vítimas Feridas";"Pleno dia";"Crescente";"Céu Claro";"Dupla";"Reta";"Não";2;0;1;0;1;0;1;2;-8,18344403;-35,49296599;"SPRF-PE";"DEL02-PE";"UOP02-DEL02PE"
518418;2023-04-22;"sábado";"05:00:00";"MG";50;14;"ARAGUARI";"Ingestão de álcool pelo condutor";"Colisão com objeto";"Sem Vítimas";"Amanhecer";"Decrescente";"Céu Claro";"Dupla";"Curva";"Não";1;0;0;0;1;0;0;1;-18,54678963;-48,05089843;"SPRF-MG";"DEL15-MG";"UOP02-DEL15-MG"
518419;2023-04-21;"sexta-feira";"14:00:00";"RJ";116;173;"RIO DE JANEIRO";"Acumulo de areia ou detritos sobre o pavimento";"Queda de ocupante de veículo";"Com Vítimas Feridas";"Pleno dia";"Crescente";"Nublado";"Dupla";"Curva";"Não";1;0;1;0;0;0;1;1;-22,79810324;-43,35726614;"SPRF-RJ";"DEL01-RJ";"UOP02-DEL01-RJ"
518420;2023-04-22;"sábado";"04:15:00";"MS";163;257;"DOURADOS";"Velocidade Incompatível";"Colisão traseira";"Sem Vítimas";"Plena Noite";"Crescente";"Nublado";"Dupla";"Reta";"Não";3;0;0;0;2;1;0;3;-22,25888398;-54,793819;"SPRF-MS";"DEL04-MS";"UOP01-DEL04-MS"
518421;2023-04-22;"sábado";"07:50:00";"SP";116;197;"ARUJA";"Demais falhas mecânicas ou elétricas";"Queda de ocupante de veículo";"Com Vítimas Feridas";"Amanhecer";"Decrescente";"Nublado";"Dupla";"Reta";"Não";2;0;2;0;0;0;2;1;-23,39721625;-46,29284287;"SPRF-SP";"DEL01-SP";"UOP01-DEL01-SP"
518422;2023-04-22;"sábado";"07:30:00";"MG";146;485,9;"POCOS DE CALDAS";"Velocidade Incompatível";"Colisão com objeto";"Com Vítimas Feridas";"Pleno dia";"Decrescente";"Céu Claro";"Simples";"Curva;Declive";"Não";1;0;1;0;0;0;1;1;-21,78940378;-46,44273173;"SPRF-MG";"DEL09-MG";"UOP01-DEL09-MG"
518423;2023-04-22;"sábado";"08:05:00";"CE";116;6;"FORTALEZA";"Pedestre cruzava a pista fora da faixa";"Atropelamento de Pedestre";"Com Vítimas Feridas";"Pleno dia";"Crescente";"Céu Claro";"Múltipla";"Reta";"Sim";2;0;0;2;0;0;2;2;-3,802624;-38,50400499;"SPRF-CE";"DEL01-CE";"UOP02-DEL01-CE"
518424;2023-04-22;"sábado";"07:45:00";"RS";116;255,5;"ESTEIO";"Acessar a via sem observar a presença dos outros veículos";"Colisão lateral mesmo sentido";"Sem Vítimas";"Pleno dia";"Decrescente";"Céu Claro";"Múltipla";"Reta";"Sim";2;0;0;0;2;0;0;2;-29,83522986;-51,17484349;"SPRF-RS";"DEL01-RS";"UOP02-DEL01-RS"
518426;2023-04-21;"sexta-feira";"22:00:00";"SP";381;62;"MAIRIPORA";"Demais falhas mecânicas ou elétricas";"Colisão lateral mesmo sentido";"Com Vítimas Feridas";"Plena Noite";"Decrescente";"Céu Claro";"Dupla";"Curva";"Não";2;0;1;0;1;0;1;2;-23,29437896;-46,57254696;"SPRF-SP";"DEL03-SP";"UOP01-DEL03-SP"
518429;2023-04-22;"sábado";"03:30:00";"RS";116;335;"BARRA DO RIBEIRO";"Ausência de reação do condutor";"Saída de leito carroçável";"Sem Vítimas";"Plena Noite";"Crescente";"Céu Claro";"Dupla";"Reta";"Não";1;0;0;0;1;0;0;1;-30,41653446;-51,46133947;"SPRF-RS";"DEL02-RS";"UOP02-DEL02-RS"
518431;2023-04-22;"sábado";"09:00:00";"ES";101;383;"RIO NOVO DO SUL";"Ausência de reação do condutor";"Saída de leito carroçável";"Com Vítimas Feridas";"Pleno dia";"Crescente";"Chuva";"Simples";"Curva";"Não";1;0;1;0;0;0;1;1;-20,82532924;-40,85473381;"SPRF-ES";"DEL03-ES";"UOP01-DEL03-ES"
518432;2023-04-22;"sábado";"05:45:00";"MA";316;598,1;"TIMON";"Pedestre andava na pista";"Atropelamento de Pedestre";"Com Vítimas Fatais";"Amanhecer";"Crescente";"Nevoeiro/Neblina";"Simples";"Reta";"Não";2;1;0;0;0;1;0;2;-5,021882;-42,971935;"SPRF-MA";"DEL03-MA";"UOP02-DEL03-MA"
518433;2023-04-22;"sábado";"08:50:00";"RJ";493;25;"MAGE";"Reação tardia ou ineficiente do condutor";"Colisão traseira";"Com Vítimas Feridas";"Pleno dia";"Decrescente";"Céu Claro";"Simples";"Curva";"Não";2;0;1;0;1;0;1;2;-22,65797744;-43,08777809;"SPRF-RJ";"DEL04-RJ";"UOP02-DEL04-RJ"
518434;2023-04-22;"sábado";"09:00:00";"PR";376;620;"SAO JOSE DOS PINHAIS";"Ingestão de álcool pelo condutor";"Saída de leito carroçável";"Sem Vítimas";"Pleno dia";"Crescente";"Céu Claro";"Simples";"Reta";"Sim";1;0;0;0;1;0;0;1;-25,60925907;-49,17205834;"SPRF-PR";"DEL01-PR";"UOP04-DEL01-PR"
518437;2023-04-22;"sábado";"09:30:00";"SP";381;33;"ATIBAIA";"Animais na Pista";"Saída de leito carroçável";"Com Vítimas Feridas";"Pleno dia";"Crescente";"Céu Claro";"Dupla";"Reta";"Não";4;0;1;0;3;0;1;1;-23,0728028;-46,56673562;"SPRF-SP";"DEL03-SP";"UOP02-DEL03-SP"
518438;2023-04-21;"sexta-feira";"22:10:00";"PR";277;575,3;"CASCAVEL";"Ingestão de álcool pelo condutor";"Saída de leito carroçável";"Com Vítimas Fatais";"Pleno dia";"Decrescente";"Céu Claro";"Dupla";"Reta";"Não";1;1;0;0;0;0;0;1;-24,98692731;-53,33030208;"SPRF-PR";"DEL04-PR";"UOP01-DEL04-PR"
518439;2023-04-22;"sábado";"10:10:00";"SP";101;50,3;"UBATUBA";"Acessar a via sem observar a presença dos outros veículos";"Colisão transversal";"Com Vítimas Feridas";"Pleno dia";"Decrescente";"Céu Claro";"Simples";"Reta";"Sim";2;0;1;0;1;0;1;2;-23,44410908;-45,08375708;"SPRF-SP";"DEL06-SP";"UOP01-DEL06-SP"
518442;2023-04-22;"sábado";"09:30:00";"BA";101;245;"CONCEICAO DO ALMEIDA";"Reação tardia ou ineficiente do condutor";"Saída de leito carroçável";"Com Vítimas Feridas";"Pleno dia";"Decrescente";"Nublado";"Simples";"Curva;Declive";"Não";1;0;0;1;0;0;1;1;-12,84723559;-39,20787726;"SPRF-BA";"DEL01-BA";"UOP02-DEL01-BA"
518443;2023-04-22;"sábado";"10:05:00";"PE";428;189,9;"PETROLINA";"Acessar a via sem observar a presença dos outros veículos";"Tombamento";"Com Vítimas Feridas";"Pleno dia";"Crescente";"Céu Claro";"Dupla";"Interseção de Vias";"Não";1;0;0;1;0;0;1;1;-9,37819801;-40,50567004;"SPRF-PE";"DEL06-PE";"UOP01-DEL06-PE"
518444;2023-04-22;"sábado";"10:30:00";"RJ";101;88;"CAMPOS DOS GOYTACAZES";"Velocidade Incompatível";"Colisão transversal";"Com Vítimas Feridas";"Pleno dia";"Decrescente";"Céu Claro";"Dupla";"Curva";"Não";2;0;1;0;1;0;1;2;-21,83354897;-41,50191804;"SPRF-RJ";"DEL08-RJ";"UOP02-DEL08-RJ"
518447;2023-04-22;"sábado";"09:40:00";"PR";373;420,3;"CANDOI";"Velocidade Incompatível";"Tombamento";"Com Vítimas Feridas";"Pleno dia";"Crescente";"Nublado";"Simples";"Curva;Declive";"Não";1;0;1;0;0;0;1;1;-25,69734154;-52,16570377;"SPRF-PR";"DEL08-PR";"UOP01-DEL08-PR"
518448;2023-04-22;"sábado";"06:15:00";"MG";40;142,2;"JOAO PINHEIRO";"Manobra de mudança de faixa";"Colisão frontal";"Com Vítimas Feridas";"Amanhecer";"Decrescente";"Céu Claro";"Simples";"Reta";"Não";2;0;1;0;0;1;1;2;-17,740382;-46,185728;"SPRF-MG";"DEL14-MG";"UOP01-DEL14-MG"
518449;2023-04-22;"sábado";"10:35:00";"RS";101;74,1;"OSORIO";"Pedestre cruzava a pista fora da faixa";"Atropelamento de Pedestre";"Com Vítimas Fatais";"Pleno dia";"Decrescente";"Céu Claro";"Dupla";"Reta";"Não";2;1;0;1;0;0;1;2;-29,77997149;-50,22440672;"SPRF-RS";"DEL03-RS";"UOP01-DEL03-RS"
518450;2023-04-22;"sábado";"10:40:00";"BA";324;531,7;"FEIRA DE SANTANA";"Avarias e/ou desgaste excessivo no pneu";"Colisão com objeto";"Com Vítimas Feridas";"Pleno dia";"Decrescente";"Chuva";"Dupla";"Reta;Aclive";"Não";4;0;4;0;0;0;4;1;-12,34653702;-38,83766006;"SPRF-BA";"DEL01-BA";"UOP03-DEL01-BA"
518453;2023-04-22;"sábado";"11:00:00";"RO";364;799;"PORTO VELHO";"Demais falhas mecânicas ou elétricas";"Colisão com objeto";"Com Vítimas Feridas";"Pleno dia";"Crescente";"Sol";"Simples";"Curva";"Sim";2;0;1;0;1;0;1;1;-9,257213;-64,38678;"SPRF-RO";"DEL01-RO";"UOP02-DEL01-RO"
518454;2023-04-22;"sábado";"09:45:00";"PA";10;355;"SANTA MARIA DO PARA";"Acessar a via sem observar a presença dos outros veículos";"Colisão transversal";"Com Vítimas Feridas";"Pleno dia";"Crescente";"Céu Claro";"Simples";"Curva";"Sim";4;0;1;0;2;1;1;3;-1,338934;-47,5822;"SPRF-PA";"DEL01-PA";"UOP02-DEL01-PA"
518455;2023-04-22;"sábado";"11:45:00";"ES";101;200,1;"JOAO NEIVA";"Ingestão de álcool e/ou substâncias psicoativas pelo pedestre";"Saída de leito carroçável";"Com Vítimas Feridas";"Pleno dia";"Decrescente";"Nublado";"Simples";"Reta";"Não";1;0;1;0;0;0;1;1;-19,72573895;-40,35645808;"SPRF-ES";"DEL04-ES";"UOP01-DEL04-ES"
518457;2023-04-22;"sábado";"11:34:00";"MS";163;497,1;"CAMPO GRANDE";"Reação tardia ou ineficiente do condutor";"Saída de leito carroçável";"Com Vítimas Feridas";"Pleno dia";"Crescente";"Céu Claro";"Simples";"Reta";"Não";1;0;1;0;0;0;1;1;-20,35232402;-54,52049797;"SPRF-MS";"DEL01-MS";"UOP02-DEL01-MS"
518458;2023-04-22;"sábado";"12:10:00";"RJ";116;140;"DUQUE DE CAXIAS";"Demais falhas mecânicas ou elétricas";"Incêndio";"Sem Vítimas";"Pleno dia";"Crescente";"Céu Claro";"Simples";"Reta";"Sim";1;0;0;0;1;0;0;1;-22,6466198;-43,21112001;"SPRF-RJ";"DEL01-RJ";"UOP01-DEL01-RJ"
518459;2023-04-21;"sexta-feira";"18:20:00";"MS";262;722,8;"CORUMBA";"Animais na Pista";"Saída de leito carroçável";"Com Vítimas Feridas";"Plena Noite";"Crescente";"Céu Claro";"Simples";"Reta";"Não";3;0;2;1;0;0;3;1;-19,40698618;-57,47994314;"SPRF-MS";"DEL03-MS";"UOP03-DEL03-MS"
518460;2023-04-22;"sábado";"08:00:00";"MG";40;618,2;"CONGONHAS";"Velocidade Incompatível";"Saída de leito carroçável";"Com Vítimas Feridas";"Pleno dia";"Crescente";"Nublado";"Simples";"Retorno Regulamentado;Curva;Interseção de Vias;Aclive";"Não";2;0;1;1;0;0;2;1;-20,56901973;-43,81283468;"SPRF-MG";"DEL05-MG";"UOP02-DEL05-MG"
518461;2023-04-22;"sábado";"11:15:00";"RJ";101;471;"ANGRA DOS REIS";"Acessar a via sem observar a presença dos outros veículos";"Colisão transversal";"Com Vítimas Feridas";"Pleno dia";"Crescente";"Céu Claro";"Simples";"Reta";"Não";2;0;0;1;1;0;1;2;-22,99710353;-44,22875762;"SPRF-RJ";"DEL03-RJ";"UOP03-DEL03-RJ"
518462;2023-04-22;"sábado";"11:00:00";"PR";163;276;"QUATRO PONTES";"Velocidade Incompatível";"Saída de leito carroçável";"Sem Vítimas";"Pleno dia";"Crescente";"Sol";"Dupla";"Declive;Curva";"Não";1;0;0;0;0;1;0;1;-24,60909125;-53,96412507;"SPRF-PR";"DEL06-PR";"UOP02-DEL06-PR"
518463;2023-04-22;"sábado";"11:45:00";"MG";50;21,5;"UBERLANDIA";"Ingestão de álcool pelo condutor";"Colisão traseira";"Sem Vítimas";"Pleno dia";"Decrescente";"Nublado";"Simples";"Reta;Viaduto";"Sim";2;0;0;0;1;1;0;2;-18,93843865;-48,21877956;"SPRF-MG";"DEL15-MG";"UOP01-DEL15-MG"
518464;2023-04-22;"sábado";"12:50:00";"MG";262;36,5;"MANHUACU";"Retorno proibido";"Colisão transversal";"Com Vítimas Feridas";"Pleno dia";"Crescente";"Céu Claro";"Simples";"Reta";"Sim";3;0;0;1;2;0;1;2;-20,25932046;-42,02298331;"SPRF-MG";"DEL06-MG";"UOP03-DEL06-MG"
518465;2023-04-22;"sábado";"12:30:00";"PR";376;289;"MAUA DA SERRA";"Reação tardia ou ineficiente do condutor";"Saída de leito carroçável";"Com Vítimas Feridas";"Pleno dia";"Decrescente";"Céu Claro";"Dupla";"Curva";"Não";1;0;1;0;0;0;1;1;-23,90347063;-51,21141182;"SPRF-PR";"DEL07-PR";"UOP02-DEL07-PR"