"id";"data_inversa";"dia_semana";"horario";"uf";"br";"km";"municipio";"causa_acidente";"tipo_acidente";"classificacao_acidente";"fase_dia";"sentido_via";"condicao_metereologica";"tipo_pista";"tracado_via";"uso_solo";"pessoas";"mortos";"feridos_leves";"feridos_graves";"ilesos";"ignorados";"feridos";"veiculos";"latitude";"longitude";"regional";"delegacia";"uop"
518466;2023-02-09;"quinta-feira";"16:20:00";"MA";135;20;"SAO LUIS";"Ausência de reação do condutor";"Saída de leito carroçável";"Com Vítimas Feridas";"Pleno dia";"Crescente";"Céu Claro";"Dupla";"Reta";"Sim";1;0;0;1;0;0;1;1;-2,565338;-44,334783;"SPRF-MA";"DEL01-MA";"UOP01-DEL01-MA"
518468;2023-04-22;"sábado";"06:00:00";"BA";415;27;"ILHEUS";"Ingestão de álcool pelo condutor";"Colisão transversal";"Com Vítimas Feridas";"Pleno dia";"Crescente";"Sol";"Simples";"Curva";"Não";6;0;3;0;3;0;3;2;-14,79930174;-39,15548801;"SPRF-BA";"DEL05-BA";"UOP01-DEL05-BA"
518469;2023-04-22;"sábado";"10:15:00";"MT";158;777,4;"BARRA DO GARCAS";"Acesso irregular";"Colisão lateral mesmo sentido";"Com Vítimas Feridas";"Plena Noite";"Decrescente";"Céu Claro";"Simples";"Reta";"Não";2;0;1;0;1;0;1;2;-15,721148;-52,25301;"SPRF-MT";"DEL07-MT";"UOP01-DEL07-MT"
518470;2023-04-22;"sábado";"11:50:00";"BA";116;462;"SANTO ESTEVAO";"Ingestão de álcool pelo condutor";"Saída de leito carroçável";"Com Vítimas Feridas";"Pleno dia";"Decrescente";"Nublado";"Dupla";"Reta";"Sim";1;0;1;0;0;0;1;1;-12,435528;-39,221752;"SPRF-BA";"DEL02-BA";"UOP01-DEL02-BA"
518471;2023-03-21;"terça-feira";"14:00:00";"MG";365;131;"VARZEA DA PALMA";"Velocidade Incompatível";"Capotamento";"Com Vítimas Feridas";"Pleno dia";"Crescente";"Céu Claro";"Simples";"Reta";"Não";2;0;2;0;0;0;2;1;-17,15605964;-44,77937538;"SPRF-MG";"DEL12-MG";"UOP01-DEL12-MG"
518472;2023-04-22;"sábado";"11:45:00";"SC";282;95,2;"ALFREDO WAGNER";"Velocidade Incompatível";"Saída de leito carroçável";"Com Vítimas Feridas";"Pleno dia";"Crescente";"Céu Claro";"Simples";"Curva";"Não";1;0;0;1;0;0;1;1;-27,71188;-49,255035;"SPRF-SC";"DEL01-SC";"UOP03-DEL01-SC"
518473;2023-04-16;"domingo";"18:20:00";"PB";230;0,5;"PATOS";"Reação tardia ou ineficiente do condutor";"Saída de leito carroçável";"Com Vítimas Feridas";"Plena Noite";"Crescente";"Nublado";"Simples";"Reta";"Sim";3;0;2;0;0;1;2;1;-7,024862;-37,280304;"SPRF-PB";"DEL03-PB";"UOP01-DEL03-PB"
518474;2023-04-22;"sábado";"13:10:00";"PR";277;527,2;"GUARANIACU";"Demais falhas mecânicas ou elétricas";"Saída de leito carroçável";"Com Vítimas Feridas";"Pleno dia";"Crescente";"Céu Claro";"Simples";"Curva";"Não";2;0;2;0;0;0;2;1;-25,091649;-52,949265;"SPRF-PR";"DEL04-PR";"UOP04-DEL04-PR"
518475;2023-04-22;"sábado";"13:20:00";"MG";381;347;"JOAO MONLEVADE";"Reação tardia ou ineficiente do condutor";"Saída de leito carroçável";"Com Vítimas Feridas";"Pleno dia";"Decrescente";"Nublado";"Simples";"Curva;Aclive";"Não";2;0;1;1;0;0;2;1;-19,85407113;-43,13180602;"SPRF-MG";"DEL03-MG";"UOP01-DEL03-MG"
518477;2023-04-22;"sábado";"15:00:00";"CE";222;192,3;"FORQUILHA";"Velocidade Incompatível";"Colisão frontal";"Com Vítimas Feridas";"Pleno dia";"Crescente";"Céu Claro";"Simples";"Curva;Aclive";"Não";1;0;1;0;0;0;1;1;-3,79901924;-40,14262676;"SPRF-CE";"DEL04-CE";"UOP01-DEL04-CE"
518478;2023-04-15;"sábado";"14:40:00";"AM";174;923;"MANAUS";"Reação tardia ou ineficiente do condutor";"Capotamento";"Com Vítimas Feridas";"Pleno dia";"Decrescente";"Nublado";"Simples";"Reta";"Não";2;0;1;0;0;1;1;2;-2,63228599;-60,03998369;"SPRF-AM";"DEL01-AM";"UOP01-DEL01-AM"
518479;2023-04-22;"sábado";"14:00:00";"SP";116;67,1;"GUARATINGUETA";"Reação tardia ou ineficiente do condutor";"Tombamento";"Com Vítimas Feridas";"Pleno dia";"Crescente";"Céu Claro";"Dupla";"Declive;Interseção de Vias";"Não";1;0;1;0;0;0;1;1;-22,82867578;-45,2088941;"SPRF-SP";"DEL08-SP";"UOP01-DEL08-SP"
518481;2023-04-22;"sábado";"15:20:00";"SP";381;46,3;"ATIBAIA";"Velocidade Incompatível";"Colisão com objeto";"Com Vítimas Feridas";"Pleno dia";"Decrescente";"Sol";"Dupla";"Aclive;Reta";"Não";1;0;0;1;0;0;1;1;-23,180897;-46,580777;"SPRF-SP";"DEL03-SP";"UOP01-DEL03-SP"
518483;2023-04-22;"sábado";"15:30:00";"PR";163;328;"GUAIRA";"Acessar a via sem observar a presença dos outros veículos";"Colisão transversal";"Com Vítimas Feridas";"Pleno dia";"Crescente";"Céu Claro";"Simples";"Declive;Curva";"Não";3;0;1;2;0;0;3;2;-24,25063106;-54,19944048;"SPRF-PR";"DEL06-PR";"UOP01-DEL06-PR"
518484;2023-04-22;"sábado";"12:20:00";"PE";428;189,5;"PETROLINA";"Acessar a via sem observar a presença dos outros veículos";"Colisão lateral mesmo sentido";"Com Vítimas Feridas";"Pleno dia";"Crescente";"Céu Claro";"Dupla";"Retorno Regulamentado";"Sim";5;0;4;0;1;0;4;2;-9,37783439;-40,50436556;"SPRF-PE";"DEL06-PE";"UOP01-DEL06-PE"
518485;2023-04-22;"sábado";"15:50:00";"SC";101;131;"BALNEARIO CAMBORIU";"Carga excessiva e/ou mal acondicionada";"Colisão com objeto";"Com Vítimas Feridas";"Pleno dia";"Decrescente";"Céu Claro";"Múltipla";"Reta";"Não";4;0;2;0;2;0;2;2;-26,99064209;-48,66310912;"SPRF-SC";"DEL04-SC";"UOP03-DEL04-SC"
518486;2023-04-22;"sábado";"15:10:00";"PA";316;41,1;"SANTA IZABEL DO PARA";"Reação tardia ou ineficiente do condutor";"Colisão com objeto";"Com Vítimas Feridas";"Pleno dia";"Crescente";"Nublado";"Dupla";"Curva";"Não";4;0;1;0;3;0;1;1;-1,27865788;-48,113552;"SPRF-PA";"DEL01-PA";"UOP01-DEL01-PA"
518489;2023-04-22;"sábado";"15:30:00";"PB";101;91;"JOAO PESSOA";"Ausência de reação do condutor";"Colisão traseira";"Com Vítimas Feridas";"Pleno dia";"Decrescente";"Céu Claro";"Dupla";"Reta";"Não";2;0;1;1;0;0;2;1;-7,18826412;-34,90308264;"SPRF-PB";"DEL01-PB";"UOP02-DEL01-PB"
518490;2023-04-22;"sábado";"14:30:00";"AC";364;136;"RIO BRANCO";"Acumulo de óleo sobre o pavimento";"Queda de ocupante de veículo";"Com Vítimas Feridas";"Pleno dia";"Decrescente";"Nublado";"Dupla";"Rotatória";"Sim";2;0;1;1;0;0;2;1;-9,97759984;-67,84921288;"SPRF-AC";"DEL01-AC";"UOP01-DEL01-AC"
518493;2023-04-22;"sábado";"15:35:00";"BA";101;201;"GOVERNADOR MANGABEIRA";"Transitar na contramão";"Colisão frontal";"Com Vítimas Feridas";"Pleno dia";"Decrescente";"Nublado";"Simples";"Reta";"Não";3;0;0;1;2;0;1;2;-12,61024981;-39,08063408;"SPRF-BA";"DEL01-BA";"UOP03-DEL01-BA"
518494;2023-04-22;"sábado";"14:30:00";"MS";267;34;"BATAGUASSU";"Reação tardia ou ineficiente do condutor";"Tombamento";"Com Vítimas Feridas";"Pleno dia";"Decrescente";"Céu Claro";"Simples";"Declive";"Não";1;0;1;0;0;0;1;1;-21,74042791;-52,46505607;"SPRF-MS";"DEL02-MS";"UOP04-DEL02-MS"
518495;2023-04-22;"sábado";"16:00:00";"DF";60;24;"BRASILIA";"Ausência de reação do condutor";"Saída de leito carroçável";"Com Vítimas Feridas";"Pleno dia";"Decrescente";"Céu Claro";"Dupla";"Curva";"Não";5;0;2;0;3;0;2;1;-15,991807;-48,232067;"SPRF-DF";"DEL03-DF";"UOP01-DEL03-DF"
518497;2023-04-22;"sábado";"15:50:00";"SC";101;131;"BALNEARIO CAMBORIU";"Obstrução na via";"Colisão traseira";"Sem Vítimas";"Pleno dia";"Decrescente";"Sol";"Dupla";"Reta";"Sim";2;0;0;0;2;0;0;2;-26,99064209;-48,66310912;"SPRF-SC";"DEL04-SC";"UOP03-DEL04-SC"
518499;2023-04-22;"sábado";"17:00:00";"PR";116;10;"COLOMBO";"Estacionar ou parar em local proibido";"Colisão traseira";"Com Vítimas Feridas";"Pleno dia";"Decrescente";"Nublado";"Dupla";"Reta";"Sim";3;0;1;0;2;0;1;2;-25,3719;-49,134;"SPRF-PR";"DEL01-PR";"UOP02-DEL01-PR"
518503;2023-03-02;"quinta-feira";"08:00:00";"MG";381;722,2;"CARMO DA CACHOEIRA";"Obstrução na via";"Eventos atípicos";"Sem Vítimas";"Pleno dia";"Crescente";"Céu Claro";"Dupla";"Curva";"Não";2;0;0;0;2;0;0;1;-21,44169053;-45,2092509;"SPRF-MG";"DEL04-MG";"UOP02-DEL04-MG"
518504;2023-04-22;"sábado";"17:30:00";"AL";101;194;"SAO SEBASTIAO";"Ausência de reação do condutor";"Colisão com objeto";"Com Vítimas Feridas";"Anoitecer";"Crescente";"Céu Claro";"Dupla";"Reta;Em Obras";"Não";1;0;1;0;0;0;1;1;-9,93595808;-36,49545203;"SPRF-AL";"DEL02-AL";"UOP02-DEL02-AL"
518505;2023-04-22;"sábado";"14:40:00";"SC";280;31;"ARAQUARI";"Acessar a via sem observar a presença dos outros veículos";"Colisão lateral mesmo sentido";"Com Vítimas Feridas";"Pleno dia";"Crescente";"Céu Claro";"Simples";"Reta";"Não";2;0;1;0;1;0;1;2;-26,41649938;-48,77181215;"SPRF-SC";"DEL03-SC";"UOP03-DEL03-SC"
518506;2023-04-22;"sábado";"16:20:00";"SC";101;105,3;"PENHA";"Reação tardia ou ineficiente do condutor";"Colisão traseira";"Com Vítimas Feridas";"Pleno dia";"Crescente";"Nublado";"Dupla";"Curva";"Não";4;0;3;0;1;0;3;3;-26,80215497;-48,67891041;"SPRF-SC";"DEL03-SC";"UOP02-DEL03-SC"
518507;2023-04-22;"sábado";"18:09:00";"AL";101;139;"SAO MIGUEL DOS CAMPOS";"Acessar a via sem observar a presença dos outros veículos";"Colisão transversal";"Com Vítimas Feridas";"Plena Noite";"Decrescente";"Céu Claro";"Simples";"Reta";"Sim";2;0;0;1;1;0;1;2;-9,81757382;-36,1216713;"SPRF-AL";"DEL02-AL";"UOP01-DEL02-AL"
518508;2023-04-22;"sábado";"15:30:00";"MG";354;751,8;"ITAMONTE";"Ingestão de álcool pelo condutor";"Colisão frontal";"Com Vítimas Feridas";"Pleno dia";"Decrescente";"Céu Claro";"Simples";"Curva";"Não";5;0;3;0;2;0;3;2;-22,28761498;-44,86860589;"SPRF-MG";"DEL17-MG";"UOP01-DEL17-MG"
518509;2023-04-22;"sábado";"18:10:00";"RS";386;342;"LAJEADO";"Ausência de reação do condutor";"Colisão traseira";"Sem Vítimas";"Anoitecer";"Decrescente";"Céu Claro";"Simples";"Reta";"Não";2;0;0;0;2;0;0;2;-29,431631;-52,011932;"SPRF-RS";"DEL04-RS";"UOP01-DEL04-RS"
518511;2023-04-22;"sábado";"18:10:00";"MG";50;36,5;"ARAGUARI";"Ingestão de álcool pelo condutor";"Colisão com objeto";"Com Vítimas Feridas";"Plena Noite";"Decrescente";"Céu Claro";"Dupla";"Reta";"Não";1;0;1;0;0;0;1;1;-18,65453092;-48,14727203;"SPRF-MG";"DEL15-MG";"UOP02-DEL15-MG"
518512;2023-04-22;"sábado";"17:30:00";"RN";101;84,9;"SAO GONCALO DO AMARANTE";"Ingestão de álcool pelo condutor";"Colisão traseira";"Sem Vítimas";"Anoitecer";"Crescente";"Céu Claro";"Dupla";"Reta;Declive";"Não";4;0;0;0;3;1;0;3;-5,774175;-35,2578;"SPRF-RN";"DEL02-RN";"UOP01-DEL02-RN"
518514;2023-04-22;"sábado";"18:00:00";"RS";116;169,1;"CAXIAS DO SUL";"Manobra de mudança de faixa";"Colisão lateral mesmo sentido";"Com Vítimas Feridas";"Anoitecer";"Decrescente";"Céu Claro";"Simples";"Reta";"Não";2;0;1;0;1;0;1;2;-29,29184483;-51,16242886;"SPRF-RS";"DEL05-RS";"UOP02-DEL05-RS"
518516;2023-04-22;"sábado";"17:20:00";"RJ";116;284;"BARRA MANSA";"Demais falhas mecânicas ou elétricas";"Colisão com objeto";"Com Vítimas Feridas";"Anoitecer";"Crescente";"Céu Claro";"Dupla";"Declive;Curva";"Não";1;0;1;0;0;0;1;1;-22,51174295;-44,21705393;"SPRF-RJ";"DEL07-RJ";"UOP02-DEL07-RJ"
518517;2023-04-22;"sábado";"18:00:00";"BA";116;830;"VITORIA DA CONQUISTA";"Desrespeitar a preferência no cruzamento";"Colisão transversal";"Com Vítimas Feridas";"Pleno dia";"Crescente";"Garoa/Chuvisco";"Simples";"Reta;Retorno Regulamentado";"Não";2;0;1;0;1;0;1;2;-14,91028014;-40,87451005;"SPRF-BA";"DEL08-BA";"UOP01-DEL08-BA"
518518;2023-04-22;"sábado";"18:30:00";"RJ";101;71;"CAMPOS DOS GOYTACAZES";"Pedestre andava na pista";"Atropelamento de Pedestre";"Com Vítimas Feridas";"Plena Noite";"Decrescente";"Ignorado";"Dupla";"Reta";"Não";2;0;1;0;1;0;1;2;-21,78577807;-41,38139396;"SPRF-RJ";"DEL08-RJ";"UOP02-DEL08-RJ"
518519;2023-04-22;"sábado";"18:55:00";"MG";381;500,2;"BETIM";"Ultrapassagem Indevida";"Colisão traseira";"Com Vítimas Feridas";"Plena Noite";"Decrescente";"Céu Claro";"Dupla";"Reta;Aclive";"Não";4;0;1;0;2;1;1;2;-20,0017414;-44,2115593;"SPRF-MG";"DEL01-MG";"UOP03-DEL01-MG"
518522;2023-04-22;"sábado";"19:29:00";"MG";381;486;"BETIM";"Ausência de reação do condutor";"Queda de ocupante de veículo";"Com Vítimas Feridas";"Plena Noite";"Decrescente";"Céu Claro";"Simples";"Curva";"Sim";1;0;1;0;0;0;1;1;-19,95644414;-44,13611598;"SPRF-MG";"DEL01-MG";"UOP03-DEL01-MG"
518523;2023-04-22;"sábado";"17:15:00";"MT";364;565;"NOBRES";"Animais na Pista";"Atropelamento de Animal";"Sem Vítimas";"Anoitecer";"Decrescente";"Céu Claro";"Dupla";"Reta";"Não";1;0;0;0;1;0;0;1;-14,76386003;-56,34804297;"SPRF-MT";"DEL01-MT";"UOP01-DEL01-MT"
518525;2023-04-22;"sábado";"18:40:00";"PR";277;727;"FOZ DO IGUACU";"Velocidade Incompatível";"Capotamento";"Com Vítimas Feridas";"Anoitecer";"Crescente";"Céu Claro";"Dupla";"Reta";"Sim";1;0;1;0;0;0;1;1;-25,51017487;-54,56454899;"SPRF-PR";"DEL05-PR";"UOP03-DEL05-PR"
518528;2023-04-22;"sábado";"17:30:00";"RS";116;215;"MORRO REUTER";"Acessar a via sem observar a presença dos outros veículos";"Colisão transversal";"Com Vítimas Feridas";"Pleno dia";"Decrescente";"Sol";"Simples";"Curva";"Não";2;0;0;1;1;0;1;2;-29,53371734;-51,08616829;"SPRF-RS";"DEL05-RS";"UOP02-DEL05-RS"
518529;2023-04-22;"sábado";"18:10:00";"RJ";356;70;"ITALVA";"Ausência de reação do condutor";"Saída de leito carroçável";"Com Vítimas Feridas";"Anoitecer";"Crescente";"Nublado";"Simples";"Curva";"Não";3;0;2;0;1;0;2;1;-21,38163479;-41,68811436;"SPRF-RJ";"DEL08-RJ";"UOP03-DEL08-RJ"
518530;2023-04-22;"sábado";"17:56:00";"PE";104;92;"AGRESTINA";"Animais na Pista";"Atropelamento de Animal";"Com Vítimas Fatais";"Plena Noite";"Crescente";"Céu Claro";"Simples";"Reta;Ponte";"Não";3;2;0;1;0;0;1;2;-8,496525;-35,948009;"SPRF-PE";"DEL02-PE";"UOP03-DEL02-PE"
518531;2023-04-22;"sábado";"19:18:00";"GO";20;7,3;"FORMOSA";"Desvio temporário";"Saída de leito carroçável";"Com Vítimas Feridas";"Plena Noite";"Crescente";"Nublado";"Simples";"Desvio Temporário;Curva;Em Obras";"Sim";2;0;0;1;0;1;1;2;-15,547604;-47,291592;"SPRF-DF";"DEL02-DF";"UOP02-DEL02-DF"
518533;2023-04-22;"sábado";"20:16:00";"RJ";101;157;"MACAE";"Iluminação deficiente";"Colisão lateral mesmo sentido";"Com Vítimas Feridas";"Plena Noite";"Crescente";"Nublado";"Simples";"Reta;Ponte";"Não";3;0;2;0;1;0;2;2;-22,2666464213;-41,858396868;"SPRF-RJ";"DEL08-RJ";"UOP04-DEL08-RJ"
518536;2023-04-22;"sábado";"20:20:00";"RS";116;529,5;"CAPAO DO LEAO";"Ingestão de álcool pelo condutor";"Colisão traseira";"Com Vítimas Feridas";"Plena Noite";"Crescente";"Céu Claro";"Simples";"Reta";"Sim";2;0;1;0;1;0;1;2;-31,75446042;-52,42803583;"SPRF-RS";"DEL07-RS";"UOP01-DEL07-RS"
518537;2023-04-22;"sábado";"19:30:00";"BA";418;106;"NOVA VICOSA";"Ingestão de álcool pelo condutor";"Colisão frontal";"Com Vítimas Feridas";"Plena Noite";"Crescente";"Céu Claro";"Simples";"Reta";"Sim";5;0;2;3;0;0;5;2;-17,89835987;-40,01576998;"SPRF-BA";"DEL09-BA";"UOP02-DEL09-BA"
518538;2023-04-22;"sábado";"19:30:00";"SP";116;120,5;"CACAPAVA";"Ingestão de álcool pelo condutor";"Tombamento";"Com Vítimas Feridas";"Plena Noite";"Crescente";"Céu Claro";"Dupla";"Reta";"Não";5;0;0;1;4;0;1;3;-23,07631169;-45,65337222;"SPRF-SP";"DEL02-SP";"UOP02-DEL02-SP"
518539;2023-01-06;"sexta-feira";"10:27:00";"SC";470;176,2;"POUSO REDONDO";"Ultrapassagem Indevida";"Colisão lateral mesmo sentido";"Com Vítimas Feridas";"Pleno dia";"Decrescente";"Céu Claro";"Simples";"Reta";"Sim";3;0;2;0;1;0;2;2;-27,25279832;-49,95175481;"SPRF-SC";"DEL04-SC";"UOP02-DEL04-SC"
518540;2023-04-22;"sábado";"17:00:00";"MG";381;188,6;"PERIQUITO";"Demais falhas mecânicas ou elétricas";"Saída de leito carroçável";"Com Vítimas Feridas";"Pleno dia";"Crescente";"Nublado";"Simples";"Curva";"Não";2;0;2;0;0;0;2;1;-19,09255133;-42,19074995;"SPRF-MG";"DEL06-MG";"UOP01-DEL06-MG"
518541;2023-04-22;"sábado";"16:30:00";"SC";470;92;"ASCURRA";"Pedestre cruzava a pista fora da faixa";"Atropelamento de Pedestre";"Com Vítimas Feridas";"Pleno dia";"Decrescente";"Céu Claro";"Simples";"Reta";"Sim";2;0;0;1;0;1;1;2;-27,01106447;-49,37249422;"SPRF-SC";"DEL04-SC";"UOP01-DEL04-SC"
518542;2023-04-22;"sábado";"16:40:00";"SC";470;65;"INDAIAL";"Acesso irregular";"Colisão com objeto";"Com Vítimas Feridas";"Pleno dia";"Crescente";"Céu Claro";"Simples";"Em Obras";"Sim";1;0;1;0;0;0;1;1;-26,870411;-49,211864;"SPRF-SC";"DEL04-SC";"UOP01-DEL04-SC"
518543;2023-04-22;"sábado";"18:00:00";"RJ";101;487,8;"ANGRA DOS REIS";"Pedestre cruzava a pista fora da faixa";"Atropelamento de Pedestre";"Com Vítimas Feridas";"Anoitecer";"Crescente";"Céu Claro";"Simples";"Reta";"Sim";3;0;2;0;0;1;2;3;-22,96388592;-44,29873109;"SPRF-RJ";"DEL03-RJ";"UOP03-DEL03-RJ"
518544;2023-04-22;"sábado";"21:10:00";"MG";50;89,4;"UBERLANDIA";"Ingestão de álcool pelo condutor";"Tombamento";"Com Vítimas Feridas";"Plena Noite";"Crescente";"Nublado";"Dupla";"Reta";"Não";2;0;1;0;1;0;1;1;-19,03998093;-48,19938578;"SPRF-MG";"DEL15-MG";"UOP01-DEL15-MG"
518545;2023-04-22;"sábado";"21:00:00";"SC";101;134,1;"BALNEARIO CAMBORIU";"Ingestão de álcool e/ou substâncias psicoativas pelo pedestre";"Colisão com objeto";"Com Vítimas Feridas";"Plena Noite";"Decrescente";"Céu Claro";"Múltipla";"Aclive;Interseção de Vias";"Sim";1;0;1;0;0;0;1;1;-26,99654133;-48,65564711;"SPRF-SC";"DEL04-SC";"UOP03-DEL04-SC"
518546;2023-04-22;"sábado";"18:00:00";"SC";163;1,8;"DIONISIO CERQUEIRA";"Pedestre andava na pista";"Atropelamento de Pedestre";"Com Vítimas Feridas";"Anoitecer";"Decrescente";"Céu Claro";"Simples";"Curva";"Sim";2;0;1;0;0;1;1;2;-26,2613;-53,6206;"SPRF-SC";"DEL07-SC";"UOP03-DEL07-SC"
518547;2023-04-22;"sábado";"21:20:00";"PR";376;248;"APUCARANA";"Iluminação deficiente";"Queda de ocupante de veículo";"Com Vítimas Feridas";"Plena Noite";"Crescente";"Céu Claro";"Simples";"Curva";"Sim";1;0;1;0;0;0;1;1;-23,62178992;-51,38837894;"SPRF-PR";"DEL07-PR";"UOP03-DEL07-PR"
518548;2023-04-22;"sábado";"18:45:00";"RJ";465;3;"SEROPEDICA";"Animais na Pista";"Atropelamento de Animal";"Com Vítimas Feridas";"Plena Noite";"Crescente";"Ignorado";"Simples";"Reta";"Não";1;0;1;0;0;0;1;1;-22,73427;-43,711994;"SPRF-RJ";"DEL01-RJ";"UOP03-DEL01-RJ"
518549;2023-04-22;"sábado";"21:46:00";"CE";222;146;"IRAUCUBA";"Manobra de mudança de faixa";"Colisão frontal";"Com Vítimas Feridas";"Plena Noite";"Crescente";"Céu Claro";"Simples";"Reta";"Não";3;0;1;2;0;0;3;2;-3,75368735;-39,75551614;"SPRF-CE";"DEL04-CE";"UOP03-DEL04-CE"
518550;2023-04-22;"sábado";"21:10:00";"ES";101;344,7;"GUARAPARI";"Ausência de reação do condutor";"Tombamento";"Com Vítimas Feridas";"Plena Noite";"Decrescente";"Chuva";"Dupla";"Curva";"Não";2;0;2;0;0;0;2;1;-20,66307033;-40,5994571;"SPRF-ES";"DEL03-ES";"UOP01-DEL03-ES"
518551;2023-04-22;"sábado";"21:55:00";"SP";116;77,8;"ROSEIRA";"Ausência de reação do condutor";"Colisão traseira";"Com Vítimas Feridas";"Plena Noite";"Crescente";"Céu Claro";"Múltipla";"Reta";"Não";3;0;2;0;1;0;2;2;-22,88334222;-45,27934983;"SPRF-SP";"DEL08-SP";"UOP01-DEL08-SP"
518552;2023-04-22;"sábado";"21:14:00";"RS";392;264;"JULIO DE CASTILHOS";"Acessar a via sem observar a presença dos outros veículos";"Colisão transversal";"Com Vítimas Feridas";"Plena Noite";"Crescente";"Céu Claro";"Simples";"Reta";"Sim";2;0;1;0;1;0;1;2;-29,23619275;-53,6657238;"SPRF-RS";"DEL09-RS";"UOP02-DEL09-RS"
518553;2023-04-22;"sábado";"20:10:00";"SC";282;339;"CAMPOS NOVOS";"Ingestão de álcool pelo condutor";"Colisão traseira";"Com Vítimas Feridas";"Plena Noite";"Crescente";"Céu Claro";"Simples";"Reta";"Não";3;0;0;1;2;0;1;2;-27,392731;-51,195118;"SPRF-SC";"DEL07-SC";"UOP06-DEL07-SC"
518554;2023-04-22;"sábado";"21:20:00";"PR";116;126;"FAZENDA RIO GRANDE";"Condutor desrespeitou a iluminação vermelha do semáforo";"Colisão transversal";"Sem Vítimas";"Plena Noite";"Decrescente";"Céu Claro";"Dupla";"Interseção de Vias";"Sim";3;0;0;0;3;0;0;2;-25,60389895;-49,31824423;"SPRF-PR";"DEL01-PR";"UOP03-DEL01-PR"
518555;2023-04-22;"sábado";"19:00:00";"GO";153;626;"MORRINHOS";"Animais na Pista";"Atropelamento de Animal";"Com Vítimas Feridas";"Plena Noite";"Crescente";"Nublado";"Dupla";"Reta";"Não";1;0;1;0;0;0;1;1;-17,7719;-49,1732;"SPRF-GO";"DEL03-GO";"UOP01-DEL03-GO"
518556;2023-04-22;"sábado";"21:25:00";"MT";364;304;"JACIARA";"Reação tardia ou ineficiente do condutor";"Capotamento";"Com Vítimas Feridas";"Plena Noite";"Decrescente";"Garoa/Chuvisco";"Dupla";"Reta";"Não";1;0;0;1;0;0;1;1;-15,82909529;-55,18666511;"SPRF-MT";"DEL05-MT";"UOP02-DEL05-MT"
518557;2023-04-22;"sábado";"21:40:00";"MG";116;275;"TEOFILO OTONI";"Obras na pista";"Tombamento";"Com Vítimas Feridas";"Plena Noite";"Crescente";"Nublado";"Simples";"Declive;Reta;Em Obras";"Sim";1;0;1;0;0;0;1;1;-17,83384514;-41,51094368;"SPRF-MG";"DEL11-MG";"UOP01-DEL11-MG"
518558;2023-04-22;"sábado";"20:30:00";"BA";324;430;"RIACHAO DO JACUIPE";"Desrespeitar a preferência no cruzamento";"Colisão transversal";"Com Vítimas Fatais";"Plena Noite";"Decrescente";"Nublado";"Simples";"Reta;Declive;Interseção de Vias";"Não";2;1;0;0;1;0;0;2;-11,77384718;-39,45138931;"SPRF-BA";"DEL04-BA";"UOP02-DEL04-BA"
518562;2023-04-22;"sábado";"20:00:00";"MA";222;674;"ACAILANDIA";"Ingestão de álcool e/ou substâncias psicoativas pelo pedestre";"Saída de leito carroçável";"Sem Vítimas";"Plena Noite";"Crescente";"Céu Claro";"Dupla";"Reta";"Sim";1;0;0;0;0;1;0;1;-4,93412557;-47,45359225;"SPRF-MA";"DEL04-MA";"UOP03-DEL04-MA"
518564;2023-04-22;"sábado";"23:30:00";"BA";101;279;"LAJE";"Ingestão de álcool pelo condutor";"Colisão traseira";"Com Vítimas Feridas";"Plena Noite";"Decrescente";"Céu Claro";"Simples";"Reta;Declive";"Não";2;0;2;0;0;0;2;2;-13,21708809;-39,32423862;"SPRF-BA";"DEL01-BA";"UOP02-DEL01-BA"
518566;2023-04-23;"domingo";"00:35:00";"BA";116;432;"FEIRA DE SANTANA";"Condutor Dormindo";"Colisão com objeto";"Com Vítimas Feridas";"Plena Noite";"Decrescente";"Nublado";"Dupla";"Reta";"Não";1;0;1;0;0;0;1;1;-12,28799812;-39,00553299;"SPRF-BA";"DEL02-BA";"UOP01-DEL02-BA"
518567;2023-04-23;"domingo";"00:00:00";"BA";330;798;"JEQUIE";"Ausência de reação do condutor";"Saída de leito carroçável";"Sem Vítimas";"Plena Noite";"Decrescente";"Garoa/Chuvisco";"Simples";"Curva";"Não";1;0;0;0;0;1;0;1;-13,9331329;-39,9932559;"SPRF-BA";"DEL03-BA";"UOP01-DEL03-BA"
518569;2023-04-23;"domingo";"01:00:00";"GO";40;2;"VALPARAISO DE GOIAS";"Ausência de reação do condutor";"Tombamento";"Com Vítimas Feridas";"Plena Noite";"Crescente";"Céu Claro";"Dupla";"Reta;Retorno Regulamentado";"Sim";1;0;0;1;0;0;1;1;-16,06913523;-47,98463345;"SPRF-DF";"DEL01-DF";"UOP01-DEL01-DF"
518570;2023-04-22;"sábado";"23:20:00";"PE";104;118,1;"PANELAS";"Reação tardia ou ineficiente do condutor";"Queda de ocupante de veículo";"Com Vítimas Feridas";"Plena Noite";"Crescente";"Céu Claro";"Simples";"Reta";"Não";1;0;1;0;0;0;1;1;-8,687511;-36,017384;"SPRF-PE";"DEL02-PE";"UOP03-DEL02-PE"
518571;2023-04-23;"domingo";"01:10:00";"SC";101;128;"BALNEARIO CAMBORIU";"Manobra de mudança de faixa";"Colisão com objeto";"Com Vítimas Feridas";"Plena Noite";"Crescente";"Céu Claro";"Dupla";"Reta";"Sim";4;0;4;0;0;0;4;1;-26,97284292;-48,68299451;"SPRF-SC";"DEL04-SC";"UOP04-DEL04-SC"
518572;2023-04-22;"sábado";"21:00:00";"PA";163;904;"BELTERRA";"Pedestre andava na pista";"Atropelamento de Pedestre";"Com Vítimas Fatais";"Plena Noite";"Crescente";"Nublado";"Simples";"Reta";"Não";2;1;0;0;0;1;0;2;-3,20198494;-54,95517376;"SPRF-PA";"DEL05-PA";"UOP01-DEL05-PA"