"id";"data_inversa";"dia_semana";"horario";"uf";"br";"km";"municipio";"causa_acidente";"tipo_acidente";"classificacao_acidente";"fase_dia";"sentido_via";"condicao_metereologica";"tipo_pista";"tracado_via";"uso_solo";"pessoas";"mortos";"feridos_leves";"feridos_graves";"ilesos";"ignorados";"feridos";"veiculos";"latitude";"longitude";"regional";"delegacia";"uop"
518573;2023-04-23;"domingo";"01:40:00";"AL";316;246,6;"ATALAIA";"Ingestão de álcool pelo condutor";"Colisão frontal";"Com Vítimas Fatais";"Plena Noite";"Decrescente";"Céu Claro";"Simples";"Reta";"Não";3;1;0;0;2;0;0;2;-9,52549872;-35,99508253;"SPRF-AL";"DEL01-AL";"UOP01-DEL01-AL"
518574;2023-04-23;"domingo";"01:40:00";"MG";116;675,1;"MIRADOURO";"Reação tardia ou ineficiente do condutor";"Saída de leito carroçável";"Com Vítimas Feridas";"Plena Noite";"Crescente";"Nublado";"Simples";"Curva";"Não";1;0;1;0;0;0;1;1;-20,903481;-42,350573;"SPRF-MG";"DEL07-MG";"UOP02-DEL07-MG"
518575;2023-04-23;"domingo";"01:45:00";"BA";418;90;"NOVA VICOSA";"Animais na Pista";"Atropelamento de Animal";"Com Vítimas Feridas";"Plena Noite";"Decrescente";"Chuva";"Simples";"Reta";"Sim";1;0;1;0;0;0;1;1;-17,88570928;-39,83805902;"SPRF-BA";"DEL09-BA";"UOP02-DEL09-BA"
518576;2023-04-23;"domingo";"01:55:00";"RN";110;46,6;"MOSSORO";"Ausência de reação do condutor";"Colisão com objeto";"Com Vítimas Fatais";"Plena Noite";"Crescente";"Céu Claro";"Dupla";"Rotatória";"Sim";1;1;0;0;0;0;0;1;-5,20207423;-37,32319593;"SPRF-RN";"DEL04-RN";"UOP01-DEL04-RN"
518577;2023-04-23;"domingo";"01:45:00";"RJ";40;122;"DUQUE DE CAXIAS";"Reação tardia ou ineficiente do condutor";"Colisão com objeto";"Com Vítimas Feridas";"Plena Noite";"Decrescente";"Nublado";"Múltipla";"Reta";"Sim";1;0;1;0;0;0;1;1;-22,79083113;-43,28611569;"SPRF-RJ";"DEL01-RJ";"UOP01-DEL01-RJ"
518579;2023-04-23;"domingo";"03:00:00";"SP";116;225;"GUARULHOS";"Ingestão de álcool pelo condutor";"Colisão com objeto";"Sem Vítimas";"Plena Noite";"Decrescente";"Céu Claro";"Múltipla";"Reta";"Não";1;0;0;0;1;0;0;1;-23,48586772;-46,54075317;"SPRF-SP";"DEL01-SP";"UOP01-DEL01-SP"
518580;2023-04-23;"domingo";"02:15:00";"AL";104;58;"MURICI";"Condutor Dormindo";"Saída de leito carroçável";"Com Vítimas Feridas";"Plena Noite";"Crescente";"Céu Claro";"Simples";"Curva";"Não";2;0;1;1;0;0;2;1;-9,29798448;-35,956707;"SPRF-AL";"DEL01-AL";"UOP02-DEL01-AL"
518581;2023-04-23;"domingo";"01:40:00";"SC";282;219;"LAGES";"Ingestão de álcool pelo condutor";"Saída de leito carroçável";"Sem Vítimas";"Plena Noite";"Crescente";"Céu Claro";"Simples";"Reta";"Sim";1;0;0;0;0;1;0;1;-27,795521;-50,323608;"SPRF-SC";"DEL05-SC";"UOP01-DEL05-SC"
518582;2023-04-23;"domingo";"01:55:00";"BA";324;576;"SAO SEBASTIAO DO PASSE";"Reação tardia ou ineficiente do condutor";"Saída de leito carroçável";"Sem Vítimas";"Plena Noite";"Decrescente";"Nublado";"Dupla";"Reta";"Não";1;0;0;0;0;1;0;1;-12,58708904;-38,52548338;"SPRF-BA";"DEL01-BA";"UOP01-DEL01-BA"
518583;2023-04-01;"sábado";"08:18:00";"MA";135;1;"SAO LUIS";"Acessar a via sem observar a presença dos outros veículos";"Atropelamento de Pedestre";"Com Vítimas Feridas";"Pleno dia";"Decrescente";"Chuva";"Dupla";"Reta";"Sim";2;0;0;1;0;1;1;2;-2,58917895;-44,24423719;"SPRF-MA";"DEL01-MA";"UOP01-DEL01-MA"
518584;2023-04-23;"domingo";"04:00:00";"MG";262;363;"JUATUBA";"Neblina";"Colisão traseira";"Sem Vítimas";"Plena Noite";"Decrescente";"Nevoeiro/Neblina";"Dupla";"Reta;Aclive";"Sim";2;0;0;0;2;0;0;2;-19,98332997;-44,23572401;"SPRF-MG";"DEL01-MG";"UOP03-DEL01-MG"
518585;2023-04-23;"domingo";"03:00:00";"RS";116;231;"IVOTI";"Ausência de reação do condutor";"Colisão com objeto";"Sem Vítimas";"Plena Noite";"Crescente";"Céu Claro";"Dupla";"Reta;Declive";"Sim";2;0;0;0;2;0;0;1;-29,62453981;-51,13539398;"SPRF-RS";"DEL01-RS";"UOP02-DEL01-RS"
518586;2023-04-23;"domingo";"03:59:00";"DF";70;3,5;"BRASILIA";"Ausência de reação do condutor";"Colisão traseira";"Com Vítimas Feridas";"Plena Noite";"Crescente";"Nublado";"Dupla";"Curva";"Sim";4;0;2;0;1;1;2;2;-15,802453;-48,080387;"SPRF-DF";"DEL03-DF";"UOP02-DEL03-DF"
518588;2023-04-23;"domingo";"04:50:00";"SC";101;150;"ITAPEMA";"Deficiência do Sistema de Iluminação/Sinalização";"Colisão traseira";"Com Vítimas Feridas";"Plena Noite";"Crescente";"Céu Claro";"Múltipla";"Reta";"Não";2;0;1;0;0;1;1;2;-27,11744799;-48,60940987;"SPRF-SC";"DEL04-SC";"UOP03-DEL04-SC"
518589;2023-04-23;"domingo";"04:30:00";"PE";232;44,5;"VITORIA DE SANTO ANTAO";"Animais na Pista";"Atropelamento de Animal";"Com Vítimas Feridas";"Amanhecer";"Decrescente";"Céu Claro";"Dupla";"Reta";"Não";1;0;1;0;0;0;1;1;-8,12337542;-35,27098583;"SPRF-PE";"DEL01-PE";"UOP01-DEL01-PE"
518590;2023-04-23;"domingo";"04:30:00";"DF";20;56;"BRASILIA";"Condutor Dormindo";"Capotamento";"Com Vítimas Feridas";"Plena Noite";"Crescente";"Nublado";"Dupla";"Reta";"Não";3;0;3;0;0;0;3;1;-15,583027;-47,367081;"SPRF-DF";"DEL02-DF";"UOP01-DEL02-DF"
518591;2023-04-22;"sábado";"20:00:00";"PR";277;608;"SANTA TEREZA DO OESTE";"Acessar a via sem observar a presença dos outros veículos";"Colisão transversal";"Com Vítimas Feridas";"Plena Noite";"Crescente";"Céu Claro";"Simples";"Reta";"Não";2;0;1;1;0;0;2;2;-25,04299405;-53,60478197;"SPRF-PR";"DEL05-PR";"UOP02-DEL05-PR"
518592;2023-04-23;"domingo";"04:40:00";"MG";262;368;"JUATUBA";"Reação tardia ou ineficiente do condutor";"Colisão traseira";"Com Vítimas Feridas";"Plena Noite";"Crescente";"Céu Claro";"Dupla";"Reta";"Não";2;0;1;1;0;0;2;2;-19,97239513;-44,28042402;"SPRF-MG";"DEL01-MG";"UOP03-DEL01-MG"
518593;2023-04-23;"domingo";"06:05:00";"RS";158;319;"SANTA MARIA";"Ausência de reação do condutor";"Saída de leito carroçável";"Com Vítimas Feridas";"Plena Noite";"Crescente";"Céu Claro";"Simples";"Curva";"Não";1;0;0;1;0;0;1;1;-29,67100704;-53,77296119;"SPRF-RS";"DEL09-RS";"UOP01-DEL09-RS"
518594;2023-04-23;"domingo";"05:30:00";"PE";407;75,9;"PETROLINA";"Condutor Dormindo";"Colisão com objeto";"Com Vítimas Feridas";"Amanhecer";"Decrescente";"Céu Claro";"Simples";"Curva";"Não";1;0;0;1;0;0;1;1;-8,97042107;-40,71596513;"SPRF-PE";"DEL06-PE";"UOP02-DEL06-PE"
518595;2023-04-23;"domingo";"05:30:00";"PR";163;287;"QUATRO PONTES";"Ausência de reação do condutor";"Saída de leito carroçável";"Com Vítimas Feridas";"Amanhecer";"Crescente";"Céu Claro";"Simples";"Reta";"Sim";1;0;1;0;0;0;1;1;-24,5596209188;-54,0370298416;"SPRF-PR";"DEL06-PR";"UOP02-DEL06-PR"
518596;2023-04-23;"domingo";"04:50:00";"MG";116;177;"PADRE PARAISO";"Ultrapassagem Indevida";"Colisão frontal";"Com Vítimas Feridas";"Plena Noite";"Crescente";"Garoa/Chuvisco";"Simples";"Reta";"Não";2;0;2;0;0;0;2;2;-17,06126897;-41,46810305;"SPRF-MG";"DEL11-MG";"UOP02-DEL11-MG"
518598;2023-04-23;"domingo";"06:00:00";"SP";381;83;"SAO PAULO";"Reação tardia ou ineficiente do condutor";"Tombamento";"Com Vítimas Feridas";"Amanhecer";"Crescente";"Céu Claro";"Dupla";"Reta;Declive";"Sim";1;0;1;0;0;0;1;1;-23,4309671;-46,56998022;"SPRF-SP";"DEL03-SP";"UOP01-DEL03-SP"
518600;2023-04-23;"domingo";"06:50:00";"RS";116;360;"TAPES";"Curva acentuada";"Saída de leito carroçável";"Sem Vítimas";"Amanhecer";"Decrescente";"Garoa/Chuvisco";"Dupla";"Curva";"Não";1;0;0;0;1;0;0;1;-30,62477189;-51,54634827;"SPRF-RS";"DEL02-RS";"UOP02-DEL02-RS"
518601;2023-04-23;"domingo";"07:20:00";"ES";101;236,5;"FUNDAO";"Ausência de reação do condutor";"Colisão com objeto";"Com Vítimas Feridas";"Pleno dia";"Crescente";"Céu Claro";"Simples";"Reta";"Não";1;0;1;0;0;0;1;1;-19,98434998;-40,41371315;"SPRF-ES";"DEL02-ES";"UOP01-DEL02-ES"
518602;2023-04-23;"domingo";"05:26:00";"MT";163;21;"ITIQUIRA";"Reação tardia ou ineficiente do condutor";"Saída de leito carroçável";"Sem Vítimas";"Amanhecer";"Crescente";"Céu Claro";"Dupla";"Reta";"Não";1;0;0;0;0;1;0;1;-17,33400397;-54,75983168;"SPRF-MT";"DEL02-MT";"UOP03-DEL02-MT"
518603;2023-04-10;"segunda-feira";"18:00:00";"MG";116;437,1;"ALPERCATA";"Transitar na contramão";"Colisão frontal";"Com Vítimas Fatais";"Plena Noite";"Crescente";"Céu Claro";"Simples";"Curva";"Não";2;1;0;1;0;0;1;2;-19,05204696;-41,99990712;"SPRF-MG";"DEL06-MG";"UOP01-DEL06-MG"
518604;2023-04-22;"sábado";"23:30:00";"SC";280;83,1;"CORUPA";"Ausência de reação do condutor";"Colisão com objeto";"Com Vítimas Feridas";"Plena Noite";"Decrescente";"Céu Claro";"Simples";"Curva";"Não";1;0;1;0;0;0;1;1;-26,43797588;-49,23478097;"SPRF-SC";"DEL06-SC";"UOP03-DEL06-SC"
518605;2023-04-22;"sábado";"13:15:00";"SC";470;65;"INDAIAL";"Demais falhas mecânicas ou elétricas";"Capotamento";"Com Vítimas Feridas";"Pleno dia";"Crescente";"Nublado";"Simples";"Reta";"Sim";2;0;2;0;0;0;2;1;-26,870411;-49,211864;"SPRF-SC";"DEL04-SC";"UOP01-DEL04-SC"
518606;2023-04-23;"domingo";"07:00:00";"SP";116;95;"PINDAMONHANGABA";"Ausência de reação do condutor";"Saída de leito carroçável";"Sem Vítimas";"Pleno dia";"Decrescente";"Céu Claro";"Dupla";"Reta";"Não";1;0;0;0;0;1;0;1;-22,96514512;-45,43013094;"SPRF-SP";"DEL08-SP";"UOP01-DEL08-SP"
518607;2023-04-23;"domingo";"04:20:00";"SC";282;566;"NOVA ERECHIM";"Ausência de reação do condutor";"Colisão com objeto";"Com Vítimas Feridas";"Plena Noite";"Crescente";"Céu Claro";"Simples";"Reta";"Não";1;0;0;1;0;0;1;1;-26,8994693;-52,8851064;"SPRF-SC";"DEL07-SC";"UOP02-DEL07-SC"
518609;2023-04-23;"domingo";"05:30:00";"SP";153;57,5;"SAO JOSE DO RIO PRETO";"Reação tardia ou ineficiente do condutor";"Saída de leito carroçável";"Com Vítimas Fatais";"Plena Noite";"Decrescente";"Céu Claro";"Dupla";"Reta";"Não";2;1;0;0;1;0;0;2;-20,774595;-49,351774;"SPRF-SP";"DEL09-SP";"UOP01-DEL09-SP"
518610;2023-04-23;"domingo";"06:15:00";"RS";290;476,2;"ROSARIO DO SUL";"Ausência de reação do condutor";"Colisão frontal";"Com Vítimas Fatais";"Amanhecer";"Crescente";"Céu Claro";"Simples";"Reta";"Sim";20;1;2;0;17;0;2;2;-30,24036;-54,878563;"SPRF-RS";"DEL11-RS";"UOP02-DEL11-RS"
518611;2023-04-23;"domingo";"07:30:00";"RJ";116;207;"SEROPEDICA";"Demais falhas mecânicas ou elétricas";"Queda de ocupante de veículo";"Com Vítimas Feridas";"Pleno dia";"Crescente";"Céu Claro";"Dupla";"Reta";"Sim";1;0;1;0;0;0;1;1;-22,72454443;-43,66145706;"SPRF-RJ";"DEL01-RJ";"UOP03-DEL01-RJ"
518612;2023-04-22;"sábado";"17:15:00";"MT";70;217;"GENERAL CARNEIRO";"Acumulo de água sobre o pavimento";"Colisão frontal";"Com Vítimas Feridas";"Anoitecer";"Decrescente";"Chuva";"Simples";"Aclive;Curva";"Não";3;0;0;1;2;0;1;2;-15,68072511;-53,85017395;"SPRF-MT";"DEL05-MT";"UOP01-DEL05-MT"
518614;2023-04-23;"domingo";"07:45:00";"MG";116;765,4;"LEOPOLDINA";"Velocidade Incompatível";"Tombamento";"Com Vítimas Feridas";"Pleno dia";"Decrescente";"Céu Claro";"Simples";"Reta";"Sim";1;0;0;1;0;0;1;1;-21,5197389;-42,6491103;"SPRF-MG";"DEL07-MG";"UOP01-DEL07-MG"
518615;2023-04-23;"domingo";"00:05:00";"RJ";101;406;"ITAGUAI";"Condutor Dormindo";"Saída de leito carroçável";"Sem Vítimas";"Plena Noite";"Crescente";"Céu Claro";"Dupla";"Reta";"Sim";1;0;0;0;1;0;0;1;-22,87188798;-43,80896322;"SPRF-RJ";"DEL03-RJ";"UOP01-DEL03-RJ"
518617;2023-04-23;"domingo";"06:30:00";"SP";116;169;"JACAREI";"Velocidade Incompatível";"Saída de leito carroçável";"Com Vítimas Fatais";"Amanhecer";"Crescente";"Nublado";"Dupla";"Curva";"Sim";2;1;0;0;0;1;0;2;-23,307652;-46,045128;"SPRF-SP";"DEL02-SP";"UOP01-DEL02-SP"
518620;2023-03-30;"quinta-feira";"06:25:00";"MG";262;357;"BETIM";"Ausência de reação do condutor";"Colisão traseira";"Com Vítimas Feridas";"Pleno dia";"Decrescente";"Sol";"Múltipla";"Reta";"Sim";2;0;1;0;1;0;1;2;-19,98393612;-44,23803806;"SPRF-MG";"DEL01-MG";"UOP03-DEL01-MG"
518621;2023-04-23;"domingo";"08:15:00";"SC";280;56;"GUARAMIRIM";"Velocidade Incompatível";"Colisão traseira";"Com Vítimas Feridas";"Pleno dia";"Crescente";"Garoa/Chuvisco";"Dupla";"Rotatória";"Não";2;0;1;0;1;0;1;2;-26,47947677;-49,00298702;"SPRF-SC";"DEL03-SC";"UOP03-DEL03-SC"
518622;2023-04-23;"domingo";"01:00:00";"MA";222;662;"ACAILANDIA";"Ausência de reação do condutor";"Tombamento";"Com Vítimas Feridas";"Plena Noite";"Decrescente";"Nublado";"Simples";"Reta;Declive";"Não";1;0;1;0;0;0;1;1;-4,88027519;-47,36113789;"SPRF-MA";"DEL04-MA";"UOP03-DEL04-MA"
518624;2023-03-02;"quinta-feira";"12:40:00";"MG";267;291,1;"BAEPENDI";"Acessar a via sem observar a presença dos outros veículos";"Colisão transversal";"Com Vítimas Feridas";"Pleno dia";"Crescente";"Nublado";"Simples";"Rotatória;Reta;Interseção de Vias";"Não";3;0;1;0;2;0;1;2;-21,923168;-44,819474;"SPRF-MG";"DEL17-MG";"UOP01-DEL17-MG"
518627;2023-04-23;"domingo";"08:30:00";"PE";428;11;"CABROBO";"Acessar a via sem observar a presença dos outros veículos";"Colisão lateral mesmo sentido";"Com Vítimas Feridas";"Pleno dia";"Crescente";"Céu Claro";"Simples";"Reta";"Sim";2;0;1;0;1;0;1;2;-8,5063914;-39,3161128;"SPRF-PE";"DEL05-PE";"UOP03-DEL05-PE"
518629;2023-04-23;"domingo";"09:00:00";"PR";376;633;"SAO JOSE DOS PINHAIS";"Ausência de reação do condutor";"Colisão traseira";"Com Vítimas Feridas";"Pleno dia";"Crescente";"Céu Claro";"Dupla";"Reta";"Não";2;0;1;0;1;0;1;2;-25,71995535;-49,13728822;"SPRF-PR";"DEL01-PR";"UOP04-DEL01-PR"
518630;2023-04-23;"domingo";"07:15:00";"MA";10;273;"IMPERATRIZ";"Pista esburacada";"Tombamento";"Com Vítimas Feridas";"Pleno dia";"Crescente";"Sol";"Simples";"Declive;Reta";"Não";2;0;0;1;0;1;1;2;-5,347485;-47,485489;"SPRF-MA";"DEL04-MA";"UOP01-DEL04-MA"
518631;2023-03-25;"sábado";"21:50:00";"MA";222;668;"ACAILANDIA";"Animais na Pista";"Atropelamento de Animal";"Com Vítimas Fatais";"Plena Noite";"Decrescente";"Nublado";"Simples";"Reta;Aclive";"Não";1;1;0;0;0;0;0;1;-4,929437;-47,445657;"SPRF-MA";"DEL04-MA";"UOP03-DEL04-MA"
518633;2023-04-22;"sábado";"19:00:00";"GO";70;314;"JUSSARA";"Acessar a via sem observar a presença dos outros veículos";"Colisão transversal";"Com Vítimas Feridas";"Plena Noite";"Crescente";"Garoa/Chuvisco";"Dupla";"Reta;Declive";"Sim";3;0;1;0;2;0;1;2;-15,87391222;-50,85826354;"SPRF-GO";"DEL04-GO";"UOP02-DEL04-GO"
518636;2023-04-23;"domingo";"09:46:00";"RN";101;66,4;"EXTREMOZ";"Condutor deixou de manter distância do veículo da frente";"Colisão traseira";"Com Vítimas Feridas";"Pleno dia";"Crescente";"Sol";"Simples";"Interseção de Vias;Aclive";"Não";2;0;1;0;1;0;1;2;-5,65033356;-35,25016233;"SPRF-RN";"DEL02-RN";"UOP01-DEL02-RN"
518637;2023-04-23;"domingo";"08:00:00";"SC";101;407,8;"ARARANGUA";"Reação tardia ou ineficiente do condutor";"Saída de leito carroçável";"Sem Vítimas";"Pleno dia";"Crescente";"Céu Claro";"Simples";"Curva";"Não";1;0;0;0;0;1;0;1;-28,90009415;-49,47472781;"SPRF-SC";"DEL02-SC";"UOP02-DEL02-SC"
518638;2023-04-23;"domingo";"09:27:00";"MS";60;377,7;"CAMPO GRANDE";"Reação tardia ou ineficiente do condutor";"Tombamento";"Com Vítimas Feridas";"Pleno dia";"Crescente";"Céu Claro";"Simples";"Curva";"Não";2;0;2;0;0;0;2;1;-20,60906911;-54,74182775;"SPRF-MS";"DEL01-MS";"UOP04-DEL01-MS"
518639;2023-04-23;"domingo";"09:40:00";"RS";470;215;"BENTO GONCALVES";"Frear bruscamente";"Tombamento";"Com Vítimas Feridas";"Pleno dia";"Crescente";"Céu Claro";"Simples";"Reta";"Sim";1;0;1;0;0;0;1;1;-29,150635;-51,530241;"SPRF-RS";"DEL06-RS";"UOP01-DEL06-RS"
518641;2023-04-23;"domingo";"10:50:00";"MG";381;516;"IGARAPE";"Pista Escorregadia";"Tombamento";"Com Vítimas Feridas";"Pleno dia";"Decrescente";"Nublado";"Dupla";"Curva;Declive";"Não";1;0;1;0;0;0;1;1;-20,0985819;-44,3167632;"SPRF-MG";"DEL04-MG";"UOP03-DEL04-MG"
518642;2023-04-23;"domingo";"10:50:00";"SC";101;74;"ARAQUARI";"Velocidade Incompatível";"Queda de ocupante de veículo";"Com Vítimas Feridas";"Pleno dia";"Decrescente";"Sol";"Dupla";"Reta";"Não";1;0;1;0;0;0;1;1;-26,54446209;-48,71214452;"SPRF-SC";"DEL03-SC";"UOP02-DEL03-SC"
518643;2023-04-23;"domingo";"10:25:00";"PR";153;24;"JACAREZINHO";"Acessar a via sem observar a presença dos outros veículos";"Colisão transversal";"Com Vítimas Feridas";"Pleno dia";"Crescente";"Céu Claro";"Simples";"Interseção de Vias";"Não";2;0;1;0;1;0;1;2;-23,18917453;-49,98583317;"SPRF-PR";"DEL07-PR";"UOP04-DEL07-PR"
518644;2023-04-23;"domingo";"10:55:00";"SP";116;225;"GUARULHOS";"Avarias e/ou desgaste excessivo no pneu";"Queda de ocupante de veículo";"Com Vítimas Feridas";"Pleno dia";"Decrescente";"Céu Claro";"Múltipla";"Reta";"Sim";1;0;1;0;0;0;1;1;-23,48586772;-46,54075317;"SPRF-SP";"DEL01-SP";"UOP01-DEL01-SP"
518645;2023-04-23;"domingo";"11:00:00";"RJ";101;562;"PARATY";"Desrespeitar a preferência no cruzamento";"Colisão transversal";"Com Vítimas Feridas";"Pleno dia";"Decrescente";"Céu Claro";"Simples";"Interseção de Vias;Reta";"Não";2;0;1;1;0;0;2;2;-23,13149696;-44,70949387;"SPRF-RJ";"DEL03-RJ";"UOP04-DEL03-RJ"
518647;2023-04-23;"domingo";"11:00:00";"ES";101;41,9;"CONCEICAO DA BARRA";"Acessar a via sem observar a presença dos outros veículos";"Colisão transversal";"Com Vítimas Feridas";"Pleno dia";"Crescente";"Chuva";"Simples";"Reta";"Não";2;0;0;1;1;0;1;2;-18,50841392;-39,91590574;"SPRF-ES";"DEL04-ES";"UOP02-DEL04-ES"
518648;2023-04-23;"domingo";"12:25:00";"SP";116;37,7;"CACHOEIRA PAULISTA";"Mal súbito do condutor";"Tombamento";"Com Vítimas Feridas";"Pleno dia";"Crescente";"Céu Claro";"Dupla";"Ponte";"Sim";2;0;2;0;0;0;2;1;-22,66497021;-44,98430985;"SPRF-SP";"DEL08-SP";"UOP02-DEL08-SP"
518649;2023-04-23;"domingo";"12:35:00";"MG";381;924;"ITAPEVA";"Ausência de reação do condutor";"Colisão com objeto";"Com Vítimas Feridas";"Pleno dia";"Decrescente";"Céu Claro";"Dupla";"Curva;Declive";"Não";1;0;1;0;0;0;1;1;-22,77050246;-46,23490598;"SPRF-MG";"DEL16-MG";"UOP03-DEL16-MG"
518650;2023-04-23;"domingo";"11:20:00";"RJ";116;139;"DUQUE DE CAXIAS";"Reação tardia ou ineficiente do condutor";"Colisão com objeto";"Com Vítimas Feridas";"Pleno dia";"Crescente";"Céu Claro";"Dupla";"Em Obras;Reta";"Não";1;0;1;0;0;0;1;1;-22,64655224;-43,20138601;"SPRF-RJ";"DEL01-RJ";"UOP01-DEL01-RJ"
518651;2023-04-23;"domingo";"11:00:00";"SC";282;24,6;"SANTO AMARO DA IMPERATRIZ";"Desrespeitar a preferência no cruzamento";"Colisão transversal";"Com Vítimas Feridas";"Pleno dia";"Decrescente";"Nublado";"Simples";"Interseção de Vias";"Sim";2;0;0;1;1;0;1;2;-27,68268;-48,744614;"SPRF-SC";"DEL01-SC";"UOP03-DEL01-SC"
518652;2023-04-23;"domingo";"12:50:00";"MG";40;445;"PARAOPEBA";"Reação tardia ou ineficiente do condutor";"Tombamento";"Com Vítimas Feridas";"Pleno dia";"Crescente";"Nublado";"Dupla";"Reta";"Não";1;0;1;0;0;0;1;1;-19,28815;-44,392;"SPRF-MG";"DEL02-MG";"UOP01-DEL02-MG"
518654;2023-04-23;"domingo";"07:50:00";"BA";324;620;"SALVADOR";"Avarias e/ou desgaste excessivo no pneu";"Queda de ocupante de veículo";"Com Vítimas Feridas";"Pleno dia";"Decrescente";"Céu Claro";"Dupla";"Reta";"Sim";2;0;2;0;0;0;2;1;-12,90482172;-38,45556535;"SPRF-BA";"DEL01-BA";"UOP01-DEL01-BA"
518655;2023-04-23;"domingo";"12:30:00";"RN";101;96;"NATAL";"Condutor deixou de manter distância do veículo da frente";"Colisão traseira";"Com Vítimas Feridas";"Pleno dia";"Crescente";"Céu Claro";"Dupla";"Reta";"Sim";3;0;2;0;1;0;2;3;-5,84949622;-35,20890752;"SPRF-RN";"DEL01-RN";"UOP01-DEL01-RN"
518656;2023-04-23;"domingo";"11:44:00";"PR";376;682;"GUARATUBA";"Retorno proibido";"Colisão transversal";"Com Vítimas Feridas";"Pleno dia";"Decrescente";"Chuva";"Dupla";"Reta;Retorno Regulamentado";"Não";2;0;1;0;1;0;1;2;-25,97096735;-48,89226263;"SPRF-PR";"DEL01-PR";"UOP04-DEL01-PR"
518658;2023-04-23;"domingo";"13:05:00";"RS";116;230;"DOIS IRMAOS";"Conversão proibida";"Colisão lateral mesmo sentido";"Com Vítimas Feridas";"Pleno dia";"Decrescente";"Céu Claro";"Simples";"Reta";"Sim";7;0;1;1;5;0;2;3;-29,62136101;-51,12768888;"SPRF-RS";"DEL01-RS";"UOP02-DEL01-RS"
518659;2023-04-23;"domingo";"09:30:00";"SP";116;392;"MIRACATU";"Reação tardia ou ineficiente do condutor";"Queda de ocupante de veículo";"Com Vítimas Feridas";"Pleno dia";"Decrescente";"Céu Claro";"Dupla";"Reta";"Não";1;0;1;0;0;0;1;1;-24,2823606;-47,4330272;"SPRF-SP";"DEL04-SP";"UOP02-DEL04-SP"
518660;2023-04-23;"domingo";"13:04:00";"PE";232;403;"SERRA TALHADA";"Reação tardia ou ineficiente do condutor";"Colisão com objeto";"Com Vítimas Feridas";"Pleno dia";"Crescente";"Céu Claro";"Simples";"Interseção de Vias;Reta";"Não";1;0;1;0;0;0;1;1;-8,00147098;-38,24433438;"SPRF-PE";"DEL04-PE";"UOP01-DEL04-PE"
518661;2023-04-23;"domingo";"10:00:00";"RJ";116;57;"TERESOPOLIS";"Velocidade Incompatível";"Tombamento";"Sem Vítimas";"Pleno dia";"Crescente";"Céu Claro";"Simples";"Reta";"Não";1;0;0;0;1;0;0;1;-22,21208668;-42,90068849;"SPRF-RJ";"DEL04-RJ";"UOP01-DEL04-RJ"
518663;2023-04-23;"domingo";"12:50:00";"SP";116;308;"SAO LOURENCO DA SERRA";"Velocidade Incompatível";"Colisão com objeto";"Sem Vítimas";"Pleno dia";"Crescente";"Céu Claro";"Dupla";"Curva;Viaduto";"Não";4;0;0;0;4;0;0;1;-23,86213995;-46,94718508;"SPRF-SP";"DEL04-SP";"UOP01-DEL04-SP"
518666;2023-04-23;"domingo";"11:26:00";"RJ";101;266;"RIO BONITO";"Condutor deixou de manter distância do veículo da frente";"Colisão traseira";"Com Vítimas Feridas";"Pleno dia";"Crescente";"Céu Claro";"Dupla";"Reta";"Não";2;0;1;0;1;0;1;2;-22,70861445;-42,65178735;"SPRF-RJ";"DEL02-RJ";"UOP03-DEL02-RJ"
518667;2023-04-23;"domingo";"13:30:00";"RJ";116;217;"PARACAMBI";"Reação tardia ou ineficiente do condutor";"Colisão com objeto";"Com Vítimas Feridas";"Pleno dia";"Crescente";"Céu Claro";"Simples";"Interseção de Vias";"Não";1;0;1;0;0;0;1;1;-22,699612;-43,75240803;"SPRF-RJ";"DEL01-RJ";"UOP03-DEL01-RJ"
518668;2023-04-23;"domingo";"11:20:00";"BA";101;282;"LAJE";"Manobra de mudança de faixa";"Saída de leito carroçável";"Com Vítimas Feridas";"Pleno dia";"Decrescente";"Céu Claro";"Simples";"Declive;Reta";"Não";6;0;4;0;2;0;4;1;-13,24318086;-39,3262607;"SPRF-BA";"DEL01-BA";"UOP02-DEL01-BA"
518670;2023-04-23;"domingo";"14:40:00";"SP";116;76;"ROSEIRA";"Condutor deixou de manter distância do veículo da frente";"Colisão traseira";"Com Vítimas Feridas";"Pleno dia";"Crescente";"Céu Claro";"Dupla";"Reta";"Não";4;0;0;2;1;1;2;3;-22,87747687;-45,27203908;"SPRF-SP";"DEL08-SP";"UOP01-DEL08-SP"
518671;2023-04-23;"domingo";"14:50:00";"SC";280;23;"ARAQUARI";"Acessar a via sem observar a presença dos outros veículos";"Colisão lateral mesmo sentido";"Com Vítimas Feridas";"Pleno dia";"Crescente";"Nublado";"Simples";"Rotatória";"Sim";3;0;1;0;2;0;1;2;-26,37146;-48,711887;"SPRF-SC";"DEL03-SC";"UOP03-DEL03-SC"
518672;2023-04-23;"domingo";"14:55:00";"SC";101;206,3;"SAO JOSE";"Trafegar com motocicleta (ou similar) entre as faixas";"Colisão lateral mesmo sentido";"Com Vítimas Feridas";"Pleno dia";"Decrescente";"Nublado";"Múltipla";"Reta";"Sim";3;0;1;0;2;0;1;3;-27,59193546;-48,61824557;"SPRF-SC";"DEL01-SC";"UOP01-DEL01-SC"