"id";"data_inversa";"dia_semana";"horario";"uf";"br";"km";"municipio";"causa_acidente";"tipo_acidente";"classificacao_acidente";"fase_dia";"sentido_via";"condicao_metereologica";"tipo_pista";"tracado_via";"uso_solo";"pessoas";"mortos";"feridos_leves";"feridos_graves";"ilesos";"ignorados";"feridos";"veiculos";"latitude";"longitude";"regional";"delegacia";"uop"
518673;2023-04-23;"domingo";"14:30:00";"SP";116;154;"SAO JOSE DOS CAMPOS";"Ausência de reação do condutor";"Tombamento";"Com Vítimas Feridas";"Pleno dia";"Decrescente";"Céu Claro";"Múltipla";"Aclive";"Sim";4;0;3;0;1;0;3;2;-23,23903999;-45,92061901;"SPRF-SP";"DEL02-SP";"UOP01-DEL02-SP"
518674;2023-04-23;"domingo";"14:30:00";"RS";116;324,2;"BARRA DO RIBEIRO";"Reação tardia ou ineficiente do condutor";"Saída de leito carroçável";"Com Vítimas Feridas";"Pleno dia";"Decrescente";"Sol";"Dupla";"Reta";"Não";1;0;0;1;0;0;1;1;-30,31869073;-51,4179531;"SPRF-RS";"DEL02-RS";"UOP01-DEL02-RS"
518676;2023-04-23;"domingo";"14:40:00";"SP";116;103,8;"TAUBATE";"Ausência de reação do condutor";"Colisão traseira";"Com Vítimas Feridas";"Pleno dia";"Crescente";"Céu Claro";"Dupla";"Reta";"Não";2;0;1;0;1;0;1;2;-22,99919465;-45,49788917;"SPRF-SP";"DEL02-SP";"UOP02-DEL02-SP"
518678;2023-04-23;"domingo";"15:30:00";"RS";386;345,2;"LAJEADO";"Ausência de reação do condutor";"Colisão traseira";"Com Vítimas Feridas";"Pleno dia";"Crescente";"Céu Claro";"Simples";"Reta";"Sim";7;0;2;0;5;0;2;3;-29,443069;-51,984135;"SPRF-RS";"DEL04-RS";"UOP01-DEL04-RS"
518679;2023-04-23;"domingo";"15:15:00";"PE";232;515;"SALGUEIRO";"Acessar a via sem observar a presença dos outros veículos";"Colisão traseira";"Com Vítimas Feridas";"Pleno dia";"Crescente";"Céu Claro";"Simples";"Reta";"Não";2;0;1;0;1;0;1;1;-8,068192;-39,180042;"SPRF-PE";"DEL05-PE";"UOP01-DEL05-PE"
518681;2023-04-23;"domingo";"13:55:00";"SP";116;100,9;"PINDAMONHANGABA";"Condutor deixou de manter distância do veículo da frente";"Colisão traseira";"Com Vítimas Feridas";"Pleno dia";"Crescente";"Céu Claro";"Dupla";"Reta";"Não";2;0;1;0;1;0;1;2;-22,986552;-45,47276;"SPRF-SP";"DEL08-SP";"UOP01-DEL08-SP"
518682;2023-04-23;"domingo";"14:40:00";"PR";277;301,8;"PRUDENTOPOLIS";"Transitar na contramão";"Colisão frontal";"Com Vítimas Fatais";"Pleno dia";"Crescente";"Céu Claro";"Simples";"Reta";"Não";3;1;0;0;2;0;0;2;-25,30364978;-51,1554637;"SPRF-PR";"DEL08-PR";"UOP01-DEL08-PR"
518683;2023-04-23;"domingo";"15:30:00";"PE";101;54,1;"PAULISTA";"Estacionar ou parar em local proibido";"Queda de ocupante de veículo";"Sem Vítimas";"Pleno dia";"Crescente";"Céu Claro";"Dupla";"Reta;Declive";"Sim";3;0;0;0;2;1;0;2;-7,941197;-34,904148;"SPRF-PE";"DEL01-PE";"UOP02-DEL01-PE"
518684;2023-04-23;"domingo";"16:00:00";"RN";405;105;"ITAU";"Ausência de reação do condutor";"Saída de leito carroçável";"Sem Vítimas";"Pleno dia";"Crescente";"Céu Claro";"Simples";"Curva;Declive";"Não";1;0;0;0;0;1;0;1;-5,81999296;-37,95884902;"SPRF-RN";"DEL04-RN";"UOP02-DEL04-RN"
518685;2023-04-23;"domingo";"10:40:00";"RJ";101;264;"RIO BONITO";"Condutor deixou de manter distância do veículo da frente";"Colisão traseira";"Com Vítimas Feridas";"Pleno dia";"Crescente";"Céu Claro";"Dupla";"Reta";"Não";4;0;1;0;2;1;1;2;-22,71818337;-42,63600702;"SPRF-RJ";"DEL02-RJ";"UOP03-DEL02-RJ"
518686;2023-04-23;"domingo";"14:40:00";"SC";282;26,6;"SANTO AMARO DA IMPERATRIZ";"Ultrapassagem Indevida";"Colisão transversal";"Com Vítimas Feridas";"Pleno dia";"Decrescente";"Nublado";"Simples";"Interseção de Vias;Reta";"Sim";3;0;2;0;1;0;2;2;-27,680267;-48,762482;"SPRF-SC";"DEL01-SC";"UOP03-DEL01-SC"
518687;2023-04-23;"domingo";"15:40:00";"SC";101;149;"ITAPEMA";"Trafegar com motocicleta (ou similar) entre as faixas";"Colisão traseira";"Com Vítimas Feridas";"Pleno dia";"Decrescente";"Nublado";"Dupla";"Reta";"Sim";3;0;0;1;1;1;1;3;-27,1089649;-48,61277586;"SPRF-SC";"DEL04-SC";"UOP03-DEL04-SC"
518688;2023-04-23;"domingo";"14:40:00";"SC";280;11;"SAO FRANCISCO DO SUL";"Acessar a via sem observar a presença dos outros veículos";"Colisão transversal";"Com Vítimas Feridas";"Pleno dia";"Crescente";"Chuva";"Simples";"Reta;Declive";"Não";6;0;4;0;2;0;4;3;-26,304752;-48,641014;"SPRF-SC";"DEL03-SC";"UOP03-DEL03-SC"
518689;2023-04-23;"domingo";"15:10:00";"SC";470;62;"INDAIAL";"Acessar a via sem observar a presença dos outros veículos";"Colisão traseira";"Com Vítimas Feridas";"Pleno dia";"Crescente";"Nublado";"Simples";"Reta";"Sim";2;0;1;0;1;0;1;2;-26,874521;-49,182938;"SPRF-SC";"DEL04-SC";"UOP01-DEL04-SC"
518690;2023-04-23;"domingo";"13:00:00";"RO";364;412,6;"JARU";"Ultrapassagem Indevida";"Colisão lateral mesmo sentido";"Com Vítimas Feridas";"Pleno dia";"Decrescente";"Céu Claro";"Simples";"Declive;Reta";"Não";4;0;2;0;2;0;2;2;-10,51879293;-62,40518421;"SPRF-RO";"DEL03-RO";"UOP02-DEL03-RO"
518691;2023-04-23;"domingo";"15:10:00";"SC";280;73,9;"JARAGUA DO SUL";"Acessar a via sem observar a presença dos outros veículos";"Colisão transversal";"Com Vítimas Feridas";"Pleno dia";"Crescente";"Nublado";"Simples";"Rotatória";"Sim";2;0;1;0;1;0;1;2;-26,45917102;-49,15245;"SPRF-SC";"DEL03-SC";"UOP03-DEL03-SC"
518693;2023-04-23;"domingo";"16:40:00";"ES";101;275,3;"SERRA";"Reação tardia ou ineficiente do condutor";"Colisão com objeto";"Com Vítimas Feridas";"Pleno dia";"Decrescente";"Chuva";"Dupla";"Reta";"Não";2;0;2;0;0;0;2;1;-20,20828089;-40,30388897;"SPRF-ES";"DEL02-ES";"UOP01-DEL02-ES"
518694;2023-04-23;"domingo";"14:00:00";"MG";50;161;"UBERABA";"Condutor Dormindo";"Capotamento";"Com Vítimas Feridas";"Pleno dia";"Decrescente";"Céu Claro";"Dupla";"Reta";"Não";2;0;1;0;1;0;1;1;-19,65927188;-48,00251569;"SPRF-MG";"DEL13-MG";"UOP01-DEL13-MG"
518695;2023-04-23;"domingo";"14:00:00";"MT";158;5;"BARRA DO GARCAS";"Acessar a via sem observar a presença dos outros veículos";"Colisão transversal";"Com Vítimas Feridas";"Pleno dia";"Crescente";"Céu Claro";"Dupla";"Declive;Reta";"Sim";3;0;2;0;1;0;2;2;-15,87800613;-52,30054379;"SPRF-MT";"DEL07-MT";"NPF/DEL07-MT"
518699;2023-04-23;"domingo";"17:10:00";"RJ";393;236;"VASSOURAS";"Ultrapassagem Indevida";"Colisão transversal";"Com Vítimas Feridas";"Pleno dia";"Decrescente";"Céu Claro";"Simples";"Reta";"Sim";3;0;1;0;2;0;1;2;-22,38996804;-43,64928296;"SPRF-RJ";"DEL05-RJ";"UOP03-DEL05-RJ"
518700;2023-04-23;"domingo";"15:00:00";"RJ";116;189;"NOVA IGUACU";"Condutor deixou de manter distância do veículo da frente";"Engavetamento";"Sem Vítimas";"Pleno dia";"Decrescente";"Sol";"Dupla";"Reta";"Sim";4;0;0;0;4;0;0;3;-22,73765712;-43,49182298;"SPRF-RJ";"DEL01-RJ";"UOP02-DEL01-RJ"
518701;2023-04-23;"domingo";"15:55:00";"SC";282;64,1;"RANCHO QUEIMADO";"Velocidade Incompatível";"Saída de leito carroçável";"Com Vítimas Feridas";"Pleno dia";"Decrescente";"Chuva";"Simples";"Curva";"Não";6;0;3;0;3;0;3;1;-27,695372;-49,042824;"SPRF-SC";"DEL01-SC";"UOP03-DEL01-SC"
518702;2023-04-23;"domingo";"14:30:00";"RJ";101;318;"SAO GONCALO";"Reação tardia ou ineficiente do condutor";"Colisão traseira";"Com Vítimas Feridas";"Plena Noite";"Crescente";"Céu Claro";"Dupla";"Reta";"Não";4;0;1;0;3;0;1;2;-22,84556784;-43,09859276;"SPRF-RJ";"DEL02-RJ";"UOP02-DEL02-RJ"
518703;2023-04-23;"domingo";"17:50:00";"PR";277;723;"FOZ DO IGUACU";"Acessar a via sem observar a presença dos outros veículos";"Colisão lateral mesmo sentido";"Com Vítimas Feridas";"Pleno dia";"Crescente";"Céu Claro";"Dupla";"Reta";"Sim";2;0;1;0;1;0;1;2;-25,49878215;-54,52985294;"SPRF-PR";"DEL05-PR";"UOP03-DEL05-PR"
518705;2023-04-23;"domingo";"18:00:00";"SE";235;12,5;"NOSSA SENHORA DO SOCORRO";"Animais na Pista";"Atropelamento de Animal";"Com Vítimas Feridas";"Plena Noite";"Crescente";"Céu Claro";"Simples";"Reta;Declive";"Sim";3;0;1;0;2;0;1;2;-10,872643;-37,163246;"SPRF-SE";"DEL01-SE";"UOP01-DEL01-SE"
518707;2023-04-23;"domingo";"18:00:00";"RJ";116;24,3;"SAPUCAIA";"Conversão proibida";"Colisão transversal";"Com Vítimas Fatais";"Plena Noite";"Decrescente";"Céu Claro";"Simples";"Reta";"Não";6;1;4;1;0;0;5;2;-22,032212;-42,778168;"SPRF-RJ";"DEL05-RJ";"UOP01-DEL05-RJ"
518709;2023-04-23;"domingo";"16:00:00";"MT";70;281;"PRIMAVERA DO LESTE";"Ingestão de álcool pelo condutor";"Colisão transversal";"Sem Vítimas";"Pleno dia";"Crescente";"Céu Claro";"Simples";"Reta;Interseção de Vias";"Sim";4;0;0;0;4;0;0;3;-15,56702889;-54,30512706;"SPRF-MT";"DEL05-MT";"UOP01-DEL05-MT"
518710;2023-04-23;"domingo";"18:10:00";"RS";116;303,1;"GUAIBA";"Acessar a via sem observar a presença dos outros veículos";"Colisão transversal";"Com Vítimas Feridas";"Anoitecer";"Crescente";"Nublado";"Simples";"Reta";"Não";3;0;1;1;1;0;2;2;-30,14481459;-51,36302865;"SPRF-RS";"DEL02-RS";"UOP01-DEL02-RS"
518711;2023-04-23;"domingo";"18:50:00";"SE";101;118;"ITAPORANGA DAJUDA";"Reação tardia ou ineficiente do condutor";"Queda de ocupante de veículo";"Com Vítimas Feridas";"Plena Noite";"Crescente";"Céu Claro";"Dupla";"Retorno Regulamentado;Curva;Aclive";"Não";1;0;1;0;0;0;1;1;-11,02305584;-37,3262491;"SPRF-SE";"DEL02-SE";"UOP01-DEL02-SE"
518712;2023-04-23;"domingo";"17:31:00";"RS";116;526;"PELOTAS";"Reação tardia ou ineficiente do condutor";"Saída de leito carroçável";"Com Vítimas Feridas";"Anoitecer";"Crescente";"Céu Claro";"Dupla";"Curva";"Não";2;0;2;0;0;0;2;1;-31,74307729;-52,39966642;"SPRF-RS";"DEL07-RS";"UOP01-DEL07-RS"
518713;2023-04-23;"domingo";"17:00:00";"MG";40;739,8;"SANTOS DUMONT";"Reação tardia ou ineficiente do condutor";"Saída de leito carroçável";"Com Vítimas Feridas";"Pleno dia";"Decrescente";"Céu Claro";"Simples";"Curva";"Não";1;0;1;0;0;0;1;1;-21,394039;-43,56680295;"SPRF-MG";"DEL05-MG";"UOP01-DEL05-MG"
518714;2023-04-23;"domingo";"18:20:00";"GO";50;272,5;"CATALAO";"Ingestão de álcool pelo condutor";"Saída de leito carroçável";"Sem Vítimas";"Anoitecer";"Crescente";"Céu Claro";"Dupla";"Reta";"Não";1;0;0;0;0;1;0;1;-18,1228;-47,8994;"SPRF-GO";"DEL06-GO";"UOP01-DEL06-GO"
518717;2023-04-23;"domingo";"18:20:00";"RS";116;342;"TAPES";"Ausência de reação do condutor";"Saída de leito carroçável";"Com Vítimas Feridas";"Plena Noite";"Crescente";"Céu Claro";"Dupla";"Reta";"Não";5;0;5;0;0;0;5;1;-30,47228808;-51,49340537;"SPRF-RS";"DEL02-RS";"UOP02-DEL02-RS"
518718;2023-04-23;"domingo";"18:40:00";"RS";158;333;"SANTA MARIA";"Manobra de mudança de faixa";"Colisão traseira";"Com Vítimas Feridas";"Plena Noite";"Crescente";"Céu Claro";"Dupla";"Reta";"Sim";2;0;1;0;1;0;1;2;-29,70846948;-53,86426102;"SPRF-RS";"DEL09-RS";"UOP01-DEL09-RS"
518719;2023-04-23;"domingo";"18:20:00";"SC";282;24,6;"SANTO AMARO DA IMPERATRIZ";"Desrespeitar a preferência no cruzamento";"Colisão transversal";"Com Vítimas Feridas";"Plena Noite";"Decrescente";"Chuva";"Simples";"Interseção de Vias;Reta;Viaduto";"Sim";2;0;0;1;1;0;1;2;-27,68268;-48,744614;"SPRF-SC";"DEL01-SC";"UOP03-DEL01-SC"
518720;2023-04-23;"domingo";"18:55:00";"SC";101;195,2;"BIGUACU";"Acessar a via sem observar a presença dos outros veículos";"Colisão transversal";"Com Vítimas Feridas";"Plena Noite";"Crescente";"Chuva";"Dupla";"Reta";"Sim";3;0;2;0;1;0;2;2;-27,5047092;-48,65010819;"SPRF-SC";"DEL01-SC";"UOP01-DEL01-SC"
518721;2023-04-23;"domingo";"18:40:00";"SC";101;151,9;"PORTO BELO";"Ausência de reação do condutor";"Engavetamento";"Com Vítimas Feridas";"Anoitecer";"Decrescente";"Céu Claro";"Dupla";"Reta";"Sim";4;0;1;0;3;0;1;4;-27,126536;-48,609642;"SPRF-SC";"DEL04-SC";"UOP03-DEL04-SC"
518722;2023-04-23;"domingo";"17:00:00";"SC";101;246;"PAULO LOPES";"Demais falhas mecânicas ou elétricas";"Queda de ocupante de veículo";"Com Vítimas Feridas";"Pleno dia";"Decrescente";"Nublado";"Dupla";"Reta";"Não";2;0;1;0;1;0;1;1;-27,91036709;-48,64998267;"SPRF-SC";"DEL02-SC";"UOP03-DEL02-SC"
518723;2023-04-23;"domingo";"18:30:00";"MG";365;680;"MONTE ALEGRE DE MINAS";"Ausência de reação do condutor";"Saída de leito carroçável";"Sem Vítimas";"Plena Noite";"Crescente";"Céu Claro";"Dupla";"Curva";"Não";1;0;0;0;1;0;0;1;-18,84915171;-48,81914097;"SPRF-MG";"DEL15-MG";"UOP01-DEL15-MG"
518724;2023-01-27;"sexta-feira";"12:00:00";"SE";101;176,3;"SANTA LUZIA DO ITANHY";"Reação tardia ou ineficiente do condutor";"Colisão lateral sentido oposto";"Com Vítimas Feridas";"Pleno dia";"Decrescente";"Céu Claro";"Simples";"Reta";"Sim";2;0;1;0;1;0;1;2;-11,34921696;-37,61704722;"SPRF-SE";"DEL02-SE";"UOP03-DEL02-SE"
518726;2023-04-23;"domingo";"19:45:00";"CE";222;152,8;"IRAUCUBA";"Reação tardia ou ineficiente do condutor";"Colisão traseira";"Com Vítimas Fatais";"Plena Noite";"Decrescente";"Céu Claro";"Simples";"Reta";"Não";4;1;2;0;0;1;2;3;-3,73501558;-39,82342302;"SPRF-CE";"DEL04-CE";"UOP03-DEL04-CE"
518727;2023-04-23;"domingo";"19:05:00";"PR";277;667,9;"MEDIANEIRA";"Ingestão de álcool pelo condutor";"Colisão traseira";"Com Vítimas Feridas";"Plena Noite";"Decrescente";"Céu Claro";"Dupla";"Reta";"Sim";2;0;1;0;1;0;1;2;-25,26577498;-54,05432901;"SPRF-PR";"DEL05-PR";"UOP02-DEL05-PR"
518728;2023-04-23;"domingo";"19:10:00";"CE";116;20;"EUSEBIO";"Acessar a via sem observar a presença dos outros veículos";"Atropelamento de Pedestre";"Com Vítimas Feridas";"Plena Noite";"Decrescente";"Céu Claro";"Dupla";"Reta";"Sim";2;0;0;1;0;1;1;2;-3,92277497;-38,50762327;"SPRF-CE";"DEL01-CE";"UOP02-DEL01-CE"
518729;2023-04-23;"domingo";"17:00:00";"BA";101;176;"SAO GONCALO DOS CAMPOS";"Condutor deixou de manter distância do veículo da frente";"Tombamento";"Com Vítimas Feridas";"Anoitecer";"Decrescente";"Nublado";"Simples";"Reta";"Não";2;0;1;0;1;0;1;2;-12,39613185;-38,89343263;"SPRF-BA";"DEL01-BA";"UOP03-DEL01-BA"
518732;2023-04-23;"domingo";"19:30:00";"PE";232;61,7;"POMBOS";"Ingestão de álcool pelo condutor";"Colisão transversal";"Com Vítimas Feridas";"Plena Noite";"Decrescente";"Céu Claro";"Simples";"Declive;Reta";"Não";2;0;0;1;1;0;1;2;-8,1519066;-35,4153532;"SPRF-PE";"DEL02-PE";"UOP02-DEL02PE"
518734;2023-04-23;"domingo";"19:40:00";"RJ";101;429,5;"MANGARATIBA";"Ingestão de álcool pelo condutor";"Eventos atípicos";"Com Vítimas Feridas";"Plena Noite";"Decrescente";"Céu Claro";"Simples";"Reta;Declive";"Não";2;0;1;0;0;1;1;2;-22,937754;-44,012942;"SPRF-RJ";"DEL03-RJ";"UOP02-DEL03-RJ"
518737;2023-04-23;"domingo";"18:20:00";"SC";282;560,1;"NOVA ITABERABA";"Ultrapassagem Indevida";"Colisão frontal";"Com Vítimas Feridas";"Plena Noite";"Crescente";"Céu Claro";"Simples";"Declive;Reta";"Não";6;0;4;1;1;0;5;2;-26,927135;-52,856205;"SPRF-SC";"DEL07-SC";"UOP01-DEL07-SC"
518738;2023-04-23;"domingo";"20:20:00";"SE";101;90,6;"NOSSA SENHORA DO SOCORRO";"Ausência de reação do condutor";"Saída de leito carroçável";"Com Vítimas Feridas";"Plena Noite";"Crescente";"Céu Claro";"Dupla";"Reta";"Sim";1;0;1;0;0;0;1;1;-10,889582175;-37,1325671946;"SPRF-SE";"DEL01-SE";"UOP01-DEL01-SE"
518739;2023-04-23;"domingo";"17:45:00";"RJ";116;290;"BARRA MANSA";"Avarias e/ou desgaste excessivo no pneu";"Tombamento";"Com Vítimas Feridas";"Plena Noite";"Crescente";"Céu Claro";"Dupla";"Reta";"Não";2;0;2;0;0;0;2;1;-22,47546917;-44,26675004;"SPRF-RJ";"DEL07-RJ";"UOP02-DEL07-RJ"
518740;2023-04-23;"domingo";"19:40:00";"SC";282;5;"SAO JOSE";"Ausência de reação do condutor";"Colisão com objeto";"Com Vítimas Feridas";"Plena Noite";"Decrescente";"Chuva";"Simples";"Curva;Aclive";"Não";1;0;1;0;0;0;1;1;-27,588425;-48,612919;"SPRF-SC";"DEL01-SC";"UOP01-DEL01-SC"
518741;2023-04-23;"domingo";"17:55:00";"MT";70;400;"CAMPO VERDE";"Desrespeitar a preferência no cruzamento";"Colisão lateral mesmo sentido";"Com Vítimas Feridas";"Anoitecer";"Crescente";"Nublado";"Simples";"Curva";"Não";2;0;0;1;1;0;1;2;-15,658444;-55,21206;"SPRF-MT";"DEL05-MT";"UOP02-DEL05-MT"
518742;2023-04-23;"domingo";"17:30:00";"SC";101;37,3;"JOINVILLE";"Condutor Dormindo";"Colisão com objeto";"Com Vítimas Feridas";"Pleno dia";"Decrescente";"Chuva";"Dupla";"Reta";"Não";2;0;2;0;0;0;2;1;-26,25050176;-48,90863867;"SPRF-SC";"DEL03-SC";"UOP01-DEL03-SC"
518743;2023-04-23;"domingo";"20:30:00";"SP";116;285;"ITAPECERICA DA SERRA";"Trafegar com motocicleta (ou similar) entre as faixas";"Colisão lateral mesmo sentido";"Com Vítimas Feridas";"Plena Noite";"Decrescente";"Céu Claro";"Dupla";"Reta";"Sim";4;0;0;2;2;0;2;3;-23,67769987;-46,8573761;"SPRF-SP";"DEL04-SP";"UOP01-DEL04-SP"
518744;2023-04-23;"domingo";"19:30:00";"PR";153;2;"JACAREZINHO";"Condutor Dormindo";"Colisão com objeto";"Com Vítimas Feridas";"Plena Noite";"Decrescente";"Céu Claro";"Simples";"Reta";"Não";1;0;1;0;0;0;1;1;-23,01063981;-49,90871127;"SPRF-PR";"DEL07-PR";"UOP04-DEL07-PR"
518746;2023-04-23;"domingo";"18:30:00";"BA";101;176;"FEIRA DE SANTANA";"Condutor deixou de manter distância do veículo da frente";"Colisão traseira";"Com Vítimas Feridas";"Anoitecer";"Crescente";"Nublado";"Simples";"Reta;Desvio Temporário";"Não";2;0;1;0;1;0;1;2;-12,38786052;-38,88793947;"SPRF-BA";"DEL01-BA";"UOP03-DEL01-BA"
518748;2023-04-23;"domingo";"21:12:00";"PE";101;38;"IGARASSU";"Chuva";"Capotamento";"Com Vítimas Feridas";"Plena Noite";"Crescente";"Chuva";"Dupla";"Curva";"Não";3;0;1;0;2;0;1;1;-7,80600806;-34,92522908;"SPRF-PE";"DEL01-PE";"UOP02-DEL01-PE"
518749;2023-04-23;"domingo";"18:10:00";"PR";163;32;"SANTO ANTONIO DO SUDOESTE";"Ingestão de álcool pelo condutor";"Saída de leito carroçável";"Sem Vítimas";"Anoitecer";"Decrescente";"Céu Claro";"Simples";"Reta";"Não";1;0;0;0;1;0;0;1;-26,11918755;-53,67982774;"SPRF-PR";"DEL02-PR";"UOP02-DEL02-PR"
518750;2023-04-23;"domingo";"21:00:00";"BA";116;14,2;"VITORIA DA CONQUISTA";"Ausência de reação do condutor";"Colisão traseira";"Com Vítimas Feridas";"Plena Noite";"Decrescente";"Nublado";"Simples";"Reta";"Sim";3;0;2;0;0;1;2;2;-14,89395;-40,864458;"SPRF-BA";"DEL08-BA";"UOP01-DEL08-BA"
518751;2023-04-23;"domingo";"18:00:00";"MG";116;785,2;"LEOPOLDINA";"Ausência de reação do condutor";"Saída de leito carroçável";"Com Vítimas Feridas";"Plena Noite";"Crescente";"Nublado";"Simples";"Reta;Declive";"Não";1;0;1;0;0;0;1;1;-21,63945948;-42,71309186;"SPRF-MG";"DEL07-MG";"UOP01-DEL07-MG"
518752;2023-04-23;"domingo";"17:20:00";"SP";116;517;"CAJATI";"Reação tardia ou ineficiente do condutor";"Colisão traseira";"Com Vítimas Feridas";"Pleno dia";"Decrescente";"Garoa/Chuvisco";"Dupla";"Curva";"Não";7;0;2;0;5;0;2;2;-24,8768469;-48,22732309;"SPRF-SP";"DEL05-SP";"UOP02-DEL05-SP"
518753;2023-04-23;"domingo";"21:04:00";"GO";40;13,7;"LUZIANIA";"Ingestão de álcool pelo condutor";"Saída de leito carroçável";"Com Vítimas Feridas";"Plena Noite";"Crescente";"Céu Claro";"Dupla";"Reta";"Sim";2;0;0;2;0;0;2;1;-16,151832;-47,939162;"SPRF-DF";"DEL01-DF";"UOP01-DEL01-DF"
518754;2023-04-23;"domingo";"20:50:00";"RS";116;364,2;"TAPES";"Manobra de mudança de faixa";"Colisão com objeto";"Sem Vítimas";"Plena Noite";"Crescente";"Céu Claro";"Dupla";"Reta";"Não";4;0;0;0;4;0;0;2;-30,65662083;-51,56347647;"SPRF-RS";"DEL02-RS";"UOP02-DEL02-RS"
518755;2023-04-23;"domingo";"20:40:00";"BA";242;585;"IBOTIRAMA";"Condutor deixou de manter distância do veículo da frente";"Colisão traseira";"Com Vítimas Feridas";"Plena Noite";"Decrescente";"Chuva";"Simples";"Reta";"Sim";2;0;0;1;0;1;1;2;-12,17840212;-43,22008544;"SPRF-BA";"DEL10-BA";"UOP02-DEL10-BA"
518756;2023-04-23;"domingo";"20:55:00";"SC";101;201,3;"SAO JOSE";"Velocidade Incompatível";"Saída de leito carroçável";"Com Vítimas Fatais";"Plena Noite";"Crescente";"Garoa/Chuvisco";"Múltipla";"Reta";"Sim";1;1;0;0;0;0;0;1;-27,5518173;-48,6197651;"SPRF-SC";"DEL01-SC";"UOP01-DEL01-SC"
518757;2023-04-23;"domingo";"21:00:00";"PR";277;592,9;"CASCAVEL";"Ingestão de álcool pelo condutor";"Colisão traseira";"Com Vítimas Feridas";"Plena Noite";"Decrescente";"Céu Claro";"Simples";"Reta";"Sim";2;0;2;0;0;0;2;2;-24,98285697;-53,47319399;"SPRF-PR";"DEL04-PR";"UOP01-DEL04-PR"
518759;2023-04-23;"domingo";"21:22:00";"PR";277;74;"SAO JOSE DOS PINHAIS";"Reação tardia ou ineficiente do condutor";"Colisão traseira";"Sem Vítimas";"Anoitecer";"Crescente";"Chuva";"Dupla";"Reta";"Sim";2;0;0;0;2;0;0;2;-25,489828;-49,176289;"SPRF-PR";"DEL01-PR";"UOP01-DEL01-PR"
518760;2023-04-23;"domingo";"21:40:00";"PI";343;347,8;"TERESINA";"Reação tardia ou ineficiente do condutor";"Colisão traseira";"Com Vítimas Feridas";"Plena Noite";"Crescente";"Céu Claro";"Dupla";"Reta";"Não";2;0;1;0;1;0;1;2;-5,114822;-42,778355;"SPRF-PI";"DEL01-PI";"UOP01-DEL01-PI"
518761;2023-04-23;"domingo";"14:00:00";"PA";153;73;"SAO DOMINGOS DO ARAGUAIA";"Velocidade Incompatível";"Colisão traseira";"Com Vítimas Fatais";"Pleno dia";"Decrescente";"Céu Claro";"Simples";"Reta";"Não";2;1;0;0;1;0;0;2;-5,755733;-48,67474;"SPRF-PA";"DEL03-PA";"UOP01-DEL03-PA"
518763;2023-04-23;"domingo";"22:30:00";"SC";282;498,8;"XANXERE";"Manobra de mudança de faixa";"Colisão lateral mesmo sentido";"Com Vítimas Feridas";"Plena Noite";"Crescente";"Céu Claro";"Simples";"Aclive";"Não";7;0;1;0;6;0;1;2;-26,879793;-52,353662;"SPRF-SC";"DEL07-SC";"UOP01-DEL07-SC"
518764;2023-04-23;"domingo";"21:50:00";"RJ";101;262;"RIO BONITO";"Ingestão de álcool pelo condutor";"Queda de ocupante de veículo";"Com Vítimas Feridas";"Plena Noite";"Decrescente";"Garoa/Chuvisco";"Dupla";"Curva";"Sim";1;0;1;0;0;0;1;1;-22,71367506;-42,62052996;"SPRF-RJ";"DEL02-RJ";"UOP03-DEL02-RJ"
518765;2023-04-23;"domingo";"22:20:00";"PR";277;107;"CASCAVEL";"Condutor deixou de manter distância do veículo da frente";"Colisão traseira";"Com Vítimas Feridas";"Plena Noite";"Crescente";"Céu Claro";"Dupla";"Curva";"Não";4;0;1;0;3;0;1;2;-24,916;-53,485;"SPRF-PR";"DEL03-PR";"UOP03-DEL03-PR"
518768;2023-04-23;"domingo";"21:00:00";"PR";476;291;"SAO MATEUS DO SUL";"Velocidade Incompatível";"Saída de leito carroçável";"Com Vítimas Feridas";"Plena Noite";"Decrescente";"Nublado";"Simples";"Reta";"Não";2;0;1;0;1;0;1;1;-25,940685;-50,489079;"SPRF-PR";"DEL02-PR";"UOP03-DEL02-PR"
518769;2023-04-23;"domingo";"21:31:00";"RJ";393;255;"BARRA DO PIRAI";"Velocidade Incompatível";"Colisão traseira";"Com Vítimas Feridas";"Plena Noite";"Crescente";"Nublado";"Simples";"Reta;Interseção de Vias;Aclive;Retorno Regulamentado";"Sim";2;0;1;0;1;0;1;2;-22,45028541;-43,7987758;"SPRF-RJ";"DEL05-RJ";"UOP04-DEL05-RJ"
518770;2023-04-23;"domingo";"23:15:00";"SP";116;219;"GUARULHOS";"Reação tardia ou ineficiente do condutor";"Colisão traseira";"Sem Vítimas";"Plena Noite";"Decrescente";"Céu Claro";"Múltipla";"Reta";"Sim";3;0;0;0;2;1;0;3;-23,46143954;-46,48885316;"SPRF-SP";"DEL01-SP";"UOP01-DEL01-SP"
518771;2023-04-23;"domingo";"23:00:00";"SP";116;218;"GUARULHOS";"Velocidade Incompatível";"Colisão traseira";"Com Vítimas Feridas";"Plena Noite";"Decrescente";"Nublado";"Múltipla";"Aclive";"Sim";4;0;3;0;1;0;3;2;-23,457972;-46,479927;"SPRF-SP";"DEL01-SP";"UOP01-DEL01-SP"