"id";"data_inversa";"dia_semana";"horario";"uf";"br";"km";"municipio";"causa_acidente";"tipo_acidente";"classificacao_acidente";"fase_dia";"sentido_via";"condicao_metereologica";"tipo_pista";"tracado_via";"uso_solo";"pessoas";"mortos";"feridos_leves";"feridos_graves";"ilesos";"ignorados";"feridos";"veiculos";"latitude";"longitude";"regional";"delegacia";"uop"
518772;2023-04-23;"domingo";"20:50:00";"MG";365;170;"BURITIZEIRO";"Transitar na contramão";"Colisão frontal";"Com Vítimas Fatais";"Plena Noite";"Decrescente";"Céu Claro";"Simples";"Reta";"Não";12;1;2;0;9;0;2;3;-17,39882621;-45,00106386;"SPRF-MG";"DEL10-MG";"UOP02-DEL010-MG"
518774;2023-04-23;"domingo";"23:20:00";"RJ";101;570;"PARATY";"Ultrapassagem Indevida";"Saída de leito carroçável";"Com Vítimas Feridas";"Plena Noite";"Crescente";"Céu Claro";"Simples";"Curva";"Não";2;0;1;0;1;0;1;2;-23,20183038;-44,72932609;"SPRF-RJ";"DEL03-RJ";"UOP04-DEL03-RJ"
518775;2023-04-23;"domingo";"21:50:00";"BA";110;363;"CATU";"Reação tardia ou ineficiente do condutor";"Colisão frontal";"Com Vítimas Fatais";"Plena Noite";"Crescente";"Nublado";"Simples";"Reta";"Sim";2;1;0;0;1;0;0;2;-12,330283;-38,381766;"SPRF-BA";"DEL01-BA";"UOP04-DEL01-BA"
518776;2023-04-23;"domingo";"22:38:00";"PB";230;48;"SANTA RITA";"Demais falhas mecânicas ou elétricas";"Saída de leito carroçável";"Com Vítimas Feridas";"Plena Noite";"Crescente";"Céu Claro";"Dupla";"Reta";"Não";4;0;3;0;1;0;3;1;-7,174;-35,0397;"SPRF-PB";"DEL01-PB";"UOP03-DEL01-PB"
518777;2023-04-23;"domingo";"23:15:00";"MG";40;702;"BARBACENA";"Mal súbito do condutor";"Tombamento";"Com Vítimas Feridas";"Plena Noite";"Crescente";"Céu Claro";"Simples";"Reta";"Sim";1;0;1;0;0;0;1;1;-21,19178602;-43,75167711;"SPRF-MG";"DEL05-MG";"UOP02-DEL05-MG"
518778;2023-04-23;"domingo";"17:30:00";"BA";101;659,2;"ITAPEBI";"Chuva";"Colisão frontal";"Com Vítimas Fatais";"Anoitecer";"Crescente";"Chuva";"Simples";"Curva";"Não";50;2;0;0;47;1;0;3;-15,92804557;-39,5616965;"SPRF-BA";"DEL05-BA";"UOP02-DEL05-BA"
518782;2023-04-23;"domingo";"23:55:00";"MG";116;532;"SANTA RITA DE MINAS";"Reação tardia ou ineficiente do condutor";"Saída de leito carroçável";"Com Vítimas Feridas";"Plena Noite";"Decrescente";"Nublado";"Simples";"Curva";"Não";1;0;1;0;0;0;1;1;-19,82774609;-42,13965431;"SPRF-MG";"DEL06-MG";"UOP02-DEL06-MG"
518783;2023-04-23;"domingo";"18:30:00";"MT";163;887;"CLAUDIA";"Ingestão de álcool pelo condutor";"Colisão traseira";"Com Vítimas Feridas";"Plena Noite";"Decrescente";"Céu Claro";"Simples";"Reta";"Não";2;0;1;0;1;0;1;2;-11,54051711;-55,3934768;"SPRF-MT";"DEL06-MT";"UOP02-DEL06-MT"
518784;2023-04-23;"domingo";"22:00:00";"MT";163;1041;"MATUPA";"Ausência de reação do condutor";"Colisão lateral sentido oposto";"Com Vítimas Feridas";"Plena Noite";"Crescente";"Nevoeiro/Neblina";"Simples";"Reta";"Não";1;0;1;0;0;0;1;1;-10,03410494;-54,90966797;"SPRF-MT";"DEL06-MT";"UOP03-DEL06-MT"
518787;2023-04-23;"domingo";"18:50:00";"SP";381;46,8;"ATIBAIA";"Pedestre andava na pista";"Atropelamento de Pedestre";"Com Vítimas Feridas";"Plena Noite";"Crescente";"Céu Claro";"Dupla";"Reta";"Não";2;0;2;0;0;0;2;2;-23,17495;-46,57835;"SPRF-SP";"DEL03-SP";"UOP01-DEL03-SP"
518788;2023-04-24;"segunda-feira";"01:20:00";"GO";60;186;"GUAPO";"Animais na Pista";"Atropelamento de Animal";"Sem Vítimas";"Plena Noite";"Crescente";"Céu Claro";"Dupla";"Reta";"Não";1;0;0;0;1;0;0;1;-16,8011;-49,5177;"SPRF-GO";"DEL01-GO";"UOP02-DEL01-GO"
518790;2023-04-24;"segunda-feira";"01:00:00";"MG";381;164;"GOVERNADOR VALADARES";"Ausência de reação do condutor";"Saída de leito carroçável";"Com Vítimas Feridas";"Plena Noite";"Crescente";"Nublado";"Simples";"Retorno Regulamentado;Curva;Viaduto";"Não";1;0;1;0;0;0;1;1;-18,91420332;-42,01077461;"SPRF-MG";"DEL06-MG";"UOP01-DEL06-MG"
518794;2023-04-23;"domingo";"18:00:00";"BA";324;567;"SAO SEBASTIAO DO PASSE";"Condutor deixou de manter distância do veículo da frente";"Engavetamento";"Com Vítimas Feridas";"Plena Noite";"Crescente";"Chuva";"Dupla";"Reta";"Não";5;0;1;0;4;0;1;4;-12,54182889;-38,58844757;"SPRF-BA";"DEL01-BA";"UOP01-DEL01-BA"
518795;2023-01-30;"segunda-feira";"01:40:00";"MG";381;488;"BETIM";"Ausência de reação do condutor";"Tombamento";"Com Vítimas Feridas";"Plena Noite";"Decrescente";"Chuva";"Múltipla";"Reta";"Sim";1;0;0;1;0;0;1;1;-19,95624622;-44,13002014;"SPRF-MG";"DEL01-MG";"UOP03-DEL01-MG"
518797;2023-04-24;"segunda-feira";"03:10:00";"SC";282;424;"VARGEM BONITA";"Ausência de reação do condutor";"Saída de leito carroçável";"Com Vítimas Feridas";"Plena Noite";"Decrescente";"Nevoeiro/Neblina";"Dupla";"Curva";"Não";1;0;0;1;0;0;1;1;-26,988014;-51,753124;"SPRF-SC";"DEL07-SC";"UOP05-DEL07-SC"
518798;2023-04-24;"segunda-feira";"04:10:00";"RN";226;80;"TANGARA";"Acessar a via sem observar a presença dos outros veículos";"Colisão frontal";"Com Vítimas Feridas";"Plena Noite";"Crescente";"Céu Claro";"Simples";"Reta";"Não";4;0;3;0;1;0;3;2;-6,18392073;-35,77550021;"SPRF-RN";"DEL01-RN";"UOP02-DEL01-RN"
518799;2023-04-24;"segunda-feira";"04:00:00";"SP";381;42;"ATIBAIA";"Ingestão de álcool pelo condutor";"Colisão com objeto";"Sem Vítimas";"Plena Noite";"Crescente";"Céu Claro";"Múltipla";"Reta";"Não";1;0;0;0;0;1;0;1;-23,147306;-46,57493202;"SPRF-SP";"DEL03-SP";"UOP01-DEL03-SP"
518801;2023-04-24;"segunda-feira";"04:20:00";"BA";324;552;"AMELIA RODRIGUES";"Reação tardia ou ineficiente do condutor";"Saída de leito carroçável";"Com Vítimas Feridas";"Amanhecer";"Decrescente";"Garoa/Chuvisco";"Dupla";"Reta;Declive";"Sim";1;0;1;0;0;0;1;1;-12,44970237;-38,71122627;"SPRF-BA";"DEL01-BA";"UOP03-DEL01-BA"
518803;2023-04-20;"quinta-feira";"23:00:00";"RJ";101;312;"SAO GONCALO";"Demais falhas mecânicas ou elétricas";"Incêndio";"Sem Vítimas";"Plena Noite";"Crescente";"Céu Claro";"Simples";"Reta";"Sim";1;0;0;0;1;0;0;1;-22,80546555;-43,06156967;"SPRF-RJ";"DEL02-RJ";"UOP02-DEL02-RJ"
518804;2023-04-24;"segunda-feira";"06:30:00";"BA";324;620;"SALVADOR";"Condutor deixou de manter distância do veículo da frente";"Colisão traseira";"Com Vítimas Feridas";"Pleno dia";"Crescente";"Chuva";"Múltipla";"Reta";"Sim";2;0;1;0;1;0;1;2;-12,90482172;-38,45556535;"SPRF-BA";"DEL01-BA";"UOP01-DEL01-BA"
518805;2023-04-24;"segunda-feira";"05:40:00";"BA";324;618;"SALVADOR";"Pista Escorregadia";"Queda de ocupante de veículo";"Com Vítimas Feridas";"Pleno dia";"Crescente";"Chuva";"Dupla";"Reta";"Sim";1;0;1;0;0;0;1;1;-12,891109;-38,445374;"SPRF-BA";"DEL01-BA";"UOP01-DEL01-BA"
518806;2023-04-23;"domingo";"19:30:00";"RS";470;170;"VILA FLORES";"Acessar a via sem observar a presença dos outros veículos";"Colisão frontal";"Com Vítimas Feridas";"Plena Noite";"Crescente";"Céu Claro";"Simples";"Reta";"Sim";3;0;1;0;2;0;1;2;-28,87243764;-51,55049156;"SPRF-RS";"DEL06-RS";"UOP02-DEL06-RS"
518807;2023-04-24;"segunda-feira";"05:30:00";"CE";222;2,8;"FORTALEZA";"Condutor desrespeitou a iluminação vermelha do semáforo";"Colisão transversal";"Com Vítimas Feridas";"Amanhecer";"Crescente";"Céu Claro";"Múltipla";"Reta;Interseção de Vias";"Sim";3;0;1;0;1;1;1;3;-3,740095;-38,59459;"SPRF-CE";"DEL01-CE";"UOP01-DEL01-CE"
518808;2023-04-24;"segunda-feira";"07:20:00";"CE";116;533,9;"JATI";"Manobra de mudança de faixa";"Colisão transversal";"Com Vítimas Feridas";"Pleno dia";"Crescente";"Sol";"Simples";"Reta;Aclive";"Sim";2;0;2;0;0;0;2;2;-7,738572;-39,051315;"SPRF-CE";"DEL05-CE";"UOP03-DEL05-CE"
518810;2023-04-24;"segunda-feira";"05:30:00";"SP";116;214;"GUARULHOS";"Reação tardia ou ineficiente do condutor";"Colisão com objeto";"Com Vítimas Feridas";"Plena Noite";"Crescente";"Céu Claro";"Dupla";"Reta";"Sim";4;0;4;0;0;0;4;1;-23,44333014;-46,44531294;"SPRF-SP";"DEL01-SP";"UOP01-DEL01-SP"
518811;2023-04-24;"segunda-feira";"06:25:00";"PR";116;115;"CURITIBA";"Manobra de mudança de faixa";"Colisão traseira";"Com Vítimas Feridas";"Pleno dia";"Decrescente";"Céu Claro";"Múltipla";"Reta";"Sim";2;0;1;0;1;0;1;2;-25,550066;-49,30451;"SPRF-PR";"DEL01-PR";"UOP07-DEL01-PR"
518812;2023-04-24;"segunda-feira";"07:35:00";"RS";386;349,2;"LAJEADO";"Ausência de reação do condutor";"Colisão traseira";"Com Vítimas Feridas";"Pleno dia";"Decrescente";"Sol";"Dupla";"Viaduto;Ponte";"Sim";2;0;1;0;1;0;1;2;-29,468579;-51,953853;"SPRF-RS";"DEL04-RS";"UOP02-DEL04-RS"
518813;2023-04-24;"segunda-feira";"05:00:00";"MG";381;573,6;"ITAGUARA";"Avarias e/ou desgaste excessivo no pneu";"Queda de ocupante de veículo";"Com Vítimas Feridas";"Plena Noite";"Crescente";"Céu Claro";"Dupla";"Reta";"Não";1;0;1;0;0;0;1;1;-20,46009378;-44,57276625;"SPRF-MG";"DEL04-MG";"UOP01-DEL04-MG"
518814;2023-04-24;"segunda-feira";"07:20:00";"BA";324;617;"SALVADOR";"Condutor deixou de manter distância do veículo da frente";"Colisão traseira";"Com Vítimas Feridas";"Pleno dia";"Decrescente";"Chuva";"Múltipla";"Reta";"Sim";2;0;1;0;1;0;1;2;-12,8860325;-38,43806469;"SPRF-BA";"DEL01-BA";"UOP01-DEL01-BA"
518815;2023-04-24;"segunda-feira";"04:40:00";"MG";116;642,7;"FERVEDOURO";"Reação tardia ou ineficiente do condutor";"Saída de leito carroçável";"Com Vítimas Feridas";"Plena Noite";"Crescente";"Céu Claro";"Simples";"Curva;Declive";"Não";1;0;1;0;0;0;1;1;-20,65626469;-42,26078445;"SPRF-MG";"DEL07-MG";"UOP02-DEL07-MG"
518816;2023-04-24;"segunda-feira";"06:20:00";"CE";222;2,9;"FORTALEZA";"Condutor deixou de manter distância do veículo da frente";"Engavetamento";"Com Vítimas Feridas";"Pleno dia";"Crescente";"Céu Claro";"Múltipla";"Reta";"Não";4;0;1;0;3;0;1;4;-3,73911117;-38,58687498;"SPRF-CE";"DEL01-CE";"UOP01-DEL01-CE"
518817;2023-04-24;"segunda-feira";"07:20:00";"ES";101;71;"SAO MATEUS";"Condutor deixou de manter distância do veículo da frente";"Colisão traseira";"Com Vítimas Feridas";"Pleno dia";"Crescente";"Céu Claro";"Simples";"Reta;Declive";"Não";3;0;2;0;1;0;2;2;-18,753513;-39,862598;"SPRF-ES";"DEL04-ES";"UOP02-DEL04-ES"
518819;2023-04-24;"segunda-feira";"07:25:00";"PR";376;601;"CURITIBA";"Manobra de mudança de faixa";"Colisão lateral mesmo sentido";"Com Vítimas Feridas";"Pleno dia";"Decrescente";"Céu Claro";"Dupla";"Reta";"Sim";3;0;1;0;2;0;1;2;-25,533517;-49,318648;"SPRF-PR";"DEL01-PR";"UOP06-DEL01-PR"
518820;2023-04-24;"segunda-feira";"07:10:00";"SC";282;0,1;"FLORIANOPOLIS";"Manobra de mudança de faixa";"Colisão lateral mesmo sentido";"Com Vítimas Feridas";"Pleno dia";"Decrescente";"Garoa/Chuvisco";"Múltipla";"Reta";"Não";3;0;1;0;1;1;1;3;-27,59845;-48,571995;"SPRF-SC";"DEL01-SC";"UOP01-DEL01-SC"
518821;2023-04-21;"sexta-feira";"21:30:00";"RJ";116;112;"GUAPIMIRIM";"Frear bruscamente";"Queda de ocupante de veículo";"Com Vítimas Feridas";"Pleno dia";"Decrescente";"Céu Claro";"Dupla";"Reta";"Sim";1;0;1;0;0;0;1;1;-22,56577893;-43,00041209;"SPRF-RJ";"DEL04-RJ";"UOP02-DEL04-RJ"
518822;2023-04-24;"segunda-feira";"07:10:00";"DF";70;5;"BRASILIA";"Ausência de reação do condutor";"Colisão traseira";"Com Vítimas Feridas";"Pleno dia";"Decrescente";"Céu Claro";"Dupla";"Reta";"Sim";2;0;1;0;1;0;1;2;-15,794656;-48,096779;"SPRF-DF";"DEL03-DF";"UOP02-DEL03-DF"
518824;2023-04-24;"segunda-feira";"07:40:00";"RS";448;22;"PORTO ALEGRE";"Ausência de reação do condutor";"Capotamento";"Com Vítimas Feridas";"Pleno dia";"Crescente";"Céu Claro";"Dupla";"Declive;Curva";"Não";1;0;1;0;0;0;1;1;-29,972212;-51,199139;"SPRF-RS";"DEL01-RS";"UOP01-DEL01-RS"
518825;2023-04-24;"segunda-feira";"08:00:00";"RN";101;97,8;"NATAL";"Condutor deixou de manter distância do veículo da frente";"Colisão traseira";"Sem Vítimas";"Pleno dia";"Decrescente";"Céu Claro";"Dupla";"Reta;Aclive";"Sim";3;0;0;0;3;0;0;3;-5,85758898;-35,21271205;"SPRF-RN";"DEL01-RN";"UOP01-DEL01-RN"
518826;2023-04-24;"segunda-feira";"08:00:00";"ES";101;435,3;"PRESIDENTE KENNEDY";"Condutor Dormindo";"Saída de leito carroçável";"Com Vítimas Feridas";"Pleno dia";"Decrescente";"Chuva";"Simples";"Aclive;Curva";"Não";1;0;1;0;0;0;1;1;-21,05500952;-41,19609059;"SPRF-ES";"DEL03-ES";"UOP02-DEL03-ES"
518827;2023-04-24;"segunda-feira";"06:45:00";"MG";40;629,4;"CONSELHEIRO LAFAIETE";"Manobra de mudança de faixa";"Colisão lateral mesmo sentido";"Com Vítimas Feridas";"Pleno dia";"Crescente";"Nublado";"Simples";"Reta";"Sim";2;0;1;0;1;0;1;2;-20,65824152;-43,80259134;"SPRF-MG";"DEL05-MG";"UOP02-DEL05-MG"
518828;2023-04-24;"segunda-feira";"08:05:00";"RS";290;1;"PORTO ALEGRE";"Ausência de reação do condutor";"Colisão lateral mesmo sentido";"Com Vítimas Feridas";"Pleno dia";"Crescente";"Céu Claro";"Dupla";"Reta";"Não";2;0;1;0;1;0;1;2;-29,97307802;-51,17742777;"SPRF-RS";"DEL03-RS";"UOP01-DEL03-RS"
518829;2023-04-24;"segunda-feira";"08:30:00";"RN";304;295;"MACAIBA";"Condutor deixou de manter distância do veículo da frente";"Engavetamento";"Com Vítimas Feridas";"Pleno dia";"Crescente";"Céu Claro";"Simples";"Reta;Declive";"Não";15;0;2;0;13;0;2;6;-5,867143;-35,366928;"SPRF-RN";"DEL01-RN";"UOP02-DEL01-RN"
518830;2023-04-24;"segunda-feira";"07:19:00";"SP";381;90;"GUARULHOS";"Ausência de reação do condutor";"Tombamento";"Com Vítimas Feridas";"Pleno dia";"Crescente";"Céu Claro";"Dupla";"Reta";"Não";1;0;1;0;0;0;1;1;-23,49479479;-46,55959864;"SPRF-SP";"DEL03-SP";"UOP01-DEL03-SP"
518831;2023-04-24;"segunda-feira";"06:00:00";"PR";277;597,4;"CASCAVEL";"Velocidade Incompatível";"Saída de leito carroçável";"Com Vítimas Fatais";"Amanhecer";"Decrescente";"Céu Claro";"Dupla";"Retorno Regulamentado;Reta";"Não";2;1;1;0;0;0;1;1;-24,99513602;-53,51418998;"SPRF-PR";"DEL04-PR";"UOP01-DEL04-PR"
518832;2023-04-24;"segunda-feira";"07:45:00";"RS";386;412,9;"MONTENEGRO";"Acessar a via sem observar a presença dos outros veículos";"Colisão transversal";"Com Vítimas Feridas";"Pleno dia";"Crescente";"Céu Claro";"Dupla";"Reta";"Sim";2;0;1;0;1;0;1;2;-29,81443384;-51,49298429;"SPRF-RS";"DEL01-RS";"UOP01-DEL01-RS"
518833;2023-04-24;"segunda-feira";"08:00:00";"ES";101;154,7;"LINHARES";"Condutor deixou de manter distância do veículo da frente";"Colisão traseira";"Com Vítimas Feridas";"Plena Noite";"Decrescente";"Céu Claro";"Simples";"Reta";"Não";3;0;2;0;1;0;2;2;-19,43087618;-40,08393774;"SPRF-ES";"DEL04-ES";"UOP01-DEL04-ES"
518834;2023-04-24;"segunda-feira";"07:15:00";"GO";153;513,7;"APARECIDA DE GOIANIA";"Desrespeitar a preferência no cruzamento";"Colisão transversal";"Com Vítimas Feridas";"Pleno dia";"Crescente";"Céu Claro";"Dupla";"Interseção de Vias";"Sim";2;0;2;0;0;0;2;2;-16,8244;-49,2421;"SPRF-GO";"DEL01-GO";"UOP03-DEL01-GO"
518835;2023-04-24;"segunda-feira";"05:50:00";"RJ";40;108;"DUQUE DE CAXIAS";"Pista Escorregadia";"Queda de ocupante de veículo";"Com Vítimas Feridas";"Pleno dia";"Decrescente";"Céu Claro";"Dupla";"Curva";"Não";2;0;1;0;1;0;1;1;-22,66476979;-43,28495144;"SPRF-RJ";"DEL01-RJ";"UOP01-DEL01-RJ"
518837;2023-04-24;"segunda-feira";"07:30:00";"RJ";116;183;"NOVA IGUACU";"Condutor Dormindo";"Capotamento";"Com Vítimas Feridas";"Pleno dia";"Crescente";"Céu Claro";"Dupla";"Reta";"Sim";1;0;1;0;0;0;1;1;-22,7516014;-43,43849831;"SPRF-RJ";"DEL01-RJ";"UOP02-DEL01-RJ"
518839;2023-04-24;"segunda-feira";"06:00:00";"RO";435;21;"VILHENA";"Condutor Dormindo";"Saída de leito carroçável";"Com Vítimas Feridas";"Amanhecer";"Decrescente";"Céu Claro";"Simples";"Reta";"Não";1;0;1;0;0;0;1;1;-12,76406915;-60,30326493;"SPRF-RO";"DEL04-RO";"UOP02-DEL04-RO"
518840;2023-04-24;"segunda-feira";"07:45:00";"MT";163;832,5;"SINOP";"Ausência de reação do condutor";"Colisão lateral mesmo sentido";"Com Vítimas Feridas";"Pleno dia";"Decrescente";"Céu Claro";"Simples";"Reta";"Sim";2;0;0;1;1;0;1;2;-11,884009;-55,501126;"SPRF-MT";"DEL06-MT";"UOP02-DEL06-MT"
518841;2023-04-24;"segunda-feira";"07:00:00";"PB";101;99;"CONDE";"Chuva";"Saída de leito carroçável";"Sem Vítimas";"Pleno dia";"Decrescente";"Nublado";"Dupla";"Reta";"Não";1;0;0;0;0;1;0;1;-7,2557332;-34,93469152;"SPRF-PB";"DEL01-PB";"UOP02-DEL01-PB"
518842;2023-04-24;"segunda-feira";"05:30:00";"PE";232;390,4;"SERRA TALHADA";"Ausência de reação do condutor";"Colisão com objeto";"Com Vítimas Feridas";"Amanhecer";"Decrescente";"Céu Claro";"Simples";"Ponte;Declive";"Sim";1;0;0;1;0;0;1;1;-8,03127188;-38,13857399;"SPRF-PE";"DEL04-PE";"UOP01-DEL04-PE"
518843;2023-04-24;"segunda-feira";"08:00:00";"SP";116;219;"GUARULHOS";"Trafegar com motocicleta (ou similar) entre as faixas";"Colisão traseira";"Com Vítimas Feridas";"Pleno dia";"Crescente";"Céu Claro";"Múltipla";"Reta";"Sim";2;0;1;0;1;0;1;2;-23,46143954;-46,48885316;"SPRF-SP";"DEL01-SP";"UOP01-DEL01-SP"
518844;2023-04-24;"segunda-feira";"07:50:00";"PR";376;2;"MANDAGUARI";"Acessar a via sem observar a presença dos outros veículos";"Colisão transversal";"Com Vítimas Feridas";"Pleno dia";"Crescente";"Céu Claro";"Simples";"Reta";"Não";2;0;1;0;1;0;1;2;-23,547966;-51,671265;"SPRF-PR";"DEL09-PR";"UOP01-DEL09-PR"
518845;2023-04-24;"segunda-feira";"07:45:00";"MG";40;482,1;"SETE LAGOAS";"Reação tardia ou ineficiente do condutor";"Saída de leito carroçável";"Com Vítimas Feridas";"Pleno dia";"Decrescente";"Nublado";"Dupla";"Declive;Reta";"Não";1;0;1;0;0;0;1;1;-19,55911383;-44,24017469;"SPRF-MG";"DEL02-MG";"UOP01-DEL02-MG"
518846;2023-03-01;"quarta-feira";"12:15:00";"PE";423;95;"GARANHUNS";"Ausência de reação do condutor";"Colisão traseira";"Com Vítimas Feridas";"Pleno dia";"Crescente";"Sol";"Simples";"Reta";"Sim";2;0;1;0;0;1;1;2;-8,87891989;-36,47796305;"SPRF-PE";"DEL03-PE";"UOP01-DEL03-PE"
518849;2023-04-24;"segunda-feira";"09:00:00";"RS";116;144;"CAXIAS DO SUL";"Reação tardia ou ineficiente do condutor";"Tombamento";"Com Vítimas Feridas";"Pleno dia";"Crescente";"Céu Claro";"Dupla";"Curva";"Sim";2;0;1;0;0;1;1;2;-29,1267449;-51,12768983;"SPRF-RS";"DEL05-RS";"UOP01-DEL05-RS"
518852;2023-04-24;"segunda-feira";"08:30:00";"ES";262;166,9;"IBATIBA";"Transitar na contramão";"Saída de leito carroçável";"Com Vítimas Feridas";"Pleno dia";"Crescente";"Céu Claro";"Simples";"Reta;Aclive";"Não";2;0;1;0;1;0;1;1;-20,24911466;-41,55151398;"SPRF-ES";"DEL01-ES";"UOP02-DEL01-ES"
518853;2023-04-02;"domingo";"11:26:00";"PE";101;85;"JABOATAO DOS GUARARAPES";"Acessar a via sem observar a presença dos outros veículos";"Colisão transversal";"Com Vítimas Feridas";"Pleno dia";"Crescente";"Céu Claro";"Simples";"Reta";"Sim";4;0;0;1;3;0;1;3;-8,18065563;-34,95965322;"SPRF-PE";"DEL01-PE";"UOP01-DEL01-PE"
518854;2023-04-24;"segunda-feira";"08:30:00";"RJ";101;484;"ANGRA DOS REIS";"Condutor deixou de manter distância do veículo da frente";"Colisão traseira";"Com Vítimas Feridas";"Pleno dia";"Crescente";"Céu Claro";"Simples";"Reta";"Sim";2;0;1;0;1;0;1;2;-22,99096308;-44,30429882;"SPRF-RJ";"DEL03-RJ";"UOP03-DEL03-RJ"
518856;2023-04-24;"segunda-feira";"08:56:00";"RJ";356;147;"CAMPOS DOS GOYTACAZES";"Acessar a via sem observar a presença dos outros veículos";"Colisão traseira";"Com Vítimas Feridas";"Pleno dia";"Crescente";"Céu Claro";"Simples";"Reta";"Sim";2;0;1;0;1;0;1;2;-21,77770351;-41,28888488;"SPRF-RJ";"DEL08-RJ";"UOP02-DEL08-RJ"
518857;2023-04-24;"segunda-feira";"09:55:00";"RS";116;256;"ESTEIO";"Reação tardia ou ineficiente do condutor";"Colisão traseira";"Com Vítimas Feridas";"Pleno dia";"Decrescente";"Céu Claro";"Múltipla";"Curva";"Sim";3;0;1;0;2;0;1;3;-29,84393699;-51,17728603;"SPRF-RS";"DEL01-RS";"UOP02-DEL01-RS"
518858;2023-04-24;"segunda-feira";"01:20:00";"SC";282;443;"PONTE SERRADA";"Velocidade Incompatível";"Colisão com objeto";"Sem Vítimas";"Plena Noite";"Crescente";"Ignorado";"Simples";"Curva;Aclive";"Não";1;0;0;0;0;1;0;1;-26,917578;-51,890999;"SPRF-SC";"DEL07-SC";"UOP04-DEL07-SC"
518861;2023-04-24;"segunda-feira";"10:00:00";"PA";230;120;"MARABA";"Manobra de mudança de faixa";"Colisão lateral mesmo sentido";"Com Vítimas Feridas";"Pleno dia";"Crescente";"Céu Claro";"Dupla";"Reta";"Sim";2;0;1;0;1;0;1;2;-5,35917;-49,123092;"SPRF-PA";"DEL03-PA";"UOP01-DEL03-PA"
518862;2023-04-24;"segunda-feira";"09:40:00";"PB";101;113;"PEDRAS DE FOGO";"Reação tardia ou ineficiente do condutor";"Saída de leito carroçável";"Sem Vítimas";"Pleno dia";"Decrescente";"Chuva";"Dupla";"Retorno Regulamentado;Declive;Curva";"Não";1;0;0;0;1;0;0;1;-7,38380031;-34,95702624;"SPRF-PB";"DEL01-PB";"UOP02-DEL01-PB"
518863;2023-04-24;"segunda-feira";"07:50:00";"MG";40;524;"CONTAGEM";"Área urbana sem a presença de local apropriado para a travessia de pedestres";"Atropelamento de Pedestre";"Com Vítimas Feridas";"Pleno dia";"Crescente";"Céu Claro";"Dupla";"Reta";"Sim";2;0;1;0;1;0;1;2;-19,8754469;-44,05345586;"SPRF-MG";"DEL01-MG";"UOP02-DEL01-MG"
518865;2023-04-24;"segunda-feira";"07:00:00";"RS";293;4,1;"PELOTAS";"Ausência de reação do condutor";"Colisão transversal";"Com Vítimas Feridas";"Amanhecer";"Decrescente";"Céu Claro";"Simples";"Interseção de Vias";"Não";2;0;1;0;1;0;1;2;-31,73357732;-52,37275615;"SPRF-RS";"DEL07-RS";"UOP01-DEL07-RS"
518867;2023-04-24;"segunda-feira";"10:15:00";"RS";158;437,5;"ROSARIO DO SUL";"Demais falhas mecânicas ou elétricas";"Incêndio";"Sem Vítimas";"Pleno dia";"Decrescente";"Céu Claro";"Simples";"Reta";"Não";1;0;0;0;1;0;0;1;-30,17116039;-54,69287772;"SPRF-RS";"DEL11-RS";"UOP02-DEL11-RS"
518868;2023-04-24;"segunda-feira";"11:15:00";"RN";101;84;"SAO GONCALO DO AMARANTE";"Acessar a via sem observar a presença dos outros veículos";"Colisão lateral mesmo sentido";"Com Vítimas Feridas";"Pleno dia";"Crescente";"Céu Claro";"Dupla";"Interseção de Vias";"Sim";5;0;1;0;2;2;1;3;-5,77537331;-35,2549392;"SPRF-RN";"DEL02-RN";"UOP01-DEL02-RN"
518869;2023-04-24;"segunda-feira";"08:00:00";"MG";40;511,7;"RIBEIRAO DAS NEVES";"Acessar a via sem observar a presença dos outros veículos";"Colisão transversal";"Com Vítimas Feridas";"Pleno dia";"Crescente";"Céu Claro";"Dupla";"Curva;Declive";"Sim";4;0;2;0;2;0;2;2;-19,78164295;-44,11733194;"SPRF-MG";"DEL01-MG";"UOP02-DEL01-MG"
518870;2023-04-24;"segunda-feira";"10:13:00";"PE";101;78,6;"JABOATAO DOS GUARARAPES";"Acumulo de água sobre o pavimento";"Tombamento";"Com Vítimas Feridas";"Pleno dia";"Decrescente";"Chuva";"Dupla";"Curva";"Sim";2;0;1;0;1;0;1;2;-8,14202;-34,946465;"SPRF-PE";"DEL01-PE";"UOP01-DEL01-PE"
518871;2023-04-24;"segunda-feira";"10:00:00";"PE";232;9,1;"JABOATAO DOS GUARARAPES";"Trafegar com motocicleta (ou similar) entre as faixas";"Colisão lateral mesmo sentido";"Com Vítimas Feridas";"Pleno dia";"Crescente";"Céu Claro";"Dupla";"Declive;Reta";"Sim";2;0;1;0;1;0;1;2;-8,077976;-34,980665;"SPRF-PE";"DEL01-PE";"UOP01-DEL01-PE"
518872;2023-04-24;"segunda-feira";"10:30:00";"CE";222;4,8;"CAUCAIA";"Condutor deixou de manter distância do veículo da frente";"Colisão traseira";"Com Vítimas Feridas";"Pleno dia";"Decrescente";"Sol";"Múltipla";"Interseção de Vias";"Sim";2;0;1;0;1;0;1;2;-3,74164754;-38,60449792;"SPRF-CE";"DEL01-CE";"UOP01-DEL01-CE"