"id";"data_inversa";"dia_semana";"horario";"uf";"br";"km";"municipio";"causa_acidente";"tipo_acidente";"classificacao_acidente";"fase_dia";"sentido_via";"condicao_metereologica";"tipo_pista";"tracado_via";"uso_solo";"pessoas";"mortos";"feridos_leves";"feridos_graves";"ilesos";"ignorados";"feridos";"veiculos";"latitude";"longitude";"regional";"delegacia";"uop"
518875;2023-04-24;"segunda-feira";"11:55:00";"PB";230;156,2;"CAMPINA GRANDE";"Animais na Pista";"Atropelamento de Animal";"Com Vítimas Feridas";"Pleno dia";"Crescente";"Nublado";"Simples";"Reta";"Sim";1;0;1;0;0;0;1;1;-7,268747;-35,914335;"SPRF-PB";"DEL02-PB";"UOP01-DEL02-PB"
518879;2023-04-24;"segunda-feira";"12:30:00";"MG";381;482;"BETIM";"Trafegar com motocicleta (ou similar) entre as faixas";"Colisão lateral mesmo sentido";"Com Vítimas Feridas";"Pleno dia";"Crescente";"Céu Claro";"Dupla";"Declive;Curva";"Não";4;0;2;0;2;0;2;3;-19,955532;-44,097209;"SPRF-MG";"DEL01-MG";"UOP03-DEL01-MG"
518880;2023-04-24;"segunda-feira";"12:30:00";"RS";116;517;"PELOTAS";"Desrespeitar a preferência no cruzamento";"Colisão transversal";"Com Vítimas Feridas";"Pleno dia";"Crescente";"Sol";"Simples";"Viaduto";"Sim";2;0;1;0;1;0;1;2;-31,67908686;-52,34256731;"SPRF-RS";"DEL07-RS";"UOP01-DEL07-RS"
518881;2023-04-24;"segunda-feira";"09:00:00";"GO";153;565;"PROFESSOR JAMIL";"Mal súbito do condutor";"Colisão com objeto";"Com Vítimas Feridas";"Pleno dia";"Decrescente";"Céu Claro";"Dupla";"Reta;Declive;Viaduto";"Sim";2;0;2;0;0;0;2;1;-17,2566;-49,2418;"SPRF-GO";"DEL03-GO";"UOP01-DEL03-GO"
518882;2023-04-24;"segunda-feira";"10:30:00";"CE";222;71,6;"SAO GONCALO DO AMARANTE";"Reação tardia ou ineficiente do condutor";"Colisão lateral mesmo sentido";"Com Vítimas Feridas";"Pleno dia";"Crescente";"Céu Claro";"Simples";"Reta;Em Obras";"Não";4;0;1;1;2;0;2;2;-3,670939;-39,18876;"SPRF-CE";"DEL01-CE";"UOP03-DEL01-CE"
518883;2023-04-01;"sábado";"04:15:00";"ES";262;98;"VENDA NOVA DO IMIGRANTE";"Demais falhas mecânicas ou elétricas";"Incêndio";"Sem Vítimas";"Pleno dia";"Decrescente";"Céu Claro";"Simples";"Reta";"Não";1;0;0;0;1;0;0;1;-20,35623595;-41,08499497;"SPRF-ES";"DEL01-ES";"UOP02-DEL01-ES"
518885;2023-04-24;"segunda-feira";"12:45:00";"RS";386;429;"NOVA SANTA RITA";"Conversão proibida";"Colisão transversal";"Com Vítimas Feridas";"Pleno dia";"Decrescente";"Céu Claro";"Simples";"Viaduto";"Não";2;0;1;0;1;0;1;2;-29,826061;-51,332359;"SPRF-RS";"DEL01-RS";"UOP01-DEL01-RS"
518886;2023-04-24;"segunda-feira";"10:40:00";"PR";116;188,8;"CAMPO DO TENENTE";"Avarias e/ou desgaste excessivo no pneu";"Saída de leito carroçável";"Com Vítimas Feridas";"Pleno dia";"Crescente";"Céu Claro";"Simples";"Curva;Declive";"Não";1;0;1;0;0;0;1;1;-25,939325;-49,6380209;"SPRF-PR";"DEL01-PR";"UOP03-DEL01-PR"
518887;2023-04-09;"domingo";"13:30:00";"AL";424;93,3;"SATUBA";"Demais falhas mecânicas ou elétricas";"Incêndio";"Sem Vítimas";"Pleno dia";"Crescente";"Céu Claro";"Simples";"Reta";"Não";1;0;0;0;1;0;0;1;-9,59677301;-35,87859208;"SPRF-AL";"DEL02-AL";"UOP01-DEL02-AL"
518888;2023-04-24;"segunda-feira";"13:00:00";"BA";324;621;"SALVADOR";"Condutor deixou de manter distância do veículo da frente";"Colisão traseira";"Com Vítimas Feridas";"Pleno dia";"Decrescente";"Céu Claro";"Múltipla";"Reta";"Sim";5;0;5;0;0;0;5;3;-12,91233708;-38,45956983;"SPRF-BA";"DEL01-BA";"UOP01-DEL01-BA"
518892;2023-04-24;"segunda-feira";"12:00:00";"BA";324;619;"SIMOES FILHO";"Demais falhas na via";"Colisão traseira";"Com Vítimas Feridas";"Pleno dia";"Decrescente";"Chuva";"Múltipla";"Reta";"Não";4;0;1;0;3;0;1;2;-12,89820999;-38,45012202;"SPRF-BA";"DEL01-BA";"UOP01-DEL01-BA"
518894;2023-04-24;"segunda-feira";"11:00:00";"PA";316;39;"SANTA IZABEL DO PARA";"Reação tardia ou ineficiente do condutor";"Queda de ocupante de veículo";"Com Vítimas Feridas";"Pleno dia";"Decrescente";"Céu Claro";"Dupla";"Reta";"Não";2;0;1;1;0;0;2;1;-1,28141702;-48,131196;"SPRF-PA";"DEL01-PA";"UOP01-DEL01-PA"
518895;2023-04-24;"segunda-feira";"12:53:00";"DF";80;21;"BRASILIA";"Acessar a via sem observar a presença dos outros veículos";"Colisão lateral mesmo sentido";"Com Vítimas Feridas";"Pleno dia";"Crescente";"Céu Claro";"Dupla";"Reta;Retorno Regulamentado";"Sim";4;0;1;1;2;0;2;2;-15,658299;-48,20282;"SPRF-DF";"DEL03-DF";"UOP02-DEL03-DF"
518897;2023-04-24;"segunda-feira";"12:00:00";"BA";101;209;"GOVERNADOR MANGABEIRA";"Acessar a via sem observar a presença dos outros veículos";"Colisão transversal";"Com Vítimas Feridas";"Pleno dia";"Crescente";"Sol";"Simples";"Reta";"Sim";2;0;1;0;1;0;1;2;-12,60184921;-39,051193;"SPRF-BA";"DEL01-BA";"UOP02-DEL01-BA"
518898;2023-04-01;"sábado";"17:50:00";"RJ";116;176;"SAO JOAO DE MERITI";"Reação tardia ou ineficiente do condutor";"Queda de ocupante de veículo";"Com Vítimas Feridas";"Pleno dia";"Decrescente";"Céu Claro";"Dupla";"Reta";"Sim";2;0;0;1;1;0;1;1;-22,7839538;-43,38195488;"SPRF-RJ";"DEL01-RJ";"UOP02-DEL01-RJ"
518901;2023-04-24;"segunda-feira";"11:00:00";"SC";101;138;"BALNEARIO CAMBORIU";"Ausência de reação do condutor";"Engavetamento";"Com Vítimas Feridas";"Pleno dia";"Crescente";"Garoa/Chuvisco";"Dupla";"Curva";"Sim";3;0;1;0;2;0;1;3;-27,02397426;-48,60761649;"SPRF-SC";"DEL04-SC";"UOP03-DEL04-SC"
518903;2023-04-24;"segunda-feira";"13:30:00";"MG";365;614;"UBERLANDIA";"Acesso irregular";"Colisão transversal";"Com Vítimas Feridas";"Pleno dia";"Crescente";"Céu Claro";"Simples";"Reta";"Sim";3;0;0;1;2;0;1;2;-18,884602;-48,26594;"SPRF-MG";"DEL15-MG";"UOP01-DEL15-MG"
518905;2023-04-24;"segunda-feira";"12:30:00";"PR";277;99,7;"CURITIBA";"Pedestre cruzava a pista fora da faixa";"Atropelamento de Pedestre";"Com Vítimas Feridas";"Pleno dia";"Decrescente";"Céu Claro";"Dupla";"Reta";"Não";2;0;1;0;1;0;1;2;-25,53375211;-49,31824405;"SPRF-PR";"DEL01-PR";"UOP06-DEL01-PR"
518906;2023-04-24;"segunda-feira";"14:10:00";"RS";386;429;"NOVA SANTA RITA";"Condutor deixou de manter distância do veículo da frente";"Colisão traseira";"Sem Vítimas";"Pleno dia";"Decrescente";"Céu Claro";"Dupla";"Reta;Desvio Temporário";"Não";2;0;0;0;2;0;0;2;-29,82890618;-51,33063555;"SPRF-RS";"DEL01-RS";"UOP01-DEL01-RS"
518909;2023-04-24;"segunda-feira";"11:50:00";"RJ";101;305;"SAO GONCALO";"Ultrapassagem Indevida";"Colisão lateral mesmo sentido";"Com Vítimas Feridas";"Pleno dia";"Decrescente";"Céu Claro";"Simples";"Reta";"Sim";3;0;2;0;1;0;2;2;-22,78702832;-42,99589293;"SPRF-RJ";"DEL02-RJ";"UOP02-DEL02-RJ"
518910;2023-04-24;"segunda-feira";"14:15:00";"MG";262;415,2;"IGARATINGA";"Manobra de mudança de faixa";"Saída de leito carroçável";"Com Vítimas Feridas";"Pleno dia";"Crescente";"Sol";"Dupla";"Reta";"Não";1;0;1;0;0;0;1;1;-19,90748652;-44,67151073;"SPRF-MG";"DEL08-MG";"UOP03-DEL08-MG"
518912;2023-04-24;"segunda-feira";"14:00:00";"SC";101;35,7;"JOINVILLE";"Manobra de mudança de faixa";"Queda de ocupante de veículo";"Com Vítimas Feridas";"Pleno dia";"Decrescente";"Céu Claro";"Dupla";"Reta";"Não";2;0;0;2;0;0;2;1;-26,2411301;-48,91227415;"SPRF-SC";"DEL03-SC";"UOP01-DEL03-SC"
518915;2023-01-23;"segunda-feira";"10:30:00";"MG";267;60,8;"BICAS";"Ausência de reação do condutor";"Tombamento";"Com Vítimas Feridas";"Pleno dia";"Decrescente";"Sol";"Simples";"Curva";"Sim";1;0;0;1;0;0;1;1;-21,72932823;-43,05146694;"SPRF-MG";"DEL05-MG";"UOP01-DEL05-MG"
518917;2023-04-24;"segunda-feira";"12:30:00";"MT";70;722;"CACERES";"Chuva";"Saída de leito carroçável";"Sem Vítimas";"Pleno dia";"Decrescente";"Garoa/Chuvisco";"Simples";"Reta";"Não";2;0;0;0;2;0;0;1;-16,19562422;-57,5850471;"SPRF-MT";"DEL03-MT";"UOP01-DEL03-MT"
518918;2023-04-24;"segunda-feira";"14:30:00";"SP";381;88;"GUARULHOS";"Ausência de reação do condutor";"Colisão traseira";"Com Vítimas Feridas";"Pleno dia";"Crescente";"Céu Claro";"Múltipla";"Reta";"Sim";2;0;0;1;1;0;1;2;-23,47469314;-46,56112919;"SPRF-SP";"DEL03-SP";"UOP01-DEL03-SP"
518919;2023-04-24;"segunda-feira";"14:30:00";"MG";40;738,5;"SANTOS DUMONT";"Reação tardia ou ineficiente do condutor";"Saída de leito carroçável";"Com Vítimas Feridas";"Pleno dia";"Crescente";"Céu Claro";"Dupla";"Declive;Curva";"Não";1;0;1;0;0;0;1;1;-21,394039;-43,56680295;"SPRF-MG";"DEL05-MG";"UOP01-DEL05-MG"
518921;2023-02-23;"quinta-feira";"10:25:00";"MG";40;510,5;"RIBEIRAO DAS NEVES";"Demais falhas mecânicas ou elétricas";"Incêndio";"Sem Vítimas";"Pleno dia";"Decrescente";"Céu Claro";"Dupla";"Reta";"Não";1;0;0;0;1;0;0;1;-19,77463885;-44,12321882;"SPRF-MG";"DEL01-MG";"UOP02-DEL01-MG"
518922;2023-04-24;"segunda-feira";"15:35:00";"RS";116;0;"PORTO ALEGRE";"Manobra de mudança de faixa";"Colisão lateral mesmo sentido";"Com Vítimas Feridas";"Pleno dia";"Decrescente";"Céu Claro";"Dupla";"Curva";"Sim";2;0;1;0;1;0;1;2;-29,97268943;-51,17667298;"SPRF-RS";"DEL01-RS";"UOP01-DEL01-RS"
518923;2023-04-24;"segunda-feira";"14:50:00";"AL";104;28;"UNIAO DOS PALMARES";"Pista Escorregadia";"Queda de ocupante de veículo";"Com Vítimas Feridas";"Pleno dia";"Crescente";"Chuva";"Simples";"Curva";"Não";2;0;2;0;0;0;2;1;-9,11313518;-36,04665024;"SPRF-AL";"DEL01-AL";"UOP02-DEL01-AL"
518924;2023-04-24;"segunda-feira";"14:00:00";"BA";324;533;"CONCEICAO DO JACUIPE";"Entrada inopinada do pedestre";"Atropelamento de Pedestre";"Com Vítimas Feridas";"Pleno dia";"Decrescente";"Céu Claro";"Dupla";"Reta";"Não";2;0;1;0;0;1;1;2;-12,36469382;-38,81907463;"SPRF-BA";"DEL01-BA";"UOP03-DEL01-BA"
518925;2023-04-24;"segunda-feira";"15:23:00";"PE";101;43,3;"IGARASSU";"Acumulo de areia ou detritos sobre o pavimento";"Tombamento";"Com Vítimas Feridas";"Pleno dia";"Decrescente";"Céu Claro";"Múltipla";"Reta";"Sim";1;0;0;1;0;0;1;1;-7,84753808;-34,90977038;"SPRF-PE";"DEL01-PE";"UOP02-DEL01-PE"
518927;2023-04-24;"segunda-feira";"15:10:00";"MS";163;128,9;"NAVIRAI";"Reação tardia ou ineficiente do condutor";"Tombamento";"Com Vítimas Feridas";"Pleno dia";"Crescente";"Nublado";"Simples";"Aclive;Reta";"Não";2;0;1;0;1;0;1;2;-23,0506352;-54,24358312;"SPRF-MS";"DEL09-MS";"UOP01-DEL09-MS"
518930;2023-01-10;"terça-feira";"14:00:00";"PR";163;259;"TOLEDO";"Condutor Dormindo";"Saída de leito carroçável";"Com Vítimas Feridas";"Pleno dia";"Crescente";"Sol";"Dupla";"Reta";"Não";3;0;3;0;0;0;3;1;-24,66605672;-53,81069279;"SPRF-PR";"DEL06-PR";"UOP02-DEL06-PR"
518934;2023-04-24;"segunda-feira";"15:50:00";"MS";262;240;"RIBAS DO RIO PARDO";"Acessar a via sem observar a presença dos outros veículos";"Colisão transversal";"Com Vítimas Feridas";"Pleno dia";"Crescente";"Garoa/Chuvisco";"Simples";"Reta";"Sim";2;0;0;1;1;0;1;2;-20,45766622;-53,76551998;"SPRF-MS";"DEL01-MS";"UOP01-DEL01-MS"
518938;2023-04-24;"segunda-feira";"11:55:00";"MS";60;465;"DOIS IRMAOS DO BURITI";"Ausência de reação do condutor";"Saída de leito carroçável";"Com Vítimas Feridas";"Pleno dia";"Crescente";"Céu Claro";"Simples";"Curva";"Não";1;0;1;0;0;0;1;1;-21,00055393;-55,27686806;"SPRF-MS";"DEL01-MS";"UOP04-DEL01-MS"
518940;2023-03-23;"quinta-feira";"16:25:00";"PR";376;168;"MARINGA";"Pista esburacada";"Tombamento";"Com Vítimas Feridas";"Pleno dia";"Crescente";"Ignorado";"Dupla";"Declive";"Não";2;0;1;1;0;0;2;1;-23,3953111;-52,00721741;"SPRF-PR";"DEL09-PR";"UOP01-DEL09-PR"
518944;2023-04-24;"segunda-feira";"17:30:00";"GO";70;9;"AGUAS LINDAS DE GOIAS";"Condutor deixou de manter distância do veículo da frente";"Engavetamento";"Com Vítimas Feridas";"Anoitecer";"Crescente";"Céu Claro";"Múltipla";"Reta";"Sim";3;0;1;0;2;0;1;2;-15,73576731;-48,28288046;"SPRF-DF";"DEL03-DF";"UOP02-DEL03-DF"
518945;2023-04-24;"segunda-feira";"17:30:00";"RN";304;306;"PARNAMIRIM";"Entrada inopinada do pedestre";"Atropelamento de Pedestre";"Com Vítimas Feridas";"Anoitecer";"Decrescente";"Céu Claro";"Dupla";"Reta;Declive";"Não";3;0;1;0;2;0;1;2;-5,89012265;-35,26352022;"SPRF-RN";"DEL01-RN";"UOP02-DEL01-RN"
518946;2023-04-24;"segunda-feira";"16:10:00";"MT";70;282;"PRIMAVERA DO LESTE";"Frear bruscamente";"Colisão traseira";"Com Vítimas Feridas";"Pleno dia";"Decrescente";"Céu Claro";"Simples";"Reta";"Não";2;0;1;0;1;0;1;2;-15,57124297;-54,31324402;"SPRF-MT";"DEL05-MT";"UOP01-DEL05-MT"
518950;2023-04-24;"segunda-feira";"17:55:00";"RS";116;231;"IVOTI";"Acessar a via sem observar a presença dos outros veículos";"Colisão transversal";"Com Vítimas Feridas";"Plena Noite";"Decrescente";"Céu Claro";"Dupla";"Reta;Retorno Regulamentado";"Sim";2;0;1;0;1;0;1;2;-29,62743221;-51,13858608;"SPRF-RS";"DEL01-RS";"UOP02-DEL01-RS"
518951;2023-04-24;"segunda-feira";"16:20:00";"PI";343;340;"TERESINA";"Acessar a via sem observar a presença dos outros veículos";"Colisão frontal";"Com Vítimas Feridas";"Pleno dia";"Decrescente";"Céu Claro";"Dupla";"Interseção de Vias";"Não";2;0;1;0;1;0;1;2;-5,074137;-42,73629;"SPRF-PI";"DEL01-PI";"UOP01-DEL01-PI"
518952;2023-04-24;"segunda-feira";"18:00:00";"PE";101;72,1;"RECIFE";"Animais na Pista";"Queda de ocupante de veículo";"Com Vítimas Feridas";"Plena Noite";"Crescente";"Céu Claro";"Dupla";"Reta";"Sim";1;0;1;0;0;0;1;1;-8,08493106;-34,9450639;"SPRF-PE";"DEL01-PE";"UOP01-DEL01-PE"
518953;2023-04-24;"segunda-feira";"18:00:00";"PR";376;516;"PONTA GROSSA";"Reação tardia ou ineficiente do condutor";"Saída de leito carroçável";"Com Vítimas Feridas";"Plena Noite";"Decrescente";"Céu Claro";"Dupla";"Curva";"Não";1;0;1;0;0;0;1;1;-25,26959897;-49,94568598;"SPRF-PR";"DEL03-PR";"UOP04-DEL03-PR"
518954;2023-04-24;"segunda-feira";"16:30:00";"PR";277;46;"MORRETES";"Demais falhas mecânicas ou elétricas";"Incêndio";"Sem Vítimas";"Pleno dia";"Crescente";"Nublado";"Dupla";"Curva";"Não";2;0;0;0;2;0;0;1;-25,58170589;-48,87791023;"SPRF-PR";"DEL01-PR";"UOP01-DEL01-PR"
518957;2023-02-23;"quinta-feira";"14:10:00";"SC";116;282,5;"CAPAO ALTO";"Avarias e/ou desgaste excessivo no pneu";"Saída de leito carroçável";"Com Vítimas Feridas";"Pleno dia";"Crescente";"Chuva";"Simples";"Curva;Aclive";"Não";1;0;1;0;0;0;1;1;-28,05640401;-50,56866393;"SPRF-SC";"DEL05-SC";"UOP02-DEL05-SC"
518958;2023-04-24;"segunda-feira";"18:30:00";"RJ";101;65;"CAMPOS DOS GOYTACAZES";"Ausência de reação do condutor";"Colisão transversal";"Com Vítimas Feridas";"Anoitecer";"Crescente";"Céu Claro";"Simples";"Reta";"Não";4;0;2;0;2;0;2;2;-21,75371806;-41,344292;"SPRF-RJ";"DEL08-RJ";"UOP02-DEL08-RJ"
518959;2023-04-24;"segunda-feira";"18:15:00";"ES";101;128;"SOORETAMA";"Reação tardia ou ineficiente do condutor";"Tombamento";"Com Vítimas Feridas";"Plena Noite";"Decrescente";"Nublado";"Dupla";"Reta";"Sim";1;0;0;1;0;0;1;1;-19,21191395;-40,09457556;"SPRF-ES";"DEL04-ES";"UOP01-DEL04-ES"
518961;2023-04-24;"segunda-feira";"18:00:00";"RN";304;27,7;"MOSSORO";"Condutor deixou de manter distância do veículo da frente";"Colisão lateral sentido oposto";"Sem Vítimas";"Anoitecer";"Crescente";"Chuva";"Simples";"Reta";"Não";3;0;0;0;3;0;0;3;-5,09052292;-37,33524441;"SPRF-RN";"DEL04-RN";"UOP02-DEL04-RN"
518963;2023-04-24;"segunda-feira";"17:50:00";"RN";101;108;"PARNAMIRIM";"Animais na Pista";"Colisão traseira";"Com Vítimas Feridas";"Plena Noite";"Crescente";"Céu Claro";"Dupla";"Reta";"Sim";4;0;1;0;3;0;1;2;-5,92825102;-35,26465683;"SPRF-RN";"DEL01-RN";"UOP01-DEL01-RN"
518964;2023-04-24;"segunda-feira";"17:40:00";"PE";101;150;"RIBEIRAO";"Acessar a via sem observar a presença dos outros veículos";"Colisão transversal";"Com Vítimas Feridas";"Anoitecer";"Crescente";"Nublado";"Simples";"Reta";"Sim";3;0;1;1;1;0;2;2;-8,49669957;-35,38211017;"SPRF-PE";"DEL01-PE";"UOP03-DEL01-PE"
518965;2023-04-24;"segunda-feira";"18:45:00";"GO";60;101;"ANAPOLIS";"Reação tardia ou ineficiente do condutor";"Saída de leito carroçável";"Com Vítimas Feridas";"Plena Noite";"Crescente";"Céu Claro";"Dupla";"Retorno Regulamentado";"Não";2;0;2;0;0;0;2;1;-16,4022;-48,9745;"SPRF-GO";"DEL02-GO";"UOP01-DEL02-GO"
518968;2023-04-24;"segunda-feira";"18:15:00";"ES";101;66,4;"SAO MATEUS";"Acessar a via sem observar a presença dos outros veículos";"Colisão lateral mesmo sentido";"Com Vítimas Feridas";"Plena Noite";"Decrescente";"Nublado";"Múltipla";"Curva;Retorno Regulamentado";"Sim";2;0;1;0;1;0;1;2;-18,7165195;-39,87436378;"SPRF-ES";"DEL04-ES";"UOP02-DEL04-ES"
518969;2023-04-24;"segunda-feira";"19:20:00";"MA";135;2;"SAO LUIS";"Demais falhas na via";"Queda de ocupante de veículo";"Com Vítimas Feridas";"Plena Noite";"Decrescente";"Nublado";"Dupla";"Reta";"Sim";1;0;0;1;0;0;1;1;-2,66493979;-44,30271149;"SPRF-MA";"DEL01-MA";"UOP01-DEL01-MA"
518970;2023-04-24;"segunda-feira";"17:48:00";"MA";135;21;"SAO LUIS";"Ausência de reação do condutor";"Colisão traseira";"Sem Vítimas";"Anoitecer";"Decrescente";"Céu Claro";"Dupla";"Reta";"Sim";2;0;0;0;2;0;0;2;-2,53073;-44,3068;"SPRF-MA";"DEL01-MA";"UOP01-DEL01-MA"
518971;2023-04-24;"segunda-feira";"18:15:00";"MS";163;485,9;"CAMPO GRANDE";"Reação tardia ou ineficiente do condutor";"Colisão traseira";"Com Vítimas Feridas";"Plena Noite";"Decrescente";"Nublado";"Simples";"Reta";"Não";2;0;1;0;1;0;1;2;-20,44233707;-54,54201834;"SPRF-MS";"DEL01-MS";"UOP02-DEL01-MS"
518972;2023-04-24;"segunda-feira";"18:25:00";"SC";470;125,9;"LONTRAS";"Carga excessiva e/ou mal acondicionada";"Queda de ocupante de veículo";"Com Vítimas Feridas";"Plena Noite";"Crescente";"Nublado";"Simples";"Reta";"Não";1;0;0;1;0;0;1;1;-27,120506;-49,534946;"SPRF-SC";"DEL04-SC";"UOP02-DEL04-SC"
518973;2023-04-24;"segunda-feira";"19:20:00";"PR";369;85;"CORNELIO PROCOPIO";"Desrespeitar a preferência no cruzamento";"Colisão transversal";"Com Vítimas Feridas";"Plena Noite";"Decrescente";"Céu Claro";"Simples";"Interseção de Vias";"Sim";4;0;2;1;1;0;3;2;-23,17351432;-50,61995745;"SPRF-PR";"DEL07-PR";"UOP05-DEL07-PR"
518974;2023-04-24;"segunda-feira";"17:20:00";"RS";285;297;"PASSO FUNDO";"Acessar a via sem observar a presença dos outros veículos";"Colisão transversal";"Com Vítimas Feridas";"Anoitecer";"Decrescente";"Céu Claro";"Simples";"Rotatória";"Sim";3;0;1;1;1;0;2;2;-28,23586211;-52,41845554;"SPRF-RS";"DEL08-RS";"UOP03-DEL08-RS"
518975;2023-04-24;"segunda-feira";"18:41:00";"DF";20;6;"BRASILIA";"Condutor deixou de manter distância do veículo da frente";"Colisão transversal";"Com Vítimas Feridas";"Plena Noite";"Crescente";"Céu Claro";"Dupla";"Interseção de Vias";"Sim";2;0;1;0;1;0;1;2;-15,665888;-47,808308;"SPRF-DF";"DEL02-DF";"UOP01-DEL02-DF"
518976;2023-04-24;"segunda-feira";"19:00:00";"SC";101;332,6;"TUBARAO";"Acessar a via sem observar a presença dos outros veículos";"Colisão transversal";"Com Vítimas Feridas";"Plena Noite";"Decrescente";"Céu Claro";"Simples";"Interseção de Vias";"Não";3;0;2;0;1;0;2;2;-28,46016431;-48,98968873;"SPRF-SC";"DEL02-SC";"UOP01-DEL02-SC"
518977;2023-04-24;"segunda-feira";"17:30:00";"SC";282;461;"PONTE SERRADA";"Entrada inopinada do pedestre";"Atropelamento de Pedestre";"Com Vítimas Feridas";"Pleno dia";"Decrescente";"Céu Claro";"Simples";"Reta";"Sim";3;0;1;1;1;0;2;2;-26,856403;-52,041328;"SPRF-SC";"DEL07-SC";"UOP04-DEL07-SC"
518980;2023-04-24;"segunda-feira";"17:35:00";"AC";364;133;"RIO BRANCO";"Acessar a via sem observar a presença dos outros veículos";"Colisão transversal";"Com Vítimas Feridas";"Anoitecer";"Decrescente";"Nublado";"Dupla";"Interseção de Vias";"Sim";2;0;2;0;0;0;2;2;-10,002488;-67,84954;"SPRF-AC";"DEL01-AC";"UOP01-DEL01-AC"
518981;2023-04-24;"segunda-feira";"18:10:00";"RS";285;296,1;"PASSO FUNDO";"Acessar a via sem observar a presença dos outros veículos";"Colisão transversal";"Com Vítimas Feridas";"Anoitecer";"Decrescente";"Céu Claro";"Simples";"Retorno Regulamentado;Em Obras";"Sim";4;0;2;0;2;0;2;2;-28,23238;-52,4039;"SPRF-RS";"DEL08-RS";"UOP03-DEL08-RS"
518982;2023-04-24;"segunda-feira";"20:30:00";"SC";101;117;"ITAJAI";"Acessar a via sem observar a presença dos outros veículos";"Colisão lateral mesmo sentido";"Com Vítimas Feridas";"Plena Noite";"Decrescente";"Céu Claro";"Múltipla";"Interseção de Vias;Rotatória";"Sim";2;0;1;0;0;1;1;2;-26,88961711;-48,72110367;"SPRF-SC";"DEL04-SC";"UOP04-DEL04-SC"
518985;2023-04-24;"segunda-feira";"18:16:00";"GO";50;98,8;"IPAMERI";"Conversão proibida";"Colisão frontal";"Com Vítimas Feridas";"Anoitecer";"Crescente";"Céu Claro";"Simples";"Reta";"Sim";2;0;1;0;1;0;1;2;-16,9309;-47,7117;"SPRF-DF";"DEL01-DF";"UOP02-DEL01-DF"
518986;2023-04-24;"segunda-feira";"20:50:00";"SP";116;270,4;"TABOAO DA SERRA";"Manobra de mudança de faixa";"Colisão lateral mesmo sentido";"Com Vítimas Feridas";"Plena Noite";"Crescente";"Céu Claro";"Múltipla";"Reta";"Sim";2;0;1;0;1;0;1;2;-23,61799728;-46,79677694;"SPRF-SP";"DEL04-SP";"UOP01-DEL04-SP"
518987;2023-04-24;"segunda-feira";"20:20:00";"PR";373;178,6;"PONTA GROSSA";"Reação tardia ou ineficiente do condutor";"Colisão traseira";"Com Vítimas Feridas";"Plena Noite";"Crescente";"Céu Claro";"Simples";"Curva";"Não";2;0;2;0;0;0;2;1;-25,04281018;-50,23950211;"SPRF-PR";"DEL03-PR";"UOP01-DEL03-PR"
518990;2023-04-24;"segunda-feira";"19:10:00";"RJ";493;63;"DUQUE DE CAXIAS";"Reação tardia ou ineficiente do condutor";"Colisão com objeto";"Com Vítimas Feridas";"Plena Noite";"Decrescente";"Céu Claro";"Múltipla";"Reta";"Não";5;0;4;0;1;0;4;1;-22,672089;-43,285053;"SPRF-RJ";"DEL01-RJ";"UOP03-DEL01-RJ"
518992;2023-04-24;"segunda-feira";"22:05:00";"SE";235;4,8;"ARACAJU";"Iluminação deficiente";"Colisão com objeto";"Com Vítimas Feridas";"Plena Noite";"Decrescente";"Céu Claro";"Dupla";"Declive";"Sim";1;0;0;1;0;0;1;1;-10,9064;-37,1197;"SPRF-SE";"DEL01-SE";"UOP01-DEL01-SE"
518993;2023-04-24;"segunda-feira";"21:20:00";"MA";10;135;"ESTREITO";"Ausência de reação do condutor";"Colisão traseira";"Com Vítimas Feridas";"Plena Noite";"Decrescente";"Céu Claro";"Simples";"Reta";"Não";2;0;0;1;0;1;1;2;-6,531162;-47,401581;"SPRF-MA";"DEL04-MA";"UOP02-DEL04-MA"
518996;2023-04-24;"segunda-feira";"22:05:00";"RJ";101;476;"ANGRA DOS REIS";"Ausência de reação do condutor";"Saída de leito carroçável";"Com Vítimas Feridas";"Plena Noite";"Crescente";"Céu Claro";"Simples";"Curva";"Não";1;0;1;0;0;0;1;1;-23,0055431;-44,26195833;"SPRF-RJ";"DEL03-RJ";"UOP03-DEL03-RJ"
518998;2023-04-24;"segunda-feira";"12:50:00";"SC";101;122;"ITAJAI";"Ausência de reação do condutor";"Queda de ocupante de veículo";"Com Vítimas Feridas";"Pleno dia";"Crescente";"Céu Claro";"Dupla";"Viaduto";"Sim";1;0;1;0;0;0;1;1;-26,92955916;-48,70499836;"SPRF-SC";"DEL04-SC";"UOP04-DEL04-SC"
518999;2023-04-24;"segunda-feira";"20:00:00";"MA";316;309,8;"OLHO DAGUA DAS CUNHAS";"Pista esburacada";"Queda de ocupante de veículo";"Com Vítimas Feridas";"Plena Noite";"Decrescente";"Céu Claro";"Simples";"Reta";"Não";1;0;0;1;0;0;1;1;-3,987685;-45,125047;"SPRF-MA";"DEL02-MA";"UOP01-DEL02-MA"