"id";"data_inversa";"dia_semana";"horario";"uf";"br";"km";"municipio";"causa_acidente";"tipo_acidente";"classificacao_acidente";"fase_dia";"sentido_via";"condicao_metereologica";"tipo_pista";"tracado_via";"uso_solo";"pessoas";"mortos";"feridos_leves";"feridos_graves";"ilesos";"ignorados";"feridos";"veiculos";"latitude";"longitude";"regional";"delegacia";"uop"
519000;2023-04-24;"segunda-feira";"22:40:00";"MG";381;434;"SABARA";"Pedestre andava na pista";"Atropelamento de Pedestre";"Com Vítimas Fatais";"Plena Noite";"Decrescente";"Céu Claro";"Simples";"Reta;Aclive";"Não";3;1;0;0;1;1;0;2;-19,80043184;-43,75031407;"SPRF-MG";"DEL01-MG";"UOP01-DEL01-MG"
519001;2023-04-24;"segunda-feira";"21:35:00";"AC";364;138,7;"RIO BRANCO";"Acessar a via sem observar a presença dos outros veículos";"Colisão transversal";"Com Vítimas Feridas";"Plena Noite";"Crescente";"Céu Claro";"Dupla";"Reta";"Sim";2;0;0;2;0;0;2;2;-9,95522651;-67,85958951;"SPRF-AC";"DEL01-AC";"UOP01-DEL01-AC"
519002;2023-04-24;"segunda-feira";"22:30:00";"PR";476;347,5;"UNIAO DA VITORIA";"Demais falhas mecânicas ou elétricas";"Incêndio";"Sem Vítimas";"Plena Noite";"Crescente";"Céu Claro";"Simples";"Reta";"Não";1;0;0;0;0;1;0;1;-26,179869;-50,950886;"SPRF-PR";"DEL02-PR";"UOP03-DEL02-PR"
519004;2023-04-24;"segunda-feira";"22:30:00";"SE";101;93;"NOSSA SENHORA DO SOCORRO";"Iluminação deficiente";"Atropelamento de Pedestre";"Com Vítimas Fatais";"Plena Noite";"Crescente";"Céu Claro";"Dupla";"Reta";"Sim";2;1;0;0;0;1;0;2;-10,90212319;-37,14494787;"SPRF-SE";"DEL01-SE";"UOP01-DEL01-SE"
519005;2023-04-24;"segunda-feira";"23:36:00";"PB";230;16;"JOAO PESSOA";"Ausência de reação do condutor";"Saída de leito carroçável";"Sem Vítimas";"Plena Noite";"Crescente";"Céu Claro";"Dupla";"Reta";"Sim";1;0;0;0;0;1;0;1;-7,1039;-34,8458;"SPRF-PB";"DEL01-PB";"UOP01-DEL01-PB"
519008;2023-04-24;"segunda-feira";"23:40:00";"MA";10;343,5;"ACAILANDIA";"Acessar a via sem observar a presença dos outros veículos";"Colisão frontal";"Com Vítimas Fatais";"Plena Noite";"Decrescente";"Céu Claro";"Simples";"Reta";"Não";7;1;2;3;1;0;5;2;-4,75423;-47,491013;"SPRF-MA";"DEL04-MA";"UOP03-DEL04-MA"
519009;2023-02-11;"sábado";"22:00:00";"RN";101;95;"NATAL";"Manobra de mudança de faixa";"Queda de ocupante de veículo";"Com Vítimas Feridas";"Plena Noite";"Crescente";"Céu Claro";"Dupla";"Reta";"Sim";3;0;1;0;2;0;1;2;-5,84076841;-35,21035949;"SPRF-RN";"DEL01-RN";"UOP01-DEL01-RN"
519012;2023-04-25;"terça-feira";"02:25:00";"RJ";116;194;"QUEIMADOS";"Pedestre cruzava a pista fora da faixa";"Atropelamento de Pedestre";"Com Vítimas Feridas";"Plena Noite";"Decrescente";"Céu Claro";"Dupla";"Curva";"Não";2;0;1;0;0;1;1;2;-22,73720128;-43,53844285;"SPRF-RJ";"DEL01-RJ";"UOP02-DEL01-RJ"
519013;2023-04-25;"terça-feira";"02:30:00";"PR";153;162;"VENTANIA";"Ausência de reação do condutor";"Saída de leito carroçável";"Com Vítimas Feridas";"Plena Noite";"Decrescente";"Céu Claro";"Simples";"Curva;Rotatória";"Não";2;0;2;0;0;0;2;1;-24,2397248;-50,23583219;"SPRF-PR";"DEL03-PR";"UOP02-DEL03-PR"
519014;2023-04-25;"terça-feira";"04:25:00";"RS";116;238;"NOVO HAMBURGO";"Velocidade Incompatível";"Colisão com objeto";"Sem Vítimas";"Plena Noite";"Crescente";"Nublado";"Dupla";"Reta";"Sim";1;0;0;0;0;1;0;1;-29,68739789;-51,14197352;"SPRF-RS";"DEL01-RS";"UOP02-DEL01-RS"
519015;2023-04-25;"terça-feira";"06:00:00";"PR";376;144,4;"PRESIDENTE CASTELO BRANCO";"Condutor deixou de manter distância do veículo da frente";"Colisão traseira";"Com Vítimas Feridas";"Amanhecer";"Crescente";"Nublado";"Dupla";"Reta";"Não";3;0;1;0;2;0;1;2;-23,27306305;-52,15760929;"SPRF-PR";"DEL09-PR";"UOP02-DEL09-PR"
519016;2023-04-25;"terça-feira";"05:30:00";"PR";116;126;"FAZENDA RIO GRANDE";"Condutor deixou de manter distância do veículo da frente";"Colisão traseira";"Com Vítimas Feridas";"Amanhecer";"Decrescente";"Céu Claro";"Dupla";"Reta";"Sim";3;0;1;0;2;0;1;3;-25,60389895;-49,31824423;"SPRF-PR";"DEL01-PR";"UOP03-DEL01-PR"
519017;2023-04-24;"segunda-feira";"21:40:00";"BA";116;725,2;"BOA NOVA";"Reação tardia ou ineficiente do condutor";"Colisão com objeto";"Com Vítimas Feridas";"Plena Noite";"Decrescente";"Nublado";"Simples";"Reta;Ponte";"Não";1;0;0;1;0;0;1;1;-14,23744;-40,28195201;"SPRF-BA";"DEL08-BA";"UOP02-DEL08-BA"
519018;2023-04-25;"terça-feira";"06:13:00";"SC";101;330,2;"TUBARAO";"Condutor Dormindo";"Saída de leito carroçável";"Com Vítimas Feridas";"Pleno dia";"Decrescente";"Céu Claro";"Dupla";"Reta";"Não";15;0;10;1;4;0;11;1;-28,457235;-48,983597;"SPRF-SC";"DEL02-SC";"UOP01-DEL02-SC"
519021;2023-04-25;"terça-feira";"06:20:00";"PR";277;662,6;"MATELANDIA";"Condutor Dormindo";"Saída de leito carroçável";"Com Vítimas Feridas";"Amanhecer";"Crescente";"Céu Claro";"Dupla";"Reta";"Não";2;0;1;1;0;0;2;1;-25,25121745;-54,00913508;"SPRF-PR";"DEL05-PR";"UOP02-DEL05-PR"
519022;2023-04-25;"terça-feira";"06:15:00";"SP";116;5;"GUARULHOS";"Acessar a via sem observar a presença dos outros veículos";"Colisão lateral mesmo sentido";"Com Vítimas Feridas";"Amanhecer";"Crescente";"Nublado";"Dupla";"Curva";"Sim";2;0;1;0;1;0;1;2;-23,43211035;-46,492998;"SPRF-SP";"DEL01-SP";"UOP01-DEL01-SP"
519024;2023-04-23;"domingo";"14:30:00";"BA";101;462;"URUCUCA";"Velocidade Incompatível";"Saída de leito carroçável";"Com Vítimas Feridas";"Pleno dia";"Crescente";"Chuva";"Simples";"Reta";"Não";1;0;1;0;0;0;1;1;-14,45666;-39,32049;"SPRF-BA";"DEL05-BA";"UOP01-DEL05-BA"
519025;2023-04-25;"terça-feira";"06:45:00";"ES";101;290,5;"CARIACICA";"Condutor deixou de manter distância do veículo da frente";"Colisão traseira";"Com Vítimas Feridas";"Pleno dia";"Decrescente";"Nublado";"Dupla";"Reta";"Sim";3;0;1;0;1;1;1;3;-20,29381785;-40,39290905;"SPRF-ES";"DEL01-ES";"UOP01-DEL01-ES"
519027;2023-04-25;"terça-feira";"07:30:00";"SE";235;62,8;"ITABAIANA";"Reação tardia ou ineficiente do condutor";"Queda de ocupante de veículo";"Com Vítimas Feridas";"Pleno dia";"Crescente";"Chuva";"Simples";"Reta";"Não";2;0;1;0;0;1;1;1;-10,60886135;-37,47722769;"SPRF-SE";"DEL01-SE";"UOP02-DEL01-SE"
519028;2023-04-25;"terça-feira";"07:17:00";"TO";153;141;"ARAGUAINA";"Ausência de sinalização";"Atropelamento de Pedestre";"Com Vítimas Feridas";"Pleno dia";"Crescente";"Céu Claro";"Dupla";"Reta";"Sim";2;0;0;1;0;1;1;2;-7,175959;-48,219548;"SPRF-TO";"DEL02-TO";"UOP01-DEL02-TO"
519029;2023-04-25;"terça-feira";"07:00:00";"SP";116;226;"GUARULHOS";"Ausência de reação do condutor";"Engavetamento";"Com Vítimas Feridas";"Pleno dia";"Crescente";"Céu Claro";"Dupla";"Reta";"Sim";3;0;1;0;1;1;1;3;-23,49102507;-46,54878195;"SPRF-SP";"DEL01-SP";"UOP01-DEL01-SP"
519031;2023-04-25;"terça-feira";"07:45:00";"MG";40;568;"NOVA LIMA";"Acesso irregular";"Colisão lateral mesmo sentido";"Com Vítimas Feridas";"Pleno dia";"Decrescente";"Céu Claro";"Dupla";"Declive;Reta";"Não";2;0;1;0;1;0;1;2;-20,19509609;-43,97360482;"SPRF-MG";"DEL01-MG";"UOP02-DEL01-MG"
519032;2023-04-25;"terça-feira";"06:40:00";"PI";316;3,3;"TERESINA";"Condutor deixou de manter distância do veículo da frente";"Colisão traseira";"Sem Vítimas";"Pleno dia";"Decrescente";"Céu Claro";"Múltipla";"Reta";"Sim";2;0;0;0;2;0;0;2;-5,12826443;-42,79292384;"SPRF-PI";"DEL01-PI";"UOP02-DEL01-PI"
519033;2023-04-25;"terça-feira";"07:30:00";"RN";304;27;"MOSSORO";"Condutor deixou de manter distância do veículo da frente";"Colisão traseira";"Sem Vítimas";"Pleno dia";"Decrescente";"Céu Claro";"Simples";"Reta;Em Obras";"Não";2;0;0;0;2;0;0;2;-5,09052292;-37,33524441;"SPRF-RN";"DEL04-RN";"UOP02-DEL04-RN"
519035;2023-04-25;"terça-feira";"07:30:00";"RS";116;245;"SAO LEOPOLDO";"Desrespeitar a preferência no cruzamento";"Colisão transversal";"Com Vítimas Feridas";"Pleno dia";"Crescente";"Céu Claro";"Dupla";"Rotatória";"Sim";1;0;1;0;0;0;1;1;-29,74980902;-51,15125361;"SPRF-RS";"DEL01-RS";"UOP02-DEL01-RS"
519036;2023-04-25;"terça-feira";"07:10:00";"SP";381;83;"SAO PAULO";"Ausência de reação do condutor";"Colisão lateral mesmo sentido";"Com Vítimas Feridas";"Pleno dia";"Crescente";"Céu Claro";"Múltipla";"Reta";"Sim";2;0;1;0;1;0;1;2;-23,4309671;-46,56998022;"SPRF-SP";"DEL03-SP";"UOP01-DEL03-SP"
519037;2023-04-25;"terça-feira";"07:30:00";"MG";381;760;"TRES CORACOES";"Ausência de reação do condutor";"Colisão traseira";"Com Vítimas Feridas";"Pleno dia";"Decrescente";"Céu Claro";"Dupla";"Curva";"Não";2;0;1;0;1;0;1;2;-21,72400978;-45,38147537;"SPRF-MG";"DEL16-MG";"UOP02-DEL16-MG"
519038;2023-04-25;"terça-feira";"07:36:00";"PE";101;70;"RECIFE";"Animais na Pista";"Atropelamento de Animal";"Com Vítimas Feridas";"Pleno dia";"Crescente";"Céu Claro";"Dupla";"Reta";"Não";2;0;2;0;0;0;2;1;-8,06776119;-34,94265074;"SPRF-PE";"DEL01-PE";"UOP01-DEL01-PE"
519039;2023-04-25;"terça-feira";"06:50:00";"GO";60;29;"ALEXANIA";"Demais falhas mecânicas ou elétricas";"Queda de ocupante de veículo";"Com Vítimas Feridas";"Pleno dia";"Decrescente";"Céu Claro";"Dupla";"Reta";"Não";2;0;2;0;0;0;2;1;-16,0963;-48,5202;"SPRF-DF";"DEL03-DF";"UOP01-DEL03-DF"
519041;2023-04-25;"terça-feira";"08:20:00";"SP";101;46,1;"UBATUBA";"Ausência de reação do condutor";"Tombamento";"Com Vítimas Feridas";"Pleno dia";"Crescente";"Céu Claro";"Simples";"Reta";"Não";2;0;2;0;0;0;2;1;-23,42403383;-45,07492113;"SPRF-SP";"DEL06-SP";"UOP01-DEL06-SP"
519042;2023-04-25;"terça-feira";"07:20:00";"MG";153;201,7;"FRUTAL";"Ausência de reação do condutor";"Saída de leito carroçável";"Com Vítimas Feridas";"Pleno dia";"Decrescente";"Sol";"Simples";"Reta";"Não";1;0;0;1;0;0;1;1;-20,00053221;-49,04153585;"SPRF-MG";"DEL13-MG";"UOP02-DEL13-MG"
519044;2023-04-25;"terça-feira";"07:00:00";"RO";364;227;"CACOAL";"Demais falhas mecânicas ou elétricas";"Colisão com objeto";"Com Vítimas Feridas";"Pleno dia";"Decrescente";"Céu Claro";"Simples";"Reta";"Sim";2;0;0;2;0;0;2;1;-11,497231;-61,37363;"SPRF-RO";"DEL02-RO";"UOP02-DEL02-RO"
519046;2023-04-25;"terça-feira";"07:15:00";"SC";280;143,6;"MAFRA";"Acessar a via sem observar a presença dos outros veículos";"Colisão transversal";"Com Vítimas Feridas";"Pleno dia";"Crescente";"Céu Claro";"Simples";"Curva";"Não";2;0;0;1;1;0;1;2;-26,24541406;-49,63661103;"SPRF-SC";"DEL06-SC";"UOP03-DEL06-SC"
519049;2023-04-20;"quinta-feira";"09:55:00";"PB";101;84;"BAYEUX";"Reação tardia ou ineficiente do condutor";"Colisão traseira";"Com Vítimas Feridas";"Pleno dia";"Decrescente";"Céu Claro";"Dupla";"Reta";"Sim";2;0;0;1;1;0;1;2;-7,13957906;-34,92312806;"SPRF-PB";"DEL01-PB";"UOP01-DEL01-PB"
519050;2023-04-25;"terça-feira";"08:43:00";"RN";304;294;"MACAIBA";"Semáforo com defeito";"Queda de ocupante de veículo";"Com Vítimas Feridas";"Pleno dia";"Crescente";"Chuva";"Múltipla";"Interseção de Vias";"Não";2;0;1;0;1;0;1;2;-5,86726977;-35,36713102;"SPRF-RN";"DEL01-RN";"UOP02-DEL01-RN"
519051;2023-04-05;"quarta-feira";"19:30:00";"PR";376;97;"PARANAVAI";"Reação tardia ou ineficiente do condutor";"Colisão lateral sentido oposto";"Sem Vítimas";"Plena Noite";"Decrescente";"Céu Claro";"Simples";"Curva";"Não";4;0;0;0;2;2;0;3;-23,01892218;-52,50280209;"SPRF-PR";"DEL09-PR";"UOP02-DEL09-PR"
519052;2023-04-25;"terça-feira";"07:30:00";"MT";163;830;"SINOP";"Reação tardia ou ineficiente do condutor";"Colisão traseira";"Com Vítimas Feridas";"Pleno dia";"Crescente";"Céu Claro";"Simples";"Reta";"Sim";3;0;1;1;1;0;2;2;-11,905813;-55,506803;"SPRF-MT";"DEL06-MT";"UOP02-DEL06-MT"
519053;2023-04-25;"terça-feira";"07:00:00";"SE";101;87;"NOSSA SENHORA DO SOCORRO";"Chuva";"Atropelamento de Pedestre";"Com Vítimas Feridas";"Pleno dia";"Crescente";"Chuva";"Dupla";"Declive";"Não";2;0;0;1;0;1;1;2;-10,86174498;-37,13526579;"SPRF-SE";"DEL01-SE";"UOP01-DEL01-SE"
519054;2023-04-25;"terça-feira";"07:30:00";"MT";364;240;"JUSCIMEIRA";"Avarias e/ou desgaste excessivo no pneu";"Capotamento";"Com Vítimas Feridas";"Pleno dia";"Crescente";"Céu Claro";"Dupla";"Reta;Aclive";"Não";2;0;2;0;0;0;2;1;-16,17914141;-54,78905337;"SPRF-MT";"DEL02-MT";"UOP01-DEL02-MT"
519056;2023-04-25;"terça-feira";"09:07:00";"PI";343;2,4;"TERESINA";"Condutor deixou de manter distância do veículo da frente";"Colisão traseira";"Com Vítimas Feridas";"Pleno dia";"Crescente";"Céu Claro";"Dupla";"Reta";"Sim";3;0;1;0;2;0;1;2;-5,089569;-42,802288;"SPRF-PI";"DEL01-PI";"UOP01-DEL01-PI"
519058;2023-02-15;"quarta-feira";"15:19:00";"DF";251;58;"BRASILIA";"Ausência de reação do condutor";"Colisão com objeto";"Com Vítimas Feridas";"Pleno dia";"Crescente";"Céu Claro";"Simples";"Ponte";"Não";1;0;1;0;0;0;1;1;-15,948113;-47,845235;"SPRF-DF";"DEL01-DF";"UOP01-DEL01-DF"
519059;2023-04-25;"terça-feira";"09:15:00";"MG";146;433,5;"GUAXUPE";"Condutor Dormindo";"Saída de leito carroçável";"Com Vítimas Feridas";"Pleno dia";"Crescente";"Céu Claro";"Simples";"Aclive;Reta";"Não";1;0;1;0;0;0;1;1;-21,30493;-46,625347;"SPRF-MG";"DEL09-MG";"UOP01-DEL09-MG"
519063;2023-04-25;"terça-feira";"08:00:00";"SP";381;90;"SAO PAULO";"Acessar a via sem observar a presença dos outros veículos";"Colisão transversal";"Com Vítimas Feridas";"Pleno dia";"Crescente";"Céu Claro";"Simples";"Curva";"Sim";3;0;1;1;1;0;2;3;-23,49479479;-46,55959864;"SPRF-SP";"DEL03-SP";"UOP01-DEL03-SP"
519065;2023-04-25;"terça-feira";"09:50:00";"SC";101;118;"ITAJAI";"Manobra de mudança de faixa";"Colisão traseira";"Com Vítimas Feridas";"Pleno dia";"Crescente";"Nublado";"Dupla";"Reta";"Não";2;0;1;0;1;0;1;2;-26,895859;-48,71903;"SPRF-SC";"DEL04-SC";"UOP04-DEL04-SC"
519066;2023-04-25;"terça-feira";"07:45:00";"SC";470;54;"BLUMENAU";"Pedestre cruzava a pista fora da faixa";"Atropelamento de Pedestre";"Com Vítimas Feridas";"Pleno dia";"Decrescente";"Nublado";"Simples";"Interseção de Vias";"Não";2;0;1;0;1;0;1;2;-26,871065;-49,110374;"SPRF-SC";"DEL04-SC";"UOP01-DEL04-SC"
519071;2023-04-05;"quarta-feira";"20:00:00";"MG";381;606;"OLIVEIRA";"Velocidade Incompatível";"Tombamento";"Sem Vítimas";"Plena Noite";"Decrescente";"Céu Claro";"Simples";"Curva";"Não";3;0;0;0;3;0;0;2;-20,67638406;-44,73850226;"SPRF-MG";"DEL04-MG";"UOP01-DEL04-MG"
519072;2023-04-25;"terça-feira";"10:10:00";"SP";116;432;"REGISTRO";"Ausência de reação do condutor";"Colisão traseira";"Com Vítimas Feridas";"Pleno dia";"Decrescente";"Céu Claro";"Dupla";"Reta";"Não";2;0;1;0;1;0;1;2;-24,416593;-47,76187;"SPRF-SP";"DEL05-SP";"UOP01-DEL05-SP"
519073;2023-04-17;"segunda-feira";"17:20:00";"PR";277;80;"CURITIBA";"Velocidade Incompatível";"Colisão traseira";"Com Vítimas Feridas";"Pleno dia";"Crescente";"Ignorado";"Dupla";"Reta";"Não";2;0;1;0;0;1;1;2;-25,568939;-49,181978;"SPRF-PR";"DEL01-PR";"UOP01-DEL01-PR"
519074;2023-04-25;"terça-feira";"10:10:00";"MG";116;522,7;"CARATINGA";"Acessar a via sem observar a presença dos outros veículos";"Colisão transversal";"Com Vítimas Feridas";"Pleno dia";"Decrescente";"Céu Claro";"Simples";"Rotatória";"Sim";2;0;1;0;1;0;1;2;-19,74300101;-42,13231969;"SPRF-MG";"DEL06-MG";"UOP02-DEL06-MG"
519075;2023-04-25;"terça-feira";"10:05:00";"SP";101;49,5;"UBATUBA";"Acessar a via sem observar a presença dos outros veículos";"Colisão lateral mesmo sentido";"Com Vítimas Feridas";"Pleno dia";"Decrescente";"Sol";"Simples";"Curva;Interseção de Vias";"Sim";2;0;1;0;1;0;1;2;-23,44410908;-45,08375708;"SPRF-SP";"DEL06-SP";"UOP01-DEL06-SP"
519077;2023-04-25;"terça-feira";"09:40:00";"AL";104;39;"UNIAO DOS PALMARES";"Acessar a via sem observar a presença dos outros veículos";"Colisão transversal";"Com Vítimas Feridas";"Pleno dia";"Crescente";"Céu Claro";"Simples";"Reta";"Não";3;0;2;0;1;0;2;2;-9,19029401;-36,03691216;"SPRF-AL";"DEL01-AL";"UOP02-DEL01-AL"
519079;2023-04-25;"terça-feira";"10:40:00";"MG";40;482,5;"SETE LAGOAS";"Reação tardia ou ineficiente do condutor";"Tombamento";"Com Vítimas Feridas";"Pleno dia";"Decrescente";"Céu Claro";"Dupla";"Curva;Declive";"Sim";1;0;1;0;0;0;1;1;-19,563304;-44,237823;"SPRF-MG";"DEL02-MG";"UOP01-DEL02-MG"
519081;2023-04-25;"terça-feira";"09:15:00";"RR";401;57;"BONFIM";"Velocidade Incompatível";"Saída de leito carroçável";"Com Vítimas Feridas";"Pleno dia";"Decrescente";"Chuva";"Simples";"Curva";"Não";2;0;2;0;0;0;2;1;3,11119542;-60,33138325;"SPRF-RR";"DEL01-RR";"UOP01-DEL01-RR"
519082;2023-04-25;"terça-feira";"10:00:00";"RO";364;424;"JARU";"Desrespeitar a preferência no cruzamento";"Colisão transversal";"Com Vítimas Feridas";"Pleno dia";"Decrescente";"Nublado";"Múltipla";"Interseção de Vias";"Sim";3;0;1;1;1;0;2;2;-10,44457274;-62,46568412;"SPRF-RO";"DEL03-RO";"UOP02-DEL03-RO"
519083;2023-04-25;"terça-feira";"08:00:00";"RO";364;13,9;"VILHENA";"Velocidade Incompatível";"Engavetamento";"Com Vítimas Feridas";"Pleno dia";"Decrescente";"Céu Claro";"Simples";"Reta";"Não";4;0;1;0;3;0;1;4;-12,74140004;-60,13026401;"SPRF-RO";"DEL04-RO";"UOP01-DEL04-RO"
519084;2023-04-25;"terça-feira";"09:30:00";"RO";174;13,3;"VILHENA";"Ausência de reação do condutor";"Colisão transversal";"Com Vítimas Feridas";"Pleno dia";"Crescente";"Céu Claro";"Simples";"Retorno Regulamentado";"Sim";3;0;1;0;2;0;1;2;-12,74140004;-60,13026401;"SPRF-RO";"DEL04-RO";"UOP01-DEL04-RO"
519085;2023-04-25;"terça-feira";"11:20:00";"PE";101;68;"RECIFE";"Trafegar com motocicleta (ou similar) entre as faixas";"Colisão lateral mesmo sentido";"Com Vítimas Feridas";"Pleno dia";"Crescente";"Céu Claro";"Dupla";"Viaduto";"Sim";2;0;1;0;1;0;1;2;-8,05074296;-34,94580619;"SPRF-PE";"DEL01-PE";"UOP01-DEL01-PE"
519087;2023-04-25;"terça-feira";"10:30:00";"PR";376;630;"SAO JOSE DOS PINHAIS";"Velocidade Incompatível";"Queda de ocupante de veículo";"Com Vítimas Feridas";"Pleno dia";"Crescente";"Céu Claro";"Dupla";"Reta";"Sim";1;0;1;0;0;0;1;1;-25,695757;-49,144882;"SPRF-PR";"DEL01-PR";"UOP04-DEL01-PR"
519088;2023-04-25;"terça-feira";"08:30:00";"PR";153;336;"IRATI";"Acessar a via sem observar a presença dos outros veículos";"Colisão transversal";"Com Vítimas Feridas";"Pleno dia";"Decrescente";"Céu Claro";"Simples";"Reta;Interseção de Vias";"Sim";2;0;1;0;1;0;1;2;-25,49753795;-50,64815515;"SPRF-PR";"DEL08-PR";"UOP02-DEL08-PR"
519089;2023-04-25;"terça-feira";"09:20:00";"DF";20;1;"BRASILIA";"Ausência de reação do condutor";"Colisão lateral mesmo sentido";"Com Vítimas Feridas";"Pleno dia";"Decrescente";"Céu Claro";"Dupla";"Reta";"Não";2;0;1;0;1;0;1;2;-15,685814;-47,849838;"SPRF-DF";"DEL02-DF";"UOP01-DEL02-DF"
519091;2023-04-12;"quarta-feira";"10:30:00";"MS";163;136;"NAVIRAI";"Demais falhas mecânicas ou elétricas";"Eventos atípicos";"Sem Vítimas";"Pleno dia";"Crescente";"Céu Claro";"Simples";"Reta";"Não";1;0;0;0;1;0;0;1;-23,01508539;-54,3097111;"SPRF-MS";"DEL09-MS";"UOP01-DEL09-MS"
519093;2023-04-25;"terça-feira";"12:00:00";"PB";101;83;"BAYEUX";"Condutor deixou de manter distância do veículo da frente";"Colisão traseira";"Com Vítimas Feridas";"Pleno dia";"Crescente";"Nublado";"Dupla";"Reta";"Sim";2;0;1;0;1;0;1;2;-7,1337703;-34,92963914;"SPRF-PB";"DEL01-PB";"UOP01-DEL01-PB"
519095;2023-04-25;"terça-feira";"11:25:00";"ES";101;146;"LINHARES";"Manobra de mudança de faixa";"Colisão lateral mesmo sentido";"Sem Vítimas";"Pleno dia";"Decrescente";"Garoa/Chuvisco";"Múltipla";"Reta";"Sim";2;0;0;0;2;0;0;2;-19,36990998;-40,06560718;"SPRF-ES";"DEL04-ES";"UOP01-DEL04-ES"
519096;2023-04-18;"terça-feira";"19:15:00";"PA";230;14;"ALTAMIRA";"Animais na Pista";"Atropelamento de Animal";"Com Vítimas Feridas";"Plena Noite";"Crescente";"Chuva";"Simples";"Aclive;Reta";"Sim";1;0;0;1;0;0;1;1;-3,21863034;-52,24923849;"SPRF-PA";"DEL04-PA";"UOP01-DEL04-PA"
519097;2023-04-25;"terça-feira";"12:15:00";"SP";116;214;"GUARULHOS";"Acessar a via sem observar a presença dos outros veículos";"Capotamento";"Com Vítimas Feridas";"Pleno dia";"Decrescente";"Céu Claro";"Múltipla";"Reta";"Sim";2;0;1;0;1;0;1;2;-23,44333014;-46,44531294;"SPRF-SP";"DEL01-SP";"UOP01-DEL01-SP"
519099;2023-04-25;"terça-feira";"10:37:00";"RO";364;346;"JI-PARANA";"Reação tardia ou ineficiente do condutor";"Colisão lateral mesmo sentido";"Com Vítimas Feridas";"Pleno dia";"Decrescente";"Céu Claro";"Simples";"Reta";"Sim";2;0;0;1;1;0;1;2;-10,865874;-61,968647;"SPRF-RO";"DEL02-RO";"UOP01-DEL02-RO"
519102;2023-04-25;"terça-feira";"12:00:00";"MG";40;514;"RIBEIRAO DAS NEVES";"Acessar a via sem observar a presença dos outros veículos";"Atropelamento de Pedestre";"Com Vítimas Feridas";"Pleno dia";"Decrescente";"Céu Claro";"Dupla";"Reta";"Sim";2;0;0;1;1;0;1;2;-19,80151928;-44,10000333;"SPRF-MG";"DEL01-MG";"UOP02-DEL01-MG"
519104;2023-04-24;"segunda-feira";"18:30:00";"SC";282;551;"NOVA ITABERABA";"Ausência de reação do condutor";"Saída de leito carroçável";"Sem Vítimas";"Plena Noite";"Crescente";"Céu Claro";"Simples";"Curva;Declive";"Não";1;0;0;0;1;0;0;1;-26,951487;-52,778172;"SPRF-SC";"DEL07-SC";"UOP01-DEL07-SC"
519105;2023-04-25;"terça-feira";"08:00:00";"PE";101;50;"ABREU E LIMA";"Entrada inopinada do pedestre";"Atropelamento de Pedestre";"Com Vítimas Feridas";"Pleno dia";"Decrescente";"Céu Claro";"Múltipla";"Reta";"Sim";2;0;2;0;0;0;2;2;-7,90938602;-34,90123228;"SPRF-PE";"DEL01-PE";"UOP02-DEL01-PE"
519106;2023-03-11;"sábado";"23:30:00";"PA";10;61;"ULIANOPOLIS";"Manobra de mudança de faixa";"Colisão frontal";"Com Vítimas Fatais";"Plena Noite";"Crescente";"Nublado";"Simples";"Reta";"Não";2;1;0;0;0;1;0;2;-3,9140771;-47,53011259;"SPRF-PA";"DEL02-PA";"UOP02-DEL02-PA"
519107;2023-04-25;"terça-feira";"11:22:00";"MG";381;883,7;"ESTIVA";"Falta de elemento de contenção que evite a saída do leito carroçável";"Saída de leito carroçável";"Com Vítimas Feridas";"Pleno dia";"Crescente";"Céu Claro";"Dupla";"Reta";"Não";2;0;2;0;0;0;2;1;-22,53194905;-46,02809392;"SPRF-MG";"DEL16-MG";"UOP03-DEL16-MG"
519108;2023-04-25;"terça-feira";"10:00:00";"CE";20;197,1;"BOA VIAGEM";"Pista esburacada";"Capotamento";"Com Vítimas Feridas";"Pleno dia";"Crescente";"Céu Claro";"Simples";"Declive;Reta";"Não";1;0;1;0;0;0;1;1;-5,17414882;-39,76450526;"SPRF-CE";"DEL02-CE";"UOP02-DEL02-CE"
519109;2023-04-25;"terça-feira";"10:29:00";"SC";101;334;"TUBARAO";"Desrespeitar a preferência no cruzamento";"Colisão transversal";"Com Vítimas Feridas";"Pleno dia";"Decrescente";"Céu Claro";"Simples";"Reta;Interseção de Vias;Rotatória;Viaduto";"Sim";3;0;0;1;2;0;1;2;-28,465975;-48,99542928;"SPRF-SC";"DEL02-SC";"UOP01-DEL02-SC"
519112;2023-04-25;"terça-feira";"13:30:00";"SP";116;214;"GUARULHOS";"Ausência de reação do condutor";"Colisão frontal";"Com Vítimas Feridas";"Pleno dia";"Decrescente";"Céu Claro";"Múltipla";"Reta";"Não";2;0;1;0;1;0;1;2;-23,44333014;-46,44531294;"SPRF-SP";"DEL01-SP";"UOP01-DEL01-SP"
519113;2023-04-20;"quinta-feira";"18:37:00";"GO";40;5,7;"VALPARAISO DE GOIAS";"Condutor deixou de manter distância do veículo da frente";"Colisão traseira";"Com Vítimas Feridas";"Anoitecer";"Decrescente";"Céu Claro";"Dupla";"Reta";"Sim";2;0;1;0;1;0;1;2;-16,093134;-47,982236;"SPRF-DF";"DEL01-DF";"UOP01-DEL01-DF"