"id";"data_inversa";"dia_semana";"horario";"uf";"br";"km";"municipio";"causa_acidente";"tipo_acidente";"classificacao_acidente";"fase_dia";"sentido_via";"condicao_metereologica";"tipo_pista";"tracado_via";"uso_solo";"pessoas";"mortos";"feridos_leves";"feridos_graves";"ilesos";"ignorados";"feridos";"veiculos";"latitude";"longitude";"regional";"delegacia";"uop"
519116;2023-04-25;"terça-feira";"13:50:00";"SP";101;50;"UBATUBA";"Reação tardia ou ineficiente do condutor";"Colisão traseira";"Com Vítimas Feridas";"Pleno dia";"Decrescente";"Céu Claro";"Dupla";"Reta";"Sim";2;0;1;0;1;0;1;2;-23,45018939;-45,07743735;"SPRF-SP";"DEL06-SP";"UOP01-DEL06-SP"
519117;2023-04-25;"terça-feira";"13:20:00";"AL";101;71,4;"MESSIAS";"Demais falhas mecânicas ou elétricas";"Incêndio";"Sem Vítimas";"Pleno dia";"Crescente";"Chuva";"Dupla";"Reta";"Não";6;0;0;0;6;0;0;1;-9,36991109;-35,83150148;"SPRF-AL";"DEL01-AL";"UOP01-DEL01-AL"
519120;2023-04-25;"terça-feira";"13:00:00";"BA";101;584;"CAMACAN";"Acessar a via sem observar a presença dos outros veículos";"Colisão transversal";"Com Vítimas Feridas";"Pleno dia";"Crescente";"Sol";"Simples";"Reta";"Não";4;0;0;1;3;0;1;2;-15,54293903;-39,40860003;"SPRF-BA";"DEL05-BA";"UOP02-DEL05-BA"
519124;2023-04-25;"terça-feira";"10:35:00";"BA";110;343;"ALAGOINHAS";"Acessar a via sem observar a presença dos outros veículos";"Colisão transversal";"Com Vítimas Feridas";"Pleno dia";"Crescente";"Céu Claro";"Simples";"Rotatória";"Não";4;0;3;0;1;0;3;2;-12,24215428;-38,40952438;"SPRF-BA";"DEL01-BA";"UOP04-DEL01-BA"
519126;2023-04-25;"terça-feira";"13:30:00";"CE";222;50,3;"SAO GONCALO DO AMARANTE";"Acumulo de água sobre o pavimento";"Saída de leito carroçável";"Com Vítimas Feridas";"Pleno dia";"Decrescente";"Sol";"Simples";"Reta";"Não";4;0;4;0;0;0;4;1;-3,66780896;-38,99241702;"SPRF-CE";"DEL01-CE";"UOP03-DEL01-CE"
519127;2023-04-25;"terça-feira";"13:30:00";"SP";101;48;"UBATUBA";"Transitar na contramão";"Colisão frontal";"Com Vítimas Feridas";"Pleno dia";"Crescente";"Sol";"Simples";"Interseção de Vias;Reta";"Sim";2;0;1;0;0;1;1;2;-23,43696329;-45,08768768;"SPRF-SP";"DEL06-SP";"UOP01-DEL06-SP"
519130;2023-03-25;"sábado";"08:00:00";"SC";470;77,9;"RODEIO";"Transitar na contramão";"Colisão frontal";"Com Vítimas Fatais";"Pleno dia";"Crescente";"Nublado";"Simples";"Curva";"Não";5;2;0;2;1;0;2;3;-26,9490099;-49,2975402;"SPRF-SC";"DEL04-SC";"UOP01-DEL04-SC"
519132;2023-04-25;"terça-feira";"14:30:00";"PR";369;178;"ARAPONGAS";"Ausência de reação do condutor";"Colisão com objeto";"Com Vítimas Feridas";"Pleno dia";"Decrescente";"Céu Claro";"Dupla";"Reta;Desvio Temporário";"Sim";2;0;1;1;0;0;2;1;-23,361174;-51,399105;"SPRF-PR";"DEL07-PR";"UOP01-DEL07-PR"
519135;2023-02-18;"sábado";"04:15:00";"MG";267;134,6;"JUIZ DE FORA";"Transitar na contramão";"Colisão frontal";"Com Vítimas Fatais";"Plena Noite";"Crescente";"Nublado";"Simples";"Curva";"Não";5;1;0;2;1;1;2;3;-21,83866516;-43,59215945;"SPRF-MG";"DEL05-MG";"UOP01-DEL05-MG"
519137;2023-04-25;"terça-feira";"12:30:00";"CE";116;491,5;"MILAGRES";"Acessar a via sem observar a presença dos outros veículos";"Colisão transversal";"Com Vítimas Feridas";"Pleno dia";"Decrescente";"Céu Claro";"Simples";"Reta;Declive;Interseção de Vias";"Não";2;0;1;0;1;0;1;2;-7,36801025;-38,95096252;"SPRF-CE";"DEL05-CE";"UOP03-DEL05-CE"
519138;2023-04-25;"terça-feira";"04:30:00";"SC";101;214,2;"PALHOCA";"Velocidade Incompatível";"Colisão com objeto";"Sem Vítimas";"Plena Noite";"Decrescente";"Nublado";"Múltipla";"Reta";"Não";1;0;0;0;0;1;0;1;-27,64443;-48,67057;"SPRF-SC";"DEL01-SC";"UOP02-DEL01-SC"
519141;2023-04-25;"terça-feira";"15:30:00";"RS";290;720;"URUGUAIANA";"Demais falhas mecânicas ou elétricas";"Tombamento";"Com Vítimas Feridas";"Pleno dia";"Decrescente";"Céu Claro";"Simples";"Aclive;Reta;Viaduto";"Sim";2;0;1;0;0;1;1;2;-29,766502;-57,058228;"SPRF-RS";"DEL13-RS";"UOP01-DEL13-RS"
519145;2023-04-23;"domingo";"14:52:00";"MG";262;38,9;"MANHUACU";"Reação tardia ou ineficiente do condutor";"Colisão traseira";"Com Vítimas Feridas";"Pleno dia";"Crescente";"Céu Claro";"Simples";"Curva";"Sim";2;0;1;0;1;0;1;2;-20,26305859;-42,03684948;"SPRF-MG";"DEL06-MG";"UOP03-DEL06-MG"
519146;2023-04-25;"terça-feira";"07:00:00";"PA";230;514;"ANAPU";"Manobra de mudança de faixa";"Colisão frontal";"Com Vítimas Fatais";"Pleno dia";"Decrescente";"Céu Claro";"Simples";"Reta;Aclive";"Não";3;1;0;0;2;0;0;2;-3,37364227;-51,31684616;"SPRF-PA";"DEL04-PA";"UOP01-DEL04-PA"
519148;2023-04-25;"terça-feira";"14:30:00";"RS";285;306;"PASSO FUNDO";"Ausência de reação do condutor";"Saída de leito carroçável";"Com Vítimas Feridas";"Pleno dia";"Decrescente";"Céu Claro";"Dupla";"Reta";"Sim";1;0;0;1;0;0;1;1;-28,228838;-52,497044;"SPRF-RS";"DEL08-RS";"UOP03-DEL08-RS"
519150;2023-04-09;"domingo";"19:17:00";"PR";376;182;"MARINGA";"Acessar a via sem observar a presença dos outros veículos";"Colisão transversal";"Com Vítimas Feridas";"Plena Noite";"Decrescente";"Ignorado";"Dupla";"Curva";"Sim";2;0;1;0;1;0;1;2;-23,43130314;-51,88782156;"SPRF-PR";"DEL09-PR";"UOP01-DEL09-PR"
519151;2023-04-25;"terça-feira";"16:10:00";"MG";381;501,1;"BETIM";"Reação tardia ou ineficiente do condutor";"Colisão traseira";"Com Vítimas Feridas";"Pleno dia";"Crescente";"Céu Claro";"Dupla";"Reta";"Sim";2;0;0;1;1;0;1;2;-20,01181081;-44,21949863;"SPRF-MG";"DEL04-MG";"UOP03-DEL04-MG"
519153;2023-04-25;"terça-feira";"15:00:00";"MA";10;320;"ACAILANDIA";"Acessar a via sem observar a presença dos outros veículos";"Colisão transversal";"Com Vítimas Feridas";"Pleno dia";"Crescente";"Céu Claro";"Simples";"Reta";"Sim";2;0;1;0;1;0;1;2;-4,952405;-47,503384;"SPRF-MA";"DEL04-MA";"UOP03-DEL04-MA"
519154;2023-04-04;"terça-feira";"09:30:00";"PR";163;24,6;"BOM JESUS DO SUL";"Ultrapassagem Indevida";"Saída de leito carroçável";"Sem Vítimas";"Pleno dia";"Decrescente";"Céu Claro";"Simples";"Reta";"Não";1;0;0;0;1;0;0;1;-26,182581;-53,662252;"SPRF-PR";"DEL02-PR";"UOP02-DEL02-PR"
519155;2023-04-22;"sábado";"03:00:00";"PA";230;686;"BRASIL NOVO";"Pedestre andava na pista";"Atropelamento de Pedestre";"Com Vítimas Fatais";"Plena Noite";"Decrescente";"Ignorado";"Simples";"Reta";"Não";2;1;0;0;1;0;0;2;-3,28593263;-52,46867207;"SPRF-PA";"DEL04-PA";"UOP01-DEL04-PA"
519157;2023-04-25;"terça-feira";"17:15:00";"TO";153;641,2;"ALIANCA DO TOCANTINS";"Reação tardia ou ineficiente do condutor";"Saída de leito carroçável";"Com Vítimas Feridas";"Pleno dia";"Crescente";"Céu Claro";"Simples";"Aclive";"Não";1;0;0;1;0;0;1;1;-11,45677998;-48,99288911;"SPRF-TO";"DEL01-TO";"UOP02-DEL01-TO"
519159;2023-04-25;"terça-feira";"15:10:00";"PR";376;380;"IMBAU";"Ausência de reação do condutor";"Saída de leito carroçável";"Com Vítimas Feridas";"Pleno dia";"Decrescente";"Céu Claro";"Simples";"Reta";"Não";2;0;0;2;0;0;2;1;-24,45228129;-50,75742473;"SPRF-PR";"DEL03-PR";"UOP02-DEL03-PR"
519160;2023-04-25;"terça-feira";"17:15:00";"DF";20;10;"BRASILIA";"Manobra de mudança de faixa";"Colisão lateral mesmo sentido";"Com Vítimas Feridas";"Anoitecer";"Decrescente";"Céu Claro";"Dupla";"Reta";"Sim";3;0;0;1;2;0;1;2;-15,650243;-47,773872;"SPRF-DF";"DEL02-DF";"UOP01-DEL02-DF"
519163;2023-04-25;"terça-feira";"16:45:00";"SC";470;139,2;"RIO DO SUL";"Condutor deixou de manter distância do veículo da frente";"Colisão traseira";"Com Vítimas Feridas";"Pleno dia";"Crescente";"Sol";"Simples";"Reta";"Sim";2;0;1;0;1;0;1;2;-27,217564;-49,65461;"SPRF-SC";"DEL04-SC";"UOP02-DEL04-SC"
519164;2023-04-25;"terça-feira";"17:45:00";"PR";116;115;"CURITIBA";"Manobra de mudança de faixa";"Colisão lateral mesmo sentido";"Com Vítimas Feridas";"Anoitecer";"Crescente";"Nublado";"Dupla";"Reta;Declive";"Sim";3;0;1;0;0;2;1;3;-25,54598076;-49,30393696;"SPRF-PR";"DEL01-PR";"UOP07-DEL01-PR"
519166;2023-04-25;"terça-feira";"16:00:00";"MT";163;885;"SINOP";"Reação tardia ou ineficiente do condutor";"Saída de leito carroçável";"Com Vítimas Feridas";"Pleno dia";"Crescente";"Nublado";"Simples";"Reta;Aclive";"Não";1;0;1;0;0;0;1;1;-11,55601797;-55,40263804;"SPRF-MT";"DEL06-MT";"UOP02-DEL06-MT"
519167;2023-04-25;"terça-feira";"17:20:00";"MG";116;413,1;"GOVERNADOR VALADARES";"Pedestre andava na pista";"Atropelamento de Pedestre";"Com Vítimas Feridas";"Anoitecer";"Crescente";"Céu Claro";"Dupla";"Reta;Declive";"Sim";2;0;1;1;0;0;2;2;-18,873907;-41,966366;"SPRF-MG";"DEL06-MG";"UOP01-DEL06-MG"
519170;2023-04-25;"terça-feira";"18:20:00";"RS";116;270;"PORTO ALEGRE";"Reação tardia ou ineficiente do condutor";"Colisão lateral mesmo sentido";"Com Vítimas Feridas";"Plena Noite";"Decrescente";"Céu Claro";"Múltipla";"Reta";"Sim";3;0;1;0;1;1;1;3;-29,96839095;-51,17623895;"SPRF-RS";"DEL01-RS";"UOP01-DEL01-RS"
519172;2023-04-25;"terça-feira";"08:00:00";"RJ";101;315;"SAO GONCALO";"Reação tardia ou ineficiente do condutor";"Tombamento";"Com Vítimas Feridas";"Pleno dia";"Crescente";"Céu Claro";"Dupla";"Reta";"Não";1;0;1;0;0;0;1;1;-22,82262092;-43,08460805;"SPRF-RJ";"DEL02-RJ";"UOP02-DEL02-RJ"
519174;2023-04-25;"terça-feira";"18:00:00";"RO";319;61;"PORTO VELHO";"Acessar a via sem observar a presença dos outros veículos";"Colisão transversal";"Com Vítimas Feridas";"Pleno dia";"Crescente";"Sol";"Múltipla";"Reta";"Sim";2;0;1;0;1;0;1;2;-8,766685;-63,884052;"SPRF-RO";"DEL01-RO";"UOP01-DEL01-RO"
519175;2023-04-25;"terça-feira";"17:50:00";"PI";316;242;"INHUMA";"Animais na Pista";"Atropelamento de Animal";"Com Vítimas Feridas";"Anoitecer";"Crescente";"Céu Claro";"Simples";"Reta";"Não";1;0;1;0;0;0;1;1;-6,67005789;-41,71808412;"SPRF-PI";"DEL04-PI";"UOP02-DEL04-PI"
519176;2023-04-25;"terça-feira";"18:00:00";"SP";116;280;"EMBU DAS ARTES";"Ausência de reação do condutor";"Saída de leito carroçável";"Com Vítimas Feridas";"Plena Noite";"Decrescente";"Céu Claro";"Dupla";"Reta";"Sim";2;0;1;0;1;0;1;1;-23,66996108;-46,85590758;"SPRF-SP";"DEL04-SP";"UOP01-DEL04-SP"
519177;2023-04-13;"quinta-feira";"19:45:00";"MG";262;564;"CORREGO DANTA";"Condutor Dormindo";"Saída de leito carroçável";"Com Vítimas Feridas";"Plena Noite";"Decrescente";"Céu Claro";"Simples";"Curva";"Não";2;0;1;1;0;0;2;1;-19,74630918;-45,97206795;"SPRF-MG";"DEL08-MG";"UOP02-DEL08-MG"
519178;2023-04-25;"terça-feira";"18:36:00";"SC";101;212,3;"PALHOCA";"Condutor deixou de manter distância do veículo da frente";"Engavetamento";"Com Vítimas Feridas";"Anoitecer";"Decrescente";"Céu Claro";"Múltipla";"Reta";"Não";3;0;1;0;2;0;1;3;-27,62996929;-48,65903871;"SPRF-SC";"DEL01-SC";"UOP02-DEL01-SC"
519179;2023-04-25;"terça-feira";"18:35:00";"RS";285;449;"IJUI";"Ingestão de álcool pelo condutor";"Saída de leito carroçável";"Com Vítimas Feridas";"Anoitecer";"Crescente";"Chuva";"Simples";"Curva;Declive";"Não";2;0;2;0;0;0;2;1;-28,369447;-53,820917;"SPRF-RS";"DEL10-RS";"UOP01-DEL10-RS"
519180;2023-04-05;"quarta-feira";"20:43:00";"PE";101;72;"RECIFE";"Acessar a via sem observar a presença dos outros veículos";"Colisão traseira";"Com Vítimas Feridas";"Plena Noite";"Crescente";"Céu Claro";"Dupla";"Interseção de Vias";"Sim";2;0;0;1;1;0;1;2;-8,083851;-34,944297;"SPRF-PE";"DEL01-PE";"UOP01-DEL01-PE"
519181;2023-04-25;"terça-feira";"18:55:00";"SP";116;142,9;"SAO JOSE DOS CAMPOS";"Manobra de mudança de faixa";"Colisão transversal";"Com Vítimas Feridas";"Plena Noite";"Decrescente";"Céu Claro";"Dupla";"Reta";"Não";2;0;1;0;1;0;1;2;-23,17426078;-45,82940111;"SPRF-SP";"DEL02-SP";"UOP01-DEL02-SP"
519183;2023-04-25;"terça-feira";"17:50:00";"SP";381;55;"MAIRIPORA";"Ausência de reação do condutor";"Colisão lateral mesmo sentido";"Com Vítimas Feridas";"Anoitecer";"Crescente";"Céu Claro";"Dupla";"Reta;Aclive";"Sim";2;0;1;0;1;0;1;2;-23,25207404;-46,59480386;"SPRF-SP";"DEL03-SP";"UOP01-DEL03-SP"
519186;2023-04-25;"terça-feira";"18:45:00";"SC";101;214;"PALHOCA";"Ausência de reação do condutor";"Capotamento";"Com Vítimas Feridas";"Plena Noite";"Decrescente";"Céu Claro";"Múltipla";"Reta";"Não";1;0;1;0;0;0;1;1;-27,64443;-48,67057;"SPRF-SC";"DEL01-SC";"UOP02-DEL01-SC"
519187;2023-04-25;"terça-feira";"19:15:00";"PR";277;593;"CASCAVEL";"Chuva";"Colisão traseira";"Com Vítimas Feridas";"Plena Noite";"Decrescente";"Chuva";"Simples";"Interseção de Vias";"Sim";3;0;0;2;1;0;2;2;-24,98082053;-53,48254989;"SPRF-PR";"DEL04-PR";"UOP01-DEL04-PR"
519188;2023-04-25;"terça-feira";"18:50:00";"GO";364;386;"SANTA RITA DO ARAGUAIA";"Acessar a via sem observar a presença dos outros veículos";"Colisão transversal";"Com Vítimas Feridas";"Anoitecer";"Crescente";"Céu Claro";"Dupla";"Reta";"Sim";2;0;1;0;1;0;1;2;-17,329039;-53,203724;"SPRF-GO";"DEL05-GO";"UOP01-DEL05-GO"
519189;2023-04-25;"terça-feira";"18:15:00";"SC";101;148;"ITAPEMA";"Ausência de reação do condutor";"Colisão transversal";"Com Vítimas Feridas";"Anoitecer";"Decrescente";"Céu Claro";"Simples";"Reta";"Sim";2;0;1;0;1;0;1;2;-27,11744799;-48,60940987;"SPRF-SC";"DEL04-SC";"UOP03-DEL04-SC"
519191;2023-04-25;"terça-feira";"19:10:00";"SP";153;64;"SAO JOSE DO RIO PRETO";"Frear bruscamente";"Saída de leito carroçável";"Com Vítimas Feridas";"Plena Noite";"Decrescente";"Céu Claro";"Dupla";"Reta";"Sim";1;0;1;0;0;0;1;1;-20,82919401;-49,36046325;"SPRF-SP";"DEL09-SP";"UOP01-DEL09-SP"
519192;2023-04-25;"terça-feira";"19:00:00";"SC";470;26;"GASPAR";"Área urbana sem a presença de local apropriado para a travessia de pedestres";"Atropelamento de Pedestre";"Com Vítimas Feridas";"Plena Noite";"Crescente";"Céu Claro";"Dupla";"Reta";"Não";2;0;0;1;1;0;1;2;-26,887402;-48,875191;"SPRF-SC";"DEL04-SC";"UOP04-DEL04-SC"
519194;2023-04-25;"terça-feira";"13:32:00";"SP";116;155;"SAO JOSE DOS CAMPOS";"Avarias e/ou desgaste excessivo no pneu";"Tombamento";"Com Vítimas Feridas";"Pleno dia";"Decrescente";"Céu Claro";"Dupla";"Reta;Aclive";"Não";1;0;1;0;0;0;1;1;-23,24524337;-45,92772774;"SPRF-SP";"DEL02-SP";"UOP01-DEL02-SP"
519197;2023-04-25;"terça-feira";"17:38:00";"SC";116;246,1;"LAGES";"Desrespeitar a preferência no cruzamento";"Colisão transversal";"Com Vítimas Feridas";"Plena Noite";"Crescente";"Céu Claro";"Simples";"Interseção de Vias;Reta;Aclive";"Sim";3;0;1;1;1;0;2;2;-27,80419942;-50,36509464;"SPRF-SC";"DEL05-SC";"UOP02-DEL05-SC"
519198;2023-04-25;"terça-feira";"17:25:00";"MG";365;405,7;"PATOS DE MINAS";"Demais Fenômenos da natureza";"Colisão traseira";"Com Vítimas Feridas";"Anoitecer";"Crescente";"Céu Claro";"Simples";"Interseção de Vias";"Não";2;0;1;0;1;0;1;2;-18,632372;-46,471827;"SPRF-MG";"DEL10-MG";"UOP01-DEL10-MG"
519200;2023-04-25;"terça-feira";"20:20:00";"SP";116;207;"GUARULHOS";"Manobra de mudança de faixa";"Colisão traseira";"Sem Vítimas";"Plena Noite";"Crescente";"Nublado";"Dupla";"Reta";"Sim";2;0;0;0;2;0;0;2;-23,41972188;-46,38419203;"SPRF-SP";"DEL01-SP";"UOP01-DEL01-SP"
519201;2023-04-25;"terça-feira";"20:00:00";"SP";116;269;"TABOAO DA SERRA";"Ausência de reação do condutor";"Colisão transversal";"Com Vítimas Feridas";"Plena Noite";"Crescente";"Céu Claro";"Dupla";"Reta;Interseção de Vias";"Sim";2;0;1;0;1;0;1;2;-23,61593059;-46,78826044;"SPRF-SP";"DEL04-SP";"UOP01-DEL04-SP"
519202;2023-04-25;"terça-feira";"19:50:00";"PR";369;7;"CAMBARA";"Reação tardia ou ineficiente do condutor";"Colisão traseira";"Com Vítimas Feridas";"Plena Noite";"Crescente";"Céu Claro";"Simples";"Reta;Aclive";"Não";2;0;0;1;1;0;1;2;-23,00122182;-49,98624802;"SPRF-PR";"DEL07-PR";"UOP05-DEL07-PR"
519203;2023-04-25;"terça-feira";"20:20:00";"PE";101;53,2;"PAULISTA";"Pedestre cruzava a pista fora da faixa";"Atropelamento de Pedestre";"Com Vítimas Fatais";"Plena Noite";"Crescente";"Chuva";"Dupla";"Reta";"Sim";2;1;0;0;1;0;0;2;-7,933759;-34,902653;"SPRF-PE";"DEL01-PE";"UOP02-DEL01-PE"
519204;2023-04-25;"terça-feira";"18:15:00";"RS";290;350;"CACAPAVA DO SUL";"Pista em desnível";"Queda de ocupante de veículo";"Com Vítimas Feridas";"Plena Noite";"Decrescente";"Chuva";"Simples";"Reta;Aclive";"Não";1;0;1;0;0;0;1;1;-30,37133;-53,672554;"SPRF-RS";"DEL09-RS";"UOP02-DEL09-RS"
519205;2023-04-25;"terça-feira";"19:00:00";"ES";393;18,8;"MUQUI";"Animais na Pista";"Atropelamento de Animal";"Com Vítimas Feridas";"Plena Noite";"Crescente";"Nublado";"Simples";"Reta";"Não";2;0;1;0;0;1;1;1;-20,90390829;-41,29450386;"SPRF-ES";"DEL03-ES";"UOP02-DEL03-ES"
519206;2023-04-25;"terça-feira";"18:30:00";"RJ";116;107;"GUAPIMIRIM";"Ausência de reação do condutor";"Engavetamento";"Com Vítimas Feridas";"Anoitecer";"Crescente";"Nublado";"Simples";"Declive";"Sim";4;0;1;0;3;0;1;3;-22,52826187;-42,99737551;"SPRF-RJ";"DEL04-RJ";"UOP01-DEL04-RJ"
519207;2023-04-25;"terça-feira";"17:55:00";"RS";116;148,5;"CAXIAS DO SUL";"Reação tardia ou ineficiente do condutor";"Atropelamento de Pedestre";"Com Vítimas Feridas";"Anoitecer";"Crescente";"Céu Claro";"Dupla";"Aclive;Reta";"Sim";2;0;1;0;1;0;1;2;-29,15444539;-51,15101681;"SPRF-RS";"DEL05-RS";"UOP01-DEL05-RS"
519208;2023-03-05;"domingo";"03:30:00";"MG";262;873;"CAMPO FLORIDO";"Condutor Dormindo";"Saída de leito carroçável";"Sem Vítimas";"Plena Noite";"Decrescente";"Céu Claro";"Simples";"Reta";"Não";1;0;0;0;0;1;0;1;-19,7773643;-48,48722103;"SPRF-MG";"DEL13-MG";"UOP01-DEL13-MG"
519209;2023-04-25;"terça-feira";"17:00:00";"RJ";465;21;"NOVA IGUACU";"Acessar a via sem observar a presença dos outros veículos";"Colisão transversal";"Com Vítimas Feridas";"Plena Noite";"Crescente";"Nublado";"Simples";"Reta";"Não";3;0;1;0;2;0;1;2;-22,854782;-43,601933;"SPRF-RJ";"DEL03-RJ";"UOP01-DEL03-RJ"
519212;2023-04-25;"terça-feira";"11:15:00";"MG";262;382;"JUATUBA";"Velocidade Incompatível";"Saída de leito carroçável";"Com Vítimas Feridas";"Pleno dia";"Decrescente";"Céu Claro";"Dupla";"Curva";"Não";1;0;1;0;0;0;1;1;-19,933956;-44,393574;"SPRF-MG";"DEL01-MG";"UOP03-DEL01-MG"
519213;2023-04-25;"terça-feira";"07:10:00";"PE";101;64,9;"RECIFE";"Ausência de reação do condutor";"Colisão traseira";"Com Vítimas Feridas";"Pleno dia";"Crescente";"Céu Claro";"Dupla";"Reta";"Sim";3;0;1;0;2;0;1;2;-8,0162921;-34,94045886;"SPRF-PE";"DEL01-PE";"UOP01-DEL01-PE"
519214;2023-04-25;"terça-feira";"18:30:00";"RJ";356;76;"ITALVA";"Transitar na contramão";"Colisão frontal";"Com Vítimas Feridas";"Plena Noite";"Crescente";"Nublado";"Simples";"Reta";"Sim";2;0;0;1;1;0;1;2;-21,4292092;-41,6933554;"SPRF-RJ";"DEL08-RJ";"UOP03-DEL08-RJ"
519215;2023-04-25;"terça-feira";"21:10:00";"RJ";101;64;"CAMPOS DOS GOYTACAZES";"Ultrapassagem Indevida";"Colisão frontal";"Com Vítimas Fatais";"Plena Noite";"Decrescente";"Céu Claro";"Simples";"Curva";"Não";2;1;0;0;1;0;0;2;-21,74908605;-41,33632461;"SPRF-RJ";"DEL08-RJ";"UOP02-DEL08-RJ"
519216;2023-04-25;"terça-feira";"20:00:00";"SP";116;109;"TAUBATE";"Ingestão de álcool pelo condutor";"Colisão traseira";"Com Vítimas Feridas";"Plena Noite";"Crescente";"Céu Claro";"Dupla";"Reta";"Sim";6;0;4;2;0;0;6;3;-23,02871304;-45,54517097;"SPRF-SP";"DEL02-SP";"UOP02-DEL02-SP"
519217;2023-04-25;"terça-feira";"20:00:00";"PB";230;395;"SAO BENTINHO";"Animais na Pista";"Atropelamento de Animal";"Com Vítimas Feridas";"Plena Noite";"Crescente";"Céu Claro";"Simples";"Declive;Reta";"Não";3;0;1;0;2;0;1;1;-6,8608;-37,7386;"SPRF-PB";"DEL03-PB";"UOP02-DEL03-PB"
519218;2023-04-25;"terça-feira";"18:43:00";"BA";116;859;"VITORIA DA CONQUISTA";"Demais falhas mecânicas ou elétricas";"Tombamento";"Com Vítimas Feridas";"Plena Noite";"Crescente";"Garoa/Chuvisco";"Simples";"Reta";"Não";2;0;2;0;0;0;2;1;-15,0532517;-40,97932723;"SPRF-BA";"DEL08-BA";"UOP01-DEL08-BA"
519219;2023-04-25;"terça-feira";"19:00:00";"BA";101;806;"ITAMARAJU";"Acesso irregular";"Colisão transversal";"Com Vítimas Feridas";"Plena Noite";"Decrescente";"Céu Claro";"Simples";"Curva";"Sim";2;0;0;1;0;1;1;2;-17,18376299;-39,58077401;"SPRF-BA";"DEL09-BA";"UOP02-DEL09-BA"
519223;2023-04-25;"terça-feira";"21:30:00";"AL";104;93,1;"RIO LARGO";"Acumulo de água sobre o pavimento";"Capotamento";"Com Vítimas Feridas";"Plena Noite";"Crescente";"Chuva";"Dupla";"Reta";"Sim";1;0;0;1;0;0;1;1;-9,52891696;-35,79807693;"SPRF-AL";"DEL01-AL";"UOP01-DEL01-AL"
519225;2023-04-25;"terça-feira";"13:05:00";"MG";262;32,1;"MANHUACU";"Reação tardia ou ineficiente do condutor";"Colisão lateral mesmo sentido";"Com Vítimas Feridas";"Pleno dia";"Decrescente";"Nublado";"Simples";"Reta";"Não";2;0;0;1;1;0;1;2;-20,25556389;-41,99814902;"SPRF-MG";"DEL06-MG";"UOP03-DEL06-MG"
519226;2023-04-25;"terça-feira";"21:00:00";"MT";364;135;"PEDRA PRETA";"Reação tardia ou ineficiente do condutor";"Saída de leito carroçável";"Com Vítimas Feridas";"Plena Noite";"Decrescente";"Céu Claro";"Simples";"Curva";"Não";1;0;1;0;0;0;1;1;-16,82037986;-54,07016991;"SPRF-MT";"DEL02-MT";"UOP01-DEL02-MT"
519227;2023-04-25;"terça-feira";"23:45:00";"ES";262;0,5;"VITORIA";"Ausência de reação do condutor";"Colisão traseira";"Sem Vítimas";"Plena Noite";"Crescente";"Nublado";"Dupla";"Aclive;Reta;Viaduto";"Sim";4;0;0;0;4;0;0;2;-20,320793;-40,353315;"SPRF-ES";"DEL01-ES";"UOP01-DEL01-ES"
519228;2023-04-25;"terça-feira";"23:15:00";"SC";101;134;"BALNEARIO CAMBORIU";"Acessar a via sem observar a presença dos outros veículos";"Atropelamento de Pedestre";"Com Vítimas Feridas";"Plena Noite";"Crescente";"Ignorado";"Dupla";"Reta";"Sim";2;0;1;0;1;0;1;2;-27,00218;-48,636433;"SPRF-SC";"DEL04-SC";"UOP03-DEL04-SC"
519229;2023-04-25;"terça-feira";"23:30:00";"PR";369;85;"CORNELIO PROCOPIO";"Ausência de reação do condutor";"Queda de ocupante de veículo";"Com Vítimas Feridas";"Plena Noite";"Crescente";"Céu Claro";"Simples";"Reta;Aclive";"Não";1;0;0;1;0;0;1;1;-23,17050601;-50,61315536;"SPRF-PR";"DEL07-PR";"UOP05-DEL07-PR"
519231;2023-04-26;"quarta-feira";"01:25:00";"SC";101;131;"BALNEARIO CAMBORIU";"Demais falhas mecânicas ou elétricas";"Tombamento";"Com Vítimas Feridas";"Plena Noite";"Decrescente";"Céu Claro";"Dupla";"Interseção de Vias";"Sim";1;0;0;1;0;0;1;1;-26,99064209;-48,66310912;"SPRF-SC";"DEL04-SC";"UOP03-DEL04-SC"
519232;2023-04-26;"quarta-feira";"02:00:00";"RS";116;150;"CAXIAS DO SUL";"Ausência de reação do condutor";"Colisão com objeto";"Sem Vítimas";"Plena Noite";"Crescente";"Nublado";"Dupla";"Declive;Curva";"Sim";1;0;0;0;1;0;0;1;-29,168428;-51,158337;"SPRF-RS";"DEL05-RS";"UOP01-DEL05-RS"
519234;2023-04-26;"quarta-feira";"02:20:00";"MS";163;322;"RIO BRILHANTE";"Condutor Dormindo";"Saída de leito carroçável";"Com Vítimas Feridas";"Plena Noite";"Crescente";"Garoa/Chuvisco";"Simples";"Reta";"Não";1;0;1;0;0;0;1;1;-21,79439392;-54,52604258;"SPRF-MS";"DEL02-MS";"UOP02-DEL02-MS"
519236;2023-04-26;"quarta-feira";"04:00:00";"BA";324;596,7;"CANDEIAS";"Velocidade Incompatível";"Colisão traseira";"Com Vítimas Feridas";"Plena Noite";"Crescente";"Céu Claro";"Dupla";"Aclive;Reta";"Sim";2;0;1;0;1;0;1;2;-12,73555519;-38,44079733;"SPRF-BA";"DEL01-BA";"UOP01-DEL01-BA"