"id";"data_inversa";"dia_semana";"horario";"uf";"br";"km";"municipio";"causa_acidente";"tipo_acidente";"classificacao_acidente";"fase_dia";"sentido_via";"condicao_metereologica";"tipo_pista";"tracado_via";"uso_solo";"pessoas";"mortos";"feridos_leves";"feridos_graves";"ilesos";"ignorados";"feridos";"veiculos";"latitude";"longitude";"regional";"delegacia";"uop"
519472;2023-04-27;"quinta-feira";"10:20:00";"DF";60;4,3;"BRASILIA";"Condutor deixou de manter distância do veículo da frente";"Colisão traseira";"Com Vítimas Feridas";"Pleno dia";"Crescente";"Céu Claro";"Dupla";"Declive;Reta";"Sim";2;0;1;0;1;0;1;2;-15,893765;-48,099202;"SPRF-DF";"DEL03-DF";"UOP01-DEL03-DF"
519476;2023-04-27;"quinta-feira";"06:40:00";"MG";262;446,7;"NOVA SERRANA";"Reação tardia ou ineficiente do condutor";"Colisão lateral mesmo sentido";"Sem Vítimas";"Pleno dia";"Crescente";"Céu Claro";"Dupla";"Reta";"Sim";3;0;0;0;3;0;0;2;-19,87514825;-44,95031205;"SPRF-MG";"DEL08-MG";"UOP03-DEL08-MG"
519477;2023-04-27;"quinta-feira";"10:10:00";"SC";101;93,9;"BARRA VELHA";"Reação tardia ou ineficiente do condutor";"Colisão transversal";"Sem Vítimas";"Pleno dia";"Crescente";"Céu Claro";"Dupla";"Reta";"Não";3;0;0;0;3;0;0;3;-26,7054749;-48,70100498;"SPRF-SC";"DEL03-SC";"UOP02-DEL03-SC"
519478;2023-04-27;"quinta-feira";"07:45:00";"RO";364;685;"CANDEIAS DO JAMARI";"Condutor Dormindo";"Saída de leito carroçável";"Com Vítimas Feridas";"Pleno dia";"Crescente";"Céu Claro";"Simples";"Reta";"Não";4;0;2;2;0;0;4;1;-8,79050051;-63,63308605;"SPRF-RO";"DEL01-RO";"UOP01-DEL01-RO"
519479;2023-04-04;"terça-feira";"21:20:00";"PR";376;591;"CURITIBA";"Pedestre cruzava a pista fora da faixa";"Atropelamento de Pedestre";"Com Vítimas Feridas";"Plena Noite";"Crescente";"Nublado";"Dupla";"Reta";"Sim";2;0;0;1;1;0;1;2;-25,45999605;-49,35895013;"SPRF-PR";"DEL01-PR";"UOP06-DEL01-PR"
519480;2023-04-27;"quinta-feira";"09:00:00";"PB";230;23;"JOAO PESSOA";"Manobra de mudança de faixa";"Tombamento";"Com Vítimas Feridas";"Pleno dia";"Crescente";"Céu Claro";"Dupla";"Reta";"Sim";1;0;1;0;0;0;1;1;-7,16278268;-34,8612746;"SPRF-PB";"DEL01-PB";"UOP01-DEL01-PB"
519481;2023-04-27;"quinta-feira";"10:30:00";"PR";369;185;"ARAPONGAS";"Ultrapassagem Indevida";"Colisão lateral mesmo sentido";"Com Vítimas Feridas";"Pleno dia";"Decrescente";"Céu Claro";"Simples";"Reta";"Não";2;0;1;0;1;0;1;2;-23,409681;-51,427793;"SPRF-PR";"DEL07-PR";"UOP03-DEL07-PR"
519482;2023-04-27;"quinta-feira";"10:10:00";"PR";277;96;"CURITIBA";"Acessar a via sem observar a presença dos outros veículos";"Colisão transversal";"Com Vítimas Feridas";"Pleno dia";"Crescente";"Sol";"Simples";"Interseção de Vias";"Sim";3;0;1;0;2;0;1;2;-25,43100865;-49,33090925;"SPRF-PR";"DEL01-PR";"UOP06-DEL01-PR"
519484;2023-04-27;"quinta-feira";"11:00:00";"MG";381;327;"NOVA ERA";"Desrespeitar a preferência no cruzamento";"Colisão transversal";"Com Vítimas Feridas";"Pleno dia";"Decrescente";"Céu Claro";"Dupla";"Interseção de Vias";"Não";3;0;1;0;2;0;1;2;-19,79994695;-43,05451587;"SPRF-MG";"DEL03-MG";"UOP02-DEL03-MG"
519485;2023-04-27;"quinta-feira";"09:10:00";"PI";343;595;"FLORIANO";"Acessar a via sem observar a presença dos outros veículos";"Colisão transversal";"Sem Vítimas";"Pleno dia";"Crescente";"Nublado";"Simples";"Reta";"Sim";3;0;0;0;2;1;0;2;-6,797033;-43,046871;"SPRF-PI";"DEL03-PI";"UOP01-DEL03-PI"
519486;2023-04-27;"quinta-feira";"09:07:00";"AC";364;126;"RIO BRANCO";"Ausência de reação do condutor";"Colisão traseira";"Com Vítimas Feridas";"Pleno dia";"Decrescente";"Céu Claro";"Dupla";"Curva";"Não";1;0;1;0;0;0;1;1;-10,01280606;-67,80005697;"SPRF-AC";"DEL01-AC";"UOP01-DEL01-AC"
519488;2023-04-27;"quinta-feira";"12:20:00";"PB";230;21,5;"JOAO PESSOA";"Trafegar com motocicleta (ou similar) entre as faixas";"Colisão lateral mesmo sentido";"Com Vítimas Feridas";"Pleno dia";"Crescente";"Céu Claro";"Dupla";"Reta";"Sim";2;0;0;1;1;0;1;2;-7,1415;-34,8519;"SPRF-PB";"DEL01-PB";"UOP01-DEL01-PB"
519490;2023-01-05;"quinta-feira";"08:40:00";"BA";101;112;"ALAGOINHAS";"Carga excessiva e/ou mal acondicionada";"Queda de ocupante de veículo";"Com Vítimas Feridas";"Pleno dia";"Crescente";"Céu Claro";"Simples";"Reta";"Não";1;0;0;1;0;0;1;1;-12,16784025;-38,4674558;"SPRF-BA";"DEL01-BA";"UOP04-DEL01-BA"
519491;2023-04-27;"quinta-feira";"12:45:00";"RS";293;2;"PELOTAS";"Mal súbito do condutor";"Colisão lateral sentido oposto";"Com Vítimas Feridas";"Pleno dia";"Decrescente";"Céu Claro";"Simples";"Reta";"Sim";2;0;1;0;1;0;1;2;-31,750426;-52,35999499;"SPRF-RS";"DEL07-RS";"UOP01-DEL07-RS"
519492;2023-04-27;"quinta-feira";"08:20:00";"RO";421;51;"MONTE NEGRO";"Acessar a via sem observar a presença dos outros veículos";"Colisão transversal";"Com Vítimas Feridas";"Pleno dia";"Decrescente";"Céu Claro";"Simples";"Reta";"Não";2;0;0;1;1;0;1;2;-10,270235;-63,300957;"SPRF-RO";"DEL03-RO";"UOP01-DEL03-RO"
519493;2023-04-27;"quinta-feira";"13:07:00";"GO";50;289,5;"CATALAO";"Reação tardia ou ineficiente do condutor";"Saída de leito carroçável";"Com Vítimas Feridas";"Pleno dia";"Decrescente";"Sol";"Dupla";"Reta;Declive";"Não";1;0;1;0;0;0;1;1;-18,2407;-47,9885;"SPRF-GO";"DEL06-GO";"UOP01-DEL06-GO"
519494;2023-04-27;"quinta-feira";"13:00:00";"ES";101;269,5;"SERRA";"Trafegar com motocicleta (ou similar) entre as faixas";"Colisão lateral mesmo sentido";"Com Vítimas Feridas";"Pleno dia";"Crescente";"Céu Claro";"Múltipla";"Declive;Interseção de Vias;Reta";"Sim";2;0;0;1;1;0;1;2;-20,21740496;-40,26990578;"SPRF-ES";"DEL02-ES";"UOP01-DEL02-ES"
519495;2023-04-27;"quinta-feira";"12:15:00";"RJ";493;113;"ITAGUAI";"Ausência de reação do condutor";"Saída de leito carroçável";"Com Vítimas Feridas";"Pleno dia";"Crescente";"Chuva";"Dupla";"Reta";"Não";1;0;1;0;0;0;1;1;-22,80162199;-43,79077435;"SPRF-RJ";"DEL03-RJ";"UOP01-DEL03-RJ"
519496;2023-04-27;"quinta-feira";"12:45:00";"RJ";101;117;"CAMPOS DOS GOYTACAZES";"Avarias e/ou desgaste excessivo no pneu";"Queda de ocupante de veículo";"Com Vítimas Feridas";"Pleno dia";"Crescente";"Céu Claro";"Dupla";"Reta";"Não";1;0;1;0;0;0;1;1;-22,014515;-41,677209;"SPRF-RJ";"DEL08-RJ";"UOP02-DEL08-RJ"
519499;2023-04-27;"quinta-feira";"13:40:00";"MG";40;516,7;"RIBEIRAO DAS NEVES";"Condutor deixou de manter distância do veículo da frente";"Colisão lateral mesmo sentido";"Com Vítimas Feridas";"Pleno dia";"Decrescente";"Céu Claro";"Dupla";"Curva";"Não";2;0;1;0;1;0;1;2;-19,81628624;-44,08960124;"SPRF-MG";"DEL01-MG";"UOP02-DEL01-MG"
519502;2023-04-27;"quinta-feira";"12:10:00";"PE";423;69,1;"JUPI";"Reação tardia ou ineficiente do condutor";"Colisão transversal";"Com Vítimas Feridas";"Pleno dia";"Decrescente";"Nublado";"Simples";"Reta;Declive";"Não";2;0;1;0;1;0;1;2;-8,67648714;-36,40182687;"SPRF-PE";"DEL03-PE";"UOP01-DEL03-PE"
519505;2023-04-27;"quinta-feira";"14:15:00";"SC";101;229;"PALHOCA";"Entrada inopinada do pedestre";"Colisão lateral mesmo sentido";"Com Vítimas Feridas";"Pleno dia";"Crescente";"Céu Claro";"Dupla";"Reta";"Não";2;0;0;1;1;0;1;2;-27,7688932;-48,63205379;"SPRF-SC";"DEL01-SC";"UOP02-DEL01-SC"
519507;2023-04-27;"quinta-feira";"14:50:00";"RN";101;103;"PARNAMIRIM";"Condutor deixou de manter distância do veículo da frente";"Colisão traseira";"Sem Vítimas";"Pleno dia";"Decrescente";"Sol";"Simples";"Viaduto";"Sim";2;0;0;0;2;0;0;2;-5,89034022;-35,24894996;"SPRF-RN";"DEL01-RN";"UOP01-DEL01-RN"
519508;2023-04-23;"domingo";"09:10:00";"ES";262;76;"DOMINGOS MARTINS";"Chuva";"Queda de ocupante de veículo";"Com Vítimas Feridas";"Pleno dia";"Decrescente";"Chuva";"Simples";"Declive;Curva";"Não";2;0;2;0;0;0;2;2;-20,41279327;-40,90834307;"SPRF-ES";"DEL01-ES";"UOP02-DEL01-ES"
519509;2023-04-27;"quinta-feira";"13:02:00";"SC";101;282;"IMBITUBA";"Acessar a via sem observar a presença dos outros veículos";"Colisão transversal";"Com Vítimas Feridas";"Pleno dia";"Decrescente";"Sol";"Simples";"Reta";"Sim";2;0;1;0;1;0;1;2;-28,19626005;-48,69739859;"SPRF-SC";"DEL02-SC";"UOP03-DEL02-SC"
519511;2023-04-26;"quarta-feira";"05:30:00";"PB";101;87,2;"JOAO PESSOA";"Chuva";"Tombamento";"Com Vítimas Feridas";"Pleno dia";"Crescente";"Chuva";"Dupla";"Reta";"Sim";2;0;1;1;0;0;2;1;-7,15886802;-34,90628504;"SPRF-PB";"DEL01-PB";"UOP01-DEL01-PB"
519512;2023-04-27;"quinta-feira";"15:13:00";"PR";277;100;"CURITIBA";"Condutor deixou de manter distância do veículo da frente";"Colisão lateral mesmo sentido";"Com Vítimas Feridas";"Pleno dia";"Decrescente";"Céu Claro";"Dupla";"Reta";"Não";3;0;1;0;2;0;1;2;-25,52924091;-49,32682192;"SPRF-PR";"DEL01-PR";"UOP06-DEL01-PR"
519517;2023-04-27;"quinta-feira";"15:09:00";"RJ";116;191;"NOVA IGUACU";"Mal súbito do condutor";"Colisão traseira";"Com Vítimas Feridas";"Pleno dia";"Crescente";"Céu Claro";"Múltipla";"Reta";"Sim";2;0;1;0;1;0;1;2;-22,74421443;-43,509822;"SPRF-RJ";"DEL01-RJ";"UOP02-DEL01-RJ"
519518;2023-04-27;"quinta-feira";"14:34:00";"DF";20;2;"BRASILIA";"Velocidade Incompatível";"Saída de leito carroçável";"Com Vítimas Feridas";"Pleno dia";"Decrescente";"Céu Claro";"Dupla";"Interseção de Vias;Reta;Aclive";"Não";3;0;2;0;1;0;2;1;-15,682896;-47,840729;"SPRF-DF";"DEL02-DF";"UOP01-DEL02-DF"
519519;2023-04-27;"quinta-feira";"15:00:00";"PB";230;18;"JOAO PESSOA";"Reação tardia ou ineficiente do condutor";"Colisão traseira";"Com Vítimas Feridas";"Pleno dia";"Crescente";"Céu Claro";"Dupla";"Reta";"Sim";3;0;1;0;2;0;1;2;-7,1198;-34,8453;"SPRF-PB";"DEL01-PB";"UOP01-DEL01-PB"
519521;2023-03-14;"terça-feira";"17:10:00";"RJ";116;95;"SEROPEDICA";"Reação tardia ou ineficiente do condutor";"Capotamento";"Com Vítimas Feridas";"Pleno dia";"Decrescente";"Chuva";"Múltipla";"Reta";"Não";2;0;1;0;1;0;1;1;-22,71253976;-43,70292664;"SPRF-RJ";"DEL04-RJ";"UOP01-DEL04-RJ"
519522;2023-04-27;"quinta-feira";"15:35:00";"RJ";116;131;"MAGE";"Ausência de reação do condutor";"Queda de ocupante de veículo";"Com Vítimas Feridas";"Pleno dia";"Decrescente";"Céu Claro";"Dupla";"Curva";"Não";2;0;2;0;0;0;2;1;-22,65608024;-43,12511494;"SPRF-RJ";"DEL04-RJ";"UOP02-DEL04-RJ"
519523;2023-04-27;"quinta-feira";"15:00:00";"PR";116;156;"MANDIRITUBA";"Avarias e/ou desgaste excessivo no pneu";"Saída de leito carroçável";"Com Vítimas Feridas";"Pleno dia";"Decrescente";"Céu Claro";"Simples";"Reta";"Não";1;0;1;0;0;0;1;1;-25,8597564;-49,3606332;"SPRF-PR";"DEL01-PR";"UOP03-DEL01-PR"
519524;2023-04-27;"quinta-feira";"15:40:00";"RJ";393;281;"VOLTA REDONDA";"Conversão proibida";"Colisão transversal";"Com Vítimas Feridas";"Pleno dia";"Crescente";"Céu Claro";"Simples";"Reta";"Sim";2;0;0;1;1;0;1;2;-22,48025569;-44,02974901;"SPRF-RJ";"DEL05-RJ";"UOP04-DEL05-RJ"
519526;2023-04-27;"quinta-feira";"14:30:00";"SP";116;270;"TABOAO DA SERRA";"Trafegar com motocicleta (ou similar) entre as faixas";"Queda de ocupante de veículo";"Com Vítimas Feridas";"Pleno dia";"Decrescente";"Céu Claro";"Dupla";"Reta";"Não";1;0;0;1;0;0;1;1;-23,61799728;-46,79677694;"SPRF-SP";"DEL04-SP";"UOP01-DEL04-SP"
519527;2023-04-27;"quinta-feira";"16:10:00";"RS";116;254;"SAPUCAIA DO SUL";"Acessar a via sem observar a presença dos outros veículos";"Colisão com objeto";"Com Vítimas Feridas";"Pleno dia";"Decrescente";"Sol";"Dupla";"Interseção de Vias";"Não";1;0;1;0;0;0;1;1;-29,82654797;-51,17241311;"SPRF-RS";"DEL01-RS";"UOP02-DEL01-RS"
519528;2023-04-27;"quinta-feira";"15:00:00";"RO";364;711;"PORTO VELHO";"Ausência de reação do condutor";"Colisão traseira";"Com Vítimas Feridas";"Pleno dia";"Decrescente";"Chuva";"Dupla";"Reta;Aclive;Viaduto";"Sim";3;0;1;1;1;0;2;3;-8,77778332;-63,87221217;"SPRF-RO";"DEL01-RO";"UOP01-DEL01-RO"
519530;2023-04-27;"quinta-feira";"11:00:00";"MA";135;4;"SAO LUIS";"Reação tardia ou ineficiente do condutor";"Colisão traseira";"Com Vítimas Feridas";"Pleno dia";"Decrescente";"Céu Claro";"Dupla";"Reta";"Sim";3;0;2;0;1;0;2;2;-2,606802;-44,247512;"SPRF-MA";"DEL01-MA";"UOP01-DEL01-MA"
519532;2023-04-27;"quinta-feira";"16:40:00";"SC";280;74;"JARAGUA DO SUL";"Acessar a via sem observar a presença dos outros veículos";"Colisão transversal";"Com Vítimas Feridas";"Pleno dia";"Decrescente";"Céu Claro";"Simples";"Reta;Rotatória;Aclive";"Não";2;0;1;0;1;0;1;2;-26,45877322;-49,16147801;"SPRF-SC";"DEL03-SC";"UOP03-DEL03-SC"
519533;2023-04-27;"quinta-feira";"15:25:00";"PE";316;14,7;"ARARIPINA";"Reação tardia ou ineficiente do condutor";"Colisão traseira";"Com Vítimas Feridas";"Pleno dia";"Crescente";"Céu Claro";"Simples";"Reta";"Não";3;0;0;1;2;0;1;2;-7,517979;-40,567833;"SPRF-PE";"DEL05-PE";"UOP02-DEL05-PE"
519534;2023-04-27;"quinta-feira";"17:15:00";"PA";163;975;"SANTAREM";"Condutor deixou de manter distância do veículo da frente";"Colisão traseira";"Com Vítimas Feridas";"Pleno dia";"Decrescente";"Céu Claro";"Simples";"Reta";"Não";3;0;1;0;2;0;1;2;-2,64483302;-54,79229999;"SPRF-PA";"DEL05-PA";"UOP01-DEL05-PA"
519535;2023-04-27;"quinta-feira";"14:00:00";"BA";110;175;"RIBEIRA DO POMBAL";"Avarias e/ou desgaste excessivo no pneu";"Queda de ocupante de veículo";"Com Vítimas Feridas";"Pleno dia";"Decrescente";"Céu Claro";"Simples";"Declive";"Sim";1;0;0;1;0;0;1;1;-10,887348;-38,52479999;"SPRF-BA";"DEL07-BA";"UOP02-DEL07-BA"
519538;2023-04-27;"quinta-feira";"17:00:00";"RS";285;220,9;"CASEIROS";"Ingestão de álcool pelo condutor";"Colisão frontal";"Com Vítimas Feridas";"Pleno dia";"Crescente";"Céu Claro";"Simples";"Reta;Aclive";"Não";2;0;1;1;0;0;2;2;-28,26045;-51,702541;"SPRF-RS";"DEL08-RS";"UOP05-DEL08-RS"
519539;2023-04-26;"quarta-feira";"12:00:00";"MT";158;585;"AGUA BOA";"Ausência de reação do condutor";"Saída de leito carroçável";"Com Vítimas Feridas";"Pleno dia";"Crescente";"Céu Claro";"Simples";"Reta;Declive";"Não";1;0;0;1;0;0;1;1;-14,19174401;-52,19278507;"SPRF-MT";"DEL07-MT";"UOP02-DEL07-MT"
519540;2023-04-27;"quinta-feira";"17:00:00";"PR";369;233;"JANDAIA DO SUL";"Manobra de mudança de faixa";"Colisão traseira";"Com Vítimas Feridas";"Pleno dia";"Crescente";"Céu Claro";"Simples";"Reta";"Não";3;0;1;1;1;0;2;2;-23,62313637;-51,6645813;"SPRF-PR";"DEL09-PR";"UOP01-DEL09-PR"
519541;2023-04-27;"quinta-feira";"17:20:00";"SC";470;62,9;"BLUMENAU";"Trafegar com motocicleta (ou similar) entre as faixas";"Colisão transversal";"Com Vítimas Feridas";"Anoitecer";"Crescente";"Céu Claro";"Simples";"Reta;Declive";"Não";2;0;0;1;1;0;1;2;-26,874521;-49,182938;"SPRF-SC";"DEL04-SC";"UOP01-DEL04-SC"
519542;2023-04-27;"quinta-feira";"18:00:00";"CE";116;20;"ITAITINGA";"Manobra de mudança de faixa";"Colisão lateral mesmo sentido";"Com Vítimas Feridas";"Plena Noite";"Decrescente";"Céu Claro";"Dupla";"Reta";"Não";2;0;1;0;1;0;1;2;-3,92277497;-38,50762327;"SPRF-CE";"DEL01-CE";"UOP02-DEL01-CE"
519543;2023-04-27;"quinta-feira";"14:00:00";"MG";262;652,8;"IBIA";"Mal súbito do condutor";"Saída de leito carroçável";"Com Vítimas Feridas";"Pleno dia";"Decrescente";"Sol";"Simples";"Curva;Declive";"Não";1;0;1;0;0;0;1;1;-19,571795;-46,67229;"SPRF-MG";"DEL08-MG";"UOP01-DEL08-MG"
519544;2023-04-27;"quinta-feira";"16:50:00";"SC";282;109,8;"ALFREDO WAGNER";"Velocidade Incompatível";"Queda de ocupante de veículo";"Com Vítimas Feridas";"Anoitecer";"Decrescente";"Nublado";"Simples";"Curva";"Não";1;0;0;1;0;0;1;1;-27,727324;-49,360542;"SPRF-SC";"DEL01-SC";"UOP03-DEL01-SC"
519546;2023-04-27;"quinta-feira";"18:15:00";"ES";101;269,8;"SERRA";"Condutor deixou de manter distância do veículo da frente";"Colisão traseira";"Com Vítimas Feridas";"Plena Noite";"Crescente";"Céu Claro";"Múltipla";"Reta";"Não";4;0;0;1;2;1;1;4;-20,21740496;-40,26990578;"SPRF-ES";"DEL02-ES";"UOP01-DEL02-ES"
519547;2023-04-27;"quinta-feira";"18:00:00";"MG";381;2,1;"BETIM";"Ausência de reação do condutor";"Tombamento";"Com Vítimas Feridas";"Plena Noite";"Crescente";"Céu Claro";"Dupla";"Reta";"Sim";2;0;1;1;0;0;2;1;-19,96947667;-44,16057587;"SPRF-MG";"DEL01-MG";"UOP03-DEL01-MG"
519549;2023-04-27;"quinta-feira";"16:45:00";"PR";163;328;"GUAIRA";"Reação tardia ou ineficiente do condutor";"Colisão transversal";"Sem Vítimas";"Pleno dia";"Crescente";"Céu Claro";"Simples";"Interseção de Vias;Reta";"Sim";2;0;0;0;2;0;0;2;-24,27719787;-54,17568879;"SPRF-PR";"DEL06-PR";"UOP01-DEL06-PR"
519550;2023-04-27;"quinta-feira";"15:20:00";"MG";116;502;"INHAPIM";"Reação tardia ou ineficiente do condutor";"Tombamento";"Com Vítimas Feridas";"Pleno dia";"Crescente";"Sol";"Simples";"Curva";"Não";1;0;0;1;0;0;1;1;-19,577398;-42,115808;"SPRF-MG";"DEL06-MG";"UOP02-DEL06-MG"
519551;2023-04-27;"quinta-feira";"18:25:00";"SC";101;133,1;"BALNEARIO CAMBORIU";"Avarias e/ou desgaste excessivo no pneu";"Tombamento";"Com Vítimas Feridas";"Plena Noite";"Decrescente";"Céu Claro";"Múltipla";"Reta";"Sim";2;0;1;0;1;0;1;1;-26,99936;-48,64609;"SPRF-SC";"DEL04-SC";"UOP03-DEL04-SC"
519552;2023-04-27;"quinta-feira";"18:00:00";"PR";277;74,5;"SAO JOSE DOS PINHAIS";"Reação tardia ou ineficiente do condutor";"Colisão lateral mesmo sentido";"Com Vítimas Feridas";"Plena Noite";"Crescente";"Nublado";"Dupla";"Reta;Aclive;Viaduto";"Sim";3;0;0;1;2;0;1;3;-25,49650662;-49,16157788;"SPRF-PR";"DEL01-PR";"UOP01-DEL01-PR"
519553;2023-04-27;"quinta-feira";"18:00:00";"PR";116;123;"CURITIBA";"Manobra de mudança de faixa";"Colisão lateral mesmo sentido";"Com Vítimas Feridas";"Plena Noite";"Crescente";"Céu Claro";"Dupla";"Reta";"Sim";2;0;1;0;1;0;1;2;-25,616633;-49,317528;"SPRF-PR";"DEL01-PR";"UOP03-DEL01-PR"
519554;2023-04-27;"quinta-feira";"18:40:00";"MG";40;469,3;"SETE LAGOAS";"Manobra de mudança de faixa";"Colisão lateral mesmo sentido";"Com Vítimas Feridas";"Plena Noite";"Decrescente";"Nublado";"Dupla";"Reta";"Sim";3;0;0;1;1;1;1;3;-19,46099279;-44,30121988;"SPRF-MG";"DEL02-MG";"UOP01-DEL02-MG"
519555;2023-04-27;"quinta-feira";"18:15:00";"RS";158;0;"SANTANA DO LIVRAMENTO";"Desrespeitar a preferência no cruzamento";"Colisão transversal";"Com Vítimas Feridas";"Anoitecer";"Crescente";"Céu Claro";"Simples";"Reta;Interseção de Vias";"Sim";3;0;1;0;2;0;1;2;-30,87606739;-55,51350832;"SPRF-RS";"DEL08-RS";"UOP02-DEL08-RS"
519556;2023-04-27;"quinta-feira";"16:00:00";"GO";153;215;"URUACU";"Ausência de reação do condutor";"Tombamento";"Com Vítimas Feridas";"Pleno dia";"Crescente";"Céu Claro";"Simples";"Aclive";"Não";1;0;1;0;0;0;1;1;-14,649796;-49,185867;"SPRF-GO";"DEL07-GO";"UOP02-DEL07-GO"
519557;2023-04-27;"quinta-feira";"17:38:00";"SC";470;141,2;"RIO DO SUL";"Conversão proibida";"Colisão lateral mesmo sentido";"Com Vítimas Feridas";"Pleno dia";"Decrescente";"Céu Claro";"Simples";"Reta";"Sim";2;0;0;1;1;0;1;2;-27,226065;-49,666161;"SPRF-SC";"DEL04-SC";"UOP02-DEL04-SC"
519559;2023-04-27;"quinta-feira";"08:11:00";"CE";116;352,9;"ICO";"Pista esburacada";"Saída de leito carroçável";"Sem Vítimas";"Pleno dia";"Decrescente";"Céu Claro";"Simples";"Reta";"Não";1;0;0;0;1;0;0;1;-6,25562295;-38,69643806;"SPRF-CE";"DEL05-CE";"UOP02-DEL05-CE"
519560;2023-04-27;"quinta-feira";"18:50:00";"RS";116;258,7;"ESTEIO";"Reação tardia ou ineficiente do condutor";"Colisão lateral mesmo sentido";"Com Vítimas Feridas";"Plena Noite";"Crescente";"Céu Claro";"Dupla";"Reta";"Sim";3;0;0;1;1;1;1;3;-29,86150502;-51,18091535;"SPRF-RS";"DEL01-RS";"UOP02-DEL01-RS"
519562;2023-04-27;"quinta-feira";"17:30:00";"SC";101;311;"LAGUNA";"Reação tardia ou ineficiente do condutor";"Atropelamento de Pedestre";"Com Vítimas Feridas";"Pleno dia";"Crescente";"Céu Claro";"Simples";"Interseção de Vias";"Não";2;0;0;1;1;0;1;2;-28,42531311;-48,80068884;"SPRF-SC";"DEL02-SC";"UOP01-DEL02-SC"
519563;2023-04-27;"quinta-feira";"18:50:00";"SP";116;225;"GUARULHOS";"Reação tardia ou ineficiente do condutor";"Colisão lateral mesmo sentido";"Com Vítimas Feridas";"Plena Noite";"Decrescente";"Garoa/Chuvisco";"Múltipla";"Reta";"Sim";2;0;1;0;0;1;1;2;-23,48586772;-46,54075317;"SPRF-SP";"DEL01-SP";"UOP01-DEL01-SP"
519564;2023-04-27;"quinta-feira";"17:15:00";"BA";0;0;"CRISTOPOLIS";"Redutor de velocidade em desacordo";"Colisão com objeto";"Sem Vítimas";"Pleno dia";"Não Informado";"Sol";"Simples";"Reta";"Não";4;0;0;0;4;0;0;1;-12,213781;-44,43869;"SPRF-BA";"DEL10-BA";"UOP01-DEL10-BA"
519565;2023-04-27;"quinta-feira";"17:27:00";"MG";116;311,6;"ITAMBACURI";"Demais falhas mecânicas ou elétricas";"Incêndio";"Sem Vítimas";"Anoitecer";"Decrescente";"Céu Claro";"Simples";"Reta";"Não";2;0;0;0;2;0;0;1;-18,07704492;-41,68155613;"SPRF-MG";"DEL11-MG";"UOP01-DEL11-MG"
519566;2023-04-27;"quinta-feira";"18:20:00";"ES";262;95;"DOMINGOS MARTINS";"Acessar a via sem observar a presença dos outros veículos";"Colisão transversal";"Com Vítimas Feridas";"Anoitecer";"Crescente";"Chuva";"Simples";"Retorno Regulamentado;Reta";"Sim";2;0;0;1;1;0;1;2;-20,3659225;-41,06040133;"SPRF-ES";"DEL01-ES";"UOP02-DEL01-ES"
519567;2023-04-27;"quinta-feira";"19:15:00";"RJ";116;181;"NOVA IGUACU";"Condutor deixou de manter distância do veículo da frente";"Colisão traseira";"Com Vítimas Feridas";"Plena Noite";"Crescente";"Céu Claro";"Múltipla";"Reta";"Sim";2;0;1;0;1;0;1;2;-22,761312;-43,423492;"SPRF-RJ";"DEL01-RJ";"UOP02-DEL01-RJ"
519568;2023-04-27;"quinta-feira";"18:54:00";"MS";60;370,8;"CAMPO GRANDE";"Reação tardia ou ineficiente do condutor";"Colisão lateral sentido oposto";"Com Vítimas Feridas";"Plena Noite";"Crescente";"Céu Claro";"Simples";"Reta";"Não";3;0;1;0;2;0;1;3;-20,59006584;-54,72209517;"SPRF-MS";"DEL01-MS";"UOP04-DEL01-MS"
519572;2023-04-27;"quinta-feira";"19:30:00";"GO";153;439,4;"ANAPOLIS";"Velocidade Incompatível";"Capotamento";"Com Vítimas Feridas";"Plena Noite";"Decrescente";"Céu Claro";"Dupla";"Reta;Declive";"Sim";1;0;1;0;0;0;1;1;-16,322657;-48,92191;"SPRF-GO";"DEL02-GO";"UOP01-DEL02-GO"
519574;2023-04-27;"quinta-feira";"18:00:00";"MG";267;65,6;"BICAS";"Restrição de visibilidade em curvas horizontais";"Colisão frontal";"Com Vítimas Fatais";"Anoitecer";"Crescente";"Nublado";"Simples";"Curva";"Não";4;1;0;0;3;0;0;2;-21,73321861;-43,09179399;"SPRF-MG";"DEL05-MG";"UOP01-DEL05-MG"
519577;2023-04-27;"quinta-feira";"21:00:00";"ES";101;73;"SAO MATEUS";"Demais falhas mecânicas ou elétricas";"Tombamento";"Com Vítimas Feridas";"Plena Noite";"Crescente";"Céu Claro";"Simples";"Reta";"Não";2;0;1;0;1;0;1;1;-18,77024976;-39,86802529;"SPRF-ES";"DEL04-ES";"UOP02-DEL04-ES"
519579;2023-04-27;"quinta-feira";"19:30:00";"MG";50;123;"UBERABA";"Reação tardia ou ineficiente do condutor";"Saída de leito carroçável";"Com Vítimas Feridas";"Pleno dia";"Decrescente";"Nublado";"Dupla";"Reta";"Não";1;0;1;0;0;0;1;1;-19,33326318;-48,09913641;"SPRF-MG";"DEL13-MG";"UOP01-DEL13-MG"
519580;2023-04-27;"quinta-feira";"20:20:00";"AP";210;0,1;"MACAPA";"Condutor deixou de manter distância do veículo da frente";"Colisão traseira";"Com Vítimas Feridas";"Plena Noite";"Crescente";"Céu Claro";"Dupla";"Reta";"Sim";2;0;0;1;1;0;1;2;0,07780012;-51,06097;"SPRF-AP";"DEL01-AP";"UOP01-DEL01-AP"