"id";"data_inversa";"dia_semana";"horario";"uf";"br";"km";"municipio";"causa_acidente";"tipo_acidente";"classificacao_acidente";"fase_dia";"sentido_via";"condicao_metereologica";"tipo_pista";"tracado_via";"uso_solo";"pessoas";"mortos";"feridos_leves";"feridos_graves";"ilesos";"ignorados";"feridos";"veiculos";"latitude";"longitude";"regional";"delegacia";"uop"
519581;2023-04-27;"quinta-feira";"20:00:00";"PR";369;75;"SANTA MARIANA";"Ultrapassagem Indevida";"Colisão frontal";"Com Vítimas Fatais";"Plena Noite";"Crescente";"Céu Claro";"Simples";"Reta";"Não";4;1;2;0;1;0;2;2;-23,14909427;-50,53458005;"SPRF-PR";"DEL07-PR";"UOP05-DEL07-PR"
519582;2023-04-27;"quinta-feira";"17:00:00";"PE";316;253;"BELEM DE SAO FRANCISCO";"Animais na Pista";"Atropelamento de Animal";"Com Vítimas Feridas";"Pleno dia";"Crescente";"Céu Claro";"Simples";"Reta";"Não";2;0;0;2;0;0;2;1;-8,70498805;-38,96604129;"SPRF-PE";"DEL05-PE";"UOP03-DEL05-PE"
519583;2023-04-27;"quinta-feira";"20:48:00";"MG";381;504;"BETIM";"Ausência de reação do condutor";"Colisão com objeto";"Com Vítimas Feridas";"Plena Noite";"Decrescente";"Céu Claro";"Dupla";"Reta;Declive";"Sim";1;0;1;0;0;0;1;1;-20,0283106;-44,234958;"SPRF-MG";"DEL04-MG";"UOP03-DEL04-MG"
519584;2023-04-27;"quinta-feira";"19:10:00";"SC";116;140,5;"SANTA CECILIA";"Acessar a via sem observar a presença dos outros veículos";"Colisão transversal";"Com Vítimas Feridas";"Plena Noite";"Crescente";"Céu Claro";"Simples";"Retorno Regulamentado;Reta";"Sim";4;0;2;0;2;0;2;2;-26,96625517;-50,40928315;"SPRF-SC";"DEL06-SC";"UOP02-DEL06-SC"
519586;2023-04-27;"quinta-feira";"21:25:00";"PE";423;95,7;"GARANHUNS";"Ingestão de álcool e/ou substâncias psicoativas pelo pedestre";"Atropelamento de Pedestre";"Com Vítimas Feridas";"Plena Noite";"Decrescente";"Nublado";"Simples";"Reta";"Sim";2;0;0;2;0;0;2;2;-8,88021822;-36,48651678;"SPRF-PE";"DEL03-PE";"UOP01-DEL03-PE"
519587;2023-04-27;"quinta-feira";"21:10:00";"PE";232;10;"JABOATAO DOS GUARARAPES";"Obras na pista";"Queda de ocupante de veículo";"Com Vítimas Feridas";"Plena Noite";"Decrescente";"Nublado";"Múltipla";"Reta";"Não";1;0;1;0;0;0;1;1;-8,078936;-34,983879;"SPRF-PE";"DEL01-PE";"UOP01-DEL01-PE"
519590;2023-04-27;"quinta-feira";"21:30:00";"SC";101;134;"BALNEARIO CAMBORIU";"Ausência de reação do condutor";"Colisão traseira";"Com Vítimas Feridas";"Plena Noite";"Decrescente";"Céu Claro";"Dupla";"Reta";"Não";2;0;1;0;1;0;1;2;-27,00218;-48,636433;"SPRF-SC";"DEL04-SC";"UOP03-DEL04-SC"
519592;2023-04-27;"quinta-feira";"21:30:00";"RJ";101;386;"RIO DE JANEIRO";"Manobra de mudança de faixa";"Colisão lateral mesmo sentido";"Com Vítimas Feridas";"Plena Noite";"Decrescente";"Céu Claro";"Dupla";"Reta";"Sim";3;0;1;0;1;1;1;3;-22,88295192;-43,64094302;"SPRF-RJ";"DEL03-RJ";"UOP01-DEL03-RJ"
519593;2023-04-27;"quinta-feira";"21:50:00";"GO";40;4,8;"VALPARAISO DE GOIAS";"Trafegar com motocicleta (ou similar) entre as faixas";"Queda de ocupante de veículo";"Com Vítimas Feridas";"Plena Noite";"Crescente";"Céu Claro";"Dupla";"Reta";"Sim";1;0;1;0;0;0;1;1;-16,093134;-47,982236;"SPRF-DF";"DEL01-DF";"UOP01-DEL01-DF"
519594;2023-04-27;"quinta-feira";"20:30:00";"PE";104;30,9;"TORITAMA";"Acessar a via sem observar a presença dos outros veículos";"Colisão transversal";"Sem Vítimas";"Plena Noite";"Crescente";"Céu Claro";"Simples";"Reta";"Sim";2;0;0;0;1;1;0;2;-8,00979523;-36,05789602;"SPRF-PE";"DEL02-PE";"UOP01-DEL02-PE"
519595;2023-04-27;"quinta-feira";"21:15:00";"MG";146;468,4;"BOTELHOS";"Velocidade Incompatível";"Colisão traseira";"Com Vítimas Feridas";"Plena Noite";"Decrescente";"Chuva";"Simples";"Reta;Declive";"Não";2;0;1;0;1;0;1;2;-21,67952;-46,422272;"SPRF-MG";"DEL09-MG";"UOP01-DEL09-MG"
519596;2023-04-27;"quinta-feira";"22:10:00";"PB";230;182,3;"POCINHOS";"Deficiência do Sistema de Iluminação/Sinalização";"Colisão traseira";"Com Vítimas Feridas";"Plena Noite";"Crescente";"Céu Claro";"Simples";"Reta;Declive";"Não";5;0;1;0;4;0;1;2;-7,1584;-36,0837;"SPRF-PB";"DEL02-PB";"UOP02-DEL02-PB"
519598;2023-04-27;"quinta-feira";"23:35:00";"PE";101;45,1;"IGARASSU";"Ausência de reação do condutor";"Colisão traseira";"Com Vítimas Feridas";"Plena Noite";"Decrescente";"Céu Claro";"Múltipla";"Reta";"Sim";4;0;3;1;0;0;4;2;-7,86521297;-34,90715176;"SPRF-PE";"DEL01-PE";"UOP02-DEL01-PE"
519599;2023-04-27;"quinta-feira";"19:20:00";"RS";153;542,8;"CACAPAVA DO SUL";"Ausência de reação do condutor";"Saída de leito carroçável";"Com Vítimas Feridas";"Plena Noite";"Decrescente";"Céu Claro";"Simples";"Curva";"Não";1;0;1;0;0;0;1;1;-30,77742297;-53,56071602;"SPRF-RS";"DEL09-RS";"UOP02-DEL09-RS"
519600;2023-04-27;"quinta-feira";"22:40:00";"AP";210;38;"MACAPA";"Animais na Pista";"Atropelamento de Animal";"Com Vítimas Feridas";"Plena Noite";"Crescente";"Céu Claro";"Simples";"Reta";"Não";2;0;1;0;1;0;1;1;0,34781899;-51,09047964;"SPRF-AP";"DEL01-AP";"UOP01-DEL01-AP"
519601;2023-04-27;"quinta-feira";"23:00:00";"BA";324;624;"SALVADOR";"Demais falhas mecânicas ou elétricas";"Tombamento";"Sem Vítimas";"Plena Noite";"Decrescente";"Céu Claro";"Dupla";"Reta";"Sim";2;0;0;0;0;2;0;1;-12,933839;-38,47190701;"SPRF-BA";"DEL01-BA";"UOP01-DEL01-BA"
519605;2023-04-27;"quinta-feira";"23:30:00";"RJ";40;85;"PETROPOLIS";"Velocidade Incompatível";"Capotamento";"Com Vítimas Feridas";"Plena Noite";"Crescente";"Chuva";"Dupla";"Curva";"Não";1;0;1;0;0;0;1;1;-22,52850694;-43,2349802;"SPRF-RJ";"DEL06-RJ";"UOP01-DEL06-RJ"
519606;2023-04-28;"sexta-feira";"00:30:00";"RJ";493;88,5;"DUQUE DE CAXIAS";"Demais falhas mecânicas ou elétricas";"Incêndio";"Sem Vítimas";"Plena Noite";"Decrescente";"Chuva";"Dupla";"Reta";"Não";1;0;0;0;1;0;0;1;-22,672089;-43,285053;"SPRF-RJ";"DEL03-RJ";"UOP01-DEL03-RJ"
519607;2023-04-28;"sexta-feira";"00:30:00";"RJ";40;91;"PETROPOLIS";"Velocidade Incompatível";"Colisão com objeto";"Com Vítimas Feridas";"Plena Noite";"Crescente";"Chuva";"Simples";"Declive;Curva";"Não";1;0;1;0;0;0;1;1;-22,54903566;-43,24229724;"SPRF-RJ";"DEL06-RJ";"UOP01-DEL06-RJ"
519608;2023-04-27;"quinta-feira";"17:15:00";"RS";470;220;"BENTO GONCALVES";"Reação tardia ou ineficiente do condutor";"Colisão traseira";"Com Vítimas Feridas";"Pleno dia";"Decrescente";"Céu Claro";"Simples";"Em Obras;Declive;Reta";"Sim";3;0;1;0;2;0;1;2;-29,18739172;-51,52056521;"SPRF-RS";"DEL06-RS";"UOP01-DEL06-RS"
519610;2023-04-27;"quinta-feira";"19:30:00";"RS";470;158;"NOVA PRATA";"Transitar na contramão";"Colisão frontal";"Com Vítimas Feridas";"Plena Noite";"Decrescente";"Céu Claro";"Simples";"Curva";"Sim";2;0;0;2;0;0;2;2;-28,80000398;-51,61054097;"SPRF-RS";"DEL06-RS";"UOP02-DEL06-RS"
519611;2023-04-28;"sexta-feira";"01:30:00";"BA";135;141;"RIACHAO DAS NEVES";"Ingestão de álcool pelo condutor";"Colisão lateral sentido oposto";"Sem Vítimas";"Plena Noite";"Decrescente";"Céu Claro";"Simples";"Reta";"Não";2;0;0;0;2;0;0;2;-11,8777529;-44,8486113;"SPRF-BA";"DEL08-BA";"UOP04-DEL08-BA"
519612;2023-04-28;"sexta-feira";"01:00:00";"SP";381;87;"GUARULHOS";"Reação tardia ou ineficiente do condutor";"Colisão com objeto";"Com Vítimas Feridas";"Plena Noite";"Decrescente";"Garoa/Chuvisco";"Dupla";"Curva";"Sim";1;0;1;0;0;0;1;1;-23,47544951;-46,56065941;"SPRF-SP";"DEL03-SP";"UOP01-DEL03-SP"
519614;2023-04-28;"sexta-feira";"01:30:00";"RS";101;45,2;"TERRA DE AREIA";"Acessar a via sem observar a presença dos outros veículos";"Colisão transversal";"Com Vítimas Feridas";"Plena Noite";"Decrescente";"Nublado";"Dupla";"Viaduto";"Sim";2;0;0;1;1;0;1;2;-29,575001;-50,06163;"SPRF-RS";"DEL03-RS";"UOP02-DEL03-RS"
519615;2023-04-28;"sexta-feira";"00:30:00";"PR";376;159,6;"MANDAGUACU";"Reação tardia ou ineficiente do condutor";"Saída de leito carroçável";"Com Vítimas Fatais";"Plena Noite";"Decrescente";"Céu Claro";"Dupla";"Curva";"Não";1;1;0;0;0;0;0;1;-23,36498136;-52,07632098;"SPRF-PR";"DEL09-PR";"UOP01-DEL09-PR"
519616;2023-04-28;"sexta-feira";"02:20:00";"SC";101;215,1;"PALHOCA";"Avarias e/ou desgaste excessivo no pneu";"Tombamento";"Com Vítimas Feridas";"Plena Noite";"Decrescente";"Céu Claro";"Múltipla";"Reta";"Sim";2;0;1;1;0;0;2;1;-27,65184843;-48,67604941;"SPRF-SC";"DEL01-SC";"UOP02-DEL01-SC"
519617;2023-04-28;"sexta-feira";"02:35:00";"RS";116;249;"SAO LEOPOLDO";"Ausência de reação do condutor";"Saída de leito carroçável";"Sem Vítimas";"Plena Noite";"Decrescente";"Céu Claro";"Dupla";"Curva";"Não";1;0;0;0;0;1;0;1;-29,78450167;-51,16216063;"SPRF-RS";"DEL01-RS";"UOP02-DEL01-RS"
519618;2023-04-28;"sexta-feira";"02:30:00";"PE";232;176,3;"BELO JARDIM";"Ingestão de álcool pelo condutor";"Colisão lateral sentido oposto";"Com Vítimas Fatais";"Plena Noite";"Decrescente";"Nublado";"Simples";"Curva";"Sim";2;1;0;0;1;0;0;2;-8,34776195;-36,3984502;"SPRF-PE";"DEL03-PE";"UOP02-DEL03-PE"
519619;2023-04-28;"sexta-feira";"00:50:00";"RS";153;558;"BAGE";"Reação tardia ou ineficiente do condutor";"Saída de leito carroçável";"Com Vítimas Feridas";"Plena Noite";"Decrescente";"Céu Claro";"Simples";"Reta";"Não";37;0;2;0;35;0;2;1;-30,90857;-53,620557;"SPRF-RS";"DEL11-RS";"UOP03-DEL11-RS"
519620;2023-04-27;"quinta-feira";"23:00:00";"TO";230;20;"AGUIARNOPOLIS";"Velocidade Incompatível";"Saída de leito carroçável";"Com Vítimas Feridas";"Plena Noite";"Decrescente";"Céu Claro";"Simples";"Reta";"Não";3;0;0;3;0;0;3;1;-6,43443995;-47,54098359;"SPRF-TO";"DEL02-TO";"UOP03-DEL02-TO"
519623;2023-04-28;"sexta-feira";"04:20:00";"BA";116;17,1;"VITORIA DA CONQUISTA";"Ausência de reação do condutor";"Colisão traseira";"Sem Vítimas";"Amanhecer";"Decrescente";"Nublado";"Simples";"Reta";"Não";1;0;0;0;1;0;0;1;-14,90141;-40,83953;"SPRF-BA";"DEL08-BA";"UOP01-DEL08-BA"
519624;2023-04-28;"sexta-feira";"04:30:00";"MG";40;511,9;"RIBEIRAO DAS NEVES";"Reação tardia ou ineficiente do condutor";"Saída de leito carroçável";"Com Vítimas Feridas";"Amanhecer";"Crescente";"Chuva";"Dupla";"Reta";"Não";4;0;2;0;0;2;2;1;-19,78164295;-44,11733194;"SPRF-MG";"DEL01-MG";"UOP02-DEL01-MG"
519626;2023-04-28;"sexta-feira";"05:00:00";"DF";20;8;"BRASILIA";"Ingestão de álcool pelo condutor";"Capotamento";"Com Vítimas Feridas";"Amanhecer";"Crescente";"Céu Claro";"Dupla";"Em Obras;Reta;Aclive";"Sim";1;0;1;0;0;0;1;1;-15,658386;-47,791534;"SPRF-DF";"DEL02-DF";"UOP01-DEL02-DF"
519627;2023-04-27;"quinta-feira";"18:30:00";"RO";364;710;"PORTO VELHO";"Ausência de reação do condutor";"Atropelamento de Pedestre";"Com Vítimas Fatais";"Anoitecer";"Decrescente";"Nublado";"Dupla";"Reta";"Sim";3;1;0;2;0;0;2;2;-8,78177009;-63,86508822;"SPRF-RO";"DEL01-RO";"UOP01-DEL01-RO"
519631;2023-04-28;"sexta-feira";"06:45:00";"SC";101;186;"BIGUACU";"Ausência de reação do condutor";"Colisão traseira";"Com Vítimas Feridas";"Pleno dia";"Decrescente";"Céu Claro";"Dupla";"Reta";"Não";2;0;1;0;1;0;1;2;-27,4341098;-48,62567129;"SPRF-SC";"DEL01-SC";"UOP01-DEL01-SC"
519632;2023-04-28;"sexta-feira";"04:30:00";"RJ";116;111;"GUAPIMIRIM";"Ausência de reação do condutor";"Tombamento";"Com Vítimas Feridas";"Amanhecer";"Decrescente";"Nublado";"Dupla";"Reta";"Sim";1;0;1;0;0;0;1;1;-22,55838319;-42,99482067;"SPRF-RJ";"DEL04-RJ";"UOP02-DEL04-RJ"
519633;2023-04-28;"sexta-feira";"06:30:00";"PR";116;99;"SAO JOSE DOS PINHAIS";"Demais falhas mecânicas ou elétricas";"Incêndio";"Sem Vítimas";"Amanhecer";"Decrescente";"Céu Claro";"Dupla";"Reta";"Não";2;0;0;0;2;0;0;1;-25,52682231;-49,14038767;"SPRF-PR";"DEL01-PR";"UOP07-DEL01-PR"
519634;2023-04-28;"sexta-feira";"05:20:00";"PI";343;259;"CAMPO MAIOR";"Ausência de reação do condutor";"Colisão traseira";"Com Vítimas Feridas";"Anoitecer";"Crescente";"Nevoeiro/Neblina";"Simples";"Reta";"Não";5;0;2;0;2;1;2;4;-4,796538;-42,131245;"SPRF-PI";"DEL01-PI";"UOP03-DEL01-PI"
519636;2023-04-28;"sexta-feira";"06:55:00";"RS";158;326;"SANTA MARIA";"Condutor Dormindo";"Colisão frontal";"Com Vítimas Feridas";"Pleno dia";"Crescente";"Céu Claro";"Simples";"Curva;Viaduto";"Sim";4;0;3;1;0;0;4;2;-29,71494262;-53,81003369;"SPRF-RS";"DEL09-RS";"UOP01-DEL09-RS"
519637;2023-04-28;"sexta-feira";"06:40:00";"SP";116;146,1;"SAO JOSE DOS CAMPOS";"Ausência de reação do condutor";"Colisão traseira";"Com Vítimas Feridas";"Amanhecer";"Crescente";"Chuva";"Dupla";"Declive";"Sim";1;0;1;0;0;0;1;1;-23,19122919;-45,86327591;"SPRF-SP";"DEL02-SP";"UOP01-DEL02-SP"
519639;2023-04-28;"sexta-feira";"06:33:00";"CE";116;38;"HORIZONTE";"Ausência de reação do condutor";"Colisão traseira";"Com Vítimas Feridas";"Pleno dia";"Decrescente";"Céu Claro";"Dupla";"Reta";"Não";3;0;1;0;2;0;1;3;-4,07911598;-38,49945391;"SPRF-CE";"DEL01-CE";"UOP02-DEL01-CE"
519640;2023-04-28;"sexta-feira";"04:30:00";"RJ";40;115;"DUQUE DE CAXIAS";"Velocidade Incompatível";"Colisão com objeto";"Sem Vítimas";"Amanhecer";"Decrescente";"Chuva";"Múltipla";"Reta";"Sim";2;0;0;0;0;2;0;2;-22,72756999;-43,2891609;"SPRF-RJ";"DEL01-RJ";"UOP01-DEL01-RJ"
519641;2023-04-28;"sexta-feira";"07:00:00";"MG";40;531;"CONTAGEM";"Condutor deixou de manter distância do veículo da frente";"Colisão traseira";"Com Vítimas Feridas";"Pleno dia";"Crescente";"Garoa/Chuvisco";"Dupla";"Reta";"Sim";3;0;2;0;1;0;2;2;-19,91962483;-44,02522683;"SPRF-MG";"DEL01-MG";"UOP02-DEL01-MG"
519643;2023-04-28;"sexta-feira";"07:00:00";"PR";376;505;"PONTA GROSSA";"Demais falhas mecânicas ou elétricas";"Queda de ocupante de veículo";"Com Vítimas Feridas";"Pleno dia";"Crescente";"Céu Claro";"Dupla";"Reta";"Não";2;0;1;0;1;0;1;1;-25,23727809;-50,03847808;"SPRF-PR";"DEL03-PR";"UOP04-DEL03-PR"
519644;2023-04-28;"sexta-feira";"07:40:00";"SC";101;80,1;"ARAQUARI";"Acessar a via sem observar a presença dos outros veículos";"Colisão transversal";"Sem Vítimas";"Pleno dia";"Decrescente";"Céu Claro";"Dupla";"Reta";"Não";2;0;0;0;2;0;0;2;-26,595779;-48,722602;"SPRF-SC";"DEL03-SC";"UOP02-DEL03-SC"
519645;2023-04-28;"sexta-feira";"06:08:00";"ES";101;270;"SERRA";"Manobra de mudança de faixa";"Colisão lateral mesmo sentido";"Com Vítimas Feridas";"Pleno dia";"Crescente";"Céu Claro";"Múltipla";"Reta";"Sim";2;0;1;0;1;0;1;2;-20,22662056;-40,27075088;"SPRF-ES";"DEL02-ES";"UOP01-DEL02-ES"
519646;2023-04-28;"sexta-feira";"05:50:00";"ES";101;268,8;"SERRA";"Acessar a via sem observar a presença dos outros veículos";"Colisão transversal";"Com Vítimas Feridas";"Pleno dia";"Crescente";"Céu Claro";"Múltipla";"Reta";"Sim";3;0;1;0;0;2;1;2;-20,21621381;-40,27011752;"SPRF-ES";"DEL02-ES";"UOP01-DEL02-ES"
519647;2023-04-28;"sexta-feira";"07:00:00";"RJ";116;174;"SAO JOAO DE MERITI";"Condutor Dormindo";"Colisão traseira";"Com Vítimas Feridas";"Pleno dia";"Crescente";"Nublado";"Múltipla";"Reta";"Sim";2;0;1;0;1;0;1;2;-22,79423806;-43,36403759;"SPRF-RJ";"DEL01-RJ";"UOP02-DEL01-RJ"
519648;2023-04-28;"sexta-feira";"07:20:00";"AL";316;49;"CANAPI";"Condutor Dormindo";"Saída de leito carroçável";"Com Vítimas Feridas";"Pleno dia";"Decrescente";"Céu Claro";"Simples";"Rotatória";"Sim";2;0;0;1;0;1;1;2;-9,193462;-37,514824;"SPRF-AL";"DEL03-AL";"UOP02-DEL03-AL"
519652;2023-04-28;"sexta-feira";"07:05:00";"PE";101;75,4;"RECIFE";"Reação tardia ou ineficiente do condutor";"Colisão lateral mesmo sentido";"Com Vítimas Feridas";"Pleno dia";"Crescente";"Céu Claro";"Dupla";"Reta";"Sim";2;0;1;0;1;0;1;2;-8,10973523;-34,94660151;"SPRF-PE";"DEL01-PE";"UOP01-DEL01-PE"
519653;2023-04-28;"sexta-feira";"07:15:00";"PB";230;20;"JOAO PESSOA";"Pista Escorregadia";"Queda de ocupante de veículo";"Com Vítimas Feridas";"Pleno dia";"Crescente";"Chuva";"Dupla";"Reta";"Sim";1;0;1;0;0;0;1;1;-7,1337;-34,8544;"SPRF-PB";"DEL01-PB";"UOP01-DEL01-PB"
519654;2023-04-28;"sexta-feira";"07:20:00";"PE";232;146;"SAO CAITANO";"Ausência de reação do condutor";"Tombamento";"Com Vítimas Feridas";"Pleno dia";"Decrescente";"Céu Claro";"Simples";"Reta";"Sim";2;0;2;0;0;0;2;1;-8,33218974;-36,12904312;"SPRF-PE";"DEL03-PE";"UOP02-DEL03-PE"
519657;2023-04-28;"sexta-feira";"07:20:00";"SP";116;218;"GUARULHOS";"Trafegar com motocicleta (ou similar) entre as faixas";"Colisão lateral mesmo sentido";"Com Vítimas Feridas";"Pleno dia";"Crescente";"Nublado";"Múltipla";"Reta";"Sim";2;0;1;0;1;0;1;2;-23,457972;-46,479927;"SPRF-SP";"DEL01-SP";"UOP01-DEL01-SP"
519658;2023-04-28;"sexta-feira";"07:20:00";"RJ";495;2;"TERESOPOLIS";"Conversão proibida";"Colisão transversal";"Com Vítimas Feridas";"Pleno dia";"Crescente";"Chuva";"Simples";"Curva";"Sim";2;0;1;0;1;0;1;2;-22,400926;-42,981018;"SPRF-RJ";"DEL04-RJ";"UOP01-DEL04-RJ"
519659;2023-04-28;"sexta-feira";"08:15:00";"SC";101;214;"PALHOCA";"Ausência de reação do condutor";"Colisão lateral mesmo sentido";"Com Vítimas Feridas";"Pleno dia";"Decrescente";"Céu Claro";"Múltipla";"Interseção de Vias;Reta";"Sim";2;0;0;1;1;0;1;2;-27,64443;-48,67057;"SPRF-SC";"DEL01-SC";"UOP02-DEL01-SC"
519661;2023-04-28;"sexta-feira";"08:20:00";"RJ";40;72;"PETROPOLIS";"Velocidade Incompatível";"Colisão com objeto";"Com Vítimas Feridas";"Pleno dia";"Decrescente";"Chuva";"Simples";"Curva;Declive";"Não";1;0;1;0;0;0;1;1;-22,461931;-43,222146;"SPRF-RJ";"DEL06-RJ";"UOP01-DEL06-RJ"
519663;2023-04-17;"segunda-feira";"03:45:00";"SP";381;89;"GUARULHOS";"Ausência de reação do condutor";"Colisão traseira";"Com Vítimas Feridas";"Amanhecer";"Crescente";"Garoa/Chuvisco";"Dupla";"Reta";"Sim";5;0;2;0;3;0;2;2;-23,48469299;-46,55983288;"SPRF-SP";"DEL03-SP";"UOP01-DEL03-SP"
519667;2023-04-28;"sexta-feira";"08:20:00";"PR";376;170,8;"MARINGA";"Acessar a via sem observar a presença dos outros veículos";"Colisão transversal";"Com Vítimas Feridas";"Pleno dia";"Decrescente";"Nublado";"Dupla";"Interseção de Vias;Declive";"Sim";2;0;1;0;1;0;1;2;-23,40977076;-51,98742368;"SPRF-PR";"DEL09-PR";"UOP01-DEL09-PR"
519669;2023-04-28;"sexta-feira";"08:35:00";"RS";290;468,8;"ROSARIO DO SUL";"Ultrapassagem Indevida";"Colisão frontal";"Com Vítimas Fatais";"Pleno dia";"Crescente";"Céu Claro";"Simples";"Reta";"Não";6;1;0;0;2;3;0;4;-30,242628;-54,804224;"SPRF-RS";"DEL11-RS";"UOP02-DEL11-RS"
519670;2023-04-28;"sexta-feira";"08:00:00";"RS";101;22,9;"TRES CACHOEIRAS";"Condutor deixou de manter distância do veículo da frente";"Colisão traseira";"Com Vítimas Feridas";"Pleno dia";"Decrescente";"Céu Claro";"Múltipla";"Reta";"Sim";3;0;1;0;2;0;1;2;-29,4398072;-49,90113887;"SPRF-RS";"DEL03-RS";"UOP02-DEL03-RS"
519671;2023-04-28;"sexta-feira";"07:52:00";"MG";116;702,5;"MURIAE";"Pedestre cruzava a pista fora da faixa";"Atropelamento de Pedestre";"Com Vítimas Feridas";"Pleno dia";"Crescente";"Chuva";"Múltipla";"Curva";"Sim";3;0;1;0;0;2;1;2;-21,11938311;-42,38006362;"SPRF-MG";"DEL07-MG";"UOP02-DEL07-MG"
519672;2023-04-28;"sexta-feira";"09:00:00";"SC";101;147,3;"ITAPEMA";"Manobra de mudança de faixa";"Colisão lateral mesmo sentido";"Com Vítimas Feridas";"Pleno dia";"Decrescente";"Céu Claro";"Simples";"Reta";"Sim";2;0;0;1;1;0;1;2;-27,09237407;-48,61730888;"SPRF-SC";"DEL04-SC";"UOP03-DEL04-SC"
519673;2023-04-28;"sexta-feira";"08:00:00";"RJ";495;27,5;"PETROPOLIS";"Acessar a via sem observar a presença dos outros veículos";"Colisão transversal";"Com Vítimas Feridas";"Pleno dia";"Crescente";"Céu Claro";"Simples";"Reta";"Sim";3;0;1;0;2;0;1;2;-22,40941;-43,100292;"SPRF-RJ";"DEL06-RJ";"UOP01-DEL06-RJ"
519675;2023-04-28;"sexta-feira";"08:58:00";"ES";101;268;"SERRA";"Ausência de reação do condutor";"Atropelamento de Pedestre";"Com Vítimas Feridas";"Pleno dia";"Crescente";"Céu Claro";"Dupla";"Reta";"Sim";4;0;1;0;3;0;1;3;-20,20842;-40,269405;"SPRF-ES";"DEL02-ES";"UOP01-DEL02-ES"
519676;2023-04-28;"sexta-feira";"08:20:00";"MG";40;783,5;"JUIZ DE FORA";"Chuva";"Colisão lateral mesmo sentido";"Com Vítimas Feridas";"Pleno dia";"Decrescente";"Garoa/Chuvisco";"Dupla";"Declive;Curva";"Não";1;0;1;0;0;0;1;1;-21,70406297;-43,45067808;"SPRF-MG";"DEL05-MG";"UOP01-DEL05-MG"
519677;2023-04-28;"sexta-feira";"08:50:00";"CE";20;349,2;"CARIDADE";"Condutor deixou de manter distância do veículo da frente";"Colisão traseira";"Com Vítimas Feridas";"Pleno dia";"Crescente";"Céu Claro";"Simples";"Reta";"Não";4;0;1;0;3;0;1;2;-4,094943;-39,055965;"SPRF-CE";"DEL02-CE";"UOP01-DEL02-CE"
519678;2023-04-28;"sexta-feira";"09:05:00";"RS";101;35;"TRES CACHOEIRAS";"Velocidade Incompatível";"Saída de leito carroçável";"Com Vítimas Feridas";"Pleno dia";"Crescente";"Sol";"Dupla";"Retorno Regulamentado";"Não";2;0;2;0;0;0;2;1;-29,51719812;-49,99124485;"SPRF-RS";"DEL03-RS";"UOP02-DEL03-RS"
519680;2023-04-28;"sexta-feira";"09:30:00";"SP";116;220;"GUARULHOS";"Trafegar com motocicleta (ou similar) entre as faixas";"Colisão lateral mesmo sentido";"Com Vítimas Feridas";"Pleno dia";"Crescente";"Chuva";"Múltipla";"Reta";"Sim";3;0;1;0;2;0;1;3;-23,46472809;-46,49793962;"SPRF-SP";"DEL01-SP";"UOP01-DEL01-SP"
519681;2023-04-28;"sexta-feira";"09:50:00";"PB";230;19,2;"JOAO PESSOA";"Condutor deixou de manter distância do veículo da frente";"Colisão traseira";"Com Vítimas Feridas";"Pleno dia";"Crescente";"Sol";"Dupla";"Aclive;Reta;Viaduto";"Sim";3;0;1;0;1;1;1;3;-7,138226;-34,853188;"SPRF-PB";"DEL01-PB";"UOP01-DEL01-PB"
519682;2023-04-28;"sexta-feira";"08:00:00";"PR";369;201;"APUCARANA";"Manobra de mudança de faixa";"Colisão transversal";"Com Vítimas Feridas";"Plena Noite";"Decrescente";"Nublado";"Simples";"Reta";"Sim";3;0;1;1;0;1;2;3;-23,53457957;-51,45590544;"SPRF-PR";"DEL07-PR";"UOP03-DEL07-PR"
519683;2023-04-28;"sexta-feira";"09:10:00";"BA";116;815;"VITORIA DA CONQUISTA";"Acessar a via sem observar a presença dos outros veículos";"Colisão transversal";"Com Vítimas Feridas";"Pleno dia";"Decrescente";"Céu Claro";"Simples";"Reta";"Sim";2;0;1;0;1;0;1;2;-14,77315332;-40,72201784;"SPRF-BA";"DEL08-BA";"UOP01-DEL08-BA"
519685;2023-04-28;"sexta-feira";"09:15:00";"SC";101;123;"ITAJAI";"Acessar a via sem observar a presença dos outros veículos";"Colisão transversal";"Com Vítimas Feridas";"Pleno dia";"Decrescente";"Céu Claro";"Dupla";"Interseção de Vias;Rotatória;Retorno Regulamentado";"Sim";2;0;1;0;1;0;1;2;-26,93668609;-48,69876905;"SPRF-SC";"DEL04-SC";"UOP04-DEL04-SC"
519689;2023-04-28;"sexta-feira";"09:26:00";"ES";101;142,9;"LINHARES";"Reação tardia ou ineficiente do condutor";"Saída de leito carroçável";"Com Vítimas Feridas";"Pleno dia";"Decrescente";"Sol";"Dupla";"Reta";"Sim";1;0;0;1;0;0;1;1;-19,33458987;-40,06755477;"SPRF-ES";"DEL04-ES";"UOP01-DEL04-ES"
519690;2023-04-28;"sexta-feira";"10:30:00";"PR";376;195,9;"MARIALVA";"Manobra de mudança de faixa";"Colisão lateral mesmo sentido";"Com Vítimas Feridas";"Pleno dia";"Crescente";"Céu Claro";"Dupla";"Reta;Retorno Regulamentado";"Não";2;0;0;1;1;0;1;2;-23,50131849;-51,78473353;"SPRF-PR";"DEL09-PR";"UOP01-DEL09-PR"
519695;2023-04-28;"sexta-feira";"10:48:00";"CE";116;481;"MILAGRES";"Acessar a via sem observar a presença dos outros veículos";"Colisão transversal";"Com Vítimas Feridas";"Pleno dia";"Crescente";"Céu Claro";"Simples";"Reta";"Sim";2;0;0;2;0;0;2;2;-7,30290296;-38,91153101;"SPRF-CE";"DEL05-CE";"UOP03-DEL05-CE"