"id";"data_inversa";"dia_semana";"horario";"uf";"br";"km";"municipio";"causa_acidente";"tipo_acidente";"classificacao_acidente";"fase_dia";"sentido_via";"condicao_metereologica";"tipo_pista";"tracado_via";"uso_solo";"pessoas";"mortos";"feridos_leves";"feridos_graves";"ilesos";"ignorados";"feridos";"veiculos";"latitude";"longitude";"regional";"delegacia";"uop"
519697;2023-04-28;"sexta-feira";"11:30:00";"SC";282;16,5;"PALHOCA";"Condutor deixou de manter distância do veículo da frente";"Colisão transversal";"Com Vítimas Feridas";"Pleno dia";"Crescente";"Céu Claro";"Simples";"Reta";"Sim";2;0;1;0;1;0;1;2;-27,658611;-48,681847;"SPRF-SC";"DEL01-SC";"UOP02-DEL01-SC"
519699;2023-04-28;"sexta-feira";"11:50:00";"MG";267;161,3;"LIMA DUARTE";"Desrespeitar a preferência no cruzamento";"Colisão transversal";"Com Vítimas Feridas";"Pleno dia";"Crescente";"Nublado";"Simples";"Reta;Interseção de Vias";"Não";3;0;1;1;1;0;2;2;-21,842335;-43,78325;"SPRF-MG";"DEL05-MG";"UOP01-DEL05-MG"
519700;2023-04-28;"sexta-feira";"12:00:00";"SP";116;2;"GUARULHOS";"Demais falhas mecânicas ou elétricas";"Incêndio";"Sem Vítimas";"Pleno dia";"Decrescente";"Céu Claro";"Simples";"Reta";"Não";1;0;0;0;1;0;0;1;-23,463257;-46,53373;"SPRF-SP";"DEL01-SP";"UOP01-DEL01-SP"
519701;2023-04-28;"sexta-feira";"12:00:00";"RS";470;175;"VERANOPOLIS";"Transitar na contramão";"Colisão frontal";"Com Vítimas Feridas";"Pleno dia";"Crescente";"Céu Claro";"Simples";"Reta";"Sim";4;0;1;0;1;2;1;3;-28,91926201;-51,53914905;"SPRF-RS";"DEL06-RS";"UOP02-DEL06-RS"
519703;2023-04-28;"sexta-feira";"08:05:00";"PB";230;9;"CABEDELO";"Avarias e/ou desgaste excessivo no pneu";"Tombamento";"Com Vítimas Feridas";"Pleno dia";"Decrescente";"Céu Claro";"Dupla";"Viaduto";"Sim";2;0;2;0;0;0;2;1;-7,0433;-34,8466;"SPRF-PB";"DEL01-PB";"UOP01-DEL01-PB"
519704;2023-04-28;"sexta-feira";"11:30:00";"SC";280;129,5;"RIO NEGRINHO";"Área urbana sem a presença de local apropriado para a travessia de pedestres";"Atropelamento de Pedestre";"Com Vítimas Feridas";"Pleno dia";"Crescente";"Céu Claro";"Simples";"Reta";"Sim";3;0;2;0;1;0;2;2;-26,24586437;-49,52284615;"SPRF-SC";"DEL06-SC";"UOP03-DEL06-SC"
519705;2023-04-28;"sexta-feira";"10:15:00";"ES";101;66,3;"SAO MATEUS";"Reação tardia ou ineficiente do condutor";"Colisão com objeto";"Com Vítimas Feridas";"Pleno dia";"Crescente";"Sol";"Múltipla";"Reta";"Sim";2;0;2;0;0;0;2;1;-18,7165195;-39,87436378;"SPRF-ES";"DEL04-ES";"UOP02-DEL04-ES"
519707;2023-04-28;"sexta-feira";"10:40:00";"MS";376;169;"NOVA ANDRADINA";"Desrespeitar a preferência no cruzamento";"Colisão transversal";"Com Vítimas Feridas";"Pleno dia";"Crescente";"Céu Claro";"Simples";"Retorno Regulamentado";"Não";4;0;1;1;2;0;2;2;-22,31130481;-53,40508306;"SPRF-MS";"DEL04-MS";"UOP04-DEL04-MS"
519708;2023-04-28;"sexta-feira";"12:40:00";"RS";290;91;"PORTO ALEGRE";"Acessar a via sem observar a presença dos outros veículos";"Colisão transversal";"Com Vítimas Feridas";"Pleno dia";"Decrescente";"Céu Claro";"Múltipla";"Reta";"Sim";7;0;1;0;6;0;1;2;-29,969055;-51,167439;"SPRF-RS";"DEL01-RS";"UOP01-DEL01-RS"
519709;2023-04-28;"sexta-feira";"08:39:00";"SC";282;383,2;"HERVAL DOESTE";"Ausência de reação do condutor";"Saída de leito carroçável";"Com Vítimas Feridas";"Pleno dia";"Crescente";"Céu Claro";"Simples";"Declive;Curva";"Não";1;0;1;0;0;0;1;1;-27,195795;-51,506767;"SPRF-SC";"DEL07-SC";"UOP05-DEL07-SC"
519711;2023-04-28;"sexta-feira";"08:11:00";"PA";163;574;"TRAIRAO";"Reação tardia ou ineficiente do condutor";"Tombamento";"Com Vítimas Feridas";"Amanhecer";"Crescente";"Ignorado";"Simples";"Reta";"Sim";1;0;1;0;0;0;1;1;-5,025812;-56,187492;"SPRF-PA";"DEL05-PA";"UOP02-DEL05-PA"
519712;2023-04-28;"sexta-feira";"11:15:00";"RJ";101;209;"CASIMIRO DE ABREU";"Chuva";"Colisão com objeto";"Com Vítimas Feridas";"Pleno dia";"Crescente";"Chuva";"Dupla";"Curva";"Não";2;0;2;0;0;0;2;1;-22,48133694;-42,22930101;"SPRF-RJ";"DEL08-RJ";"UOP04-DEL08-RJ"
519713;2023-04-28;"sexta-feira";"13:35:00";"BA";116;473;"SANTO ESTEVAO";"Demais falhas mecânicas ou elétricas";"Capotamento";"Com Vítimas Feridas";"Pleno dia";"Crescente";"Sol";"Dupla";"Reta";"Sim";3;0;2;0;1;0;2;1;-12,48054442;-39,3110698;"SPRF-BA";"DEL02-BA";"UOP01-DEL02-BA"
519714;2023-04-24;"segunda-feira";"08:18:00";"RS";290;585;"ALEGRETE";"Conversão proibida";"Colisão frontal";"Sem Vítimas";"Pleno dia";"Decrescente";"Nublado";"Simples";"Reta";"Sim";2;0;0;0;1;1;0;2;-29,80937;-55,827068;"SPRF-RS";"DEL13-RS";"UOP02-DEL13-RS"
519717;2023-04-23;"domingo";"16:05:00";"SP";116;275;"TABOAO DA SERRA";"Manobra de mudança de faixa";"Colisão lateral mesmo sentido";"Com Vítimas Feridas";"Pleno dia";"Decrescente";"Céu Claro";"Dupla";"Reta";"Sim";4;0;1;0;1;2;1;3;-23,63638826;-46,83251584;"SPRF-SP";"DEL04-SP";"UOP01-DEL04-SP"
519718;2023-04-28;"sexta-feira";"14:00:00";"BA";324;521,2;"FEIRA DE SANTANA";"Manobra de mudança de faixa";"Saída de leito carroçável";"Com Vítimas Feridas";"Pleno dia";"Decrescente";"Sol";"Dupla";"Reta";"Sim";1;0;1;0;0;0;1;1;-12,27918591;-38,92645693;"SPRF-BA";"DEL01-BA";"UOP03-DEL01-BA"
519721;2023-04-28;"sexta-feira";"14:26:00";"ES";101;280;"SERRA";"Acumulo de água sobre o pavimento";"Saída de leito carroçável";"Com Vítimas Feridas";"Pleno dia";"Crescente";"Chuva";"Dupla";"Curva";"Não";4;0;3;0;1;0;3;1;-20,21828666;-40,34895595;"SPRF-ES";"DEL02-ES";"UOP01-DEL02-ES"
519722;2023-04-28;"sexta-feira";"14:22:00";"BA";135;186;"BARREIRAS";"Manobra de mudança de faixa";"Colisão traseira";"Com Vítimas Feridas";"Pleno dia";"Decrescente";"Sol";"Simples";"Reta";"Não";4;0;0;1;1;2;1;3;-12,20181807;-45,01487075;"SPRF-BA";"DEL08-BA";"UOP04-DEL08-BA"
519723;2023-04-28;"sexta-feira";"13:30:00";"PI";343;11;"PARNAIBA";"Desrespeitar a preferência no cruzamento";"Colisão transversal";"Com Vítimas Feridas";"Pleno dia";"Decrescente";"Nublado";"Simples";"Reta";"Sim";2;0;1;0;1;0;1;2;-2,903314;-41,750664;"SPRF-PI";"DEL05-PI";"UOP01-DEL05-PI"
519724;2023-04-28;"sexta-feira";"14:30:00";"SP";116;229;"SAO PAULO";"Reação tardia ou ineficiente do condutor";"Colisão traseira";"Com Vítimas Feridas";"Pleno dia";"Crescente";"Céu Claro";"Múltipla";"Reta";"Não";2;0;1;0;1;0;1;2;-23,51291902;-46,57604698;"SPRF-SP";"DEL01-SP";"UOP01-DEL01-SP"
519726;2023-04-28;"sexta-feira";"12:00:00";"SP";116;219;"GUARULHOS";"Demais falhas mecânicas ou elétricas";"Incêndio";"Sem Vítimas";"Pleno dia";"Crescente";"Céu Claro";"Simples";"Reta";"Não";1;0;0;0;1;0;0;1;-23,46143954;-46,48885316;"SPRF-SP";"DEL01-SP";"UOP01-DEL01-SP"
519727;2023-04-28;"sexta-feira";"11:10:00";"BA";110;8;"PAULO AFONSO";"Transitar na contramão";"Colisão transversal";"Com Vítimas Feridas";"Pleno dia";"Crescente";"Céu Claro";"Simples";"Curva";"Não";3;0;1;1;1;0;2;2;-9,52339808;-38,21951951;"SPRF-BA";"DEL07-BA";"UOP01-DEL07-BA"
519728;2023-04-28;"sexta-feira";"12:45:00";"SC";116;140,7;"SANTA CECILIA";"Acessar a via sem observar a presença dos outros veículos";"Colisão transversal";"Com Vítimas Feridas";"Pleno dia";"Decrescente";"Céu Claro";"Simples";"Interseção de Vias";"Sim";3;0;1;0;2;0;1;2;-26,96625517;-50,40928315;"SPRF-SC";"DEL06-SC";"UOP02-DEL06-SC"
519730;2023-04-28;"sexta-feira";"12:30:00";"GO";60;394,4;"RIO VERDE";"Velocidade Incompatível";"Saída de leito carroçável";"Com Vítimas Feridas";"Pleno dia";"Crescente";"Céu Claro";"Dupla";"Curva;Declive";"Não";2;0;0;2;0;0;2;1;-17,8228;-50,9983;"SPRF-GO";"DEL04-GO";"UOP02-DEL04-GO"
519731;2023-04-28;"sexta-feira";"14:50:00";"MG";381;500,1;"BETIM";"Condutor deixou de manter distância do veículo da frente";"Engavetamento";"Com Vítimas Feridas";"Pleno dia";"Decrescente";"Chuva";"Dupla";"Reta";"Não";8;0;3;0;5;0;3;5;-20,02513493;-44,23112709;"SPRF-MG";"DEL04-MG";"UOP03-DEL04-MG"
519732;2023-04-28;"sexta-feira";"10:37:00";"SC";153;1;"AGUA DOCE";"Mal súbito do condutor";"Saída de leito carroçável";"Com Vítimas Feridas";"Pleno dia";"Decrescente";"Nublado";"Simples";"Curva";"Não";1;0;1;0;0;0;1;1;-26,612688;-51,494854;"SPRF-SC";"DEL07-SC";"UOP07-DEL07-SC"
519733;2023-04-28;"sexta-feira";"14:40:00";"MG";365;8;"MONTES CLAROS";"Ausência de reação do condutor";"Colisão traseira";"Com Vítimas Feridas";"Pleno dia";"Crescente";"Céu Claro";"Simples";"Reta";"Não";3;0;0;1;2;0;1;2;-16,78382;-43,890787;"SPRF-MG";"DEL12-MG";"UOP01-DEL12-MG"
519734;2023-04-28;"sexta-feira";"15:15:00";"SP";116;220;"GUARULHOS";"Manobra de mudança de faixa";"Colisão lateral mesmo sentido";"Com Vítimas Feridas";"Pleno dia";"Crescente";"Céu Claro";"Múltipla";"Reta";"Sim";2;0;1;0;1;0;1;2;-23,46472809;-46,49793962;"SPRF-SP";"DEL01-SP";"UOP01-DEL01-SP"
519735;2023-04-28;"sexta-feira";"14:20:00";"GO";50;209;"CAMPO ALEGRE DE GOIAS";"Acumulo de água sobre o pavimento";"Saída de leito carroçável";"Com Vítimas Feridas";"Pleno dia";"Decrescente";"Chuva";"Dupla";"Viaduto";"Não";1;0;1;0;0;0;1;1;-17,6409;-47,7638;"SPRF-GO";"DEL06-GO";"UOP01-DEL06-GO"
519737;2023-04-28;"sexta-feira";"13:13:00";"GO";153;113;"SANTA TEREZA DE GOIAS";"Reação tardia ou ineficiente do condutor";"Saída de leito carroçável";"Com Vítimas Feridas";"Pleno dia";"Crescente";"Céu Claro";"Simples";"Reta";"Não";2;0;0;1;1;0;1;1;-13,761327;-49,028198;"SPRF-GO";"DEL07-GO";"UOP01-DEL07-GO"
519738;2023-04-28;"sexta-feira";"11:50:00";"PR";280;257;"MARMELEIRO";"Desrespeitar a preferência no cruzamento";"Colisão frontal";"Com Vítimas Feridas";"Pleno dia";"Crescente";"Céu Claro";"Simples";"Reta";"Sim";3;0;0;2;1;0;2;2;-26,16132175;-53,0402341;"SPRF-PR";"DEL02-PR";"UOP01-DEL02-PR"
519739;2023-04-28;"sexta-feira";"15:30:00";"PB";101;85;"BAYEUX";"Reação tardia ou ineficiente do condutor";"Engavetamento";"Sem Vítimas";"Pleno dia";"Decrescente";"Céu Claro";"Dupla";"Reta";"Sim";3;0;0;0;3;0;0;3;-7,14538184;-34,91662887;"SPRF-PB";"DEL01-PB";"UOP01-DEL01-PB"
519740;2023-04-28;"sexta-feira";"15:30:00";"RS";470;159;"NOVA PRATA";"Desrespeitar a preferência no cruzamento";"Colisão transversal";"Com Vítimas Feridas";"Pleno dia";"Crescente";"Céu Claro";"Simples";"Interseção de Vias;Reta";"Sim";3;0;1;0;1;1;1;3;-28,80586721;-51,60682934;"SPRF-RS";"DEL06-RS";"UOP02-DEL06-RS"
519741;2023-04-28;"sexta-feira";"13:10:00";"RJ";116;319;"ITATIAIA";"Manobra de mudança de faixa";"Colisão traseira";"Com Vítimas Feridas";"Pleno dia";"Crescente";"Nublado";"Dupla";"Aclive;Curva";"Não";4;0;0;2;1;1;2;3;-22,47135783;-44,51922908;"SPRF-RJ";"DEL07-RJ";"UOP02-DEL07-RJ"
519742;2023-04-28;"sexta-feira";"15:20:00";"SC";101;39;"JOINVILLE";"Demais falhas mecânicas ou elétricas";"Incêndio";"Sem Vítimas";"Pleno dia";"Crescente";"Sol";"Dupla";"Reta";"Sim";1;0;0;0;1;0;0;1;-26,2628107;-48,90192257;"SPRF-SC";"DEL03-SC";"UOP01-DEL03-SC"
519743;2023-04-24;"segunda-feira";"20:55:00";"RJ";101;333;"RIO DE JANEIRO";"Pedestre cruzava a pista fora da faixa";"Atropelamento de Pedestre";"Com Vítimas Feridas";"Plena Noite";"Decrescente";"Céu Claro";"Múltipla";"Ponte;Reta";"Sim";2;0;0;1;1;0;1;2;-22,87827816;-43,21053578;"SPRF-RJ";"DEL02-RJ";"UOP01-DEL02-RJ"
519746;2023-04-28;"sexta-feira";"13:00:00";"MA";135;13;"SAO LUIS";"Acumulo de óleo sobre o pavimento";"Queda de ocupante de veículo";"Com Vítimas Feridas";"Pleno dia";"Crescente";"Céu Claro";"Dupla";"Retorno Regulamentado";"Sim";1;0;1;0;0;0;1;1;-2,68053538;-44,29512283;"SPRF-MA";"DEL01-MA";"UOP01-DEL01-MA"
519747;2023-04-28;"sexta-feira";"14:45:00";"MA";135;45,3;"BACABEIRA";"Acessar a via sem observar a presença dos outros veículos";"Colisão transversal";"Com Vítimas Feridas";"Pleno dia";"Crescente";"Céu Claro";"Dupla";"Aclive;Reta";"Não";2;0;1;0;1;0;1;2;-2,92373274;-44,34012671;"SPRF-MA";"DEL01-MA";"UOP01-DEL01-MA"
519748;2023-04-28;"sexta-feira";"15:30:00";"PR";376;386,8;"IMBAU";"Reação tardia ou ineficiente do condutor";"Saída de leito carroçável";"Com Vítimas Feridas";"Pleno dia";"Decrescente";"Céu Claro";"Dupla";"Reta";"Não";3;0;1;0;2;0;1;1;-24,50165014;-50,71899331;"SPRF-PR";"DEL03-PR";"UOP02-DEL03-PR"
519749;2023-04-16;"domingo";"15:30:00";"MG";116;284,3;"TEOFILO OTONI";"Velocidade Incompatível";"Tombamento";"Com Vítimas Feridas";"Pleno dia";"Decrescente";"Nublado";"Simples";"Curva;Declive";"Não";1;0;0;1;0;0;1;1;-17,921832;-41,527011;"SPRF-MG";"DEL11-MG";"UOP01-DEL11-MG"
519750;2023-04-28;"sexta-feira";"16:40:00";"RJ";116;173;"SAO JOAO DE MERITI";"Manobra de mudança de faixa";"Colisão lateral mesmo sentido";"Com Vítimas Feridas";"Pleno dia";"Decrescente";"Céu Claro";"Dupla";"Reta";"Não";2;0;0;1;1;0;1;2;-22,79810324;-43,35726614;"SPRF-RJ";"DEL01-RJ";"UOP02-DEL01-RJ"
519751;2023-04-28;"sexta-feira";"16:00:00";"RS";116;248;"SAO LEOPOLDO";"Reação tardia ou ineficiente do condutor";"Colisão traseira";"Com Vítimas Feridas";"Pleno dia";"Decrescente";"Céu Claro";"Dupla";"Reta";"Sim";2;0;1;0;1;0;1;2;-29,77605895;-51,15508618;"SPRF-RS";"DEL01-RS";"UOP02-DEL01-RS"
519753;2023-04-18;"terça-feira";"08:07:00";"PA";163;2;"NOVO PROGRESSO";"Reação tardia ou ineficiente do condutor";"Colisão frontal";"Com Vítimas Feridas";"Pleno dia";"Crescente";"Sol";"Simples";"Reta";"Não";3;0;0;1;2;0;1;2;-9,5279616;-54,86091614;"SPRF-PA";"DEL05-PA";"UOP02-DEL05-PA"
519754;2023-01-16;"segunda-feira";"14:00:00";"SP";116;161;"JACAREI";"Objeto estático sobre o leito carroçável";"Tombamento";"Com Vítimas Feridas";"Pleno dia";"Crescente";"Céu Claro";"Dupla";"Reta";"Não";1;0;1;0;0;0;1;1;-23,27617003;-45,97592098;"SPRF-SP";"DEL02-SP";"UOP01-DEL02-SP"
519755;2023-04-28;"sexta-feira";"14:35:00";"SC";470;63;"INDAIAL";"Ausência de reação do condutor";"Colisão transversal";"Com Vítimas Feridas";"Pleno dia";"Decrescente";"Céu Claro";"Dupla";"Reta;Declive";"Sim";2;0;0;1;1;0;1;2;-26,872396;-49,19228;"SPRF-SC";"DEL04-SC";"UOP01-DEL04-SC"
519756;2023-04-28;"sexta-feira";"13:38:00";"SC";470;31;"GASPAR";"Mal súbito do condutor";"Saída de leito carroçável";"Com Vítimas Feridas";"Pleno dia";"Crescente";"Céu Claro";"Dupla";"Reta";"Não";1;0;1;0;0;0;1;1;-26,897331;-48,923069;"SPRF-SC";"DEL04-SC";"UOP01-DEL04-SC"
519757;2023-04-28;"sexta-feira";"16:40:00";"SC";470;54;"BLUMENAU";"Manobra de mudança de faixa";"Colisão lateral mesmo sentido";"Com Vítimas Feridas";"Pleno dia";"Crescente";"Céu Claro";"Simples";"Em Obras;Reta;Aclive";"Não";3;0;1;0;2;0;1;2;-26,871065;-49,110374;"SPRF-SC";"DEL04-SC";"UOP01-DEL04-SC"
519758;2023-04-28;"sexta-feira";"13:29:00";"SC";280;118;"SAO BENTO DO SUL";"Ausência de reação do condutor";"Tombamento";"Com Vítimas Feridas";"Pleno dia";"Crescente";"Céu Claro";"Simples";"Curva";"Sim";1;0;1;0;0;0;1;1;-26,26608202;-49,42467403;"SPRF-SC";"DEL06-SC";"UOP03-DEL06-SC"
519759;2023-04-28;"sexta-feira";"16:45:00";"ES";101;261;"SERRA";"Manobra de mudança de faixa";"Colisão lateral mesmo sentido";"Com Vítimas Feridas";"Pleno dia";"Decrescente";"Céu Claro";"Dupla";"Reta";"Não";2;0;1;0;1;0;1;2;-20,14854215;-40,27970926;"SPRF-ES";"DEL02-ES";"UOP01-DEL02-ES"
519761;2023-04-28;"sexta-feira";"16:38:00";"TO";153;663;"GURUPI";"Acessar a via sem observar a presença dos outros veículos";"Colisão transversal";"Com Vítimas Feridas";"Pleno dia";"Crescente";"Sol";"Simples";"Retorno Regulamentado;Reta";"Não";4;0;1;0;3;0;1;2;-11,648502;-49,056346;"SPRF-TO";"DEL01-TO";"UOP02-DEL01-TO"
519763;2023-04-28;"sexta-feira";"17:20:00";"MG";40;736,2;"SANTOS DUMONT";"Animais na Pista";"Atropelamento de Animal";"Com Vítimas Feridas";"Pleno dia";"Decrescente";"Nublado";"Simples";"Curva";"Não";2;0;2;0;0;0;2;1;-21,38296999;-43,57033542;"SPRF-MG";"DEL05-MG";"UOP01-DEL05-MG"
519764;2023-04-28;"sexta-feira";"16:40:00";"PB";101;90;"JOAO PESSOA";"Acessar a via sem observar a presença dos outros veículos";"Colisão transversal";"Com Vítimas Feridas";"Anoitecer";"Crescente";"Céu Claro";"Dupla";"Reta";"Sim";2;0;0;1;1;0;1;2;-7,179652;-34,900417;"SPRF-PB";"DEL01-PB";"UOP02-DEL01-PB"
519765;2023-04-28;"sexta-feira";"17:20:00";"RS";386;347,2;"LAJEADO";"Ausência de reação do condutor";"Colisão lateral mesmo sentido";"Com Vítimas Feridas";"Pleno dia";"Decrescente";"Sol";"Dupla";"Aclive;Reta;Interseção de Vias;Em Obras";"Sim";2;0;1;0;1;0;1;2;-29,44663952;-51,97532594;"SPRF-RS";"DEL04-RS";"UOP01-DEL04-RS"
519766;2023-04-28;"sexta-feira";"16:20:00";"RJ";101;206;"CASIMIRO DE ABREU";"Acessar a via sem observar a presença dos outros veículos";"Colisão transversal";"Com Vítimas Feridas";"Pleno dia";"Crescente";"Nublado";"Simples";"Reta;Interseção de Vias";"Sim";2;0;1;0;1;0;1;2;-22,47673341;-42,2017251;"SPRF-RJ";"DEL08-RJ";"UOP04-DEL08-RJ"
519768;2023-04-28;"sexta-feira";"17:30:00";"PB";230;159;"CAMPINA GRANDE";"Acessar a via sem observar a presença dos outros veículos";"Colisão transversal";"Com Vítimas Feridas";"Amanhecer";"Decrescente";"Céu Claro";"Simples";"Rotatória";"Não";2;0;2;0;0;0;2;2;-7,252;-35,9334;"SPRF-PB";"DEL02-PB";"UOP01-DEL02-PB"
519771;2023-04-28;"sexta-feira";"18:00:00";"SP";116;215;"GUARULHOS";"Manobra de mudança de faixa";"Colisão traseira";"Com Vítimas Feridas";"Anoitecer";"Decrescente";"Céu Claro";"Dupla";"Reta";"Sim";2;0;1;0;1;0;1;2;-23,44695693;-46,45394103;"SPRF-SP";"DEL01-SP";"UOP01-DEL01-SP"
519774;2023-04-28;"sexta-feira";"16:20:00";"RJ";116;126;"MAGE";"Condutor deixou de manter distância do veículo da frente";"Colisão traseira";"Com Vítimas Feridas";"Pleno dia";"Decrescente";"Nublado";"Dupla";"Reta";"Sim";3;0;1;0;2;0;1;2;-22,66224832;-43,09365034;"SPRF-RJ";"DEL04-RJ";"UOP02-DEL04-RJ"
519775;2023-04-28;"sexta-feira";"17:40:00";"RN";110;47,8;"MOSSORO";"Condutor deixou de manter distância do veículo da frente";"Colisão frontal";"Com Vítimas Feridas";"Anoitecer";"Crescente";"Céu Claro";"Simples";"Reta";"Sim";2;0;1;0;0;1;1;2;-5,20338376;-37,32563418;"SPRF-RN";"DEL04-RN";"UOP01-DEL04-RN"
519776;2023-04-28;"sexta-feira";"18:25:00";"BA";116;827;"VITORIA DA CONQUISTA";"Condutor deixou de manter distância do veículo da frente";"Colisão traseira";"Com Vítimas Feridas";"Plena Noite";"Crescente";"Céu Claro";"Simples";"Reta";"Sim";2;0;1;0;1;0;1;2;-14,88837;-40,86087;"SPRF-BA";"DEL08-BA";"UOP01-DEL08-BA"
519777;2023-04-28;"sexta-feira";"18:00:00";"MG";381;883;"ESTIVA";"Velocidade Incompatível";"Colisão lateral mesmo sentido";"Com Vítimas Feridas";"Pleno dia";"Decrescente";"Céu Claro";"Dupla";"Reta";"Não";6;0;2;0;4;0;2;2;-22,53194905;-46,02809392;"SPRF-MG";"DEL16-MG";"UOP03-DEL16-MG"
519779;2023-04-28;"sexta-feira";"18:30:00";"SP";116;148;"SAO JOSE DOS CAMPOS";"Manobra de mudança de faixa";"Colisão traseira";"Sem Vítimas";"Anoitecer";"Decrescente";"Céu Claro";"Dupla";"Reta";"Sim";2;0;0;0;2;0;0;2;-23,20067421;-45,8795018;"SPRF-SP";"DEL02-SP";"UOP01-DEL02-SP"
519783;2023-04-28;"sexta-feira";"17:50:00";"PE";232;176;"BELO JARDIM";"Acesso irregular";"Colisão frontal";"Com Vítimas Feridas";"Plena Noite";"Crescente";"Céu Claro";"Simples";"Reta";"Não";2;0;1;1;0;0;2;2;-8,34573608;-36,39481995;"SPRF-PE";"DEL03-PE";"UOP02-DEL03-PE"
519784;2023-04-28;"sexta-feira";"17:30:00";"MG";40;395;"CURVELO";"Ultrapassagem Indevida";"Colisão traseira";"Com Vítimas Feridas";"Pleno dia";"Crescente";"Céu Claro";"Simples";"Reta";"Não";2;0;0;1;1;0;1;2;-18,98817201;-44,66225208;"SPRF-MG";"DEL02-MG";"UOP01-DEL02-MG"
519786;2023-04-28;"sexta-feira";"18:40:00";"RS";287;248;"SANTA MARIA";"Ingestão de álcool ou de substâncias psicoativas pelo pedestre";"Atropelamento de Pedestre";"Com Vítimas Feridas";"Plena Noite";"Decrescente";"Céu Claro";"Simples";"Em Obras;Reta;Desvio Temporário";"Sim";3;0;1;0;2;0;1;3;-29,696018;-53,850956;"SPRF-RS";"DEL09-RS";"UOP01-DEL09-RS"
519787;2023-04-28;"sexta-feira";"18:40:00";"SC";101;213;"PALHOCA";"Ausência de reação do condutor";"Engavetamento";"Com Vítimas Feridas";"Plena Noite";"Crescente";"Céu Claro";"Múltipla";"Reta";"Sim";5;0;1;0;4;0;1;5;-27,63697369;-48,66514142;"SPRF-SC";"DEL01-SC";"UOP02-DEL01-SC"
519788;2023-04-28;"sexta-feira";"15:10:00";"MG";381;221,8;"BELO ORIENTE";"Retorno proibido";"Colisão transversal";"Com Vítimas Feridas";"Pleno dia";"Crescente";"Sol";"Simples";"Curva";"Não";5;0;4;0;1;0;4;2;-19,281054;-42,357047;"SPRF-MG";"DEL06-MG";"UOP01-DEL06-MG"
519789;2023-04-28;"sexta-feira";"14:25:00";"SP";116;155;"SAO JOSE DOS CAMPOS";"Frear bruscamente";"Colisão traseira";"Sem Vítimas";"Pleno dia";"Decrescente";"Céu Claro";"Múltipla";"Declive";"Sim";2;0;0;0;2;0;0;2;-23,24524337;-45,92772774;"SPRF-SP";"DEL02-SP";"UOP01-DEL02-SP"
519790;2023-04-28;"sexta-feira";"18:00:00";"ES";101;146;"LINHARES";"Entrada inopinada do pedestre";"Atropelamento de Pedestre";"Com Vítimas Feridas";"Plena Noite";"Decrescente";"Nublado";"Dupla";"Reta";"Sim";2;0;1;0;1;0;1;2;-19,36990998;-40,06560718;"SPRF-ES";"DEL04-ES";"UOP01-DEL04-ES"
519791;2023-04-28;"sexta-feira";"16:20:00";"SC";470;165;"POUSO REDONDO";"Acessar a via sem observar a presença dos outros veículos";"Colisão lateral mesmo sentido";"Com Vítimas Feridas";"Pleno dia";"Decrescente";"Céu Claro";"Simples";"Aclive;Reta";"Não";2;0;1;0;1;0;1;2;-27,27663;-49,845661;"SPRF-SC";"DEL04-SC";"UOP02-DEL04-SC"
519792;2023-04-20;"quinta-feira";"23:55:00";"PE";232;119,7;"CARUARU";"Velocidade Incompatível";"Colisão traseira";"Com Vítimas Feridas";"Plena Noite";"Crescente";"Céu Claro";"Dupla";"Reta";"Não";2;0;0;1;0;1;1;2;-8,2962792;-35,89314995;"SPRF-PE";"DEL02-PE";"UOP01-DEL02-PE"
519793;2023-04-28;"sexta-feira";"19:45:00";"SC";101;210,8;"SAO JOSE";"Demais falhas mecânicas ou elétricas";"Queda de ocupante de veículo";"Com Vítimas Feridas";"Plena Noite";"Crescente";"Céu Claro";"Dupla";"Reta";"Não";2;0;2;0;0;0;2;1;-27,6167305;-48,6457265;"SPRF-SC";"DEL01-SC";"UOP01-DEL01-SC"
519794;2023-04-28;"sexta-feira";"18:00:00";"RN";101;26;"RIO DO FOGO";"Animais na Pista";"Atropelamento de Animal";"Com Vítimas Feridas";"Plena Noite";"Decrescente";"Ignorado";"Simples";"Reta";"Não";3;0;1;0;2;0;1;1;-5,33861688;-35,39702083;"SPRF-RN";"DEL02-RN";"UOP01-DEL02-RN"
519796;2023-04-28;"sexta-feira";"19:00:00";"RS";285;208,5;"LAGOA VERMELHA";"Ausência de sinalização";"Queda de ocupante de veículo";"Com Vítimas Feridas";"Plena Noite";"Decrescente";"Céu Claro";"Simples";"Interseção de Vias;Curva";"Não";1;0;1;0;0;0;1;1;-28,22413411;-51,61098003;"SPRF-RS";"DEL08-RS";"UOP05-DEL08-RS"
519797;2023-04-28;"sexta-feira";"16:15:00";"MG";153;136;"PRATA";"Reação tardia ou ineficiente do condutor";"Colisão traseira";"Com Vítimas Feridas";"Pleno dia";"Crescente";"Céu Claro";"Simples";"Reta";"Não";4;0;2;0;2;0;2;2;-19,529418;-48,83129902;"SPRF-MG";"DEL15-MG";"UOP03-DEL15-MG"