"id";"data_inversa";"dia_semana";"horario";"uf";"br";"km";"municipio";"causa_acidente";"tipo_acidente";"classificacao_acidente";"fase_dia";"sentido_via";"condicao_metereologica";"tipo_pista";"tracado_via";"uso_solo";"pessoas";"mortos";"feridos_leves";"feridos_graves";"ilesos";"ignorados";"feridos";"veiculos";"latitude";"longitude";"regional";"delegacia";"uop"
519798;2023-04-28;"sexta-feira";"18:30:00";"SC";163;71,2;"SAO MIGUEL DO OESTE";"Ausência de reação do condutor";"Colisão transversal";"Com Vítimas Feridas";"Plena Noite";"Crescente";"Céu Claro";"Dupla";"Reta;Interseção de Vias";"Sim";3;0;1;1;1;0;2;2;-26,72653302;-53,51291299;"SPRF-SC";"DEL07-SC";"UOP03-DEL07-SC"
519800;2023-03-22;"quarta-feira";"18:34:00";"PI";343;3,4;"TERESINA";"Condutor desrespeitou a iluminação vermelha do semáforo";"Atropelamento de Pedestre";"Com Vítimas Feridas";"Plena Noite";"Decrescente";"Céu Claro";"Dupla";"Interseção de Vias;Reta";"Sim";2;0;0;1;0;1;1;2;-5,08079;-42,78022;"SPRF-PI";"DEL01-PI";"UOP01-DEL01-PI"
519803;2023-04-28;"sexta-feira";"19:00:00";"RN";304;117;"ITAJA";"Acessar a via sem observar a presença dos outros veículos";"Colisão traseira";"Com Vítimas Feridas";"Plena Noite";"Crescente";"Nublado";"Simples";"Interseção de Vias";"Não";3;0;3;0;0;0;3;2;-5,61816399;-36,88852787;"SPRF-RN";"DEL04-RN";"UOP01-DEL04-RN"
519804;2023-04-28;"sexta-feira";"20:25:00";"MG";262;29;"REDUTO";"Acessar a via sem observar a presença dos outros veículos";"Colisão transversal";"Com Vítimas Feridas";"Plena Noite";"Decrescente";"Chuva";"Simples";"Reta;Rotatória";"Sim";4;0;1;0;3;0;1;2;-20,247223;-41,982025;"SPRF-MG";"DEL06-MG";"UOP03-DEL06-MG"
519806;2023-04-28;"sexta-feira";"20:30:00";"SP";153;260,6;"MARILIA";"Animais na Pista";"Atropelamento de Animal";"Com Vítimas Feridas";"Plena Noite";"Decrescente";"Céu Claro";"Simples";"Reta;Aclive";"Não";1;0;1;0;0;0;1;1;-22,27491966;-49,92119908;"SPRF-SP";"DEL07-SP";"UOP02-DEL07-SP"
519807;2023-04-28;"sexta-feira";"20:25:00";"SE";235;9,5;"NOSSA SENHORA DO SOCORRO";"Acessar a via sem observar a presença dos outros veículos";"Colisão transversal";"Com Vítimas Feridas";"Plena Noite";"Crescente";"Céu Claro";"Simples";"Reta;Interseção de Vias";"Não";3;0;2;0;0;1;2;2;-10,883585;-37,13908;"SPRF-SE";"DEL01-SE";"UOP01-DEL01-SE"
519811;2023-04-28;"sexta-feira";"19:51:00";"RS";285;339;"CARAZINHO";"Conversão proibida";"Colisão traseira";"Com Vítimas Feridas";"Plena Noite";"Decrescente";"Céu Claro";"Simples";"Reta";"Não";2;0;0;1;1;0;1;2;-28,31399639;-52,78484344;"SPRF-RS";"DEL08-RS";"UOP03-DEL08-RS"
519813;2023-04-28;"sexta-feira";"19:10:00";"RN";226;70;"SERRA CAIADA";"Condutor deixou de manter distância do veículo da frente";"Colisão traseira";"Sem Vítimas";"Plena Noite";"Decrescente";"Céu Claro";"Simples";"Curva;Declive";"Não";2;0;0;0;2;0;0;2;-6,114698;-35,71707;"SPRF-RN";"DEL01-RN";"UOP02-DEL01-RN"
519814;2023-04-28;"sexta-feira";"19:30:00";"PR";277;388;"CANDOI";"Reação tardia ou ineficiente do condutor";"Colisão com objeto";"Com Vítimas Feridas";"Plena Noite";"Crescente";"Céu Claro";"Simples";"Curva";"Não";1;0;0;1;0;0;1;1;-25,4345774;-51,80956591;"SPRF-PR";"DEL08-PR";"UOP01-DEL08-PR"
519815;2023-04-28;"sexta-feira";"19:40:00";"RJ";116;299;"PORTO REAL";"Reação tardia ou ineficiente do condutor";"Saída de leito carroçável";"Com Vítimas Feridas";"Plena Noite";"Decrescente";"Chuva";"Simples";"Curva";"Não";1;0;1;0;0;0;1;1;-22,45113058;-44,32850643;"SPRF-RJ";"DEL07-RJ";"UOP02-DEL07-RJ"
519816;2023-04-28;"sexta-feira";"19:20:00";"RJ";356;87;"CARDOSO MOREIRA";"Manobra de mudança de faixa";"Colisão lateral sentido oposto";"Com Vítimas Feridas";"Plena Noite";"Decrescente";"Nublado";"Simples";"Reta";"Sim";3;0;1;0;2;0;1;3;-21,49180046;-41,63156431;"SPRF-RJ";"DEL08-RJ";"UOP03-DEL08-RJ"
519817;2023-04-28;"sexta-feira";"21:15:00";"MG";40;503,6;"ESMERALDAS";"Manobra de mudança de faixa";"Colisão lateral mesmo sentido";"Sem Vítimas";"Plena Noite";"Decrescente";"Nublado";"Dupla";"Reta";"Não";5;0;0;0;5;0;0;2;-19,72138499;-44,15573599;"SPRF-MG";"DEL02-MG";"UOP01-DEL02-MG"
519818;2023-04-28;"sexta-feira";"20:00:00";"GO";60;172;"ABADIA DE GOIAS";"Ingestão de álcool pelo condutor";"Queda de ocupante de veículo";"Com Vítimas Feridas";"Plena Noite";"Crescente";"Céu Claro";"Dupla";"Reta";"Sim";1;0;0;1;0;0;1;1;-16,738;-49,4076;"SPRF-GO";"DEL01-GO";"UOP02-DEL01-GO"
519819;2023-04-28;"sexta-feira";"14:25:00";"RO";364;494;"ARIQUEMES";"Reação tardia ou ineficiente do condutor";"Saída de leito carroçável";"Com Vítimas Feridas";"Pleno dia";"Decrescente";"Sol";"Simples";"Reta;Aclive";"Não";1;0;1;0;0;0;1;1;-10,08224802;-62,97285319;"SPRF-RO";"DEL03-RO";"UOP01-DEL03-RO"
519820;2023-04-28;"sexta-feira";"20:30:00";"AL";101;147,8;"JEQUIA DA PRAIA";"Ausência de reação do condutor";"Saída de leito carroçável";"Com Vítimas Feridas";"Plena Noite";"Decrescente";"Céu Claro";"Dupla";"Curva";"Não";1;0;1;0;0;0;1;1;-9,88248201;-36,13719598;"SPRF-AL";"DEL02-AL";"UOP01-DEL02-AL"
519822;2023-04-28;"sexta-feira";"21:16:00";"DF";60;7;"BRASILIA";"Ultrapassagem Indevida";"Colisão lateral mesmo sentido";"Com Vítimas Feridas";"Plena Noite";"Crescente";"Nublado";"Dupla";"Reta;Declive";"Sim";3;0;1;0;0;2;1;3;-15,901237;-48,122334;"SPRF-DF";"DEL03-DF";"UOP01-DEL03-DF"
519823;2023-04-28;"sexta-feira";"20:30:00";"GO";70;20;"COCALZINHO DE GOIAS";"Ausência de reação do condutor";"Colisão com objeto";"Com Vítimas Feridas";"Plena Noite";"Crescente";"Nublado";"Simples";"Curva;Declive";"Não";1;0;1;0;0;0;1;1;-15,74242903;-48,37509426;"SPRF-DF";"DEL03-DF";"UOP02-DEL03-DF"
519825;2023-04-28;"sexta-feira";"20:00:00";"MG";50;86;"UBERLANDIA";"Acessar a via sem observar a presença dos outros veículos";"Colisão traseira";"Com Vítimas Fatais";"Plena Noite";"Crescente";"Céu Claro";"Dupla";"Reta";"Não";4;1;1;2;0;0;3;2;-19,00488399;-48,20910294;"SPRF-MG";"DEL15-MG";"UOP01-DEL15-MG"
519826;2023-04-28;"sexta-feira";"19:45:00";"PR";369;139;"IBIPORA";"Condutor deixou de manter distância do veículo da frente";"Colisão traseira";"Com Vítimas Feridas";"Plena Noite";"Decrescente";"Céu Claro";"Simples";"Reta";"Sim";2;0;1;0;1;0;1;2;-23,27470465;-51,05851715;"SPRF-PR";"DEL07-PR";"UOP01-DEL07-PR"
519830;2023-04-28;"sexta-feira";"21:30:00";"SP";116;214;"GUARULHOS";"Avarias e/ou desgaste excessivo no pneu";"Tombamento";"Com Vítimas Feridas";"Plena Noite";"Crescente";"Céu Claro";"Múltipla";"Reta";"Sim";2;0;2;0;0;0;2;1;-23,44333014;-46,44531294;"SPRF-SP";"DEL01-SP";"UOP01-DEL01-SP"
519833;2023-04-28;"sexta-feira";"20:15:00";"RO";364;424;"JARU";"Ingestão de álcool pelo condutor";"Colisão frontal";"Com Vítimas Feridas";"Plena Noite";"Crescente";"Céu Claro";"Simples";"Reta";"Sim";2;0;1;0;1;0;1;2;-10,44457274;-62,46568412;"SPRF-RO";"DEL03-RO";"UOP02-DEL03-RO"
519834;2023-04-28;"sexta-feira";"17:25:00";"MS";163;264,9;"DOURADOS";"Ausência de reação do condutor";"Tombamento";"Com Vítimas Feridas";"Anoitecer";"Crescente";"Céu Claro";"Dupla";"Reta";"Não";1;0;0;1;0;0;1;1;-22,22437598;-54,73283529;"SPRF-MS";"DEL04-MS";"UOP01-DEL04-MS"
519835;2023-04-28;"sexta-feira";"21:46:00";"PE";101;42,6;"IGARASSU";"Ausência de reação do condutor";"Colisão traseira";"Com Vítimas Feridas";"Plena Noite";"Decrescente";"Céu Claro";"Múltipla";"Reta;Retorno Regulamentado";"Sim";3;0;0;1;2;0;1;3;-7,83887431;-34,91196739;"SPRF-PE";"DEL01-PE";"UOP02-DEL01-PE"
519836;2023-04-28;"sexta-feira";"21:28:00";"PR";277;651;"MATELANDIA";"Acessar a via sem observar a presença dos outros veículos";"Colisão transversal";"Com Vítimas Feridas";"Plena Noite";"Crescente";"Céu Claro";"Simples";"Reta";"Não";4;0;2;0;1;1;2;3;-25,1974441;-53,94341989;"SPRF-PR";"DEL05-PR";"UOP02-DEL05-PR"
519838;2023-04-28;"sexta-feira";"21:30:00";"PR";369;147,1;"LONDRINA";"Condutor deixou de manter distância do veículo da frente";"Colisão traseira";"Sem Vítimas";"Plena Noite";"Decrescente";"Céu Claro";"Dupla";"Reta;Interseção de Vias";"Sim";2;0;0;0;1;1;0;2;-23,29304926;-51,13974273;"SPRF-PR";"DEL07-PR";"UOP01-DEL07-PR"
519839;2023-04-28;"sexta-feira";"20:30:00";"BA";242;639;"MUQUEM DE SAO FRANCISCO";"Ausência de reação do condutor";"Queda de ocupante de veículo";"Com Vítimas Fatais";"Plena Noite";"Crescente";"Céu Claro";"Simples";"Reta";"Não";2;1;0;0;0;1;0;2;-12,22382089;-43,45432902;"SPRF-BA";"DEL10-BA";"UOP02-DEL10-BA"
519840;2023-04-28;"sexta-feira";"14:00:00";"MT";174;485;"COMODORO";"Condutor deixou de manter distância do veículo da frente";"Colisão frontal";"Com Vítimas Feridas";"Pleno dia";"Decrescente";"Nublado";"Simples";"Reta;Rotatória";"Sim";2;0;1;0;1;0;1;2;-13,66506826;-59,79266103;"SPRF-MT";"DEL04-MT";"UOP02-DEL04-MT"
519841;2023-04-28;"sexta-feira";"22:40:00";"SC";101;96,2;"BARRA VELHA";"Manobra de mudança de faixa";"Colisão lateral mesmo sentido";"Com Vítimas Feridas";"Plena Noite";"Decrescente";"Céu Claro";"Dupla";"Reta";"Não";3;0;1;0;2;0;1;3;-26,718427;-48,70233;"SPRF-SC";"DEL03-SC";"UOP02-DEL03-SC"
519842;2023-04-28;"sexta-feira";"22:40:00";"SP";153;175;"GUAICARA";"Demais falhas mecânicas ou elétricas";"Tombamento";"Com Vítimas Feridas";"Plena Noite";"Decrescente";"Céu Claro";"Simples";"Reta";"Não";2;0;2;0;0;0;2;1;-21,64098999;-49,78823613;"SPRF-SP";"DEL07-SP";"UOP01-DEL07-SP"
519843;2023-04-28;"sexta-feira";"22:00:00";"GO";153;514;"APARECIDA DE GOIANIA";"Ingestão de álcool pelo condutor";"Colisão transversal";"Com Vítimas Feridas";"Plena Noite";"Crescente";"Céu Claro";"Dupla";"Interseção de Vias";"Sim";3;0;0;2;1;0;2;2;-16,8315;-49,2434;"SPRF-GO";"DEL01-GO";"UOP03-DEL01-GO"
519845;2023-04-28;"sexta-feira";"23:00:00";"RS";290;721;"URUGUAIANA";"Entrada inopinada do pedestre";"Atropelamento de Pedestre";"Com Vítimas Feridas";"Pleno dia";"Crescente";"Céu Claro";"Simples";"Reta;Declive";"Sim";2;0;1;0;1;0;1;2;-29,764519;-57,058133;"SPRF-RS";"DEL13-RS";"UOP01-DEL13-RS"
519846;2023-04-28;"sexta-feira";"19:49:00";"RJ";116;176;"SAO JOAO DE MERITI";"Manobra de mudança de faixa";"Colisão traseira";"Com Vítimas Feridas";"Plena Noite";"Crescente";"Céu Claro";"Simples";"Reta";"Sim";2;0;1;0;0;1;1;2;-22,7839538;-43,38195488;"SPRF-RJ";"DEL01-RJ";"UOP02-DEL01-RJ"
519847;2023-04-28;"sexta-feira";"22:00:00";"MS";359;212;"COXIM";"Ausência de reação do condutor";"Colisão com objeto";"Com Vítimas Feridas";"Plena Noite";"Crescente";"Céu Claro";"Simples";"Reta";"Não";4;0;4;0;0;0;4;1;-18,47619496;-54,58054001;"SPRF-MS";"DEL06-MS";"UOP01-DEL06-MS"
519848;2023-04-28;"sexta-feira";"21:58:00";"RJ";40;55;"PETROPOLIS";"Pedestre andava na pista";"Saída de leito carroçável";"Sem Vítimas";"Plena Noite";"Crescente";"Céu Claro";"Dupla";"Curva";"Sim";3;0;0;0;2;1;0;2;-22,35382783;-43,12184226;"SPRF-RJ";"DEL05-RJ";"UOP02-DEL05-RJ"
519849;2023-04-28;"sexta-feira";"22:45:00";"SC";280;28,1;"ARAQUARI";"Condutor deixou de manter distância do veículo da frente";"Colisão traseira";"Com Vítimas Feridas";"Plena Noite";"Decrescente";"Nublado";"Simples";"Reta";"Não";2;0;0;1;1;0;1;2;-26,40450077;-48,74561031;"SPRF-SC";"DEL03-SC";"UOP03-DEL03-SC"
519850;2023-04-28;"sexta-feira";"22:20:00";"TO";153;493,8;"PARAISO DO TOCANTINS";"Acessar a via sem observar a presença dos outros veículos";"Colisão transversal";"Com Vítimas Feridas";"Plena Noite";"Decrescente";"Céu Claro";"Simples";"Reta;Interseção de Vias";"Sim";3;0;1;0;2;0;1;2;-10,15013934;-48,88466417;"SPRF-TO";"DEL01-TO";"UOP01-DEL01-TO"
519852;2023-04-28;"sexta-feira";"23:10:00";"SP";153;72,4;"SAO JOSE DO RIO PRETO";"Reação tardia ou ineficiente do condutor";"Colisão traseira";"Com Vítimas Feridas";"Plena Noite";"Decrescente";"Céu Claro";"Dupla";"Reta";"Não";2;0;1;0;0;1;1;2;-20,86715501;-49,41334398;"SPRF-SP";"DEL09-SP";"UOP01-DEL09-SP"
519853;2023-04-28;"sexta-feira";"22:40:00";"PE";232;127;"CARUARU";"Iluminação deficiente";"Colisão com objeto";"Com Vítimas Feridas";"Plena Noite";"Decrescente";"Céu Claro";"Simples";"Viaduto";"Não";5;0;4;0;1;0;4;1;-8,30610303;-35,96342301;"SPRF-PE";"DEL02-PE";"UOP01-DEL02-PE"
519855;2023-04-28;"sexta-feira";"21:30:00";"MT";364;267;"JACIARA";"Ausência de reação do condutor";"Saída de leito carroçável";"Com Vítimas Feridas";"Plena Noite";"Crescente";"Céu Claro";"Dupla";"Reta;Aclive";"Não";1;0;1;0;0;0;1;1;-15,9882532;-54,92679723;"SPRF-MT";"DEL02-MT";"UOP01-DEL02-MT"
519856;2023-04-28;"sexta-feira";"21:30:00";"SC";101;70,7;"ARAQUARI";"Entrada inopinada do pedestre";"Atropelamento de Pedestre";"Com Vítimas Feridas";"Plena Noite";"Crescente";"Garoa/Chuvisco";"Dupla";"Reta";"Não";3;0;0;1;2;0;1;3;-26,516633;-48,72183309;"SPRF-SC";"DEL03-SC";"UOP02-DEL03-SC"
519858;2023-04-28;"sexta-feira";"23:35:00";"MG";381;436,7;"SABARA";"Pedestre andava na pista";"Atropelamento de Pedestre";"Sem Vítimas";"Plena Noite";"Decrescente";"Nublado";"Simples";"Aclive;Reta";"Não";3;0;0;0;2;1;0;2;-19,791192;-43,744563;"SPRF-MG";"DEL01-MG";"UOP01-DEL01-MG"
519859;2023-04-28;"sexta-feira";"18:30:00";"PI";316;3,9;"TERESINA";"Condutor deixou de manter distância do veículo da frente";"Colisão traseira";"Sem Vítimas";"Plena Noite";"Decrescente";"Céu Claro";"Múltipla";"Reta;Interseção de Vias";"Sim";4;0;0;0;4;0;0;2;-5,12826443;-42,79292384;"SPRF-PI";"DEL01-PI";"UOP02-DEL01-PI"
519860;2023-04-28;"sexta-feira";"22:00:00";"SC";101;95;"BARRA VELHA";"Acesso irregular";"Colisão lateral mesmo sentido";"Sem Vítimas";"Plena Noite";"Decrescente";"Céu Claro";"Dupla";"Reta";"Sim";2;0;0;0;2;0;0;2;-26,70876413;-48,70221065;"SPRF-SC";"DEL03-SC";"UOP02-DEL03-SC"
519861;2023-04-28;"sexta-feira";"23:20:00";"PR";369;177;"ROLANDIA";"Transitar na contramão";"Colisão frontal";"Com Vítimas Feridas";"Plena Noite";"Crescente";"Céu Claro";"Dupla";"Curva";"Sim";2;0;0;1;1;0;1;2;-23,350165;-51,385959;"SPRF-PR";"DEL07-PR";"UOP01-DEL07-PR"
519862;2023-04-28;"sexta-feira";"21:20:00";"MG";116;555,2;"MANHUACU";"Velocidade Incompatível";"Capotamento";"Com Vítimas Feridas";"Plena Noite";"Crescente";"Chuva";"Simples";"Curva;Declive";"Não";1;0;1;0;0;0;1;1;-20,010555;-42,152694;"SPRF-MG";"DEL06-MG";"UOP02-DEL06-MG"
519863;2023-04-19;"quarta-feira";"17:30:00";"SC";470;59,3;"BLUMENAU";"Ultrapassagem Indevida";"Colisão transversal";"Com Vítimas Feridas";"Pleno dia";"Crescente";"Céu Claro";"Simples";"Em Obras;Curva";"Sim";2;0;1;0;1;0;1;2;-26,88300486;-49,15622234;"SPRF-SC";"DEL04-SC";"UOP01-DEL04-SC"
519864;2023-04-28;"sexta-feira";"21:00:00";"SC";282;582;"PINHALZINHO";"Transitar na contramão";"Colisão frontal";"Com Vítimas Feridas";"Plena Noite";"Crescente";"Céu Claro";"Simples";"Declive";"Não";4;0;4;0;0;0;4;2;-26,826683;-53,002621;"SPRF-SC";"DEL07-SC";"UOP02-DEL07-SC"
519865;2023-04-28;"sexta-feira";"23:20:00";"CE";222;2,8;"FORTALEZA";"Condutor desrespeitou a iluminação vermelha do semáforo";"Colisão transversal";"Com Vítimas Feridas";"Plena Noite";"Decrescente";"Nublado";"Dupla";"Reta;Interseção de Vias";"Sim";2;0;1;0;1;0;1;2;-3,74008478;-38,59390855;"SPRF-CE";"DEL01-CE";"UOP01-DEL01-CE"
519866;2023-04-28;"sexta-feira";"22:10:00";"MA";316;407,9;"ALTO ALEGRE DO MARANHAO";"Reação tardia ou ineficiente do condutor";"Colisão traseira";"Com Vítimas Feridas";"Plena Noite";"Decrescente";"Céu Claro";"Simples";"Reta";"Sim";3;0;2;0;1;0;2;2;-4,25641;-44,432236;"SPRF-MA";"DEL03-MA";"UOP01-DEL03-MA"
519867;2023-04-29;"sábado";"00:20:00";"SP";381;55;"MAIRIPORA";"Animais na Pista";"Atropelamento de Animal";"Com Vítimas Feridas";"Plena Noite";"Decrescente";"Céu Claro";"Dupla";"Reta";"Sim";2;0;2;0;0;0;2;1;-23,25207404;-46,59480386;"SPRF-SP";"DEL03-SP";"UOP01-DEL03-SP"
519868;2023-04-29;"sábado";"00:20:00";"TO";0;0;"ARAGUAINA";"Ingestão de álcool pelo condutor";"Colisão com objeto";"Sem Vítimas";"Plena Noite";"Não Informado";"Nublado";"Simples";"Curva";"Sim";2;0;0;0;2;0;0;1;-7,2081111;-48,2157878;"SPRF-TO";"DEL02-TO";"UOP01-DEL02-TO"
519869;2023-04-28;"sexta-feira";"23:00:00";"SC";101;266;"PAULO LOPES";"Condutor deixou de manter distância do veículo da frente";"Colisão traseira";"Sem Vítimas";"Plena Noite";"Crescente";"Céu Claro";"Dupla";"Reta";"Não";4;0;0;0;4;0;0;2;-28,06847808;-48,71463931;"SPRF-SC";"DEL02-SC";"UOP03-DEL02-SC"
519870;2023-04-28;"sexta-feira";"23:30:00";"MG";116;32;"CACHOEIRA DE PAJEU";"Demais falhas mecânicas ou elétricas";"Incêndio";"Sem Vítimas";"Plena Noite";"Decrescente";"Nublado";"Simples";"Reta";"Não";2;0;0;0;1;1;0;1;-15,91576384;-41,39624663;"SPRF-MG";"DEL11-MG";"UOP02-DEL11-MG"
519874;2023-04-29;"sábado";"00:20:00";"PE";232;109,5;"BEZERROS";"Iluminação deficiente";"Saída de leito carroçável";"Com Vítimas Feridas";"Plena Noite";"Crescente";"Céu Claro";"Dupla";"Curva";"Não";4;0;4;0;0;0;4;1;-8,286722;-35,818193;"SPRF-PE";"DEL02-PE";"UOP02-DEL02PE"
519877;2023-04-29;"sábado";"00:00:00";"SP";116;132,4;"CACAPAVA";"Reação tardia ou ineficiente do condutor";"Colisão traseira";"Com Vítimas Feridas";"Plena Noite";"Decrescente";"Céu Claro";"Dupla";"Reta";"Não";2;0;1;0;1;0;1;2;-23,13169757;-45,74481322;"SPRF-SP";"DEL02-SP";"UOP02-DEL02-SP"
519879;2023-04-29;"sábado";"01:00:00";"RS";116;166;"CAXIAS DO SUL";"Ausência de reação do condutor";"Queda de ocupante de veículo";"Com Vítimas Feridas";"Plena Noite";"Crescente";"Céu Claro";"Simples";"Reta";"Não";1;0;0;1;0;0;1;1;-29,26709501;-51,15960601;"SPRF-RS";"DEL05-RS";"UOP02-DEL05-RS"
519881;2023-04-29;"sábado";"03:27:00";"ES";101;186;"ARACRUZ";"Reação tardia ou ineficiente do condutor";"Saída de leito carroçável";"Com Vítimas Feridas";"Plena Noite";"Crescente";"Céu Claro";"Simples";"Reta;Declive";"Não";1;0;1;0;0;0;1;1;-19,66488404;-40,24929498;"SPRF-ES";"DEL04-ES";"UOP01-DEL04-ES"
519883;2023-04-29;"sábado";"03:30:00";"SP";116;321;"JUQUITIBA";"Ingestão de álcool pelo condutor";"Saída de leito carroçável";"Com Vítimas Feridas";"Plena Noite";"Decrescente";"Nublado";"Dupla";"Reta";"Não";1;0;0;1;0;0;1;1;-23,934612;-47,01729;"SPRF-SP";"DEL04-SP";"UOP03-DEL04-SP"
519885;2023-04-29;"sábado";"02:00:00";"RJ";101;419;"MANGARATIBA";"Velocidade Incompatível";"Capotamento";"Sem Vítimas";"Plena Noite";"Crescente";"Garoa/Chuvisco";"Simples";"Reta";"Não";1;0;0;0;0;1;0;1;-22,91808988;-43,91359106;"SPRF-RJ";"DEL03-RJ";"UOP02-DEL03-RJ"
519887;2023-01-31;"terça-feira";"11:40:00";"RO";435;126;"CEREJEIRAS";"Acumulo de água sobre o pavimento";"Colisão traseira";"Com Vítimas Feridas";"Pleno dia";"Crescente";"Chuva";"Simples";"Reta";"Não";2;0;0;1;1;0;1;2;-13,188992;-60,837076;"SPRF-RO";"DEL04-RO";"UOP02-DEL04-RO"
519888;2023-04-29;"sábado";"04:20:00";"RS";116;242;"SAO LEOPOLDO";"Ausência de reação do condutor";"Colisão traseira";"Sem Vítimas";"Plena Noite";"Decrescente";"Céu Claro";"Dupla";"Reta";"Sim";3;0;0;0;2;1;0;3;-29,72297087;-51,14858729;"SPRF-RS";"DEL01-RS";"UOP02-DEL01-RS"
519889;2023-04-29;"sábado";"03:00:00";"PR";277;591,5;"CASCAVEL";"Velocidade Incompatível";"Saída de leito carroçável";"Sem Vítimas";"Plena Noite";"Crescente";"Céu Claro";"Simples";"Curva";"Sim";1;0;0;0;0;1;0;1;-24,98601805;-53,46847424;"SPRF-PR";"DEL04-PR";"UOP01-DEL04-PR"
519890;2023-04-29;"sábado";"03:25:00";"MG";40;657,6;"CARANDAI";"Condutor Dormindo";"Saída de leito carroçável";"Com Vítimas Feridas";"Plena Noite";"Crescente";"Nevoeiro/Neblina";"Simples";"Reta;Declive";"Não";3;0;2;0;0;1;2;2;-20,885799;-43,810783;"SPRF-MG";"DEL05-MG";"UOP02-DEL05-MG"
519891;2023-04-29;"sábado";"00:10:00";"MA";316;471,7;"CODO";"Velocidade Incompatível";"Saída de leito carroçável";"Com Vítimas Fatais";"Plena Noite";"Crescente";"Chuva";"Simples";"Curva;Declive";"Não";1;1;0;0;0;0;0;1;-4,573988;-43,975109;"SPRF-MA";"DEL03-MA";"UOP02-DEL03-MA"
519894;2023-04-29;"sábado";"05:15:00";"SP";116;230;"SAO PAULO";"Reação tardia ou ineficiente do condutor";"Colisão traseira";"Com Vítimas Feridas";"Amanhecer";"Crescente";"Céu Claro";"Múltipla";"Reta";"Não";3;0;1;0;2;0;1;2;-23,52251783;-46,5855702;"SPRF-SP";"DEL01-SP";"UOP01-DEL01-SP"
519895;2023-04-29;"sábado";"04:30:00";"PR";376;202,9;"MANDAGUARI";"Reação tardia ou ineficiente do condutor";"Colisão com objeto";"Com Vítimas Fatais";"Plena Noite";"Decrescente";"Céu Claro";"Dupla";"Curva;Viaduto";"Não";1;1;0;0;0;0;0;1;-23,5105693;-51,71741557;"SPRF-PR";"DEL09-PR";"UOP01-DEL09-PR"
519896;2023-04-29;"sábado";"04:40:00";"SP";153;219,6;"MARILIA";"Afundamento ou ondulação no pavimento";"Tombamento";"Com Vítimas Feridas";"Pleno dia";"Decrescente";"Nublado";"Simples";"Reta;Aclive";"Não";1;0;1;0;0;0;1;1;-21,9909;-49,914257;"SPRF-SP";"DEL07-SP";"UOP02-DEL07-SP"
519899;2023-04-29;"sábado";"05:15:00";"BA";116;544;"MILAGRES";"Condutor deixou de manter distância do veículo da frente";"Colisão traseira";"Com Vítimas Feridas";"Amanhecer";"Decrescente";"Céu Claro";"Simples";"Reta";"Não";3;0;0;1;2;0;1;2;-12,82137806;-39,82689376;"SPRF-BA";"DEL03-BA";"UOP02-DEL03-BA"
519900;2023-04-29;"sábado";"05:40:00";"RS";448;2;"SAPUCAIA DO SUL";"Ingestão de álcool pelo condutor";"Colisão lateral sentido oposto";"Sem Vítimas";"Amanhecer";"Crescente";"Céu Claro";"Dupla";"Reta";"Não";2;0;0;0;2;0;0;2;-29,844086;-51,192482;"SPRF-RS";"DEL01-RS";"UOP02-DEL01-RS"
519901;2023-04-29;"sábado";"05:17:00";"PB";230;35,5;"SANTA RITA";"Velocidade Incompatível";"Colisão com objeto";"Com Vítimas Feridas";"Pleno dia";"Crescente";"Céu Claro";"Dupla";"Curva";"Não";1;0;1;0;0;0;1;1;-7,124003;-34,946501;"SPRF-PB";"DEL01-PB";"UOP01-DEL01-PB"
519903;2023-04-29;"sábado";"05:45:00";"SC";101;195,1;"BIGUACU";"Condutor Dormindo";"Colisão com objeto";"Com Vítimas Feridas";"Amanhecer";"Decrescente";"Céu Claro";"Dupla";"Reta";"Sim";1;0;1;0;0;0;1;1;-27,5047092;-48,65010819;"SPRF-SC";"DEL01-SC";"UOP01-DEL01-SC"
519904;2023-04-29;"sábado";"04:45:00";"SC";280;184,7;"MAFRA";"Acessar a via sem observar a presença dos outros veículos";"Colisão transversal";"Com Vítimas Feridas";"Amanhecer";"Crescente";"Nublado";"Simples";"Reta";"Não";3;0;0;1;2;0;1;2;-26,17398791;-49,92590299;"SPRF-SC";"DEL06-SC";"UOP01-DEL06-SC"
519906;2023-04-29;"sábado";"05:40:00";"PI";343;2;"TERESINA";"Ausência de reação do condutor";"Colisão traseira";"Com Vítimas Feridas";"Amanhecer";"Decrescente";"Céu Claro";"Dupla";"Interseção de Vias";"Sim";3;0;3;0;0;0;3;2;-5,089569;-42,802288;"SPRF-PI";"DEL01-PI";"UOP01-DEL01-PI"
519908;2023-04-29;"sábado";"06:10:00";"PR";376;145,9;"PRESIDENTE CASTELO BRANCO";"Animais na Pista";"Atropelamento de Animal";"Com Vítimas Feridas";"Amanhecer";"Crescente";"Céu Claro";"Dupla";"Reta";"Sim";1;0;0;1;0;0;1;1;-23,26763533;-52,16107965;"SPRF-PR";"DEL09-PR";"UOP02-DEL09-PR"
519909;2023-04-29;"sábado";"05:30:00";"MT";163;752;"SORRISO";"Ingestão de álcool pelo condutor";"Tombamento";"Com Vítimas Feridas";"Pleno dia";"Decrescente";"Céu Claro";"Dupla";"Reta;Interseção de Vias";"Sim";1;0;1;0;0;0;1;1;-12,553782;-55,715319;"SPRF-MT";"DEL06-MT";"UOP01-DEL06-MT"