"id";"data_inversa";"dia_semana";"horario";"uf";"br";"km";"municipio";"causa_acidente";"tipo_acidente";"classificacao_acidente";"fase_dia";"sentido_via";"condicao_metereologica";"tipo_pista";"tracado_via";"uso_solo";"pessoas";"mortos";"feridos_leves";"feridos_graves";"ilesos";"ignorados";"feridos";"veiculos";"latitude";"longitude";"regional";"delegacia";"uop"
520029;2023-04-29;"sábado";"14:30:00";"SC";282;266,3;"SAO JOSE DO CERRITO";"Frear bruscamente";"Colisão traseira";"Com Vítimas Feridas";"Pleno dia";"Crescente";"Céu Claro";"Simples";"Aclive";"Não";3;0;1;0;2;0;1;2;-27,622122;-50,642452;"SPRF-SC";"DEL05-SC";"UOP02-DEL05-SC"
520031;2023-04-29;"sábado";"16:35:00";"MG";381;420;"CAETE";"Afundamento ou ondulação no pavimento";"Queda de ocupante de veículo";"Com Vítimas Feridas";"Plena Noite";"Decrescente";"Céu Claro";"Dupla";"Curva;Declive";"Não";2;0;2;0;0;0;2;1;-19,77712975;-43,65501412;"SPRF-MG";"DEL01-MG";"UOP01-DEL01-MG"
520033;2023-04-29;"sábado";"18:10:00";"PI";343;46,4;"BURITI DOS LOPES";"Animais na Pista";"Saída de leito carroçável";"Com Vítimas Feridas";"Plena Noite";"Crescente";"Nublado";"Simples";"Reta";"Não";1;0;0;1;0;0;1;1;-3,16782556;-41,85766768;"SPRF-PI";"DEL05-PI";"UOP01-DEL05-PI"
520034;2023-04-29;"sábado";"17:49:00";"PI";343;4,7;"TERESINA";"Reação tardia ou ineficiente do condutor";"Colisão traseira";"Com Vítimas Feridas";"Plena Noite";"Decrescente";"Nublado";"Dupla";"Declive";"Sim";3;0;0;1;2;0;1;3;-5,089569;-42,802288;"SPRF-PI";"DEL01-PI";"UOP01-DEL01-PI"
520035;2023-04-29;"sábado";"14:00:00";"GO";60;51;"ABADIANIA";"Ingestão de álcool pelo condutor";"Saída de leito carroçável";"Sem Vítimas";"Pleno dia";"Crescente";"Céu Claro";"Dupla";"Curva;Aclive";"Não";2;0;0;0;2;0;0;1;-16,1651;-48,6333;"SPRF-GO";"DEL02-GO";"UOP01-DEL02-GO"
520038;2023-04-29;"sábado";"18:45:00";"PB";361;21,4;"SANTA TERESINHA";"Acessar a via sem observar a presença dos outros veículos";"Colisão traseira";"Com Vítimas Fatais";"Plena Noite";"Decrescente";"Garoa/Chuvisco";"Simples";"Reta";"Não";2;1;0;0;1;0;0;2;-7,08286207;-37,43049198;"SPRF-PB";"DEL03-PB";"UOP01-DEL03-PB"
520040;2023-04-29;"sábado";"18:30:00";"AP";210;0;"MACAPA";"Ingestão de álcool pelo condutor";"Colisão traseira";"Com Vítimas Feridas";"Anoitecer";"Decrescente";"Chuva";"Dupla";"Reta";"Sim";3;0;1;0;2;0;1;3;0,07780012;-51,06097;"SPRF-AP";"DEL01-AP";"UOP01-DEL01-AP"
520041;2023-02-26;"domingo";"18:25:00";"ES";101;230,4;"FUNDAO";"Ingestão de álcool pelo condutor";"Colisão lateral mesmo sentido";"Com Vítimas Feridas";"Plena Noite";"Decrescente";"Céu Claro";"Simples";"Curva";"Não";5;0;2;0;2;1;2;3;-19,94561669;-40,40819764;"SPRF-ES";"DEL02-ES";"UOP01-DEL02-ES"
520043;2023-04-29;"sábado";"16:40:00";"SC";282;378,2;"HERVAL DOESTE";"Reação tardia ou ineficiente do condutor";"Tombamento";"Com Vítimas Fatais";"Pleno dia";"Decrescente";"Céu Claro";"Simples";"Curva";"Não";3;1;0;0;1;1;0;3;-27,21837467;-51,46417033;"SPRF-SC";"DEL07-SC";"UOP05-DEL07-SC"
520044;2023-04-29;"sábado";"18:15:00";"PI";343;593,5;"FLORIANO";"Reação tardia ou ineficiente do condutor";"Atropelamento de Pedestre";"Com Vítimas Feridas";"Plena Noite";"Decrescente";"Nublado";"Simples";"Reta";"Sim";3;0;0;2;0;1;2;2;-6,781913;-43,038273;"SPRF-PI";"DEL03-PI";"UOP01-DEL03-PI"
520046;2023-04-29;"sábado";"18:30:00";"PE";423;57;"LAJEDO";"Ingestão de álcool pelo condutor";"Colisão frontal";"Com Vítimas Fatais";"Plena Noite";"Crescente";"Nublado";"Simples";"Reta";"Não";2;1;1;0;0;0;1;2;-8,6395899;-36,31006213;"SPRF-PE";"DEL03-PE";"UOP01-DEL03-PE"
520047;2023-04-29;"sábado";"18:45:00";"SC";101;148,3;"ITAPEMA";"Pedestre cruzava a pista fora da faixa";"Atropelamento de Pedestre";"Com Vítimas Fatais";"Plena Noite";"Crescente";"Céu Claro";"Dupla";"Reta";"Sim";5;1;0;0;4;0;0;2;-27,10424;-48,61637;"SPRF-SC";"DEL04-SC";"UOP03-DEL04-SC"
520048;2023-04-29;"sábado";"16:35:00";"SC";101;409;"ARARANGUA";"Redutor de velocidade em desacordo";"Colisão traseira";"Com Vítimas Feridas";"Pleno dia";"Decrescente";"Céu Claro";"Simples";"Reta";"Sim";3;0;1;0;0;2;1;3;-28,91482796;-49,48625305;"SPRF-SC";"DEL02-SC";"UOP02-DEL02-SC"
520049;2023-04-29;"sábado";"16:20:00";"SC";280;33;"ARAQUARI";"Retorno proibido";"Colisão transversal";"Com Vítimas Feridas";"Pleno dia";"Decrescente";"Nublado";"Simples";"Reta";"Não";2;0;1;0;1;0;1;2;-26,42576441;-48,78741376;"SPRF-SC";"DEL03-SC";"UOP03-DEL03-SC"
520050;2023-04-29;"sábado";"16:15:00";"RO";435;37;"VILHENA";"Reação tardia ou ineficiente do condutor";"Saída de leito carroçável";"Com Vítimas Feridas";"Pleno dia";"Decrescente";"Sol";"Simples";"Reta;Declive";"Não";2;0;0;1;0;1;1;2;-12,86210548;-60,37251032;"SPRF-RO";"DEL04-RO";"UOP02-DEL04-RO"
520051;2023-04-29;"sábado";"18:40:00";"SP";381;1,5;"VARGEM";"Entrada inopinada do pedestre";"Atropelamento de Pedestre";"Com Vítimas Feridas";"Plena Noite";"Decrescente";"Céu Claro";"Simples";"Retorno Regulamentado;Reta";"Não";3;0;3;0;0;0;3;2;-22,88146043;-46,38105397;"SPRF-SP";"DEL03-SP";"UOP02-DEL03-SP"
520052;2023-04-29;"sábado";"18:00:00";"RN";304;68;"MOSSORO";"Acessar a via sem observar a presença dos outros veículos";"Colisão lateral mesmo sentido";"Com Vítimas Feridas";"Plena Noite";"Decrescente";"Nublado";"Simples";"Interseção de Vias";"Não";2;0;2;0;0;0;2;2;-5,386368;-37,234276;"SPRF-RN";"DEL04-RN";"UOP01-DEL04-RN"
520053;2023-04-29;"sábado";"18:45:00";"RS";116;145,3;"CAXIAS DO SUL";"Pedestre cruzava a pista fora da faixa";"Atropelamento de Pedestre";"Com Vítimas Feridas";"Plena Noite";"Decrescente";"Céu Claro";"Dupla";"Reta";"Sim";2;0;2;0;0;0;2;2;-29,1384992;-51,13251686;"SPRF-RS";"DEL05-RS";"UOP01-DEL05-RS"
520055;2023-04-29;"sábado";"19:45:00";"ES";101;147;"LINHARES";"Acessar a via sem observar a presença dos outros veículos";"Colisão lateral mesmo sentido";"Com Vítimas Feridas";"Plena Noite";"Decrescente";"Nublado";"Múltipla";"Reta;Interseção de Vias";"Sim";3;0;0;1;1;1;1;2;-19,37887202;-40,06657892;"SPRF-ES";"DEL04-ES";"UOP01-DEL04-ES"
520056;2023-04-29;"sábado";"19:00:00";"RJ";116;118;"MAGE";"Velocidade Incompatível";"Colisão traseira";"Com Vítimas Feridas";"Plena Noite";"Crescente";"Céu Claro";"Simples";"Viaduto";"Não";2;0;0;1;1;0;1;2;-22,60969336;-43,03076263;"SPRF-RJ";"DEL04-RJ";"UOP02-DEL04-RJ"
520058;2023-04-29;"sábado";"19:20:00";"PE";424;80,9;"GARANHUNS";"Transitar na contramão";"Colisão lateral sentido oposto";"Com Vítimas Feridas";"Plena Noite";"Crescente";"Céu Claro";"Simples";"Reta";"Não";2;0;0;1;0;1;1;2;-8,8305209;-36,54673593;"SPRF-PE";"DEL03-PE";"UOP01-DEL03-PE"
520060;2023-04-29;"sábado";"19:20:00";"PR";373;276;"PRUDENTOPOLIS";"Transitar na contramão";"Colisão frontal";"Com Vítimas Fatais";"Plena Noite";"Crescente";"Nublado";"Simples";"Reta";"Não";2;1;1;0;0;0;1;2;-25,25754888;-51,07658207;"SPRF-PR";"DEL08-PR";"UOP01-DEL08-PR"
520061;2023-04-29;"sábado";"17:50:00";"SC";470;185;"POUSO REDONDO";"Acessar a via sem observar a presença dos outros veículos";"Colisão transversal";"Com Vítimas Feridas";"Anoitecer";"Crescente";"Céu Claro";"Simples";"Curva";"Não";2;0;1;0;1;0;1;2;-27,254034;-50,036575;"SPRF-SC";"DEL04-SC";"UOP02-DEL04-SC"
520063;2023-04-29;"sábado";"19:20:00";"RS";116;347,6;"TAPES";"Ausência de reação do condutor";"Saída de leito carroçável";"Com Vítimas Feridas";"Plena Noite";"Decrescente";"Céu Claro";"Dupla";"Retorno Regulamentado";"Sim";2;0;1;1;0;0;2;1;-30,51691315;-51,49665766;"SPRF-RS";"DEL02-RS";"UOP02-DEL02-RS"
520065;2023-04-29;"sábado";"19:30:00";"SC";101;353;"JAGUARUNA";"Ausência de reação do condutor";"Colisão com objeto";"Com Vítimas Feridas";"Plena Noite";"Decrescente";"Céu Claro";"Dupla";"Reta";"Sim";2;0;2;0;0;0;2;2;-28,61232036;-49,06197674;"SPRF-SC";"DEL02-SC";"UOP01-DEL02-SC"
520066;2023-04-29;"sábado";"19:00:00";"SC";101;100,1;"BALNEARIO PICARRAS";"Área urbana sem a presença de local apropriado para a travessia de pedestres";"Colisão transversal";"Com Vítimas Feridas";"Plena Noite";"Crescente";"Céu Claro";"Dupla";"Reta";"Sim";4;0;0;1;3;0;1;2;-26,75482787;-48,68993675;"SPRF-SC";"DEL03-SC";"UOP02-DEL03-SC"
520068;2023-04-29;"sábado";"20:03:00";"RS";386;342,7;"LAJEADO";"Acessar a via sem observar a presença dos outros veículos";"Colisão transversal";"Com Vítimas Feridas";"Plena Noite";"Decrescente";"Céu Claro";"Simples";"Reta";"Sim";3;0;2;0;1;0;2;2;-29,431631;-52,011932;"SPRF-RS";"DEL04-RS";"UOP01-DEL04-RS"
520069;2023-04-29;"sábado";"17:00:00";"RJ";116;144;"DUQUE DE CAXIAS";"Reação tardia ou ineficiente do condutor";"Colisão com objeto";"Sem Vítimas";"Pleno dia";"Crescente";"Nublado";"Dupla";"Reta";"Sim";1;0;0;0;1;0;0;1;-22,658136;-43,248745;"SPRF-RJ";"DEL01-RJ";"UOP01-DEL01-RJ"
520070;2023-04-29;"sábado";"20:20:00";"RN";406;171;"SAO GONCALO DO AMARANTE";"Pista Escorregadia";"Capotamento";"Com Vítimas Feridas";"Plena Noite";"Decrescente";"Chuva";"Dupla";"Reta";"Não";1;0;1;0;0;0;1;1;-5,76172663;-35,29115323;"SPRF-RN";"DEL02-RN";"UOP01-DEL02-RN"
520071;2023-04-29;"sábado";"20:10:00";"TO";153;111;"WANDERLANDIA";"Acessar a via sem observar a presença dos outros veículos";"Colisão transversal";"Com Vítimas Feridas";"Plena Noite";"Decrescente";"Céu Claro";"Simples";"Reta";"Sim";2;0;0;1;1;0;1;2;-6,95898316;-48,09467668;"SPRF-TO";"DEL02-TO";"UOP01-DEL02-TO"
520073;2023-04-29;"sábado";"19:20:00";"MT";364;621;"DIAMANTINO";"Ingestão de álcool pelo condutor";"Colisão traseira";"Com Vítimas Feridas";"Plena Noite";"Decrescente";"Céu Claro";"Simples";"Reta";"Não";2;0;0;1;1;0;1;2;-14,38890596;-56,35636598;"SPRF-MT";"DEL01-MT";"UOP01-DEL01-MT"
520074;2023-04-29;"sábado";"20:00:00";"SC";116;207,3;"PONTE ALTA";"Acessar a via sem observar a presença dos outros veículos";"Colisão transversal";"Com Vítimas Feridas";"Plena Noite";"Crescente";"Céu Claro";"Simples";"Aclive;Reta";"Não";3;0;2;0;1;0;2;2;-27,48456;-50,37797;"SPRF-SC";"DEL05-SC";"UOP03-DEL05-SC"
520075;2023-04-29;"sábado";"21:00:00";"PR";476;200,1;"LAPA";"Pedestre andava na pista";"Atropelamento de Pedestre";"Com Vítimas Feridas";"Plena Noite";"Crescente";"Céu Claro";"Simples";"Reta";"Não";2;0;0;1;0;1;1;2;-25,716457;-49,687534;"SPRF-PR";"DEL01-PR";"UOP06-DEL01-PR"
520076;2023-04-29;"sábado";"19:50:00";"SP";116;270;"TABOAO DA SERRA";"Trafegar com motocicleta (ou similar) entre as faixas";"Colisão traseira";"Com Vítimas Feridas";"Plena Noite";"Crescente";"Céu Claro";"Múltipla";"Reta";"Sim";2;0;1;0;1;0;1;2;-23,61799728;-46,79677694;"SPRF-SP";"DEL04-SP";"UOP01-DEL04-SP"
520077;2023-04-29;"sábado";"21:10:00";"SP";116;497;"CAJATI";"Ausência de reação do condutor";"Capotamento";"Com Vítimas Feridas";"Plena Noite";"Crescente";"Céu Claro";"Dupla";"Reta";"Não";1;0;1;0;0;0;1;1;-24,75898276;-48,12595011;"SPRF-SP";"DEL05-SP";"UOP01-DEL05-SP"
520078;2023-03-24;"sexta-feira";"00:10:00";"MT";174;379;"CONQUISTA DOESTE";"Animais na Pista";"Atropelamento de Animal";"Sem Vítimas";"Plena Noite";"Crescente";"Ignorado";"Simples";"Reta";"Não";1;0;0;0;1;0;0;1;-14,54560168;-59,54265515;"SPRF-MT";"DEL04-MT";"UOP01-DEL04-MT"
520079;2023-04-29;"sábado";"19:50:00";"RN";101;80;"SAO GONCALO DO AMARANTE";"Ingestão de álcool pelo condutor";"Colisão lateral mesmo sentido";"Sem Vítimas";"Plena Noite";"Crescente";"Céu Claro";"Dupla";"Reta";"Não";2;0;0;0;2;0;0;2;-5,75852229;-35,28806121;"SPRF-RN";"DEL02-RN";"UOP01-DEL02-RN"
520080;2023-04-29;"sábado";"19:30:00";"MT";364;396;"CUIABA";"Ausência de reação do condutor";"Saída de leito carroçável";"Com Vítimas Feridas";"Plena Noite";"Crescente";"Céu Claro";"Dupla";"Reta";"Não";2;0;1;1;0;0;2;1;-15,69004774;-55,90523988;"SPRF-MT";"DEL01-MT";"UOP02-DEL01-MT"
520081;2023-04-29;"sábado";"21:20:00";"RS";116;263;"CANOAS";"Condutor desrespeitou a iluminação vermelha do semáforo";"Colisão transversal";"Com Vítimas Feridas";"Plena Noite";"Decrescente";"Céu Claro";"Dupla";"Reta;Interseção de Vias;Rotatória";"Sim";2;0;2;0;0;0;2;2;-29,90545398;-51,17674031;"SPRF-RS";"DEL01-RS";"UOP01-DEL01-RS"
520082;2023-04-29;"sábado";"09:50:00";"BA";20;134;"BARREIRAS";"Reação tardia ou ineficiente do condutor";"Queda de ocupante de veículo";"Com Vítimas Feridas";"Pleno dia";"Crescente";"Céu Claro";"Simples";"Reta";"Não";2;0;1;1;0;0;2;1;-12;-45;"SPRF-BA";"DEL10-BA";"UOP01-DEL10-BA"
520083;2023-04-29;"sábado";"21:30:00";"PB";104;113,1;"LAGOA SECA";"Desrespeitar a preferência no cruzamento";"Colisão transversal";"Com Vítimas Feridas";"Plena Noite";"Crescente";"Nublado";"Simples";"Interseção de Vias";"Sim";3;0;2;0;0;1;2;2;-7,15342626;-35,85241772;"SPRF-PB";"DEL02-PB";"UOP04-DEL02-PB"
520085;2023-04-29;"sábado";"16:30:00";"BA";116;7,5;"VITORIA DA CONQUISTA";"Manobra de mudança de faixa";"Queda de ocupante de veículo";"Com Vítimas Feridas";"Pleno dia";"Decrescente";"Nublado";"Simples";"Aclive";"Sim";2;0;1;0;1;0;1;2;-14,851;-40,8485;"SPRF-BA";"DEL08-BA";"UOP01-DEL08-BA"
520086;2023-04-29;"sábado";"19:00:00";"BA";116;910,4;"ENCRUZILHADA";"Ingestão de álcool pelo condutor";"Colisão lateral sentido oposto";"Sem Vítimas";"Plena Noite";"Crescente";"Nublado";"Simples";"Reta;Declive";"Não";1;0;0;0;1;0;0;1;-15,51836;-41,2408;"SPRF-BA";"DEL08-BA";"UOP03-DEL08-BA"
520090;2023-04-29;"sábado";"22:15:00";"GO";60;93;"ANAPOLIS";"Ingestão de álcool pelo condutor";"Colisão com objeto";"Sem Vítimas";"Plena Noite";"Decrescente";"Céu Claro";"Dupla";"Reta;Retorno Regulamentado";"Sim";1;0;0;0;0;1;0;1;-16,3538;-48,9268;"SPRF-GO";"DEL02-GO";"UOP01-DEL02-GO"
520092;2023-04-29;"sábado";"22:20:00";"SC";282;629,8;"DESCANSO";"Ingestão de álcool pelo condutor";"Saída de leito carroçável";"Com Vítimas Feridas";"Pleno dia";"Crescente";"Céu Claro";"Simples";"Curva";"Não";1;0;1;0;0;0;1;1;-26,82217705;-53,38476353;"SPRF-SC";"DEL07-SC";"UOP03-DEL07-SC"
520093;2023-04-29;"sábado";"23:00:00";"RS";116;248;"SAO LEOPOLDO";"Transitar na calçada";"Colisão transversal";"Com Vítimas Feridas";"Plena Noite";"Crescente";"Céu Claro";"Dupla";"Interseção de Vias";"Sim";4;0;1;0;3;0;1;2;-29,77605895;-51,15508618;"SPRF-RS";"DEL01-RS";"UOP02-DEL01-RS"
520094;2023-04-29;"sábado";"22:40:00";"RN";304;11,9;"MOSSORO";"Manobra de mudança de faixa";"Colisão frontal";"Com Vítimas Fatais";"Plena Noite";"Crescente";"Céu Claro";"Simples";"Reta;Em Obras";"Não";6;1;3;1;1;0;4;2;-4,96418497;-37,39394095;"SPRF-RN";"DEL04-RN";"UOP02-DEL04-RN"
520098;2023-03-25;"sábado";"04:20:00";"SC";101;203;"SAO JOSE";"Ingestão de álcool pelo condutor";"Colisão com objeto";"Sem Vítimas";"Plena Noite";"Decrescente";"Ignorado";"Múltipla";"Reta";"Sim";2;0;0;0;2;0;0;1;-27,5650044;-48,61460082;"SPRF-SC";"DEL01-SC";"UOP01-DEL01-SC"
520099;2023-04-29;"sábado";"20:00:00";"MT";163;825;"SINOP";"Ausência de reação do condutor";"Tombamento";"Com Vítimas Feridas";"Plena Noite";"Decrescente";"Céu Claro";"Dupla";"Reta";"Sim";1;0;0;1;0;0;1;1;-11,950154;-55,51693;"SPRF-MT";"DEL06-MT";"UOP02-DEL06-MT"
520100;2023-04-29;"sábado";"20:40:00";"BA";420;246,3;"LAJE";"Velocidade Incompatível";"Saída de leito carroçável";"Com Vítimas Fatais";"Plena Noite";"Crescente";"Nublado";"Simples";"Aclive;Curva";"Não";4;1;0;1;2;0;1;1;-13,18374;-39,439825;"SPRF-BA";"DEL01-BA";"UOP02-DEL01-BA"
520101;2023-04-30;"domingo";"00:15:00";"SP";116;51;"LORENA";"Condutor deixou de manter distância do veículo da frente";"Colisão traseira";"Sem Vítimas";"Plena Noite";"Crescente";"Céu Claro";"Simples";"Reta";"Sim";1;0;0;0;0;1;0;1;-22,74157511;-45,09206392;"SPRF-SP";"DEL08-SP";"UOP02-DEL08-SP"
520102;2023-04-30;"domingo";"00:05:00";"SC";101;130;"BALNEARIO CAMBORIU";"Reação tardia ou ineficiente do condutor";"Saída de leito carroçável";"Com Vítimas Feridas";"Plena Noite";"Decrescente";"Céu Claro";"Dupla";"Curva";"Não";1;0;0;1;0;0;1;1;-26,98407618;-48,66977107;"SPRF-SC";"DEL04-SC";"UOP03-DEL04-SC"
520103;2023-04-30;"domingo";"00:15:00";"SP";153;64;"SAO JOSE DO RIO PRETO";"Ingestão de álcool pelo condutor";"Colisão traseira";"Sem Vítimas";"Plena Noite";"Crescente";"Céu Claro";"Dupla";"Reta";"Sim";2;0;0;0;2;0;0;2;-20,82663951;-49,35877919;"SPRF-SP";"DEL09-SP";"UOP01-DEL09-SP"
520104;2023-04-29;"sábado";"19:30:00";"MS";60;73;"PARAISO DAS AGUAS";"Reação tardia ou ineficiente do condutor";"Colisão traseira";"Com Vítimas Feridas";"Pleno dia";"Crescente";"Céu Claro";"Simples";"Reta";"Não";2;0;1;0;1;0;1;2;-19,11640298;-53,04439405;"SPRF-MS";"DEL06-MS";"UOP02-DEL06-MS"
520107;2023-04-29;"sábado";"23:15:00";"SC";101;428,3;"SOMBRIO";"Animais na Pista";"Atropelamento de Animal";"Com Vítimas Feridas";"Plena Noite";"Crescente";"Nublado";"Múltipla";"Reta";"Não";2;0;1;1;0;0;2;1;-29,0402251;-49,61223688;"SPRF-SC";"DEL02-SC";"UOP02-DEL02-SC"
520109;2023-04-30;"domingo";"01:00:00";"BA";101;371;"GANDU";"Condutor Dormindo";"Saída de leito carroçável";"Com Vítimas Feridas";"Plena Noite";"Decrescente";"Céu Claro";"Simples";"Curva";"Não";1;0;1;0;0;0;1;1;-13,9178362;-39,48511279;"SPRF-BA";"DEL05-BA";"UOP03-DEL05-BA"
520110;2023-04-29;"sábado";"20:30:00";"SC";280;253,4;"CANOINHAS";"Condutor Dormindo";"Colisão frontal";"Com Vítimas Feridas";"Plena Noite";"Crescente";"Céu Claro";"Simples";"Curva";"Não";6;0;3;1;1;1;4;3;-26,26572045;-50,56913793;"SPRF-SC";"DEL06-SC";"UOP04-DEL06-SC"
520111;2023-04-30;"domingo";"01:50:00";"SC";101;145;"ITAPEMA";"Ausência de reação do condutor";"Colisão com objeto";"Com Vítimas Feridas";"Plena Noite";"Crescente";"Céu Claro";"Dupla";"Reta";"Não";2;0;1;1;0;0;2;1;-27,08139206;-48,60130993;"SPRF-SC";"DEL04-SC";"UOP03-DEL04-SC"
520112;2023-04-29;"sábado";"23:38:00";"PI";316;96;"BARRO DURO";"Reação tardia ou ineficiente do condutor";"Colisão traseira";"Sem Vítimas";"Plena Noite";"Decrescente";"Nublado";"Simples";"Reta";"Sim";2;0;0;0;2;0;0;2;-5,81557921;-42,51383316;"SPRF-PI";"DEL04-PI";"UOP02-DEL04-PI"
520114;2023-04-29;"sábado";"18:57:00";"MA";10;315,1;"ACAILANDIA";"Ausência de reação do condutor";"Colisão traseira";"Com Vítimas Fatais";"Plena Noite";"Crescente";"Céu Claro";"Simples";"Aclive;Reta";"Não";2;1;0;0;1;0;0;2;-4,99031;-47,527096;"SPRF-MA";"DEL04-MA";"UOP03-DEL04-MA"
520115;2023-04-30;"domingo";"02:35:00";"MG";40;521;"RIBEIRAO DAS NEVES";"Animais na Pista";"Atropelamento de Animal";"Com Vítimas Feridas";"Plena Noite";"Decrescente";"Céu Claro";"Dupla";"Curva";"Não";1;0;0;1;0;0;1;1;-19,85651501;-44,07213222;"SPRF-MG";"DEL01-MG";"UOP02-DEL01-MG"
520117;2023-04-30;"domingo";"02:30:00";"PR";376;179;"MARINGA";"Condutor deixou de manter distância do veículo da frente";"Colisão traseira";"Com Vítimas Feridas";"Plena Noite";"Crescente";"Céu Claro";"Dupla";"Reta";"Não";2;0;1;1;0;0;2;2;-23,42244278;-51,90360392;"SPRF-PR";"DEL09-PR";"UOP01-DEL09-PR"
520118;2023-04-30;"domingo";"02:20:00";"PR";376;656;"TIJUCAS DO SUL";"Reação tardia ou ineficiente do condutor";"Saída de leito carroçável";"Sem Vítimas";"Plena Noite";"Crescente";"Garoa/Chuvisco";"Simples";"Reta";"Não";1;0;0;0;1;0;0;1;-25,85426781;-49,02562559;"SPRF-PR";"DEL01-PR";"UOP04-DEL01-PR"
520119;2023-04-30;"domingo";"01:10:00";"MT";163;573,3;"NOBRES";"Afundamento ou ondulação no pavimento";"Colisão com objeto";"Com Vítimas Feridas";"Plena Noite";"Crescente";"Céu Claro";"Dupla";"Ponte;Reta";"Não";1;0;1;0;0;0;1;1;-14,63227512;-56,27248764;"SPRF-MT";"DEL01-MT";"UOP01-DEL01-MT"
520120;2023-04-30;"domingo";"01:20:00";"MG";116;600,1;"SAO JOAO DO MANHUACU";"Reação tardia ou ineficiente do condutor";"Saída de leito carroçável";"Com Vítimas Fatais";"Plena Noite";"Crescente";"Nublado";"Simples";"Curva";"Não";3;1;2;0;0;0;2;1;-20,33157703;-42,14776317;"SPRF-MG";"DEL06-MG";"UOP03-DEL06-MG"
520121;2023-04-30;"domingo";"02:50:00";"PR";116;13,7;"COLOMBO";"Ingestão de álcool pelo condutor";"Colisão com objeto";"Com Vítimas Feridas";"Plena Noite";"Crescente";"Nublado";"Dupla";"Reta";"Sim";2;0;2;0;0;0;2;1;-25,3785;-49,1564;"SPRF-PR";"DEL01-PR";"UOP02-DEL01-PR"
520123;2023-04-30;"domingo";"01:30:00";"MG";40;343;"FELIXLANDIA";"Neblina";"Saída de leito carroçável";"Sem Vítimas";"Plena Noite";"Decrescente";"Nevoeiro/Neblina";"Simples";"Reta";"Sim";1;0;0;0;1;0;0;1;-18,68560533;-44,98971131;"SPRF-MG";"DEL02-MG";"UOP01-DEL02-MG"
520124;2023-04-30;"domingo";"03:50:00";"PE";232;126;"CARUARU";"Ausência de reação do condutor";"Colisão traseira";"Sem Vítimas";"Plena Noite";"Decrescente";"Nublado";"Dupla";"Reta";"Não";1;0;0;0;0;1;0;1;-8,30819677;-35,95467594;"SPRF-PE";"DEL02-PE";"UOP01-DEL02-PE"
520125;2023-04-30;"domingo";"04:00:00";"SP";116;112,6;"TAUBATE";"Ausência de reação do condutor";"Colisão com objeto";"Sem Vítimas";"Plena Noite";"Decrescente";"Nublado";"Dupla";"Reta";"Sim";3;0;0;0;3;0;0;3;-23,04159343;-45,57065616;"SPRF-SP";"DEL02-SP";"UOP02-DEL02-SP"
520126;2023-04-30;"domingo";"02:33:00";"PB";230;15;"CABEDELO";"Reação tardia ou ineficiente do condutor";"Tombamento";"Com Vítimas Feridas";"Plena Noite";"Decrescente";"Céu Claro";"Dupla";"Declive";"Sim";1;0;0;1;0;0;1;1;-7,09944459;-34,84767176;"SPRF-PB";"DEL01-PB";"UOP01-DEL01-PB"
520127;2023-04-30;"domingo";"04:40:00";"SP";153;49,2;"SAO JOSE DO RIO PRETO";"Conversão proibida";"Colisão transversal";"Com Vítimas Feridas";"Plena Noite";"Crescente";"Nublado";"Simples";"Reta;Rotatória";"Não";3;0;1;0;2;0;1;2;-20,70000401;-49,33945823;"SPRF-SP";"DEL09-SP";"UOP01-DEL09-SP"
520128;2023-04-30;"domingo";"05:50:00";"SC";101;201;"SAO JOSE";"Ingestão de álcool pelo condutor";"Capotamento";"Sem Vítimas";"Amanhecer";"Crescente";"Ignorado";"Dupla";"Reta";"Não";2;0;0;0;2;0;0;1;-27,54836599;-48,61977975;"SPRF-SC";"DEL01-SC";"UOP01-DEL01-SC"
520129;2023-04-30;"domingo";"05:00:00";"RJ";116;133;"MAGE";"Ausência de reação do condutor";"Colisão com objeto";"Com Vítimas Feridas";"Amanhecer";"Decrescente";"Céu Claro";"Dupla";"Curva";"Sim";1;0;0;1;0;0;1;1;-22,65418284;-43,14382995;"SPRF-RJ";"DEL04-RJ";"UOP02-DEL04-RJ"
520130;2023-04-30;"domingo";"05:00:00";"RS";116;246,5;"SAO LEOPOLDO";"Ausência de reação do condutor";"Saída de leito carroçável";"Com Vítimas Feridas";"Plena Noite";"Decrescente";"Céu Claro";"Simples";"Retorno Regulamentado;Curva;Viaduto";"Sim";5;0;5;0;0;0;5;1;-29,7616804;-51,15255316;"SPRF-RS";"DEL01-RS";"UOP02-DEL01-RS"
520132;2023-04-30;"domingo";"06:20:00";"SC";101;204;"SAO JOSE";"Reação tardia ou ineficiente do condutor";"Queda de ocupante de veículo";"Com Vítimas Feridas";"Pleno dia";"Crescente";"Céu Claro";"Dupla";"Reta";"Sim";1;0;1;0;0;0;1;1;-27,57413014;-48,61363083;"SPRF-SC";"DEL01-SC";"UOP01-DEL01-SC"
520134;2023-04-30;"domingo";"04:40:00";"PI";316;144;"ELESBAO VELOSO";"Transitar na contramão";"Colisão frontal";"Com Vítimas Fatais";"Amanhecer";"Crescente";"Nevoeiro/Neblina";"Simples";"Curva;Declive";"Não";20;1;0;2;17;0;2;2;-6,10509266;-42,2124126;"SPRF-PI";"DEL04-PI";"UOP02-DEL04-PI"