"id";"data_inversa";"dia_semana";"horario";"uf";"br";"km";"municipio";"causa_acidente";"tipo_acidente";"classificacao_acidente";"fase_dia";"sentido_via";"condicao_metereologica";"tipo_pista";"tracado_via";"uso_solo";"pessoas";"mortos";"feridos_leves";"feridos_graves";"ilesos";"ignorados";"feridos";"veiculos";"latitude";"longitude";"regional";"delegacia";"uop"
520240;2023-04-30;"domingo";"18:35:00";"MG";116;588;"MANHUACU";"Ausência de reação do condutor";"Saída de leito carroçável";"Sem Vítimas";"Plena Noite";"Crescente";"Céu Claro";"Simples";"Reta";"Sim";1;0;0;0;1;0;0;1;-20,24647197;-42,153177;"SPRF-MG";"DEL06-MG";"UOP03-DEL06-MG"
520241;2023-04-30;"domingo";"18:15:00";"MG";116;415;"GOVERNADOR VALADARES";"Ausência de reação do condutor";"Tombamento";"Com Vítimas Feridas";"Plena Noite";"Decrescente";"Céu Claro";"Simples";"Reta";"Sim";1;0;1;0;0;0;1;1;-18,88401297;-41,94924399;"SPRF-MG";"DEL06-MG";"UOP01-DEL06-MG"
520243;2023-04-30;"domingo";"17:50:00";"GO";414;409,2;"ABADIANIA";"Ingestão de álcool pelo condutor";"Colisão lateral sentido oposto";"Com Vítimas Feridas";"Pleno dia";"Crescente";"Céu Claro";"Simples";"Reta";"Não";5;0;1;0;4;0;1;2;-16,0434342;-48,8522077;"SPRF-GO";"DEL02-GO";"UOP01-DEL02-GO"
520244;2023-04-30;"domingo";"18:30:00";"SC";101;117,6;"ITAJAI";"Ingestão de álcool pelo condutor";"Colisão traseira";"Com Vítimas Feridas";"Plena Noite";"Crescente";"Céu Claro";"Múltipla";"Reta";"Sim";2;0;1;0;1;0;1;2;-26,89243988;-48,7207067;"SPRF-SC";"DEL04-SC";"UOP04-DEL04-SC"
520245;2023-04-30;"domingo";"18:30:00";"RS";116;402;"CAMAQUA";"Iluminação deficiente";"Atropelamento de Pedestre";"Com Vítimas Feridas";"Plena Noite";"Decrescente";"Céu Claro";"Simples";"Reta";"Não";2;0;0;2;0;0;2;2;-30,88140317;-51,82514791;"SPRF-RS";"DEL02-RS";"UOP02-DEL02-RS"
520246;2023-04-30;"domingo";"18:30:00";"BA";110;362;"CATU";"Transitar na contramão";"Colisão frontal";"Sem Vítimas";"Plena Noite";"Decrescente";"Nublado";"Simples";"Reta";"Não";5;0;0;0;5;0;0;2;-12,36659322;-38,38801135;"SPRF-BA";"DEL01-BA";"UOP04-DEL01-BA"
520248;2023-04-30;"domingo";"17:30:00";"SC";101;409,2;"ARARANGUA";"Condutor deixou de manter distância do veículo da frente";"Colisão traseira";"Com Vítimas Feridas";"Pleno dia";"Decrescente";"Céu Claro";"Simples";"Reta;Declive";"Sim";3;0;2;0;1;0;2;2;-28,93485263;-49,49512482;"SPRF-SC";"DEL02-SC";"UOP02-DEL02-SC"
520250;2023-04-30;"domingo";"18:25:00";"RN";304;48,6;"MOSSORO";"Ingestão de álcool pelo condutor";"Colisão frontal";"Com Vítimas Feridas";"Plena Noite";"Crescente";"Nublado";"Simples";"Reta";"Sim";2;0;0;1;1;0;1;2;-5,235157;-37,318265;"SPRF-RN";"DEL04-RN";"UOP01-DEL04-RN"
520252;2023-04-30;"domingo";"18:45:00";"SC";282;40,5;"AGUAS MORNAS";"Desrespeitar a preferência no cruzamento";"Colisão transversal";"Com Vítimas Feridas";"Plena Noite";"Crescente";"Céu Claro";"Simples";"Interseção de Vias";"Não";3;0;1;1;1;0;2;2;-27,716148;-48,869583;"SPRF-SC";"DEL01-SC";"UOP03-DEL01-SC"
520253;2023-04-30;"domingo";"18:20:00";"MT";364;275,8;"JACIARA";"Reação tardia ou ineficiente do condutor";"Colisão com objeto";"Sem Vítimas";"Plena Noite";"Crescente";"Chuva";"Simples";"Reta;Declive";"Não";1;0;0;0;1;0;0;1;-15,95085604;-54,98237599;"SPRF-MT";"DEL05-MT";"UOP02-DEL05-MT"
520254;2023-04-30;"domingo";"19:20:00";"MG";381;498;"BETIM";"Condutor deixou de manter distância do veículo da frente";"Colisão traseira";"Sem Vítimas";"Plena Noite";"Decrescente";"Céu Claro";"Dupla";"Declive";"Não";2;0;0;0;2;0;0;2;-19,97018187;-44,18210416;"SPRF-MG";"DEL04-MG";"UOP03-DEL04-MG"
520255;2023-04-30;"domingo";"19:00:00";"SP";116;173,4;"JACAREI";"Ausência de reação do condutor";"Saída de leito carroçável";"Com Vítimas Feridas";"Plena Noite";"Crescente";"Nublado";"Dupla";"Reta";"Não";3;0;2;0;0;1;2;2;-23,31710055;-46,08178719;"SPRF-SP";"DEL02-SP";"UOP01-DEL02-SP"
520256;2023-04-30;"domingo";"18:50:00";"RJ";116;185;"NOVA IGUACU";"Ingestão de álcool ou de substâncias psicoativas pelo pedestre";"Colisão traseira";"Com Vítimas Feridas";"Plena Noite";"Decrescente";"Céu Claro";"Dupla";"Reta";"Sim";3;0;2;0;1;0;2;2;-22,74151051;-43,45351823;"SPRF-RJ";"DEL01-RJ";"UOP02-DEL01-RJ"
520257;2023-04-30;"domingo";"15:20:00";"MG";116;624;"ORIZANIA";"Condutor Dormindo";"Saída de leito carroçável";"Com Vítimas Feridas";"Pleno dia";"Decrescente";"Céu Claro";"Simples";"Reta";"Não";1;0;0;1;0;0;1;1;-20,53111007;-42,20163271;"SPRF-MG";"DEL07-MG";"UOP02-DEL07-MG"
520258;2023-04-30;"domingo";"18:20:00";"SC";282;654,9;"SAO MIGUEL DO OESTE";"Reação tardia ou ineficiente do condutor";"Saída de leito carroçável";"Sem Vítimas";"Anoitecer";"Crescente";"Céu Claro";"Simples";"Curva";"Não";1;0;0;0;0;1;0;1;-26,69823208;-53,53388786;"SPRF-SC";"DEL07-SC";"UOP03-DEL07-SC"
520261;2023-04-30;"domingo";"19:30:00";"PR";116;98;"SAO JOSE DOS PINHAIS";"Reação tardia ou ineficiente do condutor";"Queda de ocupante de veículo";"Com Vítimas Feridas";"Plena Noite";"Crescente";"Nublado";"Simples";"Reta";"Não";1;0;1;0;0;0;1;1;-25,54749446;-49,15158749;"SPRF-PR";"DEL01-PR";"UOP07-DEL01-PR"
520263;2023-04-30;"domingo";"19:30:00";"GO";60;169,9;"GOIANIA";"Reação tardia ou ineficiente do condutor";"Colisão traseira";"Com Vítimas Feridas";"Plena Noite";"Decrescente";"Céu Claro";"Dupla";"Reta";"Não";2;0;0;1;1;0;1;2;-16,7269;-49,3822;"SPRF-GO";"DEL01-GO";"UOP02-DEL01-GO"
520264;2023-04-30;"domingo";"19:00:00";"BA";116;222;"EUCLIDES DA CUNHA";"Transitar na contramão";"Colisão frontal";"Com Vítimas Fatais";"Plena Noite";"Crescente";"Céu Claro";"Simples";"Reta";"Não";12;1;0;0;11;0;0;2;-10,58516577;-38,98268272;"SPRF-BA";"DEL07-BA";"UOP02-DEL07-BA"
520265;2023-04-30;"domingo";"19:30:00";"RJ";101;487;"ANGRA DOS REIS";"Acessar a via sem observar a presença dos outros veículos";"Colisão transversal";"Com Vítimas Feridas";"Plena Noite";"Crescente";"Céu Claro";"Simples";"Reta";"Sim";2;0;1;0;1;0;1;2;-22,96828891;-44,29864663;"SPRF-RJ";"DEL03-RJ";"UOP03-DEL03-RJ"
520266;2023-04-30;"domingo";"18:10:00";"BA";116;224;"EUCLIDES DA CUNHA";"Deficiência do Sistema de Iluminação/Sinalização";"Colisão traseira";"Com Vítimas Feridas";"Plena Noite";"Crescente";"Céu Claro";"Simples";"Reta";"Não";2;0;1;0;1;0;1;2;-10,59442413;-38,9768893;"SPRF-BA";"DEL07-BA";"UOP02-DEL07-BA"
520268;2023-04-30;"domingo";"19:40:00";"MG";262;714;"ARAXA";"Velocidade Incompatível";"Saída de leito carroçável";"Com Vítimas Feridas";"Plena Noite";"Crescente";"Céu Claro";"Simples";"Curva";"Não";1;0;1;0;0;0;1;1;-19,61206095;-47,17744999;"SPRF-MG";"DEL08-MG";"UOP01-DEL08-MG"
520270;2023-04-30;"domingo";"19:00:00";"PE";232;179,1;"BELO JARDIM";"Manobra de mudança de faixa";"Colisão frontal";"Com Vítimas Feridas";"Plena Noite";"Decrescente";"Nublado";"Simples";"Reta";"Sim";2;0;0;2;0;0;2;2;-8,34353242;-36,4199731;"SPRF-PE";"DEL03-PE";"UOP02-DEL03-PE"
520272;2023-04-30;"domingo";"19:30:00";"MS";376;71;"DEODAPOLIS";"Ausência de reação do condutor";"Colisão frontal";"Com Vítimas Feridas";"Plena Noite";"Decrescente";"Céu Claro";"Simples";"Aclive";"Não";3;0;0;2;1;0;2;2;-22,36847207;-54,20845784;"SPRF-MS";"DEL04-MS";"UOP04-DEL04-MS"
520273;2023-04-30;"domingo";"20:20:00";"MG";381;497;"BETIM";"Ingestão de álcool e/ou substâncias psicoativas pelo pedestre";"Atropelamento de Pedestre";"Com Vítimas Feridas";"Plena Noite";"Crescente";"Céu Claro";"Múltipla";"Curva";"Sim";2;0;1;0;1;0;1;2;-20,00483625;-44,21367172;"SPRF-MG";"DEL04-MG";"UOP03-DEL04-MG"
520274;2023-04-30;"domingo";"16:45:00";"RO";364;424,4;"JARU";"Desrespeitar a preferência no cruzamento";"Colisão transversal";"Sem Vítimas";"Pleno dia";"Crescente";"Céu Claro";"Simples";"Reta;Interseção de Vias";"Sim";3;0;0;0;3;0;0;2;-10,44457274;-62,46568412;"SPRF-RO";"DEL03-RO";"UOP02-DEL03-RO"
520275;2023-04-30;"domingo";"20:50:00";"GO";20;189;"SIMOLANDIA";"Condutor Dormindo";"Capotamento";"Com Vítimas Feridas";"Plena Noite";"Crescente";"Céu Claro";"Simples";"Reta";"Não";1;0;1;0;0;0;1;1;-14,355703;-46,443913;"SPRF-DF";"DEL02-DF";"UOP03-DEL02-DF"
520276;2023-04-30;"domingo";"19:35:00";"RJ";493;19;"MAGE";"Reação tardia ou ineficiente do condutor";"Colisão transversal";"Com Vítimas Feridas";"Plena Noite";"Crescente";"Céu Claro";"Simples";"Reta";"Sim";2;0;2;0;0;0;2;2;-22,6663848;-43,02770248;"SPRF-RJ";"DEL04-RJ";"UOP02-DEL04-RJ"
520277;2023-04-30;"domingo";"19:25:00";"RS";470;178;"VERANOPOLIS";"Ausência de reação do condutor";"Colisão traseira";"Com Vítimas Feridas";"Plena Noite";"Decrescente";"Céu Claro";"Simples";"Interseção de Vias";"Sim";2;0;1;0;0;1;1;2;-28,94520879;-51,55207872;"SPRF-RS";"DEL06-RS";"UOP02-DEL06-RS"
520278;2023-04-30;"domingo";"21:00:00";"SP";116;214;"GUARULHOS";"Ultrapassagem Indevida";"Colisão traseira";"Com Vítimas Feridas";"Plena Noite";"Decrescente";"Céu Claro";"Múltipla";"Reta";"Sim";6;0;3;0;2;1;3;3;-23,44333014;-46,44531294;"SPRF-SP";"DEL01-SP";"UOP01-DEL01-SP"
520279;2023-04-30;"domingo";"21:12:00";"PB";230;16;"JOAO PESSOA";"Ingestão de álcool pelo condutor";"Colisão lateral mesmo sentido";"Com Vítimas Feridas";"Plena Noite";"Crescente";"Céu Claro";"Dupla";"Curva";"Sim";3;0;1;0;2;0;1;2;-7,1039;-34,8458;"SPRF-PB";"DEL01-PB";"UOP01-DEL01-PB"
520281;2023-04-30;"domingo";"20:00:00";"RJ";465;12;"SEROPEDICA";"Ausência de reação do condutor";"Tombamento";"Com Vítimas Feridas";"Plena Noite";"Decrescente";"Céu Claro";"Simples";"Reta";"Sim";1;0;1;0;0;0;1;1;-22,791252;-43,651257;"SPRF-RJ";"DEL01-RJ";"UOP03-DEL01-RJ"
520283;2023-04-30;"domingo";"21:48:00";"TO";10;457;"PALMAS";"Ausência de reação do condutor";"Saída de leito carroçável";"Com Vítimas Feridas";"Plena Noite";"Crescente";"Garoa/Chuvisco";"Dupla";"Curva;Aclive";"Sim";1;0;1;0;0;0;1;1;-10,28296;-48,29753;"SPRF-TO";"DEL01-TO";"UOP03-DEL01-TO"
520284;2023-04-30;"domingo";"21:45:00";"SP";116;230;"SAO PAULO";"Pedestre andava na pista";"Atropelamento de Pedestre";"Com Vítimas Feridas";"Plena Noite";"Decrescente";"Nublado";"Múltipla";"Reta;Interseção de Vias;Declive;Viaduto";"Sim";2;0;0;1;0;1;1;2;-23,52792999;-46,58969164;"SPRF-SP";"DEL01-SP";"UOP01-DEL01-SP"
520285;2023-04-30;"domingo";"20:30:00";"SC";282;18;"PALHOCA";"Ausência de reação do condutor";"Colisão com objeto";"Sem Vítimas";"Plena Noite";"Crescente";"Céu Claro";"Simples";"Desvio Temporário;Em Obras";"Não";1;0;0;0;1;0;0;1;-27,672798;-48,694286;"SPRF-SC";"DEL01-SC";"UOP02-DEL01-SC"
520286;2023-04-30;"domingo";"21:20:00";"MG";381;864,5;"POUSO ALEGRE";"Pista esburacada";"Queda de ocupante de veículo";"Com Vítimas Feridas";"Plena Noite";"Crescente";"Céu Claro";"Dupla";"Reta;Aclive";"Não";2;0;2;0;0;0;2;1;-22,38757269;-45,95265452;"SPRF-MG";"DEL16-MG";"UOP01-DEL16-MG"
520287;2023-04-30;"domingo";"19:20:00";"PB";101;78;"SANTA RITA";"Afundamento ou ondulação no pavimento";"Queda de ocupante de veículo";"Com Vítimas Feridas";"Plena Noite";"Decrescente";"Céu Claro";"Dupla";"Reta";"Não";1;0;0;1;0;0;1;1;-7,10808295;-34,96293885;"SPRF-PB";"DEL01-PB";"UOP04-DEL01-PB"
520288;2023-04-30;"domingo";"21:50:00";"SC";101;158;"PORTO BELO";"Ingestão de álcool pelo condutor";"Colisão lateral mesmo sentido";"Com Vítimas Feridas";"Plena Noite";"Crescente";"Céu Claro";"Dupla";"Reta";"Não";3;0;2;0;1;0;2;2;-27,19096301;-48,61259017;"SPRF-SC";"DEL04-SC";"UOP03-DEL04-SC"
520289;2023-04-30;"domingo";"22:00:00";"SP";116;118;"TAUBATE";"Reação tardia ou ineficiente do condutor";"Saída de leito carroçável";"Com Vítimas Feridas";"Plena Noite";"Crescente";"Céu Claro";"Múltipla";"Reta";"Não";3;0;2;0;1;0;2;1;-23,06266296;-45,62665044;"SPRF-SP";"DEL02-SP";"UOP02-DEL02-SP"
520290;2023-04-30;"domingo";"22:10:00";"PE";232;10,1;"JABOATAO DOS GUARARAPES";"Obras na pista";"Colisão com objeto";"Com Vítimas Feridas";"Plena Noite";"Crescente";"Nublado";"Múltipla";"Desvio Temporário;Em Obras";"Sim";1;0;0;1;0;0;1;1;-8,07917241;-34,98718609;"SPRF-PE";"DEL01-PE";"UOP01-DEL01-PE"
520291;2023-04-30;"domingo";"19:50:00";"RR";401;1;"BOA VISTA";"Ingestão de álcool pelo condutor";"Colisão transversal";"Sem Vítimas";"Plena Noite";"Decrescente";"Céu Claro";"Dupla";"Interseção de Vias";"Sim";2;0;0;0;2;0;0;2;2,80233764;-60,68241477;"SPRF-RR";"DEL01-RR";"UOP01-DEL01-RR"
520292;2023-04-30;"domingo";"21:50:00";"PR";116;107,3;"SAO JOSE DOS PINHAIS";"Demais falhas mecânicas ou elétricas";"Capotamento";"Com Vítimas Feridas";"Plena Noite";"Crescente";"Nublado";"Dupla";"Reta";"Não";2;0;1;0;1;0;1;1;-25,56798315;-49,2331481;"SPRF-PR";"DEL01-PR";"UOP07-DEL01-PR"
520293;2023-04-30;"domingo";"23:00:00";"MG";381;479;"CONTAGEM";"Deficiência do Sistema de Iluminação/Sinalização";"Colisão com objeto";"Com Vítimas Feridas";"Plena Noite";"Crescente";"Céu Claro";"Dupla";"Aclive";"Sim";1;0;1;0;0;0;1;1;-19,95889605;-44,069202;"SPRF-MG";"DEL01-MG";"UOP03-DEL01-MG"
520294;2023-04-30;"domingo";"22:20:00";"MG";50;178;"UBERABA";"Ingestão de álcool pelo condutor";"Colisão com objeto";"Com Vítimas Feridas";"Plena Noite";"Crescente";"Céu Claro";"Dupla";"Reta";"Não";2;0;2;0;0;0;2;1;-19,778697;-47,934343;"SPRF-MG";"DEL13-MG";"UOP01-DEL13-MG"
520295;2023-04-30;"domingo";"20:40:00";"PR";272;412,1;"JANIOPOLIS";"Transitar na contramão";"Colisão frontal";"Com Vítimas Feridas";"Plena Noite";"Decrescente";"Céu Claro";"Simples";"Declive";"Não";3;0;0;3;0;0;3;2;-24,13253;-52,80195;"SPRF-PR";"DEL09-PR";"UOP03-DEL09-PR"
520296;2023-04-30;"domingo";"20:40:00";"SC";282;548,8;"CHAPECO";"Acessar a via sem observar a presença dos outros veículos";"Colisão frontal";"Com Vítimas Feridas";"Plena Noite";"Decrescente";"Céu Claro";"Simples";"Reta";"Não";4;0;1;2;1;0;3;2;-26,968346;-52,753883;"SPRF-SC";"DEL07-SC";"UOP01-DEL07-SC"
520298;2023-04-30;"domingo";"23:30:00";"RS";116;242;"SAO LEOPOLDO";"Velocidade Incompatível";"Colisão com objeto";"Sem Vítimas";"Plena Noite";"Crescente";"Céu Claro";"Múltipla";"Reta";"Sim";2;0;0;0;2;0;0;1;-29,72297087;-51,14858729;"SPRF-RS";"DEL01-RS";"UOP02-DEL01-RS"
520300;2023-04-30;"domingo";"19:30:00";"MG";116;813;"ALEM PARAIBA";"Ausência de reação do condutor";"Saída de leito carroçável";"Com Vítimas Feridas";"Plena Noite";"Decrescente";"Céu Claro";"Simples";"Reta";"Sim";1;0;1;0;0;0;1;1;-21,85011521;-42,66565503;"SPRF-MG";"DEL07-MG";"UOP01-DEL07-MG"
520301;2023-04-30;"domingo";"22:35:00";"PR";373;174,5;"PONTA GROSSA";"Velocidade Incompatível";"Saída de leito carroçável";"Com Vítimas Feridas";"Plena Noite";"Crescente";"Céu Claro";"Dupla";"Curva";"Sim";1;0;0;1;0;0;1;1;-25,07594908;-50,20995715;"SPRF-PR";"DEL03-PR";"UOP01-DEL03-PR"
520302;2023-04-30;"domingo";"17:20:00";"SC";101;322;"PESCARIA BRAVA";"Reação tardia ou ineficiente do condutor";"Tombamento";"Com Vítimas Feridas";"Anoitecer";"Crescente";"Céu Claro";"Dupla";"Curva";"Sim";2;0;1;0;0;1;1;1;-28,42491971;-48,90238108;"SPRF-SC";"DEL02-SC";"UOP01-DEL02-SC"
520303;2023-05-01;"segunda-feira";"00:05:00";"MG";381;495;"BETIM";"Velocidade Incompatível";"Colisão com objeto";"Com Vítimas Feridas";"Plena Noite";"Crescente";"Céu Claro";"Dupla";"Reta";"Sim";1;0;1;0;0;0;1;1;-19,98890883;-44,20522016;"SPRF-MG";"DEL04-MG";"UOP03-DEL04-MG"
520305;2023-04-30;"domingo";"23:40:00";"RS";290;92;"PORTO ALEGRE";"Ausência de reação do condutor";"Colisão com objeto";"Com Vítimas Feridas";"Plena Noite";"Crescente";"Céu Claro";"Simples";"Aclive;Curva";"Sim";1;0;0;1;0;0;1;1;-29,971916;-51,176838;"SPRF-RS";"DEL01-RS";"UOP01-DEL01-RS"
520306;2023-04-30;"domingo";"23:50:00";"PI";343;591;"FLORIANO";"Ausência de reação do condutor";"Tombamento";"Com Vítimas Feridas";"Plena Noite";"Crescente";"Céu Claro";"Dupla";"Reta";"Sim";2;0;0;2;0;0;2;1;-6,781361;-43,023224;"SPRF-PI";"DEL03-PI";"UOP01-DEL03-PI"
520307;2023-05-01;"segunda-feira";"00:00:00";"RN";304;283;"MACAIBA";"Condutor deixou de manter distância do veículo da frente";"Colisão traseira";"Com Vítimas Feridas";"Plena Noite";"Crescente";"Céu Claro";"Dupla";"Reta";"Não";2;0;1;0;1;0;1;2;-5,8711714;-35,42930088;"SPRF-RN";"DEL01-RN";"UOP02-DEL01-RN"
520308;2023-04-30;"domingo";"21:20:00";"MT";163;710;"SORRISO";"Animais na Pista";"Atropelamento de Animal";"Com Vítimas Feridas";"Plena Noite";"Crescente";"Céu Claro";"Simples";"Reta";"Não";1;0;1;0;0;0;1;1;-13,00444796;-55,8883551;"SPRF-MT";"DEL06-MT";"UOP01-DEL06-MT"
520309;2023-05-01;"segunda-feira";"00:42:00";"GO";40;15,5;"LUZIANIA";"Ausência de reação do condutor";"Colisão com objeto";"Sem Vítimas";"Plena Noite";"Crescente";"Céu Claro";"Dupla";"Reta";"Sim";2;0;0;0;2;0;0;1;-16,1671;-47,930161;"SPRF-DF";"DEL01-DF";"UOP01-DEL01-DF"
520310;2023-05-01;"segunda-feira";"00:30:00";"RS";116;157;"CAXIAS DO SUL";"Velocidade Incompatível";"Capotamento";"Sem Vítimas";"Plena Noite";"Decrescente";"Céu Claro";"Simples";"Aclive;Curva";"Sim";1;0;0;0;1;0;0;1;-29,21503981;-51,17675573;"SPRF-RS";"DEL05-RS";"UOP01-DEL05-RS"
520311;2023-05-01;"segunda-feira";"01:30:00";"MG";262;356;"BETIM";"Condutor Dormindo";"Saída de leito carroçável";"Com Vítimas Feridas";"Plena Noite";"Decrescente";"Céu Claro";"Dupla";"Reta";"Não";4;0;4;0;0;0;4;1;-19,978644;-44,222176;"SPRF-MG";"DEL01-MG";"UOP03-DEL01-MG"
520314;2023-05-01;"segunda-feira";"01:20:00";"MG";40;767,3;"JUIZ DE FORA";"Condutor Dormindo";"Saída de leito carroçável";"Com Vítimas Feridas";"Plena Noite";"Decrescente";"Nublado";"Simples";"Curva";"Não";1;0;1;0;0;0;1;1;-21,57786776;-43,47496395;"SPRF-MG";"DEL05-MG";"UOP01-DEL05-MG"
520315;2023-05-01;"segunda-feira";"02:15:00";"MG";40;825,8;"SIMAO PEREIRA";"Condutor Dormindo";"Colisão com objeto";"Com Vítimas Feridas";"Plena Noite";"Decrescente";"Nublado";"Dupla";"Reta";"Não";4;0;3;0;1;0;3;1;-21,9735272;-43,28541842;"SPRF-MG";"DEL05-MG";"UOP01-DEL05-MG"
520316;2023-05-01;"segunda-feira";"02:30:00";"SC";101;213,6;"PALHOCA";"Ingestão de substâncias psicoativas pelo condutor";"Colisão com objeto";"Sem Vítimas";"Plena Noite";"Crescente";"Céu Claro";"Múltipla";"Reta";"Sim";1;0;0;0;1;0;0;1;-27,63697369;-48,66514142;"SPRF-SC";"DEL01-SC";"UOP02-DEL01-SC"
520317;2023-05-01;"segunda-feira";"03:30:00";"PR";476;145,4;"CURITIBA";"Reação tardia ou ineficiente do condutor";"Capotamento";"Com Vítimas Feridas";"Plena Noite";"Crescente";"Nublado";"Dupla";"Reta;Aclive";"Sim";2;0;2;0;0;0;2;1;-25,547749;-49,32095;"SPRF-PR";"DEL01-PR";"UOP06-DEL01-PR"
520318;2023-05-01;"segunda-feira";"04:30:00";"SC";101;193;"BIGUACU";"Ausência de reação do condutor";"Colisão com objeto";"Sem Vítimas";"Plena Noite";"Crescente";"Céu Claro";"Dupla";"Reta;Interseção de Vias";"Sim";1;0;0;0;0;1;0;1;-27,489574;-48,655914;"SPRF-SC";"DEL01-SC";"UOP01-DEL01-SC"
520319;2023-04-30;"domingo";"20:10:00";"SC";101;96;"BARRA VELHA";"Ausência de reação do condutor";"Saída de leito carroçável";"Sem Vítimas";"Plena Noite";"Crescente";"Garoa/Chuvisco";"Múltipla";"Reta";"Não";1;0;0;0;0;1;0;1;-26,718427;-48,70233;"SPRF-SC";"DEL03-SC";"UOP02-DEL03-SC"
520320;2023-05-01;"segunda-feira";"03:50:00";"SC";101;206,6;"SAO JOSE";"Ausência de reação do condutor";"Queda de ocupante de veículo";"Com Vítimas Fatais";"Plena Noite";"Decrescente";"Céu Claro";"Múltipla";"Curva";"Sim";1;1;0;0;0;0;0;1;-27,5969001;-48,6198513;"SPRF-SC";"DEL01-SC";"UOP01-DEL01-SC"
520322;2023-05-01;"segunda-feira";"03:30:00";"MT";163;829;"SINOP";"Ingestão de álcool pelo condutor";"Saída de leito carroçável";"Sem Vítimas";"Plena Noite";"Crescente";"Céu Claro";"Simples";"Reta";"Sim";1;0;0;0;1;0;0;1;-12,040704;-55,51732275;"SPRF-MT";"DEL06-MT";"UOP02-DEL06-MT"
520323;2023-05-01;"segunda-feira";"04:50:00";"GO";60;354;"SANTO ANTONIO DA BARRA";"Ausência de reação do condutor";"Capotamento";"Sem Vítimas";"Plena Noite";"Decrescente";"Céu Claro";"Dupla";"Reta";"Não";1;0;0;0;0;1;0;1;-17,5988;-50,7248;"SPRF-GO";"DEL04-GO";"UOP02-DEL04-GO"
520324;2023-05-01;"segunda-feira";"02:35:00";"RS";392;46,5;"RIO GRANDE";"Reação tardia ou ineficiente do condutor";"Saída de leito carroçável";"Sem Vítimas";"Pleno dia";"Decrescente";"Nublado";"Dupla";"Reta";"Sim";1;0;0;0;1;0;0;1;-31,91018203;-52,31605918;"SPRF-RS";"DEL07-RS";"UOP02-DEL07-RS"
520325;2023-05-01;"segunda-feira";"05:30:00";"PR";369;158,6;"CAMBE";"Velocidade Incompatível";"Saída de leito carroçável";"Sem Vítimas";"Plena Noite";"Decrescente";"Céu Claro";"Dupla";"Reta;Declive";"Sim";2;0;0;0;0;2;0;2;-23,284659;-51,241762;"SPRF-PR";"DEL07-PR";"UOP01-DEL07-PR"
520327;2023-05-01;"segunda-feira";"03:00:00";"RJ";116;307;"RESENDE";"Reação tardia ou ineficiente do condutor";"Capotamento";"Sem Vítimas";"Plena Noite";"Decrescente";"Céu Claro";"Dupla";"Reta";"Não";1;0;0;0;0;1;0;1;-22,45713262;-44,41063703;"SPRF-RJ";"DEL07-RJ";"UOP02-DEL07-RJ"
520330;2023-05-01;"segunda-feira";"07:00:00";"MG";153;212,4;"FRUTAL";"Demais falhas mecânicas ou elétricas";"Saída de leito carroçável";"Com Vítimas Feridas";"Pleno dia";"Decrescente";"Céu Claro";"Simples";"Reta";"Não";43;0;11;0;32;0;11;1;-20,04174049;-49,04983521;"SPRF-MG";"DEL13-MG";"UOP02-DEL13-MG"
520331;2023-05-01;"segunda-feira";"07:25:00";"PE";101;69,5;"RECIFE";"Avarias e/ou desgaste excessivo no pneu";"Tombamento";"Com Vítimas Feridas";"Pleno dia";"Crescente";"Sol";"Dupla";"Reta";"Sim";2;0;2;0;0;0;2;1;-8,064176;-34,944436;"SPRF-PE";"DEL01-PE";"UOP01-DEL01-PE"
520332;2023-05-01;"segunda-feira";"07:20:00";"CE";222;4,8;"CAUCAIA";"Reação tardia ou ineficiente do condutor";"Saída de leito carroçável";"Com Vítimas Feridas";"Pleno dia";"Crescente";"Chuva";"Múltipla";"Reta;Retorno Regulamentado";"Sim";3;0;1;0;2;0;1;3;-3,74164754;-38,60449792;"SPRF-CE";"DEL01-CE";"UOP01-DEL01-CE"
520333;2023-05-01;"segunda-feira";"06:20:00";"RJ";116;183;"NOVA IGUACU";"Acesso irregular";"Atropelamento de Pedestre";"Com Vítimas Fatais";"Amanhecer";"Decrescente";"Céu Claro";"Dupla";"Reta";"Não";2;1;0;0;1;0;0;2;-22,7516014;-43,43849831;"SPRF-RJ";"DEL01-RJ";"UOP02-DEL01-RJ"
520335;2023-04-30;"domingo";"22:30:00";"RJ";116;196;"NOVA IGUACU";"Ingestão de álcool e/ou substâncias psicoativas pelo pedestre";"Colisão traseira";"Com Vítimas Fatais";"Plena Noite";"Crescente";"Céu Claro";"Dupla";"Reta";"Sim";2;1;0;0;1;0;0;2;-22,73336575;-43,55659479;"SPRF-RJ";"DEL01-RJ";"UOP02-DEL01-RJ"
520338;2023-05-01;"segunda-feira";"07:40:00";"MG";50;126;"UBERABA";"Ausência de reação do condutor";"Saída de leito carroçável";"Com Vítimas Feridas";"Pleno dia";"Crescente";"Céu Claro";"Dupla";"Reta";"Não";2;0;2;0;0;0;2;1;-19,35661694;-48,08567397;"SPRF-MG";"DEL13-MG";"UOP01-DEL13-MG"
520339;2023-05-01;"segunda-feira";"07:30:00";"SC";101;103;"BALNEARIO PICARRAS";"Avarias e/ou desgaste excessivo no pneu";"Queda de ocupante de veículo";"Com Vítimas Feridas";"Pleno dia";"Decrescente";"Céu Claro";"Dupla";"Reta";"Não";1;0;1;0;0;0;1;1;-26,7832381;-48,68314632;"SPRF-SC";"DEL03-SC";"UOP02-DEL03-SC"