"id";"data_inversa";"dia_semana";"horario";"uf";"br";"km";"municipio";"causa_acidente";"tipo_acidente";"classificacao_acidente";"fase_dia";"sentido_via";"condicao_metereologica";"tipo_pista";"tracado_via";"uso_solo";"pessoas";"mortos";"feridos_leves";"feridos_graves";"ilesos";"ignorados";"feridos";"veiculos";"latitude";"longitude";"regional";"delegacia";"uop"
520340;2023-05-01;"segunda-feira";"06:30:00";"PB";230;137,9;"MASSARANDUBA";"Avarias e/ou desgaste excessivo no pneu";"Saída de leito carroçável";"Com Vítimas Feridas";"Pleno dia";"Decrescente";"Chuva";"Dupla";"Curva;Declive";"Não";5;0;5;0;0;0;5;1;-7,271123;-35,786414;"SPRF-PB";"DEL02-PB";"UOP01-DEL02-PB"
520341;2023-04-30;"domingo";"23:00:00";"MG";153;37;"CANAPOLIS";"Animais na Pista";"Saída de leito carroçável";"Com Vítimas Feridas";"Pleno dia";"Decrescente";"Céu Claro";"Dupla";"Reta";"Sim";5;0;5;0;0;0;5;1;-18,72745629;-49,11459223;"SPRF-MG";"DEL15-MG";"UOP03-DEL15-MG"
520342;2023-05-01;"segunda-feira";"06:15:00";"GO";364;38;"PARANAIGUARA";"Ausência de reação do condutor";"Saída de leito carroçável";"Com Vítimas Feridas";"Amanhecer";"Decrescente";"Céu Claro";"Simples";"Reta";"Não";1;0;1;0;0;0;1;1;-18,866636;-50,801109;"SPRF-GO";"DEL05-GO";"UOP02-DEL05-GO"
520343;2023-04-17;"segunda-feira";"05:10:00";"MT";70;267;"PRIMAVERA DO LESTE";"Transitar na contramão";"Colisão frontal";"Com Vítimas Fatais";"Amanhecer";"Crescente";"Céu Claro";"Simples";"Curva";"Não";2;1;0;0;1;0;0;2;-15,54426207;-54,19299827;"SPRF-MT";"DEL05-MT";"UOP01-DEL05-MT"
520344;2023-05-01;"segunda-feira";"08:10:00";"PR";153;22;"JACAREZINHO";"Pista Escorregadia";"Saída de leito carroçável";"Com Vítimas Feridas";"Pleno dia";"Crescente";"Céu Claro";"Simples";"Curva;Declive";"Não";1;0;1;0;0;0;1;1;-23,17225028;-49,96840286;"SPRF-PR";"DEL07-PR";"UOP04-DEL07-PR"
520347;2023-05-01;"segunda-feira";"09:50:00";"ES";259;0;"JOAO NEIVA";"Condutor deixou de manter distância do veículo da frente";"Colisão traseira";"Com Vítimas Feridas";"Pleno dia";"Crescente";"Céu Claro";"Simples";"Reta";"Não";3;0;2;0;1;0;2;2;-19,746645;-40,376907;"SPRF-ES";"DEL02-ES";"UOP01-DEL02-ES"
520349;2023-05-01;"segunda-feira";"09:40:00";"PB";230;239;"JUAZEIRINHO";"Condutor deixou de manter distância do veículo da frente";"Colisão traseira";"Com Vítimas Feridas";"Pleno dia";"Crescente";"Sol";"Simples";"Reta";"Sim";2;0;1;0;1;0;1;2;-7,0595;-36,555;"SPRF-PB";"DEL02-PB";"UOP02-DEL02-PB"
520350;2023-05-01;"segunda-feira";"08:45:00";"RJ";116;140;"MAGE";"Pedestre cruzava a pista fora da faixa";"Atropelamento de Pedestre";"Com Vítimas Feridas";"Pleno dia";"Decrescente";"Céu Claro";"Dupla";"Reta";"Sim";3;0;0;2;0;1;2;2;-22,6466198;-43,21112001;"SPRF-RJ";"DEL01-RJ";"UOP01-DEL01-RJ"
520354;2023-05-01;"segunda-feira";"10:16:00";"MG";381;477,7;"CONTAGEM";"Velocidade Incompatível";"Saída de leito carroçável";"Com Vítimas Feridas";"Pleno dia";"Decrescente";"Céu Claro";"Dupla";"Reta";"Sim";5;0;0;5;0;0;5;1;-19,95925;-44,03301;"SPRF-MG";"DEL01-MG";"UOP03-DEL01-MG"
520355;2023-05-01;"segunda-feira";"10:30:00";"RJ";116;200;"QUEIMADOS";"Pedestre cruzava a pista fora da faixa";"Colisão traseira";"Com Vítimas Feridas";"Pleno dia";"Decrescente";"Céu Claro";"Dupla";"Reta";"Não";4;0;2;0;2;0;2;2;-22,7306082;-43,59401795;"SPRF-RJ";"DEL01-RJ";"UOP03-DEL01-RJ"
520356;2023-05-01;"segunda-feira";"10:55:00";"ES";101;207,9;"JOAO NEIVA";"Conversão proibida";"Colisão transversal";"Com Vítimas Feridas";"Pleno dia";"Crescente";"Sol";"Dupla";"Reta";"Não";2;0;1;0;1;0;1;2;-19,77204724;-40,37105854;"SPRF-ES";"DEL02-ES";"UOP01-DEL02-ES"
520357;2023-05-01;"segunda-feira";"10:30:00";"SC";280;66,9;"JARAGUA DO SUL";"Acesso irregular";"Colisão lateral mesmo sentido";"Com Vítimas Feridas";"Pleno dia";"Decrescente";"Nublado";"Simples";"Reta;Interseção de Vias";"Sim";3;0;2;0;1;0;2;2;-26,47606607;-49,09568797;"SPRF-SC";"DEL03-SC";"UOP03-DEL03-SC"
520358;2023-05-01;"segunda-feira";"10:00:00";"RJ";116;169;"RIO DE JANEIRO";"Ausência de reação do condutor";"Colisão com objeto";"Sem Vítimas";"Pleno dia";"Crescente";"Sol";"Múltipla";"Reta";"Sim";1;0;0;0;0;1;0;1;-22,816206;-43,324463;"SPRF-RJ";"DEL01-RJ";"UOP02-DEL01-RJ"
520360;2023-04-30;"domingo";"21:20:00";"PR";476;341,5;"PAULA FREITAS";"Ingestão de álcool pelo condutor";"Colisão frontal";"Sem Vítimas";"Plena Noite";"Decrescente";"Nublado";"Simples";"Reta";"Não";2;0;0;0;2;0;0;2;-26,166889;-50,900105;"SPRF-PR";"DEL02-PR";"UOP03-DEL02-PR"
520361;2023-05-01;"segunda-feira";"12:08:00";"GO";50;265,5;"CATALAO";"Mal súbito do condutor";"Saída de leito carroçável";"Com Vítimas Fatais";"Pleno dia";"Crescente";"Céu Claro";"Dupla";"Reta";"Não";3;1;1;1;0;0;2;1;-18,0702;-47,8644;"SPRF-GO";"DEL06-GO";"UOP01-DEL06-GO"
520363;2023-05-01;"segunda-feira";"11:30:00";"RJ";356;169;"SAO JOAO DA BARRA";"Acesso irregular";"Colisão transversal";"Com Vítimas Feridas";"Pleno dia";"Decrescente";"Nublado";"Simples";"Curva";"Sim";4;0;0;1;3;0;1;2;-21,71830105;-41,10950947;"SPRF-RJ";"DEL08-RJ";"UOP02-DEL08-RJ"
520365;2023-05-01;"segunda-feira";"12:45:00";"PB";230;227;"SOLEDADE";"Manobra de mudança de faixa";"Saída de leito carroçável";"Com Vítimas Feridas";"Pleno dia";"Decrescente";"Céu Claro";"Simples";"Reta";"Não";1;0;1;0;0;0;1;1;-7,0364;-36,4587;"SPRF-PB";"DEL02-PB";"UOP02-DEL02-PB"
520368;2023-05-01;"segunda-feira";"12:30:00";"RS";386;298,2;"POUSO NOVO";"Conversão proibida";"Colisão transversal";"Com Vítimas Feridas";"Pleno dia";"Crescente";"Céu Claro";"Simples";"Curva";"Não";7;0;6;0;1;0;6;2;-29,149231;-52,236103;"SPRF-RS";"DEL04-RS";"UOP01-DEL04-RS"
520369;2023-05-01;"segunda-feira";"12:00:00";"CE";222;273,1;"FRECHEIRINHA";"Demais falhas mecânicas ou elétricas";"Queda de ocupante de veículo";"Com Vítimas Feridas";"Pleno dia";"Decrescente";"Céu Claro";"Simples";"Curva";"Não";2;0;1;1;0;0;2;1;-3,76464585;-40,75687894;"SPRF-CE";"DEL04-CE";"UOP02-DEL04-CE"
520370;2023-05-01;"segunda-feira";"12:10:00";"RJ";101;261;"RIO BONITO";"Reação tardia ou ineficiente do condutor";"Colisão com objeto";"Com Vítimas Feridas";"Pleno dia";"Crescente";"Sol";"Múltipla";"Reta";"Sim";6;0;1;1;4;0;2;1;-22,71139378;-42,61157199;"SPRF-RJ";"DEL02-RJ";"UOP03-DEL02-RJ"
520372;2023-05-01;"segunda-feira";"14:00:00";"MA";402;14,5;"ROSARIO";"Acumulo de água sobre o pavimento";"Saída de leito carroçável";"Sem Vítimas";"Pleno dia";"Crescente";"Chuva";"Simples";"Curva";"Não";1;0;0;0;1;0;0;1;-2,948198;-44,214413;"SPRF-MA";"DEL01-MA";"UOP01-DEL01-MA"
520373;2023-05-01;"segunda-feira";"13:12:00";"PI";316;8;"TERESINA";"Ausência de reação do condutor";"Colisão traseira";"Com Vítimas Feridas";"Pleno dia";"Crescente";"Céu Claro";"Múltipla";"Reta";"Sim";2;0;0;1;1;0;1;2;-5,16483402;-42,76899508;"SPRF-PI";"DEL01-PI";"UOP02-DEL01-PI"
520374;2023-05-01;"segunda-feira";"11:40:00";"BA";235;222;"UAUA";"Condutor Dormindo";"Capotamento";"Com Vítimas Feridas";"Pleno dia";"Decrescente";"Chuva";"Simples";"Reta";"Não";4;0;2;2;0;0;4;1;-9,884796;-39,417465;"SPRF-BA";"DEL07-BA";"UOP01-DEL07-BA"
520375;2023-05-01;"segunda-feira";"13:45:00";"PR";467;89,6;"CASCAVEL";"Velocidade Incompatível";"Saída de leito carroçável";"Com Vítimas Feridas";"Pleno dia";"Crescente";"Céu Claro";"Dupla";"Reta;Retorno Regulamentado";"Não";1;0;1;0;0;0;1;1;-24,8439;-53,6077;"SPRF-PR";"DEL04-PR";"UOP01-DEL04-PR"
520376;2023-05-01;"segunda-feira";"14:05:00";"SC";101;152;"PORTO BELO";"Ausência de reação do condutor";"Colisão com objeto";"Com Vítimas Feridas";"Pleno dia";"Decrescente";"Céu Claro";"Dupla";"Reta";"Sim";2;0;2;0;0;0;2;1;-27,13563503;-48,61004665;"SPRF-SC";"DEL04-SC";"UOP03-DEL04-SC"
520378;2023-05-01;"segunda-feira";"14:00:00";"PR";376;213;"MANDAGUARI";"Reação tardia ou ineficiente do condutor";"Tombamento";"Com Vítimas Feridas";"Pleno dia";"Crescente";"Céu Claro";"Dupla";"Curva";"Não";2;0;0;2;0;0;2;1;-23,5808343;-51,65143895;"SPRF-PR";"DEL09-PR";"UOP01-DEL09-PR"
520380;2023-05-01;"segunda-feira";"14:35:00";"MG";50;29;"ARAGUARI";"Velocidade Incompatível";"Saída de leito carroçável";"Com Vítimas Feridas";"Pleno dia";"Crescente";"Céu Claro";"Dupla";"Curva";"Não";1;0;1;0;0;0;1;1;-18,62034416;-48,11087208;"SPRF-MG";"DEL15-MG";"UOP02-DEL15-MG"
520383;2023-05-01;"segunda-feira";"14:30:00";"MG";116;497,1;"INHAPIM";"Desrespeitar a preferência no cruzamento";"Colisão transversal";"Com Vítimas Feridas";"Pleno dia";"Decrescente";"Céu Claro";"Simples";"Declive;Interseção de Vias;Curva";"Sim";3;0;1;1;1;0;2;2;-19,53642905;-42,12651952;"SPRF-MG";"DEL06-MG";"UOP02-DEL06-MG"
520386;2023-05-01;"segunda-feira";"14:30:00";"ES";262;176;"IBATIBA";"Acessar a via sem observar a presença dos outros veículos";"Colisão transversal";"Com Vítimas Feridas";"Pleno dia";"Crescente";"Céu Claro";"Simples";"Curva";"Não";3;0;0;2;1;0;2;2;-20,27596464;-41,63802391;"SPRF-ES";"DEL01-ES";"UOP02-DEL01-ES"
520387;2023-05-01;"segunda-feira";"11:45:00";"SC";282;204;"LAGES";"Condutor deixou de manter distância do veículo da frente";"Colisão traseira";"Com Vítimas Feridas";"Pleno dia";"Crescente";"Céu Claro";"Simples";"Reta";"Não";5;0;2;0;3;0;2;2;-27,768663;-50,172195;"SPRF-SC";"DEL05-SC";"UOP01-DEL05-SC"
520389;2023-05-01;"segunda-feira";"14:30:00";"SP";116;103;"TAUBATE";"Condutor deixou de manter distância do veículo da frente";"Colisão traseira";"Com Vítimas Feridas";"Pleno dia";"Crescente";"Céu Claro";"Dupla";"Reta;Declive";"Não";4;0;1;0;3;0;1;3;-22,99919465;-45,49788917;"SPRF-SP";"DEL02-SP";"UOP02-DEL02-SP"
520390;2023-05-01;"segunda-feira";"15:16:00";"GO";40;1;"VALPARAISO DE GOIAS";"Velocidade Incompatível";"Queda de ocupante de veículo";"Com Vítimas Feridas";"Pleno dia";"Decrescente";"Céu Claro";"Dupla";"Reta";"Sim";2;0;1;0;1;0;1;2;-16,058245;-47,982825;"SPRF-DF";"DEL01-DF";"UOP01-DEL01-DF"
520391;2023-05-01;"segunda-feira";"14:30:00";"PE";232;35,2;"MORENO";"Reação tardia ou ineficiente do condutor";"Atropelamento de Pedestre";"Com Vítimas Feridas";"Pleno dia";"Decrescente";"Céu Claro";"Dupla";"Reta";"Sim";2;0;1;0;1;0;1;2;-8,110205;-35,197441;"SPRF-PE";"DEL01-PE";"UOP01-DEL01-PE"
520392;2023-05-01;"segunda-feira";"13:30:00";"RN";101;99,1;"PARNAMIRIM";"Condutor deixou de manter distância do veículo da frente";"Colisão lateral mesmo sentido";"Com Vítimas Feridas";"Pleno dia";"Crescente";"Sol";"Múltipla";"Reta;Interseção de Vias";"Sim";3;0;2;0;1;0;2;2;-5,872989;-35,220431;"SPRF-RN";"DEL01-RN";"UOP01-DEL01-RN"
520393;2023-05-01;"segunda-feira";"14:50:00";"PR";277;601;"CASCAVEL";"Ingestão de álcool pelo condutor";"Saída de leito carroçável";"Com Vítimas Feridas";"Pleno dia";"Crescente";"Céu Claro";"Dupla";"Reta";"Não";3;0;2;0;0;1;2;2;-25,01834069;-53,54356825;"SPRF-PR";"DEL04-PR";"UOP01-DEL04-PR"
520395;2023-05-01;"segunda-feira";"15:10:00";"SC";280;9,5;"SAO FRANCISCO DO SUL";"Demais falhas mecânicas ou elétricas";"Tombamento";"Com Vítimas Feridas";"Pleno dia";"Crescente";"Céu Claro";"Simples";"Reta";"Sim";3;0;2;0;1;0;2;2;-26,304752;-48,641014;"SPRF-SC";"DEL03-SC";"UOP03-DEL03-SC"
520398;2023-05-01;"segunda-feira";"15:30:00";"SC";101;101,9;"BALNEARIO PICARRAS";"Avarias e/ou desgaste excessivo no pneu";"Tombamento";"Com Vítimas Feridas";"Pleno dia";"Crescente";"Céu Claro";"Múltipla";"Reta";"Não";1;0;1;0;0;0;1;1;-26,76404198;-48,68657667;"SPRF-SC";"DEL03-SC";"UOP02-DEL03-SC"
520399;2023-05-01;"segunda-feira";"15:13:00";"SC";470;158,1;"TROMBUDO CENTRAL";"Condutor deixou de manter distância do veículo da frente";"Colisão traseira";"Com Vítimas Feridas";"Pleno dia";"Decrescente";"Céu Claro";"Simples";"Reta";"Não";2;0;1;0;1;0;1;2;-27,287016;-49,778389;"SPRF-SC";"DEL04-SC";"UOP02-DEL04-SC"
520400;2023-05-01;"segunda-feira";"14:00:00";"SC";282;512,3;"XANXERE";"Condutor deixou de manter distância do veículo da frente";"Colisão traseira";"Com Vítimas Feridas";"Pleno dia";"Crescente";"Céu Claro";"Simples";"Declive;Reta";"Não";4;0;1;0;3;0;1;2;-26,910799;-52,472099;"SPRF-SC";"DEL07-SC";"UOP01-DEL07-SC"
520401;2023-05-01;"segunda-feira";"14:05:00";"SC";282;521,6;"XAXIM";"Acessar a via sem observar a presença dos outros veículos";"Colisão transversal";"Com Vítimas Feridas";"Pleno dia";"Decrescente";"Céu Claro";"Simples";"Aclive;Interseção de Vias";"Sim";3;0;1;0;2;0;1;2;-26,95283023;-52,53838062;"SPRF-SC";"DEL07-SC";"UOP01-DEL07-SC"
520402;2023-05-01;"segunda-feira";"15:40:00";"MG";116;702;"MURIAE";"Desrespeitar a preferência no cruzamento";"Saída de leito carroçável";"Com Vítimas Feridas";"Pleno dia";"Crescente";"Céu Claro";"Simples";"Interseção de Vias;Reta;Rotatória";"Sim";1;0;1;0;0;0;1;1;-21,11938311;-42,38006362;"SPRF-MG";"DEL07-MG";"UOP02-DEL07-MG"
520404;2023-05-01;"segunda-feira";"15:30:00";"MG";262;792;"UBERABA";"Reação tardia ou ineficiente do condutor";"Engavetamento";"Com Vítimas Feridas";"Pleno dia";"Crescente";"Céu Claro";"Simples";"Reta";"Não";8;0;2;0;6;0;2;3;-19,76475021;-47,86860297;"SPRF-MG";"DEL13-MG";"UOP01-DEL13-MG"
520405;2023-05-01;"segunda-feira";"13:10:00";"MT";163;953;"ITAUBA";"Reação tardia ou ineficiente do condutor";"Saída de leito carroçável";"Com Vítimas Feridas";"Pleno dia";"Decrescente";"Céu Claro";"Simples";"Reta";"Não";1;0;1;0;0;0;1;1;-10,98662599;-55,23717301;"SPRF-MT";"DEL06-MT";"UOP02-DEL06-MT"
520406;2023-05-01;"segunda-feira";"16:00:00";"MG";365;612;"UBERLANDIA";"Reação tardia ou ineficiente do condutor";"Engavetamento";"Com Vítimas Feridas";"Pleno dia";"Crescente";"Céu Claro";"Simples";"Reta";"Sim";5;0;1;0;4;0;1;3;-18,92793854;-48,19198317;"SPRF-MG";"DEL15-MG";"UOP01-DEL15-MG"
520407;2023-05-01;"segunda-feira";"16:10:00";"MG";365;2,7;"MONTES CLAROS";"Reação tardia ou ineficiente do condutor";"Queda de ocupante de veículo";"Com Vítimas Feridas";"Pleno dia";"Decrescente";"Céu Claro";"Dupla";"Reta";"Sim";2;0;2;0;0;0;2;1;-16,74574399;-43,88392402;"SPRF-MG";"DEL12-MG";"UOP01-DEL12-MG"
520408;2023-05-01;"segunda-feira";"16:20:00";"PR";376;257,5;"CALIFORNIA";"Ingestão de álcool pelo condutor";"Colisão traseira";"Sem Vítimas";"Pleno dia";"Decrescente";"Céu Claro";"Dupla";"Reta";"Sim";3;0;0;0;3;0;0;2;-23,68565398;-51,34994631;"SPRF-PR";"DEL07-PR";"UOP03-DEL07-PR"
520409;2023-05-01;"segunda-feira";"16:23:00";"DF";70;16;"BRASILIA";"Acessar a via sem observar a presença dos outros veículos";"Colisão lateral mesmo sentido";"Com Vítimas Feridas";"Pleno dia";"Decrescente";"Céu Claro";"Dupla";"Rotatória";"Sim";2;0;1;0;1;0;1;2;-15,796144;-48,194225;"SPRF-DF";"DEL03-DF";"UOP02-DEL03-DF"
520410;2023-05-01;"segunda-feira";"16:20:00";"PB";101;87,4;"JOAO PESSOA";"Acumulo de areia ou detritos sobre o pavimento";"Queda de ocupante de veículo";"Com Vítimas Feridas";"Pleno dia";"Decrescente";"Céu Claro";"Dupla";"Reta";"Sim";1;0;0;1;0;0;1;1;-7,15886802;-34,90628504;"SPRF-PB";"DEL01-PB";"UOP01-DEL01-PB"
520411;2023-05-01;"segunda-feira";"16:00:00";"MG";40;500;"ESMERALDAS";"Reação tardia ou ineficiente do condutor";"Colisão traseira";"Com Vítimas Feridas";"Pleno dia";"Crescente";"Céu Claro";"Dupla";"Reta;Aclive";"Não";7;0;1;0;6;0;1;2;-19,70073502;-44,17382703;"SPRF-MG";"DEL02-MG";"UOP01-DEL02-MG"
520412;2023-05-01;"segunda-feira";"16:15:00";"SC";101;152,5;"PORTO BELO";"Ingestão de álcool pelo condutor";"Colisão com objeto";"Sem Vítimas";"Pleno dia";"Crescente";"Céu Claro";"Dupla";"Reta";"Não";1;0;0;0;1;0;0;1;-27,16292;-48,61129;"SPRF-SC";"DEL04-SC";"UOP03-DEL04-SC"
520414;2023-05-01;"segunda-feira";"16:25:00";"GO";153;442,2;"ANAPOLIS";"Velocidade Incompatível";"Saída de leito carroçável";"Com Vítimas Feridas";"Pleno dia";"Decrescente";"Céu Claro";"Dupla";"Reta";"Não";2;0;1;1;0;0;2;1;-16,347649;-48,926413;"SPRF-GO";"DEL02-GO";"UOP01-DEL02-GO"
520417;2023-05-01;"segunda-feira";"16:10:00";"SC";101;74,5;"ARAQUARI";"Desrespeitar a preferência no cruzamento";"Colisão transversal";"Com Vítimas Feridas";"Pleno dia";"Crescente";"Céu Claro";"Dupla";"Curva";"Não";2;0;0;2;0;0;2;2;-26,54446209;-48,71214452;"SPRF-SC";"DEL03-SC";"UOP02-DEL03-SC"
520418;2023-05-01;"segunda-feira";"13:30:00";"MA";316;262;"SANTA INES";"Acessar a via sem observar a presença dos outros veículos";"Colisão transversal";"Com Vítimas Feridas";"Pleno dia";"Decrescente";"Céu Claro";"Múltipla";"Reta";"Sim";2;0;1;0;1;0;1;2;-3,675505;-45,380474;"SPRF-MA";"DEL02-MA";"UOP01-DEL02-MA"
520419;2023-05-01;"segunda-feira";"12:30:00";"MG";381;241,5;"SANTANA DO PARAISO";"Condutor deixou de manter distância do veículo da frente";"Engavetamento";"Com Vítimas Feridas";"Pleno dia";"Crescente";"Céu Claro";"Simples";"Reta";"Não";14;0;5;0;9;0;5;4;-19,384658;-42,47299;"SPRF-MG";"DEL06-MG";"UOP01-DEL06-MG"
520420;2023-05-01;"segunda-feira";"15:30:00";"MG";262;548,4;"LUZ";"Acumulo de óleo sobre o pavimento";"Queda de ocupante de veículo";"Com Vítimas Feridas";"Pleno dia";"Crescente";"Céu Claro";"Simples";"Curva;Aclive";"Não";2;0;1;0;1;0;1;1;-19,7316348852;-45,8631038958;"SPRF-MG";"DEL08-MG";"UOP02-DEL08-MG"
520421;2023-05-01;"segunda-feira";"16:29:00";"SC";101;152,4;"PORTO BELO";"Condutor deixou de manter distância do veículo da frente";"Colisão traseira";"Sem Vítimas";"Pleno dia";"Decrescente";"Céu Claro";"Dupla";"Reta";"Não";2;0;0;0;2;0;0;2;-27,16292;-48,61129;"SPRF-SC";"DEL04-SC";"UOP03-DEL04-SC"
520422;2023-05-01;"segunda-feira";"17:25:00";"RS";290;132;"ELDORADO DO SUL";"Ausência de reação do condutor";"Colisão traseira";"Com Vítimas Feridas";"Pleno dia";"Decrescente";"Céu Claro";"Simples";"Reta";"Não";2;0;0;1;1;0;1;2;-30,061724;-51,530876;"SPRF-RS";"DEL02-RS";"UOP01-DEL02-RS"
520423;2023-05-01;"segunda-feira";"17:30:00";"GO";50;268;"CATALAO";"Ingestão de álcool pelo condutor";"Tombamento";"Com Vítimas Feridas";"Anoitecer";"Crescente";"Céu Claro";"Dupla";"Reta;Aclive";"Não";1;0;1;0;0;0;1;1;-18,0944;-47,8761;"SPRF-GO";"DEL06-GO";"UOP01-DEL06-GO"
520424;2023-05-01;"segunda-feira";"17:00:00";"MG";381;850,3;"POUSO ALEGRE";"Acessar a via sem observar a presença dos outros veículos";"Colisão lateral mesmo sentido";"Com Vítimas Feridas";"Pleno dia";"Crescente";"Céu Claro";"Dupla";"Reta";"Não";3;0;1;0;2;0;1;2;-22,2786871;-45,89472262;"SPRF-MG";"DEL16-MG";"UOP01-DEL16-MG"
520426;2023-05-01;"segunda-feira";"14:50:00";"RS";285;160,5;"MUITOS CAPOES";"Velocidade Incompatível";"Saída de leito carroçável";"Com Vítimas Feridas";"Pleno dia";"Decrescente";"Sol";"Simples";"Declive;Curva";"Não";1;0;0;1;0;0;1;1;-28,32342233;-51,23165131;"SPRF-RS";"DEL05-RS";"UOP03-DEL05-RS"
520428;2023-05-01;"segunda-feira";"18:00:00";"PE";232;409;"SERRA TALHADA";"Pedestre cruzava a pista fora da faixa";"Atropelamento de Pedestre";"Com Vítimas Feridas";"Plena Noite";"Crescente";"Nublado";"Simples";"Reta";"Sim";3;0;1;0;0;2;1;2;-7,981944;-38,289467;"SPRF-PE";"DEL04-PE";"UOP01-DEL04-PE"
520431;2023-05-01;"segunda-feira";"10:20:00";"GO";153;334,9;"RIANAPOLIS";"Avarias e/ou desgaste excessivo no pneu";"Tombamento";"Com Vítimas Feridas";"Pleno dia";"Crescente";"Céu Claro";"Simples";"Reta";"Não";2;0;2;0;0;0;2;1;-15,548038;-49,432594;"SPRF-GO";"DEL02-GO";"UOP02-DEL02-GO"
520432;2023-05-01;"segunda-feira";"16:30:00";"SP";116;194;"SANTA ISABEL";"Ingestão de álcool pelo condutor";"Colisão com objeto";"Sem Vítimas";"Pleno dia";"Crescente";"Céu Claro";"Dupla";"Reta";"Sim";1;0;0;0;1;0;0;1;-23,38497189;-46,26686105;"SPRF-SP";"DEL01-SP";"UOP01-DEL01-SP"
520433;2023-05-01;"segunda-feira";"18:30:00";"SP";116;208;"GUARULHOS";"Trafegar com motocicleta (ou similar) entre as faixas";"Colisão lateral mesmo sentido";"Com Vítimas Feridas";"Plena Noite";"Crescente";"Céu Claro";"Múltipla";"Reta";"Sim";2;0;1;0;1;0;1;2;-23,42222263;-46,3932771;"SPRF-SP";"DEL01-SP";"UOP01-DEL01-SP"
520434;2023-05-01;"segunda-feira";"18:15:00";"SC";101;131;"BALNEARIO CAMBORIU";"Ausência de reação do condutor";"Colisão traseira";"Com Vítimas Feridas";"Plena Noite";"Decrescente";"Céu Claro";"Múltipla";"Reta";"Não";3;0;0;2;1;0;2;2;-26,99064209;-48,66310912;"SPRF-SC";"DEL04-SC";"UOP03-DEL04-SC"
520435;2023-04-09;"domingo";"17:40:00";"ES";101;208;"IBIRACU";"Reação tardia ou ineficiente do condutor";"Engavetamento";"Com Vítimas Feridas";"Anoitecer";"Crescente";"Nublado";"Simples";"Reta";"Não";13;0;1;0;11;1;1;4;-19,780796;-40,37160598;"SPRF-ES";"DEL02-ES";"UOP01-DEL02-ES"
520436;2023-05-01;"segunda-feira";"17:00:00";"SC";101;409;"ARARANGUA";"Reação tardia ou ineficiente do condutor";"Colisão com objeto";"Com Vítimas Feridas";"Pleno dia";"Crescente";"Céu Claro";"Dupla";"Curva";"Não";5;0;1;0;4;0;1;1;-28,92301797;-49,50272441;"SPRF-SC";"DEL02-SC";"UOP02-DEL02-SC"
520437;2023-05-01;"segunda-feira";"12:45:00";"MG";381;814;"CAREACU";"Reação tardia ou ineficiente do condutor";"Colisão com objeto";"Com Vítimas Feridas";"Pleno dia";"Crescente";"Céu Claro";"Dupla";"Reta";"Não";3;0;1;0;2;0;1;1;-22,02617376;-45,67790335;"SPRF-MG";"DEL16-MG";"UOP02-DEL16-MG"
520438;2023-05-01;"segunda-feira";"15:30:00";"MT";364;457,9;"VARZEA GRANDE";"Acumulo de água sobre o pavimento";"Saída de leito carroçável";"Com Vítimas Feridas";"Pleno dia";"Decrescente";"Chuva";"Simples";"Reta";"Não";5;0;1;0;4;0;1;2;-15,6064971;-56,20306677;"SPRF-MT";"DEL01-MT";"UOP02-DEL01-MT"
520439;2023-05-01;"segunda-feira";"17:10:00";"PI";343;282;"CAMPO MAIOR";"Ausência de reação do condutor";"Colisão com objeto";"Com Vítimas Feridas";"Pleno dia";"Crescente";"Garoa/Chuvisco";"Simples";"Ponte";"Não";1;0;1;0;0;0;1;1;-4,923949;-42,278641;"SPRF-PI";"DEL01-PI";"UOP03-DEL01-PI"
520442;2023-05-01;"segunda-feira";"16:20:00";"MG";381;544;"ITATIAIUCU";"Chuva";"Engavetamento";"Com Vítimas Feridas";"Pleno dia";"Decrescente";"Chuva";"Dupla";"Curva";"Não";7;0;1;0;6;0;1;3;-20,28193579;-44,42882633;"SPRF-MG";"DEL04-MG";"UOP03-DEL04-MG"
520443;2023-05-01;"segunda-feira";"16:00:00";"MA";10;257;"IMPERATRIZ";"Pista esburacada";"Tombamento";"Com Vítimas Feridas";"Pleno dia";"Decrescente";"Nublado";"Simples";"Reta";"Sim";2;0;1;1;0;0;2;1;-5,490634;-47,471973;"SPRF-MA";"DEL04-MA";"UOP01-DEL04-MA"
520444;2023-05-01;"segunda-feira";"18:30:00";"GO";153;506;"APARECIDA DE GOIANIA";"Ingestão de álcool pelo condutor";"Colisão com objeto";"Sem Vítimas";"Plena Noite";"Crescente";"Céu Claro";"Dupla";"Reta;Declive";"Sim";1;0;0;0;1;0;0;1;-16,7633;-49,24;"SPRF-GO";"DEL01-GO";"UOP01-DEL01-GO"
520445;2023-05-01;"segunda-feira";"18:50:00";"RS";386;433;"NOVA SANTA RITA";"Condutor deixou de manter distância do veículo da frente";"Colisão traseira";"Sem Vítimas";"Plena Noite";"Crescente";"Nublado";"Simples";"Reta";"Sim";3;0;0;0;3;0;0;2;-29,839973;-51,294933;"SPRF-RS";"DEL01-RS";"UOP01-DEL01-RS"
520446;2023-05-01;"segunda-feira";"19:15:00";"SC";282;5,5;"SAO JOSE";"Condutor deixou de manter distância do veículo da frente";"Colisão traseira";"Com Vítimas Feridas";"Plena Noite";"Crescente";"Céu Claro";"Dupla";"Curva";"Sim";3;0;1;0;1;1;1;2;-27,588425;-48,612919;"SPRF-SC";"DEL01-SC";"UOP01-DEL01-SC"