"id";"data_inversa";"dia_semana";"horario";"uf";"br";"km";"municipio";"causa_acidente";"tipo_acidente";"classificacao_acidente";"fase_dia";"sentido_via";"condicao_metereologica";"tipo_pista";"tracado_via";"uso_solo";"pessoas";"mortos";"feridos_leves";"feridos_graves";"ilesos";"ignorados";"feridos";"veiculos";"latitude";"longitude";"regional";"delegacia";"uop"
520447;2023-05-01;"segunda-feira";"18:40:00";"RJ";393;278;"BARRA DO PIRAI";"Entrada inopinada do pedestre";"Atropelamento de Pedestre";"Com Vítimas Feridas";"Plena Noite";"Decrescente";"Céu Claro";"Simples";"Reta";"Sim";3;0;0;1;1;1;1;2;-22,47508022;-43,9983672;"SPRF-RJ";"DEL05-RJ";"UOP04-DEL05-RJ"
520448;2023-05-01;"segunda-feira";"17:00:00";"MG";381;913;"CAMANDUCAIA";"Chuva";"Saída de leito carroçável";"Com Vítimas Feridas";"Pleno dia";"Decrescente";"Chuva";"Dupla";"Curva;Viaduto";"Não";3;0;1;0;2;0;1;1;-22,75390001;-46,146503;"SPRF-MG";"DEL16-MG";"UOP03-DEL16-MG"
520449;2023-05-01;"segunda-feira";"18:45:00";"PR";369;118;"JATAIZINHO";"Condutor Dormindo";"Queda de ocupante de veículo";"Com Vítimas Feridas";"Plena Noite";"Crescente";"Céu Claro";"Dupla";"Reta";"Não";2;0;1;1;0;0;2;1;-23,285576;-50,875531;"SPRF-PR";"DEL07-PR";"UOP05-DEL07-PR"
520450;2023-05-01;"segunda-feira";"19:30:00";"SP";116;186;"SANTA ISABEL";"Reação tardia ou ineficiente do condutor";"Colisão traseira";"Sem Vítimas";"Plena Noite";"Crescente";"Céu Claro";"Dupla";"Reta";"Não";2;0;0;0;2;0;0;2;-23,35220682;-46,19934905;"SPRF-SP";"DEL01-SP";"UOP01-DEL01-SP"
520451;2023-05-01;"segunda-feira";"17:30:00";"SP";116;105;"TAUBATE";"Velocidade Incompatível";"Colisão traseira";"Com Vítimas Feridas";"Pleno dia";"Crescente";"Sol";"Dupla";"Reta";"Não";2;0;1;0;1;0;1;2;-23,00757973;-45,51466613;"SPRF-SP";"DEL02-SP";"UOP02-DEL02-SP"
520453;2023-05-01;"segunda-feira";"19:40:00";"MG";40;529,1;"CONTAGEM";"Reação tardia ou ineficiente do condutor";"Colisão traseira";"Com Vítimas Feridas";"Plena Noite";"Decrescente";"Céu Claro";"Dupla";"Reta";"Sim";1;0;0;1;0;0;1;1;-19,91635592;-44,03966566;"SPRF-MG";"DEL01-MG";"UOP02-DEL01-MG"
520454;2023-05-01;"segunda-feira";"18:10:00";"PB";101;110;"ALHANDRA";"Manobra de mudança de faixa";"Colisão lateral mesmo sentido";"Com Vítimas Feridas";"Plena Noite";"Crescente";"Céu Claro";"Simples";"Retorno Regulamentado";"Não";3;0;3;0;0;0;3;2;-7,35255626;-34,94940909;"SPRF-PB";"DEL01-PB";"UOP02-DEL01-PB"
520455;2023-05-01;"segunda-feira";"18:20:00";"SP";116;55,3;"LORENA";"Demais falhas mecânicas ou elétricas";"Incêndio";"Sem Vítimas";"Anoitecer";"Crescente";"Céu Claro";"Dupla";"Reta";"Não";1;0;0;0;1;0;0;1;-22,76356421;-45,12272385;"SPRF-SP";"DEL08-SP";"UOP02-DEL08-SP"
520456;2023-05-01;"segunda-feira";"15:00:00";"RJ";116;132,2;"MAGE";"Ausência de reação do condutor";"Colisão traseira";"Com Vítimas Feridas";"Pleno dia";"Decrescente";"Céu Claro";"Dupla";"Reta";"Sim";3;0;2;0;1;0;2;2;-22,65703272;-43,13458092;"SPRF-RJ";"DEL04-RJ";"UOP02-DEL04-RJ"
520457;2023-05-01;"segunda-feira";"19:00:00";"CE";222;313;"TIANGUA";"Ausência de reação do condutor";"Colisão com objeto";"Sem Vítimas";"Plena Noite";"Crescente";"Céu Claro";"Múltipla";"Reta";"Não";1;0;0;0;0;1;0;1;-3,692134;-40,975952;"SPRF-CE";"DEL04-CE";"UOP02-DEL04-CE"
520458;2023-05-01;"segunda-feira";"19:53:00";"GO";40;9;"VALPARAISO DE GOIAS";"Área urbana sem a presença de local apropriado para a travessia de pedestres";"Atropelamento de Pedestre";"Com Vítimas Feridas";"Plena Noite";"Crescente";"Céu Claro";"Dupla";"Reta";"Sim";2;0;0;1;1;0;1;2;-16,131158;-47,957739;"SPRF-DF";"DEL01-DF";"UOP01-DEL01-DF"
520459;2023-05-01;"segunda-feira";"18:40:00";"MG";381;362;"SAO GONCALO DO RIO ABAIXO";"Acessar a via sem observar a presença dos outros veículos";"Colisão transversal";"Com Vítimas Feridas";"Plena Noite";"Crescente";"Céu Claro";"Simples";"Reta";"Não";7;0;1;0;6;0;1;2;-19,85643939;-43,24280693;"SPRF-MG";"DEL03-MG";"UOP01-DEL03-MG"
520460;2023-05-01;"segunda-feira";"20:15:00";"MG";365;836;"SANTA VITORIA";"Velocidade Incompatível";"Atropelamento de Animal";"Com Vítimas Feridas";"Plena Noite";"Crescente";"Céu Claro";"Simples";"Reta";"Não";3;0;3;0;0;0;3;1;-18,91771113;-50,23916195;"SPRF-MG";"DEL15-MG";"UOP03-DEL15-MG"
520464;2023-05-01;"segunda-feira";"19:42:00";"DF";60;6,7;"BRASILIA";"Ausência de reação do condutor";"Colisão traseira";"Com Vítimas Feridas";"Plena Noite";"Decrescente";"Céu Claro";"Dupla";"Reta;Aclive";"Sim";5;0;2;0;3;0;2;3;-15,899845;-48,117902;"SPRF-DF";"DEL03-DF";"UOP01-DEL03-DF"
520465;2023-05-01;"segunda-feira";"19:25:00";"PB";101;81;"SANTA RITA";"Manobra de mudança de faixa";"Colisão lateral mesmo sentido";"Com Vítimas Feridas";"Plena Noite";"Crescente";"Céu Claro";"Dupla";"Retorno Regulamentado";"Sim";2;0;1;0;0;1;1;1;-7,1246;-34,9473;"SPRF-PB";"DEL01-PB";"UOP01-DEL01-PB"
520466;2023-05-01;"segunda-feira";"19:45:00";"PR";116;125;"FAZENDA RIO GRANDE";"Velocidade Incompatível";"Colisão traseira";"Sem Vítimas";"Plena Noite";"Crescente";"Céu Claro";"Múltipla";"Reta";"Sim";3;0;0;0;2;1;0;2;-25,59505309;-49,31630659;"SPRF-PR";"DEL01-PR";"UOP03-DEL01-PR"
520467;2023-05-01;"segunda-feira";"18:50:00";"RJ";101;327;"NITEROI";"Reação tardia ou ineficiente do condutor";"Colisão traseira";"Com Vítimas Feridas";"Plena Noite";"Decrescente";"Céu Claro";"Dupla";"Reta;Aclive";"Sim";2;0;1;0;1;0;1;2;-22,87117393;-43,15595099;"SPRF-RJ";"DEL02-RJ";"UOP01-DEL02-RJ"
520468;2023-05-01;"segunda-feira";"19:00:00";"PE";423;63;"LAJEDO";"Ingestão de álcool pelo condutor";"Colisão lateral mesmo sentido";"Sem Vítimas";"Plena Noite";"Crescente";"Céu Claro";"Simples";"Reta";"Não";3;0;0;0;2;1;0;2;-8,66219547;-36,34708912;"SPRF-PE";"DEL03-PE";"UOP01-DEL03-PE"
520469;2023-05-01;"segunda-feira";"19:30:00";"MG";381;401,2;"BOM JESUS DO AMPARO";"Reação tardia ou ineficiente do condutor";"Tombamento";"Com Vítimas Feridas";"Plena Noite";"Decrescente";"Céu Claro";"Dupla";"Reta";"Sim";2;0;0;1;0;1;1;2;-19,74557338;-43,49522978;"SPRF-MG";"DEL01-MG";"UOP01-DEL01-MG"
520471;2023-05-01;"segunda-feira";"19:10:00";"BA";324;513;"FEIRA DE SANTANA";"Ultrapassagem Indevida";"Colisão frontal";"Sem Vítimas";"Plena Noite";"Crescente";"Céu Claro";"Simples";"Reta";"Sim";3;0;0;0;2;1;0;3;-12,23098007;-38,96101401;"SPRF-BA";"DEL02-BA";"UOP01-DEL02-BA"
520474;2023-05-01;"segunda-feira";"18:30:00";"BA";324;560;"SANTO AMARO";"Retorno proibido";"Colisão lateral mesmo sentido";"Sem Vítimas";"Anoitecer";"Decrescente";"Céu Claro";"Dupla";"Reta";"Não";2;0;0;0;2;0;0;2;-12,49250283;-38,65366887;"SPRF-BA";"DEL01-BA";"UOP01-DEL01-BA"
520475;2023-05-01;"segunda-feira";"16:15:00";"MG";40;699,7;"BARBACENA";"Mal súbito do condutor";"Saída de leito carroçável";"Com Vítimas Feridas";"Pleno dia";"Decrescente";"Céu Claro";"Dupla";"Reta;Declive";"Sim";1;0;1;0;0;0;1;1;-21,16945;-43,756498;"SPRF-MG";"DEL05-MG";"UOP02-DEL05-MG"
520476;2023-05-01;"segunda-feira";"20:00:00";"MG";40;687;"RESSAQUINHA";"Demais falhas mecânicas ou elétricas";"Colisão com objeto";"Com Vítimas Feridas";"Plena Noite";"Crescente";"Céu Claro";"Simples";"Declive";"Não";2;0;1;0;1;0;1;1;-21,08104393;-43,76696216;"SPRF-MG";"DEL05-MG";"UOP02-DEL05-MG"
520477;2023-05-01;"segunda-feira";"15:20:00";"MG";365;541,6;"ROMARIA";"Velocidade Incompatível";"Saída de leito carroçável";"Com Vítimas Feridas";"Pleno dia";"Crescente";"Céu Claro";"Simples";"Retorno Regulamentado;Interseção de Vias";"Não";1;0;1;0;0;0;1;1;-18,93214935;-47,60038505;"SPRF-MG";"DEL10-MG";"UOP01-DEL10-MG"
520478;2023-05-01;"segunda-feira";"18:42:00";"PE";316;62,8;"TRINDADE";"Animais na Pista";"Atropelamento de Animal";"Com Vítimas Feridas";"Plena Noite";"Crescente";"Garoa/Chuvisco";"Simples";"Reta";"Não";2;0;0;2;0;0;2;1;-7,77941812;-40,24368806;"SPRF-PE";"DEL05-PE";"UOP02-DEL05-PE"
520479;2023-05-01;"segunda-feira";"20:00:00";"MG";381;267;"TIMOTEO";"Pedestre cruzava a pista fora da faixa";"Atropelamento de Pedestre";"Com Vítimas Feridas";"Plena Noite";"Crescente";"Chuva";"Simples";"Curva";"Não";2;0;0;1;1;0;1;2;-19,52951513;-42,67168275;"SPRF-MG";"DEL03-MG";"UOP02-DEL03-MG"
520480;2023-05-01;"segunda-feira";"18:00:00";"MG";381;277;"JAGUARACU";"Obstrução na via";"Colisão com objeto";"Com Vítimas Feridas";"Plena Noite";"Crescente";"Chuva";"Simples";"Reta";"Não";1;0;0;1;0;0;1;1;-19,552819;-42,707944;"SPRF-MG";"DEL03-MG";"UOP02-DEL03-MG"
520481;2023-05-01;"segunda-feira";"19:00:00";"MA";402;2;"BACABEIRA";"Condutor deixou de manter distância do veículo da frente";"Colisão traseira";"Com Vítimas Feridas";"Plena Noite";"Decrescente";"Céu Claro";"Simples";"Reta";"Não";4;0;1;0;2;1;1;2;-2,961779;-44,304821;"SPRF-MA";"DEL01-MA";"UOP01-DEL01-MA"
520484;2023-05-01;"segunda-feira";"18:45:00";"SC";280;81;"CORUPA";"Conversão proibida";"Colisão traseira";"Com Vítimas Feridas";"Plena Noite";"Decrescente";"Céu Claro";"Simples";"Reta";"Sim";2;0;1;0;1;0;1;2;-26,44057489;-49,217056;"SPRF-SC";"DEL06-SC";"UOP03-DEL06-SC"
520485;2023-05-01;"segunda-feira";"16:18:00";"MT";163;580;"NOVA MUTUM";"Demais falhas na via";"Saída de leito carroçável";"Com Vítimas Feridas";"Pleno dia";"Crescente";"Chuva";"Simples";"Reta";"Não";1;0;0;1;0;0;1;1;-14,08195789;-56,1106213;"SPRF-MT";"DEL01-MT";"UOP01-DEL01-MT"
520486;2023-05-01;"segunda-feira";"18:40:00";"PR";376;168,1;"MARINGA";"Reação tardia ou ineficiente do condutor";"Colisão frontal";"Com Vítimas Feridas";"Plena Noite";"Crescente";"Céu Claro";"Dupla";"Reta";"Não";6;0;0;5;1;0;5;2;-23,40560059;-51,99314117;"SPRF-PR";"DEL09-PR";"UOP01-DEL09-PR"
520488;2023-05-01;"segunda-feira";"18:30:00";"RJ";116;143;"DUQUE DE CAXIAS";"Condutor deixou de manter distância do veículo da frente";"Colisão traseira";"Sem Vítimas";"Plena Noite";"Crescente";"Céu Claro";"Dupla";"Reta";"Não";2;0;0;0;2;0;0;2;-22,65237271;-43,23918118;"SPRF-RJ";"DEL01-RJ";"UOP01-DEL01-RJ"
520489;2023-05-01;"segunda-feira";"19:40:00";"RR";174;455;"BOA VISTA";"Afundamento ou ondulação no pavimento";"Saída de leito carroçável";"Com Vítimas Feridas";"Plena Noite";"Crescente";"Céu Claro";"Simples";"Curva";"Não";3;0;3;0;0;0;3;1;2,486639;-60,891907;"SPRF-RR";"DEL01-RR";"UOP01-DEL01-RR"
520490;2023-05-01;"segunda-feira";"20:00:00";"BA";367;25;"PORTO SEGURO";"Animais na Pista";"Colisão transversal";"Com Vítimas Feridas";"Plena Noite";"Crescente";"Nublado";"Simples";"Reta";"Sim";2;0;1;0;1;0;1;2;-16,43805311;-39,09107101;"SPRF-BA";"DEL09-BA";"UOP03-DEL09-BA"
520491;2023-05-01;"segunda-feira";"21:15:00";"SC";101;209;"SAO JOSE";"Condutor deixou de manter distância do veículo da frente";"Colisão traseira";"Sem Vítimas";"Plena Noite";"Crescente";"Céu Claro";"Dupla";"Reta";"Não";2;0;0;0;2;0;0;2;-27,61000542;-48,63895057;"SPRF-SC";"DEL01-SC";"UOP01-DEL01-SC"
520492;2023-05-01;"segunda-feira";"21:10:00";"MG";116;535;"SANTA RITA DE MINAS";"Reação tardia ou ineficiente do condutor";"Saída de leito carroçável";"Com Vítimas Feridas";"Plena Noite";"Decrescente";"Nublado";"Simples";"Curva";"Não";1;0;1;0;0;0;1;1;-19,85292504;-42,14058636;"SPRF-MG";"DEL06-MG";"UOP02-DEL06-MG"
520493;2023-05-01;"segunda-feira";"21:30:00";"BA";116;833,6;"VITORIA DA CONQUISTA";"Acessar a via sem observar a presença dos outros veículos";"Colisão transversal";"Com Vítimas Fatais";"Plena Noite";"Decrescente";"Nublado";"Simples";"Reta";"Sim";2;1;0;0;1;0;0;2;-14,86307989;-40,85019052;"SPRF-BA";"DEL08-BA";"UOP01-DEL08-BA"
520494;2023-05-01;"segunda-feira";"21:30:00";"MG";40;786;"JUIZ DE FORA";"Pedestre cruzava a pista fora da faixa";"Atropelamento de Pedestre";"Com Vítimas Feridas";"Plena Noite";"Decrescente";"Nublado";"Dupla";"Curva";"Não";4;0;0;1;3;0;1;2;-21,74319707;-43,44602466;"SPRF-MG";"DEL05-MG";"UOP01-DEL05-MG"
520497;2023-05-01;"segunda-feira";"19:30:00";"SC";158;135;"PALMITOS";"Obras na pista";"Saída de leito carroçável";"Com Vítimas Feridas";"Plena Noite";"Decrescente";"Céu Claro";"Simples";"Interseção de Vias;Em Obras";"Não";1;0;1;0;0;0;1;1;-27,07964683;-53,22476864;"SPRF-SC";"DEL07-SC";"UOP02-DEL07-SC"
520498;2023-05-01;"segunda-feira";"21:20:00";"PB";101;83;"BAYEUX";"Ingestão de álcool pelo condutor";"Colisão lateral mesmo sentido";"Com Vítimas Feridas";"Plena Noite";"Crescente";"Céu Claro";"Simples";"Interseção de Vias";"Sim";2;0;1;0;1;0;1;2;-7,1337703;-34,92963914;"SPRF-PB";"DEL01-PB";"UOP01-DEL01-PB"
520499;2023-05-01;"segunda-feira";"16:00:00";"PI";222;24,8;"SAO JOAO DA FRONTEIRA";"Pista esburacada";"Saída de leito carroçável";"Com Vítimas Feridas";"Pleno dia";"Crescente";"Céu Claro";"Simples";"Reta";"Não";1;0;1;0;0;0;1;1;-3,9957851;-41,42360196;"SPRF-PI";"DEL02-PI";"UOP01-DEL02-PI"
520500;2023-05-01;"segunda-feira";"22:31:00";"PE";423;34;"SAO CAITANO";"Reação tardia ou ineficiente do condutor";"Saída de leito carroçável";"Com Vítimas Feridas";"Plena Noite";"Crescente";"Céu Claro";"Simples";"Curva";"Não";1;0;1;0;0;0;1;1;-8,41131599;-36,18936501;"SPRF-PE";"DEL03-PE";"UOP02-DEL03-PE"
520502;2023-05-01;"segunda-feira";"22:01:00";"RS";285;295;"PASSO FUNDO";"Ingestão de álcool pelo condutor";"Colisão com objeto";"Sem Vítimas";"Plena Noite";"Decrescente";"Nublado";"Simples";"Reta;Em Obras";"Não";3;0;0;0;2;1;0;2;-28,231071;-52,394299;"SPRF-RS";"DEL08-RS";"UOP03-DEL08-RS"
520503;2023-05-01;"segunda-feira";"17:35:00";"PR";376;166,4;"MARINGA";"Condutor deixou de manter distância do veículo da frente";"Colisão traseira";"Com Vítimas Feridas";"Pleno dia";"Decrescente";"Céu Claro";"Dupla";"Reta";"Não";4;0;1;1;2;0;2;2;-23,39663206;-52,00514304;"SPRF-PR";"DEL09-PR";"UOP01-DEL09-PR"
520504;2023-05-01;"segunda-feira";"23:00:00";"SP";116;219;"GUARULHOS";"Avarias e/ou desgaste excessivo no pneu";"Colisão com objeto";"Sem Vítimas";"Plena Noite";"Crescente";"Céu Claro";"Múltipla";"Reta";"Sim";1;0;0;0;1;0;0;1;-23,46143954;-46,48885316;"SPRF-SP";"DEL01-SP";"UOP01-DEL01-SP"
520505;2023-05-01;"segunda-feira";"22:50:00";"GO";60;92,3;"ANAPOLIS";"Reação tardia ou ineficiente do condutor";"Colisão com objeto";"Sem Vítimas";"Plena Noite";"Decrescente";"Céu Claro";"Dupla";"Retorno Regulamentado";"Sim";1;0;0;0;0;1;0;1;-16,353;-48,9178;"SPRF-GO";"DEL02-GO";"UOP01-DEL02-GO"
520506;2023-05-01;"segunda-feira";"19:00:00";"RO";435;85;"COLORADO DO OESTE";"Desrespeitar a preferência no cruzamento";"Colisão transversal";"Com Vítimas Feridas";"Plena Noite";"Decrescente";"Céu Claro";"Dupla";"Interseção de Vias";"Sim";3;0;2;0;1;0;2;2;-13,11884911;-60,53173398;"SPRF-RO";"DEL04-RO";"UOP02-DEL04-RO"
520508;2023-05-01;"segunda-feira";"23:05:00";"SC";101;205,6;"SAO JOSE";"Ausência de reação do condutor";"Tombamento";"Sem Vítimas";"Pleno dia";"Crescente";"Nublado";"Múltipla";"Reta";"Sim";1;0;0;0;1;0;0;1;-27,58313237;-48,61532885;"SPRF-SC";"DEL01-SC";"UOP01-DEL01-SC"
520509;2023-05-01;"segunda-feira";"21:50:00";"RJ";101;47;"CAMPOS DOS GOYTACAZES";"Reação tardia ou ineficiente do condutor";"Colisão lateral mesmo sentido";"Com Vítimas Feridas";"Plena Noite";"Crescente";"Nublado";"Simples";"Reta";"Sim";3;0;1;0;2;0;1;2;-21,61438202;-41,31566942;"SPRF-RJ";"DEL08-RJ";"UOP01-DEL08-RJ"
520511;2023-05-01;"segunda-feira";"23:25:00";"ES";101;295;"CARIACICA";"Ausência de reação do condutor";"Colisão com objeto";"Sem Vítimas";"Plena Noite";"Crescente";"Chuva";"Dupla";"Curva";"Sim";1;0;0;0;0;1;0;1;-20,33223667;-40,40004683;"SPRF-ES";"DEL01-ES";"UOP01-DEL01-ES"
520513;2023-05-01;"segunda-feira";"20:00:00";"MS";262;565,9;"MIRANDA";"Animais na Pista";"Atropelamento de Animal";"Com Vítimas Feridas";"Plena Noite";"Decrescente";"Céu Claro";"Simples";"Reta";"Não";2;0;1;0;1;0;1;2;-20,20268139;-56,43294426;"SPRF-MS";"DEL03-MS";"UOP02-DEL03-MS"
520514;2023-05-01;"segunda-feira";"16:00:00";"MT";163;680;"LUCAS DO RIO VERDE";"Acumulo de água sobre o pavimento";"Saída de leito carroçável";"Com Vítimas Feridas";"Pleno dia";"Decrescente";"Garoa/Chuvisco";"Simples";"Reta";"Não";5;0;5;0;0;0;5;1;-13,24099795;-56,01173212;"SPRF-MT";"DEL06-MT";"UOP01-DEL06-MT"
520518;2023-05-01;"segunda-feira";"22:30:00";"MT";70;512;"VARZEA GRANDE";"Ausência de reação do condutor";"Colisão com objeto";"Com Vítimas Feridas";"Plena Noite";"Decrescente";"Céu Claro";"Simples";"Reta";"Sim";1;0;1;0;0;0;1;1;-15,70477086;-56,12039566;"SPRF-MT";"DEL01-MT";"UOP02-DEL01-MT"
520520;2023-05-02;"terça-feira";"00:15:00";"RS";116;320;"BARRA DO RIBEIRO";"Reação tardia ou ineficiente do condutor";"Saída de leito carroçável";"Sem Vítimas";"Plena Noite";"Decrescente";"Céu Claro";"Simples";"Interseção de Vias;Curva";"Sim";1;0;0;0;1;0;0;1;-30,28230632;-51,41266823;"SPRF-RS";"DEL02-RS";"UOP01-DEL02-RS"
520522;2023-05-01;"segunda-feira";"22:00:00";"RJ";393;280;"BARRA DO PIRAI";"Pedestre cruzava a pista fora da faixa";"Atropelamento de Pedestre";"Com Vítimas Fatais";"Plena Noite";"Decrescente";"Ignorado";"Simples";"Reta";"Sim";3;1;0;1;0;1;1;2;-22,47750785;-44,01954402;"SPRF-RJ";"DEL05-RJ";"UOP04-DEL05-RJ"
520523;2023-05-02;"terça-feira";"01:08:00";"SE";235;3;"ARACAJU";"Condutor Dormindo";"Queda de ocupante de veículo";"Com Vítimas Feridas";"Plena Noite";"Crescente";"Céu Claro";"Dupla";"Reta";"Sim";2;0;1;1;0;0;2;1;-10,9059;-37,111;"SPRF-SE";"DEL01-SE";"UOP01-DEL01-SE"
520524;2023-05-02;"terça-feira";"00:10:00";"RO";364;366;"OURO PRETO DO OESTE";"Animais na Pista";"Atropelamento de Animal";"Com Vítimas Feridas";"Plena Noite";"Decrescente";"Céu Claro";"Simples";"Reta";"Não";2;0;0;2;0;0;2;1;-10,76957336;-62,1102211;"SPRF-RO";"DEL02-RO";"UOP01-DEL02-RO"
520525;2023-05-02;"terça-feira";"01:50:00";"MG";40;513;"RIBEIRAO DAS NEVES";"Velocidade Incompatível";"Saída de leito carroçável";"Com Vítimas Feridas";"Plena Noite";"Crescente";"Céu Claro";"Dupla";"Curva;Aclive";"Sim";1;0;1;0;0;0;1;1;-19,7970544;-44,1080512;"SPRF-MG";"DEL01-MG";"UOP02-DEL01-MG"
520526;2023-05-01;"segunda-feira";"22:20:00";"SC";101;282,2;"IMBITUBA";"Ingestão de álcool pelo condutor";"Tombamento";"Com Vítimas Feridas";"Plena Noite";"Crescente";"Céu Claro";"Múltipla";"Rotatória;Interseção de Vias;Viaduto";"Sim";2;0;2;0;0;0;2;1;-28,21507192;-48,70017171;"SPRF-SC";"DEL02-SC";"UOP03-DEL02-SC"
520529;2023-05-01;"segunda-feira";"21:09:00";"MG";262;87,6;"ABRE CAMPO";"Transitar na contramão";"Colisão frontal";"Com Vítimas Fatais";"Plena Noite";"Decrescente";"Céu Claro";"Simples";"Reta";"Não";7;1;3;2;0;1;5;3;-20,333214;-42,437654;"SPRF-MG";"DEL03-MG";"UOP03-DEL03-MG"
520531;2023-05-01;"segunda-feira";"22:00:00";"RS";285;136,4;"VACARIA";"Ingestão de álcool pelo condutor";"Saída de leito carroçável";"Com Vítimas Feridas";"Plena Noite";"Crescente";"Céu Claro";"Simples";"Reta";"Não";1;0;1;0;0;0;1;1;-28,417076;-51,037125;"SPRF-RS";"DEL05-RS";"UOP03-DEL05-RS"
520532;2023-05-02;"terça-feira";"04:30:00";"PI";316;291;"PICOS";"Manobra de mudança de faixa";"Colisão transversal";"Com Vítimas Feridas";"Amanhecer";"Crescente";"Céu Claro";"Simples";"Reta";"Não";2;0;1;1;0;0;2;2;-7,00108408;-41,61168804;"SPRF-PI";"DEL04-PI";"UOP01-DEL04-PI"
520533;2023-05-02;"terça-feira";"05:10:00";"AL";101;245;"PORTO REAL DO COLEGIO";"Conversão proibida";"Colisão transversal";"Com Vítimas Feridas";"Pleno dia";"Crescente";"Céu Claro";"Simples";"Reta";"Sim";4;0;1;1;0;2;2;3;-10,18344196;-36,82898037;"SPRF-AL";"DEL02-AL";"UOP02-DEL02-AL"
520537;2023-05-02;"terça-feira";"05:37:00";"RN";101;30;"RIO DO FOGO";"Desrespeitar a preferência no cruzamento";"Colisão transversal";"Com Vítimas Feridas";"Pleno dia";"Crescente";"Céu Claro";"Simples";"Rotatória";"Não";4;0;1;0;3;0;1;2;-5,32480987;-35,40877686;"SPRF-RN";"DEL02-RN";"UOP01-DEL02-RN"
520538;2023-05-02;"terça-feira";"05:44:00";"MS";262;317,7;"CAMPO GRANDE";"Avarias e/ou desgaste excessivo no pneu";"Saída de leito carroçável";"Com Vítimas Feridas";"Amanhecer";"Decrescente";"Céu Claro";"Simples";"Reta;Declive";"Não";1;0;1;0;0;0;1;1;-20,47086159;-54,45819198;"SPRF-MS";"DEL01-MS";"UOP01-DEL01-MS"
520540;2023-05-02;"terça-feira";"06:30:00";"RS";116;257,7;"ESTEIO";"Reação tardia ou ineficiente do condutor";"Queda de ocupante de veículo";"Com Vítimas Feridas";"Amanhecer";"Crescente";"Garoa/Chuvisco";"Dupla";"Reta";"Sim";1;0;1;0;0;0;1;1;-29,85262195;-51,17968329;"SPRF-RS";"DEL01-RS";"UOP02-DEL01-RS"
520541;2023-05-02;"terça-feira";"05:20:00";"MS";60;344;"CAMPO GRANDE";"Animais na Pista";"Atropelamento de Animal";"Com Vítimas Feridas";"Amanhecer";"Crescente";"Céu Claro";"Simples";"Reta";"Não";1;0;1;0;0;0;1;1;-20,41160904;-54,72294331;"SPRF-MS";"DEL01-MS";"UOP03-DEL01-MS"
520542;2023-05-02;"terça-feira";"06:45:00";"MG";381;493,8;"BETIM";"Ausência de reação do condutor";"Colisão traseira";"Com Vítimas Feridas";"Pleno dia";"Decrescente";"Céu Claro";"Múltipla";"Aclive;Reta";"Não";2;0;0;1;1;0;1;2;-19,9652429;-44,1746981;"SPRF-MG";"DEL04-MG";"UOP03-DEL04-MG"
520546;2023-05-02;"terça-feira";"06:45:00";"BA";242;919;"LUIS EDUARDO MAGALHAES";"Avarias e/ou desgaste excessivo no pneu";"Eventos atípicos";"Com Vítimas Fatais";"Pleno dia";"Decrescente";"Céu Claro";"Simples";"Reta";"Não";5;1;0;4;0;0;4;1;-12,10668651;-45,91184006;"SPRF-BA";"DEL10-BA";"UOP01-DEL10-BA"
520549;2023-05-02;"terça-feira";"07:00:00";"MG";381;495,5;"BETIM";"Ausência de reação do condutor";"Tombamento";"Com Vítimas Feridas";"Pleno dia";"Decrescente";"Sol";"Dupla";"Curva";"Sim";3;0;0;1;0;2;1;3;-19,9888363;-44,19559479;"SPRF-MG";"DEL04-MG";"UOP03-DEL04-MG"
520550;2023-05-02;"terça-feira";"07:00:00";"DF";80;11;"BRASILIA";"Condutor deixou de manter distância do veículo da frente";"Colisão traseira";"Com Vítimas Feridas";"Pleno dia";"Decrescente";"Céu Claro";"Simples";"Reta";"Não";3;0;2;0;1;0;2;2;-15,730927;-48,177082;"SPRF-DF";"DEL03-DF";"UOP02-DEL03-DF"
520551;2023-05-02;"terça-feira";"02:50:00";"SC";101;122;"ITAJAI";"Animais na Pista";"Atropelamento de Animal";"Com Vítimas Feridas";"Plena Noite";"Decrescente";"Nevoeiro/Neblina";"Dupla";"Reta";"Sim";1;0;1;0;0;0;1;1;-26,92955916;-48,70499836;"SPRF-SC";"DEL04-SC";"UOP04-DEL04-SC"
520553;2023-04-02;"domingo";"13:00:00";"ES";101;186,3;"ARACRUZ";"Reação tardia ou ineficiente do condutor";"Saída de leito carroçável";"Com Vítimas Feridas";"Pleno dia";"Crescente";"Céu Claro";"Múltipla";"Declive";"Não";2;0;0;2;0;0;2;1;-19,66488404;-40,24929498;"SPRF-ES";"DEL04-ES";"UOP01-DEL04-ES"
520555;2023-05-02;"terça-feira";"07:30:00";"RS";116;259;"CANOAS";"Trafegar com motocicleta (ou similar) entre as faixas";"Colisão lateral mesmo sentido";"Com Vítimas Feridas";"Pleno dia";"Crescente";"Garoa/Chuvisco";"Dupla";"Reta";"Sim";3;0;1;0;2;0;1;3;-29,87532082;-51,1800456;"SPRF-RS";"DEL01-RS";"UOP02-DEL01-RS"