"id";"data_inversa";"dia_semana";"horario";"uf";"br";"km";"municipio";"causa_acidente";"tipo_acidente";"classificacao_acidente";"fase_dia";"sentido_via";"condicao_metereologica";"tipo_pista";"tracado_via";"uso_solo";"pessoas";"mortos";"feridos_leves";"feridos_graves";"ilesos";"ignorados";"feridos";"veiculos";"latitude";"longitude";"regional";"delegacia";"uop"
520557;2023-05-02;"terça-feira";"07:30:00";"RS";386;339,3;"LAJEADO";"Acessar a via sem observar a presença dos outros veículos";"Colisão transversal";"Com Vítimas Feridas";"Pleno dia";"Decrescente";"Garoa/Chuvisco";"Simples";"Reta;Em Obras";"Sim";5;0;2;0;3;0;2;2;-29,410208;-52,029076;"SPRF-RS";"DEL04-RS";"UOP01-DEL04-RS"
520560;2023-05-02;"terça-feira";"07:40:00";"CE";116;17,3;"ITAITINGA";"Conversão proibida";"Colisão transversal";"Com Vítimas Feridas";"Pleno dia";"Crescente";"Sol";"Dupla";"Reta;Aclive";"Não";2;0;1;0;1;0;1;2;-3,89910757;-38,50409746;"SPRF-CE";"DEL01-CE";"UOP02-DEL01-CE"
520562;2023-05-02;"terça-feira";"06:30:00";"PR";467;105,1;"CASCAVEL";"Velocidade Incompatível";"Saída de leito carroçável";"Com Vítimas Feridas";"Amanhecer";"Decrescente";"Céu Claro";"Dupla";"Curva";"Não";1;0;0;1;0;0;1;1;-24,9142;-53,492;"SPRF-PR";"DEL04-PR";"UOP01-DEL04-PR"
520563;2023-05-01;"segunda-feira";"18:00:00";"MT";364;437;"VARZEA GRANDE";"Pedestre andava na pista";"Atropelamento de Pedestre";"Com Vítimas Feridas";"Plena Noite";"Crescente";"Céu Claro";"Dupla";"Reta";"Sim";2;0;1;0;0;1;1;2;-15,64508616;-56,15511411;"SPRF-MT";"DEL01-MT";"UOP02-DEL01-MT"
520564;2023-05-02;"terça-feira";"06:00:00";"RJ";101;67,5;"CAMPOS DOS GOYTACAZES";"Demais falhas mecânicas ou elétricas";"Eventos atípicos";"Sem Vítimas";"Amanhecer";"Decrescente";"Céu Claro";"Simples";"Reta";"Sim";1;0;0;0;0;1;0;1;-21,771932;-41,357259;"SPRF-RJ";"DEL08-RJ";"UOP02-DEL08-RJ"
520565;2023-05-02;"terça-feira";"07:50:00";"SC";101;206,8;"SAO JOSE";"Demais falhas mecânicas ou elétricas";"Queda de ocupante de veículo";"Com Vítimas Feridas";"Pleno dia";"Crescente";"Céu Claro";"Múltipla";"Reta";"Não";1;0;0;1;0;0;1;1;-27,59193546;-48,61824557;"SPRF-SC";"DEL01-SC";"UOP01-DEL01-SC"
520566;2023-05-02;"terça-feira";"06:00:00";"RJ";493;118;"ITAGUAI";"Reação tardia ou ineficiente do condutor";"Saída de leito carroçável";"Com Vítimas Feridas";"Amanhecer";"Crescente";"Sol";"Dupla";"Curva;Aclive";"Não";1;0;1;0;0;0;1;1;-22,8643493;-43,81157219;"SPRF-RJ";"DEL03-RJ";"UOP01-DEL03-RJ"
520567;2023-05-02;"terça-feira";"07:00:00";"BA";407;107,6;"JAGUARARI";"Ultrapassagem Indevida";"Colisão traseira";"Com Vítimas Feridas";"Pleno dia";"Decrescente";"Céu Claro";"Simples";"Reta;Aclive";"Não";4;0;1;0;3;0;1;3;-10,28895105;-40,17156628;"SPRF-BA";"DEL04-BA";"UOP01-DEL04-BA"
520568;2023-05-02;"terça-feira";"08:20:00";"MG";381;0,5;"BETIM";"Manobra de mudança de faixa";"Colisão lateral mesmo sentido";"Com Vítimas Feridas";"Pleno dia";"Decrescente";"Céu Claro";"Dupla";"Aclive;Curva";"Não";2;0;1;0;1;0;1;2;-19,96825;-44,198708;"SPRF-MG";"DEL01-MG";"UOP03-DEL01-MG"
520569;2023-05-02;"terça-feira";"08:10:00";"RS";116;259,1;"ESTEIO";"Trafegar com motocicleta (ou similar) entre as faixas";"Colisão traseira";"Com Vítimas Feridas";"Pleno dia";"Crescente";"Chuva";"Dupla";"Curva";"Sim";3;0;1;0;2;0;1;2;-29,870408;-51,179909;"SPRF-RS";"DEL01-RS";"UOP02-DEL01-RS"
520570;2023-05-02;"terça-feira";"06:30:00";"MT";70;281;"PRIMAVERA DO LESTE";"Acessar a via sem observar a presença dos outros veículos";"Colisão transversal";"Com Vítimas Feridas";"Pleno dia";"Crescente";"Céu Claro";"Simples";"Reta";"Sim";2;0;1;0;1;0;1;2;-15,56702889;-54,30512706;"SPRF-MT";"DEL05-MT";"UOP01-DEL05-MT"
520571;2023-05-02;"terça-feira";"06:35:00";"MA";316;185;"ZE DOCA";"Condutor Dormindo";"Colisão lateral sentido oposto";"Com Vítimas Feridas";"Pleno dia";"Crescente";"Céu Claro";"Simples";"Reta";"Não";6;0;5;1;0;0;6;2;-3,18576566;-45,64853668;"SPRF-MA";"DEL02-MA";"UOP02-DEL02-MA"
520573;2023-05-02;"terça-feira";"08:40:00";"SC";101;217;"PALHOCA";"Reação tardia ou ineficiente do condutor";"Atropelamento de Pedestre";"Com Vítimas Feridas";"Pleno dia";"Crescente";"Céu Claro";"Dupla";"Reta";"Sim";2;0;1;0;1;0;1;2;-27,66779034;-48,67393586;"SPRF-SC";"DEL01-SC";"UOP02-DEL01-SC"
520574;2023-05-02;"terça-feira";"07:30:00";"SP";381;38;"ATIBAIA";"Condutor deixou de manter distância do veículo da frente";"Engavetamento";"Com Vítimas Feridas";"Pleno dia";"Decrescente";"Céu Claro";"Dupla";"Reta;Em Obras";"Não";11;0;1;0;10;0;1;3;-23,1133221;-46,57174974;"SPRF-SP";"DEL03-SP";"UOP01-DEL03-SP"
520575;2023-05-02;"terça-feira";"02:30:00";"MG";381;272;"TIMOTEO";"Animais na Pista";"Atropelamento de Animal";"Com Vítimas Feridas";"Plena Noite";"Crescente";"Nublado";"Simples";"Declive;Reta";"Não";5;0;0;5;0;0;5;1;-19,55977294;-42,71016637;"SPRF-MG";"DEL03-MG";"UOP02-DEL03-MG"
520576;2023-05-02;"terça-feira";"08:04:00";"PE";101;72;"RECIFE";"Reação tardia ou ineficiente do condutor";"Atropelamento de Pedestre";"Com Vítimas Feridas";"Pleno dia";"Decrescente";"Sol";"Dupla";"Reta";"Sim";2;0;1;1;0;0;2;2;-8,094153;-34,947925;"SPRF-PE";"DEL01-PE";"UOP01-DEL01-PE"
520577;2023-04-20;"quinta-feira";"17:55:00";"PI";316;304;"PICOS";"Manobra de mudança de faixa";"Colisão transversal";"Com Vítimas Feridas";"Anoitecer";"Crescente";"Céu Claro";"Simples";"Reta";"Sim";3;0;1;1;1;0;2;2;-7,06324178;-41,51712984;"SPRF-PI";"DEL04-PI";"UOP01-DEL04-PI"
520578;2023-05-02;"terça-feira";"08:00:00";"RJ";40;109;"DUQUE DE CAXIAS";"Demais falhas mecânicas ou elétricas";"Incêndio";"Sem Vítimas";"Pleno dia";"Decrescente";"Céu Claro";"Múltipla";"Reta";"Não";1;0;0;0;1;0;0;1;-22,67374628;-43,28638368;"SPRF-RJ";"DEL01-RJ";"UOP01-DEL01-RJ"
520579;2023-05-02;"terça-feira";"08:45:00";"RS";116;250;"SAO LEOPOLDO";"Reação tardia ou ineficiente do condutor";"Colisão com objeto";"Com Vítimas Feridas";"Pleno dia";"Crescente";"Chuva";"Dupla";"Aclive;Curva;Viaduto";"Não";1;0;1;0;0;0;1;1;-29,79148798;-51,16399615;"SPRF-RS";"DEL01-RS";"UOP02-DEL01-RS"
520580;2023-05-02;"terça-feira";"09:00:00";"PB";230;480;"MARIZOPOLIS";"Reação tardia ou ineficiente do condutor";"Colisão traseira";"Sem Vítimas";"Pleno dia";"Crescente";"Céu Claro";"Simples";"Reta";"Sim";3;0;0;0;3;0;0;2;-6,8436;-38,3416;"SPRF-PB";"DEL03-PB";"UOP03-DEL03-PB"
520582;2023-05-02;"terça-feira";"07:30:00";"SC";101;326,6;"CAPIVARI DE BAIXO";"Ausência de reação do condutor";"Tombamento";"Com Vítimas Feridas";"Pleno dia";"Crescente";"Céu Claro";"Simples";"Reta;Interseção de Vias;Declive";"Sim";3;0;0;2;1;0;2;2;-28,43760057;-48,96160126;"SPRF-SC";"DEL02-SC";"UOP01-DEL02-SC"
520583;2023-05-02;"terça-feira";"09:40:00";"SP";116;161;"JACAREI";"Reação tardia ou ineficiente do condutor";"Tombamento";"Com Vítimas Feridas";"Pleno dia";"Decrescente";"Sol";"Simples";"Curva";"Sim";1;0;1;0;0;0;1;1;-23,27617003;-45,97592098;"SPRF-SP";"DEL02-SP";"UOP01-DEL02-SP"
520585;2023-05-02;"terça-feira";"09:45:00";"SP";381;47;"ATIBAIA";"Ausência de reação do condutor";"Capotamento";"Sem Vítimas";"Pleno dia";"Crescente";"Céu Claro";"Múltipla";"Reta";"Sim";2;0;0;0;2;0;0;1;-23,18904617;-46,58407757;"SPRF-SP";"DEL03-SP";"UOP01-DEL03-SP"
520586;2023-05-02;"terça-feira";"09:35:00";"SC";282;3,5;"FLORIANOPOLIS";"Reação tardia ou ineficiente do condutor";"Colisão traseira";"Com Vítimas Feridas";"Pleno dia";"Decrescente";"Céu Claro";"Múltipla";"Reta";"Sim";3;0;2;0;1;0;2;2;-27,600384;-48,599705;"SPRF-SC";"DEL01-SC";"UOP01-DEL01-SC"
520588;2023-05-02;"terça-feira";"06:30:00";"BA";420;336;"JAGUAQUARA";"Transitar na contramão";"Colisão frontal";"Com Vítimas Fatais";"Amanhecer";"Crescente";"Céu Claro";"Simples";"Reta";"Não";2;1;0;1;0;0;1;2;-13,50802899;-39,96065393;"SPRF-BA";"DEL03-BA";"UOP01-DEL03-BA"
520589;2023-04-29;"sábado";"07:00:00";"MG";381;382,7;"SAO GONCALO DO RIO ABAIXO";"Velocidade Incompatível";"Capotamento";"Com Vítimas Feridas";"Pleno dia";"Decrescente";"Nublado";"Simples";"Reta";"Não";3;0;3;0;0;0;3;1;-19,82969429;-43,38106155;"SPRF-MG";"DEL01-MG";"UOP01-DEL01-MG"
520593;2023-05-02;"terça-feira";"06:30:00";"AP";210;92;"PORTO GRANDE";"Reação tardia ou ineficiente do condutor";"Saída de leito carroçável";"Sem Vítimas";"Pleno dia";"Crescente";"Céu Claro";"Simples";"Reta";"Não";2;0;0;0;2;0;0;2;0,6401753;-51,3162329;"SPRF-AP";"DEL01-AP";"UOP01-DEL01-AP"
520595;2023-02-23;"quinta-feira";"20:15:00";"PR";376;191,9;"MARIALVA";"Velocidade Incompatível";"Saída de leito carroçável";"Com Vítimas Feridas";"Plena Noite";"Crescente";"Céu Claro";"Dupla";"Reta";"Não";2;0;0;1;0;1;1;2;-23,48596893;-51,81994557;"SPRF-PR";"DEL09-PR";"UOP01-DEL09-PR"
520596;2023-05-02;"terça-feira";"08:30:00";"RO";364;515;"ARIQUEMES";"Acessar a via sem observar a presença dos outros veículos";"Colisão transversal";"Com Vítimas Feridas";"Pleno dia";"Crescente";"Céu Claro";"Simples";"Reta;Em Obras";"Sim";5;0;1;1;3;0;2;2;-9,92497302;-63,05491046;"SPRF-RO";"DEL03-RO";"UOP01-DEL03-RO"
520597;2023-05-02;"terça-feira";"10:20:00";"CE";122;5;"CHOROZINHO";"Pista esburacada";"Saída de leito carroçável";"Com Vítimas Feridas";"Pleno dia";"Decrescente";"Céu Claro";"Simples";"Curva";"Sim";3;0;1;1;1;0;2;1;-4,3364193;-38,47894907;"SPRF-CE";"DEL03-CE";"UOP02-DEL03-CE"
520598;2023-05-02;"terça-feira";"09:15:00";"SC";282;52;"AGUAS MORNAS";"Acessar a via sem observar a presença dos outros veículos";"Queda de ocupante de veículo";"Com Vítimas Feridas";"Pleno dia";"Crescente";"Céu Claro";"Simples";"Reta;Declive";"Não";4;0;0;1;2;1;1;3;-27,696936;-48,964138;"SPRF-SC";"DEL01-SC";"UOP03-DEL01-SC"
520600;2023-05-02;"terça-feira";"10:30:00";"MT";163;1068;"GUARANTA DO NORTE";"Reação tardia ou ineficiente do condutor";"Colisão com objeto";"Com Vítimas Feridas";"Pleno dia";"Crescente";"Sol";"Simples";"Reta";"Não";1;0;1;0;0;0;1;1;-10,0607469694;-54,9073677845;"SPRF-MT";"DEL06-MT";"UOP03-DEL06-MT"
520604;2023-05-02;"terça-feira";"11:37:00";"RS";290;64;"GRAVATAI";"Reação tardia ou ineficiente do condutor";"Saída de leito carroçável";"Com Vítimas Fatais";"Pleno dia";"Crescente";"Chuva";"Múltipla";"Reta";"Não";3;1;1;1;0;0;2;1;-29,940449;-50,895531;"SPRF-RS";"DEL03-RS";"UOP01-DEL03-RS"
520606;2023-04-30;"domingo";"10:10:00";"SC";280;135,9;"RIO NEGRINHO";"Transitar na contramão";"Colisão frontal";"Com Vítimas Feridas";"Pleno dia";"Decrescente";"Céu Claro";"Simples";"Curva";"Não";3;0;1;1;0;1;2;3;-26,274445;-49,57251;"SPRF-SC";"DEL06-SC";"UOP03-DEL06-SC"
520608;2023-05-02;"terça-feira";"12:34:00";"RN";226;159;"CURRAIS NOVOS";"Reação tardia ou ineficiente do condutor";"Saída de leito carroçável";"Com Vítimas Feridas";"Pleno dia";"Crescente";"Céu Claro";"Simples";"Reta";"Não";2;0;2;0;0;0;2;1;-6,20030564;-36,38520007;"SPRF-RN";"DEL03-RN";"UOP02-DEL03-RN"
520609;2023-05-02;"terça-feira";"12:37:00";"RN";101;83,4;"NATAL";"Reação tardia ou ineficiente do condutor";"Engavetamento";"Sem Vítimas";"Pleno dia";"Decrescente";"Céu Claro";"Simples";"Reta";"Sim";3;0;0;0;3;0;0;3;-5,7710445;-35,26616981;"SPRF-RN";"DEL02-RN";"UOP01-DEL02-RN"
520610;2023-05-02;"terça-feira";"09:30:00";"RJ";356;46;"ITAPERUNA";"Condutor deixou de manter distância do veículo da frente";"Engavetamento";"Com Vítimas Feridas";"Pleno dia";"Decrescente";"Céu Claro";"Simples";"Reta;Aclive";"Não";3;0;1;0;2;0;1;3;-21,23523979;-41,79978296;"SPRF-RJ";"DEL08-RJ";"UOP03-DEL08-RJ"
520611;2023-05-02;"terça-feira";"12:10:00";"RS";116;249;"SAO LEOPOLDO";"Acumulo de óleo sobre o pavimento";"Colisão com objeto";"Com Vítimas Feridas";"Pleno dia";"Crescente";"Chuva";"Dupla";"Aclive;Curva;Viaduto";"Sim";1;0;1;0;0;0;1;1;-29,7831804;-51,16099063;"SPRF-RS";"DEL01-RS";"UOP02-DEL01-RS"
520613;2023-05-02;"terça-feira";"11:40:00";"PE";407;122;"PETROLINA";"Acessar a via sem observar a presença dos outros veículos";"Colisão transversal";"Com Vítimas Feridas";"Pleno dia";"Decrescente";"Céu Claro";"Simples";"Reta";"Sim";2;0;1;0;1;0;1;2;-9,36499301;-40,54370988;"SPRF-PE";"DEL06-PE";"UOP01-DEL06-PE"
520617;2023-05-02;"terça-feira";"13:30:00";"MG";40;361;"FELIXLANDIA";"Demais falhas mecânicas ou elétricas";"Incêndio";"Sem Vítimas";"Pleno dia";"Crescente";"Céu Claro";"Simples";"Reta";"Não";1;0;0;0;1;0;0;1;-18,7560336;-44,84591063;"SPRF-MG";"DEL02-MG";"UOP01-DEL02-MG"
520618;2023-05-02;"terça-feira";"13:40:00";"MG";50;184;"UBERABA";"Obras na pista";"Queda de ocupante de veículo";"Com Vítimas Feridas";"Pleno dia";"Decrescente";"Céu Claro";"Dupla";"Em Obras;Reta";"Não";1;0;1;0;0;0;1;1;-19,80945315;-47,90078523;"SPRF-MG";"DEL13-MG";"UOP01-DEL13-MG"
520619;2023-05-02;"terça-feira";"11:20:00";"PI";343;1,1;"LUIS CORREIA";"Reação tardia ou ineficiente do condutor";"Queda de ocupante de veículo";"Com Vítimas Feridas";"Pleno dia";"Crescente";"Céu Claro";"Dupla";"Reta";"Sim";1;0;1;0;0;0;1;1;-2,890292;-41,667423;"SPRF-PI";"DEL05-PI";"UOP01-DEL05-PI"
520620;2023-05-02;"terça-feira";"12:33:00";"MG";116;274,9;"TEOFILO OTONI";"Acessar a via sem observar a presença dos outros veículos";"Colisão transversal";"Com Vítimas Feridas";"Pleno dia";"Crescente";"Céu Claro";"Simples";"Reta";"Sim";4;0;1;1;2;0;2;2;-17,83384514;-41,51094368;"SPRF-MG";"DEL11-MG";"UOP01-DEL11-MG"
520621;2023-04-04;"terça-feira";"06:28:00";"DF";20;14,4;"BRASILIA";"Reação tardia ou ineficiente do condutor";"Colisão lateral mesmo sentido";"Com Vítimas Feridas";"Pleno dia";"Decrescente";"Ignorado";"Dupla";"Aclive;Reta";"Não";4;0;0;2;2;0;2;3;-15,634938;-47,741241;"SPRF-DF";"DEL02-DF";"UOP01-DEL02-DF"
520622;2023-05-02;"terça-feira";"13:10:00";"SC";480;127;"CHAPECO";"Desrespeitar a preferência no cruzamento";"Colisão frontal";"Com Vítimas Feridas";"Pleno dia";"Crescente";"Céu Claro";"Simples";"Reta;Interseção de Vias";"Sim";2;0;1;0;1;0;1;2;-27,02885905;-52,63380035;"SPRF-SC";"DEL07-SC";"UOP01-DEL07-SC"
520623;2023-05-02;"terça-feira";"13:45:00";"MG";381;342;"BELA VISTA DE MINAS";"Transitar na contramão";"Colisão frontal";"Com Vítimas Feridas";"Pleno dia";"Crescente";"Céu Claro";"Simples";"Retorno Regulamentado;Reta";"Sim";4;0;2;0;2;0;2;2;-19,84367404;-43,09675598;"SPRF-MG";"DEL03-MG";"UOP01-DEL03-MG"
520624;2023-05-02;"terça-feira";"11:10:00";"PI";316;312;"PICOS";"Acessar a via sem observar a presença dos outros veículos";"Colisão transversal";"Com Vítimas Feridas";"Pleno dia";"Crescente";"Sol";"Simples";"Reta";"Sim";2;0;1;0;1;0;1;2;-7,08092534;-41,4582602;"SPRF-PI";"DEL04-PI";"UOP01-DEL04-PI"
520625;2023-05-02;"terça-feira";"14:00:00";"ES";262;107;"VENDA NOVA DO IMIGRANTE";"Acumulo de areia ou detritos sobre o pavimento";"Queda de ocupante de veículo";"Com Vítimas Feridas";"Pleno dia";"Crescente";"Nublado";"Simples";"Reta";"Sim";1;0;1;0;0;0;1;1;-20,32991844;-41,15343646;"SPRF-ES";"DEL01-ES";"UOP02-DEL01-ES"
520626;2023-05-02;"terça-feira";"13:28:00";"RJ";116;269,2;"BARRA MANSA";"Demais falhas mecânicas ou elétricas";"Incêndio";"Sem Vítimas";"Pleno dia";"Crescente";"Céu Claro";"Dupla";"Curva;Declive";"Não";1;0;0;0;1;0;0;1;-22,57510092;-44,11542461;"SPRF-RJ";"DEL07-RJ";"UOP02-DEL07-RJ"
520629;2023-05-02;"terça-feira";"12:45:00";"MG";116;763;"LEOPOLDINA";"Condutor deixou de manter distância do veículo da frente";"Colisão traseira";"Com Vítimas Feridas";"Pleno dia";"Crescente";"Céu Claro";"Simples";"Reta";"Sim";3;0;1;0;2;0;1;3;-21,52635545;-42,63256914;"SPRF-MG";"DEL07-MG";"UOP01-DEL07-MG"
520630;2023-05-02;"terça-feira";"14:50:00";"ES";259;64,7;"COLATINA";"Acessar a via sem observar a presença dos outros veículos";"Colisão transversal";"Com Vítimas Feridas";"Pleno dia";"Crescente";"Nublado";"Simples";"Reta";"Não";2;0;0;1;1;0;1;2;-19,52282295;-40,70687198;"SPRF-ES";"DEL02-ES";"UOP01-DEL02-ES"
520631;2023-05-02;"terça-feira";"14:55:00";"SC";101;210;"SAO JOSE";"Ausência de reação do condutor";"Colisão traseira";"Com Vítimas Feridas";"Pleno dia";"Crescente";"Céu Claro";"Dupla";"Reta";"Sim";2;0;1;0;1;0;1;2;-27,6167305;-48,6457265;"SPRF-SC";"DEL01-SC";"UOP01-DEL01-SC"
520634;2023-05-02;"terça-feira";"14:40:00";"SC";101;56;"ARAQUARI";"Condutor deixou de manter distância do veículo da frente";"Colisão traseira";"Com Vítimas Feridas";"Pleno dia";"Crescente";"Sol";"Dupla";"Reta";"Sim";2;0;1;0;1;0;1;2;-26,43207484;-48,82263984;"SPRF-SC";"DEL03-SC";"UOP01-DEL03-SC"
520635;2023-05-02;"terça-feira";"11:30:00";"MT";174;91,7;"CACERES";"Demais falhas mecânicas ou elétricas";"Saída de leito carroçável";"Com Vítimas Feridas";"Pleno dia";"Crescente";"Céu Claro";"Simples";"Reta";"Não";1;0;1;0;0;0;1;1;-15,89916998;-57,81388698;"SPRF-MT";"DEL03-MT";"UOP01-DEL03-MT"
520637;2023-05-02;"terça-feira";"11:20:00";"SC";101;411;"ARARANGUA";"Acessar a via sem observar a presença dos outros veículos";"Colisão transversal";"Com Vítimas Feridas";"Pleno dia";"Decrescente";"Nublado";"Simples";"Reta;Interseção de Vias";"Sim";2;0;0;1;1;0;1;2;-28,93112097;-49,4940421;"SPRF-SC";"DEL02-SC";"UOP02-DEL02-SC"
520639;2023-05-02;"terça-feira";"16:00:00";"ES";101;15;"PEDRO CANARIO";"Acessar a via sem observar a presença dos outros veículos";"Colisão transversal";"Com Vítimas Feridas";"Pleno dia";"Crescente";"Céu Claro";"Simples";"Reta;Interseção de Vias";"Sim";2;0;1;0;1;0;1;2;-18,29002497;-39,95475507;"SPRF-ES";"DEL04-ES";"UOP02-DEL04-ES"
520641;2023-05-02;"terça-feira";"13:45:00";"PR";277;312;"PRUDENTOPOLIS";"Transitar na contramão";"Colisão frontal";"Com Vítimas Feridas";"Pleno dia";"Crescente";"Céu Claro";"Simples";"Reta";"Não";3;0;1;2;0;0;3;2;-25,336922;-51,215798;"SPRF-PR";"DEL08-PR";"UOP01-DEL08-PR"
520642;2023-04-22;"sábado";"18:00:00";"RS";116;114,9;"SAO MARCOS";"Reação tardia ou ineficiente do condutor";"Colisão transversal";"Com Vítimas Feridas";"Anoitecer";"Decrescente";"Céu Claro";"Simples";"Rotatória;Interseção de Vias";"Sim";2;0;1;0;1;0;1;2;-28,97000117;-51,07130885;"SPRF-RS";"DEL05-RS";"UOP01-DEL05-RS"
520644;2023-05-02;"terça-feira";"15:53:00";"SC";101;138,8;"BALNEARIO CAMBORIU";"Reação tardia ou ineficiente do condutor";"Colisão com objeto";"Com Vítimas Feridas";"Pleno dia";"Crescente";"Céu Claro";"Múltipla";"Curva";"Não";1;0;1;0;0;0;1;1;-27,02397426;-48,60761649;"SPRF-SC";"DEL04-SC";"UOP03-DEL04-SC"
520645;2023-05-02;"terça-feira";"10:20:00";"SC";101;204;"SAO JOSE";"Condutor deixou de manter distância do veículo da frente";"Colisão traseira";"Sem Vítimas";"Pleno dia";"Crescente";"Sol";"Múltipla";"Reta";"Sim";2;0;0;0;2;0;0;2;-27,57413014;-48,61363083;"SPRF-SC";"DEL01-SC";"UOP01-DEL01-SC"
520648;2023-05-02;"terça-feira";"16:30:00";"SP";116;215;"GUARULHOS";"Manobra de mudança de faixa";"Colisão lateral mesmo sentido";"Com Vítimas Feridas";"Pleno dia";"Crescente";"Garoa/Chuvisco";"Dupla";"Reta";"Sim";2;0;1;0;0;1;1;2;-23,44695693;-46,45394103;"SPRF-SP";"DEL01-SP";"UOP01-DEL01-SP"
520649;2023-05-02;"terça-feira";"11:20:00";"SC";101;360,8;"SANGAO";"Reação tardia ou ineficiente do condutor";"Saída de leito carroçável";"Com Vítimas Feridas";"Pleno dia";"Decrescente";"Céu Claro";"Simples";"Curva;Declive";"Sim";1;0;0;1;0;0;1;1;-28,67137681;-49,1219759;"SPRF-SC";"DEL02-SC";"UOP01-DEL02-SC"
520650;2023-05-02;"terça-feira";"17:00:00";"PR";116;69;"CAMPINA GRANDE DO SUL";"Reação tardia ou ineficiente do condutor";"Colisão com objeto";"Com Vítimas Feridas";"Anoitecer";"Crescente";"Céu Claro";"Dupla";"Aclive;Reta";"Não";1;0;1;0;0;0;1;1;-25,33112288;-49,03156015;"SPRF-PR";"DEL01-PR";"UOP02-DEL01-PR"
520651;2023-04-10;"segunda-feira";"07:10:00";"RS";116;240;"NOVO HAMBURGO";"Trafegar com motocicleta (ou similar) entre as faixas";"Colisão lateral mesmo sentido";"Com Vítimas Feridas";"Pleno dia";"Decrescente";"Céu Claro";"Dupla";"Reta;Aclive;Em Obras";"Sim";2;0;0;1;1;0;1;2;-29,70308135;-51,14643469;"SPRF-RS";"DEL01-RS";"UOP02-DEL01-RS"
520652;2023-05-02;"terça-feira";"16:40:00";"SE";235;1;"ARACAJU";"Condutor deixou de manter distância do veículo da frente";"Colisão lateral mesmo sentido";"Com Vítimas Feridas";"Pleno dia";"Crescente";"Nublado";"Dupla";"Reta;Em Obras";"Sim";3;0;1;0;2;0;1;3;-10,9073;-37,0947;"SPRF-SE";"DEL01-SE";"UOP01-DEL01-SE"
520653;2023-05-02;"terça-feira";"13:44:00";"RS";290;36;"SANTO ANTONIO DA PATRULHA";"Ausência de reação do condutor";"Queda de ocupante de veículo";"Com Vítimas Feridas";"Pleno dia";"Decrescente";"Chuva";"Múltipla";"Reta";"Não";1;0;1;0;0;0;1;1;-29,884756;-50,61729;"SPRF-RS";"DEL03-RS";"UOP01-DEL03-RS"
520654;2023-05-02;"terça-feira";"17:50:00";"SC";101;199,4;"BIGUACU";"Velocidade Incompatível";"Tombamento";"Com Vítimas Feridas";"Anoitecer";"Decrescente";"Céu Claro";"Dupla";"Reta;Declive";"Sim";1;0;1;0;0;0;1;1;-27,53413705;-48,63003205;"SPRF-SC";"DEL01-SC";"UOP01-DEL01-SC"
520656;2023-03-31;"sexta-feira";"20:35:00";"RS";290;438,6;"SAO GABRIEL";"Velocidade Incompatível";"Saída de leito carroçável";"Com Vítimas Feridas";"Plena Noite";"Crescente";"Céu Claro";"Simples";"Curva";"Não";3;0;3;0;0;0;3;1;-30,25876;-54,497643;"SPRF-RS";"DEL11-RS";"UOP02-DEL11-RS"
520657;2023-05-02;"terça-feira";"17:38:00";"DF";40;2,3;"BRASILIA";"Manobra de mudança de faixa";"Colisão lateral mesmo sentido";"Com Vítimas Feridas";"Plena Noite";"Crescente";"Céu Claro";"Dupla";"Reta";"Não";4;0;2;0;2;0;2;3;-15,99435;-47,985947;"SPRF-DF";"DEL01-DF";"UOP01-DEL01-DF"
520660;2023-05-02;"terça-feira";"18:00:00";"SC";101;207;"SAO JOSE";"Condutor deixou de manter distância do veículo da frente";"Colisão traseira";"Com Vítimas Feridas";"Anoitecer";"Decrescente";"Nublado";"Múltipla";"Aclive;Reta";"Sim";2;0;1;0;1;0;1;2;-27,60001226;-48,6226467;"SPRF-SC";"DEL01-SC";"UOP01-DEL01-SC"
520661;2023-05-02;"terça-feira";"18:15:00";"SP";116;211;"GUARULHOS";"Reação tardia ou ineficiente do condutor";"Colisão lateral mesmo sentido";"Com Vítimas Feridas";"Anoitecer";"Decrescente";"Céu Claro";"Múltipla";"Reta";"Sim";2;0;1;0;0;1;1;2;-23,4324306;-46,4194352;"SPRF-SP";"DEL01-SP";"UOP01-DEL01-SP"
520662;2023-05-02;"terça-feira";"11:40:00";"BA";110;190;"RIBEIRA DO AMPARO";"Demais falhas mecânicas ou elétricas";"Queda de ocupante de veículo";"Com Vítimas Fatais";"Pleno dia";"Crescente";"Sol";"Simples";"Curva";"Não";2;1;1;0;0;0;1;1;-11,020619;-38,51474442;"SPRF-BA";"DEL07-BA";"UOP02-DEL07-BA"
520663;2023-05-02;"terça-feira";"18:20:00";"SP";116;216;"GUARULHOS";"Condutor deixou de manter distância do veículo da frente";"Queda de ocupante de veículo";"Com Vítimas Feridas";"Plena Noite";"Decrescente";"Nublado";"Múltipla";"Reta;Aclive";"Não";1;0;0;1;0;0;1;1;-23,45056589;-46,46258105;"SPRF-SP";"DEL01-SP";"UOP01-DEL01-SP"
520664;2023-05-02;"terça-feira";"18:00:00";"PR";376;168;"MARINGA";"Frear bruscamente";"Eventos atípicos";"Com Vítimas Feridas";"Anoitecer";"Decrescente";"Céu Claro";"Dupla";"Reta;Interseção de Vias";"Não";2;0;0;1;0;1;1;2;-23,39327;-52,00952;"SPRF-PR";"DEL09-PR";"UOP01-DEL09-PR"