"id";"data_inversa";"dia_semana";"horario";"uf";"br";"km";"municipio";"causa_acidente";"tipo_acidente";"classificacao_acidente";"fase_dia";"sentido_via";"condicao_metereologica";"tipo_pista";"tracado_via";"uso_solo";"pessoas";"mortos";"feridos_leves";"feridos_graves";"ilesos";"ignorados";"feridos";"veiculos";"latitude";"longitude";"regional";"delegacia";"uop"
520913;2023-05-04;"quinta-feira";"05:00:00";"PE";101;69;"RECIFE";"Condutor deixou de manter distância do veículo da frente";"Colisão traseira";"Com Vítimas Feridas";"Amanhecer";"Crescente";"Chuva";"Dupla";"Reta";"Não";2;0;1;0;1;0;1;2;-8,05951606;-34,94581024;"SPRF-PE";"DEL01-PE";"UOP01-DEL01-PE"
520915;2023-05-04;"quinta-feira";"06:45:00";"ES";101;304,5;"VIANA";"Condutor deixou de manter distância do veículo da frente";"Colisão traseira";"Com Vítimas Feridas";"Pleno dia";"Crescente";"Céu Claro";"Dupla";"Reta";"Não";3;0;1;0;2;0;1;2;-20,3800645;-40,45431391;"SPRF-ES";"DEL01-ES";"UOP01-DEL01-ES"
520916;2023-05-03;"quarta-feira";"23:10:00";"RS";392;255;"CACAPAVA DO SUL";"Ingestão de álcool pelo condutor";"Saída de leito carroçável";"Sem Vítimas";"Plena Noite";"Crescente";"Chuva";"Múltipla";"Declive";"Não";1;0;0;0;1;0;0;1;-30,434884;-53,50004801;"SPRF-RS";"DEL09-RS";"UOP02-DEL09-RS"
520917;2023-05-04;"quinta-feira";"02:30:00";"MG";262;442;"NOVA SERRANA";"Velocidade Incompatível";"Capotamento";"Com Vítimas Feridas";"Plena Noite";"Decrescente";"Céu Claro";"Dupla";"Reta";"Não";4;0;3;1;0;0;4;1;-19,8806236;-44,91232265;"SPRF-MG";"DEL08-MG";"UOP03-DEL08-MG"
520918;2023-05-03;"quarta-feira";"11:50:00";"RS";472;577;"URUGUAIANA";"Ausência de reação do condutor";"Saída de leito carroçável";"Sem Vítimas";"Pleno dia";"Crescente";"Nublado";"Simples";"Reta";"Não";2;0;0;0;2;0;0;1;-29,78077667;-57,06512851;"SPRF-RS";"DEL13-RS";"UOP01-DEL13-RS"
520919;2023-05-04;"quinta-feira";"07:40:00";"PB";230;23,9;"JOAO PESSOA";"Manobra de mudança de faixa";"Tombamento";"Com Vítimas Feridas";"Pleno dia";"Decrescente";"Céu Claro";"Dupla";"Reta";"Sim";2;0;1;1;0;0;2;1;-7,1562;-34,8574;"SPRF-PB";"DEL01-PB";"UOP01-DEL01-PB"
520920;2023-05-04;"quinta-feira";"07:30:00";"RJ";101;316;"SAO GONCALO";"Acessar a via sem observar a presença dos outros veículos";"Colisão lateral mesmo sentido";"Com Vítimas Feridas";"Pleno dia";"Crescente";"Céu Claro";"Dupla";"Reta";"Não";3;0;2;0;0;1;2;2;-22,82835879;-43,09208739;"SPRF-RJ";"DEL02-RJ";"UOP02-DEL02-RJ"
520921;2023-05-04;"quinta-feira";"07:30:00";"SC";101;142,3;"ITAPEMA";"Reação tardia ou ineficiente do condutor";"Colisão com objeto";"Com Vítimas Feridas";"Pleno dia";"Crescente";"Garoa/Chuvisco";"Simples";"Curva";"Sim";1;0;0;1;0;0;1;1;-27,056089;-48,599449;"SPRF-SC";"DEL04-SC";"UOP03-DEL04-SC"
520923;2023-05-04;"quinta-feira";"07:05:00";"MG";40;551,3;"NOVA LIMA";"Condutor deixou de manter distância do veículo da frente";"Colisão traseira";"Com Vítimas Feridas";"Pleno dia";"Crescente";"Céu Claro";"Dupla";"Curva";"Sim";2;0;1;0;1;0;1;2;-20,05411435;-43,97101875;"SPRF-MG";"DEL01-MG";"UOP02-DEL01-MG"
520924;2023-05-04;"quinta-feira";"07:30:00";"GO";153;506;"APARECIDA DE GOIANIA";"Condutor deixou de manter distância do veículo da frente";"Colisão traseira";"Com Vítimas Feridas";"Pleno dia";"Decrescente";"Céu Claro";"Dupla";"Declive";"Sim";3;0;2;0;1;0;2;2;-16,7633;-49,24;"SPRF-GO";"DEL01-GO";"UOP01-DEL01-GO"
520925;2023-05-04;"quinta-feira";"07:20:00";"RJ";101;197;"CASIMIRO DE ABREU";"Reação tardia ou ineficiente do condutor";"Atropelamento de Pedestre";"Com Vítimas Feridas";"Pleno dia";"Decrescente";"Céu Claro";"Dupla";"Curva;Interseção de Vias;Declive";"Não";4;0;0;1;3;0;1;3;-22,49157051;-42,11796332;"SPRF-RJ";"DEL08-RJ";"UOP04-DEL08-RJ"
520927;2023-05-04;"quinta-feira";"06:50:00";"BA";116;19;"VITORIA DA CONQUISTA";"Acessar a via sem observar a presença dos outros veículos";"Colisão transversal";"Com Vítimas Feridas";"Pleno dia";"Decrescente";"Céu Claro";"Simples";"Reta";"Não";3;0;2;1;0;0;3;2;-14,896391;-40,827013;"SPRF-BA";"DEL08-BA";"UOP01-DEL08-BA"
520929;2023-05-04;"quinta-feira";"08:35:00";"MG";40;463;"SETE LAGOAS";"Condutor deixou de manter distância do veículo da frente";"Colisão traseira";"Com Vítimas Feridas";"Pleno dia";"Crescente";"Céu Claro";"Dupla";"Declive";"Não";3;0;2;0;1;0;2;2;-19,42224803;-44,33870213;"SPRF-MG";"DEL02-MG";"UOP01-DEL02-MG"
520930;2023-05-04;"quinta-feira";"08:23:00";"CE";116;5;"FORTALEZA";"Reação tardia ou ineficiente do condutor";"Colisão traseira";"Com Vítimas Feridas";"Pleno dia";"Crescente";"Chuva";"Múltipla";"Reta";"Sim";2;0;0;1;1;0;1;2;-3,79467116;-38,50772734;"SPRF-CE";"DEL01-CE";"UOP02-DEL01-CE"
520932;2023-05-04;"quinta-feira";"07:40:00";"RN";101;85,9;"NATAL";"Reação tardia ou ineficiente do condutor";"Tombamento";"Com Vítimas Feridas";"Pleno dia";"Decrescente";"Chuva";"Dupla";"Reta;Em Obras;Desvio Temporário;Ponte";"Sim";2;0;2;0;0;0;2;2;-5,777664;-35,24937;"SPRF-RN";"DEL02-RN";"UOP01-DEL02-RN"
520933;2023-05-04;"quinta-feira";"07:29:00";"RO";364;236,6;"CACOAL";"Condutor desrespeitou a iluminação vermelha do semáforo";"Colisão transversal";"Com Vítimas Feridas";"Pleno dia";"Crescente";"Céu Claro";"Simples";"Reta;Retorno Regulamentado;Interseção de Vias";"Sim";2;0;0;1;1;0;1;2;-11,44587672;-61,43784993;"SPRF-RO";"DEL02-RO";"UOP02-DEL02-RO"
520934;2023-05-04;"quinta-feira";"07:50:00";"RO";364;705;"PORTO VELHO";"Acessar a via sem observar a presença dos outros veículos";"Colisão traseira";"Com Vítimas Feridas";"Pleno dia";"Crescente";"Céu Claro";"Dupla";"Reta";"Não";3;0;3;0;0;0;3;2;-8,80031556;-63,813994;"SPRF-RO";"DEL01-RO";"UOP01-DEL01-RO"
520935;2023-05-04;"quinta-feira";"07:20:00";"MG";40;520,1;"CONTAGEM";"Ausência de reação do condutor";"Colisão traseira";"Com Vítimas Feridas";"Pleno dia";"Crescente";"Céu Claro";"Dupla";"Reta";"Não";2;0;0;1;1;0;1;2;-19,85651501;-44,07213222;"SPRF-MG";"DEL01-MG";"UOP02-DEL01-MG"
520936;2023-05-04;"quinta-feira";"08:40:00";"BA";324;613;"SALVADOR";"Condutor deixou de manter distância do veículo da frente";"Colisão traseira";"Com Vítimas Feridas";"Pleno dia";"Crescente";"Nublado";"Dupla";"Reta";"Sim";2;0;1;0;1;0;1;2;-12,85531601;-38,42055197;"SPRF-BA";"DEL01-BA";"UOP01-DEL01-BA"
520938;2023-05-04;"quinta-feira";"07:40:00";"SE";101;99;"SAO CRISTOVAO";"Acumulo de água sobre o pavimento";"Colisão com objeto";"Sem Vítimas";"Pleno dia";"Crescente";"Chuva";"Dupla";"Aclive;Curva";"Não";1;0;0;0;1;0;0;1;-10,93360681;-37,18950023;"SPRF-SE";"DEL02-SE";"UOP01-DEL02-SE"
520940;2023-05-04;"quinta-feira";"06:39:00";"GO";70;49,9;"COCALZINHO DE GOIAS";"Ausência de reação do condutor";"Saída de leito carroçável";"Com Vítimas Feridas";"Amanhecer";"Crescente";"Céu Claro";"Simples";"Curva;Declive";"Não";1;0;1;0;0;0;1;1;-15,75043995;-48,60753043;"SPRF-DF";"DEL03-DF";"UOP02-DEL03-DF"
520941;2023-05-04;"quinta-feira";"07:30:00";"RO";319;59;"PORTO VELHO";"Ausência de reação do condutor";"Colisão traseira";"Com Vítimas Feridas";"Pleno dia";"Crescente";"Céu Claro";"Dupla";"Reta";"Sim";2;0;1;0;1;0;1;2;-8,74077617;-63,89401674;"SPRF-RO";"DEL01-RO";"UOP01-DEL01-RO"
520942;2023-05-04;"quinta-feira";"10:15:00";"SP";116;227;"SAO PAULO";"Trafegar com motocicleta (ou similar) entre as faixas";"Colisão traseira";"Com Vítimas Feridas";"Pleno dia";"Crescente";"Céu Claro";"Múltipla";"Reta;Declive";"Sim";2;0;1;0;1;0;1;2;-23,49659264;-46,55648754;"SPRF-SP";"DEL01-SP";"UOP01-DEL01-SP"
520943;2023-04-13;"quinta-feira";"08:40:00";"RS";116;263;"CANOAS";"Reação tardia ou ineficiente do condutor";"Colisão traseira";"Com Vítimas Feridas";"Pleno dia";"Crescente";"Garoa/Chuvisco";"Dupla";"Reta";"Sim";2;0;0;1;1;0;1;2;-29,896475;-51,17593;"SPRF-RS";"DEL01-RS";"UOP01-DEL01-RS"
520944;2023-04-01;"sábado";"22:00:00";"RS";386;443;"CANOAS";"Reação tardia ou ineficiente do condutor";"Tombamento";"Com Vítimas Feridas";"Plena Noite";"Decrescente";"Céu Claro";"Simples";"Reta";"Não";3;0;0;2;0;1;2;2;-29,889194;-51,213398;"SPRF-RS";"DEL01-RS";"UOP01-DEL01-RS"
520945;2023-05-04;"quinta-feira";"08:40:00";"PE";232;29,7;"MORENO";"Ausência de reação do condutor";"Colisão traseira";"Com Vítimas Feridas";"Pleno dia";"Crescente";"Céu Claro";"Dupla";"Reta";"Não";2;0;1;0;1;0;1;2;-8,111269;-35,143135;"SPRF-PE";"DEL01-PE";"UOP01-DEL01-PE"
520946;2023-04-09;"domingo";"18:50:00";"RS";116;270;"CANOAS";"Manobra de mudança de faixa";"Colisão lateral mesmo sentido";"Com Vítimas Feridas";"Plena Noite";"Decrescente";"Céu Claro";"Múltipla";"Reta";"Sim";4;0;0;1;2;1;1;4;-29,96839095;-51,17623895;"SPRF-RS";"DEL01-RS";"UOP01-DEL01-RS"
520947;2023-05-04;"quinta-feira";"10:45:00";"TO";153;700,8;"CARIRI DO TOCANTINS";"Reação tardia ou ineficiente do condutor";"Colisão traseira";"Com Vítimas Feridas";"Pleno dia";"Crescente";"Céu Claro";"Simples";"Reta";"Não";4;0;2;0;1;1;2;2;-11,95274294;-49,19557211;"SPRF-TO";"DEL01-TO";"UOP02-DEL01-TO"
520950;2023-05-04;"quinta-feira";"11:20:00";"PR";277;724;"FOZ DO IGUACU";"Desrespeitar a preferência no cruzamento";"Colisão transversal";"Com Vítimas Feridas";"Pleno dia";"Crescente";"Céu Claro";"Dupla";"Retorno Regulamentado";"Sim";2;0;1;0;1;0;1;2;-25,50257577;-54,53868311;"SPRF-PR";"DEL05-PR";"UOP03-DEL05-PR"
520952;2023-05-04;"quinta-feira";"11:13:00";"RJ";101;278;"TANGUA";"Reação tardia ou ineficiente do condutor";"Capotamento";"Com Vítimas Feridas";"Pleno dia";"Decrescente";"Céu Claro";"Dupla";"Reta";"Não";1;0;1;0;0;0;1;1;-22,74024136;-42,75799897;"SPRF-RJ";"DEL02-RJ";"UOP03-DEL02-RJ"
520954;2023-05-04;"quinta-feira";"10:50:00";"MG";153;23,1;"CENTRALINA";"Avarias e/ou desgaste excessivo no pneu";"Saída de leito carroçável";"Com Vítimas Fatais";"Pleno dia";"Decrescente";"Sol";"Dupla";"Reta;Declive";"Não";48;3;17;3;25;0;20;2;-18,622869;-49,187763;"SPRF-MG";"DEL15-MG";"UOP03-DEL15-MG"
520955;2023-05-04;"quinta-feira";"12:00:00";"SP";153;158;"PROMISSAO";"Reação tardia ou ineficiente do condutor";"Saída de leito carroçável";"Com Vítimas Feridas";"Pleno dia";"Decrescente";"Céu Claro";"Simples";"Reta";"Não";2;0;2;0;0;0;2;1;-21,48929697;-49,77999964;"SPRF-SP";"DEL07-SP";"UOP01-DEL07-SP"
520957;2023-05-04;"quinta-feira";"11:50:00";"SP";116;158;"JACAREI";"Reação tardia ou ineficiente do condutor";"Colisão com objeto";"Com Vítimas Feridas";"Pleno dia";"Decrescente";"Céu Claro";"Simples";"Curva;Declive;Retorno Regulamentado";"Sim";1;0;0;1;0;0;1;1;-23,26072137;-45,95179176;"SPRF-SP";"DEL02-SP";"UOP01-DEL02-SP"
520958;2023-05-04;"quinta-feira";"10:00:00";"MG";116;498;"INHAPIM";"Condutor deixou de manter distância do veículo da frente";"Colisão traseira";"Sem Vítimas";"Pleno dia";"Crescente";"Sol";"Simples";"Aclive;Curva";"Não";2;0;0;0;2;0;0;2;-19,54476495;-42,12568405;"SPRF-MG";"DEL06-MG";"UOP02-DEL06-MG"
520960;2023-05-04;"quinta-feira";"12:40:00";"MG";116;701,2;"MURIAE";"Desrespeitar a preferência no cruzamento";"Colisão transversal";"Com Vítimas Feridas";"Pleno dia";"Crescente";"Sol";"Simples";"Interseção de Vias";"Sim";4;0;2;1;1;0;3;2;-21,11084891;-42,3806104;"SPRF-MG";"DEL07-MG";"UOP02-DEL07-MG"
520961;2023-05-04;"quinta-feira";"12:30:00";"RJ";116;147;"DUQUE DE CAXIAS";"Condutor deixou de manter distância do veículo da frente";"Engavetamento";"Sem Vítimas";"Pleno dia";"Decrescente";"Céu Claro";"Simples";"Aclive";"Sim";4;0;0;0;4;0;0;4;-22,66978425;-43,27286493;"SPRF-RJ";"DEL01-RJ";"UOP01-DEL01-RJ"
520964;2023-05-04;"quinta-feira";"11:00:00";"PA";155;305;"MARABA";"Ausência de reação do condutor";"Saída de leito carroçável";"Com Vítimas Fatais";"Pleno dia";"Crescente";"Céu Claro";"Simples";"Reta";"Não";2;1;0;0;0;1;0;2;-5,69507797;-49,12021804;"SPRF-PA";"DEL03-PA";"UOP01-DEL03-PA"
520965;2023-05-04;"quinta-feira";"08:00:00";"MG";354;735,8;"POUSO ALTO";"Acessar a via sem observar a presença dos outros veículos";"Colisão lateral mesmo sentido";"Com Vítimas Feridas";"Pleno dia";"Crescente";"Céu Claro";"Simples";"Reta";"Não";2;0;1;0;1;0;1;2;-22,19714736;-44,97370547;"SPRF-MG";"DEL17-MG";"UOP01-DEL17-MG"
520968;2023-03-02;"quinta-feira";"03:15:00";"RS";116;267;"CANOAS";"Acesso irregular";"Queda de ocupante de veículo";"Com Vítimas Feridas";"Plena Noite";"Decrescente";"Céu Claro";"Múltipla";"Reta";"Sim";1;0;1;0;0;0;1;1;-29,94142398;-51,17697062;"SPRF-RS";"DEL01-RS";"UOP01-DEL01-RS"
520970;2023-05-04;"quinta-feira";"10:40:00";"RO";364;346;"JI-PARANA";"Acessar a via sem observar a presença dos outros veículos";"Colisão transversal";"Com Vítimas Feridas";"Pleno dia";"Crescente";"Céu Claro";"Simples";"Reta;Interseção de Vias";"Sim";2;0;0;1;1;0;1;2;-10,865874;-61,968647;"SPRF-RO";"DEL02-RO";"UOP01-DEL02-RO"
520971;2023-03-25;"sábado";"07:50:00";"SC";101;120,8;"ITAJAI";"Pista Escorregadia";"Tombamento";"Com Vítimas Feridas";"Pleno dia";"Crescente";"Ignorado";"Simples";"Curva;Viaduto";"Não";1;0;1;0;0;0;1;1;-26,91953308;-48,71086836;"SPRF-SC";"DEL04-SC";"UOP04-DEL04-SC"
520972;2023-05-04;"quinta-feira";"07:00:00";"MT";70;184;"GENERAL CARNEIRO";"Pista esburacada";"Saída de leito carroçável";"Com Vítimas Feridas";"Pleno dia";"Crescente";"Céu Claro";"Simples";"Declive";"Não";5;0;3;1;1;0;4;1;-15,69182115;-53,60917778;"SPRF-MT";"DEL05-MT";"UOP01-DEL05-MT"
520973;2023-05-04;"quinta-feira";"11:30:00";"RO";364;13;"VILHENA";"Desrespeitar a preferência no cruzamento";"Colisão transversal";"Com Vítimas Feridas";"Pleno dia";"Crescente";"Céu Claro";"Dupla";"Rotatória";"Sim";2;0;1;0;1;0;1;2;-12,74140004;-60,13026401;"SPRF-RO";"DEL04-RO";"UOP01-DEL04-RO"
520974;2023-05-04;"quinta-feira";"08:45:00";"RS";285;424,5;"PANAMBI";"Ausência de reação do condutor";"Saída de leito carroçável";"Com Vítimas Feridas";"Pleno dia";"Decrescente";"Garoa/Chuvisco";"Simples";"Reta";"Não";1;0;1;0;0;0;1;1;-28,32761;-53,588711;"SPRF-RS";"DEL10-RS";"UOP01-DEL10-RS"
520976;2023-03-05;"domingo";"18:45:00";"SC";101;72;"ARAQUARI";"Condutor deixou de manter distância do veículo da frente";"Colisão traseira";"Com Vítimas Feridas";"Plena Noite";"Decrescente";"Chuva";"Múltipla";"Reta";"Não";2;0;1;0;1;0;1;2;-26,52700004;-48,71551117;"SPRF-SC";"DEL03-SC";"UOP02-DEL03-SC"
520977;2023-05-04;"quinta-feira";"13:40:00";"SP";116;283;"EMBU DAS ARTES";"Transitar na contramão";"Colisão frontal";"Com Vítimas Feridas";"Pleno dia";"Decrescente";"Céu Claro";"Dupla";"Reta";"Sim";2;0;1;0;1;0;1;2;-23,67558442;-46,85656255;"SPRF-SP";"DEL04-SP";"UOP01-DEL04-SP"
520978;2023-05-04;"quinta-feira";"11:15:00";"MG";365;156;"PIRAPORA";"Reação tardia ou ineficiente do condutor";"Colisão traseira";"Com Vítimas Feridas";"Pleno dia";"Crescente";"Sol";"Simples";"Reta";"Não";4;0;2;0;1;1;2;3;-17,33324402;-44,89769078;"SPRF-MG";"DEL10-MG";"UOP02-DEL010-MG"
520982;2023-05-04;"quinta-feira";"13:40:00";"MS";163;242,8;"DOURADOS";"Acesso irregular";"Colisão transversal";"Com Vítimas Feridas";"Pleno dia";"Decrescente";"Céu Claro";"Simples";"Reta";"Não";6;0;2;0;4;0;2;2;-22,37336293;-54,79537285;"SPRF-MS";"DEL04-MS";"UOP02-DEL04-MS"
520983;2023-04-27;"quinta-feira";"06:30:00";"RJ";101;385;"RIO DE JANEIRO";"Condutor deixou de manter distância do veículo da frente";"Colisão traseira";"Com Vítimas Feridas";"Pleno dia";"Decrescente";"Ignorado";"Dupla";"Reta";"Sim";3;0;1;0;1;1;1;2;-22,88064129;-43,63218994;"SPRF-RJ";"DEL03-RJ";"UOP01-DEL03-RJ"
520985;2023-04-14;"sexta-feira";"15:05:00";"MG";381;480;"BETIM";"Manobra de mudança de faixa";"Colisão traseira";"Com Vítimas Feridas";"Pleno dia";"Crescente";"Ignorado";"Dupla";"Reta";"Sim";2;0;1;0;0;1;1;2;-19,95749597;-44,07899901;"SPRF-MG";"DEL01-MG";"UOP03-DEL01-MG"
520987;2023-05-04;"quinta-feira";"14:50:00";"AL";101;131;"SAO MIGUEL DOS CAMPOS";"Demais falhas mecânicas ou elétricas";"Colisão traseira";"Sem Vítimas";"Pleno dia";"Decrescente";"Céu Claro";"Simples";"Aclive";"Não";4;0;0;0;4;0;0;2;-9,74963266;-36,06531248;"SPRF-AL";"DEL02-AL";"UOP01-DEL02-AL"
520988;2023-05-04;"quinta-feira";"12:00:00";"MG";40;628,1;"CONSELHEIRO LAFAIETE";"Conversão proibida";"Tombamento";"Com Vítimas Feridas";"Pleno dia";"Crescente";"Sol";"Simples";"Reta;Interseção de Vias";"Sim";2;0;1;0;0;1;1;2;-20,64953971;-43,80956682;"SPRF-MG";"DEL05-MG";"UOP02-DEL05-MG"
520990;2023-04-21;"sexta-feira";"05:07:00";"CE";20;396;"CAUCAIA";"Ausência de reação do condutor";"Colisão frontal";"Com Vítimas Fatais";"Amanhecer";"Decrescente";"Céu Claro";"Simples";"Reta";"Não";3;1;1;0;1;0;1;2;-3,82080051;-38,74413239;"SPRF-CE";"DEL01-CE";"UOP01-DEL01-CE"
520992;2023-05-04;"quinta-feira";"11:20:00";"MA";230;405;"BALSAS";"Acessar a via sem observar a presença dos outros veículos";"Colisão transversal";"Com Vítimas Feridas";"Pleno dia";"Crescente";"Céu Claro";"Simples";"Interseção de Vias";"Sim";2;0;1;0;1;0;1;2;-7,52133442;-46,04968976;"SPRF-MA";"DEL05-MA";"UOP01-DEL05-MA"
520993;2023-05-04;"quinta-feira";"16:00:00";"RS";285;326;"CARAZINHO";"Ultrapassagem Indevida";"Colisão lateral mesmo sentido";"Sem Vítimas";"Pleno dia";"Decrescente";"Chuva";"Simples";"Reta";"Não";2;0;0;0;2;0;0;2;-28,271332;-52,678734;"SPRF-RS";"DEL08-RS";"UOP03-DEL08-RS"
520995;2023-05-04;"quinta-feira";"16:00:00";"MT";70;1,7;"BARRA DO GARCAS";"Acessar a via sem observar a presença dos outros veículos";"Colisão transversal";"Com Vítimas Feridas";"Pleno dia";"Crescente";"Céu Claro";"Simples";"Reta;Declive";"Sim";3;0;1;0;1;1;1;3;-15,893;-52,2599;"SPRF-MT";"DEL07-MT";"UOP01-DEL07-MT"
520996;2023-05-04;"quinta-feira";"16:00:00";"CE";304;39;"ARACATI";"Condutor deixou de manter distância do veículo da frente";"Colisão traseira";"Com Vítimas Feridas";"Pleno dia";"Crescente";"Céu Claro";"Simples";"Reta";"Não";2;0;1;0;1;0;1;2;-4,58004867;-37,86052099;"SPRF-CE";"DEL03-CE";"UOP03-DEL03-CE"
520997;2023-05-04;"quinta-feira";"16:30:00";"RJ";101;296;"ITABORAI";"Condutor deixou de manter distância do veículo da frente";"Colisão transversal";"Com Vítimas Feridas";"Pleno dia";"Decrescente";"Céu Claro";"Dupla";"Reta";"Sim";2;0;1;0;1;0;1;2;-22,7670498;-42,91019601;"SPRF-RJ";"DEL02-RJ";"UOP02-DEL02-RJ"
520998;2023-05-04;"quinta-feira";"14:02:00";"SC";101;134;"BALNEARIO CAMBORIU";"Reação tardia ou ineficiente do condutor";"Colisão traseira";"Com Vítimas Feridas";"Pleno dia";"Crescente";"Nublado";"Múltipla";"Reta";"Sim";2;0;1;0;1;0;1;2;-27,00218;-48,636433;"SPRF-SC";"DEL04-SC";"UOP03-DEL04-SC"
520999;2023-05-04;"quinta-feira";"16:05:00";"MG";40;44,8;"PARACATU";"Acessar a via sem observar a presença dos outros veículos";"Colisão transversal";"Com Vítimas Feridas";"Pleno dia";"Crescente";"Céu Claro";"Simples";"Reta";"Sim";2;0;1;0;1;0;1;2;-17,23101648;-46,85390396;"SPRF-MG";"DEL14-MG";"UOP01-DEL14-MG"
521000;2023-05-04;"quinta-feira";"17:00:00";"SC";282;46,7;"AGUAS MORNAS";"Acessar a via sem observar a presença dos outros veículos";"Colisão traseira";"Com Vítimas Feridas";"Pleno dia";"Decrescente";"Nublado";"Simples";"Declive;Desvio Temporário;Reta;Interseção de Vias";"Não";3;0;1;0;2;0;1;2;-27,721041;-48,925152;"SPRF-SC";"DEL01-SC";"UOP03-DEL01-SC"
521001;2023-05-04;"quinta-feira";"14:20:00";"SC";101;146;"ITAPEMA";"Desrespeitar a preferência no cruzamento";"Colisão transversal";"Com Vítimas Feridas";"Pleno dia";"Crescente";"Sol";"Dupla";"Viaduto";"Sim";2;0;1;0;1;0;1;2;-27,08666525;-48,60955587;"SPRF-SC";"DEL04-SC";"UOP03-DEL04-SC"
521002;2023-05-04;"quinta-feira";"15:30:00";"RJ";101;318;"SAO GONCALO";"Ausência de reação do condutor";"Queda de ocupante de veículo";"Com Vítimas Feridas";"Pleno dia";"Decrescente";"Céu Claro";"Dupla";"Reta";"Sim";2;0;2;0;0;0;2;1;-22,84562994;-43,09841211;"SPRF-RJ";"DEL02-RJ";"UOP02-DEL02-RJ"
521003;2023-05-04;"quinta-feira";"14:30:00";"RS";116;91,3;"CAMPESTRE DA SERRA";"Ausência de reação do condutor";"Saída de leito carroçável";"Com Vítimas Feridas";"Pleno dia";"Crescente";"Chuva";"Simples";"Curva;Declive";"Não";3;0;2;1;0;0;3;1;-28,86918963;-51,11955903;"SPRF-RS";"DEL05-RS";"UOP03-DEL05-RS"
521004;2023-05-04;"quinta-feira";"12:15:00";"PR";153;363;"RIO AZUL";"Demais falhas mecânicas ou elétricas";"Saída de leito carroçável";"Com Vítimas Feridas";"Pleno dia";"Decrescente";"Céu Claro";"Simples";"Reta";"Não";7;0;6;0;0;1;6;1;-25,69833;-50,77679;"SPRF-PR";"DEL08-PR";"UOP02-DEL08-PR"
521007;2023-05-04;"quinta-feira";"18:00:00";"SP";116;209;"GUARULHOS";"Ausência de reação do condutor";"Colisão lateral mesmo sentido";"Com Vítimas Feridas";"Pleno dia";"Crescente";"Céu Claro";"Múltipla";"Reta;Aclive";"Sim";2;0;1;0;1;0;1;2;-23,42511799;-46,40221101;"SPRF-SP";"DEL01-SP";"UOP01-DEL01-SP"
521008;2023-05-04;"quinta-feira";"14:00:00";"MG";0;0;"BELO HORIZONTE";"Reação tardia ou ineficiente do condutor";"Colisão traseira";"Sem Vítimas";"Pleno dia";"Não Informado";"Céu Claro";"Simples";"Aclive;Curva;Interseção de Vias";"Sim";3;0;0;0;3;0;0;2;-19,98175821;-43,94837022;"SPRF-MG";"DEL01-MG";"UOP02-DEL01-MG"
521013;2023-05-04;"quinta-feira";"18:10:00";"BA";135;164;"BARREIRAS";"Transitar na contramão";"Colisão frontal";"Com Vítimas Fatais";"Plena Noite";"Decrescente";"Céu Claro";"Simples";"Reta";"Não";5;1;0;2;0;2;2;3;-12,03989186;-44,95984234;"SPRF-BA";"DEL08-BA";"UOP04-DEL08-BA"
521015;2023-05-04;"quinta-feira";"18:30:00";"SC";282;52,8;"AGUAS MORNAS";"Velocidade Incompatível";"Saída de leito carroçável";"Com Vítimas Feridas";"Plena Noite";"Decrescente";"Céu Claro";"Simples";"Curva";"Não";1;0;1;0;0;0;1;1;-27,696936;-48,964138;"SPRF-SC";"DEL01-SC";"UOP03-DEL01-SC"
521016;2023-05-04;"quinta-feira";"18:50:00";"MT";70;1,1;"BARRA DO GARCAS";"Condutor desrespeitou a iluminação vermelha do semáforo";"Colisão transversal";"Com Vítimas Feridas";"Plena Noite";"Crescente";"Céu Claro";"Simples";"Reta;Interseção de Vias";"Sim";1;0;1;0;0;0;1;1;-15,893;-52,2599;"SPRF-MT";"DEL07-MT";"UOP01-DEL07-MT"
521017;2023-05-04;"quinta-feira";"18:42:00";"PR";469;12,5;"FOZ DO IGUACU";"Manobra de mudança de faixa";"Colisão transversal";"Com Vítimas Feridas";"Amanhecer";"Crescente";"Céu Claro";"Simples";"Em Obras;Interseção de Vias";"Sim";3;0;2;0;1;0;2;2;-25,5754;-54,5489;"SPRF-PR";"DEL05-PR";"UOP04-DEL05-PR"
521018;2023-05-04;"quinta-feira";"17:30:00";"RS";470;207;"BENTO GONCALVES";"Chuva";"Colisão transversal";"Com Vítimas Feridas";"Anoitecer";"Crescente";"Chuva";"Simples";"Rotatória;Reta";"Não";2;0;1;0;1;0;1;2;-29,09490791;-51,54890598;"SPRF-RS";"DEL06-RS";"UOP01-DEL06-RS"
521019;2023-05-04;"quinta-feira";"18:30:00";"GO";251;32,9;"CRISTALINA";"Velocidade Incompatível";"Saída de leito carroçável";"Sem Vítimas";"Plena Noite";"Crescente";"Céu Claro";"Simples";"Retorno Regulamentado";"Sim";1;0;0;0;1;0;0;1;-16,05862943;-47,53438711;"SPRF-DF";"DEL01-DF";"UOP01-DEL01-DF"
521024;2023-05-04;"quinta-feira";"19:00:00";"RJ";116;173;"SAO JOAO DE MERITI";"Condutor deixou de manter distância do veículo da frente";"Colisão traseira";"Com Vítimas Feridas";"Plena Noite";"Crescente";"Céu Claro";"Múltipla";"Reta";"Não";2;0;1;0;1;0;1;2;-22,79810324;-43,35726614;"SPRF-RJ";"DEL01-RJ";"UOP02-DEL01-RJ"