"id";"data_inversa";"dia_semana";"horario";"uf";"br";"km";"municipio";"causa_acidente";"tipo_acidente";"classificacao_acidente";"fase_dia";"sentido_via";"condicao_metereologica";"tipo_pista";"tracado_via";"uso_solo";"pessoas";"mortos";"feridos_leves";"feridos_graves";"ilesos";"ignorados";"feridos";"veiculos";"latitude";"longitude";"regional";"delegacia";"uop"
521026;2023-05-04;"quinta-feira";"19:29:00";"BA";116;481;"RAFAEL JAMBEIRO";"Demais falhas mecânicas ou elétricas";"Incêndio";"Sem Vítimas";"Plena Noite";"Crescente";"Céu Claro";"Dupla";"Reta";"Não";1;0;0;0;1;0;0;1;-12,51286544;-39,37630378;"SPRF-BA";"DEL02-BA";"UOP01-DEL02-BA"
521027;2023-05-04;"quinta-feira";"18:45:00";"PR";116;86;"PIRAQUARA";"Pista Escorregadia";"Tombamento";"Com Vítimas Feridas";"Plena Noite";"Crescente";"Garoa/Chuvisco";"Dupla";"Reta";"Não";1;0;1;0;0;0;1;1;-25,43479327;-49,08939973;"SPRF-PR";"DEL01-PR";"UOP07-DEL01-PR"
521031;2023-05-04;"quinta-feira";"17:30:00";"RS";470;217;"BENTO GONCALVES";"Reação tardia ou ineficiente do condutor";"Colisão traseira";"Com Vítimas Feridas";"Plena Noite";"Decrescente";"Chuva";"Simples";"Reta";"Sim";3;0;1;0;2;0;1;2;-29,16462512;-51,52551964;"SPRF-RS";"DEL06-RS";"UOP01-DEL06-RS"
521032;2023-05-04;"quinta-feira";"18:50:00";"RN";101;163,3;"CANGUARETAMA";"Demais falhas mecânicas ou elétricas";"Incêndio";"Sem Vítimas";"Plena Noite";"Crescente";"Nublado";"Dupla";"Reta";"Não";1;0;0;0;0;1;0;1;-6,39443866;-35,13988853;"SPRF-RN";"DEL01-RN";"UOP01-DEL01-RN"
521034;2023-05-04;"quinta-feira";"17:14:00";"SC";280;233,9;"CANOINHAS";"Acessar a via sem observar a presença dos outros veículos";"Colisão transversal";"Com Vítimas Feridas";"Anoitecer";"Crescente";"Chuva";"Simples";"Reta;Interseção de Vias;Declive";"Sim";2;0;1;0;1;0;1;2;-26,19146187;-50,39215;"SPRF-SC";"DEL06-SC";"UOP04-DEL06-SC"
521036;2023-05-04;"quinta-feira";"19:40:00";"MG";381;358;"JOAO MONLEVADE";"Acesso irregular";"Colisão transversal";"Com Vítimas Feridas";"Plena Noite";"Crescente";"Céu Claro";"Simples";"Reta";"Não";2;0;1;0;1;0;1;2;-19,85592801;-43,21689055;"SPRF-MG";"DEL03-MG";"UOP01-DEL03-MG"
521038;2023-05-04;"quinta-feira";"20:15:00";"RS";285;561,7;"SAO LUIZ GONZAGA";"Acumulo de água sobre o pavimento";"Saída de leito carroçável";"Com Vítimas Feridas";"Plena Noite";"Crescente";"Chuva";"Simples";"Reta";"Sim";1;0;1;0;0;0;1;1;-28,418188;-54,906029;"SPRF-RS";"DEL10-RS";"UOP01-DEL10-RS"
521039;2023-05-04;"quinta-feira";"20:20:00";"BA";135;170;"BARREIRAS";"Acessar a via sem observar a presença dos outros veículos";"Colisão traseira";"Com Vítimas Feridas";"Plena Noite";"Crescente";"Céu Claro";"Simples";"Reta";"Não";4;0;1;0;3;0;1;2;-12,08928691;-44,97287725;"SPRF-BA";"DEL08-BA";"UOP04-DEL08-BA"
521040;2023-05-04;"quinta-feira";"19:55:00";"SC";282;4;"FLORIANOPOLIS";"Ausência de reação do condutor";"Colisão lateral mesmo sentido";"Com Vítimas Feridas";"Plena Noite";"Crescente";"Nublado";"Múltipla";"Reta";"Sim";3;0;2;0;1;0;2;2;-27,592646;-48,604034;"SPRF-SC";"DEL01-SC";"UOP01-DEL01-SC"
521041;2023-05-04;"quinta-feira";"19:00:00";"MA";135;22;"SAO LUIS";"Reação tardia ou ineficiente do condutor";"Queda de ocupante de veículo";"Com Vítimas Feridas";"Plena Noite";"Crescente";"Céu Claro";"Dupla";"Reta;Declive";"Não";2;0;0;2;0;0;2;1;-2,748102;-44,343919;"SPRF-MA";"DEL01-MA";"UOP01-DEL01-MA"
521043;2023-05-04;"quinta-feira";"21:00:00";"RS";116;143;"CAXIAS DO SUL";"Velocidade Incompatível";"Colisão traseira";"Sem Vítimas";"Plena Noite";"Crescente";"Chuva";"Dupla";"Reta";"Sim";3;0;0;0;3;0;0;3;-29,1201739;-51,12260651;"SPRF-RS";"DEL05-RS";"UOP01-DEL05-RS"
521044;2023-05-04;"quinta-feira";"19:40:00";"SC";101;164;"TIJUCAS";"Reação tardia ou ineficiente do condutor";"Colisão lateral mesmo sentido";"Com Vítimas Feridas";"Plena Noite";"Decrescente";"Nublado";"Dupla";"Reta";"Não";2;0;1;0;1;0;1;2;-27,243868;-48,6309;"SPRF-SC";"DEL04-SC";"UOP03-DEL04-SC"
521045;2023-02-24;"sexta-feira";"20:40:00";"RO";364;10;"VILHENA";"Transitar na contramão";"Colisão frontal";"Com Vítimas Feridas";"Plena Noite";"Crescente";"Nublado";"Simples";"Reta";"Sim";2;0;1;0;1;0;1;2;-12,75194006;-60,10600907;"SPRF-RO";"DEL04-RO";"UOP01-DEL04-RO"
521046;2023-05-04;"quinta-feira";"19:25:00";"RJ";116;185;"NOVA IGUACU";"Trafegar com motocicleta (ou similar) entre as faixas";"Colisão com objeto";"Com Vítimas Feridas";"Plena Noite";"Crescente";"Céu Claro";"Múltipla";"Reta";"Sim";1;0;1;0;0;0;1;1;-22,74151051;-43,45351823;"SPRF-RJ";"DEL01-RJ";"UOP02-DEL01-RJ"
521048;2023-05-04;"quinta-feira";"19:40:00";"RJ";116;29;"SAPUCAIA";"Velocidade Incompatível";"Colisão com objeto";"Com Vítimas Feridas";"Plena Noite";"Decrescente";"Céu Claro";"Simples";"Curva";"Não";1;0;1;0;0;0;1;1;-22,06451983;-42,79542346;"SPRF-RJ";"DEL05-RJ";"UOP01-DEL05-RJ"
521049;2023-04-02;"domingo";"22:10:00";"RJ";465;1;"SEROPEDICA";"Desrespeitar a preferência no cruzamento";"Colisão lateral mesmo sentido";"Com Vítimas Feridas";"Plena Noite";"Decrescente";"Nublado";"Simples";"Reta";"Sim";4;0;1;0;3;0;1;2;-22,719835;-43,725739;"SPRF-RJ";"DEL01-RJ";"UOP03-DEL01-RJ"
521051;2023-05-04;"quinta-feira";"18:15:00";"AC";364;122;"RIO BRANCO";"Condutor deixou de manter distância do veículo da frente";"Colisão traseira";"Com Vítimas Feridas";"Plena Noite";"Decrescente";"Céu Claro";"Dupla";"Reta";"Sim";2;0;1;0;0;1;1;2;-10,011871;-67,781854;"SPRF-AC";"DEL01-AC";"UOP01-DEL01-AC"
521052;2023-05-04;"quinta-feira";"22:40:00";"SC";116;235,7;"CORREIA PINTO";"Ausência de reação do condutor";"Saída de leito carroçável";"Sem Vítimas";"Plena Noite";"Crescente";"Chuva";"Simples";"Reta";"Não";1;0;0;0;0;1;0;1;-27,711685;-50,33625903;"SPRF-SC";"DEL05-SC";"UOP01-DEL05-SC"
521054;2023-05-04;"quinta-feira";"18:00:00";"RS";116;148,5;"CAXIAS DO SUL";"Reação tardia ou ineficiente do condutor";"Colisão traseira";"Com Vítimas Feridas";"Anoitecer";"Decrescente";"Chuva";"Dupla";"Curva";"Sim";2;0;0;1;1;0;1;2;-29,1584445;-51,15437376;"SPRF-RS";"DEL05-RS";"UOP01-DEL05-RS"
521055;2023-05-04;"quinta-feira";"18:44:00";"RJ";101;558;"PARATY";"Acessar a via sem observar a presença dos outros veículos";"Colisão traseira";"Com Vítimas Fatais";"Plena Noite";"Decrescente";"Céu Claro";"Simples";"Ponte";"Não";2;1;0;1;0;0;1;2;-23,09154148;-44,6958992;"SPRF-RJ";"DEL03-RJ";"UOP04-DEL03-RJ"
521057;2023-05-04;"quinta-feira";"19:20:00";"SC";470;195;"POUSO REDONDO";"Velocidade Incompatível";"Colisão lateral sentido oposto";"Com Vítimas Feridas";"Plena Noite";"Crescente";"Chuva";"Simples";"Curva";"Não";4;0;3;0;1;0;3;2;-27,303724;-50,088837;"SPRF-SC";"DEL04-SC";"UOP02-DEL04-SC"
521058;2023-05-04;"quinta-feira";"21:40:00";"PR";277;234;"FERNANDES PINHEIRO";"Reação tardia ou ineficiente do condutor";"Capotamento";"Com Vítimas Feridas";"Plena Noite";"Crescente";"Céu Claro";"Simples";"Curva;Interseção de Vias;Rotatória";"Não";1;0;1;0;0;0;1;1;-25,46460339;-50,5749017;"SPRF-PR";"DEL08-PR";"UOP02-DEL08-PR"
521061;2023-05-04;"quinta-feira";"22:15:00";"PR";116;84;"PIRAQUARA";"Reação tardia ou ineficiente do condutor";"Saída de leito carroçável";"Com Vítimas Feridas";"Plena Noite";"Decrescente";"Ignorado";"Dupla";"Reta";"Não";1;0;1;0;0;0;1;1;-25,42607294;-49,07745304;"SPRF-PR";"DEL01-PR";"UOP07-DEL01-PR"
521062;2023-05-04;"quinta-feira";"23:30:00";"RS";392;36,7;"RIO GRANDE";"Iluminação deficiente";"Saída de leito carroçável";"Com Vítimas Feridas";"Plena Noite";"Decrescente";"Chuva";"Dupla";"Reta";"Não";1;0;1;0;0;0;1;1;-31,98906088;-52,2924407;"SPRF-RS";"DEL07-RS";"UOP02-DEL07-RS"
521063;2023-05-04;"quinta-feira";"23:30:00";"RJ";116;147;"DUQUE DE CAXIAS";"Avarias e/ou desgaste excessivo no pneu";"Tombamento";"Com Vítimas Feridas";"Plena Noite";"Decrescente";"Céu Claro";"Dupla";"Reta";"Não";1;0;1;0;0;0;1;1;-22,66978425;-43,27286493;"SPRF-RJ";"DEL01-RJ";"UOP01-DEL01-RJ"
521064;2023-05-04;"quinta-feira";"23:05:00";"RS";386;344,3;"LAJEADO";"Chuva";"Tombamento";"Com Vítimas Feridas";"Plena Noite";"Decrescente";"Chuva";"Simples";"Reta";"Sim";2;0;0;1;1;0;1;2;-29,439268;-51,993633;"SPRF-RS";"DEL04-RS";"UOP01-DEL04-RS"
521065;2023-05-04;"quinta-feira";"19:30:00";"MS";262;6,7;"TRES LAGOAS";"Condutor deixou de manter distância do veículo da frente";"Colisão lateral mesmo sentido";"Com Vítimas Feridas";"Plena Noite";"Crescente";"Céu Claro";"Dupla";"Reta";"Sim";4;0;1;0;2;1;1;3;-20,78492449;-51,6746664;"SPRF-MS";"DEL07-MS";"UOP01-DEL07-MS"
521066;2023-05-04;"quinta-feira";"23:30:00";"SP";116;220;"GUARULHOS";"Ingestão de álcool pelo condutor";"Colisão com objeto";"Sem Vítimas";"Plena Noite";"Decrescente";"Céu Claro";"Múltipla";"Reta";"Não";1;0;0;0;1;0;0;1;-23,46472809;-46,49793962;"SPRF-SP";"DEL01-SP";"UOP01-DEL01-SP"
521067;2023-05-04;"quinta-feira";"21:20:00";"RJ";116;146;"DUQUE DE CAXIAS";"Pedestre andava na pista";"Atropelamento de Pedestre";"Com Vítimas Feridas";"Plena Noite";"Decrescente";"Céu Claro";"Dupla";"Reta";"Não";2;0;1;0;0;1;1;2;-22,66687859;-43,26368215;"SPRF-RJ";"DEL01-RJ";"UOP01-DEL01-RJ"
521068;2023-05-04;"quinta-feira";"23:50:00";"RJ";116;147;"DUQUE DE CAXIAS";"Acessar a via sem observar a presença dos outros veículos";"Colisão transversal";"Com Vítimas Feridas";"Plena Noite";"Decrescente";"Céu Claro";"Dupla";"Reta";"Não";5;0;0;1;3;1;1;3;-22,66978425;-43,27286493;"SPRF-RJ";"DEL01-RJ";"UOP01-DEL01-RJ"
521069;2023-05-05;"sexta-feira";"00:00:00";"SC";101;18;"JOINVILLE";"Avarias e/ou desgaste excessivo no pneu";"Saída de leito carroçável";"Com Vítimas Feridas";"Plena Noite";"Crescente";"Garoa/Chuvisco";"Dupla";"Curva";"Não";1;0;1;0;0;0;1;1;-26,128553;-48,888776;"SPRF-SC";"DEL03-SC";"UOP01-DEL03-SC"
521070;2023-05-05;"sexta-feira";"00:37:00";"PB";230;21;"JOAO PESSOA";"Velocidade Incompatível";"Tombamento";"Com Vítimas Feridas";"Plena Noite";"Crescente";"Garoa/Chuvisco";"Dupla";"Reta";"Sim";1;0;0;1;0;0;1;1;-7,14202993;-34,85186707;"SPRF-PB";"DEL01-PB";"UOP01-DEL01-PB"
521072;2023-05-05;"sexta-feira";"01:10:00";"SP";153;40,3;"ONDA VERDE";"Reação tardia ou ineficiente do condutor";"Tombamento";"Com Vítimas Feridas";"Plena Noite";"Crescente";"Céu Claro";"Simples";"Reta";"Não";1;0;1;0;0;0;1;1;-20,61969606;-49,33411078;"SPRF-SP";"DEL09-SP";"UOP01-DEL09-SP"
521074;2023-05-05;"sexta-feira";"00:30:00";"PR";376;537,7;"PALMEIRA";"Objeto estático sobre o leito carroçável";"Colisão com objeto";"Sem Vítimas";"Plena Noite";"Crescente";"Céu Claro";"Dupla";"Reta";"Não";2;0;0;0;2;0;0;1;-25,34513139;-49,84516382;"SPRF-PR";"DEL03-PR";"UOP03-DEL03-PR"
521075;2023-05-05;"sexta-feira";"03:59:00";"SP";116;156,6;"SAO JOSE DOS CAMPOS";"Ingestão de álcool e/ou substâncias psicoativas pelo pedestre";"Atropelamento de Pedestre";"Com Vítimas Feridas";"Plena Noite";"Crescente";"Nublado";"Múltipla";"Reta";"Não";2;0;0;1;0;1;1;2;-23,25044084;-45,93572909;"SPRF-SP";"DEL02-SP";"UOP01-DEL02-SP"
521076;2023-05-05;"sexta-feira";"04:20:00";"SC";153;111,8;"CONCORDIA";"Reação tardia ou ineficiente do condutor";"Saída de leito carroçável";"Com Vítimas Feridas";"Plena Noite";"Decrescente";"Nublado";"Simples";"Reta;Interseção de Vias";"Sim";1;0;0;1;0;0;1;1;-27,319271;-51,983299;"SPRF-SC";"DEL07-SC";"UOP04-DEL07-SC"
521077;2023-05-05;"sexta-feira";"03:40:00";"PR";369;196;"ARAPONGAS";"Velocidade Incompatível";"Saída de leito carroçável";"Com Vítimas Feridas";"Plena Noite";"Crescente";"Céu Claro";"Dupla";"Reta;Interseção de Vias";"Não";1;0;0;1;0;0;1;1;-23,50569;-51,42523;"SPRF-PR";"DEL07-PR";"UOP03-DEL07-PR"
521083;2023-05-05;"sexta-feira";"06:20:00";"ES";101;146;"LINHARES";"Manobra de mudança de faixa";"Colisão lateral mesmo sentido";"Com Vítimas Feridas";"Pleno dia";"Decrescente";"Céu Claro";"Dupla";"Interseção de Vias";"Sim";3;0;2;0;1;0;2;2;-19,37592575;-40,06606948;"SPRF-ES";"DEL04-ES";"UOP01-DEL04-ES"
521084;2023-05-05;"sexta-feira";"02:40:00";"MG";116;265,3;"TEOFILO OTONI";"Condutor Dormindo";"Saída de leito carroçável";"Com Vítimas Feridas";"Plena Noite";"Crescente";"Céu Claro";"Simples";"Curva";"Não";3;0;1;1;1;0;2;1;-17,762903;-41,50256799;"SPRF-MG";"DEL11-MG";"UOP01-DEL11-MG"
521085;2023-05-05;"sexta-feira";"05:02:00";"PR";376;472,5;"PONTA GROSSA";"Velocidade Incompatível";"Saída de leito carroçável";"Com Vítimas Feridas";"Plena Noite";"Crescente";"Céu Claro";"Dupla";"Retorno Regulamentado;Interseção de Vias";"Não";2;0;0;1;1;0;1;1;-25,02408267;-50,32837451;"SPRF-PR";"DEL03-PR";"UOP01-DEL03-PR"
521086;2023-05-05;"sexta-feira";"06:45:00";"SP";381;58;"ATIBAIA";"Condutor Dormindo";"Colisão traseira";"Com Vítimas Feridas";"Pleno dia";"Crescente";"Céu Claro";"Dupla";"Reta;Aclive";"Não";2;0;1;0;1;0;1;2;-23,27438497;-46,58530615;"SPRF-SP";"DEL03-SP";"UOP01-DEL03-SP"
521087;2023-05-05;"sexta-feira";"06:41:00";"MG";381;517;"IGARAPE";"Ausência de reação do condutor";"Queda de ocupante de veículo";"Com Vítimas Feridas";"Amanhecer";"Crescente";"Céu Claro";"Dupla";"Curva";"Não";1;0;1;0;0;0;1;1;-20,11382303;-44,30720801;"SPRF-MG";"DEL04-MG";"UOP03-DEL04-MG"
521088;2023-05-05;"sexta-feira";"06:00:00";"MT";158;775;"BARRA DO GARCAS";"Mal súbito do condutor";"Queda de ocupante de veículo";"Com Vítimas Feridas";"Amanhecer";"Crescente";"Céu Claro";"Simples";"Reta";"Não";1;0;0;1;0;0;1;1;-15,70650511;-52,24168685;"SPRF-MT";"DEL07-MT";"UOP01-DEL07-MT"
521089;2023-05-05;"sexta-feira";"06:30:00";"SC";470;125;"LONTRAS";"Velocidade Incompatível";"Colisão frontal";"Com Vítimas Feridas";"Amanhecer";"Decrescente";"Nublado";"Simples";"Reta";"Sim";2;0;0;2;0;0;2;2;-27,1232435;-49,53653276;"SPRF-SC";"DEL04-SC";"UOP02-DEL04-SC"
521090;2023-05-05;"sexta-feira";"07:00:00";"DF";70;14;"BRASILIA";"Ausência de reação do condutor";"Colisão traseira";"Com Vítimas Feridas";"Pleno dia";"Decrescente";"Céu Claro";"Dupla";"Reta";"Não";2;0;1;0;1;0;1;2;-15,797312;-48,176056;"SPRF-DF";"DEL03-DF";"UOP02-DEL03-DF"
521091;2023-05-05;"sexta-feira";"06:30:00";"MG";40;524;"CONTAGEM";"Pedestre cruzava a pista fora da faixa";"Colisão transversal";"Com Vítimas Feridas";"Pleno dia";"Crescente";"Céu Claro";"Dupla";"Reta";"Sim";3;0;2;0;1;0;2;2;-19,8754469;-44,05345586;"SPRF-MG";"DEL01-MG";"UOP02-DEL01-MG"
521094;2023-05-05;"sexta-feira";"06:00:00";"RJ";356;77;"ITALVA";"Acessar a via sem observar a presença dos outros veículos";"Queda de ocupante de veículo";"Com Vítimas Feridas";"Pleno dia";"Crescente";"Nevoeiro/Neblina";"Simples";"Reta";"Sim";2;0;1;0;0;1;1;2;-21,43419217;-41,68539108;"SPRF-RJ";"DEL08-RJ";"UOP03-DEL08-RJ"
521096;2023-04-23;"domingo";"09:20:00";"RS";116;222,1;"DOIS IRMAOS";"Desrespeitar a preferência no cruzamento";"Colisão traseira";"Com Vítimas Feridas";"Pleno dia";"Decrescente";"Céu Claro";"Dupla";"Rotatória";"Sim";4;0;1;0;2;1;1;3;-29,57840245;-51,09548092;"SPRF-RS";"DEL01-RS";"UOP02-DEL01-RS"
521098;2023-05-05;"sexta-feira";"06:50:00";"PR";277;691;"SAO MIGUEL DO IGUACU";"Condutor Dormindo";"Saída de leito carroçável";"Sem Vítimas";"Amanhecer";"Crescente";"Céu Claro";"Dupla";"Reta";"Não";4;0;0;0;4;0;0;1;-25,3630051;-54,25351194;"SPRF-PR";"DEL05-PR";"UOP01-DEL05-PR"
521099;2023-05-05;"sexta-feira";"06:02:00";"MT";174;293;"PONTES E LACERDA";"Acesso irregular";"Colisão transversal";"Com Vítimas Feridas";"Amanhecer";"Crescente";"Céu Claro";"Simples";"Reta;Rotatória";"Sim";2;0;1;0;1;0;1;2;-15,18889293;-59,32384877;"SPRF-MT";"DEL04-MT";"UOP01-DEL04-MT"
521101;2023-05-05;"sexta-feira";"07:00:00";"SP";116;294;"ITAPECERICA DA SERRA";"Entrada inopinada do pedestre";"Queda de ocupante de veículo";"Com Vítimas Feridas";"Pleno dia";"Decrescente";"Céu Claro";"Dupla";"Reta";"Sim";1;0;1;0;0;0;1;1;-23,76154691;-46,90483412;"SPRF-SP";"DEL04-SP";"UOP01-DEL04-SP"
521103;2023-05-05;"sexta-feira";"07:15:00";"MG";381;477,9;"CONTAGEM";"Manobra de mudança de faixa";"Colisão lateral mesmo sentido";"Com Vítimas Feridas";"Pleno dia";"Decrescente";"Sol";"Dupla";"Reta";"Sim";2;0;1;0;1;0;1;2;-19,95997748;-44,03455496;"SPRF-MG";"DEL01-MG";"UOP03-DEL01-MG"
521104;2023-02-08;"quarta-feira";"06:15:00";"PE";408;61;"CARPINA";"Transitar na contramão";"Colisão frontal";"Com Vítimas Feridas";"Pleno dia";"Decrescente";"Céu Claro";"Simples";"Reta";"Sim";8;0;6;2;0;0;8;2;-7,82301302;-35,24568219;"SPRF-PE";"DEL01-PE";"UOP01-DEL01-PE"
521107;2023-04-23;"domingo";"16:30:00";"PE";232;6;"RECIFE";"Ausência de reação do condutor";"Colisão lateral mesmo sentido";"Sem Vítimas";"Pleno dia";"Crescente";"Nublado";"Múltipla";"Reta";"Sim";2;0;0;0;2;0;0;2;-8,071244;-34,954771;"SPRF-PE";"DEL01-PE";"UOP01-DEL01-PE"
521108;2023-05-05;"sexta-feira";"08:15:00";"BA";324;625;"SALVADOR";"Manobra de mudança de faixa";"Colisão lateral mesmo sentido";"Com Vítimas Feridas";"Pleno dia";"Decrescente";"Chuva";"Dupla";"Reta";"Não";2;0;1;0;1;0;1;2;-12,94194706;-38,47081224;"SPRF-BA";"DEL01-BA";"UOP01-DEL01-BA"
521109;2023-05-05;"sexta-feira";"05:22:00";"SE";101;169;"SANTA LUZIA DO ITANHY";"Velocidade Incompatível";"Atropelamento de Pedestre";"Com Vítimas Fatais";"Amanhecer";"Decrescente";"Chuva";"Simples";"Curva;Declive";"Não";2;1;0;0;0;1;0;2;-11,3222284534;-37,5595829586;"SPRF-SE";"DEL02-SE";"UOP01-DEL02-SE"
521110;2023-05-05;"sexta-feira";"08:00:00";"MA";10;258;"IMPERATRIZ";"Conversão proibida";"Colisão transversal";"Com Vítimas Feridas";"Pleno dia";"Decrescente";"Céu Claro";"Simples";"Reta";"Sim";2;0;0;1;1;0;1;2;-5,481554;-47,472092;"SPRF-MA";"DEL04-MA";"UOP01-DEL04-MA"
521112;2023-05-05;"sexta-feira";"07:45:00";"PR";277;81;"CURITIBA";"Ausência de reação do condutor";"Colisão traseira";"Com Vítimas Feridas";"Pleno dia";"Crescente";"Céu Claro";"Dupla";"Reta";"Sim";3;0;2;0;1;0;2;2;-25,47031544;-49,21210885;"SPRF-PR";"DEL01-PR";"UOP01-DEL01-PR"
521113;2023-03-12;"domingo";"07:42:00";"GO";20;72;"FORMOSA";"Chuva";"Saída de leito carroçável";"Com Vítimas Feridas";"Pleno dia";"Decrescente";"Chuva";"Simples";"Curva;Retorno Regulamentado";"Não";5;0;2;0;3;0;2;1;-15,153196;-47,137524;"SPRF-DF";"DEL02-DF";"UOP02-DEL02-DF"
521114;2023-05-05;"sexta-feira";"07:20:00";"PR";476;190;"LAPA";"Acumulo de areia ou detritos sobre o pavimento";"Saída de leito carroçável";"Com Vítimas Feridas";"Pleno dia";"Crescente";"Nublado";"Simples";"Curva";"Não";1;0;1;0;0;0;1;1;-25,716457;-49,687534;"SPRF-PR";"DEL01-PR";"UOP06-DEL01-PR"
521115;2023-05-05;"sexta-feira";"07:40:00";"SC";280;213,8;"TRES BARRAS";"Reação tardia ou ineficiente do condutor";"Capotamento";"Com Vítimas Feridas";"Pleno dia";"Crescente";"Céu Claro";"Simples";"Declive";"Não";1;0;1;0;0;0;1;1;-26,18089516;-50,19717996;"SPRF-SC";"DEL06-SC";"UOP04-DEL06-SC"
521116;2023-05-05;"sexta-feira";"09:10:00";"PB";101;88;"JOAO PESSOA";"Acumulo de óleo sobre o pavimento";"Queda de ocupante de veículo";"Com Vítimas Feridas";"Pleno dia";"Decrescente";"Sol";"Dupla";"Reta";"Sim";1;0;1;0;0;0;1;1;-7,16470016;-34,89993643;"SPRF-PB";"DEL01-PB";"UOP01-DEL01-PB"
521117;2023-05-05;"sexta-feira";"08:07:00";"TO";10;458;"PALMAS";"Demais falhas mecânicas ou elétricas";"Tombamento";"Com Vítimas Feridas";"Pleno dia";"Crescente";"Céu Claro";"Simples";"Reta";"Sim";2;0;2;0;0;0;2;1;-10,25029968;-48,31229746;"SPRF-TO";"DEL01-TO";"UOP03-DEL01-TO"
521118;2023-05-05;"sexta-feira";"08:50:00";"MG";40;519,6;"RIBEIRAO DAS NEVES";"Reação tardia ou ineficiente do condutor";"Colisão traseira";"Com Vítimas Feridas";"Pleno dia";"Crescente";"Céu Claro";"Dupla";"Reta";"Sim";2;0;1;0;1;0;1;2;-19,83957589;-44,07684485;"SPRF-MG";"DEL01-MG";"UOP02-DEL01-MG"
521120;2023-05-05;"sexta-feira";"07:00:00";"SC";282;643,4;"SAO MIGUEL DO OESTE";"Ausência de reação do condutor";"Saída de leito carroçável";"Com Vítimas Feridas";"Pleno dia";"Crescente";"Nevoeiro/Neblina";"Simples";"Aclive;Curva";"Não";1;0;1;0;0;0;1;1;-26,768974;-53,469772;"SPRF-SC";"DEL07-SC";"UOP03-DEL07-SC"
521122;2023-05-05;"sexta-feira";"09:00:00";"SP";116;228,9;"SAO PAULO";"Condutor deixou de manter distância do veículo da frente";"Colisão traseira";"Com Vítimas Feridas";"Pleno dia";"Crescente";"Sol";"Múltipla";"Reta";"Sim";2;0;1;0;1;0;1;2;-23,50343484;-46,56638712;"SPRF-SP";"DEL01-SP";"UOP01-DEL01-SP"
521123;2023-03-21;"terça-feira";"11:00:00";"SP";116;219;"GUARULHOS";"Reação tardia ou ineficiente do condutor";"Colisão traseira";"Com Vítimas Feridas";"Pleno dia";"Crescente";"Céu Claro";"Múltipla";"Reta";"Sim";3;0;0;1;2;0;1;3;-23,46143954;-46,48885316;"SPRF-SP";"DEL01-SP";"UOP01-DEL01-SP"
521124;2023-03-02;"quinta-feira";"18:50:00";"RS";101;60,6;"MAQUINE";"Reação tardia ou ineficiente do condutor";"Colisão com objeto";"Sem Vítimas";"Plena Noite";"Decrescente";"Chuva";"Dupla";"Declive;Curva";"Sim";1;0;0;0;1;0;0;1;-29,678094;-50,146119;"SPRF-RS";"DEL03-RS";"UOP02-DEL03-RS"
521125;2023-05-05;"sexta-feira";"09:02:00";"PE";101;48,8;"ABREU E LIMA";"Pedestre cruzava a pista fora da faixa";"Atropelamento de Pedestre";"Com Vítimas Feridas";"Pleno dia";"Crescente";"Céu Claro";"Múltipla";"Reta";"Sim";3;0;1;0;1;1;1;2;-7,89174705;-34,9033493;"SPRF-PE";"DEL01-PE";"UOP02-DEL01-PE"
521126;2023-05-05;"sexta-feira";"09:55:00";"RS";472;577;"URUGUAIANA";"Condutor deixou de manter distância do veículo da frente";"Colisão traseira";"Com Vítimas Feridas";"Pleno dia";"Crescente";"Chuva";"Simples";"Curva;Rotatória";"Sim";2;0;1;0;1;0;1;2;-29,7797791;-57,06334185;"SPRF-RS";"DEL13-RS";"UOP01-DEL13-RS"
521128;2023-05-05;"sexta-feira";"10:31:00";"SC";101;205;"SAO JOSE";"Frear bruscamente";"Queda de ocupante de veículo";"Com Vítimas Feridas";"Pleno dia";"Crescente";"Sol";"Dupla";"Interseção de Vias";"Não";1;0;1;0;0;0;1;1;-27,58313237;-48,61532885;"SPRF-SC";"DEL01-SC";"UOP01-DEL01-SC"
521129;2023-05-05;"sexta-feira";"08:00:00";"RJ";101;592;"PARATY";"Acessar a via sem observar a presença dos outros veículos";"Colisão transversal";"Com Vítimas Feridas";"Pleno dia";"Decrescente";"Céu Claro";"Simples";"Reta";"Sim";2;0;2;0;0;0;2;2;-23,0325619;-44,5407669;"SPRF-RJ";"DEL03-RJ";"UOP02-DEL03-RJ"
521130;2023-05-05;"sexta-feira";"10:20:00";"SP";116;227,8;"SAO PAULO";"Reação tardia ou ineficiente do condutor";"Engavetamento";"Com Vítimas Feridas";"Pleno dia";"Crescente";"Céu Claro";"Múltipla";"Reta";"Sim";4;0;1;0;3;0;1;3;-23,50283075;-46,56603992;"SPRF-SP";"DEL01-SP";"UOP01-DEL01-SP"
521131;2023-05-05;"sexta-feira";"07:40:00";"SP";116;272;"TABOAO DA SERRA";"Ausência de reação do condutor";"Colisão traseira";"Com Vítimas Feridas";"Pleno dia";"Crescente";"Céu Claro";"Dupla";"Reta";"Não";2;0;1;0;1;0;1;2;-23,621691;-46,813288;"SPRF-SP";"DEL04-SP";"UOP01-DEL04-SP"