"id";"data_inversa";"dia_semana";"horario";"uf";"br";"km";"municipio";"causa_acidente";"tipo_acidente";"classificacao_acidente";"fase_dia";"sentido_via";"condicao_metereologica";"tipo_pista";"tracado_via";"uso_solo";"pessoas";"mortos";"feridos_leves";"feridos_graves";"ilesos";"ignorados";"feridos";"veiculos";"latitude";"longitude";"regional";"delegacia";"uop"
521132;2023-05-05;"sexta-feira";"10:20:00";"SP";116;272;"TABOAO DA SERRA";"Trafegar com motocicleta (ou similar) entre as faixas";"Colisão traseira";"Com Vítimas Feridas";"Pleno dia";"Decrescente";"Céu Claro";"Dupla";"Reta";"Sim";3;0;1;0;2;0;1;2;-23,621691;-46,813288;"SPRF-SP";"DEL04-SP";"UOP01-DEL04-SP"
521133;2023-05-05;"sexta-feira";"10:50:00";"SC";101;195,5;"BIGUACU";"Reação tardia ou ineficiente do condutor";"Tombamento";"Com Vítimas Feridas";"Pleno dia";"Decrescente";"Céu Claro";"Dupla";"Reta;Interseção de Vias";"Sim";2;0;1;0;1;0;1;2;-27,5047092;-48,65010819;"SPRF-SC";"DEL01-SC";"UOP01-DEL01-SC"
521135;2023-05-05;"sexta-feira";"10:45:00";"SP";101;52;"UBATUBA";"Transitar na contramão";"Colisão transversal";"Com Vítimas Feridas";"Pleno dia";"Crescente";"Céu Claro";"Simples";"Curva;Interseção de Vias;Rotatória";"Sim";2;0;2;0;0;0;2;2;-23,4623355;-45,06476561;"SPRF-SP";"DEL06-SP";"UOP01-DEL06-SP"
521137;2023-04-12;"quarta-feira";"06:00:00";"RJ";116;173;"SAO JOAO DE MERITI";"Demais falhas mecânicas ou elétricas";"Incêndio";"Sem Vítimas";"Pleno dia";"Decrescente";"Céu Claro";"Múltipla";"Reta";"Sim";1;0;0;0;0;1;0;1;-22,79810324;-43,35726614;"SPRF-RJ";"DEL01-RJ";"UOP02-DEL01-RJ"
521139;2023-03-03;"sexta-feira";"07:20:00";"RS";470;216;"BENTO GONCALVES";"Acessar a via sem observar a presença dos outros veículos";"Colisão transversal";"Com Vítimas Feridas";"Pleno dia";"Crescente";"Nublado";"Simples";"Curva";"Sim";2;0;1;0;1;0;1;2;-29,15887096;-51,53142395;"SPRF-RS";"DEL06-RS";"UOP01-DEL06-RS"
521140;2023-05-05;"sexta-feira";"11:15:00";"SC";101;216,4;"PALHOCA";"Acessar a via sem observar a presença dos outros veículos";"Colisão transversal";"Com Vítimas Feridas";"Pleno dia";"Crescente";"Céu Claro";"Simples";"Reta";"Sim";2;0;1;0;1;0;1;2;-27,65981409;-48,67747798;"SPRF-SC";"DEL01-SC";"UOP02-DEL01-SC"
521141;2023-05-05;"sexta-feira";"11:10:00";"PE";232;5;"RECIFE";"Conversão proibida";"Colisão transversal";"Com Vítimas Feridas";"Pleno dia";"Crescente";"Sol";"Múltipla";"Reta";"Sim";2;0;1;0;1;0;1;2;-8,068144;-34,945521;"SPRF-PE";"DEL01-PE";"UOP01-DEL01-PE"
521144;2023-05-05;"sexta-feira";"10:20:00";"RO";319;59;"PORTO VELHO";"Manobra de mudança de faixa";"Colisão transversal";"Com Vítimas Feridas";"Pleno dia";"Crescente";"Nublado";"Dupla";"Reta;Retorno Regulamentado";"Sim";2;0;1;0;1;0;1;2;-8,74278037;-63,90513182;"SPRF-RO";"DEL01-RO";"UOP01-DEL01-RO"
521148;2023-05-05;"sexta-feira";"12:20:00";"PE";232;8;"RECIFE";"Condutor deixou de manter distância do veículo da frente";"Colisão traseira";"Com Vítimas Feridas";"Pleno dia";"Decrescente";"Céu Claro";"Dupla";"Reta;Aclive";"Sim";2;0;0;1;1;0;1;2;-8,07583727;-34,97015791;"SPRF-PE";"DEL01-PE";"UOP01-DEL01-PE"
521150;2023-05-05;"sexta-feira";"09:40:00";"SC";470;82,6;"RODEIO";"Ultrapassagem Indevida";"Colisão transversal";"Sem Vítimas";"Pleno dia";"Decrescente";"Nublado";"Simples";"Reta;Em Obras";"Sim";2;0;0;0;2;0;0;2;-26,958838;-49,324978;"SPRF-SC";"DEL04-SC";"UOP01-DEL04-SC"
521151;2023-05-05;"sexta-feira";"12:10:00";"GO";60;386;"RIO VERDE";"Condutor Dormindo";"Saída de leito carroçável";"Sem Vítimas";"Pleno dia";"Decrescente";"Céu Claro";"Múltipla";"Reta;Aclive";"Sim";1;0;0;0;1;0;0;1;-17,80916;-50,926004;"SPRF-GO";"DEL04-GO";"UOP02-DEL04-GO"
521154;2023-05-05;"sexta-feira";"12:48:00";"MG";381;481;"CONTAGEM";"Trafegar com motocicleta (ou similar) entre as faixas";"Colisão lateral mesmo sentido";"Com Vítimas Feridas";"Pleno dia";"Crescente";"Céu Claro";"Múltipla";"Aclive;Reta";"Sim";2;0;1;0;1;0;1;2;-19,9609193;-44,0622514;"SPRF-MG";"DEL01-MG";"UOP03-DEL01-MG"
521155;2023-05-05;"sexta-feira";"10:30:00";"RJ";495;30;"PETROPOLIS";"Acessar a via sem observar a presença dos outros veículos";"Colisão transversal";"Com Vítimas Feridas";"Pleno dia";"Decrescente";"Céu Claro";"Simples";"Rotatória";"Sim";2;0;1;0;1;0;1;2;-22,38711292;-43,13264608;"SPRF-RJ";"DEL06-RJ";"UOP01-DEL06-RJ"
521156;2023-05-05;"sexta-feira";"12:30:00";"SC";101;213,1;"PALHOCA";"Carga excessiva e/ou mal acondicionada";"Colisão com objeto";"Com Vítimas Feridas";"Pleno dia";"Decrescente";"Céu Claro";"Múltipla";"Reta;Declive";"Sim";2;0;0;1;1;0;1;2;-27,63697369;-48,66514142;"SPRF-SC";"DEL01-SC";"UOP02-DEL01-SC"
521157;2023-05-04;"quinta-feira";"10:00:00";"SE";101;34,2;"CAPELA";"Frear bruscamente";"Saída de leito carroçável";"Sem Vítimas";"Pleno dia";"Decrescente";"Ignorado";"Dupla";"Curva";"Não";1;0;0;0;0;1;0;1;-10,47630604;-36,95093032;"SPRF-SE";"DEL02-SE";"UOP02-DEL02-SE"
521158;2023-05-05;"sexta-feira";"09:00:00";"MG";116;525,9;"CARATINGA";"Acessar a via sem observar a presença dos outros veículos";"Colisão transversal";"Com Vítimas Feridas";"Pleno dia";"Crescente";"Sol";"Dupla";"Reta";"Sim";2;0;1;0;1;0;1;2;-19,76833785;-42,13105238;"SPRF-MG";"DEL06-MG";"UOP02-DEL06-MG"
521159;2023-05-05;"sexta-feira";"12:15:00";"PR";369;138,7;"IBIPORA";"Acessar a via sem observar a presença dos outros veículos";"Colisão transversal";"Com Vítimas Feridas";"Pleno dia";"Crescente";"Céu Claro";"Dupla";"Interseção de Vias";"Sim";2;0;1;0;1;0;1;2;-23,27359731;-51,05618656;"SPRF-PR";"DEL07-PR";"UOP01-DEL07-PR"
521160;2023-04-30;"domingo";"07:10:00";"PB";101;84;"BAYEUX";"Manobra de mudança de faixa";"Colisão com objeto";"Com Vítimas Feridas";"Pleno dia";"Crescente";"Céu Claro";"Dupla";"Reta";"Sim";2;0;1;0;0;1;1;2;-7,1439648;-34,91827726;"SPRF-PB";"DEL01-PB";"UOP01-DEL01-PB"
521162;2023-02-06;"segunda-feira";"14:50:00";"AM";0;0;"MANAUS";"Reação tardia ou ineficiente do condutor";"Colisão lateral mesmo sentido";"Sem Vítimas";"Pleno dia";"Não Informado";"Chuva";"Dupla";"Reta";"Sim";4;0;0;0;4;0;0;2;-3,08563339;-60,03029466;"SPRF-AM";"N/A";"N/A"
521163;2023-05-05;"sexta-feira";"12:30:00";"AL";101;181,9;"JUNQUEIRO";"Demais falhas na via";"Queda de ocupante de veículo";"Com Vítimas Feridas";"Pleno dia";"Decrescente";"Nublado";"Dupla";"Em Obras;Declive;Reta";"Não";2;0;1;0;0;1;1;2;-9,89535548;-36,41225988;"SPRF-AL";"DEL02-AL";"UOP02-DEL02-AL"
521164;2023-05-05;"sexta-feira";"13:30:00";"SC";101;194,8;"SAO JOSE";"Reação tardia ou ineficiente do condutor";"Colisão traseira";"Com Vítimas Feridas";"Pleno dia";"Decrescente";"Nublado";"Múltipla";"Reta";"Sim";2;0;1;0;1;0;1;2;-27,49815117;-48,65661236;"SPRF-SC";"DEL01-SC";"UOP01-DEL01-SC"
521165;2023-05-05;"sexta-feira";"13:40:00";"PI";402;0,2;"BURITI DOS LOPES";"Acessar a via sem observar a presença dos outros veículos";"Colisão transversal";"Com Vítimas Feridas";"Pleno dia";"Decrescente";"Sol";"Simples";"Reta";"Não";2;0;1;0;1;0;1;2;-3,0938926;-41,901173;"SPRF-PI";"DEL05-PI";"UOP01-DEL05-PI"
521167;2023-05-05;"sexta-feira";"14:15:00";"SP";153;62,6;"SAO JOSE DO RIO PRETO";"Reação tardia ou ineficiente do condutor";"Colisão traseira";"Com Vítimas Feridas";"Pleno dia";"Crescente";"Céu Claro";"Múltipla";"Reta;Aclive";"Sim";2;0;0;1;1;0;1;2;-20,81325404;-49,35675563;"SPRF-SP";"DEL09-SP";"UOP01-DEL09-SP"
521169;2023-05-05;"sexta-feira";"14:00:00";"RS";386;32;"FREDERICO WESTPHALEN";"Acessar a via sem observar a presença dos outros veículos";"Colisão transversal";"Com Vítimas Feridas";"Pleno dia";"Crescente";"Nublado";"Simples";"Interseção de Vias";"Sim";2;0;1;0;1;0;1;2;-27,34382868;-53,3886838;"SPRF-RS";"DEL08-RS";"UOP02-DEL08-RS"
521170;2023-05-05;"sexta-feira";"14:40:00";"CE";116;442,8;"BARRO";"Chuva";"Saída de leito carroçável";"Com Vítimas Feridas";"Pleno dia";"Crescente";"Chuva";"Simples";"Curva";"Não";3;0;3;0;0;0;3;1;-7,04373792;-38,7797841;"SPRF-CE";"DEL05-CE";"UOP03-DEL05-CE"
521171;2023-05-05;"sexta-feira";"14:41:00";"SC";282;3,5;"FLORIANOPOLIS";"Condutor deixou de manter distância do veículo da frente";"Colisão lateral mesmo sentido";"Com Vítimas Feridas";"Pleno dia";"Crescente";"Céu Claro";"Múltipla";"Reta";"Sim";2;0;0;1;1;0;1;2;-27,600384;-48,599705;"SPRF-SC";"DEL01-SC";"UOP01-DEL01-SC"
521173;2023-05-05;"sexta-feira";"14:50:00";"BA";242;587;"MUQUEM DE SAO FRANCISCO";"Reação tardia ou ineficiente do condutor";"Colisão traseira";"Com Vítimas Fatais";"Pleno dia";"Crescente";"Céu Claro";"Simples";"Reta";"Não";5;1;0;0;4;0;0;2;-12,178958;-43,242716;"SPRF-BA";"DEL10-BA";"UOP02-DEL10-BA"
521175;2023-05-05;"sexta-feira";"14:50:00";"PB";230;40,9;"SANTA RITA";"Área urbana sem a presença de local apropriado para a travessia de pedestres";"Atropelamento de Pedestre";"Com Vítimas Fatais";"Pleno dia";"Decrescente";"Chuva";"Dupla";"Reta";"Sim";2;1;0;0;1;0;0;2;-7,1414;-34,9778;"SPRF-PB";"DEL01-PB";"UOP03-DEL01-PB"
521176;2023-05-05;"sexta-feira";"15:10:00";"TO";153;671;"GURUPI";"Reação tardia ou ineficiente do condutor";"Saída de leito carroçável";"Sem Vítimas";"Pleno dia";"Decrescente";"Céu Claro";"Dupla";"Reta;Declive";"Sim";1;0;0;0;1;0;0;1;-11,72075725;-49,07713594;"SPRF-TO";"DEL01-TO";"UOP02-DEL01-TO"
521177;2023-05-05;"sexta-feira";"14:40:00";"RS";287;306,9;"SAO PEDRO DO SUL";"Velocidade Incompatível";"Saída de leito carroçável";"Com Vítimas Feridas";"Pleno dia";"Crescente";"Chuva";"Simples";"Curva;Declive";"Não";2;0;2;0;0;0;2;1;-29,65564942;-54,44038868;"SPRF-RS";"DEL09-RS";"UOP01-DEL09-RS"
521179;2023-05-05;"sexta-feira";"14:20:00";"PE";232;182;"BELO JARDIM";"Manobra de mudança de faixa";"Colisão lateral mesmo sentido";"Sem Vítimas";"Pleno dia";"Crescente";"Céu Claro";"Simples";"Reta";"Sim";2;0;0;0;2;0;0;2;-8,34804728;-36,44664994;"SPRF-PE";"DEL03-PE";"UOP02-DEL03-PE"
521184;2023-05-05;"sexta-feira";"14:40:00";"TO";153;557;"OLIVEIRA DE FATIMA";"Ultrapassagem Indevida";"Colisão lateral mesmo sentido";"Com Vítimas Feridas";"Pleno dia";"Crescente";"Céu Claro";"Simples";"Reta";"Sim";3;0;2;0;1;0;2;2;-10,71354899;-48,90512189;"SPRF-TO";"DEL01-TO";"UOP01-DEL01-TO"
521185;2023-05-05;"sexta-feira";"15:20:00";"GO";70;7;"AGUAS LINDAS DE GOIAS";"Condutor deixou de manter distância do veículo da frente";"Colisão traseira";"Com Vítimas Feridas";"Pleno dia";"Crescente";"Céu Claro";"Dupla";"Aclive;Reta";"Sim";2;0;1;0;1;0;1;2;-15,74375533;-48,26779708;"SPRF-DF";"DEL03-DF";"UOP02-DEL03-DF"
521189;2023-05-05;"sexta-feira";"16:10:00";"ES";101;268;"SERRA";"Ausência de reação do condutor";"Colisão traseira";"Com Vítimas Feridas";"Pleno dia";"Crescente";"Céu Claro";"Múltipla";"Reta";"Sim";2;0;1;0;1;0;1;2;-20,20842;-40,269405;"SPRF-ES";"DEL02-ES";"UOP01-DEL02-ES"
521190;2023-05-05;"sexta-feira";"16:00:00";"CE";116;28;"AQUIRAZ";"Demais falhas mecânicas ou elétricas";"Eventos atípicos";"Com Vítimas Feridas";"Pleno dia";"Decrescente";"Céu Claro";"Dupla";"Reta";"Sim";2;0;2;0;0;0;2;2;-3,993072;-38,516277;"SPRF-CE";"DEL01-CE";"UOP02-DEL01-CE"
521192;2023-05-05;"sexta-feira";"13:30:00";"RS";392;636,4;"GUARANI DAS MISSOES";"Velocidade Incompatível";"Saída de leito carroçável";"Com Vítimas Feridas";"Pleno dia";"Crescente";"Chuva";"Simples";"Reta;Declive";"Não";1;0;0;1;0;0;1;1;-28,14587058;-54,51948166;"SPRF-RS";"DEL10-RS";"UOP01-DEL10-RS"
521194;2023-05-05;"sexta-feira";"16:50:00";"MG";381;452;"SABARA";"Velocidade Incompatível";"Colisão traseira";"Com Vítimas Feridas";"Pleno dia";"Crescente";"Céu Claro";"Simples";"Reta";"Não";2;0;1;0;1;0;1;2;-19,84339604;-43,88596993;"SPRF-MG";"DEL01-MG";"UOP01-DEL01-MG"
521195;2023-05-05;"sexta-feira";"15:15:00";"RS";386;442;"CANOAS";"Acumulo de água sobre o pavimento";"Saída de leito carroçável";"Com Vítimas Feridas";"Pleno dia";"Crescente";"Chuva";"Dupla";"Reta";"Não";1;0;1;0;0;0;1;1;-29,885923;-51,223259;"SPRF-RS";"DEL01-RS";"UOP01-DEL01-RS"
521197;2023-05-05;"sexta-feira";"14:00:00";"RS";472;425;"SAO BORJA";"Chuva";"Saída de leito carroçável";"Com Vítimas Feridas";"Pleno dia";"Decrescente";"Chuva";"Simples";"Curva";"Não";2;0;1;1;0;0;2;1;-28,82771205;-56,06279594;"SPRF-RS";"DEL12-RS";"UOP01-DEL12-RS"
521198;2023-05-05;"sexta-feira";"14:45:00";"SC";163;71;"SAO MIGUEL DO OESTE";"Manobra de mudança de faixa";"Colisão lateral mesmo sentido";"Com Vítimas Feridas";"Pleno dia";"Decrescente";"Céu Claro";"Dupla";"Reta";"Sim";2;0;1;0;0;1;1;2;-26,72772401;-53,51281303;"SPRF-SC";"DEL07-SC";"UOP03-DEL07-SC"
521199;2023-05-05;"sexta-feira";"17:35:00";"BA";116;420;"FEIRA DE SANTANA";"Acessar a via sem observar a presença dos outros veículos";"Atropelamento de Pedestre";"Com Vítimas Feridas";"Anoitecer";"Decrescente";"Céu Claro";"Dupla";"Reta";"Não";3;0;2;0;1;0;2;2;-12,20321398;-38,96555531;"SPRF-BA";"DEL02-BA";"UOP01-DEL02-BA"
521202;2023-05-05;"sexta-feira";"17:10:00";"PR";277;71;"SAO JOSE DOS PINHAIS";"Objeto estático sobre o leito carroçável";"Colisão com objeto";"Com Vítimas Feridas";"Pleno dia";"Decrescente";"Céu Claro";"Dupla";"Viaduto;Reta";"Sim";2;0;1;0;1;0;1;1;-25,51086997;-49,12986159;"SPRF-PR";"DEL01-PR";"UOP01-DEL01-PR"
521203;2023-05-05;"sexta-feira";"10:38:00";"MT";364;557;"ROSARIO OESTE";"Reação tardia ou ineficiente do condutor";"Queda de ocupante de veículo";"Com Vítimas Feridas";"Pleno dia";"Decrescente";"Sol";"Dupla";"Reta";"Não";1;0;1;0;0;0;1;1;-14,80097198;-56,40767703;"SPRF-MT";"DEL01-MT";"UOP01-DEL01-MT"
521204;2023-05-05;"sexta-feira";"15:50:00";"MG";116;555,7;"MANHUACU";"Acumulo de óleo sobre o pavimento";"Tombamento";"Com Vítimas Feridas";"Pleno dia";"Crescente";"Sol";"Simples";"Curva;Declive";"Não";1;0;1;0;0;0;1;1;-20,00911074;-42,14328403;"SPRF-MG";"DEL06-MG";"UOP02-DEL06-MG"
521205;2023-03-18;"sábado";"13:35:00";"RS";116;431;"CRISTAL";"Reação tardia ou ineficiente do condutor";"Saída de leito carroçável";"Com Vítimas Feridas";"Pleno dia";"Crescente";"Céu Claro";"Dupla";"Reta";"Não";1;0;0;1;0;0;1;1;-31,02246002;-52,05131205;"SPRF-RS";"DEL02-RS";"UOP02-DEL02-RS"
521206;2023-05-05;"sexta-feira";"17:20:00";"AL";101;191,3;"JUNQUEIRO";"Acessar a via sem observar a presença dos outros veículos";"Colisão transversal";"Com Vítimas Feridas";"Pleno dia";"Decrescente";"Céu Claro";"Simples";"Reta";"Sim";2;0;0;1;1;0;1;2;-9,93330214;-36,47155881;"SPRF-AL";"DEL02-AL";"UOP02-DEL02-AL"
521207;2023-05-05;"sexta-feira";"18:10:00";"RJ";465;0,9;"SEROPEDICA";"Acessar a via sem observar a presença dos outros veículos";"Atropelamento de Pedestre";"Com Vítimas Feridas";"Plena Noite";"Crescente";"Nublado";"Simples";"Reta";"Sim";3;0;0;1;1;1;1;2;-22,713446;-43,734077;"SPRF-RJ";"DEL01-RJ";"UOP03-DEL01-RJ"
521209;2023-05-05;"sexta-feira";"18:15:00";"SC";101;206,9;"SAO JOSE";"Reação tardia ou ineficiente do condutor";"Colisão traseira";"Com Vítimas Feridas";"Plena Noite";"Crescente";"Céu Claro";"Múltipla";"Reta";"Sim";2;0;1;0;1;0;1;2;-27,59193546;-48,61824557;"SPRF-SC";"DEL01-SC";"UOP01-DEL01-SC"
521210;2023-05-05;"sexta-feira";"17:58:00";"RN";101;98;"NATAL";"Velocidade Incompatível";"Colisão traseira";"Com Vítimas Feridas";"Plena Noite";"Crescente";"Nublado";"Dupla";"Reta;Aclive";"Sim";4;0;1;0;3;0;1;3;-5,86567888;-35,21651625;"SPRF-RN";"DEL01-RN";"UOP01-DEL01-RN"
521211;2023-04-27;"quinta-feira";"16:00:00";"RS";0;0;"SAO LEOPOLDO";"Frear bruscamente";"Colisão traseira";"Sem Vítimas";"Pleno dia";"Não Informado";"Céu Claro";"Simples";"Curva;Declive";"Sim";7;0;0;0;7;0;0;2;-29,79453087;-51,16207665;"SPRF-RS";"DEL01-RS";"N/A"
521212;2023-05-05;"sexta-feira";"17:50:00";"SC";101;332,9;"TUBARAO";"Objeto estático sobre o leito carroçável";"Colisão com objeto";"Com Vítimas Feridas";"Anoitecer";"Crescente";"Céu Claro";"Dupla";"Reta";"Não";1;0;1;0;0;0;1;1;-28,46016431;-48,98968873;"SPRF-SC";"DEL02-SC";"UOP01-DEL02-SC"
521213;2023-05-05;"sexta-feira";"12:30:00";"GO";153;586;"PROFESSOR JAMIL";"Ausência de reação do condutor";"Colisão lateral mesmo sentido";"Com Vítimas Feridas";"Pleno dia";"Decrescente";"Céu Claro";"Dupla";"Aclive";"Não";6;0;2;0;4;0;2;2;-17,4342;-49,23;"SPRF-GO";"DEL03-GO";"UOP01-DEL03-GO"
521214;2023-05-05;"sexta-feira";"16:25:00";"SC";101;279,5;"IMBITUBA";"Reação tardia ou ineficiente do condutor";"Colisão com objeto";"Com Vítimas Feridas";"Pleno dia";"Crescente";"Nublado";"Dupla";"Reta";"Não";3;0;2;0;1;0;2;2;-28,17131302;-48,69463482;"SPRF-SC";"DEL02-SC";"UOP03-DEL02-SC"
521215;2023-05-05;"sexta-feira";"18:40:00";"SC";101;212,8;"PALHOCA";"Ausência de reação do condutor";"Colisão traseira";"Com Vítimas Feridas";"Plena Noite";"Decrescente";"Nublado";"Múltipla";"Reta";"Sim";4;0;2;1;1;0;3;2;-27,62996929;-48,65903871;"SPRF-SC";"DEL01-SC";"UOP02-DEL01-SC"
521216;2023-05-05;"sexta-feira";"19:07:00";"SC";101;92,6;"BARRA VELHA";"Condutor deixou de manter distância do veículo da frente";"Colisão traseira";"Com Vítimas Feridas";"Plena Noite";"Decrescente";"Nublado";"Múltipla";"Reta";"Sim";2;0;1;0;1;0;1;2;-26,6806041;-48,6931497;"SPRF-SC";"DEL03-SC";"UOP02-DEL03-SC"
521218;2023-05-05;"sexta-feira";"18:50:00";"RS";293;14;"CAPAO DO LEAO";"Acessar a via sem observar a presença dos outros veículos";"Colisão transversal";"Com Vítimas Feridas";"Plena Noite";"Crescente";"Chuva";"Simples";"Reta";"Sim";2;0;1;0;1;0;1;2;-31,75233352;-52,4609969;"SPRF-RS";"DEL07-RS";"UOP01-DEL07-RS"
521220;2023-05-05;"sexta-feira";"19:00:00";"SP";116;229;"SAO PAULO";"Reação tardia ou ineficiente do condutor";"Colisão traseira";"Com Vítimas Feridas";"Plena Noite";"Crescente";"Nublado";"Múltipla";"Reta";"Não";3;0;2;0;1;0;2;2;-23,51291902;-46,57604698;"SPRF-SP";"DEL01-SP";"UOP01-DEL01-SP"
521221;2023-05-05;"sexta-feira";"18:45:00";"ES";101;296,8;"CARIACICA";"Reação tardia ou ineficiente do condutor";"Colisão traseira";"Com Vítimas Feridas";"Plena Noite";"Decrescente";"Céu Claro";"Dupla";"Curva";"Sim";3;0;2;0;1;0;2;2;-20,34029997;-40,40405712;"SPRF-ES";"DEL01-ES";"UOP01-DEL01-ES"
521222;2023-05-05;"sexta-feira";"18:56:00";"SC";280;27;"ARAQUARI";"Ausência de reação do condutor";"Colisão lateral mesmo sentido";"Com Vítimas Feridas";"Plena Noite";"Decrescente";"Céu Claro";"Simples";"Reta";"Não";2;0;1;0;1;0;1;2;-26,39685622;-48,74021969;"SPRF-SC";"DEL03-SC";"UOP03-DEL03-SC"
521223;2023-05-05;"sexta-feira";"18:50:00";"PR";116;117;"CURITIBA";"Ausência de reação do condutor";"Colisão lateral mesmo sentido";"Com Vítimas Feridas";"Plena Noite";"Decrescente";"Céu Claro";"Dupla";"Reta";"Não";4;0;1;0;3;0;1;2;-25,54988723;-49,28248211;"SPRF-PR";"DEL01-PR";"UOP03-DEL01-PR"
521225;2023-05-05;"sexta-feira";"19:10:00";"GO";60;388;"RIO VERDE";"Acessar a via sem observar a presença dos outros veículos";"Colisão transversal";"Com Vítimas Feridas";"Plena Noite";"Decrescente";"Céu Claro";"Dupla";"Reta";"Sim";2;0;0;2;0;0;2;2;-17,8151;-50,9343;"SPRF-GO";"DEL04-GO";"UOP02-DEL04-GO"
521228;2023-05-05;"sexta-feira";"19:19:00";"ES";101;214;"IBIRACU";"Desrespeitar a preferência no cruzamento";"Colisão transversal";"Com Vítimas Feridas";"Plena Noite";"Crescente";"Céu Claro";"Simples";"Interseção de Vias";"Sim";2;0;0;1;0;1;1;2;-19,82999127;-40,37211181;"SPRF-ES";"DEL02-ES";"UOP01-DEL02-ES"
521229;2023-05-05;"sexta-feira";"19:10:00";"MS";163;689,8;"RIO VERDE DE MATO GROSSO";"Conversão proibida";"Colisão transversal";"Sem Vítimas";"Plena Noite";"Crescente";"Céu Claro";"Simples";"Reta";"Não";2;0;0;0;1;1;0;2;-18,85162011;-54,81995677;"SPRF-MS";"DEL06-MS";"UOP01-DEL06-MS"
521230;2023-05-05;"sexta-feira";"17:00:00";"SC";470;74;"INDAIAL";"Acessar a via sem observar a presença dos outros veículos";"Colisão transversal";"Com Vítimas Feridas";"Pleno dia";"Decrescente";"Céu Claro";"Simples";"Reta";"Não";2;0;0;1;1;0;1;2;-26,916288;-49,280807;"SPRF-SC";"DEL04-SC";"UOP01-DEL04-SC"
521231;2023-05-05;"sexta-feira";"18:50:00";"CE";20;313,6;"CANINDE";"Reação tardia ou ineficiente do condutor";"Colisão lateral mesmo sentido";"Com Vítimas Feridas";"Plena Noite";"Decrescente";"Céu Claro";"Simples";"Aclive;Reta";"Não";3;0;2;0;1;0;2;2;-4,31910384;-39,26945147;"SPRF-CE";"DEL02-CE";"UOP01-DEL02-CE"
521232;2023-05-05;"sexta-feira";"17:40:00";"SC";282;361;"ERVAL VELHO";"Acessar a via sem observar a presença dos outros veículos";"Colisão lateral mesmo sentido";"Com Vítimas Feridas";"Anoitecer";"Decrescente";"Céu Claro";"Múltipla";"Reta";"Não";2;0;2;0;0;0;2;2;-27,310575;-51,373077;"SPRF-SC";"DEL07-SC";"UOP05-DEL07-SC"
521234;2023-05-05;"sexta-feira";"17:45:00";"MG";365;814,8;"SANTA VITORIA";"Animais na Pista";"Atropelamento de Animal";"Com Vítimas Feridas";"Anoitecer";"Decrescente";"Céu Claro";"Simples";"Reta";"Não";1;0;1;0;0;0;1;1;-18,88508441;-50,03918205;"SPRF-MG";"DEL15-MG";"UOP03-DEL15-MG"
521235;2023-05-05;"sexta-feira";"19:10:00";"CE";116;17;"EUSEBIO";"Ausência de reação do condutor";"Saída de leito carroçável";"Com Vítimas Feridas";"Pleno dia";"Crescente";"Céu Claro";"Dupla";"Ponte";"Sim";29;0;19;6;4;0;25;1;-3,89715944;-38,50353956;"SPRF-CE";"DEL01-CE";"UOP02-DEL01-CE"
521236;2023-05-05;"sexta-feira";"20:40:00";"SP";116;226;"GUARULHOS";"Manobra de mudança de faixa";"Colisão com objeto";"Com Vítimas Feridas";"Anoitecer";"Decrescente";"Nublado";"Múltipla";"Reta;Declive";"Sim";2;0;1;0;0;1;1;2;-23,49102507;-46,54878195;"SPRF-SP";"DEL01-SP";"UOP01-DEL01-SP"
521239;2023-05-05;"sexta-feira";"19:50:00";"MG";40;432;"PARAOPEBA";"Condutor deixou de manter distância do veículo da frente";"Colisão traseira";"Sem Vítimas";"Plena Noite";"Decrescente";"Céu Claro";"Dupla";"Reta";"Não";2;0;0;0;1;1;0;2;-19,20302941;-44,47243131;"SPRF-MG";"DEL02-MG";"UOP01-DEL02-MG"
521240;2023-05-05;"sexta-feira";"18:19:00";"SP";381;82;"GUARULHOS";"Manobra de mudança de faixa";"Colisão traseira";"Com Vítimas Feridas";"Anoitecer";"Decrescente";"Céu Claro";"Múltipla";"Reta";"Não";3;0;0;2;1;0;2;2;-23,42399;-46,575112;"SPRF-SP";"DEL03-SP";"UOP01-DEL03-SP"
521241;2023-05-05;"sexta-feira";"20:20:00";"PR";376;500;"PONTA GROSSA";"Desrespeitar a preferência no cruzamento";"Colisão frontal";"Com Vítimas Feridas";"Plena Noite";"Decrescente";"Ignorado";"Simples";"Reta";"Não";3;0;2;0;1;0;2;2;-25,157174;-50,129271;"SPRF-PR";"DEL03-PR";"UOP04-DEL03-PR"
521242;2023-05-05;"sexta-feira";"20:33:00";"SC";282;1,7;"FLORIANOPOLIS";"Trafegar com motocicleta (ou similar) entre as faixas";"Colisão lateral mesmo sentido";"Com Vítimas Feridas";"Plena Noite";"Crescente";"Nublado";"Múltipla";"Reta";"Não";2;0;0;1;1;0;1;2;-27,602955;-48,580509;"SPRF-SC";"DEL01-SC";"UOP01-DEL01-SC"
521243;2023-05-05;"sexta-feira";"19:50:00";"PR";277;1;"PARANAGUA";"Acesso irregular";"Colisão frontal";"Com Vítimas Feridas";"Plena Noite";"Crescente";"Nublado";"Simples";"Rotatória;Reta;Interseção de Vias";"Sim";3;0;2;1;0;0;3;3;-25,568198;-48,615292;"SPRF-PR";"DEL01-PR";"UOP05-DEL01-PR"