"id";"data_inversa";"dia_semana";"horario";"uf";"br";"km";"municipio";"causa_acidente";"tipo_acidente";"classificacao_acidente";"fase_dia";"sentido_via";"condicao_metereologica";"tipo_pista";"tracado_via";"uso_solo";"pessoas";"mortos";"feridos_leves";"feridos_graves";"ilesos";"ignorados";"feridos";"veiculos";"latitude";"longitude";"regional";"delegacia";"uop"
521244;2023-05-05;"sexta-feira";"19:00:00";"RJ";101;318;"SAO GONCALO";"Entrada inopinada do pedestre";"Atropelamento de Pedestre";"Com Vítimas Feridas";"Plena Noite";"Decrescente";"Céu Claro";"Dupla";"Reta";"Sim";2;0;1;0;1;0;1;2;-22,84562994;-43,09841211;"SPRF-RJ";"DEL02-RJ";"UOP02-DEL02-RJ"
521245;2023-05-05;"sexta-feira";"19:30:00";"MG";40;634;"CONSELHEIRO LAFAIETE";"Conversão proibida";"Colisão frontal";"Com Vítimas Feridas";"Plena Noite";"Decrescente";"Céu Claro";"Simples";"Curva";"Sim";2;0;0;1;1;0;1;2;-20,68976185;-43,79012462;"SPRF-MG";"DEL05-MG";"UOP02-DEL05-MG"
521247;2023-05-05;"sexta-feira";"20:10:00";"GO";364;201;"JATAI";"Reação tardia ou ineficiente do condutor";"Colisão com objeto";"Com Vítimas Feridas";"Plena Noite";"Decrescente";"Céu Claro";"Dupla";"Reta;Declive";"Não";1;0;1;0;0;0;1;1;-17,920801;-51,748596;"SPRF-GO";"DEL05-GO";"UOP01-DEL05-GO"
521248;2023-05-05;"sexta-feira";"17:35:00";"SC";282;549;"CHAPECO";"Acessar a via sem observar a presença dos outros veículos";"Colisão transversal";"Com Vítimas Feridas";"Anoitecer";"Crescente";"Nublado";"Simples";"Reta";"Não";3;0;1;1;1;0;2;2;-26,962664;-52,762272;"SPRF-SC";"DEL07-SC";"UOP01-DEL07-SC"
521250;2023-05-05;"sexta-feira";"21:30:00";"RN";101;77,8;"NATAL";"Entrada inopinada do pedestre";"Atropelamento de Pedestre";"Com Vítimas Feridas";"Plena Noite";"Decrescente";"Chuva";"Dupla";"Reta";"Sim";2;0;0;1;1;0;1;2;-5,73180495;-35,29112135;"SPRF-RN";"DEL02-RN";"UOP01-DEL02-RN"
521251;2023-05-05;"sexta-feira";"19:50:00";"SC";101;326;"CAPIVARI DE BAIXO";"Chuva";"Atropelamento de Pedestre";"Com Vítimas Feridas";"Plena Noite";"Crescente";"Chuva";"Simples";"Reta";"Não";2;0;0;1;1;0;1;2;-28,42524483;-48,94302707;"SPRF-SC";"DEL02-SC";"UOP01-DEL02-SC"
521252;2023-05-05;"sexta-feira";"20:30:00";"SC";101;331;"TUBARAO";"Pista Escorregadia";"Saída de leito carroçável";"Sem Vítimas";"Plena Noite";"Crescente";"Chuva";"Dupla";"Reta";"Não";1;0;0;0;1;0;0;1;-28,45567521;-48,9812689;"SPRF-SC";"DEL02-SC";"UOP01-DEL02-SC"
521253;2023-05-05;"sexta-feira";"21:30:00";"MG";40;689,5;"RESSAQUINHA";"Ingestão de álcool ou de substâncias psicoativas pelo pedestre";"Atropelamento de Pedestre";"Com Vítimas Fatais";"Plena Noite";"Decrescente";"Céu Claro";"Simples";"Reta";"Não";2;1;0;0;0;1;0;2;-21,09519266;-43,76911752;"SPRF-MG";"DEL05-MG";"UOP02-DEL05-MG"
521254;2023-05-05;"sexta-feira";"21:40:00";"PR";277;722;"FOZ DO IGUACU";"Pedestre cruzava a pista fora da faixa";"Atropelamento de Pedestre";"Com Vítimas Feridas";"Plena Noite";"Crescente";"Nublado";"Dupla";"Reta";"Sim";2;0;0;1;0;1;1;2;-25,49494908;-54,52095097;"SPRF-PR";"DEL05-PR";"UOP03-DEL05-PR"
521255;2023-05-05;"sexta-feira";"21:10:00";"PB";104;134,1;"QUEIMADAS";"Condutor deixou de manter distância do veículo da frente";"Colisão traseira";"Com Vítimas Feridas";"Plena Noite";"Decrescente";"Céu Claro";"Simples";"Reta;Aclive";"Não";3;0;2;0;0;1;2;2;-7,32562205;-35,89657067;"SPRF-PB";"DEL02-PB";"UOP03-DEL02-PB"
521256;2023-05-05;"sexta-feira";"17:20:00";"MT";70;278;"PRIMAVERA DO LESTE";"Acessar a via sem observar a presença dos outros veículos";"Colisão transversal";"Com Vítimas Feridas";"Anoitecer";"Decrescente";"Céu Claro";"Simples";"Interseção de Vias";"Sim";3;0;0;1;2;0;1;2;-15,56638651;-54,3039608;"SPRF-MT";"DEL05-MT";"UOP01-DEL05-MT"
521257;2023-05-05;"sexta-feira";"13:35:00";"MA";135;61;"BACABEIRA";"Transitar na contramão";"Colisão frontal";"Com Vítimas Fatais";"Pleno dia";"Crescente";"Céu Claro";"Dupla";"Reta;Em Obras";"Sim";2;1;0;0;1;0;0;2;-3,06101506;-44,3210517;"SPRF-MA";"DEL01-MA";"UOP02-DEL01-MA"
521258;2023-05-05;"sexta-feira";"20:35:00";"RS";386;304;"POUSO NOVO";"Demais falhas mecânicas ou elétricas";"Incêndio";"Sem Vítimas";"Plena Noite";"Decrescente";"Chuva";"Simples";"Curva;Aclive";"Não";1;0;0;0;1;0;0;1;-29,178612;-52,195;"SPRF-RS";"DEL04-RS";"UOP01-DEL04-RS"
521259;2023-05-05;"sexta-feira";"22:20:00";"MG";40;779,9;"JUIZ DE FORA";"Animais na Pista";"Atropelamento de Animal";"Com Vítimas Feridas";"Plena Noite";"Crescente";"Nublado";"Dupla";"Reta";"Não";2;0;1;0;0;1;1;2;-21,67939981;-43,44987329;"SPRF-MG";"DEL05-MG";"UOP01-DEL05-MG"
521260;2023-05-05;"sexta-feira";"21:30:00";"MG";262;375;"JUATUBA";"Condutor Dormindo";"Colisão traseira";"Com Vítimas Feridas";"Plena Noite";"Crescente";"Céu Claro";"Múltipla";"Reta;Declive";"Não";2;0;1;0;1;0;1;2;-19,96727284;-44,33288566;"SPRF-MG";"DEL01-MG";"UOP03-DEL01-MG"
521262;2023-05-05;"sexta-feira";"19:20:00";"MG";50;53;"ARAGUARI";"Pedestre andava na pista";"Atropelamento de Pedestre";"Com Vítimas Feridas";"Plena Noite";"Decrescente";"Céu Claro";"Dupla";"Aclive;Curva";"Não";2;0;1;0;0;1;1;2;-18,759049;-48,24054499;"SPRF-MG";"DEL15-MG";"UOP02-DEL15-MG"
521263;2023-05-05;"sexta-feira";"20:40:00";"RJ";116;254;"PIRAI";"Ausência de reação do condutor";"Capotamento";"Com Vítimas Feridas";"Plena Noite";"Crescente";"Céu Claro";"Dupla";"Reta";"Não";1;0;1;0;0;0;1;1;-22,57811624;-43,98644985;"SPRF-RJ";"DEL07-RJ";"UOP01-DEL07-RJ"
521264;2023-05-05;"sexta-feira";"22:25:00";"RS";101;6,5;"TORRES";"Pedestre andava na pista";"Atropelamento de Pedestre";"Com Vítimas Fatais";"Plena Noite";"Crescente";"Chuva";"Simples";"Reta";"Não";3;1;0;0;2;0;0;2;-29,34755416;-49,79310885;"SPRF-RS";"DEL03-RS";"UOP02-DEL03-RS"
521267;2023-05-05;"sexta-feira";"18:00:00";"RS";285;66,7;"BOM JESUS";"Transitar na contramão";"Colisão frontal";"Com Vítimas Fatais";"Anoitecer";"Decrescente";"Chuva";"Simples";"Curva";"Não";2;1;0;0;1;0;0;2;-28,636246;-50,468414;"SPRF-RS";"DEL05-RS";"UOP03-DEL05-RS"
521269;2023-05-05;"sexta-feira";"22:25:00";"ES";262;22;"VIANA";"Ausência de reação do condutor";"Saída de leito carroçável";"Com Vítimas Feridas";"Plena Noite";"Decrescente";"Nublado";"Simples";"Declive";"Sim";2;0;2;0;0;0;2;1;-20,37573476;-40,51281386;"SPRF-ES";"DEL01-ES";"UOP01-DEL01-ES"
521270;2023-05-05;"sexta-feira";"22:30:00";"MS";163;479;"CAMPO GRANDE";"Manobra de mudança de faixa";"Colisão frontal";"Com Vítimas Fatais";"Plena Noite";"Crescente";"Nublado";"Simples";"Reta";"Não";4;1;2;0;1;0;2;2;-20,487322;-54,55929095;"SPRF-MS";"DEL01-MS";"UOP01-DEL01-MS"
521271;2023-05-05;"sexta-feira";"21:50:00";"PB";104;110,6;"LAGOA SECA";"Entrada inopinada do pedestre";"Atropelamento de Pedestre";"Com Vítimas Fatais";"Plena Noite";"Crescente";"Vento";"Simples";"Reta";"Não";2;1;0;0;0;1;0;2;-7,12844791;-35,86084776;"SPRF-PB";"DEL02-PB";"UOP04-DEL02-PB"
521272;2023-05-05;"sexta-feira";"19:30:00";"RJ";40;117;"DUQUE DE CAXIAS";"Avarias e/ou desgaste excessivo no pneu";"Tombamento";"Com Vítimas Feridas";"Plena Noite";"Decrescente";"Céu Claro";"Múltipla";"Reta";"Sim";2;0;1;0;1;0;1;1;-22,745676;-43,2881;"SPRF-RJ";"DEL01-RJ";"UOP01-DEL01-RJ"
521274;2023-05-05;"sexta-feira";"22:50:00";"DF";20;19;"BRASILIA";"Acessar a via sem observar a presença dos outros veículos";"Colisão traseira";"Com Vítimas Feridas";"Plena Noite";"Crescente";"Céu Claro";"Dupla";"Reta";"Não";3;0;0;2;1;0;2;2;-15,612175;-47,700928;"SPRF-DF";"DEL02-DF";"UOP01-DEL02-DF"
521275;2023-05-05;"sexta-feira";"22:00:00";"PR";116;163,9;"QUITANDINHA";"Acessar a via sem observar a presença dos outros veículos";"Colisão lateral mesmo sentido";"Com Vítimas Feridas";"Plena Noite";"Decrescente";"Céu Claro";"Simples";"Reta";"Não";4;0;2;0;2;0;2;2;-25,86442035;-49,41795105;"SPRF-PR";"DEL01-PR";"UOP03-DEL01-PR"
521276;2023-05-05;"sexta-feira";"23:45:00";"GO";60;89;"ANAPOLIS";"Acumulo de areia ou detritos sobre o pavimento";"Tombamento";"Com Vítimas Feridas";"Plena Noite";"Crescente";"Céu Claro";"Dupla";"Curva";"Sim";2;0;1;1;0;0;2;1;-16,3367;-48,8957;"SPRF-GO";"DEL02-GO";"UOP01-DEL02-GO"
521277;2023-05-05;"sexta-feira";"21:45:00";"MG";262;15,8;"MARTINS SOARES";"Pedestre andava na pista";"Atropelamento de Pedestre";"Com Vítimas Feridas";"Plena Noite";"Decrescente";"Nublado";"Simples";"Reta";"Não";2;0;0;1;1;0;1;2;-20,26054008;-41,87631604;"SPRF-MG";"DEL06-MG";"UOP03-DEL06-MG"
521280;2023-05-06;"sábado";"00:30:00";"SC";101;222;"PALHOCA";"Reação tardia ou ineficiente do condutor";"Capotamento";"Com Vítimas Feridas";"Plena Noite";"Crescente";"Céu Claro";"Dupla";"Reta;Aclive";"Não";1;0;0;1;0;0;1;1;-27,70865409;-48,65586407;"SPRF-SC";"DEL01-SC";"UOP02-DEL01-SC"
521283;2023-05-05;"sexta-feira";"18:50:00";"PA";230;496;"ANAPU";"Ultrapassagem Indevida";"Colisão transversal";"Com Vítimas Feridas";"Anoitecer";"Crescente";"Nublado";"Simples";"Reta;Declive";"Sim";4;0;2;1;0;1;3;2;-3,4726185;-51,19865755;"SPRF-PA";"DEL04-PA";"UOP01-DEL04-PA"
521285;2023-05-06;"sábado";"00:00:00";"SC";101;405;"ARARANGUA";"Ingestão de álcool pelo condutor";"Colisão transversal";"Sem Vítimas";"Plena Noite";"Decrescente";"Nublado";"Dupla";"Reta";"Não";2;0;0;0;2;0;0;2;-28,90078171;-49,47516918;"SPRF-SC";"DEL02-SC";"UOP02-DEL02-SC"
521286;2023-05-06;"sábado";"01:26:00";"MG";381;483,4;"BETIM";"Ausência de reação do condutor";"Queda de ocupante de veículo";"Com Vítimas Feridas";"Plena Noite";"Crescente";"Céu Claro";"Dupla";"Aclive";"Não";1;0;0;1;0;0;1;1;-19,95594491;-44,10721699;"SPRF-MG";"DEL01-MG";"UOP03-DEL01-MG"
521287;2023-05-05;"sexta-feira";"19:00:00";"MG";381;457;"BELO HORIZONTE";"Trafegar com motocicleta (ou similar) entre as faixas";"Colisão lateral mesmo sentido";"Com Vítimas Feridas";"Plena Noite";"Decrescente";"Céu Claro";"Dupla";"Reta";"Não";2;0;1;0;1;0;1;2;-19,86134886;-43,92063055;"SPRF-MG";"DEL01-MG";"UOP01-DEL01-MG"
521288;2023-05-06;"sábado";"01:10:00";"PE";101;71,9;"RECIFE";"Ausência de reação do condutor";"Saída de leito carroçável";"Com Vítimas Feridas";"Plena Noite";"Crescente";"Céu Claro";"Dupla";"Reta";"Sim";1;0;1;0;0;0;1;1;-8,084831;-34,94526;"SPRF-PE";"DEL01-PE";"UOP01-DEL01-PE"
521289;2023-05-05;"sexta-feira";"23:45:00";"SC";101;419;"ARARANGUA";"Ingestão de álcool pelo condutor";"Colisão traseira";"Com Vítimas Feridas";"Plena Noite";"Decrescente";"Chuva";"Simples";"Reta";"Sim";2;0;0;1;1;0;1;2;-28,99961893;-49,55646962;"SPRF-SC";"DEL02-SC";"UOP02-DEL02-SC"
521290;2023-05-05;"sexta-feira";"23:24:00";"SC";282;213,9;"LAGES";"Ingestão de álcool pelo condutor";"Saída de leito carroçável";"Sem Vítimas";"Plena Noite";"Decrescente";"Nevoeiro/Neblina";"Simples";"Reta";"Sim";1;0;0;0;1;0;0;1;-27,785299;-50,261921;"SPRF-SC";"DEL05-SC";"UOP01-DEL05-SC"
521291;2023-05-06;"sábado";"00:50:00";"SC";282;258,4;"SAO JOSE DO CERRITO";"Velocidade Incompatível";"Colisão frontal";"Com Vítimas Feridas";"Plena Noite";"Crescente";"Garoa/Chuvisco";"Simples";"Curva";"Não";3;0;3;0;0;0;3;2;-27,659687;-50,591881;"SPRF-SC";"DEL05-SC";"UOP02-DEL05-SC"
521292;2023-05-06;"sábado";"02:30:00";"RJ";40;79;"PETROPOLIS";"Velocidade Incompatível";"Tombamento";"Com Vítimas Feridas";"Plena Noite";"Decrescente";"Céu Claro";"Dupla";"Reta";"Não";1;0;1;0;0;0;1;1;-22,48485874;-43,22843406;"SPRF-RJ";"DEL06-RJ";"UOP01-DEL06-RJ"
521293;2023-05-06;"sábado";"02:00:00";"SC";280;58;"GUARAMIRIM";"Velocidade Incompatível";"Colisão com objeto";"Com Vítimas Feridas";"Plena Noite";"Decrescente";"Céu Claro";"Dupla";"Rotatória";"Sim";2;0;2;0;0;0;2;1;-26,47415593;-49,021211;"SPRF-SC";"DEL03-SC";"UOP03-DEL03-SC"
521294;2023-05-06;"sábado";"02:15:00";"MG";381;502;"BETIM";"Velocidade Incompatível";"Saída de leito carroçável";"Com Vítimas Feridas";"Plena Noite";"Crescente";"Céu Claro";"Dupla";"Reta;Declive";"Sim";1;0;1;0;0;0;1;1;-20,0172825;-44,2244345;"SPRF-MG";"DEL04-MG";"UOP03-DEL04-MG"
521296;2023-05-06;"sábado";"00:20:00";"SC";280;24;"ARAQUARI";"Entrada inopinada do pedestre";"Atropelamento de Pedestre";"Com Vítimas Feridas";"Plena Noite";"Crescente";"Nublado";"Simples";"Reta";"Sim";3;0;2;1;0;0;3;2;-26,37724921;-48,71953282;"SPRF-SC";"DEL03-SC";"UOP03-DEL03-SC"
521298;2023-05-06;"sábado";"03:50:00";"SC";101;205,9;"SAO JOSE";"Avarias e/ou desgaste excessivo no pneu";"Tombamento";"Com Vítimas Feridas";"Plena Noite";"Decrescente";"Nublado";"Múltipla";"Reta";"Sim";1;0;1;0;0;0;1;1;-27,58313237;-48,61532885;"SPRF-SC";"DEL01-SC";"UOP01-DEL01-SC"
521300;2023-05-06;"sábado";"04:35:00";"SC";282;17,3;"PALHOCA";"Demais falhas na via";"Eventos atípicos";"Com Vítimas Feridas";"Plena Noite";"Decrescente";"Garoa/Chuvisco";"Múltipla";"Curva;Desvio Temporário";"Sim";1;0;1;0;0;0;1;1;-27,665707;-48,688065;"SPRF-SC";"DEL01-SC";"UOP02-DEL01-SC"
521302;2023-05-06;"sábado";"04:00:00";"SC";282;579;"PINHALZINHO";"Iluminação deficiente";"Colisão traseira";"Com Vítimas Feridas";"Plena Noite";"Crescente";"Nevoeiro/Neblina";"Simples";"Reta";"Sim";1;0;0;1;0;0;1;1;-26,835443;-52,990578;"SPRF-SC";"DEL07-SC";"UOP02-DEL07-SC"
521304;2023-05-06;"sábado";"04:40:00";"RJ";116;214,5;"SEROPEDICA";"Objeto estático sobre o leito carroçável";"Incêndio";"Sem Vítimas";"Amanhecer";"Crescente";"Nublado";"Dupla";"Curva";"Não";1;0;0;0;1;0;0;1;-22,713438;-43,734085;"SPRF-RJ";"DEL01-RJ";"UOP03-DEL01-RJ"
521306;2023-05-06;"sábado";"05:00:00";"CE";222;4,6;"CAUCAIA";"Manobra de mudança de faixa";"Colisão lateral mesmo sentido";"Com Vítimas Feridas";"Amanhecer";"Crescente";"Céu Claro";"Simples";"Reta";"Sim";2;0;1;0;0;1;1;2;-3,74164754;-38,60449792;"SPRF-CE";"DEL01-CE";"UOP01-DEL01-CE"
521307;2023-05-05;"sexta-feira";"23:21:00";"BA";420;258;"MUTUIPE";"Demais falhas mecânicas ou elétricas";"Incêndio";"Sem Vítimas";"Plena Noite";"Crescente";"Garoa/Chuvisco";"Simples";"Reta";"Sim";1;0;0;0;1;0;0;1;-13,22888895;-39,52658297;"SPRF-BA";"DEL01-BA";"UOP02-DEL01-BA"
521308;2023-05-06;"sábado";"04:55:00";"MS";163;633;"SAO GABRIEL DO OESTE";"Ausência de reação do condutor";"Colisão com objeto";"Sem Vítimas";"Amanhecer";"Crescente";"Céu Claro";"Dupla";"Reta";"Não";2;0;0;0;2;0;0;1;-19,26482891;-54,66041488;"SPRF-MS";"DEL06-MS";"UOP02-DEL06-MS"
521309;2023-05-06;"sábado";"04:30:00";"PI";343;347;"TERESINA";"Ingestão de álcool pelo condutor";"Colisão com objeto";"Sem Vítimas";"Amanhecer";"Crescente";"Céu Claro";"Dupla";"Reta";"Sim";1;0;0;0;0;1;0;1;-5,114822;-42,778355;"SPRF-PI";"DEL01-PI";"UOP01-DEL01-PI"
521311;2023-05-06;"sábado";"04:30:00";"PR";277;667;"MEDIANEIRA";"Condutor Dormindo";"Colisão com objeto";"Com Vítimas Feridas";"Plena Noite";"Decrescente";"Céu Claro";"Dupla";"Reta";"Sim";1;0;1;0;0;0;1;1;-25,26577498;-54,05432901;"SPRF-PR";"DEL05-PR";"UOP02-DEL05-PR"
521312;2023-05-06;"sábado";"05:10:00";"RS";101;60,3;"MAQUINE";"Chuva";"Saída de leito carroçável";"Com Vítimas Feridas";"Amanhecer";"Crescente";"Chuva";"Dupla";"Reta";"Não";1;0;1;0;0;0;1;1;-29,686925;-50,151698;"SPRF-RS";"DEL03-RS";"UOP02-DEL03-RS"
521314;2023-05-06;"sábado";"05:48:00";"PE";101;3;"JABOATAO DOS GUARARAPES";"Ausência de reação do condutor";"Colisão frontal";"Com Vítimas Feridas";"Pleno dia";"Crescente";"Céu Claro";"Simples";"Reta";"Sim";2;0;0;1;1;0;1;2;-8,202492;-34,960422;"SPRF-PE";"DEL01-PE";"UOP02-DEL01-PE"
521316;2023-05-06;"sábado";"03:00:00";"MG";116;454,7;"ENGENHEIRO CALDAS";"Ausência de reação do condutor";"Atropelamento de Animal";"Com Vítimas Fatais";"Amanhecer";"Decrescente";"Nublado";"Simples";"Reta";"Não";1;1;0;0;0;0;0;1;-19,18425398;-42,04045306;"SPRF-MG";"DEL06-MG";"UOP02-DEL06-MG"
521317;2023-05-06;"sábado";"04:50:00";"MS";163;698,8;"RIO VERDE DE MATO GROSSO";"Ingestão de álcool pelo condutor";"Colisão com objeto";"Sem Vítimas";"Pleno dia";"Crescente";"Céu Claro";"Simples";"Reta";"Não";1;0;0;0;0;1;0;1;-18,77375596;-54,82961477;"SPRF-MS";"DEL06-MS";"UOP01-DEL06-MS"
521318;2023-05-06;"sábado";"06:00:00";"PB";230;460,1;"SOUSA";"Velocidade Incompatível";"Saída de leito carroçável";"Com Vítimas Feridas";"Pleno dia";"Crescente";"Céu Claro";"Simples";"Declive";"Não";2;0;1;1;0;0;2;1;-6,7752;-38,1982;"SPRF-PB";"DEL03-PB";"UOP03-DEL03-PB"
521319;2023-05-06;"sábado";"06:20:00";"PB";101;85;"BAYEUX";"Pedestre cruzava a pista fora da faixa";"Atropelamento de Pedestre";"Com Vítimas Feridas";"Pleno dia";"Decrescente";"Céu Claro";"Dupla";"Reta";"Sim";2;0;1;1;0;0;2;2;-7,14538184;-34,91662887;"SPRF-PB";"DEL01-PB";"UOP01-DEL01-PB"
521320;2023-05-06;"sábado";"05:50:00";"RO";364;242;"CACOAL";"Transitar na contramão";"Colisão frontal";"Com Vítimas Feridas";"Amanhecer";"Decrescente";"Nublado";"Simples";"Reta";"Sim";6;0;0;1;5;0;1;2;-11,44084787;-61,48767999;"SPRF-RO";"DEL02-RO";"UOP02-DEL02-RO"
521323;2023-05-06;"sábado";"06:00:00";"PB";230;75,7;"RIACHAO DO POCO";"Reação tardia ou ineficiente do condutor";"Tombamento";"Com Vítimas Feridas";"Amanhecer";"Crescente";"Céu Claro";"Dupla";"Reta";"Não";1;0;1;0;0;0;1;1;-7,18732404;-35,28527141;"SPRF-PB";"DEL01-PB";"UOP03-DEL01-PB"
521324;2023-03-03;"sexta-feira";"15:00:00";"RS";290;83;"GRAVATAI";"Ausência de reação do condutor";"Colisão traseira";"Com Vítimas Feridas";"Pleno dia";"Crescente";"Nublado";"Múltipla";"Reta";"Sim";7;0;4;0;3;0;4;3;-29,959141;-51,088791;"SPRF-RS";"DEL01-RS";"UOP01-DEL01-RS"
521327;2023-05-05;"sexta-feira";"13:30:00";"SP";116;132,6;"CACAPAVA";"Avarias e/ou desgaste excessivo no pneu";"Queda de ocupante de veículo";"Com Vítimas Feridas";"Pleno dia";"Crescente";"Céu Claro";"Dupla";"Reta";"Não";1;0;1;0;0;0;1;1;-23,13169757;-45,74481322;"SPRF-SP";"DEL02-SP";"UOP02-DEL02-SP"
521328;2023-05-06;"sábado";"06:20:00";"ES";101;299;"VIANA";"Velocidade Incompatível";"Colisão transversal";"Com Vítimas Feridas";"Pleno dia";"Decrescente";"Céu Claro";"Simples";"Curva;Viaduto;Retorno Regulamentado";"Sim";2;0;0;1;1;0;1;2;-20,35860628;-40,42327504;"SPRF-ES";"DEL01-ES";"UOP01-DEL01-ES"
521329;2023-05-06;"sábado";"05:40:00";"ES";262;49;"MARECHAL FLORIANO";"Ultrapassagem Indevida";"Colisão frontal";"Com Vítimas Feridas";"Amanhecer";"Crescente";"Céu Claro";"Simples";"Reta";"Não";2;0;1;0;1;0;1;2;-20,41251052;-40,69798571;"SPRF-ES";"DEL01-ES";"UOP01-DEL01-ES"
521330;2023-05-06;"sábado";"07:30:00";"SC";101;205,1;"SAO JOSE";"Reação tardia ou ineficiente do condutor";"Colisão com objeto";"Sem Vítimas";"Pleno dia";"Crescente";"Céu Claro";"Dupla";"Interseção de Vias";"Sim";2;0;0;0;2;0;0;1;-27,58313237;-48,61532885;"SPRF-SC";"DEL01-SC";"UOP01-DEL01-SC"
521331;2023-05-06;"sábado";"07:30:00";"SC";101;75,9;"ARAQUARI";"Demais falhas mecânicas ou elétricas";"Incêndio";"Sem Vítimas";"Pleno dia";"Decrescente";"Nublado";"Múltipla";"Reta";"Sim";1;0;0;0;1;0;0;1;-26,5519717;-48,71688324;"SPRF-SC";"DEL03-SC";"UOP02-DEL03-SC"
521333;2023-05-03;"quarta-feira";"07:20:00";"PR";277;704;"SANTA TEREZINHA DE ITAIPU";"Ultrapassagem Indevida";"Saída de leito carroçável";"Com Vítimas Feridas";"Pleno dia";"Crescente";"Céu Claro";"Dupla";"Reta";"Não";2;0;1;0;0;1;1;2;-25,42529621;-54,36142389;"SPRF-PR";"DEL05-PR";"UOP01-DEL05-PR"
521334;2023-05-06;"sábado";"06:50:00";"RS";386;12,5;"IRAI";"Ingestão de álcool pelo condutor";"Colisão com objeto";"Sem Vítimas";"Amanhecer";"Decrescente";"Nevoeiro/Neblina";"Simples";"Curva;Declive;Ponte";"Não";1;0;0;0;1;0;0;1;-27,225494;-53,319019;"SPRF-RS";"DEL08-RS";"UOP02-DEL08-RS"
521335;2023-05-06;"sábado";"04:40:00";"RS";470;239;"CARLOS BARBOSA";"Ausência de reação do condutor";"Saída de leito carroçável";"Sem Vítimas";"Plena Noite";"Crescente";"Garoa/Chuvisco";"Simples";"Curva";"Sim";2;0;0;0;2;0;0;1;-29,33245195;-51,49967406;"SPRF-RS";"DEL06-RS";"UOP01-DEL06-RS"
521336;2023-05-06;"sábado";"07:55:00";"RS";116;143,8;"CAXIAS DO SUL";"Velocidade Incompatível";"Capotamento";"Com Vítimas Feridas";"Pleno dia";"Decrescente";"Nublado";"Dupla";"Curva";"Sim";1;0;1;0;0;0;1;1;-29,11936173;-51,12251759;"SPRF-RS";"DEL05-RS";"UOP01-DEL05-RS"
521339;2023-05-06;"sábado";"08:25:00";"PR";376;10,8;"MARINGA";"Avarias e/ou desgaste excessivo no pneu";"Colisão traseira";"Com Vítimas Feridas";"Pleno dia";"Decrescente";"Céu Claro";"Dupla";"Reta;Aclive";"Não";2;0;1;0;1;0;1;2;-23,4273;-51,9375;"SPRF-PR";"DEL09-PR";"UOP01-DEL09-PR"
521340;2023-05-06;"sábado";"08:00:00";"SC";101;209,9;"SAO JOSE";"Reação tardia ou ineficiente do condutor";"Colisão traseira";"Sem Vítimas";"Pleno dia";"Decrescente";"Céu Claro";"Dupla";"Reta";"Não";1;0;0;0;1;0;0;1;-27,61000542;-48,63895057;"SPRF-SC";"DEL01-SC";"UOP01-DEL01-SC"
521341;2023-05-06;"sábado";"06:38:00";"PE";101;58;"RECIFE";"Condutor deixou de manter distância do veículo da frente";"Colisão traseira";"Com Vítimas Feridas";"Pleno dia";"Decrescente";"Céu Claro";"Dupla";"Reta";"Não";2;0;0;1;1;0;1;2;-7,97063209;-34,92064675;"SPRF-PE";"DEL01-PE";"UOP02-DEL01-PE"
521342;2023-05-06;"sábado";"08:10:00";"RJ";495;2;"TERESOPOLIS";"Acessar a via sem observar a presença dos outros veículos";"Tombamento";"Com Vítimas Feridas";"Amanhecer";"Crescente";"Céu Claro";"Simples";"Reta";"Sim";2;0;1;0;0;1;1;2;-22,397038;-42,984928;"SPRF-RJ";"DEL04-RJ";"UOP01-DEL04-RJ"
521344;2023-05-06;"sábado";"07:10:00";"SE";101;95,5;"SAO CRISTOVAO";"Acumulo de água sobre o pavimento";"Saída de leito carroçável";"Sem Vítimas";"Pleno dia";"Crescente";"Chuva";"Dupla";"Retorno Regulamentado";"Não";1;0;0;0;1;0;0;1;-10,91256274;-37,15981218;"SPRF-SE";"DEL02-SE";"UOP01-DEL02-SE"
521345;2023-05-06;"sábado";"08:40:00";"PR";277;21;"MORRETES";"Ingestão de álcool pelo condutor";"Colisão com objeto";"Com Vítimas Feridas";"Pleno dia";"Decrescente";"Nublado";"Dupla";"Interseção de Vias";"Sim";2;0;1;0;1;0;1;1;-25,55074432;-48,67135211;"SPRF-PR";"DEL01-PR";"UOP05-DEL01-PR"
521347;2023-04-23;"domingo";"02:40:00";"SC";101;152;"ITAPEMA";"Ausência de reação do condutor";"Colisão traseira";"Com Vítimas Feridas";"Plena Noite";"Decrescente";"Céu Claro";"Dupla";"Reta";"Não";3;0;0;2;0;1;2;2;-27,13563503;-48,61004665;"SPRF-SC";"DEL04-SC";"UOP03-DEL04-SC"
521348;2023-05-06;"sábado";"08:30:00";"MA";316;550,7;"CAXIAS";"Demais falhas mecânicas ou elétricas";"Queda de ocupante de veículo";"Com Vítimas Feridas";"Pleno dia";"Crescente";"Céu Claro";"Simples";"Reta";"Não";1;0;1;0;0;0;1;1;-4,886773;-43,362507;"SPRF-MA";"DEL03-MA";"UOP02-DEL03-MA"
521350;2023-05-06;"sábado";"10:15:00";"ES";262;158,8;"IBATIBA";"Velocidade Incompatível";"Colisão lateral mesmo sentido";"Com Vítimas Feridas";"Pleno dia";"Crescente";"Sol";"Simples";"Reta";"Não";2;0;1;0;1;0;1;2;-20,23111383;-41,49626094;"SPRF-ES";"DEL01-ES";"UOP02-DEL01-ES"
521351;2023-05-06;"sábado";"10:08:00";"SP";116;283,7;"EMBU DAS ARTES";"Manobra de mudança de faixa";"Queda de ocupante de veículo";"Com Vítimas Feridas";"Pleno dia";"Decrescente";"Nublado";"Dupla";"Reta";"Sim";2;0;1;1;0;0;2;1;-23,674738;-46,856449;"SPRF-SP";"DEL04-SP";"UOP01-DEL04-SP"