"id";"data_inversa";"dia_semana";"horario";"uf";"br";"km";"municipio";"causa_acidente";"tipo_acidente";"classificacao_acidente";"fase_dia";"sentido_via";"condicao_metereologica";"tipo_pista";"tracado_via";"uso_solo";"pessoas";"mortos";"feridos_leves";"feridos_graves";"ilesos";"ignorados";"feridos";"veiculos";"latitude";"longitude";"regional";"delegacia";"uop"
521571;2023-05-06;"sábado";"14:49:00";"PB";412;119,4;"SUME";"Mal súbito do condutor";"Saída de leito carroçável";"Com Vítimas Fatais";"Pleno dia";"Crescente";"Céu Claro";"Simples";"Reta;Declive";"Não";1;1;0;0;0;0;0;1;-7,730964;-36,954933;"SPRF-PB";"DEL02-PB";"UOP02-DEL02-PB"
521572;2023-05-07;"domingo";"10:20:00";"SP";116;107;"TAUBATE";"Avarias e/ou desgaste excessivo no pneu";"Tombamento";"Com Vítimas Feridas";"Pleno dia";"Crescente";"Céu Claro";"Dupla";"Reta";"Sim";2;0;2;0;0;0;2;1;-23,01791287;-45,53009409;"SPRF-SP";"DEL02-SP";"UOP02-DEL02-SP"
521574;2023-05-07;"domingo";"10:50:00";"AL";104;47;"BRANQUINHA";"Demais falhas mecânicas ou elétricas";"Colisão lateral mesmo sentido";"Com Vítimas Feridas";"Pleno dia";"Crescente";"Céu Claro";"Simples";"Reta;Declive";"Não";3;0;2;0;1;0;2;2;-9,2457014;-36,00588206;"SPRF-AL";"DEL01-AL";"UOP02-DEL01-AL"
521578;2023-05-07;"domingo";"09:15:00";"BA";324;365;"SAO JOSE DO JACUIPE";"Acessar a via sem observar a presença dos outros veículos";"Colisão traseira";"Com Vítimas Feridas";"Pleno dia";"Crescente";"Céu Claro";"Simples";"Reta;Aclive";"Não";2;0;0;1;1;0;1;2;-11,41148219;-39,92589707;"SPRF-BA";"DEL04-BA";"UOP02-DEL04-BA"
521580;2023-05-07;"domingo";"06:20:00";"CE";116;1;"FORTALEZA";"Ingestão de álcool pelo condutor";"Colisão com objeto";"Com Vítimas Feridas";"Pleno dia";"Decrescente";"Céu Claro";"Dupla";"Reta";"Sim";1;0;1;0;0;0;1;1;-3,76159894;-38,51900662;"SPRF-CE";"DEL01-CE";"UOP02-DEL01-CE"
521582;2023-05-07;"domingo";"11:22:00";"SP";153;183,1;"LINS";"Reação tardia ou ineficiente do condutor";"Tombamento";"Com Vítimas Feridas";"Pleno dia";"Decrescente";"Céu Claro";"Simples";"Reta";"Não";1;0;1;0;0;0;1;1;-21,70725279;-49,80257014;"SPRF-SP";"DEL07-SP";"UOP01-DEL07-SP"
521584;2023-05-07;"domingo";"09:55:00";"MT";163;697;"SORRISO";"Demais falhas mecânicas ou elétricas";"Saída de leito carroçável";"Com Vítimas Feridas";"Pleno dia";"Decrescente";"Céu Claro";"Simples";"Reta";"Não";3;0;2;0;1;0;2;1;-12,999;-55,886;"SPRF-MT";"DEL06-MT";"UOP01-DEL06-MT"
521585;2023-05-07;"domingo";"00:40:00";"MT";158;547;"AGUA BOA";"Animais na Pista";"Atropelamento de Animal";"Sem Vítimas";"Plena Noite";"Decrescente";"Céu Claro";"Simples";"Declive";"Não";1;0;0;0;1;0;0;1;-13,89393479;-52,06886534;"SPRF-MT";"DEL07-MT";"UOP02-DEL07-MT"
521587;2023-05-07;"domingo";"09:10:00";"RO";364;544,9;"RIO CRESPO";"Ingestão de álcool pelo condutor";"Saída de leito carroçável";"Sem Vítimas";"Pleno dia";"Crescente";"Céu Claro";"Simples";"Declive;Reta";"Não";1;0;0;0;1;0;0;1;-9,69258495;-63,10766741;"SPRF-RO";"DEL03-RO";"UOP01-DEL03-RO"
521589;2023-05-07;"domingo";"08:50:00";"RO";364;268;"CACOAL";"Reação tardia ou ineficiente do condutor";"Tombamento";"Com Vítimas Feridas";"Pleno dia";"Decrescente";"Céu Claro";"Simples";"Reta";"Não";2;0;1;1;0;0;2;1;-11,37734201;-61,695898;"SPRF-RO";"DEL02-RO";"UOP02-DEL02-RO"
521592;2023-05-07;"domingo";"12:15:00";"RJ";116;170;"RIO DE JANEIRO";"Frear bruscamente";"Colisão traseira";"Com Vítimas Feridas";"Pleno dia";"Crescente";"Céu Claro";"Múltipla";"Reta";"Não";1;0;1;0;0;0;1;1;-22,81113183;-43,3336729;"SPRF-RJ";"DEL01-RJ";"UOP02-DEL01-RJ"
521597;2023-05-07;"domingo";"13:50:00";"SC";101;157;"PORTO BELO";"Ausência de reação do condutor";"Colisão traseira";"Com Vítimas Feridas";"Pleno dia";"Decrescente";"Céu Claro";"Dupla";"Reta";"Sim";3;0;2;1;0;0;3;2;-27,181625;-48,6121179;"SPRF-SC";"DEL04-SC";"UOP03-DEL04-SC"
521600;2023-05-07;"domingo";"15:10:00";"MG";381;900,9;"CAMBUI";"Reação tardia ou ineficiente do condutor";"Colisão transversal";"Sem Vítimas";"Pleno dia";"Decrescente";"Céu Claro";"Múltipla";"Reta";"Sim";4;0;0;0;4;0;0;2;-22,62859214;-46,07769012;"SPRF-MG";"DEL16-MG";"UOP03-DEL16-MG"
521601;2023-05-07;"domingo";"14:48:00";"MG";381;350;"JOAO MONLEVADE";"Conversão proibida";"Colisão transversal";"Com Vítimas Feridas";"Pleno dia";"Crescente";"Céu Claro";"Simples";"Interseção de Vias";"Não";8;0;4;0;4;0;4;2;-19,84953832;-43,15779198;"SPRF-MG";"DEL03-MG";"UOP01-DEL03-MG"
521602;2023-05-07;"domingo";"14:30:00";"MS";60;392;"SIDROLANDIA";"Reação tardia ou ineficiente do condutor";"Saída de leito carroçável";"Com Vítimas Feridas";"Pleno dia";"Crescente";"Céu Claro";"Simples";"Reta";"Não";4;0;4;0;0;0;4;1;-20,7294781;-54,77849564;"SPRF-MS";"DEL01-MS";"UOP04-DEL01-MS"
521603;2023-05-07;"domingo";"15:00:00";"MG";381;498;"BETIM";"Reação tardia ou ineficiente do condutor";"Colisão com objeto";"Com Vítimas Feridas";"Pleno dia";"Decrescente";"Céu Claro";"Dupla";"Reta";"Sim";1;0;1;0;0;0;1;1;-19,98012476;-44,20040131;"SPRF-MG";"DEL04-MG";"UOP03-DEL04-MG"
521606;2023-05-07;"domingo";"15:10:00";"RJ";465;12;"SEROPEDICA";"Reação tardia ou ineficiente do condutor";"Queda de ocupante de veículo";"Com Vítimas Feridas";"Pleno dia";"Decrescente";"Céu Claro";"Simples";"Reta";"Sim";1;0;1;0;0;0;1;1;-22,791252;-43,651257;"SPRF-RJ";"DEL01-RJ";"UOP03-DEL01-RJ"
521608;2023-03-31;"sexta-feira";"19:00:00";"RS";386;442;"CANOAS";"Ausência de reação do condutor";"Saída de leito carroçável";"Com Vítimas Feridas";"Plena Noite";"Decrescente";"Nublado";"Simples";"Reta";"Sim";1;0;0;1;0;0;1;1;-29,885923;-51,223259;"SPRF-RS";"DEL01-RS";"UOP01-DEL01-RS"
521609;2023-05-07;"domingo";"15:20:00";"PR";116;91,1;"SAO JOSE DOS PINHAIS";"Velocidade Incompatível";"Colisão frontal";"Com Vítimas Feridas";"Pleno dia";"Decrescente";"Céu Claro";"Dupla";"Reta";"Não";5;0;4;0;1;0;4;2;-25,46961587;-49,09184037;"SPRF-PR";"DEL01-PR";"UOP07-DEL01-PR"
521610;2023-05-07;"domingo";"16:20:00";"MG";381;765;"CAMPANHA";"Velocidade Incompatível";"Saída de leito carroçável";"Com Vítimas Feridas";"Pleno dia";"Decrescente";"Céu Claro";"Dupla";"Curva";"Não";1;0;0;1;0;0;1;1;-21,75667108;-45,40552196;"SPRF-MG";"DEL16-MG";"UOP02-DEL16-MG"
521611;2023-05-07;"domingo";"16:40:00";"DF";20;21;"BRASILIA";"Ingestão de álcool pelo condutor";"Colisão traseira";"Sem Vítimas";"Pleno dia";"Crescente";"Céu Claro";"Dupla";"Reta";"Sim";2;0;0;0;2;0;0;2;-15,603384;-47,684692;"SPRF-DF";"DEL02-DF";"UOP01-DEL02-DF"
521613;2023-05-07;"domingo";"16:16:00";"SC";101;235;"PALHOCA";"Estacionar ou parar em local proibido";"Eventos atípicos";"Com Vítimas Feridas";"Pleno dia";"Crescente";"Céu Claro";"Dupla";"Aclive;Reta";"Não";7;0;1;1;4;1;2;6;-27,8177775;-48,6315025;"SPRF-SC";"DEL01-SC";"UOP02-DEL01-SC"
521614;2023-05-07;"domingo";"16:40:00";"SP";116;144;"SAO JOSE DOS CAMPOS";"Demais falhas mecânicas ou elétricas";"Tombamento";"Com Vítimas Feridas";"Pleno dia";"Crescente";"Céu Claro";"Dupla";"Reta;Aclive";"Não";1;0;1;0;0;0;1;1;-23,18274416;-45,84633592;"SPRF-SP";"DEL02-SP";"UOP01-DEL02-SP"
521615;2023-05-07;"domingo";"15:00:00";"MG";267;9,6;"LEOPOLDINA";"Reação tardia ou ineficiente do condutor";"Saída de leito carroçável";"Com Vítimas Feridas";"Pleno dia";"Decrescente";"Céu Claro";"Simples";"Reta";"Não";3;0;0;1;2;0;1;1;-21,57023666;-42,69169186;"SPRF-MG";"DEL07-MG";"UOP01-DEL07-MG"
521616;2023-05-07;"domingo";"15:30:00";"RO";364;49;"VILHENA";"Reação tardia ou ineficiente do condutor";"Queda de ocupante de veículo";"Com Vítimas Feridas";"Pleno dia";"Decrescente";"Garoa/Chuvisco";"Simples";"Declive";"Não";1;0;0;1;0;0;1;1;-12,567835;-60,35;"SPRF-RO";"DEL04-RO";"UOP01-DEL04-RO"
521618;2023-05-07;"domingo";"17:00:00";"SC";470;53;"BLUMENAU";"Acessar a via sem observar a presença dos outros veículos";"Colisão transversal";"Com Vítimas Feridas";"Pleno dia";"Crescente";"Céu Claro";"Simples";"Rotatória;Interseção de Vias";"Sim";3;0;1;0;2;0;1;2;-26,86519482;-49,09972429;"SPRF-SC";"DEL04-SC";"UOP01-DEL04-SC"
521619;2023-05-07;"domingo";"17:10:00";"RS";472;577;"URUGUAIANA";"Acessar a via sem observar a presença dos outros veículos";"Colisão transversal";"Com Vítimas Feridas";"Pleno dia";"Crescente";"Nublado";"Simples";"Rotatória";"Sim";3;0;1;0;2;0;1;2;-29,78018101;-57,06395388;"SPRF-RS";"DEL13-RS";"UOP01-DEL13-RS"
521620;2023-05-07;"domingo";"16:30:00";"RN";304;43,7;"MOSSORO";"Ingestão de álcool pelo condutor";"Saída de leito carroçável";"Com Vítimas Feridas";"Pleno dia";"Crescente";"Céu Claro";"Dupla";"Reta";"Não";3;0;2;0;0;1;2;1;-5,21815835;-37,36500124;"SPRF-RN";"DEL04-RN";"UOP01-DEL04-RN"
521624;2023-05-07;"domingo";"17:10:00";"MS";163;226,8;"CAARAPO";"Reação tardia ou ineficiente do condutor";"Colisão frontal";"Com Vítimas Feridas";"Anoitecer";"Crescente";"Céu Claro";"Simples";"Curva;Declive";"Não";2;0;0;2;0;0;2;2;-22,48228508;-54,86635369;"SPRF-MS";"DEL04-MS";"UOP02-DEL04-MS"
521625;2023-05-07;"domingo";"18:00:00";"SC";101;208;"SAO JOSE";"Demais falhas mecânicas ou elétricas";"Tombamento";"Com Vítimas Feridas";"Plena Noite";"Decrescente";"Nublado";"Dupla";"Reta";"Sim";2;0;2;0;0;0;2;1;-27,60327979;-48,63201818;"SPRF-SC";"DEL01-SC";"UOP01-DEL01-SC"
521626;2023-05-07;"domingo";"17:30:00";"SC";280;125;"RIO NEGRINHO";"Acessar a via sem observar a presença dos outros veículos";"Colisão lateral mesmo sentido";"Com Vítimas Feridas";"Anoitecer";"Crescente";"Céu Claro";"Simples";"Reta";"Não";4;0;1;0;3;0;1;2;-26,23763684;-49,48434497;"SPRF-SC";"DEL06-SC";"UOP03-DEL06-SC"
521627;2023-05-07;"domingo";"18:15:00";"BA";135;143;"RIACHAO DAS NEVES";"Objeto estático sobre o leito carroçável";"Atropelamento de Animal";"Com Vítimas Feridas";"Anoitecer";"Decrescente";"Céu Claro";"Simples";"Reta";"Não";3;0;0;2;0;1;2;2;-11,89104912;-44,85957088;"SPRF-BA";"DEL08-BA";"UOP04-DEL08-BA"
521628;2023-05-07;"domingo";"18:29:00";"ES";101;205;"JOAO NEIVA";"Reação tardia ou ineficiente do condutor";"Colisão transversal";"Com Vítimas Feridas";"Plena Noite";"Crescente";"Céu Claro";"Simples";"Reta";"Sim";3;0;1;0;2;0;1;2;-19,75823196;-40,3795009;"SPRF-ES";"DEL02-ES";"UOP01-DEL02-ES"
521629;2023-05-07;"domingo";"18:30:00";"MG";262;93,8;"ABRE CAMPO";"Acessar a via sem observar a presença dos outros veículos";"Colisão transversal";"Com Vítimas Feridas";"Plena Noite";"Decrescente";"Céu Claro";"Simples";"Reta";"Sim";3;0;0;2;1;0;2;2;-20,31114512;-42,46595621;"SPRF-MG";"DEL03-MG";"UOP03-DEL03-MG"
521631;2023-05-07;"domingo";"18:30:00";"PB";101;84,3;"BAYEUX";"Manobra de mudança de faixa";"Colisão lateral mesmo sentido";"Com Vítimas Feridas";"Plena Noite";"Decrescente";"Nublado";"Dupla";"Reta";"Sim";2;0;1;0;1;0;1;2;-7,13957906;-34,92312806;"SPRF-PB";"DEL01-PB";"UOP01-DEL01-PB"
521633;2023-05-07;"domingo";"17:40:00";"PR";376;619;"SAO JOSE DOS PINHAIS";"Reação tardia ou ineficiente do condutor";"Queda de ocupante de veículo";"Com Vítimas Feridas";"Plena Noite";"Decrescente";"Céu Claro";"Dupla";"Reta";"Sim";1;0;1;0;0;0;1;1;-25,60034699;-49,17355691;"SPRF-PR";"DEL01-PR";"UOP04-DEL01-PR"
521634;2023-05-07;"domingo";"18:50:00";"GO";50;96,3;"CRISTALINA";"Velocidade Incompatível";"Atropelamento de Pedestre";"Com Vítimas Feridas";"Plena Noite";"Decrescente";"Céu Claro";"Simples";"Reta";"Sim";2;0;0;1;0;1;1;2;-16,9309;-47,7117;"SPRF-DF";"DEL01-DF";"UOP02-DEL01-DF"
521635;2023-05-07;"domingo";"18:47:00";"ES";101;325,5;"GUARAPARI";"Ausência de reação do condutor";"Tombamento";"Com Vítimas Feridas";"Plena Noite";"Decrescente";"Céu Claro";"Dupla";"Reta";"Não";1;0;0;1;0;0;1;1;-20,55491301;-40,48064614;"SPRF-ES";"DEL03-ES";"UOP01-DEL03-ES"
521636;2023-05-07;"domingo";"18:05:00";"PR";277;77;"CURITIBA";"Ausência de reação do condutor";"Colisão traseira";"Sem Vítimas";"Plena Noite";"Crescente";"Céu Claro";"Dupla";"Curva";"Sim";2;0;0;0;2;0;0;2;-25,496039;-49,163416;"SPRF-PR";"DEL01-PR";"UOP01-DEL01-PR"
521637;2023-05-07;"domingo";"18:10:00";"PR";476;344;"PAULA FREITAS";"Reação tardia ou ineficiente do condutor";"Colisão com objeto";"Com Vítimas Feridas";"Plena Noite";"Decrescente";"Céu Claro";"Simples";"Curva";"Não";2;0;0;1;1;0;1;1;-26,18211;-50,925163;"SPRF-PR";"DEL02-PR";"UOP03-DEL02-PR"
521638;2023-05-07;"domingo";"17:15:00";"MG";365;745;"ITUIUTABA";"Reação tardia ou ineficiente do condutor";"Queda de ocupante de veículo";"Com Vítimas Feridas";"Anoitecer";"Decrescente";"Nublado";"Simples";"Declive;Reta";"Não";1;0;1;0;0;0;1;1;-18,92045773;-49,41898027;"SPRF-MG";"DEL15-MG";"UOP03-DEL15-MG"
521639;2023-05-07;"domingo";"19:20:00";"MG";116;490,5;"INHAPIM";"Pedestre cruzava a pista fora da faixa";"Atropelamento de Pedestre";"Com Vítimas Feridas";"Plena Noite";"Crescente";"Céu Claro";"Simples";"Reta";"Não";2;0;1;0;1;0;1;2;-19,4748916;-42,1310568;"SPRF-MG";"DEL06-MG";"UOP02-DEL06-MG"
521640;2023-05-07;"domingo";"19:00:00";"RJ";101;485;"ANGRA DOS REIS";"Acessar a via sem observar a presença dos outros veículos";"Colisão traseira";"Com Vítimas Feridas";"Plena Noite";"Decrescente";"Céu Claro";"Simples";"Rotatória";"Sim";3;0;1;0;2;0;1;3;-22,98573526;-44,29709764;"SPRF-RJ";"DEL03-RJ";"UOP03-DEL03-RJ"
521641;2023-04-16;"domingo";"15:10:00";"RJ";101;417;"MANGARATIBA";"Modificação proibida";"Colisão transversal";"Com Vítimas Feridas";"Pleno dia";"Decrescente";"Céu Claro";"Simples";"Reta";"Não";2;0;0;1;1;0;1;2;-22,91293797;-43,89732384;"SPRF-RJ";"DEL03-RJ";"UOP02-DEL03-RJ"
521642;2023-05-07;"domingo";"18:00:00";"BA";101;919;"NOVA VICOSA";"Reação tardia ou ineficiente do condutor";"Queda de ocupante de veículo";"Com Vítimas Feridas";"Plena Noite";"Crescente";"Céu Claro";"Simples";"Reta";"Não";1;0;0;1;0;0;1;1;-17,880896;-39,813316;"SPRF-BA";"DEL09-BA";"UOP02-DEL09-BA"
521643;2023-05-07;"domingo";"19:40:00";"PR";116;126;"FAZENDA RIO GRANDE";"Condutor deixou de manter distância do veículo da frente";"Colisão traseira";"Com Vítimas Feridas";"Plena Noite";"Crescente";"Nublado";"Dupla";"Reta";"Sim";9;0;1;0;7;1;1;3;-25,60389895;-49,31824423;"SPRF-PR";"DEL01-PR";"UOP03-DEL01-PR"
521647;2023-05-07;"domingo";"19:11:00";"MG";116;413;"GOVERNADOR VALADARES";"Desrespeitar a preferência no cruzamento";"Colisão transversal";"Com Vítimas Feridas";"Plena Noite";"Crescente";"Céu Claro";"Simples";"Interseção de Vias";"Sim";4;0;2;0;2;0;2;2;-18,873907;-41,966366;"SPRF-MG";"DEL06-MG";"UOP01-DEL06-MG"
521648;2023-05-07;"domingo";"17:30:00";"SC";153;63,6;"IRANI";"Ingestão de álcool pelo condutor";"Saída de leito carroçável";"Com Vítimas Feridas";"Anoitecer";"Crescente";"Céu Claro";"Simples";"Reta";"Sim";2;0;1;0;0;1;1;1;-26,994884;-51,87051;"SPRF-SC";"DEL07-SC";"UOP04-DEL07-SC"
521649;2023-05-07;"domingo";"20:00:00";"PB";104;118;"LAGOA SECA";"Condutor deixou de manter distância do veículo da frente";"Colisão traseira";"Com Vítimas Feridas";"Plena Noite";"Decrescente";"Céu Claro";"Simples";"Reta";"Não";2;0;1;0;1;0;1;2;-7,19637839;-35,87571339;"SPRF-PB";"DEL02-PB";"UOP04-DEL02-PB"
521650;2023-05-07;"domingo";"19:20:00";"MT";364;198;"RONDONOPOLIS";"Acessar a via sem observar a presença dos outros veículos";"Colisão traseira";"Com Vítimas Feridas";"Plena Noite";"Decrescente";"Céu Claro";"Simples";"Ponte";"Não";2;0;1;0;0;1;1;2;-16,50621198;-54,62294799;"SPRF-MT";"DEL02-MT";"UOP01-DEL02-MT"
521651;2023-04-07;"sexta-feira";"19:30:00";"RS";116;251,8;"SAPUCAIA DO SUL";"Reação tardia ou ineficiente do condutor";"Saída de leito carroçável";"Com Vítimas Feridas";"Plena Noite";"Decrescente";"Céu Claro";"Dupla";"Reta";"Sim";4;0;0;1;3;0;1;1;-29,80035406;-51,16550365;"SPRF-RS";"DEL01-RS";"UOP02-DEL01-RS"
521652;2023-05-07;"domingo";"18:30:00";"MA";10;255;"IMPERATRIZ";"Condutor desrespeitou a iluminação vermelha do semáforo";"Colisão transversal";"Com Vítimas Feridas";"Plena Noite";"Crescente";"Céu Claro";"Simples";"Interseção de Vias;Reta";"Sim";2;0;2;0;0;0;2;2;-5,508798;-47,471718;"SPRF-MA";"DEL04-MA";"UOP01-DEL04-MA"
521653;2023-05-07;"domingo";"19:01:00";"GO";364;1;"SAO SIMAO";"Ingestão de álcool pelo condutor";"Colisão com objeto";"Sem Vítimas";"Plena Noite";"Crescente";"Céu Claro";"Dupla";"Curva";"Não";5;0;0;0;5;0;0;1;-19,040205;-50,510254;"SPRF-GO";"DEL05-GO";"UOP02-DEL05-GO"
521654;2023-05-07;"domingo";"20:15:00";"RJ";101;484;"ANGRA DOS REIS";"Conversão proibida";"Colisão frontal";"Com Vítimas Feridas";"Plena Noite";"Crescente";"Nublado";"Simples";"Reta";"Não";2;0;0;1;1;0;1;2;-22,987037;-44,3000094;"SPRF-RJ";"DEL03-RJ";"UOP03-DEL03-RJ"
521655;2023-05-07;"domingo";"18:30:00";"GO";153;497;"GOIANIA";"Demais falhas mecânicas ou elétricas";"Colisão com objeto";"Com Vítimas Feridas";"Anoitecer";"Decrescente";"Céu Claro";"Dupla";"Reta";"Sim";3;0;2;0;1;0;2;2;-16,6854;-49,2338;"SPRF-GO";"DEL01-GO";"UOP01-DEL01-GO"
521657;2023-05-07;"domingo";"18:10:00";"PR";277;662,6;"MEDIANEIRA";"Reação tardia ou ineficiente do condutor";"Saída de leito carroçável";"Com Vítimas Feridas";"Anoitecer";"Crescente";"Nublado";"Dupla";"Reta";"Não";2;0;0;1;0;1;1;2;-25,25121745;-54,00913508;"SPRF-PR";"DEL05-PR";"UOP02-DEL05-PR"
521659;2023-05-07;"domingo";"21:30:00";"SP";153;67,4;"SAO JOSE DO RIO PRETO";"Manobra de mudança de faixa";"Colisão lateral mesmo sentido";"Sem Vítimas";"Plena Noite";"Crescente";"Céu Claro";"Dupla";"Reta";"Sim";4;0;0;0;3;1;0;2;-20,85059051;-49,3832016;"SPRF-SP";"DEL09-SP";"UOP01-DEL09-SP"
521660;2023-05-07;"domingo";"19:20:00";"PA";230;9;"ALTAMIRA";"Manobra de mudança de faixa";"Colisão lateral sentido oposto";"Com Vítimas Feridas";"Anoitecer";"Decrescente";"Céu Claro";"Simples";"Declive";"Não";2;0;1;0;1;0;1;2;-3,203721;-52,206787;"SPRF-PA";"DEL04-PA";"UOP01-DEL04-PA"
521661;2023-05-07;"domingo";"18:40:00";"PE";316;40;"ARARIPINA";"Pedestre andava na pista";"Atropelamento de Pedestre";"Com Vítimas Fatais";"Plena Noite";"Crescente";"Céu Claro";"Simples";"Reta;Declive";"Sim";2;1;0;0;0;1;0;2;-7,66722544;-40,39243874;"SPRF-PE";"DEL05-PE";"UOP02-DEL05-PE"
521662;2023-05-07;"domingo";"21:15:00";"PR";277;215;"TEIXEIRA SOARES";"Acessar a via sem observar a presença dos outros veículos";"Colisão lateral mesmo sentido";"Sem Vítimas";"Plena Noite";"Crescente";"Céu Claro";"Simples";"Reta;Declive";"Não";4;0;0;0;3;1;0;3;-25,45868712;-50,33540609;"SPRF-PR";"DEL08-PR";"UOP02-DEL08-PR"
521663;2023-05-07;"domingo";"18:10:00";"PE";428;178,3;"PETROLINA";"Ingestão de álcool pelo condutor";"Tombamento";"Com Vítimas Fatais";"Plena Noite";"Decrescente";"Céu Claro";"Simples";"Reta";"Não";2;1;1;0;0;0;1;1;-9,295537;-40,44744;"SPRF-PE";"DEL06-PE";"UOP01-DEL06-PE"
521664;2023-05-07;"domingo";"20:50:00";"PE";104;87,9;"AGRESTINA";"Transitar na contramão";"Colisão frontal";"Com Vítimas Feridas";"Plena Noite";"Crescente";"Céu Claro";"Simples";"Reta;Interseção de Vias";"Sim";3;0;0;2;1;0;2;2;-8,454104;-35,945515;"SPRF-PE";"DEL02-PE";"UOP03-DEL02-PE"
521665;2023-05-07;"domingo";"21:45:00";"SE";101;84;"NOSSA SENHORA DO SOCORRO";"Reação tardia ou ineficiente do condutor";"Queda de ocupante de veículo";"Com Vítimas Feridas";"Plena Noite";"Crescente";"Céu Claro";"Dupla";"Reta";"Não";1;0;1;0;0;0;1;1;-10,84356101;-37,13696712;"SPRF-SE";"DEL01-SE";"UOP01-DEL01-SE"
521666;2023-05-07;"domingo";"21:55:00";"SC";101;118;"ITAJAI";"Ausência de reação do condutor";"Saída de leito carroçável";"Com Vítimas Fatais";"Plena Noite";"Decrescente";"Céu Claro";"Múltipla";"Reta";"Sim";2;1;0;1;0;0;1;1;-26,89615243;-48,71863604;"SPRF-SC";"DEL04-SC";"UOP04-DEL04-SC"
521667;2023-05-07;"domingo";"21:40:00";"RJ";493;68;"NOVA IGUACU";"Avarias e/ou desgaste excessivo no pneu";"Queda de ocupante de veículo";"Com Vítimas Feridas";"Plena Noite";"Crescente";"Ignorado";"Dupla";"Reta";"Não";2;0;1;0;1;0;1;1;-22,68217284;-43,46646309;"SPRF-RJ";"DEL01-RJ";"UOP03-DEL01-RJ"
521668;2023-05-07;"domingo";"21:30:00";"SC";101;416,2;"ARARANGUA";"Acessar a via sem observar a presença dos outros veículos";"Colisão transversal";"Com Vítimas Feridas";"Plena Noite";"Crescente";"Nublado";"Múltipla";"Interseção de Vias";"Sim";2;0;0;1;1;0;1;2;-28,973648;-49,530426;"SPRF-SC";"DEL02-SC";"UOP02-DEL02-SC"
521669;2023-05-07;"domingo";"20:20:00";"RJ";116;144;"DUQUE DE CAXIAS";"Obstrução Via tentativa Assalto";"Colisão traseira";"Sem Vítimas";"Plena Noite";"Crescente";"Céu Claro";"Dupla";"Reta";"Sim";3;0;0;0;3;0;0;2;-22,67133698;-43,27899814;"SPRF-RJ";"DEL01-RJ";"UOP01-DEL01-RJ"
521670;2023-05-07;"domingo";"20:05:00";"RS";101;2;"MAQUINE";"Animais na Pista";"Atropelamento de Animal";"Com Vítimas Feridas";"Plena Noite";"Crescente";"Céu Claro";"Simples";"Reta;Ponte";"Não";1;0;1;0;0;0;1;1;-29,69463937;-50,18441498;"SPRF-RS";"DEL03-RS";"UOP01-DEL03-RS"
521671;2023-05-07;"domingo";"19:00:00";"BA";101;615;"MASCOTE";"Manobra de mudança de faixa";"Colisão frontal";"Com Vítimas Feridas";"Plena Noite";"Decrescente";"Céu Claro";"Simples";"Reta;Interseção de Vias";"Sim";4;0;2;2;0;0;4;2;-15,75042705;-39,4801369;"SPRF-BA";"DEL05-BA";"UOP02-DEL05-BA"
521673;2023-05-07;"domingo";"18:20:00";"MG";365;174;"BURITIZEIRO";"Ausência de reação do condutor";"Colisão traseira";"Com Vítimas Feridas";"Anoitecer";"Decrescente";"Céu Claro";"Simples";"Reta";"Não";3;0;0;1;2;0;1;2;-17,41233155;-45,03422823;"SPRF-MG";"DEL10-MG";"UOP02-DEL010-MG"
521677;2023-05-07;"domingo";"19:00:00";"GO";414;321,7;"COCALZINHO DE GOIAS";"Ingestão de álcool pelo condutor";"Colisão frontal";"Com Vítimas Feridas";"Plena Noite";"Decrescente";"Céu Claro";"Simples";"Aclive;Reta";"Não";6;0;3;0;3;0;3;2;-15,580993;-48,628662;"SPRF-GO";"DEL02-GO";"UOP01-DEL02-GO"
521678;2023-05-07;"domingo";"23:07:00";"ES";101;272;"SERRA";"Ausência de reação do condutor";"Queda de ocupante de veículo";"Com Vítimas Feridas";"Plena Noite";"Decrescente";"Céu Claro";"Dupla";"Reta";"Sim";2;0;2;0;0;0;2;1;-20,22724888;-40,28426988;"SPRF-ES";"DEL02-ES";"UOP01-DEL02-ES"
521679;2023-05-07;"domingo";"22:45:00";"PR";369;502;"CORBELIA";"Velocidade Incompatível";"Saída de leito carroçável";"Com Vítimas Feridas";"Plena Noite";"Crescente";"Chuva";"Dupla";"Reta";"Sim";2;0;2;0;0;0;2;1;-24,801;-53,2905;"SPRF-PR";"DEL04-PR";"UOP03-DEL04-PR"
521680;2023-05-07;"domingo";"23:20:00";"SC";101;128;"BALNEARIO CAMBORIU";"Ingestão de álcool pelo condutor";"Saída de leito carroçável";"Sem Vítimas";"Plena Noite";"Decrescente";"Chuva";"Dupla";"Reta";"Sim";2;0;0;0;2;0;0;1;-26,97284292;-48,68299451;"SPRF-SC";"DEL04-SC";"UOP04-DEL04-SC"
521681;2023-05-07;"domingo";"21:30:00";"MG";116;277;"TEOFILO OTONI";"Ausência de reação do condutor";"Tombamento";"Com Vítimas Feridas";"Plena Noite";"Crescente";"Céu Claro";"Simples";"Reta;Interseção de Vias";"Sim";2;0;0;2;0;0;2;1;-17,859945;-41,515144;"SPRF-MG";"DEL11-MG";"UOP01-DEL11-MG"