"id";"data_inversa";"dia_semana";"horario";"uf";"br";"km";"municipio";"causa_acidente";"tipo_acidente";"classificacao_acidente";"fase_dia";"sentido_via";"condicao_metereologica";"tipo_pista";"tracado_via";"uso_solo";"pessoas";"mortos";"feridos_leves";"feridos_graves";"ilesos";"ignorados";"feridos";"veiculos";"latitude";"longitude";"regional";"delegacia";"uop"
521682;2023-05-07;"domingo";"23:00:00";"PR";476;193;"LAPA";"Condutor Dormindo";"Saída de leito carroçável";"Com Vítimas Feridas";"Plena Noite";"Decrescente";"Céu Claro";"Simples";"Curva";"Não";1;0;1;0;0;0;1;1;-25,731451;-49,709415;"SPRF-PR";"DEL01-PR";"UOP06-DEL01-PR"
521683;2023-05-07;"domingo";"21:30:00";"SC";153;67;"IRANI";"Reação tardia ou ineficiente do condutor";"Tombamento";"Com Vítimas Feridas";"Plena Noite";"Crescente";"Chuva";"Simples";"Curva;Declive";"Não";1;0;1;0;0;0;1;1;-27,026777;-51,884796;"SPRF-SC";"DEL07-SC";"UOP04-DEL07-SC"
521684;2023-05-07;"domingo";"22:30:00";"RR";432;199;"CANTA";"Deficiência do Sistema de Iluminação/Sinalização";"Colisão traseira";"Com Vítimas Feridas";"Plena Noite";"Decrescente";"Nublado";"Simples";"Reta";"Não";3;0;2;0;1;0;2;2;2,67803291;-60,59554924;"SPRF-RR";"DEL01-RR";"UOP01-DEL01-RR"
521685;2023-05-07;"domingo";"21:40:00";"RJ";40;52;"PETROPOLIS";"Velocidade Incompatível";"Colisão com objeto";"Com Vítimas Feridas";"Pleno dia";"Decrescente";"Céu Claro";"Dupla";"Curva;Declive";"Não";3;0;2;0;1;0;2;1;-22,33571319;-43,13320403;"SPRF-RJ";"DEL05-RJ";"UOP02-DEL05-RJ"
521686;2023-03-09;"quinta-feira";"06:20:00";"RS";290;215,4;"PANTANO GRANDE";"Retorno proibido";"Colisão traseira";"Com Vítimas Feridas";"Amanhecer";"Crescente";"Céu Claro";"Simples";"Em Obras";"Sim";2;0;0;1;0;1;1;2;-30,19088632;-52,37792435;"SPRF-RS";"DEL02-RS";"UOP03-DEL02-RS"
521687;2023-05-08;"segunda-feira";"00:30:00";"PR";376;184,5;"SARANDI";"Ingestão de álcool pelo condutor";"Colisão com objeto";"Com Vítimas Feridas";"Plena Noite";"Crescente";"Céu Claro";"Dupla";"Reta";"Não";1;0;1;0;0;0;1;1;-23,4465611;-51,86216706;"SPRF-PR";"DEL09-PR";"UOP01-DEL09-PR"
521688;2023-05-07;"domingo";"21:15:00";"GO";40;67,8;"CRISTALINA";"Ingestão de álcool pelo condutor";"Colisão com objeto";"Com Vítimas Fatais";"Plena Noite";"Crescente";"Nublado";"Simples";"Reta;Declive";"Não";4;1;3;0;0;0;3;1;-16,587921;-47,78002;"SPRF-DF";"DEL01-DF";"UOP02-DEL01-DF"
521689;2023-05-08;"segunda-feira";"00:50:00";"RS";116;269,9;"CANOAS";"Ausência de reação do condutor";"Colisão com objeto";"Sem Vítimas";"Plena Noite";"Crescente";"Nublado";"Múltipla";"Reta";"Sim";1;0;0;0;1;0;0;1;-29,967383;-51,176423;"SPRF-RS";"DEL01-RS";"UOP01-DEL01-RS"
521690;2023-05-08;"segunda-feira";"00:20:00";"RN";101;133,2;"SAO JOSE DE MIPIBU";"Pista esburacada";"Tombamento";"Com Vítimas Feridas";"Plena Noite";"Decrescente";"Céu Claro";"Dupla";"Reta";"Não";1;0;0;1;0;0;1;1;-6,14655198;-35,22722973;"SPRF-RN";"DEL01-RN";"UOP01-DEL01-RN"
521691;2023-05-07;"domingo";"19:30:00";"RS";101;22;"TRES CACHOEIRAS";"Animais na Pista";"Queda de ocupante de veículo";"Com Vítimas Feridas";"Plena Noite";"Decrescente";"Nublado";"Dupla";"Reta";"Sim";1;0;1;0;0;0;1;1;-29,445991;-49,90978;"SPRF-RS";"DEL03-RS";"UOP02-DEL03-RS"
521692;2023-05-08;"segunda-feira";"01:00:00";"SC";101;140;"BALNEARIO CAMBORIU";"Ingestão de álcool pelo condutor";"Saída de leito carroçável";"Sem Vítimas";"Plena Noite";"Crescente";"Chuva";"Múltipla";"Declive";"Não";2;0;0;0;2;0;0;1;-27,03881189;-48,60025148;"SPRF-SC";"DEL04-SC";"UOP03-DEL04-SC"
521693;2023-05-08;"segunda-feira";"00:45:00";"SC";101;139;"BALNEARIO CAMBORIU";"Ingestão de álcool pelo condutor";"Saída de leito carroçável";"Sem Vítimas";"Plena Noite";"Crescente";"Garoa/Chuvisco";"Dupla";"Curva";"Sim";1;0;0;0;1;0;0;1;-27,02982303;-48,60115006;"SPRF-SC";"DEL04-SC";"UOP03-DEL04-SC"
521695;2023-05-08;"segunda-feira";"01:00:00";"GO";40;3,6;"VALPARAISO DE GOIAS";"Ingestão de álcool pelo condutor";"Colisão frontal";"Com Vítimas Feridas";"Plena Noite";"Crescente";"Céu Claro";"Dupla";"Reta";"Sim";2;0;1;0;0;1;1;2;-16,076081;-47,985671;"SPRF-DF";"DEL01-DF";"UOP01-DEL01-DF"
521696;2023-05-08;"segunda-feira";"01:30:00";"SC";101;210;"SAO JOSE";"Trafegar com motocicleta (ou similar) entre as faixas";"Colisão traseira";"Com Vítimas Feridas";"Plena Noite";"Decrescente";"Céu Claro";"Múltipla";"Reta;Interseção de Vias";"Sim";4;0;1;0;3;0;1;2;-27,6167305;-48,6457265;"SPRF-SC";"DEL01-SC";"UOP01-DEL01-SC"
521697;2023-05-08;"segunda-feira";"01:20:00";"BA";324;529;"FEIRA DE SANTANA";"Ausência de reação do condutor";"Queda de ocupante de veículo";"Com Vítimas Feridas";"Plena Noite";"Crescente";"Nublado";"Dupla";"Reta";"Não";2;0;2;0;0;0;2;1;-12,32818491;-38,86174193;"SPRF-BA";"DEL01-BA";"UOP03-DEL01-BA"
521698;2023-05-07;"domingo";"21:40:00";"RS";386;279,9;"SAO JOSE DO HERVAL";"Velocidade Incompatível";"Saída de leito carroçável";"Sem Vítimas";"Plena Noite";"Decrescente";"Chuva";"Simples";"Curva";"Não";1;0;0;0;1;0;0;1;-29,0235053;-52,31696963;"SPRF-RS";"DEL04-RS";"UOP03-DEL04-RS"
521701;2023-05-08;"segunda-feira";"01:40:00";"PR";277;75,8;"SAO JOSE DOS PINHAIS";"Ausência de reação do condutor";"Colisão traseira";"Com Vítimas Feridas";"Plena Noite";"Decrescente";"Ignorado";"Dupla";"Reta";"Não";4;0;2;1;1;0;3;3;-25,51327981;-49,12433291;"SPRF-PR";"DEL01-PR";"UOP01-DEL01-PR"
521702;2023-05-08;"segunda-feira";"02:05:00";"SC";101;233,3;"PALHOCA";"Velocidade Incompatível";"Tombamento";"Com Vítimas Feridas";"Plena Noite";"Crescente";"Céu Claro";"Dupla";"Curva;Declive";"Não";1;0;0;1;0;0;1;1;-27,80376397;-48,63826211;"SPRF-SC";"DEL01-SC";"UOP02-DEL01-SC"
521703;2023-05-08;"segunda-feira";"01:01:00";"GO";364;50;"CACHOEIRA ALTA";"Animais na Pista";"Atropelamento de Animal";"Sem Vítimas";"Plena Noite";"Crescente";"Céu Claro";"Simples";"Reta";"Não";2;0;0;0;2;0;0;1;-18,808384;-50,893456;"SPRF-GO";"DEL05-GO";"UOP02-DEL05-GO"
521704;2023-05-07;"domingo";"19:15:00";"RS";293;60;"PIRATINI";"Deficiência do Sistema de Iluminação/Sinalização";"Saída de leito carroçável";"Com Vítimas Feridas";"Plena Noite";"Crescente";"Chuva";"Simples";"Rotatória;Interseção de Vias";"Não";3;0;1;0;2;0;1;1;-31,69866903;-52,96577454;"SPRF-RS";"DEL07-RS";"UOP01-DEL07-RS"
521707;2023-05-08;"segunda-feira";"02:45:00";"MA";226;299;"BARRA DO CORDA";"Trafegar com motocicleta (ou similar) entre as faixas";"Colisão frontal";"Com Vítimas Feridas";"Plena Noite";"Crescente";"Céu Claro";"Simples";"Curva;Declive";"Sim";3;0;0;3;0;0;3;2;-5,49791235;-45,24263176;"SPRF-MA";"DEL06-MA";"UOP01-DEL06-MA"
521708;2023-05-08;"segunda-feira";"03:10:00";"GO";153;530,1;"HIDROLANDIA";"Animais na Pista";"Atropelamento de Animal";"Com Vítimas Feridas";"Plena Noite";"Crescente";"Céu Claro";"Dupla";"Declive";"Sim";1;0;1;0;0;0;1;1;-16,9761;-49,2302;"SPRF-GO";"DEL01-GO";"UOP03-DEL01-GO"
521710;2023-05-07;"domingo";"15:00:00";"RS";285;588;"SANTO ANTONIO DAS MISSOES";"Acumulo de água sobre o pavimento";"Saída de leito carroçável";"Com Vítimas Feridas";"Pleno dia";"Crescente";"Chuva";"Simples";"Reta";"Não";2;0;1;0;1;0;1;1;-28,471869;-55,163597;"SPRF-RS";"DEL12-RS";"UOP01-DEL12-RS"
521711;2023-05-07;"domingo";"19:00:00";"RN";110;99,9;"UPANEMA";"Reação tardia ou ineficiente do condutor";"Queda de ocupante de veículo";"Com Vítimas Feridas";"Plena Noite";"Crescente";"Céu Claro";"Simples";"Curva";"Sim";1;0;0;1;0;0;1;1;-5,63767789;-37,26086785;"SPRF-RN";"DEL04-RN";"UOP01-DEL04-RN"
521714;2023-05-08;"segunda-feira";"04:30:00";"SC";280;56;"GUARAMIRIM";"Velocidade Incompatível";"Colisão com objeto";"Com Vítimas Feridas";"Plena Noite";"Crescente";"Céu Claro";"Dupla";"Rotatória";"Sim";1;0;1;0;0;0;1;1;-26,47947677;-49,00298702;"SPRF-SC";"DEL03-SC";"UOP03-DEL03-SC"
521717;2023-05-08;"segunda-feira";"02:30:00";"PE";423;157,1;"AGUAS BELAS";"Animais na Pista";"Capotamento";"Com Vítimas Feridas";"Pleno dia";"Decrescente";"Céu Claro";"Simples";"Reta";"Não";5;0;5;0;0;0;5;1;-9,07249018;-36,9549148;"SPRF-PE";"DEL03-PE";"UOP01-DEL03-PE"
521718;2023-05-08;"segunda-feira";"04:20:00";"RJ";101;286,3;"ITABORAI";"Animais na Pista";"Atropelamento de Animal";"Com Vítimas Feridas";"Plena Noite";"Crescente";"Céu Claro";"Dupla";"Reta";"Não";3;0;1;0;2;0;1;2;-22,75409331;-42,82491696;"SPRF-RJ";"DEL02-RJ";"UOP02-DEL02-RJ"
521719;2023-05-08;"segunda-feira";"04:10:00";"CE";116;178,3;"RUSSAS";"Animais na Pista";"Atropelamento de Animal";"Com Vítimas Feridas";"Amanhecer";"Crescente";"Céu Claro";"Simples";"Reta";"Não";1;0;1;0;0;0;1;1;-5,03121497;-38,07981603;"SPRF-CE";"DEL03-CE";"UOP01-DEL03-CE"
521720;2023-05-08;"segunda-feira";"03:45:00";"MG";40;548;"NOVA LIMA";"Carga excessiva e/ou mal acondicionada";"Tombamento";"Sem Vítimas";"Amanhecer";"Decrescente";"Céu Claro";"Dupla";"Curva";"Não";1;0;0;0;0;1;0;1;-20,03136499;-43,96967792;"SPRF-MG";"DEL01-MG";"UOP02-DEL01-MG"
521722;2023-05-08;"segunda-feira";"06:50:00";"SP";116;228;"GUARULHOS";"Manobra de mudança de faixa";"Colisão traseira";"Com Vítimas Feridas";"Pleno dia";"Crescente";"Céu Claro";"Múltipla";"Reta";"Sim";2;0;1;0;1;0;1;2;-23,50343484;-46,56638712;"SPRF-SP";"DEL01-SP";"UOP01-DEL01-SP"
521723;2023-05-08;"segunda-feira";"06:00:00";"RJ";493;18;"MAGE";"Animais na Pista";"Atropelamento de Animal";"Sem Vítimas";"Amanhecer";"Decrescente";"Céu Claro";"Simples";"Reta";"Sim";1;0;0;0;1;0;0;1;-22,6687122;-43,01862696;"SPRF-RJ";"DEL04-RJ";"UOP02-DEL04-RJ"
521724;2023-05-08;"segunda-feira";"06:50:00";"MG";40;563;"NOVA LIMA";"Ausência de reação do condutor";"Saída de leito carroçável";"Com Vítimas Feridas";"Pleno dia";"Crescente";"Céu Claro";"Dupla";"Reta";"Não";2;0;1;0;1;0;1;1;-20,15241986;-43,96263156;"SPRF-MG";"DEL01-MG";"UOP02-DEL01-MG"
521725;2023-05-08;"segunda-feira";"07:00:00";"SP";116;227;"GUARULHOS";"Ausência de reação do condutor";"Colisão frontal";"Com Vítimas Feridas";"Pleno dia";"Crescente";"Nevoeiro/Neblina";"Dupla";"Reta";"Sim";2;0;0;1;1;0;1;2;-23,49659264;-46,55648754;"SPRF-SP";"DEL01-SP";"UOP01-DEL01-SP"
521726;2023-05-08;"segunda-feira";"06:00:00";"DF";70;3,4;"BRASILIA";"Manobra de mudança de faixa";"Colisão lateral mesmo sentido";"Com Vítimas Feridas";"Amanhecer";"Decrescente";"Céu Claro";"Dupla";"Curva";"Sim";3;0;1;0;1;1;1;3;-15,802453;-48,080387;"SPRF-DF";"DEL03-DF";"UOP02-DEL03-DF"
521727;2023-05-07;"domingo";"22:20:00";"MT";364;469;"JANGADA";"Ausência de reação do condutor";"Eventos atípicos";"Sem Vítimas";"Plena Noite";"Crescente";"Nublado";"Simples";"Reta;Aclive";"Não";3;0;0;0;3;0;0;1;-15,41;-56,359;"SPRF-MT";"DEL01-MT";"UOP02-DEL01-MT"
521728;2023-05-08;"segunda-feira";"06:40:00";"MG";40;805,8;"MATIAS BARBOSA";"Acessar a via sem observar a presença dos outros veículos";"Colisão transversal";"Com Vítimas Feridas";"Pleno dia";"Crescente";"Céu Claro";"Dupla";"Reta;Retorno Regulamentado";"Não";2;0;1;0;1;0;1;2;-21,86659197;-43,361643;"SPRF-MG";"DEL05-MG";"UOP01-DEL05-MG"
521729;2023-05-08;"segunda-feira";"05:40:00";"RS";116;179;"NOVA PETROPOLIS";"Ausência de reação do condutor";"Colisão lateral sentido oposto";"Com Vítimas Feridas";"Amanhecer";"Decrescente";"Chuva";"Simples";"Curva";"Não";1;0;1;0;0;0;1;1;-29,35649933;-51,12984938;"SPRF-RS";"DEL05-RS";"UOP02-DEL05-RS"
521731;2023-05-08;"segunda-feira";"06:35:00";"BA";415;22,8;"ILHEUS";"Manobra de mudança de faixa";"Colisão frontal";"Com Vítimas Feridas";"Pleno dia";"Decrescente";"Céu Claro";"Simples";"Reta";"Não";2;0;1;0;1;0;1;2;-14,799234;-39,167315;"SPRF-BA";"DEL05-BA";"UOP01-DEL05-BA"
521732;2023-05-08;"segunda-feira";"06:20:00";"SP";116;128;"CACAPAVA";"Ausência de reação do condutor";"Colisão traseira";"Com Vítimas Feridas";"Pleno dia";"Decrescente";"Céu Claro";"Dupla";"Reta";"Sim";2;0;1;0;1;0;1;2;-23,11454664;-45,71105567;"SPRF-SP";"DEL02-SP";"UOP02-DEL02-SP"
521734;2023-05-08;"segunda-feira";"07:00:00";"ES";101;221,1;"IBIRACU";"Avarias e/ou desgaste excessivo no pneu";"Saída de leito carroçável";"Com Vítimas Feridas";"Amanhecer";"Crescente";"Chuva";"Simples";"Reta";"Não";2;0;2;0;0;0;2;1;-19,86695538;-40,40056491;"SPRF-ES";"DEL02-ES";"UOP01-DEL02-ES"
521735;2023-05-08;"segunda-feira";"07:00:00";"MG";50;171,1;"UBERABA";"Reação tardia ou ineficiente do condutor";"Tombamento";"Com Vítimas Feridas";"Pleno dia";"Decrescente";"Céu Claro";"Dupla";"Reta";"Sim";1;0;1;0;0;0;1;1;-19,74554892;-47,98382166;"SPRF-MG";"DEL13-MG";"UOP01-DEL13-MG"
521736;2023-05-08;"segunda-feira";"06:50:00";"ES";262;46,1;"MARECHAL FLORIANO";"Condutor desrespeitou a iluminação vermelha do semáforo";"Colisão transversal";"Com Vítimas Feridas";"Pleno dia";"Crescente";"Nublado";"Simples";"Interseção de Vias";"Sim";3;0;1;0;2;0;1;2;-20,40565705;-40,67280081;"SPRF-ES";"DEL01-ES";"UOP01-DEL01-ES"
521737;2023-05-08;"segunda-feira";"07:00:00";"SC";101;151;"ITAPEMA";"Ultrapassagem Indevida";"Colisão lateral mesmo sentido";"Com Vítimas Feridas";"Pleno dia";"Crescente";"Nublado";"Múltipla";"Interseção de Vias";"Sim";2;0;0;1;1;0;1;2;-27,126536;-48,609642;"SPRF-SC";"DEL04-SC";"UOP03-DEL04-SC"
521739;2023-05-07;"domingo";"19:40:00";"RJ";116;141;"DUQUE DE CAXIAS";"Reação tardia ou ineficiente do condutor";"Engavetamento";"Com Vítimas Feridas";"Plena Noite";"Crescente";"Céu Claro";"Dupla";"Reta";"Não";5;0;1;0;4;0;1;4;-22,64724486;-43,22083001;"SPRF-RJ";"DEL01-RJ";"UOP01-DEL01-RJ"
521741;2023-05-08;"segunda-feira";"07:00:00";"SP";116;285,5;"ITAPECERICA DA SERRA";"Trafegar com motocicleta (ou similar) entre as faixas";"Tombamento";"Com Vítimas Feridas";"Pleno dia";"Decrescente";"Céu Claro";"Dupla";"Reta";"Sim";2;0;2;0;0;0;2;1;-23,68894822;-46,86185535;"SPRF-SP";"DEL04-SP";"UOP01-DEL04-SP"
521742;2023-05-08;"segunda-feira";"06:30:00";"RJ";116;120,5;"DUQUE DE CAXIAS";"Condutor deixou de manter distância do veículo da frente";"Colisão traseira";"Sem Vítimas";"Pleno dia";"Crescente";"Céu Claro";"Múltipla";"Reta";"Sim";2;0;0;0;2;0;0;2;-22,77520699;-43,28619075;"SPRF-RJ";"DEL04-RJ";"UOP02-DEL04-RJ"
521743;2023-05-08;"segunda-feira";"01:20:00";"RO";364;109;"CHUPINGUAIA";"Reação tardia ou ineficiente do condutor";"Queda de ocupante de veículo";"Com Vítimas Feridas";"Plena Noite";"Decrescente";"Céu Claro";"Simples";"Reta";"Não";1;0;0;1;0;0;1;1;-12,21565597;-60,69328195;"SPRF-RO";"DEL04-RO";"UOP01-DEL04-RO"
521744;2023-05-08;"segunda-feira";"07:30:00";"PR";277;69,5;"SAO JOSE DOS PINHAIS";"Ausência de reação do condutor";"Colisão traseira";"Com Vítimas Feridas";"Pleno dia";"Crescente";"Céu Claro";"Dupla";"Reta";"Sim";2;0;0;1;1;0;1;2;-25,53317957;-49,07969781;"SPRF-PR";"DEL01-PR";"UOP01-DEL01-PR"
521745;2023-05-08;"segunda-feira";"06:10:00";"MG";262;546,7;"LUZ";"Velocidade Incompatível";"Saída de leito carroçável";"Com Vítimas Feridas";"Amanhecer";"Decrescente";"Céu Claro";"Simples";"Reta;Declive";"Não";2;0;0;1;1;0;1;1;-19,741224;-45,8525;"SPRF-MG";"DEL08-MG";"UOP02-DEL08-MG"
521746;2023-05-08;"segunda-feira";"08:00:00";"RJ";116;170;"RIO DE JANEIRO";"Acessar a via sem observar a presença dos outros veículos";"Queda de ocupante de veículo";"Com Vítimas Feridas";"Pleno dia";"Decrescente";"Céu Claro";"Múltipla";"Reta";"Sim";2;0;1;0;1;0;1;2;-22,81113183;-43,3336729;"SPRF-RJ";"DEL01-RJ";"UOP02-DEL01-RJ"
521747;2023-05-08;"segunda-feira";"07:20:00";"BA";101;717,9;"EUNAPOLIS";"Condutor deixou de manter distância do veículo da frente";"Colisão traseira";"Com Vítimas Feridas";"Pleno dia";"Decrescente";"Nublado";"Simples";"Reta";"Sim";2;0;1;0;1;0;1;2;-16,372175;-39,581307;"SPRF-BA";"DEL09-BA";"UOP01-DEL09-BA"
521748;2023-05-08;"segunda-feira";"06:30:00";"MT";70;514;"VARZEA GRANDE";"Neblina";"Colisão transversal";"Com Vítimas Feridas";"Pleno dia";"Decrescente";"Nevoeiro/Neblina";"Simples";"Reta";"Sim";2;0;0;1;1;0;1;2;-15,64485781;-56,02718353;"SPRF-MT";"DEL01-MT";"UOP02-DEL01-MT"
521749;2023-05-08;"segunda-feira";"08:30:00";"MG";381;499;"BETIM";"Acessar a via sem observar a presença dos outros veículos";"Colisão traseira";"Com Vítimas Feridas";"Pleno dia";"Decrescente";"Céu Claro";"Dupla";"Reta;Declive";"Não";3;0;2;0;1;0;2;2;-19,99534948;-44,20801878;"SPRF-MG";"DEL04-MG";"UOP03-DEL04-MG"
521750;2023-05-08;"segunda-feira";"08:10:00";"PR";116;210,9;"RIO NEGRO";"Acessar a via sem observar a presença dos outros veículos";"Colisão transversal";"Com Vítimas Feridas";"Pleno dia";"Crescente";"Garoa/Chuvisco";"Simples";"Interseção de Vias";"Sim";2;0;1;0;1;0;1;2;-26,07479435;-49,76117178;"SPRF-SC";"DEL06-SC";"UOP01-DEL06-SC"
521751;2023-05-08;"segunda-feira";"06:50:00";"PR";376;470,1;"PONTA GROSSA";"Velocidade Incompatível";"Saída de leito carroçável";"Com Vítimas Feridas";"Amanhecer";"Decrescente";"Chuva";"Dupla";"Curva;Declive";"Não";4;0;1;3;0;0;4;1;-25,0409359;-50,27017496;"SPRF-PR";"DEL03-PR";"UOP01-DEL03-PR"
521752;2023-03-25;"sábado";"22:40:00";"SC";101;15;"GARUVA";"Reação tardia ou ineficiente do condutor";"Queda de ocupante de veículo";"Com Vítimas Feridas";"Plena Noite";"Decrescente";"Nublado";"Dupla";"Reta";"Não";2;0;2;0;0;0;2;1;-26,10609917;-48,87224159;"SPRF-SC";"DEL03-SC";"UOP01-DEL03-SC"
521754;2023-05-08;"segunda-feira";"07:08:00";"RO";319;62;"PORTO VELHO";"Acessar a via sem observar a presença dos outros veículos";"Colisão transversal";"Com Vítimas Feridas";"Pleno dia";"Decrescente";"Nublado";"Dupla";"Interseção de Vias";"Sim";2;0;1;0;1;0;1;2;-8,766685;-63,884052;"SPRF-RO";"DEL01-RO";"UOP01-DEL01-RO"
521755;2023-05-08;"segunda-feira";"07:45:00";"PE";428;2,8;"CABROBO";"Retorno proibido";"Colisão transversal";"Com Vítimas Fatais";"Pleno dia";"Decrescente";"Céu Claro";"Simples";"Aclive;Reta";"Não";5;1;0;0;2;2;0;3;-8,539874;-39,242958;"SPRF-PE";"DEL05-PE";"UOP03-DEL05-PE"
521756;2023-05-08;"segunda-feira";"08:35:00";"RJ";101;55,5;"CAMPOS DOS GOYTACAZES";"Chuva";"Tombamento";"Com Vítimas Feridas";"Pleno dia";"Crescente";"Chuva";"Simples";"Reta";"Sim";1;0;0;1;0;0;1;1;-21,67827099;-41,31079872;"SPRF-RJ";"DEL08-RJ";"UOP01-DEL08-RJ"
521758;2023-05-08;"segunda-feira";"07:55:00";"RJ";465;12;"SEROPEDICA";"Ultrapassagem Indevida";"Atropelamento de Pedestre";"Com Vítimas Feridas";"Pleno dia";"Crescente";"Céu Claro";"Simples";"Reta";"Não";3;0;3;0;0;0;3;2;-22,791252;-43,651257;"SPRF-RJ";"DEL01-RJ";"UOP03-DEL01-RJ"
521759;2023-05-08;"segunda-feira";"08:30:00";"BA";101;730;"ITABELA";"Velocidade Incompatível";"Tombamento";"Com Vítimas Feridas";"Pleno dia";"Decrescente";"Céu Claro";"Simples";"Declive;Curva";"Não";1;0;0;1;0;0;1;1;-16,62810402;-39,52484603;"SPRF-BA";"DEL09-BA";"UOP01-DEL09-BA"
521760;2023-05-06;"sábado";"11:20:00";"SC";282;216;"LAGES";"Retorno proibido";"Colisão lateral mesmo sentido";"Com Vítimas Feridas";"Pleno dia";"Decrescente";"Céu Claro";"Simples";"Reta";"Não";3;0;1;0;2;0;1;2;-27,797529;-50,291862;"SPRF-SC";"DEL05-SC";"UOP01-DEL05-SC"
521762;2023-05-08;"segunda-feira";"03:45:00";"SC";116;65,7;"PAPANDUVA";"Condutor Dormindo";"Saída de leito carroçável";"Com Vítimas Feridas";"Plena Noite";"Decrescente";"Chuva";"Simples";"Reta;Declive";"Não";1;0;1;0;0;0;1;1;-26,42445099;-50,2281171;"SPRF-SC";"DEL06-SC";"UOP02-DEL06-SC"
521764;2023-05-08;"segunda-feira";"09:20:00";"SC";470;66;"INDAIAL";"Demais falhas mecânicas ou elétricas";"Colisão traseira";"Sem Vítimas";"Pleno dia";"Crescente";"Nublado";"Simples";"Aclive;Rotatória";"Não";3;0;0;0;3;0;0;2;-26,870407;-49,221844;"SPRF-SC";"DEL04-SC";"UOP01-DEL04-SC"
521765;2023-03-06;"segunda-feira";"17:00:00";"BA";101;807;"ITAMARAJU";"Velocidade Incompatível";"Tombamento";"Com Vítimas Feridas";"Pleno dia";"Decrescente";"Ignorado";"Simples";"Reta";"Sim";1;0;0;1;0;0;1;1;-17,01749647;-39,54200506;"SPRF-BA";"DEL09-BA";"UOP02-DEL09-BA"
521766;2023-05-08;"segunda-feira";"09:40:00";"SC";101;373;"ICARA";"Avarias e/ou desgaste excessivo no pneu";"Saída de leito carroçável";"Sem Vítimas";"Pleno dia";"Crescente";"Céu Claro";"Dupla";"Reta";"Sim";1;0;0;0;1;0;0;1;-28,7132671;-49,21763596;"SPRF-SC";"DEL02-SC";"UOP01-DEL02-SC"
521768;2023-05-08;"segunda-feira";"09:30:00";"AL";104;49;"BRANQUINHA";"Mal súbito do condutor";"Saída de leito carroçável";"Sem Vítimas";"Pleno dia";"Crescente";"Céu Claro";"Simples";"Curva";"Não";2;0;0;0;2;0;0;1;-9,25306896;-35,99102288;"SPRF-AL";"DEL01-AL";"UOP02-DEL01-AL"
521769;2023-05-08;"segunda-feira";"10:35:00";"RS";116;242;"SAO LEOPOLDO";"Pista esburacada";"Tombamento";"Com Vítimas Feridas";"Pleno dia";"Decrescente";"Nublado";"Dupla";"Reta";"Sim";1;0;1;0;0;0;1;1;-29,72297087;-51,14858729;"SPRF-RS";"DEL01-RS";"UOP02-DEL01-RS"
521770;2023-05-08;"segunda-feira";"10:45:00";"RS";116;142;"CAXIAS DO SUL";"Curva acentuada";"Colisão com objeto";"Com Vítimas Feridas";"Pleno dia";"Decrescente";"Garoa/Chuvisco";"Dupla";"Curva";"Sim";1;0;1;0;0;0;1;1;-29,11727;-51,115208;"SPRF-RS";"DEL05-RS";"UOP01-DEL05-RS"
521771;2023-05-08;"segunda-feira";"08:15:00";"PA";163;991;"SANTAREM";"Frear bruscamente";"Tombamento";"Com Vítimas Feridas";"Pleno dia";"Crescente";"Céu Claro";"Simples";"Reta";"Não";1;0;0;1;0;0;1;1;-2,547851;-54,72278;"SPRF-PA";"DEL05-PA";"UOP01-DEL05-PA"
521773;2023-05-08;"segunda-feira";"09:29:00";"MA";230;407,3;"BALSAS";"Transitar na contramão";"Colisão transversal";"Com Vítimas Feridas";"Pleno dia";"Crescente";"Céu Claro";"Simples";"Reta";"Não";3;0;1;1;1;0;2;2;-7,51897716;-46,06812185;"SPRF-MA";"DEL05-MA";"UOP01-DEL05-MA"
521774;2023-05-08;"segunda-feira";"11:00:00";"ES";101;285,9;"CARIACICA";"Chuva";"Saída de leito carroçável";"Com Vítimas Feridas";"Pleno dia";"Crescente";"Chuva";"Dupla";"Curva";"Não";2;0;2;0;0;0;2;1;-20,25148171;-40,37270066;"SPRF-ES";"DEL01-ES";"UOP01-DEL01-ES"
521777;2023-04-01;"sábado";"19:45:00";"ES";101;145;"LINHARES";"Ausência de reação do condutor";"Colisão traseira";"Com Vítimas Feridas";"Plena Noite";"Decrescente";"Céu Claro";"Dupla";"Reta";"Sim";2;0;0;1;0;1;1;2;-19,36089598;-40,06464018;"SPRF-ES";"DEL04-ES";"UOP01-DEL04-ES"
521779;2023-05-08;"segunda-feira";"12:06:00";"BA";116;392;"SANTA BARBARA";"Mal súbito do condutor";"Colisão traseira";"Com Vítimas Feridas";"Pleno dia";"Crescente";"Sol";"Dupla";"Reta";"Sim";2;0;1;0;1;0;1;2;-11,95668603;-38,97578416;"SPRF-BA";"DEL02-BA";"UOP01-DEL02-BA"
521783;2023-05-08;"segunda-feira";"12:20:00";"SP";116;227;"SAO PAULO";"Ausência de reação do condutor";"Capotamento";"Com Vítimas Feridas";"Pleno dia";"Decrescente";"Céu Claro";"Múltipla";"Reta";"Sim";1;0;1;0;0;0;1;1;-23,49659264;-46,55648754;"SPRF-SP";"DEL01-SP";"UOP01-DEL01-SP"
521784;2023-05-08;"segunda-feira";"12:30:00";"ES";101;13,7;"PEDRO CANARIO";"Curva acentuada";"Colisão com objeto";"Com Vítimas Feridas";"Pleno dia";"Crescente";"Sol";"Simples";"Curva";"Não";1;0;0;1;0;0;1;1;-18,27406403;-39,9597724;"SPRF-ES";"DEL04-ES";"UOP02-DEL04-ES"