"id";"data_inversa";"dia_semana";"horario";"uf";"br";"km";"municipio";"causa_acidente";"tipo_acidente";"classificacao_acidente";"fase_dia";"sentido_via";"condicao_metereologica";"tipo_pista";"tracado_via";"uso_solo";"pessoas";"mortos";"feridos_leves";"feridos_graves";"ilesos";"ignorados";"feridos";"veiculos";"latitude";"longitude";"regional";"delegacia";"uop"
521785;2023-04-30;"domingo";"14:30:00";"AL";101;198,5;"SAO SEBASTIAO";"Acumulo de água sobre o pavimento";"Saída de leito carroçável";"Com Vítimas Feridas";"Pleno dia";"Decrescente";"Chuva";"Dupla";"Reta;Declive";"Não";2;0;1;1;0;0;2;1;-9,93735986;-36,53003607;"SPRF-AL";"DEL02-AL";"UOP02-DEL02-AL"
521788;2023-05-08;"segunda-feira";"05:20:00";"BA";101;65;"ENTRE RIOS";"Reação tardia ou ineficiente do condutor";"Tombamento";"Com Vítimas Feridas";"Amanhecer";"Decrescente";"Nevoeiro/Neblina";"Dupla";"Reta";"Não";1;0;1;0;0;0;1;1;-11,96567431;-38,15393102;"SPRF-BA";"DEL01-BA";"UOP04-DEL01-BA"
521789;2023-05-08;"segunda-feira";"11:45:00";"SC";101;436,4;"SOMBRIO";"Ausência de reação do condutor";"Colisão traseira";"Com Vítimas Feridas";"Pleno dia";"Decrescente";"Céu Claro";"Dupla";"Curva;Declive";"Sim";3;0;1;0;2;0;1;2;-29,1209176;-49,64247465;"SPRF-SC";"DEL02-SC";"UOP02-DEL02-SC"
521790;2023-05-08;"segunda-feira";"11:24:00";"MG";116;527,6;"CARATINGA";"Acumulo de óleo sobre o pavimento";"Tombamento";"Com Vítimas Feridas";"Pleno dia";"Decrescente";"Céu Claro";"Dupla";"Reta";"Sim";1;0;1;0;0;0;1;1;-19,78510701;-42,13445297;"SPRF-MG";"DEL06-MG";"UOP02-DEL06-MG"
521791;2023-05-08;"segunda-feira";"10:45:00";"SC";101;443,7;"SANTA ROSA DO SUL";"Desrespeitar a preferência no cruzamento";"Colisão transversal";"Com Vítimas Feridas";"Pleno dia";"Crescente";"Céu Claro";"Múltipla";"Viaduto";"Sim";2;0;0;1;1;0;1;2;-29,13691929;-49,71196532;"SPRF-SC";"DEL02-SC";"UOP02-DEL02-SC"
521794;2023-05-08;"segunda-feira";"12:00:00";"RO";364;12;"VILHENA";"Desrespeitar a preferência no cruzamento";"Colisão transversal";"Com Vítimas Feridas";"Pleno dia";"Crescente";"Céu Claro";"Dupla";"Rotatória";"Sim";2;0;1;0;1;0;1;2;-12,74370233;-60,12147609;"SPRF-RO";"DEL04-RO";"UOP01-DEL04-RO"
521795;2023-04-21;"sexta-feira";"06:15:00";"SC";280;160,5;"MAFRA";"Reação tardia ou ineficiente do condutor";"Colisão lateral sentido oposto";"Com Vítimas Feridas";"Amanhecer";"Decrescente";"Céu Claro";"Simples";"Curva";"Não";6;0;2;0;4;0;2;3;-26,20326113;-49,77128799;"SPRF-SC";"DEL06-SC";"UOP03-DEL06-SC"
521796;2023-05-08;"segunda-feira";"12:30:00";"SC";470;2;"NAVEGANTES";"Acessar a via sem observar a presença dos outros veículos";"Colisão transversal";"Com Vítimas Feridas";"Pleno dia";"Decrescente";"Céu Claro";"Dupla";"Reta";"Sim";2;0;1;0;1;0;1;2;-26,868551;-48,674831;"SPRF-SC";"DEL04-SC";"UOP04-DEL04-SC"
521799;2023-05-08;"segunda-feira";"14:00:00";"ES";101;277;"SERRA";"Pista Escorregadia";"Colisão com objeto";"Com Vítimas Feridas";"Pleno dia";"Decrescente";"Chuva";"Dupla";"Reta";"Não";2;0;2;0;0;0;2;1;-20,21307738;-40,32125972;"SPRF-ES";"DEL02-ES";"UOP01-DEL02-ES"
521800;2023-05-08;"segunda-feira";"14:00:00";"PA";308;157;"CAPANEMA";"Reação tardia ou ineficiente do condutor";"Saída de leito carroçável";"Com Vítimas Fatais";"Pleno dia";"Crescente";"Chuva";"Simples";"Reta;Declive";"Não";5;1;4;0;0;0;4;1;-1,21124791;-47,132118;"SPRF-PA";"DEL01-PA";"UOP03-DEL01-PA"
521802;2023-04-28;"sexta-feira";"16:00:00";"RJ";116;175;"SAO JOAO DE MERITI";"Acessar a via sem observar a presença dos outros veículos";"Colisão lateral mesmo sentido";"Com Vítimas Feridas";"Pleno dia";"Crescente";"Nublado";"Dupla";"Reta";"Sim";2;0;1;0;1;0;1;2;-22,78923555;-43,37275272;"SPRF-RJ";"DEL01-RJ";"UOP02-DEL01-RJ"
521803;2023-05-08;"segunda-feira";"13:00:00";"RJ";116;282;"BARRA MANSA";"Curva acentuada";"Tombamento";"Com Vítimas Feridas";"Pleno dia";"Decrescente";"Céu Claro";"Simples";"Curva";"Não";2;0;1;0;1;0;1;1;-22,52405173;-44,20072574;"SPRF-RJ";"DEL07-RJ";"UOP02-DEL07-RJ"
521804;2023-01-20;"sexta-feira";"22:20:00";"MG";365;15;"MONTES CLAROS";"Animais na Pista";"Atropelamento de Animal";"Com Vítimas Feridas";"Plena Noite";"Crescente";"Nublado";"Simples";"Reta";"Não";3;0;0;1;1;1;1;2;-16,86592699;-43,98363496;"SPRF-MG";"DEL12-MG";"UOP01-DEL12-MG"
521805;2023-05-08;"segunda-feira";"13:45:00";"MT";163;832;"SINOP";"Condutor deixou de manter distância do veículo da frente";"Colisão transversal";"Com Vítimas Feridas";"Pleno dia";"Crescente";"Céu Claro";"Dupla";"Rotatória;Retorno Regulamentado;Interseção de Vias";"Sim";2;0;0;1;1;0;1;2;-12,0138;-55,51719;"SPRF-MT";"DEL06-MT";"UOP02-DEL06-MT"
521808;2023-05-08;"segunda-feira";"09:49:00";"GO";50;140;"IPAMERI";"Condutor Dormindo";"Saída de leito carroçável";"Com Vítimas Feridas";"Pleno dia";"Crescente";"Céu Claro";"Dupla";"Reta";"Não";1;0;1;0;0;0;1;1;-17,0877;-47,73;"SPRF-GO";"DEL06-GO";"UOP01-DEL06-GO"
521809;2023-05-08;"segunda-feira";"14:50:00";"SC";101;215;"PALHOCA";"Condutor deixou de manter distância do veículo da frente";"Colisão traseira";"Com Vítimas Feridas";"Pleno dia";"Crescente";"Nublado";"Dupla";"Reta;Aclive";"Sim";3;0;1;0;2;0;1;2;-27,65184843;-48,67604941;"SPRF-SC";"DEL01-SC";"UOP02-DEL01-SC"
521810;2023-05-08;"segunda-feira";"15:00:00";"RJ";116;205;"SEROPEDICA";"Avarias e/ou desgaste excessivo no pneu";"Queda de ocupante de veículo";"Com Vítimas Feridas";"Pleno dia";"Crescente";"Céu Claro";"Múltipla";"Reta;Ponte";"Não";2;0;1;0;1;0;1;1;-22,72746688;-43,64167998;"SPRF-RJ";"DEL01-RJ";"UOP03-DEL01-RJ"
521811;2023-05-08;"segunda-feira";"14:00:00";"GO";60;372;"RIO VERDE";"Ausência de reação do condutor";"Saída de leito carroçável";"Com Vítimas Feridas";"Pleno dia";"Crescente";"Céu Claro";"Dupla";"Reta;Declive";"Não";1;0;1;0;0;0;1;1;-17,7027;-50,8465;"SPRF-GO";"DEL04-GO";"UOP02-DEL04-GO"
521812;2023-05-08;"segunda-feira";"14:20:00";"PE";232;112;"BEZERROS";"Ausência de reação do condutor";"Colisão com objeto";"Com Vítimas Feridas";"Pleno dia";"Decrescente";"Céu Claro";"Dupla";"Reta;Declive";"Não";1;0;0;1;0;0;1;1;-8,29729696;-35,83146101;"SPRF-PE";"DEL02-PE";"UOP02-DEL02PE"
521813;2023-05-08;"segunda-feira";"15:20:00";"ES";101;284,1;"CARIACICA";"Avarias e/ou desgaste excessivo no pneu";"Saída de leito carroçável";"Com Vítimas Feridas";"Pleno dia";"Crescente";"Chuva";"Dupla";"Aclive;Reta";"Sim";2;0;2;0;0;0;2;1;-20,24279076;-40,36967039;"SPRF-ES";"DEL01-ES";"UOP01-DEL01-ES"
521815;2023-05-08;"segunda-feira";"09:30:00";"MT";163;1029;"PEIXOTO DE AZEVEDO";"Acessar a via sem observar a presença dos outros veículos";"Colisão transversal";"Com Vítimas Feridas";"Pleno dia";"Decrescente";"Céu Claro";"Simples";"Reta;Interseção de Vias";"Sim";2;0;1;0;1;0;1;2;-10,24556241;-54,98965144;"SPRF-MT";"DEL06-MT";"UOP03-DEL06-MT"
521816;2023-04-03;"segunda-feira";"00:08:00";"SC";101;203;"SAO JOSE";"Ausência de reação do condutor";"Colisão lateral mesmo sentido";"Com Vítimas Feridas";"Plena Noite";"Decrescente";"Ignorado";"Múltipla";"Reta;Interseção de Vias";"Sim";2;0;1;0;1;0;1;2;-27,5650044;-48,61460082;"SPRF-SC";"DEL01-SC";"UOP01-DEL01-SC"
521820;2023-05-08;"segunda-feira";"16:00:00";"AP";210;2;"MACAPA";"Conversão proibida";"Colisão transversal";"Com Vítimas Feridas";"Pleno dia";"Crescente";"Céu Claro";"Dupla";"Reta";"Sim";1;0;1;0;0;0;1;1;0,08282017;-51,07776189;"SPRF-AP";"DEL01-AP";"UOP01-DEL01-AP"
521823;2023-05-08;"segunda-feira";"16:40:00";"MG";116;414;"GOVERNADOR VALADARES";"Condutor deixou de manter distância do veículo da frente";"Colisão traseira";"Sem Vítimas";"Pleno dia";"Decrescente";"Céu Claro";"Simples";"Reta";"Sim";2;0;0;0;2;0;0;2;-18,88272695;-41,95542574;"SPRF-MG";"DEL06-MG";"UOP01-DEL06-MG"
521827;2023-05-08;"segunda-feira";"07:15:00";"MG";153;23;"CENTRALINA";"Reação tardia ou ineficiente do condutor";"Saída de leito carroçável";"Com Vítimas Feridas";"Pleno dia";"Decrescente";"Céu Claro";"Dupla";"Reta;Declive";"Não";1;0;1;0;0;0;1;1;-18,62303102;-49,18751103;"SPRF-MG";"DEL15-MG";"UOP03-DEL15-MG"
521828;2023-05-07;"domingo";"07:30:00";"PR";476;253;"ANTONIO OLINTO";"Demais falhas na via";"Saída de leito carroçável";"Com Vítimas Feridas";"Amanhecer";"Crescente";"Céu Claro";"Simples";"Reta";"Não";1;0;0;1;0;0;1;1;-25,885603;-50,182251;"SPRF-PR";"DEL02-PR";"UOP03-DEL02-PR"
521829;2023-05-08;"segunda-feira";"14:45:00";"MG";262;73,1;"MATIPO";"Ingestão de álcool pelo condutor";"Colisão lateral sentido oposto";"Com Vítimas Feridas";"Pleno dia";"Crescente";"Céu Claro";"Simples";"Curva";"Não";2;0;1;0;1;0;1;2;-20,31219098;-42,32448898;"SPRF-MG";"DEL06-MG";"UOP03-DEL06-MG"
521830;2023-05-08;"segunda-feira";"17:10:00";"RJ";116;176;"SAO JOAO DE MERITI";"Trafegar com motocicleta (ou similar) entre as faixas";"Colisão lateral mesmo sentido";"Com Vítimas Feridas";"Pleno dia";"Crescente";"Céu Claro";"Múltipla";"Reta";"Não";4;0;1;0;3;0;1;2;-22,7839538;-43,38195488;"SPRF-RJ";"DEL01-RJ";"UOP02-DEL01-RJ"
521833;2023-05-08;"segunda-feira";"17:10:00";"PE";232;11;"JABOATAO DOS GUARARAPES";"Condutor deixou de manter distância do veículo da frente";"Colisão traseira";"Com Vítimas Feridas";"Anoitecer";"Crescente";"Céu Claro";"Dupla";"Reta";"Não";2;0;0;1;1;0;1;2;-8,08195464;-34,99545022;"SPRF-PE";"DEL01-PE";"UOP01-DEL01-PE"
521834;2023-05-08;"segunda-feira";"17:15:00";"BA";101;260;"SANTO ANTONIO DE JESUS";"Pedestre andava na pista";"Atropelamento de Pedestre";"Com Vítimas Feridas";"Anoitecer";"Crescente";"Garoa/Chuvisco";"Dupla";"Reta;Declive";"Sim";2;0;1;0;1;0;1;2;-12,9664839;-39,2722865;"SPRF-BA";"DEL01-BA";"UOP02-DEL01-BA"
521835;2023-05-08;"segunda-feira";"15:00:00";"MG";365;473,5;"PATROCINIO";"Objeto estático sobre o leito carroçável";"Queda de ocupante de veículo";"Com Vítimas Feridas";"Pleno dia";"Decrescente";"Céu Claro";"Simples";"Reta;Viaduto";"Sim";2;0;2;0;0;0;2;1;-18,92253379;-47,01519781;"SPRF-MG";"DEL10-MG";"UOP01-DEL10-MG"
521836;2023-05-08;"segunda-feira";"16:40:00";"GO";40;11;"LUZIANIA";"Entrada inopinada do pedestre";"Atropelamento de Pedestre";"Com Vítimas Feridas";"Pleno dia";"Crescente";"Céu Claro";"Dupla";"Reta";"Sim";2;0;1;0;1;0;1;2;-16,138336;-47,951644;"SPRF-DF";"DEL01-DF";"UOP01-DEL01-DF"
521837;2023-05-08;"segunda-feira";"18:00:00";"SC";101;214,8;"PALHOCA";"Condutor deixou de manter distância do veículo da frente";"Colisão lateral mesmo sentido";"Com Vítimas Feridas";"Anoitecer";"Crescente";"Nublado";"Múltipla";"Reta";"Não";3;0;0;2;1;0;2;2;-27,64443;-48,67057;"SPRF-SC";"DEL01-SC";"UOP02-DEL01-SC"
521838;2023-05-08;"segunda-feira";"18:10:00";"PE";101;45;"IGARASSU";"Acessar a via sem observar a presença dos outros veículos";"Atropelamento de Pedestre";"Com Vítimas Feridas";"Anoitecer";"Crescente";"Céu Claro";"Simples";"Reta";"Sim";2;0;0;1;1;0;1;2;-7,86521297;-34,90715176;"SPRF-PE";"DEL01-PE";"UOP02-DEL01-PE"
521839;2023-05-08;"segunda-feira";"17:40:00";"RJ";101;321;"NITEROI";"Trafegar com motocicleta (ou similar) entre as faixas";"Colisão lateral mesmo sentido";"Com Vítimas Feridas";"Anoitecer";"Decrescente";"Céu Claro";"Dupla";"Curva";"Sim";2;0;1;0;1;0;1;2;-22,86981096;-43,11046465;"SPRF-RJ";"DEL02-RJ";"UOP01-DEL02-RJ"
521840;2023-04-22;"sábado";"16:30:00";"RR";0;0;"IRACEMA";"Pista Escorregadia";"Colisão lateral mesmo sentido";"Sem Vítimas";"Pleno dia";"Não Informado";"Garoa/Chuvisco";"Simples";"Curva";"Não";5;0;0;0;5;0;0;2;2,30120456;-61,25124156;"SPRF-RR";"N/A";"N/A"
521841;2023-05-08;"segunda-feira";"17:55:00";"CE";20;338,5;"CARIDADE";"Demais falhas mecânicas ou elétricas";"Capotamento";"Com Vítimas Feridas";"Plena Noite";"Decrescente";"Céu Claro";"Simples";"Reta";"Não";1;0;1;0;0;0;1;1;-4,15303942;-39,12931388;"SPRF-CE";"DEL02-CE";"UOP01-DEL02-CE"
521842;2023-05-08;"segunda-feira";"15:30:00";"MG";116;414;"GOVERNADOR VALADARES";"Ausência de reação do condutor";"Engavetamento";"Sem Vítimas";"Pleno dia";"Crescente";"Céu Claro";"Simples";"Reta;Ponte";"Sim";4;0;0;0;4;0;0;4;-18,88354892;-41,95266724;"SPRF-MG";"DEL06-MG";"UOP01-DEL06-MG"
521843;2023-05-08;"segunda-feira";"16:30:00";"MG";116;414;"GOVERNADOR VALADARES";"Condutor deixou de manter distância do veículo da frente";"Colisão traseira";"Com Vítimas Feridas";"Pleno dia";"Crescente";"Céu Claro";"Simples";"Reta";"Sim";2;0;1;0;1;0;1;2;-18,88102703;-41,95910802;"SPRF-MG";"DEL06-MG";"UOP01-DEL06-MG"
521844;2023-05-08;"segunda-feira";"06:30:00";"BA";349;1020;"CORRENTINA";"Ausência de reação do condutor";"Saída de leito carroçável";"Sem Vítimas";"Pleno dia";"Decrescente";"Céu Claro";"Simples";"Reta";"Não";2;0;0;0;0;2;0;1;-13,798735;-46,164127;"SPRF-BA";"DEL08-BA";"UOP04-DEL08-BA"
521845;2023-05-08;"segunda-feira";"17:05:00";"SC";101;412;"ARARANGUA";"Condutor deixou de manter distância do veículo da frente";"Colisão traseira";"Com Vítimas Feridas";"Pleno dia";"Crescente";"Céu Claro";"Simples";"Reta";"Sim";2;0;0;1;1;0;1;2;-28,939333;-49,497513;"SPRF-SC";"DEL02-SC";"UOP02-DEL02-SC"
521846;2023-05-08;"segunda-feira";"18:30:00";"ES";262;90;"DOMINGOS MARTINS";"Pedestre andava na pista";"Atropelamento de Pedestre";"Com Vítimas Feridas";"Plena Noite";"Crescente";"Chuva";"Simples";"Reta";"Sim";2;0;0;1;1;0;1;2;-20,38123513;-41,02431905;"SPRF-ES";"DEL01-ES";"UOP02-DEL01-ES"
521847;2023-05-08;"segunda-feira";"17:20:00";"PR";277;421,9;"CANTAGALO";"Acessar a via sem observar a presença dos outros veículos";"Colisão transversal";"Com Vítimas Feridas";"Pleno dia";"Crescente";"Nublado";"Simples";"Reta;Interseção de Vias";"Sim";3;0;3;0;0;0;3;2;-25,40516876;-52,09591501;"SPRF-PR";"DEL04-PR";"UOP02-DEL04-PR"
521848;2023-05-08;"segunda-feira";"13:35:00";"AC";364;131;"RIO BRANCO";"Condutor deixou de manter distância do veículo da frente";"Colisão traseira";"Com Vítimas Feridas";"Pleno dia";"Decrescente";"Céu Claro";"Dupla";"Reta";"Sim";2;0;1;0;1;0;1;2;-10,01594689;-67,84093848;"SPRF-AC";"DEL01-AC";"UOP01-DEL01-AC"
521850;2023-05-08;"segunda-feira";"18:00:00";"SP";116;279;"EMBU DAS ARTES";"Reação tardia ou ineficiente do condutor";"Colisão traseira";"Com Vítimas Feridas";"Plena Noite";"Crescente";"Céu Claro";"Dupla";"Reta";"Sim";2;0;1;0;1;0;1;2;-23,63746447;-46,83393544;"SPRF-SP";"DEL04-SP";"UOP01-DEL04-SP"
521851;2023-05-08;"segunda-feira";"12:50:00";"RO";364;341;"JI-PARANA";"Manobra de mudança de faixa";"Colisão transversal";"Com Vítimas Feridas";"Pleno dia";"Decrescente";"Nublado";"Dupla";"Reta";"Sim";2;0;1;0;1;0;1;2;-10,88987987;-61,93126772;"SPRF-RO";"DEL02-RO";"UOP01-DEL02-RO"
521853;2023-05-08;"segunda-feira";"16:30:00";"MG";381;570,6;"ITAGUARA";"Velocidade Incompatível";"Saída de leito carroçável";"Com Vítimas Feridas";"Pleno dia";"Decrescente";"Céu Claro";"Dupla";"Reta";"Não";1;0;1;0;0;0;1;1;-20,43702178;-44,55965749;"SPRF-MG";"DEL04-MG";"UOP03-DEL04-MG"
521855;2023-05-08;"segunda-feira";"18:00:00";"RJ";101;319;"SAO GONCALO";"Manobra de mudança de faixa";"Colisão lateral mesmo sentido";"Com Vítimas Feridas";"Plena Noite";"Decrescente";"Céu Claro";"Múltipla";"Reta";"Não";2;0;1;0;1;0;1;2;-22,85411774;-43,1018014;"SPRF-RJ";"DEL02-RJ";"UOP02-DEL02-RJ"
521856;2023-05-08;"segunda-feira";"17:15:00";"RN";304;30;"MOSSORO";"Objeto estático sobre o leito carroçável";"Queda de ocupante de veículo";"Com Vítimas Feridas";"Anoitecer";"Decrescente";"Céu Claro";"Simples";"Reta;Em Obras";"Sim";1;0;0;1;0;0;1;1;-5,11703801;-37,34100094;"SPRF-RN";"DEL04-RN";"UOP02-DEL04-RN"
521857;2023-05-08;"segunda-feira";"18:00:00";"PR";376;290;"MAUA DA SERRA";"Afundamento ou ondulação no pavimento";"Queda de ocupante de veículo";"Com Vítimas Feridas";"Pleno dia";"Decrescente";"Céu Claro";"Dupla";"Reta";"Sim";1;0;1;0;0;0;1;1;-23,89199529;-51,23005455;"SPRF-PR";"DEL07-PR";"UOP02-DEL07-PR"
521858;2023-05-08;"segunda-feira";"14:39:00";"MA";226;332,8;"JENIPAPO DOS VIEIRAS";"Pista esburacada";"Capotamento";"Com Vítimas Fatais";"Pleno dia";"Crescente";"Céu Claro";"Simples";"Reta";"Não";4;1;0;1;0;2;1;2;-5,4619417;-45,47138406;"SPRF-MA";"DEL06-MA";"UOP01-DEL06-MA"
521859;2023-05-08;"segunda-feira";"18:50:00";"SE";235;41,5;"AREIA BRANCA";"Velocidade Incompatível";"Atropelamento de Pedestre";"Com Vítimas Feridas";"Plena Noite";"Crescente";"Céu Claro";"Simples";"Reta;Declive";"Sim";2;0;0;1;1;0;1;2;-10,769856;-37,373135;"SPRF-SE";"DEL01-SE";"UOP02-DEL01-SE"
521860;2023-05-08;"segunda-feira";"19:00:00";"GO";60;97;"ANAPOLIS";"Ausência de reação do condutor";"Queda de ocupante de veículo";"Com Vítimas Feridas";"Plena Noite";"Decrescente";"Céu Claro";"Dupla";"Reta";"Sim";1;0;1;0;0;0;1;1;-16,3774;-48,9483;"SPRF-GO";"DEL02-GO";"UOP01-DEL02-GO"
521861;2023-05-08;"segunda-feira";"18:49:00";"SP";116;136;"SAO JOSE DOS CAMPOS";"Reação tardia ou ineficiente do condutor";"Colisão traseira";"Com Vítimas Feridas";"Anoitecer";"Crescente";"Céu Claro";"Dupla";"Reta";"Não";4;0;1;0;2;1;1;3;-23,14874471;-45,77863714;"SPRF-SP";"DEL02-SP";"UOP01-DEL02-SP"
521862;2023-05-08;"segunda-feira";"17:30:00";"PB";230;406;"POMBAL";"Ingestão de álcool pelo condutor";"Colisão traseira";"Sem Vítimas";"Anoitecer";"Crescente";"Céu Claro";"Simples";"Reta;Interseção de Vias";"Sim";3;0;0;0;3;0;0;2;-6,765658;-37,794578;"SPRF-PB";"DEL03-PB";"UOP02-DEL03-PB"
521864;2023-05-08;"segunda-feira";"18:20:00";"RS";116;242;"SAO LEOPOLDO";"Condutor deixou de manter distância do veículo da frente";"Colisão traseira";"Sem Vítimas";"Plena Noite";"Decrescente";"Céu Claro";"Múltipla";"Reta";"Sim";3;0;0;0;3;0;0;3;-29,72297087;-51,14858729;"SPRF-RS";"DEL01-RS";"UOP02-DEL01-RS"
521865;2023-05-08;"segunda-feira";"13:30:00";"RS";158;362;"DILERMANDO DE AGUIAR";"Ausência de reação do condutor";"Saída de leito carroçável";"Com Vítimas Feridas";"Pleno dia";"Crescente";"Céu Claro";"Simples";"Curva";"Não";1;0;1;0;0;0;1;1;-29,79512595;-54,11930628;"SPRF-RS";"DEL09-RS";"UOP01-DEL09-RS"
521866;2023-05-08;"segunda-feira";"10:15:00";"RJ";40;90;"PETROPOLIS";"Velocidade Incompatível";"Queda de ocupante de veículo";"Com Vítimas Feridas";"Pleno dia";"Crescente";"Céu Claro";"Simples";"Curva";"Não";2;0;2;0;0;0;2;1;-22,550738;-43,236397;"SPRF-RJ";"DEL06-RJ";"UOP01-DEL06-RJ"
521867;2023-05-08;"segunda-feira";"17:30:00";"PR";158;507;"CORONEL VIVIDA";"Reação tardia ou ineficiente do condutor";"Colisão transversal";"Com Vítimas Feridas";"Amanhecer";"Crescente";"Nublado";"Simples";"Reta";"Não";2;0;2;0;0;0;2;2;-26,04113267;-52,60828192;"SPRF-PR";"DEL02-PR";"UOP01-DEL02-PR"
521868;2023-05-08;"segunda-feira";"19:24:00";"GO";40;24;"LUZIANIA";"Acessar a via sem observar a presença dos outros veículos";"Colisão transversal";"Com Vítimas Feridas";"Plena Noite";"Crescente";"Céu Claro";"Dupla";"Reta;Interseção de Vias";"Sim";2;0;1;0;1;0;1;2;-16,252738;-47,900437;"SPRF-DF";"DEL01-DF";"UOP01-DEL01-DF"
521869;2023-01-20;"sexta-feira";"13:15:00";"RJ";40;105;"DUQUE DE CAXIAS";"Condutor Dormindo";"Colisão lateral mesmo sentido";"Com Vítimas Feridas";"Pleno dia";"Decrescente";"Nublado";"Dupla";"Reta";"Sim";3;0;1;0;2;0;1;2;-22,63784806;-43,28428824;"SPRF-RJ";"DEL01-RJ";"UOP01-DEL01-RJ"
521872;2023-05-08;"segunda-feira";"19:00:00";"SP";116;53;"LORENA";"Desrespeitar a preferência no cruzamento";"Colisão transversal";"Com Vítimas Feridas";"Plena Noite";"Decrescente";"Céu Claro";"Simples";"Retorno Regulamentado;Interseção de Vias";"Sim";2;0;1;0;1;0;1;2;-22,75255433;-45,10741076;"SPRF-SP";"DEL08-SP";"UOP02-DEL08-SP"
521873;2023-05-08;"segunda-feira";"17:50:00";"BA";242;850;"BARREIRAS";"Avarias e/ou desgaste excessivo no pneu";"Capotamento";"Com Vítimas Feridas";"Plena Noite";"Decrescente";"Céu Claro";"Simples";"Reta";"Não";2;0;1;0;1;0;1;1;-12,10967583;-45,28842497;"SPRF-BA";"DEL10-BA";"UOP01-DEL10-BA"
521874;2023-05-08;"segunda-feira";"19:25:00";"SC";101;131;"BALNEARIO CAMBORIU";"Modificação proibida";"Colisão transversal";"Com Vítimas Feridas";"Plena Noite";"Crescente";"Céu Claro";"Simples";"Reta";"Sim";2;0;1;0;1;0;1;2;-26,99064209;-48,66310912;"SPRF-SC";"DEL04-SC";"UOP03-DEL04-SC"
521876;2023-05-08;"segunda-feira";"20:00:00";"RS";472;648;"BARRA DO QUARAI";"Condutor deixou de manter distância do veículo da frente";"Colisão lateral mesmo sentido";"Com Vítimas Feridas";"Plena Noite";"Decrescente";"Céu Claro";"Simples";"Reta";"Sim";3;0;1;0;0;2;1;3;-30,19167727;-57,47892692;"SPRF-RS";"DEL13-RS";"UOP01-DEL13-RS"
521879;2023-05-08;"segunda-feira";"19:10:00";"PE";408;97;"SAO LOURENCO DA MATA";"Acessar a via sem observar a presença dos outros veículos";"Colisão traseira";"Com Vítimas Feridas";"Plena Noite";"Decrescente";"Céu Claro";"Dupla";"Reta";"Não";2;0;1;0;1;0;1;2;-8,02843077;-35,03684556;"SPRF-PE";"DEL01-PE";"UOP01-DEL01-PE"
521880;2023-05-08;"segunda-feira";"20:00:00";"SP";116;113;"TAUBATE";"Demais falhas mecânicas ou elétricas";"Tombamento";"Com Vítimas Feridas";"Anoitecer";"Crescente";"Céu Claro";"Dupla";"Reta";"Sim";2;0;1;0;1;0;1;1;-23,0440828;-45,58041405;"SPRF-SP";"DEL02-SP";"UOP02-DEL02-SP"
521882;2023-05-07;"domingo";"14:50:00";"MG";381;507;"SAO JOAQUIM DE BICAS";"Reação tardia ou ineficiente do condutor";"Saída de leito carroçável";"Sem Vítimas";"Pleno dia";"Crescente";"Céu Claro";"Dupla";"Reta";"Sim";1;0;0;0;1;0;0;1;-20,05643192;-44,28663308;"SPRF-MG";"DEL04-MG";"UOP03-DEL04-MG"
521887;2023-05-08;"segunda-feira";"20:30:00";"RS";116;245;"SAO LEOPOLDO";"Transitar na contramão";"Colisão frontal";"Com Vítimas Feridas";"Plena Noite";"Crescente";"Céu Claro";"Dupla";"Reta;Aclive";"Sim";6;0;0;2;4;0;2;2;-29,74980902;-51,15125361;"SPRF-RS";"DEL01-RS";"UOP02-DEL01-RS"
521889;2023-05-08;"segunda-feira";"21:00:00";"PE";428;186,2;"PETROLINA";"Velocidade Incompatível";"Tombamento";"Com Vítimas Feridas";"Plena Noite";"Decrescente";"Céu Claro";"Dupla";"Reta";"Sim";1;0;0;1;0;0;1;1;-9,36095234;-40,48093379;"SPRF-PE";"DEL06-PE";"UOP01-DEL06-PE"
521893;2023-05-08;"segunda-feira";"18:55:00";"RS";158;565;"SANTANA DO LIVRAMENTO";"Acessar a via sem observar a presença dos outros veículos";"Atropelamento de Animal";"Com Vítimas Feridas";"Plena Noite";"Decrescente";"Céu Claro";"Simples";"Ponte;Curva";"Sim";2;0;1;0;1;0;1;2;-30,868536;-55,50789;"SPRF-RS";"DEL11-RS";"UOP01-DEL11-RS"
521894;2023-05-08;"segunda-feira";"18:30:00";"MA";316;423,1;"PERITORO";"Reação tardia ou ineficiente do condutor";"Colisão traseira";"Com Vítimas Feridas";"Plena Noite";"Crescente";"Céu Claro";"Simples";"Reta";"Não";2;0;1;1;0;0;2;2;-4,36574;-44,348591;"SPRF-MA";"DEL03-MA";"UOP01-DEL03-MA"
521898;2023-05-08;"segunda-feira";"14:00:00";"MT";163;1113;"GUARANTA DO NORTE";"Ausência de reação do condutor";"Queda de ocupante de veículo";"Com Vítimas Feridas";"Pleno dia";"Decrescente";"Céu Claro";"Simples";"Reta";"Não";1;0;1;0;0;0;1;1;-9,69134697;-54,87633595;"SPRF-MT";"DEL06-MT";"UOP03-DEL06-MT"