"id";"data_inversa";"dia_semana";"horario";"uf";"br";"km";"municipio";"causa_acidente";"tipo_acidente";"classificacao_acidente";"fase_dia";"sentido_via";"condicao_metereologica";"tipo_pista";"tracado_via";"uso_solo";"pessoas";"mortos";"feridos_leves";"feridos_graves";"ilesos";"ignorados";"feridos";"veiculos";"latitude";"longitude";"regional";"delegacia";"uop"
521899;2023-05-08;"segunda-feira";"22:15:00";"CE";222;180;"SOBRAL";"Pedestre andava na pista";"Atropelamento de Pedestre";"Com Vítimas Fatais";"Plena Noite";"Crescente";"Céu Claro";"Simples";"Declive";"Não";2;1;0;0;0;1;0;2;-3,7474458;-40,04723688;"SPRF-CE";"DEL04-CE";"UOP01-DEL04-CE"
521901;2023-05-08;"segunda-feira";"19:40:00";"TO";153;628,5;"ALIANCA DO TOCANTINS";"Ultrapassagem Indevida";"Colisão frontal";"Com Vítimas Fatais";"Plena Noite";"Decrescente";"Céu Claro";"Simples";"Aclive;Reta";"Não";2;1;1;0;0;0;1;2;-11,34411498;-48,95423704;"SPRF-TO";"DEL01-TO";"UOP02-DEL01-TO"
521902;2023-05-08;"segunda-feira";"21:15:00";"BA";235;352,4;"JUAZEIRO";"Condutor deixou de manter distância do veículo da frente";"Colisão traseira";"Sem Vítimas";"Plena Noite";"Crescente";"Céu Claro";"Dupla";"Reta";"Sim";2;0;0;0;2;0;0;2;-9,43095338;-40,50336242;"SPRF-BA";"DEL04-BA";"UOP01-DEL04-BA"
521903;2023-05-08;"segunda-feira";"21:00:00";"GO";40;5;"VALPARAISO DE GOIAS";"Velocidade Incompatível";"Colisão com objeto";"Com Vítimas Feridas";"Plena Noite";"Decrescente";"Céu Claro";"Dupla";"Aclive;Interseção de Vias;Curva";"Sim";1;0;1;0;0;0;1;1;-16,093134;-47,982236;"SPRF-DF";"DEL01-DF";"UOP01-DEL01-DF"
521906;2023-05-08;"segunda-feira";"23:15:00";"RJ";101;65;"CAMPOS DOS GOYTACAZES";"Ultrapassagem Indevida";"Colisão frontal";"Com Vítimas Feridas";"Plena Noite";"Crescente";"Céu Claro";"Simples";"Reta";"Sim";2;0;2;0;0;0;2;2;-21,75371806;-41,344292;"SPRF-RJ";"DEL08-RJ";"UOP02-DEL08-RJ"
521907;2023-05-08;"segunda-feira";"19:30:00";"RS";471;516;"RIO GRANDE";"Animais na Pista";"Saída de leito carroçável";"Com Vítimas Feridas";"Plena Noite";"Crescente";"Céu Claro";"Simples";"Reta";"Não";4;0;2;0;2;0;2;1;-32,517139;-52,55645;"SPRF-RS";"DEL07-RS";"UOP02-DEL07-RS"
521910;2023-05-08;"segunda-feira";"18:00:00";"DF";251;46,7;"BRASILIA";"Conversão proibida";"Colisão lateral mesmo sentido";"Com Vítimas Fatais";"Plena Noite";"Crescente";"Céu Claro";"Simples";"Reta";"Não";7;3;0;1;3;0;1;5;-15,956645;-47,867757;"SPRF-DF";"DEL01-DF";"UOP01-DEL01-DF"
521912;2023-05-09;"terça-feira";"01:10:00";"MG";40;631,1;"CONSELHEIRO LAFAIETE";"Pedestre cruzava a pista fora da faixa";"Atropelamento de Pedestre";"Com Vítimas Feridas";"Plena Noite";"Crescente";"Nublado";"Simples";"Aclive";"Sim";2;0;0;1;1;0;1;2;-20,67117194;-43,79954165;"SPRF-MG";"DEL05-MG";"UOP02-DEL05-MG"
521913;2023-05-09;"terça-feira";"00:01:00";"RS";153;397;"CACHOEIRA DO SUL";"Ausência de reação do condutor";"Saída de leito carroçável";"Com Vítimas Feridas";"Plena Noite";"Decrescente";"Céu Claro";"Simples";"Reta";"Não";1;0;1;0;0;0;1;1;-29,985865;-52,927982;"SPRF-RS";"DEL02-RS";"UOP03-DEL02-RS"
521914;2023-05-08;"segunda-feira";"23:53:00";"RJ";101;435;"MANGARATIBA";"Condutor Dormindo";"Saída de leito carroçável";"Sem Vítimas";"Plena Noite";"Crescente";"Céu Claro";"Simples";"Curva";"Não";1;0;0;0;1;0;0;1;-22,93945885;-44,0529249;"SPRF-RJ";"DEL03-RJ";"UOP02-DEL03-RJ"
521915;2023-05-09;"terça-feira";"03:15:00";"GO";60;96;"ANAPOLIS";"Animais na Pista";"Atropelamento de Animal";"Com Vítimas Feridas";"Plena Noite";"Decrescente";"Céu Claro";"Dupla";"Reta";"Sim";1;0;1;0;0;0;1;1;-16,371;-48,9422;"SPRF-GO";"DEL02-GO";"UOP01-DEL02-GO"
521916;2023-05-09;"terça-feira";"02:55:00";"SC";101;185;"BIGUACU";"Condutor Dormindo";"Saída de leito carroçável";"Com Vítimas Feridas";"Plena Noite";"Crescente";"Céu Claro";"Dupla";"Curva";"Não";1;0;1;0;0;0;1;1;-27,42536698;-48,62465876;"SPRF-SC";"DEL01-SC";"UOP01-DEL01-SC"
521917;2023-05-09;"terça-feira";"01:00:00";"SC";282;211;"LAGES";"Condutor Dormindo";"Saída de leito carroçável";"Com Vítimas Feridas";"Plena Noite";"Crescente";"Céu Claro";"Simples";"Reta;Declive";"Não";1;0;1;0;0;0;1;1;-27,780222;-50,241741;"SPRF-SC";"DEL05-SC";"UOP01-DEL05-SC"
521918;2023-05-09;"terça-feira";"04:30:00";"CE";20;325,1;"CARIDADE";"Condutor Dormindo";"Capotamento";"Com Vítimas Feridas";"Amanhecer";"Crescente";"Céu Claro";"Simples";"Reta";"Sim";1;0;1;0;0;0;1;1;-4,24158307;-39,2043639;"SPRF-CE";"DEL02-CE";"UOP01-DEL02-CE"
521919;2023-05-08;"segunda-feira";"21:00:00";"GO";80;223;"ALTO HORIZONTE";"Ingestão de álcool pelo condutor";"Colisão com objeto";"Com Vítimas Feridas";"Pleno dia";"Decrescente";"Céu Claro";"Simples";"Em Obras;Reta";"Não";3;0;2;1;0;0;3;1;-14,21529892;-49,43540812;"SPRF-GO";"DEL07-GO";"UOP01-DEL07-GO"
521920;2023-05-09;"terça-feira";"05:20:00";"MG";40;612;"CONGONHAS";"Reação tardia ou ineficiente do condutor";"Tombamento";"Com Vítimas Feridas";"Plena Noite";"Decrescente";"Céu Claro";"Simples";"Reta";"Não";1;0;1;0;0;0;1;1;-20,51778098;-43,83603641;"SPRF-MG";"DEL05-MG";"UOP02-DEL05-MG"
521921;2023-05-09;"terça-feira";"04:08:00";"GO";20;18;"FORMOSA";"Animais na Pista";"Atropelamento de Animal";"Com Vítimas Feridas";"Plena Noite";"Decrescente";"Céu Claro";"Dupla";"Declive";"Não";5;0;4;1;0;0;5;2;-15,556626;-47,195999;"SPRF-DF";"DEL02-DF";"UOP02-DEL02-DF"
521924;2023-05-09;"terça-feira";"05:30:00";"GO";20;172,5;"ALVORADA DO NORTE";"Condutor Dormindo";"Colisão lateral sentido oposto";"Com Vítimas Feridas";"Amanhecer";"Crescente";"Céu Claro";"Simples";"Reta";"Não";3;0;3;0;0;0;3;2;-14,533333;-46,540195;"SPRF-DF";"DEL02-DF";"UOP03-DEL02-DF"
521925;2023-05-09;"terça-feira";"06:30:00";"ES";101;62;"SAO MATEUS";"Condutor Dormindo";"Colisão lateral sentido oposto";"Sem Vítimas";"Amanhecer";"Decrescente";"Chuva";"Simples";"Curva";"Não";2;0;0;0;2;0;0;2;-18,69020499;-39,86154403;"SPRF-ES";"DEL04-ES";"UOP02-DEL04-ES"
521927;2023-05-09;"terça-feira";"06:40:00";"RS";153;42,8;"ERECHIM";"Transitar na contramão";"Colisão frontal";"Com Vítimas Feridas";"Amanhecer";"Crescente";"Céu Claro";"Dupla";"Reta";"Sim";2;0;0;1;0;1;1;2;-27,60602218;-52,23788583;"SPRF-RS";"DEL08-RS";"UOP04-DEL08-RS"
521928;2023-05-09;"terça-feira";"05:50:00";"PR";277;232;"FERNANDES PINHEIRO";"Reação tardia ou ineficiente do condutor";"Atropelamento de Pedestre";"Com Vítimas Feridas";"Amanhecer";"Crescente";"Céu Claro";"Simples";"Reta;Declive";"Não";2;0;1;1;0;0;2;2;-25,4687637;-50,47923205;"SPRF-PR";"DEL08-PR";"UOP02-DEL08-PR"
521930;2023-05-09;"terça-feira";"07:20:00";"PR";116;119;"CURITIBA";"Trafegar com motocicleta (ou similar) entre as faixas";"Colisão lateral mesmo sentido";"Com Vítimas Feridas";"Pleno dia";"Decrescente";"Nublado";"Dupla";"Reta";"Não";3;0;1;0;2;0;1;2;-25,54456009;-49,30146002;"SPRF-PR";"DEL01-PR";"UOP03-DEL01-PR"
521931;2023-05-09;"terça-feira";"07:35:00";"AP";210;2;"MACAPA";"Condutor deixou de manter distância do veículo da frente";"Colisão traseira";"Com Vítimas Feridas";"Pleno dia";"Decrescente";"Céu Claro";"Dupla";"Reta";"Sim";3;0;2;0;1;0;2;2;0,0828201734;-51,0777618925;"SPRF-AP";"DEL01-AP";"UOP01-DEL01-AP"
521932;2023-05-09;"terça-feira";"07:50:00";"SP";116;208;"GUARULHOS";"Reação tardia ou ineficiente do condutor";"Colisão traseira";"Com Vítimas Feridas";"Pleno dia";"Crescente";"Céu Claro";"Múltipla";"Reta";"Sim";2;0;1;0;1;0;1;2;-23,42222263;-46,3932771;"SPRF-SP";"DEL01-SP";"UOP01-DEL01-SP"
521935;2023-05-09;"terça-feira";"07:20:00";"TO";153;138;"ARAGUAINA";"Reação tardia ou ineficiente do condutor";"Saída de leito carroçável";"Sem Vítimas";"Pleno dia";"Crescente";"Céu Claro";"Dupla";"Declive";"Sim";1;0;0;0;1;0;0;1;-7,15509994;-48,20416232;"SPRF-TO";"DEL02-TO";"UOP01-DEL02-TO"
521937;2023-05-09;"terça-feira";"07:50:00";"RS";116;482,8;"TURUCU";"Desrespeitar a preferência no cruzamento";"Colisão transversal";"Com Vítimas Feridas";"Pleno dia";"Crescente";"Céu Claro";"Múltipla";"Viaduto;Interseção de Vias";"Sim";2;0;1;0;1;0;1;2;-31,40823579;-52,16643032;"SPRF-RS";"DEL07-RS";"UOP01-DEL07-RS"
521939;2023-05-09;"terça-feira";"07:40:00";"SC";101;335;"TUBARAO";"Acessar a via sem observar a presença dos outros veículos";"Colisão transversal";"Com Vítimas Feridas";"Pleno dia";"Decrescente";"Céu Claro";"Dupla";"Rotatória";"Sim";2;0;1;0;1;0;1;2;-28,476612;-49,02973;"SPRF-SC";"DEL02-SC";"UOP01-DEL02-SC"
521940;2023-05-09;"terça-feira";"06:50:00";"RS";116;234;"NOVO HAMBURGO";"Acesso irregular";"Colisão transversal";"Com Vítimas Feridas";"Pleno dia";"Decrescente";"Céu Claro";"Simples";"Reta";"Sim";2;0;0;1;1;0;1;2;-29,645315;-51,143301;"SPRF-RS";"DEL01-RS";"UOP02-DEL01-RS"
521941;2023-05-09;"terça-feira";"07:55:00";"SC";101;87,1;"BARRA VELHA";"Objeto estático sobre o leito carroçável";"Colisão com objeto";"Com Vítimas Feridas";"Pleno dia";"Decrescente";"Nublado";"Múltipla";"Curva";"Sim";1;0;0;1;0;0;1;1;-26,63713377;-48,69651057;"SPRF-SC";"DEL03-SC";"UOP02-DEL03-SC"
521944;2023-05-09;"terça-feira";"07:55:00";"CE";116;11;"FORTALEZA";"Velocidade Incompatível";"Colisão traseira";"Com Vítimas Feridas";"Pleno dia";"Crescente";"Sol";"Dupla";"Reta";"Sim";2;0;1;0;1;0;1;2;-3,84394724;-38,49891546;"SPRF-CE";"DEL01-CE";"UOP02-DEL01-CE"
521945;2023-05-09;"terça-feira";"06:52:00";"RN";304;300;"MACAIBA";"Acessar a via sem observar a presença dos outros veículos";"Colisão lateral mesmo sentido";"Com Vítimas Feridas";"Pleno dia";"Crescente";"Céu Claro";"Dupla";"Reta";"Sim";2;0;1;1;0;0;2;1;-5,8737673;-35,3150361;"SPRF-RN";"DEL01-RN";"UOP02-DEL01-RN"
521946;2023-05-09;"terça-feira";"07:28:00";"PA";316;24,4;"BENEVIDES";"Demais falhas mecânicas ou elétricas";"Saída de leito carroçável";"Com Vítimas Fatais";"Pleno dia";"Decrescente";"Céu Claro";"Dupla";"Reta";"Sim";2;1;1;0;0;0;1;1;-1,34599732;-48,25152822;"SPRF-PA";"DEL01-PA";"UOP01-DEL01-PA"
521947;2023-05-09;"terça-feira";"08:20:00";"RS";116;248;"SAO LEOPOLDO";"Trafegar com motocicleta (ou similar) entre as faixas";"Colisão lateral mesmo sentido";"Com Vítimas Feridas";"Pleno dia";"Decrescente";"Céu Claro";"Múltipla";"Reta";"Sim";2;0;2;0;0;0;2;2;-29,77605895;-51,15508618;"SPRF-RS";"DEL01-RS";"UOP02-DEL01-RS"
521948;2023-05-09;"terça-feira";"08:30:00";"RS";116;263;"CANOAS";"Trafegar com motocicleta (ou similar) entre as faixas";"Colisão traseira";"Com Vítimas Feridas";"Pleno dia";"Crescente";"Céu Claro";"Dupla";"Reta";"Sim";2;0;1;0;1;0;1;2;-29,90545398;-51,17674031;"SPRF-RS";"DEL01-RS";"UOP01-DEL01-RS"
521953;2023-05-09;"terça-feira";"08:10:00";"GO";153;437,9;"ANAPOLIS";"Manobra de mudança de faixa";"Saída de leito carroçável";"Com Vítimas Feridas";"Pleno dia";"Crescente";"Céu Claro";"Dupla";"Reta";"Sim";1;0;1;0;0;0;1;1;-16,31049;-48,922889;"SPRF-GO";"DEL02-GO";"UOP01-DEL02-GO"
521956;2023-05-09;"terça-feira";"08:21:00";"RN";101;108;"PARNAMIRIM";"Trafegar com motocicleta (ou similar) entre as faixas";"Colisão lateral mesmo sentido";"Com Vítimas Feridas";"Pleno dia";"Decrescente";"Céu Claro";"Dupla";"Viaduto";"Sim";2;0;1;0;1;0;1;2;-5,92825102;-35,26465683;"SPRF-RN";"DEL01-RN";"UOP01-DEL01-RN"
521957;2023-05-09;"terça-feira";"08:30:00";"SC";280;29;"ARAQUARI";"Acessar a via sem observar a presença dos outros veículos";"Colisão transversal";"Com Vítimas Feridas";"Pleno dia";"Decrescente";"Nublado";"Simples";"Reta";"Sim";2;0;1;0;1;0;1;2;-26,41066264;-48,75295628;"SPRF-SC";"DEL03-SC";"UOP03-DEL03-SC"
521959;2023-05-09;"terça-feira";"09:00:00";"PR";376;176,9;"MARINGA";"Manobra de mudança de faixa";"Colisão lateral mesmo sentido";"Com Vítimas Feridas";"Pleno dia";"Decrescente";"Céu Claro";"Múltipla";"Reta";"Sim";2;0;1;0;1;0;1;2;-23,41269173;-51,93158327;"SPRF-PR";"DEL09-PR";"UOP01-DEL09-PR"
521961;2023-05-09;"terça-feira";"08:10:00";"BA";324;446;"RIACHAO DO JACUIPE";"Ultrapassagem Indevida";"Colisão frontal";"Com Vítimas Feridas";"Pleno dia";"Crescente";"Céu Claro";"Simples";"Reta";"Não";2;0;2;0;0;0;2;2;-11,85328309;-39,33444207;"SPRF-BA";"DEL02-BA";"UOP01-DEL02-BA"
521962;2023-05-09;"terça-feira";"07:10:00";"PR";277;7,3;"PARANAGUA";"Desrespeitar a preferência no cruzamento";"Colisão transversal";"Com Vítimas Feridas";"Pleno dia";"Crescente";"Chuva";"Simples";"Reta;Interseção de Vias";"Sim";2;0;0;1;1;0;1;2;-25,5107;-48,519316;"SPRF-PR";"DEL01-PR";"UOP05-DEL01-PR"
521965;2023-04-11;"terça-feira";"14:00:00";"SP";116;283;"ITAPECERICA DA SERRA";"Velocidade Incompatível";"Queda de ocupante de veículo";"Sem Vítimas";"Pleno dia";"Decrescente";"Céu Claro";"Dupla";"Reta";"Não";1;0;0;0;0;1;0;1;-23,69297005;-46,86352786;"SPRF-SP";"DEL04-SP";"UOP01-DEL04-SP"
521966;2023-05-09;"terça-feira";"08:40:00";"MG";381;676,4;"PERDOES";"Desrespeitar a preferência no cruzamento";"Colisão transversal";"Com Vítimas Feridas";"Pleno dia";"Crescente";"Nublado";"Múltipla";"Interseção de Vias";"Sim";4;0;1;0;3;0;1;2;-21,098862;-45,0843;"SPRF-MG";"DEL04-MG";"UOP02-DEL04-MG"
521969;2023-01-03;"terça-feira";"00:10:00";"BA";101;469;"URUCUCA";"Ultrapassagem Indevida";"Colisão frontal";"Com Vítimas Feridas";"Plena Noite";"Crescente";"Nublado";"Simples";"Reta";"Não";4;0;2;1;1;0;3;2;-14,58225441;-39,33929443;"SPRF-BA";"DEL05-BA";"UOP01-DEL05-BA"
521970;2023-05-09;"terça-feira";"08:00:00";"PI";343;342;"TERESINA";"Acessar a via sem observar a presença dos outros veículos";"Colisão transversal";"Com Vítimas Feridas";"Pleno dia";"Decrescente";"Sol";"Simples";"Reta";"Não";1;0;1;0;0;0;1;1;-5,08284;-42,750385;"SPRF-PI";"DEL01-PI";"UOP01-DEL01-PI"
521972;2023-05-09;"terça-feira";"10:08:00";"RS";290;83;"CACHOEIRINHA";"Reação tardia ou ineficiente do condutor";"Colisão traseira";"Com Vítimas Feridas";"Pleno dia";"Crescente";"Céu Claro";"Dupla";"Reta";"Não";2;0;1;0;1;0;1;2;-29,96844604;-51,10792637;"SPRF-RS";"DEL01-RS";"UOP01-DEL01-RS"
521973;2023-05-09;"terça-feira";"11:29:00";"PE";232;127;"CARUARU";"Acesso irregular";"Colisão frontal";"Com Vítimas Feridas";"Pleno dia";"Crescente";"Céu Claro";"Simples";"Rotatória";"Sim";3;0;0;1;2;0;1;2;-8,30610303;-35,96342301;"SPRF-PE";"DEL02-PE";"UOP01-DEL02-PE"
521974;2023-05-09;"terça-feira";"10:15:00";"RJ";101;319;"SAO GONCALO";"Trafegar com motocicleta (ou similar) entre as faixas";"Colisão traseira";"Com Vítimas Feridas";"Pleno dia";"Crescente";"Nublado";"Dupla";"Reta";"Sim";2;0;1;0;1;0;1;2;-22,85411774;-43,1018014;"SPRF-RJ";"DEL02-RJ";"UOP02-DEL02-RJ"
521975;2023-05-09;"terça-feira";"11:10:00";"PR";476;84;"CURITIBA";"Ausência de reação do condutor";"Colisão traseira";"Com Vítimas Feridas";"Pleno dia";"Crescente";"Nublado";"Dupla";"Reta";"Sim";3;0;2;0;0;1;2;3;-25,45580481;-49,24111962;"SPRF-PR";"DEL01-PR";"UOP01-DEL01-PR"
521976;2023-05-09;"terça-feira";"10:10:00";"PR";277;36;"MORRETES";"Reação tardia ou ineficiente do condutor";"Colisão com objeto";"Com Vítimas Feridas";"Pleno dia";"Crescente";"Chuva";"Dupla";"Reta;Aclive";"Não";1;0;1;0;0;0;1;1;-25,5585949;-48,80593311;"SPRF-PR";"DEL01-PR";"UOP05-DEL01-PR"
521979;2023-05-09;"terça-feira";"11:50:00";"PR";116;117;"CURITIBA";"Manobra de mudança de faixa";"Colisão lateral mesmo sentido";"Com Vítimas Feridas";"Pleno dia";"Decrescente";"Nublado";"Múltipla";"Reta";"Sim";2;0;1;0;1;0;1;2;-25,559166;-49,306863;"SPRF-PR";"DEL01-PR";"UOP03-DEL01-PR"
521980;2023-05-09;"terça-feira";"11:10:00";"MG";50;180;"UBERABA";"Reação tardia ou ineficiente do condutor";"Queda de ocupante de veículo";"Com Vítimas Feridas";"Pleno dia";"Crescente";"Céu Claro";"Dupla";"Interseção de Vias;Rotatória";"Sim";1;0;1;0;0;0;1;1;-19,77848216;-47,92194709;"SPRF-MG";"DEL13-MG";"UOP01-DEL13-MG"
521984;2023-05-09;"terça-feira";"10:40:00";"MT";364;315;"CAMPO VERDE";"Reação tardia ou ineficiente do condutor";"Saída de leito carroçável";"Com Vítimas Feridas";"Pleno dia";"Crescente";"Céu Claro";"Dupla";"Reta";"Não";2;0;1;0;1;0;1;1;-15,80827535;-55,28328306;"SPRF-MT";"DEL05-MT";"UOP02-DEL05-MT"
521985;2023-05-09;"terça-feira";"07:45:00";"PE";232;149;"SAO CAITANO";"Avarias e/ou desgaste excessivo no pneu";"Saída de leito carroçável";"Sem Vítimas";"Pleno dia";"Crescente";"Céu Claro";"Dupla";"Reta";"Não";1;0;0;0;0;1;0;1;-8,32744699;-36,15405;"SPRF-PE";"DEL03-PE";"UOP02-DEL03-PE"
521986;2023-05-09;"terça-feira";"13:00:00";"SP";116;230,5;"SAO PAULO";"Trafegar com motocicleta (ou similar) entre as faixas";"Colisão lateral mesmo sentido";"Com Vítimas Feridas";"Pleno dia";"Crescente";"Céu Claro";"Múltipla";"Reta";"Não";2;0;1;0;1;0;1;2;-23,5225178336;-46,5855701972;"SPRF-SP";"DEL01-SP";"UOP01-DEL01-SP"
521990;2023-05-09;"terça-feira";"13:20:00";"SC";101;210,6;"SAO JOSE";"Trafegar com motocicleta (ou similar) entre as faixas";"Colisão traseira";"Com Vítimas Feridas";"Pleno dia";"Decrescente";"Sol";"Simples";"Reta";"Sim";2;0;1;0;1;0;1;2;-27,6167305;-48,6457265;"SPRF-SC";"DEL01-SC";"UOP01-DEL01-SC"
521994;2023-05-09;"terça-feira";"13:44:00";"ES";101;146,3;"LINHARES";"Ausência de reação do condutor";"Colisão traseira";"Com Vítimas Feridas";"Pleno dia";"Crescente";"Chuva";"Dupla";"Reta";"Sim";4;0;2;0;2;0;2;2;-19,36990998;-40,06560718;"SPRF-ES";"DEL04-ES";"UOP01-DEL04-ES"
521995;2023-05-09;"terça-feira";"10:25:00";"MS";463;66;"PONTA PORA";"Demais falhas mecânicas ou elétricas";"Eventos atípicos";"Sem Vítimas";"Pleno dia";"Decrescente";"Nublado";"Simples";"Declive";"Não";2;0;0;0;2;0;0;1;-22,4398143;-55,3711547;"SPRF-MS";"DEL04-MS";"UOP03-DEL04-MS"
521998;2023-05-09;"terça-feira";"11:30:00";"RJ";101;330;"RIO DE JANEIRO";"Ausência de reação do condutor";"Colisão traseira";"Sem Vítimas";"Pleno dia";"Crescente";"Céu Claro";"Dupla";"Reta";"Não";2;0;0;0;2;0;0;2;-22,8684989;-43,18548699;"SPRF-RJ";"DEL02-RJ";"UOP01-DEL02-RJ"
521999;2023-05-09;"terça-feira";"13:00:00";"RJ";493;17;"GUAPIMIRIM";"Retorno proibido";"Colisão transversal";"Com Vítimas Feridas";"Pleno dia";"Decrescente";"Céu Claro";"Dupla";"Em Obras;Reta";"Sim";4;0;0;2;2;0;2;2;-22,66791406;-43,00902598;"SPRF-RJ";"DEL04-RJ";"UOP02-DEL04-RJ"
522000;2023-05-09;"terça-feira";"13:50:00";"ES";101;147,8;"LINHARES";"Acessar a via sem observar a presença dos outros veículos";"Colisão transversal";"Com Vítimas Feridas";"Pleno dia";"Decrescente";"Céu Claro";"Dupla";"Interseção de Vias";"Sim";2;0;1;0;1;0;1;2;-19,37887202;-40,06657892;"SPRF-ES";"DEL04-ES";"UOP01-DEL04-ES"
522001;2023-05-09;"terça-feira";"10:40:00";"PR";376;173,4;"MARINGA";"Manobra de mudança de faixa";"Colisão com objeto";"Com Vítimas Feridas";"Pleno dia";"Decrescente";"Nublado";"Dupla";"Reta";"Sim";1;0;1;0;0;0;1;1;-23,4172197;-51,9589231;"SPRF-PR";"DEL09-PR";"UOP01-DEL09-PR"
522003;2023-03-10;"sexta-feira";"18:00:00";"MG";40;523,7;"CONTAGEM";"Trafegar com motocicleta (ou similar) entre as faixas";"Tombamento";"Com Vítimas Feridas";"Anoitecer";"Decrescente";"Céu Claro";"Dupla";"Reta";"Sim";2;0;0;1;1;0;1;1;-19,86874894;-44,05962197;"SPRF-MG";"DEL01-MG";"UOP02-DEL01-MG"
522004;2023-05-09;"terça-feira";"14:53:00";"SC";116;6,9;"MAFRA";"Pedestre cruzava a pista fora da faixa";"Atropelamento de Pedestre";"Com Vítimas Feridas";"Pleno dia";"Decrescente";"Nublado";"Simples";"Reta;Interseção de Vias";"Sim";4;0;0;1;3;0;1;2;-26,14644691;-49,82305806;"SPRF-SC";"DEL06-SC";"UOP01-DEL06-SC"
522006;2023-05-09;"terça-feira";"14:50:00";"MG";40;750,1;"SANTOS DUMONT";"Ausência de reação do condutor";"Saída de leito carroçável";"Com Vítimas Feridas";"Pleno dia";"Crescente";"Céu Claro";"Simples";"Curva";"Não";1;0;1;0;0;0;1;1;-21,45724301;-43,55822199;"SPRF-MG";"DEL05-MG";"UOP01-DEL05-MG"
522008;2023-05-02;"terça-feira";"11:10:00";"MS";376;128,5;"IVINHEMA";"Ausência de reação do condutor";"Colisão traseira";"Com Vítimas Feridas";"Pleno dia";"Crescente";"Céu Claro";"Simples";"Reta";"Não";4;0;4;0;0;0;4;2;-22,33963898;-53,75188099;"SPRF-MS";"DEL04-MS";"UOP04-DEL04-MS"
522009;2023-05-09;"terça-feira";"15:15:00";"RN";101;103;"PARNAMIRIM";"Condutor deixou de manter distância do veículo da frente";"Colisão traseira";"Com Vítimas Feridas";"Pleno dia";"Crescente";"Sol";"Dupla";"Viaduto";"Sim";2;0;0;1;1;0;1;2;-5,89157326;-35,25543272;"SPRF-RN";"DEL01-RN";"UOP01-DEL01-RN"
522010;2023-05-09;"terça-feira";"15:30:00";"SP";153;61,6;"SAO JOSE DO RIO PRETO";"Ausência de reação do condutor";"Colisão traseira";"Com Vítimas Feridas";"Pleno dia";"Crescente";"Céu Claro";"Dupla";"Reta;Declive";"Não";2;0;1;0;1;0;1;2;-20,80502876;-49,35574909;"SPRF-SP";"DEL09-SP";"UOP01-DEL09-SP"
522012;2023-05-09;"terça-feira";"13:40:00";"BA";101;524;"BUERAREMA";"Condutor Dormindo";"Colisão frontal";"Com Vítimas Feridas";"Pleno dia";"Decrescente";"Céu Claro";"Simples";"Reta";"Não";8;0;7;0;1;0;7;2;-14,954204;-39,306483;"SPRF-BA";"DEL05-BA";"UOP01-DEL05-BA"
522013;2023-05-09;"terça-feira";"16:00:00";"BA";324;623;"SALVADOR";"Manobra de mudança de faixa";"Colisão lateral mesmo sentido";"Com Vítimas Feridas";"Pleno dia";"Decrescente";"Nublado";"Dupla";"Reta";"Sim";2;0;1;0;1;0;1;2;-12,92628699;-38,46838679;"SPRF-BA";"DEL01-BA";"UOP01-DEL01-BA"
522014;2023-05-09;"terça-feira";"15:20:00";"PR";369;169;"ROLANDIA";"Ausência de reação do condutor";"Colisão transversal";"Sem Vítimas";"Pleno dia";"Decrescente";"Sol";"Dupla";"Reta;Interseção de Vias";"Não";2;0;0;0;2;0;0;2;-23,30267957;-51,33471251;"SPRF-PR";"DEL07-PR";"UOP01-DEL07-PR"
522016;2023-05-09;"terça-feira";"16:30:00";"SP";116;214;"GUARULHOS";"Condutor deixou de manter distância do veículo da frente";"Tombamento";"Com Vítimas Feridas";"Pleno dia";"Decrescente";"Céu Claro";"Múltipla";"Reta";"Não";1;0;1;0;0;0;1;1;-23,44333014;-46,44531294;"SPRF-SP";"DEL01-SP";"UOP01-DEL01-SP"
522017;2023-05-09;"terça-feira";"16:10:00";"SP";116;320;"JUQUITIBA";"Reação tardia ou ineficiente do condutor";"Saída de leito carroçável";"Com Vítimas Feridas";"Pleno dia";"Decrescente";"Garoa/Chuvisco";"Dupla";"Reta";"Não";1;0;1;0;0;0;1;1;-23,93226;-47,00835;"SPRF-SP";"DEL04-SP";"UOP03-DEL04-SP"
522018;2023-04-28;"sexta-feira";"08:15:00";"MS";163;484,1;"CAMPO GRANDE";"Acessar a via sem observar a presença dos outros veículos";"Colisão transversal";"Com Vítimas Feridas";"Pleno dia";"Crescente";"Céu Claro";"Simples";"Reta";"Sim";3;0;2;1;0;0;3;2;-20,45104898;-54,5403266;"SPRF-MS";"DEL01-MS";"UOP02-DEL01-MS"
522019;2023-05-09;"terça-feira";"16:45:00";"PB";230;161,8;"CAMPINA GRANDE";"Acessar a via sem observar a presença dos outros veículos";"Colisão transversal";"Com Vítimas Fatais";"Pleno dia";"Crescente";"Céu Claro";"Simples";"Reta";"Não";3;1;1;1;0;0;2;2;-7,2361;-35,941;"SPRF-PB";"DEL02-PB";"UOP01-DEL02-PB"
522020;2023-05-09;"terça-feira";"13:03:00";"MT";70;249;"POXOREO";"Condutor Dormindo";"Saída de leito carroçável";"Com Vítimas Feridas";"Pleno dia";"Crescente";"Céu Claro";"Simples";"Reta";"Não";2;0;1;1;0;0;2;1;-15,62684018;-54,10586397;"SPRF-MT";"DEL05-MT";"UOP01-DEL05-MT"