"id";"data_inversa";"dia_semana";"horario";"uf";"br";"km";"municipio";"causa_acidente";"tipo_acidente";"classificacao_acidente";"fase_dia";"sentido_via";"condicao_metereologica";"tipo_pista";"tracado_via";"uso_solo";"pessoas";"mortos";"feridos_leves";"feridos_graves";"ilesos";"ignorados";"feridos";"veiculos";"latitude";"longitude";"regional";"delegacia";"uop"
522151;2023-05-10;"quarta-feira";"14:00:00";"RJ";101;503;"ANGRA DOS REIS";"Pista Escorregadia";"Tombamento";"Com Vítimas Feridas";"Pleno dia";"Decrescente";"Chuva";"Simples";"Reta";"Sim";1;0;1;0;0;0;1;1;-22,92894705;-44,37879998;"SPRF-RJ";"DEL03-RJ";"UOP03-DEL03-RJ"
522152;2023-05-10;"quarta-feira";"12:00:00";"AC";364;121;"RIO BRANCO";"Manobra de mudança de faixa";"Colisão lateral mesmo sentido";"Com Vítimas Feridas";"Pleno dia";"Decrescente";"Céu Claro";"Dupla";"Reta";"Sim";3;0;1;0;2;0;1;2;-10,01209268;-67,764365;"SPRF-AC";"DEL01-AC";"UOP01-DEL01-AC"
522154;2023-05-10;"quarta-feira";"12:58:00";"PR";277;429,9;"VIRMOND";"Desrespeitar a preferência no cruzamento";"Colisão transversal";"Com Vítimas Feridas";"Pleno dia";"Decrescente";"Sol";"Simples";"Aclive";"Não";3;0;1;1;0;1;2;2;-25,3790825;-52,20291138;"SPRF-PR";"DEL04-PR";"UOP02-DEL04-PR"
522155;2023-05-10;"quarta-feira";"14:20:00";"PR";153;407,3;"PAULO FRONTIN";"Acessar a via sem observar a presença dos outros veículos";"Atropelamento de Pedestre";"Com Vítimas Feridas";"Pleno dia";"Crescente";"Céu Claro";"Simples";"Reta";"Sim";3;0;0;1;1;1;1;2;-26,02394088;-50,83428662;"SPRF-PR";"DEL08-PR";"UOP02-DEL08-PR"
522156;2023-05-06;"sábado";"21:10:00";"MS";163;256;"DOURADOS";"Ausência de reação do condutor";"Colisão traseira";"Com Vítimas Feridas";"Plena Noite";"Decrescente";"Céu Claro";"Simples";"Rotatória";"Sim";2;0;1;0;1;0;1;2;-22,258688;-54,804028;"SPRF-MS";"DEL04-MS";"UOP01-DEL04-MS"
522158;2023-05-10;"quarta-feira";"14:00:00";"MG";381;481,1;"BETIM";"Ausência de reação do condutor";"Colisão traseira";"Com Vítimas Feridas";"Pleno dia";"Decrescente";"Céu Claro";"Simples";"Reta";"Sim";2;0;1;0;1;0;1;2;-19,95931561;-44,08825597;"SPRF-MG";"DEL01-MG";"UOP03-DEL01-MG"
522160;2023-05-10;"quarta-feira";"14:40:00";"MG";365;752;"ITUIUTABA";"Reação tardia ou ineficiente do condutor";"Queda de ocupante de veículo";"Com Vítimas Feridas";"Pleno dia";"Crescente";"Céu Claro";"Simples";"Curva";"Sim";1;0;1;0;0;0;1;1;-18,947495;-49,45934;"SPRF-MG";"DEL15-MG";"UOP03-DEL15-MG"
522161;2023-04-29;"sábado";"12:00:00";"MS";163;419;"NOVA ALVORADA DO SUL";"Demais falhas mecânicas ou elétricas";"Colisão lateral sentido oposto";"Com Vítimas Feridas";"Pleno dia";"Crescente";"Céu Claro";"Simples";"Reta;Declive";"Não";3;0;1;0;0;2;1;2;-20,99998889;-54,50767096;"SPRF-MS";"DEL02-MS";"UOP01-DEL02-MS"
522162;2023-05-10;"quarta-feira";"15:00:00";"SC";470;45;"BLUMENAU";"Ausência de reação do condutor";"Colisão traseira";"Com Vítimas Feridas";"Pleno dia";"Crescente";"Céu Claro";"Simples";"Reta";"Sim";2;0;1;0;1;0;1;2;-26,867064;-49,031109;"SPRF-SC";"DEL04-SC";"UOP01-DEL04-SC"
522163;2023-02-07;"terça-feira";"19:30:00";"MG";50;173;"UBERABA";"Pista em desnível";"Tombamento";"Com Vítimas Feridas";"Plena Noite";"Crescente";"Céu Claro";"Dupla";"Reta;Em Obras";"Sim";1;0;0;1;0;0;1;1;-19,75409642;-47,98069596;"SPRF-MG";"DEL13-MG";"UOP01-DEL13-MG"
522169;2023-05-10;"quarta-feira";"14:19:00";"GO";153;67;"PORANGATU";"Ausência de reação do condutor";"Saída de leito carroçável";"Com Vítimas Feridas";"Pleno dia";"Crescente";"Céu Claro";"Simples";"Reta";"Não";1;0;1;0;0;0;1;1;-13,419951;-49,130875;"SPRF-GO";"DEL07-GO";"UOP01-DEL07-GO"
522170;2023-05-10;"quarta-feira";"15:30:00";"GO";60;65,4;"ABADIANIA";"Demais falhas mecânicas ou elétricas";"Saída de leito carroçável";"Com Vítimas Feridas";"Pleno dia";"Decrescente";"Céu Claro";"Dupla";"Reta";"Não";2;0;2;0;0;0;2;1;-16,2058;-48,7409;"SPRF-GO";"DEL02-GO";"UOP01-DEL02-GO"
522171;2023-05-10;"quarta-feira";"15:16:00";"PE";408;64,7;"CARPINA";"Condutor deixou de manter distância do veículo da frente";"Colisão traseira";"Sem Vítimas";"Anoitecer";"Decrescente";"Céu Claro";"Simples";"Reta";"Sim";2;0;0;0;2;0;0;2;-7,846511;-35,24029;"SPRF-PE";"DEL01-PE";"UOP01-DEL01-PE"
522173;2023-05-10;"quarta-feira";"14:30:00";"PB";230;1,3;"PATOS";"Acessar a via sem observar a presença dos outros veículos";"Colisão transversal";"Com Vítimas Feridas";"Pleno dia";"Crescente";"Céu Claro";"Simples";"Reta";"Não";2;0;0;1;1;0;1;2;-7,024862;-37,280304;"SPRF-PB";"DEL03-PB";"UOP01-DEL03-PB"
522174;2023-05-10;"quarta-feira";"15:20:00";"PE";101;169;"AGUA PRETA";"Reação tardia ou ineficiente do condutor";"Capotamento";"Com Vítimas Feridas";"Pleno dia";"Crescente";"Céu Claro";"Dupla";"Reta";"Não";1;0;1;0;0;0;1;1;-8,57679958;-35,48941902;"SPRF-PE";"DEL01-PE";"UOP03-DEL01-PE"
522175;2023-05-10;"quarta-feira";"15:20:00";"CE";20;358,4;"CARIDADE";"Pista esburacada";"Colisão com objeto";"Com Vítimas Feridas";"Pleno dia";"Decrescente";"Céu Claro";"Simples";"Curva";"Não";4;0;2;0;2;0;2;1;-4,03936964;-38,99855442;"SPRF-CE";"DEL02-CE";"UOP01-DEL02-CE"
522176;2023-05-10;"quarta-feira";"14:47:00";"RR";401;13,7;"CANTA";"Chuva";"Saída de leito carroçável";"Com Vítimas Feridas";"Pleno dia";"Decrescente";"Chuva";"Simples";"Reta";"Não";5;0;3;0;2;0;3;1;2,827483;-60,591545;"SPRF-RR";"DEL01-RR";"UOP01-DEL01-RR"
522177;2023-05-10;"quarta-feira";"16:50:00";"PR";376;163,1;"MARINGA";"Ausência de reação do condutor";"Colisão traseira";"Com Vítimas Feridas";"Pleno dia";"Decrescente";"Céu Claro";"Dupla";"Reta";"Não";7;0;1;0;6;0;1;4;-23,38150629;-52,03480212;"SPRF-PR";"DEL09-PR";"UOP01-DEL09-PR"
522178;2023-05-10;"quarta-feira";"12:20:00";"RJ";101;133;"CARAPEBUS";"Reação tardia ou ineficiente do condutor";"Colisão com objeto";"Com Vítimas Feridas";"Pleno dia";"Decrescente";"Sol";"Dupla";"Reta";"Não";2;0;2;0;0;0;2;1;-22,13091782;-41,71150823;"SPRF-RJ";"DEL08-RJ";"UOP04-DEL08-RJ"
522179;2023-05-10;"quarta-feira";"16:50:00";"RS";290;92;"PORTO ALEGRE";"Ausência de reação do condutor";"Colisão traseira";"Com Vítimas Feridas";"Pleno dia";"Crescente";"Céu Claro";"Múltipla";"Reta;Aclive";"Não";5;0;3;0;2;0;3;2;-29,971916;-51,176838;"SPRF-RS";"DEL01-RS";"UOP01-DEL01-RS"
522182;2023-05-10;"quarta-feira";"14:35:00";"RR";432;198,3;"CANTA";"Ingestão de álcool pelo condutor";"Saída de leito carroçável";"Com Vítimas Feridas";"Pleno dia";"Crescente";"Chuva";"Simples";"Reta";"Não";2;0;2;0;0;0;2;1;2,66944189;-60,59384324;"SPRF-RR";"DEL01-RR";"UOP01-DEL01-RR"
522183;2023-05-10;"quarta-feira";"11:30:00";"SC";101;423,5;"ARARANGUA";"Manobra de mudança de faixa";"Colisão traseira";"Com Vítimas Feridas";"Pleno dia";"Crescente";"Céu Claro";"Dupla";"Reta;Aclive";"Não";6;0;1;0;5;0;1;2;-29,01106757;-49,57413825;"SPRF-SC";"DEL02-SC";"UOP02-DEL02-SC"
522185;2023-05-10;"quarta-feira";"17:05:00";"PR";280;282,6;"FLOR DA SERRA DO SUL";"Velocidade Incompatível";"Colisão transversal";"Com Vítimas Feridas";"Pleno dia";"Crescente";"Céu Claro";"Simples";"Interseção de Vias;Curva";"Não";3;0;3;0;0;0;3;2;-26,24460856;-53,22420001;"SPRF-PR";"DEL02-PR";"UOP01-DEL02-PR"
522186;2023-05-09;"terça-feira";"14:45:00";"GO";70;27;"COCALZINHO DE GOIAS";"Manobra de mudança de faixa";"Colisão lateral mesmo sentido";"Sem Vítimas";"Pleno dia";"Crescente";"Céu Claro";"Simples";"Reta";"Não";5;0;0;0;5;0;0;2;-15,75420612;-48,42821866;"SPRF-DF";"DEL03-DF";"UOP02-DEL03-DF"
522187;2023-05-10;"quarta-feira";"16:00:00";"SC";101;162;"TIJUCAS";"Reação tardia ou ineficiente do condutor";"Saída de leito carroçável";"Com Vítimas Feridas";"Pleno dia";"Decrescente";"Céu Claro";"Múltipla";"Reta";"Sim";1;0;1;0;0;0;1;1;-27,22554009;-48,6279367;"SPRF-SC";"DEL04-SC";"UOP03-DEL04-SC"
522189;2023-05-10;"quarta-feira";"17:25:00";"SC";280;125,5;"RIO NEGRINHO";"Acesso irregular";"Colisão transversal";"Com Vítimas Feridas";"Pleno dia";"Crescente";"Céu Claro";"Simples";"Declive";"Não";2;0;0;1;1;0;1;2;-26,23763684;-49,48434497;"SPRF-SC";"DEL06-SC";"UOP03-DEL06-SC"
522190;2023-05-10;"quarta-feira";"17:30:00";"RS";290;103;"ELDORADO DO SUL";"Condutor deixou de manter distância do veículo da frente";"Colisão traseira";"Com Vítimas Feridas";"Anoitecer";"Decrescente";"Céu Claro";"Dupla";"Reta;Ponte;Aclive";"Não";4;0;1;0;3;0;1;2;-29,99017;-51,265766;"SPRF-RS";"DEL01-RS";"UOP01-DEL01-RS"
522192;2023-05-10;"quarta-feira";"17:20:00";"GO";40;1,2;"VALPARAISO DE GOIAS";"Acesso irregular";"Atropelamento de Pedestre";"Com Vítimas Feridas";"Pleno dia";"Crescente";"Céu Claro";"Dupla";"Reta";"Sim";2;0;1;0;1;0;1;2;-16,058245;-47,982825;"SPRF-DF";"DEL01-DF";"UOP01-DEL01-DF"
522193;2023-05-10;"quarta-feira";"13:45:00";"RO";364;430;"JARU";"Desrespeitar a preferência no cruzamento";"Colisão transversal";"Com Vítimas Feridas";"Pleno dia";"Crescente";"Sol";"Simples";"Interseção de Vias;Reta;Rotatória";"Não";2;0;1;0;1;0;1;2;-10,41098263;-62,51010043;"SPRF-RO";"DEL03-RO";"UOP02-DEL03-RO"
522194;2023-05-10;"quarta-feira";"16:26:00";"SP";116;157;"SAO JOSE DOS CAMPOS";"Ausência de reação do condutor";"Queda de ocupante de veículo";"Com Vítimas Feridas";"Pleno dia";"Crescente";"Céu Claro";"Dupla";"Reta";"Sim";1;0;1;0;0;0;1;1;-23,25558031;-45,9437828;"SPRF-SP";"DEL02-SP";"UOP01-DEL02-SP"
522195;2023-05-07;"domingo";"03:20:00";"MG";381;513;"IGARAPE";"Ingestão de substâncias psicoativas pelo condutor";"Tombamento";"Com Vítimas Feridas";"Plena Noite";"Crescente";"Céu Claro";"Múltipla";"Reta";"Sim";1;0;1;0;0;0;1;1;-20,09239724;-44,31458341;"SPRF-MG";"DEL04-MG";"UOP03-DEL04-MG"
522197;2023-05-10;"quarta-feira";"10:40:00";"RO";364;590;"ITAPUA DO OESTE";"Reação tardia ou ineficiente do condutor";"Tombamento";"Com Vítimas Feridas";"Pleno dia";"Crescente";"Céu Claro";"Simples";"Reta";"Não";1;0;1;0;0;0;1;1;-9,22239207;-63,1713643;"SPRF-RO";"DEL01-RO";"UOP04-DEL01-RO"
522199;2023-05-10;"quarta-feira";"18:50:00";"PR";376;0,6;"APUCARANA";"Condutor desrespeitou a iluminação vermelha do semáforo";"Colisão transversal";"Com Vítimas Feridas";"Plena Noite";"Decrescente";"Céu Claro";"Simples";"Interseção de Vias";"Sim";2;0;1;0;1;0;1;2;-23,57555164;-51,42343998;"SPRF-PR";"DEL09-PR";"UOP01-DEL09-PR"
522200;2023-05-10;"quarta-feira";"18:39:00";"TO";10;463;"PALMAS";"Acessar a via sem observar a presença dos outros veículos";"Colisão lateral mesmo sentido";"Com Vítimas Feridas";"Plena Noite";"Crescente";"Céu Claro";"Dupla";"Reta";"Sim";2;0;0;1;1;0;1;2;-10,15618788;-48,16564032;"SPRF-TO";"DEL01-TO";"UOP03-DEL01-TO"
522202;2023-05-10;"quarta-feira";"18:25:00";"PI";316;5,7;"TERESINA";"Manobra de mudança de faixa";"Colisão transversal";"Com Vítimas Feridas";"Plena Noite";"Decrescente";"Céu Claro";"Múltipla";"Curva";"Sim";2;0;0;1;1;0;1;2;-5,14169858;-42,78157276;"SPRF-PI";"DEL01-PI";"UOP02-DEL01-PI"
522203;2023-05-10;"quarta-feira";"17:10:00";"MA";10;354;"ACAILANDIA";"Retorno proibido";"Colisão transversal";"Com Vítimas Fatais";"Pleno dia";"Decrescente";"Céu Claro";"Simples";"Reta";"Não";6;1;0;0;5;0;0;2;-4,656274;-47,495506;"SPRF-MA";"DEL04-MA";"UOP03-DEL04-MA"
522204;2023-05-10;"quarta-feira";"18:25:00";"SC";280;81;"CORUPA";"Acessar a via sem observar a presença dos outros veículos";"Colisão transversal";"Com Vítimas Feridas";"Plena Noite";"Decrescente";"Céu Claro";"Simples";"Reta";"Não";2;0;1;0;1;0;1;2;-26,44057489;-49,217056;"SPRF-SC";"DEL06-SC";"UOP03-DEL06-SC"
522205;2023-05-10;"quarta-feira";"18:55:00";"RS";101;36;"TRES CACHOEIRAS";"Reação tardia ou ineficiente do condutor";"Saída de leito carroçável";"Com Vítimas Feridas";"Plena Noite";"Decrescente";"Céu Claro";"Dupla";"Reta";"Sim";4;0;3;0;1;0;3;1;-29,52220183;-49,99975009;"SPRF-RS";"DEL03-RS";"UOP02-DEL03-RS"
522207;2023-05-10;"quarta-feira";"19:00:00";"SC";470;157,7;"TROMBUDO CENTRAL";"Ausência de reação do condutor";"Saída de leito carroçável";"Com Vítimas Feridas";"Plena Noite";"Decrescente";"Céu Claro";"Simples";"Curva";"Não";1;0;1;0;0;0;1;1;-27,2853368;-49,76592064;"SPRF-SC";"DEL04-SC";"UOP02-DEL04-SC"
522208;2023-05-10;"quarta-feira";"20:00:00";"RS";386;37,7;"FREDERICO WESTPHALEN";"Ausência de reação do condutor";"Colisão lateral sentido oposto";"Com Vítimas Feridas";"Plena Noite";"Crescente";"Céu Claro";"Simples";"Reta";"Sim";2;0;1;1;0;0;2;2;-27,382351;-53,399605;"SPRF-RS";"DEL08-RS";"UOP02-DEL08-RS"
522209;2023-05-10;"quarta-feira";"18:45:00";"PR";476;196;"LAPA";"Ingestão de álcool pelo condutor";"Colisão transversal";"Sem Vítimas";"Plena Noite";"Crescente";"Nublado";"Simples";"Rotatória";"Sim";2;0;0;0;2;0;0;2;-25,753437;-49,725754;"SPRF-PR";"DEL01-PR";"UOP06-DEL01-PR"
522210;2023-05-10;"quarta-feira";"19:50:00";"RJ";116;180;"BELFORD ROXO";"Acumulo de água sobre o pavimento";"Capotamento";"Com Vítimas Fatais";"Plena Noite";"Crescente";"Chuva";"Dupla";"Reta";"Sim";2;1;1;0;0;0;1;1;-22,7651616;-43,4154728;"SPRF-RJ";"DEL01-RJ";"UOP02-DEL01-RJ"
522211;2023-05-10;"quarta-feira";"19:56:00";"BA";116;462;"SANTO ESTEVAO";"Acesso irregular";"Atropelamento de Pedestre";"Com Vítimas Feridas";"Plena Noite";"Decrescente";"Céu Claro";"Dupla";"Reta";"Não";2;0;0;1;0;1;1;2;-12,435528;-39,221752;"SPRF-BA";"DEL02-BA";"UOP01-DEL02-BA"
522213;2023-05-10;"quarta-feira";"19:00:00";"SC";101;150;"ITAPEMA";"Acessar a via sem observar a presença dos outros veículos";"Colisão transversal";"Com Vítimas Feridas";"Plena Noite";"Decrescente";"Céu Claro";"Dupla";"Reta";"Não";2;0;1;0;1;0;1;2;-27,11744799;-48,60940987;"SPRF-SC";"DEL04-SC";"UOP03-DEL04-SC"
522215;2023-05-10;"quarta-feira";"18:00:00";"SP";101;18,9;"UBATUBA";"Pedestre andava na pista";"Atropelamento de Pedestre";"Com Vítimas Feridas";"Plena Noite";"Decrescente";"Chuva";"Simples";"Reta";"Não";2;0;1;1;0;0;2;2;-23,31746811;-44,899601;"SPRF-SP";"DEL06-SP";"UOP01-DEL06-SP"
522218;2023-05-10;"quarta-feira";"20:30:00";"SC";101;197,5;"BIGUACU";"Reação tardia ou ineficiente do condutor";"Colisão com objeto";"Com Vítimas Feridas";"Pleno dia";"Crescente";"Céu Claro";"Dupla";"Reta;Declive";"Sim";1;0;1;0;0;0;1;1;-27,51844497;-48,63848496;"SPRF-SC";"DEL01-SC";"UOP01-DEL01-SC"
522219;2023-05-10;"quarta-feira";"08:20:00";"RS";293;14,6;"CAPAO DO LEAO";"Deficiência do Sistema de Iluminação/Sinalização";"Incêndio";"Sem Vítimas";"Pleno dia";"Crescente";"Céu Claro";"Simples";"Reta";"Sim";1;0;0;0;1;0;0;1;-31,75233352;-52,4609969;"SPRF-RS";"DEL07-RS";"UOP01-DEL07-RS"
522220;2023-05-10;"quarta-feira";"20:30:00";"ES";101;367,1;"ANCHIETA";"Velocidade Incompatível";"Tombamento";"Com Vítimas Feridas";"Plena Noite";"Decrescente";"Céu Claro";"Simples";"Reta";"Não";1;0;0;1;0;0;1;1;-20,74357272;-40,76017857;"SPRF-ES";"DEL03-ES";"UOP01-DEL03-ES"
522223;2023-05-10;"quarta-feira";"20:15:00";"PR";376;616,3;"SAO JOSE DOS PINHAIS";"Entrada inopinada do pedestre";"Atropelamento de Pedestre";"Com Vítimas Feridas";"Plena Noite";"Crescente";"Nublado";"Dupla";"Reta";"Sim";3;0;0;1;2;0;1;2;-25,58426494;-49,17618795;"SPRF-PR";"DEL01-PR";"UOP04-DEL01-PR"
522224;2023-05-10;"quarta-feira";"19:30:00";"MG";116;209;"CATUJI";"Acessar a via sem observar a presença dos outros veículos";"Colisão transversal";"Com Vítimas Feridas";"Plena Noite";"Crescente";"Céu Claro";"Simples";"Reta;Aclive";"Sim";2;0;1;0;1;0;1;2;-17,31584103;-41,52356589;"SPRF-MG";"DEL11-MG";"UOP01-DEL11-MG"
522226;2023-05-10;"quarta-feira";"21:00:00";"RJ";116;129;"MAGE";"Demais falhas mecânicas ou elétricas";"Incêndio";"Sem Vítimas";"Plena Noite";"Decrescente";"Chuva";"Dupla";"Reta";"Sim";1;0;0;0;1;0;0;1;-22,66471224;-43,11056004;"SPRF-RJ";"DEL04-RJ";"UOP02-DEL04-RJ"
522227;2023-05-10;"quarta-feira";"20:30:00";"PR";277;711;"SANTA TEREZINHA DE ITAIPU";"Acesso irregular";"Colisão transversal";"Com Vítimas Feridas";"Plena Noite";"Decrescente";"Céu Claro";"Dupla";"Reta";"Sim";8;0;1;0;7;0;1;2;-25,45408037;-54,42224885;"SPRF-PR";"DEL05-PR";"UOP01-DEL05-PR"
522228;2023-05-10;"quarta-feira";"21:40:00";"GO";60;80;"ANAPOLIS";"Conversão proibida";"Colisão transversal";"Com Vítimas Feridas";"Plena Noite";"Crescente";"Céu Claro";"Dupla";"Aclive";"Sim";2;0;1;0;1;0;1;2;-16,3053;-48,8208;"SPRF-GO";"DEL02-GO";"UOP01-DEL02-GO"
522229;2023-05-10;"quarta-feira";"18:00:00";"RN";304;112,5;"ACU";"Acessar a via sem observar a presença dos outros veículos";"Colisão transversal";"Com Vítimas Feridas";"Plena Noite";"Decrescente";"Céu Claro";"Simples";"Interseção de Vias";"Não";3;0;1;1;1;0;2;2;-5,60436876;-36,91783905;"SPRF-RN";"DEL04-RN";"UOP01-DEL04-RN"
522230;2023-05-10;"quarta-feira";"20:40:00";"SP";153;75,7;"BADY BASSITT";"Acumulo de areia ou detritos sobre o pavimento";"Tombamento";"Com Vítimas Feridas";"Plena Noite";"Crescente";"Céu Claro";"Simples";"Rotatória";"Sim";1;0;1;0;0;0;1;1;-20,897977;-49,44051504;"SPRF-SP";"DEL09-SP";"UOP01-DEL09-SP"
522232;2023-05-10;"quarta-feira";"21:50:00";"GO";40;9,9;"LUZIANIA";"Reação tardia ou ineficiente do condutor";"Colisão com objeto";"Com Vítimas Feridas";"Plena Noite";"Decrescente";"Céu Claro";"Dupla";"Reta";"Sim";1;0;1;0;0;0;1;1;-16,131158;-47,957739;"SPRF-DF";"DEL01-DF";"UOP01-DEL01-DF"
522233;2023-05-10;"quarta-feira";"21:45:00";"PR";153;43,1;"SANTO ANTONIO DA PLATINA";"Transitar na contramão";"Colisão frontal";"Com Vítimas Feridas";"Plena Noite";"Crescente";"Nublado";"Simples";"Reta";"Sim";2;0;1;0;1;0;1;2;-23,302118;-50,07031;"SPRF-PR";"DEL07-PR";"UOP04-DEL07-PR"
522235;2023-05-10;"quarta-feira";"22:40:00";"DF";70;8,7;"BRASILIA";"Reação tardia ou ineficiente do condutor";"Capotamento";"Sem Vítimas";"Plena Noite";"Crescente";"Céu Claro";"Dupla";"Reta";"Sim";1;0;0;0;1;0;0;1;-15,784966;-48,122108;"SPRF-DF";"DEL03-DF";"UOP02-DEL03-DF"
522236;2023-05-10;"quarta-feira";"21:00:00";"BA";110;62;"JEREMOABO";"Demais falhas na via";"Eventos atípicos";"Com Vítimas Feridas";"Plena Noite";"Crescente";"Céu Claro";"Simples";"Reta";"Não";1;0;0;1;0;0;1;1;-9,985912;-38,31285499;"SPRF-BA";"DEL07-BA";"UOP01-DEL07-BA"
522237;2023-05-10;"quarta-feira";"22:20:00";"PB";101;35,7;"SANTA RITA";"Ausência de reação do condutor";"Tombamento";"Com Vítimas Feridas";"Plena Noite";"Crescente";"Céu Claro";"Simples";"Curva";"Não";2;0;1;1;0;0;2;2;-7,12362;-34,94495;"SPRF-PB";"DEL01-PB";"UOP04-DEL01-PB"
522238;2023-05-10;"quarta-feira";"22:00:00";"MG";262;517,5;"LUZ";"Condutor deixou de manter distância do veículo da frente";"Colisão traseira";"Sem Vítimas";"Plena Noite";"Crescente";"Céu Claro";"Simples";"Reta";"Não";2;0;0;0;2;0;0;2;-19,78950437;-45,59145793;"SPRF-MG";"DEL08-MG";"UOP03-DEL08-MG"
522239;2023-05-10;"quarta-feira";"19:30:00";"SP";116;65,7;"GUARATINGUETA";"Demais falhas mecânicas ou elétricas";"Colisão com objeto";"Sem Vítimas";"Plena Noite";"Crescente";"Chuva";"Dupla";"Curva";"Não";1;0;0;0;1;0;0;1;-22,823273;-45,192806;"SPRF-SP";"DEL08-SP";"UOP01-DEL08-SP"
522240;2023-05-10;"quarta-feira";"23:50:00";"RJ";101;569,9;"PARATY";"Demais Fenômenos da natureza";"Colisão com objeto";"Sem Vítimas";"Plena Noite";"Crescente";"Chuva";"Simples";"Reta";"Não";1;0;0;0;1;0;0;1;-23,17859091;-44,71190828;"SPRF-RJ";"DEL03-RJ";"UOP04-DEL03-RJ"
522242;2023-05-10;"quarta-feira";"20:05:00";"MT";163;907;"ITAUBA";"Transitar na contramão";"Colisão lateral sentido oposto";"Com Vítimas Fatais";"Plena Noite";"Crescente";"Ignorado";"Simples";"Reta";"Não";5;1;3;0;1;0;3;2;-11,248412;-55,308106;"SPRF-MT";"DEL06-MT";"UOP02-DEL06-MT"
522244;2023-05-11;"quinta-feira";"02:10:00";"PR";277;489,5;"NOVA LARANJEIRAS";"Velocidade Incompatível";"Saída de leito carroçável";"Com Vítimas Feridas";"Plena Noite";"Crescente";"Céu Claro";"Simples";"Curva;Declive";"Não";4;0;3;0;1;0;3;1;-25,24154725;-52,63060519;"SPRF-PR";"DEL04-PR";"UOP02-DEL04-PR"
522245;2023-05-11;"quinta-feira";"04:00:00";"SP";116;146,6;"SAO JOSE DOS CAMPOS";"Ausência de reação do condutor";"Colisão com objeto";"Com Vítimas Fatais";"Plena Noite";"Decrescente";"Céu Claro";"Dupla";"Reta";"Não";3;1;0;1;0;1;1;3;-23,19122919;-45,86327591;"SPRF-SP";"DEL02-SP";"UOP01-DEL02-SP"
522250;2023-05-11;"quinta-feira";"06:00:00";"MG";50;101,4;"UBERLANDIA";"Ausência de reação do condutor";"Saída de leito carroçável";"Sem Vítimas";"Amanhecer";"Crescente";"Céu Claro";"Dupla";"Reta";"Não";1;0;0;0;1;0;0;1;-19,14483086;-48,16807055;"SPRF-MG";"DEL15-MG";"UOP01-DEL15-MG"
522253;2023-05-11;"quinta-feira";"06:00:00";"RJ";116;184;"NOVA IGUACU";"Condutor deixou de manter distância do veículo da frente";"Engavetamento";"Sem Vítimas";"Amanhecer";"Decrescente";"Chuva";"Dupla";"Reta";"Não";3;0;0;0;3;0;0;3;-22,74647215;-43,44594311;"SPRF-RJ";"DEL01-RJ";"UOP02-DEL01-RJ"
522254;2023-05-11;"quinta-feira";"05:45:00";"RO";364;236;"CACOAL";"Velocidade Incompatível";"Tombamento";"Com Vítimas Feridas";"Pleno dia";"Crescente";"Céu Claro";"Simples";"Reta";"Sim";1;0;1;0;0;0;1;1;-11,4458767242;-61,4378499339;"SPRF-RO";"DEL02-RO";"UOP02-DEL02-RO"
522255;2023-05-11;"quinta-feira";"07:00:00";"RS";472;580,3;"URUGUAIANA";"Animais na Pista";"Tombamento";"Com Vítimas Feridas";"Amanhecer";"Crescente";"Céu Claro";"Simples";"Reta";"Sim";1;0;1;0;0;0;1;1;-29,79325682;-57,09081244;"SPRF-RS";"DEL13-RS";"UOP01-DEL13-RS"
522256;2023-05-11;"quinta-feira";"06:50:00";"PR";277;723;"FOZ DO IGUACU";"Ausência de reação do condutor";"Colisão traseira";"Sem Vítimas";"Pleno dia";"Crescente";"Nublado";"Dupla";"Retorno Regulamentado";"Sim";2;0;0;0;2;0;0;2;-25,49878215;-54,52985294;"SPRF-PR";"DEL05-PR";"UOP03-DEL05-PR"
522257;2023-05-11;"quinta-feira";"07:15:00";"SP";116;219,7;"GUARULHOS";"Trafegar com motocicleta (ou similar) entre as faixas";"Colisão traseira";"Com Vítimas Feridas";"Pleno dia";"Crescente";"Nublado";"Múltipla";"Reta";"Sim";2;0;1;0;1;0;1;2;-23,46143954;-46,48885316;"SPRF-SP";"DEL01-SP";"UOP01-DEL01-SP"
522258;2023-05-11;"quinta-feira";"06:50:00";"GO";40;2,6;"VALPARAISO DE GOIAS";"Acessar a via sem observar a presença dos outros veículos";"Colisão traseira";"Sem Vítimas";"Amanhecer";"Decrescente";"Céu Claro";"Dupla";"Reta";"Sim";2;0;0;0;2;0;0;2;-16,067129;-47,984235;"SPRF-DF";"DEL01-DF";"UOP01-DEL01-DF"
522259;2023-05-11;"quinta-feira";"06:32:00";"SC";101;199;"SAO JOSE";"Manobra de mudança de faixa";"Colisão transversal";"Com Vítimas Feridas";"Pleno dia";"Crescente";"Céu Claro";"Dupla";"Reta;Interseção de Vias";"Sim";6;0;4;0;1;1;4;2;-27,53413705;-48,63003205;"SPRF-SC";"DEL01-SC";"UOP01-DEL01-SC"
522260;2023-05-11;"quinta-feira";"07:00:00";"RJ";40;122;"DUQUE DE CAXIAS";"Reação tardia ou ineficiente do condutor";"Colisão lateral mesmo sentido";"Com Vítimas Feridas";"Pleno dia";"Crescente";"Nublado";"Múltipla";"Reta";"Sim";2;0;1;0;1;0;1;2;-22,79083113;-43,28611569;"SPRF-RJ";"DEL01-RJ";"UOP01-DEL01-RJ"