"id";"data_inversa";"dia_semana";"horario";"uf";"br";"km";"municipio";"causa_acidente";"tipo_acidente";"classificacao_acidente";"fase_dia";"sentido_via";"condicao_metereologica";"tipo_pista";"tracado_via";"uso_solo";"pessoas";"mortos";"feridos_leves";"feridos_graves";"ilesos";"ignorados";"feridos";"veiculos";"latitude";"longitude";"regional";"delegacia";"uop"
522263;2023-05-11;"quinta-feira";"07:15:00";"SP";153;63;"SAO JOSE DO RIO PRETO";"Condutor deixou de manter distância do veículo da frente";"Colisão traseira";"Com Vítimas Feridas";"Pleno dia";"Crescente";"Céu Claro";"Dupla";"Aclive;Reta";"Sim";2;0;1;0;1;0;1;2;-20,82149698;-49,35764818;"SPRF-SP";"DEL09-SP";"UOP01-DEL09-SP"
522265;2023-05-11;"quinta-feira";"06:30:00";"DF";40;6,7;"BRASILIA";"Manobra de mudança de faixa";"Colisão lateral mesmo sentido";"Com Vítimas Feridas";"Amanhecer";"Decrescente";"Céu Claro";"Dupla";"Reta;Declive";"Sim";2;0;1;0;1;0;1;2;-16,03586017;-47,97893828;"SPRF-DF";"DEL01-DF";"UOP01-DEL01-DF"
522266;2023-05-11;"quinta-feira";"06:39:00";"DF";20;3;"BRASILIA";"Acessar a via sem observar a presença dos outros veículos";"Colisão transversal";"Com Vítimas Feridas";"Pleno dia";"Decrescente";"Céu Claro";"Dupla";"Interseção de Vias";"Sim";3;0;1;0;2;0;1;2;-15,68066314;-47,83548117;"SPRF-DF";"DEL02-DF";"UOP01-DEL02-DF"
522267;2023-05-11;"quinta-feira";"07:39:00";"SC";101;213,4;"PALHOCA";"Manobra de mudança de faixa";"Colisão lateral mesmo sentido";"Com Vítimas Feridas";"Pleno dia";"Decrescente";"Céu Claro";"Múltipla";"Reta";"Não";2;0;1;0;1;0;1;2;-27,63697369;-48,66514142;"SPRF-SC";"DEL01-SC";"UOP02-DEL01-SC"
522269;2023-05-11;"quinta-feira";"07:40:00";"RS";285;299,7;"PASSO FUNDO";"Acessar a via sem observar a presença dos outros veículos";"Colisão transversal";"Com Vítimas Feridas";"Pleno dia";"Crescente";"Nevoeiro/Neblina";"Simples";"Rotatória;Reta";"Sim";5;0;3;0;2;0;3;2;-28,234184;-52,43314;"SPRF-RS";"DEL08-RS";"UOP03-DEL08-RS"
522271;2023-05-11;"quinta-feira";"07:17:00";"SC";101;211;"PALHOCA";"Trafegar com motocicleta (ou similar) entre as faixas";"Colisão lateral mesmo sentido";"Com Vítimas Feridas";"Pleno dia";"Decrescente";"Céu Claro";"Simples";"Reta";"Sim";2;0;0;1;1;0;1;2;-27,62519173;-48,65427375;"SPRF-SC";"DEL01-SC";"UOP02-DEL01-SC"
522272;2023-05-11;"quinta-feira";"08:10:00";"SP";116;152;"SAO JOSE DOS CAMPOS";"Ausência de reação do condutor";"Colisão traseira";"Com Vítimas Feridas";"Pleno dia";"Decrescente";"Céu Claro";"Dupla";"Reta";"Sim";1;0;1;0;0;0;1;1;-23,22620401;-45,90682999;"SPRF-SP";"DEL02-SP";"UOP01-DEL02-SP"
522274;2023-05-11;"quinta-feira";"06:52:00";"MG";381;852;"POUSO ALEGRE";"Ausência de reação do condutor";"Queda de ocupante de veículo";"Com Vítimas Feridas";"Pleno dia";"Decrescente";"Nevoeiro/Neblina";"Dupla";"Em Obras";"Sim";1;0;1;0;0;0;1;1;-22,29622613;-45,89935251;"SPRF-MG";"DEL16-MG";"UOP01-DEL16-MG"
522275;2023-05-11;"quinta-feira";"06:45:00";"PI";316;3,8;"TERESINA";"Manobra de mudança de faixa";"Colisão lateral mesmo sentido";"Com Vítimas Feridas";"Pleno dia";"Decrescente";"Nublado";"Múltipla";"Reta";"Sim";3;0;2;0;1;0;2;2;-5,12826443;-42,79292384;"SPRF-PI";"DEL01-PI";"UOP02-DEL01-PI"
522276;2023-05-11;"quinta-feira";"07:50:00";"SC";101;203,8;"SAO JOSE";"Trafegar com motocicleta (ou similar) entre as faixas";"Colisão lateral mesmo sentido";"Com Vítimas Feridas";"Pleno dia";"Crescente";"Céu Claro";"Dupla";"Reta";"Não";2;0;0;1;1;0;1;2;-27,5650044;-48,61460082;"SPRF-SC";"DEL01-SC";"UOP01-DEL01-SC"
522278;2023-05-11;"quinta-feira";"06:53:00";"MG";262;34,4;"MANHUACU";"Reação tardia ou ineficiente do condutor";"Tombamento";"Com Vítimas Feridas";"Pleno dia";"Crescente";"Nublado";"Simples";"Em Obras;Rotatória";"Sim";1;0;1;0;0;0;1;1;-20,25692664;-42,01099203;"SPRF-MG";"DEL06-MG";"UOP03-DEL06-MG"
522280;2023-05-11;"quinta-feira";"07:30:00";"PR";116;13,7;"COLOMBO";"Acessar a via sem observar a presença dos outros veículos";"Colisão lateral mesmo sentido";"Com Vítimas Feridas";"Pleno dia";"Decrescente";"Céu Claro";"Múltipla";"Declive";"Sim";4;0;1;0;1;2;1;3;-25,379018;-49,15851;"SPRF-PR";"DEL01-PR";"UOP02-DEL01-PR"
522281;2023-05-04;"quinta-feira";"13:35:00";"AP";156;375;"FERREIRA GOMES";"Reação tardia ou ineficiente do condutor";"Saída de leito carroçável";"Com Vítimas Feridas";"Pleno dia";"Decrescente";"Céu Claro";"Simples";"Curva";"Não";1;0;1;0;0;0;1;1;0,81247657;-51,21048475;"SPRF-AP";"DEL01-AP";"UOP01-DEL01-AP"
522283;2023-05-11;"quinta-feira";"08:20:00";"RJ";101;99;"CAMPOS DOS GOYTACAZES";"Curva acentuada";"Saída de leito carroçável";"Sem Vítimas";"Pleno dia";"Decrescente";"Nublado";"Dupla";"Curva";"Não";1;0;0;0;1;0;0;1;-21,8758198;-41,5832851;"SPRF-RJ";"DEL08-RJ";"UOP02-DEL08-RJ"
522285;2023-05-11;"quinta-feira";"08:50:00";"SP";116;144,8;"SAO JOSE DOS CAMPOS";"Reação tardia ou ineficiente do condutor";"Colisão lateral mesmo sentido";"Com Vítimas Feridas";"Pleno dia";"Crescente";"Nublado";"Dupla";"Aclive";"Sim";2;0;1;0;1;0;1;2;-23,18274416;-45,84633592;"SPRF-SP";"DEL02-SP";"UOP01-DEL02-SP"
522287;2023-05-11;"quinta-feira";"07:30:00";"MG";262;162;"SAO DOMINGOS DO PRATA";"Reação tardia ou ineficiente do condutor";"Tombamento";"Com Vítimas Feridas";"Pleno dia";"Decrescente";"Céu Claro";"Simples";"Curva";"Não";2;0;0;1;1;0;1;1;-19,96082911;-42,85234404;"SPRF-MG";"DEL03-MG";"UOP03-DEL03-MG"
522288;2023-05-11;"quinta-feira";"09:00:00";"RJ";116;187;"NOVA IGUACU";"Ausência de reação do condutor";"Queda de ocupante de veículo";"Com Vítimas Feridas";"Pleno dia";"Decrescente";"Nublado";"Simples";"Reta";"Sim";1;0;0;1;0;0;1;1;-22,73883756;-43,47245197;"SPRF-RJ";"DEL01-RJ";"UOP02-DEL01-RJ"
522289;2023-05-11;"quinta-feira";"09:20:00";"SP";488;1;"APARECIDA";"Ausência de reação do condutor";"Colisão lateral mesmo sentido";"Com Vítimas Feridas";"Pleno dia";"Crescente";"Céu Claro";"Dupla";"Reta";"Sim";2;0;1;0;1;0;1;2;-22,850164;-45,231808;"SPRF-SP";"DEL08-SP";"UOP01-DEL08-SP"
522291;2023-04-17;"segunda-feira";"06:40:00";"AL";423;103;"DELMIRO GOUVEIA";"Ausência de reação do condutor";"Colisão traseira";"Com Vítimas Feridas";"Pleno dia";"Decrescente";"Céu Claro";"Simples";"Reta";"Não";3;0;0;1;2;0;1;2;-9,4027224;-38,1818248;"SPRF-BA";"DEL07-BA";"UOP01-DEL07-BA"
522293;2023-05-11;"quinta-feira";"08:15:00";"RS";287;399;"SANTIAGO";"Trafegar com motocicleta (ou similar) entre as faixas";"Colisão frontal";"Com Vítimas Feridas";"Pleno dia";"Crescente";"Céu Claro";"Simples";"Reta";"Não";2;0;0;1;1;0;1;2;-29,16794191;-54,86705298;"SPRF-RS";"DEL12-RS";"UOP02-DEL12-RS"
522294;2023-05-11;"quinta-feira";"09:40:00";"BA";324;0;"FEIRA DE SANTANA";"Demais falhas mecânicas ou elétricas";"Queda de ocupante de veículo";"Com Vítimas Feridas";"Pleno dia";"Crescente";"Céu Claro";"Dupla";"Reta";"Sim";2;0;2;0;0;0;2;1;-12,274093;-38,936999;"SPRF-BA";"DEL02-BA";"UOP01-DEL02-BA"
522295;2023-05-11;"quinta-feira";"09:00:00";"PR";277;80,7;"CURITIBA";"Ausência de reação do condutor";"Colisão traseira";"Com Vítimas Feridas";"Pleno dia";"Crescente";"Céu Claro";"Dupla";"Reta";"Sim";2;0;1;0;1;0;1;2;-25,568939;-49,181978;"SPRF-PR";"DEL01-PR";"UOP01-DEL01-PR"
522296;2023-05-11;"quinta-feira";"09:10:00";"SC";280;128,8;"RIO NEGRINHO";"Acessar a via sem observar a presença dos outros veículos";"Colisão frontal";"Com Vítimas Feridas";"Pleno dia";"Decrescente";"Sol";"Simples";"Interseção de Vias;Reta";"Sim";2;0;1;0;1;0;1;2;-26,25414441;-49,53486443;"SPRF-SC";"DEL06-SC";"UOP03-DEL06-SC"
522297;2023-05-11;"quinta-feira";"08:30:00";"BA";367;24;"PORTO SEGURO";"Ultrapassagem Indevida";"Colisão lateral mesmo sentido";"Com Vítimas Feridas";"Pleno dia";"Decrescente";"Céu Claro";"Simples";"Reta";"Sim";2;0;1;0;1;0;1;2;-16,43763962;-39,0813791;"SPRF-BA";"DEL09-BA";"UOP03-DEL09-BA"
522301;2023-05-11;"quinta-feira";"09:01:00";"RJ";465;21,4;"NOVA IGUACU";"Chuva";"Atropelamento de Pedestre";"Com Vítimas Feridas";"Pleno dia";"Crescente";"Chuva";"Simples";"Reta";"Sim";2;0;0;1;1;0;1;2;-22,854782;-43,601933;"SPRF-RJ";"DEL03-RJ";"UOP01-DEL03-RJ"
522302;2023-05-11;"quinta-feira";"09:00:00";"RJ";495;1;"TERESOPOLIS";"Animais na Pista";"Colisão traseira";"Sem Vítimas";"Pleno dia";"Decrescente";"Nublado";"Simples";"Curva";"Sim";2;0;0;0;2;0;0;2;-22,4010303;-42,98048973;"SPRF-RJ";"DEL04-RJ";"UOP01-DEL04-RJ"
522303;2023-05-11;"quinta-feira";"10:33:00";"PB";230;6;"CABEDELO";"Ausência de reação do condutor";"Colisão traseira";"Com Vítimas Feridas";"Pleno dia";"Decrescente";"Céu Claro";"Múltipla";"Reta";"Sim";2;0;1;0;1;0;1;2;-7,02902289;-34,83972788;"SPRF-PB";"DEL01-PB";"UOP01-DEL01-PB"
522304;2023-05-11;"quinta-feira";"09:53:00";"PE";101;69;"RECIFE";"Ausência de reação do condutor";"Colisão traseira";"Com Vítimas Feridas";"Pleno dia";"Crescente";"Céu Claro";"Dupla";"Reta";"Sim";2;0;1;0;1;0;1;2;-8,05951606;-34,94581024;"SPRF-PE";"DEL01-PE";"UOP01-DEL01-PE"
522305;2023-04-17;"segunda-feira";"14:50:00";"DF";70;3;"BRASILIA";"Manobra de mudança de faixa";"Colisão transversal";"Com Vítimas Feridas";"Pleno dia";"Decrescente";"Céu Claro";"Dupla";"Reta";"Sim";3;0;1;0;2;0;1;2;-15,802453;-48,080387;"SPRF-DF";"DEL03-DF";"UOP02-DEL03-DF"
522307;2023-03-22;"quarta-feira";"02:50:00";"PA";163;652;"ITAITUBA";"Demais falhas na via";"Tombamento";"Com Vítimas Feridas";"Plena Noite";"Crescente";"Céu Claro";"Simples";"Reta";"Não";2;0;0;1;1;0;1;1;-4,51394208;-55,86544792;"SPRF-PA";"DEL05-PA";"UOP02-DEL05-PA"
522309;2023-04-10;"segunda-feira";"00:55:00";"RS";290;383;"SANTA MARGARIDA DO SUL";"Transitar na contramão";"Colisão frontal";"Com Vítimas Feridas";"Plena Noite";"Crescente";"Céu Claro";"Simples";"Curva";"Não";3;0;0;1;2;0;1;2;-30,343287;-53,982574;"SPRF-RS";"DEL09-RS";"UOP02-DEL09-RS"
522310;2023-05-11;"quinta-feira";"11:00:00";"ES";101;151,5;"LINHARES";"Desrespeitar a preferência no cruzamento";"Colisão transversal";"Com Vítimas Feridas";"Pleno dia";"Crescente";"Céu Claro";"Simples";"Curva";"Não";2;0;0;1;1;0;1;2;-19,41156656;-40,06592463;"SPRF-ES";"DEL04-ES";"UOP01-DEL04-ES"
522314;2023-05-11;"quinta-feira";"10:00:00";"PR";116;5;"CAMPINA GRANDE DO SUL";"Pedestre cruzava a pista fora da faixa";"Atropelamento de Pedestre";"Com Vítimas Feridas";"Pleno dia";"Crescente";"Céu Claro";"Dupla";"Reta";"Sim";2;0;1;0;1;0;1;2;-25,3653;-49,0906;"SPRF-PR";"DEL01-PR";"UOP02-DEL01-PR"
522315;2023-05-11;"quinta-feira";"09:30:00";"RJ";40;85;"PETROPOLIS";"Chuva";"Saída de leito carroçável";"Com Vítimas Feridas";"Pleno dia";"Decrescente";"Chuva";"Dupla";"Curva;Aclive";"Não";2;0;1;0;1;0;1;1;-22,52850694;-43,2349802;"SPRF-RJ";"DEL06-RJ";"UOP01-DEL06-RJ"
522317;2023-05-11;"quinta-feira";"11:20:00";"DF";70;12;"BRASILIA";"Reação tardia ou ineficiente do condutor";"Saída de leito carroçável";"Com Vítimas Feridas";"Pleno dia";"Crescente";"Céu Claro";"Dupla";"Reta";"Não";1;0;1;0;0;0;1;1;-15,792243;-48,158543;"SPRF-DF";"DEL03-DF";"UOP02-DEL03-DF"
522318;2023-05-11;"quinta-feira";"11:50:00";"RN";226;7,1;"NATAL";"Curva acentuada";"Saída de leito carroçável";"Com Vítimas Feridas";"Pleno dia";"Decrescente";"Céu Claro";"Simples";"Curva";"Não";1;0;1;0;0;0;1;1;-5,83583319;-35,28030896;"SPRF-RN";"DEL01-RN";"UOP02-DEL01-RN"
522319;2023-05-09;"terça-feira";"14:15:00";"MG";0;0;"JUIZ DE FORA";"Demais falhas mecânicas ou elétricas";"Eventos atípicos";"Sem Vítimas";"Pleno dia";"Não Informado";"Céu Claro";"Simples";"Reta";"Sim";2;0;0;0;2;0;0;1;-21,793183;-43,384245;"SPRF-MG";"DEL05-MG";"N/A"
522320;2023-05-11;"quinta-feira";"09:59:00";"RJ";116;107,7;"GUAPIMIRIM";"Ingestão de álcool ou de substâncias psicoativas pelo pedestre";"Atropelamento de Pedestre";"Com Vítimas Fatais";"Pleno dia";"Decrescente";"Nublado";"Simples";"Reta";"Não";2;1;1;0;0;0;1;2;-22,52826187;-42,99737551;"SPRF-RJ";"DEL04-RJ";"UOP01-DEL04-RJ"
522321;2023-05-11;"quinta-feira";"12:00:00";"GO";70;0;"AGUAS LINDAS DE GOIAS";"Ausência de reação do condutor";"Colisão com objeto";"Com Vítimas Feridas";"Pleno dia";"Crescente";"Céu Claro";"Dupla";"Aclive;Curva;Em Obras";"Não";1;0;1;0;0;0;1;1;-15,783543;-48,2326;"SPRF-DF";"DEL03-DF";"UOP02-DEL03-DF"
522322;2023-05-11;"quinta-feira";"12:00:00";"ES";101;127;"SOORETAMA";"Reação tardia ou ineficiente do condutor";"Colisão com objeto";"Com Vítimas Feridas";"Pleno dia";"Crescente";"Céu Claro";"Dupla";"Declive;Reta";"Sim";1;0;1;0;0;0;1;1;-19,202898;-40,095524;"SPRF-ES";"DEL04-ES";"UOP01-DEL04-ES"
522323;2023-05-11;"quinta-feira";"07:40:00";"GO";414;439;"ANAPOLIS";"Trafegar com motocicleta (ou similar) entre as faixas";"Colisão transversal";"Com Vítimas Feridas";"Pleno dia";"Crescente";"Céu Claro";"Simples";"Reta";"Sim";3;0;1;1;1;0;2;2;-16,28128823;-48,94258908;"SPRF-GO";"DEL02-GO";"UOP01-DEL02-GO"
522324;2023-05-11;"quinta-feira";"11:45:00";"SC";101;23,1;"JOINVILLE";"Ausência de reação do condutor";"Saída de leito carroçável";"Com Vítimas Feridas";"Pleno dia";"Crescente";"Céu Claro";"Dupla";"Reta";"Sim";1;0;1;0;0;0;1;1;-26,16582501;-48,90742427;"SPRF-SC";"DEL03-SC";"UOP01-DEL03-SC"
522325;2023-05-11;"quinta-feira";"12:20:00";"PI";343;346,7;"TERESINA";"Frear bruscamente";"Tombamento";"Com Vítimas Feridas";"Pleno dia";"Decrescente";"Céu Claro";"Simples";"Reta;Declive";"Sim";1;0;0;1;0;0;1;1;-5,114822;-42,778355;"SPRF-PI";"DEL01-PI";"UOP01-DEL01-PI"
522327;2023-05-11;"quinta-feira";"12:00:00";"RS";116;253;"SAPUCAIA DO SUL";"Ausência de reação do condutor";"Colisão traseira";"Com Vítimas Feridas";"Pleno dia";"Decrescente";"Céu Claro";"Dupla";"Reta";"Sim";2;0;0;1;1;0;1;2;-29,81784209;-51,16996166;"SPRF-RS";"DEL01-RS";"UOP02-DEL01-RS"
522328;2023-05-11;"quinta-feira";"11:50:00";"RN";110;49,1;"MOSSORO";"Acessar a via sem observar a presença dos outros veículos";"Colisão lateral mesmo sentido";"Com Vítimas Feridas";"Pleno dia";"Crescente";"Céu Claro";"Múltipla";"Reta;Retorno Regulamentado";"Sim";2;0;1;0;1;0;1;2;-5,21645975;-37,32927128;"SPRF-RN";"DEL04-RN";"UOP01-DEL04-RN"
522329;2023-05-11;"quinta-feira";"11:20:00";"MG";116;274;"TEOFILO OTONI";"Reação tardia ou ineficiente do condutor";"Atropelamento de Pedestre";"Com Vítimas Feridas";"Pleno dia";"Decrescente";"Céu Claro";"Simples";"Reta";"Sim";2;0;1;0;0;1;1;2;-17,83384514;-41,51094368;"SPRF-MG";"DEL11-MG";"UOP01-DEL11-MG"
522330;2023-05-11;"quinta-feira";"07:20:00";"MG";116;517,9;"UBAPORANGA";"Ausência de reação do condutor";"Colisão traseira";"Com Vítimas Feridas";"Pleno dia";"Decrescente";"Céu Claro";"Simples";"Reta";"Não";2;0;1;0;0;1;1;2;-19,70492713;-42,11720373;"SPRF-MG";"DEL06-MG";"UOP02-DEL06-MG"
522331;2023-05-11;"quinta-feira";"12:30:00";"ES";259;57,8;"COLATINA";"Acessar a via sem observar a presença dos outros veículos";"Colisão transversal";"Com Vítimas Feridas";"Pleno dia";"Crescente";"Céu Claro";"Simples";"Reta";"Sim";2;0;1;0;1;0;1;2;-19,50865703;-40,65581416;"SPRF-ES";"DEL02-ES";"UOP01-DEL02-ES"
522332;2023-04-30;"domingo";"23:30:00";"SP";116;43;"CACHOEIRA PAULISTA";"Demais falhas mecânicas ou elétricas";"Incêndio";"Sem Vítimas";"Plena Noite";"Decrescente";"Céu Claro";"Múltipla";"Reta";"Não";1;0;0;0;1;0;0;1;-22,6973511;-45,03013594;"SPRF-SP";"DEL08-SP";"UOP02-DEL08-SP"
522333;2023-05-11;"quinta-feira";"10:28:00";"SP";381;88;"GUARULHOS";"Reação tardia ou ineficiente do condutor";"Colisão lateral mesmo sentido";"Com Vítimas Feridas";"Pleno dia";"Crescente";"Céu Claro";"Múltipla";"Reta";"Sim";2;0;2;0;0;0;2;2;-23,47469314;-46,56112919;"SPRF-SP";"DEL03-SP";"UOP01-DEL03-SP"
522334;2023-05-11;"quinta-feira";"13:20:00";"RS";285;201;"LAGOA VERMELHA";"Acessar a via sem observar a presença dos outros veículos";"Colisão transversal";"Com Vítimas Feridas";"Pleno dia";"Decrescente";"Céu Claro";"Simples";"Reta";"Sim";5;0;2;0;3;0;2;2;-28,206482;-51,538555;"SPRF-RS";"DEL08-RS";"UOP05-DEL08-RS"
522336;2023-05-11;"quinta-feira";"13:00:00";"PE";104;105;"CUPIRA";"Pedestre andava na pista";"Atropelamento de Pedestre";"Com Vítimas Feridas";"Pleno dia";"Decrescente";"Céu Claro";"Simples";"Reta";"Não";2;0;1;0;1;0;1;2;-8,605211;-35,962521;"SPRF-PE";"DEL02-PE";"UOP03-DEL02-PE"
522339;2023-05-11;"quinta-feira";"13:30:00";"RN";110;48;"MOSSORO";"Condutor deixou de manter distância do veículo da frente";"Colisão traseira";"Sem Vítimas";"Pleno dia";"Crescente";"Céu Claro";"Simples";"Reta";"Sim";2;0;0;0;2;0;0;2;-5,20881178;-37,33285083;"SPRF-RN";"DEL04-RN";"UOP01-DEL04-RN"
522340;2023-05-10;"quarta-feira";"12:12:00";"DF";0;0;"BRASILIA";"Velocidade Incompatível";"Tombamento";"Sem Vítimas";"Pleno dia";"Não Informado";"Sol";"Simples";"Reta";"Não";1;0;0;0;0;1;0;1;-15,943619;-48,172115;"SPRF-DF";"DEL03-DF";"UOP01-DEL03-DF"
522342;2023-05-02;"terça-feira";"07:24:00";"TO";10;461;"PALMAS";"Reação tardia ou ineficiente do condutor";"Saída de leito carroçável";"Com Vítimas Fatais";"Pleno dia";"Crescente";"Céu Claro";"Simples";"Curva";"Não";1;1;0;0;0;0;0;1;-10,2515138;-48,31214726;"SPRF-TO";"DEL01-TO";"UOP03-DEL01-TO"
522343;2023-05-11;"quinta-feira";"14:30:00";"SC";101;201;"SAO JOSE";"Trafegar com motocicleta (ou similar) entre as faixas";"Colisão lateral mesmo sentido";"Com Vítimas Feridas";"Pleno dia";"Decrescente";"Céu Claro";"Múltipla";"Reta";"Sim";6;0;0;1;4;1;1;4;-27,55378313;-48,61912072;"SPRF-SC";"DEL01-SC";"UOP01-DEL01-SC"
522344;2023-05-11;"quinta-feira";"07:20:00";"TO";10;455;"PALMAS";"Reação tardia ou ineficiente do condutor";"Colisão traseira";"Com Vítimas Feridas";"Pleno dia";"Crescente";"Céu Claro";"Simples";"Reta;Declive";"Sim";2;0;1;0;0;1;1;2;-10,29240801;-48,297261;"SPRF-TO";"DEL01-TO";"UOP03-DEL01-TO"
522345;2023-03-19;"domingo";"15:30:00";"RS";285;47,1;"BOM JESUS";"Reação tardia ou ineficiente do condutor";"Saída de leito carroçável";"Com Vítimas Feridas";"Pleno dia";"Crescente";"Sol";"Simples";"Curva;Declive";"Não";1;0;0;1;0;0;1;1;-28,68847943;-50,29987335;"SPRF-RS";"DEL05-RS";"UOP03-DEL05-RS"
522349;2023-05-11;"quinta-feira";"13:40:00";"BA";101;50;"ENTRE RIOS";"Condutor Dormindo";"Saída de leito carroçável";"Com Vítimas Feridas";"Pleno dia";"Crescente";"Céu Claro";"Dupla";"Reta";"Não";1;0;1;0;0;0;1;1;-11,91370099;-38,04628103;"SPRF-BA";"DEL01-BA";"UOP04-DEL01-BA"
522351;2023-05-11;"quinta-feira";"14:20:00";"RS";386;126,8;"SARANDI";"Ausência de reação do condutor";"Saída de leito carroçável";"Com Vítimas Fatais";"Pleno dia";"Crescente";"Céu Claro";"Simples";"Curva";"Não";3;1;1;1;0;0;2;1;-27,9112661;-52,9731268;"SPRF-RS";"DEL08-RS";"UOP01-DEL08-RS"
522353;2023-05-11;"quinta-feira";"11:20:00";"RO";0;0;"VILHENA";"Desrespeitar a preferência no cruzamento";"Colisão transversal";"Sem Vítimas";"Pleno dia";"Não Informado";"Céu Claro";"Simples";"Interseção de Vias";"Sim";2;0;0;0;2;0;0;2;-12,7096006;-60,1354936;"SPRF-RO";"DEL04-RO";"UOP01-DEL04-RO"
522354;2023-05-11;"quinta-feira";"15:00:00";"ES";101;285,1;"CARIACICA";"Condutor deixou de manter distância do veículo da frente";"Colisão traseira";"Com Vítimas Feridas";"Pleno dia";"Crescente";"Nublado";"Dupla";"Reta;Aclive";"Sim";2;0;1;0;1;0;1;2;-20,25148171;-40,37270066;"SPRF-ES";"DEL01-ES";"UOP01-DEL01-ES"
522355;2023-05-07;"domingo";"19:30:00";"RJ";356;186;"SAO JOAO DA BARRA";"Ultrapassagem Indevida";"Colisão lateral sentido oposto";"Com Vítimas Feridas";"Plena Noite";"Crescente";"Nublado";"Simples";"Reta";"Sim";3;0;2;0;0;1;2;2;-21,62805631;-41,02539003;"SPRF-RJ";"DEL08-RJ";"UOP02-DEL08-RJ"
522356;2023-05-11;"quinta-feira";"14:40:00";"RJ";493;79;"JAPERI";"Demais falhas mecânicas ou elétricas";"Saída de leito carroçável";"Com Vítimas Feridas";"Pleno dia";"Crescente";"Céu Claro";"Dupla";"Reta";"Não";2;0;1;0;1;0;1;1;-22,662786;-43,57209;"SPRF-RJ";"DEL01-RJ";"UOP03-DEL01-RJ"
522362;2023-05-11;"quinta-feira";"16:00:00";"PR";369;114;"URAI";"Manobra de mudança de faixa";"Colisão lateral mesmo sentido";"Com Vítimas Feridas";"Pleno dia";"Crescente";"Céu Claro";"Dupla";"Curva;Aclive";"Não";3;0;1;0;0;2;1;3;-23,278756;-50,845123;"SPRF-PR";"DEL07-PR";"UOP05-DEL07-PR"
522363;2023-05-11;"quinta-feira";"16:10:00";"CE";222;5;"CAUCAIA";"Deficiência do Sistema de Iluminação/Sinalização";"Colisão transversal";"Com Vítimas Feridas";"Pleno dia";"Decrescente";"Céu Claro";"Dupla";"Reta";"Não";4;0;3;1;0;0;4;3;-3,74296918;-38,61330997;"SPRF-CE";"DEL01-CE";"UOP01-DEL01-CE"
522364;2023-05-11;"quinta-feira";"08:00:00";"MA";135;257,2;"CAPINZAL DO NORTE";"Manobra de mudança de faixa";"Colisão frontal";"Com Vítimas Fatais";"Pleno dia";"Decrescente";"Céu Claro";"Simples";"Reta;Declive";"Sim";3;1;0;2;0;0;2;2;-4,63152092;-44,33838674;"SPRF-MA";"DEL03-MA";"UOP01-DEL03-MA"
522365;2023-05-11;"quinta-feira";"07:25:00";"MG";381;499;"BETIM";"Ausência de reação do condutor";"Saída de leito carroçável";"Com Vítimas Feridas";"Pleno dia";"Crescente";"Céu Claro";"Dupla";"Interseção de Vias;Curva";"Não";1;0;1;0;0;0;1;1;-20,01792651;-44,2261448;"SPRF-MG";"DEL04-MG";"UOP03-DEL04-MG"
522368;2023-05-11;"quinta-feira";"12:20:00";"MT";70;747;"CACERES";"Problema na suspensão";"Queda de ocupante de veículo";"Com Vítimas Feridas";"Pleno dia";"Crescente";"Céu Claro";"Simples";"Reta";"Não";2;0;1;0;0;1;1;2;-16,042282;-57,759032;"SPRF-MT";"DEL03-MT";"UOP01-DEL03-MT"
522369;2023-04-13;"quinta-feira";"08:30:00";"RJ";40;85;"PETROPOLIS";"Curva acentuada";"Saída de leito carroçável";"Com Vítimas Feridas";"Amanhecer";"Decrescente";"Céu Claro";"Dupla";"Aclive;Curva";"Não";1;0;1;0;0;0;1;1;-22,52850694;-43,2349802;"SPRF-RJ";"DEL06-RJ";"UOP01-DEL06-RJ"
522370;2023-05-11;"quinta-feira";"16:10:00";"MG";381;519;"IGARAPE";"Ausência de reação do condutor";"Colisão com objeto";"Com Vítimas Feridas";"Pleno dia";"Crescente";"Sol";"Dupla";"Curva";"Sim";1;0;1;0;0;0;1;1;-20,12834104;-44,30330781;"SPRF-MG";"DEL04-MG";"UOP03-DEL04-MG"
522373;2023-05-11;"quinta-feira";"16:20:00";"ES";259;46,8;"COLATINA";"Mal súbito do condutor";"Saída de leito carroçável";"Com Vítimas Feridas";"Pleno dia";"Crescente";"Céu Claro";"Simples";"Reta";"Não";2;0;1;0;1;0;1;1;-19,5315965;-40,58047635;"SPRF-ES";"DEL02-ES";"UOP01-DEL02-ES"
522376;2023-05-11;"quinta-feira";"15:40:00";"RR";174;212;"RORAINOPOLIS";"Acessar a via sem observar a presença dos outros veículos";"Colisão transversal";"Com Vítimas Feridas";"Pleno dia";"Decrescente";"Céu Claro";"Simples";"Reta";"Sim";3;0;1;0;2;0;1;2;0,944533;-60,423653;"SPRF-RR";"DEL01-RR";"UOP01-DEL01-RR"
522378;2023-05-11;"quinta-feira";"17:00:00";"SC";101;84;"BARRA VELHA";"Reação tardia ou ineficiente do condutor";"Tombamento";"Com Vítimas Feridas";"Pleno dia";"Decrescente";"Céu Claro";"Dupla";"Reta";"Não";1;0;1;0;0;0;1;1;-26,62404682;-48,71394986;"SPRF-SC";"DEL03-SC";"UOP02-DEL03-SC"
522379;2023-05-11;"quinta-feira";"16:30:00";"SP";116;167;"JACAREI";"Acesso irregular";"Tombamento";"Com Vítimas Feridas";"Pleno dia";"Decrescente";"Céu Claro";"Dupla";"Reta;Declive";"Não";1;0;1;0;0;0;1;1;-23,30254924;-46,02640493;"SPRF-SP";"DEL02-SP";"UOP01-DEL02-SP"