"id";"data_inversa";"dia_semana";"horario";"uf";"br";"km";"municipio";"causa_acidente";"tipo_acidente";"classificacao_acidente";"fase_dia";"sentido_via";"condicao_metereologica";"tipo_pista";"tracado_via";"uso_solo";"pessoas";"mortos";"feridos_leves";"feridos_graves";"ilesos";"ignorados";"feridos";"veiculos";"latitude";"longitude";"regional";"delegacia";"uop"
522380;2023-05-11;"quinta-feira";"16:37:00";"PR";272;365;"CAMPO MOURAO";"Condutor deixou de manter distância do veículo da frente";"Colisão traseira";"Com Vítimas Feridas";"Pleno dia";"Crescente";"Céu Claro";"Dupla";"Rotatória";"Sim";3;0;1;0;2;0;1;2;-24,04191432;-52,40306516;"SPRF-PR";"DEL09-PR";"UOP03-DEL09-PR"
522382;2023-05-11;"quinta-feira";"17:00:00";"BA";116;426;"FEIRA DE SANTANA";"Entrada inopinada do pedestre";"Atropelamento de Pedestre";"Com Vítimas Feridas";"Pleno dia";"Decrescente";"Céu Claro";"Simples";"Interseção de Vias;Viaduto;Reta";"Não";2;0;0;1;1;0;1;2;-12,2694974;-38,98985624;"SPRF-BA";"DEL02-BA";"UOP01-DEL02-BA"
522383;2023-05-11;"quinta-feira";"17:20:00";"DF";40;8;"BRASILIA";"Manobra de mudança de faixa";"Colisão lateral mesmo sentido";"Com Vítimas Feridas";"Pleno dia";"Decrescente";"Céu Claro";"Dupla";"Viaduto;Interseção de Vias";"Sim";2;0;1;0;1;0;1;2;-16,038666;-47,979691;"SPRF-DF";"DEL01-DF";"UOP01-DEL01-DF"
522384;2023-04-28;"sexta-feira";"07:30:00";"PR";369;143,4;"LONDRINA";"Condutor deixou de manter distância do veículo da frente";"Colisão traseira";"Com Vítimas Feridas";"Pleno dia";"Crescente";"Céu Claro";"Dupla";"Declive";"Não";3;0;1;0;2;0;1;2;-23,292822;-51,09916;"SPRF-PR";"DEL07-PR";"UOP01-DEL07-PR"
522385;2023-05-11;"quinta-feira";"16:45:00";"PR";116;122;"CURITIBA";"Obstrução Via tentativa Assalto";"Colisão lateral mesmo sentido";"Sem Vítimas";"Anoitecer";"Decrescente";"Céu Claro";"Dupla";"Reta";"Sim";3;0;0;0;2;1;0;2;-25,60944163;-49,3194294;"SPRF-PR";"DEL01-PR";"UOP03-DEL01-PR"
522386;2023-05-11;"quinta-feira";"15:20:00";"MG";262;412,2;"IGARATINGA";"Acessar a via sem observar a presença dos outros veículos";"Colisão lateral mesmo sentido";"Com Vítimas Feridas";"Pleno dia";"Crescente";"Céu Claro";"Dupla";"Reta;Retorno Regulamentado";"Não";4;0;2;0;2;0;2;2;-19,89051204;-44,64959297;"SPRF-MG";"DEL08-MG";"UOP03-DEL08-MG"
522387;2023-05-11;"quinta-feira";"12:50:00";"BA";116;576;"BREJOES";"Reação tardia ou ineficiente do condutor";"Engavetamento";"Sem Vítimas";"Pleno dia";"Decrescente";"Chuva";"Simples";"Reta";"Sim";3;0;0;0;3;0;0;3;-13,05560097;-39,95874093;"SPRF-BA";"DEL03-BA";"UOP02-DEL03-BA"
522389;2023-05-11;"quinta-feira";"17:10:00";"CE";116;29;"AQUIRAZ";"Avarias e/ou desgaste excessivo no pneu";"Tombamento";"Com Vítimas Feridas";"Anoitecer";"Decrescente";"Céu Claro";"Dupla";"Reta";"Não";2;0;2;0;0;0;2;1;-4,00202799;-38,51692006;"SPRF-CE";"DEL01-CE";"UOP02-DEL01-CE"
522390;2023-05-11;"quinta-feira";"13:30:00";"BA";116;359;"SERRINHA";"Acessar a via sem observar a presença dos outros veículos";"Colisão transversal";"Com Vítimas Feridas";"Pleno dia";"Crescente";"Céu Claro";"Simples";"Rotatória";"Sim";2;0;0;1;0;1;1;2;-11,66837581;-39,00112152;"SPRF-BA";"DEL02-BA";"UOP01-DEL02-BA"
522391;2023-05-11;"quinta-feira";"14:00:00";"SP";101;47;"UBATUBA";"Acessar a via sem observar a presença dos outros veículos";"Colisão traseira";"Com Vítimas Feridas";"Pleno dia";"Decrescente";"Céu Claro";"Dupla";"Rotatória";"Sim";2;0;1;0;0;1;1;2;-23,429897;-45,082436;"SPRF-SP";"DEL06-SP";"UOP01-DEL06-SP"
522393;2023-05-11;"quinta-feira";"17:40:00";"MG";116;704,1;"MURIAE";"Desrespeitar a preferência no cruzamento";"Colisão transversal";"Com Vítimas Feridas";"Anoitecer";"Decrescente";"Céu Claro";"Simples";"Reta;Interseção de Vias";"Sim";2;0;1;0;1;0;1;2;-21,13416858;-42,38722798;"SPRF-MG";"DEL07-MG";"UOP02-DEL07-MG"
522394;2023-05-11;"quinta-feira";"13:40:00";"MG";116;276;"TEOFILO OTONI";"Reação tardia ou ineficiente do condutor";"Colisão com objeto";"Com Vítimas Feridas";"Pleno dia";"Decrescente";"Céu Claro";"Simples";"Reta";"Sim";1;0;1;0;0;0;1;1;-17,85105696;-41,51454492;"SPRF-MG";"DEL11-MG";"UOP01-DEL11-MG"
522395;2023-05-11;"quinta-feira";"17:10:00";"DF";20;9,7;"BRASILIA";"Ingestão de substâncias psicoativas pelo condutor";"Colisão com objeto";"Sem Vítimas";"Pleno dia";"Crescente";"Nublado";"Dupla";"Reta";"Sim";1;0;0;0;1;0;0;1;-15,654671;-47,782917;"SPRF-DF";"DEL02-DF";"UOP01-DEL02-DF"
522396;2023-05-11;"quinta-feira";"18:00:00";"SC";470;50,3;"BLUMENAU";"Pedestre cruzava a pista fora da faixa";"Atropelamento de Pedestre";"Com Vítimas Feridas";"Plena Noite";"Decrescente";"Ignorado";"Dupla";"Reta";"Sim";2;0;1;1;0;0;2;2;-26,859768;-49,074493;"SPRF-SC";"DEL04-SC";"UOP01-DEL04-SC"
522397;2023-05-11;"quinta-feira";"17:00:00";"SP";381;30,4;"ATIBAIA";"Animais na Pista";"Engavetamento";"Com Vítimas Feridas";"Pleno dia";"Decrescente";"Céu Claro";"Dupla";"Reta;Declive";"Não";4;0;1;0;3;0;1;4;-23,04885102;-46,56482797;"SPRF-SP";"DEL03-SP";"UOP02-DEL03-SP"
522398;2023-03-15;"quarta-feira";"15:00:00";"PE";104;60;"CARUARU";"Reação tardia ou ineficiente do condutor";"Saída de leito carroçável";"Com Vítimas Feridas";"Pleno dia";"Decrescente";"Chuva";"Dupla";"Curva";"Sim";1;0;1;0;0;0;1;1;-8,2438;-35,9752;"SPRF-PE";"DEL02-PE";"UOP01-DEL02-PE"
522400;2023-05-11;"quinta-feira";"17:48:00";"PB";101;86;"BAYEUX";"Condutor deixou de manter distância do veículo da frente";"Engavetamento";"Com Vítimas Feridas";"Anoitecer";"Decrescente";"Céu Claro";"Dupla";"Reta";"Sim";4;0;0;1;2;1;1;4;-7,15118983;-34,91012184;"SPRF-PB";"DEL01-PB";"UOP01-DEL01-PB"
522402;2023-05-11;"quinta-feira";"18:17:00";"RS";386;444;"CANOAS";"Mal súbito do condutor";"Queda de ocupante de veículo";"Com Vítimas Feridas";"Pleno dia";"Decrescente";"Garoa/Chuvisco";"Dupla";"Reta";"Sim";1;0;1;0;0;0;1;1;-29,8911;-51,203064;"SPRF-RS";"DEL01-RS";"UOP01-DEL01-RS"
522404;2023-05-11;"quinta-feira";"16:25:00";"RS";158;96,3;"PALMEIRA DAS MISSOES";"Acessar a via sem observar a presença dos outros veículos";"Colisão transversal";"Com Vítimas Feridas";"Pleno dia";"Decrescente";"Céu Claro";"Simples";"Interseção de Vias";"Não";2;0;1;0;1;0;1;2;-27,86685079;-53,33287239;"SPRF-RS";"DEL08-RS";"UOP01-DEL08-RS"
522406;2023-05-11;"quinta-feira";"17:45:00";"SC";101;150;"ITAPEMA";"Trafegar com motocicleta (ou similar) entre as faixas";"Colisão traseira";"Com Vítimas Feridas";"Pleno dia";"Decrescente";"Sol";"Dupla";"Reta";"Sim";2;0;1;0;1;0;1;2;-27,11744799;-48,60940987;"SPRF-SC";"DEL04-SC";"UOP03-DEL04-SC"
522407;2023-05-11;"quinta-feira";"18:20:00";"GO";60;385;"RIO VERDE";"Pedestre cruzava a pista fora da faixa";"Atropelamento de Pedestre";"Com Vítimas Feridas";"Anoitecer";"Crescente";"Céu Claro";"Múltipla";"Reta;Declive";"Sim";2;0;2;0;0;0;2;2;-17,799254;-50,917443;"SPRF-GO";"DEL04-GO";"UOP02-DEL04-GO"
522408;2023-05-11;"quinta-feira";"17:30:00";"AL";316;268,2;"SATUBA";"Acumulo de óleo sobre o pavimento";"Queda de ocupante de veículo";"Com Vítimas Feridas";"Plena Noite";"Decrescente";"Céu Claro";"Simples";"Curva";"Não";2;0;1;0;1;0;1;1;-9,58021969;-35,83876014;"SPRF-AL";"DEL02-AL";"UOP01-DEL02-AL"
522410;2023-05-11;"quinta-feira";"18:50:00";"SC";101;212,7;"PALHOCA";"Manobra de mudança de faixa";"Colisão lateral mesmo sentido";"Com Vítimas Feridas";"Plena Noite";"Crescente";"Céu Claro";"Múltipla";"Reta";"Sim";2;0;1;0;1;0;1;2;-27,63697369;-48,66514142;"SPRF-SC";"DEL01-SC";"UOP02-DEL01-SC"
522412;2023-03-27;"segunda-feira";"19:20:00";"BA";101;877;"TEIXEIRA DE FREITAS";"Reação tardia ou ineficiente do condutor";"Queda de ocupante de veículo";"Com Vítimas Feridas";"Plena Noite";"Crescente";"Céu Claro";"Simples";"Reta";"Sim";3;0;0;1;2;0;1;2;-17,539583;-39,71506119;"SPRF-BA";"DEL09-BA";"UOP02-DEL09-BA"
522414;2023-05-11;"quinta-feira";"18:40:00";"RJ";116;208;"SEROPEDICA";"Demais falhas mecânicas ou elétricas";"Incêndio";"Sem Vítimas";"Plena Noite";"Crescente";"Nublado";"Dupla";"Reta";"Não";1;0;0;0;1;0;0;1;-22,72647382;-43,64833832;"SPRF-RJ";"DEL01-RJ";"UOP03-DEL01-RJ"
522415;2023-05-11;"quinta-feira";"17:20:00";"RJ";393;285;"VOLTA REDONDA";"Manobra de mudança de faixa";"Colisão lateral mesmo sentido";"Com Vítimas Feridas";"Anoitecer";"Decrescente";"Céu Claro";"Simples";"Reta";"Não";2;0;1;0;1;0;1;2;-22,481726;-44,06308602;"SPRF-RJ";"DEL05-RJ";"UOP04-DEL05-RJ"
522416;2023-05-11;"quinta-feira";"17:52:00";"SP";116;282;"EMBU DAS ARTES";"Condutor deixou de manter distância do veículo da frente";"Colisão traseira";"Com Vítimas Feridas";"Amanhecer";"Crescente";"Céu Claro";"Dupla";"Reta";"Sim";2;0;1;0;0;1;1;2;-23,68570216;-46,85970975;"SPRF-SP";"DEL04-SP";"UOP01-DEL04-SP"
522417;2023-05-11;"quinta-feira";"19:00:00";"SC";101;232,8;"PALHOCA";"Demais falhas mecânicas ou elétricas";"Incêndio";"Sem Vítimas";"Plena Noite";"Crescente";"Céu Claro";"Dupla";"Aclive";"Não";1;0;0;0;1;0;0;1;-27,795666;-48,638153;"SPRF-SC";"DEL01-SC";"UOP02-DEL01-SC"
522418;2023-05-11;"quinta-feira";"18:45:00";"RN";304;296;"MACAIBA";"Ausência de reação do condutor";"Colisão traseira";"Com Vítimas Feridas";"Plena Noite";"Crescente";"Céu Claro";"Simples";"Interseção de Vias;Reta";"Sim";2;0;0;1;1;0;1;2;-5,86484905;-35,34931012;"SPRF-RN";"DEL01-RN";"UOP02-DEL01-RN"
522420;2023-05-11;"quinta-feira";"18:20:00";"PR";116;135;"MANDIRITUBA";"Reação tardia ou ineficiente do condutor";"Colisão frontal";"Com Vítimas Feridas";"Plena Noite";"Decrescente";"Nublado";"Dupla";"Reta";"Sim";2;0;1;0;1;0;1;2;-25,68413003;-49,31639964;"SPRF-PR";"DEL01-PR";"UOP03-DEL01-PR"
522422;2023-05-11;"quinta-feira";"13:50:00";"RJ";493;6;"ITABORAI";"Acesso irregular";"Colisão transversal";"Com Vítimas Feridas";"Pleno dia";"Crescente";"Nublado";"Dupla";"Reta";"Não";2;0;1;0;1;0;1;2;-22,73124198;-42,95145305;"SPRF-RJ";"DEL02-RJ";"UOP02-DEL02-RJ"
522424;2023-05-11;"quinta-feira";"17:45:00";"PI";316;28,8;"DEMERVAL LOBAO";"Condutor deixou de manter distância do veículo da frente";"Colisão traseira";"Sem Vítimas";"Anoitecer";"Decrescente";"Sol";"Simples";"Reta";"Não";3;0;0;0;2;1;0;3;-5,31728394;-42,70119586;"SPRF-PI";"DEL01-PI";"UOP02-DEL01-PI"
522425;2023-05-11;"quinta-feira";"16:20:00";"SP";381;82;"SAO PAULO";"Ausência de reação do condutor";"Colisão com objeto";"Com Vítimas Feridas";"Anoitecer";"Decrescente";"Céu Claro";"Dupla";"Reta";"Sim";1;0;0;1;0;0;1;1;-23,42399;-46,575112;"SPRF-SP";"DEL03-SP";"UOP01-DEL03-SP"
522428;2023-05-11;"quinta-feira";"11:25:00";"PR";369;187;"ARAPONGAS";"Acessar a via sem observar a presença dos outros veículos";"Colisão transversal";"Com Vítimas Feridas";"Pleno dia";"Crescente";"Céu Claro";"Simples";"Interseção de Vias";"Sim";2;0;1;0;0;1;1;2;-23,421551;-51,424502;"SPRF-PR";"DEL07-PR";"UOP03-DEL07-PR"
522429;2023-05-11;"quinta-feira";"19:35:00";"RO";364;347;"JI-PARANA";"Acessar a via sem observar a presença dos outros veículos";"Atropelamento de Pedestre";"Com Vítimas Feridas";"Plena Noite";"Crescente";"Céu Claro";"Simples";"Reta";"Sim";3;0;1;0;1;1;1;2;-10,86070186;-61,9761549;"SPRF-RO";"DEL02-RO";"UOP01-DEL02-RO"
522430;2023-05-11;"quinta-feira";"19:00:00";"BA";116;408;"FEIRA DE SANTANA";"Condutor deixou de manter distância do veículo da frente";"Colisão traseira";"Com Vítimas Feridas";"Plena Noite";"Crescente";"Céu Claro";"Dupla";"Reta;Declive";"Não";1;0;0;1;0;0;1;1;-12,10658;-38,96884;"SPRF-BA";"DEL02-BA";"UOP01-DEL02-BA"
522431;2023-05-11;"quinta-feira";"20:00:00";"MG";251;435,6;"GRAO MOGOL";"Demais falhas mecânicas ou elétricas";"Incêndio";"Com Vítimas Feridas";"Plena Noite";"Decrescente";"Céu Claro";"Simples";"Reta";"Não";2;0;1;0;1;0;1;1;-16,38619845;-43,18897144;"SPRF-MG";"DEL12-MG";"UOP02-DEL12-MG"
522432;2023-05-11;"quinta-feira";"19:30:00";"RS";116;256;"ESTEIO";"Acessar a via sem observar a presença dos outros veículos";"Colisão transversal";"Com Vítimas Feridas";"Plena Noite";"Crescente";"Céu Claro";"Dupla";"Reta";"Não";2;0;1;0;1;0;1;2;-29,84393699;-51,17728603;"SPRF-RS";"DEL01-RS";"UOP02-DEL01-RS"
522434;2023-05-11;"quinta-feira";"18:45:00";"RS";471;586,7;"SANTA VITORIA DO PALMAR";"Animais na Pista";"Atropelamento de Animal";"Com Vítimas Feridas";"Anoitecer";"Crescente";"Céu Claro";"Simples";"Reta";"Não";1;0;1;0;0;0;1;1;-33,093777;-52,909313;"SPRF-RS";"DEL07-RS";"UOP04-DEL07-RS"
522435;2023-05-11;"quinta-feira";"19:30:00";"RS";471;155;"RIO PARDO";"Ingestão de álcool pelo condutor";"Saída de leito carroçável";"Sem Vítimas";"Plena Noite";"Decrescente";"Céu Claro";"Simples";"Reta";"Não";1;0;0;0;1;0;0;1;-29,820987;-52,40186691;"SPRF-RS";"DEL02-RS";"UOP03-DEL02-RS"
522436;2023-05-11;"quinta-feira";"19:15:00";"MG";262;72,5;"MATIPO";"Demais falhas mecânicas ou elétricas";"Incêndio";"Sem Vítimas";"Plena Noite";"Decrescente";"Nublado";"Simples";"Reta";"Não";1;0;0;0;1;0;0;1;-20,31052475;-42,31517791;"SPRF-MG";"DEL06-MG";"UOP03-DEL06-MG"
522437;2023-05-11;"quinta-feira";"19:45:00";"RS";158;567;"SANTANA DO LIVRAMENTO";"Acessar a via sem observar a presença dos outros veículos";"Colisão transversal";"Com Vítimas Feridas";"Plena Noite";"Crescente";"Céu Claro";"Simples";"Aclive;Reta;Interseção de Vias";"Sim";4;0;1;0;3;0;1;2;-30,88467695;-55,50805985;"SPRF-RS";"DEL11-RS";"UOP01-DEL11-RS"
522438;2023-05-11;"quinta-feira";"21:10:00";"CE";20;359;"MARANGUAPE";"Demais falhas na via";"Saída de leito carroçável";"Com Vítimas Feridas";"Plena Noite";"Decrescente";"Céu Claro";"Simples";"Declive";"Não";2;0;2;0;0;0;2;1;-4,03251152;-38,99268756;"SPRF-CE";"DEL02-CE";"UOP01-DEL02-CE"
522439;2023-05-11;"quinta-feira";"21:50:00";"ES";101;146;"LINHARES";"Animais na Pista";"Atropelamento de Animal";"Com Vítimas Feridas";"Plena Noite";"Crescente";"Céu Claro";"Múltipla";"Reta";"Sim";2;0;0;1;0;1;1;2;-19,36990998;-40,06560718;"SPRF-ES";"DEL04-ES";"UOP01-DEL04-ES"
522441;2023-05-11;"quinta-feira";"16:10:00";"MG";116;429;"ALPERCATA";"Acessar a via sem observar a presença dos outros veículos";"Colisão transversal";"Com Vítimas Feridas";"Pleno dia";"Decrescente";"Céu Claro";"Simples";"Reta;Interseção de Vias";"Não";2;0;1;0;1;0;1;2;-18,99257383;-41,98228133;"SPRF-MG";"DEL06-MG";"UOP01-DEL06-MG"
522442;2023-04-05;"quarta-feira";"09:30:00";"SP";116;82,9;"ROSEIRA";"Pedestre cruzava a pista fora da faixa";"Atropelamento de Pedestre";"Com Vítimas Feridas";"Pleno dia";"Decrescente";"Sol";"Dupla";"Reta";"Não";2;0;0;1;1;0;1;2;-22,91346033;-45,32740983;"SPRF-SP";"DEL08-SP";"UOP01-DEL08-SP"
522444;2023-05-07;"domingo";"02:00:00";"RS";392;301;"SAO SEPE";"Ingestão de álcool pelo condutor";"Saída de leito carroçável";"Sem Vítimas";"Plena Noite";"Crescente";"Chuva";"Simples";"Reta";"Não";1;0;0;0;1;0;0;1;-30,13484114;-53,60626219;"SPRF-RS";"DEL09-RS";"UOP01-DEL09-RS"
522446;2023-05-11;"quinta-feira";"22:38:00";"SC";101;195;"BIGUACU";"Transitar na contramão";"Colisão transversal";"Com Vítimas Feridas";"Plena Noite";"Crescente";"Céu Claro";"Dupla";"Reta;Interseção de Vias";"Sim";2;0;0;1;1;0;1;2;-27,5047092;-48,65010819;"SPRF-SC";"DEL01-SC";"UOP01-DEL01-SC"
522447;2023-05-11;"quinta-feira";"22:09:00";"ES";101;255;"SERRA";"Entrada inopinada do pedestre";"Atropelamento de Pedestre";"Com Vítimas Feridas";"Plena Noite";"Decrescente";"Céu Claro";"Simples";"Reta";"Não";2;0;0;1;1;0;1;2;-20,11487935;-40,31943619;"SPRF-ES";"DEL02-ES";"UOP01-DEL02-ES"
522448;2023-05-11;"quinta-feira";"19:20:00";"PR";153;333;"IRATI";"Ultrapassagem Indevida";"Colisão transversal";"Com Vítimas Feridas";"Plena Noite";"Decrescente";"Céu Claro";"Simples";"Reta;Declive";"Sim";3;0;1;0;2;0;1;2;-25,47271703;-50,63775197;"SPRF-PR";"DEL08-PR";"UOP02-DEL08-PR"
522449;2023-05-11;"quinta-feira";"23:00:00";"RS";386;350;"ESTRELA";"Acumulo de óleo sobre o pavimento";"Tombamento";"Com Vítimas Feridas";"Plena Noite";"Decrescente";"Céu Claro";"Simples";"Reta";"Não";1;0;1;0;0;0;1;1;-29,4743;-51,952923;"SPRF-RS";"DEL04-RS";"UOP02-DEL04-RS"
522450;2023-05-11;"quinta-feira";"20:00:00";"GO";40;96;"CRISTALINA";"Pedestre andava na pista";"Atropelamento de Pedestre";"Com Vítimas Fatais";"Plena Noite";"Crescente";"Céu Claro";"Simples";"Reta;Viaduto";"Sim";2;1;0;0;1;0;0;2;-16,75768;-47,601613;"SPRF-DF";"DEL01-DF";"UOP02-DEL01-DF"
522452;2023-05-11;"quinta-feira";"18:45:00";"ES";393;26,5;"MUQUI";"Reação tardia ou ineficiente do condutor";"Colisão traseira";"Com Vítimas Feridas";"Plena Noite";"Crescente";"Céu Claro";"Simples";"Reta";"Não";2;0;0;1;1;0;1;2;-20,94743652;-41,33924325;"SPRF-ES";"DEL03-ES";"UOP02-DEL03-ES"
522453;2023-05-11;"quinta-feira";"20:15:00";"PA";10;150;"PARAGOMINAS";"Acumulo de areia ou detritos sobre o pavimento";"Colisão com objeto";"Com Vítimas Feridas";"Plena Noite";"Decrescente";"Céu Claro";"Simples";"Declive";"Não";4;0;2;2;0;0;4;1;-3,11584799;-47,48585103;"SPRF-PA";"DEL02-PA";"UOP01-DEL02-PA"
522454;2023-05-12;"sexta-feira";"00:30:00";"GO";60;380;"RIO VERDE";"Ingestão de álcool pelo condutor";"Colisão traseira";"Com Vítimas Feridas";"Plena Noite";"Decrescente";"Céu Claro";"Dupla";"Retorno Regulamentado;Curva;Declive";"Não";2;0;1;1;0;0;2;2;-17,771542;-50,885196;"SPRF-GO";"DEL04-GO";"UOP02-DEL04-GO"
522456;2023-05-12;"sexta-feira";"01:00:00";"RJ";116;136;"MAGE";"Velocidade Incompatível";"Saída de leito carroçável";"Sem Vítimas";"Plena Noite";"Crescente";"Céu Claro";"Dupla";"Rotatória";"Sim";1;0;0;0;1;0;0;1;-22,64988985;-43,17250297;"SPRF-RJ";"DEL01-RJ";"UOP01-DEL01-RJ"
522458;2023-05-11;"quinta-feira";"21:23:00";"RJ";40;120;"DUQUE DE CAXIAS";"Manobra de mudança de faixa";"Colisão traseira";"Com Vítimas Feridas";"Plena Noite";"Decrescente";"Nublado";"Múltipla";"Reta";"Sim";5;0;1;1;3;0;2;2;-22,77280597;-43,28626763;"SPRF-RJ";"DEL01-RJ";"UOP01-DEL01-RJ"
522459;2023-05-12;"sexta-feira";"01:15:00";"RS";470;195;"BENTO GONCALVES";"Reação tardia ou ineficiente do condutor";"Saída de leito carroçável";"Sem Vítimas";"Plena Noite";"Decrescente";"Garoa/Chuvisco";"Simples";"Reta;Declive";"Não";1;0;0;0;0;1;0;1;-29,0566824;-51,58917904;"SPRF-RS";"DEL06-RS";"UOP02-DEL06-RS"
522460;2023-05-12;"sexta-feira";"02:50:00";"MG";146;485,2;"POCOS DE CALDAS";"Condutor Dormindo";"Saída de leito carroçável";"Com Vítimas Feridas";"Plena Noite";"Crescente";"Céu Claro";"Simples";"Aclive;Curva";"Não";5;0;5;0;0;0;5;1;-21,786442;-46,437337;"SPRF-MG";"DEL09-MG";"UOP01-DEL09-MG"
522461;2023-05-12;"sexta-feira";"02:00:00";"ES";262;127;"CONCEICAO DO CASTELO";"Sinalização encoberta";"Saída de leito carroçável";"Com Vítimas Feridas";"Plena Noite";"Decrescente";"Garoa/Chuvisco";"Simples";"Reta";"Não";2;0;2;0;0;0;2;1;-20,26652925;-41,2723576;"SPRF-ES";"DEL01-ES";"UOP02-DEL01-ES"
522462;2023-05-12;"sexta-feira";"04:00:00";"GO";153;357;"JARAGUA";"Ingestão de álcool pelo condutor";"Saída de leito carroçável";"Sem Vítimas";"Plena Noite";"Crescente";"Céu Claro";"Simples";"Reta";"Sim";1;0;0;0;1;0;0;1;-15,74122044;-49,32067763;"SPRF-GO";"DEL02-GO";"UOP02-DEL02-GO"
522463;2023-05-12;"sexta-feira";"05:31:00";"RS";116;264;"CANOAS";"Velocidade Incompatível";"Saída de leito carroçável";"Sem Vítimas";"Amanhecer";"Crescente";"Céu Claro";"Simples";"Reta";"Não";1;0;0;0;1;0;0;1;-29,914435;-51,17754495;"SPRF-RS";"DEL01-RS";"UOP01-DEL01-RS"
522465;2023-05-12;"sexta-feira";"05:20:00";"MA";135;7;"SAO LUIS";"Acessar a via sem observar a presença dos outros veículos";"Queda de ocupante de veículo";"Sem Vítimas";"Pleno dia";"Crescente";"Céu Claro";"Dupla";"Reta";"Sim";2;0;0;0;0;2;0;1;-2,63608835;-44,26848552;"SPRF-MA";"DEL01-MA";"UOP01-DEL01-MA"
522467;2023-05-12;"sexta-feira";"06:05:00";"RJ";101;322;"NITEROI";"Reação tardia ou ineficiente do condutor";"Colisão lateral mesmo sentido";"Com Vítimas Feridas";"Pleno dia";"Decrescente";"Nublado";"Simples";"Reta";"Sim";2;0;1;0;1;0;1;2;-22,878923;-43,110676;"SPRF-RJ";"DEL02-RJ";"UOP01-DEL02-RJ"
522468;2023-05-11;"quinta-feira";"20:45:00";"MG";365;856;"SANTA VITORIA";"Ausência de reação do condutor";"Colisão traseira";"Sem Vítimas";"Plena Noite";"Crescente";"Céu Claro";"Simples";"Reta";"Não";2;0;0;0;2;0;0;2;-19,0305979;-50,37297203;"SPRF-MG";"DEL15-MG";"UOP03-DEL15-MG"
522470;2023-05-12;"sexta-feira";"05:40:00";"ES";101;100;"JAGUARE";"Ausência de reação do condutor";"Colisão lateral mesmo sentido";"Com Vítimas Feridas";"Amanhecer";"Decrescente";"Nublado";"Simples";"Reta";"Não";2;0;1;0;0;1;1;2;-18,98011199;-39,99543202;"SPRF-ES";"DEL04-ES";"UOP02-DEL04-ES"
522471;2023-05-12;"sexta-feira";"05:45:00";"DF";70;1;"BRASILIA";"Manobra de mudança de faixa";"Colisão lateral mesmo sentido";"Com Vítimas Feridas";"Amanhecer";"Decrescente";"Céu Claro";"Dupla";"Reta;Aclive";"Sim";2;0;1;0;1;0;1;2;-15,79801421;-48,07224512;"SPRF-DF";"DEL03-DF";"UOP02-DEL03-DF"
522472;2023-05-12;"sexta-feira";"06:00:00";"PR";116;116;"CURITIBA";"Ingestão de álcool pelo condutor";"Colisão com objeto";"Sem Vítimas";"Amanhecer";"Crescente";"Nublado";"Dupla";"Reta";"Não";1;0;0;0;0;1;0;1;-25,56000699;-49,30748284;"SPRF-PR";"DEL01-PR";"UOP03-DEL01-PR"
522474;2023-05-12;"sexta-feira";"06:50:00";"BA";324;616;"SALVADOR";"Ausência de reação do condutor";"Colisão traseira";"Com Vítimas Feridas";"Pleno dia";"Decrescente";"Céu Claro";"Dupla";"Reta";"Sim";2;0;2;0;0;0;2;1;-12,87957905;-38,43213893;"SPRF-BA";"DEL01-BA";"UOP01-DEL01-BA"
522477;2023-05-12;"sexta-feira";"06:20:00";"MA";135;3,8;"SAO LUIS";"Reação tardia ou ineficiente do condutor";"Colisão traseira";"Com Vítimas Feridas";"Amanhecer";"Crescente";"Céu Claro";"Dupla";"Reta";"Sim";2;0;1;0;1;0;1;2;-2,606802;-44,247512;"SPRF-MA";"DEL01-MA";"UOP01-DEL01-MA"
522478;2023-05-12;"sexta-feira";"07:10:00";"SC";282;535,4;"CHAPECO";"Demais Fenômenos da natureza";"Colisão com objeto";"Sem Vítimas";"Pleno dia";"Decrescente";"Céu Claro";"Simples";"Reta";"Não";2;0;0;0;2;0;0;1;-27,00050076;-52,64883751;"SPRF-SC";"DEL07-SC";"UOP01-DEL07-SC"
522479;2023-05-12;"sexta-feira";"06:45:00";"ES";101;282,5;"CARIACICA";"Demais falhas mecânicas ou elétricas";"Tombamento";"Com Vítimas Feridas";"Pleno dia";"Decrescente";"Chuva";"Dupla";"Reta";"Sim";2;0;2;0;0;0;2;1;-20,229825;-40,36681652;"SPRF-ES";"DEL01-ES";"UOP01-DEL01-ES"
522481;2023-05-12;"sexta-feira";"02:45:00";"RS";285;63,3;"BOM JESUS";"Demais falhas mecânicas ou elétricas";"Incêndio";"Sem Vítimas";"Plena Noite";"Decrescente";"Céu Claro";"Simples";"Curva";"Não";1;0;0;0;1;0;0;1;-28,651449;-50,44532;"SPRF-RS";"DEL05-RS";"UOP03-DEL05-RS"
522482;2023-05-12;"sexta-feira";"00:45:00";"MG";381;482;"BETIM";"Ausência de reação do condutor";"Queda de ocupante de veículo";"Com Vítimas Feridas";"Plena Noite";"Crescente";"Céu Claro";"Dupla";"Reta";"Não";1;0;1;0;0;0;1;1;-19,955532;-44,097209;"SPRF-MG";"DEL01-MG";"UOP03-DEL01-MG"