"id";"data_inversa";"dia_semana";"horario";"uf";"br";"km";"municipio";"causa_acidente";"tipo_acidente";"classificacao_acidente";"fase_dia";"sentido_via";"condicao_metereologica";"tipo_pista";"tracado_via";"uso_solo";"pessoas";"mortos";"feridos_leves";"feridos_graves";"ilesos";"ignorados";"feridos";"veiculos";"latitude";"longitude";"regional";"delegacia";"uop"
522598;2023-05-12;"sexta-feira";"16:20:00";"PR";369;146;"LONDRINA";"Condutor deixou de manter distância do veículo da frente";"Atropelamento de Pedestre";"Com Vítimas Feridas";"Pleno dia";"Decrescente";"Céu Claro";"Dupla";"Reta";"Sim";2;0;0;1;0;1;1;2;-23,29433325;-51,09397888;"SPRF-PR";"DEL07-PR";"UOP01-DEL07-PR"
522599;2023-05-12;"sexta-feira";"17:30:00";"CE";116;3;"FORTALEZA";"Trafegar com motocicleta (ou similar) entre as faixas";"Colisão lateral mesmo sentido";"Com Vítimas Feridas";"Anoitecer";"Decrescente";"Céu Claro";"Múltipla";"Viaduto";"Sim";2;0;1;0;1;0;1;2;-3,77866493;-38,51490171;"SPRF-CE";"DEL01-CE";"UOP02-DEL01-CE"
522600;2023-05-12;"sexta-feira";"17:15:00";"PR";116;122;"CURITIBA";"Reação tardia ou ineficiente do condutor";"Colisão traseira";"Com Vítimas Feridas";"Anoitecer";"Crescente";"Céu Claro";"Dupla";"Reta";"Não";4;0;1;0;3;0;1;2;-25,56857207;-49,31023179;"SPRF-PR";"DEL01-PR";"UOP03-DEL01-PR"
522602;2023-05-12;"sexta-feira";"17:00:00";"PB";104;143,7;"QUEIMADAS";"Acessar a via sem observar a presença dos outros veículos";"Colisão transversal";"Com Vítimas Feridas";"Plena Noite";"Crescente";"Céu Claro";"Simples";"Reta";"Não";2;0;1;0;1;0;1;2;-7,40477903;-35,89667929;"SPRF-PB";"DEL02-PB";"UOP03-DEL02-PB"
522603;2023-05-12;"sexta-feira";"18:15:00";"RJ";101;67;"CAMPOS DOS GOYTACAZES";"Ultrapassagem Indevida";"Atropelamento de Pedestre";"Com Vítimas Feridas";"Plena Noite";"Crescente";"Céu Claro";"Simples";"Reta";"Sim";2;0;1;0;0;1;1;2;-21,76751094;-41,34876249;"SPRF-RJ";"DEL08-RJ";"UOP02-DEL08-RJ"
522604;2023-05-12;"sexta-feira";"17:28:00";"PI";316;5;"TERESINA";"Reação tardia ou ineficiente do condutor";"Colisão traseira";"Com Vítimas Feridas";"Pleno dia";"Crescente";"Céu Claro";"Múltipla";"Reta";"Sim";2;0;0;1;0;1;1;2;-5,14169858;-42,78157276;"SPRF-PI";"DEL01-PI";"UOP02-DEL01-PI"
522605;2023-05-12;"sexta-feira";"17:50:00";"SC";101;209;"SAO JOSE";"Demais falhas mecânicas ou elétricas";"Incêndio";"Sem Vítimas";"Plena Noite";"Crescente";"Céu Claro";"Múltipla";"Reta";"Sim";1;0;0;0;1;0;0;1;-27,61000542;-48,63895057;"SPRF-SC";"DEL01-SC";"UOP01-DEL01-SC"
522606;2023-05-12;"sexta-feira";"16:52:00";"MT";163;590;"NOVA MUTUM";"Condutor deixou de manter distância do veículo da frente";"Colisão traseira";"Com Vítimas Feridas";"Pleno dia";"Crescente";"Céu Claro";"Simples";"Reta";"Não";2;0;1;0;1;0;1;2;-13,996329;-56,09697208;"SPRF-MT";"DEL01-MT";"UOP01-DEL01-MT"
522607;2023-05-12;"sexta-feira";"17:50:00";"PB";230;72,5;"SOBRADO";"Acesso irregular";"Colisão transversal";"Com Vítimas Feridas";"Plena Noite";"Crescente";"Céu Claro";"Dupla";"Reta";"Não";4;0;1;2;1;0;3;3;-7,1907;-35,2418;"SPRF-PB";"DEL01-PB";"UOP03-DEL01-PB"
522608;2023-05-12;"sexta-feira";"18:25:00";"PR";369;150,5;"LONDRINA";"Reação tardia ou ineficiente do condutor";"Engavetamento";"Com Vítimas Feridas";"Plena Noite";"Decrescente";"Céu Claro";"Dupla";"Reta";"Sim";3;0;1;0;2;0;1;3;-23,292835;-51,165515;"SPRF-PR";"DEL07-PR";"UOP01-DEL07-PR"
522610;2023-05-12;"sexta-feira";"18:00:00";"MG";40;546;"NOVA LIMA";"Trafegar com motocicleta (ou similar) entre as faixas";"Colisão lateral mesmo sentido";"Com Vítimas Feridas";"Plena Noite";"Decrescente";"Céu Claro";"Dupla";"Curva;Declive";"Não";4;0;1;0;3;0;1;2;-20,03972326;-43,96703232;"SPRF-MG";"DEL01-MG";"UOP02-DEL01-MG"
522612;2023-05-12;"sexta-feira";"14:12:00";"MG";381;588,8;"CARMOPOLIS DE MINAS";"Ausência de reação do condutor";"Colisão transversal";"Com Vítimas Feridas";"Pleno dia";"Decrescente";"Céu Claro";"Simples";"Interseção de Vias";"Sim";4;0;3;1;0;0;4;2;-20,55378184;-44,66117041;"SPRF-MG";"DEL04-MG";"UOP01-DEL04-MG"
522613;2023-05-12;"sexta-feira";"18:55:00";"SC";101;89,8;"BARRA VELHA";"Reação tardia ou ineficiente do condutor";"Queda de ocupante de veículo";"Com Vítimas Feridas";"Plena Noite";"Decrescente";"Céu Claro";"Dupla";"Reta";"Sim";1;0;0;1;0;0;1;1;-26,65175997;-48,68721921;"SPRF-SC";"DEL03-SC";"UOP02-DEL03-SC"
522614;2023-05-12;"sexta-feira";"17:10:00";"MS";267;217;"NOVA ALVORADA DO SUL";"Animais na Pista";"Atropelamento de Animal";"Com Vítimas Feridas";"Anoitecer";"Crescente";"Céu Claro";"Dupla";"Reta";"Não";4;0;1;0;3;0;1;1;-21,58175706;-54,10938507;"SPRF-MS";"DEL02-MS";"UOP01-DEL02-MS"
522617;2023-05-12;"sexta-feira";"17:50:00";"MG";116;701,2;"MURIAE";"Manobra de mudança de faixa";"Colisão lateral mesmo sentido";"Com Vítimas Feridas";"Plena Noite";"Decrescente";"Céu Claro";"Simples";"Interseção de Vias";"Sim";2;0;1;0;1;0;1;2;-21,11553956;-42,37959981;"SPRF-MG";"DEL07-MG";"UOP02-DEL07-MG"
522618;2023-05-12;"sexta-feira";"19:20:00";"RJ";101;322;"NITEROI";"Condutor deixou de manter distância do veículo da frente";"Colisão traseira";"Com Vítimas Feridas";"Plena Noite";"Decrescente";"Céu Claro";"Dupla";"Reta";"Sim";4;0;1;0;3;0;1;4;-22,878923;-43,110676;"SPRF-RJ";"DEL02-RJ";"UOP01-DEL02-RJ"
522619;2023-05-12;"sexta-feira";"19:37:00";"DF";40;0,7;"BRASILIA";"Transitar na calçada";"Atropelamento de Pedestre";"Com Vítimas Feridas";"Plena Noite";"Crescente";"Céu Claro";"Dupla";"Reta";"Sim";2;0;1;0;1;0;1;2;-15,98253604;-47,98866749;"SPRF-DF";"DEL01-DF";"UOP01-DEL01-DF"
522621;2023-05-12;"sexta-feira";"18:40:00";"RJ";40;59;"PETROPOLIS";"Velocidade Incompatível";"Colisão com objeto";"Com Vítimas Feridas";"Plena Noite";"Crescente";"Céu Claro";"Dupla";"Curva";"Não";3;0;1;0;1;1;1;3;-22,38628773;-43,13543464;"SPRF-RJ";"DEL05-RJ";"UOP02-DEL05-RJ"
522622;2023-05-12;"sexta-feira";"19:46:00";"SP";116;143,6;"SAO JOSE DOS CAMPOS";"Ausência de reação do condutor";"Engavetamento";"Sem Vítimas";"Plena Noite";"Decrescente";"Céu Claro";"Dupla";"Reta";"Sim";4;0;0;0;4;0;0;4;-23,17849879;-45,83787411;"SPRF-SP";"DEL02-SP";"UOP01-DEL02-SP"
522623;2023-05-12;"sexta-feira";"18:30:00";"PR";277;78;"SAO JOSE DOS PINHAIS";"Acessar a via sem observar a presença dos outros veículos";"Colisão lateral mesmo sentido";"Com Vítimas Feridas";"Plena Noite";"Decrescente";"Céu Claro";"Dupla";"Interseção de Vias;Curva";"Sim";2;0;1;0;1;0;1;2;-25,478323;-49,202726;"SPRF-PR";"DEL01-PR";"UOP01-DEL01-PR"
522624;2023-05-12;"sexta-feira";"18:10:00";"PE";232;5;"RECIFE";"Acessar a via sem observar a presença dos outros veículos";"Colisão lateral mesmo sentido";"Com Vítimas Feridas";"Plena Noite";"Crescente";"Céu Claro";"Dupla";"Curva";"Sim";1;0;1;0;0;0;1;1;-8,06795766;-34,94535414;"SPRF-PE";"DEL01-PE";"UOP01-DEL01-PE"
522625;2023-05-12;"sexta-feira";"19:45:00";"RJ";116;181;"NOVA IGUACU";"Manobra de mudança de faixa";"Colisão lateral mesmo sentido";"Com Vítimas Feridas";"Plena Noite";"Crescente";"Céu Claro";"Múltipla";"Reta";"Não";2;0;1;0;1;0;1;2;-22,761312;-43,423492;"SPRF-RJ";"DEL01-RJ";"UOP02-DEL01-RJ"
522627;2023-05-12;"sexta-feira";"19:50:00";"RJ";101;269;"RIO BONITO";"Ausência de reação do condutor";"Colisão traseira";"Com Vítimas Feridas";"Anoitecer";"Decrescente";"Céu Claro";"Dupla";"Reta";"Sim";3;0;0;1;2;0;1;3;-22,71495082;-42,67804708;"SPRF-RJ";"DEL02-RJ";"UOP03-DEL02-RJ"
522628;2023-05-12;"sexta-feira";"18:20:00";"PE";116;61;"CABROBO";"Animais na Pista";"Atropelamento de Animal";"Com Vítimas Feridas";"Plena Noite";"Decrescente";"Céu Claro";"Simples";"Reta";"Não";2;0;1;0;1;0;1;1;-8,369183;-39,149014;"SPRF-PE";"DEL05-PE";"UOP03-DEL05-PE"
522629;2023-05-12;"sexta-feira";"19:26:00";"GO";153;504;"GOIANIA";"Velocidade Incompatível";"Colisão traseira";"Com Vítimas Feridas";"Plena Noite";"Crescente";"Céu Claro";"Dupla";"Reta";"Sim";3;0;1;0;2;0;1;2;-16,7451;-49,2408;"SPRF-GO";"DEL01-GO";"UOP01-DEL01-GO"
522630;2023-05-12;"sexta-feira";"17:35:00";"RJ";116;182;"NOVA IGUACU";"Trafegar com motocicleta (ou similar) entre as faixas";"Colisão lateral mesmo sentido";"Com Vítimas Feridas";"Anoitecer";"Decrescente";"Nublado";"Múltipla";"Reta";"Sim";3;0;1;0;2;0;1;2;-22,7567755;-43,43107234;"SPRF-RJ";"DEL01-RJ";"UOP02-DEL01-RJ"
522631;2023-05-12;"sexta-feira";"18:24:00";"AL";316;79;"POCO DAS TRINCHEIRAS";"Iluminação deficiente";"Atropelamento de Pedestre";"Com Vítimas Feridas";"Plena Noite";"Decrescente";"Nublado";"Simples";"Reta";"Sim";2;0;1;0;1;0;1;2;-9,34022598;-37,28513299;"SPRF-AL";"DEL03-AL";"UOP02-DEL03-AL"
522633;2023-05-12;"sexta-feira";"15:45:00";"RJ";101;217;"SILVA JARDIM";"Ausência de reação do condutor";"Queda de ocupante de veículo";"Com Vítimas Feridas";"Pleno dia";"Decrescente";"Céu Claro";"Simples";"Curva";"Não";2;0;1;0;1;0;1;2;-22,50628299;-42,29361892;"SPRF-RJ";"DEL02-RJ";"UOP03-DEL02-RJ"
522634;2023-05-12;"sexta-feira";"18:15:00";"SC";153;65,1;"IRANI";"Acesso irregular";"Colisão transversal";"Com Vítimas Feridas";"Anoitecer";"Decrescente";"Céu Claro";"Simples";"Reta";"Sim";2;0;0;1;1;0;1;2;-27,011721;-51,876862;"SPRF-SC";"DEL07-SC";"UOP04-DEL07-SC"
522638;2023-05-12;"sexta-feira";"19:30:00";"GO";70;42;"COCALZINHO DE GOIAS";"Ausência de reação do condutor";"Colisão com objeto";"Com Vítimas Feridas";"Plena Noite";"Crescente";"Céu Claro";"Dupla";"Retorno Regulamentado;Reta";"Sim";1;0;1;0;0;0;1;1;-15,77843976;-48,52914333;"SPRF-DF";"DEL03-DF";"UOP02-DEL03-DF"
522639;2023-05-12;"sexta-feira";"21:08:00";"GO";40;3;"VALPARAISO DE GOIAS";"Ingestão de álcool pelo condutor";"Queda de ocupante de veículo";"Com Vítimas Feridas";"Pleno dia";"Crescente";"Céu Claro";"Dupla";"Reta";"Não";1;0;0;1;0;0;1;1;-16,076081;-47,985671;"SPRF-DF";"DEL01-DF";"UOP01-DEL01-DF"
522640;2023-05-12;"sexta-feira";"19:50:00";"SC";470;51,6;"BLUMENAU";"Transitar na contramão";"Colisão frontal";"Com Vítimas Feridas";"Plena Noite";"Decrescente";"Céu Claro";"Simples";"Reta";"Sim";3;0;1;0;2;0;1;2;-26,862339;-49,084038;"SPRF-SC";"DEL04-SC";"UOP01-DEL04-SC"
522641;2023-05-12;"sexta-feira";"20:11:00";"DF";40;0;"BRASILIA";"Condutor deixou de manter distância do veículo da frente";"Colisão traseira";"Com Vítimas Feridas";"Plena Noite";"Crescente";"Céu Claro";"Dupla";"Reta";"Sim";3;0;2;0;1;0;2;2;-15,976897;-47,990129;"SPRF-DF";"DEL01-DF";"UOP01-DEL01-DF"
522642;2023-05-12;"sexta-feira";"19:45:00";"SC";470;6;"NAVEGANTES";"Reação tardia ou ineficiente do condutor";"Tombamento";"Com Vítimas Feridas";"Plena Noite";"Decrescente";"Nublado";"Dupla";"Curva";"Sim";1;0;1;0;0;0;1;1;-26,852238;-48,709545;"SPRF-SC";"DEL04-SC";"UOP04-DEL04-SC"
522643;2023-05-12;"sexta-feira";"19:40:00";"RS";392;5,1;"RIO GRANDE";"Condutor deixou de manter distância do veículo da frente";"Colisão traseira";"Com Vítimas Feridas";"Plena Noite";"Decrescente";"Céu Claro";"Simples";"Reta";"Não";2;0;1;0;1;0;1;2;-32,07687877;-52,10166627;"SPRF-RS";"DEL07-RS";"UOP02-DEL07-RS"
522644;2023-04-29;"sábado";"11:20:00";"PR";277;54;"SAO JOSE DOS PINHAIS";"Acumulo de água sobre o pavimento";"Engavetamento";"Com Vítimas Feridas";"Pleno dia";"Decrescente";"Chuva";"Dupla";"Curva";"Não";8;0;1;0;7;0;1;3;-25,58964707;-48,93537801;"SPRF-PR";"DEL01-PR";"UOP01-DEL01-PR"
522646;2023-05-12;"sexta-feira";"18:35:00";"SC";282;514,5;"XAXIM";"Demais falhas mecânicas ou elétricas";"Queda de ocupante de veículo";"Com Vítimas Feridas";"Plena Noite";"Crescente";"Céu Claro";"Simples";"Reta";"Não";1;0;1;0;0;0;1;1;-26,916084;-52,49052;"SPRF-SC";"DEL07-SC";"UOP01-DEL07-SC"
522648;2023-05-12;"sexta-feira";"19:40:00";"SC";470;85,9;"RODEIO";"Acessar a via sem observar a presença dos outros veículos";"Colisão lateral mesmo sentido";"Com Vítimas Feridas";"Plena Noite";"Decrescente";"Céu Claro";"Simples";"Reta";"Não";3;0;2;0;1;0;2;2;-26,956114;-49,350414;"SPRF-SC";"DEL04-SC";"UOP01-DEL04-SC"
522651;2023-05-12;"sexta-feira";"17:30:00";"RO";364;343;"JI-PARANA";"Reação tardia ou ineficiente do condutor";"Atropelamento de Pedestre";"Com Vítimas Feridas";"Pleno dia";"Crescente";"Sol";"Dupla";"Reta";"Sim";2;0;1;0;1;0;1;2;-10,87878519;-61,94499012;"SPRF-RO";"DEL02-RO";"UOP01-DEL02-RO"
522654;2023-05-12;"sexta-feira";"20:00:00";"SC";282;249;"SAO JOSE DO CERRITO";"Demais falhas mecânicas ou elétricas";"Incêndio";"Sem Vítimas";"Plena Noite";"Crescente";"Nublado";"Simples";"Curva";"Não";1;0;0;0;1;0;0;1;-27,705629;-50,539478;"SPRF-SC";"DEL05-SC";"UOP02-DEL05-SC"
522655;2023-05-12;"sexta-feira";"22:36:00";"RJ";101;299,5;"SAO GONCALO";"Ausência de reação do condutor";"Colisão lateral mesmo sentido";"Com Vítimas Feridas";"Plena Noite";"Crescente";"Céu Claro";"Múltipla";"Reta";"Não";4;0;1;0;3;0;1;2;-22,77432673;-42,93823207;"SPRF-RJ";"DEL02-RJ";"UOP02-DEL02-RJ"
522656;2023-05-12;"sexta-feira";"21:08:00";"RJ";101;295;"ITABORAI";"Demais falhas mecânicas ou elétricas";"Capotamento";"Com Vítimas Feridas";"Plena Noite";"Decrescente";"Céu Claro";"Dupla";"Reta";"Sim";2;0;1;0;1;0;1;2;-22,76365068;-42,90223623;"SPRF-RJ";"DEL02-RJ";"UOP02-DEL02-RJ"
522657;2023-05-12;"sexta-feira";"23:00:00";"RS";386;35,2;"FREDERICO WESTPHALEN";"Manobra de mudança de faixa";"Colisão lateral mesmo sentido";"Com Vítimas Feridas";"Plena Noite";"Decrescente";"Céu Claro";"Simples";"Reta";"Não";3;0;2;0;1;0;2;2;-27,365112;-53,394897;"SPRF-RS";"DEL08-RS";"UOP02-DEL08-RS"
522658;2023-05-12;"sexta-feira";"23:15:00";"MG";116;570,3;"MANHUACU";"Ingestão de álcool ou de substâncias psicoativas pelo pedestre";"Colisão frontal";"Com Vítimas Feridas";"Pleno dia";"Crescente";"Nublado";"Simples";"Reta";"Não";4;0;2;2;0;0;4;2;-20,13900489;-42,17990632;"SPRF-MG";"DEL06-MG";"UOP03-DEL06-MG"
522660;2023-05-12;"sexta-feira";"23:05:00";"RS";386;129,2;"SARANDI";"Ausência de reação do condutor";"Saída de leito carroçável";"Com Vítimas Feridas";"Plena Noite";"Crescente";"Céu Claro";"Simples";"Interseção de Vias";"Sim";1;0;1;0;0;0;1;1;-27,934816;-52,957222;"SPRF-RS";"DEL08-RS";"UOP01-DEL08-RS"
522661;2023-05-12;"sexta-feira";"23:20:00";"SC";280;46,8;"GUARAMIRIM";"Obras na pista";"Tombamento";"Com Vítimas Feridas";"Plena Noite";"Decrescente";"Nublado";"Simples";"Aclive;Reta";"Não";1;0;0;1;0;0;1;1;-26,45295055;-48,90788103;"SPRF-SC";"DEL03-SC";"UOP03-DEL03-SC"
522662;2023-05-13;"sábado";"00:05:00";"ES";101;258,2;"SERRA";"Reação tardia ou ineficiente do condutor";"Colisão com objeto";"Com Vítimas Feridas";"Plena Noite";"Crescente";"Céu Claro";"Dupla";"Curva";"Sim";1;0;1;0;0;0;1;1;-20,13059888;-40,2961019;"SPRF-ES";"DEL02-ES";"UOP01-DEL02-ES"
522663;2023-05-12;"sexta-feira";"19:00:00";"MT";70;697,3;"CACERES";"Demais falhas mecânicas ou elétricas";"Incêndio";"Sem Vítimas";"Plena Noite";"Crescente";"Céu Claro";"Dupla";"Reta";"Não";1;0;0;0;0;1;0;1;-16,21556185;-57,4183132;"SPRF-MT";"DEL03-MT";"UOP01-DEL03-MT"
522664;2023-05-12;"sexta-feira";"23:48:00";"RS";392;38,5;"RIO GRANDE";"Animais na Pista";"Atropelamento de Animal";"Com Vítimas Feridas";"Plena Noite";"Decrescente";"Céu Claro";"Dupla";"Reta";"Não";1;0;1;0;0;0;1;1;-31,98050196;-52,29603291;"SPRF-RS";"DEL07-RS";"UOP02-DEL07-RS"
522665;2023-05-12;"sexta-feira";"23:15:00";"AL";316;253;"PILAR";"Conversão proibida";"Colisão frontal";"Sem Vítimas";"Plena Noite";"Crescente";"Nublado";"Simples";"Reta";"Não";1;0;0;0;0;1;0;1;-9,578992129;-35,9616412089;"SPRF-AL";"DEL02-AL";"UOP01-DEL02-AL"
522666;2023-05-13;"sábado";"00:41:00";"SP";116;147,5;"SAO JOSE DOS CAMPOS";"Ausência de reação do condutor";"Saída de leito carroçável";"Com Vítimas Feridas";"Plena Noite";"Crescente";"Nublado";"Dupla";"Reta";"Não";2;0;0;2;0;0;2;2;-23,19542994;-45,87176303;"SPRF-SP";"DEL02-SP";"UOP01-DEL02-SP"
522667;2023-05-13;"sábado";"01:00:00";"RJ";116;148;"DUQUE DE CAXIAS";"Ingestão de álcool pelo condutor";"Colisão com objeto";"Com Vítimas Feridas";"Plena Noite";"Decrescente";"Garoa/Chuvisco";"Dupla";"Curva";"Sim";1;0;1;0;0;0;1;1;-22,6723488;-43,28215398;"SPRF-RJ";"DEL01-RJ";"UOP01-DEL01-RJ"
522671;2023-05-13;"sábado";"00:20:00";"GO";60;468,7;"JATAI";"Reação tardia ou ineficiente do condutor";"Saída de leito carroçável";"Com Vítimas Feridas";"Plena Noite";"Decrescente";"Céu Claro";"Dupla";"Reta";"Não";2;0;2;0;0;0;2;1;-17,90495626;-51,67858243;"SPRF-GO";"DEL05-GO";"UOP01-DEL05-GO"
522672;2023-05-13;"sábado";"01:28:00";"GO";364;27;"PARANAIGUARA";"Ingestão de substâncias psicoativas pelo condutor";"Saída de leito carroçável";"Com Vítimas Feridas";"Plena Noite";"Crescente";"Céu Claro";"Simples";"Reta";"Não";1;0;1;0;0;0;1;1;-18,903946;-50,704628;"SPRF-GO";"DEL05-GO";"UOP02-DEL05-GO"
522674;2023-05-13;"sábado";"02:30:00";"SP";116;218;"GUARULHOS";"Velocidade Incompatível";"Colisão traseira";"Com Vítimas Feridas";"Plena Noite";"Decrescente";"Garoa/Chuvisco";"Múltipla";"Reta";"Não";2;0;1;0;1;0;1;2;-23,457972;-46,479927;"SPRF-SP";"DEL01-SP";"UOP01-DEL01-SP"
522676;2023-05-13;"sábado";"01:50:00";"SP";116;101;"PINDAMONHANGABA";"Ausência de reação do condutor";"Saída de leito carroçável";"Com Vítimas Feridas";"Plena Noite";"Decrescente";"Céu Claro";"Múltipla";"Reta;Aclive";"Não";1;0;1;0;0;0;1;1;-22,99074204;-45,48115098;"SPRF-SP";"DEL08-SP";"UOP01-DEL08-SP"
522677;2023-05-13;"sábado";"01:40:00";"PR";277;99,7;"CURITIBA";"Pedestre andava na pista";"Atropelamento de Pedestre";"Com Vítimas Fatais";"Plena Noite";"Crescente";"Céu Claro";"Dupla";"Reta";"Não";2;1;0;0;1;0;0;2;-25,431919;-49,36589;"SPRF-PR";"DEL01-PR";"UOP06-DEL01-PR"
522678;2023-05-13;"sábado";"03:00:00";"PR";376;4,9;"MANDAGUARI";"Velocidade Incompatível";"Tombamento";"Com Vítimas Feridas";"Plena Noite";"Crescente";"Céu Claro";"Simples";"Curva";"Sim";1;0;0;1;0;0;1;1;-23,5247118;-51,6778324;"SPRF-PR";"DEL09-PR";"UOP01-DEL09-PR"
522679;2023-05-13;"sábado";"02:15:00";"GO";153;524,2;"HIDROLANDIA";"Problema na suspensão";"Queda de ocupante de veículo";"Com Vítimas Feridas";"Plena Noite";"Crescente";"Céu Claro";"Dupla";"Reta";"Não";2;0;2;0;0;0;2;1;-16,92;-49,2531;"SPRF-GO";"DEL01-GO";"UOP03-DEL01-GO"
522682;2023-05-13;"sábado";"02:50:00";"MS";60;55;"PARAISO DAS AGUAS";"Animais na Pista";"Saída de leito carroçável";"Com Vítimas Feridas";"Plena Noite";"Crescente";"Céu Claro";"Simples";"Reta";"Não";3;0;2;0;1;0;2;1;-18,98792534;-52,96294093;"SPRF-MS";"DEL08-MS";"UOP01-DEL08-MS"
522684;2023-05-13;"sábado";"04:24:00";"GO";50;107,2;"CRISTALINA";"Velocidade Incompatível";"Saída de leito carroçável";"Com Vítimas Feridas";"Plena Noite";"Crescente";"Céu Claro";"Dupla";"Reta";"Não";2;0;0;1;0;1;1;1;-16,82645359;-47,67424151;"SPRF-DF";"DEL01-DF";"UOP02-DEL01-DF"
522686;2023-05-13;"sábado";"03:45:00";"MT";163;854;"SINOP";"Ingestão de álcool pelo condutor";"Colisão com objeto";"Com Vítimas Feridas";"Plena Noite";"Crescente";"Céu Claro";"Simples";"Retorno Regulamentado;Interseção de Vias";"Sim";1;0;1;0;0;0;1;1;-11,69392795;-55,4517746;"SPRF-MT";"DEL06-MT";"UOP02-DEL06-MT"
522688;2023-05-13;"sábado";"02:30:00";"MT";364;249,5;"JUSCIMEIRA";"Reação tardia ou ineficiente do condutor";"Saída de leito carroçável";"Com Vítimas Feridas";"Plena Noite";"Decrescente";"Nublado";"Dupla";"Curva";"Não";1;0;1;0;0;0;1;1;-16,12531599;-54,84578799;"SPRF-MT";"DEL02-MT";"UOP01-DEL02-MT"
522689;2023-05-13;"sábado";"04:50:00";"RJ";101;319;"NITEROI";"Condutor deixou de manter distância do veículo da frente";"Colisão lateral mesmo sentido";"Sem Vítimas";"Amanhecer";"Decrescente";"Garoa/Chuvisco";"Simples";"Reta";"Sim";3;0;0;0;1;2;0;2;-22,85411774;-43,1018014;"SPRF-RJ";"DEL02-RJ";"UOP02-DEL02-RJ"
522690;2023-05-13;"sábado";"05:15:00";"PE";101;181,3;"JOAQUIM NABUCO";"Entrada inopinada do pedestre";"Atropelamento de Pedestre";"Com Vítimas Fatais";"Amanhecer";"Crescente";"Céu Claro";"Dupla";"Reta";"Não";2;1;0;0;1;0;0;2;-8,648383;-35,562324;"SPRF-PE";"DEL01-PE";"UOP03-DEL01-PE"
522691;2023-05-13;"sábado";"04:15:00";"GO";153;520;"HIDROLANDIA";"Condutor Dormindo";"Colisão traseira";"Sem Vítimas";"Plena Noite";"Crescente";"Céu Claro";"Dupla";"Reta";"Não";4;0;0;0;4;0;0;2;-16,8847;-49,254;"SPRF-GO";"DEL01-GO";"UOP03-DEL01-GO"
522692;2023-05-13;"sábado";"04:30:00";"RS";386;349,7;"ESTRELA";"Ausência de reação do condutor";"Colisão traseira";"Com Vítimas Feridas";"Plena Noite";"Crescente";"Nevoeiro/Neblina";"Dupla";"Reta";"Não";3;0;2;0;1;0;2;2;-29,4727321;-51,95320538;"SPRF-RS";"DEL04-RS";"UOP02-DEL04-RS"
522697;2023-05-13;"sábado";"03:50:00";"SC";101;223;"PALHOCA";"Velocidade Incompatível";"Colisão com objeto";"Sem Vítimas";"Plena Noite";"Crescente";"Céu Claro";"Dupla";"Reta";"Não";1;0;0;0;0;1;0;1;-27,71552634;-48,64881251;"SPRF-SC";"DEL01-SC";"UOP02-DEL01-SC"
522698;2023-05-12;"sexta-feira";"21:45:00";"GO";60;30,9;"ALEXANIA";"Desrespeitar a preferência no cruzamento";"Colisão transversal";"Sem Vítimas";"Plena Noite";"Crescente";"Céu Claro";"Dupla";"Reta;Retorno Regulamentado";"Sim";3;0;0;0;2;1;0;2;-16,091962;-48,494094;"SPRF-DF";"DEL03-DF";"UOP01-DEL03-DF"
522699;2023-05-01;"segunda-feira";"14:00:00";"RJ";101;291;"ITABORAI";"Ausência de reação do condutor";"Colisão traseira";"Com Vítimas Feridas";"Pleno dia";"Crescente";"Céu Claro";"Múltipla";"Reta";"Sim";5;0;2;0;3;0;2;3;-22,76457445;-42,86989322;"SPRF-RJ";"DEL02-RJ";"UOP02-DEL02-RJ"
522700;2023-05-13;"sábado";"06:34:00";"PE";408;87;"SAO LOURENCO DA MATA";"Reação tardia ou ineficiente do condutor";"Saída de leito carroçável";"Com Vítimas Feridas";"Pleno dia";"Decrescente";"Céu Claro";"Dupla";"Curva";"Não";1;0;1;0;0;0;1;1;-7,96765405;-35,0914341;"SPRF-PE";"DEL01-PE";"UOP01-DEL01-PE"
522701;2023-05-13;"sábado";"06:20:00";"SC";101;212,9;"PALHOCA";"Condutor deixou de manter distância do veículo da frente";"Colisão traseira";"Com Vítimas Feridas";"Pleno dia";"Decrescente";"Céu Claro";"Múltipla";"Reta";"Sim";3;0;2;0;1;0;2;2;-27,62996929;-48,65903871;"SPRF-SC";"DEL01-SC";"UOP02-DEL01-SC"
522703;2023-05-12;"sexta-feira";"10:25:00";"MS";262;480,2;"ANASTACIO";"Ausência de reação do condutor";"Colisão traseira";"Sem Vítimas";"Pleno dia";"Crescente";"Céu Claro";"Simples";"Reta";"Não";2;0;0;0;2;0;0;2;-20,50524104;-55,720602;"SPRF-MS";"DEL03-MS";"UOP01-DEL03-MS"
522705;2023-05-13;"sábado";"05:10:00";"MS";163;256,7;"DOURADOS";"Reação tardia ou ineficiente do condutor";"Colisão com objeto";"Com Vítimas Feridas";"Plena Noite";"Decrescente";"Céu Claro";"Dupla";"Reta";"Não";1;0;1;0;0;0;1;1;-22,258688;-54,804028;"SPRF-MS";"DEL04-MS";"UOP01-DEL04-MS"
522706;2023-05-13;"sábado";"06:40:00";"PR";369;143;"LONDRINA";"Reação tardia ou ineficiente do condutor";"Colisão com objeto";"Sem Vítimas";"Pleno dia";"Crescente";"Céu Claro";"Dupla";"Aclive";"Sim";1;0;0;0;1;0;0;1;-23,29238378;-51,12824865;"SPRF-PR";"DEL07-PR";"UOP01-DEL07-PR"