"id";"data_inversa";"dia_semana";"horario";"uf";"br";"km";"municipio";"causa_acidente";"tipo_acidente";"classificacao_acidente";"fase_dia";"sentido_via";"condicao_metereologica";"tipo_pista";"tracado_via";"uso_solo";"pessoas";"mortos";"feridos_leves";"feridos_graves";"ilesos";"ignorados";"feridos";"veiculos";"latitude";"longitude";"regional";"delegacia";"uop"
522821;2023-05-13;"sábado";"16:20:00";"RJ";40;53;"PETROPOLIS";"Condutor Dormindo";"Colisão com objeto";"Com Vítimas Feridas";"Pleno dia";"Crescente";"Nublado";"Dupla";"Aclive;Curva";"Não";2;0;1;0;1;0;1;1;-22,34399896;-43,13243691;"SPRF-RJ";"DEL05-RJ";"UOP02-DEL05-RJ"
522822;2023-05-13;"sábado";"14:45:00";"MT";70;84,3;"GENERAL CARNEIRO";"Demais falhas mecânicas ou elétricas";"Saída de leito carroçável";"Com Vítimas Feridas";"Pleno dia";"Decrescente";"Céu Claro";"Simples";"Curva";"Não";2;0;2;0;0;0;2;1;-15,62211981;-52,83378091;"SPRF-MT";"DEL07-MT";"UOP01-DEL07-MT"
522823;2023-05-13;"sábado";"17:15:00";"RS";386;361,9;"BOM RETIRO DO SUL";"Acessar a via sem observar a presença dos outros veículos";"Colisão transversal";"Sem Vítimas";"Anoitecer";"Crescente";"Céu Claro";"Dupla";"Curva;Aclive;Retorno Regulamentado";"Não";2;0;0;0;2;0;0;2;-29,557457;-51,891541;"SPRF-RS";"DEL04-RS";"UOP02-DEL04-RS"
522824;2023-05-13;"sábado";"17:40:00";"SC";101;208,8;"SAO JOSE";"Manobra de mudança de faixa";"Colisão lateral mesmo sentido";"Com Vítimas Feridas";"Anoitecer";"Decrescente";"Céu Claro";"Múltipla";"Reta";"Sim";3;0;1;1;0;1;2;3;-27,60327979;-48,63201818;"SPRF-SC";"DEL01-SC";"UOP01-DEL01-SC"
522827;2023-05-13;"sábado";"18:00:00";"SC";116;2,1;"MAFRA";"Transitar na contramão";"Colisão transversal";"Com Vítimas Feridas";"Anoitecer";"Decrescente";"Céu Claro";"Simples";"Reta";"Sim";3;0;0;1;2;0;1;2;-26,12391791;-49,79303212;"SPRF-SC";"DEL06-SC";"UOP01-DEL06-SC"
522828;2023-05-13;"sábado";"17:45:00";"PE";232;7;"RECIFE";"Demais falhas na via";"Tombamento";"Com Vítimas Feridas";"Anoitecer";"Decrescente";"Céu Claro";"Múltipla";"Reta";"Sim";2;0;0;1;1;0;1;1;-8,07333497;-34,96184301;"SPRF-PE";"DEL01-PE";"UOP01-DEL01-PE"
522829;2023-05-13;"sábado";"17:45:00";"ES";262;39;"DOMINGOS MARTINS";"Acessar a via sem observar a presença dos outros veículos";"Colisão transversal";"Com Vítimas Feridas";"Anoitecer";"Decrescente";"Garoa/Chuvisco";"Simples";"Interseção de Vias;Curva;Rotatória";"Não";2;0;1;0;1;0;1;2;-20,3802679;-40,63000864;"SPRF-ES";"DEL01-ES";"UOP01-DEL01-ES"
522830;2023-05-13;"sábado";"17:25:00";"PB";230;160;"CAMPINA GRANDE";"Ingestão de álcool pelo condutor";"Colisão frontal";"Sem Vítimas";"Plena Noite";"Decrescente";"Céu Claro";"Simples";"Reta";"Sim";3;0;0;0;3;0;0;2;-7,2436;-35,9375;"SPRF-PB";"DEL02-PB";"UOP01-DEL02-PB"
522831;2023-05-13;"sábado";"18:30:00";"SC";101;185;"BIGUACU";"Acessar a via sem observar a presença dos outros veículos";"Colisão frontal";"Com Vítimas Feridas";"Pleno dia";"Crescente";"Céu Claro";"Dupla";"Reta";"Sim";2;0;1;0;1;0;1;2;-27,42536698;-48,62465876;"SPRF-SC";"DEL01-SC";"UOP01-DEL01-SC"
522834;2023-05-13;"sábado";"18:40:00";"SC";101;100;"BALNEARIO PICARRAS";"Pedestre cruzava a pista fora da faixa";"Atropelamento de Pedestre";"Com Vítimas Feridas";"Plena Noite";"Crescente";"Céu Claro";"Simples";"Reta";"Sim";2;0;1;0;1;0;1;2;-26,75781591;-48,68859529;"SPRF-SC";"DEL03-SC";"UOP02-DEL03-SC"
522835;2023-05-13;"sábado";"18:10:00";"SP";116;219;"GUARULHOS";"Ausência de reação do condutor";"Colisão com objeto";"Com Vítimas Feridas";"Plena Noite";"Crescente";"Nublado";"Múltipla";"Curva";"Não";1;0;1;0;0;0;1;1;-23,46143954;-46,48885316;"SPRF-SP";"DEL01-SP";"UOP01-DEL01-SP"
522837;2023-05-13;"sábado";"18:45:00";"SC";280;74;"JARAGUA DO SUL";"Transitar na contramão";"Colisão frontal";"Com Vítimas Feridas";"Anoitecer";"Crescente";"Céu Claro";"Simples";"Rotatória";"Não";2;0;1;0;1;0;1;2;-26,45877322;-49,16147801;"SPRF-SC";"DEL03-SC";"UOP03-DEL03-SC"
522839;2023-05-13;"sábado";"17:00:00";"GO";60;92;"ANAPOLIS";"Acessar a via sem observar a presença dos outros veículos";"Colisão transversal";"Com Vítimas Feridas";"Anoitecer";"Crescente";"Céu Claro";"Dupla";"Reta";"Sim";2;0;1;0;1;0;1;2;-16,352429;-48,91624;"SPRF-GO";"DEL02-GO";"UOP01-DEL02-GO"
522840;2023-05-13;"sábado";"17:10:00";"RJ";101;302;"ITABORAI";"Demais falhas mecânicas ou elétricas";"Tombamento";"Com Vítimas Feridas";"Anoitecer";"Decrescente";"Céu Claro";"Dupla";"Reta";"Não";2;0;2;0;0;0;2;1;-22,78069318;-42,96706396;"SPRF-RJ";"DEL02-RJ";"UOP02-DEL02-RJ"
522841;2023-05-13;"sábado";"18:40:00";"PE";232;8,5;"RECIFE";"Iluminação deficiente";"Atropelamento de Pedestre";"Com Vítimas Feridas";"Plena Noite";"Crescente";"Nublado";"Múltipla";"Reta;Em Obras";"Sim";2;0;1;0;1;0;1;2;-8,07683135;-34,97475028;"SPRF-PE";"DEL01-PE";"UOP01-DEL01-PE"
522842;2023-05-13;"sábado";"19:10:00";"ES";101;312;"VILA VELHA";"Pedestre cruzava a pista fora da faixa";"Atropelamento de Pedestre";"Com Vítimas Fatais";"Plena Noite";"Decrescente";"Nublado";"Dupla";"Reta";"Não";3;1;1;0;1;0;1;2;-20,443811;-40,460402;"SPRF-ES";"DEL01-ES";"UOP01-DEL01-ES"
522843;2023-05-13;"sábado";"19:00:00";"SC";101;125;"ITAJAI";"Condutor Dormindo";"Saída de leito carroçável";"Com Vítimas Feridas";"Plena Noite";"Decrescente";"Céu Claro";"Simples";"Reta";"Sim";1;0;0;1;0;0;1;1;-26,94802427;-48,68338515;"SPRF-SC";"DEL04-SC";"UOP04-DEL04-SC"
522844;2023-05-13;"sábado";"19:10:00";"BA";324;608;"SIMOES FILHO";"Obstrução Via tentativa Assalto";"Colisão traseira";"Com Vítimas Feridas";"Plena Noite";"Decrescente";"Céu Claro";"Dupla";"Reta";"Não";2;0;1;0;1;0;1;2;-12,82586149;-38,40957642;"SPRF-BA";"DEL01-BA";"UOP01-DEL01-BA"
522845;2023-05-13;"sábado";"18:40:00";"PB";230;152;"CAMPINA GRANDE";"Acessar a via sem observar a presença dos outros veículos";"Colisão lateral mesmo sentido";"Com Vítimas Feridas";"Plena Noite";"Decrescente";"Garoa/Chuvisco";"Simples";"Reta";"Sim";2;0;1;0;1;0;1;2;-7,2688;-35,8837;"SPRF-PB";"DEL02-PB";"UOP01-DEL02-PB"
522846;2023-05-13;"sábado";"18:40:00";"MS";376;40;"VICENTINA";"Ausência de reação do condutor";"Colisão traseira";"Com Vítimas Feridas";"Plena Noite";"Crescente";"Céu Claro";"Simples";"Reta;Aclive";"Não";3;0;0;2;1;0;2;2;-22,42076444;-54,4061999;"SPRF-MS";"DEL04-MS";"UOP01-DEL04-MS"
522847;2023-05-13;"sábado";"17:35:00";"PR";376;179;"MARINGA";"Reação tardia ou ineficiente do condutor";"Colisão com objeto";"Com Vítimas Feridas";"Anoitecer";"Decrescente";"Céu Claro";"Dupla";"Reta";"Sim";1;0;1;0;0;0;1;1;-23,420109;-51,910408;"SPRF-PR";"DEL09-PR";"UOP01-DEL09-PR"
522848;2023-05-13;"sábado";"19:00:00";"RS";290;37,3;"SANTO ANTONIO DA PATRULHA";"Ingestão de álcool pelo condutor";"Colisão traseira";"Sem Vítimas";"Plena Noite";"Crescente";"Céu Claro";"Dupla";"Reta";"Não";4;0;0;0;4;0;0;2;-29,885901;-50,631528;"SPRF-RS";"DEL03-RS";"UOP01-DEL03-RS"
522849;2023-05-13;"sábado";"18:20:00";"BA";116;16,8;"VITORIA DA CONQUISTA";"Desrespeitar a preferência no cruzamento";"Colisão transversal";"Com Vítimas Feridas";"Plena Noite";"Crescente";"Nublado";"Simples";"Reta;Rotatória";"Sim";2;0;0;1;1;0;1;2;-14,902447;-40,844208;"SPRF-BA";"DEL08-BA";"UOP01-DEL08-BA"
522850;2023-05-13;"sábado";"19:00:00";"BA";418;85;"NOVA VICOSA";"Condutor deixou de manter distância do veículo da frente";"Colisão traseira";"Com Vítimas Feridas";"Plena Noite";"Crescente";"Céu Claro";"Simples";"Reta";"Sim";3;0;2;0;1;0;2;3;-17,89031983;-39,79951109;"SPRF-BA";"DEL09-BA";"UOP02-DEL09-BA"
522851;2023-05-13;"sábado";"19:10:00";"BA";330;851;"BARRA DO ROCHA";"Pedestre andava na pista";"Atropelamento de Pedestre";"Com Vítimas Fatais";"Plena Noite";"Decrescente";"Nublado";"Simples";"Reta";"Não";2;1;0;0;1;0;0;2;-14,19187998;-39,65379699;"SPRF-BA";"DEL03-BA";"UOP01-DEL03-BA"
522853;2023-05-13;"sábado";"19:15:00";"SP";116;230;"SAO PAULO";"Manobra de mudança de faixa";"Engavetamento";"Com Vítimas Feridas";"Plena Noite";"Crescente";"Céu Claro";"Múltipla";"Reta";"Sim";6;0;4;0;2;0;4;3;-23,52251783;-46,5855702;"SPRF-SP";"DEL01-SP";"UOP01-DEL01-SP"
522855;2023-05-13;"sábado";"19:00:00";"RS";285;332,1;"CARAZINHO";"Condutor deixou de manter distância do veículo da frente";"Colisão traseira";"Com Vítimas Feridas";"Plena Noite";"Crescente";"Céu Claro";"Simples";"Aclive;Reta;Em Obras";"Não";7;0;2;0;5;0;2;3;-28,295189;-52,731426;"SPRF-RS";"DEL08-RS";"UOP03-DEL08-RS"
522857;2023-05-13;"sábado";"19:30:00";"SC";282;32,6;"SANTO AMARO DA IMPERATRIZ";"Ingestão de álcool e/ou substâncias psicoativas pelo pedestre";"Atropelamento de Pedestre";"Com Vítimas Fatais";"Plena Noite";"Decrescente";"Céu Claro";"Simples";"Reta";"Não";3;1;0;0;2;0;0;2;-27,7052216;-48,8059218;"SPRF-SC";"DEL01-SC";"UOP03-DEL01-SC"
522859;2023-05-13;"sábado";"19:40:00";"RS";116;485,8;"TURUCU";"Ausência de reação do condutor";"Saída de leito carroçável";"Sem Vítimas";"Plena Noite";"Crescente";"Nublado";"Simples";"Curva;Interseção de Vias";"Sim";1;0;0;0;0;1;0;1;-31,43884019;-52,19309449;"SPRF-RS";"DEL07-RS";"UOP01-DEL07-RS"
522860;2023-05-13;"sábado";"18:30:00";"SP";116;274,3;"EMBU DAS ARTES";"Trafegar com motocicleta (ou similar) entre as faixas";"Tombamento";"Com Vítimas Feridas";"Plena Noite";"Decrescente";"Nublado";"Dupla";"Reta";"Sim";2;0;0;1;0;1;1;2;-23,63445084;-46,82418514;"SPRF-SP";"DEL04-SP";"UOP01-DEL04-SP"
522861;2023-05-13;"sábado";"18:45:00";"MG";381;939,2;"EXTREMA";"Velocidade Incompatível";"Saída de leito carroçável";"Sem Vítimas";"Plena Noite";"Decrescente";"Céu Claro";"Dupla";"Reta";"Sim";4;0;0;0;0;4;0;2;-22,84701434;-46,33321175;"SPRF-MG";"DEL16-MG";"UOP03-DEL16-MG"
522862;2023-03-30;"quinta-feira";"19:10:00";"MG";50;39;"ARAGUARI";"Velocidade Incompatível";"Queda de ocupante de veículo";"Sem Vítimas";"Plena Noite";"Crescente";"Céu Claro";"Simples";"Reta";"Não";2;0;0;0;0;2;0;2;-18,66594982;-48,17302108;"SPRF-MG";"DEL15-MG";"UOP02-DEL15-MG"
522863;2023-05-13;"sábado";"18:09:00";"PI";316;243,2;"INHUMA";"Pedestre andava na pista";"Atropelamento de Pedestre";"Com Vítimas Feridas";"Plena Noite";"Crescente";"Nublado";"Simples";"Reta";"Sim";3;0;0;1;2;0;1;2;-6,67906;-41,71880301;"SPRF-PI";"DEL04-PI";"UOP02-DEL04-PI"
522864;2023-05-13;"sábado";"20:15:00";"PR";277;581,2;"CASCAVEL";"Pedestre andava na pista";"Atropelamento de Pedestre";"Com Vítimas Fatais";"Plena Noite";"Decrescente";"Céu Claro";"Dupla";"Reta";"Sim";3;1;1;0;1;0;1;2;-24,98125257;-53,37778678;"SPRF-PR";"DEL04-PR";"UOP01-DEL04-PR"
522865;2023-05-13;"sábado";"20:55:00";"MG";40;555;"NOVA LIMA";"Ausência de reação do condutor";"Colisão traseira";"Com Vítimas Feridas";"Plena Noite";"Crescente";"Céu Claro";"Dupla";"Curva";"Não";2;0;1;0;1;0;1;2;-20,08472706;-43,97697012;"SPRF-MG";"DEL01-MG";"UOP02-DEL01-MG"
522867;2023-05-13;"sábado";"21:15:00";"RS";386;153,9;"ALMIRANTE TAMANDARE DO SUL";"Velocidade Incompatível";"Saída de leito carroçável";"Com Vítimas Feridas";"Plena Noite";"Decrescente";"Céu Claro";"Simples";"Curva";"Não";5;0;5;0;0;0;5;1;-28,103321;-52,860851;"SPRF-RS";"DEL08-RS";"UOP01-DEL08-RS"
522869;2023-05-13;"sábado";"19:40:00";"RS";158;142;"CONDOR";"Reação tardia ou ineficiente do condutor";"Colisão traseira";"Sem Vítimas";"Plena Noite";"Crescente";"Céu Claro";"Simples";"Reta;Aclive";"Não";2;0;0;0;2;0;0;2;-28,21817012;-53,47083065;"SPRF-RS";"DEL10-RS";"UOP02-DEL10-RS"
522870;2023-05-13;"sábado";"20:45:00";"PR";277;725;"FOZ DO IGUACU";"Animais na Pista";"Atropelamento de Animal";"Com Vítimas Feridas";"Plena Noite";"Decrescente";"Céu Claro";"Dupla";"Reta;Aclive";"Sim";4;0;1;0;3;0;1;1;-25,50823541;-54,54619865;"SPRF-PR";"DEL05-PR";"UOP03-DEL05-PR"
522871;2023-05-13;"sábado";"21:24:00";"ES";262;78;"DOMINGOS MARTINS";"Velocidade Incompatível";"Capotamento";"Com Vítimas Feridas";"Plena Noite";"Crescente";"Chuva";"Simples";"Reta";"Não";2;0;1;0;1;0;1;1;-20,41115651;-40,92351223;"SPRF-ES";"DEL01-ES";"UOP02-DEL01-ES"
522872;2023-05-13;"sábado";"18:40:00";"MS";262;356;"CAMPO GRANDE";"Ausência de reação do condutor";"Colisão com objeto";"Sem Vítimas";"Plena Noite";"Decrescente";"Céu Claro";"Simples";"Interseção de Vias";"Não";2;0;0;0;2;0;0;2;-20,54745913;-54,68046404;"SPRF-MS";"DEL01-MS";"UOP03-DEL01-MS"
522873;2023-05-13;"sábado";"19:15:00";"RS";392;17,9;"RIO GRANDE";"Acessar a via sem observar a presença dos outros veículos";"Colisão traseira";"Com Vítimas Feridas";"Plena Noite";"Decrescente";"Céu Claro";"Dupla";"Reta";"Sim";4;0;2;0;1;1;2;3;-32,09414738;-52,16752661;"SPRF-RS";"DEL07-RS";"UOP02-DEL07-RS"
522874;2023-05-13;"sábado";"18:45:00";"MG";365;760;"ITUIUTABA";"Ingestão de álcool pelo condutor";"Saída de leito carroçável";"Sem Vítimas";"Plena Noite";"Decrescente";"Céu Claro";"Simples";"Reta;Declive";"Não";1;0;0;0;1;0;0;1;-18,96544435;-49,50864001;"SPRF-MG";"DEL15-MG";"UOP03-DEL15-MG"
522875;2023-05-13;"sábado";"18:40:00";"PR";369;161,6;"CAMBE";"Ausência de reação do condutor";"Colisão traseira";"Com Vítimas Fatais";"Plena Noite";"Crescente";"Céu Claro";"Dupla";"Reta;Aclive";"Sim";5;1;1;0;3;0;1;3;-23,290115;-51,263535;"SPRF-PR";"DEL07-PR";"UOP01-DEL07-PR"
522876;2023-05-13;"sábado";"19:58:00";"RJ";116;183;"NOVA IGUACU";"Iluminação deficiente";"Queda de ocupante de veículo";"Com Vítimas Feridas";"Plena Noite";"Decrescente";"Céu Claro";"Dupla";"Reta";"Sim";1;0;1;0;0;0;1;1;-22,7516014;-43,43849831;"SPRF-RJ";"DEL01-RJ";"UOP02-DEL01-RJ"
522877;2023-05-13;"sábado";"20:50:00";"PE";101;4;"GOIANA";"Demais falhas mecânicas ou elétricas";"Incêndio";"Sem Vítimas";"Plena Noite";"Crescente";"Vento";"Múltipla";"Curva;Declive";"Não";1;0;0;0;1;0;0;1;-7,53264499;-34,99145786;"SPRF-PE";"DEL01-PE";"UOP02-DEL01-PE"
522880;2023-05-13;"sábado";"22:00:00";"BA";242;814;"BARREIRAS";"Reação tardia ou ineficiente do condutor";"Capotamento";"Com Vítimas Feridas";"Plena Noite";"Decrescente";"Céu Claro";"Simples";"Curva;Declive";"Não";2;0;1;0;1;0;1;1;-12,14560227;-44,99105087;"SPRF-BA";"DEL10-BA";"UOP01-DEL10-BA"
522881;2023-05-13;"sábado";"18:10:00";"SC";101;397,5;"MARACAJA";"Reação tardia ou ineficiente do condutor";"Colisão traseira";"Com Vítimas Feridas";"Plena Noite";"Crescente";"Céu Claro";"Múltipla";"Curva";"Não";2;0;1;0;0;1;1;2;-28,84846615;-49,4346268;"SPRF-SC";"DEL02-SC";"UOP02-DEL02-SC"
522882;2023-05-13;"sábado";"21:54:00";"GO";60;96,8;"ANAPOLIS";"Acessar a via sem observar a presença dos outros veículos";"Colisão transversal";"Com Vítimas Feridas";"Plena Noite";"Crescente";"Céu Claro";"Dupla";"Reta";"Sim";2;0;0;2;0;0;2;2;-16,372987;-48,944535;"SPRF-GO";"DEL02-GO";"UOP01-DEL02-GO"
522884;2023-05-13;"sábado";"20:45:00";"MS";262;244;"RIBAS DO RIO PARDO";"Ausência de reação do condutor";"Saída de leito carroçável";"Com Vítimas Feridas";"Plena Noite";"Crescente";"Céu Claro";"Simples";"Curva";"Não";1;0;0;1;0;0;1;1;-20,4548435;-53,80367304;"SPRF-MS";"DEL01-MS";"UOP01-DEL01-MS"
522885;2023-05-13;"sábado";"17:30:00";"MT";158;596,7;"AGUA BOA";"Ausência de reação do condutor";"Saída de leito carroçável";"Com Vítimas Feridas";"Pleno dia";"Decrescente";"Céu Claro";"Simples";"Reta";"Não";2;0;0;2;0;0;2;1;-14,2858;-52,16897;"SPRF-MT";"DEL07-MT";"UOP02-DEL07-MT"
522887;2023-05-13;"sábado";"20:50:00";"SC";280;56;"GUARAMIRIM";"Retorno proibido";"Colisão transversal";"Com Vítimas Feridas";"Plena Noite";"Decrescente";"Céu Claro";"Simples";"Reta;Desvio Temporário";"Sim";5;0;2;0;3;0;2;2;-26,47947677;-49,00298702;"SPRF-SC";"DEL03-SC";"UOP03-DEL03-SC"
522888;2023-05-11;"quinta-feira";"18:00:00";"MT";0;0;"PRIMAVERA DO LESTE";"Desrespeitar a preferência no cruzamento";"Colisão transversal";"Sem Vítimas";"Anoitecer";"Não Informado";"Nublado";"Simples";"Interseção de Vias";"Sim";3;0;0;0;3;0;0;2;-15,5487795;-54,2920875;"SPRF-MT";"DEL05-MT";"UOP01-DEL05-MT"
522890;2023-05-13;"sábado";"21:35:00";"PR";376;645;"TIJUCAS DO SUL";"Acessar a via sem observar a presença dos outros veículos";"Colisão transversal";"Com Vítimas Feridas";"Plena Noite";"Decrescente";"Nublado";"Simples";"Reta";"Sim";2;0;0;1;1;0;1;2;-25,8255398;-49,1221043;"SPRF-PR";"DEL01-PR";"UOP04-DEL01-PR"
522894;2023-05-13;"sábado";"22:00:00";"RS";116;266,7;"CANOAS";"Ausência de reação do condutor";"Colisão traseira";"Com Vítimas Feridas";"Plena Noite";"Decrescente";"Céu Claro";"Múltipla";"Reta";"Sim";2;0;1;0;1;0;1;2;-29,93242399;-51,17742077;"SPRF-RS";"DEL01-RS";"UOP01-DEL01-RS"
522895;2023-05-13;"sábado";"21:11:00";"MA";230;393,6;"BALSAS";"Manobra de mudança de faixa";"Colisão frontal";"Com Vítimas Fatais";"Plena Noite";"Decrescente";"Céu Claro";"Simples";"Reta";"Não";6;1;2;0;3;0;2;2;-7,437511;-46,004666;"SPRF-MA";"DEL05-MA";"UOP01-DEL05-MA"
522896;2023-05-13;"sábado";"22:30:00";"SP";116;474;"JACUPIRANGA";"Mal súbito do condutor";"Colisão traseira";"Com Vítimas Feridas";"Plena Noite";"Crescente";"Nevoeiro/Neblina";"Dupla";"Reta";"Não";5;0;2;0;3;0;2;2;-24,68015127;-47,98251273;"SPRF-SP";"DEL05-SP";"UOP01-DEL05-SP"
522897;2023-05-13;"sábado";"22:30:00";"MG";262;423;"IGARATINGA";"Manobra de mudança de faixa";"Colisão lateral mesmo sentido";"Com Vítimas Feridas";"Plena Noite";"Decrescente";"Céu Claro";"Dupla";"Retorno Regulamentado";"Não";3;0;0;2;1;0;2;2;-19,88844;-44,795325;"SPRF-MG";"DEL08-MG";"UOP03-DEL08-MG"
522898;2023-05-13;"sábado";"21:30:00";"MG";116;512,5;"UBAPORANGA";"Conversão proibida";"Colisão transversal";"Com Vítimas Fatais";"Plena Noite";"Decrescente";"Céu Claro";"Simples";"Reta";"Não";2;1;0;0;1;0;0;2;-19,66095102;-42,11695495;"SPRF-MG";"DEL06-MG";"UOP02-DEL06-MG"
522900;2023-05-13;"sábado";"22:20:00";"RS";471;157,8;"RIO PARDO";"Condutor deixou de manter distância do veículo da frente";"Colisão traseira";"Com Vítimas Feridas";"Plena Noite";"Decrescente";"Céu Claro";"Simples";"Reta";"Não";6;0;2;0;4;0;2;2;-29,84296115;-52,39486098;"SPRF-RS";"DEL02-RS";"UOP03-DEL02-RS"
522902;2023-05-13;"sábado";"22:05:00";"RJ";40;105;"DUQUE DE CAXIAS";"Acesso irregular";"Colisão transversal";"Com Vítimas Feridas";"Plena Noite";"Decrescente";"Céu Claro";"Múltipla";"Interseção de Vias";"Sim";3;0;3;0;0;0;3;2;-22,63784806;-43,28428824;"SPRF-RJ";"DEL01-RJ";"UOP01-DEL01-RJ"
522903;2023-05-13;"sábado";"23:00:00";"ES";101;152;"LINHARES";"Velocidade Incompatível";"Colisão traseira";"Sem Vítimas";"Plena Noite";"Crescente";"Céu Claro";"Simples";"Reta";"Não";5;0;0;0;4;1;0;3;-19,41899326;-40,07056389;"SPRF-ES";"DEL04-ES";"UOP01-DEL04-ES"
522904;2023-05-13;"sábado";"22:28:00";"ES";262;21;"VIANA";"Transitar na contramão";"Colisão frontal";"Sem Vítimas";"Plena Noite";"Crescente";"Garoa/Chuvisco";"Simples";"Reta";"Não";2;0;0;0;2;0;0;2;-20,38054389;-40,50497908;"SPRF-ES";"DEL01-ES";"UOP01-DEL01-ES"
522905;2023-05-13;"sábado";"18:00:00";"MA";230;36;"BARAO DE GRAJAU";"Conversão proibida";"Colisão traseira";"Sem Vítimas";"Anoitecer";"Crescente";"Céu Claro";"Simples";"Reta";"Não";2;0;0;0;1;1;0;2;-6,6741840395;-43,30340404;"SPRF-PI";"DEL03-PI";"UOP01-DEL03-PI"
522909;2023-05-13;"sábado";"22:10:00";"SP";116;90,1;"PINDAMONHANGABA";"Animais na Pista";"Atropelamento de Animal";"Com Vítimas Feridas";"Plena Noite";"Crescente";"Céu Claro";"Dupla";"Reta";"Sim";1;0;0;1;0;0;1;1;-22,94361839;-45,3873088;"SPRF-SP";"DEL08-SP";"UOP01-DEL08-SP"
522910;2023-05-13;"sábado";"21:20:00";"MT";163;63;"RONDONOPOLIS";"Acesso irregular";"Saída de leito carroçável";"Sem Vítimas";"Plena Noite";"Decrescente";"Céu Claro";"Dupla";"Reta";"Não";1;0;0;0;1;0;0;1;-16,9619769;-54,74183828;"SPRF-MT";"DEL02-MT";"UOP03-DEL02-MT"
522911;2023-05-13;"sábado";"23:15:00";"RS";386;370,5;"FAZENDA VILANOVA";"Ingestão de álcool pelo condutor";"Saída de leito carroçável";"Com Vítimas Feridas";"Plena Noite";"Crescente";"Céu Claro";"Dupla";"Curva";"Não";1;0;1;0;0;0;1;1;-29,591442;-51,822659;"SPRF-RS";"DEL04-RS";"NPF/DEL04-RS"
522913;2023-05-13;"sábado";"22:30:00";"MA";10;268;"IMPERATRIZ";"Demais falhas na via";"Tombamento";"Com Vítimas Feridas";"Plena Noite";"Decrescente";"Céu Claro";"Simples";"Reta";"Não";2;0;1;0;1;0;1;2;-5,391136;-47,473698;"SPRF-MA";"DEL04-MA";"UOP01-DEL04-MA"
522915;2023-05-13;"sábado";"19:30:00";"AC";364;126;"RIO BRANCO";"Animais na Pista";"Queda de ocupante de veículo";"Com Vítimas Feridas";"Plena Noite";"Decrescente";"Céu Claro";"Simples";"Reta";"Sim";2;0;0;1;1;0;1;1;-10,012822;-67,80875;"SPRF-AC";"DEL01-AC";"UOP01-DEL01-AC"
522916;2023-05-13;"sábado";"19:30:00";"SC";101;289;"IMBITUBA";"Animais na Pista";"Atropelamento de Animal";"Sem Vítimas";"Plena Noite";"Crescente";"Céu Claro";"Múltipla";"Aclive;Reta";"Sim";1;0;0;0;1;0;0;1;-28,25395282;-48,70289554;"SPRF-SC";"DEL02-SC";"UOP03-DEL02-SC"
522917;2023-05-13;"sábado";"23:40:00";"PR";116;9;"CAMPINA GRANDE DO SUL";"Condutor deixou de manter distância do veículo da frente";"Colisão traseira";"Com Vítimas Feridas";"Pleno dia";"Crescente";"Nevoeiro/Neblina";"Dupla";"Reta";"Sim";5;0;1;0;4;0;1;2;-25,3708;-49,1246;"SPRF-PR";"DEL01-PR";"UOP02-DEL01-PR"
522919;2023-05-13;"sábado";"21:00:00";"BA";101;940;"MUCURI";"Ausência de reação do condutor";"Queda de ocupante de veículo";"Com Vítimas Feridas";"Plena Noite";"Decrescente";"Nublado";"Simples";"Reta";"Não";1;0;0;1;0;0;1;1;-18,16840196;-39,91873914;"SPRF-BA";"DEL09-BA";"UOP02-DEL09-BA"
522920;2023-05-13;"sábado";"23:50:00";"SC";280;167,2;"MAFRA";"Ausência de reação do condutor";"Colisão com objeto";"Sem Vítimas";"Plena Noite";"Crescente";"Céu Claro";"Simples";"Reta";"Sim";1;0;0;0;0;1;0;1;-26,15338671;-49,8128593;"SPRF-SC";"DEL06-SC";"UOP01-DEL06-SC"
522921;2023-05-13;"sábado";"23:15:00";"RO";364;715;"PORTO VELHO";"Ausência de reação do condutor";"Colisão com objeto";"Com Vítimas Feridas";"Plena Noite";"Crescente";"Céu Claro";"Dupla";"Reta";"Sim";1;0;0;1;0;0;1;1;-8,77957291;-63,89174213;"SPRF-RO";"DEL01-RO";"UOP01-DEL01-RO"
522922;2023-05-13;"sábado";"23:40:00";"RJ";40;111;"DUQUE DE CAXIAS";"Reação tardia ou ineficiente do condutor";"Colisão com objeto";"Com Vítimas Feridas";"Plena Noite";"Crescente";"Céu Claro";"Múltipla";"Reta";"Não";2;0;2;0;0;0;2;1;-22,691868;-43,287453;"SPRF-RJ";"DEL01-RJ";"UOP01-DEL01-RJ"
522923;2023-05-13;"sábado";"21:16:00";"DF";251;0,5;"BRASILIA";"Velocidade Incompatível";"Capotamento";"Com Vítimas Feridas";"Plena Noite";"Decrescente";"Céu Claro";"Dupla";"Reta";"Não";1;0;1;0;0;0;1;1;-16,049798;-47,537212;"SPRF-DF";"DEL01-DF";"UOP01-DEL01-DF"
522924;2023-05-13;"sábado";"22:20:00";"PR";476;110;"COLOMBO";"Ultrapassagem Indevida";"Colisão lateral sentido oposto";"Com Vítimas Fatais";"Plena Noite";"Decrescente";"Nevoeiro/Neblina";"Simples";"Reta";"Não";3;1;0;0;2;0;0;2;-25,311363;-49,145245;"SPRF-PR";"DEL01-PR";"UOP01-DEL01-PR"