"id";"data_inversa";"dia_semana";"horario";"uf";"br";"km";"municipio";"causa_acidente";"tipo_acidente";"classificacao_acidente";"fase_dia";"sentido_via";"condicao_metereologica";"tipo_pista";"tracado_via";"uso_solo";"pessoas";"mortos";"feridos_leves";"feridos_graves";"ilesos";"ignorados";"feridos";"veiculos";"latitude";"longitude";"regional";"delegacia";"uop"
522925;2023-05-14;"domingo";"00:30:00";"MG";40;520;"CONTAGEM";"Ausência de reação do condutor";"Saída de leito carroçável";"Com Vítimas Feridas";"Plena Noite";"Decrescente";"Céu Claro";"Dupla";"Reta";"Não";1;0;1;0;0;0;1;1;-19,84761911;-44,07276144;"SPRF-MG";"DEL01-MG";"UOP02-DEL01-MG"
522928;2023-05-14;"domingo";"00:50:00";"BA";116;499;"SANTA TERESINHA";"Condutor Dormindo";"Colisão frontal";"Com Vítimas Fatais";"Plena Noite";"Crescente";"Céu Claro";"Simples";"Reta";"Não";8;1;6;0;0;1;6;4;-12,5923496;-39,5279752;"SPRF-BA";"DEL03-BA";"UOP02-DEL03-BA"
522929;2023-05-14;"domingo";"00:45:00";"RJ";101;320;"NITEROI";"Ausência de reação do condutor";"Colisão com objeto";"Com Vítimas Feridas";"Plena Noite";"Crescente";"Céu Claro";"Dupla";"Reta";"Sim";2;0;2;0;0;0;2;1;-22,86171098;-43,10714015;"SPRF-RJ";"DEL02-RJ";"UOP01-DEL02-RJ"
522930;2023-05-14;"domingo";"01:00:00";"GO";50;264,7;"CATALAO";"Ausência de reação do condutor";"Saída de leito carroçável";"Sem Vítimas";"Plena Noite";"Crescente";"Céu Claro";"Dupla";"Reta";"Não";1;0;0;0;0;1;0;1;-18,0611;-47,8637;"SPRF-GO";"DEL06-GO";"UOP01-DEL06-GO"
522931;2023-05-14;"domingo";"00:20:00";"SE";101;44;"JAPARATUBA";"Condutor Dormindo";"Saída de leito carroçável";"Com Vítimas Feridas";"Plena Noite";"Decrescente";"Céu Claro";"Dupla";"Curva";"Não";1;0;1;0;0;0;1;1;-10,547321;-36,970737;"SPRF-SE";"DEL02-SE";"UOP02-DEL02-SE"
522932;2023-05-14;"domingo";"01:05:00";"RN";304;298;"MACAIBA";"Ausência de reação do condutor";"Colisão traseira";"Com Vítimas Feridas";"Plena Noite";"Decrescente";"Nublado";"Dupla";"Declive";"Não";3;0;2;0;1;0;2;2;-5,8682343;-35,3321791;"SPRF-RN";"DEL01-RN";"UOP02-DEL01-RN"
522933;2023-05-14;"domingo";"00:40:00";"PB";230;137,8;"MASSARANDUBA";"Ingestão de álcool pelo condutor";"Saída de leito carroçável";"Com Vítimas Feridas";"Plena Noite";"Decrescente";"Chuva";"Dupla";"Curva;Declive";"Não";1;0;0;1;0;0;1;1;-7,2766;-35,7739;"SPRF-PB";"DEL02-PB";"UOP01-DEL02-PB"
522934;2023-05-13;"sábado";"23:40:00";"PI";343;110;"COCAL";"Estacionar ou parar em local proibido";"Colisão traseira";"Sem Vítimas";"Plena Noite";"Decrescente";"Céu Claro";"Simples";"Reta;Em Obras";"Não";2;0;0;0;2;0;0;2;-3,65498;-41,674286;"SPRF-PI";"DEL02-PI";"UOP01-DEL02-PI"
522935;2023-05-14;"domingo";"00:02:00";"PR";476;97;"BOCAIUVA DO SUL";"Ausência de reação do condutor";"Tombamento";"Sem Vítimas";"Plena Noite";"Crescente";"Nevoeiro/Neblina";"Simples";"Curva;Declive";"Não";1;0;0;0;1;0;0;1;-25,234463;-49,127838;"SPRF-PR";"DEL01-PR";"UOP01-DEL01-PR"
522936;2023-05-14;"domingo";"00:15:00";"SC";282;19;"PALHOCA";"Ausência de reação do condutor";"Colisão com objeto";"Com Vítimas Feridas";"Plena Noite";"Decrescente";"Céu Claro";"Simples";"Reta;Interseção de Vias;Viaduto;Em Obras";"Não";1;0;1;0;0;0;1;1;-27,67946172;-48,70278955;"SPRF-SC";"DEL01-SC";"UOP02-DEL01-SC"
522938;2023-05-13;"sábado";"20:20:00";"PB";104;1,4;"NOVA FLORESTA";"Transitar na contramão";"Colisão frontal";"Com Vítimas Feridas";"Plena Noite";"Crescente";"Garoa/Chuvisco";"Simples";"Reta";"Não";2;0;1;0;0;1;1;2;-6,442351;-36,20277203;"SPRF-PB";"DEL02-PB";"UOP04-DEL02-PB"
522939;2023-05-14;"domingo";"02:00:00";"PE";101;70,2;"RECIFE";"Reação tardia ou ineficiente do condutor";"Queda de ocupante de veículo";"Com Vítimas Feridas";"Plena Noite";"Decrescente";"Nublado";"Dupla";"Curva";"Sim";1;0;1;0;0;0;1;1;-8,069842;-34,941792;"SPRF-PE";"DEL01-PE";"UOP01-DEL01-PE"
522940;2023-05-14;"domingo";"02:20:00";"PR";376;178,3;"MARINGA";"Ingestão de álcool pelo condutor";"Colisão transversal";"Com Vítimas Feridas";"Pleno dia";"Crescente";"Céu Claro";"Múltipla";"Interseção de Vias";"Sim";3;0;0;1;1;1;1;2;-23,4192146;-51,91293985;"SPRF-PR";"DEL09-PR";"UOP01-DEL09-PR"
522942;2023-05-14;"domingo";"02:30:00";"RS";116;160,2;"CAXIAS DO SUL";"Reação tardia ou ineficiente do condutor";"Colisão frontal";"Sem Vítimas";"Plena Noite";"Crescente";"Céu Claro";"Simples";"Curva";"Sim";2;0;0;0;0;2;0;2;-29,233668;-51,157359;"SPRF-RS";"DEL05-RS";"UOP01-DEL05-RS"
522943;2023-05-14;"domingo";"03:10:00";"PR";163;249;"TOLEDO";"Ingestão de álcool pelo condutor";"Saída de leito carroçável";"Sem Vítimas";"Plena Noite";"Crescente";"Céu Claro";"Dupla";"Reta";"Não";4;0;0;0;4;0;0;1;-24,694019;-53,742311;"SPRF-PR";"DEL06-PR";"UOP02-DEL06-PR"
522944;2023-05-14;"domingo";"03:10:00";"PE";104;67,2;"CARUARU";"Ingestão de álcool pelo condutor";"Colisão traseira";"Sem Vítimas";"Plena Noite";"Crescente";"Céu Claro";"Dupla";"Reta";"Sim";2;0;0;0;2;0;0;2;-8,3016;-35,9882;"SPRF-PE";"DEL02-PE";"UOP01-DEL02-PE"
522945;2023-05-14;"domingo";"03:00:00";"SC";280;240;"CANOINHAS";"Velocidade Incompatível";"Capotamento";"Sem Vítimas";"Plena Noite";"Decrescente";"Céu Claro";"Simples";"Reta;Aclive";"Não";1;0;0;0;0;1;0;1;-26,2173631;-50,45390288;"SPRF-SC";"DEL06-SC";"UOP04-DEL06-SC"
522946;2023-05-14;"domingo";"04:00:00";"RS";116;242;"SAO LEOPOLDO";"Ausência de reação do condutor";"Colisão com objeto";"Com Vítimas Fatais";"Plena Noite";"Crescente";"Céu Claro";"Dupla";"Curva";"Sim";2;2;0;0;0;0;0;1;-29,71891755;-51,14850283;"SPRF-RS";"DEL01-RS";"UOP02-DEL01-RS"
522947;2023-05-14;"domingo";"02:40:00";"MA";316;555;"CAXIAS";"Ingestão de álcool pelo condutor";"Queda de ocupante de veículo";"Com Vítimas Feridas";"Plena Noite";"Crescente";"Céu Claro";"Simples";"Curva";"Não";1;0;1;0;0;0;1;1;-4,87100007;-43,32286835;"SPRF-MA";"DEL03-MA";"UOP02-DEL03-MA"
522948;2023-05-14;"domingo";"02:50:00";"SC";280;118;"SAO BENTO DO SUL";"Transitar na contramão";"Colisão transversal";"Com Vítimas Feridas";"Plena Noite";"Decrescente";"Nevoeiro/Neblina";"Simples";"Reta";"Não";4;0;1;0;2;1;1;2;-26,26608202;-49,42467403;"SPRF-SC";"DEL06-SC";"UOP03-DEL06-SC"
522949;2023-05-14;"domingo";"03:35:00";"RS";448;21;"PORTO ALEGRE";"Ingestão de álcool pelo condutor";"Colisão com objeto";"Com Vítimas Feridas";"Plena Noite";"Crescente";"Céu Claro";"Dupla";"Curva;Viaduto;Declive";"Sim";2;0;1;0;1;0;1;1;-29,97402049;-51,19977593;"SPRF-RS";"DEL01-RS";"UOP01-DEL01-RS"
522950;2023-05-14;"domingo";"04:15:00";"DF";20;11;"BRASILIA";"Problema na suspensão";"Colisão lateral mesmo sentido";"Com Vítimas Feridas";"Plena Noite";"Decrescente";"Céu Claro";"Dupla";"Reta;Declive";"Sim";4;0;2;0;2;0;2;2;-15,64654;-47,766422;"SPRF-DF";"DEL02-DF";"UOP01-DEL02-DF"
522952;2023-05-14;"domingo";"04:54:00";"DF";60;9,1;"BRASILIA";"Animais na Pista";"Atropelamento de Animal";"Com Vítimas Feridas";"Plena Noite";"Crescente";"Céu Claro";"Dupla";"Reta";"Não";2;0;1;0;1;0;1;2;-15,906293;-48,139965;"SPRF-DF";"DEL03-DF";"UOP01-DEL03-DF"
522953;2023-05-14;"domingo";"05:00:00";"RJ";101;239;"SILVA JARDIM";"Animais na Pista";"Atropelamento de Animal";"Com Vítimas Fatais";"Amanhecer";"Decrescente";"Céu Claro";"Dupla";"Reta";"Não";9;1;1;1;6;0;2;2;-22,62542413;-42,42802593;"SPRF-RJ";"DEL02-RJ";"UOP03-DEL02-RJ"
522955;2023-05-14;"domingo";"03:30:00";"MG";116;286,7;"TEOFILO OTONI";"Ingestão de álcool pelo condutor";"Colisão frontal";"Com Vítimas Feridas";"Plena Noite";"Decrescente";"Nublado";"Simples";"Reta";"Sim";3;0;1;0;2;0;1;2;-17,93577075;-41,52783055;"SPRF-MG";"DEL11-MG";"UOP01-DEL11-MG"
522957;2023-05-14;"domingo";"03:32:00";"MT";163;751;"SORRISO";"Condutor Dormindo";"Queda de ocupante de veículo";"Com Vítimas Feridas";"Plena Noite";"Crescente";"Céu Claro";"Dupla";"Reta";"Sim";1;0;0;1;0;0;1;1;-12,66324288;-55,79151748;"SPRF-MT";"DEL06-MT";"UOP01-DEL06-MT"
522958;2023-05-14;"domingo";"04:50:00";"PR";376;589;"CURITIBA";"Ausência de reação do condutor";"Colisão traseira";"Com Vítimas Feridas";"Plena Noite";"Decrescente";"Nevoeiro/Neblina";"Dupla";"Reta";"Não";3;0;0;2;0;1;2;2;-25,44681759;-49,36348736;"SPRF-PR";"DEL01-PR";"UOP06-DEL01-PR"
522960;2023-05-14;"domingo";"05:46:00";"DF";20;22;"BRASILIA";"Velocidade Incompatível";"Saída de leito carroçável";"Com Vítimas Feridas";"Amanhecer";"Decrescente";"Céu Claro";"Dupla";"Reta";"Sim";2;0;1;1;0;0;2;1;-15,59834;-47,676186;"SPRF-DF";"DEL02-DF";"UOP01-DEL02-DF"
522961;2023-05-14;"domingo";"05:50:00";"DF";70;9;"BRASILIA";"Manobra de mudança de faixa";"Colisão lateral mesmo sentido";"Com Vítimas Feridas";"Amanhecer";"Decrescente";"Céu Claro";"Múltipla";"Reta";"Sim";2;0;1;0;1;0;1;2;-15,784615;-48,132023;"SPRF-DF";"DEL03-DF";"UOP02-DEL03-DF"
522962;2023-05-14;"domingo";"05:26:00";"PE";407;120;"PETROLINA";"Condutor deixou de manter distância do veículo da frente";"Colisão traseira";"Com Vítimas Feridas";"Pleno dia";"Decrescente";"Céu Claro";"Simples";"Reta";"Não";3;0;1;0;1;1;1;3;-9,33807091;-40,55965785;"SPRF-PE";"DEL06-PE";"UOP01-DEL06-PE"
522964;2023-05-14;"domingo";"06:20:00";"SC";101;181,6;"BIGUACU";"Condutor Dormindo";"Colisão com objeto";"Com Vítimas Feridas";"Amanhecer";"Crescente";"Céu Claro";"Dupla";"Reta";"Sim";1;0;0;1;0;0;1;1;-27,38958699;-48,63197593;"SPRF-SC";"DEL01-SC";"UOP01-DEL01-SC"
522965;2023-05-14;"domingo";"06:33:00";"CE";116;14;"FORTALEZA";"Acessar a via sem observar a presença dos outros veículos";"Colisão lateral mesmo sentido";"Com Vítimas Feridas";"Pleno dia";"Decrescente";"Chuva";"Dupla";"Reta";"Não";2;0;1;0;1;0;1;2;-3,86973356;-38,49827361;"SPRF-CE";"DEL01-CE";"UOP02-DEL01-CE"
522966;2023-05-14;"domingo";"05:55:00";"SP";116;55;"LORENA";"Avarias e/ou desgaste excessivo no pneu";"Queda de ocupante de veículo";"Com Vítimas Feridas";"Amanhecer";"Crescente";"Nublado";"Dupla";"Reta";"Não";2;0;1;0;1;0;1;1;-22,76356421;-45,12272385;"SPRF-SP";"DEL08-SP";"UOP02-DEL08-SP"
522968;2023-05-14;"domingo";"06:30:00";"RJ";116;179;"BELFORD ROXO";"Ausência de reação do condutor";"Saída de leito carroçável";"Com Vítimas Feridas";"Amanhecer";"Crescente";"Sol";"Múltipla";"Reta";"Não";1;0;1;0;0;0;1;1;-22,769902;-43,408036;"SPRF-RJ";"DEL01-RJ";"UOP02-DEL01-RJ"
522970;2023-05-14;"domingo";"05:38:00";"RN";304;266;"SAO PEDRO";"Condutor Dormindo";"Colisão frontal";"Com Vítimas Feridas";"Amanhecer";"Decrescente";"Céu Claro";"Simples";"Reta";"Não";1;0;1;0;0;0;1;1;-5,86093571;-35,61228093;"SPRF-RN";"DEL01-RN";"UOP02-DEL01-RN"
522971;2023-05-13;"sábado";"20:30:00";"BA";324;371;"SAO JOSE DO JACUIPE";"Iluminação deficiente";"Colisão traseira";"Com Vítimas Feridas";"Plena Noite";"Crescente";"Céu Claro";"Simples";"Reta";"Não";2;0;1;0;0;1;1;2;-11,43087968;-39,87264688;"SPRF-BA";"DEL04-BA";"UOP02-DEL04-BA"
522972;2023-05-14;"domingo";"06:30:00";"RS";471;162,3;"RIO PARDO";"Transitar na contramão";"Colisão frontal";"Com Vítimas Feridas";"Amanhecer";"Crescente";"Céu Claro";"Simples";"Aclive";"Não";4;0;1;0;3;0;1;2;-29,87853208;-52,39053726;"SPRF-RS";"DEL02-RS";"UOP03-DEL02-RS"
522976;2023-05-14;"domingo";"05:45:00";"RR";174;462;"BOA VISTA";"Manobra de mudança de faixa";"Incêndio";"Sem Vítimas";"Amanhecer";"Crescente";"Garoa/Chuvisco";"Simples";"Reta";"Não";2;0;0;0;0;2;0;1;2,545249;-60,877003;"SPRF-RR";"DEL01-RR";"UOP01-DEL01-RR"
522977;2023-05-14;"domingo";"06:30:00";"BA";324;571;"SAO SEBASTIAO DO PASSE";"Velocidade Incompatível";"Saída de leito carroçável";"Com Vítimas Fatais";"Pleno dia";"Decrescente";"Chuva";"Dupla";"Reta";"Não";6;2;4;0;0;0;4;2;-12,55142914;-38,57416911;"SPRF-BA";"DEL01-BA";"UOP01-DEL01-BA"
522978;2023-05-14;"domingo";"07:00:00";"RS";470;327,8;"TRIUNFO";"Velocidade Incompatível";"Saída de leito carroçável";"Sem Vítimas";"Pleno dia";"Crescente";"Céu Claro";"Simples";"Reta";"Não";1;0;0;0;0;1;0;1;-29,81675202;-51,68592549;"SPRF-RS";"DEL04-RS";"UOP02-DEL04-RS"
522979;2023-05-13;"sábado";"21:22:00";"MG";381;575,2;"ITAGUARA";"Velocidade Incompatível";"Saída de leito carroçável";"Com Vítimas Feridas";"Plena Noite";"Decrescente";"Nublado";"Dupla";"Curva";"Não";1;0;1;0;0;0;1;1;-20,47362595;-44,58422842;"SPRF-MG";"DEL04-MG";"UOP01-DEL04-MG"
522982;2023-05-14;"domingo";"07:45:00";"PR";369;138;"IBIPORA";"Desrespeitar a preferência no cruzamento";"Colisão transversal";"Com Vítimas Feridas";"Pleno dia";"Crescente";"Céu Claro";"Simples";"Interseção de Vias";"Sim";2;0;0;1;1;0;1;2;-23,27361428;-51,0561488;"SPRF-PR";"DEL07-PR";"UOP01-DEL07-PR"
522984;2023-05-14;"domingo";"08:00:00";"RJ";116;181;"MESQUITA";"Ultrapassagem Indevida";"Colisão traseira";"Com Vítimas Feridas";"Pleno dia";"Decrescente";"Céu Claro";"Múltipla";"Reta";"Sim";2;0;1;0;1;0;1;2;-22,761312;-43,423492;"SPRF-RJ";"DEL01-RJ";"UOP02-DEL01-RJ"
522985;2023-05-14;"domingo";"03:50:00";"SC";282;125,1;"BOM RETIRO";"Reação tardia ou ineficiente do condutor";"Saída de leito carroçável";"Com Vítimas Feridas";"Plena Noite";"Decrescente";"Nevoeiro/Neblina";"Simples";"Curva";"Não";1;0;0;1;0;0;1;1;-27,806303;-49,46027;"SPRF-SC";"DEL05-SC";"UOP01-DEL05-SC"
522986;2023-05-14;"domingo";"05:50:00";"SC";282;126,2;"BOM RETIRO";"Pedestre andava na pista";"Atropelamento de Pedestre";"Com Vítimas Fatais";"Amanhecer";"Decrescente";"Nevoeiro/Neblina";"Simples";"Reta";"Não";2;1;0;0;0;1;0;2;-27,801258;-49,468643;"SPRF-SC";"DEL05-SC";"UOP01-DEL05-SC"
522987;2023-05-14;"domingo";"06:54:00";"RR";401;54,6;"BONFIM";"Pedestre andava na pista";"Atropelamento de Pedestre";"Com Vítimas Fatais";"Amanhecer";"Decrescente";"Céu Claro";"Simples";"Reta";"Não";2;1;0;0;0;1;0;2;3,09581714;-60,34026933;"SPRF-RR";"DEL01-RR";"UOP01-DEL01-RR"
522988;2023-04-16;"domingo";"11:14:00";"MG";459;7,7;"SENADOR JOSE BENTO";"Pista Escorregadia";"Queda de ocupante de veículo";"Com Vítimas Feridas";"Pleno dia";"Crescente";"Céu Claro";"Simples";"Curva";"Não";1;0;0;1;0;0;1;1;-22,13040597;-46,14653371;"SPRF-MG";"DEL09-MG";"UOP01-DEL09-MG"
522989;2023-05-14;"domingo";"08:30:00";"MG";153;11;"ARAPORA";"Ausência de reação do condutor";"Saída de leito carroçável";"Com Vítimas Feridas";"Pleno dia";"Crescente";"Céu Claro";"Dupla";"Reta";"Não";5;0;4;1;0;0;5;1;-18,51513597;-49,18936222;"SPRF-MG";"DEL15-MG";"UOP03-DEL15-MG"
522990;2023-05-14;"domingo";"09:05:00";"RJ";493;70;"NOVA IGUACU";"Reação tardia ou ineficiente do condutor";"Saída de leito carroçável";"Sem Vítimas";"Pleno dia";"Crescente";"Céu Claro";"Dupla";"Curva";"Não";2;0;0;0;2;0;0;1;-22,68705005;-43,48326981;"SPRF-RJ";"DEL01-RJ";"UOP03-DEL01-RJ"
522991;2023-05-14;"domingo";"09:40:00";"PR";277;584,1;"CASCAVEL";"Transitar na contramão";"Colisão frontal";"Com Vítimas Feridas";"Pleno dia";"Decrescente";"Céu Claro";"Dupla";"Reta";"Sim";3;0;1;0;1;1;1;3;-24,96684176;-53,40258186;"SPRF-PR";"DEL04-PR";"UOP01-DEL04-PR"
522992;2023-05-14;"domingo";"09:45:00";"SC";101;207;"SAO JOSE";"Manobra de mudança de faixa";"Colisão lateral mesmo sentido";"Com Vítimas Feridas";"Pleno dia";"Decrescente";"Céu Claro";"Múltipla";"Curva;Declive";"Sim";2;0;1;0;1;0;1;2;-27,60001226;-48,6226467;"SPRF-SC";"DEL01-SC";"UOP01-DEL01-SC"
522993;2023-05-14;"domingo";"10:15:00";"MG";381;485,5;"BETIM";"Reação tardia ou ineficiente do condutor";"Colisão traseira";"Com Vítimas Feridas";"Pleno dia";"Crescente";"Céu Claro";"Múltipla";"Reta";"Sim";3;0;1;0;2;0;1;2;-19,95659361;-44,12622893;"SPRF-MG";"DEL01-MG";"UOP03-DEL01-MG"
522994;2023-05-14;"domingo";"07:40:00";"RJ";393;244,7;"VASSOURAS";"Velocidade Incompatível";"Saída de leito carroçável";"Sem Vítimas";"Pleno dia";"Decrescente";"Céu Claro";"Dupla";"Reta";"Não";1;0;0;0;0;1;0;1;-22,42799046;-43,70899806;"SPRF-RJ";"DEL05-RJ";"UOP04-DEL05-RJ"
522995;2023-05-14;"domingo";"09:23:00";"RJ";493;77;"DUQUE DE CAXIAS";"Reação tardia ou ineficiente do condutor";"Saída de leito carroçável";"Com Vítimas Feridas";"Pleno dia";"Decrescente";"Céu Claro";"Dupla";"Reta";"Não";2;0;2;0;0;0;2;1;-22,672089;-43,285053;"SPRF-RJ";"DEL01-RJ";"UOP03-DEL01-RJ"
522996;2023-05-14;"domingo";"09:30:00";"AP";210;23;"MACAPA";"Ausência de reação do condutor";"Tombamento";"Com Vítimas Feridas";"Pleno dia";"Crescente";"Céu Claro";"Simples";"Reta";"Não";2;0;2;0;0;0;2;1;0,21928;-51,106172;"SPRF-AP";"DEL01-AP";"UOP01-DEL01-AP"
522997;2023-05-14;"domingo";"09:40:00";"MT";163;836;"SINOP";"Ausência de reação do condutor";"Colisão lateral mesmo sentido";"Sem Vítimas";"Pleno dia";"Crescente";"Céu Claro";"Simples";"Reta";"Não";2;0;0;0;2;0;0;2;-11,84937514;-55,49211502;"SPRF-MT";"DEL06-MT";"UOP02-DEL06-MT"
522999;2023-05-14;"domingo";"11:35:00";"RS";116;242;"SAO LEOPOLDO";"Reação tardia ou ineficiente do condutor";"Colisão traseira";"Sem Vítimas";"Pleno dia";"Crescente";"Céu Claro";"Dupla";"Reta";"Sim";4;0;0;0;4;0;0;2;-29,72297087;-51,14858729;"SPRF-RS";"DEL01-RS";"UOP02-DEL01-RS"
523000;2023-05-14;"domingo";"11:18:00";"PB";101;86,6;"JOAO PESSOA";"Condutor deixou de manter distância do veículo da frente";"Engavetamento";"Sem Vítimas";"Pleno dia";"Decrescente";"Céu Claro";"Simples";"Reta";"Sim";3;0;0;0;3;0;0;3;-7,15118983;-34,91012184;"SPRF-PB";"DEL01-PB";"UOP01-DEL01-PB"
523001;2023-05-14;"domingo";"11:20:00";"GO";414;434;"ANAPOLIS";"Condutor deixou de manter distância do veículo da frente";"Colisão traseira";"Com Vítimas Feridas";"Pleno dia";"Crescente";"Céu Claro";"Simples";"Reta";"Não";2;0;1;0;1;0;1;2;-16,23713788;-48,93293623;"SPRF-GO";"DEL02-GO";"UOP01-DEL02-GO"
523002;2023-05-14;"domingo";"10:15:00";"PB";230;316,3;"SAO MAMEDE";"Transitar na contramão";"Colisão frontal";"Com Vítimas Fatais";"Pleno dia";"Crescente";"Céu Claro";"Simples";"Curva";"Não";2;1;0;0;0;1;0;2;-6,9507;-37,1169;"SPRF-PB";"DEL03-PB";"UOP01-DEL03-PB"
523003;2023-05-14;"domingo";"11:20:00";"PR";277;84;"CURITIBA";"Reação tardia ou ineficiente do condutor";"Colisão com objeto";"Com Vítimas Feridas";"Pleno dia";"Decrescente";"Céu Claro";"Dupla";"Viaduto";"Não";2;0;2;0;0;0;2;1;-25,568939;-49,181978;"SPRF-PR";"DEL01-PR";"UOP06-DEL01-PR"
523004;2023-05-14;"domingo";"10:50:00";"SC";282;417;"CATANDUVAS";"Conversão proibida";"Colisão traseira";"Com Vítimas Feridas";"Pleno dia";"Crescente";"Céu Claro";"Simples";"Curva;Aclive";"Não";5;0;1;0;4;0;1;2;-27,030245;-51,723061;"SPRF-SC";"DEL07-SC";"UOP05-DEL07-SC"
523005;2023-05-14;"domingo";"11:00:00";"PB";101;85,5;"BAYEUX";"Pedestre cruzava a pista fora da faixa";"Atropelamento de Pedestre";"Com Vítimas Fatais";"Pleno dia";"Crescente";"Céu Claro";"Dupla";"Reta";"Sim";2;1;0;0;0;1;0;2;-7,14538184;-34,91662887;"SPRF-PB";"DEL01-PB";"UOP01-DEL01-PB"
523006;2023-05-02;"terça-feira";"07:44:00";"MS";463;2;"DOURADOS";"Ausência de reação do condutor";"Colisão traseira";"Com Vítimas Feridas";"Pleno dia";"Decrescente";"Céu Claro";"Simples";"Reta";"Sim";2;0;1;0;1;0;1;2;-22,2591541;-54,823354;"SPRF-MS";"DEL04-MS";"UOP01-DEL04-MS"
523007;2023-05-14;"domingo";"12:10:00";"PB";230;507,6;"CAJAZEIRAS";"Acessar a via sem observar a presença dos outros veículos";"Colisão transversal";"Com Vítimas Feridas";"Pleno dia";"Crescente";"Nublado";"Simples";"Reta;Interseção de Vias";"Sim";3;0;1;1;0;1;2;2;-6,9024;-38,5643;"SPRF-PB";"DEL03-PB";"UOP03-DEL03-PB"
523008;2023-05-14;"domingo";"10:00:00";"PR";369;86,5;"CORNELIO PROCOPIO";"Avarias e/ou desgaste excessivo no pneu";"Saída de leito carroçável";"Com Vítimas Feridas";"Pleno dia";"Decrescente";"Céu Claro";"Simples";"Curva";"Não";2;0;0;1;1;0;1;1;-23,17960965;-50,62363744;"SPRF-PR";"DEL07-PR";"UOP05-DEL07-PR"
523011;2023-05-14;"domingo";"10:10:00";"MA";135;32,8;"SAO LUIS";"Avarias e/ou desgaste excessivo no pneu";"Saída de leito carroçável";"Com Vítimas Fatais";"Pleno dia";"Decrescente";"Céu Claro";"Dupla";"Reta";"Não";5;2;1;1;1;0;2;2;-2,83108301;-44,3745066;"SPRF-MA";"DEL01-MA";"UOP01-DEL01-MA"
523012;2023-05-14;"domingo";"12:14:00";"PE";232;129;"CARUARU";"Chuva";"Saída de leito carroçável";"Com Vítimas Feridas";"Pleno dia";"Crescente";"Chuva";"Dupla";"Reta;Declive";"Sim";1;0;1;0;0;0;1;1;-8,30193507;-35,98092002;"SPRF-PE";"DEL02-PE";"UOP01-DEL02-PE"
523013;2023-05-14;"domingo";"12:50:00";"SC";101;130,5;"BALNEARIO CAMBORIU";"Conversão proibida";"Colisão transversal";"Com Vítimas Feridas";"Pleno dia";"Decrescente";"Céu Claro";"Simples";"Reta";"Sim";2;0;1;0;1;0;1;2;-26,98407618;-48,66977107;"SPRF-SC";"DEL04-SC";"UOP03-DEL04-SC"
523015;2023-05-14;"domingo";"12:06:00";"PR";116;121;"CURITIBA";"Trafegar com motocicleta (ou similar) entre as faixas";"Colisão lateral mesmo sentido";"Com Vítimas Feridas";"Pleno dia";"Crescente";"Céu Claro";"Dupla";"Reta";"Sim";3;0;1;0;2;0;1;3;-25,5599323;-49,30743945;"SPRF-PR";"DEL01-PR";"UOP03-DEL01-PR"
523017;2023-05-14;"domingo";"12:40:00";"MG";381;452,8;"SABARA";"Condutor deixou de manter distância do veículo da frente";"Colisão traseira";"Com Vítimas Feridas";"Pleno dia";"Crescente";"Nublado";"Simples";"Reta;Declive";"Sim";3;0;1;0;2;0;1;2;-19,83832024;-43,8806931;"SPRF-MG";"DEL01-MG";"UOP01-DEL01-MG"
523018;2023-05-14;"domingo";"12:20:00";"MG";262;479;"BOM DESPACHO";"Desrespeitar a preferência no cruzamento";"Colisão transversal";"Com Vítimas Feridas";"Pleno dia";"Crescente";"Sol";"Simples";"Reta";"Não";2;0;2;0;0;0;2;2;-19,78318046;-45,26882172;"SPRF-MG";"DEL08-MG";"UOP03-DEL08-MG"
523019;2023-05-14;"domingo";"13:00:00";"MG";381;519;"IGARAPE";"Ausência de reação do condutor";"Colisão traseira";"Com Vítimas Feridas";"Pleno dia";"Decrescente";"Céu Claro";"Dupla";"Curva;Declive";"Não";3;0;2;0;1;0;2;2;-20,12834104;-44,30330781;"SPRF-MG";"DEL04-MG";"UOP03-DEL04-MG"
523020;2023-05-14;"domingo";"12:00:00";"PR";116;4;"QUATRO BARRAS";"Reação tardia ou ineficiente do condutor";"Saída de leito carroçável";"Com Vítimas Feridas";"Pleno dia";"Decrescente";"Céu Claro";"Dupla";"Reta";"Não";2;0;2;0;0;0;2;1;-25,3629;-49,0822;"SPRF-PR";"DEL01-PR";"UOP02-DEL01-PR"
523021;2023-05-14;"domingo";"12:35:00";"RS";290;26;"SANTO ANTONIO DA PATRULHA";"Reação tardia ou ineficiente do condutor";"Saída de leito carroçável";"Com Vítimas Feridas";"Pleno dia";"Crescente";"Céu Claro";"Simples";"Rotatória";"Não";1;0;1;0;0;0;1;1;-29,88080194;-50,51575899;"SPRF-RS";"DEL03-RS";"UOP01-DEL03-RS"
523022;2023-05-14;"domingo";"13:05:00";"PR";277;436,2;"VIRMOND";"Ingestão de álcool pelo condutor";"Capotamento";"Com Vítimas Feridas";"Pleno dia";"Decrescente";"Sol";"Simples";"Curva";"Não";1;0;1;0;0;0;1;1;-25,37374294;-52,22093399;"SPRF-PR";"DEL04-PR";"UOP02-DEL04-PR"
523023;2023-05-14;"domingo";"12:45:00";"SP";116;225,4;"GUARULHOS";"Ausência de reação do condutor";"Colisão traseira";"Com Vítimas Feridas";"Pleno dia";"Crescente";"Céu Claro";"Múltipla";"Reta";"Sim";3;0;2;0;1;0;2;2;-23,48586772;-46,54075317;"SPRF-SP";"DEL01-SP";"UOP01-DEL01-SP"