"id";"data_inversa";"dia_semana";"horario";"uf";"br";"km";"municipio";"causa_acidente";"tipo_acidente";"classificacao_acidente";"fase_dia";"sentido_via";"condicao_metereologica";"tipo_pista";"tracado_via";"uso_solo";"pessoas";"mortos";"feridos_leves";"feridos_graves";"ilesos";"ignorados";"feridos";"veiculos";"latitude";"longitude";"regional";"delegacia";"uop"
523025;2023-05-14;"domingo";"13:30:00";"SP";381;45;"ATIBAIA";"Reação tardia ou ineficiente do condutor";"Colisão com objeto";"Com Vítimas Feridas";"Pleno dia";"Crescente";"Céu Claro";"Múltipla";"Reta";"Não";1;0;1;0;0;0;1;1;-23,17274184;-46,57748439;"SPRF-SP";"DEL03-SP";"UOP01-DEL03-SP"
523026;2023-05-14;"domingo";"12:12:00";"SC";470;63;"INDAIAL";"Velocidade Incompatível";"Colisão traseira";"Com Vítimas Feridas";"Pleno dia";"Decrescente";"Céu Claro";"Simples";"Reta";"Sim";2;0;1;0;1;0;1;2;-26,872396;-49,19228;"SPRF-SC";"DEL04-SC";"UOP01-DEL04-SC"
523027;2023-05-14;"domingo";"13:40:00";"SC";470;89;"ASCURRA";"Retorno proibido";"Colisão transversal";"Sem Vítimas";"Pleno dia";"Crescente";"Céu Claro";"Simples";"Reta";"Não";2;0;0;0;2;0;0;2;-26,961573;-49,371918;"SPRF-SC";"DEL04-SC";"UOP01-DEL04-SC"
523029;2023-05-14;"domingo";"10:00:00";"RS";290;285,1;"CACHOEIRA DO SUL";"Animais na Pista";"Atropelamento de Animal";"Com Vítimas Fatais";"Pleno dia";"Crescente";"Céu Claro";"Simples";"Reta";"Não";2;1;0;1;0;0;1;1;-30,25539;-53,073017;"SPRF-RS";"DEL02-RS";"UOP03-DEL02-RS"
523030;2023-05-14;"domingo";"13:30:00";"RJ";101;394;"RIO DE JANEIRO";"Manobra de mudança de faixa";"Saída de leito carroçável";"Com Vítimas Feridas";"Pleno dia";"Decrescente";"Céu Claro";"Dupla";"Reta";"Sim";1;0;1;0;0;0;1;1;-22,88582179;-43,71288392;"SPRF-RJ";"DEL03-RJ";"UOP01-DEL03-RJ"
523031;2023-05-14;"domingo";"14:15:00";"SE";101;18;"CEDRO DE SAO JOAO";"Chuva";"Capotamento";"Com Vítimas Feridas";"Pleno dia";"Crescente";"Chuva";"Dupla";"Curva;Declive";"Não";5;0;1;0;4;0;1;1;-10,34642149;-36,8979388;"SPRF-SE";"DEL02-SE";"UOP02-DEL02-SE"
523032;2023-05-14;"domingo";"13:30:00";"BA";116;24,5;"VITORIA DA CONQUISTA";"Acessar a via sem observar a presença dos outros veículos";"Colisão lateral sentido oposto";"Com Vítimas Feridas";"Pleno dia";"Crescente";"Céu Claro";"Dupla";"Interseção de Vias";"Sim";3;0;0;3;0;0;3;2;-14,86099;-40,79925;"SPRF-BA";"DEL08-BA";"UOP01-DEL08-BA"
523033;2023-05-14;"domingo";"14:40:00";"SC";101;223;"PALHOCA";"Velocidade Incompatível";"Colisão traseira";"Com Vítimas Feridas";"Pleno dia";"Crescente";"Céu Claro";"Dupla";"Reta";"Não";3;0;1;0;2;0;1;3;-27,71552634;-48,64881251;"SPRF-SC";"DEL01-SC";"UOP02-DEL01-SC"
523036;2023-05-14;"domingo";"14:10:00";"PB";230;106;"MOGEIRO";"Condutor Dormindo";"Saída de leito carroçável";"Com Vítimas Feridas";"Pleno dia";"Decrescente";"Chuva";"Dupla";"Curva";"Não";1;0;1;0;0;0;1;1;-7,2083;-35,5318;"SPRF-PB";"DEL01-PB";"UOP03-DEL01-PB"
523037;2023-05-14;"domingo";"14:00:00";"RN";304;33;"MOSSORO";"Reação tardia ou ineficiente do condutor";"Colisão com objeto";"Com Vítimas Feridas";"Pleno dia";"Crescente";"Chuva";"Dupla";"Reta";"Sim";1;0;1;0;0;0;1;1;-5,148076;-37,347596;"SPRF-RN";"DEL04-RN";"UOP02-DEL04-RN"
523038;2023-05-14;"domingo";"15:00:00";"MG";459;7,7;"CONGONHAL";"Ultrapassagem Indevida";"Colisão lateral sentido oposto";"Com Vítimas Feridas";"Pleno dia";"Decrescente";"Céu Claro";"Simples";"Reta";"Não";5;0;0;2;1;2;2;3;-22,152599;-46,014342;"SPRF-MG";"DEL09-MG";"UOP01-DEL09-MG"
523040;2023-05-14;"domingo";"15:00:00";"ES";101;224,2;"IBIRACU";"Ausência de reação do condutor";"Engavetamento";"Sem Vítimas";"Pleno dia";"Decrescente";"Céu Claro";"Simples";"Reta";"Não";4;0;0;0;4;0;0;4;-19,88448281;-40,41556146;"SPRF-ES";"DEL02-ES";"UOP01-DEL02-ES"
523041;2023-05-14;"domingo";"15:20:00";"SP";381;86;"GUARULHOS";"Ausência de reação do condutor";"Colisão com objeto";"Com Vítimas Feridas";"Pleno dia";"Decrescente";"Céu Claro";"Múltipla";"Curva";"Não";2;0;1;0;0;1;1;2;-23,45930499;-46,57161179;"SPRF-SP";"DEL03-SP";"UOP01-DEL03-SP"
523042;2023-05-14;"domingo";"15:30:00";"BA";116;15,1;"VITORIA DA CONQUISTA";"Ingestão de álcool pelo condutor";"Colisão traseira";"Com Vítimas Feridas";"Pleno dia";"Crescente";"Céu Claro";"Simples";"Reta";"Não";3;0;2;0;1;0;2;2;-14,89845875;-40,85699927;"SPRF-BA";"DEL08-BA";"UOP01-DEL08-BA"
523045;2023-05-14;"domingo";"15:15:00";"SC";282;259,3;"SAO JOSE DO CERRITO";"Reação tardia ou ineficiente do condutor";"Colisão com objeto";"Com Vítimas Feridas";"Pleno dia";"Decrescente";"Céu Claro";"Simples";"Curva;Declive";"Não";6;0;3;0;3;0;3;2;-27,65102143;-50,59418678;"SPRF-SC";"DEL05-SC";"UOP02-DEL05-SC"
523047;2023-05-14;"domingo";"14:15:00";"RJ";116;213;"SEROPEDICA";"Reação tardia ou ineficiente do condutor";"Queda de ocupante de veículo";"Com Vítimas Feridas";"Pleno dia";"Crescente";"Céu Claro";"Dupla";"Reta";"Não";1;0;1;0;0;0;1;1;-22,713438;-43,734085;"SPRF-RJ";"DEL01-RJ";"UOP03-DEL01-RJ"
523049;2023-05-14;"domingo";"16:20:00";"SC";101;205;"SAO JOSE";"Reação tardia ou ineficiente do condutor";"Queda de ocupante de veículo";"Com Vítimas Feridas";"Anoitecer";"Crescente";"Céu Claro";"Dupla";"Curva;Declive";"Sim";1;0;1;0;0;0;1;1;-27,58313237;-48,61532885;"SPRF-SC";"DEL01-SC";"UOP01-DEL01-SC"
523050;2023-05-14;"domingo";"16:30:00";"PR";376;244,5;"APUCARANA";"Ausência de reação do condutor";"Capotamento";"Com Vítimas Feridas";"Pleno dia";"Decrescente";"Sol";"Dupla";"Curva";"Não";4;0;0;1;3;0;1;1;-23,596168;-51,4113587;"SPRF-PR";"DEL07-PR";"UOP03-DEL07-PR"
523051;2023-05-14;"domingo";"16:40:00";"SP";116;108;"TAUBATE";"Manobra de mudança de faixa";"Colisão lateral mesmo sentido";"Com Vítimas Feridas";"Pleno dia";"Crescente";"Céu Claro";"Dupla";"Reta";"Não";3;0;0;1;2;0;1;2;-23,0233097;-45,53763622;"SPRF-SP";"DEL02-SP";"UOP02-DEL02-SP"
523053;2023-05-14;"domingo";"16:00:00";"SP";116;443;"REGISTRO";"Demais falhas mecânicas ou elétricas";"Tombamento";"Com Vítimas Feridas";"Pleno dia";"Decrescente";"Sol";"Dupla";"Ponte;Reta";"Não";1;0;1;0;0;0;1;1;-24,48336513;-47,8324358;"SPRF-SP";"DEL05-SP";"UOP01-DEL05-SP"
523054;2023-05-14;"domingo";"14:25:00";"RJ";101;324;"NITEROI";"Reação tardia ou ineficiente do condutor";"Colisão traseira";"Com Vítimas Feridas";"Pleno dia";"Decrescente";"Céu Claro";"Múltipla";"Ponte;Reta";"Não";2;0;1;0;1;0;1;2;-22,87381074;-43,12640997;"SPRF-RJ";"DEL02-RJ";"UOP01-DEL02-RJ"
523055;2023-05-14;"domingo";"10:25:00";"MG";381;174;"GOVERNADOR VALADARES";"Reação tardia ou ineficiente do condutor";"Colisão lateral mesmo sentido";"Com Vítimas Feridas";"Pleno dia";"Crescente";"Nublado";"Simples";"Reta";"Não";3;0;2;0;1;0;2;2;-18,969859;-42,092791;"SPRF-MG";"DEL06-MG";"UOP01-DEL06-MG"
523056;2023-05-14;"domingo";"17:25:00";"SC";101;334,2;"TUBARAO";"Ausência de reação do condutor";"Colisão traseira";"Com Vítimas Feridas";"Pleno dia";"Decrescente";"Céu Claro";"Dupla";"Aclive;Reta";"Sim";4;0;3;0;1;0;3;2;-28,47412369;-49,02614594;"SPRF-SC";"DEL02-SC";"UOP01-DEL02-SC"
523057;2023-05-14;"domingo";"17:30:00";"PR";277;729;"FOZ DO IGUACU";"Reação tardia ou ineficiente do condutor";"Colisão com objeto";"Sem Vítimas";"Pleno dia";"Crescente";"Céu Claro";"Dupla";"Interseção de Vias";"Sim";1;0;0;0;1;0;0;1;-25,50749887;-54,58379896;"SPRF-PR";"DEL05-PR";"UOP03-DEL05-PR"
523058;2023-05-14;"domingo";"17:30:00";"RS";290;113;"ELDORADO DO SUL";"Reação tardia ou ineficiente do condutor";"Colisão lateral mesmo sentido";"Com Vítimas Feridas";"Anoitecer";"Decrescente";"Céu Claro";"Simples";"Reta";"Não";4;0;1;0;3;0;1;2;-30,043636;-51,337456;"SPRF-RS";"DEL02-RS";"UOP01-DEL02-RS"
523060;2023-05-14;"domingo";"16:00:00";"PB";230;124;"RIACHAO DO BACAMARTE";"Pista Escorregadia";"Saída de leito carroçável";"Com Vítimas Feridas";"Pleno dia";"Crescente";"Chuva";"Dupla";"Declive";"Não";4;0;3;1;0;0;4;1;-7,2465;-35,6751;"SPRF-PB";"DEL02-PB";"UOP01-DEL02-PB"
523061;2023-05-14;"domingo";"17:30:00";"PB";230;12,7;"CABEDELO";"Pedestre cruzava a pista fora da faixa";"Atropelamento de Pedestre";"Com Vítimas Feridas";"Anoitecer";"Decrescente";"Céu Claro";"Dupla";"Reta";"Sim";2;0;0;1;1;0;1;2;-7,068;-34,85;"SPRF-PB";"DEL01-PB";"UOP01-DEL01-PB"
523062;2023-05-14;"domingo";"17:00:00";"RS";116;237;"NOVO HAMBURGO";"Ingestão de álcool pelo condutor";"Colisão lateral mesmo sentido";"Sem Vítimas";"Anoitecer";"Crescente";"Céu Claro";"Dupla";"Reta";"Sim";2;0;0;0;2;0;0;2;-29,67839398;-51,1422266;"SPRF-RS";"DEL01-RS";"UOP02-DEL01-RS"
523063;2023-05-14;"domingo";"18:00:00";"RS";470;239;"CARLOS BARBOSA";"Conversão proibida";"Colisão transversal";"Com Vítimas Feridas";"Plena Noite";"Crescente";"Céu Claro";"Simples";"Reta";"Sim";2;0;1;0;1;0;1;2;-29,3441056;-51,5086361;"SPRF-RS";"DEL06-RS";"UOP01-DEL06-RS"
523064;2023-05-14;"domingo";"17:15:00";"PE";428;189;"PETROLINA";"Condutor desrespeitou a iluminação vermelha do semáforo";"Colisão transversal";"Sem Vítimas";"Anoitecer";"Crescente";"Nublado";"Dupla";"Interseção de Vias";"Sim";2;0;0;0;2;0;0;2;-9,37197508;-40,48679585;"SPRF-PE";"DEL06-PE";"UOP01-DEL06-PE"
523065;2023-05-14;"domingo";"17:15:00";"PB";101;88,9;"JOAO PESSOA";"Condutor deixou de manter distância do veículo da frente";"Colisão traseira";"Com Vítimas Feridas";"Plena Noite";"Crescente";"Céu Claro";"Dupla";"Reta";"Sim";3;0;2;0;1;0;2;2;-7,16470016;-34,89993643;"SPRF-PB";"DEL01-PB";"UOP02-DEL01-PB"
523066;2023-05-14;"domingo";"16:39:00";"RJ";465;16;"NOVA IGUACU";"Velocidade Incompatível";"Saída de leito carroçável";"Com Vítimas Feridas";"Pleno dia";"Decrescente";"Céu Claro";"Simples";"Reta";"Sim";1;0;1;0;0;0;1;1;-22,816183;-43,62414;"SPRF-RJ";"DEL03-RJ";"UOP01-DEL03-RJ"
523067;2023-05-14;"domingo";"18:15:00";"RS";470;251;"SAO PEDRO DA SERRA";"Acessar a via sem observar a presença dos outros veículos";"Colisão transversal";"Com Vítimas Feridas";"Plena Noite";"Crescente";"Céu Claro";"Simples";"Reta";"Não";3;0;1;0;2;0;1;2;-29,380542;-51,494336;"SPRF-RS";"DEL06-RS";"UOP01-DEL06-RS"
523068;2023-05-14;"domingo";"18:00:00";"RJ";116;117;"MAGE";"Reação tardia ou ineficiente do condutor";"Tombamento";"Com Vítimas Feridas";"Plena Noite";"Decrescente";"Nublado";"Dupla";"Reta";"Não";1;0;1;0;0;0;1;1;-22,60276206;-43,02514183;"SPRF-RJ";"DEL04-RJ";"UOP02-DEL04-RJ"
523069;2023-05-14;"domingo";"18:10:00";"PI";343;14,1;"PARNAIBA";"Ingestão de álcool e/ou substâncias psicoativas pelo pedestre";"Atropelamento de Pedestre";"Com Vítimas Feridas";"Plena Noite";"Decrescente";"Céu Claro";"Dupla";"Rotatória";"Sim";2;0;0;1;1;0;1;2;-2,927902;-41,753502;"SPRF-PI";"DEL05-PI";"UOP01-DEL05-PI"
523070;2023-05-14;"domingo";"16:40:00";"PR";116;105;"SAO JOSE DOS PINHAIS";"Condutor deixou de manter distância do veículo da frente";"Engavetamento";"Sem Vítimas";"Pleno dia";"Crescente";"Céu Claro";"Dupla";"Reta";"Sim";10;0;0;0;10;0;0;3;-25,56635207;-49,16833598;"SPRF-PR";"DEL01-PR";"UOP07-DEL01-PR"
523071;2023-05-14;"domingo";"18:20:00";"CE";116;46;"PACAJUS";"Condutor deixou de manter distância do veículo da frente";"Engavetamento";"Sem Vítimas";"Plena Noite";"Decrescente";"Céu Claro";"Dupla";"Retorno Regulamentado";"Não";3;0;0;0;3;0;0;3;-4,13924054;-38,47994882;"SPRF-CE";"DEL01-CE";"UOP02-DEL01-CE"
523072;2023-05-14;"domingo";"18:30:00";"MG";365;451,7;"GUIMARANIA";"Mal súbito do condutor";"Capotamento";"Com Vítimas Feridas";"Plena Noite";"Crescente";"Céu Claro";"Simples";"Rotatória";"Não";2;0;0;2;0;0;2;1;-18,83594238;-46,83646889;"SPRF-MG";"DEL10-MG";"UOP01-DEL10-MG"
523073;2023-05-14;"domingo";"18:30:00";"RJ";356;163,2;"SAO JOAO DA BARRA";"Ingestão de álcool pelo condutor";"Saída de leito carroçável";"Com Vítimas Feridas";"Plena Noite";"Crescente";"Céu Claro";"Simples";"Reta";"Não";1;0;0;1;0;0;1;1;-21,712813;-41,16089;"SPRF-RJ";"DEL08-RJ";"UOP02-DEL08-RJ"
523074;2023-05-14;"domingo";"18:30:00";"MG";116;609,2;"SAO JOAO DO MANHUACU";"Velocidade Incompatível";"Colisão com objeto";"Com Vítimas Feridas";"Plena Noite";"Crescente";"Nublado";"Simples";"Curva";"Não";1;0;0;1;0;0;1;1;-20,41795624;-42,15354055;"SPRF-MG";"DEL07-MG";"UOP02-DEL07-MG"
523075;2023-05-10;"quarta-feira";"11:30:00";"RO";429;201;"SERINGUEIRAS";"Reação tardia ou ineficiente do condutor";"Colisão transversal";"Com Vítimas Feridas";"Pleno dia";"Decrescente";"Céu Claro";"Dupla";"Reta;Interseção de Vias";"Sim";2;0;0;1;1;0;1;2;-11,763358;-63,040091;"SPRF-RO";"DEL02-RO";"UOP03-DEL02-RO"
523076;2023-05-14;"domingo";"18:30:00";"MG";40;714,8;"BARBACENA";"Ausência de reação do condutor";"Colisão traseira";"Sem Vítimas";"Plena Noite";"Crescente";"Nublado";"Simples";"Reta";"Não";3;0;0;0;3;0;0;2;-21,24829882;-43,67987366;"SPRF-MG";"DEL05-MG";"UOP01-DEL05-MG"
523077;2023-05-14;"domingo";"18:30:00";"MG";40;509;"RIBEIRAO DAS NEVES";"Condutor deixou de manter distância do veículo da frente";"Colisão traseira";"Sem Vítimas";"Plena Noite";"Decrescente";"Céu Claro";"Dupla";"Reta;Declive";"Sim";2;0;0;0;2;0;0;2;-19,76728744;-44,12855905;"SPRF-MG";"DEL01-MG";"UOP02-DEL01-MG"
523079;2023-05-14;"domingo";"18:20:00";"PE";110;221;"PETROLANDIA";"Velocidade Incompatível";"Colisão transversal";"Com Vítimas Fatais";"Plena Noite";"Decrescente";"Céu Claro";"Simples";"Reta;Rotatória;Interseção de Vias";"Não";6;3;1;1;0;1;2;2;-9,001169;-38,214895;"SPRF-BA";"DEL07-BA";"UOP01-DEL07-BA"
523080;2023-05-14;"domingo";"18:30:00";"RS";158;328;"SANTA MARIA";"Velocidade Incompatível";"Colisão traseira";"Com Vítimas Feridas";"Anoitecer";"Crescente";"Céu Claro";"Dupla";"Reta";"Sim";10;0;3;1;4;2;4;4;-29,71112906;-53,81968204;"SPRF-RS";"DEL09-RS";"UOP01-DEL09-RS"
523081;2023-05-14;"domingo";"17:40:00";"PE";407;107;"PETROLINA";"Transitar na contramão";"Colisão transversal";"Com Vítimas Feridas";"Anoitecer";"Decrescente";"Nublado";"Simples";"Interseção de Vias";"Não";2;0;0;1;0;1;1;2;-9,24482932;-40,6145668;"SPRF-PE";"DEL06-PE";"UOP01-DEL06-PE"
523083;2023-05-14;"domingo";"11:30:00";"MA";316;424,2;"PERITORO";"Transitar na contramão";"Colisão transversal";"Com Vítimas Feridas";"Pleno dia";"Crescente";"Céu Claro";"Simples";"Reta";"Sim";2;0;0;1;1;0;1;2;-4,37054;-44,340851;"SPRF-MA";"DEL03-MA";"UOP01-DEL03-MA"
523084;2023-05-14;"domingo";"18:15:00";"SE";235;29;"AREIA BRANCA";"Ultrapassagem Indevida";"Colisão lateral mesmo sentido";"Com Vítimas Feridas";"Plena Noite";"Crescente";"Céu Claro";"Simples";"Reta";"Não";1;0;1;0;0;0;1;1;-10,790907;-37,284542;"SPRF-SE";"DEL01-SE";"UOP02-DEL01-SE"
523085;2023-05-14;"domingo";"16:15:00";"RJ";101;136;"CARAPEBUS";"Condutor Dormindo";"Colisão com objeto";"Com Vítimas Feridas";"Pleno dia";"Decrescente";"Nublado";"Dupla";"Reta";"Não";2;0;2;0;0;0;2;1;-22,15018124;-41,73133188;"SPRF-RJ";"DEL08-RJ";"UOP04-DEL08-RJ"
523086;2023-05-14;"domingo";"18:41:00";"RS";116;448,9;"SAO LOURENCO DO SUL";"Ingestão de álcool pelo condutor";"Saída de leito carroçável";"Com Vítimas Feridas";"Plena Noite";"Decrescente";"Céu Claro";"Dupla";"Reta";"Não";1;0;1;0;0;0;1;1;-31,177521;-52,02652099;"SPRF-RS";"DEL02-RS";"UOP02-DEL02-RS"
523087;2023-05-14;"domingo";"18:20:00";"SC";280;67,6;"JARAGUA DO SUL";"Condutor deixou de manter distância do veículo da frente";"Colisão traseira";"Com Vítimas Feridas";"Plena Noite";"Decrescente";"Nublado";"Simples";"Reta";"Não";2;0;1;0;1;0;1;2;-26,4775146;-49,10363575;"SPRF-SC";"DEL03-SC";"UOP03-DEL03-SC"
523088;2023-05-14;"domingo";"18:00:00";"AL";316;264;"SATUBA";"Condutor deixou de manter distância do veículo da frente";"Colisão traseira";"Com Vítimas Feridas";"Plena Noite";"Crescente";"Céu Claro";"Simples";"Reta";"Não";3;0;1;0;2;0;1;2;-9,58847626;-35,8696781;"SPRF-AL";"DEL02-AL";"UOP01-DEL02-AL"
523091;2023-05-14;"domingo";"18:18:00";"PI";343;347;"TERESINA";"Condutor deixou de manter distância do veículo da frente";"Colisão traseira";"Com Vítimas Feridas";"Plena Noite";"Crescente";"Céu Claro";"Simples";"Reta;Interseção de Vias";"Sim";3;0;1;0;2;0;1;2;-5,11990397;-42,78921604;"SPRF-PI";"DEL01-PI";"UOP01-DEL01-PI"
523094;2023-05-14;"domingo";"19:25:00";"SP";116;208;"GUARULHOS";"Manobra de mudança de faixa";"Colisão lateral mesmo sentido";"Com Vítimas Feridas";"Plena Noite";"Crescente";"Céu Claro";"Múltipla";"Reta";"Não";2;0;1;0;1;0;1;2;-23,42222263;-46,3932771;"SPRF-SP";"DEL01-SP";"UOP01-DEL01-SP"
523096;2023-05-14;"domingo";"17:40:00";"PR";277;594,8;"CASCAVEL";"Velocidade Incompatível";"Colisão lateral sentido oposto";"Com Vítimas Feridas";"Anoitecer";"Decrescente";"Céu Claro";"Simples";"Viaduto;Rotatória;Curva;Interseção de Vias";"Sim";3;0;1;0;1;1;1;3;-24,9798896;-53,49933462;"SPRF-PR";"DEL04-PR";"UOP01-DEL04-PR"
523098;2023-05-14;"domingo";"20:00:00";"PR";369;147;"LONDRINA";"Acessar a via sem observar a presença dos outros veículos";"Eventos atípicos";"Com Vítimas Feridas";"Plena Noite";"Crescente";"Céu Claro";"Dupla";"Reta;Aclive";"Sim";2;0;1;0;1;0;1;2;-23,29299999;-51,13930285;"SPRF-PR";"DEL07-PR";"UOP01-DEL07-PR"
523100;2023-05-14;"domingo";"19:20:00";"BA";30;370;"BRUMADO";"Reação tardia ou ineficiente do condutor";"Colisão traseira";"Com Vítimas Feridas";"Plena Noite";"Decrescente";"Céu Claro";"Simples";"Reta";"Não";3;0;0;2;1;0;2;2;-14,25692514;-41,77094398;"SPRF-BA";"DEL08-BA";"UOP01-DEL08-BA"
523101;2023-05-14;"domingo";"19:30:00";"SE";101;51,6;"CARMOPOLIS";"Acumulo de água sobre o pavimento";"Queda de ocupante de veículo";"Com Vítimas Feridas";"Plena Noite";"Crescente";"Nublado";"Simples";"Desvio Temporário;Reta;Em Obras";"Não";1;0;1;0;0;0;1;1;-10,61153091;-36,97737715;"SPRF-SE";"DEL02-SE";"UOP02-DEL02-SE"
523102;2023-05-14;"domingo";"19:25:00";"SP";153;65,1;"SAO JOSE DO RIO PRETO";"Reação tardia ou ineficiente do condutor";"Colisão traseira";"Com Vítimas Feridas";"Plena Noite";"Crescente";"Céu Claro";"Dupla";"Reta;Viaduto";"Não";3;0;1;0;2;0;1;2;-20,8355877;-49,36570039;"SPRF-SP";"DEL09-SP";"UOP01-DEL09-SP"
523103;2023-05-14;"domingo";"19:40:00";"ES";101;90,5;"JAGUARE";"Acessar a via sem observar a presença dos outros veículos";"Colisão transversal";"Com Vítimas Feridas";"Plena Noite";"Crescente";"Céu Claro";"Simples";"Reta;Retorno Regulamentado";"Sim";3;0;2;1;0;0;3;2;-18,89806708;-39,95602283;"SPRF-ES";"DEL04-ES";"UOP02-DEL04-ES"
523104;2023-05-14;"domingo";"18:30:00";"PR";277;61;"SAO JOSE DOS PINHAIS";"Desrespeitar a preferência no cruzamento";"Colisão transversal";"Com Vítimas Feridas";"Anoitecer";"Crescente";"Céu Claro";"Dupla";"Retorno Regulamentado";"Não";2;0;1;0;1;0;1;2;-25,56895101;-48,99932401;"SPRF-PR";"DEL01-PR";"UOP01-DEL01-PR"
523105;2023-05-14;"domingo";"20:12:00";"SC";101;216;"PALHOCA";"Condutor deixou de manter distância do veículo da frente";"Colisão traseira";"Com Vítimas Feridas";"Plena Noite";"Crescente";"Céu Claro";"Dupla";"Reta";"Sim";2;0;0;1;1;0;1;2;-27,6597548;-48,67768407;"SPRF-SC";"DEL01-SC";"UOP02-DEL01-SC"
523108;2023-05-14;"domingo";"18:50:00";"BA";415;25;"ILHEUS";"Curva acentuada";"Capotamento";"Sem Vítimas";"Anoitecer";"Crescente";"Céu Claro";"Simples";"Curva";"Não";1;0;0;0;1;0;0;1;-14,8482;-39,281986;"SPRF-BA";"DEL05-BA";"UOP01-DEL05-BA"
523109;2023-05-14;"domingo";"08:00:00";"RS";392;66,3;"PELOTAS";"Ausência de reação do condutor";"Queda de ocupante de veículo";"Com Vítimas Feridas";"Pleno dia";"Crescente";"Céu Claro";"Dupla";"Reta";"Não";1;0;1;0;0;0;1;1;-31,7627503;-52,39165019;"SPRF-RS";"DEL07-RS";"UOP01-DEL07-RS"
523111;2023-05-14;"domingo";"20:00:00";"PI";343;343;"TERESINA";"Ausência de reação do condutor";"Colisão com objeto";"Com Vítimas Feridas";"Plena Noite";"Crescente";"Céu Claro";"Dupla";"Reta;Em Obras";"Sim";1;0;0;1;0;0;1;1;-5,087362;-42,757851;"SPRF-PI";"DEL01-PI";"UOP01-DEL01-PI"
523112;2023-05-14;"domingo";"15:30:00";"MG";262;439,3;"NOVA SERRANA";"Reação tardia ou ineficiente do condutor";"Tombamento";"Com Vítimas Feridas";"Pleno dia";"Crescente";"Céu Claro";"Simples";"Reta";"Não";1;0;1;0;0;0;1;1;-19,89197285;-44,88685183;"SPRF-MG";"DEL08-MG";"UOP03-DEL08-MG"
523113;2023-05-14;"domingo";"20:00:00";"MG";40;430,1;"PARAOPEBA";"Acessar a via sem observar a presença dos outros veículos";"Atropelamento de Animal";"Com Vítimas Feridas";"Plena Noite";"Crescente";"Céu Claro";"Dupla";"Reta";"Não";5;0;3;2;0;0;5;2;-19,19144984;-44,48681487;"SPRF-MG";"DEL02-MG";"UOP01-DEL02-MG"
523116;2023-05-14;"domingo";"20:30:00";"MG";116;650,6;"FERVEDOURO";"Desrespeitar a preferência no cruzamento";"Colisão traseira";"Com Vítimas Feridas";"Pleno dia";"Crescente";"Nublado";"Simples";"Curva";"Sim";2;0;0;2;0;0;2;2;-20,726677;-42,28049;"SPRF-MG";"DEL07-MG";"UOP02-DEL07-MG"
523117;2023-05-14;"domingo";"18:40:00";"PR";163;76,3;"PLANALTO";"Reação tardia ou ineficiente do condutor";"Saída de leito carroçável";"Com Vítimas Feridas";"Anoitecer";"Crescente";"Céu Claro";"Simples";"Curva";"Não";6;0;3;3;0;0;6;1;-25,78673814;-53,7865901;"SPRF-PR";"DEL02-PR";"UOP02-DEL02-PR"
523119;2023-05-14;"domingo";"19:10:00";"RJ";116;213,5;"SEROPEDICA";"Ausência de reação do condutor";"Colisão traseira";"Sem Vítimas";"Plena Noite";"Crescente";"Céu Claro";"Múltipla";"Reta";"Não";7;0;0;0;7;0;0;2;-22,713438;-43,734085;"SPRF-RJ";"DEL01-RJ";"UOP03-DEL01-RJ"
523121;2023-05-14;"domingo";"20:42:00";"RS";470;229;"CARLOS BARBOSA";"Reação tardia ou ineficiente do condutor";"Colisão com objeto";"Com Vítimas Feridas";"Plena Noite";"Decrescente";"Céu Claro";"Simples";"Viaduto";"Sim";5;0;5;0;0;0;5;1;-29,27845316;-51,49266427;"SPRF-RS";"DEL06-RS";"UOP01-DEL06-RS"
523122;2023-04-08;"sábado";"20:30:00";"PR";476;120;"COLOMBO";"Manobra de mudança de faixa";"Colisão lateral sentido oposto";"Sem Vítimas";"Plena Noite";"Decrescente";"Ignorado";"Dupla";"Reta";"Sim";2;0;0;0;2;0;0;2;-25,37191;-49,19146;"SPRF-PR";"DEL01-PR";"UOP01-DEL01-PR"
523125;2023-05-14;"domingo";"19:00:00";"MA";316;561;"CAXIAS";"Ausência de reação do condutor";"Colisão traseira";"Com Vítimas Feridas";"Plena Noite";"Decrescente";"Céu Claro";"Simples";"Reta";"Não";3;0;1;1;0;1;2;2;-4,893173;-43,275978;"SPRF-MA";"DEL03-MA";"UOP02-DEL03-MA"
523126;2023-05-14;"domingo";"18:15:00";"RO";364;339,7;"JI-PARANA";"Condutor desrespeitou a iluminação vermelha do semáforo";"Colisão transversal";"Sem Vítimas";"Anoitecer";"Crescente";"Céu Claro";"Dupla";"Interseção de Vias";"Sim";4;0;0;0;3;1;0;2;-10,907816;-61,93017402;"SPRF-RO";"DEL02-RO";"UOP01-DEL02-RO"
523127;2023-05-14;"domingo";"17:00:00";"BA";116;671;"JEQUIE";"Frear bruscamente";"Tombamento";"Com Vítimas Feridas";"Pleno dia";"Crescente";"Céu Claro";"Simples";"Reta";"Não";1;0;1;0;0;0;1;1;-13,79113503;-40,10946188;"SPRF-BA";"DEL03-BA";"UOP01-DEL03-BA"
523128;2023-05-14;"domingo";"20:30:00";"SC";282;4,5;"SAO JOSE";"Velocidade Incompatível";"Colisão com objeto";"Com Vítimas Fatais";"Plena Noite";"Crescente";"Céu Claro";"Múltipla";"Reta";"Sim";2;1;0;0;0;1;0;2;-27,591382;-48,606206;"SPRF-SC";"DEL01-SC";"UOP01-DEL01-SC"