"id";"data_inversa";"dia_semana";"horario";"uf";"br";"km";"municipio";"causa_acidente";"tipo_acidente";"classificacao_acidente";"fase_dia";"sentido_via";"condicao_metereologica";"tipo_pista";"tracado_via";"uso_solo";"pessoas";"mortos";"feridos_leves";"feridos_graves";"ilesos";"ignorados";"feridos";"veiculos";"latitude";"longitude";"regional";"delegacia";"uop"
523129;2023-05-14;"domingo";"18:35:00";"MG";50;195,2;"DELTA";"Ausência de reação do condutor";"Colisão com objeto";"Com Vítimas Feridas";"Plena Noite";"Crescente";"Céu Claro";"Dupla";"Reta;Declive";"Não";1;0;1;0;0;0;1;1;-19,89522626;-47,84311039;"SPRF-MG";"DEL13-MG";"UOP01-DEL13-MG"
523130;2023-05-14;"domingo";"20:05:00";"MG";381;539;"ITATIAIUCU";"Ultrapassagem Indevida";"Colisão com objeto";"Com Vítimas Feridas";"Plena Noite";"Decrescente";"Céu Claro";"Dupla";"Reta";"Sim";3;0;1;0;2;0;1;2;-20,242548;-44,41251621;"SPRF-MG";"DEL04-MG";"UOP03-DEL04-MG"
523132;2023-05-14;"domingo";"21:10:00";"RS";470;330;"TRIUNFO";"Reação tardia ou ineficiente do condutor";"Colisão lateral sentido oposto";"Sem Vítimas";"Plena Noite";"Crescente";"Céu Claro";"Simples";"Reta";"Não";2;0;0;0;2;0;0;2;-29,84135409;-51,68915276;"SPRF-RS";"DEL04-RS";"UOP02-DEL04-RS"
523133;2023-05-14;"domingo";"20:19:00";"CE";116;1;"FORTALEZA";"Ingestão de álcool pelo condutor";"Colisão traseira";"Sem Vítimas";"Plena Noite";"Decrescente";"Chuva";"Dupla";"Reta";"Sim";2;0;0;0;2;0;0;2;-3,76159894;-38,51900662;"SPRF-CE";"DEL01-CE";"UOP02-DEL01-CE"
523134;2023-05-14;"domingo";"18:20:00";"BA";407;131;"SENHOR DO BONFIM";"Ingestão de álcool pelo condutor";"Queda de ocupante de veículo";"Com Vítimas Feridas";"Plena Noite";"Crescente";"Céu Claro";"Simples";"Reta";"Não";1;0;0;1;0;0;1;1;-10,49567411;-40,16127128;"SPRF-BA";"DEL04-BA";"UOP01-DEL04-BA"
523135;2023-05-14;"domingo";"20:00:00";"MG";40;305,7;"TRES MARIAS";"Reação tardia ou ineficiente do condutor";"Saída de leito carroçável";"Com Vítimas Feridas";"Plena Noite";"Decrescente";"Céu Claro";"Simples";"Reta";"Não";2;0;1;1;0;0;2;1;-18,38336143;-45,10007858;"SPRF-MG";"DEL14-MG";"UOP02-DEL14-MG"
523136;2023-05-14;"domingo";"13:30:00";"BA";407;71,1;"JAGUARARI";"Ingestão de álcool pelo condutor";"Saída de leito carroçável";"Com Vítimas Feridas";"Pleno dia";"Decrescente";"Sol";"Simples";"Reta";"Não";2;0;0;2;0;0;2;1;-9,98271968;-40,24187901;"SPRF-BA";"DEL04-BA";"UOP01-DEL04-BA"
523137;2023-05-14;"domingo";"21:00:00";"BA";116;816,8;"VITORIA DA CONQUISTA";"Acessar a via sem observar a presença dos outros veículos";"Colisão transversal";"Com Vítimas Feridas";"Plena Noite";"Crescente";"Céu Claro";"Simples";"Reta";"Não";4;0;2;0;1;1;2;2;-14,82351808;-40,81844872;"SPRF-BA";"DEL08-BA";"UOP01-DEL08-BA"
523138;2023-05-14;"domingo";"18:31:00";"RO";364;18;"VILHENA";"Condutor deixou de manter distância do veículo da frente";"Colisão traseira";"Com Vítimas Feridas";"Plena Noite";"Decrescente";"Céu Claro";"Simples";"Reta";"Não";2;0;1;0;1;0;1;2;-12,72972661;-60,17479789;"SPRF-RO";"DEL04-RO";"UOP01-DEL04-RO"
523139;2023-05-14;"domingo";"21:40:00";"SP";116;208;"GUARULHOS";"Reação tardia ou ineficiente do condutor";"Engavetamento";"Com Vítimas Feridas";"Plena Noite";"Crescente";"Céu Claro";"Múltipla";"Reta";"Sim";10;0;2;0;8;0;2;3;-23,42222263;-46,3932771;"SPRF-SP";"DEL01-SP";"UOP01-DEL01-SP"
523141;2023-05-14;"domingo";"20:15:00";"MS";163;433;"CAMPO GRANDE";"Ausência de reação do condutor";"Saída de leito carroçável";"Sem Vítimas";"Plena Noite";"Decrescente";"Céu Claro";"Simples";"Reta";"Não";1;0;0;0;1;0;0;1;-20,87463003;-54,50627117;"SPRF-MS";"DEL01-MS";"UOP01-DEL01-MS"
523142;2023-05-14;"domingo";"20:01:00";"MG";40;42;"PARACATU";"Ingestão de substâncias psicoativas pelo condutor";"Colisão frontal";"Sem Vítimas";"Plena Noite";"Crescente";"Céu Claro";"Simples";"Reta";"Sim";2;0;0;0;1;1;0;2;-17,2188441;-46,8666753;"SPRF-MG";"DEL14-MG";"UOP01-DEL14-MG"
523145;2023-05-14;"domingo";"18:20:00";"SC";101;103,6;"BALNEARIO PICARRAS";"Reação tardia ou ineficiente do condutor";"Colisão traseira";"Com Vítimas Feridas";"Plena Noite";"Crescente";"Céu Claro";"Dupla";"Reta";"Não";7;0;3;0;2;2;3;3;-26,78968;-48,681552;"SPRF-SC";"DEL03-SC";"UOP02-DEL03-SC"
523146;2023-05-14;"domingo";"21:10:00";"PI";343;248;"CAMPO MAIOR";"Ausência de reação do condutor";"Atropelamento de Pedestre";"Com Vítimas Fatais";"Plena Noite";"Crescente";"Céu Claro";"Simples";"Reta";"Não";2;1;0;0;0;1;0;2;-4,712381;-42,090855;"SPRF-PI";"DEL01-PI";"UOP03-DEL01-PI"
523147;2023-05-14;"domingo";"20:20:00";"RJ";116;265;"VOLTA REDONDA";"Acessar a via sem observar a presença dos outros veículos";"Colisão traseira";"Com Vítimas Feridas";"Plena Noite";"Crescente";"Nublado";"Múltipla";"Interseção de Vias";"Não";3;0;1;0;2;0;1;2;-22,58784914;-44,08578403;"SPRF-RJ";"DEL07-RJ";"UOP02-DEL07-RJ"
523148;2023-05-14;"domingo";"18:00:00";"SC";116;67,9;"MONTE CASTELO";"Ultrapassagem Indevida";"Colisão frontal";"Com Vítimas Fatais";"Anoitecer";"Decrescente";"Céu Claro";"Simples";"Reta;Aclive";"Não";5;1;0;3;1;0;3;3;-26,4499788;-50,2279713;"SPRF-SC";"DEL06-SC";"UOP02-DEL06-SC"
523150;2023-05-14;"domingo";"20:30:00";"RS";116;653;"JAGUARAO";"Reação tardia ou ineficiente do condutor";"Colisão com objeto";"Sem Vítimas";"Plena Noite";"Decrescente";"Céu Claro";"Simples";"Ponte";"Não";1;0;0;0;0;1;0;1;-32,54174763;-53,36736825;"SPRF-RS";"DEL07-RS";"UOP03-DEL07-RS"
523151;2023-05-14;"domingo";"21:50:00";"MA";316;258,6;"SANTA INES";"Pista esburacada";"Queda de ocupante de veículo";"Com Vítimas Feridas";"Plena Noite";"Crescente";"Garoa/Chuvisco";"Simples";"Reta";"Não";2;0;2;0;0;0;2;1;-3,657972;-45,407597;"SPRF-MA";"DEL02-MA";"UOP01-DEL02-MA"
523154;2023-05-14;"domingo";"22:45:00";"ES";101;433,6;"ATILIO VIVACQUA";"Velocidade Incompatível";"Tombamento";"Com Vítimas Fatais";"Plena Noite";"Decrescente";"Nublado";"Simples";"Curva;Declive";"Não";1;1;0;0;0;0;0;1;-21,04218499;-41,18389907;"SPRF-ES";"DEL03-ES";"UOP02-DEL03-ES"
523156;2023-05-14;"domingo";"22:35:00";"ES";101;141;"LINHARES";"Ausência de reação do condutor";"Colisão traseira";"Sem Vítimas";"Plena Noite";"Crescente";"Céu Claro";"Simples";"Interseção de Vias;Reta";"Sim";3;0;0;0;2;1;0;2;-19,32655693;-40,07192387;"SPRF-ES";"DEL04-ES";"UOP01-DEL04-ES"
523158;2023-05-14;"domingo";"19:30:00";"MG";365;756,3;"ITUIUTABA";"Velocidade Incompatível";"Saída de leito carroçável";"Com Vítimas Feridas";"Plena Noite";"Crescente";"Céu Claro";"Simples";"Reta";"Não";1;0;1;0;0;0;1;1;-18,95717176;-49,4695793;"SPRF-MG";"DEL15-MG";"UOP03-DEL15-MG"
523160;2023-05-14;"domingo";"22:00:00";"MT";364;564,5;"NOBRES";"Condutor Dormindo";"Saída de leito carroçável";"Com Vítimas Feridas";"Plena Noite";"Decrescente";"Céu Claro";"Dupla";"Reta";"Não";2;0;1;1;0;0;2;1;-14,76958479;-56,35495817;"SPRF-MT";"DEL01-MT";"UOP01-DEL01-MT"
523161;2023-05-14;"domingo";"23:10:00";"PR";369;90;"CORNELIO PROCOPIO";"Ausência de reação do condutor";"Tombamento";"Com Vítimas Feridas";"Plena Noite";"Crescente";"Céu Claro";"Dupla";"Reta";"Sim";1;0;1;0;0;0;1;1;-23,19398149;-50,65130418;"SPRF-PR";"DEL07-PR";"UOP05-DEL07-PR"
523163;2023-05-14;"domingo";"23:10:00";"PA";316;107;"SANTA MARIA DO PARA";"Transitar na contramão";"Colisão frontal";"Com Vítimas Feridas";"Plena Noite";"Decrescente";"Céu Claro";"Simples";"Reta";"Sim";4;0;1;1;2;0;2;2;-1,33767446;-47,54282581;"SPRF-PA";"DEL01-PA";"UOP02-DEL01-PA"
523164;2023-05-14;"domingo";"23:50:00";"DF";70;18;"BRASILIA";"Ingestão de álcool pelo condutor";"Colisão traseira";"Sem Vítimas";"Plena Noite";"Crescente";"Céu Claro";"Dupla";"Retorno Regulamentado;Reta";"Não";2;0;0;0;2;0;0;2;-15,78928027;-48,21733117;"SPRF-DF";"DEL03-DF";"UOP02-DEL03-DF"
523165;2023-05-14;"domingo";"23:40:00";"SC";101;275,4;"IMBITUBA";"Reação tardia ou ineficiente do condutor";"Capotamento";"Com Vítimas Feridas";"Plena Noite";"Decrescente";"Céu Claro";"Múltipla";"Reta";"Não";2;0;1;1;0;0;2;1;-28,15125992;-48,6920768;"SPRF-SC";"DEL02-SC";"UOP03-DEL02-SC"
523166;2023-05-14;"domingo";"21:30:00";"MT";364;362;"SANTO ANTONIO DO LEVERGER";"Ausência de reação do condutor";"Saída de leito carroçável";"Com Vítimas Feridas";"Plena Noite";"Crescente";"Céu Claro";"Dupla";"Curva";"Não";2;0;1;1;0;0;2;1;-15,752815;-55,657673;"SPRF-MT";"DEL01-MT";"UOP02-DEL01-MT"
523167;2023-05-15;"segunda-feira";"00:55:00";"AL";104;34;"UNIAO DOS PALMARES";"Ingestão de álcool pelo condutor";"Colisão frontal";"Com Vítimas Feridas";"Plena Noite";"Decrescente";"Céu Claro";"Simples";"Reta";"Sim";2;0;0;1;1;0;1;2;-9,15381;-36,01296413;"SPRF-AL";"DEL01-AL";"UOP02-DEL01-AL"
523168;2023-05-15;"segunda-feira";"00:10:00";"PR";376;350,5;"APUCARANA";"Reação tardia ou ineficiente do condutor";"Tombamento";"Com Vítimas Feridas";"Plena Noite";"Crescente";"Céu Claro";"Dupla";"Curva";"Não";1;0;1;0;0;0;1;1;-23,6174743;-51,39575958;"SPRF-PR";"DEL07-PR";"UOP02-DEL07-PR"
523170;2023-05-15;"segunda-feira";"00:30:00";"MG";356;271,5;"MURIAE";"Avarias e/ou desgaste excessivo no pneu";"Capotamento";"Com Vítimas Feridas";"Plena Noite";"Crescente";"Nublado";"Simples";"Curva";"Não";4;0;3;1;0;0;4;1;-21,13210421;-42,31711942;"SPRF-MG";"DEL07-MG";"UOP02-DEL07-MG"
523171;2023-05-14;"domingo";"20:40:00";"PA";222;220;"BOM JESUS DO TOCANTINS";"Velocidade Incompatível";"Atropelamento de Pedestre";"Com Vítimas Fatais";"Plena Noite";"Decrescente";"Céu Claro";"Simples";"Reta";"Não";2;1;0;0;0;1;0;2;-5,18694;-48,995655;"SPRF-PA";"DEL03-PA";"UOP01-DEL03-PA"
523174;2023-05-14;"domingo";"23:30:00";"RR";174;223,1;"RORAINOPOLIS";"Ingestão de álcool pelo condutor";"Tombamento";"Com Vítimas Feridas";"Plena Noite";"Crescente";"Céu Claro";"Simples";"Reta";"Não";2;0;2;0;0;0;2;1;1,033659;-60,387623;"SPRF-RR";"DEL01-RR";"UOP01-DEL01-RR"
523175;2023-05-15;"segunda-feira";"00:05:00";"MG";365;625;"UBERLANDIA";"Ingestão de álcool pelo condutor";"Colisão traseira";"Com Vítimas Feridas";"Plena Noite";"Decrescente";"Céu Claro";"Dupla";"Reta";"Sim";3;0;2;1;0;0;3;2;-18,90585472;-48,32526001;"SPRF-MG";"DEL15-MG";"UOP01-DEL15-MG"
523177;2023-05-15;"segunda-feira";"01:10:00";"RJ";116;188;"NOVA IGUACU";"Reação tardia ou ineficiente do condutor";"Capotamento";"Com Vítimas Feridas";"Plena Noite";"Decrescente";"Céu Claro";"Dupla";"Reta";"Não";4;0;0;1;3;0;1;1;-22,7380709;-43,48213999;"SPRF-RJ";"DEL01-RJ";"UOP02-DEL01-RJ"
523179;2023-05-15;"segunda-feira";"00:40:00";"RJ";465;5;"SEROPEDICA";"Acessar a via sem observar a presença dos outros veículos";"Colisão transversal";"Com Vítimas Feridas";"Plena Noite";"Crescente";"Nublado";"Simples";"Reta";"Sim";3;0;1;1;1;0;2;2;-22,747673;-43,699196;"SPRF-RJ";"DEL01-RJ";"UOP03-DEL01-RJ"
523180;2023-05-14;"domingo";"19:40:00";"MT";70;518;"VARZEA GRANDE";"Acessar a via sem observar a presença dos outros veículos";"Colisão transversal";"Com Vítimas Feridas";"Plena Noite";"Crescente";"Nublado";"Simples";"Reta";"Não";3;0;1;1;0;1;2;2;-15,692493;-56,16804;"SPRF-MT";"DEL01-MT";"UOP02-DEL01-MT"
523181;2023-05-15;"segunda-feira";"01:30:00";"RJ";116;139;"MAGE";"Ausência de reação do condutor";"Colisão com objeto";"Sem Vítimas";"Plena Noite";"Crescente";"Nublado";"Dupla";"Reta";"Não";1;0;0;0;0;1;0;1;-22,64655224;-43,20138601;"SPRF-RJ";"DEL01-RJ";"UOP01-DEL01-RJ"
523183;2023-05-15;"segunda-feira";"02:30:00";"MG";40;464,3;"SETE LAGOAS";"Reação tardia ou ineficiente do condutor";"Saída de leito carroçável";"Com Vítimas Feridas";"Plena Noite";"Crescente";"Céu Claro";"Dupla";"Curva;Declive";"Não";5;0;1;4;0;0;5;1;-19,43110896;-44,33657482;"SPRF-MG";"DEL02-MG";"UOP01-DEL02-MG"
523184;2023-05-15;"segunda-feira";"00:15:00";"RS";116;234;"NOVO HAMBURGO";"Ingestão de álcool pelo condutor";"Colisão traseira";"Sem Vítimas";"Plena Noite";"Decrescente";"Céu Claro";"Simples";"Reta";"Sim";2;0;0;0;1;1;0;2;-29,65121313;-51,1444433;"SPRF-RS";"DEL01-RS";"UOP02-DEL01-RS"
523186;2023-05-14;"domingo";"22:00:00";"PE";428;180;"PETROLINA";"Transitar na contramão";"Colisão frontal";"Com Vítimas Fatais";"Plena Noite";"Decrescente";"Céu Claro";"Simples";"Reta";"Não";2;2;0;0;0;0;0;2;-9,3001832;-40,44980961;"SPRF-PE";"DEL06-PE";"UOP01-DEL06-PE"
523187;2023-05-14;"domingo";"23:30:00";"MG";40;817;"SIMAO PEREIRA";"Reação tardia ou ineficiente do condutor";"Saída de leito carroçável";"Com Vítimas Feridas";"Plena Noite";"Decrescente";"Céu Claro";"Dupla";"Curva";"Não";2;0;1;0;1;0;1;1;-21,91490209;-43,32070083;"SPRF-MG";"DEL05-MG";"UOP01-DEL05-MG"
523189;2023-05-14;"domingo";"18:45:00";"MG";262;786;"UBERABA";"Ausência de reação do condutor";"Saída de leito carroçável";"Com Vítimas Feridas";"Plena Noite";"Crescente";"Céu Claro";"Simples";"Reta";"Não";5;0;5;0;0;0;5;1;-19,7601993;-47,81279315;"SPRF-MG";"DEL13-MG";"UOP01-DEL13-MG"
523192;2023-05-15;"segunda-feira";"03:35:00";"MS";163;501;"JARAGUARI";"Ingestão de álcool pelo condutor";"Saída de leito carroçável";"Com Vítimas Feridas";"Plena Noite";"Crescente";"Céu Claro";"Simples";"Reta";"Não";1;0;1;0;0;0;1;1;-20,31813699;-54,51434503;"SPRF-MS";"DEL01-MS";"UOP02-DEL01-MS"
523193;2023-05-15;"segunda-feira";"06:10:00";"MG";40;615;"CONGONHAS";"Trafegar com motocicleta (ou similar) entre as faixas";"Colisão lateral mesmo sentido";"Com Vítimas Feridas";"Amanhecer";"Decrescente";"Céu Claro";"Simples";"Viaduto;Reta";"Não";2;0;1;0;1;0;1;2;-20,53765999;-43,82077849;"SPRF-MG";"DEL05-MG";"UOP02-DEL05-MG"
523194;2023-05-15;"segunda-feira";"06:45:00";"PR";369;449,8;"UBIRATA";"Acessar a via sem observar a presença dos outros veículos";"Colisão transversal";"Com Vítimas Fatais";"Pleno dia";"Crescente";"Céu Claro";"Simples";"Interseção de Vias";"Não";8;1;0;4;3;0;4;2;-24,5570491;-52,9981947;"SPRF-PR";"DEL04-PR";"UOP03-DEL04-PR"
523196;2023-05-15;"segunda-feira";"06:35:00";"MG";381;442;"SABARA";"Condutor Dormindo";"Colisão traseira";"Com Vítimas Feridas";"Amanhecer";"Decrescente";"Céu Claro";"Simples";"Reta;Aclive";"Não";2;0;1;0;1;0;1;2;-19,822546;-43,817345;"SPRF-MG";"DEL01-MG";"UOP01-DEL01-MG"
523199;2023-05-14;"domingo";"18:20:00";"SC";470;62;"INDAIAL";"Acessar a via sem observar a presença dos outros veículos";"Colisão transversal";"Com Vítimas Feridas";"Anoitecer";"Crescente";"Céu Claro";"Simples";"Reta";"Sim";3;0;2;0;1;0;2;2;-26,874521;-49,182938;"SPRF-SC";"DEL04-SC";"UOP01-DEL04-SC"
523200;2023-05-15;"segunda-feira";"06:30:00";"GO";20;66;"FORMOSA";"Ultrapassagem Indevida";"Colisão frontal";"Com Vítimas Fatais";"Amanhecer";"Crescente";"Céu Claro";"Simples";"Reta";"Não";3;1;0;0;2;0;0;2;-15,204425;-47,154827;"SPRF-DF";"DEL02-DF";"UOP02-DEL02-DF"
523201;2023-05-14;"domingo";"22:50:00";"GO";60;442;"JATAI";"Reação tardia ou ineficiente do condutor";"Saída de leito carroçável";"Sem Vítimas";"Plena Noite";"Crescente";"Céu Claro";"Dupla";"Reta";"Não";5;0;0;0;4;1;0;1;-17,8421;-51,4504;"SPRF-GO";"DEL05-GO";"UOP01-DEL05-GO"
523205;2023-05-14;"domingo";"19:45:00";"RO";364;13;"VILHENA";"Transitar na contramão";"Colisão transversal";"Com Vítimas Feridas";"Plena Noite";"Decrescente";"Céu Claro";"Simples";"Interseção de Vias";"Sim";2;0;1;0;1;0;1;2;-12,74140004;-60,13026401;"SPRF-RO";"DEL04-RO";"UOP01-DEL04-RO"
523206;2023-05-15;"segunda-feira";"06:35:00";"SP";153;111;"JOSE BONIFACIO";"Ausência de reação do condutor";"Capotamento";"Com Vítimas Feridas";"Amanhecer";"Crescente";"Céu Claro";"Simples";"Declive";"Não";1;0;1;0;0;0;1;1;-21,0966259;-49,67870622;"SPRF-SP";"DEL09-SP";"UOP01-DEL09-SP"
523207;2023-05-15;"segunda-feira";"01:20:00";"RJ";40;116;"DUQUE DE CAXIAS";"Condutor Dormindo";"Queda de ocupante de veículo";"Com Vítimas Feridas";"Plena Noite";"Crescente";"Céu Claro";"Múltipla";"Reta";"Sim";1;0;1;0;0;0;1;1;-22,73662299;-43,28858785;"SPRF-RJ";"DEL01-RJ";"UOP01-DEL01-RJ"
523208;2023-05-15;"segunda-feira";"07:00:00";"PR";153;465;"PORTO VITORIA";"Ingestão de álcool pelo condutor";"Saída de leito carroçável";"Com Vítimas Feridas";"Pleno dia";"Crescente";"Sol";"Simples";"Reta";"Não";1;0;1;0;0;0;1;1;-26,24569594;-51,16024017;"SPRF-PR";"DEL02-PR";"UOP03-DEL02-PR"
523209;2023-05-15;"segunda-feira";"00:56:00";"SP";381;66;"MAIRIPORA";"Reação tardia ou ineficiente do condutor";"Queda de ocupante de veículo";"Com Vítimas Feridas";"Plena Noite";"Decrescente";"Céu Claro";"Dupla";"Reta";"Não";1;0;1;0;0;0;1;1;-23,32451103;-46,58021504;"SPRF-SP";"DEL03-SP";"UOP01-DEL03-SP"
523213;2023-05-15;"segunda-feira";"07:10:00";"PE";101;70;"RECIFE";"Condutor deixou de manter distância do veículo da frente";"Colisão traseira";"Com Vítimas Feridas";"Pleno dia";"Crescente";"Céu Claro";"Dupla";"Reta";"Não";2;0;1;0;1;0;1;2;-8,06776119;-34,94265074;"SPRF-PE";"DEL01-PE";"UOP01-DEL01-PE"
523214;2023-05-14;"domingo";"21:50:00";"MT";364;535;"ROSARIO OESTE";"Reação tardia ou ineficiente do condutor";"Saída de leito carroçável";"Com Vítimas Feridas";"Plena Noite";"Decrescente";"Céu Claro";"Simples";"Reta";"Não";4;0;4;0;0;0;4;1;-14,9615871;-56,51156482;"SPRF-MT";"DEL01-MT";"UOP01-DEL01-MT"
523215;2023-05-15;"segunda-feira";"07:15:00";"RJ";116;147;"DUQUE DE CAXIAS";"Trafegar com motocicleta (ou similar) entre as faixas";"Queda de ocupante de veículo";"Com Vítimas Feridas";"Pleno dia";"Crescente";"Céu Claro";"Múltipla";"Reta";"Não";2;0;1;0;1;0;1;2;-22,66978425;-43,27286493;"SPRF-RJ";"DEL01-RJ";"UOP01-DEL01-RJ"
523216;2023-05-15;"segunda-feira";"07:50:00";"RS";116;243,6;"SAO LEOPOLDO";"Reação tardia ou ineficiente do condutor";"Colisão lateral mesmo sentido";"Com Vítimas Feridas";"Pleno dia";"Crescente";"Céu Claro";"Dupla";"Interseção de Vias;Reta";"Sim";3;0;1;0;2;0;1;2;-29,73335748;-51,14982518;"SPRF-RS";"DEL01-RS";"UOP02-DEL01-RS"
523217;2023-05-15;"segunda-feira";"06:00:00";"GO";153;578;"PROFESSOR JAMIL";"Condutor Dormindo";"Saída de leito carroçável";"Com Vítimas Feridas";"Amanhecer";"Crescente";"Céu Claro";"Dupla";"Reta";"Não";3;0;3;0;0;0;3;1;-17,3706;-49,2442;"SPRF-GO";"DEL03-GO";"UOP01-DEL03-GO"
523219;2023-05-15;"segunda-feira";"08:00:00";"PR";476;144,2;"CURITIBA";"Manobra de mudança de faixa";"Queda de ocupante de veículo";"Com Vítimas Feridas";"Pleno dia";"Decrescente";"Céu Claro";"Dupla";"Reta";"Não";2;0;1;0;1;0;1;2;-25,542501;-49,313011;"SPRF-PR";"DEL01-PR";"UOP06-DEL01-PR"
523220;2023-05-15;"segunda-feira";"07:00:00";"RS";285;129,8;"VACARIA";"Condutor deixou de manter distância do veículo da frente";"Colisão traseira";"Com Vítimas Feridas";"Pleno dia";"Crescente";"Céu Claro";"Simples";"Reta";"Não";3;0;1;0;2;0;1;2;-28,456049;-50,984863;"SPRF-RS";"DEL05-RS";"UOP03-DEL05-RS"
523223;2023-05-15;"segunda-feira";"07:50:00";"SP";381;39,8;"ATIBAIA";"Reação tardia ou ineficiente do condutor";"Engavetamento";"Com Vítimas Feridas";"Pleno dia";"Decrescente";"Nublado";"Dupla";"Reta;Declive;Em Obras";"Sim";9;0;1;0;8;0;1;4;-23,1215761;-46,57471572;"SPRF-SP";"DEL03-SP";"UOP01-DEL03-SP"
523224;2023-05-15;"segunda-feira";"08:35:00";"RJ";40;117;"DUQUE DE CAXIAS";"Demais falhas mecânicas ou elétricas";"Colisão traseira";"Com Vítimas Feridas";"Pleno dia";"Crescente";"Céu Claro";"Múltipla";"Reta";"Sim";3;0;1;0;2;0;1;2;-22,745676;-43,2881;"SPRF-RJ";"DEL01-RJ";"UOP01-DEL01-RJ"
523226;2023-05-15;"segunda-feira";"06:54:00";"RO";174;15;"VILHENA";"Ausência de reação do condutor";"Tombamento";"Com Vítimas Feridas";"Pleno dia";"Decrescente";"Céu Claro";"Dupla";"Reta";"Não";1;0;1;0;0;0;1;1;-12,73232152;-60,1300621;"SPRF-RO";"DEL04-RO";"UOP01-DEL04-RO"
523229;2023-05-15;"segunda-feira";"07:30:00";"PR";376;589;"CURITIBA";"Demais falhas mecânicas ou elétricas";"Colisão traseira";"Com Vítimas Feridas";"Pleno dia";"Decrescente";"Céu Claro";"Dupla";"Reta";"Não";2;0;1;0;1;0;1;2;-25,44273905;-49,36419842;"SPRF-PR";"DEL01-PR";"UOP06-DEL01-PR"
523230;2023-05-15;"segunda-feira";"09:10:00";"BA";116;423;"FEIRA DE SANTANA";"Mal súbito do condutor";"Tombamento";"Com Vítimas Feridas";"Pleno dia";"Decrescente";"Nublado";"Simples";"Desvio Temporário";"Sim";1;0;0;1;0;0;1;1;-12,23340977;-38,97374153;"SPRF-BA";"DEL02-BA";"UOP01-DEL02-BA"
523231;2023-05-15;"segunda-feira";"08:00:00";"RS";101;32;"TRES CACHOEIRAS";"Transitar na contramão";"Colisão frontal";"Com Vítimas Feridas";"Pleno dia";"Crescente";"Céu Claro";"Simples";"Reta";"Sim";3;0;1;1;1;0;2;2;-29,49424084;-49,97664153;"SPRF-RS";"DEL03-RS";"UOP02-DEL03-RS"
523232;2023-05-15;"segunda-feira";"08:20:00";"SP";116;219,8;"SAO PAULO";"Trafegar com motocicleta (ou similar) entre as faixas";"Colisão lateral mesmo sentido";"Com Vítimas Feridas";"Pleno dia";"Crescente";"Céu Claro";"Múltipla";"Reta";"Sim";2;0;1;0;1;0;1;2;-23,46143954;-46,48885316;"SPRF-SP";"DEL01-SP";"UOP01-DEL01-SP"
523234;2023-05-12;"sexta-feira";"17:30:00";"PI";343;3,6;"TERESINA";"Condutor deixou de manter distância do veículo da frente";"Colisão lateral mesmo sentido";"Com Vítimas Feridas";"Anoitecer";"Decrescente";"Céu Claro";"Dupla";"Reta";"Sim";2;0;1;0;0;1;1;2;-5,089569;-42,802288;"SPRF-PI";"DEL01-PI";"UOP01-DEL01-PI"
523236;2023-05-15;"segunda-feira";"08:15:00";"PR";376;600;"CURITIBA";"Velocidade Incompatível";"Saída de leito carroçável";"Com Vítimas Feridas";"Pleno dia";"Decrescente";"Céu Claro";"Dupla";"Reta";"Não";1;0;1;0;0;0;1;1;-25,537054;-49,31404;"SPRF-PR";"DEL01-PR";"UOP06-DEL01-PR"
523237;2023-05-15;"segunda-feira";"08:00:00";"SC";101;331;"TUBARAO";"Avarias e/ou desgaste excessivo no pneu";"Tombamento";"Com Vítimas Feridas";"Pleno dia";"Crescente";"Céu Claro";"Múltipla";"Reta";"Não";2;0;2;0;0;0;2;1;-28,45567521;-48,9812689;"SPRF-SC";"DEL02-SC";"UOP01-DEL02-SC"
523238;2023-05-15;"segunda-feira";"07:30:00";"SC";101;341;"TUBARAO";"Ausência de reação do condutor";"Colisão traseira";"Com Vítimas Feridas";"Pleno dia";"Crescente";"Sol";"Simples";"Reta";"Sim";2;0;1;0;1;0;1;2;-28,50999405;-49,05070686;"SPRF-SC";"DEL02-SC";"UOP01-DEL02-SC"
523239;2023-04-18;"terça-feira";"18:59:00";"ES";101;269;"SERRA";"Reação tardia ou ineficiente do condutor";"Saída de leito carroçável";"Com Vítimas Feridas";"Plena Noite";"Decrescente";"Céu Claro";"Dupla";"Reta";"Sim";3;0;3;0;0;0;3;1;-20,21740496;-40,26990578;"SPRF-ES";"DEL02-ES";"UOP01-DEL02-ES"
523240;2023-05-15;"segunda-feira";"08:15:00";"BA";324;610,1;"SIMOES FILHO";"Manobra de mudança de faixa";"Tombamento";"Com Vítimas Feridas";"Pleno dia";"Crescente";"Sol";"Dupla";"Reta";"Não";1;0;1;0;0;0;1;1;-12,839984;-38,415023;"SPRF-BA";"DEL01-BA";"UOP01-DEL01-BA"
523243;2023-05-15;"segunda-feira";"08:30:00";"BA";324;533;"CONCEICAO DO JACUIPE";"Acumulo de água sobre o pavimento";"Tombamento";"Com Vítimas Feridas";"Pleno dia";"Decrescente";"Nublado";"Dupla";"Reta";"Não";1;0;1;0;0;0;1;1;-12,35953644;-38,82602048;"SPRF-BA";"DEL01-BA";"UOP03-DEL01-BA"