"id";"data_inversa";"dia_semana";"horario";"uf";"br";"km";"municipio";"causa_acidente";"tipo_acidente";"classificacao_acidente";"fase_dia";"sentido_via";"condicao_metereologica";"tipo_pista";"tracado_via";"uso_solo";"pessoas";"mortos";"feridos_leves";"feridos_graves";"ilesos";"ignorados";"feridos";"veiculos";"latitude";"longitude";"regional";"delegacia";"uop"
523245;2023-05-15;"segunda-feira";"10:19:00";"MG";50;179,9;"UBERABA";"Reação tardia ou ineficiente do condutor";"Colisão traseira";"Com Vítimas Feridas";"Pleno dia";"Decrescente";"Céu Claro";"Dupla";"Viaduto";"Sim";3;0;1;0;1;1;1;3;-19,77848216;-47,92194709;"SPRF-MG";"DEL13-MG";"UOP01-DEL13-MG"
523247;2023-05-15;"segunda-feira";"10:30:00";"SC";101;181,6;"BIGUACU";"Condutor deixou de manter distância do veículo da frente";"Colisão traseira";"Com Vítimas Feridas";"Pleno dia";"Crescente";"Céu Claro";"Dupla";"Reta;Aclive";"Sim";2;0;1;0;1;0;1;2;-27,38958699;-48,63197593;"SPRF-SC";"DEL01-SC";"UOP01-DEL01-SC"
523248;2023-05-15;"segunda-feira";"09:30:00";"RS";153;406,8;"CACHOEIRA DO SUL";"Acessar a via sem observar a presença dos outros veículos";"Colisão transversal";"Com Vítimas Feridas";"Pleno dia";"Decrescente";"Céu Claro";"Simples";"Reta";"Sim";2;0;1;0;1;0;1;2;-30,01574674;-52,91837454;"SPRF-RS";"DEL02-RS";"UOP03-DEL02-RS"
523251;2023-05-14;"domingo";"15:15:00";"SC";470;95;"APIUNA";"Ausência de reação do condutor";"Colisão traseira";"Com Vítimas Feridas";"Pleno dia";"Crescente";"Céu Claro";"Simples";"Reta";"Não";2;0;1;0;1;0;1;2;-27,011988;-49,372101;"SPRF-SC";"DEL04-SC";"UOP01-DEL04-SC"
523253;2023-03-24;"sexta-feira";"11:20:00";"RS";290;422,8;"SAO GABRIEL";"Ausência de reação do condutor";"Saída de leito carroçável";"Com Vítimas Feridas";"Pleno dia";"Decrescente";"Céu Claro";"Simples";"Rotatória";"Sim";1;0;0;1;0;0;1;1;-30,331028;-54,357944;"SPRF-RS";"DEL11-RS";"UOP02-DEL11-RS"
523255;2023-05-15;"segunda-feira";"11:03:00";"SP";116;521;"CAJATI";"Demais falhas mecânicas ou elétricas";"Incêndio";"Sem Vítimas";"Pleno dia";"Crescente";"Céu Claro";"Simples";"Reta";"Não";1;0;0;0;1;0;0;1;-24,8997218;-48,24745938;"SPRF-SP";"DEL05-SP";"UOP02-DEL05-SP"
523258;2023-04-02;"domingo";"05:10:00";"RS";290;416,6;"SAO GABRIEL";"Ingestão de álcool e/ou substâncias psicoativas pelo pedestre";"Saída de leito carroçável";"Com Vítimas Fatais";"Plena Noite";"Decrescente";"Céu Claro";"Simples";"Reta;Ponte";"Sim";2;2;0;0;0;0;0;1;-30,361155;-54,309517;"SPRF-RS";"DEL11-RS";"UOP02-DEL11-RS"
523259;2023-05-15;"segunda-feira";"10:50:00";"PR";277;512,5;"GUARANIACU";"Reação tardia ou ineficiente do condutor";"Saída de leito carroçável";"Com Vítimas Feridas";"Pleno dia";"Decrescente";"Céu Claro";"Simples";"Reta;Declive";"Não";2;0;1;0;1;0;1;1;-25,12184356;-52,77940229;"SPRF-PR";"DEL04-PR";"UOP04-DEL04-PR"
523260;2023-05-04;"quinta-feira";"06:15:00";"RS";290;93;"PORTO ALEGRE";"Manobra de mudança de faixa";"Colisão lateral mesmo sentido";"Com Vítimas Feridas";"Amanhecer";"Crescente";"Ignorado";"Múltipla";"Reta";"Sim";2;0;1;0;0;1;1;2;-29,970839;-51,187725;"SPRF-RS";"DEL01-RS";"UOP01-DEL01-RS"
523262;2023-05-15;"segunda-feira";"11:20:00";"MS";376;171;"NOVA ANDRADINA";"Reação tardia ou ineficiente do condutor";"Tombamento";"Com Vítimas Feridas";"Pleno dia";"Crescente";"Sol";"Dupla";"Reta";"Sim";1;0;1;0;0;0;1;1;-22,26761231;-53,36437225;"SPRF-MS";"DEL04-MS";"UOP04-DEL04-MS"
523264;2023-05-15;"segunda-feira";"12:40:00";"ES";101;66,4;"SAO MATEUS";"Desrespeitar a preferência no cruzamento";"Colisão transversal";"Com Vítimas Feridas";"Pleno dia";"Crescente";"Sol";"Dupla";"Reta;Interseção de Vias";"Sim";4;0;0;2;2;0;2;2;-18,7165195;-39,87436378;"SPRF-ES";"DEL04-ES";"UOP02-DEL04-ES"
523265;2023-05-15;"segunda-feira";"11:20:00";"SP";116;279;"EMBU DAS ARTES";"Manobra de mudança de faixa";"Colisão lateral mesmo sentido";"Com Vítimas Feridas";"Pleno dia";"Decrescente";"Céu Claro";"Dupla";"Reta";"Não";2;0;1;0;1;0;1;2;-23,66233697;-46,85292907;"SPRF-SP";"DEL04-SP";"UOP01-DEL04-SP"
523266;2023-05-15;"segunda-feira";"13:00:00";"GO";153;433;"ANAPOLIS";"Avarias e/ou desgaste excessivo no pneu";"Tombamento";"Com Vítimas Feridas";"Pleno dia";"Decrescente";"Céu Claro";"Dupla";"Reta";"Sim";1;0;1;0;0;0;1;1;-16,270597;-48,975418;"SPRF-GO";"DEL02-GO";"UOP01-DEL02-GO"
523268;2023-05-15;"segunda-feira";"11:40:00";"RS";470;168,9;"VILA FLORES";"Acessar a via sem observar a presença dos outros veículos";"Colisão traseira";"Com Vítimas Feridas";"Pleno dia";"Crescente";"Céu Claro";"Simples";"Reta";"Sim";2;0;1;0;1;0;1;2;-28,869694;-51,55140817;"SPRF-RS";"DEL06-RS";"UOP02-DEL06-RS"
523269;2023-05-15;"segunda-feira";"07:00:00";"GO";60;428;"RIO VERDE";"Reação tardia ou ineficiente do condutor";"Colisão com objeto";"Com Vítimas Feridas";"Pleno dia";"Crescente";"Céu Claro";"Dupla";"Curva;Aclive";"Não";1;0;1;0;0;0;1;1;-17,8234;-51,3099;"SPRF-GO";"DEL04-GO";"UOP02-DEL04-GO"
523270;2023-05-15;"segunda-feira";"12:30:00";"BA";101;503;"ITABUNA";"Acessar a via sem observar a presença dos outros veículos";"Colisão transversal";"Com Vítimas Feridas";"Pleno dia";"Crescente";"Sol";"Simples";"Reta";"Sim";3;0;1;0;1;1;1;2;-14,781691;-39,289597;"SPRF-BA";"DEL05-BA";"UOP01-DEL05-BA"
523272;2023-05-15;"segunda-feira";"12:30:00";"RJ";116;82;"TERESOPOLIS";"Acessar a via sem observar a presença dos outros veículos";"Colisão transversal";"Com Vítimas Feridas";"Pleno dia";"Decrescente";"Céu Claro";"Simples";"Reta";"Não";2;0;1;0;1;0;1;2;-22,4065491;-42,95136745;"SPRF-RJ";"DEL04-RJ";"UOP01-DEL04-RJ"
523274;2023-05-15;"segunda-feira";"13:35:00";"PR";376;652;"TIJUCAS DO SUL";"Ausência de reação do condutor";"Colisão com objeto";"Com Vítimas Feridas";"Pleno dia";"Crescente";"Céu Claro";"Simples";"Reta;Ponte";"Não";1;0;1;0;0;0;1;1;-25,84302213;-49,05550003;"SPRF-PR";"DEL01-PR";"UOP04-DEL01-PR"
523276;2023-05-15;"segunda-feira";"10:00:00";"MS";60;379;"CAMPO GRANDE";"Mal súbito do condutor";"Engavetamento";"Com Vítimas Feridas";"Pleno dia";"Decrescente";"Céu Claro";"Simples";"Reta";"Não";3;0;0;1;2;0;1;3;-20,61743691;-54,74537522;"SPRF-MS";"DEL01-MS";"UOP04-DEL01-MS"
523278;2023-05-15;"segunda-feira";"07:00:00";"RS";153;381,1;"CACHOEIRA DO SUL";"Animais na Pista";"Atropelamento de Animal";"Com Vítimas Feridas";"Amanhecer";"Crescente";"Nublado";"Simples";"Reta";"Não";1;0;1;0;0;0;1;1;-29,85632701;-52,96471286;"SPRF-RS";"DEL02-RS";"UOP03-DEL02-RS"
523282;2023-05-15;"segunda-feira";"10:50:00";"MT";70;733,8;"CACERES";"Acessar a via sem observar a presença dos outros veículos";"Colisão frontal";"Com Vítimas Feridas";"Pleno dia";"Decrescente";"Céu Claro";"Simples";"Reta";"Sim";2;0;1;0;1;0;1;2;-16,085843;-57,69674;"SPRF-MT";"DEL03-MT";"UOP01-DEL03-MT"
523284;2023-05-15;"segunda-feira";"14:30:00";"BA";242;773;"BARREIRAS";"Chuva";"Saída de leito carroçável";"Com Vítimas Feridas";"Pleno dia";"Decrescente";"Céu Claro";"Simples";"Aclive;Reta";"Não";4;0;2;2;0;0;4;1;-12,15756987;-44,83906746;"SPRF-BA";"DEL10-BA";"UOP01-DEL10-BA"
523285;2023-05-15;"segunda-feira";"15:25:00";"MG";40;606,9;"CONGONHAS";"Reação tardia ou ineficiente do condutor";"Colisão transversal";"Com Vítimas Feridas";"Pleno dia";"Crescente";"Céu Claro";"Simples";"Interseção de Vias";"Não";3;0;1;0;1;1;1;3;-20,47805253;-43,84191615;"SPRF-MG";"DEL05-MG";"UOP02-DEL05-MG"
523286;2023-05-15;"segunda-feira";"14:30:00";"RS";285;332,5;"CARAZINHO";"Reação tardia ou ineficiente do condutor";"Tombamento";"Com Vítimas Feridas";"Pleno dia";"Crescente";"Céu Claro";"Simples";"Curva";"Não";1;0;1;0;0;0;1;1;-28,30262369;-52,74424553;"SPRF-RS";"DEL08-RS";"UOP03-DEL08-RS"
523288;2023-05-15;"segunda-feira";"13:54:00";"CE";116;499;"BREJO SANTO";"Problema com o freio";"Colisão traseira";"Sem Vítimas";"Pleno dia";"Decrescente";"Céu Claro";"Simples";"Reta;Declive";"Não";3;0;0;0;3;0;0;2;-7,43580996;-38,97316442;"SPRF-CE";"DEL05-CE";"UOP03-DEL05-CE"
523289;2023-05-11;"quinta-feira";"21:45:00";"BA";101;254;"SANTO ANTONIO DE JESUS";"Reação tardia ou ineficiente do condutor";"Colisão traseira";"Sem Vítimas";"Plena Noite";"Decrescente";"Céu Claro";"Simples";"Aclive;Reta";"Não";1;0;0;0;1;0;0;1;-13,01436205;-39,28975505;"SPRF-BA";"DEL01-BA";"UOP02-DEL01-BA"
523290;2023-05-15;"segunda-feira";"16:00:00";"MG";381;485;"BETIM";"Manobra de mudança de faixa";"Colisão traseira";"Com Vítimas Feridas";"Pleno dia";"Decrescente";"Sol";"Dupla";"Reta";"Sim";3;0;0;1;2;0;1;2;-19,95659361;-44,12622893;"SPRF-MG";"DEL01-MG";"UOP03-DEL01-MG"
523291;2023-05-15;"segunda-feira";"16:10:00";"PR";277;597,7;"CASCAVEL";"Condutor deixou de manter distância do veículo da frente";"Colisão traseira";"Com Vítimas Feridas";"Pleno dia";"Decrescente";"Sol";"Dupla";"Reta";"Não";2;0;1;0;1;0;1;2;-24,99513602;-53,51418998;"SPRF-PR";"DEL04-PR";"UOP01-DEL04-PR"
523292;2023-05-15;"segunda-feira";"15:30:00";"PE";232;84,3;"GRAVATA";"Reação tardia ou ineficiente do condutor";"Saída de leito carroçável";"Com Vítimas Feridas";"Pleno dia";"Decrescente";"Céu Claro";"Dupla";"Reta";"Não";2;0;0;2;0;0;2;1;-8,2059894;-35,60359683;"SPRF-PE";"DEL02-PE";"UOP02-DEL02PE"
523294;2023-05-15;"segunda-feira";"16:50:00";"RJ";40;81;"PETROPOLIS";"Pista Escorregadia";"Queda de ocupante de veículo";"Com Vítimas Feridas";"Anoitecer";"Decrescente";"Nublado";"Simples";"Curva;Aclive";"Não";1;0;1;0;0;0;1;1;-22,50560003;-43,23186384;"SPRF-RJ";"DEL06-RJ";"UOP01-DEL06-RJ"
523295;2023-05-15;"segunda-feira";"17:25:00";"ES";101;125;"SOORETAMA";"Acessar a via sem observar a presença dos outros veículos";"Colisão transversal";"Com Vítimas Feridas";"Anoitecer";"Decrescente";"Céu Claro";"Múltipla";"Reta";"Sim";2;0;1;0;1;0;1;2;-19,18496498;-40,09429827;"SPRF-ES";"DEL04-ES";"UOP01-DEL04-ES"
523296;2023-05-15;"segunda-feira";"15:10:00";"BA";101;581;"CAMACAN";"Ausência de reação do condutor";"Saída de leito carroçável";"Com Vítimas Feridas";"Pleno dia";"Crescente";"Chuva";"Simples";"Curva;Declive";"Não";2;0;2;0;0;0;2;1;-15,52300991;-39,42558957;"SPRF-BA";"DEL05-BA";"UOP02-DEL05-BA"
523297;2023-05-15;"segunda-feira";"16:40:00";"GO";40;8,8;"LUZIANIA";"Acessar a via sem observar a presença dos outros veículos";"Colisão transversal";"Com Vítimas Feridas";"Pleno dia";"Crescente";"Céu Claro";"Dupla";"Reta";"Sim";2;0;1;0;1;0;1;2;-16,116158;-47,96761;"SPRF-DF";"DEL01-DF";"UOP01-DEL01-DF"
523298;2023-05-15;"segunda-feira";"17:30:00";"ES";101;270,9;"SERRA";"Acessar a via sem observar a presença dos outros veículos";"Colisão transversal";"Com Vítimas Feridas";"Pleno dia";"Crescente";"Nublado";"Dupla";"Reta";"Sim";2;0;1;0;1;0;1;2;-20,22662056;-40,27075088;"SPRF-ES";"DEL02-ES";"UOP01-DEL02-ES"
523299;2023-05-15;"segunda-feira";"17:00:00";"DF";70;8;"BRASILIA";"Acessar a via sem observar a presença dos outros veículos";"Colisão transversal";"Com Vítimas Feridas";"Pleno dia";"Crescente";"Céu Claro";"Dupla";"Reta";"Não";2;0;1;0;1;0;1;2;-15,784966;-48,122108;"SPRF-DF";"DEL03-DF";"UOP02-DEL03-DF"
523300;2023-05-15;"segunda-feira";"17:50:00";"SC";280;125,2;"RIO NEGRINHO";"Transitar na contramão";"Colisão transversal";"Com Vítimas Feridas";"Anoitecer";"Crescente";"Céu Claro";"Simples";"Reta";"Sim";6;0;1;1;4;0;2;3;-26,23962382;-49,50502753;"SPRF-SC";"DEL06-SC";"UOP03-DEL06-SC"
523301;2023-05-15;"segunda-feira";"16:40:00";"RR";174;546;"BOA VISTA";"Demais falhas mecânicas ou elétricas";"Saída de leito carroçável";"Com Vítimas Feridas";"Pleno dia";"Crescente";"Nublado";"Simples";"Reta";"Não";1;0;1;0;0;0;1;1;3,140153;-60,832764;"SPRF-RR";"DEL01-RR";"UOP01-DEL01-RR"
523302;2023-05-03;"quarta-feira";"18:30:00";"MS";163;790;"SONORA";"Ingestão de álcool pelo condutor";"Tombamento";"Com Vítimas Feridas";"Plena Noite";"Decrescente";"Céu Claro";"Simples";"Reta;Declive";"Não";1;0;1;0;0;0;1;1;-17,96130696;-54,6785948;"SPRF-MS";"DEL06-MS";"UOP01-DEL06-MS"
523303;2023-05-15;"segunda-feira";"17:38:00";"PE";101;66;"RECIFE";"Manobra de mudança de faixa";"Atropelamento de Pedestre";"Com Vítimas Feridas";"Plena Noite";"Decrescente";"Céu Claro";"Dupla";"Reta";"Sim";3;0;3;0;0;0;3;2;-8,034936;-34,941485;"SPRF-PE";"DEL01-PE";"UOP01-DEL01-PE"
523305;2023-05-15;"segunda-feira";"17:45:00";"BA";116;26,7;"VITORIA DA CONQUISTA";"Acessar a via sem observar a presença dos outros veículos";"Colisão lateral mesmo sentido";"Com Vítimas Feridas";"Anoitecer";"Crescente";"Nublado";"Simples";"Curva;Aclive";"Não";2;0;2;0;0;0;2;2;-14,851;-40,8485;"SPRF-BA";"DEL08-BA";"UOP01-DEL08-BA"
523307;2023-05-15;"segunda-feira";"16:45:00";"MG";40;547,9;"NOVA LIMA";"Ausência de reação do condutor";"Tombamento";"Com Vítimas Feridas";"Pleno dia";"Decrescente";"Céu Claro";"Dupla";"Curva;Declive";"Não";1;0;1;0;0;0;1;1;-20,02252424;-43,97026042;"SPRF-MG";"DEL01-MG";"UOP02-DEL01-MG"
523309;2023-05-15;"segunda-feira";"18:36:00";"CE";116;6;"FORTALEZA";"Ausência de reação do condutor";"Tombamento";"Com Vítimas Feridas";"Plena Noite";"Decrescente";"Céu Claro";"Múltipla";"Reta";"Sim";2;0;1;0;1;0;1;2;-3,802624;-38,50400499;"SPRF-CE";"DEL01-CE";"UOP02-DEL01-CE"
523310;2023-05-15;"segunda-feira";"17:50:00";"ES";101;179;"ARACRUZ";"Desrespeitar a preferência no cruzamento";"Colisão transversal";"Com Vítimas Feridas";"Anoitecer";"Crescente";"Nublado";"Simples";"Reta";"Não";3;0;1;0;2;0;1;2;-19,61640717;-40,21532077;"SPRF-ES";"DEL04-ES";"UOP01-DEL04-ES"
523311;2023-05-15;"segunda-feira";"18:20:00";"RS";116;40,3;"VACARIA";"Desrespeitar a preferência no cruzamento";"Colisão transversal";"Sem Vítimas";"Plena Noite";"Crescente";"Céu Claro";"Simples";"Interseção de Vias";"Sim";4;0;0;0;4;0;0;2;-28,51839098;-50,93942202;"SPRF-RS";"DEL05-RS";"UOP03-DEL05-RS"
523312;2023-05-15;"segunda-feira";"18:45:00";"SC";470;34;"GASPAR";"Desvio temporário";"Colisão com objeto";"Com Vítimas Feridas";"Plena Noite";"Crescente";"Céu Claro";"Dupla";"Reta";"Não";1;0;0;1;0;0;1;1;-26,910646;-48,949341;"SPRF-SC";"DEL04-SC";"UOP01-DEL04-SC"
523315;2023-05-15;"segunda-feira";"19:15:00";"SC";101;209;"SAO JOSE";"Trafegar com motocicleta (ou similar) entre as faixas";"Tombamento";"Com Vítimas Feridas";"Plena Noite";"Crescente";"Céu Claro";"Múltipla";"Reta";"Sim";2;0;2;0;0;0;2;1;-27,61000542;-48,63895057;"SPRF-SC";"DEL01-SC";"UOP01-DEL01-SC"
523316;2023-05-15;"segunda-feira";"18:45:00";"MG";40;30,9;"PARACATU";"Mal súbito do condutor";"Saída de leito carroçável";"Com Vítimas Feridas";"Plena Noite";"Decrescente";"Céu Claro";"Simples";"Curva";"Não";1;0;1;0;0;0;1;1;-17,15673205;-46,93875619;"SPRF-MG";"DEL14-MG";"UOP01-DEL14-MG"
523317;2023-05-15;"segunda-feira";"18:30:00";"DF";70;7;"BRASILIA";"Manobra de mudança de faixa";"Colisão lateral mesmo sentido";"Com Vítimas Feridas";"Anoitecer";"Crescente";"Céu Claro";"Dupla";"Reta";"Sim";2;0;1;0;1;0;1;2;-15,787601;-48,114429;"SPRF-DF";"DEL03-DF";"UOP02-DEL03-DF"
523318;2023-05-15;"segunda-feira";"19:40:00";"MG";381;820,9;"CAREACU";"Acessar a via sem observar a presença dos outros veículos";"Colisão transversal";"Com Vítimas Feridas";"Plena Noite";"Decrescente";"Ignorado";"Dupla";"Retorno Regulamentado";"Não";4;0;2;0;2;0;2;2;-22,07577541;-45,7017414;"SPRF-MG";"DEL16-MG";"UOP02-DEL16-MG"
523320;2023-05-15;"segunda-feira";"17:45:00";"GO";60;210;"GUAPO";"Condutor Dormindo";"Saída de leito carroçável";"Com Vítimas Feridas";"Plena Noite";"Crescente";"Céu Claro";"Dupla";"Curva;Declive";"Não";1;0;0;1;0;0;1;1;-16,9406;-49,6717;"SPRF-GO";"DEL01-GO";"UOP02-DEL01-GO"
523321;2023-05-15;"segunda-feira";"18:45:00";"PA";10;16,4;"DOM ELISEU";"Entrada inopinada do pedestre";"Atropelamento de Pedestre";"Com Vítimas Feridas";"Plena Noite";"Crescente";"Céu Claro";"Simples";"Reta";"Sim";2;0;0;2;0;0;2;2;-4,310932;-47,55446699;"SPRF-PA";"DEL02-PA";"UOP02-DEL02-PA"
523322;2023-05-15;"segunda-feira";"20:00:00";"MG";381;449,4;"SANTA LUZIA";"Entrada inopinada do pedestre";"Atropelamento de Pedestre";"Com Vítimas Fatais";"Plena Noite";"Decrescente";"Céu Claro";"Simples";"Reta";"Não";2;1;0;0;1;0;0;2;-19,84164036;-43,86232683;"SPRF-MG";"DEL01-MG";"UOP01-DEL01-MG"
523323;2023-05-15;"segunda-feira";"19:45:00";"PR";376;180,4;"MARINGA";"Condutor deixou de manter distância do veículo da frente";"Colisão traseira";"Com Vítimas Feridas";"Plena Noite";"Crescente";"Céu Claro";"Múltipla";"Reta";"Sim";2;0;1;0;1;0;1;2;-23,42725352;-51,89512271;"SPRF-PR";"DEL09-PR";"UOP01-DEL09-PR"
523324;2023-05-15;"segunda-feira";"19:40:00";"PR";369;148;"LONDRINA";"Pista em desnível";"Colisão com objeto";"Com Vítimas Feridas";"Plena Noite";"Crescente";"Céu Claro";"Dupla";"Reta";"Sim";2;0;2;0;0;0;2;1;-23,29292116;-51,14278972;"SPRF-PR";"DEL07-PR";"UOP01-DEL07-PR"
523325;2023-05-15;"segunda-feira";"19:20:00";"RJ";101;333;"RIO DE JANEIRO";"Manobra de mudança de faixa";"Colisão lateral mesmo sentido";"Com Vítimas Feridas";"Plena Noite";"Decrescente";"Céu Claro";"Dupla";"Reta";"Não";3;0;2;0;1;0;2;2;-22,87827816;-43,21053578;"SPRF-RJ";"DEL02-RJ";"UOP01-DEL02-RJ"
523326;2023-04-06;"quinta-feira";"06:18:00";"RJ";40;112;"DUQUE DE CAXIAS";"Reação tardia ou ineficiente do condutor";"Colisão com objeto";"Com Vítimas Feridas";"Pleno dia";"Crescente";"Nublado";"Múltipla";"Reta";"Não";1;0;1;0;0;0;1;1;-22,708601;-43,2910243;"SPRF-RJ";"DEL01-RJ";"UOP01-DEL01-RJ"
523327;2023-05-15;"segunda-feira";"19:55:00";"ES";262;19,3;"VIANA";"Condutor deixou de manter distância do veículo da frente";"Colisão traseira";"Sem Vítimas";"Plena Noite";"Crescente";"Nublado";"Simples";"Reta;Viaduto";"Sim";2;0;0;0;2;0;0;2;-20,38980785;-40,49317002;"SPRF-ES";"DEL01-ES";"UOP01-DEL01-ES"
523328;2023-05-15;"segunda-feira";"18:25:00";"RS";158;562;"SANTANA DO LIVRAMENTO";"Acessar a via sem observar a presença dos outros veículos";"Colisão transversal";"Com Vítimas Feridas";"Plena Noite";"Crescente";"Céu Claro";"Simples";"Interseção de Vias;Reta;Declive";"Sim";3;0;1;0;2;0;1;2;-30,850815;-55,486874;"SPRF-RS";"DEL11-RS";"UOP01-DEL11-RS"
523329;2023-05-15;"segunda-feira";"18:20:00";"SC";101;417,5;"ARARANGUA";"Ausência de reação do condutor";"Colisão traseira";"Com Vítimas Feridas";"Plena Noite";"Decrescente";"Céu Claro";"Simples";"Reta";"Sim";2;0;0;1;1;0;1;2;-28,97376391;-49,53023409;"SPRF-SC";"DEL02-SC";"UOP02-DEL02-SC"
523331;2023-05-15;"segunda-feira";"20:20:00";"SP";116;129,4;"CACAPAVA";"Reação tardia ou ineficiente do condutor";"Tombamento";"Com Vítimas Feridas";"Plena Noite";"Crescente";"Céu Claro";"Dupla";"Reta";"Não";2;0;1;0;0;1;1;2;-23,11885593;-45,71948203;"SPRF-SP";"DEL02-SP";"UOP02-DEL02-SP"
523332;2023-05-15;"segunda-feira";"19:00:00";"MG";364;32;"FRUTAL";"Ausência de reação do condutor";"Colisão traseira";"Com Vítimas Feridas";"Pleno dia";"Crescente";"Céu Claro";"Simples";"Reta";"Não";2;0;0;1;0;1;1;2;-20,01348315;-48,91937792;"SPRF-MG";"DEL13-MG";"UOP02-DEL13-MG"
523333;2023-05-15;"segunda-feira";"20:30:00";"MG";381;481;"CONTAGEM";"Reação tardia ou ineficiente do condutor";"Tombamento";"Com Vítimas Feridas";"Plena Noite";"Decrescente";"Céu Claro";"Dupla";"Reta;Declive";"Sim";1;0;1;0;0;0;1;1;-19,95931561;-44,08825597;"SPRF-MG";"DEL01-MG";"UOP03-DEL01-MG"
523334;2023-05-15;"segunda-feira";"20:50:00";"PR";277;718;"SANTA TEREZINHA DE ITAIPU";"Carga excessiva e/ou mal acondicionada";"Saída de leito carroçável";"Sem Vítimas";"Plena Noite";"Crescente";"Céu Claro";"Dupla";"Reta;Declive";"Não";2;0;0;0;2;0;0;2;-25,4801348731;-54,4853040569;"SPRF-PR";"DEL05-PR";"UOP03-DEL05-PR"
523335;2023-05-15;"segunda-feira";"19:40:00";"PR";277;107,9;"CAMPO LARGO";"Demais falhas mecânicas ou elétricas";"Saída de leito carroçável";"Com Vítimas Feridas";"Plena Noite";"Crescente";"Céu Claro";"Dupla";"Reta";"Não";1;0;1;0;0;0;1;1;-25,43509116;-49,44069475;"SPRF-PR";"DEL03-PR";"UOP03-DEL03-PR"
523336;2023-05-15;"segunda-feira";"19:10:00";"ES";101;294,8;"CARIACICA";"Acessar a via sem observar a presença dos outros veículos";"Colisão frontal";"Com Vítimas Feridas";"Plena Noite";"Decrescente";"Céu Claro";"Dupla";"Retorno Regulamentado";"Sim";2;0;1;0;0;1;1;2;-20,32415948;-40,3952903;"SPRF-ES";"DEL01-ES";"UOP01-DEL01-ES"
523337;2023-05-15;"segunda-feira";"15:30:00";"SC";101;413,2;"ARARANGUA";"Ausência de reação do condutor";"Colisão traseira";"Com Vítimas Feridas";"Pleno dia";"Decrescente";"Céu Claro";"Simples";"Rotatória";"Sim";2;0;1;0;1;0;1;2;-28,94605997;-49,50428402;"SPRF-SC";"DEL02-SC";"UOP02-DEL02-SC"
523338;2023-05-15;"segunda-feira";"17:00:00";"BA";418;47,1;"CARAVELAS";"Reação tardia ou ineficiente do condutor";"Capotamento";"Com Vítimas Feridas";"Anoitecer";"Crescente";"Céu Claro";"Simples";"Reta";"Sim";2;0;2;0;0;0;2;1;-17,7342718;-39,5532011;"SPRF-BA";"DEL09-BA";"UOP02-DEL09-BA"
523341;2023-05-15;"segunda-feira";"19:40:00";"MG";116;519,9;"CARATINGA";"Transitar na contramão";"Colisão frontal";"Com Vítimas Feridas";"Plena Noite";"Decrescente";"Céu Claro";"Dupla";"Interseção de Vias;Reta";"Não";3;0;1;0;0;2;1;3;-19,71798497;-42,12830605;"SPRF-MG";"DEL06-MG";"UOP02-DEL06-MG"
523342;2023-05-15;"segunda-feira";"11:50:00";"AL";316;85;"SANTANA DO IPANEMA";"Demais falhas mecânicas ou elétricas";"Incêndio";"Sem Vítimas";"Pleno dia";"Crescente";"Sol";"Simples";"Reta";"Sim";1;0;0;0;1;0;0;1;-9,36982836;-37,24347904;"SPRF-AL";"DEL03-AL";"UOP02-DEL03-AL"
523343;2023-05-15;"segunda-feira";"21:15:00";"DF";20;21;"BRASILIA";"Ausência de reação do condutor";"Colisão com objeto";"Com Vítimas Feridas";"Plena Noite";"Crescente";"Céu Claro";"Dupla";"Reta";"Sim";2;0;1;0;0;1;1;2;-15,603384;-47,684692;"SPRF-DF";"DEL02-DF";"UOP01-DEL02-DF"
523344;2023-05-12;"sexta-feira";"14:49:00";"MT";174;450;"COMODORO";"Falta de elemento de contenção que evite a saída do leito carroçável";"Saída de leito carroçável";"Sem Vítimas";"Pleno dia";"Crescente";"Céu Claro";"Simples";"Reta";"Não";1;0;0;0;0;1;0;1;-13,97304402;-59,75437911;"SPRF-MT";"DEL04-MT";"UOP02-DEL04-MT"
523351;2023-05-15;"segunda-feira";"07:30:00";"RJ";101;309;"SAO GONCALO";"Ausência de reação do condutor";"Colisão lateral mesmo sentido";"Com Vítimas Feridas";"Pleno dia";"Crescente";"Nublado";"Dupla";"Reta";"Não";2;0;1;0;1;0;1;2;-22,79498873;-43,03446105;"SPRF-RJ";"DEL02-RJ";"UOP02-DEL02-RJ"
523353;2023-05-15;"segunda-feira";"22:15:00";"SC";101;138;"BALNEARIO CAMBORIU";"Transitar na contramão";"Colisão lateral sentido oposto";"Com Vítimas Feridas";"Plena Noite";"Crescente";"Céu Claro";"Simples";"Curva";"Sim";2;0;0;1;0;1;1;2;-27,02397426;-48,60761649;"SPRF-SC";"DEL04-SC";"UOP03-DEL04-SC"
523354;2023-05-15;"segunda-feira";"22:00:00";"MG";116;200,9;"CARAI";"Velocidade Incompatível";"Capotamento";"Com Vítimas Feridas";"Plena Noite";"Crescente";"Céu Claro";"Simples";"Reta";"Não";1;0;0;1;0;0;1;1;-17,2431812;-41,50128363;"SPRF-MG";"DEL11-MG";"UOP01-DEL11-MG"