"id";"data_inversa";"dia_semana";"horario";"uf";"br";"km";"municipio";"causa_acidente";"tipo_acidente";"classificacao_acidente";"fase_dia";"sentido_via";"condicao_metereologica";"tipo_pista";"tracado_via";"uso_solo";"pessoas";"mortos";"feridos_leves";"feridos_graves";"ilesos";"ignorados";"feridos";"veiculos";"latitude";"longitude";"regional";"delegacia";"uop"
523355;2023-05-15;"segunda-feira";"21:25:00";"BA";101;530;"BUERAREMA";"Velocidade Incompatível";"Saída de leito carroçável";"Com Vítimas Feridas";"Plena Noite";"Decrescente";"Céu Claro";"Simples";"Curva";"Não";1;0;1;0;0;0;1;1;-14,99121922;-39,33517456;"SPRF-BA";"DEL05-BA";"UOP01-DEL05-BA"
523356;2023-05-15;"segunda-feira";"23:20:00";"SC";101;117;"ITAJAI";"Ingestão de álcool pelo condutor";"Colisão transversal";"Com Vítimas Feridas";"Plena Noite";"Crescente";"Nublado";"Dupla";"Interseção de Vias";"Não";2;0;1;0;1;0;1;2;-26,88747187;-48,72252969;"SPRF-SC";"DEL04-SC";"UOP04-DEL04-SC"
523357;2023-05-15;"segunda-feira";"23:38:00";"MG";381;572,8;"ITAGUARA";"Reação tardia ou ineficiente do condutor";"Queda de ocupante de veículo";"Com Vítimas Feridas";"Plena Noite";"Crescente";"Céu Claro";"Dupla";"Reta;Em Obras;Desvio Temporário";"Não";1;0;1;0;0;0;1;1;-20,45206504;-44,5689098;"SPRF-MG";"DEL04-MG";"UOP03-DEL04-MG"
523359;2023-05-16;"terça-feira";"01:00:00";"PE";316;303;"FLORESTA";"Reação tardia ou ineficiente do condutor";"Colisão lateral mesmo sentido";"Com Vítimas Feridas";"Plena Noite";"Crescente";"Céu Claro";"Simples";"Ponte";"Sim";3;0;1;0;0;2;1;3;-8,60774626;-38,57879405;"SPRF-PE";"DEL04-PE";"UOP03-DEL04-PE"
523361;2023-05-11;"quinta-feira";"15:00:00";"PE";407;127;"PETROLINA";"Ultrapassagem Indevida";"Colisão lateral mesmo sentido";"Com Vítimas Feridas";"Pleno dia";"Crescente";"Céu Claro";"Simples";"Reta";"Sim";2;0;1;0;1;0;1;2;-9,3908678;-40,52038627;"SPRF-PE";"DEL06-PE";"UOP01-DEL06-PE"
523362;2023-05-16;"terça-feira";"01:50:00";"RJ";40;38;"AREAL";"Animais na Pista";"Atropelamento de Animal";"Com Vítimas Feridas";"Plena Noite";"Decrescente";"Céu Claro";"Dupla";"Reta;Declive";"Não";2;0;2;0;0;0;2;1;-22,22751025;-43,11963242;"SPRF-RJ";"DEL05-RJ";"UOP02-DEL05-RJ"
523363;2023-05-16;"terça-feira";"03:20:00";"SC";101;209;"SAO JOSE";"Condutor usando celular";"Colisão com objeto";"Com Vítimas Feridas";"Plena Noite";"Crescente";"Céu Claro";"Múltipla";"Reta";"Sim";1;0;1;0;0;0;1;1;-27,61000542;-48,63895057;"SPRF-SC";"DEL01-SC";"UOP01-DEL01-SC"
523365;2023-05-15;"segunda-feira";"21:45:00";"SP";116;99,3;"PINDAMONHANGABA";"Curva acentuada";"Queda de ocupante de veículo";"Com Vítimas Feridas";"Plena Noite";"Decrescente";"Chuva";"Simples";"Curva";"Não";2;0;2;0;0;0;2;1;-22,98236971;-45,46436617;"SPRF-SP";"DEL08-SP";"UOP01-DEL08-SP"
523366;2023-05-16;"terça-feira";"00:50:00";"SC";282;501;"XANXERE";"Ingestão de álcool pelo condutor";"Colisão com objeto";"Com Vítimas Feridas";"Plena Noite";"Crescente";"Céu Claro";"Simples";"Rotatória";"Sim";1;0;1;0;0;0;1;1;-26,882715;-52,381729;"SPRF-SC";"DEL07-SC";"UOP01-DEL07-SC"
523367;2023-05-16;"terça-feira";"06:10:00";"PB";101;88,3;"JOAO PESSOA";"Pista Escorregadia";"Tombamento";"Com Vítimas Feridas";"Pleno dia";"Crescente";"Garoa/Chuvisco";"Dupla";"Reta";"Sim";1;0;1;0;0;0;1;1;-7,16470016;-34,89993643;"SPRF-PB";"DEL01-PB";"UOP01-DEL01-PB"
523368;2023-05-16;"terça-feira";"06:05:00";"SP";116;230;"SAO PAULO";"Ausência de reação do condutor";"Queda de ocupante de veículo";"Com Vítimas Feridas";"Pleno dia";"Crescente";"Céu Claro";"Múltipla";"Reta";"Sim";2;0;1;0;1;0;1;2;-23,52251783;-46,5855702;"SPRF-SP";"DEL01-SP";"UOP01-DEL01-SP"
523370;2023-05-16;"terça-feira";"06:47:00";"DF";20;17,5;"BRASILIA";"Manobra de mudança de faixa";"Colisão lateral mesmo sentido";"Com Vítimas Feridas";"Pleno dia";"Decrescente";"Céu Claro";"Dupla";"Aclive;Reta";"Não";2;0;0;1;1;0;1;2;-15,621374;-47,71698;"SPRF-DF";"DEL02-DF";"UOP01-DEL02-DF"
523374;2023-05-15;"segunda-feira";"17:15:00";"SP";116;230;"SAO PAULO";"Velocidade Incompatível";"Colisão com objeto";"Com Vítimas Feridas";"Anoitecer";"Crescente";"Céu Claro";"Múltipla";"Reta";"Sim";2;0;1;0;1;0;1;1;-23,52251783;-46,5855702;"SPRF-SP";"DEL01-SP";"UOP01-DEL01-SP"
523376;2023-05-15;"segunda-feira";"20:15:00";"RJ";116;70;"TERESOPOLIS";"Velocidade Incompatível";"Colisão frontal";"Com Vítimas Feridas";"Plena Noite";"Decrescente";"Nublado";"Simples";"Reta";"Sim";2;0;0;2;0;0;2;2;-22,31628437;-42,93767095;"SPRF-RJ";"DEL04-RJ";"UOP01-DEL04-RJ"
523378;2023-05-16;"terça-feira";"06:30:00";"BA";116;457;"SANTO ESTEVAO";"Condutor Dormindo";"Saída de leito carroçável";"Com Vítimas Feridas";"Pleno dia";"Decrescente";"Céu Claro";"Dupla";"Reta";"Não";1;0;1;0;0;0;1;1;-12,43212;-39,21636;"SPRF-BA";"DEL02-BA";"UOP01-DEL02-BA"
523379;2023-05-16;"terça-feira";"08:21:00";"RN";101;94;"NATAL";"Manobra de mudança de faixa";"Colisão lateral mesmo sentido";"Com Vítimas Feridas";"Pleno dia";"Decrescente";"Céu Claro";"Dupla";"Reta";"Sim";3;0;1;1;1;0;2;2;-5,83176615;-35,21191342;"SPRF-RN";"DEL01-RN";"UOP01-DEL01-RN"
523381;2023-05-16;"terça-feira";"05:50:00";"DF";70;17;"BRASILIA";"Condutor deixou de manter distância do veículo da frente";"Colisão traseira";"Com Vítimas Feridas";"Amanhecer";"Crescente";"Céu Claro";"Dupla";"Aclive;Reta";"Não";2;0;1;0;1;0;1;2;-15,79314142;-48,2053256;"SPRF-DF";"DEL03-DF";"UOP02-DEL03-DF"
523383;2023-05-16;"terça-feira";"06:15:00";"SP";116;447;"REGISTRO";"Condutor Dormindo";"Tombamento";"Com Vítimas Feridas";"Pleno dia";"Decrescente";"Céu Claro";"Dupla";"Reta";"Sim";1;0;1;0;0;0;1;1;-24,51285376;-47,85054871;"SPRF-SP";"DEL05-SP";"UOP01-DEL05-SP"
523386;2023-05-16;"terça-feira";"08:35:00";"SC";101;206;"SAO JOSE";"Ausência de reação do condutor";"Colisão lateral mesmo sentido";"Com Vítimas Feridas";"Pleno dia";"Decrescente";"Céu Claro";"Múltipla";"Reta";"Sim";2;0;1;0;1;0;1;2;-27,59193546;-48,61824557;"SPRF-SC";"DEL01-SC";"UOP01-DEL01-SC"
523387;2023-05-16;"terça-feira";"07:00:00";"AC";364;135;"RIO BRANCO";"Desrespeitar a preferência no cruzamento";"Colisão transversal";"Com Vítimas Feridas";"Pleno dia";"Decrescente";"Céu Claro";"Dupla";"Rotatória";"Sim";2;0;1;0;1;0;1;2;-9,98588117;-67,84523538;"SPRF-AC";"DEL01-AC";"UOP01-DEL01-AC"
523388;2023-05-16;"terça-feira";"06:40:00";"AC";364;135;"RIO BRANCO";"Desrespeitar a preferência no cruzamento";"Colisão transversal";"Com Vítimas Feridas";"Pleno dia";"Decrescente";"Céu Claro";"Dupla";"Rotatória";"Sim";3;0;1;0;2;0;1;2;-9,97770551;-67,84915924;"SPRF-AC";"DEL01-AC";"UOP01-DEL01-AC"
523389;2023-05-16;"terça-feira";"07:50:00";"PR";476;148,2;"ARAUCARIA";"Reação tardia ou ineficiente do condutor";"Colisão lateral mesmo sentido";"Com Vítimas Feridas";"Pleno dia";"Decrescente";"Sol";"Dupla";"Reta";"Sim";3;0;1;0;2;0;1;2;-25,557121;-49,348732;"SPRF-PR";"DEL01-PR";"UOP06-DEL01-PR"
523390;2023-05-13;"sábado";"08:10:00";"SP";116;290;"ITAPECERICA DA SERRA";"Ausência de reação do condutor";"Saída de leito carroçável";"Sem Vítimas";"Pleno dia";"Crescente";"Céu Claro";"Dupla";"Reta";"Não";1;0;0;0;0;1;0;1;-23,7303281;-46,89425963;"SPRF-SP";"DEL04-SP";"UOP01-DEL04-SP"
523391;2023-05-16;"terça-feira";"06:15:00";"MG";251;515;"MONTES CLAROS";"Ausência de reação do condutor";"Colisão lateral mesmo sentido";"Com Vítimas Feridas";"Pleno dia";"Decrescente";"Céu Claro";"Simples";"Reta;Declive";"Não";1;0;1;0;0;0;1;1;-16,65954384;-43,74380102;"SPRF-MG";"DEL12-MG";"UOP02-DEL12-MG"
523392;2023-05-16;"terça-feira";"08:50:00";"PR";116;112,6;"CURITIBA";"Manobra de mudança de faixa";"Colisão lateral mesmo sentido";"Com Vítimas Feridas";"Pleno dia";"Crescente";"Céu Claro";"Múltipla";"Reta";"Sim";1;0;1;0;0;0;1;1;-25,55079237;-49,28082889;"SPRF-PR";"DEL01-PR";"UOP07-DEL01-PR"
523393;2023-05-16;"terça-feira";"08:40:00";"RJ";116;277,7;"BARRA MANSA";"Reação tardia ou ineficiente do condutor";"Colisão traseira";"Sem Vítimas";"Pleno dia";"Crescente";"Céu Claro";"Dupla";"Reta;Aclive";"Não";1;0;0;0;1;0;0;1;-22,55905501;-44,17284006;"SPRF-RJ";"DEL07-RJ";"UOP02-DEL07-RJ"
523394;2023-05-15;"segunda-feira";"19:00:00";"GO";70;475;"ARAGARCAS";"Pedestre andava na pista";"Atropelamento de Pedestre";"Com Vítimas Feridas";"Plena Noite";"Decrescente";"Céu Claro";"Dupla";"Reta";"Sim";2;0;1;0;1;0;1;2;-15,896082;-52,25108569;"SPRF-GO";"DEL04-GO";"UOP02-DEL04-GO"
523396;2023-05-16;"terça-feira";"09:20:00";"SP";116;282;"EMBU DAS ARTES";"Ultrapassagem Indevida";"Colisão lateral mesmo sentido";"Com Vítimas Feridas";"Pleno dia";"Decrescente";"Céu Claro";"Dupla";"Reta";"Não";2;0;1;0;1;0;1;2;-23,68570216;-46,85970975;"SPRF-SP";"DEL04-SP";"UOP01-DEL04-SP"
523397;2023-05-16;"terça-feira";"09:20:00";"PR";369;160,8;"CAMBE";"Ausência de reação do condutor";"Colisão traseira";"Com Vítimas Feridas";"Pleno dia";"Crescente";"Céu Claro";"Dupla";"Reta;Aclive";"Sim";3;0;1;0;2;0;1;3;-23,285828;-51,259514;"SPRF-PR";"DEL07-PR";"UOP01-DEL07-PR"
523398;2023-05-16;"terça-feira";"07:20:00";"RJ";101;293;"ITABORAI";"Ausência de reação do condutor";"Colisão lateral mesmo sentido";"Com Vítimas Feridas";"Pleno dia";"Crescente";"Céu Claro";"Dupla";"Reta;Declive";"Sim";2;0;1;0;1;0;1;2;-22,756203;-42,88724;"SPRF-RJ";"DEL02-RJ";"UOP02-DEL02-RJ"
523399;2023-05-16;"terça-feira";"09:20:00";"PR";116;7;"QUATRO BARRAS";"Entrada inopinada do pedestre";"Atropelamento de Pedestre";"Com Vítimas Feridas";"Pleno dia";"Decrescente";"Céu Claro";"Dupla";"Reta";"Sim";3;0;0;1;2;0;1;2;-25,3683;-49,1074;"SPRF-PR";"DEL01-PR";"UOP02-DEL01-PR"
523401;2023-05-16;"terça-feira";"07:45:00";"SC";101;209;"SAO JOSE";"Manobra de mudança de faixa";"Colisão lateral mesmo sentido";"Com Vítimas Feridas";"Pleno dia";"Decrescente";"Céu Claro";"Múltipla";"Reta";"Sim";4;0;4;0;0;0;4;2;-27,61000542;-48,63895057;"SPRF-SC";"DEL01-SC";"UOP01-DEL01-SC"
523404;2023-05-16;"terça-feira";"09:40:00";"MT";163;831;"SINOP";"Acessar a via sem observar a presença dos outros veículos";"Colisão traseira";"Sem Vítimas";"Pleno dia";"Crescente";"Céu Claro";"Dupla";"Reta;Interseção de Vias";"Sim";3;0;0;0;3;0;0;2;-11,87621975;-55,49869364;"SPRF-MT";"DEL06-MT";"UOP02-DEL06-MT"
523406;2023-05-16;"terça-feira";"06:20:00";"PR";116;3;"SAO JOSE DOS PINHAIS";"Trafegar com motocicleta (ou similar) entre as faixas";"Colisão traseira";"Com Vítimas Feridas";"Pleno dia";"Crescente";"Céu Claro";"Dupla";"Reta";"Sim";2;0;1;0;1;0;1;2;-25,54313482;-49,19023275;"SPRF-PR";"DEL01-PR";"UOP02-DEL01-PR"
523408;2023-05-16;"terça-feira";"10:00:00";"AL";316;256;"PILAR";"Acessar a via sem observar a presença dos outros veículos";"Colisão transversal";"Com Vítimas Feridas";"Pleno dia";"Crescente";"Céu Claro";"Simples";"Interseção de Vias;Reta";"Não";3;0;0;1;2;0;1;2;-9,59085179;-35,94104899;"SPRF-AL";"DEL02-AL";"UOP01-DEL02-AL"
523409;2023-05-16;"terça-feira";"07:30:00";"ES";393;0,4;"CACHOEIRO DE ITAPEMIRIM";"Ultrapassagem Indevida";"Colisão transversal";"Com Vítimas Feridas";"Pleno dia";"Decrescente";"Sol";"Simples";"Reta";"Não";2;0;0;1;1;0;1;2;-20,841324;-41,15929;"SPRF-ES";"DEL03-ES";"UOP02-DEL03-ES"
523410;2023-05-16;"terça-feira";"10:40:00";"PR";376;3;"APUCARANA";"Reação tardia ou ineficiente do condutor";"Engavetamento";"Com Vítimas Feridas";"Pleno dia";"Decrescente";"Céu Claro";"Dupla";"Reta;Declive";"Sim";4;0;1;0;3;0;1;3;-23,55921;-51,43752;"SPRF-PR";"DEL07-PR";"UOP03-DEL07-PR"
523411;2023-05-16;"terça-feira";"11:09:00";"DF";70;19,5;"BRASILIA";"Acumulo de óleo sobre o pavimento";"Queda de ocupante de veículo";"Com Vítimas Feridas";"Pleno dia";"Decrescente";"Céu Claro";"Dupla";"Curva;Aclive";"Não";1;0;1;0;0;0;1;1;-15,788868;-48,220242;"SPRF-DF";"DEL03-DF";"UOP02-DEL03-DF"
523412;2023-05-16;"terça-feira";"10:56:00";"TO";10;460;"PALMAS";"Manobra de mudança de faixa";"Colisão lateral mesmo sentido";"Com Vítimas Feridas";"Pleno dia";"Crescente";"Céu Claro";"Dupla";"Reta";"Não";2;0;0;1;1;0;1;2;-10,18165389;-48,17412734;"SPRF-TO";"DEL01-TO";"UOP03-DEL01-TO"
523413;2023-01-15;"domingo";"19:50:00";"PI";343;345;"TERESINA";"Acessar a via sem observar a presença dos outros veículos";"Colisão transversal";"Com Vítimas Feridas";"Plena Noite";"Crescente";"Céu Claro";"Dupla";"Interseção de Vias";"Sim";2;0;0;1;0;1;1;2;-5,10586808;-42,76803851;"SPRF-PI";"DEL01-PI";"UOP01-DEL01-PI"
523416;2023-03-25;"sábado";"08:50:00";"SP";116;269,7;"TABOAO DA SERRA";"Reação tardia ou ineficiente do condutor";"Colisão lateral mesmo sentido";"Com Vítimas Feridas";"Pleno dia";"Decrescente";"Céu Claro";"Múltipla";"Reta;Interseção de Vias";"Sim";2;0;1;0;1;0;1;2;-23,61593059;-46,78826044;"SPRF-SP";"DEL04-SP";"UOP01-DEL04-SP"
523417;2023-05-16;"terça-feira";"12:10:00";"RS";116;517;"PELOTAS";"Desrespeitar a preferência no cruzamento";"Colisão transversal";"Com Vítimas Feridas";"Pleno dia";"Decrescente";"Céu Claro";"Múltipla";"Viaduto";"Sim";2;0;1;0;1;0;1;2;-31,67908686;-52,34256731;"SPRF-RS";"DEL07-RS";"UOP01-DEL07-RS"
523420;2023-05-16;"terça-feira";"08:00:00";"MT";174;294;"PONTES E LACERDA";"Acessar a via sem observar a presença dos outros veículos";"Colisão transversal";"Com Vítimas Feridas";"Pleno dia";"Crescente";"Céu Claro";"Simples";"Interseção de Vias;Reta";"Sim";2;0;1;0;1;0;1;2;-15,18021493;-59,3248742;"SPRF-MT";"DEL04-MT";"UOP01-DEL04-MT"
523423;2023-05-16;"terça-feira";"08:02:00";"PE";232;81;"GRAVATA";"Reação tardia ou ineficiente do condutor";"Colisão transversal";"Com Vítimas Feridas";"Pleno dia";"Decrescente";"Sol";"Simples";"Reta;Declive";"Sim";2;0;0;1;1;0;1;2;-8,19697746;-35,57850408;"SPRF-PE";"DEL02-PE";"UOP02-DEL02PE"
523424;2023-05-09;"terça-feira";"18:00:00";"RS";468;62,9;"SANTO AUGUSTO";"Acessar a via sem observar a presença dos outros veículos";"Colisão transversal";"Com Vítimas Feridas";"Anoitecer";"Crescente";"Céu Claro";"Simples";"Reta";"Não";2;0;0;1;1;0;1;2;-27,76755546;-53,80841115;"SPRF-RS";"DEL08-RS";"UOP02-DEL08-RS"
523426;2023-05-16;"terça-feira";"13:10:00";"MG";146;484,5;"POCOS DE CALDAS";"Acesso irregular";"Colisão frontal";"Com Vítimas Fatais";"Pleno dia";"Crescente";"Céu Claro";"Simples";"Aclive;Curva;Interseção de Vias";"Não";2;1;0;0;1;0;0;2;-21,775831;-46,432338;"SPRF-MG";"DEL09-MG";"UOP01-DEL09-MG"
523430;2023-05-16;"terça-feira";"13:13:00";"ES";101;269;"SERRA";"Manobra de mudança de faixa";"Colisão traseira";"Com Vítimas Feridas";"Pleno dia";"Decrescente";"Céu Claro";"Dupla";"Reta";"Sim";4;0;0;2;1;1;2;3;-20,21740496;-40,26990578;"SPRF-ES";"DEL02-ES";"UOP01-DEL02-ES"
523431;2023-05-16;"terça-feira";"11:10:00";"RO";364;343;"JI-PARANA";"Reação tardia ou ineficiente do condutor";"Colisão lateral mesmo sentido";"Sem Vítimas";"Pleno dia";"Decrescente";"Céu Claro";"Simples";"Interseção de Vias";"Sim";2;0;0;0;1;1;0;2;-10,87878519;-61,94499012;"SPRF-RO";"DEL02-RO";"UOP01-DEL02-RO"
523436;2023-05-16;"terça-feira";"14:15:00";"CE";116;56,4;"PACAJUS";"Afundamento ou ondulação no pavimento";"Queda de ocupante de veículo";"Com Vítimas Feridas";"Pleno dia";"Crescente";"Céu Claro";"Simples";"Declive;Reta";"Sim";1;0;1;0;0;0;1;1;-4,21228207;-38,47322379;"SPRF-CE";"DEL03-CE";"UOP02-DEL03-CE"
523437;2023-05-16;"terça-feira";"12:30:00";"CE";222;4;"CAUCAIA";"Deficiência do Sistema de Iluminação/Sinalização";"Colisão transversal";"Com Vítimas Feridas";"Pleno dia";"Decrescente";"Céu Claro";"Múltipla";"Reta";"Sim";3;0;2;1;0;0;3;2;-3,74164754;-38,60449792;"SPRF-CE";"DEL01-CE";"UOP01-DEL01-CE"
523438;2023-05-16;"terça-feira";"13:30:00";"SC";101;202;"SAO JOSE";"Manobra de mudança de faixa";"Colisão traseira";"Com Vítimas Feridas";"Pleno dia";"Crescente";"Céu Claro";"Dupla";"Reta";"Sim";2;0;1;0;1;0;1;2;-27,55711595;-48,61897889;"SPRF-SC";"DEL01-SC";"UOP01-DEL01-SC"
523439;2023-05-16;"terça-feira";"07:50:00";"ES";101;269,9;"SERRA";"Manobra de mudança de faixa";"Colisão lateral mesmo sentido";"Com Vítimas Feridas";"Pleno dia";"Crescente";"Céu Claro";"Múltipla";"Reta";"Sim";2;0;1;0;1;0;1;2;-20,21740496;-40,26990578;"SPRF-ES";"DEL02-ES";"UOP01-DEL02-ES"
523440;2023-05-16;"terça-feira";"12:08:00";"PE";101;107,5;"CABO DE SANTO AGOSTINHO";"Ausência de reação do condutor";"Saída de leito carroçável";"Com Vítimas Feridas";"Pleno dia";"Decrescente";"Céu Claro";"Dupla";"Reta";"Não";1;0;1;0;0;0;1;1;-8,30976839;-35,08440011;"SPRF-PE";"DEL01-PE";"UOP03-DEL01-PE"
523441;2023-05-16;"terça-feira";"14:20:00";"RS";158;329;"SANTA MARIA";"Ausência de reação do condutor";"Saída de leito carroçável";"Com Vítimas Feridas";"Pleno dia";"Crescente";"Céu Claro";"Dupla";"Reta";"Sim";2;0;1;0;0;1;1;2;-29,70656383;-53,82849988;"SPRF-RS";"DEL09-RS";"UOP01-DEL09-RS"
523442;2023-05-16;"terça-feira";"14:00:00";"RJ";116;146;"DUQUE DE CAXIAS";"Ausência de reação do condutor";"Colisão traseira";"Com Vítimas Feridas";"Pleno dia";"Decrescente";"Céu Claro";"Dupla";"Reta";"Sim";2;0;1;0;1;0;1;2;-22,66687859;-43,26368215;"SPRF-RJ";"DEL01-RJ";"UOP01-DEL01-RJ"
523443;2023-05-16;"terça-feira";"11:45:00";"RJ";40;124;"DUQUE DE CAXIAS";"Reação tardia ou ineficiente do condutor";"Tombamento";"Com Vítimas Feridas";"Pleno dia";"Crescente";"Céu Claro";"Múltipla";"Reta";"Sim";2;0;2;0;0;0;2;1;-22,807953;-43,289124;"SPRF-RJ";"DEL01-RJ";"UOP01-DEL01-RJ"
523446;2023-05-16;"terça-feira";"15:05:00";"SC";470;54,4;"BLUMENAU";"Manobra de mudança de faixa";"Colisão lateral mesmo sentido";"Com Vítimas Feridas";"Pleno dia";"Crescente";"Céu Claro";"Simples";"Rotatória;Interseção de Vias";"Sim";2;0;1;0;1;0;1;2;-26,87366204;-49,1147402;"SPRF-SC";"DEL04-SC";"UOP01-DEL04-SC"
523447;2023-05-16;"terça-feira";"14:55:00";"PR";369;87;"CORNELIO PROCOPIO";"Velocidade Incompatível";"Saída de leito carroçável";"Sem Vítimas";"Pleno dia";"Decrescente";"Céu Claro";"Simples";"Reta";"Não";1;0;0;0;1;0;0;1;-23,1800968;-50,6287022;"SPRF-PR";"DEL07-PR";"UOP05-DEL07-PR"
523448;2023-05-16;"terça-feira";"14:23:00";"AL";316;155,9;"PALMEIRA DOS INDIOS";"Acessar a via sem observar a presença dos outros veículos";"Colisão transversal";"Com Vítimas Feridas";"Pleno dia";"Crescente";"Céu Claro";"Simples";"Reta";"Sim";3;0;2;0;1;0;2;3;-9,42806399;-36,616745;"SPRF-AL";"DEL03-AL";"UOP01-DEL03-AL"
523449;2023-05-09;"terça-feira";"07:40:00";"PR";116;116;"CURITIBA";"Reação tardia ou ineficiente do condutor";"Colisão traseira";"Com Vítimas Feridas";"Pleno dia";"Decrescente";"Nublado";"Múltipla";"Reta";"Sim";2;0;0;1;1;0;1;2;-25,55396724;-49,30540144;"SPRF-PR";"DEL01-PR";"UOP03-DEL01-PR"
523450;2023-05-16;"terça-feira";"15:00:00";"MG";381;452;"SABARA";"Ausência de reação do condutor";"Tombamento";"Com Vítimas Feridas";"Pleno dia";"Decrescente";"Céu Claro";"Simples";"Curva";"Sim";1;0;1;0;0;0;1;1;-19,83424412;-43,860147;"SPRF-MG";"DEL01-MG";"UOP01-DEL01-MG"
523451;2023-04-26;"quarta-feira";"19:30:00";"PR";277;687,5;"SAO MIGUEL DO IGUACU";"Acessar a via sem observar a presença dos outros veículos";"Colisão transversal";"Com Vítimas Feridas";"Anoitecer";"Decrescente";"Céu Claro";"Dupla";"Reta";"Sim";6;0;2;1;2;1;3;2;-25,34377452;-54,22446208;"SPRF-PR";"DEL05-PR";"UOP01-DEL05-PR"
523453;2023-04-07;"sexta-feira";"09:45:00";"MS";376;4,3;"DOURADOS";"Acessar a via sem observar a presença dos outros veículos";"Colisão transversal";"Com Vítimas Feridas";"Pleno dia";"Crescente";"Nublado";"Simples";"Interseção de Vias;Reta";"Não";3;0;1;0;1;1;1;3;-22,22493914;-54,6660394;"SPRF-MS";"DEL04-MS";"UOP01-DEL04-MS"
523456;2023-05-16;"terça-feira";"15:30:00";"PB";230;139,5;"CAMPINA GRANDE";"Entrada inopinada do pedestre";"Atropelamento de Pedestre";"Com Vítimas Feridas";"Pleno dia";"Decrescente";"Céu Claro";"Dupla";"Reta";"Não";3;0;1;0;1;1;1;2;-7,268;-35,7991;"SPRF-PB";"DEL02-PB";"UOP01-DEL02-PB"
523461;2023-05-01;"segunda-feira";"16:08:00";"PR";376;166;"MARINGA";"Condutor deixou de manter distância do veículo da frente";"Colisão traseira";"Com Vítimas Feridas";"Pleno dia";"Crescente";"Céu Claro";"Dupla";"Declive";"Não";8;0;3;1;4;0;4;3;-23,39663206;-52,00514304;"SPRF-PR";"DEL09-PR";"UOP01-DEL09-PR"
523465;2023-05-16;"terça-feira";"16:50:00";"RJ";356;186;"SAO JOAO DA BARRA";"Ausência de reação do condutor";"Colisão lateral sentido oposto";"Com Vítimas Feridas";"Plena Noite";"Crescente";"Céu Claro";"Simples";"Reta";"Sim";2;0;1;0;1;0;1;2;-21,62783468;-41,03262118;"SPRF-RJ";"DEL08-RJ";"UOP02-DEL08-RJ"
523466;2023-05-16;"terça-feira";"16:30:00";"RS";116;265;"CANOAS";"Demais falhas mecânicas ou elétricas";"Tombamento";"Com Vítimas Feridas";"Pleno dia";"Crescente";"Céu Claro";"Múltipla";"Reta";"Sim";1;0;1;0;0;0;1;1;-29,92342302;-51,17780944;"SPRF-RS";"DEL01-RS";"UOP01-DEL01-RS"
523467;2023-05-16;"terça-feira";"16:30:00";"ES";101;153,1;"LINHARES";"Reação tardia ou ineficiente do condutor";"Colisão traseira";"Sem Vítimas";"Pleno dia";"Crescente";"Nublado";"Simples";"Reta";"Não";3;0;0;0;3;0;0;2;-19,423338;-40,07872401;"SPRF-ES";"DEL04-ES";"UOP01-DEL04-ES"
523468;2023-05-16;"terça-feira";"16:30:00";"RS";101;22,5;"TRES CACHOEIRAS";"Acessar a via sem observar a presença dos outros veículos";"Colisão lateral mesmo sentido";"Com Vítimas Feridas";"Pleno dia";"Decrescente";"Céu Claro";"Múltipla";"Reta";"Sim";2;0;1;0;1;0;1;2;-29,44308591;-49,90548939;"SPRF-RS";"DEL03-RS";"UOP02-DEL03-RS"
523470;2023-05-16;"terça-feira";"14:50:00";"MG";40;327,9;"FELIXLANDIA";"Demais falhas mecânicas ou elétricas";"Incêndio";"Sem Vítimas";"Pleno dia";"Decrescente";"Céu Claro";"Simples";"Reta;Interseção de Vias";"Não";1;0;0;0;1;0;0;1;-18,55022585;-45,02982475;"SPRF-MG";"DEL14-MG";"UOP02-DEL14-MG"
523471;2023-05-16;"terça-feira";"17:00:00";"ES";101;260,2;"SERRA";"Acesso irregular";"Colisão frontal";"Com Vítimas Fatais";"Anoitecer";"Decrescente";"Céu Claro";"Simples";"Reta";"Não";3;1;0;0;1;1;0;3;-20,14616415;-40,28836206;"SPRF-ES";"DEL02-ES";"UOP01-DEL02-ES"
523472;2023-05-16;"terça-feira";"17:00:00";"PR";376;244,2;"APUCARANA";"Demais falhas mecânicas ou elétricas";"Tombamento";"Com Vítimas Feridas";"Pleno dia";"Decrescente";"Céu Claro";"Dupla";"Declive;Curva";"Não";1;0;0;1;0;0;1;1;-23,580046;-51,418804;"SPRF-PR";"DEL07-PR";"UOP03-DEL07-PR"
523473;2023-05-16;"terça-feira";"15:40:00";"PR";153;369;"RIO AZUL";"Transitar na contramão";"Colisão frontal";"Com Vítimas Feridas";"Pleno dia";"Crescente";"Céu Claro";"Simples";"Reta";"Não";2;0;1;1;0;0;2;2;-25,73669789;-50,80195243;"SPRF-PR";"DEL08-PR";"UOP02-DEL08-PR"
523476;2023-05-16;"terça-feira";"17:15:00";"CE";20;203,5;"BOA VIAGEM";"Reação tardia ou ineficiente do condutor";"Colisão com objeto";"Com Vítimas Feridas";"Anoitecer";"Crescente";"Céu Claro";"Simples";"Curva";"Sim";1;0;1;0;0;0;1;1;-5,128491;-39,738;"SPRF-CE";"DEL02-CE";"UOP02-DEL02-CE"
523477;2023-05-16;"terça-feira";"17:30:00";"SC";101;64;"ARAQUARI";"Avarias e/ou desgaste excessivo no pneu";"Queda de ocupante de veículo";"Com Vítimas Feridas";"Anoitecer";"Crescente";"Céu Claro";"Múltipla";"Reta";"Não";1;0;1;0;0;0;1;1;-26,46433196;-48,75063097;"SPRF-SC";"DEL03-SC";"UOP02-DEL03-SC"