"id";"data_inversa";"dia_semana";"horario";"uf";"br";"km";"municipio";"causa_acidente";"tipo_acidente";"classificacao_acidente";"fase_dia";"sentido_via";"condicao_metereologica";"tipo_pista";"tracado_via";"uso_solo";"pessoas";"mortos";"feridos_leves";"feridos_graves";"ilesos";"ignorados";"feridos";"veiculos";"latitude";"longitude";"regional";"delegacia";"uop"
523479;2023-05-16;"terça-feira";"13:50:00";"MG";459;74,9;"SENADOR JOSE BENTO";"Ausência de reação do condutor";"Tombamento";"Com Vítimas Feridas";"Pleno dia";"Decrescente";"Céu Claro";"Simples";"Reta;Em Obras";"Não";1;0;1;0;0;0;1;1;-22,15651802;-46,1187467;"SPRF-MG";"DEL09-MG";"UOP01-DEL09-MG"
523480;2023-05-16;"terça-feira";"17:30:00";"MG";381;443;"SANTA LUZIA";"Conversão proibida";"Colisão lateral mesmo sentido";"Com Vítimas Feridas";"Anoitecer";"Decrescente";"Céu Claro";"Simples";"Reta;Aclive";"Não";2;0;1;1;0;0;2;2;-19,80871024;-43,78523827;"SPRF-MG";"DEL01-MG";"UOP01-DEL01-MG"
523481;2023-05-15;"segunda-feira";"15:20:00";"BA";367;25,9;"PORTO SEGURO";"Velocidade Incompatível";"Atropelamento de Animal";"Com Vítimas Feridas";"Pleno dia";"Crescente";"Céu Claro";"Dupla";"Reta";"Não";1;0;0;1;0;0;1;1;-16,43805311;-39,09107101;"SPRF-BA";"DEL09-BA";"UOP03-DEL09-BA"
523483;2023-05-16;"terça-feira";"13:15:00";"RO";364;15,2;"VILHENA";"Acessar a via sem observar a presença dos outros veículos";"Colisão transversal";"Com Vítimas Feridas";"Pleno dia";"Crescente";"Céu Claro";"Simples";"Interseção de Vias";"Sim";3;0;0;1;2;0;1;3;-12,73672751;-60,14804088;"SPRF-RO";"DEL04-RO";"UOP01-DEL04-RO"
523485;2023-05-16;"terça-feira";"18:35:00";"SC";101;220;"PALHOCA";"Manobra de mudança de faixa";"Queda de ocupante de veículo";"Com Vítimas Feridas";"Plena Noite";"Crescente";"Céu Claro";"Múltipla";"Reta";"Não";1;0;1;0;0;0;1;1;-27,69385201;-48,66307676;"SPRF-SC";"DEL01-SC";"UOP02-DEL01-SC"
523486;2023-05-16;"terça-feira";"18:00:00";"GO";60;386,8;"RIO VERDE";"Entrada inopinada do pedestre";"Atropelamento de Pedestre";"Com Vítimas Fatais";"Anoitecer";"Decrescente";"Céu Claro";"Múltipla";"Aclive;Reta";"Sim";3;1;0;0;1;1;0;2;-17,8029;-50,9205;"SPRF-GO";"DEL04-GO";"UOP02-DEL04-GO"
523488;2023-05-16;"terça-feira";"18:00:00";"DF";80;2,9;"BRASILIA";"Reação tardia ou ineficiente do condutor";"Atropelamento de Pedestre";"Com Vítimas Fatais";"Anoitecer";"Crescente";"Céu Claro";"Simples";"Reta";"Não";3;1;0;0;1;1;0;2;-15,732491;-48,093361;"SPRF-DF";"DEL03-DF";"UOP02-DEL03-DF"
523489;2023-05-16;"terça-feira";"19:05:00";"RS";158;300;"ITAARA";"Acessar a via sem observar a presença dos outros veículos";"Colisão traseira";"Com Vítimas Fatais";"Plena Noite";"Crescente";"Ignorado";"Simples";"Reta";"Não";5;1;1;2;1;0;3;3;-29,53368404;-53,73976696;"SPRF-RS";"DEL09-RS";"UOP01-DEL09-RS"
523492;2023-05-16;"terça-feira";"17:50:00";"AL";104;43;"BRANQUINHA";"Demais falhas mecânicas ou elétricas";"Queda de ocupante de veículo";"Com Vítimas Feridas";"Anoitecer";"Crescente";"Chuva";"Simples";"Reta";"Não";2;0;2;0;0;0;2;1;-9,2223957;-36,03009171;"SPRF-AL";"DEL01-AL";"UOP02-DEL01-AL"
523494;2023-05-16;"terça-feira";"18:30:00";"PR";376;161,4;"MARINGA";"Acessar a via sem observar a presença dos outros veículos";"Atropelamento de Pedestre";"Com Vítimas Feridas";"Anoitecer";"Crescente";"Céu Claro";"Dupla";"Interseção de Vias";"Sim";3;0;1;0;2;0;1;2;-23,36800314;-52,06664443;"SPRF-PR";"DEL09-PR";"UOP01-DEL09-PR"
523498;2023-05-16;"terça-feira";"19:13:00";"PE";232;5;"RECIFE";"Área urbana sem a presença de local apropriado para a travessia de pedestres";"Atropelamento de Pedestre";"Com Vítimas Feridas";"Plena Noite";"Decrescente";"Céu Claro";"Dupla";"Em Obras;Reta";"Sim";2;0;0;2;0;0;2;2;-8,06795766;-34,94535414;"SPRF-PE";"DEL01-PE";"UOP01-DEL01-PE"
523499;2023-05-16;"terça-feira";"19:15:00";"RS";386;317,3;"MARQUES DE SOUZA";"Entrada inopinada do pedestre";"Atropelamento de Pedestre";"Com Vítimas Fatais";"Plena Noite";"Decrescente";"Céu Claro";"Simples";"Reta";"Não";2;1;0;0;1;0;0;2;-29,263786;-52,145988;"SPRF-RS";"DEL04-RS";"UOP01-DEL04-RS"
523500;2023-05-16;"terça-feira";"19:30:00";"MA";316;521,2;"CAXIAS";"Ingestão de álcool pelo condutor";"Queda de ocupante de veículo";"Com Vítimas Feridas";"Plena Noite";"Crescente";"Céu Claro";"Simples";"Curva";"Não";1;0;0;1;0;0;1;1;-4,784778;-43,588432;"SPRF-MA";"DEL03-MA";"UOP02-DEL03-MA"
523501;2023-05-16;"terça-feira";"13:40:00";"MG";262;888;"CAMPO FLORIDO";"Demais falhas na via";"Saída de leito carroçável";"Com Vítimas Feridas";"Pleno dia";"Decrescente";"Céu Claro";"Múltipla";"Reta";"Não";1;0;1;0;0;0;1;1;-19,735325;-48,663658;"SPRF-MG";"DEL13-MG";"UOP02-DEL13-MG"
523503;2023-05-16;"terça-feira";"17:00:00";"BA";415;24;"ILHEUS";"Velocidade Incompatível";"Saída de leito carroçável";"Com Vítimas Feridas";"Anoitecer";"Decrescente";"Céu Claro";"Simples";"Reta";"Sim";1;0;0;1;0;0;1;1;-14,8482;-39,281986;"SPRF-BA";"DEL05-BA";"UOP01-DEL05-BA"
523505;2023-05-16;"terça-feira";"18:20:00";"MA";10;257,8;"IMPERATRIZ";"Condutor deixou de manter distância do veículo da frente";"Colisão traseira";"Sem Vítimas";"Plena Noite";"Decrescente";"Céu Claro";"Simples";"Reta";"Sim";4;0;0;0;4;0;0;2;-5,490634;-47,471973;"SPRF-MA";"DEL04-MA";"UOP01-DEL04-MA"
523506;2023-05-16;"terça-feira";"19:00:00";"SC";101;14,8;"GARUVA";"Velocidade Incompatível";"Colisão com objeto";"Com Vítimas Feridas";"Anoitecer";"Crescente";"Céu Claro";"Dupla";"Curva";"Não";1;0;0;1;0;0;1;1;-26,09803515;-48,86773972;"SPRF-SC";"DEL03-SC";"UOP01-DEL03-SC"
523507;2023-05-16;"terça-feira";"18:10:00";"RJ";116;311;"RESENDE";"Demais falhas mecânicas ou elétricas";"Tombamento";"Com Vítimas Feridas";"Anoitecer";"Crescente";"Céu Claro";"Dupla";"Reta";"Não";1;0;1;0;0;0;1;1;-22,46086624;-44,44296321;"SPRF-RJ";"DEL07-RJ";"UOP02-DEL07-RJ"
523509;2023-05-16;"terça-feira";"20:30:00";"MG";365;627;"UBERLANDIA";"Acessar a via sem observar a presença dos outros veículos";"Eventos atípicos";"Com Vítimas Feridas";"Plena Noite";"Decrescente";"Céu Claro";"Dupla";"Reta";"Não";2;0;1;0;1;0;1;2;-18,90359335;-48,34361612;"SPRF-MG";"DEL15-MG";"UOP01-DEL15-MG"
523510;2023-05-16;"terça-feira";"20:00:00";"MG";381;883,3;"ESTIVA";"Ingestão de álcool pelo condutor";"Saída de leito carroçável";"Sem Vítimas";"Plena Noite";"Crescente";"Céu Claro";"Dupla";"Reta";"Não";1;0;0;0;1;0;0;1;-22,48613938;-46,01095761;"SPRF-MG";"DEL16-MG";"UOP03-DEL16-MG"
523511;2023-05-06;"sábado";"22:20:00";"BA";407;4;"JUAZEIRO";"Acessar a via sem observar a presença dos outros veículos";"Colisão lateral sentido oposto";"Com Vítimas Feridas";"Plena Noite";"Crescente";"Céu Claro";"Simples";"Reta";"Sim";4;0;4;0;0;0;4;2;-9,43788257;-40,49780136;"SPRF-PE";"DEL06-PE";"UOP01-DEL06-PE"
523513;2023-05-16;"terça-feira";"19:20:00";"PR";116;122,2;"CURITIBA";"Reação tardia ou ineficiente do condutor";"Engavetamento";"Sem Vítimas";"Plena Noite";"Decrescente";"Céu Claro";"Dupla";"Reta";"Não";6;0;0;0;5;1;0;3;-25,56857207;-49,31023179;"SPRF-PR";"DEL01-PR";"UOP03-DEL01-PR"
523514;2023-05-16;"terça-feira";"21:01:00";"ES";101;327,5;"GUARAPARI";"Ingestão de álcool e/ou substâncias psicoativas pelo pedestre";"Colisão com objeto";"Com Vítimas Feridas";"Plena Noite";"Decrescente";"Céu Claro";"Dupla";"Reta";"Não";1;0;0;1;0;0;1;1;-20,57963019;-40,4901487;"SPRF-ES";"DEL03-ES";"UOP01-DEL03-ES"
523515;2023-05-16;"terça-feira";"19:50:00";"AL";316;258,2;"PILAR";"Avarias e/ou desgaste excessivo no pneu";"Saída de leito carroçável";"Com Vítimas Fatais";"Plena Noite";"Crescente";"Chuva";"Simples";"Reta";"Não";3;1;1;1;0;0;2;1;-9,59138313;-35,923087;"SPRF-AL";"DEL02-AL";"UOP01-DEL02-AL"
523516;2023-05-16;"terça-feira";"18:20:00";"RJ";465;2;"SEROPEDICA";"Conversão proibida";"Colisão lateral mesmo sentido";"Com Vítimas Feridas";"Plena Noite";"Crescente";"Céu Claro";"Simples";"Reta";"Não";5;0;2;0;3;0;2;3;-22,73154039;-43,71455669;"SPRF-RJ";"DEL01-RJ";"UOP03-DEL01-RJ"
523518;2023-05-16;"terça-feira";"19:40:00";"PE";101;54;"PAULISTA";"Ausência de reação do condutor";"Saída de leito carroçável";"Com Vítimas Feridas";"Plena Noite";"Crescente";"Céu Claro";"Dupla";"Reta";"Sim";1;0;1;0;0;0;1;1;-7,93961103;-34,90356584;"SPRF-PE";"DEL01-PE";"UOP02-DEL01-PE"
523519;2023-05-16;"terça-feira";"17:40:00";"RO";364;424;"JARU";"Desrespeitar a preferência no cruzamento";"Colisão transversal";"Sem Vítimas";"Pleno dia";"Crescente";"Céu Claro";"Múltipla";"Reta;Interseção de Vias";"Sim";2;0;0;0;2;0;0;2;-10,44457274;-62,46568412;"SPRF-RO";"DEL03-RO";"UOP02-DEL03-RO"
523521;2023-05-16;"terça-feira";"20:00:00";"PE";407;129;"PETROLINA";"Condutor deixou de manter distância do veículo da frente";"Colisão lateral mesmo sentido";"Com Vítimas Feridas";"Plena Noite";"Decrescente";"Céu Claro";"Dupla";"Reta";"Não";4;0;1;0;3;0;1;2;-9,39958299;-40,50459298;"SPRF-PE";"DEL06-PE";"UOP01-DEL06-PE"
523523;2023-05-16;"terça-feira";"21:30:00";"RS";287;520,3;"SAO BORJA";"Animais na Pista";"Atropelamento de Animal";"Com Vítimas Feridas";"Plena Noite";"Crescente";"Céu Claro";"Simples";"Reta";"Não";1;0;1;0;0;0;1;1;-28,72442588;-55,85837293;"SPRF-RS";"DEL12-RS";"UOP01-DEL12-RS"
523524;2023-05-16;"terça-feira";"21:20:00";"RJ";101;482,5;"ANGRA DOS REIS";"Acesso irregular";"Colisão transversal";"Com Vítimas Feridas";"Plena Noite";"Crescente";"Céu Claro";"Simples";"Curva";"Não";3;0;1;0;2;0;1;2;-23,00135021;-44,29782987;"SPRF-RJ";"DEL03-RJ";"UOP03-DEL03-RJ"
523526;2023-05-16;"terça-feira";"22:17:00";"MG";116;413,5;"GOVERNADOR VALADARES";"Ausência de reação do condutor";"Colisão traseira";"Com Vítimas Feridas";"Pleno dia";"Crescente";"Céu Claro";"Simples";"Reta;Ponte";"Sim";3;0;2;0;1;0;2;2;-18,873907;-41,966366;"SPRF-MG";"DEL06-MG";"UOP01-DEL06-MG"
523529;2023-05-16;"terça-feira";"19:08:00";"PI";316;310;"PICOS";"Animais na Pista";"Atropelamento de Animal";"Com Vítimas Feridas";"Plena Noite";"Crescente";"Nublado";"Simples";"Reta";"Sim";2;0;2;0;0;0;2;1;-7,07639186;-41,47475001;"SPRF-PI";"DEL04-PI";"UOP01-DEL04-PI"
523530;2023-05-16;"terça-feira";"21:45:00";"MA";135;23;"SAO LUIS";"Acessar a via sem observar a presença dos outros veículos";"Colisão transversal";"Com Vítimas Feridas";"Plena Noite";"Decrescente";"Céu Claro";"Dupla";"Rotatória";"Sim";3;0;0;2;1;0;2;2;-2,55178212;-44,30764675;"SPRF-MA";"DEL01-MA";"UOP01-DEL01-MA"
523531;2023-05-16;"terça-feira";"22:15:00";"GO";20;5;"FORMOSA";"Reação tardia ou ineficiente do condutor";"Colisão com objeto";"Com Vítimas Feridas";"Plena Noite";"Crescente";"Céu Claro";"Simples";"Reta;Declive;Em Obras";"Não";1;0;0;1;0;0;1;1;-15,555275;-47,306908;"SPRF-DF";"DEL02-DF";"UOP02-DEL02-DF"
523533;2023-05-16;"terça-feira";"21:55:00";"PE";408;80;"PAUDALHO";"Chuva";"Saída de leito carroçável";"Com Vítimas Feridas";"Plena Noite";"Decrescente";"Chuva";"Simples";"Interseção de Vias;Rotatória";"Não";1;0;1;0;0;0;1;1;-7,933659;-35,130779;"SPRF-PE";"DEL01-PE";"UOP01-DEL01-PE"
523536;2023-05-17;"quarta-feira";"00:15:00";"SC";101;217;"PALHOCA";"Ingestão de álcool pelo condutor";"Tombamento";"Com Vítimas Feridas";"Plena Noite";"Decrescente";"Céu Claro";"Dupla";"Reta";"Não";1;0;1;0;0;0;1;1;-27,66779034;-48,67393586;"SPRF-SC";"DEL01-SC";"UOP02-DEL01-SC"
523537;2023-05-17;"quarta-feira";"00:10:00";"SC";101;135;"BALNEARIO CAMBORIU";"Reação tardia ou ineficiente do condutor";"Colisão com objeto";"Com Vítimas Feridas";"Plena Noite";"Crescente";"Céu Claro";"Simples";"Reta";"Sim";1;0;0;1;0;0;1;1;-27,0050108;-48,62677494;"SPRF-SC";"DEL04-SC";"UOP03-DEL04-SC"
523539;2023-05-17;"quarta-feira";"00:25:00";"SC";280;235,6;"CANOINHAS";"Animais na Pista";"Atropelamento de Animal";"Com Vítimas Feridas";"Plena Noite";"Crescente";"Céu Claro";"Simples";"Reta";"Sim";1;0;1;0;0;0;1;1;-26,19206283;-50,41295701;"SPRF-SC";"DEL06-SC";"UOP04-DEL06-SC"
523542;2023-05-16;"terça-feira";"11:15:00";"BA";135;166;"BARREIRAS";"Demais falhas mecânicas ou elétricas";"Incêndio";"Sem Vítimas";"Pleno dia";"Decrescente";"Sol";"Simples";"Reta";"Sim";1;0;0;0;1;0;0;1;-12,07052241;-44,96763697;"SPRF-BA";"DEL08-BA";"UOP04-DEL08-BA"
523544;2023-05-17;"quarta-feira";"05:40:00";"SP";116;145,6;"SAO JOSE DOS CAMPOS";"Ausência de reação do condutor";"Colisão lateral mesmo sentido";"Com Vítimas Feridas";"Amanhecer";"Decrescente";"Céu Claro";"Dupla";"Reta";"Sim";2;0;1;0;0;1;1;2;-23,1869844;-45,8548078;"SPRF-SP";"DEL02-SP";"UOP01-DEL02-SP"
523549;2023-05-17;"quarta-feira";"06:58:00";"DF";40;4;"BRASILIA";"Ausência de reação do condutor";"Colisão traseira";"Com Vítimas Feridas";"Pleno dia";"Decrescente";"Céu Claro";"Dupla";"Reta";"Sim";3;0;1;0;2;0;1;2;-16,012033;-47,982124;"SPRF-DF";"DEL01-DF";"UOP01-DEL01-DF"
523550;2023-05-17;"quarta-feira";"06:45:00";"RS";293;4,5;"PELOTAS";"Manobra de mudança de faixa";"Colisão lateral mesmo sentido";"Com Vítimas Feridas";"Pleno dia";"Decrescente";"Céu Claro";"Simples";"Reta";"Sim";2;0;0;1;1;0;1;2;-31,73357732;-52,37275615;"SPRF-RS";"DEL07-RS";"UOP01-DEL07-RS"
523551;2023-05-17;"quarta-feira";"05:00:00";"BA";116;425;"FEIRA DE SANTANA";"Acesso irregular";"Colisão transversal";"Com Vítimas Feridas";"Amanhecer";"Decrescente";"Céu Claro";"Dupla";"Reta;Em Obras";"Sim";2;0;1;0;0;1;1;2;-12,24638844;-38,98666763;"SPRF-BA";"DEL02-BA";"UOP01-DEL02-BA"
523552;2023-05-17;"quarta-feira";"06:05:00";"RS";116;155,8;"CAXIAS DO SUL";"Reação tardia ou ineficiente do condutor";"Colisão lateral mesmo sentido";"Com Vítimas Feridas";"Amanhecer";"Decrescente";"Céu Claro";"Dupla";"Reta";"Sim";2;0;1;0;1;0;1;2;-29,20436593;-51,17704153;"SPRF-RS";"DEL05-RS";"UOP01-DEL05-RS"
523553;2023-05-17;"quarta-feira";"06:17:00";"RJ";116;172;"SAO JOAO DE MERITI";"Ausência de reação do condutor";"Engavetamento";"Com Vítimas Feridas";"Amanhecer";"Decrescente";"Céu Claro";"Dupla";"Reta";"Sim";6;0;1;0;5;0;1;4;-22,80188151;-43,35043673;"SPRF-RJ";"DEL01-RJ";"UOP02-DEL01-RJ"
523557;2023-05-17;"quarta-feira";"06:45:00";"ES";101;264,3;"SERRA";"Desrespeitar a preferência no cruzamento";"Colisão transversal";"Com Vítimas Feridas";"Pleno dia";"Crescente";"Céu Claro";"Múltipla";"Interseção de Vias";"Sim";3;0;1;1;0;1;2;3;-20,17292791;-40,26736384;"SPRF-ES";"DEL02-ES";"UOP01-DEL02-ES"
523559;2023-05-17;"quarta-feira";"07:30:00";"SP";153;256;"MARILIA";"Condutor deixou de manter distância do veículo da frente";"Colisão traseira";"Com Vítimas Feridas";"Pleno dia";"Decrescente";"Céu Claro";"Dupla";"Reta";"Sim";2;0;1;0;1;0;1;2;-22,231552;-49,91968;"SPRF-SP";"DEL07-SP";"UOP02-DEL07-SP"
523560;2023-05-17;"quarta-feira";"06:40:00";"PB";101;77,9;"SANTA RITA";"Chuva";"Colisão com objeto";"Com Vítimas Feridas";"Pleno dia";"Crescente";"Garoa/Chuvisco";"Dupla";"Reta";"Não";1;0;0;1;0;0;1;1;-7,107827;-34,963207;"SPRF-PB";"DEL01-PB";"UOP04-DEL01-PB"
523561;2023-05-17;"quarta-feira";"07:55:00";"RS";290;92;"PORTO ALEGRE";"Ausência de reação do condutor";"Colisão lateral mesmo sentido";"Com Vítimas Feridas";"Pleno dia";"Decrescente";"Céu Claro";"Dupla";"Curva;Retorno Regulamentado";"Sim";3;0;1;0;2;0;1;3;-29,971916;-51,176838;"SPRF-RS";"DEL01-RS";"UOP01-DEL01-RS"
523563;2023-05-17;"quarta-feira";"08:00:00";"PI";343;328;"TERESINA";"Demais falhas mecânicas ou elétricas";"Tombamento";"Com Vítimas Feridas";"Pleno dia";"Decrescente";"Sol";"Simples";"Reta";"Não";2;0;2;0;0;0;2;1;-5,069324;-42,634327;"SPRF-PI";"DEL01-PI";"UOP01-DEL01-PI"
523564;2023-05-17;"quarta-feira";"08:39:00";"MG";381;485;"BETIM";"Manobra de mudança de faixa";"Colisão lateral mesmo sentido";"Com Vítimas Feridas";"Pleno dia";"Crescente";"Céu Claro";"Dupla";"Aclive;Curva";"Não";4;0;2;0;0;2;2;3;-19,95564;-44,09649;"SPRF-MG";"DEL01-MG";"UOP03-DEL01-MG"
523565;2023-05-17;"quarta-feira";"05:45:00";"RS";392;259,4;"CACAPAVA DO SUL";"Ingestão de álcool pelo condutor";"Saída de leito carroçável";"Com Vítimas Feridas";"Plena Noite";"Crescente";"Céu Claro";"Simples";"Reta";"Sim";2;0;1;0;1;0;1;1;-30,4841941;-53,48010237;"SPRF-RS";"DEL09-RS";"UOP02-DEL09-RS"
523566;2023-05-17;"quarta-feira";"08:30:00";"RN";304;296,7;"MACAIBA";"Manobra de mudança de faixa";"Colisão lateral mesmo sentido";"Com Vítimas Feridas";"Pleno dia";"Decrescente";"Céu Claro";"Dupla";"Rotatória";"Sim";2;0;1;0;0;1;1;2;-5,863838;-35,34359;"SPRF-RN";"DEL01-RN";"UOP02-DEL01-RN"
523568;2023-05-17;"quarta-feira";"08:10:00";"SC";101;106,6;"PENHA";"Reação tardia ou ineficiente do condutor";"Queda de ocupante de veículo";"Com Vítimas Feridas";"Pleno dia";"Crescente";"Céu Claro";"Dupla";"Reta";"Não";1;0;1;0;0;0;1;1;-26,81031601;-48,68293896;"SPRF-SC";"DEL03-SC";"UOP02-DEL03-SC"
523570;2023-05-17;"quarta-feira";"07:45:00";"PR";277;96;"CURITIBA";"Acessar a via sem observar a presença dos outros veículos";"Colisão transversal";"Com Vítimas Feridas";"Pleno dia";"Crescente";"Céu Claro";"Simples";"Interseção de Vias";"Sim";3;0;2;0;1;0;2;3;-25,43088269;-49,33378458;"SPRF-PR";"DEL01-PR";"UOP06-DEL01-PR"
523571;2023-05-17;"quarta-feira";"08:10:00";"PI";343;3,9;"TERESINA";"Ausência de reação do condutor";"Colisão traseira";"Com Vítimas Feridas";"Pleno dia";"Crescente";"Céu Claro";"Múltipla";"Reta";"Sim";2;0;0;1;1;0;1;2;-5,089569;-42,802288;"SPRF-PI";"DEL01-PI";"UOP01-DEL01-PI"
523572;2023-05-14;"domingo";"11:55:00";"MG";40;506;"RIBEIRAO DAS NEVES";"Acessar a via sem observar a presença dos outros veículos";"Colisão traseira";"Com Vítimas Feridas";"Pleno dia";"Decrescente";"Céu Claro";"Dupla";"Reta;Retorno Regulamentado";"Sim";2;0;1;0;1;0;1;2;-19,74716686;-44,14731173;"SPRF-MG";"DEL02-MG";"UOP01-DEL02-MG"
523573;2023-05-17;"quarta-feira";"09:10:00";"RS";468;0,7;"PALMEIRA DAS MISSOES";"Desrespeitar a preferência no cruzamento";"Colisão transversal";"Com Vítimas Feridas";"Pleno dia";"Crescente";"Céu Claro";"Simples";"Reta";"Sim";2;0;1;0;1;0;1;2;-27,8776243;-53,30801;"SPRF-RS";"DEL08-RS";"UOP01-DEL08-RS"
523574;2023-05-17;"quarta-feira";"08:50:00";"RJ";116;146;"DUQUE DE CAXIAS";"Modificação proibida";"Colisão transversal";"Com Vítimas Feridas";"Pleno dia";"Crescente";"Céu Claro";"Múltipla";"Reta";"Sim";3;0;2;0;1;0;2;2;-22,66687859;-43,26368215;"SPRF-RJ";"DEL01-RJ";"UOP01-DEL01-RJ"
523575;2023-05-17;"quarta-feira";"08:10:00";"RJ";116;174;"SAO JOAO DE MERITI";"Ultrapassagem Indevida";"Queda de ocupante de veículo";"Com Vítimas Feridas";"Pleno dia";"Decrescente";"Céu Claro";"Dupla";"Reta";"Não";3;0;0;1;2;0;1;3;-22,79423806;-43,36403759;"SPRF-RJ";"DEL01-RJ";"UOP02-DEL01-RJ"
523577;2023-05-17;"quarta-feira";"08:50:00";"RN";406;160;"CEARA-MIRIM";"Acessar a via sem observar a presença dos outros veículos";"Colisão transversal";"Com Vítimas Feridas";"Pleno dia";"Decrescente";"Céu Claro";"Simples";"Reta";"Sim";6;0;1;0;5;0;1;2;-5,71375666;-35,37210457;"SPRF-RN";"DEL02-RN";"UOP01-DEL02-RN"
523578;2023-04-15;"sábado";"14:50:00";"ES";101;256;"SERRA";"Reação tardia ou ineficiente do condutor";"Colisão lateral mesmo sentido";"Com Vítimas Feridas";"Pleno dia";"Crescente";"Céu Claro";"Múltipla";"Interseção de Vias";"Sim";2;0;0;1;1;0;1;2;-20,1174236;-40,31452602;"SPRF-ES";"DEL02-ES";"UOP01-DEL02-ES"
523580;2023-05-09;"terça-feira";"12:10:00";"SC";282;470,9;"PONTE SERRADA";"Condutor deixou de manter distância do veículo da frente";"Colisão traseira";"Com Vítimas Feridas";"Pleno dia";"Crescente";"Céu Claro";"Simples";"Reta";"Não";3;0;2;0;1;0;2;2;-26,862293;-52,12109;"SPRF-SC";"DEL07-SC";"UOP01-DEL07-SC"
523583;2023-05-17;"quarta-feira";"05:20:00";"RO";364;710;"PORTO VELHO";"Ausência de reação do condutor";"Saída de leito carroçável";"Com Vítimas Feridas";"Plena Noite";"Decrescente";"Céu Claro";"Múltipla";"Reta";"Sim";1;0;0;1;0;0;1;1;-8,78499319;-63,86002779;"SPRF-RO";"DEL01-RO";"UOP01-DEL01-RO"
523584;2023-03-14;"terça-feira";"19:50:00";"RO";364;11,2;"VILHENA";"Ausência de reação do condutor";"Colisão transversal";"Com Vítimas Feridas";"Plena Noite";"Crescente";"Céu Claro";"Simples";"Curva";"Sim";2;0;0;2;0;0;2;2;-12,74605898;-60,11270299;"SPRF-RO";"DEL04-RO";"UOP01-DEL04-RO"
523587;2023-05-17;"quarta-feira";"08:50:00";"MG";262;40,2;"MANHUACU";"Desrespeitar a preferência no cruzamento";"Colisão transversal";"Com Vítimas Feridas";"Pleno dia";"Decrescente";"Sol";"Simples";"Interseção de Vias;Reta";"Sim";2;0;1;0;1;0;1;2;-20,27165802;-42,03950458;"SPRF-MG";"DEL06-MG";"UOP03-DEL06-MG"
523590;2023-03-30;"quinta-feira";"15:10:00";"PR";376;300;"MAUA DA SERRA";"Reação tardia ou ineficiente do condutor";"Saída de leito carroçável";"Com Vítimas Feridas";"Pleno dia";"Decrescente";"Chuva";"Dupla";"Curva;Aclive";"Não";3;0;1;1;1;0;2;1;-23,93311143;-51,13293074;"SPRF-PR";"DEL07-PR";"UOP02-DEL07-PR"
523592;2023-05-17;"quarta-feira";"10:20:00";"SC";280;51,7;"GUARAMIRIM";"Velocidade Incompatível";"Saída de leito carroçável";"Com Vítimas Feridas";"Pleno dia";"Crescente";"Sol";"Dupla";"Retorno Regulamentado";"Sim";1;0;1;0;0;0;1;1;-26,46538871;-48,95544449;"SPRF-SC";"DEL03-SC";"UOP03-DEL03-SC"
523594;2023-05-17;"quarta-feira";"09:40:00";"RN";226;5,1;"NATAL";"Reação tardia ou ineficiente do condutor";"Colisão traseira";"Com Vítimas Feridas";"Pleno dia";"Crescente";"Céu Claro";"Simples";"Reta";"Sim";2;0;1;0;1;0;1;2;-5,81958019;-35,25969486;"SPRF-RN";"DEL01-RN";"UOP02-DEL01-RN"
523595;2023-05-17;"quarta-feira";"10:00:00";"PR";376;546;"PALMEIRA";"Reação tardia ou ineficiente do condutor";"Saída de leito carroçável";"Com Vítimas Feridas";"Pleno dia";"Crescente";"Céu Claro";"Dupla";"Reta";"Não";2;0;1;0;1;0;1;1;-25,40999691;-49,77909565;"SPRF-PR";"DEL03-PR";"UOP03-DEL03-PR"
523597;2023-05-17;"quarta-feira";"10:40:00";"BA";116;827,3;"VITORIA DA CONQUISTA";"Conversão proibida";"Colisão transversal";"Com Vítimas Feridas";"Pleno dia";"Crescente";"Sol";"Simples";"Reta";"Sim";2;0;1;0;1;0;1;2;-14,888404;-40,860834;"SPRF-BA";"DEL08-BA";"UOP01-DEL08-BA"
523602;2023-05-17;"quarta-feira";"08:45:00";"SP";381;41;"ATIBAIA";"Reação tardia ou ineficiente do condutor";"Queda de ocupante de veículo";"Com Vítimas Feridas";"Pleno dia";"Crescente";"Céu Claro";"Múltipla";"Reta;Declive";"Não";1;0;1;0;0;0;1;1;-23,13863999;-46,57584088;"SPRF-SP";"DEL03-SP";"UOP01-DEL03-SP"
523605;2023-05-17;"quarta-feira";"12:15:00";"SE";235;56,5;"ITABAIANA";"Reação tardia ou ineficiente do condutor";"Colisão traseira";"Com Vítimas Feridas";"Pleno dia";"Crescente";"Céu Claro";"Simples";"Reta";"Não";2;0;2;0;0;0;2;2;-10,650009;-37,451248;"SPRF-SE";"DEL01-SE";"UOP02-DEL01-SE"