"id";"data_inversa";"dia_semana";"horario";"uf";"br";"km";"municipio";"causa_acidente";"tipo_acidente";"classificacao_acidente";"fase_dia";"sentido_via";"condicao_metereologica";"tipo_pista";"tracado_via";"uso_solo";"pessoas";"mortos";"feridos_leves";"feridos_graves";"ilesos";"ignorados";"feridos";"veiculos";"latitude";"longitude";"regional";"delegacia";"uop"
523606;2023-05-17;"quarta-feira";"07:00:00";"BA";101;716,4;"EUNAPOLIS";"Acessar a via sem observar a presença dos outros veículos";"Colisão lateral mesmo sentido";"Com Vítimas Feridas";"Pleno dia";"Crescente";"Céu Claro";"Simples";"Reta;Interseção de Vias";"Sim";4;0;2;0;2;0;2;2;-16,3664;-39,582453;"SPRF-BA";"DEL09-BA";"UOP01-DEL09-BA"
523607;2023-05-17;"quarta-feira";"08:45:00";"SC";101;317,6;"PESCARIA BRAVA";"Condutor Dormindo";"Saída de leito carroçável";"Com Vítimas Feridas";"Pleno dia";"Decrescente";"Sol";"Simples";"Reta";"Sim";4;0;4;0;0;0;4;1;-28,42708421;-48,85211624;"SPRF-SC";"DEL02-SC";"UOP01-DEL02-SC"
523610;2023-05-17;"quarta-feira";"12:35:00";"PR";277;1;"FOZ DO IGUACU";"Frear bruscamente";"Engavetamento";"Sem Vítimas";"Pleno dia";"Crescente";"Céu Claro";"Dupla";"Reta";"Sim";4;0;0;0;4;0;0;4;-25,5469;-54,5882;"SPRF-PR";"DEL05-PR";"UOP03-DEL05-PR"
523611;2023-03-29;"quarta-feira";"18:30:00";"PE";104;101;"CUPIRA";"Reação tardia ou ineficiente do condutor";"Colisão traseira";"Com Vítimas Feridas";"Plena Noite";"Crescente";"Chuva";"Simples";"Reta;Aclive";"Não";3;0;1;0;2;0;1;2;-8,572188;-35,950451;"SPRF-PE";"DEL02-PE";"UOP03-DEL02-PE"
523612;2023-05-17;"quarta-feira";"11:30:00";"PE";101;115;"CABO DE SANTO AGOSTINHO";"Manobra de mudança de faixa";"Colisão lateral mesmo sentido";"Sem Vítimas";"Pleno dia";"Decrescente";"Chuva";"Dupla";"Reta;Declive";"Não";4;0;0;0;4;0;0;2;-8,33783596;-35,14164006;"SPRF-PE";"DEL01-PE";"UOP03-DEL01-PE"
523615;2023-03-19;"domingo";"16:20:00";"PR";476;94,6;"BOCAIUVA DO SUL";"Ausência de reação do condutor";"Tombamento";"Com Vítimas Feridas";"Pleno dia";"Crescente";"Céu Claro";"Simples";"Reta";"Sim";1;0;0;1;0;0;1;1;-25,21448034;-49,11263757;"SPRF-PR";"DEL01-PR";"UOP01-DEL01-PR"
523619;2023-05-17;"quarta-feira";"13:55:00";"RJ";393;268;"BARRA DO PIRAI";"Conversão proibida";"Colisão transversal";"Com Vítimas Feridas";"Pleno dia";"Decrescente";"Céu Claro";"Simples";"Reta";"Não";2;0;2;0;0;0;2;2;-22,48780458;-43,90932706;"SPRF-RJ";"DEL05-RJ";"UOP04-DEL05-RJ"
523627;2023-05-17;"quarta-feira";"12:10:00";"SP";381;87;"GUARULHOS";"Ausência de reação do condutor";"Atropelamento de Pedestre";"Com Vítimas Fatais";"Pleno dia";"Crescente";"Céu Claro";"Múltipla";"Reta";"Sim";4;1;0;0;1;2;0;4;-23,46885001;-46,56996601;"SPRF-SP";"DEL03-SP";"UOP01-DEL03-SP"
523628;2023-05-17;"quarta-feira";"13:10:00";"MG";381;935,6;"EXTREMA";"Ausência de sinalização";"Colisão traseira";"Com Vítimas Feridas";"Pleno dia";"Decrescente";"Céu Claro";"Dupla";"Curva;Aclive";"Não";2;0;0;1;1;0;1;2;-22,80776371;-46,26960689;"SPRF-MG";"DEL16-MG";"UOP03-DEL16-MG"
523629;2023-03-08;"quarta-feira";"14:00:00";"RS";290;600;"ALEGRETE";"Reação tardia ou ineficiente do condutor";"Colisão traseira";"Com Vítimas Feridas";"Pleno dia";"Crescente";"Céu Claro";"Simples";"Reta";"Não";7;0;1;0;6;0;1;2;-29,9010237;-55,56541443;"SPRF-RS";"DEL13-RS";"UOP02-DEL13-RS"
523630;2023-05-17;"quarta-feira";"14:20:00";"ES";101;229,4;"FUNDAO";"Pedestre cruzava a pista fora da faixa";"Atropelamento de Pedestre";"Com Vítimas Feridas";"Pleno dia";"Crescente";"Sol";"Múltipla";"Reta";"Sim";2;0;1;0;1;0;1;2;-19,92727879;-40,40587142;"SPRF-ES";"DEL02-ES";"UOP01-DEL02-ES"
523635;2023-04-15;"sábado";"18:20:00";"RJ";465;14;"SEROPEDICA";"Ausência de reação do condutor";"Engavetamento";"Com Vítimas Feridas";"Plena Noite";"Decrescente";"Garoa/Chuvisco";"Simples";"Reta";"Sim";3;0;1;0;2;0;1;3;-22,804979;-43,638828;"SPRF-RJ";"DEL01-RJ";"UOP03-DEL01-RJ"
523637;2023-05-17;"quarta-feira";"14:00:00";"MT";364;271;"JACIARA";"Acesso irregular";"Colisão transversal";"Com Vítimas Feridas";"Pleno dia";"Decrescente";"Céu Claro";"Dupla";"Aclive;Reta";"Não";2;0;1;0;1;0;1;2;-15,96962998;-54,95363;"SPRF-MT";"DEL05-MT";"UOP02-DEL05-MT"
523641;2023-05-07;"domingo";"04:30:00";"PA";10;165;"PARAGOMINAS";"Ingestão de álcool pelo condutor";"Colisão transversal";"Sem Vítimas";"Pleno dia";"Decrescente";"Céu Claro";"Simples";"Reta";"Sim";5;0;0;0;5;0;0;2;-2,99184245;-47,45688018;"SPRF-PA";"DEL02-PA";"UOP01-DEL02-PA"
523643;2023-05-17;"quarta-feira";"15:18:00";"RO";364;231;"CACOAL";"Avarias e/ou desgaste excessivo no pneu";"Saída de leito carroçável";"Com Vítimas Feridas";"Pleno dia";"Decrescente";"Céu Claro";"Simples";"Reta";"Não";2;0;1;0;1;0;1;1;-11,47035483;-61,39960784;"SPRF-RO";"DEL02-RO";"UOP02-DEL02-RO"
523645;2023-05-17;"quarta-feira";"16:14:00";"PR";277;716;"SANTA TEREZINHA DE ITAIPU";"Conversão proibida";"Colisão lateral mesmo sentido";"Com Vítimas Feridas";"Pleno dia";"Decrescente";"Céu Claro";"Dupla";"Reta;Declive";"Não";2;0;1;0;1;0;1;2;-25,47252277;-54,46707409;"SPRF-PR";"DEL05-PR";"UOP01-DEL05-PR"
523647;2023-05-17;"quarta-feira";"16:20:00";"CE";222;2;"FORTALEZA";"Condutor desrespeitou a iluminação vermelha do semáforo";"Colisão transversal";"Sem Vítimas";"Pleno dia";"Crescente";"Céu Claro";"Múltipla";"Interseção de Vias";"Sim";3;0;0;0;1;2;0;3;-3,74006019;-38,59462202;"SPRF-CE";"DEL01-CE";"UOP01-DEL01-CE"
523648;2023-03-14;"terça-feira";"16:00:00";"MS";158;45,8;"PARANAIBA";"Reação tardia ou ineficiente do condutor";"Saída de leito carroçável";"Com Vítimas Feridas";"Pleno dia";"Decrescente";"Céu Claro";"Simples";"Reta";"Não";2;0;1;1;0;0;2;1;-19,3296979;-51,43803924;"SPRF-MS";"DEL08-MS";"UOP01-DEL08-MS"
523651;2023-05-17;"quarta-feira";"16:40:00";"SC";101;35,4;"JOINVILLE";"Ausência de reação do condutor";"Saída de leito carroçável";"Com Vítimas Feridas";"Pleno dia";"Crescente";"Nublado";"Múltipla";"Curva";"Não";3;0;1;0;0;2;1;3;-26,2411301;-48,91227415;"SPRF-SC";"DEL03-SC";"UOP01-DEL03-SC"
523652;2023-05-17;"quarta-feira";"16:10:00";"SP";101;51;"UBATUBA";"Acessar a via sem observar a presença dos outros veículos";"Colisão transversal";"Com Vítimas Feridas";"Pleno dia";"Decrescente";"Céu Claro";"Simples";"Reta";"Sim";3;0;1;0;2;0;1;2;-23,45627795;-45,07111896;"SPRF-SP";"DEL06-SP";"UOP01-DEL06-SP"
523655;2023-05-17;"quarta-feira";"15:30:00";"RS";386;426;"MONTENEGRO";"Demais falhas mecânicas ou elétricas";"Incêndio";"Sem Vítimas";"Pleno dia";"Crescente";"Céu Claro";"Dupla";"Reta";"Não";1;0;0;0;1;0;0;1;-29,819479;-51,36208;"SPRF-RS";"DEL04-RS";"UOP02-DEL04-RS"
523656;2023-05-14;"domingo";"05:00:00";"SC";282;593;"SAUDADES";"Ingestão de álcool pelo condutor";"Saída de leito carroçável";"Sem Vítimas";"Plena Noite";"Crescente";"Nevoeiro/Neblina";"Simples";"Curva";"Não";1;0;0;0;0;1;0;1;-26,826199;-53,10162;"SPRF-SC";"DEL07-SC";"UOP02-DEL07-SC"
523661;2023-05-17;"quarta-feira";"12:00:00";"RO";364;306,8;"PRESIDENTE MEDICI";"Frear bruscamente";"Tombamento";"Com Vítimas Feridas";"Pleno dia";"Crescente";"Céu Claro";"Simples";"Interseção de Vias";"Sim";1;0;0;1;0;0;1;1;-11,1762126;-61,90160751;"SPRF-RO";"DEL02-RO";"UOP01-DEL02-RO"
523662;2023-05-17;"quarta-feira";"17:35:00";"MG";381;497,6;"BETIM";"Velocidade Incompatível";"Colisão traseira";"Com Vítimas Feridas";"Pleno dia";"Crescente";"Céu Claro";"Múltipla";"Reta;Declive";"Sim";2;0;1;0;1;0;1;2;-19,982658;-44,201679;"SPRF-MG";"DEL04-MG";"UOP03-DEL04-MG"
523663;2023-05-17;"quarta-feira";"17:40:00";"RS";116;245;"SAO LEOPOLDO";"Transitar na contramão";"Colisão frontal";"Com Vítimas Feridas";"Anoitecer";"Crescente";"Céu Claro";"Simples";"Reta";"Sim";3;0;0;1;2;0;1;2;-29,74980902;-51,15125361;"SPRF-RS";"DEL01-RS";"UOP02-DEL01-RS"
523664;2023-05-17;"quarta-feira";"18:00:00";"MG";262;362,5;"JUATUBA";"Entrada inopinada do pedestre";"Atropelamento de Pedestre";"Com Vítimas Feridas";"Plena Noite";"Crescente";"Céu Claro";"Dupla";"Reta";"Não";3;0;2;0;0;1;2;2;-19,97165;-44,28386;"SPRF-MG";"DEL01-MG";"UOP03-DEL01-MG"
523666;2023-05-17;"quarta-feira";"17:20:00";"PR";376;176;"MARINGA";"Ausência de reação do condutor";"Saída de leito carroçável";"Com Vítimas Feridas";"Pleno dia";"Decrescente";"Céu Claro";"Múltipla";"Interseção de Vias";"Não";1;0;0;1;0;0;1;1;-23,41269173;-51,93158327;"SPRF-PR";"DEL09-PR";"UOP01-DEL09-PR"
523667;2023-05-17;"quarta-feira";"18:10:00";"PE";407;126;"PETROLINA";"Ausência de sinalização";"Colisão transversal";"Com Vítimas Feridas";"Plena Noite";"Decrescente";"Céu Claro";"Simples";"Reta";"Sim";2;0;1;0;1;0;1;2;-9,38491309;-40,52809509;"SPRF-PE";"DEL06-PE";"UOP01-DEL06-PE"
523668;2023-05-17;"quarta-feira";"18:05:00";"SC";101;200,1;"SAO JOSE";"Manobra de mudança de faixa";"Colisão lateral mesmo sentido";"Sem Vítimas";"Plena Noite";"Decrescente";"Céu Claro";"Dupla";"Reta";"Sim";2;0;0;0;2;0;0;2;-27,54018513;-48,62287714;"SPRF-SC";"DEL01-SC";"UOP01-DEL01-SC"
523669;2023-05-13;"sábado";"08:15:00";"MG";381;921,6;"CAMANDUCAIA";"Velocidade Incompatível";"Colisão com objeto";"Com Vítimas Feridas";"Pleno dia";"Decrescente";"Céu Claro";"Dupla";"Curva";"Não";1;0;1;0;0;0;1;1;-22,765131;-46,173462;"SPRF-MG";"DEL16-MG";"UOP03-DEL16-MG"
523671;2023-04-29;"sábado";"02:20:00";"RO";364;709;"PORTO VELHO";"Velocidade Incompatível";"Colisão com objeto";"Com Vítimas Fatais";"Plena Noite";"Crescente";"Céu Claro";"Dupla";"Reta;Interseção de Vias";"Sim";2;1;1;0;0;0;1;2;-8,787456;-63,854926;"SPRF-RO";"DEL01-RO";"UOP01-DEL01-RO"
523672;2023-05-17;"quarta-feira";"18:10:00";"SC";470;47;"BLUMENAU";"Condutor deixou de manter distância do veículo da frente";"Colisão traseira";"Com Vítimas Feridas";"Plena Noite";"Crescente";"Nublado";"Simples";"Reta";"Sim";3;0;1;0;2;0;1;3;-26,864044;-49,046516;"SPRF-SC";"DEL04-SC";"UOP01-DEL04-SC"
523673;2023-03-05;"domingo";"03:20:00";"SP";116;125;"CACAPAVA";"Velocidade Incompatível";"Capotamento";"Sem Vítimas";"Plena Noite";"Crescente";"Nublado";"Simples";"Retorno Regulamentado";"Não";1;0;0;0;1;0;0;1;-23,09872598;-45,68608201;"SPRF-SP";"DEL02-SP";"UOP02-DEL02-SP"
523674;2023-05-17;"quarta-feira";"18:35:00";"DF";40;3;"BRASILIA";"Trafegar com motocicleta (ou similar) entre as faixas";"Colisão lateral mesmo sentido";"Com Vítimas Feridas";"Plena Noite";"Crescente";"Céu Claro";"Dupla";"Reta";"Sim";3;0;1;0;2;0;1;3;-16,003145;-47,983944;"SPRF-DF";"DEL01-DF";"UOP01-DEL01-DF"
523675;2023-05-17;"quarta-feira";"18:00:00";"PR";116;153;"MANDIRITUBA";"Acessar a via sem observar a presença dos outros veículos";"Colisão transversal";"Com Vítimas Feridas";"Plena Noite";"Crescente";"Céu Claro";"Simples";"Reta";"Não";3;0;1;0;2;0;1;2;-25,86413;-49,362813;"SPRF-PR";"DEL01-PR";"UOP03-DEL01-PR"
523676;2023-05-17;"quarta-feira";"18:30:00";"MG";40;528;"CONTAGEM";"Acessar a via sem observar a presença dos outros veículos";"Atropelamento de Pedestre";"Com Vítimas Feridas";"Plena Noite";"Decrescente";"Céu Claro";"Dupla";"Reta";"Sim";2;0;1;0;1;0;1;2;-19,90883179;-44,04436577;"SPRF-MG";"DEL01-MG";"UOP02-DEL01-MG"
523677;2023-05-17;"quarta-feira";"18:20:00";"RS";116;258,3;"ESTEIO";"Condutor deixou de manter distância do veículo da frente";"Colisão traseira";"Com Vítimas Feridas";"Anoitecer";"Crescente";"Céu Claro";"Dupla";"Reta";"Sim";2;0;1;0;1;0;1;2;-29,86150502;-51,18091535;"SPRF-RS";"DEL01-RS";"UOP02-DEL01-RS"
523678;2023-05-17;"quarta-feira";"18:10:00";"MS";158;281;"TRES LAGOAS";"Manobra de mudança de faixa";"Colisão traseira";"Com Vítimas Feridas";"Anoitecer";"Crescente";"Céu Claro";"Dupla";"Reta";"Não";4;0;3;0;0;1;3;2;-20,84640952;-51,73725843;"SPRF-MS";"DEL07-MS";"UOP01-DEL07-MS"
523680;2023-05-17;"quarta-feira";"19:00:00";"ES";259;30,4;"COLATINA";"Reação tardia ou ineficiente do condutor";"Tombamento";"Com Vítimas Feridas";"Plena Noite";"Crescente";"Céu Claro";"Simples";"Reta";"Não";1;0;0;1;0;0;1;1;-19,59524502;-40,50646804;"SPRF-ES";"DEL02-ES";"UOP01-DEL02-ES"
523682;2023-05-17;"quarta-feira";"18:15:00";"RS";290;175,7;"BUTIA";"Desrespeitar a preferência no cruzamento";"Colisão transversal";"Com Vítimas Feridas";"Plena Noite";"Crescente";"Céu Claro";"Simples";"Reta";"Sim";2;0;0;1;1;0;1;2;-30,13211881;-51,97809935;"SPRF-RS";"DEL02-RS";"UOP03-DEL02-RS"
523684;2023-03-10;"sexta-feira";"17:52:00";"GO";40;12;"LUZIANIA";"Ingestão de álcool ou de substâncias psicoativas pelo pedestre";"Atropelamento de Pedestre";"Com Vítimas Feridas";"Anoitecer";"Crescente";"Céu Claro";"Dupla";"Reta";"Sim";3;0;0;1;2;0;1;2;-16,14858301;-47,94216335;"SPRF-DF";"DEL01-DF";"UOP01-DEL01-DF"
523688;2023-05-17;"quarta-feira";"20:00:00";"SC";470;18;"ILHOTA";"Obras na pista";"Colisão traseira";"Com Vítimas Feridas";"Plena Noite";"Decrescente";"Nublado";"Dupla";"Reta;Desvio Temporário";"Não";6;0;3;0;3;0;3;2;-26,870115;-48,820484;"SPRF-SC";"DEL04-SC";"UOP04-DEL04-SC"
523689;2023-05-17;"quarta-feira";"19:05:00";"RS";386;388,5;"TABAI";"Animais na Pista";"Queda de ocupante de veículo";"Com Vítimas Feridas";"Plena Noite";"Decrescente";"Céu Claro";"Dupla";"Reta";"Não";2;0;2;0;0;0;2;1;-29,694038;-51,695747;"SPRF-RS";"DEL04-RS";"NPF/DEL04-RS"
523690;2023-05-17;"quarta-feira";"20:20:00";"ES";101;294;"CARIACICA";"Ausência de reação do condutor";"Colisão traseira";"Com Vítimas Feridas";"Plena Noite";"Crescente";"Céu Claro";"Dupla";"Aclive";"Sim";3;0;1;0;2;0;1;2;-20,32415948;-40,3952903;"SPRF-ES";"DEL01-ES";"UOP01-DEL01-ES"
523692;2023-05-17;"quarta-feira";"20:15:00";"DF";60;3;"BRASILIA";"Manobra de mudança de faixa";"Colisão traseira";"Com Vítimas Feridas";"Plena Noite";"Decrescente";"Céu Claro";"Dupla";"Retorno Regulamentado;Reta";"Sim";2;0;0;1;1;0;1;2;-15,890521;-48,086864;"SPRF-DF";"DEL03-DF";"UOP01-DEL03-DF"
523693;2023-05-17;"quarta-feira";"19:00:00";"MG";262;451,6;"NOVA SERRANA";"Condutor deixou de manter distância do veículo da frente";"Colisão lateral mesmo sentido";"Com Vítimas Feridas";"Plena Noite";"Decrescente";"Vento";"Simples";"Reta";"Não";4;0;2;0;1;1;2;3;-19,85998384;-45,00696635;"SPRF-MG";"DEL08-MG";"UOP03-DEL08-MG"
523695;2023-03-28;"terça-feira";"20:20:00";"RJ";101;57;"CAMPOS DOS GOYTACAZES";"Transitar na contramão";"Colisão frontal";"Com Vítimas Fatais";"Plena Noite";"Crescente";"Nublado";"Simples";"Reta";"Não";4;1;3;0;0;0;3;2;-21,69602101;-41,31017467;"SPRF-RJ";"DEL08-RJ";"UOP01-DEL08-RJ"
523696;2023-05-17;"quarta-feira";"21:50:00";"TO";230;46;"NAZARE";"Animais na Pista";"Atropelamento de Animal";"Com Vítimas Feridas";"Plena Noite";"Crescente";"Chuva";"Simples";"Declive";"Não";1;0;1;0;0;0;1;1;-6,34707619;-47,72736924;"SPRF-TO";"DEL02-TO";"UOP03-DEL02-TO"
523697;2023-05-17;"quarta-feira";"21:10:00";"PR";369;152,2;"LONDRINA";"Ausência de reação do condutor";"Colisão com objeto";"Com Vítimas Feridas";"Plena Noite";"Decrescente";"Vento";"Dupla";"Reta;Declive";"Não";1;0;1;0;0;0;1;1;-23,29280583;-51,18353248;"SPRF-PR";"DEL07-PR";"UOP01-DEL07-PR"
523698;2023-05-17;"quarta-feira";"20:37:00";"RO";364;711;"PORTO VELHO";"Ingestão de álcool pelo condutor";"Colisão lateral sentido oposto";"Com Vítimas Feridas";"Anoitecer";"Decrescente";"Céu Claro";"Simples";"Reta";"Sim";2;0;1;0;1;0;1;2;-8,78005217;-63,86872888;"SPRF-RO";"DEL01-RO";"UOP01-DEL01-RO"
523699;2023-05-17;"quarta-feira";"20:50:00";"PR";163;7,8;"BARRACAO";"Acessar a via sem observar a presença dos outros veículos";"Colisão transversal";"Com Vítimas Feridas";"Plena Noite";"Crescente";"Céu Claro";"Simples";"Rotatória;Reta";"Sim";3;0;1;0;2;0;1;2;-26,25066;-53,635523;"SPRF-PR";"DEL02-PR";"UOP02-DEL02-PR"
523700;2023-05-17;"quarta-feira";"21:40:00";"GO";40;15;"LUZIANIA";"Ingestão de álcool pelo condutor";"Saída de leito carroçável";"Sem Vítimas";"Plena Noite";"Decrescente";"Céu Claro";"Dupla";"Aclive;Reta";"Sim";1;0;0;0;1;0;0;1;-16,1693815;-47,92991638;"SPRF-DF";"DEL01-DF";"UOP01-DEL01-DF"
523701;2023-05-17;"quarta-feira";"18:30:00";"SC";101;328,7;"CAPIVARI DE BAIXO";"Reação tardia ou ineficiente do condutor";"Tombamento";"Com Vítimas Feridas";"Anoitecer";"Decrescente";"Céu Claro";"Dupla";"Reta";"Não";1;0;0;1;0;0;1;1;-28,43648094;-48,95989307;"SPRF-SC";"DEL02-SC";"UOP01-DEL02-SC"
523703;2023-05-17;"quarta-feira";"22:20:00";"GO";40;1;"VALPARAISO DE GOIAS";"Pedestre andava na pista";"Atropelamento de Pedestre";"Com Vítimas Feridas";"Plena Noite";"Crescente";"Céu Claro";"Dupla";"Reta";"Sim";2;0;0;1;1;0;1;2;-16,058245;-47,982825;"SPRF-DF";"DEL01-DF";"UOP01-DEL01-DF"
523706;2023-05-17;"quarta-feira";"20:14:00";"PI";316;304;"PICOS";"Acesso irregular";"Colisão transversal";"Com Vítimas Feridas";"Plena Noite";"Crescente";"Céu Claro";"Simples";"Reta";"Não";3;0;3;0;0;0;3;2;-7,06324178;-41,51712984;"SPRF-PI";"DEL04-PI";"UOP01-DEL04-PI"
523708;2023-05-17;"quarta-feira";"21:30:00";"PI";407;430;"PICOS";"Reação tardia ou ineficiente do condutor";"Colisão traseira";"Com Vítimas Feridas";"Plena Noite";"Crescente";"Céu Claro";"Simples";"Reta;Interseção de Vias";"Sim";4;0;2;0;2;0;2;2;-7,12831877;-41,39344785;"SPRF-PI";"DEL04-PI";"UOP01-DEL04-PI"
523711;2023-05-18;"quinta-feira";"01:15:00";"RJ";116;184;"NOVA IGUACU";"Ausência de reação do condutor";"Tombamento";"Com Vítimas Feridas";"Plena Noite";"Decrescente";"Nublado";"Dupla";"Reta";"Não";1;0;0;1;0;0;1;1;-22,74647215;-43,44594311;"SPRF-RJ";"DEL01-RJ";"UOP02-DEL01-RJ"
523712;2023-05-18;"quinta-feira";"00:40:00";"PE";408;88;"SAO LOURENCO DA MATA";"Ausência de reação do condutor";"Capotamento";"Sem Vítimas";"Plena Noite";"Decrescente";"Céu Claro";"Dupla";"Curva";"Não";1;0;0;0;0;1;0;1;-7,97432974;-35,08598372;"SPRF-PE";"DEL01-PE";"UOP01-DEL01-PE"
523713;2023-05-18;"quinta-feira";"02:00:00";"SC";101;129;"BALNEARIO CAMBORIU";"Animais na Pista";"Atropelamento de Animal";"Com Vítimas Feridas";"Plena Noite";"Crescente";"Céu Claro";"Dupla";"Curva";"Não";1;0;0;1;0;0;1;1;-26,98064277;-48,6790679;"SPRF-SC";"DEL04-SC";"UOP03-DEL04-SC"
523717;2023-03-30;"quinta-feira";"12:07:00";"PR";277;4,3;"FOZ DO IGUACU";"Manobra de mudança de faixa";"Colisão lateral mesmo sentido";"Com Vítimas Feridas";"Pleno dia";"Crescente";"Céu Claro";"Dupla";"Reta";"Sim";2;0;1;0;0;1;1;2;-25,469508;-54,584803;"SPRF-PR";"DEL05-PR";"UOP03-DEL05-PR"
523719;2023-05-17;"quarta-feira";"22:30:00";"RO";364;695;"PORTO VELHO";"Condutor deixou de manter distância do veículo da frente";"Colisão traseira";"Com Vítimas Feridas";"Plena Noite";"Crescente";"Céu Claro";"Dupla";"Reta";"Não";2;0;0;2;0;0;2;1;-8,80046896;-63,725947;"SPRF-RO";"DEL01-RO";"UOP01-DEL01-RO"
523720;2023-05-18;"quinta-feira";"05:45:00";"GO";60;98;"ANAPOLIS";"Acessar a via sem observar a presença dos outros veículos";"Colisão traseira";"Com Vítimas Feridas";"Amanhecer";"Crescente";"Céu Claro";"Dupla";"Reta";"Sim";6;0;4;0;2;0;4;5;-16,3846;-48,9541;"SPRF-GO";"DEL02-GO";"UOP01-DEL02-GO"
523723;2023-05-18;"quinta-feira";"06:10:00";"MG";262;51,3;"MANHUACU";"Reação tardia ou ineficiente do condutor";"Colisão lateral mesmo sentido";"Sem Vítimas";"Pleno dia";"Crescente";"Sol";"Simples";"Reta";"Sim";2;0;0;0;2;0;0;2;-20,24788425;-42,14549605;"SPRF-MG";"DEL06-MG";"UOP03-DEL06-MG"
523725;2023-05-18;"quinta-feira";"05:50:00";"SC";470;1;"NAVEGANTES";"Transitar na contramão";"Colisão traseira";"Com Vítimas Feridas";"Amanhecer";"Decrescente";"Céu Claro";"Dupla";"Reta";"Sim";2;0;2;0;0;0;2;2;-26,875383;-48,668285;"SPRF-SC";"DEL04-SC";"UOP04-DEL04-SC"
523727;2023-05-18;"quinta-feira";"06:15:00";"RS";290;92;"PORTO ALEGRE";"Ausência de reação do condutor";"Colisão com objeto";"Sem Vítimas";"Amanhecer";"Crescente";"Céu Claro";"Simples";"Aclive;Curva";"Sim";1;0;0;0;1;0;0;1;-29,96938549;-51,17664993;"SPRF-RS";"DEL01-RS";"UOP01-DEL01-RS"
523728;2023-05-18;"quinta-feira";"07:00:00";"PB";101;96,8;"CONDE";"Acumulo de água sobre o pavimento";"Tombamento";"Com Vítimas Feridas";"Pleno dia";"Crescente";"Chuva";"Dupla";"Reta";"Não";1;0;1;0;0;0;1;1;-7,23612638;-34,92558002;"SPRF-PB";"DEL01-PB";"UOP02-DEL01-PB"
523729;2023-05-18;"quinta-feira";"05:15:00";"MT";163;953;"ITAUBA";"Reação tardia ou ineficiente do condutor";"Saída de leito carroçável";"Com Vítimas Feridas";"Amanhecer";"Crescente";"Sol";"Simples";"Aclive;Curva";"Não";2;0;1;0;1;0;1;1;-10,98662599;-55,23717301;"SPRF-MT";"DEL06-MT";"UOP02-DEL06-MT"
523730;2023-05-01;"segunda-feira";"17:55:00";"PE";104;87;"AGRESTINA";"Reação tardia ou ineficiente do condutor";"Colisão traseira";"Sem Vítimas";"Plena Noite";"Decrescente";"Céu Claro";"Simples";"Reta";"Sim";2;0;0;0;1;1;0;2;-8,454104;-35,945515;"SPRF-PE";"DEL02-PE";"UOP01-DEL02-PE"
523731;2023-05-18;"quinta-feira";"07:00:00";"RS";116;522,8;"PELOTAS";"Reação tardia ou ineficiente do condutor";"Colisão traseira";"Com Vítimas Feridas";"Amanhecer";"Crescente";"Nevoeiro/Neblina";"Dupla";"Reta";"Não";2;0;0;1;0;1;1;2;-31,714441;-52,374715;"SPRF-RS";"DEL07-RS";"UOP01-DEL07-RS"
523732;2023-05-18;"quinta-feira";"06:20:00";"PR";277;75;"SAO JOSE DOS PINHAIS";"Pedestre cruzava a pista fora da faixa";"Atropelamento de Pedestre";"Com Vítimas Feridas";"Pleno dia";"Crescente";"Nevoeiro/Neblina";"Dupla";"Reta";"Sim";2;0;1;1;0;0;2;2;-25,48778211;-49,1811347;"SPRF-PR";"DEL01-PR";"UOP01-DEL01-PR"
523733;2023-05-18;"quinta-feira";"07:00:00";"SP";116;230;"SAO PAULO";"Acessar a via sem observar a presença dos outros veículos";"Colisão lateral mesmo sentido";"Com Vítimas Feridas";"Pleno dia";"Crescente";"Céu Claro";"Múltipla";"Reta";"Sim";3;0;2;0;1;0;2;2;-23,52251783;-46,5855702;"SPRF-SP";"DEL01-SP";"UOP01-DEL01-SP"
523735;2023-05-18;"quinta-feira";"06:00:00";"RJ";40;113;"DUQUE DE CAXIAS";"Ausência de reação do condutor";"Queda de ocupante de veículo";"Com Vítimas Feridas";"Pleno dia";"Decrescente";"Nublado";"Dupla";"Reta;Aclive";"Não";1;0;1;0;0;0;1;1;-22,70948502;-43,29040354;"SPRF-RJ";"DEL01-RJ";"UOP01-DEL01-RJ"
523736;2023-05-17;"quarta-feira";"23:40:00";"RJ";40;120;"DUQUE DE CAXIAS";"Demais falhas mecânicas ou elétricas";"Colisão com objeto";"Com Vítimas Feridas";"Plena Noite";"Decrescente";"Céu Claro";"Múltipla";"Reta";"Sim";2;0;1;1;0;0;2;1;-22,77280597;-43,28626763;"SPRF-RJ";"DEL01-RJ";"UOP01-DEL01-RJ"
523737;2023-05-18;"quinta-feira";"05:49:00";"RJ";116;178;"NOVA IGUACU";"Condutor deixou de manter distância do veículo da frente";"Colisão traseira";"Com Vítimas Feridas";"Amanhecer";"Decrescente";"Céu Claro";"Múltipla";"Reta";"Sim";2;0;0;1;1;0;1;2;-22,77496393;-43,40081465;"SPRF-RJ";"DEL01-RJ";"UOP02-DEL01-RJ"
523738;2023-05-18;"quinta-feira";"05:30:00";"SC";101;318,2;"PESCARIA BRAVA";"Condutor Dormindo";"Saída de leito carroçável";"Com Vítimas Feridas";"Amanhecer";"Crescente";"Sol";"Dupla";"Reta";"Sim";1;0;1;0;0;0;1;1;-28,42892069;-48,87860298;"SPRF-SC";"DEL02-SC";"UOP01-DEL02-SC"
523739;2023-05-18;"quinta-feira";"07:22:00";"PB";230;157,7;"CAMPINA GRANDE";"Desrespeitar a preferência no cruzamento";"Colisão transversal";"Com Vítimas Feridas";"Pleno dia";"Crescente";"Céu Claro";"Simples";"Retorno Regulamentado";"Sim";2;0;0;1;1;0;1;2;-7,264;-35,9199;"SPRF-PB";"DEL02-PB";"UOP01-DEL02-PB"