"id";"data_inversa";"dia_semana";"horario";"uf";"br";"km";"municipio";"causa_acidente";"tipo_acidente";"classificacao_acidente";"fase_dia";"sentido_via";"condicao_metereologica";"tipo_pista";"tracado_via";"uso_solo";"pessoas";"mortos";"feridos_leves";"feridos_graves";"ilesos";"ignorados";"feridos";"veiculos";"latitude";"longitude";"regional";"delegacia";"uop"
523741;2023-01-16;"segunda-feira";"01:10:00";"PR";373;331;"GUARAPUAVA";"Transitar na contramão";"Colisão frontal";"Com Vítimas Feridas";"Plena Noite";"Crescente";"Nublado";"Simples";"Curva";"Não";16;0;2;2;12;0;4;2;-25,352481;-51,366706;"SPRF-PR";"DEL08-PR";"UOP01-DEL08-PR"
523742;2023-05-18;"quinta-feira";"08:05:00";"PB";230;25;"JOAO PESSOA";"Manobra de mudança de faixa";"Colisão lateral mesmo sentido";"Com Vítimas Feridas";"Pleno dia";"Crescente";"Garoa/Chuvisco";"Dupla";"Reta;Declive";"Sim";3;0;1;0;2;0;1;3;-7,1707;-34,8684;"SPRF-PB";"DEL01-PB";"UOP01-DEL01-PB"
523743;2023-05-18;"quinta-feira";"07:42:00";"SC";101;207;"SAO JOSE";"Condutor deixou de manter distância do veículo da frente";"Colisão traseira";"Com Vítimas Feridas";"Pleno dia";"Crescente";"Sol";"Múltipla";"Reta";"Sim";5;0;1;0;4;0;1;4;-27,60001226;-48,6226467;"SPRF-SC";"DEL01-SC";"UOP01-DEL01-SC"
523744;2023-05-18;"quinta-feira";"08:00:00";"ES";101;298,2;"VIANA";"Reação tardia ou ineficiente do condutor";"Colisão lateral mesmo sentido";"Com Vítimas Feridas";"Pleno dia";"Decrescente";"Céu Claro";"Dupla";"Reta;Interseção de Vias";"Sim";2;0;1;0;1;0;1;2;-20,35374444;-40,4156433;"SPRF-ES";"DEL01-ES";"UOP01-DEL01-ES"
523745;2023-05-18;"quinta-feira";"08:16:00";"TO";153;145;"ARAGUAINA";"Ausência de reação do condutor";"Colisão traseira";"Com Vítimas Feridas";"Pleno dia";"Decrescente";"Céu Claro";"Múltipla";"Rotatória";"Sim";2;0;1;0;1;0;1;2;-7,20503614;-48,24035166;"SPRF-TO";"DEL02-TO";"UOP01-DEL02-TO"
523746;2023-05-18;"quinta-feira";"06:45:00";"MS";163;489,7;"CAMPO GRANDE";"Ultrapassagem Indevida";"Saída de leito carroçável";"Com Vítimas Feridas";"Pleno dia";"Decrescente";"Céu Claro";"Simples";"Aclive";"Sim";1;0;1;0;0;0;1;1;-20,40828185;-54,55160067;"SPRF-MS";"DEL01-MS";"UOP02-DEL01-MS"
523748;2023-04-23;"domingo";"12:00:00";"ES";262;162;"IBATIBA";"Condutor deixou de manter distância do veículo da frente";"Colisão traseira";"Com Vítimas Feridas";"Pleno dia";"Crescente";"Céu Claro";"Simples";"Reta";"Não";3;0;1;1;0;1;2;2;-20,23593228;-41,53109078;"SPRF-ES";"DEL01-ES";"UOP02-DEL01-ES"
523752;2023-05-18;"quinta-feira";"07:40:00";"SE";235;49,8;"ITABAIANA";"Condutor deixou de manter distância do veículo da frente";"Colisão traseira";"Com Vítimas Feridas";"Pleno dia";"Crescente";"Chuva";"Simples";"Aclive";"Sim";2;0;1;0;1;0;1;2;-10,716222;-37,421669;"SPRF-SE";"DEL01-SE";"UOP02-DEL01-SE"
523754;2023-05-18;"quinta-feira";"08:40:00";"RN";101;94;"NATAL";"Manobra de mudança de faixa";"Colisão lateral mesmo sentido";"Com Vítimas Feridas";"Pleno dia";"Decrescente";"Nublado";"Dupla";"Reta";"Sim";2;0;2;0;0;0;2;2;-5,83176615;-35,21191342;"SPRF-RN";"DEL01-RN";"UOP01-DEL01-RN"
523755;2023-05-18;"quinta-feira";"08:40:00";"PB";230;36;"SANTA RITA";"Pista Escorregadia";"Colisão lateral mesmo sentido";"Com Vítimas Feridas";"Pleno dia";"Decrescente";"Chuva";"Dupla";"Curva;Declive";"Sim";2;0;1;0;1;0;1;2;-7,125245;-34,946927;"SPRF-PB";"DEL01-PB";"UOP03-DEL01-PB"
523757;2023-05-18;"quinta-feira";"07:00:00";"RJ";101;181;"RIO DAS OSTRAS";"Ultrapassagem Indevida";"Colisão transversal";"Com Vítimas Fatais";"Pleno dia";"Crescente";"Céu Claro";"Simples";"Reta";"Não";3;1;1;0;0;1;1;3;-22,41692381;-42,00103036;"SPRF-RJ";"DEL08-RJ";"UOP04-DEL08-RJ"
523758;2023-05-18;"quinta-feira";"08:50:00";"ES";101;234;"FUNDAO";"Reação tardia ou ineficiente do condutor";"Saída de leito carroçável";"Com Vítimas Feridas";"Pleno dia";"Decrescente";"Céu Claro";"Simples";"Curva";"Não";4;0;2;0;2;0;2;1;-19,96973516;-40,40766379;"SPRF-ES";"DEL02-ES";"UOP01-DEL02-ES"
523759;2023-05-18;"quinta-feira";"08:40:00";"RJ";493;18;"MAGE";"Acessar a via sem observar a presença dos outros veículos";"Colisão transversal";"Sem Vítimas";"Pleno dia";"Crescente";"Nublado";"Simples";"Reta";"Sim";2;0;0;0;2;0;0;2;-22,6687122;-43,01862696;"SPRF-RJ";"DEL04-RJ";"UOP02-DEL04-RJ"
523762;2023-05-18;"quinta-feira";"09:11:00";"ES";101;290;"CARIACICA";"Desrespeitar a preferência no cruzamento";"Colisão transversal";"Com Vítimas Feridas";"Pleno dia";"Decrescente";"Céu Claro";"Dupla";"Reta";"Sim";2;0;1;0;1;0;1;2;-20,29584058;-40,39368892;"SPRF-ES";"DEL01-ES";"UOP01-DEL01-ES"
523763;2023-05-18;"quinta-feira";"06:30:00";"PR";277;80;"CURITIBA";"Manobra de mudança de faixa";"Colisão lateral mesmo sentido";"Com Vítimas Feridas";"Pleno dia";"Crescente";"Sol";"Dupla";"Reta";"Sim";2;0;0;1;1;0;1;2;-25,46790646;-49,21407759;"SPRF-PR";"DEL01-PR";"UOP01-DEL01-PR"
523764;2023-05-18;"quinta-feira";"09:00:00";"SC";282;2,6;"FLORIANOPOLIS";"Condutor deixou de manter distância do veículo da frente";"Colisão traseira";"Com Vítimas Feridas";"Pleno dia";"Decrescente";"Céu Claro";"Dupla";"Reta";"Sim";2;0;1;0;1;0;1;2;-27,603289;-48,590416;"SPRF-SC";"DEL01-SC";"UOP01-DEL01-SC"
523765;2023-05-18;"quinta-feira";"09:35:00";"PR";277;628;"CEU AZUL";"Reação tardia ou ineficiente do condutor";"Queda de ocupante de veículo";"Com Vítimas Feridas";"Pleno dia";"Decrescente";"Céu Claro";"Simples";"Reta";"Não";1;0;1;0;0;0;1;1;-25,11179858;-53,77659087;"SPRF-PR";"DEL05-PR";"UOP02-DEL05-PR"
523766;2023-05-18;"quinta-feira";"09:10:00";"MG";381;493,7;"BETIM";"Ausência de reação do condutor";"Colisão com objeto";"Com Vítimas Feridas";"Pleno dia";"Decrescente";"Sol";"Múltipla";"Reta";"Não";2;0;1;0;0;1;1;2;-19,97670801;-44,19962698;"SPRF-MG";"DEL04-MG";"UOP03-DEL04-MG"
523767;2023-05-18;"quinta-feira";"07:35:00";"SC";163;85;"GUARACIABA";"Velocidade Incompatível";"Saída de leito carroçável";"Com Vítimas Feridas";"Pleno dia";"Crescente";"Sol";"Simples";"Reta;Declive";"Não";3;0;1;0;1;1;1;3;-26,60730301;-53,51704391;"SPRF-SC";"DEL07-SC";"UOP03-DEL07-SC"
523769;2023-05-18;"quinta-feira";"08:30:00";"RJ";116;185;"NOVA IGUACU";"Manobra de mudança de faixa";"Colisão transversal";"Com Vítimas Feridas";"Pleno dia";"Decrescente";"Céu Claro";"Dupla";"Reta";"Não";2;0;0;1;1;0;1;2;-22,74151051;-43,45351823;"SPRF-RJ";"DEL01-RJ";"UOP02-DEL01-RJ"
523770;2023-05-18;"quinta-feira";"10:00:00";"SC";101;140;"ITAPEMA";"Avarias e/ou desgaste excessivo no pneu";"Tombamento";"Com Vítimas Feridas";"Pleno dia";"Decrescente";"Sol";"Dupla";"Reta";"Não";2;0;2;0;0;0;2;1;-27,03881189;-48,60025148;"SPRF-SC";"DEL04-SC";"UOP03-DEL04-SC"
523771;2023-05-18;"quinta-feira";"07:50:00";"ES";101;66,2;"SAO MATEUS";"Ausência de reação do condutor";"Colisão traseira";"Com Vítimas Feridas";"Pleno dia";"Crescente";"Sol";"Múltipla";"Reta";"Sim";2;0;1;0;1;0;1;2;-18,7165195;-39,87436378;"SPRF-ES";"DEL04-ES";"UOP02-DEL04-ES"
523772;2023-05-18;"quinta-feira";"10:00:00";"SP";116;284;"ITAPECERICA DA SERRA";"Reação tardia ou ineficiente do condutor";"Colisão com objeto";"Com Vítimas Feridas";"Pleno dia";"Crescente";"Céu Claro";"Dupla";"Curva;Aclive;Retorno Regulamentado";"Sim";2;0;1;1;0;0;2;1;-23,68163008;-46,86029434;"SPRF-SP";"DEL04-SP";"UOP01-DEL04-SP"
523777;2023-05-18;"quinta-feira";"09:05:00";"MG";381;524,5;"BRUMADINHO";"Manobra de mudança de faixa";"Tombamento";"Com Vítimas Feridas";"Pleno dia";"Decrescente";"Céu Claro";"Dupla";"Reta";"Não";1;0;1;0;0;0;1;1;-20,160736;-44,329843;"SPRF-MG";"DEL04-MG";"UOP03-DEL04-MG"
523781;2023-05-18;"quinta-feira";"11:00:00";"SP";116;279;"EMBU DAS ARTES";"Ausência de reação do condutor";"Queda de ocupante de veículo";"Com Vítimas Feridas";"Pleno dia";"Crescente";"Céu Claro";"Múltipla";"Reta";"Não";2;0;1;0;1;0;1;2;-23,66233697;-46,85292907;"SPRF-SP";"DEL04-SP";"UOP01-DEL04-SP"
523782;2023-05-18;"quinta-feira";"07:00:00";"RS";392;78,5;"PELOTAS";"Conversão proibida";"Colisão transversal";"Com Vítimas Feridas";"Pleno dia";"Decrescente";"Céu Claro";"Simples";"Interseção de Vias";"Sim";2;0;2;0;0;0;2;2;-31,68713798;-52,43812999;"SPRF-RS";"DEL07-RS";"UOP01-DEL07-RS"
523785;2023-05-18;"quinta-feira";"09:00:00";"MG";116;715,6;"MURIAE";"Condutor Dormindo";"Saída de leito carroçável";"Com Vítimas Feridas";"Pleno dia";"Decrescente";"Sol";"Simples";"Curva;Aclive";"Não";1;0;1;0;0;0;1;1;-21,20152228;-42,38475502;"SPRF-MG";"DEL07-MG";"UOP02-DEL07-MG"
523786;2023-05-18;"quinta-feira";"11:30:00";"SP";116;228;"SAO PAULO";"Manobra de mudança de faixa";"Colisão lateral mesmo sentido";"Com Vítimas Feridas";"Pleno dia";"Decrescente";"Céu Claro";"Múltipla";"Reta";"Sim";2;0;1;0;1;0;1;2;-23,50343484;-46,56638712;"SPRF-SP";"DEL01-SP";"UOP01-DEL01-SP"
523787;2023-05-18;"quinta-feira";"11:20:00";"PE";101;67,2;"RECIFE";"Condutor deixou de manter distância do veículo da frente";"Colisão traseira";"Com Vítimas Feridas";"Pleno dia";"Crescente";"Nublado";"Dupla";"Reta";"Sim";3;0;2;0;1;0;2;2;-8,044826;-34,944264;"SPRF-PE";"DEL01-PE";"UOP01-DEL01-PE"
523788;2023-05-18;"quinta-feira";"10:20:00";"MT";163;698;"LUCAS DO RIO VERDE";"Reação tardia ou ineficiente do condutor";"Colisão traseira";"Com Vítimas Feridas";"Pleno dia";"Crescente";"Céu Claro";"Simples";"Reta";"Não";2;0;0;1;1;0;1;2;-12,996044;-55,885066;"SPRF-MT";"DEL06-MT";"UOP01-DEL06-MT"
523790;2023-05-18;"quinta-feira";"08:00:00";"BA";116;531;"ITATIM";"Reação tardia ou ineficiente do condutor";"Colisão lateral sentido oposto";"Com Vítimas Feridas";"Pleno dia";"Decrescente";"Céu Claro";"Simples";"Reta";"Não";2;0;1;0;1;0;1;2;-12,72404513;-39,77034297;"SPRF-BA";"DEL03-BA";"UOP02-DEL03-BA"
523792;2023-05-10;"quarta-feira";"10:00:00";"MS";436;1;"APARECIDA DO TABOADO";"Reação tardia ou ineficiente do condutor";"Colisão traseira";"Com Vítimas Feridas";"Pleno dia";"Decrescente";"Nublado";"Dupla";"Reta;Ponte";"Não";4;0;0;1;3;0;1;2;-20,087124;-51,09403;"SPRF-MS";"DEL08-MS";"UOP01-DEL08-MS"
523798;2023-05-18;"quinta-feira";"12:15:00";"PR";376;395,8;"IMBAU";"Reação tardia ou ineficiente do condutor";"Colisão com objeto";"Sem Vítimas";"Pleno dia";"Decrescente";"Céu Claro";"Dupla";"Reta";"Não";1;0;0;0;1;0;0;1;-24,51892976;-50,71103454;"SPRF-PR";"DEL03-PR";"UOP02-DEL03-PR"
523800;2023-03-29;"quarta-feira";"18:00:00";"PR";277;65;"SAO JOSE DOS PINHAIS";"Ultrapassagem Indevida";"Colisão frontal";"Com Vítimas Feridas";"Anoitecer";"Decrescente";"Garoa/Chuvisco";"Simples";"Reta;Interseção de Vias";"Não";2;0;0;1;1;0;1;2;-25,5530337;-49,03504085;"SPRF-PR";"DEL01-PR";"UOP01-DEL01-PR"
523801;2023-05-18;"quinta-feira";"13:03:00";"GO";60;390;"RIO VERDE";"Condutor deixou de manter distância do veículo da frente";"Colisão transversal";"Com Vítimas Feridas";"Pleno dia";"Crescente";"Céu Claro";"Dupla";"Reta;Em Obras";"Sim";4;0;1;0;3;0;1;2;-17,823;-50,9515;"SPRF-GO";"DEL04-GO";"UOP02-DEL04-GO"
523802;2023-05-18;"quinta-feira";"12:00:00";"BA";116;806;"VITORIA DA CONQUISTA";"Acesso irregular";"Saída de leito carroçável";"Com Vítimas Feridas";"Pleno dia";"Decrescente";"Céu Claro";"Simples";"Reta";"Não";1;0;1;0;0;0;1;1;-14,73489475;-40,64877613;"SPRF-BA";"DEL08-BA";"UOP01-DEL08-BA"
523803;2023-05-18;"quinta-feira";"13:00:00";"RS";448;18;"CANOAS";"Demais falhas mecânicas ou elétricas";"Incêndio";"Com Vítimas Feridas";"Pleno dia";"Crescente";"Céu Claro";"Múltipla";"Reta";"Sim";2;0;1;0;1;0;1;1;-29,944614;-51,204464;"SPRF-RS";"DEL01-RS";"UOP01-DEL01-RS"
523804;2023-05-18;"quinta-feira";"12:05:00";"RO";364;712,8;"PORTO VELHO";"Acessar a via sem observar a presença dos outros veículos";"Colisão transversal";"Com Vítimas Feridas";"Pleno dia";"Crescente";"Céu Claro";"Dupla";"Reta;Interseção de Vias";"Sim";2;0;1;0;1;0;1;2;-8,77696351;-63,87275755;"SPRF-RO";"DEL01-RO";"UOP01-DEL01-RO"
523805;2023-02-17;"sexta-feira";"11:25:00";"GO";153;578;"PROFESSOR JAMIL";"Velocidade Incompatível";"Saída de leito carroçável";"Com Vítimas Feridas";"Pleno dia";"Crescente";"Céu Claro";"Dupla";"Reta";"Não";1;0;1;0;0;0;1;1;-17,3706;-49,2442;"SPRF-GO";"DEL03-GO";"UOP01-DEL03-GO"
523806;2023-05-18;"quinta-feira";"13:30:00";"SP";116;135;"SAO JOSE DOS CAMPOS";"Manobra de mudança de faixa";"Colisão lateral mesmo sentido";"Com Vítimas Feridas";"Pleno dia";"Crescente";"Céu Claro";"Dupla";"Reta";"Não";4;0;1;0;3;0;1;2;-23,1402216;-45,7617252;"SPRF-SP";"DEL02-SP";"UOP01-DEL02-SP"
523807;2023-05-18;"quinta-feira";"13:50:00";"PR";116;126;"FAZENDA RIO GRANDE";"Trafegar com motocicleta (ou similar) entre as faixas";"Colisão lateral mesmo sentido";"Com Vítimas Feridas";"Pleno dia";"Crescente";"Céu Claro";"Dupla";"Interseção de Vias";"Sim";6;0;1;0;5;0;1;2;-25,60389895;-49,31824423;"SPRF-PR";"DEL01-PR";"UOP03-DEL01-PR"
523809;2023-05-18;"quinta-feira";"11:31:00";"BA";324;358;"CAPIM GROSSO";"Velocidade Incompatível";"Colisão traseira";"Com Vítimas Feridas";"Pleno dia";"Crescente";"Céu Claro";"Simples";"Reta;Declive";"Não";3;0;1;1;1;0;2;2;-11,38809944;-39,98771016;"SPRF-BA";"DEL04-BA";"UOP02-DEL04-BA"
523811;2023-05-18;"quinta-feira";"13:30:00";"PR";153;484;"GENERAL CARNEIRO";"Acessar a via sem observar a presença dos outros veículos";"Colisão transversal";"Com Vítimas Feridas";"Pleno dia";"Crescente";"Céu Claro";"Simples";"Reta;Interseção de Vias";"Não";2;0;0;1;1;0;1;2;-26,38694893;-51,27182007;"SPRF-PR";"DEL02-PR";"UOP03-DEL02-PR"
523812;2023-05-18;"quinta-feira";"13:40:00";"RS";285;300,2;"PASSO FUNDO";"Reação tardia ou ineficiente do condutor";"Queda de ocupante de veículo";"Com Vítimas Feridas";"Pleno dia";"Crescente";"Sol";"Simples";"Reta";"Sim";1;0;0;1;0;0;1;1;-28,229494;-52,441837;"SPRF-RS";"DEL08-RS";"UOP03-DEL08-RS"
523816;2023-05-18;"quinta-feira";"14:10:00";"PR";376;177;"MARINGA";"Acessar a via sem observar a presença dos outros veículos";"Colisão lateral mesmo sentido";"Com Vítimas Feridas";"Pleno dia";"Crescente";"Céu Claro";"Múltipla";"Reta";"Sim";2;0;1;0;1;0;1;2;-23,41595855;-51,92226484;"SPRF-PR";"DEL09-PR";"UOP01-DEL09-PR"
523817;2023-05-18;"quinta-feira";"10:00:00";"MG";381;246,9;"SANTANA DO PARAISO";"Mal súbito do condutor";"Saída de leito carroçável";"Com Vítimas Feridas";"Pleno dia";"Crescente";"Céu Claro";"Simples";"Reta";"Não";1;0;0;1;0;0;1;1;-19,45740746;-42,52499719;"SPRF-MG";"DEL06-MG";"UOP01-DEL06-MG"
523818;2023-05-18;"quinta-feira";"11:30:00";"MS";60;431;"SIDROLANDIA";"Ausência de reação do condutor";"Tombamento";"Com Vítimas Feridas";"Pleno dia";"Decrescente";"Sol";"Simples";"Rotatória";"Não";2;0;0;2;0;0;2;1;-20,97944234;-54,97212052;"SPRF-MS";"DEL01-MS";"UOP04-DEL01-MS"
523819;2023-03-17;"sexta-feira";"04:52:00";"SC";470;57;"BLUMENAU";"Ultrapassagem Indevida";"Colisão frontal";"Com Vítimas Feridas";"Plena Noite";"Decrescente";"Nublado";"Simples";"Reta";"Sim";2;0;0;1;0;1;1;2;-26,880428;-49,136532;"SPRF-SC";"DEL04-SC";"UOP01-DEL04-SC"
523820;2023-05-18;"quinta-feira";"10:00:00";"AL";101;104,7;"PILAR";"Acumulo de areia ou detritos sobre o pavimento";"Colisão com objeto";"Com Vítimas Feridas";"Pleno dia";"Crescente";"Céu Claro";"Dupla";"Reta";"Não";2;0;1;0;1;0;1;1;-9,58714551;-35,98027797;"SPRF-AL";"DEL02-AL";"UOP01-DEL02-AL"
523821;2023-05-18;"quinta-feira";"14:40:00";"MA";10;259,3;"IMPERATRIZ";"Acumulo de areia ou detritos sobre o pavimento";"Tombamento";"Com Vítimas Feridas";"Pleno dia";"Crescente";"Nublado";"Simples";"Reta";"Sim";1;0;1;0;0;0;1;1;-5,472474;-47,472221;"SPRF-MA";"DEL04-MA";"UOP01-DEL04-MA"
523822;2023-05-18;"quinta-feira";"15:30:00";"RS";116;262;"CANOAS";"Manobra de mudança de faixa";"Colisão lateral mesmo sentido";"Com Vítimas Feridas";"Pleno dia";"Decrescente";"Sol";"Múltipla";"Reta";"Sim";2;0;1;0;1;0;1;2;-29,8978348;-51,17590211;"SPRF-RS";"DEL01-RS";"UOP01-DEL01-RS"
523823;2023-05-18;"quinta-feira";"14:50:00";"SC";470;66,9;"INDAIAL";"Ausência de reação do condutor";"Tombamento";"Com Vítimas Feridas";"Pleno dia";"Crescente";"Céu Claro";"Simples";"Reta;Interseção de Vias;Em Obras";"Sim";1;0;1;0;0;0;1;1;-26,870407;-49,221844;"SPRF-SC";"DEL04-SC";"UOP01-DEL04-SC"
523824;2023-05-18;"quinta-feira";"15:30:00";"SP";101;50;"UBATUBA";"Retorno proibido";"Colisão transversal";"Com Vítimas Feridas";"Pleno dia";"Crescente";"Sol";"Simples";"Interseção de Vias";"Sim";3;0;0;1;1;1;1;3;-23,45018939;-45,07743735;"SPRF-SP";"DEL06-SP";"UOP01-DEL06-SP"
523826;2023-05-18;"quinta-feira";"14:20:00";"SP";116;326;"JUQUITIBA";"Acessar a via sem observar a presença dos outros veículos";"Colisão frontal";"Com Vítimas Feridas";"Pleno dia";"Decrescente";"Céu Claro";"Simples";"Reta";"Sim";3;0;1;1;0;1;2;2;-23,93693746;-47,06608415;"SPRF-SP";"DEL04-SP";"UOP03-DEL04-SP"
523827;2023-05-18;"quinta-feira";"15:15:00";"RN";101;81,4;"NATAL";"Reação tardia ou ineficiente do condutor";"Colisão transversal";"Com Vítimas Feridas";"Pleno dia";"Crescente";"Chuva";"Dupla";"Reta;Em Obras";"Sim";2;0;1;0;1;0;1;2;-5,76469466;-35,28295988;"SPRF-RN";"DEL02-RN";"UOP01-DEL02-RN"
523828;2023-05-18;"quinta-feira";"13:30:00";"MT";163;108;"RONDONOPOLIS";"Avarias e/ou desgaste excessivo no pneu";"Saída de leito carroçável";"Com Vítimas Feridas";"Pleno dia";"Decrescente";"Céu Claro";"Dupla";"Reta;Aclive";"Não";1;0;1;0;0;0;1;1;-16,59471898;-54,69370305;"SPRF-MT";"DEL02-MT";"UOP01-DEL02-MT"
523829;2023-04-29;"sábado";"20:00:00";"SC";101;418;"ARARANGUA";"Transitar na contramão";"Colisão frontal";"Com Vítimas Feridas";"Plena Noite";"Decrescente";"Céu Claro";"Simples";"Reta";"Sim";2;0;0;2;0;0;2;2;-28,98044384;-49,53709515;"SPRF-SC";"DEL02-SC";"UOP02-DEL02-SC"
523831;2023-05-18;"quinta-feira";"15:40:00";"RJ";493;65;"DUQUE DE CAXIAS";"Avarias e/ou desgaste excessivo no pneu";"Queda de ocupante de veículo";"Com Vítimas Feridas";"Pleno dia";"Crescente";"Céu Claro";"Dupla";"Reta";"Não";2;0;1;0;1;0;1;1;-22,672089;-43,285053;"SPRF-RJ";"DEL01-RJ";"UOP03-DEL01-RJ"
523832;2023-05-18;"quinta-feira";"15:30:00";"MG";365;745;"ITUIUTABA";"Demais falhas mecânicas ou elétricas";"Queda de ocupante de veículo";"Sem Vítimas";"Pleno dia";"Decrescente";"Céu Claro";"Simples";"Declive";"Não";1;0;0;0;1;0;0;1;-18,92045773;-49,41898027;"SPRF-MG";"DEL15-MG";"UOP03-DEL15-MG"
523833;2023-05-18;"quinta-feira";"12:05:00";"MA";226;289,6;"BARRA DO CORDA";"Chuva";"Colisão frontal";"Com Vítimas Feridas";"Pleno dia";"Crescente";"Chuva";"Simples";"Declive";"Não";4;0;3;0;0;1;3;2;-5,46203764;-45,17020419;"SPRF-MA";"DEL06-MA";"UOP01-DEL06-MA"
523834;2023-05-18;"quinta-feira";"16:10:00";"RS";116;266;"CANOAS";"Condutor deixou de manter distância do veículo da frente";"Colisão traseira";"Com Vítimas Feridas";"Pleno dia";"Decrescente";"Céu Claro";"Múltipla";"Reta";"Não";3;0;2;0;1;0;2;2;-29,93242399;-51,17742077;"SPRF-RS";"DEL01-RS";"UOP01-DEL01-RS"
523836;2023-05-18;"quinta-feira";"16:10:00";"RS";386;343,8;"LAJEADO";"Acessar a via sem observar a presença dos outros veículos";"Colisão transversal";"Com Vítimas Feridas";"Pleno dia";"Crescente";"Céu Claro";"Simples";"Reta;Interseção de Vias";"Sim";2;0;1;0;1;0;1;2;-29,434835;-52,002365;"SPRF-RS";"DEL04-RS";"UOP01-DEL04-RS"
523838;2023-05-18;"quinta-feira";"15:05:00";"PR";116;128;"FAZENDA RIO GRANDE";"Desrespeitar a preferência no cruzamento";"Colisão traseira";"Com Vítimas Feridas";"Pleno dia";"Decrescente";"Sol";"Dupla";"Reta";"Sim";2;0;0;1;1;0;1;2;-25,657658;-49,311936;"SPRF-PR";"DEL01-PR";"UOP03-DEL01-PR"
523839;2023-05-18;"quinta-feira";"16:30:00";"RS";158;325;"SANTA MARIA";"Conversão proibida";"Colisão frontal";"Com Vítimas Feridas";"Pleno dia";"Crescente";"Céu Claro";"Dupla";"Reta;Rotatória;Interseção de Vias";"Sim";3;0;0;1;1;1;1;3;-29,70869557;-53,80174398;"SPRF-RS";"DEL09-RS";"UOP01-DEL09-RS"
523842;2023-05-18;"quinta-feira";"15:30:00";"PR";277;711,8;"SANTA TEREZINHA DE ITAIPU";"Demais falhas mecânicas ou elétricas";"Queda de ocupante de veículo";"Com Vítimas Feridas";"Pleno dia";"Crescente";"Céu Claro";"Dupla";"Reta";"Não";1;0;1;0;0;0;1;1;-25,45408037;-54,42224885;"SPRF-PR";"DEL05-PR";"UOP01-DEL05-PR"
523843;2023-05-18;"quinta-feira";"16:47:00";"RS";101;70;"OSORIO";"Ausência de reação do condutor";"Saída de leito carroçável";"Com Vítimas Feridas";"Pleno dia";"Crescente";"Céu Claro";"Dupla";"Reta";"Não";1;0;1;0;0;0;1;1;-29,759604;-50,21723;"SPRF-RS";"DEL03-RS";"UOP01-DEL03-RS"
523845;2023-05-18;"quinta-feira";"12:40:00";"MG";40;530,8;"BELO HORIZONTE";"Acessar a via sem observar a presença dos outros veículos";"Colisão lateral mesmo sentido";"Com Vítimas Feridas";"Pleno dia";"Crescente";"Céu Claro";"Dupla";"Curva;Declive";"Sim";2;0;1;0;1;0;1;2;-19,92064782;-44,0335681;"SPRF-MG";"DEL01-MG";"UOP02-DEL01-MG"
523846;2023-05-18;"quinta-feira";"17:25:00";"ES";101;147,3;"LINHARES";"Entrada inopinada do pedestre";"Atropelamento de Pedestre";"Com Vítimas Feridas";"Anoitecer";"Crescente";"Céu Claro";"Dupla";"Reta";"Sim";2;0;1;0;0;1;1;2;-19,37887202;-40,06657892;"SPRF-ES";"DEL04-ES";"UOP01-DEL04-ES"
523847;2023-05-18;"quinta-feira";"16:58:00";"RS";116;248;"SAO LEOPOLDO";"Trafegar com motocicleta (ou similar) entre as faixas";"Colisão transversal";"Com Vítimas Feridas";"Anoitecer";"Decrescente";"Céu Claro";"Dupla";"Reta";"Sim";2;0;1;0;1;0;1;2;-29,77488237;-51,15505815;"SPRF-RS";"DEL01-RS";"UOP02-DEL01-RS"
523848;2023-05-18;"quinta-feira";"17:20:00";"PR";376;617,9;"SAO JOSE DOS PINHAIS";"Ultrapassagem Indevida";"Colisão traseira";"Com Vítimas Feridas";"Anoitecer";"Crescente";"Céu Claro";"Múltipla";"Reta";"Não";2;0;1;0;1;0;1;2;-25,58426494;-49,17618795;"SPRF-PR";"DEL01-PR";"UOP04-DEL01-PR"
523849;2023-05-18;"quinta-feira";"18:15:00";"MG";381;490,3;"BETIM";"Avarias e/ou desgaste excessivo no pneu";"Tombamento";"Com Vítimas Feridas";"Plena Noite";"Crescente";"Céu Claro";"Dupla";"Reta";"Sim";1;0;1;0;0;0;1;1;-19,955814;-44,146823;"SPRF-MG";"DEL01-MG";"UOP03-DEL01-MG"
523850;2023-05-18;"quinta-feira";"16:50:00";"MG";116;424;"ALPERCATA";"Animais na Pista";"Atropelamento de Animal";"Com Vítimas Feridas";"Anoitecer";"Crescente";"Céu Claro";"Simples";"Curva";"Não";1;0;1;0;0;0;1;1;-18,95689528;-41,96500492;"SPRF-MG";"DEL06-MG";"UOP01-DEL06-MG"
523853;2023-05-18;"quinta-feira";"17:45:00";"PE";104;53;"CARUARU";"Deficiência do Sistema de Iluminação/Sinalização";"Tombamento";"Com Vítimas Feridas";"Plena Noite";"Decrescente";"Céu Claro";"Dupla";"Reta";"Sim";1;0;1;0;0;0;1;1;-8,176012;-35,971417;"SPRF-PE";"DEL02-PE";"UOP01-DEL02-PE"
523854;2023-05-18;"quinta-feira";"17:50:00";"PE";101;68;"RECIFE";"Acessar a via sem observar a presença dos outros veículos";"Atropelamento de Pedestre";"Com Vítimas Feridas";"Anoitecer";"Crescente";"Céu Claro";"Simples";"Reta";"Sim";2;0;2;0;0;0;2;2;-8,05045;-34,946015;"SPRF-PE";"DEL01-PE";"UOP01-DEL01-PE"