"id";"data_inversa";"dia_semana";"horario";"uf";"br";"km";"municipio";"causa_acidente";"tipo_acidente";"classificacao_acidente";"fase_dia";"sentido_via";"condicao_metereologica";"tipo_pista";"tracado_via";"uso_solo";"pessoas";"mortos";"feridos_leves";"feridos_graves";"ilesos";"ignorados";"feridos";"veiculos";"latitude";"longitude";"regional";"delegacia";"uop"
523856;2023-05-18;"quinta-feira";"18:20:00";"RJ";40;110;"DUQUE DE CAXIAS";"Trafegar com motocicleta (ou similar) entre as faixas";"Colisão lateral mesmo sentido";"Com Vítimas Feridas";"Plena Noite";"Decrescente";"Nublado";"Múltipla";"Reta";"Sim";2;0;1;0;1;0;1;2;-22,68289906;-43,28549346;"SPRF-RJ";"DEL01-RJ";"UOP01-DEL01-RJ"
523858;2023-05-18;"quinta-feira";"18:05:00";"DF";40;5,2;"BRASILIA";"Trafegar com motocicleta (ou similar) entre as faixas";"Colisão lateral mesmo sentido";"Com Vítimas Feridas";"Plena Noite";"Decrescente";"Céu Claro";"Dupla";"Reta";"Sim";2;0;1;0;1;0;1;2;-16,020903;-47,980541;"SPRF-DF";"DEL01-DF";"UOP01-DEL01-DF"
523859;2023-05-18;"quinta-feira";"18:50:00";"SC";101;196,6;"BIGUACU";"Manobra de mudança de faixa";"Colisão lateral mesmo sentido";"Com Vítimas Feridas";"Plena Noite";"Decrescente";"Céu Claro";"Dupla";"Curva";"Sim";1;0;1;0;0;0;1;1;-27,51101091;-48,64322292;"SPRF-SC";"DEL01-SC";"UOP01-DEL01-SC"
523860;2023-05-18;"quinta-feira";"17:00:00";"BA";110;312;"ALAGOINHAS";"Acessar a via sem observar a presença dos outros veículos";"Colisão transversal";"Com Vítimas Feridas";"Anoitecer";"Decrescente";"Nublado";"Simples";"Reta";"Não";6;0;2;0;4;0;2;2;-12,009345;-38,36282629;"SPRF-BA";"DEL01-BA";"UOP04-DEL01-BA"
523861;2023-05-18;"quinta-feira";"17:00:00";"SC";282;5,5;"SAO JOSE";"Reação tardia ou ineficiente do condutor";"Tombamento";"Com Vítimas Feridas";"Pleno dia";"Decrescente";"Céu Claro";"Dupla";"Curva";"Sim";1;0;1;0;0;0;1;1;-27,588425;-48,612919;"SPRF-SC";"DEL01-SC";"UOP01-DEL01-SC"
523862;2023-05-18;"quinta-feira";"18:25:00";"ES";262;111;"VENDA NOVA DO IMIGRANTE";"Acessar a via sem observar a presença dos outros veículos";"Colisão frontal";"Com Vítimas Feridas";"Plena Noite";"Crescente";"Céu Claro";"Simples";"Reta";"Sim";2;0;1;0;1;0;1;2;-20,33710625;-41,19042567;"SPRF-ES";"DEL01-ES";"UOP02-DEL01-ES"
523864;2023-04-28;"sexta-feira";"11:30:00";"AC";364;140;"RIO BRANCO";"Ausência de reação do condutor";"Colisão com objeto";"Com Vítimas Fatais";"Pleno dia";"Decrescente";"Céu Claro";"Dupla";"Reta";"Sim";1;1;0;0;0;0;0;1;-9,94779814;-67,86813111;"SPRF-AC";"DEL01-AC";"UOP01-DEL01-AC"
523865;2023-05-18;"quinta-feira";"18:00:00";"RJ";40;123;"DUQUE DE CAXIAS";"Acumulo de areia ou detritos sobre o pavimento";"Queda de ocupante de veículo";"Com Vítimas Feridas";"Pleno dia";"Decrescente";"Céu Claro";"Múltipla";"Reta";"Não";1;0;1;0;0;0;1;1;-22,79907687;-43,29015739;"SPRF-RJ";"DEL01-RJ";"UOP01-DEL01-RJ"
523866;2023-05-18;"quinta-feira";"19:10:00";"PR";277;105,5;"CAMPO LARGO";"Ausência de reação do condutor";"Tombamento";"Com Vítimas Feridas";"Plena Noite";"Crescente";"Céu Claro";"Dupla";"Interseção de Vias;Reta";"Não";4;0;1;0;0;3;1;2;-25,43172;-49,41961;"SPRF-PR";"DEL03-PR";"UOP03-DEL03-PR"
523867;2023-05-18;"quinta-feira";"18:28:00";"PE";407;118;"PETROLINA";"Transitar na contramão";"Colisão frontal";"Com Vítimas Fatais";"Plena Noite";"Decrescente";"Céu Claro";"Simples";"Reta";"Não";2;1;0;1;0;0;1;2;-9,32245397;-40,56878794;"SPRF-PE";"DEL06-PE";"UOP01-DEL06-PE"
523870;2023-05-14;"domingo";"18:45:00";"SC";101;180;"GOVERNADOR CELSO RAMOS";"Condutor deixou de manter distância do veículo da frente";"Colisão traseira";"Com Vítimas Feridas";"Plena Noite";"Crescente";"Céu Claro";"Dupla";"Reta";"Não";2;0;1;0;1;0;1;2;-27,3811238;-48,63090648;"SPRF-SC";"DEL01-SC";"UOP01-DEL01-SC"
523871;2023-05-18;"quinta-feira";"19:15:00";"PE";232;91,4;"SAIRE";"Mal súbito do condutor";"Queda de ocupante de veículo";"Com Vítimas Fatais";"Plena Noite";"Decrescente";"Céu Claro";"Dupla";"Reta";"Não";1;1;0;0;0;0;0;1;-8,2195818;-35,67314386;"SPRF-PE";"DEL02-PE";"UOP02-DEL02PE"
523872;2023-05-18;"quinta-feira";"19:30:00";"SC";470;139,3;"RIO DO SUL";"Ultrapassagem Indevida";"Colisão transversal";"Com Vítimas Feridas";"Pleno dia";"Decrescente";"Céu Claro";"Simples";"Reta";"Não";2;0;0;1;1;0;1;2;-27,207214;-49,648476;"SPRF-SC";"DEL04-SC";"UOP02-DEL04-SC"
523873;2023-05-11;"quinta-feira";"07:40:00";"RS";386;341,4;"LAJEADO";"Conversão proibida";"Colisão frontal";"Com Vítimas Fatais";"Pleno dia";"Crescente";"Céu Claro";"Simples";"Reta";"Sim";2;1;0;0;1;0;0;2;-29,42955284;-52,01561809;"SPRF-RS";"DEL04-RS";"UOP01-DEL04-RS"
523874;2023-05-18;"quinta-feira";"20:45:00";"ES";101;160;"LINHARES";"Reação tardia ou ineficiente do condutor";"Colisão com objeto";"Com Vítimas Feridas";"Plena Noite";"Crescente";"Céu Claro";"Simples";"Retorno Regulamentado";"Não";1;0;1;0;0;0;1;1;-19,47662979;-40,11402541;"SPRF-ES";"DEL04-ES";"UOP01-DEL04-ES"
523875;2023-05-18;"quinta-feira";"20:20:00";"SE";235;54;"ITABAIANA";"Condutor desrespeitou a iluminação vermelha do semáforo";"Colisão transversal";"Com Vítimas Feridas";"Plena Noite";"Decrescente";"Chuva";"Simples";"Reta;Retorno Regulamentado";"Sim";3;0;1;1;1;0;2;3;-10,676047;-37,443279;"SPRF-SE";"DEL01-SE";"UOP02-DEL01-SE"
523876;2023-05-18;"quinta-feira";"17:20:00";"MS";262;772;"CORUMBA";"Acessar a via sem observar a presença dos outros veículos";"Colisão transversal";"Sem Vítimas";"Anoitecer";"Crescente";"Céu Claro";"Simples";"Reta";"Sim";3;0;0;0;3;0;0;2;-19,08285699;-57,62168025;"SPRF-MS";"DEL03-MS";"UOP03-DEL03-MS"
523877;2023-05-18;"quinta-feira";"19:05:00";"SC";163;70,1;"SAO MIGUEL DO OESTE";"Acessar a via sem observar a presença dos outros veículos";"Colisão transversal";"Com Vítimas Feridas";"Plena Noite";"Crescente";"Céu Claro";"Dupla";"Aclive;Interseção de Vias";"Sim";2;0;1;0;1;0;1;2;-26,73461723;-53,50680015;"SPRF-SC";"DEL07-SC";"UOP03-DEL07-SC"
523878;2023-05-18;"quinta-feira";"20:15:00";"SE";235;4,2;"NOSSA SENHORA DO SOCORRO";"Pedestre andava na pista";"Atropelamento de Pedestre";"Com Vítimas Feridas";"Plena Noite";"Decrescente";"Chuva";"Múltipla";"Reta;Declive";"Sim";2;0;1;0;1;0;1;2;-10,9064;-37,1197;"SPRF-SE";"DEL01-SE";"UOP01-DEL01-SE"
523879;2023-05-18;"quinta-feira";"20:10:00";"RJ";40;97;"DUQUE DE CAXIAS";"Transitar na contramão";"Colisão frontal";"Com Vítimas Fatais";"Plena Noite";"Decrescente";"Nublado";"Dupla";"Curva";"Sim";2;1;0;1;0;0;1;2;-22,57356181;-43,27802893;"SPRF-RJ";"DEL01-RJ";"UOP01-DEL01-RJ"
523880;2023-05-18;"quinta-feira";"19:10:00";"PA";230;94;"SAO JOAO DO ARAGUAIA";"Reação tardia ou ineficiente do condutor";"Colisão lateral sentido oposto";"Com Vítimas Feridas";"Plena Noite";"Crescente";"Céu Claro";"Simples";"Curva";"Sim";5;0;0;2;2;1;2;3;-5,44399464;-48,91070283;"SPRF-PA";"DEL03-PA";"UOP01-DEL03-PA"
523881;2023-05-18;"quinta-feira";"20:20:00";"MG";40;547;"NOVA LIMA";"Frear bruscamente";"Colisão com objeto";"Com Vítimas Feridas";"Pleno dia";"Crescente";"Céu Claro";"Dupla";"Reta";"Não";1;0;1;0;0;0;1;1;-20,02252424;-43,97026042;"SPRF-MG";"DEL01-MG";"UOP02-DEL01-MG"
523882;2023-05-18;"quinta-feira";"18:20:00";"MG";356;278,8;"EUGENOPOLIS";"Conversão proibida";"Colisão transversal";"Com Vítimas Feridas";"Plena Noite";"Crescente";"Nublado";"Simples";"Curva";"Não";2;0;1;0;0;1;1;2;-21,12646716;-42,26316902;"SPRF-MG";"DEL07-MG";"UOP02-DEL07-MG"
523884;2023-05-18;"quinta-feira";"20:15:00";"ES";101;21,2;"PEDRO CANARIO";"Animais na Pista";"Atropelamento de Animal";"Com Vítimas Feridas";"Plena Noite";"Crescente";"Céu Claro";"Simples";"Aclive;Reta";"Não";2;0;1;0;1;0;1;1;-18,33423401;-39,95873082;"SPRF-ES";"DEL04-ES";"UOP02-DEL04-ES"
523885;2023-05-18;"quinta-feira";"19:25:00";"MG";116;412,5;"GOVERNADOR VALADARES";"Ausência de reação do condutor";"Saída de leito carroçável";"Com Vítimas Feridas";"Plena Noite";"Decrescente";"Céu Claro";"Simples";"Interseção de Vias;Reta";"Sim";2;0;1;0;1;0;1;1;-18,86882342;-41,97144241;"SPRF-MG";"DEL06-MG";"UOP01-DEL06-MG"
523886;2023-05-18;"quinta-feira";"21:43:00";"SC";470;66;"INDAIAL";"Ingestão de álcool pelo condutor";"Tombamento";"Com Vítimas Feridas";"Plena Noite";"Crescente";"Céu Claro";"Simples";"Rotatória";"Sim";1;0;1;0;0;0;1;1;-26,870407;-49,221844;"SPRF-SC";"DEL04-SC";"UOP01-DEL04-SC"
523887;2023-05-18;"quinta-feira";"21:50:00";"SP";116;296;"ITAPECERICA DA SERRA";"Ingestão de álcool pelo condutor";"Colisão traseira";"Com Vítimas Feridas";"Plena Noite";"Decrescente";"Céu Claro";"Dupla";"Reta";"Sim";2;0;1;0;1;0;1;2;-23,775485;-46,914416;"SPRF-SP";"DEL04-SP";"UOP01-DEL04-SP"
523889;2023-05-18;"quinta-feira";"18:10:00";"RS";116;196;"PICADA CAFE";"Ausência de reação do condutor";"Atropelamento de Pedestre";"Com Vítimas Feridas";"Plena Noite";"Crescente";"Céu Claro";"Simples";"Reta";"Não";2;0;0;1;1;0;1;2;-29,46516935;-51,14805283;"SPRF-RS";"DEL05-RS";"UOP02-DEL05-RS"
523890;2023-05-18;"quinta-feira";"19:45:00";"PE";232;198;"SANHARO";"Ultrapassagem Indevida";"Colisão lateral mesmo sentido";"Com Vítimas Feridas";"Plena Noite";"Crescente";"Céu Claro";"Simples";"Reta";"Não";2;0;1;0;0;1;1;2;-8,36941743;-36,58942097;"SPRF-PE";"DEL03-PE";"UOP02-DEL03-PE"
523891;2023-05-18;"quinta-feira";"21:30:00";"MG";40;519,3;"CONTAGEM";"Reação tardia ou ineficiente do condutor";"Atropelamento de Pedestre";"Com Vítimas Feridas";"Plena Noite";"Crescente";"Céu Claro";"Dupla";"Reta";"Sim";2;0;0;1;0;1;1;2;-19,83957589;-44,07684485;"SPRF-MG";"DEL01-MG";"UOP02-DEL01-MG"
523892;2023-05-18;"quinta-feira";"22:30:00";"SP";116;157,5;"JACAREI";"Pedestre andava na pista";"Atropelamento de Pedestre";"Com Vítimas Feridas";"Plena Noite";"Decrescente";"Céu Claro";"Simples";"Curva";"Sim";2;0;1;0;0;1;1;2;-23,2582982;-45,94772637;"SPRF-SP";"DEL02-SP";"UOP01-DEL02-SP"
523894;2023-05-18;"quinta-feira";"22:50:00";"CE";116;26;"ITAITINGA";"Acostamento em desnível";"Queda de ocupante de veículo";"Com Vítimas Feridas";"Plena Noite";"Decrescente";"Céu Claro";"Dupla";"Reta";"Não";1;0;1;0;0;0;1;1;-3,9752959;-38,51436047;"SPRF-CE";"DEL01-CE";"UOP02-DEL01-CE"
523896;2023-05-18;"quinta-feira";"21:40:00";"MS";262;1;"TRES LAGOAS";"Acessar a via sem observar a presença dos outros veículos";"Colisão transversal";"Com Vítimas Feridas";"Plena Noite";"Decrescente";"Céu Claro";"Simples";"Reta";"Não";2;0;2;0;0;0;2;2;-20,78977922;-51,63359642;"SPRF-MS";"DEL07-MS";"UOP01-DEL07-MS"
523897;2023-05-18;"quinta-feira";"22:00:00";"MS";163;256,1;"DOURADOS";"Ausência de reação do condutor";"Saída de leito carroçável";"Com Vítimas Feridas";"Plena Noite";"Decrescente";"Céu Claro";"Dupla";"Declive";"Sim";2;0;0;1;0;1;1;2;-22,258688;-54,804028;"SPRF-MS";"DEL04-MS";"UOP01-DEL04-MS"
523898;2023-05-18;"quinta-feira";"22:20:00";"RS";290;160;"BUTIA";"Ausência de reação do condutor";"Saída de leito carroçável";"Sem Vítimas";"Plena Noite";"Crescente";"Céu Claro";"Simples";"Reta";"Não";1;0;0;0;0;1;0;1;-30,10997;-51,80854;"SPRF-RS";"DEL02-RS";"UOP01-DEL02-RS"
523900;2023-05-18;"quinta-feira";"21:07:00";"GO";80;81;"PADRE BERNARDO";"Animais na Pista";"Atropelamento de Animal";"Com Vítimas Feridas";"Plena Noite";"Crescente";"Céu Claro";"Simples";"Reta";"Não";2;0;0;2;0;0;2;1;-15,214273;-48,579413;"SPRF-DF";"DEL03-DF";"UOP02-DEL03-DF"
523904;2023-05-19;"sexta-feira";"01:00:00";"RS";472;181;"SANTO CRISTO";"Reação tardia ou ineficiente do condutor";"Queda de ocupante de veículo";"Com Vítimas Feridas";"Plena Noite";"Crescente";"Céu Claro";"Simples";"Reta";"Não";2;0;1;1;0;0;2;1;-27,83972708;-54,56413604;"SPRF-RS";"DEL10-RS";"UOP01-DEL10-RS"
523905;2023-05-19;"sexta-feira";"00:20:00";"SP";116;269;"TABOAO DA SERRA";"Reação tardia ou ineficiente do condutor";"Colisão transversal";"Com Vítimas Feridas";"Plena Noite";"Decrescente";"Nublado";"Múltipla";"Interseção de Vias";"Sim";2;0;1;0;1;0;1;2;-23,61593059;-46,78826044;"SPRF-SP";"DEL04-SP";"UOP01-DEL04-SP"
523908;2023-05-19;"sexta-feira";"00:34:00";"MS";163;469;"CAMPO GRANDE";"Reação tardia ou ineficiente do condutor";"Tombamento";"Com Vítimas Feridas";"Plena Noite";"Crescente";"Céu Claro";"Simples";"Reta";"Não";1;0;0;1;0;0;1;1;-20,56776899;-54,56218402;"SPRF-MS";"DEL01-MS";"UOP01-DEL01-MS"
523912;2023-05-19;"sexta-feira";"03:30:00";"CE";20;404,8;"CAUCAIA";"Ingestão de álcool pelo condutor";"Colisão frontal";"Com Vítimas Feridas";"Plena Noite";"Crescente";"Garoa/Chuvisco";"Simples";"Reta";"Sim";4;0;1;2;1;0;3;3;-3,77821762;-38,68607924;"SPRF-CE";"DEL01-CE";"UOP01-DEL01-CE"
523915;2023-05-19;"sexta-feira";"03:48:00";"PE";423;28;"SAO CAITANO";"Animais na Pista";"Atropelamento de Animal";"Com Vítimas Feridas";"Plena Noite";"Decrescente";"Céu Claro";"Simples";"Reta";"Não";14;0;10;0;4;0;10;4;-8,40340208;-36,18507786;"SPRF-PE";"DEL03-PE";"UOP02-DEL03-PE"
523916;2023-05-19;"sexta-feira";"02:20:00";"SC";101;383;"ICARA";"Ausência de reação do condutor";"Colisão com objeto";"Sem Vítimas";"Plena Noite";"Decrescente";"Nevoeiro/Neblina";"Dupla";"Reta";"Não";2;0;0;0;2;0;0;1;-28,7644284;-49,29379981;"SPRF-SC";"DEL02-SC";"UOP02-DEL02-SC"
523918;2023-05-18;"quinta-feira";"12:53:00";"CE";116;189;"LIMOEIRO DO NORTE";"Ausência de reação do condutor";"Colisão traseira";"Com Vítimas Feridas";"Pleno dia";"Crescente";"Céu Claro";"Simples";"Interseção de Vias;Reta";"Não";2;0;2;0;0;0;2;2;-5,11140507;-38,13712494;"SPRF-CE";"DEL03-CE";"UOP01-DEL03-CE"
523920;2023-05-18;"quinta-feira";"10:17:00";"BA";20;4;"CORRENTINA";"Reação tardia ou ineficiente do condutor";"Saída de leito carroçável";"Com Vítimas Feridas";"Pleno dia";"Decrescente";"Sol";"Simples";"Curva";"Sim";2;0;2;0;0;0;2;1;-13,951105;-46,197744;"SPRF-BA";"DEL10-BA";"UOP01-DEL10-BA"
523921;2023-05-19;"sexta-feira";"06:40:00";"ES";101;279;"SERRA";"Reação tardia ou ineficiente do condutor";"Queda de ocupante de veículo";"Com Vítimas Feridas";"Pleno dia";"Crescente";"Sol";"Dupla";"Retorno Regulamentado";"Não";1;0;1;0;0;0;1;1;-20,218122;-40,339325;"SPRF-ES";"DEL02-ES";"UOP01-DEL02-ES"
523922;2023-05-19;"sexta-feira";"05:50:00";"SC";101;118,4;"ITAJAI";"Ausência de reação do condutor";"Colisão lateral mesmo sentido";"Com Vítimas Feridas";"Pleno dia";"Crescente";"Céu Claro";"Dupla";"Reta";"Sim";2;0;1;0;1;0;1;2;-26,895859;-48,71903;"SPRF-SC";"DEL04-SC";"UOP04-DEL04-SC"
523923;2023-05-19;"sexta-feira";"05:25:00";"DF";60;1;"BRASILIA";"Manobra de mudança de faixa";"Saída de leito carroçável";"Com Vítimas Feridas";"Amanhecer";"Decrescente";"Nublado";"Dupla";"Reta";"Sim";5;0;2;1;0;2;3;2;-15,88859881;-48,15805435;"SPRF-DF";"DEL03-DF";"UOP01-DEL03-DF"
523924;2023-05-19;"sexta-feira";"04:25:00";"RJ";101;408;"ANGRA DOS REIS";"Condutor Dormindo";"Colisão com objeto";"Com Vítimas Feridas";"Plena Noite";"Decrescente";"Céu Claro";"Simples";"Reta";"Não";1;0;1;0;0;0;1;1;-22,94554687;-44,43155116;"SPRF-RJ";"DEL03-RJ";"UOP01-DEL03-RJ"
523926;2023-05-19;"sexta-feira";"06:35:00";"RJ";40;123;"RIO DE JANEIRO";"Trafegar com motocicleta (ou similar) entre as faixas";"Colisão lateral mesmo sentido";"Com Vítimas Feridas";"Pleno dia";"Crescente";"Nublado";"Múltipla";"Reta";"Sim";2;0;1;0;1;0;1;2;-22,79907687;-43,29015739;"SPRF-RJ";"DEL01-RJ";"UOP01-DEL01-RJ"
523928;2023-05-19;"sexta-feira";"06:20:00";"MG";262;445;"NOVA SERRANA";"Velocidade Incompatível";"Colisão com objeto";"Sem Vítimas";"Pleno dia";"Decrescente";"Céu Claro";"Dupla";"Reta";"Sim";1;0;0;0;0;1;0;1;-19,86069594;-45,00686646;"SPRF-MG";"DEL08-MG";"UOP03-DEL08-MG"
523930;2023-05-19;"sexta-feira";"07:05:00";"PI";343;4,7;"PARNAIBA";"Condutor Dormindo";"Colisão frontal";"Com Vítimas Feridas";"Pleno dia";"Crescente";"Céu Claro";"Simples";"Curva";"Não";2;0;0;1;1;0;1;2;-2,89561035;-41,69646632;"SPRF-PI";"DEL05-PI";"UOP01-DEL05-PI"
523935;2023-05-19;"sexta-feira";"07:10:00";"RN";101;100;"PARNAMIRIM";"Manobra de mudança de faixa";"Colisão lateral mesmo sentido";"Com Vítimas Feridas";"Pleno dia";"Decrescente";"Céu Claro";"Dupla";"Reta";"Sim";2;0;1;0;1;0;1;2;-5,88106901;-35,22542396;"SPRF-RN";"DEL01-RN";"UOP01-DEL01-RN"
523936;2023-01-17;"terça-feira";"11:04:00";"PR";272;367;"CAMPO MOURAO";"Acessar a via sem observar a presença dos outros veículos";"Queda de ocupante de veículo";"Com Vítimas Feridas";"Pleno dia";"Decrescente";"Nublado";"Dupla";"Reta";"Sim";2;0;0;1;0;1;1;2;-24,05019688;-52,40060091;"SPRF-PR";"DEL09-PR";"UOP03-DEL09-PR"
523937;2023-05-18;"quinta-feira";"19:00:00";"MT";364;406;"CUIABA";"Acumulo de óleo sobre o pavimento";"Queda de ocupante de veículo";"Com Vítimas Feridas";"Plena Noite";"Decrescente";"Céu Claro";"Dupla";"Reta;Interseção de Vias";"Sim";2;0;1;0;1;0;1;1;-15,651;-55,997;"SPRF-MT";"DEL01-MT";"UOP02-DEL01-MT"
523938;2023-05-19;"sexta-feira";"07:40:00";"DF";20;6;"BRASILIA";"Condutor deixou de manter distância do veículo da frente";"Colisão traseira";"Com Vítimas Feridas";"Pleno dia";"Decrescente";"Céu Claro";"Dupla";"Declive";"Sim";2;0;1;0;1;0;1;2;-15,665888;-47,808308;"SPRF-DF";"DEL02-DF";"UOP01-DEL02-DF"
523939;2023-05-19;"sexta-feira";"06:02:00";"ES";259;57,9;"COLATINA";"Acessar a via sem observar a presença dos outros veículos";"Colisão transversal";"Com Vítimas Feridas";"Pleno dia";"Crescente";"Céu Claro";"Simples";"Rotatória";"Sim";2;0;2;0;0;0;2;2;-19,50865703;-40,65581416;"SPRF-ES";"DEL02-ES";"UOP01-DEL02-ES"
523940;2023-05-19;"sexta-feira";"07:30:00";"SC";101;209;"SAO JOSE";"Condutor desrespeitou a iluminação vermelha do semáforo";"Colisão traseira";"Com Vítimas Feridas";"Pleno dia";"Crescente";"Céu Claro";"Dupla";"Reta";"Não";2;0;1;0;1;0;1;2;-27,61000542;-48,63895057;"SPRF-SC";"DEL01-SC";"UOP01-DEL01-SC"
523941;2023-05-19;"sexta-feira";"07:27:00";"ES";101;218;"IBIRACU";"Manobra de mudança de faixa";"Colisão lateral mesmo sentido";"Com Vítimas Feridas";"Pleno dia";"Decrescente";"Céu Claro";"Dupla";"Reta";"Sim";2;0;1;0;0;1;1;2;-19,85576305;-40,38259985;"SPRF-ES";"DEL02-ES";"UOP01-DEL02-ES"
523942;2023-05-19;"sexta-feira";"08:10:00";"TO";10;454;"PALMAS";"Ausência de reação do condutor";"Queda de ocupante de veículo";"Com Vítimas Feridas";"Pleno dia";"Crescente";"Sol";"Dupla";"Reta";"Sim";1;0;1;0;0;0;1;1;-10,29016053;-48,29778671;"SPRF-TO";"DEL01-TO";"UOP03-DEL01-TO"
523945;2023-05-19;"sexta-feira";"07:55:00";"PR";376;179,9;"MARINGA";"Condutor deixou de manter distância do veículo da frente";"Colisão traseira";"Com Vítimas Feridas";"Pleno dia";"Decrescente";"Sol";"Dupla";"Reta";"Sim";2;0;1;0;1;0;1;2;-23,42725352;-51,89512271;"SPRF-PR";"DEL09-PR";"UOP01-DEL09-PR"
523947;2023-05-15;"segunda-feira";"06:45:00";"MG";116;704,1;"MURIAE";"Ausência de reação do condutor";"Colisão traseira";"Com Vítimas Feridas";"Pleno dia";"Crescente";"Céu Claro";"Simples";"Reta";"Não";3;0;2;0;1;0;2;2;-21,13416858;-42,38722798;"SPRF-MG";"DEL07-MG";"UOP02-DEL07-MG"
523948;2023-05-19;"sexta-feira";"07:30:00";"MT";70;512;"VARZEA GRANDE";"Reação tardia ou ineficiente do condutor";"Tombamento";"Com Vítimas Feridas";"Pleno dia";"Decrescente";"Céu Claro";"Simples";"Reta;Declive;Ponte";"Não";1;0;1;0;0;0;1;1;-15,69960663;-56,11344337;"SPRF-MT";"DEL01-MT";"UOP02-DEL01-MT"
523949;2023-05-19;"sexta-feira";"07:50:00";"AL";101;192;"JUNQUEIRO";"Acumulo de água sobre o pavimento";"Saída de leito carroçável";"Com Vítimas Feridas";"Pleno dia";"Crescente";"Chuva";"Simples";"Curva";"Sim";1;0;1;0;0;0;1;1;-9,93276016;-36,48032295;"SPRF-AL";"DEL02-AL";"UOP02-DEL02-AL"
523951;2023-05-19;"sexta-feira";"08:00:00";"RS";116;304;"GUAIBA";"Ausência de reação do condutor";"Saída de leito carroçável";"Sem Vítimas";"Pleno dia";"Crescente";"Céu Claro";"Simples";"Reta";"Sim";2;0;0;0;2;0;0;1;-30,15531808;-51,3705139;"SPRF-RS";"DEL02-RS";"UOP01-DEL02-RS"
523952;2023-05-19;"sexta-feira";"08:00:00";"BA";324;522;"FEIRA DE SANTANA";"Velocidade Incompatível";"Colisão traseira";"Sem Vítimas";"Pleno dia";"Crescente";"Céu Claro";"Múltipla";"Reta";"Não";2;0;0;0;2;0;0;2;-12,28462524;-38,91926018;"SPRF-BA";"DEL01-BA";"UOP03-DEL01-BA"
523953;2023-05-19;"sexta-feira";"07:30:00";"GO";40;7;"VALPARAISO DE GOIAS";"Animais na Pista";"Colisão traseira";"Com Vítimas Feridas";"Pleno dia";"Decrescente";"Céu Claro";"Dupla";"Reta";"Sim";2;0;1;1;0;0;2;1;-16,108482;-47,972524;"SPRF-DF";"DEL01-DF";"UOP01-DEL01-DF"
523954;2023-05-19;"sexta-feira";"07:40:00";"MT";364;435,2;"VARZEA GRANDE";"Retorno proibido";"Colisão traseira";"Com Vítimas Feridas";"Pleno dia";"Crescente";"Céu Claro";"Dupla";"Rotatória";"Sim";2;0;0;1;1;0;1;2;-15,648887;-56,19618416;"SPRF-MT";"DEL01-MT";"UOP02-DEL01-MT"
523955;2023-05-19;"sexta-feira";"07:55:00";"RS";101;59;"MAQUINE";"Demais falhas mecânicas ou elétricas";"Saída de leito carroçável";"Com Vítimas Feridas";"Pleno dia";"Crescente";"Céu Claro";"Dupla";"Curva";"Não";2;0;1;0;1;0;1;1;-29,67181595;-50,13928208;"SPRF-RS";"DEL03-RS";"UOP02-DEL03-RS"
523957;2023-04-01;"sábado";"23:15:00";"PI";316;6,3;"TERESINA";"Velocidade Incompatível";"Colisão com objeto";"Com Vítimas Fatais";"Plena Noite";"Crescente";"Chuva";"Múltipla";"Reta";"Sim";1;1;0;0;0;0;0;1;-5,14702095;-42,77438982;"SPRF-PI";"DEL01-PI";"UOP02-DEL01-PI"
523958;2023-01-23;"segunda-feira";"16:50:00";"PA";153;47,9;"SAO DOMINGOS DO ARAGUAIA";"Ausência de reação do condutor";"Colisão frontal";"Com Vítimas Feridas";"Pleno dia";"Crescente";"Ignorado";"Simples";"Reta";"Não";2;0;0;1;0;1;1;2;-5,534504;-48,734547;"SPRF-PA";"DEL03-PA";"UOP01-DEL03-PA"
523959;2023-05-19;"sexta-feira";"08:30:00";"PR";376;172;"MARINGA";"Condutor deixou de manter distância do veículo da frente";"Colisão lateral mesmo sentido";"Com Vítimas Feridas";"Pleno dia";"Decrescente";"Céu Claro";"Dupla";"Reta;Aclive";"Sim";2;0;2;0;0;0;2;2;-23,41902404;-51,96905494;"SPRF-PR";"DEL09-PR";"UOP01-DEL09-PR"
523960;2023-05-19;"sexta-feira";"07:50:00";"PR";376;243;"APUCARANA";"Animais na Pista";"Saída de leito carroçável";"Com Vítimas Feridas";"Pleno dia";"Decrescente";"Céu Claro";"Dupla";"Curva;Declive";"Não";1;0;1;0;0;0;1;1;-23,587692;-51,413357;"SPRF-PR";"DEL07-PR";"UOP03-DEL07-PR"
523962;2023-05-17;"quarta-feira";"18:30:00";"RJ";40;104;"DUQUE DE CAXIAS";"Iluminação deficiente";"Colisão com objeto";"Com Vítimas Feridas";"Plena Noite";"Crescente";"Céu Claro";"Dupla";"Reta";"Sim";1;0;1;0;0;0;1;1;-22,62897902;-43,28579508;"SPRF-RJ";"DEL01-RJ";"UOP01-DEL01-RJ"
523963;2023-05-19;"sexta-feira";"08:40:00";"RS";285;333,8;"CARAZINHO";"Conversão proibida";"Colisão transversal";"Com Vítimas Feridas";"Pleno dia";"Crescente";"Céu Claro";"Simples";"Interseção de Vias;Reta";"Não";6;0;1;0;5;0;1;2;-28,306229;-52,746593;"SPRF-RS";"DEL08-RS";"UOP03-DEL08-RS"