"id";"data_inversa";"dia_semana";"horario";"uf";"br";"km";"municipio";"causa_acidente";"tipo_acidente";"classificacao_acidente";"fase_dia";"sentido_via";"condicao_metereologica";"tipo_pista";"tracado_via";"uso_solo";"pessoas";"mortos";"feridos_leves";"feridos_graves";"ilesos";"ignorados";"feridos";"veiculos";"latitude";"longitude";"regional";"delegacia";"uop"
523965;2023-05-19;"sexta-feira";"08:15:00";"MS";163;483;"CAMPO GRANDE";"Ausência de reação do condutor";"Tombamento";"Com Vítimas Feridas";"Pleno dia";"Decrescente";"Céu Claro";"Simples";"Reta";"Sim";1;0;1;0;0;0;1;1;-20,45726263;-54,54671829;"SPRF-MS";"DEL01-MS";"UOP02-DEL01-MS"
523967;2023-05-19;"sexta-feira";"09:10:00";"MG";267;272;"AIURUOCA";"Acessar a via sem observar a presença dos outros veículos";"Tombamento";"Com Vítimas Fatais";"Pleno dia";"Decrescente";"Céu Claro";"Simples";"Reta";"Não";2;1;0;0;1;0;0;2;-21,935395;-44,6562166;"SPRF-MG";"DEL17-MG";"UOP01-DEL17-MG"
523971;2023-05-19;"sexta-feira";"09:20:00";"SC";282;0,6;"FLORIANOPOLIS";"Condutor deixou de manter distância do veículo da frente";"Engavetamento";"Com Vítimas Feridas";"Pleno dia";"Decrescente";"Sol";"Dupla";"Reta";"Sim";5;0;1;0;4;0;1;3;-27,59845;-48,571995;"SPRF-SC";"DEL01-SC";"UOP01-DEL01-SC"
523972;2023-05-19;"sexta-feira";"09:30:00";"RS";158;96,4;"PALMEIRA DAS MISSOES";"Desrespeitar a preferência no cruzamento";"Colisão transversal";"Com Vítimas Feridas";"Pleno dia";"Crescente";"Céu Claro";"Simples";"Interseção de Vias";"Não";5;0;2;0;3;0;2;2;-27,86685079;-53,33321571;"SPRF-RS";"DEL08-RS";"UOP01-DEL08-RS"
523974;2023-05-19;"sexta-feira";"11:00:00";"SC";101;205,5;"SAO JOSE";"Ausência de reação do condutor";"Colisão traseira";"Com Vítimas Feridas";"Pleno dia";"Crescente";"Céu Claro";"Múltipla";"Reta";"Não";2;0;1;0;1;0;1;2;-27,58313237;-48,61532885;"SPRF-SC";"DEL01-SC";"UOP01-DEL01-SC"
523975;2023-05-19;"sexta-feira";"11:00:00";"SC";101;206;"SAO JOSE";"Trafegar com motocicleta (ou similar) entre as faixas";"Colisão lateral mesmo sentido";"Com Vítimas Feridas";"Pleno dia";"Crescente";"Céu Claro";"Múltipla";"Reta";"Não";3;0;1;0;2;0;1;2;-27,59193546;-48,61824557;"SPRF-SC";"DEL01-SC";"UOP01-DEL01-SC"
523978;2023-05-19;"sexta-feira";"10:50:00";"CE";116;8;"FORTALEZA";"Manobra de mudança de faixa";"Tombamento";"Com Vítimas Feridas";"Pleno dia";"Crescente";"Nublado";"Dupla";"Reta";"Sim";1;0;0;1;0;0;1;1;-3,8192799;-38,50268337;"SPRF-CE";"DEL01-CE";"UOP02-DEL01-CE"
523979;2023-05-19;"sexta-feira";"08:30:00";"SP";381;83;"SAO PAULO";"Velocidade Incompatível";"Colisão frontal";"Com Vítimas Feridas";"Pleno dia";"Crescente";"Sol";"Múltipla";"Reta;Declive";"Não";4;0;1;0;3;0;1;3;-23,4309671;-46,56998022;"SPRF-SP";"DEL03-SP";"UOP01-DEL03-SP"
523980;2023-05-19;"sexta-feira";"11:30:00";"SP";381;86;"SAO PAULO";"Ausência de reação do condutor";"Colisão lateral mesmo sentido";"Com Vítimas Feridas";"Pleno dia";"Crescente";"Céu Claro";"Múltipla";"Reta";"Sim";2;0;1;1;0;0;2;2;-23,45930499;-46,57161179;"SPRF-SP";"DEL03-SP";"UOP01-DEL03-SP"
523981;2023-05-19;"sexta-feira";"11:30:00";"SC";280;51;"GUARAMIRIM";"Acessar a via sem observar a presença dos outros veículos";"Colisão transversal";"Com Vítimas Feridas";"Pleno dia";"Crescente";"Céu Claro";"Dupla";"Interseção de Vias;Reta";"Sim";3;0;1;0;2;0;1;3;-26,46538871;-48,95544449;"SPRF-SC";"DEL03-SC";"UOP03-DEL03-SC"
523984;2023-05-19;"sexta-feira";"12:10:00";"ES";262;47,3;"MARECHAL FLORIANO";"Acessar a via sem observar a presença dos outros veículos";"Colisão transversal";"Com Vítimas Feridas";"Pleno dia";"Crescente";"Céu Claro";"Simples";"Reta";"Sim";2;0;0;1;1;0;1;2;-20,41130252;-40,67926543;"SPRF-ES";"DEL01-ES";"UOP01-DEL01-ES"
523986;2023-05-19;"sexta-feira";"11:40:00";"PE";101;29,8;"ITAPISSUMA";"Demais falhas mecânicas ou elétricas";"Incêndio";"Sem Vítimas";"Pleno dia";"Crescente";"Nublado";"Dupla";"Reta";"Não";1;0;0;0;1;0;0;1;-7,72939697;-34,94185854;"SPRF-PE";"DEL01-PE";"UOP02-DEL01-PE"
523987;2023-05-19;"sexta-feira";"11:40:00";"SC";282;387,6;"JOACABA";"Acessar a via sem observar a presença dos outros veículos";"Colisão transversal";"Com Vítimas Feridas";"Pleno dia";"Crescente";"Céu Claro";"Simples";"Reta";"Sim";2;0;1;0;1;0;1;2;-27,178274;-51,524025;"SPRF-SC";"DEL07-SC";"UOP05-DEL07-SC"
523990;2023-05-19;"sexta-feira";"13:00:00";"SC";101;112;"ITAJAI";"Manobra de mudança de faixa";"Colisão lateral mesmo sentido";"Com Vítimas Feridas";"Pleno dia";"Crescente";"Céu Claro";"Múltipla";"Reta";"Sim";2;0;1;0;1;0;1;2;-26,84589005;-48,72131295;"SPRF-SC";"DEL04-SC";"UOP04-DEL04-SC"
523991;2023-04-12;"quarta-feira";"06:25:00";"PR";476;145;"CURITIBA";"Acessar a via sem observar a presença dos outros veículos";"Colisão transversal";"Com Vítimas Feridas";"Pleno dia";"Crescente";"Nublado";"Dupla";"Aclive;Retorno Regulamentado;Reta";"Sim";2;0;0;1;1;0;1;2;-25,5477824;-49,3217341;"SPRF-PR";"DEL01-PR";"UOP06-DEL01-PR"
523994;2023-05-19;"sexta-feira";"12:30:00";"SC";280;4;"SAO FRANCISCO DO SUL";"Acessar a via sem observar a presença dos outros veículos";"Colisão transversal";"Com Vítimas Feridas";"Pleno dia";"Crescente";"Céu Claro";"Simples";"Reta;Interseção de Vias";"Sim";2;0;1;0;1;0;1;2;-26,25329566;-48,61916042;"SPRF-SC";"DEL03-SC";"UOP03-DEL03-SC"
523995;2023-05-19;"sexta-feira";"13:05:00";"SC";101;113;"ITAJAI";"Ausência de reação do condutor";"Engavetamento";"Com Vítimas Feridas";"Pleno dia";"Crescente";"Céu Claro";"Múltipla";"Reta";"Não";5;0;1;0;3;1;1;3;-26,85311393;-48,72689927;"SPRF-SC";"DEL04-SC";"UOP04-DEL04-SC"
523997;2023-05-19;"sexta-feira";"11:30:00";"RJ";465;13;"SEROPEDICA";"Ultrapassagem Indevida";"Atropelamento de Pedestre";"Com Vítimas Feridas";"Pleno dia";"Crescente";"Céu Claro";"Simples";"Reta";"Sim";2;0;1;0;1;0;1;2;-22,80110769;-43,64341378;"SPRF-RJ";"DEL01-RJ";"UOP03-DEL01-RJ"
523998;2023-05-19;"sexta-feira";"12:55:00";"SE";101;144;"ESTANCIA";"Ausência de reação do condutor";"Colisão com objeto";"Sem Vítimas";"Pleno dia";"Decrescente";"Chuva";"Dupla";"Aclive;Curva;Retorno Regulamentado";"Não";1;0;0;0;1;0;0;1;-11,213295;-37,415167;"SPRF-SE";"DEL02-SE";"UOP01-DEL02-SE"
524000;2023-05-19;"sexta-feira";"13:30:00";"PR";116;113,8;"CURITIBA";"Acessar a via sem observar a presença dos outros veículos";"Colisão lateral mesmo sentido";"Sem Vítimas";"Pleno dia";"Crescente";"Céu Claro";"Dupla";"Interseção de Vias";"Sim";2;0;0;0;1;1;0;2;-25,56296907;-49,25643801;"SPRF-PR";"DEL01-PR";"UOP07-DEL01-PR"
524002;2023-05-19;"sexta-feira";"13:25:00";"PB";230;19;"JOAO PESSOA";"Reação tardia ou ineficiente do condutor";"Tombamento";"Com Vítimas Feridas";"Pleno dia";"Decrescente";"Sol";"Dupla";"Reta;Declive";"Sim";1;0;1;0;0;0;1;1;-7,1281;-34,8466;"SPRF-PB";"DEL01-PB";"UOP01-DEL01-PB"
524003;2023-05-19;"sexta-feira";"13:00:00";"MT";174;5;"PONTES E LACERDA";"Acessar a via sem observar a presença dos outros veículos";"Colisão transversal";"Com Vítimas Feridas";"Pleno dia";"Crescente";"Sol";"Simples";"Reta";"Não";2;0;1;0;1;0;1;2;-15,226537;-59,335728;"SPRF-MT";"DEL04-MT";"UOP01-DEL04-MT"
524005;2023-04-12;"quarta-feira";"09:30:00";"AP";210;1,1;"MACAPA";"Acessar a via sem observar a presença dos outros veículos";"Colisão transversal";"Com Vítimas Feridas";"Pleno dia";"Decrescente";"Céu Claro";"Múltipla";"Reta";"Sim";2;0;1;0;1;0;1;2;0,07816717;-51,06998693;"SPRF-AP";"DEL01-AP";"UOP01-DEL01-AP"
524006;2023-05-19;"sexta-feira";"14:00:00";"RS";116;245;"SAO LEOPOLDO";"Condutor deixou de manter distância do veículo da frente";"Colisão traseira";"Com Vítimas Feridas";"Pleno dia";"Crescente";"Céu Claro";"Dupla";"Reta";"Sim";3;0;1;0;2;0;1;3;-29,74980902;-51,15125361;"SPRF-RS";"DEL01-RS";"UOP02-DEL01-RS"
524007;2023-05-19;"sexta-feira";"14:30:00";"GO";153;440;"ANAPOLIS";"Reação tardia ou ineficiente do condutor";"Saída de leito carroçável";"Com Vítimas Feridas";"Pleno dia";"Crescente";"Céu Claro";"Dupla";"Reta";"Não";1;0;1;0;0;0;1;1;-16,306765;-48,923847;"SPRF-GO";"DEL02-GO";"UOP01-DEL02-GO"
524008;2023-04-21;"sexta-feira";"09:30:00";"BA";324;588;"CANDEIAS";"Velocidade Incompatível";"Colisão traseira";"Com Vítimas Feridas";"Pleno dia";"Decrescente";"Sol";"Dupla";"Reta";"Não";4;0;1;0;1;2;1;3;-12,6556679;-38,47271864;"SPRF-BA";"DEL01-BA";"UOP01-DEL01-BA"
524009;2023-05-19;"sexta-feira";"14:15:00";"PB";230;311,1;"SAO MAMEDE";"Ingestão de álcool pelo condutor";"Tombamento";"Com Vítimas Feridas";"Pleno dia";"Decrescente";"Sol";"Simples";"Reta";"Não";1;0;1;0;0;0;1;1;-6,9286;-37,0745;"SPRF-PB";"DEL03-PB";"UOP01-DEL03-PB"
524013;2023-05-19;"sexta-feira";"12:31:00";"SC";101;25;"JOINVILLE";"Entrada inopinada do pedestre";"Atropelamento de Pedestre";"Com Vítimas Feridas";"Pleno dia";"Decrescente";"Céu Claro";"Simples";"Reta";"Sim";2;0;1;0;1;0;1;2;-26,183657;-48,9103667;"SPRF-SC";"DEL03-SC";"UOP01-DEL03-SC"
524015;2023-05-19;"sexta-feira";"13:45:00";"RJ";116;139;"MAGE";"Entrada inopinada do pedestre";"Atropelamento de Pedestre";"Com Vítimas Feridas";"Pleno dia";"Crescente";"Céu Claro";"Dupla";"Reta";"Sim";2;0;0;1;1;0;1;2;-22,64655224;-43,20138601;"SPRF-RJ";"DEL01-RJ";"UOP01-DEL01-RJ"
524016;2023-05-19;"sexta-feira";"14:20:00";"ES";101;37;"CONCEICAO DA BARRA";"Demais falhas mecânicas ou elétricas";"Eventos atípicos";"Com Vítimas Feridas";"Pleno dia";"Decrescente";"Sol";"Simples";"Reta";"Não";1;0;1;0;0;0;1;1;-18,47332967;-39,92661186;"SPRF-ES";"DEL04-ES";"UOP02-DEL04-ES"
524017;2023-05-19;"sexta-feira";"15:25:00";"SP";101;43;"UBATUBA";"Demais falhas na via";"Colisão com objeto";"Com Vítimas Feridas";"Pleno dia";"Decrescente";"Céu Claro";"Simples";"Rotatória";"Sim";2;0;1;0;1;0;1;1;-23,41217537;-45,05739148;"SPRF-SP";"DEL06-SP";"UOP01-DEL06-SP"
524019;2023-05-19;"sexta-feira";"14:40:00";"MA";135;92;"ITAPECURU MIRIM";"Reação tardia ou ineficiente do condutor";"Colisão traseira";"Sem Vítimas";"Pleno dia";"Decrescente";"Chuva";"Simples";"Reta";"Não";6;0;0;0;6;0;0;2;-3,30760501;-44,42451199;"SPRF-MA";"DEL01-MA";"UOP02-DEL01-MA"
524021;2023-04-01;"sábado";"18:00:00";"ES";101;270;"SERRA";"Condutor desrespeitou a iluminação vermelha do semáforo";"Colisão transversal";"Com Vítimas Feridas";"Anoitecer";"Decrescente";"Céu Claro";"Múltipla";"Retorno Regulamentado";"Sim";3;0;1;0;2;0;1;2;-20,22662056;-40,27075088;"SPRF-ES";"DEL02-ES";"UOP01-DEL02-ES"
524022;2023-05-19;"sexta-feira";"13:00:00";"RJ";465;14,4;"SEROPEDICA";"Transitar na contramão";"Colisão transversal";"Com Vítimas Feridas";"Pleno dia";"Decrescente";"Céu Claro";"Simples";"Reta";"Sim";2;0;1;0;1;0;1;2;-22,80445061;-43,63941193;"SPRF-RJ";"DEL01-RJ";"UOP03-DEL01-RJ"
524023;2023-05-19;"sexta-feira";"10:50:00";"MG";116;152,9;"PONTO DOS VOLANTES";"Velocidade Incompatível";"Saída de leito carroçável";"Com Vítimas Feridas";"Pleno dia";"Decrescente";"Céu Claro";"Simples";"Declive";"Não";1;0;1;0;0;0;1;1;-16,86721324;-41,47594265;"SPRF-MG";"DEL11-MG";"UOP02-DEL11-MG"
524024;2023-05-19;"sexta-feira";"06:30:00";"RJ";101;484;"ANGRA DOS REIS";"Demais falhas mecânicas ou elétricas";"Incêndio";"Sem Vítimas";"Amanhecer";"Decrescente";"Nevoeiro/Neblina";"Simples";"Aclive;Reta";"Sim";1;0;0;0;1;0;0;1;-22,99096308;-44,30429882;"SPRF-RJ";"DEL03-RJ";"UOP03-DEL03-RJ"
524025;2023-05-19;"sexta-feira";"16:00:00";"PR";376;420;"TIBAGI";"Ausência de reação do condutor";"Saída de leito carroçável";"Com Vítimas Feridas";"Pleno dia";"Crescente";"Sol";"Dupla";"Curva;Retorno Regulamentado";"Não";3;0;1;1;1;0;2;1;-24,71687511;-50,54081311;"SPRF-PR";"DEL03-PR";"UOP02-DEL03-PR"
524028;2023-05-19;"sexta-feira";"16:00:00";"DF";20;2;"BRASILIA";"Acessar a via sem observar a presença dos outros veículos";"Colisão transversal";"Com Vítimas Feridas";"Pleno dia";"Crescente";"Céu Claro";"Múltipla";"Interseção de Vias";"Sim";2;0;1;0;1;0;1;2;-15,682896;-47,840729;"SPRF-DF";"DEL02-DF";"UOP01-DEL02-DF"
524032;2023-05-19;"sexta-feira";"16:55:00";"MG";40;524,1;"RIBEIRAO DAS NEVES";"Área urbana sem a presença de local apropriado para a travessia de pedestres";"Atropelamento de Pedestre";"Com Vítimas Feridas";"Anoitecer";"Decrescente";"Céu Claro";"Dupla";"Reta";"Sim";2;0;2;0;0;0;2;2;-19,8754469;-44,05345586;"SPRF-MG";"DEL01-MG";"UOP02-DEL01-MG"
524036;2023-05-19;"sexta-feira";"17:00:00";"BA";324;605;"SIMOES FILHO";"Transitar na contramão";"Colisão lateral sentido oposto";"Com Vítimas Feridas";"Pleno dia";"Decrescente";"Nublado";"Simples";"Curva";"Sim";2;0;1;0;1;0;1;2;-12,77978866;-38,41589628;"SPRF-BA";"DEL01-BA";"UOP01-DEL01-BA"
524038;2023-05-19;"sexta-feira";"15:45:00";"RO";364;163;"PIMENTA BUENO";"Pista esburacada";"Colisão com objeto";"Com Vítimas Fatais";"Pleno dia";"Decrescente";"Sol";"Simples";"Reta;Declive";"Não";3;2;1;0;0;0;1;2;-11,898021;-60,978784;"SPRF-RO";"DEL02-RO";"UOP02-DEL02-RO"
524039;2023-05-19;"sexta-feira";"17:00:00";"PR";376;171,7;"MARINGA";"Condutor deixou de manter distância do veículo da frente";"Colisão traseira";"Com Vítimas Feridas";"Pleno dia";"Decrescente";"Sol";"Dupla";"Reta";"Sim";4;0;0;1;3;0;1;2;-23,41406498;-51,98207438;"SPRF-PR";"DEL09-PR";"UOP01-DEL09-PR"
524041;2023-05-19;"sexta-feira";"17:20:00";"TO";153;147;"ARAGUAINA";"Reação tardia ou ineficiente do condutor";"Colisão com objeto";"Com Vítimas Feridas";"Anoitecer";"Decrescente";"Ignorado";"Dupla";"Reta";"Sim";1;0;1;0;0;0;1;1;-7,22175693;-48,24826214;"SPRF-TO";"DEL02-TO";"UOP01-DEL02-TO"
524042;2023-05-19;"sexta-feira";"17:00:00";"SC";470;7,8;"NAVEGANTES";"Ultrapassagem Indevida";"Colisão lateral mesmo sentido";"Com Vítimas Feridas";"Pleno dia";"Crescente";"Céu Claro";"Múltipla";"Reta";"Não";2;0;1;0;1;0;1;2;-26,84499;-48,71505;"SPRF-SC";"DEL04-SC";"UOP04-DEL04-SC"
524044;2023-05-19;"sexta-feira";"16:00:00";"SP";153;271,7;"OCAUCU";"Ausência de reação do condutor";"Colisão traseira";"Sem Vítimas";"Pleno dia";"Crescente";"Céu Claro";"Simples";"Aclive;Reta";"Não";3;0;0;0;3;0;0;2;-22,3632977;-49,885583;"SPRF-SP";"DEL07-SP";"UOP02-DEL07-SP"
524048;2023-05-19;"sexta-feira";"15:30:00";"PR";376;333;"ORTIGUEIRA";"Reação tardia ou ineficiente do condutor";"Colisão traseira";"Com Vítimas Feridas";"Pleno dia";"Crescente";"Céu Claro";"Simples";"Aclive;Reta";"Não";4;0;2;0;2;0;2;2;-24,13124518;-51,01175308;"SPRF-PR";"DEL07-PR";"UOP02-DEL07-PR"
524050;2023-05-19;"sexta-feira";"18:20:00";"RS";116;270;"PORTO ALEGRE";"Demais falhas mecânicas ou elétricas";"Incêndio";"Sem Vítimas";"Plena Noite";"Decrescente";"Céu Claro";"Dupla";"Reta";"Sim";1;0;0;0;1;0;0;1;-29,96839095;-51,17623895;"SPRF-RS";"DEL01-RS";"UOP01-DEL01-RS"
524051;2023-05-19;"sexta-feira";"18:25:00";"SP";116;176;"GUARAREMA";"Ingestão de álcool pelo condutor";"Colisão traseira";"Com Vítimas Feridas";"Plena Noite";"Crescente";"Nublado";"Dupla";"Reta";"Sim";2;0;1;0;1;0;1;2;-23,32188281;-46,110083;"SPRF-SP";"DEL01-SP";"UOP01-DEL01-SP"
524054;2023-05-19;"sexta-feira";"18:00:00";"PE";232;59,7;"POMBOS";"Pedestre cruzava a pista fora da faixa";"Atropelamento de Pedestre";"Com Vítimas Fatais";"Anoitecer";"Decrescente";"Céu Claro";"Dupla";"Reta";"Sim";2;1;0;0;0;1;0;2;-8,1471233;-35,39890998;"SPRF-PE";"DEL02-PE";"UOP02-DEL02PE"
524055;2023-05-19;"sexta-feira";"16:30:00";"RJ";495;2;"TERESOPOLIS";"Acessar a via sem observar a presença dos outros veículos";"Colisão transversal";"Com Vítimas Feridas";"Pleno dia";"Crescente";"Céu Claro";"Simples";"Reta;Interseção de Vias";"Sim";2;0;1;0;1;0;1;2;-22,397038;-42,984928;"SPRF-RJ";"DEL04-RJ";"UOP01-DEL04-RJ"
524056;2023-05-19;"sexta-feira";"13:50:00";"RJ";116;182;"NOVA IGUACU";"Trafegar com motocicleta (ou similar) entre as faixas";"Colisão lateral mesmo sentido";"Com Vítimas Feridas";"Pleno dia";"Crescente";"Céu Claro";"Dupla";"Reta";"Sim";1;0;1;0;0;0;1;1;-22,7567755;-43,43107234;"SPRF-RJ";"DEL01-RJ";"UOP02-DEL01-RJ"
524057;2023-05-19;"sexta-feira";"17:30:00";"MT";174;9;"PONTES E LACERDA";"Demais falhas mecânicas ou elétricas";"Tombamento";"Com Vítimas Feridas";"Pleno dia";"Decrescente";"Céu Claro";"Simples";"Reta";"Não";2;0;2;0;0;0;2;1;-15,226537;-59,335728;"SPRF-MT";"DEL04-MT";"UOP01-DEL04-MT"
524058;2023-05-19;"sexta-feira";"15:50:00";"RJ";40;99;"DUQUE DE CAXIAS";"Demais falhas na via";"Colisão com objeto";"Com Vítimas Feridas";"Pleno dia";"Crescente";"Céu Claro";"Dupla";"Reta";"Não";2;0;1;0;1;0;1;1;-22,578678;-43,272246;"SPRF-RJ";"DEL01-RJ";"UOP01-DEL01-RJ"
524059;2023-05-19;"sexta-feira";"09:50:00";"RR";174;613;"AMAJARI";"Demais falhas na via";"Eventos atípicos";"Com Vítimas Feridas";"Pleno dia";"Crescente";"Céu Claro";"Simples";"Reta;Ponte";"Não";3;0;3;0;0;0;3;1;3,716044;-60,992641;"SPRF-RR";"DEL01-RR";"UOP01-DEL01-RR"
524062;2023-05-19;"sexta-feira";"17:50:00";"PB";101;52;"CAPIM";"Pedestre andava na pista";"Atropelamento de Pedestre";"Com Vítimas Fatais";"Plena Noite";"Crescente";"Céu Claro";"Dupla";"Declive";"Não";2;1;0;0;0;1;0;2;-6,93821564;-35,09935736;"SPRF-PB";"DEL01-PB";"UOP04-DEL01-PB"
524064;2023-05-19;"sexta-feira";"18:15:00";"RN";226;0;"NATAL";"Acessar a via sem observar a presença dos outros veículos";"Colisão transversal";"Com Vítimas Feridas";"Plena Noite";"Crescente";"Nublado";"Simples";"Reta";"Sim";2;0;1;0;1;0;1;2;-5,800019;-35,238174;"SPRF-RN";"DEL01-RN";"UOP02-DEL01-RN"
524065;2023-05-19;"sexta-feira";"18:45:00";"PR";376;648;"TIJUCAS DO SUL";"Acessar a via sem observar a presença dos outros veículos";"Atropelamento de Pedestre";"Com Vítimas Feridas";"Plena Noite";"Crescente";"Céu Claro";"Dupla";"Reta;Declive";"Não";2;0;0;1;1;0;1;2;-25,84026108;-49,10549706;"SPRF-PR";"DEL01-PR";"UOP04-DEL01-PR"
524066;2023-04-19;"quarta-feira";"08:00:00";"ES";101;255;"SERRA";"Ausência de reação do condutor";"Colisão traseira";"Com Vítimas Feridas";"Pleno dia";"Crescente";"Céu Claro";"Simples";"Reta";"Não";4;0;1;0;3;0;1;3;-20,11487935;-40,31943619;"SPRF-ES";"DEL02-ES";"UOP01-DEL02-ES"
524067;2023-05-19;"sexta-feira";"18:33:00";"MG";116;412,8;"GOVERNADOR VALADARES";"Condutor deixou de manter distância do veículo da frente";"Colisão traseira";"Com Vítimas Feridas";"Plena Noite";"Crescente";"Céu Claro";"Simples";"Declive;Viaduto;Reta";"Sim";2;0;0;1;1;0;1;2;-18,86882342;-41,97144241;"SPRF-MG";"DEL06-MG";"UOP01-DEL06-MG"
524068;2023-05-19;"sexta-feira";"17:20:00";"PR";163;99;"CAPANEMA";"Reação tardia ou ineficiente do condutor";"Saída de leito carroçável";"Com Vítimas Feridas";"Pleno dia";"Crescente";"Céu Claro";"Simples";"Reta";"Não";5;0;4;1;0;0;5;1;-25,61850994;-53,79198103;"SPRF-PR";"DEL02-PR";"UOP02-DEL02-PR"
524070;2023-05-19;"sexta-feira";"18:00:00";"GO";414;351;"COCALZINHO DE GOIAS";"Acesso irregular";"Colisão transversal";"Com Vítimas Feridas";"Plena Noite";"Decrescente";"Céu Claro";"Simples";"Reta;Aclive;Interseção de Vias";"Não";4;0;3;1;0;0;4;2;-15,64000592;-48,67449613;"SPRF-GO";"DEL02-GO";"UOP01-DEL02-GO"
524074;2023-05-19;"sexta-feira";"18:40:00";"MA";10;256;"IMPERATRIZ";"Condutor deixou de manter distância do veículo da frente";"Colisão traseira";"Sem Vítimas";"Plena Noite";"Decrescente";"Céu Claro";"Simples";"Reta";"Sim";3;0;0;0;3;0;0;2;-5,499715;-47,471836;"SPRF-MA";"DEL04-MA";"UOP01-DEL04-MA"
524076;2023-01-28;"sábado";"16:00:00";"RO";421;51;"MONTE NEGRO";"Ausência de reação do condutor";"Colisão traseira";"Com Vítimas Feridas";"Anoitecer";"Crescente";"Chuva";"Simples";"Reta";"Não";3;0;1;1;1;0;2;2;-10,270235;-63,300957;"SPRF-RO";"DEL03-RO";"UOP01-DEL03-RO"
524078;2023-05-19;"sexta-feira";"16:30:00";"RJ";116;178;"NOVA IGUACU";"Ausência de reação do condutor";"Colisão traseira";"Com Vítimas Feridas";"Anoitecer";"Crescente";"Céu Claro";"Múltipla";"Reta";"Sim";2;0;1;0;1;0;1;2;-22,77496393;-43,40081465;"SPRF-RJ";"DEL01-RJ";"UOP02-DEL01-RJ"
524079;2023-05-19;"sexta-feira";"18:10:00";"RN";226;40;"MACAIBA";"Pedestre andava na pista";"Atropelamento de Pedestre";"Com Vítimas Feridas";"Plena Noite";"Crescente";"Céu Claro";"Simples";"Reta";"Não";2;0;0;1;1;0;1;2;-5,92839425;-35,54055377;"SPRF-RN";"DEL01-RN";"UOP02-DEL01-RN"
524080;2023-05-19;"sexta-feira";"19:00:00";"PR";376;619;"SAO JOSE DOS PINHAIS";"Ultrapassagem Indevida";"Colisão frontal";"Com Vítimas Feridas";"Plena Noite";"Crescente";"Céu Claro";"Simples";"Reta";"Sim";2;0;1;0;1;0;1;2;-25,61367672;-49,17102814;"SPRF-PR";"DEL01-PR";"UOP04-DEL01-PR"
524081;2023-05-19;"sexta-feira";"18:30:00";"MT";163;684;"LUCAS DO RIO VERDE";"Ausência de reação do condutor";"Colisão traseira";"Com Vítimas Feridas";"Plena Noite";"Decrescente";"Céu Claro";"Simples";"Reta";"Não";2;0;1;0;1;0;1;2;-13,107912;-55,951956;"SPRF-MT";"DEL06-MT";"UOP01-DEL06-MT"
524082;2023-05-19;"sexta-feira";"18:15:00";"MS";262;367;"CAMPO GRANDE";"Ausência de reação do condutor";"Tombamento";"Com Vítimas Feridas";"Plena Noite";"Crescente";"Céu Claro";"Simples";"Reta";"Sim";1;0;1;0;0;0;1;1;-20,47734957;-54,75069718;"SPRF-MS";"DEL01-MS";"UOP03-DEL01-MS"
524084;2023-05-19;"sexta-feira";"20:00:00";"MG";262;447;"NOVA SERRANA";"Acessar a via sem observar a presença dos outros veículos";"Colisão transversal";"Com Vítimas Feridas";"Plena Noite";"Crescente";"Céu Claro";"Simples";"Reta";"Sim";4;0;2;0;2;0;2;2;-19,85836908;-45,01103997;"SPRF-MG";"DEL08-MG";"UOP03-DEL08-MG"
524085;2023-05-19;"sexta-feira";"19:00:00";"AL";316;114;"CACIMBINHAS";"Reação tardia ou ineficiente do condutor";"Colisão transversal";"Sem Vítimas";"Plena Noite";"Decrescente";"Chuva";"Simples";"Reta";"Não";3;0;0;0;2;1;0;2;-9,4046948;-36,99317598;"SPRF-AL";"DEL03-AL";"UOP01-DEL03-AL"
524086;2023-05-19;"sexta-feira";"18:30:00";"SC";470;105,6;"APIUNA";"Manobra de mudança de faixa";"Colisão lateral mesmo sentido";"Com Vítimas Feridas";"Plena Noite";"Decrescente";"Céu Claro";"Simples";"Reta";"Sim";2;0;1;0;0;1;1;2;-27,07326545;-49,42311287;"SPRF-SC";"DEL04-SC";"UOP02-DEL04-SC"
524089;2023-05-19;"sexta-feira";"18:45:00";"PR";116;109;"CURITIBA";"Reação tardia ou ineficiente do condutor";"Colisão lateral mesmo sentido";"Com Vítimas Feridas";"Anoitecer";"Decrescente";"Nublado";"Dupla";"Reta";"Não";2;0;1;0;0;1;1;2;-25,57140489;-49,20748999;"SPRF-PR";"DEL01-PR";"UOP07-DEL01-PR"
524090;2023-05-19;"sexta-feira";"19:25:00";"RJ";101;322;"NITEROI";"Ausência de reação do condutor";"Colisão lateral mesmo sentido";"Com Vítimas Feridas";"Plena Noite";"Decrescente";"Céu Claro";"Dupla";"Reta";"Não";2;0;1;0;1;0;1;2;-22,878923;-43,110676;"SPRF-RJ";"DEL02-RJ";"UOP01-DEL02-RJ"
524092;2023-05-19;"sexta-feira";"20:20:00";"GO";60;173;"GOIANIA";"Reação tardia ou ineficiente do condutor";"Colisão traseira";"Com Vítimas Feridas";"Plena Noite";"Crescente";"Céu Claro";"Dupla";"Reta;Aclive";"Não";2;0;0;1;1;0;1;2;-16,7423;-49,415;"SPRF-GO";"DEL01-GO";"UOP02-DEL01-GO"