"id";"data_inversa";"dia_semana";"horario";"uf";"br";"km";"municipio";"causa_acidente";"tipo_acidente";"classificacao_acidente";"fase_dia";"sentido_via";"condicao_metereologica";"tipo_pista";"tracado_via";"uso_solo";"pessoas";"mortos";"feridos_leves";"feridos_graves";"ilesos";"ignorados";"feridos";"veiculos";"latitude";"longitude";"regional";"delegacia";"uop"
524095;2023-05-19;"sexta-feira";"19:25:00";"MG";40;523,9;"CONTAGEM";"Área urbana sem a presença de local apropriado para a travessia de pedestres";"Atropelamento de Pedestre";"Com Vítimas Fatais";"Plena Noite";"Crescente";"Céu Claro";"Dupla";"Reta";"Sim";2;1;0;0;1;0;0;2;-19,87699159;-44,05249357;"SPRF-MG";"DEL01-MG";"UOP02-DEL01-MG"
524096;2023-05-19;"sexta-feira";"20:50:00";"RJ";116;171;"RIO DE JANEIRO";"Ausência de reação do condutor";"Engavetamento";"Com Vítimas Feridas";"Plena Noite";"Crescente";"Céu Claro";"Dupla";"Aclive";"Sim";1;0;1;0;0;0;1;1;-22,8060415;-43,34289573;"SPRF-RJ";"DEL01-RJ";"UOP02-DEL01-RJ"
524098;2023-05-19;"sexta-feira";"21:37:00";"ES";101;271;"SERRA";"Ingestão de álcool e/ou substâncias psicoativas pelo pedestre";"Atropelamento de Pedestre";"Com Vítimas Feridas";"Plena Noite";"Decrescente";"Céu Claro";"Dupla";"Reta";"Sim";2;0;1;0;1;0;1;2;-20,23267;-40,27658;"SPRF-ES";"DEL02-ES";"UOP01-DEL02-ES"
524099;2023-05-19;"sexta-feira";"21:28:00";"RS";116;262;"CANOAS";"Ingestão de álcool pelo condutor";"Colisão com objeto";"Com Vítimas Feridas";"Plena Noite";"Decrescente";"Céu Claro";"Dupla";"Reta";"Sim";5;0;2;0;3;0;2;1;-29,896475;-51,17593;"SPRF-RS";"DEL01-RS";"UOP01-DEL01-RS"
524100;2023-05-19;"sexta-feira";"21:15:00";"SP";116;271;"TABOAO DA SERRA";"Ausência de reação do condutor";"Colisão traseira";"Com Vítimas Feridas";"Plena Noite";"Crescente";"Céu Claro";"Dupla";"Reta";"Sim";2;0;1;0;1;0;1;2;-23,61809286;-46,80556302;"SPRF-SP";"DEL04-SP";"UOP01-DEL04-SP"
524102;2023-05-19;"sexta-feira";"19:00:00";"MT";163;82,1;"RONDONOPOLIS";"Reação tardia ou ineficiente do condutor";"Colisão traseira";"Com Vítimas Feridas";"Plena Noite";"Crescente";"Céu Claro";"Dupla";"Aclive;Reta";"Não";3;0;1;0;2;0;1;2;-16,80330589;-54,68074416;"SPRF-MT";"DEL02-MT";"UOP03-DEL02-MT"
524103;2023-05-19;"sexta-feira";"19:40:00";"PR";277;429,9;"VIRMOND";"Acessar a via sem observar a presença dos outros veículos";"Colisão transversal";"Com Vítimas Feridas";"Plena Noite";"Decrescente";"Céu Claro";"Simples";"Reta";"Sim";2;0;1;0;1;0;1;2;-25,37828819;-52,19178783;"SPRF-PR";"DEL04-PR";"UOP02-DEL04-PR"
524105;2023-05-19;"sexta-feira";"21:50:00";"SP";116;219;"GUARULHOS";"Demais falhas mecânicas ou elétricas";"Eventos atípicos";"Sem Vítimas";"Plena Noite";"Decrescente";"Céu Claro";"Múltipla";"Reta";"Não";1;0;0;0;1;0;0;1;-23,46143954;-46,48885316;"SPRF-SP";"DEL01-SP";"UOP01-DEL01-SP"
524106;2023-05-19;"sexta-feira";"21:40:00";"RS";290;80;"GRAVATAI";"Demais falhas mecânicas ou elétricas";"Tombamento";"Com Vítimas Feridas";"Plena Noite";"Crescente";"Céu Claro";"Múltipla";"Reta";"Não";2;0;1;1;0;0;2;1;-29,95343;-51,058449;"SPRF-RS";"DEL01-RS";"UOP01-DEL01-RS"
524107;2023-05-19;"sexta-feira";"21:50:00";"SP";116;219;"GUARULHOS";"Ausência de reação do condutor";"Queda de ocupante de veículo";"Com Vítimas Feridas";"Plena Noite";"Decrescente";"Céu Claro";"Simples";"Curva";"Sim";1;0;1;0;0;0;1;1;-23,46143954;-46,48885316;"SPRF-SP";"DEL01-SP";"UOP01-DEL01-SP"
524108;2023-05-19;"sexta-feira";"19:30:00";"PA";230;161;"ITUPIRANGA";"Ausência de reação do condutor";"Colisão traseira";"Com Vítimas Fatais";"Plena Noite";"Decrescente";"Céu Claro";"Simples";"Reta";"Não";2;1;0;0;1;0;0;2;-5,2017521;-49,35754115;"SPRF-PA";"DEL03-PA";"UOP01-DEL03-PA"
524109;2023-05-19;"sexta-feira";"19:45:00";"RJ";116;176;"NOVA IGUACU";"Objeto estático sobre o leito carroçável";"Queda de ocupante de veículo";"Com Vítimas Feridas";"Plena Noite";"Crescente";"Céu Claro";"Dupla";"Reta";"Não";1;0;1;0;0;0;1;1;-22,7839538;-43,38195488;"SPRF-RJ";"DEL01-RJ";"UOP02-DEL01-RJ"
524110;2023-05-19;"sexta-feira";"20:44:00";"PE";316;24;"ARARIPINA";"Transitar na contramão";"Colisão frontal";"Com Vítimas Fatais";"Plena Noite";"Decrescente";"Céu Claro";"Simples";"Reta";"Sim";2;2;0;0;0;0;0;2;-7,588004;-40,49662;"SPRF-PE";"DEL05-PE";"UOP02-DEL05-PE"
524111;2023-05-19;"sexta-feira";"21:50:00";"SP";116;205;"ARUJA";"Condutor Dormindo";"Colisão traseira";"Com Vítimas Feridas";"Plena Noite";"Decrescente";"Céu Claro";"Múltipla";"Reta";"Sim";2;0;1;0;1;0;1;2;-23,41475243;-46,36600788;"SPRF-SP";"DEL01-SP";"UOP01-DEL01-SP"
524112;2023-05-19;"sexta-feira";"18:50:00";"RO";364;237,8;"CACOAL";"Pista Escorregadia";"Tombamento";"Com Vítimas Feridas";"Anoitecer";"Decrescente";"Céu Claro";"Simples";"Curva";"Sim";2;0;2;0;0;0;2;1;-11,43859;-61,454768;"SPRF-RO";"DEL02-RO";"UOP02-DEL02-RO"
524113;2023-05-19;"sexta-feira";"22:25:00";"RS";290;93;"PORTO ALEGRE";"Ingestão de álcool pelo condutor";"Colisão lateral mesmo sentido";"Com Vítimas Feridas";"Plena Noite";"Crescente";"Céu Claro";"Múltipla";"Reta";"Sim";1;0;1;0;0;0;1;1;-29,970839;-51,187725;"SPRF-RS";"DEL01-RS";"UOP01-DEL01-RS"
524114;2023-05-19;"sexta-feira";"22:00:00";"SC";470;51,8;"BLUMENAU";"Ingestão de álcool pelo condutor";"Colisão traseira";"Sem Vítimas";"Plena Noite";"Crescente";"Céu Claro";"Simples";"Reta";"Sim";2;0;0;0;2;0;0;2;-26,862339;-49,084038;"SPRF-SC";"DEL04-SC";"UOP01-DEL04-SC"
524116;2023-05-19;"sexta-feira";"19:50:00";"GO";60;233;"CEZARINA";"Velocidade Incompatível";"Saída de leito carroçável";"Com Vítimas Feridas";"Plena Noite";"Decrescente";"Céu Claro";"Dupla";"Reta";"Não";1;0;1;0;0;0;1;1;-17,0716;-49,8138;"SPRF-GO";"DEL01-GO";"UOP02-DEL01-GO"
524117;2023-05-19;"sexta-feira";"19:40:00";"PR";163;83,2;"PLANALTO";"Condutor deixou de manter distância do veículo da frente";"Colisão traseira";"Com Vítimas Feridas";"Plena Noite";"Decrescente";"Céu Claro";"Simples";"Interseção de Vias";"Não";4;0;1;0;3;0;1;2;-25,710351;-53,768298;"SPRF-PR";"DEL02-PR";"UOP02-DEL02-PR"
524118;2023-05-19;"sexta-feira";"21:35:00";"RS";290;721;"URUGUAIANA";"Ausência de reação do condutor";"Saída de leito carroçável";"Com Vítimas Feridas";"Plena Noite";"Crescente";"Céu Claro";"Simples";"Curva;Em Obras";"Sim";1;0;1;0;0;0;1;1;-29,758587;-57,060295;"SPRF-RS";"DEL13-RS";"UOP01-DEL13-RS"
524119;2023-05-19;"sexta-feira";"22:38:00";"DF";20;22;"BRASILIA";"Reação tardia ou ineficiente do condutor";"Saída de leito carroçável";"Com Vítimas Feridas";"Plena Noite";"Crescente";"Céu Claro";"Dupla";"Reta";"Sim";2;0;2;0;0;0;2;1;-15,59736941;-47,6734972;"SPRF-DF";"DEL02-DF";"UOP01-DEL02-DF"
524121;2023-05-19;"sexta-feira";"23:40:00";"PR";116;116;"CURITIBA";"Ausência de reação do condutor";"Colisão com objeto";"Com Vítimas Feridas";"Plena Noite";"Crescente";"Nublado";"Dupla";"Interseção de Vias";"Sim";1;0;1;0;0;0;1;1;-25,555927;-49,306402;"SPRF-PR";"DEL01-PR";"UOP03-DEL01-PR"
524123;2023-05-19;"sexta-feira";"23:50:00";"DF";20;12;"BRASILIA";"Acessar a via sem observar a presença dos outros veículos";"Atropelamento de Pedestre";"Com Vítimas Fatais";"Plena Noite";"Crescente";"Céu Claro";"Dupla";"Reta";"Sim";2;1;0;0;1;0;0;2;-15,642812;-47,757786;"SPRF-DF";"DEL02-DF";"UOP01-DEL02-DF"
524124;2023-05-19;"sexta-feira";"22:50:00";"CE";116;13,3;"FORTALEZA";"Reação tardia ou ineficiente do condutor";"Colisão transversal";"Com Vítimas Fatais";"Plena Noite";"Decrescente";"Céu Claro";"Dupla";"Reta";"Sim";2;1;0;0;1;0;0;2;-3,86088501;-38,49715296;"SPRF-CE";"DEL01-CE";"UOP02-DEL01-CE"
524125;2023-05-19;"sexta-feira";"23:10:00";"PE";232;77,7;"GRAVATA";"Ingestão de álcool pelo condutor";"Colisão lateral sentido oposto";"Sem Vítimas";"Plena Noite";"Decrescente";"Céu Claro";"Simples";"Reta";"Sim";2;0;0;0;2;0;0;2;-8,19343863;-35,54300692;"SPRF-PE";"DEL02-PE";"UOP02-DEL02PE"
524126;2023-05-20;"sábado";"00:30:00";"SC";101;198;"SAO JOSE";"Ingestão de álcool pelo condutor";"Colisão traseira";"Sem Vítimas";"Plena Noite";"Crescente";"Céu Claro";"Múltipla";"Reta";"Não";2;0;0;0;2;0;0;2;-27,52658712;-48,63506019;"SPRF-SC";"DEL01-SC";"UOP01-DEL01-SC"
524127;2023-05-20;"sábado";"00:55:00";"GO";414;439;"ANAPOLIS";"Acessar a via sem observar a presença dos outros veículos";"Colisão frontal";"Com Vítimas Feridas";"Plena Noite";"Crescente";"Céu Claro";"Simples";"Reta";"Não";5;0;3;0;2;0;3;2;-16,28128823;-48,94258908;"SPRF-GO";"DEL02-GO";"UOP01-DEL02-GO"
524130;2023-05-20;"sábado";"01:00:00";"SC";470;54;"BLUMENAU";"Condutor Dormindo";"Saída de leito carroçável";"Sem Vítimas";"Plena Noite";"Crescente";"Céu Claro";"Simples";"Interseção de Vias;Curva";"Não";1;0;0;0;1;0;0;1;-26,871065;-49,110374;"SPRF-SC";"DEL04-SC";"UOP01-DEL04-SC"
524136;2023-05-20;"sábado";"01:20:00";"GO";40;3;"VALPARAISO DE GOIAS";"Ingestão de álcool pelo condutor";"Saída de leito carroçável";"Com Vítimas Feridas";"Plena Noite";"Decrescente";"Céu Claro";"Dupla";"Reta";"Sim";3;0;2;0;1;0;2;1;-16,076081;-47,985671;"SPRF-DF";"DEL01-DF";"UOP01-DEL01-DF"
524140;2023-05-20;"sábado";"02:45:00";"PR";272;558;"GUAIRA";"Ultrapassagem Indevida";"Saída de leito carroçável";"Sem Vítimas";"Plena Noite";"Crescente";"Céu Claro";"Simples";"Reta";"Sim";1;0;0;0;1;0;0;1;-24,08254252;-54,13314027;"SPRF-PR";"DEL06-PR";"UOP01-DEL06-PR"
524141;2023-05-20;"sábado";"03:00:00";"PR";277;658;"MATELANDIA";"Reação tardia ou ineficiente do condutor";"Colisão com objeto";"Sem Vítimas";"Plena Noite";"Crescente";"Nublado";"Simples";"Declive;Retorno Regulamentado";"Sim";1;0;0;0;0;1;0;1;-25,23792225;-53,96697879;"SPRF-PR";"DEL05-PR";"UOP02-DEL05-PR"
524142;2023-05-20;"sábado";"01:15:00";"SC";101;254;"PAULO LOPES";"Ingestão de álcool pelo condutor";"Tombamento";"Com Vítimas Feridas";"Plena Noite";"Crescente";"Céu Claro";"Simples";"Reta";"Não";1;0;0;1;0;0;1;1;-27,97368802;-48,67940247;"SPRF-SC";"DEL02-SC";"UOP03-DEL02-SC"
524143;2023-05-20;"sábado";"04:10:00";"RS";116;249,7;"SAO LEOPOLDO";"Ausência de reação do condutor";"Colisão com objeto";"Sem Vítimas";"Plena Noite";"Crescente";"Céu Claro";"Dupla";"Reta";"Sim";1;0;0;0;0;1;0;1;-29,7831804;-51,16099063;"SPRF-RS";"DEL01-RS";"UOP02-DEL01-RS"
524144;2023-05-20;"sábado";"03:40:00";"PR";116;95,5;"SAO JOSE DOS PINHAIS";"Reação tardia ou ineficiente do condutor";"Saída de leito carroçável";"Com Vítimas Feridas";"Plena Noite";"Crescente";"Nublado";"Dupla";"Reta";"Não";5;0;5;0;0;0;5;1;-25,53209963;-49,14490879;"SPRF-PR";"DEL01-PR";"UOP07-DEL01-PR"
524145;2023-05-20;"sábado";"04:30:00";"SC";101;317;"PESCARIA BRAVA";"Avarias e/ou desgaste excessivo no pneu";"Colisão com objeto";"Com Vítimas Feridas";"Plena Noite";"Crescente";"Nevoeiro/Neblina";"Dupla";"Curva";"Sim";7;0;0;2;5;0;2;3;-28,42708421;-48,85211624;"SPRF-SC";"DEL02-SC";"UOP01-DEL02-SC"
524146;2023-05-20;"sábado";"04:30:00";"SC";101;236,8;"PALHOCA";"Demais falhas mecânicas ou elétricas";"Saída de leito carroçável";"Com Vítimas Feridas";"Plena Noite";"Crescente";"Céu Claro";"Dupla";"Reta";"Não";2;0;0;2;0;0;2;1;-27,82629382;-48,63034842;"SPRF-SC";"DEL01-SC";"UOP02-DEL01-SC"
524147;2023-05-20;"sábado";"03:20:00";"MA";135;13;"SAO LUIS";"Transitar na contramão";"Colisão frontal";"Com Vítimas Feridas";"Plena Noite";"Crescente";"Céu Claro";"Dupla";"Reta";"Não";2;0;1;0;1;0;1;2;-2,575784;-44,353748;"SPRF-MA";"DEL01-MA";"UOP01-DEL01-MA"
524149;2023-05-20;"sábado";"04:30:00";"PR";376;490;"PONTA GROSSA";"Ingestão de álcool pelo condutor";"Colisão traseira";"Com Vítimas Feridas";"Plena Noite";"Crescente";"Nevoeiro/Neblina";"Dupla";"Reta";"Sim";2;0;1;0;1;0;1;2;-25,14692309;-50,15072006;"SPRF-PR";"DEL03-PR";"UOP04-DEL03-PR"
524150;2023-05-20;"sábado";"05:00:00";"MG";50;85,4;"UBERLANDIA";"Manobra de mudança de faixa";"Saída de leito carroçável";"Sem Vítimas";"Plena Noite";"Decrescente";"Céu Claro";"Dupla";"Reta;Declive";"Não";1;0;0;0;1;0;0;1;-19,00488399;-48,20910294;"SPRF-MG";"DEL15-MG";"UOP01-DEL15-MG"
524151;2023-05-20;"sábado";"05:40:00";"BA";101;507;"ITABUNA";"Animais na Pista";"Atropelamento de Animal";"Com Vítimas Feridas";"Pleno dia";"Decrescente";"Sol";"Simples";"Reta";"Sim";1;0;1;0;0;0;1;1;-14,77275392;-39,29055041;"SPRF-BA";"DEL05-BA";"UOP01-DEL05-BA"
524152;2023-05-20;"sábado";"05:05:00";"ES";259;59;"COLATINA";"Reação tardia ou ineficiente do condutor";"Colisão com objeto";"Com Vítimas Feridas";"Amanhecer";"Crescente";"Céu Claro";"Simples";"Rotatória";"Sim";1;0;0;1;0;0;1;1;-19,52125411;-40,66594194;"SPRF-ES";"DEL02-ES";"UOP01-DEL02-ES"
524153;2023-05-20;"sábado";"05:00:00";"SC";101;71,6;"ARAQUARI";"Reação tardia ou ineficiente do condutor";"Colisão com objeto";"Com Vítimas Feridas";"Plena Noite";"Crescente";"Nublado";"Dupla";"Reta";"Sim";1;0;1;0;0;0;1;1;-26,51864822;-48,71874636;"SPRF-SC";"DEL03-SC";"UOP02-DEL03-SC"
524154;2023-05-20;"sábado";"03:55:00";"DF";70;1,6;"BRASILIA";"Ingestão de álcool pelo condutor";"Saída de leito carroçável";"Com Vítimas Feridas";"Plena Noite";"Crescente";"Céu Claro";"Dupla";"Reta";"Sim";3;0;0;2;0;1;2;2;-15,79709218;-48,0705221;"SPRF-DF";"DEL03-DF";"UOP02-DEL03-DF"
524155;2023-05-20;"sábado";"04:45:00";"RJ";40;105;"DUQUE DE CAXIAS";"Reação tardia ou ineficiente do condutor";"Saída de leito carroçável";"Com Vítimas Feridas";"Plena Noite";"Decrescente";"Céu Claro";"Simples";"Aclive";"Sim";2;0;2;0;0;0;2;1;-22,64092;-43,2831853;"SPRF-RJ";"DEL01-RJ";"UOP01-DEL01-RJ"
524156;2023-05-20;"sábado";"05:00:00";"SP";116;269,9;"TABOAO DA SERRA";"Velocidade Incompatível";"Colisão transversal";"Com Vítimas Feridas";"Amanhecer";"Crescente";"Céu Claro";"Dupla";"Reta";"Sim";3;0;1;0;2;0;1;2;-23,61593059;-46,78826044;"SPRF-SP";"DEL04-SP";"UOP01-DEL04-SP"
524157;2023-05-20;"sábado";"04:30:00";"RO";364;344;"JI-PARANA";"Entrada inopinada do pedestre";"Atropelamento de Pedestre";"Com Vítimas Feridas";"Amanhecer";"Decrescente";"Céu Claro";"Dupla";"Reta";"Não";3;0;1;1;0;1;2;2;-10,87376391;-61,95256893;"SPRF-RO";"DEL02-RO";"UOP01-DEL02-RO"
524159;2023-05-20;"sábado";"05:40:00";"SC";101;222;"PALHOCA";"Reação tardia ou ineficiente do condutor";"Tombamento";"Com Vítimas Feridas";"Amanhecer";"Crescente";"Céu Claro";"Simples";"Reta";"Não";1;0;0;1;0;0;1;1;-27,70865409;-48,65586407;"SPRF-SC";"DEL01-SC";"UOP02-DEL01-SC"
524160;2023-05-20;"sábado";"05:30:00";"PR";277;517,7;"GUARANIACU";"Ingestão de álcool ou de substâncias psicoativas pelo pedestre";"Atropelamento de Pedestre";"Com Vítimas Feridas";"Plena Noite";"Decrescente";"Céu Claro";"Simples";"Reta;Declive";"Não";3;0;0;1;1;1;1;2;-25,11240772;-52,83208297;"SPRF-PR";"DEL04-PR";"UOP04-DEL04-PR"
524161;2023-05-20;"sábado";"04:55:00";"PR";369;506;"CASCAVEL";"Velocidade Incompatível";"Saída de leito carroçável";"Com Vítimas Feridas";"Plena Noite";"Decrescente";"Céu Claro";"Simples";"Reta";"Não";1;0;1;0;0;0;1;1;-24,8326;-53,3005;"SPRF-PR";"DEL04-PR";"UOP03-DEL04-PR"
524162;2023-05-20;"sábado";"06:00:00";"MG";381;508,8;"SAO JOAQUIM DE BICAS";"Reação tardia ou ineficiente do condutor";"Tombamento";"Com Vítimas Feridas";"Amanhecer";"Decrescente";"Céu Claro";"Dupla";"Reta";"Não";1;0;1;0;0;0;1;1;-20,06277698;-44,29329002;"SPRF-MG";"DEL04-MG";"UOP03-DEL04-MG"
524163;2023-05-20;"sábado";"06:50:00";"RS";116;74;"CAMPESTRE DA SERRA";"Acesso irregular";"Colisão frontal";"Com Vítimas Feridas";"Pleno dia";"Crescente";"Céu Claro";"Simples";"Reta";"Não";2;0;1;0;1;0;1;2;-28,75259174;-51,095438;"SPRF-RS";"DEL05-RS";"UOP03-DEL05-RS"
524166;2023-05-20;"sábado";"04:30:00";"PE";232;12,8;"JABOATAO DOS GUARARAPES";"Reação tardia ou ineficiente do condutor";"Colisão traseira";"Com Vítimas Feridas";"Amanhecer";"Crescente";"Ignorado";"Dupla";"Reta";"Não";3;0;2;0;0;1;2;2;-8,087799;-35,01031;"SPRF-PE";"DEL01-PE";"UOP01-DEL01-PE"
524167;2023-05-20;"sábado";"05:30:00";"RJ";465;6;"SEROPEDICA";"Condutor Dormindo";"Colisão com objeto";"Sem Vítimas";"Amanhecer";"Crescente";"Céu Claro";"Simples";"Reta";"Não";1;0;0;0;1;0;0;1;-22,754314;-43,692879;"SPRF-RJ";"DEL01-RJ";"UOP03-DEL01-RJ"
524168;2023-05-20;"sábado";"06:30:00";"RJ";101;274;"TANGUA";"Reação tardia ou ineficiente do condutor";"Colisão traseira";"Com Vítimas Feridas";"Amanhecer";"Decrescente";"Céu Claro";"Dupla";"Reta";"Não";2;0;1;0;1;0;1;2;-22,73506292;-42,71948103;"SPRF-RJ";"DEL02-RJ";"UOP03-DEL02-RJ"
524169;2023-05-20;"sábado";"07:50:00";"RN";304;30;"MOSSORO";"Reação tardia ou ineficiente do condutor";"Colisão traseira";"Com Vítimas Feridas";"Pleno dia";"Decrescente";"Céu Claro";"Simples";"Reta";"Não";2;0;1;0;1;0;1;2;-5,11703801;-37,34100094;"SPRF-RN";"DEL04-RN";"UOP02-DEL04-RN"
524170;2023-05-20;"sábado";"06:30:00";"PR";277;594,5;"CASCAVEL";"Conversão proibida";"Colisão lateral sentido oposto";"Com Vítimas Feridas";"Amanhecer";"Decrescente";"Céu Claro";"Simples";"Curva";"Não";3;0;2;0;1;0;2;2;-24,9804759;-53,50027442;"SPRF-PR";"DEL04-PR";"UOP01-DEL04-PR"
524171;2023-05-20;"sábado";"05:20:00";"RJ";465;4;"SEROPEDICA";"Acessar a via sem observar a presença dos outros veículos";"Colisão transversal";"Com Vítimas Feridas";"Amanhecer";"Crescente";"Céu Claro";"Simples";"Reta";"Sim";2;0;0;1;0;1;1;2;-22,740971;-43,705597;"SPRF-RJ";"DEL01-RJ";"UOP03-DEL01-RJ"
524172;2023-05-20;"sábado";"08:00:00";"TO";10;459;"PALMAS";"Demais falhas mecânicas ou elétricas";"Incêndio";"Sem Vítimas";"Pleno dia";"Crescente";"Céu Claro";"Dupla";"Reta";"Não";1;0;0;0;1;0;0;1;-10,27100559;-48,30602646;"SPRF-TO";"DEL01-TO";"UOP03-DEL01-TO"
524174;2023-05-20;"sábado";"08:05:00";"DF";20;22;"BRASILIA";"Reação tardia ou ineficiente do condutor";"Capotamento";"Com Vítimas Feridas";"Pleno dia";"Crescente";"Sol";"Dupla";"Retorno Regulamentado";"Sim";6;0;5;0;1;0;5;1;-15,59834;-47,676186;"SPRF-DF";"DEL02-DF";"UOP01-DEL02-DF"
524175;2023-05-08;"segunda-feira";"18:55:00";"MG";381;492;"BETIM";"Manobra de mudança de faixa";"Colisão lateral mesmo sentido";"Com Vítimas Feridas";"Plena Noite";"Crescente";"Céu Claro";"Dupla";"Curva";"Sim";3;0;2;0;1;0;2;2;-19,97490091;-44,19004301;"SPRF-MG";"DEL01-MG";"UOP03-DEL01-MG"
524176;2023-05-20;"sábado";"07:25:00";"RS";386;280;"SAO JOSE DO HERVAL";"Ausência de reação do condutor";"Saída de leito carroçável";"Com Vítimas Feridas";"Pleno dia";"Crescente";"Céu Claro";"Simples";"Reta";"Não";5;0;3;0;2;0;3;1;-29,025167;-52,311798;"SPRF-RS";"DEL04-RS";"UOP03-DEL04-RS"
524177;2023-05-20;"sábado";"08:30:00";"GO";153;501,9;"GOIANIA";"Manobra de mudança de faixa";"Colisão lateral mesmo sentido";"Com Vítimas Feridas";"Pleno dia";"Crescente";"Sol";"Múltipla";"Reta";"Sim";2;0;2;0;0;0;2;2;-16,7287;-49,2424;"SPRF-GO";"DEL01-GO";"UOP01-DEL01-GO"
524178;2023-05-20;"sábado";"08:21:00";"BA";101;895;"CARAVELAS";"Transitar na contramão";"Queda de ocupante de veículo";"Com Vítimas Feridas";"Pleno dia";"Decrescente";"Nublado";"Simples";"Aclive";"Não";2;0;0;1;1;0;1;1;-17,68974283;-39,77339342;"SPRF-BA";"DEL09-BA";"UOP02-DEL09-BA"
524180;2023-05-20;"sábado";"07:30:00";"PR";116;14,5;"CAMPINA GRANDE DO SUL";"Demais falhas mecânicas ou elétricas";"Colisão com objeto";"Sem Vítimas";"Pleno dia";"Decrescente";"Céu Claro";"Dupla";"Reta";"Sim";1;0;0;0;1;0;0;1;-25,3818;-49,1643;"SPRF-PR";"DEL01-PR";"UOP02-DEL01-PR"
524182;2023-05-19;"sexta-feira";"09:50:00";"MG";381;360;"JOAO MONLEVADE";"Acessar a via sem observar a presença dos outros veículos";"Colisão transversal";"Com Vítimas Feridas";"Pleno dia";"Decrescente";"Céu Claro";"Simples";"Reta";"Sim";3;0;1;0;2;0;1;2;-19,842934;-43,201935;"SPRF-MG";"DEL03-MG";"UOP01-DEL03-MG"
524183;2023-05-20;"sábado";"08:30:00";"RS";116;262;"CANOAS";"Acumulo de óleo sobre o pavimento";"Queda de ocupante de veículo";"Com Vítimas Feridas";"Pleno dia";"Crescente";"Céu Claro";"Dupla";"Curva";"Sim";1;0;1;0;0;0;1;1;-29,90416729;-51,17686987;"SPRF-RS";"DEL01-RS";"UOP01-DEL01-RS"
524185;2023-05-20;"sábado";"08:45:00";"MG";381;477;"CONTAGEM";"Trafegar com motocicleta (ou similar) entre as faixas";"Colisão lateral mesmo sentido";"Com Vítimas Feridas";"Pleno dia";"Decrescente";"Céu Claro";"Dupla";"Reta";"Sim";2;0;1;0;1;0;1;2;-19,95811;-44,030749;"SPRF-MG";"DEL01-MG";"UOP03-DEL01-MG"
524187;2023-05-20;"sábado";"08:10:00";"RJ";116;190;"NOVA IGUACU";"Ausência de reação do condutor";"Tombamento";"Com Vítimas Feridas";"Pleno dia";"Decrescente";"Céu Claro";"Dupla";"Reta";"Sim";1;0;1;0;0;0;1;1;-22,74123776;-43,5007311;"SPRF-RJ";"DEL01-RJ";"UOP02-DEL01-RJ"
524191;2023-05-20;"sábado";"09:18:00";"ES";101;279;"SERRA";"Reação tardia ou ineficiente do condutor";"Colisão com objeto";"Com Vítimas Feridas";"Pleno dia";"Decrescente";"Céu Claro";"Dupla";"Reta";"Não";1;0;0;1;0;0;1;1;-20,21828666;-40,34895595;"SPRF-ES";"DEL02-ES";"UOP01-DEL02-ES"
524192;2023-05-20;"sábado";"07:20:00";"MG";262;802;"UBERABA";"Reação tardia ou ineficiente do condutor";"Colisão traseira";"Sem Vítimas";"Pleno dia";"Decrescente";"Céu Claro";"Dupla";"Reta;Declive";"Sim";5;0;0;0;5;0;0;3;-19,779234;-47,964844;"SPRF-MG";"DEL13-MG";"UOP01-DEL13-MG"
524193;2023-05-20;"sábado";"07:40:00";"BA";116;438,9;"FEIRA DE SANTANA";"Reação tardia ou ineficiente do condutor";"Saída de leito carroçável";"Sem Vítimas";"Pleno dia";"Decrescente";"Céu Claro";"Dupla";"Curva;Aclive";"Não";1;0;0;0;1;0;0;1;-12,33705;-39,073441;"SPRF-BA";"DEL02-BA";"UOP01-DEL02-BA"
524194;2023-05-20;"sábado";"08:50:00";"SC";101;208;"SAO JOSE";"Condutor deixou de manter distância do veículo da frente";"Colisão traseira";"Com Vítimas Feridas";"Pleno dia";"Crescente";"Céu Claro";"Dupla";"Reta";"Sim";2;0;1;0;1;0;1;2;-27,60327979;-48,63201818;"SPRF-SC";"DEL01-SC";"UOP01-DEL01-SC"
524195;2023-05-20;"sábado";"08:00:00";"RJ";393;130;"SAPUCAIA";"Acumulo de óleo sobre o pavimento";"Tombamento";"Com Vítimas Feridas";"Pleno dia";"Decrescente";"Nublado";"Simples";"Curva";"Não";1;0;1;0;0;0;1;1;-21,96535716;-42,86837098;"SPRF-RJ";"DEL05-RJ";"UOP01-DEL05-RJ"
524198;2023-05-20;"sábado";"09:20:00";"BA";101;717;"EUNAPOLIS";"Condutor desrespeitou a iluminação vermelha do semáforo";"Colisão transversal";"Com Vítimas Feridas";"Pleno dia";"Crescente";"Céu Claro";"Simples";"Reta;Interseção de Vias";"Sim";2;0;1;0;1;0;1;2;-16,36667318;-39,58235264;"SPRF-BA";"DEL09-BA";"UOP01-DEL09-BA"
524200;2023-05-20;"sábado";"08:50:00";"RJ";40;21,7;"TRES RIOS";"Condutor Dormindo";"Capotamento";"Com Vítimas Feridas";"Pleno dia";"Crescente";"Céu Claro";"Dupla";"Curva";"Sim";1;0;1;0;0;0;1;1;-22,11423526;-43,15858581;"SPRF-RJ";"DEL05-RJ";"UOP02-DEL05-RJ"
524205;2023-05-20;"sábado";"10:00:00";"RN";101;124;"SAO JOSE DE MIPIBU";"Manobra de mudança de faixa";"Saída de leito carroçável";"Com Vítimas Feridas";"Pleno dia";"Crescente";"Nublado";"Dupla";"Reta";"Sim";1;0;1;0;0;0;1;1;-6,07054896;-35,23785797;"SPRF-RN";"DEL01-RN";"UOP01-DEL01-RN"
524206;2023-05-20;"sábado";"09:10:00";"MG";40;42,7;"PARACATU";"Manobra de mudança de faixa";"Colisão traseira";"Com Vítimas Feridas";"Pleno dia";"Decrescente";"Céu Claro";"Simples";"Curva";"Sim";3;0;1;0;0;2;1;3;-17,2188441;-46,8666753;"SPRF-MG";"DEL14-MG";"UOP01-DEL14-MG"