"id";"data_inversa";"dia_semana";"horario";"uf";"br";"km";"municipio";"causa_acidente";"tipo_acidente";"classificacao_acidente";"fase_dia";"sentido_via";"condicao_metereologica";"tipo_pista";"tracado_via";"uso_solo";"pessoas";"mortos";"feridos_leves";"feridos_graves";"ilesos";"ignorados";"feridos";"veiculos";"latitude";"longitude";"regional";"delegacia";"uop"
524208;2023-05-20;"sábado";"08:00:00";"RJ";356;66;"CAMPOS DOS GOYTACAZES";"Manobra de mudança de faixa";"Colisão transversal";"Com Vítimas Feridas";"Pleno dia";"Decrescente";"Céu Claro";"Dupla";"Rotatória";"Sim";2;0;1;1;0;0;2;2;-21,76538669;-41,34567998;"SPRF-RJ";"DEL08-RJ";"UOP03-DEL08-RJ"
524209;2023-05-17;"quarta-feira";"07:38:00";"PE";104;67;"CARUARU";"Manobra de mudança de faixa";"Colisão lateral mesmo sentido";"Com Vítimas Feridas";"Pleno dia";"Crescente";"Céu Claro";"Dupla";"Reta;Aclive";"Sim";2;0;1;0;1;0;1;2;-8,3016;-35,9882;"SPRF-PE";"DEL02-PE";"UOP01-DEL02-PE"
524212;2023-05-20;"sábado";"10:30:00";"PI";316;11;"TERESINA";"Desrespeitar a preferência no cruzamento";"Colisão lateral mesmo sentido";"Sem Vítimas";"Pleno dia";"Decrescente";"Céu Claro";"Simples";"Viaduto;Rotatória";"Sim";2;0;0;0;2;0;0;2;-5,191739;-42,76076102;"SPRF-PI";"DEL01-PI";"UOP02-DEL01-PI"
524213;2023-05-20;"sábado";"09:15:00";"RJ";116;137,3;"MAGE";"Acessar a via sem observar a presença dos outros veículos";"Colisão transversal";"Com Vítimas Feridas";"Pleno dia";"Crescente";"Céu Claro";"Dupla";"Interseção de Vias";"Não";2;0;1;0;1;0;1;2;-22,64791994;-43,18200799;"SPRF-RJ";"DEL01-RJ";"UOP01-DEL01-RJ"
524215;2023-05-20;"sábado";"11:25:00";"RJ";116;199;"QUEIMADOS";"Velocidade Incompatível";"Atropelamento de Pedestre";"Com Vítimas Feridas";"Pleno dia";"Decrescente";"Céu Claro";"Dupla";"Reta";"Não";3;0;0;1;0;2;1;2;-22,72898648;-43,58452101;"SPRF-RJ";"DEL01-RJ";"UOP03-DEL01-RJ"
524216;2023-05-20;"sábado";"07:50:00";"PR";153;349;"REBOUCAS";"Reação tardia ou ineficiente do condutor";"Saída de leito carroçável";"Sem Vítimas";"Amanhecer";"Decrescente";"Nevoeiro/Neblina";"Simples";"Curva";"Não";1;0;0;0;1;0;0;1;-25,60374934;-50,69205649;"SPRF-PR";"DEL08-PR";"UOP02-DEL08-PR"
524218;2023-05-20;"sábado";"11:00:00";"MG";40;509;"RIBEIRAO DAS NEVES";"Condutor deixou de manter distância do veículo da frente";"Colisão traseira";"Com Vítimas Feridas";"Pleno dia";"Crescente";"Céu Claro";"Dupla";"Retorno Regulamentado";"Sim";2;0;1;0;1;0;1;2;-19,76728744;-44,12855905;"SPRF-MG";"DEL01-MG";"UOP02-DEL01-MG"
524219;2023-04-06;"quinta-feira";"11:50:00";"SE";101;15;"CEDRO DE SAO JOAO";"Acumulo de água sobre o pavimento";"Colisão com objeto";"Com Vítimas Feridas";"Pleno dia";"Crescente";"Chuva";"Dupla";"Reta";"Não";3;0;1;0;2;0;1;1;-10,32028898;-36,89367839;"SPRF-SE";"DEL02-SE";"UOP02-DEL02-SE"
524221;2023-05-20;"sábado";"10:15:00";"RS";116;55,6;"VACARIA";"Frear bruscamente";"Capotamento";"Sem Vítimas";"Pleno dia";"Decrescente";"Céu Claro";"Simples";"Declive;Reta";"Não";5;0;0;0;2;3;0;2;-28,60116116;-51,03846264;"SPRF-RS";"DEL05-RS";"UOP03-DEL05-RS"
524224;2023-05-20;"sábado";"11:24:00";"ES";101;132;"LINHARES";"Ausência de reação do condutor";"Engavetamento";"Com Vítimas Feridas";"Pleno dia";"Decrescente";"Céu Claro";"Simples";"Reta";"Não";3;0;0;1;2;0;1;3;-19,24798699;-40,09078893;"SPRF-ES";"DEL04-ES";"UOP01-DEL04-ES"
524225;2023-05-20;"sábado";"12:31:00";"TO";10;464;"PALMAS";"Acessar a via sem observar a presença dos outros veículos";"Colisão lateral mesmo sentido";"Com Vítimas Feridas";"Pleno dia";"Crescente";"Céu Claro";"Dupla";"Reta;Retorno Regulamentado";"Não";2;0;1;0;1;0;1;2;-10,14755806;-48,16361937;"SPRF-TO";"DEL01-TO";"UOP03-DEL01-TO"
524226;2023-05-20;"sábado";"12:35:00";"SP";116;230;"SAO PAULO";"Reação tardia ou ineficiente do condutor";"Colisão traseira";"Com Vítimas Feridas";"Pleno dia";"Crescente";"Céu Claro";"Múltipla";"Reta";"Sim";3;0;1;0;2;0;1;2;-23,51395102;-46,57768607;"SPRF-SP";"DEL01-SP";"UOP01-DEL01-SP"
524227;2023-05-20;"sábado";"12:45:00";"MG";381;484;"BETIM";"Velocidade Incompatível";"Colisão com objeto";"Com Vítimas Feridas";"Pleno dia";"Decrescente";"Céu Claro";"Múltipla";"Aclive;Curva";"Sim";3;0;2;0;1;0;2;1;-19,95531717;-44,11722196;"SPRF-MG";"DEL01-MG";"UOP03-DEL01-MG"
524228;2023-05-20;"sábado";"12:50:00";"MG";381;484;"BETIM";"Velocidade Incompatível";"Queda de ocupante de veículo";"Com Vítimas Feridas";"Pleno dia";"Crescente";"Céu Claro";"Dupla";"Reta;Declive";"Sim";1;0;0;1;0;0;1;1;-19,95531717;-44,11722196;"SPRF-MG";"DEL01-MG";"UOP03-DEL01-MG"
524229;2023-05-20;"sábado";"12:43:00";"MG";40;518,7;"CONTAGEM";"Manobra de mudança de faixa";"Colisão transversal";"Com Vítimas Feridas";"Pleno dia";"Decrescente";"Céu Claro";"Dupla";"Retorno Regulamentado";"Sim";2;0;0;1;1;0;1;2;-19,8321242;-44,08208533;"SPRF-MG";"DEL01-MG";"UOP02-DEL01-MG"
524230;2023-05-20;"sábado";"10:55:00";"MG";116;537,5;"SANTA RITA DE MINAS";"Acessar a via sem observar a presença dos outros veículos";"Colisão transversal";"Com Vítimas Feridas";"Pleno dia";"Decrescente";"Céu Claro";"Simples";"Reta";"Não";2;0;1;0;1;0;1;2;-19,86620285;-42,1352356;"SPRF-MG";"DEL06-MG";"UOP02-DEL06-MG"
524231;2023-05-20;"sábado";"13:25:00";"MG";40;138;"JOAO PINHEIRO";"Ausência de reação do condutor";"Saída de leito carroçável";"Com Vítimas Feridas";"Pleno dia";"Decrescente";"Céu Claro";"Dupla";"Curva";"Sim";1;0;1;0;0;0;1;1;-17,72754024;-46,21430838;"SPRF-MG";"DEL14-MG";"UOP01-DEL14-MG"
524232;2023-05-20;"sábado";"12:30:00";"PR";116;119,1;"CURITIBA";"Reação tardia ou ineficiente do condutor";"Colisão traseira";"Com Vítimas Feridas";"Pleno dia";"Decrescente";"Sol";"Dupla";"Reta";"Sim";8;0;2;0;4;2;2;4;-25,54456009;-49,30146002;"SPRF-PR";"DEL01-PR";"UOP03-DEL01-PR"
524233;2023-05-20;"sábado";"11:05:00";"SC";116;246;"LAGES";"Manobra de mudança de faixa";"Colisão transversal";"Com Vítimas Feridas";"Pleno dia";"Crescente";"Sol";"Simples";"Reta";"Sim";2;0;1;0;1;0;1;2;-27,80419942;-50,36509464;"SPRF-SC";"DEL05-SC";"UOP02-DEL05-SC"
524235;2023-05-20;"sábado";"07:30:00";"PB";230;11,2;"JOAO PESSOA";"Manobra de mudança de faixa";"Colisão lateral mesmo sentido";"Com Vítimas Feridas";"Pleno dia";"Crescente";"Céu Claro";"Dupla";"Reta";"Sim";2;0;1;0;0;1;1;2;-7,0596;-34,8506;"SPRF-PB";"DEL01-PB";"UOP01-DEL01-PB"
524236;2023-05-20;"sábado";"12:00:00";"GO";158;194;"CAIAPONIA";"Avarias e/ou desgaste excessivo no pneu";"Saída de leito carroçável";"Com Vítimas Fatais";"Pleno dia";"Crescente";"Céu Claro";"Simples";"Em Obras;Reta;Declive";"Não";3;1;1;1;0;0;2;1;-17,26408814;-51,89113769;"SPRF-GO";"DEL05-GO";"UOP01-DEL05-GO"
524237;2023-05-20;"sábado";"13:30:00";"MG";40;464;"SETE LAGOAS";"Velocidade Incompatível";"Colisão com objeto";"Com Vítimas Feridas";"Pleno dia";"Crescente";"Céu Claro";"Dupla";"Reta;Declive";"Não";3;0;1;2;0;0;3;1;-19,43110896;-44,33657482;"SPRF-MG";"DEL02-MG";"UOP01-DEL02-MG"
524239;2023-05-20;"sábado";"13:35:00";"PB";427;37,3;"POMBAL";"Ausência de reação do condutor";"Saída de leito carroçável";"Com Vítimas Feridas";"Pleno dia";"Decrescente";"Céu Claro";"Simples";"Reta";"Sim";1;0;0;1;0;0;1;1;-6,76405124;-37,78910384;"SPRF-PB";"DEL03-PB";"UOP02-DEL03-PB"
524241;2023-05-20;"sábado";"13:30:00";"PB";230;41,3;"SANTA RITA";"Velocidade Incompatível";"Tombamento";"Com Vítimas Feridas";"Pleno dia";"Decrescente";"Céu Claro";"Dupla";"Curva";"Sim";1;0;0;1;0;0;1;1;-7,1432;-34,9869;"SPRF-PB";"DEL01-PB";"UOP03-DEL01-PB"
524242;2023-05-20;"sábado";"14:15:00";"RS";116;231,1;"IVOTI";"Desrespeitar a preferência no cruzamento";"Colisão transversal";"Com Vítimas Feridas";"Pleno dia";"Decrescente";"Céu Claro";"Simples";"Aclive;Reta;Retorno Regulamentado";"Sim";7;0;2;0;5;0;2;2;-29,62609635;-51,13725456;"SPRF-RS";"DEL01-RS";"UOP02-DEL01-RS"
524244;2023-05-20;"sábado";"14:22:00";"SP";116;115;"TAUBATE";"Condutor deixou de manter distância do veículo da frente";"Colisão lateral mesmo sentido";"Com Vítimas Feridas";"Pleno dia";"Crescente";"Céu Claro";"Dupla";"Reta";"Sim";2;0;1;0;1;0;1;2;-23,0496047;-45,59973712;"SPRF-SP";"DEL02-SP";"UOP02-DEL02-SP"
524246;2023-05-20;"sábado";"14:50:00";"TO";153;141;"ARAGUAINA";"Acessar a via sem observar a presença dos outros veículos";"Colisão lateral mesmo sentido";"Com Vítimas Feridas";"Pleno dia";"Crescente";"Céu Claro";"Múltipla";"Reta";"Sim";2;0;2;0;0;0;2;2;-7,175959;-48,219548;"SPRF-TO";"DEL02-TO";"UOP01-DEL02-TO"
524247;2023-05-20;"sábado";"14:40:00";"RJ";101;325;"NITEROI";"Demais falhas mecânicas ou elétricas";"Tombamento";"Com Vítimas Feridas";"Pleno dia";"Crescente";"Céu Claro";"Simples";"Reta";"Não";2;0;1;0;1;0;1;1;-22,87292569;-43,13625699;"SPRF-RJ";"DEL02-RJ";"UOP01-DEL02-RJ"
524248;2023-05-20;"sábado";"11:00:00";"SC";470;191;"POUSO REDONDO";"Velocidade Incompatível";"Colisão frontal";"Com Vítimas Feridas";"Pleno dia";"Decrescente";"Sol";"Simples";"Curva";"Não";4;0;0;1;2;1;1;3;-27,30169781;-50,07499695;"SPRF-SC";"DEL04-SC";"UOP02-DEL04-SC"
524249;2023-05-20;"sábado";"08:45:00";"RO";364;340;"JI-PARANA";"Reação tardia ou ineficiente do condutor";"Colisão traseira";"Com Vítimas Feridas";"Pleno dia";"Decrescente";"Céu Claro";"Simples";"Reta";"Sim";3;0;1;0;2;0;1;2;-10,898802;-61,93046;"SPRF-RO";"DEL02-RO";"UOP01-DEL02-RO"
524250;2023-05-20;"sábado";"13:50:00";"RS";101;70;"OSORIO";"Reação tardia ou ineficiente do condutor";"Tombamento";"Com Vítimas Feridas";"Pleno dia";"Crescente";"Céu Claro";"Dupla";"Reta;Aclive";"Não";1;0;1;0;0;0;1;1;-29,759604;-50,21723;"SPRF-RS";"DEL03-RS";"UOP01-DEL03-RS"
524251;2023-05-20;"sábado";"14:15:00";"GO";40;20;"LUZIANIA";"Condutor Dormindo";"Colisão com objeto";"Sem Vítimas";"Pleno dia";"Decrescente";"Céu Claro";"Dupla";"Reta";"Sim";1;0;0;0;0;1;0;1;-16,21849;-47,915478;"SPRF-DF";"DEL01-DF";"UOP01-DEL01-DF"
524254;2023-05-20;"sábado";"15:05:00";"PE";232;55,8;"POMBOS";"Condutor Dormindo";"Capotamento";"Com Vítimas Feridas";"Pleno dia";"Decrescente";"Céu Claro";"Dupla";"Reta";"Não";2;0;1;0;1;0;1;1;-8,13255758;-35,36570027;"SPRF-PE";"DEL02-PE";"UOP02-DEL02PE"
524255;2023-05-20;"sábado";"15:35:00";"GO";50;154,4;"CAMPO ALEGRE DE GOIAS";"Ingestão de álcool pelo condutor";"Saída de leito carroçável";"Sem Vítimas";"Pleno dia";"Crescente";"Céu Claro";"Dupla";"Interseção de Vias";"Não";1;0;0;0;1;0;0;1;-17,20893515;-47,74675369;"SPRF-GO";"DEL06-GO";"UOP01-DEL06-GO"
524260;2023-05-20;"sábado";"09:00:00";"RO";364;475;"ARIQUEMES";"Ultrapassagem Indevida";"Colisão frontal";"Com Vítimas Fatais";"Pleno dia";"Crescente";"Sol";"Simples";"Reta";"Não";4;2;2;0;0;0;2;2;-10,16787005;-62,83097709;"SPRF-RO";"DEL03-RO";"UOP01-DEL03-RO"
524263;2023-05-20;"sábado";"16:40:00";"SP";153;60,8;"SAO JOSE DO RIO PRETO";"Ingestão de álcool pelo condutor";"Colisão traseira";"Sem Vítimas";"Pleno dia";"Crescente";"Céu Claro";"Dupla";"Reta";"Sim";2;0;0;0;2;0;0;2;-20,79627979;-49,35480206;"SPRF-SP";"DEL09-SP";"UOP01-DEL09-SP"
524265;2023-05-20;"sábado";"16:45:00";"RS";470;216;"BENTO GONCALVES";"Acessar a via sem observar a presença dos outros veículos";"Colisão lateral mesmo sentido";"Sem Vítimas";"Pleno dia";"Decrescente";"Céu Claro";"Dupla";"Reta";"Sim";3;0;0;0;3;0;0;2;-29,15887096;-51,53142395;"SPRF-RS";"DEL06-RS";"UOP01-DEL06-RS"
524266;2023-05-20;"sábado";"17:30:00";"PE";101;35;"IGARASSU";"Entrada inopinada do pedestre";"Atropelamento de Pedestre";"Com Vítimas Fatais";"Plena Noite";"Decrescente";"Céu Claro";"Dupla";"Reta";"Não";5;1;0;0;4;0;0;2;-7,77952193;-34,93231384;"SPRF-PE";"DEL01-PE";"UOP02-DEL01-PE"
524267;2023-04-18;"terça-feira";"11:00:00";"SC";101;228,4;"PALHOCA";"Avarias e/ou desgaste excessivo no pneu";"Colisão com objeto";"Com Vítimas Feridas";"Pleno dia";"Crescente";"Chuva";"Múltipla";"Reta";"Não";4;0;0;2;2;0;2;3;-27,7688932;-48,63205379;"SPRF-SC";"DEL01-SC";"UOP02-DEL01-SC"
524268;2023-05-20;"sábado";"17:30:00";"RN";304;290;"MACAIBA";"Acesso irregular";"Colisão traseira";"Com Vítimas Feridas";"Plena Noite";"Decrescente";"Céu Claro";"Simples";"Em Obras";"Não";2;0;0;1;1;0;1;2;-5,86846237;-35,37602795;"SPRF-RN";"DEL01-RN";"UOP02-DEL01-RN"
524270;2023-05-20;"sábado";"17:40:00";"PR";376;624,9;"SAO JOSE DOS PINHAIS";"Pedestre andava na pista";"Atropelamento de Pedestre";"Com Vítimas Feridas";"Anoitecer";"Crescente";"Céu Claro";"Dupla";"Reta";"Não";3;0;1;0;2;0;1;2;-25,64416687;-49,15923715;"SPRF-PR";"DEL01-PR";"UOP04-DEL01-PR"
524273;2023-05-20;"sábado";"17:50:00";"SP";116;230;"SAO PAULO";"Manobra de mudança de faixa";"Colisão com objeto";"Com Vítimas Feridas";"Plena Noite";"Decrescente";"Céu Claro";"Múltipla";"Reta";"Sim";5;0;1;0;4;0;1;2;-23,52251783;-46,5855702;"SPRF-SP";"DEL01-SP";"UOP01-DEL01-SP"
524275;2023-05-20;"sábado";"18:00:00";"SP";116;147;"SAO JOSE DOS CAMPOS";"Ausência de reação do condutor";"Colisão traseira";"Sem Vítimas";"Anoitecer";"Decrescente";"Nublado";"Múltipla";"Reta";"Sim";2;0;0;0;2;0;0;2;-23,19542994;-45,87176303;"SPRF-SP";"DEL02-SP";"UOP01-DEL02-SP"
524276;2023-05-20;"sábado";"17:00:00";"PR";376;124,5;"ALTO PARANA";"Manobra de mudança de faixa";"Tombamento";"Com Vítimas Feridas";"Pleno dia";"Decrescente";"Céu Claro";"Dupla";"Declive";"Não";2;0;2;0;0;0;2;1;-23,14400328;-52,2818582;"SPRF-PR";"DEL09-PR";"UOP02-DEL09-PR"
524277;2023-05-20;"sábado";"17:40:00";"PE";232;137,8;"CARUARU";"Reação tardia ou ineficiente do condutor";"Atropelamento de Pedestre";"Com Vítimas Fatais";"Plena Noite";"Decrescente";"Céu Claro";"Dupla";"Reta";"Sim";2;1;1;0;0;0;1;2;-8,31589863;-36,05040211;"SPRF-PE";"DEL02-PE";"UOP01-DEL02-PE"
524279;2023-05-20;"sábado";"15:30:00";"PE";232;55;"POMBOS";"Condutor deixou de manter distância do veículo da frente";"Colisão traseira";"Sem Vítimas";"Pleno dia";"Crescente";"Nublado";"Dupla";"Reta;Declive";"Sim";3;0;0;0;3;0;0;2;-8,13255758;-35,36570027;"SPRF-PE";"DEL02-PE";"UOP02-DEL02PE"
524280;2023-05-20;"sábado";"16:45:00";"MG";381;622,4;"OLIVEIRA";"Reação tardia ou ineficiente do condutor";"Saída de leito carroçável";"Com Vítimas Feridas";"Pleno dia";"Decrescente";"Sol";"Dupla";"Curva;Declive";"Não";3;0;1;0;2;0;1;1;-20,80221112;-44,79031349;"SPRF-MG";"DEL04-MG";"UOP01-DEL04-MG"
524281;2023-05-20;"sábado";"20:20:00";"ES";262;112;"VENDA NOVA DO IMIGRANTE";"Velocidade Incompatível";"Saída de leito carroçável";"Com Vítimas Feridas";"Plena Noite";"Crescente";"Céu Claro";"Simples";"Reta";"Não";3;0;0;3;0;0;3;1;-20,33756085;-41,19989497;"SPRF-ES";"DEL01-ES";"UOP02-DEL01-ES"
524282;2023-05-20;"sábado";"18:15:00";"SP";153;119;"UBARANA";"Reação tardia ou ineficiente do condutor";"Colisão traseira";"Com Vítimas Feridas";"Plena Noite";"Crescente";"Céu Claro";"Simples";"Reta";"Não";2;0;1;0;1;0;1;2;-21,16208007;-49,71112986;"SPRF-SP";"DEL09-SP";"UOP01-DEL09-SP"
524283;2023-05-20;"sábado";"18:10:00";"SC";101;308;"LAGUNA";"Manobra de mudança de faixa";"Colisão lateral mesmo sentido";"Com Vítimas Feridas";"Plena Noite";"Decrescente";"Céu Claro";"Dupla";"Reta";"Sim";5;0;1;0;4;0;1;2;-28,399616;-48,7854;"SPRF-SC";"DEL02-SC";"UOP01-DEL02-SC"
524284;2023-05-20;"sábado";"18:30:00";"RS";116;248;"SAO LEOPOLDO";"Condutor deixou de manter distância do veículo da frente";"Colisão traseira";"Com Vítimas Feridas";"Plena Noite";"Decrescente";"Céu Claro";"Dupla";"Viaduto;Aclive";"Sim";2;0;1;0;0;1;1;2;-29,7724611;-51,15397453;"SPRF-RS";"DEL01-RS";"UOP02-DEL01-RS"
524286;2023-05-20;"sábado";"18:00:00";"ES";259;59;"COLATINA";"Condutor desrespeitou a iluminação vermelha do semáforo";"Colisão transversal";"Com Vítimas Feridas";"Anoitecer";"Decrescente";"Nublado";"Simples";"Interseção de Vias";"Sim";2;0;2;0;0;0;2;2;-19,52125411;-40,66594194;"SPRF-ES";"DEL02-ES";"UOP01-DEL02-ES"
524288;2023-05-20;"sábado";"19:05:00";"SC";280;241;"CANOINHAS";"Ausência de reação do condutor";"Saída de leito carroçável";"Sem Vítimas";"Plena Noite";"Crescente";"Nublado";"Simples";"Reta;Declive";"Não";1;0;0;0;1;0;0;1;-26,22501599;-50,45997601;"SPRF-SC";"DEL06-SC";"UOP04-DEL06-SC"
524289;2023-05-20;"sábado";"18:10:00";"BA";20;153;"SAO DESIDERIO";"Sinalização mal posicionada";"Colisão frontal";"Com Vítimas Fatais";"Plena Noite";"Crescente";"Céu Claro";"Simples";"Reta;Em Obras";"Não";4;3;0;0;1;0;0;2;-12,602708;-45,911681;"SPRF-BA";"DEL10-BA";"UOP01-DEL10-BA"
524291;2023-05-16;"terça-feira";"18:10:00";"PE";0;0;"SERRA TALHADA";"Demais falhas na via";"Colisão com objeto";"Sem Vítimas";"Plena Noite";"Não Informado";"Céu Claro";"Simples";"Declive";"Não";2;0;0;0;2;0;0;1;-8,00823662;-38,24890137;"SPRF-PE";"DEL04-PE";"UOP01-DEL04-PE"
524293;2023-05-20;"sábado";"18:45:00";"PI";343;12;"PARNAIBA";"Ingestão de álcool pelo condutor";"Atropelamento de Pedestre";"Com Vítimas Feridas";"Plena Noite";"Decrescente";"Céu Claro";"Simples";"Reta";"Sim";2;0;0;2;0;0;2;2;-2,910035;-41,753662;"SPRF-PI";"DEL05-PI";"UOP01-DEL05-PI"
524294;2023-05-18;"quinta-feira";"18:20:00";"SC";282;516,9;"XAXIM";"Condutor deixou de manter distância do veículo da frente";"Engavetamento";"Sem Vítimas";"Anoitecer";"Decrescente";"Céu Claro";"Simples";"Reta";"Não";5;0;0;0;5;0;0;3;-26,93625552;-52,49883413;"SPRF-SC";"DEL07-SC";"UOP01-DEL07-SC"
524296;2023-05-20;"sábado";"19:30:00";"SP";116;223;"GUARULHOS";"Reação tardia ou ineficiente do condutor";"Engavetamento";"Com Vítimas Feridas";"Plena Noite";"Crescente";"Céu Claro";"Múltipla";"Reta";"Sim";5;0;2;0;3;0;2;3;-23,48040627;-46,5327698;"SPRF-SP";"DEL01-SP";"UOP01-DEL01-SP"
524297;2023-05-20;"sábado";"18:35:00";"RS";290;177,8;"BUTIA";"Condutor deixou de manter distância do veículo da frente";"Colisão traseira";"Sem Vítimas";"Plena Noite";"Crescente";"Céu Claro";"Simples";"Aclive";"Não";4;0;0;0;4;0;0;2;-30,132814;-51,982243;"SPRF-RS";"DEL02-RS";"UOP03-DEL02-RS"
524298;2023-05-20;"sábado";"18:30:00";"PR";158;529,9;"PATO BRANCO";"Reação tardia ou ineficiente do condutor";"Saída de leito carroçável";"Sem Vítimas";"Plena Noite";"Crescente";"Céu Claro";"Simples";"Curva";"Sim";1;0;0;0;1;0;0;1;-26,19572385;-52,67420769;"SPRF-PR";"DEL02-PR";"UOP01-DEL02-PR"
524299;2023-05-08;"segunda-feira";"13:52:00";"RR";433;144;"PACARAIMA";"Reação tardia ou ineficiente do condutor";"Saída de leito carroçável";"Com Vítimas Feridas";"Pleno dia";"Crescente";"Céu Claro";"Simples";"Reta;Ponte";"Não";4;0;0;4;0;0;4;1;4,17529;-60,703377;"SPRF-RR";"DEL01-RR";"UOP01-DEL01-RR"
524300;2023-05-20;"sábado";"18:15:00";"RJ";116;176;"SAO JOAO DE MERITI";"Objeto estático sobre o leito carroçável";"Eventos atípicos";"Com Vítimas Feridas";"Plena Noite";"Decrescente";"Céu Claro";"Múltipla";"Reta";"Sim";2;0;1;0;1;0;1;1;-22,78537289;-43,3798648;"SPRF-RJ";"DEL01-RJ";"UOP02-DEL01-RJ"
524301;2023-05-20;"sábado";"16:51:00";"MT";70;776;"CACERES";"Condutor deixou de manter distância do veículo da frente";"Colisão traseira";"Com Vítimas Feridas";"Pleno dia";"Crescente";"Nublado";"Simples";"Reta";"Sim";3;0;1;0;2;0;1;2;-16,07069712;-57,85397484;"SPRF-MT";"DEL03-MT";"UOP01-DEL03-MT"
524303;2023-05-20;"sábado";"18:40:00";"PR";277;71,3;"SAO JOSE DOS PINHAIS";"Entrada inopinada do pedestre";"Atropelamento de Pedestre";"Com Vítimas Feridas";"Plena Noite";"Crescente";"Céu Claro";"Dupla";"Reta";"Sim";2;0;1;0;1;0;1;2;-25,50830112;-49,13507044;"SPRF-PR";"DEL01-PR";"UOP01-DEL01-PR"
524304;2023-05-20;"sábado";"17:40:00";"SC";470;118;"IBIRAMA";"Velocidade Incompatível";"Colisão traseira";"Sem Vítimas";"Anoitecer";"Crescente";"Nublado";"Simples";"Retorno Regulamentado";"Não";2;0;0;0;2;0;0;2;-27,082345;-49,520704;"SPRF-SC";"DEL04-SC";"UOP02-DEL04-SC"
524305;2023-05-20;"sábado";"19:50:00";"RS";290;87;"PORTO ALEGRE";"Ingestão de álcool pelo condutor";"Colisão traseira";"Sem Vítimas";"Plena Noite";"Decrescente";"Céu Claro";"Múltipla";"Reta";"Não";4;0;0;0;4;0;0;2;-29,967838;-51,127197;"SPRF-RS";"DEL01-RS";"UOP01-DEL01-RS"
524306;2023-05-20;"sábado";"19:05:00";"MS";163;203,4;"CAARAPO";"Reação tardia ou ineficiente do condutor";"Saída de leito carroçável";"Com Vítimas Feridas";"Plena Noite";"Crescente";"Céu Claro";"Dupla";"Reta";"Não";2;0;1;0;1;0;1;1;-22,67737994;-54,79289178;"SPRF-MS";"DEL04-MS";"UOP02-DEL04-MS"
524308;2023-05-20;"sábado";"18:20:00";"PR";476;200;"LAPA";"Velocidade Incompatível";"Colisão traseira";"Com Vítimas Feridas";"Plena Noite";"Crescente";"Nevoeiro/Neblina";"Simples";"Reta";"Sim";5;0;0;3;2;0;3;4;-25,77438;-49,755112;"SPRF-PR";"DEL01-PR";"UOP06-DEL01-PR"
524310;2023-05-20;"sábado";"20:25:00";"ES";101;96,6;"JAGUARE";"Reação tardia ou ineficiente do condutor";"Saída de leito carroçável";"Com Vítimas Feridas";"Plena Noite";"Decrescente";"Nublado";"Simples";"Reta";"Não";1;0;1;0;0;0;1;1;-18,94725102;-39,97972996;"SPRF-ES";"DEL04-ES";"UOP02-DEL04-ES"
524311;2023-05-20;"sábado";"17:40:00";"RJ";40;116;"DUQUE DE CAXIAS";"Avarias e/ou desgaste excessivo no pneu";"Queda de ocupante de veículo";"Com Vítimas Feridas";"Pleno dia";"Decrescente";"Céu Claro";"Dupla";"Reta";"Sim";2;0;1;0;1;0;1;1;-22,73662299;-43,28858785;"SPRF-RJ";"DEL01-RJ";"UOP01-DEL01-RJ"
524312;2023-05-20;"sábado";"18:30:00";"GO";40;100,7;"CRISTALINA";"Animais na Pista";"Atropelamento de Animal";"Com Vítimas Feridas";"Anoitecer";"Crescente";"Céu Claro";"Dupla";"Reta";"Não";1;0;1;0;0;0;1;1;-16,786355;-47,579207;"SPRF-DF";"DEL01-DF";"UOP02-DEL01-DF"
524313;2023-05-20;"sábado";"18:00:00";"PR";277;119;"CAMPO LARGO";"Ausência de reação do condutor";"Colisão traseira";"Com Vítimas Feridas";"Plena Noite";"Decrescente";"Céu Claro";"Dupla";"Aclive;Reta";"Não";6;0;2;0;4;0;2;2;-25,4330687;-49,43430906;"SPRF-PR";"DEL03-PR";"UOP03-DEL03-PR"
524315;2023-05-20;"sábado";"20:30:00";"PR";277;725,5;"FOZ DO IGUACU";"Ingestão de álcool pelo condutor";"Colisão lateral mesmo sentido";"Sem Vítimas";"Plena Noite";"Decrescente";"Céu Claro";"Dupla";"Viaduto;Aclive;Curva";"Sim";2;0;0;0;2;0;0;2;-25,51202222;-54,55121756;"SPRF-PR";"DEL05-PR";"UOP03-DEL05-PR"
524317;2023-05-20;"sábado";"18:45:00";"RJ";101;136;"CARAPEBUS";"Avarias e/ou desgaste excessivo no pneu";"Queda de ocupante de veículo";"Com Vítimas Feridas";"Plena Noite";"Crescente";"Céu Claro";"Dupla";"Reta";"Sim";2;0;1;1;0;0;2;1;-22,15018124;-41,73133188;"SPRF-RJ";"DEL08-RJ";"UOP04-DEL08-RJ"
524318;2023-05-20;"sábado";"19:30:00";"PB";230;153;"CAMPINA GRANDE";"Ingestão de álcool pelo condutor";"Colisão traseira";"Com Vítimas Feridas";"Plena Noite";"Crescente";"Céu Claro";"Dupla";"Em Obras;Reta;Interseção de Vias";"Sim";2;0;0;1;0;1;1;2;-7,2763;-35,8887;"SPRF-PB";"DEL02-PB";"UOP01-DEL02-PB"
524320;2023-05-20;"sábado";"18:30:00";"PA";163;654,9;"ITAITUBA";"Demais Fenômenos da natureza";"Tombamento";"Com Vítimas Feridas";"Anoitecer";"Crescente";"Céu Claro";"Simples";"Reta";"Não";1;0;0;1;0;0;1;1;-4,489085;-55,866778;"SPRF-PA";"DEL05-PA";"UOP02-DEL05-PA"