"id";"data_inversa";"dia_semana";"horario";"uf";"br";"km";"municipio";"causa_acidente";"tipo_acidente";"classificacao_acidente";"fase_dia";"sentido_via";"condicao_metereologica";"tipo_pista";"tracado_via";"uso_solo";"pessoas";"mortos";"feridos_leves";"feridos_graves";"ilesos";"ignorados";"feridos";"veiculos";"latitude";"longitude";"regional";"delegacia";"uop"
524322;2023-05-20;"sábado";"17:35:00";"SC";101;321;"PESCARIA BRAVA";"Condutor deixou de manter distância do veículo da frente";"Colisão traseira";"Com Vítimas Feridas";"Pleno dia";"Decrescente";"Céu Claro";"Dupla";"Reta";"Não";3;0;2;0;1;0;2;2;-28,42532339;-48,8919091;"SPRF-SC";"DEL02-SC";"UOP01-DEL02-SC"
524323;2023-05-20;"sábado";"21:00:00";"MG";381;335;"NOVA ERA";"Velocidade Incompatível";"Colisão lateral sentido oposto";"Com Vítimas Feridas";"Pleno dia";"Decrescente";"Céu Claro";"Simples";"Curva";"Não";4;0;1;0;3;0;1;2;-19,81700707;-43,06661887;"SPRF-MG";"DEL03-MG";"UOP01-DEL03-MG"
524324;2023-05-20;"sábado";"19:20:00";"MG";116;703,7;"MURIAE";"Ausência de reação do condutor";"Colisão com objeto";"Sem Vítimas";"Plena Noite";"Decrescente";"Céu Claro";"Simples";"Reta";"Sim";2;0;0;0;1;1;0;2;-21,12682309;-42,3832189;"SPRF-MG";"DEL07-MG";"UOP02-DEL07-MG"
524325;2023-05-20;"sábado";"19:31:00";"RS";116;155,3;"CAXIAS DO SUL";"Reação tardia ou ineficiente do condutor";"Colisão transversal";"Sem Vítimas";"Plena Noite";"Decrescente";"Céu Claro";"Simples";"Curva;Aclive";"Sim";4;0;0;0;4;0;0;2;-29,19873129;-51,17629631;"SPRF-RS";"DEL05-RS";"UOP01-DEL05-RS"
524327;2023-05-20;"sábado";"18:40:00";"PA";230;6,5;"ALTAMIRA";"Acessar a via sem observar a presença dos outros veículos";"Colisão lateral mesmo sentido";"Com Vítimas Feridas";"Plena Noite";"Decrescente";"Céu Claro";"Simples";"Reta";"Sim";2;0;1;0;1;0;1;2;-3,20187855;-52,23790169;"SPRF-PA";"DEL03-PA";"UOP01-DEL03-PA"
524328;2023-05-20;"sábado";"20:00:00";"MG";40;758,1;"EWBANK DA CAMARA";"Pedestre andava na pista";"Atropelamento de Pedestre";"Com Vítimas Feridas";"Plena Noite";"Crescente";"Nublado";"Simples";"Reta;Rotatória";"Não";2;0;1;0;1;0;1;2;-21,51149748;-43,5259874;"SPRF-MG";"DEL05-MG";"UOP01-DEL05-MG"
524329;2023-05-20;"sábado";"20:00:00";"SP";116;320;"JUQUITIBA";"Avarias e/ou desgaste excessivo no pneu";"Saída de leito carroçável";"Com Vítimas Feridas";"Plena Noite";"Decrescente";"Nublado";"Dupla";"Reta";"Não";1;0;0;1;0;0;1;1;-23,93226;-47,00835;"SPRF-SP";"DEL04-SP";"UOP03-DEL04-SP"
524331;2023-05-20;"sábado";"19:50:00";"PI";343;162;"BRASILEIRA";"Animais na Pista";"Atropelamento de Animal";"Com Vítimas Feridas";"Plena Noite";"Decrescente";"Céu Claro";"Simples";"Reta";"Não";2;0;2;0;0;0;2;1;-4,090647;-41,780148;"SPRF-PI";"DEL02-PI";"UOP01-DEL02-PI"
524332;2023-05-20;"sábado";"20:30:00";"MG";50;174;"UBERABA";"Reação tardia ou ineficiente do condutor";"Saída de leito carroçável";"Sem Vítimas";"Plena Noite";"Decrescente";"Céu Claro";"Dupla";"Curva";"Sim";1;0;0;0;0;1;0;1;-19,770817;-47,973434;"SPRF-MG";"DEL13-MG";"UOP01-DEL13-MG"
524335;2023-05-20;"sábado";"18:00:00";"MT";364;620;"DIAMANTINO";"Ausência de reação do condutor";"Eventos atípicos";"Com Vítimas Feridas";"Plena Noite";"Decrescente";"Céu Claro";"Simples";"Reta";"Não";1;0;1;0;0;0;1;1;-14,39422231;-56,3486113;"SPRF-MT";"DEL01-MT";"UOP01-DEL01-MT"
524336;2023-05-20;"sábado";"21:30:00";"BA";407;2,3;"JUAZEIRO";"Conversão proibida";"Colisão transversal";"Com Vítimas Feridas";"Plena Noite";"Crescente";"Céu Claro";"Simples";"Reta";"Sim";2;0;1;0;1;0;1;2;-9,4250917;-40,50357694;"SPRF-PE";"DEL06-PE";"UOP01-DEL06-PE"
524338;2023-05-20;"sábado";"22:10:00";"SC";101;42,4;"JOINVILLE";"Condutor deixou de manter distância do veículo da frente";"Colisão lateral mesmo sentido";"Com Vítimas Feridas";"Plena Noite";"Decrescente";"Céu Claro";"Dupla";"Reta";"Não";3;0;2;0;1;0;2;2;-26,32696053;-48,86581421;"SPRF-SC";"DEL03-SC";"UOP01-DEL03-SC"
524339;2023-05-20;"sábado";"21:40:00";"PB";230;21,9;"JOAO PESSOA";"Ingestão de álcool pelo condutor";"Colisão transversal";"Sem Vítimas";"Plena Noite";"Crescente";"Céu Claro";"Dupla";"Reta";"Sim";2;0;0;0;2;0;0;2;-7,14623784;-34,85087872;"SPRF-PB";"DEL01-PB";"UOP01-DEL01-PB"
524340;2023-05-20;"sábado";"22:00:00";"RN";110;45,9;"MOSSORO";"Reação tardia ou ineficiente do condutor";"Colisão transversal";"Com Vítimas Feridas";"Plena Noite";"Decrescente";"Nublado";"Simples";"Reta";"Sim";4;0;1;0;2;1;1;3;-5,19797675;-37,31839819;"SPRF-RN";"DEL04-RN";"UOP01-DEL04-RN"
524341;2023-05-20;"sábado";"19:20:00";"RJ";101;79;"CAMPOS DOS GOYTACAZES";"Pedestre cruzava a pista fora da faixa";"Atropelamento de Pedestre";"Com Vítimas Feridas";"Plena Noite";"Decrescente";"Ignorado";"Dupla";"Reta";"Não";2;0;1;0;1;0;1;2;-21,83685554;-41,42866013;"SPRF-RJ";"DEL08-RJ";"UOP02-DEL08-RJ"
524342;2023-05-20;"sábado";"22:00:00";"DF";20;14,8;"BRASILIA";"Velocidade Incompatível";"Saída de leito carroçável";"Com Vítimas Feridas";"Plena Noite";"Decrescente";"Céu Claro";"Dupla";"Reta";"Não";1;0;1;0;0;0;1;1;-15,634938;-47,741241;"SPRF-DF";"DEL02-DF";"UOP01-DEL02-DF"
524343;2023-05-20;"sábado";"21:55:00";"MG";381;492;"BETIM";"Condutor Dormindo";"Colisão com objeto";"Com Vítimas Feridas";"Plena Noite";"Decrescente";"Céu Claro";"Dupla";"Reta";"Sim";1;0;1;0;0;0;1;1;-19,962802;-44,165074;"SPRF-MG";"DEL01-MG";"UOP03-DEL01-MG"
524345;2023-05-20;"sábado";"21:50:00";"RS";392;297;"SAO SEPE";"Transitar na contramão";"Colisão frontal";"Com Vítimas Feridas";"Plena Noite";"Crescente";"Céu Claro";"Simples";"Reta";"Não";4;0;2;1;1;0;3;3;-30,15478217;-53,59063804;"SPRF-RS";"DEL09-RS";"UOP01-DEL09-RS"
524346;2023-05-20;"sábado";"21:40:00";"SP";116;338,5;"JUQUITIBA";"Iluminação deficiente";"Atropelamento de Pedestre";"Com Vítimas Feridas";"Plena Noite";"Decrescente";"Céu Claro";"Dupla";"Reta";"Não";2;0;1;0;1;0;1;2;-23,990126;-47,147995;"SPRF-SP";"DEL04-SP";"UOP03-DEL04-SP"
524347;2023-05-20;"sábado";"22:50:00";"GO";70;1,3;"AGUAS LINDAS DE GOIAS";"Reação tardia ou ineficiente do condutor";"Saída de leito carroçável";"Com Vítimas Feridas";"Plena Noite";"Crescente";"Céu Claro";"Dupla";"Aclive;Reta";"Não";1;0;1;0;0;0;1;1;-15,77579351;-48,23259001;"SPRF-DF";"DEL03-DF";"UOP02-DEL03-DF"
524349;2023-05-20;"sábado";"22:30:00";"PR";376;1;"APUCARANA";"Condutor desrespeitou a iluminação vermelha do semáforo";"Colisão transversal";"Com Vítimas Feridas";"Plena Noite";"Crescente";"Céu Claro";"Simples";"Interseção de Vias";"Não";4;0;1;1;2;0;2;2;-23,5513;-51,461266;"SPRF-PR";"DEL07-PR";"UOP03-DEL07-PR"
524351;2023-05-20;"sábado";"20:30:00";"PI";343;3;"TERESINA";"Condutor deixou de manter distância do veículo da frente";"Colisão traseira";"Com Vítimas Feridas";"Plena Noite";"Crescente";"Céu Claro";"Dupla";"Reta";"Não";2;0;1;0;1;0;1;2;-5,089569;-42,802288;"SPRF-PI";"DEL01-PI";"UOP01-DEL01-PI"
524352;2023-05-20;"sábado";"20:30:00";"RJ";101;408;"ITAGUAI";"Reação tardia ou ineficiente do condutor";"Colisão traseira";"Sem Vítimas";"Plena Noite";"Decrescente";"Céu Claro";"Dupla";"Reta";"Sim";6;0;0;0;6;0;0;2;-22,88087914;-43,82441392;"SPRF-RJ";"DEL03-RJ";"UOP01-DEL03-RJ"
524354;2023-05-20;"sábado";"23:10:00";"PR";158;535;"PATO BRANCO";"Acessar a via sem observar a presença dos outros veículos";"Colisão lateral mesmo sentido";"Com Vítimas Feridas";"Plena Noite";"Decrescente";"Céu Claro";"Simples";"Reta";"Sim";3;0;2;0;1;0;2;2;-26,23547098;-52,69066504;"SPRF-PR";"DEL02-PR";"UOP01-DEL02-PR"
524355;2023-05-20;"sábado";"18:30:00";"SC";470;18,5;"ILHOTA";"Transitar na contramão";"Colisão frontal";"Com Vítimas Fatais";"Plena Noite";"Crescente";"Céu Claro";"Simples";"Curva";"Não";7;1;4;0;2;0;4;4;-26,855534;-48,808922;"SPRF-SC";"DEL04-SC";"UOP04-DEL04-SC"
524357;2023-05-20;"sábado";"22:50:00";"RS";290;69,6;"GRAVATAI";"Velocidade Incompatível";"Saída de leito carroçável";"Com Vítimas Fatais";"Plena Noite";"Crescente";"Céu Claro";"Dupla";"Reta";"Sim";1;1;0;0;0;0;0;1;-29,944933;-50,946438;"SPRF-RS";"DEL03-RS";"UOP01-DEL03-RS"
524358;2023-05-20;"sábado";"23:10:00";"SC";101;138;"BALNEARIO CAMBORIU";"Reação tardia ou ineficiente do condutor";"Saída de leito carroçável";"Com Vítimas Feridas";"Plena Noite";"Crescente";"Nublado";"Múltipla";"Curva";"Sim";1;0;1;0;0;0;1;1;-27,02397426;-48,60761649;"SPRF-SC";"DEL04-SC";"UOP03-DEL04-SC"
524359;2023-05-20;"sábado";"20:45:00";"SC";470;66,6;"INDAIAL";"Velocidade Incompatível";"Colisão frontal";"Com Vítimas Fatais";"Plena Noite";"Crescente";"Nublado";"Simples";"Em Obras;Ponte";"Sim";3;2;1;0;0;0;1;2;-26,87101378;-49,22915697;"SPRF-SC";"DEL04-SC";"UOP01-DEL04-SC"
524360;2023-05-20;"sábado";"22:40:00";"CE";222;0,3;"FORTALEZA";"Ingestão de álcool pelo condutor";"Colisão traseira";"Sem Vítimas";"Pleno dia";"Decrescente";"Céu Claro";"Dupla";"Reta";"Sim";4;0;0;0;3;1;0;2;-3,7367737;-38,56923;"SPRF-CE";"DEL01-CE";"UOP01-DEL01-CE"
524361;2023-05-21;"domingo";"00:20:00";"SC";101;206;"SAO JOSE";"Ingestão de álcool pelo condutor";"Colisão lateral mesmo sentido";"Sem Vítimas";"Plena Noite";"Crescente";"Céu Claro";"Múltipla";"Reta";"Sim";2;0;0;0;2;0;0;2;-27,59193546;-48,61824557;"SPRF-SC";"DEL01-SC";"UOP01-DEL01-SC"
524362;2023-05-20;"sábado";"23:45:00";"PR";376;498,4;"PONTA GROSSA";"Animais na Pista";"Atropelamento de Animal";"Com Vítimas Feridas";"Plena Noite";"Crescente";"Céu Claro";"Dupla";"Reta";"Sim";2;0;2;0;0;0;2;1;-25,15189549;-50,14102405;"SPRF-PR";"DEL03-PR";"UOP04-DEL03-PR"
524363;2023-05-21;"domingo";"00:20:00";"RJ";116;200;"QUEIMADOS";"Animais na Pista";"Queda de ocupante de veículo";"Com Vítimas Feridas";"Plena Noite";"Crescente";"Céu Claro";"Dupla";"Reta";"Não";1;0;1;0;0;0;1;1;-22,7306082;-43,59401795;"SPRF-RJ";"DEL01-RJ";"UOP03-DEL01-RJ"
524365;2023-05-21;"domingo";"00:20:00";"PR";476;111,5;"COLOMBO";"Velocidade Incompatível";"Saída de leito carroçável";"Com Vítimas Feridas";"Plena Noite";"Crescente";"Nublado";"Simples";"Curva;Declive";"Não";1;0;1;0;0;0;1;1;-25,314074;-49,157799;"SPRF-PR";"DEL01-PR";"UOP01-DEL01-PR"
524366;2023-05-21;"domingo";"00:30:00";"RS";153;51,7;"ERECHIM";"Velocidade Incompatível";"Colisão lateral mesmo sentido";"Com Vítimas Feridas";"Plena Noite";"Crescente";"Céu Claro";"Dupla";"Reta;Aclive";"Sim";2;0;0;1;0;1;1;2;-27,66104;-52,28549;"SPRF-RS";"DEL08-RS";"UOP04-DEL08-RS"
524368;2023-05-21;"domingo";"01:08:00";"PR";476;115;"COLOMBO";"Ausência de reação do condutor";"Saída de leito carroçável";"Com Vítimas Feridas";"Plena Noite";"Crescente";"Nevoeiro/Neblina";"Dupla";"Curva";"Sim";1;0;1;0;0;0;1;1;-25,34862877;-49,1629976;"SPRF-PR";"DEL01-PR";"UOP01-DEL01-PR"
524369;2023-05-21;"domingo";"02:00:00";"DF";20;21,5;"BRASILIA";"Ingestão de álcool pelo condutor";"Colisão traseira";"Sem Vítimas";"Plena Noite";"Crescente";"Céu Claro";"Dupla";"Reta;Declive;Retorno Regulamentado";"Sim";4;0;0;0;3;1;0;3;-15,603384;-47,684692;"SPRF-DF";"DEL02-DF";"UOP01-DEL02-DF"
524371;2023-05-21;"domingo";"02:00:00";"PE";101;41;"IGARASSU";"Velocidade Incompatível";"Colisão com objeto";"Sem Vítimas";"Plena Noite";"Decrescente";"Céu Claro";"Dupla";"Viaduto";"Sim";1;0;0;0;0;1;0;1;-7,83038346;-34,91426785;"SPRF-PE";"DEL01-PE";"UOP02-DEL01-PE"
524372;2023-05-21;"domingo";"01:40:00";"SC";101;412,5;"ARARANGUA";"Velocidade Incompatível";"Saída de leito carroçável";"Sem Vítimas";"Plena Noite";"Crescente";"Céu Claro";"Simples";"Rotatória";"Sim";1;0;0;0;1;0;0;1;-28,939333;-49,497513;"SPRF-SC";"DEL02-SC";"UOP02-DEL02-SC"
524373;2023-05-21;"domingo";"02:40:00";"MG";50;54;"UBERLANDIA";"Ingestão de álcool pelo condutor";"Saída de leito carroçável";"Sem Vítimas";"Plena Noite";"Crescente";"Céu Claro";"Dupla";"Curva";"Não";2;0;0;0;2;0;0;1;-18,76664393;-48,24409132;"SPRF-MG";"DEL15-MG";"UOP02-DEL15-MG"
524374;2023-05-21;"domingo";"03:00:00";"SP";116;208;"GUARULHOS";"Ingestão de álcool pelo condutor";"Capotamento";"Sem Vítimas";"Plena Noite";"Decrescente";"Céu Claro";"Múltipla";"Reta";"Sim";2;0;0;0;2;0;0;1;-23,42222263;-46,3932771;"SPRF-SP";"DEL01-SP";"UOP01-DEL01-SP"
524377;2023-05-20;"sábado";"23:40:00";"RO";421;8;"ARIQUEMES";"Reação tardia ou ineficiente do condutor";"Colisão frontal";"Com Vítimas Feridas";"Plena Noite";"Decrescente";"Céu Claro";"Simples";"Reta";"Não";3;0;2;0;1;0;2;2;-9,956851;-63,11311;"SPRF-RO";"DEL03-RO";"UOP01-DEL03-RO"
524378;2023-05-21;"domingo";"02:15:00";"GO";40;11;"LUZIANIA";"Animais na Pista";"Atropelamento de Animal";"Com Vítimas Feridas";"Plena Noite";"Decrescente";"Céu Claro";"Dupla";"Reta";"Sim";1;0;1;0;0;0;1;1;-16,138336;-47,951644;"SPRF-DF";"DEL01-DF";"UOP01-DEL01-DF"
524379;2023-05-21;"domingo";"02:20:00";"GO";40;11;"LUZIANIA";"Animais na Pista";"Atropelamento de Animal";"Sem Vítimas";"Plena Noite";"Decrescente";"Céu Claro";"Dupla";"Reta";"Sim";1;0;0;0;1;0;0;1;-16,138336;-47,951644;"SPRF-DF";"DEL01-DF";"UOP01-DEL01-DF"
524381;2023-05-21;"domingo";"02:50:00";"SC";101;271;"IMBITUBA";"Reação tardia ou ineficiente do condutor";"Colisão com objeto";"Com Vítimas Feridas";"Plena Noite";"Decrescente";"Céu Claro";"Dupla";"Reta";"Não";5;0;0;1;0;4;1;3;-28,10658204;-48,70278234;"SPRF-SC";"DEL02-SC";"UOP03-DEL02-SC"
524382;2023-05-21;"domingo";"02:30:00";"MG";50;126;"UBERABA";"Condutor Dormindo";"Saída de leito carroçável";"Com Vítimas Feridas";"Plena Noite";"Decrescente";"Céu Claro";"Dupla";"Reta";"Não";1;0;1;0;0;0;1;1;-19,35005196;-48,09182591;"SPRF-MG";"DEL13-MG";"UOP01-DEL13-MG"
524383;2023-05-21;"domingo";"03:50:00";"RS";116;246;"SAO LEOPOLDO";"Avarias e/ou desgaste excessivo no pneu";"Capotamento";"Com Vítimas Feridas";"Plena Noite";"Decrescente";"Céu Claro";"Dupla";"Curva";"Sim";6;0;4;2;0;0;6;1;-29,758751;-51,15186806;"SPRF-RS";"DEL01-RS";"UOP02-DEL01-RS"
524384;2023-05-21;"domingo";"04:00:00";"MG";50;73;"UBERLANDIA";"Ingestão de álcool pelo condutor";"Colisão com objeto";"Sem Vítimas";"Plena Noite";"Crescente";"Céu Claro";"Dupla";"Reta";"Sim";1;0;0;0;0;1;0;1;-18,85140204;-48,25345932;"SPRF-MG";"DEL15-MG";"UOP01-DEL15-MG"
524385;2023-05-21;"domingo";"02:40:00";"RS";392;352;"SANTA MARIA";"Ausência de reação do condutor";"Saída de leito carroçável";"Com Vítimas Feridas";"Plena Noite";"Crescente";"Céu Claro";"Simples";"Reta;Interseção de Vias;Em Obras";"Sim";1;0;1;0;0;0;1;1;-29,71788328;-53,80847096;"SPRF-RS";"DEL09-RS";"UOP01-DEL09-RS"
524386;2023-05-21;"domingo";"02:37:00";"SC";101;193;"BIGUACU";"Ingestão de álcool pelo condutor";"Saída de leito carroçável";"Sem Vítimas";"Plena Noite";"Decrescente";"Céu Claro";"Múltipla";"Reta;Interseção de Vias";"Sim";1;0;0;0;1;0;0;1;-27,489574;-48,655914;"SPRF-SC";"DEL01-SC";"UOP01-DEL01-SC"
524387;2023-05-21;"domingo";"04:00:00";"SP";116;113;"TAUBATE";"Reação tardia ou ineficiente do condutor";"Saída de leito carroçável";"Com Vítimas Fatais";"Plena Noite";"Decrescente";"Céu Claro";"Dupla";"Reta";"Sim";1;1;0;0;0;0;0;1;-23,0440828;-45,58041405;"SPRF-SP";"DEL02-SP";"UOP02-DEL02-SP"
524389;2023-05-21;"domingo";"05:00:00";"SP";381;56;"MAIRIPORA";"Velocidade Incompatível";"Colisão com objeto";"Sem Vítimas";"Plena Noite";"Decrescente";"Nublado";"Dupla";"Reta";"Não";1;0;0;0;0;1;0;1;-23,25907163;-46,58982662;"SPRF-SP";"DEL03-SP";"UOP01-DEL03-SP"
524391;2023-05-21;"domingo";"03:50:00";"CE";116;471,9;"MILAGRES";"Ausência de reação do condutor";"Tombamento";"Com Vítimas Feridas";"Plena Noite";"Decrescente";"Céu Claro";"Simples";"Reta";"Não";1;0;1;0;0;0;1;1;-7,25986907;-38,8441048;"SPRF-CE";"DEL05-CE";"UOP03-DEL05-CE"
524392;2023-05-21;"domingo";"05:25:00";"CE";116;8;"FORTALEZA";"Reação tardia ou ineficiente do condutor";"Colisão traseira";"Com Vítimas Feridas";"Amanhecer";"Decrescente";"Céu Claro";"Múltipla";"Reta";"Sim";2;0;1;0;0;1;1;2;-3,8192799;-38,50268337;"SPRF-CE";"DEL01-CE";"UOP02-DEL01-CE"
524393;2023-05-21;"domingo";"03:10:00";"MG";116;755,8;"LEOPOLDINA";"Ingestão de álcool pelo condutor";"Colisão traseira";"Sem Vítimas";"Plena Noite";"Crescente";"Céu Claro";"Simples";"Curva";"Não";4;0;0;0;4;0;0;2;-21,48725603;-42,57777783;"SPRF-MG";"DEL07-MG";"UOP01-DEL07-MG"
524394;2023-05-21;"domingo";"05:20:00";"CE";222;0,2;"FORTALEZA";"Ingestão de álcool pelo condutor";"Colisão traseira";"Sem Vítimas";"Amanhecer";"Crescente";"Garoa/Chuvisco";"Múltipla";"Reta";"Sim";5;0;0;0;5;0;0;2;-3,7367737;-38,56923;"SPRF-CE";"DEL01-CE";"UOP01-DEL01-CE"
524395;2023-05-21;"domingo";"05:00:00";"RJ";101;320;"NITEROI";"Entrada inopinada do pedestre";"Atropelamento de Pedestre";"Com Vítimas Feridas";"Amanhecer";"Crescente";"Nevoeiro/Neblina";"Simples";"Reta";"Sim";2;0;0;1;1;0;1;2;-22,86171098;-43,10714015;"SPRF-RJ";"DEL02-RJ";"UOP01-DEL02-RJ"
524396;2023-05-21;"domingo";"06:00:00";"RJ";101;320;"NITEROI";"Mal súbito do condutor";"Tombamento";"Com Vítimas Feridas";"Pleno dia";"Crescente";"Céu Claro";"Simples";"Curva";"Sim";2;0;2;0;0;0;2;1;-22,86171098;-43,10714015;"SPRF-RJ";"DEL02-RJ";"UOP01-DEL02-RJ"
524397;2023-05-21;"domingo";"05:00:00";"RJ";116;147;"DUQUE DE CAXIAS";"Condutor Dormindo";"Colisão com objeto";"Com Vítimas Feridas";"Plena Noite";"Decrescente";"Céu Claro";"Simples";"Reta";"Sim";2;0;2;0;0;0;2;1;-22,66978425;-43,27286493;"SPRF-RJ";"DEL01-RJ";"UOP01-DEL01-RJ"
524398;2023-05-21;"domingo";"02:00:00";"RJ";116;173;"SAO JOAO DE MERITI";"Ausência de reação do condutor";"Saída de leito carroçável";"Sem Vítimas";"Plena Noite";"Crescente";"Céu Claro";"Múltipla";"Reta";"Sim";1;0;0;0;0;1;0;1;-22,79810324;-43,35726614;"SPRF-RJ";"DEL01-RJ";"UOP02-DEL01-RJ"
524399;2023-05-20;"sábado";"18:05:00";"MG";365;739;"ITUIUTABA";"Mal súbito do condutor";"Queda de ocupante de veículo";"Com Vítimas Feridas";"Anoitecer";"Crescente";"Céu Claro";"Simples";"Reta";"Não";1;0;1;0;0;0;1;1;-18,91153423;-49,36367595;"SPRF-MG";"DEL15-MG";"UOP03-DEL15-MG"
524400;2023-05-21;"domingo";"05:40:00";"GO";251;20,3;"CRISTALINA";"Transitar na contramão";"Colisão frontal";"Com Vítimas Feridas";"Amanhecer";"Decrescente";"Céu Claro";"Simples";"Reta";"Não";3;0;1;1;1;0;2;3;-16,15807936;-47,47889607;"SPRF-DF";"DEL01-DF";"UOP01-DEL01-DF"
524402;2023-05-21;"domingo";"06:35:00";"RS";290;81;"GRAVATAI";"Reação tardia ou ineficiente do condutor";"Colisão lateral mesmo sentido";"Sem Vítimas";"Amanhecer";"Crescente";"Nevoeiro/Neblina";"Múltipla";"Reta";"Sim";2;0;0;0;1;1;0;2;-29,954445;-51,06881;"SPRF-RS";"DEL01-RS";"UOP01-DEL01-RS"
524405;2023-05-20;"sábado";"22:00:00";"PA";230;7,6;"ALTAMIRA";"Transitar na contramão";"Colisão frontal";"Com Vítimas Feridas";"Plena Noite";"Decrescente";"Céu Claro";"Simples";"Reta;Declive";"Sim";2;0;2;0;0;0;2;2;-3,19135;-52,21538;"SPRF-PA";"DEL03-PA";"UOP01-DEL03-PA"
524406;2023-05-21;"domingo";"05:40:00";"PR";277;122,9;"BALSA NOVA";"Ausência de reação do condutor";"Saída de leito carroçável";"Sem Vítimas";"Amanhecer";"Decrescente";"Céu Claro";"Dupla";"Reta";"Sim";1;0;0;0;0;1;0;1;-25,46150653;-49,57934618;"SPRF-PR";"DEL03-PR";"UOP03-DEL03-PR"
524407;2023-05-21;"domingo";"06:55:00";"SC";470;49,8;"BLUMENAU";"Reação tardia ou ineficiente do condutor";"Colisão com objeto";"Sem Vítimas";"Amanhecer";"Crescente";"Céu Claro";"Dupla";"Curva";"Não";1;0;0;0;0;1;0;1;-26,860662;-49,065159;"SPRF-SC";"DEL04-SC";"UOP01-DEL04-SC"
524408;2023-05-20;"sábado";"20:40:00";"BA";242;337;"LENCOIS";"Pedestre andava na pista";"Atropelamento de Pedestre";"Com Vítimas Fatais";"Plena Noite";"Crescente";"Céu Claro";"Simples";"Reta;Ponte";"Não";4;1;0;0;3;0;0;2;-12,50559963;-41,20923413;"SPRF-BA";"DEL08-BA";"UOP04-DEL08-BA"
524409;2023-05-21;"domingo";"07:15:00";"RS";116;247;"SAO LEOPOLDO";"Reação tardia ou ineficiente do condutor";"Saída de leito carroçável";"Sem Vítimas";"Pleno dia";"Decrescente";"Nublado";"Simples";"Reta";"Sim";2;0;0;0;0;2;0;2;-29,76779534;-51,1532557;"SPRF-RS";"DEL01-RS";"UOP02-DEL01-RS"
524410;2023-05-21;"domingo";"03:00:00";"SP";116;431;"REGISTRO";"Ausência de reação do condutor";"Saída de leito carroçável";"Sem Vítimas";"Plena Noite";"Decrescente";"Nevoeiro/Neblina";"Dupla";"Reta";"Não";1;0;0;0;0;1;0;1;-24,41182744;-47,75350213;"SPRF-SP";"DEL05-SP";"UOP01-DEL05-SP"
524412;2023-05-21;"domingo";"07:30:00";"MG";381;483,1;"BETIM";"Velocidade Incompatível";"Colisão com objeto";"Com Vítimas Feridas";"Pleno dia";"Decrescente";"Céu Claro";"Múltipla";"Aclive;Curva";"Sim";1;0;0;1;0;0;1;1;-19,9579193;-44,079741;"SPRF-MG";"DEL01-MG";"UOP03-DEL01-MG"
524413;2023-05-21;"domingo";"06:00:00";"BA";110;357;"CATU";"Animais na Pista";"Capotamento";"Com Vítimas Feridas";"Amanhecer";"Crescente";"Garoa/Chuvisco";"Simples";"Reta;Declive";"Sim";1;0;1;0;0;0;1;1;-12,34225607;-38,38638782;"SPRF-BA";"DEL01-BA";"UOP04-DEL01-BA"
524414;2023-05-21;"domingo";"02:30:00";"SC";101;135;"BALNEARIO CAMBORIU";"Ingestão de álcool pelo condutor";"Colisão traseira";"Sem Vítimas";"Plena Noite";"Crescente";"Céu Claro";"Dupla";"Reta";"Sim";2;0;0;0;2;0;0;2;-27,0050108;-48,62677494;"SPRF-SC";"DEL04-SC";"UOP03-DEL04-SC"
524415;2023-05-21;"domingo";"07:10:00";"RJ";356;87;"CARDOSO MOREIRA";"Acumulo de água sobre o pavimento";"Queda de ocupante de veículo";"Com Vítimas Feridas";"Amanhecer";"Crescente";"Garoa/Chuvisco";"Simples";"Reta";"Sim";1;0;1;0;0;0;1;1;-21,49747447;-41,62176311;"SPRF-RJ";"DEL08-RJ";"UOP03-DEL08-RJ"
524416;2023-05-21;"domingo";"07:00:00";"SC";101;41;"JOINVILLE";"Desrespeitar a preferência no cruzamento";"Colisão transversal";"Com Vítimas Feridas";"Pleno dia";"Crescente";"Céu Claro";"Simples";"Viaduto;Rotatória";"Sim";2;0;1;0;1;0;1;2;-26,31846642;-48,87228906;"SPRF-SC";"DEL03-SC";"UOP01-DEL03-SC"
524417;2023-05-21;"domingo";"06:10:00";"PR";476;147,7;"ARAUCARIA";"Reação tardia ou ineficiente do condutor";"Saída de leito carroçável";"Sem Vítimas";"Amanhecer";"Decrescente";"Nevoeiro/Neblina";"Dupla";"Reta;Declive";"Sim";1;0;0;0;0;1;0;1;-25,554628;-49,339268;"SPRF-PR";"DEL01-PR";"UOP06-DEL01-PR"
524418;2023-05-16;"terça-feira";"18:15:00";"SC";101;275,9;"IMBITUBA";"Acessar a via sem observar a presença dos outros veículos";"Colisão frontal";"Com Vítimas Feridas";"Plena Noite";"Decrescente";"Céu Claro";"Dupla";"Em Obras;Interseção de Vias";"Sim";2;0;0;2;0;0;2;2;-28,138086;-48,69218292;"SPRF-SC";"DEL02-SC";"UOP03-DEL02-SC"
524419;2023-05-20;"sábado";"19:15:00";"MG";40;250;"SAO GONCALO DO ABAETE";"Pedestre andava na pista";"Atropelamento de Pedestre";"Com Vítimas Fatais";"Plena Noite";"Decrescente";"Céu Claro";"Simples";"Reta";"Não";3;1;0;0;2;0;0;2;-18,11800826;-45,44304297;"SPRF-MG";"DEL14-MG";"UOP02-DEL14-MG"