"id";"data_inversa";"dia_semana";"horario";"uf";"br";"km";"municipio";"causa_acidente";"tipo_acidente";"classificacao_acidente";"fase_dia";"sentido_via";"condicao_metereologica";"tipo_pista";"tracado_via";"uso_solo";"pessoas";"mortos";"feridos_leves";"feridos_graves";"ilesos";"ignorados";"feridos";"veiculos";"latitude";"longitude";"regional";"delegacia";"uop"
524422;2023-05-21;"domingo";"05:10:00";"BA";101;504;"ITABUNA";"Condutor deixou de manter distância do veículo da frente";"Queda de ocupante de veículo";"Com Vítimas Fatais";"Amanhecer";"Decrescente";"Garoa/Chuvisco";"Simples";"Reta;Aclive";"Não";2;1;1;0;0;0;1;1;-14,94042206;-39,30397277;"SPRF-BA";"DEL05-BA";"UOP01-DEL05-BA"
524423;2023-05-21;"domingo";"07:40:00";"PE";101;41,8;"IGARASSU";"Ausência de reação do condutor";"Colisão traseira";"Com Vítimas Feridas";"Pleno dia";"Crescente";"Nublado";"Múltipla";"Reta;Declive";"Sim";2;0;1;0;1;0;1;2;-7,836748;-34,912502;"SPRF-PE";"DEL01-PE";"UOP02-DEL01-PE"
524424;2023-05-21;"domingo";"00:05:00";"MS";163;187;"CAARAPO";"Reação tardia ou ineficiente do condutor";"Capotamento";"Sem Vítimas";"Plena Noite";"Crescente";"Céu Claro";"Simples";"Reta";"Não";1;0;0;0;0;1;0;1;-22,80058587;-54,73696393;"SPRF-MS";"DEL09-MS";"UOP01-DEL09-MS"
524426;2023-05-21;"domingo";"07:45:00";"RO";364;421,2;"JARU";"Desrespeitar a preferência no cruzamento";"Colisão lateral mesmo sentido";"Com Vítimas Feridas";"Pleno dia";"Decrescente";"Céu Claro";"Simples";"Declive;Reta;Interseção de Vias";"Sim";2;0;2;0;0;0;2;2;-10,46240428;-62,45410502;"SPRF-RO";"DEL03-RO";"UOP02-DEL03-RO"
524427;2023-05-21;"domingo";"09:00:00";"SP";116;103,7;"TAUBATE";"Condutor deixou de manter distância do veículo da frente";"Colisão traseira";"Com Vítimas Feridas";"Pleno dia";"Decrescente";"Sol";"Dupla";"Reta";"Não";3;0;1;1;0;1;2;2;-22,99919465;-45,49788917;"SPRF-SP";"DEL02-SP";"UOP02-DEL02-SP"
524428;2023-05-21;"domingo";"10:10:00";"RJ";40;2;"COMENDADOR LEVY GASPARIAN";"Ausência de reação do condutor";"Queda de ocupante de veículo";"Com Vítimas Feridas";"Pleno dia";"Crescente";"Céu Claro";"Simples";"Reta";"Sim";1;0;1;0;0;0;1;1;-22,01303588;-43,23620081;"SPRF-RJ";"DEL05-RJ";"UOP02-DEL05-RJ"
524429;2023-04-03;"segunda-feira";"16:00:00";"PE";101;58,1;"RECIFE";"Transitar na contramão";"Colisão lateral mesmo sentido";"Com Vítimas Feridas";"Pleno dia";"Decrescente";"Céu Claro";"Dupla";"Reta";"Não";3;0;1;0;1;1;1;3;-7,97063209;-34,92064675;"SPRF-PE";"DEL01-PE";"UOP02-DEL01-PE"
524431;2023-05-20;"sábado";"02:00:00";"PR";277;379;"CANDOI";"Ausência de reação do condutor";"Saída de leito carroçável";"Sem Vítimas";"Plena Noite";"Crescente";"Céu Claro";"Simples";"Reta";"Não";1;0;0;0;0;1;0;1;-25,41884622;-51,78111792;"SPRF-PR";"DEL08-PR";"UOP01-DEL08-PR"
524432;2023-05-21;"domingo";"10:30:00";"DF";70;3;"BRASILIA";"Velocidade Incompatível";"Saída de leito carroçável";"Com Vítimas Fatais";"Pleno dia";"Decrescente";"Sol";"Múltipla";"Curva";"Sim";2;1;0;0;0;1;0;2;-15,802453;-48,080387;"SPRF-DF";"DEL03-DF";"UOP02-DEL03-DF"
524436;2023-05-21;"domingo";"11:30:00";"RS";386;430;"NOVA SANTA RITA";"Conversão proibida";"Colisão traseira";"Com Vítimas Feridas";"Pleno dia";"Crescente";"Nublado";"Simples";"Reta";"Não";4;0;0;1;2;1;1;3;-29,828415;-51,322445;"SPRF-RS";"DEL01-RS";"UOP01-DEL01-RS"
524437;2023-05-21;"domingo";"11:25:00";"PB";101;124;"CAAPORA";"Velocidade Incompatível";"Saída de leito carroçável";"Com Vítimas Feridas";"Pleno dia";"Crescente";"Sol";"Dupla";"Aclive;Curva";"Não";4;0;1;3;0;0;4;1;-7,4687065;-34,97707063;"SPRF-PB";"DEL01-PB";"UOP02-DEL01-PB"
524439;2023-05-21;"domingo";"11:40:00";"MG";381;918;"CAMANDUCAIA";"Reação tardia ou ineficiente do condutor";"Queda de ocupante de veículo";"Com Vítimas Feridas";"Pleno dia";"Decrescente";"Céu Claro";"Dupla";"Reta;Declive";"Não";2;0;1;1;0;0;2;1;-22,75568323;-46,15051746;"SPRF-MG";"DEL16-MG";"UOP03-DEL16-MG"
524440;2023-05-21;"domingo";"11:50:00";"MG";40;554;"NOVA LIMA";"Avarias e/ou desgaste excessivo no pneu";"Queda de ocupante de veículo";"Com Vítimas Feridas";"Pleno dia";"Decrescente";"Céu Claro";"Dupla";"Curva";"Sim";2;0;2;0;0;0;2;1;-20,07715896;-43,98213593;"SPRF-MG";"DEL01-MG";"UOP02-DEL01-MG"
524441;2023-05-21;"domingo";"11:00:00";"GO";60;240;"INDIARA";"Manobra de mudança de faixa";"Colisão lateral mesmo sentido";"Com Vítimas Feridas";"Pleno dia";"Crescente";"Céu Claro";"Dupla";"Reta";"Não";2;0;1;0;1;0;1;1;-17,10760331;-49,90061849;"SPRF-GO";"DEL01-GO";"UOP02-DEL01-GO"
524442;2023-05-21;"domingo";"10:30:00";"MT";70;514;"VARZEA GRANDE";"Condutor desrespeitou a iluminação vermelha do semáforo";"Colisão transversal";"Com Vítimas Feridas";"Pleno dia";"Decrescente";"Céu Claro";"Simples";"Interseção de Vias";"Sim";2;0;1;0;1;0;1;2;-15,70613113;-56,13213485;"SPRF-MT";"DEL01-MT";"UOP02-DEL01-MT"
524444;2023-04-07;"sexta-feira";"15:15:00";"PR";116;126;"FAZENDA RIO GRANDE";"Condutor deixou de manter distância do veículo da frente";"Colisão traseira";"Com Vítimas Feridas";"Pleno dia";"Crescente";"Nublado";"Dupla";"Reta";"Sim";6;0;4;0;1;1;4;3;-25,638286;-49,313085;"SPRF-PR";"DEL01-PR";"UOP03-DEL01-PR"
524445;2023-05-21;"domingo";"12:35:00";"RS";116;105,5;"CANGUCU";"Reação tardia ou ineficiente do condutor";"Saída de leito carroçável";"Com Vítimas Feridas";"Pleno dia";"Crescente";"Céu Claro";"Simples";"Reta";"Não";2;0;1;0;1;0;1;1;-31,49695;-52,613741;"SPRF-RS";"DEL05-RS";"UOP01-DEL05-RS"
524446;2023-05-21;"domingo";"12:51:00";"ES";101;66,5;"SAO MATEUS";"Pedestre andava na pista";"Atropelamento de Pedestre";"Com Vítimas Feridas";"Pleno dia";"Crescente";"Céu Claro";"Dupla";"Reta";"Sim";3;0;1;2;0;0;3;2;-18,7165195;-39,87436378;"SPRF-ES";"DEL04-ES";"UOP02-DEL04-ES"
524448;2023-05-21;"domingo";"09:50:00";"RJ";101;432;"MANGARATIBA";"Demais Fenômenos da natureza";"Colisão com objeto";"Com Vítimas Feridas";"Pleno dia";"Crescente";"Sol";"Simples";"Declive";"Não";1;0;1;0;0;0;1;1;-22,93437472;-44,02919087;"SPRF-RJ";"DEL03-RJ";"UOP02-DEL03-RJ"
524449;2023-05-21;"domingo";"13:30:00";"SP";116;214;"GUARULHOS";"Deficiência do Sistema de Iluminação/Sinalização";"Queda de ocupante de veículo";"Com Vítimas Feridas";"Pleno dia";"Crescente";"Sol";"Múltipla";"Reta";"Não";2;0;2;0;0;0;2;1;-23,44333014;-46,44531294;"SPRF-SP";"DEL01-SP";"UOP01-DEL01-SP"
524450;2023-05-21;"domingo";"13:00:00";"PR";163;255;"TOLEDO";"Ingestão de álcool pelo condutor";"Saída de leito carroçável";"Com Vítimas Feridas";"Pleno dia";"Decrescente";"Céu Claro";"Dupla";"Reta";"Não";1;0;1;0;0;0;1;1;-24,6702507;-53,80444765;"SPRF-PR";"DEL06-PR";"UOP02-DEL06-PR"
524451;2023-05-21;"domingo";"12:10:00";"SC";101;457;"SAO JOAO DO SUL";"Manobra de mudança de faixa";"Colisão lateral mesmo sentido";"Com Vítimas Feridas";"Pleno dia";"Decrescente";"Céu Claro";"Múltipla";"Reta";"Não";3;0;1;0;2;0;1;2;-29,2321129;-49,7583037;"SPRF-SC";"DEL02-SC";"UOP02-DEL02-SC"
524452;2023-05-21;"domingo";"12:20:00";"PB";230;41;"SANTA RITA";"Condutor Dormindo";"Saída de leito carroçável";"Sem Vítimas";"Pleno dia";"Decrescente";"Céu Claro";"Dupla";"Declive;Reta";"Não";1;0;0;0;1;0;0;1;-7,1432;-34,9869;"SPRF-PB";"DEL01-PB";"UOP03-DEL01-PB"
524457;2023-05-21;"domingo";"12:10:00";"SC";101;387;"CRICIUMA";"Avarias e/ou desgaste excessivo no pneu";"Colisão com objeto";"Com Vítimas Feridas";"Pleno dia";"Decrescente";"Nublado";"Dupla";"Reta";"Não";2;0;2;0;0;0;2;1;-28,78085074;-49,32874013;"SPRF-SC";"DEL02-SC";"UOP02-DEL02-SC"
524459;2023-05-01;"segunda-feira";"10:45:00";"PE";423;60,3;"LAJEDO";"Manobra de mudança de faixa";"Colisão frontal";"Com Vítimas Feridas";"Pleno dia";"Decrescente";"Céu Claro";"Simples";"Curva;Interseção de Vias";"Não";2;0;1;0;0;1;1;2;-8,65645242;-36,32303238;"SPRF-PE";"DEL03-PE";"UOP01-DEL03-PE"
524460;2023-05-21;"domingo";"14:35:00";"PI";407;532;"JACOBINA DO PIAUI";"Frear bruscamente";"Queda de ocupante de veículo";"Com Vítimas Feridas";"Pleno dia";"Crescente";"Sol";"Simples";"Reta";"Não";2;0;0;2;0;0;2;1;-7,77551204;-41,22276424;"SPRF-PI";"DEL04-PI";"UOP01-DEL04-PI"
524461;2023-04-03;"segunda-feira";"07:20:00";"RS";392;83;"PELOTAS";"Manobra de mudança de faixa";"Colisão frontal";"Com Vítimas Feridas";"Pleno dia";"Decrescente";"Céu Claro";"Simples";"Aclive";"Não";3;0;2;1;0;0;3;2;-31,65313133;-52,47118546;"SPRF-RS";"DEL07-RS";"UOP01-DEL07-RS"
524464;2023-05-21;"domingo";"14:50:00";"SC";101;70,8;"ARAQUARI";"Avarias e/ou desgaste excessivo no pneu";"Queda de ocupante de veículo";"Com Vítimas Feridas";"Pleno dia";"Crescente";"Sol";"Múltipla";"Reta";"Sim";2;0;0;2;0;0;2;1;-26,51082007;-48,72345612;"SPRF-SC";"DEL03-SC";"UOP02-DEL03-SC"
524465;2023-05-21;"domingo";"09:30:00";"RJ";116;291;"BARRA MANSA";"Reação tardia ou ineficiente do condutor";"Queda de ocupante de veículo";"Com Vítimas Feridas";"Pleno dia";"Crescente";"Céu Claro";"Dupla";"Reta";"Não";1;0;0;1;0;0;1;1;-22,47234102;-44,27715902;"SPRF-RJ";"DEL07-RJ";"UOP02-DEL07-RJ"
524467;2023-05-21;"domingo";"15:05:00";"MG";459;8,3;"CALDAS";"Velocidade Incompatível";"Tombamento";"Com Vítimas Feridas";"Pleno dia";"Crescente";"Céu Claro";"Simples";"Curva;Declive";"Não";1;0;0;1;0;0;1;1;-21,81475157;-46,46929264;"SPRF-MG";"DEL09-MG";"UOP01-DEL09-MG"
524471;2023-05-21;"domingo";"15:50:00";"MG";146;409,9;"GUAXUPE";"Velocidade Incompatível";"Saída de leito carroçável";"Com Vítimas Feridas";"Pleno dia";"Crescente";"Céu Claro";"Simples";"Declive;Reta";"Não";2;0;2;0;0;0;2;1;-21,3108338;-46,6094568;"SPRF-MG";"DEL09-MG";"UOP01-DEL09-MG"
524474;2023-05-21;"domingo";"14:20:00";"MG";381;599,9;"CARMOPOLIS DE MINAS";"Reação tardia ou ineficiente do condutor";"Tombamento";"Com Vítimas Feridas";"Pleno dia";"Decrescente";"Céu Claro";"Dupla";"Curva;Declive";"Não";1;0;1;0;0;0;1;1;-20,61546798;-44,73611382;"SPRF-MG";"DEL04-MG";"UOP01-DEL04-MG"
524478;2023-05-21;"domingo";"16:30:00";"SP";116;205;"ARUJA";"Trafegar com motocicleta (ou similar) entre as faixas";"Colisão traseira";"Com Vítimas Feridas";"Pleno dia";"Crescente";"Céu Claro";"Múltipla";"Reta";"Sim";4;0;2;0;2;0;2;3;-23,41475243;-46,36600788;"SPRF-SP";"DEL01-SP";"UOP01-DEL01-SP"
524479;2023-05-21;"domingo";"15:15:00";"PR";277;285,5;"PRUDENTOPOLIS";"Transitar na contramão";"Colisão frontal";"Com Vítimas Feridas";"Pleno dia";"Crescente";"Céu Claro";"Simples";"Reta";"Não";2;0;2;0;0;0;2;2;-25,321511;-50,967701;"SPRF-PR";"DEL08-PR";"UOP02-DEL08-PR"
524480;2023-05-21;"domingo";"15:20:00";"RJ";40;117;"DUQUE DE CAXIAS";"Velocidade Incompatível";"Colisão traseira";"Com Vítimas Feridas";"Pleno dia";"Crescente";"Sol";"Dupla";"Reta";"Sim";2;0;1;0;1;0;1;2;-22,745676;-43,2881;"SPRF-RJ";"DEL01-RJ";"UOP01-DEL01-RJ"
524481;2023-05-21;"domingo";"15:40:00";"PE";101;90,3;"JABOATAO DOS GUARARAPES";"Reação tardia ou ineficiente do condutor";"Saída de leito carroçável";"Com Vítimas Feridas";"Pleno dia";"Decrescente";"Sol";"Dupla";"Curva";"Não";2;0;2;0;0;0;2;1;-8,216097;-34,987662;"SPRF-PE";"DEL01-PE";"UOP01-DEL01-PE"
524482;2023-05-21;"domingo";"16:20:00";"PR";467;108,7;"CASCAVEL";"Acessar a via sem observar a presença dos outros veículos";"Colisão transversal";"Com Vítimas Feridas";"Pleno dia";"Crescente";"Céu Claro";"Dupla";"Curva;Retorno Regulamentado";"Não";2;0;0;1;1;0;1;2;-24,9237;-53,4676;"SPRF-PR";"DEL04-PR";"UOP01-DEL04-PR"
524483;2023-05-21;"domingo";"15:50:00";"SP";116;347;"MIRACATU";"Velocidade Incompatível";"Tombamento";"Com Vítimas Feridas";"Pleno dia";"Crescente";"Céu Claro";"Dupla";"Curva;Ponte;Declive";"Não";1;0;1;0;0;0;1;1;-24,04699491;-47,19706111;"SPRF-SP";"DEL04-SP";"UOP03-DEL04-SP"
524484;2023-05-21;"domingo";"16:05:00";"MG";459;94,9;"POUSO ALEGRE";"Ausência de reação do condutor";"Colisão traseira";"Com Vítimas Feridas";"Pleno dia";"Crescente";"Céu Claro";"Simples";"Aclive;Curva";"Não";2;0;0;1;1;0;1;2;-22,199681;-45,968485;"SPRF-MG";"DEL09-MG";"UOP01-DEL09-MG"
524485;2023-05-21;"domingo";"16:45:00";"GO";70;1;"AGUAS LINDAS DE GOIAS";"Ausência de reação do condutor";"Saída de leito carroçável";"Com Vítimas Feridas";"Pleno dia";"Crescente";"Céu Claro";"Dupla";"Curva;Declive";"Não";2;0;1;0;1;0;1;1;-15,77579351;-48,23259001;"SPRF-DF";"DEL03-DF";"UOP02-DEL03-DF"
524487;2023-05-21;"domingo";"16:35:00";"GO";153;443,4;"ANAPOLIS";"Ingestão de álcool e/ou substâncias psicoativas pelo pedestre";"Saída de leito carroçável";"Com Vítimas Feridas";"Pleno dia";"Decrescente";"Céu Claro";"Dupla";"Reta;Declive";"Sim";1;0;0;1;0;0;1;1;-16,334681;-48,922447;"SPRF-GO";"DEL02-GO";"UOP01-DEL02-GO"
524490;2023-05-21;"domingo";"14:55:00";"RJ";40;110;"DUQUE DE CAXIAS";"Trafegar com motocicleta (ou similar) entre as faixas";"Colisão lateral mesmo sentido";"Com Vítimas Feridas";"Pleno dia";"Crescente";"Céu Claro";"Dupla";"Reta";"Sim";3;0;2;0;0;1;2;2;-22,68289906;-43,28549346;"SPRF-RJ";"DEL01-RJ";"UOP01-DEL01-RJ"
524491;2023-05-21;"domingo";"16:30:00";"RJ";40;117;"DUQUE DE CAXIAS";"Reação tardia ou ineficiente do condutor";"Colisão traseira";"Com Vítimas Feridas";"Pleno dia";"Decrescente";"Céu Claro";"Múltipla";"Reta";"Não";3;0;2;0;1;0;2;2;-22,745676;-43,2881;"SPRF-RJ";"DEL01-RJ";"UOP01-DEL01-RJ"
524492;2023-05-21;"domingo";"17:45:00";"SC";101;206;"SAO JOSE";"Condutor deixou de manter distância do veículo da frente";"Colisão lateral mesmo sentido";"Com Vítimas Feridas";"Plena Noite";"Decrescente";"Céu Claro";"Múltipla";"Reta";"Sim";4;0;2;0;2;0;2;3;-27,59193546;-48,61824557;"SPRF-SC";"DEL01-SC";"UOP01-DEL01-SC"
524493;2023-05-21;"domingo";"17:00:00";"SC";101;450,3;"SAO JOAO DO SUL";"Acessar a via sem observar a presença dos outros veículos";"Colisão lateral mesmo sentido";"Com Vítimas Feridas";"Anoitecer";"Decrescente";"Céu Claro";"Dupla";"Interseção de Vias;Curva";"Não";6;0;0;2;4;0;2;2;-29,17229091;-49,74904711;"SPRF-SC";"DEL02-SC";"UOP02-DEL02-SC"
524494;2023-05-21;"domingo";"16:54:00";"GO";414;436,9;"ANAPOLIS";"Acessar a via sem observar a presença dos outros veículos";"Colisão lateral mesmo sentido";"Com Vítimas Feridas";"Pleno dia";"Decrescente";"Céu Claro";"Simples";"Reta";"Sim";2;0;1;0;1;0;1;2;-16,253869;-48,935852;"SPRF-GO";"DEL02-GO";"UOP01-DEL02-GO"
524496;2023-05-21;"domingo";"17:40:00";"SP";116;284;"ITAPECERICA DA SERRA";"Manobra de mudança de faixa";"Colisão frontal";"Com Vítimas Feridas";"Plena Noite";"Decrescente";"Céu Claro";"Dupla";"Reta";"Não";3;0;1;0;2;0;1;3;-23,69998;-46,867767;"SPRF-SP";"DEL04-SP";"UOP01-DEL04-SP"
524497;2023-05-21;"domingo";"18:05:00";"SE";101;92,1;"NOSSA SENHORA DO SOCORRO";"Animais na Pista";"Atropelamento de Animal";"Com Vítimas Feridas";"Anoitecer";"Decrescente";"Nublado";"Dupla";"Reta";"Não";1;0;1;0;0;0;1;1;-10,90169474;-37,13619222;"SPRF-SE";"DEL01-SE";"UOP01-DEL01-SE"
524498;2023-03-13;"segunda-feira";"16:35:00";"SC";470;140;"RIO DO SUL";"Desrespeitar a preferência no cruzamento";"Colisão transversal";"Com Vítimas Feridas";"Pleno dia";"Decrescente";"Céu Claro";"Simples";"Reta";"Sim";3;0;0;1;1;1;1;3;-27,222485;-49,662827;"SPRF-SC";"DEL04-SC";"UOP02-DEL04-SC"
524499;2023-01-24;"terça-feira";"17:20:00";"PB";230;25;"JOAO PESSOA";"Reação tardia ou ineficiente do condutor";"Colisão lateral mesmo sentido";"Sem Vítimas";"Anoitecer";"Decrescente";"Céu Claro";"Simples";"Reta";"Sim";6;0;0;0;6;0;0;2;-7,16950718;-34,87847458;"SPRF-PB";"DEL01-PB";"UOP01-DEL01-PB"
524500;2023-05-21;"domingo";"18:10:00";"SE";235;112;"CARIRA";"Manobra de mudança de faixa";"Colisão frontal";"Com Vítimas Feridas";"Anoitecer";"Crescente";"Nublado";"Simples";"Reta";"Não";4;0;2;0;0;2;2;2;-10,33242;-37,724377;"SPRF-SE";"DEL01-SE";"UOP02-DEL01-SE"
524501;2023-05-21;"domingo";"17:30:00";"BA";116;4,1;"VITORIA DA CONQUISTA";"Ingestão de álcool pelo condutor";"Colisão traseira";"Sem Vítimas";"Anoitecer";"Crescente";"Céu Claro";"Simples";"Reta";"Não";1;0;0;0;0;1;0;1;-14,851;-40,8485;"SPRF-BA";"DEL08-BA";"UOP01-DEL08-BA"
524503;2023-05-21;"domingo";"18:25:00";"BA";116;461;"SANTO ESTEVAO";"Pedestre cruzava a pista fora da faixa";"Atropelamento de Pedestre";"Com Vítimas Feridas";"Plena Noite";"Crescente";"Chuva";"Dupla";"Reta";"Sim";2;0;0;1;0;1;1;2;-12,43062602;-39,21411599;"SPRF-BA";"DEL02-BA";"UOP01-DEL02-BA"
524504;2023-05-21;"domingo";"15:30:00";"RJ";465;3;"SEROPEDICA";"Acessar a via sem observar a presença dos outros veículos";"Colisão lateral mesmo sentido";"Sem Vítimas";"Pleno dia";"Crescente";"Céu Claro";"Simples";"Reta";"Sim";6;0;0;0;6;0;0;2;-22,73427;-43,711994;"SPRF-RJ";"DEL01-RJ";"UOP03-DEL01-RJ"
524505;2023-05-21;"domingo";"18:25:00";"RS";472;572;"URUGUAIANA";"Conversão proibida";"Colisão transversal";"Com Vítimas Feridas";"Plena Noite";"Crescente";"Nublado";"Simples";"Reta";"Não";4;0;2;0;2;0;2;2;-29,76678021;-57,02449322;"SPRF-RS";"DEL13-RS";"UOP01-DEL13-RS"
524506;2023-05-21;"domingo";"15:50:00";"MA";316;569;"CAXIAS";"Manobra de mudança de faixa";"Colisão transversal";"Com Vítimas Feridas";"Pleno dia";"Crescente";"Céu Claro";"Simples";"Reta";"Não";4;0;1;3;0;0;4;2;-4,917819;-43,208576;"SPRF-MA";"DEL03-MA";"UOP02-DEL03-MA"
524509;2023-05-21;"domingo";"18:30:00";"RS";386;435;"NOVA SANTA RITA";"Acessar a via sem observar a presença dos outros veículos";"Colisão transversal";"Com Vítimas Feridas";"Plena Noite";"Crescente";"Céu Claro";"Dupla";"Rotatória";"Não";4;0;1;0;3;0;1;2;-29,846369;-51,275738;"SPRF-RS";"DEL01-RS";"UOP01-DEL01-RS"
524510;2023-05-21;"domingo";"18:30:00";"RN";304;306,4;"PARNAMIRIM";"Ingestão de álcool pelo condutor";"Tombamento";"Com Vítimas Feridas";"Plena Noite";"Crescente";"Céu Claro";"Dupla";"Reta";"Sim";1;0;0;1;0;0;1;1;-5,89012265;-35,26352022;"SPRF-RN";"DEL01-RN";"UOP02-DEL01-RN"
524512;2023-05-21;"domingo";"18:35:00";"SC";101;117;"ITAJAI";"Acessar a via sem observar a presença dos outros veículos";"Colisão transversal";"Com Vítimas Feridas";"Plena Noite";"Decrescente";"Céu Claro";"Simples";"Viaduto;Rotatória;Interseção de Vias";"Não";5;0;1;1;3;0;2;2;-26,88747187;-48,72252969;"SPRF-SC";"DEL04-SC";"UOP04-DEL04-SC"
524513;2023-05-21;"domingo";"16:10:00";"RJ";116;284;"BARRA MANSA";"Condutor deixou de manter distância do veículo da frente";"Colisão traseira";"Com Vítimas Feridas";"Pleno dia";"Decrescente";"Céu Claro";"Dupla";"Aclive;Reta";"Sim";2;0;0;1;1;0;1;2;-22,51174295;-44,21705393;"SPRF-RJ";"DEL07-RJ";"UOP02-DEL07-RJ"
524514;2023-05-21;"domingo";"18:30:00";"PR";277;9;"PARANAGUA";"Demais falhas mecânicas ou elétricas";"Queda de ocupante de veículo";"Com Vítimas Feridas";"Plena Noite";"Crescente";"Céu Claro";"Dupla";"Curva";"Não";2;0;0;2;0;0;2;1;-25,568198;-48,615292;"SPRF-PR";"DEL01-PR";"UOP05-DEL01-PR"
524516;2023-05-21;"domingo";"19:25:00";"MG";381;511,8;"IGARAPE";"Pedestre andava na pista";"Atropelamento de Pedestre";"Com Vítimas Feridas";"Plena Noite";"Crescente";"Céu Claro";"Dupla";"Reta";"Sim";2;0;0;1;1;0;1;2;-20,09239724;-44,31458341;"SPRF-MG";"DEL04-MG";"UOP03-DEL04-MG"
524518;2023-05-21;"domingo";"19:45:00";"SE";101;134;"ESTANCIA";"Ingestão de álcool pelo condutor";"Colisão com objeto";"Com Vítimas Feridas";"Plena Noite";"Crescente";"Nublado";"Dupla";"Reta;Retorno Regulamentado";"Não";1;0;1;0;0;0;1;1;-11,13170991;-37,38272523;"SPRF-SE";"DEL02-SE";"UOP01-DEL02-SE"
524519;2023-05-21;"domingo";"19:30:00";"SC";101;206,1;"SAO JOSE";"Reação tardia ou ineficiente do condutor";"Atropelamento de Pedestre";"Com Vítimas Feridas";"Pleno dia";"Decrescente";"Céu Claro";"Simples";"Reta;Interseção de Vias";"Sim";2;0;1;0;1;0;1;2;-27,59193546;-48,61824557;"SPRF-SC";"DEL01-SC";"UOP01-DEL01-SC"
524521;2023-05-21;"domingo";"18:20:00";"SC";470;73,1;"INDAIAL";"Retorno proibido";"Colisão transversal";"Com Vítimas Feridas";"Plena Noite";"Crescente";"Céu Claro";"Simples";"Reta;Em Obras";"Sim";4;0;3;0;1;0;3;2;-26,91100815;-49,2770738;"SPRF-SC";"DEL04-SC";"UOP01-DEL04-SC"
524522;2023-05-21;"domingo";"19:30:00";"MG";381;490,9;"BETIM";"Velocidade Incompatível";"Colisão lateral mesmo sentido";"Com Vítimas Feridas";"Pleno dia";"Decrescente";"Céu Claro";"Múltipla";"Reta";"Sim";5;0;3;0;2;0;3;2;-19,9581073;-44,1505395;"SPRF-MG";"DEL01-MG";"UOP03-DEL01-MG"
524523;2023-05-21;"domingo";"19:45:00";"BA";367;84;"EUNAPOLIS";"Acessar a via sem observar a presença dos outros veículos";"Colisão transversal";"Com Vítimas Feridas";"Plena Noite";"Crescente";"Céu Claro";"Simples";"Reta";"Sim";2;0;2;0;0;0;2;2;-16,37465;-39,579426;"SPRF-BA";"DEL09-BA";"UOP03-DEL09-BA"
524525;2023-05-21;"domingo";"18:50:00";"MG";381;307;"ANTONIO DIAS";"Reação tardia ou ineficiente do condutor";"Colisão com objeto";"Com Vítimas Feridas";"Plena Noite";"Decrescente";"Céu Claro";"Simples";"Reta;Desvio Temporário";"Não";5;0;2;0;3;0;2;1;-19,6517757;-42,9472291;"SPRF-MG";"DEL03-MG";"UOP02-DEL03-MG"
524526;2023-05-21;"domingo";"15:30:00";"BA";430;401;"IGAPORA";"Transitar na contramão";"Colisão frontal";"Com Vítimas Feridas";"Pleno dia";"Crescente";"Céu Claro";"Simples";"Curva";"Não";2;0;2;0;0;0;2;2;-13,8582;-42,6459;"SPRF-BA";"DEL08-BA";"UOP04-DEL08-BA"
524528;2023-05-21;"domingo";"18:40:00";"RJ";493;50;"DUQUE DE CAXIAS";"Animais na Pista";"Atropelamento de Animal";"Com Vítimas Feridas";"Pleno dia";"Crescente";"Céu Claro";"Múltipla";"Reta";"Sim";7;0;6;0;1;0;6;2;-22,672089;-43,285053;"SPRF-RJ";"DEL01-RJ";"UOP01-DEL01-RJ"
524529;2023-05-21;"domingo";"19:30:00";"RJ";493;54;"DUQUE DE CAXIAS";"Reação tardia ou ineficiente do condutor";"Colisão com objeto";"Com Vítimas Feridas";"Plena Noite";"Crescente";"Céu Claro";"Dupla";"Reta";"Não";1;0;0;1;0;0;1;1;-22,672089;-43,285053;"SPRF-RJ";"DEL01-RJ";"UOP01-DEL01-RJ"
524530;2023-05-21;"domingo";"19:45:00";"PE";407;126;"PETROLINA";"Acessar a via sem observar a presença dos outros veículos";"Colisão transversal";"Com Vítimas Feridas";"Plena Noite";"Decrescente";"Céu Claro";"Simples";"Interseção de Vias";"Sim";3;0;2;0;1;0;2;2;-9,38491309;-40,52809509;"SPRF-PE";"DEL06-PE";"UOP01-DEL06-PE"
524531;2023-05-21;"domingo";"19:27:00";"DF";251;6;"BRASILIA";"Ingestão de álcool pelo condutor";"Colisão traseira";"Com Vítimas Feridas";"Plena Noite";"Crescente";"Céu Claro";"Simples";"Reta";"Não";5;0;0;1;4;0;1;2;-16,007332;-47,552052;"SPRF-DF";"DEL01-DF";"UOP01-DEL01-DF"
524532;2023-05-21;"domingo";"19:40:00";"RJ";101;407;"ITAGUAI";"Transitar na contramão";"Colisão frontal";"Com Vítimas Feridas";"Plena Noite";"Decrescente";"Céu Claro";"Dupla";"Reta";"Não";2;0;1;0;1;0;1;2;-22,87672058;-43,81631971;"SPRF-RJ";"DEL03-RJ";"UOP01-DEL03-RJ"
524534;2023-05-21;"domingo";"19:10:00";"SC";282;578;"PINHALZINHO";"Ingestão de álcool pelo condutor";"Colisão frontal";"Com Vítimas Feridas";"Plena Noite";"Crescente";"Nublado";"Simples";"Reta";"Sim";2;0;1;0;1;0;1;2;-26,838364;-52,985279;"SPRF-SC";"DEL07-SC";"UOP02-DEL07-SC"
524535;2023-05-21;"domingo";"19:05:00";"PB";230;157,7;"CAMPINA GRANDE";"Acessar a via sem observar a presença dos outros veículos";"Colisão transversal";"Com Vítimas Feridas";"Plena Noite";"Decrescente";"Céu Claro";"Simples";"Reta";"Sim";3;0;0;2;1;0;2;2;-7,264;-35,9199;"SPRF-PB";"DEL02-PB";"UOP01-DEL02-PB"