"id";"data_inversa";"dia_semana";"horario";"uf";"br";"km";"municipio";"causa_acidente";"tipo_acidente";"classificacao_acidente";"fase_dia";"sentido_via";"condicao_metereologica";"tipo_pista";"tracado_via";"uso_solo";"pessoas";"mortos";"feridos_leves";"feridos_graves";"ilesos";"ignorados";"feridos";"veiculos";"latitude";"longitude";"regional";"delegacia";"uop"
524536;2023-05-21;"domingo";"19:15:00";"RS";285;207,1;"LAGOA VERMELHA";"Ingestão de álcool pelo condutor";"Saída de leito carroçável";"Com Vítimas Feridas";"Plena Noite";"Decrescente";"Nublado";"Simples";"Reta";"Não";5;0;3;2;0;0;5;1;-28,22011;-51,588711;"SPRF-RS";"DEL08-RS";"UOP05-DEL08-RS"
524537;2023-05-21;"domingo";"20:45:00";"PE";232;8,4;"RECIFE";"Reação tardia ou ineficiente do condutor";"Colisão traseira";"Com Vítimas Feridas";"Plena Noite";"Crescente";"Chuva";"Múltipla";"Reta";"Não";3;0;1;1;1;0;2;3;-8,076794;-34,973813;"SPRF-PE";"DEL01-PE";"UOP01-DEL01-PE"
524538;2023-05-21;"domingo";"17:50:00";"MT";163;754;"SORRISO";"Acessar a via sem observar a presença dos outros veículos";"Colisão lateral mesmo sentido";"Com Vítimas Feridas";"Plena Noite";"Crescente";"Céu Claro";"Dupla";"Interseção de Vias;Reta";"Sim";2;0;1;0;1;0;1;2;-12,54321866;-55,70830291;"SPRF-MT";"DEL06-MT";"UOP01-DEL06-MT"
524539;2023-05-21;"domingo";"19:32:00";"PA";163;625;"TRAIRAO";"Área urbana sem a presença de local apropriado para a travessia de pedestres";"Atropelamento de Pedestre";"Com Vítimas Feridas";"Plena Noite";"Decrescente";"Nublado";"Simples";"Reta";"Sim";3;0;1;0;1;1;1;2;-4,7024556;-55,9969688;"SPRF-PA";"DEL05-PA";"UOP02-DEL05-PA"
524540;2023-05-21;"domingo";"19:15:00";"PR";373;261;"PRUDENTOPOLIS";"Transitar na contramão";"Colisão lateral sentido oposto";"Sem Vítimas";"Plena Noite";"Decrescente";"Céu Claro";"Simples";"Reta";"Não";2;0;0;0;1;1;0;2;-25,2015014;-50,95333903;"SPRF-PR";"DEL08-PR";"UOP01-DEL08-PR"
524541;2023-05-21;"domingo";"20:00:00";"BA";324;530;"FEIRA DE SANTANA";"Ausência de reação do condutor";"Tombamento";"Sem Vítimas";"Plena Noite";"Decrescente";"Céu Claro";"Dupla";"Curva";"Sim";1;0;0;0;1;0;0;1;-12,32818491;-38,86174193;"SPRF-BA";"DEL01-BA";"UOP03-DEL01-BA"
524542;2023-05-21;"domingo";"18:45:00";"SC";116;220,4;"CORREIA PINTO";"Ingestão de álcool pelo condutor";"Colisão frontal";"Sem Vítimas";"Plena Noite";"Decrescente";"Nublado";"Simples";"Reta;Declive";"Sim";2;0;0;0;2;0;0;2;-27,58942141;-50,36318421;"SPRF-SC";"DEL05-SC";"UOP03-DEL05-SC"
524543;2023-05-21;"domingo";"09:35:00";"MG";365;784;"ITUIUTABA";"Animais na Pista";"Atropelamento de Animal";"Com Vítimas Feridas";"Pleno dia";"Decrescente";"Céu Claro";"Simples";"Reta";"Não";1;0;1;0;0;0;1;1;-18,95000435;-49,76055718;"SPRF-MG";"DEL15-MG";"UOP03-DEL15-MG"
524544;2023-05-21;"domingo";"18:00:00";"RS";287;437;"UNISTALDA";"Iluminação deficiente";"Colisão traseira";"Com Vítimas Feridas";"Anoitecer";"Decrescente";"Garoa/Chuvisco";"Simples";"Reta";"Não";2;0;1;0;1;0;1;2;-29,04733767;-55,179328;"SPRF-RS";"DEL12-RS";"UOP02-DEL12-RS"
524546;2023-05-21;"domingo";"16:40:00";"MG";146;458;"BOTELHOS";"Demais falhas mecânicas ou elétricas";"Tombamento";"Com Vítimas Feridas";"Pleno dia";"Crescente";"Céu Claro";"Simples";"Aclive;Reta";"Não";2;0;2;0;0;0;2;1;-21,6181384;-46,4103105;"SPRF-MG";"DEL09-MG";"UOP01-DEL09-MG"
524547;2023-05-21;"domingo";"18:42:00";"PR";158;400,7;"LARANJEIRAS DO SUL";"Velocidade Incompatível";"Saída de leito carroçável";"Com Vítimas Feridas";"Anoitecer";"Decrescente";"Chuva";"Simples";"Curva";"Não";3;0;0;2;1;0;2;1;-25,31480595;-52,33230852;"SPRF-PR";"DEL04-PR";"UOP02-DEL04-PR"
524548;2023-05-21;"domingo";"21:40:00";"MG";116;803,4;"ALEM PARAIBA";"Transitar na contramão";"Colisão frontal";"Com Vítimas Feridas";"Plena Noite";"Crescente";"Céu Claro";"Simples";"Curva";"Não";2;0;1;1;0;0;2;2;-21,7856639;-42,72039984;"SPRF-MG";"DEL07-MG";"UOP01-DEL07-MG"
524549;2023-05-21;"domingo";"20:30:00";"BA";324;530;"FEIRA DE SANTANA";"Ausência de reação do condutor";"Saída de leito carroçável";"Sem Vítimas";"Plena Noite";"Decrescente";"Céu Claro";"Dupla";"Curva";"Sim";1;0;0;0;1;0;0;1;-12,32818491;-38,86174193;"SPRF-BA";"DEL01-BA";"UOP03-DEL01-BA"
524550;2023-05-21;"domingo";"21:25:00";"PE";232;409;"SERRA TALHADA";"Acessar a via sem observar a presença dos outros veículos";"Colisão lateral mesmo sentido";"Com Vítimas Feridas";"Plena Noite";"Decrescente";"Nublado";"Simples";"Reta";"Não";3;0;3;0;0;0;3;2;-7,98261841;-38,30039606;"SPRF-PE";"DEL04-PE";"UOP01-DEL04-PE"
524551;2023-05-21;"domingo";"20:39:00";"TO";153;751;"ALVORADA";"Reação tardia ou ineficiente do condutor";"Queda de ocupante de veículo";"Com Vítimas Feridas";"Plena Noite";"Decrescente";"Céu Claro";"Simples";"Reta";"Não";1;0;0;1;0;0;1;1;-12,39220489;-49,13296276;"SPRF-TO";"DEL01-TO";"UOP02-DEL01-TO"
524552;2023-05-21;"domingo";"19:15:00";"RJ";116;231;"PIRAI";"Curva acentuada";"Tombamento";"Com Vítimas Feridas";"Plena Noite";"Decrescente";"Céu Claro";"Simples";"Curva;Declive";"Não";2;0;1;1;0;0;2;1;-22,65223367;-43,82992389;"SPRF-RJ";"DEL07-RJ";"UOP01-DEL07-RJ"
524553;2023-05-21;"domingo";"22:15:00";"SP";116;148;"SAO JOSE DOS CAMPOS";"Ausência de reação do condutor";"Colisão com objeto";"Com Vítimas Feridas";"Plena Noite";"Decrescente";"Céu Claro";"Dupla";"Reta";"Não";3;0;1;1;1;0;2;1;-23,20067421;-45,8795018;"SPRF-SP";"DEL02-SP";"UOP01-DEL02-SP"
524555;2023-05-21;"domingo";"14:40:00";"RS";392;18;"RIO GRANDE";"Demais falhas mecânicas ou elétricas";"Saída de leito carroçável";"Com Vítimas Feridas";"Pleno dia";"Decrescente";"Céu Claro";"Dupla";"Reta";"Sim";2;0;1;0;1;0;1;1;-32,09017991;-52,17651198;"SPRF-RS";"DEL07-RS";"UOP02-DEL07-RS"
524556;2023-05-21;"domingo";"19:25:00";"RN";101;127;"SAO JOSE DE MIPIBU";"Ingestão de álcool pelo condutor";"Saída de leito carroçável";"Com Vítimas Feridas";"Plena Noite";"Crescente";"Céu Claro";"Dupla";"Reta";"Não";1;0;1;0;0;0;1;1;-6,09531301;-35,23432044;"SPRF-RN";"DEL01-RN";"UOP01-DEL01-RN"
524557;2023-05-21;"domingo";"22:10:00";"PR";277;97;"CURITIBA";"Ultrapassagem Indevida";"Colisão lateral sentido oposto";"Sem Vítimas";"Plena Noite";"Decrescente";"Céu Claro";"Simples";"Reta;Declive";"Sim";2;0;0;0;2;0;0;2;-25,43079828;-49,33793597;"SPRF-PR";"DEL01-PR";"UOP06-DEL01-PR"
524558;2023-05-21;"domingo";"22:28:00";"RJ";393;284,3;"VOLTA REDONDA";"Ausência de reação do condutor";"Engavetamento";"Sem Vítimas";"Plena Noite";"Decrescente";"Céu Claro";"Simples";"Reta";"Sim";3;0;0;0;3;0;0;3;-22,481726;-44,06308602;"SPRF-RJ";"DEL05-RJ";"UOP04-DEL05-RJ"
524559;2023-05-21;"domingo";"21:00:00";"ES";262;148;"IBATIBA";"Ingestão de álcool pelo condutor";"Saída de leito carroçável";"Com Vítimas Feridas";"Plena Noite";"Decrescente";"Chuva";"Simples";"Curva";"Não";1;0;1;0;0;0;1;1;-20,21477309;-41,42392501;"SPRF-ES";"DEL01-ES";"UOP02-DEL01-ES"
524560;2023-05-21;"domingo";"20:50:00";"ES";262;103;"VENDA NOVA DO IMIGRANTE";"Reação tardia ou ineficiente do condutor";"Colisão traseira";"Sem Vítimas";"Plena Noite";"Crescente";"Céu Claro";"Simples";"Reta";"Sim";2;0;0;0;2;0;0;2;-20,33657022;-41,12201819;"SPRF-ES";"DEL01-ES";"UOP02-DEL01-ES"
524561;2023-05-21;"domingo";"22:15:00";"PR";277;235;"FERNANDES PINHEIRO";"Ausência de reação do condutor";"Colisão com objeto";"Sem Vítimas";"Plena Noite";"Crescente";"Céu Claro";"Dupla";"Rotatória";"Não";1;0;0;0;0;1;0;1;-25,46449833;-50,5749833;"SPRF-PR";"DEL08-PR";"UOP02-DEL08-PR"
524562;2023-05-21;"domingo";"21:45:00";"MG";116;553,9;"SANTA BARBARA DO LESTE";"Ausência de reação do condutor";"Saída de leito carroçável";"Com Vítimas Feridas";"Plena Noite";"Decrescente";"Céu Claro";"Simples";"Curva";"Não";1;0;1;0;0;0;1;1;-19,99361802;-42,14392077;"SPRF-MG";"DEL06-MG";"UOP02-DEL06-MG"
524563;2023-05-21;"domingo";"23:16:00";"SP";116;209;"GUARULHOS";"Ingestão de álcool pelo condutor";"Colisão com objeto";"Com Vítimas Feridas";"Plena Noite";"Crescente";"Nublado";"Dupla";"Reta;Aclive";"Não";3;0;1;0;2;0;1;1;-23,42511799;-46,40221101;"SPRF-SP";"DEL01-SP";"UOP01-DEL01-SP"
524564;2023-05-21;"domingo";"23:00:00";"SP";101;48;"UBATUBA";"Acessar a via sem observar a presença dos outros veículos";"Colisão transversal";"Com Vítimas Feridas";"Plena Noite";"Decrescente";"Céu Claro";"Simples";"Rotatória";"Sim";2;0;1;0;1;0;1;2;-23,43696329;-45,08768768;"SPRF-SP";"DEL06-SP";"UOP01-DEL06-SP"
524565;2023-05-21;"domingo";"22:00:00";"MA";230;1,2;"BARAO DE GRAJAU";"Ingestão de álcool pelo condutor";"Atropelamento de Pedestre";"Com Vítimas Feridas";"Plena Noite";"Crescente";"Ignorado";"Simples";"Reta";"Sim";3;0;2;1;0;0;3;2;-6,75491021;-43,01659198;"SPRF-PI";"DEL03-PI";"UOP01-DEL03-PI"
524567;2023-05-21;"domingo";"21:48:00";"GO";80;2;"PADRE BERNARDO";"Deficiência do Sistema de Iluminação/Sinalização";"Saída de leito carroçável";"Com Vítimas Feridas";"Plena Noite";"Crescente";"Céu Claro";"Simples";"Reta";"Não";6;0;1;0;5;0;1;2;-15,501912;-48,21484;"SPRF-DF";"DEL03-DF";"UOP02-DEL03-DF"
524568;2023-05-21;"domingo";"10:30:00";"PR";277;665;"MEDIANEIRA";"Chuva";"Saída de leito carroçável";"Sem Vítimas";"Pleno dia";"Decrescente";"Chuva";"Dupla";"Declive";"Não";1;0;0;0;1;0;0;1;-25,25599605;-54,03772597;"SPRF-PR";"DEL05-PR";"UOP02-DEL05-PR"
524569;2023-05-21;"domingo";"23:25:00";"MG";116;116;"ITAOBIM";"Mal súbito do condutor";"Queda de ocupante de veículo";"Com Vítimas Feridas";"Plena Noite";"Decrescente";"Céu Claro";"Simples";"Reta";"Sim";1;0;1;0;0;0;1;1;-16,565216;-41,504654;"SPRF-MG";"DEL11-MG";"UOP02-DEL11-MG"
524570;2023-05-21;"domingo";"22:50:00";"MA";135;20,7;"SAO LUIS";"Reação tardia ou ineficiente do condutor";"Saída de leito carroçável";"Com Vítimas Feridas";"Plena Noite";"Decrescente";"Céu Claro";"Dupla";"Reta";"Não";3;0;3;0;0;0;3;1;-2,73143875;-44,33163334;"SPRF-MA";"DEL01-MA";"UOP01-DEL01-MA"
524571;2023-05-21;"domingo";"20:40:00";"MG";116;504,9;"INHAPIM";"Transitar na contramão";"Colisão frontal";"Com Vítimas Feridas";"Plena Noite";"Decrescente";"Nublado";"Simples";"Reta";"Não";2;0;1;1;0;0;2;2;-19,594446;-42,11241304;"SPRF-MG";"DEL06-MG";"UOP02-DEL06-MG"
524573;2023-05-21;"domingo";"20:10:00";"MG";116;278;"TEOFILO OTONI";"Conversão proibida";"Colisão transversal";"Com Vítimas Feridas";"Plena Noite";"Decrescente";"Céu Claro";"Simples";"Curva";"Sim";4;0;1;1;2;0;2;2;-17,86846089;-41,5171394;"SPRF-MG";"DEL11-MG";"UOP01-DEL11-MG"
524574;2023-05-21;"domingo";"18:45:00";"RO";319;57;"PORTO VELHO";"Animais na Pista";"Atropelamento de Animal";"Com Vítimas Feridas";"Plena Noite";"Decrescente";"Céu Claro";"Simples";"Reta";"Sim";2;0;2;0;0;0;2;1;-8,739714;-63,93214024;"SPRF-RO";"DEL01-RO";"UOP01-DEL01-RO"
524575;2023-05-21;"domingo";"19:40:00";"MG";40;132,8;"JOAO PINHEIRO";"Transitar na contramão";"Colisão frontal";"Com Vítimas Feridas";"Plena Noite";"Decrescente";"Céu Claro";"Simples";"Curva";"Não";3;0;2;0;0;1;2;2;-17,71046924;-46,26721306;"SPRF-MG";"DEL14-MG";"UOP01-DEL14-MG"
524577;2023-05-21;"domingo";"20:00:00";"RO";435;126;"CEREJEIRAS";"Reação tardia ou ineficiente do condutor";"Queda de ocupante de veículo";"Com Vítimas Feridas";"Plena Noite";"Decrescente";"Céu Claro";"Simples";"Reta";"Não";1;0;0;1;0;0;1;1;-13,188992;-60,837076;"SPRF-RO";"DEL04-RO";"UOP02-DEL04-RO"
524578;2023-05-21;"domingo";"21:00:00";"MT";163;851;"SINOP";"Transitar na contramão";"Colisão frontal";"Com Vítimas Feridas";"Plena Noite";"Decrescente";"Céu Claro";"Simples";"Reta";"Não";4;0;2;0;0;2;2;3;-11,713574;-55,456845;"SPRF-MT";"DEL06-MT";"UOP02-DEL06-MT"
524579;2023-05-21;"domingo";"08:10:00";"PA";316;55,8;"CASTANHAL";"Velocidade Incompatível";"Saída de leito carroçável";"Com Vítimas Feridas";"Pleno dia";"Decrescente";"Céu Claro";"Dupla";"Curva;Declive";"Não";5;0;4;1;0;0;5;1;-1,30090979;-47,98471928;"SPRF-PA";"DEL01-PA";"UOP01-DEL01-PA"
524580;2023-05-21;"domingo";"23:20:00";"PR";376;203;"MANDAGUARI";"Condutor Dormindo";"Colisão com objeto";"Sem Vítimas";"Plena Noite";"Decrescente";"Céu Claro";"Dupla";"Curva";"Não";1;0;0;0;1;0;0;1;-23,51073;-51,717476;"SPRF-PR";"DEL09-PR";"UOP01-DEL09-PR"
524581;2023-05-21;"domingo";"23:00:00";"RN";304;46,3;"MOSSORO";"Ausência de reação do condutor";"Tombamento";"Sem Vítimas";"Plena Noite";"Crescente";"Céu Claro";"Dupla";"Reta";"Sim";1;0;0;0;0;1;0;1;-5,22579384;-37,340046;"SPRF-RN";"DEL04-RN";"UOP01-DEL04-RN"
524582;2023-05-22;"segunda-feira";"00:27:00";"RS";290;90;"PORTO ALEGRE";"Demais falhas mecânicas ou elétricas";"Incêndio";"Sem Vítimas";"Plena Noite";"Crescente";"Nevoeiro/Neblina";"Dupla";"Reta";"Sim";2;0;0;0;2;0;0;1;-29,968319;-51,157398;"SPRF-RS";"DEL01-RS";"UOP01-DEL01-RS"
524583;2023-05-22;"segunda-feira";"01:00:00";"TO";10;460;"PALMAS";"Ausência de reação do condutor";"Saída de leito carroçável";"Com Vítimas Fatais";"Plena Noite";"Decrescente";"Céu Claro";"Simples";"Curva";"Sim";1;1;0;0;0;0;0;1;-10,24252077;-48,31250852;"SPRF-TO";"DEL01-TO";"UOP03-DEL01-TO"
524584;2023-05-21;"domingo";"19:40:00";"MT";70;533;"VARZEA GRANDE";"Manobra de mudança de faixa";"Saída de leito carroçável";"Com Vítimas Fatais";"Plena Noite";"Decrescente";"Céu Claro";"Simples";"Declive";"Não";6;2;0;4;0;0;4;1;-15,668356;-56,239239;"SPRF-MT";"DEL01-MT";"UOP02-DEL01-MT"
524585;2023-05-21;"domingo";"23:37:00";"SP";116;49,9;"LORENA";"Ausência de reação do condutor";"Tombamento";"Com Vítimas Feridas";"Plena Noite";"Crescente";"Céu Claro";"Dupla";"Reta";"Não";3;0;1;1;1;0;2;2;-22,73051614;-45,0765859;"SPRF-SP";"DEL08-SP";"UOP02-DEL08-SP"
524588;2023-05-21;"domingo";"22:00:00";"AC";364;146;"RIO BRANCO";"Acumulo de areia ou detritos sobre o pavimento";"Saída de leito carroçável";"Com Vítimas Feridas";"Plena Noite";"Crescente";"Nublado";"Dupla";"Reta;Em Obras";"Não";3;0;0;3;0;0;3;1;-9,90251892;-67,89190668;"SPRF-AC";"DEL01-AC";"UOP01-DEL01-AC"
524590;2023-05-22;"segunda-feira";"04:15:00";"RS";116;0,4;"PORTO ALEGRE";"Ingestão de álcool pelo condutor";"Colisão lateral mesmo sentido";"Com Vítimas Feridas";"Plena Noite";"Decrescente";"Céu Claro";"Dupla";"Reta";"Sim";3;0;1;0;2;0;1;2;-29,97623803;-51,17834752;"SPRF-RS";"DEL01-RS";"UOP01-DEL01-RS"
524591;2023-05-22;"segunda-feira";"05:20:00";"ES";101;196,8;"JOAO NEIVA";"Manobra de mudança de faixa";"Saída de leito carroçável";"Com Vítimas Feridas";"Amanhecer";"Decrescente";"Nublado";"Simples";"Reta";"Não";1;0;0;1;0;0;1;1;-19,70366692;-40,33122605;"SPRF-ES";"DEL04-ES";"UOP01-DEL04-ES"
524592;2023-05-22;"segunda-feira";"05:50:00";"ES";101;263,9;"SERRA";"Ausência de reação do condutor";"Queda de ocupante de veículo";"Com Vítimas Feridas";"Pleno dia";"Crescente";"Nublado";"Múltipla";"Reta";"Sim";1;0;1;0;0;0;1;1;-20,17292791;-40,26736384;"SPRF-ES";"DEL02-ES";"UOP01-DEL02-ES"
524593;2023-05-22;"segunda-feira";"04:30:00";"MT";163;116,3;"RONDONOPOLIS";"Ausência de reação do condutor";"Colisão traseira";"Com Vítimas Feridas";"Plena Noite";"Decrescente";"Céu Claro";"Dupla";"Reta;Aclive";"Não";1;0;0;1;0;0;1;1;-16,519832;-54,658031;"SPRF-MT";"DEL02-MT";"UOP01-DEL02-MT"
524594;2023-05-22;"segunda-feira";"04:45:00";"RO";364;712;"PORTO VELHO";"Ausência de reação do condutor";"Colisão com objeto";"Com Vítimas Feridas";"Plena Noite";"Crescente";"Céu Claro";"Dupla";"Reta";"Sim";1;0;1;0;0;0;1;1;-8,7770354;-63,87316466;"SPRF-RO";"DEL01-RO";"UOP01-DEL01-RO"
524596;2023-05-22;"segunda-feira";"06:30:00";"SC";101;138;"BALNEARIO CAMBORIU";"Condutor deixou de manter distância do veículo da frente";"Colisão traseira";"Sem Vítimas";"Pleno dia";"Crescente";"Céu Claro";"Múltipla";"Reta";"Sim";2;0;0;0;2;0;0;2;-27,02397426;-48,60761649;"SPRF-SC";"DEL04-SC";"UOP03-DEL04-SC"
524597;2023-05-22;"segunda-feira";"06:40:00";"PB";101;97,7;"CONDE";"Pista Escorregadia";"Tombamento";"Com Vítimas Feridas";"Pleno dia";"Decrescente";"Nublado";"Dupla";"Reta;Aclive";"Sim";1;0;1;0;0;0;1;1;-7,23846306;-34,9268519;"SPRF-PB";"DEL01-PB";"UOP02-DEL01-PB"
524598;2023-05-22;"segunda-feira";"06:16:00";"RS";392;28;"RIO GRANDE";"Animais na Pista";"Atropelamento de Animal";"Com Vítimas Feridas";"Amanhecer";"Decrescente";"Céu Claro";"Dupla";"Reta";"Sim";3;0;1;0;2;0;1;1;-32,06592409;-52,26686814;"SPRF-RS";"DEL07-RS";"UOP02-DEL07-RS"
524599;2023-05-22;"segunda-feira";"06:50:00";"MG";116;796,6;"ALEM PARAIBA";"Condutor Dormindo";"Saída de leito carroçável";"Com Vítimas Feridas";"Pleno dia";"Crescente";"Céu Claro";"Simples";"Curva";"Não";1;0;1;0;0;0;1;1;-21,727808;-42,730125;"SPRF-MG";"DEL07-MG";"UOP01-DEL07-MG"
524601;2023-05-22;"segunda-feira";"06:00:00";"ES";259;9,5;"JOAO NEIVA";"Transitar na contramão";"Colisão frontal";"Com Vítimas Feridas";"Amanhecer";"Decrescente";"Nublado";"Simples";"Reta";"Não";2;0;0;1;1;0;1;2;-19,6703267;-40,4022371;"SPRF-ES";"DEL02-ES";"UOP01-DEL02-ES"
524603;2023-05-22;"segunda-feira";"05:30:00";"TO";153;153;"ARAGUAINA";"Animais na Pista";"Atropelamento de Animal";"Com Vítimas Feridas";"Amanhecer";"Decrescente";"Céu Claro";"Simples";"Curva;Aclive";"Não";2;0;1;0;1;0;1;2;-7,27288096;-48,2662611;"SPRF-TO";"DEL02-TO";"UOP01-DEL02-TO"
524604;2023-05-22;"segunda-feira";"07:00:00";"CE";116;8;"FORTALEZA";"Ausência de reação do condutor";"Colisão traseira";"Com Vítimas Feridas";"Pleno dia";"Decrescente";"Sol";"Múltipla";"Reta";"Sim";2;0;1;0;1;0;1;2;-3,8192799;-38,50268337;"SPRF-CE";"DEL01-CE";"UOP02-DEL01-CE"
524609;2023-04-20;"quinta-feira";"18:30:00";"PR";277;588;"CASCAVEL";"Reação tardia ou ineficiente do condutor";"Colisão frontal";"Com Vítimas Feridas";"Anoitecer";"Decrescente";"Céu Claro";"Simples";"Reta;Declive;Interseção de Vias";"Sim";2;0;0;1;1;0;1;2;-24,97369293;-53,43816604;"SPRF-PR";"DEL04-PR";"UOP01-DEL04-PR"
524610;2023-05-06;"sábado";"05:30:00";"GO";60;333;"ACREUNA";"Reação tardia ou ineficiente do condutor";"Colisão lateral mesmo sentido";"Com Vítimas Fatais";"Amanhecer";"Crescente";"Ignorado";"Dupla";"Declive;Reta";"Não";7;1;1;3;2;0;4;2;-17,5502;-50,5451;"SPRF-GO";"DEL04-GO";"UOP02-DEL04-GO"
524612;2023-05-20;"sábado";"00:50:00";"SC";116;107,8;"MONTE CASTELO";"Velocidade Incompatível";"Saída de leito carroçável";"Sem Vítimas";"Plena Noite";"Decrescente";"Nevoeiro/Neblina";"Simples";"Curva";"Não";1;0;0;0;1;0;0;1;-26,75568818;-50,32812388;"SPRF-SC";"DEL06-SC";"UOP02-DEL06-SC"
524614;2023-05-21;"domingo";"01:10:00";"BA";110;136;"CICERO DANTAS";"Reação tardia ou ineficiente do condutor";"Capotamento";"Com Vítimas Feridas";"Plena Noite";"Decrescente";"Chuva";"Simples";"Reta";"Não";1;0;1;0;0;0;1;1;-10,58317696;-38,37435277;"SPRF-BA";"DEL07-BA";"UOP02-DEL07-BA"
524615;2023-05-22;"segunda-feira";"08:01:00";"CE";116;2;"FORTALEZA";"Condutor deixou de manter distância do veículo da frente";"Engavetamento";"Com Vítimas Feridas";"Pleno dia";"Decrescente";"Céu Claro";"Dupla";"Reta";"Sim";3;0;1;0;2;0;1;3;-3,77019802;-38,51724508;"SPRF-CE";"DEL01-CE";"UOP02-DEL01-CE"
524616;2023-05-22;"segunda-feira";"06:15:00";"RS";285;554;"SAO LUIZ GONZAGA";"Reação tardia ou ineficiente do condutor";"Colisão traseira";"Com Vítimas Feridas";"Amanhecer";"Crescente";"Céu Claro";"Simples";"Reta";"Não";3;0;1;1;0;1;2;2;-28,41782452;-54,83810663;"SPRF-RS";"DEL10-RS";"UOP01-DEL10-RS"
524617;2023-05-22;"segunda-feira";"07:00:00";"RJ";101;386;"RIO DE JANEIRO";"Acessar a via sem observar a presença dos outros veículos";"Colisão traseira";"Com Vítimas Feridas";"Pleno dia";"Crescente";"Céu Claro";"Múltipla";"Reta";"Sim";3;0;2;0;1;0;2;2;-22,88295192;-43,64094302;"SPRF-RJ";"DEL03-RJ";"UOP01-DEL03-RJ"
524619;2023-05-22;"segunda-feira";"06:00:00";"MG";381;809,5;"SAO GONCALO DO SAPUCAI";"Velocidade Incompatível";"Colisão traseira";"Com Vítimas Feridas";"Amanhecer";"Decrescente";"Céu Claro";"Dupla";"Reta";"Não";2;0;1;0;1;0;1;2;-22,03746482;-45,68395808;"SPRF-MG";"DEL16-MG";"UOP02-DEL16-MG"
524620;2023-05-22;"segunda-feira";"07:55:00";"CE";116;17,3;"EUSEBIO";"Condutor deixou de manter distância do veículo da frente";"Colisão traseira";"Com Vítimas Feridas";"Pleno dia";"Decrescente";"Sol";"Dupla";"Reta";"Sim";2;0;0;1;1;0;1;2;-3,90741383;-38,50502014;"SPRF-CE";"DEL01-CE";"UOP02-DEL01-CE"
524621;2023-05-21;"domingo";"19:40:00";"SP";116;271;"TABOAO DA SERRA";"Avarias e/ou desgaste excessivo no pneu";"Queda de ocupante de veículo";"Com Vítimas Feridas";"Plena Noite";"Crescente";"Céu Claro";"Dupla";"Reta";"Não";1;0;1;0;0;0;1;1;-23,57144511;-46,77647248;"SPRF-SP";"DEL04-SP";"UOP01-DEL04-SP"
524622;2023-05-22;"segunda-feira";"07:30:00";"CE";222;4,1;"CAUCAIA";"Condutor deixou de manter distância do veículo da frente";"Colisão traseira";"Sem Vítimas";"Pleno dia";"Decrescente";"Céu Claro";"Múltipla";"Reta";"Sim";2;0;0;0;2;0;0;2;-3,74195;-38,6067;"SPRF-CE";"DEL01-CE";"UOP01-DEL01-CE"
524623;2023-05-22;"segunda-feira";"05:40:00";"MA";135;266,5;"CAPINZAL DO NORTE";"Transitar na contramão";"Colisão frontal";"Com Vítimas Feridas";"Amanhecer";"Crescente";"Céu Claro";"Simples";"Reta";"Não";3;0;0;1;1;1;1;2;-4,710835;-44,32959579;"SPRF-MA";"DEL03-MA";"UOP01-DEL03-MA"
524624;2023-05-22;"segunda-feira";"08:30:00";"TO";153;672;"GURUPI";"Ausência de reação do condutor";"Tombamento";"Com Vítimas Feridas";"Pleno dia";"Decrescente";"Céu Claro";"Dupla";"Reta";"Sim";2;0;1;1;0;0;2;1;-11,72948104;-49,07908783;"SPRF-TO";"DEL01-TO";"UOP02-DEL01-TO"
524626;2023-05-22;"segunda-feira";"06:30:00";"RS";471;164,5;"RIO PARDO";"Avarias e/ou desgaste excessivo no pneu";"Saída de leito carroçável";"Sem Vítimas";"Pleno dia";"Decrescente";"Chuva";"Simples";"Aclive;Reta";"Não";2;0;0;0;1;1;0;1;-29,939951;-52,385185;"SPRF-RS";"DEL02-RS";"UOP03-DEL02-RS"
524627;2023-05-22;"segunda-feira";"08:30:00";"BA";324;614;"SALVADOR";"Manobra de mudança de faixa";"Colisão lateral mesmo sentido";"Com Vítimas Feridas";"Pleno dia";"Crescente";"Céu Claro";"Dupla";"Reta";"Não";3;0;1;0;2;0;1;2;-12,8639793;-38,42370126;"SPRF-BA";"DEL01-BA";"UOP01-DEL01-BA"
524629;2023-05-07;"domingo";"05:00:00";"SC";101;96;"BARRA VELHA";"Ultrapassagem Indevida";"Tombamento";"Com Vítimas Feridas";"Plena Noite";"Crescente";"Céu Claro";"Dupla";"Reta";"Sim";1;0;0;1;0;0;1;1;-26,718427;-48,70233;"SPRF-SC";"DEL03-SC";"UOP02-DEL03-SC"
524630;2023-05-22;"segunda-feira";"07:48:00";"PE";407;126;"PETROLINA";"Ultrapassagem Indevida";"Colisão lateral mesmo sentido";"Com Vítimas Feridas";"Pleno dia";"Crescente";"Céu Claro";"Simples";"Reta";"Sim";2;0;1;0;1;0;1;2;-9,38491309;-40,52809509;"SPRF-PE";"DEL06-PE";"UOP01-DEL06-PE"
524632;2023-05-22;"segunda-feira";"08:30:00";"ES";101;267;"SERRA";"Manobra de mudança de faixa";"Tombamento";"Com Vítimas Feridas";"Pleno dia";"Crescente";"Chuva";"Múltipla";"Reta";"Não";1;0;1;0;0;0;1;1;-20,19930999;-40,26884609;"SPRF-ES";"DEL02-ES";"UOP01-DEL02-ES"