"id";"data_inversa";"dia_semana";"horario";"uf";"br";"km";"municipio";"causa_acidente";"tipo_acidente";"classificacao_acidente";"fase_dia";"sentido_via";"condicao_metereologica";"tipo_pista";"tracado_via";"uso_solo";"pessoas";"mortos";"feridos_leves";"feridos_graves";"ilesos";"ignorados";"feridos";"veiculos";"latitude";"longitude";"regional";"delegacia";"uop"
524633;2023-05-22;"segunda-feira";"08:50:00";"PR";277;726,5;"FOZ DO IGUACU";"Chuva";"Tombamento";"Com Vítimas Feridas";"Pleno dia";"Decrescente";"Chuva";"Dupla";"Curva";"Sim";1;0;1;0;0;0;1;1;-25,5104701;-54,5574314;"SPRF-PR";"DEL05-PR";"UOP03-DEL05-PR"
524634;2023-04-20;"quinta-feira";"17:50:00";"MS";163;477;"CAMPO GRANDE";"Ausência de reação do condutor";"Queda de ocupante de veículo";"Com Vítimas Feridas";"Anoitecer";"Crescente";"Céu Claro";"Simples";"Reta";"Sim";1;0;1;0;0;0;1;1;-20,51027907;-54,55845583;"SPRF-MS";"DEL01-MS";"UOP01-DEL01-MS"
524635;2023-05-22;"segunda-feira";"08:30:00";"PA";230;115;"MARABA";"Ingestão de álcool pelo condutor";"Colisão traseira";"Sem Vítimas";"Pleno dia";"Decrescente";"Sol";"Dupla";"Reta;Declive";"Sim";3;0;0;0;2;1;0;3;-5,35775894;-49,08661181;"SPRF-PA";"DEL03-PA";"UOP01-DEL03-PA"
524637;2023-05-22;"segunda-feira";"07:00:00";"ES";259;53;"COLATINA";"Ausência de reação do condutor";"Queda de ocupante de veículo";"Com Vítimas Feridas";"Pleno dia";"Crescente";"Céu Claro";"Simples";"Aclive;Reta";"Não";2;0;2;0;0;0;2;1;-19,49989886;-40,62939795;"SPRF-ES";"DEL02-ES";"UOP01-DEL02-ES"
524639;2023-05-22;"segunda-feira";"08:20:00";"SC";101;90,1;"BARRA VELHA";"Avarias e/ou desgaste excessivo no pneu";"Saída de leito carroçável";"Com Vítimas Feridas";"Pleno dia";"Decrescente";"Nublado";"Múltipla";"Reta";"Sim";2;0;2;0;0;0;2;1;-26,66148503;-48,68866176;"SPRF-SC";"DEL03-SC";"UOP02-DEL03-SC"
524640;2023-05-22;"segunda-feira";"09:00:00";"GO";60;137,9;"GOIANIA";"Condutor deixou de manter distância do veículo da frente";"Colisão com objeto";"Com Vítimas Feridas";"Pleno dia";"Crescente";"Céu Claro";"Simples";"Reta";"Não";3;0;3;0;0;0;3;2;-16,603;-49,2023;"SPRF-GO";"DEL01-GO";"UOP01-DEL01-GO"
524641;2023-05-18;"quinta-feira";"18:50:00";"RJ";116;177;"NOVA IGUACU";"Ultrapassagem Indevida";"Colisão lateral mesmo sentido";"Com Vítimas Feridas";"Anoitecer";"Decrescente";"Ignorado";"Dupla";"Curva";"Não";2;0;1;0;1;0;1;2;-22,78055198;-43,39208599;"SPRF-RJ";"DEL01-RJ";"UOP02-DEL01-RJ"
524642;2023-05-22;"segunda-feira";"08:50:00";"RO";319;64;"PORTO VELHO";"Acessar a via sem observar a presença dos outros veículos";"Colisão transversal";"Com Vítimas Feridas";"Pleno dia";"Decrescente";"Céu Claro";"Dupla";"Interseção de Vias;Reta";"Sim";2;0;1;0;1;0;1;2;-8,766685;-63,884052;"SPRF-RO";"DEL01-RO";"UOP01-DEL01-RO"
524645;2023-05-19;"sexta-feira";"06:50:00";"SC";280;67;"JARAGUA DO SUL";"Acessar a via sem observar a presença dos outros veículos";"Colisão transversal";"Com Vítimas Feridas";"Amanhecer";"Decrescente";"Céu Claro";"Simples";"Reta";"Não";3;0;0;1;1;1;1;3;-26,4775146;-49,10363575;"SPRF-SC";"DEL03-SC";"UOP03-DEL03-SC"
524646;2023-05-22;"segunda-feira";"09:50:00";"RJ";116;172;"SAO JOAO DE MERITI";"Condutor deixou de manter distância do veículo da frente";"Colisão lateral mesmo sentido";"Com Vítimas Feridas";"Pleno dia";"Decrescente";"Céu Claro";"Simples";"Reta";"Não";2;0;1;0;1;0;1;2;-22,80188151;-43,35043673;"SPRF-RJ";"DEL01-RJ";"UOP02-DEL01-RJ"
524648;2023-05-22;"segunda-feira";"10:30:00";"ES";101;355,2;"ANCHIETA";"Condutor Dormindo";"Colisão com objeto";"Com Vítimas Feridas";"Pleno dia";"Decrescente";"Nublado";"Dupla";"Curva";"Não";1;0;0;1;0;0;1;1;-20,68854312;-40,67978692;"SPRF-ES";"DEL03-ES";"UOP01-DEL03-ES"
524649;2023-05-22;"segunda-feira";"06:15:00";"MG";40;687,9;"RESSAQUINHA";"Reação tardia ou ineficiente do condutor";"Saída de leito carroçável";"Sem Vítimas";"Amanhecer";"Crescente";"Nublado";"Simples";"Curva";"Não";3;0;0;0;0;3;0;2;-21,08759993;-43,77189218;"SPRF-MG";"DEL05-MG";"UOP02-DEL05-MG"
524654;2023-05-22;"segunda-feira";"11:10:00";"PR";376;173,1;"MARINGA";"Mal súbito do condutor";"Tombamento";"Com Vítimas Feridas";"Pleno dia";"Decrescente";"Céu Claro";"Dupla";"Aclive;Reta";"Sim";1;0;1;0;0;0;1;1;-23,4172197;-51,9589231;"SPRF-PR";"DEL09-PR";"UOP01-DEL09-PR"
524655;2023-05-22;"segunda-feira";"11:40:00";"SC";470;130;"LONTRAS";"Reação tardia ou ineficiente do condutor";"Colisão traseira";"Com Vítimas Feridas";"Pleno dia";"Crescente";"Nublado";"Simples";"Reta";"Sim";2;0;1;0;1;0;1;2;-27,15756;-49,556488;"SPRF-SC";"DEL04-SC";"UOP02-DEL04-SC"
524656;2023-05-10;"quarta-feira";"16:30:00";"PR";163;208;"CASCAVEL";"Ausência de sinalização";"Colisão transversal";"Com Vítimas Feridas";"Pleno dia";"Crescente";"Céu Claro";"Simples";"Viaduto;Interseção de Vias";"Não";3;0;1;0;2;0;1;2;-24,96065389;-53,54438716;"SPRF-PR";"DEL05-PR";"UOP05-DEL05-PR"
524658;2023-05-22;"segunda-feira";"09:00:00";"CE";20;206,1;"BOA VIAGEM";"Acessar a via sem observar a presença dos outros veículos";"Colisão lateral mesmo sentido";"Com Vítimas Feridas";"Pleno dia";"Crescente";"Céu Claro";"Simples";"Reta;Aclive";"Sim";2;0;0;1;1;0;1;2;-5,10980224;-39,71910555;"SPRF-CE";"DEL02-CE";"UOP02-DEL02-CE"
524659;2023-05-22;"segunda-feira";"12:00:00";"PR";376;597,5;"CURITIBA";"Demais falhas mecânicas ou elétricas";"Tombamento";"Com Vítimas Feridas";"Pleno dia";"Decrescente";"Céu Claro";"Dupla";"Reta";"Sim";2;0;2;0;0;0;2;1;-25,51422698;-49,33714807;"SPRF-PR";"DEL01-PR";"UOP06-DEL01-PR"
524660;2023-05-22;"segunda-feira";"12:00:00";"SP";116;219;"GUARULHOS";"Ausência de reação do condutor";"Queda de ocupante de veículo";"Com Vítimas Feridas";"Pleno dia";"Decrescente";"Céu Claro";"Múltipla";"Reta";"Sim";1;0;0;1;0;0;1;1;-23,46143954;-46,48885316;"SPRF-SP";"DEL01-SP";"UOP01-DEL01-SP"
524662;2023-05-21;"domingo";"23:30:00";"SC";470;169;"POUSO REDONDO";"Ingestão de álcool pelo condutor";"Colisão frontal";"Com Vítimas Feridas";"Plena Noite";"Crescente";"Céu Claro";"Simples";"Declive;Reta";"Sim";3;0;1;1;0;1;2;2;-27,26594745;-49,87861097;"SPRF-SC";"DEL04-SC";"UOP02-DEL04-SC"
524665;2023-05-22;"segunda-feira";"12:20:00";"SP";381;60;"MAIRIPORA";"Condutor deixou de manter distância do veículo da frente";"Colisão lateral mesmo sentido";"Com Vítimas Feridas";"Pleno dia";"Crescente";"Céu Claro";"Dupla";"Reta;Declive";"Não";2;0;0;1;1;0;1;2;-23,28957673;-46,58729853;"SPRF-SP";"DEL03-SP";"UOP01-DEL03-SP"
524667;2023-05-22;"segunda-feira";"13:20:00";"SE";235;30,6;"AREIA BRANCA";"Chuva";"Saída de leito carroçável";"Com Vítimas Feridas";"Pleno dia";"Crescente";"Chuva";"Simples";"Reta";"Não";1;0;1;0;0;0;1;1;-10,785139;-37,291378;"SPRF-SE";"DEL01-SE";"UOP02-DEL01-SE"
524668;2023-04-07;"sexta-feira";"09:00:00";"RJ";101;479;"ANGRA DOS REIS";"Conversão proibida";"Colisão transversal";"Com Vítimas Feridas";"Pleno dia";"Crescente";"Céu Claro";"Simples";"Reta";"Sim";2;0;1;0;1;0;1;2;-22,99820396;-44,26554599;"SPRF-RJ";"DEL03-RJ";"UOP03-DEL03-RJ"
524669;2023-05-22;"segunda-feira";"08:00:00";"PE";428;191;"PETROLINA";"Ausência de reação do condutor";"Queda de ocupante de veículo";"Com Vítimas Feridas";"Pleno dia";"Crescente";"Céu Claro";"Dupla";"Reta";"Sim";2;0;2;0;0;0;2;1;-9,37766429;-40,50269795;"SPRF-PE";"DEL06-PE";"UOP01-DEL06-PE"
524672;2023-05-22;"segunda-feira";"12:40:00";"SP";381;69;"MAIRIPORA";"Reação tardia ou ineficiente do condutor";"Saída de leito carroçável";"Sem Vítimas";"Pleno dia";"Decrescente";"Céu Claro";"Múltipla";"Curva";"Não";1;0;0;0;1;0;0;1;-23,34553108;-46,56787903;"SPRF-SP";"DEL03-SP";"UOP01-DEL03-SP"
524675;2023-05-18;"quinta-feira";"09:50:00";"RS";116;1,5;"PORTO ALEGRE";"Condutor deixou de manter distância do veículo da frente";"Colisão traseira";"Sem Vítimas";"Pleno dia";"Crescente";"Céu Claro";"Dupla";"Reta";"Sim";7;0;0;0;7;0;0;7;-29,9890066;-51,18292093;"SPRF-RS";"DEL01-RS";"UOP01-DEL01-RS"
524676;2023-05-22;"segunda-feira";"14:00:00";"SC";282;534,1;"CORDILHEIRA ALTA";"Conversão proibida";"Colisão transversal";"Com Vítimas Feridas";"Pleno dia";"Crescente";"Sol";"Simples";"Reta";"Não";6;0;3;0;3;0;3;3;-26,996832;-52,634586;"SPRF-SC";"DEL07-SC";"UOP01-DEL07-SC"
524678;2023-05-22;"segunda-feira";"14:40:00";"GO";20;181,9;"SIMOLANDIA";"Velocidade Incompatível";"Queda de ocupante de veículo";"Com Vítimas Feridas";"Pleno dia";"Decrescente";"Céu Claro";"Dupla";"Reta";"Sim";1;0;1;0;0;0;1;1;-14,470801;-46,486183;"SPRF-DF";"DEL02-DF";"UOP03-DEL02-DF"
524680;2023-05-22;"segunda-feira";"13:00:00";"ES";259;62,9;"COLATINA";"Desrespeitar a preferência no cruzamento";"Colisão transversal";"Com Vítimas Feridas";"Pleno dia";"Decrescente";"Céu Claro";"Simples";"Interseção de Vias";"Sim";2;0;1;0;1;0;1;2;-19,52388659;-40,70429206;"SPRF-ES";"DEL02-ES";"UOP01-DEL02-ES"
524681;2023-05-22;"segunda-feira";"13:23:00";"BA";367;26;"PORTO SEGURO";"Ingestão de álcool pelo condutor";"Colisão traseira";"Com Vítimas Feridas";"Pleno dia";"Crescente";"Sol";"Múltipla";"Retorno Regulamentado";"Sim";5;0;3;0;2;0;3;3;-16,43071712;-39,09561713;"SPRF-BA";"DEL09-BA";"UOP03-DEL09-BA"
524684;2023-04-29;"sábado";"17:00:00";"PB";230;286;"SANTA LUZIA";"Transitar na contramão";"Colisão lateral sentido oposto";"Com Vítimas Feridas";"Pleno dia";"Crescente";"Céu Claro";"Simples";"Aclive;Curva";"Não";6;0;1;0;5;0;1;2;-6,8978;-36,8794;"SPRF-PB";"DEL03-PB";"UOP01-DEL03-PB"
524685;2023-05-21;"domingo";"05:50:00";"SC";282;515,5;"XAXIM";"Animais na Pista";"Saída de leito carroçável";"Com Vítimas Feridas";"Plena Noite";"Crescente";"Ignorado";"Simples";"Reta";"Não";2;0;2;0;0;0;2;1;-26,922623;-52,496132;"SPRF-SC";"DEL07-SC";"UOP01-DEL07-SC"
524686;2023-05-22;"segunda-feira";"15:00:00";"BA";418;29;"CARAVELAS";"Demais falhas mecânicas ou elétricas";"Incêndio";"Sem Vítimas";"Pleno dia";"Decrescente";"Céu Claro";"Simples";"Curva";"Não";1;0;0;0;1;0;0;1;-17,64419977;-39,35916411;"SPRF-BA";"DEL09-BA";"UOP02-DEL09-BA"
524687;2023-05-22;"segunda-feira";"09:45:00";"BA";101;38;"ESPLANADA";"Acessar a via sem observar a presença dos outros veículos";"Colisão transversal";"Com Vítimas Feridas";"Pleno dia";"Crescente";"Garoa/Chuvisco";"Simples";"Interseção de Vias";"Não";3;0;1;1;1;0;2;2;-11,78154;-37,947246;"SPRF-SE";"DEL02-SE";"UOP03-DEL02-SE"
524688;2023-05-22;"segunda-feira";"14:45:00";"PE";101;139,5;"RIBEIRAO";"Condutor Dormindo";"Saída de leito carroçável";"Com Vítimas Feridas";"Pleno dia";"Crescente";"Céu Claro";"Dupla";"Reta;Retorno Regulamentado";"Não";1;0;1;0;0;0;1;1;-8,42830525;-35,32242771;"SPRF-PE";"DEL01-PE";"UOP03-DEL01-PE"
524689;2023-05-22;"segunda-feira";"16:00:00";"RS";290;97;"PORTO ALEGRE";"Ausência de reação do condutor";"Colisão com objeto";"Sem Vítimas";"Pleno dia";"Crescente";"Céu Claro";"Dupla";"Reta";"Não";1;0;0;0;1;0;0;1;-29,997789;-51,20779;"SPRF-RS";"DEL01-RS";"UOP01-DEL01-RS"
524690;2023-05-22;"segunda-feira";"14:30:00";"PI";343;192;"PIRIPIRI";"Demais falhas mecânicas ou elétricas";"Colisão com objeto";"Com Vítimas Feridas";"Pleno dia";"Decrescente";"Céu Claro";"Simples";"Reta";"Não";3;0;1;0;2;0;1;1;-4,333408;-41,794598;"SPRF-PI";"DEL02-PI";"UOP01-DEL02-PI"
524693;2023-05-22;"segunda-feira";"13:30:00";"MT";163;747;"SORRISO";"Acessar a via sem observar a presença dos outros veículos";"Colisão traseira";"Com Vítimas Feridas";"Pleno dia";"Decrescente";"Céu Claro";"Dupla";"Curva;Retorno Regulamentado";"Sim";2;0;0;1;1;0;1;2;-12,69420885;-55,80767215;"SPRF-MT";"DEL06-MT";"UOP01-DEL06-MT"
524694;2023-05-22;"segunda-feira";"15:22:00";"SC";470;2;"NAVEGANTES";"Acessar a via sem observar a presença dos outros veículos";"Atropelamento de Pedestre";"Com Vítimas Feridas";"Pleno dia";"Crescente";"Céu Claro";"Dupla";"Reta;Em Obras";"Não";2;0;1;0;1;0;1;2;-26,868551;-48,674831;"SPRF-SC";"DEL04-SC";"UOP04-DEL04-SC"
524698;2023-05-22;"segunda-feira";"16:15:00";"CE";116;2;"FORTALEZA";"Ausência de reação do condutor";"Colisão traseira";"Com Vítimas Feridas";"Pleno dia";"Decrescente";"Sol";"Dupla";"Reta";"Sim";4;0;1;1;1;1;2;4;-3,77019802;-38,51724508;"SPRF-CE";"DEL01-CE";"UOP02-DEL01-CE"
524699;2023-05-22;"segunda-feira";"16:40:00";"PE";104;67,1;"CARUARU";"Reação tardia ou ineficiente do condutor";"Colisão traseira";"Com Vítimas Feridas";"Pleno dia";"Crescente";"Céu Claro";"Múltipla";"Reta";"Sim";2;0;1;0;1;0;1;2;-8,29597956;-35,98802799;"SPRF-PE";"DEL02-PE";"UOP01-DEL02-PE"
524700;2023-05-22;"segunda-feira";"16:40:00";"MG";381;856,5;"POUSO ALEGRE";"Velocidade Incompatível";"Colisão com objeto";"Com Vítimas Feridas";"Pleno dia";"Crescente";"Céu Claro";"Dupla";"Reta";"Não";1;0;0;1;0;0;1;1;-22,32871415;-45,91398482;"SPRF-MG";"DEL16-MG";"UOP01-DEL16-MG"
524701;2023-05-22;"segunda-feira";"16:30:00";"DF";40;3,6;"BRASILIA";"Reação tardia ou ineficiente do condutor";"Tombamento";"Com Vítimas Feridas";"Pleno dia";"Crescente";"Céu Claro";"Dupla";"Reta";"Sim";1;0;1;0;0;0;1;1;-16,00584459;-47,98349619;"SPRF-DF";"DEL01-DF";"UOP01-DEL01-DF"
524702;2023-05-22;"segunda-feira";"15:37:00";"SC";280;82,2;"CORUPA";"Acessar a via sem observar a presença dos outros veículos";"Colisão transversal";"Com Vítimas Feridas";"Pleno dia";"Crescente";"Céu Claro";"Simples";"Rotatória";"Não";2;0;1;0;1;0;1;2;-26,44009491;-49,22605498;"SPRF-SC";"DEL06-SC";"UOP03-DEL06-SC"
524703;2023-05-22;"segunda-feira";"17:10:00";"PR";469;0,2;"FOZ DO IGUACU";"Acessar a via sem observar a presença dos outros veículos";"Colisão transversal";"Com Vítimas Feridas";"Pleno dia";"Crescente";"Céu Claro";"Simples";"Reta";"Sim";2;0;1;0;1;0;1;2;-25,57609503;-54,55302;"SPRF-PR";"DEL05-PR";"UOP04-DEL05-PR"
524706;2023-05-22;"segunda-feira";"17:10:00";"PR";376;186;"SARANDI";"Condutor deixou de manter distância do veículo da frente";"Colisão traseira";"Com Vítimas Feridas";"Anoitecer";"Crescente";"Nublado";"Dupla";"Reta;Retorno Regulamentado";"Sim";2;0;1;0;1;0;1;2;-23,45129209;-51,8544066;"SPRF-PR";"DEL09-PR";"UOP01-DEL09-PR"
524707;2023-05-22;"segunda-feira";"15:40:00";"MG";354;753,7;"ITAMONTE";"Reação tardia ou ineficiente do condutor";"Colisão transversal";"Com Vítimas Feridas";"Pleno dia";"Decrescente";"Céu Claro";"Simples";"Interseção de Vias";"Sim";2;0;0;1;1;0;1;2;-22,30074263;-44,86208652;"SPRF-MG";"DEL17-MG";"UOP01-DEL17-MG"
524708;2023-05-22;"segunda-feira";"17:45:00";"PB";101;87,4;"JOAO PESSOA";"Animais na Pista";"Atropelamento de Animal";"Com Vítimas Feridas";"Anoitecer";"Crescente";"Nublado";"Dupla";"Reta;Declive";"Sim";1;0;1;0;0;0;1;1;-7,16318138;-34,90192294;"SPRF-PB";"DEL01-PB";"UOP01-DEL01-PB"
524710;2023-05-22;"segunda-feira";"17:30:00";"SC";282;17;"PALHOCA";"Acessar a via sem observar a presença dos outros veículos";"Colisão transversal";"Com Vítimas Feridas";"Anoitecer";"Decrescente";"Céu Claro";"Dupla";"Reta;Desvio Temporário";"Sim";3;0;1;0;2;0;1;2;-27,66822142;-48,68983984;"SPRF-SC";"DEL01-SC";"UOP02-DEL01-SC"
524712;2023-05-22;"segunda-feira";"17:15:00";"SC";282;37,5;"AGUAS MORNAS";"Ausência de reação do condutor";"Colisão lateral sentido oposto";"Com Vítimas Feridas";"Plena Noite";"Crescente";"Céu Claro";"Simples";"Curva";"Não";3;0;1;2;0;0;3;3;-27,707325;-48,842983;"SPRF-SC";"DEL01-SC";"UOP03-DEL01-SC"
524713;2023-05-22;"segunda-feira";"16:00:00";"MT";163;1029;"PEIXOTO DE AZEVEDO";"Acessar a via sem observar a presença dos outros veículos";"Colisão transversal";"Com Vítimas Feridas";"Pleno dia";"Crescente";"Céu Claro";"Simples";"Reta";"Sim";2;0;1;0;1;0;1;2;-10,24544;-54,989436;"SPRF-MT";"DEL06-MT";"UOP03-DEL06-MT"
524714;2023-05-22;"segunda-feira";"17:20:00";"SP";116;105;"TAUBATE";"Avarias e/ou desgaste excessivo no pneu";"Tombamento";"Com Vítimas Feridas";"Anoitecer";"Decrescente";"Céu Claro";"Dupla";"Reta";"Não";2;0;2;0;0;0;2;1;-23,00757973;-45,51466613;"SPRF-SP";"DEL02-SP";"UOP02-DEL02-SP"
524716;2023-05-22;"segunda-feira";"18:00:00";"SP";116;222;"GUARULHOS";"Trafegar com motocicleta (ou similar) entre as faixas";"Colisão lateral mesmo sentido";"Com Vítimas Feridas";"Anoitecer";"Decrescente";"Ignorado";"Múltipla";"Reta";"Sim";2;0;1;0;1;0;1;2;-23,4730004;-46,52061315;"SPRF-SP";"DEL01-SP";"UOP01-DEL01-SP"
524718;2023-05-22;"segunda-feira";"18:00:00";"RS";470;223;"GARIBALDI";"Acessar a via sem observar a presença dos outros veículos";"Colisão transversal";"Com Vítimas Feridas";"Pleno dia";"Decrescente";"Céu Claro";"Simples";"Reta";"Não";4;0;2;0;2;0;2;2;-29,21249203;-51,51794436;"SPRF-RS";"DEL06-RS";"UOP01-DEL06-RS"
524719;2023-05-22;"segunda-feira";"18:00:00";"BA";324;544;"AMELIA RODRIGUES";"Acessar a via sem observar a presença dos outros veículos";"Colisão lateral mesmo sentido";"Com Vítimas Feridas";"Anoitecer";"Decrescente";"Garoa/Chuvisco";"Dupla";"Curva;Retorno Regulamentado;Interseção de Vias";"Sim";3;0;1;0;2;0;1;2;-12,40054897;-38,75968599;"SPRF-BA";"DEL01-BA";"UOP03-DEL01-BA"
524720;2023-05-22;"segunda-feira";"17:20:00";"MG";262;411,8;"IGARATINGA";"Manobra de mudança de faixa";"Colisão lateral mesmo sentido";"Com Vítimas Feridas";"Anoitecer";"Decrescente";"Céu Claro";"Dupla";"Retorno Regulamentado";"Não";3;0;2;0;1;0;2;2;-19,88744145;-44,64074377;"SPRF-MG";"DEL08-MG";"UOP03-DEL08-MG"
524721;2023-05-22;"segunda-feira";"17:20:00";"MS";463;44;"PONTA PORA";"Reação tardia ou ineficiente do condutor";"Saída de leito carroçável";"Com Vítimas Feridas";"Anoitecer";"Decrescente";"Céu Claro";"Simples";"Reta";"Não";5;0;3;0;2;0;3;1;-22,33685512;-55,19230192;"SPRF-MS";"DEL04-MS";"UOP03-DEL04-MS"
524722;2023-05-22;"segunda-feira";"17:30:00";"SC";101;207,6;"SAO JOSE";"Reação tardia ou ineficiente do condutor";"Colisão lateral mesmo sentido";"Com Vítimas Feridas";"Anoitecer";"Decrescente";"Céu Claro";"Dupla";"Declive;Reta";"Sim";3;0;1;0;2;0;1;3;-27,60001226;-48,6226467;"SPRF-SC";"DEL01-SC";"UOP01-DEL01-SC"
524724;2023-05-22;"segunda-feira";"14:00:00";"RO";429;69;"PRESIDENTE MEDICI";"Condutor Dormindo";"Saída de leito carroçável";"Com Vítimas Feridas";"Pleno dia";"Decrescente";"Céu Claro";"Simples";"Reta";"Não";4;0;2;0;2;0;2;1;-11,22272465;-62,14288296;"SPRF-RO";"DEL02-RO";"UOP03-DEL02-RO"
524725;2023-05-22;"segunda-feira";"18:50:00";"RS";290;86;"PORTO ALEGRE";"Demais falhas mecânicas ou elétricas";"Queda de ocupante de veículo";"Com Vítimas Feridas";"Amanhecer";"Decrescente";"Céu Claro";"Múltipla";"Reta";"Não";2;0;2;0;0;0;2;1;-29,968412;-51,117138;"SPRF-RS";"DEL01-RS";"UOP01-DEL01-RS"
524726;2023-05-21;"domingo";"00:05:00";"SC";470;0,8;"NAVEGANTES";"Condutor deixou de manter distância do veículo da frente";"Colisão traseira";"Com Vítimas Feridas";"Plena Noite";"Decrescente";"Céu Claro";"Múltipla";"Reta";"Sim";2;0;1;0;1;0;1;2;-26,88232;-48,66183;"SPRF-SC";"DEL04-SC";"UOP04-DEL04-SC"
524727;2023-05-22;"segunda-feira";"18:40:00";"MT";70;6;"BARRA DO GARCAS";"Acessar a via sem observar a presença dos outros veículos";"Colisão lateral mesmo sentido";"Com Vítimas Feridas";"Plena Noite";"Crescente";"Céu Claro";"Dupla";"Rotatória";"Sim";2;0;1;0;1;0;1;2;-15,87775846;-52,31361151;"SPRF-MT";"DEL07-MT";"UOP01-DEL07-MT"
524728;2023-05-22;"segunda-feira";"18:30:00";"PE";101;51;"ABREU E LIMA";"Entrada inopinada do pedestre";"Atropelamento de Pedestre";"Com Vítimas Feridas";"Plena Noite";"Decrescente";"Céu Claro";"Múltipla";"Reta";"Sim";2;0;1;1;0;0;2;2;-7,9169968;-34,89689272;"SPRF-PE";"DEL01-PE";"UOP02-DEL01-PE"
524729;2023-05-22;"segunda-feira";"18:45:00";"RS";471;171,2;"RIO PARDO";"Deficiência do Sistema de Iluminação/Sinalização";"Colisão traseira";"Com Vítimas Feridas";"Plena Noite";"Crescente";"Céu Claro";"Simples";"Reta";"Não";2;0;2;0;0;0;2;2;-29,95627312;-52,3710537;"SPRF-RS";"DEL02-RS";"UOP03-DEL02-RS"
524730;2023-05-22;"segunda-feira";"19:00:00";"RN";304;42;"MOSSORO";"Reação tardia ou ineficiente do condutor";"Queda de ocupante de veículo";"Com Vítimas Feridas";"Plena Noite";"Decrescente";"Chuva";"Dupla";"Reta;Retorno Regulamentado";"Sim";1;0;0;1;0;0;1;1;-5,21278093;-37,37221494;"SPRF-RN";"DEL04-RN";"UOP01-DEL04-RN"
524732;2023-05-22;"segunda-feira";"16:35:00";"MG";50;25;"ARAGUARI";"Velocidade Incompatível";"Saída de leito carroçável";"Com Vítimas Feridas";"Pleno dia";"Crescente";"Céu Claro";"Dupla";"Reta;Aclive";"Não";2;0;0;1;1;0;1;2;-18,61146226;-48,07749391;"SPRF-MG";"DEL15-MG";"UOP02-DEL15-MG"
524733;2023-05-22;"segunda-feira";"17:50:00";"SC";101;202,1;"SAO JOSE";"Entrada inopinada do pedestre";"Atropelamento de Pedestre";"Com Vítimas Feridas";"Anoitecer";"Crescente";"Céu Claro";"Dupla";"Reta";"Sim";2;0;2;0;0;0;2;2;-27,55711595;-48,61897889;"SPRF-SC";"DEL01-SC";"UOP01-DEL01-SC"
524736;2023-05-22;"segunda-feira";"18:30:00";"TO";153;799;"TALISMA";"Transitar na contramão";"Colisão lateral sentido oposto";"Com Vítimas Feridas";"Anoitecer";"Crescente";"Céu Claro";"Simples";"Reta";"Sim";3;0;0;1;2;0;1;2;-12,80893094;-49,09652226;"SPRF-TO";"DEL01-TO";"UOP02-DEL01-TO"
524737;2023-05-22;"segunda-feira";"19:00:00";"RS";471;563;"SANTA VITORIA DO PALMAR";"Velocidade Incompatível";"Colisão lateral mesmo sentido";"Com Vítimas Feridas";"Plena Noite";"Crescente";"Nevoeiro/Neblina";"Simples";"Reta";"Não";3;0;3;0;0;0;3;2;-32,933292;-52,760242;"SPRF-RS";"DEL07-RS";"UOP04-DEL07-RS"
524738;2023-05-22;"segunda-feira";"17:30:00";"AL";101;202;"SAO SEBASTIAO";"Ausência de reação do condutor";"Queda de ocupante de veículo";"Com Vítimas Feridas";"Anoitecer";"Decrescente";"Chuva";"Dupla";"Reta";"Não";2;0;1;1;0;0;2;1;-9,96642507;-36,55066388;"SPRF-AL";"DEL02-AL";"UOP02-DEL02-AL"
524739;2023-05-22;"segunda-feira";"20:00:00";"GO";40;1,5;"VALPARAISO DE GOIAS";"Reação tardia ou ineficiente do condutor";"Colisão traseira";"Com Vítimas Feridas";"Plena Noite";"Decrescente";"Céu Claro";"Dupla";"Reta";"Sim";3;0;3;0;0;0;3;3;-16,058245;-47,982825;"SPRF-DF";"DEL01-DF";"UOP01-DEL01-DF"
524740;2023-05-22;"segunda-feira";"17:23:00";"BA";330;863;"UBATA";"Ausência de reação do condutor";"Colisão com objeto";"Com Vítimas Fatais";"Pleno dia";"Decrescente";"Céu Claro";"Simples";"Curva";"Não";1;1;0;0;0;0;0;1;-14,19354802;-39,55742001;"SPRF-BA";"DEL03-BA";"UOP01-DEL03-BA"
524743;2023-05-22;"segunda-feira";"18:30:00";"SC";282;427;"VARGEM BONITA";"Conversão proibida";"Colisão transversal";"Com Vítimas Feridas";"Plena Noite";"Crescente";"Céu Claro";"Simples";"Reta";"Não";2;0;1;0;1;0;1;2;-26,975946;-51,771011;"SPRF-SC";"DEL07-SC";"UOP05-DEL07-SC"
524744;2023-05-18;"quinta-feira";"16:50:00";"RJ";101;334;"RIO DE JANEIRO";"Reação tardia ou ineficiente do condutor";"Queda de ocupante de veículo";"Com Vítimas Feridas";"Pleno dia";"Decrescente";"Céu Claro";"Múltipla";"Curva";"Não";1;0;1;0;0;0;1;1;-22,88517902;-43,21704364;"SPRF-RJ";"DEL02-RJ";"UOP01-DEL02-RJ"