"id";"data_inversa";"dia_semana";"horario";"uf";"br";"km";"municipio";"causa_acidente";"tipo_acidente";"classificacao_acidente";"fase_dia";"sentido_via";"condicao_metereologica";"tipo_pista";"tracado_via";"uso_solo";"pessoas";"mortos";"feridos_leves";"feridos_graves";"ilesos";"ignorados";"feridos";"veiculos";"latitude";"longitude";"regional";"delegacia";"uop"
524745;2023-05-22;"segunda-feira";"18:40:00";"PE";116;44;"SALGUEIRO";"Acessar a via sem observar a presença dos outros veículos";"Colisão lateral mesmo sentido";"Com Vítimas Feridas";"Plena Noite";"Decrescente";"Nublado";"Simples";"Reta;Interseção de Vias";"Não";3;0;3;0;0;0;3;2;-8,223163;-39,105778;"SPRF-PE";"DEL05-PE";"UOP01-DEL05-PE"
524746;2023-05-22;"segunda-feira";"19:15:00";"MG";116;413,1;"GOVERNADOR VALADARES";"Reação tardia ou ineficiente do condutor";"Colisão traseira";"Sem Vítimas";"Plena Noite";"Crescente";"Nublado";"Simples";"Curva";"Sim";2;0;0;0;2;0;0;2;-18,873907;-41,966366;"SPRF-MG";"DEL06-MG";"UOP01-DEL06-MG"
524747;2023-05-22;"segunda-feira";"19:00:00";"PI";343;2;"TERESINA";"Ingestão de álcool pelo condutor";"Colisão traseira";"Sem Vítimas";"Plena Noite";"Crescente";"Céu Claro";"Múltipla";"Reta";"Sim";2;0;0;0;2;0;0;2;-5,08034307;-42,75501251;"SPRF-PI";"DEL05-PI";"UOP01-DEL05-PI"
524748;2023-05-22;"segunda-feira";"21:30:00";"MG";251;476,2;"FRANCISCO SA";"Acessar a via sem observar a presença dos outros veículos";"Colisão frontal";"Com Vítimas Fatais";"Plena Noite";"Crescente";"Céu Claro";"Simples";"Aclive;Reta";"Não";2;1;0;0;1;0;0;2;-16,468982;-43,48431;"SPRF-MG";"DEL12-MG";"UOP02-DEL12-MG"
524750;2023-05-22;"segunda-feira";"21:30:00";"CE";222;1;"FORTALEZA";"Acessar a via sem observar a presença dos outros veículos";"Colisão traseira";"Com Vítimas Feridas";"Plena Noite";"Decrescente";"Céu Claro";"Dupla";"Reta";"Sim";2;0;1;0;1;0;1;2;-3,737804;-38,578061;"SPRF-CE";"DEL01-CE";"UOP01-DEL01-CE"
524751;2023-05-22;"segunda-feira";"20:40:00";"RJ";493;81,6;"JAPERI";"Animais na Pista";"Atropelamento de Animal";"Com Vítimas Feridas";"Plena Noite";"Crescente";"Céu Claro";"Dupla";"Reta";"Não";2;0;2;0;0;0;2;2;-22,65686854;-43,61357689;"SPRF-RJ";"DEL01-RJ";"UOP03-DEL01-RJ"
524752;2023-05-22;"segunda-feira";"21:00:00";"AL";316;130,1;"MINADOR DO NEGRAO";"Demais falhas mecânicas ou elétricas";"Incêndio";"Sem Vítimas";"Plena Noite";"Decrescente";"Chuva";"Simples";"Reta";"Não";1;0;0;0;1;0;0;1;-9,3915158;-36,84868601;"SPRF-AL";"DEL03-AL";"UOP01-DEL03-AL"
524755;2023-05-22;"segunda-feira";"22:00:00";"BA";367;83;"EUNAPOLIS";"Acessar a via sem observar a presença dos outros veículos";"Colisão transversal";"Com Vítimas Feridas";"Plena Noite";"Crescente";"Nublado";"Simples";"Reta;Interseção de Vias";"Sim";3;0;2;0;1;0;2;2;-16,37256267;-39,57064408;"SPRF-BA";"DEL09-BA";"UOP03-DEL09-BA"
524756;2023-05-17;"quarta-feira";"21:50:00";"MS";262;7;"TRES LAGOAS";"Acessar a via sem observar a presença dos outros veículos";"Colisão transversal";"Com Vítimas Feridas";"Plena Noite";"Crescente";"Céu Claro";"Dupla";"Reta";"Não";4;0;2;0;2;0;2;2;-20,78948908;-51,67723385;"SPRF-MS";"DEL07-MS";"UOP01-DEL07-MS"
524757;2023-05-22;"segunda-feira";"21:28:00";"MG";40;631,7;"CONSELHEIRO LAFAIETE";"Acessar a via sem observar a presença dos outros veículos";"Colisão transversal";"Com Vítimas Feridas";"Plena Noite";"Crescente";"Céu Claro";"Simples";"Reta";"Sim";4;0;3;0;1;0;3;2;-20,672209;-43,798228;"SPRF-MG";"DEL05-MG";"UOP02-DEL05-MG"
524758;2023-05-22;"segunda-feira";"15:00:00";"CE";402;291,5;"TURURU";"Pista esburacada";"Colisão lateral mesmo sentido";"Com Vítimas Feridas";"Pleno dia";"Crescente";"Céu Claro";"Simples";"Reta";"Não";2;0;1;0;0;1;1;2;-3,645987;-39,426845;"SPRF-CE";"DEL01-CE";"UOP03-DEL01-CE"
524760;2023-05-22;"segunda-feira";"21:45:00";"RR";401;12;"CANTA";"Pedestre andava na pista";"Atropelamento de Pedestre";"Com Vítimas Feridas";"Plena Noite";"Crescente";"Céu Claro";"Simples";"Reta";"Não";3;0;1;2;0;0;3;2;2,82085577;-60,59767475;"SPRF-RR";"DEL01-RR";"UOP01-DEL01-RR"
524763;2023-05-22;"segunda-feira";"20:05:00";"RJ";465;5;"SEROPEDICA";"Acostamento em desnível";"Queda de ocupante de veículo";"Com Vítimas Feridas";"Pleno dia";"Decrescente";"Céu Claro";"Simples";"Reta";"Não";1;0;1;0;0;0;1;1;-22,747673;-43,699196;"SPRF-RJ";"DEL01-RJ";"UOP03-DEL01-RJ"
524766;2023-05-22;"segunda-feira";"19:01:00";"SC";116;220;"CORREIA PINTO";"Acessar a via sem observar a presença dos outros veículos";"Colisão frontal";"Com Vítimas Feridas";"Plena Noite";"Decrescente";"Céu Claro";"Simples";"Reta;Interseção de Vias";"Sim";4;0;2;0;2;0;2;3;-27,58354478;-50,36633849;"SPRF-SC";"DEL05-SC";"UOP03-DEL05-SC"
524767;2023-05-22;"segunda-feira";"17:40:00";"MS";158;3;"CASSILANDIA";"Acessar a via sem observar a presença dos outros veículos";"Colisão frontal";"Com Vítimas Feridas";"Anoitecer";"Decrescente";"Nublado";"Simples";"Interseção de Vias";"Sim";2;0;0;1;1;0;1;2;-19,11975938;-51,73211299;"SPRF-MS";"DEL08-MS";"UOP01-DEL08-MS"
524768;2023-05-22;"segunda-feira";"22:15:00";"PB";230;463,6;"SOUSA";"Animais na Pista";"Atropelamento de Animal";"Sem Vítimas";"Plena Noite";"Crescente";"Nublado";"Simples";"Reta";"Sim";1;0;0;0;1;0;0;1;-6,7783;-38,2256;"SPRF-PB";"DEL03-PB";"UOP03-DEL03-PB"
524769;2023-05-22;"segunda-feira";"23:40:00";"PR";376;178;"MARINGA";"Acessar a via sem observar a presença dos outros veículos";"Colisão transversal";"Com Vítimas Feridas";"Plena Noite";"Crescente";"Céu Claro";"Múltipla";"Retorno Regulamentado;Reta";"Sim";2;0;0;1;1;0;1;2;-23,4192146;-51,91293985;"SPRF-PR";"DEL09-PR";"UOP01-DEL09-PR"
524771;2023-05-22;"segunda-feira";"23:09:00";"SP";116;39,8;"CACHOEIRA PAULISTA";"Ausência de reação do condutor";"Colisão traseira";"Com Vítimas Feridas";"Plena Noite";"Crescente";"Céu Claro";"Dupla";"Declive";"Sim";2;0;1;0;1;0;1;2;-22,67527958;-44,99918431;"SPRF-SP";"DEL08-SP";"UOP02-DEL08-SP"
524773;2023-05-23;"terça-feira";"01:30:00";"ES";101;190,4;"ARACRUZ";"Entrada inopinada do pedestre";"Atropelamento de Pedestre";"Com Vítimas Feridas";"Plena Noite";"Crescente";"Chuva";"Simples";"Reta";"Não";2;0;0;1;1;0;1;2;-19,68560509;-40,27853793;"SPRF-ES";"DEL04-ES";"UOP01-DEL04-ES"
524774;2023-05-23;"terça-feira";"00:45:00";"GO";158;236;"JATAI";"Condutor Dormindo";"Capotamento";"Com Vítimas Feridas";"Plena Noite";"Crescente";"Céu Claro";"Simples";"Reta";"Não";3;0;1;0;0;2;1;1;-17,61396709;-51,86299844;"SPRF-GO";"DEL05-GO";"UOP01-DEL05-GO"
524776;2023-05-02;"terça-feira";"17:00:00";"ES";101;255,3;"SERRA";"Ingestão de álcool pelo condutor";"Tombamento";"Com Vítimas Feridas";"Anoitecer";"Crescente";"Chuva";"Simples";"Interseção de Vias";"Sim";1;0;0;1;0;0;1;1;-20,11487935;-40,31943619;"SPRF-ES";"DEL02-ES";"UOP01-DEL02-ES"
524778;2023-05-22;"segunda-feira";"19:40:00";"CE";116;40;"HORIZONTE";"Ausência de reação do condutor";"Colisão traseira";"Com Vítimas Feridas";"Plena Noite";"Crescente";"Céu Claro";"Dupla";"Reta";"Não";1;0;0;1;0;0;1;1;-4,09496999;-38,50351984;"SPRF-CE";"DEL01-CE";"UOP02-DEL01-CE"
524780;2023-05-23;"terça-feira";"02:50:00";"PR";277;584;"CASCAVEL";"Velocidade Incompatível";"Queda de ocupante de veículo";"Com Vítimas Feridas";"Plena Noite";"Crescente";"Céu Claro";"Simples";"Curva;Declive";"Não";1;0;1;0;0;0;1;1;-24,96540096;-53,40380073;"SPRF-PR";"DEL04-PR";"UOP01-DEL04-PR"
524782;2023-05-23;"terça-feira";"01:30:00";"SE";101;50;"JAPARATUBA";"Chuva";"Saída de leito carroçável";"Com Vítimas Feridas";"Plena Noite";"Decrescente";"Chuva";"Dupla";"Curva";"Não";1;0;1;0;0;0;1;1;-10,60303597;-36,9754765;"SPRF-SE";"DEL02-SE";"UOP02-DEL02-SE"
524788;2023-05-23;"terça-feira";"05:30:00";"MT";163;824;"SINOP";"Entrada inopinada do pedestre";"Atropelamento de Pedestre";"Com Vítimas Fatais";"Amanhecer";"Decrescente";"Céu Claro";"Dupla";"Reta;Declive";"Sim";3;1;0;0;2;0;0;2;-11,951472;-55,516935;"SPRF-MT";"DEL06-MT";"UOP02-DEL06-MT"
524789;2023-05-23;"terça-feira";"06:40:00";"MG";116;487,7;"INHAPIM";"Ausência de reação do condutor";"Saída de leito carroçável";"Com Vítimas Feridas";"Amanhecer";"Crescente";"Nublado";"Simples";"Curva";"Não";1;0;1;0;0;0;1;1;-19,55247801;-42,12429712;"SPRF-MG";"DEL06-MG";"UOP02-DEL06-MG"
524792;2023-05-23;"terça-feira";"07:00:00";"MG";381;499,7;"BETIM";"Ausência de reação do condutor";"Colisão com objeto";"Com Vítimas Feridas";"Amanhecer";"Decrescente";"Céu Claro";"Dupla";"Reta;Aclive";"Sim";1;0;1;0;0;0;1;1;-20,001229;-44,211573;"SPRF-MG";"DEL04-MG";"UOP03-DEL04-MG"
524795;2023-05-23;"terça-feira";"06:45:00";"PI";316;5,6;"TERESINA";"Acessar a via sem observar a presença dos outros veículos";"Colisão traseira";"Com Vítimas Feridas";"Pleno dia";"Decrescente";"Céu Claro";"Múltipla";"Reta;Interseção de Vias";"Sim";3;0;1;0;1;1;1;2;-5,14169858;-42,78157276;"SPRF-PI";"DEL01-PI";"UOP02-DEL01-PI"
524796;2023-05-23;"terça-feira";"07:25:00";"PR";476;157,8;"ARAUCARIA";"Acessar a via sem observar a presença dos outros veículos";"Colisão transversal";"Com Vítimas Feridas";"Pleno dia";"Decrescente";"Céu Claro";"Simples";"Interseção de Vias";"Sim";2;0;1;0;1;0;1;2;-25,60639;-49,421112;"SPRF-PR";"DEL01-PR";"UOP06-DEL01-PR"
524797;2023-05-23;"terça-feira";"08:00:00";"RS";290;90;"PORTO ALEGRE";"Manobra de mudança de faixa";"Colisão lateral mesmo sentido";"Com Vítimas Feridas";"Pleno dia";"Crescente";"Céu Claro";"Múltipla";"Reta";"Sim";2;0;1;0;1;0;1;2;-29,968319;-51,157398;"SPRF-RS";"DEL01-RS";"UOP01-DEL01-RS"
524798;2023-05-14;"domingo";"08:20:00";"MT";70;528,7;"VARZEA GRANDE";"Acessar a via sem observar a presença dos outros veículos";"Colisão frontal";"Com Vítimas Fatais";"Pleno dia";"Decrescente";"Céu Claro";"Simples";"Reta";"Não";2;1;0;0;1;0;0;2;-15,65120116;-56,19873762;"SPRF-MT";"DEL01-MT";"UOP02-DEL01-MT"
524799;2023-05-23;"terça-feira";"07:40:00";"PR";369;152,7;"LONDRINA";"Reação tardia ou ineficiente do condutor";"Colisão lateral mesmo sentido";"Com Vítimas Feridas";"Pleno dia";"Crescente";"Céu Claro";"Dupla";"Declive";"Sim";2;0;1;0;1;0;1;2;-23,293355;-51,18721;"SPRF-PR";"DEL07-PR";"UOP01-DEL07-PR"
524801;2023-05-23;"terça-feira";"07:45:00";"DF";60;0,5;"BRASILIA";"Manobra de mudança de faixa";"Colisão lateral mesmo sentido";"Com Vítimas Feridas";"Pleno dia";"Decrescente";"Nublado";"Dupla";"Reta";"Sim";4;0;1;0;2;1;1;4;-15,882499;-48,060212;"SPRF-DF";"DEL03-DF";"UOP01-DEL03-DF"
524802;2023-05-23;"terça-feira";"08:00:00";"MG";381;690;"LAVRAS";"Ausência de reação do condutor";"Queda de ocupante de veículo";"Com Vítimas Feridas";"Pleno dia";"Crescente";"Céu Claro";"Dupla";"Reta";"Não";1;0;1;0;0;0;1;1;-21,23347701;-45,13482496;"SPRF-MG";"DEL04-MG";"UOP02-DEL04-MG"
524806;2023-05-21;"domingo";"04:00:00";"SC";101;302;"LAGUNA";"Velocidade Incompatível";"Saída de leito carroçável";"Com Vítimas Feridas";"Plena Noite";"Crescente";"Céu Claro";"Dupla";"Reta";"Não";1;0;1;0;0;0;1;1;-28,35387609;-48,7426239;"SPRF-SC";"DEL02-SC";"UOP03-DEL02-SC"
524808;2023-05-23;"terça-feira";"07:55:00";"PE";101;78,5;"JABOATAO DOS GUARARAPES";"Trafegar com motocicleta (ou similar) entre as faixas";"Colisão lateral mesmo sentido";"Com Vítimas Feridas";"Pleno dia";"Decrescente";"Garoa/Chuvisco";"Dupla";"Reta";"Sim";3;0;1;1;1;0;2;2;-8,14058;-34,94668;"SPRF-PE";"DEL01-PE";"UOP01-DEL01-PE"
524809;2023-05-23;"terça-feira";"08:30:00";"PE";104;61;"CARUARU";"Manobra de mudança de faixa";"Colisão lateral mesmo sentido";"Sem Vítimas";"Pleno dia";"Decrescente";"Céu Claro";"Dupla";"Interseção de Vias";"Não";2;0;0;0;2;0;0;2;-8,2529;-35,9751;"SPRF-PE";"DEL02-PE";"UOP01-DEL02-PE"
524811;2023-05-23;"terça-feira";"06:45:00";"MT";70;278;"PRIMAVERA DO LESTE";"Reação tardia ou ineficiente do condutor";"Colisão traseira";"Com Vítimas Feridas";"Amanhecer";"Crescente";"Céu Claro";"Simples";"Viaduto";"Sim";2;0;2;0;0;0;2;1;-15,55739918;-54,27981896;"SPRF-MT";"DEL05-MT";"UOP01-DEL05-MT"
524812;2023-02-16;"quinta-feira";"15:00:00";"MG";40;559;"NOVA LIMA";"Condutor deixou de manter distância do veículo da frente";"Colisão traseira";"Com Vítimas Feridas";"Pleno dia";"Decrescente";"Céu Claro";"Dupla";"Reta";"Não";2;0;1;0;1;0;1;2;-20,11861708;-43,96783926;"SPRF-MG";"DEL01-MG";"UOP02-DEL01-MG"
524814;2023-05-23;"terça-feira";"08:35:00";"DF";20;54;"BRASILIA";"Velocidade Incompatível";"Saída de leito carroçável";"Com Vítimas Feridas";"Pleno dia";"Crescente";"Sol";"Dupla";"Reta";"Não";1;0;1;0;0;0;1;1;-15,578154;-47,384861;"SPRF-DF";"DEL02-DF";"UOP01-DEL02-DF"
524816;2023-05-23;"terça-feira";"04:30:00";"MA";316;594,5;"TIMON";"Condutor Dormindo";"Saída de leito carroçável";"Com Vítimas Fatais";"Plena Noite";"Crescente";"Céu Claro";"Simples";"Reta";"Não";1;1;0;0;0;0;0;1;-5,01055524;-43,01181793;"SPRF-MA";"DEL03-MA";"UOP02-DEL03-MA"
524817;2023-05-23;"terça-feira";"08:10:00";"SP";116;201;"ARUJA";"Reação tardia ou ineficiente do condutor";"Tombamento";"Com Vítimas Feridas";"Pleno dia";"Decrescente";"Céu Claro";"Dupla";"Reta";"Não";2;0;1;0;1;0;1;1;-23,40362877;-46,33050107;"SPRF-SP";"DEL01-SP";"UOP01-DEL01-SP"
524818;2023-05-23;"terça-feira";"09:07:00";"TO";153;715;"CARIRI DO TOCANTINS";"Avarias e/ou desgaste excessivo no pneu";"Queda de ocupante de veículo";"Com Vítimas Feridas";"Pleno dia";"Decrescente";"Sol";"Simples";"Reta";"Não";1;0;1;0;0;0;1;1;-12,08301388;-49,19978681;"SPRF-TO";"DEL01-TO";"UOP02-DEL01-TO"
524819;2023-05-23;"terça-feira";"09:30:00";"SC";101;139;"BALNEARIO CAMBORIU";"Reação tardia ou ineficiente do condutor";"Colisão com objeto";"Com Vítimas Feridas";"Pleno dia";"Decrescente";"Céu Claro";"Dupla";"Curva;Declive";"Sim";1;0;1;0;0;0;1;1;-27,02982303;-48,60115006;"SPRF-SC";"DEL04-SC";"UOP03-DEL04-SC"
524820;2023-05-23;"terça-feira";"08:50:00";"PR";277;108,1;"CAMPO LARGO";"Manobra de mudança de faixa";"Saída de leito carroçável";"Com Vítimas Feridas";"Pleno dia";"Decrescente";"Sol";"Dupla";"Reta";"Não";2;0;2;0;0;0;2;1;-25,436401;-49,443321;"SPRF-PR";"DEL03-PR";"UOP03-DEL03-PR"
524822;2023-05-23;"terça-feira";"09:50:00";"RN";101;97,8;"NATAL";"Reação tardia ou ineficiente do condutor";"Colisão traseira";"Com Vítimas Feridas";"Pleno dia";"Decrescente";"Céu Claro";"Dupla";"Reta";"Sim";2;0;1;0;1;0;1;2;-5,85758898;-35,21271205;"SPRF-RN";"DEL01-RN";"UOP01-DEL01-RN"
524825;2023-05-18;"quinta-feira";"10:00:00";"MS";163;411;"NOVA ALVORADA DO SUL";"Animais na Pista";"Atropelamento de Animal";"Sem Vítimas";"Pleno dia";"Decrescente";"Céu Claro";"Simples";"Reta";"Não";3;0;0;0;3;0;0;1;-21,07073806;-54,49450723;"SPRF-MS";"DEL02-MS";"UOP01-DEL02-MS"
524826;2023-05-23;"terça-feira";"10:00:00";"SC";470;55,6;"BLUMENAU";"Condutor deixou de manter distância do veículo da frente";"Engavetamento";"Com Vítimas Feridas";"Pleno dia";"Crescente";"Céu Claro";"Simples";"Reta";"Sim";4;0;1;0;3;0;1;4;-26,875601;-49,117992;"SPRF-SC";"DEL04-SC";"UOP01-DEL04-SC"
524828;2023-05-12;"sexta-feira";"17:00:00";"PR";376;619,7;"SAO JOSE DOS PINHAIS";"Trafegar com motocicleta (ou similar) entre as faixas";"Colisão transversal";"Com Vítimas Feridas";"Anoitecer";"Crescente";"Céu Claro";"Simples";"Reta";"Sim";2;0;1;0;1;0;1;2;-25,61374444;-49,17106032;"SPRF-PR";"DEL01-PR";"UOP04-DEL01-PR"
524830;2023-05-11;"quinta-feira";"16:30:00";"BA";116;827;"VITORIA DA CONQUISTA";"Ausência de reação do condutor";"Queda de ocupante de veículo";"Com Vítimas Feridas";"Pleno dia";"Crescente";"Nublado";"Simples";"Reta";"Sim";2;0;0;1;1;0;1;2;-14,890609;-40,862327;"SPRF-BA";"DEL08-BA";"UOP01-DEL08-BA"
524831;2023-05-23;"terça-feira";"08:45:00";"RJ";101;482;"ANGRA DOS REIS";"Acessar a via sem observar a presença dos outros veículos";"Colisão transversal";"Com Vítimas Feridas";"Pleno dia";"Crescente";"Céu Claro";"Dupla";"Reta";"Sim";2;0;1;0;1;0;1;2;-23,00453;-44,29746;"SPRF-RJ";"DEL03-RJ";"UOP03-DEL03-RJ"
524832;2023-05-11;"quinta-feira";"21:30:00";"RJ";101;566;"PARATY";"Animais na Pista";"Atropelamento de Animal";"Com Vítimas Feridas";"Plena Noite";"Crescente";"Céu Claro";"Simples";"Reta";"Não";3;0;0;1;1;1;1;3;-23,15459804;-44,704976;"SPRF-RJ";"DEL03-RJ";"UOP04-DEL03-RJ"
524836;2023-05-14;"domingo";"17:00:00";"PE";316;332;"FLORESTA";"Transitar na contramão";"Colisão frontal";"Com Vítimas Fatais";"Plena Noite";"Decrescente";"Nublado";"Simples";"Reta";"Não";3;1;0;0;2;0;0;2;-8,75509716;-38,39353207;"SPRF-PE";"DEL04-PE";"UOP03-DEL04-PE"
524837;2023-05-23;"terça-feira";"10:30:00";"MT";70;6;"BARRA DO GARCAS";"Retorno proibido";"Colisão lateral mesmo sentido";"Com Vítimas Feridas";"Pleno dia";"Crescente";"Céu Claro";"Dupla";"Rotatória;Aclive";"Sim";2;0;1;0;0;1;1;2;-15,87907036;-52,28563311;"SPRF-MT";"DEL07-MT";"UOP01-DEL07-MT"
524838;2023-05-23;"terça-feira";"11:20:00";"MG";381;457;"BELO HORIZONTE";"Acessar a via sem observar a presença dos outros veículos";"Atropelamento de Pedestre";"Com Vítimas Feridas";"Pleno dia";"Decrescente";"Céu Claro";"Dupla";"Reta";"Sim";3;0;1;0;2;0;1;2;-19,86134886;-43,92063055;"SPRF-MG";"DEL01-MG";"UOP01-DEL01-MG"
524839;2023-04-09;"domingo";"18:27:00";"GO";153;511;"APARECIDA DE GOIANIA";"Condutor deixou de manter distância do veículo da frente";"Colisão traseira";"Sem Vítimas";"Anoitecer";"Decrescente";"Garoa/Chuvisco";"Dupla";"Declive";"Não";3;0;0;0;1;2;0;2;-16,8067;-49,2394;"SPRF-GO";"DEL01-GO";"UOP03-DEL01-GO"
524840;2023-05-23;"terça-feira";"11:00:00";"SP";116;145,8;"SAO JOSE DOS CAMPOS";"Condutor Dormindo";"Colisão traseira";"Com Vítimas Feridas";"Pleno dia";"Crescente";"Céu Claro";"Dupla";"Declive;Reta";"Sim";3;0;1;0;2;0;1;2;-23,19122919;-45,86327591;"SPRF-SP";"DEL02-SP";"UOP01-DEL02-SP"
524843;2023-05-23;"terça-feira";"12:00:00";"PA";230;122;"MARABA";"Ausência de reação do condutor";"Colisão transversal";"Com Vítimas Feridas";"Pleno dia";"Decrescente";"Céu Claro";"Dupla";"Reta";"Não";2;0;1;0;1;0;1;2;-5,36137537;-49,12376139;"SPRF-PA";"DEL03-PA";"UOP01-DEL03-PA"
524845;2023-05-23;"terça-feira";"13:16:00";"ES";101;270,8;"SERRA";"Ausência de reação do condutor";"Colisão com objeto";"Com Vítimas Feridas";"Pleno dia";"Crescente";"Céu Claro";"Dupla";"Curva";"Sim";1;0;1;0;0;0;1;1;-20,22662056;-40,27075088;"SPRF-ES";"DEL02-ES";"UOP01-DEL02-ES"
524848;2023-04-29;"sábado";"09:35:00";"PR";116;20,9;"ANTONINA";"Velocidade Incompatível";"Saída de leito carroçável";"Com Vítimas Feridas";"Pleno dia";"Crescente";"Chuva";"Dupla";"Curva";"Não";4;0;0;1;3;0;1;1;-25,10419264;-48,738361;"SPRF-PR";"DEL01-PR";"UOP02-DEL01-PR"
524853;2023-04-05;"quarta-feira";"20:52:00";"SC";101;46,8;"JOINVILLE";"Pista Escorregadia";"Tombamento";"Com Vítimas Feridas";"Plena Noite";"Crescente";"Nublado";"Dupla";"Curva;Declive";"Sim";1;0;1;0;0;0;1;1;-26,33150083;-48,86187762;"SPRF-SC";"DEL03-SC";"UOP01-DEL03-SC"
524854;2023-05-23;"terça-feira";"11:25:00";"AL";104;18,2;"SAO JOSE DA LAJE";"Velocidade Incompatível";"Colisão traseira";"Com Vítimas Fatais";"Pleno dia";"Decrescente";"Céu Claro";"Simples";"Reta";"Não";2;1;0;0;1;0;0;2;-9,04193899;-36,03775187;"SPRF-AL";"DEL01-AL";"UOP02-DEL01-AL"
524855;2023-05-23;"terça-feira";"13:50:00";"BA";116;386;"SANTA BARBARA";"Avarias e/ou desgaste excessivo no pneu";"Saída de leito carroçável";"Com Vítimas Feridas";"Pleno dia";"Decrescente";"Chuva";"Simples";"Reta;Aclive";"Não";2;0;1;0;1;0;1;1;-11,90922;-38,98326;"SPRF-BA";"DEL02-BA";"UOP01-DEL02-BA"
524856;2023-05-23;"terça-feira";"13:50:00";"MG";40;816;"SIMAO PEREIRA";"Ingestão de álcool pelo condutor";"Colisão com objeto";"Com Vítimas Feridas";"Pleno dia";"Crescente";"Céu Claro";"Simples";"Reta";"Não";1;0;1;0;0;0;1;1;-21,90755681;-43,31493223;"SPRF-MG";"DEL05-MG";"UOP01-DEL05-MG"
524857;2023-05-23;"terça-feira";"11:50:00";"RJ";465;21;"NOVA IGUACU";"Reação tardia ou ineficiente do condutor";"Colisão com objeto";"Com Vítimas Feridas";"Pleno dia";"Decrescente";"Céu Claro";"Simples";"Reta";"Sim";3;0;2;0;1;0;2;2;-22,854782;-43,601933;"SPRF-RJ";"DEL03-RJ";"UOP01-DEL03-RJ"
524859;2023-05-23;"terça-feira";"11:37:00";"RO";364;344;"JI-PARANA";"Conversão proibida";"Saída de leito carroçável";"Sem Vítimas";"Pleno dia";"Decrescente";"Céu Claro";"Dupla";"Interseção de Vias";"Sim";3;0;0;0;3;0;0;2;-10,87376391;-61,95256893;"SPRF-RO";"DEL02-RO";"UOP01-DEL02-RO"
524860;2023-05-23;"terça-feira";"13:50:00";"BA";324;621;"SALVADOR";"Acessar a via sem observar a presença dos outros veículos";"Colisão traseira";"Com Vítimas Feridas";"Pleno dia";"Crescente";"Céu Claro";"Dupla";"Reta";"Sim";2;0;1;0;1;0;1;2;-12,91233708;-38,45956983;"SPRF-BA";"DEL01-BA";"UOP01-DEL01-BA"
524862;2023-05-23;"terça-feira";"11:00:00";"SC";470;245;"CURITIBANOS";"Ausência de reação do condutor";"Engavetamento";"Sem Vítimas";"Pleno dia";"Crescente";"Céu Claro";"Simples";"Reta";"Não";4;0;0;0;4;0;0;3;-27,316158;-50,524006;"SPRF-SC";"DEL05-SC";"UOP03-DEL05-SC"
524865;2023-05-23;"terça-feira";"14:10:00";"SP";116;230;"SAO PAULO";"Ausência de reação do condutor";"Colisão lateral mesmo sentido";"Com Vítimas Feridas";"Pleno dia";"Crescente";"Sol";"Múltipla";"Reta";"Não";2;0;1;0;0;1;1;2;-23,52251783;-46,5855702;"SPRF-SP";"DEL01-SP";"UOP01-DEL01-SP"
524866;2023-05-23;"terça-feira";"14:00:00";"RO";364;237,8;"CACOAL";"Condutor desrespeitou a iluminação vermelha do semáforo";"Colisão transversal";"Com Vítimas Feridas";"Pleno dia";"Crescente";"Céu Claro";"Simples";"Interseção de Vias";"Sim";3;0;0;3;0;0;3;2;-11,44341056;-61,44672787;"SPRF-RO";"DEL02-RO";"UOP02-DEL02-RO"
524871;2023-05-23;"terça-feira";"15:40:00";"SC";101;220;"PALHOCA";"Acesso irregular";"Colisão lateral mesmo sentido";"Com Vítimas Feridas";"Pleno dia";"Crescente";"Céu Claro";"Dupla";"Reta";"Sim";2;0;1;0;1;0;1;2;-27,69198941;-48,66368358;"SPRF-SC";"DEL01-SC";"UOP02-DEL01-SC"
524874;2023-05-23;"terça-feira";"15:00:00";"AL";316;243;"ATALAIA";"Condutor Dormindo";"Colisão frontal";"Sem Vítimas";"Pleno dia";"Crescente";"Céu Claro";"Simples";"Curva;Declive";"Não";4;0;0;0;4;0;0;2;-9,50948818;-36,01302293;"SPRF-AL";"DEL01-AL";"UOP01-DEL01-AL"
524876;2023-05-23;"terça-feira";"16:15:00";"SC";101;42;"JOINVILLE";"Velocidade Incompatível";"Capotamento";"Com Vítimas Feridas";"Pleno dia";"Crescente";"Céu Claro";"Dupla";"Interseção de Vias";"Sim";1;0;1;0;0;0;1;1;-26,32346025;-48,86803508;"SPRF-SC";"DEL03-SC";"UOP01-DEL03-SC"
524878;2023-05-23;"terça-feira";"14:00:00";"RJ";101;126;"QUISSAMA";"Reação tardia ou ineficiente do condutor";"Saída de leito carroçável";"Com Vítimas Feridas";"Pleno dia";"Decrescente";"Céu Claro";"Dupla";"Reta";"Não";1;0;1;0;0;0;1;1;-22,07552106;-41,6876848;"SPRF-RJ";"DEL08-RJ";"UOP04-DEL08-RJ"