"id";"data_inversa";"dia_semana";"horario";"uf";"br";"km";"municipio";"causa_acidente";"tipo_acidente";"classificacao_acidente";"fase_dia";"sentido_via";"condicao_metereologica";"tipo_pista";"tracado_via";"uso_solo";"pessoas";"mortos";"feridos_leves";"feridos_graves";"ilesos";"ignorados";"feridos";"veiculos";"latitude";"longitude";"regional";"delegacia";"uop"
525006;2023-05-24;"quarta-feira";"12:20:00";"PR";469;13;"FOZ DO IGUACU";"Ausência de reação do condutor";"Colisão traseira";"Com Vítimas Feridas";"Pleno dia";"Crescente";"Céu Claro";"Simples";"Reta;Em Obras";"Sim";3;0;1;0;2;0;1;2;-25,5754;-54,5489;"SPRF-PR";"DEL05-PR";"UOP04-DEL05-PR"
525008;2023-05-24;"quarta-feira";"11:10:00";"MG";40;40;"PARACATU";"Acessar a via sem observar a presença dos outros veículos";"Atropelamento de Pedestre";"Com Vítimas Feridas";"Pleno dia";"Crescente";"Céu Claro";"Simples";"Aclive;Reta";"Sim";2;0;1;1;0;0;2;2;-17,21013894;-46,88089301;"SPRF-MG";"DEL14-MG";"UOP01-DEL14-MG"
525009;2023-05-24;"quarta-feira";"10:30:00";"MA";10;325,9;"ACAILANDIA";"Acesso irregular";"Colisão transversal";"Com Vítimas Feridas";"Pleno dia";"Decrescente";"Céu Claro";"Simples";"Reta";"Não";2;0;1;0;1;0;1;2;-4,90801;-47,508263;"SPRF-MA";"DEL04-MA";"UOP03-DEL04-MA"
525011;2023-05-24;"quarta-feira";"13:00:00";"PR";277;452,1;"LARANJEIRAS DO SUL";"Acessar a via sem observar a presença dos outros veículos";"Colisão transversal";"Com Vítimas Feridas";"Pleno dia";"Decrescente";"Céu Claro";"Simples";"Interseção de Vias";"Sim";2;0;1;0;1;0;1;2;-25,37059917;-52,36924101;"SPRF-PR";"DEL04-PR";"UOP02-DEL04-PR"
525012;2023-05-24;"quarta-feira";"12:45:00";"SC";101;435;"SOMBRIO";"Condutor deixou de manter distância do veículo da frente";"Colisão traseira";"Com Vítimas Feridas";"Pleno dia";"Crescente";"Céu Claro";"Múltipla";"Reta";"Sim";2;0;2;0;0;0;2;2;-29,096988;-49,633828;"SPRF-SC";"DEL02-SC";"UOP02-DEL02-SC"
525014;2023-05-24;"quarta-feira";"08:20:00";"RJ";101;321;"NITEROI";"Manobra de mudança de faixa";"Colisão lateral mesmo sentido";"Com Vítimas Feridas";"Pleno dia";"Decrescente";"Céu Claro";"Múltipla";"Curva";"Não";3;0;2;0;1;0;2;2;-22,86981096;-43,11046465;"SPRF-RJ";"DEL02-RJ";"UOP01-DEL02-RJ"
525015;2023-05-24;"quarta-feira";"13:40:00";"RS";158;333,2;"SANTA MARIA";"Acessar a via sem observar a presença dos outros veículos";"Colisão transversal";"Com Vítimas Feridas";"Pleno dia";"Crescente";"Céu Claro";"Múltipla";"Interseção de Vias;Rotatória";"Sim";2;0;1;0;1;0;1;2;-29,70708067;-53,85235727;"SPRF-RS";"DEL09-RS";"UOP01-DEL09-RS"
525016;2023-05-24;"quarta-feira";"13:00:00";"RN";101;85,5;"NATAL";"Reação tardia ou ineficiente do condutor";"Colisão traseira";"Com Vítimas Feridas";"Pleno dia";"Crescente";"Céu Claro";"Simples";"Em Obras;Reta;Desvio Temporário";"Sim";4;0;2;0;2;0;2;3;-5,777664;-35,24937;"SPRF-RN";"DEL02-RN";"UOP01-DEL02-RN"
525017;2023-05-24;"quarta-feira";"12:30:00";"RJ";101;439;"MANGARATIBA";"Acessar a via sem observar a presença dos outros veículos";"Colisão frontal";"Com Vítimas Feridas";"Pleno dia";"Crescente";"Céu Claro";"Simples";"Curva";"Não";3;0;2;0;1;0;2;2;-22,95169979;-44,08381404;"SPRF-RJ";"DEL03-RJ";"UOP02-DEL03-RJ"
525019;2023-05-24;"quarta-feira";"13:45:00";"SP";381;51;"ATIBAIA";"Trafegar com motocicleta (ou similar) entre as faixas";"Colisão traseira";"Com Vítimas Feridas";"Pleno dia";"Decrescente";"Céu Claro";"Dupla";"Reta";"Não";1;0;1;0;0;0;1;1;-23,221911;-46,59644;"SPRF-SP";"DEL03-SP";"UOP01-DEL03-SP"
525022;2023-03-17;"sexta-feira";"11:50:00";"SC";101;125,5;"ITAJAI";"Condutor deixou de manter distância do veículo da frente";"Colisão traseira";"Com Vítimas Feridas";"Pleno dia";"Crescente";"Céu Claro";"Múltipla";"Reta";"Sim";3;0;1;0;2;0;1;2;-26,94802427;-48,68338515;"SPRF-SC";"DEL04-SC";"UOP04-DEL04-SC"
525025;2023-04-30;"domingo";"11:00:00";"PR";116;18;"ANTONINA";"Velocidade Incompatível";"Saída de leito carroçável";"Com Vítimas Feridas";"Pleno dia";"Decrescente";"Chuva";"Simples";"Reta";"Não";2;0;1;0;1;0;1;1;-25,103973;-48,710786;"SPRF-PR";"DEL01-PR";"UOP02-DEL01-PR"
525029;2023-05-24;"quarta-feira";"12:38:00";"AC";364;139;"RIO BRANCO";"Acessar a via sem observar a presença dos outros veículos";"Colisão transversal";"Com Vítimas Feridas";"Pleno dia";"Decrescente";"Céu Claro";"Dupla";"Rotatória";"Sim";2;0;1;0;1;0;1;2;-9,95359291;-67,86119892;"SPRF-AC";"DEL01-AC";"UOP01-DEL01-AC"
525030;2023-05-24;"quarta-feira";"13:40:00";"PR";277;204;"PALMEIRA";"Ausência de reação do condutor";"Saída de leito carroçável";"Com Vítimas Feridas";"Pleno dia";"Crescente";"Céu Claro";"Simples";"Reta";"Não";3;0;2;0;0;1;2;2;-25,46541671;-50,24006397;"SPRF-PR";"DEL08-PR";"UOP02-DEL08-PR"
525031;2023-05-24;"quarta-feira";"11:00:00";"PR";376;174,1;"MARINGA";"Desrespeitar a preferência no cruzamento";"Colisão transversal";"Com Vítimas Feridas";"Pleno dia";"Crescente";"Céu Claro";"Dupla";"Retorno Regulamentado";"Sim";2;0;1;0;1;0;1;2;-23,4172197;-51,9589231;"SPRF-PR";"DEL09-PR";"UOP01-DEL09-PR"
525032;2023-05-24;"quarta-feira";"15:20:00";"RS";285;338,5;"CARAZINHO";"Manobra de mudança de faixa";"Colisão transversal";"Com Vítimas Feridas";"Pleno dia";"Crescente";"Céu Claro";"Simples";"Reta;Interseção de Vias;Em Obras";"Sim";2;0;1;0;1;0;1;2;-28,318346;-52,769249;"SPRF-RS";"DEL08-RS";"UOP03-DEL08-RS"
525033;2023-05-24;"quarta-feira";"15:35:00";"SC";101;198;"SAO JOSE";"Acessar a via sem observar a presença dos outros veículos";"Colisão lateral mesmo sentido";"Com Vítimas Feridas";"Pleno dia";"Crescente";"Céu Claro";"Dupla";"Reta";"Sim";2;0;1;0;1;0;1;2;-27,52658712;-48,63506019;"SPRF-SC";"DEL01-SC";"UOP01-DEL01-SC"
525035;2023-05-24;"quarta-feira";"15:00:00";"PB";230;36;"SANTA RITA";"Velocidade Incompatível";"Saída de leito carroçável";"Sem Vítimas";"Pleno dia";"Crescente";"Nublado";"Dupla";"Curva";"Não";1;0;0;0;1;0;0;1;-7,1246;-34,9473;"SPRF-PB";"DEL01-PB";"UOP03-DEL01-PB"
525036;2023-05-24;"quarta-feira";"15:50:00";"MG";381;451;"SABARA";"Desrespeitar a preferência no cruzamento";"Colisão transversal";"Com Vítimas Feridas";"Pleno dia";"Decrescente";"Sol";"Simples";"Reta;Aclive;Interseção de Vias";"Sim";3;0;0;2;1;0;2;2;-19,83421574;-43,84881735;"SPRF-MG";"DEL01-MG";"UOP01-DEL01-MG"
525037;2023-05-21;"domingo";"03:00:00";"SC";101;271;"IMBITUBA";"Objeto estático sobre o leito carroçável";"Colisão com objeto";"Sem Vítimas";"Plena Noite";"Decrescente";"Céu Claro";"Dupla";"Reta";"Não";4;0;0;0;1;3;0;2;-28,11011972;-48,70211279;"SPRF-SC";"DEL02-SC";"UOP03-DEL02-SC"
525039;2023-05-24;"quarta-feira";"15:00:00";"SC";101;197;"BIGUACU";"Ausência de reação do condutor";"Colisão com objeto";"Com Vítimas Feridas";"Pleno dia";"Decrescente";"Céu Claro";"Dupla";"Aclive";"Sim";2;0;1;0;1;0;1;1;-27,51844497;-48,63848496;"SPRF-SC";"DEL01-SC";"UOP01-DEL01-SC"
525040;2023-05-24;"quarta-feira";"15:55:00";"RN";304;296;"MACAIBA";"Ultrapassagem Indevida";"Saída de leito carroçável";"Sem Vítimas";"Pleno dia";"Decrescente";"Céu Claro";"Simples";"Em Obras";"Não";1;0;0;0;1;0;0;1;-5,86484905;-35,34931012;"SPRF-RN";"DEL01-RN";"UOP02-DEL01-RN"
525041;2023-05-24;"quarta-feira";"14:50:00";"RN";427;59,5;"JARDIM DO SERIDO";"Velocidade Incompatível";"Queda de ocupante de veículo";"Com Vítimas Feridas";"Pleno dia";"Crescente";"Garoa/Chuvisco";"Simples";"Curva";"Não";1;0;1;0;0;0;1;1;-6,58867246;-36,80382584;"SPRF-RN";"DEL03-RN";"UOP01-DEL03-RN"
525043;2023-03-30;"quinta-feira";"01:40:00";"MG";116;276;"TEOFILO OTONI";"Obras na pista";"Tombamento";"Com Vítimas Feridas";"Plena Noite";"Decrescente";"Céu Claro";"Simples";"Reta;Em Obras";"Sim";1;0;0;1;0;0;1;1;-17,85331054;-41,51420116;"SPRF-MG";"DEL11-MG";"UOP01-DEL11-MG"
525045;2023-05-24;"quarta-feira";"13:12:00";"RO";364;64;"VILHENA";"Reação tardia ou ineficiente do condutor";"Tombamento";"Com Vítimas Feridas";"Pleno dia";"Decrescente";"Céu Claro";"Simples";"Declive";"Não";4;0;1;0;3;0;1;1;-12,50476617;-60,470767;"SPRF-RO";"DEL04-RO";"UOP01-DEL04-RO"
525046;2023-05-24;"quarta-feira";"16:45:00";"SP";153;31,4;"NOVA GRANADA";"Desrespeitar a preferência no cruzamento";"Colisão transversal";"Sem Vítimas";"Pleno dia";"Decrescente";"Sol";"Simples";"Interseção de Vias";"Sim";2;0;0;0;2;0;0;2;-20,54746171;-49,32959617;"SPRF-SP";"DEL09-SP";"UOP01-DEL09-SP"
525047;2023-05-24;"quarta-feira";"14:15:00";"RJ";116;194;"QUEIMADOS";"Condutor deixou de manter distância do veículo da frente";"Colisão lateral mesmo sentido";"Com Vítimas Feridas";"Pleno dia";"Decrescente";"Céu Claro";"Dupla";"Reta";"Não";3;0;3;0;0;0;3;2;-22,73711632;-43,53793909;"SPRF-RJ";"DEL01-RJ";"UOP02-DEL01-RJ"
525049;2023-05-24;"quarta-feira";"16:40:00";"GO";40;13,3;"LUZIANIA";"Pedestre andava na pista";"Atropelamento de Pedestre";"Com Vítimas Feridas";"Pleno dia";"Crescente";"Céu Claro";"Dupla";"Reta";"Não";2;0;1;0;1;0;1;2;-16,161705;-47,931536;"SPRF-DF";"DEL01-DF";"UOP01-DEL01-DF"
525050;2023-05-12;"sexta-feira";"05:45:00";"SE";235;32,5;"AREIA BRANCA";"Demais falhas mecânicas ou elétricas";"Incêndio";"Sem Vítimas";"Pleno dia";"Crescente";"Céu Claro";"Simples";"Curva";"Sim";1;0;0;0;1;0;0;1;-10,769286;-37,299343;"SPRF-SE";"DEL01-SE";"UOP02-DEL01-SE"
525053;2023-05-24;"quarta-feira";"16:00:00";"PR";277;104,9;"CURITIBA";"Reação tardia ou ineficiente do condutor";"Colisão traseira";"Com Vítimas Feridas";"Pleno dia";"Decrescente";"Céu Claro";"Dupla";"Reta";"Sim";2;0;1;0;1;0;1;2;-25,43407042;-49,41031337;"SPRF-PR";"DEL03-PR";"UOP03-DEL03-PR"
525055;2023-05-24;"quarta-feira";"16:50:00";"RS";158;224,2;"CRUZ ALTA";"Pista em desnível";"Tombamento";"Com Vítimas Feridas";"Pleno dia";"Crescente";"Céu Claro";"Simples";"Reta";"Não";1;0;0;1;0;0;1;1;-28,89544911;-53,62286977;"SPRF-RS";"DEL10-RS";"UOP02-DEL10-RS"
525057;2023-05-24;"quarta-feira";"18:00:00";"PB";230;21;"JOAO PESSOA";"Ausência de reação do condutor";"Colisão traseira";"Sem Vítimas";"Plena Noite";"Decrescente";"Céu Claro";"Dupla";"Reta";"Sim";4;0;0;0;4;0;0;4;-7,1415;-34,8519;"SPRF-PB";"DEL01-PB";"UOP01-DEL01-PB"
525058;2023-05-24;"quarta-feira";"15:20:00";"RS";153;415;"CACHOEIRA DO SUL";"Acessar a via sem observar a presença dos outros veículos";"Colisão transversal";"Com Vítimas Feridas";"Pleno dia";"Decrescente";"Céu Claro";"Simples";"Interseção de Vias;Reta";"Não";3;0;3;0;0;0;3;2;-30,07577892;-52,87608147;"SPRF-RS";"DEL02-RS";"UOP03-DEL02-RS"
525059;2023-05-24;"quarta-feira";"14:15:00";"RO";421;49;"MONTE NEGRO";"Acesso irregular";"Colisão frontal";"Com Vítimas Feridas";"Pleno dia";"Decrescente";"Nublado";"Simples";"Interseção de Vias;Reta";"Sim";3;0;1;1;1;0;2;2;-10,260859;-63,29063;"SPRF-RO";"DEL03-RO";"UOP01-DEL03-RO"
525060;2023-05-24;"quarta-feira";"17:00:00";"PE";423;94;"GARANHUNS";"Acessar a via sem observar a presença dos outros veículos";"Colisão transversal";"Com Vítimas Feridas";"Anoitecer";"Crescente";"Chuva";"Simples";"Interseção de Vias;Reta";"Sim";2;0;1;0;1;0;1;2;-8,874732;-36,46946;"SPRF-PE";"DEL03-PE";"UOP01-DEL03-PE"
525061;2023-05-24;"quarta-feira";"17:20:00";"PR";277;22;"MORRETES";"Reação tardia ou ineficiente do condutor";"Saída de leito carroçável";"Com Vítimas Feridas";"Anoitecer";"Crescente";"Nublado";"Dupla";"Reta";"Não";2;0;2;0;0;0;2;1;-25,54566194;-48,67953696;"SPRF-PR";"DEL01-PR";"UOP05-DEL01-PR"
525064;2023-05-24;"quarta-feira";"18:10:00";"RJ";393;267,5;"BARRA DO PIRAI";"Reação tardia ou ineficiente do condutor";"Tombamento";"Com Vítimas Feridas";"Plena Noite";"Crescente";"Céu Claro";"Simples";"Reta";"Não";1;0;1;0;0;0;1;1;-22,48615925;-43,90037496;"SPRF-RJ";"DEL05-RJ";"UOP04-DEL05-RJ"
525065;2023-05-24;"quarta-feira";"17:30:00";"PR";277;74;"SAO JOSE DOS PINHAIS";"Condutor deixou de manter distância do veículo da frente";"Colisão traseira";"Com Vítimas Feridas";"Plena Noite";"Crescente";"Céu Claro";"Dupla";"Reta";"Sim";3;0;1;0;2;0;1;3;-25,49262087;-49,17033613;"SPRF-PR";"DEL01-PR";"UOP01-DEL01-PR"
525066;2023-05-24;"quarta-feira";"14:56:00";"RO";364;221;"PIMENTA BUENO";"Afundamento ou ondulação no pavimento";"Tombamento";"Com Vítimas Feridas";"Pleno dia";"Crescente";"Céu Claro";"Simples";"Reta";"Não";1;0;1;0;0;0;1;1;-11,52919208;-61,33069104;"SPRF-RO";"DEL02-RO";"UOP02-DEL02-RO"
525067;2023-05-24;"quarta-feira";"17:30:00";"MG";116;118;"ITAOBIM";"Reação tardia ou ineficiente do condutor";"Queda de ocupante de veículo";"Com Vítimas Feridas";"Anoitecer";"Decrescente";"Garoa/Chuvisco";"Simples";"Aclive;Reta";"Não";1;0;1;0;0;0;1;1;-16,58259665;-41,50168389;"SPRF-MG";"DEL11-MG";"UOP02-DEL11-MG"
525068;2023-05-24;"quarta-feira";"17:00:00";"PE";232;105,6;"BEZERROS";"Ausência de reação do condutor";"Saída de leito carroçável";"Sem Vítimas";"Pleno dia";"Crescente";"Nublado";"Dupla";"Reta";"Não";1;0;0;0;0;1;0;1;-8,25830415;-35,78275595;"SPRF-PE";"DEL02-PE";"UOP02-DEL02PE"
525069;2023-05-24;"quarta-feira";"16:40:00";"RS";285;196;"LAGOA VERMELHA";"Acessar a via sem observar a presença dos outros veículos";"Colisão transversal";"Com Vítimas Feridas";"Pleno dia";"Decrescente";"Céu Claro";"Simples";"Rotatória;Interseção de Vias";"Não";5;0;2;0;3;0;2;2;-28,22687;-51,506737;"SPRF-RS";"DEL08-RS";"UOP05-DEL08-RS"
525070;2023-05-24;"quarta-feira";"18:15:00";"SC";282;4,8;"FLORIANOPOLIS";"Manobra de mudança de faixa";"Colisão lateral mesmo sentido";"Com Vítimas Feridas";"Plena Noite";"Crescente";"Céu Claro";"Múltipla";"Reta";"Sim";2;0;1;0;1;0;1;2;-27,592646;-48,604034;"SPRF-SC";"DEL01-SC";"UOP01-DEL01-SC"
525071;2023-05-24;"quarta-feira";"16:00:00";"SC";101;360;"SANGAO";"Ausência de reação do condutor";"Tombamento";"Com Vítimas Feridas";"Pleno dia";"Crescente";"Céu Claro";"Simples";"Curva;Declive";"Sim";1;0;1;0;0;0;1;1;-28,65823109;-49,10991486;"SPRF-SC";"DEL02-SC";"UOP01-DEL02-SC"
525073;2023-05-24;"quarta-feira";"16:30:00";"PI";316;352,6;"CAMPO GRANDE DO PIAUI";"Reação tardia ou ineficiente do condutor";"Queda de ocupante de veículo";"Com Vítimas Feridas";"Pleno dia";"Crescente";"Céu Claro";"Simples";"Reta";"Não";3;0;0;1;0;2;1;2;-7,12546739;-41,10127504;"SPRF-PI";"DEL04-PI";"UOP03-DEL04-PI"
525075;2023-05-24;"quarta-feira";"18:30:00";"PR";116;210,7;"RIO NEGRO";"Desrespeitar a preferência no cruzamento";"Colisão transversal";"Com Vítimas Feridas";"Plena Noite";"Crescente";"Nublado";"Simples";"Interseção de Vias";"Não";2;0;1;0;1;0;1;2;-26,07479435;-49,76117178;"SPRF-SC";"DEL06-SC";"UOP01-DEL06-SC"
525077;2023-05-24;"quarta-feira";"18:30:00";"RS";158;567,5;"SANTANA DO LIVRAMENTO";"Acessar a via sem observar a presença dos outros veículos";"Colisão transversal";"Com Vítimas Feridas";"Plena Noite";"Crescente";"Céu Claro";"Simples";"Em Obras;Interseção de Vias;Aclive";"Sim";4;0;1;1;2;0;2;2;-30,88467695;-55,50805985;"SPRF-RS";"DEL11-RS";"UOP01-DEL11-RS"
525079;2023-05-24;"quarta-feira";"18:19:00";"DF";40;3;"BRASILIA";"Ausência de reação do condutor";"Colisão traseira";"Com Vítimas Feridas";"Plena Noite";"Crescente";"Céu Claro";"Dupla";"Reta";"Sim";2;0;1;0;1;0;1;2;-16,003145;-47,983944;"SPRF-DF";"DEL01-DF";"UOP01-DEL01-DF"
525080;2023-05-24;"quarta-feira";"17:30:00";"SP";116;273;"TABOAO DA SERRA";"Trafegar com motocicleta (ou similar) entre as faixas";"Colisão traseira";"Com Vítimas Feridas";"Plena Noite";"Crescente";"Céu Claro";"Dupla";"Reta";"Sim";2;0;1;0;1;0;1;2;-23,62809795;-46,81870306;"SPRF-SP";"DEL04-SP";"UOP01-DEL04-SP"
525081;2023-05-24;"quarta-feira";"18:00:00";"PR";277;83;"CURITIBA";"Velocidade Incompatível";"Tombamento";"Com Vítimas Feridas";"Anoitecer";"Crescente";"Nublado";"Dupla";"Reta";"Sim";1;0;0;1;0;0;1;1;-25,45098622;-49,22750473;"SPRF-PR";"DEL01-PR";"UOP01-DEL01-PR"
525082;2023-05-24;"quarta-feira";"18:15:00";"MG";262;461,2;"NOVA SERRANA";"Ultrapassagem Indevida";"Colisão lateral mesmo sentido";"Com Vítimas Feridas";"Plena Noite";"Crescente";"Céu Claro";"Simples";"Reta;Aclive";"Não";3;0;2;0;1;0;2;2;-19,82283349;-45,08196173;"SPRF-MG";"DEL08-MG";"UOP03-DEL08-MG"
525083;2023-05-24;"quarta-feira";"15:30:00";"RJ";493;56;"DUQUE DE CAXIAS";"Reação tardia ou ineficiente do condutor";"Tombamento";"Com Vítimas Feridas";"Pleno dia";"Decrescente";"Céu Claro";"Dupla";"Reta";"Sim";1;0;1;0;0;0;1;1;-22,672089;-43,285053;"SPRF-RJ";"DEL01-RJ";"UOP01-DEL01-RJ"
525085;2023-05-24;"quarta-feira";"18:30:00";"SC";280;48;"GUARAMIRIM";"Acessar a via sem observar a presença dos outros veículos";"Colisão transversal";"Com Vítimas Feridas";"Plena Noite";"Decrescente";"Céu Claro";"Simples";"Reta;Declive;Interseção de Vias";"Não";4;0;2;0;2;0;2;2;-26,45606998;-48,93007994;"SPRF-SC";"DEL03-SC";"UOP03-DEL03-SC"
525088;2023-05-24;"quarta-feira";"16:50:00";"PR";376;500;"PONTA GROSSA";"Reação tardia ou ineficiente do condutor";"Saída de leito carroçável";"Com Vítimas Feridas";"Pleno dia";"Crescente";"Céu Claro";"Dupla";"Reta";"Não";3;0;0;1;1;1;1;2;-25,16090749;-50,12298167;"SPRF-PR";"DEL03-PR";"UOP04-DEL03-PR"
525089;2023-05-24;"quarta-feira";"13:00:00";"MT";174;258;"PONTES E LACERDA";"Ultrapassagem Indevida";"Saída de leito carroçável";"Com Vítimas Feridas";"Pleno dia";"Crescente";"Céu Claro";"Simples";"Reta";"Não";1;0;1;0;0;0;1;1;-15,43470055;-59,1115636;"SPRF-MT";"DEL04-MT";"UOP01-DEL04-MT"
525090;2023-05-24;"quarta-feira";"19:00:00";"SC";101;125,4;"ITAJAI";"Condutor deixou de manter distância do veículo da frente";"Colisão traseira";"Com Vítimas Feridas";"Plena Noite";"Decrescente";"Céu Claro";"Simples";"Reta";"Não";2;0;1;0;1;0;1;2;-26,94802427;-48,68338515;"SPRF-SC";"DEL04-SC";"UOP04-DEL04-SC"
525091;2023-05-24;"quarta-feira";"19:30:00";"PE";101;77,5;"RECIFE";"Manobra de mudança de faixa";"Colisão lateral mesmo sentido";"Com Vítimas Feridas";"Plena Noite";"Crescente";"Céu Claro";"Dupla";"Reta";"Não";2;0;1;0;1;0;1;2;-8,126982;-34,94386;"SPRF-PE";"DEL01-PE";"UOP01-DEL01-PE"
525092;2023-05-24;"quarta-feira";"17:00:00";"MS";163;18;"MUNDO NOVO";"Pedestre cruzava a pista fora da faixa";"Atropelamento de Pedestre";"Com Vítimas Feridas";"Anoitecer";"Decrescente";"Céu Claro";"Simples";"Reta";"Sim";2;0;0;1;1;0;1;2;-23,94186304;-54,28068144;"SPRF-MS";"DEL09-MS";"UOP02-DEL09-MS"
525093;2023-05-24;"quarta-feira";"18:30:00";"PR";376;2,5;"SAO JOSE DOS PINHAIS";"Reação tardia ou ineficiente do condutor";"Colisão traseira";"Com Vítimas Feridas";"Anoitecer";"Decrescente";"Nublado";"Dupla";"Em Obras;Reta";"Sim";2;0;1;0;1;0;1;2;-25,5307;-49,1958;"SPRF-PR";"DEL01-PR";"UOP04-DEL01-PR"
525094;2023-05-24;"quarta-feira";"19:45:00";"MG";116;416;"GOVERNADOR VALADARES";"Acessar a via sem observar a presença dos outros veículos";"Tombamento";"Com Vítimas Feridas";"Plena Noite";"Decrescente";"Céu Claro";"Simples";"Reta";"Sim";1;0;1;0;0;0;1;1;-18,89215187;-41,94699543;"SPRF-MG";"DEL06-MG";"UOP01-DEL06-MG"
525097;2023-05-24;"quarta-feira";"18:20:00";"TO";153;5;"XAMBIOA";"Ausência de reação do condutor";"Colisão traseira";"Com Vítimas Feridas";"Plena Noite";"Crescente";"Céu Claro";"Simples";"Reta";"Não";1;0;0;1;0;0;1;1;-6,427149;-48,52611501;"SPRF-TO";"DEL02-TO";"UOP01-DEL02-TO"
525098;2023-05-24;"quarta-feira";"19:20:00";"PR";476;151;"ARAUCARIA";"Reação tardia ou ineficiente do condutor";"Saída de leito carroçável";"Sem Vítimas";"Plena Noite";"Crescente";"Céu Claro";"Dupla";"Curva";"Sim";1;0;0;0;0;1;0;1;-25,56711671;-49,3807333;"SPRF-PR";"DEL01-PR";"UOP06-DEL01-PR"
525099;2023-05-24;"quarta-feira";"18:50:00";"PB";230;506;"CAJAZEIRAS";"Acessar a via sem observar a presença dos outros veículos";"Colisão transversal";"Com Vítimas Feridas";"Plena Noite";"Crescente";"Céu Claro";"Simples";"Reta";"Sim";3;0;2;1;0;0;3;2;-6,9008;-38,5559;"SPRF-PB";"DEL03-PB";"UOP03-DEL03-PB"
525102;2023-05-24;"quarta-feira";"19:20:00";"MS";262;239;"RIBAS DO RIO PARDO";"Acesso irregular";"Atropelamento de Pedestre";"Com Vítimas Feridas";"Plena Noite";"Decrescente";"Céu Claro";"Simples";"Reta";"Sim";2;0;1;1;0;0;2;2;-20,45766622;-53,76551998;"SPRF-MS";"DEL01-MS";"UOP01-DEL01-MS"
525103;2023-05-24;"quarta-feira";"18:50:00";"MT";163;831;"SINOP";"Reação tardia ou ineficiente do condutor";"Colisão transversal";"Com Vítimas Feridas";"Plena Noite";"Decrescente";"Ignorado";"Dupla";"Retorno Regulamentado";"Sim";2;0;0;1;1;0;1;2;-12,022768;-55,51723;"SPRF-MT";"DEL06-MT";"UOP02-DEL06-MT"
525104;2023-05-24;"quarta-feira";"19:30:00";"MS";60;505,5;"MARACAJU";"Animais na Pista";"Atropelamento de Animal";"Com Vítimas Feridas";"Plena Noite";"Decrescente";"Céu Claro";"Simples";"Reta";"Não";1;0;1;0;0;0;1;1;-21,21674512;-55,55450605;"SPRF-MS";"DEL05-MS";"UOP01-DEL05-MS"
525109;2023-05-24;"quarta-feira";"21:10:00";"GO";153;518;"HIDROLANDIA";"Demais falhas na via";"Queda de ocupante de veículo";"Com Vítimas Feridas";"Plena Noite";"Crescente";"Céu Claro";"Dupla";"Aclive";"Não";1;0;1;0;0;0;1;1;-16,867;-49,2505;"SPRF-GO";"DEL01-GO";"UOP03-DEL01-GO"
525111;2023-05-24;"quarta-feira";"20:23:00";"SP";116;39,3;"CACHOEIRA PAULISTA";"Reação tardia ou ineficiente do condutor";"Capotamento";"Com Vítimas Feridas";"Plena Noite";"Crescente";"Céu Claro";"Dupla";"Reta;Viaduto";"Não";1;0;1;0;0;0;1;1;-22,67527958;-44,99918431;"SPRF-SP";"DEL08-SP";"UOP02-DEL08-SP"
525112;2023-05-04;"quinta-feira";"22:30:00";"MG";40;454;"CAETANOPOLIS";"Acessar a via sem observar a presença dos outros veículos";"Atropelamento de Pedestre";"Com Vítimas Fatais";"Plena Noite";"Crescente";"Céu Claro";"Dupla";"Reta";"Não";2;1;0;0;0;1;0;2;-19,34996189;-44,35227779;"SPRF-MG";"DEL02-MG";"UOP01-DEL02-MG"
525113;2023-05-24;"quarta-feira";"21:24:00";"PE";101;64,9;"RECIFE";"Ingestão de álcool pelo condutor";"Colisão com objeto";"Com Vítimas Feridas";"Plena Noite";"Crescente";"Céu Claro";"Dupla";"Reta";"Sim";2;0;1;0;1;0;1;1;-8,0162921;-34,94045886;"SPRF-PE";"DEL01-PE";"UOP01-DEL01-PE"
525114;2023-05-24;"quarta-feira";"18:20:00";"RO";364;342;"JI-PARANA";"Reação tardia ou ineficiente do condutor";"Colisão traseira";"Com Vítimas Feridas";"Plena Noite";"Crescente";"Céu Claro";"Dupla";"Reta;Ponte";"Sim";5;0;1;0;4;0;1;5;-10,88381227;-61,93741416;"SPRF-RO";"DEL02-RO";"UOP01-DEL02-RO"
525115;2023-05-24;"quarta-feira";"19:50:00";"RJ";101;265;"RIO BONITO";"Mal súbito do condutor";"Saída de leito carroçável";"Com Vítimas Feridas";"Plena Noite";"Decrescente";"Céu Claro";"Dupla";"Reta";"Não";3;0;1;0;2;0;1;1;-22,70736979;-42,65815258;"SPRF-RJ";"DEL02-RJ";"UOP03-DEL02-RJ"
525117;2023-05-24;"quarta-feira";"19:40:00";"MG";116;208;"CATUJI";"Ausência de reação do condutor";"Atropelamento de Pedestre";"Com Vítimas Feridas";"Plena Noite";"Decrescente";"Garoa/Chuvisco";"Simples";"Reta";"Sim";5;0;0;1;4;0;1;2;-17,308365;-41,518593;"SPRF-MG";"DEL11-MG";"UOP01-DEL11-MG"
525118;2023-05-24;"quarta-feira";"21:20:00";"BA";116;426;"FEIRA DE SANTANA";"Condutor Dormindo";"Colisão com objeto";"Com Vítimas Feridas";"Plena Noite";"Crescente";"Nublado";"Dupla";"Reta;Em Obras";"Sim";1;0;1;0;0;0;1;1;-12,266015;-38,98944;"SPRF-BA";"DEL02-BA";"UOP01-DEL02-BA"