"id";"data_inversa";"dia_semana";"horario";"uf";"br";"km";"municipio";"causa_acidente";"tipo_acidente";"classificacao_acidente";"fase_dia";"sentido_via";"condicao_metereologica";"tipo_pista";"tracado_via";"uso_solo";"pessoas";"mortos";"feridos_leves";"feridos_graves";"ilesos";"ignorados";"feridos";"veiculos";"latitude";"longitude";"regional";"delegacia";"uop"
525120;2023-05-24;"quarta-feira";"22:35:00";"CE";304;52,7;"ARACATI";"Iluminação deficiente";"Colisão traseira";"Com Vítimas Feridas";"Plena Noite";"Crescente";"Céu Claro";"Simples";"Reta";"Não";3;0;0;2;1;0;2;3;-4,57402355;-37,73636121;"SPRF-CE";"DEL03-CE";"UOP03-DEL03-CE"
525123;2023-05-24;"quarta-feira";"23:55:00";"MG";381;485;"BETIM";"Avarias e/ou desgaste excessivo no pneu";"Tombamento";"Com Vítimas Feridas";"Plena Noite";"Decrescente";"Céu Claro";"Dupla";"Reta;Declive";"Sim";1;0;1;0;0;0;1;1;-19,95659361;-44,12622893;"SPRF-MG";"DEL01-MG";"UOP03-DEL01-MG"
525125;2023-04-02;"domingo";"22:44:00";"PE";101;65;"RECIFE";"Reação tardia ou ineficiente do condutor";"Colisão com objeto";"Com Vítimas Feridas";"Plena Noite";"Crescente";"Céu Claro";"Dupla";"Reta";"Sim";2;0;1;0;1;0;1;1;-8,02478597;-34,94276635;"SPRF-PE";"DEL01-PE";"UOP01-DEL01-PE"
525128;2023-05-25;"quinta-feira";"01:45:00";"PB";230;28,3;"JOAO PESSOA";"Velocidade Incompatível";"Colisão com objeto";"Com Vítimas Feridas";"Plena Noite";"Crescente";"Nublado";"Dupla";"Curva";"Sim";1;0;1;0;0;0;1;1;-7,16496217;-34,89466099;"SPRF-PB";"DEL01-PB";"UOP01-DEL01-PB"
525129;2023-05-25;"quinta-feira";"02:10:00";"RJ";116;285;"BARRA MANSA";"Condutor Dormindo";"Capotamento";"Com Vítimas Feridas";"Plena Noite";"Decrescente";"Céu Claro";"Dupla";"Curva";"Não";1;0;1;0;0;0;1;1;-22,50496778;-44,22509483;"SPRF-RJ";"DEL07-RJ";"UOP02-DEL07-RJ"
525130;2023-05-25;"quinta-feira";"00:10:00";"MG";381;862,3;"POUSO ALEGRE";"Reação tardia ou ineficiente do condutor";"Capotamento";"Com Vítimas Feridas";"Plena Noite";"Crescente";"Céu Claro";"Dupla";"Curva";"Não";4;0;4;0;0;0;4;1;-22,37453071;-45,93949727;"SPRF-MG";"DEL16-MG";"UOP01-DEL16-MG"
525134;2023-05-25;"quinta-feira";"04:00:00";"RJ";116;172;"SAO JOAO DE MERITI";"Demais falhas mecânicas ou elétricas";"Incêndio";"Sem Vítimas";"Plena Noite";"Crescente";"Céu Claro";"Múltipla";"Reta";"Sim";1;0;0;0;1;0;0;1;-22,80188151;-43,35043673;"SPRF-RJ";"DEL01-RJ";"UOP02-DEL01-RJ"
525136;2023-05-24;"quarta-feira";"17:50:00";"MA";230;5;"BARAO DE GRAJAU";"Transitar na contramão";"Eventos atípicos";"Com Vítimas Feridas";"Anoitecer";"Crescente";"Céu Claro";"Simples";"Reta";"Não";2;0;2;0;0;0;2;2;-6,74576427;-43,05085411;"SPRF-PI";"DEL03-PI";"UOP01-DEL03-PI"
525137;2023-05-25;"quinta-feira";"04:39:00";"GO";40;0,5;"VALPARAISO DE GOIAS";"Manobra de mudança de faixa";"Colisão transversal";"Com Vítimas Feridas";"Plena Noite";"Crescente";"Céu Claro";"Dupla";"Reta";"Sim";2;0;0;1;1;0;1;2;-16,058273;-47,982655;"SPRF-DF";"DEL01-DF";"UOP01-DEL01-DF"
525139;2023-05-25;"quinta-feira";"04:55:00";"PE";423;25,4;"SAO CAITANO";"Manobra de mudança de faixa";"Colisão frontal";"Com Vítimas Fatais";"Amanhecer";"Decrescente";"Chuva";"Simples";"Curva";"Não";3;1;0;1;1;0;1;2;-8,381685;-36,173338;"SPRF-PE";"DEL03-PE";"UOP02-DEL03-PE"
525140;2023-05-25;"quinta-feira";"06:50:00";"SP";116;223;"GUARULHOS";"Reação tardia ou ineficiente do condutor";"Colisão traseira";"Com Vítimas Feridas";"Pleno dia";"Crescente";"Céu Claro";"Múltipla";"Reta";"Sim";3;0;2;0;1;0;2;2;-23,47559815;-46,5246609;"SPRF-SP";"DEL01-SP";"UOP01-DEL01-SP"
525142;2023-05-25;"quinta-feira";"05:50:00";"SP";116;210;"GUARULHOS";"Reação tardia ou ineficiente do condutor";"Colisão lateral mesmo sentido";"Com Vítimas Feridas";"Pleno dia";"Crescente";"Nublado";"Múltipla";"Reta";"Sim";2;0;1;0;1;0;1;2;-23,42870023;-46,41085991;"SPRF-SP";"DEL01-SP";"UOP01-DEL01-SP"
525144;2023-05-25;"quinta-feira";"05:30:00";"SP";116;145;"SAO JOSE DOS CAMPOS";"Ausência de sinalização";"Atropelamento de Pedestre";"Com Vítimas Feridas";"Amanhecer";"Decrescente";"Nevoeiro/Neblina";"Dupla";"Reta";"Sim";2;0;0;1;1;0;1;2;-23,1869844;-45,8548078;"SPRF-SP";"DEL02-SP";"UOP01-DEL02-SP"
525145;2023-05-25;"quinta-feira";"07:15:00";"MG";381;498;"BETIM";"Ausência de reação do condutor";"Queda de ocupante de veículo";"Com Vítimas Feridas";"Pleno dia";"Decrescente";"Céu Claro";"Simples";"Retorno Regulamentado";"Sim";1;0;1;0;0;0;1;1;-20,01172662;-44,21976041;"SPRF-MG";"DEL04-MG";"UOP03-DEL04-MG"
525146;2023-05-25;"quinta-feira";"07:15:00";"SP";153;58,1;"SAO JOSE DO RIO PRETO";"Manobra de mudança de faixa";"Colisão traseira";"Com Vítimas Feridas";"Pleno dia";"Crescente";"Céu Claro";"Dupla";"Aclive";"Sim";2;0;1;0;1;0;1;2;-20,77838195;-49,35300538;"SPRF-SP";"DEL09-SP";"UOP01-DEL09-SP"
525149;2023-05-25;"quinta-feira";"07:25:00";"SP";153;58;"SAO JOSE DO RIO PRETO";"Ausência de reação do condutor";"Colisão traseira";"Com Vítimas Feridas";"Pleno dia";"Crescente";"Sol";"Dupla";"Reta";"Sim";3;0;2;0;1;0;2;2;-20,77838195;-49,35300538;"SPRF-SP";"DEL09-SP";"UOP01-DEL09-SP"
525150;2023-05-25;"quinta-feira";"07:30:00";"BA";324;587;"CANDEIAS";"Reação tardia ou ineficiente do condutor";"Tombamento";"Com Vítimas Feridas";"Pleno dia";"Crescente";"Nublado";"Dupla";"Reta";"Não";1;0;1;0;0;0;1;1;-12,64715411;-38,47504041;"SPRF-BA";"DEL01-BA";"UOP01-DEL01-BA"
525151;2023-05-25;"quinta-feira";"07:30:00";"SP";153;53,2;"SAO JOSE DO RIO PRETO";"Acessar a via sem observar a presença dos outros veículos";"Colisão traseira";"Com Vítimas Feridas";"Pleno dia";"Decrescente";"Céu Claro";"Dupla";"Retorno Regulamentado";"Não";3;0;1;0;2;0;1;2;-20,73603199;-49,33803779;"SPRF-SP";"DEL09-SP";"UOP01-DEL09-SP"
525152;2023-05-25;"quinta-feira";"07:20:00";"SP";116;138,2;"SAO JOSE DOS CAMPOS";"Velocidade Incompatível";"Colisão traseira";"Com Vítimas Feridas";"Pleno dia";"Crescente";"Sol";"Dupla";"Reta";"Sim";2;0;1;0;1;0;1;2;-23,1572739;-45,79554605;"SPRF-SP";"DEL02-SP";"UOP01-DEL02-SP"
525154;2023-05-25;"quinta-feira";"07:53:00";"DF";60;3,5;"BRASILIA";"Condutor deixou de manter distância do veículo da frente";"Colisão traseira";"Com Vítimas Feridas";"Pleno dia";"Decrescente";"Céu Claro";"Dupla";"Reta";"Não";2;0;2;0;0;0;2;2;-15,890521;-48,086864;"SPRF-DF";"DEL03-DF";"UOP01-DEL03-DF"
525155;2023-05-25;"quinta-feira";"05:20:00";"SP";116;142,9;"SAO JOSE DOS CAMPOS";"Frear bruscamente";"Tombamento";"Com Vítimas Feridas";"Plena Noite";"Decrescente";"Nevoeiro/Neblina";"Múltipla";"Reta";"Sim";1;0;1;0;0;0;1;1;-23,17426078;-45,82940111;"SPRF-SP";"DEL02-SP";"UOP01-DEL02-SP"
525156;2023-05-25;"quinta-feira";"07:50:00";"RS";290;107;"ELDORADO DO SUL";"Manobra de mudança de faixa";"Colisão traseira";"Com Vítimas Feridas";"Pleno dia";"Decrescente";"Céu Claro";"Dupla";"Aclive";"Não";3;0;2;0;1;0;2;2;-30,001852;-51,304264;"SPRF-RS";"DEL02-RS";"UOP01-DEL02-RS"
525157;2023-05-25;"quinta-feira";"03:15:00";"BA";242;532;"OLIVEIRA DOS BREJINHOS";"Animais na Pista";"Atropelamento de Animal";"Com Vítimas Feridas";"Plena Noite";"Crescente";"Céu Claro";"Simples";"Reta";"Não";4;0;2;1;1;0;3;1;-12,2666242;-42,72559507;"SPRF-BA";"DEL06-BA";"UOP01-DEL06-BA"
525158;2023-05-25;"quinta-feira";"07:00:00";"PB";230;11,1;"CABEDELO";"Acessar a via sem observar a presença dos outros veículos";"Colisão transversal";"Com Vítimas Feridas";"Pleno dia";"Decrescente";"Chuva";"Dupla";"Reta;Retorno Regulamentado";"Sim";2;0;1;1;0;0;2;2;-7,0596;-34,8506;"SPRF-PB";"DEL01-PB";"UOP01-DEL01-PB"
525159;2023-05-25;"quinta-feira";"07:40:00";"CE";116;4;"FORTALEZA";"Reação tardia ou ineficiente do condutor";"Colisão traseira";"Sem Vítimas";"Pleno dia";"Crescente";"Céu Claro";"Múltipla";"Reta";"Sim";2;0;0;0;2;0;0;2;-3,7867209;-38,5114568;"SPRF-CE";"DEL01-CE";"UOP02-DEL01-CE"
525160;2023-05-25;"quinta-feira";"07:30:00";"MG";262;38;"MANHUACU";"Acessar a via sem observar a presença dos outros veículos";"Colisão transversal";"Com Vítimas Feridas";"Pleno dia";"Decrescente";"Nublado";"Simples";"Reta";"Sim";3;0;1;0;1;1;1;3;-20,26305859;-42,03684948;"SPRF-MG";"DEL06-MG";"UOP03-DEL06-MG"
525161;2023-05-25;"quinta-feira";"07:08:00";"ES";101;268,2;"SERRA";"Ausência de reação do condutor";"Colisão traseira";"Sem Vítimas";"Pleno dia";"Crescente";"Nublado";"Múltipla";"Reta";"Sim";2;0;0;0;0;2;0;2;-20,20842;-40,269405;"SPRF-ES";"DEL02-ES";"UOP01-DEL02-ES"
525162;2023-05-25;"quinta-feira";"07:35:00";"MG";262;385;"MATEUS LEME";"Condutor Dormindo";"Saída de leito carroçável";"Com Vítimas Feridas";"Pleno dia";"Crescente";"Sol";"Dupla";"Curva";"Não";1;0;1;0;0;0;1;1;-19,91977607;-44,47952271;"SPRF-MG";"DEL01-MG";"UOP03-DEL01-MG"
525163;2023-05-25;"quinta-feira";"08:00:00";"SP";116;147;"SAO JOSE DOS CAMPOS";"Ausência de reação do condutor";"Colisão traseira";"Com Vítimas Feridas";"Pleno dia";"Decrescente";"Céu Claro";"Múltipla";"Reta";"Não";2;0;1;0;1;0;1;2;-23,19542994;-45,87176303;"SPRF-SP";"DEL02-SP";"UOP01-DEL02-SP"
525164;2023-05-25;"quinta-feira";"08:20:00";"BA";324;621;"SALVADOR";"Condutor deixou de manter distância do veículo da frente";"Colisão traseira";"Com Vítimas Feridas";"Pleno dia";"Crescente";"Garoa/Chuvisco";"Dupla";"Curva";"Sim";2;0;1;0;1;0;1;2;-12,91233708;-38,45956983;"SPRF-BA";"DEL01-BA";"UOP01-DEL01-BA"
525168;2023-05-25;"quinta-feira";"08:55:00";"PB";230;11,5;"CABEDELO";"Acessar a via sem observar a presença dos outros veículos";"Colisão transversal";"Sem Vítimas";"Pleno dia";"Decrescente";"Sol";"Dupla";"Reta";"Sim";2;0;0;0;2;0;0;2;-7,0596;-34,8506;"SPRF-PB";"DEL01-PB";"UOP01-DEL01-PB"
525169;2023-05-25;"quinta-feira";"08:00:00";"RJ";40;112;"DUQUE DE CAXIAS";"Reação tardia ou ineficiente do condutor";"Queda de ocupante de veículo";"Com Vítimas Feridas";"Pleno dia";"Crescente";"Céu Claro";"Múltipla";"Reta";"Não";1;0;1;0;0;0;1;1;-22,7004454;-43,29014851;"SPRF-RJ";"DEL01-RJ";"UOP01-DEL01-RJ"
525170;2023-05-25;"quinta-feira";"08:45:00";"PR";277;726,4;"FOZ DO IGUACU";"Ausência de reação do condutor";"Saída de leito carroçável";"Com Vítimas Feridas";"Pleno dia";"Crescente";"Céu Claro";"Dupla";"Curva";"Sim";2;0;1;0;0;1;1;2;-25,51035103;-54,55835223;"SPRF-PR";"DEL05-PR";"UOP03-DEL05-PR"
525171;2023-05-25;"quinta-feira";"07:30:00";"RJ";101;412;"MANGARATIBA";"Acessar a via sem observar a presença dos outros veículos";"Colisão traseira";"Com Vítimas Feridas";"Pleno dia";"Decrescente";"Sol";"Dupla";"Retorno Regulamentado";"Sim";2;0;1;0;1;0;1;2;-22,89720365;-43,85639217;"SPRF-RJ";"DEL03-RJ";"UOP01-DEL03-RJ"
525173;2023-05-25;"quinta-feira";"08:55:00";"PE";423;95;"GARANHUNS";"Acessar a via sem observar a presença dos outros veículos";"Colisão traseira";"Com Vítimas Feridas";"Pleno dia";"Crescente";"Céu Claro";"Simples";"Curva";"Sim";2;0;1;0;1;0;1;2;-8,87891989;-36,47796305;"SPRF-PE";"DEL03-PE";"UOP01-DEL03-PE"
525176;2023-05-25;"quinta-feira";"09:05:00";"BA";324;528;"FEIRA DE SANTANA";"Condutor deixou de manter distância do veículo da frente";"Colisão traseira";"Com Vítimas Feridas";"Pleno dia";"Decrescente";"Garoa/Chuvisco";"Dupla";"Reta";"Sim";8;0;3;0;5;0;3;5;-12,31728191;-38,87612093;"SPRF-BA";"DEL01-BA";"UOP03-DEL01-BA"
525177;2023-05-24;"quarta-feira";"15:00:00";"RJ";493;62;"NOVA IGUACU";"Demais falhas mecânicas ou elétricas";"Incêndio";"Sem Vítimas";"Pleno dia";"Decrescente";"Céu Claro";"Dupla";"Reta";"Não";1;0;0;0;1;0;0;1;-22,68343991;-43,41427803;"SPRF-RJ";"DEL01-RJ";"UOP03-DEL01-RJ"
525179;2023-05-25;"quinta-feira";"08:20:00";"GO";153;200;"URUACU";"Condutor deixou de manter distância do veículo da frente";"Colisão traseira";"Com Vítimas Feridas";"Pleno dia";"Decrescente";"Céu Claro";"Simples";"Curva";"Sim";3;0;1;0;2;0;1;2;-14,513057;-49,149277;"SPRF-GO";"DEL07-GO";"UOP02-DEL07-GO"
525180;2023-05-25;"quinta-feira";"09:40:00";"AL";316;158;"PALMEIRA DOS INDIOS";"Acessar a via sem observar a presença dos outros veículos";"Colisão transversal";"Sem Vítimas";"Pleno dia";"Crescente";"Garoa/Chuvisco";"Simples";"Reta";"Sim";2;0;0;0;2;0;0;2;-9,43334352;-36,61323443;"SPRF-AL";"DEL03-AL";"UOP01-DEL03-AL"
525183;2023-05-25;"quinta-feira";"11:00:00";"SP";116;188;"SANTA ISABEL";"Manobra de mudança de faixa";"Colisão traseira";"Com Vítimas Feridas";"Pleno dia";"Crescente";"Céu Claro";"Dupla";"Reta";"Não";2;0;1;0;1;0;1;2;-23,3594352;-46,21675791;"SPRF-SP";"DEL01-SP";"UOP01-DEL01-SP"
525184;2023-05-05;"sexta-feira";"15:30:00";"RJ";465;14;"SEROPEDICA";"Acessar a via sem observar a presença dos outros veículos";"Colisão transversal";"Com Vítimas Feridas";"Pleno dia";"Crescente";"Céu Claro";"Simples";"Reta";"Sim";3;0;1;0;1;1;1;3;-22,804979;-43,638828;"SPRF-RJ";"DEL01-RJ";"UOP03-DEL01-RJ"
525185;2023-05-25;"quinta-feira";"11:00:00";"MG";116;413;"GOVERNADOR VALADARES";"Ausência de reação do condutor";"Colisão traseira";"Com Vítimas Feridas";"Pleno dia";"Decrescente";"Céu Claro";"Simples";"Reta";"Sim";2;0;1;0;1;0;1;2;-18,873907;-41,966366;"SPRF-MG";"DEL06-MG";"UOP01-DEL06-MG"
525187;2023-05-25;"quinta-feira";"08:10:00";"PR";369;501;"CORBELIA";"Acessar a via sem observar a presença dos outros veículos";"Colisão transversal";"Com Vítimas Feridas";"Pleno dia";"Crescente";"Céu Claro";"Simples";"Interseção de Vias;Declive;Retorno Regulamentado;Viaduto";"Sim";3;0;2;0;1;0;2;2;-24,7919;-53,2884;"SPRF-PR";"DEL04-PR";"UOP03-DEL04-PR"
525188;2023-04-12;"quarta-feira";"01:20:00";"PR";369;104,7;"URAI";"Ingestão de álcool pelo condutor";"Colisão com objeto";"Com Vítimas Feridas";"Plena Noite";"Crescente";"Vento";"Dupla";"Reta;Aclive";"Não";1;0;1;0;0;0;1;1;-23,25251498;-50,75942159;"SPRF-PR";"DEL07-PR";"UOP05-DEL07-PR"
525190;2023-05-25;"quinta-feira";"10:30:00";"PR";376;137;"NOVA ESPERANCA";"Manobra de mudança de faixa";"Saída de leito carroçável";"Com Vítimas Feridas";"Pleno dia";"Crescente";"Céu Claro";"Dupla";"Curva";"Não";1;0;1;0;0;0;1;1;-23,209888;-52,192053;"SPRF-PR";"DEL09-PR";"UOP02-DEL09-PR"
525191;2023-05-17;"quarta-feira";"18:50:00";"RJ";40;104;"DUQUE DE CAXIAS";"Manobra de mudança de faixa";"Colisão lateral mesmo sentido";"Sem Vítimas";"Amanhecer";"Decrescente";"Céu Claro";"Múltipla";"Reta";"Sim";3;0;0;0;3;0;0;2;-22,62897902;-43,28579508;"SPRF-RJ";"DEL01-RJ";"UOP01-DEL01-RJ"
525192;2023-05-25;"quinta-feira";"10:24:00";"RN";304;108,4;"ACU";"Acessar a via sem observar a presença dos outros veículos";"Colisão transversal";"Com Vítimas Feridas";"Pleno dia";"Decrescente";"Céu Claro";"Simples";"Reta";"Não";3;0;2;0;1;0;2;2;-5,58636248;-36,95401396;"SPRF-RN";"DEL04-RN";"UOP01-DEL04-RN"
525194;2023-05-25;"quinta-feira";"12:00:00";"SC";101;134;"BALNEARIO CAMBORIU";"Desrespeitar a preferência no cruzamento";"Colisão transversal";"Com Vítimas Feridas";"Pleno dia";"Crescente";"Nublado";"Simples";"Interseção de Vias";"Não";2;0;1;0;1;0;1;2;-27,00218;-48,636433;"SPRF-SC";"DEL04-SC";"UOP03-DEL04-SC"
525195;2023-05-25;"quinta-feira";"11:40:00";"MG";381;511,2;"IGARAPE";"Demais falhas mecânicas ou elétricas";"Incêndio";"Sem Vítimas";"Pleno dia";"Crescente";"Céu Claro";"Múltipla";"Aclive;Reta";"Sim";2;0;0;0;2;0;0;1;-20,08463223;-44,3099407;"SPRF-MG";"DEL04-MG";"UOP03-DEL04-MG"
525196;2023-05-25;"quinta-feira";"11:45:00";"BA";324;526;"FEIRA DE SANTANA";"Condutor usando celular";"Colisão com objeto";"Com Vítimas Fatais";"Pleno dia";"Decrescente";"Nublado";"Dupla";"Curva;Rotatória";"Sim";1;1;0;0;0;0;0;1;-12,30639712;-38,89051509;"SPRF-BA";"DEL01-BA";"UOP03-DEL01-BA"
525197;2023-05-25;"quinta-feira";"12:15:00";"SC";101;205;"SAO JOSE";"Acessar a via sem observar a presença dos outros veículos";"Colisão transversal";"Com Vítimas Feridas";"Pleno dia";"Crescente";"Céu Claro";"Múltipla";"Curva";"Sim";2;0;1;0;1;0;1;2;-27,58313237;-48,61532885;"SPRF-SC";"DEL01-SC";"UOP01-DEL01-SC"
525198;2023-05-25;"quinta-feira";"09:10:00";"RO";364;330;"JI-PARANA";"Ausência de reação do condutor";"Colisão traseira";"Com Vítimas Fatais";"Pleno dia";"Crescente";"Céu Claro";"Simples";"Reta;Aclive";"Não";3;1;0;0;2;0;0;3;-10,984673;-61,9171;"SPRF-RO";"DEL02-RO";"UOP01-DEL02-RO"
525203;2023-05-25;"quinta-feira";"12:00:00";"PB";230;123,1;"RIACHAO DO BACAMARTE";"Velocidade Incompatível";"Saída de leito carroçável";"Com Vítimas Feridas";"Pleno dia";"Crescente";"Nublado";"Simples";"Curva";"Não";1;0;1;0;0;0;1;1;-7,247405;-35,673643;"SPRF-PB";"DEL02-PB";"UOP01-DEL02-PB"
525204;2023-05-25;"quinta-feira";"13:15:00";"GO";153;494;"GOIANIA";"Reação tardia ou ineficiente do condutor";"Colisão traseira";"Com Vítimas Feridas";"Pleno dia";"Decrescente";"Céu Claro";"Dupla";"Declive;Reta";"Sim";2;0;1;0;1;0;1;2;-16,6614;-49,2218;"SPRF-GO";"DEL01-GO";"UOP01-DEL01-GO"
525205;2023-05-25;"quinta-feira";"11:00:00";"RJ";101;399;"ITAGUAI";"Demais falhas na via";"Colisão com objeto";"Com Vítimas Feridas";"Pleno dia";"Decrescente";"Céu Claro";"Dupla";"Reta";"Não";2;0;1;0;1;0;1;2;-22,85921896;-43,75891497;"SPRF-RJ";"DEL03-RJ";"UOP01-DEL03-RJ"
525207;2023-04-15;"sábado";"01:15:00";"PR";277;597;"CASCAVEL";"Velocidade Incompatível";"Saída de leito carroçável";"Com Vítimas Fatais";"Plena Noite";"Crescente";"Céu Claro";"Dupla";"Reta";"Sim";3;1;0;1;0;1;1;2;-24,9951424;-53,5142766;"SPRF-PR";"DEL04-PR";"UOP01-DEL04-PR"
525208;2023-05-24;"quarta-feira";"18:45:00";"AM";174;990,8;"PRESIDENTE FIGUEIREDO";"Ingestão de álcool e/ou substâncias psicoativas pelo pedestre";"Atropelamento de Pedestre";"Com Vítimas Feridas";"Plena Noite";"Decrescente";"Céu Claro";"Dupla";"Retorno Regulamentado;Reta";"Sim";2;0;1;0;0;1;1;2;-2,05668983;-60,02189673;"SPRF-AM";"DEL01-AM";"UOP02-DEL01-AM"
525211;2023-03-18;"sábado";"16:35:00";"MG";116;673;"MIRADOURO";"Acumulo de óleo sobre o pavimento";"Saída de leito carroçável";"Com Vítimas Feridas";"Pleno dia";"Decrescente";"Chuva";"Simples";"Curva";"Não";1;0;1;0;0;0;1;1;-20,88956601;-42,33963285;"SPRF-MG";"DEL07-MG";"UOP02-DEL07-MG"
525212;2023-05-25;"quinta-feira";"10:10:00";"SC";470;57;"BLUMENAU";"Desrespeitar a preferência no cruzamento";"Colisão transversal";"Com Vítimas Feridas";"Pleno dia";"Decrescente";"Nublado";"Simples";"Interseção de Vias";"Sim";2;0;1;0;1;0;1;2;-26,880428;-49,136532;"SPRF-SC";"DEL04-SC";"UOP01-DEL04-SC"
525220;2023-05-25;"quinta-feira";"13:30:00";"RJ";116;311;"RESENDE";"Pedestre cruzava a pista fora da faixa";"Atropelamento de Pedestre";"Com Vítimas Feridas";"Pleno dia";"Crescente";"Sol";"Simples";"Interseção de Vias;Aclive;Retorno Regulamentado";"Sim";2;0;0;1;1;0;1;2;-22,45945219;-44,44164991;"SPRF-RJ";"DEL07-RJ";"UOP02-DEL07-RJ"
525221;2023-05-25;"quinta-feira";"13:00:00";"RS";158;147,1;"PANAMBI";"Velocidade Incompatível";"Colisão lateral sentido oposto";"Sem Vítimas";"Pleno dia";"Crescente";"Sol";"Simples";"Curva";"Não";4;0;0;0;4;0;0;2;-28,25660916;-53,48166093;"SPRF-RS";"DEL10-RS";"UOP02-DEL10-RS"
525222;2023-05-25;"quinta-feira";"14:15:00";"PR";277;726,4;"FOZ DO IGUACU";"Ausência de reação do condutor";"Capotamento";"Sem Vítimas";"Pleno dia";"Decrescente";"Céu Claro";"Dupla";"Curva";"Não";1;0;0;0;1;0;0;1;-25,5106015;-54,55481999;"SPRF-PR";"DEL05-PR";"UOP03-DEL05-PR"
525223;2023-05-25;"quinta-feira";"13:30:00";"MS";463;107;"PONTA PORA";"Reação tardia ou ineficiente do condutor";"Colisão lateral mesmo sentido";"Com Vítimas Feridas";"Pleno dia";"Crescente";"Céu Claro";"Simples";"Reta";"Não";2;0;1;0;1;0;1;2;-22,59094101;-55,67301101;"SPRF-MS";"DEL04-MS";"UOP03-DEL04-MS"
525225;2023-05-25;"quinta-feira";"11:15:00";"RS";470;171;"VERANOPOLIS";"Acessar a via sem observar a presença dos outros veículos";"Colisão transversal";"Com Vítimas Feridas";"Pleno dia";"Decrescente";"Céu Claro";"Simples";"Retorno Regulamentado;Reta";"Sim";4;0;3;0;1;0;3;2;-28,88090703;-51,5484283;"SPRF-RS";"DEL06-RS";"UOP02-DEL06-RS"
525226;2023-05-25;"quinta-feira";"13:22:00";"RN";427;113,9;"CAICO";"Ausência de reação do condutor";"Colisão lateral mesmo sentido";"Com Vítimas Feridas";"Pleno dia";"Crescente";"Céu Claro";"Dupla";"Interseção de Vias";"Sim";4;0;2;0;1;1;2;3;-6,42908928;-37,08379269;"SPRF-RN";"DEL03-RN";"UOP01-DEL03-RN"
525227;2023-05-25;"quinta-feira";"14:00:00";"RS";470;222;"BENTO GONCALVES";"Reação tardia ou ineficiente do condutor";"Colisão traseira";"Sem Vítimas";"Pleno dia";"Decrescente";"Céu Claro";"Simples";"Reta";"Sim";2;0;0;0;2;0;0;2;-29,20372835;-51,51786908;"SPRF-RS";"DEL06-RS";"UOP01-DEL06-RS"
525229;2023-05-25;"quinta-feira";"15:18:00";"GO";40;4;"VALPARAISO DE GOIAS";"Acessar a via sem observar a presença dos outros veículos";"Atropelamento de Pedestre";"Com Vítimas Feridas";"Pleno dia";"Crescente";"Céu Claro";"Dupla";"Reta";"Não";2;0;0;1;1;0;1;2;-16,085241;-47,986752;"SPRF-DF";"DEL01-DF";"UOP01-DEL01-DF"
525232;2023-05-25;"quinta-feira";"14:40:00";"PB";101;86,5;"JOAO PESSOA";"Acessar a via sem observar a presença dos outros veículos";"Atropelamento de Pedestre";"Com Vítimas Feridas";"Pleno dia";"Crescente";"Céu Claro";"Dupla";"Reta";"Sim";4;0;1;0;3;0;1;2;-7,15552749;-34,90760922;"SPRF-PB";"DEL01-PB";"UOP01-DEL01-PB"
525233;2023-05-25;"quinta-feira";"13:40:00";"GO";414;437;"ANAPOLIS";"Ausência de reação do condutor";"Colisão transversal";"Com Vítimas Feridas";"Pleno dia";"Crescente";"Céu Claro";"Simples";"Reta";"Não";2;0;1;0;1;0;1;2;-16,26365299;-48,93824303;"SPRF-GO";"DEL02-GO";"UOP01-DEL02-GO"
525235;2023-05-25;"quinta-feira";"14:05:00";"RO";364;345;"JI-PARANA";"Condutor deixou de manter distância do veículo da frente";"Colisão traseira";"Com Vítimas Feridas";"Pleno dia";"Decrescente";"Céu Claro";"Simples";"Reta";"Sim";2;0;1;0;1;0;1;2;-10,8688113;-61,9601791;"SPRF-RO";"DEL02-RO";"UOP01-DEL02-RO"
525239;2023-05-25;"quinta-feira";"16:00:00";"RN";304;29;"MOSSORO";"Reação tardia ou ineficiente do condutor";"Colisão traseira";"Sem Vítimas";"Pleno dia";"Crescente";"Chuva";"Simples";"Em Obras;Declive;Reta";"Sim";2;0;0;0;2;0;0;2;-5,10820698;-37,33904209;"SPRF-RN";"DEL04-RN";"UOP02-DEL04-RN"
525240;2023-05-25;"quinta-feira";"14:50:00";"RJ";116;147;"DUQUE DE CAXIAS";"Condutor deixou de manter distância do veículo da frente";"Colisão traseira";"Com Vítimas Feridas";"Pleno dia";"Crescente";"Céu Claro";"Múltipla";"Reta";"Sim";3;0;2;0;0;1;2;2;-22,66978425;-43,27286493;"SPRF-RJ";"DEL01-RJ";"UOP01-DEL01-RJ"
525241;2023-05-25;"quinta-feira";"16:00:00";"MG";381;509,1;"SAO JOAQUIM DE BICAS";"Ausência de reação do condutor";"Tombamento";"Com Vítimas Feridas";"Pleno dia";"Crescente";"Sol";"Dupla";"Reta";"Sim";1;0;0;1;0;0;1;1;-20,0527062;-44,2817688;"SPRF-MG";"DEL04-MG";"UOP03-DEL04-MG"
525243;2023-05-25;"quinta-feira";"15:10:00";"RS";285;2;"SAO BORJA";"Velocidade Incompatível";"Saída de leito carroçável";"Com Vítimas Feridas";"Pleno dia";"Crescente";"Céu Claro";"Simples";"Curva";"Sim";2;0;1;0;0;1;1;2;-28,661;-56,0052;"SPRF-RS";"DEL12-RS";"UOP01-DEL12-RS"