"id";"data_inversa";"dia_semana";"horario";"uf";"br";"km";"municipio";"causa_acidente";"tipo_acidente";"classificacao_acidente";"fase_dia";"sentido_via";"condicao_metereologica";"tipo_pista";"tracado_via";"uso_solo";"pessoas";"mortos";"feridos_leves";"feridos_graves";"ilesos";"ignorados";"feridos";"veiculos";"latitude";"longitude";"regional";"delegacia";"uop"
525350;2023-05-26;"sexta-feira";"07:15:00";"MG";40;42;"PARACATU";"Acessar a via sem observar a presença dos outros veículos";"Colisão transversal";"Sem Vítimas";"Pleno dia";"Crescente";"Céu Claro";"Simples";"Reta";"Sim";3;0;0;0;3;0;0;2;-17,2188441;-46,8666753;"SPRF-MG";"DEL14-MG";"UOP01-DEL14-MG"
525351;2023-05-22;"segunda-feira";"01:00:00";"MG";365;37;"CLARO DOS POCOES";"Animais na Pista";"Atropelamento de Animal";"Sem Vítimas";"Plena Noite";"Decrescente";"Céu Claro";"Simples";"Curva";"Não";1;0;0;0;1;0;0;1;-16,86082685;-44,15747796;"SPRF-MG";"DEL12-MG";"UOP01-DEL12-MG"
525352;2023-05-14;"domingo";"20:00:00";"SC";101;343,9;"TUBARAO";"Manobra de mudança de faixa";"Colisão lateral mesmo sentido";"Com Vítimas Feridas";"Plena Noite";"Decrescente";"Céu Claro";"Dupla";"Reta";"Não";2;0;1;0;1;0;1;2;-28,52765702;-49,05615309;"SPRF-SC";"DEL02-SC";"UOP01-DEL02-SC"
525353;2023-05-26;"sexta-feira";"07:45:00";"PI";343;333;"TERESINA";"Acumulo de óleo sobre o pavimento";"Queda de ocupante de veículo";"Com Vítimas Feridas";"Pleno dia";"Crescente";"Céu Claro";"Dupla";"Curva";"Sim";2;0;2;0;0;0;2;1;-5,056121;-42,678154;"SPRF-PI";"DEL01-PI";"UOP01-DEL01-PI"
525355;2023-05-26;"sexta-feira";"07:00:00";"SC";101;335,8;"TUBARAO";"Reação tardia ou ineficiente do condutor";"Colisão com objeto";"Com Vítimas Feridas";"Pleno dia";"Crescente";"Céu Claro";"Dupla";"Curva";"Sim";1;0;1;0;0;0;1;1;-28,47311347;-49,02437375;"SPRF-SC";"DEL02-SC";"UOP01-DEL02-SC"
525357;2023-03-27;"segunda-feira";"14:15:00";"PR";369;63;"BANDEIRANTES";"Pedestre cruzava a pista fora da faixa";"Atropelamento de Pedestre";"Com Vítimas Fatais";"Pleno dia";"Crescente";"Nublado";"Simples";"Reta";"Não";3;1;1;0;1;0;1;2;-23,13181;-50,43515;"SPRF-PR";"DEL07-PR";"UOP05-DEL07-PR"
525358;2023-05-26;"sexta-feira";"08:09:00";"DF";70;11;"BRASILIA";"Manobra de mudança de faixa";"Colisão transversal";"Com Vítimas Feridas";"Pleno dia";"Decrescente";"Céu Claro";"Dupla";"Reta";"Não";2;0;1;0;1;0;1;2;-15,789762;-48,148727;"SPRF-DF";"DEL03-DF";"UOP02-DEL03-DF"
525359;2023-05-26;"sexta-feira";"04:30:00";"PB";230;87;"GURINHEM";"Velocidade Incompatível";"Capotamento";"Sem Vítimas";"Pleno dia";"Decrescente";"Nublado";"Dupla";"Reta";"Não";1;0;0;0;0;1;0;1;-7,1673;-35,3656;"SPRF-PB";"DEL01-PB";"UOP03-DEL01-PB"
525360;2023-05-26;"sexta-feira";"08:00:00";"SP";116;230;"SAO PAULO";"Trafegar com motocicleta (ou similar) entre as faixas";"Colisão transversal";"Com Vítimas Feridas";"Pleno dia";"Crescente";"Céu Claro";"Dupla";"Reta";"Sim";2;0;1;0;1;0;1;2;-23,52251783;-46,5855702;"SPRF-SP";"DEL01-SP";"UOP01-DEL01-SP"
525361;2023-05-26;"sexta-feira";"07:00:00";"MA";135;21;"SAO LUIS";"Trafegar com motocicleta (ou similar) entre as faixas";"Tombamento";"Com Vítimas Feridas";"Pleno dia";"Crescente";"Garoa/Chuvisco";"Dupla";"Reta";"Sim";2;0;1;0;1;0;1;2;-2,53073;-44,3068;"SPRF-MA";"DEL01-MA";"UOP01-DEL01-MA"
525362;2023-05-26;"sexta-feira";"07:50:00";"SP";153;60;"SAO JOSE DO RIO PRETO";"Manobra de mudança de faixa";"Colisão traseira";"Com Vítimas Feridas";"Pleno dia";"Crescente";"Sol";"Dupla";"Reta";"Sim";2;0;1;0;1;0;1;2;-20,79627979;-49,35480206;"SPRF-SP";"DEL09-SP";"UOP01-DEL09-SP"
525363;2023-05-22;"segunda-feira";"07:40:00";"PR";116;208;"RIO NEGRO";"Ultrapassagem Indevida";"Colisão lateral mesmo sentido";"Com Vítimas Feridas";"Pleno dia";"Decrescente";"Nublado";"Simples";"Reta";"Sim";3;0;1;0;1;1;1;3;-26,08225141;-49,77375805;"SPRF-SC";"DEL06-SC";"UOP01-DEL06-SC"
525365;2023-05-26;"sexta-feira";"07:10:00";"MS";163;481;"CAMPO GRANDE";"Reação tardia ou ineficiente do condutor";"Tombamento";"Com Vítimas Feridas";"Amanhecer";"Crescente";"Céu Claro";"Simples";"Curva;Aclive";"Sim";1;0;1;0;0;0;1;1;-20,46473147;-54,55664635;"SPRF-MS";"DEL01-MS";"UOP01-DEL01-MS"
525366;2023-05-26;"sexta-feira";"07:50:00";"RN";226;1,6;"NATAL";"Animais na Pista";"Atropelamento de Animal";"Com Vítimas Feridas";"Pleno dia";"Decrescente";"Céu Claro";"Dupla";"Reta;Em Obras";"Sim";1;0;1;0;0;0;1;1;-5,811047;-35,245045;"SPRF-RN";"DEL01-RN";"UOP02-DEL01-RN"
525368;2023-05-26;"sexta-feira";"07:30:00";"SC";282;1,2;"FLORIANOPOLIS";"Reação tardia ou ineficiente do condutor";"Colisão lateral mesmo sentido";"Com Vítimas Feridas";"Pleno dia";"Decrescente";"Céu Claro";"Dupla";"Reta;Declive";"Sim";3;0;1;0;2;0;1;3;-27,602955;-48,580509;"SPRF-SC";"DEL01-SC";"UOP01-DEL01-SC"
525369;2023-05-26;"sexta-feira";"07:00:00";"PE";101;72;"RECIFE";"Reação tardia ou ineficiente do condutor";"Colisão traseira";"Com Vítimas Feridas";"Pleno dia";"Crescente";"Céu Claro";"Dupla";"Reta";"Sim";3;0;1;0;2;0;1;2;-8,08493106;-34,9450639;"SPRF-PE";"DEL01-PE";"UOP01-DEL01-PE"
525371;2023-05-22;"segunda-feira";"08:00:00";"RJ";101;308;"SAO GONCALO";"Reação tardia ou ineficiente do condutor";"Colisão lateral mesmo sentido";"Com Vítimas Feridas";"Pleno dia";"Decrescente";"Sol";"Dupla";"Reta";"Sim";2;0;1;0;1;0;1;2;-22,79309326;-43,02479595;"SPRF-RJ";"DEL02-RJ";"UOP02-DEL02-RJ"
525373;2023-05-26;"sexta-feira";"08:02:00";"PE";232;101,9;"BEZERROS";"Reação tardia ou ineficiente do condutor";"Incêndio";"Sem Vítimas";"Pleno dia";"Crescente";"Sol";"Dupla";"Reta";"Sim";1;0;0;0;1;0;0;1;-8,24194679;-35,75097313;"SPRF-PE";"DEL02-PE";"UOP02-DEL02PE"
525374;2023-05-26;"sexta-feira";"07:15:00";"SC";163;68;"SAO MIGUEL DO OESTE";"Animais na Pista";"Tombamento";"Com Vítimas Feridas";"Pleno dia";"Crescente";"Sol";"Dupla";"Reta";"Não";2;0;2;0;0;0;2;1;-26,75038301;-53,50086841;"SPRF-SC";"DEL07-SC";"UOP03-DEL07-SC"
525375;2023-05-26;"sexta-feira";"09:25:00";"BA";116;426,8;"FEIRA DE SANTANA";"Reação tardia ou ineficiente do condutor";"Colisão traseira";"Com Vítimas Feridas";"Pleno dia";"Crescente";"Céu Claro";"Dupla";"Reta;Interseção de Vias";"Sim";3;0;2;0;0;1;2;3;-12,27047065;-38,9919287;"SPRF-BA";"DEL02-BA";"UOP01-DEL02-BA"
525379;2023-05-26;"sexta-feira";"06:25:00";"RJ";101;294;"ITABORAI";"Manobra de mudança de faixa";"Colisão com objeto";"Com Vítimas Feridas";"Pleno dia";"Crescente";"Céu Claro";"Simples";"Reta";"Não";3;0;0;1;2;0;1;2;-22,7584434;-42,89502344;"SPRF-RJ";"DEL02-RJ";"UOP02-DEL02-RJ"
525381;2023-05-26;"sexta-feira";"09:50:00";"RJ";101;309;"SAO GONCALO";"Reação tardia ou ineficiente do condutor";"Colisão traseira";"Com Vítimas Feridas";"Pleno dia";"Decrescente";"Céu Claro";"Simples";"Reta";"Sim";2;0;1;0;1;0;1;2;-22,79498873;-43,03446105;"SPRF-RJ";"DEL02-RJ";"UOP02-DEL02-RJ"
525382;2023-05-26;"sexta-feira";"09:45:00";"MG";116;525,9;"CARATINGA";"Acessar a via sem observar a presença dos outros veículos";"Colisão transversal";"Com Vítimas Feridas";"Pleno dia";"Decrescente";"Céu Claro";"Múltipla";"Interseção de Vias";"Sim";2;0;1;0;1;0;1;2;-19,76833785;-42,13105238;"SPRF-MG";"DEL06-MG";"UOP02-DEL06-MG"
525383;2023-05-26;"sexta-feira";"10:15:00";"PE";428;191,7;"PETROLINA";"Estacionar ou parar em local proibido";"Colisão traseira";"Com Vítimas Feridas";"Pleno dia";"Decrescente";"Garoa/Chuvisco";"Dupla";"Reta";"Sim";2;0;1;0;1;0;1;2;-9,37766429;-40,50269795;"SPRF-PE";"DEL06-PE";"UOP01-DEL06-PE"
525384;2023-05-26;"sexta-feira";"10:20:00";"PR";277;132;"CAMPO LARGO";"Reação tardia ou ineficiente do condutor";"Colisão traseira";"Com Vítimas Feridas";"Pleno dia";"Crescente";"Nublado";"Dupla";"Reta;Declive";"Não";3;0;0;1;1;1;1;3;-25,44518045;-49,4985659;"SPRF-PR";"DEL03-PR";"UOP03-DEL03-PR"
525385;2023-05-26;"sexta-feira";"10:20:00";"PR";476;162,9;"ARAUCARIA";"Ultrapassagem Indevida";"Colisão frontal";"Com Vítimas Feridas";"Pleno dia";"Crescente";"Sol";"Simples";"Curva";"Sim";3;0;0;1;2;0;1;3;-25,637207;-49,46769;"SPRF-PR";"DEL01-PR";"UOP06-DEL01-PR"
525386;2023-05-26;"sexta-feira";"10:20:00";"PA";10;354;"SANTA MARIA DO PARA";"Acessar a via sem observar a presença dos outros veículos";"Colisão transversal";"Com Vítimas Feridas";"Pleno dia";"Decrescente";"Céu Claro";"Simples";"Reta";"Sim";2;0;1;0;1;0;1;2;-1,34759789;-47,57735696;"SPRF-PA";"DEL01-PA";"UOP02-DEL01-PA"
525389;2023-05-26;"sexta-feira";"06:00:00";"BA";418;5;"CARAVELAS";"Animais na Pista";"Atropelamento de Animal";"Com Vítimas Feridas";"Amanhecer";"Crescente";"Céu Claro";"Simples";"Reta";"Não";1;0;1;0;0;0;1;1;-17,69970298;-39,22960722;"SPRF-BA";"DEL09-BA";"UOP02-DEL09-BA"
525391;2023-05-26;"sexta-feira";"11:20:00";"SP";116;276;"EMBU DAS ARTES";"Acumulo de areia ou detritos sobre o pavimento";"Queda de ocupante de veículo";"Com Vítimas Feridas";"Pleno dia";"Decrescente";"Céu Claro";"Dupla";"Interseção de Vias;Reta";"Sim";1;0;1;0;0;0;1;1;-23,64262417;-46,83811382;"SPRF-SP";"DEL04-SP";"UOP01-DEL04-SP"
525392;2023-05-26;"sexta-feira";"09:30:00";"MG";365;678,5;"MONTE ALEGRE DE MINAS";"Avarias e/ou desgaste excessivo no pneu";"Saída de leito carroçável";"Com Vítimas Feridas";"Pleno dia";"Crescente";"Céu Claro";"Dupla";"Reta";"Não";1;0;1;0;0;0;1;1;-18,8509065;-48,80033095;"SPRF-MG";"DEL15-MG";"UOP01-DEL15-MG"
525394;2023-05-26;"sexta-feira";"07:50:00";"SC";282;3,5;"FLORIANOPOLIS";"Trafegar com motocicleta (ou similar) entre as faixas";"Colisão traseira";"Com Vítimas Feridas";"Pleno dia";"Decrescente";"Céu Claro";"Múltipla";"Reta";"Sim";2;0;1;0;0;1;1;2;-27,60189452;-48,59748602;"SPRF-SC";"DEL01-SC";"UOP01-DEL01-SC"
525395;2023-05-26;"sexta-feira";"11:40:00";"RS";116;263;"CANOAS";"Ausência de reação do condutor";"Queda de ocupante de veículo";"Com Vítimas Feridas";"Pleno dia";"Crescente";"Céu Claro";"Dupla";"Reta";"Sim";2;0;2;0;0;0;2;1;-29,90545398;-51,17674031;"SPRF-RS";"DEL01-RS";"UOP01-DEL01-RS"
525397;2023-05-26;"sexta-feira";"10:40:00";"RS";116;246;"SAO LEOPOLDO";"Condutor deixou de manter distância do veículo da frente";"Colisão traseira";"Com Vítimas Feridas";"Pleno dia";"Crescente";"Céu Claro";"Dupla";"Reta;Em Obras;Ponte";"Sim";3;0;1;0;2;0;1;3;-29,758751;-51,15186806;"SPRF-RS";"DEL01-RS";"UOP02-DEL01-RS"
525398;2023-05-26;"sexta-feira";"10:40:00";"MG";116;95;"MEDINA";"Reação tardia ou ineficiente do condutor";"Saída de leito carroçável";"Com Vítimas Feridas";"Pleno dia";"Decrescente";"Nublado";"Simples";"Curva";"Não";2;0;1;0;1;0;1;1;-16,39353293;-41,47322739;"SPRF-MG";"DEL11-MG";"UOP02-DEL11-MG"
525399;2023-05-26;"sexta-feira";"11:50:00";"PI";343;265,5;"CAMPO MAIOR";"Acessar a via sem observar a presença dos outros veículos";"Colisão transversal";"Com Vítimas Feridas";"Pleno dia";"Crescente";"Céu Claro";"Simples";"Reta";"Não";2;0;2;0;0;0;2;2;-4,834697;-42,167046;"SPRF-PI";"DEL01-PI";"UOP03-DEL01-PI"
525402;2023-05-26;"sexta-feira";"06:30:00";"MG";354;769,7;"ITAMONTE";"Condutor Dormindo";"Colisão com objeto";"Com Vítimas Feridas";"Amanhecer";"Crescente";"Céu Claro";"Simples";"Aclive;Reta";"Não";2;0;2;0;0;0;2;1;-22,35740307;-44,78495205;"SPRF-MG";"DEL17-MG";"UOP01-DEL17-MG"
525404;2023-05-26;"sexta-feira";"12:20:00";"SC";101;233;"PALHOCA";"Ausência de reação do condutor";"Engavetamento";"Sem Vítimas";"Pleno dia";"Decrescente";"Céu Claro";"Múltipla";"Reta";"Não";5;0;0;0;5;0;0;5;-27,80376397;-48,63826211;"SPRF-SC";"DEL01-SC";"UOP02-DEL01-SC"
525405;2023-05-26;"sexta-feira";"12:35:00";"ES";101;269,9;"SERRA";"Condutor deixou de manter distância do veículo da frente";"Colisão traseira";"Com Vítimas Feridas";"Pleno dia";"Crescente";"Céu Claro";"Dupla";"Reta";"Sim";2;0;1;0;1;0;1;2;-20,21740496;-40,26990578;"SPRF-ES";"DEL02-ES";"UOP01-DEL02-ES"
525406;2023-05-26;"sexta-feira";"12:50:00";"DF";20;19;"BRASILIA";"Manobra de mudança de faixa";"Colisão lateral mesmo sentido";"Com Vítimas Feridas";"Pleno dia";"Crescente";"Céu Claro";"Dupla";"Reta";"Sim";3;0;2;0;1;0;2;2;-15,612175;-47,700928;"SPRF-DF";"DEL02-DF";"UOP01-DEL02-DF"
525409;2023-05-26;"sexta-feira";"07:19:00";"MG";381;943;"EXTREMA";"Demais Fenômenos da natureza";"Colisão com objeto";"Com Vítimas Feridas";"Pleno dia";"Decrescente";"Céu Claro";"Dupla";"Reta";"Não";2;0;1;0;0;1;1;2;-22,87018424;-46,3581479;"SPRF-MG";"DEL16-MG";"UOP03-DEL16-MG"
525411;2023-05-26;"sexta-feira";"12:25:00";"MG";116;274;"TEOFILO OTONI";"Retorno proibido";"Colisão transversal";"Com Vítimas Feridas";"Pleno dia";"Decrescente";"Nublado";"Simples";"Reta";"Sim";2;0;1;0;1;0;1;2;-17,83384514;-41,51094368;"SPRF-MG";"DEL11-MG";"UOP01-DEL11-MG"
525412;2023-05-26;"sexta-feira";"13:30:00";"MG";381;938;"EXTREMA";"Reação tardia ou ineficiente do condutor";"Tombamento";"Com Vítimas Feridas";"Pleno dia";"Decrescente";"Céu Claro";"Dupla";"Curva";"Não";2;0;1;0;0;1;1;2;-22,83909203;-46,32850893;"SPRF-MG";"DEL16-MG";"UOP03-DEL16-MG"
525413;2023-05-26;"sexta-feira";"13:00:00";"MS";163;258;"DOURADOS";"Reação tardia ou ineficiente do condutor";"Tombamento";"Com Vítimas Feridas";"Pleno dia";"Crescente";"Céu Claro";"Dupla";"Aclive;Curva";"Sim";1;0;1;0;0;0;1;1;-22,25859;-54,783592;"SPRF-MS";"DEL04-MS";"UOP01-DEL04-MS"
525418;2023-05-26;"sexta-feira";"12:05:00";"RR";432;198;"CANTA";"Ausência de reação do condutor";"Saída de leito carroçável";"Com Vítimas Feridas";"Pleno dia";"Crescente";"Céu Claro";"Simples";"Reta";"Não";3;0;2;0;0;1;2;1;2,66944189;-60,59384324;"SPRF-RR";"DEL01-RR";"UOP01-DEL01-RR"
525420;2023-05-26;"sexta-feira";"13:15:00";"SC";282;520,4;"XAXIM";"Velocidade Incompatível";"Colisão com objeto";"Com Vítimas Feridas";"Pleno dia";"Crescente";"Céu Claro";"Simples";"Rotatória";"Sim";1;0;0;1;0;0;1;1;-26,950415;-52,526096;"SPRF-SC";"DEL07-SC";"UOP01-DEL07-SC"
525423;2023-05-26;"sexta-feira";"13:00:00";"MA";10;126;"ESTREITO";"Transitar na contramão";"Colisão frontal";"Com Vítimas Feridas";"Pleno dia";"Crescente";"Céu Claro";"Simples";"Reta";"Não";2;0;0;1;1;0;1;2;-6,581329;-47,44136;"SPRF-MA";"DEL04-MA";"UOP02-DEL04-MA"
525424;2023-05-26;"sexta-feira";"13:20:00";"RS";101;28,5;"TRES CACHOEIRAS";"Ausência de reação do condutor";"Saída de leito carroçável";"Com Vítimas Feridas";"Pleno dia";"Crescente";"Céu Claro";"Dupla";"Reta";"Não";1;0;1;0;0;0;1;1;-29,46628752;-49,95379023;"SPRF-RS";"DEL03-RS";"UOP02-DEL03-RS"
525425;2023-05-26;"sexta-feira";"15:15:00";"PB";230;26;"JOAO PESSOA";"Ausência de reação do condutor";"Colisão lateral mesmo sentido";"Com Vítimas Feridas";"Pleno dia";"Decrescente";"Céu Claro";"Dupla";"Interseção de Vias";"Sim";2;0;0;1;1;0;1;2;-7,1691783;-34,88025785;"SPRF-PB";"DEL01-PB";"UOP01-DEL01-PB"
525427;2023-05-26;"sexta-feira";"13:45:00";"PR";277;726,5;"FOZ DO IGUACU";"Avarias e/ou desgaste excessivo no pneu";"Saída de leito carroçável";"Com Vítimas Feridas";"Pleno dia";"Decrescente";"Céu Claro";"Dupla";"Curva";"Sim";1;0;1;0;0;0;1;1;-25,5106015;-54,55481999;"SPRF-PR";"DEL05-PR";"UOP03-DEL05-PR"
525428;2023-05-26;"sexta-feira";"13:15:00";"RS";470;176;"VERANOPOLIS";"Acessar a via sem observar a presença dos outros veículos";"Colisão transversal";"Com Vítimas Feridas";"Pleno dia";"Crescente";"Céu Claro";"Dupla";"Rotatória";"Sim";2;0;1;0;1;0;1;2;-28,929109;-51,54315;"SPRF-RS";"DEL06-RS";"UOP02-DEL06-RS"
525429;2023-05-25;"quinta-feira";"23:00:00";"MT";158;668,2;"NOVA XAVANTINA";"Curva acentuada";"Colisão com objeto";"Com Vítimas Feridas";"Plena Noite";"Crescente";"Céu Claro";"Simples";"Curva";"Não";1;0;1;0;0;0;1;1;-14,78926087;-52,3162059;"SPRF-MT";"DEL07-MT";"UOP01-DEL07-MT"
525431;2023-05-26;"sexta-feira";"14:00:00";"SC";282;17;"PALHOCA";"Velocidade Incompatível";"Colisão transversal";"Com Vítimas Feridas";"Pleno dia";"Crescente";"Céu Claro";"Simples";"Reta";"Não";2;0;1;0;1;0;1;2;-27,665707;-48,688065;"SPRF-SC";"DEL01-SC";"UOP02-DEL01-SC"
525432;2023-05-26;"sexta-feira";"12:15:00";"MS";158;9;"TRES LAGOAS";"Conversão proibida";"Colisão lateral mesmo sentido";"Com Vítimas Feridas";"Pleno dia";"Crescente";"Sol";"Dupla";"Reta";"Sim";2;0;1;0;1;0;1;2;-20,8040817;-51,68657541;"SPRF-MS";"DEL08-MS";"UOP01-DEL08-MS"
525434;2023-05-01;"segunda-feira";"13:10:00";"RJ";101;326;"NITEROI";"Condutor deixou de manter distância do veículo da frente";"Engavetamento";"Com Vítimas Feridas";"Pleno dia";"Crescente";"Céu Claro";"Dupla";"Ponte;Aclive;Reta";"Não";4;0;0;1;3;0;1;4;-22,87206203;-43,146105;"SPRF-RJ";"DEL02-RJ";"UOP01-DEL02-RJ"
525435;2023-05-26;"sexta-feira";"14:20:00";"RJ";40;109;"DUQUE DE CAXIAS";"Condutor deixou de manter distância do veículo da frente";"Colisão traseira";"Sem Vítimas";"Pleno dia";"Decrescente";"Sol";"Múltipla";"Reta";"Não";2;0;0;0;2;0;0;2;-22,67374628;-43,28638368;"SPRF-RJ";"DEL01-RJ";"UOP01-DEL01-RJ"
525436;2023-05-26;"sexta-feira";"14:40:00";"PR";0;0;"URAI";"Ausência de reação do condutor";"Colisão com objeto";"Sem Vítimas";"Pleno dia";"Não Informado";"Céu Claro";"Simples";"Aclive;Curva";"Não";3;0;0;0;3;0;0;2;-23,277936;-50,843608;"SPRF-PR";"DEL07-PR";"UOP01-DEL07-PR"
525437;2023-05-14;"domingo";"20:20:00";"ES";262;73;"MARECHAL FLORIANO";"Acessar a via sem observar a presença dos outros veículos";"Colisão traseira";"Com Vítimas Feridas";"Plena Noite";"Crescente";"Céu Claro";"Simples";"Reta";"Não";4;0;0;1;3;0;1;2;-20,41066352;-40,88380166;"SPRF-ES";"DEL01-ES";"UOP02-DEL01-ES"
525438;2023-05-26;"sexta-feira";"12:39:00";"TO";153;636;"ALIANCA DO TOCANTINS";"Manobra de mudança de faixa";"Saída de leito carroçável";"Com Vítimas Feridas";"Pleno dia";"Crescente";"Céu Claro";"Simples";"Curva";"Não";2;0;0;1;1;0;1;2;-11,4130441;-48,97921679;"SPRF-TO";"DEL01-TO";"UOP02-DEL01-TO"
525441;2023-05-26;"sexta-feira";"14:00:00";"RJ";40;111;"DUQUE DE CAXIAS";"Reação tardia ou ineficiente do condutor";"Queda de ocupante de veículo";"Com Vítimas Feridas";"Pleno dia";"Crescente";"Céu Claro";"Dupla";"Reta";"Sim";2;0;2;0;0;0;2;1;-22,691868;-43,287453;"SPRF-RJ";"DEL01-RJ";"UOP01-DEL01-RJ"
525444;2023-05-26;"sexta-feira";"14:55:00";"MT";163;832;"SINOP";"Ausência de reação do condutor";"Colisão lateral mesmo sentido";"Com Vítimas Feridas";"Pleno dia";"Decrescente";"Céu Claro";"Dupla";"Reta";"Sim";1;0;1;0;0;0;1;1;-12,0138;-55,51719;"SPRF-MT";"DEL06-MT";"UOP02-DEL06-MT"
525446;2023-05-26;"sexta-feira";"10:20:00";"PE";101;92;"CABO DE SANTO AGOSTINHO";"Pista Escorregadia";"Tombamento";"Com Vítimas Feridas";"Pleno dia";"Decrescente";"Chuva";"Dupla";"Reta";"Não";2;0;1;1;0;0;2;1;-8,23201792;-34,99778611;"SPRF-PE";"DEL01-PE";"UOP01-DEL01-PE"
525447;2023-05-13;"sábado";"20:00:00";"MT";163;760,5;"SORRISO";"Ausência de reação do condutor";"Colisão traseira";"Com Vítimas Fatais";"Plena Noite";"Decrescente";"Céu Claro";"Simples";"Aclive";"Não";9;1;0;0;8;0;0;4;-12,487863;-55,681844;"SPRF-MT";"DEL06-MT";"UOP01-DEL06-MT"
525453;2023-05-26;"sexta-feira";"16:50:00";"RS";290;91;"PORTO ALEGRE";"Manobra de mudança de faixa";"Colisão traseira";"Com Vítimas Feridas";"Pleno dia";"Decrescente";"Céu Claro";"Múltipla";"Reta";"Não";3;0;1;0;2;0;1;3;-29,969055;-51,167439;"SPRF-RS";"DEL01-RS";"UOP01-DEL01-RS"
525454;2023-05-26;"sexta-feira";"17:40:00";"SC";282;17;"PALHOCA";"Reação tardia ou ineficiente do condutor";"Colisão transversal";"Com Vítimas Feridas";"Plena Noite";"Crescente";"Céu Claro";"Simples";"Reta;Interseção de Vias";"Sim";2;0;1;0;1;0;1;2;-27,665707;-48,688065;"SPRF-SC";"DEL01-SC";"UOP02-DEL01-SC"
525455;2023-05-26;"sexta-feira";"17:45:00";"RS";386;49;"SEBERI";"Ausência de reação do condutor";"Saída de leito carroçável";"Com Vítimas Feridas";"Anoitecer";"Decrescente";"Céu Claro";"Simples";"Curva";"Sim";1;0;1;0;0;0;1;1;-27,474958;-53,399574;"SPRF-RS";"DEL08-RS";"UOP02-DEL08-RS"
525456;2023-05-26;"sexta-feira";"17:50:00";"SC";470;136,5;"RIO DO SUL";"Reação tardia ou ineficiente do condutor";"Atropelamento de Pedestre";"Com Vítimas Feridas";"Plena Noite";"Decrescente";"Céu Claro";"Simples";"Reta";"Sim";2;0;0;1;1;0;1;2;-27,19565176;-49,62657452;"SPRF-SC";"DEL04-SC";"UOP02-DEL04-SC"
525457;2023-05-26;"sexta-feira";"17:00:00";"RN";101;85,5;"NATAL";"Trafegar com motocicleta (ou similar) entre as faixas";"Colisão frontal";"Com Vítimas Feridas";"Anoitecer";"Decrescente";"Nublado";"Dupla";"Em Obras";"Sim";2;0;1;0;1;0;1;2;-5,777664;-35,24937;"SPRF-RN";"DEL02-RN";"UOP01-DEL02-RN"
525458;2023-05-26;"sexta-feira";"17:30:00";"RS";392;26,8;"RIO GRANDE";"Reação tardia ou ineficiente do condutor";"Saída de leito carroçável";"Com Vítimas Feridas";"Anoitecer";"Crescente";"Nublado";"Simples";"Aclive;Curva;Viaduto";"Não";2;0;1;1;0;0;2;1;-32,07835445;-52,25665029;"SPRF-RS";"DEL07-RS";"UOP02-DEL07-RS"
525459;2023-05-26;"sexta-feira";"17:35:00";"ES";262;148,2;"IBATIBA";"Afundamento ou ondulação no pavimento";"Queda de ocupante de veículo";"Com Vítimas Feridas";"Plena Noite";"Crescente";"Céu Claro";"Simples";"Curva";"Não";2;0;1;0;1;0;1;1;-20,21477309;-41,42392501;"SPRF-ES";"DEL01-ES";"UOP02-DEL01-ES"
525460;2023-05-26;"sexta-feira";"18:00:00";"PE";101;78;"RECIFE";"Acessar a via sem observar a presença dos outros veículos";"Colisão transversal";"Com Vítimas Feridas";"Plena Noite";"Decrescente";"Nublado";"Dupla";"Reta";"Sim";2;0;2;0;0;0;2;2;-8,137198;-34,947393;"SPRF-PE";"DEL01-PE";"UOP01-DEL01-PE"
525461;2023-05-26;"sexta-feira";"17:20:00";"BA";116;819,2;"VITORIA DA CONQUISTA";"Acessar a via sem observar a presença dos outros veículos";"Colisão transversal";"Com Vítimas Feridas";"Anoitecer";"Decrescente";"Garoa/Chuvisco";"Simples";"Interseção de Vias";"Não";2;0;0;1;1;0;1;2;-14,79057315;-40,75539592;"SPRF-BA";"DEL08-BA";"UOP01-DEL08-BA"
525462;2023-05-26;"sexta-feira";"16:30:00";"RJ";101;284;"ITABORAI";"Manobra de mudança de faixa";"Tombamento";"Sem Vítimas";"Anoitecer";"Decrescente";"Céu Claro";"Dupla";"Reta";"Sim";1;0;0;0;1;0;0;1;-22,74431564;-42,80870139;"SPRF-RJ";"DEL02-RJ";"UOP02-DEL02-RJ"
525463;2023-05-19;"sexta-feira";"20:20:00";"MG";116;424,4;"ALPERCATA";"Ingestão de álcool pelo condutor";"Colisão frontal";"Com Vítimas Fatais";"Plena Noite";"Crescente";"Céu Claro";"Simples";"Curva";"Não";5;1;1;3;0;0;4;2;-18,95689528;-41,96500492;"SPRF-MG";"DEL06-MG";"UOP01-DEL06-MG"
525465;2023-05-26;"sexta-feira";"17:45:00";"RN";101;116,4;"SAO JOSE DE MIPIBU";"Acessar a via sem observar a presença dos outros veículos";"Colisão transversal";"Com Vítimas Feridas";"Plena Noite";"Decrescente";"Nublado";"Dupla";"Reta";"Não";2;0;1;0;1;0;1;2;-5,99915204;-35,26015878;"SPRF-RN";"DEL01-RN";"UOP01-DEL01-RN"
525466;2023-05-26;"sexta-feira";"17:35:00";"GO";40;18,5;"LUZIANIA";"Acessar a via sem observar a presença dos outros veículos";"Colisão transversal";"Com Vítimas Feridas";"Pleno dia";"Crescente";"Céu Claro";"Dupla";"Reta";"Não";2;0;1;0;1;0;1;2;-16,20025117;-47,92176247;"SPRF-DF";"DEL01-DF";"UOP01-DEL01-DF"