"id";"data_inversa";"dia_semana";"horario";"uf";"br";"km";"municipio";"causa_acidente";"tipo_acidente";"classificacao_acidente";"fase_dia";"sentido_via";"condicao_metereologica";"tipo_pista";"tracado_via";"uso_solo";"pessoas";"mortos";"feridos_leves";"feridos_graves";"ilesos";"ignorados";"feridos";"veiculos";"latitude";"longitude";"regional";"delegacia";"uop"
525878;2023-05-28;"domingo";"11:30:00";"MG";116;530,7;"CARATINGA";"Ausência de reação do condutor";"Colisão traseira";"Com Vítimas Feridas";"Pleno dia";"Crescente";"Céu Claro";"Simples";"Interseção de Vias;Reta";"Sim";3;0;1;1;1;0;2;2;-19,81067298;-42,13539446;"SPRF-MG";"DEL06-MG";"UOP02-DEL06-MG"
525880;2023-05-28;"domingo";"15:10:00";"SP";116;339,4;"MIRACATU";"Reação tardia ou ineficiente do condutor";"Colisão com objeto";"Com Vítimas Fatais";"Pleno dia";"Decrescente";"Garoa/Chuvisco";"Múltipla";"Curva;Aclive";"Não";2;1;1;0;0;0;1;1;-23,9983939;-47,14927316;"SPRF-SP";"DEL04-SP";"UOP03-DEL04-SP"
525881;2023-05-28;"domingo";"14:00:00";"RJ";116;313,5;"RESENDE";"Reação tardia ou ineficiente do condutor";"Colisão com objeto";"Sem Vítimas";"Pleno dia";"Decrescente";"Céu Claro";"Dupla";"Reta";"Não";2;0;0;0;2;0;0;1;-22,45998766;-44,46237202;"SPRF-RJ";"DEL07-RJ";"UOP02-DEL07-RJ"
525883;2023-05-28;"domingo";"17:00:00";"SP";381;54,2;"ATIBAIA";"Velocidade Incompatível";"Colisão com objeto";"Sem Vítimas";"Pleno dia";"Decrescente";"Chuva";"Dupla";"Curva";"Não";1;0;0;0;1;0;0;1;-23,2449074;-46,59562343;"SPRF-SP";"DEL03-SP";"UOP01-DEL03-SP"
525885;2023-05-28;"domingo";"17:00:00";"SC";101;190,5;"BIGUACU";"Ausência de reação do condutor";"Saída de leito carroçável";"Com Vítimas Feridas";"Anoitecer";"Decrescente";"Chuva";"Dupla";"Curva";"Sim";3;0;1;0;1;1;1;2;-27,468056;-48,641712;"SPRF-SC";"DEL01-SC";"UOP01-DEL01-SC"
525886;2023-05-28;"domingo";"17:55:00";"DF";60;4;"BRASILIA";"Ingestão de álcool pelo condutor";"Saída de leito carroçável";"Sem Vítimas";"Anoitecer";"Decrescente";"Céu Claro";"Dupla";"Reta";"Não";3;0;0;0;3;0;0;1;-15,893361;-48,096566;"SPRF-DF";"DEL03-DF";"UOP01-DEL03-DF"
525887;2023-05-28;"domingo";"12:20:00";"AC";364;137;"RIO BRANCO";"Condutor deixou de manter distância do veículo da frente";"Colisão transversal";"Com Vítimas Feridas";"Pleno dia";"Crescente";"Céu Claro";"Dupla";"Rotatória";"Sim";2;0;1;0;0;1;1;2;-9,9693540377;-67,8526451321;"SPRF-AC";"DEL01-AC";"UOP01-DEL01-AC"
525888;2023-05-28;"domingo";"14:50:00";"MT";163;777;"SORRISO";"Reação tardia ou ineficiente do condutor";"Saída de leito carroçável";"Com Vítimas Feridas";"Pleno dia";"Decrescente";"Céu Claro";"Simples";"Reta";"Não";2;0;1;1;0;0;2;1;-12,46639807;-55,67002686;"SPRF-MT";"DEL06-MT";"UOP01-DEL06-MT"
525890;2023-05-28;"domingo";"15:30:00";"MA";316;139,2;"NOVA OLINDA DO MARANHAO";"Mal súbito do condutor";"Saída de leito carroçável";"Com Vítimas Fatais";"Pleno dia";"Decrescente";"Céu Claro";"Simples";"Reta";"Não";3;1;1;1;0;0;2;1;-2,757221;-45,717848;"SPRF-MA";"DEL02-MA";"UOP02-DEL02-MA"
525891;2023-05-28;"domingo";"17:20:00";"MS";376;3;"DOURADOS";"Ultrapassagem Indevida";"Colisão frontal";"Com Vítimas Fatais";"Anoitecer";"Decrescente";"Céu Claro";"Simples";"Reta";"Não";6;1;2;0;3;0;2;2;-22,21619519;-54,67395921;"SPRF-MS";"DEL04-MS";"UOP01-DEL04-MS"
525892;2023-05-28;"domingo";"18:30:00";"ES";262;113;"VENDA NOVA DO IMIGRANTE";"Velocidade Incompatível";"Colisão com objeto";"Com Vítimas Feridas";"Plena Noite";"Decrescente";"Céu Claro";"Simples";"Curva;Declive";"Não";1;0;1;0;0;0;1;1;-20,33171889;-41,20453016;"SPRF-ES";"DEL01-ES";"UOP02-DEL01-ES"
525895;2023-05-28;"domingo";"00:30:00";"PR";153;122,4;"IBAITI";"Reação tardia ou ineficiente do condutor";"Saída de leito carroçável";"Com Vítimas Feridas";"Plena Noite";"Crescente";"Ignorado";"Simples";"Curva";"Não";1;0;1;0;0;0;1;1;-23,93903221;-50,23779778;"SPRF-PR";"DEL07-PR";"UOP04-DEL07-PR"
525897;2023-05-28;"domingo";"14:20:00";"SC";101;139;"BALNEARIO CAMBORIU";"Reação tardia ou ineficiente do condutor";"Capotamento";"Com Vítimas Feridas";"Pleno dia";"Decrescente";"Garoa/Chuvisco";"Simples";"Curva";"Sim";1;0;1;0;0;0;1;1;-27,02982303;-48,60115006;"SPRF-SC";"DEL04-SC";"UOP03-DEL04-SC"
525899;2023-05-28;"domingo";"17:00:00";"SP";116;398;"MIRACATU";"Chuva";"Tombamento";"Com Vítimas Feridas";"Plena Noite";"Decrescente";"Chuva";"Dupla";"Reta";"Não";1;0;0;1;0;0;1;1;-24,30085222;-47,48456072;"SPRF-SP";"DEL04-SP";"UOP02-DEL04-SP"
525900;2023-05-28;"domingo";"15:50:00";"RJ";101;250;"SILVA JARDIM";"Reação tardia ou ineficiente do condutor";"Capotamento";"Com Vítimas Feridas";"Pleno dia";"Decrescente";"Céu Claro";"Dupla";"Reta";"Não";2;0;1;0;1;0;1;1;-22,67476921;-42,51607987;"SPRF-RJ";"DEL02-RJ";"UOP03-DEL02-RJ"
525901;2023-05-28;"domingo";"10:00:00";"RJ";101;290;"ITABORAI";"Ausência de reação do condutor";"Colisão traseira";"Com Vítimas Feridas";"Pleno dia";"Decrescente";"Céu Claro";"Simples";"Reta";"Não";2;0;2;0;0;0;2;1;-22,76708384;-42,86081305;"SPRF-RJ";"DEL02-RJ";"UOP02-DEL02-RJ"
525902;2023-05-28;"domingo";"16:15:00";"PR";376;664,2;"GUARATUBA";"Velocidade Incompatível";"Capotamento";"Com Vítimas Feridas";"Pleno dia";"Decrescente";"Chuva";"Dupla";"Aclive;Curva";"Não";1;0;1;0;0;0;1;1;-25,85368172;-48,95621538;"SPRF-PR";"DEL01-PR";"UOP04-DEL01-PR"
525903;2023-05-28;"domingo";"15:20:00";"RS";116;216,7;"MORRO REUTER";"Ausência de reação do condutor";"Saída de leito carroçável";"Com Vítimas Feridas";"Pleno dia";"Decrescente";"Garoa/Chuvisco";"Simples";"Curva";"Não";2;0;2;0;0;0;2;1;-29,54001608;-51,07711676;"SPRF-RS";"DEL05-RS";"UOP02-DEL05-RS"
525904;2023-05-28;"domingo";"16:20:00";"SP";116;562;"BARRA DO TURVO";"Ausência de reação do condutor";"Saída de leito carroçável";"Com Vítimas Feridas";"Pleno dia";"Crescente";"Chuva";"Dupla";"Curva";"Não";2;0;1;0;1;0;1;1;-25,02464023;-48,52213701;"SPRF-SP";"DEL05-SP";"UOP02-DEL05-SP"
525908;2023-05-28;"domingo";"16:00:00";"BA";101;824;"ITAMARAJU";"Transitar na contramão";"Colisão frontal";"Com Vítimas Fatais";"Pleno dia";"Crescente";"Céu Claro";"Simples";"Curva";"Não";3;1;1;1;0;0;2;2;-17,143124;-39,569177;"SPRF-BA";"DEL09-BA";"UOP02-DEL09-BA"
525910;2023-05-28;"domingo";"19:00:00";"DF";20;12,5;"BRASILIA";"Acessar a via sem observar a presença dos outros veículos";"Colisão traseira";"Com Vítimas Feridas";"Plena Noite";"Crescente";"Céu Claro";"Dupla";"Reta";"Sim";3;0;1;0;1;1;1;2;-15,642812;-47,757786;"SPRF-DF";"DEL02-DF";"UOP01-DEL02-DF"
525911;2023-05-28;"domingo";"14:15:00";"SC";101;289,5;"IMBITUBA";"Condutor Dormindo";"Colisão com objeto";"Sem Vítimas";"Pleno dia";"Crescente";"Nublado";"Dupla";"Curva";"Sim";1;0;0;0;1;0;0;1;-28,25395282;-48,70289554;"SPRF-SC";"DEL02-SC";"UOP03-DEL02-SC"
525912;2023-05-28;"domingo";"15:50:00";"SP";116;213;"GUARULHOS";"Reação tardia ou ineficiente do condutor";"Colisão com objeto";"Com Vítimas Feridas";"Pleno dia";"Decrescente";"Garoa/Chuvisco";"Dupla";"Reta";"Não";2;0;1;0;0;1;1;2;-23,45056589;-46,46258105;"SPRF-SP";"DEL01-SP";"UOP01-DEL01-SP"
525913;2023-05-28;"domingo";"17:50:00";"SP";116;215;"GUARULHOS";"Ingestão de álcool pelo condutor";"Colisão traseira";"Com Vítimas Feridas";"Plena Noite";"Decrescente";"Nublado";"Múltipla";"Aclive;Reta";"Sim";5;0;2;1;2;0;3;2;-23,4531188;-46,46849871;"SPRF-SP";"DEL01-SP";"UOP01-DEL01-SP"
525914;2023-05-28;"domingo";"19:40:00";"SP";116;221;"GUARULHOS";"Entrada inopinada do pedestre";"Atropelamento de Pedestre";"Com Vítimas Fatais";"Plena Noite";"Crescente";"Garoa/Chuvisco";"Múltipla";"Interseção de Vias";"Sim";3;1;0;0;1;1;0;2;-23,46802395;-46,50704901;"SPRF-SP";"DEL01-SP";"UOP01-DEL01-SP"
525915;2023-05-28;"domingo";"18:40:00";"RS";116;228;"DOIS IRMAOS";"Ausência de reação do condutor";"Colisão frontal";"Com Vítimas Fatais";"Plena Noite";"Decrescente";"Céu Claro";"Simples";"Curva;Em Obras";"Não";4;1;2;0;1;0;2;2;-29,61103966;-51,12425074;"SPRF-RS";"DEL01-RS";"UOP02-DEL01-RS"
525916;2023-05-28;"domingo";"18:30:00";"SP";381;73;"SAO PAULO";"Chuva";"Capotamento";"Com Vítimas Feridas";"Plena Noite";"Decrescente";"Chuva";"Dupla";"Reta";"Não";2;0;1;0;1;0;1;1;-23,36553404;-46,55253934;"SPRF-SP";"DEL03-SP";"UOP01-DEL03-SP"
525917;2023-05-28;"domingo";"19:10:00";"MG";381;863,8;"POUSO ALEGRE";"Condutor Dormindo";"Saída de leito carroçável";"Com Vítimas Feridas";"Plena Noite";"Decrescente";"Chuva";"Dupla";"Declive;Reta";"Não";1;0;1;0;0;0;1;1;-22,35516049;-45,927727;"SPRF-MG";"DEL16-MG";"UOP01-DEL16-MG"
525919;2023-05-28;"domingo";"18:00:00";"MG";381;924,6;"CAMANDUCAIA";"Velocidade Incompatível";"Colisão com objeto";"Com Vítimas Feridas";"Plena Noite";"Crescente";"Garoa/Chuvisco";"Dupla";"Curva";"Não";4;0;4;0;0;0;4;1;-22,77050246;-46,23490598;"SPRF-MG";"DEL16-MG";"UOP03-DEL16-MG"
525922;2023-05-28;"domingo";"15:30:00";"MS";158;22;"CASSILANDIA";"Reação tardia ou ineficiente do condutor";"Tombamento";"Com Vítimas Feridas";"Anoitecer";"Crescente";"Nublado";"Simples";"Reta";"Não";1;0;1;0;0;0;1;1;-19,19375304;-51,56993802;"SPRF-MS";"DEL08-MS";"UOP01-DEL08-MS"
525924;2023-05-28;"domingo";"18:50:00";"PI";316;7,9;"TERESINA";"Manobra de mudança de faixa";"Saída de leito carroçável";"Com Vítimas Feridas";"Plena Noite";"Decrescente";"Céu Claro";"Dupla";"Declive;Reta";"Sim";3;0;2;0;0;1;2;2;-5,15584638;-42,77173332;"SPRF-PI";"DEL01-PI";"UOP02-DEL01-PI"
525925;2023-05-28;"domingo";"19:00:00";"RJ";40;72;"PETROPOLIS";"Reação tardia ou ineficiente do condutor";"Capotamento";"Com Vítimas Feridas";"Plena Noite";"Crescente";"Céu Claro";"Dupla";"Reta";"Não";2;0;1;0;1;0;1;1;-22,4585308;-43,21600514;"SPRF-RJ";"DEL06-RJ";"UOP01-DEL06-RJ"
525926;2023-05-28;"domingo";"19:05:00";"RJ";116;235;"PIRAI";"Acesso irregular";"Colisão transversal";"Com Vítimas Feridas";"Amanhecer";"Crescente";"Chuva";"Dupla";"Curva";"Não";2;0;1;0;1;0;1;2;-22,66934677;-43,85528603;"SPRF-RJ";"DEL07-RJ";"UOP01-DEL07-RJ"
525927;2023-05-28;"domingo";"16:30:00";"SP";116;67;"GUARATINGUETA";"Demais falhas mecânicas ou elétricas";"Incêndio";"Sem Vítimas";"Pleno dia";"Decrescente";"Nublado";"Dupla";"Aclive";"Não";1;0;0;0;1;0;0;1;-22,82866955;-45,20897627;"SPRF-SP";"DEL08-SP";"UOP01-DEL08-SP"
525929;2023-05-28;"domingo";"20:00:00";"GO";153;513;"APARECIDA DE GOIANIA";"Reação tardia ou ineficiente do condutor";"Colisão lateral mesmo sentido";"Com Vítimas Feridas";"Plena Noite";"Decrescente";"Céu Claro";"Dupla";"Reta";"Sim";2;0;1;0;1;0;1;2;-16,8244;-49,2421;"SPRF-GO";"DEL01-GO";"UOP03-DEL01-GO"
525930;2023-05-28;"domingo";"18:30:00";"TO";153;297;"PRESIDENTE KENNEDY";"Ausência de reação do condutor";"Capotamento";"Com Vítimas Feridas";"Plena Noite";"Crescente";"Céu Claro";"Simples";"Reta";"Não";2;0;2;0;0;0;2;1;-8,49782597;-48,48989388;"SPRF-TO";"DEL02-TO";"UOP02-DEL02-TO"
525931;2023-05-28;"domingo";"19:20:00";"MG";381;876,5;"ESTIVA";"Velocidade Incompatível";"Saída de leito carroçável";"Com Vítimas Feridas";"Plena Noite";"Decrescente";"Chuva";"Dupla";"Curva";"Não";2;0;2;0;0;0;2;1;-22,43883578;-45,98437699;"SPRF-MG";"DEL16-MG";"UOP01-DEL16-MG"
525932;2023-05-28;"domingo";"18:00:00";"MA";230;14,4;"BARAO DE GRAJAU";"Transitar na contramão";"Colisão frontal";"Com Vítimas Feridas";"Anoitecer";"Decrescente";"Céu Claro";"Simples";"Reta;Declive";"Não";2;0;1;1;0;0;2;2;-6,71731191;-43,12602102;"SPRF-PI";"DEL03-PI";"UOP01-DEL03-PI"
525934;2023-05-28;"domingo";"16:05:00";"GO";153;370,7;"SAO FRANCISCO DE GOIAS";"Reação tardia ou ineficiente do condutor";"Colisão traseira";"Com Vítimas Feridas";"Pleno dia";"Crescente";"Céu Claro";"Simples";"Reta;Aclive";"Não";3;0;2;1;0;0;3;2;-15,85165568;-49,2667312;"SPRF-GO";"DEL02-GO";"UOP02-DEL02-GO"
525935;2023-05-28;"domingo";"18:20:00";"SC";101;71;"ARAQUARI";"Reação tardia ou ineficiente do condutor";"Saída de leito carroçável";"Com Vítimas Feridas";"Plena Noite";"Crescente";"Chuva";"Dupla";"Reta";"Não";1;0;1;0;0;0;1;1;-26,5183913;-48,7191081;"SPRF-SC";"DEL03-SC";"UOP02-DEL03-SC"
525936;2023-05-28;"domingo";"19:30:00";"PR";163;70;"PEROLA DOESTE";"Mal súbito do condutor";"Saída de leito carroçável";"Com Vítimas Feridas";"Plena Noite";"Decrescente";"Céu Claro";"Simples";"Reta";"Não";1;0;1;0;0;0;1;1;-25,80421851;-53,77155304;"SPRF-PR";"DEL02-PR";"UOP02-DEL02-PR"
525937;2023-05-28;"domingo";"18:15:00";"PR";163;42;"PRANCHITA";"Desrespeitar a preferência no cruzamento";"Colisão transversal";"Com Vítimas Feridas";"Plena Noite";"Crescente";"Céu Claro";"Simples";"Reta";"Não";2;0;0;1;0;1;1;2;-26,012841;-53,733307;"SPRF-PR";"DEL02-PR";"UOP02-DEL02-PR"
525940;2023-05-28;"domingo";"21:05:00";"MG";40;413;"CURVELO";"Velocidade Incompatível";"Capotamento";"Com Vítimas Feridas";"Plena Noite";"Decrescente";"Céu Claro";"Simples";"Interseção de Vias";"Não";1;0;1;0;0;0;1;1;-19,13248388;-44,62252053;"SPRF-MG";"DEL02-MG";"UOP01-DEL02-MG"
525941;2023-05-28;"domingo";"20:44:00";"RN";226;243,4;"JUCURUTU";"Transitar na contramão";"Colisão frontal";"Com Vítimas Fatais";"Plena Noite";"Decrescente";"Céu Claro";"Simples";"Reta";"Não";2;1;0;0;1;0;0;2;-6,04407118;-37,00023217;"SPRF-RN";"DEL03-RN";"UOP01-DEL03-RN"
525942;2023-05-28;"domingo";"20:50:00";"SP";381;89;"GUARULHOS";"Reação tardia ou ineficiente do condutor";"Colisão traseira";"Sem Vítimas";"Plena Noite";"Crescente";"Chuva";"Dupla";"Reta";"Não";3;0;0;0;3;0;0;3;-23,48469299;-46,55983288;"SPRF-SP";"DEL03-SP";"UOP01-DEL03-SP"
525943;2023-05-28;"domingo";"19:20:00";"SP";116;560,5;"BARRA DO TURVO";"Ausência de reação do condutor";"Saída de leito carroçável";"Com Vítimas Feridas";"Plena Noite";"Crescente";"Chuva";"Dupla";"Curva";"Não";2;0;1;0;1;0;1;1;-25,01571198;-48,50929106;"SPRF-SP";"DEL05-SP";"UOP02-DEL05-SP"
525944;2023-05-28;"domingo";"21:30:00";"PR";116;8;"QUATRO BARRAS";"Transitar na contramão";"Colisão frontal";"Com Vítimas Fatais";"Plena Noite";"Decrescente";"Garoa/Chuvisco";"Dupla";"Reta";"Sim";22;2;2;0;16;2;2;3;-25,3697;-49,1158;"SPRF-PR";"DEL01-PR";"UOP02-DEL01-PR"
525945;2023-05-28;"domingo";"21:50:00";"MG";381;0,5;"BETIM";"Reação tardia ou ineficiente do condutor";"Colisão com objeto";"Com Vítimas Fatais";"Plena Noite";"Decrescente";"Céu Claro";"Dupla";"Curva";"Sim";3;1;1;0;0;1;1;2;-19,96825;-44,198708;"SPRF-MG";"DEL01-MG";"UOP03-DEL01-MG"
525947;2023-05-28;"domingo";"21:00:00";"PR";116;11;"COLOMBO";"Ingestão de álcool pelo condutor";"Colisão traseira";"Sem Vítimas";"Plena Noite";"Decrescente";"Céu Claro";"Dupla";"Reta";"Sim";6;0;0;0;6;0;0;2;-25,3727;-49,1408;"SPRF-PR";"DEL01-PR";"UOP02-DEL01-PR"
525948;2023-05-28;"domingo";"18:53:00";"MS";60;368;"CAMPO GRANDE";"Ingestão de álcool pelo condutor";"Colisão lateral sentido oposto";"Sem Vítimas";"Plena Noite";"Crescente";"Céu Claro";"Simples";"Reta";"Sim";3;0;0;0;2;1;0;2;-20,55292998;-54,6693635;"SPRF-MS";"DEL01-MS";"UOP04-DEL01-MS"
525949;2023-05-28;"domingo";"19:30:00";"PA";230;121;"MARABA";"Ausência de reação do condutor";"Colisão traseira";"Com Vítimas Feridas";"Plena Noite";"Crescente";"Céu Claro";"Dupla";"Reta";"Sim";4;0;2;0;2;0;2;3;-5,35297407;-49,12143673;"SPRF-PA";"DEL03-PA";"UOP01-DEL03-PA"
525951;2023-05-28;"domingo";"20:00:00";"SC";470;162,4;"POUSO REDONDO";"Velocidade Incompatível";"Saída de leito carroçável";"Com Vítimas Feridas";"Plena Noite";"Crescente";"Chuva";"Simples";"Curva";"Não";1;0;1;0;0;0;1;1;-27,282606;-49,817101;"SPRF-SC";"DEL04-SC";"UOP02-DEL04-SC"
525952;2023-05-28;"domingo";"14:30:00";"PR";116;152;"MANDIRITUBA";"Acessar a via sem observar a presença dos outros veículos";"Colisão transversal";"Com Vítimas Feridas";"Pleno dia";"Decrescente";"Garoa/Chuvisco";"Dupla";"Interseção de Vias;Rotatória;Reta";"Sim";3;0;2;0;1;0;2;2;-25,83236296;-49,33609707;"SPRF-PR";"DEL01-PR";"UOP03-DEL01-PR"
525954;2023-05-28;"domingo";"18:15:00";"SC";280;155;"MAFRA";"Ausência de reação do condutor";"Saída de leito carroçável";"Com Vítimas Feridas";"Plena Noite";"Crescente";"Chuva";"Simples";"Curva";"Não";1;0;1;0;0;0;1;1;-26,19986048;-49,74292338;"SPRF-SC";"DEL06-SC";"UOP03-DEL06-SC"
525955;2023-05-28;"domingo";"18:02:00";"PR";163;302;"MERCEDES";"Velocidade Incompatível";"Saída de leito carroçável";"Com Vítimas Feridas";"Plena Noite";"Crescente";"Céu Claro";"Simples";"Interseção de Vias;Reta";"Não";2;0;0;2;0;0;2;1;-24,48107425;-54,12657443;"SPRF-PR";"DEL06-PR";"UOP02-DEL06-PR"
525956;2023-05-28;"domingo";"21:30:00";"PI";343;5;"PARNAIBA";"Mal súbito do condutor";"Saída de leito carroçável";"Sem Vítimas";"Plena Noite";"Decrescente";"Céu Claro";"Simples";"Reta";"Não";4;0;0;0;4;0;0;1;-2,8956;-41,696838;"SPRF-PI";"DEL05-PI";"UOP01-DEL05-PI"
525958;2023-05-28;"domingo";"18:00:00";"SC";280;92,3;"CORUPA";"Desvio temporário";"Saída de leito carroçável";"Com Vítimas Feridas";"Plena Noite";"Crescente";"Garoa/Chuvisco";"Simples";"Reta;Aclive";"Não";3;0;2;1;0;0;3;1;-26,39448258;-49,2950379;"SPRF-SC";"DEL06-SC";"UOP03-DEL06-SC"
525959;2023-05-28;"domingo";"18:40:00";"SC";101;134;"BALNEARIO CAMBORIU";"Reação tardia ou ineficiente do condutor";"Colisão traseira";"Com Vítimas Feridas";"Plena Noite";"Crescente";"Chuva";"Múltipla";"Reta";"Sim";2;0;1;0;1;0;1;2;-27,00218;-48,636433;"SPRF-SC";"DEL04-SC";"UOP03-DEL04-SC"
525960;2023-05-28;"domingo";"16:10:00";"BA";135;146;"RIACHAO DAS NEVES";"Reação tardia ou ineficiente do condutor";"Saída de leito carroçável";"Com Vítimas Feridas";"Pleno dia";"Crescente";"Céu Claro";"Simples";"Reta";"Não";3;0;2;1;0;0;3;1;-11,9096257;-44,87805232;"SPRF-BA";"DEL08-BA";"UOP04-DEL08-BA"
525961;2023-05-28;"domingo";"18:30:00";"MT";163;747;"SORRISO";"Reação tardia ou ineficiente do condutor";"Queda de ocupante de veículo";"Com Vítimas Feridas";"Plena Noite";"Crescente";"Céu Claro";"Simples";"Retorno Regulamentado";"Sim";1;0;1;0;0;0;1;1;-12,593215;-55,742837;"SPRF-MT";"DEL06-MT";"UOP01-DEL06-MT"
525963;2023-05-28;"domingo";"18:10:00";"SC";116;10,4;"MAFRA";"Ingestão de álcool pelo condutor";"Colisão frontal";"Com Vítimas Feridas";"Anoitecer";"Crescente";"Chuva";"Simples";"Curva;Declive";"Não";4;0;1;0;3;0;1;2;-26,16829411;-49,85476074;"SPRF-SC";"DEL06-SC";"UOP01-DEL06-SC"
525964;2023-05-28;"domingo";"18:00:00";"RS";287;469,9;"SAO BORJA";"Acessar a via sem observar a presença dos outros veículos";"Colisão transversal";"Com Vítimas Feridas";"Anoitecer";"Decrescente";"Céu Claro";"Simples";"Reta";"Não";2;0;0;1;1;0;1;2;-28,98725941;-55,45763096;"SPRF-RS";"DEL12-RS";"UOP01-DEL12-RS"
525965;2023-05-28;"domingo";"18:55:00";"RS";392;82,1;"PELOTAS";"Ingestão de álcool pelo condutor";"Saída de leito carroçável";"Sem Vítimas";"Plena Noite";"Decrescente";"Céu Claro";"Simples";"Reta";"Não";3;0;0;0;3;0;0;1;-31,66084278;-52,4657217;"SPRF-RS";"DEL07-RS";"UOP01-DEL07-RS"
525967;2023-05-28;"domingo";"22:00:00";"RJ";101;400;"ITAGUAI";"Ingestão de álcool pelo condutor";"Atropelamento de Pedestre";"Com Vítimas Feridas";"Plena Noite";"Crescente";"Nublado";"Simples";"Reta";"Não";3;0;3;0;0;0;3;2;-22,85070616;-43,76668274;"SPRF-RJ";"DEL03-RJ";"UOP01-DEL03-RJ"
525968;2023-05-28;"domingo";"18:00:00";"RN";110;45,1;"MOSSORO";"Reação tardia ou ineficiente do condutor";"Colisão lateral sentido oposto";"Com Vítimas Feridas";"Anoitecer";"Decrescente";"Chuva";"Simples";"Reta";"Sim";2;0;0;2;0;0;2;2;-5,19257993;-37,31114905;"SPRF-RN";"DEL04-RN";"UOP01-DEL04-RN"
525969;2023-05-28;"domingo";"18:27:00";"RO";425;135;"GUAJARA-MIRIM";"Avarias e/ou desgaste excessivo no pneu";"Queda de ocupante de veículo";"Com Vítimas Feridas";"Anoitecer";"Crescente";"Céu Claro";"Simples";"Declive;Reta";"Não";1;0;0;1;0;0;1;1;-10,703863;-65,273033;"SPRF-RO";"DEL01-RO";"UOP03-DEL01-RO"
525970;2023-05-28;"domingo";"19:00:00";"RJ";101;195,1;"CASIMIRO DE ABREU";"Ausência de reação do condutor";"Queda de ocupante de veículo";"Com Vítimas Feridas";"Plena Noite";"Crescente";"Céu Claro";"Dupla";"Curva";"Não";2;0;2;0;0;0;2;1;-22,49220783;-42,10020136;"SPRF-RJ";"DEL08-RJ";"UOP04-DEL08-RJ"
525971;2023-05-28;"domingo";"18:00:00";"RJ";116;232;"PIRAI";"Reação tardia ou ineficiente do condutor";"Capotamento";"Com Vítimas Feridas";"Anoitecer";"Decrescente";"Céu Claro";"Dupla";"Curva";"Não";1;0;1;0;0;0;1;1;-22,65604007;-43,83713888;"SPRF-RJ";"DEL07-RJ";"UOP01-DEL07-RJ"
525973;2023-05-28;"domingo";"19:10:00";"RO";364;671;"CANDEIAS DO JAMARI";"Deficiência do Sistema de Iluminação/Sinalização";"Colisão traseira";"Com Vítimas Feridas";"Plena Noite";"Crescente";"Garoa/Chuvisco";"Simples";"Reta";"Não";2;0;0;2;0;0;2;2;-8,77689281;-63,50768602;"SPRF-RO";"DEL01-RO";"UOP01-DEL01-RO"
525974;2023-05-28;"domingo";"21:50:00";"SP";116;364,1;"MIRACATU";"Ausência de reação do condutor";"Colisão com objeto";"Com Vítimas Feridas";"Plena Noite";"Decrescente";"Garoa/Chuvisco";"Dupla";"Curva";"Não";2;0;1;0;1;0;1;1;-24,13881806;-47,27310246;"SPRF-SP";"DEL04-SP";"UOP02-DEL04-SP"
525975;2023-05-28;"domingo";"17:50:00";"AC";317;218;"XAPURI";"Pista esburacada";"Colisão com objeto";"Com Vítimas Feridas";"Plena Noite";"Crescente";"Ignorado";"Simples";"Reta";"Não";5;0;1;0;4;0;1;1;-10,66809866;-68,25724586;"SPRF-AC";"DEL01-AC";"UOP02-DEL01-AC"
525976;2023-05-28;"domingo";"22:00:00";"SP";381;78;"SAO PAULO";"Chuva";"Colisão com objeto";"Com Vítimas Feridas";"Plena Noite";"Decrescente";"Nublado";"Dupla";"Curva";"Sim";2;0;1;0;1;0;1;1;-23,39620774;-46,57355227;"SPRF-SP";"DEL03-SP";"UOP01-DEL03-SP"
525977;2023-05-28;"domingo";"22:50:00";"SC";101;139;"BALNEARIO CAMBORIU";"Reação tardia ou ineficiente do condutor";"Colisão com objeto";"Com Vítimas Feridas";"Plena Noite";"Decrescente";"Garoa/Chuvisco";"Simples";"Curva";"Sim";1;0;1;0;0;0;1;1;-27,02982303;-48,60115006;"SPRF-SC";"DEL04-SC";"UOP03-DEL04-SC"
525978;2023-05-28;"domingo";"19:20:00";"RO";364;506;"ARIQUEMES";"Transitar na contramão";"Colisão lateral sentido oposto";"Com Vítimas Feridas";"Plena Noite";"Decrescente";"Céu Claro";"Simples";"Reta";"Sim";4;0;1;1;2;0;2;2;-9,99000286;-63,01741583;"SPRF-RO";"DEL03-RO";"UOP01-DEL03-RO"
525979;2023-05-28;"domingo";"21:55:00";"RR";174;514;"BOA VISTA";"Pista esburacada";"Queda de ocupante de veículo";"Com Vítimas Feridas";"Plena Noite";"Crescente";"Nublado";"Simples";"Reta";"Não";1;0;1;0;0;0;1;1;2,888931;-60,700974;"SPRF-RR";"DEL01-RR";"UOP01-DEL01-RR"
525980;2023-05-28;"domingo";"22:45:00";"RJ";101;312;"SAO GONCALO";"Ausência de reação do condutor";"Queda de ocupante de veículo";"Com Vítimas Feridas";"Plena Noite";"Crescente";"Céu Claro";"Dupla";"Reta";"Não";2;0;2;0;0;0;2;1;-22,80546555;-43,06156967;"SPRF-RJ";"DEL02-RJ";"UOP02-DEL02-RJ"
525981;2023-05-28;"domingo";"22:50:00";"GO";153;682;"PANAMA";"Condutor Dormindo";"Saída de leito carroçável";"Sem Vítimas";"Plena Noite";"Decrescente";"Céu Claro";"Dupla";"Reta;Declive";"Não";2;0;0;0;2;0;0;1;-18,2401;-49,2569;"SPRF-GO";"DEL03-GO";"UOP02-DEL03-GO"