"id";"data_inversa";"dia_semana";"horario";"uf";"br";"km";"municipio";"causa_acidente";"tipo_acidente";"classificacao_acidente";"fase_dia";"sentido_via";"condicao_metereologica";"tipo_pista";"tracado_via";"uso_solo";"pessoas";"mortos";"feridos_leves";"feridos_graves";"ilesos";"ignorados";"feridos";"veiculos";"latitude";"longitude";"regional";"delegacia";"uop"
525982;2023-05-28;"domingo";"20:33:00";"MG";381;917;"CAMANDUCAIA";"Velocidade Incompatível";"Colisão lateral mesmo sentido";"Sem Vítimas";"Plena Noite";"Decrescente";"Céu Claro";"Dupla";"Reta;Declive";"Não";10;0;0;0;10;0;0;3;-22,76700121;-46,17875277;"SPRF-MG";"DEL16-MG";"UOP03-DEL16-MG"
525984;2023-05-28;"domingo";"22:15:00";"RN";304;35;"MOSSORO";"Ingestão de álcool pelo condutor";"Colisão com objeto";"Sem Vítimas";"Plena Noite";"Decrescente";"Céu Claro";"Dupla";"Curva";"Sim";1;0;0;0;1;0;0;1;-5,14623915;-37,33915508;"SPRF-RN";"DEL04-RN";"UOP02-DEL04-RN"
525985;2023-05-28;"domingo";"17:45:00";"SC";101;139;"BALNEARIO CAMBORIU";"Velocidade Incompatível";"Colisão com objeto";"Com Vítimas Feridas";"Anoitecer";"Crescente";"Chuva";"Múltipla";"Aclive;Viaduto;Curva";"Sim";2;0;2;0;0;0;2;1;-27,02982303;-48,60115006;"SPRF-SC";"DEL04-SC";"UOP03-DEL04-SC"
525986;2023-05-28;"domingo";"20:30:00";"MG";381;923,1;"CAMANDUCAIA";"Velocidade Incompatível";"Capotamento";"Com Vítimas Feridas";"Plena Noite";"Decrescente";"Garoa/Chuvisco";"Dupla";"Curva";"Não";1;0;1;0;0;0;1;1;-22,7671484;-46,22667493;"SPRF-MG";"DEL16-MG";"UOP03-DEL16-MG"
525987;2023-05-28;"domingo";"22:30:00";"SC";101;162;"PORTO BELO";"Ausência de reação do condutor";"Colisão com objeto";"Com Vítimas Feridas";"Plena Noite";"Decrescente";"Ignorado";"Dupla";"Reta";"Sim";1;0;1;0;0;0;1;1;-27,22554009;-48,6279367;"SPRF-SC";"DEL04-SC";"UOP03-DEL04-SC"
525988;2023-05-28;"domingo";"23:10:00";"PR";116;206;"RIO NEGRO";"Ingestão de álcool pelo condutor";"Saída de leito carroçável";"Com Vítimas Feridas";"Plena Noite";"Crescente";"Garoa/Chuvisco";"Simples";"Interseção de Vias";"Não";2;0;2;0;0;0;2;1;-26,06427183;-49,73114671;"SPRF-SC";"DEL06-SC";"UOP01-DEL06-SC"
525989;2023-05-28;"domingo";"22:40:00";"BA";101;807;"ITAMARAJU";"Entrada inopinada do pedestre";"Atropelamento de Pedestre";"Com Vítimas Feridas";"Plena Noite";"Crescente";"Nublado";"Simples";"Reta";"Sim";2;0;1;0;1;0;1;2;-17,18820805;-39,58798393;"SPRF-BA";"DEL09-BA";"UOP02-DEL09-BA"
525990;2023-05-28;"domingo";"21:20:00";"MG";381;386;"BARAO DE COCAIS";"Acessar a via sem observar a presença dos outros veículos";"Atropelamento de Pedestre";"Com Vítimas Feridas";"Plena Noite";"Crescente";"Céu Claro";"Simples";"Reta";"Não";3;0;0;1;1;1;1;2;-19,79738383;-43,41740299;"SPRF-MG";"DEL01-MG";"UOP01-DEL01-MG"
525991;2023-05-29;"segunda-feira";"00:30:00";"SP";116;216;"GUARULHOS";"Velocidade Incompatível";"Colisão com objeto";"Com Vítimas Feridas";"Plena Noite";"Decrescente";"Céu Claro";"Múltipla";"Reta";"Sim";2;0;2;0;0;0;2;1;-23,45056589;-46,46258105;"SPRF-SP";"DEL01-SP";"UOP01-DEL01-SP"
525993;2023-05-28;"domingo";"19:45:00";"RJ";116;197;"QUEIMADOS";"Demais falhas mecânicas ou elétricas";"Incêndio";"Sem Vítimas";"Plena Noite";"Crescente";"Céu Claro";"Múltipla";"Reta";"Sim";1;0;0;0;0;1;0;1;-22,72980637;-43,56512004;"SPRF-RJ";"DEL01-RJ";"UOP02-DEL01-RJ"
525995;2023-05-28;"domingo";"23:10:00";"MS";463;107,3;"PONTA PORA";"Objeto estático sobre o leito carroçável";"Colisão com objeto";"Com Vítimas Fatais";"Plena Noite";"Crescente";"Céu Claro";"Simples";"Reta";"Sim";2;1;0;1;0;0;1;2;-22,59094101;-55,67301101;"SPRF-MS";"DEL04-MS";"UOP03-DEL04-MS"
525997;2023-05-28;"domingo";"19:20:00";"MT";163;1057;"MATUPA";"Reação tardia ou ineficiente do condutor";"Colisão frontal";"Sem Vítimas";"Plena Noite";"Crescente";"Céu Claro";"Simples";"Reta";"Não";3;0;0;0;2;1;0;2;-10,1517271;-54,93133776;"SPRF-MT";"DEL06-MT";"UOP03-DEL06-MT"
525998;2023-05-29;"segunda-feira";"00:20:00";"PI";316;11,4;"TERESINA";"Pedestre cruzava a pista fora da faixa";"Atropelamento de Pedestre";"Com Vítimas Feridas";"Plena Noite";"Decrescente";"Chuva";"Dupla";"Reta";"Sim";2;0;0;1;0;1;1;2;-5,191739;-42,76076102;"SPRF-PI";"DEL01-PI";"UOP02-DEL01-PI"
525999;2023-05-29;"segunda-feira";"00:50:00";"RS";386;373;"PAVERAMA";"Ingestão de álcool pelo condutor";"Saída de leito carroçável";"Sem Vítimas";"Plena Noite";"Decrescente";"Nublado";"Dupla";"Curva";"Não";1;0;0;0;1;0;0;1;-29,610334;-51,804359;"SPRF-RS";"DEL04-RS";"UOP01-DEL04-RS"
526000;2023-05-29;"segunda-feira";"01:10:00";"MG";262;800;"UBERABA";"Ingestão de álcool pelo condutor";"Saída de leito carroçável";"Sem Vítimas";"Plena Noite";"Crescente";"Nublado";"Dupla";"Curva";"Sim";1;0;0;0;0;1;0;1;-19,76770312;-47,88986564;"SPRF-MG";"DEL13-MG";"UOP01-DEL13-MG"
526001;2023-05-29;"segunda-feira";"00:45:00";"PR";476;165;"ARAUCARIA";"Condutor Dormindo";"Saída de leito carroçável";"Sem Vítimas";"Plena Noite";"Crescente";"Nublado";"Simples";"Reta";"Não";1;0;0;0;1;0;0;1;-25,643578;-49,472763;"SPRF-PR";"DEL01-PR";"UOP06-DEL01-PR"
526002;2023-05-29;"segunda-feira";"01:30:00";"MG";40;513,1;"RIBEIRAO DAS NEVES";"Ingestão de álcool e/ou substâncias psicoativas pelo pedestre";"Saída de leito carroçável";"Sem Vítimas";"Plena Noite";"Crescente";"Céu Claro";"Dupla";"Declive;Curva";"Não";1;0;0;0;1;0;0;1;-19,7970544;-44,1080512;"SPRF-MG";"DEL01-MG";"UOP02-DEL01-MG"
526006;2023-05-29;"segunda-feira";"03:30:00";"RS";448;22;"CANOAS";"Ingestão de álcool pelo condutor";"Colisão com objeto";"Com Vítimas Feridas";"Plena Noite";"Crescente";"Céu Claro";"Dupla";"Curva;Viaduto";"Sim";2;0;2;0;0;0;2;1;-29,972212;-51,199139;"SPRF-RS";"DEL01-RS";"UOP01-DEL01-RS"
526007;2023-05-29;"segunda-feira";"03:10:00";"PB";101;6,9;"MAMANGUAPE";"Reação tardia ou ineficiente do condutor";"Colisão com objeto";"Com Vítimas Feridas";"Plena Noite";"Crescente";"Chuva";"Dupla";"Reta";"Não";1;0;1;0;0;0;1;1;-6,55395097;-35,12900895;"SPRF-PB";"DEL01-PB";"UOP04-DEL01-PB"
526008;2023-05-29;"segunda-feira";"03:40:00";"PB";101;86;"JOAO PESSOA";"Ingestão de álcool pelo condutor";"Tombamento";"Sem Vítimas";"Amanhecer";"Decrescente";"Chuva";"Dupla";"Curva;Declive";"Sim";1;0;0;0;1;0;0;1;-7,15166701;-34,90919352;"SPRF-PB";"DEL01-PB";"UOP01-DEL01-PB"
526010;2023-05-29;"segunda-feira";"00:15:00";"PE";408;69;"PAUDALHO";"Ausência de reação do condutor";"Colisão com objeto";"Com Vítimas Feridas";"Plena Noite";"Decrescente";"Chuva";"Dupla";"Reta";"Não";1;0;0;1;0;0;1;1;-7,87003147;-35,20278623;"SPRF-PE";"DEL01-PE";"UOP01-DEL01-PE"
526011;2023-05-28;"domingo";"17:30:00";"SP";116;74;"APARECIDA";"Ausência de reação do condutor";"Tombamento";"Com Vítimas Feridas";"Pleno dia";"Crescente";"Garoa/Chuvisco";"Dupla";"Reta";"Sim";2;0;2;0;0;0;2;1;-22,87353809;-45,25320023;"SPRF-SP";"DEL08-SP";"UOP01-DEL08-SP"
526013;2023-05-29;"segunda-feira";"05:57:00";"SP";116;167;"JACAREI";"Falta de acostamento";"Colisão lateral mesmo sentido";"Com Vítimas Feridas";"Pleno dia";"Decrescente";"Céu Claro";"Simples";"Viaduto";"Sim";2;0;2;0;0;0;2;2;-23,30254924;-46,02640493;"SPRF-SP";"DEL02-SP";"UOP01-DEL02-SP"
526016;2023-05-29;"segunda-feira";"05:50:00";"BA";324;620;"SALVADOR";"Pista Escorregadia";"Tombamento";"Com Vítimas Feridas";"Amanhecer";"Decrescente";"Nublado";"Múltipla";"Reta";"Sim";6;0;0;2;1;3;2;3;-12,91564389;-38,46219063;"SPRF-BA";"DEL01-BA";"UOP01-DEL01-BA"
526018;2023-05-29;"segunda-feira";"06:54:00";"RJ";101;79;"CAMPOS DOS GOYTACAZES";"Acessar a via sem observar a presença dos outros veículos";"Colisão transversal";"Com Vítimas Feridas";"Pleno dia";"Crescente";"Nublado";"Simples";"Curva";"Não";2;0;1;0;1;0;1;2;-21,83685554;-41,42866013;"SPRF-RJ";"DEL08-RJ";"UOP02-DEL08-RJ"
526020;2023-05-28;"domingo";"21:35:00";"MG";262;34;"MANHUACU";"Acessar a via sem observar a presença dos outros veículos";"Colisão transversal";"Sem Vítimas";"Plena Noite";"Crescente";"Céu Claro";"Simples";"Retorno Regulamentado";"Sim";3;0;0;0;1;2;0;2;-20,25692664;-42,01099203;"SPRF-MG";"DEL06-MG";"UOP03-DEL06-MG"
526021;2023-05-28;"domingo";"21:03:00";"MG";116;521;"CARATINGA";"Ausência de reação do condutor";"Colisão traseira";"Com Vítimas Feridas";"Plena Noite";"Crescente";"Céu Claro";"Simples";"Reta";"Sim";3;0;0;1;2;0;1;2;-19,7341039;-42,13264957;"SPRF-MG";"DEL06-MG";"UOP02-DEL06-MG"
526022;2023-05-29;"segunda-feira";"06:35:00";"RJ";356;50;"ITAPERUNA";"Ausência de reação do condutor";"Tombamento";"Com Vítimas Feridas";"Pleno dia";"Crescente";"Nublado";"Simples";"Curva";"Não";1;0;0;1;0;0;1;1;-21,2573533;-41,77513029;"SPRF-RJ";"DEL08-RJ";"UOP03-DEL08-RJ"
526023;2023-05-29;"segunda-feira";"06:40:00";"MG";40;509,2;"RIBEIRAO DAS NEVES";"Ausência de reação do condutor";"Colisão lateral mesmo sentido";"Com Vítimas Feridas";"Pleno dia";"Crescente";"Céu Claro";"Dupla";"Reta";"Sim";2;0;1;0;1;0;1;2;-19,77247874;-44,125278;"SPRF-MG";"DEL01-MG";"UOP02-DEL01-MG"
526025;2023-05-29;"segunda-feira";"06:30:00";"BA";324;614,7;"SALVADOR";"Reação tardia ou ineficiente do condutor";"Colisão traseira";"Com Vítimas Feridas";"Pleno dia";"Crescente";"Sol";"Múltipla";"Reta;Declive";"Não";7;0;3;0;4;0;3;5;-12,87699404;-38,43052008;"SPRF-BA";"DEL01-BA";"UOP01-DEL01-BA"
526026;2023-05-28;"domingo";"23:30:00";"RJ";40;56;"PETROPOLIS";"Ausência de reação do condutor";"Saída de leito carroçável";"Com Vítimas Feridas";"Plena Noite";"Decrescente";"Nublado";"Dupla";"Reta";"Sim";1;0;0;1;0;0;1;1;-22,36179383;-43,12627244;"SPRF-RJ";"DEL05-RJ";"UOP02-DEL05-RJ"
526027;2023-05-29;"segunda-feira";"05:20:00";"MT";364;296;"JACIARA";"Reação tardia ou ineficiente do condutor";"Saída de leito carroçável";"Com Vítimas Feridas";"Pleno dia";"Crescente";"Nublado";"Dupla";"Reta";"Não";1;0;1;0;0;0;1;1;-15,8641558;-55,12584675;"SPRF-MT";"DEL05-MT";"UOP02-DEL05-MT"
526028;2023-05-29;"segunda-feira";"07:40:00";"SP";116;446;"REGISTRO";"Reação tardia ou ineficiente do condutor";"Colisão com objeto";"Com Vítimas Feridas";"Pleno dia";"Decrescente";"Chuva";"Múltipla";"Curva";"Sim";1;0;1;0;0;0;1;1;-24,50467087;-47,84772743;"SPRF-SP";"DEL05-SP";"UOP01-DEL05-SP"
526029;2023-05-29;"segunda-feira";"07:30:00";"DF";70;19;"BRASILIA";"Manobra de mudança de faixa";"Colisão lateral mesmo sentido";"Com Vítimas Feridas";"Pleno dia";"Crescente";"Céu Claro";"Dupla";"Reta";"Não";2;0;1;0;1;0;1;2;-15,788868;-48,220242;"SPRF-DF";"DEL03-DF";"UOP02-DEL03-DF"
526030;2023-05-29;"segunda-feira";"08:00:00";"SC";101;132;"BALNEARIO CAMBORIU";"Acessar a via sem observar a presença dos outros veículos";"Colisão transversal";"Com Vítimas Feridas";"Pleno dia";"Decrescente";"Nublado";"Simples";"Interseção de Vias";"Não";2;0;0;1;1;0;1;2;-26,99654133;-48,65564711;"SPRF-SC";"DEL04-SC";"UOP03-DEL04-SC"
526031;2023-05-29;"segunda-feira";"07:30:00";"SC";101;197,3;"BIGUACU";"Acessar a via sem observar a presença dos outros veículos";"Colisão transversal";"Com Vítimas Feridas";"Pleno dia";"Crescente";"Nublado";"Múltipla";"Rotatória";"Sim";2;0;0;1;1;0;1;2;-27,51844497;-48,63848496;"SPRF-SC";"DEL01-SC";"UOP01-DEL01-SC"
526032;2023-05-29;"segunda-feira";"07:00:00";"SP";116;326;"JUQUITIBA";"Pista Escorregadia";"Saída de leito carroçável";"Com Vítimas Feridas";"Pleno dia";"Decrescente";"Garoa/Chuvisco";"Dupla";"Reta";"Não";1;0;1;0;0;0;1;1;-23,93901304;-47,06241203;"SPRF-SP";"DEL04-SP";"UOP03-DEL04-SP"
526033;2023-05-29;"segunda-feira";"06:30:00";"SP";381;74;"SAO PAULO";"Chuva";"Colisão com objeto";"Com Vítimas Feridas";"Pleno dia";"Decrescente";"Chuva";"Dupla";"Aclive";"Não";3;0;1;0;1;1;1;1;-23,37208014;-46,55700294;"SPRF-SP";"DEL03-SP";"UOP01-DEL03-SP"
526035;2023-05-29;"segunda-feira";"07:00:00";"SP";116;306;"SAO LOURENCO DA SERRA";"Mal súbito do condutor";"Colisão com objeto";"Com Vítimas Fatais";"Pleno dia";"Crescente";"Garoa/Chuvisco";"Dupla";"Reta";"Não";1;1;0;0;0;0;0;1;-23,8486091;-46,93801566;"SPRF-SP";"DEL04-SP";"UOP01-DEL04-SP"
526036;2023-05-29;"segunda-feira";"07:35:00";"SP";116;138;"SAO JOSE DOS CAMPOS";"Ausência de reação do condutor";"Colisão traseira";"Com Vítimas Feridas";"Pleno dia";"Crescente";"Nublado";"Dupla";"Reta";"Sim";3;0;1;0;2;0;1;2;-23,1572739;-45,79554605;"SPRF-SP";"DEL02-SP";"UOP01-DEL02-SP"
526037;2023-05-29;"segunda-feira";"07:03:00";"RN";101;147;"GOIANINHA";"Acessar a via sem observar a presença dos outros veículos";"Colisão lateral mesmo sentido";"Com Vítimas Feridas";"Pleno dia";"Crescente";"Nublado";"Dupla";"Interseção de Vias";"Sim";2;0;1;0;0;1;1;2;-6,27145987;-35,20823975;"SPRF-RN";"DEL01-RN";"UOP01-DEL01-RN"
526038;2023-05-29;"segunda-feira";"08:04:00";"SP";116;108;"TAUBATE";"Reação tardia ou ineficiente do condutor";"Tombamento";"Com Vítimas Feridas";"Pleno dia";"Crescente";"Céu Claro";"Dupla";"Reta";"Sim";1;0;1;0;0;0;1;1;-23,0233097;-45,53763622;"SPRF-SP";"DEL02-SP";"UOP02-DEL02-SP"
526039;2023-05-29;"segunda-feira";"07:30:00";"GO";40;0,5;"VALPARAISO DE GOIAS";"Trafegar com motocicleta (ou similar) entre as faixas";"Colisão traseira";"Com Vítimas Feridas";"Pleno dia";"Crescente";"Céu Claro";"Dupla";"Reta";"Sim";3;0;1;0;2;0;1;2;-16,058273;-47,982655;"SPRF-DF";"DEL01-DF";"UOP01-DEL01-DF"
526040;2023-05-29;"segunda-feira";"07:30:00";"SC";101;416,9;"ARARANGUA";"Ausência de reação do condutor";"Colisão lateral mesmo sentido";"Com Vítimas Feridas";"Pleno dia";"Decrescente";"Nublado";"Múltipla";"Reta";"Sim";3;0;1;1;0;1;2;3;-28,96708874;-49,52338825;"SPRF-SC";"DEL02-SC";"UOP02-DEL02-SC"
526041;2023-05-29;"segunda-feira";"07:10:00";"SC";280;67;"JARAGUA DO SUL";"Conversão proibida";"Colisão transversal";"Com Vítimas Feridas";"Pleno dia";"Decrescente";"Nublado";"Simples";"Reta";"Não";2;0;1;0;1;0;1;2;-26,4775146;-49,10363575;"SPRF-SC";"DEL03-SC";"UOP03-DEL03-SC"
526044;2023-05-29;"segunda-feira";"08:23:00";"ES";101;268,6;"SERRA";"Entrada inopinada do pedestre";"Atropelamento de Pedestre";"Com Vítimas Feridas";"Pleno dia";"Crescente";"Céu Claro";"Múltipla";"Reta";"Sim";2;0;0;1;1;0;1;2;-20,20842;-40,269405;"SPRF-ES";"DEL02-ES";"UOP01-DEL02-ES"
526045;2023-05-29;"segunda-feira";"07:50:00";"RN";101;176;"BAIA FORMOSA";"Acumulo de água sobre o pavimento";"Saída de leito carroçável";"Com Vítimas Fatais";"Pleno dia";"Decrescente";"Garoa/Chuvisco";"Dupla";"Curva";"Não";3;1;1;0;1;0;1;1;-6,50166475;-35,11200246;"SPRF-RN";"DEL01-RN";"UOP01-DEL01-RN"
526048;2023-05-29;"segunda-feira";"08:10:00";"SC";101;222;"PALHOCA";"Manobra de mudança de faixa";"Colisão lateral mesmo sentido";"Com Vítimas Feridas";"Pleno dia";"Decrescente";"Nublado";"Dupla";"Reta";"Sim";2;0;1;0;1;0;1;2;-27,70865409;-48,65586407;"SPRF-SC";"DEL01-SC";"UOP02-DEL01-SC"
526049;2023-05-29;"segunda-feira";"06:30:00";"AC";364;129;"RIO BRANCO";"Condutor deixou de manter distância do veículo da frente";"Colisão traseira";"Com Vítimas Feridas";"Pleno dia";"Crescente";"Nublado";"Dupla";"Reta";"Sim";4;0;1;0;3;0;1;2;-10,02882024;-67,82932804;"SPRF-AC";"DEL01-AC";"UOP01-DEL01-AC"
526050;2023-05-29;"segunda-feira";"05:50:00";"RS";287;364;"JAGUARI";"Curva acentuada";"Saída de leito carroçável";"Com Vítimas Feridas";"Amanhecer";"Crescente";"Nevoeiro/Neblina";"Simples";"Declive;Curva";"Não";1;0;1;0;0;0;1;1;-29,42535398;-54,71935385;"SPRF-RS";"DEL12-RS";"UOP02-DEL12-RS"
526051;2023-05-29;"segunda-feira";"09:00:00";"RN";304;49,5;"MOSSORO";"Demais falhas mecânicas ou elétricas";"Tombamento";"Com Vítimas Feridas";"Pleno dia";"Decrescente";"Céu Claro";"Simples";"Reta";"Sim";2;0;2;0;0;0;2;1;-5,236461;-37,317505;"SPRF-RN";"DEL04-RN";"UOP01-DEL04-RN"
526053;2023-05-29;"segunda-feira";"00:30:00";"MT";163;647;"LUCAS DO RIO VERDE";"Manobra de mudança de faixa";"Colisão frontal";"Com Vítimas Fatais";"Plena Noite";"Crescente";"Nublado";"Simples";"Reta";"Não";11;1;5;1;4;0;6;2;-13,402923;-56,086636;"SPRF-MT";"DEL06-MT";"UOP01-DEL06-MT"
526055;2023-05-29;"segunda-feira";"08:30:00";"ES";101;295;"CARIACICA";"Reação tardia ou ineficiente do condutor";"Engavetamento";"Com Vítimas Feridas";"Pleno dia";"Decrescente";"Nublado";"Dupla";"Reta";"Sim";4;0;2;0;2;0;2;3;-20,33223667;-40,40004683;"SPRF-ES";"DEL01-ES";"UOP01-DEL01-ES"
526057;2023-05-29;"segunda-feira";"08:12:00";"MG";381;636;"SANTO ANTONIO DO AMPARO";"Pista Escorregadia";"Capotamento";"Com Vítimas Feridas";"Pleno dia";"Decrescente";"Nublado";"Dupla";"Curva;Declive";"Não";2;0;1;0;1;0;1;2;-20,87185062;-44,84437179;"SPRF-MG";"DEL04-MG";"UOP01-DEL04-MG"
526058;2023-05-29;"segunda-feira";"08:44:00";"MG";381;635;"SANTO ANTONIO DO AMPARO";"Reação tardia ou ineficiente do condutor";"Colisão com objeto";"Com Vítimas Feridas";"Pleno dia";"Crescente";"Chuva";"Dupla";"Declive;Curva";"Não";1;0;1;0;0;0;1;1;-20,859937;-44,837609;"SPRF-MG";"DEL04-MG";"UOP01-DEL04-MG"
526059;2023-05-29;"segunda-feira";"07:05:00";"MS";163;6;"MUNDO NOVO";"Reação tardia ou ineficiente do condutor";"Colisão lateral mesmo sentido";"Com Vítimas Feridas";"Amanhecer";"Decrescente";"Nublado";"Dupla";"Reta";"Não";8;0;0;1;7;0;1;2;-24,006155;-54,312016;"SPRF-MS";"DEL09-MS";"UOP02-DEL09-MS"
526062;2023-05-29;"segunda-feira";"09:30:00";"PR";153;41;"SANTO ANTONIO DA PLATINA";"Ausência de reação do condutor";"Engavetamento";"Com Vítimas Feridas";"Pleno dia";"Decrescente";"Céu Claro";"Simples";"Reta";"Sim";5;0;3;0;2;0;3;3;-23,287931;-50,059216;"SPRF-PR";"DEL07-PR";"UOP04-DEL07-PR"
526063;2023-05-01;"segunda-feira";"07:00:00";"SC";282;493;"FAXINAL DOS GUEDES";"Ausência de reação do condutor";"Saída de leito carroçável";"Com Vítimas Fatais";"Pleno dia";"Decrescente";"Céu Claro";"Simples";"Rotatória";"Não";1;1;0;0;0;0;0;1;-26,8717596;-52,3009521;"SPRF-SC";"DEL07-SC";"UOP01-DEL07-SC"
526064;2023-05-29;"segunda-feira";"09:20:00";"PR";376;665;"GUARATUBA";"Velocidade Incompatível";"Capotamento";"Com Vítimas Feridas";"Pleno dia";"Crescente";"Garoa/Chuvisco";"Dupla";"Curva";"Não";1;0;1;0;0;0;1;1;-25,85455838;-48,95670808;"SPRF-PR";"DEL01-PR";"UOP04-DEL01-PR"
526066;2023-05-29;"segunda-feira";"08:30:00";"SP";116;58,2;"GUARATINGUETA";"Velocidade Incompatível";"Queda de ocupante de veículo";"Com Vítimas Feridas";"Pleno dia";"Decrescente";"Nublado";"Simples";"Retorno Regulamentado";"Sim";3;0;1;1;1;0;2;2;-22,78005511;-45,14572791;"SPRF-SP";"DEL08-SP";"UOP01-DEL08-SP"
526067;2023-05-29;"segunda-feira";"09:00:00";"RJ";40;91;"PETROPOLIS";"Chuva";"Colisão lateral mesmo sentido";"Com Vítimas Feridas";"Pleno dia";"Decrescente";"Chuva";"Simples";"Reta;Aclive";"Não";2;0;1;0;1;0;1;2;-22,54903566;-43,24229724;"SPRF-RJ";"DEL06-RJ";"UOP01-DEL06-RJ"
526068;2023-05-29;"segunda-feira";"09:40:00";"SE";235;98,8;"CARIRA";"Acessar a via sem observar a presença dos outros veículos";"Colisão transversal";"Com Vítimas Feridas";"Pleno dia";"Decrescente";"Sol";"Simples";"Reta";"Não";2;0;1;0;1;0;1;2;-10,437386;-37,677494;"SPRF-SE";"DEL01-SE";"UOP02-DEL01-SE"
526069;2023-05-29;"segunda-feira";"06:50:00";"MG";381;309;"ANTONIO DIAS";"Obstrução na via";"Colisão com objeto";"Sem Vítimas";"Amanhecer";"Decrescente";"Nublado";"Dupla";"Curva;Desvio Temporário";"Não";1;0;0;0;1;0;0;1;-19,6627921;-42,96427856;"SPRF-MG";"DEL03-MG";"UOP02-DEL03-MG"
526071;2023-05-29;"segunda-feira";"10:40:00";"SP";116;223;"GUARULHOS";"Reação tardia ou ineficiente do condutor";"Colisão traseira";"Com Vítimas Feridas";"Pleno dia";"Decrescente";"Céu Claro";"Múltipla";"Reta";"Sim";2;0;1;0;1;0;1;2;-23,47559815;-46,5246609;"SPRF-SP";"DEL01-SP";"UOP01-DEL01-SP"
526072;2023-05-29;"segunda-feira";"09:30:00";"RS";386;362;"BOM RETIRO DO SUL";"Demais falhas mecânicas ou elétricas";"Tombamento";"Com Vítimas Feridas";"Pleno dia";"Decrescente";"Céu Claro";"Dupla";"Reta";"Não";2;0;2;0;0;0;2;1;-29,557457;-51,891541;"SPRF-RS";"DEL04-RS";"UOP01-DEL04-RS"
526073;2023-05-29;"segunda-feira";"05:00:00";"RJ";40;98;"DUQUE DE CAXIAS";"Entrada inopinada do pedestre";"Atropelamento de Pedestre";"Com Vítimas Feridas";"Plena Noite";"Crescente";"Nublado";"Dupla";"Reta";"Não";2;0;1;0;1;0;1;2;-22,57773682;-43,27329036;"SPRF-RJ";"DEL01-RJ";"UOP01-DEL01-RJ"
526075;2023-05-05;"sexta-feira";"07:36:00";"SC";282;16;"PALHOCA";"Acessar a via sem observar a presença dos outros veículos";"Tombamento";"Com Vítimas Feridas";"Pleno dia";"Decrescente";"Ignorado";"Simples";"Reta";"Sim";2;0;0;1;0;1;1;2;-27,658611;-48,681847;"SPRF-SC";"DEL01-SC";"UOP02-DEL01-SC"
526077;2023-05-29;"segunda-feira";"06:30:00";"PI";316;314;"PICOS";"Ausência de reação do condutor";"Atropelamento de Pedestre";"Com Vítimas Feridas";"Pleno dia";"Decrescente";"Céu Claro";"Simples";"Reta";"Sim";2;0;0;2;0;0;2;2;-7,0776992;-41,44117384;"SPRF-PI";"DEL04-PI";"UOP01-DEL04-PI"
526079;2023-05-29;"segunda-feira";"11:00:00";"DF";251;42,5;"BRASILIA";"Transitar na contramão";"Colisão lateral sentido oposto";"Com Vítimas Feridas";"Pleno dia";"Crescente";"Céu Claro";"Simples";"Reta";"Não";2;0;0;1;1;0;1;2;-15,937858;-47,82526;"SPRF-DF";"DEL01-DF";"UOP01-DEL01-DF"
526080;2023-05-29;"segunda-feira";"09:55:00";"SP";116;546;"BARRA DO TURVO";"Chuva";"Queda de ocupante de veículo";"Com Vítimas Feridas";"Pleno dia";"Crescente";"Garoa/Chuvisco";"Múltipla";"Curva";"Não";1;0;1;0;0;0;1;1;-24,9470862;-48,43042095;"SPRF-SP";"DEL05-SP";"UOP02-DEL05-SP"
526082;2023-05-29;"segunda-feira";"09:40:00";"GO";60;51;"ABADIANIA";"Condutor deixou de manter distância do veículo da frente";"Colisão traseira";"Com Vítimas Feridas";"Pleno dia";"Crescente";"Céu Claro";"Dupla";"Aclive";"Não";3;0;1;0;2;0;1;2;-16,165261;-48,633477;"SPRF-GO";"DEL02-GO";"UOP01-DEL02-GO"
526085;2023-05-29;"segunda-feira";"11:57:00";"ES";101;269,1;"SERRA";"Entrada inopinada do pedestre";"Atropelamento de Pedestre";"Com Vítimas Feridas";"Pleno dia";"Crescente";"Nublado";"Múltipla";"Reta";"Sim";2;0;1;1;0;0;2;2;-20,21740496;-40,26990578;"SPRF-ES";"DEL02-ES";"UOP01-DEL02-ES"
526089;2023-05-14;"domingo";"03:09:00";"MG";50;161;"UBERABA";"Reação tardia ou ineficiente do condutor";"Saída de leito carroçável";"Com Vítimas Feridas";"Plena Noite";"Crescente";"Céu Claro";"Dupla";"Retorno Regulamentado;Reta";"Não";1;0;1;0;0;0;1;1;-19,65927188;-48,00251569;"SPRF-MG";"DEL13-MG";"UOP01-DEL13-MG"
526090;2023-05-29;"segunda-feira";"11:00:00";"BA";110;154;"RIBEIRA DO POMBAL";"Reação tardia ou ineficiente do condutor";"Atropelamento de Pedestre";"Sem Vítimas";"Pleno dia";"Decrescente";"Céu Claro";"Simples";"Reta";"Não";2;0;0;0;1;1;0;2;-10,71682605;-38,47177696;"SPRF-BA";"DEL07-BA";"UOP02-DEL07-BA"
526093;2023-05-29;"segunda-feira";"12:18:00";"ES";101;269,9;"SERRA";"Pedestre cruzava a pista fora da faixa";"Atropelamento de Pedestre";"Com Vítimas Feridas";"Pleno dia";"Crescente";"Nublado";"Múltipla";"Reta";"Sim";3;0;1;2;0;0;3;2;-20,21740496;-40,26990578;"SPRF-ES";"DEL02-ES";"UOP01-DEL02-ES"