"id";"data_inversa";"dia_semana";"horario";"uf";"br";"km";"municipio";"causa_acidente";"tipo_acidente";"classificacao_acidente";"fase_dia";"sentido_via";"condicao_metereologica";"tipo_pista";"tracado_via";"uso_solo";"pessoas";"mortos";"feridos_leves";"feridos_graves";"ilesos";"ignorados";"feridos";"veiculos";"latitude";"longitude";"regional";"delegacia";"uop"
526095;2023-05-29;"segunda-feira";"12:35:00";"SC";101;211,8;"PALHOCA";"Ausência de reação do condutor";"Colisão traseira";"Com Vítimas Feridas";"Pleno dia";"Decrescente";"Céu Claro";"Múltipla";"Reta";"Sim";4;0;1;0;3;0;1;2;-27,62329313;-48,65245588;"SPRF-SC";"DEL01-SC";"UOP02-DEL01-SC"
526097;2023-05-29;"segunda-feira";"10:48:00";"MG";267;21,2;"ARGIRITA";"Velocidade Incompatível";"Saída de leito carroçável";"Com Vítimas Feridas";"Pleno dia";"Crescente";"Garoa/Chuvisco";"Simples";"Curva";"Não";3;0;1;0;2;0;1;1;-21,59274447;-42,78538272;"SPRF-MG";"DEL07-MG";"UOP01-DEL07-MG"
526098;2023-05-29;"segunda-feira";"12:30:00";"PR";277;724;"FOZ DO IGUACU";"Ultrapassagem Indevida";"Colisão lateral mesmo sentido";"Com Vítimas Feridas";"Plena Noite";"Crescente";"Nublado";"Dupla";"Reta;Interseção de Vias";"Sim";3;0;1;0;2;0;1;3;-25,50257577;-54,53868311;"SPRF-PR";"DEL05-PR";"UOP03-DEL05-PR"
526099;2023-05-29;"segunda-feira";"12:50:00";"MG";116;715,6;"MURIAE";"Velocidade Incompatível";"Capotamento";"Com Vítimas Feridas";"Pleno dia";"Crescente";"Nublado";"Simples";"Curva";"Não";2;0;1;0;1;0;1;1;-21,20407381;-42,3892452;"SPRF-MG";"DEL07-MG";"UOP02-DEL07-MG"
526100;2023-05-29;"segunda-feira";"11:20:00";"PR";116;20;"ANTONINA";"Chuva";"Saída de leito carroçável";"Com Vítimas Feridas";"Pleno dia";"Crescente";"Chuva";"Dupla";"Curva";"Não";2;0;2;0;0;0;2;1;-25,10052421;-48,72981603;"SPRF-PR";"DEL01-PR";"UOP02-DEL01-PR"
526101;2023-05-29;"segunda-feira";"11:45:00";"RJ";116;99;"GUAPIMIRIM";"Chuva";"Tombamento";"Com Vítimas Feridas";"Pleno dia";"Crescente";"Chuva";"Simples";"Curva";"Não";1;0;1;0;0;0;1;1;-22,48851488;-42,99935184;"SPRF-RJ";"DEL04-RJ";"UOP01-DEL04-RJ"
526102;2023-05-15;"segunda-feira";"08:25:00";"PR";369;153,1;"LONDRINA";"Ultrapassagem Indevida";"Colisão lateral mesmo sentido";"Com Vítimas Feridas";"Pleno dia";"Decrescente";"Céu Claro";"Dupla";"Reta";"Sim";3;0;0;2;1;0;2;2;-23,295971;-51,190792;"SPRF-PR";"DEL07-PR";"UOP01-DEL07-PR"
526103;2023-05-29;"segunda-feira";"12:38:00";"ES";259;45;"COLATINA";"Ausência de reação do condutor";"Atropelamento de Pedestre";"Com Vítimas Feridas";"Pleno dia";"Decrescente";"Nublado";"Simples";"Reta";"Não";2;0;1;0;0;1;1;2;-19,53318486;-40,57148984;"SPRF-ES";"DEL02-ES";"UOP01-DEL02-ES"
526104;2023-05-29;"segunda-feira";"11:30:00";"RO";364;12;"VILHENA";"Desrespeitar a preferência no cruzamento";"Colisão transversal";"Com Vítimas Feridas";"Pleno dia";"Crescente";"Céu Claro";"Simples";"Interseção de Vias;Reta";"Sim";2;0;1;0;1;0;1;2;-12,74295376;-60,12335658;"SPRF-RO";"DEL04-RO";"UOP01-DEL04-RO"
526105;2023-05-29;"segunda-feira";"11:30:00";"SC";280;179;"MAFRA";"Ausência de reação do condutor";"Colisão lateral sentido oposto";"Com Vítimas Feridas";"Pleno dia";"Crescente";"Nublado";"Simples";"Curva";"Não";3;0;2;0;1;0;2;2;-26,17768641;-49,87831496;"SPRF-SC";"DEL06-SC";"UOP01-DEL06-SC"
526106;2023-05-29;"segunda-feira";"13:30:00";"RS";116;530;"PELOTAS";"Condutor deixou de manter distância do veículo da frente";"Colisão transversal";"Com Vítimas Feridas";"Pleno dia";"Crescente";"Céu Claro";"Simples";"Interseção de Vias";"Sim";3;0;2;0;1;0;2;2;-31,7590834;-52,43687971;"SPRF-RS";"DEL07-RS";"UOP01-DEL07-RS"
526107;2023-05-29;"segunda-feira";"11:00:00";"SP";116;541;"BARRA DO TURVO";"Reação tardia ou ineficiente do condutor";"Saída de leito carroçável";"Com Vítimas Feridas";"Pleno dia";"Crescente";"Garoa/Chuvisco";"Dupla";"Aclive;Curva";"Não";3;0;1;0;2;0;1;1;-24,97245688;-48,39976606;"SPRF-SP";"DEL05-SP";"UOP02-DEL05-SP"
526108;2023-05-29;"segunda-feira";"11:19:00";"MG";40;656,2;"CRISTIANO OTONI";"Chuva";"Colisão com objeto";"Com Vítimas Feridas";"Pleno dia";"Decrescente";"Chuva";"Dupla";"Curva";"Não";1;0;1;0;0;0;1;1;-20,87261896;-43,79985605;"SPRF-MG";"DEL05-MG";"UOP02-DEL05-MG"
526109;2023-05-29;"segunda-feira";"13:50:00";"DF";70;2;"BRASILIA";"Reação tardia ou ineficiente do condutor";"Colisão com objeto";"Com Vítimas Feridas";"Pleno dia";"Crescente";"Céu Claro";"Dupla";"Curva";"Não";2;0;1;0;1;0;1;2;-15,798048;-48,073235;"SPRF-DF";"DEL03-DF";"UOP02-DEL03-DF"
526111;2023-05-29;"segunda-feira";"14:00:00";"RJ";116;228;"PIRAI";"Ausência de reação do condutor";"Saída de leito carroçável";"Com Vítimas Feridas";"Pleno dia";"Decrescente";"Nublado";"Dupla";"Curva;Declive";"Não";1;0;1;0;0;0;1;1;-22,660623;-43,82667;"SPRF-RJ";"DEL07-RJ";"UOP01-DEL07-RJ"
526112;2023-05-29;"segunda-feira";"14:05:00";"SP";116;347;"MIRACATU";"Pista Escorregadia";"Saída de leito carroçável";"Com Vítimas Feridas";"Pleno dia";"Decrescente";"Garoa/Chuvisco";"Múltipla";"Aclive;Curva";"Não";2;0;1;0;1;0;1;1;-24,04699491;-47,19706111;"SPRF-SP";"DEL04-SP";"UOP03-DEL04-SP"
526114;2023-05-29;"segunda-feira";"14:00:00";"RS";386;367,4;"FAZENDA VILANOVA";"Reação tardia ou ineficiente do condutor";"Atropelamento de Pedestre";"Com Vítimas Feridas";"Pleno dia";"Decrescente";"Nublado";"Dupla";"Interseção de Vias;Em Obras";"Não";2;0;2;0;0;0;2;2;-29,580877;-51,840652;"SPRF-RS";"DEL04-RS";"UOP01-DEL04-RS"
526115;2023-05-29;"segunda-feira";"14:40:00";"SC";101;153;"PORTO BELO";"Acessar a via sem observar a presença dos outros veículos";"Colisão traseira";"Com Vítimas Feridas";"Pleno dia";"Crescente";"Céu Claro";"Dupla";"Reta;Rotatória";"Não";2;0;1;0;1;0;1;2;-27,144717;-48,61063935;"SPRF-SC";"DEL04-SC";"UOP03-DEL04-SC"
526116;2023-05-29;"segunda-feira";"14:15:00";"RN";101;103;"PARNAMIRIM";"Ausência de reação do condutor";"Colisão traseira";"Com Vítimas Feridas";"Pleno dia";"Decrescente";"Nublado";"Múltipla";"Reta";"Sim";2;0;1;0;1;0;1;2;-5,89034022;-35,24894996;"SPRF-RN";"DEL01-RN";"UOP01-DEL01-RN"
526117;2023-03-02;"quinta-feira";"16:30:00";"MG";116;402;"GOVERNADOR VALADARES";"Reação tardia ou ineficiente do condutor";"Tombamento";"Com Vítimas Feridas";"Pleno dia";"Crescente";"Ignorado";"Simples";"Reta";"Não";1;0;1;0;0;0;1;1;-18,77359809;-41,9864919;"SPRF-MG";"DEL06-MG";"UOP01-DEL06-MG"
526121;2023-05-25;"quinta-feira";"15:00:00";"BA";116;440;"FEIRA DE SANTANA";"Velocidade Incompatível";"Colisão com objeto";"Sem Vítimas";"Pleno dia";"Decrescente";"Chuva";"Dupla";"Aclive;Curva";"Não";1;0;0;0;0;1;0;1;-12,32646656;-39,05847632;"SPRF-BA";"DEL02-BA";"UOP01-DEL02-BA"
526122;2023-05-29;"segunda-feira";"15:17:00";"GO";153;511;"APARECIDA DE GOIANIA";"Reação tardia ou ineficiente do condutor";"Queda de ocupante de veículo";"Com Vítimas Feridas";"Pleno dia";"Crescente";"Sol";"Dupla";"Reta;Aclive";"Não";1;0;1;0;0;0;1;1;-16,8067;-49,2394;"SPRF-GO";"DEL01-GO";"UOP03-DEL01-GO"
526125;2023-05-26;"sexta-feira";"15:30:00";"PR";158;535;"PATO BRANCO";"Acessar a via sem observar a presença dos outros veículos";"Colisão transversal";"Com Vítimas Feridas";"Pleno dia";"Decrescente";"Sol";"Simples";"Reta";"Sim";2;0;1;0;1;0;1;2;-26,23547098;-52,69066504;"SPRF-PR";"DEL02-PR";"UOP01-DEL02-PR"
526131;2023-05-28;"domingo";"21:30:00";"RJ";40;110;"DUQUE DE CAXIAS";"Ausência de reação do condutor";"Queda de ocupante de veículo";"Com Vítimas Feridas";"Plena Noite";"Crescente";"Nublado";"Dupla";"Reta";"Sim";2;0;2;0;0;0;2;1;-22,68289906;-43,28549346;"SPRF-RJ";"DEL01-RJ";"UOP01-DEL01-RJ"
526132;2023-05-29;"segunda-feira";"13:40:00";"SP";116;514;"CAJATI";"Reação tardia ou ineficiente do condutor";"Saída de leito carroçável";"Sem Vítimas";"Pleno dia";"Crescente";"Garoa/Chuvisco";"Múltipla";"Curva";"Não";1;0;0;0;1;0;0;1;-24,85874304;-48,21731282;"SPRF-SP";"DEL05-SP";"UOP02-DEL05-SP"
526133;2023-04-27;"quinta-feira";"10:59:00";"MG";381;940,1;"EXTREMA";"Reação tardia ou ineficiente do condutor";"Engavetamento";"Com Vítimas Feridas";"Pleno dia";"Crescente";"Nublado";"Dupla";"Curva";"Não";4;0;1;0;2;1;1;4;-22,82173351;-46,30057065;"SPRF-MG";"DEL16-MG";"UOP03-DEL16-MG"
526134;2023-05-29;"segunda-feira";"16:10:00";"PB";101;80;"SANTA RITA";"Acumulo de água sobre o pavimento";"Colisão traseira";"Sem Vítimas";"Pleno dia";"Crescente";"Chuva";"Dupla";"Curva;Declive";"Não";2;0;0;0;2;0;0;2;-7,11732748;-34,94978964;"SPRF-PB";"DEL01-PB";"UOP04-DEL01-PB"
526135;2023-05-29;"segunda-feira";"15:05:00";"MA";230;405;"BALSAS";"Ausência de reação do condutor";"Queda de ocupante de veículo";"Com Vítimas Feridas";"Pleno dia";"Crescente";"Céu Claro";"Dupla";"Reta";"Sim";2;0;2;0;0;0;2;1;-7,52133442;-46,04968976;"SPRF-MA";"DEL05-MA";"UOP01-DEL05-MA"
526136;2023-05-29;"segunda-feira";"07:00:00";"RR";174;108;"RORAINOPOLIS";"Chuva";"Saída de leito carroçável";"Com Vítimas Feridas";"Amanhecer";"Crescente";"Chuva";"Simples";"Declive";"Não";5;0;5;0;0;0;5;1;0,05888;-60,623974;"SPRF-RR";"DEL01-RR";"UOP01-DEL01-RR"
526140;2023-05-29;"segunda-feira";"16:35:00";"PR";277;3,5;"FOZ DO IGUACU";"Condutor deixou de manter distância do veículo da frente";"Colisão traseira";"Com Vítimas Feridas";"Pleno dia";"Crescente";"Céu Claro";"Dupla";"Reta";"Sim";3;0;1;0;2;0;1;2;-25,45630174;-54,58384931;"SPRF-PR";"DEL05-PR";"UOP03-DEL05-PR"
526142;2023-05-14;"domingo";"04:20:00";"MG";40;16,5;"PARACATU";"Animais na Pista";"Colisão com objeto";"Com Vítimas Feridas";"Plena Noite";"Crescente";"Céu Claro";"Simples";"Reta;Aclive";"Não";1;0;1;0;0;0;1;1;-17,08583783;-47,03223365;"SPRF-MG";"DEL14-MG";"UOP01-DEL14-MG"
526143;2023-05-28;"domingo";"17:45:00";"PA";163;653;"ITAITUBA";"Ingestão de álcool pelo condutor";"Saída de leito carroçável";"Com Vítimas Feridas";"Anoitecer";"Decrescente";"Céu Claro";"Simples";"Curva";"Não";1;0;1;0;0;0;1;1;-4,50624587;-55,86575279;"SPRF-PA";"DEL05-PA";"UOP02-DEL05-PA"
526145;2023-05-29;"segunda-feira";"15:57:00";"MG";50;174;"UBERABA";"Reação tardia ou ineficiente do condutor";"Tombamento";"Com Vítimas Feridas";"Plena Noite";"Crescente";"Céu Claro";"Dupla";"Reta";"Sim";1;0;1;0;0;0;1;1;-19,770817;-47,973434;"SPRF-MG";"DEL13-MG";"UOP01-DEL13-MG"
526146;2023-05-29;"segunda-feira";"08:15:00";"BA";324;620;"SALVADOR";"Manobra de mudança de faixa";"Colisão lateral mesmo sentido";"Com Vítimas Feridas";"Pleno dia";"Crescente";"Sol";"Múltipla";"Reta";"Sim";2;0;1;0;1;0;1;2;-12,91319197;-38,46003608;"SPRF-BA";"DEL01-BA";"UOP01-DEL01-BA"
526148;2023-05-29;"segunda-feira";"17:10:00";"GO";153;493;"GOIANIA";"Ausência de reação do condutor";"Colisão frontal";"Com Vítimas Feridas";"Anoitecer";"Decrescente";"Céu Claro";"Dupla";"Reta;Aclive";"Sim";2;0;1;1;0;0;2;2;-16,6537;-49,2172;"SPRF-GO";"DEL01-GO";"UOP01-DEL01-GO"
526149;2023-05-29;"segunda-feira";"12:00:00";"MG";381;320,2;"NOVA ERA";"Reação tardia ou ineficiente do condutor";"Saída de leito carroçável";"Com Vítimas Feridas";"Pleno dia";"Decrescente";"Nublado";"Simples";"Aclive;Curva";"Não";1;0;1;0;0;0;1;1;-19,72651221;-43,01085192;"SPRF-MG";"DEL03-MG";"UOP02-DEL03-MG"
526150;2023-05-29;"segunda-feira";"17:45:00";"PR";277;723;"FOZ DO IGUACU";"Desrespeitar a preferência no cruzamento";"Colisão com objeto";"Com Vítimas Feridas";"Anoitecer";"Crescente";"Céu Claro";"Dupla";"Reta";"Sim";1;0;1;0;0;0;1;1;-25,49878215;-54,52985294;"SPRF-PR";"DEL05-PR";"UOP03-DEL05-PR"
526152;2023-05-14;"domingo";"18:20:00";"PR";369;498;"CORBELIA";"Reação tardia ou ineficiente do condutor";"Tombamento";"Com Vítimas Feridas";"Pleno dia";"Crescente";"Céu Claro";"Simples";"Aclive;Reta";"Não";1;0;1;0;0;0;1;1;-24,7629;-53,2938;"SPRF-PR";"DEL04-PR";"UOP03-DEL04-PR"
526154;2023-05-29;"segunda-feira";"18:00:00";"RS";116;268;"CANOAS";"Trafegar com motocicleta (ou similar) entre as faixas";"Colisão traseira";"Sem Vítimas";"Plena Noite";"Decrescente";"Céu Claro";"Dupla";"Reta";"Sim";4;0;0;0;3;1;0;3;-29,95042502;-51,17652939;"SPRF-RS";"DEL01-RS";"UOP01-DEL01-RS"
526155;2023-05-29;"segunda-feira";"17:00:00";"SC";470;75;"INDAIAL";"Acessar a via sem observar a presença dos outros veículos";"Colisão transversal";"Com Vítimas Feridas";"Pleno dia";"Decrescente";"Nublado";"Simples";"Reta";"Não";2;0;1;0;1;0;1;2;-26,924833;-49,284004;"SPRF-SC";"DEL04-SC";"UOP01-DEL04-SC"
526156;2023-05-29;"segunda-feira";"18:00:00";"MG";50;71;"UBERLANDIA";"Ausência de reação do condutor";"Engavetamento";"Com Vítimas Feridas";"Anoitecer";"Crescente";"Garoa/Chuvisco";"Dupla";"Reta";"Sim";5;0;2;0;3;0;2;4;-18,85140204;-48,25345932;"SPRF-MG";"DEL15-MG";"UOP01-DEL15-MG"
526157;2023-05-29;"segunda-feira";"18:15:00";"SP";381;61;"MAIRIPORA";"Pedestre cruzava a pista fora da faixa";"Atropelamento de Pedestre";"Com Vítimas Feridas";"Plena Noite";"Decrescente";"Céu Claro";"Dupla";"Curva";"Não";3;0;0;1;2;0;1;2;-23,2916;-46,579377;"SPRF-SP";"DEL03-SP";"UOP01-DEL03-SP"
526158;2023-05-29;"segunda-feira";"13:20:00";"RJ";356;1,8;"ITAPERUNA";"Reação tardia ou ineficiente do condutor";"Saída de leito carroçável";"Com Vítimas Feridas";"Pleno dia";"Crescente";"Céu Claro";"Simples";"Curva";"Não";2;0;1;0;1;0;1;1;-21,1423902;-42,16936013;"SPRF-RJ";"DEL08-RJ";"UOP03-DEL08-RJ"
526160;2023-05-29;"segunda-feira";"18:20:00";"SP";116;132,3;"CACAPAVA";"Entrada inopinada do pedestre";"Atropelamento de Pedestre";"Com Vítimas Fatais";"Anoitecer";"Decrescente";"Céu Claro";"Dupla";"Reta";"Não";4;1;0;0;0;3;0;3;-23,13169757;-45,74481322;"SPRF-SP";"DEL02-SP";"UOP02-DEL02-SP"
526161;2023-05-29;"segunda-feira";"18:10:00";"SC";470;158,1;"TROMBUDO CENTRAL";"Acessar a via sem observar a presença dos outros veículos";"Colisão transversal";"Com Vítimas Feridas";"Plena Noite";"Crescente";"Nublado";"Simples";"Reta";"Sim";2;0;1;0;1;0;1;2;-27,28597282;-49,78231966;"SPRF-SC";"DEL04-SC";"UOP02-DEL04-SC"
526162;2023-05-23;"terça-feira";"02:10:00";"MG";116;280,7;"TEOFILO OTONI";"Transitar na contramão";"Colisão frontal";"Com Vítimas Feridas";"Plena Noite";"Decrescente";"Nublado";"Simples";"Curva;Declive";"Não";37;0;3;1;33;0;4;2;-17,890572;-41,522433;"SPRF-MG";"DEL11-MG";"UOP01-DEL11-MG"
526163;2023-05-29;"segunda-feira";"18:30:00";"PR";116;129,5;"FAZENDA RIO GRANDE";"Pedestre cruzava a pista fora da faixa";"Atropelamento de Pedestre";"Com Vítimas Fatais";"Anoitecer";"Crescente";"Nublado";"Dupla";"Declive;Reta";"Sim";2;1;0;0;1;0;0;2;-25,667331;-49,314556;"SPRF-PR";"DEL01-PR";"UOP03-DEL01-PR"
526164;2023-05-29;"segunda-feira";"17:50:00";"RS";116;233,8;"ESTANCIA VELHA";"Acessar a via sem observar a presença dos outros veículos";"Colisão lateral mesmo sentido";"Com Vítimas Feridas";"Plena Noite";"Crescente";"Céu Claro";"Dupla";"Interseção de Vias;Reta;Rotatória";"Sim";3;0;1;0;1;1;1;3;-29,649979;-51,144338;"SPRF-RS";"DEL01-RS";"UOP02-DEL01-RS"
526165;2023-05-29;"segunda-feira";"18:35:00";"BA";324;624;"SALVADOR";"Manobra de mudança de faixa";"Colisão lateral mesmo sentido";"Com Vítimas Feridas";"Plena Noite";"Decrescente";"Céu Claro";"Dupla";"Reta";"Não";2;0;2;0;0;0;2;1;-12,933839;-38,47190701;"SPRF-BA";"DEL01-BA";"UOP01-DEL01-BA"
526167;2023-05-29;"segunda-feira";"18:30:00";"BA";101;88;"ALAGOINHAS";"Reação tardia ou ineficiente do condutor";"Colisão traseira";"Com Vítimas Fatais";"Plena Noite";"Crescente";"Céu Claro";"Simples";"Reta;Aclive";"Não";2;1;0;0;0;1;0;2;-12,07014335;-38,32435487;"SPRF-BA";"DEL01-BA";"UOP04-DEL01-BA"
526168;2023-05-29;"segunda-feira";"17:50:00";"MG";381;690,2;"LAVRAS";"Ausência de reação do condutor";"Colisão traseira";"Com Vítimas Feridas";"Plena Noite";"Crescente";"Céu Claro";"Dupla";"Reta";"Não";1;0;1;0;0;0;1;1;-21,23347701;-45,13482496;"SPRF-MG";"DEL04-MG";"UOP02-DEL04-MG"
526169;2023-05-29;"segunda-feira";"19:30:00";"RJ";116;1,8;"SAPUCAIA";"Reação tardia ou ineficiente do condutor";"Atropelamento de Pedestre";"Com Vítimas Fatais";"Plena Noite";"Crescente";"Céu Claro";"Simples";"Reta";"Sim";2;1;0;0;0;1;0;2;-21,879183;-42,679879;"SPRF-RJ";"DEL05-RJ";"UOP01-DEL05-RJ"
526171;2023-05-29;"segunda-feira";"18:15:00";"SC";280;125;"RIO NEGRINHO";"Desrespeitar a preferência no cruzamento";"Colisão transversal";"Com Vítimas Feridas";"Anoitecer";"Decrescente";"Nublado";"Simples";"Reta";"Sim";3;0;2;0;1;0;2;2;-26,23763684;-49,48434497;"SPRF-SC";"DEL06-SC";"UOP03-DEL06-SC"
526172;2023-05-29;"segunda-feira";"18:56:00";"DF";20;1;"BRASILIA";"Avarias e/ou desgaste excessivo no pneu";"Queda de ocupante de veículo";"Com Vítimas Feridas";"Plena Noite";"Crescente";"Céu Claro";"Dupla";"Reta";"Sim";2;0;1;0;1;0;1;1;-15,685814;-47,849838;"SPRF-DF";"DEL02-DF";"UOP01-DEL02-DF"
526173;2023-05-29;"segunda-feira";"19:55:00";"DF";60;3;"BRASILIA";"Condutor deixou de manter distância do veículo da frente";"Colisão traseira";"Com Vítimas Feridas";"Plena Noite";"Crescente";"Céu Claro";"Dupla";"Reta;Declive";"Sim";3;0;1;0;0;2;1;3;-15,887383;-48,077988;"SPRF-DF";"DEL03-DF";"UOP01-DEL03-DF"
526174;2023-05-19;"sexta-feira";"23:30:00";"MS";262;361,4;"CAMPO GRANDE";"Ausência de reação do condutor";"Colisão com objeto";"Com Vítimas Feridas";"Plena Noite";"Decrescente";"Céu Claro";"Simples";"Rotatória";"Não";1;0;0;1;0;0;1;1;-20,51565207;-54,71900767;"SPRF-MS";"DEL01-MS";"UOP03-DEL01-MS"
526175;2023-05-29;"segunda-feira";"17:55:00";"ES";101;394;"RIO NOVO DO SUL";"Ausência de reação do condutor";"Atropelamento de Pedestre";"Com Vítimas Feridas";"Anoitecer";"Decrescente";"Céu Claro";"Simples";"Reta";"Não";2;0;1;0;1;0;1;2;-20,86561852;-40,92318907;"SPRF-ES";"DEL03-ES";"UOP02-DEL03-ES"
526176;2023-05-29;"segunda-feira";"18:00:00";"MT";174;106;"CACERES";"Reação tardia ou ineficiente do condutor";"Atropelamento de Pedestre";"Com Vítimas Feridas";"Plena Noite";"Decrescente";"Céu Claro";"Simples";"Reta";"Não";2;0;0;1;1;0;1;2;-15,82611753;-57,92334488;"SPRF-MT";"DEL03-MT";"UOP01-DEL03-MT"
526178;2023-05-18;"quinta-feira";"09:27:00";"MS";163;767,1;"PEDRO GOMES";"Ausência de reação do condutor";"Colisão traseira";"Com Vítimas Feridas";"Pleno dia";"Decrescente";"Céu Claro";"Simples";"Reta";"Não";3;0;1;0;2;0;1;2;-18,19614996;-54,65155868;"SPRF-MS";"DEL06-MS";"UOP01-DEL06-MS"
526179;2023-05-01;"segunda-feira";"02:30:00";"ES";101;145;"LINHARES";"Ausência de reação do condutor";"Colisão traseira";"Com Vítimas Fatais";"Plena Noite";"Decrescente";"Céu Claro";"Múltipla";"Reta";"Não";3;1;1;1;0;0;2;2;-19,35971682;-40,06427407;"SPRF-ES";"DEL04-ES";"UOP01-DEL04-ES"
526180;2023-05-29;"segunda-feira";"17:40:00";"MT";364;287;"JACIARA";"Demais falhas mecânicas ou elétricas";"Queda de ocupante de veículo";"Com Vítimas Feridas";"Plena Noite";"Decrescente";"Ignorado";"Dupla";"Reta";"Não";2;0;2;0;0;0;2;1;-15,90304687;-55,06513802;"SPRF-MT";"DEL05-MT";"UOP02-DEL05-MT"
526182;2023-05-29;"segunda-feira";"18:30:00";"MT";364;58;"ALTO GARCAS";"Acessar a via sem observar a presença dos outros veículos";"Atropelamento de Pedestre";"Com Vítimas Feridas";"Plena Noite";"Decrescente";"Céu Claro";"Simples";"Reta;Aclive";"Sim";2;0;0;1;1;0;1;2;-16,93623873;-53,53436782;"SPRF-MT";"DEL02-MT";"UOP02-DEL02-MT"
526183;2023-05-29;"segunda-feira";"18:30:00";"MG";459;37,4;"SANTA RITA DE CALDAS";"Animais na Pista";"Atropelamento de Animal";"Com Vítimas Feridas";"Plena Noite";"Crescente";"Céu Claro";"Simples";"Declive;Reta";"Não";2;0;1;0;0;1;1;2;-21,965561;-46,336197;"SPRF-MG";"DEL09-MG";"UOP01-DEL09-MG"
526184;2023-05-29;"segunda-feira";"18:30:00";"RS";471;192;"PANTANO GRANDE";"Ausência de reação do condutor";"Colisão com objeto";"Com Vítimas Feridas";"Plena Noite";"Decrescente";"Céu Claro";"Simples";"Rotatória";"Não";1;0;1;0;0;0;1;1;-30,16554557;-52,37415433;"SPRF-RS";"DEL02-RS";"UOP03-DEL02-RS"
526185;2023-05-29;"segunda-feira";"16:00:00";"PR";376;2,9;"MANDAGUARI";"Frear bruscamente";"Colisão traseira";"Com Vítimas Feridas";"Pleno dia";"Decrescente";"Céu Claro";"Simples";"Reta";"Sim";2;0;1;1;0;0;2;2;-23,51563329;-51,6942358;"SPRF-PR";"DEL09-PR";"UOP01-DEL09-PR"
526186;2023-05-29;"segunda-feira";"17:45:00";"PI";135;504;"MONTE ALEGRE DO PIAUI";"Ausência de sinalização";"Colisão lateral mesmo sentido";"Com Vítimas Feridas";"Anoitecer";"Decrescente";"Céu Claro";"Simples";"Aclive;Reta";"Sim";2;0;0;1;1;0;1;2;-9,75487298;-45,30756539;"SPRF-PI";"DEL03-PI";"UOP02-DEL03-PI"
526187;2023-05-29;"segunda-feira";"19:25:00";"PR";277;431;"VIRMOND";"Reação tardia ou ineficiente do condutor";"Queda de ocupante de veículo";"Com Vítimas Feridas";"Plena Noite";"Decrescente";"Céu Claro";"Simples";"Declive;Curva";"Sim";2;0;0;2;0;0;2;1;-25,3784;-52,202767;"SPRF-PR";"DEL04-PR";"UOP02-DEL04-PR"
526188;2023-05-29;"segunda-feira";"17:47:00";"AC";364;274;"SENA MADUREIRA";"Conversão proibida";"Colisão lateral mesmo sentido";"Com Vítimas Feridas";"Anoitecer";"Decrescente";"Nublado";"Simples";"Reta";"Sim";2;0;2;0;0;0;2;2;-9,07819051;-68,67715994;"SPRF-AC";"DEL01-AC";"UOP01-DEL01-AC"
526189;2023-05-29;"segunda-feira";"20:10:00";"RR";174;441,8;"MUCAJAI";"Ingestão de álcool pelo condutor";"Colisão frontal";"Com Vítimas Feridas";"Plena Noite";"Crescente";"Céu Claro";"Simples";"Reta";"Não";3;0;2;1;0;0;3;2;2,386806;-60,916367;"SPRF-RR";"DEL01-RR";"UOP01-DEL01-RR"
526190;2023-05-29;"segunda-feira";"20:15:00";"RS";468;105;"TRES PASSOS";"Pedestre cruzava a pista fora da faixa";"Colisão transversal";"Com Vítimas Feridas";"Plena Noite";"Crescente";"Céu Claro";"Simples";"Reta";"Não";3;0;1;2;0;0;3;2;-27,44375401;-53,94975605;"SPRF-RS";"DEL08-RS";"UOP02-DEL08-RS"
526191;2023-05-29;"segunda-feira";"17:49:00";"MT";364;270,9;"JACIARA";"Reação tardia ou ineficiente do condutor";"Engavetamento";"Com Vítimas Feridas";"Anoitecer";"Crescente";"Nublado";"Dupla";"Aclive";"Sim";4;0;2;0;2;0;2;3;-15,9689785;-54,94463002;"SPRF-MT";"DEL05-MT";"UOP02-DEL05-MT"
526193;2023-05-29;"segunda-feira";"21:20:00";"PI";230;308;"FLORIANO";"Desrespeitar a preferência no cruzamento";"Colisão transversal";"Com Vítimas Feridas";"Plena Noite";"Crescente";"Céu Claro";"Simples";"Reta";"Sim";2;0;1;0;0;1;1;2;-6,78159309;-43,00121707;"SPRF-PI";"DEL03-PI";"UOP01-DEL03-PI"
526195;2023-05-29;"segunda-feira";"22:00:00";"SE";101;90,2;"NOSSA SENHORA DO SOCORRO";"Ingestão de álcool pelo condutor";"Colisão com objeto";"Com Vítimas Feridas";"Plena Noite";"Crescente";"Céu Claro";"Dupla";"Declive";"Sim";1;0;1;0;0;0;1;1;-10,8911383;-37,13278592;"SPRF-SE";"DEL01-SE";"UOP01-DEL01-SE"
526196;2023-05-29;"segunda-feira";"21:30:00";"GO";60;31;"ALEXANIA";"Velocidade Incompatível";"Colisão traseira";"Com Vítimas Feridas";"Plena Noite";"Crescente";"Céu Claro";"Dupla";"Reta";"Sim";2;0;1;0;1;0;1;2;-16,0963;-48,5202;"SPRF-DF";"DEL03-DF";"UOP01-DEL03-DF"