"id";"data_inversa";"dia_semana";"horario";"uf";"br";"km";"municipio";"causa_acidente";"tipo_acidente";"classificacao_acidente";"fase_dia";"sentido_via";"condicao_metereologica";"tipo_pista";"tracado_via";"uso_solo";"pessoas";"mortos";"feridos_leves";"feridos_graves";"ilesos";"ignorados";"feridos";"veiculos";"latitude";"longitude";"regional";"delegacia";"uop"
526198;2023-05-17;"quarta-feira";"18:56:00";"RO";364;12;"VILHENA";"Ausência de reação do condutor";"Tombamento";"Com Vítimas Feridas";"Anoitecer";"Crescente";"Céu Claro";"Simples";"Rotatória";"Não";1;0;1;0;0;0;1;1;-12,743248;-60,12321;"SPRF-RO";"DEL04-RO";"UOP01-DEL04-RO"
526199;2023-05-29;"segunda-feira";"18:20:00";"AL";423;54;"INHAPI";"Entrada inopinada do pedestre";"Atropelamento de Pedestre";"Com Vítimas Feridas";"Plena Noite";"Crescente";"Céu Claro";"Simples";"Reta";"Sim";2;0;0;1;0;1;1;2;-9,27315854;-37,75673615;"SPRF-AL";"DEL03-AL";"UOP02-DEL03-AL"
526201;2023-05-29;"segunda-feira";"22:00:00";"MS";158;267,2;"TRES LAGOAS";"Falta de elemento de contenção que evite a saída do leito carroçável";"Saída de leito carroçável";"Com Vítimas Fatais";"Plena Noite";"Crescente";"Céu Claro";"Simples";"Reta";"Não";2;1;0;1;0;0;1;1;-20,75843528;-51,69717873;"SPRF-MS";"DEL07-MS";"UOP01-DEL07-MS"
526204;2023-05-30;"terça-feira";"01:15:00";"RO";364;713;"PORTO VELHO";"Ausência de reação do condutor";"Saída de leito carroçável";"Sem Vítimas";"Plena Noite";"Crescente";"Céu Claro";"Múltipla";"Curva";"Sim";1;0;0;0;0;1;0;1;-8,77331583;-63,87969248;"SPRF-RO";"DEL01-RO";"UOP01-DEL01-RO"
526207;2023-05-30;"terça-feira";"05:00:00";"MT";163;1;"GUARANTA DO NORTE";"Condutor Dormindo";"Capotamento";"Sem Vítimas";"Amanhecer";"Crescente";"Céu Claro";"Simples";"Reta";"Não";1;0;0;0;0;1;0;1;-9,555734;-54,871478;"SPRF-MT";"DEL02-MT";"UOP03-DEL02-MT"
526209;2023-05-30;"terça-feira";"06:20:00";"SC";101;105;"PENHA";"Ausência de reação do condutor";"Colisão frontal";"Com Vítimas Feridas";"Amanhecer";"Decrescente";"Nublado";"Múltipla";"Curva";"Sim";2;0;2;0;0;0;2;2;-26,80215497;-48,67891041;"SPRF-SC";"DEL03-SC";"UOP02-DEL03-SC"
526210;2023-05-30;"terça-feira";"06:30:00";"MG";381;486,5;"BETIM";"Demais falhas mecânicas ou elétricas";"Tombamento";"Com Vítimas Feridas";"Pleno dia";"Decrescente";"Sol";"Múltipla";"Reta";"Sim";2;0;2;0;0;0;2;1;-19,95576216;-44,1134119;"SPRF-MG";"DEL01-MG";"UOP03-DEL01-MG"
526211;2023-05-30;"terça-feira";"07:00:00";"RS";116;264;"CANOAS";"Reação tardia ou ineficiente do condutor";"Colisão traseira";"Sem Vítimas";"Pleno dia";"Decrescente";"Céu Claro";"Múltipla";"Reta";"Sim";2;0;0;0;2;0;0;2;-29,914435;-51,17754495;"SPRF-RS";"DEL01-RS";"UOP01-DEL01-RS"
526212;2023-05-30;"terça-feira";"07:10:00";"RJ";101;74;"CAMPOS DOS GOYTACAZES";"Ausência de reação do condutor";"Queda de ocupante de veículo";"Com Vítimas Feridas";"Pleno dia";"Decrescente";"Céu Claro";"Simples";"Curva";"Não";1;0;1;0;0;0;1;1;-21,807232;-41,39734312;"SPRF-RJ";"DEL08-RJ";"UOP02-DEL08-RJ"
526213;2023-05-30;"terça-feira";"06:00:00";"BA";324;615;"SALVADOR";"Demais falhas mecânicas ou elétricas";"Incêndio";"Sem Vítimas";"Pleno dia";"Crescente";"Céu Claro";"Dupla";"Reta";"Não";5;0;0;0;5;0;0;1;-12,87206398;-38,42746403;"SPRF-BA";"DEL01-BA";"UOP01-DEL01-BA"
526218;2023-05-30;"terça-feira";"06:40:00";"SP";153;62,3;"SAO JOSE DO RIO PRETO";"Manobra de mudança de faixa";"Colisão lateral mesmo sentido";"Com Vítimas Feridas";"Amanhecer";"Crescente";"Céu Claro";"Dupla";"Aclive;Reta";"Sim";2;0;1;0;1;0;1;2;-20,81325404;-49,35675563;"SPRF-SP";"DEL09-SP";"UOP01-DEL09-SP"
526219;2023-05-30;"terça-feira";"08:00:00";"SP";116;186;"SANTA ISABEL";"Manobra de mudança de faixa";"Colisão lateral mesmo sentido";"Com Vítimas Feridas";"Pleno dia";"Decrescente";"Nublado";"Dupla";"Reta";"Sim";3;0;3;0;0;0;3;2;-23,35220682;-46,19934905;"SPRF-SP";"DEL01-SP";"UOP01-DEL01-SP"
526220;2023-05-30;"terça-feira";"07:50:00";"PE";101;74,6;"RECIFE";"Manobra de mudança de faixa";"Colisão traseira";"Com Vítimas Feridas";"Pleno dia";"Crescente";"Céu Claro";"Dupla";"Reta";"Sim";2;0;1;0;1;0;1;2;-8,10146485;-34,94901577;"SPRF-PE";"DEL01-PE";"UOP01-DEL01-PE"
526221;2023-05-30;"terça-feira";"07:00:00";"SP";116;279,2;"EMBU DAS ARTES";"Trafegar com motocicleta (ou similar) entre as faixas";"Tombamento";"Com Vítimas Feridas";"Pleno dia";"Decrescente";"Nublado";"Dupla";"Aclive";"Sim";2;0;1;0;0;1;1;2;-23,66233697;-46,85292907;"SPRF-SP";"DEL04-SP";"UOP01-DEL04-SP"
526222;2023-05-30;"terça-feira";"08:00:00";"CE";116;3;"FORTALEZA";"Acessar a via sem observar a presença dos outros veículos";"Colisão lateral mesmo sentido";"Com Vítimas Feridas";"Pleno dia";"Decrescente";"Céu Claro";"Dupla";"Reta";"Não";2;0;1;0;1;0;1;2;-3,77866493;-38,51490171;"SPRF-CE";"DEL01-CE";"UOP02-DEL01-CE"
526224;2023-05-30;"terça-feira";"06:30:00";"PR";116;114;"CURITIBA";"Manobra de mudança de faixa";"Colisão lateral mesmo sentido";"Com Vítimas Feridas";"Pleno dia";"Crescente";"Garoa/Chuvisco";"Simples";"Reta";"Sim";2;0;1;0;1;0;1;2;-25,547032;-49,288845;"SPRF-PR";"DEL01-PR";"UOP07-DEL01-PR"
526225;2023-05-30;"terça-feira";"08:15:00";"GO";70;0,6;"AGUAS LINDAS DE GOIAS";"Velocidade Incompatível";"Capotamento";"Com Vítimas Feridas";"Pleno dia";"Crescente";"Sol";"Múltipla";"Curva;Aclive";"Sim";1;0;1;0;0;0;1;1;-15,767021;-48,229945;"SPRF-DF";"DEL03-DF";"UOP02-DEL03-DF"
526226;2023-05-10;"quarta-feira";"07:40:00";"PR";277;580,6;"CASCAVEL";"Manobra de mudança de faixa";"Colisão transversal";"Sem Vítimas";"Pleno dia";"Decrescente";"Céu Claro";"Dupla";"Interseção de Vias;Reta";"Sim";3;0;0;0;3;0;0;2;-24,98329617;-53,37396383;"SPRF-PR";"DEL04-PR";"UOP01-DEL04-PR"
526228;2023-05-30;"terça-feira";"08:30:00";"RS";116;248;"SAO LEOPOLDO";"Reação tardia ou ineficiente do condutor";"Saída de leito carroçável";"Com Vítimas Feridas";"Pleno dia";"Crescente";"Céu Claro";"Dupla";"Reta";"Sim";3;0;2;0;0;1;2;2;-29,77554355;-51,15513325;"SPRF-RS";"DEL01-RS";"UOP02-DEL01-RS"
526230;2023-04-20;"quinta-feira";"20:57:00";"MG";40;510;"RIBEIRAO DAS NEVES";"Ausência de reação do condutor";"Colisão lateral mesmo sentido";"Com Vítimas Feridas";"Plena Noite";"Decrescente";"Céu Claro";"Dupla";"Reta";"Sim";5;0;1;0;3;1;1;5;-19,77463885;-44,12321882;"SPRF-MG";"DEL01-MG";"UOP02-DEL01-MG"
526231;2023-05-30;"terça-feira";"08:25:00";"MA";10;248,1;"IMPERATRIZ";"Acessar a via sem observar a presença dos outros veículos";"Colisão transversal";"Com Vítimas Feridas";"Pleno dia";"Crescente";"Céu Claro";"Dupla";"Reta";"Sim";3;0;1;1;1;0;2;2;-5,566143;-47,449028;"SPRF-MA";"DEL04-MA";"UOP01-DEL04-MA"
526234;2023-05-30;"terça-feira";"08:00:00";"RJ";116;231;"PIRAI";"Reação tardia ou ineficiente do condutor";"Saída de leito carroçável";"Com Vítimas Feridas";"Pleno dia";"Decrescente";"Nublado";"Simples";"Declive;Curva";"Não";1;0;1;0;0;0;1;1;-22,65223367;-43,82992389;"SPRF-RJ";"DEL07-RJ";"UOP01-DEL07-RJ"
526235;2023-05-06;"sábado";"13:10:00";"AL";316;156,8;"PALMEIRA DOS INDIOS";"Condutor deixou de manter distância do veículo da frente";"Colisão traseira";"Com Vítimas Feridas";"Pleno dia";"Crescente";"Céu Claro";"Simples";"Reta";"Sim";2;0;0;1;1;0;1;2;-9,42150066;-36,62537421;"SPRF-AL";"DEL03-AL";"UOP01-DEL03-AL"
526238;2023-05-30;"terça-feira";"07:30:00";"SC";280;80;"CORUPA";"Acessar a via sem observar a presença dos outros veículos";"Colisão traseira";"Com Vítimas Feridas";"Pleno dia";"Crescente";"Garoa/Chuvisco";"Simples";"Reta";"Sim";2;0;1;0;1;0;1;2;-26,44412189;-49,20975187;"SPRF-SC";"DEL06-SC";"UOP03-DEL06-SC"
526239;2023-05-30;"terça-feira";"09:10:00";"MG";40;620,8;"CONSELHEIRO LAFAIETE";"Condutor usando celular";"Saída de leito carroçável";"Com Vítimas Feridas";"Pleno dia";"Decrescente";"Nublado";"Simples";"Curva;Declive";"Não";3;0;2;1;0;0;3;1;-20,588629;-43,806254;"SPRF-MG";"DEL05-MG";"UOP02-DEL05-MG"
526241;2023-05-30;"terça-feira";"00:40:00";"RJ";40;110;"DUQUE DE CAXIAS";"Velocidade Incompatível";"Colisão traseira";"Com Vítimas Fatais";"Plena Noite";"Decrescente";"Céu Claro";"Dupla";"Reta";"Sim";2;1;0;0;1;0;0;2;-22,68289906;-43,28549346;"SPRF-RJ";"DEL01-RJ";"UOP01-DEL01-RJ"
526245;2023-05-30;"terça-feira";"09:00:00";"SC";101;335;"TUBARAO";"Manobra de mudança de faixa";"Colisão traseira";"Com Vítimas Feridas";"Pleno dia";"Decrescente";"Céu Claro";"Dupla";"Reta";"Sim";3;0;1;0;2;0;1;3;-28,47502906;-49,02683258;"SPRF-SC";"DEL02-SC";"UOP01-DEL02-SC"
526247;2023-05-30;"terça-feira";"10:10:00";"RN";101;95;"NATAL";"Condutor deixou de manter distância do veículo da frente";"Colisão lateral mesmo sentido";"Com Vítimas Feridas";"Pleno dia";"Decrescente";"Nublado";"Dupla";"Interseção de Vias";"Sim";2;0;1;0;1;0;1;2;-5,84076841;-35,21035949;"SPRF-RN";"DEL01-RN";"UOP01-DEL01-RN"
526248;2023-05-30;"terça-feira";"08:00:00";"CE";222;1;"FORTALEZA";"Manobra de mudança de faixa";"Colisão lateral mesmo sentido";"Com Vítimas Feridas";"Pleno dia";"Decrescente";"Céu Claro";"Dupla";"Reta";"Sim";3;0;1;0;2;0;1;3;-3,737804;-38,578061;"SPRF-CE";"DEL01-CE";"UOP01-DEL01-CE"
526253;2023-05-30;"terça-feira";"10:15:00";"PB";101;88;"JOAO PESSOA";"Acessar a via sem observar a presença dos outros veículos";"Colisão lateral mesmo sentido";"Com Vítimas Feridas";"Pleno dia";"Crescente";"Céu Claro";"Dupla";"Interseção de Vias;Reta";"Sim";3;0;1;1;1;0;2;2;-7,16906808;-34,89707351;"SPRF-PB";"DEL01-PB";"UOP01-DEL01-PB"
526254;2023-05-30;"terça-feira";"07:40:00";"BA";116;738,6;"BOA NOVA";"Ultrapassagem Indevida";"Colisão frontal";"Com Vítimas Feridas";"Pleno dia";"Crescente";"Nublado";"Simples";"Declive;Reta";"Não";3;0;3;0;0;0;3;2;-14,338584;-40,327968;"SPRF-BA";"DEL08-BA";"UOP02-DEL08-BA"
526255;2023-05-30;"terça-feira";"09:10:00";"BA";101;520;"ITABUNA";"Reação tardia ou ineficiente do condutor";"Colisão traseira";"Com Vítimas Feridas";"Pleno dia";"Crescente";"Sol";"Simples";"Reta";"Não";4;0;2;0;2;0;2;2;-14,916869;-39,291284;"SPRF-BA";"DEL05-BA";"UOP01-DEL05-BA"
526256;2023-05-30;"terça-feira";"08:45:00";"MG";116;504,9;"INHAPIM";"Velocidade Incompatível";"Saída de leito carroçável";"Com Vítimas Feridas";"Pleno dia";"Crescente";"Nublado";"Simples";"Reta";"Não";1;0;1;0;0;0;1;1;-19,594446;-42,11241304;"SPRF-MG";"DEL06-MG";"UOP02-DEL06-MG"
526258;2023-05-30;"terça-feira";"10:40:00";"SP";381;88,9;"GUARULHOS";"Manobra de mudança de faixa";"Colisão lateral mesmo sentido";"Com Vítimas Feridas";"Pleno dia";"Crescente";"Nublado";"Múltipla";"Reta";"Sim";3;0;1;0;2;0;1;3;-23,47469314;-46,56112919;"SPRF-SP";"DEL03-SP";"UOP01-DEL03-SP"
526260;2023-05-27;"sábado";"12:30:00";"MG";116;412,7;"GOVERNADOR VALADARES";"Reação tardia ou ineficiente do condutor";"Colisão traseira";"Com Vítimas Feridas";"Pleno dia";"Crescente";"Sol";"Simples";"Reta";"Sim";3;0;2;0;1;0;2;2;-18,86882342;-41,97144241;"SPRF-MG";"DEL06-MG";"UOP01-DEL06-MG"
526261;2023-05-30;"terça-feira";"08:30:00";"AM";174;1002;"PRESIDENTE FIGUEIREDO";"Ultrapassagem Indevida";"Saída de leito carroçável";"Sem Vítimas";"Pleno dia";"Crescente";"Nublado";"Simples";"Reta;Declive";"Não";1;0;0;0;1;0;0;1;-1,95181586;-60,03995971;"SPRF-AM";"DEL01-AM";"UOP02-DEL01-AM"
526263;2023-05-27;"sábado";"20:45:00";"PR";158;538;"PATO BRANCO";"Avarias e/ou desgaste excessivo no pneu";"Saída de leito carroçável";"Com Vítimas Feridas";"Plena Noite";"Crescente";"Nublado";"Simples";"Curva";"Sim";3;0;2;1;0;0;3;1;-26,25603095;-52,70878155;"SPRF-PR";"DEL02-PR";"UOP01-DEL02-PR"
526271;2023-05-30;"terça-feira";"10:30:00";"PI";343;197;"PIRIPIRI";"Ausência de reação do condutor";"Saída de leito carroçável";"Com Vítimas Feridas";"Pleno dia";"Decrescente";"Céu Claro";"Simples";"Reta";"Não";1;0;0;1;0;0;1;1;-4,366445;-41,82481;"SPRF-PI";"DEL02-PI";"UOP01-DEL02-PI"
526273;2023-05-30;"terça-feira";"13:35:00";"PR";376;497,8;"PONTA GROSSA";"Reação tardia ou ineficiente do condutor";"Saída de leito carroçável";"Com Vítimas Feridas";"Pleno dia";"Crescente";"Céu Claro";"Dupla";"Reta;Declive";"Sim";2;0;1;0;0;1;1;2;-25,18271102;-50,09257101;"SPRF-PR";"DEL03-PR";"UOP04-DEL03-PR"
526274;2023-05-30;"terça-feira";"13:30:00";"MG";381;452,1;"SABARA";"Condutor deixou de manter distância do veículo da frente";"Colisão traseira";"Com Vítimas Feridas";"Pleno dia";"Crescente";"Nublado";"Simples";"Reta";"Sim";2;0;1;0;1;0;1;2;-19,83832024;-43,8806931;"SPRF-MG";"DEL01-MG";"UOP01-DEL01-MG"
526275;2023-05-30;"terça-feira";"13:40:00";"MG";116;461;"ENGENHEIRO CALDAS";"Condutor Dormindo";"Colisão com objeto";"Com Vítimas Feridas";"Pleno dia";"Crescente";"Céu Claro";"Simples";"Reta";"Não";1;0;1;0;0;0;1;1;-19,24287204;-42,05726783;"SPRF-MG";"DEL06-MG";"UOP02-DEL06-MG"
526276;2023-05-30;"terça-feira";"12:30:00";"PE";428;186;"PETROLINA";"Condutor deixou de manter distância do veículo da frente";"Colisão traseira";"Com Vítimas Feridas";"Pleno dia";"Decrescente";"Céu Claro";"Dupla";"Retorno Regulamentado";"Não";2;0;1;0;1;0;1;2;-9,34807826;-40,47441248;"SPRF-PE";"DEL06-PE";"UOP01-DEL06-PE"
526278;2023-05-18;"quinta-feira";"11:20:00";"AM";174;990;"PRESIDENTE FIGUEIREDO";"Acessar a via sem observar a presença dos outros veículos";"Colisão transversal";"Com Vítimas Feridas";"Pleno dia";"Decrescente";"Céu Claro";"Dupla";"Interseção de Vias";"Sim";2;0;0;1;1;0;1;2;-2,055144;-60,023008;"SPRF-AM";"DEL01-AM";"UOP02-DEL01-AM"
526279;2023-05-30;"terça-feira";"13:40:00";"PR";369;177;"ROLANDIA";"Velocidade Incompatível";"Queda de ocupante de veículo";"Com Vítimas Feridas";"Pleno dia";"Crescente";"Chuva";"Múltipla";"Interseção de Vias;Declive;Curva";"Não";1;0;1;0;0;0;1;1;-23,34975;-51,386761;"SPRF-PR";"DEL07-PR";"UOP01-DEL07-PR"
526281;2023-05-30;"terça-feira";"14:27:00";"RN";101;94,3;"NATAL";"Trafegar com motocicleta (ou similar) entre as faixas";"Colisão traseira";"Com Vítimas Feridas";"Pleno dia";"Decrescente";"Céu Claro";"Dupla";"Reta";"Sim";3;0;2;0;1;0;2;2;-5,83176615;-35,21191342;"SPRF-RN";"DEL01-RN";"UOP01-DEL01-RN"
526282;2023-05-30;"terça-feira";"14:45:00";"SC";101;200,1;"SAO JOSE";"Condutor deixou de manter distância do veículo da frente";"Colisão traseira";"Com Vítimas Feridas";"Pleno dia";"Crescente";"Nublado";"Múltipla";"Aclive";"Sim";2;0;1;0;0;1;1;2;-27,54018513;-48,62287714;"SPRF-SC";"DEL01-SC";"UOP01-DEL01-SC"
526285;2023-05-30;"terça-feira";"14:20:00";"SP";116;121;"CACAPAVA";"Entrada inopinada do pedestre";"Atropelamento de Pedestre";"Com Vítimas Feridas";"Pleno dia";"Decrescente";"Céu Claro";"Dupla";"Reta";"Não";2;0;1;0;1;0;1;2;-23,07631169;-45,65337222;"SPRF-SP";"DEL02-SP";"UOP02-DEL02-SP"
526286;2023-05-30;"terça-feira";"13:10:00";"RJ";116;273;"BARRA MANSA";"Entrada inopinada do pedestre";"Atropelamento de Pedestre";"Com Vítimas Feridas";"Pleno dia";"Decrescente";"Nublado";"Dupla";"Reta";"Não";2;0;1;0;1;0;1;2;-22,56162876;-44,14263725;"SPRF-RJ";"DEL07-RJ";"UOP02-DEL07-RJ"
526289;2023-05-20;"sábado";"16:20:00";"RS";116;231;"IVOTI";"Ausência de reação do condutor";"Colisão transversal";"Com Vítimas Feridas";"Pleno dia";"Crescente";"Céu Claro";"Simples";"Declive;Reta";"Sim";5;0;0;1;4;0;1;2;-29,62743221;-51,13858608;"SPRF-RS";"DEL01-RS";"UOP02-DEL01-RS"
526291;2023-05-30;"terça-feira";"15:30:00";"PR";277;80,5;"CURITIBA";"Velocidade Incompatível";"Colisão com objeto";"Com Vítimas Feridas";"Pleno dia";"Crescente";"Nublado";"Dupla";"Reta";"Sim";2;0;1;0;1;0;1;2;-25,568939;-49,181978;"SPRF-PR";"DEL01-PR";"UOP01-DEL01-PR"
526293;2023-05-30;"terça-feira";"13:30:00";"RJ";116;250;"PINHEIRAL";"Reação tardia ou ineficiente do condutor";"Saída de leito carroçável";"Com Vítimas Feridas";"Pleno dia";"Decrescente";"Nublado";"Dupla";"Reta";"Não";3;0;3;0;0;0;3;1;-22,59303815;-43,95591144;"SPRF-RJ";"DEL07-RJ";"UOP01-DEL07-RJ"
526294;2023-05-30;"terça-feira";"15:50:00";"SC";101;119;"ITAJAI";"Ausência de reação do condutor";"Colisão lateral mesmo sentido";"Com Vítimas Feridas";"Pleno dia";"Decrescente";"Nublado";"Dupla";"Reta";"Sim";2;0;1;0;1;0;1;2;-26,9043179;-48,71555481;"SPRF-SC";"DEL04-SC";"UOP04-DEL04-SC"
526298;2023-05-30;"terça-feira";"15:30:00";"PR";153;367;"RIO AZUL";"Acessar a via sem observar a presença dos outros veículos";"Colisão transversal";"Sem Vítimas";"Pleno dia";"Decrescente";"Céu Claro";"Simples";"Reta";"Sim";2;0;0;0;2;0;0;2;-25,75048795;-50,82423102;"SPRF-PR";"DEL08-PR";"UOP02-DEL08-PR"
526299;2023-05-30;"terça-feira";"16:20:00";"RS";287;248;"SANTA MARIA";"Reação tardia ou ineficiente do condutor";"Colisão transversal";"Com Vítimas Feridas";"Pleno dia";"Decrescente";"Céu Claro";"Simples";"Reta;Em Obras";"Sim";2;0;1;0;1;0;1;2;-29,6954502;-53,85502875;"SPRF-RS";"DEL09-RS";"UOP01-DEL09-RS"
526300;2023-05-28;"domingo";"15:30:00";"PR";277;76,5;"SAO JOSE DOS PINHAIS";"Frear bruscamente";"Saída de leito carroçável";"Com Vítimas Feridas";"Pleno dia";"Decrescente";"Nublado";"Dupla";"Reta";"Sim";1;0;1;0;0;0;1;1;-25,4874324;-49,18204129;"SPRF-PR";"DEL01-PR";"UOP01-DEL01-PR"
526301;2023-05-30;"terça-feira";"15:40:00";"GO";40;2,8;"VALPARAISO DE GOIAS";"Reação tardia ou ineficiente do condutor";"Colisão lateral mesmo sentido";"Com Vítimas Feridas";"Pleno dia";"Crescente";"Sol";"Dupla";"Retorno Regulamentado;Reta";"Sim";2;0;1;0;1;0;1;2;-16,07476116;-47,98553651;"SPRF-DF";"DEL01-DF";"UOP01-DEL01-DF"
526302;2023-05-30;"terça-feira";"16:10:00";"SP";116;201;"ARUJA";"Avarias e/ou desgaste excessivo no pneu";"Tombamento";"Com Vítimas Feridas";"Pleno dia";"Decrescente";"Céu Claro";"Múltipla";"Reta;Declive";"Sim";1;0;1;0;0;0;1;1;-23,40362877;-46,33050107;"SPRF-SP";"DEL01-SP";"UOP01-DEL01-SP"
526307;2023-05-30;"terça-feira";"12:45:00";"MT";174;257;"VALE DE SAO DOMINGOS";"Condutor Dormindo";"Saída de leito carroçável";"Com Vítimas Feridas";"Pleno dia";"Decrescente";"Nublado";"Simples";"Reta;Aclive";"Não";1;0;1;0;0;0;1;1;-15,44033088;-59,10430183;"SPRF-MT";"DEL04-MT";"UOP01-DEL04-MT"
526309;2023-05-30;"terça-feira";"17:31:00";"GO";40;9;"LUZIANIA";"Reação tardia ou ineficiente do condutor";"Colisão transversal";"Com Vítimas Feridas";"Anoitecer";"Decrescente";"Céu Claro";"Dupla";"Reta";"Sim";2;0;0;1;0;1;1;2;-16,131158;-47,957739;"SPRF-DF";"DEL01-DF";"UOP01-DEL01-DF"
526310;2023-05-30;"terça-feira";"16:45:00";"BA";367;39,9;"PORTO SEGURO";"Velocidade Incompatível";"Saída de leito carroçável";"Sem Vítimas";"Pleno dia";"Decrescente";"Chuva";"Simples";"Curva";"Não";1;0;0;0;0;1;0;1;-16,39129187;-39,20169694;"SPRF-BA";"DEL09-BA";"UOP03-DEL09-BA"
526312;2023-05-30;"terça-feira";"09:20:00";"PR";116;38;"CAMPINA GRANDE DO SUL";"Chuva";"Colisão com objeto";"Com Vítimas Feridas";"Pleno dia";"Decrescente";"Chuva";"Dupla";"Curva";"Não";1;0;1;0;0;0;1;1;-25,14802509;-48,85922071;"SPRF-PR";"DEL01-PR";"UOP02-DEL01-PR"
526313;2023-05-30;"terça-feira";"12:30:00";"SP";459;10,6;"PIQUETE";"Objeto estático sobre o leito carroçável";"Colisão com objeto";"Com Vítimas Feridas";"Pleno dia";"Crescente";"Sol";"Simples";"Curva";"Não";1;0;1;0;0;0;1;1;-22,580744;-45,196285;"SPRF-SP";"DEL08-SP";"UOP02-DEL08-SP"
526314;2023-05-30;"terça-feira";"18:25:00";"SE";349;2;"ARACAJU";"Condutor deixou de manter distância do veículo da frente";"Colisão traseira";"Com Vítimas Feridas";"Plena Noite";"Crescente";"Céu Claro";"Dupla";"Declive";"Sim";2;0;1;0;1;0;1;2;-10,90562879;-37,109358;"SPRF-SE";"DEL01-SE";"UOP01-DEL01-SE"
526315;2023-05-30;"terça-feira";"18:20:00";"BA";116;427,9;"FEIRA DE SANTANA";"Ausência de reação do condutor";"Atropelamento de Pedestre";"Com Vítimas Fatais";"Plena Noite";"Crescente";"Céu Claro";"Dupla";"Declive;Reta";"Não";2;1;0;1;0;0;1;2;-12,2825;-38,998332;"SPRF-BA";"DEL02-BA";"UOP01-DEL02-BA"
526316;2023-05-30;"terça-feira";"18:50:00";"BA";116;427,9;"FEIRA DE SANTANA";"Condutor deixou de manter distância do veículo da frente";"Colisão traseira";"Com Vítimas Feridas";"Plena Noite";"Crescente";"Céu Claro";"Dupla";"Reta;Declive";"Não";2;0;1;0;1;0;1;2;-12,2825;-38,998332;"SPRF-BA";"DEL02-BA";"UOP01-DEL02-BA"
526317;2023-05-30;"terça-feira";"16:10:00";"PR";163;46,5;"PRANCHITA";"Ultrapassagem Indevida";"Colisão lateral mesmo sentido";"Com Vítimas Feridas";"Pleno dia";"Crescente";"Céu Claro";"Simples";"Curva";"Não";2;0;1;0;0;1;1;2;-26,01612407;-53,73321028;"SPRF-PR";"DEL02-PR";"UOP02-DEL02-PR"
526321;2023-05-30;"terça-feira";"17:40:00";"PB";230;11,8;"CABEDELO";"Área urbana sem a presença de local apropriado para a travessia de pedestres";"Atropelamento de Pedestre";"Com Vítimas Feridas";"Anoitecer";"Decrescente";"Céu Claro";"Dupla";"Interseção de Vias;Reta";"Sim";2;0;1;0;0;1;1;2;-7,06910099;-34,84973788;"SPRF-PB";"DEL01-PB";"UOP01-DEL01-PB"
526323;2023-05-30;"terça-feira";"18:10:00";"RS";158;339;"SANTA MARIA";"Ausência de reação do condutor";"Saída de leito carroçável";"Com Vítimas Feridas";"Plena Noite";"Crescente";"Céu Claro";"Simples";"Declive;Reta";"Não";1;0;1;0;0;0;1;1;-29,72520501;-53,90770498;"SPRF-RS";"DEL09-RS";"UOP01-DEL09-RS"
526324;2023-05-30;"terça-feira";"17:50:00";"SC";101;419;"ARARANGUA";"Entrada inopinada do pedestre";"Atropelamento de Pedestre";"Com Vítimas Feridas";"Plena Noite";"Crescente";"Nublado";"Simples";"Reta";"Sim";2;0;2;0;0;0;2;2;-28,99566972;-49,55294251;"SPRF-SC";"DEL02-SC";"UOP02-DEL02-SC"
526325;2023-05-30;"terça-feira";"17:40:00";"SC";101;434;"SOMBRIO";"Transitar na contramão";"Colisão frontal";"Com Vítimas Feridas";"Anoitecer";"Crescente";"Céu Claro";"Múltipla";"Reta";"Sim";3;0;1;0;2;0;1;2;-29,09075196;-49,63226114;"SPRF-SC";"DEL02-SC";"UOP02-DEL02-SC"
526326;2023-05-30;"terça-feira";"18:40:00";"SP";381;57;"MAIRIPORA";"Acumulo de água sobre o pavimento";"Queda de ocupante de veículo";"Com Vítimas Feridas";"Plena Noite";"Decrescente";"Chuva";"Dupla";"Reta";"Não";1;0;1;0;0;0;1;1;-23,2658219;-46,5839857;"SPRF-SP";"DEL03-SP";"UOP01-DEL03-SP"
526327;2023-05-30;"terça-feira";"18:50:00";"GO";60;35;"GOIANIA";"Ausência de reação do condutor";"Colisão traseira";"Com Vítimas Feridas";"Plena Noite";"Decrescente";"Céu Claro";"Dupla";"Aclive";"Sim";2;0;1;1;0;0;2;2;-16,6777;-49,2676;"SPRF-GO";"DEL01-GO";"UOP02-DEL01-GO"
526328;2023-05-30;"terça-feira";"19:00:00";"SC";282;5,7;"SAO JOSE";"Ausência de reação do condutor";"Colisão traseira";"Com Vítimas Feridas";"Plena Noite";"Crescente";"Céu Claro";"Dupla";"Viaduto;Reta";"Não";2;0;0;1;1;0;1;2;-27,588425;-48,612919;"SPRF-SC";"DEL01-SC";"UOP01-DEL01-SC"
526330;2023-05-30;"terça-feira";"18:18:00";"PE";101;92;"CABO DE SANTO AGOSTINHO";"Reação tardia ou ineficiente do condutor";"Atropelamento de Pedestre";"Com Vítimas Feridas";"Plena Noite";"Crescente";"Céu Claro";"Dupla";"Reta";"Não";2;0;1;0;1;0;1;2;-8,23201792;-34,99778611;"SPRF-PE";"DEL01-PE";"UOP01-DEL01-PE"