"id";"data_inversa";"dia_semana";"horario";"uf";"br";"km";"municipio";"causa_acidente";"tipo_acidente";"classificacao_acidente";"fase_dia";"sentido_via";"condicao_metereologica";"tipo_pista";"tracado_via";"uso_solo";"pessoas";"mortos";"feridos_leves";"feridos_graves";"ilesos";"ignorados";"feridos";"veiculos";"latitude";"longitude";"regional";"delegacia";"uop"
526331;2023-05-30;"terça-feira";"15:50:00";"PB";230;157;"CAMPINA GRANDE";"Ingestão de álcool pelo condutor";"Colisão com objeto";"Sem Vítimas";"Pleno dia";"Decrescente";"Céu Claro";"Simples";"Interseção de Vias";"Sim";1;0;0;0;1;0;0;1;-7,264;-35,9199;"SPRF-PB";"DEL02-PB";"UOP01-DEL02-PB"
526333;2023-05-30;"terça-feira";"18:20:00";"SC";116;209;"PONTE ALTA";"Acessar a via sem observar a presença dos outros veículos";"Colisão traseira";"Sem Vítimas";"Plena Noite";"Crescente";"Nublado";"Simples";"Reta";"Não";3;0;0;0;3;0;0;2;-27,4978549;-50,36801219;"SPRF-SC";"DEL05-SC";"UOP03-DEL05-SC"
526335;2023-05-30;"terça-feira";"09:20:00";"RJ";40;114;"DUQUE DE CAXIAS";"Pista Escorregadia";"Queda de ocupante de veículo";"Com Vítimas Feridas";"Pleno dia";"Decrescente";"Céu Claro";"Dupla";"Rotatória;Retorno Regulamentado";"Sim";1;0;1;0;0;0;1;1;-22,71853604;-43,28993324;"SPRF-RJ";"DEL01-RJ";"UOP01-DEL01-RJ"
526337;2023-05-30;"terça-feira";"16:40:00";"PB";104;130,5;"CAMPINA GRANDE";"Manobra de mudança de faixa";"Colisão transversal";"Com Vítimas Feridas";"Pleno dia";"Crescente";"Céu Claro";"Simples";"Reta";"Sim";2;0;1;0;1;0;1;2;-7,29013399;-35,89029705;"SPRF-PB";"DEL02-PB";"UOP03-DEL02-PB"
526338;2023-05-30;"terça-feira";"17:25:00";"MG";50;191;"UBERABA";"Demais falhas mecânicas ou elétricas";"Tombamento";"Com Vítimas Feridas";"Pleno dia";"Crescente";"Céu Claro";"Dupla";"Reta";"Não";2;0;2;0;0;0;2;1;-19,8640909;-47,86418486;"SPRF-MG";"DEL13-MG";"UOP01-DEL13-MG"
526339;2023-05-30;"terça-feira";"18:50:00";"PB";230;127;"RIACHAO DO BACAMARTE";"Manobra de mudança de faixa";"Saída de leito carroçável";"Com Vítimas Feridas";"Plena Noite";"Crescente";"Vento";"Dupla";"Declive;Reta";"Não";1;0;0;1;0;0;1;1;-7,24571952;-35,65069699;"SPRF-PB";"DEL02-PB";"UOP01-DEL02-PB"
526341;2023-05-30;"terça-feira";"15:40:00";"BA";367;39,9;"PORTO SEGURO";"Velocidade Incompatível";"Saída de leito carroçável";"Com Vítimas Feridas";"Pleno dia";"Crescente";"Chuva";"Simples";"Reta";"Não";1;0;1;0;0;0;1;1;-16,39129187;-39,20169694;"SPRF-BA";"DEL09-BA";"UOP03-DEL09-BA"
526342;2023-05-30;"terça-feira";"18:30:00";"MG";116;315,2;"ITAMBACURI";"Condutor deixou de manter distância do veículo da frente";"Colisão traseira";"Com Vítimas Feridas";"Plena Noite";"Decrescente";"Céu Claro";"Simples";"Reta";"Não";4;0;1;0;3;0;1;2;-18,11098206;-41,69239281;"SPRF-MG";"DEL11-MG";"UOP01-DEL11-MG"
526344;2023-05-26;"sexta-feira";"09:30:00";"BA";324;613;"SIMOES FILHO";"Condutor deixou de manter distância do veículo da frente";"Colisão traseira";"Com Vítimas Feridas";"Pleno dia";"Crescente";"Céu Claro";"Dupla";"Reta";"Não";2;0;1;0;1;0;1;2;-12,85531601;-38,42055197;"SPRF-BA";"DEL01-BA";"UOP01-DEL01-BA"
526345;2023-05-30;"terça-feira";"18:30:00";"MG";381;154;"GOVERNADOR VALADARES";"Acessar a via sem observar a presença dos outros veículos";"Colisão transversal";"Com Vítimas Feridas";"Plena Noite";"Decrescente";"Ignorado";"Simples";"Reta";"Sim";2;0;2;0;0;0;2;2;-18,84932105;-41,98376178;"SPRF-MG";"DEL06-MG";"UOP01-DEL06-MG"
526346;2023-05-30;"terça-feira";"18:50:00";"RO";364;709;"PORTO VELHO";"Retorno proibido";"Colisão transversal";"Com Vítimas Feridas";"Anoitecer";"Decrescente";"Céu Claro";"Dupla";"Reta";"Sim";3;0;3;0;0;0;3;2;-8,78961605;-63,85149837;"SPRF-RO";"DEL01-RO";"UOP01-DEL01-RO"
526347;2023-05-30;"terça-feira";"20:00:00";"SP";116;230,5;"SAO PAULO";"Reação tardia ou ineficiente do condutor";"Colisão traseira";"Com Vítimas Feridas";"Plena Noite";"Crescente";"Nublado";"Múltipla";"Reta";"Sim";3;0;1;0;2;0;1;3;-23,52251783;-46,5855702;"SPRF-SP";"DEL01-SP";"UOP01-DEL01-SP"
526348;2023-05-30;"terça-feira";"18:40:00";"PE";104;75,2;"AGRESTINA";"Reação tardia ou ineficiente do condutor";"Colisão traseira";"Com Vítimas Feridas";"Plena Noite";"Decrescente";"Céu Claro";"Simples";"Aclive";"Não";2;0;1;0;1;0;1;2;-8,358562;-35,985699;"SPRF-PE";"DEL02-PE";"UOP01-DEL02-PE"
526350;2023-05-30;"terça-feira";"18:00:00";"PE";104;76;"CARUARU";"Ausência de reação do condutor";"Tombamento";"Com Vítimas Feridas";"Plena Noite";"Crescente";"Nublado";"Simples";"Curva;Interseção de Vias";"Sim";2;0;2;0;0;0;2;1;-8,367286;-35,985153;"SPRF-PE";"DEL02-PE";"UOP01-DEL02-PE"
526351;2023-05-30;"terça-feira";"19:50:00";"SC";280;73,3;"JARAGUA DO SUL";"Ausência de reação do condutor";"Saída de leito carroçável";"Com Vítimas Feridas";"Plena Noite";"Decrescente";"Nublado";"Simples";"Reta";"Não";2;0;1;0;1;0;1;1;-26,45917102;-49,15245;"SPRF-SC";"DEL03-SC";"UOP03-DEL03-SC"
526354;2023-05-30;"terça-feira";"18:08:00";"MG";116;537,9;"SANTA RITA DE MINAS";"Ausência de reação do condutor";"Colisão frontal";"Com Vítimas Feridas";"Plena Noite";"Crescente";"Nublado";"Simples";"Curva";"Não";2;0;0;1;1;0;1;2;-19,86620285;-42,1352356;"SPRF-MG";"DEL06-MG";"UOP02-DEL06-MG"
526356;2023-05-30;"terça-feira";"20:10:00";"GO";153;506,9;"APARECIDA DE GOIANIA";"Ausência de reação do condutor";"Tombamento";"Com Vítimas Feridas";"Plena Noite";"Crescente";"Céu Claro";"Dupla";"Declive;Reta";"Sim";3;0;1;0;0;2;1;2;-16,7633;-49,24;"SPRF-GO";"DEL01-GO";"UOP01-DEL01-GO"
526357;2023-05-30;"terça-feira";"18:15:00";"SC";470;68,4;"INDAIAL";"Pedestre cruzava a pista fora da faixa";"Atropelamento de Pedestre";"Com Vítimas Feridas";"Plena Noite";"Crescente";"Garoa/Chuvisco";"Dupla";"Em Obras;Reta";"Não";2;0;1;0;0;1;1;2;-26,88035411;-49,24269676;"SPRF-SC";"DEL04-SC";"UOP01-DEL04-SC"
526358;2023-05-30;"terça-feira";"21:00:00";"RS";470;213;"BENTO GONCALVES";"Acessar a via sem observar a presença dos outros veículos";"Queda de ocupante de veículo";"Com Vítimas Feridas";"Anoitecer";"Crescente";"Céu Claro";"Simples";"Curva";"Sim";2;0;1;0;1;0;1;2;-29,138703;-51,542708;"SPRF-RS";"DEL06-RS";"UOP01-DEL06-RS"
526360;2023-05-30;"terça-feira";"20:56:00";"SP";381;70;"MAIRIPORA";"Ausência de reação do condutor";"Colisão frontal";"Com Vítimas Feridas";"Plena Noite";"Crescente";"Chuva";"Múltipla";"Curva;Aclive";"Não";2;0;2;0;0;0;2;1;-23,34972978;-46,56070474;"SPRF-SP";"DEL03-SP";"UOP01-DEL03-SP"
526361;2023-05-30;"terça-feira";"20:20:00";"RO";364;710;"PORTO VELHO";"Iluminação deficiente";"Colisão transversal";"Com Vítimas Feridas";"Plena Noite";"Decrescente";"Céu Claro";"Simples";"Interseção de Vias;Reta";"Sim";2;0;1;0;1;0;1;2;-8,78621576;-63,85712687;"SPRF-RO";"DEL01-RO";"UOP01-DEL01-RO"
526363;2023-05-30;"terça-feira";"21:50:00";"RS";116;239;"NOVO HAMBURGO";"Condutor deixou de manter distância do veículo da frente";"Colisão traseira";"Com Vítimas Feridas";"Plena Noite";"Decrescente";"Céu Claro";"Dupla";"Reta";"Não";2;0;1;0;1;0;1;2;-29,6961491;-51,14455767;"SPRF-RS";"DEL01-RS";"UOP02-DEL01-RS"
526365;2023-05-30;"terça-feira";"22:00:00";"MG";381;488;"BETIM";"Ausência de reação do condutor";"Tombamento";"Com Vítimas Feridas";"Plena Noite";"Decrescente";"Céu Claro";"Dupla";"Reta";"Sim";1;0;1;0;0;0;1;1;-19,9598656;-44,15489715;"SPRF-MG";"DEL01-MG";"UOP03-DEL01-MG"
526366;2023-05-30;"terça-feira";"22:00:00";"CE";116;34,9;"AQUIRAZ";"Condutor Dormindo";"Colisão com objeto";"Com Vítimas Feridas";"Plena Noite";"Crescente";"Céu Claro";"Dupla";"Reta";"Não";1;0;1;0;0;0;1;1;-4,04340809;-38,50824339;"SPRF-CE";"DEL01-CE";"UOP02-DEL01-CE"
526370;2023-05-30;"terça-feira";"20:09:00";"RO";364;349;"JI-PARANA";"Ausência de reação do condutor";"Tombamento";"Com Vítimas Feridas";"Plena Noite";"Decrescente";"Céu Claro";"Simples";"Reta";"Sim";1;0;1;0;0;0;1;1;-10,83322284;-62,01156957;"SPRF-RO";"DEL02-RO";"UOP01-DEL02-RO"
526371;2023-05-30;"terça-feira";"19:55:00";"SP";116;99;"PINDAMONHANGABA";"Avarias e/ou desgaste excessivo no pneu";"Colisão lateral sentido oposto";"Com Vítimas Feridas";"Plena Noite";"Crescente";"Chuva";"Simples";"Curva";"Não";4;0;1;2;1;0;3;2;-22,98236971;-45,46436617;"SPRF-SP";"DEL08-SP";"UOP01-DEL08-SP"
526372;2023-05-30;"terça-feira";"21:00:00";"MG";116;677,8;"MIRADOURO";"Reação tardia ou ineficiente do condutor";"Queda de ocupante de veículo";"Com Vítimas Feridas";"Plena Noite";"Crescente";"Céu Claro";"Simples";"Curva";"Não";1;0;0;1;0;0;1;1;-20,91839191;-42,34301496;"SPRF-MG";"DEL07-MG";"UOP02-DEL07-MG"
526373;2023-05-30;"terça-feira";"20:30:00";"RJ";101;206;"CASIMIRO DE ABREU";"Acessar a via sem observar a presença dos outros veículos";"Atropelamento de Pedestre";"Com Vítimas Feridas";"Plena Noite";"Decrescente";"Céu Claro";"Simples";"Declive;Reta";"Sim";2;0;0;1;1;0;1;2;-22,47673341;-42,2017251;"SPRF-RJ";"DEL08-RJ";"UOP04-DEL08-RJ"
526374;2023-05-30;"terça-feira";"21:30:00";"PR";277;75;"SAO JOSE DOS PINHAIS";"Ingestão de álcool ou de substâncias psicoativas pelo pedestre";"Atropelamento de Pedestre";"Com Vítimas Feridas";"Plena Noite";"Crescente";"Nublado";"Dupla";"Reta";"Não";2;0;1;0;1;0;1;2;-25,49454364;-49,17514801;"SPRF-PR";"DEL01-PR";"UOP01-DEL01-PR"
526375;2023-05-30;"terça-feira";"18:05:00";"AC";317;95;"SENADOR GUIOMARD";"Acessar a via sem observar a presença dos outros veículos";"Colisão traseira";"Com Vítimas Feridas";"Plena Noite";"Decrescente";"Céu Claro";"Dupla";"Reta";"Não";2;0;0;2;0;0;2;2;-10,18303429;-67,70985812;"SPRF-AC";"DEL01-AC";"UOP01-DEL01-AC"
526376;2023-05-30;"terça-feira";"22:08:00";"PI";343;12;"PARNAIBA";"Condutor desrespeitou a iluminação vermelha do semáforo";"Colisão transversal";"Com Vítimas Feridas";"Plena Noite";"Crescente";"Céu Claro";"Dupla";"Reta";"Sim";3;0;2;0;0;1;2;2;-2,91671462;-41,75394773;"SPRF-PI";"DEL05-PI";"UOP01-DEL05-PI"
526377;2023-05-30;"terça-feira";"17:50:00";"RJ";101;317;"SAO GONCALO";"Carga excessiva e/ou mal acondicionada";"Colisão traseira";"Com Vítimas Feridas";"Anoitecer";"Crescente";"Nublado";"Dupla";"Reta";"Sim";4;0;2;0;2;0;2;3;-22,83707798;-43,09492006;"SPRF-RJ";"DEL02-RJ";"UOP02-DEL02-RJ"
526378;2023-05-30;"terça-feira";"22:27:00";"CE";222;4,2;"CAUCAIA";"Pedestre cruzava a pista fora da faixa";"Atropelamento de Pedestre";"Com Vítimas Feridas";"Plena Noite";"Crescente";"Céu Claro";"Múltipla";"Reta";"Sim";2;0;2;0;0;0;2;2;-3,74164754;-38,60449792;"SPRF-CE";"DEL01-CE";"UOP01-DEL01-CE"
526379;2023-05-30;"terça-feira";"22:30:00";"MG";40;529;"CONTAGEM";"Acessar a via sem observar a presença dos outros veículos";"Colisão lateral mesmo sentido";"Sem Vítimas";"Plena Noite";"Decrescente";"Céu Claro";"Dupla";"Curva;Declive";"Sim";2;0;0;0;2;0;0;2;-19,91635592;-44,03966566;"SPRF-MG";"DEL01-MG";"UOP02-DEL01-MG"
526380;2023-05-30;"terça-feira";"21:29:00";"PA";163;573,1;"TRAIRAO";"Ausência de reação do condutor";"Tombamento";"Sem Vítimas";"Plena Noite";"Crescente";"Céu Claro";"Simples";"Reta";"Não";1;0;0;0;1;0;0;1;-5,03449202;-56,18823605;"SPRF-PA";"DEL05-PA";"UOP02-DEL05-PA"
526382;2023-05-30;"terça-feira";"21:50:00";"BA";418;92;"NOVA VICOSA";"Manobra de mudança de faixa";"Colisão lateral mesmo sentido";"Com Vítimas Feridas";"Plena Noite";"Decrescente";"Nublado";"Simples";"Reta";"Não";2;0;1;0;1;0;1;2;-17,88694629;-39,87968445;"SPRF-BA";"DEL09-BA";"UOP02-DEL09-BA"
526386;2023-05-31;"quarta-feira";"00:10:00";"MG";116;409,7;"GOVERNADOR VALADARES";"Ausência de reação do condutor";"Colisão traseira";"Com Vítimas Feridas";"Plena Noite";"Decrescente";"Céu Claro";"Dupla";"Interseção de Vias;Reta";"Sim";3;0;2;0;1;0;2;2;-18,84936788;-41,97891368;"SPRF-MG";"DEL06-MG";"UOP01-DEL06-MG"
526387;2023-05-31;"quarta-feira";"01:00:00";"RS";116;248;"SAO LEOPOLDO";"Demais falhas mecânicas ou elétricas";"Incêndio";"Sem Vítimas";"Plena Noite";"Decrescente";"Céu Claro";"Dupla";"Reta";"Sim";1;0;0;0;1;0;0;1;-29,77605573;-51,15517616;"SPRF-RS";"DEL01-RS";"UOP02-DEL01-RS"
526388;2023-05-30;"terça-feira";"23:15:00";"RJ";116;184;"NOVA IGUACU";"Pedestre andava na pista";"Atropelamento de Pedestre";"Com Vítimas Feridas";"Plena Noite";"Crescente";"Nublado";"Dupla";"Reta";"Sim";2;0;2;0;0;0;2;2;-22,74248142;-43,45161974;"SPRF-RJ";"DEL01-RJ";"UOP02-DEL01-RJ"
526390;2023-05-31;"quarta-feira";"00:30:00";"PA";163;649;"ITAITUBA";"Animais na Pista";"Tombamento";"Com Vítimas Feridas";"Plena Noite";"Crescente";"Nevoeiro/Neblina";"Simples";"Reta";"Não";2;0;1;0;1;0;1;1;-4,52946961;-55,88645503;"SPRF-PA";"DEL05-PA";"UOP02-DEL05-PA"
526393;2023-05-31;"quarta-feira";"05:00:00";"SP";116;58;"GUARATINGUETA";"Ausência de reação do condutor";"Colisão com objeto";"Com Vítimas Feridas";"Amanhecer";"Crescente";"Chuva";"Dupla";"Reta";"Não";1;0;1;0;0;0;1;1;-22,78005511;-45,14572791;"SPRF-SP";"DEL08-SP";"UOP01-DEL08-SP"
526394;2023-05-31;"quarta-feira";"06:00:00";"BA";242;797;"BARREIRAS";"Reação tardia ou ineficiente do condutor";"Queda de ocupante de veículo";"Com Vítimas Feridas";"Amanhecer";"Crescente";"Céu Claro";"Simples";"Em Obras;Reta";"Não";2;0;2;0;0;0;2;1;-12,16482771;-44,8590841;"SPRF-BA";"DEL10-BA";"UOP01-DEL10-BA"
526400;2023-05-31;"quarta-feira";"04:00:00";"SC";280;79,9;"CORUPA";"Ausência de reação do condutor";"Colisão com objeto";"Com Vítimas Feridas";"Amanhecer";"Crescente";"Nublado";"Simples";"Reta";"Não";1;0;1;0;0;0;1;1;-26,44657315;-49,20157809;"SPRF-SC";"DEL06-SC";"UOP03-DEL06-SC"
526401;2023-05-31;"quarta-feira";"04:00:00";"BA";110;354;"CATU";"Animais na Pista";"Atropelamento de Animal";"Com Vítimas Fatais";"Amanhecer";"Decrescente";"Céu Claro";"Simples";"Reta";"Não";1;1;0;0;0;0;0;1;-12,31668083;-38,37953127;"SPRF-BA";"DEL01-BA";"UOP04-DEL01-BA"
526402;2023-05-31;"quarta-feira";"07:00:00";"BA";116;438;"FEIRA DE SANTANA";"Condutor Dormindo";"Saída de leito carroçável";"Sem Vítimas";"Pleno dia";"Decrescente";"Céu Claro";"Dupla";"Reta";"Não";1;0;0;0;1;0;0;1;-12,31624811;-39,04401672;"SPRF-BA";"DEL02-BA";"UOP01-DEL02-BA"
526412;2023-05-31;"quarta-feira";"07:20:00";"SP";381;37,3;"ATIBAIA";"Reação tardia ou ineficiente do condutor";"Engavetamento";"Com Vítimas Feridas";"Amanhecer";"Decrescente";"Chuva";"Dupla";"Reta";"Sim";4;0;3;0;1;0;3;3;-23,10787542;-46,56954825;"SPRF-SP";"DEL03-SP";"UOP01-DEL03-SP"
526414;2023-05-31;"quarta-feira";"08:00:00";"DF";40;5,5;"BRASILIA";"Condutor deixou de manter distância do veículo da frente";"Colisão traseira";"Com Vítimas Feridas";"Pleno dia";"Crescente";"Céu Claro";"Dupla";"Reta";"Não";2;0;1;0;1;0;1;2;-16,020903;-47,980541;"SPRF-DF";"DEL01-DF";"UOP01-DEL01-DF"
526416;2023-05-31;"quarta-feira";"07:40:00";"BA";324;575,3;"SAO SEBASTIAO DO PASSE";"Condutor Dormindo";"Saída de leito carroçável";"Com Vítimas Feridas";"Pleno dia";"Decrescente";"Chuva";"Dupla";"Reta";"Não";1;0;1;0;0;0;1;1;-12,56758892;-38,55238794;"SPRF-BA";"DEL01-BA";"UOP01-DEL01-BA"
526417;2023-05-31;"quarta-feira";"08:20:00";"RJ";116;192;"NOVA IGUACU";"Reação tardia ou ineficiente do condutor";"Queda de ocupante de veículo";"Com Vítimas Feridas";"Pleno dia";"Decrescente";"Nublado";"Dupla";"Reta";"Não";1;0;1;0;0;0;1;1;-22,74207737;-43,5192401;"SPRF-RJ";"DEL01-RJ";"UOP02-DEL01-RJ"
526418;2023-02-16;"quinta-feira";"22:22:00";"PR";277;3,7;"FOZ DO IGUACU";"Acumulo de óleo sobre o pavimento";"Queda de ocupante de veículo";"Com Vítimas Feridas";"Plena Noite";"Crescente";"Garoa/Chuvisco";"Dupla";"Reta";"Sim";1;0;1;0;0;0;1;1;-25,4838422;-54,58261013;"SPRF-PR";"DEL01-PR";"UOP05-DEL01-PR"
526419;2023-05-31;"quarta-feira";"08:05:00";"PB";230;6;"CABEDELO";"Acessar a via sem observar a presença dos outros veículos";"Colisão transversal";"Com Vítimas Feridas";"Pleno dia";"Crescente";"Sol";"Simples";"Interseção de Vias";"Sim";3;0;2;0;1;0;2;2;-7,02;-34,8359;"SPRF-PB";"DEL01-PB";"UOP01-DEL01-PB"
526422;2023-05-31;"quarta-feira";"07:15:00";"AL";423;37,5;"INHAPI";"Ultrapassagem Indevida";"Colisão frontal";"Com Vítimas Feridas";"Pleno dia";"Decrescente";"Nublado";"Simples";"Reta";"Não";2;0;2;0;0;0;2;2;-9,22869059;-37,62302399;"SPRF-AL";"DEL03-AL";"UOP02-DEL03-AL"
526423;2023-05-31;"quarta-feira";"07:00:00";"RO";364;5;"VILHENA";"Conversão proibida";"Colisão traseira";"Com Vítimas Feridas";"Pleno dia";"Decrescente";"Céu Claro";"Simples";"Reta";"Sim";3;0;3;0;0;0;3;2;-12,7863749;-60,0898697;"SPRF-RO";"DEL04-RO";"UOP01-DEL04-RO"
526427;2023-05-12;"sexta-feira";"05:00:00";"MT";364;597;"DIAMANTINO";"Ultrapassagem Indevida";"Colisão frontal";"Com Vítimas Fatais";"Amanhecer";"Crescente";"Nevoeiro/Neblina";"Simples";"Aclive;Curva";"Não";4;1;1;0;2;0;1;2;-14,46659648;-56,24759674;"SPRF-MT";"DEL01-MT";"UOP01-DEL01-MT"
526429;2023-05-31;"quarta-feira";"08:50:00";"SP";116;221;"GUARULHOS";"Reação tardia ou ineficiente do condutor";"Tombamento";"Com Vítimas Feridas";"Pleno dia";"Crescente";"Chuva";"Múltipla";"Reta";"Sim";1;0;1;0;0;0;1;1;-23,46802395;-46,50704901;"SPRF-SP";"DEL01-SP";"UOP01-DEL01-SP"
526431;2023-05-31;"quarta-feira";"07:00:00";"MT";163;845;"SINOP";"Acessar a via sem observar a presença dos outros veículos";"Saída de leito carroçável";"Com Vítimas Feridas";"Pleno dia";"Decrescente";"Céu Claro";"Simples";"Reta";"Não";4;0;1;0;3;0;1;1;-11,89877541;-55,50500735;"SPRF-MT";"DEL06-MT";"UOP02-DEL06-MT"
526433;2023-05-31;"quarta-feira";"08:45:00";"SP";116;155;"SAO JOSE DOS CAMPOS";"Condutor deixou de manter distância do veículo da frente";"Engavetamento";"Com Vítimas Feridas";"Pleno dia";"Decrescente";"Chuva";"Múltipla";"Reta";"Sim";4;0;1;0;3;0;1;3;-23,24524337;-45,92772774;"SPRF-SP";"DEL02-SP";"UOP01-DEL02-SP"
526434;2023-05-31;"quarta-feira";"09:45:00";"SP";116;216;"GUARULHOS";"Reação tardia ou ineficiente do condutor";"Colisão lateral mesmo sentido";"Com Vítimas Feridas";"Pleno dia";"Crescente";"Garoa/Chuvisco";"Simples";"Reta;Aclive";"Não";2;0;2;0;0;0;2;2;-23,45056589;-46,46258105;"SPRF-SP";"DEL01-SP";"UOP01-DEL01-SP"
526435;2023-02-27;"segunda-feira";"19:40:00";"SC";101;116;"ITAJAI";"Acumulo de areia ou detritos sobre o pavimento";"Colisão com objeto";"Com Vítimas Feridas";"Plena Noite";"Crescente";"Céu Claro";"Dupla";"Reta";"Sim";1;0;0;1;0;0;1;1;-26,87905605;-48,72603512;"SPRF-SC";"DEL04-SC";"UOP04-DEL04-SC"
526436;2023-05-31;"quarta-feira";"08:00:00";"PR";376;673;"GUARATUBA";"Reação tardia ou ineficiente do condutor";"Colisão com objeto";"Com Vítimas Feridas";"Pleno dia";"Crescente";"Chuva";"Dupla";"Reta;Declive";"Não";1;0;0;1;0;0;1;1;-25,90092097;-48,92572096;"SPRF-PR";"DEL01-PR";"UOP04-DEL01-PR"
526437;2023-05-31;"quarta-feira";"09:40:00";"ES";101;270;"SERRA";"Ausência de reação do condutor";"Colisão traseira";"Com Vítimas Feridas";"Pleno dia";"Crescente";"Nublado";"Simples";"Reta";"Sim";2;0;1;0;1;0;1;2;-20,22662056;-40,27075088;"SPRF-ES";"DEL02-ES";"UOP01-DEL02-ES"
526438;2023-05-31;"quarta-feira";"10:00:00";"PE";101;73,5;"RECIFE";"Ausência de reação do condutor";"Colisão transversal";"Com Vítimas Feridas";"Pleno dia";"Crescente";"Nublado";"Dupla";"Reta;Retorno Regulamentado";"Não";3;0;1;0;2;0;1;2;-8,093369;-34,947464;"SPRF-PE";"DEL01-PE";"UOP01-DEL01-PE"
526442;2023-05-31;"quarta-feira";"08:00:00";"TO";10;460;"PALMAS";"Ingestão de álcool pelo condutor";"Colisão traseira";"Com Vítimas Feridas";"Pleno dia";"Crescente";"Sol";"Múltipla";"Reta";"Não";2;0;2;0;0;0;2;2;-10,26887837;-48,30636978;"SPRF-TO";"DEL01-TO";"UOP03-DEL01-TO"
526444;2023-05-31;"quarta-feira";"09:30:00";"PR";369;188;"ARAPONGAS";"Ausência de reação do condutor";"Colisão traseira";"Com Vítimas Feridas";"Pleno dia";"Crescente";"Sol";"Simples";"Reta";"Sim";2;0;1;0;1;0;1;2;-23,4324;-51,4225;"SPRF-PR";"DEL07-PR";"UOP03-DEL07-PR"
526446;2023-05-31;"quarta-feira";"11:10:00";"SP";153;72,8;"SAO JOSE DO RIO PRETO";"Manobra de mudança de faixa";"Saída de leito carroçável";"Com Vítimas Feridas";"Pleno dia";"Crescente";"Céu Claro";"Dupla";"Reta;Aclive";"Sim";3;0;1;0;1;1;1;2;-20,86715501;-49,41334398;"SPRF-SP";"DEL09-SP";"UOP01-DEL09-SP"
526447;2023-05-31;"quarta-feira";"10:30:00";"MG";381;724;"CARMO DA CACHOEIRA";"Velocidade Incompatível";"Capotamento";"Com Vítimas Feridas";"Pleno dia";"Decrescente";"Garoa/Chuvisco";"Dupla";"Declive;Curva";"Sim";1;0;1;0;0;0;1;1;-21,49216998;-45,21046112;"SPRF-MG";"DEL04-MG";"UOP02-DEL04-MG"
526450;2023-05-31;"quarta-feira";"09:30:00";"MG";381;688,1;"LAVRAS";"Velocidade Incompatível";"Colisão com objeto";"Com Vítimas Feridas";"Pleno dia";"Decrescente";"Chuva";"Dupla";"Curva;Declive";"Não";3;0;3;0;0;0;3;1;-21,21737985;-45,1265452;"SPRF-MG";"DEL04-MG";"UOP02-DEL04-MG"
526451;2023-05-31;"quarta-feira";"11:00:00";"MG";381;732,5;"CARMO DA CACHOEIRA";"Velocidade Incompatível";"Saída de leito carroçável";"Com Vítimas Feridas";"Pleno dia";"Decrescente";"Chuva";"Dupla";"Curva";"Não";1;0;1;0;0;0;1;1;-21,57173297;-45,24325979;"SPRF-MG";"DEL16-MG";"UOP02-DEL16-MG"
526452;2023-05-31;"quarta-feira";"11:20:00";"BA";116;346,6;"SERRINHA";"Acesso irregular";"Colisão transversal";"Com Vítimas Fatais";"Pleno dia";"Crescente";"Sol";"Simples";"Reta";"Sim";5;1;0;3;1;0;3;2;-11,55563704;-38,9898143;"SPRF-BA";"DEL02-BA";"UOP01-DEL02-BA"
526455;2023-05-31;"quarta-feira";"11:25:00";"RN";101;103;"PARNAMIRIM";"Estacionar ou parar em local proibido";"Colisão traseira";"Com Vítimas Feridas";"Pleno dia";"Decrescente";"Sol";"Múltipla";"Reta";"Sim";2;0;1;0;0;1;1;2;-5,89034022;-35,24894996;"SPRF-RN";"DEL01-RN";"UOP01-DEL01-RN"
526459;2023-05-31;"quarta-feira";"11:45:00";"CE";304;50;"ARACATI";"Acessar a via sem observar a presença dos outros veículos";"Colisão transversal";"Com Vítimas Feridas";"Pleno dia";"Decrescente";"Céu Claro";"Simples";"Reta";"Não";2;0;1;0;1;0;1;2;-4,57352926;-37,76245988;"SPRF-CE";"DEL03-CE";"UOP03-DEL03-CE"
526460;2023-05-31;"quarta-feira";"12:10:00";"MG";116;278;"TEOFILO OTONI";"Reação tardia ou ineficiente do condutor";"Tombamento";"Com Vítimas Feridas";"Pleno dia";"Decrescente";"Céu Claro";"Simples";"Declive;Reta;Rotatória";"Sim";1;0;1;0;0;0;1;1;-17,86846089;-41,5171394;"SPRF-MG";"DEL11-MG";"UOP01-DEL11-MG"
526462;2023-05-31;"quarta-feira";"13:00:00";"SC";101;236,3;"PALHOCA";"Condutor Dormindo";"Saída de leito carroçável";"Com Vítimas Feridas";"Pleno dia";"Crescente";"Céu Claro";"Dupla";"Reta";"Não";1;0;1;0;0;0;1;1;-27,82629382;-48,63034842;"SPRF-SC";"DEL01-SC";"UOP02-DEL01-SC"
526463;2023-02-28;"terça-feira";"19:50:00";"PR";376;180;"MARINGA";"Pista esburacada";"Queda de ocupante de veículo";"Com Vítimas Feridas";"Plena Noite";"Decrescente";"Chuva";"Múltipla";"Reta";"Sim";1;0;1;0;0;0;1;1;-23,42725352;-51,89512271;"SPRF-PR";"DEL09-PR";"UOP01-DEL09-PR"
526466;2023-05-31;"quarta-feira";"12:35:00";"PB";230;14,5;"CABEDELO";"Reação tardia ou ineficiente do condutor";"Tombamento";"Com Vítimas Feridas";"Pleno dia";"Crescente";"Sol";"Dupla";"Reta";"Sim";1;0;0;1;0;0;1;1;-7,0844;-34,8488;"SPRF-PB";"DEL01-PB";"UOP01-DEL01-PB"