"id";"data_inversa";"dia_semana";"horario";"uf";"br";"km";"municipio";"causa_acidente";"tipo_acidente";"classificacao_acidente";"fase_dia";"sentido_via";"condicao_metereologica";"tipo_pista";"tracado_via";"uso_solo";"pessoas";"mortos";"feridos_leves";"feridos_graves";"ilesos";"ignorados";"feridos";"veiculos";"latitude";"longitude";"regional";"delegacia";"uop"
526468;2023-05-31;"quarta-feira";"13:10:00";"RS";116;142;"CAXIAS DO SUL";"Condutor desrespeitou a iluminação vermelha do semáforo";"Colisão transversal";"Com Vítimas Feridas";"Pleno dia";"Decrescente";"Céu Claro";"Dupla";"Interseção de Vias;Reta";"Não";3;0;2;0;1;0;2;2;-29,11727;-51,115208;"SPRF-RS";"DEL05-RS";"UOP01-DEL05-RS"
526469;2023-05-04;"quinta-feira";"23:45:00";"RJ";101;307,8;"SAO GONCALO";"Ausência de reação do condutor";"Colisão traseira";"Sem Vítimas";"Plena Noite";"Decrescente";"Céu Claro";"Dupla";"Reta";"Não";1;0;0;0;1;0;0;1;-22,79115777;-43,01514205;"SPRF-RJ";"DEL02-RJ";"UOP02-DEL02-RJ"
526470;2023-05-31;"quarta-feira";"12:20:00";"RJ";101;442;"MANGARATIBA";"Chuva";"Tombamento";"Com Vítimas Feridas";"Pleno dia";"Decrescente";"Chuva";"Simples";"Curva";"Não";1;0;1;0;0;0;1;1;-22,973969;-44,087093;"SPRF-RJ";"DEL03-RJ";"UOP02-DEL03-RJ"
526472;2023-05-31;"quarta-feira";"10:30:00";"MG";116;441,9;"ENGENHEIRO CALDAS";"Ausência de reação do condutor";"Saída de leito carroçável";"Com Vítimas Feridas";"Pleno dia";"Crescente";"Céu Claro";"Simples";"Curva";"Não";2;0;1;1;0;0;2;1;-19,08580445;-41,99764252;"SPRF-MG";"DEL06-MG";"UOP01-DEL06-MG"
526473;2023-05-21;"domingo";"15:30:00";"SC";470;35,6;"GASPAR";"Trafegar com motocicleta (ou similar) entre as faixas";"Colisão lateral mesmo sentido";"Com Vítimas Feridas";"Pleno dia";"Decrescente";"Céu Claro";"Simples";"Desvio Temporário;Em Obras";"Não";3;0;1;0;2;0;1;2;-26,91407912;-48,96801895;"SPRF-SC";"DEL04-SC";"UOP01-DEL04-SC"
526480;2023-05-31;"quarta-feira";"13:40:00";"MG";50;117;"UBERABA";"Reação tardia ou ineficiente do condutor";"Saída de leito carroçável";"Com Vítimas Feridas";"Pleno dia";"Crescente";"Nublado";"Dupla";"Curva";"Não";1;0;1;0;0;0;1;1;-19,28290502;-48,12107706;"SPRF-MG";"DEL13-MG";"UOP01-DEL13-MG"
526482;2023-05-31;"quarta-feira";"10:00:00";"RJ";101;329;"RIO DE JANEIRO";"Falta de acostamento";"Colisão traseira";"Com Vítimas Feridas";"Pleno dia";"Crescente";"Céu Claro";"Dupla";"Reta";"Não";3;0;1;0;2;0;1;2;-22,86939305;-43,175642;"SPRF-RJ";"DEL02-RJ";"UOP01-DEL02-RJ"
526483;2023-05-31;"quarta-feira";"08:10:00";"MT";163;844;"SINOP";"Reação tardia ou ineficiente do condutor";"Saída de leito carroçável";"Com Vítimas Feridas";"Pleno dia";"Decrescente";"Céu Claro";"Simples";"Reta";"Sim";1;0;1;0;0;0;1;1;-11,78350331;-55,4750433;"SPRF-MT";"DEL06-MT";"UOP02-DEL06-MT"
526485;2023-05-31;"quarta-feira";"14:00:00";"MT";70;0;"BARRA DO GARCAS";"Condutor deixou de manter distância do veículo da frente";"Colisão traseira";"Com Vítimas Feridas";"Pleno dia";"Decrescente";"Céu Claro";"Simples";"Ponte;Reta";"Sim";2;0;1;0;1;0;1;2;-15,893;-52,2599;"SPRF-MT";"DEL05-MT";"UOP02-DEL05-MT"
526489;2023-05-31;"quarta-feira";"12:50:00";"SC";101;131;"BALNEARIO CAMBORIU";"Transitar na contramão";"Colisão lateral sentido oposto";"Sem Vítimas";"Pleno dia";"Crescente";"Céu Claro";"Simples";"Curva";"Sim";2;0;0;0;1;1;0;2;-26,99064209;-48,66310912;"SPRF-SC";"DEL04-SC";"UOP03-DEL04-SC"
526490;2023-05-31;"quarta-feira";"12:55:00";"RS";386;219,6;"TIO HUGO";"Avarias e/ou desgaste excessivo no pneu";"Eventos atípicos";"Com Vítimas Feridas";"Pleno dia";"Crescente";"Sol";"Simples";"Reta";"Não";2;0;2;0;0;0;2;1;-28,610207;-52,607746;"SPRF-RS";"DEL04-RS";"UOP03-DEL04-RS"
526492;2023-05-31;"quarta-feira";"08:00:00";"CE";116;2;"FORTALEZA";"Manobra de mudança de faixa";"Tombamento";"Com Vítimas Feridas";"Pleno dia";"Decrescente";"Céu Claro";"Múltipla";"Reta";"Sim";1;0;1;0;0;0;1;1;-3,77019802;-38,51724508;"SPRF-CE";"DEL01-CE";"UOP02-DEL01-CE"
526494;2023-05-31;"quarta-feira";"15:30:00";"PE";232;4;"RECIFE";"Reação tardia ou ineficiente do condutor";"Colisão com objeto";"Com Vítimas Feridas";"Pleno dia";"Crescente";"Céu Claro";"Dupla";"Viaduto";"Sim";2;0;1;0;1;0;1;1;-8,064473;-34,936928;"SPRF-PE";"DEL01-PE";"UOP01-DEL01-PE"
526495;2023-05-31;"quarta-feira";"13:08:00";"DF";40;6;"BRASILIA";"Reação tardia ou ineficiente do condutor";"Colisão lateral sentido oposto";"Com Vítimas Feridas";"Pleno dia";"Decrescente";"Céu Claro";"Dupla";"Reta";"Não";3;0;1;0;0;2;1;3;-16,03795031;-47,97929417;"SPRF-DF";"DEL01-DF";"UOP01-DEL01-DF"
526496;2023-05-31;"quarta-feira";"15:30:00";"RN";101;94,3;"NATAL";"Área urbana sem a presença de local apropriado para a travessia de pedestres";"Atropelamento de Pedestre";"Com Vítimas Feridas";"Pleno dia";"Crescente";"Céu Claro";"Dupla";"Viaduto;Reta;Retorno Regulamentado";"Sim";2;0;0;1;1;0;1;2;-5,83176615;-35,21191342;"SPRF-RN";"DEL01-RN";"UOP01-DEL01-RN"
526497;2023-05-31;"quarta-feira";"14:30:00";"MG";153;211;"FRUTAL";"Ingestão de álcool pelo condutor";"Colisão traseira";"Sem Vítimas";"Pleno dia";"Crescente";"Céu Claro";"Simples";"Reta";"Não";2;0;0;0;2;0;0;2;-20,030722;-49,048563;"SPRF-MG";"DEL13-MG";"UOP02-DEL13-MG"
526498;2023-05-31;"quarta-feira";"15:10:00";"SP";381;59;"MAIRIPORA";"Velocidade Incompatível";"Colisão com objeto";"Com Vítimas Feridas";"Pleno dia";"Decrescente";"Garoa/Chuvisco";"Dupla";"Curva;Aclive";"Sim";1;0;1;0;0;0;1;1;-23,28270705;-46,58787791;"SPRF-SP";"DEL03-SP";"UOP01-DEL03-SP"
526499;2023-05-31;"quarta-feira";"08:50:00";"MG";116;480,5;"DOM CAVATI";"Ausência de reação do condutor";"Colisão traseira";"Com Vítimas Feridas";"Pleno dia";"Decrescente";"Céu Claro";"Simples";"Reta";"Não";4;0;2;0;2;0;2;2;-19,39396202;-42,11351393;"SPRF-MG";"DEL06-MG";"UOP02-DEL06-MG"
526503;2023-05-31;"quarta-feira";"15:50:00";"MG";381;611,5;"OLIVEIRA";"Ausência de reação do condutor";"Saída de leito carroçável";"Sem Vítimas";"Pleno dia";"Crescente";"Chuva";"Dupla";"Reta";"Não";1;0;0;0;1;0;0;1;-20,69031643;-44,74352717;"SPRF-MG";"DEL04-MG";"UOP01-DEL04-MG"
526504;2023-05-31;"quarta-feira";"16:30:00";"MG";381;627,3;"OLIVEIRA";"Velocidade Incompatível";"Saída de leito carroçável";"Com Vítimas Feridas";"Pleno dia";"Decrescente";"Chuva";"Dupla";"Curva;Declive";"Não";1;0;1;0;0;0;1;1;-20,816924;-44,793667;"SPRF-MG";"DEL04-MG";"UOP01-DEL04-MG"
526508;2023-05-31;"quarta-feira";"14:20:00";"RJ";116;130;"MAGE";"Velocidade Incompatível";"Saída de leito carroçável";"Com Vítimas Feridas";"Pleno dia";"Decrescente";"Chuva";"Dupla";"Curva";"Não";2;0;2;0;0;0;2;1;-22,65949914;-43,11671944;"SPRF-RJ";"DEL04-RJ";"UOP02-DEL04-RJ"
526509;2023-05-31;"quarta-feira";"16:10:00";"RJ";101;261;"RIO BONITO";"Pista Escorregadia";"Saída de leito carroçável";"Sem Vítimas";"Pleno dia";"Crescente";"Chuva";"Dupla";"Curva;Declive";"Sim";1;0;0;0;1;0;0;1;-22,71139378;-42,61157199;"SPRF-RJ";"DEL02-RJ";"UOP03-DEL02-RJ"
526511;2023-05-31;"quarta-feira";"16:40:00";"PE";407;126,3;"PETROLINA";"Manobra de mudança de faixa";"Tombamento";"Com Vítimas Feridas";"Pleno dia";"Decrescente";"Céu Claro";"Dupla";"Rotatória";"Sim";1;0;0;1;0;0;1;1;-9,38809683;-40,52547455;"SPRF-PE";"DEL06-PE";"UOP01-DEL06-PE"
526512;2023-05-31;"quarta-feira";"17:20:00";"ES";101;70;"SAO MATEUS";"Acesso irregular";"Colisão lateral mesmo sentido";"Com Vítimas Feridas";"Anoitecer";"Crescente";"Céu Claro";"Simples";"Aclive;Reta";"Não";3;0;1;1;0;1;2;2;-18,74453703;-39,86164665;"SPRF-ES";"DEL04-ES";"UOP02-DEL04-ES"
526514;2023-05-31;"quarta-feira";"17:05:00";"SP";381;71,5;"MAIRIPORA";"Velocidade Incompatível";"Colisão com objeto";"Sem Vítimas";"Anoitecer";"Crescente";"Chuva";"Dupla";"Curva;Aclive";"Não";1;0;0;0;1;0;0;1;-23,35047979;-46,55267274;"SPRF-SP";"DEL03-SP";"UOP01-DEL03-SP"
526516;2023-05-31;"quarta-feira";"17:30:00";"SP";116;148,3;"SAO JOSE DOS CAMPOS";"Avarias e/ou desgaste excessivo no pneu";"Engavetamento";"Com Vítimas Feridas";"Anoitecer";"Decrescente";"Chuva";"Múltipla";"Reta";"Sim";8;0;1;0;7;0;1;3;-23,20067421;-45,8795018;"SPRF-SP";"DEL02-SP";"UOP01-DEL02-SP"
526517;2023-05-31;"quarta-feira";"18:15:00";"PR";369;144,5;"LONDRINA";"Ingestão de álcool pelo condutor";"Colisão frontal";"Com Vítimas Feridas";"Plena Noite";"Crescente";"Céu Claro";"Dupla";"Declive";"Não";3;0;0;1;1;1;1;3;-23,293312;-51,10826;"SPRF-PR";"DEL07-PR";"UOP01-DEL07-PR"
526518;2023-05-31;"quarta-feira";"17:10:00";"MG";116;701,1;"MURIAE";"Acessar a via sem observar a presença dos outros veículos";"Colisão transversal";"Com Vítimas Feridas";"Pleno dia";"Decrescente";"Céu Claro";"Simples";"Interseção de Vias";"Sim";2;0;1;0;1;0;1;2;-21,11084891;-42,3806104;"SPRF-MG";"DEL07-MG";"UOP02-DEL07-MG"
526519;2023-05-31;"quarta-feira";"17:30:00";"MG";381;510,7;"IGARAPE";"Pista esburacada";"Tombamento";"Com Vítimas Feridas";"Anoitecer";"Crescente";"Garoa/Chuvisco";"Múltipla";"Declive;Reta";"Sim";1;0;1;0;0;0;1;1;-20,07738209;-44,30434488;"SPRF-MG";"DEL04-MG";"UOP03-DEL04-MG"
526520;2023-05-31;"quarta-feira";"18:09:00";"MG";381;627,3;"OLIVEIRA";"Ausência de reação do condutor";"Colisão traseira";"Com Vítimas Feridas";"Anoitecer";"Decrescente";"Chuva";"Dupla";"Curva;Declive";"Não";3;0;2;0;1;0;2;2;-20,816924;-44,793667;"SPRF-MG";"DEL04-MG";"UOP01-DEL04-MG"
526521;2023-05-31;"quarta-feira";"18:20:00";"SP";116;106;"TAUBATE";"Ausência de reação do condutor";"Engavetamento";"Com Vítimas Feridas";"Plena Noite";"Crescente";"Céu Claro";"Dupla";"Reta";"Sim";6;0;3;0;3;0;3;3;-23,01250593;-45,52256005;"SPRF-SP";"DEL02-SP";"UOP02-DEL02-SP"
526522;2023-05-31;"quarta-feira";"18:40:00";"TO";230;4;"AGUIARNOPOLIS";"Deficiência do Sistema de Iluminação/Sinalização";"Colisão traseira";"Com Vítimas Feridas";"Plena Noite";"Decrescente";"Céu Claro";"Simples";"Reta";"Sim";3;0;1;0;2;0;1;3;-6,5421615;-47,485416;"SPRF-TO";"DEL02-TO";"UOP03-DEL02-TO"
526523;2023-05-31;"quarta-feira";"17:20:00";"MS";163;425,4;"CAMPO GRANDE";"Demais falhas mecânicas ou elétricas";"Incêndio";"Sem Vítimas";"Anoitecer";"Decrescente";"Nublado";"Simples";"Reta";"Não";1;0;0;0;1;0;0;1;-20,94618198;-54,50086918;"SPRF-MS";"DEL01-MS";"UOP01-DEL01-MS"
526526;2023-05-31;"quarta-feira";"18:40:00";"PR";476;154;"ARAUCARIA";"Pedestre cruzava a pista fora da faixa";"Atropelamento de Pedestre";"Com Vítimas Feridas";"Plena Noite";"Crescente";"Céu Claro";"Múltipla";"Reta";"Sim";2;0;1;0;1;0;1;2;-25,584223;-49,401379;"SPRF-PR";"DEL01-PR";"UOP06-DEL01-PR"
526530;2023-05-31;"quarta-feira";"18:35:00";"RS";101;2,8;"TORRES";"Ausência de reação do condutor";"Tombamento";"Com Vítimas Feridas";"Plena Noite";"Crescente";"Céu Claro";"Dupla";"Reta";"Sim";2;0;1;0;1;0;1;2;-29,316784;-49,774467;"SPRF-RS";"DEL03-RS";"UOP02-DEL03-RS"
526531;2023-05-31;"quarta-feira";"17:05:00";"MG";381;937,6;"ITAPEVA";"Velocidade Incompatível";"Capotamento";"Sem Vítimas";"Anoitecer";"Crescente";"Chuva";"Dupla";"Curva";"Sim";1;0;0;0;1;0;0;1;-22,7687093;-46,2101029;"SPRF-MG";"DEL16-MG";"UOP03-DEL16-MG"
526532;2023-05-31;"quarta-feira";"17:51:00";"CE";222;1,6;"CAUCAIA";"Pedestre cruzava a pista fora da faixa";"Atropelamento de Pedestre";"Com Vítimas Feridas";"Plena Noite";"Decrescente";"Céu Claro";"Múltipla";"Reta";"Sim";3;0;0;2;1;0;2;2;-3,737804;-38,578061;"SPRF-CE";"DEL01-CE";"UOP01-DEL01-CE"
526533;2023-05-31;"quarta-feira";"19:00:00";"RS";116;245;"SAO LEOPOLDO";"Trafegar com motocicleta (ou similar) entre as faixas";"Colisão lateral mesmo sentido";"Com Vítimas Feridas";"Plena Noite";"Crescente";"Céu Claro";"Dupla";"Reta";"Sim";2;0;1;0;1;0;1;2;-29,74683298;-51,15117431;"SPRF-RS";"DEL01-RS";"UOP02-DEL01-RS"
526535;2023-05-31;"quarta-feira";"19:20:00";"PE";232;127;"CARUARU";"Avarias e/ou desgaste excessivo no pneu";"Queda de ocupante de veículo";"Com Vítimas Feridas";"Plena Noite";"Crescente";"Chuva";"Dupla";"Aclive";"Sim";2;0;1;0;1;0;1;1;-8,30610303;-35,96342301;"SPRF-PE";"DEL02-PE";"UOP01-DEL02-PE"
526536;2023-05-31;"quarta-feira";"17:08:00";"PB";230;43;"SANTA RITA";"Demais falhas mecânicas ou elétricas";"Incêndio";"Sem Vítimas";"Anoitecer";"Decrescente";"Céu Claro";"Dupla";"Reta";"Não";1;0;0;0;0;1;0;1;-7,1479;-35,0029;"SPRF-PB";"DEL01-PB";"UOP03-DEL01-PB"
526537;2023-05-31;"quarta-feira";"18:30:00";"MG";354;732,4;"POUSO ALTO";"Reação tardia ou ineficiente do condutor";"Saída de leito carroçável";"Com Vítimas Feridas";"Plena Noite";"Decrescente";"Chuva";"Simples";"Curva";"Não";1;0;1;0;0;0;1;1;-22,17502858;-44,97005105;"SPRF-MG";"DEL17-MG";"UOP01-DEL17-MG"
526538;2023-05-31;"quarta-feira";"18:20:00";"MG";365;604;"UBERLANDIA";"Ausência de reação do condutor";"Saída de leito carroçável";"Com Vítimas Feridas";"Plena Noite";"Crescente";"Céu Claro";"Simples";"Curva";"Não";1;0;1;0;0;0;1;1;-18,89350714;-48,13697219;"SPRF-MG";"DEL15-MG";"UOP01-DEL15-MG"
526540;2023-05-31;"quarta-feira";"17:30:00";"RS";285;590;"BOSSOROCA";"Condutor deixou de manter distância do veículo da frente";"Colisão traseira";"Com Vítimas Feridas";"Pleno dia";"Crescente";"Sol";"Simples";"Reta;Declive";"Não";3;0;1;0;2;0;1;2;-28,477087;-55,183197;"SPRF-RS";"DEL12-RS";"UOP01-DEL12-RS"
526541;2023-05-31;"quarta-feira";"20:10:00";"PR";277;394,8;"CANDOI";"Condutor deixou de manter distância do veículo da frente";"Colisão traseira";"Sem Vítimas";"Plena Noite";"Crescente";"Nublado";"Simples";"Curva;Aclive";"Não";4;0;0;0;4;0;0;2;-25,44444496;-51,868045;"SPRF-PR";"DEL08-PR";"UOP01-DEL08-PR"
526542;2023-05-31;"quarta-feira";"21:10:00";"SE";235;99;"CARIRA";"Velocidade Incompatível";"Colisão frontal";"Com Vítimas Feridas";"Plena Noite";"Crescente";"Céu Claro";"Simples";"Reta";"Não";2;0;1;0;1;0;1;2;-10,428057;-37,676685;"SPRF-SE";"DEL01-SE";"UOP02-DEL01-SE"
526545;2023-05-31;"quarta-feira";"11:30:00";"PI";343;26,5;"PARNAIBA";"Mal súbito do condutor";"Colisão com objeto";"Com Vítimas Feridas";"Pleno dia";"Crescente";"Sol";"Simples";"Reta";"Sim";1;0;1;0;0;0;1;1;-3,034567;-41,77211;"SPRF-PI";"DEL05-PI";"UOP01-DEL05-PI"
526546;2023-05-31;"quarta-feira";"20:45:00";"SP";101;48;"UBATUBA";"Conversão proibida";"Tombamento";"Com Vítimas Feridas";"Plena Noite";"Crescente";"Chuva";"Simples";"Reta";"Sim";3;0;1;0;2;0;1;2;-23,43451228;-45,0863797;"SPRF-SP";"DEL06-SP";"UOP01-DEL06-SP"
526548;2023-05-31;"quarta-feira";"20:50:00";"CE";222;4,8;"CAUCAIA";"Manobra de mudança de faixa";"Colisão lateral mesmo sentido";"Com Vítimas Feridas";"Plena Noite";"Crescente";"Céu Claro";"Múltipla";"Reta";"Sim";2;0;1;0;1;0;1;2;-3,74164754;-38,60449792;"SPRF-CE";"DEL01-CE";"UOP01-DEL01-CE"
526550;2023-05-31;"quarta-feira";"18:50:00";"RJ";101;506;"ANGRA DOS REIS";"Ultrapassagem Indevida";"Colisão frontal";"Com Vítimas Feridas";"Plena Noite";"Decrescente";"Garoa/Chuvisco";"Simples";"Reta";"Sim";3;0;3;0;0;0;3;2;-22,93493041;-44,40487313;"SPRF-RJ";"DEL03-RJ";"UOP03-DEL03-RJ"
526552;2023-05-31;"quarta-feira";"17:50:00";"MA";10;248;"IMPERATRIZ";"Acessar a via sem observar a presença dos outros veículos";"Colisão lateral mesmo sentido";"Com Vítimas Fatais";"Plena Noite";"Crescente";"Céu Claro";"Múltipla";"Reta;Em Obras";"Sim";2;1;1;0;0;0;1;2;-5,566143;-47,449028;"SPRF-MA";"DEL04-MA";"UOP01-DEL04-MA"
526554;2023-05-31;"quarta-feira";"19:20:00";"MG";40;43;"PARACATU";"Acessar a via sem observar a presença dos outros veículos";"Colisão transversal";"Sem Vítimas";"Plena Noite";"Decrescente";"Chuva";"Simples";"Reta";"Sim";2;0;0;0;2;0;0;2;-17,22598002;-46,86163701;"SPRF-MG";"DEL14-MG";"UOP01-DEL14-MG"
526555;2023-05-31;"quarta-feira";"09:00:00";"MG";116;203,6;"CARAI";"Transitar na contramão";"Colisão frontal";"Com Vítimas Feridas";"Pleno dia";"Crescente";"Nublado";"Simples";"Reta";"Não";4;0;0;1;3;0;1;2;-17,267769;-41,50972801;"SPRF-MG";"DEL11-MG";"UOP01-DEL11-MG"
526556;2023-05-31;"quarta-feira";"20:00:00";"SP";381;86;"SAO PAULO";"Pedestre cruzava a pista fora da faixa";"Atropelamento de Pedestre";"Com Vítimas Fatais";"Plena Noite";"Crescente";"Céu Claro";"Múltipla";"Curva";"Sim";2;1;0;0;1;0;0;2;-23,45930499;-46,57161179;"SPRF-SP";"DEL03-SP";"UOP01-DEL03-SP"
526557;2023-05-31;"quarta-feira";"21:00:00";"RO";319;52;"PORTO VELHO";"Reação tardia ou ineficiente do condutor";"Colisão lateral sentido oposto";"Com Vítimas Feridas";"Plena Noite";"Decrescente";"Céu Claro";"Simples";"Reta";"Não";2;0;1;1;0;0;2;2;-8,7344222;-63,96451012;"SPRF-RO";"DEL01-RO";"UOP01-DEL01-RO"
526558;2023-05-31;"quarta-feira";"23:00:00";"SC";101;193;"BIGUACU";"Acessar a via sem observar a presença dos outros veículos";"Colisão lateral mesmo sentido";"Com Vítimas Feridas";"Plena Noite";"Crescente";"Céu Claro";"Simples";"Curva";"Sim";3;0;1;0;2;0;1;2;-27,489574;-48,655914;"SPRF-SC";"DEL01-SC";"UOP01-DEL01-SC"
526559;2023-05-31;"quarta-feira";"22:40:00";"MG";262;368;"JUATUBA";"Condutor deixou de manter distância do veículo da frente";"Colisão traseira";"Com Vítimas Feridas";"Plena Noite";"Crescente";"Ignorado";"Simples";"Reta";"Sim";5;0;2;0;3;0;2;2;-19,97239513;-44,28042402;"SPRF-MG";"DEL01-MG";"UOP03-DEL01-MG"
526560;2023-05-31;"quarta-feira";"18:20:00";"MT";174;101;"CACERES";"Pista esburacada";"Tombamento";"Com Vítimas Feridas";"Anoitecer";"Crescente";"Nublado";"Simples";"Declive;Reta";"Não";3;0;2;0;1;0;2;2;-15,838;-57,876;"SPRF-MT";"DEL03-MT";"UOP01-DEL03-MT"
526561;2023-05-31;"quarta-feira";"23:50:00";"SP";116;134;"CACAPAVA";"Demais falhas mecânicas ou elétricas";"Incêndio";"Sem Vítimas";"Plena Noite";"Crescente";"Garoa/Chuvisco";"Dupla";"Reta";"Não";1;0;0;0;1;0;0;1;-23,1402216;-45,7617252;"SPRF-SP";"DEL02-SP";"UOP02-DEL02-SP"
526563;2023-05-31;"quarta-feira";"22:40:00";"RJ";40;59;"PETROPOLIS";"Pista Escorregadia";"Queda de ocupante de veículo";"Com Vítimas Feridas";"Plena Noite";"Decrescente";"Garoa/Chuvisco";"Simples";"Curva";"Não";1;0;1;0;0;0;1;1;-22,38628773;-43,13543464;"SPRF-RJ";"DEL05-RJ";"UOP02-DEL05-RJ"
526564;2023-06-01;"quinta-feira";"00:07:00";"TO";153;572;"SANTA RITA DO TOCANTINS";"Demais falhas mecânicas ou elétricas";"Colisão com objeto";"Com Vítimas Feridas";"Plena Noite";"Crescente";"Céu Claro";"Simples";"Reta;Ponte";"Não";1;0;1;0;0;0;1;1;-10,846432;-48,90467998;"SPRF-TO";"DEL01-TO";"UOP01-DEL01-TO"
526565;2023-05-31;"quarta-feira";"23:00:00";"PR";376;616;"SAO JOSE DOS PINHAIS";"Ausência de reação do condutor";"Queda de ocupante de veículo";"Com Vítimas Feridas";"Plena Noite";"Crescente";"Céu Claro";"Dupla";"Aclive;Curva";"Não";1;0;1;0;0;0;1;1;-25,57583659;-49,17953679;"SPRF-PR";"DEL01-PR";"UOP04-DEL01-PR"
526567;2023-05-31;"quarta-feira";"19:25:00";"RS";116;147;"CAXIAS DO SUL";"Reação tardia ou ineficiente do condutor";"Colisão com objeto";"Com Vítimas Feridas";"Plena Noite";"Crescente";"Céu Claro";"Dupla";"Reta";"Sim";2;0;1;0;0;1;1;1;-29,14908014;-51,1429969;"SPRF-RS";"DEL05-RS";"UOP01-DEL05-RS"
526568;2023-05-31;"quarta-feira";"23:15:00";"SC";282;285,8;"SAO JOSE DO CERRITO";"Transitar na contramão";"Colisão frontal";"Com Vítimas Feridas";"Plena Noite";"Crescente";"Céu Claro";"Simples";"Reta";"Não";3;0;2;1;0;0;3;2;-27,574823;-50,801476;"SPRF-SC";"DEL05-SC";"UOP02-DEL05-SC"
526573;2023-06-01;"quinta-feira";"04:30:00";"RJ";40;77;"PETROPOLIS";"Reação tardia ou ineficiente do condutor";"Saída de leito carroçável";"Sem Vítimas";"Plena Noite";"Crescente";"Chuva";"Simples";"Curva";"Não";2;0;0;0;2;0;0;1;-22,48005592;-43,23543994;"SPRF-RJ";"DEL06-RJ";"UOP01-DEL06-RJ"
526574;2023-06-01;"quinta-feira";"04:10:00";"PE";423;28,7;"SAO CAITANO";"Ingestão de álcool pelo condutor";"Saída de leito carroçável";"Com Vítimas Feridas";"Plena Noite";"Crescente";"Garoa/Chuvisco";"Simples";"Reta";"Não";2;0;2;0;0;0;2;1;-8,40340208;-36,18507786;"SPRF-PE";"DEL03-PE";"UOP02-DEL03-PE"
526577;2023-05-31;"quarta-feira";"22:00:00";"RJ";493;1;"ITABORAI";"Ausência de sinalização";"Colisão com objeto";"Com Vítimas Feridas";"Plena Noite";"Crescente";"Garoa/Chuvisco";"Dupla";"Reta";"Sim";3;0;3;0;0;0;3;1;-22,76398788;-42,92731895;"SPRF-RJ";"DEL02-RJ";"UOP02-DEL02-RJ"
526582;2023-06-01;"quinta-feira";"06:40:00";"SC";101;203;"SAO JOSE";"Ausência de reação do condutor";"Capotamento";"Com Vítimas Feridas";"Pleno dia";"Decrescente";"Céu Claro";"Múltipla";"Reta";"Não";4;0;2;0;2;0;2;1;-27,5650044;-48,61460082;"SPRF-SC";"DEL01-SC";"UOP01-DEL01-SC"
526584;2023-03-14;"terça-feira";"15:10:00";"SC";282;382;"HERVAL DOESTE";"Acessar a via sem observar a presença dos outros veículos";"Colisão transversal";"Com Vítimas Feridas";"Pleno dia";"Crescente";"Sol";"Simples";"Reta;Declive";"Não";2;0;1;0;1;0;1;2;-27,19607;-51,503044;"SPRF-SC";"DEL07-SC";"UOP05-DEL07-SC"
526585;2023-05-31;"quarta-feira";"14:30:00";"PA";230;411,1;"PACAJA";"Reação tardia ou ineficiente do condutor";"Colisão frontal";"Com Vítimas Fatais";"Pleno dia";"Crescente";"Céu Claro";"Simples";"Reta";"Sim";3;1;2;0;0;0;2;2;-3,8359674;-50,60749805;"SPRF-PA";"DEL04-PA";"UOP01-DEL04-PA"
526586;2023-06-01;"quinta-feira";"07:05:00";"SP";101;48;"UBATUBA";"Acessar a via sem observar a presença dos outros veículos";"Colisão transversal";"Com Vítimas Feridas";"Pleno dia";"Crescente";"Céu Claro";"Dupla";"Ponte";"Sim";2;0;1;0;1;0;1;2;-23,43696329;-45,08768768;"SPRF-SP";"DEL06-SP";"UOP01-DEL06-SP"
526587;2023-06-01;"quinta-feira";"06:45:00";"MG";50;180;"UBERABA";"Pedestre cruzava a pista fora da faixa";"Atropelamento de Pedestre";"Com Vítimas Feridas";"Amanhecer";"Crescente";"Nevoeiro/Neblina";"Dupla";"Curva;Aclive";"Sim";2;0;2;0;0;0;2;2;-19,77848216;-47,92194709;"SPRF-MG";"DEL13-MG";"UOP01-DEL13-MG"
526589;2023-06-01;"quinta-feira";"06:15:00";"PR";116;124;"FAZENDA RIO GRANDE";"Trafegar com motocicleta (ou similar) entre as faixas";"Colisão lateral mesmo sentido";"Com Vítimas Feridas";"Amanhecer";"Decrescente";"Nevoeiro/Neblina";"Dupla";"Reta";"Sim";2;0;1;0;1;0;1;2;-25,626927;-49,314477;"SPRF-PR";"DEL01-PR";"UOP03-DEL01-PR"
526590;2023-06-01;"quinta-feira";"06:30:00";"SP";116;275;"EMBU DAS ARTES";"Acessar a via sem observar a presença dos outros veículos";"Colisão traseira";"Com Vítimas Feridas";"Pleno dia";"Decrescente";"Céu Claro";"Dupla";"Reta";"Sim";2;0;1;0;1;0;1;2;-23,63638826;-46,83251584;"SPRF-SP";"DEL04-SP";"UOP01-DEL04-SP"
526591;2023-06-01;"quinta-feira";"06:32:00";"PR";116;115;"CURITIBA";"Trafegar com motocicleta (ou similar) entre as faixas";"Colisão traseira";"Com Vítimas Feridas";"Pleno dia";"Decrescente";"Nevoeiro/Neblina";"Múltipla";"Reta";"Não";2;0;1;0;1;0;1;2;-25,55953326;-49,26560414;"SPRF-PR";"DEL01-PR";"UOP07-DEL01-PR"
526592;2023-06-01;"quinta-feira";"07:20:00";"PR";277;724;"FOZ DO IGUACU";"Pedestre cruzava a pista fora da faixa";"Atropelamento de Pedestre";"Com Vítimas Feridas";"Amanhecer";"Crescente";"Céu Claro";"Dupla";"Reta";"Sim";3;0;2;0;1;0;2;2;-25,50257577;-54,53868311;"SPRF-PR";"DEL05-PR";"UOP03-DEL05-PR"