"id";"data_inversa";"dia_semana";"horario";"uf";"br";"km";"municipio";"causa_acidente";"tipo_acidente";"classificacao_acidente";"fase_dia";"sentido_via";"condicao_metereologica";"tipo_pista";"tracado_via";"uso_solo";"pessoas";"mortos";"feridos_leves";"feridos_graves";"ilesos";"ignorados";"feridos";"veiculos";"latitude";"longitude";"regional";"delegacia";"uop"
526595;2023-06-01;"quinta-feira";"06:30:00";"MS";163;473,2;"CAMPO GRANDE";"Acessar a via sem observar a presença dos outros veículos";"Colisão lateral mesmo sentido";"Com Vítimas Feridas";"Amanhecer";"Crescente";"Céu Claro";"Simples";"Reta";"Não";2;0;0;1;1;0;1;2;-20,53459008;-54,56411122;"SPRF-MS";"DEL01-MS";"UOP01-DEL01-MS"
526596;2023-04-15;"sábado";"06:00:00";"GO";60;91,3;"ANAPOLIS";"Ingestão de álcool ou de substâncias psicoativas pelo pedestre";"Colisão frontal";"Com Vítimas Feridas";"Amanhecer";"Crescente";"Nevoeiro/Neblina";"Dupla";"Reta;Declive";"Sim";7;0;2;5;0;0;7;2;-16,3491;-48,9095;"SPRF-GO";"DEL02-GO";"UOP01-DEL02-GO"
526600;2023-06-01;"quinta-feira";"07:35:00";"SC";101;225,9;"PALHOCA";"Velocidade Incompatível";"Colisão lateral mesmo sentido";"Com Vítimas Feridas";"Pleno dia";"Decrescente";"Céu Claro";"Dupla";"Reta";"Não";2;0;0;1;0;1;1;2;-27,73292191;-48,6409567;"SPRF-SC";"DEL01-SC";"UOP02-DEL01-SC"
526602;2023-06-01;"quinta-feira";"06:40:00";"PB";230;152,6;"CAMPINA GRANDE";"Pista Escorregadia";"Tombamento";"Com Vítimas Feridas";"Pleno dia";"Decrescente";"Nublado";"Simples";"Curva";"Sim";2;0;2;0;0;0;2;1;-7,27852763;-35,88871837;"SPRF-PB";"DEL02-PB";"UOP01-DEL02-PB"
526607;2023-06-01;"quinta-feira";"07:20:00";"RO";364;12;"VILHENA";"Ausência de reação do condutor";"Colisão com objeto";"Com Vítimas Feridas";"Pleno dia";"Decrescente";"Nublado";"Dupla";"Rotatória";"Sim";4;0;1;0;3;0;1;4;-12,7432677;-60,12364626;"SPRF-RO";"DEL04-RO";"UOP01-DEL04-RO"
526609;2023-06-01;"quinta-feira";"07:45:00";"MG";40;521,8;"CONTAGEM";"Ausência de reação do condutor";"Engavetamento";"Com Vítimas Feridas";"Pleno dia";"Crescente";"Céu Claro";"Dupla";"Declive;Reta";"Não";6;0;2;1;3;0;3;5;-19,85651501;-44,07213222;"SPRF-MG";"DEL01-MG";"UOP02-DEL01-MG"
526610;2023-06-01;"quinta-feira";"07:45:00";"BA";324;624,9;"SALVADOR";"Acessar a via sem observar a presença dos outros veículos";"Colisão lateral mesmo sentido";"Com Vítimas Feridas";"Pleno dia";"Crescente";"Céu Claro";"Dupla";"Reta";"Não";1;0;0;1;0;0;1;1;-12,94194706;-38,47081224;"SPRF-BA";"DEL01-BA";"UOP01-DEL01-BA"
526611;2023-06-01;"quinta-feira";"08:30:00";"RS";290;96,5;"PORTO ALEGRE";"Trafegar com motocicleta (ou similar) entre as faixas";"Colisão traseira";"Com Vítimas Feridas";"Pleno dia";"Crescente";"Céu Claro";"Simples";"Reta";"Sim";3;0;1;0;2;0;1;3;-29,992107;-51,204525;"SPRF-RS";"DEL01-RS";"UOP01-DEL01-RS"
526613;2023-06-01;"quinta-feira";"08:15:00";"BA";324;0,3;"SALVADOR";"Demais falhas mecânicas ou elétricas";"Colisão com objeto";"Com Vítimas Feridas";"Pleno dia";"Crescente";"Sol";"Simples";"Curva";"Sim";1;0;1;0;0;0;1;1;-12,971561;-38,511154;"SPRF-BA";"DEL01-BA";"UOP01-DEL01-BA"
526614;2023-06-01;"quinta-feira";"07:50:00";"PE";232;4,3;"RECIFE";"Manobra de mudança de faixa";"Colisão lateral mesmo sentido";"Com Vítimas Feridas";"Pleno dia";"Decrescente";"Céu Claro";"Dupla";"Reta";"Sim";3;0;2;0;1;0;2;2;-8,064473;-34,936928;"SPRF-PE";"DEL01-PE";"UOP01-DEL01-PE"
526615;2023-06-01;"quinta-feira";"08:09:00";"RJ";116;97,8;"GUAPIMIRIM";"Reação tardia ou ineficiente do condutor";"Queda de ocupante de veículo";"Com Vítimas Feridas";"Pleno dia";"Decrescente";"Céu Claro";"Dupla";"Curva;Aclive";"Não";1;0;1;0;0;0;1;1;-22,47811419;-42,99603471;"SPRF-RJ";"DEL04-RJ";"UOP01-DEL04-RJ"
526617;2023-06-01;"quinta-feira";"09:00:00";"PI";343;0,4;"TERESINA";"Ausência de reação do condutor";"Queda de ocupante de veículo";"Com Vítimas Feridas";"Pleno dia";"Crescente";"Céu Claro";"Dupla";"Declive;Reta";"Sim";2;0;1;0;1;0;1;2;-5,089569;-42,802288;"SPRF-PI";"DEL01-PI";"UOP01-DEL01-PI"
526619;2023-06-01;"quinta-feira";"09:27:00";"MG";381;479;"CONTAGEM";"Manobra de mudança de faixa";"Queda de ocupante de veículo";"Com Vítimas Feridas";"Pleno dia";"Decrescente";"Céu Claro";"Múltipla";"Aclive;Reta";"Sim";1;0;1;0;0;0;1;1;-19,95889605;-44,069202;"SPRF-MG";"DEL01-MG";"UOP03-DEL01-MG"
526621;2023-06-01;"quinta-feira";"08:10:00";"MG";381;888;"CAMBUI";"Reação tardia ou ineficiente do condutor";"Queda de ocupante de veículo";"Com Vítimas Feridas";"Pleno dia";"Crescente";"Céu Claro";"Dupla";"Curva";"Não";1;0;1;0;0;0;1;1;-22,531819;-46,027951;"SPRF-MG";"DEL16-MG";"UOP03-DEL16-MG"
526622;2023-06-01;"quinta-feira";"08:50:00";"BA";101;111;"ALAGOINHAS";"Reação tardia ou ineficiente do condutor";"Saída de leito carroçável";"Com Vítimas Feridas";"Pleno dia";"Crescente";"Céu Claro";"Simples";"Reta";"Não";5;0;2;0;1;2;2;3;-12,167298;-38,422582;"SPRF-BA";"DEL01-BA";"UOP04-DEL01-BA"
526623;2023-06-01;"quinta-feira";"07:25:00";"PI";343;1,7;"TERESINA";"Mal súbito do condutor";"Colisão com objeto";"Sem Vítimas";"Pleno dia";"Crescente";"Céu Claro";"Dupla";"Interseção de Vias";"Sim";1;0;0;0;1;0;0;1;-5,081296;-42,765952;"SPRF-PI";"DEL05-PI";"UOP01-DEL05-PI"
526624;2023-06-01;"quinta-feira";"07:35:00";"SC";280;29;"ARAQUARI";"Trafegar com motocicleta (ou similar) entre as faixas";"Colisão transversal";"Com Vítimas Feridas";"Pleno dia";"Crescente";"Céu Claro";"Simples";"Reta";"Sim";2;0;1;0;1;0;1;2;-26,41066264;-48,75295628;"SPRF-SC";"DEL03-SC";"UOP03-DEL03-SC"
526625;2023-06-01;"quinta-feira";"09:30:00";"SP";116;61,6;"GUARATINGUETA";"Demais falhas mecânicas ou elétricas";"Incêndio";"Sem Vítimas";"Pleno dia";"Decrescente";"Céu Claro";"Dupla";"Reta";"Não";1;0;0;0;1;0;0;1;-22,79763613;-45,1674588;"SPRF-SP";"DEL08-SP";"UOP01-DEL08-SP"
526627;2023-01-20;"sexta-feira";"11:45:00";"PR";369;178,8;"ARAPONGAS";"Ausência de reação do condutor";"Colisão com objeto";"Com Vítimas Feridas";"Pleno dia";"Crescente";"Sol";"Dupla";"Reta";"Sim";1;0;0;1;0;0;1;1;-23,356104;-51,393954;"SPRF-PR";"DEL07-PR";"UOP01-DEL07-PR"
526630;2023-06-01;"quinta-feira";"09:00:00";"RJ";101;275;"TANGUA";"Animais na Pista";"Colisão traseira";"Com Vítimas Feridas";"Pleno dia";"Decrescente";"Céu Claro";"Dupla";"Reta";"Não";3;0;1;1;1;0;2;2;-22,73653355;-42,72909106;"SPRF-RJ";"DEL02-RJ";"UOP03-DEL02-RJ"
526635;2023-04-20;"quinta-feira";"17:00:00";"RO";364;751;"PORTO VELHO";"Demais falhas mecânicas ou elétricas";"Eventos atípicos";"Sem Vítimas";"Anoitecer";"Crescente";"Nublado";"Simples";"Reta";"Não";2;0;0;0;2;0;0;1;-9,06294529;-64,02393077;"SPRF-RO";"DEL01-RO";"UOP02-DEL01-RO"
526636;2023-05-25;"quinta-feira";"07:00:00";"RJ";116;64;"TERESOPOLIS";"Demais Fenômenos da natureza";"Colisão traseira";"Com Vítimas Feridas";"Pleno dia";"Crescente";"Céu Claro";"Simples";"Reta";"Sim";2;0;0;1;1;0;1;2;-22,26893308;-42,92498182;"SPRF-RJ";"DEL04-RJ";"UOP01-DEL04-RJ"
526640;2023-05-28;"domingo";"14:00:00";"MT";70;612;"POCONE";"Velocidade Incompatível";"Saída de leito carroçável";"Com Vítimas Feridas";"Pleno dia";"Crescente";"Nublado";"Simples";"Reta";"Não";4;0;4;0;0;0;4;1;-15,85223309;-56,831131;"SPRF-MT";"DEL03-MT";"UOP02-DEL03-MT"
526641;2023-04-02;"domingo";"22:10:00";"PB";104;107,7;"SAO SEBASTIAO DE LAGOA DE  ROCA";"Ingestão de álcool pelo condutor";"Saída de leito carroçável";"Com Vítimas Fatais";"Plena Noite";"Decrescente";"Céu Claro";"Simples";"Reta";"Sim";1;1;0;0;0;0;0;1;-7,107569;-35,867698;"SPRF-PB";"DEL02-PB";"UOP04-DEL02-PB"
526643;2023-06-01;"quinta-feira";"10:50:00";"RS";116;398,7;"CAMAQUA";"Acessar a via sem observar a presença dos outros veículos";"Colisão transversal";"Com Vítimas Feridas";"Pleno dia";"Crescente";"Céu Claro";"Simples";"Reta";"Não";2;0;0;1;1;0;1;2;-30,86172875;-51,79225916;"SPRF-RS";"DEL02-RS";"UOP02-DEL02-RS"
526644;2023-06-01;"quinta-feira";"10:30:00";"BA";116;824;"VITORIA DA CONQUISTA";"Reação tardia ou ineficiente do condutor";"Engavetamento";"Sem Vítimas";"Pleno dia";"Crescente";"Céu Claro";"Dupla";"Interseção de Vias;Reta";"Sim";3;0;0;0;3;0;0;3;-14,869767;-40,851027;"SPRF-BA";"DEL08-BA";"UOP01-DEL08-BA"
526646;2023-03-04;"sábado";"23:35:00";"AP";0;0;"MACAPA";"Ingestão de álcool pelo condutor";"Colisão com objeto";"Sem Vítimas";"Plena Noite";"Não Informado";"Céu Claro";"Simples";"Reta";"Sim";6;0;0;0;6;0;0;3;0,07816717;-51,06998693;"SPRF-AP";"DEL01-AP";"UOP01-DEL01-AP"
526647;2023-06-01;"quinta-feira";"08:00:00";"AP";210;0;"MACAPA";"Manobra de mudança de faixa";"Colisão lateral mesmo sentido";"Com Vítimas Feridas";"Pleno dia";"Decrescente";"Céu Claro";"Dupla";"Reta";"Sim";4;0;1;1;1;1;2;3;0,07780012;-51,06097;"SPRF-AP";"DEL01-AP";"UOP01-DEL01-AP"
526649;2023-06-01;"quinta-feira";"09:35:00";"PE";316;330;"FLORESTA";"Reação tardia ou ineficiente do condutor";"Saída de leito carroçável";"Com Vítimas Feridas";"Pleno dia";"Crescente";"Nublado";"Simples";"Reta";"Não";2;0;0;2;0;0;2;1;-8,74635395;-38,40941031;"SPRF-PE";"DEL04-PE";"UOP03-DEL04-PE"
526651;2023-06-01;"quinta-feira";"11:45:00";"TO";230;3;"AGUIARNOPOLIS";"Demais falhas mecânicas ou elétricas";"Incêndio";"Sem Vítimas";"Pleno dia";"Crescente";"Sol";"Simples";"Reta";"Não";1;0;0;0;1;0;0;1;-6,5421615;-47,485416;"SPRF-TO";"DEL02-TO";"UOP03-DEL02-TO"
526652;2023-06-01;"quinta-feira";"11:45:00";"ES";101;298;"VIANA";"Reação tardia ou ineficiente do condutor";"Atropelamento de Pedestre";"Sem Vítimas";"Pleno dia";"Decrescente";"Céu Claro";"Dupla";"Reta";"Sim";2;0;0;0;2;0;0;2;-20,35374444;-40,4156433;"SPRF-ES";"DEL01-ES";"UOP01-DEL01-ES"
526654;2023-06-01;"quinta-feira";"11:30:00";"PB";230;27,7;"JOAO PESSOA";"Reação tardia ou ineficiente do condutor";"Colisão com objeto";"Com Vítimas Feridas";"Pleno dia";"Decrescente";"Céu Claro";"Dupla";"Reta;Interseção de Vias;Declive";"Sim";2;0;2;0;0;0;2;2;-7,16539362;-34,89444787;"SPRF-PB";"DEL01-PB";"UOP01-DEL01-PB"
526655;2023-05-25;"quinta-feira";"18:00:00";"MS";267;32,6;"BATAGUASSU";"Reação tardia ou ineficiente do condutor";"Colisão frontal";"Com Vítimas Feridas";"Plena Noite";"Decrescente";"Céu Claro";"Simples";"Declive";"Não";2;0;1;0;1;0;1;2;-21,73094727;-52,44889984;"SPRF-MS";"DEL02-MS";"UOP04-DEL02-MS"
526657;2023-06-01;"quinta-feira";"12:20:00";"BA";110;340;"ALAGOINHAS";"Desrespeitar a preferência no cruzamento";"Colisão transversal";"Com Vítimas Feridas";"Pleno dia";"Decrescente";"Céu Claro";"Simples";"Interseção de Vias;Reta";"Sim";5;0;3;0;2;0;3;3;-12,163029;-38,415135;"SPRF-BA";"DEL01-BA";"UOP04-DEL01-BA"
526658;2023-06-01;"quinta-feira";"10:10:00";"RJ";101;47,8;"CAMPOS DOS GOYTACAZES";"Ausência de reação do condutor";"Colisão traseira";"Com Vítimas Feridas";"Pleno dia";"Decrescente";"Céu Claro";"Simples";"Reta";"Sim";3;0;2;0;1;0;2;2;-21,61625895;-41,31535762;"SPRF-RJ";"DEL08-RJ";"UOP01-DEL08-RJ"
526659;2023-05-21;"domingo";"13:30:00";"BA";242;852;"BARREIRAS";"Manobra de mudança de faixa";"Colisão frontal";"Com Vítimas Fatais";"Pleno dia";"Crescente";"Céu Claro";"Simples";"Reta";"Não";5;1;3;0;1;0;3;3;-12,10693421;-45,30657503;"SPRF-BA";"DEL10-BA";"UOP01-DEL10-BA"
526660;2023-06-01;"quinta-feira";"12:15:00";"SC";101;123,1;"ITAJAI";"Desrespeitar a preferência no cruzamento";"Colisão transversal";"Com Vítimas Feridas";"Pleno dia";"Decrescente";"Céu Claro";"Múltipla";"Interseção de Vias;Viaduto";"Sim";2;0;1;0;1;0;1;2;-26,9373905;-48,69765645;"SPRF-SC";"DEL04-SC";"UOP04-DEL04-SC"
526663;2023-06-01;"quinta-feira";"12:09:00";"ES";101;49;"CONCEICAO DA BARRA";"Participar de racha";"Colisão com objeto";"Com Vítimas Feridas";"Pleno dia";"Crescente";"Sol";"Simples";"Interseção de Vias";"Não";3;0;1;0;0;2;1;3;-18,57725;-39,894962;"SPRF-ES";"DEL04-ES";"UOP02-DEL04-ES"
526664;2023-06-01;"quinta-feira";"13:00:00";"RJ";465;14;"SEROPEDICA";"Condutor deixou de manter distância do veículo da frente";"Queda de ocupante de veículo";"Com Vítimas Feridas";"Pleno dia";"Decrescente";"Céu Claro";"Dupla";"Reta";"Sim";1;0;1;0;0;0;1;1;-22,804979;-43,638828;"SPRF-RJ";"DEL01-RJ";"UOP03-DEL01-RJ"
526666;2023-06-01;"quinta-feira";"13:27:00";"PB";101;99,5;"CONDE";"Acessar a via sem observar a presença dos outros veículos";"Colisão transversal";"Com Vítimas Feridas";"Pleno dia";"Decrescente";"Céu Claro";"Dupla";"Rotatória;Aclive;Retorno Regulamentado";"Não";5;0;4;0;1;0;4;2;-7,2557332;-34,93469152;"SPRF-PB";"DEL01-PB";"UOP02-DEL01-PB"
526668;2023-06-01;"quinta-feira";"13:20:00";"RJ";40;119;"DUQUE DE CAXIAS";"Manobra de mudança de faixa";"Colisão lateral mesmo sentido";"Com Vítimas Feridas";"Pleno dia";"Crescente";"Céu Claro";"Dupla";"Reta";"Não";2;0;1;0;1;0;1;2;-22,76375592;-43,28683062;"SPRF-RJ";"DEL01-RJ";"UOP01-DEL01-RJ"
526669;2023-06-01;"quinta-feira";"12:54:00";"GO";40;30,8;"LUZIANIA";"Ausência de reação do condutor";"Saída de leito carroçável";"Sem Vítimas";"Pleno dia";"Crescente";"Céu Claro";"Dupla";"Reta";"Não";1;0;0;0;1;0;0;1;-16,277312;-47,86291;"SPRF-DF";"DEL01-DF";"UOP01-DEL01-DF"
526672;2023-06-01;"quinta-feira";"13:30:00";"RO";364;345;"JI-PARANA";"Acessar a via sem observar a presença dos outros veículos";"Colisão transversal";"Com Vítimas Feridas";"Pleno dia";"Decrescente";"Garoa/Chuvisco";"Múltipla";"Interseção de Vias;Reta";"Sim";2;0;1;0;1;0;1;2;-10,8688113;-61,9601791;"SPRF-RO";"DEL02-RO";"UOP01-DEL02-RO"
526675;2023-06-01;"quinta-feira";"12:20:00";"RJ";465;20;"NOVA IGUACU";"Conversão proibida";"Colisão frontal";"Com Vítimas Feridas";"Pleno dia";"Crescente";"Céu Claro";"Simples";"Reta";"Sim";3;0;1;0;2;0;1;2;-22,846828;-43,605339;"SPRF-RJ";"DEL03-RJ";"UOP01-DEL03-RJ"
526676;2023-06-01;"quinta-feira";"10:00:00";"ES";262;170;"IBATIBA";"Conversão proibida";"Colisão traseira";"Com Vítimas Feridas";"Pleno dia";"Crescente";"Nublado";"Simples";"Curva";"Não";2;0;0;1;1;0;1;2;-20,2647513;-41,58453796;"SPRF-ES";"DEL01-ES";"UOP02-DEL01-ES"
526679;2023-06-01;"quinta-feira";"15:00:00";"PR";277;112;"CAMPO LARGO";"Reação tardia ou ineficiente do condutor";"Colisão traseira";"Com Vítimas Feridas";"Pleno dia";"Crescente";"Céu Claro";"Dupla";"Reta";"Não";3;0;2;0;1;0;2;2;-25,43257515;-49,36978297;"SPRF-PR";"DEL03-PR";"UOP03-DEL03-PR"
526682;2023-06-01;"quinta-feira";"13:30:00";"PE";428;116,4;"SANTA MARIA DA BOA VISTA";"Condutor Dormindo";"Colisão traseira";"Sem Vítimas";"Pleno dia";"Decrescente";"Céu Claro";"Simples";"Reta";"Não";2;0;0;0;2;0;0;2;-8,91565278;-40,07327608;"SPRF-PE";"DEL06-PE";"UOP03-DEL06-PE"
526683;2023-05-27;"sábado";"17:40:00";"PR";369;109,8;"URAI";"Desrespeitar a preferência no cruzamento";"Colisão transversal";"Com Vítimas Feridas";"Anoitecer";"Crescente";"Nublado";"Dupla";"Retorno Regulamentado;Reta";"Não";6;0;3;0;3;0;3;2;-23,26800694;-50,80342591;"SPRF-PR";"DEL07-PR";"UOP05-DEL07-PR"
526685;2023-06-01;"quinta-feira";"15:30:00";"GO";60;163;"GOIANIA";"Reação tardia ou ineficiente do condutor";"Colisão transversal";"Com Vítimas Feridas";"Pleno dia";"Crescente";"Sol";"Dupla";"Reta";"Sim";3;0;1;1;1;0;2;2;-16,7002;-49,3335;"SPRF-GO";"DEL01-GO";"UOP02-DEL01-GO"
526686;2023-06-01;"quinta-feira";"15:45:00";"BA";415;32;"ILHEUS";"Acessar a via sem observar a presença dos outros veículos";"Colisão transversal";"Com Vítimas Feridas";"Pleno dia";"Crescente";"Céu Claro";"Simples";"Reta";"Não";2;0;1;0;1;0;1;2;-14,78369;-39,244402;"SPRF-BA";"DEL05-BA";"UOP01-DEL05-BA"
526689;2023-06-01;"quinta-feira";"17:00:00";"PR";369;175,6;"ROLANDIA";"Ausência de reação do condutor";"Queda de ocupante de veículo";"Com Vítimas Feridas";"Pleno dia";"Crescente";"Céu Claro";"Múltipla";"Curva";"Sim";1;0;1;0;0;0;1;1;-23,32970172;-51,38979435;"SPRF-PR";"DEL07-PR";"UOP01-DEL07-PR"
526690;2023-05-22;"segunda-feira";"09:00:00";"RO";364;716;"PORTO VELHO";"Ausência de reação do condutor";"Colisão com objeto";"Com Vítimas Fatais";"Pleno dia";"Decrescente";"Céu Claro";"Simples";"Interseção de Vias;Túnel";"Sim";4;2;0;2;0;0;2;1;-8,78573785;-63,89817015;"SPRF-RO";"DEL01-RO";"UOP01-DEL01-RO"
526691;2023-06-01;"quinta-feira";"16:45:00";"RJ";116;182;"NOVA IGUACU";"Reação tardia ou ineficiente do condutor";"Colisão traseira";"Com Vítimas Feridas";"Pleno dia";"Crescente";"Céu Claro";"Dupla";"Reta";"Sim";2;0;0;1;1;0;1;2;-22,7567755;-43,43107234;"SPRF-RJ";"DEL01-RJ";"UOP02-DEL01-RJ"
526692;2023-06-01;"quinta-feira";"15:00:00";"SC";470;174;"POUSO REDONDO";"Desrespeitar a preferência no cruzamento";"Colisão transversal";"Com Vítimas Feridas";"Pleno dia";"Crescente";"Sol";"Simples";"Reta";"Sim";2;0;0;1;1;0;1;2;-27,258179;-49,929146;"SPRF-SC";"DEL04-SC";"UOP02-DEL04-SC"
526695;2023-06-01;"quinta-feira";"17:45:00";"CE";116;12;"FORTALEZA";"Avarias e/ou desgaste excessivo no pneu";"Colisão traseira";"Com Vítimas Feridas";"Plena Noite";"Crescente";"Céu Claro";"Múltipla";"Reta";"Sim";2;0;1;0;1;0;1;2;-3,852077;-38,495525;"SPRF-CE";"DEL01-CE";"UOP02-DEL01-CE"
526697;2023-06-01;"quinta-feira";"16:40:00";"RJ";101;503;"ANGRA DOS REIS";"Trafegar com motocicleta (ou similar) entre as faixas";"Colisão traseira";"Com Vítimas Feridas";"Pleno dia";"Crescente";"Céu Claro";"Simples";"Reta";"Sim";3;0;1;1;1;0;2;2;-22,92894705;-44,37879998;"SPRF-RJ";"DEL03-RJ";"UOP03-DEL03-RJ"
526698;2023-06-01;"quinta-feira";"17:45:00";"RS";386;412,4;"MONTENEGRO";"Acessar a via sem observar a presença dos outros veículos";"Colisão transversal";"Com Vítimas Feridas";"Plena Noite";"Decrescente";"Céu Claro";"Dupla";"Reta";"Não";2;0;0;1;1;0;1;2;-29,81028204;-51,49712563;"SPRF-RS";"DEL04-RS";"UOP02-DEL04-RS"
526699;2023-06-01;"quinta-feira";"16:00:00";"MG";267;10;"LEOPOLDINA";"Ausência de reação do condutor";"Saída de leito carroçável";"Com Vítimas Feridas";"Pleno dia";"Decrescente";"Céu Claro";"Simples";"Reta";"Não";1;0;1;0;0;0;1;1;-21,56689881;-42,70017394;"SPRF-MG";"DEL07-MG";"UOP01-DEL07-MG"
526700;2023-05-01;"segunda-feira";"05:42:00";"GO";70;32;"COCALZINHO DE GOIAS";"Reação tardia ou ineficiente do condutor";"Saída de leito carroçável";"Com Vítimas Feridas";"Amanhecer";"Crescente";"Céu Claro";"Simples";"Aclive;Curva";"Não";1;0;1;0;0;0;1;1;-15,77488021;-48,46853279;"SPRF-DF";"DEL03-DF";"UOP02-DEL03-DF"
526702;2023-06-01;"quinta-feira";"18:15:00";"RS";470;217;"BENTO GONCALVES";"Acessar a via sem observar a presença dos outros veículos";"Colisão transversal";"Com Vítimas Feridas";"Plena Noite";"Decrescente";"Céu Claro";"Simples";"Interseção de Vias";"Sim";2;0;1;0;1;0;1;2;-29,16462512;-51,52551964;"SPRF-RS";"DEL06-RS";"UOP01-DEL06-RS"
526703;2023-06-01;"quinta-feira";"16:35:00";"SC";470;65,1;"INDAIAL";"Condutor deixou de manter distância do veículo da frente";"Colisão traseira";"Com Vítimas Feridas";"Anoitecer";"Crescente";"Céu Claro";"Simples";"Em Obras;Reta";"Não";2;0;1;0;1;0;1;2;-26,870411;-49,211864;"SPRF-SC";"DEL04-SC";"UOP01-DEL04-SC"
526704;2023-06-01;"quinta-feira";"18:20:00";"PB";101;89,1;"JOAO PESSOA";"Condutor deixou de manter distância do veículo da frente";"Colisão traseira";"Com Vítimas Feridas";"Plena Noite";"Crescente";"Céu Claro";"Dupla";"Reta";"Sim";3;0;2;0;0;1;2;2;-7,1710694;-34,89765372;"SPRF-PB";"DEL01-PB";"UOP02-DEL01-PB"
526705;2023-06-01;"quinta-feira";"17:35:00";"ES";101;293;"CARIACICA";"Objeto estático sobre o leito carroçável";"Tombamento";"Com Vítimas Feridas";"Anoitecer";"Decrescente";"Chuva";"Dupla";"Em Obras;Reta";"Sim";1;0;1;0;0;0;1;1;-20,31526144;-40,39567044;"SPRF-ES";"DEL01-ES";"UOP01-DEL01-ES"
526706;2023-06-01;"quinta-feira";"18:30:00";"MA";316;608,2;"TIMON";"Demais falhas na via";"Queda de ocupante de veículo";"Com Vítimas Feridas";"Plena Noite";"Decrescente";"Céu Claro";"Simples";"Reta";"Não";1;0;0;1;0;0;1;1;-5,060935;-42,892292;"SPRF-MA";"DEL03-MA";"UOP02-DEL03-MA"
526708;2023-06-01;"quinta-feira";"18:15:00";"SC";480;129,9;"CHAPECO";"Acessar a via sem observar a presença dos outros veículos";"Colisão transversal";"Com Vítimas Feridas";"Plena Noite";"Crescente";"Céu Claro";"Dupla";"Interseção de Vias";"Sim";2;0;1;0;1;0;1;2;-27,04656607;-52,63577131;"SPRF-SC";"DEL07-SC";"UOP01-DEL07-SC"
526709;2023-06-01;"quinta-feira";"18:15:00";"RJ";356;149;"CAMPOS DOS GOYTACAZES";"Condutor deixou de manter distância do veículo da frente";"Colisão lateral mesmo sentido";"Com Vítimas Feridas";"Plena Noite";"Crescente";"Céu Claro";"Simples";"Reta";"Não";2;0;0;1;1;0;1;2;-21,77241727;-41,28125956;"SPRF-RJ";"DEL08-RJ";"UOP02-DEL08-RJ"
526712;2023-06-01;"quinta-feira";"15:15:00";"PR";476;118;"COLOMBO";"Reação tardia ou ineficiente do condutor";"Colisão com objeto";"Com Vítimas Feridas";"Pleno dia";"Decrescente";"Céu Claro";"Múltipla";"Interseção de Vias;Reta";"Sim";2;0;0;1;1;0;1;2;-25,35752242;-49,18096304;"SPRF-PR";"DEL01-PR";"UOP01-DEL01-PR"
526713;2023-06-01;"quinta-feira";"18:19:00";"PE";101;48;"ABREU E LIMA";"Acessar a via sem observar a presença dos outros veículos";"Colisão lateral mesmo sentido";"Com Vítimas Feridas";"Plena Noite";"Crescente";"Céu Claro";"Múltipla";"Reta";"Sim";2;0;1;0;1;0;1;2;-7,89174705;-34,9033493;"SPRF-PE";"DEL01-PE";"UOP02-DEL01-PE"
526714;2023-06-01;"quinta-feira";"17:45:00";"MG";116;413;"GOVERNADOR VALADARES";"Reação tardia ou ineficiente do condutor";"Atropelamento de Pedestre";"Com Vítimas Feridas";"Plena Noite";"Decrescente";"Céu Claro";"Simples";"Curva";"Sim";2;0;2;0;0;0;2;2;-18,873907;-41,966366;"SPRF-MG";"DEL06-MG";"UOP01-DEL06-MG"
526715;2023-04-26;"quarta-feira";"11:30:00";"PE";232;69;"GRAVATA";"Ausência de reação do condutor";"Colisão com objeto";"Com Vítimas Feridas";"Pleno dia";"Decrescente";"Nublado";"Dupla";"Declive;Curva";"Não";1;0;1;0;0;0;1;1;-8,17240309;-35,47993595;"SPRF-PE";"DEL02-PE";"UOP02-DEL02PE"
526717;2023-06-01;"quinta-feira";"17:00:00";"MG";262;445;"NOVA SERRANA";"Acessar a via sem observar a presença dos outros veículos";"Colisão transversal";"Com Vítimas Feridas";"Pleno dia";"Decrescente";"Sol";"Simples";"Reta";"Sim";3;0;2;1;0;0;3;2;-19,87799664;-44,94086286;"SPRF-MG";"DEL08-MG";"UOP03-DEL08-MG"
526718;2023-06-01;"quinta-feira";"19:10:00";"GO";153;493,1;"GOIANIA";"Manobra de mudança de faixa";"Colisão traseira";"Com Vítimas Feridas";"Plena Noite";"Decrescente";"Céu Claro";"Múltipla";"Interseção de Vias;Aclive;Reta";"Sim";2;0;1;0;1;0;1;2;-16,6776;-49,2314;"SPRF-GO";"DEL01-GO";"UOP01-DEL01-GO"
526719;2023-06-01;"quinta-feira";"19:00:00";"SP";116;209;"GUARULHOS";"Manobra de mudança de faixa";"Colisão lateral mesmo sentido";"Com Vítimas Feridas";"Plena Noite";"Decrescente";"Céu Claro";"Múltipla";"Aclive;Reta";"Sim";2;0;2;0;0;0;2;1;-23,42511799;-46,40221101;"SPRF-SP";"DEL01-SP";"UOP01-DEL01-SP"