"id";"data_inversa";"dia_semana";"horario";"uf";"br";"km";"municipio";"causa_acidente";"tipo_acidente";"classificacao_acidente";"fase_dia";"sentido_via";"condicao_metereologica";"tipo_pista";"tracado_via";"uso_solo";"pessoas";"mortos";"feridos_leves";"feridos_graves";"ilesos";"ignorados";"feridos";"veiculos";"latitude";"longitude";"regional";"delegacia";"uop"
526833;2023-06-02;"sexta-feira";"08:14:00";"RN";304;304,9;"MACAIBA";"Condutor deixou de manter distância do veículo da frente";"Colisão traseira";"Sem Vítimas";"Pleno dia";"Decrescente";"Céu Claro";"Dupla";"Reta";"Não";2;0;0;0;1;1;0;2;-5,886262;-35,277525;"SPRF-RN";"DEL01-RN";"UOP02-DEL01-RN"
526834;2023-06-02;"sexta-feira";"08:05:00";"CE";304;60;"ARACATI";"Reação tardia ou ineficiente do condutor";"Colisão transversal";"Com Vítimas Feridas";"Pleno dia";"Crescente";"Céu Claro";"Simples";"Reta";"Não";2;0;2;0;0;0;2;2;-4,57352926;-37,76245988;"SPRF-CE";"DEL03-CE";"UOP03-DEL03-CE"
526835;2023-06-02;"sexta-feira";"08:00:00";"PB";230;8;"CABEDELO";"Reação tardia ou ineficiente do condutor";"Colisão traseira";"Com Vítimas Feridas";"Pleno dia";"Decrescente";"Céu Claro";"Simples";"Reta";"Sim";2;0;1;0;1;0;1;2;-7,0355;-34,8429;"SPRF-PB";"DEL01-PB";"UOP01-DEL01-PB"
526836;2023-06-02;"sexta-feira";"06:50:00";"MS";163;482,2;"CAMPO GRANDE";"Área urbana sem a presença de local apropriado para a travessia de pedestres";"Atropelamento de Pedestre";"Com Vítimas Feridas";"Amanhecer";"Crescente";"Céu Claro";"Simples";"Reta";"Sim";2;0;1;0;0;1;1;2;-20,46271123;-54,55411122;"SPRF-MS";"DEL01-MS";"UOP02-DEL01-MS"
526837;2023-06-02;"sexta-feira";"08:30:00";"SP";116;223;"GUARULHOS";"Trafegar com motocicleta (ou similar) entre as faixas";"Colisão lateral mesmo sentido";"Com Vítimas Feridas";"Pleno dia";"Decrescente";"Céu Claro";"Dupla";"Reta";"Sim";2;0;1;0;1;0;1;2;-23,47559815;-46,5246609;"SPRF-SP";"DEL01-SP";"UOP01-DEL01-SP"
526838;2023-06-02;"sexta-feira";"08:40:00";"RJ";101;65;"CAMPOS DOS GOYTACAZES";"Velocidade Incompatível";"Colisão com objeto";"Com Vítimas Feridas";"Pleno dia";"Crescente";"Céu Claro";"Dupla";"Curva;Interseção de Vias";"Sim";1;0;1;0;0;0;1;1;-21,75371806;-41,344292;"SPRF-RJ";"DEL08-RJ";"UOP02-DEL08-RJ"
526839;2023-06-02;"sexta-feira";"08:25:00";"ES";262;1;"CARIACICA";"Demais Fenômenos da natureza";"Tombamento";"Com Vítimas Feridas";"Pleno dia";"Decrescente";"Céu Claro";"Simples";"Reta";"Não";1;0;1;0;0;0;1;1;-20,32955204;-40,35492602;"SPRF-ES";"DEL01-ES";"UOP01-DEL01-ES"
526842;2023-06-02;"sexta-feira";"08:00:00";"RJ";40;47;"PETROPOLIS";"Ausência de reação do condutor";"Colisão com objeto";"Com Vítimas Feridas";"Pleno dia";"Crescente";"Céu Claro";"Dupla";"Curva";"Não";2;0;1;0;1;0;1;1;-22,29169833;-43,1279826;"SPRF-RJ";"DEL05-RJ";"UOP02-DEL05-RJ"
526843;2023-06-02;"sexta-feira";"09:40:00";"MG";459;26,5;"CALDAS";"Condutor deixou de manter distância do veículo da frente";"Colisão traseira";"Com Vítimas Feridas";"Pleno dia";"Decrescente";"Céu Claro";"Simples";"Curva";"Sim";2;0;1;0;1;0;1;2;-21,892403;-46,387428;"SPRF-MG";"DEL09-MG";"UOP01-DEL09-MG"
526844;2023-06-02;"sexta-feira";"08:05:00";"PR";369;150,1;"LONDRINA";"Reação tardia ou ineficiente do condutor";"Colisão traseira";"Com Vítimas Feridas";"Pleno dia";"Crescente";"Céu Claro";"Dupla";"Reta";"Sim";5;0;1;0;4;0;1;5;-23,292718;-51,167517;"SPRF-PR";"DEL07-PR";"UOP01-DEL07-PR"
526848;2023-06-02;"sexta-feira";"07:50:00";"MA";316;267;"SANTA INES";"Transitar na contramão";"Colisão frontal";"Com Vítimas Feridas";"Pleno dia";"Decrescente";"Céu Claro";"Simples";"Viaduto";"Não";2;0;1;0;0;1;1;2;-3,684643;-45,342555;"SPRF-MA";"DEL02-MA";"UOP01-DEL02-MA"
526850;2023-06-02;"sexta-feira";"08:40:00";"SP";381;90,4;"GUARULHOS";"Ingestão de álcool pelo condutor";"Colisão lateral mesmo sentido";"Sem Vítimas";"Pleno dia";"Crescente";"Céu Claro";"Múltipla";"Reta";"Não";4;0;0;0;3;1;0;2;-23,499535;-46,559508;"SPRF-SP";"DEL01-SP";"UOP01-DEL01-SP"
526851;2023-06-02;"sexta-feira";"09:20:00";"RJ";393;283;"VOLTA REDONDA";"Acessar a via sem observar a presença dos outros veículos";"Colisão transversal";"Com Vítimas Feridas";"Pleno dia";"Crescente";"Nublado";"Simples";"Reta";"Sim";5;0;1;1;2;1;2;3;-22,47606388;-44,04976392;"SPRF-RJ";"DEL05-RJ";"UOP04-DEL05-RJ"
526853;2023-06-02;"sexta-feira";"10:15:00";"MG";40;784,3;"JUIZ DE FORA";"Acessar a via sem observar a presença dos outros veículos";"Tombamento";"Com Vítimas Feridas";"Pleno dia";"Decrescente";"Nublado";"Dupla";"Curva;Retorno Regulamentado";"Não";1;0;1;0;0;0;1;1;-21,71178893;-43,44743099;"SPRF-MG";"DEL05-MG";"UOP01-DEL05-MG"
526854;2023-06-02;"sexta-feira";"10:22:00";"SC";101;208;"SAO JOSE";"Ausência de reação do condutor";"Colisão traseira";"Com Vítimas Feridas";"Pleno dia";"Crescente";"Céu Claro";"Múltipla";"Reta";"Não";2;0;1;0;1;0;1;2;-27,60327979;-48,63201818;"SPRF-SC";"DEL01-SC";"UOP01-DEL01-SC"
526855;2023-06-02;"sexta-feira";"10:20:00";"GO";40;6;"VALPARAISO DE GOIAS";"Velocidade Incompatível";"Colisão traseira";"Com Vítimas Feridas";"Pleno dia";"Crescente";"Céu Claro";"Dupla";"Reta";"Sim";3;0;1;0;0;2;1;2;-16,100814;-47,977351;"SPRF-DF";"DEL01-DF";"UOP01-DEL01-DF"
526857;2023-05-29;"segunda-feira";"12:10:00";"RJ";393;198;"PARAIBA DO SUL";"Objeto estático sobre o leito carroçável";"Tombamento";"Com Vítimas Feridas";"Pleno dia";"Decrescente";"Nublado";"Simples";"Reta";"Não";2;0;0;1;1;0;1;1;-22,20864263;-43,38170217;"SPRF-RJ";"DEL05-RJ";"UOP03-DEL05-RJ"
526859;2023-04-08;"sábado";"13:40:00";"ES";101;266;"SERRA";"Reação tardia ou ineficiente do condutor";"Queda de ocupante de veículo";"Com Vítimas Feridas";"Pleno dia";"Crescente";"Céu Claro";"Múltipla";"Reta";"Sim";1;0;1;0;0;0;1;1;-20,190199;-40,26828891;"SPRF-ES";"DEL02-ES";"UOP01-DEL02-ES"
526860;2023-05-05;"sexta-feira";"17:20:00";"BA";324;560;"AMELIA RODRIGUES";"Reação tardia ou ineficiente do condutor";"Colisão traseira";"Com Vítimas Feridas";"Anoitecer";"Crescente";"Céu Claro";"Dupla";"Reta";"Não";2;0;1;0;1;0;1;2;-12,49888766;-38,64455295;"SPRF-BA";"DEL01-BA";"UOP01-DEL01-BA"
526861;2023-06-02;"sexta-feira";"11:00:00";"PR";376;12;"MARINGA";"Reação tardia ou ineficiente do condutor";"Saída de leito carroçável";"Com Vítimas Feridas";"Pleno dia";"Crescente";"Céu Claro";"Dupla";"Reta";"Sim";1;0;0;1;0;0;1;1;-23,4273;-51,9375;"SPRF-PR";"DEL09-PR";"UOP01-DEL09-PR"
526862;2023-06-02;"sexta-feira";"11:00:00";"MG";381;923,5;"CAMANDUCAIA";"Sinalização mal posicionada";"Colisão traseira";"Com Vítimas Feridas";"Pleno dia";"Decrescente";"Céu Claro";"Dupla";"Curva;Em Obras";"Não";3;0;1;0;2;0;1;2;-22,7671484;-46,22667493;"SPRF-MG";"DEL16-MG";"UOP03-DEL16-MG"
526864;2023-06-02;"sexta-feira";"11:40:00";"PE";101;71;"RECIFE";"Avarias e/ou desgaste excessivo no pneu";"Tombamento";"Com Vítimas Feridas";"Pleno dia";"Crescente";"Sol";"Dupla";"Curva";"Sim";2;0;2;0;0;0;2;1;-8,083833;-34,944291;"SPRF-PE";"DEL01-PE";"UOP01-DEL01-PE"
526865;2023-06-02;"sexta-feira";"11:40:00";"RS";290;722;"URUGUAIANA";"Reação tardia ou ineficiente do condutor";"Tombamento";"Com Vítimas Feridas";"Pleno dia";"Decrescente";"Céu Claro";"Simples";"Reta";"Sim";1;0;1;0;0;0;1;1;-29,752972;-57,06953;"SPRF-RS";"DEL13-RS";"UOP01-DEL13-RS"
526868;2023-06-02;"sexta-feira";"12:00:00";"RN";110;47;"MOSSORO";"Ausência de reação do condutor";"Engavetamento";"Com Vítimas Feridas";"Pleno dia";"Decrescente";"Céu Claro";"Simples";"Reta";"Sim";4;0;1;0;3;0;1;3;-5,20338376;-37,32563418;"SPRF-RN";"DEL04-RN";"UOP01-DEL04-RN"
526869;2023-06-02;"sexta-feira";"07:00:00";"GO";60;434;"RIO VERDE";"Neblina";"Saída de leito carroçável";"Com Vítimas Feridas";"Amanhecer";"Decrescente";"Nevoeiro/Neblina";"Dupla";"Reta";"Não";3;0;1;1;1;0;2;1;-17,8305;-51,3667;"SPRF-GO";"DEL04-GO";"UOP02-DEL04-GO"
526870;2023-06-02;"sexta-feira";"12:45:00";"RS";116;248;"SAO LEOPOLDO";"Ausência de reação do condutor";"Colisão traseira";"Com Vítimas Feridas";"Pleno dia";"Decrescente";"Céu Claro";"Dupla";"Viaduto";"Sim";3;0;1;0;1;1;1;3;-29,77605895;-51,15508618;"SPRF-RS";"DEL01-RS";"UOP02-DEL01-RS"
526871;2023-06-02;"sexta-feira";"12:50:00";"SC";101;206,2;"SAO JOSE";"Acessar a via sem observar a presença dos outros veículos";"Colisão lateral mesmo sentido";"Com Vítimas Feridas";"Pleno dia";"Decrescente";"Céu Claro";"Múltipla";"Reta";"Sim";2;0;1;0;1;0;1;2;-27,59193546;-48,61824557;"SPRF-SC";"DEL01-SC";"UOP01-DEL01-SC"
526872;2023-05-28;"domingo";"17:00:00";"MG";146;439;"GUAXUPE";"Acesso irregular";"Colisão lateral mesmo sentido";"Com Vítimas Feridas";"Plena Noite";"Crescente";"Céu Claro";"Simples";"Curva";"Não";3;0;0;2;1;0;2;2;-21,31;-46,59;"SPRF-MG";"DEL09-MG";"UOP01-DEL09-MG"
526873;2023-06-02;"sexta-feira";"13:00:00";"CE";222;2;"FORTALEZA";"Desrespeitar a preferência no cruzamento";"Colisão transversal";"Com Vítimas Feridas";"Pleno dia";"Decrescente";"Céu Claro";"Dupla";"Interseção de Vias;Reta;Retorno Regulamentado";"Sim";2;0;1;0;1;0;1;2;-3,737804;-38,578061;"SPRF-CE";"DEL01-CE";"UOP01-DEL01-CE"
526874;2023-06-02;"sexta-feira";"11:30:00";"PR";369;235;"JANDAIA DO SUL";"Acostamento em desnível";"Saída de leito carroçável";"Com Vítimas Feridas";"Pleno dia";"Decrescente";"Sol";"Simples";"Reta";"Não";2;0;2;0;0;0;2;1;-23,62987327;-51,67330742;"SPRF-PR";"DEL09-PR";"UOP01-DEL09-PR"
526875;2023-06-02;"sexta-feira";"10:40:00";"MG";365;778,3;"ITUIUTABA";"Demais falhas mecânicas ou elétricas";"Saída de leito carroçável";"Sem Vítimas";"Pleno dia";"Crescente";"Céu Claro";"Simples";"Reta";"Não";1;0;0;0;1;0;0;1;-18,95778027;-49,69867601;"SPRF-MG";"DEL15-MG";"UOP03-DEL15-MG"
526877;2023-06-02;"sexta-feira";"11:00:00";"MA";10;248;"IMPERATRIZ";"Desrespeitar a preferência no cruzamento";"Colisão transversal";"Com Vítimas Feridas";"Pleno dia";"Crescente";"Céu Claro";"Dupla";"Retorno Regulamentado";"Sim";2;0;1;0;1;0;1;2;-5,566143;-47,449028;"SPRF-MA";"DEL04-MA";"UOP01-DEL04-MA"
526878;2023-05-29;"segunda-feira";"06:30:00";"RJ";40;119;"DUQUE DE CAXIAS";"Animais na Pista";"Tombamento";"Com Vítimas Feridas";"Pleno dia";"Crescente";"Chuva";"Múltipla";"Reta";"Sim";1;0;1;0;0;0;1;1;-22,76375592;-43,28683062;"SPRF-RJ";"DEL01-RJ";"UOP01-DEL01-RJ"
526879;2023-03-24;"sexta-feira";"19:06:00";"GO";414;393,4;"CORUMBA DE GOIAS";"Ingestão de álcool ou de substâncias psicoativas pelo pedestre";"Atropelamento de Pedestre";"Com Vítimas Feridas";"Plena Noite";"Decrescente";"Céu Claro";"Dupla";"Reta";"Sim";2;0;2;0;0;0;2;2;-15,9218737;-48,80721699;"SPRF-GO";"DEL02-GO";"UOP01-DEL02-GO"
526880;2023-04-27;"quinta-feira";"12:55:00";"RJ";116;181;"NOVA IGUACU";"Demais falhas mecânicas ou elétricas";"Queda de ocupante de veículo";"Com Vítimas Feridas";"Pleno dia";"Decrescente";"Céu Claro";"Dupla";"Reta";"Não";2;0;2;0;0;0;2;1;-22,761312;-43,423492;"SPRF-RJ";"DEL01-RJ";"UOP02-DEL01-RJ"
526885;2023-06-02;"sexta-feira";"14:00:00";"RS";386;350,8;"ESTRELA";"Acessar a via sem observar a presença dos outros veículos";"Colisão lateral mesmo sentido";"Com Vítimas Feridas";"Pleno dia";"Decrescente";"Céu Claro";"Múltipla";"Em Obras;Reta";"Sim";2;0;1;0;1;0;1;2;-29,48131414;-51,95404714;"SPRF-RS";"DEL04-RS";"UOP01-DEL04-RS"
526888;2023-06-02;"sexta-feira";"09:50:00";"MA";222;296,1;"VITORIA DO MEARIM";"Transitar na contramão";"Colisão frontal";"Com Vítimas Feridas";"Pleno dia";"Crescente";"Céu Claro";"Simples";"Curva";"Sim";3;0;2;1;0;0;3;2;-3,480973;-44,8719371;"SPRF-MA";"DEL02-MA";"UOP01-DEL02-MA"
526889;2023-03-10;"sexta-feira";"20:15:00";"RS";392;714,1;"PORTO XAVIER";"Ingestão de álcool pelo condutor";"Colisão traseira";"Com Vítimas Feridas";"Plena Noite";"Crescente";"Céu Claro";"Simples";"Reta";"Não";2;0;1;1;0;0;2;2;-27,96176977;-55,12946963;"SPRF-RS";"DEL10-RS";"UOP01-DEL10-RS"
526890;2023-06-02;"sexta-feira";"13:10:00";"BA";116;546;"MILAGRES";"Avarias e/ou desgaste excessivo no pneu";"Saída de leito carroçável";"Com Vítimas Feridas";"Pleno dia";"Decrescente";"Céu Claro";"Simples";"Declive;Reta";"Não";1;0;0;1;0;0;1;1;-12,88;-39,858;"SPRF-BA";"DEL03-BA";"UOP02-DEL03-BA"
526891;2023-06-02;"sexta-feira";"12:00:00";"RJ";493;18,7;"GUAPIMIRIM";"Acessar a via sem observar a presença dos outros veículos";"Colisão transversal";"Com Vítimas Feridas";"Pleno dia";"Crescente";"Céu Claro";"Simples";"Reta";"Sim";2;0;1;0;1;0;1;2;-22,6687122;-43,01862696;"SPRF-RJ";"DEL04-RJ";"UOP02-DEL04-RJ"
526892;2023-06-02;"sexta-feira";"11:00:00";"RJ";101;533;"PARATY";"Ingestão de álcool pelo condutor";"Colisão frontal";"Com Vítimas Feridas";"Pleno dia";"Decrescente";"Céu Claro";"Simples";"Reta";"Não";2;0;0;1;1;0;1;2;-23,02405776;-44,53703641;"SPRF-RJ";"DEL03-RJ";"UOP03-DEL03-RJ"
526893;2023-05-09;"terça-feira";"18:15:00";"RS";472;186;"SANTO CRISTO";"Velocidade Incompatível";"Colisão frontal";"Com Vítimas Fatais";"Anoitecer";"Crescente";"Céu Claro";"Simples";"Reta";"Não";3;1;2;0;0;0;2;2;-27,8369;-54,6182;"SPRF-RS";"DEL10-RS";"UOP01-DEL10-RS"
526894;2023-06-02;"sexta-feira";"14:35:00";"RJ";393;256;"BARRA DO PIRAI";"Transitar na contramão";"Colisão frontal";"Com Vítimas Feridas";"Pleno dia";"Decrescente";"Céu Claro";"Simples";"Reta";"Não";2;0;1;0;1;0;1;2;-22,4534484;-43,80778895;"SPRF-RJ";"DEL05-RJ";"UOP04-DEL05-RJ"
526897;2023-06-02;"sexta-feira";"11:50:00";"MG";116;321,8;"ITAMBACURI";"Fumaça";"Saída de leito carroçável";"Com Vítimas Feridas";"Pleno dia";"Decrescente";"Céu Claro";"Simples";"Reta";"Não";1;0;1;0;0;0;1;1;-18,16374317;-41,70333555;"SPRF-MG";"DEL11-MG";"UOP01-DEL11-MG"
526898;2023-06-02;"sexta-feira";"15:35:00";"MG";381;485,4;"BETIM";"Ausência de reação do condutor";"Engavetamento";"Com Vítimas Feridas";"Pleno dia";"Crescente";"Céu Claro";"Múltipla";"Reta;Aclive";"Não";4;0;1;0;3;0;1;3;-19,95584;-44,09989;"SPRF-MG";"DEL01-MG";"UOP03-DEL01-MG"
526899;2023-06-02;"sexta-feira";"15:45:00";"SC";101;119,9;"ITAJAI";"Trafegar com motocicleta (ou similar) entre as faixas";"Colisão lateral mesmo sentido";"Com Vítimas Feridas";"Pleno dia";"Crescente";"Céu Claro";"Dupla";"Reta";"Não";2;0;0;1;1;0;1;2;-26,9043179;-48,71555481;"SPRF-SC";"DEL04-SC";"UOP04-DEL04-SC"
526900;2023-05-26;"sexta-feira";"18:10:00";"MS";262;320;"CAMPO GRANDE";"Acessar a via sem observar a presença dos outros veículos";"Colisão transversal";"Com Vítimas Feridas";"Plena Noite";"Crescente";"Céu Claro";"Simples";"Reta";"Sim";3;0;0;2;1;0;2;2;-20,46975411;-54,48689;"SPRF-MS";"DEL01-MS";"UOP01-DEL01-MS"
526901;2023-06-02;"sexta-feira";"15:55:00";"PR";277;716,2;"SANTA TEREZINHA DE ITAIPU";"Ausência de reação do condutor";"Colisão traseira";"Com Vítimas Feridas";"Pleno dia";"Decrescente";"Céu Claro";"Dupla";"Reta";"Não";4;0;3;0;1;0;3;2;-25,47252277;-54,46707409;"SPRF-PR";"DEL05-PR";"UOP01-DEL05-PR"
526902;2023-05-31;"quarta-feira";"17:30:00";"AP";210;3;"MACAPA";"Demais falhas mecânicas ou elétricas";"Incêndio";"Sem Vítimas";"Pleno dia";"Decrescente";"Céu Claro";"Simples";"Interseção de Vias";"Sim";1;0;0;0;1;0;0;1;0,08723365;-51,08569007;"SPRF-AP";"DEL01-AP";"UOP01-DEL01-AP"
526903;2023-06-02;"sexta-feira";"16:10:00";"RJ";40;105;"DUQUE DE CAXIAS";"Acessar a via sem observar a presença dos outros veículos";"Colisão transversal";"Com Vítimas Feridas";"Pleno dia";"Decrescente";"Céu Claro";"Múltipla";"Declive";"Sim";2;0;2;0;0;0;2;2;-22,63784806;-43,28428824;"SPRF-RJ";"DEL01-RJ";"UOP01-DEL01-RJ"
526904;2023-06-02;"sexta-feira";"15:30:00";"SC";101;30;"JOINVILLE";"Manobra de mudança de faixa";"Colisão lateral mesmo sentido";"Com Vítimas Feridas";"Pleno dia";"Decrescente";"Céu Claro";"Dupla";"Curva;Interseção de Vias";"Não";3;0;2;0;1;0;2;2;-26,216931;-48,91612807;"SPRF-SC";"DEL03-SC";"UOP01-DEL03-SC"
526905;2023-06-02;"sexta-feira";"16:10:00";"PI";343;271;"CAMPO MAIOR";"Ausência de reação do condutor";"Colisão traseira";"Com Vítimas Feridas";"Pleno dia";"Crescente";"Céu Claro";"Simples";"Reta";"Não";3;0;1;0;2;0;1;2;-4,860838;-42,207615;"SPRF-PI";"DEL01-PI";"UOP03-DEL01-PI"
526906;2023-06-02;"sexta-feira";"15:40:00";"ES";262;87;"DOMINGOS MARTINS";"Acessar a via sem observar a presença dos outros veículos";"Colisão transversal";"Com Vítimas Feridas";"Pleno dia";"Crescente";"Céu Claro";"Simples";"Reta";"Não";3;0;1;0;2;0;1;2;-20,39409905;-41,00077621;"SPRF-ES";"DEL01-ES";"UOP02-DEL01-ES"
526907;2023-04-08;"sábado";"00:00:00";"SP";116;229;"SAO PAULO";"Pedestre cruzava a pista fora da faixa";"Atropelamento de Pedestre";"Com Vítimas Fatais";"Plena Noite";"Crescente";"Garoa/Chuvisco";"Múltipla";"Reta";"Não";3;1;1;0;1;0;1;2;-23,51291902;-46,57604698;"SPRF-SP";"DEL01-SP";"UOP01-DEL01-SP"
526909;2023-06-02;"sexta-feira";"12:00:00";"RJ";116;89,2;"TERESOPOLIS";"Reação tardia ou ineficiente do condutor";"Colisão com objeto";"Com Vítimas Feridas";"Pleno dia";"Crescente";"Chuva";"Simples";"Curva";"Não";2;0;1;0;1;0;1;1;-22,45706098;-42,96221791;"SPRF-RJ";"DEL04-RJ";"UOP01-DEL04-RJ"
526910;2023-06-02;"sexta-feira";"16:25:00";"RJ";101;334;"RIO DE JANEIRO";"Condutor deixou de manter distância do veículo da frente";"Engavetamento";"Com Vítimas Feridas";"Pleno dia";"Crescente";"Nublado";"Dupla";"Reta";"Sim";3;0;1;0;2;0;1;3;-22,88690986;-43,2174468;"SPRF-RJ";"DEL02-RJ";"UOP01-DEL02-RJ"
526911;2023-06-02;"sexta-feira";"17:15:00";"CE";116;31;"AQUIRAZ";"Animais na Pista";"Queda de ocupante de veículo";"Com Vítimas Feridas";"Pleno dia";"Crescente";"Céu Claro";"Dupla";"Aclive";"Sim";1;0;0;1;0;0;1;1;-4,01989298;-38,51889923;"SPRF-CE";"DEL01-CE";"UOP02-DEL01-CE"
526913;2023-06-02;"sexta-feira";"16:45:00";"RS";116;236,1;"NOVO HAMBURGO";"Condutor desrespeitou a iluminação vermelha do semáforo";"Colisão transversal";"Com Vítimas Feridas";"Pleno dia";"Crescente";"Sol";"Dupla";"Interseção de Vias;Viaduto";"Sim";3;0;1;0;1;1;1;3;-29,66938502;-51,14304731;"SPRF-RS";"DEL01-RS";"UOP02-DEL01-RS"
526914;2023-06-02;"sexta-feira";"14:30:00";"MG";262;772,8;"UBERABA";"Acessar a via sem observar a presença dos outros veículos";"Colisão transversal";"Sem Vítimas";"Pleno dia";"Crescente";"Céu Claro";"Simples";"Reta";"Não";2;0;0;0;2;0;0;2;-19,70754792;-47,70151607;"SPRF-MG";"DEL13-MG";"UOP01-DEL13-MG"
526915;2023-06-02;"sexta-feira";"17:00:00";"SP";381;55;"MAIRIPORA";"Manobra de mudança de faixa";"Capotamento";"Com Vítimas Feridas";"Pleno dia";"Crescente";"Céu Claro";"Dupla";"Curva";"Sim";2;0;1;0;1;0;1;2;-23,25207404;-46,59480386;"SPRF-SP";"DEL03-SP";"UOP01-DEL03-SP"
526916;2023-06-02;"sexta-feira";"16:15:00";"AL";101;76,8;"RIO LARGO";"Ingestão de álcool pelo condutor";"Colisão traseira";"Sem Vítimas";"Pleno dia";"Crescente";"Céu Claro";"Dupla";"Reta";"Não";3;0;0;0;3;0;0;2;-9,41335597;-35,84073284;"SPRF-AL";"DEL01-AL";"UOP01-DEL01-AL"
526917;2023-06-02;"sexta-feira";"17:15:00";"SC";101;323;"PESCARIA BRAVA";"Reação tardia ou ineficiente do condutor";"Colisão traseira";"Com Vítimas Feridas";"Pleno dia";"Decrescente";"Céu Claro";"Dupla";"Curva;Declive";"Não";3;0;1;0;2;0;1;3;-28,42789556;-48,91248313;"SPRF-SC";"DEL02-SC";"UOP01-DEL02-SC"
526918;2023-06-02;"sexta-feira";"17:30:00";"SC";101;132,1;"BALNEARIO CAMBORIU";"Acessar a via sem observar a presença dos outros veículos";"Colisão traseira";"Com Vítimas Feridas";"Anoitecer";"Crescente";"Céu Claro";"Múltipla";"Interseção de Vias";"Não";2;0;1;0;1;0;1;2;-26,99654133;-48,65564711;"SPRF-SC";"DEL04-SC";"UOP03-DEL04-SC"
526920;2023-06-02;"sexta-feira";"17:12:00";"MG";381;510;"SAO JOAQUIM DE BICAS";"Ingestão de álcool pelo condutor";"Colisão com objeto";"Com Vítimas Feridas";"Pleno dia";"Decrescente";"Sol";"Múltipla";"Interseção de Vias;Reta";"Sim";2;0;0;1;1;0;1;2;-20,05872291;-44,28881764;"SPRF-MG";"DEL04-MG";"UOP03-DEL04-MG"
526921;2023-05-06;"sábado";"18:30:00";"RJ";101;512;"ANGRA DOS REIS";"Reação tardia ou ineficiente do condutor";"Queda de ocupante de veículo";"Com Vítimas Feridas";"Plena Noite";"Crescente";"Céu Claro";"Dupla";"Reta";"Sim";2;0;1;0;1;0;1;1;-22,96909;-44,44151;"SPRF-RJ";"DEL03-RJ";"UOP03-DEL03-RJ"
526922;2023-06-02;"sexta-feira";"17:00:00";"ES";101;261,9;"SERRA";"Manobra de mudança de faixa";"Colisão lateral mesmo sentido";"Com Vítimas Feridas";"Pleno dia";"Crescente";"Céu Claro";"Simples";"Declive";"Sim";2;0;1;0;0;1;1;2;-20,14854215;-40,27970926;"SPRF-ES";"DEL02-ES";"UOP01-DEL02-ES"
526923;2023-06-02;"sexta-feira";"17:10:00";"ES";262;38;"DOMINGOS MARTINS";"Trafegar com motocicleta (ou similar) entre as faixas";"Colisão transversal";"Com Vítimas Feridas";"Anoitecer";"Crescente";"Nublado";"Simples";"Reta;Interseção de Vias";"Não";3;0;1;0;2;0;1;2;-20,38085315;-40,62068704;"SPRF-ES";"DEL01-ES";"UOP01-DEL01-ES"
526924;2023-06-02;"sexta-feira";"16:30:00";"MG";381;268;"TIMOTEO";"Reação tardia ou ineficiente do condutor";"Colisão lateral mesmo sentido";"Com Vítimas Feridas";"Pleno dia";"Decrescente";"Céu Claro";"Simples";"Reta";"Não";2;0;0;1;1;0;1;2;-19,53877668;-42,68374715;"SPRF-MG";"DEL03-MG";"UOP02-DEL03-MG"
526927;2023-06-02;"sexta-feira";"17:50:00";"SC";101;122;"ITAJAI";"Reação tardia ou ineficiente do condutor";"Colisão traseira";"Com Vítimas Feridas";"Anoitecer";"Crescente";"Céu Claro";"Dupla";"Reta";"Sim";2;0;1;0;1;0;1;2;-26,92955916;-48,70499836;"SPRF-SC";"DEL04-SC";"UOP04-DEL04-SC"
526928;2023-06-02;"sexta-feira";"15:05:00";"ES";262;111;"VENDA NOVA DO IMIGRANTE";"Acumulo de areia ou detritos sobre o pavimento";"Queda de ocupante de veículo";"Com Vítimas Feridas";"Pleno dia";"Decrescente";"Céu Claro";"Simples";"Reta";"Sim";1;0;0;1;0;0;1;1;-20,33710625;-41,19042567;"SPRF-ES";"DEL01-ES";"UOP02-DEL01-ES"
526929;2023-06-02;"sexta-feira";"18:25:00";"RS";392;68;"PELOTAS";"Ausência de reação do condutor";"Colisão lateral mesmo sentido";"Com Vítimas Feridas";"Plena Noite";"Crescente";"Céu Claro";"Dupla";"Interseção de Vias";"Não";2;0;1;0;1;0;1;2;-31,74853677;-52,40231256;"SPRF-RS";"DEL07-RS";"UOP01-DEL07-RS"
526930;2023-06-02;"sexta-feira";"17:35:00";"PR";277;689,3;"SAO MIGUEL DO IGUACU";"Acessar a via sem observar a presença dos outros veículos";"Colisão transversal";"Com Vítimas Feridas";"Anoitecer";"Decrescente";"Sol";"Dupla";"Interseção de Vias;Reta;Retorno Regulamentado";"Sim";2;0;0;1;1;0;1;2;-25,35059002;-54,24064696;"SPRF-PR";"DEL05-PR";"UOP01-DEL05-PR"
526931;2023-06-02;"sexta-feira";"16:40:00";"RJ";356;39;"ITAPERUNA";"Avarias e/ou desgaste excessivo no pneu";"Queda de ocupante de veículo";"Com Vítimas Feridas";"Pleno dia";"Decrescente";"Céu Claro";"Simples";"Reta";"Não";2;0;2;0;0;0;2;1;-21,20820314;-41,85021596;"SPRF-RJ";"DEL08-RJ";"UOP03-DEL08-RJ"
526932;2023-06-02;"sexta-feira";"18:40:00";"SC";101;195,6;"BIGUACU";"Ausência de reação do condutor";"Colisão traseira";"Sem Vítimas";"Plena Noite";"Crescente";"Céu Claro";"Múltipla";"Reta";"Sim";2;0;0;0;2;0;0;2;-27,5047092;-48,65010819;"SPRF-SC";"DEL01-SC";"UOP01-DEL01-SC"