"id";"data_inversa";"dia_semana";"horario";"uf";"br";"km";"municipio";"causa_acidente";"tipo_acidente";"classificacao_acidente";"fase_dia";"sentido_via";"condicao_metereologica";"tipo_pista";"tracado_via";"uso_solo";"pessoas";"mortos";"feridos_leves";"feridos_graves";"ilesos";"ignorados";"feridos";"veiculos";"latitude";"longitude";"regional";"delegacia";"uop"
527342;2023-06-04;"domingo";"11:00:00";"MG";381;457,2;"BELO HORIZONTE";"Condutor deixou de manter distância do veículo da frente";"Engavetamento";"Com Vítimas Feridas";"Pleno dia";"Crescente";"Sol";"Dupla";"Reta;Aclive";"Sim";6;0;1;1;4;0;2;5;-19,85036;-43,888045;"SPRF-MG";"DEL01-MG";"UOP01-DEL01-MG"
527343;2023-06-03;"sábado";"18:30:00";"RS";285;579,5;"SAO LUIZ GONZAGA";"Obstrução na via";"Colisão traseira";"Com Vítimas Feridas";"Anoitecer";"Decrescente";"Céu Claro";"Simples";"Reta";"Não";3;0;2;0;1;0;2;2;-28,430254;-55,085625;"SPRF-RS";"DEL12-RS";"UOP01-DEL12-RS"
527345;2023-06-04;"domingo";"12:30:00";"SP";153;115;"JOSE BONIFACIO";"Avarias e/ou desgaste excessivo no pneu";"Tombamento";"Com Vítimas Feridas";"Pleno dia";"Crescente";"Céu Claro";"Simples";"Reta";"Não";1;0;1;0;0;0;1;1;-21,12936492;-49,69487819;"SPRF-SP";"DEL09-SP";"UOP01-DEL09-SP"
527347;2023-06-04;"domingo";"12:00:00";"PR";376;522,3;"PONTA GROSSA";"Ausência de reação do condutor";"Saída de leito carroçável";"Com Vítimas Feridas";"Pleno dia";"Crescente";"Sol";"Dupla";"Reta";"Não";1;0;0;1;0;0;1;1;-25,27378194;-49,94723797;"SPRF-PR";"DEL03-PR";"UOP04-DEL03-PR"
527348;2023-06-04;"domingo";"12:00:00";"MG";116;596,2;"SAO JOAO DO MANHUACU";"Velocidade Incompatível";"Colisão com objeto";"Com Vítimas Feridas";"Pleno dia";"Crescente";"Céu Claro";"Simples";"Curva";"Não";1;0;1;0;0;0;1;1;-20,30179626;-42,14967503;"SPRF-MG";"DEL06-MG";"UOP03-DEL06-MG"
527349;2023-06-04;"domingo";"12:50:00";"PR";376;617;"SAO JOSE DOS PINHAIS";"Velocidade Incompatível";"Colisão traseira";"Com Vítimas Feridas";"Pleno dia";"Decrescente";"Céu Claro";"Dupla";"Reta;Aclive";"Sim";2;0;1;0;1;0;1;2;-25,58426494;-49,17618795;"SPRF-PR";"DEL01-PR";"UOP04-DEL01-PR"
527350;2023-06-04;"domingo";"11:45:00";"SC";101;308;"LAGUNA";"Avarias e/ou desgaste excessivo no pneu";"Queda de ocupante de veículo";"Com Vítimas Feridas";"Pleno dia";"Decrescente";"Céu Claro";"Simples";"Reta";"Sim";1;0;0;1;0;0;1;1;-28,399616;-48,7854;"SPRF-SC";"DEL02-SC";"UOP01-DEL02-SC"
527351;2023-06-04;"domingo";"12:35:00";"BA";324;515,9;"FEIRA DE SANTANA";"Acessar a via sem observar a presença dos outros veículos";"Colisão transversal";"Com Vítimas Feridas";"Pleno dia";"Crescente";"Nublado";"Simples";"Reta";"Sim";3;0;0;1;0;2;1;2;-12,24265;-38,93705;"SPRF-BA";"DEL02-BA";"UOP01-DEL02-BA"
527352;2023-06-04;"domingo";"13:00:00";"BA";116;454;"SANTO ESTEVAO";"Ausência de reação do condutor";"Saída de leito carroçável";"Com Vítimas Feridas";"Pleno dia";"Decrescente";"Sol";"Dupla";"Reta";"Não";2;0;1;0;1;0;1;1;-12,415894;-39,191067;"SPRF-BA";"DEL02-BA";"UOP01-DEL02-BA"
527353;2023-06-04;"domingo";"07:30:00";"RO";435;85;"COLORADO DO OESTE";"Acessar a via sem observar a presença dos outros veículos";"Colisão transversal";"Com Vítimas Feridas";"Pleno dia";"Decrescente";"Céu Claro";"Simples";"Reta;Rotatória";"Sim";4;0;1;0;3;0;1;2;-13,12518822;-60,54437399;"SPRF-RO";"DEL04-RO";"UOP02-DEL04-RO"
527355;2023-06-04;"domingo";"11:00:00";"GO";50;240,7;"CATALAO";"Velocidade Incompatível";"Colisão com objeto";"Com Vítimas Feridas";"Pleno dia";"Crescente";"Céu Claro";"Dupla";"Desvio Temporário;Reta;Em Obras";"Não";1;0;1;0;0;0;1;1;-17,8833;-47,7912;"SPRF-GO";"DEL06-GO";"UOP01-DEL06-GO"
527356;2023-03-23;"quinta-feira";"11:00:00";"PR";376;176,5;"MARINGA";"Acessar a via sem observar a presença dos outros veículos";"Tombamento";"Com Vítimas Feridas";"Pleno dia";"Decrescente";"Ignorado";"Múltipla";"Reta";"Sim";2;0;1;0;0;1;1;2;-23,41210214;-51,93320912;"SPRF-PR";"DEL09-PR";"UOP01-DEL09-PR"
527357;2023-06-04;"domingo";"13:45:00";"PR";369;191;"ARAPONGAS";"Reação tardia ou ineficiente do condutor";"Colisão traseira";"Com Vítimas Feridas";"Pleno dia";"Decrescente";"Céu Claro";"Dupla";"Declive;Reta";"Não";2;0;0;1;1;0;1;2;-23,46815;-51,42364;"SPRF-PR";"DEL07-PR";"UOP03-DEL07-PR"
527358;2023-06-04;"domingo";"13:40:00";"BA";116;687,4;"JEQUIE";"Ultrapassagem Indevida";"Colisão lateral mesmo sentido";"Com Vítimas Feridas";"Pleno dia";"Decrescente";"Céu Claro";"Simples";"Reta;Aclive";"Não";3;0;1;0;2;0;1;2;-13,9121709;-40,15218318;"SPRF-BA";"DEL03-BA";"UOP01-DEL03-BA"
527359;2023-06-04;"domingo";"14:40:00";"PE";101;44;"ABREU E LIMA";"Entrada inopinada do pedestre";"Atropelamento de Pedestre";"Sem Vítimas";"Pleno dia";"Decrescente";"Céu Claro";"Dupla";"Reta";"Sim";2;0;0;0;1;1;0;2;-7,84753808;-34,90977038;"SPRF-PE";"DEL01-PE";"UOP02-DEL01-PE"
527360;2023-06-04;"domingo";"10:20:00";"MT";70;304,5;"PRIMAVERA DO LESTE";"Ausência de reação do condutor";"Saída de leito carroçável";"Com Vítimas Feridas";"Pleno dia";"Decrescente";"Céu Claro";"Simples";"Reta";"Não";1;0;1;0;0;0;1;1;-15,57490523;-54,51450102;"SPRF-MT";"DEL05-MT";"UOP01-DEL05-MT"
527362;2023-06-04;"domingo";"14:15:00";"CE";116;7,2;"FORTALEZA";"Transitar na contramão";"Colisão frontal";"Com Vítimas Feridas";"Pleno dia";"Crescente";"Sol";"Simples";"Curva;Aclive;Viaduto";"Sim";2;0;1;0;1;0;1;2;-3,81156571;-38,50090027;"SPRF-CE";"DEL01-CE";"UOP02-DEL01-CE"
527363;2023-06-04;"domingo";"14:45:00";"SC";470;88,5;"ASCURRA";"Ingestão de álcool pelo condutor";"Atropelamento de Pedestre";"Com Vítimas Feridas";"Pleno dia";"Crescente";"Céu Claro";"Simples";"Curva";"Não";2;0;1;0;1;0;1;2;-26,95927;-49,37577;"SPRF-SC";"DEL04-SC";"UOP01-DEL04-SC"
527364;2023-06-04;"domingo";"12:50:00";"MG";116;412,2;"GOVERNADOR VALADARES";"Desrespeitar a preferência no cruzamento";"Colisão transversal";"Com Vítimas Feridas";"Pleno dia";"Crescente";"Céu Claro";"Simples";"Reta";"Sim";3;0;1;0;2;0;1;2;-18,8764834;-41,96434021;"SPRF-MG";"DEL06-MG";"UOP01-DEL06-MG"
527365;2023-06-04;"domingo";"10:20:00";"MG";381;233,8;"BELO ORIENTE";"Condutor deixou de manter distância do veículo da frente";"Colisão traseira";"Com Vítimas Feridas";"Pleno dia";"Crescente";"Céu Claro";"Simples";"Reta";"Não";4;0;2;1;1;0;3;2;-19,347252;-42,432874;"SPRF-MG";"DEL06-MG";"UOP01-DEL06-MG"
527366;2023-04-28;"sexta-feira";"20:30:00";"SC";101;126;"ITAJAI";"Manobra de mudança de faixa";"Tombamento";"Com Vítimas Feridas";"Plena Noite";"Crescente";"Céu Claro";"Dupla";"Reta";"Não";2;0;1;0;1;0;1;2;-26,95564404;-48,67978366;"SPRF-SC";"DEL04-SC";"UOP04-DEL04-SC"
527367;2023-06-04;"domingo";"14:05:00";"AP";156;366;"FERREIRA GOMES";"Condutor Dormindo";"Saída de leito carroçável";"Com Vítimas Fatais";"Pleno dia";"Decrescente";"Céu Claro";"Simples";"Reta";"Não";1;1;0;0;0;0;0;1;0,77914379;-51,28337022;"SPRF-AP";"DEL01-AP";"UOP01-DEL01-AP"
527369;2023-06-04;"domingo";"16:20:00";"SC";470;47;"BLUMENAU";"Conversão proibida";"Colisão transversal";"Sem Vítimas";"Pleno dia";"Decrescente";"Céu Claro";"Simples";"Em Obras";"Não";2;0;0;0;2;0;0;2;-26,864044;-49,046516;"SPRF-SC";"DEL04-SC";"UOP01-DEL04-SC"
527370;2023-06-04;"domingo";"13:44:00";"PR";153;2,3;"IMBITUVA";"Velocidade Incompatível";"Saída de leito carroçável";"Com Vítimas Fatais";"Pleno dia";"Decrescente";"Céu Claro";"Simples";"Declive;Reta";"Sim";1;1;0;0;0;0;0;1;-25,19955;-50,59823;"SPRF-PR";"DEL03-PR";"UOP01-DEL03-PR"
527371;2023-06-04;"domingo";"15:00:00";"BA";20;117;"SAO DESIDERIO";"Obras na pista";"Queda de ocupante de veículo";"Com Vítimas Feridas";"Pleno dia";"Decrescente";"Céu Claro";"Simples";"Em Obras;Reta";"Não";1;0;1;0;0;0;1;1;-12,924;-45,98;"SPRF-BA";"DEL10-BA";"UOP01-DEL10-BA"
527372;2023-05-27;"sábado";"19:15:00";"PR";376;174,5;"MARINGA";"Reação tardia ou ineficiente do condutor";"Colisão transversal";"Com Vítimas Feridas";"Plena Noite";"Crescente";"Chuva";"Dupla";"Declive;Reta";"Sim";2;0;1;0;1;0;1;2;-23,41430102;-51,94984299;"SPRF-PR";"DEL09-PR";"UOP01-DEL09-PR"
527373;2023-06-04;"domingo";"17:00:00";"SC";101;181;"BIGUACU";"Reação tardia ou ineficiente do condutor";"Queda de ocupante de veículo";"Com Vítimas Feridas";"Anoitecer";"Decrescente";"Céu Claro";"Simples";"Reta;Aclive";"Não";1;0;1;0;0;0;1;1;-27,38958699;-48,63197593;"SPRF-SC";"DEL01-SC";"UOP01-DEL01-SC"
527374;2023-06-04;"domingo";"15:15:00";"PR";373;174,9;"PONTA GROSSA";"Velocidade Incompatível";"Capotamento";"Sem Vítimas";"Pleno dia";"Crescente";"Céu Claro";"Dupla";"Reta";"Sim";2;0;0;0;0;2;0;2;-25,06728094;-50,21211882;"SPRF-PR";"DEL03-PR";"UOP01-DEL03-PR"
527376;2023-06-04;"domingo";"17:00:00";"SC";282;26;"AGUAS MORNAS";"Ingestão de álcool pelo condutor";"Engavetamento";"Sem Vítimas";"Pleno dia";"Crescente";"Céu Claro";"Simples";"Reta";"Sim";8;0;0;0;8;0;0;3;-27,70701123;-48,84176016;"SPRF-SC";"DEL01-SC";"UOP03-DEL01-SC"
527377;2023-06-04;"domingo";"16:15:00";"BA";324;533;"FEIRA DE SANTANA";"Chuva";"Capotamento";"Com Vítimas Feridas";"Pleno dia";"Crescente";"Chuva";"Múltipla";"Reta";"Não";2;0;1;0;1;0;1;1;-12,34449694;-38,84017496;"SPRF-BA";"DEL01-BA";"UOP03-DEL01-BA"
527378;2023-06-04;"domingo";"17:20:00";"SC";101;132;"BALNEARIO CAMBORIU";"Ingestão de álcool pelo condutor";"Queda de ocupante de veículo";"Com Vítimas Feridas";"Pleno dia";"Crescente";"Céu Claro";"Múltipla";"Curva";"Sim";2;0;1;0;1;0;1;1;-26,99654133;-48,65564711;"SPRF-SC";"DEL04-SC";"UOP03-DEL04-SC"
527379;2023-06-04;"domingo";"16:35:00";"PR";163;162,4;"LINDOESTE";"Ingestão de álcool pelo condutor";"Saída de leito carroçável";"Sem Vítimas";"Pleno dia";"Crescente";"Céu Claro";"Dupla";"Curva;Declive";"Não";3;0;0;0;3;0;0;1;-25,31897491;-53,59171426;"SPRF-PR";"DEL05-PR";"UOP05-DEL05-PR"
527380;2023-06-04;"domingo";"14:40:00";"PR";163;261,1;"TOLEDO";"Condutor Dormindo";"Saída de leito carroçável";"Com Vítimas Feridas";"Pleno dia";"Crescente";"Céu Claro";"Dupla";"Reta;Aclive";"Não";1;0;1;0;0;0;1;1;-24,65580065;-53,82690684;"SPRF-PR";"DEL06-PR";"UOP02-DEL06-PR"
527381;2023-06-04;"domingo";"17:15:00";"PR";277;538,9;"IBEMA";"Pista Escorregadia";"Saída de leito carroçável";"Com Vítimas Feridas";"Pleno dia";"Decrescente";"Céu Claro";"Simples";"Aclive;Em Obras;Curva";"Não";1;0;1;0;0;0;1;1;-25,10568241;-53,02473905;"SPRF-PR";"DEL04-PR";"UOP04-DEL04-PR"
527382;2023-06-04;"domingo";"17:30:00";"MG";365;606;"UBERLANDIA";"Ausência de reação do condutor";"Colisão com objeto";"Com Vítimas Feridas";"Anoitecer";"Crescente";"Céu Claro";"Simples";"Interseção de Vias;Reta";"Não";2;0;2;0;0;0;2;1;-18,91688593;-48,17707923;"SPRF-MG";"DEL15-MG";"UOP01-DEL15-MG"
527383;2023-06-04;"domingo";"17:45:00";"PE";232;9;"RECIFE";"Manobra de mudança de faixa";"Colisão lateral mesmo sentido";"Com Vítimas Feridas";"Anoitecer";"Crescente";"Céu Claro";"Múltipla";"Reta";"Sim";3;0;1;0;0;2;1;3;-8,07764447;-34,97863609;"SPRF-PE";"DEL01-PE";"UOP01-DEL01-PE"
527384;2023-06-04;"domingo";"17:13:00";"AL";316;260;"PILAR";"Transitar na contramão";"Colisão frontal";"Com Vítimas Fatais";"Anoitecer";"Crescente";"Nublado";"Simples";"Reta";"Não";7;1;1;0;5;0;1;3;-9,59126595;-35,904985;"SPRF-AL";"DEL02-AL";"UOP01-DEL02-AL"
527386;2023-06-04;"domingo";"16:30:00";"MS";359;207;"COXIM";"Animais na Pista";"Atropelamento de Animal";"Com Vítimas Feridas";"Anoitecer";"Crescente";"Céu Claro";"Simples";"Reta;Declive";"Não";2;0;2;0;0;0;2;1;-18,4617877944;-54,5364362037;"SPRF-MS";"DEL06-MS";"UOP01-DEL06-MS"
527387;2023-06-04;"domingo";"17:30:00";"PE";101;27;"IGARASSU";"Demais falhas mecânicas ou elétricas";"Tombamento";"Com Vítimas Feridas";"Anoitecer";"Crescente";"Nublado";"Múltipla";"Reta";"Não";2;0;1;1;0;0;2;1;-7,71433379;-34,93478417;"SPRF-PE";"DEL01-PE";"UOP02-DEL01-PE"
527388;2023-06-04;"domingo";"17:55:00";"AL";104;37,2;"UNIAO DOS PALMARES";"Ausência de reação do condutor";"Queda de ocupante de veículo";"Com Vítimas Feridas";"Plena Noite";"Crescente";"Céu Claro";"Simples";"Reta";"Não";1;0;0;1;0;0;1;1;-9,17491283;-36,02935415;"SPRF-AL";"DEL01-AL";"UOP02-DEL01-AL"
527389;2023-06-04;"domingo";"17:45:00";"PR";376;638;"TIJUCAS DO SUL";"Reação tardia ou ineficiente do condutor";"Queda de ocupante de veículo";"Com Vítimas Feridas";"Anoitecer";"Crescente";"Céu Claro";"Dupla";"Reta";"Não";2;0;2;0;0;0;2;1;-25,7795661;-49,12064552;"SPRF-PR";"DEL01-PR";"UOP04-DEL01-PR"
527390;2023-06-04;"domingo";"17:30:00";"AL";104;36;"UNIAO DOS PALMARES";"Reação tardia ou ineficiente do condutor";"Colisão traseira";"Com Vítimas Feridas";"Anoitecer";"Crescente";"Nublado";"Simples";"Reta";"Sim";2;0;0;1;1;0;1;2;-9,16859247;-36,02287647;"SPRF-AL";"DEL01-AL";"UOP02-DEL01-AL"
527391;2023-06-04;"domingo";"18:20:00";"MG";381;576;"ITAGUARA";"Velocidade Incompatível";"Saída de leito carroçável";"Com Vítimas Feridas";"Anoitecer";"Crescente";"Céu Claro";"Dupla";"Curva";"Não";2;0;1;0;1;0;1;1;-20,48100267;-44,58883345;"SPRF-MG";"DEL04-MG";"UOP01-DEL04-MG"
527392;2023-06-04;"domingo";"17:45:00";"SP";101;47;"UBATUBA";"Acessar a via sem observar a presença dos outros veículos";"Colisão transversal";"Com Vítimas Feridas";"Plena Noite";"Crescente";"Céu Claro";"Simples";"Ponte;Reta";"Sim";2;0;1;0;1;0;1;2;-23,429897;-45,082436;"SPRF-SP";"DEL06-SP";"UOP01-DEL06-SP"
527393;2023-06-04;"domingo";"18:30:00";"SE";235;109,1;"CARIRA";"Mal súbito do condutor";"Saída de leito carroçável";"Com Vítimas Fatais";"Plena Noite";"Decrescente";"Nublado";"Simples";"Declive";"Sim";1;1;0;0;0;0;0;1;-10,346371;-37,707779;"SPRF-SE";"DEL01-SE";"UOP02-DEL01-SE"
527394;2023-06-04;"domingo";"18:20:00";"MG";40;484,9;"CAPIM BRANCO";"Acessar a via sem observar a presença dos outros veículos";"Colisão transversal";"Com Vítimas Feridas";"Plena Noite";"Crescente";"Céu Claro";"Dupla";"Interseção de Vias;Reta;Retorno Regulamentado";"Sim";5;0;3;0;2;0;3;2;-19,57299;-44,23021;"SPRF-MG";"DEL02-MG";"UOP01-DEL02-MG"
527395;2023-06-04;"domingo";"17:30:00";"MG";40;418,2;"CURVELO";"Reação tardia ou ineficiente do condutor";"Colisão traseira";"Com Vítimas Feridas";"Pleno dia";"Crescente";"Céu Claro";"Simples";"Declive;Reta";"Não";4;0;1;0;3;0;1;3;-19,15807;-44,58087;"SPRF-MG";"DEL02-MG";"UOP01-DEL02-MG"
527396;2023-06-04;"domingo";"14:30:00";"MG";40;702,8;"BARBACENA";"Falta de acostamento";"Colisão lateral mesmo sentido";"Com Vítimas Feridas";"Pleno dia";"Decrescente";"Sol";"Dupla";"Reta";"Sim";2;0;1;0;1;0;1;2;-21,19178602;-43,75167711;"SPRF-MG";"DEL05-MG";"UOP02-DEL05-MG"
527397;2023-06-04;"domingo";"18:20:00";"SC";101;157;"PORTO BELO";"Manobra de mudança de faixa";"Colisão lateral mesmo sentido";"Com Vítimas Feridas";"Anoitecer";"Crescente";"Céu Claro";"Dupla";"Reta";"Sim";3;0;1;0;2;0;1;3;-27,181625;-48,6121179;"SPRF-SC";"DEL04-SC";"UOP03-DEL04-SC"
527398;2023-06-04;"domingo";"18:20:00";"GO";60;57;"ABADIANIA";"Demais falhas mecânicas ou elétricas";"Incêndio";"Sem Vítimas";"Plena Noite";"Decrescente";"Céu Claro";"Dupla";"Reta";"Não";1;0;0;0;1;0;0;1;-16,190404;-48,678709;"SPRF-GO";"DEL02-GO";"UOP01-DEL02-GO"
527399;2023-06-04;"domingo";"18:30:00";"RS";293;2,3;"PELOTAS";"Desrespeitar a preferência no cruzamento";"Colisão transversal";"Sem Vítimas";"Plena Noite";"Decrescente";"Céu Claro";"Simples";"Rotatória";"Não";2;0;0;0;1;1;0;2;-31,750426;-52,35999499;"SPRF-RS";"DEL07-RS";"UOP01-DEL07-RS"
527400;2023-06-04;"domingo";"17:30:00";"PB";104;98;"ESPERANCA";"Conversão proibida";"Colisão transversal";"Com Vítimas Feridas";"Anoitecer";"Decrescente";"Céu Claro";"Simples";"Reta";"Não";2;0;1;0;1;0;1;2;-7,02803215;-35,85657159;"SPRF-PB";"DEL02-PB";"UOP04-DEL02-PB"
527402;2023-06-04;"domingo";"18:55:00";"SC";101;193;"BIGUACU";"Acessar a via sem observar a presença dos outros veículos";"Colisão lateral mesmo sentido";"Com Vítimas Feridas";"Plena Noite";"Crescente";"Céu Claro";"Dupla";"Reta";"Não";4;0;0;2;2;0;2;2;-27,489574;-48,655914;"SPRF-SC";"DEL01-SC";"UOP01-DEL01-SC"
527403;2023-06-04;"domingo";"18:05:00";"PR";376;532;"PALMEIRA";"Ingestão de álcool pelo condutor";"Tombamento";"Com Vítimas Fatais";"Anoitecer";"Crescente";"Céu Claro";"Dupla";"Curva";"Não";1;1;0;0;0;0;0;1;-25,30919217;-49,88651276;"SPRF-PR";"DEL03-PR";"UOP03-DEL03-PR"
527404;2023-06-04;"domingo";"18:28:00";"RS";386;349,1;"LAJEADO";"Ausência de reação do condutor";"Saída de leito carroçável";"Com Vítimas Feridas";"Plena Noite";"Decrescente";"Céu Claro";"Dupla";"Em Obras;Viaduto;Reta";"Sim";1;0;0;1;0;0;1;1;-29,46650319;-51,95468903;"SPRF-RS";"DEL04-RS";"UOP01-DEL04-RS"
527405;2023-06-04;"domingo";"16:45:00";"GO";60;163;"GOIANIA";"Entrada inopinada do pedestre";"Atropelamento de Pedestre";"Com Vítimas Feridas";"Pleno dia";"Crescente";"Céu Claro";"Dupla";"Reta";"Sim";2;0;0;1;1;0;1;2;-16,7002;-49,3335;"SPRF-GO";"DEL01-GO";"UOP02-DEL01-GO"
527406;2023-06-04;"domingo";"18:40:00";"SP";116;219,1;"GUARULHOS";"Reação tardia ou ineficiente do condutor";"Tombamento";"Com Vítimas Feridas";"Plena Noite";"Decrescente";"Vento";"Múltipla";"Reta";"Sim";1;0;1;0;0;0;1;1;-23,46143954;-46,48885316;"SPRF-SP";"DEL01-SP";"UOP01-DEL01-SP"
527408;2023-06-04;"domingo";"19:00:00";"RS";470;216;"BENTO GONCALVES";"Reação tardia ou ineficiente do condutor";"Colisão com objeto";"Com Vítimas Feridas";"Plena Noite";"Crescente";"Céu Claro";"Dupla";"Reta";"Sim";2;0;1;1;0;0;2;1;-29,16923824;-51,52565897;"SPRF-RS";"DEL06-RS";"UOP01-DEL06-RS"
527409;2023-06-04;"domingo";"19:15:00";"SP";116;65,1;"GUARATINGUETA";"Reação tardia ou ineficiente do condutor";"Colisão com objeto";"Com Vítimas Feridas";"Plena Noite";"Crescente";"Céu Claro";"Dupla";"Reta";"Sim";3;0;1;1;1;0;2;3;-22,8226642;-45,19471228;"SPRF-SP";"DEL08-SP";"UOP01-DEL08-SP"
527410;2023-06-04;"domingo";"17:20:00";"BA";367;40;"PORTO SEGURO";"Animais na Pista";"Atropelamento de Animal";"Com Vítimas Feridas";"Anoitecer";"Decrescente";"Céu Claro";"Simples";"Reta";"Não";2;0;1;1;0;0;2;1;-16,38667547;-39,20954904;"SPRF-BA";"DEL09-BA";"UOP03-DEL09-BA"
527411;2023-06-04;"domingo";"17:00:00";"BA";116;637;"JAGUAQUARA";"Ausência de reação do condutor";"Saída de leito carroçável";"Com Vítimas Feridas";"Pleno dia";"Crescente";"Céu Claro";"Simples";"Reta";"Não";2;0;1;0;1;0;1;1;-13,50672946;-40,05364095;"SPRF-BA";"DEL03-BA";"UOP01-DEL03-BA"
527415;2023-06-04;"domingo";"19:10:00";"SC";101;207;"SAO JOSE";"Acessar a via sem observar a presença dos outros veículos";"Colisão lateral mesmo sentido";"Com Vítimas Feridas";"Plena Noite";"Decrescente";"Céu Claro";"Dupla";"Interseção de Vias;Reta";"Sim";3;0;1;0;2;0;1;2;-27,60001226;-48,6226467;"SPRF-SC";"DEL01-SC";"UOP01-DEL01-SC"
527419;2023-06-04;"domingo";"19:30:00";"GO";40;1,4;"VALPARAISO DE GOIAS";"Ingestão de álcool pelo condutor";"Colisão traseira";"Sem Vítimas";"Plena Noite";"Crescente";"Céu Claro";"Dupla";"Reta";"Sim";3;0;0;0;1;2;0;3;-16,058245;-47,982825;"SPRF-DF";"DEL01-DF";"UOP01-DEL01-DF"
527420;2023-06-04;"domingo";"17:45:00";"PE";423;78;"JUCATI";"Transitar na contramão";"Colisão lateral sentido oposto";"Com Vítimas Feridas";"Anoitecer";"Crescente";"Céu Claro";"Simples";"Reta";"Não";3;0;1;0;2;0;1;3;-8,74910298;-36,43120556;"SPRF-PE";"DEL03-PE";"UOP01-DEL03-PE"
527421;2023-06-04;"domingo";"19:30:00";"PR";277;65,8;"SAO JOSE DOS PINHAIS";"Acessar a via sem observar a presença dos outros veículos";"Atropelamento de Pedestre";"Com Vítimas Fatais";"Plena Noite";"Crescente";"Céu Claro";"Dupla";"Reta";"Sim";2;1;0;0;1;0;0;2;-25,5530337;-49,03504085;"SPRF-PR";"DEL01-PR";"UOP01-DEL01-PR"
527424;2023-06-04;"domingo";"19:30:00";"SP";116;144,6;"SAO JOSE DOS CAMPOS";"Condutor deixou de manter distância do veículo da frente";"Colisão traseira";"Com Vítimas Feridas";"Plena Noite";"Crescente";"Céu Claro";"Múltipla";"Reta";"Sim";2;0;1;0;0;1;1;2;-23,18274416;-45,84633592;"SPRF-SP";"DEL02-SP";"UOP01-DEL02-SP"
527426;2023-06-04;"domingo";"18:30:00";"RJ";101;12,8;"CAMPOS DOS GOYTACAZES";"Condutor usando celular";"Capotamento";"Com Vítimas Feridas";"Plena Noite";"Decrescente";"Céu Claro";"Simples";"Curva;Declive";"Não";4;0;4;0;0;0;4;1;-21,31648344;-41,32577696;"SPRF-RJ";"DEL08-RJ";"UOP01-DEL08-RJ"
527427;2023-06-04;"domingo";"20:10:00";"AP";210;21;"MACAPA";"Ausência de sinalização";"Saída de leito carroçável";"Sem Vítimas";"Plena Noite";"Decrescente";"Céu Claro";"Simples";"Em Obras;Rotatória";"Não";2;0;0;0;2;0;0;1;0,204595;-51,116596;"SPRF-AP";"DEL01-AP";"UOP01-DEL01-AP"
527429;2023-06-04;"domingo";"21:10:00";"PE";407;71,7;"PETROLINA";"Manobra de mudança de faixa";"Colisão lateral sentido oposto";"Com Vítimas Feridas";"Plena Noite";"Crescente";"Nublado";"Simples";"Reta";"Não";4;0;0;1;0;3;1;3;-8,93876415;-40,73305834;"SPRF-PE";"DEL06-PE";"UOP02-DEL06-PE"
527430;2023-06-04;"domingo";"14:12:00";"RN";406;169;"SAO GONCALO DO AMARANTE";"Desrespeitar a preferência no cruzamento";"Colisão transversal";"Sem Vítimas";"Anoitecer";"Decrescente";"Sol";"Simples";"Interseção de Vias";"Não";2;0;0;0;2;0;0;2;-5,7557011809;-35,3072850686;"SPRF-RN";"DEL02-RN";"UOP01-DEL02-RN"
527433;2023-06-04;"domingo";"20:50:00";"MG";116;580,5;"MANHUACU";"Ingestão de álcool pelo condutor";"Colisão traseira";"Com Vítimas Feridas";"Plena Noite";"Decrescente";"Céu Claro";"Simples";"Reta";"Sim";3;0;1;0;2;0;1;3;-20,18726337;-42,18489254;"SPRF-MG";"DEL06-MG";"UOP03-DEL06-MG"
527434;2023-06-04;"domingo";"20:45:00";"SC";282;324,8;"CAMPOS NOVOS";"Ausência de reação do condutor";"Colisão com objeto";"Sem Vítimas";"Plena Noite";"Decrescente";"Céu Claro";"Simples";"Reta";"Não";1;0;0;0;0;1;0;1;-27,37923673;-51,06295109;"SPRF-SC";"DEL07-SC";"UOP06-DEL07-SC"
527435;2023-06-04;"domingo";"18:20:00";"RJ";101;314;"SAO GONCALO";"Reação tardia ou ineficiente do condutor";"Colisão lateral mesmo sentido";"Com Vítimas Feridas";"Plena Noite";"Crescente";"Céu Claro";"Dupla";"Reta";"Sim";6;0;1;0;5;0;1;2;-22,81648739;-43,07728467;"SPRF-RJ";"DEL02-RJ";"UOP02-DEL02-RJ"
527436;2023-06-04;"domingo";"19:45:00";"GO";153;533,3;"HIDROLANDIA";"Animais na Pista";"Atropelamento de Animal";"Sem Vítimas";"Plena Noite";"Decrescente";"Céu Claro";"Dupla";"Reta";"Sim";5;0;0;0;5;0;0;1;-16,9941;-49,2281;"SPRF-GO";"DEL01-GO";"UOP03-DEL01-GO"
527438;2023-06-04;"domingo";"21:14:00";"PI";316;7;"TERESINA";"Manobra de mudança de faixa";"Colisão traseira";"Com Vítimas Feridas";"Plena Noite";"Decrescente";"Céu Claro";"Múltipla";"Aclive";"Sim";3;0;0;1;1;1;1;2;-5,15584638;-42,77173332;"SPRF-PI";"DEL01-PI";"UOP02-DEL01-PI"
527439;2023-06-04;"domingo";"19:40:00";"PA";230;117,2;"MARABA";"Acessar a via sem observar a presença dos outros veículos";"Colisão transversal";"Com Vítimas Feridas";"Plena Noite";"Crescente";"Céu Claro";"Dupla";"Reta;Declive;Retorno Regulamentado";"Sim";3;0;2;0;1;0;2;2;-5,35569904;-49,09047302;"SPRF-PA";"DEL03-PA";"UOP01-DEL03-PA"