"id";"data_inversa";"dia_semana";"horario";"uf";"br";"km";"municipio";"causa_acidente";"tipo_acidente";"classificacao_acidente";"fase_dia";"sentido_via";"condicao_metereologica";"tipo_pista";"tracado_via";"uso_solo";"pessoas";"mortos";"feridos_leves";"feridos_graves";"ilesos";"ignorados";"feridos";"veiculos";"latitude";"longitude";"regional";"delegacia";"uop"
527440;2023-06-04;"domingo";"21:40:00";"DF";60;16,9;"BRASILIA";"Entrada inopinada do pedestre";"Atropelamento de Pedestre";"Com Vítimas Fatais";"Plena Noite";"Decrescente";"Nublado";"Dupla";"Reta;Aclive";"Não";3;1;0;0;2;0;0;2;-15,960296;-48,177682;"SPRF-DF";"DEL03-DF";"UOP01-DEL03-DF"
527442;2023-06-04;"domingo";"18:30:00";"RO";425;100;"NOVA MAMORE";"Acessar a via sem observar a presença dos outros veículos";"Colisão lateral mesmo sentido";"Sem Vítimas";"Anoitecer";"Decrescente";"Céu Claro";"Simples";"Interseção de Vias;Reta";"Sim";3;0;0;0;3;0;0;2;-10,411559;-65,33094;"SPRF-RO";"DEL01-RO";"UOP03-DEL01-RO"
527443;2023-06-04;"domingo";"21:15:00";"GO";414;434,9;"ANAPOLIS";"Animais na Pista";"Atropelamento de Animal";"Com Vítimas Feridas";"Plena Noite";"Decrescente";"Céu Claro";"Simples";"Reta";"Não";3;0;1;1;1;0;2;1;-16,23713788;-48,93293623;"SPRF-GO";"DEL02-GO";"UOP01-DEL02-GO"
527444;2023-06-04;"domingo";"22:30:00";"PE";101;44;"IGARASSU";"Ingestão de álcool pelo condutor";"Colisão traseira";"Sem Vítimas";"Plena Noite";"Decrescente";"Céu Claro";"Múltipla";"Reta";"Sim";4;0;0;0;4;0;0;2;-7,855744;-34,908507;"SPRF-PE";"DEL01-PE";"UOP02-DEL01-PE"
527445;2023-06-04;"domingo";"17:20:00";"PI";343;5;"PARNAIBA";"Acessar a via sem observar a presença dos outros veículos";"Colisão lateral mesmo sentido";"Com Vítimas Feridas";"Pleno dia";"Crescente";"Sol";"Simples";"Curva";"Não";2;0;1;0;0;1;1;2;-2,8956;-41,696838;"SPRF-PI";"DEL05-PI";"UOP01-DEL05-PI"
527446;2023-06-04;"domingo";"22:30:00";"PR";116;8;"QUATRO BARRAS";"Ingestão de álcool pelo condutor";"Saída de leito carroçável";"Sem Vítimas";"Plena Noite";"Decrescente";"Céu Claro";"Dupla";"Reta";"Sim";1;0;0;0;1;0;0;1;-25,36756618;-49,10304608;"SPRF-PR";"DEL01-PR";"UOP02-DEL01-PR"
527450;2023-06-04;"domingo";"21:40:00";"BA";330;808;"JEQUIE";"Acumulo de areia ou detritos sobre o pavimento";"Saída de leito carroçável";"Com Vítimas Feridas";"Plena Noite";"Crescente";"Céu Claro";"Simples";"Curva";"Não";2;0;1;0;1;0;1;1;-13,99414328;-39,93243047;"SPRF-BA";"DEL03-BA";"UOP01-DEL03-BA"
527451;2023-06-04;"domingo";"22:30:00";"PE";232;59;"POMBOS";"Acessar a via sem observar a presença dos outros veículos";"Colisão lateral mesmo sentido";"Com Vítimas Feridas";"Plena Noite";"Crescente";"Garoa/Chuvisco";"Dupla";"Curva";"Sim";4;0;1;1;2;0;2;2;-8,1471233;-35,39890998;"SPRF-PE";"DEL02-PE";"UOP02-DEL02PE"
527452;2023-06-04;"domingo";"23:30:00";"SP";381;88;"GUARULHOS";"Ausência de reação do condutor";"Colisão com objeto";"Com Vítimas Feridas";"Plena Noite";"Crescente";"Céu Claro";"Múltipla";"Reta";"Sim";1;0;1;0;0;0;1;1;-23,47469314;-46,56112919;"SPRF-SP";"DEL03-SP";"UOP01-DEL03-SP"
527453;2023-06-04;"domingo";"23:40:00";"BA";116;16;"VITORIA DA CONQUISTA";"Acessar a via sem observar a presença dos outros veículos";"Colisão transversal";"Com Vítimas Feridas";"Plena Noite";"Decrescente";"Nublado";"Simples";"Interseção de Vias";"Sim";2;0;1;0;1;0;1;2;-14,851;-40,8485;"SPRF-BA";"DEL08-BA";"UOP01-DEL08-BA"
527454;2023-06-04;"domingo";"22:30:00";"RS";392;352;"SANTA MARIA";"Ausência de reação do condutor";"Colisão com objeto";"Sem Vítimas";"Plena Noite";"Crescente";"Garoa/Chuvisco";"Dupla";"Reta;Em Obras;Desvio Temporário;Interseção de Vias";"Sim";1;0;0;0;1;0;0;1;-29,720404;-53,807632;"SPRF-RS";"DEL09-RS";"UOP01-DEL09-RS"
527455;2023-06-04;"domingo";"18:40:00";"SC";470;94,4;"APIUNA";"Ausência de reação do condutor";"Colisão frontal";"Com Vítimas Feridas";"Plena Noite";"Crescente";"Céu Claro";"Simples";"Reta";"Não";3;0;0;1;2;0;1;2;-27,00866705;-49,37350273;"SPRF-SC";"DEL04-SC";"UOP01-DEL04-SC"
527456;2023-06-04;"domingo";"23:20:00";"RS";471;149,9;"SANTA CRUZ DO SUL";"Pedestre andava na pista";"Atropelamento de Pedestre";"Com Vítimas Fatais";"Plena Noite";"Decrescente";"Nublado";"Simples";"Reta";"Sim";3;1;0;0;1;1;0;2;-29,808634;-52,405289;"SPRF-RS";"DEL02-RS";"UOP03-DEL02-RS"
527457;2023-06-04;"domingo";"15:08:00";"MA";135;23;"MIRANDA DO NORTE";"Ausência de reação do condutor";"Colisão traseira";"Com Vítimas Feridas";"Pleno dia";"Crescente";"Céu Claro";"Simples";"Ponte";"Não";2;0;1;0;1;0;1;2;-3,5389;-44,566261;"SPRF-MA";"DEL01-MA";"UOP01-DEL01-MA"
527458;2023-06-05;"segunda-feira";"00:00:00";"SC";101;132;"BALNEARIO CAMBORIU";"Velocidade Incompatível";"Saída de leito carroçável";"Com Vítimas Feridas";"Plena Noite";"Decrescente";"Céu Claro";"Múltipla";"Reta";"Sim";2;0;0;2;0;0;2;1;-26,99654133;-48,65564711;"SPRF-SC";"DEL04-SC";"UOP03-DEL04-SC"
527460;2023-06-05;"segunda-feira";"00:50:00";"GO";70;0;"AGUAS LINDAS DE GOIAS";"Demais falhas mecânicas ou elétricas";"Incêndio";"Sem Vítimas";"Plena Noite";"Crescente";"Céu Claro";"Dupla";"Reta;Declive";"Não";1;0;0;0;0;1;0;1;-15,783543;-48,2326;"SPRF-DF";"DEL03-DF";"UOP02-DEL03-DF"
527461;2023-06-04;"domingo";"18:05:00";"PE";232;337;"CUSTODIA";"Ultrapassagem Indevida";"Colisão frontal";"Com Vítimas Feridas";"Plena Noite";"Crescente";"Céu Claro";"Simples";"Aclive;Reta";"Não";3;0;2;1;0;0;3;2;-8,08243169;-37,66570793;"SPRF-PE";"DEL04-PE";"UOP02-DEL04-PE"
527462;2023-06-05;"segunda-feira";"00:07:00";"MS";163;482,1;"CAMPO GRANDE";"Ingestão de álcool pelo condutor";"Colisão traseira";"Sem Vítimas";"Plena Noite";"Decrescente";"Céu Claro";"Simples";"Reta";"Sim";2;0;0;0;1;1;0;2;-20,4614175;-54,5522217;"SPRF-MS";"DEL01-MS";"UOP02-DEL01-MS"
527463;2023-06-04;"domingo";"20:30:00";"PE";424;19;"PEDRA";"Transitar na contramão";"Colisão frontal";"Com Vítimas Feridas";"Plena Noite";"Decrescente";"Céu Claro";"Simples";"Reta";"Não";5;0;1;3;1;0;4;3;-8,50257626;-36,93358845;"SPRF-PE";"DEL04-PE";"UOP02-DEL04-PE"
527464;2023-06-05;"segunda-feira";"00:50:00";"TO";153;498;"PARAISO DO TOCANTINS";"Ingestão de álcool pelo condutor";"Colisão frontal";"Com Vítimas Feridas";"Plena Noite";"Decrescente";"Céu Claro";"Simples";"Declive";"Sim";2;0;1;0;1;0;1;2;-10,17483505;-48,88054838;"SPRF-TO";"DEL01-TO";"UOP01-DEL01-TO"
527469;2023-06-05;"segunda-feira";"02:23:00";"SC";470;45,2;"GASPAR";"Ingestão de álcool pelo condutor";"Saída de leito carroçável";"Com Vítimas Feridas";"Plena Noite";"Crescente";"Nevoeiro/Neblina";"Simples";"Reta;Em Obras";"Não";1;0;1;0;0;0;1;1;-26,867064;-49,031109;"SPRF-SC";"DEL04-SC";"UOP01-DEL04-SC"
527470;2023-06-05;"segunda-feira";"01:21:00";"ES";101;266;"SERRA";"Ausência de reação do condutor";"Colisão com objeto";"Com Vítimas Feridas";"Plena Noite";"Decrescente";"Céu Claro";"Múltipla";"Interseção de Vias";"Sim";3;0;3;0;0;0;3;1;-20,190199;-40,26828891;"SPRF-ES";"DEL02-ES";"UOP01-DEL02-ES"
527471;2023-06-05;"segunda-feira";"01:00:00";"MG";40;712,3;"BARBACENA";"Velocidade Incompatível";"Saída de leito carroçável";"Com Vítimas Feridas";"Plena Noite";"Decrescente";"Nevoeiro/Neblina";"Dupla";"Retorno Regulamentado;Curva";"Sim";2;0;2;0;0;0;2;1;-21,24929406;-43,6682155;"SPRF-MG";"DEL05-MG";"UOP02-DEL05-MG"
527472;2023-06-05;"segunda-feira";"03:15:00";"PR";116;113;"CURITIBA";"Estacionar ou parar em local proibido";"Colisão lateral mesmo sentido";"Sem Vítimas";"Plena Noite";"Crescente";"Nublado";"Múltipla";"Reta";"Sim";2;0;0;0;1;1;0;2;-25,56730763;-49,23706792;"SPRF-PR";"DEL01-PR";"UOP07-DEL01-PR"
527473;2023-06-05;"segunda-feira";"04:50:00";"RJ";116;130;"MAGE";"Ausência de reação do condutor";"Saída de leito carroçável";"Com Vítimas Feridas";"Plena Noite";"Decrescente";"Céu Claro";"Dupla";"Reta";"Sim";2;0;1;0;1;0;1;1;-22,65949914;-43,11671944;"SPRF-RJ";"DEL04-RJ";"UOP02-DEL04-RJ"
527474;2023-06-03;"sábado";"07:30:00";"AC";364;123;"RIO BRANCO";"Reação tardia ou ineficiente do condutor";"Colisão traseira";"Com Vítimas Feridas";"Pleno dia";"Crescente";"Céu Claro";"Dupla";"Reta";"Sim";3;0;3;0;0;0;3;2;-10,0117071;-67,782373;"SPRF-AC";"DEL01-AC";"UOP01-DEL01-AC"
527476;2023-06-05;"segunda-feira";"05:50:00";"MS";267;494;"JARDIM";"Acessar a via sem observar a presença dos outros veículos";"Colisão transversal";"Com Vítimas Feridas";"Amanhecer";"Crescente";"Céu Claro";"Simples";"Reta";"Não";2;0;1;0;1;0;1;2;-21,49631948;-56,25620601;"SPRF-MS";"DEL05-MS";"UOP01-DEL05-MS"
527477;2023-06-05;"segunda-feira";"05:25:00";"GO";40;2;"VALPARAISO DE GOIAS";"Ingestão de álcool pelo condutor";"Atropelamento de Pedestre";"Sem Vítimas";"Amanhecer";"Decrescente";"Céu Claro";"Dupla";"Retorno Regulamentado";"Sim";1;0;0;0;1;0;0;1;-16,067129;-47,984235;"SPRF-DF";"DEL01-DF";"UOP01-DEL01-DF"
527480;2023-06-05;"segunda-feira";"06:40:00";"GO";50;109,9;"CRISTALINA";"Reação tardia ou ineficiente do condutor";"Queda de ocupante de veículo";"Com Vítimas Feridas";"Pleno dia";"Decrescente";"Céu Claro";"Dupla";"Reta";"Não";2;0;2;0;0;0;2;1;-16,854004;-47,676735;"SPRF-DF";"DEL01-DF";"UOP02-DEL01-DF"
527481;2023-06-05;"segunda-feira";"06:20:00";"RS";470;228;"GARIBALDI";"Desrespeitar a preferência no cruzamento";"Colisão transversal";"Com Vítimas Feridas";"Pleno dia";"Crescente";"Nevoeiro/Neblina";"Simples";"Retorno Regulamentado";"Sim";2;0;0;1;1;0;1;2;-29,21759706;-51,51703722;"SPRF-RS";"DEL06-RS";"UOP01-DEL06-RS"
527482;2023-06-05;"segunda-feira";"06:25:00";"CE";20;376,8;"CAUCAIA";"Ausência de reação do condutor";"Saída de leito carroçável";"Com Vítimas Feridas";"Pleno dia";"Crescente";"Céu Claro";"Simples";"Reta;Aclive";"Não";2;0;2;0;0;0;2;1;-3,946272305;-38,8710155449;"SPRF-CE";"DEL01-CE";"UOP01-DEL01-CE"
527483;2023-06-05;"segunda-feira";"07:00:00";"SP";116;219;"GUARULHOS";"Ausência de reação do condutor";"Colisão lateral mesmo sentido";"Com Vítimas Feridas";"Pleno dia";"Crescente";"Sol";"Múltipla";"Reta";"Não";3;0;1;0;2;0;1;2;-23,46143954;-46,48885316;"SPRF-SP";"DEL01-SP";"UOP01-DEL01-SP"
527484;2023-06-05;"segunda-feira";"05:30:00";"TO";153;570;"FATIMA";"Reação tardia ou ineficiente do condutor";"Colisão com objeto";"Com Vítimas Fatais";"Amanhecer";"Crescente";"Céu Claro";"Simples";"Declive;Reta";"Não";2;1;0;0;0;1;0;2;-10,82855598;-48,90383333;"SPRF-TO";"DEL01-TO";"UOP01-DEL01-TO"
527485;2023-06-05;"segunda-feira";"06:45:00";"PR";277;335;"GUARAPUAVA";"Animais na Pista";"Atropelamento de Animal";"Com Vítimas Feridas";"Pleno dia";"Crescente";"Céu Claro";"Dupla";"Curva";"Não";2;0;2;0;0;0;2;1;-25,34455644;-51,40157998;"SPRF-PR";"DEL08-PR";"UOP01-DEL08-PR"
527486;2023-06-05;"segunda-feira";"06:20:00";"SC";116;138,1;"SANTA CECILIA";"Transitar na contramão";"Colisão com objeto";"Com Vítimas Feridas";"Amanhecer";"Decrescente";"Nevoeiro/Neblina";"Simples";"Reta";"Sim";1;0;1;0;0;0;1;1;-26,95365013;-50,42351412;"SPRF-SC";"DEL06-SC";"UOP02-DEL06-SC"
527487;2023-06-04;"domingo";"20:00:00";"SC";470;47;"BLUMENAU";"Retorno proibido";"Colisão transversal";"Com Vítimas Feridas";"Plena Noite";"Decrescente";"Céu Claro";"Simples";"Em Obras";"Não";2;0;2;0;0;0;2;2;-26,864044;-49,046516;"SPRF-SC";"DEL04-SC";"UOP01-DEL04-SC"
527488;2023-06-05;"segunda-feira";"07:00:00";"RS";470;225,7;"GARIBALDI";"Acessar a via sem observar a presença dos outros veículos";"Colisão transversal";"Com Vítimas Feridas";"Amanhecer";"Crescente";"Nevoeiro/Neblina";"Simples";"Interseção de Vias";"Sim";2;0;1;0;1;0;1;2;-29,24662821;-51,5159601;"SPRF-RS";"DEL06-RS";"UOP01-DEL06-RS"
527489;2023-06-05;"segunda-feira";"05:42:00";"MT";163;761;"SORRISO";"Ausência de reação do condutor";"Queda de ocupante de veículo";"Com Vítimas Feridas";"Pleno dia";"Crescente";"Céu Claro";"Simples";"Reta";"Não";1;0;1;0;0;0;1;1;-12,59053996;-55,74088705;"SPRF-MT";"DEL06-MT";"UOP01-DEL06-MT"
527490;2023-06-05;"segunda-feira";"06:45:00";"RS";116;361,9;"TAPES";"Desvio temporário";"Saída de leito carroçável";"Com Vítimas Feridas";"Amanhecer";"Decrescente";"Nublado";"Múltipla";"Desvio Temporário";"Não";1;0;1;0;0;0;1;1;-30,63341897;-51,54988909;"SPRF-RS";"DEL02-RS";"UOP02-DEL02-RS"
527491;2023-06-05;"segunda-feira";"07:30:00";"SP";116;218;"GUARULHOS";"Manobra de mudança de faixa";"Colisão traseira";"Com Vítimas Feridas";"Pleno dia";"Crescente";"Céu Claro";"Múltipla";"Reta";"Sim";2;0;1;0;1;0;1;2;-23,457972;-46,479927;"SPRF-SP";"DEL01-SP";"UOP01-DEL01-SP"
527493;2023-06-05;"segunda-feira";"07:59:00";"ES";262;16,3;"VIANA";"Conversão proibida";"Colisão transversal";"Com Vítimas Feridas";"Pleno dia";"Crescente";"Céu Claro";"Simples";"Reta";"Não";2;0;2;0;0;0;2;2;-20,38441093;-40,463078;"SPRF-ES";"DEL01-ES";"UOP01-DEL01-ES"
527494;2023-06-05;"segunda-feira";"07:03:00";"PB";230;26;"JOAO PESSOA";"Ausência de reação do condutor";"Colisão traseira";"Com Vítimas Feridas";"Pleno dia";"Decrescente";"Sol";"Simples";"Interseção de Vias";"Sim";3;0;1;0;1;1;1;2;-7,1693;-34,8782;"SPRF-PB";"DEL01-PB";"UOP01-DEL01-PB"
527496;2023-06-05;"segunda-feira";"07:00:00";"SP";381;88;"GUARULHOS";"Ausência de reação do condutor";"Colisão lateral mesmo sentido";"Com Vítimas Feridas";"Pleno dia";"Crescente";"Céu Claro";"Simples";"Reta";"Sim";3;0;2;0;1;0;2;2;-23,47469314;-46,56112919;"SPRF-SP";"DEL03-SP";"UOP01-DEL03-SP"
527497;2023-06-05;"segunda-feira";"07:50:00";"PR";277;720;"FOZ DO IGUACU";"Avarias e/ou desgaste excessivo no pneu";"Tombamento";"Com Vítimas Feridas";"Pleno dia";"Crescente";"Céu Claro";"Dupla";"Reta";"Sim";2;0;2;0;0;0;2;1;-25,49878215;-54,52985294;"SPRF-PR";"DEL05-PR";"UOP03-DEL05-PR"
527500;2023-06-05;"segunda-feira";"07:50:00";"SC";282;389,4;"JOACABA";"Acessar a via sem observar a presença dos outros veículos";"Colisão transversal";"Com Vítimas Feridas";"Pleno dia";"Crescente";"Nevoeiro/Neblina";"Dupla";"Reta";"Sim";2;0;1;0;1;0;1;2;-27,178604;-51,541367;"SPRF-SC";"DEL07-SC";"UOP05-DEL07-SC"
527502;2023-06-05;"segunda-feira";"08:15:00";"RN";110;49;"MOSSORO";"Manobra de mudança de faixa";"Colisão lateral mesmo sentido";"Com Vítimas Feridas";"Pleno dia";"Decrescente";"Céu Claro";"Dupla";"Reta";"Sim";3;0;1;1;1;0;2;2;-5,21645975;-37,32927128;"SPRF-RN";"DEL04-RN";"UOP01-DEL04-RN"
527503;2023-06-05;"segunda-feira";"07:22:00";"SP";116;301;"SAO LOURENCO DA SERRA";"Reação tardia ou ineficiente do condutor";"Capotamento";"Com Vítimas Feridas";"Pleno dia";"Decrescente";"Céu Claro";"Múltipla";"Aclive;Reta";"Não";7;0;3;0;3;1;3;5;-23,81147602;-46,92298208;"SPRF-SP";"DEL04-SP";"UOP01-DEL04-SP"
527506;2023-06-05;"segunda-feira";"08:25:00";"SP";116;220;"GUARULHOS";"Reação tardia ou ineficiente do condutor";"Colisão traseira";"Com Vítimas Feridas";"Pleno dia";"Crescente";"Céu Claro";"Múltipla";"Reta";"Sim";2;0;1;0;1;0;1;2;-23,46472809;-46,49793962;"SPRF-SP";"DEL01-SP";"UOP01-DEL01-SP"
527507;2023-06-05;"segunda-feira";"08:00:00";"SC";101;204,4;"SAO JOSE";"Trafegar com motocicleta (ou similar) entre as faixas";"Queda de ocupante de veículo";"Com Vítimas Feridas";"Pleno dia";"Crescente";"Sol";"Múltipla";"Declive;Reta";"Sim";2;0;2;0;0;0;2;1;-27,57413014;-48,61363083;"SPRF-SC";"DEL01-SC";"UOP01-DEL01-SC"
527510;2023-05-09;"terça-feira";"07:20:00";"MG";381;479;"CONTAGEM";"Manobra de mudança de faixa";"Colisão lateral mesmo sentido";"Com Vítimas Feridas";"Pleno dia";"Decrescente";"Céu Claro";"Dupla";"Declive;Reta";"Sim";2;0;1;0;0;1;1;2;-19,96399101;-44,04762268;"SPRF-MG";"DEL01-MG";"UOP03-DEL01-MG"
527511;2023-06-05;"segunda-feira";"06:55:00";"RS";116;253;"SAPUCAIA DO SUL";"Ausência de reação do condutor";"Colisão traseira";"Com Vítimas Feridas";"Amanhecer";"Decrescente";"Garoa/Chuvisco";"Múltipla";"Reta;Viaduto;Declive";"Sim";2;0;1;0;0;1;1;2;-29,80913395;-51,1675292;"SPRF-RS";"DEL01-RS";"UOP02-DEL01-RS"
527514;2023-06-05;"segunda-feira";"08:00:00";"RS";116;231;"IVOTI";"Ultrapassagem Indevida";"Colisão lateral sentido oposto";"Com Vítimas Feridas";"Pleno dia";"Crescente";"Nublado";"Simples";"Reta;Rotatória";"Sim";2;0;1;0;1;0;1;2;-29,62743221;-51,13858608;"SPRF-RS";"DEL01-RS";"UOP02-DEL01-RS"
527517;2023-06-05;"segunda-feira";"07:50:00";"BA";415;29,8;"ILHEUS";"Falta de acostamento";"Saída de leito carroçável";"Com Vítimas Feridas";"Pleno dia";"Crescente";"Nublado";"Simples";"Reta";"Não";1;0;1;0;0;0;1;1;-14,8482;-39,281986;"SPRF-BA";"DEL05-BA";"UOP01-DEL05-BA"
527518;2023-06-05;"segunda-feira";"08:20:00";"PI";343;1,7;"TERESINA";"Reação tardia ou ineficiente do condutor";"Colisão transversal";"Sem Vítimas";"Pleno dia";"Decrescente";"Céu Claro";"Dupla";"Interseção de Vias";"Sim";2;0;0;0;2;0;0;2;-5,089569;-42,802288;"SPRF-PI";"DEL01-PI";"UOP01-DEL01-PI"
527519;2023-06-05;"segunda-feira";"08:45:00";"GO";60;442,6;"JATAI";"Manobra de mudança de faixa";"Colisão traseira";"Com Vítimas Feridas";"Pleno dia";"Decrescente";"Céu Claro";"Dupla";"Reta;Retorno Regulamentado";"Não";5;0;2;0;3;0;2;2;-17,8421;-51,4504;"SPRF-GO";"DEL05-GO";"UOP01-DEL05-GO"
527521;2023-06-05;"segunda-feira";"09:00:00";"RS";290;94;"PORTO ALEGRE";"Condutor Dormindo";"Colisão traseira";"Com Vítimas Feridas";"Pleno dia";"Crescente";"Nublado";"Múltipla";"Reta";"Sim";2;0;1;0;1;0;1;2;-29,973856;-51,197853;"SPRF-RS";"DEL01-RS";"UOP01-DEL01-RS"
527522;2023-06-05;"segunda-feira";"07:57:00";"PR";369;174,9;"ROLANDIA";"Condutor deixou de manter distância do veículo da frente";"Colisão traseira";"Com Vítimas Feridas";"Pleno dia";"Crescente";"Céu Claro";"Dupla";"Reta";"Sim";4;0;3;0;0;1;3;2;-23,32167314;-51,38282597;"SPRF-PR";"DEL07-PR";"UOP01-DEL07-PR"
527523;2023-06-05;"segunda-feira";"07:50:00";"BA";110;195;"RIBEIRA DO AMPARO";"Mal súbito do condutor";"Capotamento";"Sem Vítimas";"Pleno dia";"Crescente";"Chuva";"Simples";"Reta;Declive";"Não";3;0;0;0;3;0;0;1;-11,06562905;-38,51166329;"SPRF-BA";"DEL07-BA";"UOP02-DEL07-BA"
527524;2023-06-05;"segunda-feira";"08:45:00";"RS";386;354;"ESTRELA";"Acessar a via sem observar a presença dos outros veículos";"Colisão transversal";"Sem Vítimas";"Pleno dia";"Decrescente";"Chuva";"Dupla";"Reta";"Não";4;0;0;0;4;0;0;2;-29,500067;-51,949615;"SPRF-RS";"DEL04-RS";"UOP01-DEL04-RS"
527525;2023-06-05;"segunda-feira";"09:20:00";"SP";116;517,5;"CAJATI";"Reação tardia ou ineficiente do condutor";"Saída de leito carroçável";"Com Vítimas Feridas";"Pleno dia";"Decrescente";"Céu Claro";"Simples";"Curva";"Não";1;0;1;0;0;0;1;1;-24,8768469;-48,22732309;"SPRF-SP";"DEL05-SP";"UOP02-DEL05-SP"
527527;2023-06-05;"segunda-feira";"10:00:00";"CE";20;362,2;"MARANGUAPE";"Acessar a via sem observar a presença dos outros veículos";"Colisão transversal";"Com Vítimas Fatais";"Pleno dia";"Crescente";"Céu Claro";"Simples";"Curva";"Não";3;1;0;0;2;0;0;2;-4,01194904;-38,97510395;"SPRF-CE";"DEL02-CE";"UOP01-DEL02-CE"
527528;2023-06-01;"quinta-feira";"19:30:00";"RJ";116;44;"TERESOPOLIS";"Demais falhas mecânicas ou elétricas";"Incêndio";"Sem Vítimas";"Plena Noite";"Crescente";"Chuva";"Simples";"Reta";"Não";1;0;0;0;1;0;0;1;-22,15853413;-42,80593191;"SPRF-RJ";"DEL04-RJ";"UOP01-DEL04-RJ"
527529;2023-06-05;"segunda-feira";"09:10:00";"PR";277;686;"SAO MIGUEL DO IGUACU";"Reação tardia ou ineficiente do condutor";"Saída de leito carroçável";"Com Vítimas Feridas";"Pleno dia";"Crescente";"Céu Claro";"Dupla";"Reta";"Sim";2;0;1;0;1;0;1;1;-25,33975596;-54,21578002;"SPRF-PR";"DEL05-PR";"UOP01-DEL05-PR"
527531;2023-06-05;"segunda-feira";"09:40:00";"PE";101;45;"IGARASSU";"Ausência de reação do condutor";"Colisão traseira";"Com Vítimas Feridas";"Pleno dia";"Decrescente";"Céu Claro";"Múltipla";"Reta;Declive";"Sim";3;0;0;2;1;0;2;2;-7,86521297;-34,90715176;"SPRF-PE";"DEL01-PE";"UOP02-DEL01-PE"
527534;2023-06-05;"segunda-feira";"05:00:00";"BA";101;905;"IBIRAPUA";"Reação tardia ou ineficiente do condutor";"Saída de leito carroçável";"Com Vítimas Feridas";"Amanhecer";"Decrescente";"Céu Claro";"Simples";"Declive;Curva";"Não";1;0;1;0;0;0;1;1;-17,77034;-39,775371;"SPRF-BA";"DEL09-BA";"UOP02-DEL09-BA"
527535;2023-06-05;"segunda-feira";"10:20:00";"PB";230;462;"SOUSA";"Acessar a via sem observar a presença dos outros veículos";"Colisão lateral mesmo sentido";"Com Vítimas Feridas";"Pleno dia";"Crescente";"Sol";"Simples";"Reta";"Sim";2;0;1;0;1;0;1;2;-6,7768;-38,215;"SPRF-PB";"DEL03-PB";"UOP03-DEL03-PB"
527536;2023-05-30;"terça-feira";"18:12:00";"RS";386;346,5;"LAJEADO";"Condutor deixou de manter distância do veículo da frente";"Colisão traseira";"Com Vítimas Feridas";"Plena Noite";"Decrescente";"Céu Claro";"Dupla";"Em Obras;Reta";"Sim";2;0;0;1;1;0;1;2;-29,44830531;-51,97196245;"SPRF-RS";"DEL04-RS";"UOP01-DEL04-RS"
527538;2023-05-25;"quinta-feira";"07:30:00";"PR";376;2;"SAO JOSE DOS PINHAIS";"Reação tardia ou ineficiente do condutor";"Colisão lateral mesmo sentido";"Com Vítimas Feridas";"Pleno dia";"Crescente";"Céu Claro";"Dupla";"Reta";"Sim";3;0;1;0;1;1;1;2;-25,55236479;-49,18735319;"SPRF-PR";"DEL01-PR";"UOP04-DEL01-PR"
527543;2023-06-05;"segunda-feira";"10:30:00";"SC";101;88;"BARRA VELHA";"Condutor deixou de manter distância do veículo da frente";"Colisão traseira";"Sem Vítimas";"Pleno dia";"Decrescente";"Céu Claro";"Dupla";"Viaduto;Reta;Declive";"Sim";2;0;0;0;2;0;0;2;-26,64253985;-48,68950684;"SPRF-SC";"DEL03-SC";"UOP02-DEL03-SC"
527544;2023-06-05;"segunda-feira";"08:45:00";"PI";343;338;"TERESINA";"Ausência de reação do condutor";"Saída de leito carroçável";"Com Vítimas Feridas";"Pleno dia";"Crescente";"Céu Claro";"Dupla";"Reta";"Não";1;0;1;0;0;0;1;1;-5,063362;-42,722912;"SPRF-PI";"DEL01-PI";"UOP01-DEL01-PI"
527545;2023-06-05;"segunda-feira";"11:00:00";"SP";381;27;"ATIBAIA";"Avarias e/ou desgaste excessivo no pneu";"Queda de ocupante de veículo";"Com Vítimas Feridas";"Pleno dia";"Crescente";"Céu Claro";"Dupla";"Reta";"Sim";2;0;1;0;1;0;1;1;-23,02966952;-46,53903723;"SPRF-SP";"DEL03-SP";"UOP02-DEL03-SP"
527551;2023-06-05;"segunda-feira";"11:10:00";"PE";428;186,5;"PETROLINA";"Manobra de mudança de faixa";"Colisão transversal";"Com Vítimas Feridas";"Pleno dia";"Decrescente";"Céu Claro";"Dupla";"Reta;Retorno Regulamentado";"Sim";2;0;0;1;1;0;1;2;-9,36373957;-40,48236072;"SPRF-PE";"DEL06-PE";"UOP01-DEL06-PE"
527552;2023-03-20;"segunda-feira";"13:00:00";"GO";70;6;"AGUAS LINDAS DE GOIAS";"Ausência de reação do condutor";"Atropelamento de Pedestre";"Com Vítimas Feridas";"Pleno dia";"Decrescente";"Nublado";"Dupla";"Reta";"Sim";2;0;0;1;1;0;1;2;-15,75049381;-48,2612381;"SPRF-DF";"DEL03-DF";"UOP02-DEL03-DF"
527553;2023-06-05;"segunda-feira";"10:00:00";"RJ";40;113;"DUQUE DE CAXIAS";"Acessar a via sem observar a presença dos outros veículos";"Colisão lateral mesmo sentido";"Sem Vítimas";"Pleno dia";"Decrescente";"Céu Claro";"Dupla";"Interseção de Vias";"Sim";3;0;0;0;3;0;0;2;-22,70948502;-43,29040354;"SPRF-RJ";"DEL01-RJ";"UOP01-DEL01-RJ"