"id";"data_inversa";"dia_semana";"horario";"uf";"br";"km";"municipio";"causa_acidente";"tipo_acidente";"classificacao_acidente";"fase_dia";"sentido_via";"condicao_metereologica";"tipo_pista";"tracado_via";"uso_solo";"pessoas";"mortos";"feridos_leves";"feridos_graves";"ilesos";"ignorados";"feridos";"veiculos";"latitude";"longitude";"regional";"delegacia";"uop"
527554;2023-06-05;"segunda-feira";"11:50:00";"BA";324;515;"FEIRA DE SANTANA";"Reação tardia ou ineficiente do condutor";"Colisão transversal";"Com Vítimas Feridas";"Pleno dia";"Crescente";"Garoa/Chuvisco";"Simples";"Reta";"Sim";2;0;1;0;1;0;1;2;-12,23547809;-38,94396807;"SPRF-BA";"DEL02-BA";"UOP01-DEL02-BA"
527555;2023-06-05;"segunda-feira";"08:10:00";"PR";277;0,8;"PARANAGUA";"Reação tardia ou ineficiente do condutor";"Colisão traseira";"Com Vítimas Feridas";"Pleno dia";"Crescente";"Sol";"Dupla";"Curva";"Sim";3;0;1;0;2;0;1;2;-25,554744;-48,557425;"SPRF-PR";"DEL01-PR";"UOP05-DEL01-PR"
527557;2023-06-05;"segunda-feira";"08:10:00";"MT";163;641;"NOVA MUTUM";"Ausência de reação do condutor";"Saída de leito carroçável";"Com Vítimas Feridas";"Pleno dia";"Decrescente";"Céu Claro";"Simples";"Reta";"Não";3;0;2;0;1;0;2;1;-13,54877598;-56,02741636;"SPRF-MT";"DEL01-MT";"UOP01-DEL01-MT"
527558;2023-06-05;"segunda-feira";"11:20:00";"RS";101;46,3;"TERRA DE AREIA";"Acessar a via sem observar a presença dos outros veículos";"Colisão transversal";"Com Vítimas Feridas";"Pleno dia";"Decrescente";"Nublado";"Simples";"Reta";"Sim";3;0;1;0;1;1;1;3;-29,57664003;-50,06327396;"SPRF-RS";"DEL03-RS";"UOP02-DEL03-RS"
527560;2023-06-05;"segunda-feira";"10:00:00";"RJ";101;412;"ITAGUAI";"Ausência de reação do condutor";"Colisão traseira";"Sem Vítimas";"Pleno dia";"Crescente";"Sol";"Dupla";"Reta";"Sim";3;0;0;0;3;0;0;3;-22,89720365;-43,85639217;"SPRF-RJ";"DEL03-RJ";"UOP01-DEL03-RJ"
527561;2023-06-05;"segunda-feira";"12:15:00";"SC";470;48,7;"BLUMENAU";"Demais falhas na via";"Tombamento";"Com Vítimas Feridas";"Pleno dia";"Decrescente";"Céu Claro";"Simples";"Em Obras;Reta";"Sim";2;0;2;0;0;0;2;1;-26,859823;-49,055393;"SPRF-SC";"DEL04-SC";"UOP01-DEL04-SC"
527562;2023-06-05;"segunda-feira";"10:30:00";"RJ";493;81;"JAPERI";"Reação tardia ou ineficiente do condutor";"Saída de leito carroçável";"Com Vítimas Fatais";"Pleno dia";"Crescente";"Céu Claro";"Dupla";"Reta";"Não";4;1;1;2;0;0;3;1;-22,665224;-43,589745;"SPRF-RJ";"DEL01-RJ";"UOP03-DEL01-RJ"
527563;2023-06-05;"segunda-feira";"12:30:00";"AL";316;142,5;"ESTRELA DE ALAGOAS";"Ingestão de álcool pelo condutor";"Colisão transversal";"Com Vítimas Feridas";"Pleno dia";"Crescente";"Nublado";"Simples";"Reta";"Sim";2;0;1;0;1;0;1;2;-9,39355673;-36,74054595;"SPRF-AL";"DEL03-AL";"UOP01-DEL03-AL"
527564;2023-06-05;"segunda-feira";"03:00:00";"MG";365;177;"BURITIZEIRO";"Avarias e/ou desgaste excessivo no pneu";"Saída de leito carroçável";"Com Vítimas Feridas";"Plena Noite";"Decrescente";"Céu Claro";"Simples";"Reta";"Não";12;0;1;0;11;0;1;1;-17,40637417;-45,06044203;"SPRF-MG";"DEL10-MG";"UOP02-DEL010-MG"
527567;2023-06-05;"segunda-feira";"12:25:00";"SC";101;410,2;"ARARANGUA";"Velocidade Incompatível";"Saída de leito carroçável";"Sem Vítimas";"Pleno dia";"Decrescente";"Nublado";"Simples";"Reta";"Sim";1;0;0;0;1;0;0;1;-28,94167392;-49,49941635;"SPRF-SC";"DEL02-SC";"UOP02-DEL02-SC"
527570;2023-06-05;"segunda-feira";"13:45:00";"PE";101;67,4;"RECIFE";"Ausência de reação do condutor";"Colisão traseira";"Com Vítimas Feridas";"Pleno dia";"Crescente";"Céu Claro";"Dupla";"Reta";"Sim";3;0;1;0;2;0;1;2;-8,042334;-34,943096;"SPRF-PE";"DEL01-PE";"UOP01-DEL01-PE"
527572;2023-06-05;"segunda-feira";"14:15:00";"RS";158;174;"PEJUCARA";"Desrespeitar a preferência no cruzamento";"Colisão transversal";"Sem Vítimas";"Pleno dia";"Crescente";"Céu Claro";"Simples";"Reta";"Não";2;0;0;0;2;0;0;2;-28,466524;-53,547962;"SPRF-RS";"DEL10-RS";"UOP02-DEL10-RS"
527573;2023-06-05;"segunda-feira";"12:00:00";"SC";163;70,8;"SAO MIGUEL DO OESTE";"Manobra de mudança de faixa";"Colisão lateral mesmo sentido";"Com Vítimas Feridas";"Pleno dia";"Crescente";"Céu Claro";"Simples";"Interseção de Vias;Reta";"Sim";4;0;1;1;2;0;2;3;-26,72962816;-53,51159334;"SPRF-SC";"DEL07-SC";"UOP03-DEL07-SC"
527575;2023-05-04;"quinta-feira";"20:04:00";"PR";116;126,2;"FAZENDA RIO GRANDE";"Condutor desrespeitou a iluminação vermelha do semáforo";"Colisão transversal";"Com Vítimas Feridas";"Plena Noite";"Decrescente";"Garoa/Chuvisco";"Múltipla";"Interseção de Vias;Reta";"Sim";2;0;1;0;1;0;1;2;-25,640527;-49,31288;"SPRF-PR";"DEL01-PR";"UOP03-DEL01-PR"
527579;2023-06-05;"segunda-feira";"14:50:00";"GO";60;459;"JATAI";"Avarias e/ou desgaste excessivo no pneu";"Saída de leito carroçável";"Com Vítimas Feridas";"Pleno dia";"Crescente";"Céu Claro";"Dupla";"Reta";"Não";2;0;2;0;0;0;2;1;-17,8702;-51,6065;"SPRF-GO";"DEL05-GO";"UOP01-DEL05-GO"
527580;2023-06-05;"segunda-feira";"12:55:00";"PR";277;342;"GUARAPUAVA";"Ausência de reação do condutor";"Tombamento";"Com Vítimas Feridas";"Pleno dia";"Decrescente";"Céu Claro";"Dupla";"Reta";"Sim";1;0;1;0;0;0;1;1;-25,34327686;-51,41076788;"SPRF-PR";"DEL08-PR";"UOP01-DEL08-PR"
527581;2023-05-17;"quarta-feira";"11:40:00";"ES";262;47;"MARECHAL FLORIANO";"Conversão proibida";"Colisão lateral mesmo sentido";"Com Vítimas Feridas";"Pleno dia";"Crescente";"Céu Claro";"Simples";"Reta";"Sim";2;0;0;1;1;0;1;2;-20,41130252;-40,67926543;"SPRF-ES";"DEL01-ES";"UOP01-DEL01-ES"
527585;2023-06-05;"segunda-feira";"12:47:00";"PB";101;87,2;"JOAO PESSOA";"Condutor deixou de manter distância do veículo da frente";"Colisão traseira";"Com Vítimas Feridas";"Pleno dia";"Crescente";"Céu Claro";"Dupla";"Reta";"Sim";3;0;2;0;0;1;2;2;-7,15886802;-34,90628504;"SPRF-PB";"DEL01-PB";"UOP01-DEL01-PB"
527587;2023-06-05;"segunda-feira";"16:30:00";"RS";116;247,2;"SAO LEOPOLDO";"Trafegar com motocicleta (ou similar) entre as faixas";"Colisão lateral mesmo sentido";"Com Vítimas Feridas";"Pleno dia";"Decrescente";"Nublado";"Múltipla";"Reta";"Sim";4;0;1;0;3;0;1;2;-29,76733091;-51,1535296;"SPRF-RS";"DEL01-RS";"UOP02-DEL01-RS"
527589;2023-06-05;"segunda-feira";"16:30:00";"MG";40;524;"CONTAGEM";"Pedestre cruzava a pista fora da faixa";"Atropelamento de Pedestre";"Com Vítimas Feridas";"Pleno dia";"Crescente";"Céu Claro";"Dupla";"Reta";"Sim";2;0;1;1;0;0;2;2;-19,8754469;-44,05345586;"SPRF-MG";"DEL01-MG";"UOP02-DEL01-MG"
527590;2023-06-05;"segunda-feira";"14:30:00";"RO";364;835;"PORTO VELHO";"Acumulo de água sobre o pavimento";"Saída de leito carroçável";"Sem Vítimas";"Pleno dia";"Decrescente";"Chuva";"Simples";"Curva";"Não";2;0;0;0;2;0;0;1;-9,36809408;-64,67435289;"SPRF-RO";"DEL01-RO";"UOP02-DEL01-RO"
527594;2023-06-05;"segunda-feira";"17:15:00";"MG";116;683,7;"MIRADOURO";"Acessar a via sem observar a presença dos outros veículos";"Colisão transversal";"Com Vítimas Feridas";"Anoitecer";"Crescente";"Céu Claro";"Simples";"Reta";"Não";2;0;1;0;0;1;1;2;-20,97454365;-42,35514879;"SPRF-MG";"DEL07-MG";"UOP02-DEL07-MG"
527595;2023-06-05;"segunda-feira";"16:10:00";"MG";262;51,6;"MANHUACU";"Conversão proibida";"Colisão transversal";"Com Vítimas Feridas";"Pleno dia";"Crescente";"Céu Claro";"Simples";"Reta";"Não";3;0;0;1;2;0;1;2;-20,24788425;-42,14549605;"SPRF-MG";"DEL06-MG";"UOP03-DEL06-MG"
527596;2023-06-05;"segunda-feira";"14:21:00";"MG";40;552,9;"NOVA LIMA";"Demais falhas na via";"Colisão com objeto";"Com Vítimas Feridas";"Pleno dia";"Crescente";"Céu Claro";"Simples";"Reta";"Sim";1;0;1;0;0;0;1;1;-20,06084086;-43,97716423;"SPRF-MG";"DEL01-MG";"UOP02-DEL01-MG"
527597;2023-06-05;"segunda-feira";"16:40:00";"PE";423;91,9;"GARANHUNS";"Desrespeitar a preferência no cruzamento";"Colisão transversal";"Com Vítimas Feridas";"Pleno dia";"Decrescente";"Céu Claro";"Simples";"Reta;Declive";"Sim";5;0;1;0;4;0;1;2;-8,8614115;-36,46400928;"SPRF-PE";"DEL03-PE";"UOP01-DEL03-PE"
527598;2023-06-05;"segunda-feira";"17:00:00";"MG";50;180;"UBERABA";"Manobra de mudança de faixa";"Colisão lateral mesmo sentido";"Com Vítimas Feridas";"Pleno dia";"Crescente";"Céu Claro";"Múltipla";"Reta";"Não";2;0;0;1;0;1;1;2;-19,77848216;-47,92194709;"SPRF-MG";"DEL13-MG";"UOP01-DEL13-MG"
527599;2023-06-05;"segunda-feira";"17:30:00";"RS";116;151,6;"CAXIAS DO SUL";"Ausência de reação do condutor";"Tombamento";"Com Vítimas Feridas";"Plena Noite";"Decrescente";"Céu Claro";"Dupla";"Curva";"Sim";1;0;1;0;0;0;1;1;-29,17694502;-51,16173896;"SPRF-RS";"DEL05-RS";"UOP01-DEL05-RS"
527600;2023-06-05;"segunda-feira";"17:30:00";"SC";282;537,6;"CHAPECO";"Ingestão de álcool pelo condutor";"Saída de leito carroçável";"Sem Vítimas";"Anoitecer";"Decrescente";"Céu Claro";"Simples";"Curva";"Não";1;0;0;0;1;0;0;1;-26,999933;-52,663895;"SPRF-SC";"DEL07-SC";"UOP01-DEL07-SC"
527601;2023-06-05;"segunda-feira";"16:00:00";"RJ";116;42;"TERESOPOLIS";"Acessar a via sem observar a presença dos outros veículos";"Colisão transversal";"Com Vítimas Feridas";"Pleno dia";"Crescente";"Céu Claro";"Simples";"Reta";"Não";2;0;1;0;1;0;1;2;-22,14560636;-42,79362881;"SPRF-RJ";"DEL04-RJ";"UOP01-DEL04-RJ"
527602;2023-06-05;"segunda-feira";"17:45:00";"SC";101;126;"ITAJAI";"Trafegar com motocicleta (ou similar) entre as faixas";"Colisão lateral mesmo sentido";"Com Vítimas Feridas";"Anoitecer";"Decrescente";"Céu Claro";"Dupla";"Reta";"Não";2;0;1;0;1;0;1;2;-26,95564404;-48,67978366;"SPRF-SC";"DEL04-SC";"UOP04-DEL04-SC"
527603;2023-06-05;"segunda-feira";"18:10:00";"SP";101;45;"UBATUBA";"Animais na Pista";"Atropelamento de Animal";"Com Vítimas Feridas";"Plena Noite";"Decrescente";"Nublado";"Simples";"Reta";"Sim";1;0;1;0;0;0;1;1;-23,41014346;-45,06455371;"SPRF-SP";"DEL06-SP";"UOP01-DEL06-SP"
527604;2023-06-05;"segunda-feira";"18:30:00";"CE";222;2;"FORTALEZA";"Manobra de mudança de faixa";"Tombamento";"Com Vítimas Feridas";"Plena Noite";"Crescente";"Céu Claro";"Múltipla";"Reta";"Não";3;0;1;1;1;0;2;2;-3,73911117;-38,58687498;"SPRF-CE";"DEL01-CE";"UOP01-DEL01-CE"
527605;2023-06-05;"segunda-feira";"18:30:00";"RS";290;143;"ELDORADO DO SUL";"Acessar a via sem observar a presença dos outros veículos";"Atropelamento de Pedestre";"Com Vítimas Feridas";"Plena Noite";"Crescente";"Céu Claro";"Simples";"Reta";"Sim";2;0;2;0;0;0;2;2;-30,093309;-51,637798;"SPRF-RS";"DEL02-RS";"UOP01-DEL02-RS"
527606;2023-06-05;"segunda-feira";"18:30:00";"SC";101;265,8;"PAULO LOPES";"Ausência de reação do condutor";"Colisão com objeto";"Com Vítimas Feridas";"Pleno dia";"Decrescente";"Chuva";"Dupla";"Reta";"Sim";2;0;2;0;0;0;2;1;-28,06001385;-48,71690948;"SPRF-SC";"DEL02-SC";"UOP03-DEL02-SC"
527608;2023-06-05;"segunda-feira";"18:30:00";"DF";70;12;"BRASILIA";"Trafegar com motocicleta (ou similar) entre as faixas";"Colisão lateral mesmo sentido";"Com Vítimas Feridas";"Plena Noite";"Crescente";"Céu Claro";"Dupla";"Reta";"Sim";3;0;2;0;0;1;2;2;-15,792243;-48,158543;"SPRF-DF";"DEL03-DF";"UOP02-DEL03-DF"
527609;2023-06-05;"segunda-feira";"17:50:00";"ES";101;158,5;"LINHARES";"Ausência de reação do condutor";"Tombamento";"Com Vítimas Feridas";"Anoitecer";"Crescente";"Céu Claro";"Simples";"Reta";"Não";1;0;1;0;0;0;1;1;-19,46094508;-40,10491389;"SPRF-ES";"DEL04-ES";"UOP01-DEL04-ES"
527610;2023-06-05;"segunda-feira";"17:30:00";"BA";367;22;"PORTO SEGURO";"Ultrapassagem Indevida";"Colisão frontal";"Com Vítimas Feridas";"Plena Noite";"Decrescente";"Céu Claro";"Simples";"Curva";"Sim";2;0;0;2;0;0;2;2;-16,44149625;-39,06566204;"SPRF-BA";"DEL09-BA";"UOP03-DEL09-BA"
527614;2023-06-05;"segunda-feira";"18:39:00";"SC";101;207;"SAO JOSE";"Reação tardia ou ineficiente do condutor";"Colisão lateral mesmo sentido";"Com Vítimas Feridas";"Plena Noite";"Crescente";"Céu Claro";"Simples";"Reta";"Sim";3;0;1;0;2;0;1;2;-27,60001226;-48,6226467;"SPRF-SC";"DEL01-SC";"UOP01-DEL01-SC"
527616;2023-06-05;"segunda-feira";"18:10:00";"PE";101;68,7;"RECIFE";"Manobra de mudança de faixa";"Colisão lateral mesmo sentido";"Sem Vítimas";"Plena Noite";"Decrescente";"Nublado";"Dupla";"Reta;Interseção de Vias";"Não";2;0;0;0;2;0;0;2;-8,05475737;-34,94612575;"SPRF-PE";"DEL01-PE";"UOP01-DEL01-PE"
527617;2023-06-05;"segunda-feira";"18:40:00";"MG";365;640;"UBERLANDIA";"Desvio temporário";"Colisão com objeto";"Com Vítimas Feridas";"Plena Noite";"Crescente";"Céu Claro";"Dupla";"Em Obras";"Não";1;0;1;0;0;0;1;1;-18,88535924;-48,46544904;"SPRF-MG";"DEL15-MG";"UOP01-DEL15-MG"
527618;2023-06-05;"segunda-feira";"18:20:00";"BA";110;350;"CATU";"Ultrapassagem Indevida";"Colisão frontal";"Com Vítimas Feridas";"Plena Noite";"Crescente";"Nublado";"Simples";"Reta";"Sim";4;0;2;0;2;0;2;3;-12,28438012;-38,37485988;"SPRF-BA";"DEL01-BA";"UOP04-DEL01-BA"
527619;2023-06-05;"segunda-feira";"18:03:00";"RS";290;90;"PORTO ALEGRE";"Acumulo de areia ou detritos sobre o pavimento";"Queda de ocupante de veículo";"Com Vítimas Feridas";"Anoitecer";"Crescente";"Céu Claro";"Múltipla";"Retorno Regulamentado";"Sim";1;0;1;0;0;0;1;1;-29,96916248;-51,17044687;"SPRF-RS";"DEL01-RS";"UOP01-DEL01-RS"
527620;2023-06-05;"segunda-feira";"18:00:00";"SP";116;318;"JUQUITIBA";"Acessar a via sem observar a presença dos outros veículos";"Atropelamento de Pedestre";"Com Vítimas Feridas";"Plena Noite";"Crescente";"Céu Claro";"Dupla";"Reta";"Sim";2;0;0;1;1;0;1;2;-23,92536222;-46,99376156;"SPRF-SP";"DEL04-SP";"UOP03-DEL04-SP"
527622;2023-06-05;"segunda-feira";"19:00:00";"PR";376;173,9;"MARINGA";"Condutor deixou de manter distância do veículo da frente";"Colisão traseira";"Com Vítimas Feridas";"Plena Noite";"Decrescente";"Céu Claro";"Dupla";"Reta;Declive;Interseção de Vias";"Sim";2;0;1;0;1;0;1;2;-23,4172197;-51,9589231;"SPRF-PR";"DEL09-PR";"UOP01-DEL09-PR"
527625;2023-06-05;"segunda-feira";"17:54:00";"AC";364;134;"RIO BRANCO";"Manobra de mudança de faixa";"Colisão lateral mesmo sentido";"Com Vítimas Feridas";"Plena Noite";"Crescente";"Nublado";"Dupla";"Rotatória";"Sim";2;0;1;0;1;0;1;2;-9,993501;-67,84868;"SPRF-AC";"DEL01-AC";"UOP01-DEL01-AC"
527626;2023-06-05;"segunda-feira";"17:10:00";"PR";277;342;"GUARAPUAVA";"Ingestão de álcool pelo condutor";"Saída de leito carroçável";"Sem Vítimas";"Pleno dia";"Decrescente";"Céu Claro";"Dupla";"Reta";"Sim";1;0;0;0;1;0;0;1;-25,34327686;-51,41076788;"SPRF-PR";"DEL08-PR";"UOP01-DEL08-PR"
527627;2023-06-05;"segunda-feira";"19:30:00";"SC";101;323;"PESCARIA BRAVA";"Objeto estático sobre o leito carroçável";"Colisão com objeto";"Com Vítimas Feridas";"Plena Noite";"Decrescente";"Céu Claro";"Dupla";"Reta;Aclive";"Sim";1;0;1;0;0;0;1;1;-28,426867;-48,928529;"SPRF-SC";"DEL02-SC";"UOP01-DEL02-SC"
527629;2023-06-05;"segunda-feira";"18:40:00";"SC";470;7,2;"NAVEGANTES";"Condutor deixou de manter distância do veículo da frente";"Colisão traseira";"Sem Vítimas";"Plena Noite";"Crescente";"Céu Claro";"Simples";"Reta";"Sim";2;0;0;0;2;0;0;2;-26,84318919;-48,7155354;"SPRF-SC";"DEL04-SC";"UOP04-DEL04-SC"
527630;2023-06-05;"segunda-feira";"19:50:00";"BA";330;856;"BARRA DO ROCHA";"Ausência de reação do condutor";"Atropelamento de Animal";"Com Vítimas Feridas";"Plena Noite";"Decrescente";"Nublado";"Simples";"Reta";"Não";2;0;2;0;0;0;2;1;-14,19868497;-39,61097098;"SPRF-BA";"DEL03-BA";"UOP01-DEL03-BA"
527631;2023-06-05;"segunda-feira";"18:00:00";"RS";116;142;"CAXIAS DO SUL";"Manobra de mudança de faixa";"Colisão lateral mesmo sentido";"Com Vítimas Feridas";"Pleno dia";"Decrescente";"Céu Claro";"Dupla";"Reta";"Sim";1;0;1;0;0;0;1;1;-29,11727;-51,115208;"SPRF-RS";"DEL05-RS";"UOP01-DEL05-RS"
527633;2023-06-05;"segunda-feira";"18:40:00";"PB";230;332;"QUIXABA";"Ausência de sinalização";"Colisão traseira";"Com Vítimas Feridas";"Plena Noite";"Decrescente";"Céu Claro";"Simples";"Ponte";"Não";3;0;1;2;0;0;3;2;-7,0203;-37,2403;"SPRF-PB";"DEL03-PB";"UOP01-DEL03-PB"
527634;2023-06-05;"segunda-feira";"16:30:00";"MT";174;328;"PONTES E LACERDA";"Pista esburacada";"Capotamento";"Com Vítimas Feridas";"Pleno dia";"Crescente";"Céu Claro";"Simples";"Reta";"Não";1;0;0;1;0;0;1;1;-14,89722801;-59,29499509;"SPRF-MT";"DEL04-MT";"UOP01-DEL04-MT"
527635;2023-06-05;"segunda-feira";"19:15:00";"PR";163;6,1;"BARRACAO";"Pedestre andava na pista";"Atropelamento de Pedestre";"Com Vítimas Feridas";"Plena Noite";"Decrescente";"Céu Claro";"Simples";"Reta";"Não";2;0;0;1;1;0;1;2;-26,25066;-53,635523;"SPRF-PR";"DEL02-PR";"UOP02-DEL02-PR"
527637;2023-06-05;"segunda-feira";"19:50:00";"RJ";40;105;"DUQUE DE CAXIAS";"Demais falhas mecânicas ou elétricas";"Eventos atípicos";"Com Vítimas Feridas";"Plena Noite";"Decrescente";"Céu Claro";"Dupla";"Reta";"Sim";2;0;1;0;1;0;1;1;-22,63784806;-43,28428824;"SPRF-RJ";"DEL01-RJ";"UOP01-DEL01-RJ"
527639;2023-06-05;"segunda-feira";"19:00:00";"BA";101;798;"ITAMARAJU";"Demais falhas mecânicas ou elétricas";"Tombamento";"Com Vítimas Feridas";"Plena Noite";"Crescente";"Nublado";"Simples";"Reta;Declive";"Não";2;0;2;0;0;0;2;1;-17,12381097;-39,56860216;"SPRF-BA";"DEL09-BA";"UOP01-DEL09-BA"
527641;2023-06-05;"segunda-feira";"20:00:00";"MG";381;357,9;"JOAO MONLEVADE";"Acessar a via sem observar a presença dos outros veículos";"Colisão transversal";"Com Vítimas Feridas";"Plena Noite";"Crescente";"Nublado";"Simples";"Reta";"Sim";2;0;1;0;1;0;1;2;-19,85175308;-43,213709;"SPRF-MG";"DEL03-MG";"UOP01-DEL03-MG"
527642;2023-06-05;"segunda-feira";"21:45:00";"CE";222;3,8;"CAUCAIA";"Retorno proibido";"Colisão lateral mesmo sentido";"Com Vítimas Feridas";"Plena Noite";"Decrescente";"Ignorado";"Dupla";"Reta";"Sim";3;0;0;2;1;0;2;2;-3,7403769;-38,59569202;"SPRF-CE";"DEL01-CE";"UOP01-DEL01-CE"
527643;2023-06-05;"segunda-feira";"17:05:00";"SC";470;322,3;"CAMPOS NOVOS";"Ausência de reação do condutor";"Saída de leito carroçável";"Com Vítimas Fatais";"Pleno dia";"Crescente";"Céu Claro";"Simples";"Reta";"Não";2;2;0;0;0;0;0;1;-27,4346906;-51,2441754;"SPRF-SC";"DEL07-SC";"UOP06-DEL07-SC"
527645;2023-06-05;"segunda-feira";"19:00:00";"MT";174;587;"COMODORO";"Reação tardia ou ineficiente do condutor";"Tombamento";"Com Vítimas Feridas";"Plena Noite";"Decrescente";"Céu Claro";"Simples";"Reta";"Não";1;0;1;0;0;0;1;1;-12,83059304;-60,07526513;"SPRF-MT";"DEL04-MT";"UOP02-DEL04-MT"
527647;2023-06-05;"segunda-feira";"19:15:00";"MA";135;10;"SAO LUIS";"Pedestre andava na pista";"Atropelamento de Pedestre";"Com Vítimas Feridas";"Plena Noite";"Decrescente";"Nublado";"Dupla";"Reta";"Sim";2;0;0;1;1;0;1;2;-2,65696614;-44,28614616;"SPRF-MA";"DEL01-MA";"UOP01-DEL01-MA"
527648;2023-05-14;"domingo";"19:00:00";"GO";364;305;"MINEIROS";"Ausência de reação do condutor";"Colisão traseira";"Com Vítimas Feridas";"Plena Noite";"Crescente";"Céu Claro";"Simples";"Reta;Ponte";"Não";6;0;2;1;2;1;3;4;-17,517811;-52,532791;"SPRF-GO";"DEL05-GO";"UOP01-DEL05-GO"
527650;2023-06-05;"segunda-feira";"22:00:00";"RJ";465;4;"SEROPEDICA";"Acesso irregular";"Colisão transversal";"Com Vítimas Feridas";"Plena Noite";"Decrescente";"Céu Claro";"Simples";"Reta";"Sim";5;0;1;0;4;0;1;2;-22,740971;-43,705597;"SPRF-RJ";"DEL01-RJ";"UOP03-DEL01-RJ"
527653;2023-06-03;"sábado";"20:36:00";"PI";135;625;"CORRENTE";"Reação tardia ou ineficiente do condutor";"Tombamento";"Com Vítimas Feridas";"Plena Noite";"Crescente";"Céu Claro";"Simples";"Reta";"Não";1;0;1;0;0;0;1;1;-10,47901867;-45,18250555;"SPRF-PI";"DEL03-PI";"UOP02-DEL03-PI"
527655;2023-06-05;"segunda-feira";"21:25:00";"MS";163;238;"CAARAPO";"Reação tardia ou ineficiente do condutor";"Saída de leito carroçável";"Com Vítimas Feridas";"Plena Noite";"Crescente";"Ignorado";"Simples";"Reta";"Não";1;0;1;0;0;0;1;1;-22,4077448;-54,79636528;"SPRF-MS";"DEL04-MS";"UOP02-DEL04-MS"
527657;2023-06-05;"segunda-feira";"20:15:00";"RJ";40;105;"DUQUE DE CAXIAS";"Reação tardia ou ineficiente do condutor";"Tombamento";"Com Vítimas Feridas";"Plena Noite";"Decrescente";"Céu Claro";"Dupla";"Reta";"Sim";1;0;1;0;0;0;1;1;-22,63784806;-43,28428824;"SPRF-RJ";"DEL01-RJ";"UOP01-DEL01-RJ"
527658;2023-06-05;"segunda-feira";"18:00:00";"RS";290;286,6;"CACHOEIRA DO SUL";"Reação tardia ou ineficiente do condutor";"Incêndio";"Sem Vítimas";"Anoitecer";"Crescente";"Céu Claro";"Simples";"Reta";"Não";1;0;0;0;0;1;0;1;-30,259472;-53,08242;"SPRF-RS";"DEL02-RS";"UOP03-DEL02-RS"
527659;2023-06-05;"segunda-feira";"22:55:00";"AP";210;45;"MACAPA";"Ingestão de álcool e/ou substâncias psicoativas pelo pedestre";"Atropelamento de Pedestre";"Com Vítimas Fatais";"Plena Noite";"Crescente";"Nublado";"Simples";"Reta";"Não";2;1;0;0;0;1;0;2;0,39706501;-51,05898802;"SPRF-AP";"DEL01-AP";"UOP01-DEL01-AP"
527660;2023-06-05;"segunda-feira";"20:00:00";"MG";40;510,8;"RIBEIRAO DAS NEVES";"Ingestão de álcool pelo condutor";"Saída de leito carroçável";"Com Vítimas Feridas";"Plena Noite";"Crescente";"Céu Claro";"Dupla";"Reta";"Sim";1;0;0;1;0;0;1;1;-19,77463885;-44,12321882;"SPRF-MG";"DEL01-MG";"UOP02-DEL01-MG"
527661;2023-06-05;"segunda-feira";"12:30:00";"MG";40;519;"CONTAGEM";"Avarias e/ou desgaste excessivo no pneu";"Queda de ocupante de veículo";"Com Vítimas Feridas";"Pleno dia";"Decrescente";"Céu Claro";"Dupla";"Reta";"Sim";2;0;1;1;0;0;2;1;-19,83957589;-44,07684485;"SPRF-MG";"DEL01-MG";"UOP02-DEL01-MG"
527662;2023-06-05;"segunda-feira";"20:00:00";"MG";381;246,5;"SANTANA DO PARAISO";"Ausência de reação do condutor";"Saída de leito carroçável";"Com Vítimas Feridas";"Plena Noite";"Crescente";"Céu Claro";"Simples";"Curva";"Não";1;0;1;0;0;0;1;1;-19,45740746;-42,52499719;"SPRF-MG";"DEL06-MG";"UOP01-DEL06-MG"
527663;2023-06-06;"terça-feira";"01:00:00";"RS";116;315;"GUAIBA";"Ausência de reação do condutor";"Saída de leito carroçável";"Com Vítimas Feridas";"Plena Noite";"Crescente";"Céu Claro";"Dupla";"Reta";"Não";2;0;2;0;0;0;2;1;-30,24564098;-51,40594986;"SPRF-RS";"DEL02-RS";"UOP01-DEL02-RS"
527666;2023-06-06;"terça-feira";"03:25:00";"PE";101;74,1;"RECIFE";"Demais falhas mecânicas ou elétricas";"Incêndio";"Sem Vítimas";"Plena Noite";"Crescente";"Chuva";"Dupla";"Curva";"Sim";1;0;0;0;1;0;0;1;-8,10146485;-34,94901577;"SPRF-PE";"DEL01-PE";"UOP01-DEL01-PE"
527667;2023-06-05;"segunda-feira";"19:00:00";"GO";153;171;"CAMPINORTE";"Avarias e/ou desgaste excessivo no pneu";"Tombamento";"Com Vítimas Feridas";"Plena Noite";"Decrescente";"Céu Claro";"Simples";"Reta";"Sim";2;0;2;0;0;0;2;1;-14,266398;-49,144051;"SPRF-GO";"DEL07-GO";"UOP02-DEL07-GO"
527668;2023-06-06;"terça-feira";"05:00:00";"PR";277;1,8;"FOZ DO IGUACU";"Condutor Dormindo";"Saída de leito carroçável";"Sem Vítimas";"Plena Noite";"Crescente";"Céu Claro";"Dupla";"Reta";"Sim";1;0;0;0;0;1;0;1;-25,50749887;-54,58379896;"SPRF-PR";"DEL05-PR";"UOP03-DEL05-PR"