"id";"data_inversa";"dia_semana";"horario";"uf";"br";"km";"municipio";"causa_acidente";"tipo_acidente";"classificacao_acidente";"fase_dia";"sentido_via";"condicao_metereologica";"tipo_pista";"tracado_via";"uso_solo";"pessoas";"mortos";"feridos_leves";"feridos_graves";"ilesos";"ignorados";"feridos";"veiculos";"latitude";"longitude";"regional";"delegacia";"uop"
527669;2023-06-06;"terça-feira";"01:00:00";"PI";135;373;"BOM JESUS";"Animais na Pista";"Atropelamento de Animal";"Com Vítimas Fatais";"Plena Noite";"Crescente";"Céu Claro";"Simples";"Reta";"Não";1;1;0;0;0;0;0;1;-9,23993884;-44,46165914;"SPRF-PI";"DEL03-PI";"UOP02-DEL03-PI"
527670;2023-06-06;"terça-feira";"04:50:00";"SC";101;43;"JOINVILLE";"Desrespeitar a preferência no cruzamento";"Colisão transversal";"Com Vítimas Feridas";"Plena Noite";"Crescente";"Céu Claro";"Simples";"Interseção de Vias;Reta";"Sim";2;0;1;0;1;0;1;2;-26,33291945;-48,86149585;"SPRF-SC";"DEL03-SC";"UOP01-DEL03-SC"
527671;2023-06-06;"terça-feira";"06:00:00";"PB";412;65;"SAO JOAO DO CARIRI";"Condutor Dormindo";"Saída de leito carroçável";"Sem Vítimas";"Pleno dia";"Crescente";"Céu Claro";"Simples";"Reta";"Não";3;0;0;0;3;0;0;1;-7,440197;-36,586514;"SPRF-PB";"DEL02-PB";"UOP02-DEL02-PB"
527673;2023-06-06;"terça-feira";"06:30:00";"SP";116;201;"ARUJA";"Ausência de reação do condutor";"Atropelamento de Pedestre";"Com Vítimas Feridas";"Pleno dia";"Decrescente";"Céu Claro";"Múltipla";"Curva";"Sim";2;0;0;1;1;0;1;2;-23,40809408;-46,33859597;"SPRF-SP";"DEL01-SP";"UOP01-DEL01-SP"
527674;2023-06-05;"segunda-feira";"23:03:00";"RJ";116;193;"QUEIMADOS";"Reação tardia ou ineficiente do condutor";"Saída de leito carroçável";"Sem Vítimas";"Plena Noite";"Decrescente";"Céu Claro";"Dupla";"Reta";"Sim";1;0;0;0;0;1;0;1;-22,73960178;-43,52859094;"SPRF-RJ";"DEL01-RJ";"UOP02-DEL01-RJ"
527675;2023-06-06;"terça-feira";"04:40:00";"MS";262;152;"RIBAS DO RIO PARDO";"Animais na Pista";"Atropelamento de Animal";"Com Vítimas Feridas";"Plena Noite";"Crescente";"Céu Claro";"Simples";"Reta";"Não";2;0;1;0;1;0;1;1;-20,4692891;-52,95059502;"SPRF-MS";"DEL07-MS";"UOP02-DEL07-MS"
527677;2023-06-06;"terça-feira";"07:00:00";"PI";343;334,3;"TERESINA";"Avarias e/ou desgaste excessivo no pneu";"Tombamento";"Com Vítimas Feridas";"Pleno dia";"Decrescente";"Céu Claro";"Dupla";"Reta";"Não";2;0;1;1;0;0;2;1;-5,057786;-42,688541;"SPRF-PI";"DEL01-PI";"UOP01-DEL01-PI"
527678;2023-06-06;"terça-feira";"07:20:00";"ES";101;270,6;"SERRA";"Trafegar com motocicleta (ou similar) entre as faixas";"Tombamento";"Com Vítimas Feridas";"Pleno dia";"Crescente";"Céu Claro";"Dupla";"Curva";"Sim";1;0;1;0;0;0;1;1;-20,22662056;-40,27075088;"SPRF-ES";"DEL02-ES";"UOP01-DEL02-ES"
527679;2023-06-06;"terça-feira";"06:55:00";"MG";365;406;"PATOS DE MINAS";"Acesso irregular";"Colisão transversal";"Sem Vítimas";"Amanhecer";"Crescente";"Céu Claro";"Múltipla";"Reta";"Não";2;0;0;0;2;0;0;2;-18,63902047;-46,49098979;"SPRF-MG";"DEL10-MG";"UOP01-DEL10-MG"
527681;2023-06-06;"terça-feira";"08:05:00";"DF";60;2,9;"BRASILIA";"Reação tardia ou ineficiente do condutor";"Colisão lateral mesmo sentido";"Com Vítimas Feridas";"Pleno dia";"Crescente";"Céu Claro";"Dupla";"Reta";"Sim";4;0;1;0;3;0;1;2;-15,887383;-48,077988;"SPRF-DF";"DEL03-DF";"UOP01-DEL03-DF"
527682;2023-06-06;"terça-feira";"07:45:00";"PR";277;722,1;"FOZ DO IGUACU";"Condutor deixou de manter distância do veículo da frente";"Colisão traseira";"Com Vítimas Feridas";"Pleno dia";"Crescente";"Sol";"Dupla";"Reta";"Sim";3;0;1;0;2;0;1;2;-25,4951737;-54,5216673;"SPRF-PR";"DEL05-PR";"UOP03-DEL05-PR"
527683;2023-06-06;"terça-feira";"07:20:00";"SC";101;131;"BALNEARIO CAMBORIU";"Desrespeitar a preferência no cruzamento";"Colisão transversal";"Com Vítimas Feridas";"Pleno dia";"Crescente";"Céu Claro";"Simples";"Reta;Interseção de Vias";"Sim";3;0;1;1;1;0;2;2;-26,99064209;-48,66310912;"SPRF-SC";"DEL04-SC";"UOP03-DEL04-SC"
527684;2023-06-06;"terça-feira";"06:50:00";"CE";116;6;"FORTALEZA";"Condutor deixou de manter distância do veículo da frente";"Colisão traseira";"Com Vítimas Feridas";"Pleno dia";"Crescente";"Céu Claro";"Dupla";"Reta";"Sim";2;0;0;1;1;0;1;2;-3,802624;-38,50400499;"SPRF-CE";"DEL01-CE";"UOP02-DEL01-CE"
527685;2023-06-03;"sábado";"16:20:00";"MS";158;100;"PARANAIBA";"Acessar a via sem observar a presença dos outros veículos";"Colisão transversal";"Com Vítimas Feridas";"Pleno dia";"Crescente";"Céu Claro";"Simples";"Reta";"Não";8;0;5;0;3;0;5;2;-19,70501364;-51,14980583;"SPRF-MS";"DEL08-MS";"UOP01-DEL08-MS"
527686;2023-06-06;"terça-feira";"07:30:00";"MG";50;178;"UBERABA";"Animais na Pista";"Colisão traseira";"Com Vítimas Feridas";"Pleno dia";"Decrescente";"Céu Claro";"Dupla";"Aclive;Reta";"Sim";2;0;1;0;1;0;1;2;-19,77896821;-47,94093599;"SPRF-MG";"DEL13-MG";"UOP01-DEL13-MG"
527687;2023-06-06;"terça-feira";"07:55:00";"PR";277;75;"SAO JOSE DOS PINHAIS";"Trafegar com motocicleta (ou similar) entre as faixas";"Colisão lateral mesmo sentido";"Com Vítimas Feridas";"Pleno dia";"Crescente";"Nublado";"Dupla";"Reta";"Não";2;0;1;0;1;0;1;2;-25,5132798086;-49,1243329132;"SPRF-PR";"DEL01-PR";"UOP01-DEL01-PR"
527688;2023-06-06;"terça-feira";"07:15:00";"DF";40;3;"BRASILIA";"Trafegar com motocicleta (ou similar) entre as faixas";"Queda de ocupante de veículo";"Com Vítimas Feridas";"Pleno dia";"Decrescente";"Céu Claro";"Dupla";"Reta";"Não";1;0;1;0;0;0;1;1;-16,003145;-47,983944;"SPRF-DF";"DEL01-DF";"UOP01-DEL01-DF"
527689;2023-06-06;"terça-feira";"07:45:00";"MG";381;478,9;"CONTAGEM";"Ausência de reação do condutor";"Colisão traseira";"Com Vítimas Feridas";"Pleno dia";"Decrescente";"Céu Claro";"Dupla";"Curva;Aclive";"Sim";2;0;1;0;1;0;1;2;-19,9636473;-44,0426134;"SPRF-MG";"DEL01-MG";"UOP03-DEL01-MG"
527690;2023-06-06;"terça-feira";"08:00:00";"PR";277;586;"CASCAVEL";"Reação tardia ou ineficiente do condutor";"Colisão traseira";"Com Vítimas Feridas";"Pleno dia";"Decrescente";"Céu Claro";"Simples";"Reta";"Sim";2;0;1;0;1;0;1;2;-24,96804498;-53,42739237;"SPRF-PR";"DEL04-PR";"UOP01-DEL04-PR"
527691;2023-06-06;"terça-feira";"07:20:00";"MS";262;692;"CORUMBA";"Pista em desnível";"Saída de leito carroçável";"Com Vítimas Feridas";"Pleno dia";"Crescente";"Céu Claro";"Simples";"Curva";"Não";1;0;0;1;0;0;1;1;-19,55645895;-57,38817394;"SPRF-MS";"DEL03-MS";"UOP03-DEL03-MS"
527693;2023-06-06;"terça-feira";"06:20:00";"RJ";493;51;"DUQUE DE CAXIAS";"Animais na Pista";"Atropelamento de Animal";"Com Vítimas Feridas";"Amanhecer";"Decrescente";"Céu Claro";"Dupla";"Reta";"Não";1;0;0;1;0;0;1;1;-22,672089;-43,285053;"SPRF-RJ";"DEL01-RJ";"UOP01-DEL01-RJ"
527694;2023-06-06;"terça-feira";"08:00:00";"PR";476;147,8;"ARAUCARIA";"Reação tardia ou ineficiente do condutor";"Colisão traseira";"Com Vítimas Feridas";"Pleno dia";"Decrescente";"Chuva";"Dupla";"Reta";"Sim";2;0;1;0;1;0;1;2;-25,554628;-49,339268;"SPRF-PR";"DEL01-PR";"UOP06-DEL01-PR"
527695;2023-06-06;"terça-feira";"07:05:00";"MG";381;563;"ITAGUARA";"Avarias e/ou desgaste excessivo no pneu";"Queda de ocupante de veículo";"Com Vítimas Feridas";"Amanhecer";"Decrescente";"Céu Claro";"Dupla";"Declive;Curva";"Sim";1;0;1;0;0;0;1;1;-20,40233189;-44,509134;"SPRF-MG";"DEL04-MG";"UOP03-DEL04-MG"
527698;2023-06-06;"terça-feira";"06:30:00";"PR";369;178,7;"ROLANDIA";"Manobra de mudança de faixa";"Colisão transversal";"Com Vítimas Fatais";"Amanhecer";"Crescente";"Céu Claro";"Dupla";"Reta";"Não";2;1;0;0;1;0;0;2;-23,35969;-51,39806;"SPRF-PR";"DEL07-PR";"UOP01-DEL07-PR"
527700;2023-04-15;"sábado";"20:00:00";"PR";116;8;"CAMPINA GRANDE DO SUL";"Velocidade Incompatível";"Saída de leito carroçável";"Com Vítimas Feridas";"Plena Noite";"Crescente";"Chuva";"Dupla";"Curva";"Não";4;0;1;0;3;0;1;1;-25,08123277;-48,62449108;"SPRF-PR";"DEL01-PR";"UOP02-DEL01-PR"
527701;2023-06-06;"terça-feira";"08:45:00";"PR";373;478,5;"CORONEL VIVIDA";"Acesso irregular";"Colisão frontal";"Com Vítimas Feridas";"Pleno dia";"Crescente";"Céu Claro";"Simples";"Curva";"Não";2;0;1;0;1;0;1;2;-25,97273123;-52,53404482;"SPRF-PR";"DEL02-PR";"UOP01-DEL02-PR"
527702;2023-06-06;"terça-feira";"08:36:00";"GO";153;505;"APARECIDA DE GOIANIA";"Condutor deixou de manter distância do veículo da frente";"Colisão lateral mesmo sentido";"Com Vítimas Feridas";"Pleno dia";"Crescente";"Céu Claro";"Dupla";"Reta";"Sim";3;0;1;0;2;0;1;2;-16,7537;-49,2411;"SPRF-GO";"DEL01-GO";"UOP01-DEL01-GO"
527703;2023-06-06;"terça-feira";"08:05:00";"PR";116;125;"FAZENDA RIO GRANDE";"Manobra de mudança de faixa";"Colisão lateral mesmo sentido";"Com Vítimas Feridas";"Pleno dia";"Decrescente";"Nublado";"Dupla";"Reta";"Sim";2;0;1;0;1;0;1;2;-25,628727;-49,314028;"SPRF-PR";"DEL01-PR";"UOP03-DEL01-PR"
527704;2023-06-06;"terça-feira";"05:10:00";"RN";406;40;"JANDAIRA";"Reação tardia ou ineficiente do condutor";"Saída de leito carroçável";"Sem Vítimas";"Pleno dia";"Crescente";"Céu Claro";"Simples";"Reta";"Não";1;0;0;0;0;1;0;1;-5,27475223;-36,3104471;"SPRF-RN";"DEL02-RN";"UOP01-DEL02-RN"
527706;2023-06-06;"terça-feira";"07:50:00";"PR";277;96;"CURITIBA";"Condutor deixou de manter distância do veículo da frente";"Colisão traseira";"Com Vítimas Feridas";"Pleno dia";"Decrescente";"Céu Claro";"Dupla";"Reta";"Sim";2;0;1;0;1;0;1;2;-25,43075673;-49,33088779;"SPRF-PR";"DEL01-PR";"UOP06-DEL01-PR"
527708;2023-06-06;"terça-feira";"08:45:00";"PR";277;72,9;"SAO JOSE DOS PINHAIS";"Acessar a via sem observar a presença dos outros veículos";"Colisão lateral mesmo sentido";"Com Vítimas Feridas";"Pleno dia";"Crescente";"Garoa/Chuvisco";"Dupla";"Reta";"Sim";2;0;1;0;1;0;1;2;-25,50163902;-49,14982259;"SPRF-PR";"DEL01-PR";"UOP01-DEL01-PR"
527709;2023-06-06;"terça-feira";"09:20:00";"DF";60;3,9;"BRASILIA";"Condutor usando celular";"Saída de leito carroçável";"Com Vítimas Feridas";"Pleno dia";"Crescente";"Céu Claro";"Dupla";"Reta;Declive";"Sim";2;0;0;1;0;1;1;2;-15,892482;-48,095025;"SPRF-DF";"DEL03-DF";"UOP01-DEL03-DF"
527710;2023-06-06;"terça-feira";"09:48:00";"ES";101;293;"CARIACICA";"Condutor deixou de manter distância do veículo da frente";"Colisão traseira";"Com Vítimas Feridas";"Pleno dia";"Crescente";"Céu Claro";"Simples";"Reta";"Não";3;0;1;0;1;1;1;2;-20,31526144;-40,39567044;"SPRF-ES";"DEL01-ES";"UOP01-DEL01-ES"
527712;2023-06-06;"terça-feira";"05:51:00";"AL";101;65,2;"MESSIAS";"Velocidade Incompatível";"Saída de leito carroçável";"Com Vítimas Feridas";"Pleno dia";"Decrescente";"Chuva";"Dupla";"Curva";"Não";2;0;1;0;1;0;1;1;-9,32413414;-35,82956829;"SPRF-AL";"DEL01-AL";"UOP02-DEL01-AL"
527713;2023-06-06;"terça-feira";"09:30:00";"RJ";116;306;"RESENDE";"Reação tardia ou ineficiente do condutor";"Queda de ocupante de veículo";"Com Vítimas Feridas";"Pleno dia";"Crescente";"Céu Claro";"Dupla";"Reta";"Sim";1;0;1;0;0;0;1;1;-22,45645538;-44,40259093;"SPRF-RJ";"DEL07-RJ";"UOP02-DEL07-RJ"
527714;2023-06-06;"terça-feira";"07:30:00";"PR";277;587;"CASCAVEL";"Desrespeitar a preferência no cruzamento";"Colisão transversal";"Com Vítimas Feridas";"Pleno dia";"Crescente";"Sol";"Simples";"Reta";"Sim";3;0;1;0;2;0;1;2;-24,9773249;-53,44630837;"SPRF-PR";"DEL04-PR";"UOP01-DEL04-PR"
527718;2023-06-06;"terça-feira";"09:13:00";"PE";101;106,7;"CABO DE SANTO AGOSTINHO";"Estacionar ou parar em local proibido";"Colisão traseira";"Com Vítimas Feridas";"Pleno dia";"Decrescente";"Nublado";"Dupla";"Declive;Curva";"Não";4;0;0;1;3;0;1;2;-8,31006335;-35,08297205;"SPRF-PE";"DEL01-PE";"UOP03-DEL01-PE"
527720;2023-06-06;"terça-feira";"10:15:00";"SP";116;272;"TABOAO DA SERRA";"Entrada inopinada do pedestre";"Atropelamento de Pedestre";"Com Vítimas Feridas";"Pleno dia";"Crescente";"Céu Claro";"Dupla";"Reta";"Sim";3;0;0;1;1;1;1;2;-23,621691;-46,813288;"SPRF-SP";"DEL04-SP";"UOP01-DEL04-SP"
527723;2023-06-06;"terça-feira";"10:00:00";"RJ";40;30;"PETROPOLIS";"Transitar na contramão";"Colisão frontal";"Com Vítimas Feridas";"Pleno dia";"Decrescente";"Céu Claro";"Simples";"Aclive";"Não";2;0;1;0;1;0;1;2;-22,39450315;-43,13468983;"SPRF-RJ";"DEL05-RJ";"UOP02-DEL05-RJ"
527724;2023-06-06;"terça-feira";"11:55:00";"RN";304;303;"MACAIBA";"Acessar a via sem observar a presença dos outros veículos";"Queda de ocupante de veículo";"Com Vítimas Feridas";"Pleno dia";"Decrescente";"Céu Claro";"Dupla";"Reta";"Sim";1;0;1;0;0;0;1;1;-5,88217905;-35,28934802;"SPRF-RN";"DEL01-RN";"UOP02-DEL01-RN"
527725;2023-06-06;"terça-feira";"11:30:00";"PR";277;7;"PARANAGUA";"Condutor desrespeitou a iluminação vermelha do semáforo";"Colisão transversal";"Com Vítimas Feridas";"Pleno dia";"Crescente";"Garoa/Chuvisco";"Dupla";"Reta;Interseção de Vias";"Sim";3;0;1;0;2;0;1;2;-25,5149736;-48,52264166;"SPRF-PR";"DEL01-PR";"UOP05-DEL01-PR"
527726;2023-06-06;"terça-feira";"12:15:00";"SP";116;217,9;"GUARULHOS";"Reação tardia ou ineficiente do condutor";"Colisão traseira";"Com Vítimas Feridas";"Pleno dia";"Decrescente";"Céu Claro";"Múltipla";"Reta";"Sim";2;0;2;0;0;0;2;2;-23,45423824;-46,47119028;"SPRF-SP";"DEL01-SP";"UOP01-DEL01-SP"
527729;2023-06-06;"terça-feira";"12:30:00";"ES";101;149;"LINHARES";"Acumulo de areia ou detritos sobre o pavimento";"Tombamento";"Com Vítimas Feridas";"Pleno dia";"Crescente";"Céu Claro";"Dupla";"Interseção de Vias";"Sim";2;0;2;0;0;0;2;1;-19,39619083;-40,06435871;"SPRF-ES";"DEL04-ES";"UOP01-DEL04-ES"
527730;2023-06-06;"terça-feira";"12:30:00";"SC";470;76,3;"INDAIAL";"Mal súbito do condutor";"Saída de leito carroçável";"Com Vítimas Feridas";"Pleno dia";"Crescente";"Céu Claro";"Simples";"Reta";"Não";1;0;1;0;0;0;1;1;-26,93636746;-49,2892403;"SPRF-SC";"DEL04-SC";"UOP01-DEL04-SC"
527733;2023-06-06;"terça-feira";"12:30:00";"PB";230;185,1;"POCINHOS";"Acessar a via sem observar a presença dos outros veículos";"Colisão transversal";"Sem Vítimas";"Pleno dia";"Crescente";"Nublado";"Simples";"Interseção de Vias";"Não";2;0;0;0;2;0;0;2;-7,151;-36,1114;"SPRF-PB";"DEL02-PB";"UOP02-DEL02-PB"
527735;2023-06-06;"terça-feira";"13:00:00";"MG";262;448;"NOVA SERRANA";"Velocidade Incompatível";"Queda de ocupante de veículo";"Com Vítimas Feridas";"Pleno dia";"Crescente";"Céu Claro";"Simples";"Reta";"Não";1;0;1;0;0;0;1;1;-19,87174184;-44,96984197;"SPRF-MG";"DEL08-MG";"UOP03-DEL08-MG"
527736;2023-06-06;"terça-feira";"07:20:00";"RJ";101;328;"RIO DE JANEIRO";"Trafegar com motocicleta (ou similar) entre as faixas";"Colisão lateral mesmo sentido";"Com Vítimas Feridas";"Pleno dia";"Crescente";"Céu Claro";"Múltipla";"Reta";"Não";2;0;1;0;1;0;1;2;-22,87028692;-43,16579699;"SPRF-RJ";"DEL02-RJ";"UOP01-DEL02-RJ"
527737;2023-06-06;"terça-feira";"10:18:00";"MT";70;1,3;"BARRA DO GARCAS";"Reação tardia ou ineficiente do condutor";"Colisão lateral mesmo sentido";"Sem Vítimas";"Pleno dia";"Crescente";"Sol";"Simples";"Reta";"Sim";2;0;0;0;2;0;0;2;-15,89164596;-52,26202884;"SPRF-MT";"DEL07-MT";"UOP01-DEL07-MT"
527739;2023-06-06;"terça-feira";"13:40:00";"RJ";393;282;"VOLTA REDONDA";"Condutor deixou de manter distância do veículo da frente";"Colisão traseira";"Com Vítimas Feridas";"Pleno dia";"Decrescente";"Céu Claro";"Simples";"Reta";"Sim";3;0;1;1;1;0;2;2;-22,48082784;-44,04047201;"SPRF-RJ";"DEL05-RJ";"UOP04-DEL05-RJ"
527740;2023-05-31;"quarta-feira";"07:40:00";"TO";0;0;"PALMAS";"Reação tardia ou ineficiente do condutor";"Colisão transversal";"Sem Vítimas";"Pleno dia";"Não Informado";"Céu Claro";"Simples";"Reta";"Sim";3;0;0;0;3;0;0;2;-10,18501;-48,34103;"SPRF-TO";"DEL01-TO";"UOP03-DEL01-TO"
527742;2023-06-06;"terça-feira";"05:40:00";"MG";40;139,9;"JOAO PINHEIRO";"Reação tardia ou ineficiente do condutor";"Colisão com objeto";"Com Vítimas Feridas";"Amanhecer";"Decrescente";"Céu Claro";"Simples";"Reta;Declive";"Não";1;0;0;1;0;0;1;1;-17,73570757;-46,21099068;"SPRF-MG";"DEL14-MG";"UOP01-DEL14-MG"
527743;2023-06-06;"terça-feira";"12:40:00";"MA";316;578,6;"CAXIAS";"Manobra de mudança de faixa";"Colisão transversal";"Com Vítimas Feridas";"Pleno dia";"Decrescente";"Céu Claro";"Simples";"Reta;Em Obras";"Não";4;0;2;0;2;0;2;2;-4,952184;-43,135693;"SPRF-MA";"DEL03-MA";"UOP02-DEL03-MA"
527746;2023-06-06;"terça-feira";"15:20:00";"SC";470;35;"GASPAR";"Condutor deixou de manter distância do veículo da frente";"Colisão transversal";"Com Vítimas Feridas";"Pleno dia";"Decrescente";"Céu Claro";"Simples";"Reta;Em Obras;Interseção de Vias";"Não";3;0;1;0;2;0;1;2;-26,91406955;-48,96797955;"SPRF-SC";"DEL04-SC";"UOP01-DEL04-SC"
527747;2023-06-06;"terça-feira";"15:20:00";"SP";381;81;"SAO PAULO";"Ausência de reação do condutor";"Queda de ocupante de veículo";"Com Vítimas Feridas";"Pleno dia";"Decrescente";"Céu Claro";"Dupla";"Reta";"Sim";1;0;1;0;0;0;1;1;-23,41704481;-46,58022057;"SPRF-SP";"DEL03-SP";"UOP01-DEL03-SP"
527748;2023-06-06;"terça-feira";"13:00:00";"MG";116;681,4;"MIRADOURO";"Condutor deixou de manter distância do veículo da frente";"Colisão traseira";"Com Vítimas Feridas";"Pleno dia";"Crescente";"Céu Claro";"Simples";"Curva";"Não";2;0;1;0;1;0;1;2;-20,94812318;-42,34761467;"SPRF-MG";"DEL07-MG";"UOP02-DEL07-MG"
527750;2023-06-06;"terça-feira";"14:00:00";"PR";277;345;"GUARAPUAVA";"Pedestre cruzava a pista fora da faixa";"Atropelamento de Pedestre";"Com Vítimas Feridas";"Pleno dia";"Crescente";"Céu Claro";"Simples";"Em Obras;Reta";"Sim";2;0;1;0;1;0;1;2;-25,33928412;-51,42880296;"SPRF-PR";"DEL08-PR";"UOP01-DEL08-PR"
527751;2023-06-06;"terça-feira";"15:57:00";"RS";116;310;"GUAIBA";"Ausência de reação do condutor";"Colisão traseira";"Com Vítimas Feridas";"Pleno dia";"Decrescente";"Céu Claro";"Simples";"Reta";"Não";2;0;1;0;1;0;1;2;-30,20082914;-51,40020449;"SPRF-RS";"DEL02-RS";"UOP01-DEL02-RS"
527752;2023-06-06;"terça-feira";"16:30:00";"RS";392;254;"CACAPAVA DO SUL";"Ausência de reação do condutor";"Colisão transversal";"Com Vítimas Feridas";"Pleno dia";"Crescente";"Céu Claro";"Simples";"Reta;Em Obras";"Não";4;0;1;0;3;0;1;2;-30,51971423;-53,45352527;"SPRF-RS";"DEL09-RS";"UOP02-DEL09-RS"
527754;2023-06-06;"terça-feira";"13:40:00";"MG";365;353;"VARJAO DE MINAS";"Demais falhas mecânicas ou elétricas";"Saída de leito carroçável";"Com Vítimas Feridas";"Pleno dia";"Crescente";"Céu Claro";"Simples";"Reta";"Não";1;0;1;0;0;0;1;1;-18,35390001;-46,0187565;"SPRF-MG";"DEL10-MG";"UOP01-DEL10-MG"
527756;2023-06-06;"terça-feira";"16:00:00";"SP";116;494;"CAJATI";"Velocidade Incompatível";"Saída de leito carroçável";"Com Vítimas Feridas";"Pleno dia";"Crescente";"Céu Claro";"Dupla";"Reta;Declive";"Não";3;0;1;2;0;0;3;1;-24,74849593;-48,14995808;"SPRF-SP";"DEL05-SP";"UOP01-DEL05-SP"
527758;2023-06-06;"terça-feira";"16:40:00";"RS";116;312;"GUAIBA";"Condutor Dormindo";"Saída de leito carroçável";"Com Vítimas Feridas";"Pleno dia";"Decrescente";"Céu Claro";"Dupla";"Curva;Aclive";"Não";2;0;1;0;1;0;1;1;-30,21844198;-51,40424588;"SPRF-RS";"DEL02-RS";"UOP01-DEL02-RS"
527760;2023-06-06;"terça-feira";"17:00:00";"RN";101;108;"PARNAMIRIM";"Condutor deixou de manter distância do veículo da frente";"Colisão traseira";"Com Vítimas Feridas";"Anoitecer";"Decrescente";"Céu Claro";"Múltipla";"Viaduto";"Sim";2;0;2;0;0;0;2;2;-5,92825102;-35,26465683;"SPRF-RN";"DEL01-RN";"UOP01-DEL01-RN"
527762;2023-06-06;"terça-feira";"17:15:00";"MG";40;468,3;"SETE LAGOAS";"Animais na Pista";"Colisão traseira";"Com Vítimas Feridas";"Pleno dia";"Decrescente";"Céu Claro";"Dupla";"Aclive;Reta";"Não";4;0;1;0;3;0;1;2;-19,45630182;-44,30941888;"SPRF-MG";"DEL02-MG";"UOP01-DEL02-MG"
527766;2023-06-06;"terça-feira";"15:30:00";"GO";60;402;"RIO VERDE";"Demais falhas mecânicas ou elétricas";"Incêndio";"Sem Vítimas";"Pleno dia";"Decrescente";"Céu Claro";"Dupla";"Declive;Reta";"Não";1;0;0;0;1;0;0;1;-17,8184;-51,0733;"SPRF-GO";"DEL04-GO";"UOP02-DEL04-GO"
527767;2023-06-06;"terça-feira";"09:50:00";"MT";364;459;"VARZEA GRANDE";"Demais falhas mecânicas ou elétricas";"Tombamento";"Com Vítimas Feridas";"Pleno dia";"Crescente";"Céu Claro";"Simples";"Reta";"Não";1;0;1;0;0;0;1;1;-15,53593998;-56,27611937;"SPRF-MT";"DEL01-MT";"UOP02-DEL01-MT"
527769;2023-06-06;"terça-feira";"17:30:00";"RS";290;86;"PORTO ALEGRE";"Manobra de mudança de faixa";"Colisão lateral mesmo sentido";"Com Vítimas Feridas";"Anoitecer";"Decrescente";"Céu Claro";"Simples";"Reta";"Sim";2;0;1;0;1;0;1;2;-29,968412;-51,117138;"SPRF-RS";"DEL01-RS";"UOP01-DEL01-RS"
527771;2023-06-06;"terça-feira";"16:10:00";"RJ";465;12;"SEROPEDICA";"Conversão proibida";"Colisão transversal";"Com Vítimas Feridas";"Pleno dia";"Decrescente";"Céu Claro";"Simples";"Reta";"Não";2;0;2;0;0;0;2;2;-22,791252;-43,651257;"SPRF-RJ";"DEL01-RJ";"UOP03-DEL01-RJ"
527774;2023-06-06;"terça-feira";"10:54:00";"MT";163;591,2;"NOVA MUTUM";"Pista esburacada";"Queda de ocupante de veículo";"Com Vítimas Feridas";"Pleno dia";"Decrescente";"Céu Claro";"Simples";"Reta";"Não";1;0;1;0;0;0;1;1;-13,98765008;-56,09892131;"SPRF-MT";"DEL01-MT";"UOP01-DEL01-MT"
527775;2023-06-06;"terça-feira";"18:00:00";"SC";101;157;"PORTO BELO";"Trafegar com motocicleta (ou similar) entre as faixas";"Colisão lateral mesmo sentido";"Sem Vítimas";"Plena Noite";"Crescente";"Céu Claro";"Múltipla";"Reta";"Não";2;0;0;0;1;1;0;2;-27,181625;-48,6121179;"SPRF-SC";"DEL04-SC";"UOP03-DEL04-SC"
527776;2023-06-06;"terça-feira";"17:35:00";"PB";101;57,8;"SANTA RITA";"Demais falhas mecânicas ou elétricas";"Colisão traseira";"Com Vítimas Feridas";"Anoitecer";"Crescente";"Céu Claro";"Dupla";"Reta;Retorno Regulamentado";"Não";3;0;0;2;1;0;2;2;-6,97775678;-35,0777086;"SPRF-PB";"DEL01-PB";"UOP04-DEL01-PB"
527777;2023-06-06;"terça-feira";"18:02:00";"GO";40;1;"VALPARAISO DE GOIAS";"Trafegar com motocicleta (ou similar) entre as faixas";"Colisão traseira";"Com Vítimas Feridas";"Plena Noite";"Crescente";"Céu Claro";"Dupla";"Reta";"Sim";2;0;1;0;1;0;1;2;-16,058245;-47,982825;"SPRF-DF";"DEL01-DF";"UOP01-DEL01-DF"
527778;2023-06-06;"terça-feira";"17:45:00";"SC";163;72;"SAO MIGUEL DO OESTE";"Reação tardia ou ineficiente do condutor";"Colisão traseira";"Com Vítimas Feridas";"Anoitecer";"Crescente";"Céu Claro";"Dupla";"Interseção de Vias";"Sim";2;0;1;0;1;0;1;2;-26,72962532;-53,51157725;"SPRF-SC";"DEL07-SC";"UOP03-DEL07-SC"
527779;2023-06-06;"terça-feira";"14:56:00";"GO";153;543;"HIDROLANDIA";"Condutor Dormindo";"Saída de leito carroçável";"Sem Vítimas";"Pleno dia";"Decrescente";"Céu Claro";"Dupla";"Reta";"Não";2;0;0;0;2;0;0;1;-17,0814;-49,2246;"SPRF-GO";"DEL01-GO";"UOP03-DEL01-GO"
527780;2023-06-06;"terça-feira";"16:30:00";"PR";369;236,2;"JANDAIA DO SUL";"Condutor deixou de manter distância do veículo da frente";"Colisão traseira";"Com Vítimas Feridas";"Pleno dia";"Crescente";"Céu Claro";"Simples";"Reta";"Não";3;0;1;1;1;0;2;2;-23,63697595;-51,67694092;"SPRF-PR";"DEL09-PR";"UOP01-DEL09-PR"
527782;2023-06-06;"terça-feira";"17:30:00";"BA";367;57;"PORTO SEGURO";"Acesso irregular";"Colisão transversal";"Com Vítimas Feridas";"Anoitecer";"Crescente";"Céu Claro";"Simples";"Reta";"Não";3;0;0;2;1;0;2;2;-16,38873974;-39,35713702;"SPRF-BA";"DEL09-BA";"UOP03-DEL09-BA"