"id";"data_inversa";"dia_semana";"horario";"uf";"br";"km";"municipio";"causa_acidente";"tipo_acidente";"classificacao_acidente";"fase_dia";"sentido_via";"condicao_metereologica";"tipo_pista";"tracado_via";"uso_solo";"pessoas";"mortos";"feridos_leves";"feridos_graves";"ilesos";"ignorados";"feridos";"veiculos";"latitude";"longitude";"regional";"delegacia";"uop"
528009;2023-06-07;"quarta-feira";"19:30:00";"SC";101;118,7;"ITAJAI";"Ausência de reação do condutor";"Colisão lateral mesmo sentido";"Com Vítimas Feridas";"Plena Noite";"Crescente";"Céu Claro";"Dupla";"Reta";"Não";2;0;1;0;1;0;1;2;-26,895859;-48,71903;"SPRF-SC";"DEL04-SC";"UOP04-DEL04-SC"
528010;2023-06-07;"quarta-feira";"17:15:00";"RS";116;266;"CANOAS";"Reação tardia ou ineficiente do condutor";"Queda de ocupante de veículo";"Com Vítimas Feridas";"Plena Noite";"Decrescente";"Céu Claro";"Múltipla";"Reta";"Sim";4;0;2;0;2;0;2;2;-29,93242399;-51,17742077;"SPRF-RS";"DEL01-RS";"UOP01-DEL01-RS"
528012;2023-06-07;"quarta-feira";"18:00:00";"SC";163;71,6;"SAO MIGUEL DO OESTE";"Acessar a via sem observar a presença dos outros veículos";"Colisão transversal";"Com Vítimas Feridas";"Plena Noite";"Crescente";"Céu Claro";"Dupla";"Reta";"Sim";2;0;1;0;1;0;1;2;-26,72772401;-53,51281303;"SPRF-SC";"DEL07-SC";"UOP03-DEL07-SC"
528013;2023-06-07;"quarta-feira";"20:50:00";"MG";40;436;"PARAOPEBA";"Pedestre andava na pista";"Atropelamento de Pedestre";"Com Vítimas Fatais";"Plena Noite";"Decrescente";"Céu Claro";"Dupla";"Reta";"Não";2;1;0;0;1;0;0;2;-19,22540708;-44,44298306;"SPRF-MG";"DEL02-MG";"UOP01-DEL02-MG"
528015;2023-06-07;"quarta-feira";"18:50:00";"PR";376;591,5;"CURITIBA";"Pedestre cruzava a pista fora da faixa";"Atropelamento de Pedestre";"Com Vítimas Feridas";"Plena Noite";"Crescente";"Nublado";"Dupla";"Reta";"Sim";2;0;1;0;0;1;1;1;-25,45999605;-49,35895013;"SPRF-PR";"DEL01-PR";"UOP06-DEL01-PR"
528016;2023-06-07;"quarta-feira";"20:30:00";"PR";277;587,1;"CASCAVEL";"Ausência de reação do condutor";"Queda de ocupante de veículo";"Com Vítimas Feridas";"Plena Noite";"Crescente";"Céu Claro";"Simples";"Reta";"Sim";1;0;1;0;0;0;1;1;-24,97022514;-53,43076229;"SPRF-PR";"DEL04-PR";"UOP01-DEL04-PR"
528018;2023-06-07;"quarta-feira";"19:30:00";"PB";230;365,6;"MALTA";"Animais na Pista";"Atropelamento de Animal";"Com Vítimas Feridas";"Plena Noite";"Decrescente";"Céu Claro";"Simples";"Reta";"Não";1;0;1;0;0;0;1;1;-6,9086;-37,505;"SPRF-PB";"DEL03-PB";"UOP02-DEL03-PB"
528020;2023-06-07;"quarta-feira";"19:10:00";"GO";153;503,5;"GOIANIA";"Condutor deixou de manter distância do veículo da frente";"Colisão traseira";"Com Vítimas Feridas";"Plena Noite";"Crescente";"Céu Claro";"Dupla";"Reta";"Sim";2;0;1;0;0;1;1;2;-16,7366;-49,243;"SPRF-GO";"DEL01-GO";"UOP01-DEL01-GO"
528021;2023-06-07;"quarta-feira";"20:30:00";"MG";40;523;"CONTAGEM";"Reação tardia ou ineficiente do condutor";"Tombamento";"Com Vítimas Feridas";"Plena Noite";"Decrescente";"Céu Claro";"Dupla";"Reta";"Sim";1;0;1;0;0;0;1;1;-19,86874894;-44,05962197;"SPRF-MG";"DEL01-MG";"UOP02-DEL01-MG"
528022;2023-06-07;"quarta-feira";"20:45:00";"SC";101;282;"IMBITUBA";"Condutor deixou de manter distância do veículo da frente";"Colisão traseira";"Com Vítimas Feridas";"Plena Noite";"Crescente";"Céu Claro";"Múltipla";"Reta";"Sim";2;0;1;0;1;0;1;2;-28,19626005;-48,69739859;"SPRF-SC";"DEL02-SC";"UOP03-DEL02-SC"
528024;2023-06-07;"quarta-feira";"21:00:00";"MG";40;527;"CONTAGEM";"Manobra de mudança de faixa";"Colisão lateral mesmo sentido";"Com Vítimas Feridas";"Plena Noite";"Crescente";"Céu Claro";"Múltipla";"Aclive";"Não";3;0;2;0;1;0;2;2;-19,90149502;-44,04938939;"SPRF-MG";"DEL01-MG";"UOP02-DEL01-MG"
528025;2023-06-07;"quarta-feira";"20:00:00";"SC";101;86,5;"BARRA VELHA";"Acumulo de areia ou detritos sobre o pavimento";"Queda de ocupante de veículo";"Com Vítimas Feridas";"Plena Noite";"Crescente";"Céu Claro";"Simples";"Viaduto";"Não";1;0;1;0;0;0;1;1;-26,63277317;-48,70232513;"SPRF-SC";"DEL03-SC";"UOP02-DEL03-SC"
528026;2023-06-07;"quarta-feira";"20:15:00";"RJ";393;297;"BARRA MANSA";"Acessar a via sem observar a presença dos outros veículos";"Colisão transversal";"Com Vítimas Feridas";"Plena Noite";"Decrescente";"Céu Claro";"Dupla";"Reta";"Sim";4;0;0;1;3;0;1;2;-22,5337622;-44,11657385;"SPRF-RJ";"DEL07-RJ";"UOP02-DEL07-RJ"
528027;2023-06-07;"quarta-feira";"20:45:00";"MG";116;700,9;"MURIAE";"Acesso irregular";"Colisão transversal";"Com Vítimas Feridas";"Plena Noite";"Crescente";"Céu Claro";"Simples";"Reta";"Sim";2;0;1;0;1;0;1;2;-21,112572;-42,381118;"SPRF-MG";"DEL07-MG";"UOP02-DEL07-MG"
528028;2023-06-07;"quarta-feira";"21:10:00";"MS";60;27;"CHAPADAO DO SUL";"Ausência de reação do condutor";"Saída de leito carroçável";"Com Vítimas Feridas";"Plena Noite";"Crescente";"Céu Claro";"Simples";"Reta";"Não";1;0;1;0;0;0;1;1;-18,90483356;-52,72089609;"SPRF-MS";"DEL08-MS";"UOP01-DEL08-MS"
528029;2023-06-07;"quarta-feira";"15:30:00";"RO";364;462;"ARIQUEMES";"Mal súbito do condutor";"Tombamento";"Com Vítimas Feridas";"Pleno dia";"Decrescente";"Céu Claro";"Simples";"Curva";"Não";1;0;1;0;0;0;1;1;-10,24241801;-62,74331301;"SPRF-RO";"DEL03-RO";"UOP01-DEL03-RO"
528030;2023-06-07;"quarta-feira";"21:55:00";"PR";277;79;"CURITIBA";"Ausência de reação do condutor";"Colisão com objeto";"Com Vítimas Feridas";"Plena Noite";"Decrescente";"Nublado";"Dupla";"Reta";"Sim";2;0;1;0;1;0;1;2;-25,48109163;-49,19712067;"SPRF-PR";"DEL01-PR";"UOP01-DEL01-PR"
528031;2023-06-07;"quarta-feira";"21:50:00";"PE";101;80,9;"JABOATAO DOS GUARARAPES";"Afundamento ou ondulação no pavimento";"Queda de ocupante de veículo";"Com Vítimas Feridas";"Plena Noite";"Crescente";"Garoa/Chuvisco";"Dupla";"Reta";"Sim";1;0;1;0;0;0;1;1;-8,15112589;-34,9428866;"SPRF-PE";"DEL01-PE";"UOP01-DEL01-PE"
528033;2023-06-07;"quarta-feira";"22:26:00";"RS";290;696,1;"URUGUAIANA";"Manobra de mudança de faixa";"Colisão frontal";"Com Vítimas Fatais";"Plena Noite";"Crescente";"Céu Claro";"Simples";"Reta";"Não";9;1;6;2;0;0;8;3;-29,870333;-56,854012;"SPRF-RS";"DEL13-RS";"UOP01-DEL13-RS"
528034;2023-06-07;"quarta-feira";"20:58:00";"RO";364;384,9;"OURO PRETO DO OESTE";"Transitar na contramão";"Colisão frontal";"Com Vítimas Feridas";"Plena Noite";"Decrescente";"Nublado";"Simples";"Reta";"Sim";2;0;0;1;0;1;1;2;-10,71524933;-62,25065352;"SPRF-RO";"DEL02-RO";"UOP01-DEL02-RO"
528036;2023-06-07;"quarta-feira";"20:20:00";"MG";267;271,6;"AIURUOCA";"Acessar a via sem observar a presença dos outros veículos";"Colisão transversal";"Com Vítimas Feridas";"Plena Noite";"Crescente";"Céu Claro";"Simples";"Reta";"Não";3;0;0;1;2;0;1;2;-21,93370891;-44,64578203;"SPRF-MG";"DEL17-MG";"UOP01-DEL17-MG"
528037;2023-06-07;"quarta-feira";"20:45:00";"RS";116;417;"CAMAQUA";"Ausência de reação do condutor";"Colisão com objeto";"Com Vítimas Feridas";"Plena Noite";"Decrescente";"Céu Claro";"Simples";"Desvio Temporário";"Não";1;0;1;0;0;0;1;1;-30,94819588;-51,95206906;"SPRF-RS";"DEL02-RS";"UOP02-DEL02-RS"
528038;2023-06-07;"quarta-feira";"17:45:00";"BA";116;632,8;"JAGUAQUARA";"Acessar a via sem observar a presença dos outros veículos";"Colisão transversal";"Sem Vítimas";"Plena Noite";"Decrescente";"Céu Claro";"Simples";"Reta";"Não";2;0;0;0;2;0;0;2;-13,46756485;-40,03652534;"SPRF-BA";"DEL03-BA";"UOP01-DEL03-BA"
528039;2023-06-07;"quarta-feira";"22:40:00";"PR";376;196;"MARIALVA";"Ausência de reação do condutor";"Colisão traseira";"Sem Vítimas";"Plena Noite";"Decrescente";"Céu Claro";"Dupla";"Curva";"Não";4;0;0;0;2;2;0;3;-23,50161037;-51,79029465;"SPRF-PR";"DEL09-PR";"UOP01-DEL09-PR"
528043;2023-06-07;"quarta-feira";"23:10:00";"ES";101;100;"JAGUARE";"Ausência de reação do condutor";"Capotamento";"Com Vítimas Feridas";"Plena Noite";"Crescente";"Céu Claro";"Simples";"Reta";"Não";2;0;0;2;0;0;2;1;-18,98011199;-39,99543202;"SPRF-ES";"DEL04-ES";"UOP02-DEL04-ES"
528044;2023-06-07;"quarta-feira";"22:25:00";"PR";277;581,8;"CASCAVEL";"Ingestão de álcool e/ou substâncias psicoativas pelo pedestre";"Atropelamento de Pedestre";"Com Vítimas Feridas";"Plena Noite";"Decrescente";"Céu Claro";"Dupla";"Declive;Reta";"Sim";2;0;0;1;0;1;1;2;-24,98125257;-53,37778678;"SPRF-PR";"DEL04-PR";"UOP01-DEL04-PR"
528049;2023-06-08;"quinta-feira";"00:33:00";"SP";116;284;"ITAPECERICA DA SERRA";"Entrada inopinada do pedestre";"Atropelamento de Pedestre";"Com Vítimas Feridas";"Plena Noite";"Crescente";"Céu Claro";"Múltipla";"Reta";"Não";2;0;1;0;1;0;1;2;-23,69998;-46,867767;"SPRF-SP";"DEL04-SP";"UOP01-DEL04-SP"
528050;2023-06-08;"quinta-feira";"00:30:00";"SP";116;506;"CAJATI";"Reação tardia ou ineficiente do condutor";"Tombamento";"Com Vítimas Feridas";"Plena Noite";"Crescente";"Céu Claro";"Simples";"Curva";"Não";1;0;1;0;0;0;1;1;-24,79704815;-48,2145174;"SPRF-SP";"DEL05-SP";"UOP02-DEL05-SP"
528051;2023-06-07;"quarta-feira";"19:50:00";"SP";116;478;"JACUPIRANGA";"Iluminação deficiente";"Atropelamento de Pedestre";"Com Vítimas Feridas";"Plena Noite";"Crescente";"Céu Claro";"Simples";"Reta";"Não";2;0;0;1;1;0;1;2;-24,70388258;-48,01063531;"SPRF-SP";"DEL05-SP";"UOP01-DEL05-SP"
528052;2023-06-07;"quarta-feira";"23:35:00";"BA";324;594;"SIMOES FILHO";"Chuva";"Saída de leito carroçável";"Com Vítimas Feridas";"Plena Noite";"Decrescente";"Chuva";"Dupla";"Reta";"Não";2;0;1;0;1;0;1;1;-12,70742041;-38,46251062;"SPRF-BA";"DEL01-BA";"UOP01-DEL01-BA"
528055;2023-06-08;"quinta-feira";"01:20:00";"SC";101;153,7;"PORTO BELO";"Reação tardia ou ineficiente do condutor";"Colisão traseira";"Com Vítimas Feridas";"Plena Noite";"Decrescente";"Nublado";"Múltipla";"Reta";"Sim";5;0;3;1;1;0;4;3;-27,144717;-48,61063935;"SPRF-SC";"DEL04-SC";"UOP03-DEL04-SC"
528056;2023-06-08;"quinta-feira";"01:40:00";"SC";282;3,3;"FLORIANOPOLIS";"Velocidade Incompatível";"Colisão com objeto";"Sem Vítimas";"Plena Noite";"Decrescente";"Céu Claro";"Múltipla";"Reta";"Sim";1;0;0;0;0;1;0;1;-27,59648343;-48,6010319;"SPRF-SC";"DEL01-SC";"UOP01-DEL01-SC"
528057;2023-06-08;"quinta-feira";"00:30:00";"BA";101;283;"LAJE";"Chuva";"Saída de leito carroçável";"Com Vítimas Feridas";"Plena Noite";"Decrescente";"Chuva";"Simples";"Curva";"Não";2;0;2;0;0;0;2;1;-13,136753;-39,294;"SPRF-BA";"DEL01-BA";"UOP02-DEL01-BA"
528059;2023-06-08;"quinta-feira";"02:31:00";"SC";101;48,6;"JOINVILLE";"Transitar na contramão";"Colisão frontal";"Com Vítimas Fatais";"Plena Noite";"Decrescente";"Céu Claro";"Múltipla";"Curva";"Não";2;1;0;1;0;0;1;2;-26,37899309;-48,85161214;"SPRF-SC";"DEL03-SC";"UOP01-DEL03-SC"
528060;2023-06-08;"quinta-feira";"02:50:00";"MG";381;939,9;"EXTREMA";"Velocidade Incompatível";"Saída de leito carroçável";"Com Vítimas Feridas";"Plena Noite";"Decrescente";"Céu Claro";"Dupla";"Curva";"Não";2;0;1;1;0;0;2;1;-22,82320398;-46,30640101;"SPRF-MG";"DEL16-MG";"UOP03-DEL16-MG"
528061;2023-06-07;"quarta-feira";"21:30:00";"MT";364;203,3;"RONDONOPOLIS";"Ausência de reação do condutor";"Queda de ocupante de veículo";"Com Vítimas Feridas";"Plena Noite";"Decrescente";"Céu Claro";"Dupla";"Reta";"Sim";1;0;1;0;0;0;1;1;-16,47555256;-54,65344724;"SPRF-MT";"DEL02-MT";"UOP01-DEL02-MT"
528062;2023-06-08;"quinta-feira";"03:00:00";"MG";40;506,8;"RIBEIRAO DAS NEVES";"Condutor Dormindo";"Saída de leito carroçável";"Com Vítimas Feridas";"Plena Noite";"Decrescente";"Céu Claro";"Dupla";"Reta";"Sim";1;0;0;1;0;0;1;1;-19,75184225;-44,14379472;"SPRF-MG";"DEL02-MG";"UOP01-DEL02-MG"
528063;2023-06-08;"quinta-feira";"02:53:00";"DF";20;9,5;"BRASILIA";"Trafegar com motocicleta (ou similar) entre as faixas";"Colisão traseira";"Com Vítimas Feridas";"Plena Noite";"Crescente";"Céu Claro";"Dupla";"Reta;Em Obras";"Sim";4;0;2;0;2;0;2;2;-15,654671;-47,782917;"SPRF-DF";"DEL02-DF";"UOP01-DEL02-DF"
528064;2023-06-08;"quinta-feira";"03:30:00";"SP";116;215;"GUARULHOS";"Ausência de reação do condutor";"Queda de ocupante de veículo";"Com Vítimas Feridas";"Plena Noite";"Crescente";"Nublado";"Dupla";"Reta";"Sim";1;0;1;0;0;0;1;1;-23,44695693;-46,45394103;"SPRF-SP";"DEL01-SP";"UOP01-DEL01-SP"
528067;2023-06-08;"quinta-feira";"04:30:00";"RS";290;120;"ELDORADO DO SUL";"Ausência de reação do condutor";"Saída de leito carroçável";"Sem Vítimas";"Plena Noite";"Crescente";"Nevoeiro/Neblina";"Simples";"Reta";"Não";1;0;0;0;1;0;0;1;-30,050398;-51,408146;"SPRF-RS";"DEL02-RS";"UOP01-DEL02-RS"
528068;2023-06-08;"quinta-feira";"04:20:00";"SC";101;195,9;"BIGUACU";"Ingestão de álcool pelo condutor";"Colisão com objeto";"Com Vítimas Feridas";"Plena Noite";"Crescente";"Céu Claro";"Múltipla";"Reta";"Sim";1;0;1;0;0;0;1;1;-27,5047092;-48,65010819;"SPRF-SC";"DEL01-SC";"UOP01-DEL01-SC"
528069;2023-06-08;"quinta-feira";"05:00:00";"RS";116;298;"GUAIBA";"Ausência de reação do condutor";"Colisão traseira";"Sem Vítimas";"Plena Noite";"Crescente";"Nevoeiro/Neblina";"Dupla";"Reta";"Não";2;0;0;0;1;1;0;2;-30,10644302;-51,34381389;"SPRF-RS";"DEL02-RS";"UOP01-DEL02-RS"
528070;2023-06-08;"quinta-feira";"05:10:00";"BA";101;188;"CONCEICAO DA FEIRA";"Demais falhas mecânicas ou elétricas";"Colisão com objeto";"Sem Vítimas";"Amanhecer";"Decrescente";"Garoa/Chuvisco";"Simples";"Aclive;Reta";"Sim";1;0;0;0;1;0;0;1;-12,57664901;-38,98154193;"SPRF-BA";"DEL01-BA";"UOP03-DEL01-BA"
528071;2023-06-08;"quinta-feira";"05:00:00";"RS";158;327;"SANTA MARIA";"Reação tardia ou ineficiente do condutor";"Saída de leito carroçável";"Sem Vítimas";"Plena Noite";"Decrescente";"Céu Claro";"Simples";"Desvio Temporário;Em Obras;Curva";"Sim";1;0;0;0;1;0;0;1;-29,70847192;-53,82491827;"SPRF-RS";"DEL09-RS";"UOP01-DEL09-RS"
528072;2023-06-08;"quinta-feira";"02:45:00";"SC";101;280,7;"IMBITUBA";"Ingestão de álcool pelo condutor";"Colisão com objeto";"Com Vítimas Feridas";"Plena Noite";"Crescente";"Céu Claro";"Dupla";"Reta";"Não";2;0;2;0;0;0;2;1;-28,199198;-48,698055;"SPRF-SC";"DEL02-SC";"UOP03-DEL02-SC"
528074;2023-06-07;"quarta-feira";"18:30:00";"SC";470;68,5;"INDAIAL";"Objeto estático sobre o leito carroçável";"Colisão com objeto";"Com Vítimas Feridas";"Plena Noite";"Crescente";"Céu Claro";"Dupla";"Reta;Em Obras";"Sim";1;0;0;1;0;0;1;1;-26,877615;-49,239231;"SPRF-SC";"DEL04-SC";"UOP01-DEL04-SC"
528075;2023-06-08;"quinta-feira";"05:50:00";"RS";116;245;"SAO LEOPOLDO";"Ausência de reação do condutor";"Saída de leito carroçável";"Sem Vítimas";"Plena Noite";"Crescente";"Céu Claro";"Múltipla";"Reta;Interseção de Vias";"Sim";1;0;0;0;1;0;0;1;-29,74980902;-51,15125361;"SPRF-RS";"DEL01-RS";"UOP02-DEL01-RS"
528076;2023-06-08;"quinta-feira";"04:30:00";"RJ";101;392;"ITAGUAI";"Ausência de reação do condutor";"Colisão com objeto";"Com Vítimas Fatais";"Plena Noite";"Crescente";"Céu Claro";"Dupla";"Reta";"Não";1;1;0;0;0;0;0;1;-22,89265625;-43,6945091;"SPRF-RJ";"DEL03-RJ";"UOP01-DEL03-RJ"
528077;2023-06-07;"quarta-feira";"18:30:00";"BA";101;645;"BELMONTE";"Ultrapassagem Indevida";"Saída de leito carroçável";"Com Vítimas Feridas";"Plena Noite";"Crescente";"Céu Claro";"Simples";"Reta";"Não";2;0;2;0;0;0;2;1;-15,83939;-39,5274;"SPRF-BA";"DEL05-BA";"UOP02-DEL05-BA"
528078;2023-06-08;"quinta-feira";"05:49:00";"SE";235;1,5;"ARACAJU";"Ingestão de álcool pelo condutor";"Colisão com objeto";"Com Vítimas Feridas";"Amanhecer";"Decrescente";"Nublado";"Dupla";"Reta";"Sim";3;0;1;0;2;0;1;2;-10,90830341;-37,08843827;"SPRF-SE";"DEL01-SE";"UOP01-DEL01-SE"
528080;2023-06-08;"quinta-feira";"05:30:00";"RS";290;92;"PORTO ALEGRE";"Ausência de reação do condutor";"Colisão traseira";"Sem Vítimas";"Plena Noite";"Decrescente";"Céu Claro";"Múltipla";"Reta";"Não";3;0;0;0;3;0;0;2;-29,971916;-51,176838;"SPRF-RS";"DEL01-RS";"UOP01-DEL01-RS"
528081;2023-06-08;"quinta-feira";"05:35:00";"MT";163;1033;"MATUPA";"Reação tardia ou ineficiente do condutor";"Colisão traseira";"Com Vítimas Feridas";"Plena Noite";"Crescente";"Céu Claro";"Simples";"Reta";"Não";1;0;0;1;0;0;1;1;-10,217463;-54,96843;"SPRF-MT";"DEL06-MT";"UOP03-DEL06-MT"
528082;2023-06-08;"quinta-feira";"06:55:00";"MG";40;452,9;"CAETANOPOLIS";"Demais falhas mecânicas ou elétricas";"Queda de ocupante de veículo";"Com Vítimas Feridas";"Pleno dia";"Decrescente";"Céu Claro";"Dupla";"Reta;Retorno Regulamentado";"Não";1;0;1;0;0;0;1;1;-19,33987107;-44,35741585;"SPRF-MG";"DEL02-MG";"UOP01-DEL02-MG"
528083;2023-06-08;"quinta-feira";"05:53:00";"RN";101;99;"NATAL";"Ingestão de álcool pelo condutor";"Tombamento";"Com Vítimas Feridas";"Pleno dia";"Crescente";"Céu Claro";"Dupla";"Reta";"Sim";1;0;0;1;0;0;1;1;-5,87359183;-35,22063023;"SPRF-RN";"DEL01-RN";"UOP01-DEL01-RN"
528085;2023-06-08;"quinta-feira";"06:30:00";"PE";101;68;"RECIFE";"Afundamento ou ondulação no pavimento";"Queda de ocupante de veículo";"Com Vítimas Feridas";"Pleno dia";"Crescente";"Chuva";"Dupla";"Declive";"Não";1;0;1;0;0;0;1;1;-8,05074296;-34,94580619;"SPRF-PE";"DEL01-PE";"UOP01-DEL01-PE"
528086;2023-06-08;"quinta-feira";"07:00:00";"PR";277;601,4;"CASCAVEL";"Ingestão de álcool pelo condutor";"Colisão lateral mesmo sentido";"Com Vítimas Feridas";"Amanhecer";"Crescente";"Céu Claro";"Dupla";"Reta";"Não";2;0;1;0;1;0;1;2;-25,01834069;-53,54356825;"SPRF-PR";"DEL04-PR";"UOP01-DEL04-PR"
528087;2023-06-08;"quinta-feira";"06:50:00";"RS";290;140;"ELDORADO DO SUL";"Demais falhas mecânicas ou elétricas";"Queda de ocupante de veículo";"Sem Vítimas";"Amanhecer";"Crescente";"Céu Claro";"Simples";"Reta";"Não";2;0;0;0;0;2;0;2;-30,082417;-51,609337;"SPRF-RS";"DEL02-RS";"UOP01-DEL02-RS"
528088;2023-06-08;"quinta-feira";"05:30:00";"MA";10;247,5;"IMPERATRIZ";"Acessar a via sem observar a presença dos outros veículos";"Colisão traseira";"Com Vítimas Fatais";"Pleno dia";"Decrescente";"Céu Claro";"Simples";"Reta";"Sim";2;1;0;0;1;0;0;2;-5,573772;-47,443893;"SPRF-MA";"DEL04-MA";"UOP01-DEL04-MA"
528089;2023-06-08;"quinta-feira";"07:10:00";"MG";40;480,8;"SETE LAGOAS";"Condutor deixou de manter distância do veículo da frente";"Colisão traseira";"Com Vítimas Feridas";"Pleno dia";"Crescente";"Céu Claro";"Dupla";"Reta;Aclive";"Não";3;0;1;0;2;0;1;2;-19,54844665;-44,24623489;"SPRF-MG";"DEL02-MG";"UOP01-DEL02-MG"
528090;2023-06-08;"quinta-feira";"07:25:00";"ES";262;53;"MARECHAL FLORIANO";"Transitar na contramão";"Colisão frontal";"Com Vítimas Feridas";"Pleno dia";"Decrescente";"Céu Claro";"Simples";"Curva;Aclive";"Não";2;0;0;1;1;0;1;2;-20,41402226;-40,73385;"SPRF-ES";"DEL01-ES";"UOP01-DEL01-ES"
528092;2023-06-08;"quinta-feira";"05:40:00";"SP";116;70,2;"APARECIDA";"Área urbana sem a presença de local apropriado para a travessia de pedestres";"Atropelamento de Pedestre";"Com Vítimas Fatais";"Amanhecer";"Crescente";"Nublado";"Dupla";"Ponte;Curva";"Não";2;1;0;0;1;0;0;2;-22,84852898;-45,22705084;"SPRF-SP";"DEL08-SP";"UOP01-DEL08-SP"
528096;2023-04-27;"quinta-feira";"19:00:00";"RO";364;692,9;"PORTO VELHO";"Velocidade Incompatível";"Saída de leito carroçável";"Com Vítimas Feridas";"Plena Noite";"Decrescente";"Céu Claro";"Dupla";"Reta";"Sim";1;0;1;0;0;0;1;1;-8,79733425;-63,69814797;"SPRF-RO";"DEL01-RO";"UOP01-DEL01-RO"
528097;2023-06-08;"quinta-feira";"07:20:00";"MT";163;111;"RONDONOPOLIS";"Ausência de reação do condutor";"Queda de ocupante de veículo";"Com Vítimas Feridas";"Pleno dia";"Decrescente";"Céu Claro";"Dupla";"Reta";"Não";1;0;1;0;0;0;1;1;-16,56983504;-54,68343692;"SPRF-MT";"DEL02-MT";"UOP01-DEL02-MT"
528098;2023-06-08;"quinta-feira";"07:10:00";"MG";381;479;"CONTAGEM";"Velocidade Incompatível";"Colisão traseira";"Sem Vítimas";"Pleno dia";"Crescente";"Sol";"Dupla";"Reta";"Sim";2;0;0;0;2;0;0;2;-19,95889605;-44,069202;"SPRF-MG";"DEL01-MG";"UOP03-DEL01-MG"
528099;2023-06-08;"quinta-feira";"07:30:00";"MG";40;396,1;"CURVELO";"Ausência de reação do condutor";"Colisão traseira";"Com Vítimas Feridas";"Pleno dia";"Decrescente";"Céu Claro";"Simples";"Reta;Aclive";"Não";4;0;2;0;1;1;2;3;-19,000725;-44,659902;"SPRF-MG";"DEL02-MG";"UOP01-DEL02-MG"
528100;2023-06-08;"quinta-feira";"07:40:00";"MG";50;175;"UBERABA";"Acessar a via sem observar a presença dos outros veículos";"Queda de ocupante de veículo";"Com Vítimas Feridas";"Pleno dia";"Decrescente";"Céu Claro";"Dupla";"Viaduto";"Sim";1;0;1;0;0;0;1;1;-19,77880359;-47,9695118;"SPRF-MG";"DEL13-MG";"UOP01-DEL13-MG"
528101;2023-06-08;"quinta-feira";"07:56:00";"GO";40;78;"CRISTALINA";"Acessar a via sem observar a presença dos outros veículos";"Colisão transversal";"Com Vítimas Fatais";"Pleno dia";"Decrescente";"Céu Claro";"Simples";"Reta";"Não";2;1;1;0;0;0;1;2;-16,657767;-47,727628;"SPRF-DF";"DEL01-DF";"UOP02-DEL01-DF"
528102;2023-06-08;"quinta-feira";"08:00:00";"RJ";40;40;"AREAL";"Ausência de reação do condutor";"Atropelamento de Pedestre";"Com Vítimas Feridas";"Pleno dia";"Crescente";"Céu Claro";"Dupla";"Reta";"Não";54;0;0;3;51;0;3;2;-22,23901593;-43,10807783;"SPRF-RJ";"DEL05-RJ";"UOP02-DEL05-RJ"
528104;2023-06-08;"quinta-feira";"08:20:00";"RO";364;238,2;"CACOAL";"Desrespeitar a preferência no cruzamento";"Colisão transversal";"Com Vítimas Feridas";"Pleno dia";"Decrescente";"Sol";"Simples";"Retorno Regulamentado;Declive;Reta";"Sim";6;0;0;1;5;0;1;2;-11,437675;-61,456765;"SPRF-RO";"DEL02-RO";"UOP02-DEL02-RO"
528107;2023-06-08;"quinta-feira";"09:20:00";"RS";116;270;"CANOAS";"Acumulo de óleo sobre o pavimento";"Tombamento";"Com Vítimas Feridas";"Pleno dia";"Decrescente";"Céu Claro";"Dupla";"Interseção de Vias;Reta";"Sim";1;0;0;1;0;0;1;1;-29,96283555;-51,17601156;"SPRF-RS";"DEL01-RS";"UOP01-DEL01-RS"
528108;2023-06-08;"quinta-feira";"05:25:00";"ES";101;144;"LINHARES";"Velocidade Incompatível";"Colisão traseira";"Com Vítimas Feridas";"Amanhecer";"Decrescente";"Nublado";"Dupla";"Reta";"Sim";3;0;1;1;1;0;2;2;-19,35188295;-40,0636685;"SPRF-ES";"DEL04-ES";"UOP01-DEL04-ES"
528110;2023-06-08;"quinta-feira";"09:30:00";"MG";381;869;"POUSO ALEGRE";"Reação tardia ou ineficiente do condutor";"Queda de ocupante de veículo";"Com Vítimas Feridas";"Pleno dia";"Crescente";"Sol";"Dupla";"Reta";"Não";2;0;1;0;0;1;1;2;-22,42671983;-45,97163217;"SPRF-MG";"DEL16-MG";"UOP01-DEL16-MG"
528111;2023-06-08;"quinta-feira";"08:00:00";"MG";381;590,8;"CARMOPOLIS DE MINAS";"Pedestre cruzava a pista fora da faixa";"Atropelamento de Pedestre";"Com Vítimas Fatais";"Pleno dia";"Crescente";"Céu Claro";"Dupla";"Reta";"Não";4;1;0;0;1;2;0;2;-20,56679681;-44,67309615;"SPRF-MG";"DEL04-MG";"UOP01-DEL04-MG"
528112;2023-06-08;"quinta-feira";"08:45:00";"RJ";116;180;"SAO JOAO DE MERITI";"Ausência de reação do condutor";"Colisão traseira";"Com Vítimas Feridas";"Pleno dia";"Crescente";"Céu Claro";"Dupla";"Reta";"Não";3;0;1;0;2;0;1;3;-22,7651616;-43,4154728;"SPRF-RJ";"DEL01-RJ";"UOP02-DEL01-RJ"