"id";"data_inversa";"dia_semana";"horario";"uf";"br";"km";"municipio";"causa_acidente";"tipo_acidente";"classificacao_acidente";"fase_dia";"sentido_via";"condicao_metereologica";"tipo_pista";"tracado_via";"uso_solo";"pessoas";"mortos";"feridos_leves";"feridos_graves";"ilesos";"ignorados";"feridos";"veiculos";"latitude";"longitude";"regional";"delegacia";"uop"
528226;2023-06-08;"quinta-feira";"20:00:00";"PR";376;671;"GUARATUBA";"Problema com o freio";"Incêndio";"Sem Vítimas";"Plena Noite";"Decrescente";"Céu Claro";"Dupla";"Reta;Aclive";"Não";1;0;0;0;1;0;0;1;-25,885323;-48,935154;"SPRF-PR";"DEL01-PR";"UOP04-DEL01-PR"
528227;2023-06-08;"quinta-feira";"19:56:00";"MS";163;500,3;"CAMPO GRANDE";"Ultrapassagem Indevida";"Colisão traseira";"Com Vítimas Feridas";"Plena Noite";"Decrescente";"Céu Claro";"Simples";"Reta";"Não";2;0;0;1;1;0;1;2;-20,32607304;-54,51856683;"SPRF-MS";"DEL01-MS";"UOP02-DEL01-MS"
528228;2023-06-08;"quinta-feira";"20:30:00";"PR";116;82,6;"PIRAQUARA";"Trafegar com motocicleta (ou similar) entre as faixas";"Tombamento";"Com Vítimas Feridas";"Plena Noite";"Crescente";"Céu Claro";"Dupla";"Reta";"Sim";2;0;1;0;0;1;1;2;-25,41529716;-49,0678198;"SPRF-PR";"DEL01-PR";"UOP07-DEL01-PR"
528231;2023-06-08;"quinta-feira";"20:30:00";"MG";365;468;"PATROCINIO";"Velocidade Incompatível";"Saída de leito carroçável";"Com Vítimas Fatais";"Plena Noite";"Crescente";"Céu Claro";"Simples";"Reta;Declive";"Não";1;1;0;0;0;0;0;1;-18,90092118;-46,95520531;"SPRF-MG";"DEL10-MG";"UOP01-DEL10-MG"
528232;2023-06-08;"quinta-feira";"16:20:00";"SC";282;516,1;"XAXIM";"Velocidade Incompatível";"Saída de leito carroçável";"Com Vítimas Feridas";"Pleno dia";"Crescente";"Céu Claro";"Simples";"Curva";"Não";1;0;1;0;0;0;1;1;-26,939375;-52,500057;"SPRF-SC";"DEL07-SC";"UOP01-DEL07-SC"
528233;2023-06-08;"quinta-feira";"21:05:00";"RS";392;352;"SANTA MARIA";"Conversão proibida";"Colisão traseira";"Com Vítimas Feridas";"Plena Noite";"Decrescente";"Céu Claro";"Simples";"Reta;Interseção de Vias";"Sim";3;0;1;0;1;1;1;3;-29,720404;-53,807632;"SPRF-RS";"DEL09-RS";"UOP01-DEL09-RS"
528234;2023-06-08;"quinta-feira";"21:00:00";"MG";153;109;"PRATA";"Reação tardia ou ineficiente do condutor";"Colisão traseira";"Com Vítimas Feridas";"Plena Noite";"Decrescente";"Céu Claro";"Simples";"Reta";"Não";3;0;2;0;1;0;2;2;-19,30556886;-48,90718711;"SPRF-MG";"DEL15-MG";"UOP03-DEL15-MG"
528236;2023-06-08;"quinta-feira";"21:40:00";"SP";116;213;"GUARULHOS";"Demais falhas mecânicas ou elétricas";"Tombamento";"Com Vítimas Feridas";"Plena Noite";"Crescente";"Céu Claro";"Múltipla";"Reta;Aclive";"Sim";2;0;2;0;0;0;2;1;-23,4411054;-46,4412057;"SPRF-SP";"DEL01-SP";"UOP01-DEL01-SP"
528237;2023-06-08;"quinta-feira";"20:30:00";"SC";101;403,1;"MARACAJA";"Objeto estático sobre o leito carroçável";"Colisão com objeto";"Com Vítimas Feridas";"Plena Noite";"Decrescente";"Céu Claro";"Dupla";"Reta";"Não";4;0;1;0;3;0;1;2;-28,87065022;-49,45169172;"SPRF-SC";"DEL02-SC";"UOP02-DEL02-SC"
528238;2023-06-08;"quinta-feira";"18:40:00";"RS";116;381;"CAMAQUA";"Animais na Pista";"Atropelamento de Animal";"Sem Vítimas";"Plena Noite";"Crescente";"Céu Claro";"Dupla";"Reta";"Não";3;0;0;0;2;1;0;2;-30,78860988;-51,66840514;"SPRF-RS";"DEL02-RS";"UOP02-DEL02-RS"
528240;2023-06-08;"quinta-feira";"21:20:00";"RJ";101;403;"ITAGUAI";"Reação tardia ou ineficiente do condutor";"Colisão traseira";"Com Vítimas Feridas";"Plena Noite";"Crescente";"Céu Claro";"Dupla";"Reta";"Sim";2;0;1;0;0;1;1;2;-22,85924449;-43,79010059;"SPRF-RJ";"DEL03-RJ";"UOP01-DEL03-RJ"
528242;2023-06-08;"quinta-feira";"21:40:00";"SC";280;127;"RIO NEGRINHO";"Ingestão de álcool pelo condutor";"Colisão lateral mesmo sentido";"Sem Vítimas";"Plena Noite";"Decrescente";"Céu Claro";"Simples";"Rotatória";"Sim";2;0;0;0;2;0;0;2;-26,23943953;-49,50420708;"SPRF-SC";"DEL06-SC";"UOP03-DEL06-SC"
528243;2023-06-08;"quinta-feira";"21:25:00";"RS";116;224;"DOIS IRMAOS";"Velocidade Incompatível";"Capotamento";"Sem Vítimas";"Plena Noite";"Decrescente";"Céu Claro";"Simples";"Curva;Declive";"Não";1;0;0;0;0;1;0;1;-29,58975513;-51,10781795;"SPRF-RS";"DEL01-RS";"UOP02-DEL01-RS"
528244;2023-06-08;"quinta-feira";"22:00:00";"SP";116;156;"SAO JOSE DOS CAMPOS";"Pedestre andava na pista";"Atropelamento de Pedestre";"Com Vítimas Feridas";"Plena Noite";"Decrescente";"Céu Claro";"Múltipla";"Reta";"Sim";2;0;0;1;1;0;1;2;-23,25044084;-45,93572909;"SPRF-SP";"DEL02-SP";"UOP01-DEL02-SP"
528245;2023-06-08;"quinta-feira";"21:55:00";"PR";467;100,1;"CASCAVEL";"Velocidade Incompatível";"Queda de ocupante de veículo";"Com Vítimas Feridas";"Plena Noite";"Decrescente";"Chuva";"Dupla";"Curva";"Não";1;0;1;0;0;0;1;1;-24,8947;-53,5355;"SPRF-PR";"DEL04-PR";"UOP01-DEL04-PR"
528246;2023-06-08;"quinta-feira";"20:30:00";"PR";376;139,2;"NOVA ESPERANCA";"Velocidade Incompatível";"Colisão com objeto";"Com Vítimas Feridas";"Plena Noite";"Decrescente";"Céu Claro";"Dupla";"Curva";"Não";4;0;3;1;0;0;4;1;-23,2314935;-52,17536125;"SPRF-PR";"DEL09-PR";"UOP02-DEL09-PR"
528251;2023-06-08;"quinta-feira";"20:27:00";"PB";104;94,2;"ESPERANCA";"Ingestão de álcool pelo condutor";"Colisão lateral sentido oposto";"Sem Vítimas";"Plena Noite";"Crescente";"Céu Claro";"Simples";"Em Obras;Aclive;Curva";"Não";6;0;0;0;6;0;0;2;-7,001878;-35,8453;"SPRF-PB";"DEL02-PB";"UOP04-DEL02-PB"
528252;2023-06-08;"quinta-feira";"21:45:00";"CE";116;68,9;"CHOROZINHO";"Ingestão de álcool ou de substâncias psicoativas pelo pedestre";"Colisão traseira";"Com Vítimas Feridas";"Plena Noite";"Decrescente";"Céu Claro";"Simples";"Reta";"Sim";2;0;0;1;0;1;1;2;-4,3140702;-38,49723925;"SPRF-CE";"DEL03-CE";"UOP02-DEL03-CE"
528253;2023-06-08;"quinta-feira";"14:45:00";"RO";435;117;"CEREJEIRAS";"Ausência de reação do condutor";"Saída de leito carroçável";"Com Vítimas Feridas";"Pleno dia";"Decrescente";"Céu Claro";"Simples";"Reta";"Não";1;0;1;0;0;0;1;1;-13,18754689;-60,75678299;"SPRF-RO";"DEL04-RO";"UOP02-DEL04-RO"
528254;2023-06-08;"quinta-feira";"22:30:00";"PE";408;87;"PAUDALHO";"Animais na Pista";"Saída de leito carroçável";"Com Vítimas Feridas";"Plena Noite";"Decrescente";"Nublado";"Dupla";"Reta";"Não";1;0;0;1;0;0;1;1;-7,9329807;-35,1363322;"SPRF-PE";"DEL01-PE";"UOP01-DEL01-PE"
528256;2023-06-08;"quinta-feira";"21:45:00";"MT";70;503;"CUIABA";"Iluminação deficiente";"Colisão frontal";"Com Vítimas Feridas";"Plena Noite";"Decrescente";"Céu Claro";"Simples";"Rotatória";"Não";1;0;0;1;0;0;1;1;-15,67139089;-55,94815295;"SPRF-MT";"DEL01-MT";"UOP02-DEL01-MT"
528257;2023-06-08;"quinta-feira";"22:10:00";"RS";392;4,9;"RIO GRANDE";"Ausência de reação do condutor";"Saída de leito carroçável";"Com Vítimas Feridas";"Plena Noite";"Decrescente";"Céu Claro";"Simples";"Reta";"Não";2;0;0;2;0;0;2;1;-32,06960295;-52,09547805;"SPRF-RS";"DEL07-RS";"UOP02-DEL07-RS"
528258;2023-06-08;"quinta-feira";"22:00:00";"RS";392;18;"RIO GRANDE";"Iluminação deficiente";"Colisão traseira";"Com Vítimas Feridas";"Plena Noite";"Crescente";"Céu Claro";"Dupla";"Reta";"Não";2;0;0;1;1;0;1;2;-32,088662;-52,18299;"SPRF-RS";"DEL07-RS";"UOP02-DEL07-RS"
528260;2023-06-08;"quinta-feira";"23:20:00";"MG";381;509;"SAO JOAQUIM DE BICAS";"Ausência de reação do condutor";"Colisão com objeto";"Com Vítimas Feridas";"Plena Noite";"Decrescente";"Céu Claro";"Dupla";"Rotatória";"Sim";1;0;1;0;0;0;1;1;-20,05673154;-44,28600669;"SPRF-MG";"DEL04-MG";"UOP03-DEL04-MG"
528261;2023-06-08;"quinta-feira";"21:30:00";"GO";60;231,3;"CEZARINA";"Condutor Dormindo";"Capotamento";"Com Vítimas Feridas";"Plena Noite";"Decrescente";"Céu Claro";"Dupla";"Reta";"Não";1;0;0;1;0;0;1;1;-17,0616;-49,7986;"SPRF-GO";"DEL01-GO";"UOP02-DEL01-GO"
528262;2023-06-08;"quinta-feira";"23:05:00";"MG";381;509;"SAO JOAQUIM DE BICAS";"Ingestão de álcool pelo condutor";"Saída de leito carroçável";"Sem Vítimas";"Plena Noite";"Decrescente";"Céu Claro";"Simples";"Rotatória;Interseção de Vias";"Sim";1;0;0;0;1;0;0;1;-20,07008;-44,298819;"SPRF-MG";"DEL04-MG";"UOP03-DEL04-MG"
528263;2023-06-08;"quinta-feira";"21:00:00";"RS";392;52;"RIO GRANDE";"Demais falhas mecânicas ou elétricas";"Tombamento";"Sem Vítimas";"Plena Noite";"Decrescente";"Céu Claro";"Múltipla";"Reta";"Não";1;0;0;0;1;0;0;1;-31,85621898;-52,32534987;"SPRF-RS";"DEL07-RS";"UOP02-DEL07-RS"
528265;2023-06-08;"quinta-feira";"23:35:00";"BA";407;126;"SENHOR DO BONFIM";"Chuva";"Colisão traseira";"Com Vítimas Fatais";"Plena Noite";"Crescente";"Chuva";"Simples";"Reta";"Sim";1;1;0;0;0;0;0;1;-10,4558193;-40,18119143;"SPRF-BA";"DEL04-BA";"UOP01-DEL04-BA"
528266;2023-06-08;"quinta-feira";"22:30:00";"SC";282;204;"LAGES";"Animais na Pista";"Atropelamento de Animal";"Com Vítimas Feridas";"Pleno dia";"Crescente";"Nublado";"Simples";"Reta;Declive";"Não";3;0;3;0;0;0;3;1;-27,768663;-50,172195;"SPRF-SC";"DEL05-SC";"UOP01-DEL05-SC"
528268;2023-06-08;"quinta-feira";"23:30:00";"PB";101;86,5;"JOAO PESSOA";"Ingestão de álcool pelo condutor";"Colisão frontal";"Com Vítimas Feridas";"Plena Noite";"Decrescente";"Chuva";"Dupla";"Reta";"Sim";4;0;1;1;2;0;2;3;-7,15118983;-34,91012184;"SPRF-PB";"DEL01-PB";"UOP01-DEL01-PB"
528269;2023-06-09;"sexta-feira";"01:00:00";"RS";116;168,5;"CAXIAS DO SUL";"Reação tardia ou ineficiente do condutor";"Colisão lateral sentido oposto";"Com Vítimas Feridas";"Plena Noite";"Crescente";"Céu Claro";"Simples";"Curva";"Não";2;0;1;0;1;0;1;2;-29,28313396;-51,16252272;"SPRF-RS";"DEL05-RS";"UOP02-DEL05-RS"
528272;2023-06-09;"sexta-feira";"01:00:00";"MG";50;122;"UBERABA";"Ingestão de álcool pelo condutor";"Saída de leito carroçável";"Sem Vítimas";"Plena Noite";"Decrescente";"Céu Claro";"Dupla";"Reta";"Não";1;0;0;0;1;0;0;1;-19,32486914;-48,10279232;"SPRF-MG";"DEL13-MG";"UOP01-DEL13-MG"
528275;2023-06-09;"sexta-feira";"01:00:00";"AL";104;91,8;"RIO LARGO";"Condutor Dormindo";"Colisão com objeto";"Sem Vítimas";"Plena Noite";"Crescente";"Céu Claro";"Dupla";"Reta;Aclive";"Sim";1;0;0;0;1;0;0;1;-9,50898856;-35,80777135;"SPRF-AL";"DEL01-AL";"UOP01-DEL01-AL"
528276;2023-06-09;"sexta-feira";"01:00:00";"BA";116;427;"FEIRA DE SANTANA";"Reação tardia ou ineficiente do condutor";"Colisão com objeto";"Com Vítimas Fatais";"Plena Noite";"Decrescente";"Chuva";"Dupla";"Curva";"Não";4;1;0;0;0;3;0;3;-12,26706;-38,98922;"SPRF-BA";"DEL02-BA";"UOP01-DEL02-BA"
528278;2023-06-09;"sexta-feira";"02:50:00";"PR";376;153,1;"MANDAGUACU";"Reação tardia ou ineficiente do condutor";"Saída de leito carroçável";"Com Vítimas Fatais";"Plena Noite";"Crescente";"Céu Claro";"Dupla";"Reta;Viaduto";"Não";1;1;0;0;0;0;0;1;-23,32233617;-52,11077213;"SPRF-PR";"DEL09-PR";"UOP01-DEL09-PR"
528279;2023-06-09;"sexta-feira";"03:00:00";"SC";470;18;"ILHOTA";"Ingestão de substâncias psicoativas pelo condutor";"Colisão com objeto";"Com Vítimas Feridas";"Plena Noite";"Crescente";"Chuva";"Simples";"Em Obras";"Não";4;0;2;1;0;1;3;1;-26,855534;-48,808922;"SPRF-SC";"DEL04-SC";"UOP04-DEL04-SC"
528281;2023-06-09;"sexta-feira";"03:58:00";"MS";163;36;"ELDORADO";"Ausência de reação do condutor";"Colisão com objeto";"Com Vítimas Feridas";"Plena Noite";"Crescente";"Céu Claro";"Simples";"Reta;Aclive";"Não";1;0;1;0;0;0;1;1;-23,80607589;-54,31318103;"SPRF-MS";"DEL09-MS";"UOP02-DEL09-MS"
528282;2023-06-09;"sexta-feira";"03:00:00";"PA";155;310;"MARABA";"Curva acentuada";"Tombamento";"Com Vítimas Feridas";"Plena Noite";"Crescente";"Céu Claro";"Simples";"Curva";"Não";2;0;0;2;0;0;2;1;-5,65160594;-49,11019532;"SPRF-PA";"DEL03-PA";"UOP01-DEL03-PA"
528283;2023-06-09;"sexta-feira";"03:00:00";"MT";163;755;"SORRISO";"Condutor Dormindo";"Eventos atípicos";"Sem Vítimas";"Plena Noite";"Decrescente";"Céu Claro";"Dupla";"Declive";"Não";1;0;0;0;1;0;0;1;-12,532078;-55,705333;"SPRF-MT";"DEL06-MT";"UOP01-DEL06-MT"
528284;2023-06-09;"sexta-feira";"05:21:00";"GO";40;12;"LUZIANIA";"Ausência de reação do condutor";"Colisão com objeto";"Com Vítimas Fatais";"Amanhecer";"Crescente";"Céu Claro";"Dupla";"Reta";"Sim";5;2;0;2;1;0;2;2;-16,145123;-47,945382;"SPRF-DF";"DEL01-DF";"UOP01-DEL01-DF"
528286;2023-06-09;"sexta-feira";"04:37:00";"TO";153;619,2;"ALIANCA DO TOCANTINS";"Reação tardia ou ineficiente do condutor";"Colisão traseira";"Com Vítimas Feridas";"Plena Noite";"Crescente";"Céu Claro";"Simples";"Reta";"Não";2;0;0;1;1;0;1;2;-11,26502399;-48,93659911;"SPRF-TO";"DEL01-TO";"UOP02-DEL01-TO"
528289;2023-06-05;"segunda-feira";"18:40:00";"SC";163;73;"SAO MIGUEL DO OESTE";"Acessar a via sem observar a presença dos outros veículos";"Colisão transversal";"Com Vítimas Feridas";"Anoitecer";"Crescente";"Céu Claro";"Simples";"Reta";"Sim";3;0;1;0;0;2;1;3;-26,71084646;-53,51502434;"SPRF-SC";"DEL07-SC";"UOP03-DEL07-SC"
528291;2023-06-09;"sexta-feira";"07:10:00";"PR";369;155,3;"LONDRINA";"Trafegar com motocicleta (ou similar) entre as faixas";"Colisão lateral mesmo sentido";"Com Vítimas Feridas";"Pleno dia";"Crescente";"Céu Claro";"Dupla";"Reta";"Sim";2;0;1;0;1;0;1;2;-23,29463873;-51,21020436;"SPRF-PR";"DEL07-PR";"UOP01-DEL07-PR"
528293;2023-06-09;"sexta-feira";"07:00:00";"DF";70;14;"BRASILIA";"Manobra de mudança de faixa";"Colisão traseira";"Com Vítimas Feridas";"Pleno dia";"Decrescente";"Céu Claro";"Dupla";"Reta";"Não";2;0;1;0;1;0;1;2;-15,797312;-48,176056;"SPRF-DF";"DEL03-DF";"UOP02-DEL03-DF"
528298;2023-06-08;"quinta-feira";"22:50:00";"PR";277;110;"CAMPO LARGO";"Acesso irregular";"Colisão com objeto";"Com Vítimas Feridas";"Plena Noite";"Crescente";"Nublado";"Dupla";"Reta;Declive";"Sim";3;0;1;1;1;0;2;1;-25,443284;-49,459815;"SPRF-PR";"DEL03-PR";"UOP03-DEL03-PR"
528300;2023-06-09;"sexta-feira";"07:30:00";"SP";116;165;"JACAREI";"Reação tardia ou ineficiente do condutor";"Queda de ocupante de veículo";"Com Vítimas Feridas";"Pleno dia";"Crescente";"Nevoeiro/Neblina";"Dupla";"Reta";"Não";1;0;1;0;0;0;1;1;-23,29691791;-46,00798704;"SPRF-SP";"DEL02-SP";"UOP01-DEL02-SP"
528302;2023-06-08;"quinta-feira";"23:30:00";"RJ";465;13;"SEROPEDICA";"Acessar a via sem observar a presença dos outros veículos";"Colisão frontal";"Com Vítimas Feridas";"Plena Noite";"Decrescente";"Céu Claro";"Simples";"Interseção de Vias;Reta";"Sim";2;0;1;0;1;0;1;2;-22,798468;-43,645508;"SPRF-RJ";"DEL01-RJ";"UOP03-DEL01-RJ"
528303;2023-06-09;"sexta-feira";"06:40:00";"RN";427;66;"JARDIM DO SERIDO";"Reação tardia ou ineficiente do condutor";"Queda de ocupante de veículo";"Com Vítimas Feridas";"Pleno dia";"Crescente";"Céu Claro";"Simples";"Reta";"Não";1;0;1;0;0;0;1;1;-6,57328502;-36,860438;"SPRF-RN";"DEL03-RN";"UOP01-DEL03-RN"
528304;2023-06-09;"sexta-feira";"07:20:00";"SC";470;47,7;"BLUMENAU";"Acessar a via sem observar a presença dos outros veículos";"Colisão transversal";"Com Vítimas Feridas";"Pleno dia";"Crescente";"Céu Claro";"Simples";"Retorno Regulamentado";"Não";2;0;1;0;0;1;1;2;-26,864044;-49,046516;"SPRF-SC";"DEL04-SC";"UOP01-DEL04-SC"
528305;2023-06-09;"sexta-feira";"07:50:00";"RS";290;80;"GRAVATAI";"Ausência de reação do condutor";"Saída de leito carroçável";"Com Vítimas Feridas";"Pleno dia";"Decrescente";"Céu Claro";"Simples";"Curva";"Não";1;0;1;0;0;0;1;1;-29,95343;-51,058449;"SPRF-RS";"DEL01-RS";"UOP01-DEL01-RS"
528306;2023-06-09;"sexta-feira";"07:50:00";"PR";116;13;"COLOMBO";"Desrespeitar a preferência no cruzamento";"Colisão lateral mesmo sentido";"Com Vítimas Feridas";"Pleno dia";"Crescente";"Céu Claro";"Dupla";"Reta";"Sim";2;0;2;0;0;0;2;2;-25,3785;-49,1564;"SPRF-PR";"DEL01-PR";"UOP02-DEL01-PR"
528308;2023-06-08;"quinta-feira";"23:05:00";"RJ";493;96;"SEROPEDICA";"Ausência de reação do condutor";"Saída de leito carroçável";"Sem Vítimas";"Plena Noite";"Crescente";"Céu Claro";"Múltipla";"Reta";"Não";2;0;0;0;0;2;0;1;-22,712833;-43,70255;"SPRF-RJ";"DEL03-RJ";"UOP01-DEL03-RJ"
528309;2023-06-09;"sexta-feira";"07:10:00";"SP";116;221;"GUARULHOS";"Reação tardia ou ineficiente do condutor";"Colisão traseira";"Com Vítimas Feridas";"Pleno dia";"Decrescente";"Céu Claro";"Múltipla";"Reta";"Sim";2;0;1;0;1;0;1;2;-23,46802395;-46,50704901;"SPRF-SP";"DEL01-SP";"UOP01-DEL01-SP"
528311;2023-06-09;"sexta-feira";"07:00:00";"RO";364;704;"PORTO VELHO";"Reação tardia ou ineficiente do condutor";"Colisão traseira";"Com Vítimas Feridas";"Pleno dia";"Crescente";"Céu Claro";"Dupla";"Reta";"Sim";2;0;1;0;1;0;1;2;-8,80032739;-63,804543;"SPRF-RO";"DEL01-RO";"UOP01-DEL01-RO"
528313;2023-06-08;"quinta-feira";"18:30:00";"RJ";40;118,5;"DUQUE DE CAXIAS";"Reação tardia ou ineficiente do condutor";"Colisão frontal";"Com Vítimas Feridas";"Plena Noite";"Crescente";"Céu Claro";"Simples";"Declive;Curva";"Sim";6;0;3;0;3;0;3;2;-22,75470802;-43,28737838;"SPRF-RJ";"DEL01-RJ";"UOP01-DEL01-RJ"
528314;2023-06-09;"sexta-feira";"07:45:00";"MG";262;801;"UBERABA";"Reação tardia ou ineficiente do condutor";"Queda de ocupante de veículo";"Com Vítimas Feridas";"Pleno dia";"Crescente";"Céu Claro";"Dupla";"Reta";"Não";1;0;1;0;0;0;1;1;-19,77920263;-47,955319;"SPRF-MG";"DEL13-MG";"UOP01-DEL13-MG"
528315;2023-06-09;"sexta-feira";"08:56:00";"ES";259;18,9;"JOAO NEIVA";"Ultrapassagem Indevida";"Colisão frontal";"Com Vítimas Fatais";"Pleno dia";"Crescente";"Céu Claro";"Simples";"Reta;Declive";"Não";6;1;1;2;1;1;3;3;-19,65378613;-40,46226743;"SPRF-ES";"DEL02-ES";"UOP01-DEL02-ES"
528318;2023-06-09;"sexta-feira";"06:30:00";"BA";101;830;"TEIXEIRA DE FREITAS";"Manobra de mudança de faixa";"Colisão frontal";"Com Vítimas Feridas";"Amanhecer";"Crescente";"Céu Claro";"Simples";"Curva";"Não";7;0;4;1;2;0;5;2;-17,3617517;-39,64155316;"SPRF-BA";"DEL09-BA";"UOP02-DEL09-BA"
528319;2023-06-09;"sexta-feira";"03:00:00";"RS";158;198,7;"CRUZ ALTA";"Ausência de reação do condutor";"Saída de leito carroçável";"Com Vítimas Fatais";"Plena Noite";"Decrescente";"Ignorado";"Simples";"Interseção de Vias";"Sim";1;1;0;0;0;0;0;1;-28,67559157;-53,5947487;"SPRF-RS";"DEL10-RS";"UOP02-DEL10-RS"
528320;2023-06-09;"sexta-feira";"07:50:00";"SC";470;163;"POUSO REDONDO";"Reação tardia ou ineficiente do condutor";"Colisão transversal";"Com Vítimas Feridas";"Amanhecer";"Crescente";"Nevoeiro/Neblina";"Simples";"Reta";"Não";3;0;2;0;1;0;2;2;-27,278976;-49,825996;"SPRF-SC";"DEL04-SC";"UOP02-DEL04-SC"
528321;2023-06-09;"sexta-feira";"08:16:00";"MS";163;463;"CAMPO GRANDE";"Ausência de reação do condutor";"Tombamento";"Com Vítimas Feridas";"Pleno dia";"Decrescente";"Céu Claro";"Simples";"Reta";"Não";1;0;1;0;0;0;1;1;-20,61187111;-54,57639346;"SPRF-MS";"DEL01-MS";"UOP01-DEL01-MS"
528323;2023-06-08;"quinta-feira";"22:00:00";"PE";101;65;"RECIFE";"Velocidade Incompatível";"Saída de leito carroçável";"Com Vítimas Feridas";"Plena Noite";"Crescente";"Ignorado";"Dupla";"Reta";"Sim";1;0;1;0;0;0;1;1;-8,02478597;-34,94276635;"SPRF-PE";"DEL01-PE";"UOP01-DEL01-PE"
528324;2023-06-09;"sexta-feira";"09:00:00";"GO";20;53,6;"FORMOSA";"Ausência de reação do condutor";"Colisão com objeto";"Sem Vítimas";"Pleno dia";"Decrescente";"Céu Claro";"Simples";"Curva";"Não";1;0;0;0;1;0;0;1;-15,304744;-47,142933;"SPRF-DF";"DEL02-DF";"UOP02-DEL02-DF"
528325;2023-06-08;"quinta-feira";"23:10:00";"BA";20;147;"SAO DESIDERIO";"Acostamento em desnível";"Capotamento";"Sem Vítimas";"Plena Noite";"Crescente";"Céu Claro";"Simples";"Reta;Em Obras";"Não";3;0;0;0;3;0;0;1;-12,64514693;-45,92102051;"SPRF-BA";"DEL10-BA";"UOP01-DEL10-BA"
528327;2023-06-08;"quinta-feira";"04:30:00";"SP";116;449;"REGISTRO";"Reação tardia ou ineficiente do condutor";"Colisão com objeto";"Sem Vítimas";"Plena Noite";"Crescente";"Nevoeiro/Neblina";"Múltipla";"Reta";"Sim";1;0;0;0;0;1;0;1;-24,52913591;-47,85619324;"SPRF-SP";"DEL05-SP";"UOP01-DEL05-SP"
528328;2023-06-09;"sexta-feira";"10:20:00";"RS";116;253;"SAPUCAIA DO SUL";"Condutor deixou de manter distância do veículo da frente";"Colisão traseira";"Com Vítimas Feridas";"Pleno dia";"Decrescente";"Céu Claro";"Múltipla";"Viaduto;Reta;Aclive";"Sim";7;0;1;0;6;0;1;4;-29,81784209;-51,16996166;"SPRF-RS";"DEL01-RS";"UOP02-DEL01-RS"
528330;2023-01-27;"sexta-feira";"17:20:00";"RS";285;237;"CASEIROS";"Ultrapassagem Indevida";"Colisão frontal";"Com Vítimas Feridas";"Pleno dia";"Crescente";"Céu Claro";"Simples";"Aclive;Reta";"Não";6;0;3;1;2;0;4;2;-28,25403379;-51,86066955;"SPRF-RS";"DEL08-RS";"UOP03-DEL08-RS"
528331;2023-06-04;"domingo";"18:00:00";"PE";232;27;"MORENO";"Conversão proibida";"Colisão traseira";"Com Vítimas Feridas";"Plena Noite";"Crescente";"Céu Claro";"Dupla";"Reta";"Não";3;0;1;0;2;0;1;2;-8,11418416;-35,12568999;"SPRF-PE";"DEL01-PE";"UOP01-DEL01-PE"
528332;2023-06-09;"sexta-feira";"10:45:00";"BA";367;83;"EUNAPOLIS";"Acessar a via sem observar a presença dos outros veículos";"Colisão transversal";"Com Vítimas Feridas";"Pleno dia";"Decrescente";"Chuva";"Simples";"Interseção de Vias;Reta";"Sim";4;0;1;0;3;0;1;2;-16,37256267;-39,57064408;"SPRF-BA";"DEL09-BA";"UOP03-DEL09-BA"
528333;2023-06-09;"sexta-feira";"08:02:00";"MT";70;521;"VARZEA GRANDE";"Ausência de reação do condutor";"Colisão transversal";"Com Vítimas Feridas";"Pleno dia";"Crescente";"Céu Claro";"Simples";"Reta";"Sim";2;0;1;0;1;0;1;2;-15,66690372;-56,18249416;"SPRF-MT";"DEL01-MT";"UOP02-DEL01-MT"
528334;2023-06-09;"sexta-feira";"08:30:00";"PR";116;119;"CURITIBA";"Reação tardia ou ineficiente do condutor";"Tombamento";"Com Vítimas Feridas";"Pleno dia";"Decrescente";"Céu Claro";"Dupla";"Reta";"Sim";2;0;1;1;0;0;2;1;-25,54456009;-49,30146002;"SPRF-PR";"DEL01-PR";"UOP03-DEL01-PR"
528336;2023-06-09;"sexta-feira";"09:30:00";"RS";293;247;"DOM PEDRITO";"Acessar a via sem observar a presença dos outros veículos";"Colisão transversal";"Com Vítimas Feridas";"Pleno dia";"Crescente";"Nublado";"Simples";"Reta";"Não";2;0;1;0;1;0;1;2;-30,98635422;-54,6361922;"SPRF-RS";"DEL11-RS";"UOP03-DEL11-RS"
528337;2023-06-09;"sexta-feira";"10:50:00";"PE";101;4;"GOIANA";"Pista Escorregadia";"Tombamento";"Com Vítimas Feridas";"Pleno dia";"Crescente";"Chuva";"Dupla";"Curva";"Não";2;0;2;0;0;0;2;1;-7,53264499;-34,99145786;"SPRF-PE";"DEL01-PE";"UOP02-DEL01-PE"
528339;2023-06-09;"sexta-feira";"11:00:00";"SC";470;68,4;"INDAIAL";"Acessar a via sem observar a presença dos outros veículos";"Colisão transversal";"Com Vítimas Feridas";"Pleno dia";"Crescente";"Céu Claro";"Dupla";"Interseção de Vias";"Sim";2;0;1;0;1;0;1;2;-26,8800749;-49,24278475;"SPRF-SC";"DEL04-SC";"UOP01-DEL04-SC"
528340;2023-05-11;"quinta-feira";"04:40:00";"BA";242;409;"SEABRA";"Animais na Pista";"Colisão traseira";"Com Vítimas Feridas";"Plena Noite";"Crescente";"Céu Claro";"Simples";"Reta";"Sim";2;0;0;1;0;1;1;2;-12,46060494;-41,7478959;"SPRF-BA";"DEL06-BA";"UOP01-DEL06-BA"