"id";"data_inversa";"dia_semana";"horario";"uf";"br";"km";"municipio";"causa_acidente";"tipo_acidente";"classificacao_acidente";"fase_dia";"sentido_via";"condicao_metereologica";"tipo_pista";"tracado_via";"uso_solo";"pessoas";"mortos";"feridos_leves";"feridos_graves";"ilesos";"ignorados";"feridos";"veiculos";"latitude";"longitude";"regional";"delegacia";"uop"
528341;2023-06-09;"sexta-feira";"07:40:00";"GO";364;77;"CACHOEIRA ALTA";"Avarias e/ou desgaste excessivo no pneu";"Saída de leito carroçável";"Sem Vítimas";"Pleno dia";"Crescente";"Céu Claro";"Simples";"Reta";"Não";1;0;0;0;1;0;0;1;-18,609713;-51,040882;"SPRF-GO";"DEL05-GO";"UOP02-DEL05-GO"
528342;2023-06-09;"sexta-feira";"10:20:00";"BA";116;518;"ITATIM";"Acessar a via sem observar a presença dos outros veículos";"Colisão frontal";"Sem Vítimas";"Pleno dia";"Decrescente";"Céu Claro";"Simples";"Interseção de Vias;Reta";"Não";2;0;0;0;2;0;0;2;-12,67669892;-39,66293504;"SPRF-BA";"DEL03-BA";"UOP02-DEL03-BA"
528343;2023-06-09;"sexta-feira";"11:55:00";"PB";230;292;"SANTA LUZIA";"Acessar a via sem observar a presença dos outros veículos";"Colisão transversal";"Com Vítimas Feridas";"Pleno dia";"Crescente";"Céu Claro";"Simples";"Reta";"Sim";2;0;1;0;0;1;1;2;-6,8684;-36,9222;"SPRF-PB";"DEL03-PB";"UOP01-DEL03-PB"
528344;2023-06-09;"sexta-feira";"12:08:00";"GO";70;7;"AGUAS LINDAS DE GOIAS";"Frear bruscamente";"Colisão traseira";"Com Vítimas Feridas";"Pleno dia";"Crescente";"Céu Claro";"Dupla";"Reta";"Sim";2;0;1;0;0;1;1;2;-15,74375533;-48,26779708;"SPRF-DF";"DEL03-DF";"UOP02-DEL03-DF"
528345;2023-06-09;"sexta-feira";"10:00:00";"PI";316;309,5;"PICOS";"Reação tardia ou ineficiente do condutor";"Atropelamento de Pedestre";"Com Vítimas Feridas";"Pleno dia";"Crescente";"Céu Claro";"Múltipla";"Reta";"Sim";2;0;0;1;0;1;1;2;-7,07778744;-41,48370094;"SPRF-PI";"DEL04-PI";"UOP01-DEL04-PI"
528347;2023-06-09;"sexta-feira";"10:29:00";"RJ";101;312;"SAO GONCALO";"Pedestre cruzava a pista fora da faixa";"Atropelamento de Pedestre";"Com Vítimas Feridas";"Pleno dia";"Crescente";"Sol";"Dupla";"Reta";"Sim";3;0;1;0;2;0;1;2;-22,80546555;-43,06156967;"SPRF-RJ";"DEL02-RJ";"UOP02-DEL02-RJ"
528348;2023-06-09;"sexta-feira";"11:00:00";"RO";435;85;"COLORADO DO OESTE";"Acessar a via sem observar a presença dos outros veículos";"Colisão transversal";"Com Vítimas Feridas";"Pleno dia";"Decrescente";"Céu Claro";"Simples";"Reta;Aclive;Interseção de Vias";"Sim";2;0;1;0;1;0;1;2;-13,11884911;-60,53173398;"SPRF-RO";"DEL04-RO";"UOP02-DEL04-RO"
528349;2023-06-09;"sexta-feira";"09:45:00";"RS";386;165,8;"ALMIRANTE TAMANDARE DO SUL";"Ausência de reação do condutor";"Atropelamento de Pedestre";"Com Vítimas Feridas";"Pleno dia";"Decrescente";"Céu Claro";"Simples";"Reta";"Não";2;0;1;0;1;0;1;2;-28,197134;-52,827736;"SPRF-RS";"DEL08-RS";"UOP01-DEL08-RS"
528350;2023-06-09;"sexta-feira";"12:40:00";"DF";70;12;"BRASILIA";"Velocidade Incompatível";"Colisão traseira";"Sem Vítimas";"Pleno dia";"Crescente";"Céu Claro";"Dupla";"Reta";"Sim";4;0;0;0;2;2;0;3;-15,792243;-48,158543;"SPRF-DF";"DEL03-DF";"UOP02-DEL03-DF"
528351;2023-06-09;"sexta-feira";"10:00:00";"SC";163;119,5;"DIONISIO CERQUEIRA";"Reação tardia ou ineficiente do condutor";"Saída de leito carroçável";"Com Vítimas Feridas";"Pleno dia";"Decrescente";"Céu Claro";"Simples";"Reta;Em Obras;Declive";"Não";2;0;2;0;0;0;2;1;-26,33680692;-53,54633331;"SPRF-SC";"DEL07-SC";"UOP03-DEL07-SC"
528352;2023-06-09;"sexta-feira";"11:50:00";"RO";425;142;"GUAJARA-MIRIM";"Acessar a via sem observar a presença dos outros veículos";"Colisão transversal";"Com Vítimas Feridas";"Pleno dia";"Crescente";"Céu Claro";"Dupla";"Interseção de Vias";"Sim";3;0;2;0;1;0;2;2;-10,754345;-65,30587;"SPRF-RO";"DEL01-RO";"UOP03-DEL01-RO"
528355;2023-06-09;"sexta-feira";"13:55:00";"PR";469;13;"FOZ DO IGUACU";"Reação tardia ou ineficiente do condutor";"Colisão traseira";"Com Vítimas Feridas";"Pleno dia";"Crescente";"Céu Claro";"Simples";"Reta";"Não";2;0;1;0;1;0;1;2;-25,5754;-54,5489;"SPRF-PR";"DEL05-PR";"UOP04-DEL05-PR"
528356;2023-05-27;"sábado";"18:00:00";"PE";424;88;"GARANHUNS";"Ausência de reação do condutor";"Colisão lateral mesmo sentido";"Com Vítimas Feridas";"Anoitecer";"Crescente";"Chuva";"Simples";"Declive;Reta";"Sim";2;0;1;0;0;1;1;2;-8,88289772;-36,50848532;"SPRF-PE";"DEL03-PE";"UOP01-DEL03-PE"
528357;2023-06-09;"sexta-feira";"10:30:00";"MG";40;510,4;"RIBEIRAO DAS NEVES";"Reação tardia ou ineficiente do condutor";"Colisão com objeto";"Com Vítimas Feridas";"Pleno dia";"Crescente";"Sol";"Dupla";"Reta";"Não";3;0;1;0;2;0;1;1;-19,77533092;-44,12332535;"SPRF-MG";"DEL01-MG";"UOP02-DEL01-MG"
528358;2023-05-28;"domingo";"08:20:00";"MG";381;479;"CONTAGEM";"Acessar a via sem observar a presença dos outros veículos";"Tombamento";"Com Vítimas Feridas";"Pleno dia";"Decrescente";"Ignorado";"Dupla";"Interseção de Vias;Curva";"Sim";1;0;1;0;0;0;1;1;-19,96495908;-44,04556274;"SPRF-MG";"DEL01-MG";"UOP03-DEL01-MG"
528359;2023-06-09;"sexta-feira";"13:00:00";"RO";364;235,1;"CACOAL";"Acessar a via sem observar a presença dos outros veículos";"Colisão transversal";"Com Vítimas Feridas";"Pleno dia";"Crescente";"Céu Claro";"Simples";"Reta;Interseção de Vias";"Sim";3;0;1;1;1;0;2;2;-11,4506169;-61,4302469;"SPRF-RO";"DEL02-RO";"UOP02-DEL02-RO"
528361;2023-06-09;"sexta-feira";"13:45:00";"SC";101;118;"ITAJAI";"Reação tardia ou ineficiente do condutor";"Colisão traseira";"Com Vítimas Feridas";"Pleno dia";"Crescente";"Sol";"Múltipla";"Reta";"Não";5;0;1;0;4;0;1;4;-26,895859;-48,71903;"SPRF-SC";"DEL04-SC";"UOP04-DEL04-SC"
528362;2023-06-09;"sexta-feira";"13:30:00";"RJ";116;181;"NOVA IGUACU";"Condutor deixou de manter distância do veículo da frente";"Colisão lateral mesmo sentido";"Com Vítimas Feridas";"Pleno dia";"Crescente";"Céu Claro";"Simples";"Reta";"Não";1;0;1;0;0;0;1;1;-22,761312;-43,423492;"SPRF-RJ";"DEL01-RJ";"UOP02-DEL01-RJ"
528363;2023-06-09;"sexta-feira";"14:00:00";"SC";101;97;"BALNEARIO PICARRAS";"Reação tardia ou ineficiente do condutor";"Atropelamento de Pedestre";"Com Vítimas Feridas";"Pleno dia";"Decrescente";"Sol";"Múltipla";"Curva";"Sim";2;0;1;0;1;0;1;2;-26,72823703;-48,70224928;"SPRF-SC";"DEL03-SC";"UOP02-DEL03-SC"
528365;2023-06-09;"sexta-feira";"14:50:00";"RJ";40;125;"DUQUE DE CAXIAS";"Ausência de reação do condutor";"Colisão lateral mesmo sentido";"Com Vítimas Feridas";"Pleno dia";"Crescente";"Céu Claro";"Dupla";"Reta";"Sim";2;0;2;0;0;0;2;1;-22,81487101;-43,28828833;"SPRF-RJ";"DEL01-RJ";"UOP01-DEL01-RJ"
528367;2023-06-09;"sexta-feira";"14:50:00";"RJ";116;211;"SEROPEDICA";"Acumulo de areia ou detritos sobre o pavimento";"Queda de ocupante de veículo";"Com Vítimas Feridas";"Pleno dia";"Decrescente";"Céu Claro";"Simples";"Curva";"Sim";1;0;1;0;0;0;1;1;-22,71844298;-43,700897;"SPRF-RJ";"DEL01-RJ";"UOP03-DEL01-RJ"
528371;2023-06-09;"sexta-feira";"15:00:00";"PE";232;147;"SAO CAITANO";"Ausência de reação do condutor";"Colisão traseira";"Sem Vítimas";"Pleno dia";"Crescente";"Céu Claro";"Dupla";"Aclive";"Sim";3;0;0;0;3;0;0;2;-8,33373137;-36,13751116;"SPRF-PE";"DEL02-PE";"UOP01-DEL02-PE"
528374;2023-06-09;"sexta-feira";"13:00:00";"MT";163;838;"SINOP";"Acessar a via sem observar a presença dos outros veículos";"Colisão transversal";"Com Vítimas Feridas";"Pleno dia";"Decrescente";"Céu Claro";"Dupla";"Reta;Rotatória";"Sim";3;0;1;1;1;0;2;2;-11,82770184;-55,48640728;"SPRF-MT";"DEL06-MT";"UOP02-DEL06-MT"
528375;2023-06-09;"sexta-feira";"15:30:00";"GO";153;691;"ITUMBIARA";"Demais falhas mecânicas ou elétricas";"Incêndio";"Sem Vítimas";"Pleno dia";"Decrescente";"Céu Claro";"Dupla";"Reta";"Não";3;0;0;0;3;0;0;1;-18,3173;-49,2302;"SPRF-GO";"DEL03-GO";"UOP02-DEL03-GO"
528376;2023-06-09;"sexta-feira";"16:20:00";"MG";381;491;"BETIM";"Manobra de mudança de faixa";"Colisão lateral mesmo sentido";"Com Vítimas Feridas";"Pleno dia";"Crescente";"Céu Claro";"Dupla";"Reta;Aclive";"Sim";2;0;1;0;1;0;1;2;-19,97018187;-44,18210416;"SPRF-MG";"DEL01-MG";"UOP03-DEL01-MG"
528378;2023-06-09;"sexta-feira";"15:40:00";"ES";101;158,7;"LINHARES";"Condutor Dormindo";"Colisão frontal";"Com Vítimas Feridas";"Pleno dia";"Crescente";"Céu Claro";"Simples";"Reta";"Não";3;0;1;2;0;0;3;2;-19,46094508;-40,10491389;"SPRF-ES";"DEL04-ES";"UOP01-DEL04-ES"
528379;2023-06-09;"sexta-feira";"14:12:00";"MS";163;616;"SAO GABRIEL DO OESTE";"Acessar a via sem observar a presença dos outros veículos";"Colisão transversal";"Com Vítimas Feridas";"Pleno dia";"Crescente";"Céu Claro";"Simples";"Rotatória;Reta;Interseção de Vias";"Sim";2;0;1;0;1;0;1;2;-19,39073637;-54,57060659;"SPRF-MS";"DEL06-MS";"UOP02-DEL06-MS"
528380;2023-06-09;"sexta-feira";"16:20:00";"PE";101;4;"RECIFE";"Reação tardia ou ineficiente do condutor";"Colisão traseira";"Com Vítimas Feridas";"Pleno dia";"Crescente";"Nublado";"Múltipla";"Em Obras;Viaduto";"Sim";2;0;1;0;1;0;1;2;-8,066534;-34,941762;"SPRF-PE";"DEL01-PE";"UOP02-DEL01-PE"
528381;2023-06-09;"sexta-feira";"16:20:00";"PE";101;65,3;"RECIFE";"Condutor deixou de manter distância do veículo da frente";"Engavetamento";"Com Vítimas Feridas";"Pleno dia";"Crescente";"Céu Claro";"Dupla";"Reta";"Não";3;0;1;0;2;0;1;3;-8,02825;-34,943079;"SPRF-PE";"DEL01-PE";"UOP01-DEL01-PE"
528382;2023-06-09;"sexta-feira";"16:35:00";"SC";101;118;"ITAJAI";"Trafegar com motocicleta (ou similar) entre as faixas";"Colisão lateral mesmo sentido";"Com Vítimas Feridas";"Pleno dia";"Crescente";"Céu Claro";"Múltipla";"Reta";"Sim";3;0;0;1;2;0;1;2;-26,895859;-48,71903;"SPRF-SC";"DEL04-SC";"UOP04-DEL04-SC"
528383;2023-06-09;"sexta-feira";"16:10:00";"RJ";356;75;"ITALVA";"Condutor deixou de manter distância do veículo da frente";"Colisão traseira";"Com Vítimas Feridas";"Pleno dia";"Crescente";"Céu Claro";"Simples";"Curva";"Sim";2;0;1;0;1;0;1;2;-21,42140416;-41,69075621;"SPRF-RJ";"DEL08-RJ";"UOP03-DEL08-RJ"
528384;2023-06-09;"sexta-feira";"15:15:00";"PR";153;503,7;"PAULA FREITAS";"Avarias e/ou desgaste excessivo no pneu";"Saída de leito carroçável";"Com Vítimas Feridas";"Pleno dia";"Crescente";"Céu Claro";"Simples";"Curva";"Não";2;0;1;0;1;0;1;1;-26,172022;-50,91258;"SPRF-PR";"DEL02-PR";"UOP03-DEL02-PR"
528385;2023-06-09;"sexta-feira";"16:50:00";"PE";101;80;"RECIFE";"Condutor deixou de manter distância do veículo da frente";"Colisão traseira";"Com Vítimas Feridas";"Pleno dia";"Crescente";"Céu Claro";"Dupla";"Reta";"Sim";2;0;1;0;1;0;1;2;-8,15112589;-34,9428866;"SPRF-PE";"DEL01-PE";"UOP01-DEL01-PE"
528388;2023-06-09;"sexta-feira";"16:40:00";"PR";277;585,8;"CASCAVEL";"Desrespeitar a preferência no cruzamento";"Colisão transversal";"Com Vítimas Feridas";"Anoitecer";"Decrescente";"Sol";"Simples";"Interseção de Vias";"Sim";2;0;1;0;1;0;1;2;-24,96400704;-53,41227401;"SPRF-PR";"DEL04-PR";"UOP01-DEL04-PR"
528389;2023-06-09;"sexta-feira";"17:12:00";"RJ";116;185;"NOVA IGUACU";"Manobra de mudança de faixa";"Colisão lateral mesmo sentido";"Com Vítimas Feridas";"Anoitecer";"Decrescente";"Céu Claro";"Múltipla";"Reta";"Sim";3;0;1;0;2;0;1;2;-22,74151051;-43,45351823;"SPRF-RJ";"DEL01-RJ";"UOP02-DEL01-RJ"
528390;2023-06-09;"sexta-feira";"15:50:00";"PR";277;700,3;"SAO MIGUEL DO IGUACU";"Ingestão de álcool pelo condutor";"Colisão frontal";"Sem Vítimas";"Pleno dia";"Decrescente";"Céu Claro";"Dupla";"Reta;Aclive";"Não";2;0;0;0;2;0;0;2;-25,40601241;-54,32821775;"SPRF-PR";"DEL05-PR";"UOP01-DEL05-PR"
528391;2023-06-09;"sexta-feira";"16:40:00";"RS";158;190;"CRUZ ALTA";"Ingestão de álcool pelo condutor";"Tombamento";"Com Vítimas Feridas";"Pleno dia";"Crescente";"Céu Claro";"Simples";"Curva";"Não";1;0;1;0;0;0;1;1;-28,60422611;-53,57645675;"SPRF-RS";"DEL10-RS";"UOP02-DEL10-RS"
528392;2023-06-09;"sexta-feira";"17:20:00";"PE";101;69;"RECIFE";"Ausência de reação do condutor";"Colisão traseira";"Com Vítimas Feridas";"Plena Noite";"Decrescente";"Céu Claro";"Dupla";"Viaduto";"Sim";2;0;1;0;1;0;1;2;-8,05951606;-34,94581024;"SPRF-PE";"DEL01-PE";"UOP01-DEL01-PE"
528393;2023-06-09;"sexta-feira";"17:30:00";"SP";153;64,3;"SAO JOSE DO RIO PRETO";"Reação tardia ou ineficiente do condutor";"Tombamento";"Com Vítimas Feridas";"Anoitecer";"Crescente";"Céu Claro";"Dupla";"Declive";"Sim";1;0;1;0;0;0;1;1;-20,82919401;-49,36046325;"SPRF-SP";"DEL09-SP";"UOP01-DEL09-SP"
528394;2023-06-09;"sexta-feira";"16:40:00";"CE";222;213;"FORQUILHA";"Condutor deixou de manter distância do veículo da frente";"Colisão traseira";"Com Vítimas Feridas";"Pleno dia";"Crescente";"Céu Claro";"Simples";"Declive;Reta";"Não";2;0;0;1;1;0;1;2;-3,7801209;-40,28152528;"SPRF-CE";"DEL04-CE";"UOP01-DEL04-CE"
528395;2023-06-09;"sexta-feira";"15:15:00";"SC";101;116;"ITAJAI";"Demais falhas mecânicas ou elétricas";"Incêndio";"Sem Vítimas";"Pleno dia";"Decrescente";"Céu Claro";"Dupla";"Reta";"Não";1;0;0;0;1;0;0;1;-26,87905605;-48,72603512;"SPRF-SC";"DEL04-SC";"UOP04-DEL04-SC"
528396;2023-06-09;"sexta-feira";"18:15:00";"SP";116;84,5;"PINDAMONHANGABA";"Pedestre andava na pista";"Atropelamento de Pedestre";"Com Vítimas Fatais";"Plena Noite";"Crescente";"Céu Claro";"Dupla";"Reta";"Sim";3;1;0;0;2;0;0;2;-22,91777173;-45,33596814;"SPRF-SP";"DEL08-SP";"UOP01-DEL08-SP"
528397;2023-06-09;"sexta-feira";"18:35:00";"RS";386;436,2;"NOVA SANTA RITA";"Pedestre cruzava a pista fora da faixa";"Atropelamento de Pedestre";"Com Vítimas Fatais";"Plena Noite";"Decrescente";"Céu Claro";"Dupla";"Reta";"Sim";2;1;0;0;1;0;0;2;-29,85803;-51,261227;"SPRF-RS";"DEL04-RS";"UOP02-DEL04-RS"
528398;2023-06-09;"sexta-feira";"18:00:00";"PR";277;113;"CAMPO LARGO";"Reação tardia ou ineficiente do condutor";"Colisão transversal";"Com Vítimas Feridas";"Plena Noite";"Crescente";"Céu Claro";"Dupla";"Reta";"Sim";2;0;0;1;1;0;1;2;-25,44651045;-49,48735714;"SPRF-PR";"DEL03-PR";"UOP03-DEL03-PR"
528399;2023-06-09;"sexta-feira";"16:56:00";"MG";116;573,7;"MANHUACU";"Ausência de reação do condutor";"Colisão lateral mesmo sentido";"Com Vítimas Feridas";"Pleno dia";"Decrescente";"Céu Claro";"Simples";"Reta;Declive";"Não";2;0;1;0;1;0;1;2;-20,13004403;-42,17794986;"SPRF-MG";"DEL06-MG";"UOP03-DEL06-MG"
528400;2023-06-09;"sexta-feira";"15:45:00";"PR";476;116;"COLOMBO";"Acessar a via sem observar a presença dos outros veículos";"Colisão transversal";"Com Vítimas Feridas";"Pleno dia";"Decrescente";"Céu Claro";"Dupla";"Reta";"Sim";4;0;3;0;1;0;3;2;-25,34996;-49,16642;"SPRF-PR";"DEL01-PR";"UOP01-DEL01-PR"
528402;2023-06-09;"sexta-feira";"18:15:00";"PE";101;58;"PAULISTA";"Reação tardia ou ineficiente do condutor";"Colisão lateral mesmo sentido";"Sem Vítimas";"Plena Noite";"Decrescente";"Céu Claro";"Dupla";"Reta";"Sim";2;0;0;0;0;2;0;2;-7,97063209;-34,92064675;"SPRF-PE";"DEL01-PE";"UOP02-DEL01-PE"
528403;2023-06-09;"sexta-feira";"18:10:00";"SP";116;270;"TABOAO DA SERRA";"Condutor deixou de manter distância do veículo da frente";"Colisão traseira";"Com Vítimas Feridas";"Anoitecer";"Decrescente";"Céu Claro";"Dupla";"Reta";"Sim";2;0;0;1;1;0;1;2;-23,61799728;-46,79677694;"SPRF-SP";"DEL04-SP";"UOP01-DEL04-SP"
528406;2023-06-09;"sexta-feira";"18:30:00";"DF";60;2,7;"BRASILIA";"Velocidade Incompatível";"Saída de leito carroçável";"Com Vítimas Feridas";"Plena Noite";"Crescente";"Céu Claro";"Dupla";"Reta";"Não";3;0;2;0;1;0;2;1;-15,88903736;-48,08418632;"SPRF-DF";"DEL03-DF";"UOP01-DEL03-DF"
528410;2023-06-09;"sexta-feira";"17:40:00";"MS";267;481,1;"JARDIM";"Acessar a via sem observar a presença dos outros veículos";"Colisão transversal";"Com Vítimas Feridas";"Plena Noite";"Crescente";"Céu Claro";"Simples";"Reta;Interseção de Vias";"Sim";2;0;1;0;1;0;1;2;-21,48142383;-56,14080255;"SPRF-MS";"DEL05-MS";"UOP01-DEL05-MS"
528411;2023-06-09;"sexta-feira";"18:10:00";"PI";343;250;"CAMPO MAIOR";"Acessar a via sem observar a presença dos outros veículos";"Colisão transversal";"Com Vítimas Feridas";"Anoitecer";"Decrescente";"Céu Claro";"Simples";"Reta;Interseção de Vias";"Não";5;0;2;0;3;0;2;2;-4,725317;-42,103371;"SPRF-PI";"DEL01-PI";"UOP03-DEL01-PI"
528412;2023-06-09;"sexta-feira";"19:05:00";"MG";262;434,1;"NOVA SERRANA";"Avarias e/ou desgaste excessivo no pneu";"Tombamento";"Com Vítimas Feridas";"Plena Noite";"Crescente";"Vento";"Dupla";"Reta;Aclive";"Não";2;0;2;0;0;0;2;1;-19,89266739;-44,84258586;"SPRF-MG";"DEL08-MG";"UOP03-DEL08-MG"
528413;2023-06-09;"sexta-feira";"18:54:00";"RJ";101;311;"SAO GONCALO";"Trafegar com motocicleta (ou similar) entre as faixas";"Queda de ocupante de veículo";"Com Vítimas Feridas";"Plena Noite";"Decrescente";"Céu Claro";"Dupla";"Reta";"Sim";2;0;1;1;0;0;2;1;-22,80062246;-43,05318779;"SPRF-RJ";"DEL02-RJ";"UOP02-DEL02-RJ"
528414;2023-06-09;"sexta-feira";"18:15:00";"RN";405;150;"PAU DOS FERROS";"Velocidade Incompatível";"Colisão transversal";"Com Vítimas Feridas";"Plena Noite";"Decrescente";"Nublado";"Simples";"Reta";"Sim";2;0;0;1;0;1;1;2;-6,106825;-38,205585;"SPRF-RN";"DEL04-RN";"UOP02-DEL04-RN"
528415;2023-06-09;"sexta-feira";"17:15:00";"SC";101;191;"BIGUACU";"Iluminação deficiente";"Queda de ocupante de veículo";"Com Vítimas Feridas";"Plena Noite";"Decrescente";"Céu Claro";"Dupla";"Reta";"Não";1;0;1;0;0;0;1;1;-27,47730273;-48,64127329;"SPRF-SC";"DEL01-SC";"UOP01-DEL01-SC"
528420;2023-06-09;"sexta-feira";"17:59:00";"PB";101;93;"JOAO PESSOA";"Pedestre andava na pista";"Atropelamento de Pedestre";"Com Vítimas Feridas";"Plena Noite";"Decrescente";"Céu Claro";"Dupla";"Reta";"Sim";2;0;1;0;0;1;1;2;-7,20016843;-34,90686005;"SPRF-PB";"DEL01-PB";"UOP02-DEL01-PB"
528422;2023-06-09;"sexta-feira";"18:42:00";"RO";364;703;"PORTO VELHO";"Acessar a via sem observar a presença dos outros veículos";"Tombamento";"Com Vítimas Feridas";"Plena Noite";"Decrescente";"Nublado";"Dupla";"Interseção de Vias";"Sim";1;0;1;0;0;0;1;1;-8,8004626;-63,82126451;"SPRF-RO";"DEL01-RO";"UOP01-DEL01-RO"
528424;2023-06-09;"sexta-feira";"18:30:00";"RJ";116;309;"RESENDE";"Pedestre cruzava a pista fora da faixa";"Atropelamento de Pedestre";"Com Vítimas Feridas";"Plena Noite";"Crescente";"Nublado";"Dupla";"Reta";"Não";2;0;0;1;1;0;1;2;-22,45852838;-44,42672997;"SPRF-RJ";"DEL07-RJ";"UOP02-DEL07-RJ"
528425;2023-06-09;"sexta-feira";"20:10:00";"MG";50;177,8;"UBERABA";"Condutor usando celular";"Saída de leito carroçável";"Com Vítimas Feridas";"Plena Noite";"Decrescente";"Céu Claro";"Dupla";"Em Obras;Reta";"Não";2;0;1;0;1;0;1;1;-19,77914852;-47,95047701;"SPRF-MG";"DEL13-MG";"UOP01-DEL13-MG"
528429;2023-06-09;"sexta-feira";"18:30:00";"PE";232;227,5;"PESQUEIRA";"Ausência de reação do condutor";"Colisão traseira";"Com Vítimas Feridas";"Plena Noite";"Decrescente";"Nublado";"Simples";"Reta";"Não";2;0;0;1;1;0;1;2;-8,40012724;-36,84674304;"SPRF-PE";"DEL03-PE";"UOP02-DEL03-PE"
528430;2023-06-09;"sexta-feira";"19:36:00";"GO";153;178;"CAMPINORTE";"Desrespeitar a preferência no cruzamento";"Colisão transversal";"Com Vítimas Feridas";"Plena Noite";"Crescente";"Céu Claro";"Simples";"Reta;Interseção de Vias";"Sim";11;0;2;0;9;0;2;3;-14,327435;-49,152916;"SPRF-GO";"DEL07-GO";"UOP02-DEL07-GO"
528431;2023-06-09;"sexta-feira";"20:50:00";"SP";116;227,9;"SAO PAULO";"Demais falhas mecânicas ou elétricas";"Incêndio";"Sem Vítimas";"Pleno dia";"Decrescente";"Céu Claro";"Múltipla";"Reta";"Sim";1;0;0;0;1;0;0;1;-23,50522155;-46,56884015;"SPRF-SP";"DEL01-SP";"UOP01-DEL01-SP"
528432;2023-06-09;"sexta-feira";"20:00:00";"TO";242;377,8;"GURUPI";"Transitar na contramão";"Colisão frontal";"Com Vítimas Fatais";"Plena Noite";"Decrescente";"Céu Claro";"Simples";"Reta";"Não";6;1;5;0;0;0;5;2;-11,73518619;-49,03833803;"SPRF-TO";"DEL01-TO";"UOP02-DEL01-TO"
528433;2023-06-09;"sexta-feira";"19:20:00";"MT";163;701;"SORRISO";"Ausência de reação do condutor";"Tombamento";"Com Vítimas Feridas";"Plena Noite";"Decrescente";"Céu Claro";"Simples";"Reta;Declive";"Não";2;0;1;0;1;0;1;1;-12,965763;-55,873287;"SPRF-MT";"DEL06-MT";"UOP01-DEL06-MT"
528434;2023-06-09;"sexta-feira";"15:25:00";"GO";60;419;"RIO VERDE";"Ausência de reação do condutor";"Saída de leito carroçável";"Com Vítimas Feridas";"Pleno dia";"Decrescente";"Céu Claro";"Dupla";"Reta";"Não";2;0;0;2;0;0;2;1;-17,8207;-51,2323;"SPRF-GO";"DEL04-GO";"UOP02-DEL04-GO"
528436;2023-06-09;"sexta-feira";"18:00:00";"MG";116;406,6;"GOVERNADOR VALADARES";"Retorno proibido";"Colisão transversal";"Com Vítimas Feridas";"Plena Noite";"Crescente";"Céu Claro";"Simples";"Reta";"Sim";2;0;0;1;1;0;1;2;-18,82669347;-41,98753335;"SPRF-MG";"DEL06-MG";"UOP01-DEL06-MG"
528438;2023-06-09;"sexta-feira";"19:30:00";"SP";116;213,8;"GUARULHOS";"Condutor deixou de manter distância do veículo da frente";"Colisão traseira";"Com Vítimas Feridas";"Plena Noite";"Decrescente";"Nublado";"Múltipla";"Reta";"Não";3;0;1;1;0;1;2;3;-23,43971486;-46,43667806;"SPRF-SP";"DEL01-SP";"UOP01-DEL01-SP"
528439;2023-06-09;"sexta-feira";"18:40:00";"BA";110;9;"PAULO AFONSO";"Animais na Pista";"Atropelamento de Animal";"Com Vítimas Feridas";"Plena Noite";"Decrescente";"Céu Claro";"Simples";"Reta";"Não";3;0;2;0;1;0;2;1;-9,53232396;-38,22095637;"SPRF-BA";"DEL07-BA";"UOP01-DEL07-BA"
528440;2023-06-09;"sexta-feira";"21:00:00";"PR";163;284;"MARECHAL CANDIDO RONDON";"Desrespeitar a preferência no cruzamento";"Colisão transversal";"Com Vítimas Feridas";"Plena Noite";"Decrescente";"Céu Claro";"Simples";"Rotatória";"Não";2;0;1;0;0;1;1;2;-24,568102;-54,034168;"SPRF-PR";"DEL06-PR";"UOP02-DEL06-PR"
528441;2023-06-09;"sexta-feira";"14:20:00";"MA";316;111,9;"SANTA LUZIA DO PARUA";"Ultrapassagem Indevida";"Colisão frontal";"Sem Vítimas";"Pleno dia";"Crescente";"Céu Claro";"Simples";"Reta";"Não";4;0;0;0;1;3;0;2;-2,512794;-45,783772;"SPRF-MA";"DEL02-MA";"UOP02-DEL02-MA"
528442;2023-06-09;"sexta-feira";"21:00:00";"SP";381;34;"ATIBAIA";"Frear bruscamente";"Colisão traseira";"Com Vítimas Feridas";"Plena Noite";"Decrescente";"Céu Claro";"Dupla";"Reta;Aclive";"Não";3;0;1;0;2;0;1;2;-23,079939;-46,569862;"SPRF-SP";"DEL03-SP";"UOP02-DEL03-SP"
528443;2023-06-09;"sexta-feira";"20:00:00";"RN";226;83,4;"TANGARA";"Acessar a via sem observar a presença dos outros veículos";"Colisão transversal";"Com Vítimas Feridas";"Plena Noite";"Crescente";"Céu Claro";"Simples";"Reta";"Sim";2;0;1;0;1;0;1;2;-6,19741753;-35,79823339;"SPRF-RN";"DEL01-RN";"UOP02-DEL01-RN"
528444;2023-06-09;"sexta-feira";"20:14:00";"PR";116;206;"RIO NEGRO";"Ingestão de álcool pelo condutor";"Colisão com objeto";"Sem Vítimas";"Plena Noite";"Crescente";"Céu Claro";"Simples";"Interseção de Vias";"Sim";1;0;0;0;1;0;0;1;-26,06427183;-49,73114671;"SPRF-SC";"DEL06-SC";"UOP01-DEL06-SC"
528448;2023-06-09;"sexta-feira";"18:40:00";"RN";226;160,6;"CURRAIS NOVOS";"Manobra de mudança de faixa";"Colisão transversal";"Com Vítimas Feridas";"Plena Noite";"Crescente";"Céu Claro";"Simples";"Interseção de Vias;Reta";"Não";2;0;1;0;1;0;1;2;-6,20267738;-36,39839172;"SPRF-RN";"DEL03-RN";"UOP02-DEL03-RN"