"id";"data_inversa";"dia_semana";"horario";"uf";"br";"km";"municipio";"causa_acidente";"tipo_acidente";"classificacao_acidente";"fase_dia";"sentido_via";"condicao_metereologica";"tipo_pista";"tracado_via";"uso_solo";"pessoas";"mortos";"feridos_leves";"feridos_graves";"ilesos";"ignorados";"feridos";"veiculos";"latitude";"longitude";"regional";"delegacia";"uop"
528668;2023-06-10;"sábado";"22:50:00";"RJ";116;183;"NOVA IGUACU";"Demais Fenômenos da natureza";"Capotamento";"Com Vítimas Feridas";"Plena Noite";"Decrescente";"Céu Claro";"Múltipla";"Reta";"Sim";3;0;1;0;2;0;1;1;-22,7516014;-43,43849831;"SPRF-RJ";"DEL01-RJ";"UOP02-DEL01-RJ"
528669;2023-06-10;"sábado";"23:50:00";"SP";116;215;"GUARULHOS";"Reação tardia ou ineficiente do condutor";"Colisão traseira";"Com Vítimas Feridas";"Plena Noite";"Crescente";"Céu Claro";"Múltipla";"Reta";"Não";2;0;0;1;1;0;1;2;-23,44695693;-46,45394103;"SPRF-SP";"DEL01-SP";"UOP01-DEL01-SP"
528670;2023-06-10;"sábado";"22:20:00";"AP";210;104;"PORTO GRANDE";"Ingestão de álcool pelo condutor";"Colisão transversal";"Sem Vítimas";"Plena Noite";"Crescente";"Céu Claro";"Simples";"Curva";"Sim";3;0;0;0;3;0;0;3;0,6985633;-51,39692189;"SPRF-AP";"DEL01-AP";"UOP01-DEL01-AP"
528671;2023-06-10;"sábado";"19:00:00";"MA";316;483,4;"CODO";"Manobra de mudança de faixa";"Colisão frontal";"Com Vítimas Fatais";"Plena Noite";"Crescente";"Céu Claro";"Simples";"Reta";"Não";3;2;0;1;0;0;1;2;-4,624132;-43,887089;"SPRF-MA";"DEL03-MA";"UOP02-DEL03-MA"
528672;2023-06-10;"sábado";"23:50:00";"RN";110;49,2;"MOSSORO";"Pedestre cruzava a pista fora da faixa";"Atropelamento de Pedestre";"Com Vítimas Feridas";"Plena Noite";"Decrescente";"Céu Claro";"Dupla";"Reta";"Sim";2;0;1;0;1;0;1;2;-5,21645975;-37,32927128;"SPRF-RN";"DEL04-RN";"UOP01-DEL04-RN"
528673;2023-06-10;"sábado";"23:20:00";"PE";101;50,1;"ABREU E LIMA";"Ausência de reação do condutor";"Colisão traseira";"Com Vítimas Feridas";"Plena Noite";"Crescente";"Céu Claro";"Múltipla";"Reta";"Sim";3;0;0;1;1;1;1;2;-7,90938602;-34,90123228;"SPRF-PE";"DEL01-PE";"UOP02-DEL01-PE"
528677;2023-06-10;"sábado";"23:20:00";"BA";324;622;"SALVADOR";"Reação tardia ou ineficiente do condutor";"Colisão com objeto";"Com Vítimas Feridas";"Plena Noite";"Crescente";"Céu Claro";"Múltipla";"Interseção de Vias";"Sim";1;0;1;0;0;0;1;1;-12,91888605;-38,46502095;"SPRF-BA";"DEL01-BA";"UOP01-DEL01-BA"
528679;2023-06-10;"sábado";"22:20:00";"PR";373;262;"PRUDENTOPOLIS";"Condutor deixou de manter distância do veículo da frente";"Colisão traseira";"Com Vítimas Feridas";"Plena Noite";"Decrescente";"Céu Claro";"Simples";"Interseção de Vias;Reta";"Sim";2;0;0;1;1;0;1;2;-25,202107;-50,948692;"SPRF-PR";"DEL08-PR";"UOP01-DEL08-PR"
528680;2023-06-11;"domingo";"00:06:00";"GO";414;437;"ANAPOLIS";"Reação tardia ou ineficiente do condutor";"Saída de leito carroçável";"Sem Vítimas";"Plena Noite";"Decrescente";"Céu Claro";"Simples";"Reta";"Sim";1;0;0;0;0;1;0;1;-16,26365299;-48,93824303;"SPRF-GO";"DEL02-GO";"UOP01-DEL02-GO"
528681;2023-06-10;"sábado";"22:50:00";"MG";116;626,1;"ORIZANIA";"Velocidade Incompatível";"Colisão com objeto";"Com Vítimas Feridas";"Plena Noite";"Crescente";"Céu Claro";"Simples";"Reta";"Não";2;0;1;0;1;0;1;1;-20,557372;-42,209069;"SPRF-MG";"DEL07-MG";"UOP02-DEL07-MG"
528682;2023-06-11;"domingo";"00:25:00";"PR";277;44,3;"MORRETES";"Velocidade Incompatível";"Colisão com objeto";"Sem Vítimas";"Plena Noite";"Decrescente";"Nublado";"Dupla";"Curva";"Não";1;0;0;0;0;1;0;1;-25,591266;-48,893574;"SPRF-PR";"DEL01-PR";"UOP01-DEL01-PR"
528683;2023-06-10;"sábado";"18:50:00";"RS";386;398,2;"TRIUNFO";"Acessar a via sem observar a presença dos outros veículos";"Colisão transversal";"Sem Vítimas";"Plena Noite";"Crescente";"Garoa/Chuvisco";"Dupla";"Reta";"Não";2;0;0;0;2;0;0;2;-29,743687;-51,617054;"SPRF-RS";"DEL04-RS";"UOP02-DEL04-RS"
528686;2023-06-11;"domingo";"00:09:00";"MG";116;522,6;"CARATINGA";"Acessar a via sem observar a presença dos outros veículos";"Colisão transversal";"Com Vítimas Feridas";"Plena Noite";"Decrescente";"Céu Claro";"Simples";"Curva";"Não";4;0;0;2;0;2;2;3;-19,74300101;-42,13231969;"SPRF-MG";"DEL06-MG";"UOP02-DEL06-MG"
528687;2023-06-10;"sábado";"23:30:00";"RS";285;211,9;"CASEIROS";"Ingestão de álcool pelo condutor";"Colisão frontal";"Com Vítimas Feridas";"Plena Noite";"Decrescente";"Nublado";"Simples";"Reta;Declive";"Não";3;0;3;0;0;0;3;2;-28,231436;-51,629745;"SPRF-RS";"DEL08-RS";"UOP05-DEL08-RS"
528688;2023-06-11;"domingo";"01:15:00";"GO";40;15;"LUZIANIA";"Velocidade Incompatível";"Colisão traseira";"Com Vítimas Feridas";"Plena Noite";"Decrescente";"Céu Claro";"Dupla";"Reta";"Sim";4;0;0;1;3;0;1;2;-16,1671;-47,930161;"SPRF-DF";"DEL01-DF";"UOP01-DEL01-DF"
528690;2023-06-11;"domingo";"01:00:00";"AL";101;174;"TEOTONIO VILELA";"Ingestão de álcool pelo condutor";"Colisão transversal";"Com Vítimas Feridas";"Plena Noite";"Decrescente";"Céu Claro";"Simples";"Interseção de Vias;Rotatória";"Sim";3;0;1;0;1;1;1;3;-9,90270371;-36,35878384;"SPRF-AL";"DEL02-AL";"UOP02-DEL02-AL"
528691;2023-06-10;"sábado";"21:30:00";"RS";116;503;"PELOTAS";"Chuva";"Saída de leito carroçável";"Com Vítimas Feridas";"Plena Noite";"Crescente";"Chuva";"Dupla";"Reta";"Não";1;0;1;0;0;0;1;1;-31,57478208;-52,26587692;"SPRF-RS";"DEL07-RS";"UOP01-DEL07-RS"
528692;2023-06-11;"domingo";"01:30:00";"RS";290;503;"ROSARIO DO SUL";"Demais falhas mecânicas ou elétricas";"Incêndio";"Sem Vítimas";"Plena Noite";"Decrescente";"Céu Claro";"Simples";"Reta;Aclive";"Não";2;0;0;0;2;0;0;1;-30,168377;-55,130287;"SPRF-RS";"DEL11-RS";"UOP02-DEL11-RS"
528693;2023-06-11;"domingo";"00:30:00";"RS";158;290;"JULIO DE CASTILHOS";"Transitar na contramão";"Colisão lateral sentido oposto";"Com Vítimas Feridas";"Plena Noite";"Crescente";"Chuva";"Simples";"Reta";"Não";4;0;1;0;3;0;1;2;-29,467506;-53,68666;"SPRF-RS";"DEL09-RS";"UOP01-DEL09-RS"
528696;2023-06-11;"domingo";"02:00:00";"PR";277;676;"MEDIANEIRA";"Condutor deixou de manter distância do veículo da frente";"Colisão transversal";"Com Vítimas Feridas";"Plena Noite";"Crescente";"Céu Claro";"Dupla";"Reta";"Não";5;0;0;1;4;0;1;3;-25,3032461;-54,13195494;"SPRF-PR";"DEL05-PR";"UOP01-DEL05-PR"
528697;2023-06-11;"domingo";"01:15:00";"MS";376;129;"IVINHEMA";"Transitar na contramão";"Colisão frontal";"Com Vítimas Feridas";"Plena Noite";"Decrescente";"Céu Claro";"Simples";"Reta;Aclive";"Não";6;0;4;0;2;0;4;2;-22,36021748;-53,70728925;"SPRF-MS";"DEL04-MS";"UOP04-DEL04-MS"
528698;2023-06-11;"domingo";"01:40:00";"PR";277;676,1;"MEDIANEIRA";"Ausência de reação do condutor";"Tombamento";"Com Vítimas Feridas";"Plena Noite";"Crescente";"Vento";"Dupla";"Declive";"Não";2;0;1;1;0;0;2;1;-25,3032461;-54,13195494;"SPRF-PR";"DEL05-PR";"UOP01-DEL05-PR"
528699;2023-06-11;"domingo";"00:30:00";"MG";50;177;"UBERABA";"Ingestão de álcool pelo condutor";"Colisão com objeto";"Com Vítimas Feridas";"Plena Noite";"Decrescente";"Céu Claro";"Dupla";"Curva";"Sim";3;0;1;0;2;0;1;1;-19,77914852;-47,95047701;"SPRF-MG";"DEL13-MG";"UOP01-DEL13-MG"
528700;2023-06-11;"domingo";"01:20:00";"MS";359;114,6;"ALCINOPOLIS";"Reação tardia ou ineficiente do condutor";"Saída de leito carroçável";"Com Vítimas Fatais";"Plena Noite";"Decrescente";"Céu Claro";"Simples";"Curva";"Não";4;1;2;1;0;0;3;1;-18,34248912;-53,79873999;"SPRF-MS";"DEL06-MS";"UOP01-DEL06-MS"
528702;2023-06-11;"domingo";"03:45:00";"BA";418;84,5;"NOVA VICOSA";"Transitar na contramão";"Colisão frontal";"Com Vítimas Feridas";"Plena Noite";"Crescente";"Nevoeiro/Neblina";"Simples";"Reta";"Não";3;0;0;3;0;0;3;2;-17,88630015;-39,79147792;"SPRF-BA";"DEL09-BA";"UOP02-DEL09-BA"
528703;2023-06-11;"domingo";"03:40:00";"GO";153;305;"RIALMA";"Transitar na contramão";"Colisão frontal";"Com Vítimas Fatais";"Plena Noite";"Crescente";"Céu Claro";"Simples";"Reta;Aclive";"Não";3;2;0;1;0;0;1;2;-15,363389;-49,56193;"SPRF-GO";"DEL02-GO";"UOP02-DEL02-GO"
528704;2023-06-11;"domingo";"03:30:00";"MG";40;432,8;"PARAOPEBA";"Velocidade Incompatível";"Saída de leito carroçável";"Com Vítimas Fatais";"Plena Noite";"Crescente";"Céu Claro";"Dupla";"Reta";"Não";1;1;0;0;0;0;0;1;-19,20302941;-44,47243131;"SPRF-MG";"DEL02-MG";"UOP01-DEL02-MG"
528705;2023-06-11;"domingo";"03:30:00";"AP";210;3;"MACAPA";"Ingestão de álcool pelo condutor";"Colisão com objeto";"Sem Vítimas";"Plena Noite";"Decrescente";"Garoa/Chuvisco";"Simples";"Reta";"Sim";1;0;0;0;1;0;0;1;0,08723365;-51,08569007;"SPRF-AP";"DEL01-AP";"UOP01-DEL01-AP"
528706;2023-06-11;"domingo";"02:30:00";"GO";70;18;"COCALZINHO DE GOIAS";"Transitar na contramão";"Colisão frontal";"Com Vítimas Fatais";"Plena Noite";"Crescente";"Céu Claro";"Simples";"Reta;Aclive";"Não";7;2;2;3;0;0;5;2;-15,743627;-48,363112;"SPRF-DF";"DEL03-DF";"UOP02-DEL03-DF"
528707;2023-06-11;"domingo";"03:45:00";"SC";101;182;"GOVERNADOR CELSO RAMOS";"Ausência de reação do condutor";"Queda de ocupante de veículo";"Com Vítimas Feridas";"Plena Noite";"Decrescente";"Céu Claro";"Dupla";"Reta";"Não";1;0;1;0;0;0;1;1;-27,39798985;-48,6303592;"SPRF-SC";"DEL01-SC";"UOP01-DEL01-SC"
528708;2023-06-11;"domingo";"04:33:00";"RS";116;265,4;"CANOAS";"Ingestão de álcool pelo condutor";"Colisão com objeto";"Sem Vítimas";"Plena Noite";"Decrescente";"Chuva";"Dupla";"Reta";"Sim";1;0;0;0;1;0;0;1;-29,9276356;-51,1775832;"SPRF-RS";"DEL01-RS";"UOP01-DEL01-RS"
528709;2023-06-11;"domingo";"04:25:00";"RN";101;101,5;"PARNAMIRIM";"Ingestão de álcool pelo condutor";"Colisão traseira";"Sem Vítimas";"Plena Noite";"Decrescente";"Céu Claro";"Múltipla";"Reta";"Sim";3;0;0;0;3;0;0;2;-5,887341;-35,23415;"SPRF-RN";"DEL01-RN";"UOP01-DEL01-RN"
528711;2023-06-11;"domingo";"04:30:00";"MG";40;740,9;"SANTOS DUMONT";"Velocidade Incompatível";"Colisão com objeto";"Com Vítimas Feridas";"Plena Noite";"Decrescente";"Nublado";"Simples";"Ponte;Curva";"Não";2;0;1;0;0;1;1;1;-21,39953901;-43,56507286;"SPRF-MG";"DEL05-MG";"UOP01-DEL05-MG"
528712;2023-06-11;"domingo";"03:20:00";"PB";405;1,2;"UIRAUNA";"Frear bruscamente";"Colisão traseira";"Com Vítimas Feridas";"Plena Noite";"Decrescente";"Céu Claro";"Simples";"Declive";"Não";5;0;1;2;1;1;3;3;-6,461908;-38,378624;"SPRF-PB";"DEL03-PB";"UOP03-DEL03-PB"
528714;2023-06-11;"domingo";"04:35:00";"SC";470;47;"BLUMENAU";"Reação tardia ou ineficiente do condutor";"Colisão com objeto";"Sem Vítimas";"Plena Noite";"Decrescente";"Céu Claro";"Dupla";"Reta;Em Obras";"Não";1;0;0;0;0;1;0;1;-26,86012213;-49,06328917;"SPRF-SC";"DEL04-SC";"UOP01-DEL04-SC"
528716;2023-06-11;"domingo";"04:45:00";"RS";386;347;"LAJEADO";"Ingestão de álcool pelo condutor";"Saída de leito carroçável";"Sem Vítimas";"Plena Noite";"Crescente";"Garoa/Chuvisco";"Dupla";"Interseção de Vias";"Não";1;0;0;0;1;0;0;1;-29,451736;-51,965893;"SPRF-RS";"DEL04-RS";"UOP01-DEL04-RS"
528717;2023-06-11;"domingo";"01:00:00";"PA";230;679;"ALTAMIRA";"Ausência de reação do condutor";"Saída de leito carroçável";"Sem Vítimas";"Plena Noite";"Decrescente";"Nublado";"Simples";"Reta;Aclive";"Não";3;0;0;0;3;0;0;1;-3,27946318;-52,42726395;"SPRF-PA";"DEL04-PA";"UOP01-DEL04-PA"
528718;2023-06-11;"domingo";"04:15:00";"RJ";101;417;"MANGARATIBA";"Velocidade Incompatível";"Saída de leito carroçável";"Com Vítimas Feridas";"Plena Noite";"Crescente";"Céu Claro";"Simples";"Reta;Aclive";"Não";1;0;1;0;0;0;1;1;-22,91293797;-43,89732384;"SPRF-RJ";"DEL03-RJ";"UOP02-DEL03-RJ"
528719;2023-06-11;"domingo";"04:00:00";"PR";369;154,4;"LONDRINA";"Reação tardia ou ineficiente do condutor";"Queda de ocupante de veículo";"Com Vítimas Feridas";"Plena Noite";"Crescente";"Nublado";"Dupla";"Reta";"Não";2;0;2;0;0;0;2;1;-23,29613239;-51,20693073;"SPRF-PR";"DEL07-PR";"UOP01-DEL07-PR"
528720;2023-06-11;"domingo";"05:10:00";"RS";116;241,2;"NOVO HAMBURGO";"Ingestão de álcool pelo condutor";"Saída de leito carroçável";"Sem Vítimas";"Amanhecer";"Crescente";"Nevoeiro/Neblina";"Simples";"Curva";"Sim";4;0;0;0;4;0;0;1;-29,71396796;-51,1476744;"SPRF-RS";"DEL01-RS";"UOP02-DEL01-RS"
528721;2023-06-11;"domingo";"05:11:00";"RN";101;104,6;"PARNAMIRIM";"Velocidade Incompatível";"Colisão com objeto";"Sem Vítimas";"Amanhecer";"Crescente";"Céu Claro";"Múltipla";"Reta";"Sim";1;0;0;0;0;1;0;1;-5,894063;-35,257697;"SPRF-RN";"DEL01-RN";"UOP01-DEL01-RN"
528722;2023-06-11;"domingo";"05:58:00";"CE";20;81,9;"TAUA";"Desrespeitar a preferência no cruzamento";"Colisão transversal";"Com Vítimas Fatais";"Amanhecer";"Crescente";"Nublado";"Simples";"Reta";"Não";3;1;0;0;2;0;0;2;-6,02013713;-40,29977787;"SPRF-CE";"DEL02-CE";"UOP02-DEL02-CE"
528723;2023-06-11;"domingo";"05:50:00";"BA";101;1,5;"RIO REAL";"Ingestão de álcool pelo condutor";"Colisão traseira";"Com Vítimas Fatais";"Amanhecer";"Decrescente";"Nublado";"Simples";"Reta;Declive";"Não";3;1;0;0;1;1;0;3;-11,54423305;-37,86395083;"SPRF-SE";"DEL02-SE";"UOP03-DEL02-SE"
528725;2023-06-11;"domingo";"04:45:00";"BA";135;146;"RIACHAO DAS NEVES";"Reação tardia ou ineficiente do condutor";"Saída de leito carroçável";"Com Vítimas Feridas";"Plena Noite";"Decrescente";"Céu Claro";"Simples";"Reta;Declive";"Não";4;0;2;0;2;0;2;1;-11,9096257;-44,87805232;"SPRF-BA";"DEL08-BA";"UOP04-DEL08-BA"
528727;2023-06-11;"domingo";"06:03:00";"SC";101;47,9;"JOINVILLE";"Avarias e/ou desgaste excessivo no pneu";"Queda de ocupante de veículo";"Com Vítimas Feridas";"Amanhecer";"Decrescente";"Nublado";"Dupla";"Curva";"Sim";1;0;1;0;0;0;1;1;-26,34234997;-48,85840089;"SPRF-SC";"DEL03-SC";"UOP01-DEL03-SC"
528728;2023-06-10;"sábado";"21:30:00";"BA";116;780;"PLANALTO";"Ausência de reação do condutor";"Saída de leito carroçável";"Com Vítimas Feridas";"Plena Noite";"Crescente";"Nublado";"Simples";"Reta";"Sim";1;0;1;0;0;0;1;1;-14,63262095;-40,45058514;"SPRF-BA";"DEL08-BA";"UOP02-DEL08-BA"
528729;2023-06-10;"sábado";"23:10:00";"MG";40;44,1;"PARACATU";"Acessar a via sem observar a presença dos outros veículos";"Colisão transversal";"Sem Vítimas";"Plena Noite";"Crescente";"Céu Claro";"Simples";"Reta";"Não";2;0;0;0;1;1;0;2;-17,23101648;-46,85390396;"SPRF-MG";"DEL14-MG";"UOP01-DEL14-MG"
528731;2023-06-11;"domingo";"05:49:00";"PB";101;103,2;"ALHANDRA";"Reação tardia ou ineficiente do condutor";"Colisão traseira";"Sem Vítimas";"Amanhecer";"Crescente";"Chuva";"Dupla";"Reta";"Não";2;0;0;0;2;0;0;2;-7,29163604;-34,93807826;"SPRF-PB";"DEL01-PB";"UOP02-DEL01-PB"
528733;2023-06-11;"domingo";"04:00:00";"PE";101;37;"IGARASSU";"Ingestão de álcool pelo condutor";"Colisão traseira";"Com Vítimas Feridas";"Amanhecer";"Crescente";"Chuva";"Dupla";"Retorno Regulamentado";"Não";2;0;2;0;0;0;2;2;-7,79726705;-34,9274932;"SPRF-PE";"DEL01-PE";"UOP02-DEL01-PE"
528734;2023-06-11;"domingo";"05:40:00";"GO";414;382;"COCALZINHO DE GOIAS";"Condutor Dormindo";"Saída de leito carroçável";"Com Vítimas Feridas";"Amanhecer";"Crescente";"Céu Claro";"Simples";"Curva;Aclive";"Não";1;0;1;0;0;0;1;1;-15,85437896;-48,76562309;"SPRF-GO";"DEL02-GO";"UOP01-DEL02-GO"
528735;2023-06-11;"domingo";"07:00:00";"RS";116;370;"SENTINELA DO SUL";"Ausência de reação do condutor";"Saída de leito carroçável";"Sem Vítimas";"Amanhecer";"Crescente";"Chuva";"Dupla";"Reta";"Não";1;0;0;0;0;1;0;1;-30,70630408;-51,5822139;"SPRF-RS";"DEL02-RS";"UOP02-DEL02-RS"
528736;2023-06-11;"domingo";"06:30:00";"MG";50;62;"UBERLANDIA";"Velocidade Incompatível";"Saída de leito carroçável";"Sem Vítimas";"Amanhecer";"Crescente";"Céu Claro";"Dupla";"Reta";"Não";1;0;0;0;0;1;0;1;-18,82501599;-48,24975071;"SPRF-MG";"DEL15-MG";"UOP02-DEL15-MG"
528737;2023-06-11;"domingo";"07:10:00";"BA";116;755;"POCOES";"Reação tardia ou ineficiente do condutor";"Queda de ocupante de veículo";"Com Vítimas Feridas";"Pleno dia";"Crescente";"Céu Claro";"Simples";"Reta";"Não";1;0;1;0;0;0;1;1;-14,51420682;-40,36712062;"SPRF-BA";"DEL08-BA";"UOP02-DEL08-BA"
528738;2023-06-11;"domingo";"06:10:00";"PR";277;6;"PARANAGUA";"Desrespeitar a preferência no cruzamento";"Colisão transversal";"Sem Vítimas";"Pleno dia";"Crescente";"Céu Claro";"Simples";"Rotatória;Interseção de Vias";"Sim";2;0;0;0;2;0;0;2;-25,5205;-48,5095;"SPRF-PR";"DEL01-PR";"UOP05-DEL01-PR"
528739;2023-06-11;"domingo";"07:15:00";"SC";282;0,5;"FLORIANOPOLIS";"Velocidade Incompatível";"Colisão traseira";"Sem Vítimas";"Pleno dia";"Decrescente";"Céu Claro";"Múltipla";"Reta";"Sim";3;0;0;0;3;0;0;2;-27,59845;-48,571995;"SPRF-SC";"DEL01-SC";"UOP01-DEL01-SC"
528740;2023-06-11;"domingo";"06:05:00";"SC";470;147;"AGRONOMICA";"Condutor Dormindo";"Saída de leito carroçável";"Com Vítimas Feridas";"Amanhecer";"Decrescente";"Chuva";"Simples";"Reta";"Não";1;0;0;1;0;0;1;1;-27,2553449;-49,70721245;"SPRF-SC";"DEL04-SC";"UOP02-DEL04-SC"
528741;2023-06-11;"domingo";"07:03:00";"SC";470;132,3;"LONTRAS";"Ingestão de álcool pelo condutor";"Saída de leito carroçável";"Com Vítimas Feridas";"Amanhecer";"Decrescente";"Nublado";"Simples";"Curva";"Sim";1;0;0;1;0;0;1;1;-27,170237;-49,574718;"SPRF-SC";"DEL04-SC";"UOP02-DEL04-SC"
528744;2023-06-11;"domingo";"07:00:00";"RS";116;251;"SAPUCAIA DO SUL";"Ausência de reação do condutor";"Colisão traseira";"Sem Vítimas";"Pleno dia";"Crescente";"Chuva";"Dupla";"Reta";"Sim";2;0;0;0;0;2;0;2;-29,80035406;-51,16550365;"SPRF-RS";"DEL01-RS";"UOP02-DEL01-RS"
528745;2023-06-11;"domingo";"07:40:00";"PB";230;52,8;"SANTA RITA";"Reação tardia ou ineficiente do condutor";"Saída de leito carroçável";"Sem Vítimas";"Pleno dia";"Decrescente";"Chuva";"Dupla";"Curva";"Não";1;0;0;0;0;1;0;1;-7,1951;-35,0691;"SPRF-PB";"DEL01-PB";"UOP03-DEL01-PB"
528746;2023-06-11;"domingo";"06:00:00";"PR";277;533,2;"IBEMA";"Ingestão de álcool pelo condutor";"Saída de leito carroçável";"Com Vítimas Feridas";"Amanhecer";"Crescente";"Céu Claro";"Simples";"Curva";"Não";5;0;5;0;0;0;5;1;-25,10009995;-52,97734902;"SPRF-PR";"DEL04-PR";"UOP04-DEL04-PR"
528748;2023-06-11;"domingo";"08:13:00";"PA";316;95;"IGARAPE-ACU";"Avarias e/ou desgaste excessivo no pneu";"Tombamento";"Com Vítimas Feridas";"Pleno dia";"Crescente";"Céu Claro";"Simples";"Reta";"Não";2;0;2;0;0;0;2;1;-1,32723691;-47,64789581;"SPRF-PA";"DEL01-PA";"UOP02-DEL01-PA"
528749;2023-06-11;"domingo";"03:33:00";"PA";163;515;"TRAIRAO";"Reação tardia ou ineficiente do condutor";"Capotamento";"Sem Vítimas";"Plena Noite";"Crescente";"Ignorado";"Simples";"Reta";"Não";3;0;0;0;0;3;0;1;-5,39482295;-55,88311177;"SPRF-PA";"DEL05-PA";"UOP02-DEL05-PA"
528750;2023-06-11;"domingo";"05:30:00";"RN";405;97,5;"ITAU";"Reação tardia ou ineficiente do condutor";"Colisão com objeto";"Com Vítimas Fatais";"Amanhecer";"Decrescente";"Céu Claro";"Simples";"Reta;Aclive";"Não";1;1;0;0;0;0;0;1;-5,77702776;-37,90084618;"SPRF-RN";"DEL04-RN";"UOP02-DEL04-RN"
528751;2023-06-11;"domingo";"09:10:00";"SP";381;61;"MAIRIPORA";"Reação tardia ou ineficiente do condutor";"Colisão com objeto";"Com Vítimas Feridas";"Pleno dia";"Crescente";"Céu Claro";"Dupla";"Declive;Em Obras";"Não";3;0;3;0;0;0;3;1;-23,29011611;-46,5800681;"SPRF-SP";"DEL03-SP";"UOP01-DEL03-SP"
528752;2023-06-10;"sábado";"23:40:00";"BA";101;588;"CAMACAN";"Demais Fenômenos da natureza";"Colisão transversal";"Com Vítimas Feridas";"Plena Noite";"Crescente";"Nevoeiro/Neblina";"Simples";"Reta";"Não";1;0;0;1;0;0;1;1;-15,57185184;-39,40626224;"SPRF-BA";"DEL05-BA";"UOP02-DEL05-BA"
528753;2023-02-12;"domingo";"03:15:00";"MG";262;15;"MARTINS SOARES";"Ingestão de álcool pelo condutor";"Tombamento";"Com Vítimas Feridas";"Plena Noite";"Crescente";"Nublado";"Simples";"Rotatória";"Não";1;0;1;0;0;0;1;1;-20,26054008;-41,87631604;"SPRF-MG";"DEL06-MG";"UOP03-DEL06-MG"
528755;2023-06-11;"domingo";"07:00:00";"RS";116;249;"SAO LEOPOLDO";"Reação tardia ou ineficiente do condutor";"Colisão com objeto";"Sem Vítimas";"Pleno dia";"Decrescente";"Chuva";"Dupla";"Reta";"Sim";1;0;0;0;0;1;0;1;-29,7831804;-51,16099063;"SPRF-RS";"DEL01-RS";"UOP02-DEL01-RS"
528756;2023-06-11;"domingo";"09:20:00";"SC";282;420;"VARGEM BONITA";"Chuva";"Saída de leito carroçável";"Com Vítimas Feridas";"Pleno dia";"Decrescente";"Chuva";"Simples";"Curva;Declive";"Não";11;0;10;0;1;0;10;1;-27,014505;-51,736427;"SPRF-SC";"DEL07-SC";"UOP05-DEL07-SC"
528758;2023-06-11;"domingo";"09:50:00";"RJ";40;78;"PETROPOLIS";"Acumulo de água sobre o pavimento";"Colisão transversal";"Com Vítimas Feridas";"Pleno dia";"Decrescente";"Céu Claro";"Simples";"Curva";"Não";3;0;1;0;2;0;1;2;-22,48485874;-43,22843406;"SPRF-RJ";"DEL06-RJ";"UOP01-DEL06-RJ"
528759;2023-06-11;"domingo";"07:40:00";"GO";40;139,5;"CRISTALINA";"Ausência de reação do condutor";"Colisão transversal";"Com Vítimas Feridas";"Pleno dia";"Decrescente";"Céu Claro";"Simples";"Aclive;Reta";"Sim";5;0;1;0;3;1;1;3;-16,952006;-47,288372;"SPRF-DF";"DEL01-DF";"UOP02-DEL01-DF"
528760;2023-06-11;"domingo";"10:15:00";"SP";381;25;"BRAGANCA PAULISTA";"Ausência de reação do condutor";"Tombamento";"Com Vítimas Feridas";"Pleno dia";"Decrescente";"Céu Claro";"Dupla";"Reta;Declive";"Não";2;0;2;0;0;0;2;1;-23,02018004;-46,52966596;"SPRF-SP";"DEL03-SP";"UOP02-DEL03-SP"
528762;2023-06-11;"domingo";"10:38:00";"SC";282;473;"VARGEAO";"Chuva";"Capotamento";"Com Vítimas Feridas";"Pleno dia";"Decrescente";"Chuva";"Simples";"Curva;Aclive";"Não";1;0;1;0;0;0;1;1;-26,871765;-52,146477;"SPRF-SC";"DEL07-SC";"UOP01-DEL07-SC"
528763;2023-06-11;"domingo";"06:45:00";"PI";343;308,8;"ALTOS";"Manobra de mudança de faixa";"Atropelamento de Pedestre";"Com Vítimas Feridas";"Amanhecer";"Crescente";"Céu Claro";"Simples";"Interseção de Vias;Reta";"Sim";2;0;0;1;1;0;1;2;-5,038669;-42,468166;"SPRF-PI";"DEL01-PI";"UOP01-DEL01-PI"
528764;2023-06-11;"domingo";"09:45:00";"SC";101;48;"JOINVILLE";"Frear bruscamente";"Colisão traseira";"Com Vítimas Feridas";"Pleno dia";"Decrescente";"Sol";"Dupla";"Reta;Declive";"Não";4;0;2;1;1;0;3;2;-26,35345909;-48,85867862;"SPRF-SC";"DEL03-SC";"UOP01-DEL03-SC"
528766;2023-06-11;"domingo";"10:14:00";"MG";381;583,3;"CARMOPOLIS DE MINAS";"Velocidade Incompatível";"Saída de leito carroçável";"Com Vítimas Feridas";"Pleno dia";"Crescente";"Céu Claro";"Dupla";"Reta";"Não";2;0;2;0;0;0;2;1;-20,52516037;-44,63089389;"SPRF-MG";"DEL04-MG";"UOP01-DEL04-MG"
528767;2023-06-11;"domingo";"08:45:00";"SP";116;95,7;"PINDAMONHANGABA";"Demais falhas mecânicas ou elétricas";"Incêndio";"Sem Vítimas";"Pleno dia";"Decrescente";"Sol";"Dupla";"Reta";"Não";1;0;0;0;1;0;0;1;-22,96514512;-45,43013094;"SPRF-SP";"DEL08-SP";"UOP01-DEL08-SP"
528768;2023-06-11;"domingo";"11:10:00";"RS";116;246;"SAO LEOPOLDO";"Acumulo de óleo sobre o pavimento";"Saída de leito carroçável";"Sem Vítimas";"Pleno dia";"Crescente";"Garoa/Chuvisco";"Múltipla";"Curva";"Sim";3;0;0;0;3;0;0;1;-29,758751;-51,15186806;"SPRF-RS";"DEL01-RS";"UOP02-DEL01-RS"