"id";"data_inversa";"dia_semana";"horario";"uf";"br";"km";"municipio";"causa_acidente";"tipo_acidente";"classificacao_acidente";"fase_dia";"sentido_via";"condicao_metereologica";"tipo_pista";"tracado_via";"uso_solo";"pessoas";"mortos";"feridos_leves";"feridos_graves";"ilesos";"ignorados";"feridos";"veiculos";"latitude";"longitude";"regional";"delegacia";"uop"
528769;2023-06-11;"domingo";"10:00:00";"TO";10;461;"PALMAS";"Ausência de reação do condutor";"Saída de leito carroçável";"Com Vítimas Feridas";"Pleno dia";"Crescente";"Sol";"Múltipla";"Reta";"Sim";1;0;0;1;0;0;1;1;-10,25718431;-48,31055403;"SPRF-TO";"DEL01-TO";"UOP03-DEL01-TO"
528770;2023-06-11;"domingo";"09:00:00";"MG";116;270,6;"TEOFILO OTONI";"Demais falhas mecânicas ou elétricas";"Saída de leito carroçável";"Com Vítimas Feridas";"Pleno dia";"Crescente";"Sol";"Simples";"Reta;Interseção de Vias";"Não";50;0;12;1;37;0;13;1;-17,805877;-41,496453;"SPRF-MG";"DEL11-MG";"UOP01-DEL11-MG"
528771;2023-06-11;"domingo";"12:00:00";"SP";381;58;"MAIRIPORA";"Reação tardia ou ineficiente do condutor";"Colisão traseira";"Com Vítimas Feridas";"Pleno dia";"Crescente";"Céu Claro";"Dupla";"Reta";"Não";3;0;1;0;2;0;1;2;-23,27438497;-46,58530615;"SPRF-SP";"DEL03-SP";"UOP01-DEL03-SP"
528772;2023-06-11;"domingo";"10:57:00";"RO";319;64;"PORTO VELHO";"Desrespeitar a preferência no cruzamento";"Colisão transversal";"Com Vítimas Feridas";"Pleno dia";"Crescente";"Céu Claro";"Dupla";"Interseção de Vias";"Sim";2;0;0;1;1;0;1;2;-8,766685;-63,884052;"SPRF-RO";"DEL01-RO";"UOP01-DEL01-RO"
528774;2023-06-11;"domingo";"12:05:00";"RN";406;170;"SAO GONCALO DO AMARANTE";"Manobra de mudança de faixa";"Colisão transversal";"Com Vítimas Feridas";"Pleno dia";"Crescente";"Chuva";"Dupla";"Reta;Retorno Regulamentado";"Sim";2;0;0;1;1;0;1;2;-5,75779234;-35,30183494;"SPRF-RN";"DEL02-RN";"UOP01-DEL02-RN"
528775;2023-06-11;"domingo";"11:50:00";"MG";50;174;"UBERABA";"Condutor deixou de manter distância do veículo da frente";"Colisão traseira";"Com Vítimas Feridas";"Pleno dia";"Crescente";"Céu Claro";"Dupla";"Em Obras;Reta";"Não";2;0;1;0;1;0;1;2;-19,770817;-47,973434;"SPRF-MG";"DEL13-MG";"UOP01-DEL13-MG"
528778;2023-06-11;"domingo";"11:30:00";"PR";163;197,3;"CASCAVEL";"Velocidade Incompatível";"Colisão com objeto";"Com Vítimas Feridas";"Pleno dia";"Decrescente";"Garoa/Chuvisco";"Dupla";"Curva;Viaduto";"Não";1;0;1;0;0;0;1;1;-25,02619515;-53,54976654;"SPRF-PR";"DEL05-PR";"UOP05-DEL05-PR"
528779;2023-06-11;"domingo";"09:35:00";"SC";163;107,3;"GUARUJA DO SUL";"Acumulo de água sobre o pavimento";"Saída de leito carroçável";"Com Vítimas Feridas";"Pleno dia";"Crescente";"Chuva";"Simples";"Reta";"Não";4;0;4;0;0;0;4;1;-26,42911689;-53,52001976;"SPRF-SC";"DEL07-SC";"UOP03-DEL07-SC"
528780;2023-06-11;"domingo";"08:00:00";"SC";101;385;"CRICIUMA";"Avarias e/ou desgaste excessivo no pneu";"Saída de leito carroçável";"Sem Vítimas";"Pleno dia";"Decrescente";"Chuva";"Simples";"Retorno Regulamentado;Declive;Curva";"Não";1;0;0;0;1;0;0;1;-28,77262259;-49,3112922;"SPRF-SC";"DEL02-SC";"UOP02-DEL02-SC"
528781;2023-06-11;"domingo";"12:45:00";"SC";101;153;"ITAPEMA";"Ausência de reação do condutor";"Colisão traseira";"Com Vítimas Feridas";"Pleno dia";"Decrescente";"Nublado";"Múltipla";"Reta";"Sim";5;0;2;0;3;0;2;5;-27,144717;-48,61063935;"SPRF-SC";"DEL04-SC";"UOP03-DEL04-SC"
528782;2023-06-11;"domingo";"11:00:00";"RS";448;3;"ESTEIO";"Transitar na contramão";"Saída de leito carroçável";"Sem Vítimas";"Pleno dia";"Decrescente";"Chuva";"Múltipla";"Curva";"Sim";1;0;0;0;0;1;0;1;-29,84530488;-51,19699988;"SPRF-RS";"DEL01-RS";"UOP02-DEL01-RS"
528783;2023-06-11;"domingo";"12:30:00";"SP";116;61;"GUARATINGUETA";"Ausência de reação do condutor";"Colisão traseira";"Com Vítimas Feridas";"Pleno dia";"Crescente";"Sol";"Dupla";"Reta";"Não";5;0;1;0;4;0;1;4;-22,79763613;-45,1674588;"SPRF-SP";"DEL08-SP";"UOP01-DEL08-SP"
528784;2023-06-11;"domingo";"12:16:00";"PE";407;115;"PETROLINA";"Condutor Dormindo";"Saída de leito carroçável";"Com Vítimas Feridas";"Pleno dia";"Crescente";"Nublado";"Simples";"Reta;Em Obras";"Não";1;0;1;0;0;0;1;1;-9,2990308;-40,58250065;"SPRF-PE";"DEL06-PE";"UOP01-DEL06-PE"
528785;2023-06-11;"domingo";"13:00:00";"RJ";116;185;"NOVA IGUACU";"Reação tardia ou ineficiente do condutor";"Engavetamento";"Com Vítimas Feridas";"Pleno dia";"Decrescente";"Céu Claro";"Dupla";"Reta";"Não";9;0;4;0;5;0;4;5;-22,74151051;-43,45351823;"SPRF-RJ";"DEL01-RJ";"UOP02-DEL01-RJ"
528786;2023-06-11;"domingo";"13:00:00";"PR";369;436,5;"UBIRATA";"Avarias e/ou desgaste excessivo no pneu";"Queda de ocupante de veículo";"Com Vítimas Feridas";"Pleno dia";"Crescente";"Chuva";"Simples";"Reta";"Não";1;0;0;1;0;0;1;1;-24,4899;-52,8957;"SPRF-PR";"DEL04-PR";"UOP03-DEL04-PR"
528787;2023-06-11;"domingo";"12:50:00";"ES";101;93;"JAGUARE";"Acessar a via sem observar a presença dos outros veículos";"Colisão transversal";"Sem Vítimas";"Pleno dia";"Crescente";"Céu Claro";"Simples";"Reta";"Sim";3;0;0;0;3;0;0;2;-18,92266916;-39,96785068;"SPRF-ES";"DEL04-ES";"UOP02-DEL04-ES"
528789;2023-06-11;"domingo";"11:30:00";"RS";386;307,5;"POUSO NOVO";"Velocidade Incompatível";"Saída de leito carroçável";"Com Vítimas Feridas";"Pleno dia";"Decrescente";"Garoa/Chuvisco";"Simples";"Curva";"Não";2;0;1;0;1;0;1;1;-29,206642;-52,18221;"SPRF-RS";"DEL04-RS";"UOP01-DEL04-RS"
528790;2023-06-11;"domingo";"13:30:00";"BA";324;615;"SALVADOR";"Pista Escorregadia";"Queda de ocupante de veículo";"Com Vítimas Feridas";"Pleno dia";"Crescente";"Vento";"Dupla";"Interseção de Vias";"Sim";2;0;2;0;0;0;2;1;-12,87206398;-38,42746403;"SPRF-BA";"DEL01-BA";"UOP01-DEL01-BA"
528791;2023-06-11;"domingo";"12:20:00";"PR";116;81;"PIRAQUARA";"Reação tardia ou ineficiente do condutor";"Saída de leito carroçável";"Sem Vítimas";"Pleno dia";"Decrescente";"Céu Claro";"Dupla";"Reta";"Não";1;0;0;0;1;0;0;1;-25,40969292;-49,0632661;"SPRF-PR";"DEL01-PR";"UOP07-DEL01-PR"
528793;2023-06-11;"domingo";"11:40:00";"MS";267;23,9;"BATAGUASSU";"Manobra de mudança de faixa";"Tombamento";"Com Vítimas Feridas";"Pleno dia";"Crescente";"Céu Claro";"Simples";"Reta";"Não";1;0;1;0;0;0;1;1;-21,7270984396;-52,3648020552;"SPRF-MS";"DEL02-MS";"UOP04-DEL02-MS"
528794;2023-06-11;"domingo";"13:15:00";"RJ";101;75;"CAMPOS DOS GOYTACAZES";"Ausência de reação do condutor";"Saída de leito carroçável";"Com Vítimas Feridas";"Pleno dia";"Decrescente";"Céu Claro";"Simples";"Curva;Rotatória";"Não";4;0;2;0;2;0;2;1;-21,816525;-41,397686;"SPRF-RJ";"DEL08-RJ";"UOP02-DEL08-RJ"
528795;2023-06-11;"domingo";"13:40:00";"MG";267;270,6;"AIURUOCA";"Acessar a via sem observar a presença dos outros veículos";"Colisão transversal";"Com Vítimas Feridas";"Pleno dia";"Decrescente";"Sol";"Simples";"Declive;Interseção de Vias";"Não";4;0;2;1;1;0;3;2;-21,933354;-44,641647;"SPRF-MG";"DEL17-MG";"UOP01-DEL17-MG"
528796;2023-06-11;"domingo";"13:38:00";"MG";40;636,3;"CONSELHEIRO LAFAIETE";"Velocidade Incompatível";"Colisão traseira";"Com Vítimas Feridas";"Pleno dia";"Crescente";"Sol";"Simples";"Reta";"Não";2;0;1;0;1;0;1;2;-20,713665;-43,795599;"SPRF-MG";"DEL05-MG";"UOP02-DEL05-MG"
528797;2023-06-11;"domingo";"12:20:00";"SP";116;67;"GUARATINGUETA";"Condutor deixou de manter distância do veículo da frente";"Engavetamento";"Com Vítimas Feridas";"Pleno dia";"Crescente";"Céu Claro";"Dupla";"Reta";"Sim";6;0;1;0;5;0;1;5;-22,82867578;-45,2088941;"SPRF-SP";"DEL08-SP";"UOP01-DEL08-SP"
528798;2023-06-11;"domingo";"12:45:00";"SC";116;144,5;"SANTA CECILIA";"Ausência de reação do condutor";"Saída de leito carroçável";"Com Vítimas Feridas";"Pleno dia";"Decrescente";"Chuva";"Simples";"Curva";"Não";2;0;1;0;1;0;1;1;-26,99398389;-50,39844506;"SPRF-SC";"DEL06-SC";"UOP02-DEL06-SC"
528799;2023-06-11;"domingo";"14:10:00";"PR";277;3,5;"FOZ DO IGUACU";"Chuva";"Queda de ocupante de veículo";"Com Vítimas Feridas";"Pleno dia";"Crescente";"Chuva";"Dupla";"Reta";"Sim";2;0;1;1;0;0;2;1;-25,5469;-54,5882;"SPRF-PR";"DEL05-PR";"UOP03-DEL05-PR"
528800;2023-06-11;"domingo";"13:20:00";"PR";153;493;"GENERAL CARNEIRO";"Acumulo de óleo sobre o pavimento";"Tombamento";"Com Vítimas Feridas";"Pleno dia";"Decrescente";"Chuva";"Simples";"Curva";"Não";2;0;2;0;0;0;2;1;-26,438222;-51,31902695;"SPRF-PR";"DEL02-PR";"UOP03-DEL02-PR"
528803;2023-06-11;"domingo";"13:30:00";"SP";116;54;"LORENA";"Manobra de mudança de faixa";"Colisão lateral mesmo sentido";"Com Vítimas Feridas";"Pleno dia";"Crescente";"Céu Claro";"Dupla";"Reta";"Não";1;0;1;0;0;0;1;1;-22,75803895;-45,11508003;"SPRF-SP";"DEL08-SP";"UOP02-DEL08-SP"
528804;2023-03-20;"segunda-feira";"06:30:00";"PR";116;116;"CURITIBA";"Reação tardia ou ineficiente do condutor";"Colisão traseira";"Com Vítimas Feridas";"Amanhecer";"Decrescente";"Sol";"Dupla";"Reta";"Sim";3;0;1;0;2;0;1;3;-25,54757871;-49,30391014;"SPRF-PR";"DEL01-PR";"UOP03-DEL01-PR"
528805;2023-06-11;"domingo";"12:30:00";"BA";101;723;"EUNAPOLIS";"Reação tardia ou ineficiente do condutor";"Colisão traseira";"Sem Vítimas";"Pleno dia";"Decrescente";"Céu Claro";"Simples";"Reta";"Não";4;0;0;0;4;0;0;2;-16,40792857;-39,58786011;"SPRF-BA";"DEL09-BA";"UOP01-DEL09-BA"
528806;2023-06-11;"domingo";"11:15:00";"PA";316;54;"CASTANHAL";"Acessar a via sem observar a presença dos outros veículos";"Colisão transversal";"Com Vítimas Feridas";"Pleno dia";"Decrescente";"Céu Claro";"Dupla";"Reta";"Não";2;0;0;1;1;0;1;2;-1,30608532;-48,00803597;"SPRF-PA";"DEL01-PA";"UOP01-DEL01-PA"
528808;2023-06-11;"domingo";"13:15:00";"MG";40;758;"EWBANK DA CAMARA";"Ausência de reação do condutor";"Tombamento";"Com Vítimas Feridas";"Pleno dia";"Crescente";"Céu Claro";"Simples";"Curva";"Sim";2;0;1;0;1;0;1;2;-21,51149748;-43,5259874;"SPRF-MG";"DEL05-MG";"UOP01-DEL05-MG"
528812;2023-06-11;"domingo";"14:45:00";"PR";277;124;"CAMPO LARGO";"Acessar a via sem observar a presença dos outros veículos";"Colisão transversal";"Com Vítimas Feridas";"Pleno dia";"Crescente";"Céu Claro";"Dupla";"Reta";"Não";3;0;2;0;0;1;2;2;-25,4472505;-49,47885404;"SPRF-PR";"DEL03-PR";"UOP03-DEL03-PR"
528813;2023-06-11;"domingo";"15:00:00";"ES";101;145,5;"LINHARES";"Manobra de mudança de faixa";"Colisão lateral mesmo sentido";"Com Vítimas Feridas";"Pleno dia";"Decrescente";"Céu Claro";"Dupla";"Reta";"Sim";3;0;1;0;2;0;1;2;-19,36089598;-40,06464018;"SPRF-ES";"DEL04-ES";"UOP01-DEL04-ES"
528814;2023-06-11;"domingo";"14:40:00";"MG";40;510,4;"RIBEIRAO DAS NEVES";"Ausência de reação do condutor";"Colisão traseira";"Com Vítimas Feridas";"Pleno dia";"Crescente";"Sol";"Dupla";"Reta";"Sim";4;0;2;0;2;0;2;2;-19,77463885;-44,12321882;"SPRF-MG";"DEL01-MG";"UOP02-DEL01-MG"
528816;2023-06-11;"domingo";"15:16:00";"SP";116;301;"SAO LOURENCO DA SERRA";"Reação tardia ou ineficiente do condutor";"Queda de ocupante de veículo";"Com Vítimas Feridas";"Pleno dia";"Crescente";"Céu Claro";"Dupla";"Reta";"Não";2;0;1;1;0;0;2;1;-23,81147602;-46,92298208;"SPRF-SP";"DEL04-SP";"UOP01-DEL04-SP"
528817;2023-06-11;"domingo";"15:24:00";"GO";40;86;"CRISTALINA";"Avarias e/ou desgaste excessivo no pneu";"Capotamento";"Com Vítimas Feridas";"Pleno dia";"Decrescente";"Céu Claro";"Dupla";"Reta";"Sim";3;0;3;0;0;0;3;1;-16,710103;-47,678246;"SPRF-DF";"DEL01-DF";"UOP02-DEL01-DF"
528818;2023-06-11;"domingo";"15:50:00";"SC";470;158;"TROMBUDO CENTRAL";"Reação tardia ou ineficiente do condutor";"Saída de leito carroçável";"Com Vítimas Feridas";"Pleno dia";"Crescente";"Chuva";"Simples";"Curva";"Não";2;0;1;0;1;0;1;1;-27,287016;-49,778389;"SPRF-SC";"DEL04-SC";"UOP02-DEL04-SC"
528819;2023-06-11;"domingo";"12:52:00";"MG";381;575;"ITAGUARA";"Acesso irregular";"Colisão lateral mesmo sentido";"Com Vítimas Feridas";"Pleno dia";"Crescente";"Céu Claro";"Dupla";"Reta;Aclive";"Sim";2;0;1;0;1;0;1;2;-20,47362595;-44,58422842;"SPRF-MG";"DEL04-MG";"UOP01-DEL04-MG"
528820;2023-06-11;"domingo";"15:30:00";"BA";367;81,8;"EUNAPOLIS";"Reação tardia ou ineficiente do condutor";"Colisão traseira";"Com Vítimas Feridas";"Pleno dia";"Decrescente";"Céu Claro";"Simples";"Reta";"Sim";2;0;1;0;1;0;1;2;-16,3717565;-39,55261277;"SPRF-BA";"DEL09-BA";"UOP03-DEL09-BA"
528821;2023-06-11;"domingo";"15:45:00";"MG";381;491,3;"BETIM";"Ingestão de álcool pelo condutor";"Colisão traseira";"Com Vítimas Feridas";"Pleno dia";"Decrescente";"Céu Claro";"Dupla";"Reta";"Sim";4;0;1;0;3;0;1;3;-19,96502819;-44,17422195;"SPRF-MG";"DEL01-MG";"UOP03-DEL01-MG"
528822;2023-06-11;"domingo";"15:00:00";"PA";0;0;"GARRAFAO DO NORTE";"Objeto estático sobre o leito carroçável";"Colisão com objeto";"Com Vítimas Feridas";"Pleno dia";"Não Informado";"Céu Claro";"Simples";"Curva";"Não";10;0;2;0;7;1;2;5;-2,035506;-46,988998;"SPRF-PA";"N/A";"N/A"
528823;2023-06-11;"domingo";"15:20:00";"RS";116;51,2;"VACARIA";"Reação tardia ou ineficiente do condutor";"Saída de leito carroçável";"Com Vítimas Feridas";"Pleno dia";"Decrescente";"Garoa/Chuvisco";"Simples";"Curva;Aclive";"Não";2;0;1;0;1;0;1;1;-28,57740576;-51,01783504;"SPRF-RS";"DEL05-RS";"UOP03-DEL05-RS"
528824;2023-06-11;"domingo";"14:45:00";"PR";277;552,1;"CATANDUVAS";"Reação tardia ou ineficiente do condutor";"Saída de leito carroçável";"Com Vítimas Feridas";"Pleno dia";"Crescente";"Chuva";"Simples";"Reta";"Não";3;0;3;0;0;0;3;1;-25,0856681;-53,14103403;"SPRF-PR";"DEL04-PR";"UOP04-DEL04-PR"
528825;2023-06-11;"domingo";"16:20:00";"GO";40;95;"CRISTALINA";"Acessar a via sem observar a presença dos outros veículos";"Colisão transversal";"Com Vítimas Feridas";"Pleno dia";"Decrescente";"Céu Claro";"Simples";"Reta";"Sim";3;0;0;2;1;0;2;2;-16,750555;-47,607549;"SPRF-DF";"DEL01-DF";"UOP02-DEL01-DF"
528827;2023-06-11;"domingo";"13:45:00";"MT";163;559;"DIAMANTINO";"Reação tardia ou ineficiente do condutor";"Saída de leito carroçável";"Com Vítimas Feridas";"Pleno dia";"Crescente";"Céu Claro";"Simples";"Curva";"Não";1;0;1;0;0;0;1;1;-14,24293501;-56,12516399;"SPRF-MT";"DEL01-MT";"UOP01-DEL01-MT"
528828;2023-06-11;"domingo";"16:15:00";"PR";116;121,8;"CURITIBA";"Manobra de mudança de faixa";"Colisão lateral mesmo sentido";"Com Vítimas Feridas";"Pleno dia";"Crescente";"Nublado";"Dupla";"Reta;Aclive";"Não";3;0;2;0;1;0;2;2;-25,5599323;-49,30743945;"SPRF-PR";"DEL01-PR";"UOP03-DEL01-PR"
528829;2023-06-11;"domingo";"16:00:00";"MS";262;284;"RIBAS DO RIO PARDO";"Ausência de reação do condutor";"Saída de leito carroçável";"Com Vítimas Feridas";"Pleno dia";"Decrescente";"Céu Claro";"Simples";"Reta;Declive";"Não";2;0;1;0;1;0;1;1;-20,481435;-54,142463;"SPRF-MS";"DEL01-MS";"UOP01-DEL01-MS"
528830;2023-06-11;"domingo";"16:30:00";"GO";60;73;"ABADIANIA";"Acessar a via sem observar a presença dos outros veículos";"Colisão traseira";"Com Vítimas Fatais";"Pleno dia";"Decrescente";"Céu Claro";"Dupla";"Reta;Aclive";"Não";3;1;0;0;2;0;0;2;-16,2706;-48,7699;"SPRF-GO";"DEL02-GO";"UOP01-DEL02-GO"
528831;2023-06-11;"domingo";"15:10:00";"SP";116;92;"PINDAMONHANGABA";"Reação tardia ou ineficiente do condutor";"Colisão lateral mesmo sentido";"Com Vítimas Feridas";"Pleno dia";"Crescente";"Nublado";"Dupla";"Reta;Retorno Regulamentado";"Não";2;0;1;0;0;1;1;2;-22,95222732;-45,40443885;"SPRF-SP";"DEL08-SP";"UOP01-DEL08-SP"
528834;2023-06-11;"domingo";"17:15:00";"PR";277;585;"CASCAVEL";"Ingestão de álcool pelo condutor";"Colisão frontal";"Com Vítimas Feridas";"Pleno dia";"Crescente";"Chuva";"Simples";"Aclive";"Não";5;0;4;0;1;0;4;2;-24,96408789;-53,41199756;"SPRF-PR";"DEL04-PR";"UOP01-DEL04-PR"
528835;2023-06-11;"domingo";"16:20:00";"PR";116;105;"SAO JOSE DOS PINHAIS";"Trafegar com motocicleta (ou similar) entre as faixas";"Colisão lateral mesmo sentido";"Com Vítimas Feridas";"Pleno dia";"Crescente";"Céu Claro";"Dupla";"Reta";"Não";5;0;0;1;4;0;1;2;-25,56635207;-49,16833598;"SPRF-PR";"DEL01-PR";"UOP07-DEL01-PR"
528836;2023-06-11;"domingo";"15:50:00";"SC";101;153;"PORTO BELO";"Demais falhas mecânicas ou elétricas";"Queda de ocupante de veículo";"Com Vítimas Feridas";"Pleno dia";"Crescente";"Nublado";"Dupla";"Reta";"Não";2;0;1;0;1;0;1;1;-27,144717;-48,61063935;"SPRF-SC";"DEL04-SC";"UOP03-DEL04-SC"
528838;2023-06-11;"domingo";"17:15:00";"GO";40;95,3;"CRISTALINA";"Acessar a via sem observar a presença dos outros veículos";"Colisão transversal";"Sem Vítimas";"Pleno dia";"Decrescente";"Céu Claro";"Simples";"Declive;Reta";"Sim";2;0;0;0;2;0;0;2;-16,750555;-47,607549;"SPRF-DF";"DEL01-DF";"UOP02-DEL01-DF"
528840;2023-06-11;"domingo";"17:00:00";"PE";232;133;"CARUARU";"Condutor deixou de manter distância do veículo da frente";"Colisão traseira";"Com Vítimas Feridas";"Anoitecer";"Crescente";"Nublado";"Dupla";"Reta";"Sim";3;0;1;0;2;0;1;2;-8,30607988;-36,01576003;"SPRF-PE";"DEL02-PE";"UOP01-DEL02-PE"
528842;2023-06-11;"domingo";"16:20:00";"RJ";101;430;"MANGARATIBA";"Conversão proibida";"Colisão transversal";"Com Vítimas Feridas";"Pleno dia";"Crescente";"Céu Claro";"Simples";"Curva;Aclive";"Não";3;0;3;0;0;0;3;2;-22,93710123;-44,01083798;"SPRF-RJ";"DEL03-RJ";"UOP02-DEL03-RJ"
528843;2023-06-11;"domingo";"17:35:00";"TO";153;146;"ARAGUAINA";"Participar de racha";"Colisão transversal";"Com Vítimas Feridas";"Pleno dia";"Decrescente";"Céu Claro";"Múltipla";"Reta";"Sim";2;0;1;1;0;0;2;2;-7,21337786;-48,24431331;"SPRF-TO";"DEL02-TO";"UOP01-DEL02-TO"
528844;2023-06-11;"domingo";"17:25:00";"PR";376;647;"TIJUCAS DO SUL";"Manobra de mudança de faixa";"Colisão lateral mesmo sentido";"Com Vítimas Feridas";"Anoitecer";"Decrescente";"Chuva";"Dupla";"Reta";"Não";5;0;1;0;4;0;1;2;-25,83292397;-49,11120797;"SPRF-PR";"DEL01-PR";"UOP04-DEL01-PR"
528845;2023-06-11;"domingo";"17:00:00";"SC";101;338,8;"TUBARAO";"Acumulo de água sobre o pavimento";"Saída de leito carroçável";"Com Vítimas Feridas";"Anoitecer";"Decrescente";"Chuva";"Múltipla";"Declive;Curva";"Não";3;0;1;0;2;0;1;1;-28,485725;-49,03726;"SPRF-SC";"DEL02-SC";"UOP01-DEL02-SC"
528846;2023-06-11;"domingo";"12:30:00";"PR";153;519;"GENERAL CARNEIRO";"Chuva";"Capotamento";"Com Vítimas Feridas";"Pleno dia";"Crescente";"Chuva";"Simples";"Curva";"Não";2;0;1;0;1;0;1;1;-26,57931635;-51,44760132;"SPRF-PR";"DEL02-PR";"UOP03-DEL02-PR"
528847;2023-06-11;"domingo";"17:50:00";"MG";381;420;"CAETE";"Velocidade Incompatível";"Tombamento";"Com Vítimas Feridas";"Anoitecer";"Crescente";"Céu Claro";"Dupla";"Curva";"Não";1;0;0;1;0;0;1;1;-19,75701046;-43,63323212;"SPRF-MG";"DEL01-MG";"UOP01-DEL01-MG"
528848;2023-06-11;"domingo";"18:00:00";"SP";116;230;"SAO PAULO";"Acessar a via sem observar a presença dos outros veículos";"Colisão lateral mesmo sentido";"Com Vítimas Feridas";"Anoitecer";"Crescente";"Céu Claro";"Múltipla";"Reta";"Sim";3;0;2;0;1;0;2;2;-23,52251783;-46,5855702;"SPRF-SP";"DEL01-SP";"UOP01-DEL01-SP"
528850;2023-06-11;"domingo";"14:40:00";"RJ";40;0;"COMENDADOR LEVY GASPARIAN";"Velocidade Incompatível";"Saída de leito carroçável";"Com Vítimas Feridas";"Pleno dia";"Crescente";"Céu Claro";"Dupla";"Ponte;Curva";"Não";1;0;0;1;0;0;1;1;-22,011084;-43,26723;"SPRF-RJ";"DEL05-RJ";"UOP02-DEL05-RJ"
528851;2023-06-11;"domingo";"18:05:00";"ES";101;337,2;"GUARAPARI";"Demais falhas mecânicas ou elétricas";"Tombamento";"Com Vítimas Feridas";"Anoitecer";"Decrescente";"Céu Claro";"Dupla";"Reta";"Não";2;0;1;0;1;0;1;1;-20,63575379;-40,54199324;"SPRF-ES";"DEL03-ES";"UOP01-DEL03-ES"
528852;2023-06-11;"domingo";"17:30:00";"PR";116;116;"CURITIBA";"Ingestão de álcool pelo condutor";"Colisão traseira";"Sem Vítimas";"Pleno dia";"Decrescente";"Sol";"Dupla";"Reta";"Sim";2;0;0;0;2;0;0;2;-25,55468195;-49,27402397;"SPRF-PR";"DEL01-PR";"UOP03-DEL01-PR"
528853;2023-06-11;"domingo";"17:30:00";"SC";101;291;"IMBITUBA";"Reação tardia ou ineficiente do condutor";"Colisão traseira";"Sem Vítimas";"Anoitecer";"Decrescente";"Garoa/Chuvisco";"Simples";"Interseção de Vias;Reta";"Sim";2;0;0;0;1;1;0;2;-28,28980434;-48,70744586;"SPRF-SC";"DEL02-SC";"UOP03-DEL02-SC"
528854;2023-06-11;"domingo";"17:30:00";"SP";116;68;"APARECIDA";"Demais falhas mecânicas ou elétricas";"Tombamento";"Com Vítimas Feridas";"Anoitecer";"Decrescente";"Céu Claro";"Dupla";"Reta";"Não";1;0;1;0;0;0;1;1;-22,83354783;-45,21713313;"SPRF-SP";"DEL08-SP";"UOP01-DEL08-SP"
528855;2023-06-11;"domingo";"18:00:00";"SP";101;50;"UBATUBA";"Ultrapassagem Indevida";"Colisão lateral mesmo sentido";"Sem Vítimas";"Plena Noite";"Crescente";"Céu Claro";"Simples";"Rotatória";"Sim";3;0;0;0;3;0;0;2;-23,45018939;-45,07743735;"SPRF-SP";"DEL06-SP";"UOP01-DEL06-SP"
528856;2023-06-11;"domingo";"15:45:00";"RS";470;18;"BARRACAO";"Reação tardia ou ineficiente do condutor";"Engavetamento";"Com Vítimas Feridas";"Pleno dia";"Crescente";"Nublado";"Simples";"Reta";"Não";7;0;1;0;6;0;1;3;-27,74583473;-51,45755768;"SPRF-RS";"DEL08-RS";"UOP05-DEL08-RS"
528858;2023-06-11;"domingo";"16:30:00";"RS";392;704,3;"PORTO XAVIER";"Demais falhas mecânicas ou elétricas";"Incêndio";"Sem Vítimas";"Pleno dia";"Crescente";"Céu Claro";"Simples";"Curva";"Não";1;0;0;0;0;1;0;1;-28,035127;-55,09559;"SPRF-RS";"DEL10-RS";"UOP01-DEL10-RS"
528859;2023-06-11;"domingo";"18:35:00";"MG";146;442,8;"CABO VERDE";"Acessar a via sem observar a presença dos outros veículos";"Colisão lateral mesmo sentido";"Com Vítimas Feridas";"Anoitecer";"Crescente";"Céu Claro";"Simples";"Reta;Declive;Interseção de Vias";"Sim";6;0;1;0;4;1;1;3;-21,472236;-46,402624;"SPRF-MG";"DEL09-MG";"UOP01-DEL09-MG"
528860;2023-06-11;"domingo";"17:45:00";"PR";369;181;"ARAPONGAS";"Manobra de mudança de faixa";"Colisão traseira";"Com Vítimas Feridas";"Anoitecer";"Crescente";"Céu Claro";"Dupla";"Reta";"Não";2;0;1;0;1;0;1;2;-23,3726714;-51,41180992;"SPRF-PR";"DEL07-PR";"UOP03-DEL07-PR"
528861;2023-06-11;"domingo";"18:00:00";"RS";116;408;"CAMAQUA";"Entrada inopinada do pedestre";"Atropelamento de Pedestre";"Com Vítimas Feridas";"Plena Noite";"Decrescente";"Céu Claro";"Dupla";"Reta;Interseção de Vias";"Sim";6;0;1;0;5;0;1;2;-30,9084921;-51,87564894;"SPRF-RS";"DEL02-RS";"UOP02-DEL02-RS"
528862;2023-06-11;"domingo";"17:00:00";"ES";101;402,3;"ITAPEMIRIM";"Condutor deixou de manter distância do veículo da frente";"Colisão traseira";"Com Vítimas Feridas";"Pleno dia";"Decrescente";"Céu Claro";"Simples";"Curva";"Não";4;0;1;0;3;0;1;2;-20,88914562;-40,99003988;"SPRF-ES";"DEL03-ES";"UOP02-DEL03-ES"
528863;2023-06-11;"domingo";"17:30:00";"MA";135;6;"SAO LUIS";"Pedestre andava na pista";"Atropelamento de Pedestre";"Com Vítimas Feridas";"Anoitecer";"Crescente";"Nublado";"Dupla";"Reta";"Sim";3;0;0;3;0;0;3;2;-2,62877986;-44,26321818;"SPRF-MA";"DEL01-MA";"UOP01-DEL01-MA"
528864;2023-06-11;"domingo";"16:25:00";"MS";163;484;"CAMPO GRANDE";"Acessar a via sem observar a presença dos outros veículos";"Colisão transversal";"Com Vítimas Feridas";"Pleno dia";"Decrescente";"Céu Claro";"Simples";"Reta";"Não";10;0;3;0;7;0;3;3;-20,45104898;-54,5403266;"SPRF-MS";"DEL01-MS";"UOP02-DEL01-MS"