"id";"data_inversa";"dia_semana";"horario";"uf";"br";"km";"municipio";"causa_acidente";"tipo_acidente";"classificacao_acidente";"fase_dia";"sentido_via";"condicao_metereologica";"tipo_pista";"tracado_via";"uso_solo";"pessoas";"mortos";"feridos_leves";"feridos_graves";"ilesos";"ignorados";"feridos";"veiculos";"latitude";"longitude";"regional";"delegacia";"uop"
528865;2023-06-11;"domingo";"18:30:00";"RJ";116;174;"SAO JOAO DE MERITI";"Ausência de reação do condutor";"Colisão traseira";"Com Vítimas Feridas";"Plena Noite";"Crescente";"Céu Claro";"Simples";"Reta";"Sim";3;0;1;0;2;0;1;2;-22,79423806;-43,36403759;"SPRF-RJ";"DEL01-RJ";"UOP02-DEL01-RJ"
528866;2023-06-11;"domingo";"17:30:00";"MT";163;626,5;"NOVA MUTUM";"Ingestão de álcool pelo condutor";"Colisão lateral mesmo sentido";"Com Vítimas Feridas";"Anoitecer";"Crescente";"Chuva";"Simples";"Reta";"Não";6;0;4;0;2;0;4;2;-13,68269898;-56,03854229;"SPRF-MT";"DEL01-MT";"UOP01-DEL01-MT"
528867;2023-06-11;"domingo";"18:30:00";"RS";287;251;"SANTA MARIA";"Ausência de reação do condutor";"Colisão com objeto";"Sem Vítimas";"Anoitecer";"Decrescente";"Céu Claro";"Dupla";"Reta";"Não";1;0;0;0;1;0;0;1;-29,68773859;-53,88038188;"SPRF-RS";"DEL09-RS";"UOP01-DEL09-RS"
528870;2023-06-11;"domingo";"19:20:00";"MG";40;508,4;"RIBEIRAO DAS NEVES";"Manobra de mudança de faixa";"Colisão lateral mesmo sentido";"Com Vítimas Feridas";"Plena Noite";"Crescente";"Céu Claro";"Dupla";"Reta";"Sim";5;0;1;0;4;0;1;2;-19,761808;-44,133566;"SPRF-MG";"DEL02-MG";"UOP01-DEL02-MG"
528871;2023-06-11;"domingo";"18:20:00";"RS";116;70,5;"CAMPESTRE DA SERRA";"Ingestão de álcool pelo condutor";"Colisão frontal";"Com Vítimas Feridas";"Plena Noite";"Crescente";"Céu Claro";"Simples";"Reta";"Não";4;0;1;0;3;0;1;2;-28,71784397;-51,08742966;"SPRF-RS";"DEL05-RS";"UOP03-DEL05-RS"
528874;2023-06-11;"domingo";"18:40:00";"RJ";40;112;"DUQUE DE CAXIAS";"Reação tardia ou ineficiente do condutor";"Colisão com objeto";"Com Vítimas Feridas";"Plena Noite";"Decrescente";"Céu Claro";"Múltipla";"Reta";"Sim";1;0;0;1;0;0;1;1;-22,7004454;-43,29014851;"SPRF-RJ";"DEL01-RJ";"UOP01-DEL01-RJ"
528876;2023-06-11;"domingo";"18:20:00";"ES";101;229;"FUNDAO";"Ausência de reação do condutor";"Colisão transversal";"Com Vítimas Feridas";"Plena Noite";"Crescente";"Céu Claro";"Simples";"Reta";"Não";2;0;1;0;1;0;1;2;-19,92727879;-40,40587142;"SPRF-ES";"DEL02-ES";"UOP01-DEL02-ES"
528877;2023-06-11;"domingo";"15:50:00";"PR";369;198;"APUCARANA";"Velocidade Incompatível";"Queda de ocupante de veículo";"Com Vítimas Feridas";"Pleno dia";"Decrescente";"Céu Claro";"Dupla";"Curva";"Sim";1;0;1;0;0;0;1;1;-23,51861227;-51,42886877;"SPRF-PR";"DEL07-PR";"UOP03-DEL07-PR"
528878;2023-06-11;"domingo";"17:45:00";"PR";373;174,4;"PONTA GROSSA";"Acessar a via sem observar a presença dos outros veículos";"Colisão transversal";"Sem Vítimas";"Plena Noite";"Crescente";"Nublado";"Dupla";"Reta;Retorno Regulamentado";"Sim";2;0;0;0;2;0;0;2;-25,06728094;-50,21211882;"SPRF-PR";"DEL03-PR";"UOP01-DEL03-PR"
528882;2023-06-11;"domingo";"18:05:00";"PR";369;507;"CASCAVEL";"Ingestão de álcool e/ou substâncias psicoativas pelo pedestre";"Saída de leito carroçável";"Com Vítimas Feridas";"Plena Noite";"Crescente";"Chuva";"Simples";"Reta";"Não";3;0;2;1;0;0;3;1;-24,95896487;-53,39883977;"SPRF-PR";"DEL04-PR";"UOP03-DEL04-PR"
528884;2023-06-11;"domingo";"19:50:00";"SP";116;154;"SAO JOSE DOS CAMPOS";"Trafegar com motocicleta (ou similar) entre as faixas";"Colisão lateral mesmo sentido";"Com Vítimas Feridas";"Plena Noite";"Crescente";"Céu Claro";"Múltipla";"Reta";"Sim";3;0;2;0;1;0;2;2;-23,23903999;-45,92061901;"SPRF-SP";"DEL02-SP";"UOP01-DEL02-SP"
528885;2023-06-11;"domingo";"19:50:00";"PE";101;76,8;"RECIFE";"Ausência de reação do condutor";"Atropelamento de Pedestre";"Com Vítimas Fatais";"Plena Noite";"Crescente";"Chuva";"Dupla";"Reta";"Sim";2;1;0;0;0;1;0;2;-8,11813811;-34,94329214;"SPRF-PE";"DEL01-PE";"UOP01-DEL01-PE"
528886;2023-06-11;"domingo";"18:30:00";"SC";101;25;"JOINVILLE";"Acessar a via sem observar a presença dos outros veículos";"Colisão transversal";"Com Vítimas Feridas";"Anoitecer";"Decrescente";"Garoa/Chuvisco";"Simples";"Reta";"Sim";2;0;1;0;1;0;1;2;-26,17879854;-48,90853643;"SPRF-SC";"DEL03-SC";"UOP01-DEL03-SC"
528887;2023-06-11;"domingo";"19:00:00";"ES";101;141,7;"LINHARES";"Reação tardia ou ineficiente do condutor";"Colisão traseira";"Com Vítimas Feridas";"Plena Noite";"Crescente";"Céu Claro";"Dupla";"Reta";"Sim";5;0;2;0;3;0;2;2;-19,32655693;-40,07192387;"SPRF-ES";"DEL04-ES";"UOP01-DEL04-ES"
528889;2023-06-11;"domingo";"19:40:00";"MT";163;1060;"GUARANTA DO NORTE";"Ingestão de álcool pelo condutor";"Colisão lateral sentido oposto";"Com Vítimas Feridas";"Plena Noite";"Crescente";"Ignorado";"Simples";"Reta";"Não";2;0;1;0;1;0;1;2;-9,997;-54,907;"SPRF-MT";"DEL06-MT";"UOP03-DEL06-MT"
528890;2023-06-11;"domingo";"19:00:00";"MS";60;385;"CAMPO GRANDE";"Reação tardia ou ineficiente do condutor";"Saída de leito carroçável";"Com Vítimas Feridas";"Plena Noite";"Crescente";"Céu Claro";"Simples";"Reta";"Não";2;0;1;1;0;0;2;1;-20,66977888;-54,75724625;"SPRF-MS";"DEL01-MS";"UOP04-DEL01-MS"
528891;2023-06-11;"domingo";"20:00:00";"PE";423;96;"GARANHUNS";"Transitar na contramão";"Colisão frontal";"Com Vítimas Feridas";"Plena Noite";"Crescente";"Céu Claro";"Simples";"Curva";"Não";2;0;1;0;1;0;1;2;-8,88021822;-36,48651678;"SPRF-PE";"DEL03-PE";"UOP01-DEL03-PE"
528895;2023-06-11;"domingo";"20:45:00";"SC";101;220;"PALHOCA";"Ingestão de álcool pelo condutor";"Saída de leito carroçável";"Sem Vítimas";"Plena Noite";"Crescente";"Garoa/Chuvisco";"Dupla";"Reta";"Sim";1;0;0;0;1;0;0;1;-27,69198941;-48,66368358;"SPRF-SC";"DEL01-SC";"UOP02-DEL01-SC"
528896;2023-06-11;"domingo";"20:30:00";"MG";381;486;"BETIM";"Velocidade Incompatível";"Saída de leito carroçável";"Sem Vítimas";"Plena Noite";"Decrescente";"Céu Claro";"Múltipla";"Reta";"Sim";1;0;0;0;0;1;0;1;-19,95644414;-44,13611598;"SPRF-MG";"DEL01-MG";"UOP03-DEL01-MG"
528897;2023-06-11;"domingo";"20:30:00";"MG";262;415;"IGARATINGA";"Velocidade Incompatível";"Colisão com objeto";"Com Vítimas Feridas";"Plena Noite";"Decrescente";"Céu Claro";"Dupla";"Curva";"Não";2;0;0;2;0;0;2;1;-19,90748652;-44,67151073;"SPRF-MG";"DEL08-MG";"UOP03-DEL08-MG"
528900;2023-06-11;"domingo";"20:00:00";"SC";101;132;"BALNEARIO CAMBORIU";"Ultrapassagem Indevida";"Colisão frontal";"Com Vítimas Feridas";"Plena Noite";"Decrescente";"Garoa/Chuvisco";"Dupla";"Reta";"Sim";3;0;2;1;0;0;3;2;-26,99654133;-48,65564711;"SPRF-SC";"DEL04-SC";"UOP03-DEL04-SC"
528902;2023-06-11;"domingo";"20:40:00";"PR";158;507;"CORONEL VIVIDA";"Reação tardia ou ineficiente do condutor";"Colisão frontal";"Com Vítimas Feridas";"Plena Noite";"Crescente";"Chuva";"Simples";"Curva;Interseção de Vias";"Não";3;0;2;0;1;0;2;2;-26,02180124;-52,57733183;"SPRF-PR";"DEL02-PR";"UOP01-DEL02-PR"
528903;2023-06-11;"domingo";"20:00:00";"PR";116;115;"CURITIBA";"Desrespeitar a preferência no cruzamento";"Colisão lateral mesmo sentido";"Com Vítimas Feridas";"Plena Noite";"Decrescente";"Garoa/Chuvisco";"Dupla";"Viaduto";"Sim";2;0;1;0;0;1;1;2;-25,55953326;-49,26560414;"SPRF-PR";"DEL01-PR";"UOP07-DEL01-PR"
528904;2023-06-11;"domingo";"21:30:00";"RJ";116;298;"PORTO REAL";"Manobra de mudança de faixa";"Colisão lateral mesmo sentido";"Com Vítimas Feridas";"Plena Noite";"Decrescente";"Nublado";"Dupla";"Reta";"Não";7;0;4;0;2;1;4;4;-22,44990235;-44,32774407;"SPRF-RJ";"DEL07-RJ";"UOP02-DEL07-RJ"
528905;2023-06-11;"domingo";"17:20:00";"RS";290;314;"CACAPAVA DO SUL";"Ausência de reação do condutor";"Queda de ocupante de veículo";"Com Vítimas Feridas";"Anoitecer";"Decrescente";"Céu Claro";"Simples";"Curva";"Não";3;0;0;1;0;2;1;2;-30,35428;-53,333332;"SPRF-RS";"DEL09-RS";"UOP02-DEL09-RS"
528906;2023-06-11;"domingo";"19:50:00";"RJ";101;286;"ITABORAI";"Reação tardia ou ineficiente do condutor";"Colisão traseira";"Com Vítimas Feridas";"Plena Noite";"Crescente";"Céu Claro";"Simples";"Reta";"Não";3;0;3;0;0;0;3;2;-22,75409331;-42,82491696;"SPRF-RJ";"DEL02-RJ";"UOP02-DEL02-RJ"
528907;2023-06-11;"domingo";"21:30:00";"ES";393;1,3;"CACHOEIRO DE ITAPEMIRIM";"Ingestão de álcool pelo condutor";"Colisão transversal";"Com Vítimas Feridas";"Plena Noite";"Crescente";"Céu Claro";"Simples";"Reta";"Sim";2;0;0;1;1;0;1;2;-20,83723289;-41,16733095;"SPRF-ES";"DEL03-ES";"UOP02-DEL03-ES"
528909;2023-06-11;"domingo";"21:00:00";"MG";381;169,4;"GOVERNADOR VALADARES";"Ingestão de álcool pelo condutor";"Saída de leito carroçável";"Sem Vítimas";"Plena Noite";"Decrescente";"Céu Claro";"Simples";"Curva";"Não";1;0;0;0;1;0;0;1;-18,943925;-42,063645;"SPRF-MG";"DEL06-MG";"UOP01-DEL06-MG"
528910;2023-06-11;"domingo";"14:40:00";"PB";104;113;"LAGOA SECA";"Ausência de reação do condutor";"Atropelamento de Pedestre";"Com Vítimas Feridas";"Pleno dia";"Decrescente";"Chuva";"Simples";"Curva;Aclive";"Sim";2;0;0;1;0;1;1;2;-7,15342626;-35,85241772;"SPRF-PB";"DEL02-PB";"UOP04-DEL02-PB"
528911;2023-06-11;"domingo";"22:20:00";"SC";470;70,2;"INDAIAL";"Chuva";"Saída de leito carroçável";"Com Vítimas Feridas";"Plena Noite";"Crescente";"Chuva";"Simples";"Em Obras;Reta";"Não";4;0;4;0;0;0;4;1;-26,889374;-49,254478;"SPRF-SC";"DEL04-SC";"UOP01-DEL04-SC"
528913;2023-06-11;"domingo";"21:00:00";"SE";235;80,3;"FREI PAULO";"Condutor deixou de manter distância do veículo da frente";"Colisão traseira";"Com Vítimas Feridas";"Plena Noite";"Decrescente";"Céu Claro";"Simples";"Reta";"Não";2;0;0;1;1;0;1;2;-10,543209;-37,599659;"SPRF-SE";"DEL01-SE";"UOP02-DEL01-SE"
528914;2023-06-11;"domingo";"21:00:00";"PE";232;544;"TERRA NOVA";"Ausência de reação do condutor";"Queda de ocupante de veículo";"Com Vítimas Feridas";"Plena Noite";"Crescente";"Céu Claro";"Simples";"Reta";"Não";1;0;0;1;0;0;1;1;-8,0868952;-39,43951012;"SPRF-PE";"DEL05-PE";"UOP01-DEL05-PE"
528915;2023-06-11;"domingo";"22:10:00";"SP";153;48,4;"SAO JOSE DO RIO PRETO";"Ingestão de álcool pelo condutor";"Saída de leito carroçável";"Com Vítimas Feridas";"Plena Noite";"Crescente";"Céu Claro";"Simples";"Reta;Aclive";"Não";2;0;1;0;1;0;1;1;-20,694845;-49,339625;"SPRF-SP";"DEL09-SP";"UOP01-DEL09-SP"
528916;2023-06-11;"domingo";"21:30:00";"SC";101;157,5;"PORTO BELO";"Reação tardia ou ineficiente do condutor";"Colisão lateral mesmo sentido";"Sem Vítimas";"Plena Noite";"Decrescente";"Chuva";"Dupla";"Retorno Regulamentado";"Sim";2;0;0;0;2;0;0;2;-27,181625;-48,6121179;"SPRF-SC";"DEL04-SC";"UOP03-DEL04-SC"
528917;2023-05-27;"sábado";"03:30:00";"PR";369;146;"LONDRINA";"Ingestão de álcool pelo condutor";"Colisão traseira";"Com Vítimas Feridas";"Plena Noite";"Decrescente";"Céu Claro";"Dupla";"Reta";"Sim";2;0;1;0;1;0;1;2;-23,29328577;-51,12833798;"SPRF-PR";"DEL07-PR";"UOP01-DEL07-PR"
528918;2023-06-11;"domingo";"22:50:00";"MG";381;867;"POUSO ALEGRE";"Ausência de reação do condutor";"Tombamento";"Com Vítimas Fatais";"Plena Noite";"Crescente";"Céu Claro";"Dupla";"Reta";"Não";5;1;2;0;1;1;2;3;-22,411919;-45,96177005;"SPRF-MG";"DEL16-MG";"UOP01-DEL16-MG"
528919;2023-06-11;"domingo";"22:10:00";"RJ";356;184;"SAO JOAO DA BARRA";"Acessar a via sem observar a presença dos outros veículos";"Colisão transversal";"Com Vítimas Feridas";"Plena Noite";"Decrescente";"Céu Claro";"Simples";"Curva";"Sim";3;0;1;0;1;1;1;2;-21,64210794;-41,04911121;"SPRF-RJ";"DEL08-RJ";"UOP02-DEL08-RJ"
528920;2023-06-11;"domingo";"21:15:00";"RS";153;27,6;"TRES ARROIOS";"Ingestão de álcool pelo condutor";"Capotamento";"Com Vítimas Feridas";"Plena Noite";"Crescente";"Chuva";"Simples";"Curva";"Não";3;0;2;0;1;0;2;1;-27,51119074;-52,14344017;"SPRF-RS";"DEL08-RS";"UOP04-DEL08-RS"
528921;2023-06-11;"domingo";"19:45:00";"SC";280;298,8;"PORTO UNIAO";"Ausência de reação do condutor";"Colisão traseira";"Com Vítimas Feridas";"Plena Noite";"Decrescente";"Chuva";"Simples";"Reta";"Não";5;0;1;0;4;0;1;2;-26,28153973;-51,00136008;"SPRF-SC";"DEL06-SC";"UOP04-DEL06-SC"
528922;2023-06-11;"domingo";"15:00:00";"GO";364;0,6;"SAO SIMAO";"Ingestão de álcool pelo condutor";"Colisão com objeto";"Sem Vítimas";"Pleno dia";"Crescente";"Céu Claro";"Dupla";"Rotatória";"Não";1;0;0;0;1;0;0;1;-19,04027376;-50,51011562;"SPRF-GO";"DEL05-GO";"UOP02-DEL05-GO"
528923;2023-06-11;"domingo";"22:00:00";"DF";80;22;"BRASILIA";"Ingestão de álcool pelo condutor";"Saída de leito carroçável";"Sem Vítimas";"Plena Noite";"Decrescente";"Céu Claro";"Simples";"Reta";"Não";2;0;0;0;2;0;0;1;-15,647892;-48,201756;"SPRF-DF";"DEL03-DF";"UOP02-DEL03-DF"
528924;2023-06-11;"domingo";"22:50:00";"MG";40;716;"BARBACENA";"Reação tardia ou ineficiente do condutor";"Saída de leito carroçável";"Com Vítimas Feridas";"Plena Noite";"Crescente";"Nublado";"Múltipla";"Curva";"Não";1;0;1;0;0;0;1;1;-21,25153502;-43,66402206;"SPRF-MG";"DEL05-MG";"UOP01-DEL05-MG"
528925;2023-06-11;"domingo";"19:00:00";"RO";429;191,9;"SERINGUEIRAS";"Ausência de reação do condutor";"Colisão traseira";"Com Vítimas Feridas";"Plena Noite";"Crescente";"Céu Claro";"Simples";"Reta;Aclive";"Não";5;0;1;1;3;0;2;2;-11,76194029;-62,97307401;"SPRF-RO";"DEL02-RO";"UOP03-DEL02-RO"
528926;2023-06-11;"domingo";"20:05:00";"MG";262;31,8;"MANHUACU";"Ingestão de álcool pelo condutor";"Colisão traseira";"Com Vítimas Feridas";"Plena Noite";"Decrescente";"Céu Claro";"Simples";"Aclive;Reta";"Não";2;0;1;0;1;0;1;2;-20,2532742;-41,992629;"SPRF-MG";"DEL06-MG";"UOP03-DEL06-MG"
528927;2023-06-08;"quinta-feira";"04:40:00";"SP";116;154;"SAO JOSE DOS CAMPOS";"Reação tardia ou ineficiente do condutor";"Colisão com objeto";"Sem Vítimas";"Plena Noite";"Decrescente";"Nevoeiro/Neblina";"Dupla";"Reta";"Sim";1;0;0;0;0;1;0;1;-23,23903999;-45,92061901;"SPRF-SP";"DEL02-SP";"UOP01-DEL02-SP"
528929;2023-06-11;"domingo";"23:20:00";"GO";153;432;"ANAPOLIS";"Reação tardia ou ineficiente do condutor";"Colisão com objeto";"Sem Vítimas";"Plena Noite";"Crescente";"Céu Claro";"Dupla";"Interseção de Vias;Reta";"Sim";1;0;0;0;0;1;0;1;-16,264801;-48,982357;"SPRF-GO";"DEL02-GO";"UOP01-DEL02-GO"
528930;2023-06-11;"domingo";"23:30:00";"DF";80;24;"BRASILIA";"Ingestão de álcool pelo condutor";"Atropelamento de Pedestre";"Com Vítimas Feridas";"Plena Noite";"Crescente";"Céu Claro";"Simples";"Reta";"Não";2;0;1;1;0;0;2;2;-15,630569;-48,199944;"SPRF-DF";"DEL03-DF";"UOP02-DEL03-DF"
528931;2023-06-11;"domingo";"20:20:00";"MS";163;615,4;"SAO GABRIEL DO OESTE";"Acessar a via sem observar a presença dos outros veículos";"Colisão transversal";"Com Vítimas Feridas";"Plena Noite";"Decrescente";"Céu Claro";"Simples";"Reta";"Sim";6;0;1;0;5;0;1;2;-19,39850778;-54,56579964;"SPRF-MS";"DEL06-MS";"UOP02-DEL06-MS"
528932;2023-06-11;"domingo";"21:40:00";"PE";104;94,7;"AGRESTINA";"Transitar na contramão";"Colisão frontal";"Com Vítimas Fatais";"Plena Noite";"Crescente";"Chuva";"Simples";"Reta";"Não";4;1;0;1;2;0;1;2;-8,513535;-35,942421;"SPRF-PE";"DEL02-PE";"UOP03-DEL02-PE"
528933;2023-06-11;"domingo";"22:26:00";"RS";468;4;"PALMEIRA DAS MISSOES";"Velocidade Incompatível";"Saída de leito carroçável";"Sem Vítimas";"Plena Noite";"Decrescente";"Garoa/Chuvisco";"Simples";"Interseção de Vias";"Sim";1;0;0;0;1;0;0;1;-27,86645911;-53,33279192;"SPRF-RS";"DEL08-RS";"UOP01-DEL08-RS"
528934;2023-06-11;"domingo";"23:00:00";"MT";70;519;"VARZEA GRANDE";"Deficiência do Sistema de Iluminação/Sinalização";"Colisão traseira";"Sem Vítimas";"Plena Noite";"Crescente";"Ignorado";"Simples";"Reta";"Sim";3;0;0;0;1;2;0;2;-15,69212086;-56,16830394;"SPRF-MT";"DEL01-MT";"UOP02-DEL01-MT"
528937;2023-06-11;"domingo";"21:30:00";"PR";153;365,8;"RIO AZUL";"Ingestão de álcool pelo condutor";"Saída de leito carroçável";"Sem Vítimas";"Plena Noite";"Crescente";"Chuva";"Simples";"Reta";"Não";1;0;0;0;1;0;0;1;-25,7080611;-50,7839591;"SPRF-PR";"DEL08-PR";"UOP02-DEL08-PR"
528940;2023-06-12;"segunda-feira";"00:30:00";"PR";369;142;"IBIPORA";"Velocidade Incompatível";"Tombamento";"Com Vítimas Feridas";"Plena Noite";"Decrescente";"Céu Claro";"Simples";"Reta";"Sim";1;0;0;1;0;0;1;1;-23,29255654;-51,09174192;"SPRF-PR";"DEL07-PR";"UOP01-DEL07-PR"
528941;2023-06-12;"segunda-feira";"01:30:00";"ES";101;165,7;"LINHARES";"Ingestão de álcool pelo condutor";"Saída de leito carroçável";"Com Vítimas Feridas";"Plena Noite";"Crescente";"Céu Claro";"Simples";"Curva";"Não";2;0;1;0;0;1;1;1;-19,51360307;-40,1399459;"SPRF-ES";"DEL04-ES";"UOP01-DEL04-ES"
528942;2023-06-11;"domingo";"22:50:00";"PI";402;91,7;"LUIS CORREIA";"Animais na Pista";"Atropelamento de Animal";"Com Vítimas Feridas";"Plena Noite";"Crescente";"Céu Claro";"Simples";"Reta";"Não";1;0;0;1;0;0;1;1;-3,05215763;-41,3172743;"SPRF-PI";"DEL05-PI";"UOP01-DEL05-PI"
528943;2023-06-11;"domingo";"22:20:00";"SC";282;387;"JOACABA";"Transitar na contramão";"Colisão frontal";"Sem Vítimas";"Plena Noite";"Crescente";"Chuva";"Simples";"Reta";"Não";2;0;0;0;2;0;0;2;-27,1796951;-51,52302504;"SPRF-SC";"DEL07-SC";"UOP05-DEL07-SC"
528944;2023-06-11;"domingo";"20:00:00";"MT";364;1180;"CAMPOS DE JULIO";"Velocidade Incompatível";"Capotamento";"Com Vítimas Feridas";"Plena Noite";"Decrescente";"Céu Claro";"Simples";"Reta;Rotatória";"Não";1;0;0;1;0;0;1;1;-13,74801267;-59,2712197;"SPRF-MT";"DEL04-MT";"UOP02-DEL04-MT"
528945;2023-06-12;"segunda-feira";"00:15:00";"MG";381;914,3;"CAMANDUCAIA";"Ingestão de álcool pelo condutor";"Colisão frontal";"Com Vítimas Feridas";"Plena Noite";"Crescente";"Céu Claro";"Dupla";"Reta";"Não";12;0;2;0;10;0;2;4;-22,722452;-46,130649;"SPRF-MG";"DEL16-MG";"UOP03-DEL16-MG"
528946;2023-06-12;"segunda-feira";"00:30:00";"MG";381;166;"GOVERNADOR VALADARES";"Condutor Dormindo";"Colisão lateral sentido oposto";"Sem Vítimas";"Plena Noite";"Crescente";"Céu Claro";"Simples";"Reta";"Não";2;0;0;0;2;0;0;2;-18,95243865;-42,07229536;"SPRF-MG";"DEL06-MG";"UOP01-DEL06-MG"
528947;2023-06-12;"segunda-feira";"00:50:00";"PB";230;119;"RIACHAO DO BACAMARTE";"Condutor Dormindo";"Saída de leito carroçável";"Com Vítimas Feridas";"Plena Noite";"Crescente";"Nublado";"Dupla";"Reta";"Não";1;0;1;0;0;0;1;1;-7,2423;-35,6312;"SPRF-PB";"DEL02-PB";"UOP01-DEL02-PB"
528950;2023-06-12;"segunda-feira";"02:30:00";"GO";60;242,3;"INDIARA";"Condutor Dormindo";"Saída de leito carroçável";"Com Vítimas Feridas";"Plena Noite";"Decrescente";"Céu Claro";"Dupla";"Reta";"Não";4;0;4;0;0;0;4;1;-17,1075203;-49,9006537;"SPRF-GO";"DEL01-GO";"UOP02-DEL01-GO"
528951;2023-06-12;"segunda-feira";"03:10:00";"MS";163;626,6;"SAO GABRIEL DO OESTE";"Ausência de reação do condutor";"Saída de leito carroçável";"Com Vítimas Fatais";"Plena Noite";"Decrescente";"Nevoeiro/Neblina";"Simples";"Rotatória;Reta";"Não";29;1;16;9;3;0;25;1;-19,305037;-54,625963;"SPRF-MS";"DEL06-MS";"UOP02-DEL06-MS"
528954;2023-06-12;"segunda-feira";"04:55:00";"SP";116;284;"EMBU DAS ARTES";"Reação tardia ou ineficiente do condutor";"Queda de ocupante de veículo";"Com Vítimas Feridas";"Plena Noite";"Crescente";"Ignorado";"Múltipla";"Reta";"Não";1;0;0;1;0;0;1;1;-23,69998;-46,867767;"SPRF-SP";"DEL04-SP";"UOP01-DEL04-SP"
528955;2023-06-12;"segunda-feira";"04:17:00";"AP";210;0,8;"MACAPA";"Condutor deixou de manter distância do veículo da frente";"Colisão lateral mesmo sentido";"Com Vítimas Feridas";"Plena Noite";"Decrescente";"Nublado";"Simples";"Curva;Retorno Regulamentado";"Sim";2;0;1;0;0;1;1;2;0,07780012;-51,06097;"SPRF-AP";"DEL01-AP";"UOP01-DEL01-AP"
528958;2023-06-12;"segunda-feira";"03:20:00";"GO";153;211,9;"URUACU";"Ingestão de álcool pelo condutor";"Saída de leito carroçável";"Com Vítimas Feridas";"Plena Noite";"Decrescente";"Céu Claro";"Simples";"Reta;Interseção de Vias";"Não";1;0;1;0;0;0;1;1;-14,634932;-49,176288;"SPRF-GO";"DEL07-GO";"UOP02-DEL07-GO"
528961;2023-06-12;"segunda-feira";"05:00:00";"ES";101;273;"SERRA";"Acessar a via sem observar a presença dos outros veículos";"Atropelamento de Pedestre";"Com Vítimas Feridas";"Amanhecer";"Decrescente";"Ignorado";"Dupla";"Reta";"Sim";2;0;0;1;1;0;1;2;-20,22029207;-40,29048811;"SPRF-ES";"DEL02-ES";"UOP01-DEL02-ES"
528962;2023-06-12;"segunda-feira";"02:20:00";"MG";381;628;"OLIVEIRA";"Condutor Dormindo";"Colisão traseira";"Com Vítimas Feridas";"Plena Noite";"Crescente";"Céu Claro";"Dupla";"Reta";"Não";3;0;1;0;1;1;1;2;-20,83304688;-44,8250553;"SPRF-MG";"DEL04-MG";"UOP01-DEL04-MG"
528964;2023-06-12;"segunda-feira";"05:30:00";"RS";392;677;"SAO PEDRO DO BUTIA";"Condutor deixou de manter distância do veículo da frente";"Colisão traseira";"Com Vítimas Feridas";"Plena Noite";"Decrescente";"Céu Claro";"Simples";"Reta";"Não";3;0;1;1;1;0;2;2;-28,13065758;-54,87782478;"SPRF-RS";"DEL10-RS";"UOP01-DEL10-RS"
528966;2023-06-12;"segunda-feira";"06:25:00";"RN";304;297,9;"MACAIBA";"Condutor deixou de manter distância do veículo da frente";"Engavetamento";"Com Vítimas Feridas";"Pleno dia";"Crescente";"Céu Claro";"Dupla";"Aclive;Reta;Desvio Temporário";"Não";3;0;1;0;2;0;1;3;-5,8682343;-35,3321791;"SPRF-RN";"DEL01-RN";"UOP02-DEL01-RN"
528968;2023-06-12;"segunda-feira";"05:30:00";"AL";316;60,5;"MARAVILHA";"Ingestão de álcool pelo condutor";"Colisão com objeto";"Com Vítimas Feridas";"Amanhecer";"Decrescente";"Céu Claro";"Simples";"Reta";"Não";1;0;1;0;0;0;1;1;-9,24720255;-37,43065136;"SPRF-AL";"DEL03-AL";"UOP02-DEL03-AL"
528969;2023-06-12;"segunda-feira";"06:45:00";"SP";116;226;"GUARULHOS";"Avarias e/ou desgaste excessivo no pneu";"Queda de ocupante de veículo";"Com Vítimas Feridas";"Pleno dia";"Decrescente";"Céu Claro";"Múltipla";"Reta";"Não";2;0;1;0;1;0;1;1;-23,49102507;-46,54878195;"SPRF-SP";"DEL01-SP";"UOP01-DEL01-SP"
528970;2023-06-12;"segunda-feira";"05:50:00";"SC";280;7,5;"SAO FRANCISCO DO SUL";"Chuva";"Colisão com objeto";"Com Vítimas Feridas";"Amanhecer";"Crescente";"Chuva";"Simples";"Reta";"Sim";1;0;1;0;0;0;1;1;-26,27127101;-48,64129599;"SPRF-SC";"DEL03-SC";"UOP03-DEL03-SC"
528971;2023-06-12;"segunda-feira";"06:20:00";"GO";40;31;"LUZIANIA";"Acesso irregular";"Colisão transversal";"Com Vítimas Feridas";"Pleno dia";"Crescente";"Céu Claro";"Dupla";"Reta";"Não";15;0;15;0;0;0;15;2;-16,284329;-47,857156;"SPRF-DF";"DEL01-DF";"UOP01-DEL01-DF"
528972;2023-06-12;"segunda-feira";"06:55:00";"SC";101;209,8;"SAO JOSE";"Demais falhas mecânicas ou elétricas";"Saída de leito carroçável";"Com Vítimas Feridas";"Pleno dia";"Decrescente";"Chuva";"Dupla";"Reta";"Sim";1;0;1;0;0;0;1;1;-27,6332627;-48,72934341;"SPRF-SC";"DEL01-SC";"UOP01-DEL01-SC"
528973;2023-06-12;"segunda-feira";"06:45:00";"SE";101;92,8;"NOSSA SENHORA DO SOCORRO";"Acessar a via sem observar a presença dos outros veículos";"Colisão lateral mesmo sentido";"Com Vítimas Feridas";"Pleno dia";"Crescente";"Céu Claro";"Dupla";"Reta";"Sim";2;0;1;0;1;0;1;2;-10,90199289;-37,14494705;"SPRF-SE";"DEL01-SE";"UOP01-DEL01-SE"