"id";"data_inversa";"dia_semana";"horario";"uf";"br";"km";"municipio";"causa_acidente";"tipo_acidente";"classificacao_acidente";"fase_dia";"sentido_via";"condicao_metereologica";"tipo_pista";"tracado_via";"uso_solo";"pessoas";"mortos";"feridos_leves";"feridos_graves";"ilesos";"ignorados";"feridos";"veiculos";"latitude";"longitude";"regional";"delegacia";"uop"
529099;2023-06-12;"segunda-feira";"17:35:00";"GO";70;2;"AGUAS LINDAS DE GOIAS";"Manobra de mudança de faixa";"Queda de ocupante de veículo";"Com Vítimas Feridas";"Anoitecer";"Decrescente";"Céu Claro";"Dupla";"Curva";"Não";1;0;1;0;0;0;1;1;-15,767021;-48,229945;"SPRF-DF";"DEL03-DF";"UOP02-DEL03-DF"
529100;2023-06-12;"segunda-feira";"17:10:00";"RS";285;457;"IJUI";"Acessar a via sem observar a presença dos outros veículos";"Colisão lateral mesmo sentido";"Sem Vítimas";"Pleno dia";"Crescente";"Céu Claro";"Simples";"Reta";"Sim";2;0;0;0;2;0;0;2;-28,392351;-53,894886;"SPRF-RS";"DEL10-RS";"UOP01-DEL10-RS"
529102;2023-06-12;"segunda-feira";"17:30:00";"PR";369;142;"IBIPORA";"Reação tardia ou ineficiente do condutor";"Colisão traseira";"Com Vítimas Feridas";"Anoitecer";"Decrescente";"Garoa/Chuvisco";"Simples";"Reta";"Sim";2;0;0;1;1;0;1;2;-23,28426087;-51,07265532;"SPRF-PR";"DEL07-PR";"UOP01-DEL07-PR"
529103;2023-06-12;"segunda-feira";"14:40:00";"PR";376;436,6;"TIBAGI";"Ausência de reação do condutor";"Atropelamento de Pedestre";"Com Vítimas Fatais";"Pleno dia";"Decrescente";"Chuva";"Dupla";"Reta";"Não";4;1;0;0;1;2;0;2;-24,78548776;-50,50861359;"SPRF-PR";"DEL03-PR";"UOP02-DEL03-PR"
529105;2023-06-12;"segunda-feira";"14:36:00";"PE";316;367;"PETROLANDIA";"Transitar na contramão";"Colisão frontal";"Com Vítimas Feridas";"Pleno dia";"Crescente";"Céu Claro";"Simples";"Reta";"Sim";2;0;0;1;1;0;1;2;-8,98347711;-38,21627682;"SPRF-PE";"DEL04-PE";"UOP03-DEL04-PE"
529106;2023-06-12;"segunda-feira";"15:05:00";"MG";116;134,1;"PONTO DOS VOLANTES";"Transitar na contramão";"Colisão frontal";"Com Vítimas Fatais";"Pleno dia";"Crescente";"Céu Claro";"Simples";"Curva";"Não";16;1;0;0;15;0;0;3;-16,72310091;-41,50394416;"SPRF-MG";"DEL11-MG";"UOP02-DEL11-MG"
529108;2023-06-12;"segunda-feira";"18:30:00";"SC";101;208,8;"SAO JOSE";"Manobra de mudança de faixa";"Colisão traseira";"Com Vítimas Feridas";"Anoitecer";"Decrescente";"Nublado";"Dupla";"Reta";"Sim";2;0;1;0;1;0;1;2;-27,60327979;-48,63201818;"SPRF-SC";"DEL01-SC";"UOP01-DEL01-SC"
529109;2023-06-12;"segunda-feira";"17:20:00";"SC";280;239,8;"CANOINHAS";"Ausência de reação do condutor";"Colisão frontal";"Com Vítimas Feridas";"Anoitecer";"Crescente";"Chuva";"Simples";"Aclive;Reta";"Não";2;0;1;0;1;0;1;2;-26,20971113;-50,44782084;"SPRF-SC";"DEL06-SC";"UOP04-DEL06-SC"
529110;2023-06-12;"segunda-feira";"18:30:00";"RS";470;221;"GARIBALDI";"Reação tardia ou ineficiente do condutor";"Saída de leito carroçável";"Com Vítimas Feridas";"Anoitecer";"Crescente";"Nublado";"Simples";"Reta";"Não";1;0;1;0;0;0;1;1;-29,20902805;-51,51810586;"SPRF-RS";"DEL06-RS";"UOP01-DEL06-RS"
529111;2023-06-12;"segunda-feira";"18:30:00";"BA";116;16;"VITORIA DA CONQUISTA";"Desrespeitar a preferência no cruzamento";"Colisão transversal";"Com Vítimas Feridas";"Plena Noite";"Crescente";"Céu Claro";"Simples";"Interseção de Vias";"Sim";2;0;1;0;1;0;1;2;-14,902434;-40,844739;"SPRF-PE";"DEL05-PE";"UOP03-DEL05-PE"
529112;2023-06-12;"segunda-feira";"18:15:00";"MG";40;531;"BELO HORIZONTE";"Entrada inopinada do pedestre";"Atropelamento de Pedestre";"Com Vítimas Feridas";"Plena Noite";"Crescente";"Céu Claro";"Dupla";"Reta";"Sim";3;0;2;0;1;0;2;3;-19,92149084;-44,02322531;"SPRF-MG";"DEL01-MG";"UOP02-DEL01-MG"
529115;2023-06-10;"sábado";"21:50:00";"RS";290;561,4;"ALEGRETE";"Reação tardia ou ineficiente do condutor";"Saída de leito carroçável";"Com Vítimas Feridas";"Plena Noite";"Crescente";"Chuva";"Simples";"Reta";"Não";2;0;1;0;1;0;1;1;-29,879667;-55,603199;"SPRF-RS";"DEL13-RS";"UOP02-DEL13-RS"
529117;2023-06-12;"segunda-feira";"18:30:00";"RS";386;393,9;"TRIUNFO";"Acessar a via sem observar a presença dos outros veículos";"Colisão transversal";"Com Vítimas Feridas";"Anoitecer";"Crescente";"Céu Claro";"Dupla";"Reta;Retorno Regulamentado";"Não";3;0;2;0;1;0;2;2;-29,724592;-51,635849;"SPRF-RS";"DEL04-RS";"UOP02-DEL04-RS"
529118;2023-06-12;"segunda-feira";"19:05:00";"MG";381;578,6;"CARMOPOLIS DE MINAS";"Reação tardia ou ineficiente do condutor";"Colisão com objeto";"Com Vítimas Feridas";"Plena Noite";"Crescente";"Céu Claro";"Dupla";"Reta";"Não";2;0;2;0;0;0;2;1;-20,46758613;-44,58161831;"SPRF-MG";"DEL04-MG";"UOP01-DEL04-MG"
529120;2023-06-12;"segunda-feira";"18:16:00";"RS";392;0,6;"RIO GRANDE";"Acessar a via sem observar a presença dos outros veículos";"Colisão transversal";"Com Vítimas Feridas";"Plena Noite";"Decrescente";"Céu Claro";"Simples";"Reta";"Sim";2;0;1;0;1;0;1;2;-32,03548;-52,09908;"SPRF-RS";"DEL07-RS";"UOP02-DEL07-RS"
529121;2023-06-12;"segunda-feira";"18:30:00";"PI";316;2;"TERESINA";"Transitar na contramão";"Colisão transversal";"Com Vítimas Feridas";"Plena Noite";"Crescente";"Céu Claro";"Múltipla";"Reta";"Sim";3;0;2;0;1;0;2;2;-5,12477477;-42,79848465;"SPRF-PI";"DEL01-PI";"UOP02-DEL01-PI"
529122;2023-06-12;"segunda-feira";"19:25:00";"MG";365;581;"ARAGUARI";"Reação tardia ou ineficiente do condutor";"Colisão com objeto";"Com Vítimas Feridas";"Plena Noite";"Crescente";"Nublado";"Simples";"Reta;Retorno Regulamentado";"Não";1;0;1;0;0;0;1;1;-18,87146919;-47,96460406;"SPRF-MG";"DEL15-MG";"UOP02-DEL15-MG"
529123;2023-06-12;"segunda-feira";"17:00:00";"MT";163;48;"ITIQUIRA";"Velocidade Incompatível";"Tombamento";"Com Vítimas Feridas";"Pleno dia";"Decrescente";"Nevoeiro/Neblina";"Dupla";"Reta";"Não";1;0;1;0;0;0;1;1;-17,09066736;-54,76018494;"SPRF-MT";"DEL02-MT";"UOP03-DEL02-MT"
529125;2023-06-12;"segunda-feira";"19:30:00";"RS";116;153,7;"CAXIAS DO SUL";"Entrada inopinada do pedestre";"Atropelamento de Pedestre";"Com Vítimas Feridas";"Plena Noite";"Crescente";"Céu Claro";"Dupla";"Reta;Declive";"Sim";2;0;0;1;1;0;1;2;-29,18788213;-51,1819768;"SPRF-RS";"DEL05-RS";"UOP01-DEL05-RS"
529126;2023-06-12;"segunda-feira";"17:40:00";"PI";316;107;"PASSAGEM FRANCA DO PIAUI";"Transitar na contramão";"Colisão frontal";"Com Vítimas Fatais";"Anoitecer";"Crescente";"Nublado";"Simples";"Curva";"Não";6;1;0;0;5;0;0;2;-5,86004331;-42,43151519;"SPRF-PI";"DEL04-PI";"UOP02-DEL04-PI"
529127;2023-06-12;"segunda-feira";"18:45:00";"SP";101;11;"UBATUBA";"Avarias e/ou desgaste excessivo no pneu";"Tombamento";"Com Vítimas Feridas";"Plena Noite";"Decrescente";"Céu Claro";"Dupla";"Reta";"Não";2;0;2;0;0;0;2;1;-23,35410133;-44,84918112;"SPRF-SP";"DEL06-SP";"UOP01-DEL06-SP"
529128;2023-06-12;"segunda-feira";"19:05:00";"PR";277;130,6;"BALSA NOVA";"Chuva";"Colisão com objeto";"Com Vítimas Feridas";"Plena Noite";"Decrescente";"Chuva";"Dupla";"Declive;Curva";"Não";2;0;1;0;1;0;1;1;-25,478866;-49,644784;"SPRF-PR";"DEL03-PR";"UOP03-DEL03-PR"
529131;2023-06-12;"segunda-feira";"18:25:00";"SC";163;82,8;"GUARACIABA";"Transitar na contramão";"Colisão frontal";"Com Vítimas Feridas";"Plena Noite";"Crescente";"Céu Claro";"Simples";"Curva;Declive";"Não";3;0;3;0;0;0;3;3;-26,62467788;-53,51588354;"SPRF-SC";"DEL07-SC";"UOP03-DEL07-SC"
529133;2023-06-12;"segunda-feira";"18:10:00";"MG";381;481;"CONTAGEM";"Ausência de reação do condutor";"Colisão traseira";"Com Vítimas Feridas";"Anoitecer";"Decrescente";"Céu Claro";"Dupla";"Reta";"Sim";2;0;1;0;1;0;1;2;-19,95931561;-44,08825597;"SPRF-MG";"DEL01-MG";"UOP03-DEL01-MG"
529134;2023-06-12;"segunda-feira";"18:40:00";"DF";20;8;"BRASILIA";"Manobra de mudança de faixa";"Colisão lateral mesmo sentido";"Sem Vítimas";"Plena Noite";"Crescente";"Céu Claro";"Dupla";"Reta;Em Obras";"Sim";2;0;0;0;2;0;0;2;-15,658386;-47,791534;"SPRF-DF";"DEL02-DF";"UOP01-DEL02-DF"
529135;2023-06-12;"segunda-feira";"19:30:00";"SP";116;226;"GUARULHOS";"Ausência de reação do condutor";"Engavetamento";"Com Vítimas Feridas";"Plena Noite";"Decrescente";"Vento";"Dupla";"Declive";"Sim";5;0;1;0;2;2;1;5;-23,49102507;-46,54878195;"SPRF-SP";"DEL01-SP";"UOP01-DEL01-SP"
529136;2023-06-12;"segunda-feira";"20:30:00";"SC";282;75;"RANCHO QUEIMADO";"Velocidade Incompatível";"Saída de leito carroçável";"Com Vítimas Feridas";"Plena Noite";"Crescente";"Chuva";"Simples";"Curva;Declive";"Não";1;0;1;0;0;0;1;1;-27,690931;-49,129143;"SPRF-SC";"DEL01-SC";"UOP03-DEL01-SC"
529137;2023-04-29;"sábado";"13:00:00";"SC";101;154;"ITAPEMA";"Reação tardia ou ineficiente do condutor";"Colisão lateral mesmo sentido";"Com Vítimas Feridas";"Pleno dia";"Crescente";"Céu Claro";"Dupla";"Reta";"Sim";2;0;1;0;1;0;1;2;-27,153819;-48,61086393;"SPRF-SC";"DEL04-SC";"UOP03-DEL04-SC"
529140;2023-05-07;"domingo";"19:00:00";"ES";259;104,3;"BAIXO GUANDU";"Transitar na contramão";"Colisão frontal";"Com Vítimas Feridas";"Plena Noite";"Crescente";"Céu Claro";"Simples";"Reta";"Não";2;0;1;1;0;0;2;2;-19,50330121;-40,94324306;"SPRF-ES";"DEL02-ES";"UOP01-DEL02-ES"
529141;2023-06-12;"segunda-feira";"18:45:00";"RJ";116;171;"RIO DE JANEIRO";"Iluminação deficiente";"Colisão lateral mesmo sentido";"Com Vítimas Fatais";"Plena Noite";"Crescente";"Céu Claro";"Dupla";"Reta";"Sim";1;1;0;0;0;0;0;1;-22,8060415;-43,34289573;"SPRF-RJ";"DEL01-RJ";"UOP02-DEL01-RJ"
529143;2023-06-12;"segunda-feira";"08:30:00";"PR";153;315;"IMBITUVA";"Acumulo de água sobre o pavimento";"Colisão frontal";"Com Vítimas Feridas";"Pleno dia";"Crescente";"Chuva";"Simples";"Curva";"Não";4;0;1;0;3;0;1;2;-25,33084698;-50,63491213;"SPRF-PR";"DEL08-PR";"UOP02-DEL08-PR"
529144;2023-06-12;"segunda-feira";"15:00:00";"PR";376;650;"TIJUCAS DO SUL";"Reação tardia ou ineficiente do condutor";"Colisão com objeto";"Com Vítimas Feridas";"Pleno dia";"Crescente";"Chuva";"Dupla";"Reta";"Não";1;0;1;0;0;0;1;1;-25,84564757;-49,08816197;"SPRF-PR";"DEL01-PR";"UOP04-DEL01-PR"
529145;2023-06-12;"segunda-feira";"11:00:00";"PR";277;175;"PALMEIRA";"Acumulo de água sobre o pavimento";"Colisão frontal";"Com Vítimas Feridas";"Pleno dia";"Decrescente";"Céu Claro";"Simples";"Curva;Declive";"Não";7;0;2;3;2;0;5;3;-25,43433202;-50,05479455;"SPRF-PR";"DEL08-PR";"UOP02-DEL08-PR"
529147;2023-06-12;"segunda-feira";"21:22:00";"BA";324;521;"FEIRA DE SANTANA";"Animais na Pista";"Atropelamento de Animal";"Com Vítimas Feridas";"Plena Noite";"Decrescente";"Céu Claro";"Dupla";"Reta";"Sim";2;0;2;0;0;0;2;1;-12,27918591;-38,92645693;"SPRF-BA";"DEL01-BA";"UOP03-DEL01-BA"
529148;2023-06-12;"segunda-feira";"22:10:00";"DF";70;19;"BRASILIA";"Ausência de reação do condutor";"Capotamento";"Com Vítimas Feridas";"Plena Noite";"Crescente";"Céu Claro";"Dupla";"Curva";"Não";2;0;1;0;1;0;1;1;-15,788868;-48,220242;"SPRF-DF";"DEL03-DF";"UOP02-DEL03-DF"
529149;2023-06-12;"segunda-feira";"15:10:00";"AC";364;136;"RIO BRANCO";"Acessar a via sem observar a presença dos outros veículos";"Colisão transversal";"Com Vítimas Feridas";"Pleno dia";"Crescente";"Garoa/Chuvisco";"Dupla";"Rotatória";"Sim";3;0;0;1;2;0;1;2;-9,977578;-67,8489;"SPRF-AC";"DEL01-AC";"UOP01-DEL01-AC"
529150;2023-06-12;"segunda-feira";"22:00:00";"PE";101;84;"JABOATAO DOS GUARARAPES";"Acessar a via sem observar a presença dos outros veículos";"Colisão frontal";"Com Vítimas Feridas";"Plena Noite";"Decrescente";"Garoa/Chuvisco";"Simples";"Reta";"Sim";2;0;0;1;1;0;1;2;-8,17778559;-34,95087297;"SPRF-PE";"DEL01-PE";"UOP01-DEL01-PE"
529153;2023-06-12;"segunda-feira";"19:05:00";"PR";277;168,5;"PALMEIRA";"Demais falhas mecânicas ou elétricas";"Saída de leito carroçável";"Sem Vítimas";"Plena Noite";"Decrescente";"Chuva";"Dupla";"Interseção de Vias";"Não";3;0;0;0;3;0;0;1;-25,43486491;-49,99433756;"SPRF-PR";"DEL03-PR";"UOP03-DEL03-PR"
529154;2023-06-12;"segunda-feira";"22:30:00";"PR";373;253;"GUAMIRANGA";"Acessar a via sem observar a presença dos outros veículos";"Colisão frontal";"Com Vítimas Feridas";"Plena Noite";"Crescente";"Chuva";"Simples";"Reta";"Não";2;0;0;1;1;0;1;2;-25,1879852;-50,88373001;"SPRF-PR";"DEL03-PR";"UOP01-DEL03-PR"
529159;2023-06-12;"segunda-feira";"22:40:00";"RJ";116;187;"NOVA IGUACU";"Reação tardia ou ineficiente do condutor";"Colisão traseira";"Com Vítimas Feridas";"Plena Noite";"Crescente";"Céu Claro";"Múltipla";"Reta";"Não";2;0;1;0;1;0;1;2;-22,73883756;-43,47245197;"SPRF-RJ";"DEL01-RJ";"UOP02-DEL01-RJ"
529160;2023-06-12;"segunda-feira";"00:45:00";"PB";230;6;"CABEDELO";"Reação tardia ou ineficiente do condutor";"Queda de ocupante de veículo";"Com Vítimas Feridas";"Plena Noite";"Decrescente";"Céu Claro";"Simples";"Viaduto";"Sim";2;0;2;0;0;0;2;1;-7,02;-34,8359;"SPRF-PB";"DEL01-PB";"UOP01-DEL01-PB"
529163;2023-06-13;"terça-feira";"00:55:00";"MG";116;310;"ITAMBACURI";"Animais na Pista";"Atropelamento de Animal";"Com Vítimas Feridas";"Plena Noite";"Crescente";"Céu Claro";"Simples";"Reta";"Não";2;0;0;1;1;0;1;1;-18,06936519;-41,67662169;"SPRF-MG";"DEL11-MG";"UOP01-DEL11-MG"
529164;2023-06-13;"terça-feira";"03:40:00";"AL";101;74;"MESSIAS";"Animais na Pista";"Atropelamento de Animal";"Com Vítimas Feridas";"Plena Noite";"Decrescente";"Céu Claro";"Dupla";"Reta";"Não";1;0;1;0;0;0;1;1;-9,395538;-35,8387;"SPRF-AL";"DEL01-AL";"UOP01-DEL01-AL"
529165;2023-06-13;"terça-feira";"04:50:00";"PB";230;48,9;"SANTA RITA";"Ausência de reação do condutor";"Capotamento";"Com Vítimas Feridas";"Amanhecer";"Decrescente";"Céu Claro";"Dupla";"Reta";"Não";2;0;2;0;0;0;2;1;-7,174;-35,0397;"SPRF-PB";"DEL01-PB";"UOP03-DEL01-PB"
529166;2023-06-12;"segunda-feira";"16:40:00";"PE";407;128;"PETROLINA";"Reação tardia ou ineficiente do condutor";"Colisão traseira";"Com Vítimas Feridas";"Pleno dia";"Decrescente";"Céu Claro";"Múltipla";"Viaduto;Aclive";"Sim";2;0;1;0;1;0;1;2;-9,39387565;-40,51133888;"SPRF-PE";"DEL06-PE";"UOP01-DEL06-PE"
529167;2023-06-13;"terça-feira";"03:40:00";"SP";116;506;"CAJATI";"Condutor Dormindo";"Capotamento";"Com Vítimas Feridas";"Plena Noite";"Decrescente";"Garoa/Chuvisco";"Dupla";"Reta";"Não";1;0;1;0;0;0;1;1;-24,79704815;-48,2145174;"SPRF-SP";"DEL05-SP";"UOP02-DEL05-SP"
529169;2023-06-13;"terça-feira";"05:50:00";"MG";153;25;"CENTRALINA";"Condutor Dormindo";"Saída de leito carroçável";"Com Vítimas Feridas";"Amanhecer";"Crescente";"Céu Claro";"Dupla";"Reta";"Não";2;0;2;0;0;0;2;1;-18,63783791;-49,17995453;"SPRF-MG";"DEL15-MG";"UOP03-DEL15-MG"
529171;2023-06-13;"terça-feira";"06:30:00";"SP";116;382;"MIRACATU";"Demais falhas mecânicas ou elétricas";"Incêndio";"Sem Vítimas";"Amanhecer";"Decrescente";"Garoa/Chuvisco";"Dupla";"Curva";"Não";1;0;0;0;1;0;0;1;-24,233543;-47,36028094;"SPRF-SP";"DEL04-SP";"UOP02-DEL04-SP"
529172;2023-06-13;"terça-feira";"02:00:00";"MS";163;91;"ITAQUIRAI";"Ausência de reação do condutor";"Colisão com objeto";"Sem Vítimas";"Plena Noite";"Decrescente";"Chuva";"Simples";"Reta";"Não";1;0;0;0;0;1;0;1;-23,36116304;-54,2147073;"SPRF-MS";"DEL09-MS";"UOP01-DEL09-MS"
529174;2023-06-13;"terça-feira";"06:30:00";"BA";324;584;"CANDEIAS";"Ausência de reação do condutor";"Colisão traseira";"Com Vítimas Feridas";"Amanhecer";"Crescente";"Céu Claro";"Dupla";"Reta";"Não";7;0;1;0;6;0;1;2;-12,62182288;-38,48260875;"SPRF-BA";"DEL01-BA";"UOP01-DEL01-BA"
529175;2023-06-13;"terça-feira";"06:30:00";"MG";262;397;"PARA DE MINAS";"Ausência de reação do condutor";"Saída de leito carroçável";"Com Vítimas Feridas";"Pleno dia";"Crescente";"Céu Claro";"Dupla";"Reta";"Não";1;0;0;1;0;0;1;1;-19,90483585;-44,51518191;"SPRF-MG";"DEL01-MG";"UOP03-DEL01-MG"
529176;2023-06-13;"terça-feira";"06:45:00";"MG";381;582,5;"CARMOPOLIS DE MINAS";"Reação tardia ou ineficiente do condutor";"Saída de leito carroçável";"Com Vítimas Feridas";"Amanhecer";"Crescente";"Céu Claro";"Dupla";"Curva;Declive";"Não";2;0;2;0;0;0;2;1;-20,49973044;-44,60855198;"SPRF-MG";"DEL04-MG";"UOP01-DEL04-MG"
529177;2023-06-13;"terça-feira";"06:24:00";"PR";277;671;"MEDIANEIRA";"Condutor Dormindo";"Colisão com objeto";"Com Vítimas Feridas";"Amanhecer";"Crescente";"Nublado";"Dupla";"Reta;Declive";"Sim";2;0;2;0;0;0;2;1;-25,28490106;-54,08744898;"SPRF-PR";"DEL05-PR";"UOP02-DEL05-PR"
529178;2023-06-13;"terça-feira";"06:30:00";"PR";277;671;"MEDIANEIRA";"Ausência de reação do condutor";"Colisão traseira";"Com Vítimas Feridas";"Amanhecer";"Crescente";"Nublado";"Dupla";"Reta";"Sim";2;0;1;0;1;0;1;2;-25,28490106;-54,08744898;"SPRF-PR";"DEL05-PR";"UOP02-DEL05-PR"
529179;2023-06-13;"terça-feira";"06:10:00";"MG";381;154,5;"GOVERNADOR VALADARES";"Velocidade Incompatível";"Saída de leito carroçável";"Com Vítimas Feridas";"Amanhecer";"Decrescente";"Céu Claro";"Simples";"Curva";"Não";1;0;1;0;0;0;1;1;-18,88666107;-42,00230199;"SPRF-MG";"DEL06-MG";"UOP01-DEL06-MG"
529180;2023-06-13;"terça-feira";"06:45:00";"BA";324;616;"SALVADOR";"Condutor deixou de manter distância do veículo da frente";"Colisão traseira";"Sem Vítimas";"Pleno dia";"Crescente";"Céu Claro";"Dupla";"Reta";"Não";2;0;0;0;2;0;0;2;-12,87957905;-38,43213893;"SPRF-BA";"DEL01-BA";"UOP01-DEL01-BA"
529183;2023-06-13;"terça-feira";"07:20:00";"RS";116;262;"CANOAS";"Manobra de mudança de faixa";"Queda de ocupante de veículo";"Com Vítimas Feridas";"Pleno dia";"Decrescente";"Céu Claro";"Simples";"Curva";"Não";1;0;1;0;0;0;1;1;-29,89208911;-51,1756146;"SPRF-RS";"DEL01-RS";"UOP01-DEL01-RS"
529185;2023-06-13;"terça-feira";"07:00:00";"SP";153;25,5;"NOVA GRANADA";"Ausência de reação do condutor";"Tombamento";"Com Vítimas Feridas";"Amanhecer";"Crescente";"Nublado";"Simples";"Curva";"Não";1;0;1;0;0;0;1;1;-20,5009771;-49,32004582;"SPRF-SP";"DEL09-SP";"UOP01-DEL09-SP"
529186;2023-06-12;"segunda-feira";"17:50:00";"BA";116;274;"TUCANO";"Acessar a via sem observar a presença dos outros veículos";"Colisão transversal";"Com Vítimas Feridas";"Pleno dia";"Decrescente";"Céu Claro";"Simples";"Reta";"Não";3;0;2;0;1;0;2;2;-10,96129397;-38,79157572;"SPRF-BA";"DEL07-BA";"UOP02-DEL07-BA"
529187;2023-06-12;"segunda-feira";"19:20:00";"BA";110;208;"CIPO";"Mal súbito do condutor";"Queda de ocupante de veículo";"Com Vítimas Fatais";"Plena Noite";"Crescente";"Céu Claro";"Simples";"Reta";"Não";3;1;0;0;1;1;0;3;-11,17659311;-38,50152635;"SPRF-BA";"DEL07-BA";"UOP02-DEL07-BA"
529188;2023-06-13;"terça-feira";"04:30:00";"BA";324;586;"CANDEIAS";"Condutor deixou de manter distância do veículo da frente";"Colisão traseira";"Com Vítimas Feridas";"Plena Noite";"Crescente";"Nublado";"Dupla";"Reta";"Não";3;0;2;0;1;0;2;2;-12,63864013;-38,47736247;"SPRF-BA";"DEL01-BA";"UOP01-DEL01-BA"
529189;2023-06-13;"terça-feira";"07:18:00";"GO";40;5;"VALPARAISO DE GOIAS";"Condutor deixou de manter distância do veículo da frente";"Colisão traseira";"Com Vítimas Feridas";"Pleno dia";"Decrescente";"Céu Claro";"Múltipla";"Reta";"Sim";6;0;1;0;5;0;1;4;-16,093134;-47,982236;"SPRF-DF";"DEL01-DF";"UOP01-DEL01-DF"
529190;2023-06-13;"terça-feira";"07:40:00";"SE";101;116;"ITAPORANGA DAJUDA";"Sinalização mal posicionada";"Colisão com objeto";"Com Vítimas Feridas";"Pleno dia";"Decrescente";"Céu Claro";"Dupla";"Reta";"Não";2;0;1;1;0;0;2;1;-11,01146389;-37,31286103;"SPRF-SE";"DEL02-SE";"UOP01-DEL02-SE"
529191;2023-06-13;"terça-feira";"07:52:00";"GO";153;505;"APARECIDA DE GOIANIA";"Condutor deixou de manter distância do veículo da frente";"Colisão traseira";"Com Vítimas Feridas";"Pleno dia";"Decrescente";"Céu Claro";"Dupla";"Reta";"Sim";2;0;1;0;1;0;1;2;-16,7537;-49,2411;"SPRF-GO";"DEL01-GO";"UOP01-DEL01-GO"
529192;2023-06-13;"terça-feira";"07:50:00";"PR";277;713,5;"SANTA TEREZINHA DE ITAIPU";"Condutor deixou de manter distância do veículo da frente";"Colisão traseira";"Com Vítimas Feridas";"Pleno dia";"Crescente";"Céu Claro";"Dupla";"Reta";"Não";2;0;1;0;1;0;1;2;-25,46144154;-54,44010119;"SPRF-PR";"DEL05-PR";"UOP01-DEL05-PR"
529193;2023-06-13;"terça-feira";"07:00:00";"PR";277;94;"CURITIBA";"Condutor deixou de manter distância do veículo da frente";"Colisão traseira";"Com Vítimas Feridas";"Pleno dia";"Decrescente";"Chuva";"Dupla";"Reta";"Sim";3;0;1;0;1;1;1;3;-25,55282988;-49,27722493;"SPRF-PR";"DEL01-PR";"UOP06-DEL01-PR"
529194;2023-06-13;"terça-feira";"07:10:00";"PB";230;112;"INGA";"Manobra de mudança de faixa";"Colisão lateral mesmo sentido";"Com Vítimas Feridas";"Pleno dia";"Crescente";"Céu Claro";"Dupla";"Curva;Em Obras";"Não";2;0;0;1;1;0;1;2;-7,216414;-35,594662;"SPRF-PB";"DEL01-PB";"UOP03-DEL01-PB"
529196;2023-06-13;"terça-feira";"08:05:00";"PR";369;146;"LONDRINA";"Condutor deixou de manter distância do veículo da frente";"Colisão traseira";"Com Vítimas Feridas";"Pleno dia";"Crescente";"Garoa/Chuvisco";"Dupla";"Reta;Aclive";"Sim";2;0;1;0;1;0;1;2;-23,29310839;-51,13457143;"SPRF-PR";"DEL07-PR";"UOP01-DEL07-PR"
529198;2023-05-12;"sexta-feira";"13:10:00";"ES";262;104;"DOMINGOS MARTINS";"Trafegar com motocicleta (ou similar) entre as faixas";"Colisão lateral mesmo sentido";"Com Vítimas Feridas";"Pleno dia";"Decrescente";"Nublado";"Dupla";"Reta";"Sim";3;0;0;1;2;0;1;3;-20,33302593;-41,12931881;"SPRF-ES";"DEL01-ES";"UOP02-DEL01-ES"
529200;2023-06-13;"terça-feira";"07:55:00";"RS";116;251,2;"SAO LEOPOLDO";"Trafegar com motocicleta (ou similar) entre as faixas";"Colisão lateral mesmo sentido";"Com Vítimas Feridas";"Pleno dia";"Crescente";"Sol";"Dupla";"Reta";"Sim";2;0;0;1;1;0;1;2;-29,80035406;-51,16550365;"SPRF-RS";"DEL01-RS";"UOP02-DEL01-RS"
529201;2023-06-13;"terça-feira";"08:30:00";"SP";153;62;"SAO JOSE DO RIO PRETO";"Condutor deixou de manter distância do veículo da frente";"Colisão lateral mesmo sentido";"Com Vítimas Feridas";"Pleno dia";"Crescente";"Céu Claro";"Dupla";"Reta";"Sim";2;0;2;0;0;0;2;2;-20,81325404;-49,35675563;"SPRF-SP";"DEL09-SP";"UOP01-DEL09-SP"
529202;2023-06-13;"terça-feira";"07:50:00";"CE";222;148,9;"IRAUCUBA";"Ingestão de álcool e/ou substâncias psicoativas pelo pedestre";"Atropelamento de Pedestre";"Com Vítimas Feridas";"Pleno dia";"Decrescente";"Céu Claro";"Simples";"Curva";"Sim";3;0;1;0;1;1;1;2;-3,75001226;-39,77295298;"SPRF-CE";"DEL04-CE";"UOP03-DEL04-CE"
529203;2023-06-13;"terça-feira";"07:00:00";"RJ";116;77;"TERESOPOLIS";"Velocidade Incompatível";"Colisão com objeto";"Com Vítimas Feridas";"Pleno dia";"Crescente";"Nublado";"Simples";"Curva";"Não";1;0;1;0;0;0;1;1;-22,36917806;-42,94876879;"SPRF-RJ";"DEL04-RJ";"UOP01-DEL04-RJ"
529204;2023-06-13;"terça-feira";"08:10:00";"PR";376;157,1;"MANDAGUACU";"Condutor Dormindo";"Colisão com objeto";"Com Vítimas Feridas";"Pleno dia";"Crescente";"Chuva";"Dupla";"Curva";"Não";1;0;1;0;0;0;1;1;-23,35251601;-52,09127007;"SPRF-PR";"DEL09-PR";"UOP01-DEL09-PR"