"id";"data_inversa";"dia_semana";"horario";"uf";"br";"km";"municipio";"causa_acidente";"tipo_acidente";"classificacao_acidente";"fase_dia";"sentido_via";"condicao_metereologica";"tipo_pista";"tracado_via";"uso_solo";"pessoas";"mortos";"feridos_leves";"feridos_graves";"ilesos";"ignorados";"feridos";"veiculos";"latitude";"longitude";"regional";"delegacia";"uop"
529205;2023-06-13;"terça-feira";"09:00:00";"RS";116;270;"CANOAS";"Reação tardia ou ineficiente do condutor";"Colisão traseira";"Com Vítimas Feridas";"Pleno dia";"Crescente";"Nublado";"Dupla";"Reta";"Sim";4;0;3;0;1;0;3;3;-29,96839095;-51,17623895;"SPRF-RS";"DEL01-RS";"UOP01-DEL01-RS"
529207;2023-06-13;"terça-feira";"08:35:00";"PR";116;116;"CURITIBA";"Trafegar com motocicleta (ou similar) entre as faixas";"Colisão lateral mesmo sentido";"Com Vítimas Feridas";"Pleno dia";"Decrescente";"Chuva";"Múltipla";"Reta";"Sim";2;0;1;0;1;0;1;2;-25,55577726;-49,30587351;"SPRF-PR";"DEL01-PR";"UOP03-DEL01-PR"
529208;2023-06-13;"terça-feira";"08:20:00";"PE";232;7,7;"RECIFE";"Ausência de reação do condutor";"Colisão lateral mesmo sentido";"Com Vítimas Feridas";"Pleno dia";"Decrescente";"Céu Claro";"Dupla";"Em Obras;Reta";"Não";4;0;4;0;0;0;4;2;-8,07333497;-34,96184301;"SPRF-PE";"DEL01-PE";"UOP01-DEL01-PE"
529210;2023-06-13;"terça-feira";"07:40:00";"PE";101;68,5;"RECIFE";"Ausência de reação do condutor";"Colisão traseira";"Com Vítimas Feridas";"Pleno dia";"Decrescente";"Céu Claro";"Dupla";"Reta";"Sim";3;0;1;0;1;1;1;2;-8,055521;-34,94611;"SPRF-PE";"DEL01-PE";"UOP01-DEL01-PE"
529212;2023-06-13;"terça-feira";"08:40:00";"PR";369;148;"LONDRINA";"Condutor deixou de manter distância do veículo da frente";"Colisão traseira";"Sem Vítimas";"Pleno dia";"Crescente";"Chuva";"Dupla";"Reta";"Sim";3;0;0;0;3;0;0;3;-23,29433325;-51,13929749;"SPRF-PR";"DEL07-PR";"UOP01-DEL07-PR"
529213;2023-06-13;"terça-feira";"08:30:00";"RN";110;47,4;"MOSSORO";"Ausência de reação do condutor";"Colisão traseira";"Sem Vítimas";"Pleno dia";"Crescente";"Sol";"Simples";"Reta";"Não";3;0;0;0;3;0;0;2;-5,20338376;-37,32563418;"SPRF-RN";"DEL04-RN";"UOP01-DEL04-RN"
529214;2023-06-13;"terça-feira";"08:00:00";"RS";116;248;"SAO LEOPOLDO";"Trafegar com motocicleta (ou similar) entre as faixas";"Colisão lateral mesmo sentido";"Com Vítimas Feridas";"Pleno dia";"Decrescente";"Céu Claro";"Dupla";"Viaduto;Reta;Aclive";"Não";2;0;2;0;0;0;2;2;-29,77605895;-51,15508618;"SPRF-RS";"DEL01-RS";"UOP02-DEL01-RS"
529217;2023-06-13;"terça-feira";"09:15:00";"GO";20;25;"FORMOSA";"Reação tardia ou ineficiente do condutor";"Saída de leito carroçável";"Com Vítimas Feridas";"Pleno dia";"Crescente";"Céu Claro";"Dupla";"Reta";"Não";2;0;2;0;0;0;2;1;-15,536159;-47,134621;"SPRF-DF";"DEL02-DF";"UOP02-DEL02-DF"
529218;2023-06-13;"terça-feira";"09:00:00";"RJ";116;188;"NOVA IGUACU";"Velocidade Incompatível";"Capotamento";"Com Vítimas Feridas";"Pleno dia";"Decrescente";"Céu Claro";"Múltipla";"Reta";"Não";1;0;1;0;0;0;1;1;-22,7380709;-43,48213999;"SPRF-RJ";"DEL01-RJ";"UOP02-DEL01-RJ"
529220;2023-06-13;"terça-feira";"08:50:00";"PE";101;82;"JABOATAO DOS GUARARAPES";"Ultrapassagem Indevida";"Colisão lateral mesmo sentido";"Com Vítimas Feridas";"Pleno dia";"Crescente";"Céu Claro";"Dupla";"Reta";"Sim";2;0;1;0;1;0;1;2;-8,168383;-34,9376;"SPRF-PE";"DEL01-PE";"UOP01-DEL01-PE"
529221;2023-06-13;"terça-feira";"09:30:00";"SP";116;488;"CAJATI";"Reação tardia ou ineficiente do condutor";"Saída de leito carroçável";"Com Vítimas Feridas";"Pleno dia";"Crescente";"Chuva";"Dupla";"Curva";"Sim";2;0;1;1;0;0;2;1;-24,73097634;-48,09815591;"SPRF-SP";"DEL05-SP";"UOP01-DEL05-SP"
529222;2023-06-13;"terça-feira";"08:30:00";"PE";232;53,7;"POMBOS";"Ingestão de álcool pelo condutor";"Colisão com objeto";"Com Vítimas Feridas";"Pleno dia";"Decrescente";"Sol";"Dupla";"Reta";"Não";1;0;1;0;0;0;1;1;-8,132856;-35,343333;"SPRF-PE";"DEL02-PE";"UOP02-DEL02PE"
529224;2023-04-30;"domingo";"06:40:00";"MG";40;443;"PARAOPEBA";"Reação tardia ou ineficiente do condutor";"Capotamento";"Com Vítimas Feridas";"Pleno dia";"Crescente";"Céu Claro";"Dupla";"Curva";"Sim";3;0;1;0;2;0;1;1;-19,28815;-44,392;"SPRF-MG";"DEL02-MG";"UOP01-DEL02-MG"
529225;2023-06-13;"terça-feira";"08:50:00";"SP";116;326;"JUQUITIBA";"Chuva";"Colisão com objeto";"Com Vítimas Feridas";"Pleno dia";"Decrescente";"Chuva";"Dupla";"Curva";"Não";1;0;1;0;0;0;1;1;-23,93901304;-47,06241203;"SPRF-SP";"DEL04-SP";"UOP03-DEL04-SP"
529226;2023-06-13;"terça-feira";"09:00:00";"MT";163;1063;"GUARANTA DO NORTE";"Manobra de mudança de faixa";"Colisão lateral mesmo sentido";"Com Vítimas Feridas";"Pleno dia";"Decrescente";"Céu Claro";"Dupla";"Reta;Retorno Regulamentado";"Sim";3;0;1;0;2;0;1;2;-9,96201065;-54,90495985;"SPRF-MT";"DEL06-MT";"UOP03-DEL06-MT"
529227;2023-05-08;"segunda-feira";"17:55:00";"SC";280;25;"ARAQUARI";"Ultrapassagem Indevida";"Colisão frontal";"Com Vítimas Feridas";"Anoitecer";"Crescente";"Céu Claro";"Simples";"Ponte";"Sim";3;0;1;2;0;0;3;2;-26,38328707;-48,72650027;"SPRF-SC";"DEL03-SC";"UOP03-DEL03-SC"
529231;2023-06-13;"terça-feira";"10:50:00";"MG";381;887,8;"CAMBUI";"Demais falhas mecânicas ou elétricas";"Eventos atípicos";"Com Vítimas Feridas";"Pleno dia";"Decrescente";"Céu Claro";"Dupla";"Reta";"Não";7;0;4;0;3;0;4;3;-22,523448;-46,023985;"SPRF-MG";"DEL16-MG";"UOP03-DEL16-MG"
529233;2023-06-13;"terça-feira";"11:30:00";"PR";376;437;"TIBAGI";"Velocidade Incompatível";"Colisão com objeto";"Com Vítimas Feridas";"Pleno dia";"Crescente";"Chuva";"Dupla";"Declive;Curva";"Não";3;0;2;0;1;0;2;1;-24,78938102;-50,50455272;"SPRF-PR";"DEL03-PR";"UOP02-DEL03-PR"
529236;2023-06-13;"terça-feira";"12:00:00";"MG";381;496;"BETIM";"Animais na Pista";"Engavetamento";"Com Vítimas Feridas";"Pleno dia";"Decrescente";"Céu Claro";"Dupla";"Reta;Declive";"Sim";5;0;1;0;4;0;1;5;-19,99676497;-44,20958506;"SPRF-MG";"DEL04-MG";"UOP03-DEL04-MG"
529238;2023-06-13;"terça-feira";"11:50:00";"PR";116;15;"CAMPINA GRANDE DO SUL";"Reação tardia ou ineficiente do condutor";"Colisão com objeto";"Com Vítimas Feridas";"Pleno dia";"Crescente";"Chuva";"Dupla";"Curva";"Não";2;0;1;0;1;0;1;1;-25,09832756;-48,68266005;"SPRF-PR";"DEL01-PR";"UOP02-DEL01-PR"
529239;2023-06-13;"terça-feira";"11:45:00";"SC";101;168;"TIJUCAS";"Ausência de reação do condutor";"Engavetamento";"Com Vítimas Feridas";"Pleno dia";"Decrescente";"Céu Claro";"Dupla";"Reta";"Não";4;0;1;0;3;0;1;4;-27,279105;-48,631554;"SPRF-SC";"DEL04-SC";"UOP03-DEL04-SC"
529242;2023-06-13;"terça-feira";"12:35:00";"RS";386;382,5;"TABAI";"Acessar a via sem observar a presença dos outros veículos";"Colisão transversal";"Com Vítimas Feridas";"Pleno dia";"Crescente";"Céu Claro";"Múltipla";"Reta";"Não";3;0;0;1;2;0;1;2;-29,661791;-51,743576;"SPRF-RS";"DEL04-RS";"UOP01-DEL04-RS"
529246;2023-06-13;"terça-feira";"12:00:00";"GO";60;113;"GOIANAPOLIS";"Condutor deixou de manter distância do veículo da frente";"Colisão traseira";"Com Vítimas Feridas";"Pleno dia";"Decrescente";"Sol";"Dupla";"Aclive;Reta";"Não";2;0;1;0;1;0;1;2;-16,45722761;-49,05668449;"SPRF-GO";"DEL01-GO";"UOP01-DEL01-GO"
529248;2023-06-13;"terça-feira";"13:15:00";"RS";290;116;"ELDORADO DO SUL";"Reação tardia ou ineficiente do condutor";"Engavetamento";"Com Vítimas Feridas";"Pleno dia";"Decrescente";"Céu Claro";"Simples";"Em Obras;Reta";"Não";3;0;1;0;2;0;1;3;-30,046543;-51,367748;"SPRF-RS";"DEL02-RS";"UOP01-DEL02-RS"
529252;2023-06-13;"terça-feira";"12:31:00";"RN";406;112,4;"POCO BRANCO";"Reação tardia ou ineficiente do condutor";"Saída de leito carroçável";"Com Vítimas Feridas";"Pleno dia";"Crescente";"Sol";"Simples";"Reta";"Não";3;0;2;1;0;0;3;1;-5,5621854;-35,73657781;"SPRF-RN";"DEL02-RN";"UOP01-DEL02-RN"
529255;2023-06-13;"terça-feira";"13:20:00";"PR";376;616;"SAO JOSE DOS PINHAIS";"Ausência de reação do condutor";"Colisão traseira";"Sem Vítimas";"Pleno dia";"Decrescente";"Chuva";"Dupla";"Reta";"Sim";3;0;0;0;2;1;0;2;-25,57583659;-49,17953679;"SPRF-PR";"DEL01-PR";"UOP04-DEL01-PR"
529256;2023-06-13;"terça-feira";"14:00:00";"RN";101;94,7;"NATAL";"Manobra de mudança de faixa";"Colisão lateral mesmo sentido";"Com Vítimas Feridas";"Pleno dia";"Decrescente";"Céu Claro";"Múltipla";"Viaduto";"Sim";2;0;1;0;1;0;1;2;-5,83176615;-35,21191342;"SPRF-RN";"DEL01-RN";"UOP01-DEL01-RN"
529258;2023-06-08;"quinta-feira";"14:22:00";"PE";101;44,6;"IGARASSU";"Acesso irregular";"Colisão lateral mesmo sentido";"Com Vítimas Feridas";"Pleno dia";"Decrescente";"Nublado";"Múltipla";"Reta";"Sim";3;0;1;0;2;0;1;2;-7,85770644;-34,9083066;"SPRF-PE";"DEL01-PE";"UOP02-DEL01-PE"
529259;2023-06-13;"terça-feira";"13:00:00";"SC";163;107,1;"GUARUJA DO SUL";"Avarias e/ou desgaste excessivo no pneu";"Tombamento";"Com Vítimas Feridas";"Pleno dia";"Decrescente";"Garoa/Chuvisco";"Simples";"Em Obras;Declive;Reta";"Não";1;0;1;0;0;0;1;1;-26,426309;-53,52212906;"SPRF-SC";"DEL07-SC";"UOP03-DEL07-SC"
529260;2023-06-13;"terça-feira";"15:00:00";"RN";101;95;"NATAL";"Ausência de reação do condutor";"Colisão traseira";"Sem Vítimas";"Pleno dia";"Decrescente";"Céu Claro";"Dupla";"Reta";"Não";3;0;0;0;3;0;0;3;-5,84076841;-35,21035949;"SPRF-RN";"DEL01-RN";"UOP01-DEL01-RN"
529263;2023-05-09;"terça-feira";"08:00:00";"MG";116;524,1;"CARATINGA";"Reação tardia ou ineficiente do condutor";"Colisão lateral mesmo sentido";"Com Vítimas Feridas";"Pleno dia";"Crescente";"Nublado";"Simples";"Reta";"Sim";4;0;1;0;1;2;1;3;-19,75187896;-42,1326603;"SPRF-MG";"DEL06-MG";"UOP02-DEL06-MG"
529264;2023-06-13;"terça-feira";"14:00:00";"MG";40;506;"RIBEIRAO DAS NEVES";"Velocidade Incompatível";"Colisão traseira";"Com Vítimas Feridas";"Pleno dia";"Decrescente";"Céu Claro";"Dupla";"Reta";"Sim";4;0;1;1;2;0;2;3;-19,74716686;-44,14731173;"SPRF-MG";"DEL02-MG";"UOP01-DEL02-MG"
529266;2023-06-13;"terça-feira";"15:00:00";"GO";70;8;"AGUAS LINDAS DE GOIAS";"Manobra de mudança de faixa";"Colisão traseira";"Com Vítimas Feridas";"Pleno dia";"Crescente";"Céu Claro";"Múltipla";"Reta";"Sim";2;0;1;0;1;0;1;2;-15,73733681;-48,27407468;"SPRF-DF";"DEL03-DF";"UOP02-DEL03-DF"
529268;2023-06-13;"terça-feira";"15:20:00";"PE";408;85;"PAUDALHO";"Condutor Dormindo";"Saída de leito carroçável";"Com Vítimas Feridas";"Pleno dia";"Crescente";"Sol";"Dupla";"Curva;Aclive";"Não";2;0;2;0;0;0;2;1;-7,955031;-35,101732;"SPRF-PE";"DEL01-PE";"UOP01-DEL01-PE"
529270;2023-06-13;"terça-feira";"14:40:00";"PR";467;93,7;"CASCAVEL";"Chuva";"Saída de leito carroçável";"Com Vítimas Feridas";"Pleno dia";"Decrescente";"Garoa/Chuvisco";"Dupla";"Curva";"Não";1;0;1;0;0;0;1;1;-24,8599;-53,5868;"SPRF-PR";"DEL04-PR";"UOP01-DEL04-PR"
529271;2023-06-13;"terça-feira";"15:15:00";"BA";324;1;"FEIRA DE SANTANA";"Velocidade Incompatível";"Colisão traseira";"Com Vítimas Feridas";"Pleno dia";"Decrescente";"Nublado";"Dupla";"Reta";"Sim";2;0;1;0;0;1;1;2;-12,2784;-38,9407;"SPRF-BA";"DEL02-BA";"UOP01-DEL02-BA"
529274;2023-05-16;"terça-feira";"10:00:00";"SC";101;41;"JOINVILLE";"Desrespeitar a preferência no cruzamento";"Colisão transversal";"Com Vítimas Feridas";"Pleno dia";"Decrescente";"Céu Claro";"Simples";"Interseção de Vias;Reta;Viaduto;Rotatória";"Não";3;0;2;0;1;0;2;2;-26,28215489;-48,88973081;"SPRF-SC";"DEL03-SC";"UOP01-DEL03-SC"
529275;2023-06-13;"terça-feira";"15:30:00";"MG";40;522,6;"CONTAGEM";"Avarias e/ou desgaste excessivo no pneu";"Queda de ocupante de veículo";"Com Vítimas Feridas";"Pleno dia";"Crescente";"Céu Claro";"Dupla";"Reta";"Não";2;0;1;0;1;0;1;1;-19,8638731;-44,06749809;"SPRF-MG";"DEL01-MG";"UOP02-DEL01-MG"
529276;2023-06-13;"terça-feira";"14:00:00";"MA";230;402;"BALSAS";"Acesso irregular";"Colisão lateral sentido oposto";"Com Vítimas Feridas";"Pleno dia";"Decrescente";"Céu Claro";"Simples";"Retorno Regulamentado";"Sim";2;0;1;0;1;0;1;2;-7,50857084;-46,03158637;"SPRF-MA";"DEL05-MA";"UOP01-DEL05-MA"
529277;2023-06-13;"terça-feira";"16:18:00";"RN";304;31;"MOSSORO";"Ausência de reação do condutor";"Colisão transversal";"Com Vítimas Feridas";"Pleno dia";"Decrescente";"Céu Claro";"Simples";"Reta";"Sim";2;0;0;1;1;0;1;2;-5,12587296;-37,34293919;"SPRF-RN";"DEL04-RN";"UOP02-DEL04-RN"
529279;2023-06-13;"terça-feira";"15:15:00";"RJ";101;384;"RIO DE JANEIRO";"Entrada inopinada do pedestre";"Atropelamento de Pedestre";"Com Vítimas Feridas";"Pleno dia";"Crescente";"Céu Claro";"Múltipla";"Reta";"Sim";2;0;0;1;1;0;1;2;-22,87911609;-43,62323999;"SPRF-RJ";"DEL03-RJ";"UOP01-DEL03-RJ"
529281;2023-06-13;"terça-feira";"16:20:00";"RS";116;245;"SAO LEOPOLDO";"Transitar na contramão";"Colisão transversal";"Com Vítimas Feridas";"Anoitecer";"Crescente";"Céu Claro";"Simples";"Viaduto;Interseção de Vias;Curva";"Sim";2;0;1;0;1;0;1;2;-29,74980902;-51,15125361;"SPRF-RS";"DEL01-RS";"UOP02-DEL01-RS"
529283;2023-05-13;"sábado";"04:30:00";"SC";101;346;"JAGUARUNA";"Ingestão de álcool pelo condutor";"Saída de leito carroçável";"Com Vítimas Feridas";"Plena Noite";"Decrescente";"Céu Claro";"Dupla";"Reta";"Sim";1;0;1;0;0;0;1;1;-28,55485199;-49,0540891;"SPRF-SC";"DEL02-SC";"UOP01-DEL02-SC"
529286;2023-06-13;"terça-feira";"17:25:00";"SC";101;142;"BALNEARIO CAMBORIU";"Reação tardia ou ineficiente do condutor";"Colisão com objeto";"Com Vítimas Feridas";"Anoitecer";"Crescente";"Garoa/Chuvisco";"Dupla";"Declive;Curva";"Não";1;0;1;0;0;0;1;1;-27,056089;-48,599449;"SPRF-SC";"DEL04-SC";"UOP03-DEL04-SC"
529287;2023-06-13;"terça-feira";"17:00:00";"PE";104;63;"CARUARU";"Manobra de mudança de faixa";"Colisão traseira";"Sem Vítimas";"Pleno dia";"Decrescente";"Céu Claro";"Simples";"Viaduto";"Sim";2;0;0;0;2;0;0;2;-8,2698;-35,9803;"SPRF-PE";"DEL02-PE";"UOP01-DEL02-PE"
529288;2023-06-13;"terça-feira";"17:30:00";"PA";316;111,2;"SANTA MARIA DO PARA";"Acessar a via sem observar a presença dos outros veículos";"Colisão transversal";"Com Vítimas Feridas";"Pleno dia";"Crescente";"Sol";"Simples";"Interseção de Vias;Curva";"Não";5;0;1;0;4;0;1;2;-1,31650169;-47,51092494;"SPRF-PA";"DEL01-PA";"UOP02-DEL01-PA"
529291;2023-06-13;"terça-feira";"17:00:00";"RJ";40;28;"TRES RIOS";"Avarias e/ou desgaste excessivo no pneu";"Queda de ocupante de veículo";"Com Vítimas Feridas";"Anoitecer";"Crescente";"Céu Claro";"Dupla";"Reta";"Não";2;0;1;0;1;0;1;1;-22,17077715;-43,16190391;"SPRF-RJ";"DEL05-RJ";"UOP02-DEL05-RJ"
529292;2023-06-13;"terça-feira";"12:00:00";"RJ";493;1;"ITABORAI";"Reação tardia ou ineficiente do condutor";"Atropelamento de Pedestre";"Com Vítimas Feridas";"Pleno dia";"Crescente";"Céu Claro";"Simples";"Reta";"Sim";3;0;1;0;2;0;1;2;-22,76398788;-42,92731895;"SPRF-RJ";"DEL02-RJ";"UOP02-DEL02-RJ"
529293;2023-06-13;"terça-feira";"15:15:00";"RJ";493;1,5;"ITABORAI";"Demais falhas mecânicas ou elétricas";"Incêndio";"Sem Vítimas";"Pleno dia";"Crescente";"Céu Claro";"Simples";"Reta";"Sim";1;0;0;0;1;0;0;1;-22,76398788;-42,92731895;"SPRF-RJ";"DEL02-RJ";"UOP02-DEL02-RJ"
529295;2023-06-13;"terça-feira";"18:10:00";"MG";381;500;"BETIM";"Velocidade Incompatível";"Colisão traseira";"Com Vítimas Feridas";"Plena Noite";"Decrescente";"Céu Claro";"Dupla";"Aclive;Reta";"Sim";2;0;1;0;1;0;1;2;-20,02513493;-44,23112709;"SPRF-MG";"DEL04-MG";"UOP03-DEL04-MG"
529297;2023-06-13;"terça-feira";"17:40:00";"PR";369;185,5;"ARAPONGAS";"Ausência de reação do condutor";"Colisão transversal";"Com Vítimas Feridas";"Pleno dia";"Decrescente";"Chuva";"Simples";"Reta;Interseção de Vias";"Sim";2;0;1;0;1;0;1;2;-23,41222141;-51,42728627;"SPRF-PR";"DEL07-PR";"UOP03-DEL07-PR"
529298;2023-06-13;"terça-feira";"18:20:00";"PE";101;43;"IGARASSU";"Entrada inopinada do pedestre";"Atropelamento de Pedestre";"Com Vítimas Fatais";"Anoitecer";"Crescente";"Céu Claro";"Dupla";"Reta;Aclive";"Sim";2;1;0;0;1;0;0;2;-7,84753808;-34,90977038;"SPRF-PE";"DEL01-PE";"UOP02-DEL01-PE"
529300;2023-06-13;"terça-feira";"17:20:00";"BA";324;545;"AMELIA RODRIGUES";"Condutor deixou de manter distância do veículo da frente";"Colisão traseira";"Sem Vítimas";"Anoitecer";"Decrescente";"Nublado";"Dupla";"Aclive";"Não";2;0;0;0;2;0;0;2;-12,40647;-38,753143;"SPRF-BA";"DEL01-BA";"UOP03-DEL01-BA"
529301;2023-06-13;"terça-feira";"19:08:00";"ES";101;285;"CARIACICA";"Acessar a via sem observar a presença dos outros veículos";"Colisão lateral mesmo sentido";"Com Vítimas Feridas";"Plena Noite";"Crescente";"Céu Claro";"Dupla";"Reta;Declive";"Sim";2;0;0;1;1;0;1;2;-20,25148171;-40,37270066;"SPRF-ES";"DEL01-ES";"UOP01-DEL01-ES"
529303;2023-06-13;"terça-feira";"16:45:00";"MG";381;619,8;"OLIVEIRA";"Acessar a via sem observar a presença dos outros veículos";"Queda de ocupante de veículo";"Com Vítimas Feridas";"Pleno dia";"Decrescente";"Nublado";"Dupla";"Interseção de Vias;Reta;Viaduto";"Não";1;0;1;0;0;0;1;1;-20,75343925;-44,77455497;"SPRF-MG";"DEL04-MG";"UOP01-DEL04-MG"
529304;2023-06-13;"terça-feira";"19:10:00";"ES";101;454;"MIMOSO DO SUL";"Ausência de reação do condutor";"Saída de leito carroçável";"Com Vítimas Feridas";"Plena Noite";"Crescente";"Céu Claro";"Simples";"Reta";"Não";4;0;3;0;1;0;3;1;-21,17239598;-41,29267502;"SPRF-ES";"DEL03-ES";"UOP02-DEL03-ES"
529305;2023-06-13;"terça-feira";"19:18:00";"SP";116;230;"SAO PAULO";"Reação tardia ou ineficiente do condutor";"Colisão traseira";"Sem Vítimas";"Plena Noite";"Decrescente";"Garoa/Chuvisco";"Múltipla";"Reta";"Sim";2;0;0;0;2;0;0;2;-23,52251783;-46,5855702;"SPRF-SP";"DEL01-SP";"UOP01-DEL01-SP"
529310;2023-06-13;"terça-feira";"15:00:00";"AC";364;115;"RIO BRANCO";"Afundamento ou ondulação no pavimento";"Queda de ocupante de veículo";"Com Vítimas Feridas";"Pleno dia";"Decrescente";"Garoa/Chuvisco";"Simples";"Rotatória";"Sim";2;0;2;0;0;0;2;1;-10,01318296;-67,7171964;"SPRF-AC";"DEL01-AC";"UOP01-DEL01-AC"
529315;2023-06-13;"terça-feira";"19:00:00";"GO";60;100;"ANAPOLIS";"Objeto estático sobre o leito carroçável";"Tombamento";"Com Vítimas Feridas";"Plena Noite";"Crescente";"Céu Claro";"Dupla";"Reta";"Sim";1;0;0;1;0;0;1;1;-16,3979;-48,9664;"SPRF-GO";"DEL02-GO";"UOP01-DEL02-GO"
529318;2023-06-13;"terça-feira";"18:40:00";"RS";158;264;"JULIO DE CASTILHOS";"Ingestão de álcool pelo condutor";"Colisão traseira";"Sem Vítimas";"Plena Noite";"Decrescente";"Chuva";"Simples";"Reta";"Não";4;0;0;0;4;0;0;2;-29,238945;-53,66561;"SPRF-RS";"DEL10-RS";"UOP02-DEL10-RS"
529319;2023-06-13;"terça-feira";"18:50:00";"PR";376;456,4;"TIBAGI";"Velocidade Incompatível";"Colisão com objeto";"Com Vítimas Feridas";"Plena Noite";"Crescente";"Chuva";"Dupla";"Reta";"Não";2;0;1;0;0;1;1;2;-24,97801069;-50,37532564;"SPRF-PR";"DEL03-PR";"UOP02-DEL03-PR"
529320;2023-06-13;"terça-feira";"18:45:00";"SC";101;326;"CAPIVARI DE BAIXO";"Pista Escorregadia";"Queda de ocupante de veículo";"Com Vítimas Feridas";"Anoitecer";"Decrescente";"Garoa/Chuvisco";"Dupla";"Reta";"Sim";1;0;1;0;0;0;1;1;-28,43048;-48,952272;"SPRF-SC";"DEL02-SC";"UOP01-DEL02-SC"
529321;2023-06-13;"terça-feira";"17:30:00";"BA";116;318;"ARACI";"Ultrapassagem Indevida";"Atropelamento de Pedestre";"Com Vítimas Feridas";"Anoitecer";"Crescente";"Céu Claro";"Simples";"Reta";"Sim";2;0;0;2;0;0;2;2;-11,31489323;-38,9451956;"SPRF-BA";"DEL02-BA";"UOP01-DEL02-BA"
529322;2023-06-13;"terça-feira";"18:50:00";"SC";101;128;"BALNEARIO CAMBORIU";"Manobra de mudança de faixa";"Colisão lateral mesmo sentido";"Com Vítimas Feridas";"Plena Noite";"Crescente";"Chuva";"Dupla";"Reta";"Não";2;0;1;0;1;0;1;2;-26,97284292;-48,68299451;"SPRF-SC";"DEL04-SC";"UOP04-DEL04-SC"
529323;2023-03-13;"segunda-feira";"21:25:00";"SE";0;0;"NOSSA SENHORA DO SOCORRO";"Pista em desnível";"Tombamento";"Sem Vítimas";"Plena Noite";"Não Informado";"Céu Claro";"Simples";"Em Obras;Aclive";"Não";3;0;0;0;2;1;0;2;-10,88934461;-37,1321851;"SPRF-SE";"DEL01-SE";"UOP01-DEL01-SE"
529325;2023-06-13;"terça-feira";"16:00:00";"RR";174;615;"AMAJARI";"Afundamento ou ondulação no pavimento";"Saída de leito carroçável";"Com Vítimas Feridas";"Pleno dia";"Decrescente";"Céu Claro";"Simples";"Ponte;Reta";"Não";3;0;0;2;1;0;2;2;3,731552;-60,996948;"SPRF-RR";"DEL01-RR";"UOP01-DEL01-RR"
529326;2023-06-13;"terça-feira";"20:45:00";"ES";101;264;"SERRA";"Ingestão de álcool pelo condutor";"Colisão traseira";"Com Vítimas Feridas";"Plena Noite";"Crescente";"Céu Claro";"Dupla";"Reta";"Sim";4;0;1;0;3;0;1;2;-20,17292791;-40,26736384;"SPRF-ES";"DEL02-ES";"UOP01-DEL02-ES"
529328;2023-06-13;"terça-feira";"18:30:00";"SC";470;259,5;"CURITIBANOS";"Velocidade Incompatível";"Tombamento";"Com Vítimas Feridas";"Plena Noite";"Decrescente";"Chuva";"Simples";"Curva";"Não";2;0;1;0;1;0;1;2;-27,303122;-50,661118;"SPRF-SC";"DEL05-SC";"UOP03-DEL05-SC"
529330;2023-06-13;"terça-feira";"22:15:00";"CE";222;1;"FORTALEZA";"Desrespeitar a preferência no cruzamento";"Colisão lateral mesmo sentido";"Com Vítimas Fatais";"Plena Noite";"Crescente";"Céu Claro";"Dupla";"Reta";"Não";3;1;2;0;0;0;2;2;-3,737804;-38,578061;"SPRF-CE";"DEL01-CE";"UOP01-DEL01-CE"
529331;2023-06-13;"terça-feira";"20:16:00";"GO";251;32;"CRISTALINA";"Condutor Dormindo";"Colisão frontal";"Com Vítimas Feridas";"Plena Noite";"Crescente";"Céu Claro";"Simples";"Reta";"Sim";5;0;0;3;2;0;3;3;-16,06677565;-47,53166968;"SPRF-DF";"DEL01-DF";"UOP01-DEL01-DF"
529332;2023-06-13;"terça-feira";"21:40:00";"MG";116;464;"TARUMIRIM";"Demais falhas mecânicas ou elétricas";"Incêndio";"Sem Vítimas";"Plena Noite";"Crescente";"Céu Claro";"Simples";"Reta";"Não";1;0;0;0;1;0;0;1;-19,26865202;-42,06569594;"SPRF-MG";"DEL06-MG";"UOP02-DEL06-MG"
529335;2023-06-13;"terça-feira";"22:40:00";"PA";163;985;"SANTAREM";"Acessar a via sem observar a presença dos outros veículos";"Colisão transversal";"Com Vítimas Feridas";"Plena Noite";"Decrescente";"Céu Claro";"Simples";"Reta";"Não";2;0;2;0;0;0;2;2;-2,59271401;-54,71976013;"SPRF-PA";"DEL05-PA";"UOP01-DEL05-PA"
529336;2023-06-13;"terça-feira";"21:50:00";"AL";101;234;"OLHO DAGUA GRANDE";"Ausência de reação do condutor";"Colisão com objeto";"Com Vítimas Feridas";"Plena Noite";"Crescente";"Céu Claro";"Dupla";"Reta";"Não";3;0;1;0;0;2;1;2;-10,11607315;-36,76689488;"SPRF-AL";"DEL02-AL";"UOP02-DEL02-AL"
529337;2023-06-13;"terça-feira";"18:30:00";"DF";80;25;"BRASILIA";"Animais na Pista";"Atropelamento de Animal";"Com Vítimas Feridas";"Plena Noite";"Crescente";"Céu Claro";"Dupla";"Reta";"Não";3;0;0;2;1;0;2;2;-15,62121;-48,198963;"SPRF-DF";"DEL03-DF";"UOP02-DEL03-DF"
529338;2023-06-13;"terça-feira";"21:45:00";"RS";386;83;"LAJEADO DO BUGRE";"Ingestão de álcool pelo condutor";"Colisão com objeto";"Sem Vítimas";"Plena Noite";"Decrescente";"Garoa/Chuvisco";"Simples";"Curva";"Não";1;0;0;0;1;0;0;1;-27,725431;-53,235233;"SPRF-RS";"DEL08-RS";"UOP02-DEL08-RS"
529340;2023-06-13;"terça-feira";"22:50:00";"RS";386;140,6;"SARANDI";"Demais falhas mecânicas ou elétricas";"Incêndio";"Sem Vítimas";"Plena Noite";"Decrescente";"Garoa/Chuvisco";"Simples";"Reta";"Não";1;0;0;0;1;0;0;1;-28,000616;-52,894413;"SPRF-RS";"DEL08-RS";"UOP01-DEL08-RS"