"id";"data_inversa";"dia_semana";"horario";"uf";"br";"km";"municipio";"causa_acidente";"tipo_acidente";"classificacao_acidente";"fase_dia";"sentido_via";"condicao_metereologica";"tipo_pista";"tracado_via";"uso_solo";"pessoas";"mortos";"feridos_leves";"feridos_graves";"ilesos";"ignorados";"feridos";"veiculos";"latitude";"longitude";"regional";"delegacia";"uop"
529345;2023-06-13;"terça-feira";"23:30:00";"RJ";116;145,9;"DUQUE DE CAXIAS";"Obstrução Via tentativa Assalto";"Colisão lateral mesmo sentido";"Com Vítimas Feridas";"Plena Noite";"Decrescente";"Céu Claro";"Múltipla";"Reta";"Não";5;0;0;1;1;3;1;4;-22,66237951;-43,25529831;"SPRF-RJ";"DEL01-RJ";"UOP01-DEL01-RJ"
529347;2023-06-14;"quarta-feira";"01:15:00";"BA";116;342;"TEOFILANDIA";"Deficiência do Sistema de Iluminação/Sinalização";"Saída de leito carroçável";"Com Vítimas Feridas";"Plena Noite";"Crescente";"Nublado";"Simples";"Declive";"Não";3;0;2;0;0;1;2;2;-11,5037151;-38,9958275;"SPRF-BA";"DEL02-BA";"UOP01-DEL02-BA"
529348;2023-06-14;"quarta-feira";"03:35:00";"AL";101;51,6;"FLEXEIRAS";"Velocidade Incompatível";"Colisão com objeto";"Com Vítimas Feridas";"Plena Noite";"Decrescente";"Chuva";"Dupla";"Curva";"Não";3;0;3;0;0;0;3;1;-9,24953102;-35,75740814;"SPRF-AL";"DEL01-AL";"UOP02-DEL01-AL"
529354;2023-06-14;"quarta-feira";"06:40:00";"CE";116;10;"FORTALEZA";"Condutor deixou de manter distância do veículo da frente";"Colisão traseira";"Com Vítimas Feridas";"Pleno dia";"Decrescente";"Céu Claro";"Dupla";"Reta";"Sim";3;0;2;0;1;0;2;2;-3,83603805;-38,5027281;"SPRF-CE";"DEL01-CE";"UOP02-DEL01-CE"
529355;2023-06-14;"quarta-feira";"06:05:00";"MG";40;803,6;"MATIAS BARBOSA";"Reação tardia ou ineficiente do condutor";"Saída de leito carroçável";"Com Vítimas Feridas";"Amanhecer";"Crescente";"Nublado";"Dupla";"Reta";"Não";1;0;1;0;0;0;1;1;-21,85782703;-43,37661004;"SPRF-MG";"DEL05-MG";"UOP01-DEL05-MG"
529356;2023-06-14;"quarta-feira";"06:10:00";"CE";304;51;"ARACATI";"Acessar a via sem observar a presença dos outros veículos";"Colisão transversal";"Com Vítimas Feridas";"Pleno dia";"Crescente";"Céu Claro";"Simples";"Curva";"Não";2;0;0;1;1;0;1;2;-4,56942301;-37,75341799;"SPRF-CE";"DEL03-CE";"UOP03-DEL03-CE"
529359;2023-06-14;"quarta-feira";"06:20:00";"SC";280;27;"ARAQUARI";"Acessar a via sem observar a presença dos outros veículos";"Colisão transversal";"Com Vítimas Feridas";"Plena Noite";"Decrescente";"Garoa/Chuvisco";"Simples";"Interseção de Vias;Reta";"Sim";3;0;0;2;1;0;2;2;-26,39933688;-48,74184251;"SPRF-SC";"DEL03-SC";"UOP03-DEL03-SC"
529361;2023-06-14;"quarta-feira";"06:00:00";"PR";277;113,5;"CAMPO LARGO";"Área urbana sem a presença de local apropriado para a travessia de pedestres";"Atropelamento de Pedestre";"Com Vítimas Feridas";"Amanhecer";"Crescente";"Nublado";"Dupla";"Reta";"Sim";3;0;0;1;2;0;1;2;-25,42970087;-49,37850986;"SPRF-PR";"DEL03-PR";"UOP03-DEL03-PR"
529362;2023-06-14;"quarta-feira";"06:30:00";"SP";116;143;"SAO JOSE DOS CAMPOS";"Ausência de reação do condutor";"Colisão traseira";"Com Vítimas Feridas";"Amanhecer";"Crescente";"Garoa/Chuvisco";"Dupla";"Reta";"Sim";5;0;2;0;3;0;2;3;-23,17849879;-45,83787411;"SPRF-SP";"DEL02-SP";"UOP01-DEL02-SP"
529363;2023-06-14;"quarta-feira";"02:15:00";"MT";70;504;"CUIABA";"Ausência de reação do condutor";"Queda de ocupante de veículo";"Com Vítimas Feridas";"Plena Noite";"Crescente";"Garoa/Chuvisco";"Simples";"Reta";"Não";2;0;1;0;1;0;1;1;-15,70092869;-56,04741812;"SPRF-MT";"DEL01-MT";"UOP02-DEL01-MT"
529365;2023-06-14;"quarta-feira";"07:10:00";"SC";280;26;"ARAQUARI";"Ausência de reação do condutor";"Colisão traseira";"Com Vítimas Feridas";"Pleno dia";"Decrescente";"Garoa/Chuvisco";"Simples";"Reta";"Não";2;0;1;0;1;0;1;2;-26,38972308;-48,73411593;"SPRF-SC";"DEL03-SC";"UOP03-DEL03-SC"
529367;2023-06-14;"quarta-feira";"06:50:00";"RJ";40;104;"DUQUE DE CAXIAS";"Manobra de mudança de faixa";"Colisão lateral mesmo sentido";"Com Vítimas Feridas";"Pleno dia";"Decrescente";"Céu Claro";"Múltipla";"Reta";"Não";2;0;1;0;1;0;1;2;-22,62897902;-43,28579508;"SPRF-RJ";"DEL01-RJ";"UOP01-DEL01-RJ"
529368;2023-06-14;"quarta-feira";"07:10:00";"MG";40;531,5;"BELO HORIZONTE";"Pedestre cruzava a pista fora da faixa";"Atropelamento de Pedestre";"Com Vítimas Feridas";"Pleno dia";"Crescente";"Céu Claro";"Dupla";"Reta";"Sim";2;0;0;1;1;0;1;2;-19,91962483;-44,02522683;"SPRF-MG";"DEL01-MG";"UOP02-DEL01-MG"
529369;2023-06-14;"quarta-feira";"07:10:00";"PR";277;726,4;"FOZ DO IGUACU";"Acumulo de água sobre o pavimento";"Saída de leito carroçável";"Com Vítimas Feridas";"Amanhecer";"Decrescente";"Chuva";"Dupla";"Curva";"Sim";2;0;2;0;0;0;2;1;-25,5106015;-54,55481999;"SPRF-PR";"DEL05-PR";"UOP03-DEL05-PR"
529370;2023-06-14;"quarta-feira";"07:10:00";"RN";101;100;"PARNAMIRIM";"Demais falhas mecânicas ou elétricas";"Tombamento";"Com Vítimas Feridas";"Pleno dia";"Decrescente";"Céu Claro";"Múltipla";"Curva;Declive";"Não";5;0;2;0;3;0;2;4;-5,88128;-35,225435;"SPRF-RN";"DEL01-RN";"UOP01-DEL01-RN"
529371;2023-06-14;"quarta-feira";"06:20:00";"SP";381;88;"GUARULHOS";"Acumulo de água sobre o pavimento";"Colisão com objeto";"Sem Vítimas";"Pleno dia";"Decrescente";"Chuva";"Múltipla";"Reta";"Sim";1;0;0;0;1;0;0;1;-23,47469314;-46,56112919;"SPRF-SP";"DEL03-SP";"UOP01-DEL03-SP"
529372;2023-06-14;"quarta-feira";"06:00:00";"BA";324;624;"SALVADOR";"Condutor deixou de manter distância do veículo da frente";"Colisão traseira";"Com Vítimas Feridas";"Pleno dia";"Crescente";"Garoa/Chuvisco";"Dupla";"Curva";"Sim";3;0;2;0;1;0;2;1;-12,933839;-38,47190701;"SPRF-BA";"DEL01-BA";"UOP01-DEL01-BA"
529374;2023-06-14;"quarta-feira";"07:45:00";"RS";386;349;"LAJEADO";"Reação tardia ou ineficiente do condutor";"Colisão traseira";"Com Vítimas Feridas";"Pleno dia";"Decrescente";"Chuva";"Dupla";"Reta";"Sim";2;0;0;1;1;0;1;2;-29,465483;-51,95509;"SPRF-RS";"DEL04-RS";"UOP01-DEL04-RS"
529375;2023-06-13;"terça-feira";"16:25:00";"MG";116;412,5;"GOVERNADOR VALADARES";"Desrespeitar a preferência no cruzamento";"Colisão transversal";"Com Vítimas Feridas";"Pleno dia";"Decrescente";"Céu Claro";"Simples";"Reta";"Sim";3;0;1;0;2;0;1;2;-18,86882342;-41,97144241;"SPRF-MG";"DEL06-MG";"UOP01-DEL06-MG"
529376;2023-06-14;"quarta-feira";"07:20:00";"RJ";101;272;"TANGUA";"Acessar a via sem observar a presença dos outros veículos";"Colisão transversal";"Com Vítimas Feridas";"Pleno dia";"Crescente";"Céu Claro";"Dupla";"Reta";"Sim";2;0;1;0;1;0;1;2;-22,72935968;-42,70112512;"SPRF-RJ";"DEL02-RJ";"UOP03-DEL02-RJ"
529377;2023-06-14;"quarta-feira";"06:40:00";"MT";364;205;"RONDONOPOLIS";"Acessar a via sem observar a presença dos outros veículos";"Colisão transversal";"Com Vítimas Feridas";"Pleno dia";"Decrescente";"Nublado";"Dupla";"Interseção de Vias;Retorno Regulamentado";"Sim";2;0;1;1;0;0;2;2;-16,45928621;-54,66092345;"SPRF-MT";"DEL02-MT";"UOP01-DEL02-MT"
529378;2023-06-14;"quarta-feira";"07:15:00";"SC";101;212,8;"PALHOCA";"Ausência de reação do condutor";"Colisão com objeto";"Sem Vítimas";"Pleno dia";"Crescente";"Garoa/Chuvisco";"Múltipla";"Reta";"Sim";1;0;0;0;0;1;0;1;-27,62996929;-48,65903871;"SPRF-SC";"DEL01-SC";"UOP02-DEL01-SC"
529379;2023-06-14;"quarta-feira";"07:13:00";"RN";406;171;"SAO GONCALO DO AMARANTE";"Condutor deixou de manter distância do veículo da frente";"Engavetamento";"Com Vítimas Feridas";"Pleno dia";"Decrescente";"Céu Claro";"Dupla";"Declive";"Não";3;0;1;0;2;0;1;3;-5,76172663;-35,29115323;"SPRF-RN";"DEL02-RN";"UOP01-DEL02-RN"
529380;2023-06-14;"quarta-feira";"06:50:00";"PE";101;48,8;"ABREU E LIMA";"Velocidade Incompatível";"Colisão traseira";"Com Vítimas Fatais";"Pleno dia";"Decrescente";"Chuva";"Múltipla";"Reta";"Sim";2;1;1;0;0;0;1;2;-7,890382;-34,903458;"SPRF-PE";"DEL01-PE";"UOP02-DEL01-PE"
529383;2023-06-14;"quarta-feira";"08:08:00";"PE";232;81,9;"GRAVATA";"Retorno proibido";"Colisão transversal";"Com Vítimas Feridas";"Pleno dia";"Crescente";"Chuva";"Dupla";"Reta";"Sim";2;0;0;1;1;0;1;2;-8,19697746;-35,57850408;"SPRF-PE";"DEL02-PE";"UOP02-DEL02PE"
529386;2023-06-14;"quarta-feira";"07:45:00";"MG";116;584,5;"MANHUACU";"Condutor deixou de manter distância do veículo da frente";"Colisão lateral mesmo sentido";"Com Vítimas Feridas";"Pleno dia";"Decrescente";"Céu Claro";"Simples";"Reta";"Não";3;0;1;0;2;0;1;2;-20,22302088;-42,17880872;"SPRF-MG";"DEL06-MG";"UOP03-DEL06-MG"
529387;2023-06-14;"quarta-feira";"07:50:00";"MG";40;743,3;"SANTOS DUMONT";"Curva acentuada";"Saída de leito carroçável";"Com Vítimas Fatais";"Pleno dia";"Crescente";"Céu Claro";"Simples";"Curva";"Não";2;1;1;0;0;0;1;1;-21,41562494;-43,56352376;"SPRF-MG";"DEL05-MG";"UOP01-DEL05-MG"
529388;2023-06-14;"quarta-feira";"08:55:00";"PE";232;13,8;"JABOATAO DOS GUARARAPES";"Reação tardia ou ineficiente do condutor";"Atropelamento de Pedestre";"Com Vítimas Feridas";"Pleno dia";"Decrescente";"Chuva";"Dupla";"Aclive;Curva";"Não";2;0;0;1;1;0;1;2;-8,08831567;-35,01203806;"SPRF-PE";"DEL01-PE";"UOP01-DEL01-PE"
529390;2023-04-19;"quarta-feira";"17:30:00";"PR";277;609,8;"SANTA TEREZA DO OESTE";"Acessar a via sem observar a presença dos outros veículos";"Colisão transversal";"Com Vítimas Feridas";"Pleno dia";"Crescente";"Céu Claro";"Simples";"Interseção de Vias";"Sim";8;0;7;0;1;0;7;2;-25,05111043;-53,62214392;"SPRF-PR";"DEL05-PR";"UOP02-DEL05-PR"
529391;2023-06-14;"quarta-feira";"09:00:00";"RS";116;247;"SAO LEOPOLDO";"Ausência de reação do condutor";"Queda de ocupante de veículo";"Com Vítimas Feridas";"Pleno dia";"Crescente";"Chuva";"Dupla";"Reta";"Sim";1;0;1;0;0;0;1;1;-29,76733091;-51,1535296;"SPRF-RS";"DEL01-RS";"UOP02-DEL01-RS"
529392;2023-06-14;"quarta-feira";"08:05:00";"SC";480;129,2;"CHAPECO";"Transitar na contramão";"Colisão frontal";"Com Vítimas Feridas";"Pleno dia";"Decrescente";"Nublado";"Simples";"Reta;Declive";"Sim";3;0;1;1;1;0;2;2;-27,04906;-52,635009;"SPRF-SC";"DEL07-SC";"UOP01-DEL07-SC"
529394;2023-06-14;"quarta-feira";"08:50:00";"SP";116;155;"SAO JOSE DOS CAMPOS";"Condutor deixou de manter distância do veículo da frente";"Colisão traseira";"Com Vítimas Feridas";"Pleno dia";"Decrescente";"Chuva";"Múltipla";"Aclive";"Não";6;0;2;0;3;1;2;5;-23,24524337;-45,92772774;"SPRF-SP";"DEL02-SP";"UOP01-DEL02-SP"
529395;2023-06-14;"quarta-feira";"06:40:00";"RJ";493;8,8;"GUAPIMIRIM";"Ultrapassagem Indevida";"Queda de ocupante de veículo";"Com Vítimas Feridas";"Pleno dia";"Decrescente";"Nublado";"Simples";"Reta";"Sim";1;0;0;1;0;0;1;1;-22,71330892;-42,95334574;"SPRF-RJ";"DEL04-RJ";"UOP02-DEL04-RJ"
529397;2023-06-14;"quarta-feira";"09:20:00";"GO";50;261;"CATALAO";"Ausência de reação do condutor";"Saída de leito carroçável";"Com Vítimas Feridas";"Pleno dia";"Crescente";"Céu Claro";"Dupla";"Curva";"Não";5;0;2;1;2;0;3;1;-18,0377;-47,853;"SPRF-GO";"DEL06-GO";"UOP01-DEL06-GO"
529398;2023-06-14;"quarta-feira";"09:15:00";"BA";101;180,7;"SAO GONCALO DOS CAMPOS";"Ultrapassagem Indevida";"Colisão lateral mesmo sentido";"Com Vítimas Feridas";"Pleno dia";"Decrescente";"Nublado";"Simples";"Reta;Interseção de Vias";"Não";9;0;1;1;7;0;2;2;-12,43070619;-38,91282504;"SPRF-BA";"DEL01-BA";"UOP03-DEL01-BA"
529399;2023-06-14;"quarta-feira";"07:30:00";"RJ";101;450,9;"MANGARATIBA";"Ausência de reação do condutor";"Eventos atípicos";"Sem Vítimas";"Pleno dia";"Crescente";"Nublado";"Simples";"Reta";"Sim";2;0;0;0;0;2;0;1;-23,02288754;-44,11624415;"SPRF-RJ";"DEL03-RJ";"UOP02-DEL03-RJ"
529401;2023-06-14;"quarta-feira";"08:00:00";"RS";158;567,5;"SANTANA DO LIVRAMENTO";"Acessar a via sem observar a presença dos outros veículos";"Colisão transversal";"Com Vítimas Feridas";"Pleno dia";"Decrescente";"Céu Claro";"Simples";"Reta;Interseção de Vias";"Sim";3;0;1;0;2;0;1;2;-30,8901459;-55,50731778;"SPRF-RS";"DEL11-RS";"UOP01-DEL11-RS"
529402;2023-06-14;"quarta-feira";"08:30:00";"RS";290;353,9;"SAO SEPE";"Ausência de reação do condutor";"Colisão traseira";"Com Vítimas Feridas";"Pleno dia";"Decrescente";"Céu Claro";"Simples";"Reta;Em Obras";"Não";5;0;2;0;3;0;2;2;-30,374231;-53,702789;"SPRF-RS";"DEL09-RS";"UOP02-DEL09-RS"
529403;2023-06-14;"quarta-feira";"07:00:00";"RS";285;230,4;"CASEIROS";"Ingestão de álcool pelo condutor";"Capotamento";"Sem Vítimas";"Pleno dia";"Crescente";"Garoa/Chuvisco";"Simples";"Curva";"Não";1;0;0;0;1;0;0;1;-28,246071;-51,790611;"SPRF-RS";"DEL08-RS";"UOP05-DEL08-RS"
529405;2023-06-14;"quarta-feira";"09:20:00";"RJ";465;14;"SEROPEDICA";"Demais falhas na via";"Queda de ocupante de veículo";"Com Vítimas Feridas";"Pleno dia";"Decrescente";"Céu Claro";"Simples";"Reta;Em Obras";"Sim";1;0;1;0;0;0;1;1;-22,804979;-43,638828;"SPRF-RJ";"DEL01-RJ";"UOP03-DEL01-RJ"
529406;2023-06-14;"quarta-feira";"10:40:00";"RJ";116;180;"NOVA IGUACU";"Avarias e/ou desgaste excessivo no pneu";"Tombamento";"Com Vítimas Feridas";"Pleno dia";"Decrescente";"Sol";"Múltipla";"Reta";"Não";2;0;2;0;0;0;2;1;-22,7651616;-43,4154728;"SPRF-RJ";"DEL01-RJ";"UOP02-DEL01-RJ"
529407;2023-06-14;"quarta-feira";"10:30:00";"SC";101;186;"BIGUACU";"Chuva";"Saída de leito carroçável";"Com Vítimas Feridas";"Pleno dia";"Crescente";"Chuva";"Dupla";"Curva";"Sim";1;0;0;1;0;0;1;1;-27,4341098;-48,62567129;"SPRF-SC";"DEL01-SC";"UOP01-DEL01-SC"
529409;2023-06-14;"quarta-feira";"09:15:00";"AL";316;268;"SATUBA";"Obstrução na via";"Colisão lateral mesmo sentido";"Sem Vítimas";"Pleno dia";"Decrescente";"Garoa/Chuvisco";"Simples";"Curva";"Não";4;0;0;0;4;0;0;2;-9,58021969;-35,83876014;"SPRF-AL";"DEL02-AL";"UOP01-DEL02-AL"
529411;2023-06-14;"quarta-feira";"11:00:00";"SP";116;227;"GUARULHOS";"Ausência de reação do condutor";"Colisão lateral mesmo sentido";"Com Vítimas Feridas";"Pleno dia";"Crescente";"Nublado";"Múltipla";"Reta";"Sim";3;0;1;0;2;0;1;3;-23,49659264;-46,55648754;"SPRF-SP";"DEL01-SP";"UOP01-DEL01-SP"
529414;2023-06-14;"quarta-feira";"10:51:00";"SE";235;65;"ITABAIANA";"Conversão proibida";"Colisão transversal";"Com Vítimas Feridas";"Pleno dia";"Crescente";"Nublado";"Simples";"Curva";"Não";2;0;1;0;1;0;1;2;-10,594102;-37,487961;"SPRF-SE";"DEL01-SE";"UOP02-DEL01-SE"
529415;2023-06-14;"quarta-feira";"10:55:00";"RS";116;149,9;"CAXIAS DO SUL";"Reação tardia ou ineficiente do condutor";"Engavetamento";"Com Vítimas Feridas";"Pleno dia";"Crescente";"Chuva";"Dupla";"Reta;Declive;Interseção de Vias";"Sim";5;0;1;0;2;2;1;4;-29,16847753;-51,15868026;"SPRF-RS";"DEL05-RS";"UOP01-DEL05-RS"
529416;2023-06-14;"quarta-feira";"11:45:00";"RS";158;156,5;"PANAMBI";"Reação tardia ou ineficiente do condutor";"Colisão transversal";"Com Vítimas Feridas";"Pleno dia";"Crescente";"Chuva";"Simples";"Reta";"Sim";3;0;2;0;1;0;2;2;-28,32569999;-53,49916009;"SPRF-RS";"DEL10-RS";"UOP02-DEL10-RS"
529417;2023-06-14;"quarta-feira";"10:30:00";"RS";116;148;"CAXIAS DO SUL";"Reação tardia ou ineficiente do condutor";"Colisão com objeto";"Com Vítimas Feridas";"Pleno dia";"Decrescente";"Chuva";"Dupla";"Aclive;Curva";"Sim";2;0;1;0;1;0;1;1;-29,15444539;-51,15101681;"SPRF-RS";"DEL05-RS";"UOP01-DEL05-RS"
529420;2023-06-14;"quarta-feira";"11:50:00";"PI";343;0,9;"TERESINA";"Condutor deixou de manter distância do veículo da frente";"Colisão lateral mesmo sentido";"Com Vítimas Feridas";"Pleno dia";"Crescente";"Céu Claro";"Dupla";"Reta";"Não";3;0;1;0;2;0;1;3;-5,089569;-42,802288;"SPRF-PI";"DEL01-PI";"UOP01-DEL01-PI"
529421;2023-06-14;"quarta-feira";"09:30:00";"BA";101;58;"ENTRE RIOS";"Velocidade Incompatível";"Saída de leito carroçável";"Com Vítimas Feridas";"Pleno dia";"Crescente";"Chuva";"Dupla";"Reta";"Não";5;0;3;2;0;0;5;1;-11,96028886;-38,09467336;"SPRF-BA";"DEL01-BA";"UOP04-DEL01-BA"
529423;2023-06-14;"quarta-feira";"10:15:00";"PR";376;471,2;"PONTA GROSSA";"Ausência de reação do condutor";"Capotamento";"Com Vítimas Feridas";"Pleno dia";"Crescente";"Chuva";"Dupla";"Aclive;Curva";"Não";2;0;1;0;1;0;1;2;-25,024812;-50,325163;"SPRF-PR";"DEL03-PR";"UOP01-DEL03-PR"
529425;2023-06-14;"quarta-feira";"12:17:00";"RN";101;84;"NATAL";"Acessar a via sem observar a presença dos outros veículos";"Colisão lateral mesmo sentido";"Com Vítimas Feridas";"Pleno dia";"Decrescente";"Céu Claro";"Dupla";"Reta";"Sim";2;0;1;0;1;0;1;2;-5,774175;-35,2578;"SPRF-RN";"DEL02-RN";"UOP01-DEL02-RN"
529427;2023-06-14;"quarta-feira";"12:10:00";"PR";469;2;"FOZ DO IGUACU";"Desrespeitar a preferência no cruzamento";"Colisão transversal";"Sem Vítimas";"Pleno dia";"Crescente";"Garoa/Chuvisco";"Simples";"Interseção de Vias";"Sim";3;0;0;0;3;0;0;2;-25,57722442;-54,55496376;"SPRF-PR";"DEL05-PR";"UOP04-DEL05-PR"
529428;2023-06-14;"quarta-feira";"12:45:00";"SP";381;82;"SAO PAULO";"Ausência de reação do condutor";"Engavetamento";"Com Vítimas Feridas";"Pleno dia";"Crescente";"Chuva";"Múltipla";"Reta";"Sim";3;0;1;0;2;0;1;3;-23,42399;-46,575112;"SPRF-SP";"DEL03-SP";"UOP01-DEL03-SP"
529432;2023-04-22;"sábado";"22:00:00";"PI";316;5;"TERESINA";"Acessar a via sem observar a presença dos outros veículos";"Colisão frontal";"Com Vítimas Feridas";"Plena Noite";"Decrescente";"Céu Claro";"Múltipla";"Reta";"Sim";2;0;0;1;0;1;1;2;-5,14169858;-42,78157276;"SPRF-PI";"DEL01-PI";"UOP02-DEL01-PI"
529434;2023-06-14;"quarta-feira";"13:41:00";"DF";40;1;"BRASILIA";"Reação tardia ou ineficiente do condutor";"Saída de leito carroçável";"Sem Vítimas";"Pleno dia";"Crescente";"Céu Claro";"Dupla";"Reta";"Sim";2;0;0;0;2;0;0;1;-15,985532;-47,987747;"SPRF-DF";"DEL01-DF";"UOP01-DEL01-DF"
529435;2023-06-14;"quarta-feira";"13:00:00";"RJ";116;201;"SEROPEDICA";"Mal súbito do condutor";"Colisão traseira";"Com Vítimas Feridas";"Pleno dia";"Decrescente";"Nublado";"Dupla";"Reta";"Sim";3;0;1;0;2;0;1;2;-22,73124742;-43,60364806;"SPRF-RJ";"DEL01-RJ";"UOP03-DEL01-RJ"
529437;2023-06-14;"quarta-feira";"13:20:00";"SP";101;50;"UBATUBA";"Acessar a via sem observar a presença dos outros veículos";"Colisão transversal";"Com Vítimas Feridas";"Pleno dia";"Decrescente";"Garoa/Chuvisco";"Simples";"Reta";"Sim";2;0;1;0;1;0;1;2;-23,45018939;-45,07743735;"SPRF-SP";"DEL06-SP";"UOP01-DEL06-SP"
529438;2023-06-10;"sábado";"14:30:00";"RS";116;36,9;"VACARIA";"Desrespeitar a preferência no cruzamento";"Colisão transversal";"Com Vítimas Feridas";"Pleno dia";"Crescente";"Céu Claro";"Simples";"Reta;Interseção de Vias";"Sim";2;0;1;0;1;0;1;2;-28,49842457;-50,9174037;"SPRF-RS";"DEL05-RS";"UOP03-DEL05-RS"
529440;2023-06-11;"domingo";"04:00:00";"SC";470;102;"APIUNA";"Ausência de reação do condutor";"Saída de leito carroçável";"Com Vítimas Feridas";"Plena Noite";"Decrescente";"Nevoeiro/Neblina";"Dupla";"Curva";"Não";2;0;2;0;0;0;2;1;-27,060822;-49,392761;"SPRF-SC";"DEL04-SC";"UOP02-DEL04-SC"
529441;2023-06-14;"quarta-feira";"13:40:00";"AL";316;148;"PALMEIRA DOS INDIOS";"Acessar a via sem observar a presença dos outros veículos";"Colisão transversal";"Com Vítimas Feridas";"Pleno dia";"Crescente";"Nublado";"Simples";"Reta";"Não";4;0;0;1;3;0;1;2;-9,40718239;-36,68829724;"SPRF-AL";"DEL03-AL";"UOP01-DEL03-AL"
529442;2023-06-14;"quarta-feira";"13:30:00";"PB";230;157;"CAMPINA GRANDE";"Acessar a via sem observar a presença dos outros veículos";"Colisão transversal";"Com Vítimas Feridas";"Pleno dia";"Crescente";"Chuva";"Simples";"Interseção de Vias;Reta";"Não";3;0;2;0;1;0;2;2;-7,264;-35,9199;"SPRF-PB";"DEL02-PB";"UOP01-DEL02-PB"
529443;2023-06-14;"quarta-feira";"14:15:00";"MG";381;491;"BETIM";"Manobra de mudança de faixa";"Colisão lateral mesmo sentido";"Com Vítimas Feridas";"Pleno dia";"Decrescente";"Sol";"Dupla";"Reta";"Sim";3;0;1;0;2;0;1;3;-19,9572714;-44,1520004;"SPRF-MG";"DEL01-MG";"UOP03-DEL01-MG"
529447;2023-06-14;"quarta-feira";"12:00:00";"SC";470;54;"BLUMENAU";"Acessar a via sem observar a presença dos outros veículos";"Colisão transversal";"Com Vítimas Feridas";"Pleno dia";"Crescente";"Garoa/Chuvisco";"Simples";"Interseção de Vias";"Sim";2;0;1;0;1;0;1;2;-26,871065;-49,110374;"SPRF-SC";"DEL04-SC";"UOP01-DEL04-SC"
529449;2023-06-05;"segunda-feira";"06:38:00";"RN";304;302,2;"MACAIBA";"Demais falhas mecânicas ou elétricas";"Eventos atípicos";"Com Vítimas Feridas";"Pleno dia";"Decrescente";"Sol";"Dupla";"Reta";"Sim";2;0;2;0;0;0;2;1;-5,87937446;-35,29790983;"SPRF-RN";"DEL01-RN";"UOP02-DEL01-RN"
529450;2023-06-14;"quarta-feira";"14:40:00";"ES";101;255;"SERRA";"Acessar a via sem observar a presença dos outros veículos";"Colisão transversal";"Com Vítimas Feridas";"Pleno dia";"Decrescente";"Sol";"Simples";"Reta";"Sim";2;0;1;0;1;0;1;2;-20,11487935;-40,31943619;"SPRF-ES";"DEL02-ES";"UOP01-DEL02-ES"
529452;2023-06-14;"quarta-feira";"12:35:00";"MA";316;261;"SANTA INES";"Reação tardia ou ineficiente do condutor";"Queda de ocupante de veículo";"Com Vítimas Feridas";"Pleno dia";"Decrescente";"Céu Claro";"Dupla";"Curva";"Sim";1;0;0;1;0;0;1;1;-3,676243;-45,389366;"SPRF-MA";"DEL02-MA";"UOP01-DEL02-MA"
529453;2023-06-14;"quarta-feira";"14:50:00";"AL";101;199;"SAO SEBASTIAO";"Acumulo de água sobre o pavimento";"Colisão traseira";"Sem Vítimas";"Pleno dia";"Crescente";"Chuva";"Dupla";"Reta;Aclive";"Não";2;0;0;0;2;0;0;2;-9,93913527;-36,53374672;"SPRF-AL";"DEL02-AL";"UOP02-DEL02-AL"
529455;2023-06-14;"quarta-feira";"15:00:00";"RJ";116;184;"NOVA IGUACU";"Velocidade Incompatível";"Colisão traseira";"Com Vítimas Feridas";"Pleno dia";"Crescente";"Céu Claro";"Dupla";"Reta";"Sim";2;0;1;0;1;0;1;2;-22,74647215;-43,44594311;"SPRF-RJ";"DEL01-RJ";"UOP02-DEL01-RJ"
529456;2023-06-14;"quarta-feira";"15:30:00";"SP";116;514;"CAJATI";"Ausência de reação do condutor";"Colisão com objeto";"Com Vítimas Feridas";"Pleno dia";"Decrescente";"Garoa/Chuvisco";"Dupla";"Declive;Curva";"Não";2;0;2;0;0;0;2;1;-24,85874304;-48,21731282;"SPRF-SP";"DEL05-SP";"UOP02-DEL05-SP"
529457;2023-06-14;"quarta-feira";"15:00:00";"RS";386;435,2;"NOVA SANTA RITA";"Desrespeitar a preferência no cruzamento";"Colisão transversal";"Com Vítimas Feridas";"Pleno dia";"Decrescente";"Chuva";"Dupla";"Rotatória;Interseção de Vias";"Não";3;0;1;0;2;0;1;2;-29,84789981;-51,27046287;"SPRF-RS";"DEL04-RS";"UOP02-DEL04-RS"
529458;2023-06-14;"quarta-feira";"14:45:00";"PR";376;304,4;"MAUA DA SERRA";"Chuva";"Colisão com objeto";"Com Vítimas Feridas";"Pleno dia";"Decrescente";"Chuva";"Dupla";"Aclive;Curva";"Não";2;0;1;0;1;0;1;1;-23,95005733;-51,11487865;"SPRF-PR";"DEL07-PR";"UOP02-DEL07-PR"
529459;2023-06-14;"quarta-feira";"12:45:00";"RJ";101;297;"ITABORAI";"Acessar a via sem observar a presença dos outros veículos";"Colisão transversal";"Com Vítimas Feridas";"Pleno dia";"Crescente";"Céu Claro";"Múltipla";"Reta";"Sim";2;0;1;0;1;0;1;2;-22,76942037;-42,91873581;"SPRF-RJ";"DEL02-RJ";"UOP02-DEL02-RJ"