"id";"data_inversa";"dia_semana";"horario";"uf";"br";"km";"municipio";"causa_acidente";"tipo_acidente";"classificacao_acidente";"fase_dia";"sentido_via";"condicao_metereologica";"tipo_pista";"tracado_via";"uso_solo";"pessoas";"mortos";"feridos_leves";"feridos_graves";"ilesos";"ignorados";"feridos";"veiculos";"latitude";"longitude";"regional";"delegacia";"uop"
529460;2023-06-14;"quarta-feira";"15:25:00";"SC";282;503,3;"XANXERE";"Transitar na contramão";"Colisão transversal";"Com Vítimas Feridas";"Pleno dia";"Decrescente";"Chuva";"Simples";"Interseção de Vias";"Sim";3;0;1;0;2;0;1;2;-26,884368;-52,400216;"SPRF-SC";"DEL07-SC";"UOP01-DEL07-SC"
529461;2023-06-14;"quarta-feira";"15:15:00";"PE";101;14,4;"GOIANA";"Acumulo de água sobre o pavimento";"Capotamento";"Com Vítimas Feridas";"Pleno dia";"Decrescente";"Chuva";"Dupla";"Reta";"Não";1;0;1;0;0;0;1;1;-7,61832786;-34,97100773;"SPRF-PE";"DEL01-PE";"UOP02-DEL01-PE"
529463;2023-06-14;"quarta-feira";"15:15:00";"PB";101;123,9;"CAAPORA";"Chuva";"Saída de leito carroçável";"Com Vítimas Feridas";"Pleno dia";"Decrescente";"Chuva";"Dupla";"Declive;Curva";"Não";1;0;1;0;0;0;1;1;-7,46746892;-34,9772648;"SPRF-PB";"DEL01-PB";"UOP02-DEL01-PB"
529464;2023-05-17;"quarta-feira";"02:30:00";"RO";364;705;"PORTO VELHO";"Ausência de reação do condutor";"Colisão com objeto";"Com Vítimas Fatais";"Plena Noite";"Decrescente";"Céu Claro";"Dupla";"Reta";"Não";1;1;0;0;0;0;0;1;-8,800487;-63,81581;"SPRF-RO";"DEL01-RO";"UOP01-DEL01-RO"
529465;2023-06-14;"quarta-feira";"15:50:00";"PB";230;12;"CABEDELO";"Manobra de mudança de faixa";"Colisão lateral mesmo sentido";"Com Vítimas Feridas";"Pleno dia";"Decrescente";"Chuva";"Dupla";"Reta";"Sim";3;0;1;0;2;0;1;2;-7,068;-34,85;"SPRF-PB";"DEL01-PB";"UOP01-DEL01-PB"
529466;2023-06-14;"quarta-feira";"13:10:00";"PR";376;445;"TIBAGI";"Reação tardia ou ineficiente do condutor";"Saída de leito carroçável";"Com Vítimas Feridas";"Pleno dia";"Crescente";"Chuva";"Dupla";"Curva;Declive";"Não";4;0;4;0;0;0;4;1;-24,84942762;-50,47291875;"SPRF-PR";"DEL03-PR";"UOP02-DEL03-PR"
529467;2023-03-28;"terça-feira";"14:35:00";"RS";116;153,8;"CAXIAS DO SUL";"Acessar a via sem observar a presença dos outros veículos";"Colisão transversal";"Com Vítimas Feridas";"Pleno dia";"Decrescente";"Céu Claro";"Dupla";"Rotatória";"Sim";2;0;1;0;1;0;1;2;-29,1881163;-51,18221283;"SPRF-RS";"DEL05-RS";"UOP01-DEL05-RS"
529471;2023-06-14;"quarta-feira";"16:40:00";"SC";282;3,7;"FLORIANOPOLIS";"Reação tardia ou ineficiente do condutor";"Colisão lateral mesmo sentido";"Com Vítimas Feridas";"Anoitecer";"Crescente";"Chuva";"Múltipla";"Reta";"Sim";2;0;1;0;1;0;1;2;-27,592646;-48,604034;"SPRF-SC";"DEL01-SC";"UOP01-DEL01-SC"
529472;2023-06-14;"quarta-feira";"16:10:00";"PR";277;324;"GUARAPUAVA";"Reação tardia ou ineficiente do condutor";"Saída de leito carroçável";"Sem Vítimas";"Pleno dia";"Crescente";"Chuva";"Simples";"Reta";"Não";2;0;0;0;2;0;0;1;-25,374243;-51,314022;"SPRF-PR";"DEL08-PR";"UOP01-DEL08-PR"
529473;2023-06-14;"quarta-feira";"16:10:00";"SP";381;74;"SAO PAULO";"Velocidade Incompatível";"Capotamento";"Com Vítimas Feridas";"Pleno dia";"Decrescente";"Chuva";"Múltipla";"Aclive;Curva";"Não";1;0;1;0;0;0;1;1;-23,37208014;-46,55700294;"SPRF-SP";"DEL03-SP";"UOP01-DEL03-SP"
529474;2023-06-14;"quarta-feira";"12:30:00";"SP";381;54;"MAIRIPORA";"Reação tardia ou ineficiente do condutor";"Colisão com objeto";"Com Vítimas Feridas";"Pleno dia";"Decrescente";"Garoa/Chuvisco";"Dupla";"Reta";"Não";2;0;1;0;1;0;1;1;-23,2449074;-46,59562343;"SPRF-SP";"DEL03-SP";"UOP01-DEL03-SP"
529475;2023-06-14;"quarta-feira";"17:00:00";"PE";424;10;"PEDRA";"Velocidade Incompatível";"Colisão transversal";"Com Vítimas Feridas";"Pleno dia";"Crescente";"Chuva";"Simples";"Aclive";"Não";3;0;1;0;2;0;1;2;-8,49698318;-37,010177;"SPRF-PE";"DEL04-PE";"UOP02-DEL04-PE"
529476;2023-06-14;"quarta-feira";"16:00:00";"RS";285;190,6;"LAGOA VERMELHA";"Ingestão de álcool pelo condutor";"Saída de leito carroçável";"Sem Vítimas";"Pleno dia";"Crescente";"Garoa/Chuvisco";"Simples";"Reta";"Não";1;0;0;0;1;0;0;1;-28,265715;-51,47258;"SPRF-RS";"DEL08-RS";"UOP05-DEL08-RS"
529477;2023-06-14;"quarta-feira";"17:30:00";"SC";470;47,3;"BLUMENAU";"Acessar a via sem observar a presença dos outros veículos";"Colisão lateral mesmo sentido";"Com Vítimas Feridas";"Anoitecer";"Crescente";"Chuva";"Simples";"Reta";"Sim";4;0;1;0;3;0;1;3;-26,864044;-49,046516;"SPRF-SC";"DEL04-SC";"UOP01-DEL04-SC"
529478;2023-06-14;"quarta-feira";"17:30:00";"MG";365;610;"UBERLANDIA";"Velocidade Incompatível";"Colisão traseira";"Com Vítimas Feridas";"Anoitecer";"Decrescente";"Céu Claro";"Dupla";"Reta";"Não";4;0;0;1;3;0;1;3;-18,92793854;-48,19198317;"SPRF-MG";"DEL15-MG";"UOP01-DEL15-MG"
529480;2023-06-14;"quarta-feira";"10:45:00";"SC";470;141;"RIO DO SUL";"Chuva";"Colisão frontal";"Com Vítimas Feridas";"Pleno dia";"Decrescente";"Chuva";"Dupla";"Curva";"Não";2;0;1;0;1;0;1;2;-27,226065;-49,666161;"SPRF-SC";"DEL04-SC";"UOP02-DEL04-SC"
529483;2023-06-14;"quarta-feira";"17:55:00";"BA";116;16,1;"VITORIA DA CONQUISTA";"Acessar a via sem observar a presença dos outros veículos";"Colisão transversal";"Com Vítimas Feridas";"Plena Noite";"Decrescente";"Nublado";"Dupla";"Reta";"Sim";2;0;1;0;1;0;1;2;-14,851;-40,8485;"SPRF-BA";"DEL08-BA";"UOP01-DEL08-BA"
529486;2023-06-11;"domingo";"06:40:00";"RJ";101;53;"CAMPOS DOS GOYTACAZES";"Ausência de reação do condutor";"Colisão traseira";"Com Vítimas Feridas";"Pleno dia";"Crescente";"Céu Claro";"Simples";"Reta";"Sim";2;0;1;0;0;1;1;2;-21,660484;-41,31128898;"SPRF-RJ";"DEL08-RJ";"UOP01-DEL08-RJ"
529487;2023-06-14;"quarta-feira";"18:00:00";"BA";116;547;"MILAGRES";"Condutor deixou de manter distância do veículo da frente";"Colisão traseira";"Com Vítimas Feridas";"Plena Noite";"Crescente";"Nublado";"Simples";"Reta;Declive";"Sim";2;0;1;0;1;0;1;2;-12,84449042;-39,83949384;"SPRF-BA";"DEL03-BA";"UOP02-DEL03-BA"
529488;2023-06-14;"quarta-feira";"17:00:00";"RO";364;706;"PORTO VELHO";"Manobra de mudança de faixa";"Colisão lateral mesmo sentido";"Com Vítimas Feridas";"Pleno dia";"Decrescente";"Nublado";"Dupla";"Reta";"Sim";2;0;1;1;0;0;2;1;-8,80030539;-63,823428;"SPRF-RO";"DEL01-RO";"UOP01-DEL01-RO"
529490;2023-06-14;"quarta-feira";"18:30:00";"DF";70;8;"BRASILIA";"Acessar a via sem observar a presença dos outros veículos";"Colisão transversal";"Com Vítimas Feridas";"Plena Noite";"Crescente";"Céu Claro";"Dupla";"Reta";"Não";4;0;1;0;3;0;1;2;-15,784966;-48,122108;"SPRF-DF";"DEL03-DF";"UOP02-DEL03-DF"
529493;2023-06-14;"quarta-feira";"16:00:00";"BA";101;199;"CACHOEIRA";"Ultrapassagem Indevida";"Colisão frontal";"Sem Vítimas";"Pleno dia";"Crescente";"Céu Claro";"Simples";"Reta;Aclive";"Não";2;0;0;0;2;0;0;2;-12,58343471;-38,98281596;"SPRF-BA";"DEL01-BA";"UOP03-DEL01-BA"
529494;2023-06-14;"quarta-feira";"17:55:00";"RJ";465;22;"RIO DE JANEIRO";"Trafegar com motocicleta (ou similar) entre as faixas";"Colisão transversal";"Com Vítimas Feridas";"Plena Noite";"Crescente";"Nublado";"Simples";"Reta";"Sim";2;0;0;1;1;0;1;2;-22,863579;-43,601479;"SPRF-RJ";"DEL03-RJ";"UOP01-DEL03-RJ"
529495;2023-06-14;"quarta-feira";"18:10:00";"MT";163;836;"SINOP";"Condutor deixou de manter distância do veículo da frente";"Colisão traseira";"Com Vítimas Feridas";"Plena Noite";"Decrescente";"Céu Claro";"Simples";"Reta";"Sim";4;0;0;1;3;0;1;3;-11,85175556;-55,49274987;"SPRF-MT";"DEL06-MT";"UOP02-DEL06-MT"
529496;2023-06-14;"quarta-feira";"12:30:00";"BA";415;54;"ITABUNA";"Chuva";"Saída de leito carroçável";"Com Vítimas Feridas";"Pleno dia";"Decrescente";"Chuva";"Simples";"Curva";"Não";1;0;1;0;0;0;1;1;-14,84984776;-39,36828309;"SPRF-BA";"DEL05-BA";"UOP01-DEL05-BA"
529498;2023-06-14;"quarta-feira";"19:00:00";"TO";153;139;"ARAGUAINA";"Reação tardia ou ineficiente do condutor";"Queda de ocupante de veículo";"Com Vítimas Feridas";"Anoitecer";"Crescente";"Céu Claro";"Simples";"Rotatória";"Sim";1;0;1;0;0;0;1;1;-7,16325275;-48,20698926;"SPRF-TO";"DEL02-TO";"UOP01-DEL02-TO"
529500;2023-06-14;"quarta-feira";"16:40:00";"RN";304;294;"MACAIBA";"Condutor deixou de manter distância do veículo da frente";"Colisão lateral mesmo sentido";"Sem Vítimas";"Pleno dia";"Decrescente";"Nublado";"Simples";"Em Obras;Desvio Temporário;Curva";"Não";2;0;0;0;2;0;0;2;-5,868008;-35,386443;"SPRF-RN";"DEL01-RN";"UOP02-DEL01-RN"
529501;2023-06-14;"quarta-feira";"19:15:00";"DF";20;7;"BRASILIA";"Reação tardia ou ineficiente do condutor";"Saída de leito carroçável";"Com Vítimas Feridas";"Plena Noite";"Crescente";"Céu Claro";"Dupla";"Reta";"Sim";2;0;2;0;0;0;2;1;-15,662208;-47,799866;"SPRF-DF";"DEL02-DF";"UOP01-DEL02-DF"
529504;2023-06-14;"quarta-feira";"19:00:00";"PE";104;61,2;"CARUARU";"Ausência de reação do condutor";"Colisão traseira";"Sem Vítimas";"Plena Noite";"Crescente";"Garoa/Chuvisco";"Dupla";"Reta";"Sim";2;0;0;0;2;0;0;2;-8,2529;-35,9751;"SPRF-PE";"DEL02-PE";"UOP01-DEL02-PE"
529506;2023-06-14;"quarta-feira";"18:20:00";"MA";316;256;"PINDARE-MIRIM";"Acessar a via sem observar a presença dos outros veículos";"Atropelamento de Pedestre";"Com Vítimas Fatais";"Plena Noite";"Crescente";"Céu Claro";"Simples";"Reta;Aclive";"Não";2;1;0;0;1;0;0;2;-3,65322;-45,424976;"SPRF-MA";"DEL02-MA";"UOP01-DEL02-MA"
529507;2023-06-14;"quarta-feira";"18:10:00";"PR";369;156,1;"LONDRINA";"Ausência de reação do condutor";"Queda de ocupante de veículo";"Com Vítimas Feridas";"Anoitecer";"Crescente";"Chuva";"Dupla";"Reta;Aclive";"Não";1;0;0;1;0;0;1;1;-23,29158388;-51,21694207;"SPRF-PR";"DEL07-PR";"UOP01-DEL07-PR"
529509;2023-06-14;"quarta-feira";"19:56:00";"PE";104;63;"CARUARU";"Pedestre andava na pista";"Atropelamento de Pedestre";"Com Vítimas Feridas";"Plena Noite";"Crescente";"Garoa/Chuvisco";"Dupla";"Viaduto";"Sim";2;0;1;0;1;0;1;2;-8,2698;-35,9803;"SPRF-PE";"DEL02-PE";"UOP01-DEL02-PE"
529510;2023-06-14;"quarta-feira";"19:21:00";"RJ";116;184;"NOVA IGUACU";"Trafegar com motocicleta (ou similar) entre as faixas";"Colisão lateral mesmo sentido";"Com Vítimas Feridas";"Plena Noite";"Crescente";"Chuva";"Dupla";"Reta";"Sim";3;0;2;0;1;0;2;2;-22,74647215;-43,44594311;"SPRF-RJ";"DEL01-RJ";"UOP02-DEL01-RJ"
529513;2023-06-14;"quarta-feira";"16:30:00";"PR";373;241;"GUAMIRANGA";"Ausência de reação do condutor";"Saída de leito carroçável";"Com Vítimas Feridas";"Anoitecer";"Crescente";"Chuva";"Simples";"Curva";"Não";1;0;1;0;0;0;1;1;-25,19760594;-50,767904;"SPRF-PR";"DEL03-PR";"UOP01-DEL03-PR"
529514;2023-06-14;"quarta-feira";"15:00:00";"RJ";116;42;"TERESOPOLIS";"Área urbana sem a presença de local apropriado para a travessia de pedestres";"Atropelamento de Pedestre";"Com Vítimas Feridas";"Pleno dia";"Crescente";"Céu Claro";"Simples";"Reta";"Sim";2;0;1;0;0;1;1;2;-22,14560636;-42,79362881;"SPRF-RJ";"DEL04-RJ";"UOP01-DEL04-RJ"
529515;2023-06-14;"quarta-feira";"18:05:00";"RS";116;265,6;"CANOAS";"Acessar a via sem observar a presença dos outros veículos";"Colisão transversal";"Sem Vítimas";"Plena Noite";"Crescente";"Garoa/Chuvisco";"Dupla";"Reta";"Sim";2;0;0;0;1;1;0;2;-29,92940349;-51,17786775;"SPRF-RS";"DEL01-RS";"UOP01-DEL01-RS"
529517;2023-06-14;"quarta-feira";"18:30:00";"ES";101;395;"RIO NOVO DO SUL";"Manobra de mudança de faixa";"Colisão lateral sentido oposto";"Com Vítimas Feridas";"Plena Noite";"Crescente";"Céu Claro";"Simples";"Reta";"Sim";2;0;1;0;0;1;1;2;-20,86594262;-40,93257592;"SPRF-ES";"DEL03-ES";"UOP02-DEL03-ES"
529518;2023-06-14;"quarta-feira";"19:27:00";"PR";277;299;"PRUDENTOPOLIS";"Reação tardia ou ineficiente do condutor";"Saída de leito carroçável";"Sem Vítimas";"Anoitecer";"Crescente";"Chuva";"Dupla";"Reta";"Sim";6;0;0;0;6;0;0;1;-25,3142531;-51,08912399;"SPRF-PR";"DEL08-PR";"UOP01-DEL08-PR"
529519;2023-06-14;"quarta-feira";"18:50:00";"PI";316;5;"TERESINA";"Demais falhas mecânicas ou elétricas";"Tombamento";"Com Vítimas Feridas";"Plena Noite";"Crescente";"Céu Claro";"Dupla";"Reta";"Sim";2;0;1;1;0;0;2;1;-5,14169858;-42,78157276;"SPRF-PI";"DEL01-PI";"UOP02-DEL01-PI"
529521;2023-06-14;"quarta-feira";"19:05:00";"RJ";116;143;"DUQUE DE CAXIAS";"Acessar a via sem observar a presença dos outros veículos";"Atropelamento de Pedestre";"Com Vítimas Feridas";"Plena Noite";"Crescente";"Céu Claro";"Dupla";"Reta";"Sim";2;0;1;0;1;0;1;2;-22,65237271;-43,23918118;"SPRF-RJ";"DEL01-RJ";"UOP01-DEL01-RJ"
529522;2023-06-14;"quarta-feira";"18:30:00";"MG";50;193;"UBERABA";"Ausência de reação do condutor";"Colisão traseira";"Com Vítimas Feridas";"Plena Noite";"Decrescente";"Céu Claro";"Dupla";"Reta";"Não";2;0;0;1;1;0;1;2;-19,87965993;-47,85365089;"SPRF-MG";"DEL13-MG";"UOP01-DEL13-MG"
529523;2023-06-14;"quarta-feira";"20:20:00";"PI";343;588;"FLORIANO";"Ingestão de álcool pelo condutor";"Colisão lateral mesmo sentido";"Sem Vítimas";"Plena Noite";"Decrescente";"Ignorado";"Dupla";"Reta";"Sim";2;0;0;0;2;0;0;2;-6,780452;-43,002651;"SPRF-PI";"DEL03-PI";"UOP01-DEL03-PI"
529524;2023-06-14;"quarta-feira";"21:15:00";"PR";272;368;"CAMPO MOURAO";"Iluminação deficiente";"Atropelamento de Pedestre";"Com Vítimas Feridas";"Plena Noite";"Decrescente";"Chuva";"Dupla";"Reta";"Sim";2;0;1;0;1;0;1;2;-24,054125;-52,409742;"SPRF-PR";"DEL09-PR";"UOP03-DEL09-PR"
529525;2023-06-14;"quarta-feira";"19:00:00";"RO";364;438;"JARU";"Velocidade Incompatível";"Saída de leito carroçável";"Com Vítimas Feridas";"Plena Noite";"Decrescente";"Nublado";"Simples";"Reta;Aclive";"Não";2;0;2;0;0;0;2;1;-10,36530904;-62,56654003;"SPRF-RO";"DEL03-RO";"UOP02-DEL03-RO"
529528;2023-06-14;"quarta-feira";"21:50:00";"BA";324;620;"SALVADOR";"Pista Escorregadia";"Queda de ocupante de veículo";"Com Vítimas Feridas";"Plena Noite";"Decrescente";"Chuva";"Dupla";"Reta";"Não";1;0;1;0;0;0;1;1;-12,90482172;-38,45556535;"SPRF-BA";"DEL01-BA";"UOP01-DEL01-BA"
529529;2023-06-14;"quarta-feira";"18:40:00";"RJ";116;137;"MAGE";"Reação tardia ou ineficiente do condutor";"Atropelamento de Pedestre";"Com Vítimas Feridas";"Anoitecer";"Crescente";"Nublado";"Dupla";"Reta";"Sim";3;0;1;2;0;0;3;2;-22,64791994;-43,18200799;"SPRF-RJ";"DEL01-RJ";"UOP01-DEL01-RJ"
529530;2023-06-14;"quarta-feira";"20:30:00";"MG";50;1;"ARAGUARI";"Ingestão de substâncias psicoativas pelo condutor";"Queda de ocupante de veículo";"Com Vítimas Feridas";"Plena Noite";"Decrescente";"Céu Claro";"Dupla";"Curva;Declive";"Não";1;0;1;0;0;0;1;1;-18,42982393;-48,06250588;"SPRF-MG";"DEL15-MG";"UOP02-DEL15-MG"
529533;2023-06-14;"quarta-feira";"22:00:00";"SC";101;129;"BALNEARIO CAMBORIU";"Condutor usando celular";"Colisão frontal";"Com Vítimas Feridas";"Plena Noite";"Crescente";"Chuva";"Simples";"Curva";"Não";2;0;1;0;1;0;1;2;-26,98064277;-48,6790679;"SPRF-SC";"DEL04-SC";"UOP03-DEL04-SC"
529535;2023-06-14;"quarta-feira";"23:30:00";"BA";116;397;"SANTA BARBARA";"Reação tardia ou ineficiente do condutor";"Colisão traseira";"Com Vítimas Feridas";"Plena Noite";"Crescente";"Nublado";"Dupla";"Reta";"Não";5;0;0;1;3;1;1;2;-12,01948908;-38,97103638;"SPRF-BA";"DEL02-BA";"UOP01-DEL02-BA"
529539;2023-06-14;"quarta-feira";"19:40:00";"RJ";101;417,8;"MANGARATIBA";"Velocidade Incompatível";"Colisão frontal";"Com Vítimas Fatais";"Plena Noite";"Crescente";"Chuva";"Simples";"Declive";"Não";4;1;1;2;0;0;3;2;-22,91293797;-43,89732384;"SPRF-RJ";"DEL03-RJ";"UOP02-DEL03-RJ"
529540;2023-06-14;"quarta-feira";"23:50:00";"SC";282;541,6;"CHAPECO";"Avarias e/ou desgaste excessivo no pneu";"Saída de leito carroçável";"Sem Vítimas";"Plena Noite";"Decrescente";"Chuva";"Simples";"Curva";"Não";1;0;0;0;0;1;0;1;-26,997713;-52,699165;"SPRF-SC";"DEL07-SC";"UOP01-DEL07-SC"
529541;2023-06-15;"quinta-feira";"01:50:00";"MG";40;576;"ITABIRITO";"Ingestão de álcool pelo condutor";"Colisão com objeto";"Sem Vítimas";"Plena Noite";"Crescente";"Nevoeiro/Neblina";"Simples";"Interseção de Vias;Reta";"Não";1;0;0;0;1;0;0;1;-20,26485707;-43,9573481;"SPRF-MG";"DEL01-MG";"UOP02-DEL01-MG"
529544;2023-06-15;"quinta-feira";"03:30:00";"PB";230;391,4;"SAO BENTINHO";"Transitar na contramão";"Colisão frontal";"Com Vítimas Fatais";"Plena Noite";"Decrescente";"Céu Claro";"Simples";"Curva";"Sim";2;1;0;0;0;1;0;2;-6,8904;-37,7258;"SPRF-PB";"DEL03-PB";"UOP02-DEL03-PB"
529545;2023-06-15;"quinta-feira";"02:40:00";"AL";101;121;"SAO MIGUEL DOS CAMPOS";"Acesso irregular";"Capotamento";"Sem Vítimas";"Plena Noite";"Crescente";"Chuva";"Dupla";"Curva;Declive";"Não";2;0;0;0;2;0;0;1;-9,68903191;-36,03448792;"SPRF-AL";"DEL02-AL";"UOP01-DEL02-AL"
529547;2023-06-14;"quarta-feira";"18:30:00";"PR";369;439;"UBIRATA";"Chuva";"Colisão com objeto";"Sem Vítimas";"Plena Noite";"Crescente";"Chuva";"Simples";"Interseção de Vias;Reta";"Não";1;0;0;0;0;1;0;1;-24,5074;-52,9186;"SPRF-PR";"DEL04-PR";"UOP03-DEL04-PR"
529548;2023-06-15;"quinta-feira";"04:50:00";"SC";101;25;"JOINVILLE";"Desrespeitar a preferência no cruzamento";"Colisão transversal";"Com Vítimas Feridas";"Amanhecer";"Decrescente";"Chuva";"Simples";"Interseção de Vias";"Sim";2;0;0;1;1;0;1;2;-26,1834739;-48,9105912;"SPRF-SC";"DEL03-SC";"UOP01-DEL03-SC"
529549;2023-06-15;"quinta-feira";"03:43:00";"RN";304;116,4;"ITAJA";"Chuva";"Colisão com objeto";"Com Vítimas Feridas";"Plena Noite";"Crescente";"Chuva";"Simples";"Ponte";"Não";2;0;1;1;0;0;2;1;-5,6259351;-36,87237305;"SPRF-RN";"DEL04-RN";"UOP01-DEL04-RN"
529550;2023-06-15;"quinta-feira";"02:40:00";"SP";116;440;"REGISTRO";"Velocidade Incompatível";"Saída de leito carroçável";"Sem Vítimas";"Plena Noite";"Decrescente";"Céu Claro";"Dupla";"Reta";"Sim";4;0;0;0;3;1;0;2;-24,46159507;-47,81713991;"SPRF-SP";"DEL05-SP";"UOP01-DEL05-SP"
529552;2023-06-15;"quinta-feira";"06:00:00";"ES";101;137;"LINHARES";"Acessar a via sem observar a presença dos outros veículos";"Colisão transversal";"Com Vítimas Feridas";"Pleno dia";"Crescente";"Céu Claro";"Simples";"Reta";"Não";2;0;1;0;0;1;1;2;-19,29308199;-40,08591691;"SPRF-ES";"DEL04-ES";"UOP01-DEL04-ES"
529554;2023-06-15;"quinta-feira";"03:37:00";"SC";470;134;"RIO DO SUL";"Ingestão de álcool pelo condutor";"Saída de leito carroçável";"Sem Vítimas";"Plena Noite";"Crescente";"Chuva";"Simples";"Reta";"Não";1;0;0;0;0;1;0;1;-27,17633268;-49,5920741;"SPRF-SC";"DEL04-SC";"UOP02-DEL04-SC"
529555;2023-06-15;"quinta-feira";"06:22:00";"AL";316;157;"PALMEIRA DOS INDIOS";"Conversão proibida";"Colisão transversal";"Com Vítimas Feridas";"Pleno dia";"Crescente";"Nublado";"Simples";"Reta";"Não";3;0;1;1;1;0;2;2;-9,42635226;-36,6189263;"SPRF-AL";"DEL03-AL";"UOP01-DEL03-AL"
529556;2023-06-15;"quinta-feira";"05:55:00";"PR";116;5,9;"QUATRO BARRAS";"Acumulo de água sobre o pavimento";"Capotamento";"Com Vítimas Feridas";"Amanhecer";"Decrescente";"Chuva";"Dupla";"Reta";"Sim";2;0;1;0;1;0;1;1;-25,3653;-49,0906;"SPRF-PR";"DEL01-PR";"UOP02-DEL01-PR"
529557;2023-06-15;"quinta-feira";"07:10:00";"PR";373;174,4;"PONTA GROSSA";"Velocidade Incompatível";"Colisão transversal";"Com Vítimas Feridas";"Pleno dia";"Crescente";"Nublado";"Múltipla";"Curva;Retorno Regulamentado";"Sim";2;0;1;0;1;0;1;2;-25,073933;-50,21081;"SPRF-PR";"DEL03-PR";"UOP01-DEL03-PR"
529558;2023-06-15;"quinta-feira";"07:20:00";"SP";116;209;"GUARULHOS";"Reação tardia ou ineficiente do condutor";"Colisão lateral mesmo sentido";"Com Vítimas Feridas";"Pleno dia";"Decrescente";"Garoa/Chuvisco";"Múltipla";"Reta";"Sim";3;0;2;0;1;0;2;2;-23,42511799;-46,40221101;"SPRF-SP";"DEL01-SP";"UOP01-DEL01-SP"
529559;2023-06-15;"quinta-feira";"06:40:00";"PE";101;42;"IGARASSU";"Reação tardia ou ineficiente do condutor";"Colisão traseira";"Com Vítimas Feridas";"Amanhecer";"Crescente";"Céu Claro";"Múltipla";"Reta";"Não";2;0;1;0;1;0;1;2;-7,83887431;-34,91196739;"SPRF-PE";"DEL01-PE";"UOP02-DEL01-PE"
529560;2023-06-15;"quinta-feira";"06:45:00";"SC";101;258,8;"PAULO LOPES";"Chuva";"Saída de leito carroçável";"Com Vítimas Feridas";"Amanhecer";"Decrescente";"Chuva";"Dupla";"Curva";"Não";1;0;1;0;0;0;1;1;-28,012535;-48,695009;"SPRF-SC";"DEL02-SC";"UOP03-DEL02-SC"
529562;2023-06-15;"quinta-feira";"07:10:00";"RJ";493;58;"DUQUE DE CAXIAS";"Avarias e/ou desgaste excessivo no pneu";"Queda de ocupante de veículo";"Com Vítimas Feridas";"Pleno dia";"Decrescente";"Nublado";"Dupla";"Reta";"Não";2;0;1;0;1;0;1;1;-22,672089;-43,285053;"SPRF-RJ";"DEL01-RJ";"UOP01-DEL01-RJ"
529564;2023-06-15;"quinta-feira";"07:30:00";"SP";116;158;"JACAREI";"Mal súbito do condutor";"Capotamento";"Com Vítimas Fatais";"Pleno dia";"Decrescente";"Céu Claro";"Simples";"Aclive";"Não";2;1;0;0;0;1;0;2;-23,26072137;-45,95179176;"SPRF-SP";"DEL02-SP";"UOP01-DEL02-SP"
529567;2023-06-15;"quinta-feira";"08:00:00";"SC";101;332,1;"TUBARAO";"Ausência de reação do condutor";"Colisão traseira";"Com Vítimas Feridas";"Pleno dia";"Decrescente";"Chuva";"Simples";"Interseção de Vias;Reta";"Sim";2;0;1;0;1;0;1;2;-28,46016431;-48,98968873;"SPRF-SC";"DEL02-SC";"UOP01-DEL02-SC"
529568;2023-06-15;"quinta-feira";"08:00:00";"SP";116;424;"JUQUIA";"Pista Escorregadia";"Queda de ocupante de veículo";"Com Vítimas Feridas";"Pleno dia";"Decrescente";"Chuva";"Dupla";"Reta";"Não";2;0;1;0;1;0;1;1;-24,3736589;-47,70692922;"SPRF-SP";"DEL05-SP";"UOP01-DEL05-SP"
529570;2023-06-14;"quarta-feira";"23:30:00";"MA";230;462,4;"RIACHAO";"Reação tardia ou ineficiente do condutor";"Saída de leito carroçável";"Com Vítimas Fatais";"Plena Noite";"Decrescente";"Céu Claro";"Simples";"Declive;Reta";"Não";1;1;0;0;0;0;0;1;-7,358368;-46,535912;"SPRF-MA";"DEL05-MA";"UOP01-DEL05-MA"
529573;2023-06-15;"quinta-feira";"07:45:00";"RS";285;338,6;"CARAZINHO";"Acessar a via sem observar a presença dos outros veículos";"Colisão transversal";"Com Vítimas Feridas";"Pleno dia";"Decrescente";"Chuva";"Simples";"Interseção de Vias;Reta";"Sim";2;0;2;0;0;0;2;2;-28,31532;-52,78045;"SPRF-RS";"DEL08-RS";"UOP03-DEL08-RS"
529574;2023-06-15;"quinta-feira";"08:55:00";"MG";381;942;"EXTREMA";"Velocidade Incompatível";"Saída de leito carroçável";"Com Vítimas Feridas";"Pleno dia";"Decrescente";"Chuva";"Dupla";"Curva";"Não";2;0;1;0;0;1;1;2;-22,86605937;-46,34940386;"SPRF-MG";"DEL16-MG";"UOP03-DEL16-MG"
529575;2023-06-15;"quinta-feira";"08:30:00";"MG";381;752;"TRES CORACOES";"Ausência de reação do condutor";"Colisão com objeto";"Com Vítimas Feridas";"Pleno dia";"Decrescente";"Chuva";"Dupla";"Curva";"Não";1;0;1;0;0;0;1;1;-21,65756297;-45,30150175;"SPRF-MG";"DEL16-MG";"UOP02-DEL16-MG"
529577;2023-03-18;"sábado";"17:25:00";"RS";158;327;"SANTA MARIA";"Transitar na contramão";"Colisão frontal";"Com Vítimas Feridas";"Pleno dia";"Crescente";"Céu Claro";"Simples";"Curva";"Sim";2;0;1;1;0;0;2;2;-29,714945;-53,81083;"SPRF-RS";"DEL09-RS";"UOP01-DEL09-RS"
529578;2023-04-29;"sábado";"00:10:00";"MA";316;228,3;"BOM JARDIM";"Demais falhas mecânicas ou elétricas";"Incêndio";"Sem Vítimas";"Plena Noite";"Crescente";"Céu Claro";"Simples";"Reta";"Não";1;0;0;0;1;0;0;1;-3,526411;-45,627937;"SPRF-MA";"DEL02-MA";"UOP01-DEL02-MA"