"id";"data_inversa";"dia_semana";"horario";"uf";"br";"km";"municipio";"causa_acidente";"tipo_acidente";"classificacao_acidente";"fase_dia";"sentido_via";"condicao_metereologica";"tipo_pista";"tracado_via";"uso_solo";"pessoas";"mortos";"feridos_leves";"feridos_graves";"ilesos";"ignorados";"feridos";"veiculos";"latitude";"longitude";"regional";"delegacia";"uop"
529705;2023-06-15;"quinta-feira";"19:40:00";"RJ";101;488;"ANGRA DOS REIS";"Entrada inopinada do pedestre";"Atropelamento de Pedestre";"Com Vítimas Feridas";"Plena Noite";"Crescente";"Chuva";"Simples";"Curva";"Sim";2;0;0;1;1;0;1;2;-22,96020896;-44,29612622;"SPRF-RJ";"DEL03-RJ";"UOP03-DEL03-RJ"
529706;2023-04-24;"segunda-feira";"19:50:00";"RJ";101;269;"RIO BONITO";"Reação tardia ou ineficiente do condutor";"Colisão traseira";"Com Vítimas Feridas";"Plena Noite";"Decrescente";"Céu Claro";"Dupla";"Reta";"Sim";2;0;1;0;1;0;1;2;-22,71495082;-42,67804708;"SPRF-RJ";"DEL02-RJ";"UOP03-DEL02-RJ"
529708;2023-06-15;"quinta-feira";"06:00:00";"BA";235;348;"JUAZEIRO";"Animais na Pista";"Atropelamento de Animal";"Com Vítimas Fatais";"Amanhecer";"Crescente";"Ignorado";"Simples";"Reta";"Não";2;1;0;0;0;1;0;2;-9,4406722;-40,4938084;"SPRF-PE";"DEL06-PE";"UOP01-DEL06-PE"
529709;2023-06-15;"quinta-feira";"18:10:00";"CE";222;313,5;"TIANGUA";"Iluminação deficiente";"Colisão traseira";"Com Vítimas Fatais";"Plena Noite";"Decrescente";"Céu Claro";"Simples";"Reta";"Sim";2;1;1;0;0;0;1;2;-3,7236142;-40,99670064;"SPRF-CE";"DEL04-CE";"UOP02-DEL04-CE"
529710;2023-06-15;"quinta-feira";"22:50:00";"GO";153;430;"ANAPOLIS";"Ingestão de álcool pelo condutor";"Colisão com objeto";"Com Vítimas Feridas";"Plena Noite";"Crescente";"Nublado";"Dupla";"Declive;Curva";"Sim";1;0;0;1;0;0;1;1;-16,25157;-48,99474;"SPRF-GO";"DEL02-GO";"UOP01-DEL02-GO"
529711;2023-06-15;"quinta-feira";"21:25:00";"SC";101;375,9;"ICARA";"Ausência de reação do condutor";"Saída de leito carroçável";"Com Vítimas Feridas";"Plena Noite";"Decrescente";"Garoa/Chuvisco";"Dupla";"Reta";"Não";3;0;2;0;1;0;2;1;-28,72014713;-49,23508784;"SPRF-SC";"DEL02-SC";"UOP01-DEL02-SC"
529712;2023-06-15;"quinta-feira";"23:10:00";"RS";386;360,2;"ESTRELA";"Velocidade Incompatível";"Saída de leito carroçável";"Sem Vítimas";"Plena Noite";"Crescente";"Chuva";"Dupla";"Retorno Regulamentado;Curva";"Não";1;0;0;0;1;0;0;1;-29,54776245;-51,90832436;"SPRF-RS";"DEL04-RS";"UOP01-DEL04-RS"
529713;2023-06-15;"quinta-feira";"20:00:00";"MT";364;559;"NOBRES";"Ausência de reação do condutor";"Saída de leito carroçável";"Com Vítimas Feridas";"Plena Noite";"Crescente";"Céu Claro";"Dupla";"Curva";"Não";2;0;0;1;1;0;1;1;-14,78924525;-56,39471587;"SPRF-MT";"DEL01-MT";"UOP01-DEL01-MT"
529715;2023-06-15;"quinta-feira";"23:00:00";"MA";10;257,3;"IMPERATRIZ";"Manobra de mudança de faixa";"Colisão transversal";"Com Vítimas Feridas";"Plena Noite";"Crescente";"Nublado";"Múltipla";"Reta";"Não";2;0;0;2;0;0;2;2;-5,490634;-47,471973;"SPRF-MA";"DEL04-MA";"UOP01-DEL04-MA"
529716;2023-06-15;"quinta-feira";"23:00:00";"PR";369;162;"CAMBE";"Condutor deixou de manter distância do veículo da frente";"Colisão traseira";"Com Vítimas Feridas";"Plena Noite";"Decrescente";"Céu Claro";"Dupla";"Aclive;Reta";"Sim";2;0;1;1;0;0;2;2;-23,29032943;-51,26386112;"SPRF-PR";"DEL07-PR";"UOP01-DEL07-PR"
529717;2023-06-15;"quinta-feira";"22:50:00";"PI";316;270;"IPIRANGA DO PIAUI";"Ausência de reação do condutor";"Capotamento";"Com Vítimas Feridas";"Plena Noite";"Crescente";"Céu Claro";"Simples";"Reta";"Não";3;0;0;3;0;0;3;1;-6,91631897;-41,74328344;"SPRF-PI";"DEL04-PI";"UOP02-DEL04-PI"
529718;2023-06-15;"quinta-feira";"23:40:00";"MS";163;311,3;"RIO BRILHANTE";"Pedestre andava na pista";"Atropelamento de Pedestre";"Com Vítimas Fatais";"Plena Noite";"Decrescente";"Nevoeiro/Neblina";"Dupla";"Reta";"Não";5;1;1;0;3;0;1;2;-21,88665197;-54,52405751;"SPRF-MS";"DEL02-MS";"UOP02-DEL02-MS"
529719;2023-06-15;"quinta-feira";"22:20:00";"MT";70;521;"VARZEA GRANDE";"Manobra de mudança de faixa";"Colisão transversal";"Com Vítimas Feridas";"Plena Noite";"Decrescente";"Ignorado";"Simples";"Reta";"Não";2;0;1;0;1;0;1;2;-15,65279213;-56,19300842;"SPRF-MT";"DEL01-MT";"UOP02-DEL01-MT"
529723;2023-06-16;"sexta-feira";"01:20:00";"ES";101;265,7;"SERRA";"Condutor Dormindo";"Colisão com objeto";"Com Vítimas Feridas";"Plena Noite";"Crescente";"Céu Claro";"Dupla";"Reta";"Sim";1;0;1;0;0;0;1;1;-20,190199;-40,26828891;"SPRF-ES";"DEL02-ES";"UOP01-DEL02-ES"
529724;2023-06-16;"sexta-feira";"01:30:00";"BA";116;427;"FEIRA DE SANTANA";"Animais na Pista";"Atropelamento de Animal";"Sem Vítimas";"Plena Noite";"Decrescente";"Céu Claro";"Dupla";"Reta";"Sim";1;0;0;0;0;1;0;1;-12,26254657;-38,98933053;"SPRF-BA";"DEL02-BA";"UOP01-DEL02-BA"
529727;2023-06-16;"sexta-feira";"02:30:00";"SP";116;211;"GUARULHOS";"Reação tardia ou ineficiente do condutor";"Colisão traseira";"Com Vítimas Feridas";"Plena Noite";"Crescente";"Garoa/Chuvisco";"Dupla";"Reta";"Sim";3;0;2;0;1;0;2;2;-23,4324306;-46,4194352;"SPRF-SP";"DEL01-SP";"UOP01-DEL01-SP"
529729;2023-06-16;"sexta-feira";"02:29:00";"MG";381;671,5;"PERDOES";"Ausência de reação do condutor";"Colisão com objeto";"Com Vítimas Feridas";"Plena Noite";"Decrescente";"Céu Claro";"Dupla";"Reta";"Não";2;0;1;0;1;0;1;1;-21,08945416;-45,06864195;"SPRF-MG";"DEL04-MG";"UOP02-DEL04-MG"
529730;2023-06-16;"sexta-feira";"02:35:00";"SC";101;196,6;"BIGUACU";"Ingestão de álcool pelo condutor";"Saída de leito carroçável";"Com Vítimas Feridas";"Plena Noite";"Crescente";"Céu Claro";"Múltipla";"Curva";"Sim";1;0;1;0;0;0;1;1;-27,51101091;-48,64322292;"SPRF-SC";"DEL01-SC";"UOP01-DEL01-SC"
529731;2023-06-15;"quinta-feira";"21:20:00";"MS";163;266;"DOURADOS";"Ausência de reação do condutor";"Colisão com objeto";"Com Vítimas Feridas";"Plena Noite";"Crescente";"Vento";"Dupla";"Rotatória";"Sim";1;0;1;0;0;0;1;1;-22,21821026;-54,72287079;"SPRF-MS";"DEL04-MS";"UOP01-DEL04-MS"
529732;2023-06-16;"sexta-feira";"04:40:00";"SP";381;85,5;"GUARULHOS";"Pista esburacada";"Queda de ocupante de veículo";"Com Vítimas Feridas";"Plena Noite";"Crescente";"Chuva";"Dupla";"Reta";"Sim";1;0;1;0;0;0;1;1;-23,449343;-46,56983501;"SPRF-SP";"DEL03-SP";"UOP01-DEL03-SP"
529733;2023-06-16;"sexta-feira";"05:10:00";"GO";40;5,1;"VALPARAISO DE GOIAS";"Acessar a via sem observar a presença dos outros veículos";"Colisão transversal";"Com Vítimas Feridas";"Plena Noite";"Decrescente";"Céu Claro";"Dupla";"Reta";"Sim";2;0;1;0;1;0;1;2;-16,09349237;-47,98171705;"SPRF-DF";"DEL01-DF";"UOP01-DEL01-DF"
529734;2023-06-12;"segunda-feira";"07:10:00";"MG";116;700,8;"MURIAE";"Conversão proibida";"Colisão lateral mesmo sentido";"Com Vítimas Feridas";"Pleno dia";"Decrescente";"Céu Claro";"Simples";"Reta";"Sim";2;0;1;0;1;0;1;2;-21,10258681;-42,37840131;"SPRF-MG";"DEL07-MG";"UOP02-DEL07-MG"
529736;2023-06-15;"quinta-feira";"23:15:00";"MG";365;706;"MONTE ALEGRE DE MINAS";"Velocidade Incompatível";"Capotamento";"Com Vítimas Feridas";"Plena Noite";"Decrescente";"Ignorado";"Dupla";"Curva";"Não";4;0;2;0;2;0;2;1;-18,8789182;-49,05482003;"SPRF-MG";"DEL15-MG";"UOP03-DEL15-MG"
529738;2023-06-16;"sexta-feira";"05:45:00";"BA";116;816,3;"VITORIA DA CONQUISTA";"Velocidade Incompatível";"Atropelamento de Animal";"Com Vítimas Feridas";"Amanhecer";"Crescente";"Nublado";"Simples";"Reta";"Sim";1;0;1;0;0;0;1;1;-14,82272254;-40,81686974;"SPRF-BA";"DEL08-BA";"UOP01-DEL08-BA"
529739;2023-04-09;"domingo";"17:30:00";"MG";50;18,3;"UBERLANDIA";"Acessar a via sem observar a presença dos outros veículos";"Colisão traseira";"Com Vítimas Feridas";"Pleno dia";"Crescente";"Céu Claro";"Dupla";"Interseção de Vias";"Não";2;0;0;1;1;0;1;2;-18,92793854;-48,19198317;"SPRF-MG";"DEL15-MG";"UOP01-DEL15-MG"
529741;2023-06-15;"quinta-feira";"15:00:00";"RJ";116;176;"SAO JOAO DE MERITI";"Acessar a via sem observar a presença dos outros veículos";"Colisão traseira";"Com Vítimas Feridas";"Pleno dia";"Crescente";"Céu Claro";"Múltipla";"Reta";"Sim";3;0;1;0;2;0;1;2;-22,7839538;-43,38195488;"SPRF-RJ";"DEL01-RJ";"UOP02-DEL01-RJ"
529744;2023-06-16;"sexta-feira";"06:46:00";"DF";70;18,7;"BRASILIA";"Ausência de reação do condutor";"Colisão traseira";"Com Vítimas Feridas";"Amanhecer";"Decrescente";"Céu Claro";"Dupla";"Reta";"Não";2;0;1;0;1;0;1;2;-15,791093;-48,21096;"SPRF-DF";"DEL03-DF";"UOP02-DEL03-DF"
529745;2023-06-15;"quinta-feira";"18:30:00";"PE";232;508;"SALGUEIRO";"Animais na Pista";"Queda de ocupante de veículo";"Com Vítimas Feridas";"Plena Noite";"Decrescente";"Nublado";"Simples";"Reta;Interseção de Vias";"Sim";1;0;1;0;0;0;1;1;-8,062636;-39,122597;"SPRF-PE";"DEL05-PE";"UOP01-DEL05-PE"
529747;2023-06-16;"sexta-feira";"07:20:00";"RS";386;34,8;"FREDERICO WESTPHALEN";"Ingestão de álcool pelo condutor";"Colisão traseira";"Com Vítimas Feridas";"Pleno dia";"Crescente";"Garoa/Chuvisco";"Simples";"Interseção de Vias;Reta";"Sim";2;0;1;0;1;0;1;2;-27,3644117;-53,39381218;"SPRF-RS";"DEL08-RS";"UOP02-DEL08-RS"
529748;2023-06-16;"sexta-feira";"04:54:00";"TO";226;32,5;"PALMEIRAS DO TOCANTINS";"Ausência de reação do condutor";"Colisão lateral sentido oposto";"Sem Vítimas";"Amanhecer";"Crescente";"Nublado";"Simples";"Curva;Aclive";"Não";1;0;0;0;0;1;0;1;-6,65475035;-47,7211225;"SPRF-TO";"DEL02-TO";"UOP03-DEL02-TO"
529749;2023-06-04;"domingo";"20:50:00";"ES";101;299;"VIANA";"Ingestão de álcool pelo condutor";"Colisão traseira";"Com Vítimas Feridas";"Plena Noite";"Crescente";"Nublado";"Múltipla";"Reta";"Sim";2;0;0;1;1;0;1;2;-20,35860628;-40,42327504;"SPRF-ES";"DEL01-ES";"UOP01-DEL01-ES"
529750;2023-06-16;"sexta-feira";"07:07:00";"SC";101;201;"SAO JOSE";"Manobra de mudança de faixa";"Queda de ocupante de veículo";"Com Vítimas Feridas";"Pleno dia";"Crescente";"Céu Claro";"Dupla";"Reta";"Sim";2;0;1;0;1;0;1;2;-27,54836599;-48,61977975;"SPRF-SC";"DEL01-SC";"UOP01-DEL01-SC"
529751;2023-06-15;"quinta-feira";"18:50:00";"RJ";393;298;"BARRA MANSA";"Demais falhas mecânicas ou elétricas";"Colisão traseira";"Com Vítimas Feridas";"Plena Noite";"Crescente";"Chuva";"Simples";"Aclive;Curva";"Sim";3;0;0;2;0;1;2;2;-22,546487;-44,113472;"SPRF-RJ";"DEL07-RJ";"UOP02-DEL07-RJ"
529753;2023-06-16;"sexta-feira";"07:40:00";"SC";101;199;"SAO JOSE";"Reação tardia ou ineficiente do condutor";"Colisão traseira";"Com Vítimas Feridas";"Pleno dia";"Crescente";"Céu Claro";"Dupla";"Reta";"Sim";2;0;0;1;1;0;1;2;-27,53246287;-48,63137841;"SPRF-SC";"DEL01-SC";"UOP01-DEL01-SC"
529754;2023-06-16;"sexta-feira";"06:20:00";"SC";101;214,7;"PALHOCA";"Reação tardia ou ineficiente do condutor";"Colisão traseira";"Com Vítimas Feridas";"Pleno dia";"Crescente";"Céu Claro";"Simples";"Reta";"Sim";3;0;1;0;2;0;1;2;-27,64443;-48,67057;"SPRF-SC";"DEL01-SC";"UOP02-DEL01-SC"
529755;2023-06-16;"sexta-feira";"06:20:00";"MG";381;400,9;"BOM JESUS DO AMPARO";"Reação tardia ou ineficiente do condutor";"Colisão com objeto";"Com Vítimas Feridas";"Amanhecer";"Decrescente";"Nublado";"Dupla";"Aclive;Curva";"Não";1;0;1;0;0;0;1;1;-19,74743793;-43,52145519;"SPRF-MG";"DEL01-MG";"UOP01-DEL01-MG"
529756;2023-06-16;"sexta-feira";"07:30:00";"SC";101;214;"PALHOCA";"Manobra de mudança de faixa";"Colisão traseira";"Com Vítimas Feridas";"Pleno dia";"Decrescente";"Céu Claro";"Múltipla";"Reta";"Sim";3;0;0;1;2;0;1;3;-27,64443;-48,67057;"SPRF-SC";"DEL01-SC";"UOP02-DEL01-SC"
529759;2023-06-16;"sexta-feira";"07:30:00";"PE";101;74;"RECIFE";"Retorno proibido";"Colisão transversal";"Com Vítimas Feridas";"Pleno dia";"Decrescente";"Céu Claro";"Dupla";"Reta";"Não";1;0;0;1;0;0;1;1;-8,10146485;-34,94901577;"SPRF-PE";"DEL01-PE";"UOP01-DEL01-PE"
529760;2023-06-16;"sexta-feira";"07:05:00";"PE";101;85,4;"JABOATAO DOS GUARARAPES";"Trafegar com motocicleta (ou similar) entre as faixas";"Colisão lateral mesmo sentido";"Sem Vítimas";"Pleno dia";"Crescente";"Céu Claro";"Simples";"Reta";"Sim";2;0;0;0;1;1;0;2;-8,18065563;-34,95965322;"SPRF-PE";"DEL01-PE";"UOP01-DEL01-PE"
529761;2023-06-16;"sexta-feira";"06:30:00";"RJ";116;148;"DUQUE DE CAXIAS";"Avarias e/ou desgaste excessivo no pneu";"Queda de ocupante de veículo";"Com Vítimas Feridas";"Pleno dia";"Decrescente";"Céu Claro";"Múltipla";"Reta";"Sim";2;0;1;0;1;0;1;1;-22,6723488;-43,28215398;"SPRF-RJ";"DEL01-RJ";"UOP01-DEL01-RJ"
529763;2023-06-16;"sexta-feira";"07:00:00";"SP";116;270,8;"TABOAO DA SERRA";"Ingestão de álcool pelo condutor";"Colisão traseira";"Sem Vítimas";"Amanhecer";"Decrescente";"Céu Claro";"Múltipla";"Reta";"Sim";2;0;0;0;2;0;0;2;-23,61799728;-46,79677694;"SPRF-SP";"DEL04-SP";"UOP01-DEL04-SP"
529764;2023-06-16;"sexta-feira";"08:00:00";"SC";282;507,9;"XANXERE";"Ingestão de álcool pelo condutor";"Saída de leito carroçável";"Sem Vítimas";"Pleno dia";"Decrescente";"Chuva";"Simples";"Curva;Declive";"Não";1;0;0;0;1;0;0;1;-26,886171;-52,43911;"SPRF-SC";"DEL07-SC";"UOP01-DEL07-SC"
529765;2023-06-15;"quinta-feira";"06:15:00";"RJ";493;21;"MAGE";"Reação tardia ou ineficiente do condutor";"Tombamento";"Com Vítimas Feridas";"Pleno dia";"Crescente";"Céu Claro";"Simples";"Reta";"Não";1;0;0;1;0;0;1;1;-22,66151289;-43,04480692;"SPRF-RJ";"DEL04-RJ";"UOP02-DEL04-RJ"
529767;2023-06-16;"sexta-feira";"08:15:00";"PR";277;254;"IRATI";"Reação tardia ou ineficiente do condutor";"Colisão lateral mesmo sentido";"Com Vítimas Feridas";"Pleno dia";"Crescente";"Céu Claro";"Simples";"Reta";"Não";2;0;2;0;0;0;2;2;-25,44185051;-50,68868994;"SPRF-PR";"DEL08-PR";"UOP02-DEL08-PR"
529768;2023-06-16;"sexta-feira";"07:53:00";"SC";470;141;"RIO DO SUL";"Ausência de reação do condutor";"Colisão traseira";"Com Vítimas Feridas";"Pleno dia";"Decrescente";"Sol";"Simples";"Aclive;Reta";"Sim";2;0;1;0;1;0;1;2;-27,20740784;-49,64880466;"SPRF-SC";"DEL04-SC";"UOP02-DEL04-SC"
529769;2023-06-16;"sexta-feira";"08:00:00";"GO";153;511;"APARECIDA DE GOIANIA";"Ausência de reação do condutor";"Engavetamento";"Com Vítimas Feridas";"Pleno dia";"Crescente";"Céu Claro";"Dupla";"Reta";"Não";4;0;1;0;3;0;1;4;-16,8067;-49,2394;"SPRF-GO";"DEL01-GO";"UOP03-DEL01-GO"
529771;2023-06-16;"sexta-feira";"06:00:00";"PR";373;450,7;"CHOPINZINHO";"Ultrapassagem Indevida";"Colisão frontal";"Com Vítimas Fatais";"Amanhecer";"Decrescente";"Nevoeiro/Neblina";"Simples";"Curva";"Não";4;1;1;0;2;0;1;3;-25,88272;-52,350645;"SPRF-PR";"DEL02-PR";"UOP01-DEL02-PR"
529773;2023-06-08;"quinta-feira";"12:30:00";"PR";476;275;"SAO MATEUS DO SUL";"Reação tardia ou ineficiente do condutor";"Colisão traseira";"Com Vítimas Feridas";"Pleno dia";"Decrescente";"Céu Claro";"Simples";"Reta";"Sim";2;0;1;0;0;1;1;2;-25,88582;-50,38245;"SPRF-PR";"DEL02-PR";"UOP03-DEL02-PR"
529775;2023-06-16;"sexta-feira";"08:05:00";"SC";101;132;"BALNEARIO CAMBORIU";"Reação tardia ou ineficiente do condutor";"Colisão traseira";"Com Vítimas Feridas";"Pleno dia";"Crescente";"Céu Claro";"Simples";"Reta";"Sim";4;0;2;0;2;0;2;3;-26,99654133;-48,65564711;"SPRF-SC";"DEL04-SC";"UOP03-DEL04-SC"
529778;2023-06-16;"sexta-feira";"08:46:00";"SP";116;53,2;"LORENA";"Trafegar com motocicleta (ou similar) entre as faixas";"Tombamento";"Com Vítimas Feridas";"Pleno dia";"Crescente";"Nublado";"Dupla";"Reta";"Não";1;0;0;1;0;0;1;1;-22,75255433;-45,10741076;"SPRF-SP";"DEL08-SP";"UOP02-DEL08-SP"
529779;2023-06-16;"sexta-feira";"08:30:00";"TO";153;486;"PARAISO DO TOCANTINS";"Velocidade Incompatível";"Colisão traseira";"Com Vítimas Feridas";"Pleno dia";"Decrescente";"Céu Claro";"Simples";"Reta";"Não";3;0;2;0;1;0;2;2;-10,09345995;-48,86587107;"SPRF-TO";"DEL01-TO";"UOP01-DEL01-TO"
529782;2023-06-16;"sexta-feira";"09:00:00";"SP";116;158;"SAO JOSE DOS CAMPOS";"Reação tardia ou ineficiente do condutor";"Colisão traseira";"Com Vítimas Feridas";"Pleno dia";"Decrescente";"Nublado";"Dupla";"Aclive;Reta";"Não";2;0;0;1;1;0;1;2;-23,26072137;-45,95179176;"SPRF-SP";"DEL02-SP";"UOP01-DEL02-SP"
529783;2023-06-16;"sexta-feira";"09:00:00";"MG";381;484;"BETIM";"Manobra de mudança de faixa";"Colisão traseira";"Com Vítimas Feridas";"Pleno dia";"Decrescente";"Céu Claro";"Dupla";"Aclive;Reta";"Sim";2;0;0;1;1;0;1;2;-19,95531717;-44,11722196;"SPRF-MG";"DEL01-MG";"UOP03-DEL01-MG"
529784;2023-06-12;"segunda-feira";"10:40:00";"RJ";101;313;"SAO GONCALO";"Manobra de mudança de faixa";"Colisão lateral mesmo sentido";"Com Vítimas Feridas";"Pleno dia";"Crescente";"Céu Claro";"Dupla";"Reta";"Sim";2;0;1;0;1;0;1;2;-22,81049093;-43,06983304;"SPRF-RJ";"DEL02-RJ";"UOP02-DEL02-RJ"
529785;2023-06-16;"sexta-feira";"06:00:00";"GO";60;226,9;"CEZARINA";"Pista Escorregadia";"Colisão com objeto";"Com Vítimas Feridas";"Plena Noite";"Decrescente";"Ignorado";"Dupla";"Reta";"Não";1;0;0;1;0;0;1;1;-17,0231;-49,7776;"SPRF-GO";"DEL01-GO";"UOP02-DEL01-GO"
529787;2023-06-04;"domingo";"18:00:00";"MS";463;18;"DOURADOS";"Ausência de reação do condutor";"Queda de ocupante de veículo";"Com Vítimas Feridas";"Anoitecer";"Crescente";"Céu Claro";"Simples";"Rotatória";"Não";1;0;1;0;0;0;1;1;-22,24831947;-54,97022152;"SPRF-MS";"DEL04-MS";"UOP03-DEL04-MS"
529788;2023-06-16;"sexta-feira";"09:00:00";"MG";40;597,6;"OURO PRETO";"Manobra de mudança de faixa";"Colisão traseira";"Com Vítimas Feridas";"Pleno dia";"Crescente";"Sol";"Simples";"Declive;Reta";"Não";3;0;3;0;0;0;3;2;-20,422551;-43,878744;"SPRF-MG";"DEL05-MG";"UOP02-DEL05-MG"
529790;2023-06-16;"sexta-feira";"07:00:00";"MG";153;210;"FRUTAL";"Velocidade Incompatível";"Saída de leito carroçável";"Com Vítimas Feridas";"Amanhecer";"Crescente";"Nevoeiro/Neblina";"Simples";"Interseção de Vias";"Não";3;0;3;0;0;0;3;1;-20,01997239;-49,04727779;"SPRF-MG";"DEL13-MG";"UOP02-DEL13-MG"
529792;2023-06-16;"sexta-feira";"10:25:00";"SC";470;68;"INDAIAL";"Reação tardia ou ineficiente do condutor";"Atropelamento de Pedestre";"Com Vítimas Feridas";"Pleno dia";"Decrescente";"Céu Claro";"Dupla";"Desvio Temporário";"Não";2;0;0;1;1;0;1;2;-26,877615;-49,239231;"SPRF-SC";"DEL04-SC";"UOP01-DEL04-SC"
529797;2023-06-16;"sexta-feira";"08:25:00";"RJ";101;48;"CAMPOS DOS GOYTACAZES";"Reação tardia ou ineficiente do condutor";"Colisão traseira";"Com Vítimas Feridas";"Pleno dia";"Decrescente";"Céu Claro";"Simples";"Reta";"Sim";2;0;1;0;0;1;1;2;-21,61617977;-41,315206;"SPRF-RJ";"DEL08-RJ";"UOP01-DEL08-RJ"
529798;2023-06-16;"sexta-feira";"08:30:00";"MG";40;21,6;"PARACATU";"Ultrapassagem Indevida";"Colisão frontal";"Com Vítimas Feridas";"Pleno dia";"Crescente";"Céu Claro";"Simples";"Reta";"Não";2;0;0;1;1;0;1;2;-17,10863014;-46,99994802;"SPRF-MG";"DEL14-MG";"UOP01-DEL14-MG"
529799;2023-06-16;"sexta-feira";"06:30:00";"AL";101;121;"SAO MIGUEL DOS CAMPOS";"Acesso irregular";"Capotamento";"Sem Vítimas";"Pleno dia";"Crescente";"Céu Claro";"Dupla";"Curva;Declive";"Não";1;0;0;0;0;1;0;1;-9,68903191;-36,03448792;"SPRF-AL";"DEL02-AL";"UOP01-DEL02-AL"
529800;2023-06-16;"sexta-feira";"05:00:00";"PE";104;19;"TAQUARITINGA DO NORTE";"Acessar a via sem observar a presença dos outros veículos";"Atropelamento de Pedestre";"Com Vítimas Fatais";"Amanhecer";"Decrescente";"Nublado";"Simples";"Reta";"Não";2;1;0;0;0;1;0;2;-7,947535;-36,127937;"SPRF-PE";"DEL02-PE";"UOP01-DEL02-PE"
529802;2023-06-16;"sexta-feira";"10:25:00";"MG";262;446,1;"NOVA SERRANA";"Acesso irregular";"Colisão lateral mesmo sentido";"Com Vítimas Feridas";"Pleno dia";"Crescente";"Céu Claro";"Simples";"Reta";"Não";2;0;1;0;0;1;1;2;-19,87514825;-44,95031205;"SPRF-MG";"DEL08-MG";"UOP03-DEL08-MG"
529804;2023-06-16;"sexta-feira";"06:30:00";"BA";324;517;"FEIRA DE SANTANA";"Ultrapassagem Indevida";"Colisão lateral mesmo sentido";"Com Vítimas Feridas";"Pleno dia";"Crescente";"Céu Claro";"Dupla";"Reta";"Sim";2;0;1;0;1;0;1;2;-12,2417119;-38,93768485;"SPRF-BA";"DEL02-BA";"UOP01-DEL02-BA"
529807;2023-06-16;"sexta-feira";"11:05:00";"SC";282;21,3;"PALHOCA";"Ausência de reação do condutor";"Colisão transversal";"Com Vítimas Feridas";"Pleno dia";"Crescente";"Céu Claro";"Simples";"Reta";"Sim";2;0;1;0;1;0;1;2;-27,68907;-48,717541;"SPRF-SC";"DEL01-SC";"UOP02-DEL01-SC"
529812;2023-06-16;"sexta-feira";"11:30:00";"PR";116;83;"PIRAQUARA";"Demais falhas mecânicas ou elétricas";"Incêndio";"Sem Vítimas";"Pleno dia";"Decrescente";"Céu Claro";"Dupla";"Reta";"Não";1;0;0;0;1;0;0;1;-25,42089417;-49,07238381;"SPRF-PR";"DEL01-PR";"UOP07-DEL01-PR"
529813;2023-06-16;"sexta-feira";"11:50:00";"MG";381;778,5;"CAMPANHA";"Velocidade Incompatível";"Saída de leito carroçável";"Com Vítimas Feridas";"Pleno dia";"Crescente";"Nublado";"Dupla";"Curva";"Não";1;0;1;0;0;0;1;1;-21,83280868;-45,50064606;"SPRF-MG";"DEL16-MG";"UOP02-DEL16-MG"
529814;2023-06-16;"sexta-feira";"12:00:00";"SE";101;199;"CRISTINAPOLIS";"Ausência de reação do condutor";"Queda de ocupante de veículo";"Com Vítimas Feridas";"Pleno dia";"Decrescente";"Nublado";"Simples";"Reta";"Sim";2;0;0;1;0;1;1;1;-11,46981308;-37,74693679;"SPRF-SE";"DEL02-SE";"UOP03-DEL02-SE"
529816;2023-06-16;"sexta-feira";"11:15:00";"DF";20;6;"BRASILIA";"Velocidade Incompatível";"Colisão traseira";"Com Vítimas Feridas";"Pleno dia";"Crescente";"Céu Claro";"Dupla";"Retorno Regulamentado";"Sim";3;0;0;1;1;1;1;3;-15,665888;-47,808308;"SPRF-DF";"DEL02-DF";"UOP01-DEL02-DF"
529821;2023-06-16;"sexta-feira";"11:30:00";"RS";386;410;"TRIUNFO";"Acumulo de água sobre o pavimento";"Saída de leito carroçável";"Sem Vítimas";"Pleno dia";"Decrescente";"Chuva";"Dupla";"Rotatória";"Não";2;0;0;0;2;0;0;1;-29,800684;-51,518406;"SPRF-RS";"DEL04-RS";"UOP02-DEL04-RS"
529824;2023-06-16;"sexta-feira";"12:10:00";"MS";163;264;"DOURADOS";"Demais falhas mecânicas ou elétricas";"Queda de ocupante de veículo";"Com Vítimas Feridas";"Pleno dia";"Crescente";"Sol";"Dupla";"Reta";"Não";2;0;2;0;0;0;2;1;-22,22742781;-54,7393301;"SPRF-MS";"DEL04-MS";"UOP01-DEL04-MS"
529825;2023-06-16;"sexta-feira";"12:40:00";"CE";116;5;"FORTALEZA";"Condutor deixou de manter distância do veículo da frente";"Colisão traseira";"Com Vítimas Feridas";"Pleno dia";"Decrescente";"Céu Claro";"Múltipla";"Reta";"Sim";2;0;1;0;1;0;1;2;-3,79467116;-38,50772734;"SPRF-CE";"DEL01-CE";"UOP02-DEL01-CE"
529827;2023-05-21;"domingo";"11:00:00";"AC";364;98;"SENADOR GUIOMARD";"Pista Escorregadia";"Saída de leito carroçável";"Com Vítimas Feridas";"Pleno dia";"Decrescente";"Chuva";"Simples";"Curva";"Não";2;0;2;0;0;0;2;1;-10,07470067;-67,57485174;"SPRF-AC";"DEL01-AC";"UOP03-DEL01-AC"
529828;2023-04-13;"quinta-feira";"21:05:00";"SC";280;77,5;"JARAGUA DO SUL";"Condutor deixou de manter distância do veículo da frente";"Colisão traseira";"Com Vítimas Fatais";"Plena Noite";"Crescente";"Garoa/Chuvisco";"Simples";"Curva";"Não";5;1;0;1;3;0;1;4;-26,447165;-49,200696;"SPRF-SC";"DEL03-SC";"UOP03-DEL03-SC"