"id";"data_inversa";"dia_semana";"horario";"uf";"br";"km";"municipio";"causa_acidente";"tipo_acidente";"classificacao_acidente";"fase_dia";"sentido_via";"condicao_metereologica";"tipo_pista";"tracado_via";"uso_solo";"pessoas";"mortos";"feridos_leves";"feridos_graves";"ilesos";"ignorados";"feridos";"veiculos";"latitude";"longitude";"regional";"delegacia";"uop"
529945;2023-06-17;"sábado";"00:05:00";"SP";116;18,5;"LAVRINHAS";"Ingestão de álcool pelo condutor";"Capotamento";"Com Vítimas Feridas";"Plena Noite";"Decrescente";"Nublado";"Dupla";"Reta";"Não";2;0;1;0;1;0;1;1;-22,5584158;-44,85667011;"SPRF-SP";"DEL08-SP";"UOP02-DEL08-SP"
529948;2023-06-16;"sexta-feira";"22:30:00";"MG";40;512,9;"RIBEIRAO DAS NEVES";"Ausência de reação do condutor";"Colisão lateral mesmo sentido";"Com Vítimas Feridas";"Plena Noite";"Decrescente";"Céu Claro";"Dupla";"Declive;Reta";"Não";2;0;1;0;1;0;1;2;-19,78946999;-44,11290699;"SPRF-MG";"DEL01-MG";"UOP02-DEL01-MG"
529949;2023-06-17;"sábado";"00:10:00";"SP";381;37;"ATIBAIA";"Ausência de reação do condutor";"Colisão lateral mesmo sentido";"Com Vítimas Feridas";"Plena Noite";"Decrescente";"Nevoeiro/Neblina";"Dupla";"Aclive;Reta";"Sim";2;0;1;0;1;0;1;2;-23,10506237;-46,56881577;"SPRF-SP";"DEL03-SP";"UOP01-DEL03-SP"
529950;2023-06-15;"quinta-feira";"17:33:00";"PR";116;210;"RIO NEGRO";"Desrespeitar a preferência no cruzamento";"Colisão transversal";"Com Vítimas Feridas";"Anoitecer";"Crescente";"Céu Claro";"Simples";"Reta";"Sim";2;0;1;0;1;0;1;2;-26,07479435;-49,76117178;"SPRF-SC";"DEL06-SC";"UOP01-DEL06-SC"
529951;2023-06-17;"sábado";"00:30:00";"PI";316;212;"VALENCA DO PIAUI";"Animais na Pista";"Atropelamento de Animal";"Com Vítimas Feridas";"Plena Noite";"Decrescente";"Céu Claro";"Simples";"Reta";"Sim";2;0;0;1;1;0;1;1;-6,40141008;-41,75562339;"SPRF-PI";"DEL04-PI";"UOP02-DEL04-PI"
529952;2023-06-16;"sexta-feira";"22:15:00";"PR";277;684;"SAO MIGUEL DO IGUACU";"Velocidade Incompatível";"Saída de leito carroçável";"Sem Vítimas";"Plena Noite";"Crescente";"Céu Claro";"Dupla";"Curva;Declive";"Não";1;0;0;0;0;1;0;1;-25,33864563;-54,19917133;"SPRF-PR";"DEL05-PR";"UOP01-DEL05-PR"
529953;2023-06-17;"sábado";"00:15:00";"PR";277;123,1;"BALSA NOVA";"Transitar na contramão";"Colisão frontal";"Sem Vítimas";"Plena Noite";"Crescente";"Nublado";"Dupla";"Reta";"Não";2;0;0;0;2;0;0;2;-25,447235;-49,578716;"SPRF-PR";"DEL03-PR";"UOP03-DEL03-PR"
529954;2023-06-16;"sexta-feira";"22:00:00";"MG";381;241;"SANTANA DO PARAISO";"Afundamento ou ondulação no pavimento";"Atropelamento de Pedestre";"Com Vítimas Fatais";"Plena Noite";"Crescente";"Céu Claro";"Simples";"Curva";"Não";2;1;0;1;0;0;1;2;-19,42441326;-42,49683189;"SPRF-MG";"DEL06-MG";"UOP01-DEL06-MG"
529956;2023-06-17;"sábado";"00:40:00";"BA";324;2,6;"FEIRA DE SANTANA";"Ingestão de álcool pelo condutor";"Colisão traseira";"Sem Vítimas";"Plena Noite";"Crescente";"Nublado";"Dupla";"Reta";"Sim";2;0;0;0;2;0;0;2;-12,28564913;-38,95394325;"SPRF-BA";"DEL02-BA";"UOP01-DEL02-BA"
529958;2023-06-17;"sábado";"02:50:00";"SP";116;210;"GUARULHOS";"Reação tardia ou ineficiente do condutor";"Colisão com objeto";"Com Vítimas Feridas";"Plena Noite";"Decrescente";"Céu Claro";"Múltipla";"Reta";"Sim";1;0;1;0;0;0;1;1;-23,42870023;-46,41085991;"SPRF-SP";"DEL01-SP";"UOP01-DEL01-SP"
529959;2023-06-17;"sábado";"01:30:00";"TO";153;679;"GURUPI";"Ultrapassagem Indevida";"Colisão lateral sentido oposto";"Sem Vítimas";"Plena Noite";"Crescente";"Céu Claro";"Simples";"Reta";"Não";2;0;0;0;2;0;0;1;-11,78176489;-49,11301313;"SPRF-TO";"DEL01-TO";"UOP02-DEL01-TO"
529960;2023-06-17;"sábado";"02:00:00";"MT";158;691;"BARRA DO GARCAS";"Ausência de reação do condutor";"Saída de leito carroçável";"Com Vítimas Feridas";"Plena Noite";"Crescente";"Céu Claro";"Simples";"Reta";"Não";2;0;1;0;0;1;1;2;-14,98422201;-52,26085206;"SPRF-MT";"DEL07-MT";"UOP01-DEL07-MT"
529961;2023-06-17;"sábado";"02:30:00";"PR";277;66,9;"SAO JOSE DOS PINHAIS";"Ingestão de álcool pelo condutor";"Colisão com objeto";"Sem Vítimas";"Plena Noite";"Crescente";"Nublado";"Dupla";"Interseção de Vias";"Sim";1;0;0;0;1;0;0;1;-25,52947889;-49,08751488;"SPRF-PR";"DEL01-PR";"UOP01-DEL01-PR"
529962;2023-06-17;"sábado";"03:30:00";"PE";407;126;"PETROLINA";"Acesso irregular";"Colisão com objeto";"Com Vítimas Feridas";"Plena Noite";"Decrescente";"Céu Claro";"Dupla";"Desvio Temporário;Em Obras";"Sim";1;0;0;1;0;0;1;1;-9,38491309;-40,52809509;"SPRF-PE";"DEL06-PE";"UOP01-DEL06-PE"
529963;2023-06-17;"sábado";"03:30:00";"PB";230;12,8;"CABEDELO";"Ausência de reação do condutor";"Tombamento";"Com Vítimas Feridas";"Plena Noite";"Decrescente";"Céu Claro";"Dupla";"Reta";"Sim";1;0;1;0;0;0;1;1;-7,068;-34,85;"SPRF-PB";"DEL01-PB";"UOP01-DEL01-PB"
529964;2023-06-17;"sábado";"04:30:00";"BA";324;570,4;"SAO SEBASTIAO DO PASSE";"Pedestre andava na pista";"Atropelamento de Pedestre";"Com Vítimas Feridas";"Plena Noite";"Crescente";"Céu Claro";"Dupla";"Reta";"Não";2;0;1;0;1;0;1;2;-12,54065603;-38,58868903;"SPRF-BA";"DEL01-BA";"UOP01-DEL01-BA"
529965;2023-06-17;"sábado";"04:00:00";"SC";282;32;"SANTO AMARO DA IMPERATRIZ";"Reação tardia ou ineficiente do condutor";"Saída de leito carroçável";"Com Vítimas Feridas";"Amanhecer";"Crescente";"Céu Claro";"Simples";"Reta";"Não";1;0;1;0;0;0;1;1;-27,70116;-48,800175;"SPRF-SC";"DEL01-SC";"UOP03-DEL01-SC"
529966;2023-06-17;"sábado";"04:30:00";"RS";470;201,8;"BENTO GONCALVES";"Ausência de reação do condutor";"Saída de leito carroçável";"Com Vítimas Feridas";"Plena Noite";"Decrescente";"Nevoeiro/Neblina";"Simples";"Curva;Declive";"Não";1;0;1;0;0;0;1;1;-29,07678708;-51,58038998;"SPRF-RS";"DEL06-RS";"UOP02-DEL06-RS"
529968;2023-06-17;"sábado";"04:45:00";"BA";415;50,1;"ITABUNA";"Transitar na contramão";"Colisão frontal";"Com Vítimas Feridas";"Amanhecer";"Crescente";"Nevoeiro/Neblina";"Simples";"Reta";"Sim";2;0;0;2;0;0;2;1;-14,81574494;-39,29612388;"SPRF-BA";"DEL05-BA";"UOP01-DEL05-BA"
529970;2023-06-17;"sábado";"05:25:00";"SC";101;205;"SAO JOSE";"Ausência de reação do condutor";"Saída de leito carroçável";"Sem Vítimas";"Amanhecer";"Crescente";"Nublado";"Dupla";"Reta";"Não";1;0;0;0;0;1;0;1;-27,58313237;-48,61532885;"SPRF-SC";"DEL01-SC";"UOP01-DEL01-SC"
529973;2023-06-17;"sábado";"06:00:00";"RS";386;347,1;"LAJEADO";"Ingestão de álcool pelo condutor";"Saída de leito carroçável";"Com Vítimas Feridas";"Plena Noite";"Decrescente";"Nublado";"Dupla";"Reta;Viaduto";"Sim";1;0;0;1;0;0;1;1;-29,451736;-51,965893;"SPRF-RS";"DEL04-RS";"UOP01-DEL04-RS"
529974;2023-06-17;"sábado";"06:15:00";"PI";343;339,1;"TERESINA";"Condutor deixou de manter distância do veículo da frente";"Colisão traseira";"Com Vítimas Feridas";"Pleno dia";"Crescente";"Céu Claro";"Dupla";"Reta";"Não";2;0;1;0;1;0;1;2;-5,067146;-42,730965;"SPRF-PI";"DEL01-PI";"UOP01-DEL01-PI"
529976;2023-06-17;"sábado";"06:15:00";"MG";50;60,9;"UBERLANDIA";"Ingestão de álcool pelo condutor";"Colisão com objeto";"Sem Vítimas";"Amanhecer";"Decrescente";"Nublado";"Dupla";"Reta;Retorno Regulamentado";"Sim";1;0;0;0;1;0;0;1;-18,80909682;-48,24439716;"SPRF-MG";"DEL15-MG";"UOP02-DEL15-MG"
529977;2023-06-17;"sábado";"05:20:00";"MG";381;455;"BELO HORIZONTE";"Ausência de reação do condutor";"Colisão com objeto";"Com Vítimas Feridas";"Plena Noite";"Crescente";"Garoa/Chuvisco";"Simples";"Reta";"Sim";1;0;0;1;0;0;1;1;-19,84278684;-43,88571315;"SPRF-MG";"DEL01-MG";"UOP01-DEL01-MG"
529978;2023-06-17;"sábado";"04:58:00";"RJ";40;121;"DUQUE DE CAXIAS";"Ausência de reação do condutor";"Colisão com objeto";"Com Vítimas Feridas";"Plena Noite";"Decrescente";"Garoa/Chuvisco";"Múltipla";"Reta";"Sim";1;0;1;0;0;0;1;1;-22,78185499;-43,28571273;"SPRF-RJ";"DEL01-RJ";"UOP01-DEL01-RJ"
529979;2023-06-17;"sábado";"06:58:00";"MG";40;783,2;"JUIZ DE FORA";"Velocidade Incompatível";"Colisão com objeto";"Com Vítimas Feridas";"Pleno dia";"Decrescente";"Nublado";"Dupla";"Declive;Curva";"Não";1;0;1;0;0;0;1;1;-21,70406297;-43,45067808;"SPRF-MG";"DEL05-MG";"UOP01-DEL05-MG"
529980;2023-06-17;"sábado";"06:30:00";"PR";369;148;"LONDRINA";"Ingestão de álcool pelo condutor";"Colisão lateral mesmo sentido";"Com Vítimas Feridas";"Amanhecer";"Decrescente";"Céu Claro";"Dupla";"Reta";"Não";3;0;1;0;2;0;1;2;-23,29307883;-51,14808977;"SPRF-PR";"DEL07-PR";"UOP01-DEL07-PR"
529981;2023-06-17;"sábado";"00:15:00";"MG";40;521;"CONTAGEM";"Chuva";"Tombamento";"Com Vítimas Feridas";"Plena Noite";"Decrescente";"Chuva";"Dupla";"Curva";"Não";1;0;1;0;0;0;1;1;-19,86122066;-44,07041073;"SPRF-MG";"DEL01-MG";"UOP02-DEL01-MG"
529983;2023-06-16;"sexta-feira";"21:44:00";"MG";262;850;"CONCEICAO DAS ALAGOAS";"Velocidade Incompatível";"Saída de leito carroçável";"Sem Vítimas";"Plena Noite";"Crescente";"Garoa/Chuvisco";"Simples";"Declive";"Não";4;0;0;0;0;4;0;2;-19,75599413;-48,33588893;"SPRF-MG";"DEL13-MG";"UOP01-DEL13-MG"
529984;2023-06-17;"sábado";"06:00:00";"MT";364;204;"RONDONOPOLIS";"Ausência de reação do condutor";"Tombamento";"Com Vítimas Feridas";"Amanhecer";"Crescente";"Nublado";"Dupla";"Reta";"Sim";1;0;0;1;0;0;1;1;-16,467325;-54,657196;"SPRF-MT";"DEL02-MT";"UOP01-DEL02-MT"
529985;2023-06-16;"sexta-feira";"23:40:00";"PR";376;501;"PONTA GROSSA";"Velocidade Incompatível";"Saída de leito carroçável";"Sem Vítimas";"Plena Noite";"Decrescente";"Nevoeiro/Neblina";"Dupla";"Reta";"Não";1;0;0;0;1;0;0;1;-25,20894789;-50,06444688;"SPRF-PR";"DEL03-PR";"UOP04-DEL03-PR"
529986;2023-06-17;"sábado";"01:50:00";"MG";381;489,5;"BETIM";"Ausência de reação do condutor";"Colisão com objeto";"Com Vítimas Feridas";"Amanhecer";"Crescente";"Chuva";"Dupla";"Curva;Retorno Regulamentado";"Não";1;0;1;0;0;0;1;1;-19,96245618;-44,16455495;"SPRF-MG";"DEL01-MG";"UOP03-DEL01-MG"
529987;2023-06-17;"sábado";"06:20:00";"PR";369;484,1;"CORBELIA";"Velocidade Incompatível";"Saída de leito carroçável";"Com Vítimas Feridas";"Amanhecer";"Decrescente";"Garoa/Chuvisco";"Simples";"Curva";"Não";3;0;1;0;2;0;1;1;-24,67490299;-53,22180748;"SPRF-PR";"DEL04-PR";"UOP03-DEL04-PR"
529988;2023-06-17;"sábado";"06:20:00";"BA";410;2;"RIBEIRA DO POMBAL";"Ultrapassagem Indevida";"Colisão lateral mesmo sentido";"Sem Vítimas";"Amanhecer";"Decrescente";"Nublado";"Simples";"Aclive;Reta";"Sim";3;0;0;0;2;1;0;2;-10,82458399;-38,54504201;"SPRF-BA";"DEL07-BA";"UOP02-DEL07-BA"
529991;2023-06-17;"sábado";"03:40:00";"RJ";393;170,3;"TRES RIOS";"Reação tardia ou ineficiente do condutor";"Colisão com objeto";"Sem Vítimas";"Plena Noite";"Crescente";"Céu Claro";"Simples";"Curva";"Não";1;0;0;0;0;1;0;1;-22,12123457;-43,18756878;"SPRF-RJ";"DEL05-RJ";"UOP02-DEL05-RJ"
529992;2023-06-17;"sábado";"01:50:00";"MT";364;551,4;"ROSARIO OESTE";"Condutor Dormindo";"Capotamento";"Com Vítimas Feridas";"Plena Noite";"Crescente";"Céu Claro";"Dupla";"Reta";"Não";2;0;2;0;0;0;2;1;-14,78870035;-56,39393806;"SPRF-MT";"DEL01-MT";"UOP01-DEL01-MT"
529993;2023-06-17;"sábado";"04:00:00";"PA";10;262,3;"AURORA DO PARA";"Ingestão de álcool pelo condutor";"Colisão lateral sentido oposto";"Com Vítimas Fatais";"Amanhecer";"Crescente";"Céu Claro";"Simples";"Reta;Declive";"Sim";4;1;1;2;0;0;3;2;-2,137892;-47,560759;"SPRF-PA";"DEL02-PA";"UOP01-DEL02-PA"
529994;2023-06-17;"sábado";"07:00:00";"RO";364;196,4;"PIMENTA BUENO";"Velocidade Incompatível";"Colisão traseira";"Com Vítimas Feridas";"Pleno dia";"Decrescente";"Céu Claro";"Simples";"Reta";"Sim";3;0;1;0;2;0;1;2;-11,683809;-61,185397;"SPRF-RO";"DEL02-RO";"UOP02-DEL02-RO"
529995;2023-06-17;"sábado";"07:50:00";"SC";101;206;"SAO JOSE";"Ausência de reação do condutor";"Colisão traseira";"Com Vítimas Feridas";"Pleno dia";"Decrescente";"Céu Claro";"Múltipla";"Interseção de Vias;Reta";"Sim";3;0;1;0;2;0;1;2;-27,59193546;-48,61824557;"SPRF-SC";"DEL01-SC";"UOP01-DEL01-SC"
529999;2023-06-17;"sábado";"08:00:00";"RJ";116;81;"TERESOPOLIS";"Acessar a via sem observar a presença dos outros veículos";"Colisão transversal";"Com Vítimas Feridas";"Pleno dia";"Decrescente";"Céu Claro";"Simples";"Reta";"Não";2;0;1;0;1;0;1;2;-22,39843405;-42,95507553;"SPRF-RJ";"DEL04-RJ";"UOP01-DEL04-RJ"
530000;2023-06-17;"sábado";"03:00:00";"RS";287;261;"SANTA MARIA";"Ausência de reação do condutor";"Saída de leito carroçável";"Sem Vítimas";"Plena Noite";"Decrescente";"Nevoeiro/Neblina";"Simples";"Reta";"Não";5;0;0;0;5;0;0;1;-29,67387033;-53,98129002;"SPRF-RS";"DEL09-RS";"UOP01-DEL09-RS"
530002;2023-06-17;"sábado";"07:10:00";"AL";104;16;"SAO JOSE DA LAJE";"Transitar na contramão";"Colisão frontal";"Com Vítimas Fatais";"Pleno dia";"Decrescente";"Chuva";"Simples";"Reta";"Não";4;1;0;3;0;0;3;2;-9,024131;-36,03789;"SPRF-AL";"DEL01-AL";"UOP02-DEL01-AL"
530005;2023-06-17;"sábado";"08:00:00";"RJ";40;122;"DUQUE DE CAXIAS";"Reação tardia ou ineficiente do condutor";"Colisão transversal";"Com Vítimas Feridas";"Pleno dia";"Decrescente";"Nublado";"Múltipla";"Reta";"Sim";3;0;3;0;0;0;3;3;-22,79083113;-43,28611569;"SPRF-RJ";"DEL01-RJ";"UOP01-DEL01-RJ"
530006;2023-06-17;"sábado";"05:00:00";"SC";116;183;"SAO CRISTOVAO DO SUL";"Ingestão de álcool e/ou substâncias psicoativas pelo pedestre";"Saída de leito carroçável";"Sem Vítimas";"Plena Noite";"Decrescente";"Ignorado";"Simples";"Curva";"Não";1;0;0;0;1;0;0;1;-27,2929189;-50,43356775;"SPRF-SC";"DEL05-SC";"UOP03-DEL05-SC"
530007;2023-06-17;"sábado";"08:35:00";"PE";101;66;"RECIFE";"Ausência de reação do condutor";"Colisão com objeto";"Com Vítimas Feridas";"Pleno dia";"Decrescente";"Nublado";"Múltipla";"Reta";"Sim";1;0;1;0;0;0;1;1;-8,03368534;-34,94184125;"SPRF-PE";"DEL01-PE";"UOP01-DEL01-PE"
530011;2023-06-17;"sábado";"08:00:00";"PI";343;341;"TERESINA";"Acumulo de óleo sobre o pavimento";"Colisão traseira";"Sem Vítimas";"Pleno dia";"Crescente";"Céu Claro";"Dupla";"Reta";"Sim";2;0;0;0;2;0;0;2;-5,076981;-42,741789;"SPRF-PI";"DEL01-PI";"UOP01-DEL01-PI"
530014;2023-06-17;"sábado";"09:55:00";"SP";116;51;"LORENA";"Reação tardia ou ineficiente do condutor";"Saída de leito carroçável";"Com Vítimas Feridas";"Pleno dia";"Crescente";"Céu Claro";"Dupla";"Curva;Aclive;Retorno Regulamentado";"Não";1;0;0;1;0;0;1;1;-22,74157511;-45,09206392;"SPRF-SP";"DEL08-SP";"UOP02-DEL08-SP"
530015;2023-06-17;"sábado";"05:40:00";"RJ";101;313;"SAO GONCALO";"Chuva";"Capotamento";"Com Vítimas Feridas";"Amanhecer";"Decrescente";"Chuva";"Simples";"Reta";"Não";2;0;1;0;1;0;1;2;-22,81049093;-43,06983304;"SPRF-RJ";"DEL02-RJ";"UOP02-DEL02-RJ"
530016;2023-06-01;"quinta-feira";"16:35:00";"RO";364;721,9;"PORTO VELHO";"Pista Escorregadia";"Colisão com objeto";"Com Vítimas Feridas";"Pleno dia";"Crescente";"Chuva";"Dupla";"Declive";"Sim";1;0;1;0;0;0;1;1;-8,82760142;-63,93509388;"SPRF-RO";"DEL01-RO";"UOP01-DEL01-RO"
530018;2023-06-17;"sábado";"10:00:00";"RJ";116;233;"PIRAI";"Pista Escorregadia";"Queda de ocupante de veículo";"Com Vítimas Feridas";"Pleno dia";"Decrescente";"Chuva";"Simples";"Curva";"Não";1;0;1;0;0;0;1;1;-22,66882828;-43,83853912;"SPRF-RJ";"DEL07-RJ";"UOP01-DEL07-RJ"
530021;2023-06-17;"sábado";"10:38:00";"SC";101;199,7;"SAO JOSE";"Pedestre cruzava a pista fora da faixa";"Atropelamento de Pedestre";"Com Vítimas Fatais";"Pleno dia";"Crescente";"Céu Claro";"Múltipla";"Reta";"Sim";2;1;0;0;1;0;0;2;-27,53643;-48,62707;"SPRF-SC";"DEL01-SC";"UOP01-DEL01-SC"
530022;2023-06-13;"terça-feira";"07:55:00";"RO";364;342,5;"JI-PARANA";"Reação tardia ou ineficiente do condutor";"Engavetamento";"Com Vítimas Feridas";"Pleno dia";"Decrescente";"Nublado";"Dupla";"Ponte;Reta";"Sim";4;0;1;0;3;0;1;4;-10,88160657;-61,94143295;"SPRF-RO";"DEL02-RO";"UOP01-DEL02-RO"
530023;2023-06-17;"sábado";"10:30:00";"RJ";116;292;"BARRA MANSA";"Ausência de reação do condutor";"Saída de leito carroçável";"Com Vítimas Feridas";"Pleno dia";"Decrescente";"Céu Claro";"Dupla";"Reta";"Não";1;0;1;0;0;0;1;1;-22,46511993;-44,28491095;"SPRF-RJ";"DEL07-RJ";"UOP02-DEL07-RJ"
530024;2023-06-17;"sábado";"09:10:00";"MG";40;234;"SAO GONCALO DO ABAETE";"Pista Escorregadia";"Saída de leito carroçável";"Com Vítimas Feridas";"Pleno dia";"Crescente";"Nublado";"Simples";"Curva";"Não";2;0;2;0;0;0;2;1;-18,02167408;-45,54020403;"SPRF-MG";"DEL14-MG";"UOP02-DEL14-MG"
530026;2023-06-17;"sábado";"11:40:00";"MG";267;50,5;"MARIPA DE MINAS";"Reação tardia ou ineficiente do condutor";"Colisão traseira";"Com Vítimas Feridas";"Pleno dia";"Crescente";"Nublado";"Simples";"Reta";"Não";3;0;1;0;2;0;1;2;-21,71817848;-42,99724281;"SPRF-MG";"DEL07-MG";"UOP01-DEL07-MG"
530027;2023-06-17;"sábado";"11:30:00";"RS";116;143;"CAXIAS DO SUL";"Reação tardia ou ineficiente do condutor";"Colisão traseira";"Com Vítimas Feridas";"Pleno dia";"Crescente";"Nublado";"Dupla";"Reta";"Sim";3;0;1;0;2;0;1;2;-29,12021465;-51,12276435;"SPRF-RS";"DEL05-RS";"UOP01-DEL05-RS"
530028;2023-06-17;"sábado";"11:30:00";"CE";116;45;"HORIZONTE";"Acessar a via sem observar a presença dos outros veículos";"Colisão lateral mesmo sentido";"Sem Vítimas";"Pleno dia";"Decrescente";"Céu Claro";"Múltipla";"Reta";"Sim";2;0;0;0;1;1;0;2;-4,1312959;-38,48313475;"SPRF-CE";"DEL01-CE";"UOP02-DEL01-CE"
530031;2023-06-17;"sábado";"11:48:00";"PE";424;101;"BREJAO";"Acessar a via sem observar a presença dos outros veículos";"Colisão transversal";"Sem Vítimas";"Pleno dia";"Decrescente";"Nublado";"Simples";"Interseção de Vias";"Não";2;0;0;0;2;0;0;2;-8,96537965;-36,51714353;"SPRF-PE";"DEL03-PE";"UOP01-DEL03-PE"
530033;2023-06-17;"sábado";"12:15:00";"PR";376;616;"SAO JOSE DOS PINHAIS";"Reação tardia ou ineficiente do condutor";"Colisão traseira";"Com Vítimas Feridas";"Pleno dia";"Crescente";"Nublado";"Dupla";"Reta";"Sim";2;0;1;0;0;1;1;2;-25,57583659;-49,17953679;"SPRF-PR";"DEL01-PR";"UOP04-DEL01-PR"
530034;2023-06-17;"sábado";"13:00:00";"BA";116;421,5;"FEIRA DE SANTANA";"Reação tardia ou ineficiente do condutor";"Colisão com objeto";"Com Vítimas Feridas";"Pleno dia";"Decrescente";"Nublado";"Dupla";"Reta";"Sim";2;0;1;0;1;0;1;2;-12,22678304;-38,96481514;"SPRF-BA";"DEL02-BA";"UOP01-DEL02-BA"
530035;2023-06-17;"sábado";"11:30:00";"RN";304;216;"CAICARA DO RIO DO VENTO";"Demais falhas mecânicas ou elétricas";"Incêndio";"Sem Vítimas";"Pleno dia";"Crescente";"Nublado";"Simples";"Reta";"Não";1;0;0;0;0;1;0;1;-5,75614196;-36,02459399;"SPRF-RN";"DEL01-RN";"UOP03-DEL01-RN"
530036;2023-06-15;"quinta-feira";"20:10:00";"PE";104;56;"CARUARU";"Afundamento ou ondulação no pavimento";"Queda de ocupante de veículo";"Com Vítimas Feridas";"Plena Noite";"Crescente";"Céu Claro";"Dupla";"Curva";"Não";2;0;2;0;0;0;2;1;-8,2098;-35,9712;"SPRF-PE";"DEL02-PE";"UOP01-DEL02-PE"
530037;2023-06-17;"sábado";"12:15:00";"PR";277;430,3;"VIRMOND";"Condutor deixou de manter distância do veículo da frente";"Colisão traseira";"Sem Vítimas";"Pleno dia";"Crescente";"Céu Claro";"Simples";"Reta";"Sim";2;0;0;0;2;0;0;2;-25,3784;-52,202767;"SPRF-PR";"DEL04-PR";"UOP02-DEL04-PR"
530038;2023-06-17;"sábado";"12:15:00";"BA";324;618;"SALVADOR";"Reação tardia ou ineficiente do condutor";"Colisão traseira";"Com Vítimas Feridas";"Pleno dia";"Crescente";"Nublado";"Múltipla";"Reta";"Sim";2;0;1;0;1;0;1;2;-12,891109;-38,445374;"SPRF-BA";"DEL01-BA";"UOP01-DEL01-BA"
530039;2023-06-17;"sábado";"09:00:00";"MA";135;34;"BACABEIRA";"Reação tardia ou ineficiente do condutor";"Capotamento";"Sem Vítimas";"Pleno dia";"Crescente";"Céu Claro";"Dupla";"Reta";"Não";2;0;0;0;2;0;0;1;-2,840086;-44,37459507;"SPRF-MA";"DEL01-MA";"UOP01-DEL01-MA"
530040;2023-06-17;"sábado";"13:30:00";"SC";470;45,5;"GASPAR";"Transitar na contramão";"Colisão frontal";"Com Vítimas Feridas";"Pleno dia";"Crescente";"Céu Claro";"Simples";"Reta;Em Obras";"Não";2;0;2;0;0;0;2;2;-26,86290167;-49,03491169;"SPRF-SC";"DEL04-SC";"UOP01-DEL04-SC"
530041;2023-06-17;"sábado";"12:10:00";"RJ";356;42;"ITAPERUNA";"Afundamento ou ondulação no pavimento";"Tombamento";"Com Vítimas Feridas";"Pleno dia";"Decrescente";"Nublado";"Simples";"Curva;Declive";"Não";1;0;1;0;0;0;1;1;-21,21755178;-41,82535005;"SPRF-RJ";"DEL08-RJ";"UOP03-DEL08-RJ"
530043;2023-06-17;"sábado";"13:50:00";"RS";101;77,2;"OSORIO";"Reação tardia ou ineficiente do condutor";"Saída de leito carroçável";"Sem Vítimas";"Pleno dia";"Decrescente";"Céu Claro";"Dupla";"Reta";"Não";1;0;0;0;1;0;0;1;-29,80280592;-50,23688813;"SPRF-RS";"DEL03-RS";"UOP01-DEL03-RS"
530044;2023-06-16;"sexta-feira";"19:30:00";"PA";230;765;"MEDICILANDIA";"Afundamento ou ondulação no pavimento";"Capotamento";"Com Vítimas Feridas";"Plena Noite";"Decrescente";"Céu Claro";"Simples";"Aclive;Reta";"Não";5;0;1;1;3;0;2;1;-3,5028369;-53,08017198;"SPRF-PA";"DEL04-PA";"UOP01-DEL04-PA"
530048;2023-06-17;"sábado";"13:30:00";"MG";40;521,8;"RIBEIRAO DAS NEVES";"Condutor deixou de manter distância do veículo da frente";"Colisão traseira";"Sem Vítimas";"Pleno dia";"Decrescente";"Nublado";"Dupla";"Reta";"Não";2;0;0;0;2;0;0;2;-19,85651501;-44,07213222;"SPRF-MG";"DEL01-MG";"UOP02-DEL01-MG"
530050;2023-06-17;"sábado";"11:50:00";"SC";280;101;"SAO BENTO DO SUL";"Transitar na contramão";"Colisão lateral sentido oposto";"Sem Vítimas";"Pleno dia";"Decrescente";"Céu Claro";"Simples";"Curva";"Não";2;0;0;0;2;0;0;2;-26,3647522;-49,33526222;"SPRF-SC";"DEL06-SC";"UOP03-DEL06-SC"
530051;2023-06-17;"sábado";"12:50:00";"SC";282;535,8;"CHAPECO";"Ingestão de álcool pelo condutor";"Saída de leito carroçável";"Sem Vítimas";"Pleno dia";"Decrescente";"Nublado";"Simples";"Reta";"Não";1;0;0;0;1;0;0;1;-26,9980946;-52,64367342;"SPRF-SC";"DEL07-SC";"UOP01-DEL07-SC"
530053;2023-06-17;"sábado";"12:30:00";"MA";10;365;"ITINGA DO MARANHAO";"Acesso irregular";"Colisão frontal";"Com Vítimas Feridas";"Pleno dia";"Crescente";"Céu Claro";"Simples";"Reta";"Sim";2;0;1;0;1;0;1;2;-4,55765;-47,494225;"SPRF-MA";"DEL04-MA";"UOP03-DEL04-MA"
530055;2023-06-17;"sábado";"05:00:00";"BA";30;357,7;"BRUMADO";"Condutor deixou de manter distância do veículo da frente";"Colisão traseira";"Com Vítimas Feridas";"Plena Noite";"Decrescente";"Céu Claro";"Simples";"Reta";"Não";2;0;1;1;0;0;2;2;-14,25445738;-41,75290595;"SPRF-BA";"DEL08-BA";"UOP01-DEL08-BA"
530057;2023-06-17;"sábado";"15:30:00";"MG";381;355;"JOAO MONLEVADE";"Chuva";"Queda de ocupante de veículo";"Com Vítimas Feridas";"Pleno dia";"Crescente";"Garoa/Chuvisco";"Simples";"Reta;Declive";"Não";1;0;1;0;0;0;1;1;-19,84112398;-43,199388;"SPRF-MG";"DEL03-MG";"UOP01-DEL03-MG"
530059;2023-06-17;"sábado";"15:38:00";"SP";116;149;"SAO JOSE DOS CAMPOS";"Reação tardia ou ineficiente do condutor";"Tombamento";"Com Vítimas Feridas";"Pleno dia";"Decrescente";"Céu Claro";"Dupla";"Reta";"Não";2;0;2;0;0;0;2;1;-23,20700047;-45,88626861;"SPRF-SP";"DEL02-SP";"UOP01-DEL02-SP"