"id";"data_inversa";"dia_semana";"horario";"uf";"br";"km";"municipio";"causa_acidente";"tipo_acidente";"classificacao_acidente";"fase_dia";"sentido_via";"condicao_metereologica";"tipo_pista";"tracado_via";"uso_solo";"pessoas";"mortos";"feridos_leves";"feridos_graves";"ilesos";"ignorados";"feridos";"veiculos";"latitude";"longitude";"regional";"delegacia";"uop"
530060;2023-06-17;"sábado";"13:40:00";"SP";459;19;"PIQUETE";"Ingestão de álcool pelo condutor";"Saída de leito carroçável";"Com Vítimas Feridas";"Pleno dia";"Crescente";"Céu Claro";"Simples";"Declive;Curva";"Não";1;0;1;0;0;0;1;1;-22,639854;-45,149906;"SPRF-SP";"DEL08-SP";"UOP02-DEL08-SP"
530061;2023-06-17;"sábado";"15:41:00";"DF";70;3;"BRASILIA";"Reação tardia ou ineficiente do condutor";"Colisão lateral mesmo sentido";"Com Vítimas Feridas";"Pleno dia";"Crescente";"Céu Claro";"Dupla";"Reta;Retorno Regulamentado";"Sim";2;0;1;0;1;0;1;2;-15,802453;-48,080387;"SPRF-DF";"DEL03-DF";"UOP02-DEL03-DF"
530062;2023-06-17;"sábado";"16:30:00";"RS";386;30,9;"FREDERICO WESTPHALEN";"Ultrapassagem Indevida";"Colisão frontal";"Com Vítimas Feridas";"Pleno dia";"Crescente";"Nublado";"Simples";"Curva";"Não";3;0;2;0;0;1;2;3;-27,327456;-53,376171;"SPRF-RS";"DEL08-RS";"UOP02-DEL08-RS"
530064;2023-06-17;"sábado";"13:18:00";"MT";174;209;"PORTO ESPERIDIAO";"Ausência de reação do condutor";"Capotamento";"Sem Vítimas";"Pleno dia";"Crescente";"Céu Claro";"Simples";"Curva";"Não";1;0;0;0;0;1;0;1;-15,64829298;-58,74536299;"SPRF-MT";"DEL04-MT";"UOP01-DEL04-MT"
530066;2023-06-17;"sábado";"15:55:00";"CE";116;308,1;"JAGUARIBE";"Declive acentuado";"Saída de leito carroçável";"Com Vítimas Feridas";"Pleno dia";"Decrescente";"Céu Claro";"Simples";"Reta";"Sim";2;0;1;1;0;0;2;1;-5,894664;-38,61972;"SPRF-CE";"DEL05-CE";"UOP02-DEL05-CE"
530067;2023-06-17;"sábado";"16:40:00";"RS";285;283,8;"PASSO FUNDO";"Demais falhas mecânicas ou elétricas";"Incêndio";"Sem Vítimas";"Pleno dia";"Decrescente";"Nublado";"Simples";"Reta";"Não";1;0;0;0;1;0;0;1;-28,246628;-52,290237;"SPRF-RS";"DEL08-RS";"UOP03-DEL08-RS"
530068;2023-06-17;"sábado";"16:30:00";"SC";282;570,5;"NOVA ERECHIM";"Condutor deixou de manter distância do veículo da frente";"Colisão traseira";"Com Vítimas Feridas";"Pleno dia";"Decrescente";"Nublado";"Simples";"Reta;Em Obras;Declive";"Não";2;0;1;0;1;0;1;2;-26,89006;-52,93306;"SPRF-SC";"DEL07-SC";"UOP02-DEL07-SC"
530071;2023-06-17;"sábado";"16:40:00";"ES";101;262;"SERRA";"Velocidade Incompatível";"Colisão traseira";"Com Vítimas Feridas";"Pleno dia";"Crescente";"Nublado";"Dupla";"Reta;Declive";"Não";4;0;2;0;1;1;2;2;-20,15727027;-40,27690887;"SPRF-ES";"DEL02-ES";"UOP01-DEL02-ES"
530072;2023-06-17;"sábado";"17:20:00";"PR";116;124;"FAZENDA RIO GRANDE";"Ausência de reação do condutor";"Colisão com objeto";"Sem Vítimas";"Anoitecer";"Decrescente";"Céu Claro";"Dupla";"Reta";"Não";2;0;0;0;2;0;0;1;-25,627589;-49,314288;"SPRF-PR";"DEL01-PR";"UOP03-DEL01-PR"
530074;2023-06-17;"sábado";"17:05:00";"PE";232;83,1;"GRAVATA";"Ausência de reação do condutor";"Colisão lateral mesmo sentido";"Com Vítimas Feridas";"Anoitecer";"Crescente";"Céu Claro";"Dupla";"Reta";"Não";2;0;0;1;1;0;1;2;-8,2024868;-35,59542005;"SPRF-PE";"DEL02-PE";"UOP02-DEL02PE"
530076;2023-06-17;"sábado";"17:20:00";"MG";116;653,5;"SAO FRANCISCO DO GLORIA";"Reação tardia ou ineficiente do condutor";"Saída de leito carroçável";"Com Vítimas Feridas";"Anoitecer";"Decrescente";"Chuva";"Simples";"Curva";"Não";2;0;1;1;0;0;2;1;-20,74345502;-42,28632781;"SPRF-MG";"DEL07-MG";"UOP02-DEL07-MG"
530077;2023-06-08;"quinta-feira";"18:00:00";"PB";101;83;"BAYEUX";"Condutor deixou de manter distância do veículo da frente";"Engavetamento";"Sem Vítimas";"Plena Noite";"Crescente";"Céu Claro";"Dupla";"Reta";"Não";3;0;0;0;0;3;0;3;-7,1337703;-34,92963914;"SPRF-PB";"DEL01-PB";"UOP01-DEL01-PB"
530078;2023-06-17;"sábado";"05:30:00";"MT";158;407;"RIBEIRAO CASCALHEIRA";"Animais na Pista";"Atropelamento de Animal";"Com Vítimas Feridas";"Plena Noite";"Decrescente";"Céu Claro";"Simples";"Reta";"Não";2;0;2;0;0;0;2;1;-12,839754;-51,782917;"SPRF-MT";"DEL07-MT";"UOP02-DEL07-MT"
530079;2023-06-17;"sábado";"17:15:00";"MA";226;302;"BARRA DO CORDA";"Mal súbito do condutor";"Queda de ocupante de veículo";"Com Vítimas Fatais";"Pleno dia";"Crescente";"Céu Claro";"Simples";"Reta";"Sim";1;1;0;0;0;0;0;1;-5,49733929;-45,26542899;"SPRF-MA";"DEL06-MA";"UOP01-DEL06-MA"
530080;2023-06-17;"sábado";"16:00:00";"MS";262;326;"CAMPO GRANDE";"Ingestão de álcool pelo condutor";"Colisão traseira";"Com Vítimas Feridas";"Pleno dia";"Crescente";"Céu Claro";"Dupla";"Interseção de Vias;Reta";"Sim";2;0;1;0;1;0;1;2;-20,46867409;-54,53455902;"SPRF-MS";"DEL01-MS";"UOP01-DEL01-MS"
530081;2023-06-17;"sábado";"08:50:00";"PR";277;199;"PALMEIRA";"Velocidade Incompatível";"Saída de leito carroçável";"Sem Vítimas";"Pleno dia";"Decrescente";"Céu Claro";"Simples";"Curva";"Não";1;0;0;0;1;0;0;1;-25,4498143;-50,19419485;"SPRF-PR";"DEL08-PR";"UOP02-DEL08-PR"
530083;2023-06-17;"sábado";"15:00:00";"MT";70;305;"POXOREO";"Falta de acostamento";"Saída de leito carroçável";"Sem Vítimas";"Pleno dia";"Crescente";"Céu Claro";"Simples";"Reta";"Não";1;0;0;0;0;1;0;1;-15,57490523;-54,51450102;"SPRF-MT";"DEL05-MT";"UOP01-DEL05-MT"
530084;2023-06-17;"sábado";"17:50:00";"SC";282;22;"SANTO AMARO DA IMPERATRIZ";"Acessar a via sem observar a presença dos outros veículos";"Colisão transversal";"Com Vítimas Feridas";"Anoitecer";"Crescente";"Céu Claro";"Simples";"Curva";"Sim";2;0;0;1;1;0;1;2;-27,688507;-48,72739;"SPRF-SC";"DEL01-SC";"UOP02-DEL01-SC"
530085;2023-06-17;"sábado";"18:00:00";"RJ";40;121;"DUQUE DE CAXIAS";"Afundamento ou ondulação no pavimento";"Queda de ocupante de veículo";"Com Vítimas Feridas";"Anoitecer";"Crescente";"Céu Claro";"Dupla";"Reta";"Sim";1;0;1;0;0;0;1;1;-22,78185499;-43,28571273;"SPRF-RJ";"DEL01-RJ";"UOP01-DEL01-RJ"
530086;2023-06-17;"sábado";"15:00:00";"GO";80;44;"PADRE BERNARDO";"Velocidade Incompatível";"Colisão frontal";"Com Vítimas Feridas";"Pleno dia";"Crescente";"Céu Claro";"Simples";"Reta";"Sim";2;0;1;0;1;0;1;2;-15,18501;-48,284472;"SPRF-DF";"DEL03-DF";"UOP02-DEL03-DF"
530087;2023-06-17;"sábado";"18:15:00";"RN";101;103;"PARNAMIRIM";"Condutor deixou de manter distância do veículo da frente";"Colisão traseira";"Com Vítimas Feridas";"Plena Noite";"Crescente";"Céu Claro";"Dupla";"Reta";"Sim";3;0;1;1;1;0;2;2;-5,89034022;-35,24894996;"SPRF-RN";"DEL01-RN";"UOP01-DEL01-RN"
530088;2023-06-17;"sábado";"16:30:00";"PA";155;277;"ELDORADO DO CARAJAS";"Ausência de reação do condutor";"Colisão traseira";"Com Vítimas Feridas";"Pleno dia";"Crescente";"Sol";"Simples";"Reta";"Não";2;0;0;1;1;0;1;2;-5,92109998;-49,21417308;"SPRF-PA";"DEL03-PA";"UOP01-DEL03-PA"
530089;2023-06-17;"sábado";"18:00:00";"SC";470;39,9;"GASPAR";"Acessar a via sem observar a presença dos outros veículos";"Colisão lateral mesmo sentido";"Com Vítimas Feridas";"Plena Noite";"Crescente";"Céu Claro";"Simples";"Reta;Interseção de Vias;Em Obras";"Não";2;0;1;0;1;0;1;2;-26,897341;-48,986881;"SPRF-SC";"DEL04-SC";"UOP01-DEL04-SC"
530090;2023-06-17;"sábado";"14:45:00";"MG";50;189,9;"UBERABA";"Ausência de reação do condutor";"Colisão traseira";"Com Vítimas Feridas";"Pleno dia";"Crescente";"Céu Claro";"Dupla";"Declive";"Não";2;0;0;1;1;0;1;2;-19,84851283;-47,87469974;"SPRF-MG";"DEL13-MG";"UOP01-DEL13-MG"
530091;2023-06-17;"sábado";"18:15:00";"PR";376;352,6;"ORTIGUEIRA";"Velocidade Incompatível";"Saída de leito carroçável";"Com Vítimas Fatais";"Anoitecer";"Decrescente";"Céu Claro";"Simples";"Reta";"Não";2;2;0;0;0;0;0;1;-24,25636787;-50,89764987;"SPRF-PR";"DEL07-PR";"UOP02-DEL07-PR"
530093;2023-06-17;"sábado";"18:10:00";"PB";0;0;"CAMPINA GRANDE";"Ingestão de álcool pelo condutor";"Colisão traseira";"Com Vítimas Feridas";"Plena Noite";"Não Informado";"Céu Claro";"Múltipla";"Rotatória;Viaduto";"Sim";2;0;1;0;1;0;1;2;-7,21606892;-35,87781429;"SPRF-PB";"DEL02-PB";"UOP01-DEL02-PB"
530094;2023-06-17;"sábado";"18:00:00";"SP";116;272;"TABOAO DA SERRA";"Manobra de mudança de faixa";"Colisão lateral mesmo sentido";"Com Vítimas Feridas";"Plena Noite";"Decrescente";"Ignorado";"Múltipla";"Reta";"Não";2;0;1;0;0;1;1;2;-23,621691;-46,813288;"SPRF-SP";"DEL04-SP";"UOP01-DEL04-SP"
530095;2023-06-17;"sábado";"18:00:00";"PR";369;164;"CAMBE";"Reação tardia ou ineficiente do condutor";"Saída de leito carroçável";"Com Vítimas Fatais";"Plena Noite";"Decrescente";"Céu Claro";"Dupla";"Curva";"Não";1;1;0;0;0;0;0;1;-23,29685592;-51,27353668;"SPRF-PR";"DEL07-PR";"UOP01-DEL07-PR"
530096;2023-06-17;"sábado";"18:10:00";"PI";316;36,2;"DEMERVAL LOBAO";"Reação tardia ou ineficiente do condutor";"Colisão traseira";"Com Vítimas Feridas";"Plena Noite";"Decrescente";"Céu Claro";"Simples";"Reta";"Não";2;0;0;1;0;1;1;2;-5,390812;-42,663565;"SPRF-PI";"DEL01-PI";"UOP02-DEL01-PI"
530098;2023-06-17;"sábado";"18:15:00";"RS";392;681,2;"SAO PEDRO DO BUTIA";"Transitar na contramão";"Colisão lateral sentido oposto";"Com Vítimas Feridas";"Anoitecer";"Decrescente";"Céu Claro";"Simples";"Reta";"Não";2;0;1;0;1;0;1;2;-28,12619167;-54,92288589;"SPRF-RS";"DEL10-RS";"UOP01-DEL10-RS"
530099;2023-06-17;"sábado";"15:30:00";"SC";282;408;"CATANDUVAS";"Velocidade Incompatível";"Saída de leito carroçável";"Com Vítimas Feridas";"Pleno dia";"Crescente";"Céu Claro";"Simples";"Curva";"Não";1;0;1;0;0;0;1;1;-27,083236;-51,662223;"SPRF-SC";"DEL07-SC";"UOP05-DEL07-SC"
530100;2023-06-17;"sábado";"17:30:00";"RS";293;12,3;"CAPAO DO LEAO";"Ausência de reação do condutor";"Saída de leito carroçável";"Sem Vítimas";"Pleno dia";"Crescente";"Céu Claro";"Simples";"Reta";"Sim";1;0;0;0;0;1;0;1;-31,75636452;-52,44078991;"SPRF-RS";"DEL07-RS";"UOP01-DEL07-RS"
530101;2023-06-17;"sábado";"18:30:00";"MG";40;502;"ESMERALDAS";"Condutor deixou de manter distância do veículo da frente";"Colisão traseira";"Sem Vítimas";"Plena Noite";"Crescente";"Céu Claro";"Dupla";"Reta";"Não";2;0;0;0;2;0;0;2;-19,714002;-44,160929;"SPRF-MG";"DEL02-MG";"UOP01-DEL02-MG"
530102;2023-06-17;"sábado";"09:05:00";"PA";316;75;"SAO FRANCISCO DO PARA";"Ultrapassagem Indevida";"Colisão lateral mesmo sentido";"Com Vítimas Feridas";"Pleno dia";"Crescente";"Céu Claro";"Simples";"Reta";"Não";3;0;1;1;1;0;2;2;-1,29446511;-47,82243505;"SPRF-PA";"DEL01-PA";"UOP01-DEL01-PA"
530103;2023-06-17;"sábado";"18:45:00";"SC";101;206;"SAO JOSE";"Reação tardia ou ineficiente do condutor";"Colisão lateral mesmo sentido";"Com Vítimas Feridas";"Plena Noite";"Crescente";"Céu Claro";"Múltipla";"Reta";"Sim";2;0;1;0;1;0;1;2;-27,59193546;-48,61824557;"SPRF-SC";"DEL01-SC";"UOP01-DEL01-SC"
530104;2023-06-17;"sábado";"10:00:00";"SC";282;502;"XANXERE";"Acesso irregular";"Colisão transversal";"Com Vítimas Feridas";"Pleno dia";"Crescente";"Céu Claro";"Simples";"Interseção de Vias;Reta";"Sim";5;0;4;0;1;0;4;2;-26,884584;-52,390911;"SPRF-SC";"DEL07-SC";"UOP01-DEL07-SC"
530105;2023-06-17;"sábado";"16:45:00";"SC";282;372,3;"ERVAL VELHO";"Condutor Dormindo";"Saída de leito carroçável";"Com Vítimas Feridas";"Pleno dia";"Crescente";"Céu Claro";"Simples";"Reta";"Não";2;0;1;0;1;0;1;1;-27,25181;-51,446957;"SPRF-SC";"DEL07-SC";"UOP05-DEL07-SC"
530107;2023-06-17;"sábado";"16:30:00";"BA";101;634,6;"ITAPEBI";"Ultrapassagem Indevida";"Colisão lateral sentido oposto";"Com Vítimas Feridas";"Anoitecer";"Crescente";"Céu Claro";"Simples";"Reta";"Não";2;0;0;1;1;0;1;2;-15,90709468;-39,56078053;"SPRF-BA";"DEL05-BA";"UOP02-DEL05-BA"
530108;2023-06-17;"sábado";"19:19:00";"GO";70;10,5;"AGUAS LINDAS DE GOIAS";"Entrada inopinada do pedestre";"Atropelamento de Pedestre";"Com Vítimas Feridas";"Anoitecer";"Crescente";"Céu Claro";"Dupla";"Reta";"Sim";2;0;0;1;1;0;1;2;-15,73738129;-48,29228118;"SPRF-DF";"DEL03-DF";"UOP02-DEL03-DF"
530110;2023-06-17;"sábado";"19:28:00";"ES";101;146;"LINHARES";"Condutor desrespeitou a iluminação vermelha do semáforo";"Colisão transversal";"Com Vítimas Feridas";"Plena Noite";"Decrescente";"Chuva";"Dupla";"Interseção de Vias;Reta";"Sim";2;0;0;1;1;0;1;2;-19,36990998;-40,06560718;"SPRF-ES";"DEL04-ES";"UOP01-DEL04-ES"
530111;2023-06-17;"sábado";"18:20:00";"ES";101;164;"LINHARES";"Reação tardia ou ineficiente do condutor";"Colisão lateral mesmo sentido";"Com Vítimas Feridas";"Plena Noite";"Crescente";"Céu Claro";"Simples";"Reta";"Não";2;0;1;0;1;0;1;2;-19,50607582;-40,13470026;"SPRF-ES";"DEL04-ES";"UOP01-DEL04-ES"
530112;2023-06-17;"sábado";"19:35:00";"PE";101;70,4;"RECIFE";"Pedestre cruzava a pista fora da faixa";"Atropelamento de Pedestre";"Com Vítimas Feridas";"Plena Noite";"Decrescente";"Céu Claro";"Múltipla";"Reta";"Sim";2;0;0;1;0;1;1;2;-8,06776119;-34,94265074;"SPRF-PE";"DEL01-PE";"UOP01-DEL01-PE"
530114;2023-06-17;"sábado";"18:30:00";"PR";277;646,1;"CEU AZUL";"Ultrapassagem Indevida";"Saída de leito carroçável";"Com Vítimas Feridas";"Plena Noite";"Crescente";"Nublado";"Simples";"Curva";"Não";1;0;1;0;0;0;1;1;-25,17125351;-53,90519408;"SPRF-PR";"DEL05-PR";"UOP02-DEL05-PR"
530115;2023-06-17;"sábado";"19:15:00";"DF";20;8,6;"BRASILIA";"Pedestre cruzava a pista fora da faixa";"Atropelamento de Pedestre";"Com Vítimas Feridas";"Plena Noite";"Decrescente";"Céu Claro";"Dupla";"Desvio Temporário;Reta;Em Obras";"Sim";2;0;1;0;1;0;1;2;-15,658386;-47,791534;"SPRF-DF";"DEL02-DF";"UOP01-DEL02-DF"
530116;2023-06-17;"sábado";"17:00:00";"RR";432;189;"CANTA";"Ingestão de álcool pelo condutor";"Tombamento";"Com Vítimas Feridas";"Pleno dia";"Crescente";"Garoa/Chuvisco";"Simples";"Reta";"Não";1;0;0;1;0;0;1;1;2,60286098;-60,61081001;"SPRF-RR";"DEL01-RR";"UOP01-DEL01-RR"
530117;2023-06-17;"sábado";"20:15:00";"ES";262;105;"VENDA NOVA DO IMIGRANTE";"Velocidade Incompatível";"Colisão lateral sentido oposto";"Com Vítimas Feridas";"Plena Noite";"Crescente";"Chuva";"Simples";"Reta";"Sim";2;0;0;1;1;0;1;2;-20,32624656;-41,13598921;"SPRF-ES";"DEL01-ES";"UOP02-DEL01-ES"
530118;2023-06-17;"sábado";"19:30:00";"GO";153;668,9;"GOIATUBA";"Pista esburacada";"Queda de ocupante de veículo";"Com Vítimas Feridas";"Plena Noite";"Decrescente";"Céu Claro";"Dupla";"Reta;Declive";"Não";1;0;1;0;0;0;1;1;-18,1241;-49,283;"SPRF-GO";"DEL03-GO";"UOP02-DEL03-GO"
530121;2023-06-17;"sábado";"20:10:00";"PR";369;184;"ARAPONGAS";"Reação tardia ou ineficiente do condutor";"Colisão transversal";"Com Vítimas Feridas";"Plena Noite";"Crescente";"Céu Claro";"Simples";"Reta";"Sim";2;0;2;0;0;0;2;2;-23,40181966;-51,4276886;"SPRF-PR";"DEL07-PR";"UOP03-DEL07-PR"
530122;2023-06-17;"sábado";"18:50:00";"MG";381;942;"EXTREMA";"Ingestão de álcool pelo condutor";"Colisão com objeto";"Sem Vítimas";"Plena Noite";"Decrescente";"Céu Claro";"Dupla";"Reta";"Não";1;0;0;0;1;0;0;1;-22,86540226;-46,34688962;"SPRF-MG";"DEL16-MG";"UOP03-DEL16-MG"
530123;2023-06-17;"sábado";"18:20:00";"PE";101;155;"RIBEIRAO";"Ausência de reação do condutor";"Colisão com objeto";"Com Vítimas Feridas";"Plena Noite";"Decrescente";"Céu Claro";"Dupla";"Reta";"Sim";1;0;1;0;0;0;1;1;-8,5370679;-35,3919616;"SPRF-PE";"DEL01-PE";"UOP03-DEL01-PE"
530124;2023-06-17;"sábado";"20:36:00";"SP";116;157;"SAO JOSE DOS CAMPOS";"Condutor deixou de manter distância do veículo da frente";"Colisão traseira";"Com Vítimas Feridas";"Plena Noite";"Decrescente";"Céu Claro";"Dupla";"Reta";"Sim";2;0;1;0;1;0;1;2;-23,25558031;-45,9437828;"SPRF-SP";"DEL02-SP";"UOP01-DEL02-SP"
530126;2023-06-17;"sábado";"19:40:00";"PI";316;10,8;"TERESINA";"Reação tardia ou ineficiente do condutor";"Colisão com objeto";"Com Vítimas Feridas";"Plena Noite";"Decrescente";"Céu Claro";"Dupla";"Reta;Declive";"Sim";1;0;1;0;0;0;1;1;-5,18280197;-42,76350291;"SPRF-PI";"DEL01-PI";"UOP02-DEL01-PI"
530129;2023-06-17;"sábado";"18:00:00";"MS";163;478,6;"CAMPO GRANDE";"Falta de elemento de contenção que evite a saída do leito carroçável";"Saída de leito carroçável";"Com Vítimas Feridas";"Anoitecer";"Decrescente";"Céu Claro";"Simples";"Reta";"Sim";1;0;1;0;0;0;1;1;-20,49629699;-54,55916871;"SPRF-MS";"DEL01-MS";"UOP01-DEL01-MS"
530131;2023-06-17;"sábado";"21:30:00";"BA";116;422;"FEIRA DE SANTANA";"Ingestão de álcool e/ou substâncias psicoativas pelo pedestre";"Atropelamento de Pedestre";"Com Vítimas Feridas";"Plena Noite";"Crescente";"Céu Claro";"Dupla";"Reta";"Sim";2;0;1;0;1;0;1;2;-12,22064702;-38,96561131;"SPRF-BA";"DEL02-BA";"UOP01-DEL02-BA"
530132;2023-06-17;"sábado";"19:55:00";"MG";116;559;"MANHUACU";"Ausência de reação do condutor";"Colisão frontal";"Com Vítimas Feridas";"Plena Noite";"Crescente";"Nublado";"Simples";"Curva";"Não";3;0;1;0;2;0;1;2;-20,02634297;-42,16819209;"SPRF-MG";"DEL06-MG";"UOP03-DEL06-MG"
530133;2023-06-17;"sábado";"21:40:00";"RS";116;243,8;"SAO LEOPOLDO";"Condutor deixou de manter distância do veículo da frente";"Colisão traseira";"Sem Vítimas";"Plena Noite";"Crescente";"Céu Claro";"Múltipla";"Reta";"Sim";5;0;0;0;5;0;0;2;-29,73629208;-51,1500934;"SPRF-RS";"DEL01-RS";"UOP02-DEL01-RS"
530136;2023-06-17;"sábado";"20:20:00";"RJ";465;10;"SEROPEDICA";"Ingestão de álcool pelo condutor";"Colisão lateral sentido oposto";"Com Vítimas Feridas";"Plena Noite";"Crescente";"Céu Claro";"Simples";"Reta";"Não";8;0;2;0;6;0;2;4;-22,777218;-43,663025;"SPRF-RJ";"DEL01-RJ";"UOP03-DEL01-RJ"
530137;2023-06-17;"sábado";"21:45:00";"RS";386;135,4;"SARANDI";"Ingestão de álcool pelo condutor";"Saída de leito carroçável";"Com Vítimas Feridas";"Plena Noite";"Crescente";"Nublado";"Simples";"Interseção de Vias";"Não";1;0;1;0;0;0;1;1;-27,96036;-52,91103;"SPRF-RS";"DEL08-RS";"UOP01-DEL08-RS"
530138;2023-06-17;"sábado";"21:00:00";"SP";101;48,5;"UBATUBA";"Acessar a via sem observar a presença dos outros veículos";"Colisão transversal";"Com Vítimas Feridas";"Plena Noite";"Crescente";"Céu Claro";"Simples";"Reta";"Sim";3;0;1;2;0;0;3;2;-23,43696329;-45,08768768;"SPRF-SP";"DEL06-SP";"UOP01-DEL06-SP"
530140;2023-06-17;"sábado";"21:00:00";"MT";163;913;"ITAUBA";"Ultrapassagem Indevida";"Colisão frontal";"Com Vítimas Fatais";"Plena Noite";"Decrescente";"Céu Claro";"Simples";"Declive";"Não";4;2;1;1;0;0;2;2;-11,199003;-55,306964;"SPRF-MT";"DEL06-MT";"UOP02-DEL06-MT"
530143;2023-06-17;"sábado";"22:00:00";"SP";116;211;"GUARULHOS";"Ingestão de álcool pelo condutor";"Colisão traseira";"Sem Vítimas";"Plena Noite";"Crescente";"Céu Claro";"Múltipla";"Reta;Desvio Temporário;Declive";"Sim";2;0;0;0;2;0;0;2;-23,4324306;-46,4194352;"SPRF-SP";"DEL01-SP";"UOP01-DEL01-SP"
530144;2023-06-17;"sábado";"20:30:00";"MT";70;535;"VARZEA GRANDE";"Ausência de reação do condutor";"Queda de ocupante de veículo";"Com Vítimas Feridas";"Plena Noite";"Crescente";"Céu Claro";"Simples";"Reta";"Não";1;0;0;1;0;0;1;1;-15,649207;-56,19486;"SPRF-MT";"DEL01-MT";"UOP02-DEL01-MT"
530145;2023-06-17;"sábado";"22:20:00";"SC";101;203;"SAO JOSE";"Ausência de reação do condutor";"Colisão com objeto";"Com Vítimas Feridas";"Plena Noite";"Decrescente";"Céu Claro";"Múltipla";"Reta";"Sim";5;0;3;0;2;0;3;1;-27,5650044;-48,61460082;"SPRF-SC";"DEL01-SC";"UOP01-DEL01-SC"
530146;2023-06-17;"sábado";"20:20:00";"AL";101;186;"JUNQUEIRO";"Velocidade Incompatível";"Saída de leito carroçável";"Sem Vítimas";"Plena Noite";"Crescente";"Nublado";"Dupla";"Reta";"Sim";1;0;0;0;0;1;0;1;-9,89720602;-36,456439;"SPRF-AL";"DEL02-AL";"UOP02-DEL02-AL"
530147;2023-06-17;"sábado";"20:40:00";"PA";163;985;"SANTAREM";"Transitar na contramão";"Colisão frontal";"Com Vítimas Feridas";"Plena Noite";"Decrescente";"Nublado";"Simples";"Reta";"Não";3;0;1;1;1;0;2;2;-2,60170904;-54,7193154;"SPRF-PA";"DEL05-PA";"UOP01-DEL05-PA"
530148;2023-06-17;"sábado";"22:30:00";"PR";376;2,8;"APUCARANA";"Condutor deixou de manter distância do veículo da frente";"Colisão traseira";"Com Vítimas Feridas";"Plena Noite";"Decrescente";"Céu Claro";"Simples";"Reta;Declive";"Sim";4;0;1;0;2;1;1;2;-23,560541;-51,434786;"SPRF-PR";"DEL07-PR";"UOP03-DEL07-PR"
530149;2023-06-17;"sábado";"21:30:00";"RJ";465;20;"NOVA IGUACU";"Afundamento ou ondulação no pavimento";"Colisão frontal";"Com Vítimas Feridas";"Plena Noite";"Crescente";"Céu Claro";"Simples";"Reta";"Não";3;0;3;0;0;0;3;2;-22,846828;-43,605339;"SPRF-RJ";"DEL03-RJ";"UOP01-DEL03-RJ"
530151;2023-06-17;"sábado";"22:00:00";"PE";232;122,1;"CARUARU";"Reação tardia ou ineficiente do condutor";"Saída de leito carroçável";"Com Vítimas Feridas";"Plena Noite";"Decrescente";"Céu Claro";"Dupla";"Reta";"Não";3;0;1;0;2;0;1;1;-8,30417276;-35,92823905;"SPRF-PE";"DEL02-PE";"UOP01-DEL02-PE"
530152;2023-06-17;"sábado";"21:20:00";"PR";277;348;"GUARAPUAVA";"Reação tardia ou ineficiente do condutor";"Tombamento";"Com Vítimas Feridas";"Plena Noite";"Decrescente";"Céu Claro";"Simples";"Reta";"Não";1;0;1;0;0;0;1;1;-25,37318876;-51,50081635;"SPRF-PR";"DEL08-PR";"UOP01-DEL08-PR"
530153;2023-06-17;"sábado";"08:47:00";"MT";364;201;"RONDONOPOLIS";"Ausência de reação do condutor";"Colisão traseira";"Com Vítimas Feridas";"Plena Noite";"Crescente";"Céu Claro";"Dupla";"Reta";"Sim";2;0;1;0;1;0;1;2;-16,491405;-54,646378;"SPRF-MT";"DEL02-MT";"UOP01-DEL02-MT"
530154;2023-06-17;"sábado";"22:28:00";"SE";101;57;"CARMOPOLIS";"Demais falhas mecânicas ou elétricas";"Incêndio";"Sem Vítimas";"Plena Noite";"Decrescente";"Nublado";"Simples";"Reta";"Não";1;0;0;0;1;0;0;1;-10,64430499;-37,01822402;"SPRF-SE";"DEL02-SE";"UOP02-DEL02-SE"
530156;2023-06-17;"sábado";"22:30:00";"BA";418;89;"NOVA VICOSA";"Transitar na contramão";"Colisão frontal";"Com Vítimas Feridas";"Plena Noite";"Crescente";"Céu Claro";"Simples";"Reta";"Sim";3;0;0;2;1;0;2;2;-17,88709248;-39,83068288;"SPRF-BA";"DEL09-BA";"UOP02-DEL09-BA"
530157;2023-06-17;"sábado";"17:40:00";"MG";116;642;"FERVEDOURO";"Conversão proibida";"Colisão transversal";"Com Vítimas Feridas";"Anoitecer";"Decrescente";"Chuva";"Simples";"Curva;Aclive";"Não";3;0;1;0;1;1;1;2;-20,65626469;-42,26078445;"SPRF-MG";"DEL07-MG";"UOP02-DEL07-MG"
530158;2023-06-17;"sábado";"22:05:00";"MG";116;704,4;"MURIAE";"Transitar no Acostamento";"Colisão traseira";"Com Vítimas Feridas";"Plena Noite";"Crescente";"Garoa/Chuvisco";"Simples";"Reta";"Sim";2;0;1;0;1;0;1;2;-21,13416858;-42,38722798;"SPRF-MG";"DEL07-MG";"UOP02-DEL07-MG"
530159;2023-06-17;"sábado";"21:20:00";"CE";20;100,3;"TAUA";"Mal súbito do condutor";"Queda de ocupante de veículo";"Com Vítimas Fatais";"Plena Noite";"Crescente";"Céu Claro";"Simples";"Reta";"Não";1;1;0;0;0;0;0;1;-5,89241491;-40,19011639;"SPRF-CE";"DEL02-CE";"UOP02-DEL02-CE"
530161;2023-06-17;"sábado";"22:15:00";"MG";40;632,6;"CONSELHEIRO LAFAIETE";"Ausência de reação do condutor";"Queda de ocupante de veículo";"Com Vítimas Feridas";"Plena Noite";"Crescente";"Nublado";"Simples";"Curva;Interseção de Vias;Declive";"Sim";1;0;0;1;0;0;1;1;-20,68154803;-43,79440438;"SPRF-MG";"DEL05-MG";"UOP02-DEL05-MG"