"id";"data_inversa";"dia_semana";"horario";"uf";"br";"km";"municipio";"causa_acidente";"tipo_acidente";"classificacao_acidente";"fase_dia";"sentido_via";"condicao_metereologica";"tipo_pista";"tracado_via";"uso_solo";"pessoas";"mortos";"feridos_leves";"feridos_graves";"ilesos";"ignorados";"feridos";"veiculos";"latitude";"longitude";"regional";"delegacia";"uop"
530162;2023-06-17;"sábado";"23:50:00";"RS";285;291,2;"PASSO FUNDO";"Ingestão de álcool pelo condutor";"Saída de leito carroçável";"Sem Vítimas";"Plena Noite";"Crescente";"Nublado";"Simples";"Interseção de Vias";"Não";2;0;0;0;2;0;0;1;-28,23816177;-52,35674143;"SPRF-RS";"DEL08-RS";"UOP03-DEL08-RS"
530163;2023-06-17;"sábado";"20:35:00";"RJ";493;104;"SEROPEDICA";"Ingestão de álcool pelo condutor";"Saída de leito carroçável";"Sem Vítimas";"Plena Noite";"Decrescente";"Céu Claro";"Dupla";"Reta";"Não";1;0;0;0;0;1;0;1;-22,75271706;-43,72827566;"SPRF-RJ";"DEL03-RJ";"UOP01-DEL03-RJ"
530164;2023-06-17;"sábado";"23:20:00";"PE";232;9,2;"JABOATAO DOS GUARARAPES";"Pedestre andava na pista";"Atropelamento de Pedestre";"Com Vítimas Fatais";"Plena Noite";"Decrescente";"Nublado";"Dupla";"Reta;Aclive";"Não";4;1;0;0;2;1;0;2;-8,07764447;-34,97863609;"SPRF-PE";"DEL01-PE";"UOP01-DEL01-PE"
530165;2023-06-17;"sábado";"22:50:00";"ES";101;396;"RIO NOVO DO SUL";"Reação tardia ou ineficiente do condutor";"Queda de ocupante de veículo";"Com Vítimas Feridas";"Plena Noite";"Crescente";"Chuva";"Simples";"Reta";"Não";1;0;1;0;0;0;1;1;-20,868874;-40,94103;"SPRF-ES";"DEL03-ES";"UOP02-DEL03-ES"
530167;2023-06-18;"domingo";"00:05:00";"PE";407;124,5;"PETROLINA";"Velocidade Incompatível";"Tombamento";"Com Vítimas Feridas";"Plena Noite";"Decrescente";"Céu Claro";"Dupla";"Reta";"Sim";1;0;1;0;0;0;1;1;-9,37776558;-40,53581715;"SPRF-PE";"DEL06-PE";"UOP01-DEL06-PE"
530168;2023-06-17;"sábado";"23:30:00";"BA";324;350;"CAPIM GROSSO";"Animais na Pista";"Capotamento";"Com Vítimas Feridas";"Plena Noite";"Decrescente";"Céu Claro";"Simples";"Reta";"Não";2;0;1;1;0;0;2;1;-11,35699923;-40,04997409;"SPRF-BA";"DEL04-BA";"UOP02-DEL04-BA"
530169;2023-06-17;"sábado";"23:50:00";"RS";285;475,9;"CORONEL BARROS";"Ausência de reação do condutor";"Colisão traseira";"Sem Vítimas";"Plena Noite";"Decrescente";"Céu Claro";"Simples";"Reta";"Não";3;0;0;0;3;0;0;2;-28,38200878;-54,06421423;"SPRF-RS";"DEL10-RS";"UOP01-DEL10-RS"
530170;2023-06-17;"sábado";"23:10:00";"MG";381;929,2;"ITAPEVA";"Ingestão de álcool pelo condutor";"Saída de leito carroçável";"Sem Vítimas";"Plena Noite";"Crescente";"Céu Claro";"Dupla";"Reta";"Não";1;0;0;0;1;0;0;1;-22,77310375;-46,2383268;"SPRF-MG";"DEL16-MG";"UOP03-DEL16-MG"
530171;2023-06-17;"sábado";"21:00:00";"MG";365;345,4;"PRESIDENTE OLEGARIO";"Área urbana sem a presença de local apropriado para a travessia de pedestres";"Atropelamento de Pedestre";"Com Vítimas Fatais";"Plena Noite";"Decrescente";"Ignorado";"Simples";"Reta";"Sim";2;1;0;0;1;0;0;2;-18,39112769;-46,04456685;"SPRF-MG";"DEL10-MG";"UOP01-DEL10-MG"
530172;2023-06-17;"sábado";"23:55:00";"MG";116;421,6;"ALPERCATA";"Ingestão de álcool pelo condutor";"Tombamento";"Com Vítimas Feridas";"Plena Noite";"Decrescente";"Céu Claro";"Simples";"Reta";"Não";1;0;1;0;0;0;1;1;-18,93669975;-41,94751431;"SPRF-MG";"DEL06-MG";"UOP01-DEL06-MG"
530173;2023-06-18;"domingo";"00:10:00";"PR";376;627,1;"SAO JOSE DOS PINHAIS";"Ingestão de álcool pelo condutor";"Saída de leito carroçável";"Sem Vítimas";"Plena Noite";"Crescente";"Nublado";"Dupla";"Reta";"Não";1;0;0;0;1;0;0;1;-25,677075;-49,150073;"SPRF-PR";"DEL01-PR";"UOP04-DEL01-PR"
530174;2023-06-17;"sábado";"23:55:00";"RN";101;116;"SAO JOSE DE MIPIBU";"Ingestão de álcool pelo condutor";"Saída de leito carroçável";"Sem Vítimas";"Plena Noite";"Decrescente";"Céu Claro";"Dupla";"Reta";"Não";4;0;0;0;4;0;0;1;-6,00959478;-35,25599062;"SPRF-RN";"DEL01-RN";"UOP01-DEL01-RN"
530175;2023-06-17;"sábado";"22:45:00";"SC";282;491,2;"FAXINAL DOS GUEDES";"Manobra de mudança de faixa";"Colisão lateral sentido oposto";"Sem Vítimas";"Plena Noite";"Decrescente";"Nublado";"Simples";"Curva";"Não";2;0;0;0;2;0;0;2;-26,872433;-52,291599;"SPRF-SC";"DEL07-SC";"UOP01-DEL07-SC"
530176;2023-06-18;"domingo";"00:50:00";"RS";285;285,7;"PASSO FUNDO";"Ingestão de álcool pelo condutor";"Saída de leito carroçável";"Sem Vítimas";"Plena Noite";"Decrescente";"Nublado";"Simples";"Reta";"Não";1;0;0;0;1;0;0;1;-28,24577;-52,299809;"SPRF-RS";"DEL08-RS";"UOP03-DEL08-RS"
530178;2023-06-17;"sábado";"23:40:00";"AL";316;96;"SANTANA DO IPANEMA";"Animais na Pista";"Atropelamento de Animal";"Com Vítimas Feridas";"Plena Noite";"Crescente";"Nublado";"Simples";"Reta";"Não";2;0;0;2;0;0;2;1;-9,38718651;-37,15250001;"SPRF-AL";"DEL03-AL";"UOP02-DEL03-AL"
530179;2023-06-18;"domingo";"01:30:00";"ES";101;143;"LINHARES";"Pista Escorregadia";"Saída de leito carroçável";"Com Vítimas Feridas";"Plena Noite";"Crescente";"Garoa/Chuvisco";"Simples";"Reta";"Não";1;0;1;0;0;0;1;1;-19,34286596;-40,0638568;"SPRF-ES";"DEL04-ES";"UOP01-DEL04-ES"
530180;2023-06-18;"domingo";"01:00:00";"SC";101;274,8;"IMBITUBA";"Deficiência do Sistema de Iluminação/Sinalização";"Atropelamento de Pedestre";"Com Vítimas Feridas";"Plena Noite";"Decrescente";"Céu Claro";"Dupla";"Reta";"Não";2;0;1;0;1;0;1;2;-28,129852;-48,69322;"SPRF-SC";"DEL02-SC";"UOP03-DEL02-SC"
530181;2023-06-18;"domingo";"01:40:00";"ES";101;127;"LINHARES";"Pista Escorregadia";"Tombamento";"Com Vítimas Feridas";"Plena Noite";"Decrescente";"Garoa/Chuvisco";"Simples";"Reta";"Sim";1;0;0;1;0;0;1;1;-19,202898;-40,095524;"SPRF-ES";"DEL04-ES";"UOP01-DEL04-ES"
530182;2023-06-18;"domingo";"01:30:00";"PR";116;125;"FAZENDA RIO GRANDE";"Ausência de reação do condutor";"Colisão com objeto";"Sem Vítimas";"Plena Noite";"Crescente";"Céu Claro";"Múltipla";"Reta";"Sim";1;0;0;0;0;1;0;1;-25,59505309;-49,31630659;"SPRF-PR";"DEL01-PR";"UOP03-DEL01-PR"
530183;2023-06-18;"domingo";"00:48:00";"PB";230;35;"SANTA RITA";"Ausência de reação do condutor";"Saída de leito carroçável";"Com Vítimas Feridas";"Plena Noite";"Decrescente";"Nublado";"Simples";"Curva;Declive";"Não";1;0;0;1;0;0;1;1;-7,12515983;-34,94588267;"SPRF-PB";"DEL01-PB";"UOP01-DEL01-PB"
530184;2023-06-18;"domingo";"00:55:00";"SC";470;51,5;"BLUMENAU";"Transitar na contramão";"Colisão lateral sentido oposto";"Com Vítimas Feridas";"Plena Noite";"Crescente";"Céu Claro";"Dupla";"Curva";"Sim";4;0;0;1;3;0;1;2;-26,8628088;-49,08585727;"SPRF-SC";"DEL04-SC";"UOP01-DEL04-SC"
530188;2023-06-18;"domingo";"02:21:00";"RJ";116;177;"BELFORD ROXO";"Manobra de mudança de faixa";"Queda de ocupante de veículo";"Com Vítimas Feridas";"Plena Noite";"Crescente";"Céu Claro";"Dupla";"Reta";"Sim";1;0;0;1;0;0;1;1;-22,78055198;-43,39208599;"SPRF-RJ";"DEL01-RJ";"UOP02-DEL01-RJ"
530189;2023-06-18;"domingo";"02:00:00";"SC";282;19,2;"PALHOCA";"Condutor Dormindo";"Colisão frontal";"Com Vítimas Feridas";"Plena Noite";"Crescente";"Céu Claro";"Simples";"Curva;Aclive";"Sim";3;0;1;0;2;0;1;3;-27,678635;-48,70192;"SPRF-SC";"DEL01-SC";"UOP02-DEL01-SC"
530190;2023-04-15;"sábado";"18:00:00";"RJ";493;1;"ITABORAI";"Reação tardia ou ineficiente do condutor";"Colisão transversal";"Com Vítimas Feridas";"Plena Noite";"Crescente";"Céu Claro";"Dupla";"Reta";"Sim";2;0;1;0;1;0;1;2;-22,76398788;-42,92731895;"SPRF-RJ";"DEL02-RJ";"UOP02-DEL02-RJ"
530191;2023-06-18;"domingo";"03:00:00";"SC";101;212;"PALHOCA";"Ingestão de álcool pelo condutor";"Colisão com objeto";"Sem Vítimas";"Plena Noite";"Decrescente";"Céu Claro";"Dupla";"Reta";"Sim";1;0;0;0;1;0;0;1;-27,62996929;-48,65903871;"SPRF-SC";"DEL01-SC";"UOP02-DEL01-SC"
530193;2023-06-18;"domingo";"02:10:00";"MG";116;533,2;"SANTA RITA DE MINAS";"Ingestão de álcool pelo condutor";"Saída de leito carroçável";"Com Vítimas Feridas";"Plena Noite";"Decrescente";"Nublado";"Simples";"Curva";"Não";2;0;1;0;1;0;1;1;-19,83624191;-42,13833241;"SPRF-MG";"DEL06-MG";"UOP02-DEL06-MG"
530194;2023-06-18;"domingo";"03:00:00";"DF";20;8;"BRASILIA";"Reação tardia ou ineficiente do condutor";"Colisão com objeto";"Com Vítimas Feridas";"Plena Noite";"Crescente";"Céu Claro";"Dupla";"Reta";"Sim";1;0;1;0;0;0;1;1;-15,654671;-47,782917;"SPRF-DF";"DEL02-DF";"UOP01-DEL02-DF"
530195;2023-06-18;"domingo";"02:00:00";"SC";101;204;"SAO JOSE";"Ausência de reação do condutor";"Colisão com objeto";"Sem Vítimas";"Plena Noite";"Crescente";"Céu Claro";"Dupla";"Curva";"Sim";2;0;0;0;2;0;0;1;-27,57413014;-48,61363083;"SPRF-SC";"DEL01-SC";"UOP01-DEL01-SC"
530196;2023-06-18;"domingo";"03:45:00";"SE";101;23;"MALHADA DOS BOIS";"Condutor Dormindo";"Saída de leito carroçável";"Com Vítimas Feridas";"Amanhecer";"Decrescente";"Céu Claro";"Dupla";"Aclive";"Não";4;0;1;1;2;0;2;1;-10,38708884;-36,91570075;"SPRF-SE";"DEL02-SE";"UOP02-DEL02-SE"
530199;2023-06-18;"domingo";"03:50:00";"SC";101;358;"SANGAO";"Ausência de reação do condutor";"Colisão frontal";"Com Vítimas Feridas";"Plena Noite";"Decrescente";"Céu Claro";"Simples";"Reta";"Não";2;0;1;0;1;0;1;2;-28,6478098;-49,10316288;"SPRF-SC";"DEL02-SC";"UOP01-DEL02-SC"
530200;2023-06-18;"domingo";"04:00:00";"MG";116;700,6;"MURIAE";"Reação tardia ou ineficiente do condutor";"Saída de leito carroçável";"Com Vítimas Feridas";"Plena Noite";"Crescente";"Garoa/Chuvisco";"Simples";"Curva";"Sim";1;0;0;1;0;0;1;1;-21,10258681;-42,37840131;"SPRF-MG";"DEL07-MG";"UOP02-DEL07-MG"
530201;2023-06-18;"domingo";"03:00:00";"RN";304;35,9;"MOSSORO";"Transitar na contramão";"Colisão frontal";"Com Vítimas Feridas";"Plena Noite";"Crescente";"Céu Claro";"Múltipla";"Viaduto";"Não";2;0;1;1;0;0;2;2;-5,16149497;-37,35068212;"SPRF-RN";"DEL04-RN";"UOP02-DEL04-RN"
530202;2023-06-18;"domingo";"04:15:00";"MG";40;765,5;"JUIZ DE FORA";"Ingestão de álcool pelo condutor";"Colisão com objeto";"Sem Vítimas";"Plena Noite";"Crescente";"Céu Claro";"Simples";"Reta";"Não";1;0;0;0;1;0;0;1;-21,56418921;-43,4884611;"SPRF-MG";"DEL05-MG";"UOP01-DEL05-MG"
530203;2023-06-18;"domingo";"04:30:00";"RS";285;322,2;"PASSO FUNDO";"Animais na Pista";"Saída de leito carroçável";"Com Vítimas Feridas";"Plena Noite";"Crescente";"Nublado";"Simples";"Reta";"Não";2;0;0;2;0;0;2;1;-28,272211;-52,640121;"SPRF-RS";"DEL08-RS";"UOP03-DEL08-RS"
530204;2023-06-17;"sábado";"23:30:00";"MA";230;5;"BARAO DE GRAJAU";"Ausência de reação do condutor";"Colisão traseira";"Sem Vítimas";"Plena Noite";"Crescente";"Céu Claro";"Simples";"Reta";"Não";2;0;0;0;0;2;0;2;-6,74576427;-43,05085411;"SPRF-PI";"DEL03-PI";"UOP01-DEL03-PI"
530205;2023-06-18;"domingo";"05:00:00";"SP";381;60;"MAIRIPORA";"Avarias e/ou desgaste excessivo no pneu";"Capotamento";"Sem Vítimas";"Plena Noite";"Crescente";"Nevoeiro/Neblina";"Dupla";"Curva";"Sim";1;0;0;0;1;0;0;1;-23,28957673;-46,58729853;"SPRF-SP";"DEL03-SP";"UOP01-DEL03-SP"
530206;2023-06-18;"domingo";"04:25:00";"RJ";101;103;"CAMPOS DOS GOYTACAZES";"Ausência de reação do condutor";"Capotamento";"Com Vítimas Feridas";"Plena Noite";"Decrescente";"Garoa/Chuvisco";"Dupla";"Reta";"Não";1;0;1;0;0;0;1;1;-21,90327185;-41,60553822;"SPRF-RJ";"DEL08-RJ";"UOP02-DEL08-RJ"
530209;2023-06-18;"domingo";"05:20:00";"PB";230;359;"MALTA";"Velocidade Incompatível";"Saída de leito carroçável";"Sem Vítimas";"Pleno dia";"Decrescente";"Céu Claro";"Simples";"Reta";"Não";2;0;0;0;2;0;0;1;-6,918;-37,4531;"SPRF-PB";"DEL03-PB";"UOP02-DEL03-PB"
530210;2023-06-18;"domingo";"03:40:00";"SC";101;317;"PESCARIA BRAVA";"Ausência de reação do condutor";"Colisão com objeto";"Com Vítimas Feridas";"Plena Noite";"Decrescente";"Céu Claro";"Dupla";"Reta";"Sim";2;0;2;0;0;0;2;1;-28,428357;-48,86755;"SPRF-SC";"DEL02-SC";"UOP01-DEL02-SC"
530211;2023-06-18;"domingo";"05:50:00";"SC";101;203,3;"SAO JOSE";"Ingestão de álcool pelo condutor";"Colisão com objeto";"Com Vítimas Fatais";"Amanhecer";"Decrescente";"Céu Claro";"Múltipla";"Reta";"Sim";3;1;1;0;0;1;1;2;-27,5674732;-48,6137636;"SPRF-SC";"DEL01-SC";"UOP01-DEL01-SC"
530213;2023-06-18;"domingo";"05:30:00";"SC";101;328,7;"CAPIVARI DE BAIXO";"Reação tardia ou ineficiente do condutor";"Colisão traseira";"Com Vítimas Feridas";"Plena Noite";"Decrescente";"Céu Claro";"Dupla";"Ponte";"Não";8;0;1;0;7;0;1;4;-28,450749;-48,972345;"SPRF-SC";"DEL02-SC";"UOP01-DEL02-SC"
530214;2023-06-18;"domingo";"06:00:00";"SC";101;360;"SANGAO";"Ausência de reação do condutor";"Saída de leito carroçável";"Sem Vítimas";"Plena Noite";"Crescente";"Céu Claro";"Simples";"Reta";"Não";1;0;0;0;0;1;0;1;-28,6626536;-49,11233872;"SPRF-SC";"DEL02-SC";"UOP01-DEL02-SC"
530216;2023-06-18;"domingo";"06:00:00";"SC";282;383,1;"HERVAL DOESTE";"Ingestão de álcool pelo condutor";"Saída de leito carroçável";"Sem Vítimas";"Plena Noite";"Crescente";"Nevoeiro/Neblina";"Simples";"Curva";"Não";1;0;0;0;0;1;0;1;-27,19527005;-51,50589108;"SPRF-SC";"DEL07-SC";"UOP05-DEL07-SC"
530218;2023-06-18;"domingo";"05:40:00";"MG";116;507,6;"UBAPORANGA";"Ausência de reação do condutor";"Saída de leito carroçável";"Com Vítimas Feridas";"Amanhecer";"Decrescente";"Nublado";"Simples";"Reta";"Não";1;0;1;0;0;0;1;1;-19,61953715;-42,10872923;"SPRF-MG";"DEL06-MG";"UOP02-DEL06-MG"
530219;2023-06-18;"domingo";"05:37:00";"ES";101;259,8;"SERRA";"Fumaça";"Incêndio";"Sem Vítimas";"Amanhecer";"Decrescente";"Céu Claro";"Simples";"Curva;Aclive";"Sim";1;0;0;0;1;0;0;1;-20,138397;-40,292213;"SPRF-ES";"DEL02-ES";"UOP01-DEL02-ES"
530220;2023-06-18;"domingo";"04:49:00";"RR";174;515;"BOA VISTA";"Ingestão de álcool pelo condutor";"Colisão frontal";"Com Vítimas Feridas";"Plena Noite";"Crescente";"Céu Claro";"Simples";"Reta";"Não";7;0;6;0;1;0;6;2;2,897176;-60,703735;"SPRF-RR";"DEL01-RR";"UOP01-DEL01-RR"
530221;2023-06-18;"domingo";"05:35:00";"PR";277;725;"FOZ DO IGUACU";"Manobra de mudança de faixa";"Colisão traseira";"Com Vítimas Feridas";"Amanhecer";"Crescente";"Céu Claro";"Dupla";"Reta";"Sim";3;0;2;0;1;0;2;2;-25,50823541;-54,54619865;"SPRF-PR";"DEL05-PR";"UOP03-DEL05-PR"
530222;2023-06-18;"domingo";"06:15:00";"PR";277;4,5;"PARANAGUA";"Reação tardia ou ineficiente do condutor";"Colisão com objeto";"Com Vítimas Feridas";"Amanhecer";"Crescente";"Céu Claro";"Simples";"Curva;Viaduto";"Sim";4;0;4;0;0;0;4;1;-25,554288;-48,562757;"SPRF-PR";"DEL01-PR";"UOP05-DEL01-PR"
530223;2023-06-18;"domingo";"01:00:00";"RJ";101;273;"RIO BONITO";"Reação tardia ou ineficiente do condutor";"Queda de ocupante de veículo";"Com Vítimas Feridas";"Plena Noite";"Crescente";"Nublado";"Dupla";"Reta";"Sim";1;0;1;0;0;0;1;1;-22,7316093;-42,71051285;"SPRF-RJ";"DEL02-RJ";"UOP03-DEL02-RJ"
530224;2023-06-18;"domingo";"04:00:00";"MG";116;455,6;"ENGENHEIRO CALDAS";"Conversão proibida";"Colisão frontal";"Com Vítimas Feridas";"Plena Noite";"Crescente";"Céu Claro";"Simples";"Reta";"Sim";2;0;1;0;1;0;1;2;-19,192935;-42,043011;"SPRF-MG";"DEL06-MG";"UOP02-DEL06-MG"
530225;2023-06-18;"domingo";"00:01:00";"SC";470;71,2;"INDAIAL";"Reação tardia ou ineficiente do condutor";"Colisão frontal";"Com Vítimas Feridas";"Plena Noite";"Decrescente";"Céu Claro";"Dupla";"Em Obras;Reta;Desvio Temporário";"Sim";2;0;0;1;1;0;1;2;-26,90113455;-49,26804364;"SPRF-SC";"DEL04-SC";"UOP01-DEL04-SC"
530227;2023-06-18;"domingo";"06:00:00";"BA";116;415;"FEIRA DE SANTANA";"Ingestão de álcool pelo condutor";"Colisão traseira";"Sem Vítimas";"Pleno dia";"Crescente";"Nublado";"Dupla";"Reta";"Não";3;0;0;0;2;1;0;2;-12,16326491;-38,96501899;"SPRF-BA";"DEL02-BA";"UOP01-DEL02-BA"
530229;2023-06-18;"domingo";"06:40:00";"SC";101;213;"PALHOCA";"Reação tardia ou ineficiente do condutor";"Colisão com objeto";"Sem Vítimas";"Amanhecer";"Crescente";"Céu Claro";"Dupla";"Reta";"Não";1;0;0;0;0;1;0;1;-27,63697369;-48,66514142;"SPRF-SC";"DEL01-SC";"UOP02-DEL01-SC"
530231;2023-06-18;"domingo";"08:15:00";"CE";116;42;"HORIZONTE";"Entrada inopinada do pedestre";"Atropelamento de Pedestre";"Com Vítimas Feridas";"Pleno dia";"Crescente";"Céu Claro";"Dupla";"Curva;Retorno Regulamentado";"Sim";2;0;0;1;1;0;1;2;-4,10857928;-38,4942173;"SPRF-CE";"DEL01-CE";"UOP02-DEL01-CE"
530233;2023-06-18;"domingo";"06:30:00";"SC";282;21,5;"SANTO AMARO DA IMPERATRIZ";"Ausência de reação do condutor";"Colisão com objeto";"Sem Vítimas";"Pleno dia";"Crescente";"Céu Claro";"Simples";"Curva";"Não";1;0;0;0;1;0;0;1;-27,68907;-48,717541;"SPRF-SC";"DEL01-SC";"UOP02-DEL01-SC"
530234;2023-06-18;"domingo";"05:40:00";"PR";476;340,8;"PAULA FREITAS";"Reação tardia ou ineficiente do condutor";"Colisão frontal";"Com Vítimas Feridas";"Amanhecer";"Crescente";"Nevoeiro/Neblina";"Simples";"Reta;Declive";"Não";2;0;2;0;0;0;2;2;-26,161716;-50,89196;"SPRF-PR";"DEL02-PR";"UOP03-DEL02-PR"
530235;2023-06-18;"domingo";"08:00:00";"PR";373;185,5;"PONTA GROSSA";"Ausência de reação do condutor";"Colisão traseira";"Com Vítimas Fatais";"Pleno dia";"Decrescente";"Nevoeiro/Neblina";"Simples";"Curva;Aclive";"Não";3;1;0;0;2;0;0;3;-25,050181;-50,294253;"SPRF-PR";"DEL03-PR";"UOP01-DEL03-PR"
530236;2023-06-18;"domingo";"07:45:00";"CE";116;536,9;"PENAFORTE";"Condutor Dormindo";"Saída de leito carroçável";"Com Vítimas Feridas";"Pleno dia";"Crescente";"Céu Claro";"Simples";"Reta";"Não";5;0;5;0;0;0;5;1;-7,7312911;-39,04602286;"SPRF-CE";"DEL05-CE";"UOP03-DEL05-CE"
530237;2023-06-18;"domingo";"00:45:00";"RO";364;341;"JI-PARANA";"Transitar na contramão";"Colisão frontal";"Com Vítimas Feridas";"Plena Noite";"Decrescente";"Céu Claro";"Dupla";"Reta";"Sim";3;0;1;0;1;1;1;3;-10,88987987;-61,93126772;"SPRF-RO";"DEL02-RO";"UOP01-DEL02-RO"
530238;2023-06-18;"domingo";"07:50:00";"BA";242;797;"BARREIRAS";"Reação tardia ou ineficiente do condutor";"Colisão traseira";"Com Vítimas Feridas";"Pleno dia";"Decrescente";"Sol";"Simples";"Reta";"Sim";3;0;3;0;0;0;3;2;-12,1275;-45,0229;"SPRF-BA";"DEL10-BA";"UOP01-DEL10-BA"
530239;2023-06-18;"domingo";"07:00:00";"PR";163;263;"TOLEDO";"Condutor Dormindo";"Saída de leito carroçável";"Com Vítimas Feridas";"Amanhecer";"Crescente";"Céu Claro";"Dupla";"Reta";"Não";1;0;1;0;0;0;1;1;-24,64837482;-53,84488492;"SPRF-PR";"DEL06-PR";"UOP02-DEL06-PR"
530240;2023-06-17;"sábado";"23:00:00";"RO";364;362;"OURO PRETO DO OESTE";"Transitar na contramão";"Colisão lateral sentido oposto";"Com Vítimas Feridas";"Plena Noite";"Crescente";"Céu Claro";"Simples";"Reta";"Não";3;0;0;2;1;0;2;2;-10,77706265;-62,07442393;"SPRF-RO";"DEL02-RO";"UOP01-DEL02-RO"
530241;2023-06-18;"domingo";"00:14:00";"RO";364;341;"JI-PARANA";"Ultrapassagem Indevida";"Colisão lateral mesmo sentido";"Com Vítimas Feridas";"Plena Noite";"Decrescente";"Céu Claro";"Dupla";"Reta";"Não";4;0;1;1;2;0;2;2;-10,88987987;-61,93126772;"SPRF-RO";"DEL02-RO";"UOP01-DEL02-RO"
530242;2023-04-24;"segunda-feira";"00:20:00";"RO";364;699,9;"PORTO VELHO";"Ausência de reação do condutor";"Tombamento";"Com Vítimas Feridas";"Plena Noite";"Decrescente";"Céu Claro";"Dupla";"Reta";"Não";1;0;0;1;0;0;1;1;-8,79523268;-63,67788703;"SPRF-RO";"DEL01-RO";"UOP01-DEL01-RO"
530243;2023-06-18;"domingo";"07:40:00";"PR";376;114;"ALTO PARANA";"Ausência de reação do condutor";"Saída de leito carroçável";"Com Vítimas Feridas";"Pleno dia";"Decrescente";"Céu Claro";"Dupla";"Reta";"Sim";1;0;1;0;0;0;1;1;-23,09860856;-52,36548988;"SPRF-PR";"DEL09-PR";"UOP02-DEL09-PR"
530245;2023-05-20;"sábado";"02:20:00";"SC";101;95,8;"BARRA VELHA";"Ausência de reação do condutor";"Colisão traseira";"Com Vítimas Feridas";"Plena Noite";"Crescente";"Nublado";"Múltipla";"Curva;Aclive";"Não";4;0;1;1;0;2;2;3;-26,70876413;-48,70221065;"SPRF-SC";"DEL03-SC";"UOP02-DEL03-SC"
530249;2023-06-18;"domingo";"05:30:00";"BA";101;562;"ARATACA";"Transitar na contramão";"Colisão frontal";"Com Vítimas Fatais";"Amanhecer";"Crescente";"Nevoeiro/Neblina";"Simples";"Reta";"Não";7;6;0;0;1;0;0;2;-15,3696882;-39,49413617;"SPRF-BA";"DEL05-BA";"UOP02-DEL05-BA"
530252;2023-06-18;"domingo";"10:00:00";"DF";20;8,7;"BRASILIA";"Acessar a via sem observar a presença dos outros veículos";"Colisão lateral mesmo sentido";"Com Vítimas Feridas";"Pleno dia";"Decrescente";"Céu Claro";"Dupla";"Desvio Temporário;Em Obras";"Sim";3;0;1;0;2;0;1;2;-15,658386;-47,791534;"SPRF-DF";"DEL02-DF";"UOP01-DEL02-DF"
530254;2023-06-18;"domingo";"04:30:00";"CE";116;38,5;"HORIZONTE";"Velocidade Incompatível";"Saída de leito carroçável";"Com Vítimas Feridas";"Plena Noite";"Crescente";"Céu Claro";"Dupla";"Curva;Declive";"Sim";1;0;1;0;0;0;1;1;-4,08404;-38,49866;"SPRF-CE";"DEL01-CE";"UOP02-DEL01-CE"
530255;2023-06-18;"domingo";"10:45:00";"SC";282;16,2;"PALHOCA";"Condutor deixou de manter distância do veículo da frente";"Colisão traseira";"Com Vítimas Feridas";"Pleno dia";"Crescente";"Sol";"Simples";"Reta";"Sim";2;0;1;0;1;0;1;2;-27,658611;-48,681847;"SPRF-SC";"DEL01-SC";"UOP02-DEL01-SC"
530256;2023-06-18;"domingo";"10:35:00";"RJ";493;19;"MAGE";"Reação tardia ou ineficiente do condutor";"Colisão lateral sentido oposto";"Com Vítimas Feridas";"Pleno dia";"Decrescente";"Céu Claro";"Simples";"Viaduto;Reta";"Sim";4;0;1;0;2;1;1;3;-22,6663848;-43,02770248;"SPRF-RJ";"DEL04-RJ";"UOP02-DEL04-RJ"
530260;2023-06-18;"domingo";"11:00:00";"MG";356;279,3;"EUGENOPOLIS";"Velocidade Incompatível";"Saída de leito carroçável";"Com Vítimas Feridas";"Pleno dia";"Decrescente";"Nublado";"Simples";"Curva;Declive";"Não";1;0;1;0;0;0;1;1;-21,125573;-42,255585;"SPRF-MG";"DEL07-MG";"UOP02-DEL07-MG"
530261;2023-06-18;"domingo";"11:40:00";"GO";40;11;"VALPARAISO DE GOIAS";"Acessar a via sem observar a presença dos outros veículos";"Colisão transversal";"Sem Vítimas";"Pleno dia";"Decrescente";"Céu Claro";"Dupla";"Reta";"Sim";3;0;0;0;3;0;0;2;-16,138336;-47,951644;"SPRF-DF";"DEL01-DF";"UOP01-DEL01-DF"
530262;2023-06-18;"domingo";"12:10:00";"PR";277;317;"GUARAPUAVA";"Reação tardia ou ineficiente do condutor";"Saída de leito carroçável";"Sem Vítimas";"Pleno dia";"Decrescente";"Céu Claro";"Simples";"Reta";"Não";4;0;0;0;4;0;0;1;-25,36564;-51,248523;"SPRF-PR";"DEL08-PR";"UOP01-DEL08-PR"
530263;2023-06-18;"domingo";"09:30:00";"RJ";101;329;"RIO DE JANEIRO";"Condutor Dormindo";"Colisão com objeto";"Com Vítimas Feridas";"Pleno dia";"Crescente";"Céu Claro";"Dupla";"Reta";"Sim";1;0;0;1;0;0;1;1;-22,86939305;-43,175642;"SPRF-RJ";"DEL02-RJ";"UOP01-DEL02-RJ"
530264;2023-06-18;"domingo";"12:00:00";"PR";116;21;"ANTONINA";"Reação tardia ou ineficiente do condutor";"Saída de leito carroçável";"Com Vítimas Fatais";"Pleno dia";"Crescente";"Céu Claro";"Dupla";"Curva";"Não";2;1;0;0;0;1;0;2;-25,10427672;-48,73857029;"SPRF-PR";"DEL01-PR";"UOP02-DEL01-PR"
530266;2023-06-18;"domingo";"12:40:00";"SC";101;232,3;"PALHOCA";"Manobra de mudança de faixa";"Colisão lateral mesmo sentido";"Com Vítimas Feridas";"Pleno dia";"Decrescente";"Sol";"Dupla";"Curva;Declive";"Não";2;0;1;0;1;0;1;2;-27,795666;-48,638153;"SPRF-SC";"DEL01-SC";"UOP02-DEL01-SC"