"id";"data_inversa";"dia_semana";"horario";"uf";"br";"km";"municipio";"causa_acidente";"tipo_acidente";"classificacao_acidente";"fase_dia";"sentido_via";"condicao_metereologica";"tipo_pista";"tracado_via";"uso_solo";"pessoas";"mortos";"feridos_leves";"feridos_graves";"ilesos";"ignorados";"feridos";"veiculos";"latitude";"longitude";"regional";"delegacia";"uop"
530360;2023-06-18;"domingo";"17:35:00";"PR";369;126,9;"JATAIZINHO";"Reação tardia ou ineficiente do condutor";"Colisão transversal";"Com Vítimas Fatais";"Anoitecer";"Crescente";"Nublado";"Dupla";"Reta";"Não";3;1;0;0;2;0;0;2;-23,27655975;-50,96176676;"SPRF-PR";"DEL07-PR";"UOP01-DEL07-PR"
530361;2023-06-18;"domingo";"20:00:00";"PE";232;114;"CARUARU";"Manobra de mudança de faixa";"Colisão transversal";"Com Vítimas Feridas";"Plena Noite";"Decrescente";"Céu Claro";"Dupla";"Retorno Regulamentado";"Não";3;0;2;0;0;1;2;2;-8,30028529;-35,84905306;"SPRF-PE";"DEL02-PE";"UOP02-DEL02PE"
530362;2023-06-18;"domingo";"20:25:00";"SC";116;251,5;"LAGES";"Transitar na contramão";"Colisão frontal";"Com Vítimas Feridas";"Plena Noite";"Decrescente";"Céu Claro";"Simples";"Reta";"Não";6;0;0;2;4;0;2;3;-27,84811693;-50,37965298;"SPRF-SC";"DEL05-SC";"UOP02-DEL05-SC"
530363;2023-06-18;"domingo";"20:00:00";"PR";376;621;"SAO JOSE DOS PINHAIS";"Reação tardia ou ineficiente do condutor";"Colisão traseira";"Sem Vítimas";"Plena Noite";"Crescente";"Nublado";"Dupla";"Reta";"Não";2;0;0;0;2;0;0;2;-25,61783292;-49,1690968;"SPRF-PR";"DEL01-PR";"UOP04-DEL01-PR"
530364;2023-06-18;"domingo";"18:05:00";"RS";293;269;"DOM PEDRITO";"Ingestão de álcool pelo condutor";"Saída de leito carroçável";"Com Vítimas Feridas";"Plena Noite";"Crescente";"Céu Claro";"Simples";"Reta";"Não";2;0;1;0;0;1;1;1;-30,89900387;-54,83979895;"SPRF-RS";"DEL11-RS";"UOP01-DEL11-RS"
530366;2023-06-18;"domingo";"19:44:00";"PR";116;91,1;"SAO JOSE DOS PINHAIS";"Condutor deixou de manter distância do veículo da frente";"Colisão traseira";"Com Vítimas Feridas";"Plena Noite";"Crescente";"Nevoeiro/Neblina";"Dupla";"Reta";"Não";3;0;2;0;0;1;2;2;-25,46961587;-49,09184037;"SPRF-PR";"DEL01-PR";"UOP07-DEL01-PR"
530368;2023-06-18;"domingo";"21:15:00";"PE";101;56,1;"RECIFE";"Pedestre andava na pista";"Atropelamento de Pedestre";"Com Vítimas Fatais";"Plena Noite";"Decrescente";"Céu Claro";"Dupla";"Reta";"Não";2;1;0;0;0;1;0;2;-7,9554509;-34,91140727;"SPRF-PE";"DEL01-PE";"UOP02-DEL01-PE"
530369;2023-06-18;"domingo";"20:27:00";"PR";277;56;"SAO JOSE DOS PINHAIS";"Acesso irregular";"Colisão transversal";"Com Vítimas Feridas";"Plena Noite";"Decrescente";"Garoa/Chuvisco";"Dupla";"Reta";"Não";4;0;0;1;2;1;1;3;-25,58612344;-48,95485311;"SPRF-PR";"DEL01-PR";"UOP01-DEL01-PR"
530371;2023-06-18;"domingo";"21:10:00";"RS";285;502,4;"ENTRE-IJUIS";"Retorno proibido";"Colisão transversal";"Sem Vítimas";"Plena Noite";"Decrescente";"Céu Claro";"Simples";"Curva";"Não";2;0;0;0;2;0;0;2;-28,38175392;-54,30333853;"SPRF-RS";"DEL10-RS";"UOP01-DEL10-RS"
530372;2023-06-18;"domingo";"18:20:00";"RJ";493;1;"ITABORAI";"Conversão proibida";"Colisão transversal";"Sem Vítimas";"Plena Noite";"Crescente";"Nublado";"Simples";"Aclive;Reta";"Não";2;0;0;0;2;0;0;2;-22,7639878838;-42,927318947;"SPRF-RJ";"DEL02-RJ";"UOP02-DEL02-RJ"
530373;2023-06-18;"domingo";"20:20:00";"MT";163;832;"SINOP";"Reação tardia ou ineficiente do condutor";"Queda de ocupante de veículo";"Com Vítimas Feridas";"Plena Noite";"Decrescente";"Céu Claro";"Dupla";"Retorno Regulamentado";"Sim";1;0;1;0;0;0;1;1;-11,891931;-55,503376;"SPRF-MT";"DEL06-MT";"UOP02-DEL06-MT"
530374;2023-06-18;"domingo";"17:40:00";"BA";135;38;"FORMOSA DO RIO PRETO";"Avarias e/ou desgaste excessivo no pneu";"Saída de leito carroçável";"Com Vítimas Feridas";"Anoitecer";"Crescente";"Céu Claro";"Simples";"Reta";"Não";5;0;5;0;0;0;5;1;-11,106599;-45,114925;"SPRF-BA";"DEL08-BA";"UOP04-DEL08-BA"
530375;2023-06-18;"domingo";"22:20:00";"MG";50;164;"UBERABA";"Ausência de sinalização";"Colisão com objeto";"Sem Vítimas";"Plena Noite";"Decrescente";"Céu Claro";"Simples";"Reta;Desvio Temporário;Em Obras";"Não";2;0;0;0;2;0;0;1;-19,6847632;-47,99273153;"SPRF-MG";"DEL13-MG";"UOP01-DEL13-MG"
530376;2023-06-18;"domingo";"18:40:00";"TO";153;336;"GUARAI";"Reação tardia ou ineficiente do condutor";"Atropelamento de Pedestre";"Sem Vítimas";"Anoitecer";"Decrescente";"Céu Claro";"Simples";"Reta;Interseção de Vias";"Sim";2;0;0;0;2;0;0;2;-8,85386;-48,508884;"SPRF-TO";"DEL02-TO";"UOP02-DEL02-TO"
530377;2023-06-18;"domingo";"22:30:00";"PI";343;336;"TERESINA";"Ingestão de álcool pelo condutor";"Tombamento";"Sem Vítimas";"Plena Noite";"Decrescente";"Céu Claro";"Dupla";"Reta";"Não";1;0;0;0;1;0;0;1;-5,062547;-42,705189;"SPRF-PI";"DEL01-PI";"UOP01-DEL01-PI"
530378;2023-06-18;"domingo";"22:52:00";"GO";364;9;"SAO SIMAO";"Reação tardia ou ineficiente do condutor";"Colisão com objeto";"Sem Vítimas";"Plena Noite";"Crescente";"Céu Claro";"Simples";"Reta";"Não";1;0;0;0;0;1;0;1;-18,99785;-50,563488;"SPRF-GO";"DEL05-GO";"UOP02-DEL05-GO"
530379;2023-06-18;"domingo";"21:30:00";"PR";369;146,1;"LONDRINA";"Ausência de reação do condutor";"Queda de ocupante de veículo";"Com Vítimas Feridas";"Plena Noite";"Decrescente";"Vento";"Dupla";"Reta;Declive";"Não";2;0;1;0;1;0;1;1;-23,29328869;-51,12420201;"SPRF-PR";"DEL07-PR";"UOP01-DEL07-PR"
530380;2023-06-18;"domingo";"20:20:00";"GO";70;17;"COCALZINHO DE GOIAS";"Ultrapassagem Indevida";"Colisão lateral sentido oposto";"Com Vítimas Feridas";"Plena Noite";"Crescente";"Céu Claro";"Simples";"Curva";"Não";3;0;2;1;0;0;3;2;-15,75060673;-48,34984959;"SPRF-DF";"DEL03-DF";"UOP02-DEL03-DF"
530381;2023-06-18;"domingo";"21:45:00";"RS";386;236,2;"SOLEDADE";"Ingestão de álcool pelo condutor";"Saída de leito carroçável";"Com Vítimas Feridas";"Plena Noite";"Crescente";"Céu Claro";"Simples";"Reta";"Não";2;0;1;0;1;0;1;1;-28,738714;-52,553207;"SPRF-RS";"DEL04-RS";"UOP03-DEL04-RS"
530383;2023-06-18;"domingo";"23:30:00";"SC";101;158;"PORTO BELO";"Ausência de sinalização";"Colisão traseira";"Com Vítimas Feridas";"Plena Noite";"Decrescente";"Nublado";"Dupla";"Retorno Regulamentado";"Não";2;0;1;0;1;0;1;2;-27,19096301;-48,61259017;"SPRF-SC";"DEL04-SC";"UOP03-DEL04-SC"
530384;2023-06-18;"domingo";"22:50:00";"MG";40;524;"CONTAGEM";"Ingestão de álcool pelo condutor";"Saída de leito carroçável";"Sem Vítimas";"Plena Noite";"Decrescente";"Céu Claro";"Dupla";"Reta";"Sim";1;0;0;0;1;0;0;1;-19,8754469;-44,05345586;"SPRF-MG";"DEL01-MG";"UOP02-DEL01-MG"
530387;2023-06-18;"domingo";"22:58:00";"RN";406;158,2;"CEARA-MIRIM";"Ingestão de álcool pelo condutor";"Atropelamento de Animal";"Sem Vítimas";"Plena Noite";"Crescente";"Céu Claro";"Simples";"Reta";"Não";2;0;0;0;2;0;0;1;-5,69226503;-35,38879603;"SPRF-RN";"DEL02-RN";"UOP01-DEL02-RN"
530389;2023-06-18;"domingo";"23:00:00";"PE";232;5,2;"RECIFE";"Acostamento em desnível";"Colisão com objeto";"Com Vítimas Feridas";"Plena Noite";"Crescente";"Céu Claro";"Dupla";"Reta;Em Obras";"Sim";1;0;1;0;0;0;1;1;-8,069517;-34,94961;"SPRF-PE";"DEL01-PE";"UOP01-DEL01-PE"
530390;2023-06-18;"domingo";"18:50:00";"MG";262;14,7;"MARTINS SOARES";"Ausência de reação do condutor";"Colisão frontal";"Com Vítimas Feridas";"Plena Noite";"Crescente";"Nublado";"Simples";"Reta;Declive";"Não";2;0;0;1;0;1;1;2;-20,26417;-41,868195;"SPRF-MG";"DEL06-MG";"UOP03-DEL06-MG"
530392;2023-06-18;"domingo";"23:20:00";"PR";376;6,7;"MARINGA";"Ingestão de álcool e/ou substâncias psicoativas pelo pedestre";"Saída de leito carroçável";"Com Vítimas Feridas";"Plena Noite";"Crescente";"Ignorado";"Dupla";"Reta";"Sim";4;0;4;0;0;0;4;1;-23,37629559;-51,94026947;"SPRF-PR";"DEL09-PR";"UOP01-DEL09-PR"
530395;2023-06-18;"domingo";"19:20:00";"MG";381;173,8;"GOVERNADOR VALADARES";"Ingestão de álcool pelo condutor";"Colisão frontal";"Sem Vítimas";"Plena Noite";"Crescente";"Céu Claro";"Simples";"Aclive;Reta";"Não";2;0;0;0;2;0;0;2;-18,9921031;-42,11590091;"SPRF-MG";"DEL06-MG";"UOP01-DEL06-MG"
530396;2023-06-18;"domingo";"23:20:00";"PI";343;180;"PIRIPIRI";"Ingestão de álcool pelo condutor";"Colisão lateral sentido oposto";"Com Vítimas Feridas";"Plena Noite";"Crescente";"Céu Claro";"Simples";"Curva";"Sim";2;0;1;0;1;0;1;2;-4,160167;-41,784649;"SPRF-PI";"DEL02-PI";"UOP01-DEL02-PI"
530397;2023-06-19;"segunda-feira";"00:10:00";"MG";50;178;"UBERABA";"Transitar na contramão";"Colisão frontal";"Sem Vítimas";"Plena Noite";"Decrescente";"Céu Claro";"Dupla";"Aclive;Reta";"Não";2;0;0;0;2;0;0;2;-19,77896821;-47,94093599;"SPRF-MG";"DEL13-MG";"UOP01-DEL13-MG"
530398;2023-06-18;"domingo";"23:40:00";"MA";10;251,5;"IMPERATRIZ";"Ingestão de álcool pelo condutor";"Colisão traseira";"Sem Vítimas";"Plena Noite";"Crescente";"Céu Claro";"Múltipla";"Reta";"Sim";6;0;0;0;6;0;0;2;-5,53929615;-47,46682763;"SPRF-MA";"DEL04-MA";"UOP01-DEL04-MA"
530399;2023-06-18;"domingo";"18:30:00";"MA";222;172,5;"ITAPECURU MIRIM";"Manobra de mudança de faixa";"Colisão frontal";"Com Vítimas Fatais";"Plena Noite";"Crescente";"Céu Claro";"Simples";"Reta";"Sim";2;1;0;0;1;0;0;2;-3,48228863;-44,09013766;"SPRF-MA";"DEL01-MA";"UOP02-DEL01-MA"
530400;2023-05-26;"sexta-feira";"09:20:00";"RJ";116;173;"SAO JOAO DE MERITI";"Condutor deixou de manter distância do veículo da frente";"Colisão traseira";"Com Vítimas Feridas";"Pleno dia";"Decrescente";"Sol";"Múltipla";"Reta";"Sim";6;0;1;0;3;2;1;4;-22,79810324;-43,35726614;"SPRF-RJ";"DEL01-RJ";"UOP02-DEL01-RJ"
530401;2023-06-19;"segunda-feira";"00:15:00";"MG";153;1,7;"ARAPORA";"Ingestão de álcool e/ou substâncias psicoativas pelo pedestre";"Saída de leito carroçável";"Sem Vítimas";"Plena Noite";"Crescente";"Céu Claro";"Múltipla";"Retorno Regulamentado";"Sim";1;0;0;0;1;0;0;1;-18,43291092;-49,19133782;"SPRF-MG";"DEL15-MG";"UOP03-DEL15-MG"
530403;2023-06-19;"segunda-feira";"01:20:00";"AP";210;21;"MACAPA";"Ingestão de álcool pelo condutor";"Queda de ocupante de veículo";"Com Vítimas Feridas";"Plena Noite";"Decrescente";"Nublado";"Simples";"Reta;Em Obras";"Não";2;0;1;0;1;0;1;1;0,204595;-51,116596;"SPRF-AP";"DEL01-AP";"UOP01-DEL01-AP"
530406;2023-06-19;"segunda-feira";"02:50:00";"SC";282;315;"VARGEM";"Ingestão de álcool pelo condutor";"Colisão lateral sentido oposto";"Sem Vítimas";"Plena Noite";"Crescente";"Céu Claro";"Simples";"Reta";"Não";23;0;0;0;23;0;0;2;-27,445721;-51,002831;"SPRF-SC";"DEL07-SC";"UOP06-DEL07-SC"
530407;2023-06-19;"segunda-feira";"02:15:00";"PR";369;60;"BANDEIRANTES";"Reação tardia ou ineficiente do condutor";"Capotamento";"Com Vítimas Feridas";"Plena Noite";"Crescente";"Nublado";"Simples";"Reta";"Não";1;0;1;0;0;0;1;1;-23,13785409;-50,40186167;"SPRF-PR";"DEL07-PR";"UOP05-DEL07-PR"
530412;2023-06-19;"segunda-feira";"06:10:00";"RS";386;350;"ESTRELA";"Obras na pista";"Atropelamento de Pedestre";"Com Vítimas Feridas";"Amanhecer";"Decrescente";"Céu Claro";"Dupla";"Reta;Em Obras";"Sim";2;0;1;0;0;1;1;2;-29,4743;-51,952923;"SPRF-RS";"DEL04-RS";"UOP01-DEL04-RS"
530413;2023-06-19;"segunda-feira";"05:30:00";"PR";277;79;"SAO JOSE DOS PINHAIS";"Ausência de reação do condutor";"Capotamento";"Com Vítimas Feridas";"Amanhecer";"Decrescente";"Nevoeiro/Neblina";"Dupla";"Reta";"Não";1;0;0;1;0;0;1;1;-25,51327981;-49,12433291;"SPRF-PR";"DEL01-PR";"UOP01-DEL01-PR"
530415;2023-06-19;"segunda-feira";"06:40:00";"SC";101;200,2;"SAO JOSE";"Ausência de reação do condutor";"Colisão traseira";"Com Vítimas Feridas";"Amanhecer";"Crescente";"Nublado";"Múltipla";"Reta";"Sim";2;0;1;0;1;0;1;2;-27,54018513;-48,62287714;"SPRF-SC";"DEL01-SC";"UOP01-DEL01-SC"
530416;2023-06-19;"segunda-feira";"06:59:00";"PE";101;69;"RECIFE";"Acessar a via sem observar a presença dos outros veículos";"Colisão lateral mesmo sentido";"Com Vítimas Feridas";"Pleno dia";"Crescente";"Céu Claro";"Dupla";"Reta";"Não";3;0;2;1;0;0;3;2;-8,05951606;-34,94581024;"SPRF-PE";"DEL01-PE";"UOP01-DEL01-PE"
530418;2023-06-18;"domingo";"23:10:00";"RJ";40;96;"DUQUE DE CAXIAS";"Ingestão de álcool pelo condutor";"Saída de leito carroçável";"Sem Vítimas";"Plena Noite";"Decrescente";"Céu Claro";"Simples";"Aclive;Reta";"Não";1;0;0;0;1;0;0;1;-22,56876595;-43,27693723;"SPRF-RJ";"DEL01-RJ";"UOP01-DEL01-RJ"
530419;2023-06-18;"domingo";"19:00:00";"BA";135;71;"SANTA RITA DE CASSIA";"Transitar na contramão";"Colisão frontal";"Com Vítimas Feridas";"Plena Noite";"Crescente";"Céu Claro";"Simples";"Curva";"Não";4;0;1;0;3;0;1;2;-11,32874883;-44,95405169;"SPRF-BA";"DEL08-BA";"UOP04-DEL08-BA"
530422;2023-06-19;"segunda-feira";"06:35:00";"PR";277;579;"CASCAVEL";"Manobra de mudança de faixa";"Tombamento";"Com Vítimas Feridas";"Amanhecer";"Decrescente";"Céu Claro";"Dupla";"Reta";"Não";1;0;1;0;0;0;1;1;-24,98298977;-53,359282;"SPRF-PR";"DEL04-PR";"UOP01-DEL04-PR"
530423;2023-06-19;"segunda-feira";"06:30:00";"SP";381;89;"GUARULHOS";"Manobra de mudança de faixa";"Colisão lateral mesmo sentido";"Com Vítimas Feridas";"Amanhecer";"Crescente";"Céu Claro";"Múltipla";"Reta";"Sim";3;0;2;0;1;0;2;2;-23,47469314;-46,56112919;"SPRF-SP";"DEL03-SP";"UOP01-DEL03-SP"
530424;2023-06-19;"segunda-feira";"06:40:00";"RS";290;470,9;"ROSARIO DO SUL";"Ausência de reação do condutor";"Colisão lateral sentido oposto";"Sem Vítimas";"Pleno dia";"Decrescente";"Nublado";"Simples";"Reta";"Não";2;0;0;0;1;1;0;2;-30,246172;-54,817272;"SPRF-RS";"DEL11-RS";"UOP02-DEL11-RS"
530425;2023-06-19;"segunda-feira";"07:00:00";"SC";101;39;"JOINVILLE";"Ausência de reação do condutor";"Tombamento";"Com Vítimas Feridas";"Pleno dia";"Decrescente";"Nublado";"Dupla";"Reta";"Sim";1;0;1;0;0;0;1;1;-26,30114826;-48,88309836;"SPRF-SC";"DEL03-SC";"UOP01-DEL03-SC"
530427;2023-06-19;"segunda-feira";"06:10:00";"PE";101;78;"RECIFE";"Condutor deixou de manter distância do veículo da frente";"Colisão traseira";"Sem Vítimas";"Pleno dia";"Crescente";"Sol";"Dupla";"Reta";"Não";2;0;0;0;2;0;0;2;-8,13723;-34,947595;"SPRF-PE";"DEL01-PE";"UOP01-DEL01-PE"
530428;2023-06-19;"segunda-feira";"06:45:00";"RS";386;350,7;"ESTRELA";"Entrada inopinada do pedestre";"Atropelamento de Pedestre";"Com Vítimas Feridas";"Amanhecer";"Crescente";"Céu Claro";"Dupla";"Interseção de Vias;Em Obras;Reta";"Sim";2;0;1;1;0;0;2;2;-29,4743;-51,952923;"SPRF-RS";"DEL04-RS";"UOP01-DEL04-RS"
530429;2023-06-19;"segunda-feira";"00:05:00";"RS";386;12;"IRAI";"Ingestão de álcool pelo condutor";"Queda de ocupante de veículo";"Com Vítimas Feridas";"Plena Noite";"Crescente";"Garoa/Chuvisco";"Simples";"Reta";"Não";1;0;1;0;0;0;1;1;-27,225494;-53,319019;"SPRF-RS";"DEL08-RS";"UOP02-DEL08-RS"
530430;2023-06-19;"segunda-feira";"07:20:00";"MG";381;857;"POUSO ALEGRE";"Ausência de reação do condutor";"Saída de leito carroçável";"Com Vítimas Feridas";"Pleno dia";"Decrescente";"Céu Claro";"Dupla";"Reta";"Não";4;0;4;0;0;0;4;1;-22,3341773;-45,92156967;"SPRF-MG";"DEL16-MG";"UOP01-DEL16-MG"
530432;2023-06-19;"segunda-feira";"08:15:00";"SE";235;6,3;"NOSSA SENHORA DO SOCORRO";"Condutor deixou de manter distância do veículo da frente";"Colisão traseira";"Com Vítimas Feridas";"Pleno dia";"Decrescente";"Chuva";"Dupla";"Reta";"Sim";6;0;2;0;4;0;2;2;-10,903851;-37,128677;"SPRF-SE";"DEL01-SE";"UOP01-DEL01-SE"
530433;2023-06-19;"segunda-feira";"08:10:00";"RS";116;266;"CANOAS";"Velocidade Incompatível";"Colisão com objeto";"Sem Vítimas";"Pleno dia";"Decrescente";"Céu Claro";"Simples";"Curva";"Sim";2;0;0;0;2;0;0;1;-29,93242399;-51,17742077;"SPRF-RS";"DEL01-RS";"UOP01-DEL01-RS"
530434;2023-06-19;"segunda-feira";"07:58:00";"PE";232;7;"RECIFE";"Acessar a via sem observar a presença dos outros veículos";"Colisão transversal";"Com Vítimas Feridas";"Pleno dia";"Decrescente";"Céu Claro";"Dupla";"Reta";"Sim";4;0;1;0;3;0;1;2;-8,07333497;-34,96184301;"SPRF-PE";"DEL01-PE";"UOP01-DEL01-PE"
530435;2023-06-19;"segunda-feira";"07:30:00";"AL";104;86,5;"RIO LARGO";"Transitar na contramão";"Colisão frontal";"Com Vítimas Feridas";"Pleno dia";"Crescente";"Nublado";"Simples";"Reta";"Não";2;0;1;0;1;0;1;2;-9,46691715;-35,82504135;"SPRF-AL";"DEL01-AL";"UOP01-DEL01-AL"
530437;2023-06-19;"segunda-feira";"08:20:00";"MG";116;548,6;"SANTA BARBARA DO LESTE";"Avarias e/ou desgaste excessivo no pneu";"Capotamento";"Com Vítimas Feridas";"Amanhecer";"Crescente";"Nublado";"Simples";"Curva;Declive";"Não";2;0;2;0;0;0;2;1;-19,960735;-42,13329299;"SPRF-MG";"DEL06-MG";"UOP02-DEL06-MG"
530438;2023-06-19;"segunda-feira";"08:00:00";"RS";392;67;"PELOTAS";"Ausência de reação do condutor";"Colisão transversal";"Com Vítimas Feridas";"Pleno dia";"Crescente";"Céu Claro";"Simples";"Interseção de Vias";"Não";2;0;1;0;1;0;1;2;-31,75709532;-52,39980728;"SPRF-RS";"DEL07-RS";"UOP01-DEL07-RS"
530439;2023-06-19;"segunda-feira";"08:50:00";"PE";101;78,2;"RECIFE";"Desvio temporário";"Colisão lateral mesmo sentido";"Com Vítimas Feridas";"Pleno dia";"Crescente";"Céu Claro";"Dupla";"Reta";"Sim";2;0;1;0;1;0;1;2;-8,137054;-34,947595;"SPRF-PE";"DEL01-PE";"UOP01-DEL01-PE"
530440;2023-06-19;"segunda-feira";"05:45:00";"TO";153;197;"NOVA OLINDA";"Desvio temporário";"Colisão com objeto";"Com Vítimas Feridas";"Pleno dia";"Decrescente";"Céu Claro";"Simples";"Reta";"Sim";1;0;0;1;0;0;1;1;-7,62122102;-48,42669659;"SPRF-TO";"DEL02-TO";"UOP01-DEL02-TO"
530441;2023-06-19;"segunda-feira";"05:30:00";"PB";110;183,7;"MONTEIRO";"Condutor Dormindo";"Colisão com objeto";"Com Vítimas Fatais";"Pleno dia";"Crescente";"Céu Claro";"Simples";"Ponte";"Não";1;1;0;0;0;0;0;1;-7,90446874;-37,13829723;"SPRF-PB";"DEL02-PB";"UOP02-DEL02-PB"
530442;2023-06-19;"segunda-feira";"07:40:00";"MG";116;414,5;"GOVERNADOR VALADARES";"Ultrapassagem Indevida";"Colisão transversal";"Com Vítimas Feridas";"Pleno dia";"Decrescente";"Céu Claro";"Simples";"Curva;Retorno Regulamentado";"Sim";2;0;1;0;1;0;1;2;-18,88102703;-41,95910802;"SPRF-MG";"DEL06-MG";"UOP01-DEL06-MG"
530443;2023-06-19;"segunda-feira";"08:35:00";"PB";101;79;"SANTA RITA";"Pista esburacada";"Colisão lateral mesmo sentido";"Com Vítimas Feridas";"Pleno dia";"Decrescente";"Sol";"Dupla";"Reta";"Não";2;0;1;0;1;0;1;2;-7,1147526;-34,95793891;"SPRF-PB";"DEL01-PB";"UOP04-DEL01-PB"
530444;2023-06-19;"segunda-feira";"07:00:00";"MS";163;258,9;"DOURADOS";"Retorno proibido";"Colisão transversal";"Com Vítimas Feridas";"Pleno dia";"Crescente";"Céu Claro";"Dupla";"Curva";"Sim";2;0;1;0;0;1;1;2;-22,25859;-54,783592;"SPRF-MS";"DEL04-MS";"UOP01-DEL04-MS"
530445;2023-06-19;"segunda-feira";"07:50:00";"MG";381;920;"CAMANDUCAIA";"Ausência de reação do condutor";"Saída de leito carroçável";"Sem Vítimas";"Pleno dia";"Crescente";"Céu Claro";"Dupla";"Curva";"Não";1;0;0;0;0;1;0;1;-22,7704869;-46,20021296;"SPRF-MG";"DEL16-MG";"UOP03-DEL16-MG"
530446;2023-06-19;"segunda-feira";"06:50:00";"MT";163;832;"SINOP";"Ausência de reação do condutor";"Colisão traseira";"Com Vítimas Feridas";"Pleno dia";"Crescente";"Céu Claro";"Simples";"Reta";"Sim";2;0;1;0;1;0;1;2;-12,0138;-55,51719;"SPRF-MT";"DEL06-MT";"UOP02-DEL06-MT"
530447;2023-06-19;"segunda-feira";"07:49:00";"MG";381;918;"CAMANDUCAIA";"Ausência de reação do condutor";"Colisão com objeto";"Com Vítimas Feridas";"Pleno dia";"Decrescente";"Céu Claro";"Dupla";"Interseção de Vias;Reta";"Não";1;0;1;0;0;0;1;1;-22,77347912;-46,18491379;"SPRF-MG";"DEL16-MG";"UOP03-DEL16-MG"
530448;2023-06-16;"sexta-feira";"03:00:00";"RO";435;83;"COLORADO DO OESTE";"Transitar na calçada";"Colisão com objeto";"Sem Vítimas";"Plena Noite";"Crescente";"Céu Claro";"Dupla";"Reta";"Sim";1;0;0;0;0;1;0;1;-13,11692454;-60,51411889;"SPRF-RO";"DEL04-RO";"UOP02-DEL04-RO"
530449;2023-06-19;"segunda-feira";"09:00:00";"PE";101;23,9;"GOIANA";"Demais falhas mecânicas ou elétricas";"Tombamento";"Com Vítimas Feridas";"Pleno dia";"Crescente";"Céu Claro";"Dupla";"Aclive";"Não";2;0;2;0;0;0;2;1;-7,68357776;-34,92410458;"SPRF-PE";"DEL01-PE";"UOP02-DEL01-PE"
530450;2023-06-19;"segunda-feira";"07:37:00";"MT";70;523;"VARZEA GRANDE";"Acessar a via sem observar a presença dos outros veículos";"Colisão transversal";"Com Vítimas Feridas";"Pleno dia";"Crescente";"Céu Claro";"Simples";"Rotatória";"Sim";2;0;1;0;1;0;1;2;-15,65008234;-56,1953634;"SPRF-MT";"DEL01-MT";"UOP02-DEL01-MT"
530453;2023-06-19;"segunda-feira";"08:59:00";"RJ";465;0,4;"SEROPEDICA";"Reação tardia ou ineficiente do condutor";"Colisão traseira";"Sem Vítimas";"Pleno dia";"Crescente";"Céu Claro";"Dupla";"Declive";"Não";2;0;0;0;2;0;0;2;-22,713446;-43,734077;"SPRF-RJ";"DEL01-RJ";"UOP03-DEL01-RJ"
530454;2023-05-26;"sexta-feira";"17:00:00";"SP";116;74,7;"APARECIDA";"Demais falhas na via";"Colisão com objeto";"Com Vítimas Feridas";"Pleno dia";"Crescente";"Céu Claro";"Dupla";"Reta";"Não";1;0;1;0;0;0;1;1;-22,87353809;-45,25320023;"SPRF-SP";"DEL08-SP";"UOP01-DEL08-SP"
530457;2023-06-19;"segunda-feira";"09:50:00";"SC";101;161;"TIJUCAS";"Velocidade Incompatível";"Colisão traseira";"Com Vítimas Feridas";"Pleno dia";"Crescente";"Céu Claro";"Dupla";"Reta";"Não";2;0;1;0;1;0;1;2;-27,21673911;-48,6244238;"SPRF-SC";"DEL04-SC";"UOP03-DEL04-SC"
530459;2023-06-19;"segunda-feira";"08:03:00";"RJ";101;302,3;"SAO GONCALO";"Demais falhas mecânicas ou elétricas";"Queda de ocupante de veículo";"Com Vítimas Feridas";"Pleno dia";"Decrescente";"Sol";"Dupla";"Reta";"Não";2;0;2;0;0;0;2;1;-22,78069318;-42,96706396;"SPRF-RJ";"DEL02-RJ";"UOP02-DEL02-RJ"
530464;2023-06-19;"segunda-feira";"10:50:00";"BA";116;17;"VITORIA DA CONQUISTA";"Condutor deixou de manter distância do veículo da frente";"Colisão traseira";"Com Vítimas Feridas";"Pleno dia";"Decrescente";"Nublado";"Simples";"Reta";"Sim";3;0;1;0;2;0;1;2;-14,90178269;-40,83995819;"SPRF-BA";"DEL08-BA";"UOP01-DEL08-BA"
530465;2023-06-19;"segunda-feira";"10:00:00";"RJ";101;333;"RIO DE JANEIRO";"Condutor deixou de manter distância do veículo da frente";"Colisão frontal";"Com Vítimas Feridas";"Pleno dia";"Crescente";"Nublado";"Múltipla";"Ponte;Reta";"Sim";3;0;1;1;1;0;2;2;-22,87981282;-43,21216822;"SPRF-RJ";"DEL02-RJ";"UOP01-DEL02-RJ"
530466;2023-06-18;"domingo";"05:05:00";"RJ";116;59;"TERESOPOLIS";"Entrada inopinada do pedestre";"Atropelamento de Pedestre";"Com Vítimas Feridas";"Plena Noite";"Crescente";"Céu Claro";"Simples";"Reta";"Sim";3;0;1;0;2;0;1;2;-22,22055004;-42,90348535;"SPRF-RJ";"DEL04-RJ";"UOP01-DEL04-RJ"
530467;2023-06-18;"domingo";"02:00:00";"RO";364;519;"ARIQUEMES";"Reação tardia ou ineficiente do condutor";"Saída de leito carroçável";"Com Vítimas Feridas";"Plena Noite";"Crescente";"Céu Claro";"Dupla";"Interseção de Vias";"Sim";2;0;1;0;1;0;1;1;-9,88869603;-63,05672846;"SPRF-RO";"DEL03-RO";"UOP01-DEL03-RO"
530468;2023-06-19;"segunda-feira";"11:00:00";"ES";262;48,1;"MARECHAL FLORIANO";"Condutor deixou de manter distância do veículo da frente";"Colisão traseira";"Com Vítimas Feridas";"Pleno dia";"Crescente";"Nublado";"Simples";"Aclive;Reta";"Não";2;0;1;0;1;0;1;2;-20,41192401;-40,68856;"SPRF-ES";"DEL01-ES";"UOP01-DEL01-ES"