"id";"data_inversa";"dia_semana";"horario";"uf";"br";"km";"municipio";"causa_acidente";"tipo_acidente";"classificacao_acidente";"fase_dia";"sentido_via";"condicao_metereologica";"tipo_pista";"tracado_via";"uso_solo";"pessoas";"mortos";"feridos_leves";"feridos_graves";"ilesos";"ignorados";"feridos";"veiculos";"latitude";"longitude";"regional";"delegacia";"uop"
530472;2023-06-19;"segunda-feira";"11:30:00";"MG";381;825;"CAREACU";"Ausência de reação do condutor";"Saída de leito carroçável";"Com Vítimas Feridas";"Pleno dia";"Decrescente";"Céu Claro";"Dupla";"Reta";"Não";4;0;3;0;1;0;3;1;-22,12143959;-45,77847994;"SPRF-MG";"DEL16-MG";"UOP01-DEL16-MG"
530475;2023-05-24;"quarta-feira";"14:50:00";"PB";104;105,1;"SAO SEBASTIAO DE LAGOA DE  ROCA";"Condutor deixou de manter distância do veículo da frente";"Colisão traseira";"Com Vítimas Feridas";"Pleno dia";"Crescente";"Nublado";"Simples";"Reta;Declive";"Não";2;0;0;1;1;0;1;2;-7,08938993;-35,85454407;"SPRF-PB";"DEL02-PB";"UOP04-DEL02-PB"
530477;2023-02-04;"sábado";"01:00:00";"GO";80;39,3;"PADRE BERNARDO";"Reação tardia ou ineficiente do condutor";"Colisão traseira";"Com Vítimas Feridas";"Plena Noite";"Decrescente";"Nevoeiro/Neblina";"Simples";"Reta";"Não";2;0;1;0;1;0;1;2;-15,229309;-48,276815;"SPRF-DF";"DEL03-DF";"UOP02-DEL03-DF"
530479;2023-06-19;"segunda-feira";"06:50:00";"PR";277;579;"CASCAVEL";"Reação tardia ou ineficiente do condutor";"Queda de ocupante de veículo";"Com Vítimas Feridas";"Amanhecer";"Crescente";"Nublado";"Dupla";"Reta";"Não";1;0;1;0;0;0;1;1;-24,98298977;-53,359282;"SPRF-PR";"DEL04-PR";"UOP01-DEL04-PR"
530482;2023-06-19;"segunda-feira";"12:47:00";"ES";101;263;"SERRA";"Ausência de reação do condutor";"Colisão traseira";"Com Vítimas Feridas";"Pleno dia";"Decrescente";"Sol";"Dupla";"Reta";"Não";3;0;1;0;2;0;1;3;-20,16554736;-40,27301648;"SPRF-ES";"DEL02-ES";"UOP01-DEL02-ES"
530483;2023-06-19;"segunda-feira";"12:50:00";"PR";369;150;"LONDRINA";"Acessar a via sem observar a presença dos outros veículos";"Colisão lateral mesmo sentido";"Com Vítimas Feridas";"Pleno dia";"Decrescente";"Céu Claro";"Dupla";"Reta";"Sim";2;0;2;0;0;0;2;2;-23,29285218;-51,17085636;"SPRF-PR";"DEL07-PR";"UOP01-DEL07-PR"
530485;2023-06-19;"segunda-feira";"12:15:00";"PE";101;69;"RECIFE";"Condutor deixou de manter distância do veículo da frente";"Colisão traseira";"Sem Vítimas";"Pleno dia";"Crescente";"Sol";"Simples";"Reta";"Sim";3;0;0;0;3;0;0;3;-8,05951606;-34,94581024;"SPRF-PE";"DEL01-PE";"UOP01-DEL01-PE"
530486;2023-06-19;"segunda-feira";"11:45:00";"MT";163;835,7;"SINOP";"Ingestão de álcool pelo condutor";"Colisão traseira";"Com Vítimas Feridas";"Pleno dia";"Decrescente";"Sol";"Dupla";"Reta";"Sim";3;0;0;1;2;0;1;2;-11,855;-55,494;"SPRF-MT";"DEL06-MT";"UOP02-DEL06-MT"
530487;2023-06-19;"segunda-feira";"12:15:00";"SC";101;354,2;"SANGAO";"Ausência de reação do condutor";"Capotamento";"Com Vítimas Feridas";"Pleno dia";"Decrescente";"Céu Claro";"Dupla";"Reta";"Não";1;0;1;0;0;0;1;1;-28,63937602;-49,09824371;"SPRF-SC";"DEL02-SC";"UOP01-DEL02-SC"
530488;2023-06-19;"segunda-feira";"11:18:00";"AC";364;126;"RIO BRANCO";"Ultrapassagem Indevida";"Tombamento";"Com Vítimas Feridas";"Pleno dia";"Crescente";"Céu Claro";"Simples";"Reta";"Não";2;0;1;0;1;0;1;2;-10,012822;-67,80875;"SPRF-AC";"DEL01-AC";"UOP01-DEL01-AC"
530489;2023-06-19;"segunda-feira";"14:00:00";"SC";470;59,1;"BLUMENAU";"Acessar a via sem observar a presença dos outros veículos";"Colisão transversal";"Com Vítimas Feridas";"Pleno dia";"Crescente";"Céu Claro";"Simples";"Reta;Em Obras";"Sim";2;0;0;1;1;0;1;2;-26,882812;-49,1548;"SPRF-SC";"DEL04-SC";"UOP01-DEL04-SC"
530490;2023-06-19;"segunda-feira";"13:20:00";"GO";153;501;"GOIANIA";"Acessar a via sem observar a presença dos outros veículos";"Colisão lateral mesmo sentido";"Com Vítimas Feridas";"Pleno dia";"Decrescente";"Céu Claro";"Dupla";"Reta";"Sim";2;0;1;0;1;0;1;2;-16,7189;-49,2382;"SPRF-GO";"DEL01-GO";"UOP01-DEL01-GO"
530492;2023-06-19;"segunda-feira";"05:10:00";"ES";393;10,8;"CACHOEIRO DE ITAPEMIRIM";"Ausência de reação do condutor";"Colisão com objeto";"Sem Vítimas";"Amanhecer";"Decrescente";"Sol";"Simples";"Declive";"Não";1;0;0;0;0;1;0;1;-20,84255004;-41,24026997;"SPRF-ES";"DEL03-ES";"UOP02-DEL03-ES"
530494;2023-06-19;"segunda-feira";"10:30:00";"RJ";465;5;"SEROPEDICA";"Ausência de reação do condutor";"Atropelamento de Pedestre";"Com Vítimas Feridas";"Pleno dia";"Crescente";"Céu Claro";"Simples";"Reta";"Sim";2;0;0;1;0;1;1;2;-22,747673;-43,699196;"SPRF-RJ";"DEL01-RJ";"UOP03-DEL01-RJ"
530497;2023-06-19;"segunda-feira";"14:20:00";"MG";262;360,4;"BETIM";"Transitar no Acostamento";"Colisão traseira";"Com Vítimas Fatais";"Pleno dia";"Crescente";"Céu Claro";"Dupla";"Curva;Aclive";"Não";4;1;1;2;0;0;3;3;-19,97326644;-44,26367462;"SPRF-MG";"DEL01-MG";"UOP03-DEL01-MG"
530498;2023-06-19;"segunda-feira";"14:10:00";"RS";386;369,8;"FAZENDA VILANOVA";"Ausência de reação do condutor";"Saída de leito carroçável";"Com Vítimas Feridas";"Pleno dia";"Crescente";"Sol";"Dupla";"Declive;Reta";"Não";1;0;0;1;0;0;1;1;-29,59213071;-51,82106137;"SPRF-RS";"DEL04-RS";"UOP01-DEL04-RS"
530500;2023-06-19;"segunda-feira";"13:25:00";"PE";101;46;"IGARASSU";"Condutor deixou de manter distância do veículo da frente";"Engavetamento";"Com Vítimas Feridas";"Pleno dia";"Decrescente";"Céu Claro";"Múltipla";"Reta";"Sim";3;0;1;0;2;0;1;3;-7,87406004;-34,90588126;"SPRF-PE";"DEL01-PE";"UOP02-DEL01-PE"
530501;2023-06-19;"segunda-feira";"14:10:00";"SP";116;513;"CAJATI";"Velocidade Incompatível";"Tombamento";"Com Vítimas Feridas";"Pleno dia";"Decrescente";"Céu Claro";"Simples";"Declive;Curva";"Não";3;0;2;0;0;1;2;2;-24,85109616;-48,21802405;"SPRF-SP";"DEL05-SP";"UOP02-DEL05-SP"
530502;2023-06-19;"segunda-feira";"14:30:00";"SP";153;62;"SAO JOSE DO RIO PRETO";"Manobra de mudança de faixa";"Colisão lateral mesmo sentido";"Com Vítimas Feridas";"Pleno dia";"Crescente";"Céu Claro";"Dupla";"Aclive;Reta";"Sim";3;0;1;0;2;0;1;3;-20,813404;-49,356925;"SPRF-SP";"DEL09-SP";"UOP01-DEL09-SP"
530503;2023-06-19;"segunda-feira";"14:15:00";"SC";101;195,1;"BIGUACU";"Velocidade Incompatível";"Colisão traseira";"Com Vítimas Feridas";"Pleno dia";"Decrescente";"Sol";"Múltipla";"Reta";"Sim";2;0;1;0;1;0;1;2;-27,5047092;-48,65010819;"SPRF-SC";"DEL01-SC";"UOP01-DEL01-SC"
530504;2023-06-19;"segunda-feira";"11:40:00";"MG";116;699,7;"MURIAE";"Acessar a via sem observar a presença dos outros veículos";"Colisão transversal";"Com Vítimas Feridas";"Pleno dia";"Decrescente";"Céu Claro";"Simples";"Reta";"Sim";2;0;1;0;1;0;1;2;-21,09470198;-42,37369904;"SPRF-MG";"DEL07-MG";"UOP02-DEL07-MG"
530508;2023-06-19;"segunda-feira";"14:30:00";"BA";367;27;"PORTO SEGURO";"Acessar a via sem observar a presença dos outros veículos";"Colisão lateral mesmo sentido";"Com Vítimas Feridas";"Pleno dia";"Decrescente";"Céu Claro";"Simples";"Curva";"Sim";2;0;0;1;1;0;1;2;-16,4238769;-39,10203391;"SPRF-BA";"DEL09-BA";"UOP03-DEL09-BA"
530510;2023-06-17;"sábado";"20:00:00";"BA";30;268,9;"CAETITE";"Reação tardia ou ineficiente do condutor";"Colisão traseira";"Com Vítimas Feridas";"Plena Noite";"Crescente";"Céu Claro";"Simples";"Curva";"Não";2;0;1;0;1;0;1;2;-14,09789655;-42,58010043;"SPRF-BA";"DEL08-BA";"UOP01-DEL08-BA"
530511;2023-06-19;"segunda-feira";"14:30:00";"SP";116;111;"TAUBATE";"Reação tardia ou ineficiente do condutor";"Queda de ocupante de veículo";"Com Vítimas Feridas";"Pleno dia";"Crescente";"Céu Claro";"Dupla";"Reta";"Sim";1;0;1;0;0;0;1;1;-23,03887149;-45,56097419;"SPRF-SP";"DEL02-SP";"UOP02-DEL02-SP"
530514;2023-04-14;"sexta-feira";"23:20:00";"MG";116;577;"MANHUACU";"Chuva";"Saída de leito carroçável";"Com Vítimas Feridas";"Plena Noite";"Decrescente";"Chuva";"Simples";"Curva";"Não";2;0;2;0;0;0;2;1;-20,161295;-42,189066;"SPRF-MG";"DEL06-MG";"UOP03-DEL06-MG"
530515;2023-06-19;"segunda-feira";"15:00:00";"MG";50;71;"UBERLANDIA";"Condutor deixou de manter distância do veículo da frente";"Colisão traseira";"Com Vítimas Feridas";"Pleno dia";"Crescente";"Céu Claro";"Dupla";"Declive;Reta";"Sim";3;0;0;1;1;1;1;3;-18,89419739;-48,25023651;"SPRF-MG";"DEL15-MG";"UOP01-DEL15-MG"
530516;2023-06-19;"segunda-feira";"15:15:00";"RS";290;86;"PORTO ALEGRE";"Manobra de mudança de faixa";"Colisão com objeto";"Com Vítimas Feridas";"Pleno dia";"Decrescente";"Céu Claro";"Múltipla";"Reta";"Sim";1;0;1;0;0;0;1;1;-29,968412;-51,117138;"SPRF-RS";"DEL01-RS";"UOP01-DEL01-RS"
530517;2023-06-19;"segunda-feira";"16:20:00";"RN";101;96;"NATAL";"Acessar a via sem observar a presença dos outros veículos";"Colisão lateral mesmo sentido";"Com Vítimas Feridas";"Pleno dia";"Decrescente";"Céu Claro";"Dupla";"Reta";"Não";2;0;1;0;1;0;1;2;-5,84949622;-35,20890752;"SPRF-RN";"DEL01-RN";"UOP01-DEL01-RN"
530518;2023-06-19;"segunda-feira";"15:30:00";"GO";60;125;"GOIANAPOLIS";"Avarias e/ou desgaste excessivo no pneu";"Queda de ocupante de veículo";"Com Vítimas Feridas";"Pleno dia";"Decrescente";"Céu Claro";"Dupla";"Curva";"Não";2;0;2;0;0;0;2;1;-16,5291;-49,1391;"SPRF-GO";"DEL01-GO";"UOP01-DEL01-GO"
530519;2023-06-19;"segunda-feira";"15:00:00";"MG";40;613;"CONGONHAS";"Objeto estático sobre o leito carroçável";"Colisão com objeto";"Com Vítimas Feridas";"Pleno dia";"Decrescente";"Sol";"Simples";"Reta";"Não";1;0;1;0;0;0;1;1;-20,525637;-43,827322;"SPRF-MG";"DEL05-MG";"UOP02-DEL05-MG"
530520;2023-06-19;"segunda-feira";"16:00:00";"PE";423;109;"CAETES";"Ingestão de álcool pelo condutor";"Colisão lateral mesmo sentido";"Sem Vítimas";"Pleno dia";"Crescente";"Chuva";"Simples";"Reta";"Não";2;0;0;0;2;0;0;2;-8,888511;-36,599037;"SPRF-PE";"DEL03-PE";"UOP01-DEL03-PE"
530521;2023-06-15;"quinta-feira";"19:50:00";"RJ";393;298;"BARRA MANSA";"Objeto estático sobre o leito carroçável";"Colisão traseira";"Com Vítimas Feridas";"Plena Noite";"Crescente";"Nublado";"Dupla";"Reta";"Não";3;0;3;0;0;0;3;2;-22,54313289;-44,11298586;"SPRF-RJ";"DEL07-RJ";"UOP02-DEL07-RJ"
530523;2023-06-19;"segunda-feira";"07:30:00";"GO";364;32,5;"PARANAIGUARA";"Ingestão de álcool pelo condutor";"Colisão com objeto";"Sem Vítimas";"Pleno dia";"Decrescente";"Céu Claro";"Simples";"Reta";"Não";1;0;0;0;1;0;0;1;-18,885834;-50,748016;"SPRF-GO";"DEL05-GO";"UOP02-DEL05-GO"
530524;2023-06-19;"segunda-feira";"14:00:00";"RJ";116;232,8;"ITATIAIA";"Demais falhas mecânicas ou elétricas";"Colisão lateral mesmo sentido";"Com Vítimas Fatais";"Pleno dia";"Decrescente";"Sol";"Dupla";"Reta";"Não";7;1;4;2;0;0;6;2;-22,49952102;-44,63809683;"SPRF-RJ";"DEL07-RJ";"UOP01-DEL07-RJ"
530525;2023-06-19;"segunda-feira";"17:00:00";"BA";324;588;"CANDEIAS";"Ausência de reação do condutor";"Saída de leito carroçável";"Com Vítimas Feridas";"Anoitecer";"Crescente";"Chuva";"Dupla";"Reta";"Não";1;0;1;0;0;0;1;1;-12,6556679;-38,47271864;"SPRF-BA";"DEL01-BA";"UOP01-DEL01-BA"
530526;2023-05-23;"terça-feira";"14:40:00";"GO";60;464;"JATAI";"Manobra de mudança de faixa";"Colisão traseira";"Com Vítimas Feridas";"Pleno dia";"Decrescente";"Sol";"Dupla";"Reta";"Não";4;0;1;1;1;1;2;3;-17,883;-51,6488;"SPRF-GO";"DEL05-GO";"UOP01-DEL05-GO"
530527;2023-06-19;"segunda-feira";"17:50:00";"SP";116;230;"SAO PAULO";"Condutor deixou de manter distância do veículo da frente";"Queda de ocupante de veículo";"Com Vítimas Feridas";"Anoitecer";"Decrescente";"Nublado";"Múltipla";"Reta";"Sim";1;0;1;0;0;0;1;1;-23,52251783;-46,5855702;"SPRF-SP";"DEL01-SP";"UOP01-DEL01-SP"
530528;2023-06-19;"segunda-feira";"17:39:00";"MG";116;526,2;"CARATINGA";"Ausência de reação do condutor";"Colisão transversal";"Com Vítimas Feridas";"Plena Noite";"Decrescente";"Nublado";"Dupla";"Reta;Retorno Regulamentado";"Não";3;0;2;0;1;0;2;2;-19,77654011;-42,13327989;"SPRF-MG";"DEL06-MG";"UOP02-DEL06-MG"
530529;2023-06-19;"segunda-feira";"17:12:00";"RJ";101;492;"ANGRA DOS REIS";"Ultrapassagem Indevida";"Colisão frontal";"Com Vítimas Feridas";"Pleno dia";"Decrescente";"Céu Claro";"Simples";"Curva";"Sim";3;0;1;1;1;0;2;3;-22,94874989;-44,3279949;"SPRF-RJ";"DEL03-RJ";"UOP03-DEL03-RJ"
530531;2023-06-19;"segunda-feira";"17:40:00";"RJ";101;230;"SILVA JARDIM";"Ausência de reação do condutor";"Colisão traseira";"Sem Vítimas";"Plena Noite";"Crescente";"Céu Claro";"Dupla";"Reta";"Não";2;0;0;0;2;0;0;2;-22,56944992;-42,37641111;"SPRF-RJ";"DEL02-RJ";"UOP03-DEL02-RJ"
530532;2023-06-19;"segunda-feira";"18:00:00";"MG";381;495,8;"BETIM";"Manobra de mudança de faixa";"Colisão lateral mesmo sentido";"Com Vítimas Feridas";"Plena Noite";"Decrescente";"Céu Claro";"Múltipla";"Reta";"Sim";7;0;5;0;2;0;5;2;-19,98890883;-44,20522016;"SPRF-MG";"DEL04-MG";"UOP03-DEL04-MG"
530533;2023-06-19;"segunda-feira";"18:20:00";"RS";290;98;"PORTO ALEGRE";"Manobra de mudança de faixa";"Atropelamento de Pedestre";"Com Vítimas Feridas";"Anoitecer";"Decrescente";"Céu Claro";"Dupla";"Reta";"Sim";2;0;1;0;1;0;1;2;-29,994816;-51,217403;"SPRF-RS";"DEL01-RS";"UOP01-DEL01-RS"
530535;2023-06-19;"segunda-feira";"16:13:00";"RO";435;84,2;"COLORADO DO OESTE";"Ausência de sinalização";"Colisão transversal";"Com Vítimas Feridas";"Pleno dia";"Crescente";"Céu Claro";"Dupla";"Rotatória";"Sim";2;0;1;0;1;0;1;2;-13,12091682;-60,5449536;"SPRF-RO";"DEL04-RO";"UOP02-DEL04-RO"
530537;2023-06-19;"segunda-feira";"14:45:00";"MG";116;769;"LEOPOLDINA";"Acessar a via sem observar a presença dos outros veículos";"Colisão traseira";"Com Vítimas Feridas";"Pleno dia";"Decrescente";"Céu Claro";"Simples";"Reta";"Sim";2;0;1;0;1;0;1;2;-21,54856423;-42,66481498;"SPRF-MG";"DEL07-MG";"UOP01-DEL07-MG"
530538;2023-06-19;"segunda-feira";"19:05:00";"RS";386;343,7;"LAJEADO";"Acessar a via sem observar a presença dos outros veículos";"Colisão transversal";"Com Vítimas Feridas";"Plena Noite";"Crescente";"Céu Claro";"Simples";"Em Obras;Reta;Declive";"Sim";2;0;1;0;1;0;1;2;-29,434835;-52,002365;"SPRF-RS";"DEL04-RS";"UOP01-DEL04-RS"
530539;2023-06-19;"segunda-feira";"17:18:00";"BA";110;340;"ALAGOINHAS";"Acessar a via sem observar a presença dos outros veículos";"Colisão transversal";"Com Vítimas Feridas";"Anoitecer";"Decrescente";"Chuva";"Simples";"Reta";"Sim";3;0;2;0;1;0;2;2;-12,21614599;-38,41432082;"SPRF-BA";"DEL01-BA";"UOP04-DEL01-BA"
530541;2023-06-19;"segunda-feira";"17:15:00";"SP";153;279,9;"OCAUCU";"Condutor deixou de manter distância do veículo da frente";"Colisão traseira";"Sem Vítimas";"Anoitecer";"Crescente";"Céu Claro";"Simples";"Reta;Rotatória";"Não";3;0;0;0;2;1;0;2;-22,41570998;-49,86084938;"SPRF-SP";"DEL07-SP";"UOP02-DEL07-SP"
530542;2023-06-19;"segunda-feira";"15:30:00";"MG";116;551,8;"SANTA BARBARA DO LESTE";"Ingestão de álcool pelo condutor";"Tombamento";"Com Vítimas Feridas";"Pleno dia";"Crescente";"Céu Claro";"Simples";"Desvio Temporário;Em Obras";"Não";6;0;1;0;0;5;1;2;-19,98476697;-42,1434265;"SPRF-MG";"DEL06-MG";"UOP02-DEL06-MG"
530543;2023-06-19;"segunda-feira";"18:20:00";"MG";116;521,3;"CARATINGA";"Acessar a via sem observar a presença dos outros veículos";"Colisão transversal";"Com Vítimas Feridas";"Plena Noite";"Crescente";"Céu Claro";"Simples";"Reta";"Não";2;0;1;0;1;0;1;2;-19,7341039;-42,13264957;"SPRF-MG";"DEL06-MG";"UOP02-DEL06-MG"
530544;2023-06-19;"segunda-feira";"18:30:00";"PR";277;594,6;"CASCAVEL";"Estacionar ou parar em local proibido";"Colisão traseira";"Com Vítimas Feridas";"Plena Noite";"Crescente";"Céu Claro";"Simples";"Reta";"Sim";3;0;1;0;2;0;1;2;-24,97933805;-53,49808574;"SPRF-PR";"DEL04-PR";"UOP01-DEL04-PR"
530548;2023-06-19;"segunda-feira";"19:20:00";"SP";381;40;"ATIBAIA";"Reação tardia ou ineficiente do condutor";"Colisão traseira";"Com Vítimas Feridas";"Plena Noite";"Crescente";"Céu Claro";"Múltipla";"Reta";"Sim";3;0;1;0;2;0;1;3;-23,12997498;-46,5767598;"SPRF-SP";"DEL03-SP";"UOP01-DEL03-SP"
530549;2023-06-19;"segunda-feira";"18:40:00";"RS";158;331;"SANTA MARIA";"Reação tardia ou ineficiente do condutor";"Colisão traseira";"Com Vítimas Feridas";"Anoitecer";"Crescente";"Céu Claro";"Dupla";"Reta";"Sim";3;0;1;0;2;0;1;2;-29,7057108;-53,84848416;"SPRF-RS";"DEL09-RS";"UOP01-DEL09-RS"
530551;2023-06-19;"segunda-feira";"17:40:00";"ES";393;10,8;"CACHOEIRO DE ITAPEMIRIM";"Pedestre cruzava a pista fora da faixa";"Atropelamento de Pedestre";"Com Vítimas Feridas";"Anoitecer";"Crescente";"Céu Claro";"Simples";"Reta";"Não";2;0;0;2;0;0;2;2;-20,84255004;-41,24026997;"SPRF-ES";"DEL03-ES";"UOP02-DEL03-ES"
530552;2023-06-19;"segunda-feira";"18:40:00";"PR";277;82;"CURITIBA";"Condutor deixou de manter distância do veículo da frente";"Colisão traseira";"Com Vítimas Feridas";"Plena Noite";"Crescente";"Nublado";"Dupla";"Reta";"Não";3;0;1;0;2;0;1;3;-25,568939;-49,181978;"SPRF-PR";"DEL01-PR";"UOP01-DEL01-PR"
530553;2023-06-19;"segunda-feira";"18:05:00";"BA";116;816,9;"VITORIA DA CONQUISTA";"Acessar a via sem observar a presença dos outros veículos";"Colisão transversal";"Com Vítimas Feridas";"Plena Noite";"Crescente";"Nublado";"Simples";"Interseção de Vias";"Sim";2;0;1;0;1;0;1;2;-14,82316712;-40,81795212;"SPRF-BA";"DEL08-BA";"UOP01-DEL08-BA"
530554;2023-06-19;"segunda-feira";"19:00:00";"MG";365;603,9;"UBERLANDIA";"Ausência de reação do condutor";"Saída de leito carroçável";"Sem Vítimas";"Anoitecer";"Crescente";"Céu Claro";"Simples";"Reta";"Não";2;0;0;0;2;0;0;1;-18,89353759;-48,13698292;"SPRF-MG";"DEL15-MG";"UOP01-DEL15-MG"
530556;2023-06-19;"segunda-feira";"18:50:00";"PB";230;1;"PATOS";"Ausência de reação do condutor";"Colisão com objeto";"Com Vítimas Fatais";"Plena Noite";"Crescente";"Céu Claro";"Simples";"Curva;Declive";"Sim";1;1;0;0;0;0;0;1;-7,024862;-37,280304;"SPRF-PB";"DEL03-PB";"UOP01-DEL03-PB"
530557;2023-06-19;"segunda-feira";"19:00:00";"PR";277;729;"FOZ DO IGUACU";"Reação tardia ou ineficiente do condutor";"Colisão lateral mesmo sentido";"Sem Vítimas";"Plena Noite";"Decrescente";"Nublado";"Dupla";"Viaduto;Reta";"Sim";3;0;0;0;2;1;0;2;-25,50749887;-54,58379896;"SPRF-PR";"DEL05-PR";"UOP03-DEL05-PR"
530559;2023-06-19;"segunda-feira";"19:20:00";"PE";101;55;"PAULISTA";"Demais falhas mecânicas ou elétricas";"Tombamento";"Com Vítimas Feridas";"Plena Noite";"Crescente";"Chuva";"Dupla";"Aclive";"Não";2;0;0;2;0;0;2;1;-7,94806621;-34,9062148;"SPRF-PE";"DEL01-PE";"UOP02-DEL01-PE"
530560;2023-06-19;"segunda-feira";"19:40:00";"PE";101;185;"PALMARES";"Ausência de reação do condutor";"Colisão frontal";"Com Vítimas Feridas";"Plena Noite";"Crescente";"Chuva";"Simples";"Reta";"Sim";3;0;1;0;1;1;1;2;-8,6742758462;-35,5764607692;"SPRF-PE";"DEL01-PE";"UOP03-DEL01-PE"
530561;2023-06-19;"segunda-feira";"19:25:00";"PE";101;55;"PAULISTA";"Chuva";"Colisão com objeto";"Com Vítimas Feridas";"Plena Noite";"Crescente";"Chuva";"Dupla";"Aclive";"Não";1;0;1;0;0;0;1;1;-7,94806621;-34,9062148;"SPRF-PE";"DEL01-PE";"UOP02-DEL01-PE"
530563;2023-06-19;"segunda-feira";"18:20:00";"PB";230;117,2;"INGA";"Acessar a via sem observar a presença dos outros veículos";"Colisão traseira";"Sem Vítimas";"Anoitecer";"Decrescente";"Céu Claro";"Dupla";"Reta";"Não";5;0;0;0;5;0;0;2;-7,2393;-35,6128;"SPRF-PB";"DEL02-PB";"UOP01-DEL02-PB"
530567;2023-06-19;"segunda-feira";"19:50:00";"PR";116;125;"FAZENDA RIO GRANDE";"Manobra de mudança de faixa";"Colisão lateral mesmo sentido";"Com Vítimas Feridas";"Plena Noite";"Crescente";"Céu Claro";"Dupla";"Reta";"Não";2;0;0;1;1;0;1;2;-25,59505309;-49,31630659;"SPRF-PR";"DEL01-PR";"UOP03-DEL01-PR"
530568;2023-06-19;"segunda-feira";"19:15:00";"SC";163;104,3;"SAO JOSE DO CEDRO";"Ingestão de álcool pelo condutor";"Colisão com objeto";"Com Vítimas Feridas";"Plena Noite";"Crescente";"Céu Claro";"Simples";"Reta";"Sim";1;0;1;0;0;0;1;1;-26,45074853;-53,51311684;"SPRF-SC";"DEL07-SC";"UOP03-DEL07-SC"
530569;2023-06-19;"segunda-feira";"17:05:00";"PR";277;647,3;"CEU AZUL";"Pedestre andava na pista";"Atropelamento de Pedestre";"Com Vítimas Feridas";"Pleno dia";"Decrescente";"Nublado";"Simples";"Reta";"Sim";4;0;0;1;1;2;1;2;-25,17489911;-53,91380604;"SPRF-PR";"DEL05-PR";"UOP02-DEL05-PR"
530574;2023-06-19;"segunda-feira";"17:45:00";"SP";153;137,7;"PROMISSAO";"Manobra de mudança de faixa";"Colisão com objeto";"Com Vítimas Feridas";"Anoitecer";"Decrescente";"Céu Claro";"Simples";"Reta";"Não";1;0;0;1;0;0;1;1;-21,30103796;-49,79359234;"SPRF-SP";"DEL07-SP";"UOP01-DEL07-SP"
530576;2023-06-19;"segunda-feira";"20:40:00";"GO";153;440;"ANAPOLIS";"Carga excessiva e/ou mal acondicionada";"Queda de ocupante de veículo";"Com Vítimas Feridas";"Plena Noite";"Crescente";"Céu Claro";"Simples";"Rotatória";"Sim";2;0;1;0;0;1;1;2;-16,306765;-48,923847;"SPRF-GO";"DEL02-GO";"UOP01-DEL02-GO"
530578;2023-06-19;"segunda-feira";"22:00:00";"PR";376;207;"APUCARANA";"Desrespeitar a preferência no cruzamento";"Atropelamento de Pedestre";"Com Vítimas Feridas";"Plena Noite";"Decrescente";"Céu Claro";"Simples";"Interseção de Vias;Reta";"Sim";2;0;1;0;1;0;1;2;-23,56371434;-51,49342125;"SPRF-PR";"DEL09-PR";"UOP01-DEL09-PR"
530582;2023-06-19;"segunda-feira";"19:00:00";"MT";70;800;"CACERES";"Animais na Pista";"Atropelamento de Animal";"Com Vítimas Feridas";"Plena Noite";"Decrescente";"Céu Claro";"Simples";"Reta";"Não";2;0;1;0;1;0;1;1;-16,15664084;-58,04500126;"SPRF-MT";"DEL03-MT";"UOP01-DEL03-MT"
530585;2023-06-19;"segunda-feira";"21:55:00";"PR";116;93;"SAO JOSE DOS PINHAIS";"Reação tardia ou ineficiente do condutor";"Saída de leito carroçável";"Sem Vítimas";"Plena Noite";"Crescente";"Nevoeiro/Neblina";"Dupla";"Reta";"Não";1;0;0;0;1;0;0;1;-25,513094;-49,129182;"SPRF-PR";"DEL01-PR";"UOP07-DEL01-PR"
530587;2023-06-19;"segunda-feira";"21:10:00";"MG";381;810,5;"CAREACU";"Demais falhas na via";"Tombamento";"Com Vítimas Feridas";"Plena Noite";"Decrescente";"Ignorado";"Dupla";"Reta";"Não";2;0;2;0;0;0;2;1;-22,04560399;-45,68921401;"SPRF-MG";"DEL16-MG";"UOP02-DEL16-MG"
530588;2023-06-19;"segunda-feira";"20:00:00";"PA";10;347;"SANTA MARIA DO PARA";"Demais falhas na via";"Queda de ocupante de veículo";"Com Vítimas Feridas";"Plena Noite";"Crescente";"Garoa/Chuvisco";"Simples";"Reta;Em Obras";"Não";1;0;0;1;0;0;1;1;-1,4076821;-47,55600325;"SPRF-PA";"DEL01-PA";"UOP02-DEL01-PA"
530591;2023-06-19;"segunda-feira";"21:30:00";"BA";324;570,1;"SAO SEBASTIAO DO PASSE";"Chuva";"Saída de leito carroçável";"Com Vítimas Feridas";"Plena Noite";"Decrescente";"Chuva";"Dupla";"Reta";"Não";3;0;3;0;0;0;3;1;-12,54603889;-38,58142792;"SPRF-BA";"DEL01-BA";"UOP01-DEL01-BA"
530592;2023-06-19;"segunda-feira";"23:09:00";"PR";153;352;"REBOUCAS";"Ingestão de álcool pelo condutor";"Saída de leito carroçável";"Com Vítimas Feridas";"Plena Noite";"Decrescente";"Nevoeiro/Neblina";"Simples";"Reta";"Não";1;0;1;0;0;0;1;1;-25,62473416;-50,71233273;"SPRF-PR";"DEL08-PR";"UOP02-DEL08-PR"