"id";"data_inversa";"dia_semana";"horario";"uf";"br";"km";"municipio";"causa_acidente";"tipo_acidente";"classificacao_acidente";"fase_dia";"sentido_via";"condicao_metereologica";"tipo_pista";"tracado_via";"uso_solo";"pessoas";"mortos";"feridos_leves";"feridos_graves";"ilesos";"ignorados";"feridos";"veiculos";"latitude";"longitude";"regional";"delegacia";"uop"
530596;2023-04-24;"segunda-feira";"18:00:00";"MT";174;333;"PONTES E LACERDA";"Chuva";"Saída de leito carroçável";"Com Vítimas Feridas";"Anoitecer";"Decrescente";"Chuva";"Simples";"Reta";"Não";1;0;0;1;0;0;1;1;-14,85557192;-59,30273488;"SPRF-MT";"DEL04-MT";"UOP01-DEL04-MT"
530599;2023-06-20;"terça-feira";"05:00:00";"SP";116;216,5;"GUARULHOS";"Acessar a via sem observar a presença dos outros veículos";"Colisão traseira";"Com Vítimas Feridas";"Plena Noite";"Crescente";"Céu Claro";"Dupla";"Reta";"Sim";2;0;1;0;1;0;1;2;-23,45056589;-46,46258105;"SPRF-SP";"DEL01-SP";"UOP01-DEL01-SP"
530601;2023-06-20;"terça-feira";"04:55:00";"SP";153;38,1;"ONDA VERDE";"Animais na Pista";"Atropelamento de Animal";"Com Vítimas Feridas";"Plena Noite";"Decrescente";"Céu Claro";"Simples";"Reta";"Não";3;0;2;0;1;0;2;1;-20,605145;-49,323185;"SPRF-SP";"DEL09-SP";"UOP01-DEL09-SP"
530604;2023-05-06;"sábado";"04:35:00";"PB";101;81,4;"BAYEUX";"Manobra de mudança de faixa";"Colisão transversal";"Com Vítimas Fatais";"Amanhecer";"Crescente";"Céu Claro";"Dupla";"Reta;Aclive";"Não";3;1;2;0;0;0;2;2;-7,12508575;-34,94513217;"SPRF-PB";"DEL01-PB";"UOP01-DEL01-PB"
530606;2023-06-20;"terça-feira";"06:15:00";"CE";304;54,3;"ARACATI";"Condutor deixou de manter distância do veículo da frente";"Colisão traseira";"Com Vítimas Feridas";"Pleno dia";"Crescente";"Céu Claro";"Dupla";"Aclive;Reta";"Sim";3;0;1;0;2;0;1;2;-4,57724403;-37,72799601;"SPRF-CE";"DEL03-CE";"UOP03-DEL03-CE"
530607;2023-06-19;"segunda-feira";"18:30:00";"TO";153;563,3;"FATIMA";"Pedestre andava na pista";"Atropelamento de Pedestre";"Com Vítimas Feridas";"Anoitecer";"Decrescente";"Céu Claro";"Dupla";"Reta";"Não";2;0;1;1;0;0;2;2;-10,76617296;-48,90163738;"SPRF-TO";"DEL01-TO";"UOP01-DEL01-TO"
530608;2023-06-20;"terça-feira";"06:10:00";"SC";280;186,9;"MAFRA";"Animais na Pista";"Atropelamento de Animal";"Com Vítimas Feridas";"Amanhecer";"Decrescente";"Nublado";"Simples";"Curva;Aclive";"Sim";1;0;1;0;0;0;1;1;-26,16977284;-49,94508991;"SPRF-SC";"DEL06-SC";"UOP01-DEL06-SC"
530610;2023-06-20;"terça-feira";"06:30:00";"SC";101;145;"ITAPEMA";"Trafegar com motocicleta (ou similar) entre as faixas";"Colisão traseira";"Com Vítimas Feridas";"Pleno dia";"Crescente";"Nublado";"Dupla";"Reta";"Sim";2;0;2;0;0;0;2;2;-27,08139206;-48,60130993;"SPRF-SC";"DEL04-SC";"UOP03-DEL04-SC"
530611;2023-06-20;"terça-feira";"06:50:00";"CE";116;14;"FORTALEZA";"Ausência de reação do condutor";"Tombamento";"Com Vítimas Feridas";"Pleno dia";"Decrescente";"Nublado";"Múltipla";"Reta";"Sim";1;0;1;0;0;0;1;1;-3,86973356;-38,49827361;"SPRF-CE";"DEL01-CE";"UOP02-DEL01-CE"
530612;2023-06-20;"terça-feira";"06:30:00";"SC";470;52;"BLUMENAU";"Desrespeitar a preferência no cruzamento";"Colisão transversal";"Com Vítimas Feridas";"Amanhecer";"Crescente";"Nublado";"Simples";"Interseção de Vias";"Sim";2;0;0;1;1;0;1;2;-26,862286;-49,093903;"SPRF-SC";"DEL04-SC";"UOP01-DEL04-SC"
530613;2023-06-18;"domingo";"06:00:00";"RS";158;332;"SANTA MARIA";"Reação tardia ou ineficiente do condutor";"Colisão com objeto";"Sem Vítimas";"Amanhecer";"Crescente";"Céu Claro";"Dupla";"Interseção de Vias;Rotatória;Reta";"Sim";1;0;0;0;0;1;0;1;-29,70100743;-53,83948803;"SPRF-RS";"DEL09-RS";"UOP01-DEL09-RS"
530615;2023-06-20;"terça-feira";"05:50:00";"MG";381;159;"GOVERNADOR VALADARES";"Animais na Pista";"Atropelamento de Animal";"Com Vítimas Feridas";"Amanhecer";"Crescente";"Nublado";"Simples";"Curva";"Sim";1;0;1;0;0;0;1;1;-18,92455594;-42,01932801;"SPRF-MG";"DEL06-MG";"UOP01-DEL06-MG"
530616;2023-06-20;"terça-feira";"06:00:00";"BA";101;497;"ITABUNA";"Acessar a via sem observar a presença dos outros veículos";"Atropelamento de Pedestre";"Com Vítimas Feridas";"Pleno dia";"Crescente";"Céu Claro";"Simples";"Declive;Reta";"Não";2;0;0;1;1;0;1;2;-14,88260904;-39,28276472;"SPRF-BA";"DEL05-BA";"UOP01-DEL05-BA"
530617;2023-06-20;"terça-feira";"02:30:00";"MG";262;19,8;"REDUTO";"Curva acentuada";"Saída de leito carroçável";"Com Vítimas Feridas";"Plena Noite";"Decrescente";"Nublado";"Simples";"Curva";"Não";4;0;1;0;3;0;1;1;-20,249245;-41,908545;"SPRF-MG";"DEL06-MG";"UOP03-DEL06-MG"
530618;2023-06-19;"segunda-feira";"09:20:00";"PR";277;687,5;"SAO MIGUEL DO IGUACU";"Acessar a via sem observar a presença dos outros veículos";"Colisão transversal";"Com Vítimas Feridas";"Pleno dia";"Decrescente";"Céu Claro";"Dupla";"Reta";"Não";2;0;0;1;1;0;1;2;-25,34377452;-54,22446208;"SPRF-PR";"DEL05-PR";"UOP01-DEL05-PR"
530619;2023-06-20;"terça-feira";"06:50:00";"RJ";40;99;"DUQUE DE CAXIAS";"Reação tardia ou ineficiente do condutor";"Tombamento";"Com Vítimas Feridas";"Amanhecer";"Decrescente";"Nublado";"Simples";"Curva";"Não";1;0;1;0;0;0;1;1;-22,58585204;-43,27716391;"SPRF-RJ";"DEL01-RJ";"UOP01-DEL01-RJ"
530622;2023-05-01;"segunda-feira";"19:10:00";"PA";316;36;"SANTA IZABEL DO PARA";"Ingestão de álcool pelo condutor";"Colisão transversal";"Sem Vítimas";"Plena Noite";"Crescente";"Céu Claro";"Dupla";"Reta";"Sim";2;0;0;0;2;0;0;2;-1,29009976;-48,15602469;"SPRF-PA";"DEL01-PA";"UOP01-DEL01-PA"
530623;2023-06-20;"terça-feira";"07:30:00";"PR";369;141;"IBIPORA";"Área urbana sem a presença de local apropriado para a travessia de pedestres";"Atropelamento de Pedestre";"Com Vítimas Fatais";"Pleno dia";"Decrescente";"Céu Claro";"Dupla";"Aclive;Reta";"Sim";3;1;0;1;0;1;1;2;-23,2892;-51,0818;"SPRF-PR";"DEL07-PR";"UOP01-DEL07-PR"
530624;2023-03-31;"sexta-feira";"19:00:00";"BA";101;104;"ALAGOINHAS";"Acessar a via sem observar a presença dos outros veículos";"Colisão transversal";"Com Vítimas Feridas";"Plena Noite";"Crescente";"Ignorado";"Simples";"Reta";"Não";2;0;0;1;0;1;1;2;-12,15976701;-38,4118001;"SPRF-BA";"DEL01-BA";"UOP04-DEL01-BA"
530625;2023-06-20;"terça-feira";"06:50:00";"SC";280;34,9;"ARAQUARI";"Condutor deixou de manter distância do veículo da frente";"Colisão traseira";"Com Vítimas Feridas";"Pleno dia";"Crescente";"Céu Claro";"Simples";"Reta";"Não";2;0;1;0;1;0;1;2;-26,42993971;-48,79615614;"SPRF-SC";"DEL03-SC";"UOP03-DEL03-SC"
530626;2023-06-20;"terça-feira";"08:04:00";"SP";116;273;"TABOAO DA SERRA";"Ausência de reação do condutor";"Colisão traseira";"Com Vítimas Feridas";"Pleno dia";"Decrescente";"Céu Claro";"Dupla";"Reta";"Sim";2;0;1;0;1;0;1;2;-23,62809795;-46,81870306;"SPRF-SP";"DEL04-SP";"UOP01-DEL04-SP"
530627;2023-06-16;"sexta-feira";"18:20:00";"SC";101;416,5;"ARARANGUA";"Ausência de reação do condutor";"Colisão transversal";"Com Vítimas Feridas";"Plena Noite";"Decrescente";"Nublado";"Múltipla";"Reta";"Não";2;0;1;0;1;0;1;2;-28,96708874;-49,52338825;"SPRF-SC";"DEL02-SC";"UOP02-DEL02-SC"
530628;2023-06-20;"terça-feira";"07:30:00";"SC";101;211;"PALHOCA";"Ausência de reação do condutor";"Colisão traseira";"Com Vítimas Feridas";"Pleno dia";"Decrescente";"Céu Claro";"Múltipla";"Reta";"Não";2;0;1;0;1;0;1;2;-27,62329313;-48,65245588;"SPRF-SC";"DEL01-SC";"UOP02-DEL01-SC"
530630;2023-04-18;"terça-feira";"18:15:00";"BA";418;80;"NOVA VICOSA";"Transitar na contramão";"Atropelamento de Pedestre";"Com Vítimas Fatais";"Anoitecer";"Crescente";"Céu Claro";"Simples";"Reta";"Não";2;1;0;0;1;0;0;2;-17,87014913;-39,75939393;"SPRF-BA";"DEL09-BA";"UOP02-DEL09-BA"
530631;2023-06-20;"terça-feira";"07:25:00";"RJ";116;205;"JAPERI";"Reação tardia ou ineficiente do condutor";"Queda de ocupante de veículo";"Com Vítimas Feridas";"Pleno dia";"Crescente";"Céu Claro";"Simples";"Interseção de Vias;Reta";"Não";1;0;0;1;0;0;1;1;-22,72746688;-43,64167998;"SPRF-RJ";"DEL01-RJ";"UOP03-DEL01-RJ"
530632;2023-06-20;"terça-feira";"09:18:00";"BA";116;410;"FEIRA DE SANTANA";"Reação tardia ou ineficiente do condutor";"Tombamento";"Com Vítimas Feridas";"Pleno dia";"Decrescente";"Nublado";"Dupla";"Reta";"Não";2;0;2;0;0;0;2;1;-12,11649901;-38,96846221;"SPRF-BA";"DEL02-BA";"UOP01-DEL02-BA"
530634;2023-06-20;"terça-feira";"07:40:00";"SC";101;361,3;"SANGAO";"Velocidade Incompatível";"Saída de leito carroçável";"Com Vítimas Feridas";"Amanhecer";"Decrescente";"Céu Claro";"Simples";"Curva";"Não";1;0;1;0;0;0;1;1;-28,66584041;-49,1146566;"SPRF-SC";"DEL02-SC";"UOP01-DEL02-SC"
530636;2023-06-20;"terça-feira";"09:30:00";"RS";386;92;"PORTO ALEGRE";"Demais falhas mecânicas ou elétricas";"Queda de ocupante de veículo";"Com Vítimas Feridas";"Pleno dia";"Crescente";"Céu Claro";"Dupla";"Reta";"Não";2;0;2;0;0;0;2;1;-29,96937896;-51,17435932;"SPRF-RS";"DEL08-RS";"UOP01-DEL08-RS"
530639;2023-06-20;"terça-feira";"07:20:00";"RO";0;0;"VILHENA";"Acessar a via sem observar a presença dos outros veículos";"Colisão transversal";"Com Vítimas Feridas";"Pleno dia";"Não Informado";"Céu Claro";"Dupla";"Interseção de Vias;Reta";"Sim";2;0;1;0;1;0;1;2;-12,736604;-60,14931413;"SPRF-RO";"DEL04-RO";"UOP01-DEL04-RO"
530640;2023-02-03;"sexta-feira";"07:10:00";"ES";101;269;"SERRA";"Manobra de mudança de faixa";"Colisão lateral mesmo sentido";"Com Vítimas Feridas";"Pleno dia";"Crescente";"Ignorado";"Múltipla";"Reta";"Sim";3;0;0;1;2;0;1;3;-20,2180128;-40,27018905;"SPRF-ES";"DEL02-ES";"UOP01-DEL02-ES"
530641;2023-06-20;"terça-feira";"09:50:00";"MG";381;843,3;"SAO SEBASTIAO DA BELA VISTA";"Manobra de mudança de faixa";"Colisão traseira";"Com Vítimas Feridas";"Pleno dia";"Crescente";"Céu Claro";"Dupla";"Reta";"Não";3;0;1;0;1;1;1;3;-22,22245372;-45,87389143;"SPRF-MG";"DEL16-MG";"UOP01-DEL16-MG"
530644;2023-06-20;"terça-feira";"09:50:00";"PR";277;722;"FOZ DO IGUACU";"Reação tardia ou ineficiente do condutor";"Colisão traseira";"Com Vítimas Feridas";"Pleno dia";"Crescente";"Céu Claro";"Dupla";"Reta";"Sim";3;0;2;0;1;0;2;2;-25,49494908;-54,52095097;"SPRF-PR";"DEL05-PR";"UOP03-DEL05-PR"
530646;2023-06-20;"terça-feira";"06:25:00";"GO";50;117,8;"CRISTALINA";"Avarias e/ou desgaste excessivo no pneu";"Saída de leito carroçável";"Com Vítimas Feridas";"Pleno dia";"Crescente";"Céu Claro";"Dupla";"Reta";"Não";1;0;1;0;0;0;1;1;-16,9309;-47,7117;"SPRF-DF";"DEL01-DF";"UOP02-DEL01-DF"
530650;2023-06-07;"quarta-feira";"15:00:00";"MS";359;222;"COXIM";"Ausência de reação do condutor";"Colisão com objeto";"Sem Vítimas";"Pleno dia";"Crescente";"Céu Claro";"Simples";"Reta";"Sim";2;0;0;0;2;0;0;1;-18,50394183;-54,66248013;"SPRF-MS";"DEL06-MS";"UOP01-DEL06-MS"
530652;2023-06-20;"terça-feira";"11:05:00";"PB";230;24;"JOAO PESSOA";"Demais falhas mecânicas ou elétricas";"Incêndio";"Sem Vítimas";"Pleno dia";"Decrescente";"Sol";"Dupla";"Viaduto;Reta;Aclive;Em Obras";"Sim";1;0;0;0;1;0;0;1;-7,1637;-34,8618;"SPRF-PB";"DEL01-PB";"UOP01-DEL01-PB"
530653;2023-06-20;"terça-feira";"10:30:00";"GO";153;356,6;"JARAGUA";"Acessar a via sem observar a presença dos outros veículos";"Colisão transversal";"Com Vítimas Feridas";"Pleno dia";"Decrescente";"Céu Claro";"Dupla";"Interseção de Vias;Reta";"Sim";3;0;1;0;2;0;1;2;-15,725415;-49,327385;"SPRF-GO";"DEL02-GO";"UOP02-DEL02-GO"
530655;2023-05-13;"sábado";"14:11:00";"BA";116;418;"FEIRA DE SANTANA";"Pedestre andava na pista";"Atropelamento de Pedestre";"Com Vítimas Feridas";"Pleno dia";"Decrescente";"Céu Claro";"Dupla";"Reta;Declive;Viaduto";"Sim";2;0;1;0;0;1;1;2;-12,185808;-38,965225;"SPRF-BA";"DEL02-BA";"UOP01-DEL02-BA"
530657;2023-06-19;"segunda-feira";"19:40:00";"RJ";101;138;"MACAE";"Condutor Dormindo";"Colisão lateral mesmo sentido";"Com Vítimas Feridas";"Plena Noite";"Crescente";"Céu Claro";"Dupla";"Reta";"Não";5;0;5;0;0;0;5;2;-22,16283807;-41,74187091;"SPRF-RJ";"DEL08-RJ";"UOP04-DEL08-RJ"
530658;2023-06-20;"terça-feira";"10:40:00";"PI";316;32;"DEMERVAL LOBAO";"Acessar a via sem observar a presença dos outros veículos";"Colisão transversal";"Com Vítimas Feridas";"Pleno dia";"Crescente";"Céu Claro";"Múltipla";"Interseção de Vias";"Sim";2;0;1;0;1;0;1;2;-5,360605;-42,675252;"SPRF-PI";"DEL01-PI";"UOP02-DEL01-PI"
530659;2023-06-20;"terça-feira";"11:00:00";"PE";101;153,2;"RIBEIRAO";"Chuva";"Saída de leito carroçável";"Com Vítimas Feridas";"Pleno dia";"Decrescente";"Céu Claro";"Dupla";"Reta";"Não";1;0;1;0;0;0;1;1;-8,51960799;-35,38997595;"SPRF-PE";"DEL01-PE";"UOP03-DEL01-PE"
530662;2023-06-20;"terça-feira";"11:15:00";"MG";0;0;"GOVERNADOR VALADARES";"Carga excessiva e/ou mal acondicionada";"Colisão lateral mesmo sentido";"Sem Vítimas";"Pleno dia";"Não Informado";"Céu Claro";"Simples";"Reta";"Sim";4;0;0;0;4;0;0;2;-18,87661443;-41,96299206;"SPRF-MG";"DEL06-MG";"UOP01-DEL06-MG"
530665;2023-06-20;"terça-feira";"10:20:00";"PR";369;418,3;"JURANDA";"Ausência de reação do condutor";"Saída de leito carroçável";"Com Vítimas Feridas";"Pleno dia";"Decrescente";"Céu Claro";"Simples";"Reta";"Não";2;0;1;0;1;0;1;1;-24,373;-52,7756;"SPRF-PR";"DEL04-PR";"UOP03-DEL04-PR"
530666;2023-02-16;"quinta-feira";"08:30:00";"BA";415;50,9;"ITABUNA";"Pedestre cruzava a pista fora da faixa";"Atropelamento de Pedestre";"Com Vítimas Feridas";"Pleno dia";"Decrescente";"Sol";"Simples";"Reta";"Sim";2;0;0;1;0;1;1;2;-14,81574494;-39,29612388;"SPRF-BA";"DEL05-BA";"UOP01-DEL05-BA"
530669;2023-06-20;"terça-feira";"12:20:00";"GO";40;12;"LUZIANIA";"Acessar a via sem observar a presença dos outros veículos";"Colisão transversal";"Com Vítimas Feridas";"Pleno dia";"Decrescente";"Céu Claro";"Múltipla";"Reta";"Não";2;0;0;1;1;0;1;2;-16,145123;-47,945382;"SPRF-DF";"DEL01-DF";"UOP01-DEL01-DF"
530670;2023-06-20;"terça-feira";"13:00:00";"ES";101;268,5;"SERRA";"Ausência de reação do condutor";"Colisão transversal";"Com Vítimas Feridas";"Pleno dia";"Crescente";"Céu Claro";"Múltipla";"Reta";"Sim";2;0;2;0;0;0;2;2;-20,20842;-40,269405;"SPRF-ES";"DEL02-ES";"UOP01-DEL02-ES"
530672;2023-06-20;"terça-feira";"10:50:00";"RR";401;1;"BOA VISTA";"Desrespeitar a preferência no cruzamento";"Colisão lateral mesmo sentido";"Com Vítimas Feridas";"Pleno dia";"Decrescente";"Céu Claro";"Dupla";"Reta";"Sim";2;0;1;0;1;0;1;2;2,80229396;-60,68243402;"SPRF-RR";"DEL01-RR";"UOP01-DEL01-RR"
530673;2023-06-20;"terça-feira";"11:30:00";"MG";116;526,2;"CARATINGA";"Desrespeitar a preferência no cruzamento";"Colisão transversal";"Com Vítimas Feridas";"Pleno dia";"Crescente";"Céu Claro";"Dupla";"Em Obras;Retorno Regulamentado";"Sim";2;0;2;0;0;0;2;2;-19,77654011;-42,13327989;"SPRF-MG";"DEL06-MG";"UOP02-DEL06-MG"
530674;2023-06-20;"terça-feira";"11:30:00";"SC";282;409;"CATANDUVAS";"Acessar a via sem observar a presença dos outros veículos";"Colisão transversal";"Com Vítimas Feridas";"Pleno dia";"Decrescente";"Céu Claro";"Simples";"Rotatória;Reta";"Sim";2;0;1;0;1;0;1;2;-27,065756;-51,664165;"SPRF-SC";"DEL07-SC";"UOP05-DEL07-SC"
530675;2023-06-20;"terça-feira";"06:20:00";"RJ";101;329;"RIO DE JANEIRO";"Demais falhas mecânicas ou elétricas";"Queda de ocupante de veículo";"Com Vítimas Feridas";"Pleno dia";"Crescente";"Nublado";"Dupla";"Reta";"Não";1;0;1;0;0;0;1;1;-22,86939305;-43,175642;"SPRF-RJ";"DEL02-RJ";"UOP01-DEL02-RJ"
530677;2023-06-20;"terça-feira";"12:40:00";"PR";376;1,8;"APUCARANA";"Acessar a via sem observar a presença dos outros veículos";"Colisão transversal";"Com Vítimas Feridas";"Pleno dia";"Decrescente";"Sol";"Simples";"Reta;Declive;Em Obras";"Sim";2;0;0;1;1;0;1;2;-23,56924648;-51,43067122;"SPRF-PR";"DEL07-PR";"UOP03-DEL07-PR"
530679;2023-06-20;"terça-feira";"13:45:00";"RS";153;50,6;"ERECHIM";"Condutor deixou de manter distância do veículo da frente";"Colisão traseira";"Sem Vítimas";"Pleno dia";"Crescente";"Céu Claro";"Múltipla";"Interseção de Vias;Aclive;Reta;Rotatória";"Sim";2;0;0;0;2;0;0;2;-27,65623359;-52,27554709;"SPRF-RS";"DEL08-RS";"UOP04-DEL08-RS"
530680;2023-06-20;"terça-feira";"09:50:00";"RJ";101;330;"RIO DE JANEIRO";"Condutor deixou de manter distância do veículo da frente";"Colisão traseira";"Com Vítimas Feridas";"Pleno dia";"Crescente";"Sol";"Dupla";"Reta";"Não";2;0;0;1;0;1;1;2;-22,8684989;-43,18548699;"SPRF-RJ";"DEL02-RJ";"UOP01-DEL02-RJ"
530681;2023-06-20;"terça-feira";"13:50:00";"SE";235;49;"ITABAIANA";"Condutor desrespeitou a iluminação vermelha do semáforo";"Colisão lateral mesmo sentido";"Com Vítimas Feridas";"Pleno dia";"Crescente";"Chuva";"Simples";"Reta";"Não";4;0;3;0;1;0;3;2;-10,716222;-37,421669;"SPRF-SE";"DEL01-SE";"UOP02-DEL01-SE"
530682;2023-06-20;"terça-feira";"13:15:00";"MG";40;511;"RIBEIRAO DAS NEVES";"Manobra de mudança de faixa";"Colisão traseira";"Com Vítimas Feridas";"Pleno dia";"Decrescente";"Céu Claro";"Dupla";"Reta";"Sim";3;0;1;0;2;0;1;2;-19,78164295;-44,11733194;"SPRF-MG";"DEL01-MG";"UOP02-DEL01-MG"
530684;2023-06-20;"terça-feira";"13:15:00";"SC";163;71,1;"SAO MIGUEL DO OESTE";"Acessar a via sem observar a presença dos outros veículos";"Colisão transversal";"Com Vítimas Feridas";"Pleno dia";"Crescente";"Céu Claro";"Simples";"Curva";"Sim";3;0;2;1;0;0;3;2;-26,72772401;-53,51281303;"SPRF-SC";"DEL07-SC";"UOP03-DEL07-SC"
530687;2023-06-20;"terça-feira";"13:55:00";"SP";116;165;"JACAREI";"Reação tardia ou ineficiente do condutor";"Tombamento";"Com Vítimas Feridas";"Pleno dia";"Crescente";"Céu Claro";"Dupla";"Reta";"Não";1;0;1;0;0;0;1;1;-23,29691791;-46,00798704;"SPRF-SP";"DEL02-SP";"UOP01-DEL02-SP"
530688;2023-06-20;"terça-feira";"10:35:00";"MG";116;418;"GOVERNADOR VALADARES";"Ultrapassagem Indevida";"Colisão lateral mesmo sentido";"Com Vítimas Feridas";"Pleno dia";"Crescente";"Céu Claro";"Simples";"Interseção de Vias;Reta";"Não";3;0;3;0;0;0;3;2;-18,91059296;-41,94156567;"SPRF-MG";"DEL06-MG";"UOP01-DEL06-MG"
530689;2023-05-24;"quarta-feira";"00:03:00";"PE";232;9;"RECIFE";"Deficiência do Sistema de Iluminação/Sinalização";"Tombamento";"Com Vítimas Feridas";"Plena Noite";"Crescente";"Garoa/Chuvisco";"Múltipla";"Reta";"Não";1;0;1;0;0;0;1;1;-8,07764447;-34,97863609;"SPRF-PE";"DEL01-PE";"UOP01-DEL01-PE"
530690;2023-06-20;"terça-feira";"14:30:00";"PR";369;141;"IBIPORA";"Desrespeitar a preferência no cruzamento";"Colisão transversal";"Com Vítimas Feridas";"Pleno dia";"Crescente";"Céu Claro";"Dupla";"Declive;Rotatória";"Sim";3;0;1;1;1;0;2;2;-23,28551397;-51,07425785;"SPRF-PR";"DEL07-PR";"UOP01-DEL07-PR"
530691;2023-06-20;"terça-feira";"13:30:00";"PE";101;160;"RIBEIRAO";"Acumulo de água sobre o pavimento";"Saída de leito carroçável";"Com Vítimas Feridas";"Pleno dia";"Decrescente";"Chuva";"Dupla";"Curva";"Não";1;0;1;0;0;0;1;1;-8,558487;-35,427237;"SPRF-PE";"DEL01-PE";"UOP03-DEL01-PE"
530692;2023-06-20;"terça-feira";"14:35:00";"RS";116;245,1;"SAO LEOPOLDO";"Transitar na contramão";"Colisão frontal";"Com Vítimas Feridas";"Pleno dia";"Crescente";"Céu Claro";"Simples";"Reta";"Sim";2;0;2;0;0;0;2;2;-29,74598304;-51,15128994;"SPRF-RS";"DEL01-RS";"UOP02-DEL01-RS"
530694;2023-06-20;"terça-feira";"14:30:00";"MG";365;811,8;"SANTA VITORIA";"Reação tardia ou ineficiente do condutor";"Saída de leito carroçável";"Sem Vítimas";"Pleno dia";"Decrescente";"Céu Claro";"Simples";"Reta";"Não";1;0;0;0;1;0;0;1;-18,88247007;-50,05801701;"SPRF-MG";"DEL15-MG";"UOP03-DEL15-MG"
530696;2023-06-20;"terça-feira";"13:57:00";"RO";364;340,8;"JI-PARANA";"Condutor desrespeitou a iluminação vermelha do semáforo";"Colisão transversal";"Com Vítimas Feridas";"Pleno dia";"Crescente";"Céu Claro";"Múltipla";"Interseção de Vias;Reta";"Sim";2;0;1;0;1;0;1;2;-10,898802;-61,93046;"SPRF-RO";"DEL02-RO";"UOP01-DEL02-RO"
530698;2023-06-05;"segunda-feira";"17:09:00";"SP";116;227;"GUARULHOS";"Manobra de mudança de faixa";"Colisão traseira";"Com Vítimas Feridas";"Anoitecer";"Decrescente";"Céu Claro";"Dupla";"Reta;Declive";"Sim";2;0;0;1;1;0;1;2;-23,49659264;-46,55648754;"SPRF-SP";"DEL01-SP";"UOP01-DEL01-SP"
530699;2023-06-20;"terça-feira";"14:45:00";"PR";277;83;"CURITIBA";"Ausência de reação do condutor";"Colisão traseira";"Sem Vítimas";"Pleno dia";"Decrescente";"Céu Claro";"Dupla";"Reta";"Não";2;0;0;0;0;2;0;2;-25,568939;-49,181978;"SPRF-PR";"DEL01-PR";"UOP01-DEL01-PR"
530700;2023-06-20;"terça-feira";"15:40:00";"PB";101;110;"ALHANDRA";"Reação tardia ou ineficiente do condutor";"Colisão com objeto";"Com Vítimas Feridas";"Pleno dia";"Decrescente";"Nublado";"Simples";"Reta";"Sim";1;0;1;0;0;0;1;1;-7,35255626;-34,94940909;"SPRF-PB";"DEL01-PB";"UOP02-DEL01-PB"
530702;2023-06-20;"terça-feira";"13:00:00";"RJ";116;273;"BARRA MANSA";"Mal súbito do condutor";"Colisão lateral mesmo sentido";"Sem Vítimas";"Pleno dia";"Crescente";"Céu Claro";"Dupla";"Curva";"Não";3;0;0;0;3;0;0;2;-22,56100142;-44,13833993;"SPRF-RJ";"DEL07-RJ";"UOP02-DEL07-RJ"
530703;2023-06-20;"terça-feira";"15:30:00";"CE";20;349;"CARIDADE";"Acessar a via sem observar a presença dos outros veículos";"Colisão transversal";"Com Vítimas Feridas";"Pleno dia";"Decrescente";"Céu Claro";"Simples";"Reta";"Sim";2;0;0;1;1;0;1;2;-4,094943;-39,055965;"SPRF-CE";"DEL02-CE";"UOP01-DEL02-CE"
530704;2023-06-20;"terça-feira";"16:15:00";"MG";365;649,4;"UBERLANDIA";"Ausência de reação do condutor";"Saída de leito carroçável";"Com Vítimas Feridas";"Pleno dia";"Crescente";"Céu Claro";"Dupla";"Reta";"Não";2;0;2;0;0;0;2;1;-18,870763;-48,551327;"SPRF-MG";"DEL15-MG";"UOP01-DEL15-MG"
530707;2023-03-21;"terça-feira";"07:20:00";"DF";70;19,5;"BRASILIA";"Condutor deixou de manter distância do veículo da frente";"Colisão traseira";"Com Vítimas Feridas";"Pleno dia";"Decrescente";"Céu Claro";"Dupla";"Curva;Aclive";"Não";2;0;1;0;1;0;1;2;-15,78626563;-48,23008776;"SPRF-DF";"DEL03-DF";"UOP02-DEL03-DF"
530708;2023-06-20;"terça-feira";"15:20:00";"BA";110;190;"CIPO";"Ausência de reação do condutor";"Atropelamento de Pedestre";"Com Vítimas Feridas";"Pleno dia";"Decrescente";"Nublado";"Simples";"Reta";"Não";2;0;0;1;0;1;1;2;-11,020619;-38,51474442;"SPRF-BA";"DEL07-BA";"UOP02-DEL07-BA"
530709;2023-06-20;"terça-feira";"17:00:00";"PR";277;584;"CASCAVEL";"Manobra de mudança de faixa";"Colisão lateral mesmo sentido";"Com Vítimas Feridas";"Pleno dia";"Crescente";"Céu Claro";"Dupla";"Viaduto";"Não";2;0;1;0;1;0;1;2;-24,96428637;-53,40647589;"SPRF-PR";"DEL04-PR";"UOP01-DEL04-PR"
530710;2023-06-20;"terça-feira";"16:20:00";"PB";230;135,9;"MASSARANDUBA";"Demais falhas mecânicas ou elétricas";"Saída de leito carroçável";"Sem Vítimas";"Pleno dia";"Crescente";"Garoa/Chuvisco";"Dupla";"Reta";"Não";1;0;0;0;1;0;0;1;-7,2789;-35,7591;"SPRF-PB";"DEL02-PB";"UOP01-DEL02-PB"
530711;2023-06-20;"terça-feira";"17:00:00";"RN";304;29;"MOSSORO";"Acessar a via sem observar a presença dos outros veículos";"Colisão transversal";"Com Vítimas Feridas";"Pleno dia";"Crescente";"Céu Claro";"Dupla";"Reta";"Sim";2;0;1;0;1;0;1;2;-5,10820698;-37,33904209;"SPRF-RN";"DEL04-RN";"UOP02-DEL04-RN"