"id";"data_inversa";"dia_semana";"horario";"uf";"br";"km";"municipio";"causa_acidente";"tipo_acidente";"classificacao_acidente";"fase_dia";"sentido_via";"condicao_metereologica";"tipo_pista";"tracado_via";"uso_solo";"pessoas";"mortos";"feridos_leves";"feridos_graves";"ilesos";"ignorados";"feridos";"veiculos";"latitude";"longitude";"regional";"delegacia";"uop"
530828;2023-06-21;"quarta-feira";"08:30:00";"PR";376;175,2;"MARINGA";"Transitar na contramão";"Colisão transversal";"Com Vítimas Feridas";"Pleno dia";"Decrescente";"Céu Claro";"Dupla";"Reta";"Sim";2;0;1;0;1;0;1;2;-23,4113569;-51,9407767;"SPRF-PR";"DEL09-PR";"UOP01-DEL09-PR"
530834;2023-06-21;"quarta-feira";"08:55:00";"PR";376;178;"MARINGA";"Reação tardia ou ineficiente do condutor";"Colisão traseira";"Com Vítimas Feridas";"Pleno dia";"Crescente";"Céu Claro";"Múltipla";"Interseção de Vias";"Sim";4;0;1;0;3;0;1;2;-23,41737591;-51,91869378;"SPRF-PR";"DEL09-PR";"UOP01-DEL09-PR"
530836;2023-06-21;"quarta-feira";"07:40:00";"SC";101;131;"BALNEARIO CAMBORIU";"Demais falhas mecânicas ou elétricas";"Queda de ocupante de veículo";"Com Vítimas Feridas";"Pleno dia";"Decrescente";"Céu Claro";"Dupla";"Reta";"Não";2;0;1;0;1;0;1;1;-26,99064209;-48,66310912;"SPRF-SC";"DEL04-SC";"UOP03-DEL04-SC"
530837;2023-06-17;"sábado";"22:30:00";"GO";364;156;"JATAI";"Ingestão de álcool pelo condutor";"Colisão com objeto";"Sem Vítimas";"Plena Noite";"Crescente";"Céu Claro";"Simples";"Reta";"Não";2;0;0;0;2;0;0;1;-18,124796;-51,467304;"SPRF-GO";"DEL05-GO";"UOP02-DEL05-GO"
530838;2023-06-21;"quarta-feira";"06:04:00";"GO";20;55,5;"FORMOSA";"Condutor deixou de manter distância do veículo da frente";"Colisão traseira";"Com Vítimas Feridas";"Amanhecer";"Crescente";"Céu Claro";"Simples";"Reta;Declive";"Não";2;0;1;0;0;1;1;2;-15,213036;-47,157516;"SPRF-DF";"DEL02-DF";"UOP02-DEL02-DF"
530839;2023-06-21;"quarta-feira";"07:00:00";"RJ";101;319;"SAO GONCALO";"Trafegar com motocicleta (ou similar) entre as faixas";"Colisão traseira";"Com Vítimas Feridas";"Pleno dia";"Crescente";"Céu Claro";"Múltipla";"Reta";"Sim";2;0;1;0;1;0;1;2;-22,85411774;-43,1018014;"SPRF-RJ";"DEL02-RJ";"UOP02-DEL02-RJ"
530840;2023-06-21;"quarta-feira";"10:00:00";"PB";230;152;"CAMPINA GRANDE";"Acessar a via sem observar a presença dos outros veículos";"Colisão traseira";"Sem Vítimas";"Pleno dia";"Crescente";"Chuva";"Simples";"Interseção de Vias";"Sim";2;0;0;0;2;0;0;2;-7,2688;-35,8837;"SPRF-PB";"DEL02-PB";"UOP01-DEL02-PB"
530841;2023-06-21;"quarta-feira";"10:20:00";"RS";472;577;"URUGUAIANA";"Acessar a via sem observar a presença dos outros veículos";"Colisão traseira";"Com Vítimas Feridas";"Pleno dia";"Decrescente";"Chuva";"Simples";"Curva;Interseção de Vias;Rotatória";"Sim";2;0;1;0;1;0;1;2;-29,78030475;-57,06375432;"SPRF-RS";"DEL13-RS";"UOP01-DEL13-RS"
530842;2023-06-21;"quarta-feira";"09:25:00";"MG";262;118;"RIO CASCA";"Desrespeitar a preferência no cruzamento";"Colisão transversal";"Com Vítimas Feridas";"Pleno dia";"Decrescente";"Céu Claro";"Simples";"Reta;Retorno Regulamentado";"Sim";2;0;1;0;1;0;1;2;-20,22994826;-42,63698814;"SPRF-MG";"DEL03-MG";"UOP03-DEL03-MG"
530843;2023-04-21;"sexta-feira";"04:25:00";"BA";242;590;"IBOTIRAMA";"Deficiência do Sistema de Iluminação/Sinalização";"Colisão traseira";"Com Vítimas Feridas";"Amanhecer";"Crescente";"Nublado";"Simples";"Reta;Viaduto";"Não";3;0;1;1;1;0;2;3;-12,17565655;-43,25318907;"SPRF-BA";"DEL10-BA";"UOP02-DEL10-BA"
530844;2023-06-21;"quarta-feira";"07:00:00";"RS";285;569;"SAO LUIZ GONZAGA";"Acessar a via sem observar a presença dos outros veículos";"Colisão transversal";"Com Vítimas Feridas";"Amanhecer";"Crescente";"Garoa/Chuvisco";"Simples";"Reta";"Sim";2;0;1;0;1;0;1;2;-28,413052;-54,985699;"SPRF-RS";"DEL12-RS";"UOP01-DEL12-RS"
530846;2023-06-21;"quarta-feira";"07:46:00";"SC";280;70,5;"JARAGUA DO SUL";"Desrespeitar a preferência no cruzamento";"Colisão lateral sentido oposto";"Com Vítimas Feridas";"Pleno dia";"Crescente";"Sol";"Simples";"Reta";"Sim";2;0;1;0;1;0;1;2;-26,46522052;-49,12675918;"SPRF-SC";"DEL03-SC";"UOP03-DEL03-SC"
530847;2023-06-21;"quarta-feira";"08:51:00";"TO";153;496;"PARAISO DO TOCANTINS";"Desrespeitar a preferência no cruzamento";"Colisão frontal";"Com Vítimas Feridas";"Pleno dia";"Crescente";"Céu Claro";"Simples";"Reta;Interseção de Vias";"Sim";2;0;1;0;1;0;1;2;-10,16527794;-48,88094578;"SPRF-TO";"DEL01-TO";"UOP01-DEL01-TO"
530849;2023-06-21;"quarta-feira";"10:40:00";"BA";324;574;"SAO SEBASTIAO DO PASSE";"Reação tardia ou ineficiente do condutor";"Colisão traseira";"Sem Vítimas";"Pleno dia";"Decrescente";"Garoa/Chuvisco";"Dupla";"Reta;Declive";"Não";2;0;0;0;2;0;0;2;-12,56758892;-38,55238794;"SPRF-BA";"DEL01-BA";"UOP01-DEL01-BA"
530850;2023-06-21;"quarta-feira";"10:05:00";"RJ";116;118;"MAGE";"Acumulo de água sobre o pavimento";"Tombamento";"Com Vítimas Feridas";"Pleno dia";"Decrescente";"Céu Claro";"Múltipla";"Curva;Declive";"Não";1;0;1;0;0;0;1;1;-22,61298536;-43,03289327;"SPRF-RJ";"DEL04-RJ";"UOP02-DEL04-RJ"
530852;2023-06-21;"quarta-feira";"07:40:00";"BA";324;570;"SAO SEBASTIAO DO PASSE";"Condutor deixou de manter distância do veículo da frente";"Colisão traseira";"Com Vítimas Feridas";"Pleno dia";"Decrescente";"Nublado";"Dupla";"Reta";"Não";2;0;2;0;0;0;2;2;-12,54603889;-38,58142792;"SPRF-BA";"DEL01-BA";"UOP01-DEL01-BA"
530854;2023-06-21;"quarta-feira";"12:10:00";"MG";116;574,8;"MANHUACU";"Ausência de reação do condutor";"Colisão com objeto";"Com Vítimas Feridas";"Pleno dia";"Decrescente";"Céu Claro";"Simples";"Curva";"Não";1;0;0;1;0;0;1;1;-20,152505;-42,185164;"SPRF-MG";"DEL06-MG";"UOP03-DEL06-MG"
530855;2023-06-21;"quarta-feira";"11:00:00";"MS";60;592,9;"JARDIM";"Conversão proibida";"Colisão transversal";"Com Vítimas Feridas";"Pleno dia";"Crescente";"Céu Claro";"Simples";"Interseção de Vias";"Sim";2;0;1;0;1;0;1;2;-21,48196992;-56,14179005;"SPRF-MS";"DEL05-MS";"UOP01-DEL05-MS"
530856;2023-06-21;"quarta-feira";"10:20:00";"RO";364;16;"VILHENA";"Condutor deixou de manter distância do veículo da frente";"Colisão traseira";"Sem Vítimas";"Pleno dia";"Crescente";"Sol";"Simples";"Declive";"Não";3;0;0;0;3;0;0;2;-12,73437947;-60,15696986;"SPRF-RO";"DEL04-RO";"UOP01-DEL04-RO"
530858;2023-06-21;"quarta-feira";"12:40:00";"RS";116;247;"SAO LEOPOLDO";"Reação tardia ou ineficiente do condutor";"Tombamento";"Com Vítimas Feridas";"Pleno dia";"Decrescente";"Chuva";"Dupla";"Reta";"Sim";1;0;1;0;0;0;1;1;-29,76733091;-51,1535296;"SPRF-RS";"DEL01-RS";"UOP02-DEL01-RS"
530864;2023-06-21;"quarta-feira";"12:50:00";"RJ";101;427;"MANGARATIBA";"Retorno proibido";"Colisão transversal";"Sem Vítimas";"Pleno dia";"Crescente";"Céu Claro";"Simples";"Reta";"Sim";2;0;0;0;2;0;0;2;-22,935292;-43,99726;"SPRF-RJ";"DEL03-RJ";"UOP02-DEL03-RJ"
530865;2023-06-21;"quarta-feira";"12:20:00";"MT";70;509;"CUIABA";"Demais falhas mecânicas ou elétricas";"Queda de ocupante de veículo";"Com Vítimas Feridas";"Pleno dia";"Crescente";"Céu Claro";"Simples";"Curva";"Não";2;0;2;0;0;0;2;1;-15,65051022;-55,99823809;"SPRF-MT";"DEL01-MT";"UOP02-DEL01-MT"
530866;2023-06-21;"quarta-feira";"05:50:00";"BA";116;527;"ITATIM";"Afundamento ou ondulação no pavimento";"Queda de ocupante de veículo";"Com Vítimas Feridas";"Pleno dia";"Crescente";"Sol";"Simples";"Reta";"Não";1;0;1;0;0;0;1;1;-12,71200819;-39,73679991;"SPRF-BA";"DEL03-BA";"UOP02-DEL03-BA"
530868;2023-06-21;"quarta-feira";"08:00:00";"MS";60;502,8;"MARACAJU";"Velocidade Incompatível";"Saída de leito carroçável";"Sem Vítimas";"Pleno dia";"Crescente";"Céu Claro";"Simples";"Rotatória";"Não";1;0;0;0;0;1;0;1;-21,215427;-55,528361;"SPRF-MS";"DEL01-MS";"UOP04-DEL01-MS"
530870;2023-06-10;"sábado";"08:00:00";"SC";101;208,6;"SAO JOSE";"Ausência de reação do condutor";"Colisão traseira";"Com Vítimas Fatais";"Pleno dia";"Decrescente";"Céu Claro";"Múltipla";"Reta";"Sim";4;1;0;1;1;1;1;3;-27,6072655;-48,636012;"SPRF-SC";"DEL01-SC";"UOP01-DEL01-SC"
530871;2023-06-21;"quarta-feira";"14:00:00";"ES";101;265,9;"SERRA";"Condutor deixou de manter distância do veículo da frente";"Colisão traseira";"Com Vítimas Feridas";"Pleno dia";"Crescente";"Céu Claro";"Dupla";"Reta";"Sim";2;0;1;0;1;0;1;2;-20,1816849;-40,26536036;"SPRF-ES";"DEL02-ES";"UOP01-DEL02-ES"
530873;2023-06-21;"quarta-feira";"09:15:00";"MG";116;607,7;"SAO JOAO DO MANHUACU";"Pedestre cruzava a pista fora da faixa";"Atropelamento de Pedestre";"Com Vítimas Feridas";"Pleno dia";"Decrescente";"Céu Claro";"Simples";"Curva;Aclive";"Não";2;0;0;1;1;0;1;2;-20,40577692;-42,15194464;"SPRF-MG";"DEL06-MG";"UOP03-DEL06-MG"
530874;2023-06-01;"quinta-feira";"11:00:00";"RJ";116;175;"SAO JOAO DE MERITI";"Transitar no Acostamento";"Queda de ocupante de veículo";"Com Vítimas Feridas";"Pleno dia";"Crescente";"Ignorado";"Múltipla";"Reta";"Sim";1;0;1;0;0;0;1;1;-22,78923555;-43,37275272;"SPRF-RJ";"DEL01-RJ";"UOP02-DEL01-RJ"
530875;2023-06-21;"quarta-feira";"12:50:00";"BA";235;349;"JUAZEIRO";"Ingestão de álcool pelo condutor";"Colisão traseira";"Sem Vítimas";"Pleno dia";"Crescente";"Nublado";"Dupla";"Reta";"Sim";2;0;0;0;2;0;0;2;-9,45139014;-40,48411489;"SPRF-PE";"DEL06-PE";"UOP01-DEL06-PE"
530876;2023-06-21;"quarta-feira";"12:55:00";"RO";364;15;"VILHENA";"Desrespeitar a preferência no cruzamento";"Colisão transversal";"Com Vítimas Feridas";"Pleno dia";"Crescente";"Céu Claro";"Simples";"Interseção de Vias";"Sim";2;0;0;1;1;0;1;2;-12,73672751;-60,14804088;"SPRF-RO";"DEL04-RO";"UOP01-DEL04-RO"
530877;2023-06-21;"quarta-feira";"07:00:00";"SP";116;144;"SAO JOSE DOS CAMPOS";"Reação tardia ou ineficiente do condutor";"Colisão traseira";"Com Vítimas Feridas";"Pleno dia";"Decrescente";"Céu Claro";"Múltipla";"Declive;Reta";"Não";3;0;1;0;2;0;1;3;-23,18274416;-45,84633592;"SPRF-SP";"DEL02-SP";"UOP01-DEL02-SP"
530879;2023-06-21;"quarta-feira";"15:00:00";"SC";101;200;"SAO JOSE";"Manobra de mudança de faixa";"Colisão lateral mesmo sentido";"Com Vítimas Feridas";"Pleno dia";"Crescente";"Céu Claro";"Múltipla";"Reta";"Sim";2;0;1;0;1;0;1;2;-27,54018513;-48,62287714;"SPRF-SC";"DEL01-SC";"UOP01-DEL01-SC"
530880;2023-06-21;"quarta-feira";"14:10:00";"SP";116;448;"REGISTRO";"Acessar a via sem observar a presença dos outros veículos";"Colisão transversal";"Sem Vítimas";"Pleno dia";"Decrescente";"Céu Claro";"Dupla";"Interseção de Vias;Reta";"Sim";2;0;0;0;2;0;0;2;-24,52099699;-47,85336602;"SPRF-SP";"DEL05-SP";"UOP01-DEL05-SP"
530881;2023-05-28;"domingo";"12:00:00";"PR";277;3;"PARANAGUA";"Acessar a via sem observar a presença dos outros veículos";"Colisão transversal";"Com Vítimas Feridas";"Pleno dia";"Crescente";"Ignorado";"Simples";"Reta";"Sim";2;0;1;0;1;0;1;2;-25,53895365;-48,55790198;"SPRF-PR";"DEL01-PR";"UOP05-DEL01-PR"
530885;2023-06-21;"quarta-feira";"15:30:00";"ES";101;270;"SERRA";"Reação tardia ou ineficiente do condutor";"Colisão traseira";"Com Vítimas Feridas";"Pleno dia";"Crescente";"Nublado";"Dupla";"Interseção de Vias";"Não";3;0;1;0;2;0;1;3;-20,20842;-40,269405;"SPRF-ES";"DEL02-ES";"UOP01-DEL02-ES"
530888;2023-06-21;"quarta-feira";"11:10:00";"MG";381;595,7;"CARMOPOLIS DE MINAS";"Reação tardia ou ineficiente do condutor";"Capotamento";"Com Vítimas Feridas";"Pleno dia";"Decrescente";"Sol";"Dupla";"Curva";"Não";2;0;1;0;1;0;1;1;-20,56177165;-44,66480541;"SPRF-MG";"DEL04-MG";"UOP01-DEL04-MG"
530890;2023-06-21;"quarta-feira";"13:44:00";"AC";364;124,8;"RIO BRANCO";"Acessar a via sem observar a presença dos outros veículos";"Colisão transversal";"Com Vítimas Feridas";"Pleno dia";"Crescente";"Céu Claro";"Dupla";"Rotatória";"Sim";2;0;1;0;1;0;1;2;-10,01183373;-67,79852986;"SPRF-AC";"DEL01-AC";"UOP01-DEL01-AC"
530892;2023-06-19;"segunda-feira";"18:30:00";"BA";116;420,6;"FEIRA DE SANTANA";"Reação tardia ou ineficiente do condutor";"Colisão traseira";"Com Vítimas Feridas";"Plena Noite";"Decrescente";"Chuva";"Dupla";"Reta";"Não";2;0;1;0;1;0;1;2;-12,21399703;-38,96551394;"SPRF-BA";"DEL02-BA";"UOP01-DEL02-BA"
530893;2023-05-20;"sábado";"20:30:00";"MT";70;7;"BARRA DO GARCAS";"Ausência de reação do condutor";"Colisão frontal";"Com Vítimas Feridas";"Plena Noite";"Crescente";"Céu Claro";"Simples";"Reta;Aclive";"Sim";1;0;0;1;0;0;1;1;-15,878143;-52,316788;"SPRF-MT";"DEL07-MT";"UOP01-DEL07-MT"
530896;2023-06-21;"quarta-feira";"17:05:00";"RS";392;73,9;"PELOTAS";"Acessar a via sem observar a presença dos outros veículos";"Colisão transversal";"Com Vítimas Feridas";"Pleno dia";"Crescente";"Chuva";"Simples";"Reta";"Sim";4;0;3;1;0;0;4;2;-31,71342679;-52,39537975;"SPRF-RS";"DEL07-RS";"UOP01-DEL07-RS"
530899;2023-06-21;"quarta-feira";"16:40:00";"SC";470;70,5;"INDAIAL";"Trafegar com motocicleta (ou similar) entre as faixas";"Colisão transversal";"Com Vítimas Feridas";"Pleno dia";"Decrescente";"Nublado";"Simples";"Interseção de Vias;Reta;Em Obras";"Sim";2;0;1;0;1;0;1;2;-26,889374;-49,254478;"SPRF-SC";"DEL04-SC";"UOP01-DEL04-SC"
530900;2023-06-21;"quarta-feira";"17:00:00";"SC";101;205,7;"SAO JOSE";"Manobra de mudança de faixa";"Colisão lateral mesmo sentido";"Com Vítimas Feridas";"Anoitecer";"Crescente";"Céu Claro";"Dupla";"Reta";"Sim";1;0;1;0;0;0;1;1;-27,58313237;-48,61532885;"SPRF-SC";"DEL01-SC";"UOP01-DEL01-SC"
530902;2023-06-21;"quarta-feira";"15:55:00";"MT";163;687;"LUCAS DO RIO VERDE";"Acessar a via sem observar a presença dos outros veículos";"Colisão transversal";"Com Vítimas Feridas";"Pleno dia";"Crescente";"Céu Claro";"Simples";"Retorno Regulamentado";"Sim";2;0;1;0;1;0;1;2;-13,18354788;-55,98612126;"SPRF-MT";"DEL06-MT";"UOP01-DEL06-MT"
530903;2023-06-21;"quarta-feira";"17:40:00";"SP";153;256;"MARILIA";"Acumulo de areia ou detritos sobre o pavimento";"Queda de ocupante de veículo";"Com Vítimas Feridas";"Anoitecer";"Decrescente";"Céu Claro";"Dupla";"Reta";"Sim";1;0;1;0;0;0;1;1;-22,231552;-49,91968;"SPRF-SP";"DEL07-SP";"UOP02-DEL07-SP"
530907;2023-06-21;"quarta-feira";"17:10:00";"SP";381;3,1;"VARGEM";"Ausência de reação do condutor";"Capotamento";"Com Vítimas Feridas";"Anoitecer";"Crescente";"Céu Claro";"Dupla";"Reta";"Não";1;0;1;0;0;0;1;1;-22,87841483;-46,39917107;"SPRF-SP";"DEL03-SP";"UOP02-DEL03-SP"
530908;2023-06-21;"quarta-feira";"12:20:00";"RJ";465;21;"NOVA IGUACU";"Acessar a via sem observar a presença dos outros veículos";"Colisão transversal";"Com Vítimas Feridas";"Pleno dia";"Decrescente";"Sol";"Simples";"Reta";"Sim";2;0;1;0;1;0;1;2;-22,854782;-43,601933;"SPRF-RJ";"DEL03-RJ";"UOP01-DEL03-RJ"
530909;2023-06-21;"quarta-feira";"17:40:00";"RS";470;224;"GARIBALDI";"Ingestão de álcool pelo condutor";"Engavetamento";"Sem Vítimas";"Plena Noite";"Crescente";"Chuva";"Dupla";"Aclive;Reta";"Não";5;0;0;0;5;0;0;3;-29,21351804;-51,51780626;"SPRF-RS";"DEL06-RS";"UOP01-DEL06-RS"
530910;2023-06-21;"quarta-feira";"16:10:00";"MG";381;288;"ANTONIO DIAS";"Velocidade Incompatível";"Colisão traseira";"Sem Vítimas";"Pleno dia";"Decrescente";"Céu Claro";"Simples";"Em Obras;Túnel;Reta;Desvio Temporário";"Não";2;0;0;0;1;1;0;2;-19,63905081;-42,81290207;"SPRF-MG";"DEL03-MG";"UOP02-DEL03-MG"
530912;2023-03-17;"sexta-feira";"17:50:00";"BA";324;614;"SALVADOR";"Condutor deixou de manter distância do veículo da frente";"Colisão traseira";"Com Vítimas Feridas";"Anoitecer";"Crescente";"Céu Claro";"Dupla";"Reta";"Não";3;0;1;0;1;1;1;2;-12,87451417;-38,42797369;"SPRF-BA";"DEL01-BA";"UOP01-DEL01-BA"
530913;2023-06-21;"quarta-feira";"18:22:00";"PR";277;723;"FOZ DO IGUACU";"Desrespeitar a preferência no cruzamento";"Colisão transversal";"Com Vítimas Feridas";"Plena Noite";"Crescente";"Garoa/Chuvisco";"Dupla";"Interseção de Vias";"Não";3;0;2;0;1;0;2;2;-25,49878215;-54,52985294;"SPRF-PR";"DEL05-PR";"UOP03-DEL05-PR"
530915;2023-06-21;"quarta-feira";"17:00:00";"PR";163;340;"GUAIRA";"Acessar a via sem observar a presença dos outros veículos";"Colisão transversal";"Com Vítimas Feridas";"Anoitecer";"Decrescente";"Garoa/Chuvisco";"Simples";"Reta";"Não";2;0;1;0;1;0;1;2;-24,11360701;-54,2393142;"SPRF-PR";"DEL06-PR";"UOP01-DEL06-PR"
530916;2023-06-21;"quarta-feira";"16:30:00";"PI";343;319,4;"ALTOS";"Avarias e/ou desgaste excessivo no pneu";"Saída de leito carroçável";"Com Vítimas Feridas";"Pleno dia";"Decrescente";"Céu Claro";"Simples";"Reta";"Não";2;0;0;1;1;0;1;1;-5,048245;-42,560604;"SPRF-PI";"DEL01-PI";"UOP01-DEL01-PI"
530917;2023-06-21;"quarta-feira";"12:00:00";"MS";60;545;"NIOAQUE";"Manobra de mudança de faixa";"Colisão lateral mesmo sentido";"Com Vítimas Feridas";"Pleno dia";"Crescente";"Céu Claro";"Múltipla";"Reta;Rotatória";"Não";2;0;1;0;1;0;1;2;-21,16969019;-55,86303781;"SPRF-MS";"DEL05-MS";"UOP01-DEL05-MS"
530918;2023-06-21;"quarta-feira";"18:20:00";"SC";101;134;"BALNEARIO CAMBORIU";"Trafegar com motocicleta (ou similar) entre as faixas";"Colisão frontal";"Com Vítimas Feridas";"Anoitecer";"Crescente";"Céu Claro";"Simples";"Curva;Interseção de Vias";"Sim";3;0;2;0;1;0;2;2;-27,00218;-48,636433;"SPRF-SC";"DEL04-SC";"UOP03-DEL04-SC"
530919;2023-06-21;"quarta-feira";"17:10:00";"SC";101;133;"BALNEARIO CAMBORIU";"Manobra de mudança de faixa";"Colisão lateral mesmo sentido";"Com Vítimas Feridas";"Anoitecer";"Decrescente";"Nublado";"Múltipla";"Reta";"Sim";2;0;1;0;1;0;1;2;-26,99936;-48,64609;"SPRF-SC";"DEL04-SC";"UOP03-DEL04-SC"
530920;2023-06-21;"quarta-feira";"18:13:00";"RS";472;582;"URUGUAIANA";"Animais na Pista";"Saída de leito carroçável";"Com Vítimas Feridas";"Plena Noite";"Crescente";"Garoa/Chuvisco";"Simples";"Reta";"Não";1;0;1;0;0;0;1;1;-29,81105895;-57,09563112;"SPRF-RS";"DEL13-RS";"UOP01-DEL13-RS"
530921;2023-06-21;"quarta-feira";"18:45:00";"PR";163;86,6;"CAPANEMA";"Conversão proibida";"Tombamento";"Com Vítimas Feridas";"Plena Noite";"Decrescente";"Garoa/Chuvisco";"Simples";"Reta";"Sim";4;0;3;0;0;1;3;3;-25,716186;-53,77784798;"SPRF-PR";"DEL02-PR";"UOP02-DEL02-PR"
530922;2023-06-21;"quarta-feira";"18:00:00";"PE";428;185;"PETROLINA";"Chuva";"Colisão traseira";"Sem Vítimas";"Plena Noite";"Crescente";"Nublado";"Dupla";"Retorno Regulamentado";"Sim";2;0;0;0;2;0;0;2;-9,35731389;-40,47912598;"SPRF-PE";"DEL06-PE";"UOP01-DEL06-PE"
530923;2023-06-21;"quarta-feira";"18:30:00";"SC";101;332;"TUBARAO";"Acessar a via sem observar a presença dos outros veículos";"Colisão lateral mesmo sentido";"Com Vítimas Feridas";"Plena Noite";"Crescente";"Céu Claro";"Dupla";"Interseção de Vias";"Sim";2;0;1;0;1;0;1;2;-28,46016431;-48,98968873;"SPRF-SC";"DEL02-SC";"UOP01-DEL02-SC"
530924;2023-06-21;"quarta-feira";"18:40:00";"BA";324;493;"FEIRA DE SANTANA";"Ausência de reação do condutor";"Queda de ocupante de veículo";"Com Vítimas Feridas";"Plena Noite";"Decrescente";"Nublado";"Simples";"Reta";"Sim";2;0;1;0;1;0;1;1;-12,06146961;-38,97143896;"SPRF-BA";"DEL02-BA";"UOP01-DEL02-BA"
530925;2023-06-21;"quarta-feira";"19:30:00";"MG";365;46,5;"CLARO DOS POCOES";"Ausência de reação do condutor";"Saída de leito carroçável";"Com Vítimas Feridas";"Plena Noite";"Crescente";"Céu Claro";"Simples";"Reta;Declive";"Não";4;0;2;2;0;0;4;1;-16,91989891;-44,21461213;"SPRF-MG";"DEL12-MG";"UOP01-DEL12-MG"
530926;2023-06-21;"quarta-feira";"20:00:00";"DF";40;2;"BRASILIA";"Reação tardia ou ineficiente do condutor";"Engavetamento";"Com Vítimas Feridas";"Plena Noite";"Crescente";"Céu Claro";"Dupla";"Reta";"Sim";5;0;4;0;1;0;4;3;-15,99435;-47,985947;"SPRF-DF";"DEL01-DF";"UOP01-DEL01-DF"
530929;2023-06-21;"quarta-feira";"17:25:00";"AC";364;131,1;"RIO BRANCO";"Conversão proibida";"Colisão transversal";"Com Vítimas Feridas";"Anoitecer";"Crescente";"Céu Claro";"Simples";"Reta";"Sim";2;0;2;0;0;0;2;2;-10,014762;-67,840913;"SPRF-AC";"DEL01-AC";"UOP01-DEL01-AC"
530930;2023-06-21;"quarta-feira";"20:00:00";"RS";386;410;"TRIUNFO";"Acumulo de água sobre o pavimento";"Colisão frontal";"Com Vítimas Feridas";"Plena Noite";"Decrescente";"Chuva";"Dupla";"Curva;Rotatória;Declive";"Não";2;0;2;0;0;0;2;2;-29,80394;-51,509174;"SPRF-RS";"DEL04-RS";"UOP02-DEL04-RS"
530931;2023-06-21;"quarta-feira";"20:00:00";"SP";116;116;"TAUBATE";"Ausência de reação do condutor";"Engavetamento";"Com Vítimas Feridas";"Plena Noite";"Crescente";"Céu Claro";"Dupla";"Reta";"Sim";4;0;2;0;2;0;2;3;-23,0582298;-45,6176951;"SPRF-SP";"DEL02-SP";"UOP02-DEL02-SP"
530933;2023-06-21;"quarta-feira";"19:05:00";"SC";101;251;"PAULO LOPES";"Desrespeitar a preferência no cruzamento";"Colisão frontal";"Com Vítimas Feridas";"Plena Noite";"Decrescente";"Céu Claro";"Simples";"Aclive;Reta";"Sim";2;0;1;0;1;0;1;2;-27,9490242;-48,67206568;"SPRF-SC";"DEL02-SC";"UOP03-DEL02-SC"
530936;2023-06-21;"quarta-feira";"19:35:00";"SP";116;98,7;"PINDAMONHANGABA";"Ingestão de álcool pelo condutor";"Colisão com objeto";"Sem Vítimas";"Plena Noite";"Crescente";"Céu Claro";"Simples";"Curva;Aclive";"Não";1;0;0;0;1;0;0;1;-22,98026363;-45,46149015;"SPRF-SP";"DEL08-SP";"UOP01-DEL08-SP"
530937;2023-06-21;"quarta-feira";"19:50:00";"RN";110;23,8;"MOSSORO";"Acessar a via sem observar a presença dos outros veículos";"Atropelamento de Pedestre";"Com Vítimas Feridas";"Plena Noite";"Decrescente";"Céu Claro";"Simples";"Reta";"Não";2;0;1;1;0;0;2;2;-5,07485833;-37,17416268;"SPRF-RN";"DEL04-RN";"UOP01-DEL04-RN"
530938;2023-06-21;"quarta-feira";"19:43:00";"MG";381;847;"POUSO ALEGRE";"Demais falhas mecânicas ou elétricas";"Queda de ocupante de veículo";"Com Vítimas Feridas";"Plena Noite";"Decrescente";"Céu Claro";"Dupla";"Reta";"Não";2;0;2;0;0;0;2;1;-22,25237299;-45,88779304;"SPRF-MG";"DEL16-MG";"UOP01-DEL16-MG"
530939;2023-06-21;"quarta-feira";"20:00:00";"SC";101;132;"BALNEARIO CAMBORIU";"Acessar a via sem observar a presença dos outros veículos";"Colisão transversal";"Com Vítimas Feridas";"Plena Noite";"Decrescente";"Nublado";"Múltipla";"Reta";"Sim";2;0;1;0;1;0;1;2;-26,99654133;-48,65564711;"SPRF-SC";"DEL04-SC";"UOP03-DEL04-SC"
530940;2023-06-21;"quarta-feira";"19:50:00";"PE";232;68;"GRAVATA";"Demais falhas mecânicas ou elétricas";"Incêndio";"Sem Vítimas";"Plena Noite";"Crescente";"Nublado";"Dupla";"Aclive;Reta";"Não";2;0;0;0;2;0;0;1;-8,16728938;-35,47308397;"SPRF-PE";"DEL02-PE";"UOP02-DEL02PE"
530942;2023-06-21;"quarta-feira";"19:00:00";"SC";470;162;"TROMBUDO CENTRAL";"Retorno proibido";"Colisão transversal";"Com Vítimas Feridas";"Plena Noite";"Crescente";"Nublado";"Simples";"Reta";"Não";3;0;2;1;0;0;3;2;-27,282606;-49,817101;"SPRF-SC";"DEL04-SC";"UOP02-DEL04-SC"
530948;2023-06-21;"quarta-feira";"18:50:00";"MG";40;241;"SAO GONCALO DO ABAETE";"Ingestão de álcool pelo condutor";"Saída de leito carroçável";"Com Vítimas Feridas";"Plena Noite";"Crescente";"Céu Claro";"Simples";"Reta";"Não";1;0;1;0;0;0;1;1;-18,07272926;-45,50337922;"SPRF-MG";"DEL14-MG";"UOP02-DEL14-MG"