"id";"data_inversa";"dia_semana";"horario";"uf";"br";"km";"municipio";"causa_acidente";"tipo_acidente";"classificacao_acidente";"fase_dia";"sentido_via";"condicao_metereologica";"tipo_pista";"tracado_via";"uso_solo";"pessoas";"mortos";"feridos_leves";"feridos_graves";"ilesos";"ignorados";"feridos";"veiculos";"latitude";"longitude";"regional";"delegacia";"uop"
530950;2023-06-21;"quarta-feira";"21:20:00";"RS";116;265;"CANOAS";"Pista Escorregadia";"Queda de ocupante de veículo";"Com Vítimas Feridas";"Plena Noite";"Decrescente";"Chuva";"Dupla";"Reta";"Sim";2;0;2;0;0;0;2;1;-29,92342302;-51,17780944;"SPRF-RS";"DEL01-RS";"UOP01-DEL01-RS"
530951;2023-06-21;"quarta-feira";"21:30:00";"SP";116;217;"GUARULHOS";"Ingestão de álcool pelo condutor";"Colisão com objeto";"Com Vítimas Feridas";"Plena Noite";"Crescente";"Céu Claro";"Múltipla";"Reta";"Sim";2;0;2;0;0;0;2;1;-23,45423824;-46,47119028;"SPRF-SP";"DEL01-SP";"UOP01-DEL01-SP"
530954;2023-06-21;"quarta-feira";"22:07:00";"SP";116;220;"GUARULHOS";"Ausência de reação do condutor";"Colisão com objeto";"Sem Vítimas";"Plena Noite";"Decrescente";"Céu Claro";"Múltipla";"Reta";"Sim";1;0;0;0;0;1;0;1;-23,46472809;-46,49793962;"SPRF-SP";"DEL01-SP";"UOP01-DEL01-SP"
530955;2023-06-21;"quarta-feira";"20:05:00";"RN";405;8;"MOSSORO";"Animais na Pista";"Atropelamento de Animal";"Com Vítimas Feridas";"Plena Noite";"Crescente";"Céu Claro";"Simples";"Reta";"Não";1;0;1;0;0;0;1;1;-5,19683379;-37,42471901;"SPRF-RN";"DEL04-RN";"UOP02-DEL04-RN"
530956;2023-06-21;"quarta-feira";"21:50:00";"RJ";116;311;"RESENDE";"Reação tardia ou ineficiente do condutor";"Queda de ocupante de veículo";"Com Vítimas Feridas";"Plena Noite";"Crescente";"Céu Claro";"Simples";"Curva;Declive";"Sim";2;0;1;0;1;0;1;1;-22,45975604;-44,44057505;"SPRF-RJ";"DEL07-RJ";"UOP02-DEL07-RJ"
530957;2023-06-21;"quarta-feira";"20:30:00";"MG";356;266,8;"MURIAE";"Pedestre andava na pista";"Atropelamento de Pedestre";"Com Vítimas Feridas";"Plena Noite";"Decrescente";"Nublado";"Simples";"Curva";"Sim";2;0;0;1;0;1;1;2;-21,12934115;-42,35937833;"SPRF-MG";"DEL07-MG";"UOP02-DEL07-MG"
530958;2023-06-21;"quarta-feira";"21:45:00";"PB";230;156,3;"CAMPINA GRANDE";"Animais na Pista";"Atropelamento de Animal";"Com Vítimas Feridas";"Plena Noite";"Crescente";"Céu Claro";"Simples";"Reta";"Sim";1;0;1;0;0;0;1;1;-7,2777;-35,8985;"SPRF-PB";"DEL02-PB";"UOP01-DEL02-PB"
530959;2023-06-21;"quarta-feira";"22:10:00";"GO";153;505;"APARECIDA DE GOIANIA";"Condutor deixou de manter distância do veículo da frente";"Colisão lateral mesmo sentido";"Com Vítimas Feridas";"Plena Noite";"Crescente";"Céu Claro";"Dupla";"Reta";"Sim";2;0;1;0;1;0;1;2;-16,7537;-49,2411;"SPRF-GO";"DEL01-GO";"UOP01-DEL01-GO"
530960;2023-05-24;"quarta-feira";"18:30:00";"PA";316;84;"SAO FRANCISCO DO PARA";"Transitar na contramão";"Colisão frontal";"Com Vítimas Feridas";"Anoitecer";"Decrescente";"Céu Claro";"Simples";"Reta";"Não";4;0;1;2;1;0;3;2;-1,3101929;-47,74456398;"SPRF-PA";"DEL01-PA";"UOP02-DEL01-PA"
530961;2023-04-19;"quarta-feira";"08:00:00";"GO";153;499;"GOIANIA";"Chuva";"Colisão traseira";"Com Vítimas Feridas";"Pleno dia";"Crescente";"Chuva";"Dupla";"Reta;Viaduto";"Sim";2;0;0;1;0;1;1;2;-16,7033;-49,2311;"SPRF-GO";"DEL01-GO";"UOP01-DEL01-GO"
530963;2023-06-21;"quarta-feira";"20:20:00";"RJ";101;514;"ANGRA DOS REIS";"Transitar na contramão";"Colisão frontal";"Com Vítimas Feridas";"Plena Noite";"Crescente";"Céu Claro";"Simples";"Curva";"Não";2;0;1;0;1;0;1;2;-22,98095504;-44,43629622;"SPRF-RJ";"DEL03-RJ";"UOP03-DEL03-RJ"
530964;2023-06-21;"quarta-feira";"22:25:00";"PE";101;81;"JABOATAO DOS GUARARAPES";"Acessar a via sem observar a presença dos outros veículos";"Colisão transversal";"Com Vítimas Feridas";"Plena Noite";"Crescente";"Céu Claro";"Dupla";"Reta";"Sim";2;0;2;0;0;0;2;2;-8,165969;-34,938658;"SPRF-PE";"DEL01-PE";"UOP01-DEL01-PE"
530965;2023-06-21;"quarta-feira";"22:00:00";"RS";116;243;"SAO LEOPOLDO";"Ausência de reação do condutor";"Colisão lateral mesmo sentido";"Sem Vítimas";"Plena Noite";"Decrescente";"Garoa/Chuvisco";"Simples";"Interseção de Vias;Curva;Rotatória";"Sim";5;0;0;0;5;0;0;2;-29,73196199;-51,14952004;"SPRF-RS";"DEL01-RS";"UOP02-DEL01-RS"
530966;2023-06-21;"quarta-feira";"22:35:00";"PR";469;0,5;"FOZ DO IGUACU";"Acostamento em desnível";"Tombamento";"Com Vítimas Feridas";"Plena Noite";"Decrescente";"Chuva";"Simples";"Reta";"Sim";2;0;2;0;0;0;2;1;-25,57663697;-54,55380321;"SPRF-PR";"DEL05-PR";"UOP04-DEL05-PR"
530967;2023-06-21;"quarta-feira";"23:05:00";"SP";116;282,1;"EMBU DAS ARTES";"Manobra de mudança de faixa";"Queda de ocupante de veículo";"Com Vítimas Feridas";"Plena Noite";"Crescente";"Nublado";"Dupla";"Reta";"Sim";1;0;1;0;0;0;1;1;-23,68570216;-46,85970975;"SPRF-SP";"DEL04-SP";"UOP01-DEL04-SP"
530972;2023-06-21;"quarta-feira";"23:15:00";"SP";116;52;"LORENA";"Entrada inopinada do pedestre";"Atropelamento de Pedestre";"Com Vítimas Feridas";"Plena Noite";"Crescente";"Céu Claro";"Múltipla";"Reta";"Sim";3;0;0;1;2;0;1;2;-22,74708138;-45,09973038;"SPRF-SP";"DEL08-SP";"UOP02-DEL08-SP"
530973;2023-06-22;"quinta-feira";"00:30:00";"SP";101;49,8;"UBATUBA";"Acessar a via sem observar a presença dos outros veículos";"Colisão transversal";"Com Vítimas Feridas";"Plena Noite";"Decrescente";"Céu Claro";"Simples";"Reta";"Sim";3;0;1;0;2;0;1;2;-23,44883433;-45,07883012;"SPRF-SP";"DEL06-SP";"UOP01-DEL06-SP"
530974;2023-06-21;"quarta-feira";"20:17:00";"RO";364;250;"CACOAL";"Ultrapassagem Indevida";"Colisão lateral mesmo sentido";"Com Vítimas Feridas";"Plena Noite";"Crescente";"Céu Claro";"Simples";"Reta";"Não";2;0;1;0;0;1;1;2;-11,43783259;-61,56075099;"SPRF-RO";"DEL02-RO";"UOP02-DEL02-RO"
530975;2023-06-21;"quarta-feira";"23:45:00";"RJ";116;176;"SAO JOAO DE MERITI";"Ausência de reação do condutor";"Colisão com objeto";"Sem Vítimas";"Plena Noite";"Decrescente";"Céu Claro";"Dupla";"Curva";"Sim";1;0;0;0;1;0;0;1;-22,7839538;-43,38195488;"SPRF-RJ";"DEL01-RJ";"UOP02-DEL01-RJ"
530976;2023-06-22;"quinta-feira";"00:30:00";"SC";101;192;"BIGUACU";"Chuva";"Capotamento";"Com Vítimas Feridas";"Plena Noite";"Decrescente";"Chuva";"Múltipla";"Curva";"Sim";2;0;2;0;0;0;2;1;-27,48443781;-48,64765238;"SPRF-SC";"DEL01-SC";"UOP01-DEL01-SC"
530978;2023-06-21;"quarta-feira";"23:50:00";"SC";282;383;"HERVAL DOESTE";"Ingestão de álcool e/ou substâncias psicoativas pelo pedestre";"Colisão com objeto";"Sem Vítimas";"Plena Noite";"Crescente";"Garoa/Chuvisco";"Simples";"Curva;Declive";"Não";1;0;0;0;1;0;0;1;-27,200508;-51,507919;"SPRF-SC";"DEL07-SC";"UOP05-DEL07-SC"
530979;2023-06-21;"quarta-feira";"22:25:00";"PA";10;199,1;"IPIXUNA DO PARA";"Animais na Pista";"Tombamento";"Com Vítimas Feridas";"Plena Noite";"Decrescente";"Céu Claro";"Simples";"Reta";"Não";4;0;0;4;0;0;4;1;-2,698803;-47,468802;"SPRF-PA";"DEL02-PA";"UOP01-DEL02-PA"
530981;2023-06-22;"quinta-feira";"01:10:00";"SC";282;17,3;"PALHOCA";"Ingestão de álcool pelo condutor";"Colisão com objeto";"Sem Vítimas";"Plena Noite";"Decrescente";"Garoa/Chuvisco";"Simples";"Em Obras";"Não";1;0;0;0;1;0;0;1;-27,665707;-48,688065;"SPRF-SC";"DEL01-SC";"UOP02-DEL01-SC"
530983;2023-06-21;"quarta-feira";"23:00:00";"MS";487;101;"ITAQUIRAI";"Ausência de reação do condutor";"Colisão traseira";"Com Vítimas Feridas";"Plena Noite";"Crescente";"Garoa/Chuvisco";"Simples";"Reta";"Não";2;0;0;1;0;1;1;2;-23,23566181;-54,03948603;"SPRF-MS";"DEL09-MS";"UOP01-DEL09-MS"
530984;2023-06-22;"quinta-feira";"02:10:00";"PR";277;561;"CASCAVEL";"Transitar na contramão";"Colisão frontal";"Com Vítimas Fatais";"Plena Noite";"Crescente";"Nublado";"Simples";"Reta";"Não";3;1;1;1;0;0;2;2;-25,0608774;-53,2213441;"SPRF-PR";"DEL04-PR";"UOP04-DEL04-PR"
530985;2023-06-22;"quinta-feira";"03:50:00";"RS";101;74;"OSORIO";"Ingestão de álcool pelo condutor";"Saída de leito carroçável";"Sem Vítimas";"Plena Noite";"Decrescente";"Garoa/Chuvisco";"Dupla";"Interseção de Vias;Reta";"Não";1;0;0;0;1;0;0;1;-29,78050987;-50,22493416;"SPRF-RS";"DEL03-RS";"UOP01-DEL03-RS"
530987;2023-06-21;"quarta-feira";"14:15:00";"RJ";101;297;"ITABORAI";"Demais falhas mecânicas ou elétricas";"Incêndio";"Sem Vítimas";"Pleno dia";"Decrescente";"Céu Claro";"Dupla";"Reta";"Sim";2;0;0;0;2;0;0;1;-22,76942037;-42,91873581;"SPRF-RJ";"DEL02-RJ";"UOP02-DEL02-RJ"
530988;2023-06-22;"quinta-feira";"04:20:00";"MS";60;416,5;"SIDROLANDIA";"Demais falhas mecânicas ou elétricas";"Incêndio";"Sem Vítimas";"Plena Noite";"Crescente";"Céu Claro";"Simples";"Reta";"Não";1;0;0;0;0;1;0;1;-20,89868425;-54,89451098;"SPRF-MS";"DEL01-MS";"UOP04-DEL01-MS"
530991;2023-06-22;"quinta-feira";"06:15:00";"SP";116;219;"GUARULHOS";"Trafegar com motocicleta (ou similar) entre as faixas";"Colisão traseira";"Com Vítimas Feridas";"Amanhecer";"Decrescente";"Céu Claro";"Múltipla";"Reta";"Não";3;0;2;0;1;0;2;2;-23,46143954;-46,48885316;"SPRF-SP";"DEL01-SP";"UOP01-DEL01-SP"
530992;2023-06-22;"quinta-feira";"06:20:00";"RS";290;130;"ELDORADO DO SUL";"Chuva";"Queda de ocupante de veículo";"Com Vítimas Feridas";"Amanhecer";"Decrescente";"Chuva";"Simples";"Curva;Declive";"Não";1;0;1;0;0;0;1;1;-30,058458;-51,510532;"SPRF-RS";"DEL02-RS";"UOP01-DEL02-RS"
530994;2023-06-22;"quinta-feira";"06:50:00";"ES";101;61;"SAO MATEUS";"Acumulo de areia ou detritos sobre o pavimento";"Queda de ocupante de veículo";"Com Vítimas Feridas";"Pleno dia";"Decrescente";"Nublado";"Simples";"Reta";"Sim";1;0;0;1;0;0;1;1;-18,74867298;-39,86202674;"SPRF-ES";"DEL04-ES";"UOP02-DEL04-ES"
530995;2023-06-22;"quinta-feira";"06:30:00";"GO";60;109;"GOIANAPOLIS";"Ausência de reação do condutor";"Saída de leito carroçável";"Com Vítimas Feridas";"Pleno dia";"Crescente";"Céu Claro";"Dupla";"Reta";"Não";2;0;1;1;0;0;2;1;-16,4478;-49,0224;"SPRF-GO";"DEL02-GO";"UOP01-DEL02-GO"
530997;2023-06-22;"quinta-feira";"05:10:00";"GO";60;457;"JATAI";"Ausência de sinalização";"Saída de leito carroçável";"Com Vítimas Feridas";"Amanhecer";"Decrescente";"Céu Claro";"Dupla";"Reta;Retorno Regulamentado";"Não";2;0;2;0;0;0;2;1;-17,8679;-51,5883;"SPRF-GO";"DEL05-GO";"UOP01-DEL05-GO"
530998;2023-06-22;"quinta-feira";"06:15:00";"PR";369;140;"IBIPORA";"Condutor deixou de manter distância do veículo da frente";"Colisão traseira";"Com Vítimas Feridas";"Amanhecer";"Crescente";"Céu Claro";"Dupla";"Declive;Reta";"Sim";2;0;1;0;1;0;1;2;-23,2839819;-51,0729676;"SPRF-PR";"DEL07-PR";"UOP01-DEL07-PR"
530999;2023-04-18;"terça-feira";"22:10:00";"PR";116;96;"SAO JOSE DOS PINHAIS";"Reação tardia ou ineficiente do condutor";"Queda de ocupante de veículo";"Com Vítimas Feridas";"Plena Noite";"Crescente";"Nublado";"Dupla";"Reta;Interseção de Vias";"Não";1;0;0;1;0;0;1;1;-25,504848;-49,123226;"SPRF-PR";"DEL01-PR";"UOP07-DEL01-PR"
531001;2023-06-22;"quinta-feira";"04:40:00";"MS";262;396,7;"TERENOS";"Animais na Pista";"Atropelamento de Animal";"Sem Vítimas";"Plena Noite";"Crescente";"Céu Claro";"Simples";"Reta;Declive";"Não";1;0;0;0;1;0;0;1;-20,423304;-54,986791;"SPRF-MS";"DEL01-MS";"UOP03-DEL01-MS"
531004;2023-06-22;"quinta-feira";"06:00:00";"RJ";356;14,9;"ITAPERUNA";"Objeto estático sobre o leito carroçável";"Colisão com objeto";"Com Vítimas Fatais";"Amanhecer";"Crescente";"Nevoeiro/Neblina";"Simples";"Reta";"Não";3;1;0;0;2;0;0;2;-21,17796106;-42,058029;"SPRF-RJ";"DEL08-RJ";"UOP03-DEL08-RJ"
531006;2023-06-22;"quinta-feira";"07:10:00";"PR";277;721;"FOZ DO IGUACU";"Ausência de reação do condutor";"Colisão traseira";"Sem Vítimas";"Pleno dia";"Decrescente";"Nublado";"Dupla";"Reta";"Não";2;0;0;0;2;0;0;2;-25,4911505;-54,51185421;"SPRF-PR";"DEL05-PR";"UOP03-DEL05-PR"
531009;2023-06-18;"domingo";"00:45:00";"MG";116;411,1;"GOVERNADOR VALADARES";"Manobra de mudança de faixa";"Colisão transversal";"Com Vítimas Feridas";"Plena Noite";"Crescente";"Céu Claro";"Dupla";"Reta";"Sim";2;0;0;1;0;1;1;2;-18,86244705;-41,97405237;"SPRF-MG";"DEL06-MG";"UOP01-DEL06-MG"
531011;2023-06-22;"quinta-feira";"07:30:00";"RS";116;262,1;"CANOAS";"Ausência de reação do condutor";"Engavetamento";"Com Vítimas Feridas";"Amanhecer";"Crescente";"Nublado";"Dupla";"Reta;Viaduto";"Sim";5;0;1;0;4;0;1;5;-29,897218;-51,176149;"SPRF-RS";"DEL01-RS";"UOP01-DEL01-RS"
531012;2023-06-22;"quinta-feira";"07:50:00";"RS";158;331;"SANTA MARIA";"Desrespeitar a preferência no cruzamento";"Colisão transversal";"Com Vítimas Feridas";"Pleno dia";"Crescente";"Nevoeiro/Neblina";"Dupla";"Rotatória";"Sim";4;0;0;1;1;2;1;3;-29,70438405;-53,84464597;"SPRF-RS";"DEL09-RS";"UOP01-DEL09-RS"
531013;2023-06-22;"quinta-feira";"07:50:00";"MG";40;454,7;"CAETANOPOLIS";"Condutor Dormindo";"Saída de leito carroçável";"Com Vítimas Feridas";"Pleno dia";"Crescente";"Céu Claro";"Dupla";"Curva";"Não";1;0;1;0;0;0;1;1;-19,34996189;-44,35227779;"SPRF-MG";"DEL02-MG";"UOP01-DEL02-MG"
531014;2023-06-22;"quinta-feira";"08:00:00";"SC";282;16,3;"PALHOCA";"Ausência de reação do condutor";"Colisão lateral mesmo sentido";"Com Vítimas Feridas";"Pleno dia";"Crescente";"Nublado";"Simples";"Reta";"Não";3;0;2;0;1;0;2;2;-27,658611;-48,681847;"SPRF-SC";"DEL01-SC";"UOP02-DEL01-SC"
531015;2023-06-22;"quinta-feira";"07:25:00";"SC";101;132,8;"BALNEARIO CAMBORIU";"Ausência de reação do condutor";"Tombamento";"Com Vítimas Feridas";"Pleno dia";"Crescente";"Céu Claro";"Múltipla";"Reta";"Sim";1;0;1;0;0;0;1;1;-26,99727919;-48,65402162;"SPRF-SC";"DEL04-SC";"UOP03-DEL04-SC"
531017;2023-06-22;"quinta-feira";"08:00:00";"SP";116;271,6;"TABOAO DA SERRA";"Trafegar com motocicleta (ou similar) entre as faixas";"Colisão traseira";"Com Vítimas Feridas";"Pleno dia";"Decrescente";"Céu Claro";"Dupla";"Reta";"Sim";3;0;1;0;2;0;1;3;-23,6080832;-46,7675454;"SPRF-SP";"DEL04-SP";"UOP01-DEL04-SP"
531019;2023-06-22;"quinta-feira";"08:19:00";"RN";101;151;"GOIANINHA";"Manobra de mudança de faixa";"Colisão lateral mesmo sentido";"Com Vítimas Feridas";"Pleno dia";"Decrescente";"Céu Claro";"Dupla";"Reta";"Não";2;0;1;0;1;0;1;2;-6,30228615;-35,19185327;"SPRF-RN";"DEL01-RN";"UOP01-DEL01-RN"
531021;2023-04-11;"terça-feira";"07:30:00";"PI";316;8;"TERESINA";"Avarias e/ou desgaste excessivo no pneu";"Tombamento";"Com Vítimas Feridas";"Pleno dia";"Decrescente";"Céu Claro";"Múltipla";"Reta";"Sim";2;0;2;0;0;0;2;1;-5,16483402;-42,76899508;"SPRF-PI";"DEL01-PI";"UOP02-DEL01-PI"
531024;2023-06-22;"quinta-feira";"07:40:00";"MG";153;8;"ARAPORA";"Demais falhas na via";"Saída de leito carroçável";"Com Vítimas Feridas";"Amanhecer";"Crescente";"Céu Claro";"Dupla";"Reta";"Não";2;0;1;0;1;0;1;1;-18,48778001;-49,18862284;"SPRF-MG";"DEL15-MG";"UOP03-DEL15-MG"
531025;2023-06-22;"quinta-feira";"09:25:00";"SC";101;201;"SAO JOSE";"Demais falhas mecânicas ou elétricas";"Queda de ocupante de veículo";"Com Vítimas Feridas";"Pleno dia";"Crescente";"Nublado";"Dupla";"Reta";"Sim";1;0;1;0;0;0;1;1;-27,54836599;-48,61977975;"SPRF-SC";"DEL01-SC";"UOP01-DEL01-SC"
531026;2023-06-22;"quinta-feira";"09:20:00";"BA";420;343,2;"JAGUAQUARA";"Ausência de reação do condutor";"Colisão frontal";"Com Vítimas Feridas";"Pleno dia";"Decrescente";"Céu Claro";"Simples";"Reta";"Não";2;0;0;1;1;0;1;2;-13,51059992;-40,00292492;"SPRF-BA";"DEL03-BA";"UOP01-DEL03-BA"
531027;2023-06-22;"quinta-feira";"09:43:00";"ES";101;300,9;"VIANA";"Mal súbito do condutor";"Queda de ocupante de veículo";"Com Vítimas Feridas";"Pleno dia";"Crescente";"Céu Claro";"Múltipla";"Reta";"Sim";1;0;1;0;0;0;1;1;-20,358635;-40,432167;"SPRF-ES";"DEL01-ES";"UOP01-DEL01-ES"
531028;2023-06-22;"quinta-feira";"08:05:00";"PR";376;656,9;"TIJUCAS DO SUL";"Velocidade Incompatível";"Saída de leito carroçável";"Com Vítimas Feridas";"Pleno dia";"Crescente";"Chuva";"Simples";"Curva";"Não";3;0;2;0;1;0;2;1;-25,84642894;-49,03607349;"SPRF-PR";"DEL01-PR";"UOP04-DEL01-PR"
531029;2023-06-06;"terça-feira";"16:30:00";"MT";364;494,9;"JANGADA";"Acessar a via sem observar a presença dos outros veículos";"Colisão transversal";"Com Vítimas Feridas";"Pleno dia";"Crescente";"Céu Claro";"Simples";"Interseção de Vias;Reta";"Sim";2;0;1;0;1;0;1;2;-15,236;-56,492;"SPRF-MT";"DEL01-MT";"UOP02-DEL01-MT"
531032;2023-06-22;"quinta-feira";"09:15:00";"RJ";101;65;"CAMPOS DOS GOYTACAZES";"Transitar no Acostamento";"Colisão transversal";"Com Vítimas Feridas";"Pleno dia";"Crescente";"Céu Claro";"Simples";"Interseção de Vias";"Sim";3;0;1;0;2;0;1;2;-21,754361;-41,346438;"SPRF-RJ";"DEL08-RJ";"UOP02-DEL08-RJ"
531033;2023-05-13;"sábado";"21:30:00";"SP";116;269;"TABOAO DA SERRA";"Reação tardia ou ineficiente do condutor";"Colisão traseira";"Com Vítimas Feridas";"Plena Noite";"Decrescente";"Céu Claro";"Múltipla";"Reta";"Sim";3;0;3;0;0;0;3;2;-23,61593059;-46,78826044;"SPRF-SP";"DEL04-SP";"UOP01-DEL04-SP"
531035;2023-06-22;"quinta-feira";"10:00:00";"PR";116;107,5;"SAO JOSE DOS PINHAIS";"Ausência de reação do condutor";"Saída de leito carroçável";"Sem Vítimas";"Pleno dia";"Decrescente";"Sol";"Dupla";"Reta";"Não";1;0;0;0;0;1;0;1;-25,567822;-49,23601;"SPRF-PR";"DEL01-PR";"UOP07-DEL01-PR"
531036;2023-06-22;"quinta-feira";"10:40:00";"RJ";393;279;"VOLTA REDONDA";"Acesso irregular";"Colisão transversal";"Com Vítimas Feridas";"Pleno dia";"Decrescente";"Céu Claro";"Simples";"Reta";"Sim";2;0;1;0;1;0;1;2;-22,47615736;-44,00889998;"SPRF-RJ";"DEL05-RJ";"UOP04-DEL05-RJ"
531037;2023-06-22;"quinta-feira";"10:20:00";"TO";226;54;"DARCINOPOLIS";"Ultrapassagem Indevida";"Colisão traseira";"Com Vítimas Feridas";"Pleno dia";"Decrescente";"Céu Claro";"Simples";"Reta";"Não";3;0;1;1;0;1;2;3;-6,823268;-47,82016;"SPRF-TO";"DEL02-TO";"UOP03-DEL02-TO"
531040;2023-06-22;"quinta-feira";"10:40:00";"SC";101;214,3;"PALHOCA";"Desrespeitar a preferência no cruzamento";"Colisão transversal";"Com Vítimas Feridas";"Pleno dia";"Decrescente";"Nublado";"Múltipla";"Interseção de Vias;Reta";"Sim";2;0;1;0;1;0;1;2;-27,64443;-48,67057;"SPRF-SC";"DEL01-SC";"UOP02-DEL01-SC"
531041;2023-06-22;"quinta-feira";"10:00:00";"RJ";40;124;"DUQUE DE CAXIAS";"Ausência de reação do condutor";"Colisão lateral mesmo sentido";"Com Vítimas Feridas";"Pleno dia";"Decrescente";"Sol";"Múltipla";"Reta";"Não";2;0;0;1;1;0;1;2;-22,807953;-43,289124;"SPRF-RJ";"DEL01-RJ";"UOP01-DEL01-RJ"
531042;2023-06-22;"quinta-feira";"10:50:00";"PR";277;668,5;"MEDIANEIRA";"Condutor usando celular";"Colisão traseira";"Sem Vítimas";"Pleno dia";"Crescente";"Céu Claro";"Dupla";"Reta";"Não";2;0;0;0;2;0;0;2;-25,27063805;-54,06252597;"SPRF-PR";"DEL05-PR";"UOP02-DEL05-PR"
531043;2023-06-22;"quinta-feira";"10:40:00";"MG";262;135,1;"RIO CASCA";"Retorno proibido";"Colisão transversal";"Com Vítimas Fatais";"Pleno dia";"Decrescente";"Céu Claro";"Simples";"Curva";"Não";3;1;1;0;1;0;1;2;-20,11122793;-42,69280664;"SPRF-MG";"DEL03-MG";"UOP03-DEL03-MG"
531045;2023-06-22;"quinta-feira";"09:00:00";"MG";116;408,8;"GOVERNADOR VALADARES";"Acessar a via sem observar a presença dos outros veículos";"Colisão transversal";"Com Vítimas Feridas";"Pleno dia";"Decrescente";"Nublado";"Dupla";"Interseção de Vias;Reta";"Sim";2;0;1;0;1;0;1;2;-18,84221919;-41,98289416;"SPRF-MG";"DEL06-MG";"UOP01-DEL06-MG"
531047;2023-06-22;"quinta-feira";"10:35:00";"RO";364;238;"CACOAL";"Desrespeitar a preferência no cruzamento";"Colisão transversal";"Com Vítimas Feridas";"Pleno dia";"Decrescente";"Céu Claro";"Simples";"Retorno Regulamentado;Reta";"Sim";3;0;1;1;1;0;2;2;-11,4388578;-61,45471289;"SPRF-RO";"DEL02-RO";"UOP02-DEL02-RO"
531049;2023-06-22;"quinta-feira";"12:05:00";"SC";101;199,5;"SAO JOSE";"Reação tardia ou ineficiente do condutor";"Colisão traseira";"Com Vítimas Feridas";"Pleno dia";"Crescente";"Nublado";"Múltipla";"Reta";"Sim";2;0;1;0;1;0;1;2;-27,53413705;-48,63003205;"SPRF-SC";"DEL01-SC";"UOP01-DEL01-SC"
531050;2023-06-22;"quinta-feira";"10:00:00";"MS";262;7;"TRES LAGOAS";"Acumulo de areia ou detritos sobre o pavimento";"Tombamento";"Com Vítimas Feridas";"Pleno dia";"Decrescente";"Céu Claro";"Dupla";"Reta";"Sim";1;0;0;1;0;0;1;1;-20,78948908;-51,67723385;"SPRF-MS";"DEL07-MS";"UOP01-DEL07-MS"
531052;2023-06-22;"quinta-feira";"12:03:00";"RN";226;4;"NATAL";"Ausência de reação do condutor";"Colisão traseira";"Com Vítimas Feridas";"Pleno dia";"Decrescente";"Céu Claro";"Simples";"Curva";"Sim";3;0;2;0;1;0;2;2;-5,81958019;-35,25969486;"SPRF-RN";"DEL01-RN";"UOP02-DEL01-RN"
531054;2023-06-18;"domingo";"20:42:00";"PR";376;384;"IMBAU";"Ausência de reação do condutor";"Colisão com objeto";"Sem Vítimas";"Plena Noite";"Decrescente";"Céu Claro";"Simples";"Reta";"Não";4;0;0;0;3;1;0;2;-24,48101507;-50,73617932;"SPRF-PR";"DEL03-PR";"UOP02-DEL03-PR"
531055;2023-06-22;"quinta-feira";"12:50:00";"PR";277;634;"CEU AZUL";"Reação tardia ou ineficiente do condutor";"Colisão com objeto";"Com Vítimas Feridas";"Pleno dia";"Crescente";"Céu Claro";"Simples";"Declive";"Não";1;0;1;0;0;0;1;1;-25,13216493;-53,8249287;"SPRF-PR";"DEL05-PR";"UOP02-DEL05-PR"
531057;2023-06-22;"quinta-feira";"11:45:00";"SC";470;283;"BRUNOPOLIS";"Velocidade Incompatível";"Saída de leito carroçável";"Com Vítimas Feridas";"Pleno dia";"Decrescente";"Céu Claro";"Simples";"Reta";"Não";1;0;1;0;0;0;1;1;-27,333603;-50,892273;"SPRF-SC";"DEL07-SC";"UOP06-DEL07-SC"
531058;2023-06-15;"quinta-feira";"02:30:00";"PA";316;35;"SANTA IZABEL DO PARA";"Falta de elemento de contenção que evite a saída do leito carroçável";"Saída de leito carroçável";"Com Vítimas Fatais";"Plena Noite";"Decrescente";"Céu Claro";"Dupla";"Retorno Regulamentado";"Sim";3;1;0;0;2;0;0;1;-1,29146197;-48,164561;"SPRF-PA";"DEL01-PA";"UOP01-DEL01-PA"
531059;2023-05-02;"terça-feira";"07:00:00";"PA";316;94;"SAO FRANCISCO DO PARA";"Manobra de mudança de faixa";"Colisão lateral sentido oposto";"Com Vítimas Feridas";"Pleno dia";"Crescente";"Sol";"Simples";"Aclive;Reta";"Não";8;0;2;3;3;0;5;3;-1,326459;-47,652377;"SPRF-PA";"DEL01-PA";"UOP02-DEL01-PA"
531061;2023-06-22;"quinta-feira";"12:00:00";"PR";369;43;"ANDIRA";"Condutor deixou de manter distância do veículo da frente";"Colisão traseira";"Com Vítimas Feridas";"Pleno dia";"Crescente";"Sol";"Dupla";"Reta";"Não";3;0;1;0;2;0;1;2;-23,08047017;-50,27212858;"SPRF-PR";"DEL07-PR";"UOP05-DEL07-PR"
531062;2023-06-22;"quinta-feira";"12:45:00";"RJ";101;320;"NITEROI";"Condutor deixou de manter distância do veículo da frente";"Colisão lateral mesmo sentido";"Com Vítimas Feridas";"Pleno dia";"Crescente";"Céu Claro";"Dupla";"Curva";"Sim";2;0;1;0;1;0;1;2;-22,86171098;-43,10714015;"SPRF-RJ";"DEL02-RJ";"UOP01-DEL02-RJ"
531063;2023-06-22;"quinta-feira";"09:30:00";"PR";277;206;"PALMEIRA";"Ausência de reação do condutor";"Capotamento";"Com Vítimas Feridas";"Pleno dia";"Decrescente";"Céu Claro";"Simples";"Curva";"Não";2;0;1;0;1;0;1;1;-25,46468901;-50,25988;"SPRF-PR";"DEL08-PR";"UOP02-DEL08-PR"