"id";"data_inversa";"dia_semana";"horario";"uf";"br";"km";"municipio";"causa_acidente";"tipo_acidente";"classificacao_acidente";"fase_dia";"sentido_via";"condicao_metereologica";"tipo_pista";"tracado_via";"uso_solo";"pessoas";"mortos";"feridos_leves";"feridos_graves";"ilesos";"ignorados";"feridos";"veiculos";"latitude";"longitude";"regional";"delegacia";"uop"
531504;2023-06-24;"sábado";"11:30:00";"PR";369;173;"ROLANDIA";"Retorno proibido";"Colisão transversal";"Com Vítimas Feridas";"Pleno dia";"Crescente";"Céu Claro";"Simples";"Reta";"Sim";2;0;1;0;1;0;1;2;-23,31560602;-51,37600243;"SPRF-PR";"DEL07-PR";"UOP01-DEL07-PR"
531505;2023-06-24;"sábado";"11:55:00";"RS";101;32;"TRES CACHOEIRAS";"Velocidade Incompatível";"Colisão traseira";"Sem Vítimas";"Pleno dia";"Crescente";"Sol";"Múltipla";"Reta";"Sim";3;0;0;0;3;0;0;3;-29,49813327;-49,97797541;"SPRF-RS";"DEL03-RS";"UOP02-DEL03-RS"
531506;2023-06-24;"sábado";"11:50:00";"PI";343;263,4;"CAMPO MAIOR";"Acessar a via sem observar a presença dos outros veículos";"Colisão transversal";"Com Vítimas Feridas";"Pleno dia";"Crescente";"Céu Claro";"Simples";"Reta";"Sim";2;0;0;1;1;0;1;2;-4,819326;-42,158821;"SPRF-PI";"DEL01-PI";"UOP03-DEL01-PI"
531509;2023-05-12;"sexta-feira";"06:40:00";"MG";365;624,9;"UBERLANDIA";"Reação tardia ou ineficiente do condutor";"Tombamento";"Com Vítimas Feridas";"Pleno dia";"Decrescente";"Céu Claro";"Dupla";"Curva";"Sim";1;0;0;1;0;0;1;1;-18,90814394;-48,30144525;"SPRF-MG";"DEL15-MG";"UOP01-DEL15-MG"
531510;2023-06-24;"sábado";"13:11:00";"RS";290;84,7;"PORTO ALEGRE";"Condutor deixou de manter distância do veículo da frente";"Colisão traseira";"Com Vítimas Feridas";"Pleno dia";"Decrescente";"Céu Claro";"Múltipla";"Reta";"Não";1;0;0;1;0;0;1;1;-29,96376;-51,097771;"SPRF-RS";"DEL01-RS";"UOP01-DEL01-RS"
531511;2023-06-24;"sábado";"12:55:00";"SC";101;113,8;"ITAJAI";"Reação tardia ou ineficiente do condutor";"Colisão lateral mesmo sentido";"Com Vítimas Feridas";"Pleno dia";"Decrescente";"Céu Claro";"Múltipla";"Reta";"Não";2;0;0;1;0;1;1;2;-26,85311393;-48,72689927;"SPRF-SC";"DEL04-SC";"UOP04-DEL04-SC"
531512;2023-06-24;"sábado";"12:45:00";"RJ";465;21;"NOVA IGUACU";"Ultrapassagem Indevida";"Colisão lateral mesmo sentido";"Com Vítimas Feridas";"Pleno dia";"Decrescente";"Céu Claro";"Simples";"Reta";"Sim";2;0;1;0;1;0;1;2;-22,854782;-43,601933;"SPRF-RJ";"DEL03-RJ";"UOP01-DEL03-RJ"
531514;2023-06-24;"sábado";"13:02:00";"PR";369;195;"ARAPONGAS";"Avarias e/ou desgaste excessivo no pneu";"Saída de leito carroçável";"Com Vítimas Feridas";"Pleno dia";"Crescente";"Céu Claro";"Dupla";"Reta";"Não";1;0;1;0;0;0;1;1;-23,50418157;-51,42459869;"SPRF-PR";"DEL07-PR";"UOP03-DEL07-PR"
531517;2023-06-24;"sábado";"13:10:00";"BA";30;349,6;"BRUMADO";"Ingestão de álcool pelo condutor";"Colisão com objeto";"Com Vítimas Feridas";"Pleno dia";"Crescente";"Céu Claro";"Simples";"Reta";"Não";1;0;1;0;0;0;1;1;-14,26115967;-41,79988861;"SPRF-BA";"DEL08-BA";"UOP01-DEL08-BA"
531518;2023-06-24;"sábado";"13:15:00";"AL";101;181,9;"JUNQUEIRO";"Ingestão de álcool pelo condutor";"Queda de ocupante de veículo";"Com Vítimas Feridas";"Pleno dia";"Crescente";"Nublado";"Dupla";"Curva;Aclive";"Não";1;0;1;0;0;0;1;1;-9,89535548;-36,41225988;"SPRF-AL";"DEL02-AL";"UOP02-DEL02-AL"
531520;2023-06-24;"sábado";"12:40:00";"MT";70;723,8;"CACERES";"Demais falhas mecânicas ou elétricas";"Saída de leito carroçável";"Sem Vítimas";"Pleno dia";"Crescente";"Céu Claro";"Simples";"Curva";"Não";1;0;0;0;1;0;0;1;-16,14716333;-57,643005;"SPRF-MT";"DEL03-MT";"UOP01-DEL03-MT"
531521;2023-06-24;"sábado";"12:25:00";"RJ";101;322;"NITEROI";"Reação tardia ou ineficiente do condutor";"Colisão traseira";"Com Vítimas Feridas";"Pleno dia";"Decrescente";"Céu Claro";"Múltipla";"Reta";"Não";2;0;1;0;1;0;1;2;-22,878923;-43,110676;"SPRF-RJ";"DEL02-RJ";"UOP01-DEL02-RJ"
531522;2023-06-24;"sábado";"15:00:00";"SP";381;43;"ATIBAIA";"Ausência de reação do condutor";"Queda de ocupante de veículo";"Com Vítimas Feridas";"Pleno dia";"Crescente";"Céu Claro";"Dupla";"Reta";"Sim";2;0;1;0;0;1;1;1;-23,15597105;-46,5740155;"SPRF-SP";"DEL03-SP";"UOP01-DEL03-SP"
531523;2023-06-24;"sábado";"14:05:00";"RS";386;240,2;"SOLEDADE";"Ausência de reação do condutor";"Saída de leito carroçável";"Com Vítimas Feridas";"Pleno dia";"Crescente";"Céu Claro";"Simples";"Curva";"Não";3;0;1;1;1;0;2;1;-28,769712;-52,534537;"SPRF-RS";"DEL04-RS";"UOP03-DEL04-RS"
531524;2023-06-24;"sábado";"10:50:00";"MA";135;178;"SAO MATEUS DO MARANHAO";"Manobra de mudança de faixa";"Colisão frontal";"Com Vítimas Fatais";"Pleno dia";"Decrescente";"Céu Claro";"Simples";"Reta";"Não";2;1;0;0;1;0;0;2;-4,00301408;-44,47055677;"SPRF-MA";"DEL03-MA";"UOP01-DEL03-MA"
531525;2023-06-24;"sábado";"10:30:00";"MG";40;87,7;"PARACATU";"Ingestão de álcool pelo condutor";"Saída de leito carroçável";"Com Vítimas Feridas";"Pleno dia";"Crescente";"Nublado";"Simples";"Reta";"Não";1;0;1;0;0;0;1;1;-17,48257776;-46,61903388;"SPRF-MG";"DEL14-MG";"UOP01-DEL14-MG"
531526;2023-06-24;"sábado";"14:50:00";"MG";381;930,3;"ITAPEVA";"Condutor deixou de manter distância do veículo da frente";"Colisão traseira";"Com Vítimas Feridas";"Pleno dia";"Decrescente";"Céu Claro";"Dupla";"Reta";"Não";3;0;1;1;1;0;2;2;-22,77938031;-46,23978194;"SPRF-MG";"DEL16-MG";"UOP03-DEL16-MG"
531528;2023-06-24;"sábado";"14:10:00";"MA";10;223;"GOVERNADOR EDISON LOBAO";"Acessar a via sem observar a presença dos outros veículos";"Colisão frontal";"Com Vítimas Feridas";"Pleno dia";"Crescente";"Céu Claro";"Simples";"Interseção de Vias;Reta";"Não";3;0;1;1;1;0;2;2;-5,763524;-47,359402;"SPRF-MA";"DEL04-MA";"UOP01-DEL04-MA"
531529;2023-06-24;"sábado";"15:00:00";"MG";381;510;"IGARAPE";"Frear bruscamente";"Colisão traseira";"Com Vítimas Feridas";"Pleno dia";"Decrescente";"Céu Claro";"Dupla";"Reta";"Sim";2;0;1;0;1;0;1;2;-20,07738209;-44,30434488;"SPRF-MG";"DEL04-MG";"UOP03-DEL04-MG"
531530;2023-06-24;"sábado";"15:25:00";"PR";277;77;"SAO JOSE DOS PINHAIS";"Velocidade Incompatível";"Colisão traseira";"Com Vítimas Feridas";"Pleno dia";"Crescente";"Céu Claro";"Dupla";"Reta";"Não";6;0;2;0;3;1;2;4;-25,48834957;-49,18007255;"SPRF-PR";"DEL01-PR";"UOP01-DEL01-PR"
531537;2023-06-24;"sábado";"16:00:00";"PI";343;175;"PIRIPIRI";"Demais falhas na via";"Saída de leito carroçável";"Com Vítimas Feridas";"Pleno dia";"Crescente";"Céu Claro";"Simples";"Reta";"Não";2;0;0;1;1;0;1;1;-4,202044;-41,781467;"SPRF-PI";"DEL02-PI";"UOP01-DEL02-PI"
531538;2023-06-09;"sexta-feira";"01:30:00";"RJ";116;278;"BARRA MANSA";"Manobra de mudança de faixa";"Colisão traseira";"Com Vítimas Feridas";"Plena Noite";"Decrescente";"Nublado";"Dupla";"Aclive";"Sim";3;0;3;0;0;0;3;2;-22,55271018;-44,17778004;"SPRF-RJ";"DEL07-RJ";"UOP02-DEL07-RJ"
531539;2023-06-24;"sábado";"15:50:00";"SC";470;138,2;"RIO DO SUL";"Acessar a via sem observar a presença dos outros veículos";"Colisão transversal";"Com Vítimas Feridas";"Pleno dia";"Crescente";"Céu Claro";"Simples";"Interseção de Vias;Retorno Regulamentado;Reta";"Não";3;0;0;2;1;0;2;2;-27,207214;-49,648476;"SPRF-SC";"DEL04-SC";"UOP02-DEL04-SC"
531540;2023-06-24;"sábado";"14:30:00";"SC";101;330;"TUBARAO";"Ingestão de álcool pelo condutor";"Colisão lateral mesmo sentido";"Com Vítimas Feridas";"Pleno dia";"Decrescente";"Sol";"Dupla";"Reta";"Não";2;0;1;0;1;0;1;2;-28,45115639;-48,97286879;"SPRF-SC";"DEL02-SC";"UOP01-DEL02-SC"
531541;2023-06-24;"sábado";"16:00:00";"PR";116;18,7;"CURITIBA";"Condutor deixou de manter distância do veículo da frente";"Colisão lateral mesmo sentido";"Com Vítimas Feridas";"Pleno dia";"Decrescente";"Céu Claro";"Dupla";"Reta;Em Obras";"Sim";5;0;1;1;3;0;2;2;-25,38902754;-49,20011401;"SPRF-PR";"DEL01-PR";"UOP02-DEL01-PR"
531542;2023-06-24;"sábado";"15:55:00";"PR";369;133,6;"IBIPORA";"Conversão proibida";"Colisão lateral mesmo sentido";"Com Vítimas Feridas";"Pleno dia";"Decrescente";"Céu Claro";"Simples";"Reta";"Não";4;0;1;2;1;0;3;2;-23,261544;-51,017727;"SPRF-PR";"DEL07-PR";"UOP01-DEL07-PR"
531543;2023-06-17;"sábado";"22:20:00";"PR";277;721;"FOZ DO IGUACU";"Condutor deixou de manter distância do veículo da frente";"Colisão traseira";"Com Vítimas Feridas";"Plena Noite";"Crescente";"Chuva";"Dupla";"Reta;Retorno Regulamentado";"Sim";1;0;0;1;0;0;1;1;-25,4911505;-54,51185421;"SPRF-PR";"DEL05-PR";"UOP03-DEL05-PR"
531545;2023-06-24;"sábado";"15:25:00";"PR";376;130;"NOVA ESPERANCA";"Ausência de reação do condutor";"Colisão com objeto";"Com Vítimas Feridas";"Pleno dia";"Crescente";"Céu Claro";"Dupla";"Aclive";"Não";1;0;0;1;0;0;1;1;-23,17504848;-52,23423918;"SPRF-PR";"DEL09-PR";"UOP02-DEL09-PR"
531548;2023-06-24;"sábado";"14:00:00";"MS";158;97,8;"PARANAIBA";"Reação tardia ou ineficiente do condutor";"Tombamento";"Com Vítimas Feridas";"Pleno dia";"Crescente";"Céu Claro";"Dupla";"Reta";"Sim";1;0;1;0;0;0;1;1;-19,69627676;-51,17701292;"SPRF-MS";"DEL08-MS";"UOP01-DEL08-MS"
531550;2023-06-24;"sábado";"14:00:00";"MA";316;260;"SANTA INES";"Conversão proibida";"Colisão lateral mesmo sentido";"Sem Vítimas";"Pleno dia";"Crescente";"Céu Claro";"Simples";"Retorno Regulamentado;Reta";"Sim";3;0;0;0;3;0;0;2;-3,669811;-45,394978;"SPRF-MA";"DEL02-MA";"UOP01-DEL02-MA"
531551;2023-06-24;"sábado";"16:30:00";"SC";280;124;"RIO NEGRINHO";"Conversão proibida";"Colisão transversal";"Com Vítimas Feridas";"Pleno dia";"Decrescente";"Sol";"Simples";"Reta";"Sim";2;0;1;0;1;0;1;2;-26,24130297;-49,47514499;"SPRF-SC";"DEL06-SC";"UOP03-DEL06-SC"
531554;2023-06-24;"sábado";"15:20:00";"PR";373;182,9;"PONTA GROSSA";"Ingestão de álcool pelo condutor";"Colisão com objeto";"Sem Vítimas";"Pleno dia";"Decrescente";"Céu Claro";"Dupla";"Curva";"Sim";1;0;0;0;1;0;0;1;-25,04193864;-50,26741587;"SPRF-PR";"DEL03-PR";"UOP01-DEL03-PR"
531555;2023-06-24;"sábado";"16:00:00";"PR";153;42,7;"SANTO ANTONIO DA PLATINA";"Acessar a via sem observar a presença dos outros veículos";"Colisão transversal";"Com Vítimas Feridas";"Pleno dia";"Decrescente";"Céu Claro";"Simples";"Interseção de Vias";"Sim";3;0;1;0;2;0;1;2;-23,30153361;-50,07030308;"SPRF-PR";"DEL07-PR";"UOP04-DEL07-PR"
531556;2023-06-24;"sábado";"15:00:00";"PR";277;79;"CURITIBA";"Manobra de mudança de faixa";"Colisão lateral mesmo sentido";"Com Vítimas Feridas";"Pleno dia";"Decrescente";"Céu Claro";"Dupla";"Reta";"Sim";2;0;1;0;1;0;1;2;-25,47954198;-49,20124054;"SPRF-PR";"DEL01-PR";"UOP01-DEL01-PR"
531557;2023-06-24;"sábado";"17:00:00";"RJ";101;224,5;"SILVA JARDIM";"Demais falhas mecânicas ou elétricas";"Saída de leito carroçável";"Sem Vítimas";"Pleno dia";"Decrescente";"Céu Claro";"Dupla";"Curva";"Não";5;0;0;0;5;0;0;1;-22,53147198;-42,34340586;"SPRF-RJ";"DEL02-RJ";"UOP03-DEL02-RJ"
531558;2023-06-24;"sábado";"15:20:00";"MG";116;519,8;"CARATINGA";"Desrespeitar a preferência no cruzamento";"Colisão transversal";"Com Vítimas Feridas";"Pleno dia";"Decrescente";"Céu Claro";"Simples";"Interseção de Vias";"Não";3;0;2;0;1;0;2;2;-19,71798497;-42,12830605;"SPRF-MG";"DEL06-MG";"UOP02-DEL06-MG"
531559;2023-06-24;"sábado";"17:30:00";"PR";469;1,1;"FOZ DO IGUACU";"Acessar a via sem observar a presença dos outros veículos";"Colisão transversal";"Com Vítimas Feridas";"Pleno dia";"Decrescente";"Céu Claro";"Simples";"Interseção de Vias;Rotatória";"Sim";3;0;1;0;1;1;1;3;-25,5469;-54,5882;"SPRF-PR";"DEL05-PR";"UOP04-DEL05-PR"
531561;2023-06-24;"sábado";"17:45:00";"PI";343;340,7;"TERESINA";"Retorno proibido";"Colisão transversal";"Com Vítimas Feridas";"Pleno dia";"Crescente";"Céu Claro";"Dupla";"Reta";"Sim";2;0;1;0;1;0;1;2;-5,074137;-42,73629;"SPRF-PI";"DEL01-PI";"UOP01-DEL01-PI"
531562;2023-06-24;"sábado";"16:50:00";"RO";364;239,4;"CACOAL";"Ingestão de álcool pelo condutor";"Colisão lateral mesmo sentido";"Com Vítimas Feridas";"Pleno dia";"Decrescente";"Sol";"Simples";"Curva;Aclive";"Sim";4;0;0;1;2;1;1;2;-11,433417;-61,466532;"SPRF-RO";"DEL02-RO";"UOP02-DEL02-RO"
531563;2023-06-24;"sábado";"16:35:00";"RS";116;200,9;"PICADA CAFE";"Transitar na contramão";"Colisão frontal";"Com Vítimas Feridas";"Anoitecer";"Crescente";"Céu Claro";"Simples";"Curva";"Não";3;0;0;1;2;0;1;2;-29,48791048;-51,13999486;"SPRF-RS";"DEL05-RS";"UOP02-DEL05-RS"
531564;2023-06-24;"sábado";"18:00:00";"RJ";116;175;"SAO JOAO DE MERITI";"Reação tardia ou ineficiente do condutor";"Colisão traseira";"Com Vítimas Feridas";"Anoitecer";"Decrescente";"Céu Claro";"Dupla";"Reta";"Sim";3;0;2;0;1;0;2;2;-22,78923555;-43,37275272;"SPRF-RJ";"DEL01-RJ";"UOP02-DEL01-RJ"
531565;2023-06-24;"sábado";"16:00:00";"PE";424;16,7;"PEDRA";"Ausência de reação do condutor";"Colisão traseira";"Com Vítimas Feridas";"Pleno dia";"Crescente";"Nublado";"Simples";"Aclive;Reta;Em Obras";"Sim";3;0;0;1;1;1;1;3;-8,499972;-36,950078;"SPRF-PE";"DEL04-PE";"UOP02-DEL04-PE"
531567;2023-06-24;"sábado";"17:08:00";"SC";282;557,2;"NOVA ITABERABA";"Afundamento ou ondulação no pavimento";"Saída de leito carroçável";"Com Vítimas Feridas";"Pleno dia";"Crescente";"Céu Claro";"Simples";"Reta";"Não";2;0;1;0;0;1;1;2;-26,932125;-52,829117;"SPRF-SC";"DEL07-SC";"UOP01-DEL07-SC"
531568;2023-06-24;"sábado";"17:30:00";"PA";316;74;"CASTANHAL";"Ausência de reação do condutor";"Colisão lateral mesmo sentido";"Com Vítimas Feridas";"Pleno dia";"Crescente";"Céu Claro";"Simples";"Reta";"Não";2;0;1;1;0;0;2;2;-1,29131621;-47,83082209;"SPRF-PA";"DEL01-PA";"UOP01-DEL01-PA"
531569;2023-06-24;"sábado";"16:30:00";"AL";101;233,9;"PORTO REAL DO COLEGIO";"Acessar a via sem observar a presença dos outros veículos";"Colisão transversal";"Com Vítimas Feridas";"Pleno dia";"Crescente";"Chuva";"Dupla";"Curva;Aclive";"Não";3;0;1;0;2;0;1;2;-10,11092575;-36,75955301;"SPRF-AL";"DEL02-AL";"UOP02-DEL02-AL"
531570;2023-06-24;"sábado";"18:00:00";"PE";232;164;"TACAIMBO";"Transitar na contramão";"Colisão frontal";"Com Vítimas Feridas";"Plena Noite";"Crescente";"Chuva";"Simples";"Reta";"Não";5;0;0;4;0;1;4;3;-8,33555885;-36,28935202;"SPRF-PE";"DEL03-PE";"UOP02-DEL03-PE"
531572;2023-06-24;"sábado";"18:30:00";"MG";381;940,6;"EXTREMA";"Pedestre cruzava a pista fora da faixa";"Atropelamento de Pedestre";"Com Vítimas Fatais";"Plena Noite";"Crescente";"Céu Claro";"Dupla";"Reta";"Sim";5;1;0;0;1;3;0;2;-22,86021873;-46,34260711;"SPRF-MG";"DEL16-MG";"UOP03-DEL16-MG"
531573;2023-06-24;"sábado";"18:30:00";"PB";101;104;"ALHANDRA";"Avarias e/ou desgaste excessivo no pneu";"Colisão com objeto";"Com Vítimas Feridas";"Plena Noite";"Decrescente";"Céu Claro";"Dupla";"Reta";"Não";2;0;0;2;0;0;2;1;-7,30029088;-34,93888622;"SPRF-PB";"DEL01-PB";"UOP02-DEL01-PB"
531574;2023-06-24;"sábado";"18:49:00";"GO";70;0;"AGUAS LINDAS DE GOIAS";"Condutor deixou de manter distância do veículo da frente";"Colisão traseira";"Com Vítimas Feridas";"Plena Noite";"Crescente";"Céu Claro";"Dupla";"Ponte";"Não";3;0;1;0;1;1;1;2;-15,783543;-48,2326;"SPRF-DF";"DEL03-DF";"UOP02-DEL03-DF"
531575;2023-06-24;"sábado";"18:45:00";"RS";470;208;"BENTO GONCALVES";"Ingestão de álcool pelo condutor";"Saída de leito carroçável";"Sem Vítimas";"Plena Noite";"Decrescente";"Céu Claro";"Simples";"Curva";"Não";1;0;0;0;1;0;0;1;-29,09523055;-51,54724538;"SPRF-RS";"DEL06-RS";"UOP01-DEL06-RS"
531576;2023-06-24;"sábado";"17:50:00";"MG";116;412,5;"GOVERNADOR VALADARES";"Acessar a via sem observar a presença dos outros veículos";"Colisão transversal";"Com Vítimas Feridas";"Plena Noite";"Crescente";"Ignorado";"Simples";"Interseção de Vias";"Sim";3;0;2;1;0;0;3;2;-18,87711995;-41,96324771;"SPRF-MG";"DEL06-MG";"UOP01-DEL06-MG"
531577;2023-06-24;"sábado";"17:50:00";"PR";277;587,5;"CASCAVEL";"Retorno proibido";"Colisão transversal";"Com Vítimas Feridas";"Anoitecer";"Decrescente";"Céu Claro";"Simples";"Interseção de Vias;Reta";"Sim";2;0;0;1;1;0;1;2;-24,96941255;-53,42959722;"SPRF-PR";"DEL04-PR";"UOP01-DEL04-PR"
531579;2023-06-24;"sábado";"19:00:00";"MG";40;516;"RIBEIRAO DAS NEVES";"Ausência de reação do condutor";"Tombamento";"Com Vítimas Feridas";"Plena Noite";"Decrescente";"Céu Claro";"Dupla";"Reta";"Sim";1;0;1;0;0;0;1;1;-19,81628624;-44,08960124;"SPRF-MG";"DEL01-MG";"UOP02-DEL01-MG"
531580;2023-06-24;"sábado";"19:05:00";"RS";116;243;"SAO LEOPOLDO";"Acessar a via sem observar a presença dos outros veículos";"Colisão transversal";"Com Vítimas Feridas";"Plena Noite";"Crescente";"Nublado";"Múltipla";"Reta";"Sim";2;0;2;0;0;0;2;2;-29,73734617;-51,15028381;"SPRF-RS";"DEL01-RS";"UOP02-DEL01-RS"
531582;2023-06-24;"sábado";"18:40:00";"SC";470;35;"GASPAR";"Reação tardia ou ineficiente do condutor";"Queda de ocupante de veículo";"Com Vítimas Feridas";"Plena Noite";"Crescente";"Céu Claro";"Simples";"Reta";"Não";1;0;0;1;0;0;1;1;-26,912857;-48,958965;"SPRF-SC";"DEL04-SC";"UOP01-DEL04-SC"
531583;2023-06-24;"sábado";"14:00:00";"SP";116;101;"PINDAMONHANGABA";"Demais falhas mecânicas ou elétricas";"Queda de ocupante de veículo";"Com Vítimas Feridas";"Pleno dia";"Decrescente";"Céu Claro";"Dupla";"Reta";"Não";1;0;1;0;0;0;1;1;-22,99074204;-45,48115098;"SPRF-SP";"DEL08-SP";"UOP01-DEL08-SP"
531584;2023-06-24;"sábado";"15:15:00";"GO";364;22;"PARANAIGUARA";"Ingestão de álcool pelo condutor";"Queda de ocupante de veículo";"Com Vítimas Feridas";"Pleno dia";"Decrescente";"Céu Claro";"Simples";"Curva";"Não";1;0;1;0;0;0;1;1;-18,919422;-50,660488;"SPRF-GO";"DEL05-GO";"UOP02-DEL05-GO"
531585;2023-06-24;"sábado";"17:40:00";"RO";421;7;"ARIQUEMES";"Ingestão de álcool pelo condutor";"Colisão lateral mesmo sentido";"Sem Vítimas";"Anoitecer";"Crescente";"Céu Claro";"Simples";"Reta";"Não";5;0;0;0;5;0;0;2;-9,95527192;-63,11169147;"SPRF-RO";"DEL03-RO";"UOP01-DEL03-RO"
531586;2023-06-24;"sábado";"18:30:00";"BA";101;489,3;"ITAJUIPE";"Condutor deixou de manter distância do veículo da frente";"Colisão traseira";"Com Vítimas Feridas";"Plena Noite";"Crescente";"Chuva";"Simples";"Curva";"Não";4;0;2;0;2;0;2;2;-14,684769;-39,364313;"SPRF-BA";"DEL05-BA";"UOP01-DEL05-BA"
531587;2023-06-24;"sábado";"18:30:00";"BA";242;587;"IBOTIRAMA";"Reação tardia ou ineficiente do condutor";"Saída de leito carroçável";"Sem Vítimas";"Plena Noite";"Crescente";"Ignorado";"Simples";"Reta";"Não";1;0;0;0;1;0;0;1;-12,07810585;-43,12223011;"SPRF-BA";"DEL10-BA";"UOP02-DEL10-BA"
531588;2023-06-24;"sábado";"19:20:00";"DF";20;5,9;"BRASILIA";"Manobra de mudança de faixa";"Colisão com objeto";"Sem Vítimas";"Plena Noite";"Decrescente";"Céu Claro";"Dupla";"Ponte;Reta";"Sim";1;0;0;0;1;0;0;1;-15,670546;-47,816044;"SPRF-DF";"DEL02-DF";"UOP01-DEL02-DF"
531590;2023-06-24;"sábado";"19:04:00";"PI";343;592,2;"FLORIANO";"Acessar a via sem observar a presença dos outros veículos";"Colisão transversal";"Com Vítimas Feridas";"Plena Noite";"Crescente";"Céu Claro";"Dupla";"Rotatória";"Sim";3;0;0;3;0;0;3;3;-6,77755;-43,03321;"SPRF-PI";"DEL03-PI";"UOP01-DEL03-PI"
531591;2023-06-24;"sábado";"19:00:00";"MG";381;479;"CONTAGEM";"Ausência de reação do condutor";"Colisão traseira";"Com Vítimas Feridas";"Plena Noite";"Crescente";"Céu Claro";"Dupla";"Reta";"Não";7;0;4;0;3;0;4;3;-19,95889605;-44,069202;"SPRF-MG";"DEL01-MG";"UOP03-DEL01-MG"
531592;2023-06-24;"sábado";"20:18:00";"SP";116;228;"GUARULHOS";"Reação tardia ou ineficiente do condutor";"Tombamento";"Com Vítimas Feridas";"Plena Noite";"Decrescente";"Vento";"Múltipla";"Declive";"Sim";1;0;0;1;0;0;1;1;-23,50343484;-46,56638712;"SPRF-SP";"DEL01-SP";"UOP01-DEL01-SP"
531593;2023-06-24;"sábado";"19:45:00";"SP";116;401;"MIRACATU";"Velocidade Incompatível";"Saída de leito carroçável";"Com Vítimas Feridas";"Plena Noite";"Crescente";"Nublado";"Dupla";"Reta";"Não";2;0;2;0;0;0;2;1;-24,30570028;-47,49159381;"SPRF-SP";"DEL04-SP";"UOP02-DEL04-SP"
531597;2023-06-24;"sábado";"19:11:00";"MT";163;694;"LUCAS DO RIO VERDE";"Acessar a via sem observar a presença dos outros veículos";"Colisão transversal";"Com Vítimas Fatais";"Plena Noite";"Crescente";"Céu Claro";"Simples";"Interseção de Vias;Aclive;Reta";"Não";2;1;1;0;0;0;1;2;-13,02890313;-55,89794397;"SPRF-MT";"DEL06-MT";"UOP01-DEL06-MT"
531598;2023-06-24;"sábado";"15:00:00";"RJ";40;117;"DUQUE DE CAXIAS";"Demais Fenômenos da natureza";"Colisão traseira";"Com Vítimas Feridas";"Pleno dia";"Decrescente";"Céu Claro";"Múltipla";"Reta";"Sim";2;0;1;0;1;0;1;2;-22,745676;-43,2881;"SPRF-RJ";"DEL01-RJ";"UOP01-DEL01-RJ"
531599;2023-06-24;"sábado";"19:40:00";"PR";153;103;"IBAITI";"Acessar a via sem observar a presença dos outros veículos";"Colisão transversal";"Com Vítimas Feridas";"Plena Noite";"Crescente";"Céu Claro";"Simples";"Curva";"Não";4;0;2;0;2;0;2;2;-23,79674793;-50,18137692;"SPRF-PR";"DEL07-PR";"UOP04-DEL07-PR"
531600;2023-06-24;"sábado";"18:35:00";"MG";116;586;"MANHUACU";"Transitar no Acostamento";"Atropelamento de Pedestre";"Com Vítimas Fatais";"Plena Noite";"Decrescente";"Céu Claro";"Simples";"Aclive;Reta";"Não";3;2;0;0;1;0;0;2;-20,23618707;-42,16556506;"SPRF-MG";"DEL06-MG";"UOP03-DEL06-MG"
531601;2023-06-24;"sábado";"19:45:00";"CE";116;164;"RUSSAS";"Acessar a via sem observar a presença dos outros veículos";"Atropelamento de Pedestre";"Com Vítimas Feridas";"Plena Noite";"Crescente";"Céu Claro";"Simples";"Reta";"Sim";2;0;1;0;0;1;1;2;-4,94719055;-37,9919925;"SPRF-CE";"DEL03-CE";"UOP01-DEL03-CE"
531602;2023-06-24;"sábado";"19:30:00";"RJ";116;180;"MESQUITA";"Entrada inopinada do pedestre";"Atropelamento de Pedestre";"Com Vítimas Feridas";"Plena Noite";"Decrescente";"Céu Claro";"Dupla";"Reta";"Sim";2;0;0;1;1;0;1;2;-22,7651616;-43,4154728;"SPRF-RJ";"DEL01-RJ";"UOP02-DEL01-RJ"
531603;2023-06-24;"sábado";"20:00:00";"RJ";495;24;"PETROPOLIS";"Reação tardia ou ineficiente do condutor";"Saída de leito carroçável";"Sem Vítimas";"Plena Noite";"Decrescente";"Céu Claro";"Dupla";"Curva";"Não";1;0;0;0;0;1;0;1;-22,409143;-43,094292;"SPRF-RJ";"DEL06-RJ";"UOP01-DEL06-RJ"
531604;2023-06-24;"sábado";"19:15:00";"PE";104;28,1;"TORITAMA";"Reação tardia ou ineficiente do condutor";"Colisão frontal";"Com Vítimas Feridas";"Plena Noite";"Crescente";"Garoa/Chuvisco";"Simples";"Aclive;Reta";"Não";2;0;0;1;1;0;1;2;-8,005325;-36,078821;"SPRF-PE";"DEL02-PE";"UOP01-DEL02-PE"
531605;2023-06-24;"sábado";"21:23:00";"RN";101;103;"PARNAMIRIM";"Manobra de mudança de faixa";"Queda de ocupante de veículo";"Com Vítimas Feridas";"Plena Noite";"Crescente";"Céu Claro";"Múltipla";"Reta";"Sim";2;0;2;0;0;0;2;1;-5,89034022;-35,24894996;"SPRF-RN";"DEL01-RN";"UOP01-DEL01-RN"
531606;2023-06-24;"sábado";"19:40:00";"MG";116;415,1;"GOVERNADOR VALADARES";"Acessar a via sem observar a presença dos outros veículos";"Colisão transversal";"Sem Vítimas";"Plena Noite";"Decrescente";"Céu Claro";"Simples";"Reta";"Sim";2;0;0;0;2;0;0;2;-18,89089837;-41,94665909;"SPRF-MG";"DEL06-MG";"UOP01-DEL06-MG"