"id";"data_inversa";"dia_semana";"horario";"uf";"br";"km";"municipio";"causa_acidente";"tipo_acidente";"classificacao_acidente";"fase_dia";"sentido_via";"condicao_metereologica";"tipo_pista";"tracado_via";"uso_solo";"pessoas";"mortos";"feridos_leves";"feridos_graves";"ilesos";"ignorados";"feridos";"veiculos";"latitude";"longitude";"regional";"delegacia";"uop"
531710;2023-06-25;"domingo";"07:45:00";"RJ";116;258;"PINHEIRAL";"Ausência de reação do condutor";"Colisão com objeto";"Com Vítimas Feridas";"Amanhecer";"Crescente";"Sol";"Múltipla";"Retorno Regulamentado";"Não";1;0;1;0;0;0;1;1;-22,58138777;-44,02160689;"SPRF-RJ";"DEL07-RJ";"UOP02-DEL07-RJ"
531711;2023-06-25;"domingo";"07:45:00";"SP";116;227;"GUARULHOS";"Ingestão de álcool pelo condutor";"Colisão com objeto";"Sem Vítimas";"Pleno dia";"Decrescente";"Céu Claro";"Dupla";"Curva";"Sim";2;0;0;0;2;0;0;1;-23,49659264;-46,55648754;"SPRF-SP";"DEL01-SP";"UOP01-DEL01-SP"
531712;2023-06-25;"domingo";"08:00:00";"GO";60;174;"ABADIA DE GOIAS";"Velocidade Incompatível";"Saída de leito carroçável";"Com Vítimas Fatais";"Pleno dia";"Crescente";"Céu Claro";"Dupla";"Reta";"Não";1;1;0;0;0;0;0;1;-16,7423;-49,415;"SPRF-GO";"DEL01-GO";"UOP02-DEL01-GO"
531714;2023-06-25;"domingo";"08:00:00";"BA";242;844;"BARREIRAS";"Avarias e/ou desgaste excessivo no pneu";"Saída de leito carroçável";"Com Vítimas Feridas";"Pleno dia";"Decrescente";"Céu Claro";"Simples";"Reta";"Não";3;0;2;1;0;0;3;1;-12,086725;-45,440017;"SPRF-BA";"DEL10-BA";"UOP01-DEL10-BA"
531715;2023-06-25;"domingo";"06:00:00";"SP";116;222,3;"GUARULHOS";"Ingestão de álcool e/ou substâncias psicoativas pelo pedestre";"Colisão traseira";"Sem Vítimas";"Pleno dia";"Decrescente";"Céu Claro";"Múltipla";"Reta";"Sim";2;0;0;0;1;1;0;2;-23,47093408;-46,51631097;"SPRF-SP";"DEL01-SP";"UOP01-DEL01-SP"
531716;2023-06-25;"domingo";"08:24:00";"SP";116;273;"TABOAO DA SERRA";"Reação tardia ou ineficiente do condutor";"Saída de leito carroçável";"Com Vítimas Feridas";"Pleno dia";"Decrescente";"Céu Claro";"Dupla";"Reta";"Sim";1;0;1;0;0;0;1;1;-23,62809795;-46,81870306;"SPRF-SP";"DEL04-SP";"UOP01-DEL04-SP"
531717;2023-05-08;"segunda-feira";"23:20:00";"MS";158;109;"PARANAIBA";"Objeto estático sobre o leito carroçável";"Colisão com objeto";"Sem Vítimas";"Plena Noite";"Crescente";"Céu Claro";"Simples";"Reta;Em Obras";"Não";2;0;0;0;2;0;0;1;-19,77883406;-51,11796619;"SPRF-MS";"DEL08-MS";"UOP01-DEL08-MS"
531718;2023-06-25;"domingo";"07:20:00";"GO";153;493;"GOIANIA";"Reação tardia ou ineficiente do condutor";"Colisão com objeto";"Com Vítimas Fatais";"Pleno dia";"Crescente";"Céu Claro";"Dupla";"Curva";"Sim";3;1;0;0;2;0;0;2;-16,652461;-49,21643;"SPRF-GO";"DEL01-GO";"UOP01-DEL01-GO"
531719;2023-06-25;"domingo";"08:30:00";"GO";50;174;"CAMPO ALEGRE DE GOIAS";"Condutor Dormindo";"Saída de leito carroçável";"Com Vítimas Feridas";"Pleno dia";"Crescente";"Céu Claro";"Dupla";"Curva";"Não";1;0;1;0;0;0;1;1;-17,3632;-47,7889;"SPRF-GO";"DEL06-GO";"UOP01-DEL06-GO"
531720;2023-06-25;"domingo";"08:50:00";"RS";116;253;"SAPUCAIA DO SUL";"Reação tardia ou ineficiente do condutor";"Colisão traseira";"Sem Vítimas";"Pleno dia";"Decrescente";"Céu Claro";"Dupla";"Aclive;Reta;Viaduto";"Sim";2;0;0;0;2;0;0;2;-29,81784209;-51,16996166;"SPRF-RS";"DEL01-RS";"UOP02-DEL01-RS"
531721;2023-06-25;"domingo";"08:50:00";"SC";101;48;"JOINVILLE";"Ingestão de álcool pelo condutor";"Tombamento";"Com Vítimas Feridas";"Pleno dia";"Crescente";"Céu Claro";"Dupla";"Curva";"Não";2;0;2;0;0;0;2;1;-26,35345909;-48,85867862;"SPRF-SC";"DEL03-SC";"UOP01-DEL03-SC"
531722;2023-06-25;"domingo";"09:06:00";"MG";381;915,8;"CAMANDUCAIA";"Mal súbito do condutor";"Colisão com objeto";"Sem Vítimas";"Pleno dia";"Crescente";"Sol";"Dupla";"Curva";"Não";1;0;0;0;1;0;0;1;-22,73437047;-46,13478899;"SPRF-MG";"DEL16-MG";"UOP03-DEL16-MG"
531723;2023-06-25;"domingo";"09:15:00";"SC";101;51;"JOINVILLE";"Manobra de mudança de faixa";"Colisão traseira";"Com Vítimas Feridas";"Pleno dia";"Crescente";"Céu Claro";"Dupla";"Curva";"Sim";2;0;0;1;1;0;1;2;-26,38506771;-48,84917582;"SPRF-SC";"DEL03-SC";"UOP01-DEL03-SC"
531724;2023-06-25;"domingo";"08:00:00";"MG";40;530,8;"CONTAGEM";"Avarias e/ou desgaste excessivo no pneu";"Queda de ocupante de veículo";"Com Vítimas Feridas";"Pleno dia";"Crescente";"Céu Claro";"Dupla";"Curva";"Não";2;0;2;0;0;0;2;1;-19,92064782;-44,0335681;"SPRF-MG";"DEL01-MG";"UOP02-DEL01-MG"
531728;2023-06-25;"domingo";"10:25:00";"RS";116;224;"DOIS IRMAOS";"Acessar a via sem observar a presença dos outros veículos";"Colisão transversal";"Com Vítimas Feridas";"Pleno dia";"Crescente";"Céu Claro";"Dupla";"Interseção de Vias;Aclive;Reta;Retorno Regulamentado;Rotatória";"Sim";3;0;2;0;1;0;2;2;-29,58912281;-51,10701442;"SPRF-RS";"DEL01-RS";"UOP02-DEL01-RS"
531729;2023-06-25;"domingo";"04:10:00";"BA";101;612;"MASCOTE";"Velocidade Incompatível";"Colisão frontal";"Com Vítimas Fatais";"Amanhecer";"Decrescente";"Céu Claro";"Simples";"Reta";"Não";3;2;0;1;0;0;1;2;-15,59181;-39,42702;"SPRF-BA";"DEL05-BA";"UOP02-DEL05-BA"
531730;2023-06-25;"domingo";"10:50:00";"SP";116;420;"JUQUIA";"Reação tardia ou ineficiente do condutor";"Queda de ocupante de veículo";"Com Vítimas Feridas";"Pleno dia";"Decrescente";"Sol";"Dupla";"Reta";"Não";1;0;0;1;0;0;1;1;-24,35523603;-47,67709399;"SPRF-SP";"DEL05-SP";"UOP01-DEL05-SP"
531733;2023-06-25;"domingo";"09:00:00";"PA";10;8,8;"DOM ELISEU";"Manobra de mudança de faixa";"Saída de leito carroçável";"Com Vítimas Feridas";"Pleno dia";"Crescente";"Céu Claro";"Simples";"Aclive;Reta";"Não";1;0;0;1;0;0;1;1;-4,37565398;-47,53718808;"SPRF-PA";"DEL02-PA";"UOP02-DEL02-PA"
531735;2023-06-25;"domingo";"07:00:00";"PR";373;245,8;"GUAMIRANGA";"Reação tardia ou ineficiente do condutor";"Saída de leito carroçável";"Com Vítimas Feridas";"Pleno dia";"Crescente";"Céu Claro";"Simples";"Curva";"Não";1;0;0;1;0;0;1;1;-25,18923001;-50,80185413;"SPRF-PR";"DEL03-PR";"UOP01-DEL03-PR"
531736;2023-06-25;"domingo";"11:10:00";"RJ";393;168;"TRES RIOS";"Conversão proibida";"Colisão lateral mesmo sentido";"Com Vítimas Feridas";"Pleno dia";"Decrescente";"Céu Claro";"Simples";"Reta";"Sim";3;0;1;0;0;2;1;3;-22,127502;-43,147022;"SPRF-RJ";"DEL05-RJ";"UOP02-DEL05-RJ"
531737;2023-06-25;"domingo";"11:55:00";"PR";376;1;"APUCARANA";"Acessar a via sem observar a presença dos outros veículos";"Colisão lateral mesmo sentido";"Com Vítimas Feridas";"Pleno dia";"Decrescente";"Céu Claro";"Simples";"Declive;Em Obras;Reta";"Sim";9;0;3;0;6;0;3;2;-23,57175592;-51,4277637;"SPRF-PR";"DEL07-PR";"UOP03-DEL07-PR"
531738;2023-06-25;"domingo";"12:15:00";"CE";222;4,7;"CAUCAIA";"Reação tardia ou ineficiente do condutor";"Engavetamento";"Sem Vítimas";"Pleno dia";"Decrescente";"Céu Claro";"Múltipla";"Reta";"Sim";3;0;0;0;3;0;0;3;-3,74164754;-38,60449792;"SPRF-CE";"DEL01-CE";"UOP01-DEL01-CE"
531740;2023-06-25;"domingo";"11:15:00";"RS";293;303,6;"SANTANA DO LIVRAMENTO";"Demais falhas na via";"Saída de leito carroçável";"Com Vítimas Feridas";"Pleno dia";"Crescente";"Nublado";"Simples";"Reta";"Não";2;0;2;0;0;0;2;1;-30,79718171;-55,16897483;"SPRF-RS";"DEL11-RS";"UOP01-DEL11-RS"
531741;2023-06-25;"domingo";"12:30:00";"SP";381;61;"MAIRIPORA";"Ausência de reação do condutor";"Colisão com objeto";"Com Vítimas Feridas";"Pleno dia";"Crescente";"Céu Claro";"Dupla";"Curva";"Não";1;0;0;1;0;0;1;1;-23,29011611;-46,5800681;"SPRF-SP";"DEL03-SP";"UOP01-DEL03-SP"
531742;2023-06-25;"domingo";"08:25:00";"AC";317;120;"SENADOR GUIOMARD";"Demais falhas mecânicas ou elétricas";"Capotamento";"Com Vítimas Fatais";"Pleno dia";"Decrescente";"Céu Claro";"Simples";"Reta";"Não";2;1;1;0;0;0;1;1;-10,36723295;-67,70968824;"SPRF-AC";"DEL01-AC";"UOP01-DEL01-AC"
531743;2023-06-25;"domingo";"12:20:00";"MG";381;526,2;"BRUMADINHO";"Avarias e/ou desgaste excessivo no pneu";"Saída de leito carroçável";"Com Vítimas Feridas";"Pleno dia";"Crescente";"Céu Claro";"Dupla";"Curva";"Não";2;0;2;0;0;0;2;1;-20,16175378;-44,34144636;"SPRF-MG";"DEL04-MG";"UOP03-DEL04-MG"
531744;2023-03-09;"quinta-feira";"20:40:00";"MG";262;52;"MANHUACU";"Reação tardia ou ineficiente do condutor";"Tombamento";"Com Vítimas Feridas";"Plena Noite";"Crescente";"Ignorado";"Simples";"Curva";"Não";1;0;1;0;0;0;1;1;-20,2471967;-42,15663498;"SPRF-MG";"DEL06-MG";"UOP03-DEL06-MG"
531747;2023-06-25;"domingo";"13:30:00";"BA";330;805;"JEQUIE";"Ultrapassagem Indevida";"Saída de leito carroçável";"Com Vítimas Feridas";"Pleno dia";"Crescente";"Céu Claro";"Simples";"Reta";"Não";3;0;1;0;1;1;1;2;-13,97873088;-39,94814985;"SPRF-BA";"DEL03-BA";"UOP01-DEL03-BA"
531748;2023-06-25;"domingo";"14:00:00";"SC";282;213;"LAGES";"Manobra de mudança de faixa";"Colisão transversal";"Com Vítimas Feridas";"Pleno dia";"Decrescente";"Céu Claro";"Simples";"Reta";"Não";3;0;1;0;2;0;1;2;-27,785299;-50,261921;"SPRF-SC";"DEL05-SC";"UOP01-DEL05-SC"
531751;2023-06-25;"domingo";"14:35:00";"MG";116;414;"GOVERNADOR VALADARES";"Acessar a via sem observar a presença dos outros veículos";"Colisão transversal";"Com Vítimas Feridas";"Pleno dia";"Crescente";"Céu Claro";"Simples";"Interseção de Vias;Reta;Retorno Regulamentado";"Sim";2;0;1;0;1;0;1;2;-18,88102703;-41,95910802;"SPRF-MG";"DEL06-MG";"UOP01-DEL06-MG"
531752;2023-06-25;"domingo";"07:00:00";"MG";146;409,9;"MUZAMBINHO";"Velocidade Incompatível";"Colisão lateral sentido oposto";"Com Vítimas Fatais";"Pleno dia";"Decrescente";"Céu Claro";"Simples";"Curva";"Não";9;1;8;0;0;0;8;3;-21,31899155;-46,58999205;"SPRF-MG";"DEL09-MG";"UOP01-DEL09-MG"
531753;2023-06-25;"domingo";"12:15:00";"SC";282;302;"VARGEM";"Velocidade Incompatível";"Saída de leito carroçável";"Com Vítimas Feridas";"Pleno dia";"Decrescente";"Céu Claro";"Simples";"Reta";"Não";1;0;0;1;0;0;1;1;-27,505852;-50,926998;"SPRF-SC";"DEL07-SC";"UOP06-DEL07-SC"
531756;2023-06-25;"domingo";"14:47:00";"SC";470;57,2;"BLUMENAU";"Ultrapassagem Indevida";"Colisão lateral mesmo sentido";"Com Vítimas Feridas";"Pleno dia";"Decrescente";"Céu Claro";"Simples";"Reta;Desvio Temporário;Em Obras";"Sim";3;0;2;0;1;0;2;2;-26,88193308;-49,13864851;"SPRF-SC";"DEL04-SC";"UOP01-DEL04-SC"
531758;2023-06-25;"domingo";"15:00:00";"PI";343;15;"PARNAIBA";"Ingestão de álcool pelo condutor";"Colisão com objeto";"Com Vítimas Feridas";"Pleno dia";"Crescente";"Céu Claro";"Simples";"Reta";"Sim";3;0;1;1;1;0;2;3;-2,93659;-41,754936;"SPRF-PI";"DEL05-PI";"UOP01-DEL05-PI"
531759;2023-06-25;"domingo";"14:50:00";"SC";470;18,6;"ILHOTA";"Condutor deixou de manter distância do veículo da frente";"Colisão traseira";"Com Vítimas Feridas";"Pleno dia";"Decrescente";"Céu Claro";"Simples";"Ponte;Reta";"Não";2;0;1;0;1;0;1;2;-26,86090698;-48,8129425;"SPRF-SC";"DEL04-SC";"UOP04-DEL04-SC"
531760;2023-06-25;"domingo";"15:40:00";"RN";101;115,7;"SAO JOSE DE MIPIBU";"Ingestão de álcool ou de substâncias psicoativas pelo pedestre";"Atropelamento de Pedestre";"Com Vítimas Feridas";"Pleno dia";"Decrescente";"Sol";"Dupla";"Reta";"Não";2;0;1;0;0;1;1;2;-5,99465992;-35,26218653;"SPRF-RN";"DEL01-RN";"UOP01-DEL01-RN"
531761;2023-06-25;"domingo";"14:40:00";"PE";232;51,6;"POMBOS";"Condutor deixou de manter distância do veículo da frente";"Colisão traseira";"Com Vítimas Feridas";"Pleno dia";"Decrescente";"Céu Claro";"Dupla";"Reta;Declive";"Não";4;0;1;0;3;0;1;3;-8,13823439;-35,33196918;"SPRF-PE";"DEL01-PE";"UOP01-DEL01-PE"
531762;2023-06-25;"domingo";"15:15:00";"RJ";116;171;"RIO DE JANEIRO";"Acessar a via sem observar a presença dos outros veículos";"Colisão lateral mesmo sentido";"Com Vítimas Feridas";"Pleno dia";"Crescente";"Céu Claro";"Múltipla";"Reta";"Sim";2;0;1;0;1;0;1;2;-22,8060415;-43,34289573;"SPRF-RJ";"DEL01-RJ";"UOP02-DEL01-RJ"
531763;2023-06-25;"domingo";"14:00:00";"PR";277;167;"PALMEIRA";"Reação tardia ou ineficiente do condutor";"Saída de leito carroçável";"Com Vítimas Feridas";"Pleno dia";"Crescente";"Céu Claro";"Simples";"Curva";"Não";4;0;4;0;0;0;4;1;-25,46815033;-49,9043132;"SPRF-PR";"DEL03-PR";"UOP03-DEL03-PR"
531765;2023-06-25;"domingo";"13:30:00";"AP";156;434;"TARTARUGALZINHO";"Chuva";"Saída de leito carroçável";"Com Vítimas Feridas";"Pleno dia";"Decrescente";"Chuva";"Simples";"Curva";"Não";2;0;2;0;0;0;2;1;1,23734485;-50,99006475;"SPRF-AP";"DEL01-AP";"UOP02-DEL01-AP"
531766;2023-06-25;"domingo";"14:20:00";"MG";116;508,7;"UBAPORANGA";"Velocidade Incompatível";"Colisão traseira";"Com Vítimas Feridas";"Pleno dia";"Crescente";"Nublado";"Simples";"Reta;Declive";"Sim";2;0;1;0;1;0;1;2;-19,62776197;-42,10624519;"SPRF-MG";"DEL06-MG";"UOP02-DEL06-MG"
531767;2023-06-25;"domingo";"15:40:00";"ES";101;253;"SERRA";"Condutor deixou de manter distância do veículo da frente";"Colisão lateral mesmo sentido";"Com Vítimas Feridas";"Pleno dia";"Crescente";"Céu Claro";"Simples";"Reta";"Sim";2;0;1;0;1;0;1;2;-20,10336754;-40,33383553;"SPRF-ES";"DEL02-ES";"UOP01-DEL02-ES"
531769;2023-06-25;"domingo";"09:00:00";"MA";135;23;"SAO LUIS";"Ausência de reação do condutor";"Colisão com objeto";"Sem Vítimas";"Pleno dia";"Decrescente";"Sol";"Dupla";"Curva";"Sim";1;0;0;0;0;1;0;1;-2,53073;-44,3068;"SPRF-MA";"DEL01-MA";"UOP01-DEL01-MA"
531770;2023-06-25;"domingo";"11:30:00";"RJ";116;146,1;"DUQUE DE CAXIAS";"Animais na Pista";"Atropelamento de Animal";"Com Vítimas Feridas";"Pleno dia";"Crescente";"Céu Claro";"Dupla";"Reta";"Sim";9;0;1;1;7;0;2;3;-22,66687859;-43,26368215;"SPRF-RJ";"DEL01-RJ";"UOP01-DEL01-RJ"
531772;2023-06-25;"domingo";"16:20:00";"PB";101;25,5;"RIO TINTO";"Demais falhas na via";"Colisão com objeto";"Com Vítimas Feridas";"Pleno dia";"Crescente";"Chuva";"Dupla";"Reta";"Não";6;0;5;0;0;1;5;2;-6,70802006;-35,11772953;"SPRF-PB";"DEL01-PB";"UOP04-DEL01-PB"
531773;2023-06-25;"domingo";"16:45:00";"SC";101;135;"BALNEARIO CAMBORIU";"Desrespeitar a preferência no cruzamento";"Colisão transversal";"Com Vítimas Feridas";"Pleno dia";"Crescente";"Céu Claro";"Múltipla";"Interseção de Vias";"Sim";2;0;1;1;0;0;2;2;-27,00535968;-48,62604618;"SPRF-SC";"DEL04-SC";"UOP03-DEL04-SC"
531774;2023-06-25;"domingo";"14:00:00";"SC";116;130,5;"SANTA CECILIA";"Demais falhas mecânicas ou elétricas";"Incêndio";"Sem Vítimas";"Pleno dia";"Decrescente";"Céu Claro";"Simples";"Curva";"Não";16;0;0;0;16;0;0;1;-26,89105589;-50,43451019;"SPRF-SC";"DEL06-SC";"UOP02-DEL06-SC"
531775;2023-06-25;"domingo";"14:20:00";"RJ";40;98;"DUQUE DE CAXIAS";"Acumulo de óleo sobre o pavimento";"Queda de ocupante de veículo";"Com Vítimas Feridas";"Pleno dia";"Decrescente";"Céu Claro";"Dupla";"Curva";"Não";2;0;2;0;0;0;2;1;-22,57773682;-43,27329036;"SPRF-RJ";"DEL01-RJ";"UOP01-DEL01-RJ"
531777;2023-06-25;"domingo";"16:12:00";"SP";116;100,5;"PINDAMONHANGABA";"Reação tardia ou ineficiente do condutor";"Colisão traseira";"Com Vítimas Feridas";"Pleno dia";"Crescente";"Nublado";"Dupla";"Reta";"Não";4;0;1;0;3;0;1;2;-22,98775925;-45,47540975;"SPRF-SP";"DEL08-SP";"UOP01-DEL08-SP"
531779;2023-06-25;"domingo";"17:37:00";"PB";101;85,9;"BAYEUX";"Ingestão de álcool pelo condutor";"Atropelamento de Pedestre";"Com Vítimas Feridas";"Plena Noite";"Crescente";"Chuva";"Dupla";"Reta;Retorno Regulamentado";"Não";2;0;1;0;1;0;1;2;-7,14538184;-34,91662887;"SPRF-PB";"DEL01-PB";"UOP01-DEL01-PB"
531780;2023-06-25;"domingo";"17:15:00";"MG";116;763;"LEOPOLDINA";"Ausência de reação do condutor";"Colisão traseira";"Com Vítimas Feridas";"Anoitecer";"Decrescente";"Céu Claro";"Simples";"Reta";"Sim";3;0;1;1;0;1;2;2;-21,52635545;-42,63256914;"SPRF-MG";"DEL07-MG";"UOP01-DEL07-MG"
531783;2023-06-25;"domingo";"17:50:00";"ES";101;110;"SOORETAMA";"Frear bruscamente";"Colisão traseira";"Com Vítimas Feridas";"Anoitecer";"Crescente";"Nublado";"Simples";"Aclive";"Não";6;0;1;0;5;0;1;2;-19,06215201;-40,03484798;"SPRF-ES";"DEL04-ES";"UOP01-DEL04-ES"
531784;2023-06-25;"domingo";"17:30:00";"MG";50;174;"UBERABA";"Condutor deixou de manter distância do veículo da frente";"Colisão traseira";"Com Vítimas Feridas";"Anoitecer";"Decrescente";"Céu Claro";"Dupla";"Reta";"Sim";4;0;1;0;2;1;1;2;-19,770817;-47,973434;"SPRF-MG";"DEL13-MG";"UOP01-DEL13-MG"
531785;2023-06-25;"domingo";"18:35:00";"PE";408;86;"PAUDALHO";"Ausência de reação do condutor";"Colisão com objeto";"Com Vítimas Feridas";"Plena Noite";"Crescente";"Chuva";"Dupla";"Reta";"Não";1;0;1;0;0;0;1;1;-7,96010995;-35,09554697;"SPRF-PE";"DEL01-PE";"UOP01-DEL01-PE"
531786;2023-06-25;"domingo";"17:20:00";"SC";101;365;"SANGAO";"Ausência de reação do condutor";"Colisão traseira";"Com Vítimas Feridas";"Plena Noite";"Decrescente";"Céu Claro";"Dupla";"Reta";"Sim";3;0;2;0;1;0;2;2;-28,68290284;-49,14759308;"SPRF-SC";"DEL02-SC";"UOP01-DEL02-SC"
531787;2023-06-25;"domingo";"14:55:00";"MG";40;621,1;"CONSELHEIRO LAFAIETE";"Ausência de reação do condutor";"Colisão traseira";"Com Vítimas Feridas";"Pleno dia";"Decrescente";"Céu Claro";"Simples";"Declive;Reta";"Sim";3;0;2;0;0;1;2;2;-20,59063475;-43,80495971;"SPRF-MG";"DEL05-MG";"UOP02-DEL05-MG"
531789;2023-06-25;"domingo";"17:40:00";"PR";163;116;"CAPANEMA";"Ultrapassagem Indevida";"Colisão lateral mesmo sentido";"Com Vítimas Feridas";"Anoitecer";"Crescente";"Céu Claro";"Simples";"Declive;Reta";"Não";3;0;1;0;2;0;1;2;-25,62088424;-53,64551766;"SPRF-PR";"DEL02-PR";"UOP02-DEL02-PR"
531790;2023-06-25;"domingo";"18:20:00";"MG";262;419,2;"IGARATINGA";"Ingestão de álcool pelo condutor";"Colisão traseira";"Com Vítimas Feridas";"Plena Noite";"Decrescente";"Céu Claro";"Dupla";"Aclive;Reta";"Não";5;0;3;1;1;0;4;2;-19,89448983;-44,70395989;"SPRF-MG";"DEL08-MG";"UOP03-DEL08-MG"
531791;2023-06-25;"domingo";"18:12:00";"BA";324;621;"SALVADOR";"Ingestão de álcool pelo condutor";"Colisão traseira";"Com Vítimas Feridas";"Plena Noite";"Crescente";"Céu Claro";"Dupla";"Reta";"Não";3;0;2;0;1;0;2;2;-12,91233708;-38,45956983;"SPRF-BA";"DEL01-BA";"UOP01-DEL01-BA"
531792;2023-06-25;"domingo";"15:50:00";"TO";153;30;"XAMBIOA";"Ausência de reação do condutor";"Saída de leito carroçável";"Com Vítimas Feridas";"Pleno dia";"Crescente";"Céu Claro";"Simples";"Curva;Aclive";"Não";2;0;2;0;0;0;2;1;-6,55794013;-48,41174123;"SPRF-TO";"DEL02-TO";"UOP01-DEL02-TO"
531793;2023-06-25;"domingo";"17:00:00";"MT";364;579;"NOBRES";"Avarias e/ou desgaste excessivo no pneu";"Tombamento";"Com Vítimas Feridas";"Anoitecer";"Crescente";"Ignorado";"Dupla";"Interseção de Vias";"Sim";1;0;1;0;0;0;1;1;-14,66298789;-56,29936934;"SPRF-MT";"DEL01-MT";"UOP01-DEL01-MT"
531794;2023-06-25;"domingo";"19:00:00";"GO";60;47;"ALEXANIA";"Acessar a via sem observar a presença dos outros veículos";"Colisão traseira";"Com Vítimas Feridas";"Plena Noite";"Decrescente";"Céu Claro";"Dupla";"Curva;Retorno Regulamentado;Declive";"Não";5;0;3;0;2;0;3;2;-16,1464;-48,6047;"SPRF-GO";"DEL02-GO";"UOP01-DEL02-GO"
531795;2023-06-25;"domingo";"19:08:00";"SP";116;208;"GUARULHOS";"Ausência de reação do condutor";"Queda de ocupante de veículo";"Com Vítimas Feridas";"Plena Noite";"Crescente";"Céu Claro";"Dupla";"Reta";"Sim";2;0;1;0;1;0;1;1;-23,42222263;-46,3932771;"SPRF-SP";"DEL01-SP";"UOP01-DEL01-SP"
531796;2023-06-25;"domingo";"17:40:00";"SC";470;70;"INDAIAL";"Ingestão de álcool pelo condutor";"Colisão transversal";"Sem Vítimas";"Anoitecer";"Decrescente";"Céu Claro";"Simples";"Interseção de Vias;Em Obras;Reta";"Sim";2;0;0;0;1;1;0;2;-26,88911385;-49,25403714;"SPRF-SC";"DEL04-SC";"UOP01-DEL04-SC"
531797;2023-06-25;"domingo";"15:35:00";"MS";359;219;"COXIM";"Acessar a via sem observar a presença dos outros veículos";"Colisão lateral mesmo sentido";"Com Vítimas Feridas";"Pleno dia";"Decrescente";"Céu Claro";"Simples";"Reta";"Não";6;0;1;0;5;0;1;2;-18,49713171;-54,63770928;"SPRF-MS";"DEL06-MS";"UOP01-DEL06-MS"
531798;2023-06-25;"domingo";"17:40:00";"MT";163;832;"SINOP";"Acessar a via sem observar a presença dos outros veículos";"Colisão lateral mesmo sentido";"Sem Vítimas";"Plena Noite";"Crescente";"Céu Claro";"Dupla";"Retorno Regulamentado";"Sim";4;0;0;0;4;0;0;2;-11,88291;-55,50088;"SPRF-MT";"DEL06-MT";"UOP02-DEL06-MT"
531799;2023-06-25;"domingo";"18:50:00";"MG";153;17;"CENTRALINA";"Acessar a via sem observar a presença dos outros veículos";"Atropelamento de Pedestre";"Com Vítimas Fatais";"Plena Noite";"Decrescente";"Céu Claro";"Dupla";"Reta";"Não";1;1;0;0;0;0;0;1;-18,57025681;-49,19376683;"SPRF-MG";"DEL15-MG";"UOP03-DEL15-MG"
531800;2023-06-25;"domingo";"18:20:00";"MG";116;584;"MANHUACU";"Transitar na contramão";"Colisão frontal";"Com Vítimas Feridas";"Plena Noite";"Crescente";"Nublado";"Simples";"Reta";"Não";2;0;1;1;0;0;2;2;-20,22302088;-42,17880872;"SPRF-MG";"DEL06-MG";"UOP03-DEL06-MG"
531801;2023-06-25;"domingo";"19:35:00";"DF";20;11;"BRASILIA";"Acessar a via sem observar a presença dos outros veículos";"Colisão traseira";"Com Vítimas Feridas";"Plena Noite";"Crescente";"Nublado";"Dupla";"Reta";"Sim";2;0;1;1;0;0;2;2;-15,64654;-47,766422;"SPRF-DF";"DEL02-DF";"UOP01-DEL02-DF"
531802;2023-06-25;"domingo";"19:00:00";"PR";277;67,8;"SAO JOSE DOS PINHAIS";"Ausência de reação do condutor";"Colisão traseira";"Sem Vítimas";"Plena Noite";"Crescente";"Céu Claro";"Dupla";"Reta";"Sim";2;0;0;0;2;0;0;2;-25,524693;-49,098179;"SPRF-PR";"DEL01-PR";"UOP01-DEL01-PR"
531803;2023-06-25;"domingo";"18:30:00";"RJ";116;116;"MAGE";"Manobra de mudança de faixa";"Colisão lateral mesmo sentido";"Com Vítimas Feridas";"Plena Noite";"Crescente";"Céu Claro";"Dupla";"Reta";"Não";3;0;2;0;1;0;2;2;-22,58714871;-43,0184269;"SPRF-RJ";"DEL04-RJ";"UOP02-DEL04-RJ"
531804;2023-06-25;"domingo";"19:50:00";"BA";324;0,8;"FEIRA DE SANTANA";"Reação tardia ou ineficiente do condutor";"Queda de ocupante de veículo";"Com Vítimas Feridas";"Plena Noite";"Decrescente";"Céu Claro";"Dupla";"Reta";"Sim";1;0;1;0;0;0;1;1;-12,279;-38,9412;"SPRF-BA";"DEL02-BA";"UOP01-DEL02-BA"
531805;2023-06-25;"domingo";"19:50:00";"MG";40;514,7;"RIBEIRAO DAS NEVES";"Acessar a via sem observar a presença dos outros veículos";"Atropelamento de Pedestre";"Com Vítimas Feridas";"Plena Noite";"Crescente";"Céu Claro";"Dupla";"Curva";"Sim";6;0;0;1;5;0;1;2;-19,80151928;-44,10000333;"SPRF-MG";"DEL01-MG";"UOP02-DEL01-MG"
531806;2023-06-25;"domingo";"11:25:00";"SC";280;250,4;"CANOINHAS";"Condutor deixou de manter distância do veículo da frente";"Colisão traseira";"Com Vítimas Feridas";"Pleno dia";"Decrescente";"Céu Claro";"Simples";"Reta;Aclive";"Não";5;0;1;0;4;0;1;2;-26,25489922;-50,54258496;"SPRF-SC";"DEL06-SC";"UOP04-DEL06-SC"
531807;2023-06-25;"domingo";"19:00:00";"BA";235;298;"JUAZEIRO";"Manobra de mudança de faixa";"Saída de leito carroçável";"Com Vítimas Fatais";"Plena Noite";"Decrescente";"Nublado";"Simples";"Reta";"Não";1;1;0;0;0;0;0;1;-9,52800622;-40,06919802;"SPRF-BA";"DEL07-BA";"UOP01-DEL07-BA"