"id";"data_inversa";"dia_semana";"horario";"uf";"br";"km";"municipio";"causa_acidente";"tipo_acidente";"classificacao_acidente";"fase_dia";"sentido_via";"condicao_metereologica";"tipo_pista";"tracado_via";"uso_solo";"pessoas";"mortos";"feridos_leves";"feridos_graves";"ilesos";"ignorados";"feridos";"veiculos";"latitude";"longitude";"regional";"delegacia";"uop"
532158;2023-06-27;"terça-feira";"15:00:00";"ES";101;265,5;"SERRA";"Reação tardia ou ineficiente do condutor";"Colisão traseira";"Com Vítimas Feridas";"Pleno dia";"Crescente";"Céu Claro";"Dupla";"Reta";"Não";2;0;1;0;1;0;1;2;-20,1816849;-40,26536036;"SPRF-ES";"DEL02-ES";"UOP01-DEL02-ES"
532159;2023-06-27;"terça-feira";"10:15:00";"MS";163;360,5;"NOVA ALVORADA DO SUL";"Reação tardia ou ineficiente do condutor";"Capotamento";"Sem Vítimas";"Pleno dia";"Decrescente";"Sol";"Simples";"Reta";"Não";1;0;0;0;1;0;0;1;-21,50729115;-54,39820755;"SPRF-MS";"DEL02-MS";"UOP02-DEL02-MS"
532161;2023-06-27;"terça-feira";"14:30:00";"PB";104;130,5;"CAMPINA GRANDE";"Manobra de mudança de faixa";"Colisão transversal";"Com Vítimas Feridas";"Pleno dia";"Crescente";"Céu Claro";"Simples";"Reta";"Sim";2;0;1;0;1;0;1;2;-7,29013399;-35,89029705;"SPRF-PB";"DEL02-PB";"UOP03-DEL02-PB"
532162;2023-06-27;"terça-feira";"14:25:00";"RJ";116;183;"NOVA IGUACU";"Ausência de reação do condutor";"Colisão traseira";"Com Vítimas Feridas";"Pleno dia";"Crescente";"Céu Claro";"Dupla";"Interseção de Vias;Reta";"Não";2;0;1;0;1;0;1;2;-22,7516014;-43,43849831;"SPRF-RJ";"DEL01-RJ";"UOP02-DEL01-RJ"
532165;2023-02-16;"quinta-feira";"18:20:00";"BA";110;256;"OLINDINA";"Manobra de mudança de faixa";"Colisão frontal";"Com Vítimas Fatais";"Anoitecer";"Crescente";"Céu Claro";"Simples";"Reta";"Não";2;1;0;0;0;1;0;2;-11,479278;-38,297466;"SPRF-BA";"DEL01-BA";"UOP04-DEL01-BA"
532166;2023-06-27;"terça-feira";"14:35:00";"GO";50;258;"CATALAO";"Ausência de reação do condutor";"Saída de leito carroçável";"Com Vítimas Feridas";"Pleno dia";"Crescente";"Céu Claro";"Dupla";"Reta";"Não";1;0;1;0;0;0;1;1;-18,0291;-47,8275;"SPRF-GO";"DEL06-GO";"UOP01-DEL06-GO"
532167;2023-06-27;"terça-feira";"15:40:00";"PR";369;156;"LONDRINA";"Reação tardia ou ineficiente do condutor";"Colisão traseira";"Com Vítimas Feridas";"Pleno dia";"Decrescente";"Sol";"Dupla";"Reta";"Sim";2;0;0;1;1;0;1;2;-23,29424272;-51,21201754;"SPRF-PR";"DEL07-PR";"UOP01-DEL07-PR"
532168;2023-06-27;"terça-feira";"14:00:00";"MT";70;507;"CUIABA";"Demais falhas mecânicas ou elétricas";"Eventos atípicos";"Com Vítimas Feridas";"Pleno dia";"Crescente";"Céu Claro";"Simples";"Reta";"Não";2;0;2;0;0;0;2;1;-15,65737737;-55,98146613;"SPRF-MT";"DEL01-MT";"UOP02-DEL01-MT"
532169;2023-06-27;"terça-feira";"12:30:00";"PR";277;227;"FERNANDES PINHEIRO";"Ausência de reação do condutor";"Colisão traseira";"Sem Vítimas";"Pleno dia";"Decrescente";"Céu Claro";"Simples";"Reta";"Não";4;0;0;0;4;0;0;2;-25,45403313;-50,44256003;"SPRF-PR";"DEL08-PR";"UOP02-DEL08-PR"
532171;2023-06-27;"terça-feira";"14:30:00";"PR";376;620,8;"SAO JOSE DOS PINHAIS";"Avarias e/ou desgaste excessivo no pneu";"Tombamento";"Com Vítimas Feridas";"Pleno dia";"Crescente";"Sol";"Dupla";"Reta;Declive";"Não";1;0;1;0;0;0;1;1;-25,60925907;-49,17205834;"SPRF-PR";"DEL01-PR";"UOP04-DEL01-PR"
532172;2023-06-27;"terça-feira";"16:00:00";"BA";324;601;"SIMOES FILHO";"Condutor deixou de manter distância do veículo da frente";"Colisão traseira";"Com Vítimas Feridas";"Pleno dia";"Crescente";"Céu Claro";"Dupla";"Declive;Reta";"Sim";4;0;2;0;2;0;2;3;-12,75619292;-38,42803587;"SPRF-BA";"DEL01-BA";"UOP01-DEL01-BA"
532173;2023-06-27;"terça-feira";"15:50:00";"SP";116;284;"ITAPECERICA DA SERRA";"Retorno proibido";"Colisão frontal";"Com Vítimas Feridas";"Pleno dia";"Decrescente";"Céu Claro";"Simples";"Interseção de Vias;Reta;Viaduto";"Sim";2;0;1;0;1;0;1;2;-23,69998;-46,867767;"SPRF-SP";"DEL04-SP";"UOP01-DEL04-SP"
532175;2023-06-27;"terça-feira";"15:00:00";"RO";364;669;"CANDEIAS DO JAMARI";"Reação tardia ou ineficiente do condutor";"Saída de leito carroçável";"Com Vítimas Feridas";"Pleno dia";"Decrescente";"Sol";"Simples";"Reta";"Não";1;0;1;0;0;0;1;1;-8,775432;-63,49578;"SPRF-RO";"DEL01-RO";"UOP01-DEL01-RO"
532179;2023-06-27;"terça-feira";"16:00:00";"SC";101;99;"BALNEARIO PICARRAS";"Mal súbito do condutor";"Colisão com objeto";"Com Vítimas Feridas";"Pleno dia";"Decrescente";"Sol";"Dupla";"Curva";"Não";2;0;1;0;1;0;1;1;-26,7471002;-48,69654831;"SPRF-SC";"DEL03-SC";"UOP02-DEL03-SC"
532180;2023-06-27;"terça-feira";"16:00:00";"MT";70;61,5;"BARRA DO GARCAS";"Acostamento em desnível";"Saída de leito carroçável";"Com Vítimas Fatais";"Pleno dia";"Decrescente";"Céu Claro";"Simples";"Declive;Reta";"Não";4;1;0;3;0;0;3;1;-15,69693479;-52,69881921;"SPRF-MT";"DEL07-MT";"UOP01-DEL07-MT"
532181;2023-06-27;"terça-feira";"16:15:00";"RJ";393;106;"SAPUCAIA";"Acessar a via sem observar a presença dos outros veículos";"Colisão transversal";"Com Vítimas Feridas";"Pleno dia";"Crescente";"Céu Claro";"Simples";"Reta";"Sim";2;0;0;1;1;0;1;2;-21,87764485;-42,67025797;"SPRF-RJ";"DEL05-RJ";"UOP01-DEL05-RJ"
532182;2023-06-27;"terça-feira";"16:03:00";"CE";222;4;"CAUCAIA";"Condutor deixou de manter distância do veículo da frente";"Engavetamento";"Sem Vítimas";"Pleno dia";"Decrescente";"Céu Claro";"Múltipla";"Reta";"Sim";4;0;0;0;4;0;0;4;-3,74164754;-38,60449792;"SPRF-CE";"DEL01-CE";"UOP01-DEL01-CE"
532183;2023-06-27;"terça-feira";"17:00:00";"BA";407;7,4;"JUAZEIRO";"Condutor deixou de manter distância do veículo da frente";"Queda de ocupante de veículo";"Com Vítimas Feridas";"Pleno dia";"Crescente";"Nublado";"Simples";"Reta";"Não";3;0;2;0;1;0;2;2;-9,4650951;-40,48220515;"SPRF-PE";"DEL06-PE";"UOP01-DEL06-PE"
532186;2023-06-27;"terça-feira";"16:30:00";"MG";50;166;"UBERABA";"Reação tardia ou ineficiente do condutor";"Colisão traseira";"Com Vítimas Feridas";"Pleno dia";"Decrescente";"Céu Claro";"Dupla";"Reta";"Não";2;0;0;1;1;0;1;2;-19,70178201;-47,98627802;"SPRF-MG";"DEL13-MG";"UOP01-DEL13-MG"
532187;2023-06-27;"terça-feira";"16:00:00";"SC";101;148;"ITAPEMA";"Frear bruscamente";"Tombamento";"Com Vítimas Feridas";"Pleno dia";"Decrescente";"Céu Claro";"Dupla";"Reta";"Sim";1;0;1;0;0;0;1;1;-27,10123686;-48,61807962;"SPRF-SC";"DEL04-SC";"UOP03-DEL04-SC"
532189;2023-06-27;"terça-feira";"16:40:00";"SC";101;44,4;"JOINVILLE";"Velocidade Incompatível";"Tombamento";"Com Vítimas Feridas";"Pleno dia";"Crescente";"Sol";"Simples";"Declive;Reta";"Sim";2;0;2;0;0;0;2;1;-26,31238996;-48,87458997;"SPRF-SC";"DEL03-SC";"UOP01-DEL03-SC"
532190;2023-06-27;"terça-feira";"16:30:00";"RJ";101;34;"CAMPOS DOS GOYTACAZES";"Acessar a via sem observar a presença dos outros veículos";"Colisão transversal";"Com Vítimas Feridas";"Pleno dia";"Decrescente";"Sol";"Simples";"Declive;Reta";"Sim";2;0;1;0;1;0;1;2;-21,49946102;-41,34019743;"SPRF-RJ";"DEL08-RJ";"UOP01-DEL08-RJ"
532191;2023-06-27;"terça-feira";"15:20:00";"PB";104;118,9;"CAMPINA GRANDE";"Ausência de reação do condutor";"Colisão traseira";"Com Vítimas Feridas";"Pleno dia";"Crescente";"Céu Claro";"Simples";"Reta";"Não";4;0;0;2;2;0;2;2;-7,19637839;-35,87571339;"SPRF-PB";"DEL02-PB";"UOP04-DEL02-PB"
532192;2023-06-27;"terça-feira";"17:40:00";"ES";101;399;"ITAPEMIRIM";"Condutor deixou de manter distância do veículo da frente";"Colisão traseira";"Com Vítimas Feridas";"Anoitecer";"Decrescente";"Céu Claro";"Simples";"Reta";"Não";2;0;0;1;0;1;1;2;-20,87819123;-40,96568078;"SPRF-ES";"DEL03-ES";"UOP02-DEL03-ES"
532193;2023-06-27;"terça-feira";"17:00:00";"SP";116;89,2;"PINDAMONHANGABA";"Demais falhas mecânicas ou elétricas";"Incêndio";"Sem Vítimas";"Anoitecer";"Decrescente";"Céu Claro";"Dupla";"Reta";"Não";1;0;0;0;1;0;0;1;-22,93930884;-45,37874708;"SPRF-SP";"DEL08-SP";"UOP01-DEL08-SP"
532197;2023-06-27;"terça-feira";"17:40:00";"GO";40;92,6;"CRISTALINA";"Acessar a via sem observar a presença dos outros veículos";"Colisão transversal";"Com Vítimas Feridas";"Anoitecer";"Decrescente";"Céu Claro";"Simples";"Interseção de Vias";"Não";7;0;2;0;5;0;2;2;-16,730814;-47,626211;"SPRF-DF";"DEL01-DF";"UOP02-DEL01-DF"
532200;2023-06-27;"terça-feira";"18:05:00";"ES";101;299,9;"VIANA";"Desrespeitar a preferência no cruzamento";"Colisão transversal";"Com Vítimas Feridas";"Plena Noite";"Crescente";"Nublado";"Múltipla";"Interseção de Vias";"Sim";2;0;0;1;1;0;1;2;-20,35718653;-40,43002128;"SPRF-ES";"DEL01-ES";"UOP01-DEL01-ES"
532201;2023-06-27;"terça-feira";"18:13:00";"ES";259;57;"COLATINA";"Manobra de mudança de faixa";"Capotamento";"Com Vítimas Feridas";"Plena Noite";"Crescente";"Céu Claro";"Simples";"Aclive;Reta";"Não";3;0;3;0;0;0;3;1;-19,50865703;-40,65581416;"SPRF-ES";"DEL02-ES";"UOP01-DEL02-ES"
532202;2023-06-27;"terça-feira";"16:00:00";"MG";381;526;"BRUMADINHO";"Velocidade Incompatível";"Colisão com objeto";"Sem Vítimas";"Pleno dia";"Crescente";"Céu Claro";"Dupla";"Declive;Curva";"Não";1;0;0;0;1;0;0;1;-20,16175378;-44,34144636;"SPRF-MG";"DEL04-MG";"UOP03-DEL04-MG"
532203;2023-06-27;"terça-feira";"16:45:00";"MA";316;259,8;"SANTA INES";"Acessar a via sem observar a presença dos outros veículos";"Colisão transversal";"Sem Vítimas";"Pleno dia";"Decrescente";"Céu Claro";"Simples";"Curva";"Sim";3;0;0;0;2;1;0;2;-3,662971;-45,400261;"SPRF-MA";"DEL02-MA";"UOP01-DEL02-MA"
532204;2023-06-27;"terça-feira";"18:20:00";"PR";369;147,4;"LONDRINA";"Manobra de mudança de faixa";"Colisão lateral mesmo sentido";"Com Vítimas Feridas";"Plena Noite";"Crescente";"Céu Claro";"Dupla";"Reta";"Sim";3;0;1;0;2;0;1;3;-23,292879;-51,139242;"SPRF-PR";"DEL07-PR";"UOP01-DEL07-PR"
532205;2023-06-27;"terça-feira";"18:20:00";"ES";101;301;"VIANA";"Entrada inopinada do pedestre";"Colisão transversal";"Com Vítimas Feridas";"Plena Noite";"Decrescente";"Nublado";"Simples";"Viaduto";"Sim";2;0;2;0;0;0;2;2;-20,36278187;-40,4401343;"SPRF-ES";"DEL01-ES";"UOP01-DEL01-ES"
532207;2023-06-27;"terça-feira";"16:40:00";"RJ";40;74;"PETROPOLIS";"Acumulo de óleo sobre o pavimento";"Tombamento";"Com Vítimas Feridas";"Pleno dia";"Decrescente";"Céu Claro";"Simples";"Curva;Declive";"Não";1;0;1;0;0;0;1;1;-22,47224973;-43,22332717;"SPRF-RJ";"DEL06-RJ";"UOP01-DEL06-RJ"
532210;2023-06-27;"terça-feira";"19:00:00";"SP";116;221;"GUARULHOS";"Trafegar com motocicleta (ou similar) entre as faixas";"Colisão lateral mesmo sentido";"Com Vítimas Feridas";"Plena Noite";"Crescente";"Nublado";"Múltipla";"Reta";"Sim";2;0;1;0;1;0;1;2;-23,46802395;-46,50704901;"SPRF-SP";"DEL01-SP";"UOP01-DEL01-SP"
532211;2023-06-27;"terça-feira";"18:20:00";"PR";277;594,2;"CASCAVEL";"Pedestre cruzava a pista fora da faixa";"Atropelamento de Pedestre";"Com Vítimas Fatais";"Plena Noite";"Crescente";"Céu Claro";"Simples";"Reta";"Sim";2;1;0;1;0;0;1;2;-24,97942269;-53,49442536;"SPRF-PR";"DEL04-PR";"UOP01-DEL04-PR"
532212;2023-06-19;"segunda-feira";"06:30:00";"MG";40;793,2;"JUIZ DE FORA";"Curva acentuada";"Colisão com objeto";"Com Vítimas Feridas";"Pleno dia";"Crescente";"Céu Claro";"Dupla";"Curva";"Não";1;0;1;0;0;0;1;1;-21,7848652;-43,41450125;"SPRF-MG";"DEL05-MG";"UOP01-DEL05-MG"
532213;2023-06-27;"terça-feira";"19:00:00";"GO";153;285,9;"NOVA GLORIA";"Condutor deixou de manter distância do veículo da frente";"Colisão traseira";"Com Vítimas Feridas";"Anoitecer";"Decrescente";"Ignorado";"Simples";"Reta";"Não";2;0;0;1;1;0;1;2;-15,170359;-49,543961;"SPRF-GO";"DEL07-GO";"UOP02-DEL07-GO"
532214;2023-06-27;"terça-feira";"17:40:00";"PB";230;240,3;"JUAZEIRINHO";"Ingestão de álcool pelo condutor";"Colisão transversal";"Sem Vítimas";"Anoitecer";"Crescente";"Nublado";"Simples";"Reta";"Não";2;0;0;0;1;1;0;2;-7,065725;-36,56784;"SPRF-PB";"DEL02-PB";"UOP02-DEL02-PB"
532215;2023-06-27;"terça-feira";"19:40:00";"RJ";116;102;"GUAPIMIRIM";"Ausência de reação do condutor";"Saída de leito carroçável";"Com Vítimas Feridas";"Plena Noite";"Crescente";"Céu Claro";"Dupla";"Reta";"Não";1;0;1;0;0;0;1;1;-22,49820581;-42,99844401;"SPRF-RJ";"DEL04-RJ";"UOP01-DEL04-RJ"
532216;2023-06-27;"terça-feira";"18:10:00";"SC";116;246,9;"LAGES";"Acessar a via sem observar a presença dos outros veículos";"Colisão transversal";"Com Vítimas Feridas";"Plena Noite";"Crescente";"Céu Claro";"Múltipla";"Interseção de Vias;Rotatória";"Sim";2;0;1;0;1;0;1;2;-27,81116143;-50,36787271;"SPRF-SC";"DEL05-SC";"UOP02-DEL05-SC"
532217;2023-06-27;"terça-feira";"18:45:00";"BA";116;668,1;"JEQUIE";"Ingestão de álcool pelo condutor";"Colisão frontal";"Com Vítimas Feridas";"Plena Noite";"Crescente";"Ignorado";"Simples";"Reta";"Não";7;0;1;0;6;0;1;3;-13,80242082;-40,11151952;"SPRF-BA";"DEL03-BA";"UOP01-DEL03-BA"
532218;2023-06-27;"terça-feira";"19:40:00";"MG";262;363;"JUATUBA";"Animais na Pista";"Atropelamento de Animal";"Com Vítimas Feridas";"Plena Noite";"Decrescente";"Céu Claro";"Dupla";"Reta";"Sim";1;0;0;1;0;0;1;1;-19,98332997;-44,23572401;"SPRF-MG";"DEL01-MG";"UOP03-DEL01-MG"
532219;2023-06-27;"terça-feira";"15:20:00";"BA";324;522;"FEIRA DE SANTANA";"Ausência de reação do condutor";"Colisão lateral mesmo sentido";"Com Vítimas Feridas";"Pleno dia";"Decrescente";"Nublado";"Dupla";"Reta";"Não";2;0;1;0;1;0;1;2;-12,296469;-38,903487;"SPRF-BA";"DEL01-BA";"UOP03-DEL01-BA"
532220;2023-06-27;"terça-feira";"19:00:00";"RO";364;708;"PORTO VELHO";"Acostamento em desnível";"Queda de ocupante de veículo";"Com Vítimas Feridas";"Plena Noite";"Crescente";"Céu Claro";"Dupla";"Reta";"Sim";1;0;0;1;0;0;1;1;-8,79554083;-63,84072487;"SPRF-RO";"DEL01-RO";"UOP01-DEL01-RO"
532221;2023-06-27;"terça-feira";"19:26:00";"PE";101;54,9;"PAULISTA";"Iluminação deficiente";"Tombamento";"Com Vítimas Feridas";"Plena Noite";"Decrescente";"Chuva";"Dupla";"Reta";"Não";3;0;1;0;2;0;1;2;-7,93961103;-34,90356584;"SPRF-PE";"DEL01-PE";"UOP02-DEL01-PE"
532222;2023-06-27;"terça-feira";"20:00:00";"MG";40;462;"SETE LAGOAS";"Ausência de reação do condutor";"Saída de leito carroçável";"Com Vítimas Feridas";"Plena Noite";"Decrescente";"Céu Claro";"Dupla";"Curva;Declive";"Não";1;0;1;0;0;0;1;1;-19,4136917;-44,33879427;"SPRF-MG";"DEL02-MG";"UOP01-DEL02-MG"
532223;2023-06-27;"terça-feira";"20:25:00";"RJ";40;110;"DUQUE DE CAXIAS";"Acessar a via sem observar a presença dos outros veículos";"Colisão transversal";"Com Vítimas Feridas";"Plena Noite";"Crescente";"Nublado";"Dupla";"Reta";"Sim";2;0;2;0;0;0;2;2;-22,68289906;-43,28549346;"SPRF-RJ";"DEL01-RJ";"UOP01-DEL01-RJ"
532224;2023-06-27;"terça-feira";"19:46:00";"PE";424;119;"GARANHUNS";"Objeto estático sobre o leito carroçável";"Colisão com objeto";"Com Vítimas Feridas";"Plena Noite";"Decrescente";"Chuva";"Simples";"Reta";"Não";3;0;2;0;1;0;2;2;-9,03748115;-36,40711731;"SPRF-PE";"DEL03-PE";"UOP01-DEL03-PE"
532225;2023-06-27;"terça-feira";"20:10:00";"PR";376;248;"APUCARANA";"Ausência de sinalização";"Saída de leito carroçável";"Com Vítimas Feridas";"Plena Noite";"Decrescente";"Céu Claro";"Dupla";"Desvio Temporário;Reta";"Não";1;0;1;0;0;0;1;1;-23,60725049;-51,40743256;"SPRF-PR";"DEL07-PR";"UOP03-DEL07-PR"
532226;2023-06-27;"terça-feira";"20:45:00";"ES";101;323,5;"GUARAPARI";"Transitar no Acostamento";"Atropelamento de Pedestre";"Com Vítimas Feridas";"Plena Noite";"Crescente";"Céu Claro";"Dupla";"Reta";"Não";2;0;1;0;0;1;1;2;-20,54592303;-40,48155635;"SPRF-ES";"DEL03-ES";"UOP01-DEL03-ES"
532227;2023-06-27;"terça-feira";"20:00:00";"PR";369;37;"ANDIRA";"Acesso irregular";"Colisão transversal";"Com Vítimas Feridas";"Plena Noite";"Crescente";"Céu Claro";"Dupla";"Reta";"Sim";2;0;1;0;1;0;1;2;-23,047703;-50,236553;"SPRF-PR";"DEL07-PR";"UOP05-DEL07-PR"
532228;2023-06-27;"terça-feira";"19:02:00";"GO";70;6,1;"AGUAS LINDAS DE GOIAS";"Pedestre cruzava a pista fora da faixa";"Atropelamento de Pedestre";"Com Vítimas Feridas";"Plena Noite";"Decrescente";"Céu Claro";"Dupla";"Reta";"Não";2;0;1;0;1;0;1;2;-15,75049381;-48,2612381;"SPRF-DF";"DEL03-DF";"UOP02-DEL03-DF"
532229;2023-06-27;"terça-feira";"18:27:00";"SC";101;60;"ARAQUARI";"Condutor deixou de manter distância do veículo da frente";"Engavetamento";"Sem Vítimas";"Plena Noite";"Decrescente";"Céu Claro";"Dupla";"Aclive;Reta";"Não";4;0;0;0;3;1;0;4;-26,45072823;-48,78570317;"SPRF-SC";"DEL03-SC";"UOP02-DEL03-SC"
532232;2023-06-27;"terça-feira";"18:30:00";"RS";116;115,6;"SAO MARCOS";"Acessar a via sem observar a presença dos outros veículos";"Colisão transversal";"Com Vítimas Feridas";"Anoitecer";"Crescente";"Céu Claro";"Simples";"Interseção de Vias";"Sim";2;0;1;0;1;0;1;2;-28,97509412;-51,06792079;"SPRF-RS";"DEL05-RS";"UOP01-DEL05-RS"
532233;2023-06-27;"terça-feira";"19:50:00";"MT";364;393;"CUIABA";"Ingestão de álcool e/ou substâncias psicoativas pelo pedestre";"Atropelamento de Pedestre";"Com Vítimas Fatais";"Plena Noite";"Crescente";"Céu Claro";"Dupla";"Reta";"Não";2;1;0;0;0;1;0;2;-15,701122;-55,881774;"SPRF-MT";"DEL01-MT";"UOP02-DEL01-MT"
532234;2023-06-27;"terça-feira";"15:03:00";"AM";174;946;"MANAUS";"Condutor Dormindo";"Saída de leito carroçável";"Com Vítimas Feridas";"Pleno dia";"Crescente";"Sol";"Simples";"Reta";"Não";4;0;2;1;1;0;3;1;-2,43441504;-60,0280072;"SPRF-AM";"DEL01-AM";"UOP01-DEL01-AM"
532236;2023-06-27;"terça-feira";"20:30:00";"TO";10;458;"PALMAS";"Deficiência do Sistema de Iluminação/Sinalização";"Colisão traseira";"Com Vítimas Feridas";"Plena Noite";"Decrescente";"Céu Claro";"Múltipla";"Declive;Reta";"Sim";3;0;1;0;2;0;1;3;-10,196890982;-48,1669258852;"SPRF-TO";"DEL01-TO";"UOP03-DEL01-TO"
532237;2023-06-27;"terça-feira";"21:10:00";"GO";70;2;"AGUAS LINDAS DE GOIAS";"Acessar a via sem observar a presença dos outros veículos";"Colisão com objeto";"Com Vítimas Feridas";"Plena Noite";"Decrescente";"Céu Claro";"Múltipla";"Reta";"Não";1;0;0;1;0;0;1;1;-15,767021;-48,229945;"SPRF-DF";"DEL03-DF";"UOP02-DEL03-DF"
532238;2023-06-25;"domingo";"17:00:00";"MG";381;400;"BOM JESUS DO AMPARO";"Ausência de reação do condutor";"Saída de leito carroçável";"Com Vítimas Feridas";"Pleno dia";"Decrescente";"Céu Claro";"Dupla";"Curva";"Não";4;0;4;0;0;0;4;1;-19,74021885;-43,51724307;"SPRF-MG";"DEL01-MG";"UOP01-DEL01-MG"
532239;2023-06-27;"terça-feira";"22:00:00";"RN";101;109;"PARNAMIRIM";"Chuva";"Tombamento";"Com Vítimas Feridas";"Plena Noite";"Decrescente";"Chuva";"Dupla";"Reta";"Sim";1;0;1;0;0;0;1;1;-5,937378;-35,26483;"SPRF-RN";"DEL01-RN";"UOP01-DEL01-RN"
532240;2023-06-27;"terça-feira";"21:55:00";"MG";381;919,1;"CAMANDUCAIA";"Velocidade Incompatível";"Tombamento";"Com Vítimas Feridas";"Plena Noite";"Crescente";"Céu Claro";"Dupla";"Curva;Aclive";"Não";1;0;1;0;0;0;1;1;-22,756442;-46,152717;"SPRF-MG";"DEL16-MG";"UOP03-DEL16-MG"
532242;2023-06-27;"terça-feira";"22:40:00";"SC";280;74,3;"JARAGUA DO SUL";"Iluminação deficiente";"Colisão transversal";"Com Vítimas Feridas";"Plena Noite";"Decrescente";"Nublado";"Simples";"Reta";"Sim";2;0;2;0;0;0;2;2;-26,45877322;-49,16147801;"SPRF-SC";"DEL03-SC";"UOP03-DEL03-SC"
532243;2023-06-27;"terça-feira";"19:05:00";"MA";316;150,3;"NOVA OLINDA DO MARANHAO";"Iluminação deficiente";"Colisão traseira";"Com Vítimas Feridas";"Plena Noite";"Crescente";"Céu Claro";"Simples";"Reta";"Não";3;0;2;0;0;1;2;2;-2,85185;-45,692184;"SPRF-MA";"DEL02-MA";"UOP02-DEL02-MA"
532245;2023-06-27;"terça-feira";"18:00:00";"AL";101;245,5;"PORTO REAL DO COLEGIO";"Animais na Pista";"Atropelamento de Animal";"Sem Vítimas";"Plena Noite";"Decrescente";"Chuva";"Dupla";"Reta";"Não";1;0;0;0;0;1;0;1;-10,18803118;-36,82746955;"SPRF-AL";"DEL02-AL";"UOP02-DEL02-AL"
532247;2023-06-27;"terça-feira";"21:30:00";"PE";232;534;"TERRA NOVA";"Reação tardia ou ineficiente do condutor";"Tombamento";"Com Vítimas Feridas";"Plena Noite";"Crescente";"Nublado";"Simples";"Declive";"Não";1;0;0;1;0;0;1;1;-8,07789234;-39,35023599;"SPRF-PE";"DEL05-PE";"UOP01-DEL05-PE"
532248;2023-06-27;"terça-feira";"23:00:00";"CE";116;40;"HORIZONTE";"Acesso irregular";"Colisão transversal";"Sem Vítimas";"Plena Noite";"Decrescente";"Céu Claro";"Dupla";"Reta";"Sim";4;0;0;0;4;0;0;2;-4,09496999;-38,50351984;"SPRF-CE";"DEL01-CE";"UOP02-DEL01-CE"
532251;2023-06-28;"quarta-feira";"00:10:00";"SC";282;51,4;"RANCHO QUEIMADO";"Demais falhas mecânicas ou elétricas";"Incêndio";"Sem Vítimas";"Plena Noite";"Decrescente";"Céu Claro";"Simples";"Curva;Aclive";"Não";1;0;0;0;1;0;0;1;-27,703712;-48,959267;"SPRF-SC";"DEL01-SC";"UOP03-DEL01-SC"
532252;2023-06-28;"quarta-feira";"00:30:00";"PE";232;9,1;"RECIFE";"Ausência de reação do condutor";"Tombamento";"Com Vítimas Feridas";"Plena Noite";"Decrescente";"Chuva";"Dupla";"Reta;Viaduto";"Sim";1;0;1;0;0;0;1;1;-8,07917241;-34,98718609;"SPRF-PE";"DEL01-PE";"UOP01-DEL01-PE"
532253;2023-06-28;"quarta-feira";"01:30:00";"SP";116;227;"GUARULHOS";"Acesso irregular";"Queda de ocupante de veículo";"Com Vítimas Feridas";"Plena Noite";"Crescente";"Nublado";"Dupla";"Reta";"Sim";1;0;1;0;0;0;1;1;-23,49659264;-46,55648754;"SPRF-SP";"DEL01-SP";"UOP01-DEL01-SP"
532254;2023-06-27;"terça-feira";"23:45:00";"BA";324;576;"SAO SEBASTIAO DO PASSE";"Condutor Dormindo";"Capotamento";"Com Vítimas Feridas";"Plena Noite";"Crescente";"Nublado";"Dupla";"Reta";"Não";3;0;3;0;0;0;3;1;-12,57834312;-38,53790009;"SPRF-BA";"DEL01-BA";"UOP01-DEL01-BA"
532255;2023-06-28;"quarta-feira";"00:20:00";"PR";376;353,4;"ORTIGUEIRA";"Ausência de reação do condutor";"Saída de leito carroçável";"Com Vítimas Fatais";"Plena Noite";"Crescente";"Céu Claro";"Dupla";"Reta";"Não";3;1;0;2;0;0;2;1;-24,22359047;-50,92967749;"SPRF-PR";"DEL07-PR";"UOP02-DEL07-PR"
532256;2023-06-28;"quarta-feira";"02:15:00";"MG";116;413,2;"GOVERNADOR VALADARES";"Velocidade Incompatível";"Colisão com objeto";"Com Vítimas Feridas";"Plena Noite";"Crescente";"Céu Claro";"Simples";"Curva";"Não";2;0;2;0;0;0;2;1;-18,882333;-41,95699;"SPRF-MG";"DEL06-MG";"UOP01-DEL06-MG"
532257;2023-03-07;"terça-feira";"11:00:00";"RS";470;169,9;"VERANOPOLIS";"Acessar a via sem observar a presença dos outros veículos";"Colisão transversal";"Com Vítimas Feridas";"Pleno dia";"Decrescente";"Céu Claro";"Simples";"Aclive;Reta";"Sim";2;0;1;0;1;0;1;2;-28,86454223;-51,55299051;"SPRF-RS";"DEL06-RS";"UOP02-DEL06-RS"
532259;2023-06-28;"quarta-feira";"04:15:00";"ES";101;142,9;"LINHARES";"Animais na Pista";"Atropelamento de Animal";"Com Vítimas Feridas";"Plena Noite";"Crescente";"Céu Claro";"Simples";"Reta";"Não";2;0;2;0;0;0;2;1;-19,33458987;-40,06755477;"SPRF-ES";"DEL04-ES";"UOP01-DEL04-ES"
532261;2023-06-28;"quarta-feira";"05:55:00";"MG";116;229;"TEOFILO OTONI";"Transitar na contramão";"Colisão frontal";"Com Vítimas Fatais";"Amanhecer";"Crescente";"Nublado";"Simples";"Curva";"Não";6;1;0;4;1;0;4;2;-17,4783411;-41,49387021;"SPRF-MG";"DEL11-MG";"UOP01-DEL11-MG"