"id";"data_inversa";"dia_semana";"horario";"uf";"br";"km";"municipio";"causa_acidente";"tipo_acidente";"classificacao_acidente";"fase_dia";"sentido_via";"condicao_metereologica";"tipo_pista";"tracado_via";"uso_solo";"pessoas";"mortos";"feridos_leves";"feridos_graves";"ilesos";"ignorados";"feridos";"veiculos";"latitude";"longitude";"regional";"delegacia";"uop"
532262;2023-06-28;"quarta-feira";"06:15:00";"DF";70;5,4;"BRASILIA";"Ausência de reação do condutor";"Colisão traseira";"Com Vítimas Feridas";"Pleno dia";"Decrescente";"Céu Claro";"Dupla";"Reta";"Sim";2;0;1;0;1;0;1;2;-15,79276;-48,101419;"SPRF-DF";"DEL03-DF";"UOP02-DEL03-DF"
532263;2023-06-28;"quarta-feira";"06:00:00";"AL";316;2,5;"PILAR";"Ausência de reação do condutor";"Colisão frontal";"Com Vítimas Fatais";"Pleno dia";"Crescente";"Chuva";"Simples";"Reta";"Sim";4;1;0;0;3;0;0;2;-9,597656;-35,956963;"SPRF-AL";"DEL02-AL";"UOP01-DEL02-AL"
532266;2023-06-28;"quarta-feira";"06:00:00";"MS";436;4;"APARECIDA DO TABOADO";"Reação tardia ou ineficiente do condutor";"Tombamento";"Com Vítimas Feridas";"Pleno dia";"Decrescente";"Céu Claro";"Simples";"Reta";"Não";1;0;1;0;0;0;1;1;-20,09521944;-51,0342481;"SPRF-MS";"DEL08-MS";"UOP01-DEL08-MS"
532267;2023-06-28;"quarta-feira";"07:00:00";"GO";60;101,6;"ANAPOLIS";"Condutor deixou de manter distância do veículo da frente";"Colisão traseira";"Com Vítimas Feridas";"Amanhecer";"Decrescente";"Céu Claro";"Dupla";"Reta";"Sim";2;0;1;0;1;0;1;2;-16,406;-48,9831;"SPRF-GO";"DEL02-GO";"UOP01-DEL02-GO"
532269;2023-06-28;"quarta-feira";"07:04:00";"PB";101;19,5;"RIO TINTO";"Acumulo de água sobre o pavimento";"Saída de leito carroçável";"Com Vítimas Feridas";"Pleno dia";"Decrescente";"Chuva";"Dupla";"Curva;Declive";"Não";2;0;1;0;1;0;1;1;-6,676273;-35,11294127;"SPRF-PB";"DEL01-PB";"UOP04-DEL01-PB"
532272;2023-06-28;"quarta-feira";"07:10:00";"SC";282;16;"PALHOCA";"Trafegar com motocicleta (ou similar) entre as faixas";"Colisão transversal";"Com Vítimas Feridas";"Pleno dia";"Decrescente";"Céu Claro";"Simples";"Reta;Interseção de Vias";"Sim";2;0;1;1;0;0;2;2;-27,658611;-48,681847;"SPRF-SC";"DEL01-SC";"UOP02-DEL01-SC"
532274;2023-06-28;"quarta-feira";"07:50:00";"SP";101;24,9;"UBATUBA";"Velocidade Incompatível";"Tombamento";"Com Vítimas Feridas";"Pleno dia";"Crescente";"Sol";"Simples";"Curva";"Não";1;0;1;0;0;0;1;1;-23,35526999;-44,94599221;"SPRF-SP";"DEL06-SP";"UOP01-DEL06-SP"
532277;2023-06-28;"quarta-feira";"07:40:00";"PR";376;3,8;"SAO JOSE DOS PINHAIS";"Acessar a via sem observar a presença dos outros veículos";"Atropelamento de Pedestre";"Com Vítimas Feridas";"Pleno dia";"Decrescente";"Céu Claro";"Dupla";"Reta";"Sim";3;0;2;0;1;0;2;3;-25,5307;-49,1958;"SPRF-PR";"DEL01-PR";"UOP04-DEL01-PR"
532278;2023-06-28;"quarta-feira";"07:40:00";"RJ";101;389;"RIO DE JANEIRO";"Retorno proibido";"Colisão transversal";"Com Vítimas Feridas";"Pleno dia";"Decrescente";"Céu Claro";"Dupla";"Reta";"Sim";2;0;1;0;1;0;1;2;-22,89077885;-43,66684705;"SPRF-RJ";"DEL03-RJ";"UOP01-DEL03-RJ"
532279;2023-06-28;"quarta-feira";"07:50:00";"PR";376;590,3;"CURITIBA";"Trafegar com motocicleta (ou similar) entre as faixas";"Colisão lateral mesmo sentido";"Com Vítimas Feridas";"Pleno dia";"Crescente";"Céu Claro";"Dupla";"Reta";"Sim";2;0;1;0;1;0;1;2;-25,558477;-49,368313;"SPRF-PR";"DEL01-PR";"UOP06-DEL01-PR"
532280;2023-06-28;"quarta-feira";"07:50:00";"MA";135;7;"SAO LUIS";"Pedestre cruzava a pista fora da faixa";"Atropelamento de Pedestre";"Com Vítimas Feridas";"Pleno dia";"Decrescente";"Céu Claro";"Dupla";"Declive";"Sim";3;0;3;0;0;0;3;2;-2,63608835;-44,26848552;"SPRF-MA";"DEL01-MA";"UOP01-DEL01-MA"
532281;2023-04-26;"quarta-feira";"08:10:00";"SC";101;119,5;"ITAJAI";"Trafegar com motocicleta (ou similar) entre as faixas";"Colisão lateral mesmo sentido";"Com Vítimas Feridas";"Pleno dia";"Crescente";"Céu Claro";"Dupla";"Reta";"Não";3;0;2;0;1;0;2;2;-26,9043179;-48,71555481;"SPRF-SC";"DEL04-SC";"UOP04-DEL04-SC"
532283;2023-06-28;"quarta-feira";"07:35:00";"PE";424;86,5;"GARANHUNS";"Acessar a via sem observar a presença dos outros veículos";"Colisão transversal";"Sem Vítimas";"Pleno dia";"Decrescente";"Garoa/Chuvisco";"Simples";"Reta";"Sim";2;0;0;0;1;1;0;2;-8,87032664;-36,50819063;"SPRF-PE";"DEL03-PE";"UOP01-DEL03-PE"
532284;2023-06-28;"quarta-feira";"07:23:00";"PI";343;344,3;"TERESINA";"Desrespeitar a preferência no cruzamento";"Colisão transversal";"Com Vítimas Feridas";"Pleno dia";"Decrescente";"Céu Claro";"Simples";"Interseção de Vias";"Sim";3;0;1;1;1;0;2;2;-5,094729;-42,762775;"SPRF-PI";"DEL01-PI";"UOP01-DEL01-PI"
532286;2023-06-28;"quarta-feira";"08:05:00";"BA";116;431;"FEIRA DE SANTANA";"Ingestão de álcool pelo condutor";"Queda de ocupante de veículo";"Com Vítimas Feridas";"Pleno dia";"Crescente";"Céu Claro";"Dupla";"Reta";"Não";1;0;1;0;0;0;1;1;-12,28317201;-38,99865998;"SPRF-BA";"DEL02-BA";"UOP01-DEL02-BA"
532287;2023-06-28;"quarta-feira";"07:40:00";"PB";101;79,8;"SANTA RITA";"Velocidade Incompatível";"Colisão com objeto";"Com Vítimas Feridas";"Pleno dia";"Crescente";"Chuva";"Dupla";"Curva";"Não";1;0;1;0;0;0;1;1;-7,1147525966;-34,9579389098;"SPRF-PB";"DEL01-PB";"UOP04-DEL01-PB"
532288;2023-06-28;"quarta-feira";"08:00:00";"PI";343;189;"PIRIPIRI";"Desrespeitar a preferência no cruzamento";"Colisão transversal";"Com Vítimas Feridas";"Pleno dia";"Decrescente";"Céu Claro";"Simples";"Reta";"Sim";3;0;2;0;1;0;2;2;-4,31367;-41,776325;"SPRF-PI";"DEL02-PI";"UOP01-DEL02-PI"
532291;2023-06-28;"quarta-feira";"07:00:00";"DF";20;2;"BRASILIA";"Velocidade Incompatível";"Colisão com objeto";"Com Vítimas Feridas";"Pleno dia";"Decrescente";"Céu Claro";"Dupla";"Aclive;Reta";"Sim";1;0;1;0;0;0;1;1;-15,682896;-47,840729;"SPRF-DF";"DEL02-DF";"UOP01-DEL02-DF"
532293;2023-06-28;"quarta-feira";"07:40:00";"SP";116;487;"CAJATI";"Estacionar ou parar em local proibido";"Colisão traseira";"Com Vítimas Feridas";"Pleno dia";"Decrescente";"Céu Claro";"Dupla";"Reta";"Sim";3;0;1;0;2;0;1;2;-24,72633575;-48,08998415;"SPRF-SP";"DEL05-SP";"UOP01-DEL05-SP"
532295;2023-06-28;"quarta-feira";"09:00:00";"DF";70;7,4;"BRASILIA";"Reação tardia ou ineficiente do condutor";"Colisão traseira";"Com Vítimas Feridas";"Pleno dia";"Decrescente";"Céu Claro";"Dupla";"Reta";"Sim";1;0;1;0;0;0;1;1;-15,787601;-48,114429;"SPRF-DF";"DEL03-DF";"UOP02-DEL03-DF"
532298;2023-06-28;"quarta-feira";"06:45:00";"GO";60;54;"ABADIANIA";"Pedestre andava na pista";"Atropelamento de Pedestre";"Com Vítimas Fatais";"Pleno dia";"Decrescente";"Céu Claro";"Dupla";"Reta";"Não";2;1;0;0;1;0;0;2;-16,1817;-48,6533;"SPRF-GO";"DEL02-GO";"UOP01-DEL02-GO"
532299;2023-06-28;"quarta-feira";"08:30:00";"PR";369;150;"LONDRINA";"Ingestão de álcool pelo condutor";"Colisão traseira";"Sem Vítimas";"Pleno dia";"Decrescente";"Céu Claro";"Dupla";"Interseção de Vias;Reta";"Sim";6;0;0;0;6;0;0;3;-23,29287;-51,163829;"SPRF-PR";"DEL07-PR";"UOP01-DEL07-PR"
532300;2023-06-28;"quarta-feira";"06:30:00";"MG";50;167;"UBERABA";"Demais falhas mecânicas ou elétricas";"Saída de leito carroçável";"Com Vítimas Feridas";"Amanhecer";"Crescente";"Céu Claro";"Dupla";"Reta";"Não";3;0;3;0;0;0;3;1;-19,7102529;-47,98304473;"SPRF-MG";"DEL13-MG";"UOP01-DEL13-MG"
532306;2023-06-24;"sábado";"20:40:00";"SP";116;70,5;"APARECIDA";"Entrada inopinada do pedestre";"Atropelamento de Pedestre";"Com Vítimas Fatais";"Plena Noite";"Decrescente";"Céu Claro";"Dupla";"Reta";"Não";3;1;0;0;2;0;0;2;-22,84852898;-45,22705084;"SPRF-SP";"DEL08-SP";"UOP01-DEL08-SP"
532308;2023-06-28;"quarta-feira";"07:15:00";"MG";50;176;"UBERABA";"Reação tardia ou ineficiente do condutor";"Colisão com objeto";"Com Vítimas Fatais";"Pleno dia";"Decrescente";"Céu Claro";"Dupla";"Reta;Desvio Temporário;Em Obras";"Sim";3;1;0;0;0;2;0;2;-19,77919981;-47,960032;"SPRF-MG";"DEL13-MG";"UOP01-DEL13-MG"
532309;2023-06-28;"quarta-feira";"06:45:00";"SC";101;394;"CRICIUMA";"Reação tardia ou ineficiente do condutor";"Colisão traseira";"Com Vítimas Feridas";"Amanhecer";"Decrescente";"Céu Claro";"Simples";"Reta";"Não";2;0;1;0;1;0;1;2;-28,80786013;-49,37589526;"SPRF-SC";"DEL02-SC";"UOP02-DEL02-SC"
532310;2023-06-28;"quarta-feira";"08:45:00";"SC";101;203,5;"SAO JOSE";"Demais falhas mecânicas ou elétricas";"Tombamento";"Com Vítimas Feridas";"Pleno dia";"Crescente";"Céu Claro";"Dupla";"Reta";"Sim";2;0;1;0;0;1;1;2;-27,5650044;-48,61460082;"SPRF-SC";"DEL01-SC";"UOP01-DEL01-SC"
532311;2023-06-28;"quarta-feira";"07:20:00";"MG";116;728,6;"LARANJAL";"Condutor Dormindo";"Saída de leito carroçável";"Com Vítimas Feridas";"Pleno dia";"Crescente";"Céu Claro";"Simples";"Reta";"Não";2;0;2;0;0;0;2;1;-21,28972825;-42,41763654;"SPRF-MG";"DEL07-MG";"UOP02-DEL07-MG"
532313;2023-06-28;"quarta-feira";"08:30:00";"PR";469;12,5;"FOZ DO IGUACU";"Pista Escorregadia";"Queda de ocupante de veículo";"Com Vítimas Feridas";"Pleno dia";"Crescente";"Céu Claro";"Simples";"Reta;Desvio Temporário;Em Obras";"Sim";1;0;1;0;0;0;1;1;-25,5754;-54,5489;"SPRF-PR";"DEL05-PR";"UOP04-DEL05-PR"
532315;2023-01-08;"domingo";"11:00:00";"RO";364;424;"JARU";"Desrespeitar a preferência no cruzamento";"Colisão transversal";"Com Vítimas Feridas";"Pleno dia";"Decrescente";"Sol";"Simples";"Interseção de Vias";"Sim";3;0;2;0;1;0;2;2;-10,44457274;-62,46568412;"SPRF-RO";"DEL03-RO";"UOP02-DEL03-RO"
532317;2023-06-28;"quarta-feira";"08:05:00";"MS";163;476,1;"CAMPO GRANDE";"Ultrapassagem Indevida";"Colisão transversal";"Com Vítimas Feridas";"Amanhecer";"Crescente";"Céu Claro";"Simples";"Reta";"Sim";2;0;1;0;1;0;1;2;-20,51162825;-54,56030973;"SPRF-MS";"DEL01-MS";"UOP01-DEL01-MS"
532319;2023-06-08;"quinta-feira";"13:25:00";"PR";277;53;"SAO JOSE DOS PINHAIS";"Reação tardia ou ineficiente do condutor";"Colisão traseira";"Com Vítimas Feridas";"Pleno dia";"Decrescente";"Sol";"Dupla";"Curva";"Não";10;0;1;0;9;0;1;3;-25,591842;-48,92584;"SPRF-PR";"DEL01-PR";"UOP01-DEL01-PR"
532320;2023-06-28;"quarta-feira";"10:20:00";"BA";242;818;"BARREIRAS";"Ultrapassagem Indevida";"Colisão frontal";"Com Vítimas Feridas";"Pleno dia";"Crescente";"Sol";"Simples";"Reta;Declive";"Não";2;0;0;1;1;0;1;2;-12,13017913;-45,01649885;"SPRF-BA";"DEL10-BA";"UOP01-DEL10-BA"
532322;2023-06-28;"quarta-feira";"10:45:00";"SP";116;136;"SAO JOSE DOS CAMPOS";"Condutor deixou de manter distância do veículo da frente";"Tombamento";"Com Vítimas Feridas";"Pleno dia";"Crescente";"Céu Claro";"Dupla";"Reta";"Não";2;0;0;1;0;1;1;2;-23,14874471;-45,77863714;"SPRF-SP";"DEL02-SP";"UOP01-DEL02-SP"
532323;2023-05-22;"segunda-feira";"20:00:00";"RO";319;57;"PORTO VELHO";"Ausência de sinalização";"Queda de ocupante de veículo";"Com Vítimas Feridas";"Plena Noite";"Decrescente";"Ignorado";"Dupla";"Reta;Em Obras";"Sim";1;0;0;1;0;0;1;1;-8,73960971;-63,93149257;"SPRF-RO";"DEL01-RO";"UOP01-DEL01-RO"
532325;2023-06-28;"quarta-feira";"11:30:00";"PB";104;188;"ALCANTIL";"Frear bruscamente";"Colisão frontal";"Com Vítimas Fatais";"Pleno dia";"Crescente";"Nublado";"Simples";"Reta";"Não";4;1;1;0;2;0;1;3;-7,70626718;-36,06343369;"SPRF-PB";"DEL02-PB";"UOP03-DEL02-PB"
532326;2023-06-28;"quarta-feira";"11:15:00";"SP";116;216;"GUARULHOS";"Reação tardia ou ineficiente do condutor";"Colisão traseira";"Com Vítimas Feridas";"Pleno dia";"Decrescente";"Céu Claro";"Simples";"Reta";"Sim";2;0;1;0;0;1;1;2;-23,45056589;-46,46258105;"SPRF-SP";"DEL01-SP";"UOP01-DEL01-SP"
532327;2023-06-28;"quarta-feira";"09:00:00";"RS";471;571,9;"SANTA VITORIA DO PALMAR";"Demais falhas mecânicas ou elétricas";"Capotamento";"Com Vítimas Feridas";"Pleno dia";"Decrescente";"Nublado";"Simples";"Reta";"Não";3;0;2;0;1;0;2;1;-32,995815;-52,819611;"SPRF-RS";"DEL07-RS";"UOP04-DEL07-RS"
532329;2023-06-28;"quarta-feira";"09:00:00";"BA";367;69;"PORTO SEGURO";"Acessar a via sem observar a presença dos outros veículos";"Colisão lateral sentido oposto";"Com Vítimas Feridas";"Pleno dia";"Crescente";"Garoa/Chuvisco";"Simples";"Reta";"Não";2;0;1;0;1;0;1;2;-16,3925741;-39,45796095;"SPRF-BA";"DEL09-BA";"UOP03-DEL09-BA"
532332;2023-06-28;"quarta-feira";"10:00:00";"RJ";101;495,5;"ANGRA DOS REIS";"Avarias e/ou desgaste excessivo no pneu";"Incêndio";"Sem Vítimas";"Pleno dia";"Crescente";"Céu Claro";"Simples";"Reta";"Não";1;0;0;0;1;0;0;1;-22,93180313;-44,32178488;"SPRF-RJ";"DEL03-RJ";"UOP03-DEL03-RJ"
532333;2023-06-28;"quarta-feira";"08:00:00";"MS";262;293,8;"CAMPO GRANDE";"Manobra de mudança de faixa";"Colisão lateral sentido oposto";"Com Vítimas Feridas";"Pleno dia";"Decrescente";"Céu Claro";"Simples";"Aclive;Reta";"Não";2;0;1;0;0;1;1;2;-20,49927981;-54,23106904;"SPRF-MS";"DEL01-MS";"UOP01-DEL01-MS"
532335;2023-06-28;"quarta-feira";"07:15:00";"MA";222;208;"ITAPECURU MIRIM";"Ultrapassagem Indevida";"Colisão lateral mesmo sentido";"Com Vítimas Feridas";"Pleno dia";"Crescente";"Céu Claro";"Simples";"Reta";"Sim";2;0;1;0;1;0;1;2;-3,39157076;-44,36271275;"SPRF-MA";"DEL01-MA";"UOP02-DEL01-MA"
532336;2023-06-28;"quarta-feira";"10:50:00";"MA";222;676;"ACAILANDIA";"Acesso irregular";"Colisão transversal";"Sem Vítimas";"Pleno dia";"Decrescente";"Céu Claro";"Simples";"Reta";"Sim";2;0;0;0;2;0;0;2;-4,94304617;-47,4690399;"SPRF-MA";"DEL04-MA";"UOP03-DEL04-MA"
532337;2023-06-28;"quarta-feira";"11:50:00";"PR";163;341;"GUAIRA";"Desrespeitar a preferência no cruzamento";"Colisão lateral mesmo sentido";"Com Vítimas Feridas";"Pleno dia";"Decrescente";"Céu Claro";"Simples";"Declive;Reta";"Não";2;0;0;1;1;0;1;2;-24,21375699;-54,19958751;"SPRF-PR";"DEL06-PR";"UOP01-DEL06-PR"
532338;2023-02-20;"segunda-feira";"15:00:00";"SC";282;83;"ALFREDO WAGNER";"Velocidade Incompatível";"Colisão frontal";"Com Vítimas Feridas";"Pleno dia";"Crescente";"Chuva";"Simples";"Curva;Declive";"Não";7;0;7;0;0;0;7;2;-27,666153;-49,175022;"SPRF-SC";"DEL01-SC";"UOP03-DEL01-SC"
532341;2023-06-28;"quarta-feira";"13:50:00";"RS";386;117,6;"SARANDI";"Acessar a via sem observar a presença dos outros veículos";"Colisão transversal";"Com Vítimas Feridas";"Pleno dia";"Decrescente";"Céu Claro";"Simples";"Reta";"Não";5;0;5;0;0;0;5;2;-27,845625;-53,017443;"SPRF-RS";"DEL08-RS";"UOP01-DEL08-RS"
532342;2023-06-28;"quarta-feira";"14:00:00";"MG";381;484;"BETIM";"Manobra de mudança de faixa";"Colisão lateral mesmo sentido";"Com Vítimas Feridas";"Pleno dia";"Decrescente";"Céu Claro";"Simples";"Reta";"Não";3;0;1;0;2;0;1;2;-19,95531717;-44,11722196;"SPRF-MG";"DEL01-MG";"UOP03-DEL01-MG"
532343;2023-06-28;"quarta-feira";"13:30:00";"MG";116;579,9;"CORREGO DANTA";"Ausência de reação do condutor";"Colisão traseira";"Com Vítimas Feridas";"Pleno dia";"Crescente";"Céu Claro";"Simples";"Reta";"Não";3;0;2;0;1;0;2;2;-19,66704253;-46,05642815;"SPRF-MG";"DEL06-MG";"UOP03-DEL06-MG"
532345;2023-06-28;"quarta-feira";"14:30:00";"PB";104;130,6;"CAMPINA GRANDE";"Ausência de reação do condutor";"Colisão traseira";"Sem Vítimas";"Pleno dia";"Decrescente";"Chuva";"Simples";"Reta";"Sim";2;0;0;0;2;0;0;2;-7,29013399;-35,89029705;"SPRF-PB";"DEL02-PB";"UOP03-DEL02-PB"
532346;2023-06-24;"sábado";"14:00:00";"MS";262;173;"RIBAS DO RIO PARDO";"Reação tardia ou ineficiente do condutor";"Saída de leito carroçável";"Com Vítimas Feridas";"Pleno dia";"Decrescente";"Sol";"Simples";"Reta";"Não";1;0;0;1;0;0;1;1;-20,42327329;-53,11376106;"SPRF-MS";"DEL07-MS";"UOP02-DEL07-MS"
532347;2023-06-28;"quarta-feira";"13:20:00";"PI";343;4;"TERESINA";"Condutor deixou de manter distância do veículo da frente";"Colisão traseira";"Com Vítimas Feridas";"Pleno dia";"Crescente";"Céu Claro";"Dupla";"Reta";"Sim";2;0;1;0;1;0;1;2;-5,089569;-42,802288;"SPRF-PI";"DEL01-PI";"UOP01-DEL01-PI"
532348;2023-06-28;"quarta-feira";"14:30:00";"PR";376;2,3;"MANDAGUARI";"Acessar a via sem observar a presença dos outros veículos";"Colisão transversal";"Com Vítimas Feridas";"Pleno dia";"Crescente";"Sol";"Simples";"Reta";"Não";2;0;1;0;1;0;1;2;-23,51416453;-51,70017421;"SPRF-PR";"DEL09-PR";"UOP01-DEL09-PR"
532349;2023-06-28;"quarta-feira";"14:30:00";"MS";262;518;"AQUIDAUANA";"Velocidade Incompatível";"Saída de leito carroçável";"Com Vítimas Fatais";"Pleno dia";"Decrescente";"Céu Claro";"Simples";"Reta";"Não";3;1;1;0;1;0;1;1;-20,41830207;-56,05730905;"SPRF-MS";"DEL03-MS";"UOP01-DEL03-MS"
532350;2023-06-28;"quarta-feira";"13:22:00";"MS";163;680,1;"RIO VERDE DE MATO GROSSO";"Ingestão de álcool pelo condutor";"Tombamento";"Com Vítimas Feridas";"Pleno dia";"Crescente";"Céu Claro";"Simples";"Reta";"Sim";1;0;1;0;0;0;1;1;-18,92417173;-54,83538529;"SPRF-MS";"DEL06-MS";"UOP02-DEL06-MS"
532351;2023-06-28;"quarta-feira";"15:50:00";"ES";101;146;"LINHARES";"Condutor deixou de manter distância do veículo da frente";"Colisão lateral mesmo sentido";"Com Vítimas Feridas";"Pleno dia";"Decrescente";"Céu Claro";"Dupla";"Reta";"Sim";2;0;1;0;0;1;1;2;-19,36990998;-40,06560718;"SPRF-ES";"DEL04-ES";"UOP01-DEL04-ES"
532352;2023-06-28;"quarta-feira";"11:30:00";"TO";153;469,3;"BARROLANDIA";"Manobra de mudança de faixa";"Saída de leito carroçável";"Com Vítimas Feridas";"Pleno dia";"Crescente";"Sol";"Simples";"Reta";"Não";2;0;2;0;0;0;2;1;-9,99061992;-48,75692212;"SPRF-TO";"DEL01-TO";"UOP01-DEL01-TO"
532353;2023-06-28;"quarta-feira";"15:45:00";"PE";101;79;"JABOATAO DOS GUARARAPES";"Trafegar com motocicleta (ou similar) entre as faixas";"Colisão traseira";"Com Vítimas Feridas";"Pleno dia";"Crescente";"Céu Claro";"Dupla";"Curva";"Sim";2;0;1;0;1;0;1;2;-8,14366112;-34,94723453;"SPRF-PE";"DEL01-PE";"UOP01-DEL01-PE"
532354;2023-06-28;"quarta-feira";"15:00:00";"RS";471;158;"RIO PARDO";"Ausência de sinalização";"Engavetamento";"Sem Vítimas";"Pleno dia";"Crescente";"Garoa/Chuvisco";"Simples";"Aclive;Reta";"Não";5;0;0;0;3;2;0;4;-29,8412395;-52,39564419;"SPRF-RS";"DEL02-RS";"UOP03-DEL02-RS"
532355;2023-06-28;"quarta-feira";"15:30:00";"PR";369;138,7;"IBIPORA";"Desrespeitar a preferência no cruzamento";"Colisão transversal";"Com Vítimas Feridas";"Pleno dia";"Decrescente";"Céu Claro";"Dupla";"Retorno Regulamentado";"Sim";2;0;0;1;1;0;1;2;-23,27360553;-51,05613684;"SPRF-PR";"DEL07-PR";"UOP01-DEL07-PR"
532357;2023-06-28;"quarta-feira";"15:30:00";"SC";470;70,3;"INDAIAL";"Ausência de reação do condutor";"Colisão lateral mesmo sentido";"Com Vítimas Feridas";"Pleno dia";"Crescente";"Céu Claro";"Simples";"Reta";"Sim";2;0;1;0;1;0;1;2;-26,889374;-49,254478;"SPRF-SC";"DEL04-SC";"UOP01-DEL04-SC"
532361;2023-06-28;"quarta-feira";"15:50:00";"MG";40;524;"CONTAGEM";"Acumulo de areia ou detritos sobre o pavimento";"Tombamento";"Com Vítimas Feridas";"Pleno dia";"Decrescente";"Céu Claro";"Dupla";"Reta";"Sim";1;0;1;0;0;0;1;1;-19,87736491;-44,05182838;"SPRF-MG";"DEL01-MG";"UOP02-DEL01-MG"
532362;2023-06-28;"quarta-feira";"15:30:00";"PR";376;616;"SAO JOSE DOS PINHAIS";"Ausência de reação do condutor";"Colisão traseira";"Com Vítimas Feridas";"Pleno dia";"Crescente";"Céu Claro";"Dupla";"Reta;Declive";"Sim";2;0;1;0;1;0;1;2;-25,57583659;-49,17953679;"SPRF-PR";"DEL01-PR";"UOP04-DEL01-PR"
532364;2023-06-28;"quarta-feira";"16:30:00";"SC";101;210;"SAO JOSE";"Ausência de reação do condutor";"Colisão traseira";"Com Vítimas Feridas";"Pleno dia";"Decrescente";"Céu Claro";"Múltipla";"Reta";"Não";2;0;1;0;1;0;1;2;-27,6167305;-48,6457265;"SPRF-SC";"DEL01-SC";"UOP01-DEL01-SC"
532366;2023-06-28;"quarta-feira";"16:45:00";"RS";470;218;"BENTO GONCALVES";"Reação tardia ou ineficiente do condutor";"Colisão lateral mesmo sentido";"Com Vítimas Feridas";"Pleno dia";"Decrescente";"Chuva";"Simples";"Curva";"Não";2;0;1;0;1;0;1;2;-29,18771116;-51,52146221;"SPRF-RS";"DEL06-RS";"UOP01-DEL06-RS"
532367;2023-06-28;"quarta-feira";"17:15:00";"GO";20;0;"FORMOSA";"Desrespeitar a preferência no cruzamento";"Colisão frontal";"Com Vítimas Feridas";"Anoitecer";"Decrescente";"Céu Claro";"Simples";"Curva;Declive";"Não";2;0;1;0;1;0;1;2;-15,581744;-47,343241;"SPRF-DF";"DEL02-DF";"UOP02-DEL02-DF"
532368;2023-06-28;"quarta-feira";"14:00:00";"MG";116;696,7;"MURIAE";"Velocidade Incompatível";"Tombamento";"Com Vítimas Feridas";"Pleno dia";"Crescente";"Sol";"Simples";"Curva;Aclive;Em Obras";"Não";1;0;1;0;0;0;1;1;-21,06539622;-42,36581801;"SPRF-MG";"DEL07-MG";"UOP02-DEL07-MG"
532370;2023-06-28;"quarta-feira";"16:30:00";"PR";373;173;"PONTA GROSSA";"Condutor deixou de manter distância do veículo da frente";"Colisão traseira";"Sem Vítimas";"Pleno dia";"Crescente";"Céu Claro";"Simples";"Reta;Declive";"Sim";2;0;0;0;2;0;0;2;-25,0805653;-50,20175905;"SPRF-PR";"DEL03-PR";"UOP01-DEL03-PR"
532373;2023-06-28;"quarta-feira";"17:20:00";"DF";251;25;"BRASILIA";"Ausência de reação do condutor";"Colisão com objeto";"Com Vítimas Feridas";"Pleno dia";"Crescente";"Céu Claro";"Simples";"Reta";"Sim";2;0;1;0;1;0;1;2;-15,949403;-47,675789;"SPRF-DF";"DEL01-DF";"UOP01-DEL01-DF"
532376;2023-06-28;"quarta-feira";"16:00:00";"MT";163;845;"SINOP";"Reação tardia ou ineficiente do condutor";"Colisão traseira";"Com Vítimas Feridas";"Pleno dia";"Crescente";"Céu Claro";"Simples";"Reta";"Não";3;0;1;0;2;0;1;2;-11,77327109;-55,47221947;"SPRF-MT";"DEL06-MT";"UOP02-DEL06-MT"
532377;2023-06-28;"quarta-feira";"17:45:00";"PR";277;80;"CURITIBA";"Condutor deixou de manter distância do veículo da frente";"Colisão traseira";"Com Vítimas Feridas";"Anoitecer";"Decrescente";"Céu Claro";"Dupla";"Reta";"Sim";1;0;1;0;0;0;1;1;-25,568939;-49,181978;"SPRF-PR";"DEL01-PR";"UOP01-DEL01-PR"
532380;2023-06-28;"quarta-feira";"17:20:00";"PE";232;420,3;"SERRA TALHADA";"Condutor deixou de manter distância do veículo da frente";"Colisão traseira";"Com Vítimas Feridas";"Anoitecer";"Crescente";"Nublado";"Simples";"Reta;Aclive";"Não";2;0;1;0;1;0;1;2;-7,9959603;-38,38693612;"SPRF-PE";"DEL04-PE";"UOP01-DEL04-PE"
532382;2023-06-28;"quarta-feira";"17:55:00";"RS";290;112;"ELDORADO DO SUL";"Iluminação deficiente";"Colisão traseira";"Com Vítimas Feridas";"Anoitecer";"Crescente";"Céu Claro";"Dupla";"Curva;Interseção de Vias;Viaduto";"Não";2;0;0;1;1;0;1;2;-30,040455;-51,329193;"SPRF-RS";"DEL02-RS";"UOP01-DEL02-RS"
532383;2023-06-28;"quarta-feira";"18:05:00";"PB";230;19,2;"JOAO PESSOA";"Trafegar com motocicleta (ou similar) entre as faixas";"Colisão lateral mesmo sentido";"Com Vítimas Feridas";"Plena Noite";"Crescente";"Nublado";"Dupla";"Reta";"Sim";3;0;1;0;2;0;1;2;-7,1281;-34,8466;"SPRF-PB";"DEL01-PB";"UOP01-DEL01-PB"
532385;2023-06-28;"quarta-feira";"18:15:00";"RS";290;111;"ELDORADO DO SUL";"Reação tardia ou ineficiente do condutor";"Colisão traseira";"Com Vítimas Feridas";"Plena Noite";"Crescente";"Céu Claro";"Dupla";"Reta";"Não";4;0;1;0;3;0;1;2;-30,032066;-51,325138;"SPRF-RS";"DEL02-RS";"UOP01-DEL02-RS"