"id";"data_inversa";"dia_semana";"horario";"uf";"br";"km";"municipio";"causa_acidente";"tipo_acidente";"classificacao_acidente";"fase_dia";"sentido_via";"condicao_metereologica";"tipo_pista";"tracado_via";"uso_solo";"pessoas";"mortos";"feridos_leves";"feridos_graves";"ilesos";"ignorados";"feridos";"veiculos";"latitude";"longitude";"regional";"delegacia";"uop"
532507;2023-05-07;"domingo";"06:20:00";"PI";316;266;"IPIRANGA DO PIAUI";"Transitar na contramão";"Colisão transversal";"Com Vítimas Feridas";"Pleno dia";"Crescente";"Céu Claro";"Simples";"Reta";"Não";3;0;0;1;2;0;1;2;-6,88135;-41,74779395;"SPRF-PI";"DEL04-PI";"UOP02-DEL04-PI"
532508;2023-06-29;"quinta-feira";"08:55:00";"PR";116;5;"CAMPINA GRANDE DO SUL";"Reação tardia ou ineficiente do condutor";"Colisão com objeto";"Com Vítimas Feridas";"Pleno dia";"Decrescente";"Chuva";"Dupla";"Curva";"Não";2;0;1;0;1;0;1;1;-25,08301297;-48,59994703;"SPRF-PR";"DEL01-PR";"UOP02-DEL01-PR"
532510;2023-06-29;"quinta-feira";"09:00:00";"GO";153;379;"SAO FRANCISCO DE GOIAS";"Reação tardia ou ineficiente do condutor";"Colisão frontal";"Sem Vítimas";"Pleno dia";"Decrescente";"Céu Claro";"Simples";"Em Obras;Reta;Declive";"Não";4;0;0;0;3;1;0;4;-15,899754;-49,233356;"SPRF-GO";"DEL02-GO";"UOP02-DEL02-GO"
532511;2023-06-29;"quinta-feira";"09:10:00";"BA";407;3;"JUAZEIRO";"Ausência de reação do condutor";"Colisão transversal";"Com Vítimas Feridas";"Pleno dia";"Decrescente";"Nublado";"Simples";"Reta";"Sim";2;0;1;0;1;0;1;2;-9,43134011;-40,49823324;"SPRF-PE";"DEL06-PE";"UOP01-DEL06-PE"
532512;2023-06-29;"quinta-feira";"10:40:00";"TO";153;203;"NOVA OLINDA";"Reação tardia ou ineficiente do condutor";"Colisão traseira";"Com Vítimas Feridas";"Pleno dia";"Decrescente";"Céu Claro";"Simples";"Reta";"Não";4;0;1;0;3;0;1;2;-7,6748982;-48,42824342;"SPRF-TO";"DEL02-TO";"UOP01-DEL02-TO"
532513;2023-06-29;"quinta-feira";"10:40:00";"SP";116;211;"GUARULHOS";"Reação tardia ou ineficiente do condutor";"Queda de ocupante de veículo";"Sem Vítimas";"Pleno dia";"Crescente";"Céu Claro";"Múltipla";"Aclive;Reta";"Sim";1;0;0;0;1;0;0;1;-23,4324306;-46,4194352;"SPRF-SP";"DEL01-SP";"UOP01-DEL01-SP"
532514;2023-06-29;"quinta-feira";"06:50:00";"RS";153;417,1;"CACHOEIRA DO SUL";"Animais na Pista";"Saída de leito carroçável";"Com Vítimas Feridas";"Amanhecer";"Crescente";"Nevoeiro/Neblina";"Simples";"Reta";"Não";1;0;1;0;0;0;1;1;-30,09544874;-52,86906481;"SPRF-RS";"DEL02-RS";"UOP03-DEL02-RS"
532516;2023-06-29;"quinta-feira";"05:20:00";"BA";20;87;"SAO DESIDERIO";"Transitar na contramão";"Colisão frontal";"Com Vítimas Fatais";"Amanhecer";"Crescente";"Céu Claro";"Simples";"Reta";"Não";9;2;0;4;3;0;4;3;-13,19023;-46,035942;"SPRF-BA";"DEL10-BA";"UOP01-DEL10-BA"
532517;2023-03-22;"quarta-feira";"11:35:00";"MA";10;352;"ITINGA DO MARANHAO";"Reação tardia ou ineficiente do condutor";"Saída de leito carroçável";"Com Vítimas Feridas";"Pleno dia";"Decrescente";"Nublado";"Simples";"Reta";"Não";1;0;1;0;0;0;1;1;-4,674088;-47,49342;"SPRF-MA";"DEL04-MA";"UOP03-DEL04-MA"
532518;2023-06-29;"quinta-feira";"10:10:00";"PA";230;121;"MARABA";"Reação tardia ou ineficiente do condutor";"Queda de ocupante de veículo";"Com Vítimas Feridas";"Pleno dia";"Crescente";"Céu Claro";"Simples";"Reta";"Não";2;0;2;0;0;0;2;1;-5,35297407;-49,12143673;"SPRF-PA";"DEL03-PA";"UOP01-DEL03-PA"
532522;2023-06-29;"quinta-feira";"09:00:00";"SC";282;3,8;"FLORIANOPOLIS";"Condutor deixou de manter distância do veículo da frente";"Colisão lateral mesmo sentido";"Com Vítimas Feridas";"Pleno dia";"Decrescente";"Nublado";"Dupla";"Reta";"Sim";3;0;1;0;2;0;1;3;-27,600384;-48,599705;"SPRF-SC";"DEL01-SC";"UOP01-DEL01-SC"
532523;2023-06-05;"segunda-feira";"14:10:00";"PI";343;345,1;"TERESINA";"Conversão proibida";"Colisão transversal";"Com Vítimas Feridas";"Pleno dia";"Decrescente";"Céu Claro";"Simples";"Reta";"Sim";4;0;0;1;0;3;1;3;-5,102889;-42,766506;"SPRF-PI";"DEL01-PI";"UOP01-DEL01-PI"
532526;2023-06-29;"quinta-feira";"11:00:00";"MG";381;501;"BETIM";"Velocidade Incompatível";"Colisão traseira";"Com Vítimas Feridas";"Pleno dia";"Crescente";"Céu Claro";"Dupla";"Reta";"Não";2;0;1;0;1;0;1;2;-20,03146447;-44,2377893;"SPRF-MG";"DEL04-MG";"UOP03-DEL04-MG"
532527;2023-06-29;"quinta-feira";"10:45:00";"GO";60;468;"JATAI";"Ausência de reação do condutor";"Saída de leito carroçável";"Com Vítimas Feridas";"Pleno dia";"Crescente";"Céu Claro";"Dupla";"Reta";"Não";1;0;1;0;0;0;1;1;-17,9044;-51,6779;"SPRF-GO";"DEL05-GO";"UOP01-DEL05-GO"
532529;2023-06-29;"quinta-feira";"11:30:00";"MG";40;508,5;"RIBEIRAO DAS NEVES";"Acessar a via sem observar a presença dos outros veículos";"Colisão traseira";"Com Vítimas Feridas";"Pleno dia";"Decrescente";"Céu Claro";"Dupla";"Curva;Retorno Regulamentado";"Sim";3;0;2;0;1;0;2;2;-19,76061249;-44,1347544;"SPRF-MG";"DEL02-MG";"UOP01-DEL02-MG"
532530;2023-06-21;"quarta-feira";"22:50:00";"SP";116;78,7;"ROSEIRA";"Demais falhas mecânicas ou elétricas";"Tombamento";"Com Vítimas Feridas";"Plena Noite";"Decrescente";"Céu Claro";"Dupla";"Reta";"Não";2;0;2;0;0;0;2;1;-22,88893407;-45,28690695;"SPRF-SP";"DEL08-SP";"UOP01-DEL08-SP"
532532;2023-06-29;"quinta-feira";"09:00:00";"SC";101;454,1;"SAO JOAO DO SUL";"Objeto estático sobre o leito carroçável";"Colisão com objeto";"Com Vítimas Feridas";"Pleno dia";"Crescente";"Céu Claro";"Múltipla";"Aclive";"Sim";1;0;1;0;0;0;1;1;-29,21450776;-49,75914001;"SPRF-SC";"DEL02-SC";"UOP02-DEL02-SC"
532533;2023-06-29;"quinta-feira";"11:26:00";"PE";232;7;"RECIFE";"Condutor deixou de manter distância do veículo da frente";"Colisão traseira";"Sem Vítimas";"Pleno dia";"Decrescente";"Nublado";"Múltipla";"Reta";"Sim";2;0;0;0;2;0;0;2;-8,074504;-34,964832;"SPRF-PE";"DEL01-PE";"UOP01-DEL01-PE"
532535;2023-06-29;"quinta-feira";"11:40:00";"RS";285;189,5;"LAGOA VERMELHA";"Ausência de reação do condutor";"Saída de leito carroçável";"Sem Vítimas";"Pleno dia";"Decrescente";"Nublado";"Simples";"Curva";"Não";1;0;0;0;1;0;0;1;-28,273321;-51,468895;"SPRF-RS";"DEL08-RS";"UOP05-DEL08-RS"
532536;2023-06-29;"quinta-feira";"12:05:00";"SC";101;418,2;"ARARANGUA";"Desrespeitar a preferência no cruzamento";"Colisão lateral sentido oposto";"Com Vítimas Feridas";"Pleno dia";"Crescente";"Céu Claro";"Simples";"Interseção de Vias";"Sim";2;0;1;0;1;0;1;2;-28,98561892;-49,54319;"SPRF-SC";"DEL02-SC";"UOP02-DEL02-SC"
532539;2023-06-01;"quinta-feira";"19:30:00";"PI";343;458,6;"SAO PEDRO DO PIAUI";"Ausência de reação do condutor";"Colisão frontal";"Com Vítimas Fatais";"Plena Noite";"Crescente";"Chuva";"Simples";"Reta";"Não";3;1;1;1;0;0;2;2;-5,970473;-42,730152;"SPRF-PI";"DEL01-PI";"UOP02-DEL01-PI"
532542;2023-06-29;"quinta-feira";"12:40:00";"PE";232;103;"BEZERROS";"Transitar no Acostamento";"Colisão traseira";"Com Vítimas Feridas";"Pleno dia";"Decrescente";"Chuva";"Dupla";"Reta";"Não";2;0;1;0;1;0;1;2;-8,25219029;-35,76584983;"SPRF-PE";"DEL02-PE";"UOP02-DEL02PE"
532548;2023-06-29;"quinta-feira";"13:00:00";"RJ";40;119;"DUQUE DE CAXIAS";"Acumulo de areia ou detritos sobre o pavimento";"Tombamento";"Com Vítimas Feridas";"Pleno dia";"Crescente";"Céu Claro";"Simples";"Curva;Aclive;Retorno Regulamentado";"Sim";1;0;1;0;0;0;1;1;-22,76375592;-43,28683062;"SPRF-RJ";"DEL01-RJ";"UOP01-DEL01-RJ"
532549;2023-06-29;"quinta-feira";"13:00:00";"RS";153;48,5;"ERECHIM";"Velocidade Incompatível";"Colisão transversal";"Com Vítimas Feridas";"Pleno dia";"Decrescente";"Sol";"Dupla";"Interseção de Vias;Reta";"Sim";2;0;0;1;1;0;1;2;-27,65069831;-52,25572944;"SPRF-RS";"DEL08-RS";"UOP04-DEL08-RS"
532550;2023-06-05;"segunda-feira";"13:15:00";"RS";101;62,1;"MAQUINE";"Ausência de reação do condutor";"Colisão com objeto";"Com Vítimas Feridas";"Pleno dia";"Decrescente";"Nublado";"Dupla";"Reta";"Não";3;0;3;0;0;0;3;1;-29,69184792;-50,15876509;"SPRF-RS";"DEL03-RS";"UOP02-DEL03-RS"
532551;2023-06-29;"quinta-feira";"13:38:00";"TO";153;185;"NOVA OLINDA";"Frear bruscamente";"Colisão traseira";"Sem Vítimas";"Pleno dia";"Crescente";"Céu Claro";"Simples";"Reta";"Não";4;0;0;0;4;0;0;2;-7,52081298;-48,39765003;"SPRF-TO";"DEL02-TO";"UOP01-DEL02-TO"
532553;2023-06-29;"quinta-feira";"13:30:00";"MG";50;68;"UBERLANDIA";"Desrespeitar a preferência no cruzamento";"Colisão transversal";"Com Vítimas Feridas";"Pleno dia";"Decrescente";"Céu Claro";"Simples";"Interseção de Vias";"Sim";2;0;1;0;1;0;1;2;-18,8820243;-48,2638152;"SPRF-MG";"DEL15-MG";"UOP02-DEL15-MG"
532556;2023-06-17;"sábado";"17:00:00";"SP";116;213;"GUARULHOS";"Frear bruscamente";"Colisão traseira";"Com Vítimas Feridas";"Pleno dia";"Crescente";"Nublado";"Dupla";"Reta";"Sim";3;0;1;0;2;0;1;2;-23,43971486;-46,43667806;"SPRF-SP";"DEL01-SP";"UOP01-DEL01-SP"
532557;2023-06-29;"quinta-feira";"05:30:00";"MT";163;1035;"MATUPA";"Ausência de reação do condutor";"Colisão traseira";"Com Vítimas Feridas";"Pleno dia";"Crescente";"Céu Claro";"Simples";"Reta";"Não";2;0;1;1;0;0;2;2;-10,2016782;-54,95731657;"SPRF-MT";"DEL06-MT";"UOP03-DEL06-MT"
532559;2023-06-29;"quinta-feira";"13:25:00";"RO";174;13;"VILHENA";"Acessar a via sem observar a presença dos outros veículos";"Colisão transversal";"Com Vítimas Feridas";"Pleno dia";"Crescente";"Sol";"Dupla";"Reta";"Sim";2;0;1;0;1;0;1;2;-12,74140004;-60,13026401;"SPRF-RO";"DEL04-RO";"UOP01-DEL04-RO"
532561;2023-06-29;"quinta-feira";"15:20:00";"CE";116;8;"FORTALEZA";"Acessar a via sem observar a presença dos outros veículos";"Colisão transversal";"Com Vítimas Feridas";"Pleno dia";"Crescente";"Céu Claro";"Múltipla";"Reta";"Sim";3;0;2;0;1;0;2;2;-3,8192799;-38,50268337;"SPRF-CE";"DEL01-CE";"UOP02-DEL01-CE"
532562;2023-06-29;"quinta-feira";"14:00:00";"PI";316;6;"TERESINA";"Ausência de sinalização";"Queda de ocupante de veículo";"Com Vítimas Feridas";"Pleno dia";"Decrescente";"Céu Claro";"Dupla";"Reta;Aclive;Em Obras";"Sim";1;0;1;0;0;0;1;1;-5,14702095;-42,77438982;"SPRF-PI";"DEL01-PI";"UOP02-DEL01-PI"
532565;2023-06-29;"quinta-feira";"13:10:00";"PE";104;2,9;"TAQUARITINGA DO NORTE";"Pista Escorregadia";"Capotamento";"Com Vítimas Feridas";"Pleno dia";"Crescente";"Chuva";"Simples";"Reta";"Não";1;0;1;0;0;0;1;1;-7,801299;-36,099957;"SPRF-PE";"DEL02-PE";"UOP01-DEL02-PE"
532567;2023-06-29;"quinta-feira";"07:40:00";"PR";153;358;"RIO AZUL";"Reação tardia ou ineficiente do condutor";"Saída de leito carroçável";"Com Vítimas Feridas";"Amanhecer";"Decrescente";"Céu Claro";"Simples";"Reta";"Não";2;0;2;0;0;0;2;1;-25,66294277;-50,7370991;"SPRF-PR";"DEL08-PR";"UOP02-DEL08-PR"
532568;2023-06-13;"terça-feira";"15:20:00";"ES";101;13;"PEDRO CANARIO";"Condutor deixou de manter distância do veículo da frente";"Colisão traseira";"Com Vítimas Feridas";"Pleno dia";"Crescente";"Céu Claro";"Simples";"Reta";"Não";3;0;1;1;1;0;2;2;-18,27406403;-39,9597724;"SPRF-ES";"DEL04-ES";"UOP02-DEL04-ES"
532570;2023-06-29;"quinta-feira";"11:50:00";"PB";230;132;"MASSARANDUBA";"Velocidade Incompatível";"Saída de leito carroçável";"Com Vítimas Feridas";"Pleno dia";"Decrescente";"Nublado";"Dupla";"Curva";"Não";3;0;3;0;0;0;3;1;-7,277299;-35,745402;"SPRF-PB";"DEL02-PB";"UOP01-DEL02-PB"
532571;2023-06-29;"quinta-feira";"08:15:00";"MT";70;275;"PRIMAVERA DO LESTE";"Estacionar ou parar em local proibido";"Colisão traseira";"Com Vítimas Feridas";"Pleno dia";"Crescente";"Céu Claro";"Simples";"Reta";"Sim";2;0;0;1;1;0;1;2;-15,55735325;-54,28048611;"SPRF-MT";"DEL05-MT";"UOP01-DEL05-MT"
532572;2023-06-29;"quinta-feira";"12:30:00";"AM";174;912;"MANAUS";"Demais falhas mecânicas ou elétricas";"Incêndio";"Sem Vítimas";"Pleno dia";"Crescente";"Sol";"Simples";"Reta";"Não";2;0;0;0;2;0;0;1;-2,72638103;-60,04631522;"SPRF-AM";"DEL01-AM";"UOP01-DEL01-AM"
532574;2023-06-29;"quinta-feira";"11:50:00";"MG";116;654,5;"SAO FRANCISCO DO GLORIA";"Condutor deixou de manter distância do veículo da frente";"Colisão traseira";"Com Vítimas Feridas";"Pleno dia";"Decrescente";"Sol";"Simples";"Curva;Aclive";"Não";2;0;1;0;1;0;1;2;-20,74986018;-42,29241383;"SPRF-MG";"DEL07-MG";"UOP02-DEL07-MG"
532576;2023-04-07;"sexta-feira";"04:30:00";"SC";101;331;"TUBARAO";"Ausência de reação do condutor";"Colisão com objeto";"Com Vítimas Feridas";"Plena Noite";"Decrescente";"Garoa/Chuvisco";"Simples";"Reta";"Sim";1;0;1;0;0;0;1;1;-28,46463008;-48,99343371;"SPRF-SC";"DEL02-SC";"UOP01-DEL02-SC"
532578;2023-06-29;"quinta-feira";"16:00:00";"DF";70;0,3;"BRASILIA";"Manobra de mudança de faixa";"Colisão traseira";"Com Vítimas Feridas";"Pleno dia";"Crescente";"Céu Claro";"Dupla";"Declive;Reta";"Sim";2;0;1;0;1;0;1;2;-15,79303818;-48,05739641;"SPRF-DF";"DEL03-DF";"UOP02-DEL03-DF"
532582;2023-06-29;"quinta-feira";"16:45:00";"RS";470;225;"GARIBALDI";"Ausência de reação do condutor";"Colisão traseira";"Com Vítimas Feridas";"Pleno dia";"Decrescente";"Céu Claro";"Simples";"Curva;Retorno Regulamentado";"Sim";2;0;0;1;1;0;1;2;-29,24616952;-51,51605666;"SPRF-RS";"DEL06-RS";"UOP01-DEL06-RS"
532583;2023-06-29;"quinta-feira";"16:25:00";"PR";277;725;"FOZ DO IGUACU";"Condutor deixou de manter distância do veículo da frente";"Colisão traseira";"Com Vítimas Feridas";"Pleno dia";"Decrescente";"Céu Claro";"Dupla";"Reta";"Sim";2;0;1;0;1;0;1;2;-25,50823541;-54,54619865;"SPRF-PR";"DEL05-PR";"UOP03-DEL05-PR"
532588;2023-06-29;"quinta-feira";"07:45:00";"SC";282;28,3;"SANTO AMARO DA IMPERATRIZ";"Acessar a via sem observar a presença dos outros veículos";"Colisão transversal";"Com Vítimas Feridas";"Pleno dia";"Decrescente";"Céu Claro";"Simples";"Rotatória";"Não";3;0;2;0;1;0;2;2;-27,67478;-48,778904;"SPRF-SC";"DEL01-SC";"UOP03-DEL01-SC"
532589;2023-06-29;"quinta-feira";"17:15:00";"SP";101;48,5;"UBATUBA";"Trafegar com motocicleta (ou similar) entre as faixas";"Colisão transversal";"Com Vítimas Feridas";"Anoitecer";"Decrescente";"Garoa/Chuvisco";"Simples";"Reta";"Sim";3;0;1;0;2;0;1;2;-23,43696329;-45,08768768;"SPRF-SP";"DEL06-SP";"UOP01-DEL06-SP"
532590;2023-06-29;"quinta-feira";"17:15:00";"SC";101;214;"PALHOCA";"Condutor deixou de manter distância do veículo da frente";"Colisão lateral mesmo sentido";"Com Vítimas Feridas";"Anoitecer";"Crescente";"Céu Claro";"Múltipla";"Reta";"Sim";2;0;0;1;1;0;1;2;-27,64443;-48,67057;"SPRF-SC";"DEL01-SC";"UOP02-DEL01-SC"
532596;2023-06-29;"quinta-feira";"16:30:00";"PR";116;39;"CAMPINA GRANDE DO SUL";"Chuva";"Capotamento";"Com Vítimas Feridas";"Pleno dia";"Crescente";"Chuva";"Dupla";"Curva";"Não";2;0;2;0;0;0;2;1;-25,156168;-48,8613401;"SPRF-PR";"DEL01-PR";"UOP02-DEL01-PR"
532597;2023-06-29;"quinta-feira";"17:45:00";"MG";381;941;"EXTREMA";"Declive acentuado";"Colisão com objeto";"Com Vítimas Feridas";"Anoitecer";"Decrescente";"Céu Claro";"Dupla";"Curva;Ponte;Declive";"Não";4;0;1;2;0;1;3;2;-22,85421396;-46,33740277;"SPRF-MG";"DEL16-MG";"UOP03-DEL16-MG"
532600;2023-06-29;"quinta-feira";"17:50:00";"MG";40;447,5;"CAETANOPOLIS";"Ingestão de álcool pelo condutor";"Colisão transversal";"Com Vítimas Feridas";"Plena Noite";"Crescente";"Céu Claro";"Dupla";"Interseção de Vias;Reta";"Não";6;0;6;0;0;0;6;2;-19,29359592;-44,38358492;"SPRF-MG";"DEL02-MG";"UOP01-DEL02-MG"
532601;2023-06-29;"quinta-feira";"17:50:00";"RS";392;29,6;"RIO GRANDE";"Entrada inopinada do pedestre";"Atropelamento de Pedestre";"Com Vítimas Fatais";"Anoitecer";"Crescente";"Céu Claro";"Dupla";"Reta";"Sim";4;1;0;0;3;0;0;2;-32,05788691;-52,27184185;"SPRF-RS";"DEL07-RS";"UOP02-DEL07-RS"
532602;2023-06-29;"quinta-feira";"16:45:00";"SC";470;3,9;"NAVEGANTES";"Acessar a via sem observar a presença dos outros veículos";"Colisão transversal";"Com Vítimas Feridas";"Pleno dia";"Decrescente";"Céu Claro";"Dupla";"Rotatória";"Sim";2;0;1;0;1;0;1;2;-26,861937;-48,681618;"SPRF-SC";"DEL04-SC";"UOP04-DEL04-SC"
532603;2023-06-29;"quinta-feira";"17:40:00";"PR";163;69,3;"PEROLA DOESTE";"Ultrapassagem Indevida";"Colisão frontal";"Com Vítimas Feridas";"Anoitecer";"Decrescente";"Céu Claro";"Simples";"Reta";"Não";3;0;0;3;0;0;3;2;-25,83584004;-53,74660626;"SPRF-PR";"DEL02-PR";"UOP02-DEL02-PR"
532605;2023-06-29;"quinta-feira";"18:50:00";"PB";230;11,2;"CABEDELO";"Reação tardia ou ineficiente do condutor";"Colisão traseira";"Com Vítimas Feridas";"Plena Noite";"Decrescente";"Chuva";"Dupla";"Reta;Retorno Regulamentado";"Sim";2;0;0;1;1;0;1;2;-7,0596;-34,8506;"SPRF-PB";"DEL01-PB";"UOP01-DEL01-PB"
532607;2023-06-29;"quinta-feira";"18:33:00";"RN";101;76;"NATAL";"Demais falhas na via";"Queda de ocupante de veículo";"Com Vítimas Feridas";"Plena Noite";"Decrescente";"Céu Claro";"Dupla";"Em Obras";"Não";2;0;1;1;0;0;2;1;-5,72603024;-35,28461489;"SPRF-RN";"DEL02-RN";"UOP01-DEL02-RN"
532608;2023-06-29;"quinta-feira";"18:00:00";"BA";101;498;"ITABUNA";"Avarias e/ou desgaste excessivo no pneu";"Queda de ocupante de veículo";"Com Vítimas Feridas";"Anoitecer";"Decrescente";"Céu Claro";"Simples";"Reta;Declive";"Não";2;0;2;0;0;0;2;1;-14,89006594;-39,28716921;"SPRF-BA";"DEL05-BA";"UOP01-DEL05-BA"
532609;2023-06-29;"quinta-feira";"17:20:00";"PA";163;989;"SANTAREM";"Conversão proibida";"Colisão traseira";"Com Vítimas Feridas";"Pleno dia";"Crescente";"Céu Claro";"Simples";"Reta";"Não";2;0;1;0;1;0;1;2;-2,565797;-54,721375;"SPRF-PA";"DEL05-PA";"UOP01-DEL05-PA"
532611;2023-06-29;"quinta-feira";"18:35:00";"PR";369;154;"CAMBE";"Ausência de reação do condutor";"Colisão traseira";"Com Vítimas Feridas";"Anoitecer";"Decrescente";"Céu Claro";"Dupla";"Reta";"Sim";2;0;1;0;1;0;1;2;-23,2973979;-51,20178223;"SPRF-PR";"DEL07-PR";"UOP01-DEL07-PR"
532613;2023-06-29;"quinta-feira";"17:40:00";"RO";364;11;"VILHENA";"Condutor deixou de manter distância do veículo da frente";"Colisão traseira";"Com Vítimas Feridas";"Anoitecer";"Decrescente";"Céu Claro";"Dupla";"Curva";"Sim";2;0;1;0;1;0;1;2;-12,74605898;-60,11270299;"SPRF-RO";"DEL04-RO";"UOP01-DEL04-RO"
532615;2023-06-29;"quinta-feira";"07:50:00";"SC";280;152;"MAFRA";"Ausência de reação do condutor";"Saída de leito carroçável";"Com Vítimas Feridas";"Pleno dia";"Crescente";"Garoa/Chuvisco";"Simples";"Curva";"Não";1;0;0;1;0;0;1;1;-26,21642764;-49,7150445;"SPRF-SC";"DEL06-SC";"UOP03-DEL06-SC"
532616;2023-06-29;"quinta-feira";"16:20:00";"MS";262;551,6;"MIRANDA";"Transitar na contramão";"Saída de leito carroçável";"Com Vítimas Feridas";"Anoitecer";"Crescente";"Céu Claro";"Simples";"Reta";"Não";1;0;1;0;0;0;1;1;-20,27327776;-56,32367089;"SPRF-MS";"DEL03-MS";"UOP02-DEL03-MS"
532619;2023-06-29;"quinta-feira";"19:00:00";"SP";116;86;"PINDAMONHANGABA";"Frear bruscamente";"Colisão traseira";"Com Vítimas Feridas";"Plena Noite";"Crescente";"Céu Claro";"Dupla";"Reta";"Sim";2;0;1;0;1;0;1;2;-22,92750098;-45,35550347;"SPRF-SP";"DEL08-SP";"UOP01-DEL08-SP"
532620;2023-06-29;"quinta-feira";"18:45:00";"RS";392;311,5;"FORMIGUEIRO";"Ausência de reação do condutor";"Engavetamento";"Com Vítimas Feridas";"Plena Noite";"Crescente";"Céu Claro";"Simples";"Aclive;Reta;Em Obras";"Não";5;0;1;0;2;2;1;4;-30,03826506;-53,67951814;"SPRF-RS";"DEL09-RS";"UOP01-DEL09-RS"
532621;2023-06-29;"quinta-feira";"18:31:00";"PR";369;148,1;"LONDRINA";"Manobra de mudança de faixa";"Colisão traseira";"Com Vítimas Feridas";"Anoitecer";"Crescente";"Céu Claro";"Dupla";"Reta";"Sim";2;0;1;0;1;0;1;2;-23,2928;-51,1425;"SPRF-PR";"DEL07-PR";"UOP01-DEL07-PR"
532623;2023-06-29;"quinta-feira";"19:40:00";"DF";20;48;"BRASILIA";"Reação tardia ou ineficiente do condutor";"Saída de leito carroçável";"Sem Vítimas";"Plena Noite";"Crescente";"Céu Claro";"Dupla";"Reta";"Não";1;0;0;0;1;0;0;1;-15,582723;-47,440395;"SPRF-DF";"DEL02-DF";"UOP01-DEL02-DF"
532624;2023-06-29;"quinta-feira";"18:10:00";"RJ";116;302;"PORTO REAL";"Demais falhas mecânicas ou elétricas";"Incêndio";"Sem Vítimas";"Pleno dia";"Decrescente";"Céu Claro";"Simples";"Reta";"Não";1;0;0;0;1;0;0;1;-22,45364576;-44,37040802;"SPRF-RJ";"DEL07-RJ";"UOP02-DEL07-RJ"
532625;2023-06-29;"quinta-feira";"18:10:00";"SC";470;71;"INDAIAL";"Área urbana sem a presença de local apropriado para a travessia de pedestres";"Atropelamento de Pedestre";"Com Vítimas Feridas";"Plena Noite";"Decrescente";"Céu Claro";"Dupla";"Reta";"Não";2;0;1;1;0;0;2;2;-26,895243;-49,262104;"SPRF-SC";"DEL04-SC";"UOP01-DEL04-SC"
532627;2023-06-29;"quinta-feira";"19:30:00";"PR";376;231;"APUCARANA";"Animais na Pista";"Saída de leito carroçável";"Sem Vítimas";"Plena Noite";"Decrescente";"Céu Claro";"Dupla";"Reta";"Não";1;0;0;0;1;0;0;1;-23,566112;-51,527181;"SPRF-PR";"DEL07-PR";"UOP03-DEL07-PR"
532628;2023-06-29;"quinta-feira";"18:30:00";"SC";101;450,5;"SAO JOAO DO SUL";"Objeto estático sobre o leito carroçável";"Colisão com objeto";"Com Vítimas Feridas";"Plena Noite";"Crescente";"Céu Claro";"Dupla";"Curva";"Sim";2;0;2;0;0;0;2;1;-29,18109116;-49,75527763;"SPRF-SC";"DEL02-SC";"UOP02-DEL02-SC"
532629;2023-06-29;"quinta-feira";"19:30:00";"PR";277;596,1;"CASCAVEL";"Desrespeitar a preferência no cruzamento";"Colisão frontal";"Com Vítimas Feridas";"Plena Noite";"Decrescente";"Céu Claro";"Simples";"Interseção de Vias";"Sim";2;0;0;1;1;0;1;2;-24,98837665;-53,50778641;"SPRF-PR";"DEL04-PR";"UOP01-DEL04-PR"
532631;2023-06-29;"quinta-feira";"19:40:00";"PA";316;66;"CASTANHAL";"Entrada inopinada do pedestre";"Atropelamento de Pedestre";"Com Vítimas Fatais";"Plena Noite";"Crescente";"Céu Claro";"Dupla";"Reta";"Sim";3;1;0;0;1;1;0;2;-1,29533525;-47,90182499;"SPRF-PA";"DEL01-PA";"UOP01-DEL01-PA"
532633;2023-06-29;"quinta-feira";"20:00:00";"RS";290;87,9;"PORTO ALEGRE";"Manobra de mudança de faixa";"Colisão lateral mesmo sentido";"Com Vítimas Feridas";"Plena Noite";"Decrescente";"Céu Claro";"Múltipla";"Reta";"Sim";2;0;1;0;1;0;1;2;-29,967838;-51,127197;"SPRF-RS";"DEL01-RS";"UOP01-DEL01-RS"
532636;2023-06-29;"quinta-feira";"19:50:00";"RS";471;666;"SANTA VITORIA DO PALMAR";"Ausência de reação do condutor";"Colisão traseira";"Com Vítimas Feridas";"Anoitecer";"Decrescente";"Céu Claro";"Simples";"Reta";"Não";4;0;3;0;1;0;3;2;-33,580353;-53,379459;"SPRF-RS";"DEL07-RS";"UOP04-DEL07-RS"
532637;2023-06-29;"quinta-feira";"16:00:00";"MG";116;412,4;"GOVERNADOR VALADARES";"Condutor deixou de manter distância do veículo da frente";"Colisão traseira";"Com Vítimas Feridas";"Pleno dia";"Decrescente";"Céu Claro";"Simples";"Reta";"Sim";3;0;1;0;1;1;1;2;-18,86882342;-41,97144241;"SPRF-MG";"DEL06-MG";"UOP01-DEL06-MG"
532639;2023-06-29;"quinta-feira";"19:00:00";"SC";101;118;"ITAJAI";"Demais falhas mecânicas ou elétricas";"Colisão traseira";"Com Vítimas Feridas";"Plena Noite";"Crescente";"Céu Claro";"Dupla";"Reta";"Sim";2;0;0;1;1;0;1;2;-26,895859;-48,71903;"SPRF-SC";"DEL04-SC";"UOP04-DEL04-SC"
532642;2023-06-29;"quinta-feira";"21:10:00";"PR";158;537;"PATO BRANCO";"Acumulo de areia ou detritos sobre o pavimento";"Colisão traseira";"Com Vítimas Feridas";"Plena Noite";"Crescente";"Céu Claro";"Simples";"Reta";"Não";3;0;1;0;2;0;1;2;-26,24774787;-52,70513312;"SPRF-PR";"DEL02-PR";"UOP01-DEL02-PR"