"id";"data_inversa";"dia_semana";"horario";"uf";"br";"km";"municipio";"causa_acidente";"tipo_acidente";"classificacao_acidente";"fase_dia";"sentido_via";"condicao_metereologica";"tipo_pista";"tracado_via";"uso_solo";"pessoas";"mortos";"feridos_leves";"feridos_graves";"ilesos";"ignorados";"feridos";"veiculos";"latitude";"longitude";"regional";"delegacia";"uop"
532643;2023-06-29;"quinta-feira";"19:30:00";"SC";153;111,1;"CONCORDIA";"Acessar a via sem observar a presença dos outros veículos";"Colisão transversal";"Com Vítimas Feridas";"Plena Noite";"Crescente";"Céu Claro";"Simples";"Interseção de Vias";"Não";3;0;2;1;0;0;3;2;-27,32749295;-51,97926879;"SPRF-SC";"DEL07-SC";"UOP04-DEL07-SC"
532647;2023-06-29;"quinta-feira";"20:20:00";"MG";40;513,8;"RIBEIRAO DAS NEVES";"Velocidade Incompatível";"Saída de leito carroçável";"Com Vítimas Feridas";"Plena Noite";"Crescente";"Céu Claro";"Dupla";"Curva;Aclive";"Sim";1;0;1;0;0;0;1;1;-19,80151928;-44,10000333;"SPRF-MG";"DEL01-MG";"UOP02-DEL01-MG"
532648;2023-06-29;"quinta-feira";"18:30:00";"RS";290;86;"PORTO ALEGRE";"Trafegar com motocicleta (ou similar) entre as faixas";"Tombamento";"Com Vítimas Feridas";"Plena Noite";"Crescente";"Nublado";"Simples";"Reta";"Sim";2;0;1;0;1;0;1;2;-29,968412;-51,117138;"SPRF-RS";"DEL01-RS";"UOP01-DEL01-RS"
532649;2023-06-29;"quinta-feira";"21:20:00";"RS";386;256,5;"SOLEDADE";"Ingestão de álcool pelo condutor";"Saída de leito carroçável";"Sem Vítimas";"Plena Noite";"Crescente";"Céu Claro";"Simples";"Reta";"Não";2;0;0;0;1;1;0;1;-28,876074;-52,433834;"SPRF-RS";"DEL04-RS";"UOP03-DEL04-RS"
532650;2023-06-29;"quinta-feira";"16:30:00";"RS";293;273,9;"DOM PEDRITO";"Demais falhas mecânicas ou elétricas";"Incêndio";"Sem Vítimas";"Anoitecer";"Decrescente";"Nublado";"Simples";"Reta";"Não";1;0;0;0;0;1;0;1;-30,88421663;-54,87750886;"SPRF-RS";"DEL11-RS";"UOP01-DEL11-RS"
532651;2023-06-29;"quinta-feira";"18:40:00";"PI";316;156,1;"ELESBAO VELOSO";"Conversão proibida";"Colisão transversal";"Com Vítimas Fatais";"Plena Noite";"Crescente";"Céu Claro";"Simples";"Curva";"Não";4;1;0;0;3;0;0;2;-6,16801165;-42,12583065;"SPRF-PI";"DEL04-PI";"UOP02-DEL04-PI"
532653;2023-06-29;"quinta-feira";"20:50:00";"SP";101;39;"UBATUBA";"Transitar na contramão";"Colisão frontal";"Com Vítimas Feridas";"Plena Noite";"Decrescente";"Garoa/Chuvisco";"Simples";"Reta";"Não";5;0;2;2;1;0;4;2;-23,41370139;-45,02666492;"SPRF-SP";"DEL06-SP";"UOP01-DEL06-SP"
532656;2023-06-29;"quinta-feira";"21:00:00";"AL";316;263;"SATUBA";"Acumulo de água sobre o pavimento";"Colisão frontal";"Sem Vítimas";"Plena Noite";"Crescente";"Chuva";"Simples";"Reta";"Não";2;0;0;0;2;0;0;2;-9,58758215;-35,878014;"SPRF-AL";"DEL02-AL";"UOP01-DEL02-AL"
532659;2023-06-29;"quinta-feira";"21:50:00";"RS";392;85,2;"PELOTAS";"Reação tardia ou ineficiente do condutor";"Colisão traseira";"Sem Vítimas";"Plena Noite";"Crescente";"Céu Claro";"Simples";"Aclive;Reta";"Não";2;0;0;0;2;0;0;2;-31,64218213;-52,48744409;"SPRF-RS";"DEL07-RS";"UOP01-DEL07-RS"
532663;2023-06-29;"quinta-feira";"23:20:00";"PB";230;2;"CABEDELO";"Chuva";"Queda de ocupante de veículo";"Com Vítimas Feridas";"Plena Noite";"Decrescente";"Chuva";"Múltipla";"Reta;Em Obras";"Sim";1;0;1;0;0;0;1;1;-6,9837;-34,8295;"SPRF-PB";"DEL01-PB";"UOP01-DEL01-PB"
532665;2023-06-29;"quinta-feira";"22:58:00";"PE";101;54,7;"PAULISTA";"Chuva";"Atropelamento de Pedestre";"Com Vítimas Fatais";"Plena Noite";"Decrescente";"Chuva";"Dupla";"Reta";"Sim";3;1;0;0;1;1;0;3;-7,93961103;-34,90356584;"SPRF-PE";"DEL01-PE";"UOP02-DEL01-PE"
532666;2023-06-29;"quinta-feira";"23:35:00";"PR";277;454,2;"LARANJEIRAS DO SUL";"Ausência de reação do condutor";"Saída de leito carroçável";"Com Vítimas Feridas";"Plena Noite";"Decrescente";"Céu Claro";"Simples";"Reta;Declive";"Sim";3;0;0;1;0;2;1;1;-25,382589;-52,404506;"SPRF-PR";"DEL04-PR";"UOP02-DEL04-PR"
532667;2023-06-29;"quinta-feira";"23:33:00";"RS";448;10;"CANOAS";"Ausência de reação do condutor";"Saída de leito carroçável";"Com Vítimas Feridas";"Plena Noite";"Decrescente";"Nublado";"Simples";"Curva;Declive";"Não";1;0;1;0;0;0;1;1;-29,903273;-51,244934;"SPRF-RS";"DEL01-RS";"UOP01-DEL01-RS"
532668;2023-06-29;"quinta-feira";"23:50:00";"MG";381;451;"SABARA";"Desrespeitar a preferência no cruzamento";"Colisão transversal";"Com Vítimas Feridas";"Plena Noite";"Crescente";"Céu Claro";"Simples";"Interseção de Vias;Curva;Aclive";"Sim";3;0;0;3;0;0;3;2;-19,83224771;-43,8455987;"SPRF-MG";"DEL01-MG";"UOP01-DEL01-MG"
532671;2023-06-29;"quinta-feira";"23:00:00";"RJ";116;129;"MAGE";"Curva acentuada";"Colisão com objeto";"Com Vítimas Feridas";"Plena Noite";"Crescente";"Nublado";"Dupla";"Curva";"Não";2;0;2;0;0;0;2;1;-22,66471224;-43,11056004;"SPRF-RJ";"DEL04-RJ";"UOP02-DEL04-RJ"
532673;2023-06-30;"sexta-feira";"00:30:00";"PI";230;309,9;"FLORIANO";"Ausência de reação do condutor";"Tombamento";"Com Vítimas Feridas";"Plena Noite";"Decrescente";"Céu Claro";"Simples";"Reta";"Sim";1;0;0;1;0;0;1;1;-6,76519301;-43,00965071;"SPRF-PI";"DEL03-PI";"UOP01-DEL03-PI"
532674;2023-06-30;"sexta-feira";"00:15:00";"MS";262;495,2;"ANASTACIO";"Demais falhas mecânicas ou elétricas";"Incêndio";"Sem Vítimas";"Plena Noite";"Decrescente";"Céu Claro";"Simples";"Reta";"Não";1;0;0;0;1;0;0;1;-20,50305446;-55,86229303;"SPRF-MS";"DEL03-MS";"UOP01-DEL03-MS"
532680;2023-06-30;"sexta-feira";"04:00:00";"RS";386;289,8;"POUSO NOVO";"Condutor Dormindo";"Colisão frontal";"Com Vítimas Feridas";"Plena Noite";"Crescente";"Céu Claro";"Simples";"Curva";"Não";3;0;1;2;0;0;3;2;-29,083664;-52,260605;"SPRF-RS";"DEL04-RS";"UOP03-DEL04-RS"
532681;2023-06-30;"sexta-feira";"04:00:00";"PR";476;210,2;"LAPA";"Reação tardia ou ineficiente do condutor";"Capotamento";"Sem Vítimas";"Plena Noite";"Decrescente";"Céu Claro";"Simples";"Curva";"Não";1;0;0;0;1;0;0;1;-25,784924;-49,848;"SPRF-PR";"DEL01-PR";"UOP06-DEL01-PR"
532683;2023-06-30;"sexta-feira";"04:00:00";"RS";158;329;"SANTA MARIA";"Ausência de reação do condutor";"Saída de leito carroçável";"Sem Vítimas";"Plena Noite";"Crescente";"Céu Claro";"Simples";"Interseção de Vias;Rotatória;Reta;Declive";"Sim";1;0;0;0;1;0;0;1;-29,70656383;-53,82849988;"SPRF-RS";"DEL09-RS";"UOP01-DEL09-RS"
532686;2023-06-30;"sexta-feira";"06:30:00";"PB";230;42;"SANTA RITA";"Velocidade Incompatível";"Saída de leito carroçável";"Sem Vítimas";"Pleno dia";"Decrescente";"Chuva";"Dupla";"Retorno Regulamentado";"Não";1;0;0;0;1;0;0;1;-7,1457976;-34,99937296;"SPRF-PB";"DEL01-PB";"UOP03-DEL01-PB"
532687;2023-06-30;"sexta-feira";"01:40:00";"RJ";101;568;"PARATY";"Demais Fenômenos da natureza";"Colisão com objeto";"Com Vítimas Feridas";"Plena Noite";"Decrescente";"Chuva";"Simples";"Reta";"Não";2;0;1;0;1;0;1;1;-23,17023697;-44,71037687;"SPRF-RJ";"DEL03-RJ";"UOP04-DEL03-RJ"
532688;2023-06-30;"sexta-feira";"06:00:00";"PI";343;184;"PIRIPIRI";"Ausência de reação do condutor";"Saída de leito carroçável";"Sem Vítimas";"Amanhecer";"Crescente";"Céu Claro";"Simples";"Reta";"Não";1;0;0;0;1;0;0;1;-4,272144;-41,761505;"SPRF-PI";"DEL02-PI";"UOP01-DEL02-PI"
532689;2023-06-30;"sexta-feira";"07:03:00";"PR";277;723;"FOZ DO IGUACU";"Acessar a via sem observar a presença dos outros veículos";"Colisão transversal";"Com Vítimas Feridas";"Amanhecer";"Decrescente";"Céu Claro";"Dupla";"Reta;Retorno Regulamentado";"Não";2;0;2;0;0;0;2;2;-25,49878215;-54,52985294;"SPRF-PR";"DEL05-PR";"UOP03-DEL05-PR"
532690;2023-06-30;"sexta-feira";"06:30:00";"MG";40;788,1;"JUIZ DE FORA";"Reação tardia ou ineficiente do condutor";"Colisão traseira";"Com Vítimas Feridas";"Amanhecer";"Decrescente";"Céu Claro";"Dupla";"Curva";"Não";3;0;1;0;1;1;1;3;-21,74815906;-43,44533222;"SPRF-MG";"DEL05-MG";"UOP01-DEL05-MG"
532692;2023-06-30;"sexta-feira";"06:55:00";"DF";70;8;"BRASILIA";"Manobra de mudança de faixa";"Colisão traseira";"Com Vítimas Feridas";"Pleno dia";"Crescente";"Céu Claro";"Dupla";"Reta";"Não";2;0;1;0;1;0;1;2;-15,784966;-48,122108;"SPRF-DF";"DEL03-DF";"UOP02-DEL03-DF"
532693;2023-06-30;"sexta-feira";"07:30:00";"RS";116;233,8;"NOVO HAMBURGO";"Acessar a via sem observar a presença dos outros veículos";"Colisão transversal";"Com Vítimas Feridas";"Pleno dia";"Crescente";"Nublado";"Simples";"Reta";"Sim";2;0;1;0;1;0;1;2;-29,64482424;-51,14331007;"SPRF-RS";"DEL01-RS";"UOP02-DEL01-RS"
532695;2023-06-30;"sexta-feira";"06:55:00";"RS";392;7,3;"RIO GRANDE";"Acessar a via sem observar a presença dos outros veículos";"Colisão transversal";"Com Vítimas Feridas";"Amanhecer";"Crescente";"Céu Claro";"Simples";"Reta";"Sim";3;0;3;0;0;0;3;2;-32,09244616;-52,10864782;"SPRF-RS";"DEL07-RS";"UOP02-DEL07-RS"
532696;2023-06-30;"sexta-feira";"06:16:00";"RO";364;310;"PRESIDENTE MEDICI";"Ausência de reação do condutor";"Colisão lateral mesmo sentido";"Com Vítimas Feridas";"Amanhecer";"Crescente";"Céu Claro";"Simples";"Reta";"Não";2;0;1;1;0;0;2;2;-11,154387;-61,90159;"SPRF-RO";"DEL02-RO";"UOP01-DEL02-RO"
532699;2023-06-11;"domingo";"01:21:00";"PE";104;66;"CARUARU";"Transitar na contramão";"Colisão frontal";"Com Vítimas Fatais";"Plena Noite";"Crescente";"Céu Claro";"Dupla";"Curva";"Sim";3;1;0;1;1;0;1;2;-8,2937;-35,9864;"SPRF-PE";"DEL02-PE";"UOP01-DEL02-PE"
532701;2023-06-30;"sexta-feira";"06:50:00";"MS";163;270;"DOURADOS";"Acessar a via sem observar a presença dos outros veículos";"Colisão transversal";"Com Vítimas Feridas";"Amanhecer";"Decrescente";"Céu Claro";"Dupla";"Rotatória";"Não";2;0;1;0;1;0;1;2;-22,194847;-54,69295;"SPRF-MS";"DEL04-MS";"UOP01-DEL04-MS"
532702;2023-06-30;"sexta-feira";"06:30:00";"RJ";40;109;"DUQUE DE CAXIAS";"Ultrapassagem Indevida";"Colisão traseira";"Com Vítimas Feridas";"Amanhecer";"Crescente";"Céu Claro";"Dupla";"Reta";"Sim";2;0;0;1;1;0;1;2;-22,67374628;-43,28638368;"SPRF-RJ";"DEL01-RJ";"UOP01-DEL01-RJ"
532704;2023-06-30;"sexta-feira";"07:45:00";"MT";163;838;"SINOP";"Acesso irregular";"Colisão transversal";"Com Vítimas Feridas";"Pleno dia";"Decrescente";"Céu Claro";"Dupla";"Retorno Regulamentado";"Sim";2;0;1;0;1;0;1;2;-11,960007;-55,516914;"SPRF-MT";"DEL06-MT";"UOP02-DEL06-MT"
532705;2023-06-30;"sexta-feira";"08:45:00";"RS";116;2;"PORTO ALEGRE";"Trafegar com motocicleta (ou similar) entre as faixas";"Tombamento";"Com Vítimas Feridas";"Pleno dia";"Crescente";"Nublado";"Dupla";"Reta";"Sim";1;0;0;1;0;0;1;1;-29,99143568;-51,18505597;"SPRF-RS";"DEL01-RS";"UOP01-DEL01-RS"
532706;2023-06-30;"sexta-feira";"08:45:00";"DF";20;5;"BRASILIA";"Reação tardia ou ineficiente do condutor";"Colisão traseira";"Sem Vítimas";"Pleno dia";"Decrescente";"Céu Claro";"Dupla";"Aclive;Reta";"Não";14;0;0;0;14;0;0;2;-15,670546;-47,816044;"SPRF-DF";"DEL02-DF";"UOP01-DEL02-DF"
532708;2023-06-30;"sexta-feira";"06:40:00";"AC";364;136;"RIO BRANCO";"Ausência de reação do condutor";"Colisão traseira";"Com Vítimas Feridas";"Pleno dia";"Crescente";"Céu Claro";"Dupla";"Rotatória";"Não";3;0;2;0;1;0;2;2;-9,977578;-67,8489;"SPRF-AC";"DEL01-AC";"UOP01-DEL01-AC"
532709;2023-06-30;"sexta-feira";"08:00:00";"PR";369;154,4;"LONDRINA";"Condutor desrespeitou a iluminação vermelha do semáforo";"Colisão transversal";"Com Vítimas Feridas";"Pleno dia";"Decrescente";"Sol";"Dupla";"Reta;Interseção de Vias";"Não";3;0;0;2;0;1;2;3;-23,29736834;-51,20162129;"SPRF-PR";"DEL07-PR";"UOP01-DEL07-PR"
532710;2023-06-30;"sexta-feira";"08:00:00";"PA";155;335;"MARABA";"Pista esburacada";"Eventos atípicos";"Com Vítimas Feridas";"Pleno dia";"Crescente";"Céu Claro";"Simples";"Reta";"Não";4;0;0;1;3;0;1;1;-5,44112901;-49,07599836;"SPRF-PA";"DEL03-PA";"UOP01-DEL03-PA"
532711;2023-06-30;"sexta-feira";"09:50:00";"RN";427;13,6;"ACARI";"Ausência de reação do condutor";"Saída de leito carroçável";"Com Vítimas Feridas";"Pleno dia";"Decrescente";"Nublado";"Simples";"Curva";"Não";1;0;1;0;0;0;1;1;-6,34607333;-36,57845106;"SPRF-RN";"DEL03-RN";"UOP02-DEL03-RN"
532714;2023-06-30;"sexta-feira";"09:00:00";"PB";230;174,3;"CAMPINA GRANDE";"Acessar a via sem observar a presença dos outros veículos";"Colisão transversal";"Com Vítimas Feridas";"Pleno dia";"Crescente";"Chuva";"Simples";"Declive";"Não";6;0;1;0;5;0;1;2;-7,1794;-36,0164;"SPRF-PB";"DEL02-PB";"UOP02-DEL02-PB"
532718;2023-06-26;"segunda-feira";"16:50:00";"RJ";493;6;"ITABORAI";"Conversão proibida";"Atropelamento de Pedestre";"Com Vítimas Feridas";"Anoitecer";"Crescente";"Céu Claro";"Dupla";"Reta";"Sim";3;0;0;1;2;0;1;3;-22,73124198;-42,95145305;"SPRF-RJ";"DEL02-RJ";"UOP02-DEL02-RJ"
532719;2023-06-26;"segunda-feira";"20:30:00";"MG";262;445;"NOVA SERRANA";"Ausência de reação do condutor";"Colisão com objeto";"Sem Vítimas";"Plena Noite";"Crescente";"Céu Claro";"Dupla";"Reta";"Sim";1;0;0;0;0;1;0;1;-19,87799664;-44,94086286;"SPRF-MG";"DEL08-MG";"UOP03-DEL08-MG"
532720;2023-06-30;"sexta-feira";"10:24:00";"CE";116;189;"LIMOEIRO DO NORTE";"Demais falhas mecânicas ou elétricas";"Colisão frontal";"Com Vítimas Feridas";"Pleno dia";"Crescente";"Nublado";"Simples";"Reta";"Não";2;0;1;0;1;0;1;2;-5,152127;-38,154329;"SPRF-CE";"DEL03-CE";"UOP01-DEL03-CE"
532723;2023-06-30;"sexta-feira";"10:30:00";"BA";101;211;"GOVERNADOR MANGABEIRA";"Acessar a via sem observar a presença dos outros veículos";"Colisão transversal";"Com Vítimas Feridas";"Pleno dia";"Decrescente";"Céu Claro";"Simples";"Reta";"Não";2;0;1;0;1;0;1;2;-12,6081156;-39,06950513;"SPRF-BA";"DEL01-BA";"UOP02-DEL01-BA"
532725;2023-06-30;"sexta-feira";"11:09:00";"GO";153;498;"GOIANIA";"Reação tardia ou ineficiente do condutor";"Engavetamento";"Com Vítimas Feridas";"Pleno dia";"Decrescente";"Céu Claro";"Dupla";"Reta;Declive";"Sim";5;0;1;0;4;0;1;4;-16,6939;-49,2321;"SPRF-GO";"DEL01-GO";"UOP01-DEL01-GO"
532728;2023-06-27;"terça-feira";"10:30:00";"RJ";101;330;"RIO DE JANEIRO";"Condutor deixou de manter distância do veículo da frente";"Colisão traseira";"Sem Vítimas";"Pleno dia";"Decrescente";"Céu Claro";"Dupla";"Ponte;Reta";"Não";2;0;0;0;2;0;0;2;-22,8684989;-43,18548699;"SPRF-RJ";"DEL02-RJ";"UOP01-DEL02-RJ"
532729;2023-06-30;"sexta-feira";"11:10:00";"PR";376;184;"MARIALVA";"Ausência de reação do condutor";"Tombamento";"Com Vítimas Feridas";"Pleno dia";"Crescente";"Céu Claro";"Dupla";"Reta";"Não";1;0;1;0;0;0;1;1;-23,4465611;-51,86216706;"SPRF-PR";"DEL09-PR";"UOP01-DEL09-PR"
532731;2023-06-30;"sexta-feira";"10:15:00";"MG";116;673,7;"MIRADOURO";"Reação tardia ou ineficiente do condutor";"Colisão traseira";"Com Vítimas Feridas";"Pleno dia";"Decrescente";"Garoa/Chuvisco";"Simples";"Reta";"Não";5;0;2;0;3;0;2;4;-20,88956601;-42,33963285;"SPRF-MG";"DEL07-MG";"UOP02-DEL07-MG"
532733;2023-06-30;"sexta-feira";"11:00:00";"PR";476;152,2;"ARAUCARIA";"Objeto estático sobre o leito carroçável";"Tombamento";"Com Vítimas Feridas";"Pleno dia";"Crescente";"Nublado";"Dupla";"Reta";"Sim";2;0;1;0;0;1;1;2;-25,570036;-49,384193;"SPRF-PR";"DEL01-PR";"UOP06-DEL01-PR"
532734;2023-06-30;"sexta-feira";"11:10:00";"PR";116;29;"CAMPINA GRANDE DO SUL";"Reação tardia ou ineficiente do condutor";"Colisão com objeto";"Sem Vítimas";"Pleno dia";"Decrescente";"Nublado";"Dupla";"Curva;Declive";"Não";2;0;0;0;2;0;0;1;-25,10057871;-48,81128876;"SPRF-PR";"DEL01-PR";"UOP02-DEL01-PR"
532735;2023-06-30;"sexta-feira";"10:00:00";"RJ";356;23,2;"ITAPERUNA";"Reação tardia ou ineficiente do condutor";"Queda de ocupante de veículo";"Com Vítimas Fatais";"Pleno dia";"Crescente";"Nublado";"Simples";"Curva";"Não";1;1;0;0;0;0;0;1;-21,18026434;-41,98292495;"SPRF-RJ";"DEL08-RJ";"UOP03-DEL08-RJ"
532737;2023-06-30;"sexta-feira";"11:50:00";"BA";324;624;"SALVADOR";"Objeto estático sobre o leito carroçável";"Colisão com objeto";"Com Vítimas Feridas";"Pleno dia";"Crescente";"Céu Claro";"Múltipla";"Reta";"Sim";2;0;2;0;0;0;2;1;-12,933839;-38,47190701;"SPRF-BA";"DEL01-BA";"UOP01-DEL01-BA"
532738;2023-06-30;"sexta-feira";"11:55:00";"RS";101;77;"OSORIO";"Ausência de reação do condutor";"Saída de leito carroçável";"Com Vítimas Feridas";"Pleno dia";"Crescente";"Nublado";"Dupla";"Reta";"Não";5;0;4;0;1;0;4;1;-29,80280592;-50,23688813;"SPRF-RS";"DEL03-RS";"UOP01-DEL03-RS"
532739;2023-06-30;"sexta-feira";"11:50:00";"PR";476;156;"ARAUCARIA";"Desrespeitar a preferência no cruzamento";"Colisão transversal";"Com Vítimas Feridas";"Pleno dia";"Crescente";"Céu Claro";"Dupla";"Reta";"Sim";2;0;1;0;1;0;1;2;-25,599157;-49,417736;"SPRF-PR";"DEL01-PR";"UOP06-DEL01-PR"
532741;2023-06-30;"sexta-feira";"12:00:00";"CE";304;97,4;"ARACATI";"Acessar a via sem observar a presença dos outros veículos";"Colisão lateral mesmo sentido";"Com Vítimas Feridas";"Pleno dia";"Crescente";"Céu Claro";"Dupla";"Interseção de Vias;Reta";"Não";5;0;1;0;4;0;1;2;-4,79791207;-37,5001211;"SPRF-CE";"DEL03-CE";"UOP03-DEL03-CE"
532743;2023-06-30;"sexta-feira";"12:30:00";"PR";369;186,7;"ARAPONGAS";"Acessar a via sem observar a presença dos outros veículos";"Colisão transversal";"Com Vítimas Feridas";"Pleno dia";"Decrescente";"Céu Claro";"Simples";"Reta;Interseção de Vias";"Sim";3;0;1;1;1;0;2;2;-23,421506;-51,424601;"SPRF-PR";"DEL07-PR";"UOP03-DEL07-PR"
532744;2023-06-30;"sexta-feira";"06:39:00";"PR";277;720,2;"FOZ DO IGUACU";"Iluminação deficiente";"Atropelamento de Pedestre";"Com Vítimas Fatais";"Amanhecer";"Crescente";"Céu Claro";"Dupla";"Reta";"Sim";2;1;0;0;1;0;0;2;-25,48750984;-54,50317706;"SPRF-PR";"DEL05-PR";"UOP03-DEL05-PR"
532747;2023-06-30;"sexta-feira";"13:00:00";"PR";158;534,5;"PATO BRANCO";"Acessar a via sem observar a presença dos outros veículos";"Colisão transversal";"Com Vítimas Feridas";"Pleno dia";"Decrescente";"Nublado";"Simples";"Reta";"Não";2;0;1;0;1;0;1;2;-26,22652612;-52,68914074;"SPRF-PR";"DEL02-PR";"UOP01-DEL02-PR"
532748;2023-06-30;"sexta-feira";"12:15:00";"RJ";40;78;"PETROPOLIS";"Velocidade Incompatível";"Queda de ocupante de veículo";"Com Vítimas Feridas";"Pleno dia";"Crescente";"Céu Claro";"Simples";"Curva;Declive";"Não";1;0;0;1;0;0;1;1;-22,48485874;-43,22843406;"SPRF-RJ";"DEL06-RJ";"UOP01-DEL06-RJ"
532750;2023-06-30;"sexta-feira";"13:20:00";"GO";50;97,3;"CRISTALINA";"Acessar a via sem observar a presença dos outros veículos";"Colisão transversal";"Com Vítimas Feridas";"Pleno dia";"Decrescente";"Céu Claro";"Dupla";"Reta;Retorno Regulamentado";"Sim";3;0;1;0;2;0;1;3;-16,76314268;-47,61336392;"SPRF-DF";"DEL01-DF";"UOP02-DEL01-DF"
532751;2023-06-30;"sexta-feira";"12:15:00";"AL";101;53;"FLEXEIRAS";"Acumulo de água sobre o pavimento";"Saída de leito carroçável";"Sem Vítimas";"Pleno dia";"Crescente";"Chuva";"Dupla";"Curva";"Não";1;0;0;0;1;0;0;1;-9,24853718;-35,76615286;"SPRF-AL";"DEL01-AL";"UOP02-DEL01-AL"
532752;2023-06-30;"sexta-feira";"14:28:00";"PB";101;85,6;"BAYEUX";"Condutor deixou de manter distância do veículo da frente";"Colisão traseira";"Sem Vítimas";"Pleno dia";"Decrescente";"Nublado";"Dupla";"Reta";"Não";2;0;0;0;2;0;0;2;-7,1495448;-34,91158962;"SPRF-PB";"DEL01-PB";"UOP01-DEL01-PB"
532753;2023-06-30;"sexta-feira";"14:15:00";"RS";116;248,2;"SAO LEOPOLDO";"Ausência de reação do condutor";"Colisão traseira";"Sem Vítimas";"Pleno dia";"Decrescente";"Céu Claro";"Dupla";"Reta";"Sim";2;0;0;0;2;0;0;2;-29,77605895;-51,15508618;"SPRF-RS";"DEL01-RS";"UOP02-DEL01-RS"
532754;2023-06-30;"sexta-feira";"14:00:00";"PA";10;37;"DOM ELISEU";"Ausência de sinalização";"Colisão traseira";"Sem Vítimas";"Pleno dia";"Decrescente";"Céu Claro";"Simples";"Reta";"Não";2;0;0;0;1;1;0;2;-4,126907;-47,548706;"SPRF-PA";"DEL02-PA";"UOP02-DEL02-PA"
532755;2023-06-30;"sexta-feira";"13:50:00";"RJ";393;298;"BARRA MANSA";"Acessar a via sem observar a presença dos outros veículos";"Colisão transversal";"Com Vítimas Feridas";"Pleno dia";"Decrescente";"Céu Claro";"Simples";"Reta";"Não";2;0;0;1;1;0;1;2;-22,51745661;-44,11043815;"SPRF-RJ";"DEL07-RJ";"UOP02-DEL07-RJ"
532761;2023-06-30;"sexta-feira";"15:07:00";"GO";40;11,8;"LUZIANIA";"Acessar a via sem observar a presença dos outros veículos";"Colisão traseira";"Com Vítimas Feridas";"Pleno dia";"Crescente";"Céu Claro";"Dupla";"Reta";"Não";2;0;0;1;1;0;1;2;-16,138336;-47,951644;"SPRF-DF";"DEL01-DF";"UOP01-DEL01-DF"
532762;2023-06-30;"sexta-feira";"13:50:00";"MG";262;37,8;"MANHUACU";"Mal súbito do condutor";"Colisão frontal";"Com Vítimas Feridas";"Pleno dia";"Crescente";"Céu Claro";"Simples";"Curva";"Sim";2;0;1;0;1;0;1;2;-20,25748975;-42,03048732;"SPRF-MG";"DEL06-MG";"UOP03-DEL06-MG"
532765;2023-06-30;"sexta-feira";"14:40:00";"MG";116;683,7;"MURIAE";"Mal súbito do condutor";"Capotamento";"Com Vítimas Feridas";"Pleno dia";"Decrescente";"Céu Claro";"Simples";"Reta";"Não";2;0;2;0;0;0;2;1;-20,96503001;-42,35223064;"SPRF-MG";"DEL07-MG";"UOP02-DEL07-MG"
532766;2023-05-11;"quinta-feira";"07:15:00";"RS";116;229;"DOIS IRMAOS";"Acessar a via sem observar a presença dos outros veículos";"Colisão lateral sentido oposto";"Com Vítimas Feridas";"Pleno dia";"Crescente";"Céu Claro";"Simples";"Reta";"Não";2;0;1;0;1;0;1;2;-29,61838113;-51,12147984;"SPRF-RS";"DEL01-RS";"UOP02-DEL01-RS"
532768;2023-06-30;"sexta-feira";"15:20:00";"RS";116;36,9;"VACARIA";"Desrespeitar a preferência no cruzamento";"Colisão transversal";"Com Vítimas Feridas";"Pleno dia";"Crescente";"Nublado";"Simples";"Interseção de Vias;Reta";"Sim";3;0;1;0;2;0;1;2;-28,49228783;-50,91057315;"SPRF-RS";"DEL05-RS";"UOP03-DEL05-RS"
532769;2023-06-30;"sexta-feira";"12:10:00";"PR";369;156,1;"LONDRINA";"Condutor deixou de manter distância do veículo da frente";"Colisão traseira";"Com Vítimas Feridas";"Pleno dia";"Decrescente";"Céu Claro";"Dupla";"Reta;Declive";"Sim";3;0;1;0;2;0;1;2;-23,29090392;-51,21889472;"SPRF-PR";"DEL07-PR";"UOP01-DEL07-PR"
532770;2023-06-30;"sexta-feira";"16:20:00";"RS";472;523;"URUGUAIANA";"Condutor Dormindo";"Saída de leito carroçável";"Com Vítimas Feridas";"Pleno dia";"Decrescente";"Céu Claro";"Simples";"Reta";"Não";1;0;1;0;0;0;1;1;-29,483149;-56,686739;"SPRF-RS";"DEL13-RS";"UOP01-DEL13-RS"
532771;2023-06-30;"sexta-feira";"13:30:00";"RJ";116;313;"RESENDE";"Ausência de reação do condutor";"Colisão com objeto";"Com Vítimas Feridas";"Pleno dia";"Decrescente";"Céu Claro";"Dupla";"Reta";"Não";1;0;1;0;0;0;1;1;-22,45998766;-44,46237202;"SPRF-RJ";"DEL07-RJ";"UOP02-DEL07-RJ"
532773;2023-06-30;"sexta-feira";"17:00:00";"SP";381;58;"MAIRIPORA";"Manobra de mudança de faixa";"Colisão lateral mesmo sentido";"Com Vítimas Feridas";"Anoitecer";"Crescente";"Céu Claro";"Dupla";"Aclive";"Sim";2;0;1;0;1;0;1;2;-23,27438497;-46,58530615;"SPRF-SP";"DEL03-SP";"UOP01-DEL03-SP"
532775;2023-06-30;"sexta-feira";"16:55:00";"MG";262;439;"NOVA SERRANA";"Ausência de reação do condutor";"Saída de leito carroçável";"Com Vítimas Feridas";"Anoitecer";"Crescente";"Céu Claro";"Dupla";"Reta";"Sim";1;0;0;1;0;0;1;1;-19,89197285;-44,88685183;"SPRF-MG";"DEL08-MG";"UOP03-DEL08-MG"