"id";"data_inversa";"dia_semana";"horario";"uf";"br";"km";"municipio";"causa_acidente";"tipo_acidente";"classificacao_acidente";"fase_dia";"sentido_via";"condicao_metereologica";"tipo_pista";"tracado_via";"uso_solo";"pessoas";"mortos";"feridos_leves";"feridos_graves";"ilesos";"ignorados";"feridos";"veiculos";"latitude";"longitude";"regional";"delegacia";"uop"
532777;2023-06-30;"sexta-feira";"16:50:00";"PR";376;75,7;"GUAIRACA";"Acessar a via sem observar a presença dos outros veículos";"Colisão transversal";"Com Vítimas Fatais";"Pleno dia";"Crescente";"Sol";"Simples";"Interseção de Vias";"Não";5;1;1;1;2;0;2;2;-22,95601934;-52,69687272;"SPRF-PR";"DEL09-PR";"UOP02-DEL09-PR"
532780;2023-06-30;"sexta-feira";"17:00:00";"RS";290;75;"GRAVATAI";"Condutor deixou de manter distância do veículo da frente";"Colisão traseira";"Com Vítimas Feridas";"Pleno dia";"Decrescente";"Céu Claro";"Múltipla";"Reta";"Não";2;0;1;0;1;0;1;2;-29,95521;-51,006855;"SPRF-RS";"DEL01-RS";"UOP01-DEL01-RS"
532781;2023-06-30;"sexta-feira";"17:15:00";"MG";40;777,9;"JUIZ DE FORA";"Acumulo de óleo sobre o pavimento";"Tombamento";"Com Vítimas Feridas";"Anoitecer";"Crescente";"Garoa/Chuvisco";"Dupla";"Curva;Retorno Regulamentado;Declive";"Não";1;0;1;0;0;0;1;1;-21,65915396;-43,43351652;"SPRF-MG";"DEL05-MG";"UOP01-DEL05-MG"
532782;2023-06-30;"sexta-feira";"17:30:00";"SP";153;58,8;"SAO JOSE DO RIO PRETO";"Avarias e/ou desgaste excessivo no pneu";"Tombamento";"Com Vítimas Feridas";"Anoitecer";"Decrescente";"Céu Claro";"Dupla";"Reta";"Sim";2;0;1;0;1;0;1;1;-20,77850477;-49,35287118;"SPRF-SP";"DEL09-SP";"UOP01-DEL09-SP"
532784;2023-06-30;"sexta-feira";"13:30:00";"RJ";356;185;"SAO JOAO DA BARRA";"Acessar a via sem observar a presença dos outros veículos";"Colisão transversal";"Com Vítimas Feridas";"Pleno dia";"Decrescente";"Céu Claro";"Simples";"Reta";"Não";2;0;2;0;0;0;2;2;-21,629957;-41,033609;"SPRF-RJ";"DEL08-RJ";"UOP02-DEL08-RJ"
532785;2023-06-30;"sexta-feira";"15:00:00";"PI";316;0;"TERESINA";"Ausência de reação do condutor";"Colisão traseira";"Com Vítimas Feridas";"Pleno dia";"Crescente";"Céu Claro";"Dupla";"Reta";"Sim";2;0;1;0;1;0;1;2;-5,131168;-42,81564;"SPRF-PI";"DEL01-PI";"UOP02-DEL01-PI"
532786;2023-06-30;"sexta-feira";"17:15:00";"ES";259;56;"COLATINA";"Reação tardia ou ineficiente do condutor";"Colisão lateral mesmo sentido";"Com Vítimas Feridas";"Anoitecer";"Crescente";"Nublado";"Simples";"Reta";"Não";3;0;2;0;0;1;2;2;-19,50128488;-40,65265414;"SPRF-ES";"DEL02-ES";"UOP01-DEL02-ES"
532788;2023-06-30;"sexta-feira";"10:50:00";"PE";101;75,7;"RECIFE";"Condutor deixou de manter distância do veículo da frente";"Colisão traseira";"Com Vítimas Feridas";"Pleno dia";"Decrescente";"Céu Claro";"Dupla";"Reta";"Não";2;0;1;0;1;0;1;2;-8,10973523;-34,94660151;"SPRF-PE";"DEL01-PE";"UOP01-DEL01-PE"
532789;2023-06-30;"sexta-feira";"15:30:00";"PE";316;248;"BELEM DE SAO FRANCISCO";"Animais na Pista";"Saída de leito carroçável";"Com Vítimas Feridas";"Pleno dia";"Decrescente";"Céu Claro";"Simples";"Reta";"Não";2;0;2;0;0;0;2;1;-8,66960846;-38,98660323;"SPRF-PE";"DEL05-PE";"UOP03-DEL05-PE"
532790;2023-06-30;"sexta-feira";"17:15:00";"MG";262;37,3;"MANHUACU";"Acessar a via sem observar a presença dos outros veículos";"Colisão transversal";"Com Vítimas Feridas";"Anoitecer";"Decrescente";"Nublado";"Simples";"Reta";"Sim";2;0;2;0;0;0;2;2;-20,25748975;-42,03048732;"SPRF-MG";"DEL06-MG";"UOP03-DEL06-MG"
532794;2023-06-26;"segunda-feira";"05:30:00";"RJ";101;305;"SAO GONCALO";"Animais na Pista";"Atropelamento de Animal";"Com Vítimas Feridas";"Pleno dia";"Crescente";"Céu Claro";"Dupla";"Reta";"Sim";1;0;1;0;0;0;1;1;-22,78702832;-42,99589293;"SPRF-RJ";"DEL02-RJ";"UOP02-DEL02-RJ"
532797;2023-06-30;"sexta-feira";"18:00:00";"PR";376;223;"CAMBIRA";"Condutor deixou de manter distância do veículo da frente";"Colisão traseira";"Com Vítimas Feridas";"Plena Noite";"Crescente";"Céu Claro";"Simples";"Reta";"Sim";3;0;2;0;1;0;2;2;-23,59818235;-51,58660412;"SPRF-PR";"DEL07-PR";"UOP03-DEL07-PR"
532798;2023-06-30;"sexta-feira";"18:40:00";"MG";116;701,6;"MURIAE";"Acessar a via sem observar a presença dos outros veículos";"Colisão transversal";"Com Vítimas Feridas";"Plena Noite";"Decrescente";"Nublado";"Simples";"Reta";"Não";3;0;2;0;1;0;2;2;-21,11938311;-42,38006362;"SPRF-MG";"DEL07-MG";"UOP02-DEL07-MG"
532799;2023-06-30;"sexta-feira";"18:40:00";"RS";290;583;"ALEGRETE";"Acessar a via sem observar a presença dos outros veículos";"Atropelamento de Pedestre";"Com Vítimas Feridas";"Plena Noite";"Crescente";"Nublado";"Simples";"Reta";"Sim";3;0;1;0;2;0;1;2;-29,81234589;-55,80896437;"SPRF-RS";"DEL13-RS";"UOP02-DEL13-RS"
532801;2023-06-30;"sexta-feira";"18:00:00";"GO";40;15,5;"LUZIANIA";"Acessar a via sem observar a presença dos outros veículos";"Tombamento";"Com Vítimas Feridas";"Plena Noite";"Crescente";"Céu Claro";"Dupla";"Retorno Regulamentado";"Não";2;0;2;0;0;0;2;1;-16,1671;-47,930161;"SPRF-DF";"DEL01-DF";"UOP01-DEL01-DF"
532802;2023-06-30;"sexta-feira";"18:52:00";"DF";20;21;"BRASILIA";"Trafegar com motocicleta (ou similar) entre as faixas";"Colisão lateral mesmo sentido";"Com Vítimas Feridas";"Plena Noite";"Crescente";"Céu Claro";"Simples";"Reta";"Não";3;0;0;1;2;0;1;3;-15,603384;-47,684692;"SPRF-DF";"DEL02-DF";"UOP01-DEL02-DF"
532803;2023-06-30;"sexta-feira";"18:45:00";"SP";153;62,1;"SAO JOSE DO RIO PRETO";"Condutor deixou de manter distância do veículo da frente";"Engavetamento";"Com Vítimas Feridas";"Plena Noite";"Crescente";"Céu Claro";"Dupla";"Aclive;Reta";"Não";3;0;0;1;2;0;1;3;-20,81325404;-49,35675563;"SPRF-SP";"DEL09-SP";"UOP01-DEL09-SP"
532804;2023-06-30;"sexta-feira";"16:00:00";"MT";163;835;"SINOP";"Reação tardia ou ineficiente do condutor";"Colisão traseira";"Com Vítimas Feridas";"Pleno dia";"Decrescente";"Céu Claro";"Simples";"Viaduto";"Sim";6;0;1;0;5;0;1;2;-11,85886717;-55,49460411;"SPRF-MT";"DEL06-MT";"UOP02-DEL06-MT"
532805;2023-06-30;"sexta-feira";"17:20:00";"MT";163;832;"SINOP";"Ausência de reação do condutor";"Colisão traseira";"Sem Vítimas";"Anoitecer";"Crescente";"Céu Claro";"Simples";"Reta";"Sim";2;0;0;0;2;0;0;2;-12,0138;-55,51719;"SPRF-MT";"DEL06-MT";"UOP02-DEL06-MT"
532806;2023-06-30;"sexta-feira";"17:10:00";"BA";101;228;"SAPEACU";"Manobra de mudança de faixa";"Colisão lateral mesmo sentido";"Com Vítimas Feridas";"Pleno dia";"Crescente";"Céu Claro";"Simples";"Reta";"Não";2;0;1;0;1;0;1;2;-12,81758597;-39,20011274;"SPRF-BA";"DEL01-BA";"UOP02-DEL01-BA"
532807;2023-06-30;"sexta-feira";"19:10:00";"SC";101;134;"BALNEARIO CAMBORIU";"Acessar a via sem observar a presença dos outros veículos";"Colisão transversal";"Com Vítimas Feridas";"Plena Noite";"Crescente";"Nublado";"Simples";"Interseção de Vias";"Sim";2;0;1;0;1;0;1;2;-27,00218;-48,636433;"SPRF-SC";"DEL04-SC";"UOP03-DEL04-SC"
532808;2023-06-30;"sexta-feira";"17:40:00";"PR";116;131,8;"FAZENDA RIO GRANDE";"Reação tardia ou ineficiente do condutor";"Colisão lateral mesmo sentido";"Com Vítimas Feridas";"Anoitecer";"Crescente";"Nublado";"Dupla";"Reta";"Sim";2;0;0;1;0;1;1;2;-25,648307;-49,31251207;"SPRF-PR";"DEL01-PR";"UOP03-DEL01-PR"
532809;2023-06-30;"sexta-feira";"18:30:00";"SC";280;56,7;"GUARAMIRIM";"Reação tardia ou ineficiente do condutor";"Colisão com objeto";"Com Vítimas Feridas";"Plena Noite";"Decrescente";"Céu Claro";"Simples";"Reta";"Sim";1;0;1;0;0;0;1;1;-26,47947677;-49,00298702;"SPRF-SC";"DEL03-SC";"UOP03-DEL03-SC"
532810;2023-06-30;"sexta-feira";"19:30:00";"RS";116;267;"CANOAS";"Ausência de reação do condutor";"Colisão lateral mesmo sentido";"Com Vítimas Feridas";"Plena Noite";"Decrescente";"Céu Claro";"Dupla";"Reta";"Sim";2;0;1;0;1;0;1;2;-29,94142398;-51,17697062;"SPRF-RS";"DEL01-RS";"UOP01-DEL01-RS"
532812;2023-06-30;"sexta-feira";"18:10:00";"RS";285;127,1;"VACARIA";"Ultrapassagem Indevida";"Colisão frontal";"Com Vítimas Feridas";"Plena Noite";"Crescente";"Céu Claro";"Simples";"Reta";"Não";3;0;2;0;1;0;2;2;-28,468346;-50,970272;"SPRF-RS";"DEL05-RS";"UOP03-DEL05-RS"
532813;2023-06-30;"sexta-feira";"18:30:00";"MS";463;110;"PONTA PORA";"Acessar a via sem observar a presença dos outros veículos";"Colisão transversal";"Com Vítimas Feridas";"Plena Noite";"Crescente";"Céu Claro";"Dupla";"Reta";"Sim";4;0;1;0;3;0;1;2;-22,57571683;-55,69307685;"SPRF-MS";"DEL04-MS";"UOP03-DEL04-MS"
532817;2023-06-30;"sexta-feira";"19:30:00";"SP";116;214;"GUARULHOS";"Trafegar com motocicleta (ou similar) entre as faixas";"Colisão lateral mesmo sentido";"Com Vítimas Feridas";"Plena Noite";"Decrescente";"Céu Claro";"Dupla";"Reta";"Não";3;0;1;0;2;0;1;3;-23,44333014;-46,44531294;"SPRF-SP";"DEL01-SP";"UOP01-DEL01-SP"
532819;2023-06-30;"sexta-feira";"18:28:00";"SC";480;124;"CHAPECO";"Reação tardia ou ineficiente do condutor";"Saída de leito carroçável";"Com Vítimas Fatais";"Plena Noite";"Crescente";"Garoa/Chuvisco";"Múltipla";"Reta";"Sim";2;1;1;0;0;0;1;1;-27,00359519;-52,64391044;"SPRF-SC";"DEL07-SC";"UOP01-DEL07-SC"
532821;2023-06-30;"sexta-feira";"19:00:00";"RJ";101;323;"NITEROI";"Demais falhas mecânicas ou elétricas";"Incêndio";"Sem Vítimas";"Plena Noite";"Crescente";"Nublado";"Dupla";"Reta";"Sim";1;0;0;0;1;0;0;1;-22,87684786;-43,11728689;"SPRF-RJ";"DEL02-RJ";"UOP01-DEL02-RJ"
532822;2023-06-30;"sexta-feira";"20:00:00";"PR";277;108,1;"CAMPO LARGO";"Manobra de mudança de faixa";"Colisão lateral mesmo sentido";"Com Vítimas Feridas";"Plena Noite";"Crescente";"Nublado";"Dupla";"Reta";"Não";2;0;0;1;1;0;1;2;-25,432;-49,429;"SPRF-PR";"DEL03-PR";"UOP03-DEL03-PR"
532823;2023-06-30;"sexta-feira";"19:30:00";"SP";381;56,5;"MAIRIPORA";"Reação tardia ou ineficiente do condutor";"Colisão traseira";"Com Vítimas Feridas";"Plena Noite";"Crescente";"Céu Claro";"Dupla";"Reta";"Sim";2;0;1;0;1;0;1;2;-23,259142;-46,589618;"SPRF-SP";"DEL03-SP";"UOP01-DEL03-SP"
532824;2023-06-30;"sexta-feira";"20:26:00";"MG";40;526;"CONTAGEM";"Trafegar com motocicleta (ou similar) entre as faixas";"Colisão traseira";"Com Vítimas Feridas";"Plena Noite";"Decrescente";"Céu Claro";"Dupla";"Reta";"Sim";3;0;2;0;1;0;2;2;-19,89255399;-44,04985478;"SPRF-MG";"DEL01-MG";"UOP02-DEL01-MG"
532825;2023-06-30;"sexta-feira";"20:10:00";"PI";316;15;"TERESINA";"Reação tardia ou ineficiente do condutor";"Colisão com objeto";"Com Vítimas Feridas";"Plena Noite";"Crescente";"Céu Claro";"Dupla";"Reta";"Não";2;0;2;0;0;0;2;1;-5,22618889;-42,75017066;"SPRF-PI";"DEL01-PI";"UOP02-DEL01-PI"
532826;2023-06-30;"sexta-feira";"18:10:00";"PR";116;189;"CAMPO DO TENENTE";"Restrição de visibilidade em curvas verticais";"Colisão frontal";"Com Vítimas Feridas";"Anoitecer";"Crescente";"Nublado";"Simples";"Curva";"Sim";2;0;1;0;1;0;1;2;-25,94704813;-49,64358785;"SPRF-PR";"DEL01-PR";"UOP03-DEL01-PR"
532827;2023-06-30;"sexta-feira";"18:50:00";"MG";116;702,3;"MURIAE";"Pedestre cruzava a pista fora da faixa";"Atropelamento de Pedestre";"Com Vítimas Feridas";"Plena Noite";"Crescente";"Céu Claro";"Simples";"Interseção de Vias;Rotatória;Reta";"Sim";3;0;1;0;1;1;1;2;-21,11938311;-42,38006362;"SPRF-MG";"DEL07-MG";"UOP02-DEL07-MG"
532828;2023-06-30;"sexta-feira";"19:20:00";"MT";70;33;"BARRA DO GARCAS";"Pedestre andava na pista";"Atropelamento de Pedestre";"Com Vítimas Fatais";"Plena Noite";"Decrescente";"Céu Claro";"Simples";"Reta";"Não";3;1;1;0;1;0;1;2;-15,77975353;-52,50125872;"SPRF-MT";"DEL07-MT";"UOP01-DEL07-MT"
532829;2023-06-30;"sexta-feira";"20:00:00";"SP";116;150,3;"SAO JOSE DOS CAMPOS";"Reação tardia ou ineficiente do condutor";"Colisão traseira";"Com Vítimas Feridas";"Plena Noite";"Crescente";"Céu Claro";"Múltipla";"Reta";"Sim";2;0;1;0;1;0;1;2;-23,21335525;-45,8930588;"SPRF-SP";"DEL02-SP";"UOP01-DEL02-SP"
532830;2023-06-30;"sexta-feira";"21:00:00";"PB";101;65,5;"SANTA RITA";"Demais falhas mecânicas ou elétricas";"Incêndio";"Sem Vítimas";"Plena Noite";"Crescente";"Nublado";"Dupla";"Reta";"Não";2;0;0;0;2;0;0;1;-7,04256889;-35,05061285;"SPRF-PB";"DEL01-PB";"UOP04-DEL01-PB"
532831;2023-06-30;"sexta-feira";"20:00:00";"PR";369;174,4;"ROLANDIA";"Condutor desrespeitou a iluminação vermelha do semáforo";"Colisão transversal";"Com Vítimas Feridas";"Plena Noite";"Crescente";"Céu Claro";"Simples";"Interseção de Vias";"Sim";3;0;0;2;1;0;2;2;-23,32149873;-51,38271332;"SPRF-PR";"DEL07-PR";"UOP01-DEL07-PR"
532832;2023-06-30;"sexta-feira";"21:30:00";"RS";392;642,9;"GUARANI DAS MISSOES";"Transitar na contramão";"Colisão frontal";"Com Vítimas Fatais";"Plena Noite";"Crescente";"Garoa/Chuvisco";"Simples";"Curva";"Não";4;1;3;0;0;0;3;2;-28,15556042;-54,55549601;"SPRF-RS";"DEL10-RS";"UOP01-DEL10-RS"
532834;2023-06-30;"sexta-feira";"21:00:00";"MG";116;581,2;"MANHUACU";"Ausência de reação do condutor";"Colisão com objeto";"Sem Vítimas";"Plena Noite";"Decrescente";"Céu Claro";"Simples";"Reta";"Não";2;0;0;0;1;1;0;1;-20,19603401;-42,18344405;"SPRF-MG";"DEL06-MG";"UOP03-DEL06-MG"
532836;2023-06-30;"sexta-feira";"19:30:00";"MG";262;876,5;"CAMPO FLORIDO";"Desrespeitar a preferência no cruzamento";"Colisão transversal";"Com Vítimas Feridas";"Plena Noite";"Decrescente";"Céu Claro";"Dupla";"Interseção de Vias;Reta";"Sim";2;0;1;0;0;1;1;2;-19,76505779;-48,5847187;"SPRF-MG";"DEL13-MG";"UOP01-DEL13-MG"
532837;2023-06-30;"sexta-feira";"21:30:00";"PB";230;26,8;"JOAO PESSOA";"Ausência de reação do condutor";"Atropelamento de Pedestre";"Com Vítimas Feridas";"Plena Noite";"Decrescente";"Chuva";"Dupla";"Reta";"Sim";2;0;0;2;0;0;2;2;-7,1693;-34,8782;"SPRF-PB";"DEL01-PB";"UOP01-DEL01-PB"
532838;2023-06-30;"sexta-feira";"21:25:00";"MG";50;174;"UBERABA";"Ausência de reação do condutor";"Tombamento";"Com Vítimas Feridas";"Plena Noite";"Decrescente";"Céu Claro";"Dupla";"Curva;Viaduto";"Sim";1;0;1;0;0;0;1;1;-19,76994155;-47,97314823;"SPRF-MG";"DEL13-MG";"UOP01-DEL13-MG"
532839;2023-06-30;"sexta-feira";"21:30:00";"RS";116;149,1;"CAXIAS DO SUL";"Condutor desrespeitou a iluminação vermelha do semáforo";"Colisão transversal";"Sem Vítimas";"Plena Noite";"Crescente";"Nevoeiro/Neblina";"Dupla";"Reta";"Sim";4;0;0;0;4;0;0;2;-29,162229;-51,157157;"SPRF-RS";"DEL05-RS";"UOP01-DEL05-RS"
532840;2023-06-30;"sexta-feira";"18:40:00";"RO";425;135;"GUAJARA-MIRIM";"Deficiência do Sistema de Iluminação/Sinalização";"Colisão lateral mesmo sentido";"Com Vítimas Feridas";"Plena Noite";"Crescente";"Céu Claro";"Simples";"Reta";"Não";8;0;1;0;7;0;1;2;-10,703863;-65,273033;"SPRF-RO";"DEL01-RO";"UOP03-DEL01-RO"
532841;2023-06-30;"sexta-feira";"18:50:00";"AL";316;244;"ATALAIA";"Área urbana sem a presença de local apropriado para a travessia de pedestres";"Atropelamento de Pedestre";"Com Vítimas Feridas";"Plena Noite";"Decrescente";"Nublado";"Simples";"Reta";"Sim";2;0;0;1;0;1;1;2;-9,51022028;-36,00471385;"SPRF-AL";"DEL01-AL";"UOP01-DEL01-AL"
532843;2023-06-30;"sexta-feira";"22:00:00";"MG";40;487;"CAPIM BRANCO";"Manobra de mudança de faixa";"Colisão lateral mesmo sentido";"Com Vítimas Feridas";"Plena Noite";"Crescente";"Céu Claro";"Dupla";"Reta";"Não";7;0;1;0;6;0;1;2;-19,59896404;-44,22303708;"SPRF-MG";"DEL02-MG";"UOP01-DEL02-MG"
532844;2023-06-30;"sexta-feira";"19:45:00";"MG";267;46,2;"MARIPA DE MINAS";"Ausência de reação do condutor";"Colisão traseira";"Com Vítimas Fatais";"Plena Noite";"Crescente";"Céu Claro";"Simples";"Reta";"Sim";3;1;0;0;0;2;0;3;-21,6829444;-42,92900685;"SPRF-MG";"DEL07-MG";"UOP01-DEL07-MG"
532845;2023-06-30;"sexta-feira";"22:25:00";"GO";70;4;"AGUAS LINDAS DE GOIAS";"Entrada inopinada do pedestre";"Atropelamento de Pedestre";"Com Vítimas Fatais";"Plena Noite";"Crescente";"Céu Claro";"Dupla";"Reta";"Sim";2;1;0;0;1;0;0;2;-15,759729;-48,247242;"SPRF-DF";"DEL03-DF";"UOP02-DEL03-DF"
532847;2023-06-30;"sexta-feira";"23:00:00";"SP";116;218;"GUARULHOS";"Reação tardia ou ineficiente do condutor";"Colisão com objeto";"Sem Vítimas";"Plena Noite";"Crescente";"Céu Claro";"Múltipla";"Reta";"Sim";1;0;0;0;0;1;0;1;-23,457972;-46,479927;"SPRF-SP";"DEL01-SP";"UOP01-DEL01-SP"
532848;2023-06-30;"sexta-feira";"23:10:00";"ES";101;284,8;"CARIACICA";"Ausência de reação do condutor";"Colisão com objeto";"Com Vítimas Feridas";"Plena Noite";"Crescente";"Chuva";"Dupla";"Reta;Declive";"Não";2;0;0;1;1;0;1;1;-20,25148171;-40,37270066;"SPRF-ES";"DEL01-ES";"UOP01-DEL01-ES"
532853;2023-06-30;"sexta-feira";"23:15:00";"CE";222;311;"TIANGUA";"Ausência de sinalização";"Colisão traseira";"Com Vítimas Feridas";"Plena Noite";"Decrescente";"Céu Claro";"Múltipla";"Reta";"Sim";5;0;2;0;1;2;2;3;-3,711973;-40,984356;"SPRF-CE";"DEL04-CE";"UOP02-DEL04-CE"
532854;2023-06-30;"sexta-feira";"21:00:00";"RJ";101;319;"SAO GONCALO";"Condutor deixou de manter distância do veículo da frente";"Colisão lateral mesmo sentido";"Sem Vítimas";"Plena Noite";"Decrescente";"Céu Claro";"Dupla";"Reta";"Sim";2;0;0;0;2;0;0;2;-22,85411774;-43,1018014;"SPRF-RJ";"DEL02-RJ";"UOP02-DEL02-RJ"
532855;2023-07-01;"sábado";"00:00:00";"SC";101;132,6;"BALNEARIO CAMBORIU";"Acessar a via sem observar a presença dos outros veículos";"Colisão traseira";"Sem Vítimas";"Plena Noite";"Crescente";"Nublado";"Múltipla";"Interseção de Vias";"Sim";2;0;0;0;2;0;0;2;-27,00218;-48,636433;"SPRF-SC";"DEL04-SC";"UOP03-DEL04-SC"
532856;2023-06-30;"sexta-feira";"23:10:00";"RO";364;710;"PORTO VELHO";"Entrada inopinada do pedestre";"Atropelamento de Pedestre";"Com Vítimas Feridas";"Plena Noite";"Decrescente";"Céu Claro";"Dupla";"Reta";"Sim";3;0;0;1;2;0;1;2;-8,783746;-63,86189;"SPRF-RO";"DEL01-RO";"UOP01-DEL01-RO"
532858;2023-07-01;"sábado";"00:00:00";"SP";116;462;"PARIQUERA-ACU";"Condutor deixou de manter distância do veículo da frente";"Colisão traseira";"Com Vítimas Feridas";"Plena Noite";"Decrescente";"Céu Claro";"Dupla";"Reta";"Não";2;0;0;1;1;0;1;2;-24,6228914;-47,89579562;"SPRF-SP";"DEL05-SP";"UOP01-DEL05-SP"
532859;2023-07-01;"sábado";"00:20:00";"MG";40;781,1;"JUIZ DE FORA";"Ausência de reação do condutor";"Colisão com objeto";"Com Vítimas Feridas";"Plena Noite";"Crescente";"Nublado";"Dupla";"Curva";"Sim";1;0;1;0;0;0;1;1;-21,68759907;-43,45049615;"SPRF-MG";"DEL05-MG";"UOP01-DEL05-MG"
532860;2023-06-30;"sexta-feira";"23:20:00";"PR";376;159,5;"MANDAGUACU";"Reação tardia ou ineficiente do condutor";"Saída de leito carroçável";"Com Vítimas Feridas";"Plena Noite";"Crescente";"Ignorado";"Dupla";"Curva";"Não";2;0;2;0;0;0;2;1;-23,36498136;-52,07632098;"SPRF-PR";"DEL09-PR";"UOP01-DEL09-PR"
532862;2023-07-01;"sábado";"01:15:00";"PB";230;28;"JOAO PESSOA";"Ingestão de álcool pelo condutor";"Queda de ocupante de veículo";"Com Vítimas Feridas";"Plena Noite";"Decrescente";"Céu Claro";"Dupla";"Declive;Reta";"Sim";1;0;1;0;0;0;1;1;-7,1651;-34,8941;"SPRF-PB";"DEL01-PB";"UOP01-DEL01-PB"
532863;2023-07-01;"sábado";"00:50:00";"PB";230;28;"JOAO PESSOA";"Acumulo de areia ou detritos sobre o pavimento";"Tombamento";"Com Vítimas Feridas";"Pleno dia";"Crescente";"Nublado";"Múltipla";"Curva;Viaduto";"Sim";2;0;1;1;0;0;2;1;-7,1651;-34,8941;"SPRF-PB";"DEL01-PB";"UOP01-DEL01-PB"
532864;2023-07-01;"sábado";"01:00:00";"RJ";116;89;"TERESOPOLIS";"Mal súbito do condutor";"Saída de leito carroçável";"Com Vítimas Feridas";"Plena Noite";"Crescente";"Céu Claro";"Dupla";"Reta";"Não";2;0;1;0;1;0;1;1;-22,45706098;-42,96221791;"SPRF-RJ";"DEL04-RJ";"UOP01-DEL04-RJ"
532866;2023-06-30;"sexta-feira";"23:10:00";"MG";40;119;"LAGOA GRANDE";"Reação tardia ou ineficiente do condutor";"Colisão com objeto";"Sem Vítimas";"Plena Noite";"Decrescente";"Céu Claro";"Simples";"Rotatória";"Não";1;0;0;0;1;0;0;1;-17,6604168;-46,37414974;"SPRF-MG";"DEL14-MG";"UOP01-DEL14-MG"
532869;2023-07-01;"sábado";"01:10:00";"RJ";40;104;"DUQUE DE CAXIAS";"Ingestão de álcool pelo condutor";"Colisão frontal";"Com Vítimas Feridas";"Plena Noite";"Decrescente";"Céu Claro";"Múltipla";"Reta";"Não";2;0;1;0;1;0;1;2;-22,62897902;-43,28579508;"SPRF-RJ";"DEL01-RJ";"UOP01-DEL01-RJ"
532872;2023-07-01;"sábado";"01:15:00";"PR";369;136,6;"IBIPORA";"Ingestão de álcool pelo condutor";"Saída de leito carroçável";"Com Vítimas Feridas";"Plena Noite";"Decrescente";"Céu Claro";"Simples";"Curva";"Sim";2;0;0;2;0;0;2;1;-23,27102291;-51,03888094;"SPRF-PR";"DEL07-PR";"UOP01-DEL07-PR"
532873;2023-07-01;"sábado";"02:00:00";"PB";230;335;"PATOS";"Animais na Pista";"Atropelamento de Animal";"Com Vítimas Feridas";"Plena Noite";"Crescente";"Céu Claro";"Simples";"Reta";"Não";1;0;0;1;0;0;1;1;-7,0128;-37,2644;"SPRF-PB";"DEL03-PB";"UOP01-DEL03-PB"
532875;2023-07-01;"sábado";"02:05:00";"MS";163;728;"COXIM";"Ausência de reação do condutor";"Saída de leito carroçável";"Sem Vítimas";"Plena Noite";"Decrescente";"Céu Claro";"Simples";"Reta";"Sim";1;0;0;0;1;0;0;1;-18,52735393;-54,74045625;"SPRF-MS";"DEL06-MS";"UOP01-DEL06-MS"
532876;2023-07-01;"sábado";"02:10:00";"GO";153;186,9;"URUACU";"Animais na Pista";"Atropelamento de Animal";"Com Vítimas Feridas";"Plena Noite";"Crescente";"Céu Claro";"Simples";"Reta";"Não";1;0;1;0;0;0;1;1;-14,403475;-49,157497;"SPRF-GO";"DEL07-GO";"UOP02-DEL07-GO"
532877;2023-06-30;"sexta-feira";"23:02:00";"RO";364;702;"PORTO VELHO";"Desvio temporário";"Saída de leito carroçável";"Com Vítimas Fatais";"Plena Noite";"Decrescente";"Céu Claro";"Dupla";"Reta;Desvio Temporário;Em Obras";"Sim";2;1;0;0;0;1;0;2;-8,80047696;-63,78616691;"SPRF-RO";"DEL01-RO";"UOP01-DEL01-RO"
532878;2023-07-01;"sábado";"02:55:00";"PE";232;32,5;"MORENO";"Entrada inopinada do pedestre";"Atropelamento de Pedestre";"Com Vítimas Fatais";"Plena Noite";"Decrescente";"Nublado";"Dupla";"Declive;Reta";"Não";3;1;0;0;2;0;0;2;-8,10541732;-35,1665671;"SPRF-PE";"DEL01-PE";"UOP01-DEL01-PE"
532879;2023-07-01;"sábado";"03:10:00";"SP";116;206;"GUARULHOS";"Reação tardia ou ineficiente do condutor";"Colisão traseira";"Com Vítimas Feridas";"Plena Noite";"Decrescente";"Céu Claro";"Múltipla";"Reta";"Sim";4;0;3;0;0;1;3;2;-23,41722629;-46,37510292;"SPRF-SP";"DEL01-SP";"UOP01-DEL01-SP"
532880;2023-06-30;"sexta-feira";"15:20:00";"PA";230;120;"MARABA";"Ingestão de álcool pelo condutor";"Colisão traseira";"Com Vítimas Feridas";"Pleno dia";"Decrescente";"Céu Claro";"Dupla";"Reta;Ponte";"Sim";4;0;2;2;0;0;4;2;-5,35038318;-49,11434;"SPRF-PA";"DEL03-PA";"UOP01-DEL03-PA"
532882;2023-07-01;"sábado";"03:25:00";"RS";386;435,8;"NOVA SANTA RITA";"Ausência de reação do condutor";"Saída de leito carroçável";"Com Vítimas Feridas";"Plena Noite";"Crescente";"Nevoeiro/Neblina";"Dupla";"Reta";"Não";1;0;1;0;0;0;1;1;-29,846369;-51,275738;"SPRF-RS";"DEL04-RS";"UOP02-DEL04-RS"