"id";"data_inversa";"dia_semana";"horario";"uf";"br";"km";"municipio";"causa_acidente";"tipo_acidente";"classificacao_acidente";"fase_dia";"sentido_via";"condicao_metereologica";"tipo_pista";"tracado_via";"uso_solo";"pessoas";"mortos";"feridos_leves";"feridos_graves";"ilesos";"ignorados";"feridos";"veiculos";"latitude";"longitude";"regional";"delegacia";"uop"
533120;2023-07-02;"domingo";"00:35:00";"GO";50;262;"CATALAO";"Ausência de reação do condutor";"Saída de leito carroçável";"Com Vítimas Feridas";"Plena Noite";"Crescente";"Céu Claro";"Dupla";"Curva;Declive";"Não";1;0;1;0;0;0;1;1;-18,039639;-47,856594;"SPRF-GO";"DEL06-GO";"UOP01-DEL06-GO"
533121;2023-07-01;"sábado";"21:30:00";"MG";116;553,2;"SANTA BARBARA DO LESTE";"Ausência de reação do condutor";"Saída de leito carroçável";"Com Vítimas Feridas";"Plena Noite";"Decrescente";"Nublado";"Simples";"Curva;Declive";"Não";1;0;1;0;0;0;1;1;-19,99361802;-42,14392077;"SPRF-MG";"DEL06-MG";"UOP02-DEL06-MG"
533123;2023-07-01;"sábado";"23:45:00";"SC";282;573,5;"PINHALZINHO";"Transitar na contramão";"Colisão lateral sentido oposto";"Com Vítimas Feridas";"Plena Noite";"Crescente";"Nevoeiro/Neblina";"Simples";"Curva";"Não";6;0;2;0;4;0;2;2;-26,87880382;-52,9509151;"SPRF-SC";"DEL07-SC";"UOP02-DEL07-SC"
533124;2023-07-01;"sábado";"23:15:00";"RS";293;13,5;"CAPAO DO LEAO";"Ingestão de álcool pelo condutor";"Colisão frontal";"Sem Vítimas";"Plena Noite";"Crescente";"Nevoeiro/Neblina";"Simples";"Reta";"Não";3;0;0;0;3;0;0;2;-31,7543548;-52,45089496;"SPRF-RS";"DEL07-RS";"UOP01-DEL07-RS"
533127;2023-07-01;"sábado";"23:20:00";"PA";230;1127;"ITAITUBA";"Reação tardia ou ineficiente do condutor";"Tombamento";"Com Vítimas Feridas";"Plena Noite";"Crescente";"Céu Claro";"Simples";"Reta";"Sim";2;0;0;1;0;1;1;1;-4,39393493;-55,89491498;"SPRF-PA";"DEL05-PA";"UOP02-DEL05-PA"
533128;2023-07-02;"domingo";"02:40:00";"GO";40;2;"VALPARAISO DE GOIAS";"Ingestão de álcool pelo condutor";"Colisão com objeto";"Com Vítimas Feridas";"Plena Noite";"Crescente";"Céu Claro";"Dupla";"Reta";"Sim";1;0;1;0;0;0;1;1;-16,067129;-47,984235;"SPRF-DF";"DEL01-DF";"UOP01-DEL01-DF"
533129;2023-07-01;"sábado";"18:30:00";"PI";230;234;"OEIRAS";"Acessar a via sem observar a presença dos outros veículos";"Colisão transversal";"Com Vítimas Feridas";"Plena Noite";"Decrescente";"Céu Claro";"Simples";"Reta";"Não";3;0;0;1;2;0;1;2;-6,989834;-42,404262;"SPRF-PI";"DEL03-PI";"UOP01-DEL03-PI"
533130;2023-07-02;"domingo";"03:30:00";"SP";116;114,9;"TAUBATE";"Reação tardia ou ineficiente do condutor";"Saída de leito carroçável";"Sem Vítimas";"Plena Noite";"Crescente";"Céu Claro";"Dupla";"Reta";"Não";1;0;0;0;1;0;0;1;-23,0496047;-45,59973712;"SPRF-SP";"DEL02-SP";"UOP02-DEL02-SP"
533132;2023-07-02;"domingo";"00:15:00";"RO";364;704;"PORTO VELHO";"Reação tardia ou ineficiente do condutor";"Colisão traseira";"Com Vítimas Feridas";"Plena Noite";"Decrescente";"Céu Claro";"Dupla";"Reta";"Não";3;0;0;1;2;0;1;2;-8,80052621;-63,80619049;"SPRF-RO";"DEL01-RO";"UOP01-DEL01-RO"
533133;2023-07-02;"domingo";"03:30:00";"ES";101;297;"VIANA";"Reação tardia ou ineficiente do condutor";"Saída de leito carroçável";"Com Vítimas Feridas";"Plena Noite";"Crescente";"Céu Claro";"Dupla";"Reta";"Não";4;0;4;0;0;0;4;1;-20,34529844;-40,41026774;"SPRF-ES";"DEL01-ES";"UOP01-DEL01-ES"
533134;2023-07-02;"domingo";"03:00:00";"SP";116;99;"PINDAMONHANGABA";"Reação tardia ou ineficiente do condutor";"Colisão com objeto";"Com Vítimas Feridas";"Plena Noite";"Crescente";"Céu Claro";"Simples";"Viaduto";"Não";1;0;0;1;0;0;1;1;-22,98236971;-45,46436617;"SPRF-SP";"DEL08-SP";"UOP01-DEL08-SP"
533135;2023-07-02;"domingo";"04:00:00";"SC";101;137,2;"BALNEARIO CAMBORIU";"Ausência de reação do condutor";"Tombamento";"Com Vítimas Feridas";"Plena Noite";"Decrescente";"Céu Claro";"Múltipla";"Reta";"Sim";2;0;1;1;0;0;2;1;-27,0157238;-48,61192763;"SPRF-SC";"DEL04-SC";"UOP03-DEL04-SC"
533137;2023-07-02;"domingo";"03:30:00";"PR";163;14,5;"BARRACAO";"Ingestão de álcool pelo condutor";"Colisão frontal";"Com Vítimas Feridas";"Plena Noite";"Decrescente";"Céu Claro";"Simples";"Reta";"Não";3;0;2;0;1;0;2;2;-26,25066;-53,635523;"SPRF-PR";"DEL02-PR";"UOP02-DEL02-PR"
533138;2023-07-02;"domingo";"04:10:00";"SC";470;151;"AGRONOMICA";"Ausência de reação do condutor";"Colisão com objeto";"Sem Vítimas";"Plena Noite";"Crescente";"Céu Claro";"Simples";"Reta";"Não";1;0;0;0;0;1;0;1;-27,260792;-49,719761;"SPRF-SC";"DEL04-SC";"UOP02-DEL04-SC"
533139;2023-07-02;"domingo";"03:33:00";"GO";80;2;"PADRE BERNARDO";"Velocidade Incompatível";"Saída de leito carroçável";"Com Vítimas Feridas";"Plena Noite";"Crescente";"Céu Claro";"Dupla";"Interseção de Vias";"Não";1;0;0;1;0;0;1;1;-15,502505;-48,21132;"SPRF-DF";"DEL03-DF";"UOP02-DEL03-DF"
533140;2023-07-02;"domingo";"04:40:00";"RS";287;248;"SANTA MARIA";"Conversão proibida";"Colisão transversal";"Com Vítimas Feridas";"Plena Noite";"Crescente";"Nevoeiro/Neblina";"Simples";"Reta";"Sim";2;0;1;0;1;0;1;2;-29,69400654;-53,86100019;"SPRF-RS";"DEL09-RS";"UOP01-DEL09-RS"
533141;2023-07-02;"domingo";"04:30:00";"GO";414;422,8;"ABADIANIA";"Condutor Dormindo";"Saída de leito carroçável";"Com Vítimas Feridas";"Plena Noite";"Crescente";"Céu Claro";"Simples";"Reta;Ponte;Declive";"Não";2;0;1;0;1;0;1;1;-16,11097238;-48,88280482;"SPRF-GO";"DEL02-GO";"UOP01-DEL02-GO"
533142;2023-07-02;"domingo";"05:30:00";"RN";101;66,6;"EXTREMOZ";"Transitar na contramão";"Colisão frontal";"Com Vítimas Fatais";"Pleno dia";"Decrescente";"Céu Claro";"Simples";"Reta";"Não";2;1;0;0;1;0;0;2;-5,65033356;-35,25016233;"SPRF-RN";"DEL02-RN";"UOP01-DEL02-RN"
533144;2023-07-02;"domingo";"04:00:00";"RJ";101;418;"MANGARATIBA";"Condutor Dormindo";"Queda de ocupante de veículo";"Com Vítimas Feridas";"Plena Noite";"Crescente";"Céu Claro";"Simples";"Reta";"Não";1;0;1;0;0;0;1;1;-22,9178274;-43,90471593;"SPRF-RJ";"DEL03-RJ";"UOP02-DEL03-RJ"
533145;2023-05-23;"terça-feira";"18:25:00";"RO";364;711;"PORTO VELHO";"Ausência de reação do condutor";"Colisão transversal";"Com Vítimas Feridas";"Plena Noite";"Crescente";"Céu Claro";"Dupla";"Reta";"Não";2;0;1;0;1;0;1;2;-8,7770354;-63,87316466;"SPRF-RO";"DEL01-RO";"UOP01-DEL01-RO"
533146;2023-07-02;"domingo";"05:25:00";"GO";153;269;"NOVA GLORIA";"Condutor Dormindo";"Saída de leito carroçável";"Com Vítimas Fatais";"Amanhecer";"Decrescente";"Céu Claro";"Simples";"Reta";"Não";4;1;2;1;0;0;3;1;-15,073019;-49,458255;"SPRF-GO";"DEL07-GO";"UOP02-DEL07-GO"
533147;2023-07-02;"domingo";"04:00:00";"PR";277;679,1;"MEDIANEIRA";"Ausência de reação do condutor";"Saída de leito carroçável";"Com Vítimas Feridas";"Plena Noite";"Crescente";"Céu Claro";"Dupla";"Reta";"Não";1;0;1;0;0;0;1;1;-25,31758044;-54,15684223;"SPRF-PR";"DEL05-PR";"UOP01-DEL05-PR"
533148;2023-07-02;"domingo";"00:06:00";"PI";343;185;"PIRIPIRI";"Condutor Dormindo";"Capotamento";"Com Vítimas Feridas";"Plena Noite";"Decrescente";"Céu Claro";"Simples";"Rotatória";"Não";1;0;1;0;0;0;1;1;-4,280882;-41,763885;"SPRF-PI";"DEL02-PI";"UOP01-DEL02-PI"
533149;2023-07-02;"domingo";"04:50:00";"PR";376;232;"APUCARANA";"Velocidade Incompatível";"Capotamento";"Sem Vítimas";"Pleno dia";"Crescente";"Céu Claro";"Simples";"Curva";"Não";1;0;0;0;1;0;0;1;-23,5686528;-51,5099255;"SPRF-PR";"DEL07-PR";"UOP03-DEL07-PR"
533150;2023-07-02;"domingo";"05:15:00";"MG";50;50;"ARAGUARI";"Ingestão de álcool pelo condutor";"Saída de leito carroçável";"Sem Vítimas";"Amanhecer";"Decrescente";"Céu Claro";"Dupla";"Reta;Declive";"Não";2;0;0;0;2;0;0;1;-18,73632416;-48,22707877;"SPRF-MG";"DEL15-MG";"UOP02-DEL15-MG"
533151;2023-07-02;"domingo";"04:50:00";"SP";116;81;"ROSEIRA";"Animais na Pista";"Atropelamento de Animal";"Com Vítimas Feridas";"Amanhecer";"Crescente";"Céu Claro";"Dupla";"Reta";"Não";1;0;1;0;0;0;1;1;-22,90482177;-45,31030655;"SPRF-SP";"DEL08-SP";"UOP01-DEL08-SP"
533153;2023-07-02;"domingo";"06:30:00";"RN";304;31;"MOSSORO";"Acessar a via sem observar a presença dos outros veículos";"Colisão transversal";"Com Vítimas Feridas";"Pleno dia";"Crescente";"Céu Claro";"Simples";"Reta";"Não";2;0;2;0;0;0;2;2;-5,12587296;-37,34293919;"SPRF-RN";"DEL04-RN";"UOP02-DEL04-RN"
533154;2023-07-02;"domingo";"06:13:00";"PB";101;83,8;"BAYEUX";"Ausência de reação do condutor";"Colisão lateral mesmo sentido";"Com Vítimas Feridas";"Pleno dia";"Decrescente";"Chuva";"Dupla";"Reta";"Sim";3;0;1;0;2;0;1;2;-7,13949827;-34,92334587;"SPRF-PB";"DEL01-PB";"UOP01-DEL01-PB"
533157;2023-07-02;"domingo";"06:00:00";"SC";101;76;"BARRA VELHA";"Condutor Dormindo";"Capotamento";"Com Vítimas Feridas";"Pleno dia";"Decrescente";"Céu Claro";"Dupla";"Curva";"Não";1;0;1;0;0;0;1;1;-26,55954801;-48,72063404;"SPRF-SC";"DEL03-SC";"UOP02-DEL03-SC"
533159;2023-07-02;"domingo";"02:15:00";"MG";262;717,4;"ARAXA";"Condutor Dormindo";"Saída de leito carroçável";"Sem Vítimas";"Plena Noite";"Decrescente";"Céu Claro";"Simples";"Curva";"Não";1;0;0;0;1;0;0;1;-19,61440236;-47,20558085;"SPRF-MG";"DEL08-MG";"UOP01-DEL08-MG"
533160;2023-07-01;"sábado";"19:00:00";"RS";386;60,8;"SEBERI";"Acessar a via sem observar a presença dos outros veículos";"Colisão transversal";"Sem Vítimas";"Plena Noite";"Crescente";"Nevoeiro/Neblina";"Simples";"Reta";"Não";2;0;0;0;2;0;0;2;-27,580219;-53,350624;"SPRF-RS";"DEL08-RS";"UOP02-DEL08-RS"
533161;2023-07-02;"domingo";"06:10:00";"AP";210;2;"MACAPA";"Transitar na contramão";"Colisão transversal";"Com Vítimas Feridas";"Pleno dia";"Crescente";"Nublado";"Simples";"Curva";"Sim";2;0;1;0;0;1;1;2;0,08282017;-51,07776189;"SPRF-AP";"DEL01-AP";"UOP01-DEL01-AP"
533162;2023-07-02;"domingo";"06:30:00";"BA";324;527;"FEIRA DE SANTANA";"Condutor Dormindo";"Capotamento";"Com Vítimas Feridas";"Amanhecer";"Decrescente";"Garoa/Chuvisco";"Dupla";"Reta";"Não";2;0;0;1;0;1;1;1;-12,31183923;-38,88331817;"SPRF-BA";"DEL01-BA";"UOP03-DEL01-BA"
533163;2023-07-02;"domingo";"06:30:00";"PR";277;675;"MEDIANEIRA";"Ausência de reação do condutor";"Saída de leito carroçável";"Com Vítimas Feridas";"Amanhecer";"Decrescente";"Céu Claro";"Dupla";"Declive";"Sim";1;0;1;0;0;0;1;1;-25,29891949;-54,12338731;"SPRF-PR";"DEL05-PR";"UOP01-DEL05-PR"
533165;2023-07-02;"domingo";"07:00:00";"RS";386;348,8;"LAJEADO";"Ingestão de álcool pelo condutor";"Saída de leito carroçável";"Sem Vítimas";"Pleno dia";"Decrescente";"Garoa/Chuvisco";"Múltipla";"Interseção de Vias";"Sim";2;0;0;0;2;0;0;1;-29,456644;-51,957329;"SPRF-RS";"DEL04-RS";"UOP01-DEL04-RS"
533168;2023-07-02;"domingo";"07:00:00";"SP";116;157;"SAO JOSE DOS CAMPOS";"Ausência de reação do condutor";"Saída de leito carroçável";"Sem Vítimas";"Pleno dia";"Crescente";"Sol";"Simples";"Curva";"Sim";1;0;0;0;1;0;0;1;-23,25558031;-45,9437828;"SPRF-SP";"DEL02-SP";"UOP01-DEL02-SP"
533169;2023-07-02;"domingo";"05:20:00";"MG";356;266,6;"MURIAE";"Transitar na contramão";"Colisão frontal";"Com Vítimas Feridas";"Amanhecer";"Decrescente";"Céu Claro";"Simples";"Curva";"Sim";8;0;6;1;0;1;7;3;-21,12823134;-42,35802453;"SPRF-MG";"DEL07-MG";"UOP02-DEL07-MG"
533170;2023-07-02;"domingo";"07:30:00";"DF";20;19,5;"BRASILIA";"Velocidade Incompatível";"Colisão com objeto";"Com Vítimas Feridas";"Pleno dia";"Crescente";"Céu Claro";"Dupla";"Declive;Reta";"Sim";3;0;2;0;0;1;2;2;-15,612175;-47,700928;"SPRF-DF";"DEL02-DF";"UOP01-DEL02-DF"
533171;2023-07-02;"domingo";"07:15:00";"PE";101;76,8;"RECIFE";"Demais falhas mecânicas ou elétricas";"Incêndio";"Sem Vítimas";"Pleno dia";"Crescente";"Garoa/Chuvisco";"Dupla";"Declive;Reta";"Sim";1;0;0;0;1;0;0;1;-8,11813811;-34,94329214;"SPRF-PE";"DEL01-PE";"UOP01-DEL01-PE"
533172;2023-07-02;"domingo";"06:40:00";"MG";116;440,4;"ENGENHEIRO CALDAS";"Condutor Dormindo";"Saída de leito carroçável";"Com Vítimas Feridas";"Pleno dia";"Decrescente";"Céu Claro";"Simples";"Curva";"Não";3;0;3;0;0;0;3;1;-19,07573504;-41,99988204;"SPRF-MG";"DEL06-MG";"UOP01-DEL06-MG"
533173;2023-07-02;"domingo";"07:00:00";"MG";381;843,2;"SAO SEBASTIAO DA BELA VISTA";"Acessar a via sem observar a presença dos outros veículos";"Colisão traseira";"Com Vítimas Feridas";"Amanhecer";"Decrescente";"Nevoeiro/Neblina";"Dupla";"Reta;Retorno Regulamentado";"Não";7;0;4;0;3;0;4;2;-22,22245372;-45,87389143;"SPRF-MG";"DEL16-MG";"UOP01-DEL16-MG"
533174;2023-06-25;"domingo";"00:10:00";"SE";235;2,9;"ARACAJU";"Ingestão de álcool pelo condutor";"Colisão traseira";"Com Vítimas Feridas";"Plena Noite";"Crescente";"Céu Claro";"Dupla";"Declive;Reta";"Sim";6;0;2;2;2;0;4;2;-10,9062;-37,1034;"SPRF-SE";"DEL01-SE";"UOP01-DEL01-SE"
533175;2023-07-02;"domingo";"06:40:00";"SP";116;272;"TABOAO DA SERRA";"Ingestão de álcool pelo condutor";"Colisão com objeto";"Sem Vítimas";"Amanhecer";"Crescente";"Nublado";"Dupla";"Reta";"Sim";1;0;0;0;0;1;0;1;-23,621691;-46,813288;"SPRF-SP";"DEL04-SP";"UOP01-DEL04-SP"
533176;2023-07-01;"sábado";"19:30:00";"SP";116;54;"LORENA";"Reação tardia ou ineficiente do condutor";"Colisão traseira";"Com Vítimas Feridas";"Plena Noite";"Crescente";"Céu Claro";"Dupla";"Reta";"Não";2;0;1;0;1;0;1;2;-22,75803895;-45,11508003;"SPRF-SP";"DEL08-SP";"UOP02-DEL08-SP"
533177;2023-07-02;"domingo";"03:00:00";"RJ";40;76;"PETROPOLIS";"Velocidade Incompatível";"Colisão com objeto";"Sem Vítimas";"Plena Noite";"Crescente";"Céu Claro";"Simples";"Curva;Declive";"Não";1;0;0;0;0;1;0;1;-22,48328593;-43,23127627;"SPRF-RJ";"DEL06-RJ";"UOP01-DEL06-RJ"
533178;2023-07-02;"domingo";"06:00:00";"MT";364;53,5;"ALTO GARCAS";"Falta de elemento de contenção que evite a saída do leito carroçável";"Saída de leito carroçável";"Sem Vítimas";"Amanhecer";"Decrescente";"Céu Claro";"Simples";"Aclive;Reta";"Não";1;0;0;0;1;0;0;1;-16,979064;-53,511354;"SPRF-MT";"DEL02-MT";"UOP02-DEL02-MT"
533179;2023-07-02;"domingo";"08:30:00";"MG";40;509;"RIBEIRAO DAS NEVES";"Transitar no Acostamento";"Colisão traseira";"Com Vítimas Feridas";"Pleno dia";"Decrescente";"Céu Claro";"Dupla";"Aclive;Reta";"Sim";5;0;2;0;2;1;2;4;-19,77098448;-44,12624359;"SPRF-MG";"DEL01-MG";"UOP02-DEL01-MG"
533181;2023-07-02;"domingo";"06:00:00";"SC";282;613,5;"MARAVILHA";"Velocidade Incompatível";"Saída de leito carroçável";"Com Vítimas Feridas";"Plena Noite";"Crescente";"Céu Claro";"Simples";"Curva";"Não";1;0;1;0;0;0;1;1;-26,765053;-53,255871;"SPRF-SC";"DEL07-SC";"UOP02-DEL07-SC"
533183;2023-07-02;"domingo";"09:00:00";"PB";230;28;"JOAO PESSOA";"Ausência de reação do condutor";"Colisão transversal";"Com Vítimas Feridas";"Pleno dia";"Decrescente";"Nublado";"Dupla";"Interseção de Vias;Aclive;Viaduto";"Sim";3;0;2;1;0;0;3;2;-7,16562188;-34,8978967;"SPRF-PB";"DEL01-PB";"UOP01-DEL01-PB"
533184;2023-07-02;"domingo";"08:00:00";"CE";116;297;"JAGUARIBE";"Ingestão de álcool pelo condutor";"Queda de ocupante de veículo";"Com Vítimas Feridas";"Pleno dia";"Crescente";"Céu Claro";"Simples";"Reta";"Não";2;0;0;2;0;0;2;1;-5,82532724;-38,54115273;"SPRF-CE";"DEL05-CE";"UOP02-DEL05-CE"
533185;2023-07-02;"domingo";"08:30:00";"RJ";116;171;"RIO DE JANEIRO";"Demais falhas mecânicas ou elétricas";"Queda de ocupante de veículo";"Com Vítimas Feridas";"Pleno dia";"Decrescente";"Céu Claro";"Dupla";"Reta";"Sim";2;0;1;0;1;0;1;1;-22,8060415;-43,34289573;"SPRF-RJ";"DEL01-RJ";"UOP02-DEL01-RJ"
533187;2023-06-11;"domingo";"23:50:00";"PE";232;192;"SANHARO";"Ausência de reação do condutor";"Colisão frontal";"Com Vítimas Fatais";"Plena Noite";"Decrescente";"Céu Claro";"Simples";"Reta";"Não";5;1;3;0;1;0;3;2;-8,35793154;-36,53676104;"SPRF-PE";"DEL03-PE";"UOP02-DEL03-PE"
533188;2023-07-01;"sábado";"15:15:00";"RJ";465;3;"SEROPEDICA";"Conversão proibida";"Colisão transversal";"Com Vítimas Feridas";"Pleno dia";"Crescente";"Céu Claro";"Simples";"Reta";"Sim";4;0;1;0;3;0;1;2;-22,73427;-43,711994;"SPRF-RJ";"DEL01-RJ";"UOP03-DEL01-RJ"
533189;2023-07-01;"sábado";"22:43:00";"RO";364;1017;"PORTO VELHO";"Ingestão de álcool e/ou substâncias psicoativas pelo pedestre";"Atropelamento de Pedestre";"Com Vítimas Fatais";"Pleno dia";"Decrescente";"Céu Claro";"Simples";"Declive;Reta";"Não";2;1;0;0;0;1;0;2;-9,73431995;-66,14724702;"SPRF-RO";"DEL01-RO";"UOP03-DEL01-RO"
533190;2023-07-02;"domingo";"09:10:00";"RS";386;343;"LAJEADO";"Transitar na contramão";"Colisão frontal";"Com Vítimas Feridas";"Pleno dia";"Crescente";"Garoa/Chuvisco";"Simples";"Reta;Em Obras";"Sim";6;0;3;0;3;0;3;3;-29,434835;-52,002365;"SPRF-RS";"DEL04-RS";"UOP01-DEL04-RS"
533191;2023-07-02;"domingo";"08:20:00";"MG";50;47;"ARAGUARI";"Reação tardia ou ineficiente do condutor";"Saída de leito carroçável";"Com Vítimas Feridas";"Pleno dia";"Crescente";"Sol";"Dupla";"Curva";"Não";1;0;1;0;0;0;1;1;-18,72799811;-48,20659169;"SPRF-MG";"DEL15-MG";"UOP02-DEL15-MG"
533192;2023-07-02;"domingo";"09:10:00";"MG";365;443;"GUIMARANIA";"Acessar a via sem observar a presença dos outros veículos";"Colisão transversal";"Com Vítimas Feridas";"Pleno dia";"Decrescente";"Céu Claro";"Simples";"Aclive;Reta";"Não";2;0;0;1;1;0;1;2;-18,80862317;-46,76863982;"SPRF-MG";"DEL10-MG";"UOP01-DEL10-MG"
533193;2023-07-02;"domingo";"09:00:00";"PR";277;80;"CURITIBA";"Ausência de reação do condutor";"Colisão traseira";"Com Vítimas Feridas";"Pleno dia";"Decrescente";"Céu Claro";"Dupla";"Curva;Declive";"Sim";2;0;1;0;1;0;1;2;-25,568939;-49,181978;"SPRF-PR";"DEL01-PR";"UOP01-DEL01-PR"
533194;2023-07-02;"domingo";"08:15:00";"AL";104;11,9;"SAO JOSE DA LAJE";"Chuva";"Saída de leito carroçável";"Com Vítimas Feridas";"Pleno dia";"Decrescente";"Chuva";"Simples";"Reta";"Não";3;0;1;0;2;0;1;1;-8,98214501;-36,02842324;"SPRF-AL";"DEL01-AL";"UOP02-DEL01-AL"
533195;2023-07-02;"domingo";"09:00:00";"RJ";40;58;"PETROPOLIS";"Reação tardia ou ineficiente do condutor";"Colisão traseira";"Com Vítimas Feridas";"Pleno dia";"Decrescente";"Céu Claro";"Dupla";"Curva";"Não";5;0;2;0;2;1;2;2;-22,38047614;-43,1328392;"SPRF-RJ";"DEL05-RJ";"UOP02-DEL05-RJ"
533199;2023-07-02;"domingo";"09:50:00";"MG";381;401;"BOM JESUS DO AMPARO";"Afundamento ou ondulação no pavimento";"Tombamento";"Com Vítimas Feridas";"Pleno dia";"Decrescente";"Sol";"Dupla";"Declive;Reta";"Não";2;0;1;1;0;0;2;1;-19,7453818;-43,495446;"SPRF-MG";"DEL01-MG";"UOP01-DEL01-MG"
533200;2023-07-02;"domingo";"10:00:00";"ES";259;0,5;"JOAO NEIVA";"Manobra de mudança de faixa";"Colisão lateral mesmo sentido";"Com Vítimas Feridas";"Pleno dia";"Crescente";"Céu Claro";"Simples";"Reta";"Sim";2;0;1;0;1;0;1;2;-19,746645;-40,376907;"SPRF-ES";"DEL02-ES";"UOP01-DEL02-ES"
533201;2023-07-02;"domingo";"06:00:00";"ES";259;39,5;"COLATINA";"Animais na Pista";"Atropelamento de Animal";"Com Vítimas Feridas";"Amanhecer";"Decrescente";"Céu Claro";"Simples";"Reta";"Não";1;0;0;1;0;0;1;1;-19,55557559;-40,54787201;"SPRF-ES";"DEL02-ES";"UOP01-DEL02-ES"
533203;2023-06-29;"quinta-feira";"06:50:00";"RJ";40;109,5;"DUQUE DE CAXIAS";"Reação tardia ou ineficiente do condutor";"Tombamento";"Com Vítimas Feridas";"Pleno dia";"Decrescente";"Nublado";"Dupla";"Curva";"Sim";1;0;1;0;0;0;1;1;-22,67374628;-43,28638368;"SPRF-RJ";"DEL01-RJ";"UOP01-DEL01-RJ"
533206;2023-07-02;"domingo";"06:50:00";"PR";376;625;"SAO JOSE DOS PINHAIS";"Ingestão de álcool pelo condutor";"Saída de leito carroçável";"Sem Vítimas";"Pleno dia";"Decrescente";"Céu Claro";"Dupla";"Reta";"Não";1;0;0;0;1;0;0;1;-25,65218089;-49,15731458;"SPRF-PR";"DEL01-PR";"UOP04-DEL01-PR"
533211;2023-07-02;"domingo";"09:45:00";"MS";163;519;"JARAGUARI";"Ausência de reação do condutor";"Tombamento";"Com Vítimas Feridas";"Pleno dia";"Crescente";"Céu Claro";"Dupla";"Declive;Reta";"Não";1;0;1;0;0;0;1;1;-20,16993505;-54,4490649;"SPRF-MS";"DEL01-MS";"UOP02-DEL01-MS"
533212;2023-07-02;"domingo";"11:20:00";"GO";40;15,3;"LUZIANIA";"Acessar a via sem observar a presença dos outros veículos";"Colisão transversal";"Com Vítimas Feridas";"Pleno dia";"Crescente";"Céu Claro";"Dupla";"Reta";"Sim";5;0;1;0;4;0;1;2;-16,1671;-47,930161;"SPRF-DF";"DEL01-DF";"UOP01-DEL01-DF"
533213;2023-07-02;"domingo";"11:00:00";"PE";408;61,3;"CARPINA";"Conversão proibida";"Colisão traseira";"Com Vítimas Feridas";"Pleno dia";"Decrescente";"Nublado";"Simples";"Declive;Reta";"Sim";2;0;0;1;1;0;1;2;-7,82301302;-35,24568219;"SPRF-PE";"DEL01-PE";"UOP01-DEL01-PE"
533214;2023-06-30;"sexta-feira";"16:00:00";"RJ";116;172;"RIO DE JANEIRO";"Ausência de sinalização";"Colisão com objeto";"Sem Vítimas";"Pleno dia";"Crescente";"Céu Claro";"Múltipla";"Reta";"Sim";1;0;0;0;1;0;0;1;-22,81985372;-43,32781434;"SPRF-RJ";"DEL01-RJ";"UOP02-DEL01-RJ"
533215;2023-07-02;"domingo";"11:12:00";"PB";101;85;"BAYEUX";"Reação tardia ou ineficiente do condutor";"Saída de leito carroçável";"Com Vítimas Feridas";"Pleno dia";"Crescente";"Nublado";"Dupla";"Curva;Interseção de Vias";"Sim";1;0;1;0;0;0;1;1;-7,14538184;-34,91662887;"SPRF-PB";"DEL01-PB";"UOP01-DEL01-PB"
533218;2023-06-08;"quinta-feira";"08:00:00";"MG";116;14,8;"CACHOEIRA DE PAJEU";"Conversão proibida";"Colisão frontal";"Com Vítimas Feridas";"Pleno dia";"Decrescente";"Céu Claro";"Simples";"Reta";"Não";2;0;0;1;1;0;1;2;-15,8052138;-41,36361904;"SPRF-BA";"DEL08-BA";"UOP03-DEL08-BA"
533219;2023-07-02;"domingo";"09:15:00";"RJ";101;597;"PARATY";"Reação tardia ou ineficiente do condutor";"Saída de leito carroçável";"Com Vítimas Feridas";"Pleno dia";"Decrescente";"Nublado";"Simples";"Curva";"Não";1;0;1;0;0;0;1;1;-23,34025796;-44,74508227;"SPRF-RJ";"DEL03-RJ";"UOP04-DEL03-RJ"
533221;2023-07-02;"domingo";"12:12:00";"AP";210;3;"MACAPA";"Ingestão de álcool pelo condutor";"Colisão com objeto";"Sem Vítimas";"Pleno dia";"Crescente";"Céu Claro";"Simples";"Reta";"Sim";2;0;0;0;2;0;0;2;0,08723365;-51,08569007;"SPRF-AP";"DEL01-AP";"UOP01-DEL01-AP"
533222;2023-07-02;"domingo";"12:22:00";"PI";343;341;"TERESINA";"Manobra de mudança de faixa";"Colisão traseira";"Com Vítimas Feridas";"Pleno dia";"Crescente";"Céu Claro";"Dupla";"Reta";"Sim";2;0;0;1;1;0;1;2;-5,077812;-42,744255;"SPRF-PI";"DEL01-PI";"UOP01-DEL01-PI"
533223;2023-07-02;"domingo";"11:20:00";"MG";262;353;"BETIM";"Pedestre cruzava a pista fora da faixa";"Atropelamento de Pedestre";"Com Vítimas Fatais";"Pleno dia";"Crescente";"Céu Claro";"Dupla";"Reta";"Sim";2;1;0;0;1;0;0;2;-19,95947688;-44,15416308;"SPRF-MG";"DEL01-MG";"UOP03-DEL01-MG"
533224;2023-07-02;"domingo";"11:15:00";"SC";101;16,8;"GARUVA";"Demais falhas mecânicas ou elétricas";"Incêndio";"Sem Vítimas";"Pleno dia";"Decrescente";"Nublado";"Dupla";"Reta";"Não";1;0;0;0;1;0;0;1;-26,11427473;-48,87647034;"SPRF-SC";"DEL03-SC";"UOP01-DEL03-SC"
533225;2023-07-02;"domingo";"11:30:00";"SC";101;21,6;"JOINVILLE";"Avarias e/ou desgaste excessivo no pneu";"Tombamento";"Com Vítimas Feridas";"Pleno dia";"Decrescente";"Sol";"Dupla";"Reta";"Sim";1;0;1;0;0;0;1;1;-26,14793022;-48,90894562;"SPRF-SC";"DEL03-SC";"UOP01-DEL03-SC"