"id";"data_inversa";"dia_semana";"horario";"uf";"br";"km";"municipio";"causa_acidente";"tipo_acidente";"classificacao_acidente";"fase_dia";"sentido_via";"condicao_metereologica";"tipo_pista";"tracado_via";"uso_solo";"pessoas";"mortos";"feridos_leves";"feridos_graves";"ilesos";"ignorados";"feridos";"veiculos";"latitude";"longitude";"regional";"delegacia";"uop"
533227;2023-07-02;"domingo";"09:20:00";"RJ";493;100;"SEROPEDICA";"Conversão proibida";"Colisão lateral mesmo sentido";"Com Vítimas Feridas";"Pleno dia";"Crescente";"Céu Claro";"Dupla";"Reta";"Não";2;0;0;1;1;0;1;2;-22,731762;-43,717454;"SPRF-RJ";"DEL03-RJ";"UOP01-DEL03-RJ"
533228;2023-07-02;"domingo";"12:50:00";"RS";116;264;"CANOAS";"Velocidade Incompatível";"Colisão traseira";"Com Vítimas Feridas";"Pleno dia";"Crescente";"Céu Claro";"Dupla";"Reta;Interseção de Vias";"Sim";3;0;1;0;1;1;1;3;-29,914435;-51,17754495;"SPRF-RS";"DEL01-RS";"UOP01-DEL01-RS"
533229;2023-07-02;"domingo";"12:00:00";"SC";101;359;"SANGAO";"Ingestão de álcool pelo condutor";"Saída de leito carroçável";"Sem Vítimas";"Pleno dia";"Decrescente";"Sol";"Simples";"Interseção de Vias;Reta";"Sim";1;0;0;0;1;0;0;1;-28,65057609;-49,10516385;"SPRF-SC";"DEL02-SC";"UOP01-DEL02-SC"
533230;2023-07-02;"domingo";"12:25:00";"PR";277;21,8;"MORRETES";"Demais falhas mecânicas ou elétricas";"Tombamento";"Com Vítimas Feridas";"Pleno dia";"Decrescente";"Sol";"Dupla";"Reta";"Não";2;0;1;0;1;0;1;1;-25,5297679;-48,72251183;"SPRF-PR";"DEL01-PR";"UOP05-DEL01-PR"
533233;2023-03-23;"quinta-feira";"03:30:00";"SC";282;48;"AGUAS MORNAS";"Ausência de reação do condutor";"Queda de ocupante de veículo";"Com Vítimas Feridas";"Plena Noite";"Decrescente";"Chuva";"Simples";"Curva";"Não";1;0;1;0;0;0;1;1;-27,714352;-48,938072;"SPRF-SC";"DEL01-SC";"UOP03-DEL01-SC"
533234;2023-07-02;"domingo";"13:20:00";"MG";40;511;"RIBEIRAO DAS NEVES";"Condutor deixou de manter distância do veículo da frente";"Colisão traseira";"Com Vítimas Feridas";"Pleno dia";"Crescente";"Céu Claro";"Dupla";"Reta";"Sim";2;0;1;0;1;0;1;2;-19,77413452;-44,12394762;"SPRF-MG";"DEL01-MG";"UOP02-DEL01-MG"
533236;2023-07-02;"domingo";"13:24:00";"PB";101;30;"RIO TINTO";"Acessar a via sem observar a presença dos outros veículos";"Colisão traseira";"Sem Vítimas";"Pleno dia";"Crescente";"Garoa/Chuvisco";"Dupla";"Reta";"Não";2;0;0;0;2;0;0;2;-6,748999;-35,133778;"SPRF-PB";"DEL01-PB";"UOP04-DEL01-PB"
533237;2023-07-02;"domingo";"13:16:00";"ES";101;145;"LINHARES";"Condutor desrespeitou a iluminação vermelha do semáforo";"Colisão transversal";"Com Vítimas Feridas";"Pleno dia";"Crescente";"Céu Claro";"Dupla";"Interseção de Vias";"Sim";2;0;1;0;1;0;1;2;-19,36089598;-40,06464018;"SPRF-ES";"DEL04-ES";"UOP01-DEL04-ES"
533238;2023-07-02;"domingo";"06:00:00";"RS";386;261;"FONTOURA XAVIER";"Reação tardia ou ineficiente do condutor";"Saída de leito carroçável";"Com Vítimas Feridas";"Plena Noite";"Crescente";"Céu Claro";"Simples";"Curva";"Não";3;0;2;0;1;0;2;1;-28,899998;-52,404556;"SPRF-RS";"DEL04-RS";"UOP03-DEL04-RS"
533240;2023-07-02;"domingo";"10:30:00";"BA";101;43;"ESPLANADA";"Velocidade Incompatível";"Tombamento";"Com Vítimas Feridas";"Pleno dia";"Decrescente";"Céu Claro";"Dupla";"Curva";"Sim";1;0;1;0;0;0;1;1;-11,87664777;-38,00216008;"SPRF-SE";"DEL02-SE";"UOP03-DEL02-SE"
533242;2023-07-02;"domingo";"14:45:00";"SC";101;180;"BIGUACU";"Reação tardia ou ineficiente do condutor";"Capotamento";"Com Vítimas Feridas";"Pleno dia";"Crescente";"Nublado";"Dupla";"Reta";"Não";1;0;1;0;0;0;1;1;-27,3811238;-48,63090648;"SPRF-SC";"DEL01-SC";"UOP01-DEL01-SC"
533243;2023-07-02;"domingo";"13:42:00";"AL";101;184;"JUNQUEIRO";"Manobra de mudança de faixa";"Capotamento";"Com Vítimas Feridas";"Pleno dia";"Crescente";"Chuva";"Dupla";"Reta";"Não";1;0;1;0;0;0;1;1;-9,89837586;-36,43841999;"SPRF-AL";"DEL02-AL";"UOP02-DEL02-AL"
533245;2023-07-02;"domingo";"14:23:00";"ES";101;266,8;"SERRA";"Desrespeitar a preferência no cruzamento";"Colisão lateral mesmo sentido";"Com Vítimas Feridas";"Pleno dia";"Crescente";"Sol";"Dupla";"Interseção de Vias";"Sim";2;0;1;0;1;0;1;2;-20,190199;-40,26828891;"SPRF-ES";"DEL02-ES";"UOP01-DEL02-ES"
533246;2023-06-19;"segunda-feira";"18:40:00";"RO";364;9,8;"VILHENA";"Ausência de reação do condutor";"Colisão frontal";"Com Vítimas Feridas";"Anoitecer";"Crescente";"Céu Claro";"Simples";"Interseção de Vias";"Sim";3;0;2;0;1;0;2;3;-12,75881009;-60,1001711;"SPRF-RO";"DEL04-RO";"UOP01-DEL04-RO"
533248;2023-07-02;"domingo";"13:40:00";"RO";364;539,8;"ALTO PARAISO";"Demais falhas mecânicas ou elétricas";"Incêndio";"Sem Vítimas";"Pleno dia";"Decrescente";"Céu Claro";"Simples";"Reta";"Não";1;0;0;0;1;0;0;1;-9,7318339;-63,11276976;"SPRF-RO";"DEL03-RO";"UOP01-DEL03-RO"
533249;2023-07-02;"domingo";"06:05:00";"RO";435;88,1;"COLORADO DO OESTE";"Ausência de reação do condutor";"Colisão traseira";"Com Vítimas Feridas";"Amanhecer";"Decrescente";"Céu Claro";"Simples";"Aclive;Reta";"Não";3;0;0;2;1;0;2;2;-13,155817;-60,544931;"SPRF-RO";"DEL04-RO";"UOP02-DEL04-RO"
533250;2023-07-02;"domingo";"14:45:00";"RS";158;239,8;"JULIO DE CASTILHOS";"Condutor Dormindo";"Saída de leito carroçável";"Com Vítimas Feridas";"Pleno dia";"Crescente";"Nublado";"Simples";"Curva";"Não";1;0;1;0;0;0;1;1;-29,01971897;-53,64718533;"SPRF-RS";"DEL10-RS";"UOP02-DEL10-RS"
533251;2023-07-02;"domingo";"12:00:00";"MG";262;654,8;"IBIA";"Ultrapassagem Indevida";"Colisão lateral sentido oposto";"Com Vítimas Feridas";"Pleno dia";"Crescente";"Céu Claro";"Simples";"Aclive;Reta";"Não";2;0;1;0;1;0;1;2;-19,5757;-46,68826;"SPRF-MG";"DEL08-MG";"UOP01-DEL08-MG"
533252;2023-07-02;"domingo";"15:30:00";"GO";60;18;"ALEXANIA";"Reação tardia ou ineficiente do condutor";"Saída de leito carroçável";"Com Vítimas Feridas";"Pleno dia";"Crescente";"Céu Claro";"Dupla";"Curva";"Não";1;0;1;0;0;0;1;1;-16,11409;-48,388152;"SPRF-DF";"DEL03-DF";"UOP01-DEL03-DF"
533253;2023-07-02;"domingo";"15:15:00";"PR";369;14;"CAMBARA";"Carga excessiva e/ou mal acondicionada";"Saída de leito carroçável";"Com Vítimas Feridas";"Pleno dia";"Decrescente";"Céu Claro";"Simples";"Declive;Reta";"Não";3;0;3;0;0;0;3;1;-23,023016;-50,032891;"SPRF-PR";"DEL07-PR";"UOP05-DEL07-PR"
533254;2023-07-02;"domingo";"14:35:00";"SC";282;557,2;"NOVA ITABERABA";"Reação tardia ou ineficiente do condutor";"Tombamento";"Com Vítimas Feridas";"Pleno dia";"Crescente";"Céu Claro";"Simples";"Reta";"Não";2;0;1;0;0;1;1;2;-26,930767;-52,822725;"SPRF-SC";"DEL07-SC";"UOP01-DEL07-SC"
533255;2023-07-02;"domingo";"16:00:00";"SP";116;5;"QUELUZ";"Demais falhas mecânicas ou elétricas";"Incêndio";"Sem Vítimas";"Pleno dia";"Crescente";"Céu Claro";"Simples";"Reta;Retorno Regulamentado";"Sim";1;0;0;0;1;0;0;1;-22,52958344;-44,74706769;"SPRF-SP";"DEL08-SP";"UOP02-DEL08-SP"
533256;2023-07-02;"domingo";"16:20:00";"GO";60;131;"GOIANIA";"Condutor deixou de manter distância do veículo da frente";"Colisão traseira";"Com Vítimas Feridas";"Pleno dia";"Decrescente";"Céu Claro";"Dupla";"Reta";"Não";3;0;1;0;2;0;1;2;-16,5754;-49,1602;"SPRF-GO";"DEL01-GO";"UOP01-DEL01-GO"
533257;2023-07-02;"domingo";"16:00:00";"SC";101;237;"PALHOCA";"Manobra de mudança de faixa";"Saída de leito carroçável";"Com Vítimas Feridas";"Pleno dia";"Crescente";"Céu Claro";"Dupla";"Reta";"Não";5;0;1;0;3;1;1;2;-27,83490593;-48,63077716;"SPRF-SC";"DEL01-SC";"UOP02-DEL01-SC"
533258;2023-07-02;"domingo";"16:05:00";"PR";376;2;"APUCARANA";"Transitar na contramão";"Colisão lateral sentido oposto";"Com Vítimas Feridas";"Pleno dia";"Decrescente";"Céu Claro";"Simples";"Reta";"Não";3;0;0;1;2;0;1;2;-23,56798;-51,43194;"SPRF-PR";"DEL07-PR";"UOP03-DEL07-PR"
533259;2023-07-02;"domingo";"14:55:00";"MT";163;562,2;"DIAMANTINO";"Avarias e/ou desgaste excessivo no pneu";"Queda de ocupante de veículo";"Com Vítimas Feridas";"Pleno dia";"Crescente";"Céu Claro";"Dupla";"Aclive";"Não";2;0;1;0;1;0;1;1;-14,22682698;-56,10326001;"SPRF-MT";"DEL01-MT";"UOP01-DEL01-MT"
533261;2023-07-02;"domingo";"16:10:00";"RS";116;164,3;"CAXIAS DO SUL";"Ingestão de álcool pelo condutor";"Saída de leito carroçável";"Sem Vítimas";"Pleno dia";"Crescente";"Nublado";"Simples";"Curva;Declive";"Não";1;0;0;0;1;0;0;1;-29,26344857;-51,16113999;"SPRF-RS";"DEL05-RS";"UOP02-DEL05-RS"
533262;2023-07-02;"domingo";"15:30:00";"MT";364;372;"SANTO ANTONIO DO LEVERGER";"Ausência de reação do condutor";"Capotamento";"Com Vítimas Feridas";"Pleno dia";"Crescente";"Céu Claro";"Dupla";"Reta";"Não";1;0;1;0;0;0;1;1;-15,704212;-55,729443;"SPRF-MT";"DEL01-MT";"UOP02-DEL01-MT"
533265;2023-07-02;"domingo";"13:20:00";"SP";101;11;"UBATUBA";"Reação tardia ou ineficiente do condutor";"Colisão transversal";"Com Vítimas Feridas";"Pleno dia";"Crescente";"Céu Claro";"Simples";"Ponte;Reta";"Não";2;0;0;1;1;0;1;2;-23,35410133;-44,84918112;"SPRF-SP";"DEL06-SP";"UOP01-DEL06-SP"
533267;2023-07-02;"domingo";"16:30:00";"SC";101;317,7;"PESCARIA BRAVA";"Velocidade Incompatível";"Queda de ocupante de veículo";"Com Vítimas Feridas";"Pleno dia";"Decrescente";"Céu Claro";"Múltipla";"Curva";"Sim";2;0;1;1;0;0;2;1;-28,42708421;-48,85211624;"SPRF-SC";"DEL02-SC";"UOP01-DEL02-SC"
533268;2023-07-02;"domingo";"17:40:00";"PR";163;81,3;"PLANALTO";"Conversão proibida";"Colisão transversal";"Com Vítimas Feridas";"Pleno dia";"Decrescente";"Céu Claro";"Simples";"Reta";"Não";2;0;0;1;1;0;1;2;-25,74623888;-53,79906581;"SPRF-PR";"DEL02-PR";"UOP02-DEL02-PR"
533270;2023-07-02;"domingo";"16:35:00";"MG";40;669,9;"CARANDAI";"Acessar a via sem observar a presença dos outros veículos";"Colisão transversal";"Com Vítimas Feridas";"Pleno dia";"Crescente";"Céu Claro";"Simples";"Reta";"Não";6;0;2;4;0;0;6;2;-20,95949689;-43,78978984;"SPRF-MG";"DEL05-MG";"UOP02-DEL05-MG"
533271;2023-07-02;"domingo";"17:40:00";"RS";470;213;"BENTO GONCALVES";"Desrespeitar a preferência no cruzamento";"Colisão transversal";"Com Vítimas Feridas";"Anoitecer";"Crescente";"Nublado";"Dupla";"Reta;Interseção de Vias";"Sim";2;0;1;0;0;1;1;2;-29,14518835;-51,53282762;"SPRF-RS";"DEL06-RS";"UOP01-DEL06-RS"
533272;2023-07-02;"domingo";"17:39:00";"ES";101;209;"IBIRACU";"Reação tardia ou ineficiente do condutor";"Colisão traseira";"Com Vítimas Feridas";"Amanhecer";"Crescente";"Céu Claro";"Simples";"Reta";"Não";2;0;1;0;1;0;1;2;-19,789689;-40,37132;"SPRF-ES";"DEL02-ES";"UOP01-DEL02-ES"
533273;2023-07-02;"domingo";"17:30:00";"PB";230;25;"JOAO PESSOA";"Ingestão de álcool pelo condutor";"Colisão traseira";"Sem Vítimas";"Plena Noite";"Decrescente";"Chuva";"Dupla";"Desvio Temporário;Reta";"Sim";2;0;0;0;2;0;0;2;-7,1707;-34,8684;"SPRF-PB";"DEL01-PB";"UOP01-DEL01-PB"
533274;2023-07-02;"domingo";"16:45:00";"MG";381;486;"BETIM";"Acessar a via sem observar a presença dos outros veículos";"Colisão lateral mesmo sentido";"Com Vítimas Feridas";"Pleno dia";"Crescente";"Céu Claro";"Dupla";"Reta";"Sim";2;0;1;0;1;0;1;2;-19,95644414;-44,13611598;"SPRF-MG";"DEL01-MG";"UOP03-DEL01-MG"
533275;2023-07-02;"domingo";"16:30:00";"RJ";101;384;"RIO DE JANEIRO";"Velocidade Incompatível";"Colisão com objeto";"Com Vítimas Feridas";"Pleno dia";"Crescente";"Nublado";"Dupla";"Reta";"Sim";1;0;0;1;0;0;1;1;-22,87911609;-43,62323999;"SPRF-RJ";"DEL03-RJ";"UOP01-DEL03-RJ"
533277;2023-07-02;"domingo";"18:15:00";"PR";277;654,6;"MATELANDIA";"Ingestão de álcool pelo condutor";"Colisão frontal";"Com Vítimas Feridas";"Anoitecer";"Decrescente";"Céu Claro";"Simples";"Curva;Aclive";"Não";6;0;3;2;1;0;5;2;-25,22232211;-53,9513177;"SPRF-PR";"DEL05-PR";"UOP02-DEL05-PR"
533278;2023-07-02;"domingo";"17:54:00";"RJ";356;153;"CAMPOS DOS GOYTACAZES";"Condutor deixou de manter distância do veículo da frente";"Colisão traseira";"Sem Vítimas";"Anoitecer";"Crescente";"Nublado";"Simples";"Reta";"Sim";3;0;0;0;3;0;0;2;-21,75725266;-41,24154911;"SPRF-RJ";"DEL08-RJ";"UOP02-DEL08-RJ"
533279;2023-07-02;"domingo";"16:00:00";"MT";163;782;"SORRISO";"Acesso irregular";"Colisão traseira";"Sem Vítimas";"Pleno dia";"Decrescente";"Céu Claro";"Simples";"Declive;Reta";"Não";2;0;0;0;2;0;0;2;-12,42949301;-55,64462299;"SPRF-MT";"DEL06-MT";"UOP01-DEL06-MT"
533280;2023-07-02;"domingo";"16:45:00";"RS";116;113,2;"SAO MARCOS";"Demais falhas mecânicas ou elétricas";"Tombamento";"Com Vítimas Feridas";"Pleno dia";"Crescente";"Nublado";"Simples";"Reta";"Sim";2;0;1;1;0;0;2;1;-28,96397179;-51,0753428;"SPRF-RS";"DEL05-RS";"UOP01-DEL05-RS"
533281;2023-07-02;"domingo";"18:10:00";"BA";116;427;"FEIRA DE SANTANA";"Acessar a via sem observar a presença dos outros veículos";"Colisão transversal";"Com Vítimas Feridas";"Plena Noite";"Crescente";"Nublado";"Dupla";"Reta";"Não";2;0;0;2;0;0;2;2;-12,26591;-38,98946;"SPRF-BA";"DEL02-BA";"UOP01-DEL02-BA"
533282;2023-07-02;"domingo";"15:50:00";"RJ";116;148;"DUQUE DE CAXIAS";"Manobra de mudança de faixa";"Colisão com objeto";"Com Vítimas Feridas";"Pleno dia";"Decrescente";"Céu Claro";"Múltipla";"Reta;Aclive;Viaduto";"Sim";4;0;2;0;0;2;2;3;-22,6723488;-43,28215398;"SPRF-RJ";"DEL01-RJ";"UOP01-DEL01-RJ"
533283;2023-07-02;"domingo";"18:20:00";"RJ";101;275;"TANGUA";"Reação tardia ou ineficiente do condutor";"Colisão traseira";"Com Vítimas Feridas";"Plena Noite";"Crescente";"Chuva";"Dupla";"Reta";"Sim";2;0;1;0;1;0;1;2;-22,73653355;-42,72909106;"SPRF-RJ";"DEL02-RJ";"UOP03-DEL02-RJ"
533284;2023-07-02;"domingo";"17:50:00";"GO";40;11,2;"VALPARAISO DE GOIAS";"Acessar a via sem observar a presença dos outros veículos";"Colisão transversal";"Com Vítimas Feridas";"Anoitecer";"Crescente";"Céu Claro";"Dupla";"Retorno Regulamentado";"Sim";3;0;1;0;2;0;1;2;-16,138336;-47,951644;"SPRF-DF";"DEL01-DF";"UOP01-DEL01-DF"
533285;2023-07-02;"domingo";"18:15:00";"RS";392;116,7;"CANGUCU";"Pedestre cruzava a pista fora da faixa";"Atropelamento de Pedestre";"Com Vítimas Fatais";"Plena Noite";"Crescente";"Céu Claro";"Simples";"Aclive;Reta";"Sim";5;1;0;0;2;2;0;2;-31,41716683;-52,66667892;"SPRF-RS";"DEL07-RS";"UOP01-DEL07-RS"
533286;2023-07-02;"domingo";"18:30:00";"RS";116;486;"TURUCU";"Reação tardia ou ineficiente do condutor";"Saída de leito carroçável";"Com Vítimas Feridas";"Plena Noite";"Decrescente";"Céu Claro";"Simples";"Interseção de Vias;Em Obras";"Sim";1;0;1;0;0;0;1;1;-31,43719298;-52,19160503;"SPRF-RS";"DEL07-RS";"UOP01-DEL07-RS"
533288;2023-07-02;"domingo";"16:30:00";"BA";116;496,3;"SANTA TERESINHA";"Ingestão de álcool pelo condutor";"Colisão transversal";"Sem Vítimas";"Anoitecer";"Decrescente";"Sol";"Simples";"Interseção de Vias";"Não";2;0;0;0;2;0;0;2;-12,59195235;-39,52956138;"SPRF-BA";"DEL02-BA";"UOP01-DEL02-BA"
533294;2023-07-02;"domingo";"19:10:00";"SC";101;132;"BALNEARIO CAMBORIU";"Velocidade Incompatível";"Colisão traseira";"Com Vítimas Feridas";"Plena Noite";"Crescente";"Nublado";"Dupla";"Reta";"Sim";3;0;1;0;2;0;1;3;-26,99936;-48,64609;"SPRF-SC";"DEL04-SC";"UOP03-DEL04-SC"
533295;2023-07-02;"domingo";"17:38:00";"PR";369;186;"ARAPONGAS";"Ultrapassagem Indevida";"Colisão lateral mesmo sentido";"Sem Vítimas";"Anoitecer";"Decrescente";"Céu Claro";"Simples";"Reta";"Sim";2;0;0;0;1;1;0;2;-23,4227;-51,42375;"SPRF-PR";"DEL07-PR";"UOP03-DEL07-PR"
533296;2023-07-02;"domingo";"19:30:00";"RJ";116;278;"BARRA MANSA";"Condutor deixou de manter distância do veículo da frente";"Colisão traseira";"Com Vítimas Feridas";"Plena Noite";"Crescente";"Nublado";"Dupla";"Curva";"Não";3;0;1;0;2;0;1;2;-22,55271018;-44,17778004;"SPRF-RJ";"DEL07-RJ";"UOP02-DEL07-RJ"
533297;2023-07-02;"domingo";"19:00:00";"PR";163;157,9;"LINDOESTE";"Acessar a via sem observar a presença dos outros veículos";"Colisão traseira";"Com Vítimas Feridas";"Plena Noite";"Crescente";"Céu Claro";"Dupla";"Reta";"Não";5;0;1;2;2;0;3;2;-25,35914116;-53,5758892;"SPRF-PR";"DEL05-PR";"UOP05-DEL05-PR"
533301;2023-07-02;"domingo";"19:00:00";"MG";381;492;"BETIM";"Condutor deixou de manter distância do veículo da frente";"Engavetamento";"Com Vítimas Feridas";"Plena Noite";"Decrescente";"Céu Claro";"Dupla";"Reta";"Sim";4;0;1;0;3;0;1;3;-19,97490091;-44,19004301;"SPRF-MG";"DEL01-MG";"UOP03-DEL01-MG"
533302;2023-07-02;"domingo";"18:45:00";"MG";381;481;"BETIM";"Ausência de reação do condutor";"Colisão lateral mesmo sentido";"Com Vítimas Feridas";"Plena Noite";"Decrescente";"Céu Claro";"Dupla";"Reta;Declive";"Sim";2;0;1;0;1;0;1;2;-19,95889545;-44,06091034;"SPRF-MG";"DEL01-MG";"UOP03-DEL01-MG"
533303;2023-07-02;"domingo";"19:30:00";"SP";116;145,6;"SAO JOSE DOS CAMPOS";"Ingestão de álcool pelo condutor";"Colisão lateral mesmo sentido";"Com Vítimas Feridas";"Plena Noite";"Decrescente";"Nublado";"Múltipla";"Reta";"Sim";2;0;1;0;0;1;1;2;-23,1869844;-45,8548078;"SPRF-SP";"DEL02-SP";"UOP01-DEL02-SP"
533304;2023-07-02;"domingo";"18:45:00";"RS";470;19;"BARRACAO";"Reação tardia ou ineficiente do condutor";"Saída de leito carroçável";"Com Vítimas Feridas";"Anoitecer";"Crescente";"Céu Claro";"Simples";"Declive;Reta";"Não";4;0;2;1;1;0;3;1;-27,734549;-51,455677;"SPRF-RS";"DEL08-RS";"UOP05-DEL08-RS"
533305;2023-07-02;"domingo";"18:45:00";"RJ";116;148;"DUQUE DE CAXIAS";"Chuva";"Engavetamento";"Com Vítimas Feridas";"Plena Noite";"Crescente";"Garoa/Chuvisco";"Múltipla";"Aclive";"Não";5;0;1;0;4;0;1;5;-22,6723488;-43,28215398;"SPRF-RJ";"DEL01-RJ";"UOP01-DEL01-RJ"
533306;2023-07-02;"domingo";"18:39:00";"RJ";101;307;"SAO GONCALO";"Reação tardia ou ineficiente do condutor";"Colisão lateral mesmo sentido";"Com Vítimas Feridas";"Plena Noite";"Crescente";"Nublado";"Dupla";"Reta";"Sim";5;0;1;0;4;0;1;2;-22,79115777;-43,01514205;"SPRF-RJ";"DEL02-RJ";"UOP02-DEL02-RJ"
533307;2023-07-02;"domingo";"19:10:00";"MG";116;605,2;"SAO JOAO DO MANHUACU";"Ingestão de álcool pelo condutor";"Colisão traseira";"Com Vítimas Feridas";"Plena Noite";"Decrescente";"Céu Claro";"Simples";"Reta";"Sim";3;0;1;1;1;0;2;2;-20,3699701;-42,14797234;"SPRF-MG";"DEL06-MG";"UOP03-DEL06-MG"
533309;2023-07-02;"domingo";"20:00:00";"MG";262;372;"JUATUBA";"Acessar a via sem observar a presença dos outros veículos";"Colisão transversal";"Com Vítimas Feridas";"Plena Noite";"Crescente";"Céu Claro";"Dupla";"Retorno Regulamentado";"Não";2;0;1;0;1;0;1;2;-19,97359723;-44,31765496;"SPRF-MG";"DEL01-MG";"UOP03-DEL01-MG"
533310;2023-07-02;"domingo";"19:40:00";"PE";101;56,1;"RECIFE";"Acessar a via sem observar a presença dos outros veículos";"Colisão lateral sentido oposto";"Com Vítimas Feridas";"Plena Noite";"Decrescente";"Chuva";"Dupla";"Interseção de Vias";"Sim";2;0;0;1;0;1;1;2;-7,9554509;-34,91140727;"SPRF-PE";"DEL01-PE";"UOP02-DEL01-PE"
533311;2023-07-02;"domingo";"20:15:00";"CE";116;33;"AQUIRAZ";"Manobra de mudança de faixa";"Colisão traseira";"Com Vítimas Feridas";"Plena Noite";"Decrescente";"Céu Claro";"Múltipla";"Reta";"Não";3;0;1;0;2;0;1;2;-4,0322868;-38,51056695;"SPRF-CE";"DEL01-CE";"UOP02-DEL01-CE"
533312;2023-07-02;"domingo";"20:30:00";"PR";277;5;"PARANAGUA";"Ingestão de álcool pelo condutor";"Saída de leito carroçável";"Sem Vítimas";"Pleno dia";"Decrescente";"Céu Claro";"Dupla";"Reta";"Sim";1;0;0;0;1;0;0;1;-25,56319416;-48,59287262;"SPRF-PR";"DEL01-PR";"UOP05-DEL01-PR"
533315;2023-07-02;"domingo";"18:05:00";"PI";316;300,4;"PICOS";"Ultrapassagem Indevida";"Tombamento";"Com Vítimas Feridas";"Anoitecer";"Crescente";"Céu Claro";"Simples";"Reta";"Sim";1;0;1;0;0;0;1;1;-7,04184237;-41,54636128;"SPRF-PI";"DEL04-PI";"UOP01-DEL04-PI"
533317;2023-07-02;"domingo";"17:00:00";"MA";316;593,3;"TIMON";"Ausência de reação do condutor";"Saída de leito carroçável";"Com Vítimas Feridas";"Pleno dia";"Decrescente";"Céu Claro";"Simples";"Reta";"Não";2;0;0;2;0;0;2;1;-5,009359;-43,015121;"SPRF-MA";"DEL03-MA";"UOP02-DEL03-MA"
533318;2023-07-02;"domingo";"19:45:00";"SC";280;55;"GUARAMIRIM";"Ingestão de álcool e/ou substâncias psicoativas pelo pedestre";"Colisão com objeto";"Com Vítimas Feridas";"Plena Noite";"Crescente";"Céu Claro";"Dupla";"Curva;Aclive;Viaduto";"Sim";3;0;1;0;2;0;1;1;-26,47584353;-48,9937858;"SPRF-SC";"DEL03-SC";"UOP03-DEL03-SC"
533319;2023-07-02;"domingo";"19:10:00";"BA";242;226;"ITABERABA";"Ingestão de álcool pelo condutor";"Saída de leito carroçável";"Com Vítimas Feridas";"Plena Noite";"Decrescente";"Céu Claro";"Simples";"Rotatória;Em Obras";"Sim";1;0;1;0;0;0;1;1;-12,519007;-40,282439;"SPRF-BA";"DEL06-BA";"UOP02-DEL06-BA"
533320;2023-07-02;"domingo";"19:30:00";"GO";60;74;"ANAPOLIS";"Ingestão de álcool pelo condutor";"Colisão lateral mesmo sentido";"Sem Vítimas";"Plena Noite";"Crescente";"Céu Claro";"Dupla";"Declive";"Não";2;0;0;0;2;0;0;2;-16,2636;-48,764;"SPRF-GO";"DEL02-GO";"UOP01-DEL02-GO"
533321;2023-07-02;"domingo";"19:30:00";"RJ";356;20;"ITAPERUNA";"Acessar a via sem observar a presença dos outros veículos";"Colisão transversal";"Com Vítimas Feridas";"Plena Noite";"Crescente";"Céu Claro";"Simples";"Reta";"Não";3;0;0;1;2;0;1;2;-21,17577;-42,006161;"SPRF-RJ";"DEL08-RJ";"UOP03-DEL08-RJ"
533322;2023-07-02;"domingo";"21:00:00";"RJ";116;311;"RESENDE";"Ingestão de álcool pelo condutor";"Colisão frontal";"Com Vítimas Feridas";"Plena Noite";"Crescente";"Nublado";"Simples";"Interseção de Vias";"Sim";4;0;1;1;1;1;2;3;-22,46086624;-44,44296321;"SPRF-RJ";"DEL07-RJ";"UOP02-DEL07-RJ"
533323;2023-07-02;"domingo";"19:30:00";"SC";480;128,6;"CHAPECO";"Ingestão de álcool pelo condutor";"Colisão com objeto";"Sem Vítimas";"Plena Noite";"Crescente";"Céu Claro";"Dupla";"Curva";"Sim";1;0;0;0;0;1;0;1;-27,04521367;-52,63612032;"SPRF-SC";"DEL07-SC";"UOP01-DEL07-SC"
533325;2023-07-02;"domingo";"19:50:00";"SC";280;133,8;"RIO NEGRINHO";"Ultrapassagem Indevida";"Saída de leito carroçável";"Com Vítimas Feridas";"Plena Noite";"Crescente";"Céu Claro";"Simples";"Reta";"Não";1;0;1;0;0;0;1;1;-26,268433;-49,555073;"SPRF-SC";"DEL06-SC";"UOP03-DEL06-SC"
533326;2023-07-02;"domingo";"20:30:00";"CE";222;315;"TIANGUA";"Transitar no Acostamento";"Queda de ocupante de veículo";"Com Vítimas Feridas";"Plena Noite";"Decrescente";"Céu Claro";"Simples";"Reta";"Não";4;0;2;1;0;1;3;2;-3,738862;-41,005386;"SPRF-CE";"DEL04-CE";"UOP02-DEL04-CE"
533327;2023-07-02;"domingo";"18:30:00";"MG";116;450;"ENGENHEIRO CALDAS";"Demais falhas mecânicas ou elétricas";"Incêndio";"Sem Vítimas";"Anoitecer";"Decrescente";"Céu Claro";"Simples";"Reta";"Não";4;0;0;0;4;0;0;1;-19,15284006;-42,02187888;"SPRF-MG";"DEL06-MG";"UOP02-DEL06-MG"
533328;2023-07-02;"domingo";"20:00:00";"RO";319;63;"PORTO VELHO";"Condutor desrespeitou a iluminação vermelha do semáforo";"Colisão transversal";"Com Vítimas Feridas";"Plena Noite";"Crescente";"Céu Claro";"Dupla";"Reta";"Sim";1;0;0;1;0;0;1;1;-8,766685;-63,884052;"SPRF-RO";"DEL01-RO";"UOP01-DEL01-RO"