"id";"data_inversa";"dia_semana";"horario";"uf";"br";"km";"municipio";"causa_acidente";"tipo_acidente";"classificacao_acidente";"fase_dia";"sentido_via";"condicao_metereologica";"tipo_pista";"tracado_via";"uso_solo";"pessoas";"mortos";"feridos_leves";"feridos_graves";"ilesos";"ignorados";"feridos";"veiculos";"latitude";"longitude";"regional";"delegacia";"uop"
533329;2023-07-02;"domingo";"20:00:00";"CE";116;502;"BREJO SANTO";"Acessar a via sem observar a presença dos outros veículos";"Colisão transversal";"Com Vítimas Feridas";"Plena Noite";"Crescente";"Céu Claro";"Simples";"Interseção de Vias;Reta";"Sim";3;0;1;1;1;0;2;2;-7,46246999;-38,97595702;"SPRF-CE";"DEL05-CE";"UOP03-DEL05-CE"
533330;2023-07-02;"domingo";"16:30:00";"MT";364;474;"JANGADA";"Ausência de reação do condutor";"Capotamento";"Sem Vítimas";"Pleno dia";"Decrescente";"Céu Claro";"Simples";"Curva";"Não";1;0;0;0;0;1;0;1;-15,43256174;-56,33922156;"SPRF-MT";"DEL01-MT";"UOP02-DEL01-MT"
533332;2023-07-02;"domingo";"19:47:00";"SC";101;294;"IMBITUBA";"Acessar a via sem observar a presença dos outros veículos";"Colisão transversal";"Com Vítimas Feridas";"Plena Noite";"Crescente";"Céu Claro";"Simples";"Interseção de Vias;Túnel";"Sim";2;0;0;1;1;0;1;2;-28,29220304;-48,71018095;"SPRF-SC";"DEL02-SC";"UOP03-DEL02-SC"
533333;2023-07-02;"domingo";"21:40:00";"SP";101;50;"UBATUBA";"Ausência de reação do condutor";"Colisão transversal";"Sem Vítimas";"Plena Noite";"Crescente";"Chuva";"Simples";"Reta";"Sim";2;0;0;0;2;0;0;2;-23,45018939;-45,07743735;"SPRF-SP";"DEL06-SP";"UOP01-DEL06-SP"
533336;2023-07-02;"domingo";"17:40:00";"MA";135;95;"ITAPECURU MIRIM";"Acessar a via sem observar a presença dos outros veículos";"Colisão frontal";"Com Vítimas Feridas";"Pleno dia";"Crescente";"Céu Claro";"Simples";"Rotatória";"Sim";4;0;1;1;2;0;2;2;-3,3279719;-44,44236412;"SPRF-MA";"DEL01-MA";"UOP02-DEL01-MA"
533338;2023-07-02;"domingo";"22:30:00";"RS";472;578;"URUGUAIANA";"Reação tardia ou ineficiente do condutor";"Saída de leito carroçável";"Com Vítimas Feridas";"Plena Noite";"Decrescente";"Céu Claro";"Simples";"Reta";"Sim";2;0;2;0;0;0;2;1;-29,78235766;-57,0678978;"SPRF-RS";"DEL13-RS";"UOP01-DEL13-RS"
533340;2023-07-02;"domingo";"17:30:00";"MT";163;1082;"GUARANTA DO NORTE";"Ausência de reação do condutor";"Saída de leito carroçável";"Com Vítimas Feridas";"Anoitecer";"Decrescente";"Céu Claro";"Simples";"Reta";"Não";1;0;1;0;0;0;1;1;-9,805335;-54,894709;"SPRF-MT";"DEL06-MT";"UOP03-DEL06-MT"
533341;2023-07-02;"domingo";"22:20:00";"RJ";40;111;"DUQUE DE CAXIAS";"Chuva";"Eventos atípicos";"Sem Vítimas";"Plena Noite";"Crescente";"Chuva";"Múltipla";"Aclive";"Sim";1;0;0;0;0;1;0;1;-22,691868;-43,287453;"SPRF-RJ";"DEL01-RJ";"UOP01-DEL01-RJ"
533342;2023-07-02;"domingo";"21:15:00";"RS";285;350;"CARAZINHO";"Manobra de mudança de faixa";"Colisão lateral sentido oposto";"Sem Vítimas";"Plena Noite";"Crescente";"Nevoeiro/Neblina";"Simples";"Reta";"Não";5;0;0;0;4;1;0;2;-28,33477;-52,886402;"SPRF-RS";"DEL08-RS";"UOP03-DEL08-RS"
533344;2023-07-02;"domingo";"20:30:00";"MS";463;112;"PONTA PORA";"Acesso irregular";"Queda de ocupante de veículo";"Com Vítimas Feridas";"Plena Noite";"Decrescente";"Céu Claro";"Dupla";"Reta";"Sim";1;0;1;0;0;0;1;1;-22,55971655;-55,70687413;"SPRF-MS";"DEL04-MS";"UOP03-DEL04-MS"
533345;2023-07-02;"domingo";"18:20:00";"RS";293;251;"DOM PEDRITO";"Animais na Pista";"Tombamento";"Com Vítimas Feridas";"Anoitecer";"Decrescente";"Céu Claro";"Simples";"Reta";"Sim";2;0;1;1;0;0;2;1;-30,964394;-54,66957;"SPRF-RS";"DEL11-RS";"UOP03-DEL11-RS"
533346;2023-07-02;"domingo";"22:20:00";"MS";262;556,2;"MIRANDA";"Animais na Pista";"Atropelamento de Animal";"Com Vítimas Feridas";"Plena Noite";"Crescente";"Céu Claro";"Simples";"Reta";"Não";1;0;0;1;0;0;1;1;-20,246824;-56,358162;"SPRF-MS";"DEL03-MS";"UOP02-DEL03-MS"
533347;2023-07-02;"domingo";"22:40:00";"PR";376;177,5;"MARINGA";"Ingestão de álcool pelo condutor";"Engavetamento";"Com Vítimas Feridas";"Plena Noite";"Crescente";"Céu Claro";"Dupla";"Interseção de Vias;Reta";"Sim";4;0;1;0;3;0;1;3;-23,41595855;-51,92226484;"SPRF-PR";"DEL09-PR";"UOP01-DEL09-PR"
533348;2023-07-02;"domingo";"23:30:00";"SC";101;206;"SAO JOSE";"Ausência de reação do condutor";"Colisão lateral mesmo sentido";"Com Vítimas Feridas";"Plena Noite";"Crescente";"Céu Claro";"Simples";"Viaduto";"Sim";2;0;1;0;1;0;1;2;-27,59223599;-48,61854672;"SPRF-SC";"DEL01-SC";"UOP01-DEL01-SC"
533349;2023-07-02;"domingo";"23:15:00";"RJ";101;248;"SILVA JARDIM";"Ausência de reação do condutor";"Saída de leito carroçável";"Com Vítimas Feridas";"Plena Noite";"Crescente";"Ignorado";"Dupla";"Reta";"Não";1;0;1;0;0;0;1;1;-22,66192431;-42,50261769;"SPRF-RJ";"DEL02-RJ";"UOP03-DEL02-RJ"
533350;2023-07-02;"domingo";"23:40:00";"RJ";116;137;"MAGE";"Demais falhas mecânicas ou elétricas";"Colisão com objeto";"Sem Vítimas";"Plena Noite";"Crescente";"Céu Claro";"Múltipla";"Reta";"Sim";1;0;0;0;1;0;0;1;-22,64791994;-43,18200799;"SPRF-RJ";"DEL01-RJ";"UOP01-DEL01-RJ"
533351;2023-07-02;"domingo";"22:45:00";"PE";423;75,5;"JUCATI";"Falta de elemento de contenção que evite a saída do leito carroçável";"Saída de leito carroçável";"Com Vítimas Feridas";"Plena Noite";"Crescente";"Nublado";"Simples";"Curva;Declive";"Não";2;0;1;0;0;1;1;1;-8,72813571;-36,43177986;"SPRF-PE";"DEL03-PE";"UOP01-DEL03-PE"
533352;2023-07-02;"domingo";"20:45:00";"PB";405;8,7;"UIRAUNA";"Ausência de reação do condutor";"Colisão frontal";"Com Vítimas Feridas";"Plena Noite";"Decrescente";"Céu Claro";"Simples";"Reta";"Sim";2;0;0;1;1;0;1;2;-6,514012;-38,414757;"SPRF-PB";"DEL03-PB";"UOP03-DEL03-PB"
533353;2023-07-02;"domingo";"17:30:00";"MA";135;169;"SAO MATEUS DO MARANHAO";"Estacionar ou parar em local proibido";"Colisão traseira";"Com Vítimas Feridas";"Pleno dia";"Decrescente";"Céu Claro";"Simples";"Reta";"Não";4;0;2;0;2;0;2;2;-3,93369149;-44,48013425;"SPRF-MA";"DEL01-MA";"UOP02-DEL01-MA"
533354;2023-07-02;"domingo";"23:30:00";"PR";277;532,9;"IBEMA";"Velocidade Incompatível";"Saída de leito carroçável";"Com Vítimas Feridas";"Plena Noite";"Crescente";"Céu Claro";"Simples";"Curva";"Não";1;0;1;0;0;0;1;1;-25,097112;-52,967998;"SPRF-PR";"DEL04-PR";"UOP04-DEL04-PR"
533355;2023-07-03;"segunda-feira";"01:00:00";"PB";230;71,8;"SOBRADO";"Deficiência do Sistema de Iluminação/Sinalização";"Tombamento";"Com Vítimas Feridas";"Plena Noite";"Decrescente";"Nublado";"Dupla";"Reta;Em Obras";"Não";2;0;2;0;0;0;2;1;-7,1894;-35,2596;"SPRF-PB";"DEL01-PB";"UOP03-DEL01-PB"
533357;2023-07-02;"domingo";"17:20:00";"GO";414;436;"ANAPOLIS";"Velocidade Incompatível";"Colisão lateral mesmo sentido";"Sem Vítimas";"Pleno dia";"Crescente";"Céu Claro";"Simples";"Reta";"Sim";3;0;0;0;3;0;0;2;-16,25482505;-48,9361188;"SPRF-GO";"DEL02-GO";"UOP01-DEL02-GO"
533358;2023-05-15;"segunda-feira";"12:55:00";"SE";235;58,7;"ITABAIANA";"Acessar a via sem observar a presença dos outros veículos";"Colisão transversal";"Com Vítimas Feridas";"Pleno dia";"Crescente";"Céu Claro";"Simples";"Reta";"Não";3;0;0;1;1;1;1;3;-10,641368;-37,454052;"SPRF-SE";"DEL01-SE";"UOP02-DEL01-SE"
533360;2023-07-03;"segunda-feira";"02:30:00";"RS";386;342,2;"LAJEADO";"Ingestão de álcool pelo condutor";"Saída de leito carroçável";"Sem Vítimas";"Plena Noite";"Crescente";"Nevoeiro/Neblina";"Simples";"Interseção de Vias;Em Obras";"Sim";2;0;0;0;1;1;0;1;-29,431631;-52,011932;"SPRF-RS";"DEL04-RS";"UOP01-DEL04-RS"
533361;2023-07-03;"segunda-feira";"02:20:00";"PR";476;146;"CURITIBA";"Ingestão de álcool pelo condutor";"Saída de leito carroçável";"Com Vítimas Feridas";"Plena Noite";"Crescente";"Céu Claro";"Dupla";"Reta";"Sim";1;0;1;0;0;0;1;1;-25,551186;-49,330109;"SPRF-PR";"DEL01-PR";"UOP06-DEL01-PR"
533362;2023-07-03;"segunda-feira";"02:10:00";"PR";277;587;"CASCAVEL";"Velocidade Incompatível";"Colisão lateral mesmo sentido";"Sem Vítimas";"Plena Noite";"Decrescente";"Céu Claro";"Simples";"Reta";"Sim";2;0;0;0;2;0;0;2;-24,96941255;-53,42959722;"SPRF-PR";"DEL04-PR";"UOP01-DEL04-PR"
533365;2023-07-03;"segunda-feira";"03:40:00";"RJ";116;175;"SAO JOAO DE MERITI";"Mal súbito do condutor";"Colisão frontal";"Com Vítimas Feridas";"Amanhecer";"Decrescente";"Céu Claro";"Múltipla";"Reta";"Não";1;0;1;0;0;0;1;1;-22,78923555;-43,37275272;"SPRF-RJ";"DEL01-RJ";"UOP02-DEL01-RJ"
533366;2023-07-03;"segunda-feira";"03:30:00";"RJ";101;276;"TANGUA";"Acesso irregular";"Colisão com objeto";"Sem Vítimas";"Plena Noite";"Decrescente";"Garoa/Chuvisco";"Dupla";"Retorno Regulamentado";"Sim";1;0;0;0;1;0;0;1;-22,73796393;-42,73871802;"SPRF-RJ";"DEL02-RJ";"UOP03-DEL02-RJ"
533367;2023-07-03;"segunda-feira";"04:55:00";"AP";210;3;"MACAPA";"Transitar na contramão";"Colisão lateral sentido oposto";"Com Vítimas Feridas";"Amanhecer";"Crescente";"Céu Claro";"Dupla";"Reta";"Sim";2;0;0;1;1;0;1;2;0,08723365;-51,08569007;"SPRF-AP";"DEL01-AP";"UOP01-DEL01-AP"
533368;2023-07-03;"segunda-feira";"05:10:00";"SP";116;219;"GUARULHOS";"Demais falhas mecânicas ou elétricas";"Incêndio";"Sem Vítimas";"Plena Noite";"Crescente";"Nublado";"Múltipla";"Reta";"Sim";1;0;0;0;1;0;0;1;-23,46143954;-46,48885316;"SPRF-SP";"DEL01-SP";"UOP01-DEL01-SP"
533370;2023-07-03;"segunda-feira";"04:18:00";"MS";163;437,8;"CAMPO GRANDE";"Ausência de reação do condutor";"Atropelamento de Animal";"Sem Vítimas";"Plena Noite";"Crescente";"Céu Claro";"Simples";"Reta;Aclive";"Não";5;0;0;0;5;0;0;1;-20,83900296;-54,51297377;"SPRF-MS";"DEL01-MS";"UOP01-DEL01-MS"
533371;2023-07-03;"segunda-feira";"05:30:00";"AP";210;103;"PORTO GRANDE";"Condutor deixou de manter distância do veículo da frente";"Colisão traseira";"Sem Vítimas";"Amanhecer";"Crescente";"Chuva";"Simples";"Reta";"Não";2;0;0;0;2;0;0;2;0,69607886;-51,38816804;"SPRF-AP";"DEL01-AP";"UOP01-DEL01-AP"
533374;2023-07-02;"domingo";"19:40:00";"BA";116;566;"NOVA ITARANA";"Acessar a via sem observar a presença dos outros veículos";"Colisão frontal";"Com Vítimas Feridas";"Plena Noite";"Crescente";"Céu Claro";"Simples";"Retorno Regulamentado";"Não";2;0;1;0;1;0;1;2;-12,97847221;-39,93906524;"SPRF-BA";"DEL03-BA";"UOP02-DEL03-BA"
533379;2023-07-03;"segunda-feira";"05:00:00";"MG";116;662,4;"SAO FRANCISCO DO GLORIA";"Demais falhas mecânicas ou elétricas";"Incêndio";"Sem Vítimas";"Amanhecer";"Decrescente";"Nublado";"Simples";"Reta";"Não";1;0;0;0;1;0;0;1;-20,80315919;-42,31073717;"SPRF-MG";"DEL07-MG";"UOP02-DEL07-MG"
533380;2023-07-02;"domingo";"17:00:00";"MG";116;421;"GOVERNADOR VALADARES";"Acessar a via sem observar a presença dos outros veículos";"Colisão transversal";"Com Vítimas Feridas";"Plena Noite";"Decrescente";"Céu Claro";"Simples";"Interseção de Vias";"Não";3;0;3;0;0;0;3;2;-18,93669975;-41,94751431;"SPRF-MG";"DEL06-MG";"UOP01-DEL06-MG"
533382;2023-07-03;"segunda-feira";"06:25:00";"PB";230;18;"JOAO PESSOA";"Trafegar com motocicleta (ou similar) entre as faixas";"Queda de ocupante de veículo";"Com Vítimas Feridas";"Pleno dia";"Decrescente";"Nublado";"Dupla";"Reta";"Sim";3;0;2;0;0;1;2;2;-7,1198;-34,8453;"SPRF-PB";"DEL01-PB";"UOP01-DEL01-PB"
533384;2023-07-03;"segunda-feira";"06:00:00";"TO";242;315;"PEIXE";"Animais na Pista";"Atropelamento de Animal";"Com Vítimas Fatais";"Amanhecer";"Crescente";"Céu Claro";"Simples";"Reta";"Não";1;1;0;0;0;0;0;1;-12,00975796;-48,58582296;"SPRF-TO";"DEL01-TO";"UOP02-DEL01-TO"
533385;2023-07-03;"segunda-feira";"06:05:00";"RJ";465;20;"NOVA IGUACU";"Pista Escorregadia";"Queda de ocupante de veículo";"Com Vítimas Feridas";"Pleno dia";"Decrescente";"Céu Claro";"Simples";"Reta";"Não";1;0;1;0;0;0;1;1;-22,846828;-43,605339;"SPRF-RJ";"DEL03-RJ";"UOP01-DEL03-RJ"
533386;2023-07-03;"segunda-feira";"07:00:00";"SP";381;86;"SAO PAULO";"Ausência de reação do condutor";"Colisão lateral mesmo sentido";"Com Vítimas Feridas";"Pleno dia";"Crescente";"Céu Claro";"Múltipla";"Reta";"Sim";1;0;1;0;0;0;1;1;-23,45930499;-46,57161179;"SPRF-SP";"DEL03-SP";"UOP01-DEL03-SP"
533387;2023-07-02;"domingo";"11:24:00";"RJ";465;1;"SEROPEDICA";"Acessar a via sem observar a presença dos outros veículos";"Tombamento";"Com Vítimas Feridas";"Pleno dia";"Crescente";"Céu Claro";"Simples";"Curva";"Sim";2;0;1;0;0;1;1;2;-22,719835;-43,725739;"SPRF-RJ";"DEL01-RJ";"UOP03-DEL01-RJ"
533388;2023-07-03;"segunda-feira";"07:40:00";"PR";476;278,8;"SAO MATEUS DO SUL";"Transitar na contramão";"Colisão transversal";"Com Vítimas Feridas";"Pleno dia";"Crescente";"Céu Claro";"Simples";"Interseção de Vias;Aclive";"Sim";2;0;1;0;1;0;1;2;-25,868753;-50,396477;"SPRF-PR";"DEL02-PR";"UOP03-DEL02-PR"
533389;2023-07-03;"segunda-feira";"07:10:00";"SP";381;88,9;"GUARULHOS";"Trafegar com motocicleta (ou similar) entre as faixas";"Colisão traseira";"Com Vítimas Feridas";"Pleno dia";"Crescente";"Sol";"Múltipla";"Reta";"Sim";2;0;1;0;1;0;1;2;-23,47469314;-46,56112919;"SPRF-SP";"DEL03-SP";"UOP01-DEL03-SP"
533391;2023-04-23;"domingo";"21:00:00";"BA";324;1;"SALVADOR";"Condutor deixou de manter distância do veículo da frente";"Queda de ocupante de veículo";"Com Vítimas Feridas";"Plena Noite";"Crescente";"Chuva";"Dupla";"Reta";"Sim";3;0;0;2;1;0;2;2;-12,971561;-38,511154;"SPRF-BA";"DEL01-BA";"UOP01-DEL01-BA"
533392;2023-07-03;"segunda-feira";"07:30:00";"RN";226;49,5;"BOM JESUS";"Condutor deixou de manter distância do veículo da frente";"Colisão lateral mesmo sentido";"Sem Vítimas";"Pleno dia";"Crescente";"Céu Claro";"Simples";"Reta";"Não";5;0;0;0;5;0;0;2;-5,98895515;-35,59252534;"SPRF-RN";"DEL01-RN";"UOP02-DEL01-RN"
533393;2023-07-03;"segunda-feira";"08:00:00";"SP";116;139;"SAO JOSE DOS CAMPOS";"Condutor deixou de manter distância do veículo da frente";"Queda de ocupante de veículo";"Com Vítimas Feridas";"Pleno dia";"Crescente";"Céu Claro";"Dupla";"Reta";"Não";2;0;0;1;1;0;1;1;-23,16153216;-45,80400592;"SPRF-SP";"DEL02-SP";"UOP01-DEL02-SP"
533395;2023-07-03;"segunda-feira";"07:00:00";"RN";427;59,2;"JARDIM DO SERIDO";"Demais falhas mecânicas ou elétricas";"Tombamento";"Com Vítimas Feridas";"Pleno dia";"Decrescente";"Céu Claro";"Simples";"Aclive;Reta";"Não";2;0;2;0;0;0;2;1;-6,58859785;-36,80432612;"SPRF-RN";"DEL03-RN";"UOP01-DEL03-RN"
533396;2023-07-03;"segunda-feira";"00:20:00";"MG";262;114,3;"RIO CASCA";"Ausência de reação do condutor";"Colisão frontal";"Com Vítimas Fatais";"Plena Noite";"Crescente";"Céu Claro";"Simples";"Curva;Declive";"Não";4;1;0;1;2;0;1;2;-20,24284881;-42,60671889;"SPRF-MG";"DEL03-MG";"UOP03-DEL03-MG"
533397;2023-07-03;"segunda-feira";"08:20:00";"ES";101;290,5;"CARIACICA";"Condutor deixou de manter distância do veículo da frente";"Colisão traseira";"Com Vítimas Feridas";"Pleno dia";"Decrescente";"Céu Claro";"Dupla";"Reta";"Não";2;0;1;0;1;0;1;2;-20,28927747;-40,39181575;"SPRF-ES";"DEL01-ES";"UOP01-DEL01-ES"
533400;2023-07-03;"segunda-feira";"07:50:00";"RJ";40;118;"DUQUE DE CAXIAS";"Ausência de reação do condutor";"Tombamento";"Com Vítimas Feridas";"Pleno dia";"Crescente";"Céu Claro";"Múltipla";"Reta";"Sim";1;0;1;0;0;0;1;1;-22,75470802;-43,28737838;"SPRF-RJ";"DEL01-RJ";"UOP01-DEL01-RJ"
533403;2023-07-03;"segunda-feira";"08:05:00";"PB";230;6;"CABEDELO";"Condutor deixou de manter distância do veículo da frente";"Colisão traseira";"Com Vítimas Feridas";"Pleno dia";"Decrescente";"Nublado";"Dupla";"Reta";"Sim";2;0;1;0;1;0;1;2;-7,02;-34,8359;"SPRF-PB";"DEL01-PB";"UOP01-DEL01-PB"
533404;2023-07-03;"segunda-feira";"04:30:00";"PA";10;6,4;"DOM ELISEU";"Reação tardia ou ineficiente do condutor";"Colisão traseira";"Com Vítimas Feridas";"Plena Noite";"Crescente";"Céu Claro";"Simples";"Reta;Declive";"Não";2;0;0;1;1;0;1;2;-4,39308805;-47,53294718;"SPRF-PA";"DEL02-PA";"UOP02-DEL02-PA"
533405;2023-07-03;"segunda-feira";"06:30:00";"RO";364;714;"PORTO VELHO";"Reação tardia ou ineficiente do condutor";"Colisão lateral mesmo sentido";"Com Vítimas Feridas";"Amanhecer";"Crescente";"Céu Claro";"Dupla";"Curva";"Sim";2;0;1;0;1;0;1;2;-8,77323714;-63,88521091;"SPRF-RO";"DEL01-RO";"UOP01-DEL01-RO"
533406;2023-07-03;"segunda-feira";"09:10:00";"RN";101;96,6;"NATAL";"Condutor deixou de manter distância do veículo da frente";"Eventos atípicos";"Com Vítimas Feridas";"Pleno dia";"Crescente";"Céu Claro";"Dupla";"Reta";"Sim";3;0;1;0;2;0;1;2;-5,84949622;-35,20890752;"SPRF-RN";"DEL01-RN";"UOP01-DEL01-RN"
533407;2023-07-03;"segunda-feira";"08:25:00";"SC";101;118,1;"ITAJAI";"Ausência de reação do condutor";"Tombamento";"Com Vítimas Feridas";"Pleno dia";"Crescente";"Garoa/Chuvisco";"Dupla";"Interseção de Vias;Reta";"Sim";1;0;1;0;0;0;1;1;-26,895859;-48,71903;"SPRF-SC";"DEL04-SC";"UOP04-DEL04-SC"
533409;2023-07-03;"segunda-feira";"09:15:00";"SE";235;52,7;"ITABAIANA";"Desrespeitar a preferência no cruzamento";"Colisão transversal";"Com Vítimas Feridas";"Pleno dia";"Crescente";"Céu Claro";"Simples";"Reta";"Sim";2;0;0;1;1;0;1;2;-10,688723;-37,437927;"SPRF-SE";"DEL01-SE";"UOP02-DEL01-SE"
533410;2023-07-03;"segunda-feira";"08:15:00";"RJ";101;315,8;"SAO GONCALO";"Ausência de reação do condutor";"Colisão traseira";"Com Vítimas Feridas";"Pleno dia";"Crescente";"Chuva";"Dupla";"Reta";"Não";2;0;1;0;1;0;1;1;-22,82262092;-43,08460805;"SPRF-RJ";"DEL02-RJ";"UOP02-DEL02-RJ"
533411;2023-07-03;"segunda-feira";"07:12:00";"AC";364;128;"RIO BRANCO";"Condutor Dormindo";"Queda de ocupante de veículo";"Com Vítimas Feridas";"Pleno dia";"Crescente";"Céu Claro";"Simples";"Reta";"Sim";1;0;1;0;0;0;1;1;-10,02644375;-67,8206882;"SPRF-AC";"DEL01-AC";"UOP01-DEL01-AC"
533413;2023-07-03;"segunda-feira";"09:35:00";"MG";40;607,5;"CONGONHAS";"Acessar a via sem observar a presença dos outros veículos";"Colisão transversal";"Com Vítimas Feridas";"Pleno dia";"Decrescente";"Céu Claro";"Simples";"Reta;Declive";"Não";2;0;1;0;1;0;1;2;-20,47579776;-43,84269847;"SPRF-MG";"DEL05-MG";"UOP02-DEL05-MG"
533414;2023-07-03;"segunda-feira";"06:20:00";"TO";153;647,7;"DUERE";"Reação tardia ou ineficiente do condutor";"Saída de leito carroçável";"Com Vítimas Feridas";"Amanhecer";"Crescente";"Céu Claro";"Simples";"Reta";"Não";2;0;0;1;1;0;1;1;-11,50919091;-49,00974428;"SPRF-TO";"DEL01-TO";"UOP02-DEL01-TO"
533415;2023-07-03;"segunda-feira";"08:00:00";"BA";330;792;"JEQUIE";"Ultrapassagem Indevida";"Colisão frontal";"Com Vítimas Feridas";"Pleno dia";"Crescente";"Céu Claro";"Simples";"Curva";"Não";4;0;0;4;0;0;4;2;-13,9122441;-40,01406707;"SPRF-BA";"DEL03-BA";"UOP01-DEL03-BA"
533416;2023-07-03;"segunda-feira";"09:45:00";"SP";116;217;"GUARULHOS";"Ausência de reação do condutor";"Colisão traseira";"Com Vítimas Feridas";"Pleno dia";"Crescente";"Céu Claro";"Múltipla";"Reta";"Sim";2;0;1;0;1;0;1;2;-23,45423824;-46,47119028;"SPRF-SP";"DEL01-SP";"UOP01-DEL01-SP"
533417;2023-07-03;"segunda-feira";"08:30:00";"ES";101;290,6;"CARIACICA";"Reação tardia ou ineficiente do condutor";"Colisão transversal";"Com Vítimas Feridas";"Pleno dia";"Crescente";"Céu Claro";"Dupla";"Reta;Retorno Regulamentado";"Sim";2;0;1;0;1;0;1;2;-20,29755744;-40,39445616;"SPRF-ES";"DEL01-ES";"UOP01-DEL01-ES"
533418;2023-07-03;"segunda-feira";"08:30:00";"RO";174;14,5;"VILHENA";"Acessar a via sem observar a presença dos outros veículos";"Colisão lateral mesmo sentido";"Com Vítimas Feridas";"Pleno dia";"Decrescente";"Sol";"Dupla";"Reta";"Sim";2;0;1;0;1;0;1;2;-12,73306632;-60,12981255;"SPRF-RO";"DEL04-RO";"UOP01-DEL04-RO"
533420;2023-07-03;"segunda-feira";"07:00:00";"CE";116;82,5;"CHOROZINHO";"Ausência de reação do condutor";"Queda de ocupante de veículo";"Com Vítimas Feridas";"Pleno dia";"Decrescente";"Céu Claro";"Simples";"Declive";"Não";1;0;1;0;0;0;1;1;-4,40928825;-38,41496929;"SPRF-CE";"DEL03-CE";"UOP02-DEL03-CE"
533422;2023-07-03;"segunda-feira";"09:45:00";"MG";381;2;"BETIM";"Demais falhas mecânicas ou elétricas";"Colisão lateral mesmo sentido";"Com Vítimas Feridas";"Pleno dia";"Crescente";"Céu Claro";"Dupla";"Reta";"Sim";3;0;1;0;2;0;1;2;-19,96825;-44,198708;"SPRF-MG";"DEL01-MG";"UOP03-DEL01-MG"
533425;2023-07-03;"segunda-feira";"10:00:00";"SP";116;504;"CAJATI";"Reação tardia ou ineficiente do condutor";"Colisão com objeto";"Com Vítimas Feridas";"Pleno dia";"Crescente";"Chuva";"Simples";"Curva";"Não";2;0;1;0;1;0;1;1;-24,787867;-48,208919;"SPRF-SP";"DEL05-SP";"UOP02-DEL05-SP"
533427;2023-07-03;"segunda-feira";"07:00:00";"MG";365;350;"VARJAO DE MINAS";"Acessar a via sem observar a presença dos outros veículos";"Colisão lateral mesmo sentido";"Sem Vítimas";"Amanhecer";"Crescente";"Céu Claro";"Simples";"Reta";"Não";2;0;0;0;2;0;0;2;-18,32198196;-46,0063695;"SPRF-MG";"DEL10-MG";"UOP01-DEL10-MG"
533428;2023-07-03;"segunda-feira";"09:50:00";"MG";50;35,3;"ARAGUARI";"Demais falhas mecânicas ou elétricas";"Incêndio";"Sem Vítimas";"Pleno dia";"Crescente";"Céu Claro";"Dupla";"Reta";"Não";12;0;0;0;12;0;0;1;-18,65075062;-48,13867716;"SPRF-MG";"DEL15-MG";"UOP02-DEL15-MG"
533429;2023-07-03;"segunda-feira";"10:05:00";"SP";116;124,4;"CACAPAVA";"Avarias e/ou desgaste excessivo no pneu";"Tombamento";"Com Vítimas Feridas";"Pleno dia";"Decrescente";"Céu Claro";"Dupla";"Reta";"Não";1;0;0;1;0;0;1;1;-23,093116;-45,677904;"SPRF-SP";"DEL02-SP";"UOP02-DEL02-SP"
533430;2023-04-06;"quinta-feira";"08:00:00";"MG";40;522;"CONTAGEM";"Ausência de reação do condutor";"Colisão traseira";"Com Vítimas Feridas";"Pleno dia";"Crescente";"Céu Claro";"Dupla";"Reta";"Sim";2;0;1;0;1;0;1;2;-19,8638731;-44,06749809;"SPRF-MG";"DEL01-MG";"UOP02-DEL01-MG"
533431;2023-07-03;"segunda-feira";"10:20:00";"GO";40;9;"LUZIANIA";"Acessar a via sem observar a presença dos outros veículos";"Colisão lateral mesmo sentido";"Com Vítimas Feridas";"Pleno dia";"Crescente";"Céu Claro";"Dupla";"Reta";"Sim";2;0;1;0;1;0;1;2;-16,131158;-47,957739;"SPRF-DF";"DEL01-DF";"UOP01-DEL01-DF"
533432;2023-07-03;"segunda-feira";"08:30:00";"RJ";101;196,2;"CASIMIRO DE ABREU";"Ausência de reação do condutor";"Saída de leito carroçável";"Com Vítimas Feridas";"Pleno dia";"Crescente";"Chuva";"Dupla";"Curva";"Não";3;0;3;0;0;0;3;1;-22,49207101;-42,10926701;"SPRF-RJ";"DEL08-RJ";"UOP04-DEL08-RJ"
533433;2023-07-03;"segunda-feira";"10:30:00";"RS";470;74;"LAGOA VERMELHA";"Ingestão de álcool pelo condutor";"Colisão com objeto";"Com Vítimas Feridas";"Pleno dia";"Crescente";"Céu Claro";"Simples";"Reta;Declive";"Sim";1;0;1;0;0;0;1;1;-28,203287;-51,525436;"SPRF-RS";"DEL08-RS";"UOP05-DEL08-RS"
533434;2023-07-03;"segunda-feira";"10:20:00";"PE";408;52;"NAZARE DA MATA";"Condutor deixou de manter distância do veículo da frente";"Colisão traseira";"Sem Vítimas";"Pleno dia";"Crescente";"Céu Claro";"Simples";"Reta";"Sim";3;0;0;0;3;0;0;2;-7,74599502;-35,2344547;"SPRF-PE";"DEL01-PE";"UOP02-DEL01-PE"