"id";"data_inversa";"dia_semana";"horario";"uf";"br";"km";"municipio";"causa_acidente";"tipo_acidente";"classificacao_acidente";"fase_dia";"sentido_via";"condicao_metereologica";"tipo_pista";"tracado_via";"uso_solo";"pessoas";"mortos";"feridos_leves";"feridos_graves";"ilesos";"ignorados";"feridos";"veiculos";"latitude";"longitude";"regional";"delegacia";"uop"
533566;2023-07-04;"terça-feira";"05:20:00";"SC";101;155,5;"PORTO BELO";"Reação tardia ou ineficiente do condutor";"Tombamento";"Com Vítimas Feridas";"Plena Noite";"Crescente";"Nublado";"Dupla";"Reta";"Não";1;0;1;0;0;0;1;1;-27,16292;-48,61129;"SPRF-SC";"DEL04-SC";"UOP03-DEL04-SC"
533567;2023-07-04;"terça-feira";"03:00:00";"SP";116;100;"PINDAMONHANGABA";"Reação tardia ou ineficiente do condutor";"Capotamento";"Sem Vítimas";"Plena Noite";"Crescente";"Céu Claro";"Dupla";"Reta";"Não";1;0;0;0;0;1;0;1;-22,986552;-45,47276;"SPRF-SP";"DEL08-SP";"UOP01-DEL08-SP"
533569;2023-07-04;"terça-feira";"06:10:00";"SP";116;207;"GUARULHOS";"Velocidade Incompatível";"Engavetamento";"Com Vítimas Feridas";"Amanhecer";"Crescente";"Chuva";"Múltipla";"Reta";"Sim";4;0;1;0;3;0;1;4;-23,41611572;-46,37153149;"SPRF-SP";"DEL01-SP";"UOP01-DEL01-SP"
533570;2023-07-04;"terça-feira";"06:37:00";"RS";470;218;"BENTO GONCALVES";"Desrespeitar a preferência no cruzamento";"Colisão transversal";"Com Vítimas Feridas";"Amanhecer";"Decrescente";"Céu Claro";"Múltipla";"Interseção de Vias;Reta;Declive";"Sim";2;0;1;0;1;0;1;2;-29,17292214;-51,52424936;"SPRF-RS";"DEL06-RS";"UOP01-DEL06-RS"
533571;2023-07-04;"terça-feira";"06:50:00";"RJ";393;266;"BARRA DO PIRAI";"Velocidade Incompatível";"Capotamento";"Com Vítimas Feridas";"Pleno dia";"Crescente";"Nevoeiro/Neblina";"Simples";"Curva";"Não";5;0;1;0;4;0;1;1;-22,48062523;-43,89336791;"SPRF-RJ";"DEL05-RJ";"UOP04-DEL05-RJ"
533572;2023-07-04;"terça-feira";"07:20:00";"SC";101;125,1;"BALNEARIO CAMBORIU";"Demais falhas mecânicas ou elétricas";"Tombamento";"Com Vítimas Feridas";"Pleno dia";"Decrescente";"Nublado";"Dupla";"Reta";"Não";2;0;2;0;0;0;2;1;-26,98407618;-48,66977107;"SPRF-SC";"DEL04-SC";"UOP04-DEL04-SC"
533573;2023-07-04;"terça-feira";"07:20:00";"ES";101;187;"ARACRUZ";"Acessar a via sem observar a presença dos outros veículos";"Colisão transversal";"Com Vítimas Feridas";"Pleno dia";"Decrescente";"Céu Claro";"Dupla";"Curva";"Não";2;0;0;1;1;0;1;2;-19,67082886;-40,25620825;"SPRF-ES";"DEL04-ES";"UOP01-DEL04-ES"
533574;2023-07-04;"terça-feira";"06:30:00";"PE";232;71;"GRAVATA";"Acessar a via sem observar a presença dos outros veículos";"Colisão traseira";"Com Vítimas Feridas";"Pleno dia";"Decrescente";"Céu Claro";"Dupla";"Reta";"Não";2;0;1;0;1;0;1;2;-8,18344403;-35,49296599;"SPRF-PE";"DEL02-PE";"UOP02-DEL02PE"
533575;2023-07-04;"terça-feira";"06:20:00";"PR";277;176;"PALMEIRA";"Ausência de reação do condutor";"Saída de leito carroçável";"Com Vítimas Feridas";"Amanhecer";"Crescente";"Céu Claro";"Simples";"Reta";"Não";5;0;1;0;4;0;1;1;-25,43430934;-49,98149807;"SPRF-PR";"DEL08-PR";"UOP02-DEL08-PR"
533576;2023-07-04;"terça-feira";"07:15:00";"SP";381;56;"MAIRIPORA";"Velocidade Incompatível";"Tombamento";"Com Vítimas Feridas";"Amanhecer";"Decrescente";"Céu Claro";"Múltipla";"Reta";"Não";1;0;1;0;0;0;1;1;-23,2595431;-46,58892453;"SPRF-SP";"DEL03-SP";"UOP01-DEL03-SP"
533577;2023-07-04;"terça-feira";"08:00:00";"MG";354;751,7;"ITAMONTE";"Acessar a via sem observar a presença dos outros veículos";"Colisão transversal";"Com Vítimas Feridas";"Pleno dia";"Crescente";"Nevoeiro/Neblina";"Simples";"Reta";"Sim";2;0;1;0;1;0;1;2;-22,28761498;-44,86860589;"SPRF-MG";"DEL17-MG";"UOP01-DEL17-MG"
533579;2023-07-04;"terça-feira";"08:00:00";"PE";423;76;"JUCATI";"Pista esburacada";"Tombamento";"Com Vítimas Feridas";"Pleno dia";"Decrescente";"Céu Claro";"Simples";"Aclive";"Não";2;0;2;0;0;0;2;1;-8,7318390136;-36,4314601458;"SPRF-PE";"DEL03-PE";"UOP01-DEL03-PE"
533580;2023-07-04;"terça-feira";"07:25:00";"SC";101;30,3;"JOINVILLE";"Acessar a via sem observar a presença dos outros veículos";"Colisão transversal";"Com Vítimas Feridas";"Pleno dia";"Crescente";"Nevoeiro/Neblina";"Simples";"Interseção de Vias;Curva";"Não";2;0;1;0;1;0;1;2;-26,216931;-48,91612807;"SPRF-SC";"DEL03-SC";"UOP01-DEL03-SC"
533582;2023-07-04;"terça-feira";"07:50:00";"RS";290;151;"ARROIO DOS RATOS";"Demais falhas mecânicas ou elétricas";"Incêndio";"Sem Vítimas";"Pleno dia";"Decrescente";"Céu Claro";"Simples";"Reta";"Sim";1;0;0;0;1;0;0;1;-30,105392;-51,717197;"SPRF-RS";"DEL02-RS";"UOP01-DEL02-RS"
533584;2023-07-04;"terça-feira";"08:20:00";"PI";343;23;"PARNAIBA";"Acessar a via sem observar a presença dos outros veículos";"Colisão frontal";"Com Vítimas Feridas";"Pleno dia";"Crescente";"Céu Claro";"Simples";"Reta";"Não";2;0;1;0;1;0;1;2;-3,007861;-41,767223;"SPRF-PI";"DEL05-PI";"UOP01-DEL05-PI"
533587;2023-06-30;"sexta-feira";"05:28:00";"SC";101;211,7;"PALHOCA";"Velocidade Incompatível";"Atropelamento de Pedestre";"Com Vítimas Feridas";"Amanhecer";"Crescente";"Céu Claro";"Dupla";"Interseção de Vias";"Sim";2;0;0;1;0;1;1;2;-27,62329313;-48,65245588;"SPRF-SC";"DEL01-SC";"UOP02-DEL01-SC"
533588;2023-05-03;"quarta-feira";"14:08:00";"RO";319;64;"PORTO VELHO";"Condutor deixou de manter distância do veículo da frente";"Engavetamento";"Com Vítimas Feridas";"Pleno dia";"Crescente";"Sol";"Múltipla";"Reta";"Sim";11;0;1;1;9;0;2;3;-8,766685;-63,884052;"SPRF-RO";"DEL01-RO";"UOP01-DEL01-RO"
533589;2023-04-23;"domingo";"23:30:00";"PR";376;333,9;"ORTIGUEIRA";"Condutor Dormindo";"Colisão com objeto";"Com Vítimas Fatais";"Plena Noite";"Crescente";"Céu Claro";"Simples";"Reta";"Não";1;1;0;0;0;0;0;1;-24,14186383;-51,0040438;"SPRF-PR";"DEL07-PR";"UOP02-DEL07-PR"
533590;2023-07-04;"terça-feira";"08:50:00";"SC";282;3,4;"FLORIANOPOLIS";"Reação tardia ou ineficiente do condutor";"Colisão traseira";"Com Vítimas Feridas";"Pleno dia";"Decrescente";"Céu Claro";"Múltipla";"Reta";"Sim";2;0;1;0;1;0;1;2;-27,600384;-48,599705;"SPRF-SC";"DEL01-SC";"UOP01-DEL01-SC"
533591;2023-07-04;"terça-feira";"07:50:00";"MG";50;73;"UBERLANDIA";"Trafegar com motocicleta (ou similar) entre as faixas";"Colisão lateral mesmo sentido";"Com Vítimas Feridas";"Amanhecer";"Decrescente";"Céu Claro";"Simples";"Reta";"Não";3;0;1;0;2;0;1;2;-18,85140204;-48,25345932;"SPRF-MG";"DEL15-MG";"UOP01-DEL15-MG"
533592;2023-07-04;"terça-feira";"08:30:00";"SP";116;138;"SAO JOSE DOS CAMPOS";"Reação tardia ou ineficiente do condutor";"Colisão traseira";"Com Vítimas Feridas";"Pleno dia";"Crescente";"Céu Claro";"Dupla";"Reta";"Não";3;0;1;0;2;0;1;2;-23,1572739;-45,79554605;"SPRF-SP";"DEL02-SP";"UOP01-DEL02-SP"
533594;2023-07-04;"terça-feira";"08:30:00";"SE";235;28,7;"AREIA BRANCA";"Velocidade Incompatível";"Colisão frontal";"Sem Vítimas";"Pleno dia";"Decrescente";"Nublado";"Simples";"Curva";"Não";2;0;0;0;2;0;0;2;-10,79339;-37,278835;"SPRF-SE";"DEL01-SE";"UOP02-DEL01-SE"
533596;2023-07-04;"terça-feira";"07:30:00";"MG";40;520,9;"CONTAGEM";"Avarias e/ou desgaste excessivo no pneu";"Queda de ocupante de veículo";"Com Vítimas Feridas";"Pleno dia";"Crescente";"Céu Claro";"Dupla";"Reta";"Não";2;0;2;0;0;0;2;1;-19,84761911;-44,07276144;"SPRF-MG";"DEL01-MG";"UOP02-DEL01-MG"
533598;2023-07-04;"terça-feira";"06:30:00";"MT";158;677;"NOVA XAVANTINA";"Animais na Pista";"Saída de leito carroçável";"Com Vítimas Feridas";"Amanhecer";"Crescente";"Céu Claro";"Simples";"Reta";"Não";2;0;2;0;0;0;2;1;-14,86218401;-52,29108232;"SPRF-MT";"DEL07-MT";"UOP01-DEL07-MT"
533599;2023-06-20;"terça-feira";"19:30:00";"PR";153;330,3;"IRATI";"Desrespeitar a preferência no cruzamento";"Colisão transversal";"Com Vítimas Feridas";"Plena Noite";"Decrescente";"Céu Claro";"Dupla";"Reta";"Sim";3;0;1;2;0;0;3;2;-25,45724911;-50,6207031;"SPRF-PR";"DEL08-PR";"UOP02-DEL08-PR"
533600;2023-07-04;"terça-feira";"09:02:00";"PI";343;344,3;"TERESINA";"Desrespeitar a preferência no cruzamento";"Colisão transversal";"Com Vítimas Feridas";"Pleno dia";"Crescente";"Céu Claro";"Simples";"Reta";"Sim";2;0;1;0;1;0;1;2;-5,094729;-42,762775;"SPRF-PI";"DEL01-PI";"UOP01-DEL01-PI"
533601;2023-07-04;"terça-feira";"09:00:00";"PR";376;601;"CURITIBA";"Reação tardia ou ineficiente do condutor";"Colisão traseira";"Com Vítimas Feridas";"Pleno dia";"Decrescente";"Céu Claro";"Múltipla";"Reta;Interseção de Vias";"Sim";3;0;1;0;2;0;1;2;-25,537054;-49,31404;"SPRF-PR";"DEL01-PR";"UOP06-DEL01-PR"
533603;2023-06-17;"sábado";"18:50:00";"BA";324;520;"FEIRA DE SANTANA";"Reação tardia ou ineficiente do condutor";"Colisão traseira";"Com Vítimas Feridas";"Plena Noite";"Decrescente";"Nublado";"Dupla";"Aclive;Reta";"Não";2;0;1;0;1;0;1;2;-12,27376054;-38,93366564;"SPRF-BA";"DEL01-BA";"UOP03-DEL01-BA"
533604;2023-07-04;"terça-feira";"09:23:00";"PI";343;4,2;"TERESINA";"Ausência de reação do condutor";"Engavetamento";"Com Vítimas Feridas";"Pleno dia";"Crescente";"Céu Claro";"Dupla";"Interseção de Vias;Reta";"Sim";4;0;1;0;3;0;1;4;-5,089569;-42,802288;"SPRF-PI";"DEL01-PI";"UOP01-DEL01-PI"
533605;2023-07-04;"terça-feira";"09:50:00";"SE";235;16,1;"NOSSA SENHORA DO SOCORRO";"Velocidade Incompatível";"Saída de leito carroçável";"Com Vítimas Feridas";"Pleno dia";"Decrescente";"Chuva";"Simples";"Curva";"Não";1;0;1;0;0;0;1;1;-10,852552;-37,192886;"SPRF-SE";"DEL01-SE";"UOP02-DEL01-SE"
533609;2023-07-04;"terça-feira";"10:20:00";"DF";70;9;"BRASILIA";"Manobra de mudança de faixa";"Colisão lateral mesmo sentido";"Com Vítimas Feridas";"Pleno dia";"Decrescente";"Sol";"Múltipla";"Reta";"Sim";2;0;0;1;1;0;1;2;-15,784615;-48,132023;"SPRF-DF";"DEL03-DF";"UOP02-DEL03-DF"
533610;2023-07-04;"terça-feira";"10:20:00";"PR";277;729;"FOZ DO IGUACU";"Frear bruscamente";"Colisão traseira";"Com Vítimas Feridas";"Pleno dia";"Crescente";"Céu Claro";"Dupla";"Reta";"Sim";3;0;1;0;2;0;1;3;-25,50749887;-54,58379896;"SPRF-PR";"DEL05-PR";"UOP03-DEL05-PR"
533612;2023-07-04;"terça-feira";"10:40:00";"SP";116;272;"TABOAO DA SERRA";"Ausência de reação do condutor";"Colisão lateral mesmo sentido";"Com Vítimas Feridas";"Pleno dia";"Decrescente";"Céu Claro";"Dupla";"Reta";"Não";2;0;1;0;1;0;1;2;-23,621691;-46,813288;"SPRF-SP";"DEL04-SP";"UOP01-DEL04-SP"
533614;2023-07-04;"terça-feira";"10:30:00";"PR";277;61;"SAO JOSE DOS PINHAIS";"Demais falhas mecânicas ou elétricas";"Saída de leito carroçável";"Com Vítimas Feridas";"Pleno dia";"Crescente";"Céu Claro";"Dupla";"Reta";"Não";1;0;1;0;0;0;1;1;-25,546571;-49,049266;"SPRF-PR";"DEL01-PR";"UOP01-DEL01-PR"
533616;2023-07-04;"terça-feira";"11:30:00";"SC";101;196,3;"BIGUACU";"Ausência de reação do condutor";"Colisão com objeto";"Com Vítimas Feridas";"Pleno dia";"Crescente";"Céu Claro";"Simples";"Reta";"Sim";1;0;1;0;0;0;1;1;-27,51101091;-48,64322292;"SPRF-SC";"DEL01-SC";"UOP01-DEL01-SC"
533617;2023-07-04;"terça-feira";"09:54:00";"MA";135;2;"SAO LUIS";"Ausência de reação do condutor";"Colisão traseira";"Sem Vítimas";"Pleno dia";"Crescente";"Céu Claro";"Dupla";"Reta";"Sim";2;0;0;0;2;0;0;2;-2,59806699;-44,24573511;"SPRF-MA";"DEL01-MA";"UOP01-DEL01-MA"
533618;2023-07-04;"terça-feira";"11:10:00";"RS";116;306;"GUAIBA";"Acessar a via sem observar a presença dos outros veículos";"Colisão transversal";"Com Vítimas Feridas";"Pleno dia";"Crescente";"Céu Claro";"Dupla";"Reta";"Sim";2;0;0;1;1;0;1;2;-30,16925677;-51,3836101;"SPRF-RS";"DEL02-RS";"UOP01-DEL02-RS"
533619;2023-07-04;"terça-feira";"11:45:00";"RS";285;325,1;"PASSO FUNDO";"Velocidade Incompatível";"Saída de leito carroçável";"Com Vítimas Feridas";"Pleno dia";"Crescente";"Sol";"Simples";"Curva";"Não";1;0;1;0;0;0;1;1;-28,268545;-52,669102;"SPRF-RS";"DEL08-RS";"UOP03-DEL08-RS"
533622;2023-07-04;"terça-feira";"12:00:00";"PE";101;67,5;"RECIFE";"Condutor deixou de manter distância do veículo da frente";"Colisão traseira";"Com Vítimas Feridas";"Pleno dia";"Crescente";"Céu Claro";"Dupla";"Reta";"Sim";2;0;0;1;1;0;1;2;-8,042334;-34,943096;"SPRF-PE";"DEL01-PE";"UOP01-DEL01-PE"
533623;2023-07-04;"terça-feira";"12:13:00";"RS";290;92;"PORTO ALEGRE";"Reação tardia ou ineficiente do condutor";"Capotamento";"Com Vítimas Feridas";"Pleno dia";"Crescente";"Céu Claro";"Dupla";"Reta";"Sim";4;0;4;0;0;0;4;1;-29,971916;-51,176838;"SPRF-RS";"DEL01-RS";"UOP01-DEL01-RS"
533626;2023-05-14;"domingo";"01:20:00";"SP";116;223;"GUARULHOS";"Reação tardia ou ineficiente do condutor";"Colisão transversal";"Com Vítimas Feridas";"Plena Noite";"Crescente";"Nublado";"Múltipla";"Reta";"Sim";4;0;2;0;2;0;2;2;-23,48128644;-46,53419003;"SPRF-SP";"DEL01-SP";"UOP01-DEL01-SP"
533627;2023-06-26;"segunda-feira";"12:10:00";"BA";407;0,4;"JUAZEIRO";"Ausência de reação do condutor";"Colisão traseira";"Sem Vítimas";"Pleno dia";"Decrescente";"Nublado";"Simples";"Reta;Viaduto";"Sim";2;0;0;0;2;0;0;2;-9,4121781;-40,50581865;"SPRF-PE";"DEL06-PE";"UOP01-DEL06-PE"
533628;2023-07-04;"terça-feira";"12:10:00";"MG";356;267,4;"MURIAE";"Conversão proibida";"Queda de ocupante de veículo";"Com Vítimas Feridas";"Pleno dia";"Crescente";"Céu Claro";"Simples";"Ponte;Reta";"Sim";2;0;1;0;1;0;1;2;-21,12725696;-42,35052695;"SPRF-MG";"DEL07-MG";"UOP02-DEL07-MG"
533629;2023-07-04;"terça-feira";"12:45:00";"SC";101;214,4;"PALHOCA";"Manobra de mudança de faixa";"Colisão transversal";"Com Vítimas Feridas";"Pleno dia";"Decrescente";"Sol";"Múltipla";"Reta";"Sim";3;0;0;1;1;1;1;3;-27,64443;-48,67057;"SPRF-SC";"DEL01-SC";"UOP02-DEL01-SC"
533630;2023-07-04;"terça-feira";"11:45:00";"PB";230;314;"SAO MAMEDE";"Reação tardia ou ineficiente do condutor";"Saída de leito carroçável";"Com Vítimas Feridas";"Pleno dia";"Decrescente";"Céu Claro";"Simples";"Reta";"Não";2;0;1;1;0;0;2;1;-6,9412;-37,1016;"SPRF-PB";"DEL03-PB";"UOP01-DEL03-PB"
533631;2023-07-04;"terça-feira";"05:00:00";"MG";251;305;"SALINAS";"Animais na Pista";"Atropelamento de Animal";"Com Vítimas Feridas";"Amanhecer";"Crescente";"Céu Claro";"Simples";"Declive;Curva";"Não";2;0;2;0;0;0;2;1;-16,13238513;-42,2309947;"SPRF-MG";"DEL12-MG";"UOP02-DEL12-MG"
533632;2023-04-27;"quinta-feira";"12:15:00";"MG";267;61;"BICAS";"Ausência de reação do condutor";"Tombamento";"Com Vítimas Feridas";"Pleno dia";"Decrescente";"Nublado";"Simples";"Curva";"Não";1;0;0;1;0;0;1;1;-21,72573003;-43,05888101;"SPRF-MG";"DEL05-MG";"UOP01-DEL05-MG"
533633;2023-02-02;"quinta-feira";"11:15:00";"PE";101;76;"RECIFE";"Reação tardia ou ineficiente do condutor";"Saída de leito carroçável";"Com Vítimas Feridas";"Pleno dia";"Decrescente";"Céu Claro";"Dupla";"Reta";"Não";3;0;1;1;0;1;2;2;-8,11813811;-34,94329214;"SPRF-PE";"DEL01-PE";"UOP01-DEL01-PE"
533634;2023-07-04;"terça-feira";"00:20:00";"GO";452;70;"MAURILANDIA";"Reação tardia ou ineficiente do condutor";"Colisão com objeto";"Com Vítimas Feridas";"Plena Noite";"Crescente";"Céu Claro";"Simples";"Reta";"Não";2;0;2;0;0;0;2;1;-18,03237073;-50,30277692;"SPRF-GO";"DEL04-GO";"UOP01-DEL04-GO"
533636;2023-06-08;"quinta-feira";"20:30:00";"MG";365;604;"UBERLANDIA";"Ausência de reação do condutor";"Tombamento";"Com Vítimas Feridas";"Plena Noite";"Crescente";"Céu Claro";"Simples";"Reta";"Não";1;0;1;0;0;0;1;1;-18,89350714;-48,13697219;"SPRF-MG";"DEL15-MG";"UOP01-DEL15-MG"
533637;2023-07-04;"terça-feira";"12:30:00";"SC";116;139,9;"SANTA CECILIA";"Acessar a via sem observar a presença dos outros veículos";"Colisão transversal";"Com Vítimas Feridas";"Pleno dia";"Decrescente";"Céu Claro";"Simples";"Interseção de Vias;Aclive;Reta";"Sim";3;0;1;0;2;0;1;2;-26,96007677;-50,41626976;"SPRF-SC";"DEL06-SC";"UOP02-DEL06-SC"
533638;2023-07-04;"terça-feira";"09:40:00";"RO";364;407,6;"JARU";"Condutor deixou de manter distância do veículo da frente";"Colisão traseira";"Com Vítimas Feridas";"Pleno dia";"Decrescente";"Céu Claro";"Simples";"Reta";"Não";2;0;2;0;0;0;2;2;-10,55481907;-62,38280809;"SPRF-RO";"DEL03-RO";"UOP02-DEL03-RO"
533639;2023-06-03;"sábado";"10:50:00";"PI";135;351;"BOM JESUS";"Condutor deixou de manter distância do veículo da frente";"Colisão traseira";"Com Vítimas Feridas";"Pleno dia";"Decrescente";"Céu Claro";"Dupla";"Reta";"Sim";2;0;1;0;1;0;1;2;-9,07627817;-44,34586005;"SPRF-PI";"DEL03-PI";"UOP02-DEL03-PI"
533643;2023-07-04;"terça-feira";"14:00:00";"RS";153;49,9;"ERECHIM";"Conversão proibida";"Colisão transversal";"Com Vítimas Feridas";"Pleno dia";"Decrescente";"Céu Claro";"Simples";"Reta";"Não";2;0;1;0;1;0;1;2;-27,65513812;-52,26579899;"SPRF-RS";"DEL08-RS";"UOP04-DEL08-RS"
533644;2023-07-04;"terça-feira";"12:50:00";"SC";101;50;"JOINVILLE";"Acessar a via sem observar a presença dos outros veículos";"Colisão transversal";"Com Vítimas Feridas";"Pleno dia";"Decrescente";"Céu Claro";"Múltipla";"Interseção de Vias";"Não";2;0;1;0;1;0;1;2;-26,38696815;-48,84240389;"SPRF-SC";"DEL03-SC";"UOP01-DEL03-SC"
533646;2023-05-07;"domingo";"06:28:00";"RS";285;20;"SAO JOSE DOS AUSENTES";"Transitar na contramão";"Colisão frontal";"Com Vítimas Feridas";"Amanhecer";"Decrescente";"Céu Claro";"Simples";"Reta";"Não";2;0;0;1;1;0;1;2;-28,739098;-50,096352;"SPRF-RS";"DEL05-RS";"UOP03-DEL05-RS"
533647;2023-07-04;"terça-feira";"14:00:00";"PR";476;196,5;"LAPA";"Acessar a via sem observar a presença dos outros veículos";"Atropelamento de Pedestre";"Com Vítimas Feridas";"Pleno dia";"Decrescente";"Céu Claro";"Simples";"Reta";"Sim";2;0;0;1;1;0;1;2;-25,753437;-49,725754;"SPRF-PR";"DEL01-PR";"UOP06-DEL01-PR"
533650;2023-06-20;"terça-feira";"18:00:00";"MG";50;166;"UBERABA";"Ausência de reação do condutor";"Colisão traseira";"Com Vítimas Feridas";"Plena Noite";"Crescente";"Céu Claro";"Dupla";"Reta;Em Obras";"Não";2;0;1;0;0;1;1;2;-19,70178201;-47,98627802;"SPRF-MG";"DEL13-MG";"UOP01-DEL13-MG"
533652;2023-07-04;"terça-feira";"14:30:00";"SP";381;82;"SAO PAULO";"Reação tardia ou ineficiente do condutor";"Colisão traseira";"Com Vítimas Feridas";"Pleno dia";"Crescente";"Céu Claro";"Múltipla";"Reta";"Sim";3;0;1;1;1;0;2;3;-23,42399;-46,575112;"SPRF-SP";"DEL03-SP";"UOP01-DEL03-SP"
533655;2023-07-04;"terça-feira";"13:50:00";"MG";381;499,9;"BETIM";"Ausência de reação do condutor";"Engavetamento";"Com Vítimas Feridas";"Pleno dia";"Decrescente";"Sol";"Dupla";"Reta";"Sim";3;0;1;0;2;0;1;3;-19,99315397;-44,20713054;"SPRF-MG";"DEL04-MG";"UOP03-DEL04-MG"
533656;2023-07-04;"terça-feira";"13:25:00";"MG";381;590,2;"CARMOPOLIS DE MINAS";"Velocidade Incompatível";"Colisão com objeto";"Com Vítimas Feridas";"Pleno dia";"Decrescente";"Céu Claro";"Simples";"Curva";"Sim";3;0;3;0;0;0;3;1;-20,56679681;-44,67309615;"SPRF-MG";"DEL04-MG";"UOP01-DEL04-MG"
533657;2023-04-11;"terça-feira";"08:30:00";"SP";116;220;"GUARULHOS";"Reação tardia ou ineficiente do condutor";"Colisão traseira";"Com Vítimas Feridas";"Pleno dia";"Crescente";"Céu Claro";"Dupla";"Reta";"Não";2;0;0;1;1;0;1;2;-23,46472809;-46,49793962;"SPRF-SP";"DEL01-SP";"UOP01-DEL01-SP"
533659;2023-07-04;"terça-feira";"14:30:00";"BA";324;556;"TERRA NOVA";"Reação tardia ou ineficiente do condutor";"Colisão transversal";"Com Vítimas Feridas";"Pleno dia";"Crescente";"Céu Claro";"Dupla";"Reta";"Não";3;0;1;0;2;0;1;2;-12,47106487;-38,6824229;"SPRF-BA";"DEL01-BA";"UOP03-DEL01-BA"
533660;2023-07-04;"terça-feira";"15:35:00";"PR";469;13,5;"FOZ DO IGUACU";"Desrespeitar a preferência no cruzamento";"Colisão transversal";"Com Vítimas Feridas";"Pleno dia";"Crescente";"Céu Claro";"Simples";"Interseção de Vias;Reta";"Sim";2;0;1;0;1;0;1;2;-25,5754;-54,5489;"SPRF-PR";"DEL05-PR";"UOP04-DEL05-PR"
533662;2023-06-30;"sexta-feira";"18:00:00";"RJ";393;285;"VOLTA REDONDA";"Conversão proibida";"Colisão transversal";"Sem Vítimas";"Anoitecer";"Crescente";"Céu Claro";"Simples";"Reta";"Sim";2;0;0;0;2;0;0;2;-22,481726;-44,06308602;"SPRF-RJ";"DEL05-RJ";"UOP04-DEL05-RJ"
533663;2023-07-04;"terça-feira";"15:40:00";"RS";472;504,7;"ITAQUI";"Ausência de reação do condutor";"Saída de leito carroçável";"Com Vítimas Feridas";"Pleno dia";"Crescente";"Céu Claro";"Simples";"Reta";"Não";5;0;4;0;0;1;4;2;-29,28483191;-56,59001219;"SPRF-RS";"DEL13-RS";"UOP01-DEL13-RS"
533664;2023-07-04;"terça-feira";"16:30:00";"AL";101;79;"RIO LARGO";"Demais falhas mecânicas ou elétricas";"Incêndio";"Sem Vítimas";"Pleno dia";"Crescente";"Chuva";"Dupla";"Reta";"Não";1;0;0;0;1;0;0;1;-9,440261;-35,836445;"SPRF-AL";"DEL01-AL";"UOP01-DEL01-AL"
533665;2023-06-24;"sábado";"11:00:00";"MG";381;484;"BETIM";"Ausência de reação do condutor";"Engavetamento";"Com Vítimas Feridas";"Pleno dia";"Crescente";"Sol";"Dupla";"Aclive;Reta";"Sim";5;0;1;0;4;0;1;4;-19,95531717;-44,11722196;"SPRF-MG";"DEL01-MG";"UOP03-DEL01-MG"
533667;2023-07-04;"terça-feira";"14:45:00";"GO";153;609;"MORRINHOS";"Acessar a via sem observar a presença dos outros veículos";"Colisão transversal";"Com Vítimas Feridas";"Pleno dia";"Crescente";"Céu Claro";"Dupla";"Reta";"Não";4;0;0;1;3;0;1;2;-17,6289;-49,1774;"SPRF-GO";"DEL03-GO";"UOP01-DEL03-GO"
533668;2023-07-04;"terça-feira";"13:00:00";"RJ";40;102;"DUQUE DE CAXIAS";"Transitar na contramão";"Colisão frontal";"Com Vítimas Feridas";"Pleno dia";"Decrescente";"Céu Claro";"Simples";"Curva;Aclive";"Sim";2;0;1;0;1;0;1;2;-22,61089297;-43,28656077;"SPRF-RJ";"DEL01-RJ";"UOP01-DEL01-RJ"
533671;2023-07-04;"terça-feira";"16:40:00";"SE";101;55;"CARMOPOLIS";"Ausência de reação do condutor";"Saída de leito carroçável";"Com Vítimas Feridas";"Pleno dia";"Crescente";"Céu Claro";"Simples";"Reta;Declive";"Não";1;0;1;0;0;0;1;1;-10,633431;-37,003742;"SPRF-SE";"DEL02-SE";"UOP02-DEL02-SE"
533672;2023-07-04;"terça-feira";"16:20:00";"BA";116;10,6;"VITORIA DA CONQUISTA";"Ausência de reação do condutor";"Colisão transversal";"Com Vítimas Feridas";"Pleno dia";"Decrescente";"Nublado";"Simples";"Retorno Regulamentado";"Sim";2;0;1;0;1;0;1;2;-14,86428872;-40,87283134;"SPRF-BA";"DEL08-BA";"UOP01-DEL08-BA"
533674;2023-07-04;"terça-feira";"16:40:00";"MG";40;554;"NOVA LIMA";"Manobra de mudança de faixa";"Colisão lateral mesmo sentido";"Com Vítimas Feridas";"Pleno dia";"Decrescente";"Céu Claro";"Dupla";"Reta";"Sim";2;0;1;0;1;0;1;2;-20,07715896;-43,98213593;"SPRF-MG";"DEL01-MG";"UOP02-DEL01-MG"
533675;2023-07-04;"terça-feira";"17:20:00";"SC";282;16,3;"PALHOCA";"Transitar no Acostamento";"Colisão transversal";"Com Vítimas Feridas";"Pleno dia";"Decrescente";"Céu Claro";"Simples";"Reta";"Sim";3;0;1;0;2;0;1;2;-27,658611;-48,681847;"SPRF-SC";"DEL01-SC";"UOP02-DEL01-SC"
533677;2023-07-04;"terça-feira";"10:30:00";"MG";40;617;"CONGONHAS";"Ausência de reação do condutor";"Colisão com objeto";"Com Vítimas Feridas";"Pleno dia";"Crescente";"Céu Claro";"Simples";"Interseção de Vias";"Não";1;0;1;0;0;0;1;1;-20,55295397;-43,81450989;"SPRF-MG";"DEL05-MG";"UOP02-DEL05-MG"
533679;2023-07-04;"terça-feira";"17:15:00";"PB";230;10;"CABEDELO";"Ausência de reação do condutor";"Colisão traseira";"Com Vítimas Feridas";"Anoitecer";"Decrescente";"Céu Claro";"Simples";"Reta";"Não";3;0;1;0;0;2;1;3;-7,0514;-34,8499;"SPRF-PB";"DEL01-PB";"UOP01-DEL01-PB"