"id";"data_inversa";"dia_semana";"horario";"uf";"br";"km";"municipio";"causa_acidente";"tipo_acidente";"classificacao_acidente";"fase_dia";"sentido_via";"condicao_metereologica";"tipo_pista";"tracado_via";"uso_solo";"pessoas";"mortos";"feridos_leves";"feridos_graves";"ilesos";"ignorados";"feridos";"veiculos";"latitude";"longitude";"regional";"delegacia";"uop"
533681;2023-07-04;"terça-feira";"15:25:00";"SC";101;384,5;"ICARA";"Reação tardia ou ineficiente do condutor";"Colisão traseira";"Com Vítimas Feridas";"Pleno dia";"Decrescente";"Céu Claro";"Dupla";"Reta";"Não";2;0;1;0;1;0;1;2;-28,77774042;-49,32200432;"SPRF-SC";"DEL02-SC";"UOP02-DEL02-SC"
533682;2023-07-04;"terça-feira";"17:40:00";"DF";0;0;"BRASILIA";"Transitar na contramão";"Colisão frontal";"Sem Vítimas";"Anoitecer";"Não Informado";"Céu Claro";"Dupla";"Retorno Regulamentado";"Sim";4;0;0;0;4;0;0;2;-15,80227216;-47,97075218;"SPRF-DF";"N/A";"N/A"
533683;2023-07-04;"terça-feira";"17:00:00";"RJ";101;274;"TANGUA";"Acessar a via sem observar a presença dos outros veículos";"Atropelamento de Pedestre";"Com Vítimas Fatais";"Anoitecer";"Decrescente";"Céu Claro";"Dupla";"Reta";"Não";6;1;0;0;5;0;0;2;-22,73506292;-42,71948103;"SPRF-RJ";"DEL02-RJ";"UOP03-DEL02-RJ"
533684;2023-07-04;"terça-feira";"17:40:00";"MG";146;489,6;"POCOS DE CALDAS";"Condutor deixou de manter distância do veículo da frente";"Colisão traseira";"Com Vítimas Feridas";"Pleno dia";"Decrescente";"Céu Claro";"Dupla";"Aclive;Rotatória";"Sim";3;0;1;0;2;0;1;2;-21,8079502;-46,4715782;"SPRF-MG";"DEL09-MG";"UOP01-DEL09-MG"
533689;2023-07-04;"terça-feira";"18:25:00";"SC";282;3,6;"FLORIANOPOLIS";"Ausência de reação do condutor";"Colisão traseira";"Com Vítimas Feridas";"Plena Noite";"Crescente";"Céu Claro";"Múltipla";"Reta";"Não";2;0;1;0;1;0;1;2;-27,600384;-48,599705;"SPRF-SC";"DEL01-SC";"UOP01-DEL01-SC"
533690;2023-07-04;"terça-feira";"18:00:00";"AL";101;185,1;"JUNQUEIRO";"Acessar a via sem observar a presença dos outros veículos";"Atropelamento de Pedestre";"Com Vítimas Fatais";"Plena Noite";"Crescente";"Nublado";"Dupla";"Reta";"Sim";3;1;0;0;2;0;0;2;-9,89778998;-36,447429;"SPRF-AL";"DEL02-AL";"UOP02-DEL02-AL"
533692;2023-07-04;"terça-feira";"17:30:00";"MG";116;699,6;"MURIAE";"Acessar a via sem observar a presença dos outros veículos";"Colisão traseira";"Com Vítimas Feridas";"Plena Noite";"Decrescente";"Nublado";"Simples";"Reta";"Sim";3;0;2;0;1;0;2;2;-21,09470198;-42,37369904;"SPRF-MG";"DEL07-MG";"UOP02-DEL07-MG"
533693;2023-07-04;"terça-feira";"18:00:00";"ES";101;243,2;"SERRA";"Pedestre andava na pista";"Atropelamento de Pedestre";"Com Vítimas Feridas";"Plena Noite";"Crescente";"Céu Claro";"Simples";"Reta";"Sim";3;0;0;1;1;1;1;2;-20,04007795;-40,39273658;"SPRF-ES";"DEL02-ES";"UOP01-DEL02-ES"
533694;2023-07-04;"terça-feira";"18:30:00";"PR";116;9;"QUATRO BARRAS";"Animais na Pista";"Atropelamento de Animal";"Com Vítimas Feridas";"Plena Noite";"Decrescente";"Céu Claro";"Dupla";"Reta";"Sim";2;0;2;0;0;0;2;1;-25,3708;-49,1246;"SPRF-PR";"DEL01-PR";"UOP02-DEL01-PR"
533696;2023-07-04;"terça-feira";"18:25:00";"ES";262;42,1;"DOMINGOS MARTINS";"Reação tardia ou ineficiente do condutor";"Colisão frontal";"Com Vítimas Feridas";"Plena Noite";"Decrescente";"Chuva";"Simples";"Curva";"Não";3;0;2;0;1;0;2;2;-20,38524458;-40,65385185;"SPRF-ES";"DEL01-ES";"UOP01-DEL01-ES"
533697;2023-07-04;"terça-feira";"18:50:00";"PR";277;82;"SAO JOSE DOS PINHAIS";"Manobra de mudança de faixa";"Colisão lateral mesmo sentido";"Com Vítimas Feridas";"Plena Noite";"Decrescente";"Céu Claro";"Dupla";"Reta";"Não";2;0;1;0;1;0;1;2;-25,568939;-49,181978;"SPRF-PR";"DEL01-PR";"UOP01-DEL01-PR"
533698;2023-07-04;"terça-feira";"18:15:00";"MG";40;546;"NOVA LIMA";"Reação tardia ou ineficiente do condutor";"Engavetamento";"Com Vítimas Feridas";"Plena Noite";"Decrescente";"Céu Claro";"Dupla";"Reta;Declive";"Não";4;0;1;0;3;0;1;4;-20,01444685;-43,96893823;"SPRF-MG";"DEL01-MG";"UOP02-DEL01-MG"
533699;2023-07-04;"terça-feira";"19:15:00";"RS";285;416,5;"PANAMBI";"Desrespeitar a preferência no cruzamento";"Colisão transversal";"Com Vítimas Feridas";"Plena Noite";"Crescente";"Céu Claro";"Simples";"Interseção de Vias";"Sim";3;0;2;0;1;0;2;2;-28,34552941;-53,52885604;"SPRF-RS";"DEL10-RS";"UOP01-DEL10-RS"
533700;2023-07-04;"terça-feira";"16:20:00";"RO";435;23;"VILHENA";"Reação tardia ou ineficiente do condutor";"Saída de leito carroçável";"Com Vítimas Feridas";"Pleno dia";"Decrescente";"Céu Claro";"Simples";"Reta";"Não";1;0;1;0;0;0;1;1;-12,77167397;-60,31934402;"SPRF-RO";"DEL04-RO";"UOP02-DEL04-RO"
533701;2023-03-24;"sexta-feira";"09:30:00";"SC";282;0,5;"FLORIANOPOLIS";"Ausência de reação do condutor";"Colisão traseira";"Com Vítimas Feridas";"Pleno dia";"Decrescente";"Céu Claro";"Múltipla";"Reta";"Não";4;0;2;0;2;0;2;3;-27,59845;-48,571995;"SPRF-SC";"DEL01-SC";"UOP01-DEL01-SC"
533703;2023-07-04;"terça-feira";"18:05:00";"ES";101;242,8;"SERRA";"Pedestre andava na pista";"Atropelamento de Pedestre";"Com Vítimas Feridas";"Plena Noite";"Crescente";"Céu Claro";"Simples";"Curva";"Sim";2;0;1;1;0;0;2;2;-20,0321348;-40,39675773;"SPRF-ES";"DEL02-ES";"UOP01-DEL02-ES"
533704;2023-07-04;"terça-feira";"19:30:00";"RJ";116;106;"GUAPIMIRIM";"Velocidade Incompatível";"Tombamento";"Com Vítimas Feridas";"Plena Noite";"Decrescente";"Céu Claro";"Simples";"Reta";"Não";2;0;0;2;0;0;2;1;-22,521951;-43,00070097;"SPRF-RJ";"DEL04-RJ";"UOP01-DEL04-RJ"
533705;2023-07-04;"terça-feira";"18:24:00";"PE";232;66;"CARUARU";"Reação tardia ou ineficiente do condutor";"Colisão traseira";"Com Vítimas Feridas";"Plena Noite";"Crescente";"Garoa/Chuvisco";"Dupla";"Reta";"Sim";4;0;3;0;1;0;3;3;-8,28796944;-35,98436058;"SPRF-PE";"DEL02-PE";"UOP02-DEL02PE"
533707;2023-07-04;"terça-feira";"19:00:00";"RJ";116;174;"RIO DE JANEIRO";"Manobra de mudança de faixa";"Colisão lateral mesmo sentido";"Com Vítimas Feridas";"Plena Noite";"Crescente";"Céu Claro";"Dupla";"Reta";"Não";5;0;1;0;4;0;1;2;-22,79423806;-43,36403759;"SPRF-RJ";"DEL01-RJ";"UOP02-DEL01-RJ"
533708;2023-07-04;"terça-feira";"18:15:00";"MG";116;441;"ENGENHEIRO CALDAS";"Afundamento ou ondulação no pavimento";"Queda de ocupante de veículo";"Com Vítimas Feridas";"Plena Noite";"Crescente";"Céu Claro";"Simples";"Reta;Em Obras";"Não";1;0;1;0;0;0;1;1;-19,08450198;-41,99845794;"SPRF-MG";"DEL06-MG";"UOP01-DEL06-MG"
533709;2023-07-04;"terça-feira";"20:20:00";"MG";50;176;"UBERABA";"Ausência de reação do condutor";"Queda de ocupante de veículo";"Com Vítimas Feridas";"Plena Noite";"Decrescente";"Céu Claro";"Dupla";"Reta";"Não";2;0;1;0;1;0;1;1;-19,77919981;-47,960032;"SPRF-MG";"DEL13-MG";"UOP01-DEL13-MG"
533712;2023-07-04;"terça-feira";"20:40:00";"SP";101;44;"UBATUBA";"Ausência de reação do condutor";"Colisão com objeto";"Sem Vítimas";"Plena Noite";"Decrescente";"Céu Claro";"Simples";"Reta";"Sim";1;0;0;0;1;0;0;1;-23,41014346;-45,06455371;"SPRF-SP";"DEL06-SP";"UOP01-DEL06-SP"
533714;2023-07-04;"terça-feira";"19:20:00";"PA";230;3;"ALTAMIRA";"Reação tardia ou ineficiente do condutor";"Tombamento";"Com Vítimas Feridas";"Plena Noite";"Crescente";"Céu Claro";"Simples";"Reta";"Não";1;0;0;1;0;0;1;1;-3,203721;-52,206787;"SPRF-PA";"DEL04-PA";"UOP01-DEL04-PA"
533718;2023-07-04;"terça-feira";"21:30:00";"SC";470;47;"BLUMENAU";"Pista esburacada";"Tombamento";"Com Vítimas Feridas";"Plena Noite";"Decrescente";"Céu Claro";"Simples";"Reta;Desvio Temporário;Em Obras";"Não";1;0;1;0;0;0;1;1;-26,864044;-49,046516;"SPRF-SC";"DEL04-SC";"UOP01-DEL04-SC"
533719;2023-07-04;"terça-feira";"18:30:00";"BA";135;20;"FORMOSA DO RIO PRETO";"Reação tardia ou ineficiente do condutor";"Colisão lateral sentido oposto";"Com Vítimas Feridas";"Plena Noite";"Crescente";"Céu Claro";"Simples";"Reta";"Não";3;0;1;0;2;0;1;2;-10,99912297;-45,20659031;"SPRF-BA";"DEL08-BA";"UOP04-DEL08-BA"
533721;2023-07-04;"terça-feira";"18:50:00";"PE";232;394;"SERRA TALHADA";"Animais na Pista";"Atropelamento de Animal";"Com Vítimas Feridas";"Plena Noite";"Crescente";"Nublado";"Simples";"Reta";"Não";2;0;2;0;0;0;2;1;-8,02725978;-38,17461297;"SPRF-PE";"DEL04-PE";"UOP01-DEL04-PE"
533722;2023-07-04;"terça-feira";"20:30:00";"PR";116;85,7;"PIRAQUARA";"Acessar a via sem observar a presença dos outros veículos";"Colisão traseira";"Com Vítimas Feridas";"Plena Noite";"Decrescente";"Céu Claro";"Dupla";"Reta";"Não";4;0;1;0;3;0;1;2;-25,462834;-49,089172;"SPRF-PR";"DEL01-PR";"UOP07-DEL01-PR"
533723;2023-07-04;"terça-feira";"18:00:00";"CE";20;122,1;"TAUA";"Pista esburacada";"Capotamento";"Com Vítimas Feridas";"Anoitecer";"Decrescente";"Céu Claro";"Simples";"Reta";"Não";2;0;1;0;1;0;1;1;-5,71061795;-40,13388625;"SPRF-CE";"DEL02-CE";"UOP02-DEL02-CE"
533724;2023-07-04;"terça-feira";"20:50:00";"PR";369;174;"ROLANDIA";"Acesso irregular";"Colisão frontal";"Com Vítimas Feridas";"Plena Noite";"Crescente";"Céu Claro";"Simples";"Reta";"Sim";2;0;0;1;1;0;1;2;-23,31564343;-51,3760668;"SPRF-PR";"DEL07-PR";"UOP01-DEL07-PR"
533725;2023-07-04;"terça-feira";"20:30:00";"PR";369;91;"CORNELIO PROCOPIO";"Animais na Pista";"Atropelamento de Animal";"Com Vítimas Feridas";"Plena Noite";"Decrescente";"Céu Claro";"Simples";"Reta";"Não";1;0;0;1;0;0;1;1;-23,20017191;-50,65388203;"SPRF-PR";"DEL07-PR";"UOP05-DEL07-PR"
533726;2023-07-03;"segunda-feira";"19:25:00";"RJ";40;106;"DUQUE DE CAXIAS";"Frear bruscamente";"Colisão lateral mesmo sentido";"Com Vítimas Feridas";"Plena Noite";"Decrescente";"Céu Claro";"Dupla";"Reta";"Sim";5;0;2;0;3;0;2;2;-22,64679;-43,283726;"SPRF-RJ";"DEL01-RJ";"UOP01-DEL01-RJ"
533727;2023-07-04;"terça-feira";"22:15:00";"MG";116;583,6;"MANHUACU";"Ausência de reação do condutor";"Saída de leito carroçável";"Com Vítimas Feridas";"Plena Noite";"Crescente";"Céu Claro";"Simples";"Reta;Aclive";"Não";1;0;1;0;0;0;1;1;-20,21424995;-42,18135561;"SPRF-MG";"DEL06-MG";"UOP03-DEL06-MG"
533730;2023-07-04;"terça-feira";"22:05:00";"SC";101;282,3;"IMBITUBA";"Ausência de reação do condutor";"Colisão com objeto";"Com Vítimas Feridas";"Plena Noite";"Decrescente";"Céu Claro";"Dupla";"Reta";"Não";1;0;1;0;0;0;1;1;-28,19626005;-48,69739859;"SPRF-SC";"DEL02-SC";"UOP03-DEL02-SC"
533731;2023-07-04;"terça-feira";"21:00:00";"GO";153;515,5;"APARECIDA DE GOIANIA";"Acessar a via sem observar a presença dos outros veículos";"Colisão transversal";"Com Vítimas Fatais";"Plena Noite";"Crescente";"Céu Claro";"Dupla";"Reta";"Sim";4;1;0;3;0;0;3;2;-16,8413;-49,2454;"SPRF-GO";"DEL01-GO";"UOP03-DEL01-GO"
533733;2023-07-05;"quarta-feira";"00:30:00";"CE";222;1,2;"FORTALEZA";"Condutor Dormindo";"Colisão com objeto";"Com Vítimas Feridas";"Plena Noite";"Decrescente";"Céu Claro";"Múltipla";"Reta";"Sim";1;0;1;0;0;0;1;1;-3,737804;-38,578061;"SPRF-CE";"DEL01-CE";"UOP01-DEL01-CE"
533734;2023-07-04;"terça-feira";"23:50:00";"PE";101;86;"JABOATAO DOS GUARARAPES";"Manobra de mudança de faixa";"Colisão lateral mesmo sentido";"Com Vítimas Feridas";"Plena Noite";"Crescente";"Chuva";"Dupla";"Reta";"Sim";2;0;1;0;0;1;1;2;-8,18470013;-34,96816895;"SPRF-PE";"DEL01-PE";"UOP01-DEL01-PE"
533735;2023-07-04;"terça-feira";"18:40:00";"RJ";101;56;"CAMPOS DOS GOYTACAZES";"Reação tardia ou ineficiente do condutor";"Queda de ocupante de veículo";"Sem Vítimas";"Plena Noite";"Crescente";"Nublado";"Simples";"Interseção de Vias;Reta";"Sim";1;0;0;0;0;1;0;1;-21,68938021;-41,31046593;"SPRF-RJ";"DEL08-RJ";"UOP01-DEL08-RJ"
533736;2023-07-05;"quarta-feira";"00:43:00";"GO";20;5,5;"FORMOSA";"Ausência de reação do condutor";"Colisão com objeto";"Com Vítimas Feridas";"Plena Noite";"Crescente";"Céu Claro";"Simples";"Em Obras;Declive";"Sim";1;0;1;0;0;0;1;1;-15,555275;-47,306908;"SPRF-DF";"DEL02-DF";"UOP02-DEL02-DF"
533737;2023-07-05;"quarta-feira";"00:30:00";"MG";116;584;"MANHUACU";"Acessar a via sem observar a presença dos outros veículos";"Colisão transversal";"Com Vítimas Feridas";"Plena Noite";"Crescente";"Céu Claro";"Dupla";"Aclive";"Não";2;0;1;0;1;0;1;2;-20,22302088;-42,17880872;"SPRF-MG";"DEL06-MG";"UOP03-DEL06-MG"
533740;2023-07-05;"quarta-feira";"02:00:00";"SC";101;129,2;"BALNEARIO CAMBORIU";"Ingestão de álcool pelo condutor";"Colisão com objeto";"Sem Vítimas";"Plena Noite";"Crescente";"Nublado";"Dupla";"Curva";"Não";1;0;0;0;1;0;0;1;-26,98064277;-48,6790679;"SPRF-SC";"DEL04-SC";"UOP03-DEL04-SC"
533742;2023-07-05;"quarta-feira";"02:40:00";"SP";116;59,5;"GUARATINGUETA";"Demais falhas mecânicas ou elétricas";"Colisão com objeto";"Com Vítimas Feridas";"Plena Noite";"Crescente";"Céu Claro";"Dupla";"Reta";"Sim";1;0;1;0;0;0;1;1;-22,78555649;-45,15339465;"SPRF-SP";"DEL08-SP";"UOP01-DEL08-SP"
533743;2023-07-05;"quarta-feira";"04:20:00";"SC";101;199;"SAO JOSE";"Ausência de reação do condutor";"Queda de ocupante de veículo";"Sem Vítimas";"Plena Noite";"Decrescente";"Céu Claro";"Múltipla";"Reta";"Não";1;0;0;0;0;1;0;1;-27,53413705;-48,63003205;"SPRF-SC";"DEL01-SC";"UOP01-DEL01-SC"
533746;2023-07-05;"quarta-feira";"06:10:00";"SC";101;199,1;"BIGUACU";"Reação tardia ou ineficiente do condutor";"Colisão traseira";"Com Vítimas Feridas";"Amanhecer";"Crescente";"Céu Claro";"Dupla";"Reta";"Sim";3;0;2;0;1;0;2;2;-27,53413705;-48,63003205;"SPRF-SC";"DEL01-SC";"UOP01-DEL01-SC"
533747;2023-07-05;"quarta-feira";"05:50:00";"GO";70;0;"AGUAS LINDAS DE GOIAS";"Ausência de reação do condutor";"Saída de leito carroçável";"Com Vítimas Feridas";"Amanhecer";"Decrescente";"Céu Claro";"Dupla";"Curva;Declive";"Não";1;0;1;0;0;0;1;1;-15,783543;-48,2326;"SPRF-DF";"DEL03-DF";"UOP02-DEL03-DF"
533749;2023-07-05;"quarta-feira";"05:30:00";"RJ";116;182;"NOVA IGUACU";"Trafegar com motocicleta (ou similar) entre as faixas";"Colisão traseira";"Com Vítimas Feridas";"Amanhecer";"Decrescente";"Céu Claro";"Dupla";"Reta";"Sim";2;0;0;1;1;0;1;2;-22,7567755;-43,43107234;"SPRF-RJ";"DEL01-RJ";"UOP02-DEL01-RJ"
533751;2023-07-05;"quarta-feira";"06:30:00";"DF";70;10;"BRASILIA";"Acessar a via sem observar a presença dos outros veículos";"Colisão traseira";"Com Vítimas Feridas";"Pleno dia";"Crescente";"Céu Claro";"Dupla";"Reta";"Sim";2;0;1;0;1;0;1;2;-15,784615;-48,132023;"SPRF-DF";"DEL03-DF";"UOP02-DEL03-DF"
533753;2023-07-04;"terça-feira";"21:50:00";"RJ";40;123;"DUQUE DE CAXIAS";"Objeto estático sobre o leito carroçável";"Colisão traseira";"Com Vítimas Feridas";"Plena Noite";"Decrescente";"Céu Claro";"Múltipla";"Reta";"Sim";2;0;1;0;1;0;1;2;-22,79907687;-43,29015739;"SPRF-RJ";"DEL01-RJ";"UOP01-DEL01-RJ"
533756;2023-06-28;"quarta-feira";"06:40:00";"MG";40;517,6;"RIBEIRAO DAS NEVES";"Acessar a via sem observar a presença dos outros veículos";"Colisão transversal";"Com Vítimas Feridas";"Pleno dia";"Crescente";"Céu Claro";"Dupla";"Reta";"Sim";2;0;1;0;1;0;1;2;-19,82351202;-44,08438913;"SPRF-MG";"DEL01-MG";"UOP02-DEL01-MG"
533757;2023-07-05;"quarta-feira";"07:00:00";"PR";376;2,2;"MARINGA";"Demais falhas mecânicas ou elétricas";"Incêndio";"Sem Vítimas";"Pleno dia";"Decrescente";"Sol";"Dupla";"Reta;Aclive";"Não";1;0;0;0;1;0;0;1;-23,39417871;-51,97318554;"SPRF-PR";"DEL09-PR";"UOP01-DEL09-PR"
533759;2023-07-05;"quarta-feira";"01:20:00";"MT";163;589;"NOVA MUTUM";"Reação tardia ou ineficiente do condutor";"Saída de leito carroçável";"Com Vítimas Feridas";"Plena Noite";"Decrescente";"Vento";"Simples";"Reta";"Não";2;0;1;0;1;0;1;1;-14,00516903;-56,09818679;"SPRF-MT";"DEL01-MT";"UOP01-DEL01-MT"
533760;2023-07-05;"quarta-feira";"01:30:00";"SP";116;273,2;"TABOAO DA SERRA";"Reação tardia ou ineficiente do condutor";"Colisão com objeto";"Com Vítimas Feridas";"Plena Noite";"Crescente";"Céu Claro";"Múltipla";"Reta";"Sim";2;0;1;0;1;0;1;1;-23,62809795;-46,81870306;"SPRF-SP";"DEL04-SP";"UOP01-DEL04-SP"
533761;2023-07-05;"quarta-feira";"08:10:00";"RJ";40;120;"DUQUE DE CAXIAS";"Condutor deixou de manter distância do veículo da frente";"Colisão traseira";"Sem Vítimas";"Pleno dia";"Crescente";"Céu Claro";"Dupla";"Reta";"Sim";2;0;0;0;2;0;0;2;-22,77280597;-43,28626763;"SPRF-RJ";"DEL01-RJ";"UOP01-DEL01-RJ"
533763;2023-07-05;"quarta-feira";"05:30:00";"MT";174;290;"PONTES E LACERDA";"Pedestre cruzava a pista fora da faixa";"Atropelamento de Pedestre";"Com Vítimas Feridas";"Amanhecer";"Decrescente";"Céu Claro";"Simples";"Reta";"Sim";4;0;1;0;3;0;1;2;-15,21535504;-59,32007434;"SPRF-MT";"DEL04-MT";"UOP01-DEL04-MT"
533764;2023-07-05;"quarta-feira";"08:30:00";"AL";316;140;"ESTRELA DE ALAGOAS";"Acessar a via sem observar a presença dos outros veículos";"Colisão frontal";"Com Vítimas Feridas";"Pleno dia";"Crescente";"Céu Claro";"Simples";"Reta";"Sim";2;0;0;1;1;0;1;2;-9,39046832;-36,75850007;"SPRF-AL";"DEL03-AL";"UOP01-DEL03-AL"
533765;2023-07-05;"quarta-feira";"07:45:00";"MS";163;477,3;"CAMPO GRANDE";"Acessar a via sem observar a presença dos outros veículos";"Colisão transversal";"Com Vítimas Feridas";"Pleno dia";"Decrescente";"Céu Claro";"Simples";"Reta";"Não";2;0;1;0;1;0;1;2;-20,50427591;-54,55557367;"SPRF-MS";"DEL01-MS";"UOP01-DEL01-MS"
533767;2023-07-05;"quarta-feira";"07:50:00";"BA";101;878;"TEIXEIRA DE FREITAS";"Acessar a via sem observar a presença dos outros veículos";"Queda de ocupante de veículo";"Com Vítimas Feridas";"Pleno dia";"Decrescente";"Chuva";"Simples";"Interseção de Vias;Reta";"Sim";2;0;1;0;1;0;1;2;-17,549315;-39,720692;"SPRF-BA";"DEL09-BA";"UOP02-DEL09-BA"
533768;2023-07-05;"quarta-feira";"09:00:00";"PE";101;87;"JABOATAO DOS GUARARAPES";"Condutor deixou de manter distância do veículo da frente";"Colisão traseira";"Com Vítimas Feridas";"Pleno dia";"Decrescente";"Céu Claro";"Dupla";"Reta";"Não";2;0;1;0;1;0;1;2;-8,19120206;-34,97449985;"SPRF-PE";"DEL01-PE";"UOP01-DEL01-PE"
533770;2023-06-19;"segunda-feira";"18:10:00";"RS";290;92;"PORTO ALEGRE";"Reação tardia ou ineficiente do condutor";"Colisão traseira";"Com Vítimas Feridas";"Anoitecer";"Decrescente";"Céu Claro";"Dupla";"Reta";"Sim";5;0;1;0;4;0;1;5;-29,971916;-51,176838;"SPRF-RS";"DEL01-RS";"UOP01-DEL01-RS"
533771;2023-07-05;"quarta-feira";"08:40:00";"SP";116;216,5;"GUARULHOS";"Reação tardia ou ineficiente do condutor";"Tombamento";"Com Vítimas Feridas";"Pleno dia";"Crescente";"Céu Claro";"Múltipla";"Reta";"Sim";1;0;1;0;0;0;1;1;-23,45056589;-46,46258105;"SPRF-SP";"DEL01-SP";"UOP01-DEL01-SP"
533772;2023-07-05;"quarta-feira";"07:50:00";"PR";277;122;"CAMPO LARGO";"Ausência de reação do condutor";"Colisão traseira";"Sem Vítimas";"Pleno dia";"Decrescente";"Céu Claro";"Dupla";"Reta";"Sim";1;0;0;0;0;1;0;1;-25,445843;-49,567687;"SPRF-PR";"DEL03-PR";"UOP03-DEL03-PR"
533774;2023-07-05;"quarta-feira";"06:30:00";"RJ";116;173;"SAO JOAO DE MERITI";"Manobra de mudança de faixa";"Queda de ocupante de veículo";"Com Vítimas Feridas";"Pleno dia";"Decrescente";"Céu Claro";"Múltipla";"Reta";"Sim";2;0;0;1;1;0;1;2;-22,79810324;-43,35726614;"SPRF-RJ";"DEL01-RJ";"UOP02-DEL01-RJ"
533775;2023-07-05;"quarta-feira";"07:45:00";"PR";153;103,5;"IBAITI";"Acessar a via sem observar a presença dos outros veículos";"Colisão transversal";"Com Vítimas Feridas";"Pleno dia";"Decrescente";"Céu Claro";"Simples";"Reta";"Não";2;0;0;1;1;0;1;2;-23,79999178;-50,17971039;"SPRF-PR";"DEL07-PR";"UOP04-DEL07-PR"
533777;2023-07-05;"quarta-feira";"10:10:00";"GO";153;492;"GOIANIA";"Acessar a via sem observar a presença dos outros veículos";"Colisão traseira";"Com Vítimas Feridas";"Pleno dia";"Decrescente";"Céu Claro";"Dupla";"Reta";"Sim";3;0;3;0;0;0;3;2;-16,6461;-49,2114;"SPRF-GO";"DEL01-GO";"UOP01-DEL01-GO"
533778;2023-07-05;"quarta-feira";"09:50:00";"PB";101;89;"JOAO PESSOA";"Condutor deixou de manter distância do veículo da frente";"Colisão traseira";"Sem Vítimas";"Pleno dia";"Decrescente";"Nublado";"Dupla";"Reta;Declive";"Sim";4;0;0;0;3;1;0;4;-7,1710694;-34,89765372;"SPRF-PB";"DEL01-PB";"UOP02-DEL01-PB"
533779;2023-05-06;"sábado";"19:00:00";"RS";116;263;"CANOAS";"Manobra de mudança de faixa";"Colisão lateral mesmo sentido";"Com Vítimas Feridas";"Plena Noite";"Decrescente";"Garoa/Chuvisco";"Múltipla";"Reta";"Sim";2;0;1;0;1;0;1;2;-29,90628224;-51,17681623;"SPRF-RS";"DEL01-RS";"UOP01-DEL01-RS"
533782;2023-07-05;"quarta-feira";"09:00:00";"PR";277;453,9;"LARANJEIRAS DO SUL";"Desrespeitar a preferência no cruzamento";"Colisão transversal";"Com Vítimas Feridas";"Pleno dia";"Crescente";"Céu Claro";"Simples";"Interseção de Vias;Declive;Curva";"Sim";2;0;0;1;1;0;1;2;-25,36980336;-52,37913399;"SPRF-PR";"DEL04-PR";"UOP02-DEL04-PR"
533784;2023-07-05;"quarta-feira";"10:30:00";"RS";116;255;"ESTEIO";"Trafegar com motocicleta (ou similar) entre as faixas";"Colisão lateral mesmo sentido";"Com Vítimas Feridas";"Pleno dia";"Crescente";"Nublado";"Múltipla";"Reta";"Sim";3;0;1;0;2;0;1;2;-29,832851;-51,174426;"SPRF-RS";"DEL01-RS";"UOP02-DEL01-RS"
533785;2023-07-05;"quarta-feira";"10:45:00";"MG";381;442;"SABARA";"Manobra de mudança de faixa";"Colisão lateral mesmo sentido";"Sem Vítimas";"Pleno dia";"Crescente";"Sol";"Simples";"Reta";"Não";2;0;0;0;2;0;0;2;-19,81160206;-43,79604396;"SPRF-MG";"DEL01-MG";"UOP01-DEL01-MG"
533786;2023-06-23;"sexta-feira";"11:24:00";"PR";369;424,8;"JURANDA";"Acessar a via sem observar a presença dos outros veículos";"Colisão transversal";"Com Vítimas Feridas";"Pleno dia";"Decrescente";"Nublado";"Simples";"Reta;Interseção de Vias";"Sim";4;0;1;1;1;1;2;3;-24,4104;-52,8178;"SPRF-PR";"DEL04-PR";"UOP03-DEL04-PR"
533787;2023-07-05;"quarta-feira";"08:45:00";"BA";116;356;"SERRINHA";"Acessar a via sem observar a presença dos outros veículos";"Colisão transversal";"Com Vítimas Feridas";"Pleno dia";"Crescente";"Nublado";"Simples";"Reta";"Sim";2;0;2;0;0;0;2;2;-11,64321505;-38,98662592;"SPRF-BA";"DEL02-BA";"UOP01-DEL02-BA"
533788;2023-06-30;"sexta-feira";"09:00:00";"AM";230;611;"HUMAITA";"Acessar a via sem observar a presença dos outros veículos";"Colisão transversal";"Com Vítimas Feridas";"Pleno dia";"Crescente";"Sol";"Simples";"Reta;Interseção de Vias";"Sim";3;0;1;1;1;0;2;3;-7,50096463;-63,02816105;"SPRF-AM";"DEL01-AM";"UOP05-DEL01-AM"
533789;2023-06-17;"sábado";"20:50:00";"RJ";465;2;"SEROPEDICA";"Acessar a via sem observar a presença dos outros veículos";"Colisão lateral mesmo sentido";"Com Vítimas Feridas";"Plena Noite";"Crescente";"Céu Claro";"Simples";"Reta";"Não";2;0;0;1;1;0;1;2;-22,731956;-43,7142992;"SPRF-RJ";"DEL01-RJ";"UOP03-DEL01-RJ"
533791;2023-07-05;"quarta-feira";"10:40:00";"MT";70;76,3;"GENERAL CARNEIRO";"Velocidade Incompatível";"Saída de leito carroçável";"Com Vítimas Feridas";"Pleno dia";"Decrescente";"Sol";"Simples";"Curva;Declive";"Não";5;0;1;2;2;0;3;1;-15,66981683;-52,80132294;"SPRF-MT";"DEL07-MT";"UOP01-DEL07-MT"