"id";"data_inversa";"dia_semana";"horario";"uf";"br";"km";"municipio";"causa_acidente";"tipo_acidente";"classificacao_acidente";"fase_dia";"sentido_via";"condicao_metereologica";"tipo_pista";"tracado_via";"uso_solo";"pessoas";"mortos";"feridos_leves";"feridos_graves";"ilesos";"ignorados";"feridos";"veiculos";"latitude";"longitude";"regional";"delegacia";"uop"
533891;2023-07-05;"quarta-feira";"18:00:00";"BA";110;341;"ALAGOINHAS";"Transitar na contramão";"Colisão frontal";"Com Vítimas Feridas";"Anoitecer";"Decrescente";"Céu Claro";"Simples";"Curva";"Não";3;0;2;0;1;0;2;2;-12,21614599;-38,41432082;"SPRF-BA";"DEL01-BA";"UOP04-DEL01-BA"
533892;2023-07-05;"quarta-feira";"19:25:00";"BA";324;526;"FEIRA DE SANTANA";"Animais na Pista";"Atropelamento de Animal";"Com Vítimas Feridas";"Plena Noite";"Crescente";"Nublado";"Dupla";"Reta";"Sim";2;0;2;0;0;0;2;1;-12,30639712;-38,89051509;"SPRF-BA";"DEL01-BA";"UOP03-DEL01-BA"
533893;2023-07-05;"quarta-feira";"20:20:00";"RJ";493;57;"DUQUE DE CAXIAS";"Manobra de mudança de faixa";"Colisão lateral mesmo sentido";"Com Vítimas Feridas";"Plena Noite";"Crescente";"Nublado";"Dupla";"Reta";"Não";4;0;2;0;2;0;2;2;-22,672089;-43,285053;"SPRF-RJ";"DEL01-RJ";"UOP01-DEL01-RJ"
533894;2023-07-05;"quarta-feira";"19:00:00";"BA";101;490;"ITAJUIPE";"Acessar a via sem observar a presença dos outros veículos";"Colisão transversal";"Com Vítimas Feridas";"Plena Noite";"Decrescente";"Garoa/Chuvisco";"Simples";"Interseção de Vias;Reta";"Não";4;0;1;0;3;0;1;2;-14,694935;-39,365229;"SPRF-BA";"DEL05-BA";"UOP01-DEL05-BA"
533896;2023-06-27;"terça-feira";"17:00:00";"MS";163;484;"CAMPO GRANDE";"Retorno proibido";"Colisão frontal";"Com Vítimas Feridas";"Anoitecer";"Crescente";"Céu Claro";"Simples";"Reta";"Não";3;0;3;0;0;0;3;2;-20,44643626;-54,54102516;"SPRF-MS";"DEL01-MS";"UOP02-DEL01-MS"
533899;2023-07-05;"quarta-feira";"14:33:00";"RO";364;709;"PORTO VELHO";"Acessar a via sem observar a presença dos outros veículos";"Colisão transversal";"Sem Vítimas";"Pleno dia";"Decrescente";"Céu Claro";"Dupla";"Interseção de Vias;Reta";"Sim";2;0;0;0;2;0;0;2;-8,7909383;-63,84895617;"SPRF-RO";"DEL01-RO";"UOP01-DEL01-RO"
533909;2023-07-05;"quarta-feira";"15:00:00";"BA";101;867;"TEIXEIRA DE FREITAS";"Reação tardia ou ineficiente do condutor";"Saída de leito carroçável";"Com Vítimas Feridas";"Pleno dia";"Crescente";"Chuva";"Simples";"Reta";"Não";1;0;0;1;0;0;1;1;-17,65679897;-39,77184322;"SPRF-BA";"DEL09-BA";"UOP02-DEL09-BA"
533922;2023-07-05;"quarta-feira";"12:30:00";"MG";262;444,1;"NOVA SERRANA";"Acessar a via sem observar a presença dos outros veículos";"Colisão transversal";"Com Vítimas Feridas";"Pleno dia";"Crescente";"Sol";"Dupla";"Interseção de Vias";"Sim";3;0;1;2;0;0;3;2;-19,881131;-44,931502;"SPRF-MG";"DEL08-MG";"UOP03-DEL08-MG"
533926;2023-07-05;"quarta-feira";"14:00:00";"RO";425;65;"NOVA MAMORE";"Animais na Pista";"Atropelamento de Animal";"Sem Vítimas";"Pleno dia";"Crescente";"Céu Claro";"Simples";"Reta";"Não";2;0;0;0;2;0;0;1;-10,11185;-65,290886;"SPRF-RO";"DEL01-RO";"UOP03-DEL01-RO"
533928;2023-07-05;"quarta-feira";"20:20:00";"RO";364;343;"JI-PARANA";"Condutor desrespeitou a iluminação vermelha do semáforo";"Atropelamento de Pedestre";"Com Vítimas Feridas";"Plena Noite";"Crescente";"Céu Claro";"Simples";"Interseção de Vias;Reta";"Sim";4;0;1;0;1;2;1;2;-10,87878519;-61,94499012;"SPRF-RO";"DEL02-RO";"UOP01-DEL02-RO"
533929;2023-07-05;"quarta-feira";"19:00:00";"BA";242;296;"LAJEDINHO";"Velocidade Incompatível";"Tombamento";"Com Vítimas Fatais";"Plena Noite";"Crescente";"Chuva";"Simples";"Curva";"Não";3;2;1;0;0;0;1;1;-12,445658;-40,85776;"SPRF-BA";"DEL06-BA";"UOP02-DEL06-BA"
533930;2023-07-05;"quarta-feira";"21:30:00";"MA";222;664;"ACAILANDIA";"Ausência de reação do condutor";"Tombamento";"Com Vítimas Feridas";"Plena Noite";"Decrescente";"Céu Claro";"Simples";"Reta";"Sim";1;0;0;1;0;0;1;1;-4,88920755;-47,37657969;"SPRF-MA";"DEL04-MA";"UOP03-DEL04-MA"
533932;2023-06-11;"domingo";"15:45:00";"RR";401;6;"BONFIM";"Transitar na contramão";"Colisão frontal";"Com Vítimas Feridas";"Pleno dia";"Crescente";"Céu Claro";"Simples";"Reta";"Não";4;0;0;1;3;0;1;2;3,3593671;-59,83377;"SPRF-RR";"DEL01-RR";"UOP01-DEL01-RR"
533937;2023-07-05;"quarta-feira";"22:50:00";"PI";316;318;"PICOS";"Ausência de reação do condutor";"Queda de ocupante de veículo";"Com Vítimas Feridas";"Plena Noite";"Crescente";"Céu Claro";"Simples";"Reta";"Sim";1;0;0;1;0;0;1;1;-7,08606465;-41,40601287;"SPRF-PI";"DEL04-PI";"UOP01-DEL04-PI"
533938;2023-07-05;"quarta-feira";"22:40:00";"SP";116;453;"REGISTRO";"Avarias e/ou desgaste excessivo no pneu";"Tombamento";"Com Vítimas Feridas";"Plena Noite";"Crescente";"Céu Claro";"Dupla";"Reta";"Não";2;0;1;0;1;0;1;1;-24,56168114;-47,86752174;"SPRF-SP";"DEL05-SP";"UOP01-DEL05-SP"
533941;2023-07-06;"quinta-feira";"00:50:00";"SC";282;0,1;"FLORIANOPOLIS";"Ingestão de álcool pelo condutor";"Saída de leito carroçável";"Com Vítimas Feridas";"Plena Noite";"Decrescente";"Céu Claro";"Múltipla";"Curva;Aclive";"Sim";1;0;1;0;0;0;1;1;-27,59845;-48,571995;"SPRF-SC";"DEL01-SC";"UOP01-DEL01-SC"
533942;2023-07-05;"quarta-feira";"21:03:00";"PA";163;560;"TRAIRAO";"Reação tardia ou ineficiente do condutor";"Queda de ocupante de veículo";"Sem Vítimas";"Plena Noite";"Crescente";"Céu Claro";"Simples";"Curva;Declive";"Não";1;0;0;0;0;1;0;1;-5,12166295;-56,11317794;"SPRF-PA";"DEL05-PA";"UOP02-DEL05-PA"
533943;2023-07-06;"quinta-feira";"01:30:00";"PR";277;3,7;"PARANAGUA";"Reação tardia ou ineficiente do condutor";"Colisão com objeto";"Com Vítimas Feridas";"Plena Noite";"Decrescente";"Céu Claro";"Simples";"Reta";"Sim";2;0;2;0;0;0;2;1;-25,568198;-48,615292;"SPRF-PR";"DEL01-PR";"UOP05-DEL01-PR"
533944;2023-07-06;"quinta-feira";"01:30:00";"SP";116;332;"JUQUITIBA";"Velocidade Incompatível";"Colisão com objeto";"Sem Vítimas";"Plena Noite";"Decrescente";"Céu Claro";"Simples";"Curva;Retorno Regulamentado";"Não";1;0;0;0;1;0;0;1;-23,95597045;-47,1100868;"SPRF-SP";"DEL04-SP";"UOP03-DEL04-SP"
533946;2023-07-06;"quinta-feira";"03:05:00";"AL";316;87,9;"SANTANA DO IPANEMA";"Animais na Pista";"Atropelamento de Animal";"Com Vítimas Feridas";"Plena Noite";"Decrescente";"Céu Claro";"Simples";"Aclive";"Não";2;0;2;0;0;0;2;1;-9,37623216;-37,22677605;"SPRF-AL";"DEL03-AL";"UOP02-DEL03-AL"
533950;2023-07-06;"quinta-feira";"05:00:00";"GO";40;10;"LUZIANIA";"Ingestão de álcool pelo condutor";"Colisão transversal";"Com Vítimas Feridas";"Pleno dia";"Crescente";"Céu Claro";"Dupla";"Reta";"Sim";6;0;3;0;3;0;3;3;-16,131285;-47,957923;"SPRF-DF";"DEL01-DF";"UOP01-DEL01-DF"
533953;2023-07-06;"quinta-feira";"06:00:00";"MG";40;523,5;"CONTAGEM";"Manobra de mudança de faixa";"Colisão lateral mesmo sentido";"Com Vítimas Feridas";"Pleno dia";"Crescente";"Céu Claro";"Dupla";"Reta";"Sim";3;0;1;0;2;0;1;2;-19,86874894;-44,05962197;"SPRF-MG";"DEL01-MG";"UOP02-DEL01-MG"
533954;2023-06-24;"sábado";"16:55:00";"SE";101;78,9;"LARANJEIRAS";"Ingestão de álcool pelo condutor";"Queda de ocupante de veículo";"Com Vítimas Feridas";"Pleno dia";"Crescente";"Nublado";"Dupla";"Declive;Reta";"Não";1;0;0;1;0;0;1;1;-10,776609;-37,13439;"SPRF-SE";"DEL01-SE";"UOP01-DEL01-SE"
533956;2023-07-05;"quarta-feira";"20:30:00";"SC";470;73,5;"INDAIAL";"Acessar a via sem observar a presença dos outros veículos";"Colisão lateral mesmo sentido";"Com Vítimas Feridas";"Plena Noite";"Crescente";"Céu Claro";"Simples";"Interseção de Vias;Reta";"Não";2;0;1;0;1;0;1;2;-26,908962;-49,275089;"SPRF-SC";"DEL04-SC";"UOP01-DEL04-SC"
533957;2023-07-06;"quinta-feira";"01:30:00";"PR";277;82;"CURITIBA";"Ingestão de álcool pelo condutor";"Colisão traseira";"Com Vítimas Feridas";"Plena Noite";"Decrescente";"Nublado";"Dupla";"Reta";"Não";4;0;1;0;1;2;1;3;-25,4609447;-49,22046661;"SPRF-PR";"DEL01-PR";"UOP01-DEL01-PR"
533960;2023-07-06;"quinta-feira";"07:10:00";"TO";10;464;"PALMAS";"Acessar a via sem observar a presença dos outros veículos";"Colisão traseira";"Com Vítimas Feridas";"Pleno dia";"Decrescente";"Céu Claro";"Dupla";"Retorno Regulamentado";"Sim";2;0;2;0;0;0;2;2;-10,14755806;-48,16361937;"SPRF-TO";"DEL01-TO";"UOP03-DEL01-TO"
533961;2023-07-06;"quinta-feira";"07:10:00";"SP";153;49,1;"SAO JOSE DO RIO PRETO";"Acessar a via sem observar a presença dos outros veículos";"Colisão transversal";"Com Vítimas Feridas";"Pleno dia";"Crescente";"Céu Claro";"Simples";"Reta";"Não";2;0;1;0;1;0;1;2;-20,70000401;-49,33945823;"SPRF-SP";"DEL09-SP";"UOP01-DEL09-SP"
533962;2023-07-06;"quinta-feira";"06:20:00";"MG";365;5,5;"MONTES CLAROS";"Manobra de mudança de faixa";"Saída de leito carroçável";"Sem Vítimas";"Pleno dia";"Crescente";"Céu Claro";"Simples";"Curva;Aclive";"Não";1;0;0;0;1;0;0;1;-16,74574399;-43,88392402;"SPRF-MG";"DEL12-MG";"UOP01-DEL12-MG"
533965;2023-07-06;"quinta-feira";"07:00:00";"SC";101;198,6;"SAO JOSE";"Acessar a via sem observar a presença dos outros veículos";"Colisão transversal";"Com Vítimas Feridas";"Pleno dia";"Crescente";"Céu Claro";"Dupla";"Interseção de Vias;Reta";"Sim";2;0;1;0;1;0;1;2;-27,532082;-48,631923;"SPRF-SC";"DEL01-SC";"UOP01-DEL01-SC"
533966;2023-07-06;"quinta-feira";"07:40:00";"DF";20;15;"BRASILIA";"Ausência de reação do condutor";"Colisão lateral mesmo sentido";"Com Vítimas Feridas";"Pleno dia";"Decrescente";"Céu Claro";"Dupla";"Reta";"Não";2;0;1;0;1;0;1;2;-15,630189;-47,733288;"SPRF-DF";"DEL02-DF";"UOP01-DEL02-DF"
533968;2023-07-06;"quinta-feira";"07:15:00";"MG";50;45;"ARAGUARI";"Condutor Dormindo";"Colisão com objeto";"Com Vítimas Feridas";"Pleno dia";"Crescente";"Céu Claro";"Dupla";"Declive;Reta";"Não";2;0;1;0;0;1;1;2;-18,71288106;-48,19668401;"SPRF-MG";"DEL15-MG";"UOP02-DEL15-MG"
533969;2023-07-06;"quinta-feira";"06:42:00";"PA";230;631;"ALTAMIRA";"Ingestão de álcool pelo condutor";"Tombamento";"Com Vítimas Feridas";"Pleno dia";"Decrescente";"Céu Claro";"Simples";"Interseção de Vias";"Sim";1;0;1;0;0;0;1;1;-3,17418565;-52,17729092;"SPRF-PA";"DEL04-PA";"UOP01-DEL04-PA"
533970;2023-07-06;"quinta-feira";"07:15:00";"BA";324;608;"SIMOES FILHO";"Condutor deixou de manter distância do veículo da frente";"Engavetamento";"Sem Vítimas";"Pleno dia";"Decrescente";"Chuva";"Dupla";"Reta";"Sim";4;0;0;0;4;0;0;4;-12,81182914;-38,40478762;"SPRF-BA";"DEL01-BA";"UOP01-DEL01-BA"
533971;2023-07-06;"quinta-feira";"06:30:00";"MG";40;41,4;"PARACATU";"Acessar a via sem observar a presença dos outros veículos";"Colisão transversal";"Com Vítimas Feridas";"Pleno dia";"Crescente";"Céu Claro";"Simples";"Reta;Interseção de Vias";"Não";2;0;1;0;1;0;1;2;-17,21271307;-46,87295209;"SPRF-MG";"DEL14-MG";"UOP01-DEL14-MG"
533972;2023-07-06;"quinta-feira";"05:25:00";"MG";116;699,8;"MURIAE";"Reação tardia ou ineficiente do condutor";"Queda de ocupante de veículo";"Com Vítimas Fatais";"Amanhecer";"Decrescente";"Céu Claro";"Simples";"Reta";"Sim";1;1;0;0;0;0;0;1;-21,09470198;-42,37369904;"SPRF-MG";"DEL07-MG";"UOP02-DEL07-MG"
533973;2023-07-06;"quinta-feira";"07:40:00";"RS";470;218,9;"BENTO GONCALVES";"Ausência de reação do condutor";"Tombamento";"Com Vítimas Feridas";"Amanhecer";"Crescente";"Céu Claro";"Dupla";"Curva";"Não";1;0;1;0;0;0;1;1;-29,17909489;-51,51855675;"SPRF-RS";"DEL06-RS";"UOP01-DEL06-RS"
533978;2023-05-19;"sexta-feira";"20:30:00";"SC";101;206;"SAO JOSE";"Condutor deixou de manter distância do veículo da frente";"Colisão traseira";"Com Vítimas Feridas";"Plena Noite";"Decrescente";"Céu Claro";"Múltipla";"Reta";"Sim";2;0;0;1;1;0;1;2;-27,59193546;-48,61824557;"SPRF-SC";"DEL01-SC";"UOP01-DEL01-SC"
533979;2023-07-06;"quinta-feira";"07:21:00";"SP";116;54;"LORENA";"Ingestão de álcool pelo condutor";"Colisão traseira";"Sem Vítimas";"Pleno dia";"Crescente";"Céu Claro";"Dupla";"Reta";"Não";2;0;0;0;2;0;0;2;-22,75803895;-45,11508003;"SPRF-SP";"DEL08-SP";"UOP02-DEL08-SP"
533980;2023-07-06;"quinta-feira";"08:00:00";"RS";116;234,5;"ESTANCIA VELHA";"Condutor deixou de manter distância do veículo da frente";"Colisão traseira";"Com Vítimas Feridas";"Pleno dia";"Crescente";"Céu Claro";"Dupla";"Reta";"Sim";2;0;1;0;1;0;1;2;-29,65121313;-51,1444433;"SPRF-RS";"DEL01-RS";"UOP02-DEL01-RS"
533982;2023-07-06;"quinta-feira";"04:00:00";"MG";116;6,2;"DIVISA ALEGRE";"Ausência de reação do condutor";"Colisão com objeto";"Com Vítimas Feridas";"Plena Noite";"Decrescente";"Céu Claro";"Simples";"Reta";"Não";3;0;2;0;1;0;2;1;-15,74952994;-41,33072084;"SPRF-BA";"DEL08-BA";"UOP03-DEL08-BA"
533984;2023-07-06;"quinta-feira";"08:00:00";"PI";343;313;"ALTOS";"Transitar no Acostamento";"Colisão transversal";"Com Vítimas Feridas";"Pleno dia";"Decrescente";"Céu Claro";"Simples";"Reta";"Não";3;0;3;0;0;0;3;2;-5,046057;-42,509869;"SPRF-PI";"DEL01-PI";"UOP01-DEL01-PI"
533985;2023-07-06;"quinta-feira";"08:35:00";"SP";153;61;"SAO JOSE DO RIO PRETO";"Manobra de mudança de faixa";"Colisão lateral mesmo sentido";"Com Vítimas Feridas";"Pleno dia";"Crescente";"Céu Claro";"Dupla";"Reta";"Sim";2;0;1;0;1;0;1;2;-20,80502876;-49,35574909;"SPRF-SP";"DEL09-SP";"UOP01-DEL09-SP"
533988;2023-07-06;"quinta-feira";"06:47:00";"MS";262;511,8;"ANASTACIO";"Reação tardia ou ineficiente do condutor";"Saída de leito carroçável";"Com Vítimas Feridas";"Pleno dia";"Crescente";"Sol";"Simples";"Reta";"Não";2;0;2;0;0;0;2;1;-20,45348368;-56,0014178;"SPRF-MS";"DEL03-MS";"UOP01-DEL03-MS"
533989;2023-07-06;"quinta-feira";"09:00:00";"RS";386;34,1;"FREDERICO WESTPHALEN";"Acessar a via sem observar a presença dos outros veículos";"Colisão transversal";"Com Vítimas Feridas";"Pleno dia";"Decrescente";"Céu Claro";"Simples";"Rotatória;Reta";"Sim";3;0;1;0;2;0;1;2;-27,358442;-53,388298;"SPRF-RS";"DEL08-RS";"UOP02-DEL08-RS"
533991;2023-06-20;"terça-feira";"23:40:00";"RS";285;122;"VACARIA";"Reação tardia ou ineficiente do condutor";"Saída de leito carroçável";"Sem Vítimas";"Plena Noite";"Crescente";"Céu Claro";"Simples";"Reta";"Sim";3;0;0;0;2;1;0;2;-28,505535;-50,944073;"SPRF-RS";"DEL05-RS";"UOP03-DEL05-RS"
533992;2023-07-06;"quinta-feira";"08:50:00";"PR";376;174;"MARINGA";"Trafegar com motocicleta (ou similar) entre as faixas";"Tombamento";"Com Vítimas Feridas";"Pleno dia";"Decrescente";"Céu Claro";"Dupla";"Interseção de Vias;Reta";"Sim";1;0;1;0;0;0;1;1;-23,41430102;-51,94984299;"SPRF-PR";"DEL09-PR";"UOP01-DEL09-PR"
533994;2023-07-01;"sábado";"23:10:00";"PE";104;67;"CARUARU";"Reação tardia ou ineficiente do condutor";"Colisão traseira";"Sem Vítimas";"Plena Noite";"Crescente";"Garoa/Chuvisco";"Múltipla";"Reta";"Sim";2;0;0;0;2;0;0;2;-8,29451779;-35,98684967;"SPRF-PE";"DEL02-PE";"UOP01-DEL02-PE"
533998;2023-07-06;"quinta-feira";"09:25:00";"SP";116;224;"GUARULHOS";"Reação tardia ou ineficiente do condutor";"Colisão traseira";"Com Vítimas Feridas";"Pleno dia";"Decrescente";"Céu Claro";"Dupla";"Reta";"Sim";2;0;1;0;1;0;1;2;-23,48071896;-46,53271603;"SPRF-SP";"DEL01-SP";"UOP01-DEL01-SP"
534001;2023-07-06;"quinta-feira";"10:45:00";"SP";116;220;"GUARULHOS";"Reação tardia ou ineficiente do condutor";"Colisão lateral mesmo sentido";"Com Vítimas Feridas";"Pleno dia";"Crescente";"Sol";"Múltipla";"Reta";"Sim";2;0;1;0;1;0;1;2;-23,46472809;-46,49793962;"SPRF-SP";"DEL01-SP";"UOP01-DEL01-SP"
534003;2023-07-06;"quinta-feira";"10:25:00";"PR";116;97,5;"SAO JOSE DOS PINHAIS";"Manobra de mudança de faixa";"Queda de ocupante de veículo";"Com Vítimas Feridas";"Pleno dia";"Crescente";"Sol";"Dupla";"Reta";"Não";2;0;1;0;1;0;1;2;-25,5469829;-49,1506112;"SPRF-PR";"DEL01-PR";"UOP07-DEL01-PR"
534004;2023-07-06;"quinta-feira";"10:30:00";"PR";373;172,5;"PONTA GROSSA";"Reação tardia ou ineficiente do condutor";"Colisão transversal";"Sem Vítimas";"Pleno dia";"Decrescente";"Sol";"Simples";"Viaduto;Retorno Regulamentado;Interseção de Vias";"Sim";2;0;0;0;2;0;0;2;-25,08139932;-50,19200981;"SPRF-PR";"DEL03-PR";"UOP01-DEL03-PR"
534007;2023-07-06;"quinta-feira";"10:40:00";"SC";101;145;"ITAPEMA";"Ausência de reação do condutor";"Colisão traseira";"Com Vítimas Feridas";"Pleno dia";"Decrescente";"Céu Claro";"Múltipla";"Aclive;Reta";"Sim";2;0;0;1;1;0;1;2;-27,08546426;-48,60714197;"SPRF-SC";"DEL04-SC";"UOP03-DEL04-SC"
534008;2023-07-06;"quinta-feira";"10:00:00";"RJ";101;383;"RIO DE JANEIRO";"Acessar a via sem observar a presença dos outros veículos";"Atropelamento de Pedestre";"Com Vítimas Feridas";"Pleno dia";"Decrescente";"Céu Claro";"Dupla";"Reta";"Sim";2;0;1;0;1;0;1;2;-22,8765463;-43,61463385;"SPRF-RJ";"DEL03-RJ";"UOP01-DEL03-RJ"
534009;2023-07-06;"quinta-feira";"10:15:00";"MG";381;390;"BARAO DE COCAIS";"Condutor deixou de manter distância do veículo da frente";"Colisão traseira";"Com Vítimas Feridas";"Pleno dia";"Decrescente";"Céu Claro";"Dupla";"Reta";"Não";3;0;1;0;2;0;1;2;-19,77537194;-43,44320495;"SPRF-MG";"DEL01-MG";"UOP01-DEL01-MG"
534011;2023-07-06;"quinta-feira";"09:40:00";"RN";101;176;"BAIA FORMOSA";"Chuva";"Saída de leito carroçável";"Com Vítimas Feridas";"Pleno dia";"Decrescente";"Chuva";"Dupla";"Reta";"Não";2;0;2;0;0;0;2;1;-6,50166475;-35,11200246;"SPRF-RN";"DEL01-RN";"UOP01-DEL01-RN"
534013;2023-07-06;"quinta-feira";"11:20:00";"ES";101;390;"RIO NOVO DO SUL";"Condutor Dormindo";"Queda de ocupante de veículo";"Com Vítimas Feridas";"Pleno dia";"Crescente";"Céu Claro";"Simples";"Reta";"Não";1;0;0;1;0;0;1;1;-20,86540549;-40,8878163;"SPRF-ES";"DEL03-ES";"UOP02-DEL03-ES"
534017;2023-07-06;"quinta-feira";"11:15:00";"MA";316;170,7;"ARAGUANA";"Velocidade Incompatível";"Atropelamento de Pedestre";"Com Vítimas Feridas";"Pleno dia";"Crescente";"Céu Claro";"Simples";"Aclive";"Não";2;0;0;1;1;0;1;2;-3,026421;-45,644554;"SPRF-MA";"DEL02-MA";"UOP02-DEL02-MA"
534019;2023-07-06;"quinta-feira";"10:30:00";"MG";40;508,8;"RIBEIRAO DAS NEVES";"Condutor deixou de manter distância do veículo da frente";"Colisão lateral mesmo sentido";"Com Vítimas Feridas";"Pleno dia";"Decrescente";"Céu Claro";"Dupla";"Retorno Regulamentado";"Sim";5;0;2;0;3;0;2;2;-19,76061249;-44,1347544;"SPRF-MG";"DEL01-MG";"UOP02-DEL01-MG"
534021;2023-07-06;"quinta-feira";"12:00:00";"AL";423;96;"DELMIRO GOUVEIA";"Problema na suspensão";"Capotamento";"Com Vítimas Feridas";"Pleno dia";"Decrescente";"Nublado";"Simples";"Reta";"Não";3;0;1;2;0;0;3;2;-9,37845507;-38,12309398;"SPRF-BA";"DEL07-BA";"UOP01-DEL07-BA"
534023;2023-07-06;"quinta-feira";"12:05:00";"PR";376;490,5;"PONTA GROSSA";"Ausência de reação do condutor";"Colisão traseira";"Sem Vítimas";"Pleno dia";"Decrescente";"Céu Claro";"Dupla";"Reta;Aclive";"Sim";2;0;0;0;2;0;0;2;-25,14692309;-50,15072006;"SPRF-PR";"DEL03-PR";"UOP04-DEL03-PR"
534025;2023-07-06;"quinta-feira";"12:50:00";"MG";40;446,2;"PARAOPEBA";"Pista Escorregadia";"Tombamento";"Com Vítimas Feridas";"Pleno dia";"Decrescente";"Céu Claro";"Simples";"Curva;Viaduto";"Sim";2;0;2;0;0;0;2;1;-19,28914995;-44,39017296;"SPRF-MG";"DEL02-MG";"UOP01-DEL02-MG"
534027;2023-07-05;"quarta-feira";"05:30:00";"MG";153;83,7;"PRATA";"Ausência de reação do condutor";"Saída de leito carroçável";"Com Vítimas Feridas";"Plena Noite";"Crescente";"Céu Claro";"Simples";"Reta;Ponte";"Não";13;0;11;2;0;0;13;1;-19,08664;-48,9932;"SPRF-MG";"DEL15-MG";"UOP03-DEL15-MG"
534029;2023-06-07;"quarta-feira";"17:50:00";"GO";80;17;"PADRE BERNARDO";"Condutor Dormindo";"Colisão lateral sentido oposto";"Com Vítimas Feridas";"Plena Noite";"Crescente";"Céu Claro";"Simples";"Reta";"Não";2;0;2;0;0;0;2;1;-15,3998;-48,1999;"SPRF-DF";"DEL03-DF";"UOP02-DEL03-DF"
534030;2023-07-06;"quinta-feira";"13:15:00";"PA";308;170;"TRACUATEUA";"Ausência de reação do condutor";"Colisão traseira";"Com Vítimas Fatais";"Pleno dia";"Decrescente";"Céu Claro";"Simples";"Reta";"Não";2;1;0;0;1;0;0;2;-1,18690529;-47,01841892;"SPRF-PA";"DEL01-PA";"UOP03-DEL01-PA"
534032;2023-07-06;"quinta-feira";"12:45:00";"MG";381;494,1;"BETIM";"Reação tardia ou ineficiente do condutor";"Queda de ocupante de veículo";"Com Vítimas Feridas";"Pleno dia";"Decrescente";"Céu Claro";"Dupla";"Interseção de Vias;Reta";"Sim";2;0;0;1;1;0;1;2;-19,985563;-44,20318;"SPRF-MG";"DEL04-MG";"UOP03-DEL04-MG"
534033;2023-07-06;"quinta-feira";"13:15:00";"MG";381;494;"BETIM";"Ausência de reação do condutor";"Colisão traseira";"Com Vítimas Feridas";"Pleno dia";"Decrescente";"Céu Claro";"Dupla";"Reta";"Não";4;0;2;0;2;0;2;2;-19,985563;-44,20318;"SPRF-MG";"DEL04-MG";"UOP03-DEL04-MG"
534034;2023-07-03;"segunda-feira";"18:20:00";"PE";407;125;"PETROLINA";"Acessar a via sem observar a presença dos outros veículos";"Colisão traseira";"Sem Vítimas";"Plena Noite";"Crescente";"Céu Claro";"Dupla";"Retorno Regulamentado";"Sim";2;0;0;0;2;0;0;2;-9,37739336;-40,53595733;"SPRF-PE";"DEL06-PE";"UOP01-DEL06-PE"
534036;2023-07-06;"quinta-feira";"12:50:00";"PB";230;112;"INGA";"Pista Escorregadia";"Colisão com objeto";"Sem Vítimas";"Pleno dia";"Crescente";"Chuva";"Dupla";"Curva";"Não";1;0;0;0;1;0;0;1;-7,2117;-35,5822;"SPRF-PB";"DEL01-PB";"UOP03-DEL01-PB"
534037;2023-07-06;"quinta-feira";"12:50:00";"RO";364;229,6;"CACOAL";"Reação tardia ou ineficiente do condutor";"Colisão traseira";"Sem Vítimas";"Pleno dia";"Decrescente";"Céu Claro";"Simples";"Reta;Em Obras";"Não";2;0;0;0;2;0;0;2;-11,48353229;-61,38685231;"SPRF-RO";"DEL02-RO";"UOP02-DEL02-RO"
534038;2023-07-06;"quinta-feira";"08:20:00";"MG";116;625,4;"ORIZANIA";"Mal súbito do condutor";"Saída de leito carroçável";"Com Vítimas Feridas";"Pleno dia";"Decrescente";"Céu Claro";"Simples";"Reta";"Não";1;0;1;0;0;0;1;1;-20,53930104;-42,20536697;"SPRF-MG";"DEL07-MG";"UOP02-DEL07-MG"
534039;2023-03-18;"sábado";"01:00:00";"GO";153;682;"PANAMA";"Condutor Dormindo";"Capotamento";"Com Vítimas Feridas";"Plena Noite";"Decrescente";"Chuva";"Dupla";"Declive;Reta";"Não";1;0;1;0;0;0;1;1;-18,2401;-49,2569;"SPRF-GO";"DEL03-GO";"UOP02-DEL03-GO"
534041;2023-07-02;"domingo";"11:35:00";"BA";242;393;"SEABRA";"Acessar a via sem observar a presença dos outros veículos";"Atropelamento de Pedestre";"Com Vítimas Feridas";"Pleno dia";"Decrescente";"Sol";"Simples";"Reta";"Não";5;0;0;1;4;0;1;2;-12,458997;-41,633717;"SPRF-BA";"DEL06-BA";"UOP01-DEL06-BA"
534046;2023-07-06;"quinta-feira";"14:00:00";"PR";277;730,8;"FOZ DO IGUACU";"Manobra de mudança de faixa";"Colisão lateral mesmo sentido";"Com Vítimas Feridas";"Pleno dia";"Decrescente";"Céu Claro";"Simples";"Reta;Ponte;Declive";"Sim";2;0;0;1;1;0;1;2;-25,50953213;-54,59895834;"SPRF-PR";"DEL05-PR";"UOP03-DEL05-PR"
534048;2023-07-06;"quinta-feira";"15:20:00";"RN";304;296;"MACAIBA";"Ausência de reação do condutor";"Colisão transversal";"Sem Vítimas";"Pleno dia";"Crescente";"Chuva";"Simples";"Reta";"Sim";3;0;0;0;3;0;0;2;-5,86484905;-35,34931012;"SPRF-RN";"DEL01-RN";"UOP02-DEL01-RN"