"id";"data_inversa";"dia_semana";"horario";"uf";"br";"km";"municipio";"causa_acidente";"tipo_acidente";"classificacao_acidente";"fase_dia";"sentido_via";"condicao_metereologica";"tipo_pista";"tracado_via";"uso_solo";"pessoas";"mortos";"feridos_leves";"feridos_graves";"ilesos";"ignorados";"feridos";"veiculos";"latitude";"longitude";"regional";"delegacia";"uop"
534050;2023-05-06;"sábado";"18:30:00";"SC";470;65;"INDAIAL";"Ingestão de álcool pelo condutor";"Colisão traseira";"Com Vítimas Feridas";"Plena Noite";"Crescente";"Céu Claro";"Simples";"Reta";"Não";3;0;1;0;2;0;1;2;-26,870411;-49,211864;"SPRF-SC";"DEL04-SC";"UOP01-DEL04-SC"
534052;2023-07-06;"quinta-feira";"15:35:00";"MG";251;512,4;"FRANCISCO SA";"Acumulo de óleo sobre o pavimento";"Queda de ocupante de veículo";"Com Vítimas Feridas";"Pleno dia";"Decrescente";"Céu Claro";"Simples";"Curva";"Não";1;0;1;0;0;0;1;1;-16,6553239;-43,71906108;"SPRF-MG";"DEL12-MG";"UOP01-DEL12-MG"
534054;2023-07-06;"quinta-feira";"15:45:00";"DF";70;9;"BRASILIA";"Entrada inopinada do pedestre";"Atropelamento de Pedestre";"Com Vítimas Feridas";"Pleno dia";"Crescente";"Céu Claro";"Dupla";"Reta";"Sim";2;0;0;1;1;0;1;2;-15,784615;-48,132023;"SPRF-DF";"DEL03-DF";"UOP02-DEL03-DF"
534055;2023-07-06;"quinta-feira";"10:40:00";"PA";222;170;"BOM JESUS DO TOCANTINS";"Ausência de reação do condutor";"Colisão traseira";"Com Vítimas Fatais";"Pleno dia";"Crescente";"Céu Claro";"Simples";"Reta";"Não";3;1;0;0;1;1;0;3;-5,036417;-48,575241;"SPRF-PA";"DEL03-PA";"UOP01-DEL03-PA"
534056;2023-07-06;"quinta-feira";"16:40:00";"SC";101;178;"GOVERNADOR CELSO RAMOS";"Ausência de reação do condutor";"Queda de ocupante de veículo";"Com Vítimas Feridas";"Pleno dia";"Decrescente";"Céu Claro";"Dupla";"Reta";"Sim";1;0;1;0;0;0;1;1;-27,36408098;-48,63391212;"SPRF-SC";"DEL01-SC";"UOP01-DEL01-SC"
534058;2023-07-06;"quinta-feira";"16:12:00";"PI";343;326;"TERESINA";"Demais falhas mecânicas ou elétricas";"Tombamento";"Com Vítimas Feridas";"Pleno dia";"Decrescente";"Céu Claro";"Simples";"Curva";"Não";2;0;1;1;0;0;2;1;-5,069462;-42,617474;"SPRF-PI";"DEL01-PI";"UOP01-DEL01-PI"
534061;2023-05-19;"sexta-feira";"04:30:00";"RS";116;148,1;"CAXIAS DO SUL";"Ausência de reação do condutor";"Saída de leito carroçável";"Com Vítimas Feridas";"Plena Noite";"Crescente";"Céu Claro";"Dupla";"Curva";"Sim";5;0;1;4;0;0;5;1;-29,15444539;-51,15101681;"SPRF-RS";"DEL05-RS";"UOP01-DEL05-RS"
534064;2023-07-06;"quinta-feira";"15:59:00";"GO";153;431,2;"ANAPOLIS";"Velocidade Incompatível";"Colisão traseira";"Com Vítimas Fatais";"Pleno dia";"Decrescente";"Céu Claro";"Dupla";"Reta";"Sim";2;1;0;1;0;0;1;2;-16,258045;-48,988403;"SPRF-GO";"DEL02-GO";"UOP01-DEL02-GO"
534066;2023-07-06;"quinta-feira";"16:00:00";"SP";116;213;"GUARULHOS";"Demais falhas mecânicas ou elétricas";"Colisão com objeto";"Sem Vítimas";"Pleno dia";"Crescente";"Céu Claro";"Múltipla";"Reta";"Sim";1;0;0;0;1;0;0;1;-23,43971486;-46,43667806;"SPRF-SP";"DEL01-SP";"UOP01-DEL01-SP"
534067;2023-07-06;"quinta-feira";"17:30:00";"SC";101;185;"BIGUACU";"Pedestre cruzava a pista fora da faixa";"Atropelamento de Pedestre";"Com Vítimas Feridas";"Anoitecer";"Crescente";"Céu Claro";"Múltipla";"Reta";"Não";2;0;2;0;0;0;2;2;-27,42536698;-48,62465876;"SPRF-SC";"DEL01-SC";"UOP01-DEL01-SC"
534068;2023-07-06;"quinta-feira";"16:00:00";"MS";163;261;"DOURADOS";"Frear bruscamente";"Tombamento";"Com Vítimas Feridas";"Pleno dia";"Crescente";"Céu Claro";"Dupla";"Reta";"Não";1;0;1;0;0;0;1;1;-22,23864271;-54,76552912;"SPRF-MS";"DEL04-MS";"UOP01-DEL04-MS"
534069;2023-07-06;"quinta-feira";"16:50:00";"MG";381;486;"BETIM";"Reação tardia ou ineficiente do condutor";"Engavetamento";"Com Vítimas Feridas";"Pleno dia";"Decrescente";"Céu Claro";"Dupla";"Reta";"Sim";3;0;1;0;2;0;1;3;-19,95644414;-44,13611598;"SPRF-MG";"DEL01-MG";"UOP03-DEL01-MG"
534070;2023-03-28;"terça-feira";"17:20:00";"RJ";393;298;"BARRA MANSA";"Conversão proibida";"Colisão transversal";"Com Vítimas Feridas";"Anoitecer";"Crescente";"Ignorado";"Simples";"Reta";"Sim";2;0;1;0;1;0;1;2;-22,54313289;-44,11298586;"SPRF-RJ";"DEL07-RJ";"UOP02-DEL07-RJ"
534073;2023-05-24;"quarta-feira";"06:30:00";"MG";40;740;"SANTOS DUMONT";"Curva acentuada";"Saída de leito carroçável";"Com Vítimas Feridas";"Pleno dia";"Decrescente";"Céu Claro";"Simples";"Curva";"Não";1;0;1;0;0;0;1;1;-21,39953901;-43,56507286;"SPRF-MG";"DEL05-MG";"UOP01-DEL05-MG"
534074;2023-07-06;"quinta-feira";"17:30:00";"ES";101;145,3;"LINHARES";"Condutor deixou de manter distância do veículo da frente";"Colisão traseira";"Com Vítimas Feridas";"Plena Noite";"Decrescente";"Céu Claro";"Múltipla";"Reta";"Sim";2;0;0;1;1;0;1;2;-19,36089598;-40,06464018;"SPRF-ES";"DEL04-ES";"UOP01-DEL04-ES"
534075;2023-07-06;"quinta-feira";"17:50:00";"SP";116;223;"GUARULHOS";"Reação tardia ou ineficiente do condutor";"Colisão traseira";"Com Vítimas Feridas";"Plena Noite";"Crescente";"Ignorado";"Múltipla";"Reta";"Não";3;0;1;0;2;0;1;2;-23,47559815;-46,5246609;"SPRF-SP";"DEL01-SP";"UOP01-DEL01-SP"
534076;2023-07-06;"quinta-feira";"17:06:00";"GO";40;11;"LUZIANIA";"Pedestre cruzava a pista fora da faixa";"Atropelamento de Pedestre";"Com Vítimas Feridas";"Anoitecer";"Crescente";"Céu Claro";"Dupla";"Reta";"Sim";2;0;1;0;1;0;1;2;-16,138336;-47,951644;"SPRF-DF";"DEL01-DF";"UOP01-DEL01-DF"
534079;2023-07-06;"quinta-feira";"17:50:00";"SC";282;2;"FLORIANOPOLIS";"Trafegar com motocicleta (ou similar) entre as faixas";"Colisão traseira";"Com Vítimas Feridas";"Pleno dia";"Crescente";"Céu Claro";"Dupla";"Reta";"Sim";2;0;1;0;1;0;1;2;-27,603289;-48,590416;"SPRF-SC";"DEL01-SC";"UOP01-DEL01-SC"
534080;2023-07-06;"quinta-feira";"18:00:00";"SP";381;63;"MAIRIPORA";"Ausência de reação do condutor";"Colisão traseira";"Com Vítimas Feridas";"Anoitecer";"Crescente";"Céu Claro";"Dupla";"Curva;Declive";"Não";4;0;2;0;2;0;2;3;-23,302805;-46,572767;"SPRF-SP";"DEL03-SP";"UOP01-DEL03-SP"
534082;2023-07-06;"quinta-feira";"18:40:00";"RS";392;350;"SANTA MARIA";"Entrada inopinada do pedestre";"Atropelamento de Pedestre";"Com Vítimas Feridas";"Plena Noite";"Decrescente";"Nublado";"Simples";"Interseção de Vias;Reta";"Não";2;0;1;0;1;0;1;2;-29,73438089;-53,7989456;"SPRF-RS";"DEL09-RS";"UOP01-DEL09-RS"
534084;2023-07-06;"quinta-feira";"18:30:00";"CE";116;8;"FORTALEZA";"Transitar no Acostamento";"Colisão lateral mesmo sentido";"Com Vítimas Feridas";"Plena Noite";"Decrescente";"Nublado";"Múltipla";"Reta";"Sim";2;0;1;0;1;0;1;2;-3,8192799;-38,50268337;"SPRF-CE";"DEL01-CE";"UOP02-DEL01-CE"
534085;2023-07-06;"quinta-feira";"18:50:00";"SC";282;17,4;"PALHOCA";"Reação tardia ou ineficiente do condutor";"Colisão com objeto";"Com Vítimas Feridas";"Plena Noite";"Decrescente";"Céu Claro";"Simples";"Curva";"Não";2;0;0;1;0;1;1;2;-27,665707;-48,688065;"SPRF-SC";"DEL01-SC";"UOP02-DEL01-SC"
534086;2023-07-06;"quinta-feira";"18:10:00";"RN";427;87;"CAICO";"Reação tardia ou ineficiente do condutor";"Colisão transversal";"Com Vítimas Feridas";"Plena Noite";"Crescente";"Céu Claro";"Simples";"Curva";"Não";2;0;1;0;1;0;1;2;-6,50784132;-37,01193899;"SPRF-RN";"DEL03-RN";"UOP01-DEL03-RN"
534087;2023-07-06;"quinta-feira";"15:30:00";"RO";364;496;"ARIQUEMES";"Ingestão de álcool pelo condutor";"Saída de leito carroçável";"Com Vítimas Feridas";"Pleno dia";"Crescente";"Céu Claro";"Simples";"Reta";"Não";1;0;1;0;0;0;1;1;-10,06422899;-62,97402181;"SPRF-RO";"DEL03-RO";"UOP01-DEL03-RO"
534089;2023-07-06;"quinta-feira";"16:32:00";"AC";364;124;"RIO BRANCO";"Estacionar ou parar em local proibido";"Colisão traseira";"Com Vítimas Feridas";"Pleno dia";"Crescente";"Céu Claro";"Dupla";"Reta";"Sim";2;0;1;0;1;0;1;2;-10,01152469;-67,79140099;"SPRF-AC";"DEL01-AC";"UOP01-DEL01-AC"
534093;2023-07-06;"quinta-feira";"19:30:00";"GO";153;515,1;"APARECIDA DE GOIANIA";"Acessar a via sem observar a presença dos outros veículos";"Colisão lateral mesmo sentido";"Com Vítimas Feridas";"Plena Noite";"Crescente";"Céu Claro";"Dupla";"Retorno Regulamentado";"Não";3;0;1;0;2;0;1;2;-16,8413;-49,2454;"SPRF-GO";"DEL01-GO";"UOP03-DEL01-GO"
534094;2023-07-06;"quinta-feira";"19:00:00";"PA";230;122;"MARABA";"Acessar a via sem observar a presença dos outros veículos";"Colisão transversal";"Com Vítimas Feridas";"Plena Noite";"Decrescente";"Céu Claro";"Dupla";"Reta";"Sim";2;0;0;1;1;0;1;2;-5,36137537;-49,12376139;"SPRF-PA";"DEL03-PA";"UOP01-DEL03-PA"
534095;2023-07-03;"segunda-feira";"06:00:00";"RJ";116;82;"TERESOPOLIS";"Pedestre andava na pista";"Atropelamento de Pedestre";"Com Vítimas Feridas";"Pleno dia";"Crescente";"Céu Claro";"Simples";"Reta";"Sim";2;0;1;0;1;0;1;2;-22,4065491;-42,95136745;"SPRF-RJ";"DEL04-RJ";"UOP01-DEL04-RJ"
534097;2023-07-06;"quinta-feira";"18:40:00";"CE";116;6;"FORTALEZA";"Condutor deixou de manter distância do veículo da frente";"Colisão traseira";"Com Vítimas Feridas";"Plena Noite";"Decrescente";"Céu Claro";"Dupla";"Reta";"Sim";3;0;1;0;1;1;1;2;-3,802624;-38,50400499;"SPRF-CE";"DEL01-CE";"UOP02-DEL01-CE"
534100;2023-07-06;"quinta-feira";"18:00:00";"MG";116;633,1;"DIVINO";"Ausência de reação do condutor";"Saída de leito carroçável";"Com Vítimas Feridas";"Plena Noite";"Crescente";"Céu Claro";"Simples";"Reta";"Não";1;0;1;0;0;0;1;1;-20,61019609;-42,21031063;"SPRF-MG";"DEL07-MG";"UOP02-DEL07-MG"
534101;2023-07-06;"quinta-feira";"18:50:00";"MG";116;762,7;"LEOPOLDINA";"Desrespeitar a preferência no cruzamento";"Colisão transversal";"Com Vítimas Feridas";"Plena Noite";"Decrescente";"Céu Claro";"Simples";"Interseção de Vias;Reta";"Sim";3;0;1;1;1;0;2;2;-21,52887723;-42,62360898;"SPRF-MG";"DEL07-MG";"UOP01-DEL07-MG"
534102;2023-07-06;"quinta-feira";"19:30:00";"RN";101;163;"CANGUARETAMA";"Acessar a via sem observar a presença dos outros veículos";"Colisão transversal";"Com Vítimas Feridas";"Plena Noite";"Crescente";"Chuva";"Dupla";"Interseção de Vias;Reta";"Sim";2;0;1;0;1;0;1;2;-6,393516;-35,13976;"SPRF-RN";"DEL01-RN";"UOP01-DEL01-RN"
534103;2023-07-06;"quinta-feira";"19:30:00";"PR";277;10;"PARANAGUA";"Ingestão de álcool pelo condutor";"Saída de leito carroçável";"Sem Vítimas";"Plena Noite";"Crescente";"Nublado";"Simples";"Curva";"Não";2;0;0;0;2;0;0;1;-25,56744299;-48,61636877;"SPRF-PR";"DEL01-PR";"UOP05-DEL01-PR"
534104;2023-07-06;"quinta-feira";"20:00:00";"RN";304;38,8;"MOSSORO";"Pedestre andava na pista";"Atropelamento de Pedestre";"Com Vítimas Feridas";"Plena Noite";"Crescente";"Chuva";"Dupla";"Reta";"Sim";2;0;0;1;0;1;1;2;-5,18138457;-37,36832252;"SPRF-RN";"DEL04-RN";"UOP02-DEL04-RN"
534105;2023-07-06;"quinta-feira";"19:00:00";"RJ";101;236;"SILVA JARDIM";"Transitar na contramão";"Colisão frontal";"Sem Vítimas";"Plena Noite";"Decrescente";"Céu Claro";"Dupla";"Viaduto";"Sim";3;0;0;0;3;0;0;2;-22,61013794;-42,40427401;"SPRF-RJ";"DEL02-RJ";"UOP03-DEL02-RJ"
534106;2023-07-06;"quinta-feira";"19:20:00";"PR";369;174,7;"ROLANDIA";"Avarias e/ou desgaste excessivo no pneu";"Colisão traseira";"Sem Vítimas";"Pleno dia";"Decrescente";"Céu Claro";"Dupla";"Interseção de Vias";"Sim";3;0;0;0;2;1;0;2;-23,318434;-51,379305;"SPRF-PR";"DEL07-PR";"UOP01-DEL07-PR"
534107;2023-07-06;"quinta-feira";"18:25:00";"PR";116;118;"CURITIBA";"Reação tardia ou ineficiente do condutor";"Engavetamento";"Com Vítimas Feridas";"Plena Noite";"Crescente";"Céu Claro";"Dupla";"Reta";"Sim";4;0;1;0;2;1;1;4;-25,54657438;-49,29173608;"SPRF-PR";"DEL01-PR";"UOP03-DEL01-PR"
534109;2023-07-06;"quinta-feira";"20:00:00";"MG";381;493;"BETIM";"Reação tardia ou ineficiente do condutor";"Colisão lateral mesmo sentido";"Com Vítimas Feridas";"Plena Noite";"Decrescente";"Céu Claro";"Dupla";"Reta";"Sim";2;0;0;1;1;0;1;2;-19,97670801;-44,19962698;"SPRF-MG";"DEL04-MG";"UOP03-DEL04-MG"
534110;2023-07-06;"quinta-feira";"17:40:00";"SC";153;62;"IRANI";"Acessar a via sem observar a presença dos outros veículos";"Colisão transversal";"Com Vítimas Feridas";"Anoitecer";"Crescente";"Céu Claro";"Simples";"Reta";"Sim";4;0;3;0;1;0;3;2;-26,986015;-51,870411;"SPRF-SC";"DEL07-SC";"UOP04-DEL07-SC"
534111;2023-07-06;"quinta-feira";"18:45:00";"GO";364;298;"MINEIROS";"Ultrapassagem Indevida";"Colisão lateral sentido oposto";"Sem Vítimas";"Anoitecer";"Crescente";"Céu Claro";"Simples";"Reta";"Sim";2;0;0;0;1;1;0;2;-17,56674;-52,530952;"SPRF-GO";"DEL05-GO";"UOP01-DEL05-GO"
534112;2023-07-06;"quinta-feira";"12:20:00";"SC";153;100;"CONCORDIA";"Acessar a via sem observar a presença dos outros veículos";"Colisão transversal";"Com Vítimas Feridas";"Pleno dia";"Crescente";"Céu Claro";"Simples";"Reta";"Não";2;0;1;0;1;0;1;2;-27,242643;-51,95171;"SPRF-SC";"DEL07-SC";"UOP04-DEL07-SC"
534114;2023-07-06;"quinta-feira";"18:50:00";"RS";158;83;"PALMEIRA DAS MISSOES";"Manobra de mudança de faixa";"Colisão lateral sentido oposto";"Com Vítimas Feridas";"Anoitecer";"Decrescente";"Céu Claro";"Simples";"Curva";"Não";3;0;3;0;0;0;3;3;-27,77154306;-53,32414889;"SPRF-RS";"DEL08-RS";"UOP02-DEL08-RS"
534115;2023-07-06;"quinta-feira";"19:10:00";"RO";364;709;"PORTO VELHO";"Acumulo de areia ou detritos sobre o pavimento";"Queda de ocupante de veículo";"Com Vítimas Feridas";"Plena Noite";"Crescente";"Céu Claro";"Dupla";"Curva;Retorno Regulamentado";"Sim";2;0;1;0;1;0;1;1;-8,78360503;-63,86182471;"SPRF-RO";"DEL01-RO";"UOP01-DEL01-RO"
534117;2023-07-06;"quinta-feira";"17:05:00";"MT";364;288;"JACIARA";"Condutor Dormindo";"Capotamento";"Com Vítimas Feridas";"Anoitecer";"Crescente";"Céu Claro";"Dupla";"Reta";"Não";4;0;1;3;0;0;4;1;-15,90472182;-55,07406303;"SPRF-MT";"DEL05-MT";"UOP02-DEL05-MT"
534120;2023-07-06;"quinta-feira";"18:50:00";"SC";282;530,8;"CORDILHEIRA ALTA";"Ausência de reação do condutor";"Colisão lateral mesmo sentido";"Com Vítimas Feridas";"Pleno dia";"Decrescente";"Céu Claro";"Simples";"Curva";"Sim";3;0;1;0;2;0;1;3;-26,98766173;-52,61078417;"SPRF-SC";"DEL07-SC";"UOP01-DEL07-SC"
534121;2023-07-06;"quinta-feira";"14:20:00";"RJ";495;5;"TERESOPOLIS";"Condutor deixou de manter distância do veículo da frente";"Colisão traseira";"Com Vítimas Feridas";"Pleno dia";"Crescente";"Céu Claro";"Simples";"Reta";"Sim";2;0;1;0;1;0;1;2;-22,403255;-42,998791;"SPRF-RJ";"DEL04-RJ";"UOP01-DEL04-RJ"
534122;2023-07-06;"quinta-feira";"21:20:00";"RN";405;160;"PAU DOS FERROS";"Chuva";"Colisão frontal";"Com Vítimas Feridas";"Plena Noite";"Crescente";"Céu Claro";"Simples";"Reta";"Sim";2;0;0;2;0;0;2;2;-6,19000007;-38,22449832;"SPRF-RN";"DEL04-RN";"UOP02-DEL04-RN"
534124;2023-07-06;"quinta-feira";"19:10:00";"MT";70;537;"VARZEA GRANDE";"Pedestre andava na pista";"Atropelamento de Pedestre";"Com Vítimas Fatais";"Plena Noite";"Decrescente";"Céu Claro";"Simples";"Reta";"Não";2;1;0;0;1;0;0;2;-15,67328771;-56,25137329;"SPRF-MT";"DEL01-MT";"UOP02-DEL01-MT"
534125;2023-07-06;"quinta-feira";"20:00:00";"RJ";465;5;"SEROPEDICA";"Deficiência do Sistema de Iluminação/Sinalização";"Colisão frontal";"Com Vítimas Feridas";"Plena Noite";"Decrescente";"Céu Claro";"Simples";"Reta";"Sim";3;0;0;1;2;0;1;2;-22,747673;-43,699196;"SPRF-RJ";"DEL01-RJ";"UOP03-DEL01-RJ"
534128;2023-07-06;"quinta-feira";"11:30:00";"MS";262;506,2;"ANASTACIO";"Avarias e/ou desgaste excessivo no pneu";"Saída de leito carroçável";"Com Vítimas Feridas";"Pleno dia";"Decrescente";"Céu Claro";"Simples";"Reta";"Não";5;0;3;0;2;0;3;1;-20,47821709;-55,96119106;"SPRF-MS";"DEL03-MS";"UOP01-DEL03-MS"
534131;2023-07-06;"quinta-feira";"11:00:00";"AC";317;178;"CAPIXABA";"Pista esburacada";"Capotamento";"Com Vítimas Feridas";"Pleno dia";"Decrescente";"Céu Claro";"Simples";"Reta";"Não";2;0;2;0;0;0;2;1;-10,59443423;-67,94303098;"SPRF-AC";"DEL01-AC";"UOP02-DEL01-AC"
534132;2023-07-06;"quinta-feira";"22:05:00";"RS";285;292,3;"PASSO FUNDO";"Velocidade Incompatível";"Saída de leito carroçável";"Sem Vítimas";"Plena Noite";"Decrescente";"Céu Claro";"Dupla";"Rotatória";"Sim";1;0;0;0;1;0;0;1;-28,239017;-52,365276;"SPRF-RS";"DEL08-RS";"UOP03-DEL08-RS"
534134;2023-07-06;"quinta-feira";"22:10:00";"PR";272;547;"TERRA ROXA";"Avarias e/ou desgaste excessivo no pneu";"Incêndio";"Sem Vítimas";"Plena Noite";"Crescente";"Céu Claro";"Simples";"Reta";"Não";1;0;0;0;0;1;0;1;-24,07182626;-54,03261907;"SPRF-PR";"DEL06-PR";"UOP01-DEL06-PR"
534137;2023-07-06;"quinta-feira";"22:20:00";"MT";364;1246;"COMODORO";"Condutor Dormindo";"Saída de leito carroçável";"Sem Vítimas";"Plena Noite";"Crescente";"Céu Claro";"Simples";"Reta";"Não";1;0;0;0;1;0;0;1;-13,66217781;-59,75314736;"SPRF-MT";"DEL04-MT";"UOP02-DEL04-MT"
534138;2023-07-07;"sexta-feira";"00:10:00";"SC";101;209;"SAO JOSE";"Velocidade Incompatível";"Colisão com objeto";"Com Vítimas Feridas";"Plena Noite";"Decrescente";"Céu Claro";"Dupla";"Interseção de Vias;Reta";"Sim";2;0;2;0;0;0;2;1;-27,61126106;-48,63977909;"SPRF-SC";"DEL01-SC";"UOP01-DEL01-SC"
534140;2023-07-06;"quinta-feira";"22:50:00";"SP";381;33;"ATIBAIA";"Transitar na contramão";"Colisão frontal";"Com Vítimas Feridas";"Plena Noite";"Crescente";"Céu Claro";"Dupla";"Curva;Rotatória";"Sim";2;0;0;1;1;0;1;2;-23,0728028;-46,56673562;"SPRF-SP";"DEL03-SP";"UOP02-DEL03-SP"
534142;2023-07-07;"sexta-feira";"01:00:00";"MG";40;801;"MATIAS BARBOSA";"Velocidade Incompatível";"Saída de leito carroçável";"Com Vítimas Feridas";"Plena Noite";"Crescente";"Céu Claro";"Dupla";"Reta;Declive";"Não";1;0;1;0;0;0;1;1;-21,84672919;-43,37899486;"SPRF-MG";"DEL05-MG";"UOP01-DEL05-MG"
534143;2023-07-07;"sexta-feira";"01:39:00";"GO";153;504;"APARECIDA DE GOIANIA";"Reação tardia ou ineficiente do condutor";"Atropelamento de Pedestre";"Com Vítimas Fatais";"Plena Noite";"Crescente";"Céu Claro";"Dupla";"Interseção de Vias";"Sim";2;1;0;0;0;1;0;2;-16,742491;-49,241569;"SPRF-GO";"DEL01-GO";"UOP01-DEL01-GO"
534145;2023-07-07;"sexta-feira";"01:50:00";"SP";116;156;"SAO JOSE DOS CAMPOS";"Ingestão de álcool pelo condutor";"Saída de leito carroçável";"Com Vítimas Feridas";"Plena Noite";"Crescente";"Céu Claro";"Múltipla";"Reta";"Sim";1;0;0;1;0;0;1;1;-23,25044084;-45,93572909;"SPRF-SP";"DEL02-SP";"UOP01-DEL02-SP"
534146;2023-07-06;"quinta-feira";"23:51:00";"MA";222;675;"ACAILANDIA";"Manobra de mudança de faixa";"Colisão transversal";"Com Vítimas Feridas";"Plena Noite";"Crescente";"Céu Claro";"Múltipla";"Declive;Reta";"Sim";3;0;1;0;1;1;1;2;-4,93859094;-47,46131504;"SPRF-MA";"DEL04-MA";"UOP03-DEL04-MA"
534147;2023-07-07;"sexta-feira";"03:10:00";"SC";280;25,5;"ARAQUARI";"Ingestão de álcool pelo condutor";"Tombamento";"Com Vítimas Feridas";"Plena Noite";"Crescente";"Céu Claro";"Simples";"Reta";"Sim";1;0;1;0;0;0;1;1;-26,38352781;-48,72677516;"SPRF-SC";"DEL03-SC";"UOP03-DEL03-SC"
534151;2023-07-07;"sexta-feira";"06:00:00";"DF";70;18;"BRASILIA";"Manobra de mudança de faixa";"Colisão traseira";"Com Vítimas Feridas";"Amanhecer";"Crescente";"Céu Claro";"Dupla";"Reta;Aclive";"Não";2;0;1;0;1;0;1;2;-15,791093;-48,21096;"SPRF-DF";"DEL03-DF";"UOP02-DEL03-DF"
534155;2023-07-07;"sexta-feira";"04:50:00";"RS";285;218;"CASEIROS";"Ingestão de álcool e/ou substâncias psicoativas pelo pedestre";"Saída de leito carroçável";"Sem Vítimas";"Plena Noite";"Crescente";"Garoa/Chuvisco";"Simples";"Reta";"Não";1;0;0;0;1;0;0;1;-28,272339;-51,690033;"SPRF-RS";"DEL08-RS";"UOP05-DEL08-RS"
534156;2023-07-07;"sexta-feira";"06:20:00";"RS";386;401;"TRIUNFO";"Velocidade Incompatível";"Colisão com objeto";"Sem Vítimas";"Amanhecer";"Decrescente";"Garoa/Chuvisco";"Dupla";"Rotatória";"Não";4;0;0;0;4;0;0;1;-29,758536;-51,592883;"SPRF-RS";"DEL04-RS";"UOP02-DEL04-RS"
534158;2023-07-07;"sexta-feira";"06:11:00";"ES";101;282,9;"CARIACICA";"Ingestão de substâncias psicoativas pelo condutor";"Colisão traseira";"Sem Vítimas";"Pleno dia";"Crescente";"Céu Claro";"Dupla";"Reta";"Não";2;0;0;0;2;0;0;2;-20,22694;-40,36458;"SPRF-ES";"DEL01-ES";"UOP01-DEL01-ES"
534161;2023-07-07;"sexta-feira";"07:10:00";"SP";116;220;"GUARULHOS";"Trafegar com motocicleta (ou similar) entre as faixas";"Colisão lateral mesmo sentido";"Com Vítimas Feridas";"Pleno dia";"Crescente";"Céu Claro";"Dupla";"Reta";"Sim";2;0;1;0;1;0;1;2;-23,46472809;-46,49793962;"SPRF-SP";"DEL01-SP";"UOP01-DEL01-SP"
534165;2023-07-07;"sexta-feira";"07:40:00";"RS";116;245;"SAO LEOPOLDO";"Manobra de mudança de faixa";"Colisão lateral mesmo sentido";"Com Vítimas Feridas";"Pleno dia";"Decrescente";"Nublado";"Dupla";"Reta";"Sim";2;0;1;0;1;0;1;2;-29,75048482;-51,15132147;"SPRF-RS";"DEL01-RS";"UOP02-DEL01-RS"
534166;2023-07-07;"sexta-feira";"07:50:00";"MG";116;704,1;"MURIAE";"Desrespeitar a preferência no cruzamento";"Colisão transversal";"Com Vítimas Feridas";"Pleno dia";"Crescente";"Céu Claro";"Simples";"Curva;Interseção de Vias";"Sim";2;0;1;0;1;0;1;2;-21,13416858;-42,38722798;"SPRF-MG";"DEL07-MG";"UOP02-DEL07-MG"
534167;2023-07-07;"sexta-feira";"07:55:00";"DF";20;10;"BRASILIA";"Reação tardia ou ineficiente do condutor";"Tombamento";"Com Vítimas Feridas";"Pleno dia";"Decrescente";"Sol";"Dupla";"Reta";"Sim";1;0;1;0;0;0;1;1;-15,650243;-47,773872;"SPRF-DF";"DEL02-DF";"UOP01-DEL02-DF"
534169;2023-07-07;"sexta-feira";"07:30:00";"PR";277;109;"CAMPO LARGO";"Reação tardia ou ineficiente do condutor";"Colisão traseira";"Com Vítimas Feridas";"Pleno dia";"Decrescente";"Céu Claro";"Dupla";"Reta";"Sim";2;0;1;0;1;0;1;2;-25,43041215;-49,39663893;"SPRF-PR";"DEL03-PR";"UOP03-DEL03-PR"
534170;2023-02-09;"quinta-feira";"10:00:00";"PR";116;86;"PIRAQUARA";"Reação tardia ou ineficiente do condutor";"Queda de ocupante de veículo";"Com Vítimas Feridas";"Pleno dia";"Decrescente";"Céu Claro";"Múltipla";"Viaduto;Retorno Regulamentado";"Sim";1;0;1;0;0;0;1;1;-25,46162277;-49,08869505;"SPRF-PR";"DEL01-PR";"UOP07-DEL01-PR"
534173;2023-07-07;"sexta-feira";"08:00:00";"GO";60;392;"RIO VERDE";"Reação tardia ou ineficiente do condutor";"Colisão lateral mesmo sentido";"Com Vítimas Feridas";"Pleno dia";"Decrescente";"Céu Claro";"Simples";"Curva";"Não";2;0;1;0;1;0;1;2;-17,8266;-50,9789;"SPRF-GO";"DEL04-GO";"UOP02-DEL04-GO"
534174;2023-07-07;"sexta-feira";"08:33:00";"DF";20;2;"BRASILIA";"Reação tardia ou ineficiente do condutor";"Colisão traseira";"Com Vítimas Feridas";"Pleno dia";"Decrescente";"Céu Claro";"Dupla";"Aclive;Reta";"Sim";2;0;1;0;1;0;1;2;-15,682896;-47,840729;"SPRF-DF";"DEL02-DF";"UOP01-DEL02-DF"
534175;2023-07-07;"sexta-feira";"07:49:00";"SC";101;122;"ITAJAI";"Trafegar com motocicleta (ou similar) entre as faixas";"Colisão traseira";"Com Vítimas Feridas";"Pleno dia";"Decrescente";"Céu Claro";"Dupla";"Reta";"Sim";2;0;1;0;1;0;1;2;-26,92955916;-48,70499836;"SPRF-SC";"DEL04-SC";"UOP04-DEL04-SC"
534176;2023-07-07;"sexta-feira";"08:20:00";"CE";116;11;"FORTALEZA";"Condutor deixou de manter distância do veículo da frente";"Colisão traseira";"Com Vítimas Feridas";"Pleno dia";"Crescente";"Céu Claro";"Múltipla";"Interseção de Vias";"Sim";2;0;0;1;1;0;1;2;-3,84394724;-38,49891546;"SPRF-CE";"DEL01-CE";"UOP02-DEL01-CE"