"id";"data_inversa";"dia_semana";"horario";"uf";"br";"km";"municipio";"causa_acidente";"tipo_acidente";"classificacao_acidente";"fase_dia";"sentido_via";"condicao_metereologica";"tipo_pista";"tracado_via";"uso_solo";"pessoas";"mortos";"feridos_leves";"feridos_graves";"ilesos";"ignorados";"feridos";"veiculos";"latitude";"longitude";"regional";"delegacia";"uop"
534178;2023-07-06;"quinta-feira";"12:20:00";"PE";423;77,3;"JUPI";"Condutor deixou de manter distância do veículo da frente";"Colisão traseira";"Sem Vítimas";"Pleno dia";"Decrescente";"Nublado";"Simples";"Reta;Aclive";"Não";3;0;0;0;2;1;0;3;-8,740482;-36,43069893;"SPRF-PE";"DEL03-PE";"UOP01-DEL03-PE"
534179;2023-07-07;"sexta-feira";"09:00:00";"BA";324;475;"TANQUINHO";"Velocidade Incompatível";"Saída de leito carroçável";"Com Vítimas Feridas";"Pleno dia";"Crescente";"Nublado";"Simples";"Curva";"Não";1;0;1;0;0;0;1;1;-11,978092;-39,10112;"SPRF-BA";"DEL02-BA";"UOP01-DEL02-BA"
534180;2023-07-07;"sexta-feira";"08:00:00";"PE";232;13;"JABOATAO DOS GUARARAPES";"Acumulo de água sobre o pavimento";"Capotamento";"Com Vítimas Feridas";"Pleno dia";"Decrescente";"Chuva";"Dupla";"Reta;Declive";"Sim";2;0;2;0;0;0;2;1;-8,08831567;-35,01203806;"SPRF-PE";"DEL01-PE";"UOP01-DEL01-PE"
534183;2023-07-07;"sexta-feira";"08:10:00";"MG";40;34,3;"PARACATU";"Entrada inopinada do pedestre";"Atropelamento de Pedestre";"Com Vítimas Feridas";"Pleno dia";"Decrescente";"Céu Claro";"Dupla";"Aclive";"Não";2;0;1;0;1;0;1;2;-17,18867389;-46,92301984;"SPRF-MG";"DEL14-MG";"UOP01-DEL14-MG"
534187;2023-07-07;"sexta-feira";"07:15:00";"SC";282;606;"MARAVILHA";"Acessar a via sem observar a presença dos outros veículos";"Colisão transversal";"Com Vítimas Feridas";"Amanhecer";"Decrescente";"Céu Claro";"Simples";"Rotatória;Interseção de Vias;Retorno Regulamentado";"Sim";2;0;1;0;1;0;1;2;-26,778643;-53,198692;"SPRF-SC";"DEL07-SC";"UOP02-DEL07-SC"
534188;2023-07-07;"sexta-feira";"09:40:00";"GO";153;493,9;"GOIANIA";"Reação tardia ou ineficiente do condutor";"Colisão traseira";"Com Vítimas Feridas";"Pleno dia";"Crescente";"Céu Claro";"Dupla";"Reta";"Sim";2;0;1;0;1;0;1;2;-16,6537;-49,2172;"SPRF-GO";"DEL01-GO";"UOP01-DEL01-GO"
534189;2023-07-07;"sexta-feira";"10:00:00";"PR";277;690;"SAO MIGUEL DO IGUACU";"Reação tardia ou ineficiente do condutor";"Queda de ocupante de veículo";"Com Vítimas Feridas";"Pleno dia";"Crescente";"Céu Claro";"Dupla";"Reta";"Sim";2;0;0;2;0;0;2;1;-25,3582673;-54,24527283;"SPRF-PR";"DEL05-PR";"UOP01-DEL05-PR"
534190;2023-07-07;"sexta-feira";"10:20:00";"ES";101;298,5;"VIANA";"Reação tardia ou ineficiente do condutor";"Atropelamento de Pedestre";"Com Vítimas Feridas";"Pleno dia";"Crescente";"Céu Claro";"Dupla";"Reta";"Sim";2;0;1;0;1;0;1;2;-20,35738193;-40,41925907;"SPRF-ES";"DEL01-ES";"UOP01-DEL01-ES"
534191;2023-07-07;"sexta-feira";"10:00:00";"SC";101;211;"PALHOCA";"Demais falhas mecânicas ou elétricas";"Colisão traseira";"Com Vítimas Feridas";"Pleno dia";"Decrescente";"Nublado";"Dupla";"Reta";"Sim";2;0;0;1;1;0;1;2;-27,62329313;-48,65245588;"SPRF-SC";"DEL01-SC";"UOP02-DEL01-SC"
534194;2023-07-07;"sexta-feira";"08:30:00";"SC";282;2,9;"FLORIANOPOLIS";"Trafegar com motocicleta (ou similar) entre as faixas";"Colisão lateral mesmo sentido";"Com Vítimas Feridas";"Pleno dia";"Decrescente";"Nublado";"Dupla";"Reta";"Sim";2;0;1;0;1;0;1;2;-27,603289;-48,590416;"SPRF-SC";"DEL01-SC";"UOP01-DEL01-SC"
534196;2023-07-07;"sexta-feira";"04:00:00";"MG";40;677,6;"CARANDAI";"Ausência de reação do condutor";"Saída de leito carroçável";"Sem Vítimas";"Plena Noite";"Crescente";"Céu Claro";"Simples";"Reta";"Não";1;0;0;0;0;1;0;1;-21,03316714;-43,77717756;"SPRF-MG";"DEL05-MG";"UOP02-DEL05-MG"
534197;2023-07-07;"sexta-feira";"07:30:00";"RO";364;13;"VILHENA";"Problema com o freio";"Tombamento";"Com Vítimas Feridas";"Pleno dia";"Crescente";"Céu Claro";"Simples";"Interseção de Vias;Rotatória";"Sim";1;0;0;1;0;0;1;1;-12,74140004;-60,13026401;"SPRF-RO";"DEL04-RO";"UOP01-DEL04-RO"
534198;2023-07-07;"sexta-feira";"09:15:00";"MS";463;104,2;"PONTA PORA";"Ingestão de álcool pelo condutor";"Colisão lateral mesmo sentido";"Com Vítimas Feridas";"Pleno dia";"Decrescente";"Céu Claro";"Simples";"Reta";"Não";2;0;1;0;1;0;1;2;-22,60782925;-55,65013213;"SPRF-MS";"DEL04-MS";"UOP03-DEL04-MS"
534200;2023-07-07;"sexta-feira";"10:30:00";"RJ";116;259;"PIRAI";"Reação tardia ou ineficiente do condutor";"Colisão traseira";"Com Vítimas Feridas";"Pleno dia";"Decrescente";"Céu Claro";"Dupla";"Reta";"Não";3;0;1;0;2;0;1;2;-22,58204838;-44,03112799;"SPRF-RJ";"DEL07-RJ";"UOP02-DEL07-RJ"
534202;2023-02-03;"sexta-feira";"13:30:00";"MA";10;128;"ESTREITO";"Condutor Dormindo";"Colisão frontal";"Com Vítimas Feridas";"Pleno dia";"Decrescente";"Céu Claro";"Dupla";"Reta";"Não";1;0;0;1;0;0;1;1;-6,57719188;-47,4429157;"SPRF-MA";"DEL04-MA";"UOP02-DEL04-MA"
534203;2023-07-07;"sexta-feira";"08:40:00";"MG";40;83;"PARACATU";"Demais falhas mecânicas ou elétricas";"Saída de leito carroçável";"Com Vítimas Feridas";"Pleno dia";"Crescente";"Céu Claro";"Simples";"Reta";"Não";2;0;1;0;1;0;1;1;-17,47406205;-46,63560502;"SPRF-MG";"DEL14-MG";"UOP01-DEL14-MG"
534205;2023-07-07;"sexta-feira";"10:50:00";"MG";50;71;"UBERLANDIA";"Velocidade Incompatível";"Colisão traseira";"Com Vítimas Feridas";"Pleno dia";"Crescente";"Sol";"Dupla";"Reta";"Sim";2;0;0;1;1;0;1;2;-18,85140204;-48,25345932;"SPRF-MG";"DEL15-MG";"UOP01-DEL15-MG"
534207;2023-07-07;"sexta-feira";"10:25:00";"PR";277;476;"NOVA LARANJEIRAS";"Retorno proibido";"Colisão transversal";"Com Vítimas Feridas";"Pleno dia";"Decrescente";"Sol";"Simples";"Reta";"Não";2;0;1;0;1;0;1;2;-25,30570383;-52,55588296;"SPRF-PR";"DEL04-PR";"UOP02-DEL04-PR"
534208;2023-07-07;"sexta-feira";"10:20:00";"RO";319;64;"PORTO VELHO";"Ausência de reação do condutor";"Colisão lateral mesmo sentido";"Sem Vítimas";"Pleno dia";"Crescente";"Céu Claro";"Múltipla";"Reta";"Sim";2;0;0;0;2;0;0;2;-8,766685;-63,884052;"SPRF-RO";"DEL01-RO";"UOP01-DEL01-RO"
534209;2023-07-07;"sexta-feira";"11:45:00";"SP";381;69;"MAIRIPORA";"Velocidade Incompatível";"Tombamento";"Com Vítimas Feridas";"Pleno dia";"Decrescente";"Céu Claro";"Dupla";"Curva";"Não";2;0;1;0;1;0;1;1;-23,34553108;-46,56787903;"SPRF-SP";"DEL03-SP";"UOP01-DEL03-SP"
534210;2023-07-07;"sexta-feira";"11:35:00";"SP";116;220;"GUARULHOS";"Manobra de mudança de faixa";"Colisão lateral mesmo sentido";"Com Vítimas Feridas";"Pleno dia";"Crescente";"Céu Claro";"Múltipla";"Reta";"Sim";2;0;1;0;1;0;1;2;-23,46472809;-46,49793962;"SPRF-SP";"DEL01-SP";"UOP01-DEL01-SP"
534211;2023-07-07;"sexta-feira";"11:30:00";"RS";290;587;"ALEGRETE";"Reação tardia ou ineficiente do condutor";"Saída de leito carroçável";"Com Vítimas Feridas";"Pleno dia";"Crescente";"Chuva";"Simples";"Curva";"Não";1;0;1;0;0;0;1;1;-29,80644;-55,847042;"SPRF-RS";"DEL13-RS";"UOP02-DEL13-RS"
534212;2023-07-07;"sexta-feira";"11:40:00";"SP";116;511;"CAJATI";"Manobra de mudança de faixa";"Colisão transversal";"Com Vítimas Feridas";"Pleno dia";"Crescente";"Céu Claro";"Simples";"Reta";"Não";4;0;3;0;1;0;3;2;-24,79974708;-48,2132864;"SPRF-SP";"DEL05-SP";"UOP02-DEL05-SP"
534217;2023-07-07;"sexta-feira";"11:00:00";"RJ";116;259;"PIRAI";"Demais falhas mecânicas ou elétricas";"Colisão com objeto";"Com Vítimas Feridas";"Pleno dia";"Decrescente";"Sol";"Dupla";"Aclive;Reta";"Não";1;0;1;0;0;0;1;1;-22,58204838;-44,03112799;"SPRF-RJ";"DEL07-RJ";"UOP02-DEL07-RJ"
534218;2023-07-07;"sexta-feira";"11:30:00";"SE";101;35;"CAPELA";"Avarias e/ou desgaste excessivo no pneu";"Saída de leito carroçável";"Com Vítimas Feridas";"Pleno dia";"Crescente";"Chuva";"Dupla";"Curva";"Não";3;0;3;0;0;0;3;1;-10,48368938;-36,94598712;"SPRF-SE";"DEL02-SE";"UOP02-DEL02-SE"
534219;2023-07-07;"sexta-feira";"12:40:00";"SP";116;218;"GUARULHOS";"Manobra de mudança de faixa";"Colisão traseira";"Com Vítimas Feridas";"Pleno dia";"Crescente";"Céu Claro";"Múltipla";"Reta";"Não";3;0;2;0;1;0;2;2;-23,457972;-46,479927;"SPRF-SP";"DEL01-SP";"UOP01-DEL01-SP"
534222;2023-07-07;"sexta-feira";"07:45:00";"PR";376;368,4;"ORTIGUEIRA";"Avarias e/ou desgaste excessivo no pneu";"Saída de leito carroçável";"Com Vítimas Feridas";"Pleno dia";"Decrescente";"Céu Claro";"Simples";"Reta";"Não";4;0;2;2;0;0;4;1;-24,36270663;-50,80839794;"SPRF-PR";"DEL07-PR";"UOP02-DEL07-PR"
534223;2023-07-07;"sexta-feira";"09:02:00";"RJ";393;238;"VASSOURAS";"Reação tardia ou ineficiente do condutor";"Colisão traseira";"Com Vítimas Feridas";"Pleno dia";"Decrescente";"Sol";"Simples";"Em Obras;Reta;Interseção de Vias";"Sim";4;0;1;0;3;0;1;3;-22,42874186;-43,69622111;"SPRF-RJ";"DEL05-RJ";"UOP03-DEL05-RJ"
534225;2023-03-24;"sexta-feira";"07:11:00";"PI";343;335,8;"TERESINA";"Velocidade Incompatível";"Colisão com objeto";"Com Vítimas Fatais";"Pleno dia";"Crescente";"Nublado";"Dupla";"Reta";"Sim";2;1;0;0;1;0;0;2;-5,061626;-42,696655;"SPRF-PI";"DEL01-PI";"UOP01-DEL01-PI"
534227;2023-07-07;"sexta-feira";"11:55:00";"RS";285;122,2;"VACARIA";"Condutor deixou de manter distância do veículo da frente";"Colisão traseira";"Com Vítimas Feridas";"Pleno dia";"Decrescente";"Chuva";"Simples";"Interseção de Vias;Reta";"Sim";2;0;1;0;1;0;1;2;-28,50389315;-50,94762683;"SPRF-RS";"DEL05-RS";"UOP03-DEL05-RS"
534229;2023-07-07;"sexta-feira";"12:50:00";"SC";101;265;"PAULO LOPES";"Manobra de mudança de faixa";"Colisão lateral mesmo sentido";"Com Vítimas Feridas";"Pleno dia";"Crescente";"Nublado";"Dupla";"Reta";"Sim";6;0;1;0;4;1;1;3;-28,06001385;-48,71690948;"SPRF-SC";"DEL02-SC";"UOP03-DEL02-SC"
534230;2023-07-07;"sexta-feira";"13:00:00";"PI";343;15,5;"PARNAIBA";"Retorno proibido";"Colisão lateral sentido oposto";"Com Vítimas Feridas";"Pleno dia";"Decrescente";"Céu Claro";"Simples";"Reta";"Sim";2;0;1;0;1;0;1;2;-2,93659;-41,754936;"SPRF-PI";"DEL05-PI";"UOP01-DEL05-PI"
534231;2023-06-17;"sábado";"08:50:00";"PE";428;180,7;"PETROLINA";"Condutor deixou de manter distância do veículo da frente";"Colisão traseira";"Sem Vítimas";"Pleno dia";"Decrescente";"Céu Claro";"Simples";"Reta";"Não";3;0;0;0;3;0;0;2;-9,31513013;-40,45737863;"SPRF-PE";"DEL06-PE";"UOP01-DEL06-PE"
534234;2023-07-07;"sexta-feira";"13:00:00";"SP";381;83;"SAO PAULO";"Demais falhas na via";"Saída de leito carroçável";"Com Vítimas Feridas";"Pleno dia";"Decrescente";"Céu Claro";"Múltipla";"Reta";"Sim";1;0;1;0;0;0;1;1;-23,4309671;-46,56998022;"SPRF-SP";"DEL03-SP";"UOP01-DEL03-SP"
534237;2023-07-07;"sexta-feira";"13:40:00";"RN";405;3,1;"MOSSORO";"Retorno proibido";"Colisão transversal";"Com Vítimas Feridas";"Pleno dia";"Crescente";"Nublado";"Simples";"Reta;Declive;Viaduto";"Sim";2;0;1;0;0;1;1;2;-5,193847;-37,38031626;"SPRF-RN";"DEL04-RN";"UOP02-DEL04-RN"
534239;2023-07-07;"sexta-feira";"13:40:00";"SC";101;226;"PALHOCA";"Demais falhas mecânicas ou elétricas";"Incêndio";"Sem Vítimas";"Pleno dia";"Decrescente";"Céu Claro";"Dupla";"Reta";"Não";1;0;0;0;1;0;0;1;-27,74200001;-48,63806504;"SPRF-SC";"DEL01-SC";"UOP02-DEL01-SC"
534240;2023-07-07;"sexta-feira";"07:00:00";"RJ";116;139;"MAGE";"Manobra de mudança de faixa";"Queda de ocupante de veículo";"Com Vítimas Feridas";"Pleno dia";"Crescente";"Céu Claro";"Dupla";"Reta";"Sim";4;0;0;2;2;0;2;3;-22,64655224;-43,20138601;"SPRF-RJ";"DEL01-RJ";"UOP01-DEL01-RJ"
534244;2023-07-07;"sexta-feira";"11:25:00";"PE";104;75,7;"CARUARU";"Manobra de mudança de faixa";"Colisão lateral mesmo sentido";"Com Vítimas Feridas";"Pleno dia";"Decrescente";"Chuva";"Simples";"Reta";"Não";2;0;1;0;1;0;1;2;-8,358562;-35,985699;"SPRF-PE";"DEL02-PE";"UOP01-DEL02-PE"
534245;2023-07-07;"sexta-feira";"14:28:00";"RN";101;106;"PARNAMIRIM";"Acessar a via sem observar a presença dos outros veículos";"Colisão traseira";"Com Vítimas Feridas";"Pleno dia";"Crescente";"Chuva";"Dupla";"Reta";"Sim";2;0;1;0;1;0;1;2;-5,91056401;-35,26130795;"SPRF-RN";"DEL01-RN";"UOP01-DEL01-RN"
534247;2023-07-07;"sexta-feira";"12:40:00";"BA";101;376,6;"IBIRAPITANGA";"Reação tardia ou ineficiente do condutor";"Colisão lateral mesmo sentido";"Com Vítimas Feridas";"Pleno dia";"Crescente";"Céu Claro";"Simples";"Reta";"Não";2;0;0;2;0;0;2;2;-13,95803902;-39,48365202;"SPRF-BA";"DEL05-BA";"UOP03-DEL05-BA"
534248;2023-07-07;"sexta-feira";"14:20:00";"RS";290;110;"ELDORADO DO SUL";"Reação tardia ou ineficiente do condutor";"Colisão traseira";"Com Vítimas Feridas";"Pleno dia";"Crescente";"Chuva";"Dupla";"Reta";"Não";3;0;2;0;1;0;2;2;-30,023552;-51,321091;"SPRF-RS";"DEL02-RS";"UOP01-DEL02-RS"
534250;2023-02-17;"sexta-feira";"08:00:00";"PR";376;172,6;"MARINGA";"Manobra de mudança de faixa";"Queda de ocupante de veículo";"Com Vítimas Feridas";"Pleno dia";"Crescente";"Ignorado";"Dupla";"Reta";"Sim";2;0;1;0;0;1;1;2;-23,41864679;-51,9731956;"SPRF-PR";"DEL09-PR";"UOP01-DEL09-PR"
534251;2023-07-07;"sexta-feira";"14:50:00";"BA";324;6;"FEIRA DE SANTANA";"Animais na Pista";"Atropelamento de Animal";"Com Vítimas Feridas";"Pleno dia";"Decrescente";"Nublado";"Dupla";"Reta";"Não";1;0;1;0;0;0;1;1;-12,267113;-38,966988;"SPRF-BA";"DEL02-BA";"UOP01-DEL02-BA"
534252;2023-07-07;"sexta-feira";"14:25:00";"MA";222;676,2;"ACAILANDIA";"Reação tardia ou ineficiente do condutor";"Atropelamento de Animal";"Com Vítimas Feridas";"Pleno dia";"Decrescente";"Céu Claro";"Simples";"Reta";"Sim";3;0;2;0;1;0;2;2;-4,94304617;-47,4690399;"SPRF-MA";"DEL04-MA";"UOP03-DEL04-MA"
534254;2023-07-07;"sexta-feira";"09:30:00";"PR";277;348;"GUARAPUAVA";"Reação tardia ou ineficiente do condutor";"Colisão traseira";"Com Vítimas Feridas";"Pleno dia";"Crescente";"Céu Claro";"Simples";"Reta;Em Obras";"Sim";2;0;1;0;1;0;1;2;-25,37667851;-51,50485039;"SPRF-PR";"DEL08-PR";"UOP01-DEL08-PR"
534255;2023-07-07;"sexta-feira";"14:00:00";"CE";116;34,6;"AQUIRAZ";"Sinalização mal posicionada";"Atropelamento de Pedestre";"Com Vítimas Feridas";"Pleno dia";"Crescente";"Céu Claro";"Múltipla";"Aclive";"Não";3;0;0;1;2;0;1;2;-3,97781108;-38,49602509;"SPRF-CE";"DEL01-CE";"UOP02-DEL01-CE"
534256;2023-07-07;"sexta-feira";"08:00:00";"TO";153;71;"WANDERLANDIA";"Pista Escorregadia";"Saída de leito carroçável";"Com Vítimas Feridas";"Pleno dia";"Crescente";"Céu Claro";"Simples";"Reta;Em Obras";"Não";3;0;0;2;1;0;2;1;-6,797544;-48,120688;"SPRF-TO";"DEL02-TO";"UOP01-DEL02-TO"
534257;2023-07-07;"sexta-feira";"14:39:00";"BA";324;592;"CANDEIAS";"Ausência de reação do condutor";"Colisão traseira";"Sem Vítimas";"Pleno dia";"Decrescente";"Céu Claro";"Dupla";"Reta";"Não";4;0;0;0;4;0;0;2;-12,69021804;-38,46568118;"SPRF-BA";"DEL01-BA";"UOP01-DEL01-BA"
534258;2023-07-07;"sexta-feira";"14:30:00";"RS";285;438,7;"BOZANO";"Acessar a via sem observar a presença dos outros veículos";"Colisão transversal";"Com Vítimas Feridas";"Pleno dia";"Crescente";"Chuva";"Simples";"Curva";"Não";2;0;1;0;1;0;1;2;-28,344213;-53,701355;"SPRF-RS";"DEL10-RS";"UOP01-DEL10-RS"
534259;2023-07-07;"sexta-feira";"15:00:00";"GO";80;348;"SAO MIGUEL DO ARAGUAIA";"Ausência de reação do condutor";"Colisão com objeto";"Com Vítimas Fatais";"Pleno dia";"Crescente";"Sol";"Simples";"Reta";"Não";1;1;0;0;0;0;0;1;-13,397062;-50,136151;"SPRF-GO";"DEL07-GO";"UOP01-DEL07-GO"
534260;2023-07-07;"sexta-feira";"15:20:00";"SC";101;121,3;"ITAJAI";"Condutor deixou de manter distância do veículo da frente";"Colisão traseira";"Sem Vítimas";"Pleno dia";"Crescente";"Nublado";"Múltipla";"Reta";"Sim";3;0;0;0;3;0;0;3;-26,92278737;-48,7078321;"SPRF-SC";"DEL04-SC";"UOP04-DEL04-SC"
534262;2023-06-01;"quinta-feira";"15:50:00";"ES";101;263,8;"SERRA";"Reação tardia ou ineficiente do condutor";"Colisão com objeto";"Com Vítimas Feridas";"Pleno dia";"Crescente";"Céu Claro";"Dupla";"Reta";"Sim";1;0;1;0;0;0;1;1;-20,17292791;-40,26736384;"SPRF-ES";"DEL02-ES";"UOP01-DEL02-ES"
534263;2023-07-07;"sexta-feira";"14:30:00";"PE";408;63,6;"CARPINA";"Acessar a via sem observar a presença dos outros veículos";"Colisão transversal";"Com Vítimas Feridas";"Pleno dia";"Crescente";"Chuva";"Simples";"Interseção de Vias;Reta";"Sim";2;0;2;0;0;0;2;2;-7,844983;-35,238542;"SPRF-PE";"DEL01-PE";"UOP01-DEL01-PE"
534264;2023-07-07;"sexta-feira";"15:30:00";"MG";40;553,5;"NOVA LIMA";"Reação tardia ou ineficiente do condutor";"Engavetamento";"Com Vítimas Feridas";"Pleno dia";"Crescente";"Céu Claro";"Dupla";"Reta";"Não";11;0;1;0;10;0;1;4;-20,06863326;-43,98194759;"SPRF-MG";"DEL01-MG";"UOP02-DEL01-MG"
534266;2023-07-07;"sexta-feira";"15:45:00";"SC";282;16,4;"PALHOCA";"Acessar a via sem observar a presença dos outros veículos";"Colisão transversal";"Com Vítimas Feridas";"Pleno dia";"Crescente";"Nublado";"Simples";"Interseção de Vias";"Sim";3;0;1;0;2;0;1;3;-27,658611;-48,681847;"SPRF-SC";"DEL01-SC";"UOP02-DEL01-SC"
534268;2023-07-07;"sexta-feira";"16:26:00";"SP";116;224;"GUARULHOS";"Reação tardia ou ineficiente do condutor";"Colisão lateral mesmo sentido";"Com Vítimas Feridas";"Pleno dia";"Decrescente";"Céu Claro";"Múltipla";"Reta";"Sim";3;0;1;0;2;0;1;3;-23,48071896;-46,53271603;"SPRF-SP";"DEL01-SP";"UOP01-DEL01-SP"
534269;2023-07-07;"sexta-feira";"16:15:00";"RN";101;109;"PARNAMIRIM";"Condutor deixou de manter distância do veículo da frente";"Colisão transversal";"Com Vítimas Feridas";"Pleno dia";"Decrescente";"Nublado";"Dupla";"Reta";"Sim";3;0;3;0;0;0;3;2;-5,937378;-35,26483;"SPRF-RN";"DEL01-RN";"UOP01-DEL01-RN"
534270;2023-07-07;"sexta-feira";"14:00:00";"PR";376;4;"SAO JOSE DOS PINHAIS";"Ausência de reação do condutor";"Engavetamento";"Com Vítimas Feridas";"Pleno dia";"Crescente";"Céu Claro";"Dupla";"Curva";"Sim";6;0;1;0;5;0;1;3;-25,5307;-49,1958;"SPRF-PR";"DEL01-PR";"UOP04-DEL01-PR"
534271;2023-07-07;"sexta-feira";"13:30:00";"GO";153;21;"PORANGATU";"Reação tardia ou ineficiente do condutor";"Saída de leito carroçável";"Com Vítimas Feridas";"Pleno dia";"Crescente";"Céu Claro";"Simples";"Reta";"Não";2;0;2;0;0;0;2;1;-13,012278;-49,161537;"SPRF-GO";"DEL07-GO";"UOP01-DEL07-GO"
534272;2023-07-07;"sexta-feira";"16:25:00";"GO";40;5;"VALPARAISO DE GOIAS";"Acessar a via sem observar a presença dos outros veículos";"Colisão transversal";"Com Vítimas Feridas";"Pleno dia";"Crescente";"Céu Claro";"Dupla";"Reta";"Sim";2;0;1;0;1;0;1;2;-16,093134;-47,982236;"SPRF-DF";"DEL01-DF";"UOP01-DEL01-DF"
534273;2023-07-07;"sexta-feira";"15:00:00";"MT";163;832,6;"SINOP";"Ingestão de álcool pelo condutor";"Queda de ocupante de veículo";"Com Vítimas Feridas";"Pleno dia";"Decrescente";"Céu Claro";"Simples";"Curva;Retorno Regulamentado";"Sim";1;0;1;0;0;0;1;1;-11,87819358;-55,49977725;"SPRF-MT";"DEL06-MT";"UOP02-DEL06-MT"
534274;2023-07-07;"sexta-feira";"16:35:00";"PB";230;158,8;"CAMPINA GRANDE";"Desrespeitar a preferência no cruzamento";"Colisão transversal";"Com Vítimas Feridas";"Anoitecer";"Decrescente";"Céu Claro";"Dupla";"Interseção de Vias";"Sim";3;0;1;1;1;0;2;2;-7,25662507;-35,92888713;"SPRF-PB";"DEL02-PB";"UOP01-DEL02-PB"
534276;2023-07-07;"sexta-feira";"15:42:00";"PA";230;10;"ALTAMIRA";"Conversão proibida";"Colisão traseira";"Com Vítimas Feridas";"Pleno dia";"Crescente";"Céu Claro";"Simples";"Reta;Declive";"Sim";3;0;1;0;2;0;1;2;-3,22143049;-52,25319039;"SPRF-PA";"DEL04-PA";"UOP01-DEL04-PA"
534277;2023-07-07;"sexta-feira";"16:00:00";"SP";116;401;"MIRACATU";"Ausência de reação do condutor";"Saída de leito carroçável";"Com Vítimas Feridas";"Pleno dia";"Crescente";"Céu Claro";"Dupla";"Rotatória";"Não";1;0;1;0;0;0;1;1;-24,31051469;-47,50995275;"SPRF-SP";"DEL04-SP";"UOP02-DEL04-SP"
534278;2023-07-07;"sexta-feira";"15:40:00";"PE";101;106;"CABO DE SANTO AGOSTINHO";"Acumulo de água sobre o pavimento";"Saída de leito carroçável";"Com Vítimas Feridas";"Anoitecer";"Decrescente";"Chuva";"Múltipla";"Curva";"Não";1;0;1;0;0;0;1;1;-8,30807754;-35,07573296;"SPRF-PE";"DEL01-PE";"UOP03-DEL01-PE"
534279;2023-07-07;"sexta-feira";"16:15:00";"PE";101;106;"CABO DE SANTO AGOSTINHO";"Ausência de reação do condutor";"Capotamento";"Com Vítimas Feridas";"Pleno dia";"Decrescente";"Chuva";"Dupla";"Curva";"Não";1;0;1;0;0;0;1;1;-8,30807754;-35,07573296;"SPRF-PE";"DEL01-PE";"UOP03-DEL01-PE"
534280;2023-07-07;"sexta-feira";"15:55:00";"PA";163;985,9;"SANTAREM";"Acessar a via sem observar a presença dos outros veículos";"Colisão transversal";"Com Vítimas Feridas";"Pleno dia";"Decrescente";"Céu Claro";"Simples";"Reta";"Não";2;0;0;1;1;0;1;2;-2,60170904;-54,7193154;"SPRF-PA";"DEL05-PA";"UOP01-DEL05-PA"
534282;2023-07-07;"sexta-feira";"16:45:00";"SC";280;27;"ARAQUARI";"Transitar na contramão";"Colisão transversal";"Com Vítimas Feridas";"Pleno dia";"Crescente";"Céu Claro";"Simples";"Reta";"Sim";2;0;1;0;1;0;1;2;-26,39685622;-48,74021969;"SPRF-SC";"DEL03-SC";"UOP03-DEL03-SC"
534283;2023-07-07;"sexta-feira";"17:10:00";"PE";232;12,9;"JABOATAO DOS GUARARAPES";"Pista esburacada";"Queda de ocupante de veículo";"Com Vítimas Feridas";"Plena Noite";"Crescente";"Chuva";"Dupla";"Reta";"Não";1;0;1;0;0;0;1;1;-8,08577691;-35,00345603;"SPRF-PE";"DEL01-PE";"UOP01-DEL01-PE"
534284;2023-07-07;"sexta-feira";"18:05:00";"SC";101;207,6;"SAO JOSE";"Condutor deixou de manter distância do veículo da frente";"Colisão traseira";"Com Vítimas Feridas";"Plena Noite";"Crescente";"Céu Claro";"Dupla";"Reta";"Não";2;0;1;0;1;0;1;2;-27,60001226;-48,6226467;"SPRF-SC";"DEL01-SC";"UOP01-DEL01-SC"
534285;2023-07-07;"sexta-feira";"18:15:00";"MG";116;701,7;"MURIAE";"Acessar a via sem observar a presença dos outros veículos";"Colisão transversal";"Com Vítimas Feridas";"Plena Noite";"Decrescente";"Céu Claro";"Simples";"Reta;Interseção de Vias";"Sim";2;0;2;0;0;0;2;2;-21,11084891;-42,3806104;"SPRF-MG";"DEL07-MG";"UOP02-DEL07-MG"
534286;2023-07-07;"sexta-feira";"18:20:00";"SC";101;160;"PORTO BELO";"Reação tardia ou ineficiente do condutor";"Saída de leito carroçável";"Com Vítimas Feridas";"Plena Noite";"Decrescente";"Céu Claro";"Dupla";"Reta";"Não";1;0;1;0;0;0;1;1;-27,20831288;-48,61987922;"SPRF-SC";"DEL04-SC";"UOP03-DEL04-SC"
534287;2023-07-07;"sexta-feira";"16:50:00";"PI";316;5;"TERESINA";"Reação tardia ou ineficiente do condutor";"Colisão traseira";"Com Vítimas Feridas";"Pleno dia";"Decrescente";"Céu Claro";"Simples";"Reta";"Sim";6;0;1;0;5;0;1;3;-5,14169858;-42,78157276;"SPRF-PI";"DEL01-PI";"UOP02-DEL01-PI"
534288;2023-07-07;"sexta-feira";"17:50:00";"BA";101;743,5;"ITABELA";"Reação tardia ou ineficiente do condutor";"Colisão com objeto";"Com Vítimas Feridas";"Plena Noite";"Decrescente";"Céu Claro";"Simples";"Aclive;Reta";"Não";1;0;0;1;0;0;1;1;-16,562237;-39,564563;"SPRF-BA";"DEL09-BA";"UOP01-DEL09-BA"
534289;2023-07-07;"sexta-feira";"17:35:00";"PE";232;16,9;"JABOATAO DOS GUARARAPES";"Acessar a via sem observar a presença dos outros veículos";"Colisão traseira";"Com Vítimas Feridas";"Plena Noite";"Decrescente";"Chuva";"Múltipla";"Retorno Regulamentado";"Não";3;0;2;0;1;0;2;2;-8,09414193;-35,03716601;"SPRF-PE";"DEL01-PE";"UOP01-DEL01-PE"