"id";"data_inversa";"dia_semana";"horario";"uf";"br";"km";"municipio";"causa_acidente";"tipo_acidente";"classificacao_acidente";"fase_dia";"sentido_via";"condicao_metereologica";"tipo_pista";"tracado_via";"uso_solo";"pessoas";"mortos";"feridos_leves";"feridos_graves";"ilesos";"ignorados";"feridos";"veiculos";"latitude";"longitude";"regional";"delegacia";"uop"
534290;2023-07-07;"sexta-feira";"18:10:00";"RS";116;269;"CANOAS";"Manobra de mudança de faixa";"Colisão com objeto";"Com Vítimas Feridas";"Plena Noite";"Decrescente";"Chuva";"Múltipla";"Reta";"Sim";1;0;1;0;0;0;1;1;-29,95942501;-51,17608515;"SPRF-RS";"DEL01-RS";"UOP01-DEL01-RS"
534292;2023-07-07;"sexta-feira";"17:45:00";"SP";116;278,9;"EMBU DAS ARTES";"Manobra de mudança de faixa";"Colisão traseira";"Com Vítimas Feridas";"Anoitecer";"Crescente";"Céu Claro";"Dupla";"Reta";"Sim";2;0;1;0;1;0;1;2;-23,65508497;-46,84918605;"SPRF-SP";"DEL04-SP";"UOP01-DEL04-SP"
534293;2023-07-07;"sexta-feira";"15:52:00";"RJ";493;16;"GUAPIMIRIM";"Reação tardia ou ineficiente do condutor";"Atropelamento de Pedestre";"Com Vítimas Feridas";"Pleno dia";"Crescente";"Céu Claro";"Simples";"Reta";"Não";5;0;0;1;3;1;1;3;-22,66434888;-43,00014505;"SPRF-RJ";"DEL04-RJ";"UOP02-DEL04-RJ"
534294;2023-05-06;"sábado";"22:30:00";"RS";116;143,8;"CAXIAS DO SUL";"Velocidade Incompatível";"Colisão com objeto";"Com Vítimas Feridas";"Plena Noite";"Decrescente";"Nublado";"Dupla";"Curva";"Sim";1;0;0;1;0;0;1;1;-29,1201739;-51,12260651;"SPRF-RS";"DEL05-RS";"UOP01-DEL05-RS"
534295;2023-07-07;"sexta-feira";"17:43:00";"CE";116;13;"FORTALEZA";"Frear bruscamente";"Queda de ocupante de veículo";"Com Vítimas Fatais";"Anoitecer";"Decrescente";"Céu Claro";"Múltipla";"Reta";"Sim";1;1;0;0;0;0;0;1;-3,86973356;-38,49827361;"SPRF-CE";"DEL01-CE";"UOP02-DEL01-CE"
534296;2023-07-07;"sexta-feira";"18:10:00";"RN";101;100,3;"PARNAMIRIM";"Manobra de mudança de faixa";"Colisão lateral mesmo sentido";"Com Vítimas Feridas";"Plena Noite";"Crescente";"Garoa/Chuvisco";"Múltipla";"Interseção de Vias";"Sim";2;0;0;1;0;1;1;2;-5,88106901;-35,22542396;"SPRF-RN";"DEL01-RN";"UOP01-DEL01-RN"
534297;2023-07-07;"sexta-feira";"18:20:00";"PA";155;322;"MARABA";"Reação tardia ou ineficiente do condutor";"Engavetamento";"Sem Vítimas";"Plena Noite";"Decrescente";"Céu Claro";"Simples";"Reta";"Não";3;0;0;0;3;0;0;3;-5,55797;-49,07454;"SPRF-PA";"DEL03-PA";"UOP01-DEL03-PA"
534298;2023-07-07;"sexta-feira";"18:40:00";"PR";277;610;"SANTA TEREZA DO OESTE";"Acessar a via sem observar a presença dos outros veículos";"Colisão transversal";"Com Vítimas Feridas";"Plena Noite";"Decrescente";"Céu Claro";"Simples";"Reta";"Sim";3;0;1;0;2;0;1;2;-25,05111043;-53,62214392;"SPRF-PR";"DEL05-PR";"UOP02-DEL05-PR"
534299;2023-07-07;"sexta-feira";"18:15:00";"RJ";40;118;"DUQUE DE CAXIAS";"Reação tardia ou ineficiente do condutor";"Colisão traseira";"Com Vítimas Feridas";"Plena Noite";"Decrescente";"Céu Claro";"Múltipla";"Reta";"Sim";2;0;1;0;1;0;1;2;-22,75470802;-43,28737838;"SPRF-RJ";"DEL01-RJ";"UOP01-DEL01-RJ"
534300;2023-07-07;"sexta-feira";"17:15:00";"MG";267;7;"LEOPOLDINA";"Ultrapassagem Indevida";"Colisão lateral sentido oposto";"Com Vítimas Feridas";"Anoitecer";"Crescente";"Céu Claro";"Simples";"Reta";"Não";3;0;1;0;2;0;1;3;-21,56565429;-42,67887208;"SPRF-MG";"DEL07-MG";"UOP01-DEL07-MG"
534301;2023-07-07;"sexta-feira";"19:00:00";"SC";101;195;"BIGUACU";"Manobra de mudança de faixa";"Colisão lateral mesmo sentido";"Com Vítimas Feridas";"Plena Noite";"Crescente";"Nublado";"Dupla";"Reta";"Sim";3;0;1;0;2;0;1;3;-27,5047092;-48,65010819;"SPRF-SC";"DEL01-SC";"UOP01-DEL01-SC"
534304;2023-07-07;"sexta-feira";"18:30:00";"RJ";101;329;"RIO DE JANEIRO";"Manobra de mudança de faixa";"Colisão lateral mesmo sentido";"Com Vítimas Feridas";"Plena Noite";"Decrescente";"Céu Claro";"Dupla";"Reta";"Sim";2;0;1;0;1;0;1;2;-22,86939305;-43,175642;"SPRF-RJ";"DEL02-RJ";"UOP01-DEL02-RJ"
534306;2023-07-07;"sexta-feira";"19:00:00";"BA";135;188;"BARREIRAS";"Ingestão de álcool pelo condutor";"Colisão frontal";"Sem Vítimas";"Plena Noite";"Decrescente";"Céu Claro";"Simples";"Reta";"Sim";4;0;0;0;4;0;0;2;-12,21946897;-45,01942509;"SPRF-BA";"DEL08-BA";"UOP04-DEL08-BA"
534308;2023-07-07;"sexta-feira";"18:11:00";"PR";376;15,6;"MARINGA";"Entrada inopinada do pedestre";"Atropelamento de Pedestre";"Com Vítimas Fatais";"Anoitecer";"Decrescente";"Nublado";"Dupla";"Declive;Reta";"Sim";2;1;0;0;1;0;0;2;-23,417279;-51,882102;"SPRF-PR";"DEL09-PR";"UOP01-DEL09-PR"
534309;2023-07-07;"sexta-feira";"18:10:00";"RJ";40;122;"DUQUE DE CAXIAS";"Manobra de mudança de faixa";"Colisão lateral mesmo sentido";"Com Vítimas Feridas";"Plena Noite";"Crescente";"Céu Claro";"Dupla";"Reta";"Sim";2;0;1;0;1;0;1;2;-22,79083113;-43,28611569;"SPRF-RJ";"DEL01-RJ";"UOP01-DEL01-RJ"
534310;2023-07-07;"sexta-feira";"16:30:00";"TO";153;112;"WANDERLANDIA";"Acessar a via sem observar a presença dos outros veículos";"Colisão transversal";"Com Vítimas Feridas";"Anoitecer";"Decrescente";"Céu Claro";"Simples";"Curva";"Não";3;0;1;0;2;0;1;2;-6,96704902;-48,09875697;"SPRF-TO";"DEL02-TO";"UOP01-DEL02-TO"
534311;2023-07-07;"sexta-feira";"18:40:00";"MS";262;445;"DOIS IRMAOS DO BURITI";"Animais na Pista";"Atropelamento de Animal";"Com Vítimas Feridas";"Plena Noite";"Crescente";"Céu Claro";"Simples";"Reta";"Não";1;0;1;0;0;0;1;1;-20,53000169;-55,4102201;"SPRF-MS";"DEL03-MS";"UOP01-DEL03-MS"
534312;2023-07-07;"sexta-feira";"14:50:00";"SC";280;25;"ARAQUARI";"Desrespeitar a preferência no cruzamento";"Colisão transversal";"Com Vítimas Feridas";"Pleno dia";"Crescente";"Céu Claro";"Simples";"Reta;Em Obras";"Sim";2;0;1;0;1;0;1;2;-26,38237399;-48,72565269;"SPRF-SC";"DEL03-SC";"UOP03-DEL03-SC"
534313;2023-07-07;"sexta-feira";"18:40:00";"PR";376;226,3;"CAMBIRA";"Acessar a via sem observar a presença dos outros veículos";"Colisão lateral mesmo sentido";"Sem Vítimas";"Plena Noite";"Crescente";"Céu Claro";"Dupla";"Reta;Aclive";"Não";3;0;0;0;2;1;0;2;-23,57667294;-51,55279908;"SPRF-PR";"DEL07-PR";"UOP03-DEL07-PR"
534314;2023-07-07;"sexta-feira";"16:40:00";"AC";364;135;"RIO BRANCO";"Transitar no Acostamento";"Colisão lateral mesmo sentido";"Com Vítimas Feridas";"Pleno dia";"Crescente";"Céu Claro";"Dupla";"Reta";"Não";3;0;0;1;0;2;1;3;-9,98588117;-67,84523538;"SPRF-AC";"DEL01-AC";"UOP01-DEL01-AC"
534316;2023-07-07;"sexta-feira";"18:20:00";"MA";230;2;"BARAO DE GRAJAU";"Pedestre andava na pista";"Atropelamento de Pedestre";"Com Vítimas Feridas";"Plena Noite";"Crescente";"Céu Claro";"Simples";"Reta";"Sim";2;0;1;1;0;0;2;2;-6,75451474;-43,02540492;"SPRF-PI";"DEL03-PI";"UOP01-DEL03-PI"
534319;2023-07-07;"sexta-feira";"20:14:00";"SP";116;136;"SAO JOSE DOS CAMPOS";"Reação tardia ou ineficiente do condutor";"Saída de leito carroçável";"Com Vítimas Feridas";"Pleno dia";"Decrescente";"Céu Claro";"Dupla";"Reta";"Não";2;0;1;0;1;0;1;1;-23,14874471;-45,77863714;"SPRF-SP";"DEL02-SP";"UOP01-DEL02-SP"
534320;2023-07-07;"sexta-feira";"19:40:00";"SC";280;32,9;"ARAQUARI";"Acessar a via sem observar a presença dos outros veículos";"Colisão transversal";"Com Vítimas Feridas";"Plena Noite";"Crescente";"Nublado";"Simples";"Interseção de Vias";"Não";2;0;1;0;1;0;1;2;-26,420618;-48,779335;"SPRF-SC";"DEL03-SC";"UOP03-DEL03-SC"
534323;2023-07-07;"sexta-feira";"19:20:00";"ES";101;243,5;"SERRA";"Reação tardia ou ineficiente do condutor";"Capotamento";"Com Vítimas Feridas";"Plena Noite";"Crescente";"Céu Claro";"Simples";"Curva";"Não";2;0;1;1;0;0;2;1;-20,04477848;-40,38903236;"SPRF-ES";"DEL02-ES";"UOP01-DEL02-ES"
534324;2023-07-07;"sexta-feira";"19:50:00";"PB";230;1;"PATOS";"Acessar a via sem observar a presença dos outros veículos";"Colisão lateral mesmo sentido";"Com Vítimas Feridas";"Plena Noite";"Crescente";"Céu Claro";"Simples";"Reta";"Sim";2;0;0;1;1;0;1;2;-7,01077528;-37,2902298;"SPRF-PB";"DEL03-PB";"UOP01-DEL03-PB"
534328;2023-07-07;"sexta-feira";"20:30:00";"BA";116;675;"JEQUIE";"Reação tardia ou ineficiente do condutor";"Saída de leito carroçável";"Com Vítimas Feridas";"Plena Noite";"Decrescente";"Céu Claro";"Simples";"Interseção de Vias";"Não";2;0;0;1;1;0;1;1;-13,87313792;-40,12786715;"SPRF-BA";"DEL03-BA";"UOP01-DEL03-BA"
534329;2023-07-05;"quarta-feira";"06:45:00";"MS";262;129;"AGUA CLARA";"Velocidade Incompatível";"Saída de leito carroçável";"Com Vítimas Feridas";"Pleno dia";"Decrescente";"Céu Claro";"Simples";"Reta";"Não";1;0;1;0;0;0;1;1;-20,49058321;-52,75785404;"SPRF-MS";"DEL07-MS";"UOP02-DEL07-MS"
534330;2023-07-07;"sexta-feira";"18:40:00";"BA";101;321;"PRESIDENTE TANCREDO NEVES";"Reação tardia ou ineficiente do condutor";"Colisão frontal";"Com Vítimas Feridas";"Plena Noite";"Decrescente";"Céu Claro";"Simples";"Curva";"Não";3;0;0;2;0;1;2;2;-13,52223296;-39,44931768;"SPRF-BA";"DEL05-BA";"UOP03-DEL05-BA"
534331;2023-07-07;"sexta-feira";"20:20:00";"PR";116;97,4;"SAO JOSE DOS PINHAIS";"Iluminação deficiente";"Colisão traseira";"Com Vítimas Feridas";"Plena Noite";"Decrescente";"Céu Claro";"Dupla";"Reta";"Sim";3;0;2;0;1;0;2;2;-25,551238;-49,14959;"SPRF-PR";"DEL01-PR";"UOP07-DEL01-PR"
534333;2023-07-07;"sexta-feira";"18:30:00";"RJ";116;184;"NOVA IGUACU";"Trafegar com motocicleta (ou similar) entre as faixas";"Queda de ocupante de veículo";"Com Vítimas Feridas";"Plena Noite";"Crescente";"Céu Claro";"Múltipla";"Reta";"Não";1;0;1;0;0;0;1;1;-22,74787392;-43,44385207;"SPRF-RJ";"DEL01-RJ";"UOP02-DEL01-RJ"
534334;2023-07-07;"sexta-feira";"19:00:00";"MG";381;478;"CONTAGEM";"Pedestre cruzava a pista fora da faixa";"Atropelamento de Pedestre";"Com Vítimas Feridas";"Plena Noite";"Decrescente";"Céu Claro";"Múltipla";"Reta;Aclive";"Sim";2;0;0;1;1;0;1;2;-19,95826094;-44,05921101;"SPRF-MG";"DEL01-MG";"UOP03-DEL01-MG"
534335;2023-07-07;"sexta-feira";"20:00:00";"PR";116;174;"QUITANDINHA";"Ausência de reação do condutor";"Colisão lateral sentido oposto";"Com Vítimas Feridas";"Plena Noite";"Crescente";"Céu Claro";"Simples";"Curva";"Não";5;0;2;0;3;0;2;4;-25,89000438;-49,51697175;"SPRF-PR";"DEL01-PR";"UOP03-DEL01-PR"
534336;2023-07-07;"sexta-feira";"17:00:00";"RJ";393;171;"TRES RIOS";"Avarias e/ou desgaste excessivo no pneu";"Colisão com objeto";"Com Vítimas Feridas";"Pleno dia";"Crescente";"Céu Claro";"Simples";"Curva";"Sim";1;0;1;0;0;0;1;1;-22,12300119;-43,16875093;"SPRF-RJ";"DEL05-RJ";"UOP02-DEL05-RJ"
534338;2023-07-07;"sexta-feira";"20:00:00";"GO";40;10;"LUZIANIA";"Ausência de reação do condutor";"Saída de leito carroçável";"Com Vítimas Feridas";"Plena Noite";"Decrescente";"Céu Claro";"Dupla";"Reta;Retorno Regulamentado";"Não";1;0;1;0;0;0;1;1;-16,131285;-47,957923;"SPRF-DF";"DEL01-DF";"UOP01-DEL01-DF"
534342;2023-07-07;"sexta-feira";"20:30:00";"SP";116;298;"ITAPECERICA DA SERRA";"Pedestre andava na pista";"Atropelamento de Pedestre";"Com Vítimas Feridas";"Plena Noite";"Crescente";"Nublado";"Dupla";"Reta";"Sim";2;0;1;0;0;1;1;2;-23,790858;-46,91450298;"SPRF-SP";"DEL04-SP";"UOP01-DEL04-SP"
534343;2023-07-07;"sexta-feira";"21:10:00";"SC";470;65,7;"INDAIAL";"Retorno proibido";"Colisão transversal";"Com Vítimas Feridas";"Plena Noite";"Decrescente";"Nublado";"Simples";"Reta";"Sim";2;0;1;0;1;0;1;2;-26,87086316;-49,21931914;"SPRF-SC";"DEL04-SC";"UOP01-DEL04-SC"
534345;2023-07-07;"sexta-feira";"20:30:00";"MT";70;0,2;"BARRA DO GARCAS";"Acessar a via sem observar a presença dos outros veículos";"Colisão transversal";"Com Vítimas Feridas";"Plena Noite";"Crescente";"Céu Claro";"Simples";"Curva";"Não";2;0;1;0;1;0;1;2;-15,895538;-52,25599;"SPRF-MT";"DEL07-MT";"UOP01-DEL07-MT"
534346;2023-07-07;"sexta-feira";"20:20:00";"BA";324;559;"AMELIA RODRIGUES";"Ausência de reação do condutor";"Colisão traseira";"Sem Vítimas";"Plena Noite";"Decrescente";"Chuva";"Dupla";"Reta";"Não";2;0;0;0;1;1;0;2;-12,499119;-38,644366;"SPRF-BA";"DEL01-BA";"UOP03-DEL01-BA"
534349;2023-07-07;"sexta-feira";"19:20:00";"SC";116;139,9;"SANTA CECILIA";"Ingestão de álcool pelo condutor";"Colisão transversal";"Sem Vítimas";"Plena Noite";"Crescente";"Nublado";"Simples";"Reta";"Sim";2;0;0;0;2;0;0;2;-26,96377031;-50,41218281;"SPRF-SC";"DEL06-SC";"UOP02-DEL06-SC"
534350;2023-07-07;"sexta-feira";"08:20:00";"BA";101;584;"CAMACAN";"Estacionar ou parar em local proibido";"Colisão traseira";"Com Vítimas Feridas";"Pleno dia";"Decrescente";"Céu Claro";"Simples";"Rotatória";"Não";2;0;0;1;1;0;1;2;-15,385952;-39,484198;"SPRF-BA";"DEL05-BA";"UOP02-DEL05-BA"
534351;2023-07-07;"sexta-feira";"19:55:00";"GO";80;34,3;"PADRE BERNARDO";"Condutor Dormindo";"Colisão com objeto";"Com Vítimas Fatais";"Plena Noite";"Crescente";"Céu Claro";"Dupla";"Reta";"Não";1;1;0;0;0;0;0;1;-15,246169;-48,270024;"SPRF-DF";"DEL03-DF";"UOP02-DEL03-DF"
534352;2023-07-07;"sexta-feira";"19:20:00";"ES";101;231;"FUNDAO";"Entrada inopinada do pedestre";"Atropelamento de Pedestre";"Com Vítimas Feridas";"Plena Noite";"Crescente";"Nublado";"Simples";"Reta";"Não";3;0;2;0;1;0;2;2;-19,94425773;-40,40662323;"SPRF-ES";"DEL02-ES";"UOP01-DEL02-ES"
534354;2023-07-07;"sexta-feira";"21:20:00";"MS";163;9;"MUNDO NOVO";"Reação tardia ou ineficiente do condutor";"Tombamento";"Com Vítimas Feridas";"Plena Noite";"Crescente";"Nublado";"Simples";"Reta";"Não";1;0;1;0;0;0;1;1;-23,98707101;-54,33136162;"SPRF-MS";"DEL09-MS";"UOP02-DEL09-MS"
534355;2023-07-07;"sexta-feira";"16:40:00";"PI";407;428,5;"GEMINIANO";"Ausência de reação do condutor";"Saída de leito carroçável";"Com Vítimas Feridas";"Pleno dia";"Crescente";"Sol";"Simples";"Reta";"Não";1;0;0;1;0;0;1;1;-7,11675111;-41,40735611;"SPRF-PI";"DEL04-PI";"UOP01-DEL04-PI"
534356;2023-07-07;"sexta-feira";"21:26:00";"PR";376;167,9;"MARINGA";"Reação tardia ou ineficiente do condutor";"Colisão com objeto";"Com Vítimas Feridas";"Plena Noite";"Crescente";"Céu Claro";"Dupla";"Declive;Reta";"Não";1;0;0;1;0;0;1;1;-23,39414625;-52,00867116;"SPRF-PR";"DEL09-PR";"UOP01-DEL09-PR"
534358;2023-07-07;"sexta-feira";"21:30:00";"RO";364;341;"JI-PARANA";"Condutor desrespeitou a iluminação vermelha do semáforo";"Colisão transversal";"Com Vítimas Feridas";"Plena Noite";"Crescente";"Céu Claro";"Dupla";"Reta";"Sim";3;0;2;1;0;0;3;2;-10,88987987;-61,93126772;"SPRF-RO";"DEL02-RO";"UOP01-DEL02-RO"
534359;2023-07-07;"sexta-feira";"18:55:00";"MA";135;12;"SAO LUIS";"Reação tardia ou ineficiente do condutor";"Colisão traseira";"Sem Vítimas";"Plena Noite";"Crescente";"Céu Claro";"Dupla";"Reta";"Não";2;0;0;0;0;2;0;2;-2,53073;-44,3068;"SPRF-MA";"DEL01-MA";"UOP01-DEL01-MA"
534360;2023-07-07;"sexta-feira";"22:40:00";"GO";70;10;"AGUAS LINDAS DE GOIAS";"Ausência de reação do condutor";"Atropelamento de Pedestre";"Com Vítimas Feridas";"Plena Noite";"Crescente";"Céu Claro";"Dupla";"Reta";"Sim";2;0;1;0;1;0;1;2;-15,73738129;-48,29228118;"SPRF-DF";"DEL03-DF";"UOP02-DEL03-DF"
534361;2023-07-07;"sexta-feira";"22:45:00";"SC";101;219,9;"PALHOCA";"Reação tardia ou ineficiente do condutor";"Colisão com objeto";"Com Vítimas Feridas";"Plena Noite";"Decrescente";"Nublado";"Dupla";"Reta";"Não";2;0;2;0;0;0;2;1;-27,68392194;-48,66710085;"SPRF-SC";"DEL01-SC";"UOP02-DEL01-SC"
534362;2023-07-07;"sexta-feira";"21:45:00";"PR";376;227,6;"APUCARANA";"Acessar a via sem observar a presença dos outros veículos";"Colisão transversal";"Com Vítimas Feridas";"Plena Noite";"Crescente";"Céu Claro";"Dupla";"Interseção de Vias";"Não";8;0;2;0;6;0;2;2;-23,56925406;-51,54729492;"SPRF-PR";"DEL07-PR";"UOP03-DEL07-PR"
534363;2023-07-07;"sexta-feira";"21:30:00";"SP";116;102,5;"PINDAMONHANGABA";"Demais falhas mecânicas ou elétricas";"Incêndio";"Sem Vítimas";"Plena Noite";"Decrescente";"Céu Claro";"Dupla";"Reta";"Não";1;0;0;0;1;0;0;1;-22,99497994;-45,48951403;"SPRF-SP";"DEL08-SP";"UOP01-DEL08-SP"
534364;2023-07-07;"sexta-feira";"21:50:00";"ES";101;267,6;"SERRA";"Ingestão de álcool pelo condutor";"Colisão lateral mesmo sentido";"Sem Vítimas";"Plena Noite";"Decrescente";"Céu Claro";"Dupla";"Reta";"Sim";2;0;0;0;2;0;0;2;-20,19930999;-40,26884609;"SPRF-ES";"DEL02-ES";"UOP01-DEL02-ES"
534365;2023-07-07;"sexta-feira";"21:30:00";"PR";153;103;"IBAITI";"Acessar a via sem observar a presença dos outros veículos";"Colisão transversal";"Sem Vítimas";"Plena Noite";"Decrescente";"Céu Claro";"Simples";"Reta";"Não";2;0;0;0;2;0;0;2;-23,79674793;-50,18137692;"SPRF-PR";"DEL07-PR";"UOP04-DEL07-PR"
534367;2023-07-07;"sexta-feira";"22:40:00";"RS";290;456;"SAO GABRIEL";"Acumulo de água sobre o pavimento";"Saída de leito carroçável";"Com Vítimas Feridas";"Plena Noite";"Crescente";"Chuva";"Simples";"Curva";"Não";5;0;5;0;0;0;5;1;-30,227652;-54,675674;"SPRF-RS";"DEL11-RS";"UOP02-DEL11-RS"
534368;2023-07-07;"sexta-feira";"23:00:00";"SC";470;46,5;"BLUMENAU";"Ingestão de álcool pelo condutor";"Tombamento";"Com Vítimas Feridas";"Plena Noite";"Decrescente";"Nublado";"Simples";"Reta;Em Obras";"Não";1;0;1;0;0;0;1;1;-26,86224553;-49,04234916;"SPRF-SC";"DEL04-SC";"UOP01-DEL04-SC"
534371;2023-07-07;"sexta-feira";"22:15:00";"RO";364;713;"PORTO VELHO";"Reação tardia ou ineficiente do condutor";"Queda de ocupante de veículo";"Com Vítimas Feridas";"Plena Noite";"Crescente";"Céu Claro";"Dupla";"Curva";"Sim";2;0;0;1;0;1;1;2;-8,77331583;-63,87969248;"SPRF-RO";"DEL01-RO";"UOP01-DEL01-RO"
534372;2023-07-07;"sexta-feira";"22:30:00";"RO";364;238;"CACOAL";"Ausência de reação do condutor";"Colisão traseira";"Sem Vítimas";"Plena Noite";"Decrescente";"Céu Claro";"Simples";"Reta";"Sim";5;0;0;0;5;0;0;2;-11,4388578;-61,45471289;"SPRF-RO";"DEL02-RO";"UOP02-DEL02-RO"
534373;2023-07-08;"sábado";"00:13:00";"ES";101;129;"SOORETAMA";"Reação tardia ou ineficiente do condutor";"Tombamento";"Com Vítimas Feridas";"Plena Noite";"Crescente";"Céu Claro";"Simples";"Reta";"Não";1;0;1;0;0;0;1;1;-19,22093104;-40,0936152;"SPRF-ES";"DEL04-ES";"UOP01-DEL04-ES"
534375;2023-07-07;"sexta-feira";"20:20:00";"SC";280;277;"IRINEOPOLIS";"Transitar na contramão";"Colisão frontal";"Com Vítimas Feridas";"Plena Noite";"Crescente";"Céu Claro";"Simples";"Reta";"Não";3;0;0;1;2;0;1;2;-26,29406241;-50,80003385;"SPRF-SC";"DEL06-SC";"UOP04-DEL06-SC"
534376;2023-07-07;"sexta-feira";"23:40:00";"RS";158;328;"SANTA MARIA";"Reação tardia ou ineficiente do condutor";"Colisão com objeto";"Sem Vítimas";"Plena Noite";"Crescente";"Chuva";"Dupla";"Em Obras;Reta;Viaduto";"Sim";4;0;0;0;2;2;0;4;-29,70654295;-53,82856607;"SPRF-RS";"DEL09-RS";"UOP01-DEL09-RS"
534378;2023-07-07;"sexta-feira";"23:40:00";"SC";101;86,3;"BARRA VELHA";"Reação tardia ou ineficiente do condutor";"Colisão com objeto";"Com Vítimas Feridas";"Plena Noite";"Crescente";"Nublado";"Simples";"Rotatória";"Sim";2;0;2;0;0;0;2;1;-26,63948976;-48,69377732;"SPRF-SC";"DEL03-SC";"UOP02-DEL03-SC"
534379;2023-07-08;"sábado";"00:10:00";"GO";414;356,5;"COCALZINHO DE GOIAS";"Ingestão de álcool pelo condutor";"Colisão com objeto";"Com Vítimas Feridas";"Plena Noite";"Crescente";"Céu Claro";"Simples";"Curva";"Não";1;0;1;0;0;0;1;1;-15,67983088;-48,70567723;"SPRF-GO";"DEL02-GO";"UOP01-DEL02-GO"
534380;2023-07-07;"sexta-feira";"23:20:00";"RJ";116;172;"SAO JOAO DE MERITI";"Reação tardia ou ineficiente do condutor";"Colisão traseira";"Com Vítimas Feridas";"Plena Noite";"Decrescente";"Céu Claro";"Múltipla";"Reta";"Não";2;0;0;1;1;0;1;2;-22,80188151;-43,35043673;"SPRF-RJ";"DEL01-RJ";"UOP02-DEL01-RJ"
534381;2023-07-07;"sexta-feira";"23:40:00";"RS";470;228;"GARIBALDI";"Ausência de reação do condutor";"Saída de leito carroçável";"Sem Vítimas";"Plena Noite";"Decrescente";"Chuva";"Simples";"Reta";"Não";1;0;0;0;0;1;0;1;-29,21759706;-51,51703722;"SPRF-RS";"DEL06-RS";"UOP01-DEL06-RS"
534383;2023-07-07;"sexta-feira";"22:45:00";"SC";116;137,7;"SANTA CECILIA";"Ingestão de álcool pelo condutor";"Colisão com objeto";"Com Vítimas Feridas";"Plena Noite";"Crescente";"Garoa/Chuvisco";"Simples";"Curva";"Não";1;0;1;0;0;0;1;1;-26,9376961;-50,43145723;"SPRF-SC";"DEL06-SC";"UOP02-DEL06-SC"
534385;2023-07-08;"sábado";"00:10:00";"SC";470;176;"POUSO REDONDO";"Ingestão de álcool e/ou substâncias psicoativas pelo pedestre";"Atropelamento de Pedestre";"Com Vítimas Feridas";"Plena Noite";"Crescente";"Chuva";"Simples";"Curva";"Não";2;0;1;0;0;1;1;2;-27,254238;-49,948658;"SPRF-SC";"DEL04-SC";"UOP02-DEL04-SC"
534388;2023-07-08;"sábado";"02:00:00";"SC";101;201;"SAO JOSE";"Reação tardia ou ineficiente do condutor";"Saída de leito carroçável";"Sem Vítimas";"Plena Noite";"Crescente";"Chuva";"Simples";"Interseção de Vias";"Sim";1;0;0;0;0;1;0;1;-27,54836599;-48,61977975;"SPRF-SC";"DEL01-SC";"UOP01-DEL01-SC"
534389;2023-07-08;"sábado";"02:25:00";"PB";101;99;"CONDE";"Ausência de reação do condutor";"Saída de leito carroçável";"Com Vítimas Feridas";"Plena Noite";"Decrescente";"Nublado";"Dupla";"Interseção de Vias;Curva;Retorno Regulamentado";"Não";3;0;2;0;0;1;2;1;-7,25611907;-34,9345525;"SPRF-PB";"DEL01-PB";"UOP02-DEL01-PB"
534391;2023-07-07;"sexta-feira";"12:38:00";"MG";365;770;"ITUIUTABA";"Ausência de reação do condutor";"Colisão traseira";"Com Vítimas Feridas";"Pleno dia";"Crescente";"Céu Claro";"Simples";"Reta;Em Obras";"Não";4;0;2;0;2;0;2;2;-18,96142293;-49,614229;"SPRF-MG";"DEL15-MG";"UOP03-DEL15-MG"
534393;2023-07-08;"sábado";"03:00:00";"PR";376;1;"APUCARANA";"Acesso irregular";"Incêndio";"Sem Vítimas";"Plena Noite";"Decrescente";"Céu Claro";"Simples";"Reta";"Sim";1;0;0;0;0;1;0;1;-23,5513;-51,461266;"SPRF-PR";"DEL07-PR";"UOP03-DEL07-PR"
534396;2023-07-08;"sábado";"04:00:00";"PE";101;41;"IGARASSU";"Ausência de reação do condutor";"Colisão traseira";"Sem Vítimas";"Amanhecer";"Decrescente";"Nublado";"Múltipla";"Declive;Reta";"Sim";2;0;0;0;1;1;0;2;-7,83038346;-34,91426785;"SPRF-PE";"DEL01-PE";"UOP02-DEL01-PE"
534398;2023-07-08;"sábado";"05:15:00";"SC";101;188;"BIGUACU";"Ingestão de álcool pelo condutor";"Colisão com objeto";"Com Vítimas Feridas";"Plena Noite";"Decrescente";"Chuva";"Múltipla";"Reta";"Sim";2;0;2;0;0;0;2;1;-27,45123421;-48,63370766;"SPRF-SC";"DEL01-SC";"UOP01-DEL01-SC"
534399;2023-07-08;"sábado";"05:00:00";"SC";101;328;"CAPIVARI DE BAIXO";"Ausência de reação do condutor";"Saída de leito carroçável";"Sem Vítimas";"Plena Noite";"Decrescente";"Chuva";"Dupla";"Reta";"Sim";1;0;0;0;1;0;0;1;-28,43648094;-48,95989307;"SPRF-SC";"DEL02-SC";"UOP01-DEL02-SC"
534400;2023-07-08;"sábado";"03:10:00";"CE";304;67,8;"ARACATI";"Demais falhas mecânicas ou elétricas";"Incêndio";"Sem Vítimas";"Plena Noite";"Decrescente";"Ignorado";"Simples";"Reta";"Não";6;0;0;0;6;0;0;1;-4,63935017;-37,63278718;"SPRF-CE";"DEL03-CE";"UOP03-DEL03-CE"