"id";"data_inversa";"dia_semana";"horario";"uf";"br";"km";"municipio";"causa_acidente";"tipo_acidente";"classificacao_acidente";"fase_dia";"sentido_via";"condicao_metereologica";"tipo_pista";"tracado_via";"uso_solo";"pessoas";"mortos";"feridos_leves";"feridos_graves";"ilesos";"ignorados";"feridos";"veiculos";"latitude";"longitude";"regional";"delegacia";"uop"
534824;2023-07-09;"domingo";"18:40:00";"PI";316;2,8;"TERESINA";"Pedestre andava na pista";"Atropelamento de Pedestre";"Com Vítimas Fatais";"Plena Noite";"Decrescente";"Céu Claro";"Múltipla";"Reta";"Sim";2;1;0;0;0;1;0;2;-5,12477477;-42,79848465;"SPRF-PI";"DEL01-PI";"UOP02-DEL01-PI"
534825;2023-07-09;"domingo";"19:40:00";"RS";116;266;"CANOAS";"Trafegar com motocicleta (ou similar) entre as faixas";"Colisão lateral mesmo sentido";"Com Vítimas Feridas";"Plena Noite";"Decrescente";"Céu Claro";"Múltipla";"Reta";"Sim";3;0;2;0;1;0;2;2;-29,92746261;-51,17750287;"SPRF-RS";"DEL01-RS";"UOP01-DEL01-RS"
534827;2023-07-09;"domingo";"19:10:00";"PR";277;586,9;"CASCAVEL";"Transitar na contramão";"Colisão frontal";"Com Vítimas Feridas";"Plena Noite";"Crescente";"Garoa/Chuvisco";"Simples";"Curva;Declive";"Sim";5;0;3;0;2;0;3;2;-24,9649472;-53,4210459;"SPRF-PR";"DEL04-PR";"UOP01-DEL04-PR"
534828;2023-07-09;"domingo";"19:30:00";"RJ";493;57;"DUQUE DE CAXIAS";"Animais na Pista";"Atropelamento de Animal";"Com Vítimas Feridas";"Plena Noite";"Decrescente";"Céu Claro";"Dupla";"Reta";"Não";3;0;1;0;0;2;1;2;-22,672089;-43,285053;"SPRF-RJ";"DEL01-RJ";"UOP01-DEL01-RJ"
534829;2023-07-09;"domingo";"17:25:00";"PR";116;114;"CURITIBA";"Ausência de reação do condutor";"Saída de leito carroçável";"Sem Vítimas";"Pleno dia";"Crescente";"Céu Claro";"Dupla";"Reta";"Não";1;0;0;0;0;1;0;1;-25,56296907;-49,25643801;"SPRF-PR";"DEL01-PR";"UOP07-DEL01-PR"
534830;2023-07-09;"domingo";"18:20:00";"MS";487;101,9;"ITAQUIRAI";"Reação tardia ou ineficiente do condutor";"Eventos atípicos";"Com Vítimas Feridas";"Plena Noite";"Crescente";"Céu Claro";"Simples";"Reta";"Não";4;0;2;1;0;1;3;2;-23,23566181;-54,03948603;"SPRF-MS";"DEL09-MS";"UOP01-DEL09-MS"
534832;2023-07-09;"domingo";"18:45:00";"SC";101;407;"ARARANGUA";"Velocidade Incompatível";"Saída de leito carroçável";"Com Vítimas Feridas";"Plena Noite";"Crescente";"Nublado";"Simples";"Curva";"Não";3;0;1;0;2;0;1;1;-28,92103027;-49,49203491;"SPRF-SC";"DEL02-SC";"UOP02-DEL02-SC"
534833;2023-07-09;"domingo";"17:30:00";"MS";262;385,1;"TERENOS";"Reação tardia ou ineficiente do condutor";"Colisão traseira";"Com Vítimas Feridas";"Anoitecer";"Decrescente";"Céu Claro";"Simples";"Reta";"Não";4;0;1;0;3;0;1;2;-20,43314091;-54,88175898;"SPRF-MS";"DEL01-MS";"UOP03-DEL01-MS"
534834;2023-07-09;"domingo";"18:50:00";"RJ";465;17;"NOVA IGUACU";"Ausência de reação do condutor";"Colisão lateral sentido oposto";"Com Vítimas Feridas";"Plena Noite";"Decrescente";"Nublado";"Simples";"Reta";"Sim";2;0;1;0;0;1;1;2;-22,822459;-43,620373;"SPRF-RJ";"DEL03-RJ";"UOP01-DEL03-RJ"
534835;2023-07-09;"domingo";"18:00:00";"SC";116;82,7;"MONTE CASTELO";"Manobra de mudança de faixa";"Colisão transversal";"Sem Vítimas";"Pleno dia";"Crescente";"Céu Claro";"Simples";"Reta";"Não";2;0;0;0;2;0;0;2;-26,57442903;-50,22178476;"SPRF-SC";"DEL06-SC";"UOP02-DEL06-SC"
534836;2023-07-09;"domingo";"19:30:00";"PR";153;94,9;"IBAITI";"Manobra de mudança de faixa";"Colisão frontal";"Com Vítimas Feridas";"Plena Noite";"Crescente";"Garoa/Chuvisco";"Simples";"Reta";"Não";4;0;2;2;0;0;4;2;-23,72171405;-50,17633917;"SPRF-PR";"DEL07-PR";"UOP04-DEL07-PR"
534837;2023-07-09;"domingo";"21:00:00";"SP";153;60;"SAO JOSE DO RIO PRETO";"Reação tardia ou ineficiente do condutor";"Colisão traseira";"Com Vítimas Feridas";"Plena Noite";"Crescente";"Céu Claro";"Dupla";"Interseção de Vias;Reta";"Sim";3;0;0;1;2;0;1;3;-20,79627979;-49,35480206;"SPRF-SP";"DEL09-SP";"UOP01-DEL09-SP"
534839;2023-07-09;"domingo";"16:30:00";"MG";262;57,1;"MANHUACU";"Ausência de reação do condutor";"Colisão traseira";"Com Vítimas Feridas";"Pleno dia";"Decrescente";"Nublado";"Simples";"Reta;Declive";"Não";2;0;1;0;1;0;1;2;-20,27193388;-42,18928305;"SPRF-MG";"DEL06-MG";"UOP03-DEL06-MG"
534841;2023-07-09;"domingo";"20:30:00";"RS";116;264,2;"CANOAS";"Ingestão de álcool pelo condutor";"Colisão com objeto";"Sem Vítimas";"Plena Noite";"Decrescente";"Céu Claro";"Dupla";"Reta";"Sim";1;0;0;0;0;1;0;1;-29,914435;-51,17754495;"SPRF-RS";"DEL01-RS";"UOP01-DEL01-RS"
534842;2023-07-09;"domingo";"19:20:00";"PR";487;130,4;"TUNEIRAS DO OESTE";"Ausência de reação do condutor";"Colisão traseira";"Com Vítimas Fatais";"Plena Noite";"Decrescente";"Céu Claro";"Simples";"Aclive;Reta";"Não";3;1;0;1;1;0;1;2;-23,8830792;-52,83207605;"SPRF-PR";"DEL09-PR";"UOP03-DEL09-PR"
534843;2023-07-09;"domingo";"21:00:00";"SP";153;60;"SAO JOSE DO RIO PRETO";"Ingestão de álcool pelo condutor";"Colisão traseira";"Sem Vítimas";"Plena Noite";"Crescente";"Céu Claro";"Dupla";"Reta";"Sim";4;0;0;0;4;0;0;2;-20,79627979;-49,35480206;"SPRF-SP";"DEL09-SP";"UOP01-DEL09-SP"
534848;2023-07-09;"domingo";"21:00:00";"MG";262;136,6;"RIO CASCA";"Velocidade Incompatível";"Saída de leito carroçável";"Com Vítimas Fatais";"Plena Noite";"Crescente";"Céu Claro";"Simples";"Curva";"Não";3;1;1;1;0;0;2;1;-20,1044888;-42,6979689;"SPRF-MG";"DEL03-MG";"UOP03-DEL03-MG"
534849;2023-07-09;"domingo";"21:45:00";"MG";365;626;"UBERLANDIA";"Manobra de mudança de faixa";"Colisão traseira";"Com Vítimas Feridas";"Plena Noite";"Crescente";"Céu Claro";"Dupla";"Aclive;Reta";"Sim";1;0;0;1;0;0;1;1;-18,90659356;-48,33469405;"SPRF-MG";"DEL15-MG";"UOP01-DEL15-MG"
534850;2023-07-09;"domingo";"21:10:00";"MA";10;158;"PORTO FRANCO";"Ingestão de álcool pelo condutor";"Tombamento";"Com Vítimas Feridas";"Plena Noite";"Crescente";"Céu Claro";"Simples";"Reta;Declive";"Não";2;0;2;0;0;0;2;1;-6,337995;-47,372765;"SPRF-MA";"DEL04-MA";"UOP02-DEL04-MA"
534851;2023-07-09;"domingo";"22:00:00";"PB";101;88;"JOAO PESSOA";"Reação tardia ou ineficiente do condutor";"Colisão com objeto";"Com Vítimas Feridas";"Plena Noite";"Crescente";"Céu Claro";"Múltipla";"Reta";"Não";2;0;1;0;0;1;1;2;-7,16470016;-34,89993643;"SPRF-PB";"DEL01-PB";"UOP01-DEL01-PB"
534853;2023-07-09;"domingo";"18:00:00";"PI";343;347;"TERESINA";"Transitar na contramão";"Colisão frontal";"Com Vítimas Feridas";"Anoitecer";"Decrescente";"Céu Claro";"Múltipla";"Reta";"Sim";2;0;0;1;1;0;1;2;-5,114822;-42,778355;"SPRF-PI";"DEL01-PI";"UOP01-DEL01-PI"
534855;2023-07-09;"domingo";"21:00:00";"MG";116;542,7;"CARATINGA";"Ingestão de álcool e/ou substâncias psicoativas pelo pedestre";"Saída de leito carroçável";"Sem Vítimas";"Plena Noite";"Crescente";"Céu Claro";"Simples";"Curva";"Não";1;0;0;0;1;0;0;1;-19,90319206;-42,13408157;"SPRF-MG";"DEL06-MG";"UOP02-DEL06-MG"
534856;2023-07-09;"domingo";"21:00:00";"RO";174;14;"VILHENA";"Desrespeitar a preferência no cruzamento";"Colisão lateral mesmo sentido";"Com Vítimas Feridas";"Plena Noite";"Crescente";"Céu Claro";"Simples";"Interseção de Vias";"Sim";2;0;2;0;0;0;2;2;-12,73306632;-60,12981255;"SPRF-RO";"DEL04-RO";"UOP01-DEL04-RO"
534857;2023-07-09;"domingo";"22:30:00";"RS";158;150,3;"PANAMBI";"Transitar na contramão";"Colisão frontal";"Com Vítimas Feridas";"Plena Noite";"Crescente";"Garoa/Chuvisco";"Simples";"Reta";"Não";3;0;0;1;2;0;1;2;-28,28051108;-53,48685464;"SPRF-RS";"DEL10-RS";"UOP02-DEL10-RS"
534858;2023-07-09;"domingo";"21:20:00";"SC";470;4;"NAVEGANTES";"Reação tardia ou ineficiente do condutor";"Colisão traseira";"Com Vítimas Feridas";"Plena Noite";"Crescente";"Céu Claro";"Múltipla";"Desvio Temporário;Em Obras;Retorno Regulamentado";"Sim";2;0;1;0;0;1;1;2;-26,858473;-48,690788;"SPRF-SC";"DEL04-SC";"UOP04-DEL04-SC"
534860;2023-07-09;"domingo";"21:00:00";"RJ";465;6;"SEROPEDICA";"Ingestão de álcool pelo condutor";"Colisão traseira";"Sem Vítimas";"Plena Noite";"Crescente";"Nublado";"Simples";"Reta";"Não";2;0;0;0;1;1;0;2;-22,754314;-43,692879;"SPRF-RJ";"DEL01-RJ";"UOP03-DEL01-RJ"
534861;2023-07-09;"domingo";"22:30:00";"BA";116;8,8;"VITORIA DA CONQUISTA";"Velocidade Incompatível";"Colisão traseira";"Com Vítimas Feridas";"Plena Noite";"Crescente";"Céu Claro";"Simples";"Reta";"Não";2;0;1;0;1;0;1;2;-14,86216096;-40,87468408;"SPRF-BA";"DEL08-BA";"UOP01-DEL08-BA"
534862;2023-07-09;"domingo";"22:50:00";"PR";277;0,2;"PARANAGUA";"Reação tardia ou ineficiente do condutor";"Colisão com objeto";"Com Vítimas Feridas";"Plena Noite";"Crescente";"Nublado";"Dupla";"Reta";"Sim";1;0;1;0;0;0;1;1;-25,55638024;-48,56369019;"SPRF-PR";"DEL01-PR";"UOP05-DEL01-PR"
534865;2023-07-09;"domingo";"23:30:00";"ES";262;78,5;"DOMINGOS MARTINS";"Velocidade Incompatível";"Capotamento";"Sem Vítimas";"Plena Noite";"Decrescente";"Céu Claro";"Simples";"Curva";"Não";1;0;0;0;0;1;0;1;-20,41115651;-40,92351223;"SPRF-ES";"DEL01-ES";"UOP02-DEL01-ES"
534866;2023-07-09;"domingo";"23:40:00";"RS";386;45,1;"SEBERI";"Reação tardia ou ineficiente do condutor";"Saída de leito carroçável";"Com Vítimas Feridas";"Plena Noite";"Decrescente";"Céu Claro";"Simples";"Reta";"Não";1;0;1;0;0;0;1;1;-27,448933;-53,414272;"SPRF-RS";"DEL08-RS";"UOP02-DEL08-RS"
534867;2023-07-10;"segunda-feira";"00:15:00";"PE";232;9;"JABOATAO DOS GUARARAPES";"Manobra de mudança de faixa";"Colisão traseira";"Com Vítimas Feridas";"Plena Noite";"Crescente";"Céu Claro";"Dupla";"Em Obras;Reta";"Sim";2;0;1;0;1;0;1;2;-8,07764447;-34,97863609;"SPRF-PE";"DEL01-PE";"UOP01-DEL01-PE"
534870;2023-07-10;"segunda-feira";"01:00:00";"MG";40;524,3;"CONTAGEM";"Ingestão de álcool e/ou substâncias psicoativas pelo pedestre";"Saída de leito carroçável";"Sem Vítimas";"Plena Noite";"Decrescente";"Céu Claro";"Dupla";"Reta";"Não";1;0;0;0;1;0;0;1;-19,8754469;-44,05345586;"SPRF-MG";"DEL01-MG";"UOP02-DEL01-MG"
534871;2023-07-10;"segunda-feira";"00:50:00";"SP";116;122,6;"CACAPAVA";"Ausência de reação do condutor";"Colisão com objeto";"Sem Vítimas";"Plena Noite";"Crescente";"Nublado";"Dupla";"Reta";"Não";1;0;0;0;1;0;0;1;-23,08192414;-45,66154591;"SPRF-SP";"DEL02-SP";"UOP02-DEL02-SP"
534873;2023-07-10;"segunda-feira";"01:30:00";"BA";367;25,4;"PORTO SEGURO";"Reação tardia ou ineficiente do condutor";"Saída de leito carroçável";"Com Vítimas Fatais";"Plena Noite";"Decrescente";"Nevoeiro/Neblina";"Simples";"Curva";"Não";4;2;1;0;1;0;1;2;-16,43805311;-39,09107101;"SPRF-BA";"DEL09-BA";"UOP03-DEL09-BA"
534875;2023-07-10;"segunda-feira";"03:25:00";"PR";116;100;"SAO JOSE DOS PINHAIS";"Chuva";"Saída de leito carroçável";"Com Vítimas Feridas";"Plena Noite";"Crescente";"Chuva";"Dupla";"Declive;Reta";"Sim";3;0;3;0;0;0;3;1;-25,53379421;-49,14663578;"SPRF-PR";"DEL01-PR";"UOP07-DEL01-PR"
534876;2023-07-10;"segunda-feira";"03:30:00";"SC";101;213,9;"PALHOCA";"Ingestão de álcool pelo condutor";"Queda de ocupante de veículo";"Sem Vítimas";"Plena Noite";"Crescente";"Céu Claro";"Múltipla";"Interseção de Vias";"Não";1;0;0;0;1;0;0;1;-27,63697369;-48,66514142;"SPRF-SC";"DEL01-SC";"UOP02-DEL01-SC"
534877;2023-07-10;"segunda-feira";"02:30:00";"MG";40;630,1;"CONSELHEIRO LAFAIETE";"Objeto estático sobre o leito carroçável";"Tombamento";"Com Vítimas Feridas";"Plena Noite";"Crescente";"Céu Claro";"Simples";"Reta";"Sim";1;0;0;1;0;0;1;1;-20,65824152;-43,80259134;"SPRF-MG";"DEL05-MG";"UOP02-DEL05-MG"
534879;2023-07-09;"domingo";"23:00:00";"PB";230;204,3;"OLIVEDOS";"Acostamento em desnível";"Colisão com objeto";"Com Vítimas Fatais";"Plena Noite";"Crescente";"Céu Claro";"Simples";"Aclive;Reta";"Não";2;1;1;0;0;0;1;1;-7,0932;-36,2743;"SPRF-PB";"DEL02-PB";"UOP02-DEL02-PB"
534880;2023-07-10;"segunda-feira";"04:50:00";"PB";230;504;"CAJAZEIRAS";"Transitar no Acostamento";"Colisão traseira";"Com Vítimas Feridas";"Amanhecer";"Crescente";"Céu Claro";"Simples";"Reta";"Sim";2;0;0;1;0;1;1;2;-6,8900281;-38,553576;"SPRF-PB";"DEL03-PB";"UOP03-DEL03-PB"
534881;2023-07-09;"domingo";"20:00:00";"PI";316;314;"PICOS";"Reação tardia ou ineficiente do condutor";"Colisão traseira";"Com Vítimas Feridas";"Plena Noite";"Crescente";"Céu Claro";"Simples";"Reta";"Não";2;0;0;1;1;0;1;2;-7,0776992;-41,44117384;"SPRF-PI";"DEL04-PI";"UOP01-DEL04-PI"
534883;2023-07-10;"segunda-feira";"06:10:00";"SP";116;209,7;"GUARULHOS";"Ausência de reação do condutor";"Colisão traseira";"Com Vítimas Feridas";"Amanhecer";"Crescente";"Garoa/Chuvisco";"Múltipla";"Reta";"Sim";2;0;1;0;1;0;1;2;-23,42511799;-46,40221101;"SPRF-SP";"DEL01-SP";"UOP01-DEL01-SP"
534886;2023-06-18;"domingo";"19:30:00";"PR";158;507;"CORONEL VIVIDA";"Acessar a via sem observar a presença dos outros veículos";"Colisão transversal";"Com Vítimas Feridas";"Plena Noite";"Crescente";"Céu Claro";"Simples";"Reta";"Não";2;0;1;0;0;1;1;2;-26,02180124;-52,57733183;"SPRF-PR";"DEL02-PR";"UOP01-DEL02-PR"
534887;2023-07-10;"segunda-feira";"05:00:00";"MS";267;123;"NOVA ANDRADINA";"Animais na Pista";"Atropelamento de Animal";"Com Vítimas Fatais";"Amanhecer";"Decrescente";"Céu Claro";"Simples";"Reta";"Não";2;1;1;0;0;0;1;2;-21,7581939;-53,243428;"SPRF-MS";"DEL02-MS";"UOP03-DEL02-MS"
534888;2023-07-09;"domingo";"16:20:00";"MG";40;300;"TRES MARIAS";"Reação tardia ou ineficiente do condutor";"Saída de leito carroçável";"Com Vítimas Feridas";"Pleno dia";"Crescente";"Céu Claro";"Simples";"Aclive;Reta";"Não";1;0;1;0;0;0;1;1;-18,3555031;-45,09407043;"SPRF-MG";"DEL14-MG";"UOP02-DEL14-MG"
534889;2023-07-10;"segunda-feira";"06:55:00";"SP";116;207;"GUARULHOS";"Condutor deixou de manter distância do veículo da frente";"Engavetamento";"Com Vítimas Feridas";"Pleno dia";"Crescente";"Nublado";"Múltipla";"Reta";"Não";7;0;3;0;4;0;3;3;-23,41972188;-46,38419203;"SPRF-SP";"DEL01-SP";"UOP01-DEL01-SP"
534894;2023-07-10;"segunda-feira";"06:50:00";"BA";101;500;"ITABUNA";"Condutor Dormindo";"Saída de leito carroçável";"Com Vítimas Feridas";"Pleno dia";"Crescente";"Nevoeiro/Neblina";"Simples";"Reta";"Não";2;0;2;0;0;0;2;1;-14,907918;-39,28869299;"SPRF-BA";"DEL05-BA";"UOP01-DEL05-BA"
534895;2023-07-10;"segunda-feira";"00:20:00";"PA";316;162;"TRACUATEUA";"Ausência de reação do condutor";"Colisão frontal";"Com Vítimas Feridas";"Plena Noite";"Crescente";"Céu Claro";"Simples";"Reta";"Não";2;0;1;0;1;0;1;2;-1,28399693;-47,11355092;"SPRF-PA";"DEL01-PA";"UOP03-DEL01-PA"
534896;2023-06-11;"domingo";"13:30:00";"RJ";465;13;"SEROPEDICA";"Ausência de reação do condutor";"Queda de ocupante de veículo";"Com Vítimas Feridas";"Pleno dia";"Decrescente";"Céu Claro";"Simples";"Reta";"Não";1;0;1;0;0;0;1;1;-22,798468;-43,645508;"SPRF-RJ";"DEL01-RJ";"UOP03-DEL01-RJ"
534897;2023-07-10;"segunda-feira";"07:30:00";"SC";101;203,5;"SAO JOSE";"Manobra de mudança de faixa";"Colisão lateral mesmo sentido";"Com Vítimas Feridas";"Pleno dia";"Crescente";"Chuva";"Dupla";"Reta";"Não";3;0;1;0;2;0;1;2;-27,5650044;-48,61460082;"SPRF-SC";"DEL01-SC";"UOP01-DEL01-SC"
534900;2023-07-10;"segunda-feira";"06:50:00";"MG";116;701,8;"MURIAE";"Conversão proibida";"Colisão transversal";"Com Vítimas Feridas";"Pleno dia";"Decrescente";"Céu Claro";"Simples";"Reta;Interseção de Vias";"Sim";2;0;0;1;1;0;1;2;-21,11982014;-42,38010591;"SPRF-MG";"DEL07-MG";"UOP02-DEL07-MG"
534901;2023-07-10;"segunda-feira";"07:00:00";"MS";60;330;"CAMPO GRANDE";"Ausência de reação do condutor";"Colisão com objeto";"Com Vítimas Feridas";"Pleno dia";"Decrescente";"Céu Claro";"Simples";"Reta";"Não";1;0;0;1;0;0;1;1;-20,357;-54,586;"SPRF-MS";"DEL01-MS";"UOP02-DEL01-MS"
534902;2023-07-10;"segunda-feira";"07:50:00";"RS";392;346;"SANTA MARIA";"Acessar a via sem observar a presença dos outros veículos";"Colisão lateral mesmo sentido";"Com Vítimas Feridas";"Pleno dia";"Decrescente";"Nublado";"Simples";"Reta";"Sim";2;0;1;0;1;0;1;2;-29,77119457;-53,78421307;"SPRF-RS";"DEL09-RS";"UOP01-DEL09-RS"
534904;2023-07-10;"segunda-feira";"05:30:00";"BA";30;312;"RIO DO ANTONIO";"Reação tardia ou ineficiente do condutor";"Colisão traseira";"Com Vítimas Feridas";"Plena Noite";"Crescente";"Ignorado";"Simples";"Curva;Declive";"Não";4;0;0;1;3;0;1;2;-14,17456904;-42,18130955;"SPRF-BA";"DEL08-BA";"UOP01-DEL08-BA"
534907;2023-07-10;"segunda-feira";"08:20:00";"PR";277;83;"CURITIBA";"Velocidade Incompatível";"Colisão com objeto";"Sem Vítimas";"Pleno dia";"Crescente";"Céu Claro";"Simples";"Curva";"Sim";1;0;0;0;1;0;0;1;-25,4446184;-49,23301399;"SPRF-PR";"DEL01-PR";"UOP01-DEL01-PR"
534911;2023-07-10;"segunda-feira";"08:00:00";"MG";459;69;"SENADOR JOSE BENTO";"Velocidade Incompatível";"Saída de leito carroçável";"Com Vítimas Feridas";"Pleno dia";"Crescente";"Nevoeiro/Neblina";"Simples";"Declive;Curva";"Não";1;0;1;0;0;0;1;1;-22,133739;-46,17572;"SPRF-MG";"DEL09-MG";"UOP01-DEL09-MG"
534913;2023-07-10;"segunda-feira";"07:45:00";"MG";40;741,6;"SANTOS DUMONT";"Ausência de reação do condutor";"Atropelamento de Pedestre";"Com Vítimas Fatais";"Pleno dia";"Crescente";"Céu Claro";"Simples";"Reta";"Sim";2;1;1;0;0;0;1;2;-21,40505399;-43,56732403;"SPRF-MG";"DEL05-MG";"UOP01-DEL05-MG"
534914;2023-06-20;"terça-feira";"08:00:00";"ES";101;348;"GUARAPARI";"Animais na Pista";"Eventos atípicos";"Sem Vítimas";"Pleno dia";"Decrescente";"Céu Claro";"Simples";"Reta";"Não";1;0;0;0;1;0;0;1;-20,65106201;-40,635267;"SPRF-ES";"DEL03-ES";"UOP01-DEL03-ES"
534918;2023-07-10;"segunda-feira";"08:10:00";"RJ";116;175;"SAO JOAO DE MERITI";"Acumulo de areia ou detritos sobre o pavimento";"Queda de ocupante de veículo";"Com Vítimas Feridas";"Pleno dia";"Decrescente";"Céu Claro";"Múltipla";"Reta";"Não";1;0;1;0;0;0;1;1;-22,78923555;-43,37275272;"SPRF-RJ";"DEL01-RJ";"UOP02-DEL01-RJ"
534920;2023-07-10;"segunda-feira";"07:50:00";"MG";40;518,5;"CONTAGEM";"Condutor deixou de manter distância do veículo da frente";"Tombamento";"Com Vítimas Feridas";"Pleno dia";"Crescente";"Céu Claro";"Dupla";"Reta";"Sim";1;0;1;0;0;0;1;1;-19,8321242;-44,08208533;"SPRF-MG";"DEL01-MG";"UOP02-DEL01-MG"
534923;2023-07-10;"segunda-feira";"07:30:00";"PR";116;44,6;"CAMPINA GRANDE DO SUL";"Chuva";"Capotamento";"Com Vítimas Feridas";"Pleno dia";"Decrescente";"Chuva";"Dupla";"Declive;Curva";"Não";3;0;0;1;2;0;1;1;-25,194096;-48,88888;"SPRF-PR";"DEL01-PR";"UOP02-DEL01-PR"
534924;2023-07-10;"segunda-feira";"08:20:00";"SC";101;232;"PALHOCA";"Chuva";"Colisão com objeto";"Sem Vítimas";"Pleno dia";"Crescente";"Nublado";"Dupla";"Curva";"Não";1;0;0;0;1;0;0;1;-27,795666;-48,638153;"SPRF-SC";"DEL01-SC";"UOP02-DEL01-SC"
534925;2023-03-09;"quinta-feira";"14:15:00";"PI";135;539;"SAO GONCALO DO GURGUEIA";"Transitar na contramão";"Colisão frontal";"Com Vítimas Feridas";"Pleno dia";"Decrescente";"Céu Claro";"Simples";"Curva";"Sim";4;0;0;1;3;0;1;2;-10,03459975;-45,3009487;"SPRF-PI";"DEL03-PI";"UOP02-DEL03-PI"
534926;2023-07-10;"segunda-feira";"10:10:00";"BA";324;612;"SIMOES FILHO";"Trafegar com motocicleta (ou similar) entre as faixas";"Colisão lateral mesmo sentido";"Com Vítimas Feridas";"Pleno dia";"Crescente";"Céu Claro";"Dupla";"Reta";"Sim";2;0;1;0;1;0;1;2;-12,84664721;-38,41741648;"SPRF-BA";"DEL01-BA";"UOP01-DEL01-BA"
534927;2023-07-10;"segunda-feira";"10:00:00";"PB";230;7;"CABEDELO";"Avarias e/ou desgaste excessivo no pneu";"Tombamento";"Com Vítimas Feridas";"Pleno dia";"Decrescente";"Sol";"Múltipla";"Reta;Interseção de Vias";"Sim";1;0;1;0;0;0;1;1;-7,026;-34,8385;"SPRF-PB";"DEL01-PB";"UOP01-DEL01-PB"
534928;2023-07-10;"segunda-feira";"09:40:00";"PR";376;432;"TIBAGI";"Velocidade Incompatível";"Colisão com objeto";"Sem Vítimas";"Pleno dia";"Crescente";"Chuva";"Dupla";"Curva";"Não";1;0;0;0;1;0;0;1;-24,80531402;-50,48850813;"SPRF-PR";"DEL03-PR";"UOP02-DEL03-PR"
534929;2023-07-10;"segunda-feira";"08:30:00";"MG";146;409,1;"GUAXUPE";"Acessar a via sem observar a presença dos outros veículos";"Colisão transversal";"Com Vítimas Feridas";"Pleno dia";"Decrescente";"Céu Claro";"Simples";"Aclive;Curva";"Não";2;0;1;0;1;0;1;2;-21,3124249;-46,60784483;"SPRF-MG";"DEL09-MG";"UOP01-DEL09-MG"
534934;2023-07-10;"segunda-feira";"05:30:00";"PR";277;1,8;"FOZ DO IGUACU";"Reação tardia ou ineficiente do condutor";"Colisão com objeto";"Com Vítimas Feridas";"Plena Noite";"Decrescente";"Chuva";"Dupla";"Reta";"Sim";2;0;2;0;0;0;2;1;-25,5469;-54,5882;"SPRF-PR";"DEL05-PR";"UOP03-DEL05-PR"
534936;2023-07-10;"segunda-feira";"09:30:00";"SP";381;60;"MAIRIPORA";"Velocidade Incompatível";"Saída de leito carroçável";"Com Vítimas Feridas";"Pleno dia";"Decrescente";"Sol";"Múltipla";"Aclive;Reta";"Não";1;0;0;1;0;0;1;1;-23,28957673;-46,58729853;"SPRF-SP";"DEL03-SP";"UOP01-DEL03-SP"
534937;2023-07-02;"domingo";"17:38:00";"MG";40;524;"CONTAGEM";"Trafegar com motocicleta (ou similar) entre as faixas";"Colisão lateral mesmo sentido";"Com Vítimas Feridas";"Pleno dia";"Crescente";"Céu Claro";"Dupla";"Reta";"Sim";2;0;1;0;1;0;1;2;-19,87994783;-44,05101299;"SPRF-MG";"DEL01-MG";"UOP02-DEL01-MG"
534939;2023-07-10;"segunda-feira";"08:00:00";"RJ";101;297;"ITABORAI";"Reação tardia ou ineficiente do condutor";"Tombamento";"Com Vítimas Feridas";"Pleno dia";"Decrescente";"Nublado";"Dupla";"Reta";"Sim";1;0;1;0;0;0;1;1;-22,76942037;-42,91873581;"SPRF-RJ";"DEL02-RJ";"UOP02-DEL02-RJ"
534940;2023-07-10;"segunda-feira";"09:40:00";"MT";70;3;"BARRA DO GARCAS";"Manobra de mudança de faixa";"Colisão traseira";"Com Vítimas Feridas";"Pleno dia";"Crescente";"Céu Claro";"Dupla";"Aclive;Reta";"Sim";3;0;0;1;2;0;1;2;-15,88013193;-52,28065252;"SPRF-MT";"DEL07-MT";"UOP01-DEL07-MT"
534941;2023-07-10;"segunda-feira";"11:15:00";"SP";116;111,9;"TAUBATE";"Demais falhas mecânicas ou elétricas";"Incêndio";"Sem Vítimas";"Pleno dia";"Crescente";"Garoa/Chuvisco";"Dupla";"Reta";"Sim";1;0;0;0;1;0;0;1;-23,03887149;-45,56097419;"SPRF-SP";"DEL02-SP";"UOP02-DEL02-SP"
534942;2023-07-10;"segunda-feira";"06:00:00";"MA";135;114;"MIRANDA DO NORTE";"Manobra de mudança de faixa";"Colisão frontal";"Com Vítimas Feridas";"Pleno dia";"Crescente";"Céu Claro";"Simples";"Aclive";"Não";7;0;2;0;5;0;2;2;-3,4747084;-44,53434706;"SPRF-MA";"DEL01-MA";"UOP02-DEL01-MA"
534944;2023-06-16;"sexta-feira";"13:30:00";"PE";101;68,8;"RECIFE";"Trafegar com motocicleta (ou similar) entre as faixas";"Tombamento";"Com Vítimas Fatais";"Pleno dia";"Crescente";"Céu Claro";"Múltipla";"Curva";"Sim";1;1;0;0;0;0;0;1;-8,05074296;-34,94580619;"SPRF-PE";"DEL01-PE";"UOP01-DEL01-PE"
534945;2023-07-10;"segunda-feira";"10:00:00";"PI";135;517;"GILBUES";"Transitar na contramão";"Colisão lateral sentido oposto";"Com Vítimas Feridas";"Pleno dia";"Crescente";"Sol";"Simples";"Reta";"Não";6;0;1;1;4;0;2;2;-9,84852998;-45,3472844;"SPRF-PI";"DEL03-PI";"UOP02-DEL03-PI"