"id";"data_inversa";"dia_semana";"horario";"uf";"br";"km";"municipio";"causa_acidente";"tipo_acidente";"classificacao_acidente";"fase_dia";"sentido_via";"condicao_metereologica";"tipo_pista";"tracado_via";"uso_solo";"pessoas";"mortos";"feridos_leves";"feridos_graves";"ilesos";"ignorados";"feridos";"veiculos";"latitude";"longitude";"regional";"delegacia";"uop"
534946;2023-07-10;"segunda-feira";"12:10:00";"MG";354;753,4;"ITAMONTE";"Acessar a via sem observar a presença dos outros veículos";"Colisão transversal";"Com Vítimas Feridas";"Pleno dia";"Crescente";"Nublado";"Simples";"Interseção de Vias;Reta";"Sim";2;0;1;0;1;0;1;2;-22,30074263;-44,86208652;"SPRF-MG";"DEL17-MG";"UOP01-DEL17-MG"
534947;2023-07-10;"segunda-feira";"11:00:00";"SC";101;98;"BALNEARIO PICARRAS";"Condutor deixou de manter distância do veículo da frente";"Colisão traseira";"Com Vítimas Feridas";"Pleno dia";"Decrescente";"Nublado";"Dupla";"Reta";"Sim";4;0;1;0;3;0;1;4;-26,73760897;-48,69918789;"SPRF-SC";"DEL03-SC";"UOP02-DEL03-SC"
534948;2023-07-10;"segunda-feira";"12:07:00";"PE";101;70;"RECIFE";"Acessar a via sem observar a presença dos outros veículos";"Colisão lateral mesmo sentido";"Com Vítimas Feridas";"Pleno dia";"Decrescente";"Céu Claro";"Dupla";"Interseção de Vias;Curva";"Sim";2;0;1;0;1;0;1;2;-8,06776119;-34,94265074;"SPRF-PE";"DEL01-PE";"UOP01-DEL01-PE"
534950;2023-05-27;"sábado";"10:45:00";"SC";280;47,9;"GUARAMIRIM";"Ingestão de álcool pelo condutor";"Colisão transversal";"Sem Vítimas";"Pleno dia";"Crescente";"Céu Claro";"Simples";"Reta";"Não";2;0;0;0;2;0;0;2;-26,45353692;-48,917876;"SPRF-SC";"DEL03-SC";"UOP03-DEL03-SC"
534951;2023-07-10;"segunda-feira";"12:42:00";"PB";230;25;"JOAO PESSOA";"Demais falhas na via";"Colisão lateral mesmo sentido";"Com Vítimas Feridas";"Pleno dia";"Decrescente";"Céu Claro";"Simples";"Interseção de Vias";"Sim";2;0;2;0;0;0;2;2;-7,16936722;-34,87949464;"SPRF-PB";"DEL01-PB";"UOP01-DEL01-PB"
534952;2023-07-10;"segunda-feira";"03:30:00";"SC";285;52,4;"TIMBE DO SUL";"Curva acentuada";"Colisão com objeto";"Sem Vítimas";"Plena Noite";"Decrescente";"Céu Claro";"Simples";"Curva;Declive;Em Obras";"Não";1;0;0;0;0;1;0;1;-28,82035141;-49,86900408;"SPRF-SC";"DEL02-SC";"UOP02-DEL02-SC"
534955;2023-07-10;"segunda-feira";"11:20:00";"MT";70;0,3;"BARRA DO GARCAS";"Ultrapassagem Indevida";"Colisão lateral mesmo sentido";"Com Vítimas Feridas";"Pleno dia";"Crescente";"Céu Claro";"Simples";"Aclive;Reta";"Sim";2;0;0;1;0;1;1;2;-15,8932784;-52,25926995;"SPRF-MT";"DEL07-MT";"UOP01-DEL07-MT"
534957;2023-07-10;"segunda-feira";"10:33:00";"AC";364;123;"RIO BRANCO";"Condutor deixou de manter distância do veículo da frente";"Colisão lateral mesmo sentido";"Com Vítimas Feridas";"Pleno dia";"Crescente";"Céu Claro";"Dupla";"Reta";"Sim";2;0;1;0;1;0;1;2;-10,01315317;-67,7102;"SPRF-AC";"DEL01-AC";"UOP01-DEL01-AC"
534958;2023-07-10;"segunda-feira";"12:10:00";"BA";116;850;"VITORIA DA CONQUISTA";"Velocidade Incompatível";"Saída de leito carroçável";"Com Vítimas Feridas";"Pleno dia";"Decrescente";"Céu Claro";"Simples";"Reta";"Não";1;0;1;0;0;0;1;1;-15,058477;-40,985817;"SPRF-BA";"DEL08-BA";"UOP01-DEL08-BA"
534962;2023-07-10;"segunda-feira";"12:20:00";"PR";163;43;"PRANCHITA";"Acumulo de água sobre o pavimento";"Saída de leito carroçável";"Com Vítimas Feridas";"Pleno dia";"Crescente";"Garoa/Chuvisco";"Simples";"Curva";"Sim";1;0;1;0;0;0;1;1;-26,032026;-53,73488;"SPRF-PR";"DEL02-PR";"UOP02-DEL02-PR"
534963;2023-07-06;"quinta-feira";"06:00:00";"MT";163;654;"NOVA MUTUM";"Ausência de reação do condutor";"Saída de leito carroçável";"Sem Vítimas";"Amanhecer";"Decrescente";"Céu Claro";"Simples";"Reta";"Não";1;0;0;0;0;1;0;1;-13,45010491;-56,08339868;"SPRF-MT";"DEL06-MT";"UOP01-DEL06-MT"
534964;2023-07-10;"segunda-feira";"14:00:00";"SC";470;55;"BLUMENAU";"Conversão proibida";"Colisão transversal";"Com Vítimas Feridas";"Pleno dia";"Crescente";"Chuva";"Simples";"Reta";"Sim";2;0;1;0;0;1;1;2;-26,875601;-49,117992;"SPRF-SC";"DEL04-SC";"UOP01-DEL04-SC"
534965;2023-04-23;"domingo";"07:00:00";"PE";407;46,9;"PETROLINA";"Reação tardia ou ineficiente do condutor";"Saída de leito carroçável";"Com Vítimas Feridas";"Pleno dia";"Decrescente";"Céu Claro";"Simples";"Reta";"Não";2;0;0;2;0;0;2;1;-8,78481585;-40,87824463;"SPRF-PE";"DEL06-PE";"UOP02-DEL06-PE"
534966;2023-07-10;"segunda-feira";"13:00:00";"PR";376;650;"TIJUCAS DO SUL";"Velocidade Incompatível";"Capotamento";"Com Vítimas Feridas";"Pleno dia";"Crescente";"Chuva";"Dupla";"Curva;Aclive";"Não";3;0;3;0;0;0;3;1;-25,84564757;-49,08816197;"SPRF-PR";"DEL01-PR";"UOP04-DEL01-PR"
534967;2023-07-10;"segunda-feira";"13:10:00";"SC";101;203,9;"SAO JOSE";"Reação tardia ou ineficiente do condutor";"Colisão com objeto";"Com Vítimas Fatais";"Pleno dia";"Decrescente";"Nublado";"Múltipla";"Reta";"Sim";2;1;0;0;0;1;0;2;-27,57354716;-48,61349881;"SPRF-SC";"DEL01-SC";"UOP01-DEL01-SC"
534968;2023-07-10;"segunda-feira";"09:30:00";"SP";116;561;"BARRA DO TURVO";"Reação tardia ou ineficiente do condutor";"Colisão com objeto";"Com Vítimas Feridas";"Pleno dia";"Crescente";"Chuva";"Simples";"Declive;Curva";"Não";5;0;3;0;2;0;3;1;-25,02045097;-48,51586004;"SPRF-SP";"DEL05-SP";"UOP02-DEL05-SP"
534969;2023-04-09;"domingo";"18:10:00";"SC";480;130,1;"CHAPECO";"Velocidade Incompatível";"Colisão traseira";"Com Vítimas Feridas";"Pleno dia";"Crescente";"Céu Claro";"Dupla";"Reta";"Sim";3;0;1;0;2;0;1;2;-27,055067;-52,63656;"SPRF-SC";"DEL07-SC";"UOP01-DEL07-SC"
534970;2023-07-10;"segunda-feira";"14:35:00";"MG";365;752;"ITUIUTABA";"Demais falhas mecânicas ou elétricas";"Tombamento";"Com Vítimas Feridas";"Pleno dia";"Decrescente";"Céu Claro";"Simples";"Ponte";"Não";2;0;2;0;0;0;2;1;-18,94231516;-49,44922686;"SPRF-MG";"DEL15-MG";"UOP03-DEL15-MG"
534971;2023-07-10;"segunda-feira";"10:30:00";"RO";435;84;"COLORADO DO OESTE";"Acesso irregular";"Colisão lateral mesmo sentido";"Com Vítimas Feridas";"Pleno dia";"Decrescente";"Sol";"Dupla";"Aclive;Interseção de Vias";"Sim";2;0;0;1;1;0;1;2;-13,12074384;-60,54288626;"SPRF-RO";"DEL04-RO";"UOP02-DEL04-RO"
534972;2023-07-10;"segunda-feira";"13:50:00";"RS";472;576;"URUGUAIANA";"Acessar a via sem observar a presença dos outros veículos";"Colisão transversal";"Com Vítimas Feridas";"Pleno dia";"Crescente";"Nublado";"Simples";"Interseção de Vias";"Não";2;0;1;0;1;0;1;2;-29,78092597;-57,06521988;"SPRF-RS";"DEL13-RS";"UOP01-DEL13-RS"
534974;2023-05-24;"quarta-feira";"22:30:00";"RS";287;379;"SANTIAGO";"Ausência de reação do condutor";"Saída de leito carroçável";"Com Vítimas Feridas";"Plena Noite";"Crescente";"Céu Claro";"Simples";"Aclive;Reta";"Não";1;0;0;1;0;0;1;1;-29,31149625;-54,76119131;"SPRF-RS";"DEL12-RS";"UOP02-DEL12-RS"
534975;2023-07-10;"segunda-feira";"15:00:00";"SC";470;60,3;"BLUMENAU";"Retorno proibido";"Colisão transversal";"Com Vítimas Feridas";"Pleno dia";"Decrescente";"Garoa/Chuvisco";"Simples";"Interseção de Vias;Reta";"Sim";3;0;1;0;2;0;1;2;-26,88056464;-49,16772366;"SPRF-SC";"DEL04-SC";"UOP01-DEL04-SC"
534976;2023-07-10;"segunda-feira";"14:20:00";"PR";376;446,2;"TIBAGI";"Ausência de reação do condutor";"Colisão com objeto";"Sem Vítimas";"Pleno dia";"Decrescente";"Chuva";"Dupla";"Curva";"Não";1;0;0;0;1;0;0;1;-24,849525;-50,464322;"SPRF-PR";"DEL03-PR";"UOP02-DEL03-PR"
534977;2023-07-10;"segunda-feira";"14:20:00";"RJ";101;452;"MANGARATIBA";"Velocidade Incompatível";"Atropelamento de Pedestre";"Com Vítimas Feridas";"Pleno dia";"Crescente";"Nublado";"Simples";"Aclive;Em Obras";"Não";2;0;1;0;1;0;1;2;-23,03179764;-44,13196391;"SPRF-RJ";"DEL03-RJ";"UOP02-DEL03-RJ"
534978;2023-06-16;"sexta-feira";"21:30:00";"PE";407;68;"PETROLINA";"Animais na Pista";"Saída de leito carroçável";"Com Vítimas Feridas";"Plena Noite";"Decrescente";"Céu Claro";"Simples";"Reta";"Não";1;0;1;0;0;0;1;1;-8,9139989;-40,74412076;"SPRF-PE";"DEL06-PE";"UOP02-DEL06-PE"
534979;2023-07-10;"segunda-feira";"15:10:00";"PR";376;176;"MARINGA";"Reação tardia ou ineficiente do condutor";"Colisão traseira";"Sem Vítimas";"Pleno dia";"Crescente";"Céu Claro";"Dupla";"Interseção de Vias;Reta";"Sim";6;0;0;0;6;0;0;2;-23,41269173;-51,93158327;"SPRF-PR";"DEL09-PR";"UOP01-DEL09-PR"
534980;2023-07-10;"segunda-feira";"15:40:00";"RJ";101;484;"ANGRA DOS REIS";"Acessar a via sem observar a presença dos outros veículos";"Tombamento";"Com Vítimas Feridas";"Pleno dia";"Decrescente";"Céu Claro";"Simples";"Reta";"Sim";2;0;2;0;0;0;2;1;-22,9909630774;-44,3042988234;"SPRF-RJ";"DEL03-RJ";"UOP03-DEL03-RJ"
534982;2023-07-10;"segunda-feira";"15:20:00";"BA";324;545;"AMELIA RODRIGUES";"Conversão proibida";"Colisão lateral mesmo sentido";"Sem Vítimas";"Pleno dia";"Crescente";"Céu Claro";"Dupla";"Reta";"Sim";2;0;0;0;1;1;0;2;-12,40647;-38,753143;"SPRF-BA";"DEL01-BA";"UOP03-DEL01-BA"
534984;2023-07-10;"segunda-feira";"06:30:00";"RO";364;641;"CANDEIAS DO JAMARI";"Ausência de reação do condutor";"Saída de leito carroçável";"Com Vítimas Feridas";"Pleno dia";"Crescente";"Céu Claro";"Simples";"Reta";"Não";4;0;3;0;1;0;3;1;-9,011074;-63,42149106;"SPRF-RO";"DEL01-RO";"UOP04-DEL01-RO"
534985;2023-07-10;"segunda-feira";"14:45:00";"MG";40;637,8;"CONSELHEIRO LAFAIETE";"Reação tardia ou ineficiente do condutor";"Colisão traseira";"Com Vítimas Feridas";"Pleno dia";"Crescente";"Céu Claro";"Simples";"Aclive;Curva";"Não";2;0;2;0;0;0;2;2;-20,725609;-43,80119389;"SPRF-MG";"DEL05-MG";"UOP02-DEL05-MG"
534986;2023-07-10;"segunda-feira";"15:20:00";"RS";285;5;"SAO BORJA";"Avarias e/ou desgaste excessivo no pneu";"Queda de ocupante de veículo";"Com Vítimas Feridas";"Pleno dia";"Decrescente";"Céu Claro";"Simples";"Rotatória";"Não";2;0;1;0;1;0;1;1;-28,64113683;-55,98873138;"SPRF-RS";"DEL12-RS";"UOP01-DEL12-RS"
534987;2023-07-10;"segunda-feira";"14:37:00";"PB";230;111,3;"INGA";"Reação tardia ou ineficiente do condutor";"Colisão traseira";"Com Vítimas Feridas";"Pleno dia";"Crescente";"Céu Claro";"Dupla";"Reta;Declive";"Não";4;0;2;1;1;0;3;2;-7,2086;-35,5736;"SPRF-PB";"DEL01-PB";"UOP03-DEL01-PB"
534988;2023-07-11;"terça-feira";"00:20:00";"PR";116;13,6;"ANTONINA";"Reação tardia ou ineficiente do condutor";"Colisão com objeto";"Com Vítimas Feridas";"Plena Noite";"Crescente";"Chuva";"Dupla";"Reta";"Não";2;0;1;0;1;0;1;1;-25,096447;-48,664562;"SPRF-PR";"DEL01-PR";"UOP02-DEL01-PR"
534989;2023-07-10;"segunda-feira";"17:00:00";"ES";101;270,6;"SERRA";"Mal súbito do condutor";"Queda de ocupante de veículo";"Com Vítimas Feridas";"Plena Noite";"Crescente";"Céu Claro";"Dupla";"Curva;Viaduto";"Sim";1;0;1;0;0;0;1;1;-20,22662056;-40,27075088;"SPRF-ES";"DEL02-ES";"UOP01-DEL02-ES"
534990;2023-07-10;"segunda-feira";"16:30:00";"GO";40;24,4;"LUZIANIA";"Reação tardia ou ineficiente do condutor";"Colisão transversal";"Com Vítimas Feridas";"Pleno dia";"Decrescente";"Céu Claro";"Simples";"Reta";"Sim";2;0;1;0;1;0;1;2;-16,252738;-47,900437;"SPRF-DF";"DEL01-DF";"UOP01-DEL01-DF"
534992;2023-07-10;"segunda-feira";"15:40:00";"SC";470;9;"NAVEGANTES";"Chuva";"Saída de leito carroçável";"Sem Vítimas";"Pleno dia";"Crescente";"Chuva";"Dupla";"Reta;Em Obras";"Sim";1;0;0;0;1;0;0;1;-26,833143;-48,727432;"SPRF-SC";"DEL04-SC";"UOP04-DEL04-SC"
534993;2023-07-10;"segunda-feira";"16:20:00";"PR";277;355;"GUARAPUAVA";"Reação tardia ou ineficiente do condutor";"Saída de leito carroçável";"Sem Vítimas";"Pleno dia";"Decrescente";"Chuva";"Simples";"Curva";"Não";2;0;0;0;2;0;0;1;-25,390621;-51,521241;"SPRF-PR";"DEL08-PR";"UOP01-DEL08-PR"
534994;2023-07-10;"segunda-feira";"16:25:00";"GO";153;599,5;"MORRINHOS";"Condutor Dormindo";"Saída de leito carroçável";"Com Vítimas Fatais";"Pleno dia";"Crescente";"Sol";"Dupla";"Reta";"Não";6;1;3;0;1;1;3;2;-17,5439;-49,2093;"SPRF-GO";"DEL03-GO";"UOP01-DEL03-GO"
534995;2023-07-10;"segunda-feira";"14:50:00";"MT";70;2;"BARRA DO GARCAS";"Acessar a via sem observar a presença dos outros veículos";"Colisão transversal";"Com Vítimas Feridas";"Pleno dia";"Crescente";"Céu Claro";"Dupla";"Reta";"Sim";2;0;0;1;1;0;1;2;-15,887496988;-52,268105684;"SPRF-MT";"DEL07-MT";"UOP01-DEL07-MT"
534996;2023-07-10;"segunda-feira";"13:40:00";"BA";324;523,5;"FEIRA DE SANTANA";"Condutor Dormindo";"Saída de leito carroçável";"Com Vítimas Feridas";"Pleno dia";"Crescente";"Céu Claro";"Dupla";"Reta";"Não";2;0;1;0;1;0;1;1;-12,29007099;-38,91206799;"SPRF-BA";"DEL01-BA";"UOP03-DEL01-BA"
534999;2023-07-10;"segunda-feira";"16:35:00";"GO";60;311;"ACREUNA";"Condutor Dormindo";"Saída de leito carroçável";"Com Vítimas Feridas";"Pleno dia";"Crescente";"Céu Claro";"Dupla";"Curva";"Não";1;0;1;0;0;0;1;1;-17,4173;-50,4189;"SPRF-GO";"DEL04-GO";"UOP02-DEL04-GO"
535000;2023-07-10;"segunda-feira";"16:30:00";"PR";376;3,5;"SAO JOSE DOS PINHAIS";"Reação tardia ou ineficiente do condutor";"Colisão traseira";"Com Vítimas Feridas";"Anoitecer";"Crescente";"Garoa/Chuvisco";"Dupla";"Interseção de Vias;Reta";"Não";5;0;1;0;3;1;1;2;-25,5307;-49,1958;"SPRF-PR";"DEL01-PR";"UOP04-DEL01-PR"
535001;2023-07-10;"segunda-feira";"17:15:00";"MG";40;413;"CURVELO";"Acessar a via sem observar a presença dos outros veículos";"Colisão transversal";"Com Vítimas Feridas";"Anoitecer";"Crescente";"Céu Claro";"Simples";"Interseção de Vias;Reta;Retorno Regulamentado;Declive";"Não";4;0;0;2;2;0;2;2;-19,13248388;-44,62252053;"SPRF-MG";"DEL02-MG";"UOP01-DEL02-MG"
535002;2023-07-10;"segunda-feira";"16:25:00";"PR";376;679;"GUARATUBA";"Velocidade Incompatível";"Saída de leito carroçável";"Com Vítimas Feridas";"Pleno dia";"Crescente";"Chuva";"Dupla";"Curva";"Não";6;0;2;0;4;0;2;1;-25,95050276;-48,90514477;"SPRF-PR";"DEL01-PR";"UOP04-DEL01-PR"
535003;2023-07-10;"segunda-feira";"17:30:00";"SC";280;127,5;"RIO NEGRINHO";"Ingestão de álcool pelo condutor";"Colisão lateral sentido oposto";"Com Vítimas Feridas";"Pleno dia";"Crescente";"Garoa/Chuvisco";"Simples";"Viaduto";"Sim";4;0;3;0;1;0;3;3;-26,23943953;-49,50420708;"SPRF-SC";"DEL06-SC";"UOP03-DEL06-SC"
535004;2023-07-10;"segunda-feira";"12:40:00";"SC";282;70;"RANCHO QUEIMADO";"Ausência de reação do condutor";"Colisão frontal";"Com Vítimas Feridas";"Pleno dia";"Crescente";"Garoa/Chuvisco";"Simples";"Curva";"Não";2;0;0;1;1;0;1;2;-27,692705;-49,091351;"SPRF-SC";"DEL01-SC";"UOP03-DEL01-SC"
535005;2023-07-10;"segunda-feira";"14:00:00";"RS";293;270,4;"DOM PEDRITO";"Velocidade Incompatível";"Saída de leito carroçável";"Com Vítimas Feridas";"Pleno dia";"Decrescente";"Céu Claro";"Simples";"Reta";"Não";1;0;1;0;0;0;1;1;-30,89528765;-54,84921686;"SPRF-RS";"DEL11-RS";"UOP01-DEL11-RS"
535006;2023-07-10;"segunda-feira";"16:20:00";"PR";376;447,2;"TIBAGI";"Velocidade Incompatível";"Saída de leito carroçável";"Com Vítimas Feridas";"Pleno dia";"Crescente";"Chuva";"Dupla";"Curva";"Não";3;0;3;0;0;0;3;1;-24,856102;-50,459763;"SPRF-PR";"DEL03-PR";"UOP02-DEL03-PR"
535008;2023-07-10;"segunda-feira";"18:01:00";"PB";101;91;"JOAO PESSOA";"Ausência de reação do condutor";"Tombamento";"Com Vítimas Feridas";"Plena Noite";"Decrescente";"Céu Claro";"Dupla";"Interseção de Vias;Reta";"Não";1;0;0;1;0;0;1;1;-7,19184773;-34,90409017;"SPRF-PB";"DEL01-PB";"UOP02-DEL01-PB"
535011;2023-07-10;"segunda-feira";"18:00:00";"MG";381;478,3;"CONTAGEM";"Trafegar com motocicleta (ou similar) entre as faixas";"Tombamento";"Com Vítimas Fatais";"Anoitecer";"Crescente";"Céu Claro";"Dupla";"Reta";"Sim";1;1;0;0;0;0;0;1;-19,95826094;-44,05921101;"SPRF-MG";"DEL01-MG";"UOP03-DEL01-MG"
535012;2023-07-10;"segunda-feira";"18:40:00";"MG";381;482,8;"BETIM";"Reação tardia ou ineficiente do condutor";"Colisão traseira";"Com Vítimas Feridas";"Anoitecer";"Crescente";"Céu Claro";"Dupla";"Reta";"Sim";2;0;1;0;1;0;1;2;-19,955532;-44,097209;"SPRF-MG";"DEL01-MG";"UOP03-DEL01-MG"
535013;2023-07-10;"segunda-feira";"17:45:00";"MS";262;481;"ANASTACIO";"Acostamento em desnível";"Colisão lateral sentido oposto";"Com Vítimas Feridas";"Anoitecer";"Crescente";"Nublado";"Simples";"Reta";"Não";4;0;3;0;1;0;3;2;-20,5046132;-55,73017302;"SPRF-MS";"DEL03-MS";"UOP01-DEL03-MS"
535014;2023-07-10;"segunda-feira";"18:15:00";"SP";116;276;"EMBU DAS ARTES";"Manobra de mudança de faixa";"Colisão lateral mesmo sentido";"Com Vítimas Feridas";"Plena Noite";"Crescente";"Céu Claro";"Dupla";"Reta";"Sim";2;0;1;0;0;1;1;2;-23,64262417;-46,83811382;"SPRF-SP";"DEL04-SP";"UOP01-DEL04-SP"
535015;2023-07-10;"segunda-feira";"17:50:00";"ES";101;288,3;"CARIACICA";"Manobra de mudança de faixa";"Colisão lateral mesmo sentido";"Com Vítimas Feridas";"Plena Noite";"Crescente";"Céu Claro";"Dupla";"Retorno Regulamentado";"Sim";3;0;1;0;1;1;1;3;-20,27160351;-40,39091743;"SPRF-ES";"DEL01-ES";"UOP01-DEL01-ES"
535017;2023-07-10;"segunda-feira";"17:23:00";"BA";367;26,9;"PORTO SEGURO";"Desrespeitar a preferência no cruzamento";"Colisão lateral sentido oposto";"Com Vítimas Feridas";"Plena Noite";"Decrescente";"Céu Claro";"Simples";"Curva;Interseção de Vias";"Sim";2;0;1;0;1;0;1;2;-16,43071712;-39,09561713;"SPRF-BA";"DEL09-BA";"UOP03-DEL09-BA"
535018;2023-07-10;"segunda-feira";"19:00:00";"BA";324;606;"SIMOES FILHO";"Condutor deixou de manter distância do veículo da frente";"Colisão traseira";"Sem Vítimas";"Plena Noite";"Crescente";"Céu Claro";"Dupla";"Reta";"Sim";2;0;0;0;2;0;0;2;-12,80105787;-38,40414568;"SPRF-BA";"DEL01-BA";"UOP01-DEL01-BA"
535019;2023-07-10;"segunda-feira";"18:00:00";"BA";101;175;"CONCEICAO DA FEIRA";"Reação tardia ou ineficiente do condutor";"Atropelamento de Pedestre";"Com Vítimas Feridas";"Plena Noite";"Decrescente";"Céu Claro";"Simples";"Reta";"Sim";2;0;2;0;0;0;2;2;-12,519078;-38,970829;"SPRF-BA";"DEL01-BA";"UOP03-DEL01-BA"
535025;2023-07-10;"segunda-feira";"00:00:00";"GO";153;497,4;"GOIANIA";"Pedestre andava na pista";"Atropelamento de Pedestre";"Com Vítimas Fatais";"Plena Noite";"Decrescente";"Céu Claro";"Dupla";"Declive;Curva";"Sim";2;1;0;0;0;1;0;2;-16,6854;-49,2338;"SPRF-GO";"DEL01-GO";"UOP01-DEL01-GO"
535027;2023-07-10;"segunda-feira";"19:00:00";"MG";381;484,6;"BETIM";"Condutor deixou de manter distância do veículo da frente";"Colisão traseira";"Com Vítimas Feridas";"Plena Noite";"Crescente";"Céu Claro";"Dupla";"Reta";"Sim";3;0;1;0;2;0;1;3;-19,95531717;-44,11722196;"SPRF-MG";"DEL01-MG";"UOP03-DEL01-MG"
535029;2023-07-10;"segunda-feira";"18:50:00";"SC";101;214,8;"PALHOCA";"Reação tardia ou ineficiente do condutor";"Tombamento";"Com Vítimas Feridas";"Plena Noite";"Crescente";"Chuva";"Dupla";"Reta;Declive";"Sim";1;0;1;0;0;0;1;1;-27,64443;-48,67057;"SPRF-SC";"DEL01-SC";"UOP02-DEL01-SC"
535031;2023-07-10;"segunda-feira";"19:15:00";"CE";116;12;"FORTALEZA";"Mal súbito do condutor";"Queda de ocupante de veículo";"Com Vítimas Feridas";"Plena Noite";"Decrescente";"Céu Claro";"Múltipla";"Curva";"Não";1;0;1;0;0;0;1;1;-3,852077;-38,495525;"SPRF-CE";"DEL01-CE";"UOP02-DEL01-CE"
535033;2023-07-10;"segunda-feira";"17:25:00";"SC";280;7,2;"SAO FRANCISCO DO SUL";"Acessar a via sem observar a presença dos outros veículos";"Colisão transversal";"Com Vítimas Feridas";"Anoitecer";"Crescente";"Garoa/Chuvisco";"Simples";"Interseção de Vias";"Não";3;0;1;0;2;0;1;2;-26,27127101;-48,64129599;"SPRF-SC";"DEL03-SC";"UOP03-DEL03-SC"
535035;2023-07-10;"segunda-feira";"18:00:00";"SE";235;71,5;"FREI PAULO";"Transitar na contramão";"Colisão lateral sentido oposto";"Com Vítimas Feridas";"Plena Noite";"Decrescente";"Nublado";"Simples";"Reta";"Não";5;0;3;0;2;0;3;2;-10,55365231;-37,52710283;"SPRF-SE";"DEL01-SE";"UOP02-DEL01-SE"
535036;2023-07-10;"segunda-feira";"18:30:00";"SC";101;217;"PALHOCA";"Reação tardia ou ineficiente do condutor";"Colisão traseira";"Sem Vítimas";"Plena Noite";"Crescente";"Chuva";"Simples";"Reta";"Sim";2;0;0;0;2;0;0;2;-27,662647;-48,6764;"SPRF-SC";"DEL01-SC";"UOP02-DEL01-SC"
535038;2023-07-10;"segunda-feira";"19:30:00";"AL";423;100;"DELMIRO GOUVEIA";"Deficiência do Sistema de Iluminação/Sinalização";"Colisão traseira";"Com Vítimas Feridas";"Plena Noite";"Crescente";"Céu Claro";"Simples";"Reta";"Não";2;0;0;1;1;0;1;2;-9,3903726;-38,1574192;"SPRF-BA";"DEL07-BA";"UOP01-DEL07-BA"
535040;2023-07-10;"segunda-feira";"20:10:00";"PR";476;147;"CURITIBA";"Área urbana sem a presença de local apropriado para a travessia de pedestres";"Atropelamento de Pedestre";"Com Vítimas Feridas";"Plena Noite";"Crescente";"Chuva";"Dupla";"Reta;Declive";"Sim";2;0;1;0;1;0;1;2;-25,55305057;-49,33582306;"SPRF-PR";"DEL01-PR";"UOP06-DEL01-PR"
535043;2023-07-10;"segunda-feira";"20:15:00";"MG";116;275;"TEOFILO OTONI";"Conversão proibida";"Colisão transversal";"Com Vítimas Feridas";"Plena Noite";"Decrescente";"Nublado";"Simples";"Aclive";"Sim";4;0;1;1;2;0;2;2;-17,84235093;-41,51410418;"SPRF-MG";"DEL11-MG";"UOP01-DEL11-MG"
535045;2023-07-10;"segunda-feira";"20:50:00";"ES";101;68,8;"SAO MATEUS";"Pedestre andava na pista";"Atropelamento de Pedestre";"Com Vítimas Feridas";"Plena Noite";"Decrescente";"Céu Claro";"Simples";"Aclive;Reta";"Não";2;0;2;0;0;0;2;2;-18,73556097;-39,86069526;"SPRF-ES";"DEL04-ES";"UOP02-DEL04-ES"
535048;2023-07-10;"segunda-feira";"18:00:00";"SC";282;463;"PONTE SERRADA";"Desrespeitar a preferência no cruzamento";"Colisão transversal";"Com Vítimas Feridas";"Plena Noite";"Crescente";"Chuva";"Dupla";"Interseção de Vias";"Sim";2;0;1;0;1;0;1;2;-26,855036;-52,059551;"SPRF-SC";"DEL07-SC";"UOP04-DEL07-SC"
535050;2023-07-10;"segunda-feira";"21:10:00";"SP";116;108;"TAUBATE";"Pedestre cruzava a pista fora da faixa";"Atropelamento de Pedestre";"Com Vítimas Feridas";"Plena Noite";"Crescente";"Nublado";"Dupla";"Reta";"Sim";3;0;1;0;1;1;1;2;-23,0233097;-45,53763622;"SPRF-SP";"DEL02-SP";"UOP02-DEL02-SP"
535052;2023-07-10;"segunda-feira";"20:00:00";"SP";153;44,8;"ONDA VERDE";"Demais falhas mecânicas ou elétricas";"Incêndio";"Sem Vítimas";"Plena Noite";"Decrescente";"Céu Claro";"Simples";"Reta";"Não";4;0;0;0;4;0;0;1;-20,65497601;-49,34121741;"SPRF-SP";"DEL09-SP";"UOP01-DEL09-SP"
535053;2023-07-10;"segunda-feira";"20:30:00";"PR";277;242;"IRATI";"Ingestão de álcool pelo condutor";"Saída de leito carroçável";"Sem Vítimas";"Plena Noite";"Decrescente";"Chuva";"Simples";"Reta";"Não";1;0;0;0;1;0;0;1;-25,45218748;-50,64422607;"SPRF-PR";"DEL08-PR";"UOP02-DEL08-PR"
535056;2023-07-10;"segunda-feira";"21:30:00";"MG";262;444,7;"NOVA SERRANA";"Pedestre cruzava a pista fora da faixa";"Atropelamento de Pedestre";"Com Vítimas Fatais";"Plena Noite";"Crescente";"Céu Claro";"Dupla";"Reta";"Sim";2;1;0;0;1;0;0;2;-19,88065393;-44,92197102;"SPRF-MG";"DEL08-MG";"UOP03-DEL08-MG"
535060;2023-07-10;"segunda-feira";"22:25:00";"MG";381;643,5;"SANTO ANTONIO DO AMPARO";"Demais falhas mecânicas ou elétricas";"Colisão com objeto";"Com Vítimas Feridas";"Plena Noite";"Decrescente";"Nublado";"Dupla";"Curva";"Não";33;0;29;2;2;0;31;2;-20,92297948;-44,8730368;"SPRF-MG";"DEL04-MG";"UOP01-DEL04-MG"