"id";"data_inversa";"dia_semana";"horario";"uf";"br";"km";"municipio";"causa_acidente";"tipo_acidente";"classificacao_acidente";"fase_dia";"sentido_via";"condicao_metereologica";"tipo_pista";"tracado_via";"uso_solo";"pessoas";"mortos";"feridos_leves";"feridos_graves";"ilesos";"ignorados";"feridos";"veiculos";"latitude";"longitude";"regional";"delegacia";"uop"
535061;2023-07-10;"segunda-feira";"22:00:00";"PR";376;209,5;"MANDAGUARI";"Velocidade Incompatível";"Colisão traseira";"Com Vítimas Feridas";"Plena Noite";"Decrescente";"Céu Claro";"Dupla";"Reta";"Não";8;0;3;1;4;0;4;2;-23,561134;-51,66161;"SPRF-PR";"DEL09-PR";"UOP01-DEL09-PR"
535062;2023-07-10;"segunda-feira";"22:00:00";"RS";116;151,4;"CAXIAS DO SUL";"Pedestre cruzava a pista fora da faixa";"Atropelamento de Pedestre";"Com Vítimas Feridas";"Plena Noite";"Crescente";"Nublado";"Dupla";"Curva";"Sim";2;0;1;1;0;0;2;2;-29,17694502;-51,16173896;"SPRF-RS";"DEL05-RS";"UOP01-DEL05-RS"
535063;2023-07-10;"segunda-feira";"21:35:00";"PB";230;330;"PATOS";"Iluminação deficiente";"Colisão transversal";"Com Vítimas Feridas";"Plena Noite";"Crescente";"Céu Claro";"Simples";"Reta";"Não";2;0;1;0;0;1;1;2;-7,0173;-37,2249;"SPRF-PB";"DEL03-PB";"UOP01-DEL03-PB"
535065;2023-07-10;"segunda-feira";"21:40:00";"SC";101;41;"JOINVILLE";"Velocidade Incompatível";"Colisão com objeto";"Com Vítimas Feridas";"Plena Noite";"Crescente";"Chuva";"Dupla";"Curva;Aclive";"Sim";2;0;1;0;1;0;1;1;-26,28215489;-48,88973081;"SPRF-SC";"DEL03-SC";"UOP01-DEL03-SC"
535066;2023-07-10;"segunda-feira";"19:09:00";"AC";364;132;"RIO BRANCO";"Condutor deixou de manter distância do veículo da frente";"Colisão traseira";"Com Vítimas Feridas";"Plena Noite";"Decrescente";"Céu Claro";"Dupla";"Reta";"Sim";3;0;1;0;2;0;1;2;-10,01005063;-67,84552927;"SPRF-AC";"DEL01-AC";"UOP01-DEL01-AC"
535069;2023-07-11;"terça-feira";"00:39:00";"SP";116;219;"GUARULHOS";"Velocidade Incompatível";"Colisão com objeto";"Sem Vítimas";"Plena Noite";"Crescente";"Garoa/Chuvisco";"Múltipla";"Curva";"Sim";1;0;0;0;1;0;0;1;-23,46143954;-46,48885316;"SPRF-SP";"DEL01-SP";"UOP01-DEL01-SP"
535071;2023-07-10;"segunda-feira";"22:45:00";"MS";419;236;"AQUIDAUANA";"Acessar a via sem observar a presença dos outros veículos";"Colisão frontal";"Com Vítimas Feridas";"Plena Noite";"Decrescente";"Céu Claro";"Simples";"Reta;Interseção de Vias";"Sim";3;0;0;1;2;0;1;2;-20,500391;-55,81333;"SPRF-MS";"DEL03-MS";"UOP01-DEL03-MS"
535072;2023-07-11;"terça-feira";"01:27:00";"RJ";116;308,9;"RESENDE";"Entrada inopinada do pedestre";"Atropelamento de Pedestre";"Com Vítimas Feridas";"Plena Noite";"Crescente";"Céu Claro";"Múltipla";"Reta";"Sim";2;0;1;0;0;1;1;2;-22,45783299;-44,418685;"SPRF-RJ";"DEL07-RJ";"UOP02-DEL07-RJ"
535075;2023-07-11;"terça-feira";"02:00:00";"RJ";101;387;"RIO DE JANEIRO";"Ausência de reação do condutor";"Colisão com objeto";"Com Vítimas Feridas";"Plena Noite";"Crescente";"Céu Claro";"Dupla";"Retorno Regulamentado";"Sim";1;0;1;0;0;0;1;1;-22,88150557;-43,64361763;"SPRF-RJ";"DEL03-RJ";"UOP01-DEL03-RJ"
535077;2023-07-11;"terça-feira";"00:58:00";"SP";116;0;"QUELUZ";"Ausência de sinalização";"Colisão com objeto";"Sem Vítimas";"Plena Noite";"Decrescente";"Nublado";"Simples";"Declive;Viaduto;Retorno Regulamentado";"Não";2;0;0;0;0;2;0;2;-22,513866;-44,69955;"SPRF-SP";"DEL08-SP";"UOP02-DEL08-SP"
535079;2023-07-11;"terça-feira";"04:30:00";"MG";381;428;"CAETE";"Ausência de reação do condutor";"Colisão com objeto";"Com Vítimas Feridas";"Plena Noite";"Crescente";"Céu Claro";"Dupla";"Curva";"Não";1;0;1;0;0;0;1;1;-19,78885371;-43,70613892;"SPRF-MG";"DEL01-MG";"UOP01-DEL01-MG"
535080;2023-07-11;"terça-feira";"04:40:00";"PR";116;44,9;"CAMPINA GRANDE DO SUL";"Chuva";"Capotamento";"Com Vítimas Feridas";"Amanhecer";"Decrescente";"Chuva";"Dupla";"Reta";"Não";6;0;1;0;5;0;1;1;-25,195729;-48,891071;"SPRF-PR";"DEL01-PR";"UOP02-DEL01-PR"
535081;2023-07-10;"segunda-feira";"20:00:00";"MT";70;673;"CACERES";"Demais falhas mecânicas ou elétricas";"Incêndio";"Sem Vítimas";"Plena Noite";"Crescente";"Céu Claro";"Simples";"Curva";"Não";1;0;0;0;1;0;0;1;-16,14576234;-57,34279633;"SPRF-MT";"DEL03-MT";"UOP02-DEL03-MT"
535082;2023-07-11;"terça-feira";"05:50:00";"MG";40;446,1;"PARAOPEBA";"Velocidade Incompatível";"Tombamento";"Com Vítimas Feridas";"Amanhecer";"Crescente";"Céu Claro";"Dupla";"Curva;Declive";"Sim";1;0;0;1;0;0;1;1;-19,28904869;-44,39073086;"SPRF-MG";"DEL02-MG";"UOP01-DEL02-MG"
535083;2023-07-10;"segunda-feira";"18:30:00";"SC";101;212;"PALHOCA";"Reação tardia ou ineficiente do condutor";"Colisão lateral mesmo sentido";"Com Vítimas Feridas";"Plena Noite";"Crescente";"Céu Claro";"Dupla";"Reta";"Não";3;0;2;0;0;1;2;2;-27,62996929;-48,65903871;"SPRF-SC";"DEL01-SC";"UOP02-DEL01-SC"
535084;2023-07-11;"terça-feira";"06:00:00";"SC";480;128,6;"CHAPECO";"Demais falhas na via";"Saída de leito carroçável";"Com Vítimas Feridas";"Amanhecer";"Crescente";"Garoa/Chuvisco";"Dupla";"Retorno Regulamentado;Reta";"Sim";1;0;1;0;0;0;1;1;-27,03781899;-52,63432603;"SPRF-SC";"DEL07-SC";"UOP01-DEL07-SC"
535086;2023-07-10;"segunda-feira";"18:00:00";"PR";376;546;"PALMEIRA";"Iluminação deficiente";"Colisão traseira";"Com Vítimas Feridas";"Anoitecer";"Crescente";"Céu Claro";"Dupla";"Reta";"Não";1;0;1;0;0;0;1;1;-25,45305085;-49,7368738;"SPRF-PR";"DEL03-PR";"UOP03-DEL03-PR"
535087;2023-07-11;"terça-feira";"05:40:00";"MT";70;1;"BARRA DO GARCAS";"Ingestão de álcool pelo condutor";"Colisão traseira";"Sem Vítimas";"Amanhecer";"Decrescente";"Céu Claro";"Simples";"Declive;Reta;Interseção de Vias";"Sim";2;0;0;0;2;0;0;2;-15,88985256;-52,26454854;"SPRF-MT";"DEL07-MT";"UOP01-DEL07-MT"
535088;2023-07-11;"terça-feira";"05:30:00";"SC";101;290;"IMBITUBA";"Condutor Dormindo";"Colisão com objeto";"Sem Vítimas";"Plena Noite";"Crescente";"Nublado";"Dupla";"Reta";"Não";1;0;0;0;1;0;0;1;-28,26202477;-48,70403355;"SPRF-SC";"DEL02-SC";"UOP03-DEL02-SC"
535089;2023-07-11;"terça-feira";"06:50:00";"SP";153;49,5;"SAO JOSE DO RIO PRETO";"Conversão proibida";"Colisão traseira";"Com Vítimas Feridas";"Pleno dia";"Crescente";"Céu Claro";"Simples";"Reta";"Não";3;0;2;0;1;0;2;2;-20,70000401;-49,33945823;"SPRF-SP";"DEL09-SP";"UOP01-DEL09-SP"
535093;2023-07-11;"terça-feira";"08:30:00";"ES";101;270;"SERRA";"Entrada inopinada do pedestre";"Tombamento";"Com Vítimas Feridas";"Pleno dia";"Crescente";"Céu Claro";"Múltipla";"Reta";"Sim";2;0;2;0;0;0;2;1;-20,22662056;-40,27075088;"SPRF-ES";"DEL02-ES";"UOP01-DEL02-ES"
535094;2023-07-11;"terça-feira";"08:30:00";"MG";116;678;"MIRADOURO";"Manobra de mudança de faixa";"Colisão lateral mesmo sentido";"Com Vítimas Feridas";"Pleno dia";"Crescente";"Céu Claro";"Simples";"Reta";"Não";3;0;0;1;1;1;1;3;-20,93927635;-42,34293938;"SPRF-MG";"DEL07-MG";"UOP02-DEL07-MG"
535097;2023-07-11;"terça-feira";"08:30:00";"MG";381;526;"BRUMADINHO";"Pista Escorregadia";"Colisão com objeto";"Com Vítimas Feridas";"Pleno dia";"Crescente";"Céu Claro";"Dupla";"Declive;Curva";"Não";1;0;1;0;0;0;1;1;-20,16175378;-44,34144636;"SPRF-MG";"DEL04-MG";"UOP03-DEL04-MG"
535098;2023-07-11;"terça-feira";"07:15:00";"RJ";116;144;"DUQUE DE CAXIAS";"Manobra de mudança de faixa";"Colisão traseira";"Com Vítimas Feridas";"Pleno dia";"Crescente";"Céu Claro";"Dupla";"Reta";"Sim";2;0;1;0;1;0;1;2;-22,65737709;-43,24724694;"SPRF-RJ";"DEL01-RJ";"UOP01-DEL01-RJ"
535099;2023-07-11;"terça-feira";"08:10:00";"BA";116;359;"SERRINHA";"Condutor deixou de manter distância do veículo da frente";"Colisão traseira";"Com Vítimas Feridas";"Pleno dia";"Decrescente";"Céu Claro";"Simples";"Reta";"Sim";2;0;1;0;1;0;1;2;-11,66618301;-39,00086165;"SPRF-BA";"DEL02-BA";"UOP01-DEL02-BA"
535101;2023-07-11;"terça-feira";"09:00:00";"SP";116;219;"GUARULHOS";"Manobra de mudança de faixa";"Colisão lateral mesmo sentido";"Com Vítimas Feridas";"Pleno dia";"Crescente";"Céu Claro";"Múltipla";"Em Obras;Reta";"Não";2;0;1;0;0;1;1;2;-23,46143954;-46,48885316;"SPRF-SP";"DEL01-SP";"UOP01-DEL01-SP"
535103;2023-07-11;"terça-feira";"08:05:00";"SC";282;387,7;"JOACABA";"Condutor deixou de manter distância do veículo da frente";"Colisão traseira";"Sem Vítimas";"Pleno dia";"Decrescente";"Chuva";"Dupla";"Rotatória";"Sim";2;0;0;0;2;0;0;2;-27,178274;-51,524025;"SPRF-SC";"DEL07-SC";"UOP05-DEL07-SC"
535104;2023-07-10;"segunda-feira";"22:40:00";"MA";226;298;"BARRA DO CORDA";"Ingestão de álcool pelo condutor";"Colisão lateral sentido oposto";"Com Vítimas Feridas";"Plena Noite";"Decrescente";"Céu Claro";"Simples";"Aclive;Curva";"Sim";2;0;1;0;1;0;1;2;-5,50176103;-45,23562004;"SPRF-MA";"DEL06-MA";"UOP01-DEL06-MA"
535106;2023-07-11;"terça-feira";"07:00:00";"MG";116;414,2;"GOVERNADOR VALADARES";"Desrespeitar a preferência no cruzamento";"Colisão transversal";"Sem Vítimas";"Pleno dia";"Crescente";"Céu Claro";"Simples";"Reta";"Sim";2;0;0;0;2;0;0;2;-18,88102703;-41,95910802;"SPRF-MG";"DEL06-MG";"UOP01-DEL06-MG"
535107;2023-07-11;"terça-feira";"08:10:00";"RJ";101;59;"CAMPOS DOS GOYTACAZES";"Pedestre cruzava a pista fora da faixa";"Atropelamento de Pedestre";"Com Vítimas Feridas";"Pleno dia";"Crescente";"Céu Claro";"Simples";"Interseção de Vias;Reta";"Sim";2;0;1;0;0;1;1;2;-21,71867981;-41,31219864;"SPRF-RJ";"DEL08-RJ";"UOP01-DEL08-RJ"
535110;2023-07-11;"terça-feira";"09:14:00";"PB";101;70,2;"SANTA RITA";"Avarias e/ou desgaste excessivo no pneu";"Tombamento";"Com Vítimas Feridas";"Pleno dia";"Crescente";"Céu Claro";"Dupla";"Aclive;Reta";"Não";2;0;1;1;0;0;2;1;-7,06454776;-35,01147489;"SPRF-PB";"DEL01-PB";"UOP04-DEL01-PB"
535111;2023-07-11;"terça-feira";"08:10:00";"PA";230;9;"ALTAMIRA";"Frear bruscamente";"Queda de ocupante de veículo";"Com Vítimas Feridas";"Pleno dia";"Decrescente";"Nublado";"Simples";"Reta";"Sim";1;0;1;0;0;0;1;1;-3,203721;-52,206787;"SPRF-PA";"DEL04-PA";"UOP01-DEL04-PA"
535112;2023-07-11;"terça-feira";"08:25:00";"MT";163;118;"RONDONOPOLIS";"Ultrapassagem Indevida";"Colisão lateral mesmo sentido";"Com Vítimas Feridas";"Pleno dia";"Crescente";"Sol";"Dupla";"Rotatória;Curva";"Não";1;0;1;0;0;0;1;1;-16,51361392;-54,65519619;"SPRF-MT";"DEL02-MT";"UOP01-DEL02-MT"
535113;2023-07-11;"terça-feira";"09:15:00";"RJ";101;328;"RIO DE JANEIRO";"Condutor deixou de manter distância do veículo da frente";"Colisão traseira";"Com Vítimas Feridas";"Pleno dia";"Crescente";"Céu Claro";"Simples";"Reta";"Sim";4;0;2;0;2;0;2;2;-22,87028692;-43,16579699;"SPRF-RJ";"DEL02-RJ";"UOP01-DEL02-RJ"
535114;2023-07-11;"terça-feira";"10:00:00";"SP";381;32;"ATIBAIA";"Condutor deixou de manter distância do veículo da frente";"Colisão lateral mesmo sentido";"Com Vítimas Feridas";"Pleno dia";"Crescente";"Céu Claro";"Dupla";"Reta";"Sim";2;0;1;0;1;0;1;2;-23,06461405;-46,57048121;"SPRF-SP";"DEL03-SP";"UOP02-DEL03-SP"
535116;2023-07-11;"terça-feira";"10:15:00";"DF";60;15;"BRASILIA";"Ausência de reação do condutor";"Queda de ocupante de veículo";"Com Vítimas Feridas";"Pleno dia";"Decrescente";"Céu Claro";"Dupla";"Reta;Declive";"Não";1;0;0;1;0;0;1;1;-15,94412257;-48,17191601;"SPRF-DF";"DEL03-DF";"UOP01-DEL03-DF"
535117;2023-07-11;"terça-feira";"10:35:00";"SC";280;28;"ARAQUARI";"Desrespeitar a preferência no cruzamento";"Colisão transversal";"Com Vítimas Feridas";"Pleno dia";"Crescente";"Chuva";"Simples";"Reta;Em Obras";"Sim";2;0;1;0;1;0;1;2;-26,40450077;-48,74561031;"SPRF-SC";"DEL03-SC";"UOP03-DEL03-SC"
535118;2023-07-11;"terça-feira";"08:15:00";"SC";282;3,5;"FLORIANOPOLIS";"Ausência de reação do condutor";"Colisão traseira";"Com Vítimas Feridas";"Pleno dia";"Crescente";"Nublado";"Simples";"Reta";"Sim";2;0;1;0;1;0;1;2;-27,600384;-48,599705;"SPRF-SC";"DEL01-SC";"UOP01-DEL01-SC"
535119;2023-07-11;"terça-feira";"08:41:00";"PA";316;48;"SANTA IZABEL DO PARA";"Condutor deixou de manter distância do veículo da frente";"Colisão traseira";"Com Vítimas Feridas";"Pleno dia";"Crescente";"Céu Claro";"Dupla";"Reta";"Sim";3;0;2;0;1;0;2;2;-1,29155307;-48,05614099;"SPRF-PA";"DEL01-PA";"UOP01-DEL01-PA"
535120;2023-07-11;"terça-feira";"10:27:00";"RJ";116;172;"SAO JOAO DE MERITI";"Condutor deixou de manter distância do veículo da frente";"Colisão traseira";"Com Vítimas Feridas";"Pleno dia";"Decrescente";"Céu Claro";"Múltipla";"Reta";"Sim";5;0;1;0;4;0;1;4;-22,80188151;-43,35043673;"SPRF-RJ";"DEL01-RJ";"UOP02-DEL01-RJ"
535121;2023-07-11;"terça-feira";"09:30:00";"CE";20;383;"CAUCAIA";"Reação tardia ou ineficiente do condutor";"Colisão traseira";"Com Vítimas Feridas";"Pleno dia";"Crescente";"Sol";"Simples";"Reta;Em Obras";"Não";6;0;5;0;1;0;5;3;-3,891446;-38,831957;"SPRF-CE";"DEL01-CE";"UOP01-DEL01-CE"
535122;2023-07-11;"terça-feira";"10:39:00";"MG";153;119;"PRATA";"Reação tardia ou ineficiente do condutor";"Saída de leito carroçável";"Com Vítimas Feridas";"Pleno dia";"Decrescente";"Céu Claro";"Simples";"Reta";"Não";2;0;1;0;1;0;1;1;-19,39390101;-48,89661712;"SPRF-MG";"DEL15-MG";"UOP03-DEL15-MG"
535123;2023-07-08;"sábado";"08:14:00";"RJ";40;120;"DUQUE DE CAXIAS";"Manobra de mudança de faixa";"Colisão lateral mesmo sentido";"Com Vítimas Feridas";"Pleno dia";"Decrescente";"Sol";"Dupla";"Reta;Interseção de Vias";"Sim";3;0;1;0;2;0;1;2;-22,77280597;-43,28626763;"SPRF-RJ";"DEL01-RJ";"UOP01-DEL01-RJ"
535125;2023-06-27;"terça-feira";"14:50:00";"SP";381;67;"MAIRIPORA";"Acumulo de óleo sobre o pavimento";"Saída de leito carroçável";"Com Vítimas Feridas";"Pleno dia";"Crescente";"Céu Claro";"Múltipla";"Curva";"Não";2;0;1;0;1;0;1;1;-23,33226094;-46,57675379;"SPRF-SP";"DEL03-SP";"UOP01-DEL03-SP"
535126;2023-07-06;"quinta-feira";"07:30:00";"MS";60;156;"CAMAPUA";"Ausência de reação do condutor";"Saída de leito carroçável";"Com Vítimas Feridas";"Pleno dia";"Crescente";"Céu Claro";"Simples";"Reta";"Não";4;0;3;0;1;0;3;1;-19,40494509;-53,721525;"SPRF-MS";"DEL06-MS";"UOP02-DEL06-MS"
535127;2023-07-11;"terça-feira";"11:00:00";"SE";101;150;"ESTANCIA";"Conversão proibida";"Colisão transversal";"Com Vítimas Feridas";"Pleno dia";"Crescente";"Céu Claro";"Dupla";"Reta";"Sim";2;0;1;0;1;0;1;2;-11,25101095;-37,4365661;"SPRF-SE";"DEL02-SE";"UOP01-DEL02-SE"
535128;2023-07-11;"terça-feira";"11:23:00";"CE";116;502;"BREJO SANTO";"Condutor deixou de manter distância do veículo da frente";"Colisão traseira";"Com Vítimas Feridas";"Pleno dia";"Decrescente";"Sol";"Simples";"Reta";"Sim";2;0;1;0;1;0;1;2;-7,46246999;-38,97595702;"SPRF-CE";"DEL05-CE";"UOP03-DEL05-CE"
535129;2023-07-11;"terça-feira";"10:50:00";"PR";369;142;"IBIPORA";"Manobra de mudança de faixa";"Colisão lateral mesmo sentido";"Com Vítimas Feridas";"Pleno dia";"Crescente";"Céu Claro";"Dupla";"Reta";"Sim";2;0;1;0;1;0;1;2;-23,29088988;-51,08578071;"SPRF-PR";"DEL07-PR";"UOP01-DEL07-PR"
535130;2023-07-11;"terça-feira";"09:05:00";"PR";369;484,4;"CORBELIA";"Velocidade Incompatível";"Saída de leito carroçável";"Sem Vítimas";"Pleno dia";"Crescente";"Céu Claro";"Simples";"Curva";"Não";1;0;0;0;0;1;0;1;-24,6679;-53,2227;"SPRF-PR";"DEL04-PR";"UOP03-DEL04-PR"
535131;2023-07-11;"terça-feira";"11:30:00";"SP";116;214;"GUARULHOS";"Reação tardia ou ineficiente do condutor";"Colisão traseira";"Com Vítimas Feridas";"Pleno dia";"Decrescente";"Céu Claro";"Múltipla";"Reta";"Sim";3;0;2;0;1;0;2;2;-23,44368937;-46,4460218;"SPRF-SP";"DEL01-SP";"UOP01-DEL01-SP"
535134;2023-07-11;"terça-feira";"06:50:00";"GO";20;221;"POSSE";"Ultrapassagem Indevida";"Colisão frontal";"Com Vítimas Feridas";"Pleno dia";"Crescente";"Céu Claro";"Simples";"Aclive";"Não";5;0;4;0;1;0;4;2;-14,188759;-46,330856;"SPRF-DF";"DEL02-DF";"UOP03-DEL02-DF"
535135;2023-07-03;"segunda-feira";"13:40:00";"RJ";116;14;"SAPUCAIA";"Ausência de reação do condutor";"Saída de leito carroçável";"Com Vítimas Feridas";"Pleno dia";"Decrescente";"Céu Claro";"Simples";"Curva";"Não";1;0;1;0;0;0;1;1;-21,96021372;-42,7364942;"SPRF-RJ";"DEL05-RJ";"UOP01-DEL05-RJ"
535138;2023-07-11;"terça-feira";"12:25:00";"RS";101;1,3;"TORRES";"Pedestre cruzava a pista fora da faixa";"Atropelamento de Pedestre";"Com Vítimas Feridas";"Pleno dia";"Decrescente";"Chuva";"Simples";"Viaduto";"Não";2;0;1;0;1;0;1;2;-29,30762999;-49,77275507;"SPRF-RS";"DEL03-RS";"UOP02-DEL03-RS"
535141;2023-02-19;"domingo";"20:27:00";"PI";343;347,2;"TERESINA";"Ausência de reação do condutor";"Atropelamento de Pedestre";"Com Vítimas Feridas";"Plena Noite";"Crescente";"Chuva";"Simples";"Ponte";"Sim";5;0;2;1;0;2;3;3;-5,114822;-42,778355;"SPRF-PI";"DEL01-PI";"UOP01-DEL01-PI"
535142;2023-07-11;"terça-feira";"07:30:00";"MT";163;1040;"MATUPA";"Acessar a via sem observar a presença dos outros veículos";"Atropelamento de Pedestre";"Com Vítimas Feridas";"Pleno dia";"Decrescente";"Céu Claro";"Simples";"Reta";"Sim";2;0;1;1;0;0;2;2;-10,16786794;-54,93782228;"SPRF-MT";"DEL06-MT";"UOP03-DEL06-MT"
535144;2023-07-11;"terça-feira";"08:00:00";"RJ";101;489;"ANGRA DOS REIS";"Ausência de reação do condutor";"Saída de leito carroçável";"Com Vítimas Feridas";"Pleno dia";"Decrescente";"Céu Claro";"Simples";"Curva";"Não";1;0;1;0;0;0;1;1;-22,957556;-44,307594;"SPRF-RJ";"DEL03-RJ";"UOP03-DEL03-RJ"
535145;2023-07-11;"terça-feira";"11:15:00";"PI";316;310;"PICOS";"Ausência de reação do condutor";"Atropelamento de Pedestre";"Com Vítimas Feridas";"Pleno dia";"Crescente";"Céu Claro";"Dupla";"Declive";"Sim";2;0;1;1;0;0;2;2;-7,07639186;-41,47475001;"SPRF-PI";"DEL04-PI";"UOP01-DEL04-PI"
535147;2023-07-11;"terça-feira";"13:30:00";"BA";101;896;"CARAVELAS";"Velocidade Incompatível";"Saída de leito carroçável";"Com Vítimas Feridas";"Pleno dia";"Crescente";"Céu Claro";"Simples";"Curva";"Não";2;0;1;0;1;0;1;1;-17,68919679;-39,77316856;"SPRF-BA";"DEL09-BA";"UOP02-DEL09-BA"
535149;2023-07-11;"terça-feira";"13:25:00";"PR";376;679;"GUARATUBA";"Reação tardia ou ineficiente do condutor";"Colisão lateral mesmo sentido";"Com Vítimas Feridas";"Pleno dia";"Crescente";"Chuva";"Dupla";"Declive;Curva";"Não";2;0;1;0;1;0;1;2;-25,960509;-48,89995;"SPRF-PR";"DEL01-PR";"UOP04-DEL01-PR"
535153;2023-07-09;"domingo";"07:00:00";"BA";101;411;"IBIRAPITANGA";"Velocidade Incompatível";"Saída de leito carroçável";"Com Vítimas Feridas";"Amanhecer";"Crescente";"Nublado";"Simples";"Curva";"Não";1;0;1;0;0;0;1;1;-14,04987364;-39,39079285;"SPRF-BA";"DEL05-BA";"UOP03-DEL05-BA"
535154;2023-05-24;"quarta-feira";"07:15:00";"RS";153;2,5;"CACHOEIRA DO SUL";"Acessar a via sem observar a presença dos outros veículos";"Colisão transversal";"Com Vítimas Feridas";"Pleno dia";"Crescente";"Nevoeiro/Neblina";"Simples";"Reta";"Sim";2;0;0;1;1;0;1;2;-30,03964;-52,894356;"SPRF-RS";"DEL02-RS";"UOP03-DEL02-RS"
535155;2023-06-29;"quinta-feira";"07:30:00";"RS";158;327;"SANTA MARIA";"Acessar a via sem observar a presença dos outros veículos";"Colisão transversal";"Com Vítimas Feridas";"Pleno dia";"Crescente";"Céu Claro";"Dupla";"Interseção de Vias;Em Obras;Reta";"Sim";3;0;3;0;0;0;3;2;-29,7103729;-53,82103443;"SPRF-RS";"DEL09-RS";"UOP01-DEL09-RS"
535156;2023-07-11;"terça-feira";"14:10:00";"DF";20;3;"BRASILIA";"Acessar a via sem observar a presença dos outros veículos";"Colisão transversal";"Com Vítimas Feridas";"Pleno dia";"Decrescente";"Sol";"Dupla";"Reta";"Sim";2;0;0;1;1;0;1;2;-15,679851;-47,832211;"SPRF-DF";"DEL02-DF";"UOP01-DEL02-DF"
535157;2023-05-14;"domingo";"23:00:00";"RS";153;401,6;"CACHOEIRA DO SUL";"Reação tardia ou ineficiente do condutor";"Atropelamento de Pedestre";"Com Vítimas Feridas";"Pleno dia";"Crescente";"Céu Claro";"Dupla";"Reta";"Não";4;0;0;1;0;3;1;2;-30,01765999;-52,9180099;"SPRF-RS";"DEL02-RS";"UOP03-DEL02-RS"
535159;2023-07-11;"terça-feira";"11:00:00";"SP";116;52,5;"LORENA";"Reação tardia ou ineficiente do condutor";"Saída de leito carroçável";"Com Vítimas Feridas";"Pleno dia";"Crescente";"Céu Claro";"Simples";"Curva";"Sim";1;0;1;0;0;0;1;1;-22,74708138;-45,09973038;"SPRF-SP";"DEL08-SP";"UOP02-DEL08-SP"
535160;2023-07-03;"segunda-feira";"16:20:00";"BA";415;47,8;"ITABUNA";"Desrespeitar a preferência no cruzamento";"Queda de ocupante de veículo";"Com Vítimas Feridas";"Pleno dia";"Crescente";"Céu Claro";"Simples";"Interseção de Vias";"Não";2;0;1;0;0;1;1;2;-14,817014;-39,3006;"SPRF-BA";"DEL05-BA";"UOP01-DEL05-BA"
535161;2023-07-11;"terça-feira";"08:30:00";"PE";423;177;"AGUAS BELAS";"Ausência de reação do condutor";"Capotamento";"Com Vítimas Feridas";"Pleno dia";"Crescente";"Nublado";"Simples";"Reta";"Sim";3;0;1;0;2;0;1;1;-9,13016345;-37,11460498;"SPRF-AL";"DEL03-AL";"UOP02-DEL03-AL"
535166;2023-07-11;"terça-feira";"14:00:00";"SP";116;100,1;"PINDAMONHANGABA";"Manobra de mudança de faixa";"Colisão lateral mesmo sentido";"Com Vítimas Feridas";"Pleno dia";"Crescente";"Céu Claro";"Dupla";"Reta";"Não";3;0;1;0;2;0;1;2;-22,9862887;-45,47254086;"SPRF-SP";"DEL08-SP";"UOP01-DEL08-SP"
535169;2023-07-11;"terça-feira";"15:00:00";"PE";104;62,5;"CARUARU";"Entrada inopinada do pedestre";"Atropelamento de Pedestre";"Com Vítimas Feridas";"Pleno dia";"Decrescente";"Nublado";"Múltipla";"Reta";"Sim";4;0;0;1;1;2;1;2;-8,25312284;-35,97514451;"SPRF-PE";"DEL02-PE";"UOP01-DEL02-PE"
535172;2023-07-11;"terça-feira";"15:30:00";"MG";365;717,8;"MONTE ALEGRE DE MINAS";"Ultrapassagem Indevida";"Saída de leito carroçável";"Com Vítimas Feridas";"Pleno dia";"Decrescente";"Céu Claro";"Simples";"Reta;Declive";"Não";3;0;1;0;0;2;1;2;-18,88022184;-49,158932;"SPRF-MG";"DEL15-MG";"UOP03-DEL15-MG"
535173;2023-07-11;"terça-feira";"15:30:00";"PI";343;341,9;"TERESINA";"Ausência de reação do condutor";"Colisão traseira";"Com Vítimas Feridas";"Pleno dia";"Crescente";"Céu Claro";"Dupla";"Curva";"Sim";2;0;1;0;1;0;1;2;-5,08284;-42,750385;"SPRF-PI";"DEL01-PI";"UOP01-DEL01-PI"
535174;2023-07-11;"terça-feira";"16:20:00";"PR";369;507;"CASCAVEL";"Avarias e/ou desgaste excessivo no pneu";"Queda de ocupante de veículo";"Com Vítimas Feridas";"Pleno dia";"Crescente";"Chuva";"Simples";"Reta";"Sim";2;0;1;1;0;0;2;1;-24,8386;-53,3091;"SPRF-PR";"DEL04-PR";"UOP03-DEL04-PR"
535176;2023-07-11;"terça-feira";"13:00:00";"CE";20;381,3;"CAUCAIA";"Reação tardia ou ineficiente do condutor";"Engavetamento";"Com Vítimas Feridas";"Pleno dia";"Crescente";"Céu Claro";"Simples";"Reta";"Não";4;0;1;0;3;0;1;3;-3,91297181;-38,8486433;"SPRF-CE";"DEL01-CE";"UOP01-DEL01-CE"
535177;2023-07-11;"terça-feira";"14:30:00";"PR";158;386;"LARANJEIRAS DO SUL";"Ausência de reação do condutor";"Saída de leito carroçável";"Com Vítimas Feridas";"Pleno dia";"Decrescente";"Céu Claro";"Simples";"Reta;Declive";"Não";2;0;2;0;0;0;2;1;-25,3275253;-52,3447677;"SPRF-PR";"DEL04-PR";"UOP02-DEL04-PR"
535179;2023-07-11;"terça-feira";"16:20:00";"PR";277;50;"MORRETES";"Conversão proibida";"Colisão transversal";"Com Vítimas Feridas";"Pleno dia";"Decrescente";"Céu Claro";"Dupla";"Reta";"Não";2;0;1;0;1;0;1;2;-25,59563891;-48,89814806;"SPRF-PR";"DEL01-PR";"UOP01-DEL01-PR"