"id";"data_inversa";"dia_semana";"horario";"uf";"br";"km";"municipio";"causa_acidente";"tipo_acidente";"classificacao_acidente";"fase_dia";"sentido_via";"condicao_metereologica";"tipo_pista";"tracado_via";"uso_solo";"pessoas";"mortos";"feridos_leves";"feridos_graves";"ilesos";"ignorados";"feridos";"veiculos";"latitude";"longitude";"regional";"delegacia";"uop"
535180;2023-07-11;"terça-feira";"16:40:00";"PB";230;85,9;"BAYEUX";"Demais falhas mecânicas ou elétricas";"Tombamento";"Com Vítimas Feridas";"Pleno dia";"Decrescente";"Nublado";"Dupla";"Interseção de Vias;Curva";"Sim";2;0;1;1;0;0;2;1;-7,14929308;-34,91160393;"SPRF-PB";"DEL01-PB";"UOP03-DEL01-PB"
535181;2023-07-11;"terça-feira";"15:30:00";"RS";116;153;"CAXIAS DO SUL";"Manobra de mudança de faixa";"Queda de ocupante de veículo";"Com Vítimas Feridas";"Pleno dia";"Crescente";"Garoa/Chuvisco";"Dupla";"Rotatória";"Sim";2;0;1;0;1;0;1;2;-29,18579758;-51,17713005;"SPRF-RS";"DEL05-RS";"UOP01-DEL05-RS"
535183;2023-07-10;"segunda-feira";"04:00:00";"RS";290;477;"ROSARIO DO SUL";"Animais na Pista";"Atropelamento de Animal";"Sem Vítimas";"Plena Noite";"Decrescente";"Nublado";"Simples";"Reta";"Não";1;0;0;0;1;0;0;1;-30,240948;-54,888885;"SPRF-RS";"DEL11-RS";"UOP02-DEL11-RS"
535184;2023-07-11;"terça-feira";"16:40:00";"SC";470;60,6;"BLUMENAU";"Conversão proibida";"Colisão frontal";"Com Vítimas Feridas";"Pleno dia";"Crescente";"Chuva";"Simples";"Reta";"Sim";2;0;0;1;1;0;1;2;-26,88138;-49,164543;"SPRF-SC";"DEL04-SC";"UOP01-DEL04-SC"
535185;2023-07-11;"terça-feira";"17:25:00";"RS";158;326;"SANTA MARIA";"Reação tardia ou ineficiente do condutor";"Colisão lateral mesmo sentido";"Com Vítimas Feridas";"Pleno dia";"Decrescente";"Nublado";"Simples";"Interseção de Vias;Curva;Rotatória;Em Obras;Viaduto";"Sim";2;0;1;0;1;0;1;2;-29,70975376;-53,80284617;"SPRF-RS";"DEL09-RS";"UOP01-DEL09-RS"
535188;2023-07-11;"terça-feira";"17:20:00";"RS";290;132;"ELDORADO DO SUL";"Ausência de reação do condutor";"Colisão lateral mesmo sentido";"Com Vítimas Feridas";"Anoitecer";"Crescente";"Nublado";"Simples";"Reta";"Não";1;0;1;0;0;0;1;1;-30,061724;-51,530876;"SPRF-RS";"DEL02-RS";"UOP01-DEL02-RS"
535189;2023-07-11;"terça-feira";"17:00:00";"MG";40;411,3;"CURVELO";"Demais falhas mecânicas ou elétricas";"Incêndio";"Sem Vítimas";"Anoitecer";"Crescente";"Céu Claro";"Simples";"Reta;Aclive";"Não";1;0;0;0;1;0;0;1;-19,12284751;-44,63864473;"SPRF-MG";"DEL02-MG";"UOP01-DEL02-MG"
535190;2023-07-11;"terça-feira";"15:50:00";"SC";282;69,7;"RANCHO QUEIMADO";"Velocidade Incompatível";"Colisão frontal";"Com Vítimas Feridas";"Pleno dia";"Crescente";"Chuva";"Simples";"Curva;Declive";"Não";4;0;1;2;1;0;3;2;-27,690144;-49,083813;"SPRF-SC";"DEL01-SC";"UOP03-DEL01-SC"
535192;2023-07-11;"terça-feira";"14:15:00";"PR";277;176,8;"PALMEIRA";"Reação tardia ou ineficiente do condutor";"Saída de leito carroçável";"Com Vítimas Feridas";"Pleno dia";"Decrescente";"Céu Claro";"Simples";"Reta;Declive";"Não";1;0;1;0;0;0;1;1;-25,42241792;-50,07678866;"SPRF-PR";"DEL08-PR";"UOP02-DEL08-PR"
535193;2023-07-11;"terça-feira";"17:51:00";"ES";101;85;"SAO MATEUS";"Demais falhas mecânicas ou elétricas";"Queda de ocupante de veículo";"Com Vítimas Feridas";"Plena Noite";"Crescente";"Céu Claro";"Simples";"Reta";"Não";2;0;0;2;0;0;2;1;-18,8582021;-39,93425387;"SPRF-ES";"DEL04-ES";"UOP02-DEL04-ES"
535194;2023-07-11;"terça-feira";"17:30:00";"GO";40;7;"LUZIANIA";"Acessar a via sem observar a presença dos outros veículos";"Colisão transversal";"Com Vítimas Feridas";"Pleno dia";"Crescente";"Céu Claro";"Dupla";"Reta;Retorno Regulamentado";"Sim";2;0;0;1;1;0;1;2;-16,108482;-47,972524;"SPRF-DF";"DEL01-DF";"UOP01-DEL01-DF"
535197;2023-07-11;"terça-feira";"18:05:00";"PB";101;35,8;"MAMANGUAPE";"Pista esburacada";"Colisão com objeto";"Com Vítimas Feridas";"Plena Noite";"Crescente";"Nublado";"Dupla";"Reta";"Não";5;0;3;0;2;0;3;1;-6,79401305;-35,13707183;"SPRF-PB";"DEL01-PB";"UOP04-DEL01-PB"
535198;2023-07-11;"terça-feira";"17:50:00";"SP";116;149,6;"SAO JOSE DOS CAMPOS";"Manobra de mudança de faixa";"Colisão lateral mesmo sentido";"Com Vítimas Feridas";"Anoitecer";"Crescente";"Nublado";"Múltipla";"Declive";"Sim";3;0;2;0;1;0;2;2;-23,20700047;-45,88626861;"SPRF-SP";"DEL02-SP";"UOP01-DEL02-SP"
535201;2023-07-11;"terça-feira";"18:40:00";"SC";282;17;"PALHOCA";"Condutor deixou de manter distância do veículo da frente";"Colisão traseira";"Com Vítimas Feridas";"Plena Noite";"Decrescente";"Chuva";"Simples";"Reta";"Não";3;0;1;0;2;0;1;2;-27,665707;-48,688065;"SPRF-SC";"DEL01-SC";"UOP02-DEL01-SC"
535202;2023-07-11;"terça-feira";"18:55:00";"RJ";101;310;"SAO GONCALO";"Condutor deixou de manter distância do veículo da frente";"Colisão traseira";"Com Vítimas Feridas";"Plena Noite";"Decrescente";"Céu Claro";"Dupla";"Reta";"Sim";2;0;0;1;1;0;1;2;-22,79717023;-43,04404993;"SPRF-RJ";"DEL02-RJ";"UOP02-DEL02-RJ"
535205;2023-07-11;"terça-feira";"18:45:00";"SC";101;198;"BIGUACU";"Condutor deixou de manter distância do veículo da frente";"Colisão traseira";"Com Vítimas Feridas";"Plena Noite";"Decrescente";"Chuva";"Múltipla";"Reta";"Sim";2;0;2;0;0;0;2;2;-27,52658712;-48,63506019;"SPRF-SC";"DEL01-SC";"UOP01-DEL01-SC"
535206;2023-07-11;"terça-feira";"18:00:00";"MS";262;564;"MIRANDA";"Ingestão de substâncias psicoativas pelo condutor";"Queda de ocupante de veículo";"Com Vítimas Feridas";"Anoitecer";"Decrescente";"Céu Claro";"Simples";"Reta";"Não";1;0;1;0;0;0;1;1;-20,20795539;-56,42513626;"SPRF-MS";"DEL03-MS";"UOP02-DEL03-MS"
535209;2023-07-11;"terça-feira";"18:40:00";"GO";50;237,3;"CATALAO";"Condutor Dormindo";"Saída de leito carroçável";"Com Vítimas Fatais";"Plena Noite";"Decrescente";"Céu Claro";"Dupla";"Reta";"Não";3;1;0;2;0;0;2;1;-17,8595;-47,7813;"SPRF-GO";"DEL06-GO";"UOP01-DEL06-GO"
535210;2023-07-11;"terça-feira";"19:10:00";"RJ";101;312;"SAO GONCALO";"Condutor deixou de manter distância do veículo da frente";"Colisão traseira";"Com Vítimas Feridas";"Plena Noite";"Decrescente";"Céu Claro";"Dupla";"Reta";"Não";2;0;1;0;1;0;1;2;-22,80546555;-43,06156967;"SPRF-RJ";"DEL02-RJ";"UOP02-DEL02-RJ"
535212;2023-07-11;"terça-feira";"18:10:00";"MG";116;412,5;"GOVERNADOR VALADARES";"Desrespeitar a preferência no cruzamento";"Colisão transversal";"Com Vítimas Feridas";"Plena Noite";"Crescente";"Céu Claro";"Simples";"Rotatória;Reta";"Sim";3;0;2;1;0;0;3;2;-18,86882342;-41,97144241;"SPRF-MG";"DEL06-MG";"UOP01-DEL06-MG"
535214;2023-07-11;"terça-feira";"19:00:00";"SP";381;82;"SAO PAULO";"Demais falhas mecânicas ou elétricas";"Incêndio";"Sem Vítimas";"Plena Noite";"Crescente";"Céu Claro";"Dupla";"Reta";"Sim";1;0;0;0;1;0;0;1;-23,42399;-46,575112;"SPRF-SP";"DEL03-SP";"UOP01-DEL03-SP"
535215;2023-07-11;"terça-feira";"18:25:00";"RO";319;61;"PORTO VELHO";"Manobra de mudança de faixa";"Colisão traseira";"Com Vítimas Feridas";"Anoitecer";"Decrescente";"Céu Claro";"Dupla";"Interseção de Vias";"Sim";3;0;1;0;2;0;1;2;-8,75035598;-63,88777625;"SPRF-RO";"DEL01-RO";"UOP01-DEL01-RO"
535217;2023-07-11;"terça-feira";"19:10:00";"SC";280;4,5;"SAO FRANCISCO DO SUL";"Acessar a via sem observar a presença dos outros veículos";"Colisão transversal";"Com Vítimas Feridas";"Plena Noite";"Crescente";"Chuva";"Simples";"Reta";"Sim";2;0;1;0;1;0;1;2;-26,25329566;-48,61916042;"SPRF-SC";"DEL03-SC";"UOP03-DEL03-SC"
535218;2023-07-11;"terça-feira";"19:00:00";"GO";414;423,8;"ABADIANIA";"Manobra de mudança de faixa";"Saída de leito carroçável";"Com Vítimas Feridas";"Plena Noite";"Decrescente";"Céu Claro";"Simples";"Reta";"Não";1;0;1;0;0;0;1;1;-16,15873679;-48,8884715;"SPRF-GO";"DEL02-GO";"UOP01-DEL02-GO"
535220;2023-07-11;"terça-feira";"19:30:00";"DF";40;8,1;"BRASILIA";"Trafegar com motocicleta (ou similar) entre as faixas";"Colisão lateral mesmo sentido";"Com Vítimas Feridas";"Plena Noite";"Crescente";"Céu Claro";"Dupla";"Reta";"Sim";2;0;1;0;1;0;1;2;-16,038666;-47,979691;"SPRF-DF";"DEL01-DF";"UOP01-DEL01-DF"
535221;2023-07-11;"terça-feira";"19:00:00";"MG";40;40,9;"PARACATU";"Acessar a via sem observar a presença dos outros veículos";"Colisão transversal";"Com Vítimas Feridas";"Plena Noite";"Decrescente";"Céu Claro";"Simples";"Reta";"Sim";2;0;1;0;1;0;1;2;-17,21013894;-46,88089301;"SPRF-MG";"DEL14-MG";"UOP01-DEL14-MG"
535222;2023-07-11;"terça-feira";"18:30:00";"RO";429;174;"SAO MIGUEL DO GUAPORE";"Ausência de reação do condutor";"Colisão com objeto";"Com Vítimas Feridas";"Anoitecer";"Crescente";"Céu Claro";"Simples";"Curva";"Não";1;0;1;0;0;0;1;1;-11,75180878;-62,82217836;"SPRF-RO";"DEL02-RO";"UOP03-DEL02-RO"
535223;2023-07-11;"terça-feira";"19:25:00";"CE";222;1,2;"FORTALEZA";"Manobra de mudança de faixa";"Colisão traseira";"Com Vítimas Feridas";"Plena Noite";"Decrescente";"Céu Claro";"Simples";"Reta";"Sim";4;0;1;0;3;0;1;2;-3,737804;-38,578061;"SPRF-CE";"DEL01-CE";"UOP01-DEL01-CE"
535224;2023-07-11;"terça-feira";"18:55:00";"PR";158;534;"PATO BRANCO";"Pedestre andava na pista";"Atropelamento de Pedestre";"Com Vítimas Feridas";"Plena Noite";"Decrescente";"Chuva";"Simples";"Reta";"Não";2;0;1;1;0;0;2;2;-26,22652612;-52,68914074;"SPRF-PR";"DEL02-PR";"UOP01-DEL02-PR"
535225;2023-07-11;"terça-feira";"17:30:00";"MT";174;107,5;"CACERES";"Reação tardia ou ineficiente do condutor";"Colisão lateral mesmo sentido";"Com Vítimas Feridas";"Anoitecer";"Decrescente";"Céu Claro";"Simples";"Reta";"Não";5;0;2;0;2;1;2;3;-15,82376918;-57,93255805;"SPRF-MT";"DEL03-MT";"UOP01-DEL03-MT"
535227;2023-07-11;"terça-feira";"20:30:00";"ES";101;214;"IBIRACU";"Acessar a via sem observar a presença dos outros veículos";"Colisão transversal";"Com Vítimas Feridas";"Plena Noite";"Crescente";"Céu Claro";"Simples";"Reta;Interseção de Vias";"Sim";2;0;0;1;1;0;1;2;-19,82999127;-40,37211181;"SPRF-ES";"DEL02-ES";"UOP01-DEL02-ES"
535228;2023-07-11;"terça-feira";"16:10:00";"RJ";116;72;"TERESOPOLIS";"Ultrapassagem Indevida";"Colisão lateral mesmo sentido";"Com Vítimas Feridas";"Pleno dia";"Crescente";"Céu Claro";"Simples";"Reta;Ponte";"Não";2;0;1;0;0;1;1;2;-22,336229;-42,938663;"SPRF-RJ";"DEL04-RJ";"UOP01-DEL04-RJ"
535229;2023-06-30;"sexta-feira";"16:15:00";"MS";163;658,7;"RIO VERDE DE MATO GROSSO";"Ausência de reação do condutor";"Colisão traseira";"Com Vítimas Feridas";"Pleno dia";"Crescente";"Sol";"Simples";"Reta";"Não";2;0;0;1;1;0;1;2;-19,09525346;-54,77344662;"SPRF-MS";"DEL06-MS";"UOP02-DEL06-MS"
535233;2023-07-11;"terça-feira";"19:30:00";"MG";40;758,9;"EWBANK DA CAMARA";"Pedestre andava na pista";"Atropelamento de Pedestre";"Com Vítimas Fatais";"Plena Noite";"Decrescente";"Céu Claro";"Simples";"Reta";"Não";2;1;0;0;0;1;0;2;-21,51149748;-43,5259874;"SPRF-MG";"DEL05-MG";"UOP01-DEL05-MG"
535234;2023-07-11;"terça-feira";"19:20:00";"PR";376;407,4;"TIBAGI";"Demais falhas mecânicas ou elétricas";"Incêndio";"Sem Vítimas";"Plena Noite";"Crescente";"Céu Claro";"Dupla";"Reta";"Não";1;0;0;0;1;0;0;1;-24,59602367;-50,66917598;"SPRF-PR";"DEL03-PR";"UOP02-DEL03-PR"
535237;2023-07-11;"terça-feira";"20:30:00";"BA";324;618;"SALVADOR";"Manobra de mudança de faixa";"Colisão lateral mesmo sentido";"Com Vítimas Feridas";"Plena Noite";"Crescente";"Nublado";"Múltipla";"Reta";"Sim";3;0;1;1;1;0;2;3;-12,891109;-38,445374;"SPRF-BA";"DEL01-BA";"UOP01-DEL01-BA"
535238;2023-07-11;"terça-feira";"20:00:00";"PR";369;142;"LONDRINA";"Ausência de reação do condutor";"Tombamento";"Com Vítimas Feridas";"Plena Noite";"Crescente";"Céu Claro";"Dupla";"Aclive;Reta";"Não";2;0;2;0;0;0;2;1;-23,29309854;-51,12063468;"SPRF-PR";"DEL07-PR";"UOP01-DEL07-PR"
535240;2023-07-11;"terça-feira";"21:30:00";"DF";251;56,2;"BRASILIA";"Falta de acostamento";"Colisão traseira";"Com Vítimas Feridas";"Plena Noite";"Decrescente";"Céu Claro";"Simples";"Reta";"Não";2;0;1;0;1;0;1;2;-15,948113;-47,845235;"SPRF-DF";"DEL01-DF";"UOP01-DEL01-DF"
535241;2023-07-11;"terça-feira";"22:05:00";"PR";277;0,5;"PARANAGUA";"Ingestão de álcool pelo condutor";"Colisão traseira";"Com Vítimas Fatais";"Plena Noite";"Crescente";"Céu Claro";"Dupla";"Reta";"Não";3;1;1;1;0;0;2;3;-25,55523541;-48,55749458;"SPRF-PR";"DEL01-PR";"UOP05-DEL01-PR"
535242;2023-07-11;"terça-feira";"22:20:00";"ES";101;263,9;"SERRA";"Acessar a via sem observar a presença dos outros veículos";"Colisão transversal";"Com Vítimas Fatais";"Plena Noite";"Crescente";"Nublado";"Múltipla";"Interseção de Vias";"Não";2;1;0;1;0;0;1;2;-20,16554736;-40,27301648;"SPRF-ES";"DEL02-ES";"UOP01-DEL02-ES"
535243;2023-02-21;"terça-feira";"16:20:00";"RN";226;40;"MACAIBA";"Reação tardia ou ineficiente do condutor";"Colisão traseira";"Com Vítimas Feridas";"Pleno dia";"Crescente";"Sol";"Simples";"Reta";"Sim";2;0;1;0;0;1;1;2;-5,92839425;-35,54055377;"SPRF-RN";"DEL01-RN";"UOP02-DEL01-RN"
535245;2023-03-29;"quarta-feira";"16:30:00";"RN";101;120,8;"SAO JOSE DE MIPIBU";"Demais falhas mecânicas ou elétricas";"Eventos atípicos";"Com Vítimas Feridas";"Pleno dia";"Decrescente";"Céu Claro";"Dupla";"Em Obras;Reta";"Não";2;0;2;0;0;0;2;1;-6,03199355;-35,24920464;"SPRF-RN";"DEL01-RN";"UOP01-DEL01-RN"
535246;2023-03-13;"segunda-feira";"07:10:00";"RN";304;294;"MACAIBA";"Retorno proibido";"Colisão transversal";"Com Vítimas Feridas";"Pleno dia";"Decrescente";"Sol";"Simples";"Reta";"Não";4;0;2;0;2;0;2;2;-5,86726977;-35,36713102;"SPRF-RN";"DEL01-RN";"UOP02-DEL01-RN"
535247;2023-07-11;"terça-feira";"22:30:00";"GO";40;7,1;"VALPARAISO DE GOIAS";"Ausência de reação do condutor";"Colisão traseira";"Com Vítimas Feridas";"Plena Noite";"Decrescente";"Céu Claro";"Dupla";"Reta;Retorno Regulamentado";"Sim";4;0;0;2;1;1;2;3;-16,108482;-47,972524;"SPRF-DF";"DEL01-DF";"UOP01-DEL01-DF"
535250;2023-07-11;"terça-feira";"23:00:00";"SP";116;105;"TAUBATE";"Reação tardia ou ineficiente do condutor";"Colisão traseira";"Com Vítimas Feridas";"Plena Noite";"Crescente";"Céu Claro";"Dupla";"Reta";"Sim";3;0;2;0;1;0;2;2;-23,00757973;-45,51466613;"SPRF-SP";"DEL02-SP";"UOP02-DEL02-SP"
535251;2023-07-01;"sábado";"16:40:00";"BA";110;365;"CATU";"Condutor deixou de manter distância do veículo da frente";"Colisão traseira";"Com Vítimas Feridas";"Anoitecer";"Decrescente";"Céu Claro";"Simples";"Aclive";"Não";3;0;0;1;2;0;1;2;-12,34596518;-38,38784963;"SPRF-BA";"DEL01-BA";"UOP04-DEL01-BA"
535258;2023-07-12;"quarta-feira";"00:35:00";"RN";101;94;"NATAL";"Acessar a via sem observar a presença dos outros veículos";"Colisão lateral mesmo sentido";"Com Vítimas Feridas";"Plena Noite";"Decrescente";"Céu Claro";"Múltipla";"Reta";"Sim";2;0;1;0;0;1;1;2;-5,83176615;-35,21191342;"SPRF-RN";"DEL01-RN";"UOP01-DEL01-RN"
535259;2023-07-12;"quarta-feira";"00:20:00";"PR";277;132;"CAMPO LARGO";"Deficiência do Sistema de Iluminação/Sinalização";"Colisão com objeto";"Com Vítimas Feridas";"Plena Noite";"Crescente";"Nevoeiro/Neblina";"Simples";"Retorno Regulamentado";"Não";5;0;1;0;4;0;1;1;-25,44518045;-49,4985659;"SPRF-PR";"DEL03-PR";"UOP03-DEL03-PR"
535261;2023-07-12;"quarta-feira";"01:10:00";"PE";101;70;"RECIFE";"Frear bruscamente";"Saída de leito carroçável";"Sem Vítimas";"Plena Noite";"Crescente";"Garoa/Chuvisco";"Dupla";"Reta";"Não";1;0;0;0;1;0;0;1;-8,06776119;-34,94265074;"SPRF-PE";"DEL01-PE";"UOP01-DEL01-PE"
535263;2023-06-16;"sexta-feira";"18:36:00";"PR";277;162;"PALMEIRA";"Ausência de reação do condutor";"Colisão frontal";"Com Vítimas Feridas";"Plena Noite";"Crescente";"Céu Claro";"Simples";"Reta";"Não";5;0;3;0;2;0;3;3;-25,460042;-49,937318;"SPRF-PR";"DEL03-PR";"UOP03-DEL03-PR"
535271;2023-07-12;"quarta-feira";"03:45:00";"GO";50;147;"IPAMERI";"Condutor Dormindo";"Saída de leito carroçável";"Sem Vítimas";"Plena Noite";"Decrescente";"Céu Claro";"Dupla";"Retorno Regulamentado;Reta";"Não";2;0;0;0;2;0;0;1;-17,1482;-47,7229;"SPRF-GO";"DEL06-GO";"UOP01-DEL06-GO"
535273;2023-07-12;"quarta-feira";"01:30:00";"MG";251;279;"SALINAS";"Ausência de reação do condutor";"Saída de leito carroçável";"Com Vítimas Feridas";"Plena Noite";"Crescente";"Céu Claro";"Simples";"Reta;Aclive";"Não";40;0;16;0;24;0;16;1;-16,02984001;-42,098612;"SPRF-MG";"DEL12-MG";"UOP02-DEL12-MG"
535274;2023-07-12;"quarta-feira";"04:30:00";"MS";158;271;"TRES LAGOAS";"Reação tardia ou ineficiente do condutor";"Colisão traseira";"Com Vítimas Feridas";"Amanhecer";"Decrescente";"Céu Claro";"Simples";"Reta";"Sim";2;0;1;0;1;0;1;2;-20,777788;-51,670018;"SPRF-MS";"DEL07-MS";"UOP01-DEL07-MS"
535278;2023-07-03;"segunda-feira";"17:30:00";"PI";343;2,3;"TERESINA";"Condutor desrespeitou a iluminação vermelha do semáforo";"Colisão transversal";"Com Vítimas Feridas";"Pleno dia";"Decrescente";"Céu Claro";"Múltipla";"Interseção de Vias;Reta";"Sim";2;0;1;0;1;0;1;2;-5,089569;-42,802288;"SPRF-PI";"DEL01-PI";"UOP01-DEL01-PI"
535279;2023-07-12;"quarta-feira";"05:00:00";"RN";405;2,7;"MOSSORO";"Condutor Dormindo";"Saída de leito carroçável";"Com Vítimas Fatais";"Amanhecer";"Crescente";"Céu Claro";"Simples";"Curva";"Não";1;1;0;0;0;0;0;1;-5,19282682;-37,37112402;"SPRF-RN";"DEL04-RN";"UOP02-DEL04-RN"
535281;2023-07-12;"quarta-feira";"03:55:00";"RJ";101;73;"CAMPOS DOS GOYTACAZES";"Ultrapassagem Indevida";"Colisão frontal";"Com Vítimas Fatais";"Plena Noite";"Crescente";"Céu Claro";"Simples";"Reta";"Não";6;2;4;0;0;0;4;2;-21,798874;-41,393955;"SPRF-RJ";"DEL08-RJ";"UOP02-DEL08-RJ"
535282;2023-07-12;"quarta-feira";"05:30:00";"MS";262;433;"DOIS IRMAOS DO BURITI";"Entrada inopinada do pedestre";"Atropelamento de Pedestre";"Com Vítimas Fatais";"Amanhecer";"Decrescente";"Nublado";"Simples";"Declive;Reta";"Não";2;1;0;0;0;1;0;2;-20,495373;-55,302726;"SPRF-MS";"DEL03-MS";"UOP01-DEL03-MS"
535283;2023-07-12;"quarta-feira";"07:20:00";"PE";101;52;"PAULISTA";"Reação tardia ou ineficiente do condutor";"Queda de ocupante de veículo";"Com Vítimas Feridas";"Pleno dia";"Crescente";"Céu Claro";"Dupla";"Interseção de Vias";"Sim";1;0;1;0;0;0;1;1;-7,92358799;-34,89607201;"SPRF-PE";"DEL01-PE";"UOP02-DEL01-PE"
535284;2023-07-12;"quarta-feira";"05:46:00";"SC";101;2,3;"GARUVA";"Mal súbito do condutor";"Colisão com objeto";"Com Vítimas Feridas";"Amanhecer";"Decrescente";"Chuva";"Simples";"Reta";"Não";2;0;2;0;0;0;2;1;-26,00013427;-48,87625873;"SPRF-SC";"DEL03-SC";"UOP01-DEL03-SC"
535288;2023-07-12;"quarta-feira";"07:50:00";"SP";153;61,2;"SAO JOSE DO RIO PRETO";"Ausência de reação do condutor";"Tombamento";"Com Vítimas Feridas";"Pleno dia";"Crescente";"Céu Claro";"Dupla";"Reta";"Sim";2;0;1;0;1;0;1;1;-20,80502876;-49,35574909;"SPRF-SP";"DEL09-SP";"UOP01-DEL09-SP"
535289;2023-07-12;"quarta-feira";"07:45:00";"SC";101;46,9;"JOINVILLE";"Reação tardia ou ineficiente do condutor";"Colisão traseira";"Com Vítimas Feridas";"Pleno dia";"Decrescente";"Nublado";"Dupla";"Reta";"Sim";3;0;1;0;2;0;1;2;-26,33150083;-48,86187762;"SPRF-SC";"DEL03-SC";"UOP01-DEL03-SC"
535290;2023-07-12;"quarta-feira";"03:00:00";"BA";110;118;"ANTAS";"Ausência de reação do condutor";"Saída de leito carroçável";"Com Vítimas Feridas";"Plena Noite";"Decrescente";"Céu Claro";"Simples";"Curva";"Não";4;0;2;0;2;0;2;1;-10,41625;-38,362992;"SPRF-BA";"DEL07-BA";"UOP01-DEL07-BA"
535291;2023-07-12;"quarta-feira";"07:15:00";"MT";364;204;"RONDONOPOLIS";"Acessar a via sem observar a presença dos outros veículos";"Colisão lateral mesmo sentido";"Com Vítimas Feridas";"Pleno dia";"Decrescente";"Céu Claro";"Dupla";"Reta";"Sim";2;0;0;1;1;0;1;2;-16,467325;-54,657196;"SPRF-MT";"DEL02-MT";"UOP01-DEL02-MT"
535294;2023-07-12;"quarta-feira";"00:01:00";"RO";429;156;"SAO MIGUEL DO GUAPORE";"Velocidade Incompatível";"Saída de leito carroçável";"Com Vítimas Feridas";"Plena Noite";"Decrescente";"Céu Claro";"Simples";"Reta";"Não";1;0;1;0;0;0;1;1;-11,71037389;-62,68764797;"SPRF-RO";"DEL02-RO";"UOP03-DEL02-RO"
535295;2023-07-11;"terça-feira";"06:40:00";"RO";364;424;"JARU";"Ultrapassagem Indevida";"Colisão transversal";"Com Vítimas Feridas";"Pleno dia";"Decrescente";"Céu Claro";"Simples";"Reta";"Sim";2;0;1;0;1;0;1;2;-10,44457274;-62,46568412;"SPRF-RO";"DEL03-RO";"UOP02-DEL03-RO"
535296;2023-07-12;"quarta-feira";"07:10:00";"MG";381;547,5;"RIO MANSO";"Condutor Dormindo";"Saída de leito carroçável";"Com Vítimas Feridas";"Pleno dia";"Decrescente";"Céu Claro";"Dupla";"Curva";"Não";2;0;2;0;0;0;2;1;-20,30272561;-44,44474427;"SPRF-MG";"DEL04-MG";"UOP03-DEL04-MG"
535299;2023-04-23;"domingo";"16:22:00";"MG";365;704;"MONTE ALEGRE DE MINAS";"Condutor deixou de manter distância do veículo da frente";"Engavetamento";"Com Vítimas Feridas";"Pleno dia";"Crescente";"Céu Claro";"Dupla";"Reta";"Não";12;0;2;0;8;2;2;4;-18,88169079;-49,03599797;"SPRF-MG";"DEL15-MG";"UOP03-DEL15-MG"
535301;2023-07-12;"quarta-feira";"07:30:00";"PI";316;314,7;"PICOS";"Acessar a via sem observar a presença dos outros veículos";"Colisão transversal";"Com Vítimas Feridas";"Pleno dia";"Crescente";"Céu Claro";"Simples";"Reta";"Sim";3;0;2;1;0;0;3;2;-7,0776992;-41,44117384;"SPRF-PI";"DEL04-PI";"UOP01-DEL04-PI"
535302;2023-07-12;"quarta-feira";"08:30:00";"RJ";101;65;"CAMPOS DOS GOYTACAZES";"Transitar no Acostamento";"Colisão transversal";"Com Vítimas Feridas";"Pleno dia";"Crescente";"Céu Claro";"Simples";"Interseção de Vias;Reta";"Sim";4;0;1;0;3;0;1;2;-21,754361;-41,346492;"SPRF-RJ";"DEL08-RJ";"UOP02-DEL08-RJ"
535303;2023-07-12;"quarta-feira";"08:45:00";"PE";232;9,8;"JABOATAO DOS GUARARAPES";"Manobra de mudança de faixa";"Colisão lateral mesmo sentido";"Com Vítimas Feridas";"Pleno dia";"Decrescente";"Céu Claro";"Dupla";"Reta;Declive;Em Obras";"Sim";2;0;0;1;1;0;1;2;-8,079406;-34,987558;"SPRF-PE";"DEL01-PE";"UOP01-DEL01-PE"
535304;2023-07-12;"quarta-feira";"08:44:00";"TO";10;458;"PALMAS";"Reação tardia ou ineficiente do condutor";"Colisão traseira";"Com Vítimas Feridas";"Pleno dia";"Decrescente";"Céu Claro";"Dupla";"Reta";"Não";2;0;1;0;1;0;1;2;-10,19689098;-48,16692589;"SPRF-TO";"DEL01-TO";"UOP03-DEL01-TO"
535305;2023-07-12;"quarta-feira";"08:10:00";"PR";376;167,7;"MARINGA";"Reação tardia ou ineficiente do condutor";"Queda de ocupante de veículo";"Com Vítimas Feridas";"Pleno dia";"Crescente";"Céu Claro";"Dupla";"Reta";"Não";1;0;1;0;0;0;1;1;-23,40324167;-51,99632075;"SPRF-PR";"DEL09-PR";"UOP01-DEL09-PR"
535306;2023-07-12;"quarta-feira";"08:25:00";"PE";232;194,7;"SANHARO";"Acessar a via sem observar a presença dos outros veículos";"Colisão transversal";"Com Vítimas Feridas";"Pleno dia";"Crescente";"Céu Claro";"Simples";"Reta";"Sim";3;0;1;0;2;0;1;2;-8,36209062;-36,55441109;"SPRF-PE";"DEL03-PE";"UOP02-DEL03-PE"
535307;2023-07-12;"quarta-feira";"08:15:00";"GO";60;100;"ANAPOLIS";"Condutor deixou de manter distância do veículo da frente";"Colisão traseira";"Com Vítimas Feridas";"Pleno dia";"Crescente";"Céu Claro";"Dupla";"Reta";"Não";2;0;1;0;1;0;1;2;-16,3979;-48,9664;"SPRF-GO";"DEL02-GO";"UOP01-DEL02-GO"