"id";"data_inversa";"dia_semana";"horario";"uf";"br";"km";"municipio";"causa_acidente";"tipo_acidente";"classificacao_acidente";"fase_dia";"sentido_via";"condicao_metereologica";"tipo_pista";"tracado_via";"uso_solo";"pessoas";"mortos";"feridos_leves";"feridos_graves";"ilesos";"ignorados";"feridos";"veiculos";"latitude";"longitude";"regional";"delegacia";"uop"
535420;2023-06-10;"sábado";"11:05:00";"RJ";101;488;"ANGRA DOS REIS";"Desrespeitar a preferência no cruzamento";"Colisão transversal";"Sem Vítimas";"Pleno dia";"Crescente";"Céu Claro";"Simples";"Rotatória";"Não";6;0;0;0;6;0;0;2;-22,96020896;-44,29612622;"SPRF-RJ";"DEL03-RJ";"UOP03-DEL03-RJ"
535421;2023-05-17;"quarta-feira";"10:30:00";"SC";101;117;"ITAJAI";"Acessar a via sem observar a presença dos outros veículos";"Colisão transversal";"Com Vítimas Feridas";"Pleno dia";"Decrescente";"Ignorado";"Dupla";"Viaduto;Rotatória";"Não";2;0;1;0;0;1;1;2;-26,88747187;-48,72252969;"SPRF-SC";"DEL04-SC";"UOP04-DEL04-SC"
535423;2023-07-12;"quarta-feira";"17:30:00";"MG";116;417;"GOVERNADOR VALADARES";"Acessar a via sem observar a presença dos outros veículos";"Tombamento";"Com Vítimas Feridas";"Plena Noite";"Crescente";"Céu Claro";"Simples";"Reta";"Sim";2;0;1;0;1;0;1;2;-18,90130308;-41,94492414;"SPRF-MG";"DEL06-MG";"UOP01-DEL06-MG"
535425;2023-07-12;"quarta-feira";"18:00:00";"PR";376;469,9;"PONTA GROSSA";"Condutor Dormindo";"Colisão com objeto";"Com Vítimas Feridas";"Plena Noite";"Crescente";"Céu Claro";"Dupla";"Curva;Aclive";"Não";1;0;1;0;0;0;1;1;-25,018417;-50,335626;"SPRF-PR";"DEL03-PR";"UOP01-DEL03-PR"
535426;2023-07-12;"quarta-feira";"18:50:00";"RS";471;148;"SANTA CRUZ DO SUL";"Desrespeitar a preferência no cruzamento";"Colisão lateral mesmo sentido";"Sem Vítimas";"Plena Noite";"Crescente";"Garoa/Chuvisco";"Simples";"Rotatória";"Sim";2;0;0;0;2;0;0;2;-29,76210487;-52,4247086;"SPRF-RS";"DEL02-RS";"UOP03-DEL02-RS"
535427;2023-07-12;"quarta-feira";"18:30:00";"MG";116;701,8;"MURIAE";"Acessar a via sem observar a presença dos outros veículos";"Colisão transversal";"Com Vítimas Feridas";"Plena Noite";"Decrescente";"Nublado";"Simples";"Curva";"Sim";3;0;2;0;1;0;2;2;-21,11084891;-42,3806104;"SPRF-MG";"DEL07-MG";"UOP02-DEL07-MG"
535429;2023-07-12;"quarta-feira";"19:00:00";"BA";407;4;"JUAZEIRO";"Condutor deixou de manter distância do veículo da frente";"Colisão traseira";"Sem Vítimas";"Plena Noite";"Decrescente";"Céu Claro";"Simples";"Reta";"Sim";3;0;0;0;3;0;0;3;-9,43957495;-40,49433089;"SPRF-PE";"DEL06-PE";"UOP01-DEL06-PE"
535430;2023-07-12;"quarta-feira";"18:15:00";"MG";50;151,7;"UBERABA";"Ausência de reação do condutor";"Saída de leito carroçável";"Com Vítimas Feridas";"Plena Noite";"Decrescente";"Nublado";"Dupla";"Reta;Declive";"Não";2;0;2;0;0;0;2;1;-19,57370204;-48,03246832;"SPRF-MG";"DEL13-MG";"UOP01-DEL13-MG"
535432;2023-07-12;"quarta-feira";"19:25:00";"RS";290;58;"GLORINHA";"Chuva";"Saída de leito carroçável";"Com Vítimas Feridas";"Plena Noite";"Crescente";"Chuva";"Dupla";"Reta";"Não";2;0;2;0;0;0;2;1;-29,920788;-50,838261;"SPRF-RS";"DEL03-RS";"UOP01-DEL03-RS"
535433;2023-07-12;"quarta-feira";"18:10:00";"RO";364;344,5;"JI-PARANA";"Reação tardia ou ineficiente do condutor";"Colisão traseira";"Sem Vítimas";"Plena Noite";"Crescente";"Céu Claro";"Dupla";"Reta";"Sim";3;0;0;0;3;0;0;3;-10,87376391;-61,95256893;"SPRF-RO";"DEL02-RO";"UOP01-DEL02-RO"
535435;2023-02-22;"quarta-feira";"07:50:00";"MA";135;2,7;"SAO LUIS";"Avarias e/ou desgaste excessivo no pneu";"Tombamento";"Com Vítimas Feridas";"Pleno dia";"Decrescente";"Nublado";"Dupla";"Reta";"Não";2;0;1;1;0;0;2;1;-2,59806699;-44,24573511;"SPRF-MA";"DEL01-MA";"UOP01-DEL01-MA"
535438;2023-07-12;"quarta-feira";"16:00:00";"RS";116;45,5;"VACARIA";"Reação tardia ou ineficiente do condutor";"Saída de leito carroçável";"Com Vítimas Feridas";"Pleno dia";"Decrescente";"Chuva";"Simples";"Curva";"Não";2;0;2;0;0;0;2;1;-28,54710586;-50,97549817;"SPRF-RS";"DEL05-RS";"UOP03-DEL05-RS"
535444;2023-07-12;"quarta-feira";"17:15:00";"RO";364;426;"JARU";"Pedestre cruzava a pista fora da faixa";"Atropelamento de Pedestre";"Com Vítimas Feridas";"Pleno dia";"Crescente";"Céu Claro";"Simples";"Reta";"Sim";4;0;0;1;3;0;1;2;-10,42969801;-62,48377789;"SPRF-RO";"DEL03-RO";"UOP02-DEL03-RO"
535447;2023-07-12;"quarta-feira";"21:37:00";"RS";293;17;"CAPAO DO LEAO";"Chuva";"Saída de leito carroçável";"Com Vítimas Feridas";"Plena Noite";"Decrescente";"Chuva";"Simples";"Ponte";"Não";1;0;1;0;0;0;1;1;-31,74630748;-52,49128208;"SPRF-RS";"DEL07-RS";"UOP01-DEL07-RS"
535448;2023-07-12;"quarta-feira";"23:00:00";"RS";116;523;"PELOTAS";"Acumulo de água sobre o pavimento";"Colisão com objeto";"Com Vítimas Feridas";"Plena Noite";"Crescente";"Chuva";"Dupla";"Reta";"Não";1;0;1;0;0;0;1;1;-31,72136584;-52,38140629;"SPRF-RS";"DEL07-RS";"UOP01-DEL07-RS"
535449;2023-07-12;"quarta-feira";"22:50:00";"SC";280;71;"JARAGUA DO SUL";"Acesso irregular";"Colisão transversal";"Com Vítimas Feridas";"Plena Noite";"Decrescente";"Garoa/Chuvisco";"Simples";"Reta";"Não";2;0;1;0;1;0;1;2;-26,46151693;-49,13480597;"SPRF-SC";"DEL03-SC";"UOP03-DEL03-SC"
535450;2023-07-12;"quarta-feira";"21:40:00";"PR";369;186,8;"ARAPONGAS";"Velocidade Incompatível";"Queda de ocupante de veículo";"Com Vítimas Feridas";"Plena Noite";"Crescente";"Nublado";"Simples";"Curva";"Sim";2;0;1;1;0;0;2;1;-23,42315488;-51,42386913;"SPRF-PR";"DEL07-PR";"UOP03-DEL07-PR"
535451;2023-07-12;"quarta-feira";"22:00:00";"PR";369;147,2;"LONDRINA";"Ausência de reação do condutor";"Colisão transversal";"Com Vítimas Feridas";"Plena Noite";"Decrescente";"Vento";"Dupla";"Declive;Interseção de Vias;Reta";"Não";2;0;0;1;1;0;1;2;-23,29316059;-51,13449097;"SPRF-PR";"DEL07-PR";"UOP01-DEL07-PR"
535452;2023-07-12;"quarta-feira";"21:20:00";"CE";20;203,7;"BOA VIAGEM";"Ausência de reação do condutor";"Atropelamento de Pedestre";"Com Vítimas Feridas";"Plena Noite";"Crescente";"Céu Claro";"Simples";"Reta;Aclive";"Sim";2;0;0;1;0;1;1;2;-5,128491;-39,738;"SPRF-CE";"DEL02-CE";"UOP02-DEL02-CE"
535454;2023-07-13;"quinta-feira";"00:05:00";"RS";290;165;"SAO JERONIMO";"Ausência de reação do condutor";"Saída de leito carroçável";"Sem Vítimas";"Plena Noite";"Crescente";"Garoa/Chuvisco";"Simples";"Reta";"Não";1;0;0;0;0;1;0;1;-30,120655;-51,858463;"SPRF-RS";"DEL02-RS";"UOP03-DEL02-RS"
535456;2023-07-12;"quarta-feira";"20:30:00";"RO";364;686;"CANDEIAS DO JAMARI";"Pedestre andava na pista";"Atropelamento de Pedestre";"Com Vítimas Feridas";"Plena Noite";"Crescente";"Céu Claro";"Simples";"Reta";"Não";3;0;1;0;1;1;1;2;-8,79143928;-63,64204697;"SPRF-RO";"DEL01-RO";"UOP01-DEL01-RO"
535457;2023-07-12;"quarta-feira";"23:30:00";"PR";376;316;"ORTIGUEIRA";"Objeto estático sobre o leito carroçável";"Colisão com objeto";"Com Vítimas Feridas";"Plena Noite";"Crescente";"Chuva";"Dupla";"Reta";"Não";2;0;1;0;1;0;1;1;-24,002787;-51,086621;"SPRF-PR";"DEL07-PR";"UOP02-DEL07-PR"
535458;2023-07-12;"quarta-feira";"23:25:00";"BA";101;745;"ITABELA";"Acessar a via sem observar a presença dos outros veículos";"Colisão transversal";"Sem Vítimas";"Plena Noite";"Crescente";"Céu Claro";"Simples";"Interseção de Vias;Reta;Rotatória";"Sim";2;0;0;0;2;0;0;2;-16,72722383;-39,45433823;"SPRF-BA";"DEL09-BA";"UOP01-DEL09-BA"
535459;2023-07-12;"quarta-feira";"17:40:00";"MG";116;535,6;"SANTA RITA DE MINAS";"Ausência de reação do condutor";"Tombamento";"Com Vítimas Feridas";"Anoitecer";"Crescente";"Nublado";"Simples";"Curva";"Não";1;0;0;1;0;0;1;1;-19,85292504;-42,14058636;"SPRF-MG";"DEL06-MG";"UOP02-DEL06-MG"
535460;2023-07-12;"quarta-feira";"23:35:00";"PR";373;273,2;"PRUDENTOPOLIS";"Ausência de reação do condutor";"Saída de leito carroçável";"Com Vítimas Feridas";"Plena Noite";"Crescente";"Chuva";"Simples";"Curva";"Não";1;0;0;1;0;0;1;1;-25,25190132;-51,05917383;"SPRF-PR";"DEL08-PR";"UOP01-DEL08-PR"
535461;2023-07-12;"quarta-feira";"23:30:00";"RJ";101;394;"RIO DE JANEIRO";"Acessar a via sem observar a presença dos outros veículos";"Colisão traseira";"Com Vítimas Feridas";"Plena Noite";"Decrescente";"Céu Claro";"Múltipla";"Reta";"Sim";3;0;2;0;1;0;2;2;-22,88582179;-43,71288392;"SPRF-RJ";"DEL03-RJ";"UOP01-DEL03-RJ"
535462;2023-07-12;"quarta-feira";"23:30:00";"SP";116;272;"TABOAO DA SERRA";"Ausência de reação do condutor";"Colisão traseira";"Com Vítimas Feridas";"Plena Noite";"Decrescente";"Céu Claro";"Dupla";"Reta";"Sim";2;0;1;0;1;0;1;2;-23,621691;-46,813288;"SPRF-SP";"DEL04-SP";"UOP01-DEL04-SP"
535464;2023-07-13;"quinta-feira";"01:28:00";"DF";20;16;"BRASILIA";"Reação tardia ou ineficiente do condutor";"Capotamento";"Com Vítimas Feridas";"Plena Noite";"Crescente";"Céu Claro";"Simples";"Reta;Declive";"Não";2;0;0;2;0;0;2;1;-15,625675;-47,725159;"SPRF-DF";"DEL02-DF";"UOP01-DEL02-DF"
535468;2023-07-13;"quinta-feira";"02:00:00";"MS";463;107,3;"PONTA PORA";"Transitar na contramão";"Colisão frontal";"Com Vítimas Feridas";"Plena Noite";"Crescente";"Nublado";"Simples";"Reta";"Sim";2;0;0;1;1;0;1;2;-22,59094101;-55,67301101;"SPRF-MS";"DEL04-MS";"UOP03-DEL04-MS"
535469;2023-07-13;"quinta-feira";"02:30:00";"PE";428;185,8;"PETROLINA";"Iluminação deficiente";"Queda de ocupante de veículo";"Com Vítimas Feridas";"Plena Noite";"Decrescente";"Céu Claro";"Simples";"Reta";"Sim";1;0;1;0;0;0;1;1;-9,36081;-40,48093;"SPRF-PE";"DEL06-PE";"UOP01-DEL06-PE"
535471;2023-07-13;"quinta-feira";"02:20:00";"SC";101;281,8;"IMBITUBA";"Ausência de reação do condutor";"Saída de leito carroçável";"Sem Vítimas";"Plena Noite";"Decrescente";"Nublado";"Dupla";"Reta";"Não";1;0;0;0;1;0;0;1;-28,18793595;-48,69652041;"SPRF-SC";"DEL02-SC";"UOP03-DEL02-SC"
535472;2023-07-13;"quinta-feira";"06:15:00";"MG";40;517,6;"RIBEIRAO DAS NEVES";"Ausência de reação do condutor";"Queda de ocupante de veículo";"Com Vítimas Feridas";"Pleno dia";"Crescente";"Céu Claro";"Dupla";"Reta";"Não";1;0;1;0;0;0;1;1;-19,82351202;-44,08438913;"SPRF-MG";"DEL01-MG";"UOP02-DEL01-MG"
535475;2023-07-13;"quinta-feira";"06:10:00";"GO";153;513;"APARECIDA DE GOIANIA";"Acessar a via sem observar a presença dos outros veículos";"Colisão traseira";"Com Vítimas Feridas";"Amanhecer";"Decrescente";"Nublado";"Dupla";"Reta";"Sim";2;0;1;0;0;1;1;2;-16,8244;-49,2421;"SPRF-GO";"DEL01-GO";"UOP03-DEL01-GO"
535479;2023-07-13;"quinta-feira";"05:00:00";"PR";277;69;"SAO JOSE DOS PINHAIS";"Reação tardia ou ineficiente do condutor";"Saída de leito carroçável";"Com Vítimas Feridas";"Amanhecer";"Decrescente";"Vento";"Dupla";"Reta";"Não";3;0;1;0;2;0;1;1;-25,53715243;-49,07076619;"SPRF-PR";"DEL01-PR";"UOP01-DEL01-PR"
535482;2023-07-13;"quinta-feira";"07:20:00";"SP";116;285;"EMBU DAS ARTES";"Trafegar com motocicleta (ou similar) entre as faixas";"Colisão traseira";"Com Vítimas Feridas";"Pleno dia";"Decrescente";"Céu Claro";"Dupla";"Reta";"Sim";2;0;1;0;1;0;1;2;-23,70407794;-46,87249709;"SPRF-SP";"DEL04-SP";"UOP01-DEL04-SP"
535483;2023-07-13;"quinta-feira";"07:40:00";"ES";101;269;"SERRA";"Manobra de mudança de faixa";"Tombamento";"Com Vítimas Feridas";"Pleno dia";"Decrescente";"Sol";"Múltipla";"Reta;Viaduto";"Sim";1;0;1;0;0;0;1;1;-20,21740496;-40,26990578;"SPRF-ES";"DEL02-ES";"UOP01-DEL02-ES"
535484;2023-07-13;"quinta-feira";"07:15:00";"PR";116;167,4;"QUITANDINHA";"Conversão proibida";"Colisão traseira";"Com Vítimas Feridas";"Pleno dia";"Decrescente";"Nublado";"Simples";"Reta";"Sim";5;0;2;0;3;0;2;2;-25,879072;-49,49202;"SPRF-PR";"DEL01-PR";"UOP03-DEL01-PR"
535485;2023-07-13;"quinta-feira";"06:40:00";"PB";101;11,8;"MAMANGUAPE";"Retorno proibido";"Colisão transversal";"Com Vítimas Feridas";"Pleno dia";"Crescente";"Céu Claro";"Dupla";"Declive";"Sim";2;0;0;1;1;0;1;2;-6,59256898;-35,14508356;"SPRF-PB";"DEL01-PB";"UOP04-DEL01-PB"
535486;2023-07-13;"quinta-feira";"07:30:00";"SP";153;58;"SAO JOSE DO RIO PRETO";"Ausência de reação do condutor";"Colisão traseira";"Com Vítimas Feridas";"Pleno dia";"Crescente";"Céu Claro";"Dupla";"Reta;Aclive";"Sim";2;0;0;1;1;0;1;2;-20,77838195;-49,35300538;"SPRF-SP";"DEL09-SP";"UOP01-DEL09-SP"
535487;2023-07-13;"quinta-feira";"07:45:00";"SP";116;217;"GUARULHOS";"Avarias e/ou desgaste excessivo no pneu";"Queda de ocupante de veículo";"Com Vítimas Feridas";"Pleno dia";"Decrescente";"Céu Claro";"Múltipla";"Reta";"Sim";2;0;1;0;1;0;1;1;-23,45423824;-46,47119028;"SPRF-SP";"DEL01-SP";"UOP01-DEL01-SP"
535491;2023-07-13;"quinta-feira";"08:15:00";"TO";153;510,9;"PUGMIL";"Acessar a via sem observar a presença dos outros veículos";"Colisão transversal";"Com Vítimas Feridas";"Pleno dia";"Decrescente";"Céu Claro";"Simples";"Aclive;Reta";"Não";3;0;1;0;2;0;1;2;-10,29636;-48,883852;"SPRF-TO";"DEL01-TO";"UOP01-DEL01-TO"
535492;2023-07-13;"quinta-feira";"07:40:00";"MG";40;515;"RIBEIRAO DAS NEVES";"Condutor deixou de manter distância do veículo da frente";"Colisão traseira";"Com Vítimas Feridas";"Pleno dia";"Decrescente";"Céu Claro";"Dupla";"Reta";"Não";2;0;1;0;1;0;1;2;-19,8090079;-44,09493479;"SPRF-MG";"DEL01-MG";"UOP02-DEL01-MG"
535495;2023-05-26;"sexta-feira";"12:30:00";"PA";316;1,6;"ANANINDEUA";"Manobra de mudança de faixa";"Colisão transversal";"Com Vítimas Feridas";"Pleno dia";"Decrescente";"Céu Claro";"Dupla";"Retorno Regulamentado";"Sim";4;0;2;0;2;0;2;2;-1,40318503;-48,42870296;"SPRF-PA";"DEL01-PA";"UOP01-DEL01-PA"
535496;2023-07-13;"quinta-feira";"07:50:00";"MG";116;497,9;"INHAPIM";"Velocidade Incompatível";"Tombamento";"Com Vítimas Feridas";"Pleno dia";"Crescente";"Céu Claro";"Simples";"Curva";"Não";1;0;1;0;0;0;1;1;-19,54476495;-42,12568405;"SPRF-MG";"DEL06-MG";"UOP02-DEL06-MG"
535498;2023-05-10;"quarta-feira";"19:20:00";"RS";470;248,5;"BARAO";"Animais na Pista";"Tombamento";"Com Vítimas Feridas";"Plena Noite";"Crescente";"Céu Claro";"Simples";"Reta";"Não";2;0;1;1;0;0;2;1;-29,3999899;-51,500912;"SPRF-RS";"DEL06-RS";"UOP01-DEL06-RS"
535501;2023-07-10;"segunda-feira";"17:30:00";"RJ";101;387;"RIO DE JANEIRO";"Acessar a via sem observar a presença dos outros veículos";"Colisão transversal";"Com Vítimas Feridas";"Anoitecer";"Crescente";"Céu Claro";"Múltipla";"Reta;Retorno Regulamentado";"Não";2;0;1;0;1;0;1;2;-22,88537839;-43,64965688;"SPRF-RJ";"DEL03-RJ";"UOP01-DEL03-RJ"
535503;2023-07-13;"quinta-feira";"08:15:00";"BA";135;187;"BARREIRAS";"Ultrapassagem Indevida";"Colisão frontal";"Com Vítimas Feridas";"Pleno dia";"Decrescente";"Céu Claro";"Simples";"Reta";"Não";5;0;1;2;1;1;3;4;-12,21064305;-45,0171418;"SPRF-BA";"DEL08-BA";"UOP04-DEL08-BA"
535505;2023-07-11;"terça-feira";"10:50:00";"MS";436;5;"APARECIDA DO TABOADO";"Acessar a via sem observar a presença dos outros veículos";"Colisão transversal";"Com Vítimas Feridas";"Pleno dia";"Crescente";"Céu Claro";"Simples";"Reta";"Não";2;0;0;1;1;0;1;2;-20,087124;-51,09403;"SPRF-MS";"DEL08-MS";"UOP01-DEL08-MS"
535507;2023-07-13;"quinta-feira";"09:10:00";"PA";230;120;"MARABA";"Condutor deixou de manter distância do veículo da frente";"Colisão traseira";"Com Vítimas Feridas";"Pleno dia";"Crescente";"Céu Claro";"Dupla";"Reta";"Sim";2;0;1;0;1;0;1;2;-5,35038318;-49,11434;"SPRF-PA";"DEL03-PA";"UOP01-DEL03-PA"
535509;2023-07-13;"quinta-feira";"07:40:00";"PR";369;152,1;"LONDRINA";"Condutor deixou de manter distância do veículo da frente";"Colisão traseira";"Com Vítimas Feridas";"Pleno dia";"Crescente";"Céu Claro";"Dupla";"Reta";"Sim";2;0;0;1;1;0;1;2;-23,29265216;-51,1663878;"SPRF-PR";"DEL07-PR";"UOP01-DEL07-PR"
535514;2023-07-13;"quinta-feira";"09:30:00";"MG";381;771,7;"CAMPANHA";"Ausência de reação do condutor";"Queda de ocupante de veículo";"Com Vítimas Feridas";"Pleno dia";"Crescente";"Céu Claro";"Dupla";"Reta";"Não";1;0;1;0;0;0;1;1;-21,79136317;-45,44895687;"SPRF-MG";"DEL16-MG";"UOP02-DEL16-MG"
535515;2023-07-13;"quinta-feira";"09:20:00";"PB";101;90;"CONDE";"Reação tardia ou ineficiente do condutor";"Colisão transversal";"Com Vítimas Feridas";"Pleno dia";"Decrescente";"Céu Claro";"Dupla";"Reta";"Sim";2;0;1;0;1;0;1;2;-7,179652;-34,900417;"SPRF-PB";"DEL01-PB";"UOP02-DEL01-PB"
535517;2023-07-13;"quinta-feira";"09:50:00";"PE";104;30,1;"TORITAMA";"Acessar a via sem observar a presença dos outros veículos";"Colisão transversal";"Sem Vítimas";"Pleno dia";"Decrescente";"Céu Claro";"Simples";"Aclive;Reta";"Sim";3;0;0;0;3;0;0;2;-8,0137;-36,0565;"SPRF-PE";"DEL02-PE";"UOP01-DEL02-PE"
535519;2023-07-13;"quinta-feira";"08:50:00";"RO";364;353,1;"JI-PARANA";"Ausência de reação do condutor";"Colisão traseira";"Sem Vítimas";"Pleno dia";"Decrescente";"Céu Claro";"Simples";"Reta;Declive";"Não";6;0;0;0;6;0;0;2;-10,83322284;-62,01156957;"SPRF-RO";"DEL02-RO";"UOP01-DEL02-RO"
535522;2023-07-13;"quinta-feira";"07:35:00";"MG";116;415,8;"GOVERNADOR VALADARES";"Reação tardia ou ineficiente do condutor";"Tombamento";"Com Vítimas Feridas";"Pleno dia";"Crescente";"Céu Claro";"Simples";"Curva";"Sim";1;0;0;1;0;0;1;1;-18,88401297;-41,94924399;"SPRF-MG";"DEL06-MG";"UOP01-DEL06-MG"
535524;2023-07-13;"quinta-feira";"11:00:00";"CE";222;2,7;"FORTALEZA";"Reação tardia ou ineficiente do condutor";"Colisão traseira";"Com Vítimas Feridas";"Pleno dia";"Decrescente";"Céu Claro";"Dupla";"Reta";"Sim";3;0;0;1;0;2;1;3;-3,73955851;-38,5901159;"SPRF-CE";"DEL01-CE";"UOP01-DEL01-CE"
535527;2023-07-13;"quinta-feira";"09:30:00";"PB";104;139,4;"QUEIMADAS";"Condutor Dormindo";"Colisão lateral sentido oposto";"Com Vítimas Feridas";"Pleno dia";"Crescente";"Céu Claro";"Simples";"Reta";"Sim";4;0;0;1;3;0;1;4;-7,365205;-35,901601;"SPRF-PB";"DEL02-PB";"UOP03-DEL02-PB"
535529;2023-07-13;"quinta-feira";"11:40:00";"MG";50;177,8;"UBERABA";"Ausência de reação do condutor";"Colisão com objeto";"Com Vítimas Feridas";"Pleno dia";"Decrescente";"Céu Claro";"Dupla";"Reta";"Sim";1;0;1;0;0;0;1;1;-19,779514;-47,947008;"SPRF-MG";"DEL13-MG";"UOP01-DEL13-MG"
535530;2023-07-13;"quinta-feira";"11:30:00";"AL";316;244;"ATALAIA";"Acessar a via sem observar a presença dos outros veículos";"Colisão transversal";"Sem Vítimas";"Pleno dia";"Decrescente";"Céu Claro";"Simples";"Reta";"Sim";2;0;0;0;2;0;0;2;-9,51022028;-36,00471385;"SPRF-AL";"DEL01-AL";"UOP01-DEL01-AL"
535531;2023-07-13;"quinta-feira";"04:40:00";"PR";376;547,5;"BALSA NOVA";"Chuva";"Capotamento";"Com Vítimas Feridas";"Amanhecer";"Crescente";"Chuva";"Dupla";"Reta";"Não";2;0;0;2;0;0;2;1;-25,46046988;-49,73126984;"SPRF-PR";"DEL03-PR";"UOP03-DEL03-PR"
535532;2023-07-13;"quinta-feira";"11:50:00";"SP";116;92;"PINDAMONHANGABA";"Ausência de reação do condutor";"Saída de leito carroçável";"Com Vítimas Feridas";"Pleno dia";"Decrescente";"Sol";"Dupla";"Reta";"Não";1;0;1;0;0;0;1;1;-22,95222732;-45,40443885;"SPRF-SP";"DEL08-SP";"UOP01-DEL08-SP"
535533;2023-07-13;"quinta-feira";"11:55:00";"ES";262;93;"DOMINGOS MARTINS";"Reação tardia ou ineficiente do condutor";"Colisão traseira";"Com Vítimas Feridas";"Pleno dia";"Decrescente";"Sol";"Simples";"Reta";"Não";2;0;0;1;1;0;1;2;-20,37908136;-41,05047852;"SPRF-ES";"DEL01-ES";"UOP02-DEL01-ES"
535534;2023-07-12;"quarta-feira";"22:30:00";"PR";277;156;"PALMEIRA";"Demais Fenômenos da natureza";"Colisão com objeto";"Com Vítimas Feridas";"Plena Noite";"Decrescente";"Chuva";"Simples";"Reta";"Não";5;0;1;1;3;0;2;1;-25,477037;-49,88313;"SPRF-PR";"DEL03-PR";"UOP03-DEL03-PR"
535537;2023-06-11;"domingo";"14:30:00";"SC";280;142;"MAFRA";"Ausência de reação do condutor";"Queda de ocupante de veículo";"Com Vítimas Feridas";"Pleno dia";"Decrescente";"Nublado";"Simples";"Reta";"Não";2;0;1;0;1;0;1;2;-26,25076506;-49,62912012;"SPRF-SC";"DEL06-SC";"UOP03-DEL06-SC"
535538;2023-07-13;"quinta-feira";"12:30:00";"MG";262;393,7;"MATEUS LEME";"Reação tardia ou ineficiente do condutor";"Saída de leito carroçável";"Com Vítimas Feridas";"Pleno dia";"Decrescente";"Céu Claro";"Dupla";"Reta";"Não";1;0;1;0;0;0;1;1;-19,918104;-44,481613;"SPRF-MG";"DEL01-MG";"UOP03-DEL01-MG"
535540;2023-07-13;"quinta-feira";"13:00:00";"BA";324;2,4;"FEIRA DE SANTANA";"Velocidade Incompatível";"Colisão com objeto";"Com Vítimas Feridas";"Pleno dia";"Decrescente";"Céu Claro";"Dupla";"Reta";"Sim";1;0;1;0;0;0;1;1;-12,285593;-38,952335;"SPRF-BA";"DEL02-BA";"UOP01-DEL02-BA"
535541;2023-07-13;"quinta-feira";"11:15:00";"RS";386;273,8;"FONTOURA XAVIER";"Condutor deixou de manter distância do veículo da frente";"Colisão traseira";"Sem Vítimas";"Pleno dia";"Decrescente";"Chuva";"Simples";"Reta;Aclive";"Não";3;0;0;0;3;0;0;2;-29,000175;-52,353458;"SPRF-RS";"DEL04-RS";"UOP03-DEL04-RS"
535542;2023-07-13;"quinta-feira";"11:55:00";"ES";262;89,2;"DOMINGOS MARTINS";"Demais falhas mecânicas ou elétricas";"Engavetamento";"Com Vítimas Feridas";"Pleno dia";"Crescente";"Sol";"Simples";"Declive;Reta";"Não";5;0;2;0;3;0;2;3;-20,38725617;-41,01746327;"SPRF-ES";"DEL01-ES";"UOP02-DEL01-ES"
535546;2023-07-13;"quinta-feira";"13:00:00";"BA";367;29;"PORTO SEGURO";"Retorno proibido";"Colisão transversal";"Com Vítimas Feridas";"Pleno dia";"Crescente";"Céu Claro";"Simples";"Retorno Regulamentado;Reta";"Não";4;0;1;0;3;0;1;2;-16,415527;-39,118852;"SPRF-BA";"DEL09-BA";"UOP03-DEL09-BA"
535547;2023-07-13;"quinta-feira";"12:21:00";"SP";116;273;"TABOAO DA SERRA";"Ausência de reação do condutor";"Colisão traseira";"Com Vítimas Feridas";"Pleno dia";"Decrescente";"Céu Claro";"Dupla";"Reta";"Sim";2;0;1;0;1;0;1;2;-23,62809795;-46,81870306;"SPRF-SP";"DEL04-SP";"UOP01-DEL04-SP"
535549;2023-07-13;"quinta-feira";"13:05:00";"PR";376;176,3;"MARINGA";"Condutor deixou de manter distância do veículo da frente";"Colisão traseira";"Com Vítimas Feridas";"Pleno dia";"Crescente";"Sol";"Dupla";"Interseção de Vias;Reta";"Sim";2;0;1;0;1;0;1;2;-23,41269173;-51,93158327;"SPRF-PR";"DEL09-PR";"UOP01-DEL09-PR"
535554;2023-07-13;"quinta-feira";"12:50:00";"RJ";116;295,1;"PORTO REAL";"Condutor deixou de manter distância do veículo da frente";"Colisão traseira";"Com Vítimas Feridas";"Pleno dia";"Decrescente";"Céu Claro";"Dupla";"Reta";"Não";2;0;1;0;1;0;1;2;-22,45013044;-44,3107408;"SPRF-RJ";"DEL07-RJ";"UOP02-DEL07-RJ"
535561;2023-07-07;"sexta-feira";"09:20:00";"PE";428;189,8;"PETROLINA";"Condutor desrespeitou a iluminação vermelha do semáforo";"Colisão transversal";"Com Vítimas Feridas";"Pleno dia";"Crescente";"Céu Claro";"Dupla";"Interseção de Vias";"Sim";2;0;1;1;0;0;2;2;-9,37792436;-40,50425291;"SPRF-PE";"DEL06-PE";"UOP01-DEL06-PE"
535562;2023-06-27;"terça-feira";"07:35:00";"RO";364;14;"VILHENA";"Acessar a via sem observar a presença dos outros veículos";"Colisão transversal";"Com Vítimas Feridas";"Pleno dia";"Decrescente";"Céu Claro";"Dupla";"Rotatória";"Sim";3;0;1;0;2;0;1;3;-12,73898138;-60,13911417;"SPRF-RO";"DEL04-RO";"UOP01-DEL04-RO"