"id";"data_inversa";"dia_semana";"horario";"uf";"br";"km";"municipio";"causa_acidente";"tipo_acidente";"classificacao_acidente";"fase_dia";"sentido_via";"condicao_metereologica";"tipo_pista";"tracado_via";"uso_solo";"pessoas";"mortos";"feridos_leves";"feridos_graves";"ilesos";"ignorados";"feridos";"veiculos";"latitude";"longitude";"regional";"delegacia";"uop"
535787;2023-07-14;"sexta-feira";"15:40:00";"SP";116;106;"TAUBATE";"Reação tardia ou ineficiente do condutor";"Tombamento";"Com Vítimas Feridas";"Pleno dia";"Crescente";"Céu Claro";"Dupla";"Reta";"Não";1;0;1;0;0;0;1;1;-23,01250593;-45,52256005;"SPRF-SP";"DEL02-SP";"UOP02-DEL02-SP"
535788;2023-07-14;"sexta-feira";"16:10:00";"PB";101;85,6;"BAYEUX";"Condutor deixou de manter distância do veículo da frente";"Colisão lateral mesmo sentido";"Com Vítimas Feridas";"Pleno dia";"Decrescente";"Céu Claro";"Dupla";"Reta";"Sim";2;0;0;1;1;0;1;2;-7,14538184;-34,91662887;"SPRF-PB";"DEL01-PB";"UOP01-DEL01-PB"
535789;2023-04-13;"quinta-feira";"08:30:00";"MG";40;756;"EWBANK DA CAMARA";"Conversão proibida";"Colisão transversal";"Com Vítimas Feridas";"Pleno dia";"Crescente";"Nublado";"Simples";"Reta";"Não";2;0;0;1;1;0;1;2;-21,49531809;-43,53514132;"SPRF-MG";"DEL05-MG";"UOP01-DEL05-MG"
535790;2023-07-14;"sexta-feira";"16:01:00";"SP";101;50,6;"UBATUBA";"Acessar a via sem observar a presença dos outros veículos";"Colisão transversal";"Com Vítimas Feridas";"Pleno dia";"Decrescente";"Céu Claro";"Simples";"Reta";"Sim";2;0;1;0;1;0;1;2;-23,45323691;-45,07436156;"SPRF-SP";"DEL06-SP";"UOP01-DEL06-SP"
535791;2023-07-14;"sexta-feira";"14:30:00";"SC";101;54;"JOINVILLE";"Reação tardia ou ineficiente do condutor";"Colisão traseira";"Com Vítimas Feridas";"Pleno dia";"Crescente";"Céu Claro";"Dupla";"Aclive;Reta";"Sim";4;0;1;0;3;0;1;3;-26,41319508;-48,83617332;"SPRF-SC";"DEL03-SC";"UOP01-DEL03-SC"
535792;2023-07-14;"sexta-feira";"16:00:00";"ES";101;322;"GUARAPARI";"Reação tardia ou ineficiente do condutor";"Saída de leito carroçável";"Com Vítimas Feridas";"Pleno dia";"Decrescente";"Céu Claro";"Dupla";"Reta";"Não";1;0;1;0;0;0;1;1;-20,52834469;-40,48236575;"SPRF-ES";"DEL03-ES";"UOP01-DEL03-ES"
535793;2023-07-14;"sexta-feira";"16:30:00";"GO";414;428,3;"ABADIANIA";"Acessar a via sem observar a presença dos outros veículos";"Colisão transversal";"Com Vítimas Feridas";"Pleno dia";"Crescente";"Céu Claro";"Simples";"Curva";"Não";4;0;1;0;2;1;1;2;-16,18994908;-48,90549382;"SPRF-GO";"DEL02-GO";"UOP01-DEL02-GO"
535794;2023-07-14;"sexta-feira";"16:20:00";"SP";116;221;"GUARULHOS";"Reação tardia ou ineficiente do condutor";"Colisão traseira";"Com Vítimas Feridas";"Pleno dia";"Decrescente";"Céu Claro";"Múltipla";"Reta";"Sim";2;0;1;0;0;1;1;2;-23,46802395;-46,50704901;"SPRF-SP";"DEL01-SP";"UOP01-DEL01-SP"
535795;2023-07-14;"sexta-feira";"16:40:00";"SP";116;112;"TAUBATE";"Reação tardia ou ineficiente do condutor";"Colisão traseira";"Com Vítimas Feridas";"Pleno dia";"Decrescente";"Céu Claro";"Dupla";"Reta";"Sim";3;0;1;0;2;0;1;2;-23,04273353;-45,57437897;"SPRF-SP";"DEL02-SP";"UOP02-DEL02-SP"
535796;2023-07-14;"sexta-feira";"16:00:00";"SC";101;123;"ITAJAI";"Condutor deixou de manter distância do veículo da frente";"Colisão traseira";"Sem Vítimas";"Pleno dia";"Crescente";"Céu Claro";"Dupla";"Reta";"Não";2;0;0;0;2;0;0;2;-26,93668609;-48,69876905;"SPRF-SC";"DEL04-SC";"UOP04-DEL04-SC"
535797;2023-07-14;"sexta-feira";"15:45:00";"DF";20;2;"BRASILIA";"Ausência de reação do condutor";"Colisão traseira";"Com Vítimas Feridas";"Pleno dia";"Crescente";"Nublado";"Dupla";"Interseção de Vias;Reta;Declive";"Sim";3;0;1;0;2;0;1;2;-15,682896;-47,840729;"SPRF-DF";"DEL02-DF";"UOP01-DEL02-DF"
535799;2023-07-14;"sexta-feira";"17:00:00";"ES";101;272,5;"SERRA";"Acessar a via sem observar a presença dos outros veículos";"Colisão transversal";"Com Vítimas Feridas";"Anoitecer";"Decrescente";"Nublado";"Simples";"Retorno Regulamentado";"Não";5;0;3;2;0;0;5;2;-20,22724888;-40,28426988;"SPRF-ES";"DEL02-ES";"UOP01-DEL02-ES"
535801;2023-07-14;"sexta-feira";"16:45:00";"BA";324;620,7;"SALVADOR";"Condutor deixou de manter distância do veículo da frente";"Colisão lateral mesmo sentido";"Sem Vítimas";"Pleno dia";"Decrescente";"Sol";"Múltipla";"Interseção de Vias";"Sim";2;0;0;0;2;0;0;2;-12,91968041;-38,46530199;"SPRF-BA";"DEL01-BA";"UOP01-DEL01-BA"
535802;2023-07-14;"sexta-feira";"16:30:00";"MG";381;487,5;"BETIM";"Ausência de reação do condutor";"Engavetamento";"Com Vítimas Feridas";"Pleno dia";"Crescente";"Céu Claro";"Dupla";"Reta;Declive";"Não";4;0;1;0;3;0;1;4;-19,95586853;-44,14609501;"SPRF-MG";"DEL01-MG";"UOP03-DEL01-MG"
535805;2023-07-14;"sexta-feira";"15:50:00";"RJ";116;170;"RIO DE JANEIRO";"Reação tardia ou ineficiente do condutor";"Colisão traseira";"Com Vítimas Feridas";"Pleno dia";"Crescente";"Céu Claro";"Múltipla";"Reta";"Não";2;0;1;0;1;0;1;2;-22,81113183;-43,3336729;"SPRF-RJ";"DEL01-RJ";"UOP02-DEL01-RJ"
535806;2023-07-14;"sexta-feira";"16:30:00";"BA";101;331,3;"PRESIDENTE TANCREDO NEVES";"Velocidade Incompatível";"Colisão traseira";"Com Vítimas Feridas";"Pleno dia";"Crescente";"Sol";"Simples";"Reta";"Não";3;0;2;0;1;0;2;2;-13,4704317;-39,41825867;"SPRF-BA";"DEL05-BA";"UOP03-DEL05-BA"
535807;2023-07-14;"sexta-feira";"17:10:00";"BA";116;829,6;"VITORIA DA CONQUISTA";"Condutor deixou de manter distância do veículo da frente";"Colisão traseira";"Com Vítimas Feridas";"Pleno dia";"Crescente";"Céu Claro";"Simples";"Declive";"Não";2;0;2;0;0;0;2;2;-14,905529;-40,871388;"SPRF-BA";"DEL08-BA";"UOP01-DEL08-BA"
535808;2023-07-14;"sexta-feira";"16:30:00";"RO";364;207,3;"PIMENTA BUENO";"Condutor deixou de manter distância do veículo da frente";"Colisão traseira";"Sem Vítimas";"Pleno dia";"Decrescente";"Céu Claro";"Simples";"Reta";"Não";4;0;0;0;4;0;0;2;-11,60280288;-61,22968093;"SPRF-RO";"DEL02-RO";"UOP02-DEL02-RO"
535809;2023-07-14;"sexta-feira";"16:25:00";"PR";277;594,7;"CASCAVEL";"Condutor deixou de manter distância do veículo da frente";"Tombamento";"Com Vítimas Feridas";"Pleno dia";"Crescente";"Céu Claro";"Simples";"Reta";"Sim";1;0;1;0;0;0;1;1;-24,9794792;-53,49232599;"SPRF-PR";"DEL04-PR";"UOP01-DEL04-PR"
535810;2023-07-14;"sexta-feira";"18:00:00";"ES";101;273,9;"SERRA";"Reação tardia ou ineficiente do condutor";"Colisão traseira";"Com Vítimas Feridas";"Plena Noite";"Crescente";"Nublado";"Simples";"Reta";"Não";2;0;0;1;1;0;1;2;-20,22029207;-40,29048811;"SPRF-ES";"DEL02-ES";"UOP01-DEL02-ES"
535811;2023-07-14;"sexta-feira";"18:00:00";"SC";282;1;"FLORIANOPOLIS";"Acessar a via sem observar a presença dos outros veículos";"Colisão lateral mesmo sentido";"Com Vítimas Feridas";"Plena Noite";"Crescente";"Céu Claro";"Dupla";"Reta";"Sim";2;0;1;0;1;0;1;2;-27,602955;-48,580509;"SPRF-SC";"DEL01-SC";"UOP01-DEL01-SC"
535812;2023-07-14;"sexta-feira";"16:30:00";"MG";381;390;"BARAO DE COCAIS";"Ausência de reação do condutor";"Colisão traseira";"Com Vítimas Feridas";"Pleno dia";"Decrescente";"Céu Claro";"Dupla";"Reta";"Não";2;0;0;1;1;0;1;2;-19,80264063;-43,41078579;"SPRF-MG";"DEL01-MG";"UOP01-DEL01-MG"
535813;2023-07-14;"sexta-feira";"13:45:00";"MS";158;139,9;"APARECIDA DO TABOADO";"Reação tardia ou ineficiente do condutor";"Engavetamento";"Com Vítimas Feridas";"Pleno dia";"Crescente";"Céu Claro";"Simples";"Reta";"Não";9;0;0;1;8;0;1;3;-20,02596098;-51,11578938;"SPRF-MS";"DEL08-MS";"UOP01-DEL08-MS"
535814;2023-07-14;"sexta-feira";"17:13:00";"PE";101;50;"RECIFE";"Trafegar com motocicleta (ou similar) entre as faixas";"Colisão lateral mesmo sentido";"Sem Vítimas";"Anoitecer";"Crescente";"Céu Claro";"Múltipla";"Reta";"Sim";4;0;0;0;2;2;0;3;-7,98344307;-34,93176727;"SPRF-PE";"DEL01-PE";"UOP02-DEL01-PE"
535817;2023-07-14;"sexta-feira";"14:20:00";"MT";364;119;"PEDRA PRETA";"Velocidade Incompatível";"Saída de leito carroçável";"Com Vítimas Feridas";"Pleno dia";"Decrescente";"Céu Claro";"Simples";"Curva";"Não";3;0;2;0;1;0;2;1;-16,823941;-54,064741;"SPRF-MT";"DEL02-MT";"UOP02-DEL02-MT"
535818;2023-07-14;"sexta-feira";"18:10:00";"ES";101;241,5;"SERRA";"Ausência de reação do condutor";"Atropelamento de Pedestre";"Com Vítimas Feridas";"Plena Noite";"Decrescente";"Céu Claro";"Simples";"Reta";"Sim";2;0;0;1;0;1;1;2;-20,02389596;-40,39998096;"SPRF-ES";"DEL02-ES";"UOP01-DEL02-ES"
535820;2023-07-14;"sexta-feira";"17:10:00";"GO";40;8,8;"LUZIANIA";"Pedestre cruzava a pista fora da faixa";"Atropelamento de Pedestre";"Com Vítimas Fatais";"Pleno dia";"Decrescente";"Céu Claro";"Dupla";"Reta";"Sim";7;1;0;0;5;1;0;2;-16,116158;-47,96761;"SPRF-DF";"DEL01-DF";"UOP01-DEL01-DF"
535821;2023-07-14;"sexta-feira";"17:30:00";"SC";101;199;"SAO JOSE";"Falta de acostamento";"Colisão lateral mesmo sentido";"Com Vítimas Feridas";"Anoitecer";"Decrescente";"Céu Claro";"Simples";"Reta";"Sim";3;0;1;0;1;1;1;3;-27,53413705;-48,63003205;"SPRF-SC";"DEL01-SC";"UOP01-DEL01-SC"
535822;2023-07-14;"sexta-feira";"17:40:00";"MG";116;761;"LEOPOLDINA";"Ausência de reação do condutor";"Colisão traseira";"Com Vítimas Feridas";"Plena Noite";"Crescente";"Nublado";"Simples";"Reta";"Sim";5;0;0;1;4;0;1;3;-21,52207278;-42,61775334;"SPRF-MG";"DEL07-MG";"UOP01-DEL07-MG"
535823;2023-07-14;"sexta-feira";"14:00:00";"BA";110;308;"INHAMBUPE";"Velocidade Incompatível";"Queda de ocupante de veículo";"Com Vítimas Feridas";"Pleno dia";"Crescente";"Sol";"Simples";"Reta";"Não";1;0;0;1;0;0;1;1;-11,9772411;-38,37700766;"SPRF-BA";"DEL01-BA";"UOP04-DEL01-BA"
535825;2023-07-14;"sexta-feira";"16:00:00";"MT";364;267,7;"JACIARA";"Ultrapassagem Indevida";"Colisão lateral mesmo sentido";"Com Vítimas Fatais";"Pleno dia";"Decrescente";"Sol";"Dupla";"Aclive;Reta;Retorno Regulamentado";"Não";9;1;1;1;5;1;2;3;-15,9882532;-54,92679723;"SPRF-MT";"DEL02-MT";"UOP01-DEL02-MT"
535826;2023-07-14;"sexta-feira";"18:00:00";"PB";101;87;"JOAO PESSOA";"Manobra de mudança de faixa";"Colisão lateral mesmo sentido";"Com Vítimas Feridas";"Plena Noite";"Decrescente";"Céu Claro";"Dupla";"Reta";"Sim";2;0;1;0;1;0;1;2;-7,15886802;-34,90628504;"SPRF-PB";"DEL01-PB";"UOP01-DEL01-PB"
535827;2023-07-14;"sexta-feira";"17:57:00";"PE";101;157,3;"RIBEIRAO";"Acessar a via sem observar a presença dos outros veículos";"Colisão lateral mesmo sentido";"Com Vítimas Feridas";"Anoitecer";"Decrescente";"Céu Claro";"Dupla";"Reta";"Não";2;0;1;0;0;1;1;2;-8,55352976;-35,3964161;"SPRF-PE";"DEL01-PE";"UOP03-DEL01-PE"
535829;2023-07-14;"sexta-feira";"09:10:00";"BA";410;33;"TUCANO";"Acessar a via sem observar a presença dos outros veículos";"Colisão transversal";"Com Vítimas Feridas";"Pleno dia";"Decrescente";"Céu Claro";"Simples";"Reta";"Não";2;0;2;0;0;0;2;2;-10,97881618;-38,78030062;"SPRF-BA";"DEL07-BA";"UOP02-DEL07-BA"
535830;2023-07-14;"sexta-feira";"18:50:00";"ES";101;267;"SERRA";"Entrada inopinada do pedestre";"Atropelamento de Pedestre";"Com Vítimas Feridas";"Plena Noite";"Decrescente";"Garoa/Chuvisco";"Múltipla";"Reta";"Sim";2;0;1;0;0;1;1;2;-20,19930999;-40,26884609;"SPRF-ES";"DEL02-ES";"UOP01-DEL02-ES"
535831;2023-07-14;"sexta-feira";"15:30:00";"MT";163;766;"SORRISO";"Ausência de reação do condutor";"Colisão traseira";"Com Vítimas Feridas";"Pleno dia";"Crescente";"Céu Claro";"Simples";"Reta";"Não";3;0;2;0;1;0;2;2;-12,553872;-55,715195;"SPRF-MT";"DEL06-MT";"UOP01-DEL06-MT"
535832;2023-07-14;"sexta-feira";"19:10:00";"ES";101;267,1;"SERRA";"Manobra de mudança de faixa";"Colisão lateral mesmo sentido";"Com Vítimas Feridas";"Plena Noite";"Decrescente";"Nublado";"Múltipla";"Reta";"Sim";2;0;1;0;1;0;1;2;-20,19930999;-40,26884609;"SPRF-ES";"DEL02-ES";"UOP01-DEL02-ES"
535833;2023-06-20;"terça-feira";"18:00:00";"MG";40;602,8;"CONGONHAS";"Acesso irregular";"Colisão transversal";"Com Vítimas Feridas";"Plena Noite";"Crescente";"Céu Claro";"Simples";"Reta";"Sim";2;0;0;1;1;0;1;2;-20,43679609;-43,84638106;"SPRF-MG";"DEL05-MG";"UOP02-DEL05-MG"
535834;2023-07-14;"sexta-feira";"06:00:00";"RJ";116;177;"SAO JOAO DE MERITI";"Manobra de mudança de faixa";"Colisão lateral mesmo sentido";"Com Vítimas Feridas";"Amanhecer";"Decrescente";"Chuva";"Dupla";"Reta";"Sim";2;0;1;0;1;0;1;2;-22,78055198;-43,39208599;"SPRF-RJ";"DEL01-RJ";"UOP02-DEL01-RJ"
535835;2023-07-14;"sexta-feira";"19:00:00";"RS";285;460,2;"IJUI";"Desrespeitar a preferência no cruzamento";"Colisão transversal";"Com Vítimas Feridas";"Plena Noite";"Decrescente";"Céu Claro";"Simples";"Interseção de Vias";"Sim";2;0;1;0;1;0;1;2;-28,41853222;-53,91598463;"SPRF-RS";"DEL10-RS";"UOP01-DEL10-RS"
535836;2023-07-14;"sexta-feira";"16:40:00";"SC";101;297;"LAGUNA";"Reação tardia ou ineficiente do condutor";"Colisão traseira";"Com Vítimas Feridas";"Pleno dia";"Crescente";"Céu Claro";"Dupla";"Aclive";"Sim";4;0;3;0;1;0;3;2;-28,31353989;-48,7240982;"SPRF-SC";"DEL02-SC";"UOP03-DEL02-SC"
535838;2023-07-14;"sexta-feira";"18:10:00";"ES";101;291,9;"CARIACICA";"Manobra de mudança de faixa";"Colisão transversal";"Com Vítimas Feridas";"Plena Noite";"Decrescente";"Céu Claro";"Dupla";"Retorno Regulamentado";"Sim";2;0;0;2;0;0;2;2;-20,29755744;-40,39445616;"SPRF-ES";"DEL01-ES";"UOP01-DEL01-ES"
535839;2023-06-19;"segunda-feira";"13:50:00";"RS";285;255,5;"GENTIL";"Velocidade Incompatível";"Saída de leito carroçável";"Com Vítimas Feridas";"Pleno dia";"Decrescente";"Céu Claro";"Simples";"Reta";"Não";1;0;0;1;0;0;1;1;-28,306917;-52,030369;"SPRF-RS";"DEL08-RS";"UOP03-DEL08-RS"
535840;2023-07-14;"sexta-feira";"19:33:00";"RS";290;93;"PORTO ALEGRE";"Reação tardia ou ineficiente do condutor";"Colisão com objeto";"Com Vítimas Feridas";"Plena Noite";"Decrescente";"Vento";"Múltipla";"Reta";"Não";1;0;1;0;0;0;1;1;-29,970839;-51,187725;"SPRF-RS";"DEL01-RS";"UOP01-DEL01-RS"
535842;2023-05-30;"terça-feira";"18:00:00";"RS";285;194,8;"LAGOA VERMELHA";"Animais na Pista";"Atropelamento de Animal";"Com Vítimas Feridas";"Anoitecer";"Decrescente";"Céu Claro";"Simples";"Curva";"Não";1;0;0;1;0;0;1;1;-28,23378568;-51,50217467;"SPRF-RS";"DEL08-RS";"UOP05-DEL08-RS"
535844;2023-07-14;"sexta-feira";"19:00:00";"SP";116;184;"SANTA ISABEL";"Trafegar com motocicleta (ou similar) entre as faixas";"Colisão lateral mesmo sentido";"Com Vítimas Feridas";"Plena Noite";"Crescente";"Nublado";"Múltipla";"Aclive;Reta";"Sim";2;0;1;0;1;0;1;2;-23,35197301;-46,180058;"SPRF-SP";"DEL01-SP";"UOP01-DEL01-SP"
535846;2023-07-14;"sexta-feira";"15:20:00";"MA";316;606,2;"TIMON";"Condutor deixou de manter distância do veículo da frente";"Colisão traseira";"Com Vítimas Feridas";"Pleno dia";"Crescente";"Sol";"Simples";"Reta";"Não";5;0;1;0;4;0;1;2;-5,052005;-42,907932;"SPRF-MA";"DEL03-MA";"UOP02-DEL03-MA"
535847;2023-07-14;"sexta-feira";"19:55:00";"MG";50;19,5;"UBERLANDIA";"Desvio temporário";"Colisão com objeto";"Com Vítimas Feridas";"Plena Noite";"Crescente";"Nublado";"Dupla";"Desvio Temporário;Reta";"Não";3;0;2;0;1;0;2;1;-18,9247991;-48,18740845;"SPRF-MG";"DEL15-MG";"UOP01-DEL15-MG"
535848;2023-07-14;"sexta-feira";"18:50:00";"MG";365;672,3;"MONTE ALEGRE DE MINAS";"Acessar a via sem observar a presença dos outros veículos";"Colisão transversal";"Com Vítimas Feridas";"Plena Noite";"Crescente";"Céu Claro";"Dupla";"Retorno Regulamentado;Reta";"Não";6;0;4;1;1;0;5;3;-18,87305205;-48,75204563;"SPRF-MG";"DEL15-MG";"UOP01-DEL15-MG"
535851;2023-07-14;"sexta-feira";"19:20:00";"ES";101;70;"SAO MATEUS";"Acessar a via sem observar a presença dos outros veículos";"Colisão lateral mesmo sentido";"Com Vítimas Feridas";"Plena Noite";"Decrescente";"Céu Claro";"Simples";"Reta";"Sim";2;0;1;0;1;0;1;2;-18,74453703;-39,86164665;"SPRF-ES";"DEL04-ES";"UOP02-DEL04-ES"
535852;2023-07-14;"sexta-feira";"19:15:00";"RJ";116;207;"SEROPEDICA";"Reação tardia ou ineficiente do condutor";"Queda de ocupante de veículo";"Com Vítimas Feridas";"Plena Noite";"Decrescente";"Céu Claro";"Dupla";"Aclive;Em Obras";"Sim";1;0;1;0;0;0;1;1;-22,72513787;-43,65879893;"SPRF-RJ";"DEL01-RJ";"UOP03-DEL01-RJ"
535854;2023-07-14;"sexta-feira";"19:40:00";"MG";40;526;"CONTAGEM";"Manobra de mudança de faixa";"Colisão lateral mesmo sentido";"Com Vítimas Feridas";"Plena Noite";"Decrescente";"Céu Claro";"Dupla";"Interseção de Vias";"Sim";2;0;1;0;1;0;1;2;-19,89255399;-44,04985478;"SPRF-MG";"DEL01-MG";"UOP02-DEL01-MG"
535856;2023-07-14;"sexta-feira";"20:00:00";"PR";376;176;"MARINGA";"Trafegar com motocicleta (ou similar) entre as faixas";"Tombamento";"Com Vítimas Feridas";"Plena Noite";"Crescente";"Céu Claro";"Dupla";"Reta";"Sim";2;0;2;0;0;0;2;1;-23,41269173;-51,93158327;"SPRF-PR";"DEL09-PR";"UOP01-DEL09-PR"
535857;2023-07-14;"sexta-feira";"16:30:00";"RJ";356;16;"ITAPERUNA";"Acessar a via sem observar a presença dos outros veículos";"Colisão transversal";"Com Vítimas Feridas";"Pleno dia";"Decrescente";"Céu Claro";"Simples";"Reta";"Não";2;0;1;0;1;0;1;2;-21,17839935;-42,0467484;"SPRF-RJ";"DEL08-RJ";"UOP03-DEL08-RJ"
535859;2023-07-14;"sexta-feira";"19:30:00";"AL";316;92;"SANTANA DO IPANEMA";"Ingestão de álcool pelo condutor";"Colisão transversal";"Com Vítimas Feridas";"Plena Noite";"Decrescente";"Céu Claro";"Simples";"Declive;Reta";"Não";3;0;1;1;1;0;2;2;-9,38764328;-37,18896;"SPRF-AL";"DEL03-AL";"UOP02-DEL03-AL"
535861;2023-07-14;"sexta-feira";"21:05:00";"TO";153;493;"PARAISO DO TOCANTINS";"Acessar a via sem observar a presença dos outros veículos";"Colisão transversal";"Com Vítimas Feridas";"Plena Noite";"Crescente";"Céu Claro";"Simples";"Interseção de Vias";"Sim";2;0;1;0;1;0;1;2;-10,16527794;-48,88094578;"SPRF-TO";"DEL01-TO";"UOP01-DEL01-TO"
535863;2023-07-14;"sexta-feira";"20:30:00";"MG";381;3,5;"BETIM";"Demais falhas mecânicas ou elétricas";"Incêndio";"Sem Vítimas";"Plena Noite";"Crescente";"Nublado";"Dupla";"Declive;Reta";"Sim";1;0;0;0;1;0;0;1;-19,98656473;-44,17485058;"SPRF-MG";"DEL01-MG";"UOP03-DEL01-MG"
535865;2023-07-14;"sexta-feira";"21:00:00";"SC";280;41,1;"ARAQUARI";"Ultrapassagem Indevida";"Colisão frontal";"Com Vítimas Feridas";"Plena Noite";"Crescente";"Céu Claro";"Simples";"Reta";"Não";3;0;1;0;2;0;1;2;-26,45000366;-48,85790902;"SPRF-SC";"DEL03-SC";"UOP03-DEL03-SC"
535866;2023-07-14;"sexta-feira";"18:40:00";"RS";116;164,8;"CAXIAS DO SUL";"Ausência de reação do condutor";"Saída de leito carroçável";"Com Vítimas Feridas";"Plena Noite";"Decrescente";"Céu Claro";"Simples";"Reta";"Não";1;0;1;0;0;0;1;1;-29,26344857;-51,16113999;"SPRF-RS";"DEL05-RS";"UOP02-DEL05-RS"
535867;2023-07-14;"sexta-feira";"21:30:00";"BA";135;153;"RIACHAO DAS NEVES";"Reação tardia ou ineficiente do condutor";"Queda de ocupante de veículo";"Com Vítimas Feridas";"Plena Noite";"Crescente";"Céu Claro";"Simples";"Reta";"Não";2;0;1;1;0;0;2;1;-11,95936397;-44,91200507;"SPRF-BA";"DEL08-BA";"UOP04-DEL08-BA"
535868;2023-07-14;"sexta-feira";"20:20:00";"PA";308;151;"CAPANEMA";"Ausência de reação do condutor";"Colisão transversal";"Com Vítimas Feridas";"Plena Noite";"Crescente";"Céu Claro";"Simples";"Reta";"Sim";2;0;1;0;1;0;1;2;-1,21064;-47,182743;"SPRF-PA";"DEL01-PA";"UOP03-DEL01-PA"
535869;2023-07-14;"sexta-feira";"20:00:00";"RR";401;10;"CANTA";"Ausência de reação do condutor";"Colisão com objeto";"Com Vítimas Fatais";"Plena Noite";"Crescente";"Nublado";"Dupla";"Curva";"Não";1;1;0;0;0;0;0;1;2,810682;-60,611667;"SPRF-RR";"DEL01-RR";"UOP01-DEL01-RR"
535870;2023-07-14;"sexta-feira";"19:00:00";"SP";116;220;"GUARULHOS";"Reação tardia ou ineficiente do condutor";"Colisão traseira";"Com Vítimas Feridas";"Plena Noite";"Decrescente";"Céu Claro";"Múltipla";"Reta";"Sim";1;0;1;0;0;0;1;1;-23,46472809;-46,49793962;"SPRF-SP";"DEL01-SP";"UOP01-DEL01-SP"
535871;2023-07-14;"sexta-feira";"19:35:00";"SC";470;265;"CURITIBANOS";"Ultrapassagem Indevida";"Colisão frontal";"Com Vítimas Feridas";"Plena Noite";"Decrescente";"Céu Claro";"Simples";"Declive;Reta";"Não";5;0;0;1;4;0;1;2;-27,305662;-50,721737;"SPRF-SC";"DEL05-SC";"UOP03-DEL05-SC"
535872;2023-07-14;"sexta-feira";"21:45:00";"PI";343;12,6;"PARNAIBA";"Ultrapassagem Indevida";"Colisão lateral mesmo sentido";"Com Vítimas Feridas";"Plena Noite";"Decrescente";"Céu Claro";"Dupla";"Interseção de Vias";"Sim";3;0;1;0;2;0;1;2;-2,910035;-41,753662;"SPRF-PI";"DEL05-PI";"UOP01-DEL05-PI"
535874;2023-07-14;"sexta-feira";"19:45:00";"RJ";101;200,2;"CASIMIRO DE ABREU";"Acessar a via sem observar a presença dos outros veículos";"Colisão transversal";"Com Vítimas Feridas";"Plena Noite";"Crescente";"Nublado";"Dupla";"Reta";"Sim";3;0;1;0;2;0;1;2;-22,48294819;-42,14400217;"SPRF-RJ";"DEL08-RJ";"UOP04-DEL08-RJ"
535876;2023-07-14;"sexta-feira";"22:40:00";"MG";40;490,5;"ESMERALDAS";"Acumulo de areia ou detritos sobre o pavimento";"Tombamento";"Com Vítimas Feridas";"Plena Noite";"Crescente";"Céu Claro";"Dupla";"Retorno Regulamentado";"Não";2;0;1;1;0;0;2;1;-19,61998768;-44,20673771;"SPRF-MG";"DEL02-MG";"UOP01-DEL02-MG"
535877;2023-07-14;"sexta-feira";"07:40:00";"MG";40;528;"CONTAGEM";"Chuva";"Tombamento";"Com Vítimas Feridas";"Pleno dia";"Decrescente";"Chuva";"Múltipla";"Declive;Reta";"Sim";1;0;1;0;0;0;1;1;-19,90883179;-44,04436577;"SPRF-MG";"DEL01-MG";"UOP02-DEL01-MG"
535878;2023-07-14;"sexta-feira";"21:08:00";"MG";116;523,2;"CARATINGA";"Condutor deixou de manter distância do veículo da frente";"Colisão traseira";"Com Vítimas Feridas";"Plena Noite";"Decrescente";"Céu Claro";"Simples";"Reta";"Não";5;0;1;0;3;1;1;2;-19,75187896;-42,1326603;"SPRF-MG";"DEL06-MG";"UOP02-DEL06-MG"
535879;2023-07-14;"sexta-feira";"23:00:00";"MG";40;808,3;"MATIAS BARBOSA";"Reação tardia ou ineficiente do condutor";"Colisão com objeto";"Com Vítimas Feridas";"Plena Noite";"Crescente";"Céu Claro";"Dupla";"Reta";"Não";1;0;1;0;0;0;1;1;-21,86756732;-43,34916905;"SPRF-MG";"DEL05-MG";"UOP01-DEL05-MG"
535880;2023-07-14;"sexta-feira";"22:50:00";"RJ";465;2;"SEROPEDICA";"Animais na Pista";"Atropelamento de Animal";"Com Vítimas Feridas";"Plena Noite";"Decrescente";"Céu Claro";"Simples";"Reta";"Não";1;0;0;1;0;0;1;1;-22,727266;-43,718712;"SPRF-RJ";"DEL01-RJ";"UOP03-DEL01-RJ"
535881;2023-07-14;"sexta-feira";"21:55:00";"GO";60;23;"ALEXANIA";"Ingestão de álcool e/ou substâncias psicoativas pelo pedestre";"Saída de leito carroçável";"Sem Vítimas";"Plena Noite";"Crescente";"Céu Claro";"Dupla";"Reta";"Não";1;0;0;0;1;0;0;1;-16,0963;-48,5202;"SPRF-DF";"DEL03-DF";"UOP01-DEL03-DF"
535882;2023-07-14;"sexta-feira";"18:50:00";"MT";174;161;"GLORIA DOESTE";"Ultrapassagem Indevida";"Colisão frontal";"Com Vítimas Feridas";"Plena Noite";"Decrescente";"Céu Claro";"Simples";"Reta";"Não";2;0;1;0;1;0;1;2;-15,811;-58,404;"SPRF-MT";"DEL03-MT";"UOP01-DEL03-MT"
535885;2023-07-14;"sexta-feira";"22:45:00";"SC";280;133,3;"RIO NEGRINHO";"Animais na Pista";"Atropelamento de Animal";"Com Vítimas Feridas";"Plena Noite";"Crescente";"Céu Claro";"Simples";"Reta";"Não";1;0;1;0;0;0;1;1;-26,2746472;-49,5701623;"SPRF-SC";"DEL06-SC";"UOP03-DEL06-SC"