"id";"data_inversa";"dia_semana";"horario";"uf";"br";"km";"municipio";"causa_acidente";"tipo_acidente";"classificacao_acidente";"fase_dia";"sentido_via";"condicao_metereologica";"tipo_pista";"tracado_via";"uso_solo";"pessoas";"mortos";"feridos_leves";"feridos_graves";"ilesos";"ignorados";"feridos";"veiculos";"latitude";"longitude";"regional";"delegacia";"uop"
535886;2023-07-14;"sexta-feira";"18:00:00";"PI";343;256;"CAMPO MAIOR";"Ausência de reação do condutor";"Queda de ocupante de veículo";"Com Vítimas Feridas";"Anoitecer";"Crescente";"Ignorado";"Simples";"Reta";"Não";1;0;1;0;0;0;1;1;-4,777813;-42,115211;"SPRF-PI";"DEL01-PI";"UOP03-DEL01-PI"
535887;2023-07-14;"sexta-feira";"20:00:00";"PB";230;282,2;"SANTA LUZIA";"Ultrapassagem Indevida";"Colisão frontal";"Com Vítimas Fatais";"Plena Noite";"Crescente";"Céu Claro";"Simples";"Declive;Curva";"Não";6;1;1;4;0;0;5;2;-6,9203;-36,8532;"SPRF-PB";"DEL03-PB";"UOP01-DEL03-PB"
535889;2023-07-14;"sexta-feira";"19:40:00";"RJ";101;456;"ANGRA DOS REIS";"Acessar a via sem observar a presença dos outros veículos";"Colisão transversal";"Com Vítimas Feridas";"Plena Noite";"Crescente";"Nublado";"Simples";"Reta";"Sim";2;0;2;0;0;0;2;2;-23,03288558;-44,16793391;"SPRF-RJ";"DEL03-RJ";"UOP02-DEL03-RJ"
535891;2023-07-14;"sexta-feira";"22:40:00";"SC";101;43;"JOINVILLE";"Manobra de mudança de faixa";"Colisão lateral mesmo sentido";"Com Vítimas Feridas";"Plena Noite";"Decrescente";"Céu Claro";"Dupla";"Reta";"Sim";2;0;1;0;1;0;1;2;-26,30357106;-48,88225609;"SPRF-SC";"DEL03-SC";"UOP01-DEL03-SC"
535893;2023-07-15;"sábado";"00:05:00";"RS";158;323,8;"SANTA MARIA";"Reação tardia ou ineficiente do condutor";"Colisão com objeto";"Com Vítimas Feridas";"Plena Noite";"Crescente";"Céu Claro";"Dupla";"Reta";"Não";1;0;1;0;0;0;1;1;-29,70040167;-53,79166961;"SPRF-RS";"DEL09-RS";"UOP01-DEL09-RS"
535898;2023-07-14;"sexta-feira";"23:30:00";"RS";158;334;"SANTA MARIA";"Ausência de reação do condutor";"Colisão com objeto";"Com Vítimas Feridas";"Plena Noite";"Decrescente";"Céu Claro";"Simples";"Reta";"Não";2;0;0;1;1;0;1;2;-29,7077371;-53,8726389;"SPRF-RS";"DEL09-RS";"UOP01-DEL09-RS"
535900;2023-07-15;"sábado";"00:10:00";"PR";369;176;"ROLANDIA";"Ausência de reação do condutor";"Queda de ocupante de veículo";"Com Vítimas Feridas";"Plena Noite";"Crescente";"Céu Claro";"Simples";"Interseção de Vias";"Sim";1;0;1;0;0;0;1;1;-23,33333;-51,388927;"SPRF-PR";"DEL07-PR";"UOP01-DEL07-PR"
535901;2023-07-15;"sábado";"00:43:00";"ES";101;293,6;"CARIACICA";"Ausência de reação do condutor";"Queda de ocupante de veículo";"Com Vítimas Feridas";"Plena Noite";"Decrescente";"Céu Claro";"Dupla";"Em Obras;Curva";"Sim";1;0;0;1;0;0;1;1;-20,30650512;-40,39488717;"SPRF-ES";"DEL01-ES";"UOP01-DEL01-ES"
535903;2023-07-15;"sábado";"00:20:00";"RO";364;237,5;"CACOAL";"Ingestão de álcool pelo condutor";"Saída de leito carroçável";"Sem Vítimas";"Plena Noite";"Decrescente";"Céu Claro";"Simples";"Reta;Aclive";"Sim";1;0;0;0;1;0;0;1;-11,440159;-61,452529;"SPRF-RO";"DEL02-RO";"UOP02-DEL02-RO"
535904;2023-07-14;"sexta-feira";"23:20:00";"MG";381;227;"BELO ORIENTE";"Animais na Pista";"Atropelamento de Animal";"Com Vítimas Feridas";"Plena Noite";"Decrescente";"Ignorado";"Simples";"Reta";"Não";1;0;1;0;0;0;1;1;-19,30714797;-42,38845479;"SPRF-MG";"DEL06-MG";"UOP01-DEL06-MG"
535907;2023-07-15;"sábado";"00:20:00";"SC";101;317,5;"PESCARIA BRAVA";"Ausência de reação do condutor";"Colisão traseira";"Com Vítimas Fatais";"Plena Noite";"Decrescente";"Céu Claro";"Múltipla";"Reta";"Sim";5;1;0;0;3;1;0;5;-28,4300931;-48,8737999;"SPRF-SC";"DEL02-SC";"UOP01-DEL02-SC"
535908;2023-07-15;"sábado";"01:50:00";"SC";101;137;"BALNEARIO CAMBORIU";"Ingestão de álcool pelo condutor";"Saída de leito carroçável";"Com Vítimas Feridas";"Plena Noite";"Crescente";"Nublado";"Múltipla";"Interseção de Vias;Viaduto";"Sim";1;0;0;1;0;0;1;1;-27,0157238;-48,61192763;"SPRF-SC";"DEL04-SC";"UOP03-DEL04-SC"
535909;2023-07-15;"sábado";"03:00:00";"GO";50;279,9;"CATALAO";"Ingestão de álcool e/ou substâncias psicoativas pelo pedestre";"Colisão frontal";"Sem Vítimas";"Plena Noite";"Decrescente";"Céu Claro";"Simples";"Reta";"Sim";2;0;0;0;0;2;0;2;-18,1739;-47,9289;"SPRF-GO";"DEL06-GO";"UOP01-DEL06-GO"
535910;2023-07-15;"sábado";"03:35:00";"SP";116;222;"GUARULHOS";"Entrada inopinada do pedestre";"Atropelamento de Pedestre";"Com Vítimas Fatais";"Plena Noite";"Decrescente";"Céu Claro";"Múltipla";"Reta";"Sim";2;1;0;0;1;0;0;2;-23,46802395;-46,50704901;"SPRF-SP";"DEL01-SP";"UOP01-DEL01-SP"
535911;2023-07-15;"sábado";"02:45:00";"RJ";116;146;"DUQUE DE CAXIAS";"Reação tardia ou ineficiente do condutor";"Colisão traseira";"Com Vítimas Feridas";"Plena Noite";"Crescente";"Céu Claro";"Dupla";"Reta";"Sim";2;0;2;0;0;0;2;2;-22,66687859;-43,26368215;"SPRF-RJ";"DEL01-RJ";"UOP01-DEL01-RJ"
535913;2023-07-15;"sábado";"03:25:00";"RS";386;276;"FONTOURA XAVIER";"Ausência de reação do condutor";"Colisão com objeto";"Sem Vítimas";"Plena Noite";"Crescente";"Nevoeiro/Neblina";"Simples";"Curva;Ponte";"Não";1;0;0;0;0;1;0;1;-29,007221;-52,338665;"SPRF-RS";"DEL04-RS";"UOP03-DEL04-RS"
535915;2023-07-15;"sábado";"03:45:00";"GO";153;667;"GOIATUBA";"Reação tardia ou ineficiente do condutor";"Capotamento";"Com Vítimas Feridas";"Plena Noite";"Decrescente";"Céu Claro";"Dupla";"Curva;Aclive";"Não";1;0;1;0;0;0;1;1;-18,1156;-49,2796;"SPRF-GO";"DEL03-GO";"UOP02-DEL03-GO"
535916;2023-07-15;"sábado";"02:20:00";"RJ";101;330;"RIO DE JANEIRO";"Ausência de reação do condutor";"Colisão com objeto";"Com Vítimas Feridas";"Plena Noite";"Decrescente";"Nublado";"Dupla";"Reta";"Não";1;0;1;0;0;0;1;1;-22,8684989;-43,18548699;"SPRF-RJ";"DEL02-RJ";"UOP01-DEL02-RJ"
535917;2023-07-15;"sábado";"03:30:00";"SC";101;323;"CAPIVARI DE BAIXO";"Ingestão de álcool pelo condutor";"Colisão com objeto";"Sem Vítimas";"Plena Noite";"Crescente";"Nublado";"Dupla";"Curva;Interseção de Vias";"Sim";1;0;0;0;1;0;0;1;-28,42499285;-48,93415153;"SPRF-SC";"DEL02-SC";"UOP01-DEL02-SC"
535920;2023-07-15;"sábado";"03:20:00";"MA";135;99;"ITAPECURU MIRIM";"Ausência de reação do condutor";"Saída de leito carroçável";"Sem Vítimas";"Plena Noite";"Decrescente";"Céu Claro";"Simples";"Curva;Desvio Temporário;Em Obras";"Não";1;0;0;0;1;0;0;1;-3,35516577;-44,46633026;"SPRF-MA";"DEL01-MA";"UOP02-DEL01-MA"
535921;2023-07-15;"sábado";"04:40:00";"RS";116;231;"IVOTI";"Ingestão de álcool pelo condutor";"Colisão com objeto";"Sem Vítimas";"Plena Noite";"Decrescente";"Nevoeiro/Neblina";"Simples";"Aclive;Reta";"Sim";1;0;0;0;0;1;0;1;-29,62566985;-51,13672256;"SPRF-RS";"DEL01-RS";"UOP02-DEL01-RS"
535922;2023-07-15;"sábado";"04:55:00";"PB";101;102;"ALHANDRA";"Ausência de reação do condutor";"Colisão com objeto";"Com Vítimas Feridas";"Amanhecer";"Decrescente";"Nublado";"Dupla";"Curva";"Não";2;0;2;0;0;0;2;1;-7,28265304;-34,9393864;"SPRF-PB";"DEL01-PB";"UOP02-DEL01-PB"
535924;2023-07-15;"sábado";"04:50:00";"SC";282;503,5;"XANXERE";"Ingestão de álcool pelo condutor";"Saída de leito carroçável";"Sem Vítimas";"Plena Noite";"Crescente";"Nevoeiro/Neblina";"Dupla";"Curva";"Sim";1;0;0;0;0;1;0;1;-26,88492;-52,399788;"SPRF-SC";"DEL07-SC";"UOP01-DEL07-SC"
535925;2023-07-15;"sábado";"04:40:00";"SP";381;49;"ATIBAIA";"Ausência de reação do condutor";"Colisão com objeto";"Sem Vítimas";"Plena Noite";"Crescente";"Céu Claro";"Dupla";"Reta";"Sim";1;0;0;0;0;1;0;1;-23,20535293;-46,59066516;"SPRF-SP";"DEL03-SP";"UOP01-DEL03-SP"
535926;2023-07-15;"sábado";"05:30:00";"PE";316;80;"OURICURI";"Ausência de reação do condutor";"Saída de leito carroçável";"Com Vítimas Fatais";"Pleno dia";"Crescente";"Céu Claro";"Simples";"Reta";"Não";4;1;0;3;0;0;3;1;-7,86203027;-40,10893727;"SPRF-PE";"DEL05-PE";"UOP02-DEL05-PE"
535927;2023-07-15;"sábado";"05:30:00";"MG";262;357,8;"BETIM";"Animais na Pista";"Atropelamento de Animal";"Com Vítimas Fatais";"Amanhecer";"Decrescente";"Céu Claro";"Dupla";"Declive;Reta";"Não";1;1;0;0;0;0;0;1;-19,9835933;-44,23636436;"SPRF-MG";"DEL01-MG";"UOP03-DEL01-MG"
535928;2023-07-15;"sábado";"03:45:00";"MT";163;755;"SORRISO";"Reação tardia ou ineficiente do condutor";"Saída de leito carroçável";"Com Vítimas Feridas";"Amanhecer";"Decrescente";"Céu Claro";"Dupla";"Declive;Reta";"Sim";1;0;0;1;0;0;1;1;-12,527278;-55,703525;"SPRF-MT";"DEL06-MT";"UOP01-DEL06-MT"
535929;2023-07-14;"sexta-feira";"23:30:00";"BA";101;130;"TEODORO SAMPAIO";"Reação tardia ou ineficiente do condutor";"Saída de leito carroçável";"Com Vítimas Feridas";"Plena Noite";"Decrescente";"Céu Claro";"Simples";"Curva";"Não";1;0;1;0;0;0;1;1;-12,223756;-38,62045102;"SPRF-BA";"DEL01-BA";"UOP04-DEL01-BA"
535930;2023-07-15;"sábado";"05:30:00";"SC";280;35;"ARAQUARI";"Velocidade Incompatível";"Saída de leito carroçável";"Sem Vítimas";"Plena Noite";"Crescente";"Céu Claro";"Simples";"Curva";"Não";1;0;0;0;0;1;0;1;-26,43447549;-48,80453914;"SPRF-SC";"DEL03-SC";"UOP03-DEL03-SC"
535931;2023-07-15;"sábado";"04:30:00";"SC";282;630;"DESCANSO";"Ausência de reação do condutor";"Saída de leito carroçável";"Sem Vítimas";"Plena Noite";"Decrescente";"Nevoeiro/Neblina";"Simples";"Curva";"Não";2;0;0;0;0;2;0;2;-26,822149;-53,384697;"SPRF-SC";"DEL07-SC";"UOP03-DEL07-SC"
535934;2023-07-15;"sábado";"04:55:00";"GO";153;126;"ESTRELA DO NORTE";"Ingestão de álcool pelo condutor";"Queda de ocupante de veículo";"Com Vítimas Feridas";"Plena Noite";"Crescente";"Céu Claro";"Simples";"Reta";"Não";1;0;1;0;0;0;1;1;-13,875472;-49,053455;"SPRF-GO";"DEL07-GO";"UOP01-DEL07-GO"
535935;2023-07-15;"sábado";"07:00:00";"TO";153;384;"RIO DOS BOIS";"Ausência de reação do condutor";"Saída de leito carroçável";"Com Vítimas Feridas";"Pleno dia";"Decrescente";"Céu Claro";"Simples";"Curva";"Não";5;0;2;0;3;0;2;1;-9,30444;-48,549826;"SPRF-TO";"DEL02-TO";"UOP02-DEL02-TO"
535936;2023-07-15;"sábado";"05:30:00";"MG";40;824,6;"SIMAO PEREIRA";"Avarias e/ou desgaste excessivo no pneu";"Saída de leito carroçável";"Com Vítimas Feridas";"Amanhecer";"Crescente";"Nublado";"Dupla";"Declive;Curva";"Não";1;0;1;0;0;0;1;1;-21,96689732;-43,29126511;"SPRF-MG";"DEL05-MG";"UOP01-DEL05-MG"
535937;2023-07-14;"sexta-feira";"23:15:00";"MG";116;609;"SAO JOAO DO MANHUACU";"Reação tardia ou ineficiente do condutor";"Tombamento";"Com Vítimas Feridas";"Plena Noite";"Decrescente";"Céu Claro";"Simples";"Reta";"Não";1;0;1;0;0;0;1;1;-20,41975203;-42,15528759;"SPRF-MG";"DEL06-MG";"UOP03-DEL06-MG"
535938;2023-07-15;"sábado";"05:00:00";"MS";267;482;"JARDIM";"Ausência de reação do condutor";"Colisão com objeto";"Com Vítimas Feridas";"Amanhecer";"Decrescente";"Nublado";"Simples";"Rotatória";"Sim";2;0;2;0;0;0;2;1;-21,483202;-56,145895;"SPRF-MS";"DEL05-MS";"UOP01-DEL05-MS"
535939;2023-07-15;"sábado";"07:30:00";"PE";101;39;"IGARASSU";"Acesso irregular";"Colisão transversal";"Com Vítimas Feridas";"Pleno dia";"Crescente";"Sol";"Múltipla";"Reta;Declive";"Não";4;0;2;0;2;0;2;2;-7,81259899;-34,91890497;"SPRF-PE";"DEL01-PE";"UOP02-DEL01-PE"
535941;2023-07-15;"sábado";"07:40:00";"ES";101;271,5;"SERRA";"Manobra de mudança de faixa";"Colisão traseira";"Com Vítimas Feridas";"Pleno dia";"Decrescente";"Céu Claro";"Dupla";"Reta";"Não";3;0;0;1;2;0;1;2;-20,23267;-40,27658;"SPRF-ES";"DEL02-ES";"UOP01-DEL02-ES"
535947;2023-07-15;"sábado";"08:10:00";"MG";116;275;"TEOFILO OTONI";"Ausência de reação do condutor";"Colisão traseira";"Com Vítimas Feridas";"Amanhecer";"Crescente";"Céu Claro";"Simples";"Reta";"Sim";2;0;1;0;1;0;1;2;-17,84235093;-41,51410418;"SPRF-MG";"DEL11-MG";"UOP01-DEL11-MG"
535950;2023-07-15;"sábado";"07:30:00";"CE";20;331,3;"CARIDADE";"Reação tardia ou ineficiente do condutor";"Engavetamento";"Com Vítimas Feridas";"Pleno dia";"Crescente";"Céu Claro";"Simples";"Reta";"Não";4;0;1;0;3;0;1;3;-4,1919981;-39,17945881;"SPRF-CE";"DEL02-CE";"UOP01-DEL02-CE"
535952;2023-07-15;"sábado";"08:30:00";"RN";101;124;"SAO JOSE DE MIPIBU";"Acessar a via sem observar a presença dos outros veículos";"Colisão lateral mesmo sentido";"Com Vítimas Feridas";"Pleno dia";"Crescente";"Céu Claro";"Dupla";"Reta";"Sim";2;0;1;0;1;0;1;2;-6,07213798;-35,2352947;"SPRF-RN";"DEL01-RN";"UOP01-DEL01-RN"
535954;2023-07-15;"sábado";"08:30:00";"RJ";40;109,3;"DUQUE DE CAXIAS";"Reação tardia ou ineficiente do condutor";"Colisão lateral mesmo sentido";"Com Vítimas Feridas";"Pleno dia";"Decrescente";"Céu Claro";"Múltipla";"Reta";"Sim";3;0;1;0;2;0;1;2;-22,67374628;-43,28638368;"SPRF-RJ";"DEL01-RJ";"UOP01-DEL01-RJ"
535955;2023-07-15;"sábado";"09:00:00";"MG";40;532;"BELO HORIZONTE";"Trafegar com motocicleta (ou similar) entre as faixas";"Colisão lateral mesmo sentido";"Com Vítimas Feridas";"Pleno dia";"Crescente";"Céu Claro";"Dupla";"Reta";"Sim";6;0;2;0;4;0;2;2;-19,92372561;-44,01700789;"SPRF-MG";"DEL01-MG";"UOP02-DEL01-MG"
535956;2023-07-15;"sábado";"09:19:00";"MG";381;634,8;"OLIVEIRA";"Velocidade Incompatível";"Saída de leito carroçável";"Com Vítimas Feridas";"Pleno dia";"Decrescente";"Sol";"Dupla";"Curva";"Não";2;0;1;0;1;0;1;1;-20,87602422;-44,84695195;"SPRF-MG";"DEL04-MG";"UOP01-DEL04-MG"
535957;2023-07-15;"sábado";"08:49:00";"MG";116;595,8;"SAO JOAO DO MANHUACU";"Ausência de reação do condutor";"Colisão traseira";"Sem Vítimas";"Pleno dia";"Decrescente";"Céu Claro";"Simples";"Reta";"Não";2;0;0;0;1;1;0;2;-20,29516807;-42,14747044;"SPRF-MG";"DEL06-MG";"UOP03-DEL06-MG"
535958;2023-07-15;"sábado";"05:00:00";"PR";277;312;"GUARAPUAVA";"Ausência de reação do condutor";"Saída de leito carroçável";"Com Vítimas Feridas";"Plena Noite";"Decrescente";"Nublado";"Simples";"Curva";"Não";1;0;1;0;0;0;1;1;-25,338795;-51,21587;"SPRF-PR";"DEL08-PR";"UOP01-DEL08-PR"
535959;2023-07-15;"sábado";"07:00:00";"RS";472;411;"SAO BORJA";"Ingestão de álcool pelo condutor";"Colisão com objeto";"Com Vítimas Feridas";"Amanhecer";"Crescente";"Nublado";"Simples";"Ponte";"Não";1;0;1;0;0;0;1;1;-28,71384895;-56,00761613;"SPRF-RS";"DEL12-RS";"UOP01-DEL12-RS"
535960;2023-07-15;"sábado";"07:30:00";"RO";364;354;"JI-PARANA";"Ausência de reação do condutor";"Capotamento";"Com Vítimas Feridas";"Pleno dia";"Decrescente";"Céu Claro";"Simples";"Declive;Reta";"Não";4;0;2;0;2;0;2;1;-10,81618198;-62,01768595;"SPRF-RO";"DEL02-RO";"UOP01-DEL02-RO"
535961;2023-07-15;"sábado";"08:15:00";"TO";153;670,4;"GURUPI";"Reação tardia ou ineficiente do condutor";"Queda de ocupante de veículo";"Com Vítimas Feridas";"Pleno dia";"Decrescente";"Céu Claro";"Simples";"Reta";"Não";2;0;0;1;1;0;1;1;-11,70998005;-49,07471975;"SPRF-TO";"DEL01-TO";"UOP02-DEL01-TO"
535963;2023-07-15;"sábado";"09:20:00";"MS";267;29,2;"BATAGUASSU";"Acessar a via sem observar a presença dos outros veículos";"Colisão transversal";"Com Vítimas Feridas";"Pleno dia";"Decrescente";"Sol";"Múltipla";"Reta";"Sim";2;0;1;0;1;0;1;2;-21,71982031;-52,423208;"SPRF-MS";"DEL02-MS";"UOP04-DEL02-MS"
535964;2023-07-15;"sábado";"07:40:00";"BA";330;875,8;"IBIRAPITANGA";"Pista esburacada";"Saída de leito carroçável";"Com Vítimas Feridas";"Pleno dia";"Crescente";"Céu Claro";"Simples";"Curva";"Não";4;0;4;0;0;0;4;1;-14,22645747;-39,46281577;"SPRF-BA";"DEL05-BA";"UOP01-DEL05-BA"
535965;2023-07-15;"sábado";"08:00:00";"RJ";116;186;"NOVA IGUACU";"Manobra de mudança de faixa";"Colisão lateral mesmo sentido";"Com Vítimas Feridas";"Pleno dia";"Decrescente";"Céu Claro";"Dupla";"Reta";"Sim";2;0;0;1;1;0;1;2;-22,73962339;-43,46276495;"SPRF-RJ";"DEL01-RJ";"UOP02-DEL01-RJ"
535966;2023-07-15;"sábado";"09:30:00";"DF";40;4,5;"BRASILIA";"Ausência de reação do condutor";"Colisão traseira";"Com Vítimas Feridas";"Pleno dia";"Decrescente";"Céu Claro";"Dupla";"Reta";"Sim";6;0;0;4;1;1;4;3;-16,012033;-47,982124;"SPRF-DF";"DEL01-DF";"UOP01-DEL01-DF"
535969;2023-07-15;"sábado";"08:00:00";"MS";163;9;"MUNDO NOVO";"Ausência de reação do condutor";"Saída de leito carroçável";"Sem Vítimas";"Pleno dia";"Crescente";"Céu Claro";"Simples";"Declive";"Não";1;0;0;0;0;1;0;1;-23,98707101;-54,33136162;"SPRF-MS";"DEL09-MS";"UOP02-DEL09-MS"
535970;2023-07-15;"sábado";"11:00:00";"RS";392;349;"SANTA MARIA";"Acessar a via sem observar a presença dos outros veículos";"Colisão transversal";"Com Vítimas Feridas";"Pleno dia";"Crescente";"Céu Claro";"Dupla";"Retorno Regulamentado;Reta";"Sim";4;0;0;1;3;0;1;2;-29,74190156;-53,79390121;"SPRF-RS";"DEL09-RS";"UOP01-DEL09-RS"
535971;2023-07-15;"sábado";"11:00:00";"MG";40;517,5;"RIBEIRAO DAS NEVES";"Acessar a via sem observar a presença dos outros veículos";"Colisão transversal";"Com Vítimas Feridas";"Pleno dia";"Crescente";"Céu Claro";"Dupla";"Reta";"Sim";2;0;1;0;1;0;1;2;-19,82351202;-44,08438913;"SPRF-MG";"DEL01-MG";"UOP02-DEL01-MG"
535973;2023-07-15;"sábado";"10:20:00";"PE";428;187;"PETROLINA";"Condutor desrespeitou a iluminação vermelha do semáforo";"Colisão transversal";"Com Vítimas Feridas";"Pleno dia";"Decrescente";"Céu Claro";"Dupla";"Reta";"Sim";3;0;2;0;1;0;2;2;-9,37806197;-40,50431728;"SPRF-PE";"DEL06-PE";"UOP01-DEL06-PE"
535974;2023-07-15;"sábado";"09:40:00";"RO";364;492;"ARIQUEMES";"Reação tardia ou ineficiente do condutor";"Colisão traseira";"Sem Vítimas";"Pleno dia";"Decrescente";"Céu Claro";"Simples";"Reta";"Não";7;0;0;0;7;0;0;2;-10,09560911;-62,96269506;"SPRF-RO";"DEL03-RO";"UOP01-DEL03-RO"
535975;2023-07-15;"sábado";"09:00:00";"PE";101;51;"ABREU E LIMA";"Manobra de mudança de faixa";"Colisão lateral mesmo sentido";"Com Vítimas Feridas";"Pleno dia";"Decrescente";"Céu Claro";"Múltipla";"Reta";"Sim";2;0;1;0;1;0;1;2;-7,9169968;-34,89689272;"SPRF-PE";"DEL01-PE";"UOP02-DEL01-PE"
535976;2023-07-15;"sábado";"12:10:00";"MG";381;486;"BETIM";"Trafegar com motocicleta (ou similar) entre as faixas";"Colisão lateral mesmo sentido";"Com Vítimas Feridas";"Pleno dia";"Crescente";"Céu Claro";"Dupla";"Reta;Aclive";"Sim";2;0;1;0;1;0;1;2;-19,95644414;-44,13611598;"SPRF-MG";"DEL01-MG";"UOP03-DEL01-MG"
535977;2023-07-15;"sábado";"11:20:00";"BA";116;633;"JAGUAQUARA";"Acessar a via sem observar a presença dos outros veículos";"Colisão transversal";"Com Vítimas Feridas";"Pleno dia";"Crescente";"Céu Claro";"Simples";"Reta;Retorno Regulamentado";"Sim";4;0;2;2;0;0;4;2;-13,47539479;-40,03995749;"SPRF-BA";"DEL03-BA";"UOP01-DEL03-BA"
535978;2023-07-15;"sábado";"12:05:00";"SP";116;414;"JUQUIA";"Transitar na contramão";"Colisão frontal";"Com Vítimas Feridas";"Pleno dia";"Decrescente";"Sol";"Dupla";"Curva";"Não";3;0;2;0;1;0;2;2;-24,33131934;-47,63023853;"SPRF-SP";"DEL05-SP";"UOP01-DEL05-SP"
535980;2023-07-15;"sábado";"12:50:00";"PI";343;340;"TERESINA";"Ausência de reação do condutor";"Saída de leito carroçável";"Com Vítimas Feridas";"Pleno dia";"Decrescente";"Céu Claro";"Dupla";"Curva";"Sim";3;0;3;0;0;0;3;1;-5,067146;-42,730965;"SPRF-PI";"DEL01-PI";"UOP01-DEL01-PI"
535982;2023-07-15;"sábado";"11:50:00";"SC";470;62,9;"INDAIAL";"Conversão proibida";"Colisão transversal";"Com Vítimas Feridas";"Pleno dia";"Crescente";"Céu Claro";"Simples";"Aclive;Reta";"Não";3;0;2;0;1;0;2;2;-26,874521;-49,182938;"SPRF-SC";"DEL04-SC";"UOP01-DEL04-SC"
535983;2023-07-15;"sábado";"12:20:00";"DF";80;11;"BRASILIA";"Acessar a via sem observar a presença dos outros veículos";"Colisão transversal";"Com Vítimas Feridas";"Pleno dia";"Crescente";"Céu Claro";"Simples";"Aclive;Reta";"Não";5;0;3;0;2;0;3;2;-15,730927;-48,177082;"SPRF-DF";"DEL03-DF";"UOP02-DEL03-DF"
535984;2023-07-15;"sábado";"13:10:00";"ES";101;288,8;"CARIACICA";"Reação tardia ou ineficiente do condutor";"Colisão lateral mesmo sentido";"Com Vítimas Feridas";"Pleno dia";"Crescente";"Nublado";"Dupla";"Retorno Regulamentado";"Sim";3;0;1;0;2;0;1;2;-20,27160351;-40,39091743;"SPRF-ES";"DEL01-ES";"UOP01-DEL01-ES"
535986;2023-07-15;"sábado";"13:40:00";"MG";40;145,2;"JOAO PINHEIRO";"Acessar a via sem observar a presença dos outros veículos";"Colisão transversal";"Com Vítimas Feridas";"Pleno dia";"Crescente";"Céu Claro";"Simples";"Reta";"Não";5;0;3;0;2;0;3;2;-17,75566262;-46,16329585;"SPRF-MG";"DEL14-MG";"UOP02-DEL14-MG"
535987;2023-07-15;"sábado";"11:50:00";"SC";282;28,3;"SANTO AMARO DA IMPERATRIZ";"Ultrapassagem Indevida";"Colisão lateral mesmo sentido";"Com Vítimas Feridas";"Pleno dia";"Crescente";"Céu Claro";"Simples";"Rotatória";"Sim";3;0;2;0;1;0;2;2;-27,67478;-48,778904;"SPRF-SC";"DEL01-SC";"UOP03-DEL01-SC"
535989;2023-07-15;"sábado";"11:47:00";"SC";282;490,1;"FAXINAL DOS GUEDES";"Reação tardia ou ineficiente do condutor";"Saída de leito carroçável";"Sem Vítimas";"Pleno dia";"Crescente";"Céu Claro";"Simples";"Curva";"Não";2;0;0;0;2;0;0;1;-26,874599;-52,282806;"SPRF-SC";"DEL07-SC";"UOP01-DEL07-SC"
535994;2023-07-15;"sábado";"08:50:00";"MA";222;310,7;"VITORIA DO MEARIM";"Ultrapassagem Indevida";"Colisão frontal";"Com Vítimas Feridas";"Amanhecer";"Crescente";"Céu Claro";"Simples";"Reta";"Não";2;0;1;1;0;0;2;2;-3,54716917;-44,90510491;"SPRF-MA";"DEL02-MA";"UOP01-DEL02-MA"
535995;2023-07-15;"sábado";"14:10:00";"RS";285;293;"PASSO FUNDO";"Acessar a via sem observar a presença dos outros veículos";"Colisão transversal";"Com Vítimas Feridas";"Pleno dia";"Crescente";"Sol";"Dupla";"Interseção de Vias";"Não";2;0;0;1;1;0;1;2;-28,236645;-52,375156;"SPRF-RS";"DEL08-RS";"UOP03-DEL08-RS"
535996;2023-07-15;"sábado";"13:30:00";"PI";343;343;"TERESINA";"Desrespeitar a preferência no cruzamento";"Colisão transversal";"Com Vítimas Feridas";"Pleno dia";"Decrescente";"Céu Claro";"Simples";"Rotatória;Viaduto;Interseção de Vias";"Sim";3;0;1;0;2;0;1;2;-5,09061;-42,76068;"SPRF-PI";"DEL01-PI";"UOP01-DEL01-PI"
535997;2023-07-15;"sábado";"12:15:00";"MS";163;838;"SONORA";"Pista Escorregadia";"Saída de leito carroçável";"Com Vítimas Feridas";"Pleno dia";"Crescente";"Céu Claro";"Simples";"Reta";"Não";2;0;1;0;1;0;1;1;-17,591269;-54,74493;"SPRF-MS";"DEL06-MS";"UOP01-DEL06-MS"
535998;2023-07-15;"sábado";"13:20:00";"MG";116;115,9;"ITAOBIM";"Acessar a via sem observar a presença dos outros veículos";"Colisão traseira";"Com Vítimas Feridas";"Pleno dia";"Crescente";"Nublado";"Simples";"Interseção de Vias";"Sim";3;0;1;0;2;0;1;2;-16,55656498;-41,50192905;"SPRF-MG";"DEL11-MG";"UOP02-DEL11-MG"
536001;2023-07-15;"sábado";"14:50:00";"DF";70;7;"BRASILIA";"Manobra de mudança de faixa";"Colisão traseira";"Com Vítimas Feridas";"Pleno dia";"Decrescente";"Céu Claro";"Dupla";"Reta";"Não";2;0;1;0;1;0;1;2;-15,787601;-48,114429;"SPRF-DF";"DEL03-DF";"UOP02-DEL03-DF"
536002;2023-07-15;"sábado";"14:05:00";"DF";60;22,2;"BRASILIA";"Ausência de reação do condutor";"Saída de leito carroçável";"Com Vítimas Feridas";"Pleno dia";"Decrescente";"Céu Claro";"Dupla";"Reta";"Não";2;0;2;0;0;0;2;1;-15,984106;-48,215378;"SPRF-DF";"DEL03-DF";"UOP01-DEL03-DF"