"id";"data_inversa";"dia_semana";"horario";"uf";"br";"km";"municipio";"causa_acidente";"tipo_acidente";"classificacao_acidente";"fase_dia";"sentido_via";"condicao_metereologica";"tipo_pista";"tracado_via";"uso_solo";"pessoas";"mortos";"feridos_leves";"feridos_graves";"ilesos";"ignorados";"feridos";"veiculos";"latitude";"longitude";"regional";"delegacia";"uop"
536003;2023-07-15;"sábado";"14:00:00";"ES";101;70;"SAO MATEUS";"Acessar a via sem observar a presença dos outros veículos";"Colisão traseira";"Sem Vítimas";"Pleno dia";"Crescente";"Nublado";"Simples";"Reta";"Sim";1;0;0;0;1;0;0;1;-18,74453703;-39,86164665;"SPRF-ES";"DEL04-ES";"UOP02-DEL04-ES"
536004;2023-07-15;"sábado";"14:30:00";"BA";116;858;"VITORIA DA CONQUISTA";"Desrespeitar a preferência no cruzamento";"Colisão transversal";"Com Vítimas Feridas";"Pleno dia";"Decrescente";"Céu Claro";"Simples";"Reta;Rotatória";"Não";3;0;1;0;2;0;1;2;-15,046301;-40,973644;"SPRF-BA";"DEL08-BA";"UOP01-DEL08-BA"
536005;2023-07-15;"sábado";"15:00:00";"PB";230;178;"POCINHOS";"Condutor deixou de manter distância do veículo da frente";"Colisão traseira";"Com Vítimas Feridas";"Pleno dia";"Decrescente";"Céu Claro";"Simples";"Reta";"Não";3;0;1;2;0;0;3;2;-7,1653;-36,0493;"SPRF-PB";"DEL02-PB";"UOP02-DEL02-PB"
536006;2023-07-15;"sábado";"14:55:00";"SC";101;148,5;"ITAPEMA";"Ausência de reação do condutor";"Colisão traseira";"Com Vítimas Feridas";"Pleno dia";"Crescente";"Céu Claro";"Simples";"Reta";"Sim";2;0;1;0;1;0;1;2;-27,10123686;-48,61807962;"SPRF-SC";"DEL04-SC";"UOP03-DEL04-SC"
536007;2023-07-15;"sábado";"15:30:00";"GO";20;225;"POSSE";"Acessar a via sem observar a presença dos outros veículos";"Colisão transversal";"Com Vítimas Fatais";"Pleno dia";"Crescente";"Céu Claro";"Simples";"Curva;Aclive";"Sim";3;1;1;0;1;0;1;2;-14,153014;-46,325546;"SPRF-DF";"DEL02-DF";"UOP03-DEL02-DF"
536008;2023-07-15;"sábado";"13:55:00";"RS";116;12,7;"VACARIA";"Reação tardia ou ineficiente do condutor";"Saída de leito carroçável";"Com Vítimas Feridas";"Pleno dia";"Decrescente";"Céu Claro";"Simples";"Declive;Reta";"Não";1;0;1;0;0;0;1;1;-28,31160804;-50,80299784;"SPRF-RS";"DEL05-RS";"UOP03-DEL05-RS"
536009;2023-07-15;"sábado";"14:00:00";"BA";101;826;"PRADO";"Pista Escorregadia";"Tombamento";"Com Vítimas Feridas";"Pleno dia";"Crescente";"Chuva";"Simples";"Declive;Curva";"Não";1;0;1;0;0;0;1;1;-17,16076626;-39,57199001;"SPRF-BA";"DEL09-BA";"UOP02-DEL09-BA"
536010;2023-07-15;"sábado";"15:15:00";"SC";101;113;"ITAJAI";"Demais falhas mecânicas ou elétricas";"Tombamento";"Com Vítimas Feridas";"Pleno dia";"Decrescente";"Céu Claro";"Dupla";"Interseção de Vias";"Sim";1;0;1;0;0;0;1;1;-26,85311393;-48,72689927;"SPRF-SC";"DEL04-SC";"UOP04-DEL04-SC"
536011;2023-07-15;"sábado";"14:00:00";"CE";20;108,4;"TAUA";"Manobra de mudança de faixa";"Colisão frontal";"Com Vítimas Fatais";"Pleno dia";"Decrescente";"Céu Claro";"Simples";"Ponte;Reta";"Não";1;1;0;0;0;0;0;1;-5,821421;-40,17636207;"SPRF-CE";"DEL02-CE";"UOP02-DEL02-CE"
536012;2023-07-15;"sábado";"15:01:00";"MT";163;735;"SORRISO";"Ingestão de álcool pelo condutor";"Saída de leito carroçável";"Com Vítimas Feridas";"Pleno dia";"Crescente";"Céu Claro";"Simples";"Ponte";"Não";2;0;1;0;1;0;1;1;-12,79396692;-55,83510173;"SPRF-MT";"DEL06-MT";"UOP01-DEL06-MT"
536014;2023-07-15;"sábado";"16:30:00";"PI";316;31;"DEMERVAL LOBAO";"Ultrapassagem Indevida";"Colisão lateral mesmo sentido";"Sem Vítimas";"Pleno dia";"Crescente";"Céu Claro";"Simples";"Reta;Em Obras";"Não";2;0;0;0;2;0;0;2;-5,33958796;-42,69400899;"SPRF-PI";"DEL01-PI";"UOP02-DEL01-PI"
536015;2023-07-15;"sábado";"14:55:00";"SP";116;282,1;"EMBU DAS ARTES";"Ausência de reação do condutor";"Colisão traseira";"Com Vítimas Feridas";"Pleno dia";"Decrescente";"Céu Claro";"Dupla";"Reta";"Não";4;0;1;0;3;0;1;3;-23,68570216;-46,85970975;"SPRF-SP";"DEL04-SP";"UOP01-DEL04-SP"
536017;2023-06-21;"quarta-feira";"19:40:00";"RS";290;719;"URUGUAIANA";"Transitar no Acostamento";"Colisão traseira";"Com Vítimas Feridas";"Plena Noite";"Decrescente";"Chuva";"Simples";"Aclive;Reta";"Sim";4;0;3;0;1;0;3;2;-29,76960475;-57,05803585;"SPRF-RS";"DEL13-RS";"UOP01-DEL13-RS"
536018;2023-07-15;"sábado";"16:15:00";"RJ";116;213;"SEROPEDICA";"Acessar a via sem observar a presença dos outros veículos";"Colisão transversal";"Com Vítimas Fatais";"Pleno dia";"Crescente";"Céu Claro";"Dupla";"Reta";"Sim";4;1;0;0;3;0;0;2;-22,713438;-43,734085;"SPRF-RJ";"DEL01-RJ";"UOP03-DEL01-RJ"
536019;2023-07-15;"sábado";"08:30:00";"PR";369;495,9;"CORBELIA";"Condutor deixou de manter distância do veículo da frente";"Colisão traseira";"Com Vítimas Feridas";"Pleno dia";"Decrescente";"Céu Claro";"Simples";"Reta";"Não";2;0;1;0;1;0;1;2;-24,747;-53,2762;"SPRF-PR";"DEL04-PR";"UOP03-DEL04-PR"
536020;2023-07-15;"sábado";"17:00:00";"RS";285;562,7;"SAO LUIZ GONZAGA";"Transitar na contramão";"Colisão frontal";"Com Vítimas Feridas";"Pleno dia";"Decrescente";"Céu Claro";"Simples";"Reta";"Não";6;0;6;0;0;0;6;2;-28,41732264;-54,93303537;"SPRF-RS";"DEL10-RS";"UOP01-DEL10-RS"
536021;2023-07-15;"sábado";"17:00:00";"RS";116;247,9;"SAO LEOPOLDO";"Mal súbito do condutor";"Colisão transversal";"Com Vítimas Feridas";"Anoitecer";"Crescente";"Céu Claro";"Múltipla";"Interseção de Vias;Reta;Viaduto";"Sim";2;0;0;1;1;0;1;2;-29,76733091;-51,1535296;"SPRF-RS";"DEL01-RS";"UOP02-DEL01-RS"
536023;2023-05-15;"segunda-feira";"02:00:00";"SP";116;228;"SAO PAULO";"Ausência de reação do condutor";"Colisão traseira";"Com Vítimas Feridas";"Plena Noite";"Crescente";"Nublado";"Múltipla";"Reta";"Sim";3;0;0;1;2;0;1;3;-23,50343484;-46,56638712;"SPRF-SP";"DEL01-SP";"UOP01-DEL01-SP"
536024;2023-07-15;"sábado";"17:35:00";"SC";470;45,7;"GASPAR";"Mal súbito do condutor";"Colisão frontal";"Com Vítimas Fatais";"Anoitecer";"Decrescente";"Céu Claro";"Simples";"Curva;Em Obras";"Não";5;1;0;0;4;0;0;2;-26,8611458;-49,03760925;"SPRF-SC";"DEL04-SC";"UOP01-DEL04-SC"
536027;2023-07-15;"sábado";"16:45:00";"SC";101;144;"ITAPEMA";"Reação tardia ou ineficiente do condutor";"Colisão traseira";"Sem Vítimas";"Pleno dia";"Decrescente";"Céu Claro";"Dupla";"Reta";"Sim";3;0;0;0;3;0;0;3;-27,0732659;-48,59672716;"SPRF-SC";"DEL04-SC";"UOP03-DEL04-SC"
536028;2023-07-15;"sábado";"17:30:00";"SP";116;229;"SAO PAULO";"Manobra de mudança de faixa";"Colisão lateral mesmo sentido";"Com Vítimas Feridas";"Anoitecer";"Decrescente";"Céu Claro";"Múltipla";"Reta";"Sim";1;0;1;0;0;0;1;1;-23,51291902;-46,57604698;"SPRF-SP";"DEL01-SP";"UOP01-DEL01-SP"
536030;2023-07-15;"sábado";"17:20:00";"SC";101;144;"ITAPEMA";"Reação tardia ou ineficiente do condutor";"Colisão traseira";"Com Vítimas Feridas";"Pleno dia";"Decrescente";"Nublado";"Dupla";"Reta";"Sim";2;0;1;0;1;0;1;2;-27,0732659;-48,59672716;"SPRF-SC";"DEL04-SC";"UOP03-DEL04-SC"
536031;2023-06-19;"segunda-feira";"19:45:00";"RS";116;363,4;"TAPES";"Ausência de reação do condutor";"Saída de leito carroçável";"Com Vítimas Feridas";"Plena Noite";"Decrescente";"Céu Claro";"Dupla";"Desvio Temporário";"Sim";1;0;0;1;0;0;1;1;-30,63994236;-51,55691954;"SPRF-RS";"DEL02-RS";"UOP02-DEL02-RS"
536032;2023-07-15;"sábado";"16:50:00";"SC";280;232;"CANOINHAS";"Conversão proibida";"Colisão transversal";"Com Vítimas Feridas";"Pleno dia";"Crescente";"Céu Claro";"Simples";"Reta";"Sim";4;0;1;0;2;1;1;3;-26,19014736;-50,38186997;"SPRF-SC";"DEL06-SC";"UOP04-DEL06-SC"
536033;2023-07-15;"sábado";"16:50:00";"PE";428;186;"PETROLINA";"Ingestão de álcool pelo condutor";"Colisão lateral mesmo sentido";"Com Vítimas Feridas";"Pleno dia";"Decrescente";"Céu Claro";"Dupla";"Reta";"Sim";3;0;2;0;1;0;2;2;-9,34807826;-40,47441248;"SPRF-PE";"DEL06-PE";"UOP01-DEL06-PE"
536034;2023-07-15;"sábado";"16:45:00";"BA";101;355,7;"WENCESLAU GUIMARAES";"Reação tardia ou ineficiente do condutor";"Saída de leito carroçável";"Com Vítimas Feridas";"Pleno dia";"Crescente";"Chuva";"Simples";"Curva";"Não";2;0;0;1;1;0;1;1;-13,66106;-39,480225;"SPRF-BA";"DEL05-BA";"UOP03-DEL05-BA"
536036;2023-07-15;"sábado";"18:30:00";"GO";40;5;"VALPARAISO DE GOIAS";"Ausência de reação do condutor";"Colisão traseira";"Sem Vítimas";"Plena Noite";"Decrescente";"Céu Claro";"Dupla";"Reta";"Sim";2;0;0;0;2;0;0;2;-16,093134;-47,982236;"SPRF-DF";"DEL01-DF";"UOP01-DEL01-DF"
536037;2023-07-15;"sábado";"17:20:00";"PR";277;334;"GUARAPUAVA";"Reação tardia ou ineficiente do condutor";"Colisão com objeto";"Sem Vítimas";"Pleno dia";"Decrescente";"Céu Claro";"Dupla";"Curva";"Não";1;0;0;0;0;1;0;1;-25,345277;-51,392276;"SPRF-PR";"DEL08-PR";"UOP01-DEL08-PR"
536038;2023-07-15;"sábado";"17:40:00";"BA";116;822,6;"VITORIA DA CONQUISTA";"Ingestão de álcool pelo condutor";"Colisão traseira";"Com Vítimas Feridas";"Anoitecer";"Crescente";"Nublado";"Múltipla";"Reta";"Sim";3;0;2;1;0;0;3;3;-14,85082;-40,848711;"SPRF-BA";"DEL08-BA";"UOP01-DEL08-BA"
536040;2023-07-15;"sábado";"18:40:00";"GO";60;255;"INDIARA";"Ingestão de álcool pelo condutor";"Saída de leito carroçável";"Com Vítimas Feridas";"Plena Noite";"Crescente";"Vento";"Dupla";"Reta";"Não";1;0;0;1;0;0;1;1;-17,1426;-50,0024;"SPRF-GO";"DEL01-GO";"UOP02-DEL01-GO"
536042;2023-07-15;"sábado";"17:50:00";"PB";230;119;"RIACHAO DO BACAMARTE";"Ingestão de álcool pelo condutor";"Colisão lateral mesmo sentido";"Sem Vítimas";"Anoitecer";"Decrescente";"Céu Claro";"Dupla";"Reta";"Não";3;0;0;0;3;0;0;3;-7,2423;-35,6312;"SPRF-PB";"DEL02-PB";"UOP01-DEL02-PB"
536044;2023-07-15;"sábado";"18:10:00";"SC";470;3,9;"NAVEGANTES";"Reação tardia ou ineficiente do condutor";"Colisão traseira";"Com Vítimas Feridas";"Plena Noite";"Decrescente";"Céu Claro";"Dupla";"Reta;Em Obras";"Não";3;0;0;2;1;0;2;2;-26,861937;-48,681618;"SPRF-SC";"DEL04-SC";"UOP04-DEL04-SC"
536045;2023-07-15;"sábado";"17:20:00";"PI";316;12;"TERESINA";"Conversão proibida";"Colisão lateral mesmo sentido";"Com Vítimas Feridas";"Plena Noite";"Decrescente";"Céu Claro";"Dupla";"Reta";"Não";2;0;1;0;1;0;1;2;-5,20064401;-42,75799889;"SPRF-PI";"DEL01-PI";"UOP02-DEL01-PI"
536046;2023-07-15;"sábado";"12:20:00";"MG";381;769,7;"CAMPANHA";"Velocidade Incompatível";"Colisão frontal";"Com Vítimas Feridas";"Pleno dia";"Crescente";"Céu Claro";"Dupla";"Reta";"Não";8;0;8;0;0;0;8;2;-21,78133999;-45,43274701;"SPRF-MG";"DEL16-MG";"UOP02-DEL16-MG"
536047;2023-07-15;"sábado";"14:46:00";"RJ";101;296;"ITABORAI";"Ausência de reação do condutor";"Engavetamento";"Sem Vítimas";"Pleno dia";"Decrescente";"Céu Claro";"Múltipla";"Reta";"Não";3;0;0;0;3;0;0;3;-22,7670498;-42,91019601;"SPRF-RJ";"DEL02-RJ";"UOP02-DEL02-RJ"
536048;2023-07-15;"sábado";"12:35:00";"MG";381;776,4;"CAMPANHA";"Manobra de mudança de faixa";"Colisão lateral mesmo sentido";"Com Vítimas Feridas";"Pleno dia";"Decrescente";"Céu Claro";"Dupla";"Declive;Curva";"Não";1;0;1;0;0;0;1;1;-21,81543894;-45,49238809;"SPRF-MG";"DEL16-MG";"UOP02-DEL16-MG"
536052;2023-07-15;"sábado";"18:05:00";"PR";376;4,1;"APUCARANA";"Condutor desrespeitou a iluminação vermelha do semáforo";"Colisão transversal";"Com Vítimas Feridas";"Plena Noite";"Crescente";"Céu Claro";"Dupla";"Interseção de Vias;Reta";"Sim";2;0;1;0;1;0;1;2;-23,5513;-51,461266;"SPRF-PR";"DEL07-PR";"UOP03-DEL07-PR"
536053;2023-07-15;"sábado";"13:30:00";"RO";364;294;"PRESIDENTE MEDICI";"Objeto estático sobre o leito carroçável";"Eventos atípicos";"Sem Vítimas";"Pleno dia";"Crescente";"Céu Claro";"Simples";"Aclive;Reta";"Não";1;0;0;0;0;1;0;1;-11,29701584;-61,89403573;"SPRF-RO";"DEL02-RO";"UOP01-DEL02-RO"
536055;2023-07-15;"sábado";"17:55:00";"MS";163;799;"COXIM";"Ingestão de álcool pelo condutor";"Colisão lateral mesmo sentido";"Sem Vítimas";"Plena Noite";"Decrescente";"Céu Claro";"Simples";"Reta";"Não";3;0;0;0;3;0;0;2;-17,92622786;-54,68689938;"SPRF-MS";"DEL06-MS";"UOP01-DEL06-MS"
536057;2023-07-15;"sábado";"18:30:00";"MA";10;254;"IMPERATRIZ";"Ingestão de álcool pelo condutor";"Queda de ocupante de veículo";"Com Vítimas Feridas";"Plena Noite";"Decrescente";"Céu Claro";"Simples";"Reta";"Sim";1;0;1;0;0;0;1;1;-5,517879;-47,471581;"SPRF-MA";"DEL04-MA";"UOP01-DEL04-MA"
536058;2023-07-15;"sábado";"19:00:00";"TO";153;723;"FIGUEIROPOLIS";"Reação tardia ou ineficiente do condutor";"Colisão traseira";"Com Vítimas Feridas";"Plena Noite";"Crescente";"Céu Claro";"Simples";"Reta";"Sim";6;0;3;0;3;0;3;2;-12,1458809;-49,16654166;"SPRF-TO";"DEL01-TO";"UOP02-DEL01-TO"
536059;2023-07-15;"sábado";"19:20:00";"CE";116;544;"PENAFORTE";"Transitar na contramão";"Colisão frontal";"Com Vítimas Fatais";"Plena Noite";"Crescente";"Céu Claro";"Simples";"Reta";"Não";3;2;0;0;1;0;0;2;-7,79538396;-39,0777361;"SPRF-CE";"DEL05-CE";"UOP03-DEL05-CE"
536060;2023-07-15;"sábado";"19:30:00";"ES";262;17;"VIANA";"Reação tardia ou ineficiente do condutor";"Queda de ocupante de veículo";"Com Vítimas Feridas";"Plena Noite";"Crescente";"Céu Claro";"Simples";"Reta";"Sim";1;0;1;0;0;0;1;1;-20,38635961;-40,47272969;"SPRF-ES";"DEL01-ES";"UOP01-DEL01-ES"
536061;2023-07-15;"sábado";"19:20:00";"SP";116;53;"LORENA";"Ausência de reação do condutor";"Colisão traseira";"Com Vítimas Feridas";"Plena Noite";"Crescente";"Céu Claro";"Dupla";"Reta";"Não";3;0;2;0;1;0;2;2;-22,75255433;-45,10741076;"SPRF-SP";"DEL08-SP";"UOP02-DEL08-SP"
536063;2023-07-15;"sábado";"17:20:00";"SC";101;436,5;"SOMBRIO";"Manobra de mudança de faixa";"Colisão traseira";"Com Vítimas Feridas";"Pleno dia";"Crescente";"Céu Claro";"Múltipla";"Aclive;Reta";"Sim";4;0;1;0;3;0;1;2;-29,10817487;-49,63739835;"SPRF-SC";"DEL02-SC";"UOP02-DEL02-SC"
536064;2023-07-15;"sábado";"19:50:00";"GO";153;521;"HIDROLANDIA";"Acessar a via sem observar a presença dos outros veículos";"Colisão traseira";"Com Vítimas Feridas";"Plena Noite";"Crescente";"Céu Claro";"Dupla";"Aclive;Reta";"Não";3;0;0;1;2;0;1;2;-16,8847;-49,254;"SPRF-GO";"DEL01-GO";"UOP03-DEL01-GO"
536066;2023-07-15;"sábado";"20:00:00";"RS";386;437,6;"NOVA SANTA RITA";"Acessar a via sem observar a presença dos outros veículos";"Colisão transversal";"Com Vítimas Feridas";"Plena Noite";"Crescente";"Céu Claro";"Simples";"Reta";"Não";6;0;3;0;3;0;3;2;-29,85803;-51,261227;"SPRF-RS";"DEL04-RS";"UOP02-DEL04-RS"
536068;2023-07-15;"sábado";"18:30:00";"SP";116;53,2;"LORENA";"Reação tardia ou ineficiente do condutor";"Colisão traseira";"Com Vítimas Feridas";"Plena Noite";"Crescente";"Nublado";"Dupla";"Reta";"Não";7;0;4;0;2;1;4;5;-22,75417938;-45,10984182;"SPRF-SP";"DEL08-SP";"UOP02-DEL08-SP"
536069;2023-07-15;"sábado";"20:30:00";"SE";235;53,4;"ITABAIANA";"Acesso irregular";"Colisão frontal";"Com Vítimas Feridas";"Plena Noite";"Crescente";"Céu Claro";"Simples";"Declive;Reta";"Sim";2;0;1;0;1;0;1;2;-10,684707;-37,440544;"SPRF-SE";"DEL01-SE";"UOP02-DEL01-SE"
536070;2023-07-15;"sábado";"18:30:00";"PR";116;175;"QUITANDINHA";"Ultrapassagem Indevida";"Colisão lateral mesmo sentido";"Com Vítimas Feridas";"Plena Noite";"Decrescente";"Céu Claro";"Simples";"Reta";"Não";5;0;3;1;1;0;4;2;-25,89489049;-49,52560893;"SPRF-PR";"DEL01-PR";"UOP03-DEL01-PR"
536072;2023-07-15;"sábado";"19:50:00";"PR";376;371;"IMBAU";"Reação tardia ou ineficiente do condutor";"Saída de leito carroçável";"Com Vítimas Feridas";"Plena Noite";"Decrescente";"Céu Claro";"Simples";"Reta";"Não";1;0;0;1;0;0;1;1;-24,3824678;-50,7902216;"SPRF-PR";"DEL07-PR";"UOP02-DEL07-PR"
536073;2023-07-15;"sábado";"17:45:00";"MG";116;605,9;"SAO JOAO DO MANHUACU";"Ausência de reação do condutor";"Colisão com objeto";"Com Vítimas Feridas";"Anoitecer";"Crescente";"Céu Claro";"Simples";"Reta";"Sim";3;0;0;1;0;2;1;2;-20,3699701;-42,14797234;"SPRF-MG";"DEL06-MG";"UOP03-DEL06-MG"
536074;2023-07-15;"sábado";"18:40:00";"SC";116;218;"CORREIA PINTO";"Acessar a via sem observar a presença dos outros veículos";"Colisão transversal";"Com Vítimas Feridas";"Plena Noite";"Decrescente";"Nublado";"Simples";"Reta";"Sim";2;0;2;0;0;0;2;1;-27,5657323;-50,37458897;"SPRF-SC";"DEL05-SC";"UOP03-DEL05-SC"
536075;2023-07-15;"sábado";"20:10:00";"SC";282;558;"NOVA ITABERABA";"Ingestão de álcool pelo condutor";"Colisão lateral sentido oposto";"Com Vítimas Feridas";"Plena Noite";"Crescente";"Garoa/Chuvisco";"Simples";"Curva";"Não";3;0;1;0;2;0;1;2;-26,93273;-52,838913;"SPRF-SC";"DEL07-SC";"UOP01-DEL07-SC"
536076;2023-07-15;"sábado";"18:30:00";"PE";232;515;"SALGUEIRO";"Condutor deixou de manter distância do veículo da frente";"Colisão traseira";"Com Vítimas Feridas";"Anoitecer";"Crescente";"Céu Claro";"Simples";"Reta";"Não";6;0;3;0;2;1;3;2;-8,068192;-39,180042;"SPRF-PE";"DEL05-PE";"UOP01-DEL05-PE"
536077;2023-07-15;"sábado";"20:20:00";"GO";40;10;"LUZIANIA";"Condutor Dormindo";"Saída de leito carroçável";"Sem Vítimas";"Plena Noite";"Crescente";"Céu Claro";"Dupla";"Reta";"Sim";1;0;0;0;1;0;0;1;-16,131285;-47,957923;"SPRF-DF";"DEL01-DF";"UOP01-DEL01-DF"
536078;2023-07-15;"sábado";"18:30:00";"PE";104;116;"PANELAS";"Transitar na contramão";"Colisão frontal";"Com Vítimas Feridas";"Plena Noite";"Crescente";"Céu Claro";"Simples";"Reta";"Sim";3;0;3;0;0;0;3;2;-8,669848;-36,014065;"SPRF-PE";"DEL02-PE";"UOP03-DEL02-PE"
536079;2023-07-15;"sábado";"20:55:00";"GO";50;96,3;"CRISTALINA";"Acessar a via sem observar a presença dos outros veículos";"Colisão traseira";"Sem Vítimas";"Plena Noite";"Crescente";"Céu Claro";"Simples";"Reta";"Sim";2;0;0;0;2;0;0;2;-16,75588949;-47,60655284;"SPRF-DF";"DEL01-DF";"UOP02-DEL01-DF"
536080;2023-07-15;"sábado";"20:10:00";"BA";101;933;"MUCURI";"Conversão proibida";"Colisão frontal";"Com Vítimas Feridas";"Plena Noite";"Crescente";"Céu Claro";"Simples";"Reta";"Sim";4;0;2;0;2;0;2;2;-18,16840196;-39,91873914;"SPRF-BA";"DEL09-BA";"UOP02-DEL09-BA"
536081;2023-07-15;"sábado";"20:15:00";"MS";262;368;"CAMPO GRANDE";"Acessar a via sem observar a presença dos outros veículos";"Colisão transversal";"Com Vítimas Feridas";"Plena Noite";"Crescente";"Céu Claro";"Simples";"Reta";"Sim";2;0;1;0;1;0;1;2;-20,47852447;-54,76010297;"SPRF-MS";"DEL01-MS";"UOP03-DEL01-MS"
536083;2023-07-15;"sábado";"20:30:00";"MT";163;834;"SINOP";"Acessar a via sem observar a presença dos outros veículos";"Colisão traseira";"Com Vítimas Feridas";"Plena Noite";"Crescente";"Ignorado";"Simples";"Retorno Regulamentado";"Sim";2;0;1;0;1;0;1;2;-11,995863;-55,51709;"SPRF-MT";"DEL06-MT";"UOP02-DEL06-MT"
536085;2023-07-15;"sábado";"21:30:00";"SP";381;86,1;"SAO PAULO";"Reação tardia ou ineficiente do condutor";"Colisão lateral mesmo sentido";"Sem Vítimas";"Plena Noite";"Crescente";"Céu Claro";"Dupla";"Reta";"Sim";2;0;0;0;2;0;0;2;-23,45930499;-46,57161179;"SPRF-SP";"DEL03-SP";"UOP01-DEL03-SP"
536086;2023-07-15;"sábado";"16:00:00";"BA";420;271,2;"UBAIRA";"Ingestão de álcool pelo condutor";"Atropelamento de Pedestre";"Com Vítimas Feridas";"Pleno dia";"Crescente";"Nublado";"Simples";"Reta;Em Obras";"Não";2;0;2;0;0;0;2;2;-13,25623706;-39,59498405;"SPRF-BA";"DEL01-BA";"UOP02-DEL01-BA"
536087;2023-07-15;"sábado";"21:40:00";"PR";376;175,7;"MARINGA";"Manobra de mudança de faixa";"Colisão lateral mesmo sentido";"Com Vítimas Feridas";"Plena Noite";"Decrescente";"Nublado";"Múltipla";"Interseção de Vias";"Sim";2;0;1;0;1;0;1;2;-23,4113569;-51,9407767;"SPRF-PR";"DEL09-PR";"UOP01-DEL09-PR"
536088;2023-07-15;"sábado";"21:00:00";"RJ";101;419;"MANGARATIBA";"Condutor Dormindo";"Saída de leito carroçável";"Sem Vítimas";"Plena Noite";"Decrescente";"Céu Claro";"Simples";"Reta";"Não";1;0;0;0;0;1;0;1;-22,91808988;-43,91359106;"SPRF-RJ";"DEL03-RJ";"UOP02-DEL03-RJ"
536089;2023-07-15;"sábado";"21:35:00";"SP";116;161;"JACAREI";"Reação tardia ou ineficiente do condutor";"Colisão com objeto";"Sem Vítimas";"Plena Noite";"Decrescente";"Céu Claro";"Simples";"Curva";"Não";1;0;0;0;0;1;0;1;-23,27617003;-45,97592098;"SPRF-SP";"DEL02-SP";"UOP01-DEL02-SP"
536091;2023-07-15;"sábado";"22:30:00";"MG";153;107;"PRATA";"Transitar no Acostamento";"Atropelamento de Pedestre";"Com Vítimas Fatais";"Plena Noite";"Crescente";"Céu Claro";"Simples";"Aclive;Reta";"Sim";2;1;0;0;0;1;0;2;-19,28824388;-48,91115575;"SPRF-MG";"DEL15-MG";"UOP03-DEL15-MG"
536092;2023-07-15;"sábado";"18:30:00";"MG";40;138;"JOAO PINHEIRO";"Ingestão de álcool pelo condutor";"Saída de leito carroçável";"Sem Vítimas";"Plena Noite";"Decrescente";"Céu Claro";"Simples";"Curva";"Não";1;0;0;0;1;0;0;1;-17,72754024;-46,21430838;"SPRF-MG";"DEL14-MG";"UOP01-DEL14-MG"
536093;2023-07-15;"sábado";"22:00:00";"MT";163;847;"SINOP";"Ausência de reação do condutor";"Colisão traseira";"Com Vítimas Feridas";"Plena Noite";"Crescente";"Céu Claro";"Simples";"Reta";"Não";2;0;1;0;1;0;1;2;-11,75256313;-55,46698138;"SPRF-MT";"DEL06-MT";"UOP02-DEL06-MT"
536094;2023-07-14;"sexta-feira";"23:00:00";"MG";262;194;"JOAO MONLEVADE";"Afundamento ou ondulação no pavimento";"Saída de leito carroçável";"Com Vítimas Feridas";"Plena Noite";"Crescente";"Nublado";"Simples";"Reta;Desvio Temporário;Em Obras";"Não";1;0;0;1;0;0;1;1;-19,86089185;-43,09769902;"SPRF-MG";"DEL03-MG";"UOP01-DEL03-MG"
536095;2023-07-15;"sábado";"17:20:00";"BA";242;366;"PALMEIRAS";"Velocidade Incompatível";"Saída de leito carroçável";"Com Vítimas Feridas";"Anoitecer";"Crescente";"Céu Claro";"Simples";"Reta";"Não";1;0;0;1;0;0;1;1;-12,46767097;-41,43877801;"SPRF-BA";"DEL08-BA";"UOP04-DEL08-BA"
536096;2023-07-15;"sábado";"23:00:00";"SC";101;205,8;"SAO JOSE";"Acessar a via sem observar a presença dos outros veículos";"Colisão traseira";"Com Vítimas Feridas";"Plena Noite";"Decrescente";"Céu Claro";"Múltipla";"Reta";"Sim";4;0;3;0;0;1;3;2;-27,58313237;-48,61532885;"SPRF-SC";"DEL01-SC";"UOP01-DEL01-SC"
536097;2023-07-15;"sábado";"19:10:00";"BA";101;942;"MUCURI";"Acessar a via sem observar a presença dos outros veículos";"Atropelamento de Pedestre";"Com Vítimas Feridas";"Plena Noite";"Crescente";"Céu Claro";"Simples";"Reta";"Não";2;0;0;1;1;0;1;2;-18,16840196;-39,91873914;"SPRF-BA";"DEL09-BA";"UOP02-DEL09-BA"
536098;2023-07-15;"sábado";"23:00:00";"SC";101;214;"PALHOCA";"Ingestão de álcool pelo condutor";"Colisão traseira";"Sem Vítimas";"Plena Noite";"Crescente";"Nublado";"Dupla";"Reta";"Não";2;0;0;0;1;1;0;2;-27,64443;-48,67057;"SPRF-SC";"DEL01-SC";"UOP02-DEL01-SC"
536099;2023-07-15;"sábado";"19:00:00";"BA";101;825;"PRADO";"Transitar na contramão";"Colisão frontal";"Sem Vítimas";"Plena Noite";"Crescente";"Céu Claro";"Simples";"Curva";"Não";3;0;0;0;3;0;0;2;-17,15124744;-39,56714272;"SPRF-BA";"DEL09-BA";"UOP02-DEL09-BA"
536101;2023-07-15;"sábado";"23:20:00";"SC";280;54,4;"GUARAMIRIM";"Ingestão de álcool pelo condutor";"Colisão com objeto";"Com Vítimas Feridas";"Plena Noite";"Decrescente";"Nublado";"Dupla";"Reta";"Sim";1;0;1;0;0;0;1;1;-26,47539893;-48,983748;"SPRF-SC";"DEL03-SC";"UOP03-DEL03-SC"