"id";"data_inversa";"dia_semana";"horario";"uf";"br";"km";"municipio";"causa_acidente";"tipo_acidente";"classificacao_acidente";"fase_dia";"sentido_via";"condicao_metereologica";"tipo_pista";"tracado_via";"uso_solo";"pessoas";"mortos";"feridos_leves";"feridos_graves";"ilesos";"ignorados";"feridos";"veiculos";"latitude";"longitude";"regional";"delegacia";"uop"
536103;2023-07-15;"sábado";"23:13:00";"AL";423;14;"OURO BRANCO";"Velocidade Incompatível";"Atropelamento de Animal";"Sem Vítimas";"Plena Noite";"Decrescente";"Céu Claro";"Simples";"Reta";"Não";1;0;0;0;0;1;0;1;-9,15982903;-37,41136499;"SPRF-AL";"DEL03-AL";"UOP02-DEL03-AL"
536104;2023-07-16;"domingo";"00:10:00";"PR";277;712;"SANTA TEREZINHA DE ITAIPU";"Ingestão de álcool pelo condutor";"Saída de leito carroçável";"Sem Vítimas";"Plena Noite";"Decrescente";"Céu Claro";"Dupla";"Aclive;Reta";"Sim";1;0;0;0;1;0;0;1;-25,45780735;-54,43119986;"SPRF-PR";"DEL05-PR";"UOP01-DEL05-PR"
536105;2023-07-15;"sábado";"23:15:00";"PR";476;145;"CURITIBA";"Acesso irregular";"Colisão traseira";"Com Vítimas Feridas";"Plena Noite";"Crescente";"Céu Claro";"Múltipla";"Reta";"Não";3;0;1;0;2;0;1;2;-25,547749;-49,32095;"SPRF-PR";"DEL01-PR";"UOP06-DEL01-PR"
536106;2023-07-15;"sábado";"21:50:00";"MG";116;542,2;"SANTA RITA DE MINAS";"Transitar na contramão";"Colisão frontal";"Com Vítimas Feridas";"Plena Noite";"Crescente";"Céu Claro";"Simples";"Reta";"Não";3;0;3;0;0;0;3;2;-19,90319206;-42,13408157;"SPRF-MG";"DEL06-MG";"UOP02-DEL06-MG"
536107;2023-07-15;"sábado";"22:00:00";"RJ";393;298;"BARRA MANSA";"Reação tardia ou ineficiente do condutor";"Colisão lateral sentido oposto";"Sem Vítimas";"Plena Noite";"Crescente";"Céu Claro";"Simples";"Reta";"Sim";3;0;0;0;3;0;0;3;-22,54313289;-44,11298586;"SPRF-RJ";"DEL07-RJ";"UOP02-DEL07-RJ"
536108;2023-07-16;"domingo";"01:00:00";"SC";282;510;"XANXERE";"Ingestão de álcool pelo condutor";"Colisão lateral sentido oposto";"Com Vítimas Feridas";"Plena Noite";"Crescente";"Céu Claro";"Simples";"Reta";"Não";4;0;2;0;2;0;2;2;-26,897114;-52,463585;"SPRF-SC";"DEL07-SC";"UOP01-DEL07-SC"
536109;2023-07-15;"sábado";"18:00:00";"MT";364;198;"RONDONOPOLIS";"Ausência de reação do condutor";"Colisão traseira";"Com Vítimas Feridas";"Plena Noite";"Crescente";"Céu Claro";"Simples";"Reta";"Sim";2;0;1;0;1;0;1;2;-16,50621198;-54,62294799;"SPRF-MT";"DEL02-MT";"UOP01-DEL02-MT"
536112;2023-07-16;"domingo";"01:30:00";"MG";364;14;"FRUTAL";"Ingestão de álcool pelo condutor";"Saída de leito carroçável";"Sem Vítimas";"Plena Noite";"Decrescente";"Céu Claro";"Simples";"Reta";"Não";1;0;0;0;1;0;0;1;-20,025185;-48,94096;"SPRF-MG";"DEL13-MG";"UOP02-DEL13-MG"
536113;2023-07-16;"domingo";"01:26:00";"PI";343;342;"TERESINA";"Ausência de reação do condutor";"Colisão lateral mesmo sentido";"Com Vítimas Feridas";"Plena Noite";"Decrescente";"Céu Claro";"Dupla";"Reta";"Não";3;0;2;0;1;0;2;2;-5,08284;-42,750385;"SPRF-PI";"DEL01-PI";"UOP01-DEL01-PI"
536115;2023-07-16;"domingo";"00:30:00";"PR";373;478,8;"CORONEL VIVIDA";"Ingestão de álcool pelo condutor";"Atropelamento de Pedestre";"Com Vítimas Fatais";"Plena Noite";"Crescente";"Nublado";"Simples";"Curva";"Sim";3;1;0;0;1;1;0;2;-25,99164812;-52,55762815;"SPRF-PR";"DEL02-PR";"UOP01-DEL02-PR"
536117;2023-07-16;"domingo";"01:30:00";"CE";222;300,5;"TIANGUA";"Ingestão de álcool pelo condutor";"Tombamento";"Com Vítimas Feridas";"Plena Noite";"Decrescente";"Céu Claro";"Simples";"Declive;Curva";"Não";1;0;1;0;0;0;1;1;-3,6626771;-40,94453216;"SPRF-CE";"DEL04-CE";"UOP02-DEL04-CE"
536118;2023-07-16;"domingo";"01:18:00";"SP";381;89;"GUARULHOS";"Velocidade Incompatível";"Tombamento";"Sem Vítimas";"Plena Noite";"Decrescente";"Céu Claro";"Múltipla";"Reta";"Sim";1;0;0;0;1;0;0;1;-23,48469299;-46,55983288;"SPRF-SP";"DEL03-SP";"UOP01-DEL03-SP"
536119;2023-07-16;"domingo";"02:20:00";"SC";101;207;"SAO JOSE";"Ingestão de álcool pelo condutor";"Colisão traseira";"Com Vítimas Feridas";"Plena Noite";"Crescente";"Céu Claro";"Múltipla";"Reta";"Sim";2;0;1;0;1;0;1;2;-27,60001226;-48,6226467;"SPRF-SC";"DEL01-SC";"UOP01-DEL01-SC"
536120;2023-07-16;"domingo";"02:00:00";"SP";381;86,3;"SAO PAULO";"Condutor deixou de manter distância do veículo da frente";"Colisão transversal";"Com Vítimas Feridas";"Plena Noite";"Decrescente";"Céu Claro";"Múltipla";"Interseção de Vias";"Sim";2;0;1;0;1;0;1;2;-23,45930499;-46,57161179;"SPRF-SP";"DEL03-SP";"UOP01-DEL03-SP"
536122;2023-07-15;"sábado";"18:10:00";"AC";317;36;"PORTO ACRE";"Ausência de reação do condutor";"Colisão traseira";"Com Vítimas Fatais";"Plena Noite";"Crescente";"Céu Claro";"Simples";"Reta";"Não";2;1;0;0;0;1;0;2;-9,857128;-67,441566;"SPRF-AC";"DEL01-AC";"UOP01-DEL01-AC"
536123;2023-07-16;"domingo";"03:40:00";"SC";101;426,2;"SOMBRIO";"Reação tardia ou ineficiente do condutor";"Saída de leito carroçável";"Com Vítimas Feridas";"Plena Noite";"Decrescente";"Céu Claro";"Múltipla";"Reta";"Não";2;0;2;0;0;0;2;1;-29,02593927;-49,59976914;"SPRF-SC";"DEL02-SC";"UOP02-DEL02-SC"
536124;2023-07-16;"domingo";"02:40:00";"SC";282;222;"LAGES";"Reação tardia ou ineficiente do condutor";"Colisão com objeto";"Sem Vítimas";"Plena Noite";"Crescente";"Nevoeiro/Neblina";"Simples";"Curva";"Sim";1;0;0;0;0;1;0;1;-27,796358;-50,343426;"SPRF-SC";"DEL05-SC";"UOP01-DEL05-SC"
536126;2023-07-16;"domingo";"00:29:00";"MS";262;232;"RIBAS DO RIO PARDO";"Ausência de reação do condutor";"Colisão traseira";"Sem Vítimas";"Plena Noite";"Decrescente";"Céu Claro";"Simples";"Reta";"Não";3;0;0;0;3;0;0;2;-20,46551195;-53,69034299;"SPRF-MS";"DEL07-MS";"UOP02-DEL07-MS"
536127;2023-07-15;"sábado";"18:00:00";"AC";364;121;"RIO BRANCO";"Transitar na contramão";"Colisão lateral sentido oposto";"Com Vítimas Feridas";"Plena Noite";"Crescente";"Céu Claro";"Dupla";"Reta";"Sim";4;0;2;0;1;1;2;4;-10,01209268;-67,764365;"SPRF-AC";"DEL01-AC";"UOP01-DEL01-AC"
536128;2023-07-16;"domingo";"02:15:00";"MG";40;620,5;"CONSELHEIRO LAFAIETE";"Ausência de reação do condutor";"Saída de leito carroçável";"Com Vítimas Feridas";"Plena Noite";"Decrescente";"Céu Claro";"Simples";"Reta";"Não";2;0;1;0;1;0;1;1;-20,57784016;-43,80982006;"SPRF-MG";"DEL05-MG";"UOP02-DEL05-MG"
536129;2023-07-16;"domingo";"03:30:00";"PB";361;20,9;"SANTA TERESINHA";"Condutor deixou de manter distância do veículo da frente";"Colisão traseira";"Com Vítimas Feridas";"Plena Noite";"Decrescente";"Céu Claro";"Simples";"Curva";"Não";5;0;3;0;2;0;3;2;-7,07981191;-37,42222407;"SPRF-PB";"DEL03-PB";"UOP01-DEL03-PB"
536130;2023-07-16;"domingo";"04:06:00";"PB";230;27,4;"JOAO PESSOA";"Velocidade Incompatível";"Colisão com objeto";"Com Vítimas Feridas";"Amanhecer";"Decrescente";"Nublado";"Dupla";"Curva;Viaduto";"Sim";1;0;1;0;0;0;1;1;-7,16632544;-34,89473104;"SPRF-PB";"DEL01-PB";"UOP01-DEL01-PB"
536131;2023-07-15;"sábado";"23:40:00";"RJ";101;285;"ITABORAI";"Animais na Pista";"Atropelamento de Animal";"Com Vítimas Feridas";"Plena Noite";"Decrescente";"Céu Claro";"Dupla";"Reta";"Sim";4;0;1;0;3;0;1;3;-22,7498742;-42,81644087;"SPRF-RJ";"DEL02-RJ";"UOP02-DEL02-RJ"
536132;2023-07-16;"domingo";"04:20:00";"RJ";465;13;"SEROPEDICA";"Reação tardia ou ineficiente do condutor";"Colisão frontal";"Com Vítimas Feridas";"Amanhecer";"Crescente";"Céu Claro";"Simples";"Reta";"Sim";3;0;1;0;2;0;1;2;-22,798468;-43,645508;"SPRF-RJ";"DEL01-RJ";"UOP03-DEL01-RJ"
536135;2023-07-16;"domingo";"05:45:00";"MG";381;496,1;"BETIM";"Ausência de reação do condutor";"Colisão com objeto";"Sem Vítimas";"Amanhecer";"Crescente";"Céu Claro";"Múltipla";"Reta";"Sim";1;0;0;0;1;0;0;1;-19,99676497;-44,20958506;"SPRF-MG";"DEL04-MG";"UOP03-DEL04-MG"
536136;2023-07-16;"domingo";"05:40:00";"SP";116;272,7;"TABOAO DA SERRA";"Ingestão de álcool pelo condutor";"Colisão traseira";"Sem Vítimas";"Amanhecer";"Crescente";"Céu Claro";"Múltipla";"Reta";"Sim";2;0;0;0;2;0;0;2;-23,621691;-46,813288;"SPRF-SP";"DEL04-SP";"UOP01-DEL04-SP"
536137;2023-07-16;"domingo";"05:20:00";"SC";101;194,9;"BIGUACU";"Ausência de reação do condutor";"Colisão com objeto";"Sem Vítimas";"Amanhecer";"Decrescente";"Céu Claro";"Dupla";"Reta";"Sim";1;0;0;0;1;0;0;1;-27,49815117;-48,65661236;"SPRF-SC";"DEL01-SC";"UOP01-DEL01-SC"
536138;2023-07-16;"domingo";"02:25:00";"SC";101;444;"SANTA ROSA DO SUL";"Ausência de reação do condutor";"Colisão lateral mesmo sentido";"Com Vítimas Feridas";"Plena Noite";"Crescente";"Céu Claro";"Dupla";"Curva";"Não";3;0;2;0;1;0;2;2;-29,13479517;-49,70645294;"SPRF-SC";"DEL02-SC";"UOP02-DEL02-SC"
536140;2023-07-16;"domingo";"05:00:00";"MA";10;274;"IMPERATRIZ";"Condutor Dormindo";"Queda de ocupante de veículo";"Com Vítimas Feridas";"Plena Noite";"Decrescente";"Céu Claro";"Simples";"Reta";"Não";2;0;2;0;0;0;2;1;-5,338754;-47,48785;"SPRF-MA";"DEL04-MA";"UOP01-DEL04-MA"
536141;2023-07-16;"domingo";"06:30:00";"GO";60;101,8;"ANAPOLIS";"Ingestão de álcool pelo condutor";"Tombamento";"Com Vítimas Feridas";"Pleno dia";"Crescente";"Céu Claro";"Dupla";"Retorno Regulamentado";"Não";1;0;1;0;0;0;1;1;-16,4022;-48,9745;"SPRF-GO";"DEL02-GO";"UOP01-DEL02-GO"
536142;2023-07-16;"domingo";"05:45:00";"SP";116;56,5;"LORENA";"Ingestão de álcool pelo condutor";"Colisão com objeto";"Sem Vítimas";"Amanhecer";"Decrescente";"Céu Claro";"Dupla";"Reta";"Não";2;0;0;0;0;2;0;2;-22,76904403;-45,13040598;"SPRF-SP";"DEL08-SP";"UOP02-DEL08-SP"
536143;2023-07-16;"domingo";"06:20:00";"MG";381;679,8;"PERDOES";"Ausência de reação do condutor";"Saída de leito carroçável";"Com Vítimas Feridas";"Amanhecer";"Decrescente";"Céu Claro";"Dupla";"Aclive;Reta";"Não";4;0;4;0;0;0;4;1;-21,126284;-45,09925032;"SPRF-MG";"DEL04-MG";"UOP02-DEL04-MG"
536144;2023-07-16;"domingo";"06:20:00";"RS";470;226;"GARIBALDI";"Ausência de reação do condutor";"Saída de leito carroçável";"Com Vítimas Feridas";"Amanhecer";"Decrescente";"Nublado";"Simples";"Curva";"Sim";1;0;1;0;0;0;1;1;-29,25550904;-51,51142814;"SPRF-RS";"DEL06-RS";"UOP01-DEL06-RS"
536145;2023-07-16;"domingo";"06:45:00";"RS";116;251;"SAO LEOPOLDO";"Demais falhas mecânicas ou elétricas";"Incêndio";"Sem Vítimas";"Amanhecer";"Crescente";"Nublado";"Múltipla";"Reta";"Sim";2;0;0;0;2;0;0;1;-29,80035406;-51,16550365;"SPRF-RS";"DEL01-RS";"UOP02-DEL01-RS"
536146;2023-07-16;"domingo";"06:40:00";"RN";226;84,7;"TANGARA";"Avarias e/ou desgaste excessivo no pneu";"Tombamento";"Com Vítimas Feridas";"Pleno dia";"Decrescente";"Céu Claro";"Simples";"Reta";"Sim";2;0;1;1;0;0;2;1;-6,20320982;-35,80533536;"SPRF-RN";"DEL03-RN";"UOP02-DEL03-RN"
536147;2023-07-16;"domingo";"04:40:00";"MT";364;271;"JACIARA";"Reação tardia ou ineficiente do condutor";"Colisão lateral mesmo sentido";"Sem Vítimas";"Amanhecer";"Crescente";"Céu Claro";"Dupla";"Reta";"Sim";2;0;0;0;2;0;0;2;-15,96962998;-54,95363;"SPRF-MT";"DEL05-MT";"UOP02-DEL05-MT"
536148;2023-07-16;"domingo";"05:40:00";"PR";369;389,1;"MAMBORE";"Reação tardia ou ineficiente do condutor";"Saída de leito carroçável";"Com Vítimas Feridas";"Amanhecer";"Crescente";"Nublado";"Simples";"Reta";"Não";1;0;1;0;0;0;1;1;-24,2767;-52,5181;"SPRF-PR";"DEL04-PR";"UOP03-DEL04-PR"
536149;2023-07-15;"sábado";"22:30:00";"MT";70;124,3;"GENERAL CARNEIRO";"Demais falhas mecânicas ou elétricas";"Saída de leito carroçável";"Com Vítimas Feridas";"Plena Noite";"Decrescente";"Céu Claro";"Simples";"Reta";"Não";5;0;2;0;3;0;2;1;-15,59946241;-53,15665719;"SPRF-MT";"DEL07-MT";"UOP01-DEL07-MT"
536151;2023-07-16;"domingo";"03:36:00";"SC";101;409;"ARARANGUA";"Transitar na contramão";"Colisão lateral sentido oposto";"Sem Vítimas";"Plena Noite";"Decrescente";"Céu Claro";"Simples";"Reta";"Não";3;0;0;0;3;0;0;2;-28,91482796;-49,48625305;"SPRF-SC";"DEL02-SC";"UOP02-DEL02-SC"
536152;2023-07-16;"domingo";"05:40:00";"RJ";101;307;"SAO GONCALO";"Deficiência do Sistema de Iluminação/Sinalização";"Colisão traseira";"Com Vítimas Feridas";"Amanhecer";"Decrescente";"Céu Claro";"Dupla";"Viaduto";"Sim";3;0;2;0;1;0;2;2;-22,79115777;-43,01514205;"SPRF-RJ";"DEL02-RJ";"UOP02-DEL02-RJ"
536153;2023-07-15;"sábado";"23:00:00";"MG";116;600,1;"SAO JOAO DO MANHUACU";"Animais na Pista";"Atropelamento de Animal";"Sem Vítimas";"Plena Noite";"Crescente";"Céu Claro";"Simples";"Reta";"Não";1;0;0;0;1;0;0;1;-20,33157703;-42,14776317;"SPRF-MG";"DEL06-MG";"UOP03-DEL06-MG"
536154;2023-07-16;"domingo";"04:00:00";"RO";364;423;"JARU";"Ingestão de álcool pelo condutor";"Saída de leito carroçável";"Com Vítimas Feridas";"Plena Noite";"Crescente";"Céu Claro";"Simples";"Interseção de Vias;Reta";"Não";4;0;0;2;2;0;2;1;-10,45220802;-62,46072003;"SPRF-RO";"DEL03-RO";"UOP02-DEL03-RO"
536155;2023-07-16;"domingo";"06:50:00";"PE";232;131;"CARUARU";"Transitar na contramão";"Colisão frontal";"Com Vítimas Feridas";"Pleno dia";"Crescente";"Céu Claro";"Simples";"Reta";"Não";2;0;0;1;1;0;1;2;-8,30117613;-35,99843996;"SPRF-PE";"DEL02-PE";"UOP01-DEL02-PE"
536156;2023-07-15;"sábado";"15:45:00";"AL";104;71;"MURICI";"Avarias e/ou desgaste excessivo no pneu";"Queda de ocupante de veículo";"Com Vítimas Feridas";"Pleno dia";"Decrescente";"Céu Claro";"Simples";"Curva";"Não";2;0;2;0;0;0;2;1;-9,3554618;-35,85400192;"SPRF-AL";"DEL01-AL";"UOP02-DEL01-AL"
536157;2023-06-25;"domingo";"05:10:00";"SP";101;41;"UBATUBA";"Ingestão de álcool pelo condutor";"Tombamento";"Sem Vítimas";"Amanhecer";"Decrescente";"Céu Claro";"Simples";"Curva";"Não";1;0;0;0;1;0;0;1;-23,41971433;-45,0428663;"SPRF-SP";"DEL06-SP";"UOP01-DEL06-SP"
536159;2023-07-16;"domingo";"05:00:00";"RS";290;139;"ELDORADO DO SUL";"Animais na Pista";"Atropelamento de Animal";"Sem Vítimas";"Plena Noite";"Decrescente";"Céu Claro";"Simples";"Reta";"Não";1;0;0;0;0;1;0;1;-30,078781;-51,59985;"SPRF-RS";"DEL02-RS";"UOP01-DEL02-RS"
536162;2023-07-16;"domingo";"08:00:00";"GO";70;2;"AGUAS LINDAS DE GOIAS";"Ingestão de álcool pelo condutor";"Colisão com objeto";"Sem Vítimas";"Pleno dia";"Decrescente";"Sol";"Múltipla";"Curva;Declive";"Sim";1;0;0;0;0;1;0;1;-15,767021;-48,229945;"SPRF-DF";"DEL03-DF";"UOP02-DEL03-DF"
536163;2023-07-16;"domingo";"06:51:00";"RO";319;64;"PORTO VELHO";"Desrespeitar a preferência no cruzamento";"Colisão transversal";"Com Vítimas Feridas";"Pleno dia";"Crescente";"Céu Claro";"Múltipla";"Interseção de Vias";"Sim";2;0;1;0;1;0;1;2;-8,76609137;-63,88455033;"SPRF-RO";"DEL01-RO";"UOP01-DEL01-RO"
536164;2023-07-16;"domingo";"00:30:00";"SP";116;360;"MIRACATU";"Mal súbito do condutor";"Saída de leito carroçável";"Com Vítimas Feridas";"Plena Noite";"Decrescente";"Ignorado";"Múltipla";"Aclive";"Não";1;0;1;0;0;0;1;1;-24,11248793;-47,26510606;"SPRF-SP";"DEL04-SP";"UOP03-DEL04-SP"
536165;2023-07-16;"domingo";"08:35:00";"CE";116;74;"CHOROZINHO";"Condutor Dormindo";"Queda de ocupante de veículo";"Com Vítimas Feridas";"Pleno dia";"Decrescente";"Nublado";"Simples";"Reta";"Não";1;0;0;1;0;0;1;1;-4,35447401;-38,46204702;"SPRF-CE";"DEL03-CE";"UOP02-DEL03-CE"
536166;2023-07-16;"domingo";"08:40:00";"BA";101;747;"ITABELA";"Transitar na contramão";"Colisão frontal";"Com Vítimas Fatais";"Pleno dia";"Crescente";"Céu Claro";"Simples";"Curva";"Não";2;1;0;0;1;0;0;2;-16,590726;-39,554628;"SPRF-BA";"DEL09-BA";"UOP01-DEL09-BA"
536167;2023-07-09;"domingo";"05:55:00";"RO";319;41;"PORTO VELHO";"Reação tardia ou ineficiente do condutor";"Atropelamento de Pedestre";"Com Vítimas Feridas";"Amanhecer";"Crescente";"Céu Claro";"Simples";"Em Obras;Reta";"Não";3;0;0;1;0;2;1;2;-8,63475;-63,996258;"SPRF-RO";"DEL01-RO";"UOP01-DEL01-RO"
536168;2023-07-16;"domingo";"08:40:00";"RJ";40;60;"PETROPOLIS";"Velocidade Incompatível";"Saída de leito carroçável";"Com Vítimas Feridas";"Pleno dia";"Crescente";"Céu Claro";"Dupla";"Reta";"Não";3;0;1;0;2;0;1;1;-22,39450315;-43,13468983;"SPRF-RJ";"DEL05-RJ";"UOP02-DEL05-RJ"
536170;2023-07-16;"domingo";"09:10:00";"MT";70;76,1;"GENERAL CARNEIRO";"Velocidade Incompatível";"Saída de leito carroçável";"Com Vítimas Feridas";"Pleno dia";"Crescente";"Céu Claro";"Simples";"Declive";"Não";1;0;1;0;0;0;1;1;-15,67421693;-52,81408803;"SPRF-MT";"DEL07-MT";"UOP01-DEL07-MT"
536171;2023-07-16;"domingo";"05:00:00";"SC";282;183,2;"BOCAINA DO SUL";"Ingestão de álcool pelo condutor";"Saída de leito carroçável";"Com Vítimas Feridas";"Plena Noite";"Crescente";"Ignorado";"Simples";"Declive;Reta";"Não";2;0;1;0;1;0;1;1;-27,73362;-49,968296;"SPRF-SC";"DEL05-SC";"UOP01-DEL05-SC"
536172;2023-06-23;"sexta-feira";"02:30:00";"RS";386;279,4;"SAO JOSE DO HERVAL";"Condutor Dormindo";"Saída de leito carroçável";"Com Vítimas Feridas";"Plena Noite";"Decrescente";"Chuva";"Simples";"Reta";"Não";1;0;0;1;0;0;1;1;-29,02337709;-52,31543541;"SPRF-RS";"DEL04-RS";"UOP03-DEL04-RS"
536173;2023-06-24;"sábado";"13:40:00";"PR";163;133,3;"CAPITAO LEONIDAS MARQUES";"Retorno proibido";"Colisão transversal";"Com Vítimas Feridas";"Pleno dia";"Decrescente";"Sol";"Dupla";"Declive;Reta";"Não";5;0;3;0;2;0;3;2;-25,55452378;-53,58756077;"SPRF-PR";"DEL05-PR";"UOP05-DEL05-PR"
536175;2023-07-16;"domingo";"08:38:00";"MS";163;288;"DOURADINA";"Ausência de reação do condutor";"Colisão traseira";"Com Vítimas Feridas";"Pleno dia";"Decrescente";"Nublado";"Simples";"Reta";"Sim";4;0;1;0;3;0;1;2;-22,083239;-54,569893;"SPRF-MS";"DEL04-MS";"UOP01-DEL04-MS"
536176;2023-07-16;"domingo";"11:00:00";"PR";369;229,8;"JANDAIA DO SUL";"Reação tardia ou ineficiente do condutor";"Saída de leito carroçável";"Com Vítimas Feridas";"Pleno dia";"Crescente";"Chuva";"Simples";"Declive;Curva";"Não";3;0;1;0;2;0;1;1;-23,59411567;-51,65333748;"SPRF-PR";"DEL09-PR";"UOP01-DEL09-PR"
536177;2023-07-11;"terça-feira";"09:30:00";"PI";135;320;"CRISTINO CASTRO";"Ultrapassagem Indevida";"Colisão lateral mesmo sentido";"Com Vítimas Feridas";"Pleno dia";"Decrescente";"Céu Claro";"Simples";"Reta";"Não";1;0;1;0;0;0;1;1;-8,84295612;-44,23126977;"SPRF-PI";"DEL03-PI";"UOP02-DEL03-PI"
536178;2023-07-16;"domingo";"11:10:00";"RS";290;104;"ELDORADO DO SUL";"Reação tardia ou ineficiente do condutor";"Queda de ocupante de veículo";"Com Vítimas Feridas";"Pleno dia";"Crescente";"Céu Claro";"Dupla";"Reta";"Sim";1;0;1;0;0;0;1;1;-29,993122;-51,275398;"SPRF-RS";"DEL02-RS";"UOP01-DEL02-RS"
536179;2023-07-16;"domingo";"10:35:00";"BA";116;527;"ITATIM";"Objeto estático sobre o leito carroçável";"Tombamento";"Com Vítimas Feridas";"Pleno dia";"Decrescente";"Sol";"Simples";"Curva";"Não";1;0;0;1;0;0;1;1;-12,71200819;-39,73679991;"SPRF-BA";"DEL03-BA";"UOP02-DEL03-BA"
536182;2023-07-16;"domingo";"12:15:00";"PB";230;154,3;"CAMPINA GRANDE";"Reação tardia ou ineficiente do condutor";"Tombamento";"Com Vítimas Feridas";"Pleno dia";"Crescente";"Nublado";"Simples";"Curva;Em Obras";"Sim";2;0;2;0;0;0;2;1;-7,2763;-35,8887;"SPRF-PB";"DEL02-PB";"UOP01-DEL02-PB"
536184;2023-07-16;"domingo";"12:00:00";"RJ";101;417,9;"MANGARATIBA";"Velocidade Incompatível";"Saída de leito carroçável";"Com Vítimas Fatais";"Pleno dia";"Crescente";"Céu Claro";"Simples";"Aclive";"Não";1;1;0;0;0;0;0;1;-22,9178274;-43,90471593;"SPRF-RJ";"DEL03-RJ";"UOP02-DEL03-RJ"
536186;2023-07-16;"domingo";"10:30:00";"TO";153;346,9;"FORTALEZA DO TABOCAO";"Desrespeitar a preferência no cruzamento";"Colisão transversal";"Com Vítimas Feridas";"Pleno dia";"Crescente";"Céu Claro";"Simples";"Reta";"Não";3;0;1;0;2;0;1;2;-8,95229538;-48,5001081;"SPRF-TO";"DEL02-TO";"UOP02-DEL02-TO"
536187;2023-07-16;"domingo";"12:45:00";"SC";101;59,7;"ARAQUARI";"Ausência de reação do condutor";"Colisão traseira";"Com Vítimas Feridas";"Pleno dia";"Crescente";"Sol";"Dupla";"Curva";"Não";4;0;1;0;3;0;1;3;-26,44651734;-48,79426826;"SPRF-SC";"DEL03-SC";"UOP02-DEL03-SC"
536190;2023-07-16;"domingo";"04:00:00";"RS";471;190,5;"RIO PARDO";"Reação tardia ou ineficiente do condutor";"Saída de leito carroçável";"Sem Vítimas";"Plena Noite";"Crescente";"Céu Claro";"Simples";"Reta";"Não";1;0;0;0;0;1;0;1;-30,15424223;-52,37463176;"SPRF-RS";"DEL02-RS";"UOP03-DEL02-RS"
536196;2023-07-16;"domingo";"13:30:00";"SC";101;205,5;"SAO JOSE";"Reação tardia ou ineficiente do condutor";"Queda de ocupante de veículo";"Sem Vítimas";"Pleno dia";"Decrescente";"Céu Claro";"Múltipla";"Reta";"Sim";1;0;0;0;1;0;0;1;-27,58313237;-48,61532885;"SPRF-SC";"DEL01-SC";"UOP01-DEL01-SC"
536197;2023-07-16;"domingo";"11:45:00";"MG";116;552,7;"SANTA BARBARA DO LESTE";"Ausência de reação do condutor";"Saída de leito carroçável";"Com Vítimas Feridas";"Pleno dia";"Decrescente";"Nublado";"Simples";"Reta";"Não";4;0;4;0;0;0;4;1;-19,98476697;-42,1434265;"SPRF-MG";"DEL06-MG";"UOP02-DEL06-MG"
536200;2023-07-16;"domingo";"12:40:00";"RS";472;577;"URUGUAIANA";"Conversão proibida";"Colisão transversal";"Com Vítimas Feridas";"Pleno dia";"Crescente";"Céu Claro";"Simples";"Curva;Interseção de Vias";"Sim";3;0;1;0;2;0;1;2;-29,778298;-57,061285;"SPRF-RS";"DEL13-RS";"UOP01-DEL13-RS"
536201;2023-07-16;"domingo";"13:20:00";"RJ";101;268;"RIO BONITO";"Reação tardia ou ineficiente do condutor";"Colisão traseira";"Sem Vítimas";"Pleno dia";"Crescente";"Céu Claro";"Dupla";"Reta";"Não";5;0;0;0;5;0;0;2;-22,7112997;-42,66922613;"SPRF-RJ";"DEL02-RJ";"UOP03-DEL02-RJ"
536203;2023-07-16;"domingo";"10:00:00";"MG";116;816,1;"ALEM PARAIBA";"Ingestão de álcool pelo condutor";"Queda de ocupante de veículo";"Com Vítimas Feridas";"Pleno dia";"Crescente";"Céu Claro";"Simples";"Reta";"Não";2;0;1;0;0;1;1;2;-21,86902523;-42,67084185;"SPRF-MG";"DEL07-MG";"UOP01-DEL07-MG"
536204;2023-07-16;"domingo";"14:55:00";"SC";101;90,9;"BARRA VELHA";"Avarias e/ou desgaste excessivo no pneu";"Queda de ocupante de veículo";"Com Vítimas Feridas";"Pleno dia";"Decrescente";"Sol";"Múltipla";"Declive;Reta";"Não";2;0;1;1;0;0;2;1;-26,67120698;-48,69011814;"SPRF-SC";"DEL03-SC";"UOP02-DEL03-SC"
536206;2023-07-16;"domingo";"14:15:00";"RS";287;258;"SANTA MARIA";"Reação tardia ou ineficiente do condutor";"Colisão transversal";"Com Vítimas Feridas";"Pleno dia";"Decrescente";"Céu Claro";"Simples";"Reta;Declive";"Não";2;0;1;0;1;0;1;2;-29,67776925;-53,95066209;"SPRF-RS";"DEL09-RS";"UOP01-DEL09-RS"
536209;2023-07-16;"domingo";"14:40:00";"SP";116;73,5;"APARECIDA";"Ausência de reação do condutor";"Colisão traseira";"Com Vítimas Feridas";"Pleno dia";"Crescente";"Céu Claro";"Dupla";"Reta";"Não";2;0;1;0;1;0;1;2;-22,86998483;-45,24430721;"SPRF-SP";"DEL08-SP";"UOP01-DEL08-SP"
536210;2023-07-16;"domingo";"15:00:00";"BA";324;617;"SALVADOR";"Avarias e/ou desgaste excessivo no pneu";"Queda de ocupante de veículo";"Com Vítimas Feridas";"Pleno dia";"Crescente";"Céu Claro";"Dupla";"Reta";"Sim";2;0;1;0;1;0;1;1;-12,8860325;-38,43806469;"SPRF-BA";"DEL01-BA";"UOP01-DEL01-BA"
536211;2023-07-16;"domingo";"14:50:00";"RS";290;721,3;"URUGUAIANA";"Acesso irregular";"Colisão transversal";"Com Vítimas Feridas";"Pleno dia";"Decrescente";"Céu Claro";"Simples";"Interseção de Vias;Rotatória";"Sim";3;0;2;0;0;1;2;2;-29,758587;-57,060295;"SPRF-RS";"DEL13-RS";"UOP01-DEL13-RS"