"id";"data_inversa";"dia_semana";"horario";"uf";"br";"km";"municipio";"causa_acidente";"tipo_acidente";"classificacao_acidente";"fase_dia";"sentido_via";"condicao_metereologica";"tipo_pista";"tracado_via";"uso_solo";"pessoas";"mortos";"feridos_leves";"feridos_graves";"ilesos";"ignorados";"feridos";"veiculos";"latitude";"longitude";"regional";"delegacia";"uop"
536212;2023-07-16;"domingo";"14:20:00";"BA";324;584,8;"CANDEIAS";"Manobra de mudança de faixa";"Saída de leito carroçável";"Com Vítimas Feridas";"Pleno dia";"Decrescente";"Sol";"Dupla";"Reta";"Não";1;0;1;0;0;0;1;1;-12,64084033;-38,47628637;"SPRF-BA";"DEL01-BA";"UOP01-DEL01-BA"
536215;2023-07-16;"domingo";"15:50:00";"RS";116;228,3;"DOIS IRMAOS";"Acessar a via sem observar a presença dos outros veículos";"Colisão lateral mesmo sentido";"Com Vítimas Feridas";"Pleno dia";"Crescente";"Sol";"Simples";"Em Obras";"Não";3;0;1;0;2;0;1;2;-29,61103966;-51,12425074;"SPRF-RS";"DEL01-RS";"UOP02-DEL01-RS"
536216;2023-07-16;"domingo";"15:50:00";"MG";40;493;"ESMERALDAS";"Avarias e/ou desgaste excessivo no pneu";"Colisão com objeto";"Com Vítimas Feridas";"Pleno dia";"Decrescente";"Chuva";"Dupla";"Curva;Declive";"Não";6;0;4;0;2;0;4;2;-19,64620694;-44,20301977;"SPRF-MG";"DEL02-MG";"UOP01-DEL02-MG"
536217;2023-07-16;"domingo";"15:00:00";"MG";381;420;"CAETE";"Ausência de reação do condutor";"Colisão com objeto";"Com Vítimas Fatais";"Pleno dia";"Crescente";"Céu Claro";"Dupla";"Aclive;Reta";"Não";1;1;0;0;0;0;0;1;-19,77712975;-43,65501412;"SPRF-MG";"DEL01-MG";"UOP01-DEL01-MG"
536218;2023-07-16;"domingo";"16:00:00";"GO";50;217;"CAMPO ALEGRE DE GOIAS";"Ausência de reação do condutor";"Saída de leito carroçável";"Com Vítimas Feridas";"Pleno dia";"Decrescente";"Céu Claro";"Dupla";"Reta";"Não";1;0;1;0;0;0;1;1;-17,6978;-47,7233;"SPRF-GO";"DEL06-GO";"UOP01-DEL06-GO"
536219;2023-07-16;"domingo";"12:20:00";"MG";381;427,5;"CAETE";"Curva acentuada";"Saída de leito carroçável";"Com Vítimas Feridas";"Pleno dia";"Crescente";"Céu Claro";"Dupla";"Curva;Aclive";"Não";4;0;3;0;1;0;3;1;-19,78854826;-43,69815304;"SPRF-MG";"DEL01-MG";"UOP01-DEL01-MG"
536220;2023-07-16;"domingo";"16:30:00";"RJ";356;12;"ITAPERUNA";"Ausência de reação do condutor";"Atropelamento de Pedestre";"Com Vítimas Feridas";"Pleno dia";"Crescente";"Céu Claro";"Simples";"Reta";"Não";4;0;1;0;3;0;1;2;-21,16687137;-42,08055587;"SPRF-RJ";"DEL08-RJ";"UOP03-DEL08-RJ"
536221;2023-07-16;"domingo";"14:10:00";"RO";364;13;"VILHENA";"Acessar a via sem observar a presença dos outros veículos";"Colisão transversal";"Com Vítimas Feridas";"Pleno dia";"Crescente";"Céu Claro";"Dupla";"Rotatória";"Sim";2;0;1;0;1;0;1;2;-12,73898138;-60,13911417;"SPRF-RO";"DEL04-RO";"UOP01-DEL04-RO"
536222;2023-07-16;"domingo";"14:05:00";"PB";405;5,4;"UIRAUNA";"Conversão proibida";"Colisão com objeto";"Com Vítimas Feridas";"Pleno dia";"Crescente";"Céu Claro";"Simples";"Rotatória";"Não";2;0;1;1;0;0;2;1;-6,498716;-38,396358;"SPRF-PB";"DEL03-PB";"UOP03-DEL03-PB"
536223;2023-07-16;"domingo";"16:25:00";"RS";392;75;"PELOTAS";"Ausência de reação do condutor";"Tombamento";"Com Vítimas Feridas";"Pleno dia";"Decrescente";"Céu Claro";"Simples";"Reta";"Não";2;0;1;0;1;0;1;1;-31,70266721;-52,41222613;"SPRF-RS";"DEL07-RS";"UOP01-DEL07-RS"
536224;2023-07-16;"domingo";"16:25:00";"SE";101;92;"NOSSA SENHORA DO SOCORRO";"Mal súbito do condutor";"Queda de ocupante de veículo";"Com Vítimas Feridas";"Pleno dia";"Decrescente";"Sol";"Dupla";"Reta";"Sim";1;0;1;0;0;0;1;1;-10,90169474;-37,13619222;"SPRF-SE";"DEL01-SE";"UOP01-DEL01-SE"
536225;2023-07-16;"domingo";"16:33:00";"GO";40;5;"VALPARAISO DE GOIAS";"Acesso irregular";"Colisão lateral sentido oposto";"Com Vítimas Feridas";"Pleno dia";"Decrescente";"Céu Claro";"Dupla";"Reta";"Sim";2;0;1;0;1;0;1;2;-16,093134;-47,982236;"SPRF-DF";"DEL01-DF";"UOP01-DEL01-DF"
536226;2023-07-15;"sábado";"16:30:00";"MG";459;92,9;"POUSO ALEGRE";"Velocidade Incompatível";"Saída de leito carroçável";"Sem Vítimas";"Pleno dia";"Crescente";"Céu Claro";"Simples";"Curva;Aclive";"Não";1;0;0;0;1;0;0;1;-22,173647;-46,001644;"SPRF-MG";"DEL09-MG";"UOP01-DEL09-MG"
536227;2023-07-16;"domingo";"12:30:00";"BA";235;49,9;"JEREMOABO";"Desrespeitar a preferência no cruzamento";"Colisão transversal";"Com Vítimas Fatais";"Pleno dia";"Crescente";"Céu Claro";"Simples";"Reta";"Não";3;1;1;0;1;0;1;2;-10,09007047;-38,09536904;"SPRF-SE";"DEL01-SE";"UOP02-DEL01-SE"
536228;2023-07-16;"domingo";"15:40:00";"MG";262;401,9;"PARA DE MINAS";"Velocidade Incompatível";"Saída de leito carroçável";"Com Vítimas Feridas";"Pleno dia";"Crescente";"Sol";"Dupla";"Curva";"Não";3;0;2;0;1;0;2;2;-19,90018759;-44,55287088;"SPRF-MG";"DEL01-MG";"UOP03-DEL01-MG"
536230;2023-07-16;"domingo";"15:30:00";"RN";226;66,1;"SERRA CAIADA";"Mal súbito do condutor";"Colisão com objeto";"Sem Vítimas";"Pleno dia";"Crescente";"Céu Claro";"Simples";"Aclive;Reta";"Não";1;0;0;0;1;0;0;1;-6,08141822;-35,69200576;"SPRF-RN";"DEL01-RN";"UOP02-DEL01-RN"
536231;2023-07-16;"domingo";"16:20:00";"MS";163;373;"NOVA ALVORADA DO SUL";"Condutor Dormindo";"Colisão com objeto";"Sem Vítimas";"Pleno dia";"Crescente";"Céu Claro";"Dupla";"Curva;Declive";"Não";2;0;0;0;2;0;0;1;-21,40151579;-54,40400077;"SPRF-MS";"DEL02-MS";"UOP01-DEL02-MS"
536233;2023-07-16;"domingo";"07:50:00";"AC";364;104,4;"RIO BRANCO";"Ingestão de álcool pelo condutor";"Saída de leito carroçável";"Com Vítimas Feridas";"Pleno dia";"Decrescente";"Céu Claro";"Simples";"Aclive";"Não";8;0;8;0;0;0;8;1;-10,04213443;-67,61994231;"SPRF-AC";"DEL01-AC";"UOP01-DEL01-AC"
536234;2023-07-16;"domingo";"17:00:00";"SC";282;25,7;"SANTO AMARO DA IMPERATRIZ";"Conversão proibida";"Colisão transversal";"Com Vítimas Feridas";"Anoitecer";"Crescente";"Céu Claro";"Simples";"Reta";"Não";2;0;1;0;1;0;1;2;-27,678228;-48,752895;"SPRF-SC";"DEL01-SC";"UOP03-DEL01-SC"
536236;2023-07-16;"domingo";"17:20:00";"PR";116;152;"MANDIRITUBA";"Reação tardia ou ineficiente do condutor";"Colisão lateral mesmo sentido";"Com Vítimas Feridas";"Pleno dia";"Crescente";"Céu Claro";"Simples";"Reta";"Não";2;0;1;0;0;1;1;2;-25,856393;-49,358883;"SPRF-PR";"DEL01-PR";"UOP03-DEL01-PR"
536237;2023-07-16;"domingo";"16:15:00";"RS";293;211,1;"DOM PEDRITO";"Manobra de mudança de faixa";"Saída de leito carroçável";"Com Vítimas Feridas";"Pleno dia";"Decrescente";"Céu Claro";"Simples";"Reta";"Não";5;0;1;0;2;2;1;2;-31,17888619;-54,34040016;"SPRF-RS";"DEL11-RS";"UOP03-DEL11-RS"
536238;2023-07-16;"domingo";"14:55:00";"SC";101;139,2;"BALNEARIO CAMBORIU";"Demais falhas mecânicas ou elétricas";"Incêndio";"Sem Vítimas";"Pleno dia";"Crescente";"Céu Claro";"Dupla";"Aclive;Reta";"Não";1;0;0;0;1;0;0;1;-27,02982303;-48,60115006;"SPRF-SC";"DEL04-SC";"UOP03-DEL04-SC"
536239;2023-07-16;"domingo";"17:15:00";"PR";376;591,9;"CURITIBA";"Demais falhas mecânicas ou elétricas";"Tombamento";"Com Vítimas Feridas";"Pleno dia";"Crescente";"Nublado";"Dupla";"Reta";"Sim";2;0;1;1;0;0;2;1;-25,45999605;-49,35895013;"SPRF-PR";"DEL01-PR";"UOP06-DEL01-PR"
536240;2023-07-16;"domingo";"14:50:00";"AM";230;650;"HUMAITA";"Ausência de reação do condutor";"Colisão lateral mesmo sentido";"Com Vítimas Feridas";"Pleno dia";"Crescente";"Nublado";"Simples";"Reta";"Não";3;0;2;0;1;0;2;2;-7,52139481;-63,34771514;"SPRF-AM";"DEL01-AM";"UOP05-DEL01-AM"
536242;2023-07-16;"domingo";"09:00:00";"PR";277;488;"NOVA LARANJEIRAS";"Ausência de reação do condutor";"Saída de leito carroçável";"Sem Vítimas";"Pleno dia";"Crescente";"Nublado";"Simples";"Curva";"Não";1;0;0;0;0;1;0;1;-25,24942715;-52,6289131;"SPRF-PR";"DEL04-PR";"UOP02-DEL04-PR"
536243;2023-07-16;"domingo";"11:40:00";"AM";174;982;"PRESIDENTE FIGUEIREDO";"Velocidade Incompatível";"Queda de ocupante de veículo";"Com Vítimas Feridas";"Pleno dia";"Crescente";"Sol";"Simples";"Curva;Ponte";"Não";3;0;3;0;0;0;3;2;-2,12045208;-59,99420138;"SPRF-AM";"DEL01-AM";"UOP02-DEL01-AM"
536245;2023-07-16;"domingo";"18:05:00";"RS";116;249,6;"SAO LEOPOLDO";"Reação tardia ou ineficiente do condutor";"Colisão com objeto";"Com Vítimas Feridas";"Anoitecer";"Decrescente";"Céu Claro";"Dupla";"Curva";"Sim";3;0;1;0;2;0;1;1;-29,7831804;-51,16099063;"SPRF-RS";"DEL01-RS";"UOP02-DEL01-RS"
536248;2023-07-16;"domingo";"16:45:00";"MG";364;2;"PLANURA";"Acessar a via sem observar a presença dos outros veículos";"Colisão transversal";"Com Vítimas Feridas";"Pleno dia";"Decrescente";"Céu Claro";"Simples";"Interseção de Vias";"Sim";5;0;1;0;4;0;1;2;-20,147685;-48,68843;"SPRF-MG";"DEL13-MG";"UOP02-DEL13-MG"
536249;2023-07-16;"domingo";"18:20:00";"MG";146;442,1;"CABO VERDE";"Desrespeitar a preferência no cruzamento";"Colisão transversal";"Com Vítimas Feridas";"Plena Noite";"Crescente";"Céu Claro";"Simples";"Interseção de Vias;Aclive;Reta";"Não";5;0;4;0;1;0;4;2;-21,466084;-46,403893;"SPRF-MG";"DEL09-MG";"UOP01-DEL09-MG"
536251;2023-07-16;"domingo";"15:40:00";"RS";386;362;"ESTRELA";"Manobra de mudança de faixa";"Colisão lateral mesmo sentido";"Com Vítimas Feridas";"Pleno dia";"Crescente";"Céu Claro";"Dupla";"Reta;Retorno Regulamentado";"Não";7;0;2;0;5;0;2;2;-29,557457;-51,891541;"SPRF-RS";"DEL04-RS";"UOP01-DEL04-RS"
536252;2023-07-16;"domingo";"18:00:00";"MG";116;626,7;"ORIZANIA";"Conversão proibida";"Colisão transversal";"Com Vítimas Feridas";"Anoitecer";"Crescente";"Céu Claro";"Simples";"Interseção de Vias;Reta";"Não";2;0;0;1;1;0;1;2;-20,55945671;-42,20846599;"SPRF-MG";"DEL07-MG";"UOP02-DEL07-MG"
536253;2023-07-16;"domingo";"17:45:00";"SP";153;331,5;"SALTO GRANDE";"Ultrapassagem Indevida";"Saída de leito carroçável";"Com Vítimas Feridas";"Pleno dia";"Crescente";"Céu Claro";"Simples";"Aclive";"Não";6;0;1;0;4;1;1;2;-22,853448;-49,88959919;"SPRF-SP";"DEL07-SP";"UOP03-DEL07-SP"
536254;2023-07-16;"domingo";"18:15:00";"SC";101;321;"PESCARIA BRAVA";"Manobra de mudança de faixa";"Colisão lateral mesmo sentido";"Sem Vítimas";"Plena Noite";"Decrescente";"Céu Claro";"Dupla";"Reta";"Não";3;0;0;0;2;1;0;2;-28,42532339;-48,8919091;"SPRF-SC";"DEL02-SC";"UOP01-DEL02-SC"
536255;2023-07-16;"domingo";"18:15:00";"RS";158;316,9;"ITAARA";"Velocidade Incompatível";"Tombamento";"Com Vítimas Feridas";"Plena Noite";"Crescente";"Céu Claro";"Simples";"Declive;Curva";"Não";1;0;0;1;0;0;1;1;-29,6581481;-53,77318382;"SPRF-RS";"DEL09-RS";"UOP01-DEL09-RS"
536259;2023-07-16;"domingo";"18:50:00";"RS";392;628,2;"SETE DE SETEMBRO";"Transitar na contramão";"Colisão frontal";"Com Vítimas Fatais";"Plena Noite";"Decrescente";"Céu Claro";"Simples";"Curva";"Não";2;1;0;1;0;0;1;2;-28,166923;-54,419456;"SPRF-RS";"DEL10-RS";"UOP01-DEL10-RS"
536260;2023-07-16;"domingo";"06:10:00";"MS";163;110,7;"ITAQUIRAI";"Ausência de reação do condutor";"Saída de leito carroçável";"Sem Vítimas";"Amanhecer";"Crescente";"Nublado";"Dupla";"Reta";"Não";1;0;0;0;1;0;0;1;-23,19716599;-54,20125317;"SPRF-MS";"DEL09-MS";"UOP01-DEL09-MS"
536261;2023-07-16;"domingo";"18:40:00";"SC";101;137,1;"BALNEARIO CAMBORIU";"Ausência de reação do condutor";"Colisão traseira";"Com Vítimas Feridas";"Pleno dia";"Decrescente";"Céu Claro";"Múltipla";"Reta";"Sim";4;0;1;0;3;0;1;2;-27,0157238;-48,61192763;"SPRF-SC";"DEL04-SC";"UOP03-DEL04-SC"
536262;2023-07-16;"domingo";"18:35:00";"DF";80;8,5;"BRASILIA";"Ultrapassagem Indevida";"Colisão frontal";"Com Vítimas Feridas";"Plena Noite";"Decrescente";"Céu Claro";"Simples";"Reta";"Não";2;0;0;1;1;0;1;2;-15,731198;-48,148598;"SPRF-DF";"DEL03-DF";"UOP02-DEL03-DF"
536264;2023-07-16;"domingo";"18:55:00";"AL";424;97;"SANTA LUZIA DO NORTE";"Demais falhas mecânicas ou elétricas";"Incêndio";"Sem Vítimas";"Plena Noite";"Decrescente";"Nublado";"Simples";"Reta";"Não";3;0;0;0;3;0;0;1;-9,62621998;-35,86159389;"SPRF-AL";"DEL02-AL";"UOP01-DEL02-AL"
536265;2023-01-09;"segunda-feira";"10:00:00";"MG";267;80,5;"JUIZ DE FORA";"Condutor Dormindo";"Saída de leito carroçável";"Sem Vítimas";"Pleno dia";"Crescente";"Chuva";"Simples";"Curva";"Não";1;0;0;0;1;0;0;1;-21,75478617;-43,21241781;"SPRF-MG";"DEL05-MG";"UOP01-DEL05-MG"
536266;2023-07-16;"domingo";"19:05:00";"BA";101;878;"TEIXEIRA DE FREITAS";"Animais na Pista";"Atropelamento de Animal";"Com Vítimas Feridas";"Plena Noite";"Crescente";"Céu Claro";"Simples";"Reta";"Não";2;0;1;1;0;0;2;1;-17,545601;-39,718553;"SPRF-BA";"DEL09-BA";"UOP02-DEL09-BA"
536267;2023-07-16;"domingo";"18:00:00";"MS";163;363;"NOVA ALVORADA DO SUL";"Ingestão de álcool e/ou substâncias psicoativas pelo pedestre";"Colisão traseira";"Com Vítimas Feridas";"Plena Noite";"Crescente";"Céu Claro";"Simples";"Reta";"Não";3;0;1;0;2;0;1;2;-21,48135205;-54,38904986;"SPRF-MS";"DEL02-MS";"UOP02-DEL02-MS"
536268;2023-07-16;"domingo";"18:30:00";"MG";381;0,9;"BETIM";"Condutor deixou de manter distância do veículo da frente";"Colisão traseira";"Com Vítimas Feridas";"Plena Noite";"Decrescente";"Céu Claro";"Dupla";"Reta";"Sim";3;0;1;0;2;0;1;2;-19,9680594;-44,1597152;"SPRF-MG";"DEL01-MG";"UOP03-DEL01-MG"
536269;2023-07-16;"domingo";"19:07:00";"ES";101;271;"SERRA";"Desrespeitar a preferência no cruzamento";"Colisão transversal";"Com Vítimas Feridas";"Anoitecer";"Crescente";"Nublado";"Múltipla";"Reta";"Sim";2;0;1;0;1;0;1;2;-20,23267;-40,27658;"SPRF-ES";"DEL02-ES";"UOP01-DEL02-ES"
536270;2023-07-16;"domingo";"19:15:00";"RJ";116;172;"SAO JOAO DE MERITI";"Ausência de reação do condutor";"Capotamento";"Com Vítimas Feridas";"Plena Noite";"Crescente";"Céu Claro";"Múltipla";"Reta";"Sim";2;0;1;1;0;0;2;1;-22,80188151;-43,35043673;"SPRF-RJ";"DEL01-RJ";"UOP02-DEL01-RJ"
536271;2023-07-16;"domingo";"18:00:00";"SC";101;10;"GARUVA";"Transitar na contramão";"Colisão frontal";"Sem Vítimas";"Plena Noite";"Crescente";"Nublado";"Simples";"Curva;Viaduto";"Sim";4;0;0;0;4;0;0;2;-26,063011;-48,86020605;"SPRF-SC";"DEL03-SC";"UOP01-DEL03-SC"
536272;2023-07-16;"domingo";"18:33:00";"MG";381;455;"BELO HORIZONTE";"Transitar na contramão";"Colisão frontal";"Com Vítimas Feridas";"Plena Noite";"Decrescente";"Céu Claro";"Simples";"Reta";"Não";3;0;0;1;1;1;1;2;-19,85777408;-43,90468298;"SPRF-MG";"DEL01-MG";"UOP01-DEL01-MG"
536273;2023-07-16;"domingo";"15:30:00";"MT";70;728;"CACERES";"Acessar a via sem observar a presença dos outros veículos";"Colisão transversal";"Com Vítimas Feridas";"Pleno dia";"Decrescente";"Céu Claro";"Simples";"Reta";"Sim";3;0;1;0;1;1;1;2;-16,16906177;-57,60941461;"SPRF-MT";"DEL03-MT";"UOP01-DEL03-MT"
536277;2023-07-16;"domingo";"18:30:00";"BA";110;318;"ALAGOINHAS";"Transitar na contramão";"Colisão frontal";"Com Vítimas Fatais";"Plena Noite";"Decrescente";"Céu Claro";"Simples";"Reta";"Não";5;1;4;0;0;0;4;2;-12,05258091;-38,36108068;"SPRF-BA";"DEL01-BA";"UOP04-DEL01-BA"
536278;2023-07-16;"domingo";"18:30:00";"GO";60;234;"CEZARINA";"Reação tardia ou ineficiente do condutor";"Capotamento";"Com Vítimas Feridas";"Plena Noite";"Crescente";"Céu Claro";"Dupla";"Retorno Regulamentado";"Não";2;0;2;0;0;0;2;1;-17,0757;-49,8215;"SPRF-GO";"DEL01-GO";"UOP02-DEL01-GO"
536279;2023-07-16;"domingo";"19:00:00";"SP";381;50;"ATIBAIA";"Ingestão de álcool pelo condutor";"Tombamento";"Com Vítimas Feridas";"Plena Noite";"Decrescente";"Nublado";"Dupla";"Reta";"Sim";2;0;1;0;1;0;1;2;-23,21299091;-46,59318924;"SPRF-SP";"DEL03-SP";"UOP01-DEL03-SP"
536280;2023-07-16;"domingo";"19:30:00";"RJ";101;590;"PARATY";"Pedestre andava na pista";"Atropelamento de Pedestre";"Com Vítimas Feridas";"Plena Noite";"Crescente";"Céu Claro";"Simples";"Reta";"Não";2;0;0;1;1;0;1;2;-23,30840813;-44,70725998;"SPRF-RJ";"DEL03-RJ";"UOP04-DEL03-RJ"
536281;2023-07-16;"domingo";"16:30:00";"MA";226;46,7;"CAXIAS";"Velocidade Incompatível";"Capotamento";"Com Vítimas Fatais";"Pleno dia";"Decrescente";"Céu Claro";"Simples";"Reta";"Não";11;1;9;1;0;0;10;1;-5,224909;-43,451706;"SPRF-MA";"DEL03-MA";"UOP02-DEL03-MA"
536282;2023-07-16;"domingo";"20:00:00";"MG";381;443,5;"SABARA";"Transitar no Acostamento";"Colisão lateral mesmo sentido";"Com Vítimas Feridas";"Plena Noite";"Crescente";"Céu Claro";"Simples";"Declive;Curva";"Sim";2;0;0;1;1;0;1;2;-19,822546;-43,817345;"SPRF-MG";"DEL01-MG";"UOP01-DEL01-MG"
536283;2023-07-16;"domingo";"18:15:00";"MS";163;680,9;"RIO VERDE DE MATO GROSSO";"Transitar na contramão";"Colisão frontal";"Com Vítimas Feridas";"Plena Noite";"Crescente";"Céu Claro";"Simples";"Reta";"Sim";2;0;1;0;0;1;1;2;-18,92417173;-54,83538529;"SPRF-MS";"DEL06-MS";"UOP02-DEL06-MS"
536284;2023-07-16;"domingo";"19:00:00";"DF";80;8;"BRASILIA";"Ingestão de álcool pelo condutor";"Engavetamento";"Com Vítimas Feridas";"Plena Noite";"Decrescente";"Céu Claro";"Simples";"Reta";"Não";5;0;1;0;3;1;1;4;-15,731166;-48,158044;"SPRF-DF";"DEL03-DF";"UOP02-DEL03-DF"
536285;2023-07-16;"domingo";"17:50:00";"PR";277;681,2;"MEDIANEIRA";"Acessar a via sem observar a presença dos outros veículos";"Colisão transversal";"Com Vítimas Feridas";"Anoitecer";"Crescente";"Vento";"Dupla";"Reta;Declive";"Não";2;0;0;1;1;0;1;2;-25,32705338;-54,17332888;"SPRF-PR";"DEL05-PR";"UOP01-DEL05-PR"
536287;2023-07-16;"domingo";"19:50:00";"RJ";101;323;"NITEROI";"Ingestão de álcool pelo condutor";"Colisão lateral mesmo sentido";"Sem Vítimas";"Plena Noite";"Decrescente";"Céu Claro";"Dupla";"Reta";"Sim";3;0;0;0;3;0;0;2;-22,87684786;-43,11728689;"SPRF-RJ";"DEL02-RJ";"UOP01-DEL02-RJ"
536288;2023-07-16;"domingo";"11:42:00";"RS";470;213;"BENTO GONCALVES";"Acessar a via sem observar a presença dos outros veículos";"Colisão traseira";"Sem Vítimas";"Pleno dia";"Decrescente";"Céu Claro";"Dupla";"Curva";"Sim";3;0;0;0;3;0;0;2;-29,138703;-51,542708;"SPRF-RS";"DEL06-RS";"UOP01-DEL06-RS"
536289;2023-07-16;"domingo";"18:50:00";"PA";230;2;"ALTAMIRA";"Transitar na contramão";"Colisão frontal";"Com Vítimas Feridas";"Anoitecer";"Decrescente";"Céu Claro";"Dupla";"Declive;Reta";"Sim";2;0;1;0;0;1;1;2;-3,18090608;-52,18458295;"SPRF-PA";"DEL04-PA";"UOP01-DEL04-PA"
536290;2023-07-16;"domingo";"19:00:00";"RO";319;63;"PORTO VELHO";"Reação tardia ou ineficiente do condutor";"Colisão transversal";"Com Vítimas Feridas";"Plena Noite";"Crescente";"Céu Claro";"Dupla";"Reta";"Sim";2;0;2;0;0;0;2;2;-8,75671775;-63,88657808;"SPRF-RO";"DEL01-RO";"UOP01-DEL01-RO"
536291;2023-07-16;"domingo";"20:30:00";"ES";101;265,8;"SERRA";"Entrada inopinada do pedestre";"Eventos atípicos";"Com Vítimas Feridas";"Plena Noite";"Decrescente";"Céu Claro";"Múltipla";"Reta";"Sim";2;0;1;0;1;0;1;2;-20,1816849;-40,26536036;"SPRF-ES";"DEL02-ES";"UOP01-DEL02-ES"
536292;2023-07-16;"domingo";"18:50:00";"SP";116;282;"EMBU DAS ARTES";"Manobra de mudança de faixa";"Colisão lateral mesmo sentido";"Com Vítimas Feridas";"Plena Noite";"Decrescente";"Céu Claro";"Múltipla";"Reta";"Sim";2;0;0;1;1;0;1;2;-23,68570216;-46,85970975;"SPRF-SP";"DEL04-SP";"UOP01-DEL04-SP"
536293;2023-07-16;"domingo";"17:50:00";"RJ";101;511;"ANGRA DOS REIS";"Ingestão de álcool pelo condutor";"Colisão transversal";"Com Vítimas Feridas";"Anoitecer";"Decrescente";"Céu Claro";"Dupla";"Interseção de Vias;Reta";"Sim";5;0;4;1;0;0;5;2;-22,9609111;-44,4382966;"SPRF-RJ";"DEL03-RJ";"UOP03-DEL03-RJ"
536294;2023-07-16;"domingo";"20:05:00";"PR";376;203,4;"MANDAGUARI";"Reação tardia ou ineficiente do condutor";"Queda de ocupante de veículo";"Com Vítimas Feridas";"Plena Noite";"Decrescente";"Céu Claro";"Dupla";"Reta";"Não";2;0;2;0;0;0;2;1;-23,50951388;-51,72140497;"SPRF-PR";"DEL09-PR";"UOP01-DEL09-PR"
536295;2023-07-16;"domingo";"20:00:00";"RN";406;150;"CEARA-MIRIM";"Ingestão de álcool pelo condutor";"Colisão traseira";"Sem Vítimas";"Plena Noite";"Crescente";"Chuva";"Simples";"Reta";"Não";2;0;0;0;2;0;0;2;-5,64974982;-35,43234997;"SPRF-RN";"DEL02-RN";"UOP01-DEL02-RN"
536297;2023-07-16;"domingo";"20:45:00";"ES";101;219,6;"IBIRACU";"Pedestre andava na pista";"Atropelamento de Pedestre";"Com Vítimas Fatais";"Plena Noite";"Decrescente";"Céu Claro";"Dupla";"Curva";"Não";2;1;0;0;1;0;0;2;-19,86460092;-40,38336629;"SPRF-ES";"DEL02-ES";"UOP01-DEL02-ES"
536300;2023-07-16;"domingo";"15:50:00";"RJ";40;122;"DUQUE DE CAXIAS";"Condutor deixou de manter distância do veículo da frente";"Colisão traseira";"Com Vítimas Feridas";"Pleno dia";"Crescente";"Céu Claro";"Múltipla";"Reta";"Não";2;0;1;0;1;0;1;2;-22,79083113;-43,28611569;"SPRF-RJ";"DEL01-RJ";"UOP01-DEL01-RJ"
536301;2023-07-16;"domingo";"18:15:00";"PR";369;13,3;"CAMBARA";"Restrição de visibilidade em curvas horizontais";"Saída de leito carroçável";"Com Vítimas Feridas";"Anoitecer";"Crescente";"Céu Claro";"Simples";"Reta";"Não";3;0;1;1;1;0;2;1;-23,01440215;-50,01537323;"SPRF-PR";"DEL07-PR";"UOP05-DEL07-PR"
536302;2023-07-16;"domingo";"19:20:00";"SC";282;222;"LAGES";"Ausência de sinalização";"Colisão traseira";"Com Vítimas Feridas";"Plena Noite";"Crescente";"Céu Claro";"Simples";"Reta;Aclive";"Não";4;0;1;1;2;0;2;2;-27,797739;-50,353409;"SPRF-SC";"DEL05-SC";"UOP01-DEL05-SC"
536303;2023-07-16;"domingo";"18:45:00";"SC";470;108;"APIUNA";"Acessar a via sem observar a presença dos outros veículos";"Colisão transversal";"Com Vítimas Feridas";"Plena Noite";"Crescente";"Céu Claro";"Dupla";"Reta";"Não";2;0;0;1;1;0;1;2;-27,080708;-49,440491;"SPRF-SC";"DEL04-SC";"UOP02-DEL04-SC"
536304;2023-07-16;"domingo";"21:12:00";"BA";116;356;"SERRINHA";"Transitar na contramão";"Colisão frontal";"Com Vítimas Feridas";"Plena Noite";"Crescente";"Céu Claro";"Simples";"Reta";"Sim";6;0;4;0;1;1;4;2;-11,64321505;-38,98662592;"SPRF-BA";"DEL02-BA";"UOP01-DEL02-BA"
536305;2023-07-16;"domingo";"19:20:00";"MG";50;117;"UBERABA";"Demais falhas mecânicas ou elétricas";"Queda de ocupante de veículo";"Com Vítimas Feridas";"Plena Noite";"Decrescente";"Céu Claro";"Dupla";"Reta";"Não";2;0;1;1;0;0;2;1;-19,28290502;-48,12107706;"SPRF-MG";"DEL13-MG";"UOP01-DEL13-MG"
536307;2023-07-16;"domingo";"20:20:00";"GO";20;27,4;"FORMOSA";"Acostamento em desnível";"Colisão transversal";"Com Vítimas Feridas";"Plena Noite";"Decrescente";"Céu Claro";"Simples";"Reta";"Não";4;0;0;4;0;0;4;2;-15,520933;-47,124645;"SPRF-DF";"DEL02-DF";"UOP02-DEL02-DF"
536308;2023-07-16;"domingo";"20:20:00";"RJ";101;436,7;"MANGARATIBA";"Velocidade Incompatível";"Colisão com objeto";"Sem Vítimas";"Plena Noite";"Decrescente";"Céu Claro";"Simples";"Aclive;Curva";"Não";1;0;0;0;0;1;0;1;-22,94335387;-44,06046308;"SPRF-RJ";"DEL03-RJ";"UOP02-DEL03-RJ"
536309;2023-07-16;"domingo";"21:00:00";"RJ";493;22;"MAGE";"Conversão proibida";"Colisão lateral mesmo sentido";"Com Vítimas Feridas";"Plena Noite";"Crescente";"Céu Claro";"Simples";"Reta";"Sim";2;0;1;0;1;0;1;2;-22,659311;-43,053303;"SPRF-RJ";"DEL04-RJ";"UOP02-DEL04-RJ"
536310;2023-07-16;"domingo";"21:45:00";"PE";232;185;"BELO JARDIM";"Ultrapassagem Indevida";"Colisão frontal";"Com Vítimas Fatais";"Plena Noite";"Crescente";"Céu Claro";"Simples";"Reta";"Não";7;1;0;5;1;0;5;2;-8,35206156;-36,47352905;"SPRF-PE";"DEL03-PE";"UOP02-DEL03-PE"