"id";"data_inversa";"dia_semana";"horario";"uf";"br";"km";"municipio";"causa_acidente";"tipo_acidente";"classificacao_acidente";"fase_dia";"sentido_via";"condicao_metereologica";"tipo_pista";"tracado_via";"uso_solo";"pessoas";"mortos";"feridos_leves";"feridos_graves";"ilesos";"ignorados";"feridos";"veiculos";"latitude";"longitude";"regional";"delegacia";"uop"
536312;2023-07-16;"domingo";"22:00:00";"SC";101;123;"ITAJAI";"Desrespeitar a preferência no cruzamento";"Colisão transversal";"Com Vítimas Feridas";"Plena Noite";"Decrescente";"Nublado";"Simples";"Interseção de Vias";"Sim";3;0;0;2;1;0;2;2;-26,93668609;-48,69876905;"SPRF-SC";"DEL04-SC";"UOP04-DEL04-SC"
536314;2023-07-16;"domingo";"20:00:00";"MG";116;274;"TEOFILO OTONI";"Demais falhas mecânicas ou elétricas";"Incêndio";"Sem Vítimas";"Plena Noite";"Crescente";"Céu Claro";"Simples";"Declive;Reta";"Não";2;0;0;0;2;0;0;1;-17,83384514;-41,51094368;"SPRF-MG";"DEL11-MG";"UOP01-DEL11-MG"
536316;2023-07-16;"domingo";"21:30:00";"PR";369;161;"CAMBE";"Velocidade Incompatível";"Colisão traseira";"Com Vítimas Feridas";"Plena Noite";"Decrescente";"Céu Claro";"Dupla";"Reta";"Não";4;0;0;3;1;0;3;2;-23,29225365;-51,2663828;"SPRF-PR";"DEL07-PR";"UOP01-DEL07-PR"
536317;2023-07-16;"domingo";"21:45:00";"PR";158;531;"PATO BRANCO";"Ingestão de álcool pelo condutor";"Colisão frontal";"Com Vítimas Feridas";"Plena Noite";"Crescente";"Céu Claro";"Simples";"Reta";"Não";4;0;4;0;0;0;4;2;-26,20228;-52,678215;"SPRF-PR";"DEL02-PR";"UOP01-DEL02-PR"
536319;2023-07-16;"domingo";"18:50:00";"SC";280;285;"IRINEOPOLIS";"Transitar na contramão";"Colisão lateral sentido oposto";"Sem Vítimas";"Plena Noite";"Crescente";"Céu Claro";"Simples";"Aclive";"Não";2;0;0;0;2;0;0;2;-26,29239616;-50,87751706;"SPRF-SC";"DEL06-SC";"UOP04-DEL06-SC"
536320;2023-07-16;"domingo";"20:50:00";"SP";153;282;"OCAUCU";"Ingestão de álcool pelo condutor";"Colisão com objeto";"Com Vítimas Feridas";"Plena Noite";"Crescente";"Céu Claro";"Simples";"Curva";"Não";1;0;1;0;0;0;1;1;-22,43100995;-49,85907852;"SPRF-SP";"DEL07-SP";"UOP02-DEL07-SP"
536321;2023-07-16;"domingo";"18:20:00";"SC";280;235,6;"CANOINHAS";"Acessar a via sem observar a presença dos outros veículos";"Colisão transversal";"Com Vítimas Fatais";"Plena Noite";"Decrescente";"Céu Claro";"Simples";"Interseção de Vias;Reta";"Sim";4;1;0;0;2;1;0;3;-26,1927042;-50,4169445;"SPRF-SC";"DEL06-SC";"UOP04-DEL06-SC"
536323;2023-07-16;"domingo";"21:30:00";"PE";423;62,9;"LAJEDO";"Animais na Pista";"Atropelamento de Animal";"Com Vítimas Feridas";"Plena Noite";"Decrescente";"Céu Claro";"Simples";"Reta";"Não";3;0;1;1;1;0;2;1;-8,66011023;-36,33781395;"SPRF-PE";"DEL03-PE";"UOP01-DEL03-PE"
536324;2023-07-16;"domingo";"22:20:00";"PR";116;209,3;"RIO NEGRO";"Reação tardia ou ineficiente do condutor";"Queda de ocupante de veículo";"Com Vítimas Feridas";"Pleno dia";"Decrescente";"Céu Claro";"Simples";"Reta";"Sim";1;0;1;0;0;0;1;1;-26,07620916;-49,75230908;"SPRF-SC";"DEL06-SC";"UOP01-DEL06-SC"
536326;2023-07-16;"domingo";"11:30:00";"BA";135;126;"RIACHAO DAS NEVES";"Reação tardia ou ineficiente do condutor";"Queda de ocupante de veículo";"Com Vítimas Feridas";"Plena Noite";"Decrescente";"Céu Claro";"Simples";"Curva";"Não";1;0;1;0;0;0;1;1;-11,76900396;-44,9016929;"SPRF-BA";"DEL08-BA";"UOP04-DEL08-BA"
536327;2023-07-16;"domingo";"22:00:00";"PB";230;131,7;"MASSARANDUBA";"Ingestão de álcool pelo condutor";"Saída de leito carroçável";"Sem Vítimas";"Plena Noite";"Crescente";"Céu Claro";"Dupla";"Reta";"Não";1;0;0;0;1;0;0;1;-7,2746;-35,7269;"SPRF-PB";"DEL02-PB";"UOP01-DEL02-PB"
536329;2023-07-16;"domingo";"21:50:00";"AL";101;153,3;"JEQUIA DA PRAIA";"Velocidade Incompatível";"Capotamento";"Com Vítimas Feridas";"Plena Noite";"Decrescente";"Nublado";"Dupla";"Curva";"Não";4;0;2;0;2;0;2;1;-9,8893907;-36,17676799;"SPRF-AL";"DEL02-AL";"UOP02-DEL02-AL"
536330;2023-06-02;"sexta-feira";"15:30:00";"SC";470;60;"BLUMENAU";"Retorno proibido";"Colisão transversal";"Com Vítimas Feridas";"Pleno dia";"Decrescente";"Ignorado";"Simples";"Reta";"Não";2;0;1;0;0;1;1;2;-26,87957612;-49,1716308;"SPRF-SC";"DEL04-SC";"UOP01-DEL04-SC"
536331;2023-07-16;"domingo";"21:00:00";"MS";163;609;"SAO GABRIEL DO OESTE";"Ausência de reação do condutor";"Saída de leito carroçável";"Com Vítimas Feridas";"Plena Noite";"Crescente";"Céu Claro";"Simples";"Aclive";"Não";1;0;1;0;0;0;1;1;-19,4409361;-54,53079011;"SPRF-MS";"DEL06-MS";"UOP02-DEL06-MS"
536332;2023-07-16;"domingo";"20:30:00";"MG";40;505;"RIBEIRAO DAS NEVES";"Ingestão de álcool pelo condutor";"Saída de leito carroçável";"Sem Vítimas";"Plena Noite";"Decrescente";"Nublado";"Dupla";"Reta;Declive";"Não";1;0;0;0;0;1;0;1;-19,73838088;-44,14935661;"SPRF-MG";"DEL02-MG";"UOP01-DEL02-MG"
536333;2023-07-16;"domingo";"22:15:00";"GO";251;30;"CRISTALINA";"Ingestão de álcool pelo condutor";"Tombamento";"Com Vítimas Feridas";"Plena Noite";"Crescente";"Céu Claro";"Simples";"Reta";"Sim";2;0;0;1;1;0;1;1;-16,0820873;-47,52264448;"SPRF-DF";"DEL01-DF";"UOP01-DEL01-DF"
536334;2023-07-16;"domingo";"23:10:00";"RN";101;97,4;"NATAL";"Reação tardia ou ineficiente do condutor";"Colisão traseira";"Com Vítimas Feridas";"Plena Noite";"Crescente";"Nublado";"Múltipla";"Aclive;Reta";"Sim";4;0;2;0;2;0;2;2;-5,858456;-35,213353;"SPRF-RN";"DEL01-RN";"UOP01-DEL01-RN"
536335;2023-07-16;"domingo";"21:30:00";"MG";116;494,6;"INHAPIM";"Acessar a via sem observar a presença dos outros veículos";"Colisão transversal";"Com Vítimas Feridas";"Plena Noite";"Decrescente";"Céu Claro";"Simples";"Declive;Reta";"Não";5;0;2;3;0;0;5;2;-19,50998002;-42,12818892;"SPRF-MG";"DEL06-MG";"UOP02-DEL06-MG"
536337;2023-07-16;"domingo";"23:30:00";"AL";104;88;"RIO LARGO";"Acesso irregular";"Colisão transversal";"Com Vítimas Feridas";"Plena Noite";"Crescente";"Garoa/Chuvisco";"Dupla";"Reta";"Não";2;0;1;0;1;0;1;2;-9,48375193;-35,81815581;"SPRF-AL";"DEL01-AL";"UOP01-DEL01-AL"
536339;2023-07-16;"domingo";"21:30:00";"MT";70;504;"CUIABA";"Acessar a via sem observar a presença dos outros veículos";"Colisão lateral mesmo sentido";"Com Vítimas Feridas";"Plena Noite";"Crescente";"Nublado";"Simples";"Reta";"Sim";3;0;3;0;0;0;3;2;-15,70088738;-56,04765415;"SPRF-MT";"DEL01-MT";"UOP02-DEL01-MT"
536341;2023-07-16;"domingo";"22:15:00";"RJ";116;126,2;"MAGE";"Velocidade Incompatível";"Saída de leito carroçável";"Com Vítimas Fatais";"Plena Noite";"Crescente";"Céu Claro";"Dupla";"Curva";"Não";1;1;0;0;0;0;0;1;-22,65476954;-43,08641553;"SPRF-RJ";"DEL04-RJ";"UOP02-DEL04-RJ"
536342;2023-07-16;"domingo";"20:20:00";"MG";116;648,6;"FERVEDOURO";"Transitar na contramão";"Tombamento";"Com Vítimas Fatais";"Plena Noite";"Decrescente";"Nublado";"Simples";"Curva";"Não";4;1;0;2;0;1;2;3;-20,70304399;-42,27800019;"SPRF-MG";"DEL07-MG";"UOP02-DEL07-MG"
536344;2023-07-17;"segunda-feira";"00:20:00";"PR";376;2,4;"APUCARANA";"Condutor Dormindo";"Queda de ocupante de veículo";"Com Vítimas Feridas";"Plena Noite";"Decrescente";"Céu Claro";"Dupla";"Reta";"Não";1;0;1;0;0;0;1;1;-23,5513;-51,461266;"SPRF-PR";"DEL07-PR";"UOP03-DEL07-PR"
536349;2023-07-17;"segunda-feira";"01:20:00";"DF";20;2;"BRASILIA";"Ausência de reação do condutor";"Colisão com objeto";"Com Vítimas Feridas";"Plena Noite";"Decrescente";"Céu Claro";"Dupla";"Viaduto;Reta";"Sim";1;0;0;1;0;0;1;1;-15,682896;-47,840729;"SPRF-DF";"DEL02-DF";"UOP01-DEL02-DF"
536351;2023-07-17;"segunda-feira";"01:55:00";"MG";381;479;"CONTAGEM";"Condutor Dormindo";"Colisão com objeto";"Com Vítimas Feridas";"Plena Noite";"Decrescente";"Céu Claro";"Múltipla";"Declive;Curva";"Sim";5;0;4;0;1;0;4;1;-19,96443;-44,046301;"SPRF-MG";"DEL01-MG";"UOP03-DEL01-MG"
536353;2023-07-17;"segunda-feira";"00:15:00";"PA";308;204,5;"BRAGANCA";"Ausência de reação do condutor";"Saída de leito carroçável";"Com Vítimas Fatais";"Plena Noite";"Crescente";"Céu Claro";"Simples";"Curva";"Não";2;1;0;1;0;0;1;1;-1,06190085;-46,75442219;"SPRF-PA";"DEL01-PA";"UOP03-DEL01-PA"
536355;2023-07-17;"segunda-feira";"03:15:00";"PR";277;72;"SAO JOSE DOS PINHAIS";"Condutor deixou de manter distância do veículo da frente";"Colisão traseira";"Com Vítimas Feridas";"Plena Noite";"Crescente";"Nublado";"Dupla";"Reta";"Sim";2;0;1;0;1;0;1;2;-25,52522628;-49,09755612;"SPRF-PR";"DEL01-PR";"UOP01-DEL01-PR"
536356;2023-07-17;"segunda-feira";"01:30:00";"MT";174;6;"PONTES E LACERDA";"Ausência de reação do condutor";"Queda de ocupante de veículo";"Com Vítimas Feridas";"Plena Noite";"Crescente";"Céu Claro";"Simples";"Reta";"Sim";1;0;0;1;0;0;1;1;-15,226537;-59,335728;"SPRF-MT";"DEL04-MT";"UOP01-DEL04-MT"
536361;2023-07-17;"segunda-feira";"00:30:00";"MG";116;185,3;"CARAI";"Transitar na contramão";"Colisão lateral sentido oposto";"Com Vítimas Feridas";"Pleno dia";"Crescente";"Céu Claro";"Simples";"Declive;Curva";"Não";6;0;1;0;5;0;1;2;-17,12277189;-41,49868011;"SPRF-MG";"DEL11-MG";"UOP01-DEL11-MG"
536362;2023-07-17;"segunda-feira";"04:50:00";"SC";101;35;"JOINVILLE";"Acessar a via sem observar a presença dos outros veículos";"Colisão frontal";"Com Vítimas Feridas";"Plena Noite";"Crescente";"Nublado";"Simples";"Interseção de Vias;Reta";"Sim";3;0;2;0;1;0;2;3;-26,2411301;-48,91227415;"SPRF-SC";"DEL03-SC";"UOP01-DEL03-SC"
536363;2023-07-17;"segunda-feira";"04:30:00";"BA";324;459;"CANDEAL";"Ultrapassagem Indevida";"Colisão frontal";"Com Vítimas Fatais";"Plena Noite";"Decrescente";"Nevoeiro/Neblina";"Simples";"Reta";"Não";4;2;2;0;0;0;2;2;-11,922076;-39,244893;"SPRF-BA";"DEL02-BA";"UOP01-DEL02-BA"
536364;2023-07-16;"domingo";"16:35:00";"BA";101;664;"ITAPEBI";"Velocidade Incompatível";"Saída de leito carroçável";"Com Vítimas Feridas";"Pleno dia";"Crescente";"Chuva";"Simples";"Curva";"Não";2;0;1;0;1;0;1;1;-15,97541315;-39,56308365;"SPRF-BA";"DEL09-BA";"UOP01-DEL09-BA"
536365;2023-07-17;"segunda-feira";"06:15:00";"PI";316;26;"TERESINA";"Animais na Pista";"Atropelamento de Animal";"Sem Vítimas";"Amanhecer";"Decrescente";"Céu Claro";"Dupla";"Reta;Em Obras";"Não";1;0;0;0;1;0;0;1;-5,30236009;-42,70784522;"SPRF-PI";"DEL01-PI";"UOP02-DEL01-PI"
536366;2023-07-17;"segunda-feira";"06:40:00";"MG";40;554;"NOVA LIMA";"Ausência de reação do condutor";"Saída de leito carroçável";"Com Vítimas Feridas";"Amanhecer";"Crescente";"Céu Claro";"Dupla";"Reta";"Sim";2;0;0;2;0;0;2;2;-20,07715896;-43,98213593;"SPRF-MG";"DEL01-MG";"UOP02-DEL01-MG"
536368;2023-07-17;"segunda-feira";"04:15:00";"SC";101;266,5;"IMBITUBA";"Condutor Dormindo";"Colisão com objeto";"Com Vítimas Feridas";"Plena Noite";"Decrescente";"Nublado";"Dupla";"Reta";"Não";1;0;1;0;0;0;1;1;-28,06847808;-48,71463931;"SPRF-SC";"DEL02-SC";"UOP03-DEL02-SC"
536370;2023-07-17;"segunda-feira";"02:10:00";"PA";230;115;"MARABA";"Reação tardia ou ineficiente do condutor";"Colisão traseira";"Com Vítimas Fatais";"Plena Noite";"Crescente";"Céu Claro";"Dupla";"Reta";"Sim";4;1;0;1;2;0;1;2;-5,36241425;-49,07496007;"SPRF-PA";"DEL03-PA";"UOP01-DEL03-PA"
536371;2023-07-17;"segunda-feira";"04:50:00";"PR";376;160,8;"MARINGA";"Demais falhas mecânicas ou elétricas";"Tombamento";"Com Vítimas Feridas";"Plena Noite";"Crescente";"Céu Claro";"Dupla";"Reta";"Não";2;0;1;1;0;0;2;1;-23,36609246;-52,07193375;"SPRF-PR";"DEL09-PR";"UOP01-DEL09-PR"
536373;2023-07-16;"domingo";"23:30:00";"MG";265;446;"NOVA SERRANA";"Ausência de reação do condutor";"Saída de leito carroçável";"Com Vítimas Feridas";"Plena Noite";"Decrescente";"Céu Claro";"Simples";"Reta";"Sim";3;0;1;1;0;1;2;1;-19,865666;-44,993686;"SPRF-MG";"DEL04-MG";"UOP02-DEL04-MG"
536374;2023-07-17;"segunda-feira";"06:32:00";"ES";101;293;"CARIACICA";"Desrespeitar a preferência no cruzamento";"Tombamento";"Com Vítimas Feridas";"Amanhecer";"Decrescente";"Céu Claro";"Dupla";"Em Obras";"Sim";2;0;1;0;0;1;1;2;-20,3210184;-40,39580702;"SPRF-ES";"DEL01-ES";"UOP01-DEL01-ES"
536375;2023-07-17;"segunda-feira";"04:48:00";"MS";267;198,2;"NOVA ALVORADA DO SUL";"Reação tardia ou ineficiente do condutor";"Colisão frontal";"Sem Vítimas";"Plena Noite";"Crescente";"Céu Claro";"Simples";"Reta";"Não";17;0;0;0;16;1;0;2;-21,5869856;-53,94878902;"SPRF-MS";"DEL02-MS";"UOP03-DEL02-MS"
536377;2023-07-17;"segunda-feira";"06:50:00";"BA";324;517,2;"FEIRA DE SANTANA";"Conversão proibida";"Colisão transversal";"Com Vítimas Feridas";"Pleno dia";"Crescente";"Céu Claro";"Simples";"Reta";"Sim";2;0;0;1;1;0;1;2;-12,24953308;-38,93362525;"SPRF-BA";"DEL02-BA";"UOP01-DEL02-BA"
536378;2023-07-17;"segunda-feira";"00:50:00";"SC";470;156,7;"TROMBUDO CENTRAL";"Transitar na contramão";"Colisão frontal";"Com Vítimas Feridas";"Plena Noite";"Decrescente";"Nublado";"Simples";"Curva";"Não";4;0;0;4;0;0;4;2;-27,28540355;-49,76622105;"SPRF-SC";"DEL04-SC";"UOP02-DEL04-SC"
536381;2023-07-07;"sexta-feira";"12:50:00";"PE";423;98;"GARANHUNS";"Condutor deixou de manter distância do veículo da frente";"Colisão traseira";"Sem Vítimas";"Pleno dia";"Decrescente";"Garoa/Chuvisco";"Simples";"Reta;Viaduto";"Não";2;0;0;0;2;0;0;2;-8,87715331;-36,50801897;"SPRF-PE";"DEL03-PE";"UOP01-DEL03-PE"
536382;2023-07-17;"segunda-feira";"07:20:00";"ES";101;270;"SERRA";"Manobra de mudança de faixa";"Colisão lateral mesmo sentido";"Com Vítimas Feridas";"Pleno dia";"Decrescente";"Céu Claro";"Dupla";"Reta";"Sim";2;0;1;0;1;0;1;2;-20,21740496;-40,26990578;"SPRF-ES";"DEL02-ES";"UOP01-DEL02-ES"
536383;2023-07-17;"segunda-feira";"07:00:00";"SC";282;486,7;"FAXINAL DOS GUEDES";"Acesso irregular";"Colisão transversal";"Com Vítimas Feridas";"Pleno dia";"Decrescente";"Céu Claro";"Simples";"Interseção de Vias;Reta";"Não";2;0;1;0;1;0;1;2;-26,861937;-52,227974;"SPRF-SC";"DEL07-SC";"UOP01-DEL07-SC"
536384;2023-07-17;"segunda-feira";"08:00:00";"MG";40;632;"CONSELHEIRO LAFAIETE";"Falta de elemento de contenção que evite a saída do leito carroçável";"Colisão com objeto";"Com Vítimas Feridas";"Pleno dia";"Decrescente";"Céu Claro";"Dupla";"Reta";"Sim";2;0;0;2;0;0;2;1;-20,67679;-43,794679;"SPRF-MG";"DEL05-MG";"UOP02-DEL05-MG"
536385;2023-05-08;"segunda-feira";"12:50:00";"RS";116;148,2;"CAXIAS DO SUL";"Pedestre cruzava a pista fora da faixa";"Atropelamento de Pedestre";"Com Vítimas Feridas";"Pleno dia";"Decrescente";"Céu Claro";"Dupla";"Reta";"Sim";2;0;0;1;1;0;1;2;-29,15444539;-51,15101681;"SPRF-RS";"DEL05-RS";"UOP01-DEL05-RS"
536386;2023-07-17;"segunda-feira";"08:10:00";"PE";101;70,9;"RECIFE";"Acumulo de areia ou detritos sobre o pavimento";"Tombamento";"Com Vítimas Feridas";"Pleno dia";"Decrescente";"Céu Claro";"Dupla";"Reta";"Sim";2;0;1;1;0;0;2;1;-8,075793;-34,942697;"SPRF-PE";"DEL01-PE";"UOP01-DEL01-PE"
536387;2023-07-17;"segunda-feira";"06:55:00";"PE";101;39,6;"IGARASSU";"Acessar a via sem observar a presença dos outros veículos";"Colisão transversal";"Sem Vítimas";"Pleno dia";"Crescente";"Céu Claro";"Dupla";"Aclive;Reta";"Não";2;0;0;0;1;1;0;2;-7,81259899;-34,91890497;"SPRF-PE";"DEL01-PE";"UOP02-DEL01-PE"
536389;2023-07-17;"segunda-feira";"06:27:00";"MT";364;201;"RONDONOPOLIS";"Reação tardia ou ineficiente do condutor";"Colisão traseira";"Com Vítimas Feridas";"Amanhecer";"Decrescente";"Céu Claro";"Dupla";"Reta";"Sim";2;0;1;0;0;1;1;2;-16,491405;-54,646378;"SPRF-MT";"DEL02-MT";"UOP01-DEL02-MT"
536390;2023-07-17;"segunda-feira";"08:15:00";"ES";101;257;"SERRA";"Acessar a via sem observar a presença dos outros veículos";"Colisão transversal";"Com Vítimas Feridas";"Pleno dia";"Crescente";"Céu Claro";"Dupla";"Reta";"Não";2;0;0;1;1;0;1;2;-20,12455095;-40,30331881;"SPRF-ES";"DEL02-ES";"UOP01-DEL02-ES"
536391;2023-07-17;"segunda-feira";"07:45:00";"RJ";493;68;"NOVA IGUACU";"Ausência de reação do condutor";"Queda de ocupante de veículo";"Com Vítimas Feridas";"Amanhecer";"Decrescente";"Nublado";"Dupla";"Reta";"Não";2;0;2;0;0;0;2;1;-22,681862;-43,470329;"SPRF-RJ";"DEL01-RJ";"UOP03-DEL01-RJ"
536392;2023-07-17;"segunda-feira";"06:58:00";"MG";381;636;"SANTO ANTONIO DO AMPARO";"Reação tardia ou ineficiente do condutor";"Saída de leito carroçável";"Com Vítimas Feridas";"Pleno dia";"Decrescente";"Nublado";"Dupla";"Declive;Curva";"Não";2;0;2;0;0;0;2;1;-20,89141186;-44,8525565;"SPRF-MG";"DEL04-MG";"UOP01-DEL04-MG"
536396;2023-07-17;"segunda-feira";"07:40:00";"PE";101;72;"RECIFE";"Ausência de reação do condutor";"Saída de leito carroçável";"Sem Vítimas";"Pleno dia";"Crescente";"Céu Claro";"Dupla";"Curva;Aclive";"Sim";1;0;0;0;1;0;0;1;-8,08493106;-34,9450639;"SPRF-PE";"DEL01-PE";"UOP01-DEL01-PE"
536397;2023-07-17;"segunda-feira";"08:30:00";"MG";381;481,6;"BETIM";"Ausência de reação do condutor";"Colisão traseira";"Com Vítimas Feridas";"Pleno dia";"Crescente";"Sol";"Múltipla";"Reta";"Sim";2;0;1;1;0;0;2;2;-19,95931561;-44,08825597;"SPRF-MG";"DEL01-MG";"UOP03-DEL01-MG"
536398;2023-07-17;"segunda-feira";"08:10:00";"PR";277;83,5;"CURITIBA";"Ausência de reação do condutor";"Colisão traseira";"Com Vítimas Feridas";"Pleno dia";"Crescente";"Nublado";"Múltipla";"Reta";"Sim";1;0;0;1;0;0;1;1;-25,45412497;-49,22561646;"SPRF-PR";"DEL01-PR";"UOP01-DEL01-PR"
536399;2023-07-17;"segunda-feira";"09:00:00";"PE";101;71;"RECIFE";"Manobra de mudança de faixa";"Colisão lateral mesmo sentido";"Com Vítimas Feridas";"Pleno dia";"Decrescente";"Céu Claro";"Dupla";"Reta";"Sim";2;0;1;0;1;0;1;2;-8,07663102;-34,94277871;"SPRF-PE";"DEL01-PE";"UOP01-DEL01-PE"
536400;2023-07-17;"segunda-feira";"07:00:00";"PR";277;114;"CAMPO LARGO";"Condutor deixou de manter distância do veículo da frente";"Colisão traseira";"Com Vítimas Feridas";"Pleno dia";"Decrescente";"Nublado";"Dupla";"Reta";"Não";1;0;1;0;0;0;1;1;-25,445;-49,497;"SPRF-PR";"DEL03-PR";"UOP03-DEL03-PR"
536401;2023-07-17;"segunda-feira";"08:45:00";"SP";116;223;"GUARULHOS";"Manobra de mudança de faixa";"Colisão lateral mesmo sentido";"Com Vítimas Feridas";"Pleno dia";"Crescente";"Céu Claro";"Múltipla";"Reta";"Sim";3;0;1;0;2;0;1;2;-23,47559815;-46,5246609;"SPRF-SP";"DEL01-SP";"UOP01-DEL01-SP"
536402;2023-07-17;"segunda-feira";"07:30:00";"RJ";40;79;"PETROPOLIS";"Reação tardia ou ineficiente do condutor";"Colisão traseira";"Com Vítimas Feridas";"Pleno dia";"Crescente";"Céu Claro";"Dupla";"Retorno Regulamentado";"Não";2;0;1;0;1;0;1;2;-22,49130098;-43,22294163;"SPRF-RJ";"DEL06-RJ";"UOP01-DEL06-RJ"
536403;2023-07-15;"sábado";"18:30:00";"MG";365;813;"SANTA VITORIA";"Ausência de reação do condutor";"Saída de leito carroçável";"Sem Vítimas";"Anoitecer";"Crescente";"Céu Claro";"Simples";"Reta";"Não";1;0;0;0;0;1;0;1;-18,88640257;-50,02976795;"SPRF-MG";"DEL15-MG";"UOP03-DEL15-MG"
536404;2023-07-17;"segunda-feira";"08:00:00";"PA";230;116,9;"MARABA";"Ausência de reação do condutor";"Colisão transversal";"Com Vítimas Feridas";"Pleno dia";"Crescente";"Céu Claro";"Dupla";"Declive;Reta;Retorno Regulamentado";"Sim";2;0;1;0;1;0;1;2;-5,35947454;-49,08301084;"SPRF-PA";"DEL03-PA";"UOP01-DEL03-PA"
536405;2023-07-17;"segunda-feira";"07:15:00";"MG";365;513;"MONTE CARMELO";"Acessar a via sem observar a presença dos outros veículos";"Colisão transversal";"Com Vítimas Feridas";"Pleno dia";"Decrescente";"Céu Claro";"Simples";"Reta";"Sim";2;0;1;0;1;0;1;2;-18,9212413;-47,34152417;"SPRF-MG";"DEL10-MG";"UOP01-DEL10-MG"
536406;2023-07-17;"segunda-feira";"08:10:00";"PE";101;62;"RECIFE";"Condutor deixou de manter distância do veículo da frente";"Colisão traseira";"Com Vítimas Feridas";"Pleno dia";"Crescente";"Céu Claro";"Dupla";"Curva";"Não";3;0;1;0;2;0;1;2;-7,99905898;-34,93899295;"SPRF-PE";"DEL01-PE";"UOP02-DEL01-PE"
536407;2023-07-17;"segunda-feira";"08:50:00";"GO";60;37;"ALEXANIA";"Pedestre cruzava a pista fora da faixa";"Atropelamento de Pedestre";"Com Vítimas Feridas";"Pleno dia";"Crescente";"Céu Claro";"Dupla";"Declive;Reta";"Não";6;0;0;1;5;0;1;2;-16,1147;-48,5387;"SPRF-DF";"DEL03-DF";"UOP01-DEL03-DF"
536408;2023-07-17;"segunda-feira";"07:15:00";"RJ";101;511;"ANGRA DOS REIS";"Condutor Dormindo";"Colisão frontal";"Com Vítimas Feridas";"Pleno dia";"Crescente";"Céu Claro";"Dupla";"Reta";"Sim";4;0;4;0;0;0;4;3;-22,9609111;-44,4382966;"SPRF-RJ";"DEL03-RJ";"UOP03-DEL03-RJ"
536410;2023-07-17;"segunda-feira";"09:30:00";"SP";116;220;"GUARULHOS";"Condutor deixou de manter distância do veículo da frente";"Colisão lateral mesmo sentido";"Com Vítimas Feridas";"Pleno dia";"Crescente";"Céu Claro";"Múltipla";"Reta";"Sim";6;0;2;0;4;0;2;3;-23,46472809;-46,49793962;"SPRF-SP";"DEL01-SP";"UOP01-DEL01-SP"
536411;2023-07-17;"segunda-feira";"08:15:00";"ES";101;389,4;"RIO NOVO DO SUL";"Velocidade Incompatível";"Queda de ocupante de veículo";"Com Vítimas Feridas";"Pleno dia";"Crescente";"Céu Claro";"Simples";"Curva";"Não";1;0;1;0;0;0;1;1;-20,86208093;-40,88062015;"SPRF-ES";"DEL03-ES";"UOP02-DEL03-ES"
536412;2023-07-17;"segunda-feira";"07:45:00";"RJ";40;80;"PETROPOLIS";"Velocidade Incompatível";"Queda de ocupante de veículo";"Com Vítimas Feridas";"Pleno dia";"Decrescente";"Céu Claro";"Dupla";"Curva";"Não";1;0;1;0;0;0;1;1;-22,49798597;-43,22878703;"SPRF-RJ";"DEL06-RJ";"UOP01-DEL06-RJ"
536413;2023-06-26;"segunda-feira";"11:30:00";"PI";343;306;"ALTOS";"Transitar na contramão";"Colisão frontal";"Com Vítimas Feridas";"Pleno dia";"Decrescente";"Céu Claro";"Simples";"Reta";"Sim";2;0;0;1;1;0;1;2;-5,038756;-42,450893;"SPRF-PI";"DEL01-PI";"UOP01-DEL01-PI"
536414;2023-07-06;"quinta-feira";"05:55:00";"SC";282;51;"AGUAS MORNAS";"Velocidade Incompatível";"Colisão frontal";"Com Vítimas Feridas";"Plena Noite";"Crescente";"Céu Claro";"Simples";"Aclive;Curva";"Não";3;0;0;3;0;0;3;2;-27,703712;-48,959267;"SPRF-SC";"DEL01-SC";"UOP03-DEL01-SC"
536416;2023-07-17;"segunda-feira";"10:30:00";"SP";116;513;"CAJATI";"Pista Escorregadia";"Colisão com objeto";"Sem Vítimas";"Pleno dia";"Decrescente";"Chuva";"Simples";"Declive;Curva";"Não";1;0;0;0;1;0;0;1;-24,854498;-48,211967;"SPRF-SP";"DEL05-SP";"UOP02-DEL05-SP"
536419;2023-07-17;"segunda-feira";"11:10:00";"GO";60;118;"TEREZOPOLIS DE GOIAS";"Condutor deixou de manter distância do veículo da frente";"Colisão traseira";"Com Vítimas Feridas";"Pleno dia";"Crescente";"Céu Claro";"Múltipla";"Reta";"Sim";2;0;0;1;1;0;1;2;-16,4848;-49,0935;"SPRF-GO";"DEL01-GO";"UOP01-DEL01-GO"
536420;2023-07-17;"segunda-feira";"08:20:00";"PR";277;410,2;"CANDOI";"Velocidade Incompatível";"Saída de leito carroçável";"Com Vítimas Feridas";"Pleno dia";"Decrescente";"Nublado";"Simples";"Curva";"Não";2;0;2;0;0;0;2;1;-25,43184986;-52,00714351;"SPRF-PR";"DEL04-PR";"UOP02-DEL04-PR"
536424;2023-07-17;"segunda-feira";"12:00:00";"PA";230;122;"MARABA";"Transitar na contramão";"Colisão traseira";"Sem Vítimas";"Pleno dia";"Crescente";"Céu Claro";"Dupla";"Reta";"Sim";2;0;0;0;2;0;0;2;-5,36137537;-49,12376139;"SPRF-PA";"DEL03-PA";"UOP01-DEL03-PA"