"id";"data_inversa";"dia_semana";"horario";"uf";"br";"km";"municipio";"causa_acidente";"tipo_acidente";"classificacao_acidente";"fase_dia";"sentido_via";"condicao_metereologica";"tipo_pista";"tracado_via";"uso_solo";"pessoas";"mortos";"feridos_leves";"feridos_graves";"ilesos";"ignorados";"feridos";"veiculos";"latitude";"longitude";"regional";"delegacia";"uop"
536425;2023-07-17;"segunda-feira";"11:15:00";"PB";230;507;"CAJAZEIRAS";"Reação tardia ou ineficiente do condutor";"Tombamento";"Com Vítimas Feridas";"Pleno dia";"Crescente";"Céu Claro";"Simples";"Declive;Reta";"Sim";1;0;0;1;0;0;1;1;-6,9024;-38,5643;"SPRF-PB";"DEL03-PB";"UOP03-DEL03-PB"
536426;2023-07-17;"segunda-feira";"11:20:00";"RJ";116;181;"NOVA IGUACU";"Avarias e/ou desgaste excessivo no pneu";"Tombamento";"Com Vítimas Feridas";"Pleno dia";"Decrescente";"Nublado";"Dupla";"Reta";"Não";2;0;1;0;1;0;1;1;-22,761312;-43,423492;"SPRF-RJ";"DEL01-RJ";"UOP02-DEL01-RJ"
536427;2023-07-17;"segunda-feira";"11:30:00";"PE";316;366;"PETROLANDIA";"Condutor deixou de manter distância do veículo da frente";"Colisão traseira";"Com Vítimas Feridas";"Pleno dia";"Decrescente";"Sol";"Simples";"Reta;Ponte";"Sim";2;0;1;0;1;0;1;2;-8,97062593;-38,21759485;"SPRF-PE";"DEL04-PE";"UOP03-DEL04-PE"
536429;2023-07-17;"segunda-feira";"10:00:00";"PE";116;12,7;"SALGUEIRO";"Reação tardia ou ineficiente do condutor";"Saída de leito carroçável";"Com Vítimas Fatais";"Pleno dia";"Decrescente";"Céu Claro";"Simples";"Reta";"Não";1;1;0;0;0;0;0;1;-7,94936;-39,134144;"SPRF-PE";"DEL05-PE";"UOP01-DEL05-PE"
536430;2023-07-17;"segunda-feira";"10:38:00";"MT";163;752;"SORRISO";"Ausência de reação do condutor";"Colisão traseira";"Com Vítimas Feridas";"Pleno dia";"Crescente";"Céu Claro";"Dupla";"Interseção de Vias";"Sim";4;0;1;0;3;0;1;2;-12,55081442;-55,71353674;"SPRF-MT";"DEL06-MT";"UOP01-DEL06-MT"
536431;2023-07-17;"segunda-feira";"10:07:00";"MG";381;935,6;"EXTREMA";"Ausência de reação do condutor";"Tombamento";"Com Vítimas Feridas";"Pleno dia";"Crescente";"Céu Claro";"Simples";"Curva";"Não";2;0;1;0;1;0;1;1;-22,82329661;-46,30805019;"SPRF-MG";"DEL16-MG";"UOP03-DEL16-MG"
536433;2023-07-17;"segunda-feira";"08:30:00";"RJ";101;136;"CARAPEBUS";"Condutor Dormindo";"Colisão com objeto";"Com Vítimas Feridas";"Pleno dia";"Decrescente";"Nublado";"Dupla";"Reta";"Não";4;0;1;0;3;0;1;1;-22,15018124;-41,73133188;"SPRF-RJ";"DEL08-RJ";"UOP04-DEL08-RJ"
536434;2023-06-04;"domingo";"03:42:00";"SC";101;214,2;"PALHOCA";"Ingestão de álcool pelo condutor";"Colisão com objeto";"Sem Vítimas";"Pleno dia";"Decrescente";"Céu Claro";"Simples";"Reta";"Sim";1;0;0;0;1;0;0;1;-27,64274912;-48,66984484;"SPRF-SC";"DEL01-SC";"UOP02-DEL01-SC"
536435;2023-07-17;"segunda-feira";"09:10:00";"SC";280;266,3;"IRINEOPOLIS";"Conversão proibida";"Colisão frontal";"Com Vítimas Feridas";"Pleno dia";"Crescente";"Céu Claro";"Simples";"Reta";"Não";5;0;5;0;0;0;5;2;-26,26347502;-50,698061;"SPRF-SC";"DEL06-SC";"UOP04-DEL06-SC"
536436;2023-07-17;"segunda-feira";"12:45:00";"PR";116;15;"ANTONINA";"Chuva";"Saída de leito carroçável";"Com Vítimas Feridas";"Pleno dia";"Crescente";"Chuva";"Dupla";"Curva";"Não";1;0;1;0;0;0;1;1;-25,09832756;-48,68266005;"SPRF-PR";"DEL01-PR";"UOP02-DEL01-PR"
536437;2023-07-17;"segunda-feira";"11:30:00";"MT";364;253,6;"JUSCIMEIRA";"Reação tardia ou ineficiente do condutor";"Saída de leito carroçável";"Com Vítimas Feridas";"Pleno dia";"Crescente";"Sol";"Dupla";"Reta";"Não";2;0;2;0;0;0;2;1;-16,09747205;-54,86610212;"SPRF-MT";"DEL02-MT";"UOP01-DEL02-MT"
536439;2023-07-17;"segunda-feira";"12:40:00";"MG";50;173,9;"UBERABA";"Animais na Pista";"Capotamento";"Com Vítimas Feridas";"Pleno dia";"Decrescente";"Céu Claro";"Dupla";"Reta";"Sim";1;0;1;0;0;0;1;1;-19,770817;-47,973434;"SPRF-MG";"DEL13-MG";"UOP01-DEL13-MG"
536441;2023-07-17;"segunda-feira";"11:20:00";"MG";381;238;"SANTANA DO PARAISO";"Condutor deixou de manter distância do veículo da frente";"Colisão traseira";"Sem Vítimas";"Pleno dia";"Decrescente";"Céu Claro";"Simples";"Reta";"Não";2;0;0;0;2;0;0;2;-19,36915865;-42,45311044;"SPRF-MG";"DEL06-MG";"UOP01-DEL06-MG"
536442;2023-07-17;"segunda-feira";"13:08:00";"TO";153;494;"PARAISO DO TOCANTINS";"Acessar a via sem observar a presença dos outros veículos";"Colisão transversal";"Sem Vítimas";"Pleno dia";"Crescente";"Céu Claro";"Simples";"Reta;Interseção de Vias";"Sim";3;0;0;0;3;0;0;2;-10,16605997;-48,88094723;"SPRF-TO";"DEL01-TO";"UOP01-DEL01-TO"
536443;2023-07-17;"segunda-feira";"13:55:00";"PR";116;2;"CAMPINA GRANDE DO SUL";"Ausência de reação do condutor";"Colisão com objeto";"Sem Vítimas";"Pleno dia";"Decrescente";"Garoa/Chuvisco";"Dupla";"Curva";"Não";3;0;0;0;3;0;0;1;-25,06602975;-48,57857703;"SPRF-PR";"DEL01-PR";"UOP02-DEL01-PR"
536444;2023-07-17;"segunda-feira";"13:50:00";"RS";116;143;"CAXIAS DO SUL";"Ausência de reação do condutor";"Colisão traseira";"Sem Vítimas";"Pleno dia";"Decrescente";"Céu Claro";"Dupla";"Reta";"Sim";1;0;0;0;1;0;0;1;-29,1201739;-51,12260651;"SPRF-RS";"DEL05-RS";"UOP01-DEL05-RS"
536446;2023-07-17;"segunda-feira";"13:19:00";"ES";262;178,5;"IBATIBA";"Condutor Dormindo";"Saída de leito carroçável";"Com Vítimas Feridas";"Pleno dia";"Crescente";"Céu Claro";"Simples";"Curva";"Não";1;0;0;1;0;0;1;1;-20,28564831;-41,65291079;"SPRF-ES";"DEL01-ES";"UOP02-DEL01-ES"
536448;2023-07-17;"segunda-feira";"12:25:00";"SP";153;131,9;"UBARANA";"Condutor deixou de manter distância do veículo da frente";"Colisão lateral sentido oposto";"Com Vítimas Feridas";"Pleno dia";"Decrescente";"Nublado";"Simples";"Reta;Declive";"Não";3;0;1;0;2;0;1;2;-21,25934683;-49,76149419;"SPRF-SP";"DEL09-SP";"UOP01-DEL09-SP"
536449;2023-07-17;"segunda-feira";"13:20:00";"PB";230;158,7;"CAMPINA GRANDE";"Acessar a via sem observar a presença dos outros veículos";"Colisão transversal";"Com Vítimas Feridas";"Pleno dia";"Decrescente";"Nublado";"Simples";"Interseção de Vias";"Sim";2;0;0;1;1;0;1;2;-7,2582;-35,9267;"SPRF-PB";"DEL02-PB";"UOP01-DEL02-PB"
536451;2023-07-17;"segunda-feira";"09:30:00";"MT";163;916;"ITAUBA";"Condutor deixou de manter distância do veículo da frente";"Colisão traseira";"Com Vítimas Feridas";"Pleno dia";"Decrescente";"Céu Claro";"Simples";"Reta";"Não";2;0;1;0;1;0;1;2;-11,1719737;-55,31183897;"SPRF-MT";"DEL06-MT";"UOP02-DEL06-MT"
536453;2023-07-17;"segunda-feira";"14:00:00";"RS";386;46;"SEBERI";"Reação tardia ou ineficiente do condutor";"Queda de ocupante de veículo";"Com Vítimas Feridas";"Pleno dia";"Crescente";"Céu Claro";"Simples";"Reta";"Sim";1;0;1;0;0;0;1;1;-27,457483;-53,409458;"SPRF-RS";"DEL08-RS";"UOP02-DEL08-RS"
536454;2023-07-17;"segunda-feira";"11:30:00";"BA";324;520;"FEIRA DE SANTANA";"Condutor deixou de manter distância do veículo da frente";"Colisão traseira";"Sem Vítimas";"Pleno dia";"Decrescente";"Céu Claro";"Simples";"Reta";"Não";2;0;0;0;2;0;0;2;-12,27376054;-38,93366564;"SPRF-BA";"DEL01-BA";"UOP03-DEL01-BA"
536458;2023-07-17;"segunda-feira";"14:30:00";"RJ";116;193;"NOVA IGUACU";"Reação tardia ou ineficiente do condutor";"Colisão lateral mesmo sentido";"Com Vítimas Feridas";"Pleno dia";"Decrescente";"Céu Claro";"Dupla";"Reta";"Não";3;0;1;0;2;0;1;2;-22,73960178;-43,52859094;"SPRF-RJ";"DEL01-RJ";"UOP02-DEL01-RJ"
536459;2023-07-17;"segunda-feira";"13:32:00";"PI";316;10;"TERESINA";"Ausência de reação do condutor";"Colisão traseira";"Com Vítimas Feridas";"Pleno dia";"Decrescente";"Sol";"Múltipla";"Reta";"Não";2;0;1;0;1;0;1;2;-5,18280197;-42,76350291;"SPRF-PI";"DEL01-PI";"UOP02-DEL01-PI"
536460;2023-07-17;"segunda-feira";"15:00:00";"RJ";116;192;"QUEIMADOS";"Demais falhas mecânicas ou elétricas";"Queda de ocupante de veículo";"Com Vítimas Feridas";"Pleno dia";"Decrescente";"Céu Claro";"Dupla";"Reta";"Não";2;0;2;0;0;0;2;1;-22,74207737;-43,5192401;"SPRF-RJ";"DEL01-RJ";"UOP02-DEL01-RJ"
536462;2023-07-17;"segunda-feira";"10:15:00";"MS";0;0;"GUIA LOPES DA LAGUNA";"Acumulo de areia ou detritos sobre o pavimento";"Saída de leito carroçável";"Sem Vítimas";"Pleno dia";"Não Informado";"Nublado";"Simples";"Curva";"Não";1;0;0;0;1;0;0;1;-21,53625416;-55,89987516;"SPRF-MS";"DEL05-MS";"UOP01-DEL05-MS"
536463;2023-07-17;"segunda-feira";"13:30:00";"SP";116;227,5;"SAO PAULO";"Ausência de reação do condutor";"Colisão traseira";"Com Vítimas Feridas";"Pleno dia";"Crescente";"Céu Claro";"Múltipla";"Reta";"Não";2;0;1;0;1;0;1;2;-23,49659264;-46,55648754;"SPRF-SP";"DEL01-SP";"UOP01-DEL01-SP"
536465;2023-07-17;"segunda-feira";"15:00:00";"PR";116;115;"CURITIBA";"Reação tardia ou ineficiente do condutor";"Tombamento";"Com Vítimas Feridas";"Pleno dia";"Decrescente";"Nublado";"Dupla";"Reta";"Não";1;0;1;0;0;0;1;1;-25,55953326;-49,26560414;"SPRF-PR";"DEL01-PR";"UOP07-DEL01-PR"
536466;2023-07-17;"segunda-feira";"11:50:00";"PA";230;745;"MEDICILANDIA";"Acostamento em desnível";"Tombamento";"Com Vítimas Fatais";"Pleno dia";"Decrescente";"Céu Claro";"Simples";"Declive;Reta";"Não";1;1;0;0;0;0;0;1;-3,44349282;-52,88971706;"SPRF-PA";"DEL04-PA";"UOP01-DEL04-PA"
536467;2023-04-28;"sexta-feira";"21:50:00";"MG";116;396;"GOVERNADOR VALADARES";"Animais na Pista";"Atropelamento de Animal";"Com Vítimas Feridas";"Plena Noite";"Decrescente";"Ignorado";"Simples";"Declive;Reta";"Não";1;0;0;1;0;0;1;1;-18,73134;-41,986802;"SPRF-MG";"DEL06-MG";"UOP01-DEL06-MG"
536468;2023-07-17;"segunda-feira";"15:50:00";"PE";423;114,5;"PARANATAMA";"Condutor deixou de manter distância do veículo da frente";"Colisão traseira";"Com Vítimas Feridas";"Pleno dia";"Decrescente";"Céu Claro";"Simples";"Reta";"Não";3;0;1;1;1;0;2;2;-8,8998297;-36,64277108;"SPRF-PE";"DEL03-PE";"UOP01-DEL03-PE"
536471;2023-07-17;"segunda-feira";"15:50:00";"RJ";393;238;"VASSOURAS";"Desrespeitar a preferência no cruzamento";"Colisão transversal";"Sem Vítimas";"Pleno dia";"Decrescente";"Céu Claro";"Simples";"Reta";"Não";2;0;0;0;2;0;0;2;-22,40095658;-43,66442518;"SPRF-RJ";"DEL05-RJ";"UOP03-DEL05-RJ"
536472;2023-07-01;"sábado";"18:00:00";"BA";116;426;"FEIRA DE SANTANA";"Ingestão de álcool pelo condutor";"Saída de leito carroçável";"Com Vítimas Feridas";"Plena Noite";"Decrescente";"Céu Claro";"Simples";"Curva";"Sim";1;0;1;0;0;0;1;1;-12,26761032;-38,98778558;"SPRF-BA";"DEL02-BA";"UOP01-DEL02-BA"
536473;2023-07-17;"segunda-feira";"14:00:00";"ES";262;93,8;"DOMINGOS MARTINS";"Velocidade Incompatível";"Saída de leito carroçável";"Com Vítimas Feridas";"Pleno dia";"Crescente";"Sol";"Simples";"Reta";"Não";3;0;3;0;0;0;3;1;-20,37908136;-41,05047852;"SPRF-ES";"DEL01-ES";"UOP02-DEL01-ES"
536474;2023-07-17;"segunda-feira";"14:15:00";"BA";101;80;"ENTRE RIOS";"Desvio temporário";"Colisão traseira";"Com Vítimas Feridas";"Pleno dia";"Decrescente";"Céu Claro";"Dupla";"Desvio Temporário";"Não";2;0;2;0;0;0;2;2;-12,01781833;-38,27582572;"SPRF-BA";"DEL01-BA";"UOP04-DEL01-BA"
536475;2023-07-17;"segunda-feira";"14:30:00";"MA";222;211;"ITAPECURU MIRIM";"Reação tardia ou ineficiente do condutor";"Colisão lateral mesmo sentido";"Com Vítimas Feridas";"Pleno dia";"Crescente";"Céu Claro";"Simples";"Reta";"Sim";2;0;0;1;1;0;1;2;-3,37443223;-44,38362915;"SPRF-MA";"DEL01-MA";"UOP02-DEL01-MA"
536476;2023-05-21;"domingo";"06:00:00";"SC";282;238,3;"LAGES";"Reação tardia ou ineficiente do condutor";"Saída de leito carroçável";"Com Vítimas Feridas";"Amanhecer";"Decrescente";"Céu Claro";"Simples";"Reta";"Não";2;0;2;0;0;0;2;1;-27,77887319;-50,49852848;"SPRF-SC";"DEL05-SC";"UOP02-DEL05-SC"
536479;2023-07-17;"segunda-feira";"14:20:00";"MG";381;607,2;"OLIVEIRA";"Mal súbito do condutor";"Queda de ocupante de veículo";"Com Vítimas Fatais";"Pleno dia";"Decrescente";"Céu Claro";"Simples";"Reta";"Não";1;1;0;0;0;0;0;1;-20,6851019;-44,73967015;"SPRF-MG";"DEL04-MG";"UOP01-DEL04-MG"
536480;2023-07-17;"segunda-feira";"17:00:00";"GO";60;101;"ANAPOLIS";"Manobra de mudança de faixa";"Colisão lateral mesmo sentido";"Com Vítimas Feridas";"Anoitecer";"Decrescente";"Céu Claro";"Dupla";"Reta";"Sim";2;0;1;0;1;0;1;2;-16,4022;-48,9745;"SPRF-GO";"DEL02-GO";"UOP01-DEL02-GO"
536481;2023-07-17;"segunda-feira";"16:00:00";"RN";101;58;"CEARA-MIRIM";"Demais falhas mecânicas ou elétricas";"Incêndio";"Sem Vítimas";"Pleno dia";"Crescente";"Céu Claro";"Simples";"Reta";"Não";2;0;0;0;2;0;0;1;-5,59105804;-35,27356982;"SPRF-RN";"DEL02-RN";"UOP01-DEL02-RN"
536482;2023-07-17;"segunda-feira";"14:40:00";"RO";364;516,2;"ARIQUEMES";"Acessar a via sem observar a presença dos outros veículos";"Colisão transversal";"Com Vítimas Feridas";"Pleno dia";"Decrescente";"Céu Claro";"Múltipla";"Reta";"Sim";2;0;0;2;0;0;2;2;-9,913706;-63,055642;"SPRF-RO";"DEL03-RO";"UOP01-DEL03-RO"
536483;2023-07-17;"segunda-feira";"15:00:00";"RJ";116;313;"RESENDE";"Avarias e/ou desgaste excessivo no pneu";"Tombamento";"Com Vítimas Feridas";"Pleno dia";"Decrescente";"Céu Claro";"Dupla";"Reta";"Não";1;0;1;0;0;0;1;1;-22,45998766;-44,46237202;"SPRF-RJ";"DEL07-RJ";"UOP02-DEL07-RJ"
536484;2023-07-17;"segunda-feira";"17:10:00";"SP";153;69,7;"SAO JOSE DO RIO PRETO";"Acessar a via sem observar a presença dos outros veículos";"Colisão transversal";"Com Vítimas Feridas";"Pleno dia";"Decrescente";"Céu Claro";"Dupla";"Reta";"Não";3;0;2;0;0;1;2;3;-20,854945;-49,4047318;"SPRF-SP";"DEL09-SP";"UOP01-DEL09-SP"
536485;2023-07-17;"segunda-feira";"15:50:00";"DF";80;15;"BRASILIA";"Velocidade Incompatível";"Colisão com objeto";"Com Vítimas Feridas";"Pleno dia";"Crescente";"Céu Claro";"Simples";"Declive";"Não";2;0;1;0;1;0;1;1;-15,710013;-48,199486;"SPRF-DF";"DEL03-DF";"UOP02-DEL03-DF"
536486;2023-07-17;"segunda-feira";"17:15:00";"PE";101;69;"RECIFE";"Ausência de reação do condutor";"Colisão traseira";"Com Vítimas Feridas";"Pleno dia";"Crescente";"Céu Claro";"Dupla";"Reta";"Não";2;0;1;0;0;1;1;2;-8,05951606;-34,94581024;"SPRF-PE";"DEL01-PE";"UOP01-DEL01-PE"
536489;2023-07-17;"segunda-feira";"14:40:00";"PR";116;25,8;"CAMPINA GRANDE DO SUL";"Avarias e/ou desgaste excessivo no pneu";"Saída de leito carroçável";"Com Vítimas Feridas";"Pleno dia";"Decrescente";"Garoa/Chuvisco";"Dupla";"Declive;Curva;Ponte";"Não";2;0;1;0;1;0;1;1;-25,10806218;-48,78757954;"SPRF-PR";"DEL01-PR";"UOP02-DEL01-PR"
536490;2023-07-17;"segunda-feira";"17:30:00";"GO";153;492,5;"GOIANIA";"Condutor usando celular";"Colisão traseira";"Com Vítimas Feridas";"Anoitecer";"Crescente";"Céu Claro";"Dupla";"Reta";"Não";2;0;1;0;1;0;1;2;-16,6461;-49,2114;"SPRF-GO";"DEL01-GO";"UOP01-DEL01-GO"
536491;2023-07-17;"segunda-feira";"10:00:00";"RJ";40;67;"PETROPOLIS";"Ausência de reação do condutor";"Colisão com objeto";"Com Vítimas Feridas";"Pleno dia";"Decrescente";"Céu Claro";"Dupla";"Curva";"Não";1;0;1;0;0;0;1;1;-22,43856951;-43,17948818;"SPRF-RJ";"DEL06-RJ";"UOP01-DEL06-RJ"
536492;2023-07-17;"segunda-feira";"17:50:00";"SE";235;51,2;"ITABAIANA";"Ingestão de álcool pelo condutor";"Colisão com objeto";"Com Vítimas Feridas";"Plena Noite";"Decrescente";"Nublado";"Simples";"Reta";"Sim";1;0;1;0;0;0;1;1;-10,700226;-37,431423;"SPRF-SE";"DEL01-SE";"UOP02-DEL01-SE"
536493;2023-07-17;"segunda-feira";"16:45:00";"RJ";101;324;"NITEROI";"Ausência de reação do condutor";"Queda de ocupante de veículo";"Com Vítimas Feridas";"Pleno dia";"Decrescente";"Sol";"Dupla";"Reta";"Não";1;0;1;0;0;0;1;1;-22,87381074;-43,12640997;"SPRF-RJ";"DEL02-RJ";"UOP01-DEL02-RJ"
536494;2023-07-17;"segunda-feira";"15:15:00";"RJ";101;316;"SAO GONCALO";"Ausência de reação do condutor";"Colisão lateral mesmo sentido";"Com Vítimas Feridas";"Pleno dia";"Crescente";"Céu Claro";"Simples";"Reta";"Sim";2;0;1;0;1;0;1;2;-22,82835879;-43,09208739;"SPRF-RJ";"DEL02-RJ";"UOP02-DEL02-RJ"
536495;2023-07-17;"segunda-feira";"17:20:00";"PE";101;71,9;"RECIFE";"Demais falhas na via";"Eventos atípicos";"Com Vítimas Feridas";"Anoitecer";"Crescente";"Nublado";"Dupla";"Reta";"Sim";4;0;2;0;2;0;2;1;-8,077963;-34,943023;"SPRF-PE";"DEL01-PE";"UOP01-DEL01-PE"
536496;2023-07-17;"segunda-feira";"15:20:00";"PE";101;46,3;"IGARASSU";"Demais falhas mecânicas ou elétricas";"Tombamento";"Com Vítimas Feridas";"Pleno dia";"Decrescente";"Céu Claro";"Múltipla";"Reta";"Não";2;0;2;0;0;0;2;1;-7,87406004;-34,90588126;"SPRF-PE";"DEL01-PE";"UOP02-DEL01-PE"
536497;2023-07-17;"segunda-feira";"10:30:00";"RJ";101;327;"NITEROI";"Ausência de reação do condutor";"Colisão traseira";"Com Vítimas Feridas";"Pleno dia";"Decrescente";"Céu Claro";"Múltipla";"Aclive;Reta;Ponte";"Sim";2;0;0;1;1;0;1;2;-22,87146986;-43,15155029;"SPRF-RJ";"DEL02-RJ";"UOP01-DEL02-RJ"
536498;2023-07-17;"segunda-feira";"17:45:00";"SC";101;214,3;"PALHOCA";"Manobra de mudança de faixa";"Colisão lateral mesmo sentido";"Com Vítimas Feridas";"Anoitecer";"Crescente";"Nublado";"Dupla";"Aclive;Reta;Viaduto";"Sim";2;0;0;1;1;0;1;2;-27,64443;-48,67057;"SPRF-SC";"DEL01-SC";"UOP02-DEL01-SC"
536500;2023-05-15;"segunda-feira";"04:46:00";"PA";230;200;"ITUPIRANGA";"Ausência de reação do condutor";"Saída de leito carroçável";"Com Vítimas Feridas";"Amanhecer";"Decrescente";"Ignorado";"Simples";"Curva";"Não";13;0;1;1;11;0;2;1;-4,92078;-49,476942;"SPRF-PA";"DEL03-PA";"UOP01-DEL03-PA"
536501;2023-07-17;"segunda-feira";"17:37:00";"AL";316;266;"SATUBA";"Problema na suspensão";"Tombamento";"Com Vítimas Feridas";"Anoitecer";"Crescente";"Céu Claro";"Simples";"Reta";"Não";1;0;1;0;0;0;1;1;-9,58847626;-35,8696781;"SPRF-AL";"DEL02-AL";"UOP01-DEL02-AL"
536502;2023-07-17;"segunda-feira";"17:30:00";"MG";381;487,4;"BETIM";"Reação tardia ou ineficiente do condutor";"Tombamento";"Com Vítimas Feridas";"Anoitecer";"Crescente";"Céu Claro";"Múltipla";"Curva";"Sim";2;0;1;1;0;0;2;1;-19,95586853;-44,14609501;"SPRF-MG";"DEL01-MG";"UOP03-DEL01-MG"
536503;2023-07-17;"segunda-feira";"16:30:00";"RS";158;442,1;"ROSARIO DO SUL";"Acostamento em desnível";"Capotamento";"Com Vítimas Feridas";"Pleno dia";"Crescente";"Céu Claro";"Simples";"Reta";"Não";3;0;3;0;0;0;3;1;-30,20698599;-54,72156177;"SPRF-RS";"DEL11-RS";"UOP02-DEL11-RS"
536504;2023-07-17;"segunda-feira";"17:40:00";"PR";369;153;"LONDRINA";"Ultrapassagem Indevida";"Colisão lateral mesmo sentido";"Com Vítimas Feridas";"Pleno dia";"Crescente";"Céu Claro";"Dupla";"Aclive";"Sim";2;0;0;1;1;0;1;2;-23,295416;-51,190256;"SPRF-PR";"DEL07-PR";"UOP01-DEL07-PR"
536505;2023-07-08;"sábado";"11:10:00";"RO";364;309;"PRESIDENTE MEDICI";"Ultrapassagem Indevida";"Colisão frontal";"Com Vítimas Feridas";"Pleno dia";"Crescente";"Céu Claro";"Simples";"Reta";"Sim";3;0;1;0;2;0;1;2;-11,163407;-61,901608;"SPRF-RO";"DEL02-RO";"UOP01-DEL02-RO"
536508;2023-07-17;"segunda-feira";"18:00:00";"PR";277;71;"SAO JOSE DOS PINHAIS";"Reação tardia ou ineficiente do condutor";"Saída de leito carroçável";"Sem Vítimas";"Anoitecer";"Crescente";"Chuva";"Dupla";"Reta";"Sim";1;0;0;0;1;0;0;1;-25,52920381;-49,08862791;"SPRF-PR";"DEL01-PR";"UOP01-DEL01-PR"
536511;2023-07-17;"segunda-feira";"16:00:00";"RS";290;287;"CACHOEIRA DO SUL";"Demais falhas mecânicas ou elétricas";"Incêndio";"Sem Vítimas";"Pleno dia";"Decrescente";"Sol";"Simples";"Reta";"Sim";1;0;0;0;1;0;0;1;-30,264469;-53,091034;"SPRF-RS";"DEL02-RS";"UOP03-DEL02-RS"
536512;2023-07-17;"segunda-feira";"17:45:00";"SP";116;82;"ROSEIRA";"Avarias e/ou desgaste excessivo no pneu";"Queda de ocupante de veículo";"Com Vítimas Feridas";"Plena Noite";"Decrescente";"Céu Claro";"Dupla";"Reta";"Não";2;0;2;0;0;0;2;1;-22,90918532;-45,31883185;"SPRF-SP";"DEL08-SP";"UOP01-DEL08-SP"
536513;2023-07-17;"segunda-feira";"18:30:00";"SC";101;117,2;"ITAJAI";"Ausência de reação do condutor";"Colisão lateral mesmo sentido";"Com Vítimas Feridas";"Anoitecer";"Decrescente";"Céu Claro";"Dupla";"Viaduto";"Não";2;0;1;0;1;0;1;2;-26,88747187;-48,72252969;"SPRF-SC";"DEL04-SC";"UOP04-DEL04-SC"
536514;2023-07-17;"segunda-feira";"18:45:00";"SC";280;28,1;"ARAQUARI";"Transitar no Acostamento";"Colisão transversal";"Com Vítimas Feridas";"Plena Noite";"Crescente";"Garoa/Chuvisco";"Simples";"Reta";"Não";2;0;1;0;1;0;1;2;-26,40527;-48,746385;"SPRF-SC";"DEL03-SC";"UOP03-DEL03-SC"
536516;2023-07-13;"quinta-feira";"08:20:00";"RJ";116;178;"MESQUITA";"Demais falhas mecânicas ou elétricas";"Queda de ocupante de veículo";"Com Vítimas Feridas";"Pleno dia";"Decrescente";"Céu Claro";"Dupla";"Reta";"Não";2;0;1;0;1;0;1;1;-22,77496393;-43,40081465;"SPRF-RJ";"DEL01-RJ";"UOP02-DEL01-RJ"
536517;2023-03-29;"quarta-feira";"17:15:00";"ES";101;285;"CARIACICA";"Acessar a via sem observar a presença dos outros veículos";"Colisão transversal";"Com Vítimas Feridas";"Anoitecer";"Decrescente";"Céu Claro";"Dupla";"Reta";"Sim";2;0;1;0;0;1;1;2;-20,25148171;-40,37270066;"SPRF-ES";"DEL01-ES";"UOP01-DEL01-ES"
536519;2023-07-17;"segunda-feira";"19:00:00";"RN";101;72;"NATAL";"Acessar a via sem observar a presença dos outros veículos";"Colisão transversal";"Com Vítimas Feridas";"Plena Noite";"Decrescente";"Céu Claro";"Dupla";"Reta";"Não";2;0;1;0;1;0;1;2;-5,69866248;-35,26316835;"SPRF-RN";"DEL02-RN";"UOP01-DEL02-RN"
536520;2023-07-17;"segunda-feira";"19:45:00";"PR";116;116;"CURITIBA";"Acumulo de água sobre o pavimento";"Tombamento";"Com Vítimas Feridas";"Plena Noite";"Crescente";"Chuva";"Dupla";"Reta";"Sim";1;0;1;0;0;0;1;1;-25,550422;-49,304864;"SPRF-PR";"DEL01-PR";"UOP03-DEL01-PR"
536521;2023-07-17;"segunda-feira";"12:00:00";"PR";153;233,9;"TIBAGI";"Velocidade Incompatível";"Saída de leito carroçável";"Com Vítimas Feridas";"Pleno dia";"Decrescente";"Chuva";"Simples";"Curva";"Não";1;0;1;0;0;0;1;1;-24,742637;-50,459937;"SPRF-PR";"DEL03-PR";"UOP02-DEL03-PR"
536524;2023-07-17;"segunda-feira";"11:00:00";"RJ";116;85;"TERESOPOLIS";"Acesso irregular";"Queda de ocupante de veículo";"Com Vítimas Feridas";"Pleno dia";"Crescente";"Sol";"Simples";"Curva";"Não";1;0;1;0;0;0;1;1;-22,42972396;-42,95095697;"SPRF-RJ";"DEL04-RJ";"UOP01-DEL04-RJ"
536525;2023-07-17;"segunda-feira";"19:00:00";"SC";470;100,2;"APIUNA";"Reação tardia ou ineficiente do condutor";"Capotamento";"Com Vítimas Feridas";"Plena Noite";"Decrescente";"Céu Claro";"Simples";"Reta";"Não";1;0;1;0;0;0;1;1;-27,045143;-49,394142;"SPRF-SC";"DEL04-SC";"UOP02-DEL04-SC"
536530;2023-07-17;"segunda-feira";"18:30:00";"BA";242;617;"MUQUEM DE SAO FRANCISCO";"Ausência de reação do condutor";"Saída de leito carroçável";"Com Vítimas Feridas";"Plena Noite";"Crescente";"Céu Claro";"Simples";"Reta";"Não";1;0;0;1;0;0;1;1;-12,22365;-43,453621;"SPRF-BA";"DEL10-BA";"UOP02-DEL10-BA"
536532;2023-06-16;"sexta-feira";"22:39:00";"ES";101;134;"SOORETAMA";"Ingestão de álcool pelo condutor";"Colisão frontal";"Com Vítimas Feridas";"Plena Noite";"Crescente";"Céu Claro";"Simples";"Reta";"Não";2;0;1;0;0;1;1;2;-19,26602502;-40,08886123;"SPRF-ES";"DEL04-ES";"UOP01-DEL04-ES"