"id";"data_inversa";"dia_semana";"horario";"uf";"br";"km";"municipio";"causa_acidente";"tipo_acidente";"classificacao_acidente";"fase_dia";"sentido_via";"condicao_metereologica";"tipo_pista";"tracado_via";"uso_solo";"pessoas";"mortos";"feridos_leves";"feridos_graves";"ilesos";"ignorados";"feridos";"veiculos";"latitude";"longitude";"regional";"delegacia";"uop"
536533;2023-07-17;"segunda-feira";"20:00:00";"PR";376;193,6;"MARIALVA";"Demais falhas mecânicas ou elétricas";"Colisão traseira";"Com Vítimas Feridas";"Plena Noite";"Decrescente";"Céu Claro";"Dupla";"Reta";"Não";7;0;1;0;6;0;1;2;-23,50026007;-51,76384001;"SPRF-PR";"DEL09-PR";"UOP01-DEL09-PR"
536534;2023-07-17;"segunda-feira";"18:40:00";"MG";365;604;"UBERLANDIA";"Ausência de reação do condutor";"Saída de leito carroçável";"Com Vítimas Feridas";"Plena Noite";"Crescente";"Céu Claro";"Dupla";"Curva";"Não";2;0;1;1;0;0;2;1;-18,90390519;-48,16353682;"SPRF-MG";"DEL15-MG";"UOP01-DEL15-MG"
536537;2023-07-17;"segunda-feira";"18:24:00";"MT";163;821;"SINOP";"Reação tardia ou ineficiente do condutor";"Queda de ocupante de veículo";"Sem Vítimas";"Plena Noite";"Decrescente";"Céu Claro";"Simples";"Reta";"Sim";1;0;0;0;0;1;0;1;-11,98326;-55,517;"SPRF-MT";"DEL06-MT";"UOP02-DEL06-MT"
536538;2023-07-17;"segunda-feira";"14:00:00";"PI";316;316;"PICOS";"Reação tardia ou ineficiente do condutor";"Queda de ocupante de veículo";"Com Vítimas Feridas";"Pleno dia";"Decrescente";"Céu Claro";"Simples";"Interseção de Vias";"Sim";2;0;0;1;0;1;1;2;-7,08133721;-41,42347604;"SPRF-PI";"DEL04-PI";"UOP01-DEL04-PI"
536540;2023-07-17;"segunda-feira";"17:30:00";"AC";364;136;"RIO BRANCO";"Acessar a via sem observar a presença dos outros veículos";"Colisão transversal";"Com Vítimas Feridas";"Plena Noite";"Decrescente";"Céu Claro";"Dupla";"Interseção de Vias;Rotatória";"Sim";2;0;2;0;0;0;2;2;-9,977578;-67,8489;"SPRF-AC";"DEL01-AC";"UOP01-DEL01-AC"
536541;2023-06-24;"sábado";"19:15:00";"MG";116;274;"TEOFILO OTONI";"Retorno proibido";"Queda de ocupante de veículo";"Com Vítimas Feridas";"Plena Noite";"Decrescente";"Céu Claro";"Simples";"Reta";"Sim";2;0;1;0;1;0;1;2;-17,83384514;-41,51094368;"SPRF-MG";"DEL11-MG";"UOP01-DEL11-MG"
536542;2023-07-17;"segunda-feira";"18:15:00";"MG";116;537,3;"SANTA RITA DE MINAS";"Acessar a via sem observar a presença dos outros veículos";"Colisão transversal";"Com Vítimas Feridas";"Plena Noite";"Decrescente";"Nublado";"Simples";"Reta";"Sim";3;0;1;1;1;0;2;2;-19,86620285;-42,1352356;"SPRF-MG";"DEL06-MG";"UOP02-DEL06-MG"
536544;2023-07-17;"segunda-feira";"21:00:00";"SP";381;88;"GUARULHOS";"Reação tardia ou ineficiente do condutor";"Colisão com objeto";"Com Vítimas Feridas";"Plena Noite";"Crescente";"Céu Claro";"Múltipla";"Reta";"Não";1;0;1;0;0;0;1;1;-23,47469314;-46,56112919;"SPRF-SP";"DEL03-SP";"UOP01-DEL03-SP"
536545;2023-07-17;"segunda-feira";"17:40:00";"AM";174;963;"MANAUS";"Ausência de reação do condutor";"Capotamento";"Com Vítimas Feridas";"Plena Noite";"Crescente";"Céu Claro";"Simples";"Reta";"Não";2;0;2;0;0;0;2;1;-2,28367197;-60,04203523;"SPRF-AM";"DEL01-AM";"UOP01-DEL01-AM"
536548;2023-07-17;"segunda-feira";"19:55:00";"RJ";101;495,9;"ANGRA DOS REIS";"Acumulo de areia ou detritos sobre o pavimento";"Queda de ocupante de veículo";"Com Vítimas Feridas";"Plena Noite";"Crescente";"Céu Claro";"Simples";"Curva";"Não";1;0;1;0;0;0;1;1;-22,93180313;-44,32178488;"SPRF-RJ";"DEL03-RJ";"UOP03-DEL03-RJ"
536551;2023-07-17;"segunda-feira";"19:40:00";"RO";174;13;"VILHENA";"Reação tardia ou ineficiente do condutor";"Colisão transversal";"Com Vítimas Feridas";"Plena Noite";"Crescente";"Céu Claro";"Dupla";"Reta";"Sim";2;0;1;0;1;0;1;2;-12,74140004;-60,13026401;"SPRF-RO";"DEL04-RO";"UOP01-DEL04-RO"
536554;2023-07-17;"segunda-feira";"20:40:00";"RN";304;35;"MOSSORO";"Ingestão de álcool pelo condutor";"Colisão transversal";"Com Vítimas Feridas";"Plena Noite";"Crescente";"Céu Claro";"Dupla";"Aclive";"Sim";3;0;2;0;0;1;2;3;-5,16149497;-37,35068212;"SPRF-RN";"DEL04-RN";"UOP02-DEL04-RN"
536555;2023-07-17;"segunda-feira";"21:30:00";"GO";414;427;"ANAPOLIS";"Animais na Pista";"Atropelamento de Animal";"Com Vítimas Feridas";"Plena Noite";"Crescente";"Céu Claro";"Simples";"Reta";"Não";1;0;1;0;0;0;1;1;-16,18147601;-48,90219095;"SPRF-GO";"DEL02-GO";"UOP01-DEL02-GO"
536556;2023-07-17;"segunda-feira";"20:15:00";"SC";101;123;"ITAJAI";"Acessar a via sem observar a presença dos outros veículos";"Colisão transversal";"Com Vítimas Feridas";"Plena Noite";"Decrescente";"Chuva";"Dupla";"Interseção de Vias";"Sim";2;0;1;0;1;0;1;2;-26,93668609;-48,69876905;"SPRF-SC";"DEL04-SC";"UOP04-DEL04-SC"
536557;2023-07-17;"segunda-feira";"22:00:00";"ES";101;258,9;"SERRA";"Condutor deixou de manter distância do veículo da frente";"Colisão traseira";"Com Vítimas Feridas";"Plena Noite";"Decrescente";"Céu Claro";"Dupla";"Reta";"Sim";2;0;1;0;1;0;1;2;-20,13059888;-40,2961019;"SPRF-ES";"DEL02-ES";"UOP01-DEL02-ES"
536558;2023-07-17;"segunda-feira";"21:50:00";"DF";70;10;"BRASILIA";"Manobra de mudança de faixa";"Saída de leito carroçável";"Com Vítimas Feridas";"Plena Noite";"Crescente";"Nublado";"Dupla";"Reta";"Não";2;0;2;0;0;0;2;1;-15,787066;-48,140709;"SPRF-DF";"DEL03-DF";"UOP02-DEL03-DF"
536559;2023-07-17;"segunda-feira";"22:00:00";"RS";158;309,5;"ITAARA";"Ingestão de álcool pelo condutor";"Saída de leito carroçável";"Com Vítimas Feridas";"Plena Noite";"Decrescente";"Céu Claro";"Simples";"Reta";"Sim";1;0;1;0;0;0;1;1;-29,606196;-53,76568;"SPRF-RS";"DEL09-RS";"UOP01-DEL09-RS"
536560;2023-07-17;"segunda-feira";"23:00:00";"DF";80;25;"BRASILIA";"Manobra de mudança de faixa";"Queda de ocupante de veículo";"Com Vítimas Feridas";"Plena Noite";"Crescente";"Céu Claro";"Dupla";"Reta";"Não";1;0;1;0;0;0;1;1;-15,62121;-48,198963;"SPRF-DF";"DEL03-DF";"UOP02-DEL03-DF"
536561;2023-07-17;"segunda-feira";"19:40:00";"BA";415;58,5;"ITABUNA";"Velocidade Incompatível";"Colisão frontal";"Com Vítimas Fatais";"Plena Noite";"Crescente";"Nublado";"Simples";"Curva";"Não";4;1;1;1;1;0;2;3;-14,849184;-39,385061;"SPRF-BA";"DEL05-BA";"UOP01-DEL05-BA"
536562;2023-07-17;"segunda-feira";"23:15:00";"SC";282;499,5;"XANXERE";"Acesso irregular";"Colisão frontal";"Com Vítimas Feridas";"Plena Noite";"Crescente";"Céu Claro";"Dupla";"Declive";"Não";2;0;2;0;0;0;2;2;-26,880869;-52,363121;"SPRF-SC";"DEL07-SC";"UOP01-DEL07-SC"
536563;2023-07-05;"quarta-feira";"17:45:00";"DF";60;19;"BRASILIA";"Reação tardia ou ineficiente do condutor";"Capotamento";"Com Vítimas Feridas";"Anoitecer";"Decrescente";"Céu Claro";"Dupla";"Reta";"Não";5;0;3;0;2;0;3;1;-15,974583;-48,189411;"SPRF-DF";"DEL03-DF";"UOP01-DEL03-DF"
536564;2023-07-17;"segunda-feira";"18:10:00";"PA";316;150;"CAPANEMA";"Acessar a via sem observar a presença dos outros veículos";"Colisão traseira";"Com Vítimas Feridas";"Plena Noite";"Crescente";"Céu Claro";"Simples";"Reta";"Sim";3;0;2;0;0;1;2;2;-1,215274;-47,19026;"SPRF-PA";"DEL01-PA";"UOP03-DEL01-PA"
536565;2023-07-17;"segunda-feira";"23:00:00";"RJ";40;6;"COMENDADOR LEVY GASPARIAN";"Reação tardia ou ineficiente do condutor";"Tombamento";"Com Vítimas Feridas";"Plena Noite";"Crescente";"Céu Claro";"Dupla";"Curva";"Sim";1;0;1;0;0;0;1;1;-22,0261703;-43,23146528;"SPRF-RJ";"DEL05-RJ";"UOP02-DEL05-RJ"
536566;2023-07-17;"segunda-feira";"23:35:00";"PR";116;51,2;"CAMPINA GRANDE DO SUL";"Reação tardia ou ineficiente do condutor";"Colisão com objeto";"Com Vítimas Feridas";"Plena Noite";"Crescente";"Chuva";"Dupla";"Curva";"Não";4;0;1;0;3;0;1;1;-25,24249703;-48,90292205;"SPRF-PR";"DEL01-PR";"UOP02-DEL01-PR"
536567;2023-07-18;"terça-feira";"02:40:00";"PB";230;503,9;"CAJAZEIRAS";"Animais na Pista";"Atropelamento de Animal";"Com Vítimas Feridas";"Plena Noite";"Crescente";"Céu Claro";"Simples";"Reta";"Sim";1;0;0;1;0;0;1;1;-6,8962;-38,534;"SPRF-PB";"DEL03-PB";"UOP03-DEL03-PB"
536569;2023-07-18;"terça-feira";"04:40:00";"ES";101;190,7;"ARACRUZ";"Condutor Dormindo";"Capotamento";"Com Vítimas Feridas";"Plena Noite";"Crescente";"Céu Claro";"Simples";"Reta";"Não";1;0;1;0;0;0;1;1;-19,68560509;-40,27853793;"SPRF-ES";"DEL04-ES";"UOP01-DEL04-ES"
536570;2023-07-18;"terça-feira";"05:31:00";"RJ";116;178;"BELFORD ROXO";"Acessar a via sem observar a presença dos outros veículos";"Colisão transversal";"Sem Vítimas";"Plena Noite";"Decrescente";"Céu Claro";"Simples";"Reta";"Sim";2;0;0;0;2;0;0;2;-22,77496393;-43,40081465;"SPRF-RJ";"DEL01-RJ";"UOP02-DEL01-RJ"
536572;2023-07-17;"segunda-feira";"17:20:00";"SC";470;65,1;"INDAIAL";"Trafegar com motocicleta (ou similar) entre as faixas";"Atropelamento de Pedestre";"Com Vítimas Feridas";"Anoitecer";"Crescente";"Nublado";"Simples";"Reta";"Sim";2;0;1;1;0;0;2;2;-26,870411;-49,211864;"SPRF-SC";"DEL04-SC";"UOP01-DEL04-SC"
536573;2023-07-18;"terça-feira";"04:30:00";"SC";470;29,4;"GASPAR";"Velocidade Incompatível";"Saída de leito carroçável";"Com Vítimas Feridas";"Amanhecer";"Crescente";"Garoa/Chuvisco";"Dupla";"Reta";"Não";1;0;1;0;0;0;1;1;-26,89362;-48,903973;"SPRF-SC";"DEL04-SC";"UOP01-DEL04-SC"
536574;2023-07-18;"terça-feira";"05:50:00";"RS";290;92;"PORTO ALEGRE";"Reação tardia ou ineficiente do condutor";"Colisão traseira";"Com Vítimas Feridas";"Plena Noite";"Decrescente";"Nublado";"Dupla";"Aclive";"Sim";2;0;1;0;1;0;1;2;-29,97173692;-51,1790961;"SPRF-RS";"DEL01-RS";"UOP01-DEL01-RS"
536575;2023-07-18;"terça-feira";"05:45:00";"SP";116;269;"TABOAO DA SERRA";"Reação tardia ou ineficiente do condutor";"Colisão traseira";"Com Vítimas Feridas";"Amanhecer";"Decrescente";"Céu Claro";"Múltipla";"Reta";"Sim";2;0;1;0;1;0;1;2;-23,61593059;-46,78826044;"SPRF-SP";"DEL04-SP";"UOP01-DEL04-SP"
536576;2023-06-16;"sexta-feira";"18:40:00";"MG";381;238;"SANTANA DO PARAISO";"Animais na Pista";"Atropelamento de Animal";"Com Vítimas Feridas";"Plena Noite";"Crescente";"Ignorado";"Simples";"Reta";"Não";1;0;1;0;0;0;1;1;-19,36932059;-42,45366834;"SPRF-MG";"DEL06-MG";"UOP01-DEL06-MG"
536579;2023-07-18;"terça-feira";"06:30:00";"SP";116;227;"SAO PAULO";"Condutor deixou de manter distância do veículo da frente";"Colisão traseira";"Com Vítimas Feridas";"Pleno dia";"Crescente";"Céu Claro";"Múltipla";"Reta";"Não";2;0;1;0;1;0;1;2;-23,49659264;-46,55648754;"SPRF-SP";"DEL01-SP";"UOP01-DEL01-SP"
536580;2023-07-18;"terça-feira";"06:40:00";"SP";116;219;"GUARULHOS";"Avarias e/ou desgaste excessivo no pneu";"Queda de ocupante de veículo";"Com Vítimas Feridas";"Amanhecer";"Decrescente";"Nublado";"Múltipla";"Reta";"Não";2;0;2;0;0;0;2;1;-23,46143954;-46,48885316;"SPRF-SP";"DEL01-SP";"UOP01-DEL01-SP"
536581;2023-07-18;"terça-feira";"06:45:00";"SP";116;207;"GUARULHOS";"Condutor deixou de manter distância do veículo da frente";"Colisão lateral mesmo sentido";"Com Vítimas Feridas";"Amanhecer";"Crescente";"Nublado";"Múltipla";"Reta";"Não";3;0;1;0;2;0;1;2;-23,41972188;-46,38419203;"SPRF-SP";"DEL01-SP";"UOP01-DEL01-SP"
536582;2023-07-18;"terça-feira";"06:10:00";"MG";40;509,2;"RIBEIRAO DAS NEVES";"Acessar a via sem observar a presença dos outros veículos";"Colisão lateral mesmo sentido";"Com Vítimas Feridas";"Pleno dia";"Crescente";"Céu Claro";"Dupla";"Reta;Aclive";"Sim";2;0;1;0;0;1;1;2;-19,77664513;-44,12173552;"SPRF-MG";"DEL01-MG";"UOP02-DEL01-MG"
536583;2023-07-18;"terça-feira";"06:40:00";"SC";101;213;"PALHOCA";"Acumulo de água sobre o pavimento";"Tombamento";"Com Vítimas Feridas";"Pleno dia";"Crescente";"Chuva";"Simples";"Viaduto";"Não";1;0;1;0;0;0;1;1;-27,63697369;-48,66514142;"SPRF-SC";"DEL01-SC";"UOP02-DEL01-SC"
536584;2023-07-18;"terça-feira";"06:01:00";"GO";60;19;"ALEXANIA";"Ausência de reação do condutor";"Saída de leito carroçável";"Com Vítimas Feridas";"Pleno dia";"Crescente";"Céu Claro";"Dupla";"Reta";"Não";1;0;1;0;0;0;1;1;-16,0963;-48,5202;"SPRF-DF";"DEL03-DF";"UOP01-DEL03-DF"
536585;2023-07-18;"terça-feira";"07:00:00";"SP";116;207;"GUARULHOS";"Condutor deixou de manter distância do veículo da frente";"Colisão traseira";"Com Vítimas Feridas";"Pleno dia";"Crescente";"Céu Claro";"Múltipla";"Reta";"Sim";2;0;1;0;1;0;1;2;-23,41972188;-46,38419203;"SPRF-SP";"DEL01-SP";"UOP01-DEL01-SP"
536586;2023-07-18;"terça-feira";"07:05:00";"SC";101;158;"PORTO BELO";"Condutor deixou de manter distância do veículo da frente";"Colisão traseira";"Com Vítimas Feridas";"Pleno dia";"Crescente";"Chuva";"Dupla";"Reta";"Não";2;0;1;0;1;0;1;2;-27,19096301;-48,61259017;"SPRF-SC";"DEL04-SC";"UOP03-DEL04-SC"
536587;2023-07-18;"terça-feira";"06:30:00";"SP";153;57,7;"SAO JOSE DO RIO PRETO";"Acessar a via sem observar a presença dos outros veículos";"Colisão lateral mesmo sentido";"Com Vítimas Feridas";"Pleno dia";"Crescente";"Céu Claro";"Dupla";"Reta";"Sim";2;0;1;0;1;0;1;2;-20,76991095;-49,34982212;"SPRF-SP";"DEL09-SP";"UOP01-DEL09-SP"
536589;2023-07-18;"terça-feira";"07:00:00";"MG";40;703,7;"BARBACENA";"Ausência de reação do condutor";"Saída de leito carroçável";"Com Vítimas Feridas";"Pleno dia";"Crescente";"Nublado";"Dupla";"Reta";"Não";1;0;1;0;0;0;1;1;-21,224426;-43,72935;"SPRF-MG";"DEL05-MG";"UOP02-DEL05-MG"
536590;2023-07-18;"terça-feira";"07:00:00";"SP";116;34;"CRUZEIRO";"Reação tardia ou ineficiente do condutor";"Queda de ocupante de veículo";"Com Vítimas Feridas";"Pleno dia";"Crescente";"Céu Claro";"Simples";"Aclive;Reta";"Não";1;0;1;0;0;0;1;1;-22,65447396;-44,95940103;"SPRF-SP";"DEL08-SP";"UOP02-DEL08-SP"
536591;2023-07-18;"terça-feira";"06:15:00";"SP";381;64;"MAIRIPORA";"Objeto estático sobre o leito carroçável";"Queda de ocupante de veículo";"Com Vítimas Feridas";"Pleno dia";"Crescente";"Céu Claro";"Dupla";"Reta";"Não";1;0;1;0;0;0;1;1;-23,3089645;-46,57924651;"SPRF-SP";"DEL03-SP";"UOP01-DEL03-SP"
536593;2023-07-18;"terça-feira";"07:30:00";"RN";304;12;"MOSSORO";"Ultrapassagem Indevida";"Colisão frontal";"Com Vítimas Feridas";"Pleno dia";"Decrescente";"Céu Claro";"Simples";"Reta";"Não";5;0;3;0;2;0;3;2;-4,97189304;-37,38918206;"SPRF-RN";"DEL04-RN";"UOP02-DEL04-RN"
536594;2023-07-18;"terça-feira";"07:15:00";"GO";60;37;"ALEXANIA";"Ausência de reação do condutor";"Colisão lateral mesmo sentido";"Com Vítimas Feridas";"Pleno dia";"Crescente";"Céu Claro";"Dupla";"Declive;Curva";"Não";5;0;2;0;3;0;2;2;-16,11383185;-48,54532778;"SPRF-DF";"DEL03-DF";"UOP01-DEL03-DF"
536596;2023-07-18;"terça-feira";"07:00:00";"RJ";101;455,6;"ANGRA DOS REIS";"Acesso irregular";"Colisão transversal";"Com Vítimas Feridas";"Pleno dia";"Decrescente";"Nublado";"Simples";"Declive;Reta";"Sim";2;0;1;0;1;0;1;2;-23,03130715;-44,15918011;"SPRF-RJ";"DEL03-RJ";"UOP02-DEL03-RJ"
536597;2023-07-18;"terça-feira";"08:00:00";"SP";116;222;"GUARULHOS";"Trafegar com motocicleta (ou similar) entre as faixas";"Colisão lateral mesmo sentido";"Com Vítimas Feridas";"Pleno dia";"Crescente";"Céu Claro";"Dupla";"Reta";"Sim";4;0;1;0;3;0;1;2;-23,47093408;-46,51631097;"SPRF-SP";"DEL01-SP";"UOP01-DEL01-SP"
536599;2023-07-18;"terça-feira";"07:00:00";"MS";267;29,1;"BATAGUASSU";"Transitar na contramão";"Colisão frontal";"Com Vítimas Feridas";"Pleno dia";"Decrescente";"Sol";"Dupla";"Interseção de Vias";"Sim";2;0;0;2;0;0;2;2;-21,72090146;-52,41360507;"SPRF-MS";"DEL02-MS";"UOP04-DEL02-MS"
536602;2023-07-18;"terça-feira";"09:04:00";"PI";343;0,9;"TERESINA";"Retorno proibido";"Colisão traseira";"Com Vítimas Feridas";"Pleno dia";"Crescente";"Céu Claro";"Dupla";"Reta";"Sim";2;0;1;0;0;1;1;2;-5,089569;-42,802288;"SPRF-PI";"DEL01-PI";"UOP01-DEL01-PI"
536603;2023-07-18;"terça-feira";"08:50:00";"RJ";116;184;"NOVA IGUACU";"Reação tardia ou ineficiente do condutor";"Colisão traseira";"Com Vítimas Feridas";"Pleno dia";"Crescente";"Céu Claro";"Múltipla";"Reta";"Sim";2;0;1;0;1;0;1;2;-22,74647215;-43,44594311;"SPRF-RJ";"DEL01-RJ";"UOP02-DEL01-RJ"
536604;2023-07-18;"terça-feira";"08:40:00";"BA";324;619;"SALVADOR";"Trafegar com motocicleta (ou similar) entre as faixas";"Tombamento";"Com Vítimas Feridas";"Pleno dia";"Crescente";"Céu Claro";"Múltipla";"Reta";"Não";2;0;1;0;1;0;1;1;-12,915241;-38,46174;"SPRF-BA";"DEL01-BA";"UOP01-DEL01-BA"
536605;2023-07-18;"terça-feira";"07:40:00";"MS";262;557,7;"MIRANDA";"Entrada inopinada do pedestre";"Atropelamento de Pedestre";"Com Vítimas Fatais";"Pleno dia";"Decrescente";"Céu Claro";"Dupla";"Aclive;Curva";"Sim";2;1;1;0;0;0;1;2;-20,23950151;-56,36753458;"SPRF-MS";"DEL03-MS";"UOP02-DEL03-MS"
536607;2023-05-07;"domingo";"19:25:00";"MT";163;832;"SINOP";"Acessar a via sem observar a presença dos outros veículos";"Colisão transversal";"Sem Vítimas";"Plena Noite";"Decrescente";"Vento";"Simples";"Rotatória";"Sim";2;0;0;0;2;0;0;2;-11,891874;-55,503343;"SPRF-MT";"DEL06-MT";"UOP02-DEL06-MT"
536611;2023-06-14;"quarta-feira";"09:00:00";"SP";116;207;"GUARULHOS";"Reação tardia ou ineficiente do condutor";"Colisão traseira";"Com Vítimas Feridas";"Pleno dia";"Crescente";"Chuva";"Múltipla";"Reta";"Sim";2;0;1;0;1;0;1;2;-23,41972188;-46,38419203;"SPRF-SP";"DEL01-SP";"UOP01-DEL01-SP"
536614;2023-07-18;"terça-feira";"10:00:00";"ES";101;231,9;"FUNDAO";"Reação tardia ou ineficiente do condutor";"Colisão traseira";"Com Vítimas Feridas";"Pleno dia";"Crescente";"Sol";"Simples";"Reta";"Não";3;0;2;0;1;0;2;2;-19,94425773;-40,40662323;"SPRF-ES";"DEL02-ES";"UOP01-DEL02-ES"
536616;2023-07-18;"terça-feira";"09:00:00";"SC";282;339,2;"CAMPOS NOVOS";"Pista esburacada";"Tombamento";"Com Vítimas Feridas";"Pleno dia";"Decrescente";"Céu Claro";"Simples";"Reta";"Não";2;0;1;0;1;0;1;2;-27,392731;-51,195118;"SPRF-SC";"DEL07-SC";"UOP06-DEL07-SC"
536617;2023-07-18;"terça-feira";"06:40:00";"PE";408;22;"TIMBAUBA";"Velocidade Incompatível";"Capotamento";"Com Vítimas Feridas";"Pleno dia";"Decrescente";"Céu Claro";"Simples";"Curva";"Não";2;0;0;2;0;0;2;1;-7,52257159;-35,29948406;"SPRF-PE";"DEL01-PE";"UOP02-DEL01-PE"
536620;2023-07-18;"terça-feira";"10:30:00";"RS";392;26;"RIO GRANDE";"Desrespeitar a preferência no cruzamento";"Colisão lateral mesmo sentido";"Com Vítimas Feridas";"Pleno dia";"Crescente";"Céu Claro";"Dupla";"Reta;Interseção de Vias;Retorno Regulamentado";"Sim";5;0;1;0;4;0;1;2;-32,07835445;-52,25665029;"SPRF-RS";"DEL07-RS";"UOP02-DEL07-RS"
536621;2023-07-18;"terça-feira";"10:50:00";"PR";277;682;"SAO MIGUEL DO IGUACU";"Ausência de reação do condutor";"Colisão traseira";"Com Vítimas Feridas";"Pleno dia";"Decrescente";"Céu Claro";"Dupla";"Reta";"Não";4;0;1;0;3;0;1;2;-25,32986789;-54,18272203;"SPRF-PR";"DEL05-PR";"UOP01-DEL05-PR"
536622;2023-07-18;"terça-feira";"11:00:00";"SE";235;4,5;"NOSSA SENHORA DO SOCORRO";"Avarias e/ou desgaste excessivo no pneu";"Tombamento";"Com Vítimas Feridas";"Pleno dia";"Crescente";"Nublado";"Dupla";"Declive;Reta";"Sim";2;0;2;0;0;0;2;1;-10,9064;-37,1197;"SPRF-SE";"DEL01-SE";"UOP01-DEL01-SE"
536623;2023-07-18;"terça-feira";"11:12:00";"CE";116;10,4;"FORTALEZA";"Condutor deixou de manter distância do veículo da frente";"Colisão traseira";"Com Vítimas Feridas";"Pleno dia";"Crescente";"Nublado";"Múltipla";"Reta";"Sim";3;0;2;0;1;0;2;2;-3,82779096;-38,50486117;"SPRF-CE";"DEL01-CE";"UOP02-DEL01-CE"
536624;2023-07-18;"terça-feira";"08:46:00";"SP";153;211,5;"GUAIMBE";"Ultrapassagem Indevida";"Colisão lateral mesmo sentido";"Sem Vítimas";"Pleno dia";"Crescente";"Céu Claro";"Simples";"Reta";"Não";3;0;0;0;2;1;0;2;-21,9203084;-49,9165739;"SPRF-SP";"DEL07-SP";"UOP02-DEL07-SP"
536625;2023-06-18;"domingo";"06:10:00";"MT";174;4;"PONTES E LACERDA";"Ausência de reação do condutor";"Saída de leito carroçável";"Sem Vítimas";"Amanhecer";"Crescente";"Ignorado";"Simples";"Reta";"Sim";2;0;0;0;0;2;0;2;-15,226537;-59,335728;"SPRF-MT";"DEL04-MT";"UOP01-DEL04-MT"
536626;2023-07-18;"terça-feira";"11:15:00";"SC";101;202;"SAO JOSE";"Ausência de reação do condutor";"Queda de ocupante de veículo";"Com Vítimas Feridas";"Pleno dia";"Crescente";"Nublado";"Múltipla";"Interseção de Vias;Reta";"Não";1;0;1;0;0;0;1;1;-27,55711595;-48,61897889;"SPRF-SC";"DEL01-SC";"UOP01-DEL01-SC"
536627;2023-07-18;"terça-feira";"10:10:00";"PR";277;68;"SAO JOSE DOS PINHAIS";"Ausência de reação do condutor";"Colisão lateral mesmo sentido";"Com Vítimas Feridas";"Pleno dia";"Decrescente";"Nublado";"Dupla";"Reta";"Sim";3;0;1;0;1;1;1;3;-25,54112281;-49,06183391;"SPRF-PR";"DEL01-PR";"UOP01-DEL01-PR"
536631;2023-07-18;"terça-feira";"12:00:00";"BA";324;620,6;"SALVADOR";"Ausência de reação do condutor";"Colisão com objeto";"Com Vítimas Feridas";"Pleno dia";"Decrescente";"Céu Claro";"Múltipla";"Reta";"Sim";1;0;1;0;0;0;1;1;-12,90482172;-38,45556535;"SPRF-BA";"DEL01-BA";"UOP01-DEL01-BA"
536632;2023-06-10;"sábado";"14:15:00";"SC";101;210;"SAO JOSE";"Ausência de reação do condutor";"Colisão traseira";"Sem Vítimas";"Pleno dia";"Decrescente";"Céu Claro";"Dupla";"Reta";"Não";2;0;0;0;2;0;0;2;-27,6167305;-48,6457265;"SPRF-SC";"DEL01-SC";"UOP01-DEL01-SC"
536633;2023-07-18;"terça-feira";"12:00:00";"SP";116;219;"GUARULHOS";"Reação tardia ou ineficiente do condutor";"Colisão traseira";"Com Vítimas Feridas";"Pleno dia";"Crescente";"Nublado";"Dupla";"Interseção de Vias";"Não";2;0;1;0;1;0;1;2;-23,45808916;-46,4907074;"SPRF-SP";"DEL01-SP";"UOP01-DEL01-SP"
536636;2023-07-18;"terça-feira";"11:15:00";"RN";406;157,9;"CEARA-MIRIM";"Acumulo de água sobre o pavimento";"Tombamento";"Com Vítimas Feridas";"Pleno dia";"Decrescente";"Chuva";"Simples";"Reta";"Não";1;0;1;0;0;0;1;1;-5,69226503;-35,38879603;"SPRF-RN";"DEL02-RN";"UOP01-DEL02-RN"
536638;2023-07-18;"terça-feira";"12:00:00";"GO";153;513;"APARECIDA DE GOIANIA";"Desrespeitar a preferência no cruzamento";"Colisão transversal";"Com Vítimas Feridas";"Pleno dia";"Decrescente";"Céu Claro";"Dupla";"Interseção de Vias;Aclive";"Sim";3;0;2;0;1;0;2;2;-16,8244;-49,2421;"SPRF-GO";"DEL01-GO";"UOP03-DEL01-GO"
536639;2023-07-18;"terça-feira";"12:30:00";"RN";101;109;"PARNAMIRIM";"Acumulo de água sobre o pavimento";"Colisão traseira";"Sem Vítimas";"Pleno dia";"Decrescente";"Chuva";"Dupla";"Declive;Reta";"Não";2;0;0;0;2;0;0;2;-5,937378;-35,26483;"SPRF-RN";"DEL01-RN";"UOP01-DEL01-RN"
536640;2023-07-18;"terça-feira";"12:30:00";"BA";101;502;"ITABUNA";"Animais na Pista";"Atropelamento de Animal";"Com Vítimas Feridas";"Pleno dia";"Decrescente";"Céu Claro";"Simples";"Reta";"Não";2;0;2;0;0;0;2;1;-14,92453419;-39,29545275;"SPRF-BA";"DEL05-BA";"UOP01-DEL05-BA"
536642;2023-07-18;"terça-feira";"10:45:00";"SC";470;201,2;"PONTE ALTA";"Reação tardia ou ineficiente do condutor";"Saída de leito carroçável";"Com Vítimas Feridas";"Pleno dia";"Decrescente";"Garoa/Chuvisco";"Simples";"Reta";"Não";2;0;2;0;0;0;2;1;-27,298632;-50,143291;"SPRF-SC";"DEL05-SC";"UOP03-DEL05-SC"
536644;2023-07-18;"terça-feira";"11:50:00";"CE";222;221;"SOBRAL";"Condutor Dormindo";"Colisão traseira";"Sem Vítimas";"Pleno dia";"Crescente";"Nublado";"Simples";"Reta";"Sim";2;0;0;0;2;0;0;2;-3,72703784;-40,32233965;"SPRF-CE";"DEL04-CE";"UOP01-DEL04-CE"