"id";"data_inversa";"dia_semana";"horario";"uf";"br";"km";"municipio";"causa_acidente";"tipo_acidente";"classificacao_acidente";"fase_dia";"sentido_via";"condicao_metereologica";"tipo_pista";"tracado_via";"uso_solo";"pessoas";"mortos";"feridos_leves";"feridos_graves";"ilesos";"ignorados";"feridos";"veiculos";"latitude";"longitude";"regional";"delegacia";"uop"
536647;2023-07-18;"terça-feira";"12:37:00";"RJ";101;297;"ITABORAI";"Reação tardia ou ineficiente do condutor";"Colisão lateral mesmo sentido";"Com Vítimas Feridas";"Pleno dia";"Crescente";"Nublado";"Dupla";"Viaduto";"Não";3;0;2;0;1;0;2;2;-22,76942037;-42,91873581;"SPRF-RJ";"DEL02-RJ";"UOP02-DEL02-RJ"
536651;2023-07-18;"terça-feira";"13:30:00";"SP";116;107;"TAUBATE";"Reação tardia ou ineficiente do condutor";"Queda de ocupante de veículo";"Com Vítimas Feridas";"Pleno dia";"Crescente";"Garoa/Chuvisco";"Dupla";"Reta";"Não";1;0;1;0;0;0;1;1;-23,01791287;-45,53009409;"SPRF-SP";"DEL02-SP";"UOP02-DEL02-SP"
536654;2023-07-18;"terça-feira";"07:40:00";"RJ";101;320;"NITEROI";"Reação tardia ou ineficiente do condutor";"Queda de ocupante de veículo";"Com Vítimas Feridas";"Pleno dia";"Crescente";"Céu Claro";"Dupla";"Reta";"Não";1;0;1;0;0;0;1;1;-22,86171098;-43,10714015;"SPRF-RJ";"DEL02-RJ";"UOP01-DEL02-RJ"
536656;2023-07-18;"terça-feira";"13:00:00";"RJ";116;127,6;"MAGE";"Reação tardia ou ineficiente do condutor";"Tombamento";"Com Vítimas Feridas";"Pleno dia";"Decrescente";"Nublado";"Dupla";"Curva";"Não";1;0;1;0;0;0;1;1;-22,66137035;-43,09295957;"SPRF-RJ";"DEL04-RJ";"UOP02-DEL04-RJ"
536657;2023-05-12;"sexta-feira";"15:20:00";"SC";282;467,2;"PONTE SERRADA";"Ultrapassagem Indevida";"Colisão frontal";"Com Vítimas Fatais";"Pleno dia";"Decrescente";"Céu Claro";"Simples";"Reta";"Não";5;2;1;2;0;0;3;2;-26,8529235;-52,0743956;"SPRF-SC";"DEL07-SC";"UOP04-DEL07-SC"
536658;2023-07-18;"terça-feira";"13:35:00";"SP";381;68;"SAO PAULO";"Condutor Dormindo";"Saída de leito carroçável";"Sem Vítimas";"Pleno dia";"Decrescente";"Garoa/Chuvisco";"Múltipla";"Declive;Reta";"Não";1;0;0;0;1;0;0;1;-23,34043796;-46,57433588;"SPRF-SP";"DEL03-SP";"UOP01-DEL03-SP"
536659;2023-07-18;"terça-feira";"13:30:00";"BA";110;396;"SAO SEBASTIAO DO PASSE";"Acessar a via sem observar a presença dos outros veículos";"Atropelamento de Pedestre";"Com Vítimas Feridas";"Pleno dia";"Decrescente";"Céu Claro";"Simples";"Reta";"Sim";2;0;1;0;1;0;1;2;-12,50766107;-38,49626949;"SPRF-BA";"DEL01-BA";"UOP01-DEL01-BA"
536660;2023-07-18;"terça-feira";"14:20:00";"ES";262;141;"MUNIZ FREIRE";"Reação tardia ou ineficiente do condutor";"Colisão traseira";"Com Vítimas Feridas";"Pleno dia";"Decrescente";"Nublado";"Simples";"Reta";"Não";2;0;1;0;1;0;1;2;-20,22928738;-41,37705381;"SPRF-ES";"DEL01-ES";"UOP02-DEL01-ES"
536662;2023-07-18;"terça-feira";"14:00:00";"DF";70;8;"BRASILIA";"Acessar a via sem observar a presença dos outros veículos";"Colisão lateral mesmo sentido";"Com Vítimas Feridas";"Pleno dia";"Decrescente";"Céu Claro";"Dupla";"Reta";"Não";2;0;1;0;1;0;1;2;-15,784966;-48,122108;"SPRF-DF";"DEL03-DF";"UOP02-DEL03-DF"
536663;2023-07-14;"sexta-feira";"07:00:00";"RJ";116;185;"NOVA IGUACU";"Ausência de reação do condutor";"Queda de ocupante de veículo";"Com Vítimas Feridas";"Pleno dia";"Decrescente";"Nublado";"Dupla";"Reta";"Sim";2;0;0;2;0;0;2;1;-22,74151051;-43,45351823;"SPRF-RJ";"DEL01-RJ";"UOP02-DEL01-RJ"
536665;2023-07-18;"terça-feira";"13:30:00";"SP";116;362;"MIRACATU";"Velocidade Incompatível";"Colisão com objeto";"Com Vítimas Feridas";"Pleno dia";"Crescente";"Chuva";"Dupla";"Curva";"Não";2;0;1;0;1;0;1;1;-24,1220177;-47,27047772;"SPRF-SP";"DEL04-SP";"UOP03-DEL04-SP"
536666;2023-07-18;"terça-feira";"12:50:00";"PB";101;75;"SANTA RITA";"Ausência de reação do condutor";"Saída de leito carroçável";"Sem Vítimas";"Pleno dia";"Decrescente";"Chuva";"Dupla";"Curva;Aclive";"Não";1;0;0;0;1;0;0;1;-7,084;-34,978;"SPRF-PB";"DEL01-PB";"UOP04-DEL01-PB"
536667;2023-07-18;"terça-feira";"12:30:00";"PR";116;10;"CAMPINA GRANDE DO SUL";"Acumulo de água sobre o pavimento";"Capotamento";"Com Vítimas Feridas";"Pleno dia";"Crescente";"Chuva";"Dupla";"Curva;Aclive";"Não";2;0;1;0;1;0;1;1;-25,08357197;-48,64281407;"SPRF-PR";"DEL01-PR";"UOP02-DEL01-PR"
536668;2023-07-18;"terça-feira";"14:55:00";"GO";40;19;"LUZIANIA";"Acesso irregular";"Colisão frontal";"Com Vítimas Feridas";"Pleno dia";"Crescente";"Céu Claro";"Dupla";"Retorno Regulamentado";"Sim";3;0;1;0;2;0;1;2;-16,201556;-47,921314;"SPRF-DF";"DEL01-DF";"UOP01-DEL01-DF"
536669;2023-07-18;"terça-feira";"11:15:00";"MG";116;728,9;"LARANJAL";"Transitar no Acostamento";"Queda de ocupante de veículo";"Com Vítimas Fatais";"Pleno dia";"Crescente";"Céu Claro";"Simples";"Reta";"Não";2;1;0;0;1;0;0;1;-21,30287682;-42,43041923;"SPRF-MG";"DEL07-MG";"UOP02-DEL07-MG"
536670;2023-07-18;"terça-feira";"13:30:00";"MG";116;233;"TEOFILO OTONI";"Acessar a via sem observar a presença dos outros veículos";"Colisão transversal";"Com Vítimas Feridas";"Pleno dia";"Crescente";"Céu Claro";"Simples";"Declive";"Não";5;0;2;2;1;0;4;2;-17,51211701;-41,48630207;"SPRF-MG";"DEL11-MG";"UOP01-DEL11-MG"
536672;2023-07-18;"terça-feira";"14:40:00";"PE";232;118;"BEZERROS";"Acumulo de água sobre o pavimento";"Colisão com objeto";"Com Vítimas Feridas";"Pleno dia";"Decrescente";"Céu Claro";"Dupla";"Curva";"Não";2;0;1;1;0;0;2;1;-8,29431633;-35,88437194;"SPRF-PE";"DEL02-PE";"UOP01-DEL02-PE"
536673;2023-07-18;"terça-feira";"15:30:00";"SP";116;200;"ARUJA";"Reação tardia ou ineficiente do condutor";"Colisão lateral mesmo sentido";"Com Vítimas Feridas";"Pleno dia";"Crescente";"Nublado";"Múltipla";"Reta";"Não";4;0;0;1;3;0;1;2;-23,40281294;-46,3211;"SPRF-SP";"DEL01-SP";"UOP01-DEL01-SP"
536674;2023-07-16;"domingo";"22:00:00";"BA";324;539;"AMELIA RODRIGUES";"Entrada inopinada do pedestre";"Atropelamento de Pedestre";"Com Vítimas Feridas";"Plena Noite";"Decrescente";"Céu Claro";"Dupla";"Reta";"Não";2;0;1;0;1;0;1;2;-12,37995647;-38,79955259;"SPRF-BA";"DEL01-BA";"UOP03-DEL01-BA"
536675;2023-07-18;"terça-feira";"15:20:00";"PR";116;18,5;"CURITIBA";"Reação tardia ou ineficiente do condutor";"Colisão traseira";"Sem Vítimas";"Pleno dia";"Decrescente";"Garoa/Chuvisco";"Dupla";"Aclive;Reta";"Sim";3;0;0;0;3;0;0;2;-25,389048;-49,198612;"SPRF-PR";"DEL01-PR";"UOP02-DEL01-PR"
536677;2023-07-18;"terça-feira";"15:30:00";"MG";381;778,8;"CAMPANHA";"Ausência de reação do condutor";"Saída de leito carroçável";"Com Vítimas Feridas";"Pleno dia";"Decrescente";"Chuva";"Dupla";"Curva";"Não";2;0;1;0;1;0;1;1;-21,83280868;-45,50064606;"SPRF-MG";"DEL16-MG";"UOP02-DEL16-MG"
536678;2023-07-18;"terça-feira";"14:45:00";"PR";369;187;"ARAPONGAS";"Trafegar com motocicleta (ou similar) entre as faixas";"Colisão transversal";"Com Vítimas Feridas";"Pleno dia";"Decrescente";"Céu Claro";"Simples";"Reta";"Sim";2;0;0;1;1;0;1;2;-23,42692832;-51,42315679;"SPRF-PR";"DEL07-PR";"UOP03-DEL07-PR"
536679;2023-07-18;"terça-feira";"14:20:00";"PE";101;137;"ESCADA";"Ausência de reação do condutor";"Colisão com objeto";"Com Vítimas Feridas";"Pleno dia";"Decrescente";"Céu Claro";"Dupla";"Curva";"Não";5;0;1;0;4;0;1;1;-8,419416;-35,316572;"SPRF-PE";"DEL01-PE";"UOP03-DEL01-PE"
536680;2023-07-18;"terça-feira";"15:00:00";"RJ";101;383;"RIO DE JANEIRO";"Acessar a via sem observar a presença dos outros veículos";"Colisão traseira";"Com Vítimas Feridas";"Pleno dia";"Crescente";"Nublado";"Dupla";"Curva";"Sim";2;0;1;0;0;1;1;2;-22,8765463;-43,61463385;"SPRF-RJ";"DEL03-RJ";"UOP01-DEL03-RJ"
536683;2023-07-18;"terça-feira";"14:10:00";"BA";116;562;"BREJOES";"Demais falhas mecânicas ou elétricas";"Incêndio";"Sem Vítimas";"Pleno dia";"Decrescente";"Céu Claro";"Simples";"Reta";"Não";1;0;0;0;1;0;0;1;-12,94874529;-39,91604463;"SPRF-BA";"DEL03-BA";"UOP02-DEL03-BA"
536687;2023-07-18;"terça-feira";"15:40:00";"MG";116;415;"GOVERNADOR VALADARES";"Acessar a via sem observar a presença dos outros veículos";"Colisão transversal";"Com Vítimas Feridas";"Pleno dia";"Crescente";"Céu Claro";"Simples";"Reta";"Sim";3;0;2;0;1;0;2;2;-18,88401297;-41,94924399;"SPRF-MG";"DEL06-MG";"UOP01-DEL06-MG"
536688;2023-07-18;"terça-feira";"17:00:00";"SP";116;215;"GUARULHOS";"Reação tardia ou ineficiente do condutor";"Colisão traseira";"Com Vítimas Feridas";"Anoitecer";"Decrescente";"Céu Claro";"Dupla";"Reta";"Sim";4;0;3;0;1;0;3;3;-23,44695693;-46,45394103;"SPRF-SP";"DEL01-SP";"UOP01-DEL01-SP"
536689;2023-07-18;"terça-feira";"15:50:00";"MS";359;72,4;"COSTA RICA";"Ingestão de álcool pelo condutor";"Colisão com objeto";"Com Vítimas Feridas";"Pleno dia";"Decrescente";"Sol";"Simples";"Reta";"Não";1;0;1;0;0;0;1;1;-18,475343;-53,498441;"SPRF-MS";"DEL06-MS";"UOP01-DEL06-MS"
536690;2023-07-18;"terça-feira";"16:03:00";"MG";40;526;"CONTAGEM";"Ausência de reação do condutor";"Saída de leito carroçável";"Com Vítimas Feridas";"Pleno dia";"Decrescente";"Céu Claro";"Dupla";"Reta";"Sim";1;0;1;0;0;0;1;1;-19,89255399;-44,04985478;"SPRF-MG";"DEL01-MG";"UOP02-DEL01-MG"
536691;2023-07-18;"terça-feira";"17:15:00";"DF";40;0,7;"BRASILIA";"Condutor deixou de manter distância do veículo da frente";"Tombamento";"Com Vítimas Feridas";"Pleno dia";"Crescente";"Céu Claro";"Dupla";"Reta";"Sim";1;0;1;0;0;0;1;1;-15,98286609;-47,98860312;"SPRF-DF";"DEL01-DF";"UOP01-DEL01-DF"
536692;2023-07-18;"terça-feira";"16:20:00";"RJ";40;112;"DUQUE DE CAXIAS";"Reação tardia ou ineficiente do condutor";"Colisão com objeto";"Com Vítimas Feridas";"Pleno dia";"Decrescente";"Chuva";"Múltipla";"Reta";"Sim";1;0;1;0;0;0;1;1;-22,7004454;-43,29014851;"SPRF-RJ";"DEL01-RJ";"UOP01-DEL01-RJ"
536693;2023-07-18;"terça-feira";"16:40:00";"ES";101;39;"CONCEICAO DA BARRA";"Demais falhas mecânicas ou elétricas";"Queda de ocupante de veículo";"Com Vítimas Feridas";"Pleno dia";"Decrescente";"Céu Claro";"Simples";"Reta";"Não";2;0;2;0;0;0;2;1;-18,49121094;-39,92115983;"SPRF-ES";"DEL04-ES";"UOP02-DEL04-ES"
536694;2023-07-18;"terça-feira";"17:55:00";"SC";470;60,3;"BLUMENAU";"Transitar na contramão";"Colisão frontal";"Com Vítimas Feridas";"Plena Noite";"Decrescente";"Garoa/Chuvisco";"Simples";"Reta";"Sim";2;0;1;0;1;0;1;2;-26,88033497;-49,168818;"SPRF-SC";"DEL04-SC";"UOP01-DEL04-SC"
536695;2023-07-18;"terça-feira";"18:30:00";"SP";116;228;"SAO PAULO";"Pedestre andava na pista";"Atropelamento de Pedestre";"Com Vítimas Feridas";"Plena Noite";"Crescente";"Céu Claro";"Simples";"Reta";"Sim";2;0;1;0;1;0;1;2;-23,50343484;-46,56638712;"SPRF-SP";"DEL01-SP";"UOP01-DEL01-SP"
536696;2023-07-18;"terça-feira";"18:20:00";"ES";101;141;"LINHARES";"Ausência de reação do condutor";"Colisão traseira";"Com Vítimas Feridas";"Anoitecer";"Decrescente";"Céu Claro";"Simples";"Reta";"Não";3;0;0;2;1;0;2;2;-19,32655693;-40,07192387;"SPRF-ES";"DEL04-ES";"UOP01-DEL04-ES"
536697;2023-07-18;"terça-feira";"18:10:00";"RS";116;152,3;"CAXIAS DO SUL";"Acessar a via sem observar a presença dos outros veículos";"Colisão transversal";"Com Vítimas Feridas";"Plena Noite";"Crescente";"Céu Claro";"Múltipla";"Reta";"Sim";3;0;0;1;1;1;1;3;-29,1829343;-51,16801501;"SPRF-RS";"DEL05-RS";"UOP01-DEL05-RS"
536698;2023-07-18;"terça-feira";"18:00:00";"SP";116;157;"SAO JOSE DOS CAMPOS";"Ingestão de álcool pelo condutor";"Colisão traseira";"Com Vítimas Feridas";"Plena Noite";"Crescente";"Nublado";"Múltipla";"Reta";"Sim";2;0;1;0;1;0;1;2;-23,25558031;-45,9437828;"SPRF-SP";"DEL02-SP";"UOP01-DEL02-SP"
536699;2023-07-18;"terça-feira";"16:40:00";"MT";174;490;"COMODORO";"Ausência de reação do condutor";"Saída de leito carroçável";"Com Vítimas Feridas";"Pleno dia";"Crescente";"Céu Claro";"Simples";"Reta";"Não";1;0;1;0;0;0;1;1;-13,62108199;-59,80159676;"SPRF-MT";"DEL04-MT";"UOP02-DEL04-MT"
536701;2023-07-18;"terça-feira";"10:05:00";"RJ";101;330;"RIO DE JANEIRO";"Ausência de reação do condutor";"Colisão traseira";"Com Vítimas Feridas";"Pleno dia";"Crescente";"Céu Claro";"Dupla";"Reta";"Não";2;0;1;0;1;0;1;2;-22,8684989;-43,18548699;"SPRF-RJ";"DEL02-RJ";"UOP01-DEL02-RJ"
536703;2023-07-18;"terça-feira";"18:20:00";"MG";50;68;"UBERLANDIA";"Acessar a via sem observar a presença dos outros veículos";"Colisão transversal";"Com Vítimas Feridas";"Anoitecer";"Decrescente";"Céu Claro";"Simples";"Interseção de Vias";"Sim";3;0;2;0;1;0;2;2;-18,85140204;-48,25345932;"SPRF-MG";"DEL15-MG";"UOP02-DEL15-MG"
536704;2023-06-24;"sábado";"20:05:00";"ES";101;222;"IBIRACU";"Transitar na contramão";"Colisão frontal";"Com Vítimas Fatais";"Plena Noite";"Decrescente";"Céu Claro";"Simples";"Curva";"Não";9;1;1;3;4;0;4;3;-19,86967622;-40,40915873;"SPRF-ES";"DEL02-ES";"UOP01-DEL02-ES"
536705;2023-07-18;"terça-feira";"17:50:00";"SP";116;270,6;"TABOAO DA SERRA";"Ausência de reação do condutor";"Engavetamento";"Com Vítimas Feridas";"Plena Noite";"Crescente";"Céu Claro";"Dupla";"Reta";"Sim";4;0;2;0;2;0;2;3;-23,61789535;-46,79701746;"SPRF-SP";"DEL04-SP";"UOP01-DEL04-SP"
536706;2023-07-18;"terça-feira";"17:00:00";"RS";471;165;"RIO PARDO";"Reação tardia ou ineficiente do condutor";"Colisão traseira";"Com Vítimas Feridas";"Pleno dia";"Crescente";"Céu Claro";"Simples";"Reta";"Não";2;0;1;0;1;0;1;2;-29,947697;-52,380466;"SPRF-RS";"DEL02-RS";"UOP03-DEL02-RS"
536707;2023-07-18;"terça-feira";"18:20:00";"MS";163;482;"CAMPO GRANDE";"Ausência de reação do condutor";"Colisão lateral mesmo sentido";"Com Vítimas Feridas";"Plena Noite";"Decrescente";"Céu Claro";"Simples";"Reta";"Sim";3;0;0;1;2;0;1;3;-20,46271123;-54,55411122;"SPRF-MS";"DEL01-MS";"UOP02-DEL01-MS"
536708;2023-05-27;"sábado";"08:30:00";"RN";427;15,5;"ACARI";"Condutor Dormindo";"Saída de leito carroçável";"Com Vítimas Fatais";"Pleno dia";"Decrescente";"Céu Claro";"Simples";"Declive;Reta";"Não";1;1;0;0;0;0;0;1;-6,35109003;-36,59446298;"SPRF-RN";"DEL03-RN";"UOP02-DEL03-RN"
536709;2023-07-18;"terça-feira";"18:20:00";"PR";376;1,4;"SAO JOSE DOS PINHAIS";"Demais falhas mecânicas ou elétricas";"Incêndio";"Sem Vítimas";"Plena Noite";"Decrescente";"Chuva";"Dupla";"Reta";"Sim";1;0;0;0;1;0;0;1;-25,5307;-49,1958;"SPRF-PR";"DEL01-PR";"UOP04-DEL01-PR"
536711;2023-07-18;"terça-feira";"18:45:00";"PE";423;95;"GARANHUNS";"Demais falhas mecânicas ou elétricas";"Colisão transversal";"Com Vítimas Feridas";"Plena Noite";"Crescente";"Céu Claro";"Simples";"Declive;Reta";"Sim";2;0;0;1;1;0;1;2;-8,87899776;-36,47816062;"SPRF-PE";"DEL03-PE";"UOP01-DEL03-PE"
536712;2023-07-18;"terça-feira";"17:35:00";"MG";116;575,1;"MANHUACU";"Ausência de reação do condutor";"Colisão traseira";"Com Vítimas Feridas";"Pleno dia";"Crescente";"Céu Claro";"Simples";"Reta";"Não";3;0;0;2;1;0;2;2;-20,14598091;-42,18538333;"SPRF-MG";"DEL06-MG";"UOP03-DEL06-MG"
536713;2023-07-18;"terça-feira";"19:40:00";"SP";116;219;"GUARULHOS";"Trafegar com motocicleta (ou similar) entre as faixas";"Colisão lateral mesmo sentido";"Com Vítimas Feridas";"Plena Noite";"Decrescente";"Céu Claro";"Simples";"Reta";"Sim";3;0;1;0;1;1;1;3;-23,46143954;-46,48885316;"SPRF-SP";"DEL01-SP";"UOP01-DEL01-SP"
536715;2023-07-18;"terça-feira";"16:38:00";"RO";364;729;"PORTO VELHO";"Reação tardia ou ineficiente do condutor";"Colisão traseira";"Com Vítimas Feridas";"Pleno dia";"Decrescente";"Céu Claro";"Simples";"Reta";"Não";2;0;1;1;0;0;2;2;-8,88601498;-63,95363404;"SPRF-RO";"DEL01-RO";"UOP01-DEL01-RO"
536716;2023-07-18;"terça-feira";"19:30:00";"RS";116;38,7;"VACARIA";"Acessar a via sem observar a presença dos outros veículos";"Colisão transversal";"Com Vítimas Feridas";"Plena Noite";"Decrescente";"Céu Claro";"Simples";"Reta";"Sim";2;0;1;0;1;0;1;2;-28,50548;-50,92516;"SPRF-RS";"DEL05-RS";"UOP03-DEL05-RS"
536717;2023-07-18;"terça-feira";"18:30:00";"MT";163;1065;"GUARANTA DO NORTE";"Ausência de reação do condutor";"Colisão transversal";"Com Vítimas Feridas";"Anoitecer";"Crescente";"Céu Claro";"Múltipla";"Reta";"Sim";3;0;1;0;2;0;1;2;-9,952494;-54,904455;"SPRF-MT";"DEL06-MT";"UOP03-DEL06-MT"
536718;2023-07-18;"terça-feira";"16:30:00";"ES";101;233;"FUNDAO";"Demais falhas mecânicas ou elétricas";"Queda de ocupante de veículo";"Com Vítimas Feridas";"Pleno dia";"Crescente";"Céu Claro";"Simples";"Curva";"Não";2;0;0;2;0;0;2;1;-19,961042;-40,406889;"SPRF-ES";"DEL02-ES";"UOP01-DEL02-ES"
536720;2023-07-18;"terça-feira";"18:00:00";"RJ";393;7;"VOLTA REDONDA";"Velocidade Incompatível";"Colisão traseira";"Com Vítimas Fatais";"Plena Noite";"Decrescente";"Garoa/Chuvisco";"Simples";"Reta;Aclive";"Não";3;1;1;0;0;1;1;3;-22,54317974;-44,05435324;"SPRF-RJ";"DEL05-RJ";"UOP04-DEL05-RJ"
536721;2023-07-18;"terça-feira";"19:35:00";"PE";104;94,9;"AGRESTINA";"Ingestão de álcool pelo condutor";"Colisão lateral sentido oposto";"Sem Vítimas";"Plena Noite";"Crescente";"Céu Claro";"Simples";"Reta";"Não";2;0;0;0;2;0;0;2;-8,513535;-35,942421;"SPRF-PE";"DEL02-PE";"UOP03-DEL02-PE"
536722;2023-07-18;"terça-feira";"18:00:00";"RO";364;425,4;"JARU";"Acessar a via sem observar a presença dos outros veículos";"Colisão transversal";"Com Vítimas Feridas";"Anoitecer";"Decrescente";"Céu Claro";"Simples";"Interseção de Vias";"Sim";3;0;0;1;2;0;1;2;-10,43404648;-62,47742414;"SPRF-RO";"DEL03-RO";"UOP02-DEL03-RO"
536723;2023-07-18;"terça-feira";"19:52:00";"SP";116;538;"BARRA DO TURVO";"Reação tardia ou ineficiente do condutor";"Colisão com objeto";"Com Vítimas Feridas";"Plena Noite";"Crescente";"Chuva";"Simples";"Declive;Curva";"Não";1;0;1;0;0;0;1;1;-24,97172153;-48,37309592;"SPRF-SP";"DEL05-SP";"UOP02-DEL05-SP"
536724;2023-07-18;"terça-feira";"20:00:00";"PR";376;112,6;"ALTO PARANA";"Animais na Pista";"Atropelamento de Animal";"Com Vítimas Feridas";"Plena Noite";"Decrescente";"Nublado";"Dupla";"Reta";"Não";1;0;0;1;0;0;1;1;-23,091654;-52,388782;"SPRF-PR";"DEL09-PR";"UOP02-DEL09-PR"
536725;2023-07-18;"terça-feira";"20:30:00";"RJ";465;15,5;"SEROPEDICA";"Acessar a via sem observar a presença dos outros veículos";"Colisão lateral sentido oposto";"Com Vítimas Feridas";"Plena Noite";"Decrescente";"Nublado";"Simples";"Reta";"Sim";3;0;1;0;2;0;1;2;-22,810925;-43,631504;"SPRF-RJ";"DEL03-RJ";"UOP01-DEL03-RJ"
536726;2023-07-18;"terça-feira";"21:41:00";"ES";101;249;"SERRA";"Ausência de reação do condutor";"Tombamento";"Com Vítimas Feridas";"Pleno dia";"Crescente";"Céu Claro";"Simples";"Reta";"Não";1;0;1;0;0;0;1;1;-20,07371936;-40,35345531;"SPRF-ES";"DEL02-ES";"UOP01-DEL02-ES"
536727;2023-07-18;"terça-feira";"20:50:00";"PE";101;70;"RECIFE";"Condutor usando celular";"Colisão traseira";"Com Vítimas Feridas";"Plena Noite";"Crescente";"Céu Claro";"Dupla";"Reta";"Não";2;0;2;0;0;0;2;2;-8,07110583;-34,93942022;"SPRF-PE";"DEL01-PE";"UOP01-DEL01-PE"
536728;2023-07-02;"domingo";"18:00:00";"PE";408;81,4;"PAUDALHO";"Animais na Pista";"Atropelamento de Animal";"Com Vítimas Fatais";"Plena Noite";"Decrescente";"Céu Claro";"Dupla";"Reta";"Não";2;1;0;0;0;1;0;2;-7,937583;-35,127267;"SPRF-PE";"DEL01-PE";"UOP01-DEL01-PE"
536731;2023-07-18;"terça-feira";"11:30:00";"MG";116;279;"TEOFILO OTONI";"Acessar a via sem observar a presença dos outros veículos";"Colisão transversal";"Com Vítimas Feridas";"Pleno dia";"Decrescente";"Céu Claro";"Simples";"Reta";"Não";2;0;1;0;0;1;1;2;-17,87634412;-41,52080762;"SPRF-MG";"DEL11-MG";"UOP01-DEL11-MG"
536734;2023-07-13;"quinta-feira";"15:00:00";"RO";364;521;"ARIQUEMES";"Reação tardia ou ineficiente do condutor";"Colisão traseira";"Com Vítimas Feridas";"Pleno dia";"Crescente";"Céu Claro";"Simples";"Reta";"Não";4;0;1;0;3;0;1;2;-9,86642064;-63,05811167;"SPRF-RO";"DEL03-RO";"UOP01-DEL03-RO"
536735;2023-07-18;"terça-feira";"21:30:00";"BA";324;563,1;"SAO SEBASTIAO DO PASSE";"Entrada inopinada do pedestre";"Atropelamento de Pedestre";"Com Vítimas Fatais";"Plena Noite";"Crescente";"Céu Claro";"Dupla";"Reta";"Sim";2;1;0;0;0;1;0;2;-12,503202;-38,639217;"SPRF-BA";"DEL01-BA";"UOP01-DEL01-BA"
536737;2023-07-18;"terça-feira";"20:05:00";"MT";163;704,7;"SORRISO";"Demais falhas mecânicas ou elétricas";"Incêndio";"Sem Vítimas";"Plena Noite";"Decrescente";"Céu Claro";"Simples";"Reta;Declive";"Não";2;0;0;0;2;0;0;1;-12,940479;-55,863557;"SPRF-MT";"DEL06-MT";"UOP01-DEL06-MT"
536738;2023-07-18;"terça-feira";"22:00:00";"PR";376;0,6;"APUCARANA";"Condutor desrespeitou a iluminação vermelha do semáforo";"Colisão frontal";"Com Vítimas Feridas";"Plena Noite";"Crescente";"Nublado";"Dupla";"Interseção de Vias;Reta";"Sim";6;0;0;1;5;0;1;2;-23,57547989;-51,42334694;"SPRF-PR";"DEL07-PR";"UOP03-DEL07-PR"
536739;2023-07-06;"quinta-feira";"10:20:00";"SC";101;146;"ITAPEMA";"Manobra de mudança de faixa";"Queda de ocupante de veículo";"Com Vítimas Feridas";"Pleno dia";"Decrescente";"Céu Claro";"Dupla";"Reta";"Sim";2;0;0;1;1;0;1;2;-27,08666525;-48,60955587;"SPRF-SC";"DEL04-SC";"UOP03-DEL04-SC"
536741;2023-04-20;"quinta-feira";"17:40:00";"SC";101;116;"ITAJAI";"Velocidade Incompatível";"Colisão lateral mesmo sentido";"Com Vítimas Feridas";"Pleno dia";"Crescente";"Céu Claro";"Dupla";"Reta";"Sim";2;0;0;1;1;0;1;2;-26,87905605;-48,72603512;"SPRF-SC";"DEL04-SC";"UOP04-DEL04-SC"
536743;2023-07-19;"quarta-feira";"00:05:00";"PR";376;661;"TIJUCAS DO SUL";"Reação tardia ou ineficiente do condutor";"Saída de leito carroçável";"Sem Vítimas";"Plena Noite";"Crescente";"Garoa/Chuvisco";"Simples";"Reta";"Não";1;0;0;0;1;0;0;1;-25,85429964;-48,98673892;"SPRF-PR";"DEL01-PR";"UOP04-DEL01-PR"
536744;2023-07-19;"quarta-feira";"00:50:00";"PR";280;264,1;"MARMELEIRO";"Animais na Pista";"Saída de leito carroçável";"Com Vítimas Feridas";"Plena Noite";"Decrescente";"Céu Claro";"Simples";"Reta";"Não";1;0;1;0;0;0;1;1;-26,1995188;-53,0897822;"SPRF-PR";"DEL02-PR";"UOP01-DEL02-PR"
536745;2023-07-19;"quarta-feira";"01:55:00";"MG";50;62,5;"UBERLANDIA";"Ingestão de álcool pelo condutor";"Colisão com objeto";"Sem Vítimas";"Plena Noite";"Crescente";"Nublado";"Dupla";"Curva;Aclive";"Não";1;0;0;0;1;0;0;1;-18,832315;-48,2495183;"SPRF-MG";"DEL15-MG";"UOP02-DEL15-MG"
536747;2023-07-19;"quarta-feira";"01:45:00";"BA";367;22;"PORTO SEGURO";"Ausência de reação do condutor";"Saída de leito carroçável";"Com Vítimas Fatais";"Plena Noite";"Decrescente";"Ignorado";"Simples";"Reta";"Sim";1;1;0;0;0;0;0;1;-16,44149625;-39,06566204;"SPRF-BA";"DEL09-BA";"UOP03-DEL09-BA"
536748;2023-05-28;"domingo";"01:45:00";"ES";101;123;"SOORETAMA";"Ausência de reação do condutor";"Queda de ocupante de veículo";"Com Vítimas Feridas";"Plena Noite";"Crescente";"Céu Claro";"Simples";"Reta";"Não";1;0;0;1;0;0;1;1;-19,16834502;-40,08717096;"SPRF-ES";"DEL04-ES";"UOP01-DEL04-ES"
536750;2023-07-19;"quarta-feira";"05:17:00";"CE";116;16,2;"FORTALEZA";"Transitar na contramão";"Colisão frontal";"Com Vítimas Fatais";"Amanhecer";"Crescente";"Céu Claro";"Dupla";"Reta";"Sim";2;1;1;0;0;0;1;2;-3,88732794;-38,50185439;"SPRF-CE";"DEL01-CE";"UOP02-DEL01-CE"