"id";"data_inversa";"dia_semana";"horario";"uf";"br";"km";"municipio";"causa_acidente";"tipo_acidente";"classificacao_acidente";"fase_dia";"sentido_via";"condicao_metereologica";"tipo_pista";"tracado_via";"uso_solo";"pessoas";"mortos";"feridos_leves";"feridos_graves";"ilesos";"ignorados";"feridos";"veiculos";"latitude";"longitude";"regional";"delegacia";"uop"
536751;2023-07-19;"quarta-feira";"05:13:00";"RN";101;78;"NATAL";"Pedestre andava na pista";"Atropelamento de Pedestre";"Com Vítimas Feridas";"Pleno dia";"Crescente";"Chuva";"Dupla";"Reta";"Não";2;0;0;1;1;0;1;2;-5,74071896;-35,29021064;"SPRF-RN";"DEL02-RN";"UOP01-DEL02-RN"
536753;2023-07-19;"quarta-feira";"04:50:00";"PI";343;349,1;"TERESINA";"Entrada inopinada do pedestre";"Atropelamento de Pedestre";"Com Vítimas Feridas";"Plena Noite";"Decrescente";"Céu Claro";"Simples";"Reta";"Sim";2;0;0;1;1;0;1;2;-5,122515;-42,794392;"SPRF-PI";"DEL01-PI";"UOP02-DEL01-PI"
536755;2023-07-18;"terça-feira";"16:20:00";"PE";428;189;"PETROLINA";"Reação tardia ou ineficiente do condutor";"Colisão traseira";"Com Vítimas Feridas";"Pleno dia";"Crescente";"Céu Claro";"Múltipla";"Reta";"Sim";3;0;1;0;1;1;1;3;-9,37197508;-40,48679585;"SPRF-PE";"DEL06-PE";"UOP01-DEL06-PE"
536756;2023-07-19;"quarta-feira";"06:55:00";"RS";290;111,3;"ELDORADO DO SUL";"Entrada inopinada do pedestre";"Atropelamento de Pedestre";"Com Vítimas Feridas";"Amanhecer";"Decrescente";"Céu Claro";"Dupla";"Reta";"Não";4;0;0;1;3;0;1;2;-30,032066;-51,325138;"SPRF-RS";"DEL02-RS";"UOP01-DEL02-RS"
536757;2023-07-19;"quarta-feira";"06:00:00";"GO";20;5,5;"FORMOSA";"Ingestão de álcool pelo condutor";"Saída de leito carroçável";"Com Vítimas Fatais";"Amanhecer";"Crescente";"Céu Claro";"Simples";"Curva;Declive;Em Obras";"Sim";4;1;2;1;0;0;3;1;-15,555275;-47,306908;"SPRF-DF";"DEL02-DF";"UOP02-DEL02-DF"
536759;2023-07-19;"quarta-feira";"07:00:00";"MG";116;702,6;"MURIAE";"Conversão proibida";"Colisão transversal";"Com Vítimas Feridas";"Pleno dia";"Decrescente";"Céu Claro";"Simples";"Interseção de Vias;Reta";"Sim";3;0;2;0;1;0;2;2;-21,12759277;-42,38361868;"SPRF-MG";"DEL07-MG";"UOP02-DEL07-MG"
536761;2023-07-19;"quarta-feira";"06:40:00";"SC";280;42,2;"ARAQUARI";"Reação tardia ou ineficiente do condutor";"Colisão frontal";"Com Vítimas Fatais";"Pleno dia";"Decrescente";"Nublado";"Simples";"Em Obras;Reta";"Não";7;1;0;1;5;0;1;2;-26,4509024;-48,8723389;"SPRF-SC";"DEL03-SC";"UOP03-DEL03-SC"
536762;2023-07-19;"quarta-feira";"08:00:00";"SP";116;226;"GUARULHOS";"Reação tardia ou ineficiente do condutor";"Colisão traseira";"Com Vítimas Feridas";"Pleno dia";"Crescente";"Céu Claro";"Múltipla";"Aclive";"Sim";2;0;1;0;0;1;1;2;-23,49102507;-46,54878195;"SPRF-SP";"DEL01-SP";"UOP01-DEL01-SP"
536763;2023-07-19;"quarta-feira";"06:50:00";"PR";369;140;"IBIPORA";"Acesso irregular";"Colisão transversal";"Com Vítimas Feridas";"Amanhecer";"Crescente";"Céu Claro";"Simples";"Reta;Declive";"Sim";2;0;1;0;1;0;1;2;-23,28351281;-51,07205987;"SPRF-PR";"DEL07-PR";"UOP01-DEL07-PR"
536766;2023-07-19;"quarta-feira";"08:30:00";"DF";20;11;"BRASILIA";"Condutor deixou de manter distância do veículo da frente";"Colisão traseira";"Sem Vítimas";"Pleno dia";"Decrescente";"Sol";"Dupla";"Reta";"Sim";2;0;0;0;2;0;0;2;-15,64654;-47,766422;"SPRF-DF";"DEL02-DF";"UOP01-DEL02-DF"
536770;2023-07-19;"quarta-feira";"08:30:00";"BA";101;715;"EUNAPOLIS";"Acessar a via sem observar a presença dos outros veículos";"Colisão transversal";"Com Vítimas Feridas";"Pleno dia";"Decrescente";"Céu Claro";"Simples";"Reta";"Não";2;0;1;0;1;0;1;2;-16,3665919;-39,58228111;"SPRF-BA";"DEL09-BA";"UOP01-DEL09-BA"
536771;2023-06-14;"quarta-feira";"17:00:00";"PE";316;240,7;"BELEM DE SAO FRANCISCO";"Animais na Pista";"Atropelamento de Animal";"Com Vítimas Fatais";"Pleno dia";"Decrescente";"Céu Claro";"Simples";"Reta";"Não";1;1;0;0;0;0;0;1;-8,640025;-39,044872;"SPRF-PE";"DEL05-PE";"UOP03-DEL05-PE"
536772;2023-07-18;"terça-feira";"20:00:00";"PR";163;194;"SANTA TEREZA DO OESTE";"Ingestão de álcool pelo condutor";"Tombamento";"Com Vítimas Feridas";"Plena Noite";"Crescente";"Ignorado";"Dupla";"Reta;Aclive";"Não";1;0;1;0;0;0;1;1;-25,047568;-53,55674;"SPRF-PR";"DEL05-PR";"UOP05-DEL05-PR"
536773;2023-07-19;"quarta-feira";"08:35:00";"MG";381;357;"JOAO MONLEVADE";"Condutor deixou de manter distância do veículo da frente";"Colisão traseira";"Com Vítimas Feridas";"Pleno dia";"Decrescente";"Céu Claro";"Simples";"Rotatória";"Não";7;0;2;0;5;0;2;2;-19,85175308;-43,213709;"SPRF-MG";"DEL03-MG";"UOP01-DEL03-MG"
536774;2023-07-19;"quarta-feira";"08:50:00";"PR";277;126;"CAMPO LARGO";"Mal súbito do condutor";"Saída de leito carroçável";"Com Vítimas Fatais";"Pleno dia";"Crescente";"Nublado";"Dupla";"Curva";"Não";4;1;1;0;2;0;1;1;-25,447411;-49,600899;"SPRF-PR";"DEL03-PR";"UOP03-DEL03-PR"
536776;2023-04-15;"sábado";"18:05:00";"MG";40;601,9;"CONGONHAS";"Conversão proibida";"Colisão transversal";"Com Vítimas Feridas";"Plena Noite";"Crescente";"Céu Claro";"Simples";"Reta";"Sim";4;0;0;2;2;0;2;2;-20,43679609;-43,84638106;"SPRF-MG";"DEL05-MG";"UOP02-DEL05-MG"
536777;2023-07-19;"quarta-feira";"09:00:00";"SP";153;280;"LUPERCIO";"Ausência de reação do condutor";"Colisão lateral mesmo sentido";"Sem Vítimas";"Pleno dia";"Decrescente";"Céu Claro";"Simples";"Reta";"Não";4;0;0;0;4;0;0;2;-22,41321412;-49,86091715;"SPRF-SP";"DEL07-SP";"UOP02-DEL07-SP"
536778;2023-07-16;"domingo";"18:20:00";"MA";135;432;"COLINAS";"Acesso irregular";"Colisão transversal";"Com Vítimas Feridas";"Plena Noite";"Decrescente";"Ignorado";"Simples";"Reta";"Sim";2;0;1;0;0;1;1;2;-6,02735089;-44,24402331;"SPRF-MA";"DEL06-MA";"UOP01-DEL06-MA"
536783;2023-07-19;"quarta-feira";"09:55:00";"RS";116;255,9;"ESTEIO";"Reação tardia ou ineficiente do condutor";"Colisão traseira";"Com Vítimas Feridas";"Pleno dia";"Crescente";"Céu Claro";"Dupla";"Reta";"Sim";3;0;2;0;1;0;2;2;-29,83522986;-51,17484349;"SPRF-RS";"DEL01-RS";"UOP02-DEL01-RS"
536786;2023-07-19;"quarta-feira";"11:00:00";"TO";153;496;"PARAISO DO TOCANTINS";"Acessar a via sem observar a presença dos outros veículos";"Colisão transversal";"Com Vítimas Feridas";"Pleno dia";"Crescente";"Céu Claro";"Dupla";"Reta";"Sim";3;0;1;1;1;0;2;2;-10,16527794;-48,88094578;"SPRF-TO";"DEL01-TO";"UOP01-DEL01-TO"
536787;2023-07-19;"quarta-feira";"10:20:00";"MG";262;481,5;"BOM DESPACHO";"Ausência de reação do condutor";"Colisão traseira";"Com Vítimas Feridas";"Pleno dia";"Crescente";"Sol";"Simples";"Aclive;Reta";"Não";3;0;2;0;1;0;2;3;-19,78391921;-45,25713045;"SPRF-MG";"DEL08-MG";"UOP03-DEL08-MG"
536788;2023-07-19;"quarta-feira";"07:30:00";"MA";230;473;"RIACHAO";"Acessar a via sem observar a presença dos outros veículos";"Colisão transversal";"Com Vítimas Feridas";"Pleno dia";"Crescente";"Céu Claro";"Simples";"Reta";"Sim";6;0;0;1;5;0;1;2;-7,36991429;-46,62829188;"SPRF-MA";"DEL05-MA";"UOP01-DEL05-MA"
536792;2023-07-19;"quarta-feira";"11:20:00";"PR";369;85;"CORNELIO PROCOPIO";"Transitar na contramão";"Colisão frontal";"Com Vítimas Feridas";"Pleno dia";"Crescente";"Céu Claro";"Dupla";"Declive";"Não";3;0;3;0;0;0;3;2;-23,17287321;-50,61950684;"SPRF-PR";"DEL07-PR";"UOP05-DEL07-PR"
536793;2023-07-19;"quarta-feira";"10:40:00";"RJ";101;482;"ANGRA DOS REIS";"Acessar a via sem observar a presença dos outros veículos";"Colisão transversal";"Com Vítimas Feridas";"Pleno dia";"Decrescente";"Chuva";"Simples";"Curva";"Sim";3;0;1;1;1;0;2;2;-23,00453;-44,29746;"SPRF-RJ";"DEL03-RJ";"UOP03-DEL03-RJ"
536794;2023-07-19;"quarta-feira";"11:30:00";"MS";163;419,1;"SIDROLANDIA";"Conversão proibida";"Colisão lateral mesmo sentido";"Com Vítimas Feridas";"Pleno dia";"Decrescente";"Céu Claro";"Simples";"Reta";"Não";5;0;1;0;4;0;1;3;-20,99998889;-54,50767096;"SPRF-MS";"DEL02-MS";"UOP01-DEL02-MS"
536796;2023-07-19;"quarta-feira";"11:40:00";"SP";116;279;"EMBU DAS ARTES";"Ausência de reação do condutor";"Tombamento";"Com Vítimas Feridas";"Pleno dia";"Crescente";"Nublado";"Dupla";"Reta";"Sim";1;0;1;0;0;0;1;1;-23,66233697;-46,85292907;"SPRF-SP";"DEL04-SP";"UOP01-DEL04-SP"
536797;2023-07-19;"quarta-feira";"12:10:00";"PR";116;14;"CAMPINA GRANDE DO SUL";"Chuva";"Colisão com objeto";"Com Vítimas Feridas";"Pleno dia";"Decrescente";"Chuva";"Dupla";"Reta";"Não";3;0;3;0;0;0;3;1;-25,09836429;-48,67391969;"SPRF-PR";"DEL01-PR";"UOP02-DEL01-PR"
536799;2023-07-19;"quarta-feira";"11:20:00";"PE";407;123,3;"PETROLINA";"Acessar a via sem observar a presença dos outros veículos";"Colisão transversal";"Com Vítimas Feridas";"Pleno dia";"Decrescente";"Céu Claro";"Simples";"Interseção de Vias";"Sim";2;0;0;1;1;0;1;2;-9,36805859;-40,54211497;"SPRF-PE";"DEL06-PE";"UOP01-DEL06-PE"
536800;2023-07-19;"quarta-feira";"11:15:00";"PB";230;152,5;"CAMPINA GRANDE";"Ausência de reação do condutor";"Colisão traseira";"Com Vítimas Feridas";"Pleno dia";"Crescente";"Sol";"Simples";"Reta;Viaduto";"Sim";2;0;1;0;1;0;1;2;-7,274464;-35,887055;"SPRF-PB";"DEL02-PB";"UOP01-DEL02-PB"
536801;2023-07-19;"quarta-feira";"09:20:00";"RJ";116;185;"NOVA IGUACU";"Pedestre andava na pista";"Atropelamento de Pedestre";"Com Vítimas Feridas";"Pleno dia";"Crescente";"Céu Claro";"Dupla";"Reta";"Sim";1;0;1;0;0;0;1;1;-22,74151051;-43,45351823;"SPRF-RJ";"DEL01-RJ";"UOP02-DEL01-RJ"
536805;2023-07-19;"quarta-feira";"06:30:00";"PR";277;575;"CASCAVEL";"Ausência de reação do condutor";"Saída de leito carroçável";"Sem Vítimas";"Plena Noite";"Crescente";"Nevoeiro/Neblina";"Dupla";"Em Obras;Reta";"Não";1;0;0;0;0;1;0;1;-24,98980793;-53,32115517;"SPRF-PR";"DEL04-PR";"UOP01-DEL04-PR"
536806;2023-07-19;"quarta-feira";"13:00:00";"SC";101;199;"SAO JOSE";"Acessar a via sem observar a presença dos outros veículos";"Colisão transversal";"Com Vítimas Feridas";"Pleno dia";"Crescente";"Céu Claro";"Dupla";"Reta";"Sim";2;0;1;0;1;0;1;2;-27,53413705;-48,63003205;"SPRF-SC";"DEL01-SC";"UOP01-DEL01-SC"
536811;2023-07-19;"quarta-feira";"13:30:00";"PR";277;77;"SAO JOSE DOS PINHAIS";"Reação tardia ou ineficiente do condutor";"Queda de ocupante de veículo";"Com Vítimas Feridas";"Pleno dia";"Decrescente";"Nublado";"Dupla";"Reta";"Sim";2;0;1;0;0;1;1;1;-25,484971;-49,187872;"SPRF-PR";"DEL01-PR";"UOP01-DEL01-PR"
536812;2023-06-14;"quarta-feira";"05:45:00";"ES";101;149;"LINHARES";"Condutor desrespeitou a iluminação vermelha do semáforo";"Colisão transversal";"Com Vítimas Feridas";"Amanhecer";"Decrescente";"Céu Claro";"Dupla";"Interseção de Vias";"Sim";2;0;0;1;1;0;1;2;-19,39619083;-40,06435871;"SPRF-ES";"DEL04-ES";"UOP01-DEL04-ES"
536813;2023-07-11;"terça-feira";"08:50:00";"PR";369;149,2;"LONDRINA";"Manobra de mudança de faixa";"Colisão lateral mesmo sentido";"Com Vítimas Feridas";"Pleno dia";"Crescente";"Céu Claro";"Dupla";"Reta";"Sim";2;0;1;0;0;1;1;2;-23,29294779;-51,15447879;"SPRF-PR";"DEL07-PR";"UOP01-DEL07-PR"
536814;2023-07-19;"quarta-feira";"12:40:00";"RJ";116;262;"PIRAI";"Reação tardia ou ineficiente do condutor";"Colisão traseira";"Sem Vítimas";"Pleno dia";"Crescente";"Nublado";"Múltipla";"Aclive;Reta";"Não";2;0;0;0;2;0;0;2;-22,5876092;-44,05945791;"SPRF-RJ";"DEL07-RJ";"UOP02-DEL07-RJ"
536815;2023-07-19;"quarta-feira";"14:16:00";"BA";116;426;"FEIRA DE SANTANA";"Ingestão de álcool ou de substâncias psicoativas pelo pedestre";"Atropelamento de Pedestre";"Com Vítimas Feridas";"Pleno dia";"Decrescente";"Céu Claro";"Dupla";"Em Obras;Reta";"Sim";2;0;0;1;1;0;1;2;-12,24420407;-38,98563987;"SPRF-BA";"DEL02-BA";"UOP01-DEL02-BA"
536817;2023-07-19;"quarta-feira";"14:00:00";"DF";20;3,5;"BRASILIA";"Condutor deixou de manter distância do veículo da frente";"Colisão lateral mesmo sentido";"Com Vítimas Feridas";"Pleno dia";"Decrescente";"Céu Claro";"Dupla";"Aclive;Reta";"Não";3;0;0;1;2;0;1;2;-15,679851;-47,832211;"SPRF-DF";"DEL02-DF";"UOP01-DEL02-DF"
536818;2023-07-18;"terça-feira";"09:45:00";"RS";116;259;"ESTEIO";"Condutor deixou de manter distância do veículo da frente";"Colisão traseira";"Sem Vítimas";"Pleno dia";"Decrescente";"Céu Claro";"Dupla";"Reta";"Sim";5;0;0;0;5;0;0;2;-29,870408;-51,179909;"SPRF-RS";"DEL01-RS";"UOP02-DEL01-RS"
536819;2023-07-19;"quarta-feira";"12:45:00";"MG";40;635,2;"CONSELHEIRO LAFAIETE";"Reação tardia ou ineficiente do condutor";"Saída de leito carroçável";"Com Vítimas Feridas";"Pleno dia";"Crescente";"Céu Claro";"Simples";"Reta";"Não";3;0;0;3;0;0;3;1;-20,70300062;-43,79262708;"SPRF-MG";"DEL05-MG";"UOP02-DEL05-MG"
536821;2023-07-19;"quarta-feira";"14:10:00";"BA";407;231;"CAPIM GROSSO";"Ingestão de álcool pelo condutor";"Colisão traseira";"Com Vítimas Feridas";"Pleno dia";"Crescente";"Céu Claro";"Simples";"Rotatória";"Sim";3;0;0;2;1;0;2;2;-11,38267799;-40,0041604;"SPRF-BA";"DEL04-BA";"UOP02-DEL04-BA"
536822;2023-07-19;"quarta-feira";"11:40:00";"PI";316;95,2;"BARRO DURO";"Manobra de mudança de faixa";"Colisão transversal";"Com Vítimas Fatais";"Pleno dia";"Crescente";"Sol";"Simples";"Declive;Reta";"Sim";6;1;0;0;5;0;0;2;-5,81026323;-42,52112517;"SPRF-PI";"DEL04-PI";"UOP02-DEL04-PI"
536825;2023-07-19;"quarta-feira";"15:00:00";"PE";232;23;"MORENO";"Acumulo de areia ou detritos sobre o pavimento";"Saída de leito carroçável";"Com Vítimas Feridas";"Pleno dia";"Decrescente";"Céu Claro";"Dupla";"Curva";"Não";1;0;1;0;0;0;1;1;-8,0992185;-35,09713887;"SPRF-PE";"DEL01-PE";"UOP01-DEL01-PE"
536826;2023-06-07;"quarta-feira";"09:00:00";"RS";386;180,4;"CARAZINHO";"Conversão proibida";"Colisão transversal";"Com Vítimas Feridas";"Pleno dia";"Crescente";"Céu Claro";"Simples";"Reta";"Não";3;0;1;0;2;0;1;2;-28,300436;-52,744934;"SPRF-RS";"DEL08-RS";"UOP01-DEL08-RS"
536828;2023-07-19;"quarta-feira";"14:10:00";"MG";262;485,3;"BOM DESPACHO";"Condutor deixou de manter distância do veículo da frente";"Colisão traseira";"Com Vítimas Feridas";"Pleno dia";"Decrescente";"Sol";"Simples";"Reta;Ponte";"Não";2;0;1;0;0;1;1;2;-19,78606988;-45,29440001;"SPRF-MG";"DEL08-MG";"UOP03-DEL08-MG"
536829;2023-07-19;"quarta-feira";"14:46:00";"MG";381;486;"BETIM";"Condutor deixou de manter distância do veículo da frente";"Colisão traseira";"Sem Vítimas";"Pleno dia";"Crescente";"Nublado";"Dupla";"Aclive;Reta";"Sim";4;0;0;0;4;0;0;4;-19,95644414;-44,13611598;"SPRF-MG";"DEL01-MG";"UOP03-DEL01-MG"
536830;2023-07-19;"quarta-feira";"13:50:00";"PB";230;150;"CAMPINA GRANDE";"Retorno proibido";"Colisão transversal";"Com Vítimas Feridas";"Pleno dia";"Crescente";"Céu Claro";"Simples";"Reta";"Não";3;0;1;0;1;1;1;3;-7,2587;-35,8778;"SPRF-PB";"DEL02-PB";"UOP01-DEL02-PB"
536832;2023-07-19;"quarta-feira";"11:07:00";"SC";282;599,9;"MARAVILHA";"Reação tardia ou ineficiente do condutor";"Saída de leito carroçável";"Com Vítimas Feridas";"Pleno dia";"Decrescente";"Nublado";"Simples";"Curva";"Não";1;0;1;0;0;0;1;1;-26,820206;-53,155052;"SPRF-SC";"DEL07-SC";"UOP02-DEL07-SC"
536833;2023-06-23;"sexta-feira";"17:40:00";"RJ";465;13;"SEROPEDICA";"Acessar a via sem observar a presença dos outros veículos";"Colisão transversal";"Com Vítimas Feridas";"Plena Noite";"Crescente";"Céu Claro";"Simples";"Reta";"Sim";4;0;0;2;1;1;2;3;-22,798468;-43,645508;"SPRF-RJ";"DEL01-RJ";"UOP03-DEL01-RJ"
536837;2023-07-19;"quarta-feira";"16:00:00";"PE";101;43;"IGARASSU";"Manobra de mudança de faixa";"Colisão lateral mesmo sentido";"Com Vítimas Feridas";"Pleno dia";"Crescente";"Céu Claro";"Múltipla";"Aclive";"Sim";3;0;2;0;1;0;2;2;-7,84753808;-34,90977038;"SPRF-PE";"DEL01-PE";"UOP02-DEL01-PE"
536838;2023-07-19;"quarta-feira";"16:20:00";"RS";290;61;"GRAVATAI";"Ausência de reação do condutor";"Colisão traseira";"Sem Vítimas";"Pleno dia";"Crescente";"Céu Claro";"Dupla";"Reta;Em Obras";"Não";2;0;0;0;2;0;0;2;-29,924509;-50,858528;"SPRF-RS";"DEL03-RS";"UOP01-DEL03-RS"
536839;2023-07-19;"quarta-feira";"15:00:00";"PE";101;209;"XEXEU";"Reação tardia ou ineficiente do condutor";"Saída de leito carroçável";"Com Vítimas Feridas";"Pleno dia";"Crescente";"Céu Claro";"Dupla";"Declive;Curva";"Não";4;0;4;0;0;0;4;1;-8,826344;-35,645637;"SPRF-PE";"DEL01-PE";"UOP03-DEL01-PE"
536840;2023-06-19;"segunda-feira";"06:00:00";"RS";392;247,7;"CACAPAVA DO SUL";"Transitar na contramão";"Colisão frontal";"Com Vítimas Fatais";"Plena Noite";"Crescente";"Céu Claro";"Simples";"Declive;Reta";"Não";2;1;1;0;0;0;1;2;-30,56321289;-53,40525986;"SPRF-RS";"DEL09-RS";"UOP02-DEL09-RS"
536841;2023-07-19;"quarta-feira";"16:40:00";"ES";101;143,7;"LINHARES";"Desrespeitar a preferência no cruzamento";"Colisão transversal";"Sem Vítimas";"Pleno dia";"Crescente";"Nublado";"Dupla";"Interseção de Vias;Curva";"Sim";3;0;0;0;3;0;0;2;-19,34286596;-40,0638568;"SPRF-ES";"DEL04-ES";"UOP01-DEL04-ES"
536843;2023-07-19;"quarta-feira";"16:25:00";"RN";101;109,6;"PARNAMIRIM";"Condutor deixou de manter distância do veículo da frente";"Colisão traseira";"Com Vítimas Feridas";"Pleno dia";"Decrescente";"Sol";"Múltipla";"Interseção de Vias";"Sim";2;0;1;0;1;0;1;2;-5,93935365;-35,26435375;"SPRF-RN";"DEL01-RN";"UOP01-DEL01-RN"
536844;2023-07-08;"sábado";"04:15:00";"SC";101;360;"SANGAO";"Ingestão de álcool pelo condutor";"Saída de leito carroçável";"Com Vítimas Feridas";"Plena Noite";"Crescente";"Chuva";"Dupla";"Reta";"Sim";1;0;1;0;0;0;1;1;-28,65823109;-49,10991486;"SPRF-SC";"DEL02-SC";"UOP01-DEL02-SC"
536845;2023-07-19;"quarta-feira";"16:35:00";"RJ";101;424;"MANGARATIBA";"Chuva";"Colisão frontal";"Com Vítimas Feridas";"Pleno dia";"Crescente";"Chuva";"Simples";"Curva";"Não";4;0;2;0;2;0;2;2;-22,92127842;-43,95599173;"SPRF-RJ";"DEL03-RJ";"UOP02-DEL03-RJ"
536846;2023-07-19;"quarta-feira";"17:30:00";"MA";135;17;"SAO LUIS";"Ausência de reação do condutor";"Capotamento";"Com Vítimas Feridas";"Anoitecer";"Crescente";"Céu Claro";"Dupla";"Reta";"Não";1;0;0;1;0;0;1;1;-2,70991888;-44,31583218;"SPRF-MA";"DEL01-MA";"UOP01-DEL01-MA"
536849;2023-07-19;"quarta-feira";"17:30:00";"PI";316;31,5;"DEMERVAL LOBAO";"Ausência de reação do condutor";"Colisão traseira";"Com Vítimas Feridas";"Pleno dia";"Decrescente";"Céu Claro";"Simples";"Em Obras;Reta";"Sim";2;0;0;1;1;0;1;2;-5,33958796;-42,69400899;"SPRF-PI";"DEL01-PI";"UOP02-DEL01-PI"
536851;2023-07-19;"quarta-feira";"17:30:00";"PR";369;144;"LONDRINA";"Condutor deixou de manter distância do veículo da frente";"Colisão traseira";"Com Vítimas Feridas";"Anoitecer";"Crescente";"Céu Claro";"Dupla";"Reta;Declive";"Sim";2;0;1;0;1;0;1;2;-23,29303057;-51,12045183;"SPRF-PR";"DEL07-PR";"UOP01-DEL07-PR"
536852;2023-07-07;"sexta-feira";"13:50:00";"PE";428;186;"PETROLINA";"Condutor deixou de manter distância do veículo da frente";"Colisão traseira";"Com Vítimas Feridas";"Pleno dia";"Crescente";"Céu Claro";"Dupla";"Reta";"Sim";3;0;1;0;1;1;1;2;-9,34807826;-40,47441248;"SPRF-PE";"DEL06-PE";"UOP01-DEL06-PE"
536853;2023-07-19;"quarta-feira";"17:23:00";"ES";101;291;"CARIACICA";"Reação tardia ou ineficiente do condutor";"Queda de ocupante de veículo";"Com Vítimas Feridas";"Anoitecer";"Crescente";"Chuva";"Múltipla";"Reta";"Sim";1;0;1;0;0;0;1;1;-20,29755744;-40,39445616;"SPRF-ES";"DEL01-ES";"UOP01-DEL01-ES"
536854;2023-07-19;"quarta-feira";"13:00:00";"RJ";101;564;"PARATY";"Chuva";"Capotamento";"Com Vítimas Feridas";"Pleno dia";"Decrescente";"Chuva";"Simples";"Curva";"Não";1;0;0;1;0;0;1;1;-23,13782862;-44,69941936;"SPRF-RJ";"DEL03-RJ";"UOP04-DEL03-RJ"
536855;2023-07-19;"quarta-feira";"18:20:00";"RS";285;120;"VACARIA";"Acessar a via sem observar a presença dos outros veículos";"Colisão transversal";"Com Vítimas Feridas";"Anoitecer";"Crescente";"Nublado";"Simples";"Interseção de Vias";"Não";2;0;0;1;1;0;1;2;-28,50971027;-50,93794942;"SPRF-RS";"DEL05-RS";"UOP03-DEL05-RS"
536856;2023-07-19;"quarta-feira";"16:00:00";"RO";174;40;"VILHENA";"Acumulo de areia ou detritos sobre o pavimento";"Colisão com objeto";"Sem Vítimas";"Pleno dia";"Decrescente";"Céu Claro";"Simples";"Reta";"Não";2;0;0;0;2;0;0;1;-12,52079216;-60,04163583;"SPRF-RO";"DEL04-RO";"UOP01-DEL04-RO"
536857;2023-07-19;"quarta-feira";"16:50:00";"RJ";101;333;"RIO DE JANEIRO";"Chuva";"Tombamento";"Com Vítimas Feridas";"Plena Noite";"Decrescente";"Nublado";"Dupla";"Reta";"Sim";2;0;1;0;1;0;1;1;-22,87827816;-43,21053578;"SPRF-RJ";"DEL02-RJ";"UOP01-DEL02-RJ"
536858;2023-07-19;"quarta-feira";"18:25:00";"SP";381;23;"BRAGANCA PAULISTA";"Reação tardia ou ineficiente do condutor";"Engavetamento";"Com Vítimas Feridas";"Plena Noite";"Crescente";"Céu Claro";"Dupla";"Reta;Declive;Em Obras";"Não";9;0;2;0;7;0;2;6;-23,005493;-46,520937;"SPRF-SP";"DEL03-SP";"UOP02-DEL03-SP"
536861;2023-07-19;"quarta-feira";"18:20:00";"MG";381;485;"BETIM";"Ausência de reação do condutor";"Colisão traseira";"Com Vítimas Feridas";"Anoitecer";"Crescente";"Céu Claro";"Múltipla";"Aclive;Reta";"Sim";2;0;2;0;0;0;2;2;-19,95659361;-44,12622893;"SPRF-MG";"DEL01-MG";"UOP03-DEL01-MG"
536862;2023-07-19;"quarta-feira";"18:05:00";"RS";470;176;"VERANOPOLIS";"Acesso irregular";"Colisão transversal";"Com Vítimas Feridas";"Plena Noite";"Decrescente";"Nublado";"Simples";"Reta";"Sim";2;0;1;1;0;0;2;2;-28,929109;-51,54315;"SPRF-RS";"DEL06-RS";"UOP02-DEL06-RS"
536863;2023-07-19;"quarta-feira";"18:15:00";"RS";116;267;"CANOAS";"Trafegar com motocicleta (ou similar) entre as faixas";"Colisão lateral mesmo sentido";"Com Vítimas Feridas";"Anoitecer";"Decrescente";"Céu Claro";"Múltipla";"Reta";"Sim";3;0;1;0;2;0;1;3;-29,94142398;-51,17697062;"SPRF-RS";"DEL01-RS";"UOP01-DEL01-RS"
536865;2023-07-19;"quarta-feira";"18:45:00";"RJ";116;50;"TERESOPOLIS";"Entrada inopinada do pedestre";"Atropelamento de Pedestre";"Com Vítimas Feridas";"Plena Noite";"Decrescente";"Nublado";"Simples";"Reta";"Não";2;0;0;1;1;0;1;2;-22,18390132;-42,85411376;"SPRF-RJ";"DEL04-RJ";"UOP01-DEL04-RJ"
536866;2023-07-19;"quarta-feira";"18:35:00";"PR";116;208,5;"RIO NEGRO";"Conversão proibida";"Colisão lateral mesmo sentido";"Com Vítimas Feridas";"Plena Noite";"Decrescente";"Nublado";"Simples";"Reta";"Sim";3;0;1;0;2;0;1;2;-26,07336494;-49,74365505;"SPRF-SC";"DEL06-SC";"UOP01-DEL06-SC"
536867;2023-07-19;"quarta-feira";"17:15:00";"RJ";493;22,7;"MAGE";"Acessar a via sem observar a presença dos outros veículos";"Colisão transversal";"Com Vítimas Feridas";"Anoitecer";"Crescente";"Chuva";"Simples";"Reta";"Não";7;0;4;1;2;0;5;2;-22,659311;-43,053303;"SPRF-RJ";"DEL04-RJ";"UOP02-DEL04-RJ"
536870;2023-07-19;"quarta-feira";"18:30:00";"PR";376;5;"APUCARANA";"Condutor desrespeitou a iluminação vermelha do semáforo";"Colisão transversal";"Com Vítimas Feridas";"Plena Noite";"Crescente";"Nublado";"Simples";"Interseção de Vias";"Sim";2;0;1;0;1;0;1;2;-23,54933;-51,44992;"SPRF-PR";"DEL07-PR";"UOP03-DEL07-PR"