"id";"data_inversa";"dia_semana";"horario";"uf";"br";"km";"municipio";"causa_acidente";"tipo_acidente";"classificacao_acidente";"fase_dia";"sentido_via";"condicao_metereologica";"tipo_pista";"tracado_via";"uso_solo";"pessoas";"mortos";"feridos_leves";"feridos_graves";"ilesos";"ignorados";"feridos";"veiculos";"latitude";"longitude";"regional";"delegacia";"uop"
536871;2023-07-19;"quarta-feira";"18:00:00";"RJ";493;69;"DUQUE DE CAXIAS";"Demais falhas mecânicas ou elétricas";"Queda de ocupante de veículo";"Sem Vítimas";"Plena Noite";"Crescente";"Chuva";"Dupla";"Reta";"Não";2;0;0;0;2;0;0;2;-22,672089;-43,285053;"SPRF-RJ";"DEL01-RJ";"UOP03-DEL01-RJ"
536873;2023-07-19;"quarta-feira";"18:45:00";"SC";101;210;"SAO JOSE";"Acessar a via sem observar a presença dos outros veículos";"Colisão lateral mesmo sentido";"Com Vítimas Feridas";"Plena Noite";"Decrescente";"Nublado";"Dupla";"Interseção de Vias";"Sim";3;0;1;0;2;0;1;3;-27,6167305;-48,6457265;"SPRF-SC";"DEL01-SC";"UOP01-DEL01-SC"
536875;2023-07-19;"quarta-feira";"18:40:00";"SC";101;332,9;"TUBARAO";"Acessar a via sem observar a presença dos outros veículos";"Colisão frontal";"Com Vítimas Feridas";"Plena Noite";"Crescente";"Céu Claro";"Simples";"Interseção de Vias;Reta";"Sim";2;0;0;1;1;0;1;2;-28,46016431;-48,98968873;"SPRF-SC";"DEL02-SC";"UOP01-DEL02-SC"
536876;2023-07-19;"quarta-feira";"18:55:00";"RJ";101;314;"SAO GONCALO";"Frear bruscamente";"Colisão lateral mesmo sentido";"Com Vítimas Feridas";"Plena Noite";"Decrescente";"Garoa/Chuvisco";"Dupla";"Reta";"Sim";3;0;1;0;2;0;1;3;-22,81648739;-43,07728467;"SPRF-RJ";"DEL02-RJ";"UOP02-DEL02-RJ"
536878;2023-07-19;"quarta-feira";"18:15:00";"MS";163;465;"CAMPO GRANDE";"Transitar na contramão";"Colisão frontal";"Com Vítimas Feridas";"Plena Noite";"Crescente";"Céu Claro";"Simples";"Reta";"Não";3;0;0;1;2;0;1;2;-20,59436908;-54,5809341;"SPRF-MS";"DEL01-MS";"UOP01-DEL01-MS"
536879;2023-07-19;"quarta-feira";"15:10:00";"MT";174;505;"COMODORO";"Demais falhas mecânicas ou elétricas";"Saída de leito carroçável";"Com Vítimas Feridas";"Pleno dia";"Decrescente";"Céu Claro";"Simples";"Reta";"Não";2;0;2;0;0;0;2;1;-13,49446505;-59,83786224;"SPRF-MT";"DEL04-MT";"UOP02-DEL04-MT"
536880;2023-07-19;"quarta-feira";"18:40:00";"SC";101;100,1;"BALNEARIO PICARRAS";"Condutor deixou de manter distância do veículo da frente";"Colisão traseira";"Com Vítimas Feridas";"Plena Noite";"Crescente";"Garoa/Chuvisco";"Simples";"Reta";"Sim";2;0;1;0;1;0;1;2;-26,75909962;-48,68801594;"SPRF-SC";"DEL03-SC";"UOP02-DEL03-SC"
536883;2023-07-19;"quarta-feira";"19:30:00";"PE";232;175,4;"BELO JARDIM";"Reação tardia ou ineficiente do condutor";"Colisão lateral mesmo sentido";"Com Vítimas Feridas";"Plena Noite";"Decrescente";"Nublado";"Simples";"Aclive;Reta";"Sim";2;0;1;0;0;1;1;2;-8,34100926;-36,38709684;"SPRF-PE";"DEL03-PE";"UOP02-DEL03-PE"
536887;2023-07-19;"quarta-feira";"20:35:00";"ES";101;77;"SAO MATEUS";"Ingestão de álcool pelo condutor";"Colisão com objeto";"Com Vítimas Feridas";"Plena Noite";"Crescente";"Nublado";"Simples";"Reta";"Não";1;0;0;1;0;0;1;1;-18,81417602;-39,90121797;"SPRF-ES";"DEL04-ES";"UOP02-DEL04-ES"
536888;2023-07-19;"quarta-feira";"18:30:00";"PE";316;245;"BELEM DE SAO FRANCISCO";"Animais na Pista";"Atropelamento de Animal";"Sem Vítimas";"Plena Noite";"Decrescente";"Nublado";"Simples";"Reta";"Não";1;0;0;0;1;0;0;1;-8,6573448;-39,0107999;"SPRF-PE";"DEL05-PE";"UOP03-DEL05-PE"
536890;2023-07-19;"quarta-feira";"19:00:00";"PA";316;150;"CAPANEMA";"Reação tardia ou ineficiente do condutor";"Atropelamento de Pedestre";"Com Vítimas Feridas";"Plena Noite";"Crescente";"Céu Claro";"Simples";"Reta";"Sim";2;0;1;0;1;0;1;2;-1,215274;-47,19026;"SPRF-PA";"DEL01-PA";"UOP03-DEL01-PA"
536891;2023-07-19;"quarta-feira";"18:30:00";"PB";230;464;"SOUSA";"Pedestre cruzava a pista fora da faixa";"Atropelamento de Pedestre";"Com Vítimas Feridas";"Plena Noite";"Decrescente";"Céu Claro";"Simples";"Reta";"Sim";2;0;1;1;0;0;2;2;-6,7786;-38,2341;"SPRF-PB";"DEL03-PB";"UOP03-DEL03-PB"
536892;2023-07-19;"quarta-feira";"05:10:00";"SC";280;21,3;"ARAQUARI";"Acessar a via sem observar a presença dos outros veículos";"Colisão transversal";"Com Vítimas Feridas";"Anoitecer";"Crescente";"Garoa/Chuvisco";"Simples";"Reta";"Não";3;0;1;1;1;0;2;2;-26,37062825;-48,69537592;"SPRF-SC";"DEL03-SC";"UOP03-DEL03-SC"
536893;2023-07-19;"quarta-feira";"20:35:00";"MG";365;2;"MONTES CLAROS";"Conversão proibida";"Colisão transversal";"Com Vítimas Feridas";"Plena Noite";"Crescente";"Céu Claro";"Simples";"Reta";"Não";3;0;1;1;1;0;2;2;-16,72627608;-43,88021191;"SPRF-MG";"DEL12-MG";"UOP01-DEL12-MG"
536894;2023-07-19;"quarta-feira";"20:20:00";"BA";116;417,9;"FEIRA DE SANTANA";"Ingestão de álcool e/ou substâncias psicoativas pelo pedestre";"Atropelamento de Pedestre";"Com Vítimas Feridas";"Plena Noite";"Crescente";"Céu Claro";"Dupla";"Reta";"Sim";4;0;0;1;2;1;1;2;-12,177085;-38,96510687;"SPRF-BA";"DEL02-BA";"UOP01-DEL02-BA"
536895;2023-07-19;"quarta-feira";"19:15:00";"MT";364;57;"ALTO GARCAS";"Acessar a via sem observar a presença dos outros veículos";"Colisão transversal";"Com Vítimas Feridas";"Plena Noite";"Crescente";"Céu Claro";"Simples";"Declive";"Não";2;0;1;0;1;0;1;2;-16,94441591;-53,53013084;"SPRF-MT";"DEL02-MT";"UOP02-DEL02-MT"
536897;2023-07-19;"quarta-feira";"19:40:00";"RS";116;41,5;"VACARIA";"Ingestão de álcool e/ou substâncias psicoativas pelo pedestre";"Atropelamento de Pedestre";"Com Vítimas Feridas";"Plena Noite";"Decrescente";"Céu Claro";"Simples";"Reta";"Sim";3;0;0;1;0;2;1;2;-28,52480092;-50,94647307;"SPRF-RS";"DEL05-RS";"UOP03-DEL05-RS"
536899;2023-07-19;"quarta-feira";"19:40:00";"GO";153;517;"APARECIDA DE GOIANIA";"Acesso irregular";"Colisão transversal";"Sem Vítimas";"Plena Noite";"Crescente";"Céu Claro";"Dupla";"Interseção de Vias";"Sim";2;0;0;0;2;0;0;2;-16,8269032;-49,24239635;"SPRF-GO";"DEL01-GO";"UOP03-DEL01-GO"
536901;2023-07-19;"quarta-feira";"21:15:00";"RN";101;94;"NATAL";"Conversão proibida";"Colisão lateral sentido oposto";"Com Vítimas Feridas";"Plena Noite";"Decrescente";"Garoa/Chuvisco";"Dupla";"Interseção de Vias";"Sim";2;0;1;0;1;0;1;2;-5,83176615;-35,21191342;"SPRF-RN";"DEL01-RN";"UOP01-DEL01-RN"
536902;2023-07-19;"quarta-feira";"19:20:00";"MA";226;2;"TIMON";"Acessar a via sem observar a presença dos outros veículos";"Colisão transversal";"Com Vítimas Feridas";"Plena Noite";"Decrescente";"Céu Claro";"Simples";"Reta";"Sim";2;0;1;1;0;0;2;2;-5,1311846;-42,815704;"SPRF-MA";"DEL03-MA";"UOP02-DEL03-MA"
536904;2023-07-19;"quarta-feira";"21:00:00";"PR";163;161,3;"LINDOESTE";"Acessar a via sem observar a presença dos outros veículos";"Atropelamento de Pedestre";"Com Vítimas Fatais";"Plena Noite";"Decrescente";"Nublado";"Dupla";"Declive;Reta";"Não";3;1;0;0;2;0;0;2;-25,32790599;-53,59159198;"SPRF-PR";"DEL05-PR";"UOP05-DEL05-PR"
536909;2023-07-19;"quarta-feira";"21:20:00";"RJ";116;202;"QUEIMADOS";"Manobra de mudança de faixa";"Colisão traseira";"Com Vítimas Feridas";"Plena Noite";"Crescente";"Chuva";"Múltipla";"Reta";"Sim";3;0;1;0;2;0;1;2;-22,72996588;-43,61317403;"SPRF-RJ";"DEL01-RJ";"UOP03-DEL01-RJ"
536911;2023-07-19;"quarta-feira";"21:00:00";"MG";116;625,8;"ORIZANIA";"Ausência de reação do condutor";"Saída de leito carroçável";"Com Vítimas Feridas";"Plena Noite";"Decrescente";"Nublado";"Simples";"Curva";"Não";2;0;2;0;0;0;2;1;-20,53930104;-42,20536697;"SPRF-MG";"DEL07-MG";"UOP02-DEL07-MG"
536913;2023-07-20;"quinta-feira";"01:50:00";"SC";101;203;"SAO JOSE";"Ausência de reação do condutor";"Colisão com objeto";"Sem Vítimas";"Plena Noite";"Decrescente";"Nublado";"Múltipla";"Curva";"Sim";1;0;0;0;0;1;0;1;-27,5650044;-48,61460082;"SPRF-SC";"DEL01-SC";"UOP01-DEL01-SC"
536915;2023-07-20;"quinta-feira";"01:30:00";"RJ";465;6;"SEROPEDICA";"Reação tardia ou ineficiente do condutor";"Colisão traseira";"Com Vítimas Feridas";"Plena Noite";"Decrescente";"Garoa/Chuvisco";"Dupla";"Reta";"Sim";4;0;2;0;2;0;2;3;-22,754314;-43,692879;"SPRF-RJ";"DEL01-RJ";"UOP03-DEL01-RJ"
536918;2023-07-20;"quinta-feira";"03:00:00";"ES";101;349;"ANCHIETA";"Sinalização mal posicionada";"Atropelamento de Pedestre";"Com Vítimas Feridas";"Plena Noite";"Crescente";"Chuva";"Simples";"Curva";"Não";3;0;1;0;0;2;1;2;-20,6527553;-40,64346758;"SPRF-ES";"DEL03-ES";"UOP01-DEL03-ES"
536921;2023-07-20;"quinta-feira";"05:45:00";"CE";116;3;"FORTALEZA";"Velocidade Incompatível";"Colisão traseira";"Com Vítimas Feridas";"Pleno dia";"Decrescente";"Céu Claro";"Múltipla";"Reta";"Sim";2;0;1;0;0;1;1;2;-3,77866493;-38,51490171;"SPRF-CE";"DEL01-CE";"UOP02-DEL01-CE"
536922;2023-07-20;"quinta-feira";"05:00:00";"PR";369;149;"LONDRINA";"Condutor deixou de manter distância do veículo da frente";"Colisão traseira";"Sem Vítimas";"Plena Noite";"Decrescente";"Céu Claro";"Dupla";"Reta";"Sim";2;0;0;0;2;0;0;2;-23,29303248;-51,15481138;"SPRF-PR";"DEL07-PR";"UOP01-DEL07-PR"
536923;2023-07-20;"quinta-feira";"05:22:00";"PB";230;506,5;"CAJAZEIRAS";"Acessar a via sem observar a presença dos outros veículos";"Colisão transversal";"Com Vítimas Fatais";"Amanhecer";"Decrescente";"Céu Claro";"Simples";"Declive;Reta";"Sim";2;1;0;1;0;0;1;2;-6,9008;-38,5559;"SPRF-PB";"DEL03-PB";"UOP03-DEL03-PB"
536924;2023-07-19;"quarta-feira";"18:50:00";"MT";70;238;"PRIMAVERA DO LESTE";"Iluminação deficiente";"Colisão traseira";"Com Vítimas Feridas";"Plena Noite";"Decrescente";"Ignorado";"Simples";"Reta";"Não";2;0;1;0;1;0;1;2;-15,62591299;-54,011142;"SPRF-MT";"DEL05-MT";"UOP01-DEL05-MT"
536925;2023-07-20;"quinta-feira";"06:40:00";"MG";381;502;"BETIM";"Demais falhas mecânicas ou elétricas";"Queda de ocupante de veículo";"Com Vítimas Feridas";"Amanhecer";"Crescente";"Céu Claro";"Dupla";"Declive;Reta";"Sim";2;0;2;0;0;0;2;1;-20,03619694;-44,24586303;"SPRF-MG";"DEL04-MG";"UOP03-DEL04-MG"
536927;2023-07-20;"quinta-feira";"06:00:00";"BA";418;3;"CARAVELAS";"Animais na Pista";"Atropelamento de Animal";"Com Vítimas Feridas";"Amanhecer";"Crescente";"Céu Claro";"Simples";"Reta";"Sim";3;0;2;0;1;0;2;1;-17,71765379;-39,23180948;"SPRF-BA";"DEL09-BA";"UOP02-DEL09-BA"
536928;2023-07-20;"quinta-feira";"05:45:00";"GO";30;5,6;"FORMOSA";"Acessar a via sem observar a presença dos outros veículos";"Colisão transversal";"Com Vítimas Feridas";"Amanhecer";"Decrescente";"Céu Claro";"Simples";"Interseção de Vias;Em Obras";"Sim";2;0;1;0;1;0;1;2;-15,55118271;-47,30288029;"SPRF-DF";"DEL02-DF";"UOP02-DEL02-DF"
536929;2023-07-20;"quinta-feira";"00:20:00";"SC";280;28;"ARAQUARI";"Ingestão de álcool pelo condutor";"Tombamento";"Com Vítimas Feridas";"Plena Noite";"Crescente";"Chuva";"Simples";"Reta";"Não";1;0;1;0;0;0;1;1;-26,40450077;-48,74561031;"SPRF-SC";"DEL03-SC";"UOP03-DEL03-SC"
536933;2023-07-20;"quinta-feira";"08:00:00";"RN";101;94;"NATAL";"Estacionar ou parar em local proibido";"Colisão lateral mesmo sentido";"Com Vítimas Feridas";"Pleno dia";"Crescente";"Céu Claro";"Dupla";"Reta";"Sim";3;0;2;0;1;0;2;2;-5,83176615;-35,21191342;"SPRF-RN";"DEL01-RN";"UOP01-DEL01-RN"
536934;2023-05-01;"segunda-feira";"03:30:00";"RJ";465;3,9;"SEROPEDICA";"Entrada inopinada do pedestre";"Atropelamento de Pedestre";"Com Vítimas Feridas";"Plena Noite";"Crescente";"Céu Claro";"Simples";"Reta";"Não";2;0;1;0;1;0;1;2;-22,73427;-43,711994;"SPRF-RJ";"DEL01-RJ";"UOP03-DEL01-RJ"
536936;2023-07-20;"quinta-feira";"06:50:00";"ES";101;298,8;"VIANA";"Pista Escorregadia";"Colisão com objeto";"Sem Vítimas";"Pleno dia";"Decrescente";"Chuva";"Dupla";"Curva";"Sim";1;0;0;0;1;0;0;1;-20,35374444;-40,4156433;"SPRF-ES";"DEL01-ES";"UOP01-DEL01-ES"
536937;2023-07-20;"quinta-feira";"07:25:00";"SC";101;214,7;"PALHOCA";"Reação tardia ou ineficiente do condutor";"Colisão traseira";"Sem Vítimas";"Pleno dia";"Decrescente";"Garoa/Chuvisco";"Simples";"Reta";"Não";1;0;0;0;1;0;0;1;-27,64443;-48,67057;"SPRF-SC";"DEL01-SC";"UOP02-DEL01-SC"
536939;2023-07-20;"quinta-feira";"08:00:00";"SP";116;273;"TABOAO DA SERRA";"Objeto estático sobre o leito carroçável";"Colisão com objeto";"Com Vítimas Feridas";"Pleno dia";"Crescente";"Nublado";"Simples";"Curva";"Sim";2;0;2;0;0;0;2;1;-23,62809795;-46,81870306;"SPRF-SP";"DEL04-SP";"UOP01-DEL04-SP"
536940;2023-07-20;"quinta-feira";"07:12:00";"MG";40;524,6;"CONTAGEM";"Ultrapassagem Indevida";"Colisão traseira";"Com Vítimas Feridas";"Pleno dia";"Decrescente";"Céu Claro";"Dupla";"Reta";"Sim";2;0;0;1;1;0;1;2;-19,8754469;-44,05345586;"SPRF-MG";"DEL01-MG";"UOP02-DEL01-MG"
536941;2023-04-27;"quinta-feira";"22:00:00";"SC";282;2,6;"FLORIANOPOLIS";"Avarias e/ou desgaste excessivo no pneu";"Tombamento";"Com Vítimas Feridas";"Plena Noite";"Crescente";"Céu Claro";"Múltipla";"Reta";"Sim";2;0;1;1;0;0;2;1;-27,603289;-48,590416;"SPRF-SC";"DEL01-SC";"UOP01-DEL01-SC"
536942;2023-07-20;"quinta-feira";"08:20:00";"BA";116;822,8;"VITORIA DA CONQUISTA";"Acesso irregular";"Colisão lateral mesmo sentido";"Com Vítimas Feridas";"Pleno dia";"Decrescente";"Sol";"Dupla";"Reta";"Sim";2;0;1;0;1;0;1;2;-14,852862;-40,848618;"SPRF-BA";"DEL08-BA";"UOP01-DEL08-BA"
536943;2023-07-20;"quinta-feira";"07:04:00";"RJ";101;415;"ITAGUAI";"Acumulo de água sobre o pavimento";"Saída de leito carroçável";"Com Vítimas Feridas";"Plena Noite";"Crescente";"Chuva";"Dupla";"Reta";"Sim";1;0;1;0;0;0;1;1;-22,90433243;-43,88181398;"SPRF-RJ";"DEL03-RJ";"UOP01-DEL03-RJ"
536944;2023-07-20;"quinta-feira";"05:23:00";"GO";153;308,2;"RIALMA";"Conversão proibida";"Colisão lateral sentido oposto";"Com Vítimas Feridas";"Pleno dia";"Crescente";"Céu Claro";"Simples";"Reta";"Não";4;0;2;0;2;0;2;3;-15,3764795;-49,55586168;"SPRF-GO";"DEL02-GO";"UOP02-DEL02-GO"
536945;2023-07-20;"quinta-feira";"09:00:00";"PB";230;12,2;"CABEDELO";"Reação tardia ou ineficiente do condutor";"Tombamento";"Com Vítimas Feridas";"Pleno dia";"Crescente";"Nublado";"Dupla";"Reta";"Sim";1;0;1;0;0;0;1;1;-7,068;-34,85;"SPRF-PB";"DEL01-PB";"UOP01-DEL01-PB"
536946;2023-07-20;"quinta-feira";"08:05:00";"SC";101;45;"JOINVILLE";"Manobra de mudança de faixa";"Colisão traseira";"Com Vítimas Feridas";"Pleno dia";"Crescente";"Nublado";"Dupla";"Reta";"Sim";3;0;2;0;1;0;2;2;-26,32214492;-48,8689509;"SPRF-SC";"DEL03-SC";"UOP01-DEL03-SC"
536949;2023-07-20;"quinta-feira";"09:00:00";"PR";116;98;"SAO JOSE DOS PINHAIS";"Acessar a via sem observar a presença dos outros veículos";"Colisão frontal";"Sem Vítimas";"Pleno dia";"Decrescente";"Céu Claro";"Simples";"Reta";"Não";2;0;0;0;0;2;0;2;-25,51973222;-49,13431573;"SPRF-PR";"DEL01-PR";"UOP07-DEL01-PR"
536950;2023-07-20;"quinta-feira";"09:20:00";"ES";101;316,9;"VILA VELHA";"Pista Escorregadia";"Capotamento";"Com Vítimas Feridas";"Pleno dia";"Decrescente";"Chuva";"Múltipla";"Curva;Aclive";"Não";2;0;1;0;1;0;1;1;-20,46976694;-40,46795209;"SPRF-ES";"DEL01-ES";"UOP01-DEL01-ES"
536951;2023-06-03;"sábado";"05:40:00";"RS";386;30,7;"FREDERICO WESTPHALEN";"Ausência de reação do condutor";"Saída de leito carroçável";"Com Vítimas Feridas";"Amanhecer";"Crescente";"Céu Claro";"Simples";"Curva";"Sim";1;0;0;1;0;0;1;1;-27,327456;-53,376171;"SPRF-RS";"DEL08-RS";"UOP02-DEL08-RS"
536953;2023-07-20;"quinta-feira";"09:00:00";"CE";116;2,1;"FORTALEZA";"Condutor deixou de manter distância do veículo da frente";"Colisão traseira";"Com Vítimas Feridas";"Pleno dia";"Decrescente";"Céu Claro";"Múltipla";"Reta";"Sim";4;0;1;1;2;0;2;3;-3,77019802;-38,51724508;"SPRF-CE";"DEL01-CE";"UOP02-DEL01-CE"
536954;2023-07-20;"quinta-feira";"09:30:00";"ES";101;256;"SERRA";"Condutor deixou de manter distância do veículo da frente";"Colisão traseira";"Com Vítimas Feridas";"Pleno dia";"Decrescente";"Chuva";"Simples";"Reta";"Não";2;0;0;1;1;0;1;2;-20,119123;-40,311005;"SPRF-ES";"DEL02-ES";"UOP01-DEL02-ES"
536955;2023-07-20;"quinta-feira";"09:40:00";"RJ";116;172;"RIO DE JANEIRO";"Demais falhas mecânicas ou elétricas";"Queda de ocupante de veículo";"Com Vítimas Feridas";"Pleno dia";"Decrescente";"Céu Claro";"Múltipla";"Reta";"Sim";1;0;1;0;0;0;1;1;-22,80380481;-43,34755003;"SPRF-RJ";"DEL01-RJ";"UOP02-DEL01-RJ"
536956;2023-07-20;"quinta-feira";"09:20:00";"CE";222;221,6;"SOBRAL";"Reação tardia ou ineficiente do condutor";"Queda de ocupante de veículo";"Com Vítimas Feridas";"Pleno dia";"Decrescente";"Céu Claro";"Simples";"Reta;Em Obras";"Sim";2;0;0;2;0;0;2;1;-3,72703784;-40,32233965;"SPRF-CE";"DEL04-CE";"UOP01-DEL04-CE"
536957;2023-07-20;"quinta-feira";"10:10:00";"SP";116;225;"GUARULHOS";"Velocidade Incompatível";"Colisão lateral mesmo sentido";"Com Vítimas Feridas";"Pleno dia";"Crescente";"Céu Claro";"Múltipla";"Reta";"Sim";2;0;1;0;1;0;1;2;-23,48586772;-46,54075317;"SPRF-SP";"DEL01-SP";"UOP01-DEL01-SP"
536958;2023-07-20;"quinta-feira";"10:15:00";"SC";101;203;"SAO JOSE";"Ausência de reação do condutor";"Tombamento";"Com Vítimas Feridas";"Pleno dia";"Crescente";"Nublado";"Dupla";"Reta";"Sim";1;0;1;0;0;0;1;1;-27,5650044;-48,61460082;"SPRF-SC";"DEL01-SC";"UOP01-DEL01-SC"
536959;2023-07-16;"domingo";"16:53:00";"SC";280;20,9;"ARAQUARI";"Condutor deixou de manter distância do veículo da frente";"Colisão lateral mesmo sentido";"Sem Vítimas";"Pleno dia";"Crescente";"Céu Claro";"Simples";"Reta";"Não";2;0;0;0;2;0;0;2;-26,36990477;-48,68224301;"SPRF-SC";"DEL03-SC";"UOP03-DEL03-SC"
536961;2023-07-19;"quarta-feira";"20:00:00";"PR";153;224;"TIBAGI";"Demais falhas mecânicas ou elétricas";"Incêndio";"Sem Vítimas";"Plena Noite";"Crescente";"Nublado";"Simples";"Reta";"Não";1;0;0;0;1;0;0;1;-24,6672172;-50,45278;"SPRF-PR";"DEL03-PR";"UOP02-DEL03-PR"
536964;2023-07-20;"quinta-feira";"10:40:00";"PR";277;590,1;"CASCAVEL";"Desrespeitar a preferência no cruzamento";"Colisão lateral mesmo sentido";"Sem Vítimas";"Pleno dia";"Decrescente";"Céu Claro";"Múltipla";"Reta";"Sim";2;0;0;0;2;0;0;2;-24,98120697;-53,45591501;"SPRF-PR";"DEL04-PR";"UOP01-DEL04-PR"
536965;2023-07-20;"quinta-feira";"10:50:00";"PB";230;291,4;"SANTA LUZIA";"Condutor deixou de manter distância do veículo da frente";"Colisão traseira";"Com Vítimas Feridas";"Pleno dia";"Decrescente";"Céu Claro";"Simples";"Reta";"Sim";2;0;1;0;1;0;1;2;-6,870735;-36,91237;"SPRF-PB";"DEL03-PB";"UOP01-DEL03-PB"
536967;2023-07-20;"quinta-feira";"11:00:00";"ES";101;451,4;"MIMOSO DO SUL";"Velocidade Incompatível";"Saída de leito carroçável";"Com Vítimas Feridas";"Pleno dia";"Crescente";"Chuva";"Simples";"Curva;Aclive";"Não";1;0;1;0;0;0;1;1;-21,152358;-41,274138;"SPRF-ES";"DEL03-ES";"UOP02-DEL03-ES"
536968;2023-07-20;"quinta-feira";"11:10:00";"RJ";101;198;"CASIMIRO DE ABREU";"Avarias e/ou desgaste excessivo no pneu";"Saída de leito carroçável";"Com Vítimas Feridas";"Pleno dia";"Crescente";"Chuva";"Dupla";"Curva";"Não";2;0;1;0;1;0;1;1;-22,49157993;-42,12771201;"SPRF-RJ";"DEL08-RJ";"UOP04-DEL08-RJ"
536969;2023-07-20;"quinta-feira";"07:45:00";"GO";153;188;"URUACU";"Acessar a via sem observar a presença dos outros veículos";"Colisão frontal";"Com Vítimas Feridas";"Pleno dia";"Crescente";"Céu Claro";"Simples";"Reta";"Não";3;0;3;0;0;0;3;2;-14,411991;-49,157307;"SPRF-GO";"DEL07-GO";"UOP02-DEL07-GO"
536973;2023-07-20;"quinta-feira";"08:00:00";"MG";116;460;"ENGENHEIRO CALDAS";"Reação tardia ou ineficiente do condutor";"Colisão com objeto";"Com Vítimas Feridas";"Pleno dia";"Decrescente";"Nublado";"Simples";"Reta";"Não";1;0;1;0;0;0;1;1;-19,23400711;-42,05671434;"SPRF-MG";"DEL06-MG";"UOP02-DEL06-MG"
536974;2023-07-20;"quinta-feira";"12:10:00";"RJ";101;440;"MANGARATIBA";"Velocidade Incompatível";"Saída de leito carroçável";"Sem Vítimas";"Pleno dia";"Decrescente";"Céu Claro";"Simples";"Declive;Curva";"Não";1;0;0;0;1;0;0;1;-22,95929215;-44,08787867;"SPRF-RJ";"DEL03-RJ";"UOP02-DEL03-RJ"
536975;2023-07-20;"quinta-feira";"10:40:00";"RJ";40;123;"DUQUE DE CAXIAS";"Manobra de mudança de faixa";"Colisão lateral mesmo sentido";"Com Vítimas Feridas";"Pleno dia";"Crescente";"Céu Claro";"Múltipla";"Reta";"Não";4;0;1;0;2;1;1;3;-22,79907687;-43,29015739;"SPRF-RJ";"DEL01-RJ";"UOP01-DEL01-RJ"
536976;2023-07-20;"quinta-feira";"12:06:00";"PR";373;172;"PONTA GROSSA";"Manobra de mudança de faixa";"Colisão lateral mesmo sentido";"Com Vítimas Feridas";"Pleno dia";"Crescente";"Céu Claro";"Múltipla";"Interseção de Vias;Reta";"Sim";2;0;1;0;1;0;1;2;-25,08139932;-50,19200981;"SPRF-PR";"DEL03-PR";"UOP01-DEL03-PR"
536977;2023-07-20;"quinta-feira";"07:50:00";"MG";116;456,7;"ENGENHEIRO CALDAS";"Acessar a via sem observar a presença dos outros veículos";"Colisão transversal";"Com Vítimas Feridas";"Pleno dia";"Crescente";"Nublado";"Simples";"Reta";"Não";2;0;0;1;1;0;1;2;-19,20082084;-42,04762426;"SPRF-MG";"DEL06-MG";"UOP02-DEL06-MG"
536978;2023-07-06;"quinta-feira";"08:50:00";"GO";153;444;"ANAPOLIS";"Ultrapassagem Indevida";"Colisão lateral mesmo sentido";"Com Vítimas Feridas";"Pleno dia";"Crescente";"Céu Claro";"Simples";"Reta";"Sim";2;0;0;1;1;0;1;2;-16,343756;-48,9245;"SPRF-GO";"DEL02-GO";"UOP01-DEL02-GO"
536979;2023-07-20;"quinta-feira";"12:10:00";"MG";356;267;"MURIAE";"Acessar a via sem observar a presença dos outros veículos";"Colisão transversal";"Com Vítimas Feridas";"Pleno dia";"Decrescente";"Nublado";"Simples";"Reta";"Sim";2;0;1;0;1;0;1;2;-21,12725696;-42,35052695;"SPRF-MG";"DEL07-MG";"UOP02-DEL07-MG"
536980;2023-05-03;"quarta-feira";"17:00:00";"PA";163;293;"NOVO PROGRESSO";"Pista esburacada";"Queda de ocupante de veículo";"Com Vítimas Feridas";"Pleno dia";"Crescente";"Céu Claro";"Simples";"Reta";"Não";1;0;0;1;0;0;1;1;-7,19523299;-55,36360485;"SPRF-PA";"DEL05-PA";"UOP02-DEL05-PA"
536982;2023-07-20;"quinta-feira";"11:35:00";"RJ";101;56;"CAMPOS DOS GOYTACAZES";"Retorno proibido";"Colisão transversal";"Com Vítimas Feridas";"Pleno dia";"Decrescente";"Chuva";"Simples";"Reta";"Sim";2;0;1;0;1;0;1;2;-21,68714199;-41,31063697;"SPRF-RJ";"DEL08-RJ";"UOP01-DEL08-RJ"
536983;2023-04-06;"quinta-feira";"18:30:00";"SC";470;116;"IBIRAMA";"Conversão proibida";"Colisão traseira";"Com Vítimas Feridas";"Anoitecer";"Crescente";"Chuva";"Simples";"Curva;Aclive";"Sim";2;0;1;0;1;0;1;2;-27,07756;-49,49448;"SPRF-SC";"DEL04-SC";"UOP02-DEL04-SC"
536986;2023-07-20;"quinta-feira";"14:05:00";"GO";60;102;"ANAPOLIS";"Ausência de sinalização";"Colisão lateral mesmo sentido";"Com Vítimas Feridas";"Pleno dia";"Decrescente";"Sol";"Dupla";"Interseção de Vias";"Sim";2;0;1;0;1;0;1;2;-16,406;-48,9831;"SPRF-GO";"DEL02-GO";"UOP01-DEL02-GO"
536990;2023-07-20;"quinta-feira";"07:45:00";"MG";116;181,1;"CARAI";"Acostamento em desnível";"Colisão transversal";"Com Vítimas Feridas";"Pleno dia";"Crescente";"Garoa/Chuvisco";"Simples";"Declive;Reta";"Não";5;0;2;1;2;0;3;2;-17,09211716;-41,49168072;"SPRF-MG";"DEL11-MG";"UOP01-DEL11-MG"