"id";"data_inversa";"dia_semana";"horario";"uf";"br";"km";"municipio";"causa_acidente";"tipo_acidente";"classificacao_acidente";"fase_dia";"sentido_via";"condicao_metereologica";"tipo_pista";"tracado_via";"uso_solo";"pessoas";"mortos";"feridos_leves";"feridos_graves";"ilesos";"ignorados";"feridos";"veiculos";"latitude";"longitude";"regional";"delegacia";"uop"
537097;2023-07-21;"sexta-feira";"06:35:00";"SC";282;1,7;"FLORIANOPOLIS";"Velocidade Incompatível";"Colisão traseira";"Com Vítimas Feridas";"Amanhecer";"Decrescente";"Garoa/Chuvisco";"Múltipla";"Reta";"Sim";2;0;0;1;1;0;1;2;-27,602955;-48,580509;"SPRF-SC";"DEL01-SC";"UOP01-DEL01-SC"
537098;2023-07-21;"sexta-feira";"06:30:00";"SP";116;448;"REGISTRO";"Ausência de reação do condutor";"Colisão traseira";"Com Vítimas Feridas";"Amanhecer";"Decrescente";"Céu Claro";"Múltipla";"Reta";"Não";2;0;0;1;0;1;1;2;-24,52099699;-47,85336602;"SPRF-SP";"DEL05-SP";"UOP01-DEL05-SP"
537099;2023-07-21;"sexta-feira";"07:40:00";"DF";40;4;"BRASILIA";"Manobra de mudança de faixa";"Colisão lateral mesmo sentido";"Com Vítimas Feridas";"Pleno dia";"Decrescente";"Céu Claro";"Dupla";"Reta";"Sim";4;0;2;0;2;0;2;3;-16,012033;-47,982124;"SPRF-DF";"DEL01-DF";"UOP01-DEL01-DF"
537100;2023-07-21;"sexta-feira";"07:18:00";"MA";135;7;"SAO LUIS";"Acessar a via sem observar a presença dos outros veículos";"Colisão transversal";"Sem Vítimas";"Pleno dia";"Crescente";"Céu Claro";"Dupla";"Reta;Retorno Regulamentado";"Sim";2;0;0;0;2;0;0;2;-2,63608835;-44,26848552;"SPRF-MA";"DEL01-MA";"UOP01-DEL01-MA"
537101;2023-07-21;"sexta-feira";"07:40:00";"SP";116;274;"TABOAO DA SERRA";"Frear bruscamente";"Colisão traseira";"Com Vítimas Feridas";"Pleno dia";"Crescente";"Céu Claro";"Dupla";"Reta";"Sim";3;0;2;0;1;0;2;2;-23,63445084;-46,82418514;"SPRF-SP";"DEL04-SP";"UOP01-DEL04-SP"
537102;2023-07-21;"sexta-feira";"07:40:00";"AL";316;156;"PALMEIRA DOS INDIOS";"Acessar a via sem observar a presença dos outros veículos";"Colisão transversal";"Com Vítimas Feridas";"Pleno dia";"Crescente";"Céu Claro";"Simples";"Reta";"Sim";3;0;1;0;1;1;1;2;-9,42207728;-36,62254219;"SPRF-AL";"DEL03-AL";"UOP01-DEL03-AL"
537103;2023-07-21;"sexta-feira";"07:30:00";"RN";304;37;"MOSSORO";"Ausência de reação do condutor";"Queda de ocupante de veículo";"Com Vítimas Feridas";"Pleno dia";"Crescente";"Céu Claro";"Dupla";"Reta";"Sim";1;0;1;0;0;0;1;1;-5,17455933;-37,36227171;"SPRF-RN";"DEL04-RN";"UOP02-DEL04-RN"
537104;2023-07-21;"sexta-feira";"08:00:00";"SP";116;112;"TAUBATE";"Condutor deixou de manter distância do veículo da frente";"Colisão traseira";"Com Vítimas Feridas";"Pleno dia";"Decrescente";"Sol";"Dupla";"Reta";"Sim";2;0;1;0;1;0;1;2;-23,04159343;-45,57065616;"SPRF-SP";"DEL02-SP";"UOP02-DEL02-SP"
537105;2023-07-21;"sexta-feira";"07:50:00";"MG";40;731,9;"SANTOS DUMONT";"Chuva";"Tombamento";"Com Vítimas Feridas";"Pleno dia";"Crescente";"Garoa/Chuvisco";"Dupla";"Curva;Declive";"Não";3;0;1;0;2;0;1;1;-21,34218094;-43,58845595;"SPRF-MG";"DEL05-MG";"UOP01-DEL05-MG"
537107;2023-07-21;"sexta-feira";"07:00:00";"MG";381;839,7;"SAO SEBASTIAO DA BELA VISTA";"Condutor Dormindo";"Saída de leito carroçável";"Com Vítimas Feridas";"Pleno dia";"Crescente";"Céu Claro";"Dupla";"Reta";"Não";5;0;4;1;0;0;5;1;-22,19834327;-45,85343083;"SPRF-MG";"DEL16-MG";"UOP01-DEL16-MG"
537112;2023-07-21;"sexta-feira";"06:30:00";"PE";101;57;"RECIFE";"Manobra de mudança de faixa";"Colisão lateral mesmo sentido";"Sem Vítimas";"Pleno dia";"Crescente";"Céu Claro";"Dupla";"Reta";"Sim";2;0;0;0;1;1;0;2;-7,96346213;-34,91513486;"SPRF-PE";"DEL01-PE";"UOP02-DEL01-PE"
537113;2023-07-21;"sexta-feira";"07:20:00";"RO";435;131,2;"CEREJEIRAS";"Animais na Pista";"Atropelamento de Animal";"Com Vítimas Feridas";"Pleno dia";"Crescente";"Céu Claro";"Simples";"Reta";"Não";1;0;1;0;0;0;1;1;-13,1890051;-60,89098298;"SPRF-RO";"DEL04-RO";"UOP02-DEL04-RO"
537114;2023-07-21;"sexta-feira";"07:57:00";"PE";232;80,2;"GRAVATA";"Área urbana sem a presença de local apropriado para a travessia de pedestres";"Colisão traseira";"Com Vítimas Feridas";"Pleno dia";"Decrescente";"Chuva";"Simples";"Reta";"Sim";2;0;1;0;1;0;1;2;-8,19645376;-35,5711019;"SPRF-PE";"DEL02-PE";"UOP02-DEL02PE"
537115;2023-07-21;"sexta-feira";"09:00:00";"RJ";116;20;"SAPUCAIA";"Condutor Dormindo";"Queda de ocupante de veículo";"Com Vítimas Feridas";"Pleno dia";"Crescente";"Céu Claro";"Simples";"Reta";"Não";1;0;1;0;0;0;1;1;-22,00111387;-42,76116206;"SPRF-RJ";"DEL05-RJ";"UOP01-DEL05-RJ"
537116;2023-03-31;"sexta-feira";"17:50:00";"BA";324;624;"SALVADOR";"Reação tardia ou ineficiente do condutor";"Colisão lateral mesmo sentido";"Com Vítimas Feridas";"Anoitecer";"Decrescente";"Ignorado";"Dupla";"Reta";"Sim";3;0;1;0;0;2;1;3;-12,933839;-38,47190701;"SPRF-BA";"DEL01-BA";"UOP01-DEL01-BA"
537117;2023-07-21;"sexta-feira";"08:00:00";"MG";116;275,9;"TEOFILO OTONI";"Acessar a via sem observar a presença dos outros veículos";"Tombamento";"Com Vítimas Feridas";"Pleno dia";"Crescente";"Sol";"Dupla";"Reta";"Sim";2;0;1;0;1;0;1;2;-17,84235093;-41,51410418;"SPRF-MG";"DEL11-MG";"UOP01-DEL11-MG"
537118;2023-07-21;"sexta-feira";"08:00:00";"RN";304;55,3;"MOSSORO";"Demais falhas mecânicas ou elétricas";"Saída de leito carroçável";"Com Vítimas Feridas";"Pleno dia";"Decrescente";"Céu Claro";"Simples";"Reta";"Não";2;0;1;0;1;0;1;1;-5,28385976;-37,29132557;"SPRF-RN";"DEL04-RN";"UOP01-DEL04-RN"
537120;2023-07-21;"sexta-feira";"07:00:00";"BA";324;616;"SALVADOR";"Acessar a via sem observar a presença dos outros veículos";"Colisão traseira";"Com Vítimas Feridas";"Pleno dia";"Decrescente";"Nublado";"Dupla";"Reta";"Sim";2;0;1;0;1;0;1;2;-12,87957905;-38,43213893;"SPRF-BA";"DEL01-BA";"UOP01-DEL01-BA"
537121;2023-07-21;"sexta-feira";"07:20:00";"MG";365;4,3;"MONTES CLAROS";"Pista Escorregadia";"Saída de leito carroçável";"Com Vítimas Fatais";"Amanhecer";"Decrescente";"Garoa/Chuvisco";"Simples";"Reta";"Não";1;1;0;0;0;0;0;1;-16,798;-43,899;"SPRF-MG";"DEL12-MG";"UOP01-DEL12-MG"
537124;2023-05-01;"segunda-feira";"15:20:00";"MG";262;148;"SAO DOMINGOS DO PRATA";"Acessar a via sem observar a presença dos outros veículos";"Colisão transversal";"Com Vítimas Feridas";"Pleno dia";"Crescente";"Céu Claro";"Simples";"Interseção de Vias;Reta";"Não";3;0;0;1;2;0;1;2;-20,0130291;-42,74983565;"SPRF-MG";"DEL03-MG";"UOP03-DEL03-MG"
537126;2023-07-01;"sábado";"18:30:00";"GO";40;5,2;"LUZIANIA";"Manobra de mudança de faixa";"Engavetamento";"Com Vítimas Feridas";"Plena Noite";"Decrescente";"Céu Claro";"Dupla";"Reta";"Não";3;0;1;0;2;0;1;3;-16,093134;-47,982236;"SPRF-DF";"DEL01-DF";"UOP01-DEL01-DF"
537127;2023-07-21;"sexta-feira";"09:30:00";"MG";40;741,3;"SANTOS DUMONT";"Chuva";"Tombamento";"Com Vítimas Feridas";"Pleno dia";"Decrescente";"Garoa/Chuvisco";"Simples";"Curva;Declive";"Não";2;0;2;0;0;0;2;1;-21,410777;-43,56679;"SPRF-MG";"DEL05-MG";"UOP01-DEL05-MG"
537129;2023-07-21;"sexta-feira";"08:00:00";"SC";101;117;"ITAJAI";"Reação tardia ou ineficiente do condutor";"Tombamento";"Com Vítimas Feridas";"Pleno dia";"Crescente";"Nublado";"Simples";"Reta";"Não";1;0;1;0;0;0;1;1;-26,88747187;-48,72252969;"SPRF-SC";"DEL04-SC";"UOP04-DEL04-SC"
537132;2023-07-21;"sexta-feira";"10:20:00";"SP";381;81;"SAO PAULO";"Demais falhas mecânicas ou elétricas";"Incêndio";"Sem Vítimas";"Pleno dia";"Decrescente";"Sol";"Dupla";"Reta";"Não";2;0;0;0;2;0;0;1;-23,41704481;-46,58022057;"SPRF-SP";"DEL03-SP";"UOP01-DEL03-SP"
537134;2023-07-21;"sexta-feira";"09:00:00";"RS";290;370;"VILA NOVA DO SUL";"Reação tardia ou ineficiente do condutor";"Saída de leito carroçável";"Com Vítimas Feridas";"Pleno dia";"Decrescente";"Céu Claro";"Simples";"Declive;Em Obras;Reta";"Não";2;0;0;1;1;0;1;1;-30,342182;-53,859665;"SPRF-RS";"DEL09-RS";"UOP02-DEL09-RS"
537136;2023-07-21;"sexta-feira";"10:00:00";"MG";40;716,1;"BARBACENA";"Reação tardia ou ineficiente do condutor";"Colisão com objeto";"Com Vítimas Feridas";"Pleno dia";"Decrescente";"Nublado";"Dupla";"Curva";"Não";2;0;1;0;1;0;1;1;-21,271217;-43,649216;"SPRF-MG";"DEL05-MG";"UOP01-DEL05-MG"
537138;2023-06-05;"segunda-feira";"03:00:00";"GO";70;437;"ARAGARCAS";"Ultrapassagem Indevida";"Colisão frontal";"Com Vítimas Fatais";"Plena Noite";"Decrescente";"Céu Claro";"Simples";"Declive;Reta";"Não";5;3;0;1;1;0;1;2;-15,88759916;-51,88363597;"SPRF-GO";"DEL04-GO";"UOP02-DEL04-GO"
537139;2023-07-21;"sexta-feira";"10:00:00";"PR";376;161,8;"MARINGA";"Ausência de reação do condutor";"Capotamento";"Sem Vítimas";"Pleno dia";"Decrescente";"Céu Claro";"Dupla";"Aclive;Reta";"Sim";1;0;0;0;1;0;0;1;-23,37281665;-52,05547485;"SPRF-PR";"DEL09-PR";"UOP01-DEL09-PR"
537140;2023-07-21;"sexta-feira";"06:50:00";"RS";392;5,9;"RIO GRANDE";"Ausência de reação do condutor";"Saída de leito carroçável";"Sem Vítimas";"Pleno dia";"Crescente";"Céu Claro";"Simples";"Em Obras";"Não";1;0;0;0;1;0;0;1;-32,07687877;-52,10166627;"SPRF-RS";"DEL07-RS";"UOP02-DEL07-RS"
537143;2023-07-21;"sexta-feira";"10:10:00";"SP";116;218;"GUARULHOS";"Manobra de mudança de faixa";"Colisão lateral mesmo sentido";"Com Vítimas Feridas";"Pleno dia";"Crescente";"Céu Claro";"Múltipla";"Declive";"Sim";2;0;0;1;1;0;1;2;-23,457972;-46,479927;"SPRF-SP";"DEL01-SP";"UOP01-DEL01-SP"
537144;2023-07-21;"sexta-feira";"11:00:00";"ES";101;267,7;"SERRA";"Condutor desrespeitou a iluminação vermelha do semáforo";"Colisão transversal";"Com Vítimas Feridas";"Pleno dia";"Crescente";"Céu Claro";"Múltipla";"Interseção de Vias;Reta";"Sim";2;0;1;0;0;1;1;2;-20,20842;-40,269405;"SPRF-ES";"DEL02-ES";"UOP01-DEL02-ES"
537145;2023-07-21;"sexta-feira";"10:16:00";"RJ";101;297;"ITABORAI";"Acesso irregular";"Colisão lateral mesmo sentido";"Com Vítimas Feridas";"Pleno dia";"Crescente";"Sol";"Dupla";"Reta";"Sim";2;0;1;0;1;0;1;2;-22,76942037;-42,91873581;"SPRF-RJ";"DEL02-RJ";"UOP02-DEL02-RJ"
537152;2023-07-20;"quinta-feira";"20:00:00";"RN";405;119;"TABOLEIRO GRANDE";"Avarias e/ou desgaste excessivo no pneu";"Incêndio";"Sem Vítimas";"Plena Noite";"Crescente";"Céu Claro";"Simples";"Reta";"Não";1;0;0;0;0;1;0;1;-5,89926493;-38,05385103;"SPRF-RN";"DEL04-RN";"UOP02-DEL04-RN"
537154;2023-07-21;"sexta-feira";"10:40:00";"MG";116;428,9;"ALPERCATA";"Acessar a via sem observar a presença dos outros veículos";"Colisão transversal";"Com Vítimas Feridas";"Pleno dia";"Crescente";"Nublado";"Simples";"Aclive;Reta";"Não";2;0;1;1;0;0;2;2;-18,9840019;-41,98837826;"SPRF-MG";"DEL06-MG";"UOP01-DEL06-MG"
537155;2023-07-21;"sexta-feira";"11:30:00";"ES";101;192,1;"ARACRUZ";"Ultrapassagem Indevida";"Saída de leito carroçável";"Com Vítimas Feridas";"Pleno dia";"Decrescente";"Chuva";"Simples";"Reta";"Não";1;0;1;0;0;0;1;1;-19,69809864;-40,30350816;"SPRF-ES";"DEL04-ES";"UOP01-DEL04-ES"
537156;2023-07-15;"sábado";"20:10:00";"MA";10;320;"ACAILANDIA";"Avarias e/ou desgaste excessivo no pneu";"Colisão com objeto";"Com Vítimas Feridas";"Plena Noite";"Crescente";"Céu Claro";"Simples";"Reta;Aclive";"Sim";2;0;2;0;0;0;2;2;-4,952405;-47,503384;"SPRF-MA";"DEL04-MA";"UOP03-DEL04-MA"
537157;2023-07-21;"sexta-feira";"07:40:00";"MT";70;511;"VARZEA GRANDE";"Condutor deixou de manter distância do veículo da frente";"Saída de leito carroçável";"Com Vítimas Feridas";"Pleno dia";"Decrescente";"Céu Claro";"Simples";"Reta";"Não";1;0;1;0;0;0;1;1;-15,696162;-56,107784;"SPRF-MT";"DEL01-MT";"UOP02-DEL01-MT"
537158;2023-07-21;"sexta-feira";"09:15:00";"RN";226;254;"JUCURUTU";"Reação tardia ou ineficiente do condutor";"Atropelamento de Pedestre";"Com Vítimas Fatais";"Pleno dia";"Decrescente";"Céu Claro";"Simples";"Em Obras;Reta";"Não";3;1;0;1;1;0;1;3;-5,96378501;-37,03957492;"SPRF-RN";"DEL03-RN";"UOP01-DEL03-RN"
537159;2023-07-21;"sexta-feira";"12:00:00";"ES";101;270;"SERRA";"Acesso irregular";"Colisão lateral mesmo sentido";"Com Vítimas Feridas";"Pleno dia";"Decrescente";"Nublado";"Dupla";"Interseção de Vias;Reta";"Sim";2;0;1;0;1;0;1;2;-20,22662056;-40,27075088;"SPRF-ES";"DEL02-ES";"UOP01-DEL02-ES"
537162;2023-07-21;"sexta-feira";"09:57:00";"AC";364;124;"RIO BRANCO";"Acessar a via sem observar a presença dos outros veículos";"Colisão transversal";"Com Vítimas Feridas";"Pleno dia";"Crescente";"Sol";"Simples";"Rotatória";"Sim";2;0;0;1;1;0;1;2;-10,01190455;-67,79849952;"SPRF-AC";"DEL01-AC";"UOP01-DEL01-AC"
537165;2023-07-21;"sexta-feira";"12:20:00";"PR";373;478,6;"CORONEL VIVIDA";"Acessar a via sem observar a presença dos outros veículos";"Colisão transversal";"Com Vítimas Feridas";"Pleno dia";"Crescente";"Céu Claro";"Simples";"Interseção de Vias";"Não";3;0;1;0;2;0;1;2;-25,97273123;-52,53404482;"SPRF-PR";"DEL02-PR";"UOP01-DEL02-PR"
537167;2023-07-21;"sexta-feira";"13:10:00";"MG";116;421;"ALPERCATA";"Desrespeitar a preferência no cruzamento";"Colisão transversal";"Com Vítimas Feridas";"Pleno dia";"Crescente";"Céu Claro";"Simples";"Interseção de Vias;Reta";"Não";4;0;1;0;3;0;1;2;-18,93669975;-41,94751431;"SPRF-MG";"DEL06-MG";"UOP01-DEL06-MG"
537168;2023-07-21;"sexta-feira";"08:00:00";"MS";158;51;"PARANAIBA";"Condutor Dormindo";"Saída de leito carroçável";"Com Vítimas Feridas";"Pleno dia";"Crescente";"Sol";"Simples";"Reta";"Não";5;0;2;1;1;1;3;2;-19,38373911;-51,43499208;"SPRF-MS";"DEL08-MS";"UOP01-DEL08-MS"
537170;2023-07-21;"sexta-feira";"13:40:00";"SC";280;51;"GUARAMIRIM";"Ausência de reação do condutor";"Engavetamento";"Sem Vítimas";"Pleno dia";"Crescente";"Nublado";"Dupla";"Reta";"Sim";3;0;0;0;3;0;0;3;-26,46538871;-48,95544449;"SPRF-SC";"DEL03-SC";"UOP03-DEL03-SC"
537172;2023-07-21;"sexta-feira";"12:00:00";"DF";40;3;"BRASILIA";"Reação tardia ou ineficiente do condutor";"Colisão traseira";"Com Vítimas Feridas";"Pleno dia";"Decrescente";"Céu Claro";"Múltipla";"Viaduto;Reta";"Sim";3;0;1;0;2;0;1;2;-16,003145;-47,983944;"SPRF-DF";"DEL01-DF";"UOP01-DEL01-DF"
537173;2023-07-21;"sexta-feira";"14:00:00";"BA";330;811;"JEQUIE";"Manobra de mudança de faixa";"Colisão frontal";"Com Vítimas Feridas";"Pleno dia";"Crescente";"Chuva";"Simples";"Curva";"Não";3;0;0;1;2;0;1;2;-14,00841922;-39,91361896;"SPRF-BA";"DEL03-BA";"UOP01-DEL03-BA"
537174;2023-07-21;"sexta-feira";"12:00:00";"MG";40;531,9;"BELO HORIZONTE";"Trafegar com motocicleta (ou similar) entre as faixas";"Queda de ocupante de veículo";"Com Vítimas Feridas";"Pleno dia";"Crescente";"Sol";"Dupla";"Declive;Reta";"Sim";1;0;1;0;0;0;1;1;-19,92199518;-44,02264595;"SPRF-MG";"DEL01-MG";"UOP02-DEL01-MG"
537175;2023-07-21;"sexta-feira";"11:15:00";"MT";174;289;"PONTES E LACERDA";"Conversão proibida";"Colisão transversal";"Com Vítimas Feridas";"Pleno dia";"Crescente";"Sol";"Simples";"Reta";"Sim";2;0;1;0;1;0;1;2;-15,22419218;-59,31889821;"SPRF-MT";"DEL04-MT";"UOP01-DEL04-MT"
537177;2023-07-21;"sexta-feira";"13:10:00";"MG";381;932;"EXTREMA";"Ausência de reação do condutor";"Saída de leito carroçável";"Sem Vítimas";"Pleno dia";"Decrescente";"Céu Claro";"Dupla";"Curva";"Não";2;0;0;0;1;1;0;1;-22,81198015;-46,28431295;"SPRF-MG";"DEL16-MG";"UOP03-DEL16-MG"
537179;2023-07-21;"sexta-feira";"11:40:00";"PI";343;255;"CAMPO MAIOR";"Conversão proibida";"Colisão traseira";"Com Vítimas Feridas";"Pleno dia";"Crescente";"Céu Claro";"Simples";"Reta";"Não";3;0;2;0;1;0;2;2;-4,768979;-42,113426;"SPRF-PI";"DEL01-PI";"UOP03-DEL01-PI"
537181;2023-07-21;"sexta-feira";"13:30:00";"RJ";393;283,5;"VOLTA REDONDA";"Pedestre andava na pista";"Atropelamento de Pedestre";"Com Vítimas Fatais";"Pleno dia";"Decrescente";"Sol";"Dupla";"Reta";"Sim";2;1;0;0;1;0;0;2;-22,47606388;-44,04976392;"SPRF-RJ";"DEL05-RJ";"UOP04-DEL05-RJ"
537185;2023-07-21;"sexta-feira";"05:30:00";"MG";116;134;"PONTO DOS VOLANTES";"Reação tardia ou ineficiente do condutor";"Saída de leito carroçável";"Com Vítimas Feridas";"Amanhecer";"Decrescente";"Ignorado";"Simples";"Reta";"Não";1;0;0;1;0;0;1;1;-16,72310091;-41,50394416;"SPRF-MG";"DEL11-MG";"UOP02-DEL11-MG"
537186;2023-07-21;"sexta-feira";"15:30:00";"MG";40;588,1;"ITABIRITO";"Reação tardia ou ineficiente do condutor";"Colisão traseira";"Com Vítimas Feridas";"Pleno dia";"Crescente";"Céu Claro";"Simples";"Declive;Reta";"Sim";2;0;1;0;1;0;1;2;-20,35204066;-43,91291142;"SPRF-MG";"DEL01-MG";"UOP02-DEL01-MG"
537189;2023-07-21;"sexta-feira";"15:00:00";"PR";376;176,2;"MARINGA";"Condutor deixou de manter distância do veículo da frente";"Colisão traseira";"Com Vítimas Feridas";"Pleno dia";"Crescente";"Céu Claro";"Dupla";"Reta";"Sim";3;0;1;0;2;0;1;2;-23,41269173;-51,93158327;"SPRF-PR";"DEL09-PR";"UOP01-DEL09-PR"
537193;2023-07-21;"sexta-feira";"13:35:00";"PR";277;594,9;"CASCAVEL";"Pedestre cruzava a pista fora da faixa";"Atropelamento de Pedestre";"Com Vítimas Fatais";"Pleno dia";"Decrescente";"Sol";"Simples";"Curva";"Sim";2;1;0;0;1;0;0;2;-24,98079683;-53,50068212;"SPRF-PR";"DEL04-PR";"UOP01-DEL04-PR"
537194;2023-07-21;"sexta-feira";"14:45:00";"SC";280;31,4;"ARAQUARI";"Transitar na contramão";"Colisão transversal";"Com Vítimas Feridas";"Pleno dia";"Decrescente";"Nublado";"Simples";"Reta";"Sim";2;0;1;0;1;0;1;2;-26,41649938;-48,77181215;"SPRF-SC";"DEL03-SC";"UOP03-DEL03-SC"
537196;2023-07-21;"sexta-feira";"15:25:00";"PA";230;157;"ITUPIRANGA";"Retorno proibido";"Colisão transversal";"Com Vítimas Fatais";"Pleno dia";"Decrescente";"Céu Claro";"Simples";"Reta;Declive";"Não";4;1;0;0;2;1;0;3;-5,22804708;-49,33810613;"SPRF-PA";"DEL03-PA";"UOP01-DEL03-PA"
537201;2023-07-21;"sexta-feira";"16:20:00";"SE";235;50;"ITABAIANA";"Reação tardia ou ineficiente do condutor";"Colisão traseira";"Com Vítimas Feridas";"Pleno dia";"Crescente";"Céu Claro";"Simples";"Reta";"Sim";3;0;1;0;2;0;1;2;-10,707879;-37,42606;"SPRF-SE";"DEL01-SE";"UOP02-DEL01-SE"
537202;2023-05-29;"segunda-feira";"00:40:00";"RO";421;7;"ARIQUEMES";"Ultrapassagem Indevida";"Colisão lateral sentido oposto";"Com Vítimas Fatais";"Plena Noite";"Crescente";"Céu Claro";"Simples";"Reta;Declive";"Não";3;1;0;1;0;1;1;2;-9,949599;-63,107925;"SPRF-RO";"DEL03-RO";"UOP01-DEL03-RO"
537203;2023-07-21;"sexta-feira";"16:15:00";"PE";101;76,9;"RECIFE";"Entrada inopinada do pedestre";"Atropelamento de Pedestre";"Com Vítimas Feridas";"Pleno dia";"Crescente";"Céu Claro";"Dupla";"Reta";"Sim";3;0;3;0;0;0;3;2;-8,11813811;-34,94329214;"SPRF-PE";"DEL01-PE";"UOP01-DEL01-PE"
537204;2023-07-21;"sexta-feira";"16:40:00";"MG";381;485,4;"BETIM";"Manobra de mudança de faixa";"Colisão lateral mesmo sentido";"Com Vítimas Feridas";"Pleno dia";"Decrescente";"Céu Claro";"Dupla";"Declive;Reta";"Sim";2;0;1;0;1;0;1;2;-19,95659361;-44,12622893;"SPRF-MG";"DEL01-MG";"UOP03-DEL01-MG"
537205;2023-07-21;"sexta-feira";"15:20:00";"PE";104;30;"TORITAMA";"Condutor desrespeitou a iluminação vermelha do semáforo";"Colisão transversal";"Com Vítimas Feridas";"Pleno dia";"Crescente";"Sol";"Simples";"Interseção de Vias;Reta;Rotatória";"Sim";2;0;1;0;0;1;1;2;-8,0137;-36,0565;"SPRF-PE";"DEL02-PE";"UOP01-DEL02-PE"
537206;2023-07-21;"sexta-feira";"16:50:00";"SC";101;95,6;"BARRA VELHA";"Desrespeitar a preferência no cruzamento";"Colisão transversal";"Com Vítimas Feridas";"Anoitecer";"Decrescente";"Nublado";"Simples";"Interseção de Vias;Reta;Viaduto";"Não";3;0;0;1;2;0;1;2;-26,70876413;-48,70221065;"SPRF-SC";"DEL03-SC";"UOP02-DEL03-SC"
537207;2023-07-20;"quinta-feira";"20:45:00";"PE";232;256,6;"ARCOVERDE";"Mal súbito do condutor";"Tombamento";"Com Vítimas Fatais";"Plena Noite";"Crescente";"Chuva";"Simples";"Reta";"Sim";2;1;0;0;0;1;0;2;-8,40988226;-37,09335003;"SPRF-PE";"DEL04-PE";"UOP02-DEL04-PE"
537208;2023-07-21;"sexta-feira";"17:00:00";"SC";101;90;"BARRA VELHA";"Frear bruscamente";"Queda de ocupante de veículo";"Com Vítimas Feridas";"Anoitecer";"Decrescente";"Céu Claro";"Dupla";"Reta";"Não";1;0;1;0;0;0;1;1;-26,66148503;-48,68866176;"SPRF-SC";"DEL03-SC";"UOP02-DEL03-SC"
537209;2023-07-21;"sexta-feira";"16:24:00";"RN";304;301;"MACAIBA";"Ausência de reação do condutor";"Colisão traseira";"Com Vítimas Feridas";"Pleno dia";"Decrescente";"Céu Claro";"Dupla";"Reta";"Não";2;0;1;0;0;1;1;2;-5,877145;-35,304728;"SPRF-RN";"DEL01-RN";"UOP02-DEL01-RN"
537210;2023-07-21;"sexta-feira";"17:08:00";"SE";235;5,1;"NOSSA SENHORA DO SOCORRO";"Acessar a via sem observar a presença dos outros veículos";"Tombamento";"Com Vítimas Feridas";"Pleno dia";"Crescente";"Céu Claro";"Dupla";"Curva;Declive";"Sim";2;0;2;0;0;0;2;1;-10,9041;-37,1278;"SPRF-SE";"DEL01-SE";"UOP01-DEL01-SE"
537212;2023-07-21;"sexta-feira";"16:30:00";"RS";386;325;"MARQUES DE SOUZA";"Condutor deixou de manter distância do veículo da frente";"Engavetamento";"Com Vítimas Feridas";"Pleno dia";"Decrescente";"Céu Claro";"Simples";"Em Obras;Reta";"Sim";11;0;1;0;10;0;1;3;-29,318314;-52,104053;"SPRF-RS";"DEL04-RS";"UOP01-DEL04-RS"
537213;2023-07-21;"sexta-feira";"16:50:00";"RJ";116;182;"NOVA IGUACU";"Ausência de reação do condutor";"Colisão traseira";"Com Vítimas Feridas";"Pleno dia";"Decrescente";"Céu Claro";"Dupla";"Reta";"Sim";2;0;1;0;1;0;1;2;-22,7567755;-43,43107234;"SPRF-RJ";"DEL01-RJ";"UOP02-DEL01-RJ"
537214;2023-07-21;"sexta-feira";"17:15:00";"CE";222;306,9;"TIANGUA";"Condutor deixou de manter distância do veículo da frente";"Colisão traseira";"Com Vítimas Feridas";"Anoitecer";"Decrescente";"Céu Claro";"Simples";"Reta";"Não";2;0;1;0;1;0;1;2;-3,67476286;-40,96798113;"SPRF-CE";"DEL04-CE";"UOP02-DEL04-CE"
537217;2023-07-21;"sexta-feira";"14:20:00";"CE";222;92;"UMIRIM";"Acessar a via sem observar a presença dos outros veículos";"Colisão transversal";"Com Vítimas Feridas";"Pleno dia";"Decrescente";"Céu Claro";"Simples";"Curva";"Não";2;0;1;0;1;0;1;2;-3,68706764;-39,36222022;"SPRF-CE";"DEL04-CE";"UOP03-DEL04-CE"
537219;2023-07-21;"sexta-feira";"17:15:00";"PE";232;410,4;"SERRA TALHADA";"Conversão proibida";"Colisão transversal";"Com Vítimas Feridas";"Anoitecer";"Crescente";"Céu Claro";"Simples";"Interseção de Vias;Curva";"Sim";2;0;1;0;1;0;1;2;-7,98261841;-38,30039606;"SPRF-PE";"DEL04-PE";"UOP01-DEL04-PE"
537220;2023-07-21;"sexta-feira";"17:00:00";"SC";101;144;"ITAPEMA";"Reação tardia ou ineficiente do condutor";"Colisão traseira";"Com Vítimas Feridas";"Pleno dia";"Decrescente";"Nublado";"Dupla";"Reta";"Não";2;0;1;0;1;0;1;2;-27,0732659;-48,59672716;"SPRF-SC";"DEL04-SC";"UOP03-DEL04-SC"
537221;2023-07-21;"sexta-feira";"17:20:00";"SP";116;148;"SAO JOSE DOS CAMPOS";"Condutor deixou de manter distância do veículo da frente";"Colisão lateral mesmo sentido";"Com Vítimas Feridas";"Anoitecer";"Decrescente";"Céu Claro";"Dupla";"Reta";"Sim";1;0;1;0;0;0;1;1;-23,20067421;-45,8795018;"SPRF-SP";"DEL02-SP";"UOP01-DEL02-SP"
537222;2023-07-21;"sexta-feira";"17:30:00";"SC";101;206,1;"SAO JOSE";"Velocidade Incompatível";"Colisão traseira";"Com Vítimas Feridas";"Anoitecer";"Crescente";"Nublado";"Múltipla";"Reta";"Não";1;0;1;0;0;0;1;1;-27,59193546;-48,61824557;"SPRF-SC";"DEL01-SC";"UOP01-DEL01-SC"