"id";"data_inversa";"dia_semana";"horario";"uf";"br";"km";"municipio";"causa_acidente";"tipo_acidente";"classificacao_acidente";"fase_dia";"sentido_via";"condicao_metereologica";"tipo_pista";"tracado_via";"uso_solo";"pessoas";"mortos";"feridos_leves";"feridos_graves";"ilesos";"ignorados";"feridos";"veiculos";"latitude";"longitude";"regional";"delegacia";"uop"
537223;2023-07-21;"sexta-feira";"15:00:00";"MG";116;487;"INHAPIM";"Velocidade Incompatível";"Capotamento";"Com Vítimas Feridas";"Pleno dia";"Crescente";"Céu Claro";"Simples";"Curva";"Não";4;0;1;0;3;0;1;1;-19,45138982;-42,12752114;"SPRF-MG";"DEL06-MG";"UOP02-DEL06-MG"
537225;2023-07-21;"sexta-feira";"17:45:00";"BA";116;338;"TEOFILANDIA";"Ultrapassagem Indevida";"Colisão frontal";"Com Vítimas Feridas";"Anoitecer";"Decrescente";"Céu Claro";"Simples";"Reta";"Sim";3;0;1;0;2;0;1;2;-11,48453704;-38,99714283;"SPRF-BA";"DEL02-BA";"UOP01-DEL02-BA"
537226;2023-07-21;"sexta-feira";"14:45:00";"PR";373;390,8;"CANDOI";"Ausência de reação do condutor";"Saída de leito carroçável";"Com Vítimas Feridas";"Pleno dia";"Crescente";"Céu Claro";"Simples";"Reta;Declive";"Não";1;0;1;0;0;0;1;1;-25,52308917;-51,96941695;"SPRF-PR";"DEL08-PR";"UOP01-DEL08-PR"
537227;2023-07-21;"sexta-feira";"18:20:00";"SP";116;214;"GUARULHOS";"Ausência de reação do condutor";"Colisão com objeto";"Com Vítimas Feridas";"Plena Noite";"Crescente";"Céu Claro";"Dupla";"Reta";"Não";2;0;0;1;0;1;1;2;-23,44333014;-46,44531294;"SPRF-SP";"DEL01-SP";"UOP01-DEL01-SP"
537228;2023-07-21;"sexta-feira";"13:30:00";"GO";153;682;"ITUMBIARA";"Mal súbito do condutor";"Saída de leito carroçável";"Com Vítimas Feridas";"Pleno dia";"Crescente";"Céu Claro";"Dupla";"Aclive";"Não";1;0;1;0;0;0;1;1;-18,2401;-49,2569;"SPRF-GO";"DEL03-GO";"UOP02-DEL03-GO"
537229;2023-07-21;"sexta-feira";"18:05:00";"MG";459;84;"CONGONHAL";"Conversão proibida";"Colisão transversal";"Com Vítimas Feridas";"Plena Noite";"Crescente";"Céu Claro";"Simples";"Reta";"Sim";4;0;0;2;1;1;2;3;-22,153194;-46,06242;"SPRF-MG";"DEL09-MG";"UOP01-DEL09-MG"
537231;2023-07-21;"sexta-feira";"15:20:00";"MG";354;753,3;"ITAMONTE";"Acessar a via sem observar a presença dos outros veículos";"Colisão transversal";"Com Vítimas Feridas";"Pleno dia";"Crescente";"Sol";"Simples";"Reta";"Sim";4;0;1;0;1;2;1;3;-22,279899;-44,872615;"SPRF-MG";"DEL17-MG";"UOP01-DEL17-MG"
537233;2023-07-21;"sexta-feira";"18:00:00";"SP";116;105;"TAUBATE";"Reação tardia ou ineficiente do condutor";"Colisão traseira";"Com Vítimas Feridas";"Anoitecer";"Decrescente";"Céu Claro";"Dupla";"Reta";"Não";2;0;1;0;1;0;1;2;-23,00757973;-45,51466613;"SPRF-SP";"DEL02-SP";"UOP02-DEL02-SP"
537234;2023-07-21;"sexta-feira";"18:10:00";"SP";381;57;"MAIRIPORA";"Condutor deixou de manter distância do veículo da frente";"Colisão traseira";"Com Vítimas Feridas";"Anoitecer";"Crescente";"Céu Claro";"Dupla";"Aclive;Reta";"Sim";2;0;1;0;0;1;1;2;-23,27074694;-46,58454716;"SPRF-SP";"DEL03-SP";"UOP01-DEL03-SP"
537235;2023-07-21;"sexta-feira";"17:30:00";"MT";158;690;"BARRA DO GARCAS";"Ausência de reação do condutor";"Colisão traseira";"Com Vítimas Feridas";"Anoitecer";"Decrescente";"Céu Claro";"Simples";"Reta";"Não";2;0;1;0;1;0;1;2;-14,97538097;-52,26260183;"SPRF-MT";"DEL07-MT";"UOP01-DEL07-MT"
537236;2023-07-21;"sexta-feira";"17:20:00";"MG";116;412,1;"GOVERNADOR VALADARES";"Transitar no Acostamento";"Colisão lateral mesmo sentido";"Com Vítimas Feridas";"Anoitecer";"Crescente";"Céu Claro";"Dupla";"Reta";"Sim";2;0;1;0;1;0;1;2;-18,86882342;-41,97144241;"SPRF-MG";"DEL06-MG";"UOP01-DEL06-MG"
537237;2023-07-21;"sexta-feira";"18:20:00";"RS";386;343,3;"LAJEADO";"Reação tardia ou ineficiente do condutor";"Colisão transversal";"Com Vítimas Feridas";"Plena Noite";"Crescente";"Céu Claro";"Simples";"Em Obras;Reta";"Sim";3;0;2;0;1;0;2;2;-29,434835;-52,002365;"SPRF-RS";"DEL04-RS";"UOP01-DEL04-RS"
537238;2023-07-21;"sexta-feira";"18:10:00";"DF";70;11;"BRASILIA";"Trafegar com motocicleta (ou similar) entre as faixas";"Colisão lateral mesmo sentido";"Com Vítimas Feridas";"Plena Noite";"Crescente";"Céu Claro";"Dupla";"Reta";"Sim";3;0;1;0;2;0;1;2;-15,789762;-48,148727;"SPRF-DF";"DEL03-DF";"UOP02-DEL03-DF"
537239;2023-07-21;"sexta-feira";"18:00:00";"SC";101;87;"BARRA VELHA";"Acessar a via sem observar a presença dos outros veículos";"Colisão frontal";"Com Vítimas Feridas";"Anoitecer";"Decrescente";"Céu Claro";"Dupla";"Interseção de Vias;Reta";"Sim";3;0;0;1;2;0;1;2;-26,64057341;-48,69159937;"SPRF-SC";"DEL03-SC";"UOP02-DEL03-SC"
537240;2023-07-21;"sexta-feira";"16:30:00";"MG";116;763,9;"LEOPOLDINA";"Velocidade Incompatível";"Saída de leito carroçável";"Sem Vítimas";"Pleno dia";"Crescente";"Céu Claro";"Simples";"Curva";"Sim";1;0;0;0;1;0;0;1;-21,519997;-42,642001;"SPRF-MG";"DEL07-MG";"UOP01-DEL07-MG"
537242;2023-07-21;"sexta-feira";"16:45:00";"SC";101;40,4;"JOINVILLE";"Condutor deixou de manter distância do veículo da frente";"Colisão traseira";"Com Vítimas Feridas";"Pleno dia";"Crescente";"Nublado";"Dupla";"Aclive;Reta";"Sim";3;0;1;0;2;0;1;3;-26,27176094;-48,89468382;"SPRF-SC";"DEL03-SC";"UOP01-DEL03-SC"
537244;2023-07-21;"sexta-feira";"18:25:00";"SP";101;50,7;"UBATUBA";"Conversão proibida";"Colisão transversal";"Com Vítimas Feridas";"Plena Noite";"Crescente";"Nublado";"Simples";"Reta";"Sim";2;0;0;1;1;0;1;2;-23,45018939;-45,07743735;"SPRF-SP";"DEL06-SP";"UOP01-DEL06-SP"
537245;2023-07-21;"sexta-feira";"17:30:00";"MS";163;484;"CAMPO GRANDE";"Ingestão de álcool pelo condutor";"Tombamento";"Com Vítimas Feridas";"Plena Noite";"Crescente";"Céu Claro";"Simples";"Reta";"Sim";1;0;1;0;0;0;1;1;-20,45104898;-54,5403266;"SPRF-MS";"DEL01-MS";"UOP02-DEL01-MS"
537248;2023-07-21;"sexta-feira";"19:00:00";"SP";116;142;"SAO JOSE DOS CAMPOS";"Manobra de mudança de faixa";"Colisão traseira";"Com Vítimas Feridas";"Plena Noite";"Crescente";"Céu Claro";"Dupla";"Reta";"Sim";3;0;2;0;1;0;2;2;-23,17426078;-45,82940111;"SPRF-SP";"DEL02-SP";"UOP01-DEL02-SP"
537249;2023-07-21;"sexta-feira";"17:20:00";"RJ";116;255;"PINHEIRAL";"Ausência de reação do condutor";"Tombamento";"Com Vítimas Feridas";"Anoitecer";"Crescente";"Céu Claro";"Dupla";"Aclive;Reta";"Não";2;0;1;0;1;0;1;2;-22,58171235;-43,99533787;"SPRF-RJ";"DEL07-RJ";"UOP02-DEL07-RJ"
537250;2023-07-21;"sexta-feira";"17:15:00";"PR";369;147;"LONDRINA";"Entrada inopinada do pedestre";"Atropelamento de Pedestre";"Com Vítimas Feridas";"Pleno dia";"Crescente";"Céu Claro";"Dupla";"Reta";"Sim";2;0;1;0;1;0;1;2;-23,29293394;-51,14001632;"SPRF-PR";"DEL07-PR";"UOP01-DEL07-PR"
537251;2023-07-21;"sexta-feira";"18:40:00";"RJ";101;484;"ANGRA DOS REIS";"Acessar a via sem observar a presença dos outros veículos";"Colisão transversal";"Com Vítimas Feridas";"Plena Noite";"Crescente";"Céu Claro";"Simples";"Interseção de Vias;Aclive;Reta";"Sim";3;0;0;2;1;0;2;2;-22,99096308;-44,30429882;"SPRF-RJ";"DEL03-RJ";"UOP03-DEL03-RJ"
537252;2023-07-21;"sexta-feira";"17:20:00";"MT";364;566;"NOBRES";"Reação tardia ou ineficiente do condutor";"Colisão com objeto";"Com Vítimas Feridas";"Pleno dia";"Crescente";"Céu Claro";"Dupla";"Curva";"Não";1;0;1;0;0;0;1;1;-14,758127;-56,341124;"SPRF-MT";"DEL01-MT";"UOP01-DEL01-MT"
537254;2023-07-21;"sexta-feira";"18:30:00";"MG";381;884,6;"ESTIVA";"Acesso irregular";"Colisão transversal";"Com Vítimas Feridas";"Anoitecer";"Crescente";"Céu Claro";"Dupla";"Curva";"Não";3;0;1;0;2;0;1;3;-22,49648338;-46,01389325;"SPRF-MG";"DEL16-MG";"UOP03-DEL16-MG"
537255;2023-07-21;"sexta-feira";"17:43:00";"MG";381;452,9;"SABARA";"Transitar no Acostamento";"Colisão traseira";"Com Vítimas Feridas";"Anoitecer";"Crescente";"Nublado";"Simples";"Curva";"Sim";3;0;0;1;2;0;1;3;-19,84099768;-43,86162758;"SPRF-MG";"DEL01-MG";"UOP01-DEL01-MG"
537257;2023-07-21;"sexta-feira";"19:10:00";"SC";470;47;"BLUMENAU";"Conversão proibida";"Colisão lateral mesmo sentido";"Com Vítimas Feridas";"Plena Noite";"Crescente";"Nublado";"Simples";"Reta;Em Obras";"Sim";2;0;0;1;1;0;1;2;-26,864044;-49,046516;"SPRF-SC";"DEL04-SC";"UOP01-DEL04-SC"
537258;2023-07-21;"sexta-feira";"18:56:00";"PB";101;88;"JOAO PESSOA";"Reação tardia ou ineficiente do condutor";"Saída de leito carroçável";"Com Vítimas Feridas";"Plena Noite";"Crescente";"Céu Claro";"Simples";"Curva;Viaduto";"Sim";1;0;1;0;0;0;1;1;-7,16470016;-34,89993643;"SPRF-PB";"DEL01-PB";"UOP01-DEL01-PB"
537259;2023-07-21;"sexta-feira";"19:25:00";"PR";376;553,3;"PALMEIRA";"Ausência de reação do condutor";"Engavetamento";"Com Vítimas Feridas";"Plena Noite";"Crescente";"Ignorado";"Dupla";"Reta";"Não";11;0;1;0;10;0;1;3;-25,452234;-49,737548;"SPRF-PR";"DEL03-PR";"UOP03-DEL03-PR"
537260;2023-05-14;"domingo";"18:20:00";"PR";116;140,8;"MANDIRITUBA";"Reação tardia ou ineficiente do condutor";"Colisão lateral mesmo sentido";"Sem Vítimas";"Plena Noite";"Decrescente";"Céu Claro";"Dupla";"Reta";"Sim";6;0;0;0;6;0;0;2;-25,73749;-49,31762782;"SPRF-PR";"DEL01-PR";"UOP03-DEL01-PR"
537261;2023-07-21;"sexta-feira";"18:30:00";"SP";101;48,5;"UBATUBA";"Trafegar com motocicleta (ou similar) entre as faixas";"Tombamento";"Com Vítimas Feridas";"Plena Noite";"Crescente";"Nublado";"Simples";"Reta";"Sim";1;0;1;0;0;0;1;1;-23,43696329;-45,08768768;"SPRF-SP";"DEL06-SP";"UOP01-DEL06-SP"
537262;2023-07-21;"sexta-feira";"20:00:00";"MG";381;338;"NOVA ERA";"Ingestão de álcool pelo condutor";"Colisão com objeto";"Com Vítimas Feridas";"Plena Noite";"Crescente";"Nublado";"Simples";"Curva;Aclive";"Não";1;0;1;0;0;0;1;1;-19,79464867;-43,05499077;"SPRF-MG";"DEL03-MG";"UOP01-DEL03-MG"
537263;2023-07-21;"sexta-feira";"18:45:00";"PE";232;181;"BELO JARDIM";"Acesso irregular";"Colisão frontal";"Com Vítimas Feridas";"Plena Noite";"Decrescente";"Céu Claro";"Simples";"Reta";"Sim";2;0;1;0;1;0;1;2;-8,34627974;-36,43776285;"SPRF-PE";"DEL03-PE";"UOP02-DEL03-PE"
537264;2023-07-21;"sexta-feira";"20:30:00";"GO";40;9,1;"LUZIANIA";"Ingestão de álcool e/ou substâncias psicoativas pelo pedestre";"Atropelamento de Pedestre";"Com Vítimas Feridas";"Plena Noite";"Decrescente";"Céu Claro";"Dupla";"Reta";"Sim";2;0;0;2;0;0;2;2;-16,131158;-47,957739;"SPRF-DF";"DEL01-DF";"UOP01-DEL01-DF"
537265;2023-07-21;"sexta-feira";"16:15:00";"BA";116;799;"VITORIA DA CONQUISTA";"Chuva";"Saída de leito carroçável";"Com Vítimas Feridas";"Pleno dia";"Crescente";"Chuva";"Simples";"Reta";"Não";1;0;1;0;0;0;1;1;-14,70513312;-40,59188194;"SPRF-BA";"DEL08-BA";"UOP02-DEL08-BA"
537266;2023-07-21;"sexta-feira";"19:00:00";"SP";381;52;"ATIBAIA";"Trafegar com motocicleta (ou similar) entre as faixas";"Colisão traseira";"Com Vítimas Feridas";"Plena Noite";"Crescente";"Céu Claro";"Múltipla";"Curva;Aclive";"Não";5;0;3;0;2;0;3;4;-23,2300622;-46,59963076;"SPRF-SP";"DEL03-SP";"UOP01-DEL03-SP"
537267;2023-07-21;"sexta-feira";"20:40:00";"RJ";393;268,2;"BARRA DO PIRAI";"Acessar a via sem observar a presença dos outros veículos";"Colisão transversal";"Com Vítimas Feridas";"Plena Noite";"Decrescente";"Nublado";"Simples";"Aclive;Interseção de Vias;Reta";"Não";2;0;0;1;1;0;1;2;-22,48780458;-43,90932706;"SPRF-RJ";"DEL05-RJ";"UOP04-DEL05-RJ"
537268;2023-07-21;"sexta-feira";"20:00:00";"SC";280;50;"GUARAMIRIM";"Manobra de mudança de faixa";"Colisão lateral mesmo sentido";"Com Vítimas Feridas";"Plena Noite";"Decrescente";"Céu Claro";"Dupla";"Reta";"Sim";2;0;1;0;1;0;1;2;-26,4619489;-48,94618404;"SPRF-SC";"DEL03-SC";"UOP03-DEL03-SC"
537269;2023-07-21;"sexta-feira";"20:20:00";"RN";101;94;"NATAL";"Acessar a via sem observar a presença dos outros veículos";"Colisão traseira";"Com Vítimas Feridas";"Plena Noite";"Decrescente";"Nublado";"Dupla";"Reta";"Não";2;0;1;0;1;0;1;2;-5,83176615;-35,21191342;"SPRF-RN";"DEL01-RN";"UOP01-DEL01-RN"
537271;2023-07-21;"sexta-feira";"16:30:00";"CE";116;7;"FORTALEZA";"Ausência de reação do condutor";"Colisão traseira";"Sem Vítimas";"Pleno dia";"Decrescente";"Céu Claro";"Dupla";"Declive";"Sim";2;0;0;0;0;2;0;2;-3,81073099;-38,50074867;"SPRF-CE";"DEL01-CE";"UOP02-DEL01-CE"
537274;2023-07-21;"sexta-feira";"19:00:00";"PR";277;300;"PRUDENTOPOLIS";"Acessar a via sem observar a presença dos outros veículos";"Colisão transversal";"Com Vítimas Feridas";"Plena Noite";"Decrescente";"Céu Claro";"Simples";"Reta;Retorno Regulamentado";"Não";8;0;3;1;2;2;4;2;-25,300724;-51,148171;"SPRF-PR";"DEL08-PR";"UOP01-DEL08-PR"
537275;2023-07-21;"sexta-feira";"19:45:00";"RS";116;394;"CAMAQUA";"Pedestre cruzava a pista fora da faixa";"Atropelamento de Pedestre";"Com Vítimas Fatais";"Plena Noite";"Decrescente";"Céu Claro";"Dupla";"Reta";"Sim";3;1;0;0;0;2;0;2;-30,84497914;-51,75687894;"SPRF-RS";"DEL02-RS";"UOP02-DEL02-RS"
537276;2023-07-21;"sexta-feira";"18:10:00";"SC";101;331,6;"TUBARAO";"Desrespeitar a preferência no cruzamento";"Tombamento";"Com Vítimas Feridas";"Plena Noite";"Crescente";"Céu Claro";"Simples";"Rotatória";"Não";3;0;1;0;0;2;1;3;-28,46567318;-48,99627686;"SPRF-SC";"DEL02-SC";"UOP01-DEL02-SC"
537277;2023-07-21;"sexta-feira";"21:30:00";"SC";101;208;"SAO JOSE";"Velocidade Incompatível";"Colisão traseira";"Com Vítimas Feridas";"Plena Noite";"Decrescente";"Nublado";"Múltipla";"Aclive;Reta";"Sim";2;0;1;0;1;0;1;2;-27,60327979;-48,63201818;"SPRF-SC";"DEL01-SC";"UOP01-DEL01-SC"
537278;2023-07-21;"sexta-feira";"19:50:00";"RN";406;161;"CEARA-MIRIM";"Ingestão de álcool e/ou substâncias psicoativas pelo pedestre";"Atropelamento de Pedestre";"Com Vítimas Fatais";"Plena Noite";"Crescente";"Céu Claro";"Simples";"Reta";"Não";3;1;2;0;0;0;2;2;-5,7400899;-35,40708214;"SPRF-RN";"DEL02-RN";"UOP01-DEL02-RN"
537279;2023-07-21;"sexta-feira";"21:20:00";"MG";381;477,9;"CONTAGEM";"Ausência de reação do condutor";"Colisão com objeto";"Com Vítimas Feridas";"Plena Noite";"Crescente";"Céu Claro";"Dupla";"Declive;Reta";"Sim";1;0;1;0;0;0;1;1;-19,96179268;-44,05041676;"SPRF-MG";"DEL01-MG";"UOP03-DEL01-MG"
537281;2023-07-21;"sexta-feira";"20:30:00";"DF";60;3;"BRASILIA";"Reação tardia ou ineficiente do condutor";"Colisão lateral mesmo sentido";"Com Vítimas Feridas";"Plena Noite";"Crescente";"Céu Claro";"Dupla";"Reta";"Sim";5;0;1;0;4;0;1;2;-15,890521;-48,086864;"SPRF-DF";"DEL03-DF";"UOP01-DEL03-DF"
537283;2023-07-21;"sexta-feira";"17:40:00";"SC";280;48,7;"GUARAMIRIM";"Acessar a via sem observar a presença dos outros veículos";"Colisão transversal";"Com Vítimas Feridas";"Plena Noite";"Crescente";"Nublado";"Simples";"Reta;Aclive";"Não";2;0;0;1;1;0;1;2;-26,4552055;-48,92855644;"SPRF-SC";"DEL03-SC";"UOP03-DEL03-SC"
537284;2023-07-21;"sexta-feira";"20:45:00";"SC";101;250;"PAULO LOPES";"Ingestão de álcool pelo condutor";"Saída de leito carroçável";"Sem Vítimas";"Plena Noite";"Decrescente";"Céu Claro";"Dupla";"Reta";"Não";1;0;0;0;1;0;0;1;-27,94327981;-48,66744876;"SPRF-SC";"DEL02-SC";"UOP03-DEL02-SC"
537285;2023-07-21;"sexta-feira";"19:35:00";"SC";163;80,6;"GUARACIABA";"Reação tardia ou ineficiente do condutor";"Colisão frontal";"Com Vítimas Fatais";"Plena Noite";"Crescente";"Céu Claro";"Simples";"Aclive;Reta";"Não";3;1;0;2;0;0;2;2;-26,64451095;-53,51894485;"SPRF-SC";"DEL07-SC";"UOP03-DEL07-SC"
537287;2023-07-21;"sexta-feira";"18:00:00";"PR";376;537;"PALMEIRA";"Ausência de reação do condutor";"Saída de leito carroçável";"Com Vítimas Feridas";"Anoitecer";"Decrescente";"Nublado";"Dupla";"Reta";"Não";2;0;2;0;0;0;2;1;-25,33650152;-49,85286713;"SPRF-PR";"DEL03-PR";"UOP03-DEL03-PR"
537288;2023-07-21;"sexta-feira";"21:20:00";"RO";364;970;"PORTO VELHO";"Ausência de reação do condutor";"Colisão traseira";"Com Vítimas Fatais";"Plena Noite";"Decrescente";"Céu Claro";"Simples";"Reta";"Não";2;1;1;0;0;0;1;2;-9,685025;-65,95159;"SPRF-RO";"DEL01-RO";"UOP03-DEL01-RO"
537289;2023-07-21;"sexta-feira";"21:00:00";"PR";277;594,5;"CASCAVEL";"Deficiência do Sistema de Iluminação/Sinalização";"Colisão transversal";"Com Vítimas Feridas";"Plena Noite";"Decrescente";"Céu Claro";"Simples";"Reta";"Sim";3;0;0;1;1;1;1;3;-24,9794792;-53,49232599;"SPRF-PR";"DEL04-PR";"UOP01-DEL04-PR"
537290;2023-07-21;"sexta-feira";"22:30:00";"SP";116;219;"GUARULHOS";"Condutor deixou de manter distância do veículo da frente";"Colisão lateral mesmo sentido";"Com Vítimas Feridas";"Plena Noite";"Decrescente";"Céu Claro";"Múltipla";"Reta";"Não";3;0;0;1;2;0;1;2;-23,46143954;-46,48885316;"SPRF-SP";"DEL01-SP";"UOP01-DEL01-SP"
537293;2023-07-21;"sexta-feira";"22:00:00";"PR";116;26,8;"CAMPINA GRANDE DO SUL";"Reação tardia ou ineficiente do condutor";"Saída de leito carroçável";"Com Vítimas Feridas";"Plena Noite";"Crescente";"Garoa/Chuvisco";"Dupla";"Reta";"Não";5;0;1;0;4;0;1;1;-25,10785527;-48,79257381;"SPRF-PR";"DEL01-PR";"UOP02-DEL01-PR"
537294;2023-07-21;"sexta-feira";"17:50:00";"MG";50;72;"UBERLANDIA";"Afundamento ou ondulação no pavimento";"Tombamento";"Com Vítimas Feridas";"Anoitecer";"Crescente";"Céu Claro";"Dupla";"Reta";"Sim";1;0;0;1;0;0;1;1;-18,85140204;-48,25345932;"SPRF-MG";"DEL15-MG";"UOP01-DEL15-MG"
537296;2023-07-21;"sexta-feira";"17:00:00";"PR";277;287;"PRUDENTOPOLIS";"Objeto estático sobre o leito carroçável";"Colisão com objeto";"Com Vítimas Fatais";"Pleno dia";"Crescente";"Nublado";"Simples";"Aclive;Reta";"Não";3;1;0;2;0;0;2;1;-25,319581;-51,034221;"SPRF-PR";"DEL08-PR";"UOP02-DEL08-PR"
537299;2023-07-21;"sexta-feira";"18:00:00";"MG";381;251,1;"SANTANA DO PARAISO";"Acesso irregular";"Colisão transversal";"Com Vítimas Feridas";"Plena Noite";"Crescente";"Nublado";"Simples";"Reta";"Sim";3;0;0;2;1;0;2;2;-19,48994405;-42,56156695;"SPRF-MG";"DEL06-MG";"UOP01-DEL06-MG"
537301;2023-07-21;"sexta-feira";"22:45:00";"PR";376;168;"MARINGA";"Faróis desregulados";"Colisão traseira";"Com Vítimas Feridas";"Plena Noite";"Decrescente";"Céu Claro";"Dupla";"Reta";"Não";2;0;1;0;0;1;1;2;-23,39853;-52,00257;"SPRF-PR";"DEL09-PR";"UOP01-DEL09-PR"
537302;2023-07-21;"sexta-feira";"22:40:00";"BA";101;508;"ITABUNA";"Condutor deixou de manter distância do veículo da frente";"Colisão traseira";"Sem Vítimas";"Pleno dia";"Decrescente";"Chuva";"Simples";"Declive";"Não";6;0;0;0;6;0;0;2;-14,97000197;-39,31996203;"SPRF-BA";"DEL05-BA";"UOP01-DEL05-BA"
537304;2023-07-21;"sexta-feira";"22:34:00";"RO";364;197,9;"PIMENTA BUENO";"Acessar a via sem observar a presença dos outros veículos";"Tombamento";"Com Vítimas Feridas";"Pleno dia";"Decrescente";"Céu Claro";"Simples";"Interseção de Vias;Reta";"Sim";2;0;1;0;1;0;1;2;-11,670537;-61,191596;"SPRF-RO";"DEL02-RO";"UOP02-DEL02-RO"
537305;2023-07-21;"sexta-feira";"23:00:00";"SC";470;58;"BLUMENAU";"Ingestão de álcool pelo condutor";"Colisão transversal";"Sem Vítimas";"Plena Noite";"Crescente";"Garoa/Chuvisco";"Simples";"Em Obras";"Não";2;0;0;0;2;0;0;2;-26,883879;-49,145622;"SPRF-SC";"DEL04-SC";"UOP01-DEL04-SC"
537306;2023-07-21;"sexta-feira";"20:50:00";"PR";376;391,3;"IMBAU";"Reação tardia ou ineficiente do condutor";"Colisão com objeto";"Sem Vítimas";"Plena Noite";"Decrescente";"Céu Claro";"Dupla";"Curva;Declive";"Não";1;0;0;0;1;0;0;1;-24,486959;-50,733226;"SPRF-PR";"DEL03-PR";"UOP02-DEL03-PR"
537308;2023-07-21;"sexta-feira";"22:10:00";"MG";354;732,4;"POUSO ALTO";"Avarias e/ou desgaste excessivo no pneu";"Saída de leito carroçável";"Com Vítimas Feridas";"Plena Noite";"Decrescente";"Céu Claro";"Simples";"Curva";"Não";3;0;2;0;1;0;2;1;-22,17502858;-44,97005105;"SPRF-MG";"DEL17-MG";"UOP01-DEL17-MG"
537310;2023-07-21;"sexta-feira";"23:10:00";"SE";101;89;"NOSSA SENHORA DO SOCORRO";"Animais na Pista";"Atropelamento de Animal";"Sem Vítimas";"Plena Noite";"Crescente";"Céu Claro";"Dupla";"Reta";"Sim";1;0;0;0;1;0;0;1;-10,88051024;-37,13355535;"SPRF-SE";"DEL01-SE";"UOP01-DEL01-SE"
537315;2023-07-22;"sábado";"00:30:00";"PE";232;110;"BEZERROS";"Ausência de sinalização";"Saída de leito carroçável";"Com Vítimas Feridas";"Plena Noite";"Crescente";"Chuva";"Dupla";"Curva;Retorno Regulamentado";"Não";2;0;1;1;0;0;2;1;-8,286734;-35,818229;"SPRF-PE";"DEL02-PE";"UOP02-DEL02PE"
537316;2023-07-22;"sábado";"00:30:00";"GO";70;2;"AGUAS LINDAS DE GOIAS";"Ingestão de álcool pelo condutor";"Colisão traseira";"Sem Vítimas";"Plena Noite";"Crescente";"Céu Claro";"Múltipla";"Reta";"Não";2;0;0;0;2;0;0;2;-15,767021;-48,229945;"SPRF-DF";"DEL03-DF";"UOP02-DEL03-DF"
537317;2023-07-22;"sábado";"01:00:00";"PR";116;116;"CURITIBA";"Ausência de reação do condutor";"Colisão lateral mesmo sentido";"Com Vítimas Feridas";"Anoitecer";"Crescente";"Céu Claro";"Dupla";"Reta";"Sim";2;0;0;1;1;0;1;2;-25,55468195;-49,27402397;"SPRF-PR";"DEL01-PR";"UOP03-DEL01-PR"
537318;2023-07-21;"sexta-feira";"18:10:00";"PB";230;251;"JUAZEIRINHO";"Reação tardia ou ineficiente do condutor";"Colisão lateral mesmo sentido";"Com Vítimas Feridas";"Plena Noite";"Crescente";"Céu Claro";"Simples";"Declive";"Não";5;0;0;1;4;0;1;2;-7,055;-36,6541;"SPRF-PB";"DEL03-PB";"UOP01-DEL03-PB"
537319;2023-07-22;"sábado";"01:30:00";"PR";376;174,4;"MARINGA";"Ausência de reação do condutor";"Saída de leito carroçável";"Com Vítimas Feridas";"Plena Noite";"Decrescente";"Céu Claro";"Dupla";"Reta";"Sim";1;0;1;0;0;0;1;1;-23,41430102;-51,94984299;"SPRF-PR";"DEL09-PR";"UOP01-DEL09-PR"
537321;2023-07-22;"sábado";"01:15:00";"SC";101;339,9;"TUBARAO";"Ingestão de álcool pelo condutor";"Colisão com objeto";"Com Vítimas Feridas";"Plena Noite";"Crescente";"Céu Claro";"Dupla";"Reta";"Sim";2;0;1;0;0;1;1;2;-28,51093588;-49,0512085;"SPRF-SC";"DEL02-SC";"UOP01-DEL02-SC"
537325;2023-07-22;"sábado";"02:30:00";"SC";101;157,7;"PORTO BELO";"Ingestão de álcool pelo condutor";"Colisão com objeto";"Sem Vítimas";"Plena Noite";"Decrescente";"Chuva";"Dupla";"Reta";"Sim";1;0;0;0;0;1;0;1;-27,181625;-48,6121179;"SPRF-SC";"DEL04-SC";"UOP03-DEL04-SC"
537326;2023-07-22;"sábado";"04:40:00";"RJ";356;152;"CAMPOS DOS GOYTACAZES";"Animais na Pista";"Atropelamento de Animal";"Com Vítimas Feridas";"Amanhecer";"Crescente";"Nublado";"Simples";"Curva";"Não";3;0;2;0;1;0;2;1;-21,75886106;-41,25301796;"SPRF-RJ";"DEL08-RJ";"UOP02-DEL08-RJ"
537327;2023-07-22;"sábado";"05:20:00";"SC";101;214;"PALHOCA";"Ingestão de álcool pelo condutor";"Colisão com objeto";"Com Vítimas Feridas";"Amanhecer";"Decrescente";"Chuva";"Múltipla";"Reta";"Não";3;0;3;0;0;0;3;1;-27,64443;-48,67057;"SPRF-SC";"DEL01-SC";"UOP02-DEL01-SC"
537328;2023-07-22;"sábado";"05:15:00";"SC";101;421;"ARARANGUA";"Ingestão de álcool pelo condutor";"Saída de leito carroçável";"Sem Vítimas";"Plena Noite";"Decrescente";"Céu Claro";"Simples";"Reta";"Não";1;0;0;0;1;0;0;1;-29,00048611;-49,5576719;"SPRF-SC";"DEL02-SC";"UOP02-DEL02-SC"