"id";"data_inversa";"dia_semana";"horario";"uf";"br";"km";"municipio";"causa_acidente";"tipo_acidente";"classificacao_acidente";"fase_dia";"sentido_via";"condicao_metereologica";"tipo_pista";"tracado_via";"uso_solo";"pessoas";"mortos";"feridos_leves";"feridos_graves";"ilesos";"ignorados";"feridos";"veiculos";"latitude";"longitude";"regional";"delegacia";"uop"
537535;2023-07-22;"sábado";"22:30:00";"MA";135;12;"SAO LUIS";"Ausência de reação do condutor";"Colisão transversal";"Sem Vítimas";"Plena Noite";"Crescente";"Céu Claro";"Dupla";"Declive;Reta";"Sim";1;0;0;0;0;1;0;1;-2,67223553;-44,29173767;"SPRF-MA";"DEL01-MA";"UOP01-DEL01-MA"
537537;2023-07-22;"sábado";"23:10:00";"PR";277;726,8;"FOZ DO IGUACU";"Velocidade Incompatível";"Saída de leito carroçável";"Sem Vítimas";"Plena Noite";"Decrescente";"Céu Claro";"Dupla";"Reta";"Sim";1;0;0;0;0;1;0;1;-25,5106015;-54,55481999;"SPRF-PR";"DEL05-PR";"UOP03-DEL05-PR"
537538;2023-07-22;"sábado";"23:15:00";"RS";392;5,5;"RIO GRANDE";"Reação tardia ou ineficiente do condutor";"Saída de leito carroçável";"Com Vítimas Feridas";"Plena Noite";"Crescente";"Céu Claro";"Simples";"Reta";"Não";3;0;3;0;0;0;3;1;-32,07687877;-52,10166627;"SPRF-RS";"DEL07-RS";"UOP02-DEL07-RS"
537539;2023-07-23;"domingo";"00:35:00";"SC";101;215,8;"PALHOCA";"Condutor deixou de manter distância do veículo da frente";"Colisão traseira";"Com Vítimas Feridas";"Plena Noite";"Crescente";"Céu Claro";"Dupla";"Reta";"Sim";3;0;1;0;1;1;1;3;-27,65184843;-48,67604941;"SPRF-SC";"DEL01-SC";"UOP02-DEL01-SC"
537541;2023-07-22;"sábado";"22:35:00";"MG";381;482,5;"BETIM";"Pedestre cruzava a pista fora da faixa";"Atropelamento de Pedestre";"Com Vítimas Fatais";"Plena Noite";"Crescente";"Céu Claro";"Dupla";"Curva";"Sim";3;1;1;0;1;0;1;3;-19,955532;-44,097209;"SPRF-MG";"DEL01-MG";"UOP03-DEL01-MG"
537542;2023-07-23;"domingo";"01:04:00";"MG";365;757;"ITUIUTABA";"Ausência de reação do condutor";"Colisão com objeto";"Com Vítimas Feridas";"Plena Noite";"Crescente";"Nublado";"Simples";"Reta";"Sim";1;0;1;0;0;0;1;1;-18,96358968;-49,4773831;"SPRF-MG";"DEL15-MG";"UOP03-DEL15-MG"
537544;2023-07-23;"domingo";"01:00:00";"SC";101;149;"ITAPEMA";"Ingestão de álcool pelo condutor";"Capotamento";"Com Vítimas Feridas";"Plena Noite";"Decrescente";"Nublado";"Múltipla";"Retorno Regulamentado";"Sim";3;0;2;0;0;1;2;1;-27,1089649;-48,61277586;"SPRF-SC";"DEL04-SC";"UOP03-DEL04-SC"
537545;2023-07-23;"domingo";"00:10:00";"PI";316;13,5;"TERESINA";"Reação tardia ou ineficiente do condutor";"Saída de leito carroçável";"Com Vítimas Feridas";"Plena Noite";"Crescente";"Céu Claro";"Múltipla";"Curva;Retorno Regulamentado";"Sim";1;0;1;0;0;0;1;1;-5,2096314;-42,75526995;"SPRF-PI";"DEL01-PI";"UOP02-DEL01-PI"
537546;2023-07-23;"domingo";"01:45:00";"SC";101;213,3;"PALHOCA";"Reação tardia ou ineficiente do condutor";"Tombamento";"Com Vítimas Feridas";"Plena Noite";"Decrescente";"Céu Claro";"Múltipla";"Viaduto";"Sim";2;0;0;2;0;0;2;1;-27,63697369;-48,66514142;"SPRF-SC";"DEL01-SC";"UOP02-DEL01-SC"
537547;2023-07-23;"domingo";"01:05:00";"SC";116;10,4;"MAFRA";"Transitar na contramão";"Colisão frontal";"Com Vítimas Feridas";"Plena Noite";"Crescente";"Nevoeiro/Neblina";"Simples";"Declive;Curva";"Não";6;0;2;2;2;0;4;2;-26,16829411;-49,85476074;"SPRF-SC";"DEL06-SC";"UOP01-DEL06-SC"
537548;2023-07-23;"domingo";"00:50:00";"PA";230;119;"MARABA";"Transitar na contramão";"Colisão frontal";"Com Vítimas Feridas";"Plena Noite";"Crescente";"Céu Claro";"Dupla";"Curva";"Sim";3;0;0;3;0;0;3;2;-5,35121403;-49,12021637;"SPRF-PA";"DEL03-PA";"UOP01-DEL03-PA"
537549;2023-07-23;"domingo";"02:25:00";"BA";324;577;"SAO SEBASTIAO DO PASSE";"Velocidade Incompatível";"Colisão traseira";"Com Vítimas Feridas";"Plena Noite";"Crescente";"Céu Claro";"Dupla";"Reta";"Não";2;0;1;0;1;0;1;1;-12,58364429;-38,53073221;"SPRF-BA";"DEL01-BA";"UOP01-DEL01-BA"
537550;2023-07-22;"sábado";"19:50:00";"PI";316;72;"MONSENHOR GIL";"Restrição de visibilidade em curvas horizontais";"Saída de leito carroçável";"Com Vítimas Feridas";"Plena Noite";"Crescente";"Céu Claro";"Simples";"Curva";"Não";3;0;3;0;0;0;3;1;-5,67458801;-42,59603009;"SPRF-PI";"DEL01-PI";"UOP02-DEL01-PI"
537551;2023-07-23;"domingo";"01:40:00";"RJ";101;485;"ANGRA DOS REIS";"Velocidade Incompatível";"Tombamento";"Com Vítimas Feridas";"Plena Noite";"Crescente";"Nublado";"Simples";"Curva";"Não";2;0;0;2;0;0;2;1;-22,986109;-44,297889;"SPRF-RJ";"DEL03-RJ";"UOP03-DEL03-RJ"
537553;2023-07-23;"domingo";"03:10:00";"PI";135;227;"COLONIA DO GURGUEIA";"Ausência de reação do condutor";"Tombamento";"Com Vítimas Fatais";"Plena Noite";"Crescente";"Céu Claro";"Simples";"Interseção de Vias;Reta";"Não";1;1;0;0;0;0;0;1;-8,17035828;-43,78972476;"SPRF-PI";"DEL03-PI";"UOP02-DEL03-PI"
537555;2023-07-23;"domingo";"02:45:00";"PR";369;79;"SANTA MARIANA";"Ausência de reação do condutor";"Saída de leito carroçável";"Com Vítimas Fatais";"Plena Noite";"Crescente";"Céu Claro";"Simples";"Reta";"Não";1;1;0;0;0;0;0;1;-23,145794;-50,57081;"SPRF-PR";"DEL07-PR";"UOP05-DEL07-PR"
537556;2023-07-23;"domingo";"01:14:00";"RO";364;381;"OURO PRETO DO OESTE";"Animais na Pista";"Atropelamento de Animal";"Com Vítimas Feridas";"Plena Noite";"Decrescente";"Céu Claro";"Simples";"Curva";"Não";1;0;0;1;0;0;1;1;-10,7284284;-62,2301857;"SPRF-RO";"DEL02-RO";"UOP01-DEL02-RO"
537557;2023-07-23;"domingo";"03:40:00";"MG";381;486;"BETIM";"Condutor Dormindo";"Capotamento";"Com Vítimas Feridas";"Plena Noite";"Decrescente";"Céu Claro";"Dupla";"Curva;Aclive";"Não";2;0;2;0;0;0;2;1;-19,95644414;-44,13611598;"SPRF-MG";"DEL01-MG";"UOP03-DEL01-MG"
537559;2023-07-23;"domingo";"04:15:00";"RS";116;295;"GUAIBA";"Reação tardia ou ineficiente do condutor";"Saída de leito carroçável";"Sem Vítimas";"Plena Noite";"Decrescente";"Céu Claro";"Dupla";"Reta";"Não";4;0;0;0;4;0;0;1;-30,07969402;-51,34154882;"SPRF-RS";"DEL02-RS";"UOP01-DEL02-RS"
537561;2023-07-23;"domingo";"04:00:00";"RS";287;265,9;"SAO PEDRO DO SUL";"Ingestão de álcool pelo condutor";"Colisão frontal";"Com Vítimas Feridas";"Plena Noite";"Crescente";"Céu Claro";"Simples";"Reta";"Não";6;0;4;1;1;0;5;2;-29,67067223;-54,02245802;"SPRF-RS";"DEL09-RS";"UOP01-DEL09-RS"
537563;2023-07-23;"domingo";"03:45:00";"PR";116;99;"SAO JOSE DOS PINHAIS";"Velocidade Incompatível";"Colisão com objeto";"Sem Vítimas";"Pleno dia";"Crescente";"Céu Claro";"Dupla";"Reta";"Não";1;0;0;0;1;0;0;1;-25,52682231;-49,14038767;"SPRF-PR";"DEL01-PR";"UOP07-DEL01-PR"
537565;2023-07-23;"domingo";"04:00:00";"MS";163;281;"DOURADOS";"Ingestão de álcool pelo condutor";"Saída de leito carroçável";"Sem Vítimas";"Plena Noite";"Crescente";"Céu Claro";"Simples";"Reta";"Não";1;0;0;0;1;0;0;1;-22,13222947;-54,61222966;"SPRF-MS";"DEL04-MS";"UOP01-DEL04-MS"
537567;2023-07-23;"domingo";"04:30:00";"RS";158;107,8;"PALMEIRA DAS MISSOES";"Ausência de reação do condutor";"Saída de leito carroçável";"Com Vítimas Feridas";"Plena Noite";"Crescente";"Céu Claro";"Simples";"Reta";"Não";1;0;1;0;0;0;1;1;-27,961908;-53,323465;"SPRF-RS";"DEL08-RS";"UOP01-DEL08-RS"
537568;2023-07-23;"domingo";"05:00:00";"RS";293;442,8;"QUARAI";"Transitar na calçada";"Saída de leito carroçável";"Com Vítimas Fatais";"Plena Noite";"Crescente";"Nublado";"Simples";"Interseção de Vias";"Sim";2;1;0;0;0;1;0;2;-30,38537695;-56,43797457;"SPRF-RS";"DEL11-RS";"UOP01-DEL11-RS"
537569;2023-07-23;"domingo";"05:10:00";"MG";40;417,5;"CURVELO";"Ultrapassagem Indevida";"Saída de leito carroçável";"Com Vítimas Feridas";"Plena Noite";"Crescente";"Céu Claro";"Simples";"Declive;Curva";"Não";4;0;2;2;0;0;4;1;-19,158582;-44,588448;"SPRF-MG";"DEL02-MG";"UOP01-DEL02-MG"
537570;2023-07-23;"domingo";"04:10:00";"PR";467;83,8;"CASCAVEL";"Pedestre andava na pista";"Atropelamento de Pedestre";"Com Vítimas Fatais";"Plena Noite";"Decrescente";"Céu Claro";"Dupla";"Reta";"Não";2;1;0;0;1;0;0;2;-24,8125;-53,6653;"SPRF-PR";"DEL04-PR";"UOP01-DEL04-PR"
537571;2023-07-23;"domingo";"05:30:00";"MG";40;692,2;"ALFREDO VASCONCELOS";"Condutor Dormindo";"Colisão frontal";"Com Vítimas Feridas";"Amanhecer";"Decrescente";"Nevoeiro/Neblina";"Simples";"Reta";"Não";3;0;0;1;2;0;1;2;-21,141007;-43,766352;"SPRF-MG";"DEL05-MG";"UOP02-DEL05-MG"
537572;2023-07-23;"domingo";"04:35:00";"RN";304;114,1;"ACU";"Pedestre andava na pista";"Atropelamento de Pedestre";"Com Vítimas Fatais";"Plena Noite";"Crescente";"Céu Claro";"Simples";"Reta";"Não";2;1;0;0;0;1;0;2;-5,60985893;-36,90493696;"SPRF-RN";"DEL04-RN";"UOP01-DEL04-RN"
537573;2023-07-23;"domingo";"06:00:00";"SP";116;210,8;"GUARULHOS";"Ausência de reação do condutor";"Colisão traseira";"Com Vítimas Feridas";"Amanhecer";"Crescente";"Céu Claro";"Múltipla";"Reta";"Sim";2;0;1;0;1;0;1;2;-23,42870023;-46,41085991;"SPRF-SP";"DEL01-SP";"UOP01-DEL01-SP"
537574;2023-07-15;"sábado";"06:50:00";"MS";463;33;"PONTA PORA";"Velocidade Incompatível";"Saída de leito carroçável";"Sem Vítimas";"Pleno dia";"Decrescente";"Céu Claro";"Simples";"Rotatória";"Não";1;0;0;0;0;1;0;1;-22,302108;-55,101335;"SPRF-MS";"DEL04-MS";"UOP03-DEL04-MS"
537575;2023-07-23;"domingo";"05:10:00";"SP";116;121,9;"CACAPAVA";"Reação tardia ou ineficiente do condutor";"Colisão com objeto";"Com Vítimas Feridas";"Amanhecer";"Crescente";"Céu Claro";"Dupla";"Reta";"Não";1;0;1;0;0;0;1;1;-23,07631169;-45,65337222;"SPRF-SP";"DEL02-SP";"UOP02-DEL02-SP"
537576;2023-07-23;"domingo";"01:35:00";"RJ";101;49;"CAMPOS DOS GOYTACAZES";"Transitar no Acostamento";"Colisão frontal";"Com Vítimas Feridas";"Plena Noite";"Crescente";"Garoa/Chuvisco";"Simples";"Reta";"Não";2;0;0;1;0;1;1;2;-21,62508006;-41,31411242;"SPRF-RJ";"DEL08-RJ";"UOP01-DEL08-RJ"
537577;2023-07-23;"domingo";"04:10:00";"MA";135;65;"SANTA RITA";"Reação tardia ou ineficiente do condutor";"Capotamento";"Com Vítimas Fatais";"Plena Noite";"Crescente";"Céu Claro";"Dupla";"Reta";"Não";1;1;0;0;0;0;0;1;-3,09675002;-44,3220647;"SPRF-MA";"DEL01-MA";"UOP02-DEL01-MA"
537578;2023-07-23;"domingo";"02:53:00";"RJ";101;407;"ITAGUAI";"Ausência de reação do condutor";"Queda de ocupante de veículo";"Com Vítimas Feridas";"Plena Noite";"Decrescente";"Céu Claro";"Dupla";"Reta";"Sim";2;0;2;0;0;0;2;1;-22,87672058;-43,81631971;"SPRF-RJ";"DEL03-RJ";"UOP01-DEL03-RJ"
537579;2023-05-03;"quarta-feira";"07:55:00";"BA";235;337;"JUAZEIRO";"Condutor deixou de manter distância do veículo da frente";"Colisão transversal";"Com Vítimas Feridas";"Pleno dia";"Decrescente";"Céu Claro";"Múltipla";"Retorno Regulamentado";"Sim";2;0;0;1;1;0;1;2;-9,45395957;-40,40522212;"SPRF-BA";"DEL07-BA";"UOP01-DEL07-BA"
537580;2023-07-23;"domingo";"03:00:00";"CE";116;316,4;"JAGUARIBE";"Manobra de mudança de faixa";"Tombamento";"Com Vítimas Feridas";"Plena Noite";"Decrescente";"Céu Claro";"Simples";"Reta;Declive";"Não";1;0;0;1;0;0;1;1;-5,95498996;-38,63091758;"SPRF-CE";"DEL05-CE";"UOP02-DEL05-CE"
537581;2023-07-23;"domingo";"05:50:00";"RS";153;12;"SEVERIANO DE ALMEIDA";"Ingestão de álcool pelo condutor";"Colisão lateral sentido oposto";"Com Vítimas Feridas";"Plena Noite";"Crescente";"Céu Claro";"Simples";"Curva;Declive";"Não";4;0;1;0;3;0;1;2;-27,42629585;-52,05720787;"SPRF-RS";"DEL08-RS";"UOP04-DEL08-RS"
537584;2023-07-23;"domingo";"07:10:00";"ES";101;145;"LINHARES";"Ausência de reação do condutor";"Colisão lateral mesmo sentido";"Com Vítimas Feridas";"Pleno dia";"Decrescente";"Chuva";"Dupla";"Reta";"Sim";3;0;0;1;2;0;1;3;-19,36089598;-40,06464018;"SPRF-ES";"DEL04-ES";"UOP01-DEL04-ES"
537585;2023-07-22;"sábado";"19:05:00";"BA";407;0,6;"JUAZEIRO";"Ingestão de álcool e/ou substâncias psicoativas pelo pedestre";"Atropelamento de Pedestre";"Com Vítimas Feridas";"Plena Noite";"Decrescente";"Céu Claro";"Simples";"Reta";"Sim";2;0;0;1;0;1;1;2;-9,409546;-40,505337;"SPRF-PE";"DEL06-PE";"UOP01-DEL06-PE"
537586;2023-07-23;"domingo";"07:00:00";"RS";116;605;"ARROIO GRANDE";"Ausência de reação do condutor";"Colisão traseira";"Sem Vítimas";"Pleno dia";"Crescente";"Nublado";"Simples";"Aclive;Reta";"Não";2;0;0;0;2;0;0;2;-32,2054227;-53,0223903;"SPRF-RS";"DEL07-RS";"UOP03-DEL07-RS"
537589;2023-07-23;"domingo";"06:15:00";"SC";101;280;"IMBITUBA";"Ingestão de álcool pelo condutor";"Colisão com objeto";"Com Vítimas Feridas";"Pleno dia";"Decrescente";"Céu Claro";"Dupla";"Reta";"Não";1;0;1;0;0;0;1;1;-28,17962805;-48,6956297;"SPRF-SC";"DEL02-SC";"UOP03-DEL02-SC"
537590;2023-07-23;"domingo";"06:00:00";"GO";60;65,8;"ABADIANIA";"Reação tardia ou ineficiente do condutor";"Saída de leito carroçável";"Com Vítimas Fatais";"Amanhecer";"Decrescente";"Céu Claro";"Dupla";"Reta";"Não";7;1;2;1;3;0;3;1;-16,2058;-48,7409;"SPRF-GO";"DEL02-GO";"UOP01-DEL02-GO"
537591;2023-07-22;"sábado";"23:35:00";"RN";101;115;"SAO JOSE DE MIPIBU";"Reação tardia ou ineficiente do condutor";"Saída de leito carroçável";"Com Vítimas Feridas";"Plena Noite";"Crescente";"Céu Claro";"Dupla";"Reta";"Não";2;0;1;0;1;0;1;1;-5,99054122;-35,26410699;"SPRF-RN";"DEL01-RN";"UOP01-DEL01-RN"
537592;2023-07-23;"domingo";"02:00:00";"MT";364;564,4;"NOBRES";"Conversão proibida";"Colisão frontal";"Com Vítimas Feridas";"Plena Noite";"Crescente";"Nublado";"Dupla";"Curva";"Não";3;0;0;3;0;0;3;2;-14,76958479;-56,35495817;"SPRF-MT";"DEL01-MT";"UOP01-DEL01-MT"
537593;2023-07-23;"domingo";"06:30:00";"MG";251;306,6;"SALINAS";"Pista Escorregadia";"Saída de leito carroçável";"Com Vítimas Feridas";"Amanhecer";"Crescente";"Chuva";"Simples";"Curva";"Não";2;0;1;1;0;0;2;1;-16,13244697;-42,23230362;"SPRF-MG";"DEL12-MG";"UOP02-DEL12-MG"
537594;2023-07-23;"domingo";"07:00:00";"PE";101;50;"ABREU E LIMA";"Ausência de reação do condutor";"Colisão traseira";"Com Vítimas Feridas";"Pleno dia";"Decrescente";"Céu Claro";"Dupla";"Reta";"Sim";4;0;2;0;1;1;2;2;-7,90938602;-34,90123228;"SPRF-PE";"DEL01-PE";"UOP02-DEL01-PE"
537595;2023-07-23;"domingo";"07:00:00";"MG";262;369,1;"JUATUBA";"Condutor Dormindo";"Saída de leito carroçável";"Com Vítimas Feridas";"Pleno dia";"Crescente";"Céu Claro";"Dupla";"Reta";"Não";3;0;2;0;1;0;2;1;-19,96003499;-44,33762848;"SPRF-MG";"DEL01-MG";"UOP03-DEL01-MG"
537596;2023-07-23;"domingo";"04:40:00";"MG";116;568,8;"MANHUACU";"Ingestão de álcool pelo condutor";"Saída de leito carroçável";"Com Vítimas Feridas";"Plena Noite";"Crescente";"Céu Claro";"Simples";"Reta";"Não";1;0;0;1;0;0;1;1;-20,09212798;-42,18087171;"SPRF-MG";"DEL06-MG";"UOP03-DEL06-MG"
537598;2023-07-23;"domingo";"08:00:00";"PB";230;340,3;"PATOS";"Reação tardia ou ineficiente do condutor";"Saída de leito carroçável";"Com Vítimas Feridas";"Pleno dia";"Crescente";"Céu Claro";"Simples";"Reta";"Não";3;0;3;0;0;0;3;1;-6,998189;-37,310634;"SPRF-PB";"DEL03-PB";"UOP01-DEL03-PB"
537600;2023-07-23;"domingo";"08:00:00";"RJ";393;106;"SAPUCAIA";"Chuva";"Colisão frontal";"Com Vítimas Feridas";"Amanhecer";"Crescente";"Chuva";"Simples";"Curva";"Sim";3;0;3;0;0;0;3;2;-21,87764485;-42,67025797;"SPRF-RJ";"DEL05-RJ";"UOP01-DEL05-RJ"
537604;2023-07-23;"domingo";"08:30:00";"MG";381;364;"SAO GONCALO DO RIO ABAIXO";"Deficiência do Sistema de Iluminação/Sinalização";"Colisão frontal";"Com Vítimas Feridas";"Pleno dia";"Decrescente";"Nublado";"Simples";"Curva";"Sim";4;0;3;1;0;0;4;2;-19,84955579;-43,25424839;"SPRF-MG";"DEL03-MG";"UOP01-DEL03-MG"
537605;2023-07-23;"domingo";"03:00:00";"PI";230;242;"OEIRAS";"Ausência de reação do condutor";"Saída de leito carroçável";"Com Vítimas Fatais";"Plena Noite";"Crescente";"Céu Claro";"Simples";"Reta";"Não";1;1;0;0;0;0;0;1;-6,98310558;-42,47069836;"SPRF-PI";"DEL03-PI";"UOP01-DEL03-PI"
537609;2023-07-23;"domingo";"07:50:00";"RO";364;425;"JARU";"Acessar a via sem observar a presença dos outros veículos";"Colisão lateral mesmo sentido";"Com Vítimas Feridas";"Pleno dia";"Crescente";"Sol";"Simples";"Reta";"Sim";2;0;1;0;1;0;1;2;-10,43752488;-62,47169791;"SPRF-RO";"DEL03-RO";"UOP02-DEL03-RO"
537613;2023-07-23;"domingo";"10:00:00";"SP";116;276;"EMBU DAS ARTES";"Ultrapassagem Indevida";"Colisão traseira";"Com Vítimas Feridas";"Pleno dia";"Decrescente";"Céu Claro";"Dupla";"Reta";"Sim";3;0;2;0;0;1;2;2;-23,64262417;-46,83811382;"SPRF-SP";"DEL04-SP";"UOP01-DEL04-SP"
537614;2023-07-23;"domingo";"10:22:00";"GO";40;5;"VALPARAISO DE GOIAS";"Frear bruscamente";"Tombamento";"Com Vítimas Feridas";"Pleno dia";"Crescente";"Céu Claro";"Dupla";"Reta";"Sim";2;0;2;0;0;0;2;1;-16,093134;-47,982236;"SPRF-DF";"DEL01-DF";"UOP01-DEL01-DF"
537615;2023-07-23;"domingo";"10:35:00";"SP";381;46;"ATIBAIA";"Reação tardia ou ineficiente do condutor";"Colisão traseira";"Com Vítimas Feridas";"Pleno dia";"Decrescente";"Céu Claro";"Dupla";"Reta";"Sim";2;0;2;0;0;0;2;2;-23,180897;-46,580777;"SPRF-SP";"DEL03-SP";"UOP01-DEL03-SP"
537620;2023-07-23;"domingo";"10:30:00";"BA";324;545;"AMELIA RODRIGUES";"Retorno proibido";"Colisão transversal";"Com Vítimas Feridas";"Pleno dia";"Crescente";"Nublado";"Dupla";"Reta";"Sim";3;0;2;0;1;0;2;2;-12,40647;-38,753143;"SPRF-BA";"DEL01-BA";"UOP03-DEL01-BA"
537623;2023-07-23;"domingo";"11:20:00";"MG";381;507;"SAO JOAQUIM DE BICAS";"Manobra de mudança de faixa";"Colisão lateral mesmo sentido";"Com Vítimas Feridas";"Pleno dia";"Decrescente";"Céu Claro";"Dupla";"Reta";"Sim";2;0;1;0;1;0;1;2;-20,05643192;-44,28663308;"SPRF-MG";"DEL04-MG";"UOP03-DEL04-MG"
537626;2023-07-23;"domingo";"11:24:00";"PE";101;69;"RECIFE";"Acessar a via sem observar a presença dos outros veículos";"Atropelamento de Pedestre";"Com Vítimas Feridas";"Pleno dia";"Crescente";"Céu Claro";"Dupla";"Reta";"Sim";3;0;1;0;2;0;1;3;-8,05951606;-34,94581024;"SPRF-PE";"DEL01-PE";"UOP01-DEL01-PE"
537627;2023-07-23;"domingo";"11:15:00";"MG";40;320,4;"TRES MARIAS";"Ausência de reação do condutor";"Saída de leito carroçável";"Com Vítimas Feridas";"Pleno dia";"Crescente";"Céu Claro";"Simples";"Curva;Ponte;Declive";"Não";1;0;0;1;0;0;1;1;-18,51247005;-45,07802246;"SPRF-MG";"DEL14-MG";"UOP02-DEL14-MG"
537628;2023-07-23;"domingo";"11:22:00";"SP";116;141,6;"SAO JOSE DOS CAMPOS";"Condutor deixou de manter distância do veículo da frente";"Engavetamento";"Com Vítimas Feridas";"Pleno dia";"Decrescente";"Céu Claro";"Dupla";"Reta";"Sim";4;0;2;0;2;0;2;3;-23,17004717;-45,82091491;"SPRF-SP";"DEL02-SP";"UOP01-DEL02-SP"
537631;2023-07-23;"domingo";"10:00:00";"PR";376;109,5;"PARANAVAI";"Animais na Pista";"Atropelamento de Animal";"Com Vítimas Fatais";"Pleno dia";"Decrescente";"Céu Claro";"Dupla";"Aclive;Reta";"Sim";1;1;0;0;0;0;0;1;-23,08086594;-52,40984795;"SPRF-PR";"DEL09-PR";"UOP02-DEL09-PR"
537632;2023-07-23;"domingo";"09:00:00";"RJ";356;65;"ITAPERUNA";"Reação tardia ou ineficiente do condutor";"Colisão com objeto";"Com Vítimas Feridas";"Pleno dia";"Decrescente";"Nublado";"Simples";"Curva;Aclive";"Não";1;0;0;1;0;0;1;1;-21,34906796;-41,7137759;"SPRF-RJ";"DEL08-RJ";"UOP03-DEL08-RJ"
537633;2023-07-23;"domingo";"10:30:00";"RS";290;299;"CACAPAVA DO SUL";"Transitar na contramão";"Colisão frontal";"Com Vítimas Feridas";"Pleno dia";"Crescente";"Céu Claro";"Simples";"Reta";"Não";7;0;1;0;6;0;1;3;-30,31539;-53,197685;"SPRF-RS";"DEL09-RS";"UOP02-DEL09-RS"
537636;2023-07-23;"domingo";"11:50:00";"SC";101;31,8;"JOINVILLE";"Condutor deixou de manter distância do veículo da frente";"Colisão traseira";"Com Vítimas Feridas";"Pleno dia";"Decrescente";"Céu Claro";"Dupla";"Reta";"Não";4;0;2;0;2;0;2;2;-26,22195899;-48,91634925;"SPRF-SC";"DEL03-SC";"UOP01-DEL03-SC"
537639;2023-07-23;"domingo";"13:00:00";"SP";116;275,8;"EMBU DAS ARTES";"Acessar a via sem observar a presença dos outros veículos";"Queda de ocupante de veículo";"Com Vítimas Feridas";"Pleno dia";"Crescente";"Céu Claro";"Dupla";"Reta";"Não";2;0;2;0;0;0;2;1;-23,63638826;-46,83251584;"SPRF-SP";"DEL04-SP";"UOP01-DEL04-SP"
537640;2023-07-23;"domingo";"12:20:00";"RS";470;176;"VERANOPOLIS";"Retorno proibido";"Colisão transversal";"Sem Vítimas";"Pleno dia";"Crescente";"Céu Claro";"Simples";"Curva";"Sim";6;0;0;0;6;0;0;2;-28,929109;-51,54315;"SPRF-RS";"DEL06-RS";"UOP02-DEL06-RS"
537641;2023-07-23;"domingo";"12:30:00";"RN";304;283;"MACAIBA";"Acesso irregular";"Colisão transversal";"Com Vítimas Feridas";"Pleno dia";"Decrescente";"Céu Claro";"Múltipla";"Reta";"Não";2;0;1;0;1;0;1;2;-5,8675724;-35,3708833;"SPRF-RN";"DEL01-RN";"UOP02-DEL01-RN"
537642;2023-07-23;"domingo";"11:30:00";"BA";101;752;"ITABELA";"Desrespeitar a preferência no cruzamento";"Colisão transversal";"Com Vítimas Feridas";"Pleno dia";"Decrescente";"Nublado";"Simples";"Interseção de Vias;Reta";"Não";5;0;5;0;0;0;5;2;-16,77596214;-39,47110569;"SPRF-BA";"DEL09-BA";"UOP01-DEL09-BA"
537643;2023-07-23;"domingo";"12:34:00";"SP";116;142,3;"SAO JOSE DOS CAMPOS";"Reação tardia ou ineficiente do condutor";"Colisão lateral mesmo sentido";"Com Vítimas Feridas";"Pleno dia";"Decrescente";"Céu Claro";"Dupla";"Reta";"Não";4;0;2;0;2;0;2;2;-23,17426078;-45,82940111;"SPRF-SP";"DEL02-SP";"UOP01-DEL02-SP"
537644;2023-07-23;"domingo";"10:40:00";"BA";110;241,8;"OLINDINA";"Ausência de reação do condutor";"Atropelamento de Pedestre";"Com Vítimas Fatais";"Pleno dia";"Decrescente";"Céu Claro";"Simples";"Reta";"Sim";3;1;0;0;0;2;0;2;-11,361765;-38,329314;"SPRF-BA";"DEL01-BA";"UOP04-DEL01-BA"
537645;2023-07-23;"domingo";"13:00:00";"SP";116;115;"TAUBATE";"Ausência de reação do condutor";"Queda de ocupante de veículo";"Com Vítimas Feridas";"Pleno dia";"Crescente";"Céu Claro";"Dupla";"Curva";"Sim";2;0;2;0;0;0;2;1;-23,0496047;-45,59973712;"SPRF-SP";"DEL02-SP";"UOP02-DEL02-SP"
537646;2023-07-23;"domingo";"12:00:00";"MS";267;374,3;"MARACAJU";"Reação tardia ou ineficiente do condutor";"Saída de leito carroçável";"Com Vítimas Feridas";"Pleno dia";"Decrescente";"Sol";"Simples";"Reta";"Não";5;0;3;0;2;0;3;1;-21,6584444;-55,23286788;"SPRF-MS";"DEL05-MS";"UOP01-DEL05-MS"
537647;2023-07-23;"domingo";"04:45:00";"MS";262;776,1;"CORUMBA";"Reação tardia ou ineficiente do condutor";"Saída de leito carroçável";"Sem Vítimas";"Amanhecer";"Decrescente";"Céu Claro";"Simples";"Curva";"Sim";1;0;0;0;1;0;0;1;-19,08285699;-57,62168025;"SPRF-MS";"DEL03-MS";"UOP03-DEL03-MS"
537648;2023-07-23;"domingo";"13:37:00";"MG";365;808;"GURINHATA";"Ausência de reação do condutor";"Saída de leito carroçável";"Com Vítimas Feridas";"Pleno dia";"Crescente";"Céu Claro";"Simples";"Reta";"Não";2;0;2;0;0;0;2;1;-18,89306434;-49,98270606;"SPRF-MG";"DEL15-MG";"UOP03-DEL15-MG"
537651;2023-07-23;"domingo";"07:00:00";"PR";277;122;"CAMPO LARGO";"Reação tardia ou ineficiente do condutor";"Colisão com objeto";"Sem Vítimas";"Pleno dia";"Decrescente";"Céu Claro";"Dupla";"Reta";"Não";1;0;0;0;0;1;0;1;-25,44344167;-49,45985402;"SPRF-PR";"DEL03-PR";"UOP03-DEL03-PR"