"id";"data_inversa";"dia_semana";"horario";"uf";"br";"km";"municipio";"causa_acidente";"tipo_acidente";"classificacao_acidente";"fase_dia";"sentido_via";"condicao_metereologica";"tipo_pista";"tracado_via";"uso_solo";"pessoas";"mortos";"feridos_leves";"feridos_graves";"ilesos";"ignorados";"feridos";"veiculos";"latitude";"longitude";"regional";"delegacia";"uop"
537652;2023-07-23;"domingo";"11:20:00";"SC";280;70,2;"JARAGUA DO SUL";"Acessar a via sem observar a presença dos outros veículos";"Colisão transversal";"Com Vítimas Feridas";"Pleno dia";"Crescente";"Céu Claro";"Simples";"Reta";"Sim";2;0;1;1;0;0;2;2;-26,46522052;-49,12675918;"SPRF-SC";"DEL03-SC";"UOP03-DEL03-SC"
537653;2023-07-23;"domingo";"10:25:00";"SC";282;533,3;"CORDILHEIRA ALTA";"Mal súbito do condutor";"Colisão lateral sentido oposto";"Com Vítimas Feridas";"Pleno dia";"Crescente";"Sol";"Simples";"Curva";"Não";4;0;2;0;2;0;2;2;-26,995323;-52,625305;"SPRF-SC";"DEL07-SC";"UOP01-DEL07-SC"
537654;2023-07-23;"domingo";"13:00:00";"PA";230;73;"SAO DOMINGOS DO ARAGUAIA";"Ausência de reação do condutor";"Colisão lateral sentido oposto";"Com Vítimas Feridas";"Pleno dia";"Decrescente";"Céu Claro";"Simples";"Reta";"Não";2;0;0;1;1;0;1;2;-5,49009572;-48,73379489;"SPRF-PA";"DEL03-PA";"UOP01-DEL03-PA"
537655;2023-07-23;"domingo";"14:05:00";"ES";101;258,5;"SERRA";"Reação tardia ou ineficiente do condutor";"Colisão transversal";"Com Vítimas Feridas";"Pleno dia";"Decrescente";"Nublado";"Simples";"Interseção de Vias";"Sim";3;0;1;0;2;0;1;2;-20,13059888;-40,2961019;"SPRF-ES";"DEL02-ES";"UOP01-DEL02-ES"
537656;2023-06-07;"quarta-feira";"08:10:00";"SC";101;333,4;"TUBARAO";"Condutor deixou de manter distância do veículo da frente";"Colisão traseira";"Com Vítimas Feridas";"Pleno dia";"Crescente";"Sol";"Dupla";"Reta";"Sim";2;0;1;0;0;1;1;2;-28,46630107;-48,99653096;"SPRF-SC";"DEL02-SC";"UOP01-DEL02-SC"
537657;2023-07-23;"domingo";"08:30:00";"BA";30;330;"BRUMADO";"Reação tardia ou ineficiente do condutor";"Saída de leito carroçável";"Com Vítimas Feridas";"Pleno dia";"Decrescente";"Nublado";"Simples";"Declive;Reta";"Não";2;0;2;0;0;0;2;1;-14,22207971;-41,98998888;"SPRF-BA";"DEL08-BA";"UOP01-DEL08-BA"
537658;2023-07-23;"domingo";"13:40:00";"PE";232;12;"JABOATAO DOS GUARARAPES";"Condutor deixou de manter distância do veículo da frente";"Colisão traseira";"Com Vítimas Feridas";"Pleno dia";"Decrescente";"Céu Claro";"Dupla";"Reta";"Não";3;0;1;1;0;1;2;2;-8,08577691;-35,00345603;"SPRF-PE";"DEL01-PE";"UOP01-DEL01-PE"
537659;2023-07-23;"domingo";"14:00:00";"SC";101;190;"BIGUACU";"Ausência de reação do condutor";"Colisão traseira";"Com Vítimas Feridas";"Pleno dia";"Crescente";"Céu Claro";"Múltipla";"Reta";"Sim";2;0;1;0;1;0;1;2;-27,468056;-48,641712;"SPRF-SC";"DEL01-SC";"UOP01-DEL01-SC"
537661;2023-07-23;"domingo";"14:04:00";"SP";116;76;"ROSEIRA";"Condutor deixou de manter distância do veículo da frente";"Colisão traseira";"Com Vítimas Feridas";"Pleno dia";"Crescente";"Céu Claro";"Dupla";"Reta";"Não";2;0;1;0;1;0;1;2;-22,87747687;-45,27203908;"SPRF-SP";"DEL08-SP";"UOP01-DEL08-SP"
537663;2023-07-23;"domingo";"12:40:00";"RN";405;93;"ITAU";"Transitar na contramão";"Colisão frontal";"Com Vítimas Fatais";"Pleno dia";"Crescente";"Céu Claro";"Simples";"Declive;Reta";"Não";2;1;0;0;1;0;0;2;-5,75071681;-37,87829514;"SPRF-RN";"DEL04-RN";"UOP02-DEL04-RN"
537664;2023-07-23;"domingo";"14:25:00";"MG";40;653,4;"CRISTIANO OTONI";"Ausência de reação do condutor";"Saída de leito carroçável";"Com Vítimas Fatais";"Pleno dia";"Crescente";"Céu Claro";"Dupla";"Curva";"Não";1;1;0;0;0;0;0;1;-20,84938602;-43,79880593;"SPRF-MG";"DEL05-MG";"UOP02-DEL05-MG"
537665;2023-07-23;"domingo";"13:30:00";"PE";232;12,9;"JABOATAO DOS GUARARAPES";"Ausência de reação do condutor";"Colisão traseira";"Com Vítimas Feridas";"Pleno dia";"Decrescente";"Céu Claro";"Dupla";"Curva;Declive";"Não";4;0;1;1;2;0;2;2;-8,08577691;-35,00345603;"SPRF-PE";"DEL01-PE";"UOP01-DEL01-PE"
537666;2023-07-23;"domingo";"11:25:00";"SC";280;45,2;"GUARAMIRIM";"Avarias e/ou desgaste excessivo no pneu";"Queda de ocupante de veículo";"Com Vítimas Feridas";"Pleno dia";"Crescente";"Céu Claro";"Simples";"Reta";"Não";1;0;1;0;0;0;1;1;-26,45236168;-48,89788602;"SPRF-SC";"DEL03-SC";"UOP03-DEL03-SC"
537667;2023-07-23;"domingo";"14:30:00";"MG";381;516;"IGARAPE";"Velocidade Incompatível";"Tombamento";"Com Vítimas Feridas";"Pleno dia";"Crescente";"Céu Claro";"Dupla";"Reta";"Não";1;0;1;0;0;0;1;1;-20,10866993;-44,31488799;"SPRF-MG";"DEL04-MG";"UOP03-DEL04-MG"
537668;2023-07-23;"domingo";"14:20:00";"SP";381;30;"ATIBAIA";"Trafegar com motocicleta (ou similar) entre as faixas";"Colisão traseira";"Com Vítimas Feridas";"Pleno dia";"Crescente";"Céu Claro";"Dupla";"Reta";"Não";2;0;0;1;1;0;1;2;-23,04885102;-46,56482797;"SPRF-SP";"DEL03-SP";"UOP02-DEL03-SP"
537669;2023-07-23;"domingo";"13:20:00";"MG";40;41,9;"PARACATU";"Reação tardia ou ineficiente do condutor";"Saída de leito carroçável";"Com Vítimas Feridas";"Pleno dia";"Decrescente";"Céu Claro";"Simples";"Reta";"Sim";2;0;2;0;0;0;2;1;-17,21271307;-46,87295209;"SPRF-MG";"DEL14-MG";"UOP01-DEL14-MG"
537670;2023-07-23;"domingo";"14:15:00";"ES";262;35,1;"DOMINGOS MARTINS";"Avarias e/ou desgaste excessivo no pneu";"Colisão frontal";"Com Vítimas Feridas";"Pleno dia";"Decrescente";"Chuva";"Simples";"Curva";"Não";4;0;2;0;1;1;2;2;-20,38002181;-40,5951714;"SPRF-ES";"DEL01-ES";"UOP01-DEL01-ES"
537671;2023-07-23;"domingo";"14:10:00";"SC";101;198;"BIGUACU";"Ausência de reação do condutor";"Colisão traseira";"Com Vítimas Feridas";"Pleno dia";"Crescente";"Céu Claro";"Dupla";"Reta";"Sim";2;0;1;0;1;0;1;2;-27,52658712;-48,63506019;"SPRF-SC";"DEL01-SC";"UOP01-DEL01-SC"
537672;2023-07-23;"domingo";"14:45:00";"PR";163;168;"LINDOESTE";"Ausência de reação do condutor";"Colisão transversal";"Com Vítimas Feridas";"Pleno dia";"Decrescente";"Céu Claro";"Simples";"Reta";"Sim";2;0;1;0;1;0;1;2;-25,29248982;-53,57038619;"SPRF-PR";"DEL05-PR";"UOP05-DEL05-PR"
537673;2023-07-23;"domingo";"15:30:00";"MG";50;57,9;"UBERLANDIA";"Avarias e/ou desgaste excessivo no pneu";"Tombamento";"Com Vítimas Feridas";"Pleno dia";"Crescente";"Sol";"Dupla";"Declive;Reta";"Não";1;0;1;0;0;0;1;1;-18,78608604;-48,23160008;"SPRF-MG";"DEL15-MG";"UOP02-DEL15-MG"
537674;2023-07-23;"domingo";"13:10:00";"PR";280;276;"FLOR DA SERRA DO SUL";"Velocidade Incompatível";"Saída de leito carroçável";"Com Vítimas Feridas";"Pleno dia";"Decrescente";"Céu Claro";"Simples";"Curva";"Não";1;0;0;1;0;0;1;1;-26,23825617;-53,18925192;"SPRF-PR";"DEL02-PR";"UOP01-DEL02-PR"
537675;2023-07-23;"domingo";"15:10:00";"RN";304;297;"MACAIBA";"Conversão proibida";"Colisão transversal";"Com Vítimas Feridas";"Pleno dia";"Crescente";"Sol";"Simples";"Declive";"Sim";4;0;2;0;2;0;2;2;-5,86534101;-35,340694;"SPRF-RN";"DEL01-RN";"UOP02-DEL01-RN"
537676;2023-07-23;"domingo";"16:06:00";"PE";101;44;"IGARASSU";"Ultrapassagem Indevida";"Colisão lateral sentido oposto";"Com Vítimas Feridas";"Pleno dia";"Crescente";"Céu Claro";"Dupla";"Reta";"Sim";2;0;1;0;1;0;1;2;-7,85637001;-34,90842109;"SPRF-PE";"DEL01-PE";"UOP02-DEL01-PE"
537677;2023-07-23;"domingo";"15:40:00";"RJ";116;103,4;"GUAPIMIRIM";"Velocidade Incompatível";"Colisão com objeto";"Com Vítimas Fatais";"Pleno dia";"Decrescente";"Céu Claro";"Múltipla";"Curva";"Não";5;1;3;0;0;1;3;2;-22,5031646;-42,99910415;"SPRF-RJ";"DEL04-RJ";"UOP01-DEL04-RJ"
537678;2023-07-23;"domingo";"16:15:00";"GO";60;111,4;"GOIANAPOLIS";"Ausência de reação do condutor";"Tombamento";"Com Vítimas Feridas";"Pleno dia";"Decrescente";"Sol";"Dupla";"Declive;Curva";"Não";2;0;2;0;0;0;2;1;-16,451;-49,0409;"SPRF-GO";"DEL01-GO";"UOP01-DEL01-GO"
537679;2023-07-23;"domingo";"15:40:00";"PR";369;373,8;"CAMPO MOURAO";"Acessar a via sem observar a presença dos outros veículos";"Colisão transversal";"Com Vítimas Feridas";"Pleno dia";"Crescente";"Sol";"Simples";"Reta;Interseção de Vias";"Sim";3;0;3;0;0;0;3;2;-24,16328795;-52,48277307;"SPRF-PR";"DEL09-PR";"UOP03-DEL09-PR"
537680;2023-07-23;"domingo";"15:20:00";"RJ";116;181;"NOVA IGUACU";"Demais falhas mecânicas ou elétricas";"Queda de ocupante de veículo";"Com Vítimas Feridas";"Pleno dia";"Crescente";"Céu Claro";"Dupla";"Reta";"Não";3;0;2;0;0;1;2;2;-22,761312;-43,423492;"SPRF-RJ";"DEL01-RJ";"UOP02-DEL01-RJ"
537681;2023-07-23;"domingo";"16:09:00";"GO";70;0;"AGUAS LINDAS DE GOIAS";"Reação tardia ou ineficiente do condutor";"Capotamento";"Com Vítimas Feridas";"Pleno dia";"Decrescente";"Céu Claro";"Dupla";"Curva;Declive";"Não";2;0;2;0;0;0;2;1;-15,783543;-48,2326;"SPRF-DF";"DEL03-DF";"UOP02-DEL03-DF"
537683;2023-07-23;"domingo";"16:20:00";"SC";280;23,2;"ARAQUARI";"Transitar na contramão";"Colisão transversal";"Com Vítimas Feridas";"Pleno dia";"Crescente";"Céu Claro";"Simples";"Reta";"Sim";2;0;1;0;1;0;1;2;-26,37724921;-48,71953282;"SPRF-SC";"DEL03-SC";"UOP03-DEL03-SC"
537685;2023-07-23;"domingo";"16:20:00";"MG";146;462,5;"BOTELHOS";"Desrespeitar a preferência no cruzamento";"Colisão transversal";"Com Vítimas Feridas";"Pleno dia";"Crescente";"Céu Claro";"Simples";"Reta;Interseção de Vias";"Não";6;0;3;0;3;0;3;2;-21,63657342;-46,40522188;"SPRF-MG";"DEL09-MG";"UOP01-DEL09-MG"
537686;2023-07-23;"domingo";"16:30:00";"PE";232;14,7;"JABOATAO DOS GUARARAPES";"Frear bruscamente";"Colisão traseira";"Com Vítimas Feridas";"Pleno dia";"Decrescente";"Céu Claro";"Dupla";"Reta";"Sim";8;0;1;0;7;0;1;3;-8,09025488;-35,02052302;"SPRF-PE";"DEL01-PE";"UOP01-DEL01-PE"
537687;2023-07-23;"domingo";"14:45:00";"RJ";101;481;"ANGRA DOS REIS";"Declive acentuado";"Queda de ocupante de veículo";"Com Vítimas Feridas";"Pleno dia";"Crescente";"Céu Claro";"Simples";"Curva;Declive";"Sim";2;0;1;0;1;0;1;1;-23,00889514;-44,29246545;"SPRF-RJ";"DEL03-RJ";"UOP03-DEL03-RJ"
537688;2023-07-23;"domingo";"15:30:00";"PI";316;4,9;"TERESINA";"Ingestão de álcool pelo condutor";"Colisão traseira";"Com Vítimas Feridas";"Pleno dia";"Crescente";"Sol";"Múltipla";"Viaduto;Declive;Interseção de Vias";"Sim";4;0;0;2;2;0;2;3;-5,13655894;-42,78900388;"SPRF-PI";"DEL01-PI";"UOP02-DEL01-PI"
537689;2023-07-23;"domingo";"13:30:00";"GO";60;284;"JANDAIA";"Reação tardia ou ineficiente do condutor";"Saída de leito carroçável";"Com Vítimas Feridas";"Pleno dia";"Decrescente";"Sol";"Dupla";"Reta";"Não";6;0;1;3;2;0;4;1;-17,269221;-50,233799;"SPRF-GO";"DEL04-GO";"UOP02-DEL04-GO"
537690;2023-07-23;"domingo";"16:20:00";"RS";116;264;"CANOAS";"Acessar a via sem observar a presença dos outros veículos";"Colisão traseira";"Com Vítimas Feridas";"Pleno dia";"Decrescente";"Céu Claro";"Dupla";"Reta";"Sim";4;0;1;0;2;1;1;3;-29,914435;-51,17754495;"SPRF-RS";"DEL01-RS";"UOP01-DEL01-RS"
537691;2023-07-23;"domingo";"17:05:00";"MG";381;484,3;"BETIM";"Ausência de reação do condutor";"Colisão traseira";"Com Vítimas Feridas";"Pleno dia";"Decrescente";"Céu Claro";"Dupla";"Aclive";"Sim";3;0;1;0;2;0;1;2;-19,95531717;-44,11722196;"SPRF-MG";"DEL01-MG";"UOP03-DEL01-MG"
537692;2023-07-23;"domingo";"15:14:00";"GO";40;13;"LUZIANIA";"Acessar a via sem observar a presença dos outros veículos";"Colisão traseira";"Sem Vítimas";"Pleno dia";"Crescente";"Céu Claro";"Dupla";"Retorno Regulamentado";"Sim";2;0;0;0;1;1;0;2;-16,151832;-47,939162;"SPRF-DF";"DEL01-DF";"UOP01-DEL01-DF"
537694;2023-07-23;"domingo";"15:30:00";"MG";262;477,8;"BOM DESPACHO";"Ausência de reação do condutor";"Colisão traseira";"Sem Vítimas";"Pleno dia";"Decrescente";"Céu Claro";"Simples";"Interseção de Vias";"Sim";2;0;0;0;2;0;0;2;-19,78872723;-45,22073799;"SPRF-MG";"DEL08-MG";"UOP03-DEL08-MG"
537695;2023-07-23;"domingo";"14:47:00";"MG";381;616;"OLIVEIRA";"Demais falhas mecânicas ou elétricas";"Incêndio";"Sem Vítimas";"Pleno dia";"Decrescente";"Céu Claro";"Dupla";"Curva";"Não";1;0;0;0;1;0;0;1;-20,75304819;-44,77475634;"SPRF-MG";"DEL04-MG";"UOP01-DEL04-MG"
537697;2023-07-23;"domingo";"16:50:00";"MG";146;484,6;"POCOS DE CALDAS";"Reação tardia ou ineficiente do condutor";"Colisão traseira";"Com Vítimas Feridas";"Pleno dia";"Crescente";"Céu Claro";"Simples";"Aclive;Reta";"Não";5;0;2;0;2;1;2;3;-21,786723;-46,440568;"SPRF-MG";"DEL09-MG";"UOP01-DEL09-MG"
537698;2023-07-23;"domingo";"17:00:00";"MG";262;399;"PARA DE MINAS";"Velocidade Incompatível";"Tombamento";"Com Vítimas Feridas";"Anoitecer";"Crescente";"Céu Claro";"Dupla";"Reta";"Não";1;0;1;0;0;0;1;1;-19,90311456;-44,534;"SPRF-MG";"DEL01-MG";"UOP03-DEL01-MG"
537699;2023-07-23;"domingo";"17:00:00";"SP";101;51;"UBATUBA";"Acessar a via sem observar a presença dos outros veículos";"Colisão frontal";"Com Vítimas Feridas";"Pleno dia";"Decrescente";"Céu Claro";"Simples";"Interseção de Vias;Reta";"Sim";2;0;1;0;1;0;1;2;-23,45663252;-45,07062793;"SPRF-SP";"DEL06-SP";"UOP01-DEL06-SP"
537700;2023-07-23;"domingo";"15:10:00";"SC";280;276;"IRINEOPOLIS";"Condutor deixou de manter distância do veículo da frente";"Colisão traseira";"Com Vítimas Feridas";"Pleno dia";"Decrescente";"Céu Claro";"Simples";"Aclive;Reta";"Não";5;0;1;0;4;0;1;2;-26,288;-50,784;"SPRF-SC";"DEL06-SC";"UOP04-DEL06-SC"
537701;2023-07-23;"domingo";"17:10:00";"RS";386;419,8;"MONTENEGRO";"Reação tardia ou ineficiente do condutor";"Capotamento";"Com Vítimas Feridas";"Pleno dia";"Decrescente";"Céu Claro";"Dupla";"Curva";"Não";3;0;3;0;0;0;3;1;-29,81764;-51,432823;"SPRF-RS";"DEL04-RS";"UOP02-DEL04-RS"
537702;2023-07-23;"domingo";"17:00:00";"CE";116;80,5;"CASCAVEL";"Ingestão de álcool pelo condutor";"Colisão traseira";"Sem Vítimas";"Pleno dia";"Crescente";"Céu Claro";"Simples";"Reta";"Não";2;0;0;0;2;0;0;2;-4,39558323;-38,42673827;"SPRF-CE";"DEL03-CE";"UOP02-DEL03-CE"
537703;2023-07-23;"domingo";"17:40:00";"PE";232;10;"RECIFE";"Reação tardia ou ineficiente do condutor";"Colisão traseira";"Sem Vítimas";"Anoitecer";"Decrescente";"Céu Claro";"Dupla";"Reta;Em Obras";"Não";4;0;0;0;4;0;0;4;-8,07917241;-34,98718609;"SPRF-PE";"DEL01-PE";"UOP01-DEL01-PE"
537704;2023-07-23;"domingo";"15:30:00";"SC";285;35,3;"TIMBE DO SUL";"Conversão proibida";"Colisão lateral mesmo sentido";"Com Vítimas Feridas";"Pleno dia";"Decrescente";"Sol";"Simples";"Curva";"Não";4;0;0;2;1;1;2;3;-28,82933547;-49,81784821;"SPRF-SC";"DEL02-SC";"UOP02-DEL02-SC"
537705;2023-07-23;"domingo";"16:05:00";"SC";470;126;"LONTRAS";"Problema com o freio";"Tombamento";"Com Vítimas Feridas";"Pleno dia";"Crescente";"Céu Claro";"Simples";"Reta";"Não";2;0;2;0;0;0;2;1;-27,129;-49,538277;"SPRF-SC";"DEL04-SC";"UOP02-DEL04-SC"
537706;2023-07-23;"domingo";"17:20:00";"GO";60;58;"ABADIANIA";"Manobra de mudança de faixa";"Colisão traseira";"Com Vítimas Feridas";"Pleno dia";"Crescente";"Céu Claro";"Dupla";"Retorno Regulamentado";"Não";2;0;1;0;1;0;1;2;-16,1865;-48,6872;"SPRF-GO";"DEL02-GO";"UOP01-DEL02-GO"
537707;2023-07-23;"domingo";"17:00:00";"MS";262;316;"CAMPO GRANDE";"Demais falhas mecânicas ou elétricas";"Tombamento";"Com Vítimas Feridas";"Pleno dia";"Decrescente";"Céu Claro";"Simples";"Reta";"Não";2;0;2;0;0;0;2;1;-20,47159896;-54,43906;"SPRF-MS";"DEL01-MS";"UOP01-DEL01-MS"
537708;2023-07-23;"domingo";"13:30:00";"RJ";493;96;"SEROPEDICA";"Ausência de reação do condutor";"Colisão com objeto";"Com Vítimas Feridas";"Pleno dia";"Decrescente";"Céu Claro";"Simples";"Curva;Viaduto";"Não";2;0;1;0;1;0;1;1;-22,71106419;-43,70006924;"SPRF-RJ";"DEL03-RJ";"UOP01-DEL03-RJ"
537709;2023-07-23;"domingo";"13:50:00";"RJ";356;180;"SAO JOAO DA BARRA";"Ausência de reação do condutor";"Colisão com objeto";"Com Vítimas Feridas";"Pleno dia";"Crescente";"Nublado";"Simples";"Reta";"Não";3;0;1;2;0;0;3;1;-21,66362002;-41,05431159;"SPRF-RJ";"DEL08-RJ";"UOP02-DEL08-RJ"
537710;2023-07-23;"domingo";"17:50:00";"MG";381;499,7;"BETIM";"Ingestão de álcool pelo condutor";"Saída de leito carroçável";"Com Vítimas Feridas";"Anoitecer";"Crescente";"Céu Claro";"Dupla";"Reta;Declive";"Sim";2;0;0;2;0;0;2;1;-20,01792651;-44,2261448;"SPRF-MG";"DEL04-MG";"UOP03-DEL04-MG"
537711;2023-07-23;"domingo";"18:00:00";"SC";101;135;"BALNEARIO CAMBORIU";"Ausência de reação do condutor";"Saída de leito carroçável";"Com Vítimas Feridas";"Plena Noite";"Crescente";"Céu Claro";"Dupla";"Reta";"Sim";1;0;1;0;0;0;1;1;-27,0050108;-48,62677494;"SPRF-SC";"DEL04-SC";"UOP03-DEL04-SC"
537712;2023-07-23;"domingo";"18:05:00";"BA";324;516;"FEIRA DE SANTANA";"Ausência de reação do condutor";"Atropelamento de Pedestre";"Com Vítimas Feridas";"Anoitecer";"Decrescente";"Nublado";"Simples";"Reta";"Sim";2;0;1;0;0;1;1;2;-12,2417119;-38,93768485;"SPRF-BA";"DEL02-BA";"UOP01-DEL02-BA"
537713;2023-07-23;"domingo";"18:30:00";"MG";262;34,9;"MANHUACU";"Conversão proibida";"Colisão frontal";"Com Vítimas Feridas";"Plena Noite";"Decrescente";"Nublado";"Simples";"Reta";"Sim";3;0;2;0;1;0;2;2;-20,25692664;-42,01099203;"SPRF-MG";"DEL06-MG";"UOP03-DEL06-MG"
537714;2023-07-23;"domingo";"17:19:00";"DF";20;19;"BRASILIA";"Acessar a via sem observar a presença dos outros veículos";"Colisão transversal";"Com Vítimas Feridas";"Anoitecer";"Crescente";"Céu Claro";"Dupla";"Retorno Regulamentado;Declive;Reta";"Sim";5;0;2;0;3;0;2;3;-15,612175;-47,700928;"SPRF-DF";"DEL02-DF";"UOP01-DEL02-DF"
537715;2023-07-23;"domingo";"17:15:00";"MS";262;371;"TERENOS";"Ausência de reação do condutor";"Colisão traseira";"Com Vítimas Feridas";"Anoitecer";"Decrescente";"Céu Claro";"Simples";"Reta";"Não";4;0;2;0;2;0;2;2;-20,48309924;-54,78814298;"SPRF-MS";"DEL01-MS";"UOP03-DEL01-MS"
537716;2023-07-23;"domingo";"18:20:00";"PE";101;71,3;"RECIFE";"Condutor deixou de manter distância do veículo da frente";"Colisão traseira";"Com Vítimas Feridas";"Plena Noite";"Crescente";"Garoa/Chuvisco";"Dupla";"Reta";"Sim";2;0;1;0;1;0;1;2;-8,07663102;-34,94277871;"SPRF-PE";"DEL01-PE";"UOP01-DEL01-PE"
537717;2023-07-23;"domingo";"17:00:00";"SC";101;450,5;"SAO JOAO DO SUL";"Reação tardia ou ineficiente do condutor";"Colisão traseira";"Com Vítimas Feridas";"Pleno dia";"Crescente";"Céu Claro";"Dupla";"Curva";"Não";3;0;1;0;2;0;1;2;-29,17229091;-49,74904711;"SPRF-SC";"DEL02-SC";"UOP02-DEL02-SC"
537718;2023-07-23;"domingo";"17:20:00";"MS";163;257,8;"DOURADOS";"Reação tardia ou ineficiente do condutor";"Colisão lateral mesmo sentido";"Com Vítimas Feridas";"Plena Noite";"Crescente";"Céu Claro";"Dupla";"Reta";"Não";2;0;0;1;1;0;1;2;-22,25888398;-54,793819;"SPRF-MS";"DEL04-MS";"UOP01-DEL04-MS"
537719;2023-07-23;"domingo";"12:00:00";"MG";116;413;"GOVERNADOR VALADARES";"Retorno proibido";"Colisão transversal";"Com Vítimas Feridas";"Pleno dia";"Crescente";"Chuva";"Simples";"Reta";"Sim";4;0;1;0;3;0;1;2;-18,873907;-41,966366;"SPRF-MG";"DEL06-MG";"UOP01-DEL06-MG"
537720;2023-07-23;"domingo";"18:45:00";"SP";116;204,5;"ARUJA";"Trafegar com motocicleta (ou similar) entre as faixas";"Colisão lateral mesmo sentido";"Com Vítimas Feridas";"Plena Noite";"Crescente";"Céu Claro";"Múltipla";"Reta";"Não";5;0;2;0;3;0;2;3;-23,41385822;-46,36388367;"SPRF-SP";"DEL01-SP";"UOP01-DEL01-SP"
537721;2023-07-23;"domingo";"18:25:00";"RS";392;112,7;"CANGUCU";"Acessar a via sem observar a presença dos outros veículos";"Colisão transversal";"Com Vítimas Feridas";"Plena Noite";"Crescente";"Nublado";"Simples";"Declive;Reta";"Não";3;0;2;0;1;0;2;2;-31,43953295;-52,64988094;"SPRF-RS";"DEL07-RS";"UOP01-DEL07-RS"
537723;2023-07-23;"domingo";"17:00:00";"RJ";40;108;"DUQUE DE CAXIAS";"Curva acentuada";"Colisão lateral mesmo sentido";"Sem Vítimas";"Pleno dia";"Decrescente";"Céu Claro";"Dupla";"Curva";"Sim";2;0;0;0;2;0;0;2;-22,67086766;-43,28451276;"SPRF-RJ";"DEL01-RJ";"UOP01-DEL01-RJ"
537726;2023-07-23;"domingo";"16:40:00";"RJ";40;104;"DUQUE DE CAXIAS";"Acessar a via sem observar a presença dos outros veículos";"Colisão transversal";"Com Vítimas Feridas";"Pleno dia";"Decrescente";"Céu Claro";"Dupla";"Reta";"Não";2;0;0;1;1;0;1;2;-22,62897902;-43,28579508;"SPRF-RJ";"DEL01-RJ";"UOP01-DEL01-RJ"
537727;2023-07-23;"domingo";"18:34:00";"GO";40;96;"CRISTALINA";"Ausência de reação do condutor";"Colisão traseira";"Sem Vítimas";"Plena Noite";"Crescente";"Céu Claro";"Simples";"Interseção de Vias;Reta";"Sim";2;0;0;0;2;0;0;2;-16,75768;-47,601613;"SPRF-DF";"DEL01-DF";"UOP02-DEL01-DF"
537728;2023-07-21;"sexta-feira";"21:20:00";"RJ";101;322;"NITEROI";"Manobra de mudança de faixa";"Colisão lateral mesmo sentido";"Com Vítimas Feridas";"Plena Noite";"Decrescente";"Céu Claro";"Dupla";"Reta;Ponte";"Não";2;0;1;0;0;1;1;2;-22,878923;-43,110676;"SPRF-RJ";"DEL02-RJ";"UOP01-DEL02-RJ"
537729;2023-07-23;"domingo";"17:45:00";"BA";101;898,9;"CARAVELAS";"Ausência de reação do condutor";"Capotamento";"Com Vítimas Feridas";"Anoitecer";"Decrescente";"Chuva";"Simples";"Reta";"Não";1;0;1;0;0;0;1;1;-17,70578562;-39,76836205;"SPRF-BA";"DEL09-BA";"UOP02-DEL09-BA"
537730;2023-07-23;"domingo";"19:10:00";"RS";158;323;"SANTA MARIA";"Pedestre cruzava a pista fora da faixa";"Atropelamento de Pedestre";"Com Vítimas Feridas";"Plena Noite";"Crescente";"Céu Claro";"Dupla";"Reta;Em Obras;Viaduto";"Sim";6;0;0;1;3;2;1;2;-29,70100743;-53,79216313;"SPRF-RS";"DEL09-RS";"UOP01-DEL09-RS"
537731;2023-07-23;"domingo";"16:30:00";"PE";232;382,3;"CALUMBI";"Ultrapassagem Indevida";"Saída de leito carroçável";"Sem Vítimas";"Anoitecer";"Crescente";"Céu Claro";"Simples";"Declive;Ponte";"Não";1;0;0;0;1;0;0;1;-8,04140142;-38,06782307;"SPRF-PE";"DEL04-PE";"UOP01-DEL04-PE"
537732;2023-07-23;"domingo";"19:18:00";"SP";116;139;"SAO JOSE DOS CAMPOS";"Ausência de reação do condutor";"Colisão lateral mesmo sentido";"Com Vítimas Feridas";"Plena Noite";"Crescente";"Céu Claro";"Dupla";"Reta";"Sim";2;0;1;0;1;0;1;2;-23,16153216;-45,80400592;"SPRF-SP";"DEL02-SP";"UOP01-DEL02-SP"
537733;2023-07-23;"domingo";"19:07:00";"RS";470;211;"BENTO GONCALVES";"Estacionar ou parar em local proibido";"Colisão frontal";"Com Vítimas Feridas";"Plena Noite";"Crescente";"Céu Claro";"Dupla";"Reta";"Não";2;0;1;0;0;1;1;2;-29,12453775;-51,54360394;"SPRF-RS";"DEL06-RS";"UOP01-DEL06-RS"
537734;2023-07-23;"domingo";"19:15:00";"PR";277;80,5;"CURITIBA";"Condutor deixou de manter distância do veículo da frente";"Colisão traseira";"Com Vítimas Feridas";"Plena Noite";"Crescente";"Ignorado";"Dupla";"Reta";"Sim";2;0;1;0;1;0;1;2;-25,46995312;-49,21261311;"SPRF-PR";"DEL01-PR";"UOP01-DEL01-PR"
537735;2023-07-23;"domingo";"19:20:00";"RJ";116;274;"BARRA MANSA";"Transitar na contramão";"Colisão lateral sentido oposto";"Com Vítimas Feridas";"Plena Noite";"Decrescente";"Céu Claro";"Dupla";"Reta";"Não";5;0;1;2;2;0;3;4;-22,56163574;-44,14771584;"SPRF-RJ";"DEL07-RJ";"UOP02-DEL07-RJ"
537736;2023-07-23;"domingo";"16:40:00";"RO";364;164,1;"PIMENTA BUENO";"Condutor Dormindo";"Saída de leito carroçável";"Com Vítimas Feridas";"Pleno dia";"Decrescente";"Céu Claro";"Simples";"Declive";"Não";1;0;1;0;0;0;1;1;-11,8905089;-60,98391786;"SPRF-RO";"DEL02-RO";"UOP02-DEL02-RO"