"id";"data_inversa";"dia_semana";"horario";"uf";"br";"km";"municipio";"causa_acidente";"tipo_acidente";"classificacao_acidente";"fase_dia";"sentido_via";"condicao_metereologica";"tipo_pista";"tracado_via";"uso_solo";"pessoas";"mortos";"feridos_leves";"feridos_graves";"ilesos";"ignorados";"feridos";"veiculos";"latitude";"longitude";"regional";"delegacia";"uop"
537737;2023-07-23;"domingo";"19:45:00";"SC";101;144,8;"ITAPEMA";"Condutor deixou de manter distância do veículo da frente";"Colisão traseira";"Com Vítimas Feridas";"Plena Noite";"Crescente";"Céu Claro";"Múltipla";"Reta";"Sim";2;0;0;1;1;0;1;2;-27,0732659;-48,59672716;"SPRF-SC";"DEL04-SC";"UOP03-DEL04-SC"
537738;2023-07-23;"domingo";"18:20:00";"RS";386;160;"ALMIRANTE TAMANDARE DO SUL";"Ausência de reação do condutor";"Colisão traseira";"Sem Vítimas";"Plena Noite";"Decrescente";"Céu Claro";"Simples";"Em Obras;Reta";"Não";2;0;0;0;2;0;0;2;-28,158697;-52,8442;"SPRF-RS";"DEL08-RS";"UOP01-DEL08-RS"
537739;2023-07-23;"domingo";"19:35:00";"CE";230;78;"VARZEA ALEGRE";"Desrespeitar a preferência no cruzamento";"Colisão lateral sentido oposto";"Com Vítimas Feridas";"Plena Noite";"Decrescente";"Céu Claro";"Dupla";"Retorno Regulamentado;Reta";"Sim";3;0;0;1;1;1;1;3;-6,79181788;-39,28100002;"SPRF-CE";"DEL05-CE";"UOP01-DEL05-CE"
537740;2023-07-23;"domingo";"17:05:00";"MG";50;180,2;"UBERABA";"Ingestão de álcool pelo condutor";"Colisão com objeto";"Sem Vítimas";"Anoitecer";"Decrescente";"Céu Claro";"Dupla";"Reta";"Sim";4;0;0;0;4;0;0;1;-19,779674;-47,920485;"SPRF-MG";"DEL13-MG";"UOP01-DEL13-MG"
537742;2023-07-23;"domingo";"20:05:00";"SC";280;71,3;"JARAGUA DO SUL";"Ultrapassagem Indevida";"Colisão frontal";"Com Vítimas Feridas";"Plena Noite";"Decrescente";"Nublado";"Simples";"Reta";"Não";2;0;0;2;0;0;2;2;-26,46151693;-49,13480597;"SPRF-SC";"DEL03-SC";"UOP03-DEL03-SC"
537743;2023-07-23;"domingo";"18:35:00";"ES";101;250,8;"SERRA";"Reação tardia ou ineficiente do condutor";"Engavetamento";"Com Vítimas Feridas";"Plena Noite";"Crescente";"Nublado";"Simples";"Reta";"Não";4;0;1;0;3;0;1;3;-20,08891088;-40,34316301;"SPRF-ES";"DEL02-ES";"UOP01-DEL02-ES"
537745;2023-07-23;"domingo";"19:35:00";"GO";40;9,1;"LUZIANIA";"Ingestão de álcool pelo condutor";"Atropelamento de Pedestre";"Sem Vítimas";"Plena Noite";"Decrescente";"Céu Claro";"Dupla";"Reta";"Sim";4;0;0;0;2;2;0;3;-16,131158;-47,957739;"SPRF-DF";"DEL01-DF";"UOP01-DEL01-DF"
537746;2023-07-23;"domingo";"20:25:00";"SP";381;71;"MAIRIPORA";"Velocidade Incompatível";"Tombamento";"Com Vítimas Feridas";"Plena Noite";"Decrescente";"Céu Claro";"Dupla";"Reta";"Não";1;0;1;0;0;0;1;1;-23,35047979;-46,55267274;"SPRF-SP";"DEL03-SP";"UOP01-DEL03-SP"
537747;2023-07-23;"domingo";"20:25:00";"RS";290;88;"PORTO ALEGRE";"Reação tardia ou ineficiente do condutor";"Queda de ocupante de veículo";"Com Vítimas Feridas";"Plena Noite";"Decrescente";"Céu Claro";"Dupla";"Reta";"Sim";1;0;1;0;0;0;1;1;-29,96770248;-51,14079952;"SPRF-RS";"DEL01-RS";"UOP01-DEL01-RS"
537749;2023-07-23;"domingo";"19:00:00";"MG";40;425;"CURVELO";"Ingestão de álcool pelo condutor";"Colisão com objeto";"Com Vítimas Feridas";"Plena Noite";"Decrescente";"Céu Claro";"Dupla";"Declive;Reta";"Não";1;0;0;1;0;0;1;1;-19,16224489;-44,52254591;"SPRF-MG";"DEL02-MG";"UOP01-DEL02-MG"
537752;2023-07-23;"domingo";"20:00:00";"PR";277;133;"BALSA NOVA";"Reação tardia ou ineficiente do condutor";"Colisão transversal";"Sem Vítimas";"Plena Noite";"Decrescente";"Céu Claro";"Dupla";"Retorno Regulamentado;Reta";"Não";4;0;0;0;4;0;0;2;-25,47167723;-49,67014432;"SPRF-PR";"DEL03-PR";"UOP03-DEL03-PR"
537754;2023-07-23;"domingo";"18:30:00";"RJ";393;178;"TRES RIOS";"Acessar a via sem observar a presença dos outros veículos";"Colisão transversal";"Com Vítimas Feridas";"Plena Noite";"Crescente";"Céu Claro";"Simples";"Reta";"Sim";2;0;1;0;1;0;1;2;-22,13724075;-43,25251579;"SPRF-RJ";"DEL05-RJ";"UOP03-DEL05-RJ"
537755;2023-07-23;"domingo";"19:10:00";"RJ";493;6;"ITABORAI";"Afundamento ou ondulação no pavimento";"Queda de ocupante de veículo";"Com Vítimas Feridas";"Plena Noite";"Decrescente";"Céu Claro";"Simples";"Reta";"Sim";1;0;1;0;0;0;1;1;-22,73124198;-42,95145305;"SPRF-RJ";"DEL02-RJ";"UOP02-DEL02-RJ"
537756;2023-07-23;"domingo";"20:18:00";"PR";163;315,9;"GUAIRA";"Transitar na contramão";"Colisão lateral sentido oposto";"Com Vítimas Feridas";"Plena Noite";"Crescente";"Céu Claro";"Simples";"Reta";"Não";5;0;0;1;4;0;1;2;-24,3248;-54,156003;"SPRF-PR";"DEL06-PR";"UOP02-DEL06-PR"
537757;2023-07-23;"domingo";"07:45:00";"BA";420;341,6;"JAGUAQUARA";"Ausência de reação do condutor";"Capotamento";"Com Vítimas Feridas";"Pleno dia";"Decrescente";"Céu Claro";"Simples";"Curva";"Não";1;0;1;0;0;0;1;1;-13,51182899;-39,96208191;"SPRF-BA";"DEL03-BA";"UOP01-DEL03-BA"
537759;2023-07-23;"domingo";"19:20:00";"AL";316;252,6;"PILAR";"Entrada inopinada do pedestre";"Atropelamento de Pedestre";"Com Vítimas Fatais";"Plena Noite";"Decrescente";"Ignorado";"Simples";"Reta";"Sim";2;1;0;0;0;1;0;2;-9,57133936;-35,9663966;"SPRF-AL";"DEL02-AL";"UOP01-DEL02-AL"
537760;2023-07-23;"domingo";"15:30:00";"MA";402;22;"ROSARIO";"Transitar na contramão";"Colisão lateral sentido oposto";"Com Vítimas Fatais";"Pleno dia";"Crescente";"Céu Claro";"Simples";"Reta";"Não";10;3;0;2;5;0;2;3;-2,921074;-44,151394;"SPRF-MA";"DEL01-MA";"UOP01-DEL01-MA"
537761;2023-07-23;"domingo";"20:30:00";"PR";376;3,8;"APUCARANA";"Pedestre cruzava a pista fora da faixa";"Atropelamento de Pedestre";"Com Vítimas Feridas";"Plena Noite";"Crescente";"Céu Claro";"Simples";"Reta";"Sim";2;0;1;1;0;0;2;2;-23,5513;-51,461266;"SPRF-PR";"DEL07-PR";"UOP03-DEL07-PR"
537762;2023-07-23;"domingo";"20:30:00";"BA";242;806;"BARREIRAS";"Demais falhas mecânicas ou elétricas";"Incêndio";"Sem Vítimas";"Plena Noite";"Crescente";"Céu Claro";"Simples";"Reta";"Não";3;0;0;0;3;0;0;1;-12,13753342;-44,91969008;"SPRF-BA";"DEL10-BA";"UOP01-DEL10-BA"
537763;2023-07-23;"domingo";"16:00:00";"MG";381;159,5;"GOVERNADOR VALADARES";"Acessar a via sem observar a presença dos outros veículos";"Colisão lateral mesmo sentido";"Com Vítimas Feridas";"Pleno dia";"Crescente";"Chuva";"Simples";"Retorno Regulamentado";"Não";2;0;1;0;1;0;1;2;-18,92455594;-42,01932801;"SPRF-MG";"DEL06-MG";"UOP01-DEL06-MG"
537764;2023-07-23;"domingo";"19:20:00";"MG";116;764;"LEOPOLDINA";"Animais na Pista";"Atropelamento de Animal";"Com Vítimas Feridas";"Plena Noite";"Decrescente";"Céu Claro";"Simples";"Declive";"Sim";1;0;1;0;0;0;1;1;-21,52171912;-42,64030314;"SPRF-MG";"DEL07-MG";"UOP01-DEL07-MG"
537765;2023-07-23;"domingo";"17:00:00";"PI";343;643;"JERUMENHA";"Demais falhas mecânicas ou elétricas";"Eventos atípicos";"Com Vítimas Feridas";"Pleno dia";"Crescente";"Céu Claro";"Simples";"Reta";"Não";1;0;1;0;0;0;1;1;-7,031625;-43,3964;"SPRF-PI";"DEL03-PI";"UOP01-DEL03-PI"
537768;2023-07-23;"domingo";"16:30:00";"RJ";101;223;"SILVA JARDIM";"Acessar a via sem observar a presença dos outros veículos";"Colisão transversal";"Com Vítimas Fatais";"Pleno dia";"Crescente";"Céu Claro";"Dupla";"Reta";"Sim";2;1;0;0;1;0;0;2;-22,522631;-42,34270792;"SPRF-RJ";"DEL02-RJ";"UOP03-DEL02-RJ"
537769;2023-07-23;"domingo";"18:40:00";"PE";424;16;"PEDRA";"Reação tardia ou ineficiente do condutor";"Tombamento";"Com Vítimas Feridas";"Pleno dia";"Crescente";"Céu Claro";"Simples";"Declive;Reta";"Não";1;0;0;1;0;0;1;1;-8,49967931;-36,95655101;"SPRF-PE";"DEL04-PE";"UOP02-DEL04-PE"
537771;2023-07-23;"domingo";"19:50:00";"MG";40;41;"PARACATU";"Ingestão de álcool pelo condutor";"Saída de leito carroçável";"Com Vítimas Feridas";"Plena Noite";"Crescente";"Céu Claro";"Simples";"Declive;Reta";"Sim";2;0;1;0;0;1;1;2;-17,21271307;-46,87295209;"SPRF-MG";"DEL14-MG";"UOP01-DEL14-MG"
537772;2023-07-23;"domingo";"21:40:00";"DF";20;21;"BRASILIA";"Velocidade Incompatível";"Colisão traseira";"Com Vítimas Feridas";"Plena Noite";"Crescente";"Céu Claro";"Dupla";"Reta";"Sim";2;0;1;0;1;0;1;2;-15,603384;-47,684692;"SPRF-DF";"DEL02-DF";"UOP01-DEL02-DF"
537773;2023-07-23;"domingo";"20:30:00";"TO";153;89;"WANDERLANDIA";"Acesso irregular";"Colisão lateral sentido oposto";"Sem Vítimas";"Plena Noite";"Decrescente";"Céu Claro";"Simples";"Interseção de Vias";"Não";5;0;0;0;5;0;0;2;-6,82194781;-47,97953967;"SPRF-TO";"DEL02-TO";"UOP01-DEL02-TO"
537774;2023-07-23;"domingo";"17:30:00";"BA";101;634;"MASCOTE";"Objeto estático sobre o leito carroçável";"Saída de leito carroçável";"Com Vítimas Feridas";"Anoitecer";"Crescente";"Nublado";"Simples";"Reta";"Não";2;0;2;0;0;0;2;1;-15,744733;-39,477617;"SPRF-BA";"DEL05-BA";"UOP02-DEL05-BA"
537776;2023-07-23;"domingo";"20:00:00";"MG";365;854,5;"SANTA VITORIA";"Animais na Pista";"Atropelamento de Animal";"Com Vítimas Feridas";"Plena Noite";"Decrescente";"Céu Claro";"Simples";"Reta";"Não";2;0;1;1;0;0;2;1;-19,02573083;-50,35468805;"SPRF-MG";"DEL15-MG";"UOP03-DEL15-MG"
537777;2023-07-23;"domingo";"18:30:00";"SC";101;303;"LAGUNA";"Estacionar ou parar em local proibido";"Colisão com objeto";"Com Vítimas Feridas";"Plena Noite";"Decrescente";"Céu Claro";"Simples";"Reta";"Sim";3;0;1;0;2;0;1;2;-28,36149723;-48,74974275;"SPRF-SC";"DEL02-SC";"UOP03-DEL02-SC"
537778;2023-07-23;"domingo";"20:00:00";"PR";153;353;"RIO AZUL";"Transitar na contramão";"Colisão lateral sentido oposto";"Sem Vítimas";"Plena Noite";"Crescente";"Céu Claro";"Simples";"Reta";"Não";2;0;0;0;2;0;0;2;-25,62594193;-50,719173;"SPRF-PR";"DEL08-PR";"UOP02-DEL08-PR"
537779;2023-07-23;"domingo";"20:04:00";"SC";101;285,1;"IMBITUBA";"Manobra de mudança de faixa";"Colisão traseira";"Sem Vítimas";"Plena Noite";"Decrescente";"Céu Claro";"Dupla";"Reta";"Sim";6;0;0;0;6;0;0;2;-28,22947996;-48,70163526;"SPRF-SC";"DEL02-SC";"UOP03-DEL02-SC"
537781;2023-07-23;"domingo";"21:30:00";"PR";277;593;"CASCAVEL";"Reação tardia ou ineficiente do condutor";"Tombamento";"Com Vítimas Feridas";"Plena Noite";"Decrescente";"Céu Claro";"Simples";"Reta";"Sim";1;0;0;1;0;0;1;1;-24,98082053;-53,48254989;"SPRF-PR";"DEL04-PR";"UOP01-DEL04-PR"
537782;2023-07-23;"domingo";"20:00:00";"MG";381;440;"SABARA";"Demais falhas na via";"Eventos atípicos";"Com Vítimas Feridas";"Plena Noite";"Crescente";"Nublado";"Simples";"Aclive;Reta";"Não";1;0;0;1;0;0;1;1;-19,80008239;-43,76190792;"SPRF-MG";"DEL01-MG";"UOP01-DEL01-MG"
537785;2023-07-23;"domingo";"21:15:00";"PR";0;0;"UBIRATA";"Reação tardia ou ineficiente do condutor";"Saída de leito carroçável";"Sem Vítimas";"Plena Noite";"Não Informado";"Céu Claro";"Simples";"Reta";"Não";1;0;0;0;0;1;0;1;-24,5309;-52,9477;"SPRF-PR";"DEL04-PR";"UOP03-DEL04-PR"
537786;2023-07-23;"domingo";"20:08:00";"SC";101;285,2;"IMBITUBA";"Ultrapassagem Indevida";"Colisão transversal";"Sem Vítimas";"Plena Noite";"Decrescente";"Nublado";"Dupla";"Reta";"Sim";8;0;0;0;5;3;0;3;-28,22116606;-48,70063047;"SPRF-SC";"DEL02-SC";"UOP03-DEL02-SC"
537787;2023-07-23;"domingo";"19:35:00";"PR";369;390,9;"MAMBORE";"Animais na Pista";"Atropelamento de Animal";"Com Vítimas Feridas";"Plena Noite";"Crescente";"Céu Claro";"Simples";"Reta";"Não";7;0;4;0;3;0;4;2;-24,28170682;-52,54408836;"SPRF-PR";"DEL04-PR";"UOP03-DEL04-PR"
537791;2023-07-23;"domingo";"21:30:00";"RJ";493;114,5;"ITAGUAI";"Demais falhas mecânicas ou elétricas";"Incêndio";"Sem Vítimas";"Plena Noite";"Decrescente";"Céu Claro";"Dupla";"Reta";"Não";1;0;0;0;0;1;0;1;-22,82671163;-43,80717337;"SPRF-RJ";"DEL03-RJ";"UOP01-DEL03-RJ"
537792;2023-07-23;"domingo";"22:00:00";"PA";230;114;"MARABA";"Condutor deixou de manter distância do veículo da frente";"Colisão traseira";"Sem Vítimas";"Plena Noite";"Crescente";"Céu Claro";"Simples";"Rotatória";"Sim";2;0;0;0;2;0;0;2;-5,36466678;-49,06623294;"SPRF-PA";"DEL03-PA";"UOP01-DEL03-PA"
537793;2023-07-23;"domingo";"21:40:00";"MA";135;71;"SANTA RITA";"Ausência de reação do condutor";"Colisão traseira";"Com Vítimas Feridas";"Plena Noite";"Decrescente";"Céu Claro";"Simples";"Reta";"Sim";2;0;1;0;1;0;1;2;-3,14970425;-44,32934734;"SPRF-MA";"DEL01-MA";"UOP02-DEL01-MA"
537794;2023-07-23;"domingo";"18:45:00";"PB";361;32,6;"CATINGUEIRA";"Animais na Pista";"Colisão com objeto";"Sem Vítimas";"Plena Noite";"Crescente";"Céu Claro";"Simples";"Reta";"Não";1;0;0;0;0;1;0;1;-7,0879361;-37,527634;"SPRF-PB";"DEL03-PB";"UOP01-DEL03-PB"
537795;2023-07-23;"domingo";"22:30:00";"SC";116;284;"CAPAO ALTO";"Ingestão de álcool pelo condutor";"Saída de leito carroçável";"Sem Vítimas";"Plena Noite";"Decrescente";"Céu Claro";"Simples";"Interseção de Vias";"Não";1;0;0;0;1;0;0;1;-28,071781;-50,57883399;"SPRF-SC";"DEL05-SC";"UOP02-DEL05-SC"
537796;2023-07-23;"domingo";"22:30:00";"SC";116;284,5;"CAPAO ALTO";"Ausência de reação do condutor";"Saída de leito carroçável";"Sem Vítimas";"Plena Noite";"Decrescente";"Nublado";"Simples";"Retorno Regulamentado;Interseção de Vias;Rotatória";"Não";1;0;0;0;1;0;0;1;-28,07674193;-50,58129072;"SPRF-SC";"DEL05-SC";"UOP02-DEL05-SC"
537797;2023-07-23;"domingo";"23:00:00";"SC";101;145,2;"ITAPEMA";"Pedestre andava na pista";"Atropelamento de Pedestre";"Com Vítimas Feridas";"Plena Noite";"Crescente";"Nublado";"Dupla";"Reta";"Não";2;0;0;1;1;0;1;2;-27,08139206;-48,60130993;"SPRF-SC";"DEL04-SC";"UOP03-DEL04-SC"
537798;2023-07-23;"domingo";"22:30:00";"BA";324;358;"CAPIM GROSSO";"Ingestão de álcool pelo condutor";"Colisão traseira";"Sem Vítimas";"Plena Noite";"Crescente";"Céu Claro";"Simples";"Declive";"Não";2;0;0;0;2;0;0;2;-11,38809944;-39,98771016;"SPRF-BA";"DEL04-BA";"UOP02-DEL04-BA"
537799;2023-07-23;"domingo";"23:25:00";"RN";101;94;"NATAL";"Ingestão de álcool pelo condutor";"Capotamento";"Sem Vítimas";"Plena Noite";"Crescente";"Chuva";"Dupla";"Reta";"Sim";2;0;0;0;2;0;0;1;-5,83176615;-35,21191342;"SPRF-RN";"DEL01-RN";"UOP01-DEL01-RN"
537800;2023-07-23;"domingo";"23:30:00";"PR";116;116;"CURITIBA";"Ausência de reação do condutor";"Tombamento";"Sem Vítimas";"Plena Noite";"Decrescente";"Céu Claro";"Múltipla";"Reta";"Sim";1;0;0;0;1;0;0;1;-25,55468195;-49,27402397;"SPRF-PR";"DEL01-PR";"UOP03-DEL01-PR"
537801;2023-07-23;"domingo";"23:30:00";"RJ";493;59;"DUQUE DE CAXIAS";"Reação tardia ou ineficiente do condutor";"Queda de ocupante de veículo";"Com Vítimas Feridas";"Plena Noite";"Decrescente";"Nublado";"Dupla";"Reta";"Não";2;0;1;0;1;0;1;1;-22,672089;-43,285053;"SPRF-RJ";"DEL01-RJ";"UOP03-DEL01-RJ"
537802;2023-07-23;"domingo";"22:22:00";"RO";364;686;"CANDEIAS DO JAMARI";"Transitar no Acostamento";"Atropelamento de Pedestre";"Com Vítimas Feridas";"Plena Noite";"Decrescente";"Céu Claro";"Simples";"Reta";"Não";3;0;0;1;0;2;1;3;-8,79143928;-63,64204697;"SPRF-RO";"DEL01-RO";"UOP01-DEL01-RO"
537804;2023-07-23;"domingo";"23:10:00";"RJ";493;48;"DUQUE DE CAXIAS";"Reação tardia ou ineficiente do condutor";"Colisão traseira";"Com Vítimas Feridas";"Plena Noite";"Decrescente";"Céu Claro";"Dupla";"Reta";"Sim";3;0;1;0;2;0;1;2;-22,672089;-43,285053;"SPRF-RJ";"DEL01-RJ";"UOP01-DEL01-RJ"
537806;2023-07-23;"domingo";"19:10:00";"PA";10;288,1;"MAE DO RIO";"Deficiência do Sistema de Iluminação/Sinalização";"Colisão traseira";"Com Vítimas Feridas";"Plena Noite";"Decrescente";"Ignorado";"Simples";"Reta;Declive";"Não";4;0;3;0;1;0;3;2;-1,91433503;-47,52113775;"SPRF-PA";"DEL02-PA";"UOP01-DEL02-PA"
537808;2023-07-23;"domingo";"21:00:00";"RJ";493;100;"SEROPEDICA";"Iluminação deficiente";"Saída de leito carroçável";"Com Vítimas Feridas";"Plena Noite";"Crescente";"Céu Claro";"Dupla";"Reta";"Não";2;0;2;0;0;0;2;1;-22,74105859;-43,72221708;"SPRF-RJ";"DEL03-RJ";"UOP01-DEL03-RJ"
537809;2023-07-23;"domingo";"23:30:00";"PI";343;109;"COCAL";"Transitar na contramão";"Colisão frontal";"Com Vítimas Fatais";"Plena Noite";"Decrescente";"Céu Claro";"Simples";"Reta";"Não";41;1;0;0;40;0;0;2;-3,645938;-41,674126;"SPRF-PI";"DEL05-PI";"UOP01-DEL05-PI"
537810;2023-07-23;"domingo";"23:30:00";"PR";277;482,1;"NOVA LARANJEIRAS";"Condutor Dormindo";"Saída de leito carroçável";"Com Vítimas Feridas";"Plena Noite";"Crescente";"Céu Claro";"Simples";"Aclive;Curva";"Não";2;0;0;2;0;0;2;1;-25,2662267;-52,6182491;"SPRF-PR";"DEL04-PR";"UOP02-DEL04-PR"
537811;2023-07-23;"domingo";"21:50:00";"RJ";493;18,5;"GUAPIMIRIM";"Transitar no Acostamento";"Atropelamento de Pedestre";"Com Vítimas Feridas";"Plena Noite";"Crescente";"Nublado";"Simples";"Reta";"Sim";3;0;0;1;0;2;1;2;-22,6687122;-43,01862696;"SPRF-RJ";"DEL04-RJ";"UOP02-DEL04-RJ"
537812;2023-07-23;"domingo";"22:40:00";"RJ";101;487;"ANGRA DOS REIS";"Ingestão de álcool pelo condutor";"Colisão traseira";"Com Vítimas Feridas";"Plena Noite";"Crescente";"Céu Claro";"Simples";"Reta";"Sim";6;0;4;0;2;0;4;2;-22,96828891;-44,29864663;"SPRF-RJ";"DEL03-RJ";"UOP03-DEL03-RJ"
537813;2023-07-23;"domingo";"20:00:00";"PA";308;221;"AUGUSTO CORREA";"Transitar na contramão";"Colisão frontal";"Com Vítimas Fatais";"Plena Noite";"Crescente";"Céu Claro";"Simples";"Reta";"Não";7;1;0;6;0;0;6;2;-1,08961401;-46,62999304;"SPRF-PA";"DEL01-PA";"UOP03-DEL01-PA"
537815;2023-07-23;"domingo";"19:50:00";"PR";376;37,8;"NOVA LONDRINA";"Velocidade Incompatível";"Capotamento";"Com Vítimas Feridas";"Plena Noite";"Crescente";"Céu Claro";"Simples";"Rotatória";"Não";2;0;1;0;1;0;1;1;-22,81170983;-53,01976204;"SPRF-PR";"DEL09-PR";"UOP02-DEL09-PR"
537816;2023-07-23;"domingo";"19:15:00";"RJ";101;503;"ANGRA DOS REIS";"Acessar a via sem observar a presença dos outros veículos";"Colisão traseira";"Com Vítimas Fatais";"Plena Noite";"Crescente";"Céu Claro";"Simples";"Reta";"Sim";3;1;1;0;0;1;1;2;-22,92894705;-44,37879998;"SPRF-RJ";"DEL03-RJ";"UOP03-DEL03-RJ"
537817;2023-07-24;"segunda-feira";"02:00:00";"SP";116;222,4;"GUARULHOS";"Entrada inopinada do pedestre";"Atropelamento de Pedestre";"Com Vítimas Fatais";"Plena Noite";"Crescente";"Céu Claro";"Múltipla";"Reta";"Não";2;1;0;0;0;1;0;2;-23,47093408;-46,51631097;"SPRF-SP";"DEL01-SP";"UOP01-DEL01-SP"
537818;2023-07-24;"segunda-feira";"01:20:00";"MG";365;32,3;"MONTES CLAROS";"Pista Escorregadia";"Saída de leito carroçável";"Com Vítimas Feridas";"Plena Noite";"Crescente";"Chuva";"Simples";"Aclive;Reta";"Não";1;0;1;0;0;0;1;1;-16,85619511;-44,11701088;"SPRF-MG";"DEL12-MG";"UOP01-DEL12-MG"
537819;2023-07-23;"domingo";"22:30:00";"MT";70;547;"NOSSA SENHORA DO LIVRAMENTO";"Condutor deixou de manter distância do veículo da frente";"Colisão traseira";"Com Vítimas Feridas";"Plena Noite";"Decrescente";"Céu Claro";"Simples";"Reta";"Não";4;0;3;0;1;0;3;2;-15,67918931;-56,29581574;"SPRF-MT";"DEL03-MT";"UOP02-DEL03-MT"
537823;2023-07-24;"segunda-feira";"02:30:00";"MS";158;278;"TRES LAGOAS";"Ingestão de álcool pelo condutor";"Saída de leito carroçável";"Sem Vítimas";"Plena Noite";"Decrescente";"Céu Claro";"Simples";"Reta";"Não";1;0;0;0;1;0;0;1;-20,819801;-51,725961;"SPRF-MS";"DEL07-MS";"UOP01-DEL07-MS"
537826;2023-07-24;"segunda-feira";"05:00:00";"DF";60;20;"BRASILIA";"Objeto estático sobre o leito carroçável";"Colisão com objeto";"Com Vítimas Feridas";"Pleno dia";"Decrescente";"Céu Claro";"Dupla";"Curva";"Não";1;0;1;0;0;0;1;1;-15,976206;-48,198563;"SPRF-DF";"DEL03-DF";"UOP01-DEL03-DF"
537827;2023-07-23;"domingo";"22:50:00";"RS";480;67,5;"BARAO DE COTEGIPE";"Ingestão de álcool pelo condutor";"Saída de leito carroçável";"Com Vítimas Feridas";"Plena Noite";"Decrescente";"Céu Claro";"Simples";"Curva;Declive";"Não";3;0;2;0;0;1;2;1;-27,63591639;-52,35183318;"SPRF-RS";"DEL08-RS";"UOP04-DEL08-RS"
537829;2023-07-24;"segunda-feira";"05:30:00";"TO";226;68;"WANDERLANDIA";"Condutor Dormindo";"Saída de leito carroçável";"Com Vítimas Feridas";"Amanhecer";"Crescente";"Céu Claro";"Simples";"Reta;Em Obras";"Não";4;0;3;0;1;0;3;1;-6,838892;-47,945732;"SPRF-TO";"DEL02-TO";"UOP03-DEL02-TO"
537830;2023-07-24;"segunda-feira";"05:40:00";"PI";343;307;"ALTOS";"Transitar na contramão";"Atropelamento de Pedestre";"Com Vítimas Feridas";"Amanhecer";"Decrescente";"Céu Claro";"Simples";"Curva";"Sim";3;0;1;2;0;0;3;2;-5,039802;-42,459518;"SPRF-PI";"DEL01-PI";"UOP01-DEL01-PI"
537831;2023-07-23;"domingo";"20:00:00";"GO";153;646;"MORRINHOS";"Demais falhas mecânicas ou elétricas";"Incêndio";"Com Vítimas Feridas";"Plena Noite";"Decrescente";"Céu Claro";"Dupla";"Reta";"Não";2;0;1;0;1;0;1;1;-17,932;-49,2444;"SPRF-GO";"DEL03-GO";"UOP01-DEL03-GO"
537832;2023-07-24;"segunda-feira";"06:50:00";"PR";369;141;"IBIPORA";"Condutor deixou de manter distância do veículo da frente";"Colisão traseira";"Com Vítimas Feridas";"Pleno dia";"Crescente";"Nublado";"Simples";"Declive;Reta";"Sim";3;0;1;0;2;0;1;3;-23,28529265;-51,07390748;"SPRF-PR";"DEL07-PR";"UOP01-DEL07-PR"
537833;2023-07-24;"segunda-feira";"04:00:00";"BA";116;555;"MILAGRES";"Pista Escorregadia";"Colisão frontal";"Com Vítimas Feridas";"Plena Noite";"Decrescente";"Garoa/Chuvisco";"Simples";"Declive;Reta";"Não";4;0;2;1;1;0;3;3;-12,91216828;-39,86580772;"SPRF-BA";"DEL03-BA";"UOP02-DEL03-BA"
537834;2023-07-24;"segunda-feira";"06:10:00";"MG";40;524,1;"CONTAGEM";"Trafegar com motocicleta (ou similar) entre as faixas";"Colisão traseira";"Com Vítimas Feridas";"Pleno dia";"Crescente";"Nublado";"Dupla";"Reta";"Sim";2;0;0;1;1;0;1;2;-19,8754469;-44,05345586;"SPRF-MG";"DEL01-MG";"UOP02-DEL01-MG"
537836;2023-07-24;"segunda-feira";"06:10:00";"PI";343;185;"PIRIPIRI";"Animais na Pista";"Atropelamento de Animal";"Com Vítimas Feridas";"Pleno dia";"Crescente";"Céu Claro";"Simples";"Aclive;Reta";"Não";2;0;1;1;0;0;2;1;-4,280882;-41,763885;"SPRF-PI";"DEL02-PI";"UOP01-DEL02-PI"
537837;2023-07-24;"segunda-feira";"06:42:00";"ES";101;214,8;"IBIRACU";"Manobra de mudança de faixa";"Colisão lateral sentido oposto";"Com Vítimas Feridas";"Pleno dia";"Crescente";"Nublado";"Simples";"Curva";"Sim";2;0;0;1;1;0;1;2;-19,82999127;-40,37211181;"SPRF-ES";"DEL02-ES";"UOP01-DEL02-ES"
537838;2023-07-24;"segunda-feira";"06:45:00";"PA";316;108;"SANTA MARIA DO PARA";"Ausência de reação do condutor";"Atropelamento de Animal";"Com Vítimas Feridas";"Pleno dia";"Decrescente";"Sol";"Simples";"Reta";"Não";2;0;1;1;0;0;2;1;-1,33327682;-47,53499814;"SPRF-PA";"DEL01-PA";"UOP02-DEL01-PA"
537839;2023-07-24;"segunda-feira";"05:35:00";"SC";101;86,6;"BARRA VELHA";"Reação tardia ou ineficiente do condutor";"Saída de leito carroçável";"Com Vítimas Fatais";"Plena Noite";"Decrescente";"Nevoeiro/Neblina";"Múltipla";"Aclive;Reta";"Sim";3;1;2;0;0;0;2;1;-26,64;-48,6923;"SPRF-SC";"DEL03-SC";"UOP02-DEL03-SC"
537840;2023-07-24;"segunda-feira";"07:00:00";"PR";116;123;"CURITIBA";"Trafegar com motocicleta (ou similar) entre as faixas";"Colisão lateral mesmo sentido";"Com Vítimas Feridas";"Pleno dia";"Decrescente";"Céu Claro";"Dupla";"Reta";"Sim";5;0;0;1;4;0;1;3;-25,57736002;-49,31243589;"SPRF-PR";"DEL01-PR";"UOP03-DEL01-PR"