"id";"data_inversa";"dia_semana";"horario";"uf";"br";"km";"municipio";"causa_acidente";"tipo_acidente";"classificacao_acidente";"fase_dia";"sentido_via";"condicao_metereologica";"tipo_pista";"tracado_via";"uso_solo";"pessoas";"mortos";"feridos_leves";"feridos_graves";"ilesos";"ignorados";"feridos";"veiculos";"latitude";"longitude";"regional";"delegacia";"uop"
537842;2023-07-24;"segunda-feira";"06:50:00";"PE";101;68;"RECIFE";"Condutor deixou de manter distância do veículo da frente";"Colisão traseira";"Com Vítimas Feridas";"Pleno dia";"Crescente";"Chuva";"Dupla";"Aclive";"Não";2;0;1;0;1;0;1;2;-8,05074296;-34,94580619;"SPRF-PE";"DEL01-PE";"UOP01-DEL01-PE"
537843;2023-07-24;"segunda-feira";"07:03:00";"SP";116;160;"JACAREI";"Manobra de mudança de faixa";"Colisão traseira";"Com Vítimas Feridas";"Pleno dia";"Crescente";"Céu Claro";"Dupla";"Reta";"Sim";2;0;1;0;1;0;1;2;-23,27101606;-45,96787896;"SPRF-SP";"DEL02-SP";"UOP01-DEL02-SP"
537844;2023-07-24;"segunda-feira";"05:36:00";"BA";116;411;"FEIRA DE SANTANA";"Demais falhas mecânicas ou elétricas";"Colisão com objeto";"Com Vítimas Feridas";"Amanhecer";"Crescente";"Nevoeiro/Neblina";"Dupla";"Reta";"Sim";2;0;2;0;0;0;2;1;-12,12521099;-38,96820175;"SPRF-BA";"DEL02-BA";"UOP01-DEL02-BA"
537845;2023-07-24;"segunda-feira";"07:30:00";"MG";381;603;"OLIVEIRA";"Velocidade Incompatível";"Capotamento";"Com Vítimas Feridas";"Pleno dia";"Crescente";"Céu Claro";"Dupla";"Curva";"Não";5;0;4;0;1;0;4;1;-20,64973798;-44,73551891;"SPRF-MG";"DEL04-MG";"UOP01-DEL04-MG"
537846;2023-07-24;"segunda-feira";"07:30:00";"BA";324;619;"SALVADOR";"Acessar a via sem observar a presença dos outros veículos";"Colisão lateral mesmo sentido";"Com Vítimas Feridas";"Pleno dia";"Crescente";"Chuva";"Dupla";"Reta";"Não";3;0;2;0;1;0;2;2;-12,89820999;-38,45012202;"SPRF-BA";"DEL01-BA";"UOP01-DEL01-BA"
537847;2023-07-24;"segunda-feira";"07:30:00";"PR";476;161;"ARAUCARIA";"Manobra de mudança de faixa";"Colisão lateral mesmo sentido";"Com Vítimas Feridas";"Pleno dia";"Decrescente";"Sol";"Simples";"Curva;Aclive";"Não";3;0;0;1;2;0;1;3;-25,6338503;-49,4603591;"SPRF-PR";"DEL01-PR";"UOP06-DEL01-PR"
537848;2023-07-24;"segunda-feira";"07:45:00";"MG";40;461;"SETE LAGOAS";"Condutor deixou de manter distância do veículo da frente";"Colisão traseira";"Sem Vítimas";"Pleno dia";"Crescente";"Chuva";"Dupla";"Curva;Declive";"Não";2;0;0;0;2;0;0;2;-19,4065509;-44,33367766;"SPRF-MG";"DEL02-MG";"UOP01-DEL02-MG"
537849;2023-07-24;"segunda-feira";"07:50:00";"MG";40;517,7;"RIBEIRAO DAS NEVES";"Trafegar com motocicleta (ou similar) entre as faixas";"Atropelamento de Pedestre";"Com Vítimas Feridas";"Pleno dia";"Crescente";"Céu Claro";"Dupla";"Reta";"Não";2;0;1;1;0;0;2;2;-19,82351202;-44,08438913;"SPRF-MG";"DEL01-MG";"UOP02-DEL01-MG"
537850;2023-07-24;"segunda-feira";"06:40:00";"RS";116;137,8;"CAXIAS DO SUL";"Reação tardia ou ineficiente do condutor";"Atropelamento de Pedestre";"Com Vítimas Fatais";"Amanhecer";"Decrescente";"Céu Claro";"Simples";"Reta";"Não";2;1;1;0;0;0;1;2;-29,088462;-51,113075;"SPRF-RS";"DEL05-RS";"UOP01-DEL05-RS"
537852;2023-07-24;"segunda-feira";"08:15:00";"PE";101;71;"RECIFE";"Acostamento em desnível";"Queda de ocupante de veículo";"Com Vítimas Feridas";"Pleno dia";"Decrescente";"Sol";"Dupla";"Reta";"Sim";2;0;1;0;1;0;1;1;-8,078292;-34,942923;"SPRF-PE";"DEL01-PE";"UOP01-DEL01-PE"
537853;2023-07-24;"segunda-feira";"07:30:00";"BA";324;625;"SALVADOR";"Demais falhas mecânicas ou elétricas";"Tombamento";"Com Vítimas Feridas";"Pleno dia";"Crescente";"Chuva";"Múltipla";"Reta";"Sim";2;0;2;0;0;0;2;1;-12,94194706;-38,47081224;"SPRF-BA";"DEL01-BA";"UOP01-DEL01-BA"
537854;2023-07-24;"segunda-feira";"07:00:00";"RS";290;90;"PORTO ALEGRE";"Condutor deixou de manter distância do veículo da frente";"Tombamento";"Com Vítimas Feridas";"Amanhecer";"Crescente";"Nublado";"Dupla";"Reta";"Sim";1;0;1;0;0;0;1;1;-29,968319;-51,157398;"SPRF-RS";"DEL01-RS";"UOP01-DEL01-RS"
537856;2023-07-24;"segunda-feira";"07:45:00";"GO";153;618,6;"MORRINHOS";"Demais falhas mecânicas ou elétricas";"Queda de ocupante de veículo";"Com Vítimas Feridas";"Pleno dia";"Decrescente";"Céu Claro";"Dupla";"Reta";"Não";1;0;1;0;0;0;1;1;-17,7039;-49,1552;"SPRF-GO";"DEL03-GO";"UOP01-DEL03-GO"
537857;2023-07-24;"segunda-feira";"07:30:00";"DF";20;3;"BRASILIA";"Ausência de reação do condutor";"Colisão traseira";"Com Vítimas Feridas";"Pleno dia";"Decrescente";"Céu Claro";"Múltipla";"Aclive;Reta";"Sim";2;0;0;1;1;0;1;2;-15,679851;-47,832211;"SPRF-DF";"DEL02-DF";"UOP01-DEL02-DF"
537858;2023-07-24;"segunda-feira";"08:04:00";"ES";101;269;"SERRA";"Condutor desrespeitou a iluminação vermelha do semáforo";"Colisão transversal";"Com Vítimas Feridas";"Pleno dia";"Decrescente";"Sol";"Múltipla";"Reta";"Sim";2;0;1;0;1;0;1;2;-20,21740496;-40,26990578;"SPRF-ES";"DEL02-ES";"UOP01-DEL02-ES"
537859;2023-07-24;"segunda-feira";"07:07:00";"MG";381;659,3;"SANTO ANTONIO DO AMPARO";"Ausência de reação do condutor";"Saída de leito carroçável";"Com Vítimas Feridas";"Pleno dia";"Decrescente";"Nublado";"Dupla";"Aclive;Reta";"Não";1;0;1;0;0;0;1;1;-21,02449291;-44,99763007;"SPRF-MG";"DEL04-MG";"UOP02-DEL04-MG"
537860;2023-07-24;"segunda-feira";"06:36:00";"MT";163;832;"SINOP";"Reação tardia ou ineficiente do condutor";"Queda de ocupante de veículo";"Com Vítimas Feridas";"Pleno dia";"Crescente";"Céu Claro";"Dupla";"Reta";"Sim";1;0;1;0;0;0;1;1;-12,0138;-55,51719;"SPRF-MT";"DEL06-MT";"UOP02-DEL06-MT"
537861;2023-07-24;"segunda-feira";"08:10:00";"PI";316;3;"TERESINA";"Ausência de reação do condutor";"Colisão lateral mesmo sentido";"Com Vítimas Feridas";"Pleno dia";"Decrescente";"Céu Claro";"Dupla";"Interseção de Vias";"Sim";2;0;0;1;1;0;1;2;-5,12826443;-42,79292384;"SPRF-PI";"DEL01-PI";"UOP02-DEL01-PI"
537864;2023-07-24;"segunda-feira";"08:57:00";"RJ";116;177;"SAO JOAO DE MERITI";"Condutor deixou de manter distância do veículo da frente";"Colisão traseira";"Com Vítimas Feridas";"Pleno dia";"Decrescente";"Céu Claro";"Múltipla";"Reta";"Sim";2;0;1;0;1;0;1;2;-22,78055198;-43,39208599;"SPRF-RJ";"DEL01-RJ";"UOP02-DEL01-RJ"
537865;2023-07-24;"segunda-feira";"08:40:00";"SC";101;148,9;"ITAPEMA";"Manobra de mudança de faixa";"Colisão com objeto";"Com Vítimas Feridas";"Pleno dia";"Decrescente";"Sol";"Múltipla";"Declive";"Sim";1;0;1;0;0;0;1;1;-27,10123686;-48,61807962;"SPRF-SC";"DEL04-SC";"UOP03-DEL04-SC"
537866;2023-07-24;"segunda-feira";"09:00:00";"SC";101;174,1;"GOVERNADOR CELSO RAMOS";"Ausência de reação do condutor";"Saída de leito carroçável";"Com Vítimas Feridas";"Pleno dia";"Decrescente";"Céu Claro";"Dupla";"Reta";"Não";1;0;1;0;0;0;1;1;-27,33081601;-48,62697562;"SPRF-SC";"DEL01-SC";"UOP01-DEL01-SC"
537867;2023-07-24;"segunda-feira";"09:10:00";"GO";50;281,1;"CATALAO";"Ausência de reação do condutor";"Colisão traseira";"Com Vítimas Feridas";"Pleno dia";"Decrescente";"Céu Claro";"Simples";"Reta";"Sim";2;0;1;0;1;0;1;2;-18,1838;-47,9441;"SPRF-GO";"DEL06-GO";"UOP01-DEL06-GO"
537868;2023-07-24;"segunda-feira";"08:30:00";"PR";277;124,5;"BALSA NOVA";"Manobra de mudança de faixa";"Colisão lateral mesmo sentido";"Com Vítimas Feridas";"Pleno dia";"Decrescente";"Céu Claro";"Dupla";"Reta";"Não";3;0;2;0;1;0;2;2;-25,468894;-49,596738;"SPRF-PR";"DEL03-PR";"UOP03-DEL03-PR"
537869;2023-07-24;"segunda-feira";"09:00:00";"PR";373;190;"PONTA GROSSA";"Reação tardia ou ineficiente do condutor";"Saída de leito carroçável";"Com Vítimas Feridas";"Pleno dia";"Crescente";"Céu Claro";"Simples";"Curva;Declive";"Não";2;0;2;0;0;0;2;1;-25,05532599;-50,338175;"SPRF-PR";"DEL03-PR";"UOP01-DEL03-PR"
537870;2023-07-24;"segunda-feira";"08:30:00";"MS";163;748;"COXIM";"Ausência de reação do condutor";"Tombamento";"Com Vítimas Feridas";"Pleno dia";"Crescente";"Céu Claro";"Simples";"Reta";"Não";2;0;1;0;1;0;1;1;-18,3654;-54,6649078;"SPRF-MS";"DEL06-MS";"UOP01-DEL06-MS"
537871;2023-07-24;"segunda-feira";"08:57:00";"MG";262;380,3;"JUATUBA";"Velocidade Incompatível";"Saída de leito carroçável";"Sem Vítimas";"Pleno dia";"Decrescente";"Chuva";"Dupla";"Curva";"Não";4;0;0;0;4;0;0;2;-19,947864;-44,381226;"SPRF-MG";"DEL01-MG";"UOP03-DEL01-MG"
537874;2023-07-24;"segunda-feira";"07:50:00";"PA";316;62;"CASTANHAL";"Acessar a via sem observar a presença dos outros veículos";"Colisão transversal";"Com Vítimas Feridas";"Pleno dia";"Decrescente";"Céu Claro";"Dupla";"Reta";"Sim";2;0;0;2;0;0;2;2;-1,29786885;-47,93764104;"SPRF-PA";"DEL01-PA";"UOP01-DEL01-PA"
537875;2023-07-24;"segunda-feira";"09:49:00";"GO";364;82;"CACHOEIRA ALTA";"Manobra de mudança de faixa";"Capotamento";"Sem Vítimas";"Pleno dia";"Crescente";"Céu Claro";"Simples";"Reta";"Não";1;0;0;0;1;0;0;1;-18,567274;-51,047333;"SPRF-GO";"DEL05-GO";"UOP02-DEL05-GO"
537876;2023-07-24;"segunda-feira";"09:50:00";"GO";80;128;"BARRO ALTO";"Ausência de reação do condutor";"Saída de leito carroçável";"Com Vítimas Feridas";"Pleno dia";"Crescente";"Céu Claro";"Simples";"Declive;Reta";"Não";3;0;1;0;2;0;1;1;-15,00149975;-48,90443802;"SPRF-GO";"DEL07-GO";"UOP02-DEL07-GO"
537880;2023-06-30;"sexta-feira";"23:00:00";"TO";153;333;"GUARAI";"Conversão proibida";"Colisão transversal";"Com Vítimas Feridas";"Plena Noite";"Decrescente";"Céu Claro";"Dupla";"Reta";"Sim";2;0;1;0;1;0;1;2;-8,826486;-48,51216;"SPRF-TO";"DEL02-TO";"UOP02-DEL02-TO"
537882;2023-07-24;"segunda-feira";"09:45:00";"PR";277;48,5;"MORRETES";"Reação tardia ou ineficiente do condutor";"Colisão com objeto";"Com Vítimas Feridas";"Pleno dia";"Crescente";"Sol";"Dupla";"Aclive;Reta";"Não";1;0;1;0;0;0;1;1;-25,59018183;-48,93179119;"SPRF-PR";"DEL01-PR";"UOP01-DEL01-PR"
537885;2023-07-24;"segunda-feira";"09:50:00";"DF";20;7;"BRASILIA";"Reação tardia ou ineficiente do condutor";"Saída de leito carroçável";"Com Vítimas Feridas";"Pleno dia";"Crescente";"Céu Claro";"Dupla";"Reta";"Sim";1;0;1;0;0;0;1;1;-15,662208;-47,799866;"SPRF-DF";"DEL02-DF";"UOP01-DEL02-DF"
537886;2023-07-24;"segunda-feira";"10:33:00";"PI";343;343;"TERESINA";"Manobra de mudança de faixa";"Colisão transversal";"Com Vítimas Feridas";"Pleno dia";"Crescente";"Céu Claro";"Simples";"Rotatória";"Não";2;0;1;0;1;0;1;2;-5,087362;-42,757851;"SPRF-PI";"DEL01-PI";"UOP01-DEL01-PI"
537887;2023-07-24;"segunda-feira";"10:00:00";"RS";386;74,8;"BOA VISTA DAS MISSOES";"Acessar a via sem observar a presença dos outros veículos";"Colisão transversal";"Com Vítimas Feridas";"Pleno dia";"Crescente";"Nublado";"Dupla";"Interseção de Vias";"Sim";4;0;1;0;3;0;1;2;-27,68632164;-53,30767714;"SPRF-RS";"DEL08-RS";"UOP02-DEL08-RS"
537888;2023-07-24;"segunda-feira";"10:40:00";"PE";232;410;"SERRA TALHADA";"Condutor deixou de manter distância do veículo da frente";"Colisão traseira";"Com Vítimas Feridas";"Pleno dia";"Decrescente";"Céu Claro";"Simples";"Reta";"Não";3;0;1;0;1;1;1;3;-7,982422;-38,302394;"SPRF-PE";"DEL04-PE";"UOP01-DEL04-PE"
537889;2023-07-24;"segunda-feira";"11:10:00";"MG";146;491,5;"POCOS DE CALDAS";"Conversão proibida";"Colisão lateral mesmo sentido";"Com Vítimas Feridas";"Pleno dia";"Crescente";"Céu Claro";"Simples";"Aclive;Reta";"Sim";2;0;0;1;1;0;1;2;-21,806817;-46,489297;"SPRF-MG";"DEL09-MG";"UOP01-DEL09-MG"
537892;2023-07-24;"segunda-feira";"11:05:00";"PB";230;72;"SOBRADO";"Condutor deixou de manter distância do veículo da frente";"Saída de leito carroçável";"Com Vítimas Feridas";"Pleno dia";"Decrescente";"Sol";"Dupla";"Aclive;Reta;Desvio Temporário";"Não";3;0;2;1;0;0;3;1;-7,1907;-35,2418;"SPRF-PB";"DEL01-PB";"UOP03-DEL01-PB"
537893;2023-07-24;"segunda-feira";"11:00:00";"DF";20;40;"BRASILIA";"Acumulo de óleo sobre o pavimento";"Tombamento";"Com Vítimas Feridas";"Pleno dia";"Crescente";"Céu Claro";"Dupla";"Curva;Declive";"Não";2;0;1;0;1;0;1;2;-15,581853;-47,512711;"SPRF-DF";"DEL02-DF";"UOP01-DEL02-DF"
537894;2023-07-24;"segunda-feira";"10:50:00";"ES";101;298,3;"VIANA";"Acessar a via sem observar a presença dos outros veículos";"Colisão transversal";"Com Vítimas Feridas";"Pleno dia";"Crescente";"Sol";"Dupla";"Viaduto";"Sim";3;0;2;0;1;0;2;2;-20,35374444;-40,4156433;"SPRF-ES";"DEL01-ES";"UOP01-DEL01-ES"
537896;2023-07-24;"segunda-feira";"10:00:00";"PR";153;334;"IRATI";"Ultrapassagem Indevida";"Colisão lateral mesmo sentido";"Com Vítimas Feridas";"Pleno dia";"Decrescente";"Céu Claro";"Simples";"Reta";"Não";2;0;1;0;1;0;1;2;-25,481234;-50,640733;"SPRF-PR";"DEL08-PR";"UOP02-DEL08-PR"
537897;2023-07-24;"segunda-feira";"10:40:00";"RJ";101;488,9;"ANGRA DOS REIS";"Condutor Dormindo";"Colisão frontal";"Com Vítimas Feridas";"Pleno dia";"Crescente";"Céu Claro";"Simples";"Reta";"Sim";3;0;1;0;2;0;1;2;-22,96020896;-44,29612622;"SPRF-RJ";"DEL03-RJ";"UOP03-DEL03-RJ"
537901;2023-07-24;"segunda-feira";"11:20:00";"PE";101;67;"RECIFE";"Condutor deixou de manter distância do veículo da frente";"Colisão traseira";"Com Vítimas Feridas";"Pleno dia";"Decrescente";"Céu Claro";"Dupla";"Reta";"Sim";2;0;1;0;1;0;1;2;-8,042334;-34,943096;"SPRF-PE";"DEL01-PE";"UOP01-DEL01-PE"
537902;2023-07-24;"segunda-feira";"02:10:00";"MA";316;185,3;"ZE DOCA";"Animais na Pista";"Atropelamento de Animal";"Sem Vítimas";"Plena Noite";"Crescente";"Céu Claro";"Simples";"Reta";"Não";3;0;0;0;0;3;0;1;-3,160797;-45,646282;"SPRF-MA";"DEL02-MA";"UOP02-DEL02-MA"
537903;2023-07-24;"segunda-feira";"11:08:00";"TO";153;519;"PUGMIL";"Demais falhas mecânicas ou elétricas";"Incêndio";"Sem Vítimas";"Pleno dia";"Decrescente";"Sol";"Simples";"Aclive";"Não";1;0;0;0;1;0;0;1;-10,37124801;-48,89209789;"SPRF-TO";"DEL01-TO";"UOP01-DEL01-TO"
537904;2023-07-24;"segunda-feira";"07:20:00";"BA";407;123,5;"SENHOR DO BONFIM";"Ultrapassagem Indevida";"Capotamento";"Com Vítimas Feridas";"Pleno dia";"Crescente";"Sol";"Simples";"Reta";"Não";6;0;6;0;0;0;6;1;-10,42999697;-40,18666127;"SPRF-BA";"DEL04-BA";"UOP01-DEL04-BA"
537905;2023-07-24;"segunda-feira";"09:10:00";"BA";101;923;"MUCURI";"Transitar na contramão";"Colisão frontal";"Com Vítimas Feridas";"Pleno dia";"Decrescente";"Céu Claro";"Simples";"Curva";"Não";5;0;1;0;3;1;1;3;-18,10583996;-39,88359987;"SPRF-BA";"DEL09-BA";"UOP02-DEL09-BA"
537906;2023-07-24;"segunda-feira";"12:00:00";"PR";277;714,2;"SANTA TEREZINHA DE ITAIPU";"Reação tardia ou ineficiente do condutor";"Colisão traseira";"Com Vítimas Feridas";"Pleno dia";"Decrescente";"Céu Claro";"Dupla";"Reta";"Não";4;0;3;0;1;0;3;2;-25,4650714;-54,44902954;"SPRF-PR";"DEL05-PR";"UOP01-DEL05-PR"
537907;2023-07-24;"segunda-feira";"08:49:00";"MG";381;630;"OLIVEIRA";"Chuva";"Saída de leito carroçável";"Com Vítimas Feridas";"Pleno dia";"Crescente";"Garoa/Chuvisco";"Dupla";"Declive;Curva";"Não";2;0;1;1;0;0;2;1;-20,84702065;-44,83281432;"SPRF-MG";"DEL04-MG";"UOP01-DEL04-MG"
537910;2023-07-24;"segunda-feira";"13:00:00";"RJ";116;108,9;"GUAPIMIRIM";"Reação tardia ou ineficiente do condutor";"Tombamento";"Com Vítimas Feridas";"Pleno dia";"Decrescente";"Céu Claro";"Dupla";"Retorno Regulamentado";"Sim";1;0;1;0;0;0;1;1;-22,535843;-42,99125;"SPRF-RJ";"DEL04-RJ";"UOP01-DEL04-RJ"
537913;2023-07-24;"segunda-feira";"13:15:00";"RN";101;108;"PARNAMIRIM";"Condutor deixou de manter distância do veículo da frente";"Colisão traseira";"Com Vítimas Feridas";"Pleno dia";"Crescente";"Céu Claro";"Dupla";"Reta";"Sim";2;0;1;0;1;0;1;2;-5,92825102;-35,26465683;"SPRF-RN";"DEL01-RN";"UOP01-DEL01-RN"
537915;2023-07-16;"domingo";"08:20:00";"MS";163;51;"ELDORADO";"Manobra de mudança de faixa";"Saída de leito carroçável";"Com Vítimas Feridas";"Pleno dia";"Crescente";"Céu Claro";"Simples";"Declive;Reta";"Não";4;0;1;0;3;0;1;1;-23,696052;-54,26791402;"SPRF-MS";"DEL09-MS";"UOP02-DEL09-MS"
537916;2023-07-24;"segunda-feira";"13:38:00";"CE";116;12,4;"FORTALEZA";"Frear bruscamente";"Colisão traseira";"Com Vítimas Feridas";"Pleno dia";"Decrescente";"Sol";"Múltipla";"Reta";"Sim";2;0;1;0;1;0;1;2;-3,852077;-38,495525;"SPRF-CE";"DEL01-CE";"UOP02-DEL01-CE"
537918;2023-07-24;"segunda-feira";"13:40:00";"RJ";465;1;"SEROPEDICA";"Acessar a via sem observar a presença dos outros veículos";"Colisão transversal";"Com Vítimas Feridas";"Pleno dia";"Crescente";"Céu Claro";"Simples";"Reta";"Sim";5;0;4;0;1;0;4;2;-22,719835;-43,725739;"SPRF-RJ";"DEL01-RJ";"UOP03-DEL01-RJ"
537919;2023-07-24;"segunda-feira";"14:20:00";"RS";101;84;"OSORIO";"Acessar a via sem observar a presença dos outros veículos";"Colisão lateral mesmo sentido";"Sem Vítimas";"Pleno dia";"Decrescente";"Chuva";"Dupla";"Reta";"Sim";2;0;0;0;2;0;0;2;-29,860072;-50,24883801;"SPRF-RS";"DEL03-RS";"UOP01-DEL03-RS"
537922;2023-07-24;"segunda-feira";"12:40:00";"MG";381;533,5;"ITATIAIUCU";"Chuva";"Saída de leito carroçável";"Com Vítimas Feridas";"Pleno dia";"Decrescente";"Chuva";"Dupla";"Curva";"Não";5;0;1;1;3;0;2;2;-20,19896036;-44,38641307;"SPRF-MG";"DEL04-MG";"UOP03-DEL04-MG"
537925;2023-07-23;"domingo";"17:45:00";"PI";316;309;"PICOS";"Mal súbito do condutor";"Saída de leito carroçável";"Com Vítimas Feridas";"Anoitecer";"Crescente";"Céu Claro";"Simples";"Reta";"Sim";1;0;1;0;0;0;1;1;-7,07778744;-41,48370094;"SPRF-PI";"DEL04-PI";"UOP01-DEL04-PI"
537926;2023-05-26;"sexta-feira";"18:10:00";"PR";376;258;"CALIFORNIA";"Desrespeitar a preferência no cruzamento";"Colisão transversal";"Com Vítimas Feridas";"Anoitecer";"Crescente";"Céu Claro";"Simples";"Interseção de Vias;Reta";"Sim";2;0;0;1;0;1;1;2;-23,66700327;-51,35950685;"SPRF-PR";"DEL07-PR";"UOP03-DEL07-PR"
537927;2023-07-24;"segunda-feira";"10:20:00";"MA";230;1,2;"BARAO DE GRAJAU";"Ausência de reação do condutor";"Colisão lateral mesmo sentido";"Com Vítimas Feridas";"Pleno dia";"Decrescente";"Céu Claro";"Simples";"Curva";"Sim";3;0;1;0;2;0;1;2;-6,75491021;-43,01659198;"SPRF-PI";"DEL03-PI";"UOP01-DEL03-PI"
537931;2023-07-24;"segunda-feira";"13:30:00";"PB";230;133,9;"MASSARANDUBA";"Condutor Dormindo";"Saída de leito carroçável";"Com Vítimas Feridas";"Pleno dia";"Crescente";"Céu Claro";"Dupla";"Reta";"Não";5;0;1;4;0;0;5;1;-7,2767;-35,7464;"SPRF-PB";"DEL02-PB";"UOP01-DEL02-PB"
537933;2023-07-24;"segunda-feira";"15:43:00";"SC";101;23;"SANTO AMARO DA IMPERATRIZ";"Desrespeitar a preferência no cruzamento";"Colisão transversal";"Com Vítimas Feridas";"Pleno dia";"Crescente";"Céu Claro";"Simples";"Interseção de Vias";"Sim";2;0;0;1;1;0;1;2;-27,684412;-48,743697;"SPRF-SC";"DEL03-SC";"UOP01-DEL03-SC"
537936;2023-07-24;"segunda-feira";"12:10:00";"MG";381;629,4;"OLIVEIRA";"Velocidade Incompatível";"Saída de leito carroçável";"Com Vítimas Feridas";"Pleno dia";"Crescente";"Chuva";"Dupla";"Declive;Curva";"Não";2;0;1;0;1;0;1;1;-20,84106606;-44,82613492;"SPRF-MG";"DEL04-MG";"UOP01-DEL04-MG"
537938;2023-07-24;"segunda-feira";"15:20:00";"SC";280;12;"SAO FRANCISCO DO SUL";"Ausência de reação do condutor";"Colisão traseira";"Com Vítimas Feridas";"Pleno dia";"Crescente";"Nublado";"Simples";"Reta";"Não";2;0;1;0;1;0;1;2;-26,31323107;-48,64449483;"SPRF-SC";"DEL03-SC";"UOP03-DEL03-SC"
537940;2023-07-24;"segunda-feira";"11:55:00";"BA";410;5;"RIBEIRA DO POMBAL";"Acessar a via sem observar a presença dos outros veículos";"Colisão transversal";"Com Vítimas Feridas";"Pleno dia";"Decrescente";"Céu Claro";"Simples";"Reta";"Não";4;0;0;2;2;0;2;2;-10,83904026;-38,56813884;"SPRF-BA";"DEL07-BA";"UOP02-DEL07-BA"
537941;2023-07-24;"segunda-feira";"15:30:00";"BA";367;83;"EUNAPOLIS";"Ausência de reação do condutor";"Colisão transversal";"Com Vítimas Feridas";"Pleno dia";"Crescente";"Céu Claro";"Simples";"Reta";"Sim";2;0;1;0;1;0;1;2;-16,37256267;-39,57064408;"SPRF-BA";"DEL09-BA";"UOP03-DEL09-BA"
537942;2023-07-24;"segunda-feira";"13:18:00";"MG";381;635;"SANTO ANTONIO DO AMPARO";"Velocidade Incompatível";"Colisão com objeto";"Sem Vítimas";"Pleno dia";"Crescente";"Chuva";"Dupla";"Curva";"Não";5;0;0;0;5;0;0;1;-20,88278809;-44,85183046;"SPRF-MG";"DEL04-MG";"UOP01-DEL04-MG"
537943;2023-07-24;"segunda-feira";"16:00:00";"BA";324;3;"FEIRA DE SANTANA";"Acessar a via sem observar a presença dos outros veículos";"Atropelamento de Pedestre";"Com Vítimas Feridas";"Pleno dia";"Crescente";"Céu Claro";"Dupla";"Reta";"Sim";2;0;0;1;1;0;1;2;-12,28663957;-38,95948035;"SPRF-BA";"DEL02-BA";"UOP01-DEL02-BA"
537944;2023-07-24;"segunda-feira";"16:00:00";"RS";116;257;"ESTEIO";"Acessar a via sem observar a presença dos outros veículos";"Colisão transversal";"Com Vítimas Feridas";"Pleno dia";"Crescente";"Garoa/Chuvisco";"Dupla";"Interseção de Vias;Rotatória";"Sim";2;0;1;0;1;0;1;2;-29,85076271;-51,17976665;"SPRF-RS";"DEL01-RS";"UOP02-DEL01-RS"
537945;2023-07-24;"segunda-feira";"11:45:00";"RO";364;381;"OURO PRETO DO OESTE";"Ausência de reação do condutor";"Queda de ocupante de veículo";"Com Vítimas Feridas";"Pleno dia";"Decrescente";"Céu Claro";"Simples";"Reta";"Não";1;0;0;1;0;0;1;1;-10,73029115;-62,22943647;"SPRF-RO";"DEL02-RO";"UOP01-DEL02-RO"
537949;2023-07-18;"terça-feira";"06:20:00";"SC";282;517;"XAXIM";"Ingestão de álcool pelo condutor";"Colisão lateral mesmo sentido";"Sem Vítimas";"Amanhecer";"Decrescente";"Céu Claro";"Simples";"Declive";"Não";2;0;0;0;1;1;0;2;-26,939375;-52,500057;"SPRF-SC";"DEL07-SC";"UOP01-DEL07-SC"
537950;2023-07-24;"segunda-feira";"16:50:00";"SP";101;49;"UBATUBA";"Acessar a via sem observar a presença dos outros veículos";"Colisão transversal";"Sem Vítimas";"Pleno dia";"Decrescente";"Sol";"Simples";"Interseção de Vias;Reta";"Sim";2;0;0;0;2;0;0;2;-23,44410908;-45,08375708;"SPRF-SP";"DEL06-SP";"UOP01-DEL06-SP"
537952;2023-07-24;"segunda-feira";"15:10:00";"CE";304;36,8;"ARACATI";"Velocidade Incompatível";"Colisão traseira";"Com Vítimas Feridas";"Pleno dia";"Decrescente";"Céu Claro";"Simples";"Reta";"Não";3;0;1;0;2;0;1;3;-4,58076924;-37,88751901;"SPRF-CE";"DEL03-CE";"UOP03-DEL03-CE"
537954;2023-07-24;"segunda-feira";"16:30:00";"MG";116;596,9;"SAO JOAO DO MANHUACU";"Acessar a via sem observar a presença dos outros veículos";"Colisão transversal";"Com Vítimas Feridas";"Pleno dia";"Decrescente";"Céu Claro";"Simples";"Curva";"Não";2;0;1;0;1;0;1;2;-20,30179626;-42,14967503;"SPRF-MG";"DEL06-MG";"UOP03-DEL06-MG"
537955;2023-07-24;"segunda-feira";"14:50:00";"PI";316;2;"TERESINA";"Condutor desrespeitou a iluminação vermelha do semáforo";"Colisão transversal";"Com Vítimas Feridas";"Pleno dia";"Decrescente";"Céu Claro";"Dupla";"Rotatória";"Sim";2;0;1;0;1;0;1;2;-5,12477477;-42,79848465;"SPRF-PI";"DEL01-PI";"UOP02-DEL01-PI"
537957;2023-07-24;"segunda-feira";"17:20:00";"SE";101;97,3;"SAO CRISTOVAO";"Condutor deixou de manter distância do veículo da frente";"Tombamento";"Com Vítimas Feridas";"Anoitecer";"Decrescente";"Nublado";"Dupla";"Retorno Regulamentado;Reta";"Não";3;0;0;1;2;0;1;3;-10,92496615;-37,17722476;"SPRF-SE";"DEL02-SE";"UOP01-DEL02-SE"