"id";"data_inversa";"dia_semana";"horario";"uf";"br";"km";"municipio";"causa_acidente";"tipo_acidente";"classificacao_acidente";"fase_dia";"sentido_via";"condicao_metereologica";"tipo_pista";"tracado_via";"uso_solo";"pessoas";"mortos";"feridos_leves";"feridos_graves";"ilesos";"ignorados";"feridos";"veiculos";"latitude";"longitude";"regional";"delegacia";"uop"
537958;2023-07-24;"segunda-feira";"17:30:00";"SP";116;217;"GUARULHOS";"Ausência de reação do condutor";"Queda de ocupante de veículo";"Com Vítimas Feridas";"Anoitecer";"Decrescente";"Céu Claro";"Múltipla";"Reta";"Não";1;0;1;0;0;0;1;1;-23,45423824;-46,47119028;"SPRF-SP";"DEL01-SP";"UOP01-DEL01-SP"
537959;2023-07-24;"segunda-feira";"14:30:00";"MG";381;626,1;"OLIVEIRA";"Pedestre cruzava a pista fora da faixa";"Colisão traseira";"Com Vítimas Feridas";"Pleno dia";"Crescente";"Chuva";"Dupla";"Declive;Reta";"Não";5;0;1;0;4;0;1;2;-20,828287;-44,807964;"SPRF-MG";"DEL04-MG";"UOP01-DEL04-MG"
537960;2023-07-24;"segunda-feira";"16:40:00";"RS";470;217;"BENTO GONCALVES";"Acessar a via sem observar a presença dos outros veículos";"Colisão transversal";"Com Vítimas Feridas";"Pleno dia";"Crescente";"Nublado";"Simples";"Declive;Curva";"Sim";5;0;1;0;4;0;1;2;-29,17862479;-51,518417;"SPRF-RS";"DEL06-RS";"UOP01-DEL06-RS"
537961;2023-07-24;"segunda-feira";"14:55:00";"PR";467;86,1;"CASCAVEL";"Manobra de mudança de faixa";"Colisão lateral mesmo sentido";"Com Vítimas Feridas";"Pleno dia";"Decrescente";"Sol";"Dupla";"Reta;Retorno Regulamentado";"Sim";1;0;1;0;0;0;1;1;-24,8289;-53,6431;"SPRF-PR";"DEL04-PR";"UOP01-DEL04-PR"
537962;2023-07-24;"segunda-feira";"07:45:00";"RS";470;222;"GARIBALDI";"Acessar a via sem observar a presença dos outros veículos";"Colisão traseira";"Com Vítimas Feridas";"Pleno dia";"Decrescente";"Céu Claro";"Dupla";"Interseção de Vias;Reta";"Sim";3;0;1;0;2;0;1;2;-29,20372835;-51,51786908;"SPRF-RS";"DEL06-RS";"UOP01-DEL06-RS"
537963;2023-07-24;"segunda-feira";"06:30:00";"MS";262;36;"TRES LAGOAS";"Transitar no Acostamento";"Atropelamento de Pedestre";"Com Vítimas Feridas";"Pleno dia";"Decrescente";"Céu Claro";"Simples";"Reta";"Não";2;0;1;0;1;0;1;2;-20,78546581;-51,93160395;"SPRF-MS";"DEL07-MS";"UOP01-DEL07-MS"
537964;2023-07-24;"segunda-feira";"18:00:00";"RN";304;296,7;"MACAIBA";"Conversão proibida";"Colisão frontal";"Com Vítimas Feridas";"Anoitecer";"Crescente";"Céu Claro";"Simples";"Aclive";"Sim";2;0;1;0;1;0;1;2;-5,864475;-35,34596;"SPRF-RN";"DEL01-RN";"UOP02-DEL01-RN"
537965;2023-07-24;"segunda-feira";"13:15:00";"BA";116;645;"JAGUAQUARA";"Demais falhas mecânicas ou elétricas";"Incêndio";"Sem Vítimas";"Pleno dia";"Decrescente";"Céu Claro";"Simples";"Reta";"Não";1;0;0;0;0;1;0;1;-13,57173798;-40,07829037;"SPRF-BA";"DEL03-BA";"UOP01-DEL03-BA"
537966;2023-07-24;"segunda-feira";"15:15:00";"SP";116;38;"CACHOEIRA PAULISTA";"Acumulo de óleo sobre o pavimento";"Tombamento";"Com Vítimas Feridas";"Pleno dia";"Crescente";"Céu Claro";"Dupla";"Curva;Rotatória";"Sim";1;0;1;0;0;0;1;1;-22,67026579;-44,99183604;"SPRF-SP";"DEL08-SP";"UOP02-DEL08-SP"
537967;2023-07-24;"segunda-feira";"18:10:00";"RJ";116;181;"NOVA IGUACU";"Manobra de mudança de faixa";"Colisão transversal";"Com Vítimas Feridas";"Plena Noite";"Decrescente";"Céu Claro";"Múltipla";"Reta";"Sim";3;0;1;0;2;0;1;2;-22,761312;-43,423492;"SPRF-RJ";"DEL01-RJ";"UOP02-DEL01-RJ"
537968;2023-07-24;"segunda-feira";"18:10:00";"SP";116;283;"EMBU DAS ARTES";"Trafegar com motocicleta (ou similar) entre as faixas";"Queda de ocupante de veículo";"Com Vítimas Feridas";"Anoitecer";"Crescente";"Céu Claro";"Dupla";"Reta";"Sim";1;0;1;0;0;0;1;1;-23,6698391;-46,85587406;"SPRF-SP";"DEL04-SP";"UOP01-DEL04-SP"
537969;2023-07-24;"segunda-feira";"17:40:00";"SC";470;137,4;"RIO DO SUL";"Acessar a via sem observar a presença dos outros veículos";"Colisão lateral mesmo sentido";"Com Vítimas Feridas";"Plena Noite";"Crescente";"Céu Claro";"Simples";"Reta;Interseção de Vias";"Sim";2;0;0;1;1;0;1;2;-27,203201;-49,635063;"SPRF-SC";"DEL04-SC";"UOP02-DEL04-SC"
537972;2023-07-24;"segunda-feira";"17:45:00";"SC";163;70,8;"SAO MIGUEL DO OESTE";"Acessar a via sem observar a presença dos outros veículos";"Colisão transversal";"Com Vítimas Feridas";"Pleno dia";"Crescente";"Céu Claro";"Dupla";"Interseção de Vias";"Sim";2;0;2;0;0;0;2;2;-26,73461723;-53,50680015;"SPRF-SC";"DEL07-SC";"UOP03-DEL07-SC"
537973;2023-07-24;"segunda-feira";"18:15:00";"RS";116;262,7;"CANOAS";"Ausência de reação do condutor";"Tombamento";"Com Vítimas Feridas";"Anoitecer";"Decrescente";"Garoa/Chuvisco";"Múltipla";"Reta";"Sim";1;0;1;0;0;0;1;1;-29,9021557;-51,1763487;"SPRF-RS";"DEL01-RS";"UOP01-DEL01-RS"
537974;2023-07-24;"segunda-feira";"18:20:00";"PR";369;158;"CAMBE";"Ausência de reação do condutor";"Colisão traseira";"Com Vítimas Feridas";"Anoitecer";"Crescente";"Céu Claro";"Dupla";"Reta";"Sim";2;0;1;0;1;0;1;2;-23,28502102;-51,23968946;"SPRF-PR";"DEL07-PR";"UOP01-DEL07-PR"
537975;2023-07-24;"segunda-feira";"14:00:00";"BA";407;154,8;"FILADELFIA";"Reação tardia ou ineficiente do condutor";"Capotamento";"Com Vítimas Feridas";"Pleno dia";"Crescente";"Céu Claro";"Simples";"Reta";"Não";2;0;1;0;1;0;1;1;-10,695384;-40,12515701;"SPRF-BA";"DEL04-BA";"UOP01-DEL04-BA"
537977;2023-07-24;"segunda-feira";"18:30:00";"GO";414;375,5;"COCALZINHO DE GOIAS";"Animais na Pista";"Atropelamento de Animal";"Com Vítimas Feridas";"Plena Noite";"Crescente";"Céu Claro";"Dupla";"Reta";"Sim";1;0;0;1;0;0;1;1;-15,78671658;-48,77033272;"SPRF-GO";"DEL02-GO";"UOP01-DEL02-GO"
537978;2023-07-24;"segunda-feira";"18:50:00";"GO";153;297;"RIALMA";"Ingestão de álcool e/ou substâncias psicoativas pelo pedestre";"Colisão com objeto";"Sem Vítimas";"Plena Noite";"Decrescente";"Céu Claro";"Simples";"Reta";"Não";1;0;0;0;1;0;0;1;-15,262218;-49,547047;"SPRF-GO";"DEL02-GO";"UOP02-DEL02-GO"
537980;2023-07-24;"segunda-feira";"19:05:00";"RS";116;269;"CANOAS";"Acumulo de óleo sobre o pavimento";"Tombamento";"Com Vítimas Feridas";"Plena Noite";"Decrescente";"Garoa/Chuvisco";"Múltipla";"Curva";"Sim";1;0;1;0;0;0;1;1;-29,96245509;-51,17600571;"SPRF-RS";"DEL01-RS";"UOP01-DEL01-RS"
537982;2023-07-24;"segunda-feira";"13:40:00";"MG";381;251,2;"IPATINGA";"Mal súbito do condutor";"Colisão frontal";"Com Vítimas Feridas";"Pleno dia";"Decrescente";"Céu Claro";"Simples";"Reta";"Sim";2;0;2;0;0;0;2;2;-19,48994405;-42,56156695;"SPRF-MG";"DEL06-MG";"UOP01-DEL06-MG"
537983;2023-07-24;"segunda-feira";"18:41:00";"MT";163;688;"LUCAS DO RIO VERDE";"Condutor deixou de manter distância do veículo da frente";"Colisão traseira";"Com Vítimas Feridas";"Plena Noite";"Decrescente";"Céu Claro";"Dupla";"Interseção de Vias";"Sim";3;0;1;0;2;0;1;2;-13,06985008;-55,927257;"SPRF-MT";"DEL06-MT";"UOP01-DEL06-MT"
537984;2023-07-24;"segunda-feira";"18:20:00";"RJ";101;309;"SAO GONCALO";"Condutor deixou de manter distância do veículo da frente";"Colisão traseira";"Com Vítimas Feridas";"Plena Noite";"Decrescente";"Céu Claro";"Dupla";"Reta";"Sim";2;0;1;0;1;0;1;2;-22,79498873;-43,03446105;"SPRF-RJ";"DEL02-RJ";"UOP02-DEL02-RJ"
537985;2023-07-24;"segunda-feira";"19:15:00";"SC";282;3,4;"FLORIANOPOLIS";"Reação tardia ou ineficiente do condutor";"Colisão transversal";"Com Vítimas Feridas";"Plena Noite";"Crescente";"Céu Claro";"Múltipla";"Reta";"Sim";3;0;2;0;1;0;2;2;-27,600384;-48,599705;"SPRF-SC";"DEL01-SC";"UOP01-DEL01-SC"
537986;2023-07-24;"segunda-feira";"18:00:00";"MG";116;410;"GOVERNADOR VALADARES";"Acesso irregular";"Colisão com objeto";"Com Vítimas Feridas";"Plena Noite";"Decrescente";"Céu Claro";"Múltipla";"Reta";"Sim";1;0;1;0;0;0;1;1;-18,855625;-41,975623;"SPRF-MG";"DEL06-MG";"UOP01-DEL06-MG"
537987;2023-07-24;"segunda-feira";"19:40:00";"AP";210;3;"MACAPA";"Manobra de mudança de faixa";"Colisão lateral mesmo sentido";"Com Vítimas Feridas";"Plena Noite";"Crescente";"Nublado";"Dupla";"Declive;Reta";"Sim";3;0;0;1;2;0;1;2;0,08810517;-51,09352827;"SPRF-AP";"DEL01-AP";"UOP01-DEL01-AP"
537991;2023-07-24;"segunda-feira";"16:45:00";"PR";376;174,4;"MARINGA";"Acessar a via sem observar a presença dos outros veículos";"Atropelamento de Pedestre";"Com Vítimas Feridas";"Pleno dia";"Decrescente";"Céu Claro";"Dupla";"Interseção de Vias;Reta";"Sim";2;0;1;0;0;1;1;2;-23,41430102;-51,94984299;"SPRF-PR";"DEL09-PR";"UOP01-DEL09-PR"
537992;2023-07-24;"segunda-feira";"20:07:00";"GO";153;491;"GOIANIA";"Pedestre cruzava a pista fora da faixa";"Atropelamento de Pedestre";"Com Vítimas Feridas";"Plena Noite";"Decrescente";"Céu Claro";"Dupla";"Reta";"Sim";3;0;0;1;2;0;1;2;-16,639;-49,2063;"SPRF-GO";"DEL01-GO";"UOP01-DEL01-GO"
537993;2023-07-24;"segunda-feira";"18:15:00";"MS";158;89;"PARANAIBA";"Reação tardia ou ineficiente do condutor";"Tombamento";"Com Vítimas Feridas";"Anoitecer";"Decrescente";"Céu Claro";"Simples";"Reta";"Não";1;0;1;0;0;0;1;1;-19,63861994;-51,20871078;"SPRF-MS";"DEL08-MS";"UOP01-DEL08-MS"
537994;2023-07-24;"segunda-feira";"18:30:00";"PI";230;306;"FLORIANO";"Ausência de reação do condutor";"Colisão com objeto";"Com Vítimas Feridas";"Plena Noite";"Decrescente";"Céu Claro";"Simples";"Reta;Rotatória";"Sim";1;0;1;0;0;0;1;1;-6,79173488;-42,98594092;"SPRF-PI";"DEL03-PI";"UOP01-DEL03-PI"
537995;2023-07-24;"segunda-feira";"20:15:00";"ES";101;61,4;"SAO MATEUS";"Reação tardia ou ineficiente do condutor";"Tombamento";"Com Vítimas Feridas";"Plena Noite";"Decrescente";"Nublado";"Simples";"Reta";"Sim";2;0;2;0;0;0;2;1;-18,68153217;-39,86364755;"SPRF-ES";"DEL04-ES";"UOP02-DEL04-ES"
537997;2023-07-24;"segunda-feira";"20:26:00";"MG";50;84;"UBERLANDIA";"Ausência de reação do condutor";"Colisão traseira";"Com Vítimas Feridas";"Plena Noite";"Decrescente";"Nublado";"Dupla";"Reta;Declive";"Não";4;0;0;1;3;0;1;4;-18,99589703;-48,21049418;"SPRF-MG";"DEL15-MG";"UOP01-DEL15-MG"
537998;2023-07-24;"segunda-feira";"19:45:00";"SP";101;24;"UBATUBA";"Avarias e/ou desgaste excessivo no pneu";"Tombamento";"Com Vítimas Feridas";"Plena Noite";"Decrescente";"Céu Claro";"Simples";"Reta";"Não";2;0;2;0;0;0;2;1;-23,34811618;-44,94553789;"SPRF-SP";"DEL06-SP";"UOP01-DEL06-SP"
538000;2023-07-24;"segunda-feira";"14:50:00";"SC";470;3,9;"NAVEGANTES";"Acessar a via sem observar a presença dos outros veículos";"Colisão transversal";"Com Vítimas Feridas";"Pleno dia";"Decrescente";"Céu Claro";"Dupla";"Interseção de Vias;Rotatória";"Sim";2;0;1;0;1;0;1;2;-26,861937;-48,681618;"SPRF-SC";"DEL04-SC";"UOP04-DEL04-SC"
538001;2023-07-24;"segunda-feira";"20:00:00";"BA";324;515;"FEIRA DE SANTANA";"Acesso irregular";"Colisão transversal";"Com Vítimas Feridas";"Plena Noite";"Decrescente";"Chuva";"Simples";"Reta";"Sim";3;0;2;0;0;1;2;2;-12,23547809;-38,94396807;"SPRF-BA";"DEL02-BA";"UOP01-DEL02-BA"
538002;2023-07-24;"segunda-feira";"20:45:00";"PE";101;80;"RECIFE";"Pista Escorregadia";"Tombamento";"Com Vítimas Feridas";"Plena Noite";"Decrescente";"Céu Claro";"Dupla";"Curva";"Sim";2;0;2;0;0;0;2;1;-8,15112589;-34,9428866;"SPRF-PE";"DEL01-PE";"UOP01-DEL01-PE"
538003;2023-07-24;"segunda-feira";"20:00:00";"PR";277;19;"PARANAGUA";"Iluminação deficiente";"Tombamento";"Com Vítimas Feridas";"Plena Noite";"Decrescente";"Nublado";"Dupla";"Reta";"Não";1;0;1;0;0;0;1;1;-25,55787847;-48,65324572;"SPRF-PR";"DEL01-PR";"UOP05-DEL01-PR"
538004;2023-07-24;"segunda-feira";"17:50:00";"RS";386;104,4;"SAO JOSE DAS MISSOES";"Ausência de reação do condutor";"Saída de leito carroçável";"Com Vítimas Feridas";"Pleno dia";"Crescente";"Céu Claro";"Simples";"Reta";"Não";1;0;1;0;0;0;1;1;-27,772311;-53,087065;"SPRF-RS";"DEL08-RS";"UOP01-DEL08-RS"
538005;2023-07-24;"segunda-feira";"18:30:00";"PE";423;87;"SAO JOAO";"Reação tardia ou ineficiente do condutor";"Colisão com objeto";"Com Vítimas Feridas";"Plena Noite";"Decrescente";"Nublado";"Simples";"Reta";"Não";1;0;0;1;0;0;1;1;-8,81401714;-36,4452687;"SPRF-PE";"DEL03-PE";"UOP01-DEL03-PE"
538006;2023-07-24;"segunda-feira";"20:30:00";"PI";316;285;"DOM EXPEDITO LOPES";"Acessar a via sem observar a presença dos outros veículos";"Colisão transversal";"Com Vítimas Feridas";"Plena Noite";"Crescente";"Céu Claro";"Dupla";"Declive;Retorno Regulamentado";"Sim";1;0;0;1;0;0;1;1;-6,96840473;-41,65280499;"SPRF-PI";"DEL04-PI";"UOP01-DEL04-PI"
538008;2023-07-24;"segunda-feira";"18:10:00";"SC";282;607;"MARAVILHA";"Acessar a via sem observar a presença dos outros veículos";"Colisão transversal";"Com Vítimas Feridas";"Anoitecer";"Decrescente";"Céu Claro";"Simples";"Reta";"Sim";2;0;1;0;1;0;1;2;-26,772648;-53,2062;"SPRF-SC";"DEL07-SC";"UOP02-DEL07-SC"
538009;2023-07-24;"segunda-feira";"11:40:00";"MG";381;584,1;"CARMOPOLIS DE MINAS";"Velocidade Incompatível";"Saída de leito carroçável";"Com Vítimas Feridas";"Pleno dia";"Decrescente";"Chuva";"Dupla";"Curva";"Não";1;0;1;0;0;0;1;1;-20,52949002;-44,63874994;"SPRF-MG";"DEL04-MG";"UOP01-DEL04-MG"
538011;2023-07-24;"segunda-feira";"21:15:00";"RJ";101;387;"RIO DE JANEIRO";"Transitar na contramão";"Colisão transversal";"Com Vítimas Feridas";"Plena Noite";"Decrescente";"Céu Claro";"Múltipla";"Reta";"Não";2;0;1;0;1;0;1;2;-22,88537839;-43,64965688;"SPRF-RJ";"DEL03-RJ";"UOP01-DEL03-RJ"
538013;2023-07-24;"segunda-feira";"22:15:00";"PE";104;12;"TAQUARITINGA DO NORTE";"Demais falhas mecânicas ou elétricas";"Incêndio";"Sem Vítimas";"Plena Noite";"Crescente";"Nublado";"Simples";"Interseção de Vias;Reta";"Não";1;0;0;0;0;1;0;1;-7,888657;-36,110435;"SPRF-PE";"DEL02-PE";"UOP01-DEL02-PE"
538016;2023-07-24;"segunda-feira";"20:10:00";"MG";40;93;"PARACATU";"Ultrapassagem Indevida";"Colisão frontal";"Com Vítimas Fatais";"Plena Noite";"Crescente";"Céu Claro";"Simples";"Curva";"Não";6;2;2;2;0;0;4;2;-17,5174009;-46,55481388;"SPRF-MG";"DEL14-MG";"UOP01-DEL14-MG"
538018;2023-07-25;"terça-feira";"02:50:00";"ES";101;283,4;"CARIACICA";"Velocidade Incompatível";"Colisão com objeto";"Com Vítimas Feridas";"Plena Noite";"Decrescente";"Nublado";"Dupla";"Reta";"Não";2;0;1;0;0;1;1;1;-20,23438373;-40,3693577;"SPRF-ES";"DEL01-ES";"UOP01-DEL01-ES"
538019;2023-07-25;"terça-feira";"03:50:00";"MG";381;846,2;"SAO SEBASTIAO DA BELA VISTA";"Animais na Pista";"Atropelamento de Animal";"Com Vítimas Feridas";"Plena Noite";"Crescente";"Céu Claro";"Dupla";"Reta";"Não";4;0;4;0;0;0;4;1;-22,20923322;-45,8653916;"SPRF-MG";"DEL16-MG";"UOP01-DEL16-MG"
538022;2023-07-25;"terça-feira";"05:30:00";"SC";101;377;"ICARA";"Acessar a via sem observar a presença dos outros veículos";"Colisão transversal";"Com Vítimas Feridas";"Plena Noite";"Crescente";"Nevoeiro/Neblina";"Simples";"Reta";"Sim";2;0;1;0;1;0;1;2;-28,7345708;-49,24624124;"SPRF-SC";"DEL02-SC";"UOP01-DEL02-SC"
538024;2023-07-25;"terça-feira";"02:30:00";"PI";316;306;"PICOS";"Animais na Pista";"Atropelamento de Animal";"Com Vítimas Feridas";"Plena Noite";"Decrescente";"Céu Claro";"Simples";"Aclive";"Sim";1;0;0;1;0;0;1;1;-7,07700699;-41,50959795;"SPRF-PI";"DEL04-PI";"UOP01-DEL04-PI"
538025;2023-07-24;"segunda-feira";"15:30:00";"SC";470;65;"INDAIAL";"Acessar a via sem observar a presença dos outros veículos";"Colisão lateral mesmo sentido";"Com Vítimas Feridas";"Pleno dia";"Crescente";"Céu Claro";"Simples";"Reta";"Não";2;0;1;0;1;0;1;2;-26,870411;-49,211864;"SPRF-SC";"DEL04-SC";"UOP01-DEL04-SC"
538027;2023-07-24;"segunda-feira";"16:20:00";"SC";470;50,8;"BLUMENAU";"Acessar a via sem observar a presença dos outros veículos";"Colisão lateral mesmo sentido";"Com Vítimas Feridas";"Pleno dia";"Decrescente";"Céu Claro";"Dupla";"Interseção de Vias";"Não";2;0;0;1;1;0;1;2;-26,86121326;-49,08088446;"SPRF-SC";"DEL04-SC";"UOP01-DEL04-SC"
538028;2023-07-25;"terça-feira";"06:15:00";"MG";40;524;"CONTAGEM";"Ausência de reação do condutor";"Queda de ocupante de veículo";"Com Vítimas Feridas";"Pleno dia";"Crescente";"Céu Claro";"Dupla";"Curva";"Sim";1;0;1;0;0;0;1;1;-19,8754469;-44,05345586;"SPRF-MG";"DEL01-MG";"UOP02-DEL01-MG"
538030;2023-07-24;"segunda-feira";"19:25:00";"MG";381;207,3;"NAQUE";"Acessar a via sem observar a presença dos outros veículos";"Colisão transversal";"Com Vítimas Feridas";"Plena Noite";"Crescente";"Chuva";"Simples";"Reta";"Não";2;0;1;0;1;0;1;2;-19,214617;-42,30647;"SPRF-MG";"DEL06-MG";"UOP01-DEL06-MG"
538031;2023-07-25;"terça-feira";"06:40:00";"PE";101;51;"ABREU E LIMA";"Afundamento ou ondulação no pavimento";"Colisão lateral mesmo sentido";"Sem Vítimas";"Pleno dia";"Crescente";"Sol";"Múltipla";"Reta";"Sim";2;0;0;0;2;0;0;2;-7,9169968;-34,89689272;"SPRF-PE";"DEL01-PE";"UOP02-DEL01-PE"
538032;2023-07-25;"terça-feira";"06:15:00";"MG";381;507;"SAO JOAQUIM DE BICAS";"Condutor Dormindo";"Colisão com objeto";"Com Vítimas Feridas";"Pleno dia";"Decrescente";"Céu Claro";"Múltipla";"Reta";"Sim";1;0;1;0;0;0;1;1;-20,04144;-44,26166;"SPRF-MG";"DEL04-MG";"UOP03-DEL04-MG"
538034;2023-07-25;"terça-feira";"06:45:00";"CE";222;3,7;"CAUCAIA";"Mal súbito do condutor";"Eventos atípicos";"Com Vítimas Feridas";"Pleno dia";"Decrescente";"Céu Claro";"Múltipla";"Reta";"Sim";2;0;1;1;0;0;2;1;-3,74139;-38,60258;"SPRF-CE";"DEL01-CE";"UOP01-DEL01-CE"
538036;2023-07-25;"terça-feira";"07:40:00";"SC";101;154,9;"PORTO BELO";"Demais falhas mecânicas ou elétricas";"Tombamento";"Com Vítimas Feridas";"Pleno dia";"Decrescente";"Nublado";"Múltipla";"Reta";"Não";1;0;1;0;0;0;1;1;-27,16292;-48,61129;"SPRF-SC";"DEL04-SC";"UOP03-DEL04-SC"
538037;2023-07-25;"terça-feira";"07:00:00";"SP";116;222;"GUARULHOS";"Ausência de reação do condutor";"Engavetamento";"Com Vítimas Feridas";"Pleno dia";"Crescente";"Céu Claro";"Múltipla";"Reta";"Não";4;0;1;0;3;0;1;3;-23,47093408;-46,51631097;"SPRF-SP";"DEL01-SP";"UOP01-DEL01-SP"
538039;2023-07-25;"terça-feira";"06:40:00";"BA";135;161;"BARREIRAS";"Reação tardia ou ineficiente do condutor";"Saída de leito carroçável";"Com Vítimas Feridas";"Amanhecer";"Crescente";"Céu Claro";"Simples";"Reta";"Não";4;0;0;1;3;0;1;1;-12,01667194;-44,94846507;"SPRF-BA";"DEL08-BA";"UOP04-DEL08-BA"
538040;2023-07-25;"terça-feira";"06:40:00";"RN";101;99;"NATAL";"Manobra de mudança de faixa";"Colisão transversal";"Com Vítimas Feridas";"Pleno dia";"Crescente";"Céu Claro";"Dupla";"Reta";"Sim";2;0;1;0;1;0;1;2;-5,87359183;-35,22063023;"SPRF-RN";"DEL01-RN";"UOP01-DEL01-RN"
538042;2023-07-25;"terça-feira";"06:10:00";"BA";324;622;"SALVADOR";"Demais falhas mecânicas ou elétricas";"Incêndio";"Sem Vítimas";"Pleno dia";"Crescente";"Nublado";"Dupla";"Reta";"Sim";1;0;0;0;1;0;0;1;-12,91888605;-38,46502095;"SPRF-BA";"DEL01-BA";"UOP01-DEL01-BA"
538045;2023-07-25;"terça-feira";"07:40:00";"TO";10;460;"PALMAS";"Reação tardia ou ineficiente do condutor";"Colisão traseira";"Com Vítimas Feridas";"Pleno dia";"Crescente";"Céu Claro";"Dupla";"Declive;Reta";"Não";3;0;1;0;2;0;1;2;-10,26694544;-48,30706716;"SPRF-TO";"DEL01-TO";"UOP03-DEL01-TO"
538047;2023-07-25;"terça-feira";"08:10:00";"PI";343;341;"TERESINA";"Condutor deixou de manter distância do veículo da frente";"Colisão lateral mesmo sentido";"Com Vítimas Feridas";"Pleno dia";"Decrescente";"Sol";"Dupla";"Em Obras;Declive";"Sim";2;0;1;0;1;0;1;2;-5,077812;-42,744255;"SPRF-PI";"DEL01-PI";"UOP01-DEL01-PI"
538048;2023-07-25;"terça-feira";"08:30:00";"SP";381;87;"GUARULHOS";"Ausência de reação do condutor";"Colisão lateral mesmo sentido";"Com Vítimas Feridas";"Pleno dia";"Crescente";"Céu Claro";"Múltipla";"Reta";"Não";3;0;1;0;2;0;1;3;-23,46885001;-46,56996601;"SPRF-SP";"DEL03-SP";"UOP01-DEL03-SP"
538050;2023-07-25;"terça-feira";"08:50:00";"GO";153;506,1;"APARECIDA DE GOIANIA";"Reação tardia ou ineficiente do condutor";"Queda de ocupante de veículo";"Com Vítimas Feridas";"Pleno dia";"Crescente";"Céu Claro";"Dupla";"Reta";"Não";1;0;1;0;0;0;1;1;-16,7633;-49,24;"SPRF-GO";"DEL01-GO";"UOP01-DEL01-GO"
538051;2023-07-25;"terça-feira";"08:00:00";"MT";163;838;"SINOP";"Ausência de reação do condutor";"Colisão traseira";"Sem Vítimas";"Pleno dia";"Crescente";"Céu Claro";"Simples";"Curva";"Sim";2;0;0;0;2;0;0;2;-11,960007;-55,516914;"SPRF-MT";"DEL06-MT";"UOP02-DEL06-MT"
538052;2023-07-25;"terça-feira";"08:30:00";"SP";381;57;"MAIRIPORA";"Demais falhas mecânicas ou elétricas";"Colisão com objeto";"Com Vítimas Feridas";"Pleno dia";"Decrescente";"Céu Claro";"Dupla";"Curva";"Não";3;0;1;0;2;0;1;2;-23,2658219;-46,5839857;"SPRF-SP";"DEL03-SP";"UOP01-DEL03-SP"
538053;2023-03-19;"domingo";"12:30:00";"MG";381;442,2;"SABARA";"Ultrapassagem Indevida";"Colisão frontal";"Com Vítimas Feridas";"Pleno dia";"Decrescente";"Céu Claro";"Simples";"Reta";"Sim";2;0;0;2;0;0;2;2;-19,8094973;-43,7736749;"SPRF-MG";"DEL01-MG";"UOP01-DEL01-MG"
538054;2023-07-25;"terça-feira";"08:10:00";"CE";116;42,2;"HORIZONTE";"Condutor deixou de manter distância do veículo da frente";"Colisão traseira";"Com Vítimas Feridas";"Pleno dia";"Decrescente";"Céu Claro";"Dupla";"Curva";"Sim";2;0;1;0;1;0;1;2;-4,10857928;-38,4942173;"SPRF-CE";"DEL01-CE";"UOP02-DEL01-CE"
538056;2023-07-25;"terça-feira";"09:20:00";"RN";101;73,9;"EXTREMOZ";"Animais na Pista";"Atropelamento de Animal";"Com Vítimas Feridas";"Pleno dia";"Crescente";"Céu Claro";"Simples";"Interseção de Vias;Reta";"Não";2;0;1;0;1;0;1;1;-5,70687202;-35,26688397;"SPRF-RN";"DEL02-RN";"UOP01-DEL02-RN"
538057;2023-07-25;"terça-feira";"07:00:00";"PR";277;7;"PARANAGUA";"Reação tardia ou ineficiente do condutor";"Saída de leito carroçável";"Com Vítimas Feridas";"Amanhecer";"Crescente";"Nublado";"Simples";"Curva";"Não";3;0;1;0;2;0;1;1;-25,5600031;-48,58252578;"SPRF-PR";"DEL01-PR";"UOP05-DEL01-PR"
538060;2023-04-09;"domingo";"22:00:00";"MG";40;623;"CONSELHEIRO LAFAIETE";"Chuva";"Saída de leito carroçável";"Com Vítimas Feridas";"Plena Noite";"Decrescente";"Chuva";"Simples";"Curva";"Não";5;0;3;0;1;1;3;2;-20,60236514;-43,80699874;"SPRF-MG";"DEL05-MG";"UOP02-DEL05-MG"
538061;2023-07-25;"terça-feira";"09:55:00";"SC";101;154;"PORTO BELO";"Condutor deixou de manter distância do veículo da frente";"Colisão traseira";"Com Vítimas Feridas";"Pleno dia";"Crescente";"Céu Claro";"Dupla";"Reta";"Não";2;0;0;1;1;0;1;2;-27,153819;-48,61086393;"SPRF-SC";"DEL04-SC";"UOP03-DEL04-SC"
538064;2023-07-25;"terça-feira";"10:20:00";"PE";101;39;"IGARASSU";"Ausência de reação do condutor";"Saída de leito carroçável";"Com Vítimas Feridas";"Pleno dia";"Crescente";"Céu Claro";"Dupla";"Curva";"Não";1;0;1;0;0;0;1;1;-7,81259899;-34,91890497;"SPRF-PE";"DEL01-PE";"UOP02-DEL01-PE"
538065;2023-07-25;"terça-feira";"09:30:00";"MG";50;73;"UBERLANDIA";"Manobra de mudança de faixa";"Colisão lateral mesmo sentido";"Com Vítimas Feridas";"Pleno dia";"Crescente";"Céu Claro";"Dupla";"Reta";"Sim";2;0;1;0;1;0;1;2;-18,85140204;-48,25345932;"SPRF-MG";"DEL15-MG";"UOP01-DEL15-MG"
538066;2023-05-22;"segunda-feira";"15:00:00";"PA";230;698;"BRASIL NOVO";"Reação tardia ou ineficiente do condutor";"Colisão traseira";"Com Vítimas Feridas";"Pleno dia";"Crescente";"Céu Claro";"Simples";"Reta";"Não";3;0;1;0;2;0;1;2;-3,307562;-52,527344;"SPRF-PA";"DEL04-PA";"UOP01-DEL04-PA"