"id";"data_inversa";"dia_semana";"horario";"uf";"br";"km";"municipio";"causa_acidente";"tipo_acidente";"classificacao_acidente";"fase_dia";"sentido_via";"condicao_metereologica";"tipo_pista";"tracado_via";"uso_solo";"pessoas";"mortos";"feridos_leves";"feridos_graves";"ilesos";"ignorados";"feridos";"veiculos";"latitude";"longitude";"regional";"delegacia";"uop"
538068;2023-07-25;"terça-feira";"09:30:00";"PI";316;312;"PICOS";"Ausência de sinalização";"Tombamento";"Com Vítimas Feridas";"Pleno dia";"Decrescente";"Céu Claro";"Dupla";"Reta";"Sim";1;0;0;1;0;0;1;1;-7,08092534;-41,4582602;"SPRF-PI";"DEL04-PI";"UOP01-DEL04-PI"
538072;2023-07-01;"sábado";"18:20:00";"PE";407;126,2;"PETROLINA";"Pedestre cruzava a pista fora da faixa";"Atropelamento de Pedestre";"Com Vítimas Feridas";"Plena Noite";"Crescente";"Ignorado";"Dupla";"Desvio Temporário;Reta;Em Obras";"Sim";2;0;1;1;0;0;2;2;-9,38491309;-40,52809509;"SPRF-PE";"DEL06-PE";"UOP01-DEL06-PE"
538073;2023-07-25;"terça-feira";"11:17:00";"SP";116;220;"GUARULHOS";"Manobra de mudança de faixa";"Colisão traseira";"Com Vítimas Feridas";"Pleno dia";"Crescente";"Céu Claro";"Múltipla";"Reta";"Sim";2;0;1;0;1;0;1;2;-23,46472809;-46,49793962;"SPRF-SP";"DEL01-SP";"UOP01-DEL01-SP"
538074;2023-07-25;"terça-feira";"11:00:00";"SC";101;106,2;"PENHA";"Reação tardia ou ineficiente do condutor";"Colisão traseira";"Com Vítimas Feridas";"Pleno dia";"Crescente";"Sol";"Dupla";"Declive;Reta";"Não";3;0;1;0;2;0;1;2;-26,81031601;-48,68293896;"SPRF-SC";"DEL03-SC";"UOP02-DEL03-SC"
538078;2023-07-25;"terça-feira";"11:15:00";"MG";116;513,7;"UBAPORANGA";"Velocidade Incompatível";"Colisão traseira";"Com Vítimas Feridas";"Pleno dia";"Crescente";"Céu Claro";"Simples";"Aclive";"Não";2;0;1;0;1;0;1;2;-19,66981698;-42,11727987;"SPRF-MG";"DEL06-MG";"UOP02-DEL06-MG"
538079;2023-07-25;"terça-feira";"11:30:00";"PR";369;75;"SANTA MARIANA";"Transitar na contramão";"Colisão frontal";"Com Vítimas Feridas";"Pleno dia";"Crescente";"Céu Claro";"Simples";"Declive;Reta";"Não";3;0;2;0;1;0;2;2;-23,14904148;-50,53710938;"SPRF-PR";"DEL07-PR";"UOP05-DEL07-PR"
538080;2023-07-25;"terça-feira";"12:00:00";"MG";40;501,6;"ESMERALDAS";"Manobra de mudança de faixa";"Colisão traseira";"Com Vítimas Feridas";"Pleno dia";"Decrescente";"Céu Claro";"Dupla";"Declive;Reta";"Não";2;0;1;0;1;0;1;2;-19,70735708;-44,16736508;"SPRF-MG";"DEL02-MG";"UOP01-DEL02-MG"
538081;2023-07-25;"terça-feira";"11:58:00";"SC";101;74,5;"JARAGUA DO SUL";"Acessar a via sem observar a presença dos outros veículos";"Colisão lateral mesmo sentido";"Com Vítimas Feridas";"Pleno dia";"Decrescente";"Céu Claro";"Simples";"Rotatória";"Não";2;0;1;0;1;0;1;2;-26,458583;-49,179321;"SPRF-SC";"DEL03-SC";"UOP02-DEL03-SC"
538083;2023-07-25;"terça-feira";"08:15:00";"SC";470;42;"GASPAR";"Condutor deixou de manter distância do veículo da frente";"Colisão traseira";"Sem Vítimas";"Pleno dia";"Decrescente";"Céu Claro";"Dupla";"Curva";"Sim";2;0;0;0;1;1;0;2;-26,875719;-49,003746;"SPRF-SC";"DEL04-SC";"UOP01-DEL04-SC"
538084;2023-07-25;"terça-feira";"11:40:00";"BA";116;448;"ANTONIO CARDOSO";"Condutor Dormindo";"Saída de leito carroçável";"Com Vítimas Feridas";"Pleno dia";"Decrescente";"Sol";"Dupla";"Reta;Declive";"Não";1;0;1;0;0;0;1;1;-12,38691042;-39,13912654;"SPRF-BA";"DEL02-BA";"UOP01-DEL02-BA"
538085;2023-07-25;"terça-feira";"10:30:00";"MS";163;2;"MUNDO NOVO";"Ausência de reação do condutor";"Colisão traseira";"Com Vítimas Feridas";"Pleno dia";"Decrescente";"Céu Claro";"Simples";"Reta;Declive";"Não";4;0;2;0;2;0;2;2;-24,03248384;-54,28622977;"SPRF-MS";"DEL09-MS";"UOP02-DEL09-MS"
538087;2023-07-25;"terça-feira";"10:00:00";"MT";163;1049;"MATUPA";"Demais falhas mecânicas ou elétricas";"Queda de ocupante de veículo";"Com Vítimas Feridas";"Pleno dia";"Crescente";"Céu Claro";"Simples";"Reta";"Não";2;0;2;0;0;0;2;1;-10,21397874;-54,96594637;"SPRF-MT";"DEL06-MT";"UOP03-DEL06-MT"
538089;2023-07-25;"terça-feira";"13:05:00";"SC";470;135,4;"RIO DO SUL";"Acessar a via sem observar a presença dos outros veículos";"Colisão transversal";"Com Vítimas Feridas";"Pleno dia";"Decrescente";"Céu Claro";"Simples";"Reta";"Sim";2;0;1;0;1;0;1;2;-27,188492;-49,61232;"SPRF-SC";"DEL04-SC";"UOP02-DEL04-SC"
538093;2023-06-24;"sábado";"15:30:00";"SC";101;131;"BALNEARIO CAMBORIU";"Acessar a via sem observar a presença dos outros veículos";"Tombamento";"Com Vítimas Feridas";"Pleno dia";"Decrescente";"Céu Claro";"Dupla";"Interseção de Vias;Reta";"Sim";2;0;0;1;1;0;1;2;-26,99064209;-48,66310912;"SPRF-SC";"DEL04-SC";"UOP03-DEL04-SC"
538094;2023-06-11;"domingo";"18:45:00";"MG";116;549,2;"SANTA BARBARA DO LESTE";"Acessar a via sem observar a presença dos outros veículos";"Atropelamento de Pedestre";"Com Vítimas Fatais";"Plena Noite";"Crescente";"Céu Claro";"Simples";"Declive;Reta";"Não";4;1;0;0;1;2;0;3;-19,960735;-42,13329299;"SPRF-MG";"DEL06-MG";"UOP02-DEL06-MG"
538097;2023-07-25;"terça-feira";"13:41:00";"SC";280;24,7;"ARAQUARI";"Acessar a via sem observar a presença dos outros veículos";"Colisão transversal";"Com Vítimas Feridas";"Pleno dia";"Crescente";"Céu Claro";"Simples";"Reta";"Sim";2;0;1;0;1;0;1;2;-26,37724921;-48,71953282;"SPRF-SC";"DEL03-SC";"UOP03-DEL03-SC"
538098;2023-07-25;"terça-feira";"14:30:00";"SP";116;285;"ITAPECERICA DA SERRA";"Acumulo de areia ou detritos sobre o pavimento";"Queda de ocupante de veículo";"Com Vítimas Feridas";"Pleno dia";"Crescente";"Céu Claro";"Dupla";"Curva";"Sim";1;0;1;0;0;0;1;1;-23,70407794;-46,87249709;"SPRF-SP";"DEL04-SP";"UOP01-DEL04-SP"
538099;2023-06-26;"segunda-feira";"17:40:00";"RJ";101;319;"NITEROI";"Manobra de mudança de faixa";"Colisão lateral mesmo sentido";"Com Vítimas Feridas";"Anoitecer";"Decrescente";"Céu Claro";"Dupla";"Reta";"Sim";2;0;1;0;1;0;1;2;-22,85411774;-43,1018014;"SPRF-RJ";"DEL02-RJ";"UOP02-DEL02-RJ"
538100;2023-07-25;"terça-feira";"12:45:00";"RS";386;237;"SOLEDADE";"Ausência de reação do condutor";"Colisão com objeto";"Com Vítimas Feridas";"Pleno dia";"Crescente";"Nublado";"Simples";"Reta";"Não";3;0;1;0;2;0;1;1;-28,746569;-52,548145;"SPRF-RS";"DEL04-RS";"UOP03-DEL04-RS"
538102;2023-07-25;"terça-feira";"13:45:00";"PE";101;42,8;"IGARASSU";"Acessar a via sem observar a presença dos outros veículos";"Colisão transversal";"Com Vítimas Feridas";"Pleno dia";"Decrescente";"Sol";"Múltipla";"Retorno Regulamentado";"Não";2;0;1;0;1;0;1;2;-7,83887431;-34,91196739;"SPRF-PE";"DEL01-PE";"UOP02-DEL01-PE"
538103;2023-07-25;"terça-feira";"13:10:00";"PR";277;712;"SANTA TEREZINHA DE ITAIPU";"Condutor deixou de manter distância do veículo da frente";"Colisão traseira";"Com Vítimas Feridas";"Pleno dia";"Decrescente";"Céu Claro";"Dupla";"Retorno Regulamentado;Reta";"Sim";2;0;1;0;1;0;1;2;-25,45780735;-54,43119986;"SPRF-PR";"DEL05-PR";"UOP01-DEL05-PR"
538104;2023-07-25;"terça-feira";"13:55:00";"PR";369;237;"JANDAIA DO SUL";"Ausência de reação do condutor";"Capotamento";"Com Vítimas Feridas";"Pleno dia";"Crescente";"Céu Claro";"Simples";"Aclive;Reta";"Não";1;0;1;0;0;0;1;1;-23,65851876;-51,68672562;"SPRF-PR";"DEL09-PR";"UOP01-DEL09-PR"
538105;2023-07-25;"terça-feira";"10:30:00";"RJ";495;27;"PETROPOLIS";"Mal súbito do condutor";"Colisão com objeto";"Com Vítimas Fatais";"Pleno dia";"Crescente";"Céu Claro";"Dupla";"Reta";"Sim";1;1;0;0;0;0;0;1;-22,397148;-43,110664;"SPRF-RJ";"DEL06-RJ";"UOP01-DEL06-RJ"
538106;2023-07-25;"terça-feira";"12:45:00";"BA";101;95;"ALAGOINHAS";"Reação tardia ou ineficiente do condutor";"Tombamento";"Com Vítimas Feridas";"Pleno dia";"Decrescente";"Céu Claro";"Simples";"Reta";"Não";1;0;1;0;0;0;1;1;-12,1046008;-38,37723015;"SPRF-BA";"DEL01-BA";"UOP04-DEL01-BA"
538107;2023-07-01;"sábado";"07:45:00";"SC";282;501;"XANXERE";"Avarias e/ou desgaste excessivo no pneu";"Saída de leito carroçável";"Com Vítimas Feridas";"Pleno dia";"Decrescente";"Céu Claro";"Dupla";"Reta";"Não";1;0;1;0;0;0;1;1;-26,882715;-52,381729;"SPRF-SC";"DEL07-SC";"UOP01-DEL07-SC"
538108;2023-07-25;"terça-feira";"14:50:00";"PR";277;660,3;"MATELANDIA";"Reação tardia ou ineficiente do condutor";"Saída de leito carroçável";"Com Vítimas Feridas";"Pleno dia";"Decrescente";"Céu Claro";"Dupla";"Curva;Aclive";"Não";1;0;1;0;0;0;1;1;-25,25136237;-53,99027796;"SPRF-PR";"DEL05-PR";"UOP02-DEL05-PR"
538109;2023-07-25;"terça-feira";"13:20:00";"RJ";465;5;"SEROPEDICA";"Acessar a via sem observar a presença dos outros veículos";"Colisão frontal";"Com Vítimas Feridas";"Pleno dia";"Decrescente";"Céu Claro";"Simples";"Reta";"Sim";2;0;1;0;1;0;1;2;-22,747673;-43,699196;"SPRF-RJ";"DEL01-RJ";"UOP03-DEL01-RJ"
538113;2023-07-25;"terça-feira";"15:10:00";"SP";381;24,1;"BRAGANCA PAULISTA";"Ausência de reação do condutor";"Saída de leito carroçável";"Com Vítimas Feridas";"Pleno dia";"Decrescente";"Céu Claro";"Dupla";"Em Obras;Curva";"Não";2;0;2;0;0;0;2;1;-23,01483;-46,524471;"SPRF-SP";"DEL03-SP";"UOP02-DEL03-SP"
538114;2023-07-25;"terça-feira";"16:00:00";"MG";381;486;"BETIM";"Trafegar com motocicleta (ou similar) entre as faixas";"Colisão lateral mesmo sentido";"Com Vítimas Feridas";"Pleno dia";"Decrescente";"Céu Claro";"Múltipla";"Reta;Aclive";"Não";2;0;1;0;1;0;1;2;-19,95644414;-44,13611598;"SPRF-MG";"DEL01-MG";"UOP03-DEL01-MG"
538115;2023-07-25;"terça-feira";"14:39:00";"RJ";101;575;"PARATY";"Acessar a via sem observar a presença dos outros veículos";"Colisão traseira";"Com Vítimas Feridas";"Pleno dia";"Decrescente";"Céu Claro";"Simples";"Rotatória";"Sim";3;0;1;0;2;0;1;2;-23,21978585;-44,73466957;"SPRF-RJ";"DEL03-RJ";"UOP04-DEL03-RJ"
538116;2023-07-25;"terça-feira";"15:45:00";"PR";277;330;"GUARAPUAVA";"Acumulo de areia ou detritos sobre o pavimento";"Eventos atípicos";"Sem Vítimas";"Pleno dia";"Crescente";"Céu Claro";"Simples";"Reta";"Não";2;0;0;0;2;0;0;2;-25,37353503;-51,308405;"SPRF-PR";"DEL08-PR";"UOP01-DEL08-PR"
538117;2023-07-25;"terça-feira";"16:10:00";"SC";101;145;"ITAPEMA";"Reação tardia ou ineficiente do condutor";"Colisão lateral mesmo sentido";"Sem Vítimas";"Pleno dia";"Crescente";"Céu Claro";"Dupla";"Reta";"Sim";2;0;0;0;2;0;0;2;-27,08139206;-48,60130993;"SPRF-SC";"DEL04-SC";"UOP03-DEL04-SC"
538118;2023-07-25;"terça-feira";"14:00:00";"RS";116;149;"CAXIAS DO SUL";"Frear bruscamente";"Colisão traseira";"Sem Vítimas";"Pleno dia";"Crescente";"Céu Claro";"Múltipla";"Reta";"Sim";2;0;0;0;2;0;0;2;-29,15996905;-51,15645292;"SPRF-RS";"DEL05-RS";"UOP01-DEL05-RS"
538119;2023-07-25;"terça-feira";"16:30:00";"DF";40;5,7;"BRASILIA";"Acumulo de óleo sobre o pavimento";"Eventos atípicos";"Com Vítimas Feridas";"Pleno dia";"Decrescente";"Céu Claro";"Dupla";"Reta";"Não";3;0;2;1;0;0;3;1;-16,02964538;-47,97901154;"SPRF-DF";"DEL01-DF";"UOP01-DEL01-DF"
538121;2023-07-25;"terça-feira";"17:00:00";"MG";381;482;"BETIM";"Manobra de mudança de faixa";"Colisão lateral mesmo sentido";"Com Vítimas Feridas";"Pleno dia";"Crescente";"Céu Claro";"Múltipla";"Reta";"Não";2;0;1;0;1;0;1;2;-19,955532;-44,097209;"SPRF-MG";"DEL01-MG";"UOP03-DEL01-MG"
538122;2023-07-25;"terça-feira";"17:00:00";"GO";153;435;"ANAPOLIS";"Ausência de reação do condutor";"Capotamento";"Com Vítimas Feridas";"Pleno dia";"Crescente";"Céu Claro";"Dupla";"Curva";"Sim";1;0;1;0;0;0;1;1;-16,28869968;-48,93860601;"SPRF-GO";"DEL02-GO";"UOP01-DEL02-GO"
538123;2023-07-25;"terça-feira";"14:00:00";"CE";20;241;"MADALENA";"Reação tardia ou ineficiente do condutor";"Saída de leito carroçável";"Com Vítimas Feridas";"Pleno dia";"Decrescente";"Sol";"Simples";"Reta";"Não";1;0;0;1;0;0;1;1;-4,84037364;-39,56497452;"SPRF-CE";"DEL02-CE";"UOP02-DEL02-CE"
538124;2023-07-25;"terça-feira";"16:40:00";"RJ";40;121;"DUQUE DE CAXIAS";"Manobra de mudança de faixa";"Colisão lateral mesmo sentido";"Com Vítimas Feridas";"Pleno dia";"Decrescente";"Céu Claro";"Dupla";"Reta";"Sim";3;0;2;0;1;0;2;2;-22,78185499;-43,28571273;"SPRF-RJ";"DEL01-RJ";"UOP01-DEL01-RJ"
538126;2023-07-25;"terça-feira";"17:40:00";"MG";50;70;"UBERLANDIA";"Ausência de reação do condutor";"Colisão traseira";"Com Vítimas Feridas";"Anoitecer";"Crescente";"Céu Claro";"Dupla";"Reta";"Sim";2;0;1;0;1;0;1;2;-18,85140204;-48,25345932;"SPRF-MG";"DEL15-MG";"UOP01-DEL15-MG"
538128;2023-07-25;"terça-feira";"17:50:00";"PE";101;68,1;"RECIFE";"Transitar na contramão";"Colisão transversal";"Com Vítimas Feridas";"Plena Noite";"Crescente";"Céu Claro";"Dupla";"Interseção de Vias";"Sim";3;0;1;0;2;0;1;2;-8,052378;-34,946719;"SPRF-PE";"DEL01-PE";"UOP01-DEL01-PE"
538129;2023-07-25;"terça-feira";"14:45:00";"SC";101;38,7;"JOINVILLE";"Desrespeitar a preferência no cruzamento";"Colisão transversal";"Com Vítimas Feridas";"Pleno dia";"Decrescente";"Céu Claro";"Dupla";"Interseção de Vias;Viaduto;Rotatória";"Sim";3;0;2;0;1;0;2;2;-26,25472505;-48,90561309;"SPRF-SC";"DEL03-SC";"UOP01-DEL03-SC"
538130;2023-07-25;"terça-feira";"16:50:00";"SC";101;117;"ITAJAI";"Ausência de reação do condutor";"Colisão traseira";"Com Vítimas Feridas";"Pleno dia";"Crescente";"Céu Claro";"Dupla";"Reta;Viaduto";"Não";4;0;1;0;3;0;1;3;-26,88747187;-48,72252969;"SPRF-SC";"DEL04-SC";"UOP04-DEL04-SC"
538131;2023-07-25;"terça-feira";"17:35:00";"PB";230;19;"JOAO PESSOA";"Ausência de reação do condutor";"Tombamento";"Com Vítimas Feridas";"Plena Noite";"Crescente";"Céu Claro";"Dupla";"Aclive;Reta";"Sim";1;0;1;0;0;0;1;1;-7,1281;-34,8466;"SPRF-PB";"DEL01-PB";"UOP01-DEL01-PB"
538132;2023-07-25;"terça-feira";"18:13:00";"SP";116;215;"GUARULHOS";"Transitar na contramão";"Colisão frontal";"Com Vítimas Feridas";"Plena Noite";"Decrescente";"Céu Claro";"Múltipla";"Reta";"Sim";2;0;0;1;1;0;1;2;-23,44695693;-46,45394103;"SPRF-SP";"DEL01-SP";"UOP01-DEL01-SP"
538133;2023-07-25;"terça-feira";"12:30:00";"SC";470;183;"POUSO REDONDO";"Ingestão de álcool pelo condutor";"Saída de leito carroçável";"Com Vítimas Feridas";"Pleno dia";"Crescente";"Céu Claro";"Simples";"Curva";"Não";1;0;1;0;0;0;1;1;-27,251547;-50,016747;"SPRF-SC";"DEL04-SC";"UOP02-DEL04-SC"
538134;2023-07-25;"terça-feira";"18:15:00";"SP";116;281;"EMBU DAS ARTES";"Ingestão de álcool pelo condutor";"Colisão traseira";"Sem Vítimas";"Anoitecer";"Decrescente";"Céu Claro";"Múltipla";"Reta";"Não";3;0;0;0;3;0;0;2;-23,67784787;-46,85769227;"SPRF-SP";"DEL04-SP";"UOP01-DEL04-SP"
538137;2023-07-25;"terça-feira";"18:15:00";"SC";470;74,4;"INDAIAL";"Condutor deixou de manter distância do veículo da frente";"Colisão traseira";"Com Vítimas Feridas";"Anoitecer";"Crescente";"Céu Claro";"Simples";"Reta";"Sim";2;0;0;1;1;0;1;2;-26,916288;-49,280807;"SPRF-SC";"DEL04-SC";"UOP01-DEL04-SC"
538138;2023-07-25;"terça-feira";"17:55:00";"SC";470;69;"INDAIAL";"Acessar a via sem observar a presença dos outros veículos";"Colisão transversal";"Com Vítimas Feridas";"Anoitecer";"Crescente";"Céu Claro";"Simples";"Reta";"Sim";2;0;0;1;1;0;1;2;-26,883745;-49,246704;"SPRF-SC";"DEL04-SC";"UOP01-DEL04-SC"
538139;2023-07-25;"terça-feira";"17:40:00";"ES";259;50;"COLATINA";"Acessar a via sem observar a presença dos outros veículos";"Colisão transversal";"Com Vítimas Feridas";"Anoitecer";"Crescente";"Céu Claro";"Simples";"Retorno Regulamentado";"Sim";2;0;1;0;0;1;1;2;-19,510103;-40,60615;"SPRF-ES";"DEL02-ES";"UOP01-DEL02-ES"
538141;2023-07-25;"terça-feira";"18:26:00";"MG";116;533,3;"SANTA RITA DE MINAS";"Ausência de reação do condutor";"Tombamento";"Com Vítimas Feridas";"Plena Noite";"Crescente";"Nublado";"Simples";"Reta;Declive";"Não";1;0;1;0;0;0;1;1;-19,86620285;-42,1352356;"SPRF-MG";"DEL06-MG";"UOP02-DEL06-MG"
538143;2023-07-25;"terça-feira";"18:00:00";"PR";116;143,3;"MANDIRITUBA";"Conversão proibida";"Colisão transversal";"Com Vítimas Feridas";"Anoitecer";"Crescente";"Nublado";"Simples";"Reta";"Não";2;0;0;1;1;0;1;2;-25,75533595;-49,31864209;"SPRF-PR";"DEL01-PR";"UOP03-DEL01-PR"
538144;2023-07-25;"terça-feira";"17:25:00";"SC";282;528;"CORDILHEIRA ALTA";"Condutor deixou de manter distância do veículo da frente";"Colisão traseira";"Com Vítimas Feridas";"Anoitecer";"Decrescente";"Céu Claro";"Simples";"Reta";"Não";2;0;1;0;1;0;1;2;-26,978798;-52,588566;"SPRF-SC";"DEL07-SC";"UOP01-DEL07-SC"
538145;2023-07-25;"terça-feira";"18:50:00";"SP";116;454;"REGISTRO";"Animais na Pista";"Atropelamento de Animal";"Com Vítimas Feridas";"Plena Noite";"Crescente";"Céu Claro";"Dupla";"Reta";"Não";1;0;1;0;0;0;1;1;-24,56704392;-47,87450304;"SPRF-SP";"DEL05-SP";"UOP01-DEL05-SP"
538147;2023-07-25;"terça-feira";"16:45:00";"MG";40;527;"CONTAGEM";"Reação tardia ou ineficiente do condutor";"Colisão traseira";"Com Vítimas Feridas";"Pleno dia";"Decrescente";"Céu Claro";"Dupla";"Curva;Aclive";"Sim";2;0;1;0;1;0;1;2;-19,90385808;-44,04862046;"SPRF-MG";"DEL01-MG";"UOP02-DEL01-MG"
538149;2023-07-25;"terça-feira";"14:50:00";"SC";470;123;"IBIRAMA";"Animais na Pista";"Colisão com objeto";"Com Vítimas Feridas";"Pleno dia";"Crescente";"Sol";"Simples";"Reta";"Não";1;0;1;0;0;0;1;1;-27,106783;-49,522049;"SPRF-SC";"DEL04-SC";"UOP02-DEL04-SC"
538151;2023-07-25;"terça-feira";"18:40:00";"RS";116;152,6;"CAXIAS DO SUL";"Acessar a via sem observar a presença dos outros veículos";"Colisão transversal";"Com Vítimas Feridas";"Anoitecer";"Decrescente";"Céu Claro";"Dupla";"Interseção de Vias;Curva";"Sim";2;0;2;0;0;0;2;2;-29,1829343;-51,16801501;"SPRF-RS";"DEL05-RS";"UOP01-DEL05-RS"
538152;2023-07-25;"terça-feira";"17:20:00";"SC";101;213;"PALHOCA";"Reação tardia ou ineficiente do condutor";"Tombamento";"Com Vítimas Feridas";"Anoitecer";"Crescente";"Céu Claro";"Múltipla";"Reta";"Sim";1;0;1;0;0;0;1;1;-27,63697369;-48,66514142;"SPRF-SC";"DEL01-SC";"UOP02-DEL01-SC"
538153;2023-07-25;"terça-feira";"19:10:00";"MG";116;504;"INHAPIM";"Iluminação deficiente";"Colisão frontal";"Com Vítimas Feridas";"Plena Noite";"Crescente";"Garoa/Chuvisco";"Simples";"Reta";"Não";2;0;1;0;1;0;1;2;-19,594446;-42,11241304;"SPRF-MG";"DEL06-MG";"UOP02-DEL06-MG"
538154;2023-07-25;"terça-feira";"18:15:00";"PR";369;183;"ARAPONGAS";"Pedestre cruzava a pista fora da faixa";"Atropelamento de Pedestre";"Com Vítimas Fatais";"Anoitecer";"Crescente";"Céu Claro";"Simples";"Reta";"Sim";3;1;0;0;2;0;0;2;-23,37703127;-51,4154309;"SPRF-PR";"DEL07-PR";"UOP03-DEL07-PR"
538155;2023-07-25;"terça-feira";"18:50:00";"MA";222;667;"ACAILANDIA";"Condutor deixou de manter distância do veículo da frente";"Colisão traseira";"Com Vítimas Feridas";"Plena Noite";"Decrescente";"Céu Claro";"Simples";"Reta";"Sim";2;0;1;0;1;0;1;2;-4,90264174;-47,39968016;"SPRF-MA";"DEL04-MA";"UOP03-DEL04-MA"
538156;2023-07-25;"terça-feira";"18:30:00";"RJ";465;16;"SEROPEDICA";"Ausência de reação do condutor";"Colisão lateral mesmo sentido";"Com Vítimas Feridas";"Plena Noite";"Crescente";"Céu Claro";"Simples";"Reta";"Não";3;0;1;1;0;1;2;3;-22,815538;-43,624565;"SPRF-RJ";"DEL03-RJ";"UOP01-DEL03-RJ"
538159;2023-07-25;"terça-feira";"18:55:00";"MS";163;339,5;"RIO BRILHANTE";"Manobra de mudança de faixa";"Colisão frontal";"Com Vítimas Fatais";"Plena Noite";"Crescente";"Céu Claro";"Simples";"Curva";"Não";3;1;1;0;0;1;1;3;-21,66727715;-54,4553759;"SPRF-MS";"DEL02-MS";"UOP02-DEL02-MS"
538161;2023-07-25;"terça-feira";"16:40:00";"RJ";101;322;"NITEROI";"Velocidade Incompatível";"Colisão traseira";"Com Vítimas Feridas";"Pleno dia";"Crescente";"Céu Claro";"Múltipla";"Reta";"Sim";5;0;0;3;2;0;3;2;-22,878923;-43,110676;"SPRF-RJ";"DEL02-RJ";"UOP01-DEL02-RJ"
538162;2023-07-25;"terça-feira";"17:15:00";"MA";135;2;"SAO LUIS";"Mal súbito do condutor";"Colisão traseira";"Com Vítimas Feridas";"Anoitecer";"Decrescente";"Céu Claro";"Dupla";"Reta";"Sim";3;0;1;0;2;0;1;2;-2,59805174;-44,24553752;"SPRF-MA";"DEL01-MA";"UOP01-DEL01-MA"
538163;2023-07-25;"terça-feira";"18:50:00";"PR";373;217;"IMBITUVA";"Ausência de reação do condutor";"Tombamento";"Com Vítimas Feridas";"Plena Noite";"Crescente";"Céu Claro";"Simples";"Desvio Temporário";"Não";1;0;1;0;0;0;1;1;-25,156922;-50,541287;"SPRF-PR";"DEL03-PR";"UOP01-DEL03-PR"
538165;2023-05-26;"sexta-feira";"18:37:00";"PR";277;674;"MEDIANEIRA";"Reação tardia ou ineficiente do condutor";"Saída de leito carroçável";"Com Vítimas Feridas";"Anoitecer";"Crescente";"Ignorado";"Dupla";"Reta";"Sim";3;0;1;0;2;0;1;2;-25,3004203;-54,12522577;"SPRF-PR";"DEL05-PR";"UOP01-DEL05-PR"
538166;2023-07-25;"terça-feira";"18:35:00";"RJ";101;532;"ANGRA DOS REIS";"Reação tardia ou ineficiente do condutor";"Colisão com objeto";"Sem Vítimas";"Plena Noite";"Crescente";"Céu Claro";"Simples";"Reta";"Sim";1;0;0;0;1;0;0;1;-23,01935;-44,53271;"SPRF-RJ";"DEL03-RJ";"UOP03-DEL03-RJ"
538167;2023-07-25;"terça-feira";"17:50:00";"RJ";101;504;"ANGRA DOS REIS";"Acessar a via sem observar a presença dos outros veículos";"Colisão transversal";"Com Vítimas Feridas";"Plena Noite";"Crescente";"Céu Claro";"Simples";"Reta";"Sim";5;0;0;1;4;0;1;2;-22,93155828;-44,38812093;"SPRF-RJ";"DEL03-RJ";"UOP03-DEL03-RJ"
538168;2023-07-25;"terça-feira";"18:40:00";"SC";101;212,1;"PALHOCA";"Velocidade Incompatível";"Colisão com objeto";"Com Vítimas Feridas";"Plena Noite";"Decrescente";"Céu Claro";"Dupla";"Reta";"Sim";1;0;1;0;0;0;1;1;-27,62996929;-48,65903871;"SPRF-SC";"DEL01-SC";"UOP02-DEL01-SC"
538169;2023-07-25;"terça-feira";"19:48:00";"GO";153;513;"APARECIDA DE GOIANIA";"Ingestão de álcool e/ou substâncias psicoativas pelo pedestre";"Atropelamento de Pedestre";"Com Vítimas Feridas";"Plena Noite";"Crescente";"Ignorado";"Simples";"Reta";"Sim";2;0;0;1;1;0;1;2;-16,8244;-49,2421;"SPRF-GO";"DEL01-GO";"UOP03-DEL01-GO"
538171;2023-07-25;"terça-feira";"18:20:00";"GO";251;31,5;"CRISTALINA";"Conversão proibida";"Colisão transversal";"Com Vítimas Feridas";"Plena Noite";"Crescente";"Céu Claro";"Simples";"Reta";"Sim";4;0;3;0;1;0;3;2;-16,06335509;-47,53286004;"SPRF-DF";"DEL01-DF";"UOP01-DEL01-DF"
538172;2023-07-25;"terça-feira";"16:30:00";"BA";30;352;"BRUMADO";"Velocidade Incompatível";"Capotamento";"Com Vítimas Fatais";"Pleno dia";"Crescente";"Céu Claro";"Simples";"Reta";"Não";1;1;0;0;0;0;0;1;-14,26082041;-41,79797695;"SPRF-BA";"DEL08-BA";"UOP01-DEL08-BA"
538173;2023-07-25;"terça-feira";"20:30:00";"ES";393;3,2;"CACHOEIRO DE ITAPEMIRIM";"Animais na Pista";"Atropelamento de Animal";"Com Vítimas Feridas";"Plena Noite";"Decrescente";"Nublado";"Simples";"Reta";"Sim";1;0;0;1;0;0;1;1;-20,82758347;-41,18252617;"SPRF-ES";"DEL03-ES";"UOP02-DEL03-ES"
538174;2023-07-25;"terça-feira";"20:00:00";"SC";101;455;"SAO JOAO DO SUL";"Acessar a via sem observar a presença dos outros veículos";"Colisão transversal";"Com Vítimas Feridas";"Plena Noite";"Crescente";"Garoa/Chuvisco";"Múltipla";"Reta";"Não";2;0;1;0;1;0;1;2;-29,22683019;-49,76024508;"SPRF-SC";"DEL02-SC";"UOP02-DEL02-SC"