"id";"data_inversa";"dia_semana";"horario";"uf";"br";"km";"municipio";"causa_acidente";"tipo_acidente";"classificacao_acidente";"fase_dia";"sentido_via";"condicao_metereologica";"tipo_pista";"tracado_via";"uso_solo";"pessoas";"mortos";"feridos_leves";"feridos_graves";"ilesos";"ignorados";"feridos";"veiculos";"latitude";"longitude";"regional";"delegacia";"uop"
538175;2023-07-25;"terça-feira";"18:00:00";"MS";163;9;"MUNDO NOVO";"Pedestre andava na pista";"Atropelamento de Pedestre";"Com Vítimas Feridas";"Plena Noite";"Decrescente";"Céu Claro";"Simples";"Reta;Declive";"Não";2;0;2;0;0;0;2;2;-23,98707101;-54,33136162;"SPRF-MS";"DEL09-MS";"UOP02-DEL09-MS"
538177;2023-07-25;"terça-feira";"20:05:00";"RS";471;151,6;"SANTA CRUZ DO SUL";"Acumulo de areia ou detritos sobre o pavimento";"Tombamento";"Com Vítimas Feridas";"Plena Noite";"Crescente";"Chuva";"Simples";"Reta";"Não";1;0;1;0;0;0;1;1;-29,78617497;-52,41093814;"SPRF-RS";"DEL02-RS";"UOP03-DEL02-RS"
538180;2023-07-25;"terça-feira";"18:55:00";"PR";376;5;"APUCARANA";"Manobra de mudança de faixa";"Colisão lateral mesmo sentido";"Com Vítimas Feridas";"Plena Noite";"Decrescente";"Céu Claro";"Simples";"Curva;Interseção de Vias";"Sim";2;0;2;0;0;0;2;2;-23,55076929;-51,45000458;"SPRF-PR";"DEL07-PR";"UOP03-DEL07-PR"
538183;2023-07-25;"terça-feira";"18:30:00";"AC";364;36;"ACRELANDIA";"Pista esburacada";"Colisão traseira";"Sem Vítimas";"Plena Noite";"Crescente";"Céu Claro";"Simples";"Em Obras;Declive";"Não";2;0;0;0;2;0;0;2;-9,94570874;-67,0587711;"SPRF-AC";"DEL01-AC";"UOP03-DEL01-AC"
538184;2023-07-25;"terça-feira";"20:00:00";"PI";343;589;"FLORIANO";"Reação tardia ou ineficiente do condutor";"Colisão com objeto";"Com Vítimas Feridas";"Plena Noite";"Crescente";"Céu Claro";"Dupla";"Interseção de Vias";"Sim";2;0;2;0;0;0;2;1;-6,776695;-43,009346;"SPRF-PI";"DEL03-PI";"UOP01-DEL03-PI"
538186;2023-07-25;"terça-feira";"19:15:00";"PR";376;659,7;"TIJUCAS DO SUL";"Ausência de reação do condutor";"Saída de leito carroçável";"Com Vítimas Feridas";"Plena Noite";"Crescente";"Céu Claro";"Simples";"Declive;Curva";"Não";1;0;1;0;0;0;1;1;-25,8497383;-49,01288607;"SPRF-PR";"DEL01-PR";"UOP04-DEL01-PR"
538188;2023-07-25;"terça-feira";"22:30:00";"SC";101;222;"PALHOCA";"Velocidade Incompatível";"Saída de leito carroçável";"Sem Vítimas";"Plena Noite";"Crescente";"Nublado";"Dupla";"Curva";"Sim";4;0;0;0;3;1;0;2;-27,70865409;-48,65586407;"SPRF-SC";"DEL01-SC";"UOP02-DEL01-SC"
538189;2023-07-25;"terça-feira";"22:41:00";"PE";101;38,3;"IGARASSU";"Demais falhas mecânicas ou elétricas";"Incêndio";"Com Vítimas Feridas";"Plena Noite";"Decrescente";"Céu Claro";"Dupla";"Aclive;Reta";"Não";2;0;1;0;1;0;1;1;-7,80600806;-34,92522908;"SPRF-PE";"DEL01-PE";"UOP02-DEL01-PE"
538191;2023-07-25;"terça-feira";"22:30:00";"ES";101;268,6;"SERRA";"Chuva";"Colisão com objeto";"Sem Vítimas";"Plena Noite";"Crescente";"Chuva";"Dupla";"Reta";"Sim";1;0;0;0;1;0;0;1;-20,20842;-40,269405;"SPRF-ES";"DEL02-ES";"UOP01-DEL02-ES"
538192;2023-07-25;"terça-feira";"20:40:00";"RJ";101;393;"RIO DE JANEIRO";"Pedestre andava na pista";"Atropelamento de Pedestre";"Com Vítimas Fatais";"Plena Noite";"Crescente";"Céu Claro";"Dupla";"Reta";"Não";2;1;0;0;1;0;0;2;-22,88924912;-43,70370205;"SPRF-RJ";"DEL03-RJ";"UOP01-DEL03-RJ"
538193;2023-07-25;"terça-feira";"22:40:00";"SC";101;208,2;"SAO JOSE";"Velocidade Incompatível";"Colisão traseira";"Com Vítimas Feridas";"Plena Noite";"Decrescente";"Céu Claro";"Múltipla";"Reta;Em Obras";"Sim";2;0;0;1;1;0;1;2;-27,60327979;-48,63201818;"SPRF-SC";"DEL01-SC";"UOP01-DEL01-SC"
538194;2023-07-25;"terça-feira";"19:20:00";"MA";135;4,5;"SAO LUIS";"Manobra de mudança de faixa";"Queda de ocupante de veículo";"Com Vítimas Feridas";"Plena Noite";"Decrescente";"Céu Claro";"Dupla";"Reta";"Sim";1;0;1;0;0;0;1;1;-2,61871232;-44,2557103;"SPRF-MA";"DEL01-MA";"UOP01-DEL01-MA"
538196;2023-07-25;"terça-feira";"23:30:00";"SP";116;113;"TAUBATE";"Ausência de reação do condutor";"Saída de leito carroçável";"Com Vítimas Feridas";"Plena Noite";"Crescente";"Céu Claro";"Dupla";"Reta";"Sim";1;0;1;0;0;0;1;1;-23,0440828;-45,58041405;"SPRF-SP";"DEL02-SP";"UOP02-DEL02-SP"
538197;2023-07-25;"terça-feira";"21:30:00";"GO";153;198,5;"URUACU";"Reação tardia ou ineficiente do condutor";"Colisão traseira";"Com Vítimas Feridas";"Plena Noite";"Crescente";"Céu Claro";"Simples";"Reta";"Sim";9;0;0;1;8;0;1;2;-14,49657;-49,151176;"SPRF-GO";"DEL07-GO";"UOP02-DEL07-GO"
538199;2023-07-26;"quarta-feira";"00:15:00";"SP";116;129;"CACAPAVA";"Ausência de reação do condutor";"Capotamento";"Com Vítimas Feridas";"Plena Noite";"Crescente";"Céu Claro";"Dupla";"Reta";"Sim";3;0;2;0;1;0;2;1;-23,11885593;-45,71948203;"SPRF-SP";"DEL02-SP";"UOP02-DEL02-SP"
538200;2023-07-25;"terça-feira";"22:40:00";"RN";110;113,2;"UPANEMA";"Pista esburacada";"Saída de leito carroçável";"Com Vítimas Feridas";"Plena Noite";"Crescente";"Céu Claro";"Simples";"Declive;Curva";"Não";1;0;1;0;0;0;1;1;-5,74412893;-37,28603411;"SPRF-RN";"DEL04-RN";"UOP01-DEL04-RN"
538201;2023-07-25;"terça-feira";"19:00:00";"PI";230;214,5;"OEIRAS";"Transitar na contramão";"Colisão frontal";"Com Vítimas Feridas";"Plena Noite";"Decrescente";"Céu Claro";"Simples";"Reta";"Não";3;0;0;1;2;0;1;2;-7,05284105;-42,25064303;"SPRF-PI";"DEL03-PI";"UOP01-DEL03-PI"
538204;2023-07-25;"terça-feira";"22:00:00";"MG";116;808;"ALEM PARAIBA";"Ausência de reação do condutor";"Saída de leito carroçável";"Sem Vítimas";"Plena Noite";"Crescente";"Nublado";"Simples";"Reta";"Não";1;0;0;0;1;0;0;1;-21,81917799;-42,68924498;"SPRF-MG";"DEL07-MG";"UOP01-DEL07-MG"
538206;2023-07-26;"quarta-feira";"01:00:00";"MT";364;558;"NOBRES";"Condutor Dormindo";"Capotamento";"Com Vítimas Feridas";"Plena Noite";"Crescente";"Céu Claro";"Dupla";"Reta";"Não";1;0;1;0;0;0;1;1;-14,79370634;-56,40252067;"SPRF-MT";"DEL01-MT";"UOP01-DEL01-MT"
538208;2023-07-26;"quarta-feira";"03:10:00";"SC";282;502,7;"XANXERE";"Ingestão de álcool pelo condutor";"Colisão com objeto";"Sem Vítimas";"Plena Noite";"Crescente";"Ignorado";"Simples";"Declive;Reta";"Sim";2;0;0;0;1;1;0;2;-26,88568425;-52,39891648;"SPRF-SC";"DEL07-SC";"UOP01-DEL07-SC"
538211;2023-07-26;"quarta-feira";"03:00:00";"PR";277;83;"CURITIBA";"Ausência de reação do condutor";"Queda de ocupante de veículo";"Com Vítimas Feridas";"Plena Noite";"Decrescente";"Nublado";"Dupla";"Reta";"Sim";3;0;2;0;1;0;2;2;-25,45877483;-49,22149658;"SPRF-PR";"DEL01-PR";"UOP01-DEL01-PR"
538213;2023-07-25;"terça-feira";"23:30:00";"RJ";40;82;"PETROPOLIS";"Ausência de reação do condutor";"Tombamento";"Com Vítimas Feridas";"Plena Noite";"Decrescente";"Nublado";"Simples";"Curva;Aclive";"Não";1;0;1;0;0;0;1;1;-22,51183137;-43,23076171;"SPRF-RJ";"DEL06-RJ";"UOP01-DEL06-RJ"
538214;2023-07-25;"terça-feira";"16:40:00";"PA";163;991;"SANTAREM";"Conversão proibida";"Colisão lateral mesmo sentido";"Com Vítimas Feridas";"Pleno dia";"Decrescente";"Céu Claro";"Simples";"Reta";"Sim";2;0;2;0;0;0;2;2;-2,54272066;-54,72267294;"SPRF-PA";"DEL05-PA";"UOP01-DEL05-PA"
538215;2023-07-26;"quarta-feira";"05:30:00";"DF";20;18,3;"BRASILIA";"Transitar no Acostamento";"Atropelamento de Pedestre";"Sem Vítimas";"Amanhecer";"Decrescente";"Céu Claro";"Dupla";"Aclive;Reta";"Não";3;0;0;0;2;1;0;2;-15,638752;-47,749599;"SPRF-DF";"DEL02-DF";"UOP01-DEL02-DF"
538218;2023-07-26;"quarta-feira";"04:20:00";"SP";116;145;"SAO JOSE DOS CAMPOS";"Ausência de reação do condutor";"Saída de leito carroçável";"Sem Vítimas";"Plena Noite";"Crescente";"Céu Claro";"Dupla";"Reta";"Sim";1;0;0;0;1;0;0;1;-23,1869844;-45,8548078;"SPRF-SP";"DEL02-SP";"UOP01-DEL02-SP"
538219;2023-07-26;"quarta-feira";"05:10:00";"PI";343;15,2;"PARNAIBA";"Ingestão de álcool pelo condutor";"Colisão com objeto";"Com Vítimas Feridas";"Amanhecer";"Decrescente";"Céu Claro";"Dupla";"Rotatória";"Sim";1;0;0;1;0;0;1;1;-2,93847122;-41,75527596;"SPRF-PI";"DEL05-PI";"UOP01-DEL05-PI"
538220;2023-07-26;"quarta-feira";"04:26:00";"SP";116;229;"SAO PAULO";"Ingestão de álcool pelo condutor";"Colisão traseira";"Sem Vítimas";"Amanhecer";"Crescente";"Céu Claro";"Múltipla";"Reta;Declive";"Não";2;0;0;0;1;1;0;2;-23,51291902;-46,57604698;"SPRF-SP";"DEL01-SP";"UOP01-DEL01-SP"
538223;2023-07-26;"quarta-feira";"06:00:00";"SP";153;215;"GUAIMBE";"Condutor deixou de manter distância do veículo da frente";"Colisão traseira";"Sem Vítimas";"Amanhecer";"Decrescente";"Céu Claro";"Simples";"Reta";"Não";1;0;0;0;1;0;0;1;-21,95289098;-49,92255022;"SPRF-SP";"DEL07-SP";"UOP02-DEL07-SP"
538225;2023-07-26;"quarta-feira";"07:00:00";"MG";50;159;"UBERABA";"Condutor Dormindo";"Saída de leito carroçável";"Com Vítimas Feridas";"Amanhecer";"Crescente";"Céu Claro";"Dupla";"Declive;Reta";"Não";3;0;3;0;0;0;3;1;-19,642378;-48,009233;"SPRF-MG";"DEL13-MG";"UOP01-DEL13-MG"
538229;2023-07-26;"quarta-feira";"06:15:00";"AL";101;7,3;"NOVO LINO";"Reação tardia ou ineficiente do condutor";"Saída de leito carroçável";"Com Vítimas Feridas";"Pleno dia";"Crescente";"Céu Claro";"Dupla";"Reta";"Não";1;0;1;0;0;0;1;1;-8,93518579;-35,6442171;"SPRF-AL";"DEL01-AL";"UOP02-DEL01-AL"
538230;2023-07-25;"terça-feira";"03:30:00";"RO";364;1061;"PORTO VELHO";"Reação tardia ou ineficiente do condutor";"Saída de leito carroçável";"Com Vítimas Feridas";"Plena Noite";"Decrescente";"Céu Claro";"Simples";"Reta";"Não";4;0;3;1;0;0;4;1;-9,78209329;-66,55953716;"SPRF-AC";"DEL01-AC";"UOP03-DEL01-AC"
538231;2023-07-26;"quarta-feira";"06:40:00";"PB";104;130,6;"CAMPINA GRANDE";"Acessar a via sem observar a presença dos outros veículos";"Colisão transversal";"Com Vítimas Feridas";"Pleno dia";"Decrescente";"Céu Claro";"Simples";"Reta";"Não";2;0;2;0;0;0;2;2;-7,29900408;-35,89187256;"SPRF-PB";"DEL02-PB";"UOP03-DEL02-PB"
538232;2023-07-26;"quarta-feira";"07:00:00";"MG";40;564,7;"NOVA LIMA";"Demais falhas mecânicas ou elétricas";"Saída de leito carroçável";"Com Vítimas Fatais";"Pleno dia";"Decrescente";"Céu Claro";"Simples";"Reta";"Não";4;1;0;3;0;0;3;3;-20,16086012;-43,96464349;"SPRF-MG";"DEL01-MG";"UOP02-DEL01-MG"
538233;2023-07-26;"quarta-feira";"08:10:00";"SP";116;223;"GUARULHOS";"Manobra de mudança de faixa";"Colisão lateral mesmo sentido";"Com Vítimas Feridas";"Pleno dia";"Crescente";"Céu Claro";"Múltipla";"Reta";"Sim";2;0;1;0;1;0;1;2;-23,47559815;-46,5246609;"SPRF-SP";"DEL01-SP";"UOP01-DEL01-SP"
538235;2023-07-26;"quarta-feira";"08:00:00";"SP";116;274;"TABOAO DA SERRA";"Manobra de mudança de faixa";"Colisão transversal";"Com Vítimas Feridas";"Pleno dia";"Decrescente";"Céu Claro";"Dupla";"Reta";"Sim";2;0;1;0;1;0;1;2;-23,63445084;-46,82418514;"SPRF-SP";"DEL04-SP";"UOP01-DEL04-SP"
538236;2023-07-26;"quarta-feira";"07:30:00";"MG";381;477;"CONTAGEM";"Ausência de reação do condutor";"Colisão traseira";"Com Vítimas Feridas";"Pleno dia";"Decrescente";"Sol";"Dupla";"Reta";"Sim";3;0;1;1;1;0;2;3;-19,96179268;-44,05041676;"SPRF-MG";"DEL01-MG";"UOP03-DEL01-MG"
538237;2023-07-26;"quarta-feira";"08:12:00";"SC";101;211,2;"PALHOCA";"Trafegar com motocicleta (ou similar) entre as faixas";"Queda de ocupante de veículo";"Com Vítimas Feridas";"Pleno dia";"Decrescente";"Céu Claro";"Múltipla";"Reta";"Sim";2;0;1;0;1;0;1;2;-27,62239908;-48,65117311;"SPRF-SC";"DEL01-SC";"UOP02-DEL01-SC"
538239;2023-07-26;"quarta-feira";"08:00:00";"GO";414;392,3;"CORUMBA DE GOIAS";"Reação tardia ou ineficiente do condutor";"Saída de leito carroçável";"Com Vítimas Feridas";"Pleno dia";"Crescente";"Céu Claro";"Simples";"Curva;Aclive";"Não";1;0;1;0;0;0;1;1;-15,91393969;-48,80410441;"SPRF-GO";"DEL02-GO";"UOP01-DEL02-GO"
538240;2023-07-26;"quarta-feira";"06:30:00";"MS";163;253;"DOURADOS";"Reação tardia ou ineficiente do condutor";"Saída de leito carroçável";"Com Vítimas Feridas";"Pleno dia";"Crescente";"Céu Claro";"Dupla";"Reta";"Sim";1;0;1;0;0;0;1;1;-22,27885392;-54,82235352;"SPRF-MS";"DEL04-MS";"UOP02-DEL04-MS"
538241;2023-07-26;"quarta-feira";"07:45:00";"MG";262;364,5;"JUATUBA";"Ausência de reação do condutor";"Colisão traseira";"Com Vítimas Feridas";"Pleno dia";"Crescente";"Céu Claro";"Dupla";"Reta";"Não";2;0;1;0;1;0;1;2;-19,98290644;-44,24492623;"SPRF-MG";"DEL01-MG";"UOP03-DEL01-MG"
538242;2023-07-26;"quarta-feira";"08:00:00";"PI";343;10;"PARNAIBA";"Ultrapassagem Indevida";"Colisão lateral mesmo sentido";"Com Vítimas Feridas";"Pleno dia";"Decrescente";"Céu Claro";"Simples";"Reta";"Sim";3;0;2;0;0;1;2;2;-2,902034;-41,741646;"SPRF-PI";"DEL05-PI";"UOP01-DEL05-PI"
538244;2023-07-26;"quarta-feira";"08:30:00";"PB";101;84,1;"BAYEUX";"Avarias e/ou desgaste excessivo no pneu";"Tombamento";"Com Vítimas Feridas";"Pleno dia";"Crescente";"Nublado";"Dupla";"Reta";"Sim";2;0;2;0;0;0;2;1;-7,13957906;-34,92312806;"SPRF-PB";"DEL01-PB";"UOP01-DEL01-PB"
538246;2023-07-26;"quarta-feira";"08:00:00";"MG";40;39,9;"PARACATU";"Acessar a via sem observar a presença dos outros veículos";"Colisão transversal";"Com Vítimas Feridas";"Pleno dia";"Decrescente";"Céu Claro";"Simples";"Declive;Rotatória;Reta;Retorno Regulamentado";"Sim";2;0;0;1;1;0;1;2;-17,21128483;-46,89011999;"SPRF-MG";"DEL14-MG";"UOP01-DEL14-MG"
538248;2023-07-26;"quarta-feira";"08:30:00";"MG";381;497;"BETIM";"Ausência de reação do condutor";"Colisão traseira";"Com Vítimas Feridas";"Pleno dia";"Decrescente";"Céu Claro";"Dupla";"Reta";"Não";2;0;1;0;1;0;1;2;-20,00483625;-44,21367172;"SPRF-MG";"DEL04-MG";"UOP03-DEL04-MG"
538250;2023-07-26;"quarta-feira";"08:10:00";"MG";365;627,2;"UBERLANDIA";"Manobra de mudança de faixa";"Colisão lateral mesmo sentido";"Com Vítimas Feridas";"Pleno dia";"Decrescente";"Céu Claro";"Dupla";"Reta;Declive";"Sim";3;0;2;0;1;0;2;2;-18,9062053;-48,32027435;"SPRF-MG";"DEL15-MG";"UOP01-DEL15-MG"
538252;2023-07-26;"quarta-feira";"09:00:00";"SC";101;213,5;"PALHOCA";"Desrespeitar a preferência no cruzamento";"Colisão transversal";"Com Vítimas Feridas";"Pleno dia";"Crescente";"Céu Claro";"Dupla";"Reta";"Sim";2;0;1;0;1;0;1;2;-27,63697369;-48,66514142;"SPRF-SC";"DEL01-SC";"UOP02-DEL01-SC"
538253;2023-07-26;"quarta-feira";"09:40:00";"RN";405;151,9;"PAU DOS FERROS";"Condutor deixou de manter distância do veículo da frente";"Colisão traseira";"Com Vítimas Feridas";"Pleno dia";"Decrescente";"Céu Claro";"Simples";"Reta";"Sim";4;0;2;0;0;2;2;2;-6,12389317;-38,20650897;"SPRF-RN";"DEL04-RN";"UOP02-DEL04-RN"
538254;2023-07-26;"quarta-feira";"10:00:00";"SP";116;228;"SAO PAULO";"Reação tardia ou ineficiente do condutor";"Colisão lateral mesmo sentido";"Com Vítimas Feridas";"Pleno dia";"Crescente";"Céu Claro";"Múltipla";"Aclive";"Sim";2;0;1;0;1;0;1;2;-23,50343484;-46,56638712;"SPRF-SP";"DEL01-SP";"UOP01-DEL01-SP"
538255;2023-07-26;"quarta-feira";"09:50:00";"MG";40;721,1;"BARBACENA";"Acumulo de óleo sobre o pavimento";"Queda de ocupante de veículo";"Com Vítimas Feridas";"Pleno dia";"Decrescente";"Nublado";"Dupla";"Reta";"Não";2;0;2;0;0;0;2;1;-21,28684598;-43,64159531;"SPRF-MG";"DEL05-MG";"UOP01-DEL05-MG"
538258;2023-07-26;"quarta-feira";"08:50:00";"DF";20;7;"BRASILIA";"Demais falhas mecânicas ou elétricas";"Queda de ocupante de veículo";"Com Vítimas Feridas";"Pleno dia";"Decrescente";"Céu Claro";"Dupla";"Declive;Reta";"Sim";2;0;1;1;0;0;2;1;-15,662208;-47,799866;"SPRF-DF";"DEL02-DF";"UOP01-DEL02-DF"
538261;2023-07-26;"quarta-feira";"11:00:00";"SP";116;279;"EMBU DAS ARTES";"Ausência de reação do condutor";"Colisão traseira";"Com Vítimas Feridas";"Pleno dia";"Crescente";"Céu Claro";"Simples";"Curva";"Sim";4;0;2;0;2;0;2;2;-23,66233697;-46,85292907;"SPRF-SP";"DEL04-SP";"UOP01-DEL04-SP"
538263;2023-06-08;"quinta-feira";"17:00:00";"SC";280;124;"RIO NEGRINHO";"Ausência de reação do condutor";"Colisão traseira";"Com Vítimas Feridas";"Anoitecer";"Crescente";"Céu Claro";"Simples";"Reta";"Não";2;0;1;0;1;0;1;2;-26,24130297;-49,47514499;"SPRF-SC";"DEL06-SC";"UOP03-DEL06-SC"
538264;2023-07-26;"quarta-feira";"10:45:00";"MG";459;60,6;"IPUIUNA";"Acessar a via sem observar a presença dos outros veículos";"Colisão transversal";"Com Vítimas Feridas";"Pleno dia";"Crescente";"Céu Claro";"Simples";"Reta";"Sim";2;0;0;1;1;0;1;2;-22,09995211;-46,18315643;"SPRF-MG";"DEL09-MG";"UOP01-DEL09-MG"
538268;2023-07-26;"quarta-feira";"10:20:00";"RJ";101;544;"PARATY";"Reação tardia ou ineficiente do condutor";"Colisão traseira";"Com Vítimas Feridas";"Pleno dia";"Crescente";"Céu Claro";"Simples";"Reta";"Não";6;0;1;0;5;0;1;2;-23,04630778;-44,61015485;"SPRF-RJ";"DEL03-RJ";"UOP04-DEL03-RJ"
538271;2023-07-26;"quarta-feira";"09:10:00";"MG";116;604,8;"SAO JOAO DO MANHUACU";"Reação tardia ou ineficiente do condutor";"Colisão traseira";"Com Vítimas Feridas";"Pleno dia";"Crescente";"Chuva";"Simples";"Reta";"Não";2;0;0;1;1;0;1;2;-20,36145007;-42,15035025;"SPRF-MG";"DEL06-MG";"UOP03-DEL06-MG"
538272;2023-07-26;"quarta-feira";"11:45:00";"BA";101;204;"MURITIBA";"Manobra de mudança de faixa";"Colisão lateral mesmo sentido";"Sem Vítimas";"Pleno dia";"Crescente";"Céu Claro";"Simples";"Interseção de Vias";"Não";1;0;0;0;1;0;0;1;-12,63317306;-39,09398987;"SPRF-BA";"DEL01-BA";"UOP02-DEL01-BA"
538275;2023-07-26;"quarta-feira";"10:50:00";"RO";364;694;"PORTO VELHO";"Entrada inopinada do pedestre";"Atropelamento de Pedestre";"Com Vítimas Feridas";"Pleno dia";"Crescente";"Céu Claro";"Múltipla";"Ponte;Curva";"Não";4;0;1;0;2;1;1;2;-8,79910795;-63,71742503;"SPRF-RO";"DEL01-RO";"UOP01-DEL01-RO"
538277;2023-07-26;"quarta-feira";"10:50:00";"BA";116;781,8;"PLANALTO";"Ultrapassagem Indevida";"Colisão frontal";"Com Vítimas Feridas";"Pleno dia";"Crescente";"Nublado";"Simples";"Reta";"Não";4;0;3;0;1;0;3;2;-14,67892178;-40,51517487;"SPRF-BA";"DEL08-BA";"UOP02-DEL08-BA"
538278;2023-04-10;"segunda-feira";"06:30:00";"BA";116;413;"FEIRA DE SANTANA";"Reação tardia ou ineficiente do condutor";"Colisão lateral mesmo sentido";"Com Vítimas Feridas";"Pleno dia";"Crescente";"Céu Claro";"Dupla";"Reta";"Não";2;0;1;0;0;1;1;2;-12,14246805;-38,96658117;"SPRF-BA";"DEL02-BA";"UOP01-DEL02-BA"
538280;2023-07-26;"quarta-feira";"12:00:00";"RO";364;238,3;"CACOAL";"Ausência de reação do condutor";"Colisão lateral mesmo sentido";"Com Vítimas Feridas";"Pleno dia";"Crescente";"Céu Claro";"Simples";"Aclive;Reta";"Sim";5;0;1;0;4;0;1;4;-11,436752;-61,458032;"SPRF-RO";"DEL02-RO";"UOP02-DEL02-RO"
538281;2023-07-26;"quarta-feira";"13:30:00";"SP";116;230;"SAO PAULO";"Trafegar com motocicleta (ou similar) entre as faixas";"Colisão lateral mesmo sentido";"Com Vítimas Feridas";"Pleno dia";"Crescente";"Céu Claro";"Múltipla";"Reta";"Sim";4;0;1;0;3;0;1;3;-23,52251783;-46,5855702;"SPRF-SP";"DEL01-SP";"UOP01-DEL01-SP"
538283;2023-07-26;"quarta-feira";"13:05:00";"PR";277;161;"PALMEIRA";"Reação tardia ou ineficiente do condutor";"Saída de leito carroçável";"Com Vítimas Feridas";"Pleno dia";"Decrescente";"Céu Claro";"Simples";"Curva";"Não";2;0;1;0;1;0;1;1;-25,47289;-49,895964;"SPRF-PR";"DEL03-PR";"UOP03-DEL03-PR"
538284;2023-07-26;"quarta-feira";"14:20:00";"SC";101;206;"SAO JOSE";"Reação tardia ou ineficiente do condutor";"Colisão lateral mesmo sentido";"Com Vítimas Feridas";"Pleno dia";"Crescente";"Céu Claro";"Múltipla";"Reta";"Sim";4;0;1;0;3;0;1;3;-27,59193546;-48,61824557;"SPRF-SC";"DEL01-SC";"UOP01-DEL01-SC"
538285;2023-07-26;"quarta-feira";"11:20:00";"RJ";356;139;"CAMPOS DOS GOYTACAZES";"Acumulo de areia ou detritos sobre o pavimento";"Colisão com objeto";"Sem Vítimas";"Pleno dia";"Decrescente";"Garoa/Chuvisco";"Simples";"Curva";"Sim";2;0;0;0;2;0;0;1;-21,75495328;-41,34684475;"SPRF-RJ";"DEL08-RJ";"UOP02-DEL08-RJ"
538287;2023-07-26;"quarta-feira";"13:00:00";"RJ";493;108;"DUQUE DE CAXIAS";"Manobra de mudança de faixa";"Colisão transversal";"Com Vítimas Feridas";"Pleno dia";"Decrescente";"Nublado";"Múltipla";"Curva";"Sim";2;0;1;0;1;0;1;2;-22,67107262;-43,28491157;"SPRF-RJ";"DEL03-RJ";"UOP01-DEL03-RJ"
538290;2023-07-26;"quarta-feira";"14:30:00";"MA";226;301,1;"BARRA DO CORDA";"Conversão proibida";"Colisão transversal";"Com Vítimas Feridas";"Pleno dia";"Crescente";"Sol";"Simples";"Reta";"Sim";2;0;1;0;1;0;1;2;-5,49793816;-45,25652507;"SPRF-MA";"DEL06-MA";"UOP01-DEL06-MA"
538291;2023-07-26;"quarta-feira";"14:00:00";"PR";376;3,2;"SAO JOSE DOS PINHAIS";"Acessar a via sem observar a presença dos outros veículos";"Atropelamento de Pedestre";"Com Vítimas Feridas";"Pleno dia";"Crescente";"Céu Claro";"Simples";"Reta";"Sim";2;0;0;1;1;0;1;2;-25,5307;-49,1958;"SPRF-PR";"DEL01-PR";"UOP04-DEL01-PR"
538294;2023-07-26;"quarta-feira";"14:45:00";"RS";285;475,9;"CORONEL BARROS";"Acessar a via sem observar a presença dos outros veículos";"Colisão transversal";"Com Vítimas Feridas";"Pleno dia";"Crescente";"Nublado";"Simples";"Rotatória";"Sim";5;0;4;0;1;0;4;2;-28,38174448;-54,06589866;"SPRF-RS";"DEL10-RS";"UOP01-DEL10-RS"
538296;2023-07-26;"quarta-feira";"14:12:00";"RN";406;160;"CEARA-MIRIM";"Ausência de sinalização";"Colisão traseira";"Sem Vítimas";"Pleno dia";"Crescente";"Céu Claro";"Simples";"Reta";"Não";3;0;0;0;3;0;0;3;-5,71375666;-35,37210457;"SPRF-RN";"DEL02-RN";"UOP01-DEL02-RN"
538298;2023-07-26;"quarta-feira";"14:20:00";"SP";116;210,2;"GUARULHOS";"Reação tardia ou ineficiente do condutor";"Colisão traseira";"Com Vítimas Feridas";"Pleno dia";"Crescente";"Sol";"Múltipla";"Reta";"Sim";3;0;1;0;2;0;1;3;-23,42870023;-46,41085991;"SPRF-SP";"DEL01-SP";"UOP01-DEL01-SP"
538299;2023-07-05;"quarta-feira";"19:50:00";"MG";116;412,5;"GOVERNADOR VALADARES";"Acessar a via sem observar a presença dos outros veículos";"Colisão transversal";"Com Vítimas Feridas";"Plena Noite";"Decrescente";"Céu Claro";"Simples";"Curva";"Sim";2;0;1;0;1;0;1;2;-18,876423;-41,963882;"SPRF-MG";"DEL06-MG";"UOP01-DEL06-MG"
538300;2023-07-26;"quarta-feira";"12:00:00";"RR";432;165;"CANTA";"Acessar a via sem observar a presença dos outros veículos";"Colisão frontal";"Com Vítimas Feridas";"Pleno dia";"Crescente";"Chuva";"Simples";"Ponte;Reta";"Não";3;0;1;0;2;0;1;2;2,4220264;-60,667328;"SPRF-RR";"DEL01-RR";"UOP01-DEL01-RR"
538301;2023-07-26;"quarta-feira";"15:15:00";"CE";116;3;"FORTALEZA";"Ingestão de álcool ou de substâncias psicoativas pelo pedestre";"Atropelamento de Pedestre";"Com Vítimas Feridas";"Pleno dia";"Decrescente";"Céu Claro";"Múltipla";"Aclive;Reta";"Sim";2;0;2;0;0;0;2;2;-3,77866493;-38,51490171;"SPRF-CE";"DEL01-CE";"UOP02-DEL01-CE"
538302;2023-07-26;"quarta-feira";"14:55:00";"PR";469;1;"FOZ DO IGUACU";"Demais falhas mecânicas ou elétricas";"Saída de leito carroçável";"Com Vítimas Feridas";"Pleno dia";"Decrescente";"Nublado";"Simples";"Reta";"Sim";4;0;1;0;1;2;1;2;-25,57813697;-54,55587387;"SPRF-PR";"DEL05-PR";"UOP04-DEL05-PR"