"id";"data_inversa";"dia_semana";"horario";"uf";"br";"km";"municipio";"causa_acidente";"tipo_acidente";"classificacao_acidente";"fase_dia";"sentido_via";"condicao_metereologica";"tipo_pista";"tracado_via";"uso_solo";"pessoas";"mortos";"feridos_leves";"feridos_graves";"ilesos";"ignorados";"feridos";"veiculos";"latitude";"longitude";"regional";"delegacia";"uop"
538306;2023-07-26;"quarta-feira";"14:30:00";"SP";381;86;"SAO PAULO";"Acessar a via sem observar a presença dos outros veículos";"Colisão lateral mesmo sentido";"Com Vítimas Feridas";"Pleno dia";"Crescente";"Céu Claro";"Múltipla";"Curva;Interseção de Vias";"Sim";2;0;1;0;1;0;1;2;-23,45930499;-46,57161179;"SPRF-SP";"DEL03-SP";"UOP01-DEL03-SP"
538309;2023-07-22;"sábado";"22:00:00";"RS";290;75;"GRAVATAI";"Reação tardia ou ineficiente do condutor";"Colisão traseira";"Com Vítimas Feridas";"Plena Noite";"Decrescente";"Céu Claro";"Múltipla";"Reta";"Não";4;0;0;1;1;2;1;3;-29,95521;-51,006855;"SPRF-RS";"DEL01-RS";"UOP01-DEL01-RS"
538310;2023-07-26;"quarta-feira";"16:30:00";"PB";230;26,9;"JOAO PESSOA";"Pedestre cruzava a pista fora da faixa";"Atropelamento de Pedestre";"Com Vítimas Fatais";"Pleno dia";"Decrescente";"Céu Claro";"Dupla";"Reta";"Sim";2;1;0;1;0;0;1;2;-7,1693;-34,8782;"SPRF-PB";"DEL01-PB";"UOP01-DEL01-PB"
538313;2023-07-26;"quarta-feira";"17:10:00";"PE";101;81,4;"JABOATAO DOS GUARARAPES";"Transitar no Acostamento";"Atropelamento de Pedestre";"Com Vítimas Feridas";"Anoitecer";"Crescente";"Céu Claro";"Dupla";"Reta";"Não";2;0;1;1;0;0;2;2;-8,1597489;-34,94024569;"SPRF-PE";"DEL01-PE";"UOP01-DEL01-PE"
538315;2023-07-26;"quarta-feira";"17:20:00";"SP";153;63,8;"SAO JOSE DO RIO PRETO";"Ausência de reação do condutor";"Colisão lateral mesmo sentido";"Com Vítimas Feridas";"Pleno dia";"Decrescente";"Nublado";"Dupla";"Curva";"Sim";6;0;1;0;5;0;1;2;-20,82149698;-49,35764818;"SPRF-SP";"DEL09-SP";"UOP01-DEL09-SP"
538316;2023-07-26;"quarta-feira";"16:50:00";"PR";116;92;"SAO JOSE DOS PINHAIS";"Demais Fenômenos da natureza";"Capotamento";"Sem Vítimas";"Pleno dia";"Crescente";"Céu Claro";"Dupla";"Reta";"Não";1;0;0;0;1;0;0;1;-25,47691403;-49,09767498;"SPRF-PR";"DEL01-PR";"UOP07-DEL01-PR"
538317;2023-07-26;"quarta-feira";"17:40:00";"PR";277;721;"FOZ DO IGUACU";"Manobra de mudança de faixa";"Colisão traseira";"Com Vítimas Feridas";"Pleno dia";"Decrescente";"Garoa/Chuvisco";"Dupla";"Reta";"Sim";2;0;1;0;1;0;1;2;-25,4911505;-54,51185421;"SPRF-PR";"DEL05-PR";"UOP03-DEL05-PR"
538322;2023-07-26;"quarta-feira";"16:30:00";"BA";367;68;"PORTO SEGURO";"Avarias e/ou desgaste excessivo no pneu";"Saída de leito carroçável";"Com Vítimas Feridas";"Pleno dia";"Decrescente";"Céu Claro";"Simples";"Reta";"Não";1;0;1;0;0;0;1;1;-16,38725526;-39,45086677;"SPRF-BA";"DEL09-BA";"UOP03-DEL09-BA"
538323;2023-07-26;"quarta-feira";"17:50:00";"GO";40;5;"VALPARAISO DE GOIAS";"Acessar a via sem observar a presença dos outros veículos";"Colisão transversal";"Com Vítimas Feridas";"Plena Noite";"Crescente";"Ignorado";"Dupla";"Reta;Retorno Regulamentado";"Sim";2;0;0;1;1;0;1;2;-16,093134;-47,982236;"SPRF-DF";"DEL01-DF";"UOP01-DEL01-DF"
538324;2023-07-26;"quarta-feira";"16:30:00";"MS";60;408,8;"SIDROLANDIA";"Ausência de reação do condutor";"Colisão traseira";"Sem Vítimas";"Pleno dia";"Crescente";"Céu Claro";"Simples";"Ponte;Reta";"Não";4;0;0;0;4;0;0;2;-20,8900027;-54,84741809;"SPRF-MS";"DEL01-MS";"UOP04-DEL01-MS"
538325;2023-07-26;"quarta-feira";"18:15:00";"SC";101;200,2;"SAO JOSE";"Reação tardia ou ineficiente do condutor";"Colisão traseira";"Com Vítimas Feridas";"Plena Noite";"Decrescente";"Céu Claro";"Dupla";"Interseção de Vias;Reta";"Sim";2;0;1;0;1;0;1;2;-27,53843261;-48,62487674;"SPRF-SC";"DEL01-SC";"UOP01-DEL01-SC"
538326;2023-07-26;"quarta-feira";"17:10:00";"ES";393;25;"MUQUI";"Demais falhas mecânicas ou elétricas";"Incêndio";"Sem Vítimas";"Pleno dia";"Crescente";"Céu Claro";"Simples";"Reta";"Não";1;0;0;0;1;0;0;1;-20,95370668;-41,34812538;"SPRF-ES";"DEL03-ES";"UOP02-DEL03-ES"
538328;2023-07-26;"quarta-feira";"12:02:00";"MT";163;835;"SINOP";"Manobra de mudança de faixa";"Colisão lateral mesmo sentido";"Com Vítimas Feridas";"Pleno dia";"Decrescente";"Céu Claro";"Simples";"Viaduto";"Sim";2;0;1;0;1;0;1;2;-11,986895;-55,517033;"SPRF-MT";"DEL06-MT";"UOP02-DEL06-MT"
538329;2023-07-26;"quarta-feira";"17:00:00";"BA";101;363;"GANDU";"Acumulo de areia ou detritos sobre o pavimento";"Tombamento";"Com Vítimas Feridas";"Pleno dia";"Crescente";"Nublado";"Simples";"Curva";"Não";2;0;2;0;0;0;2;1;-13,856841;-39,49252598;"SPRF-BA";"DEL05-BA";"UOP03-DEL05-BA"
538330;2023-07-26;"quarta-feira";"18:15:00";"BA";116;425;"FEIRA DE SANTANA";"Demais falhas na via";"Tombamento";"Com Vítimas Feridas";"Plena Noite";"Decrescente";"Céu Claro";"Dupla";"Aclive;Reta";"Sim";2;0;2;0;0;0;2;1;-12,23736613;-38,97999588;"SPRF-BA";"DEL02-BA";"UOP01-DEL02-BA"
538332;2023-07-26;"quarta-feira";"13:55:00";"RJ";101;332;"RIO DE JANEIRO";"Ausência de reação do condutor";"Capotamento";"Com Vítimas Feridas";"Pleno dia";"Crescente";"Céu Claro";"Dupla";"Reta";"Não";1;0;1;0;0;0;1;1;-22,87133305;-43,20407695;"SPRF-RJ";"DEL02-RJ";"UOP01-DEL02-RJ"
538334;2023-07-26;"quarta-feira";"14:05:00";"RJ";101;328;"NITEROI";"Ausência de reação do condutor";"Tombamento";"Com Vítimas Feridas";"Pleno dia";"Crescente";"Céu Claro";"Dupla";"Reta";"Não";1;0;1;0;0;0;1;1;-22,87028692;-43,16579699;"SPRF-RJ";"DEL02-RJ";"UOP01-DEL02-RJ"
538335;2023-07-26;"quarta-feira";"17:15:00";"MG";262;444;"NOVA SERRANA";"Velocidade Incompatível";"Queda de ocupante de veículo";"Com Vítimas Feridas";"Pleno dia";"Decrescente";"Sol";"Múltipla";"Reta";"Sim";3;0;3;0;0;0;3;3;-19,87060302;-44,9821794;"SPRF-MG";"DEL08-MG";"UOP03-DEL08-MG"
538336;2023-07-26;"quarta-feira";"15:45:00";"MG";262;34,2;"MANHUACU";"Ausência de reação do condutor";"Colisão traseira";"Com Vítimas Feridas";"Pleno dia";"Decrescente";"Céu Claro";"Simples";"Declive;Reta";"Sim";2;0;1;0;1;0;1;2;-20,25692664;-42,01099203;"SPRF-MG";"DEL06-MG";"UOP03-DEL06-MG"
538338;2023-07-26;"quarta-feira";"18:10:00";"PR";369;150;"LONDRINA";"Reação tardia ou ineficiente do condutor";"Engavetamento";"Com Vítimas Feridas";"Plena Noite";"Decrescente";"Nublado";"Dupla";"Reta";"Sim";4;0;2;0;2;0;2;4;-23,29292793;-51,16098046;"SPRF-PR";"DEL07-PR";"UOP01-DEL07-PR"
538340;2023-07-26;"quarta-feira";"19:02:00";"SC";101;200,3;"SAO JOSE";"Manobra de mudança de faixa";"Colisão transversal";"Com Vítimas Feridas";"Plena Noite";"Decrescente";"Céu Claro";"Múltipla";"Reta";"Sim";2;0;1;0;1;0;1;2;-27,54244714;-48,62092853;"SPRF-SC";"DEL01-SC";"UOP01-DEL01-SC"
538342;2023-07-26;"quarta-feira";"18:15:00";"MG";381;490;"BETIM";"Ausência de reação do condutor";"Colisão traseira";"Com Vítimas Feridas";"Plena Noite";"Crescente";"Céu Claro";"Dupla";"Reta";"Sim";2;0;1;0;1;0;1;2;-19,96502819;-44,17422195;"SPRF-MG";"DEL01-MG";"UOP03-DEL01-MG"
538344;2023-07-26;"quarta-feira";"19:15:00";"ES";101;269;"SERRA";"Pedestre cruzava a pista fora da faixa";"Atropelamento de Pedestre";"Com Vítimas Feridas";"Plena Noite";"Crescente";"Céu Claro";"Múltipla";"Reta";"Sim";2;0;1;0;1;0;1;2;-20,21740496;-40,26990578;"SPRF-ES";"DEL02-ES";"UOP01-DEL02-ES"
538347;2023-07-26;"quarta-feira";"17:28:00";"AC";364;124;"RIO BRANCO";"Acesso irregular";"Colisão transversal";"Com Vítimas Feridas";"Pleno dia";"Crescente";"Céu Claro";"Dupla";"Reta";"Não";3;0;2;0;0;1;2;2;-10,01144;-67,797352;"SPRF-AC";"DEL01-AC";"UOP01-DEL01-AC"
538348;2023-07-26;"quarta-feira";"18:20:00";"MT";364;201;"RONDONOPOLIS";"Manobra de mudança de faixa";"Colisão lateral mesmo sentido";"Com Vítimas Feridas";"Plena Noite";"Crescente";"Céu Claro";"Dupla";"Rotatória";"Sim";3;0;1;0;2;0;1;2;-16,491405;-54,646378;"SPRF-MT";"DEL02-MT";"UOP01-DEL02-MT"
538353;2023-07-26;"quarta-feira";"19:00:00";"PE";101;64,8;"RECIFE";"Ausência de reação do condutor";"Tombamento";"Com Vítimas Feridas";"Plena Noite";"Decrescente";"Nublado";"Dupla";"Reta";"Não";1;0;1;0;0;0;1;1;-8,0162921;-34,94045886;"SPRF-PE";"DEL01-PE";"UOP01-DEL01-PE"
538354;2023-07-26;"quarta-feira";"19:50:00";"SC";101;206,7;"SAO JOSE";"Manobra de mudança de faixa";"Tombamento";"Com Vítimas Feridas";"Plena Noite";"Crescente";"Céu Claro";"Múltipla";"Reta";"Sim";1;0;1;0;0;0;1;1;-27,59193546;-48,61824557;"SPRF-SC";"DEL01-SC";"UOP01-DEL01-SC"
538358;2023-07-26;"quarta-feira";"17:44:00";"AC";364;131;"RIO BRANCO";"Conversão proibida";"Colisão transversal";"Com Vítimas Feridas";"Plena Noite";"Decrescente";"Céu Claro";"Simples";"Reta";"Não";3;0;0;2;1;0;2;2;-10,01594689;-67,84093848;"SPRF-AC";"DEL01-AC";"UOP01-DEL01-AC"
538359;2023-07-26;"quarta-feira";"19:30:00";"DF";251;34;"BRASILIA";"Pedestre cruzava a pista fora da faixa";"Atropelamento de Pedestre";"Com Vítimas Fatais";"Plena Noite";"Crescente";"Céu Claro";"Simples";"Reta";"Não";3;1;0;0;1;1;0;2;-15,938301;-47,759799;"SPRF-DF";"DEL01-DF";"UOP01-DEL01-DF"
538361;2023-07-14;"sexta-feira";"22:25:00";"SC";116;56;"PAPANDUVA";"Ausência de reação do condutor";"Capotamento";"Com Vítimas Feridas";"Plena Noite";"Decrescente";"Céu Claro";"Simples";"Reta";"Sim";3;0;0;1;0;2;1;1;-26,38887295;-50,18345597;"SPRF-SC";"DEL06-SC";"UOP02-DEL06-SC"
538363;2023-07-01;"sábado";"14:10:00";"MG";381;510;"SAO JOAQUIM DE BICAS";"Manobra de mudança de faixa";"Tombamento";"Sem Vítimas";"Pleno dia";"Crescente";"Céu Claro";"Dupla";"Reta";"Não";2;0;0;0;2;0;0;2;-20,07738209;-44,30434488;"SPRF-MG";"DEL04-MG";"UOP03-DEL04-MG"
538364;2023-07-26;"quarta-feira";"20:55:00";"DF";70;11;"BRASILIA";"Ausência de reação do condutor";"Saída de leito carroçável";"Com Vítimas Feridas";"Plena Noite";"Crescente";"Céu Claro";"Dupla";"Reta";"Não";1;0;1;0;0;0;1;1;-15,789762;-48,148727;"SPRF-DF";"DEL03-DF";"UOP02-DEL03-DF"
538365;2023-07-26;"quarta-feira";"20:00:00";"MG";262;531;"LUZ";"Velocidade Incompatível";"Saída de leito carroçável";"Com Vítimas Feridas";"Plena Noite";"Crescente";"Céu Claro";"Simples";"Reta";"Não";1;0;1;0;0;0;1;1;-19,78291077;-45,72383994;"SPRF-MG";"DEL08-MG";"UOP02-DEL08-MG"
538366;2023-07-02;"domingo";"15:40:00";"GO";60;350;"SANTO ANTONIO DA BARRA";"Acessar a via sem observar a presença dos outros veículos";"Colisão transversal";"Com Vítimas Fatais";"Pleno dia";"Crescente";"Céu Claro";"Dupla";"Reta";"Não";4;1;0;2;0;1;2;3;-17,5808;-50,6926;"SPRF-GO";"DEL04-GO";"UOP02-DEL04-GO"
538367;2023-07-26;"quarta-feira";"19:50:00";"DF";20;7;"BRASILIA";"Ausência de reação do condutor";"Saída de leito carroçável";"Sem Vítimas";"Plena Noite";"Crescente";"Ignorado";"Dupla";"Reta";"Sim";1;0;0;0;0;1;0;1;-15,662208;-47,799866;"SPRF-DF";"DEL02-DF";"UOP01-DEL02-DF"
538368;2023-07-26;"quarta-feira";"21:50:00";"SP";116;482;"JACUPIRANGA";"Objeto estático sobre o leito carroçável";"Colisão com objeto";"Com Vítimas Feridas";"Plena Noite";"Decrescente";"Céu Claro";"Dupla";"Reta";"Não";5;0;1;0;4;0;1;2;-24,72213327;-48,04339385;"SPRF-SP";"DEL05-SP";"UOP01-DEL05-SP"
538370;2023-07-26;"quarta-feira";"21:40:00";"BA";324;620;"SALVADOR";"Demais falhas mecânicas ou elétricas";"Incêndio";"Sem Vítimas";"Plena Noite";"Decrescente";"Nublado";"Dupla";"Reta";"Sim";1;0;0;0;1;0;0;1;-12,90482172;-38,45556535;"SPRF-BA";"DEL01-BA";"UOP01-DEL01-BA"
538371;2023-07-26;"quarta-feira";"21:10:00";"PB";230;160;"CAMPINA GRANDE";"Ausência de reação do condutor";"Atropelamento de Pedestre";"Com Vítimas Feridas";"Plena Noite";"Decrescente";"Nublado";"Simples";"Reta";"Não";3;0;0;1;1;1;1;2;-7,2436;-35,9375;"SPRF-PB";"DEL02-PB";"UOP01-DEL02-PB"
538372;2023-07-26;"quarta-feira";"21:50:00";"RJ";116;132;"MAGE";"Condutor Dormindo";"Tombamento";"Com Vítimas Feridas";"Plena Noite";"Crescente";"Céu Claro";"Dupla";"Reta";"Sim";1;0;1;0;0;0;1;1;-22,65703272;-43,13458092;"SPRF-RJ";"DEL04-RJ";"UOP02-DEL04-RJ"
538373;2023-07-26;"quarta-feira";"21:50:00";"GO";153;516,8;"APARECIDA DE GOIANIA";"Reação tardia ou ineficiente do condutor";"Colisão traseira";"Com Vítimas Feridas";"Plena Noite";"Decrescente";"Céu Claro";"Dupla";"Aclive;Reta";"Não";2;0;1;0;1;0;1;2;-16,8504;-49,2473;"SPRF-GO";"DEL01-GO";"UOP03-DEL01-GO"
538374;2023-07-26;"quarta-feira";"21:15:00";"PE";428;92;"SANTA MARIA DA BOA VISTA";"Animais na Pista";"Atropelamento de Animal";"Com Vítimas Feridas";"Plena Noite";"Crescente";"Céu Claro";"Simples";"Reta";"Não";2;0;2;0;0;0;2;2;-8,80162047;-39,89683872;"SPRF-PE";"DEL06-PE";"UOP03-DEL06-PE"
538375;2023-07-26;"quarta-feira";"18:35:00";"MG";40;42;"PARACATU";"Ausência de reação do condutor";"Atropelamento de Pedestre";"Com Vítimas Feridas";"Anoitecer";"Crescente";"Céu Claro";"Simples";"Reta";"Não";3;0;2;1;0;0;3;2;-17,2188441;-46,8666753;"SPRF-MG";"DEL14-MG";"UOP01-DEL14-MG"
538376;2023-07-26;"quarta-feira";"18:15:00";"SC";480;125,7;"CHAPECO";"Desrespeitar a preferência no cruzamento";"Colisão transversal";"Com Vítimas Fatais";"Anoitecer";"Crescente";"Nublado";"Múltipla";"Aclive;Interseção de Vias";"Não";2;1;0;0;1;0;0;2;-27,01725045;-52,63724148;"SPRF-SC";"DEL07-SC";"UOP01-DEL07-SC"
538380;2023-07-26;"quarta-feira";"15:55:00";"MG";116;413;"GOVERNADOR VALADARES";"Acessar a via sem observar a presença dos outros veículos";"Colisão transversal";"Com Vítimas Feridas";"Pleno dia";"Decrescente";"Céu Claro";"Simples";"Interseção de Vias";"Não";3;0;3;0;0;0;3;2;-18,873907;-41,966366;"SPRF-MG";"DEL06-MG";"UOP01-DEL06-MG"
538381;2023-07-26;"quarta-feira";"18:30:00";"RJ";101;318;"SAO GONCALO";"Trafegar com motocicleta (ou similar) entre as faixas";"Colisão lateral mesmo sentido";"Com Vítimas Feridas";"Plena Noite";"Decrescente";"Céu Claro";"Dupla";"Reta";"Não";3;0;1;0;2;0;1;2;-22,84562994;-43,09841211;"SPRF-RJ";"DEL02-RJ";"UOP02-DEL02-RJ"
538382;2023-07-26;"quarta-feira";"21:15:00";"RJ";465;14,2;"SEROPEDICA";"Acessar a via sem observar a presença dos outros veículos";"Colisão transversal";"Com Vítimas Feridas";"Plena Noite";"Decrescente";"Céu Claro";"Simples";"Reta";"Sim";2;0;2;0;0;0;2;2;-22,80421325;-43,63978744;"SPRF-RJ";"DEL01-RJ";"UOP03-DEL01-RJ"
538383;2023-07-26;"quarta-feira";"21:30:00";"RJ";101;404;"ITAGUAI";"Entrada inopinada do pedestre";"Atropelamento de Pedestre";"Com Vítimas Fatais";"Plena Noite";"Crescente";"Céu Claro";"Dupla";"Reta";"Não";2;1;0;0;0;1;0;2;-22,86342703;-43,79642098;"SPRF-RJ";"DEL03-RJ";"UOP01-DEL03-RJ"
538385;2023-07-26;"quarta-feira";"19:00:00";"RS";153;3;"CACHOEIRA DO SUL";"Reação tardia ou ineficiente do condutor";"Colisão frontal";"Com Vítimas Feridas";"Plena Noite";"Crescente";"Nublado";"Simples";"Reta";"Sim";2;0;1;0;1;0;1;2;-30,00935503;-52,90577888;"SPRF-RS";"DEL08-RS";"UOP04-DEL08-RS"
538386;2023-07-26;"quarta-feira";"23:40:00";"CE";222;2,8;"FORTALEZA";"Desrespeitar a preferência no cruzamento";"Colisão transversal";"Com Vítimas Feridas";"Plena Noite";"Crescente";"Céu Claro";"Dupla";"Interseção de Vias";"Sim";2;0;1;0;1;0;1;2;-3,73911117;-38,58687498;"SPRF-CE";"DEL01-CE";"UOP01-DEL01-CE"
538387;2023-07-26;"quarta-feira";"18:36:00";"RO";364;631;"CANDEIAS DO JAMARI";"Demais falhas na via";"Capotamento";"Com Vítimas Feridas";"Plena Noite";"Crescente";"Céu Claro";"Simples";"Curva;Em Obras";"Sim";3;0;1;2;0;0;3;1;-9,08013911;-63,3808981;"SPRF-RO";"DEL01-RO";"UOP04-DEL01-RO"
538388;2023-07-26;"quarta-feira";"22:00:00";"MG";40;523;"RIBEIRAO DAS NEVES";"Animais na Pista";"Atropelamento de Animal";"Com Vítimas Feridas";"Plena Noite";"Decrescente";"Céu Claro";"Dupla";"Reta";"Não";2;0;2;0;0;0;2;2;-19,86874894;-44,05962197;"SPRF-MG";"DEL01-MG";"UOP02-DEL01-MG"
538389;2023-07-26;"quarta-feira";"18:00:00";"RJ";116;24,2;"SAPUCAIA";"Ultrapassagem Indevida";"Colisão transversal";"Com Vítimas Feridas";"Anoitecer";"Decrescente";"Nublado";"Simples";"Reta";"Não";4;0;4;0;0;0;4;2;-22,03064831;-42,77714236;"SPRF-RJ";"DEL05-RJ";"UOP01-DEL05-RJ"
538390;2023-07-26;"quarta-feira";"22:45:00";"RJ";116;182;"NOVA IGUACU";"Reação tardia ou ineficiente do condutor";"Colisão com objeto";"Com Vítimas Feridas";"Plena Noite";"Crescente";"Céu Claro";"Dupla";"Reta";"Sim";1;0;1;0;0;0;1;1;-22,7567755;-43,43107234;"SPRF-RJ";"DEL01-RJ";"UOP02-DEL01-RJ"
538392;2023-07-27;"quinta-feira";"00:50:00";"PR";277;63;"SAO JOSE DOS PINHAIS";"Ausência de reação do condutor";"Saída de leito carroçável";"Com Vítimas Feridas";"Plena Noite";"Crescente";"Céu Claro";"Dupla";"Reta";"Não";1;0;0;1;0;0;1;1;-25,56100984;-49,01719293;"SPRF-PR";"DEL01-PR";"UOP01-DEL01-PR"
538397;2023-07-27;"quinta-feira";"05:50:00";"SP";116;213;"GUARULHOS";"Reação tardia ou ineficiente do condutor";"Colisão traseira";"Com Vítimas Feridas";"Pleno dia";"Decrescente";"Céu Claro";"Múltipla";"Reta";"Não";4;0;1;0;3;0;1;2;-23,43971486;-46,43667806;"SPRF-SP";"DEL01-SP";"UOP01-DEL01-SP"
538398;2023-07-27;"quinta-feira";"05:10:00";"ES";101;82;"SAO MATEUS";"Ultrapassagem Indevida";"Colisão frontal";"Com Vítimas Feridas";"Amanhecer";"Crescente";"Nublado";"Simples";"Reta";"Não";4;0;3;0;1;0;3;3;-18,83616999;-39,91775501;"SPRF-ES";"DEL04-ES";"UOP02-DEL04-ES"
538400;2023-07-27;"quinta-feira";"03:20:00";"PR";116;205,2;"RIO NEGRO";"Manobra de mudança de faixa";"Colisão lateral mesmo sentido";"Sem Vítimas";"Amanhecer";"Decrescente";"Nublado";"Simples";"Aclive;Curva";"Sim";28;0;0;0;28;0;0;2;-26,075;-49,746;"SPRF-SC";"DEL06-SC";"UOP01-DEL06-SC"
538401;2023-07-06;"quinta-feira";"07:04:00";"RS";158;329;"SANTA MARIA";"Reação tardia ou ineficiente do condutor";"Colisão transversal";"Com Vítimas Feridas";"Pleno dia";"Crescente";"Céu Claro";"Simples";"Rotatória";"Não";5;0;1;0;4;0;1;2;-29,70032712;-53,84067893;"SPRF-RS";"DEL09-RS";"UOP01-DEL09-RS"
538403;2023-07-26;"quarta-feira";"10:50:00";"RJ";116;174;"SAO JOAO DE MERITI";"Avarias e/ou desgaste excessivo no pneu";"Queda de ocupante de veículo";"Com Vítimas Feridas";"Pleno dia";"Decrescente";"Céu Claro";"Dupla";"Reta";"Não";2;0;2;0;0;0;2;1;-22,79423806;-43,36403759;"SPRF-RJ";"DEL01-RJ";"UOP02-DEL01-RJ"
538404;2023-07-27;"quinta-feira";"06:00:00";"CE";222;223;"SOBRAL";"Pedestre cruzava a pista fora da faixa";"Atropelamento de Pedestre";"Com Vítimas Feridas";"Amanhecer";"Crescente";"Céu Claro";"Simples";"Reta";"Sim";2;0;1;1;0;0;2;2;-3,71599789;-40,33582694;"SPRF-CE";"DEL04-CE";"UOP01-DEL04-CE"
538405;2023-07-27;"quinta-feira";"06:45:00";"ES";101;293,6;"CARIACICA";"Trafegar com motocicleta (ou similar) entre as faixas";"Colisão lateral mesmo sentido";"Com Vítimas Feridas";"Pleno dia";"Decrescente";"Céu Claro";"Dupla";"Em Obras;Reta";"Sim";2;0;1;0;1;0;1;2;-20,32415948;-40,3952903;"SPRF-ES";"DEL01-ES";"UOP01-DEL01-ES"
538407;2023-07-26;"quarta-feira";"18:00:00";"ES";393;1,1;"CACHOEIRO DE ITAPEMIRIM";"Afundamento ou ondulação no pavimento";"Colisão com objeto";"Com Vítimas Feridas";"Anoitecer";"Decrescente";"Nublado";"Simples";"Em Obras";"Sim";1;0;1;0;0;0;1;1;-20,83723289;-41,16733095;"SPRF-ES";"DEL03-ES";"UOP02-DEL03-ES"
538408;2023-07-27;"quinta-feira";"07:20:00";"SE";235;3,9;"NOSSA SENHORA DO SOCORRO";"Avarias e/ou desgaste excessivo no pneu";"Queda de ocupante de veículo";"Com Vítimas Feridas";"Pleno dia";"Decrescente";"Céu Claro";"Múltipla";"Reta";"Sim";2;0;1;1;0;0;2;1;-10,9064;-37,1197;"SPRF-SE";"DEL01-SE";"UOP01-DEL01-SE"
538410;2023-07-27;"quinta-feira";"06:20:00";"PE";101;45,3;"IGARASSU";"Condutor usando celular";"Colisão traseira";"Com Vítimas Feridas";"Pleno dia";"Crescente";"Céu Claro";"Múltipla";"Reta";"Sim";2;0;1;0;1;0;1;2;-7,86521297;-34,90715176;"SPRF-PE";"DEL01-PE";"UOP02-DEL01-PE"
538411;2023-07-27;"quinta-feira";"06:50:00";"SC";101;202,8;"SAO JOSE";"Ausência de reação do condutor";"Colisão transversal";"Com Vítimas Feridas";"Pleno dia";"Crescente";"Nublado";"Dupla";"Reta";"Sim";2;0;2;0;0;0;2;2;-27,55711595;-48,61897889;"SPRF-SC";"DEL01-SC";"UOP01-DEL01-SC"
538412;2023-07-26;"quarta-feira";"17:30:00";"BA";116;244;"QUIJINGUE";"Ultrapassagem Indevida";"Colisão lateral sentido oposto";"Com Vítimas Feridas";"Anoitecer";"Decrescente";"Céu Claro";"Simples";"Reta;Declive";"Não";2;0;2;0;0;0;2;2;-10,726714;-38,91756;"SPRF-BA";"DEL07-BA";"UOP02-DEL07-BA"
538413;2023-07-20;"quinta-feira";"08:00:00";"MS";262;742;"CORUMBA";"Reação tardia ou ineficiente do condutor";"Saída de leito carroçável";"Sem Vítimas";"Pleno dia";"Decrescente";"Céu Claro";"Simples";"Reta;Aclive";"Não";1;0;0;0;0;1;0;1;-19,29343838;-57,61753728;"SPRF-MS";"DEL03-MS";"UOP03-DEL03-MS"
538414;2023-07-27;"quinta-feira";"06:20:00";"RO";364;370;"OURO PRETO DO OESTE";"Ultrapassagem Indevida";"Saída de leito carroçável";"Com Vítimas Fatais";"Amanhecer";"Crescente";"Céu Claro";"Simples";"Declive;Reta";"Não";2;1;1;0;0;0;1;2;-10,75957332;-62,14538311;"SPRF-RO";"DEL02-RO";"UOP01-DEL02-RO"
538417;2023-07-27;"quinta-feira";"08:20:00";"MG";381;483;"BETIM";"Ausência de reação do condutor";"Queda de ocupante de veículo";"Com Vítimas Feridas";"Pleno dia";"Decrescente";"Céu Claro";"Dupla";"Reta;Aclive";"Sim";1;0;1;0;0;0;1;1;-19,95594491;-44,10721699;"SPRF-MG";"DEL01-MG";"UOP03-DEL01-MG"
538418;2023-07-27;"quinta-feira";"08:00:00";"TO";10;461;"PALMAS";"Manobra de mudança de faixa";"Colisão lateral mesmo sentido";"Com Vítimas Feridas";"Pleno dia";"Crescente";"Sol";"Dupla";"Reta";"Não";2;0;1;0;0;1;1;2;-10,258295;-48,310122;"SPRF-TO";"DEL01-TO";"UOP03-DEL01-TO"
538420;2023-07-27;"quinta-feira";"07:54:00";"RJ";116;177;"BELFORD ROXO";"Condutor deixou de manter distância do veículo da frente";"Colisão traseira";"Com Vítimas Feridas";"Pleno dia";"Crescente";"Céu Claro";"Múltipla";"Reta";"Não";2;0;1;0;1;0;1;2;-22,78055198;-43,39208599;"SPRF-RJ";"DEL01-RJ";"UOP02-DEL01-RJ"
538421;2023-07-27;"quinta-feira";"06:24:00";"PR";277;687;"SAO MIGUEL DO IGUACU";"Avarias e/ou desgaste excessivo no pneu";"Saída de leito carroçável";"Com Vítimas Feridas";"Amanhecer";"Crescente";"Nevoeiro/Neblina";"Dupla";"Reta";"Sim";1;0;1;0;0;0;1;1;-25,34418117;-54,22576904;"SPRF-PR";"DEL05-PR";"UOP01-DEL05-PR"
538422;2023-07-27;"quinta-feira";"08:00:00";"PE";110;260;"PETROLANDIA";"Manobra de mudança de faixa";"Colisão lateral sentido oposto";"Com Vítimas Feridas";"Pleno dia";"Crescente";"Nublado";"Simples";"Reta";"Não";2;0;1;0;1;0;1;2;-9,018475;-38,234471;"SPRF-BA";"DEL07-BA";"UOP01-DEL07-BA"
538423;2023-07-27;"quinta-feira";"07:50:00";"RS";290;81;"GRAVATAI";"Estacionar ou parar em local proibido";"Engavetamento";"Com Vítimas Feridas";"Pleno dia";"Crescente";"Céu Claro";"Dupla";"Reta";"Sim";6;0;1;0;4;1;1;5;-29,954445;-51,06881;"SPRF-RS";"DEL01-RS";"UOP01-DEL01-RS"
538426;2023-07-27;"quinta-feira";"08:45:00";"PB";230;20;"JOAO PESSOA";"Ausência de reação do condutor";"Engavetamento";"Com Vítimas Feridas";"Pleno dia";"Decrescente";"Nublado";"Dupla";"Reta;Viaduto";"Sim";3;0;1;0;2;0;1;3;-7,138131;-34,853169;"SPRF-PB";"DEL01-PB";"UOP01-DEL01-PB"