"id";"data_inversa";"dia_semana";"horario";"uf";"br";"km";"municipio";"causa_acidente";"tipo_acidente";"classificacao_acidente";"fase_dia";"sentido_via";"condicao_metereologica";"tipo_pista";"tracado_via";"uso_solo";"pessoas";"mortos";"feridos_leves";"feridos_graves";"ilesos";"ignorados";"feridos";"veiculos";"latitude";"longitude";"regional";"delegacia";"uop"
538427;2023-07-27;"quinta-feira";"06:30:00";"RJ";493;62;"NOVA IGUACU";"Ausência de reação do condutor";"Saída de leito carroçável";"Com Vítimas Feridas";"Pleno dia";"Crescente";"Céu Claro";"Dupla";"Reta";"Não";1;0;1;0;0;0;1;1;-22,68220873;-43,41133833;"SPRF-RJ";"DEL01-RJ";"UOP03-DEL01-RJ"
538431;2023-07-27;"quinta-feira";"09:20:00";"SC";280;52,7;"GUARAMIRIM";"Condutor deixou de manter distância do veículo da frente";"Colisão traseira";"Com Vítimas Feridas";"Pleno dia";"Crescente";"Nublado";"Simples";"Reta;Em Obras";"Não";4;0;2;0;2;0;2;2;-26,468904;-48,96492;"SPRF-SC";"DEL03-SC";"UOP03-DEL03-SC"
538433;2023-07-27;"quinta-feira";"05:50:00";"RJ";465;1;"SEROPEDICA";"Transitar na contramão";"Colisão frontal";"Com Vítimas Feridas";"Amanhecer";"Crescente";"Céu Claro";"Simples";"Reta";"Sim";2;0;1;0;1;0;1;2;-22,719835;-43,725739;"SPRF-RJ";"DEL01-RJ";"UOP03-DEL01-RJ"
538434;2023-07-27;"quinta-feira";"06:20:00";"RO";364;343;"JI-PARANA";"Condutor desrespeitou a iluminação vermelha do semáforo";"Colisão transversal";"Com Vítimas Feridas";"Pleno dia";"Crescente";"Céu Claro";"Dupla";"Reta";"Sim";2;0;1;0;1;0;1;2;-10,87878519;-61,94499012;"SPRF-RO";"DEL02-RO";"UOP01-DEL02-RO"
538435;2023-07-27;"quinta-feira";"08:26:00";"BA";324;563;"SAO SEBASTIAO DO PASSE";"Ausência de reação do condutor";"Engavetamento";"Sem Vítimas";"Pleno dia";"Decrescente";"Chuva";"Dupla";"Reta";"Não";7;0;0;0;7;0;0;3;-12,50853675;-38,63200982;"SPRF-BA";"DEL01-BA";"UOP01-DEL01-BA"
538436;2023-07-27;"quinta-feira";"07:50:00";"PR";376;218,3;"JANDAIA DO SUL";"Acessar a via sem observar a presença dos outros veículos";"Colisão transversal";"Com Vítimas Feridas";"Pleno dia";"Crescente";"Sol";"Simples";"Reta";"Sim";4;0;1;0;3;0;1;4;-23,59686859;-51,61600113;"SPRF-PR";"DEL09-PR";"UOP01-DEL09-PR"
538437;2023-07-27;"quinta-feira";"08:20:00";"PI";343;10;"TERESINA";"Condutor deixou de manter distância do veículo da frente";"Colisão traseira";"Com Vítimas Feridas";"Pleno dia";"Decrescente";"Céu Claro";"Múltipla";"Reta";"Sim";3;0;0;1;2;0;1;2;-5,186428;-42,762169;"SPRF-PI";"DEL05-PI";"UOP01-DEL05-PI"
538438;2023-07-27;"quinta-feira";"09:30:00";"SC";282;19;"PALHOCA";"Condutor deixou de manter distância do veículo da frente";"Colisão traseira";"Com Vítimas Feridas";"Pleno dia";"Decrescente";"Nublado";"Simples";"Reta";"Sim";2;0;1;0;1;0;1;2;-27,678635;-48,70192;"SPRF-SC";"DEL01-SC";"UOP02-DEL01-SC"
538440;2023-07-27;"quinta-feira";"09:30:00";"BA";101;199;"CACHOEIRA";"Afundamento ou ondulação no pavimento";"Colisão com objeto";"Sem Vítimas";"Pleno dia";"Decrescente";"Chuva";"Simples";"Aclive";"Sim";1;0;0;0;1;0;0;1;-12,5803324;-38,9823101;"SPRF-BA";"DEL01-BA";"UOP03-DEL01-BA"
538441;2023-07-27;"quinta-feira";"09:45:00";"PE";101;89;"JABOATAO DOS GUARARAPES";"Ausência de reação do condutor";"Colisão traseira";"Com Vítimas Feridas";"Pleno dia";"Crescente";"Nublado";"Dupla";"Reta";"Sim";5;0;1;0;4;0;1;4;-8,207934;-34,984183;"SPRF-PE";"DEL01-PE";"UOP01-DEL01-PE"
538442;2023-07-27;"quinta-feira";"08:50:00";"SC";282;23;"SANTO AMARO DA IMPERATRIZ";"Acessar a via sem observar a presença dos outros veículos";"Colisão transversal";"Com Vítimas Feridas";"Pleno dia";"Decrescente";"Céu Claro";"Simples";"Curva;Retorno Regulamentado;Interseção de Vias";"Sim";2;0;1;0;1;0;1;2;-27,687958;-48,736794;"SPRF-SC";"DEL01-SC";"UOP02-DEL01-SC"
538443;2023-07-27;"quinta-feira";"08:55:00";"RJ";101;493;"ANGRA DOS REIS";"Ultrapassagem Indevida";"Colisão transversal";"Com Vítimas Feridas";"Pleno dia";"Crescente";"Céu Claro";"Simples";"Em Obras;Reta";"Não";4;0;0;1;2;1;1;3;-22,94798046;-44,32904005;"SPRF-RJ";"DEL03-RJ";"UOP03-DEL03-RJ"
538444;2023-05-31;"quarta-feira";"06:00:00";"PR";369;178,8;"ROLANDIA";"Manobra de mudança de faixa";"Colisão lateral mesmo sentido";"Com Vítimas Feridas";"Pleno dia";"Decrescente";"Céu Claro";"Dupla";"Reta";"Sim";1;0;0;1;0;0;1;1;-23,36113541;-51,39921963;"SPRF-PR";"DEL07-PR";"UOP01-DEL07-PR"
538446;2023-04-26;"quarta-feira";"13:43:00";"RJ";393;167;"TRES RIOS";"Ausência de reação do condutor";"Atropelamento de Pedestre";"Com Vítimas Feridas";"Pleno dia";"Decrescente";"Nublado";"Simples";"Curva";"Não";2;0;1;0;0;1;1;2;-22,12236191;-43,13976623;"SPRF-RJ";"DEL05-RJ";"UOP02-DEL05-RJ"
538447;2023-07-27;"quinta-feira";"09:30:00";"TO";153;530;"PUGMIL";"Ingestão de álcool pelo condutor";"Saída de leito carroçável";"Sem Vítimas";"Pleno dia";"Decrescente";"Céu Claro";"Simples";"Reta";"Não";1;0;0;0;1;0;0;1;-10,47189695;-48,90333942;"SPRF-TO";"DEL01-TO";"UOP01-DEL01-TO"
538448;2023-07-27;"quinta-feira";"10:00:00";"RJ";356;80;"ITALVA";"Acessar a via sem observar a presença dos outros veículos";"Colisão transversal";"Com Vítimas Feridas";"Pleno dia";"Crescente";"Céu Claro";"Simples";"Reta";"Não";2;0;0;1;1;0;1;2;-21,45712206;-41,68197674;"SPRF-RJ";"DEL08-RJ";"UOP03-DEL08-RJ"
538451;2023-07-27;"quinta-feira";"06:30:00";"BA";242;248;"BOA VISTA DO TUPIM";"Objeto estático sobre o leito carroçável";"Colisão com objeto";"Com Vítimas Fatais";"Pleno dia";"Decrescente";"Céu Claro";"Simples";"Reta;Aclive";"Não";4;1;2;1;0;0;3;1;-12,51150891;-40,45877994;"SPRF-BA";"DEL06-BA";"UOP02-DEL06-BA"
538452;2023-07-27;"quinta-feira";"11:55:00";"PE";101;72,5;"RECIFE";"Condutor deixou de manter distância do veículo da frente";"Colisão traseira";"Com Vítimas Feridas";"Pleno dia";"Decrescente";"Céu Claro";"Simples";"Reta";"Sim";3;0;1;0;2;0;1;2;-8,08493106;-34,9450639;"SPRF-PE";"DEL01-PE";"UOP01-DEL01-PE"
538454;2023-07-27;"quinta-feira";"11:30:00";"GO";60;106;"GOIANAPOLIS";"Ausência de reação do condutor";"Colisão traseira";"Com Vítimas Feridas";"Pleno dia";"Crescente";"Céu Claro";"Dupla";"Reta;Declive";"Não";3;0;1;0;2;0;1;2;-16,4232;-49,0134;"SPRF-GO";"DEL02-GO";"UOP01-DEL02-GO"
538456;2023-07-27;"quinta-feira";"07:00:00";"RJ";101;96;"CAMPOS DOS GOYTACAZES";"Ausência de reação do condutor";"Saída de leito carroçável";"Com Vítimas Feridas";"Pleno dia";"Decrescente";"Céu Claro";"Dupla";"Curva";"Sim";2;0;2;0;0;0;2;1;-21,86928639;-41,55659304;"SPRF-RJ";"DEL08-RJ";"UOP02-DEL08-RJ"
538462;2023-07-27;"quinta-feira";"12:15:00";"SC";101;321,7;"PESCARIA BRAVA";"Reação tardia ou ineficiente do condutor";"Tombamento";"Com Vítimas Feridas";"Pleno dia";"Decrescente";"Nublado";"Dupla";"Reta";"Sim";1;0;0;1;0;0;1;1;-28,42532339;-48,8919091;"SPRF-SC";"DEL02-SC";"UOP01-DEL02-SC"
538463;2023-07-27;"quinta-feira";"11:20:00";"MG";381;512;"IGARAPE";"Mal súbito do condutor";"Colisão com objeto";"Com Vítimas Feridas";"Pleno dia";"Crescente";"Céu Claro";"Múltipla";"Declive;Reta";"Sim";2;0;1;0;1;0;1;1;-20,09239724;-44,31458341;"SPRF-MG";"DEL04-MG";"UOP03-DEL04-MG"
538464;2023-07-27;"quinta-feira";"07:00:00";"RS";285;293,2;"PASSO FUNDO";"Acessar a via sem observar a presença dos outros veículos";"Colisão lateral mesmo sentido";"Sem Vítimas";"Amanhecer";"Decrescente";"Céu Claro";"Dupla";"Rotatória";"Não";4;0;0;0;4;0;0;2;-28,236645;-52,375156;"SPRF-RS";"DEL08-RS";"UOP03-DEL08-RS"
538465;2023-07-27;"quinta-feira";"12:45:00";"MG";262;456,5;"NOVA SERRANA";"Velocidade Incompatível";"Saída de leito carroçável";"Com Vítimas Feridas";"Pleno dia";"Crescente";"Sol";"Simples";"Reta";"Não";1;0;0;1;0;0;1;1;-19,84401343;-45,04068778;"SPRF-MG";"DEL08-MG";"UOP03-DEL08-MG"
538466;2023-07-27;"quinta-feira";"12:39:00";"PE";408;74;"PAUDALHO";"Acessar a via sem observar a presença dos outros veículos";"Colisão transversal";"Sem Vítimas";"Pleno dia";"Crescente";"Céu Claro";"Múltipla";"Interseção de Vias";"Sim";2;0;0;0;2;0;0;2;-7,89701706;-35,17300548;"SPRF-PE";"DEL01-PE";"UOP01-DEL01-PE"
538469;2023-07-11;"terça-feira";"23:50:00";"ES";101;150;"LINHARES";"Acessar a via sem observar a presença dos outros veículos";"Colisão transversal";"Com Vítimas Feridas";"Plena Noite";"Crescente";"Nublado";"Simples";"Interseção de Vias";"Não";2;0;0;1;1;0;1;2;-19,40436634;-40,06078896;"SPRF-ES";"DEL04-ES";"UOP01-DEL04-ES"
538471;2023-06-05;"segunda-feira";"18:00:00";"SC";282;221;"LAGES";"Acessar a via sem observar a presença dos outros veículos";"Colisão transversal";"Com Vítimas Feridas";"Anoitecer";"Decrescente";"Céu Claro";"Simples";"Reta";"Sim";2;0;1;0;0;1;1;2;-27,796358;-50,343426;"SPRF-SC";"DEL05-SC";"UOP01-DEL05-SC"
538476;2023-07-27;"quinta-feira";"14:00:00";"RS";116;520,9;"PELOTAS";"Acessar a via sem observar a presença dos outros veículos";"Colisão transversal";"Sem Vítimas";"Pleno dia";"Decrescente";"Céu Claro";"Múltipla";"Rotatória";"Sim";2;0;0;0;1;1;0;2;-31,70739807;-52,3674553;"SPRF-RS";"DEL07-RS";"UOP01-DEL07-RS"
538477;2023-07-27;"quinta-feira";"10:50:00";"RJ";465;20;"NOVA IGUACU";"Desrespeitar a preferência no cruzamento";"Colisão transversal";"Com Vítimas Feridas";"Pleno dia";"Decrescente";"Sol";"Simples";"Interseção de Vias";"Sim";2;0;1;0;1;0;1;2;-22,846828;-43,605339;"SPRF-RJ";"DEL03-RJ";"UOP01-DEL03-RJ"
538478;2023-07-27;"quinta-feira";"14:30:00";"SC";470;48,5;"BLUMENAU";"Reação tardia ou ineficiente do condutor";"Tombamento";"Com Vítimas Feridas";"Pleno dia";"Decrescente";"Nevoeiro/Neblina";"Simples";"Reta;Em Obras";"Sim";1;0;0;1;0;0;1;1;-26,85935642;-49,06122923;"SPRF-SC";"DEL04-SC";"UOP01-DEL04-SC"
538479;2023-07-27;"quinta-feira";"07:05:00";"RJ";101;96;"CAMPOS DOS GOYTACAZES";"Condutor deixou de manter distância do veículo da frente";"Colisão traseira";"Sem Vítimas";"Pleno dia";"Decrescente";"Céu Claro";"Dupla";"Reta";"Sim";2;0;0;0;2;0;0;2;-21,86928639;-41,55659304;"SPRF-RJ";"DEL08-RJ";"UOP02-DEL08-RJ"
538480;2023-06-26;"segunda-feira";"07:00:00";"RN";110;44,3;"MOSSORO";"Animais na Pista";"Atropelamento de Animal";"Com Vítimas Feridas";"Pleno dia";"Crescente";"Céu Claro";"Simples";"Reta";"Sim";2;0;1;1;0;0;2;1;-5,189343;-37,306912;"SPRF-RN";"DEL04-RN";"UOP01-DEL04-RN"
538481;2023-07-27;"quinta-feira";"14:50:00";"MG";381;584,3;"CARMOPOLIS DE MINAS";"Ausência de reação do condutor";"Atropelamento de Pedestre";"Com Vítimas Feridas";"Pleno dia";"Crescente";"Sol";"Dupla";"Curva";"Não";3;0;1;0;2;0;1;2;-20,52949002;-44,63874994;"SPRF-MG";"DEL04-MG";"UOP01-DEL04-MG"
538482;2023-03-10;"sexta-feira";"05:45:00";"RN";101;103;"PARNAMIRIM";"Condutor deixou de manter distância do veículo da frente";"Colisão traseira";"Com Vítimas Feridas";"Pleno dia";"Crescente";"Céu Claro";"Dupla";"Reta";"Sim";2;0;0;1;1;0;1;2;-5,89034022;-35,24894996;"SPRF-RN";"DEL01-RN";"UOP01-DEL01-RN"
538484;2023-07-27;"quinta-feira";"11:30:00";"CE";222;282;"FRECHEIRINHA";"Demais falhas mecânicas ou elétricas";"Incêndio";"Sem Vítimas";"Pleno dia";"Crescente";"Céu Claro";"Simples";"Reta";"Não";3;0;0;0;3;0;0;1;-3,73907298;-40,82890498;"SPRF-CE";"DEL04-CE";"UOP02-DEL04-CE"
538487;2023-07-27;"quinta-feira";"14:00:00";"ES";262;43,7;"MARECHAL FLORIANO";"Acessar a via sem observar a presença dos outros veículos";"Colisão transversal";"Com Vítimas Feridas";"Pleno dia";"Crescente";"Céu Claro";"Simples";"Reta";"Sim";2;0;0;1;1;0;1;2;-20,40565705;-40,67280081;"SPRF-ES";"DEL01-ES";"UOP01-DEL01-ES"
538488;2023-07-27;"quinta-feira";"15:00:00";"PB";230;16,5;"JOAO PESSOA";"Manobra de mudança de faixa";"Colisão traseira";"Com Vítimas Feridas";"Pleno dia";"Decrescente";"Sol";"Dupla";"Reta";"Sim";3;0;2;0;1;0;2;2;-7,1039;-34,8458;"SPRF-PB";"DEL01-PB";"UOP01-DEL01-PB"
538489;2023-07-27;"quinta-feira";"14:30:00";"MG";116;525,9;"CARATINGA";"Acessar a via sem observar a presença dos outros veículos";"Colisão transversal";"Com Vítimas Feridas";"Pleno dia";"Crescente";"Sol";"Dupla";"Reta";"Sim";2;0;1;0;1;0;1;2;-19,77981858;-42,13299751;"SPRF-MG";"DEL06-MG";"UOP02-DEL06-MG"
538491;2023-07-27;"quinta-feira";"15:00:00";"RS";116;256,9;"ESTEIO";"Reação tardia ou ineficiente do condutor";"Colisão traseira";"Com Vítimas Feridas";"Pleno dia";"Decrescente";"Céu Claro";"Múltipla";"Reta;Viaduto";"Sim";3;0;1;0;2;0;1;2;-29,84393699;-51,17728603;"SPRF-RS";"DEL01-RS";"UOP02-DEL01-RS"
538492;2023-07-27;"quinta-feira";"15:25:00";"ES";101;265;"SERRA";"Demais falhas na via";"Colisão traseira";"Com Vítimas Feridas";"Pleno dia";"Decrescente";"Céu Claro";"Dupla";"Aclive";"Sim";2;0;1;0;1;0;1;2;-20,1816849;-40,26536036;"SPRF-ES";"DEL02-ES";"UOP01-DEL02-ES"
538494;2023-05-02;"terça-feira";"11:30:00";"PR";376;188;"MARIALVA";"Reação tardia ou ineficiente do condutor";"Colisão traseira";"Com Vítimas Feridas";"Pleno dia";"Crescente";"Ignorado";"Dupla";"Reta";"Sim";1;0;0;1;0;0;1;1;-23,46634923;-51,82808011;"SPRF-PR";"DEL09-PR";"UOP01-DEL09-PR"
538495;2023-07-27;"quinta-feira";"16:00:00";"BA";324;475;"TANQUINHO";"Velocidade Incompatível";"Saída de leito carroçável";"Com Vítimas Feridas";"Pleno dia";"Decrescente";"Nublado";"Simples";"Reta";"Não";2;0;1;1;0;0;2;1;-11,978092;-39,10112;"SPRF-BA";"DEL02-BA";"UOP01-DEL02-BA"
538496;2023-07-27;"quinta-feira";"13:50:00";"BA";101;353,3;"WENCESLAU GUIMARAES";"Reação tardia ou ineficiente do condutor";"Colisão traseira";"Com Vítimas Feridas";"Pleno dia";"Crescente";"Chuva";"Simples";"Reta";"Não";2;0;2;0;0;0;2;2;-13,630968;-39,493444;"SPRF-BA";"DEL05-BA";"UOP03-DEL05-BA"
538499;2023-07-27;"quinta-feira";"16:07:00";"GO";153;514;"APARECIDA DE GOIANIA";"Desrespeitar a preferência no cruzamento";"Colisão transversal";"Com Vítimas Feridas";"Pleno dia";"Decrescente";"Céu Claro";"Dupla";"Reta";"Sim";3;0;0;3;0;0;3;2;-16,8315;-49,2434;"SPRF-GO";"DEL01-GO";"UOP03-DEL01-GO"
538502;2023-07-27;"quinta-feira";"16:40:00";"RN";110;47,4;"MOSSORO";"Ausência de reação do condutor";"Colisão traseira";"Com Vítimas Feridas";"Pleno dia";"Crescente";"Céu Claro";"Simples";"Reta;Interseção de Vias";"Sim";2;0;1;0;1;0;1;2;-5,204572;-37,327295;"SPRF-RN";"DEL04-RN";"UOP01-DEL04-RN"
538503;2023-07-27;"quinta-feira";"16:00:00";"RJ";116;313;"RESENDE";"Avarias e/ou desgaste excessivo no pneu";"Queda de ocupante de veículo";"Com Vítimas Feridas";"Pleno dia";"Decrescente";"Céu Claro";"Dupla";"Reta;Aclive";"Não";2;0;2;0;0;0;2;1;-22,45998766;-44,46237202;"SPRF-RJ";"DEL07-RJ";"UOP02-DEL07-RJ"
538505;2023-07-13;"quinta-feira";"16:31:00";"GO";40;5;"VALPARAISO DE GOIAS";"Ausência de reação do condutor";"Colisão lateral mesmo sentido";"Com Vítimas Feridas";"Pleno dia";"Crescente";"Céu Claro";"Dupla";"Reta";"Sim";4;0;1;0;3;0;1;3;-16,093134;-47,982236;"SPRF-DF";"DEL01-DF";"UOP01-DEL01-DF"
538506;2023-07-27;"quinta-feira";"14:30:00";"SP";116;75,5;"APARECIDA";"Demais falhas mecânicas ou elétricas";"Tombamento";"Com Vítimas Feridas";"Pleno dia";"Decrescente";"Nublado";"Dupla";"Reta";"Não";2;0;2;0;0;0;2;1;-22,8757106;-45,26636481;"SPRF-SP";"DEL08-SP";"UOP01-DEL08-SP"
538507;2023-07-27;"quinta-feira";"17:00:00";"SP";381;64,5;"MAIRIPORA";"Reação tardia ou ineficiente do condutor";"Saída de leito carroçável";"Com Vítimas Feridas";"Anoitecer";"Decrescente";"Céu Claro";"Dupla";"Aclive;Reta";"Não";3;0;3;0;0;0;3;1;-23,3089645;-46,57924651;"SPRF-SP";"DEL03-SP";"UOP01-DEL03-SP"
538510;2023-07-27;"quinta-feira";"16:10:00";"CE";222;24;"CAUCAIA";"Condutor deixou de manter distância do veículo da frente";"Colisão traseira";"Com Vítimas Feridas";"Pleno dia";"Decrescente";"Céu Claro";"Múltipla";"Reta";"Não";3;0;1;0;2;0;1;2;-3,72993822;-38,76858609;"SPRF-CE";"DEL01-CE";"UOP01-DEL01-CE"
538511;2023-07-27;"quinta-feira";"17:05:00";"MG";116;690;"MURIAE";"Acessar a via sem observar a presença dos outros veículos";"Colisão transversal";"Com Vítimas Feridas";"Anoitecer";"Decrescente";"Nublado";"Simples";"Declive;Interseção de Vias;Reta";"Não";2;0;1;0;1;0;1;2;-21,035724;-42,36710899;"SPRF-MG";"DEL07-MG";"UOP02-DEL07-MG"
538512;2023-07-27;"quinta-feira";"17:15:00";"SC";282;18;"PALHOCA";"Trafegar com motocicleta (ou similar) entre as faixas";"Colisão transversal";"Com Vítimas Feridas";"Anoitecer";"Decrescente";"Céu Claro";"Simples";"Retorno Regulamentado;Interseção de Vias;Reta";"Sim";2;0;1;0;1;0;1;2;-27,672798;-48,694286;"SPRF-SC";"DEL01-SC";"UOP02-DEL01-SC"
538515;2023-07-27;"quinta-feira";"17:30:00";"CE";116;10,9;"FORTALEZA";"Condutor deixou de manter distância do veículo da frente";"Colisão traseira";"Com Vítimas Feridas";"Anoitecer";"Crescente";"Céu Claro";"Dupla";"Reta";"Sim";2;0;1;0;1;0;1;2;-3,83603805;-38,5027281;"SPRF-CE";"DEL01-CE";"UOP02-DEL01-CE"
538516;2023-07-27;"quinta-feira";"17:30:00";"RN";101;97,6;"NATAL";"Condutor deixou de manter distância do veículo da frente";"Colisão traseira";"Com Vítimas Feridas";"Anoitecer";"Decrescente";"Céu Claro";"Múltipla";"Viaduto";"Sim";3;0;2;0;1;0;2;2;-5,8591321;-35,21346688;"SPRF-RN";"DEL01-RN";"UOP01-DEL01-RN"
538517;2023-07-27;"quinta-feira";"15:15:00";"MG";40;613,5;"CONGONHAS";"Retorno proibido";"Colisão transversal";"Com Vítimas Feridas";"Pleno dia";"Decrescente";"Nublado";"Simples";"Curva";"Não";4;0;1;2;1;0;3;2;-20,53248139;-43,8226752;"SPRF-MG";"DEL05-MG";"UOP02-DEL05-MG"
538518;2023-07-27;"quinta-feira";"17:38:00";"DF";40;3,2;"BRASILIA";"Condutor deixou de manter distância do veículo da frente";"Colisão traseira";"Com Vítimas Feridas";"Anoitecer";"Crescente";"Céu Claro";"Dupla";"Viaduto;Reta";"Sim";3;0;1;0;1;1;1;2;-16,003145;-47,983944;"SPRF-DF";"DEL01-DF";"UOP01-DEL01-DF"
538519;2023-07-27;"quinta-feira";"17:10:00";"RJ";101;473;"ANGRA DOS REIS";"Pedestre cruzava a pista fora da faixa";"Atropelamento de Pedestre";"Com Vítimas Feridas";"Pleno dia";"Decrescente";"Céu Claro";"Simples";"Reta";"Não";3;0;1;0;1;1;1;2;-22,99118614;-44,24524745;"SPRF-RJ";"DEL03-RJ";"UOP03-DEL03-RJ"
538520;2023-07-27;"quinta-feira";"17:00:00";"MG";262;387;"FLORESTAL";"Ausência de reação do condutor";"Colisão transversal";"Com Vítimas Feridas";"Pleno dia";"Crescente";"Céu Claro";"Dupla";"Reta";"Não";2;0;1;0;1;0;1;2;-19,93472988;-44,43457599;"SPRF-MG";"DEL01-MG";"UOP03-DEL01-MG"
538522;2023-07-27;"quinta-feira";"11:00:00";"MG";40;146;"JOAO PINHEIRO";"Reação tardia ou ineficiente do condutor";"Colisão frontal";"Com Vítimas Fatais";"Pleno dia";"Decrescente";"Céu Claro";"Simples";"Reta";"Não";6;1;2;1;1;1;3;2;-17,76031425;-46,15533115;"SPRF-MG";"DEL14-MG";"UOP02-DEL14-MG"
538523;2023-07-27;"quinta-feira";"13:00:00";"RJ";493;103,9;"SEROPEDICA";"Condutor Dormindo";"Atropelamento de Pedestre";"Com Vítimas Feridas";"Pleno dia";"Crescente";"Céu Claro";"Dupla";"Reta";"Não";4;0;0;1;3;0;1;2;-22,78045518;-43,75063908;"SPRF-RJ";"DEL03-RJ";"UOP01-DEL03-RJ"
538524;2023-07-27;"quinta-feira";"17:00:00";"RN";101;95;"NATAL";"Mal súbito do condutor";"Saída de leito carroçável";"Com Vítimas Feridas";"Anoitecer";"Decrescente";"Céu Claro";"Múltipla";"Reta";"Sim";4;0;0;1;3;0;1;4;-5,84076841;-35,21035949;"SPRF-RN";"DEL01-RN";"UOP01-DEL01-RN"
538525;2023-07-11;"terça-feira";"13:39:00";"ES";101;27,2;"CONCEICAO DA BARRA";"Transitar no Acostamento";"Colisão lateral mesmo sentido";"Com Vítimas Feridas";"Pleno dia";"Crescente";"Céu Claro";"Simples";"Reta";"Não";2;0;1;0;1;0;1;2;-18,38365905;-39,94481814;"SPRF-ES";"DEL04-ES";"UOP02-DEL04-ES"
538527;2023-07-27;"quinta-feira";"18:30:00";"ES";101;128;"SOORETAMA";"Acessar a via sem observar a presença dos outros veículos";"Colisão traseira";"Com Vítimas Feridas";"Plena Noite";"Crescente";"Céu Claro";"Simples";"Reta";"Não";3;0;1;0;2;0;1;2;-19,21191395;-40,09457556;"SPRF-ES";"DEL04-ES";"UOP01-DEL04-ES"
538528;2023-07-27;"quinta-feira";"18:30:00";"MG";381;536;"ITATIAIUCU";"Velocidade Incompatível";"Tombamento";"Com Vítimas Feridas";"Plena Noite";"Decrescente";"Céu Claro";"Dupla";"Curva;Retorno Regulamentado;Aclive";"Não";1;0;1;0;0;0;1;1;-20,22443302;-44,39530859;"SPRF-MG";"DEL04-MG";"UOP03-DEL04-MG"
538530;2023-07-27;"quinta-feira";"18:45:00";"RS";116;301;"GUAIBA";"Acessar a via sem observar a presença dos outros veículos";"Colisão transversal";"Com Vítimas Feridas";"Plena Noite";"Crescente";"Céu Claro";"Simples";"Reta";"Sim";3;0;2;0;1;0;2;2;-30,131899;-51,353867;"SPRF-RS";"DEL02-RS";"UOP01-DEL02-RS"
538531;2023-07-27;"quinta-feira";"18:40:00";"SC";470;47,8;"BLUMENAU";"Demais falhas mecânicas ou elétricas";"Incêndio";"Sem Vítimas";"Plena Noite";"Decrescente";"Nublado";"Simples";"Reta";"Não";1;0;0;0;1;0;0;1;-26,864044;-49,046516;"SPRF-SC";"DEL04-SC";"UOP01-DEL04-SC"
538532;2023-07-27;"quinta-feira";"18:35:00";"SC";101;145;"ITAPEMA";"Manobra de mudança de faixa";"Colisão traseira";"Com Vítimas Feridas";"Plena Noite";"Crescente";"Nublado";"Dupla";"Curva";"Não";2;0;1;0;1;0;1;2;-27,08139206;-48,60130993;"SPRF-SC";"DEL04-SC";"UOP03-DEL04-SC"
538533;2023-07-27;"quinta-feira";"18:41:00";"TO";10;460;"PALMAS";"Manobra de mudança de faixa";"Colisão lateral mesmo sentido";"Com Vítimas Feridas";"Plena Noite";"Decrescente";"Céu Claro";"Múltipla";"Reta";"Sim";2;0;2;0;0;0;2;2;-10,18165389;-48,17412734;"SPRF-TO";"DEL01-TO";"UOP03-DEL01-TO"
538537;2023-07-27;"quinta-feira";"18:30:00";"GO";60;181;"ABADIA DE GOIAS";"Velocidade Incompatível";"Saída de leito carroçável";"Com Vítimas Feridas";"Anoitecer";"Crescente";"Céu Claro";"Dupla";"Aclive";"Não";1;0;1;0;0;0;1;1;-16,7709;-49,4844;"SPRF-GO";"DEL01-GO";"UOP02-DEL01-GO"
538538;2023-07-16;"domingo";"00:10:00";"SC";282;375,8;"ERVAL VELHO";"Demais falhas mecânicas ou elétricas";"Incêndio";"Sem Vítimas";"Plena Noite";"Crescente";"Céu Claro";"Simples";"Reta";"Não";1;0;0;0;0;1;0;1;-27,228022;-51,456421;"SPRF-SC";"DEL07-SC";"UOP05-DEL07-SC"
538539;2023-07-27;"quinta-feira";"18:10:00";"SC";101;152;"ITAPEMA";"Manobra de mudança de faixa";"Colisão lateral mesmo sentido";"Com Vítimas Feridas";"Plena Noite";"Decrescente";"Nublado";"Múltipla";"Reta";"Sim";3;0;2;0;1;0;2;2;-27,13563503;-48,61004665;"SPRF-SC";"DEL04-SC";"UOP03-DEL04-SC"
538540;2023-07-27;"quinta-feira";"18:50:00";"SC";101;210;"SAO JOSE";"Manobra de mudança de faixa";"Colisão lateral mesmo sentido";"Com Vítimas Feridas";"Plena Noite";"Decrescente";"Céu Claro";"Múltipla";"Reta";"Sim";2;0;1;0;1;0;1;2;-27,6167305;-48,6457265;"SPRF-SC";"DEL01-SC";"UOP01-DEL01-SC"
538541;2023-07-27;"quinta-feira";"16:40:00";"PR";163;20;"SANTO ANTONIO DO SUDOESTE";"Acessar a via sem observar a presença dos outros veículos";"Colisão frontal";"Com Vítimas Feridas";"Pleno dia";"Crescente";"Céu Claro";"Simples";"Reta";"Sim";5;0;4;0;1;0;4;2;-26,20985993;-53,63955188;"SPRF-PR";"DEL02-PR";"UOP02-DEL02-PR"
538543;2023-07-27;"quinta-feira";"19:00:00";"SP";116;283;"EMBU DAS ARTES";"Reação tardia ou ineficiente do condutor";"Queda de ocupante de veículo";"Com Vítimas Feridas";"Plena Noite";"Decrescente";"Nublado";"Dupla";"Reta";"Sim";1;0;1;0;0;0;1;1;-23,69297005;-46,86352786;"SPRF-SP";"DEL04-SP";"UOP01-DEL04-SP"