"id";"data_inversa";"dia_semana";"horario";"uf";"br";"km";"municipio";"causa_acidente";"tipo_acidente";"classificacao_acidente";"fase_dia";"sentido_via";"condicao_metereologica";"tipo_pista";"tracado_via";"uso_solo";"pessoas";"mortos";"feridos_leves";"feridos_graves";"ilesos";"ignorados";"feridos";"veiculos";"latitude";"longitude";"regional";"delegacia";"uop"
538678;2023-07-28;"sexta-feira";"10:45:00";"SC";153;70,9;"IRANI";"Velocidade Incompatível";"Saída de leito carroçável";"Com Vítimas Feridas";"Pleno dia";"Decrescente";"Garoa/Chuvisco";"Simples";"Curva";"Não";1;0;1;0;0;0;1;1;-27,05587723;-51,8894577;"SPRF-SC";"DEL07-SC";"UOP04-DEL07-SC"
538680;2023-07-28;"sexta-feira";"12:30:00";"SP";381;86,5;"SAO PAULO";"Pedestre cruzava a pista fora da faixa";"Atropelamento de Pedestre";"Com Vítimas Fatais";"Pleno dia";"Crescente";"Céu Claro";"Múltipla";"Reta";"Sim";4;1;0;0;3;0;0;3;-23,469722;-46,56825;"SPRF-SP";"DEL03-SP";"UOP01-DEL03-SP"
538681;2023-07-28;"sexta-feira";"11:00:00";"MS";262;305;"CAMPO GRANDE";"Ultrapassagem Indevida";"Colisão frontal";"Com Vítimas Fatais";"Pleno dia";"Crescente";"Céu Claro";"Simples";"Curva;Aclive";"Não";4;1;3;0;0;0;3;2;-20,48390019;-54,33577621;"SPRF-MS";"DEL01-MS";"UOP01-DEL01-MS"
538683;2023-07-28;"sexta-feira";"13:20:00";"SP";116;227;"GUARULHOS";"Ausência de reação do condutor";"Colisão com objeto";"Com Vítimas Feridas";"Pleno dia";"Decrescente";"Céu Claro";"Múltipla";"Reta";"Sim";1;0;1;0;0;0;1;1;-23,49659264;-46,55648754;"SPRF-SP";"DEL01-SP";"UOP01-DEL01-SP"
538685;2023-07-24;"segunda-feira";"06:10:00";"RO";364;667;"CANDEIAS DO JAMARI";"Falta de elemento de contenção que evite a saída do leito carroçável";"Saída de leito carroçável";"Com Vítimas Feridas";"Pleno dia";"Crescente";"Céu Claro";"Simples";"Reta";"Não";3;0;1;1;1;0;2;1;-8,775691;-63,479378;"SPRF-RO";"DEL01-RO";"UOP01-DEL01-RO"
538688;2023-07-28;"sexta-feira";"13:20:00";"RJ";101;412;"ITAGUAI";"Transitar no Acostamento";"Queda de ocupante de veículo";"Com Vítimas Feridas";"Pleno dia";"Decrescente";"Céu Claro";"Dupla";"Reta";"Não";2;0;0;1;1;0;1;2;-22,89720365;-43,85639217;"SPRF-RJ";"DEL03-RJ";"UOP01-DEL03-RJ"
538689;2023-07-28;"sexta-feira";"13:30:00";"PB";230;19;"JOAO PESSOA";"Condutor deixou de manter distância do veículo da frente";"Colisão traseira";"Com Vítimas Feridas";"Pleno dia";"Decrescente";"Nublado";"Dupla";"Curva;Declive";"Sim";1;0;1;0;0;0;1;1;-7,1281;-34,8466;"SPRF-PB";"DEL01-PB";"UOP01-DEL01-PB"
538691;2023-07-28;"sexta-feira";"07:30:00";"MA";222;148;"VARGEM GRANDE";"Reação tardia ou ineficiente do condutor";"Saída de leito carroçável";"Sem Vítimas";"Pleno dia";"Crescente";"Céu Claro";"Simples";"Reta";"Não";1;0;0;0;1;0;0;1;-3,55328463;-43,89790606;"SPRF-MA";"DEL01-MA";"UOP02-DEL01-MA"
538692;2023-07-28;"sexta-feira";"14:12:00";"SC";101;209,3;"SAO JOSE";"Reação tardia ou ineficiente do condutor";"Colisão traseira";"Com Vítimas Feridas";"Pleno dia";"Crescente";"Nublado";"Múltipla";"Reta";"Sim";4;0;1;0;3;0;1;2;-27,61000542;-48,63895057;"SPRF-SC";"DEL01-SC";"UOP01-DEL01-SC"
538694;2023-07-28;"sexta-feira";"13:20:00";"SC";101;340,2;"TUBARAO";"Acumulo de água sobre o pavimento";"Colisão com objeto";"Com Vítimas Feridas";"Pleno dia";"Decrescente";"Chuva";"Dupla";"Reta";"Sim";3;0;2;0;1;0;2;1;-28,501444;-49,04690399;"SPRF-SC";"DEL02-SC";"UOP01-DEL02-SC"
538696;2023-07-28;"sexta-feira";"14:00:00";"RJ";101;279;"TANGUA";"Reação tardia ou ineficiente do condutor";"Capotamento";"Com Vítimas Feridas";"Pleno dia";"Crescente";"Sol";"Dupla";"Reta";"Não";2;0;0;1;1;0;1;1;-22,7383655;-42,76745405;"SPRF-RJ";"DEL02-RJ";"UOP03-DEL02-RJ"
538697;2023-07-28;"sexta-feira";"14:00:00";"DF";0;0;"BRASILIA";"Acessar a via sem observar a presença dos outros veículos";"Colisão lateral mesmo sentido";"Com Vítimas Feridas";"Pleno dia";"Não Informado";"Céu Claro";"Simples";"Reta";"Sim";2;0;1;0;1;0;1;2;-15,804265;-47,957914;"SPRF-DF";"N/A";"N/A"
538698;2023-07-28;"sexta-feira";"10:00:00";"PR";369;176;"ROLANDIA";"Ausência de reação do condutor";"Colisão com objeto";"Com Vítimas Feridas";"Pleno dia";"Crescente";"Nublado";"Dupla";"Reta";"Não";1;0;1;0;0;0;1;1;-23,32799121;-51,38921499;"SPRF-PR";"DEL07-PR";"UOP01-DEL07-PR"
538699;2023-07-28;"sexta-feira";"14:30:00";"GO";40;0;"VALPARAISO DE GOIAS";"Ultrapassagem Indevida";"Queda de ocupante de veículo";"Com Vítimas Feridas";"Pleno dia";"Crescente";"Céu Claro";"Dupla";"Reta";"Sim";3;0;2;0;0;1;2;3;-16,058273;-47,982655;"SPRF-DF";"DEL01-DF";"UOP01-DEL01-DF"
538700;2023-07-28;"sexta-feira";"14:35:00";"ES";101;268;"SERRA";"Condutor deixou de manter distância do veículo da frente";"Colisão traseira";"Com Vítimas Feridas";"Pleno dia";"Crescente";"Sol";"Múltipla";"Reta";"Sim";2;0;1;0;1;0;1;2;-20,20842;-40,269405;"SPRF-ES";"DEL02-ES";"UOP01-DEL02-ES"
538701;2023-06-02;"sexta-feira";"23:00:00";"RS";386;272,4;"FONTOURA XAVIER";"Reação tardia ou ineficiente do condutor";"Saída de leito carroçável";"Com Vítimas Feridas";"Plena Noite";"Crescente";"Chuva";"Simples";"Reta";"Não";2;0;0;1;1;0;1;1;-28,99186633;-52,36249393;"SPRF-RS";"DEL04-RS";"UOP03-DEL04-RS"
538703;2023-07-28;"sexta-feira";"14:45:00";"RS";116;234;"ESTANCIA VELHA";"Conversão proibida";"Colisão transversal";"Com Vítimas Feridas";"Pleno dia";"Crescente";"Céu Claro";"Simples";"Reta;Aclive";"Sim";2;0;1;0;1;0;1;2;-29,65311735;-51,14472111;"SPRF-RS";"DEL01-RS";"UOP02-DEL01-RS"
538706;2023-06-20;"terça-feira";"21:00:00";"RJ";116;28,7;"SAPUCAIA";"Velocidade Incompatível";"Capotamento";"Com Vítimas Feridas";"Plena Noite";"Crescente";"Céu Claro";"Simples";"Curva";"Não";1;0;1;0;0;0;1;1;-22,06135938;-42,79369533;"SPRF-RJ";"DEL05-RJ";"UOP01-DEL05-RJ"
538708;2023-07-28;"sexta-feira";"14:20:00";"SP";116;105,8;"TAUBATE";"Mal súbito do condutor";"Colisão com objeto";"Com Vítimas Feridas";"Pleno dia";"Crescente";"Sol";"Dupla";"Reta";"Não";1;0;1;0;0;0;1;1;-23,00757973;-45,51466613;"SPRF-SP";"DEL08-SP";"UOP01-DEL08-SP"
538709;2023-07-28;"sexta-feira";"15:25:00";"RN";101;94;"NATAL";"Condutor deixou de manter distância do veículo da frente";"Engavetamento";"Sem Vítimas";"Pleno dia";"Decrescente";"Céu Claro";"Dupla";"Reta";"Sim";3;0;0;0;3;0;0;3;-5,83176615;-35,21191342;"SPRF-RN";"DEL01-RN";"UOP01-DEL01-RN"
538711;2023-06-13;"terça-feira";"11:40:00";"RS";285;561;"SAO LUIZ GONZAGA";"Manobra de mudança de faixa";"Colisão transversal";"Com Vítimas Fatais";"Pleno dia";"Crescente";"Nublado";"Simples";"Aclive;Reta";"Não";2;1;1;0;0;0;1;2;-28,418188;-54,906029;"SPRF-RS";"DEL10-RS";"UOP01-DEL10-RS"
538712;2023-07-28;"sexta-feira";"15:50:00";"RJ";116;174;"SAO JOAO DE MERITI";"Ausência de reação do condutor";"Colisão traseira";"Com Vítimas Feridas";"Pleno dia";"Crescente";"Sol";"Múltipla";"Reta";"Não";2;0;1;0;1;0;1;2;-22,79423806;-43,36403759;"SPRF-RJ";"DEL01-RJ";"UOP02-DEL01-RJ"
538713;2023-07-28;"sexta-feira";"15:30:00";"GO";40;13;"LUZIANIA";"Pedestre cruzava a pista fora da faixa";"Atropelamento de Pedestre";"Com Vítimas Feridas";"Pleno dia";"Crescente";"Céu Claro";"Dupla";"Reta";"Sim";3;0;1;2;0;0;3;2;-16,151832;-47,939162;"SPRF-DF";"DEL01-DF";"UOP01-DEL01-DF"
538716;2023-05-21;"domingo";"18:00:00";"MT";364;110;"ALTO GARCAS";"Ultrapassagem Indevida";"Saída de leito carroçável";"Com Vítimas Feridas";"Plena Noite";"Decrescente";"Céu Claro";"Simples";"Reta";"Não";3;0;1;0;2;0;1;2;-16,84632348;-53,831075;"SPRF-MT";"DEL02-MT";"UOP02-DEL02-MT"
538717;2023-07-28;"sexta-feira";"16:20:00";"SP";116;74;"APARECIDA";"Velocidade Incompatível";"Capotamento";"Com Vítimas Feridas";"Pleno dia";"Decrescente";"Nublado";"Dupla";"Aclive;Curva;Viaduto;Retorno Regulamentado;Rotatória";"Não";1;0;0;1;0;0;1;1;-22,87353809;-45,25320023;"SPRF-SP";"DEL08-SP";"UOP01-DEL08-SP"
538718;2023-07-22;"sábado";"19:00:00";"MS";163;22;"MUNDO NOVO";"Ausência de sinalização";"Colisão traseira";"Com Vítimas Feridas";"Plena Noite";"Crescente";"Céu Claro";"Simples";"Reta;Declive";"Não";3;0;2;0;1;0;2;2;-23,91127109;-54,29550011;"SPRF-MS";"DEL09-MS";"UOP02-DEL09-MS"
538720;2023-07-28;"sexta-feira";"16:15:00";"MS";163;458;"CAMPO GRANDE";"Acessar a via sem observar a presença dos outros veículos";"Colisão traseira";"Com Vítimas Feridas";"Pleno dia";"Crescente";"Céu Claro";"Simples";"Reta";"Não";2;0;1;0;1;0;1;2;-20,6553359;-54,56329366;"SPRF-MS";"DEL01-MS";"UOP01-DEL01-MS"
538722;2023-07-28;"sexta-feira";"16:25:00";"MS";163;484,4;"CAMPO GRANDE";"Acessar a via sem observar a presença dos outros veículos";"Colisão transversal";"Com Vítimas Feridas";"Pleno dia";"Crescente";"Céu Claro";"Simples";"Reta";"Não";2;0;1;0;1;0;1;2;-20,45104898;-54,5403266;"SPRF-MS";"DEL01-MS";"UOP02-DEL01-MS"
538723;2023-07-28;"sexta-feira";"17:15:00";"SP";116;288;"ITAPECERICA DA SERRA";"Trafegar com motocicleta (ou similar) entre as faixas";"Colisão lateral mesmo sentido";"Com Vítimas Feridas";"Anoitecer";"Decrescente";"Nublado";"Dupla";"Reta";"Não";3;0;0;1;1;1;1;3;-23,719254;-46,883144;"SPRF-SP";"DEL04-SP";"UOP01-DEL04-SP"
538724;2023-07-28;"sexta-feira";"17:38:00";"GO";40;6;"VALPARAISO DE GOIAS";"Ausência de reação do condutor";"Colisão traseira";"Com Vítimas Feridas";"Pleno dia";"Decrescente";"Céu Claro";"Dupla";"Reta";"Sim";2;0;1;0;1;0;1;2;-16,100814;-47,977351;"SPRF-DF";"DEL01-DF";"UOP01-DEL01-DF"
538726;2023-07-28;"sexta-feira";"16:00:00";"MT";70;521;"VARZEA GRANDE";"Acessar a via sem observar a presença dos outros veículos";"Colisão transversal";"Com Vítimas Feridas";"Pleno dia";"Crescente";"Céu Claro";"Simples";"Reta";"Sim";2;0;1;0;1;0;1;2;-15,66586685;-56,18310535;"SPRF-MT";"DEL01-MT";"UOP02-DEL01-MT"
538727;2023-07-28;"sexta-feira";"17:00:00";"MG";40;570;"ITABIRITO";"Conversão proibida";"Colisão frontal";"Com Vítimas Feridas";"Amanhecer";"Crescente";"Céu Claro";"Simples";"Reta";"Não";6;0;1;1;4;0;2;3;-20,21286706;-43,97263241;"SPRF-MG";"DEL01-MG";"UOP02-DEL01-MG"
538729;2023-07-28;"sexta-feira";"14:40:00";"RS";290;417,8;"SAO GABRIEL";"Acessar a via sem observar a presença dos outros veículos";"Colisão lateral mesmo sentido";"Sem Vítimas";"Pleno dia";"Crescente";"Céu Claro";"Simples";"Reta";"Sim";2;0;0;0;1;1;0;2;-30,358006;-54,319218;"SPRF-RS";"DEL11-RS";"UOP02-DEL11-RS"
538730;2023-07-28;"sexta-feira";"17:15:00";"RS";116;267;"CANOAS";"Ausência de reação do condutor";"Colisão traseira";"Com Vítimas Feridas";"Anoitecer";"Decrescente";"Céu Claro";"Múltipla";"Reta";"Sim";3;0;1;0;2;0;1;2;-29,945691;-51,17666;"SPRF-RS";"DEL01-RS";"UOP01-DEL01-RS"
538731;2023-07-28;"sexta-feira";"11:17:00";"MG";153;134;"PRATA";"Velocidade Incompatível";"Colisão traseira";"Sem Vítimas";"Pleno dia";"Decrescente";"Céu Claro";"Simples";"Declive;Reta";"Não";1;0;0;0;1;0;0;1;-19,51436207;-48,84030206;"SPRF-MG";"DEL15-MG";"UOP03-DEL15-MG"
538735;2023-07-28;"sexta-feira";"17:15:00";"PR";376;5;"MARINGA";"Pista Escorregadia";"Queda de ocupante de veículo";"Com Vítimas Feridas";"Anoitecer";"Crescente";"Garoa/Chuvisco";"Dupla";"Curva";"Não";1;0;1;0;0;0;1;1;-23,4273;-51,9375;"SPRF-PR";"DEL09-PR";"UOP01-DEL09-PR"
538736;2023-07-28;"sexta-feira";"17:20:00";"CE";20;122,4;"TAUA";"Pista esburacada";"Colisão com objeto";"Com Vítimas Feridas";"Anoitecer";"Decrescente";"Céu Claro";"Simples";"Reta";"Não";3;0;1;0;2;0;1;1;-5,71061795;-40,13388625;"SPRF-CE";"DEL02-CE";"UOP02-DEL02-CE"
538737;2023-07-28;"sexta-feira";"17:25:00";"DF";70;18;"BRASILIA";"Reação tardia ou ineficiente do condutor";"Colisão transversal";"Com Vítimas Feridas";"Anoitecer";"Crescente";"Céu Claro";"Dupla";"Reta;Retorno Regulamentado";"Sim";3;0;1;0;2;0;1;2;-15,78942481;-48,21692348;"SPRF-DF";"DEL03-DF";"UOP02-DEL03-DF"
538739;2023-07-28;"sexta-feira";"17:10:00";"MS";463;65;"PONTA PORA";"Reação tardia ou ineficiente do condutor";"Saída de leito carroçável";"Com Vítimas Feridas";"Anoitecer";"Crescente";"Chuva";"Simples";"Reta";"Não";2;0;2;0;0;0;2;1;-22,428528;-55,360195;"SPRF-MS";"DEL04-MS";"UOP03-DEL04-MS"
538741;2023-07-28;"sexta-feira";"15:00:00";"AP";210;86;"PORTO GRANDE";"Ausência de reação do condutor";"Saída de leito carroçável";"Com Vítimas Feridas";"Pleno dia";"Decrescente";"Céu Claro";"Simples";"Reta";"Não";3;0;3;0;0;0;3;1;0,62615922;-51,2645299;"SPRF-AP";"DEL01-AP";"UOP01-DEL01-AP"
538743;2023-07-28;"sexta-feira";"09:00:00";"RJ";101;333;"RIO DE JANEIRO";"Reação tardia ou ineficiente do condutor";"Colisão com objeto";"Com Vítimas Feridas";"Pleno dia";"Decrescente";"Céu Claro";"Dupla";"Reta";"Sim";4;0;0;2;2;0;2;3;-22,87827816;-43,21053578;"SPRF-RJ";"DEL02-RJ";"UOP01-DEL02-RJ"
538745;2023-07-28;"sexta-feira";"14:30:00";"PB";230;487,5;"SAO JOAO DO RIO DO PEIXE";"Ultrapassagem Indevida";"Colisão frontal";"Com Vítimas Feridas";"Pleno dia";"Crescente";"Sol";"Simples";"Aclive";"Não";7;0;1;4;1;1;5;3;-6,8702;-38,3949;"SPRF-PB";"DEL03-PB";"UOP03-DEL03-PB"
538746;2023-07-28;"sexta-feira";"18:45:00";"RS";290;6,2;"OSORIO";"Ausência de reação do condutor";"Saída de leito carroçável";"Com Vítimas Feridas";"Plena Noite";"Decrescente";"Nublado";"Dupla";"Reta";"Não";4;0;3;0;1;0;3;1;-29,896193;-50,334114;"SPRF-RS";"DEL03-RS";"UOP01-DEL03-RS"
538748;2023-07-28;"sexta-feira";"18:30:00";"SP";153;76;"BADY BASSITT";"Frear bruscamente";"Colisão traseira";"Com Vítimas Feridas";"Plena Noite";"Crescente";"Céu Claro";"Dupla";"Declive;Viaduto;Retorno Regulamentado";"Sim";7;0;4;0;3;0;4;2;-20,89941041;-49,4431879;"SPRF-SP";"DEL09-SP";"UOP01-DEL09-SP"
538749;2023-07-25;"terça-feira";"16:30:00";"MS";463;85,5;"PONTA PORA";"Reação tardia ou ineficiente do condutor";"Saída de leito carroçável";"Com Vítimas Feridas";"Pleno dia";"Crescente";"Céu Claro";"Simples";"Aclive;Reta";"Não";2;0;1;0;1;0;1;1;-22,56428726;-55,4948987;"SPRF-MS";"DEL04-MS";"UOP03-DEL04-MS"
538750;2023-07-28;"sexta-feira";"17:00:00";"RJ";101;321;"NITEROI";"Condutor deixou de manter distância do veículo da frente";"Colisão lateral mesmo sentido";"Com Vítimas Feridas";"Pleno dia";"Decrescente";"Céu Claro";"Dupla";"Curva";"Sim";2;0;1;0;1;0;1;2;-22,86981096;-43,11046465;"SPRF-RJ";"DEL02-RJ";"UOP01-DEL02-RJ"
538751;2023-07-28;"sexta-feira";"18:45:00";"RS";472;142,1;"TRES DE MAIO";"Ultrapassagem Indevida";"Colisão lateral mesmo sentido";"Com Vítimas Feridas";"Plena Noite";"Crescente";"Céu Claro";"Simples";"Reta";"Não";4;0;3;0;1;0;3;2;-27,7759762;-54,32625532;"SPRF-RS";"DEL10-RS";"UOP01-DEL10-RS"
538752;2023-07-28;"sexta-feira";"17:05:00";"RS";116;260,1;"CANOAS";"Ausência de reação do condutor";"Colisão traseira";"Sem Vítimas";"Anoitecer";"Crescente";"Céu Claro";"Dupla";"Reta";"Não";2;0;0;0;2;0;0;2;-29,87958;-51,180478;"SPRF-RS";"DEL01-RS";"UOP01-DEL01-RS"
538753;2023-07-28;"sexta-feira";"18:20:00";"PR";376;181;"MARINGA";"Reação tardia ou ineficiente do condutor";"Queda de ocupante de veículo";"Com Vítimas Feridas";"Pleno dia";"Crescente";"Nublado";"Dupla";"Reta";"Sim";2;0;2;0;0;0;2;2;-23,43197477;-51,88671852;"SPRF-PR";"DEL09-PR";"UOP01-DEL09-PR"
538754;2023-07-24;"segunda-feira";"13:00:00";"SP";116;449;"REGISTRO";"Velocidade Incompatível";"Colisão traseira";"Com Vítimas Feridas";"Pleno dia";"Decrescente";"Céu Claro";"Dupla";"Reta";"Não";4;0;0;1;3;0;1;2;-24,52913591;-47,85619324;"SPRF-SP";"DEL05-SP";"UOP01-DEL05-SP"
538756;2023-07-28;"sexta-feira";"18:00:00";"MT";364;404;"CUIABA";"Reação tardia ou ineficiente do condutor";"Colisão traseira";"Com Vítimas Feridas";"Plena Noite";"Decrescente";"Céu Claro";"Dupla";"Reta;Interseção de Vias";"Sim";2;0;1;0;1;0;1;2;-15,64303;-56,017054;"SPRF-MT";"DEL01-MT";"UOP02-DEL01-MT"
538758;2023-07-28;"sexta-feira";"18:58:00";"ES";101;65,9;"SAO MATEUS";"Ausência de reação do condutor";"Colisão transversal";"Com Vítimas Feridas";"Plena Noite";"Crescente";"Nublado";"Dupla";"Interseção de Vias";"Sim";2;0;1;0;0;1;1;2;-18,70935945;-39,87762087;"SPRF-ES";"DEL04-ES";"UOP02-DEL04-ES"
538759;2023-07-28;"sexta-feira";"18:53:00";"PI";343;539,9;"AMARANTE";"Ausência de reação do condutor";"Colisão traseira";"Com Vítimas Fatais";"Plena Noite";"Crescente";"Céu Claro";"Simples";"Reta";"Não";4;3;0;0;1;0;0;2;-6,524137;-42,800175;"SPRF-PI";"DEL03-PI";"UOP01-DEL03-PI"
538760;2023-07-28;"sexta-feira";"19:15:00";"GO";153;492,9;"GOIANIA";"Manobra de mudança de faixa";"Colisão lateral mesmo sentido";"Com Vítimas Feridas";"Plena Noite";"Decrescente";"Céu Claro";"Dupla";"Aclive";"Sim";2;0;1;0;1;0;1;2;-16,6461;-49,2114;"SPRF-GO";"DEL01-GO";"UOP01-DEL01-GO"
538761;2023-07-28;"sexta-feira";"19:49:00";"ES";101;292;"CARIACICA";"Manobra de mudança de faixa";"Colisão lateral mesmo sentido";"Com Vítimas Feridas";"Plena Noite";"Decrescente";"Céu Claro";"Múltipla";"Reta";"Sim";2;0;0;1;1;0;1;2;-20,30650512;-40,39488717;"SPRF-ES";"DEL01-ES";"UOP01-DEL01-ES"
538762;2023-07-28;"sexta-feira";"18:30:00";"RS";471;150,5;"SANTA CRUZ DO SUL";"Reação tardia ou ineficiente do condutor";"Colisão traseira";"Com Vítimas Feridas";"Plena Noite";"Decrescente";"Céu Claro";"Simples";"Reta";"Sim";2;0;1;0;1;0;1;2;-29,78054418;-52,41465569;"SPRF-RS";"DEL02-RS";"UOP03-DEL02-RS"
538764;2023-07-28;"sexta-feira";"17:00:00";"SP";116;498;"CAJATI";"Ausência de reação do condutor";"Saída de leito carroçável";"Com Vítimas Feridas";"Anoitecer";"Decrescente";"Garoa/Chuvisco";"Dupla";"Reta";"Não";1;0;1;0;0;0;1;1;-24,77566399;-48,17082817;"SPRF-SP";"DEL05-SP";"UOP02-DEL05-SP"
538765;2023-07-28;"sexta-feira";"19:25:00";"PR";116;99;"SAO JOSE DOS PINHAIS";"Ausência de reação do condutor";"Colisão traseira";"Com Vítimas Feridas";"Plena Noite";"Crescente";"Céu Claro";"Dupla";"Reta";"Não";3;0;1;0;2;0;1;2;-25,52682231;-49,14038767;"SPRF-PR";"DEL01-PR";"UOP07-DEL01-PR"
538766;2023-07-28;"sexta-feira";"19:28:00";"GO";40;11;"VALPARAISO DE GOIAS";"Ultrapassagem Indevida";"Colisão frontal";"Com Vítimas Feridas";"Plena Noite";"Crescente";"Céu Claro";"Dupla";"Reta";"Sim";5;0;0;1;1;3;1;4;-16,138336;-47,951644;"SPRF-DF";"DEL01-DF";"UOP01-DEL01-DF"
538767;2023-07-28;"sexta-feira";"20:17:00";"ES";101;141;"LINHARES";"Entrada inopinada do pedestre";"Atropelamento de Pedestre";"Com Vítimas Fatais";"Plena Noite";"Crescente";"Céu Claro";"Dupla";"Reta";"Sim";2;1;1;0;0;0;1;2;-19,32655693;-40,07192387;"SPRF-ES";"DEL04-ES";"UOP01-DEL04-ES"
538768;2023-07-28;"sexta-feira";"19:40:00";"DF";70;17,5;"BRASILIA";"Trafegar com motocicleta (ou similar) entre as faixas";"Colisão lateral mesmo sentido";"Com Vítimas Feridas";"Plena Noite";"Crescente";"Céu Claro";"Dupla";"Reta";"Não";3;0;1;0;2;0;1;3;-15,792373;-48,20686;"SPRF-DF";"DEL03-DF";"UOP02-DEL03-DF"
538769;2023-07-28;"sexta-feira";"19:20:00";"RJ";101;285;"ITABORAI";"Reação tardia ou ineficiente do condutor";"Colisão traseira";"Sem Vítimas";"Plena Noite";"Decrescente";"Céu Claro";"Múltipla";"Reta";"Não";2;0;0;0;2;0;0;2;-22,7498742;-42,81644087;"SPRF-RJ";"DEL02-RJ";"UOP02-DEL02-RJ"
538770;2023-07-28;"sexta-feira";"16:20:00";"MG";381;706,2;"LAVRAS";"Reação tardia ou ineficiente do condutor";"Colisão com objeto";"Com Vítimas Feridas";"Pleno dia";"Crescente";"Sol";"Dupla";"Curva;Aclive";"Não";3;0;2;0;1;0;2;1;-21,32495363;-45,16690933;"SPRF-MG";"DEL04-MG";"UOP02-DEL04-MG"
538771;2023-07-28;"sexta-feira";"20:00:00";"RJ";116;198;"QUEIMADOS";"Transitar no Acostamento";"Colisão traseira";"Com Vítimas Feridas";"Plena Noite";"Decrescente";"Céu Claro";"Dupla";"Reta";"Não";2;0;1;1;0;0;2;2;-22,72952183;-43,57481597;"SPRF-RJ";"DEL01-RJ";"UOP02-DEL01-RJ"
538772;2023-07-28;"sexta-feira";"19:00:00";"MT";163;109;"RONDONOPOLIS";"Ausência de reação do condutor";"Saída de leito carroçável";"Com Vítimas Feridas";"Plena Noite";"Crescente";"Céu Claro";"Dupla";"Aclive;Reta";"Não";1;0;1;0;0;0;1;1;-16,58644808;-54,69021581;"SPRF-MT";"DEL02-MT";"UOP01-DEL02-MT"
538773;2023-07-28;"sexta-feira";"20:05:00";"MG";50;72;"UBERLANDIA";"Pedestre andava na pista";"Atropelamento de Pedestre";"Com Vítimas Feridas";"Plena Noite";"Decrescente";"Céu Claro";"Dupla";"Reta";"Sim";2;0;0;1;1;0;1;2;-18,897281;-48,244722;"SPRF-MG";"DEL15-MG";"UOP01-DEL15-MG"
538774;2023-07-28;"sexta-feira";"19:40:00";"MG";267;302,8;"CAXAMBU";"Acessar a via sem observar a presença dos outros veículos";"Atropelamento de Pedestre";"Com Vítimas Feridas";"Plena Noite";"Decrescente";"Nublado";"Simples";"Reta;Interseção de Vias";"Não";3;0;0;1;1;1;1;2;-21,96181091;-44,91892623;"SPRF-MG";"DEL17-MG";"UOP01-DEL17-MG"
538775;2023-07-28;"sexta-feira";"19:20:00";"PR";369;443,3;"UBIRATA";"Neblina";"Colisão frontal";"Com Vítimas Feridas";"Plena Noite";"Decrescente";"Nevoeiro/Neblina";"Simples";"Reta";"Não";2;0;1;0;1;0;1;2;-24,5309;-52,9477;"SPRF-PR";"DEL04-PR";"UOP03-DEL04-PR"
538778;2023-07-28;"sexta-feira";"20:20:00";"RJ";116;187;"NOVA IGUACU";"Reação tardia ou ineficiente do condutor";"Capotamento";"Com Vítimas Feridas";"Plena Noite";"Decrescente";"Céu Claro";"Dupla";"Reta";"Sim";2;0;2;0;0;0;2;1;-22,73883756;-43,47245197;"SPRF-RJ";"DEL01-RJ";"UOP02-DEL01-RJ"
538780;2023-07-28;"sexta-feira";"17:56:00";"RO";364;384,2;"OURO PRETO DO OESTE";"Acessar a via sem observar a presença dos outros veículos";"Colisão transversal";"Com Vítimas Feridas";"Anoitecer";"Crescente";"Céu Claro";"Simples";"Interseção de Vias";"Sim";2;0;0;1;1;0;1;2;-10,71392256;-62,25172162;"SPRF-RO";"DEL02-RO";"UOP01-DEL02-RO"
538782;2023-07-28;"sexta-feira";"20:15:00";"MA";316;265;"SANTA INES";"Animais na Pista";"Atropelamento de Animal";"Com Vítimas Feridas";"Plena Noite";"Decrescente";"Céu Claro";"Simples";"Reta";"Não";2;0;1;1;0;0;2;1;-3,677107;-45,354866;"SPRF-MA";"DEL02-MA";"UOP01-DEL02-MA"
538785;2023-07-28;"sexta-feira";"20:15:00";"ES";262;98;"DOMINGOS MARTINS";"Velocidade Incompatível";"Saída de leito carroçável";"Com Vítimas Feridas";"Plena Noite";"Crescente";"Céu Claro";"Simples";"Reta";"Não";2;0;1;0;1;0;1;1;-20,35623595;-41,08499497;"SPRF-ES";"DEL01-ES";"UOP02-DEL01-ES"
538786;2023-07-28;"sexta-feira";"20:30:00";"PR";116;16;"COLOMBO";"Pedestre cruzava a pista fora da faixa";"Atropelamento de Pedestre";"Com Vítimas Fatais";"Plena Noite";"Crescente";"Nublado";"Dupla";"Aclive";"Sim";4;1;0;0;3;0;0;2;-25,387913;-49,181077;"SPRF-PR";"DEL01-PR";"UOP02-DEL01-PR"
538787;2023-07-28;"sexta-feira";"17:30:00";"MG";50;176;"UBERABA";"Reação tardia ou ineficiente do condutor";"Colisão com objeto";"Com Vítimas Feridas";"Pleno dia";"Crescente";"Céu Claro";"Dupla";"Reta";"Sim";1;0;1;0;0;0;1;1;-19,77919981;-47,960032;"SPRF-MG";"DEL13-MG";"UOP01-DEL13-MG"
538788;2023-07-28;"sexta-feira";"21:00:00";"PR";277;723;"FOZ DO IGUACU";"Deficiência do Sistema de Iluminação/Sinalização";"Colisão lateral mesmo sentido";"Com Vítimas Feridas";"Plena Noite";"Decrescente";"Chuva";"Dupla";"Reta";"Não";2;0;1;0;0;1;1;2;-25,49878215;-54,52985294;"SPRF-PR";"DEL05-PR";"UOP03-DEL05-PR"