"id";"data_inversa";"dia_semana";"horario";"uf";"br";"km";"municipio";"causa_acidente";"tipo_acidente";"classificacao_acidente";"fase_dia";"sentido_via";"condicao_metereologica";"tipo_pista";"tracado_via";"uso_solo";"pessoas";"mortos";"feridos_leves";"feridos_graves";"ilesos";"ignorados";"feridos";"veiculos";"latitude";"longitude";"regional";"delegacia";"uop"
538789;2023-07-28;"sexta-feira";"21:39:00";"RJ";101;261;"RIO BONITO";"Reação tardia ou ineficiente do condutor";"Saída de leito carroçável";"Com Vítimas Feridas";"Plena Noite";"Decrescente";"Céu Claro";"Dupla";"Declive;Curva";"Sim";1;0;1;0;0;0;1;1;-22,71396489;-42,61819839;"SPRF-RJ";"DEL02-RJ";"UOP03-DEL02-RJ"
538790;2023-07-28;"sexta-feira";"20:30:00";"RO";319;63;"PORTO VELHO";"Condutor desrespeitou a iluminação vermelha do semáforo";"Colisão transversal";"Com Vítimas Feridas";"Plena Noite";"Crescente";"Céu Claro";"Dupla";"Reta;Interseção de Vias";"Sim";5;0;0;1;4;0;1;3;-8,75673825;-63,88660245;"SPRF-RO";"DEL01-RO";"UOP01-DEL01-RO"
538791;2023-07-28;"sexta-feira";"21:40:00";"RN";101;107;"PARNAMIRIM";"Pedestre cruzava a pista fora da faixa";"Atropelamento de Pedestre";"Com Vítimas Feridas";"Plena Noite";"Crescente";"Céu Claro";"Dupla";"Reta";"Sim";3;0;0;1;2;0;1;2;-5,91920796;-35,26412409;"SPRF-RN";"DEL01-RN";"UOP01-DEL01-RN"
538792;2023-07-28;"sexta-feira";"20:45:00";"PR";376;226,3;"CAMBIRA";"Ingestão de álcool pelo condutor";"Colisão traseira";"Com Vítimas Feridas";"Plena Noite";"Crescente";"Garoa/Chuvisco";"Dupla";"Curva";"Não";5;0;2;1;2;0;3;3;-23,585056;-51,558513;"SPRF-PR";"DEL07-PR";"UOP03-DEL07-PR"
538793;2023-07-28;"sexta-feira";"21:00:00";"RJ";101;428;"MANGARATIBA";"Velocidade Incompatível";"Colisão com objeto";"Com Vítimas Feridas";"Plena Noite";"Decrescente";"Chuva";"Dupla";"Curva";"Sim";3;0;2;0;1;0;2;1;-22,93391858;-43,9899979;"SPRF-RJ";"DEL03-RJ";"UOP02-DEL03-RJ"
538794;2023-07-28;"sexta-feira";"19:30:00";"SC";470;3;"NAVEGANTES";"Condutor deixou de manter distância do veículo da frente";"Colisão traseira";"Com Vítimas Feridas";"Plena Noite";"Crescente";"Chuva";"Dupla";"Reta";"Não";2;0;0;1;1;0;1;2;-26,861937;-48,681618;"SPRF-SC";"DEL04-SC";"UOP04-DEL04-SC"
538796;2023-07-28;"sexta-feira";"21:57:00";"AL";104;90,9;"RIO LARGO";"Demais falhas na via";"Tombamento";"Com Vítimas Feridas";"Plena Noite";"Decrescente";"Céu Claro";"Dupla";"Reta";"Sim";2;0;2;0;0;0;2;1;-9,50059087;-35,81127569;"SPRF-AL";"DEL01-AL";"UOP01-DEL01-AL"
538797;2023-07-28;"sexta-feira";"17:45:00";"MG";50;176;"UBERABA";"Ausência de reação do condutor";"Engavetamento";"Com Vítimas Feridas";"Plena Noite";"Crescente";"Céu Claro";"Dupla";"Reta";"Sim";4;0;1;0;3;0;1;3;-19,77919981;-47,960032;"SPRF-MG";"DEL13-MG";"UOP01-DEL13-MG"
538798;2023-07-28;"sexta-feira";"21:55:00";"RJ";40;77,8;"PETROPOLIS";"Pedestre cruzava a pista fora da faixa";"Atropelamento de Pedestre";"Com Vítimas Fatais";"Plena Noite";"Decrescente";"Nevoeiro/Neblina";"Dupla";"Reta;Aclive";"Não";2;1;0;0;1;0;0;2;-22,49522806;-43,22508758;"SPRF-RJ";"DEL06-RJ";"UOP01-DEL06-RJ"
538800;2023-07-28;"sexta-feira";"21:00:00";"MA";135;0,4;"SAO LUIS";"Estacionar ou parar em local proibido";"Colisão traseira";"Sem Vítimas";"Plena Noite";"Decrescente";"Nublado";"Dupla";"Reta";"Sim";2;0;0;0;1;1;0;2;-2,5804565;-44,241947;"SPRF-MA";"DEL01-MA";"UOP01-DEL01-MA"
538801;2023-07-28;"sexta-feira";"19:45:00";"MA";135;84,5;"ITAPECURU MIRIM";"Ausência de reação do condutor";"Colisão com objeto";"Com Vítimas Feridas";"Plena Noite";"Decrescente";"Céu Claro";"Simples";"Reta;Ponte";"Não";1;0;1;0;0;0;1;1;-3,24994968;-44,3824064;"SPRF-MA";"DEL01-MA";"UOP02-DEL01-MA"
538803;2023-07-28;"sexta-feira";"16:10:00";"RS";290;651;"URUGUAIANA";"Condutor Dormindo";"Saída de leito carroçável";"Com Vítimas Feridas";"Pleno dia";"Crescente";"Céu Claro";"Simples";"Em Obras;Curva";"Não";2;0;1;0;0;1;1;2;-30,016521;-56,42955;"SPRF-RS";"DEL13-RS";"UOP02-DEL13-RS"
538804;2023-07-28;"sexta-feira";"22:40:00";"SP";116;145,9;"SAO JOSE DOS CAMPOS";"Condutor deixou de manter distância do veículo da frente";"Colisão traseira";"Com Vítimas Feridas";"Plena Noite";"Decrescente";"Céu Claro";"Dupla";"Aclive";"Sim";2;0;1;0;1;0;1;2;-23,1869844;-45,8548078;"SPRF-SP";"DEL02-SP";"UOP01-DEL02-SP"
538805;2023-07-28;"sexta-feira";"21:00:00";"MG";116;102;"ITAOBIM";"Reação tardia ou ineficiente do condutor";"Capotamento";"Com Vítimas Feridas";"Plena Noite";"Crescente";"Céu Claro";"Dupla";"Reta";"Não";1;0;1;0;0;0;1;1;-16,44666093;-41,49918038;"SPRF-MG";"DEL11-MG";"UOP02-DEL11-MG"
538807;2023-07-28;"sexta-feira";"23:00:00";"RJ";101;511;"ANGRA DOS REIS";"Acessar a via sem observar a presença dos outros veículos";"Colisão frontal";"Com Vítimas Feridas";"Plena Noite";"Crescente";"Chuva";"Dupla";"Interseção de Vias;Reta";"Sim";3;0;1;0;2;0;1;2;-22,9609111;-44,4382966;"SPRF-RJ";"DEL03-RJ";"UOP03-DEL03-RJ"
538808;2023-05-25;"quinta-feira";"19:15:00";"SP";116;227;"GUARULHOS";"Ausência de reação do condutor";"Colisão traseira";"Com Vítimas Feridas";"Plena Noite";"Decrescente";"Nublado";"Múltipla";"Reta";"Sim";4;0;1;0;3;0;1;4;-23,49659264;-46,55648754;"SPRF-SP";"DEL01-SP";"UOP01-DEL01-SP"
538809;2023-07-28;"sexta-feira";"23:00:00";"RJ";116;146;"DUQUE DE CAXIAS";"Transitar na contramão";"Colisão frontal";"Com Vítimas Feridas";"Plena Noite";"Decrescente";"Chuva";"Simples";"Reta";"Não";2;0;1;0;0;1;1;2;-22,66687859;-43,26368215;"SPRF-RJ";"DEL01-RJ";"UOP01-DEL01-RJ"
538811;2023-07-28;"sexta-feira";"19:30:00";"BA";110;117;"ANTAS";"Frear bruscamente";"Colisão traseira";"Com Vítimas Feridas";"Plena Noite";"Crescente";"Céu Claro";"Simples";"Reta";"Não";2;0;1;0;1;0;1;2;-10,43072088;-38,37550029;"SPRF-BA";"DEL07-BA";"UOP01-DEL07-BA"
538812;2023-07-29;"sábado";"00:10:00";"RJ";116;181;"NOVA IGUACU";"Velocidade Incompatível";"Colisão lateral mesmo sentido";"Sem Vítimas";"Plena Noite";"Decrescente";"Céu Claro";"Dupla";"Reta";"Sim";2;0;0;0;2;0;0;2;-22,761312;-43,423492;"SPRF-RJ";"DEL01-RJ";"UOP02-DEL01-RJ"
538813;2023-07-28;"sexta-feira";"19:00:00";"RS";285;579,1;"SAO LUIZ GONZAGA";"Ausência de reação do condutor";"Saída de leito carroçável";"Com Vítimas Feridas";"Plena Noite";"Decrescente";"Ignorado";"Simples";"Curva";"Não";5;0;1;0;4;0;1;1;-28,430254;-55,085625;"SPRF-RS";"DEL12-RS";"UOP01-DEL12-RS"
538814;2023-07-29;"sábado";"23:55:00";"GO";40;9;"LUZIANIA";"Ingestão de álcool pelo condutor";"Colisão traseira";"Com Vítimas Feridas";"Plena Noite";"Crescente";"Céu Claro";"Dupla";"Reta";"Sim";4;0;1;0;3;0;1;2;-16,12430172;-47,96250522;"SPRF-DF";"DEL01-DF";"UOP01-DEL01-DF"
538815;2023-07-28;"sexta-feira";"23:40:00";"CE";116;1,2;"FORTALEZA";"Reação tardia ou ineficiente do condutor";"Colisão traseira";"Com Vítimas Feridas";"Plena Noite";"Decrescente";"Céu Claro";"Dupla";"Reta";"Sim";2;0;1;0;1;0;1;2;-3,76159894;-38,51900662;"SPRF-CE";"DEL01-CE";"UOP02-DEL01-CE"
538816;2023-07-28;"sexta-feira";"21:50:00";"MT";70;499,5;"CUIABA";"Reação tardia ou ineficiente do condutor";"Colisão traseira";"Com Vítimas Feridas";"Plena Noite";"Decrescente";"Céu Claro";"Simples";"Reta";"Sim";2;0;1;0;1;0;1;2;-15,68569395;-55,91512398;"SPRF-MT";"DEL01-MT";"UOP02-DEL01-MT"
538818;2023-07-28;"sexta-feira";"23:43:00";"PR";369;441,8;"UBIRATA";"Neblina";"Colisão traseira";"Com Vítimas Feridas";"Plena Noite";"Crescente";"Nevoeiro/Neblina";"Simples";"Reta";"Não";3;0;0;1;2;0;1;3;-24,5181;-52,9326;"SPRF-PR";"DEL04-PR";"UOP03-DEL04-PR"
538819;2023-07-28;"sexta-feira";"23:20:00";"MT";163;750;"SORRISO";"Ingestão de álcool pelo condutor";"Capotamento";"Com Vítimas Feridas";"Plena Noite";"Crescente";"Ignorado";"Dupla";"Reta";"Sim";1;0;1;0;0;0;1;1;-12,571512;-55,726891;"SPRF-MT";"DEL06-MT";"UOP01-DEL06-MT"
538821;2023-07-29;"sábado";"00:00:00";"RJ";101;315;"SAO GONCALO";"Ausência de reação do condutor";"Engavetamento";"Com Vítimas Feridas";"Plena Noite";"Decrescente";"Garoa/Chuvisco";"Dupla";"Reta";"Sim";3;0;1;0;2;0;1;3;-22,82262092;-43,08460805;"SPRF-RJ";"DEL02-RJ";"UOP02-DEL02-RJ"
538822;2023-07-28;"sexta-feira";"23:15:00";"PE";232;417,3;"SERRA TALHADA";"Reação tardia ou ineficiente do condutor";"Colisão frontal";"Com Vítimas Feridas";"Plena Noite";"Decrescente";"Céu Claro";"Simples";"Reta";"Não";2;0;0;1;0;1;1;2;-8,000298;-38,361745;"SPRF-PE";"DEL04-PE";"UOP01-DEL04-PE"
538823;2023-07-28;"sexta-feira";"23:30:00";"MG";364;18;"FRUTAL";"Ausência de reação do condutor";"Colisão com objeto";"Com Vítimas Feridas";"Pleno dia";"Crescente";"Céu Claro";"Simples";"Rotatória";"Não";1;0;1;0;0;0;1;1;-20,05909;-48,814914;"SPRF-MG";"DEL13-MG";"UOP02-DEL13-MG"
538825;2023-07-28;"sexta-feira";"23:35:00";"PR";116;109,8;"CURITIBA";"Ausência de reação do condutor";"Saída de leito carroçável";"Sem Vítimas";"Plena Noite";"Decrescente";"Nublado";"Dupla";"Reta";"Sim";2;0;0;0;2;0;0;1;-25,56885181;-49,22724597;"SPRF-PR";"DEL01-PR";"UOP07-DEL01-PR"
538826;2023-07-29;"sábado";"01:15:00";"RJ";101;522,2;"ANGRA DOS REIS";"Ausência de reação do condutor";"Queda de ocupante de veículo";"Com Vítimas Feridas";"Plena Noite";"Decrescente";"Chuva";"Simples";"Curva";"Não";2;0;2;0;0;0;2;2;-23,00449741;-44,46944694;"SPRF-RJ";"DEL03-RJ";"UOP03-DEL03-RJ"
538831;2023-07-29;"sábado";"00:30:00";"SP";116;49;"CANAS";"Mal súbito do condutor";"Saída de leito carroçável";"Com Vítimas Feridas";"Plena Noite";"Decrescente";"Garoa/Chuvisco";"Dupla";"Reta";"Não";1;0;1;0;0;0;1;1;-22,73051614;-45,0765859;"SPRF-SP";"DEL08-SP";"UOP02-DEL08-SP"
538834;2023-07-29;"sábado";"00:30:00";"SP";381;58;"MAIRIPORA";"Ingestão de álcool pelo condutor";"Capotamento";"Com Vítimas Feridas";"Plena Noite";"Crescente";"Céu Claro";"Dupla";"Reta";"Não";1;0;1;0;0;0;1;1;-23,27438497;-46,58530615;"SPRF-SP";"DEL03-SP";"UOP01-DEL03-SP"
538836;2023-07-29;"sábado";"03:10:00";"SE";101;39;"CAPELA";"Reação tardia ou ineficiente do condutor";"Colisão com objeto";"Com Vítimas Feridas";"Plena Noite";"Decrescente";"Céu Claro";"Dupla";"Reta;Aclive";"Não";1;0;1;0;0;0;1;1;-10,517972;-36,950147;"SPRF-SE";"DEL02-SE";"UOP02-DEL02-SE"
538838;2023-07-29;"sábado";"03:15:00";"PR";277;80;"CURITIBA";"Reação tardia ou ineficiente do condutor";"Colisão com objeto";"Com Vítimas Feridas";"Plena Noite";"Crescente";"Chuva";"Dupla";"Interseção de Vias";"Sim";1;0;1;0;0;0;1;1;-25,46880325;-49,21375465;"SPRF-PR";"DEL01-PR";"UOP01-DEL01-PR"
538840;2023-07-29;"sábado";"03:40:00";"MG";365;817;"SANTA VITORIA";"Demais falhas mecânicas ou elétricas";"Incêndio";"Sem Vítimas";"Plena Noite";"Crescente";"Céu Claro";"Simples";"Reta";"Não";1;0;0;0;1;0;0;1;-18,88111808;-50,06742701;"SPRF-MG";"DEL15-MG";"UOP03-DEL15-MG"
538841;2023-07-29;"sábado";"04:30:00";"SC";280;55;"GUARAMIRIM";"Acessar a via sem observar a presença dos outros veículos";"Colisão transversal";"Com Vítimas Feridas";"Plena Noite";"Crescente";"Nublado";"Simples";"Rotatória";"Sim";2;0;1;0;1;0;1;2;-26,47584353;-48,9937858;"SPRF-SC";"DEL03-SC";"UOP03-DEL03-SC"
538842;2023-07-29;"sábado";"03:07:00";"SP";116;444;"REGISTRO";"Reação tardia ou ineficiente do condutor";"Atropelamento de Pedestre";"Com Vítimas Fatais";"Plena Noite";"Decrescente";"Céu Claro";"Múltipla";"Reta;Declive";"Sim";3;1;0;0;0;2;0;2;-24,49129421;-47,83614553;"SPRF-SP";"DEL05-SP";"UOP01-DEL05-SP"
538843;2023-07-29;"sábado";"04:35:00";"PI";343;309;"ALTOS";"Ingestão de álcool pelo condutor";"Colisão traseira";"Sem Vítimas";"Plena Noite";"Decrescente";"Céu Claro";"Simples";"Reta";"Sim";2;0;0;0;1;1;0;2;-5,04012;-42,476742;"SPRF-PI";"DEL01-PI";"UOP01-DEL01-PI"
538844;2023-07-29;"sábado";"03:50:00";"PR";116;150;"MANDIRITUBA";"Reação tardia ou ineficiente do condutor";"Colisão traseira";"Com Vítimas Feridas";"Plena Noite";"Decrescente";"Nublado";"Simples";"Declive;Reta";"Não";2;0;1;0;0;1;1;2;-25,81557015;-49,33088979;"SPRF-PR";"DEL01-PR";"UOP03-DEL01-PR"
538845;2023-07-29;"sábado";"04:30:00";"PB";101;83,6;"BAYEUX";"Ausência de reação do condutor";"Saída de leito carroçável";"Com Vítimas Fatais";"Plena Noite";"Decrescente";"Céu Claro";"Dupla";"Reta";"Sim";1;1;0;0;0;0;0;1;-7,1337703;-34,92963914;"SPRF-PB";"DEL01-PB";"UOP01-DEL01-PB"
538846;2023-07-29;"sábado";"03:00:00";"GO";414;379;"COCALZINHO DE GOIAS";"Ingestão de álcool pelo condutor";"Saída de leito carroçável";"Com Vítimas Feridas";"Plena Noite";"Crescente";"Ignorado";"Simples";"Reta";"Não";1;0;0;1;0;0;1;1;-15,8369201;-48,77559308;"SPRF-GO";"DEL02-GO";"UOP01-DEL02-GO"
538847;2023-07-29;"sábado";"04:15:00";"MG";381;496;"BETIM";"Reação tardia ou ineficiente do condutor";"Colisão com objeto";"Sem Vítimas";"Plena Noite";"Crescente";"Céu Claro";"Simples";"Aclive;Reta";"Sim";1;0;0;0;0;1;0;1;-19,9744885;-44,1882537;"SPRF-MG";"DEL04-MG";"UOP03-DEL04-MG"
538848;2023-07-29;"sábado";"05:20:00";"RJ";101;486;"ANGRA DOS REIS";"Ingestão de substâncias psicoativas pelo condutor";"Colisão frontal";"Sem Vítimas";"Amanhecer";"Crescente";"Chuva";"Simples";"Reta";"Sim";2;0;0;0;2;0;0;2;-22,97708786;-44,29634653;"SPRF-RJ";"DEL03-RJ";"UOP03-DEL03-RJ"
538849;2023-07-29;"sábado";"05:24:00";"GO";20;2;"FORMOSA";"Ausência de reação do condutor";"Colisão com objeto";"Com Vítimas Feridas";"Plena Noite";"Crescente";"Céu Claro";"Simples";"Reta";"Sim";2;0;2;0;0;0;2;1;-15,533418;-47,25725347;"SPRF-DF";"DEL02-DF";"UOP02-DEL02-DF"
538850;2023-07-29;"sábado";"05:20:00";"SC";282;18,3;"PALHOCA";"Reação tardia ou ineficiente do condutor";"Colisão com objeto";"Com Vítimas Feridas";"Plena Noite";"Crescente";"Céu Claro";"Simples";"Desvio Temporário;Em Obras";"Sim";1;0;0;1;0;0;1;1;-27,672798;-48,694286;"SPRF-SC";"DEL01-SC";"UOP02-DEL01-SC"
538851;2023-07-29;"sábado";"01:41:00";"MG";365;806;"GURINHATA";"Condutor Dormindo";"Capotamento";"Sem Vítimas";"Plena Noite";"Crescente";"Céu Claro";"Simples";"Reta";"Não";1;0;0;0;0;1;0;1;-18,89576281;-49,96388398;"SPRF-MG";"DEL15-MG";"UOP03-DEL15-MG"
538853;2023-07-28;"sexta-feira";"14:30:00";"MG";365;501;"PATROCINIO";"Ausência de reação do condutor";"Saída de leito carroçável";"Com Vítimas Feridas";"Anoitecer";"Crescente";"Céu Claro";"Simples";"Declive";"Não";1;0;1;0;0;0;1;1;-18,95943174;-47,23721305;"SPRF-MG";"DEL10-MG";"UOP01-DEL10-MG"
538854;2023-07-29;"sábado";"01:38:00";"RO";364;342;"JI-PARANA";"Avarias e/ou desgaste excessivo no pneu";"Queda de ocupante de veículo";"Com Vítimas Feridas";"Plena Noite";"Decrescente";"Céu Claro";"Múltipla";"Reta";"Sim";1;0;0;1;0;0;1;1;-10,88381227;-61,93741416;"SPRF-RO";"DEL02-RO";"UOP01-DEL02-RO"
538857;2023-07-29;"sábado";"05:35:00";"AL";104;55,1;"BRANQUINHA";"Animais na Pista";"Atropelamento de Animal";"Com Vítimas Feridas";"Amanhecer";"Decrescente";"Céu Claro";"Simples";"Curva";"Não";2;0;2;0;0;0;2;1;-9,28242102;-35,96280407;"SPRF-AL";"DEL01-AL";"UOP02-DEL01-AL"
538863;2023-07-29;"sábado";"06:50:00";"MG";381;481,3;"CONTAGEM";"Ausência de reação do condutor";"Colisão lateral mesmo sentido";"Com Vítimas Feridas";"Pleno dia";"Decrescente";"Céu Claro";"Dupla";"Reta";"Sim";2;0;1;0;1;0;1;2;-19,95931561;-44,08825597;"SPRF-MG";"DEL01-MG";"UOP03-DEL01-MG"
538865;2023-07-29;"sábado";"07:18:00";"PR";277;716,8;"SANTA TEREZINHA DE ITAIPU";"Ausência de reação do condutor";"Saída de leito carroçável";"Sem Vítimas";"Amanhecer";"Crescente";"Céu Claro";"Dupla";"Reta";"Não";1;0;0;0;1;0;0;1;-25,47252277;-54,46707409;"SPRF-PR";"DEL05-PR";"UOP01-DEL05-PR"
538866;2023-07-29;"sábado";"03:10:00";"SC";470;171;"POUSO REDONDO";"Curva acentuada";"Saída de leito carroçável";"Com Vítimas Feridas";"Plena Noite";"Decrescente";"Nevoeiro/Neblina";"Dupla";"Declive;Curva";"Não";1;0;1;0;0;0;1;1;-27,260828;-49,900455;"SPRF-SC";"DEL04-SC";"UOP02-DEL04-SC"
538867;2023-07-29;"sábado";"06:20:00";"PR";376;168;"MARINGA";"Ausência de reação do condutor";"Saída de leito carroçável";"Com Vítimas Feridas";"Pleno dia";"Crescente";"Nevoeiro/Neblina";"Dupla";"Reta";"Sim";1;0;0;1;0;0;1;1;-23,409788;-51,987453;"SPRF-PR";"DEL09-PR";"UOP01-DEL09-PR"
538868;2023-07-29;"sábado";"06:00:00";"PR";277;112;"CAMPO LARGO";"Ausência de reação do condutor";"Saída de leito carroçável";"Com Vítimas Feridas";"Amanhecer";"Crescente";"Chuva";"Dupla";"Declive;Reta";"Sim";1;0;1;0;0;0;1;1;-25,446634;-49,474576;"SPRF-PR";"DEL03-PR";"UOP03-DEL03-PR"
538869;2023-07-29;"sábado";"06:00:00";"RN";304;24;"MOSSORO";"Ingestão de álcool pelo condutor";"Saída de leito carroçável";"Com Vítimas Feridas";"Amanhecer";"Crescente";"Céu Claro";"Dupla";"Rotatória";"Não";1;0;1;0;0;0;1;1;-5,06674946;-37,33105659;"SPRF-RN";"DEL04-RN";"UOP02-DEL04-RN"
538871;2023-07-29;"sábado";"06:30:00";"MS";262;486;"ANASTACIO";"Acostamento em desnível";"Tombamento";"Com Vítimas Feridas";"Amanhecer";"Decrescente";"Céu Claro";"Simples";"Reta";"Sim";1;0;1;0;0;0;1;1;-20,49896967;-55,78739397;"SPRF-MS";"DEL03-MS";"UOP01-DEL03-MS"
538873;2023-07-27;"quinta-feira";"22:20:00";"PI";0;0;"FLORIANO";"Pista Escorregadia";"Colisão lateral mesmo sentido";"Com Vítimas Feridas";"Plena Noite";"Não Informado";"Céu Claro";"Simples";"Reta";"Sim";4;0;1;0;3;0;1;2;-6,77115346;-43,0388779;"SPRF-PI";"DEL03-PI";"UOP01-DEL03-PI"
538874;2023-07-28;"sexta-feira";"20:00:00";"PE";232;409;"SERRA TALHADA";"Área urbana sem a presença de local apropriado para a travessia de pedestres";"Atropelamento de Pedestre";"Com Vítimas Feridas";"Plena Noite";"Decrescente";"Céu Claro";"Simples";"Reta";"Sim";2;0;1;0;1;0;1;2;-7,981944;-38,289467;"SPRF-PE";"DEL04-PE";"UOP01-DEL04-PE"
538875;2023-07-29;"sábado";"06:30:00";"GO";153;520;"HIDROLANDIA";"Ingestão de álcool pelo condutor";"Colisão traseira";"Sem Vítimas";"Amanhecer";"Crescente";"Céu Claro";"Dupla";"Reta;Aclive";"Sim";3;0;0;0;3;0;0;2;-16,8847;-49,254;"SPRF-GO";"DEL01-GO";"UOP03-DEL01-GO"
538876;2023-07-29;"sábado";"08:00:00";"RS";470;209;"BENTO GONCALVES";"Retorno proibido";"Colisão lateral mesmo sentido";"Com Vítimas Feridas";"Pleno dia";"Decrescente";"Céu Claro";"Simples";"Curva";"Não";2;0;1;0;1;0;1;2;-29,10894598;-51,54542236;"SPRF-RS";"DEL06-RS";"UOP01-DEL06-RS"
538878;2023-07-29;"sábado";"08:00:00";"RS";293;0,7;"PELOTAS";"Desrespeitar a preferência no cruzamento";"Colisão transversal";"Com Vítimas Feridas";"Pleno dia";"Decrescente";"Céu Claro";"Simples";"Rotatória";"Sim";2;0;1;0;1;0;1;2;-31,7579478;-52,35671997;"SPRF-RS";"DEL07-RS";"UOP01-DEL07-RS"
538880;2023-07-23;"domingo";"05:00:00";"RO";319;63;"PORTO VELHO";"Condutor desrespeitou a iluminação vermelha do semáforo";"Colisão transversal";"Sem Vítimas";"Amanhecer";"Decrescente";"Céu Claro";"Dupla";"Reta";"Sim";3;0;0;0;3;0;0;2;-8,75568189;-63,88652802;"SPRF-RO";"DEL01-RO";"UOP01-DEL01-RO"
538881;2023-07-29;"sábado";"07:14:00";"PI";316;8,5;"TERESINA";"Reação tardia ou ineficiente do condutor";"Colisão com objeto";"Sem Vítimas";"Pleno dia";"Crescente";"Céu Claro";"Dupla";"Viaduto";"Sim";1;0;0;0;0;1;0;1;-5,162407;-42,769965;"SPRF-PI";"DEL01-PI";"UOP02-DEL01-PI"
538884;2023-07-29;"sábado";"06:15:00";"BA";116;255;"TUCANO";"Reação tardia ou ineficiente do condutor";"Queda de ocupante de veículo";"Com Vítimas Fatais";"Amanhecer";"Crescente";"Céu Claro";"Simples";"Reta";"Não";2;1;0;1;0;0;1;1;-10,81449105;-38,8718131;"SPRF-BA";"DEL07-BA";"UOP02-DEL07-BA"
538887;2023-07-29;"sábado";"06:50:00";"MT";163;817;"SINOP";"Acessar a via sem observar a presença dos outros veículos";"Colisão transversal";"Com Vítimas Feridas";"Pleno dia";"Decrescente";"Céu Claro";"Simples";"Aclive;Reta";"Não";6;0;3;0;3;0;3;2;-12,14816701;-55,51381118;"SPRF-MT";"DEL06-MT";"UOP02-DEL06-MT"
538889;2023-07-29;"sábado";"08:30:00";"GO";20;147;"ALVORADA DO NORTE";"Retorno proibido";"Colisão transversal";"Com Vítimas Feridas";"Pleno dia";"Crescente";"Céu Claro";"Simples";"Reta";"Não";4;0;3;0;1;0;3;2;-14,725491;-46,651913;"SPRF-DF";"DEL02-DF";"UOP03-DEL02-DF"
538890;2023-07-29;"sábado";"09:40:00";"SP";116;545;"BARRA DO TURVO";"Reação tardia ou ineficiente do condutor";"Colisão com objeto";"Com Vítimas Feridas";"Pleno dia";"Crescente";"Garoa/Chuvisco";"Simples";"Declive;Curva";"Não";4;0;2;0;2;0;2;1;-24,95016699;-48,42400302;"SPRF-SP";"DEL05-SP";"UOP02-DEL05-SP"
538891;2023-07-29;"sábado";"08:00:00";"PI";316;4,3;"TERESINA";"Ausência de reação do condutor";"Colisão traseira";"Com Vítimas Feridas";"Pleno dia";"Crescente";"Céu Claro";"Múltipla";"Reta";"Sim";3;0;0;1;2;0;1;2;-5,13655894;-42,78900388;"SPRF-PI";"DEL01-PI";"UOP02-DEL01-PI"
538893;2023-07-29;"sábado";"09:45:00";"PI";343;1;"TERESINA";"Ausência de reação do condutor";"Queda de ocupante de veículo";"Com Vítimas Feridas";"Pleno dia";"Decrescente";"Céu Claro";"Múltipla";"Reta";"Não";1;0;0;1;0;0;1;1;-5,089569;-42,802288;"SPRF-PI";"DEL01-PI";"UOP01-DEL01-PI"
538894;2023-07-29;"sábado";"10:10:00";"GO";50;278,7;"CATALAO";"Acessar a via sem observar a presença dos outros veículos";"Colisão transversal";"Com Vítimas Feridas";"Pleno dia";"Crescente";"Céu Claro";"Simples";"Reta;Interseção de Vias";"Sim";3;0;1;0;2;0;1;2;-18,1739;-47,9289;"SPRF-GO";"DEL06-GO";"UOP01-DEL06-GO"
538895;2023-07-05;"quarta-feira";"12:00:00";"SC";116;93,2;"MONTE CASTELO";"Ultrapassagem Indevida";"Colisão frontal";"Com Vítimas Feridas";"Pleno dia";"Decrescente";"Céu Claro";"Simples";"Reta";"Não";5;0;3;0;2;0;3;3;-26,65724415;-50,27454781;"SPRF-SC";"DEL06-SC";"UOP02-DEL06-SC"
538896;2023-07-29;"sábado";"10:30:00";"SC";101;115,1;"ITAJAI";"Ausência de reação do condutor";"Colisão traseira";"Sem Vítimas";"Pleno dia";"Decrescente";"Céu Claro";"Dupla";"Reta";"Não";2;0;0;0;2;0;0;2;-26,87064015;-48,72954134;"SPRF-SC";"DEL04-SC";"UOP04-DEL04-SC"
538899;2023-07-29;"sábado";"11:10:00";"MG";40;788;"JUIZ DE FORA";"Ausência de reação do condutor";"Queda de ocupante de veículo";"Com Vítimas Feridas";"Pleno dia";"Decrescente";"Céu Claro";"Dupla";"Curva";"Não";1;0;0;1;0;0;1;1;-21,72733544;-43,4385309;"SPRF-MG";"DEL05-MG";"UOP01-DEL05-MG"
538900;2023-07-29;"sábado";"11:00:00";"PB";230;23;"JOAO PESSOA";"Velocidade Incompatível";"Colisão traseira";"Com Vítimas Feridas";"Pleno dia";"Crescente";"Céu Claro";"Dupla";"Aclive;Reta";"Sim";3;0;2;0;1;0;2;2;-7,1562;-34,8574;"SPRF-PB";"DEL01-PB";"UOP01-DEL01-PB"
538901;2023-07-29;"sábado";"10:40:00";"BA";324;517;"FEIRA DE SANTANA";"Acessar a via sem observar a presença dos outros veículos";"Colisão transversal";"Com Vítimas Feridas";"Pleno dia";"Decrescente";"Sol";"Simples";"Reta";"Sim";2;0;0;1;1;0;1;2;-12,25486164;-38,93245697;"SPRF-BA";"DEL02-BA";"UOP01-DEL02-BA"
538902;2023-07-29;"sábado";"11:00:00";"CE";222;4,4;"CAUCAIA";"Condutor deixou de manter distância do veículo da frente";"Colisão traseira";"Com Vítimas Feridas";"Pleno dia";"Crescente";"Céu Claro";"Múltipla";"Reta";"Sim";2;0;1;0;1;0;1;2;-3,74164754;-38,60449792;"SPRF-CE";"DEL01-CE";"UOP01-DEL01-CE"