"id";"data_inversa";"dia_semana";"horario";"uf";"br";"km";"municipio";"causa_acidente";"tipo_acidente";"classificacao_acidente";"fase_dia";"sentido_via";"condicao_metereologica";"tipo_pista";"tracado_via";"uso_solo";"pessoas";"mortos";"feridos_leves";"feridos_graves";"ilesos";"ignorados";"feridos";"veiculos";"latitude";"longitude";"regional";"delegacia";"uop"
538903;2023-07-29;"sábado";"08:30:00";"SC";116;106,3;"MONTE CASTELO";"Reação tardia ou ineficiente do condutor";"Saída de leito carroçável";"Com Vítimas Feridas";"Pleno dia";"Crescente";"Nublado";"Simples";"Curva";"Não";1;0;1;0;0;0;1;1;-26,75604307;-50,31916109;"SPRF-SC";"DEL06-SC";"UOP02-DEL06-SC"
538905;2023-07-29;"sábado";"11:10:00";"SC";101;120,1;"ITAJAI";"Ausência de reação do condutor";"Colisão traseira";"Com Vítimas Feridas";"Pleno dia";"Decrescente";"Céu Claro";"Dupla";"Reta";"Não";4;0;1;0;2;1;1;3;-26,912758;-48,711998;"SPRF-SC";"DEL04-SC";"UOP04-DEL04-SC"
538906;2023-07-29;"sábado";"11:30:00";"MG";381;484;"BETIM";"Ausência de reação do condutor";"Queda de ocupante de veículo";"Com Vítimas Feridas";"Pleno dia";"Crescente";"Céu Claro";"Simples";"Curva";"Sim";2;0;2;0;0;0;2;1;-19,95531717;-44,11722196;"SPRF-MG";"DEL01-MG";"UOP03-DEL01-MG"
538907;2023-07-29;"sábado";"11:25:00";"GO";40;19;"LUZIANIA";"Desrespeitar a preferência no cruzamento";"Colisão transversal";"Com Vítimas Feridas";"Pleno dia";"Decrescente";"Céu Claro";"Dupla";"Reta";"Sim";3;0;2;0;1;0;2;2;-16,201556;-47,921314;"SPRF-DF";"DEL01-DF";"UOP01-DEL01-DF"
538910;2023-07-29;"sábado";"11:53:00";"RS";470;155;"NOVA PRATA";"Acessar a via sem observar a presença dos outros veículos";"Colisão transversal";"Com Vítimas Feridas";"Pleno dia";"Crescente";"Céu Claro";"Simples";"Reta";"Não";2;0;1;0;1;0;1;2;-28,78243906;-51,61511825;"SPRF-RS";"DEL06-RS";"UOP02-DEL06-RS"
538911;2023-07-29;"sábado";"11:50:00";"SC";101;199;"BIGUACU";"Trafegar com motocicleta (ou similar) entre as faixas";"Colisão traseira";"Com Vítimas Feridas";"Pleno dia";"Crescente";"Sol";"Múltipla";"Reta";"Sim";4;0;1;0;3;0;1;3;-27,53413705;-48,63003205;"SPRF-SC";"DEL01-SC";"UOP01-DEL01-SC"
538912;2023-07-29;"sábado";"11:30:00";"RJ";393;163,5;"TRES RIOS";"Avarias e/ou desgaste excessivo no pneu";"Queda de ocupante de veículo";"Com Vítimas Feridas";"Pleno dia";"Decrescente";"Céu Claro";"Simples";"Curva";"Não";1;0;1;0;0;0;1;1;-22,11000315;-43,10975196;"SPRF-RJ";"DEL05-RJ";"UOP02-DEL05-RJ"
538913;2023-07-29;"sábado";"12:00:00";"MG";381;492;"BETIM";"Condutor deixou de manter distância do veículo da frente";"Colisão traseira";"Com Vítimas Feridas";"Pleno dia";"Crescente";"Céu Claro";"Simples";"Reta";"Sim";2;0;1;0;1;0;1;2;-19,97490091;-44,19004301;"SPRF-MG";"DEL01-MG";"UOP03-DEL01-MG"
538914;2023-07-29;"sábado";"11:40:00";"RS";471;172,4;"RIO PARDO";"Acessar a via sem observar a presença dos outros veículos";"Colisão transversal";"Com Vítimas Feridas";"Pleno dia";"Decrescente";"Sol";"Simples";"Declive";"Sim";5;0;3;0;1;1;3;2;-29,96665569;-52,36978769;"SPRF-RS";"DEL02-RS";"UOP03-DEL02-RS"
538916;2023-07-29;"sábado";"13:10:00";"SC";101;207,4;"SAO JOSE";"Velocidade Incompatível";"Colisão traseira";"Com Vítimas Feridas";"Pleno dia";"Crescente";"Céu Claro";"Múltipla";"Reta";"Sim";2;0;0;1;1;0;1;2;-27,60001226;-48,6226467;"SPRF-SC";"DEL01-SC";"UOP01-DEL01-SC"
538919;2023-07-29;"sábado";"12:00:00";"RJ";101;556;"PARATY";"Pista Escorregadia";"Colisão com objeto";"Com Vítimas Feridas";"Pleno dia";"Crescente";"Chuva";"Simples";"Curva";"Não";1;0;1;0;0;0;1;1;-23,08433215;-44,69666524;"SPRF-RJ";"DEL03-RJ";"UOP04-DEL03-RJ"
538921;2023-07-29;"sábado";"10:30:00";"BA";135;153;"BARREIRAS";"Ausência de reação do condutor";"Saída de leito carroçável";"Com Vítimas Feridas";"Pleno dia";"Decrescente";"Céu Claro";"Simples";"Reta";"Não";3;0;2;0;0;1;2;2;-11,96427225;-44,91491564;"SPRF-BA";"DEL08-BA";"UOP04-DEL08-BA"
538923;2023-07-29;"sábado";"10:15:00";"AM";174;936,1;"MANAUS";"Mal súbito do condutor";"Colisão com objeto";"Sem Vítimas";"Pleno dia";"Crescente";"Céu Claro";"Simples";"Reta";"Não";2;0;0;0;2;0;0;1;-2,521772;-60,037382;"SPRF-AM";"DEL01-AM";"UOP01-DEL01-AM"
538925;2023-07-25;"terça-feira";"13:45:00";"SC";116;5;"MAFRA";"Transitar na contramão";"Colisão frontal";"Com Vítimas Feridas";"Pleno dia";"Decrescente";"Sol";"Simples";"Reta";"Sim";2;0;1;0;1;0;1;2;-26,14094396;-49,81508303;"SPRF-SC";"DEL06-SC";"UOP01-DEL06-SC"
538926;2023-07-29;"sábado";"12:40:00";"SC";480;129;"CHAPECO";"Condutor usando celular";"Saída de leito carroçável";"Com Vítimas Feridas";"Pleno dia";"Decrescente";"Sol";"Simples";"Reta";"Sim";4;0;0;3;1;0;3;2;-27,04656607;-52,63577131;"SPRF-SC";"DEL07-SC";"UOP01-DEL07-SC"
538927;2023-07-29;"sábado";"12:40:00";"SP";116;228;"SAO PAULO";"Ausência de reação do condutor";"Colisão traseira";"Com Vítimas Feridas";"Pleno dia";"Crescente";"Céu Claro";"Múltipla";"Reta";"Sim";2;0;1;0;1;0;1;2;-23,50343484;-46,56638712;"SPRF-SP";"DEL01-SP";"UOP01-DEL01-SP"
538929;2023-07-29;"sábado";"12:00:00";"PR";277;65,1;"SAO JOSE DOS PINHAIS";"Velocidade Incompatível";"Colisão traseira";"Com Vítimas Fatais";"Pleno dia";"Decrescente";"Céu Claro";"Dupla";"Reta";"Sim";2;1;0;0;1;0;0;2;-25,55703867;-49,02612685;"SPRF-PR";"DEL01-PR";"UOP01-DEL01-PR"
538930;2023-07-29;"sábado";"09:30:00";"SC";116;189;"SAO CRISTOVAO DO SUL";"Ingestão de álcool pelo condutor";"Saída de leito carroçável";"Sem Vítimas";"Pleno dia";"Crescente";"Céu Claro";"Simples";"Reta;Declive";"Não";1;0;0;0;1;0;0;1;-27,3383609;-50,42769835;"SPRF-SC";"DEL05-SC";"UOP03-DEL05-SC"
538931;2023-07-29;"sábado";"13:20:00";"ES";101;263,9;"SERRA";"Manobra de mudança de faixa";"Colisão lateral mesmo sentido";"Com Vítimas Feridas";"Pleno dia";"Crescente";"Sol";"Dupla";"Reta";"Não";3;0;2;0;1;0;2;2;-20,17292791;-40,26736384;"SPRF-ES";"DEL02-ES";"UOP01-DEL02-ES"
538932;2023-07-29;"sábado";"13:00:00";"DF";70;1;"BRASILIA";"Condutor deixou de manter distância do veículo da frente";"Colisão lateral mesmo sentido";"Com Vítimas Feridas";"Pleno dia";"Decrescente";"Céu Claro";"Múltipla";"Reta";"Sim";3;0;1;1;1;0;2;3;-15,795264;-48,063801;"SPRF-DF";"DEL03-DF";"UOP02-DEL03-DF"
538934;2023-07-29;"sábado";"11:50:00";"AL";316;203;"MARIBONDO";"Reação tardia ou ineficiente do condutor";"Colisão transversal";"Com Vítimas Feridas";"Pleno dia";"Crescente";"Céu Claro";"Simples";"Reta";"Sim";2;0;0;1;1;0;1;2;-9,57623028;-36,30215685;"SPRF-AL";"DEL03-AL";"UOP01-DEL03-AL"
538935;2023-06-07;"quarta-feira";"12:30:00";"RJ";101;478;"ANGRA DOS REIS";"Reação tardia ou ineficiente do condutor";"Atropelamento de Pedestre";"Com Vítimas Feridas";"Pleno dia";"Crescente";"Sol";"Simples";"Reta";"Sim";3;0;2;0;1;0;2;2;-23,00246527;-44,27270594;"SPRF-RJ";"DEL03-RJ";"UOP03-DEL03-RJ"
538936;2023-07-29;"sábado";"08:40:00";"MG";116;643,5;"FERVEDOURO";"Acessar a via sem observar a presença dos outros veículos";"Colisão transversal";"Com Vítimas Feridas";"Pleno dia";"Decrescente";"Nublado";"Simples";"Reta";"Não";3;0;1;0;2;0;1;2;-20,672772;-42,26971;"SPRF-MG";"DEL07-MG";"UOP02-DEL07-MG"
538937;2023-07-29;"sábado";"12:20:00";"MT";163;53;"ITIQUIRA";"Condutor deixou de manter distância do veículo da frente";"Colisão traseira";"Sem Vítimas";"Pleno dia";"Decrescente";"Céu Claro";"Dupla";"Reta";"Não";2;0;0;0;2;0;0;2;-17,04799694;-54,76233766;"SPRF-MT";"DEL02-MT";"UOP03-DEL02-MT"
538939;2023-07-29;"sábado";"12:35:00";"RR";401;1;"BOA VISTA";"Desrespeitar a preferência no cruzamento";"Colisão transversal";"Com Vítimas Feridas";"Pleno dia";"Decrescente";"Céu Claro";"Múltipla";"Reta";"Sim";2;0;1;0;1;0;1;2;2,80229396;-60,68243402;"SPRF-RR";"DEL01-RR";"UOP01-DEL01-RR"
538940;2023-07-29;"sábado";"13:30:00";"PR";277;620;"CEU AZUL";"Ausência de reação do condutor";"Colisão com objeto";"Com Vítimas Feridas";"Pleno dia";"Decrescente";"Céu Claro";"Simples";"Desvio Temporário";"Não";4;0;1;0;3;0;1;1;-25,08307845;-53,71064083;"SPRF-PR";"DEL05-PR";"UOP02-DEL05-PR"
538941;2023-07-29;"sábado";"13:53:00";"RJ";40;110;"DUQUE DE CAXIAS";"Reação tardia ou ineficiente do condutor";"Colisão traseira";"Com Vítimas Feridas";"Pleno dia";"Decrescente";"Garoa/Chuvisco";"Múltipla";"Reta";"Sim";3;0;1;0;2;0;1;2;-22,68289906;-43,28549346;"SPRF-RJ";"DEL01-RJ";"UOP01-DEL01-RJ"
538943;2023-07-29;"sábado";"14:05:00";"RS";153;44,4;"ERECHIM";"Acessar a via sem observar a presença dos outros veículos";"Colisão transversal";"Com Vítimas Feridas";"Pleno dia";"Decrescente";"Céu Claro";"Simples";"Rotatória";"Não";2;0;1;0;1;0;1;2;-27,62184179;-52,23741531;"SPRF-RS";"DEL08-RS";"UOP04-DEL08-RS"
538944;2023-06-19;"segunda-feira";"14:00:00";"MG";116;160;"PADRE PARAISO";"Reação tardia ou ineficiente do condutor";"Tombamento";"Com Vítimas Feridas";"Pleno dia";"Crescente";"Sol";"Simples";"Reta";"Não";1;0;0;1;0;0;1;1;-16,93419597;-41,46276268;"SPRF-MG";"DEL11-MG";"UOP02-DEL11-MG"
538945;2023-07-29;"sábado";"11:30:00";"MT";163;514;"DIAMANTINO";"Demais falhas mecânicas ou elétricas";"Saída de leito carroçável";"Com Vítimas Feridas";"Pleno dia";"Crescente";"Céu Claro";"Simples";"Reta";"Não";1;0;1;0;0;0;1;1;-14,557899;-56,22228;"SPRF-MT";"DEL01-MT";"UOP01-DEL01-MT"
538946;2023-07-29;"sábado";"10:40:00";"RO";364;654;"CANDEIAS DO JAMARI";"Reação tardia ou ineficiente do condutor";"Colisão lateral mesmo sentido";"Sem Vítimas";"Pleno dia";"Decrescente";"Céu Claro";"Simples";"Reta";"Não";2;0;0;0;2;0;0;2;-8,88548799;-63,44026594;"SPRF-RO";"DEL01-RO";"UOP01-DEL01-RO"
538950;2023-07-29;"sábado";"13:50:00";"MG";381;521,5;"BRUMADINHO";"Reação tardia ou ineficiente do condutor";"Colisão com objeto";"Com Vítimas Feridas";"Pleno dia";"Decrescente";"Céu Claro";"Dupla";"Curva;Aclive";"Não";3;0;1;1;1;0;2;1;-20,13846621;-44,31715274;"SPRF-MG";"DEL04-MG";"UOP03-DEL04-MG"
538951;2023-07-29;"sábado";"08:26:00";"MT";364;251,5;"JUSCIMEIRA";"Reação tardia ou ineficiente do condutor";"Capotamento";"Com Vítimas Feridas";"Pleno dia";"Crescente";"Céu Claro";"Dupla";"Curva";"Não";1;0;1;0;0;0;1;1;-16,11396214;-54,85939336;"SPRF-MT";"DEL02-MT";"UOP01-DEL02-MT"
538952;2023-07-22;"sábado";"19:40:00";"RS";392;351;"SANTA MARIA";"Conversão proibida";"Colisão transversal";"Com Vítimas Feridas";"Plena Noite";"Crescente";"Céu Claro";"Dupla";"Em Obras;Interseção de Vias;Reta";"Sim";3;0;1;1;1;0;2;2;-29,7284269;-53,80323691;"SPRF-RS";"DEL09-RS";"UOP01-DEL09-RS"
538953;2023-07-29;"sábado";"15:00:00";"SP";116;34,6;"CACHOEIRA PAULISTA";"Ausência de reação do condutor";"Colisão com objeto";"Com Vítimas Feridas";"Pleno dia";"Decrescente";"Céu Claro";"Dupla";"Reta";"Não";1;0;1;0;0;0;1;1;-22,65447396;-44,95940103;"SPRF-SP";"DEL08-SP";"UOP02-DEL08-SP"
538956;2023-07-17;"segunda-feira";"18:30:00";"ES";101;237;"SERRA";"Reação tardia ou ineficiente do condutor";"Tombamento";"Com Vítimas Feridas";"Pleno dia";"Crescente";"Céu Claro";"Simples";"Interseção de Vias;Reta";"Não";1;0;1;0;0;0;1;1;-19,993072;-40,4141669;"SPRF-ES";"DEL02-ES";"UOP01-DEL02-ES"
538957;2023-07-29;"sábado";"08:12:00";"BA";324;593;"CANDEIAS";"Acostamento em desnível";"Colisão lateral mesmo sentido";"Com Vítimas Feridas";"Pleno dia";"Decrescente";"Céu Claro";"Dupla";"Reta";"Sim";2;0;1;0;1;0;1;2;-12,69890302;-38,46419428;"SPRF-BA";"DEL01-BA";"UOP01-DEL01-BA"
538959;2023-07-29;"sábado";"14:55:00";"SC";470;90;"ASCURRA";"Acessar a via sem observar a presença dos outros veículos";"Colisão transversal";"Com Vítimas Feridas";"Pleno dia";"Decrescente";"Céu Claro";"Simples";"Reta";"Não";3;0;0;1;2;0;1;2;-26,969337;-49,367718;"SPRF-SC";"DEL04-SC";"UOP01-DEL04-SC"
538960;2023-07-29;"sábado";"14:58:00";"MT";364;204;"RONDONOPOLIS";"Acessar a via sem observar a presença dos outros veículos";"Colisão transversal";"Com Vítimas Feridas";"Pleno dia";"Decrescente";"Sol";"Dupla";"Retorno Regulamentado;Reta";"Sim";2;0;1;0;1;0;1;2;-16,467325;-54,657196;"SPRF-MT";"DEL02-MT";"UOP01-DEL02-MT"
538961;2023-07-29;"sábado";"13:00:00";"MG";40;486;"ESMERALDAS";"Demais falhas mecânicas ou elétricas";"Incêndio";"Sem Vítimas";"Pleno dia";"Crescente";"Céu Claro";"Dupla";"Reta";"Sim";2;0;0;0;2;0;0;1;-19,59064511;-44,22670625;"SPRF-MG";"DEL02-MG";"UOP01-DEL02-MG"
538962;2023-07-29;"sábado";"11:00:00";"PE";407;48;"PETROLINA";"Condutor Dormindo";"Colisão com objeto";"Com Vítimas Feridas";"Pleno dia";"Crescente";"Sol";"Simples";"Reta";"Não";1;0;0;1;0;0;1;1;-8,79740558;-40,86708064;"SPRF-PE";"DEL06-PE";"UOP02-DEL06-PE"
538963;2023-07-29;"sábado";"13:44:00";"PI";343;207;"PIRIPIRI";"Avarias e/ou desgaste excessivo no pneu";"Queda de ocupante de veículo";"Com Vítimas Feridas";"Pleno dia";"Decrescente";"Céu Claro";"Simples";"Reta";"Não";2;0;2;0;0;0;2;1;-4,42261;-41,894409;"SPRF-PI";"DEL02-PI";"UOP01-DEL02-PI"
538964;2023-07-29;"sábado";"13:30:00";"MS";163;138;"NAVIRAI";"Reação tardia ou ineficiente do condutor";"Saída de leito carroçável";"Com Vítimas Feridas";"Pleno dia";"Crescente";"Nublado";"Simples";"Reta";"Não";2;0;2;0;0;0;2;1;-23,01078848;-54,32860009;"SPRF-MS";"DEL09-MS";"UOP01-DEL09-MS"
538966;2023-07-29;"sábado";"15:00:00";"PE";232;79;"GRAVATA";"Reação tardia ou ineficiente do condutor";"Atropelamento de Pedestre";"Com Vítimas Feridas";"Pleno dia";"Decrescente";"Sol";"Simples";"Reta";"Sim";2;0;0;1;1;0;1;2;-8,19460572;-35,56074803;"SPRF-PE";"DEL02-PE";"UOP02-DEL02PE"
538967;2023-07-29;"sábado";"11:30:00";"MT";364;573;"NOBRES";"Reação tardia ou ineficiente do condutor";"Capotamento";"Sem Vítimas";"Pleno dia";"Crescente";"Sol";"Dupla";"Curva;Declive";"Não";1;0;0;0;1;0;0;1;-14,70707506;-56,32215373;"SPRF-MT";"DEL01-MT";"UOP01-DEL01-MT"
538971;2023-07-29;"sábado";"15:30:00";"MS";262;327;"CAMPO GRANDE";"Ausência de reação do condutor";"Colisão traseira";"Com Vítimas Feridas";"Pleno dia";"Decrescente";"Sol";"Múltipla";"Reta";"Sim";2;0;1;0;1;0;1;2;-20,46657314;-54,54372903;"SPRF-MS";"DEL01-MS";"UOP01-DEL01-MS"
538972;2023-07-29;"sábado";"11:05:00";"RO";364;14;"VILHENA";"Manobra de mudança de faixa";"Colisão lateral mesmo sentido";"Com Vítimas Feridas";"Pleno dia";"Decrescente";"Céu Claro";"Dupla";"Interseção de Vias";"Sim";2;0;1;0;1;0;1;2;-12,73898138;-60,13911417;"SPRF-RO";"DEL04-RO";"UOP01-DEL04-RO"
538973;2023-07-29;"sábado";"16:20:00";"SP";116;204;"ARUJA";"Manobra de mudança de faixa";"Colisão lateral mesmo sentido";"Com Vítimas Feridas";"Pleno dia";"Decrescente";"Nublado";"Múltipla";"Reta";"Sim";3;0;1;0;2;0;1;2;-23,41236123;-46,35692496;"SPRF-SP";"DEL01-SP";"UOP01-DEL01-SP"
538974;2023-07-29;"sábado";"16:00:00";"DF";60;9;"BRASILIA";"Velocidade Incompatível";"Capotamento";"Com Vítimas Fatais";"Pleno dia";"Crescente";"Céu Claro";"Dupla";"Reta;Viaduto";"Não";4;1;3;0;0;0;3;1;-15,90803361;-48,14608097;"SPRF-DF";"DEL03-DF";"UOP01-DEL03-DF"
538977;2023-07-29;"sábado";"16:20:00";"SP";116;212;"GUARULHOS";"Reação tardia ou ineficiente do condutor";"Saída de leito carroçável";"Com Vítimas Feridas";"Anoitecer";"Crescente";"Nublado";"Múltipla";"Reta";"Sim";1;0;1;0;0;0;1;1;-23,438314;-46,434124;"SPRF-SP";"DEL01-SP";"UOP01-DEL01-SP"
538978;2023-07-29;"sábado";"14:49:00";"MG";381;441;"SABARA";"Condutor deixou de manter distância do veículo da frente";"Engavetamento";"Com Vítimas Feridas";"Pleno dia";"Crescente";"Céu Claro";"Simples";"Aclive;Curva";"Sim";5;0;2;0;3;0;2;3;-19,81604176;-43,80389901;"SPRF-MG";"DEL01-MG";"UOP01-DEL01-MG"
538979;2023-07-29;"sábado";"17:00:00";"ES";101;271;"SERRA";"Reação tardia ou ineficiente do condutor";"Colisão traseira";"Com Vítimas Feridas";"Anoitecer";"Crescente";"Nublado";"Dupla";"Reta";"Sim";4;0;2;0;2;0;2;2;-20,23059009;-40,27952671;"SPRF-ES";"DEL02-ES";"UOP01-DEL02-ES"
538980;2023-07-29;"sábado";"16:30:00";"ES";262;138;"BREJETUBA";"Demais falhas na via";"Capotamento";"Com Vítimas Feridas";"Pleno dia";"Crescente";"Nublado";"Simples";"Reta";"Não";5;0;5;0;0;0;5;1;-20,23406291;-41,35253988;"SPRF-ES";"DEL01-ES";"UOP02-DEL01-ES"
538981;2023-07-29;"sábado";"16:30:00";"ES";262;88,9;"DOMINGOS MARTINS";"Conversão proibida";"Colisão transversal";"Com Vítimas Feridas";"Pleno dia";"Crescente";"Nublado";"Simples";"Aclive;Curva";"Não";3;0;2;0;1;0;2;2;-20,39120365;-41,0098457;"SPRF-ES";"DEL01-ES";"UOP02-DEL01-ES"
538982;2023-07-29;"sábado";"16:35:00";"PR";369;410,2;"JURANDA";"Manobra de mudança de faixa";"Saída de leito carroçável";"Com Vítimas Feridas";"Pleno dia";"Decrescente";"Céu Claro";"Simples";"Declive;Reta";"Não";3;0;0;3;0;0;3;1;-24,3392;-52,7076;"SPRF-PR";"DEL04-PR";"UOP03-DEL04-PR"
538983;2023-07-29;"sábado";"15:50:00";"RJ";116;97;"GUAPIMIRIM";"Acumulo de areia ou detritos sobre o pavimento";"Queda de ocupante de veículo";"Com Vítimas Feridas";"Pleno dia";"Crescente";"Chuva";"Dupla";"Declive;Curva";"Sim";1;0;1;0;0;0;1;1;-22,47811419;-42,99603471;"SPRF-RJ";"DEL04-RJ";"UOP01-DEL04-RJ"
538985;2023-07-29;"sábado";"16:30:00";"GO";60;309;"ACREUNA";"Ausência de reação do condutor";"Capotamento";"Com Vítimas Feridas";"Anoitecer";"Crescente";"Céu Claro";"Dupla";"Reta";"Não";3;0;0;3;0;0;3;1;-17,4097;-50,4044;"SPRF-GO";"DEL04-GO";"UOP02-DEL04-GO"
538986;2023-07-29;"sábado";"16:00:00";"GO";40;12,8;"LUZIANIA";"Acessar a via sem observar a presença dos outros veículos";"Colisão transversal";"Com Vítimas Feridas";"Pleno dia";"Crescente";"Sol";"Dupla";"Reta;Retorno Regulamentado";"Sim";3;0;2;0;1;0;2;2;-16,15030708;-47,94061303;"SPRF-DF";"DEL01-DF";"UOP01-DEL01-DF"
538987;2023-07-29;"sábado";"16:50:00";"PR";376;180;"MARINGA";"Acessar a via sem observar a presença dos outros veículos";"Colisão traseira";"Com Vítimas Feridas";"Pleno dia";"Decrescente";"Céu Claro";"Dupla";"Rotatória";"Sim";6;0;3;0;3;0;3;2;-23,43127936;-51,88774042;"SPRF-PR";"DEL09-PR";"UOP01-DEL09-PR"
538988;2023-07-29;"sábado";"17:30:00";"DF";60;13,5;"BRASILIA";"Ausência de reação do condutor";"Engavetamento";"Com Vítimas Feridas";"Anoitecer";"Crescente";"Nublado";"Dupla";"Reta";"Sim";5;0;1;0;4;0;1;3;-15,926557;-48,166969;"SPRF-DF";"DEL03-DF";"UOP01-DEL03-DF"
538989;2023-07-29;"sábado";"15:57:00";"PE";101;53,2;"PAULISTA";"Ultrapassagem Indevida";"Colisão lateral mesmo sentido";"Com Vítimas Feridas";"Pleno dia";"Decrescente";"Céu Claro";"Simples";"Curva";"Sim";2;0;1;0;1;0;1;2;-7,93124094;-34,90068606;"SPRF-PE";"DEL01-PE";"UOP02-DEL01-PE"
538990;2023-07-29;"sábado";"15:00:00";"ES";101;66;"SAO MATEUS";"Acessar a via sem observar a presença dos outros veículos";"Colisão transversal";"Com Vítimas Feridas";"Pleno dia";"Crescente";"Nublado";"Dupla";"Reta";"Sim";3;0;1;0;1;1;1;3;-18,7165195;-39,87436378;"SPRF-ES";"DEL04-ES";"UOP02-DEL04-ES"
538992;2023-07-29;"sábado";"17:12:00";"GO";70;5;"AGUAS LINDAS DE GOIAS";"Ingestão de álcool pelo condutor";"Saída de leito carroçável";"Com Vítimas Feridas";"Anoitecer";"Crescente";"Céu Claro";"Múltipla";"Reta";"Não";4;0;3;0;0;1;3;2;-15,75683677;-48,25464732;"SPRF-DF";"DEL03-DF";"UOP02-DEL03-DF"
538993;2023-07-29;"sábado";"17:30:00";"MG";381;6,8;"BETIM";"Ausência de reação do condutor";"Saída de leito carroçável";"Com Vítimas Feridas";"Anoitecer";"Crescente";"Céu Claro";"Dupla";"Reta";"Sim";1;0;1;0;0;0;1;1;-19,98817085;-44,19718266;"SPRF-MG";"DEL01-MG";"UOP03-DEL01-MG"
538994;2023-07-29;"sábado";"14:20:00";"PB";230;20;"JOAO PESSOA";"Ausência de reação do condutor";"Colisão traseira";"Com Vítimas Feridas";"Pleno dia";"Crescente";"Sol";"Dupla";"Aclive;Reta";"Sim";2;0;0;1;0;1;1;2;-7,1337;-34,8544;"SPRF-PB";"DEL01-PB";"UOP01-DEL01-PB"
538995;2023-07-29;"sábado";"18:20:00";"SC";470;125;"LONTRAS";"Acessar a via sem observar a presença dos outros veículos";"Colisão transversal";"Com Vítimas Feridas";"Plena Noite";"Crescente";"Céu Claro";"Simples";"Reta;Declive";"Não";4;0;0;1;3;0;1;2;-27,12125058;-49,53540087;"SPRF-SC";"DEL04-SC";"UOP02-DEL04-SC"
538997;2023-07-29;"sábado";"18:40:00";"CE";116;10;"FORTALEZA";"Manobra de mudança de faixa";"Colisão lateral mesmo sentido";"Com Vítimas Feridas";"Anoitecer";"Crescente";"Céu Claro";"Múltipla";"Reta";"Sim";2;0;1;0;0;1;1;2;-3,83603805;-38,5027281;"SPRF-CE";"DEL01-CE";"UOP02-DEL01-CE"
538998;2023-07-29;"sábado";"18:20:00";"RJ";101;209;"CASIMIRO DE ABREU";"Chuva";"Tombamento";"Com Vítimas Feridas";"Plena Noite";"Decrescente";"Chuva";"Dupla";"Curva";"Sim";2;0;2;0;0;0;2;1;-22,48133694;-42,22930101;"SPRF-RJ";"DEL08-RJ";"UOP04-DEL08-RJ"
538999;2023-07-29;"sábado";"18:50:00";"SC";470;124;"LONTRAS";"Ausência de reação do condutor";"Colisão traseira";"Com Vítimas Feridas";"Plena Noite";"Crescente";"Céu Claro";"Simples";"Reta;Declive";"Não";6;0;2;0;4;0;2;2;-27,11934074;-49,53430653;"SPRF-SC";"DEL04-SC";"UOP02-DEL04-SC"
539000;2023-07-29;"sábado";"19:15:00";"MG";116;764,9;"LEOPOLDINA";"Desrespeitar a preferência no cruzamento";"Colisão transversal";"Com Vítimas Feridas";"Plena Noite";"Crescente";"Chuva";"Múltipla";"Interseção de Vias";"Não";2;0;0;1;1;0;1;2;-21,5197389;-42,6491103;"SPRF-MG";"DEL07-MG";"UOP01-DEL07-MG"
539001;2023-07-29;"sábado";"19:00:00";"PR";369;154,5;"LONDRINA";"Ingestão de álcool pelo condutor";"Colisão traseira";"Com Vítimas Feridas";"Plena Noite";"Crescente";"Céu Claro";"Dupla";"Reta";"Sim";2;0;1;0;1;0;1;2;-23,297306;-51,201693;"SPRF-PR";"DEL07-PR";"UOP01-DEL07-PR"
539002;2023-07-29;"sábado";"17:25:00";"PR";277;4;"FOZ DO IGUACU";"Velocidade Incompatível";"Colisão traseira";"Com Vítimas Feridas";"Pleno dia";"Crescente";"Céu Claro";"Dupla";"Reta";"Sim";2;0;0;2;0;0;2;2;-25,5469;-54,5882;"SPRF-PR";"DEL05-PR";"UOP03-DEL05-PR"
539003;2023-07-29;"sábado";"18:30:00";"PE";101;124;"ESCADA";"Conversão proibida";"Colisão transversal";"Com Vítimas Fatais";"Plena Noite";"Decrescente";"Céu Claro";"Dupla";"Retorno Regulamentado;Reta";"Sim";6;1;2;1;2;0;3;2;-8,361745;-35,213108;"SPRF-PE";"DEL01-PE";"UOP03-DEL01-PE"
539004;2023-06-14;"quarta-feira";"10:02:00";"MG";153;56;"MONTE ALEGRE DE MINAS";"Ausência de reação do condutor";"Colisão com objeto";"Sem Vítimas";"Pleno dia";"Decrescente";"Céu Claro";"Dupla";"Retorno Regulamentado";"Não";2;0;0;0;1;1;0;2;-18,86514031;-49,06925029;"SPRF-MG";"DEL15-MG";"UOP03-DEL15-MG"
539005;2023-07-29;"sábado";"19:15:00";"RS";392;720;"PORTO XAVIER";"Desrespeitar a preferência no cruzamento";"Colisão transversal";"Com Vítimas Feridas";"Plena Noite";"Crescente";"Céu Claro";"Simples";"Reta";"Sim";2;0;0;1;1;0;1;2;-27,91875749;-55,13707638;"SPRF-RS";"DEL10-RS";"UOP01-DEL10-RS"
539006;2023-07-29;"sábado";"18:35:00";"MT";163;816,5;"SINOP";"Acessar a via sem observar a presença dos outros veículos";"Colisão transversal";"Com Vítimas Feridas";"Plena Noite";"Crescente";"Nublado";"Simples";"Reta";"Sim";3;0;1;0;2;0;1;2;-12,026;-55,517;"SPRF-MT";"DEL06-MT";"UOP02-DEL06-MT"