"id";"data_inversa";"dia_semana";"horario";"uf";"br";"km";"municipio";"causa_acidente";"tipo_acidente";"classificacao_acidente";"fase_dia";"sentido_via";"condicao_metereologica";"tipo_pista";"tracado_via";"uso_solo";"pessoas";"mortos";"feridos_leves";"feridos_graves";"ilesos";"ignorados";"feridos";"veiculos";"latitude";"longitude";"regional";"delegacia";"uop"
539008;2023-07-29;"sábado";"14:46:00";"AM";230;670;"HUMAITA";"Ausência de reação do condutor";"Colisão frontal";"Com Vítimas Feridas";"Pleno dia";"Crescente";"Céu Claro";"Simples";"Reta";"Não";2;0;0;1;1;0;1;2;-7,5219464;-63,346455;"SPRF-AM";"DEL01-AM";"UOP05-DEL01-AM"
539009;2023-07-29;"sábado";"18:44:00";"PE";423;71,7;"JUPI";"Transitar na contramão";"Colisão frontal";"Com Vítimas Fatais";"Plena Noite";"Crescente";"Garoa/Chuvisco";"Simples";"Aclive";"Não";3;1;1;1;0;0;2;2;-8,69250589;-36,41166726;"SPRF-PE";"DEL03-PE";"UOP01-DEL03-PE"
539011;2023-07-29;"sábado";"18:27:00";"RN";304;38;"MOSSORO";"Pedestre andava na pista";"Atropelamento de Pedestre";"Com Vítimas Fatais";"Plena Noite";"Crescente";"Céu Claro";"Dupla";"Reta";"Sim";2;1;0;0;1;0;0;2;-5,18138457;-37,36832252;"SPRF-RN";"DEL04-RN";"UOP02-DEL04-RN"
539013;2023-06-29;"quinta-feira";"20:50:00";"ES";259;89;"BAIXO GUANDU";"Reação tardia ou ineficiente do condutor";"Colisão traseira";"Com Vítimas Feridas";"Plena Noite";"Crescente";"Céu Claro";"Simples";"Declive;Curva";"Não";4;0;1;1;0;2;2;3;-19,51968535;-40,90760032;"SPRF-ES";"DEL02-ES";"UOP01-DEL02-ES"
539014;2023-07-29;"sábado";"19:40:00";"PB";230;149;"CAMPINA GRANDE";"Condutor deixou de manter distância do veículo da frente";"Colisão traseira";"Sem Vítimas";"Plena Noite";"Crescente";"Vento";"Simples";"Reta";"Não";3;0;0;0;0;3;0;3;-7,243;-35,8709;"SPRF-PB";"DEL02-PB";"UOP01-DEL02-PB"
539015;2023-07-29;"sábado";"19:30:00";"GO";40;7,5;"VALPARAISO DE GOIAS";"Entrada inopinada do pedestre";"Atropelamento de Pedestre";"Com Vítimas Feridas";"Plena Noite";"Crescente";"Céu Claro";"Dupla";"Reta;Declive";"Sim";2;0;0;1;1;0;1;2;-16,108482;-47,972524;"SPRF-DF";"DEL01-DF";"UOP01-DEL01-DF"
539016;2023-07-29;"sábado";"19:40:00";"PR";376;221;"JANDAIA DO SUL";"Condutor deixou de manter distância do veículo da frente";"Colisão traseira";"Com Vítimas Feridas";"Plena Noite";"Crescente";"Céu Claro";"Simples";"Reta;Aclive";"Não";4;0;1;0;3;0;1;2;-23,60010259;-51,58966138;"SPRF-PR";"DEL09-PR";"UOP01-DEL09-PR"
539017;2023-07-29;"sábado";"18:40:00";"MG";381;526,5;"BRUMADINHO";"Chuva";"Colisão com objeto";"Com Vítimas Feridas";"Plena Noite";"Crescente";"Chuva";"Dupla";"Declive;Curva";"Não";2;0;1;0;1;0;1;1;-20,16175378;-44,34144636;"SPRF-MG";"DEL04-MG";"UOP03-DEL04-MG"
539018;2023-07-29;"sábado";"19:20:00";"RJ";116;193;"QUEIMADOS";"Ausência de reação do condutor";"Engavetamento";"Com Vítimas Feridas";"Plena Noite";"Crescente";"Céu Claro";"Dupla";"Reta";"Não";6;0;1;0;5;0;1;3;-22,73960178;-43,52859094;"SPRF-RJ";"DEL01-RJ";"UOP02-DEL01-RJ"
539019;2023-07-29;"sábado";"18:45:00";"RJ";116;193,9;"NOVA IGUACU";"Entrada inopinada do pedestre";"Atropelamento de Pedestre";"Com Vítimas Fatais";"Plena Noite";"Decrescente";"Céu Claro";"Dupla";"Reta";"Sim";2;1;0;0;1;0;0;2;-22,73960178;-43,52859094;"SPRF-RJ";"DEL01-RJ";"UOP02-DEL01-RJ"
539020;2023-07-29;"sábado";"20:00:00";"MG";40;502,5;"ESMERALDAS";"Acessar a via sem observar a presença dos outros veículos";"Colisão traseira";"Com Vítimas Feridas";"Plena Noite";"Crescente";"Céu Claro";"Dupla";"Declive;Reta;Retorno Regulamentado";"Não";5;0;1;0;4;0;1;2;-19,715868;-44,160118;"SPRF-MG";"DEL02-MG";"UOP01-DEL02-MG"
539022;2023-07-29;"sábado";"19:20:00";"SC";470;10,5;"NAVEGANTES";"Ausência de reação do condutor";"Colisão traseira";"Com Vítimas Feridas";"Plena Noite";"Decrescente";"Nublado";"Dupla";"Reta";"Sim";3;0;0;1;2;0;1;2;-26,833693;-48,73724;"SPRF-SC";"DEL04-SC";"UOP04-DEL04-SC"
539023;2023-07-29;"sábado";"19:45:00";"SE";235;5,2;"NOSSA SENHORA DO SOCORRO";"Reação tardia ou ineficiente do condutor";"Colisão traseira";"Com Vítimas Feridas";"Plena Noite";"Decrescente";"Céu Claro";"Dupla";"Aclive;Reta";"Sim";2;0;1;0;0;1;1;2;-10,9041;-37,1278;"SPRF-SE";"DEL01-SE";"UOP01-DEL01-SE"
539024;2023-07-29;"sábado";"19:00:00";"SC";101;367,3;"ICARA";"Ingestão de substâncias psicoativas pelo condutor";"Colisão com objeto";"Sem Vítimas";"Plena Noite";"Crescente";"Céu Claro";"Dupla";"Curva";"Não";1;0;0;0;1;0;0;1;-28,69701793;-49,17849541;"SPRF-SC";"DEL02-SC";"UOP01-DEL02-SC"
539025;2023-07-29;"sábado";"19:10:00";"SC";101;371,8;"ICARA";"Ausência de reação do condutor";"Saída de leito carroçável";"Com Vítimas Feridas";"Pleno dia";"Crescente";"Céu Claro";"Dupla";"Curva";"Não";2;0;1;0;1;0;1;1;-28,70403682;-49,2008731;"SPRF-SC";"DEL02-SC";"UOP01-DEL02-SC"
539026;2023-07-15;"sábado";"22:15:00";"ES";101;207,9;"IBIRACU";"Avarias e/ou desgaste excessivo no pneu";"Colisão lateral mesmo sentido";"Com Vítimas Feridas";"Plena Noite";"Crescente";"Céu Claro";"Dupla";"Declive;Curva";"Não";2;0;2;0;0;0;2;1;-19,77204724;-40,37105854;"SPRF-ES";"DEL02-ES";"UOP01-DEL02-ES"
539027;2023-07-29;"sábado";"19:20:00";"RR";174;1;"BOA VISTA";"Condutor deixou de manter distância do veículo da frente";"Colisão traseira";"Com Vítimas Feridas";"Plena Noite";"Crescente";"Céu Claro";"Simples";"Reta";"Não";3;0;1;0;2;0;1;2;2,87637216;-60,69804668;"SPRF-RR";"DEL01-RR";"UOP01-DEL01-RR"
539028;2023-07-29;"sábado";"18:30:00";"PE";110;102;"SERTANIA";"Avarias e/ou desgaste excessivo no pneu";"Tombamento";"Com Vítimas Feridas";"Plena Noite";"Decrescente";"Céu Claro";"Simples";"Reta";"Não";2;0;2;0;0;0;2;1;-8,39309433;-37,33296975;"SPRF-PE";"DEL04-PE";"UOP02-DEL04-PE"
539029;2023-07-29;"sábado";"18:28:00";"RO";364;8;"VILHENA";"Reação tardia ou ineficiente do condutor";"Colisão lateral mesmo sentido";"Com Vítimas Feridas";"Plena Noite";"Decrescente";"Céu Claro";"Simples";"Reta;Interseção de Vias";"Sim";3;0;1;0;2;0;1;2;-12,76679409;-60,09631128;"SPRF-RO";"DEL04-RO";"UOP01-DEL04-RO"
539031;2023-07-29;"sábado";"17:40:00";"PI";316;101;"BARRO DURO";"Ingestão de álcool pelo condutor";"Colisão com objeto";"Sem Vítimas";"Anoitecer";"Decrescente";"Céu Claro";"Simples";"Ponte";"Não";1;0;0;0;1;0;0;1;-5,83803464;-42,47945107;"SPRF-PI";"DEL04-PI";"UOP02-DEL04-PI"
539032;2023-07-29;"sábado";"20:00:00";"BA";415;49;"ITABUNA";"Ingestão de álcool pelo condutor";"Colisão traseira";"Com Vítimas Feridas";"Plena Noite";"Decrescente";"Céu Claro";"Simples";"Curva;Aclive";"Sim";2;0;1;0;1;0;1;2;-14,82160238;-39,30908203;"SPRF-BA";"DEL05-BA";"UOP01-DEL05-BA"
539033;2023-07-29;"sábado";"19:30:00";"SC";101;38,7;"JOINVILLE";"Desrespeitar a preferência no cruzamento";"Colisão transversal";"Com Vítimas Feridas";"Plena Noite";"Decrescente";"Nublado";"Simples";"Rotatória;Interseção de Vias;Viaduto";"Sim";2;0;1;0;1;0;1;2;-26,25472505;-48,90561309;"SPRF-SC";"DEL03-SC";"UOP01-DEL03-SC"
539034;2023-07-29;"sábado";"20:45:00";"BA";407;1;"JUAZEIRO";"Transitar no Acostamento";"Colisão transversal";"Com Vítimas Feridas";"Plena Noite";"Crescente";"Céu Claro";"Simples";"Reta";"Sim";2;0;1;0;1;0;1;2;-9,41845604;-40,50725978;"SPRF-PE";"DEL06-PE";"UOP01-DEL06-PE"
539035;2023-07-29;"sábado";"17:25:00";"SC";470;123;"IBIRAMA";"Ausência de reação do condutor";"Saída de leito carroçável";"Com Vítimas Feridas";"Anoitecer";"Crescente";"Céu Claro";"Simples";"Reta";"Não";1;0;1;0;0;0;1;1;-27,106783;-49,522049;"SPRF-SC";"DEL04-SC";"UOP02-DEL04-SC"
539036;2023-07-29;"sábado";"15:30:00";"PE";101;43;"IGARASSU";"Reação tardia ou ineficiente do condutor";"Colisão traseira";"Com Vítimas Feridas";"Pleno dia";"Crescente";"Céu Claro";"Dupla";"Reta";"Sim";2;0;1;0;1;0;1;2;-7,84753808;-34,90977038;"SPRF-PE";"DEL01-PE";"UOP02-DEL01-PE"
539037;2023-07-29;"sábado";"21:00:00";"PR";277;586,8;"CASCAVEL";"Acessar a via sem observar a presença dos outros veículos";"Queda de ocupante de veículo";"Com Vítimas Feridas";"Plena Noite";"Decrescente";"Nublado";"Simples";"Reta";"Sim";3;0;1;0;2;0;1;1;-24,9649472;-53,4210459;"SPRF-PR";"DEL04-PR";"UOP01-DEL04-PR"
539039;2023-07-29;"sábado";"20:40:00";"RS";285;322;"CARAZINHO";"Reação tardia ou ineficiente do condutor";"Saída de leito carroçável";"Com Vítimas Feridas";"Plena Noite";"Decrescente";"Céu Claro";"Simples";"Reta";"Não";1;0;1;0;0;0;1;1;-28,26931095;-52,6725769;"SPRF-RS";"DEL08-RS";"UOP03-DEL08-RS"
539040;2023-07-29;"sábado";"21:30:00";"SP";116;150,5;"SAO JOSE DOS CAMPOS";"Entrada inopinada do pedestre";"Atropelamento de Pedestre";"Com Vítimas Fatais";"Plena Noite";"Crescente";"Céu Claro";"Dupla";"Reta";"Sim";2;1;0;0;1;0;0;2;-23,22620401;-45,90682999;"SPRF-SP";"DEL02-SP";"UOP01-DEL02-SP"
539043;2023-07-29;"sábado";"19:30:00";"SC";282;101;"ALFREDO WAGNER";"Ingestão de álcool pelo condutor";"Saída de leito carroçável";"Sem Vítimas";"Plena Noite";"Crescente";"Céu Claro";"Simples";"Curva";"Não";1;0;0;0;0;1;0;1;-27,694626;-49,305317;"SPRF-SC";"DEL01-SC";"UOP03-DEL01-SC"
539044;2023-07-29;"sábado";"21:10:00";"PR";272;368,4;"CAMPO MOURAO";"Animais na Pista";"Atropelamento de Animal";"Com Vítimas Feridas";"Plena Noite";"Crescente";"Céu Claro";"Dupla";"Reta";"Sim";2;0;2;0;0;0;2;1;-24,05475193;-52,41061403;"SPRF-PR";"DEL09-PR";"UOP03-DEL09-PR"
539045;2023-07-29;"sábado";"22:00:00";"RS";392;19,8;"RIO GRANDE";"Animais na Pista";"Atropelamento de Animal";"Com Vítimas Feridas";"Plena Noite";"Crescente";"Céu Claro";"Dupla";"Reta";"Sim";2;0;1;0;1;0;1;1;-32,0879243;-52,18669807;"SPRF-RS";"DEL07-RS";"UOP02-DEL07-RS"
539046;2023-07-29;"sábado";"21:45:00";"PI";343;21,9;"PARNAIBA";"Reação tardia ou ineficiente do condutor";"Colisão com objeto";"Com Vítimas Feridas";"Plena Noite";"Crescente";"Céu Claro";"Simples";"Reta";"Sim";2;0;0;2;0;0;2;2;-2,990041;-41,764046;"SPRF-PI";"DEL05-PI";"UOP01-DEL05-PI"
539047;2023-07-29;"sábado";"16:30:00";"RS";116;215,6;"MORRO REUTER";"Transitar na contramão";"Colisão lateral sentido oposto";"Com Vítimas Feridas";"Pleno dia";"Decrescente";"Céu Claro";"Simples";"Declive;Curva";"Não";2;0;0;1;1;0;1;2;-29,53533417;-51,08499002;"SPRF-RS";"DEL05-RS";"UOP02-DEL05-RS"
539048;2023-07-29;"sábado";"21:40:00";"RS";285;303;"PASSO FUNDO";"Reação tardia ou ineficiente do condutor";"Saída de leito carroçável";"Com Vítimas Feridas";"Plena Noite";"Crescente";"Céu Claro";"Simples";"Declive;Interseção de Vias;Viaduto;Ponte";"Sim";1;0;1;0;0;0;1;1;-28,22723472;-52,47945786;"SPRF-RS";"DEL08-RS";"UOP03-DEL08-RS"
539049;2023-07-29;"sábado";"22:08:00";"SP";116;225;"GUARULHOS";"Ingestão de álcool pelo condutor";"Colisão com objeto";"Sem Vítimas";"Plena Noite";"Decrescente";"Nublado";"Dupla";"Reta";"Sim";1;0;0;0;1;0;0;1;-23,48586772;-46,54075317;"SPRF-SP";"DEL01-SP";"UOP01-DEL01-SP"
539050;2023-07-29;"sábado";"22:00:00";"GO";50;280;"CATALAO";"Acessar a via sem observar a presença dos outros veículos";"Colisão transversal";"Com Vítimas Feridas";"Plena Noite";"Crescente";"Céu Claro";"Simples";"Aclive;Reta";"Não";2;0;1;0;1;0;1;2;-18,18222466;-47,94105291;"SPRF-GO";"DEL06-GO";"UOP01-DEL06-GO"
539052;2023-07-29;"sábado";"23:00:00";"BA";415;47;"ITABUNA";"Velocidade Incompatível";"Capotamento";"Com Vítimas Feridas";"Plena Noite";"Decrescente";"Céu Claro";"Simples";"Reta";"Sim";2;0;1;0;0;1;1;2;-14,81562811;-39,29878235;"SPRF-BA";"DEL05-BA";"UOP01-DEL05-BA"
539053;2023-07-29;"sábado";"23:10:00";"DF";70;11;"BRASILIA";"Velocidade Incompatível";"Capotamento";"Com Vítimas Feridas";"Plena Noite";"Crescente";"Céu Claro";"Dupla";"Reta";"Sim";3;0;2;0;1;0;2;1;-15,789762;-48,148727;"SPRF-DF";"DEL03-DF";"UOP02-DEL03-DF"
539054;2023-07-29;"sábado";"22:45:00";"PI";343;338;"TERESINA";"Ingestão de álcool pelo condutor";"Saída de leito carroçável";"Com Vítimas Feridas";"Plena Noite";"Decrescente";"Ignorado";"Múltipla";"Reta";"Sim";1;0;1;0;0;0;1;1;-5,063362;-42,722912;"SPRF-PI";"DEL01-PI";"UOP01-DEL01-PI"
539055;2023-07-29;"sábado";"23:00:00";"MA";135;7;"SAO LUIS";"Acessar a via sem observar a presença dos outros veículos";"Colisão transversal";"Sem Vítimas";"Plena Noite";"Decrescente";"Céu Claro";"Dupla";"Reta;Interseção de Vias;Rotatória";"Não";2;0;0;0;1;1;0;2;-2,63608835;-44,26848552;"SPRF-MA";"DEL01-MA";"UOP01-DEL01-MA"
539056;2023-07-29;"sábado";"21:50:00";"RJ";40;107;"DUQUE DE CAXIAS";"Ausência de reação do condutor";"Colisão frontal";"Com Vítimas Feridas";"Plena Noite";"Crescente";"Chuva";"Dupla";"Reta";"Sim";2;0;2;0;0;0;2;2;-22,65581497;-43,28378546;"SPRF-RJ";"DEL01-RJ";"UOP01-DEL01-RJ"
539059;2023-07-29;"sábado";"23:54:00";"MG";116;530;"CARATINGA";"Condutor deixou de manter distância do veículo da frente";"Colisão traseira";"Sem Vítimas";"Plena Noite";"Crescente";"Céu Claro";"Simples";"Reta";"Não";2;0;0;0;2;0;0;2;-19,81067298;-42,13539446;"SPRF-MG";"DEL06-MG";"UOP02-DEL06-MG"
539061;2023-07-29;"sábado";"23:45:00";"ES";101;264;"SERRA";"Condutor deixou de manter distância do veículo da frente";"Colisão traseira";"Com Vítimas Feridas";"Plena Noite";"Decrescente";"Céu Claro";"Dupla";"Reta";"Sim";2;0;1;0;1;0;1;2;-20,17292791;-40,26736384;"SPRF-ES";"DEL02-ES";"UOP01-DEL02-ES"
539062;2023-07-29;"sábado";"19:20:00";"RO";435;129;"CEREJEIRAS";"Transitar na contramão";"Colisão frontal";"Com Vítimas Fatais";"Plena Noite";"Decrescente";"Céu Claro";"Simples";"Reta";"Não";4;1;0;0;3;0;0;2;-13,18901364;-60,867688;"SPRF-RO";"DEL04-RO";"UOP02-DEL04-RO"
539063;2023-07-29;"sábado";"22:12:00";"SC";101;47,8;"JOINVILLE";"Ingestão de álcool pelo condutor";"Colisão traseira";"Sem Vítimas";"Plena Noite";"Crescente";"Nublado";"Dupla";"Reta";"Não";2;0;0;0;2;0;0;2;-26,3685135;-48,85784268;"SPRF-SC";"DEL03-SC";"UOP01-DEL03-SC"
539064;2023-07-29;"sábado";"23:45:00";"PR";369;149,1;"LONDRINA";"Acessar a via sem observar a presença dos outros veículos";"Colisão transversal";"Sem Vítimas";"Plena Noite";"Decrescente";"Céu Claro";"Dupla";"Interseção de Vias";"Sim";2;0;0;0;2;0;0;2;-23,2928551;-51,15387797;"SPRF-PR";"DEL07-PR";"UOP01-DEL07-PR"
539065;2023-07-29;"sábado";"21:43:00";"AC";364;123;"RIO BRANCO";"Acesso irregular";"Colisão transversal";"Com Vítimas Feridas";"Plena Noite";"Decrescente";"Céu Claro";"Dupla";"Reta";"Sim";2;0;2;0;0;0;2;2;-10,0117071;-67,782373;"SPRF-AC";"DEL01-AC";"UOP01-DEL01-AC"
539067;2023-07-30;"domingo";"00:20:00";"PR";369;457;"UBIRATA";"Demais Fenômenos da natureza";"Incêndio";"Sem Vítimas";"Plena Noite";"Crescente";"Céu Claro";"Simples";"Curva;Aclive";"Não";1;0;0;0;0;1;0;1;-24,553;-53,0579;"SPRF-PR";"DEL04-PR";"UOP03-DEL04-PR"
539068;2023-07-30;"domingo";"00:20:00";"DF";70;10;"BRASILIA";"Ingestão de álcool pelo condutor";"Colisão traseira";"Sem Vítimas";"Plena Noite";"Crescente";"Céu Claro";"Dupla";"Reta";"Sim";2;0;0;0;2;0;0;2;-15,787066;-48,140709;"SPRF-DF";"DEL03-DF";"UOP02-DEL03-DF"
539070;2023-07-30;"domingo";"01:00:00";"ES";101;40,7;"CONCEICAO DA BARRA";"Animais na Pista";"Atropelamento de Animal";"Com Vítimas Fatais";"Plena Noite";"Decrescente";"Nublado";"Simples";"Aclive";"Não";2;1;0;1;0;0;1;1;-18,49980697;-39,91851689;"SPRF-ES";"DEL04-ES";"UOP02-DEL04-ES"
539071;2023-07-30;"domingo";"01:20:00";"RN";110;47,5;"MOSSORO";"Ingestão de álcool pelo condutor";"Colisão transversal";"Com Vítimas Feridas";"Plena Noite";"Decrescente";"Céu Claro";"Simples";"Reta";"Sim";2;0;0;1;1;0;1;2;-5,20338376;-37,32563418;"SPRF-RN";"DEL04-RN";"UOP01-DEL04-RN"
539073;2023-07-29;"sábado";"22:20:00";"MT";174;288;"PONTES E LACERDA";"Transitar no Acostamento";"Colisão com objeto";"Com Vítimas Feridas";"Plena Noite";"Crescente";"Céu Claro";"Simples";"Reta";"Sim";2;0;2;0;0;0;2;1;-15,23378885;-59,31756535;"SPRF-MT";"DEL04-MT";"UOP01-DEL04-MT"
539074;2023-07-30;"domingo";"01:12:00";"DF";70;8;"BRASILIA";"Ingestão de álcool pelo condutor";"Colisão traseira";"Com Vítimas Feridas";"Plena Noite";"Crescente";"Céu Claro";"Dupla";"Reta";"Não";5;0;2;0;2;1;2;3;-15,784966;-48,122108;"SPRF-DF";"DEL03-DF";"UOP02-DEL03-DF"
539075;2023-05-11;"quinta-feira";"06:00:00";"BA";101;235;"CONCEICAO DO ALMEIDA";"Ultrapassagem Indevida";"Saída de leito carroçável";"Com Vítimas Feridas";"Pleno dia";"Crescente";"Céu Claro";"Simples";"Curva";"Não";1;0;1;0;0;0;1;1;-12,87344597;-39,21561004;"SPRF-BA";"DEL01-BA";"UOP02-DEL01-BA"
539076;2023-07-30;"domingo";"02:15:00";"SC";101;209,5;"SAO JOSE";"Ingestão de álcool pelo condutor";"Colisão com objeto";"Sem Vítimas";"Plena Noite";"Decrescente";"Nublado";"Múltipla";"Reta";"Sim";1;0;0;0;1;0;0;1;-27,61000542;-48,63895057;"SPRF-SC";"DEL01-SC";"UOP01-DEL01-SC"
539077;2023-07-30;"domingo";"02:30:00";"PE";423;94,8;"GARANHUNS";"Ingestão de álcool pelo condutor";"Colisão frontal";"Com Vítimas Feridas";"Plena Noite";"Crescente";"Nublado";"Simples";"Reta";"Sim";3;0;2;0;1;0;2;2;-8,87898;-36,478289;"SPRF-PE";"DEL03-PE";"UOP01-DEL03-PE"
539078;2023-07-30;"domingo";"02:10:00";"PA";316;114,2;"SANTA MARIA DO PARA";"Reação tardia ou ineficiente do condutor";"Saída de leito carroçável";"Com Vítimas Fatais";"Plena Noite";"Crescente";"Céu Claro";"Simples";"Curva";"Não";2;1;0;1;0;0;1;1;-1,31651617;-47,48442292;"SPRF-PA";"DEL01-PA";"UOP02-DEL01-PA"
539079;2023-07-30;"domingo";"03:18:00";"SC";101;209,1;"SAO JOSE";"Ingestão de álcool pelo condutor";"Colisão traseira";"Sem Vítimas";"Plena Noite";"Decrescente";"Céu Claro";"Múltipla";"Reta";"Sim";2;0;0;0;2;0;0;2;-27,61104908;-48,63958061;"SPRF-SC";"DEL01-SC";"UOP01-DEL01-SC"
539080;2023-07-30;"domingo";"02:27:00";"PR";277;443,1;"LARANJEIRAS DO SUL";"Reação tardia ou ineficiente do condutor";"Engavetamento";"Com Vítimas Feridas";"Plena Noite";"Crescente";"Céu Claro";"Simples";"Aclive";"Não";4;0;1;0;2;1;1;3;-25,37204466;-52,28359503;"SPRF-PR";"DEL04-PR";"UOP02-DEL04-PR"
539081;2023-07-30;"domingo";"03:30:00";"MG";381;479;"CONTAGEM";"Condutor Dormindo";"Queda de ocupante de veículo";"Com Vítimas Feridas";"Plena Noite";"Crescente";"Céu Claro";"Múltipla";"Reta";"Sim";2;0;1;0;1;0;1;1;-19,95889605;-44,069202;"SPRF-MG";"DEL01-MG";"UOP03-DEL01-MG"
539082;2023-07-30;"domingo";"02:15:00";"PR";277;123;"CAMPO LARGO";"Ausência de reação do condutor";"Colisão com objeto";"Sem Vítimas";"Plena Noite";"Decrescente";"Nublado";"Dupla";"Interseção de Vias";"Sim";1;0;0;0;0;1;0;1;-25,44558428;-49,46924586;"SPRF-PR";"DEL03-PR";"UOP03-DEL03-PR"
539083;2023-07-30;"domingo";"02:50:00";"MS";163;479;"CAMPO GRANDE";"Condutor deixou de manter distância do veículo da frente";"Colisão traseira";"Com Vítimas Fatais";"Plena Noite";"Crescente";"Céu Claro";"Simples";"Reta";"Sim";3;1;0;1;1;0;1;2;-20,487322;-54,55929095;"SPRF-MS";"DEL01-MS";"UOP01-DEL01-MS"
539084;2023-07-30;"domingo";"03:00:00";"SP";381;25;"BRAGANCA PAULISTA";"Reação tardia ou ineficiente do condutor";"Colisão traseira";"Com Vítimas Feridas";"Plena Noite";"Decrescente";"Céu Claro";"Dupla";"Aclive";"Não";2;0;1;1;0;0;2;2;-23,02018004;-46,52966596;"SPRF-SP";"DEL03-SP";"UOP02-DEL03-SP"
539087;2023-07-30;"domingo";"03:40:00";"DF";70;17;"BRASILIA";"Condutor Dormindo";"Colisão traseira";"Com Vítimas Feridas";"Plena Noite";"Crescente";"Céu Claro";"Dupla";"Declive";"Não";2;0;1;0;1;0;1;2;-15,794133;-48,202095;"SPRF-DF";"DEL03-DF";"UOP02-DEL03-DF"
539088;2023-07-30;"domingo";"04:10:00";"MG";381;482;"BETIM";"Ausência de reação do condutor";"Colisão com objeto";"Sem Vítimas";"Plena Noite";"Crescente";"Céu Claro";"Múltipla";"Declive;Reta";"Sim";1;0;0;0;1;0;0;1;-19,9583392;-44,0758515;"SPRF-MG";"DEL01-MG";"UOP03-DEL01-MG"
539089;2023-07-29;"sábado";"21:23:00";"MA";230;543,5;"CAROLINA";"Transitar na contramão";"Colisão frontal";"Com Vítimas Fatais";"Plena Noite";"Decrescente";"Céu Claro";"Simples";"Reta";"Sim";6;3;0;1;2;0;1;2;-7,408757;-47,215121;"SPRF-MA";"DEL05-MA";"UOP01-DEL05-MA"
539090;2023-07-30;"domingo";"02:40:00";"GO";60;121;"TEREZOPOLIS DE GOIAS";"Condutor Dormindo";"Saída de leito carroçável";"Com Vítimas Feridas";"Plena Noite";"Decrescente";"Céu Claro";"Dupla";"Curva";"Não";2;0;0;1;1;0;1;1;-16,5044;-49,1128;"SPRF-GO";"DEL01-GO";"UOP01-DEL01-GO"
539091;2023-07-30;"domingo";"02:30:00";"GO";153;506,8;"APARECIDA DE GOIANIA";"Manobra de mudança de faixa";"Colisão lateral mesmo sentido";"Sem Vítimas";"Plena Noite";"Decrescente";"Céu Claro";"Dupla";"Reta";"Não";2;0;0;0;2;0;0;2;-16,7633;-49,24;"SPRF-GO";"DEL01-GO";"UOP01-DEL01-GO"
539093;2023-07-30;"domingo";"03:45:00";"RJ";493;19;"MAGE";"Ausência de reação do condutor";"Atropelamento de Animal";"Com Vítimas Fatais";"Plena Noite";"Crescente";"Céu Claro";"Simples";"Curva";"Sim";1;1;0;0;0;0;0;1;-22,66364057;-43,03359747;"SPRF-RJ";"DEL04-RJ";"UOP02-DEL04-RJ"
539094;2023-07-30;"domingo";"01:55:00";"PB";104;158;"BARRA DE SANTANA";"Ingestão de álcool e/ou substâncias psicoativas pelo pedestre";"Saída de leito carroçável";"Com Vítimas Feridas";"Plena Noite";"Decrescente";"Céu Claro";"Simples";"Reta";"Não";2;0;1;0;1;0;1;1;-7,50926896;-35,97063002;"SPRF-PB";"DEL02-PB";"UOP03-DEL02-PB"
539095;2023-07-30;"domingo";"04:00:00";"PB";104;156,1;"QUEIMADAS";"Ingestão de álcool pelo condutor";"Queda de ocupante de veículo";"Com Vítimas Feridas";"Plena Noite";"Decrescente";"Garoa/Chuvisco";"Simples";"Reta";"Não";2;0;1;0;1;0;1;1;-7,49889786;-35,95614718;"SPRF-PB";"DEL02-PB";"UOP03-DEL02-PB"
539097;2023-07-30;"domingo";"04:30:00";"RN";304;34;"MOSSORO";"Ausência de reação do condutor";"Capotamento";"Com Vítimas Feridas";"Plena Noite";"Decrescente";"Céu Claro";"Dupla";"Aclive;Viaduto;Reta";"Sim";1;0;0;1;0;0;1;1;-5,15255798;-37,34873808;"SPRF-RN";"DEL04-RN";"UOP02-DEL04-RN"
539098;2023-07-30;"domingo";"05:40:00";"GO";153;508;"APARECIDA DE GOIANIA";"Iluminação deficiente";"Colisão traseira";"Com Vítimas Feridas";"Amanhecer";"Decrescente";"Céu Claro";"Dupla";"Aclive;Reta";"Sim";2;0;1;0;1;0;1;2;-16,7804;-49,2371;"SPRF-GO";"DEL01-GO";"UOP03-DEL01-GO"
539099;2023-07-30;"domingo";"05:30:00";"GO";60;252;"INDIARA";"Ausência de reação do condutor";"Tombamento";"Com Vítimas Fatais";"Amanhecer";"Crescente";"Céu Claro";"Dupla";"Viaduto";"Sim";2;1;0;1;0;0;1;1;-17,1383;-49,9938;"SPRF-GO";"DEL01-GO";"UOP02-DEL01-GO"
539100;2023-07-30;"domingo";"04:30:00";"MG";381;4,5;"BETIM";"Ausência de reação do condutor";"Saída de leito carroçável";"Sem Vítimas";"Amanhecer";"Decrescente";"Céu Claro";"Dupla";"Reta";"Não";1;0;0;0;0;1;0;1;-19,98767887;-44,18480609;"SPRF-MG";"DEL01-MG";"UOP03-DEL01-MG"
539102;2023-07-30;"domingo";"03:50:00";"RJ";116;187;"NOVA IGUACU";"Condutor deixou de manter distância do veículo da frente";"Colisão com objeto";"Com Vítimas Feridas";"Plena Noite";"Crescente";"Céu Claro";"Dupla";"Reta";"Sim";1;0;1;0;0;0;1;1;-22,73883756;-43,47245197;"SPRF-RJ";"DEL01-RJ";"UOP02-DEL01-RJ"