"id";"data_inversa";"dia_semana";"horario";"uf";"br";"km";"municipio";"causa_acidente";"tipo_acidente";"classificacao_acidente";"fase_dia";"sentido_via";"condicao_metereologica";"tipo_pista";"tracado_via";"uso_solo";"pessoas";"mortos";"feridos_leves";"feridos_graves";"ilesos";"ignorados";"feridos";"veiculos";"latitude";"longitude";"regional";"delegacia";"uop"
539105;2023-07-30;"domingo";"06:10:00";"RS";392;103,5;"MORRO REDONDO";"Ausência de reação do condutor";"Saída de leito carroçável";"Sem Vítimas";"Plena Noite";"Crescente";"Céu Claro";"Simples";"Reta";"Não";1;0;0;0;0;1;0;1;-31,5163521;-52,5982911;"SPRF-RS";"DEL07-RS";"UOP01-DEL07-RS"
539107;2023-07-30;"domingo";"05:40:00";"ES";101;141;"LINHARES";"Condutor Dormindo";"Saída de leito carroçável";"Com Vítimas Feridas";"Amanhecer";"Decrescente";"Céu Claro";"Simples";"Reta";"Sim";1;0;1;0;0;0;1;1;-19,32655693;-40,07192387;"SPRF-ES";"DEL04-ES";"UOP01-DEL04-ES"
539108;2023-07-29;"sábado";"17:30:00";"PR";369;174;"ROLANDIA";"Acessar a via sem observar a presença dos outros veículos";"Colisão transversal";"Com Vítimas Feridas";"Plena Noite";"Crescente";"Céu Claro";"Simples";"Reta";"Sim";2;0;1;0;1;0;1;2;-23,30609703;-51,3636509;"SPRF-PR";"DEL07-PR";"UOP01-DEL07-PR"
539109;2023-07-30;"domingo";"06:00:00";"SP";381;75;"SAO PAULO";"Pista Escorregadia";"Saída de leito carroçável";"Sem Vítimas";"Amanhecer";"Decrescente";"Garoa/Chuvisco";"Múltipla";"Curva;Aclive";"Não";1;0;0;0;1;0;0;1;-23,37660089;-46,56409613;"SPRF-SP";"DEL03-SP";"UOP01-DEL03-SP"
539110;2023-07-29;"sábado";"22:00:00";"MG";365;470;"PATROCINIO";"Animais na Pista";"Atropelamento de Animal";"Com Vítimas Feridas";"Plena Noite";"Crescente";"Céu Claro";"Simples";"Reta";"Não";3;0;1;0;2;0;1;1;-18,90948372;-46,96825862;"SPRF-MG";"DEL10-MG";"UOP01-DEL10-MG"
539111;2023-07-30;"domingo";"05:00:00";"BA";235;348,2;"JUAZEIRO";"Ausência de reação do condutor";"Saída de leito carroçável";"Com Vítimas Feridas";"Amanhecer";"Crescente";"Céu Claro";"Simples";"Reta";"Não";2;0;2;0;0;0;2;1;-9,4406722;-40,4938084;"SPRF-PE";"DEL06-PE";"UOP01-DEL06-PE"
539112;2023-07-30;"domingo";"06:45:00";"RS";386;246,2;"SOLEDADE";"Animais na Pista";"Atropelamento de Animal";"Com Vítimas Feridas";"Plena Noite";"Decrescente";"Céu Claro";"Simples";"Reta";"Sim";3;0;2;0;1;0;2;1;-28,808382;-52,502323;"SPRF-RS";"DEL04-RS";"UOP03-DEL04-RS"
539113;2023-07-30;"domingo";"01:05:00";"RO";364;342,8;"JI-PARANA";"Ausência de reação do condutor";"Colisão com objeto";"Com Vítimas Feridas";"Plena Noite";"Crescente";"Céu Claro";"Dupla";"Ponte;Reta";"Sim";1;0;1;0;0;0;1;1;-10,880966;-61,941772;"SPRF-RO";"DEL02-RO";"UOP01-DEL02-RO"
539115;2023-07-30;"domingo";"06:20:00";"PB";230;117,1;"INGA";"Reação tardia ou ineficiente do condutor";"Colisão traseira";"Com Vítimas Feridas";"Amanhecer";"Decrescente";"Chuva";"Dupla";"Interseção de Vias;Retorno Regulamentado";"Não";3;0;2;0;0;1;2;3;-7,24106488;-35,62286854;"SPRF-PB";"DEL01-PB";"UOP03-DEL01-PB"
539118;2023-06-16;"sexta-feira";"07:05:00";"SC";282;602;"MARAVILHA";"Desrespeitar a preferência no cruzamento";"Colisão frontal";"Com Vítimas Feridas";"Pleno dia";"Decrescente";"Garoa/Chuvisco";"Simples";"Interseção de Vias";"Não";4;0;2;1;1;0;3;2;-26,80560988;-53,18146706;"SPRF-SC";"DEL07-SC";"UOP02-DEL07-SC"
539123;2023-07-29;"sábado";"21:45:00";"MG";494;108,5;"OLIVEIRA";"Transitar na contramão";"Colisão frontal";"Com Vítimas Feridas";"Plena Noite";"Crescente";"Céu Claro";"Simples";"Declive;Reta";"Sim";5;0;1;0;4;0;1;2;-20,73014343;-44,77990698;"SPRF-MG";"DEL04-MG";"UOP01-DEL04-MG"
539126;2023-07-30;"domingo";"06:00:00";"RS";392;25,9;"RIO GRANDE";"Ingestão de álcool pelo condutor";"Saída de leito carroçável";"Com Vítimas Feridas";"Plena Noite";"Crescente";"Nevoeiro/Neblina";"Múltipla";"Reta";"Sim";1;0;1;0;0;0;1;1;-32,07741109;-52,25736022;"SPRF-RS";"DEL07-RS";"UOP02-DEL07-RS"
539127;2023-07-30;"domingo";"01:00:00";"RJ";101;118;"CAMPOS DOS GOYTACAZES";"Animais na Pista";"Atropelamento de Animal";"Com Vítimas Feridas";"Plena Noite";"Decrescente";"Nublado";"Simples";"Reta";"Não";2;0;1;1;0;0;2;1;-22,01462656;-41,67706468;"SPRF-RJ";"DEL08-RJ";"UOP02-DEL08-RJ"
539129;2023-07-30;"domingo";"08:00:00";"PA";316;51;"CASTANHAL";"Reação tardia ou ineficiente do condutor";"Saída de leito carroçável";"Com Vítimas Feridas";"Pleno dia";"Decrescente";"Céu Claro";"Dupla";"Reta";"Não";1;0;0;1;0;0;1;1;-1,30696138;-48,03478;"SPRF-PA";"DEL01-PA";"UOP01-DEL01-PA"
539130;2023-07-30;"domingo";"06:30:00";"RN";226;4;"NATAL";"Velocidade Incompatível";"Saída de leito carroçável";"Sem Vítimas";"Pleno dia";"Crescente";"Chuva";"Simples";"Curva";"Sim";1;0;0;0;1;0;0;1;-5,81958019;-35,25969486;"SPRF-RN";"DEL01-RN";"UOP02-DEL01-RN"
539133;2023-07-30;"domingo";"07:55:00";"RJ";101;80;"CAMPOS DOS GOYTACAZES";"Acesso irregular";"Colisão transversal";"Com Vítimas Feridas";"Pleno dia";"Crescente";"Nublado";"Simples";"Reta";"Não";2;0;1;0;1;0;1;2;-21,834264;-41,438942;"SPRF-RJ";"DEL08-RJ";"UOP02-DEL08-RJ"
539135;2023-07-30;"domingo";"08:30:00";"BA";242;800;"BARREIRAS";"Acessar a via sem observar a presença dos outros veículos";"Colisão frontal";"Com Vítimas Feridas";"Pleno dia";"Decrescente";"Céu Claro";"Simples";"Reta;Interseção de Vias";"Não";2;0;0;1;1;0;1;2;-12,1187187;-45,05557537;"SPRF-BA";"DEL10-BA";"UOP01-DEL10-BA"
539136;2023-07-30;"domingo";"08:30:00";"PB";230;153,2;"CAMPINA GRANDE";"Ausência de reação do condutor";"Saída de leito carroçável";"Sem Vítimas";"Pleno dia";"Crescente";"Céu Claro";"Simples";"Interseção de Vias;Curva";"Sim";1;0;0;0;0;1;0;1;-7,2763;-35,8887;"SPRF-PB";"DEL02-PB";"UOP01-DEL02-PB"
539137;2023-07-30;"domingo";"09:00:00";"SP";116;225,9;"GUARULHOS";"Avarias e/ou desgaste excessivo no pneu";"Tombamento";"Com Vítimas Feridas";"Pleno dia";"Decrescente";"Nublado";"Múltipla";"Declive;Reta";"Sim";2;0;1;0;1;0;1;1;-23,49047559;-46,54792428;"SPRF-SP";"DEL01-SP";"UOP01-DEL01-SP"
539138;2023-06-21;"quarta-feira";"02:30:00";"SC";280;78;"CORUPA";"Condutor Dormindo";"Capotamento";"Sem Vítimas";"Plena Noite";"Decrescente";"Céu Claro";"Simples";"Rotatória";"Não";1;0;0;0;1;0;0;1;-26,45019273;-49,1935729;"SPRF-SC";"DEL06-SC";"UOP03-DEL06-SC"
539139;2023-07-30;"domingo";"09:30:00";"MG";40;564;"NOVA LIMA";"Conversão proibida";"Colisão transversal";"Com Vítimas Feridas";"Pleno dia";"Crescente";"Céu Claro";"Simples";"Declive;Reta";"Não";6;0;3;1;0;2;4;3;-20,16086012;-43,96464349;"SPRF-MG";"DEL01-MG";"UOP02-DEL01-MG"
539141;2023-07-30;"domingo";"09:44:00";"ES";101;368;"ANCHIETA";"Acessar a via sem observar a presença dos outros veículos";"Colisão lateral mesmo sentido";"Com Vítimas Feridas";"Pleno dia";"Crescente";"Nublado";"Simples";"Reta";"Não";3;0;2;0;1;0;2;2;-20,753749;-40,75894999;"SPRF-ES";"DEL03-ES";"UOP01-DEL03-ES"
539142;2023-07-30;"domingo";"08:40:00";"BA";324;386;"GAVIAO";"Condutor Dormindo";"Saída de leito carroçável";"Com Vítimas Feridas";"Pleno dia";"Decrescente";"Céu Claro";"Simples";"Reta";"Não";2;0;1;1;0;0;2;1;-11,49411185;-39,74996988;"SPRF-BA";"DEL04-BA";"UOP02-DEL04-BA"
539143;2023-07-30;"domingo";"09:50:00";"MG";50;21;"UBERLANDIA";"Conversão proibida";"Colisão transversal";"Com Vítimas Feridas";"Pleno dia";"Crescente";"Céu Claro";"Simples";"Reta;Aclive";"Não";3;0;1;0;2;0;1;3;-18,93805661;-48,21630836;"SPRF-MG";"DEL15-MG";"UOP01-DEL15-MG"
539144;2023-07-30;"domingo";"10:10:00";"ES";101;421,5;"CACHOEIRO DE ITAPEMIRIM";"Acessar a via sem observar a presença dos outros veículos";"Colisão transversal";"Com Vítimas Feridas";"Pleno dia";"Crescente";"Nublado";"Simples";"Curva";"Não";3;0;2;0;1;0;2;2;-20,97396984;-41,11067322;"SPRF-ES";"DEL03-ES";"UOP02-DEL03-ES"
539145;2023-07-30;"domingo";"09:50:00";"RS";116;217,1;"MORRO REUTER";"Acessar a via sem observar a presença dos outros veículos";"Colisão transversal";"Com Vítimas Feridas";"Pleno dia";"Crescente";"Céu Claro";"Simples";"Declive;Reta";"Sim";3;0;1;0;1;1;1;3;-29,54396389;-51,08555876;"SPRF-RS";"DEL05-RS";"UOP02-DEL05-RS"
539147;2023-07-30;"domingo";"09:00:00";"BA";116;267;"TUCANO";"Pista esburacada";"Capotamento";"Com Vítimas Feridas";"Pleno dia";"Crescente";"Céu Claro";"Simples";"Aclive;Reta";"Não";2;0;0;1;0;1;1;2;-10,91454807;-38,83368207;"SPRF-BA";"DEL07-BA";"UOP02-DEL07-BA"
539148;2023-07-30;"domingo";"07:30:00";"MG";40;801,2;"JUIZ DE FORA";"Curva acentuada";"Saída de leito carroçável";"Com Vítimas Feridas";"Pleno dia";"Crescente";"Garoa/Chuvisco";"Dupla";"Curva";"Não";1;0;1;0;0;0;1;1;-21,84672919;-43,37899486;"SPRF-MG";"DEL05-MG";"UOP01-DEL05-MG"
539150;2023-07-30;"domingo";"11:10:00";"SC";101;148;"ITAPEMA";"Demais falhas mecânicas ou elétricas";"Queda de ocupante de veículo";"Com Vítimas Feridas";"Pleno dia";"Crescente";"Céu Claro";"Múltipla";"Reta";"Sim";2;0;1;1;0;0;2;1;-27,10123686;-48,61807962;"SPRF-SC";"DEL04-SC";"UOP03-DEL04-SC"
539152;2023-07-30;"domingo";"11:00:00";"RJ";101;489;"ANGRA DOS REIS";"Manobra de mudança de faixa";"Colisão frontal";"Com Vítimas Feridas";"Pleno dia";"Decrescente";"Nublado";"Simples";"Reta";"Não";7;0;4;2;1;0;6;3;-22,95605138;-44,30404997;"SPRF-RJ";"DEL03-RJ";"UOP03-DEL03-RJ"
539155;2023-07-30;"domingo";"11:15:00";"RS";116;519,7;"PELOTAS";"Ausência de reação do condutor";"Saída de leito carroçável";"Com Vítimas Feridas";"Pleno dia";"Decrescente";"Céu Claro";"Dupla";"Reta";"Não";1;0;1;0;0;0;1;1;-31,69369368;-52,35458934;"SPRF-RS";"DEL07-RS";"UOP01-DEL07-RS"
539158;2023-07-30;"domingo";"12:00:00";"MG";40;516;"RIBEIRAO DAS NEVES";"Acumulo de areia ou detritos sobre o pavimento";"Tombamento";"Com Vítimas Feridas";"Pleno dia";"Decrescente";"Céu Claro";"Dupla";"Reta";"Não";2;0;2;0;0;0;2;1;-19,81628624;-44,08960124;"SPRF-MG";"DEL01-MG";"UOP02-DEL01-MG"
539159;2023-07-30;"domingo";"11:30:00";"PR";153;360,6;"RIO AZUL";"Ultrapassagem Indevida";"Colisão frontal";"Com Vítimas Feridas";"Pleno dia";"Crescente";"Céu Claro";"Simples";"Reta";"Não";6;0;2;0;4;0;2;2;-25,67503796;-50,75089805;"SPRF-PR";"DEL08-PR";"UOP02-DEL08-PR"
539160;2023-07-30;"domingo";"10:13:00";"PE";104;30;"TORITAMA";"Conversão proibida";"Colisão frontal";"Com Vítimas Feridas";"Pleno dia";"Crescente";"Céu Claro";"Simples";"Reta";"Sim";2;0;0;1;1;0;1;2;-8,0137;-36,0565;"SPRF-PE";"DEL02-PE";"UOP01-DEL02-PE"
539162;2023-07-30;"domingo";"09:15:00";"MG";381;615;"OLIVEIRA";"Ausência de reação do condutor";"Capotamento";"Com Vítimas Feridas";"Pleno dia";"Decrescente";"Céu Claro";"Dupla";"Curva";"Não";1;0;1;0;0;0;1;1;-20,74424605;-44,7725478;"SPRF-MG";"DEL04-MG";"UOP01-DEL04-MG"
539164;2023-07-30;"domingo";"12:40:00";"RS";386;362;"ESTRELA";"Acessar a via sem observar a presença dos outros veículos";"Colisão transversal";"Com Vítimas Feridas";"Pleno dia";"Decrescente";"Céu Claro";"Dupla";"Reta;Rotatória";"Não";4;0;2;0;2;0;2;2;-29,5598989;-51,882714;"SPRF-RS";"DEL04-RS";"UOP01-DEL04-RS"
539165;2023-07-30;"domingo";"12:30:00";"GO";50;180,1;"CAMPO ALEGRE DE GOIAS";"Velocidade Incompatível";"Tombamento";"Com Vítimas Feridas";"Pleno dia";"Crescente";"Sol";"Dupla";"Reta";"Não";1;0;0;1;0;0;1;1;-17,4105;-47,787;"SPRF-GO";"DEL06-GO";"UOP01-DEL06-GO"
539168;2023-07-30;"domingo";"12:55:00";"SC";101;348,8;"JAGUARUNA";"Velocidade Incompatível";"Queda de ocupante de veículo";"Com Vítimas Feridas";"Pleno dia";"Decrescente";"Céu Claro";"Múltipla";"Curva";"Não";1;0;1;0;0;0;1;1;-28,57317505;-49,05292143;"SPRF-SC";"DEL02-SC";"UOP01-DEL02-SC"
539171;2023-07-30;"domingo";"08:15:00";"RS";101;74;"OSORIO";"Reação tardia ou ineficiente do condutor";"Colisão com objeto";"Com Vítimas Feridas";"Pleno dia";"Crescente";"Céu Claro";"Dupla";"Reta";"Não";3;0;2;0;1;0;2;1;-29,78050987;-50,22493416;"SPRF-RS";"DEL03-RS";"UOP01-DEL03-RS"
539172;2023-07-30;"domingo";"11:20:00";"MG";116;701,9;"MURIAE";"Transitar no Acostamento";"Colisão transversal";"Com Vítimas Feridas";"Pleno dia";"Crescente";"Céu Claro";"Simples";"Retorno Regulamentado;Reta;Em Obras";"Sim";4;0;2;0;1;1;2;3;-21,11084891;-42,3806104;"SPRF-MG";"DEL07-MG";"UOP02-DEL07-MG"
539173;2023-07-30;"domingo";"11:50:00";"BA";116;748;"POCOES";"Desrespeitar a preferência no cruzamento";"Colisão transversal";"Com Vítimas Feridas";"Pleno dia";"Crescente";"Céu Claro";"Simples";"Reta";"Sim";2;0;1;0;1;0;1;2;-14,414584;-40,35219897;"SPRF-BA";"DEL08-BA";"UOP02-DEL08-BA"
539174;2023-07-30;"domingo";"10:50:00";"RS";471;172,7;"RIO PARDO";"Avarias e/ou desgaste excessivo no pneu";"Saída de leito carroçável";"Com Vítimas Feridas";"Pleno dia";"Decrescente";"Sol";"Simples";"Curva";"Sim";1;0;1;0;0;0;1;1;-29,9683194;-52,36959457;"SPRF-RS";"DEL02-RS";"UOP03-DEL02-RS"
539175;2023-07-30;"domingo";"11:20:00";"PI";343;141;"PIRACURUCA";"Condutor deixou de manter distância do veículo da frente";"Queda de ocupante de veículo";"Com Vítimas Feridas";"Pleno dia";"Crescente";"Céu Claro";"Dupla";"Reta";"Não";3;0;0;1;2;0;1;2;-3,929562;-41,713806;"SPRF-PI";"DEL02-PI";"UOP01-DEL02-PI"
539177;2023-06-28;"quarta-feira";"18:45:00";"PR";277;96;"CURITIBA";"Acessar a via sem observar a presença dos outros veículos";"Colisão transversal";"Com Vítimas Feridas";"Plena Noite";"Decrescente";"Ignorado";"Dupla";"Reta";"Sim";2;0;1;0;1;0;1;2;-25,54577186;-49,29537197;"SPRF-PR";"DEL01-PR";"UOP06-DEL01-PR"
539178;2023-07-30;"domingo";"14:25:00";"RS";386;119,2;"SARANDI";"Transitar na contramão";"Colisão frontal";"Com Vítimas Fatais";"Pleno dia";"Decrescente";"Céu Claro";"Simples";"Curva";"Não";4;1;2;1;0;0;3;2;-27,86069328;-53,01398993;"SPRF-RS";"DEL08-RS";"UOP01-DEL08-RS"
539180;2023-07-30;"domingo";"11:40:00";"MG";365;378;"PATOS DE MINAS";"Avarias e/ou desgaste excessivo no pneu";"Tombamento";"Com Vítimas Feridas";"Pleno dia";"Decrescente";"Sol";"Simples";"Reta";"Não";2;0;2;0;0;0;2;1;-18,54618397;-46,20769606;"SPRF-MG";"DEL10-MG";"UOP01-DEL10-MG"
539181;2023-07-30;"domingo";"14:45:00";"CE";20;393,9;"CAUCAIA";"Reação tardia ou ineficiente do condutor";"Engavetamento";"Com Vítimas Feridas";"Pleno dia";"Crescente";"Céu Claro";"Simples";"Reta";"Não";4;0;1;0;3;0;1;4;-3,83775146;-38,76518844;"SPRF-CE";"DEL01-CE";"UOP01-DEL01-CE"
539182;2023-07-30;"domingo";"14:50:00";"MG";50;27,8;"ARAGUARI";"Reação tardia ou ineficiente do condutor";"Saída de leito carroçável";"Com Vítimas Feridas";"Pleno dia";"Crescente";"Céu Claro";"Dupla";"Reta;Aclive";"Não";1;0;1;0;0;0;1;1;-18,618425;-48,102424;"SPRF-MG";"DEL15-MG";"UOP02-DEL15-MG"
539183;2023-07-30;"domingo";"14:30:00";"MT";163;591;"NOVA MUTUM";"Reação tardia ou ineficiente do condutor";"Colisão traseira";"Com Vítimas Feridas";"Pleno dia";"Crescente";"Céu Claro";"Simples";"Reta";"Não";3;0;1;0;2;0;1;2;-13,98765008;-56,09892131;"SPRF-MT";"DEL01-MT";"UOP01-DEL01-MT"
539187;2023-07-30;"domingo";"15:10:00";"MG";262;438,5;"NOVA SERRANA";"Ausência de reação do condutor";"Colisão lateral mesmo sentido";"Com Vítimas Feridas";"Pleno dia";"Decrescente";"Céu Claro";"Dupla";"Curva";"Não";4;0;0;1;3;0;1;2;-19,89280962;-44,878453;"SPRF-MG";"DEL08-MG";"UOP03-DEL08-MG"
539189;2023-07-30;"domingo";"15:30:00";"PE";101;68;"RECIFE";"Ingestão de álcool pelo condutor";"Colisão traseira";"Com Vítimas Feridas";"Pleno dia";"Decrescente";"Céu Claro";"Dupla";"Reta";"Sim";4;0;1;0;3;0;1;3;-8,05074296;-34,94580619;"SPRF-PE";"DEL01-PE";"UOP01-DEL01-PE"
539192;2023-07-30;"domingo";"15:05:00";"MG";262;434;"NOVA SERRANA";"Velocidade Incompatível";"Saída de leito carroçável";"Com Vítimas Feridas";"Pleno dia";"Decrescente";"Céu Claro";"Dupla";"Reta";"Não";1;0;1;0;0;0;1;1;-19,89266739;-44,84258586;"SPRF-MG";"DEL08-MG";"UOP03-DEL08-MG"
539193;2023-07-30;"domingo";"16:00:00";"SP";381;62;"MAIRIPORA";"Manobra de mudança de faixa";"Colisão traseira";"Com Vítimas Feridas";"Pleno dia";"Crescente";"Céu Claro";"Dupla";"Declive;Reta";"Não";5;0;2;0;2;1;2;4;-23,29437896;-46,57254696;"SPRF-SP";"DEL03-SP";"UOP01-DEL03-SP"
539195;2023-07-30;"domingo";"16:00:00";"MG";365;625;"UBERLANDIA";"Acessar a via sem observar a presença dos outros veículos";"Colisão transversal";"Com Vítimas Feridas";"Pleno dia";"Decrescente";"Sol";"Dupla";"Curva;Interseção de Vias";"Sim";3;0;1;0;2;0;1;2;-18,91087424;-48,30419183;"SPRF-MG";"DEL15-MG";"UOP01-DEL15-MG"
539196;2023-07-30;"domingo";"11:05:00";"TO";153;790;"TALISMA";"Ultrapassagem Indevida";"Colisão traseira";"Com Vítimas Feridas";"Pleno dia";"Crescente";"Céu Claro";"Simples";"Reta";"Não";5;0;3;0;2;0;3;2;-12,72786792;-49,07881436;"SPRF-TO";"DEL01-TO";"UOP02-DEL01-TO"
539197;2023-07-30;"domingo";"15:50:00";"RS";116;312;"GUAIBA";"Transitar na contramão";"Colisão frontal";"Com Vítimas Feridas";"Pleno dia";"Decrescente";"Céu Claro";"Simples";"Declive;Reta";"Não";2;0;0;1;1;0;1;2;-30,21844198;-51,40424588;"SPRF-RS";"DEL02-RS";"UOP01-DEL02-RS"
539199;2023-07-30;"domingo";"15:45:00";"PR";277;110,2;"CAMPO LARGO";"Ausência de reação do condutor";"Colisão traseira";"Com Vítimas Feridas";"Pleno dia";"Decrescente";"Céu Claro";"Dupla";"Reta";"Sim";4;0;1;1;2;0;2;2;-25,44625996;-49,36369775;"SPRF-PR";"DEL03-PR";"UOP03-DEL03-PR"
539200;2023-05-05;"sexta-feira";"08:00:00";"MG";50;69;"UBERLANDIA";"Trafegar com motocicleta (ou similar) entre as faixas";"Colisão traseira";"Com Vítimas Feridas";"Pleno dia";"Crescente";"Céu Claro";"Dupla";"Reta";"Sim";2;0;0;1;1;0;1;2;-18,85140204;-48,25345932;"SPRF-MG";"DEL15-MG";"UOP01-DEL15-MG"
539202;2023-06-19;"segunda-feira";"12:00:00";"PE";423;85;"SAO JOAO";"Ausência de reação do condutor";"Queda de ocupante de veículo";"Com Vítimas Feridas";"Pleno dia";"Decrescente";"Céu Claro";"Simples";"Reta";"Não";1;0;1;0;0;0;1;1;-8,80610593;-36,44168015;"SPRF-PE";"DEL03-PE";"UOP01-DEL03-PE"
539203;2023-07-30;"domingo";"17:00:00";"RS";116;240,8;"NOVO HAMBURGO";"Ausência de reação do condutor";"Colisão traseira";"Sem Vítimas";"Pleno dia";"Crescente";"Céu Claro";"Dupla";"Reta";"Não";3;0;0;0;3;0;0;2;-29,70869;-51,14731;"SPRF-RS";"DEL01-RS";"UOP02-DEL01-RS"
539205;2023-07-30;"domingo";"14:45:00";"CE";222;204,2;"FORQUILHA";"Velocidade Incompatível";"Saída de leito carroçável";"Com Vítimas Feridas";"Pleno dia";"Crescente";"Céu Claro";"Simples";"Curva";"Não";1;0;1;0;0;0;1;1;-3,78206203;-40,22309103;"SPRF-CE";"DEL04-CE";"UOP01-DEL04-CE"
539206;2023-07-30;"domingo";"15:20:00";"RJ";393;275;"BARRA DO PIRAI";"Problema com o freio";"Queda de ocupante de veículo";"Com Vítimas Feridas";"Pleno dia";"Crescente";"Céu Claro";"Simples";"Declive";"Não";1;0;1;0;0;0;1;1;-22,48279699;-43,970547;"SPRF-RJ";"DEL05-RJ";"UOP04-DEL05-RJ"
539207;2023-07-30;"domingo";"16:55:00";"MG";365;620;"UBERLANDIA";"Desrespeitar a preferência no cruzamento";"Colisão transversal";"Com Vítimas Feridas";"Pleno dia";"Decrescente";"Céu Claro";"Múltipla";"Interseção de Vias";"Não";3;0;0;1;1;1;1;3;-18,88737294;-48,2678479;"SPRF-MG";"DEL15-MG";"UOP01-DEL15-MG"
539208;2023-07-30;"domingo";"17:15:00";"BA";367;82;"EUNAPOLIS";"Acessar a via sem observar a presença dos outros veículos";"Colisão transversal";"Com Vítimas Feridas";"Anoitecer";"Crescente";"Nublado";"Simples";"Interseção de Vias;Reta";"Sim";4;0;1;2;0;1;3;3;-16,372073;-39,562129;"SPRF-BA";"DEL09-BA";"UOP03-DEL09-BA"
539211;2023-07-30;"domingo";"16:10:00";"MG";40;509;"RIBEIRAO DAS NEVES";"Acessar a via sem observar a presença dos outros veículos";"Colisão lateral mesmo sentido";"Com Vítimas Feridas";"Pleno dia";"Crescente";"Céu Claro";"Dupla";"Retorno Regulamentado";"Sim";2;0;1;0;1;0;1;2;-19,77463885;-44,12321882;"SPRF-MG";"DEL01-MG";"UOP02-DEL01-MG"
539212;2023-07-30;"domingo";"17:00:00";"MG";40;504;"ESMERALDAS";"Ausência de reação do condutor";"Colisão traseira";"Com Vítimas Feridas";"Pleno dia";"Crescente";"Céu Claro";"Dupla";"Aclive";"Não";2;0;1;0;1;0;1;1;-19,72987888;-44,15253368;"SPRF-MG";"DEL02-MG";"UOP01-DEL02-MG"
539213;2023-07-30;"domingo";"15:55:00";"MG";262;39,6;"MANHUACU";"Condutor deixou de manter distância do veículo da frente";"Engavetamento";"Sem Vítimas";"Pleno dia";"Crescente";"Nublado";"Simples";"Reta";"Não";3;0;0;0;3;0;0;3;-20,27165802;-42,03950458;"SPRF-MG";"DEL06-MG";"UOP03-DEL06-MG"
539214;2023-07-30;"domingo";"17:00:00";"PR";467;81,4;"CASCAVEL";"Ingestão de álcool pelo condutor";"Saída de leito carroçável";"Sem Vítimas";"Pleno dia";"Decrescente";"Céu Claro";"Dupla";"Declive;Reta";"Não";1;0;0;0;1;0;0;1;-24,79477014;-53,67511505;"SPRF-PR";"DEL04-PR";"UOP01-DEL04-PR"
539215;2023-07-30;"domingo";"17:30:00";"SP";381;3;"VARGEM";"Manobra de mudança de faixa";"Saída de leito carroçável";"Com Vítimas Feridas";"Pleno dia";"Crescente";"Sol";"Dupla";"Reta;Declive";"Não";3;0;2;0;1;0;2;2;-22,87841483;-46,39917107;"SPRF-SP";"DEL03-SP";"UOP02-DEL03-SP"
539216;2023-07-30;"domingo";"16:30:00";"DF";40;0;"BRASILIA";"Ingestão de álcool pelo condutor";"Colisão com objeto";"Sem Vítimas";"Pleno dia";"Crescente";"Céu Claro";"Múltipla";"Reta";"Sim";1;0;0;0;1;0;0;1;-15,976897;-47,990129;"SPRF-DF";"DEL01-DF";"UOP01-DEL01-DF"
539221;2023-07-30;"domingo";"17:45:00";"MG";365;749;"ITUIUTABA";"Ausência de reação do condutor";"Queda de ocupante de veículo";"Com Vítimas Feridas";"Anoitecer";"Crescente";"Céu Claro";"Simples";"Ponte;Reta";"Não";1;0;1;0;0;0;1;1;-18,93793339;-49,43876589;"SPRF-MG";"DEL15-MG";"UOP03-DEL15-MG"
539222;2023-07-30;"domingo";"17:40:00";"PR";369;452,3;"UBIRATA";"Manobra de mudança de faixa";"Colisão frontal";"Com Vítimas Feridas";"Pleno dia";"Crescente";"Céu Claro";"Simples";"Aclive;Reta";"Não";4;0;2;2;0;0;4;2;-24,5509;-53,0138;"SPRF-PR";"DEL04-PR";"UOP03-DEL04-PR"
539223;2023-07-30;"domingo";"18:14:00";"MT";70;1;"BARRA DO GARCAS";"Condutor desrespeitou a iluminação vermelha do semáforo";"Colisão transversal";"Com Vítimas Feridas";"Pleno dia";"Crescente";"Céu Claro";"Simples";"Reta;Interseção de Vias";"Sim";6;0;6;0;0;0;6;3;-15,89238776;-52,26063533;"SPRF-MT";"DEL07-MT";"UOP01-DEL07-MT"
539225;2023-07-30;"domingo";"16:30:00";"SC";101;112;"ITAJAI";"Condutor deixou de manter distância do veículo da frente";"Engavetamento";"Com Vítimas Feridas";"Pleno dia";"Crescente";"Céu Claro";"Múltipla";"Reta";"Sim";6;0;2;0;4;0;2;4;-26,84589005;-48,72131295;"SPRF-SC";"DEL04-SC";"UOP04-DEL04-SC"
539226;2023-07-30;"domingo";"17:20:00";"SE";235;48;"ITABAIANA";"Transitar no Acostamento";"Queda de ocupante de veículo";"Com Vítimas Feridas";"Anoitecer";"Crescente";"Céu Claro";"Simples";"Reta";"Não";1;0;1;0;0;0;1;1;-10,724387;-37,41708;"SPRF-SE";"DEL01-SE";"UOP02-DEL01-SE"
539227;2023-07-30;"domingo";"17:25:00";"PR";277;343;"GUARAPUAVA";"Condutor deixou de manter distância do veículo da frente";"Colisão traseira";"Com Vítimas Feridas";"Pleno dia";"Crescente";"Céu Claro";"Dupla";"Reta";"Sim";2;0;1;0;1;0;1;2;-25,33989301;-51,419254;"SPRF-PR";"DEL08-PR";"UOP01-DEL08-PR"