"id";"data_inversa";"dia_semana";"horario";"uf";"br";"km";"municipio";"causa_acidente";"tipo_acidente";"classificacao_acidente";"fase_dia";"sentido_via";"condicao_metereologica";"tipo_pista";"tracado_via";"uso_solo";"pessoas";"mortos";"feridos_leves";"feridos_graves";"ilesos";"ignorados";"feridos";"veiculos";"latitude";"longitude";"regional";"delegacia";"uop"
539228;2023-07-30;"domingo";"18:20:00";"MG";40;433;"PARAOPEBA";"Ingestão de álcool pelo condutor";"Colisão traseira";"Sem Vítimas";"Plena Noite";"Crescente";"Céu Claro";"Dupla";"Retorno Regulamentado;Reta";"Não";2;0;0;0;2;0;0;2;-19,2086243;-44,46506923;"SPRF-MG";"DEL02-MG";"UOP01-DEL02-MG"
539229;2023-07-30;"domingo";"18:00:00";"PB";230;26;"JOAO PESSOA";"Acessar a via sem observar a presença dos outros veículos";"Colisão transversal";"Com Vítimas Feridas";"Plena Noite";"Decrescente";"Céu Claro";"Dupla";"Reta";"Sim";2;0;2;0;0;0;2;2;-7,16607575;-34,88894885;"SPRF-PB";"DEL01-PB";"UOP01-DEL01-PB"
539230;2023-07-30;"domingo";"16:00:00";"PB";104;46;"BARRA DE SANTA ROSA";"Pedestre cruzava a pista fora da faixa";"Atropelamento de Pedestre";"Com Vítimas Feridas";"Pleno dia";"Crescente";"Sol";"Simples";"Reta";"Sim";2;0;0;1;0;1;1;2;-6,73521882;-36,0463818;"SPRF-PB";"DEL02-PB";"UOP04-DEL02-PB"
539231;2023-07-30;"domingo";"18:45:00";"RS";158;319;"SANTA MARIA";"Avarias e/ou desgaste excessivo no pneu";"Queda de ocupante de veículo";"Com Vítimas Feridas";"Plena Noite";"Decrescente";"Céu Claro";"Simples";"Reta";"Não";2;0;2;0;0;0;2;1;-29,67100704;-53,77296119;"SPRF-RS";"DEL09-RS";"UOP01-DEL09-RS"
539232;2023-06-19;"segunda-feira";"18:10:00";"PR";163;159;"LINDOESTE";"Reação tardia ou ineficiente do condutor";"Saída de leito carroçável";"Com Vítimas Feridas";"Anoitecer";"Crescente";"Céu Claro";"Dupla";"Reta";"Não";1;0;1;0;0;0;1;1;-25,31681536;-53,59139442;"SPRF-PR";"DEL05-PR";"UOP05-DEL05-PR"
539233;2023-07-30;"domingo";"17:30:00";"MA";222;217;"ITAPECURU MIRIM";"Velocidade Incompatível";"Colisão frontal";"Com Vítimas Fatais";"Plena Noite";"Crescente";"Céu Claro";"Simples";"Reta";"Não";8;1;2;5;0;0;7;2;-3,33416122;-44,44204715;"SPRF-MA";"DEL01-MA";"UOP02-DEL01-MA"
539234;2023-07-30;"domingo";"17:20:00";"MT";163;842;"SINOP";"Reação tardia ou ineficiente do condutor";"Colisão frontal";"Com Vítimas Fatais";"Pleno dia";"Crescente";"Céu Claro";"Simples";"Reta";"Sim";5;3;0;2;0;0;2;2;-11,92479503;-55,5117839;"SPRF-MT";"DEL06-MT";"UOP02-DEL06-MT"
539235;2023-07-30;"domingo";"19:00:00";"SC";282;216;"LAGES";"Manobra de mudança de faixa";"Colisão lateral mesmo sentido";"Com Vítimas Feridas";"Plena Noite";"Crescente";"Céu Claro";"Simples";"Reta";"Não";2;0;0;1;1;0;1;2;-27,797529;-50,291862;"SPRF-SC";"DEL05-SC";"UOP01-DEL05-SC"
539236;2023-07-30;"domingo";"18:45:00";"TO";153;333;"GUARAI";"Acessar a via sem observar a presença dos outros veículos";"Colisão transversal";"Com Vítimas Feridas";"Plena Noite";"Crescente";"Céu Claro";"Simples";"Reta";"Sim";6;0;1;0;5;0;1;2;-8,835718;-48,512123;"SPRF-TO";"DEL02-TO";"UOP02-DEL02-TO"
539238;2023-07-30;"domingo";"17:30:00";"PI";402;45,1;"LUIS CORREIA";"Objeto estático sobre o leito carroçável";"Colisão com objeto";"Com Vítimas Feridas";"Pleno dia";"Decrescente";"Sol";"Simples";"Reta";"Não";5;0;1;0;1;3;1;5;-3,00428133;-41,69346078;"SPRF-PI";"DEL05-PI";"UOP01-DEL05-PI"
539239;2023-07-30;"domingo";"19:00:00";"GO";40;5;"VALPARAISO DE GOIAS";"Ausência de reação do condutor";"Colisão traseira";"Sem Vítimas";"Plena Noite";"Decrescente";"Céu Claro";"Dupla";"Reta";"Sim";2;0;0;0;2;0;0;2;-16,093134;-47,982236;"SPRF-DF";"DEL01-DF";"UOP01-DEL01-DF"
539241;2023-07-30;"domingo";"18:50:00";"CE";222;3,5;"CAUCAIA";"Condutor deixou de manter distância do veículo da frente";"Colisão traseira";"Com Vítimas Feridas";"Plena Noite";"Decrescente";"Céu Claro";"Múltipla";"Aclive;Reta";"Sim";2;0;1;0;1;0;1;2;-3,74094;-38,600124;"SPRF-CE";"DEL01-CE";"UOP01-DEL01-CE"
539243;2023-07-30;"domingo";"17:45:00";"SC";280;26,9;"ARAQUARI";"Condutor deixou de manter distância do veículo da frente";"Colisão traseira";"Com Vítimas Feridas";"Anoitecer";"Crescente";"Nublado";"Simples";"Reta";"Sim";3;0;1;0;2;0;1;2;-26,38972308;-48,73411593;"SPRF-SC";"DEL03-SC";"UOP03-DEL03-SC"
539246;2023-07-30;"domingo";"18:20:00";"RJ";101;67;"CAMPOS DOS GOYTACAZES";"Acessar a via sem observar a presença dos outros veículos";"Colisão transversal";"Com Vítimas Feridas";"Plena Noite";"Crescente";"Céu Claro";"Simples";"Retorno Regulamentado;Reta;Interseção de Vias";"Sim";6;0;1;0;5;0;1;2;-21,76751094;-41,34876249;"SPRF-RJ";"DEL08-RJ";"UOP02-DEL08-RJ"
539248;2023-07-30;"domingo";"18:20:00";"BA";101;800,3;"ITAMARAJU";"Ultrapassagem Indevida";"Colisão frontal";"Com Vítimas Fatais";"Anoitecer";"Crescente";"Nublado";"Simples";"Reta";"Não";2;1;0;1;0;0;1;2;-16,954752;-39,555812;"SPRF-BA";"DEL09-BA";"UOP01-DEL09-BA"
539249;2023-07-30;"domingo";"18:10:00";"RO";364;521;"ARIQUEMES";"Acessar a via sem observar a presença dos outros veículos";"Colisão transversal";"Com Vítimas Feridas";"Plena Noite";"Decrescente";"Céu Claro";"Simples";"Interseção de Vias;Reta";"Não";3;0;2;0;1;0;2;2;-9,86637836;-63,05809021;"SPRF-RO";"DEL03-RO";"UOP01-DEL03-RO"
539250;2023-07-30;"domingo";"19:15:00";"PR";467;110;"CASCAVEL";"Ingestão de álcool pelo condutor";"Colisão traseira";"Sem Vítimas";"Plena Noite";"Crescente";"Céu Claro";"Dupla";"Reta";"Sim";2;0;0;0;2;0;0;2;-24,9299;-53,4505;"SPRF-PR";"DEL04-PR";"UOP01-DEL04-PR"
539252;2023-07-30;"domingo";"19:15:00";"MG";262;479;"BOM DESPACHO";"Desrespeitar a preferência no cruzamento";"Colisão transversal";"Com Vítimas Feridas";"Plena Noite";"Crescente";"Céu Claro";"Simples";"Reta";"Sim";2;0;1;1;0;0;2;2;-19,78628062;-45,23887303;"SPRF-MG";"DEL08-MG";"UOP03-DEL08-MG"
539253;2023-07-30;"domingo";"19:25:00";"SP";153;27,4;"NOVA GRANADA";"Ingestão de álcool pelo condutor";"Colisão com objeto";"Com Vítimas Feridas";"Plena Noite";"Crescente";"Nublado";"Simples";"Curva";"Não";2;0;2;0;0;0;2;1;-20,51309795;-49,32308726;"SPRF-SP";"DEL09-SP";"UOP01-DEL09-SP"
539254;2023-07-30;"domingo";"18:35:00";"SP";153;19,8;"NOVA GRANADA";"Retorno proibido";"Colisão lateral mesmo sentido";"Com Vítimas Feridas";"Anoitecer";"Decrescente";"Céu Claro";"Simples";"Reta";"Não";3;0;2;0;1;0;2;2;-20,46039395;-49,28858211;"SPRF-SP";"DEL09-SP";"UOP01-DEL09-SP"
539256;2023-07-30;"domingo";"20:05:00";"ES";101;143;"LINHARES";"Pedestre andava na pista";"Atropelamento de Pedestre";"Com Vítimas Feridas";"Plena Noite";"Decrescente";"Nublado";"Múltipla";"Declive;Reta";"Sim";3;0;1;1;1;0;2;3;-19,34286596;-40,0638568;"SPRF-ES";"DEL04-ES";"UOP01-DEL04-ES"
539257;2023-07-30;"domingo";"19:30:00";"MG";40;508,1;"RIBEIRAO DAS NEVES";"Manobra de mudança de faixa";"Colisão lateral mesmo sentido";"Com Vítimas Feridas";"Plena Noite";"Crescente";"Céu Claro";"Dupla";"Reta";"Sim";2;0;1;0;1;0;1;2;-19,761032;-44,13459;"SPRF-MG";"DEL02-MG";"UOP01-DEL02-MG"
539258;2023-07-30;"domingo";"18:10:00";"MG";262;814;"UBERABA";"Pedestre cruzava a pista fora da faixa";"Atropelamento de Pedestre";"Com Vítimas Fatais";"Anoitecer";"Crescente";"Céu Claro";"Dupla";"Reta";"Sim";2;1;0;0;1;0;0;2;-19,76506609;-48,12286402;"SPRF-MG";"DEL13-MG";"UOP01-DEL13-MG"
539259;2023-07-30;"domingo";"19:20:00";"RJ";101;387,8;"RIO DE JANEIRO";"Manobra de mudança de faixa";"Colisão lateral mesmo sentido";"Com Vítimas Feridas";"Plena Noite";"Crescente";"Céu Claro";"Dupla";"Reta";"Sim";2;0;1;0;0;1;1;2;-22,88537839;-43,64965688;"SPRF-RJ";"DEL03-RJ";"UOP01-DEL03-RJ"
539260;2023-07-30;"domingo";"20:00:00";"RJ";101;312,6;"SAO GONCALO";"Manobra de mudança de faixa";"Colisão lateral mesmo sentido";"Com Vítimas Feridas";"Plena Noite";"Crescente";"Céu Claro";"Dupla";"Reta";"Sim";2;0;1;0;1;0;1;2;-22,80546555;-43,06156967;"SPRF-RJ";"DEL02-RJ";"UOP02-DEL02-RJ"
539261;2023-07-30;"domingo";"19:20:00";"MS";262;375;"TERENOS";"Transitar na contramão";"Colisão transversal";"Com Vítimas Feridas";"Plena Noite";"Crescente";"Céu Claro";"Simples";"Curva";"Não";8;0;0;1;5;2;1;3;-20,48824462;-54,82201518;"SPRF-MS";"DEL01-MS";"UOP03-DEL01-MS"
539262;2023-07-30;"domingo";"18:30:00";"MT";364;1171;"CAMPOS DE JULIO";"Reação tardia ou ineficiente do condutor";"Colisão traseira";"Com Vítimas Feridas";"Anoitecer";"Crescente";"Céu Claro";"Simples";"Reta";"Não";2;0;2;0;0;0;2;2;-13,63708083;-59,13564814;"SPRF-MT";"DEL04-MT";"UOP02-DEL04-MT"
539263;2023-07-30;"domingo";"20:10:00";"RJ";101;313,1;"SAO GONCALO";"Transitar no Acostamento";"Colisão traseira";"Com Vítimas Feridas";"Plena Noite";"Crescente";"Nublado";"Dupla";"Reta";"Sim";2;0;1;0;1;0;1;2;-22,81049093;-43,06983304;"SPRF-RJ";"DEL02-RJ";"UOP02-DEL02-RJ"
539264;2023-07-30;"domingo";"18:20:00";"MG";116;416,8;"GOVERNADOR VALADARES";"Iluminação deficiente";"Colisão traseira";"Com Vítimas Feridas";"Plena Noite";"Crescente";"Nublado";"Simples";"Curva";"Sim";2;0;1;1;0;0;2;2;-18,904678;-41,943152;"SPRF-MG";"DEL06-MG";"UOP01-DEL06-MG"
539265;2023-07-30;"domingo";"19:30:00";"SP";116;484;"CAJATI";"Trafegar com motocicleta (ou similar) entre as faixas";"Colisão transversal";"Com Vítimas Feridas";"Plena Noite";"Decrescente";"Céu Claro";"Dupla";"Reta";"Não";2;0;1;0;1;0;1;2;-24,72231195;-48,062511;"SPRF-SP";"DEL05-SP";"UOP01-DEL05-SP"
539266;2023-07-30;"domingo";"19:30:00";"RS";386;216,7;"TIO HUGO";"Ausência de reação do condutor";"Saída de leito carroçável";"Sem Vítimas";"Plena Noite";"Decrescente";"Céu Claro";"Simples";"Reta";"Sim";2;0;0;0;2;0;0;1;-28,59227325;-52,60346174;"SPRF-RS";"DEL04-RS";"UOP03-DEL04-RS"
539267;2023-07-30;"domingo";"19:30:00";"PR";476;116;"COLOMBO";"Ausência de sinalização";"Capotamento";"Sem Vítimas";"Plena Noite";"Crescente";"Céu Claro";"Simples";"Curva";"Sim";2;0;0;0;0;2;0;1;-25,34996;-49,16642;"SPRF-PR";"DEL01-PR";"UOP01-DEL01-PR"
539268;2023-07-30;"domingo";"19:40:00";"PI";230;306,1;"FLORIANO";"Acessar a via sem observar a presença dos outros veículos";"Colisão lateral mesmo sentido";"Com Vítimas Feridas";"Plena Noite";"Crescente";"Céu Claro";"Simples";"Declive;Rotatória;Curva";"Sim";2;0;0;1;1;0;1;2;-6,79173488;-42,98594092;"SPRF-PI";"DEL03-PI";"UOP01-DEL03-PI"
539270;2023-07-30;"domingo";"18:00:00";"MT";163;754;"SORRISO";"Reação tardia ou ineficiente do condutor";"Saída de leito carroçável";"Com Vítimas Fatais";"Plena Noite";"Decrescente";"Céu Claro";"Dupla";"Reta";"Sim";4;3;0;1;0;0;1;1;-12,542142;-55,708007;"SPRF-MT";"DEL06-MT";"UOP01-DEL06-MT"
539271;2023-07-30;"domingo";"20:50:00";"MG";381;481;"BETIM";"Acessar a via sem observar a presença dos outros veículos";"Colisão lateral mesmo sentido";"Com Vítimas Feridas";"Plena Noite";"Crescente";"Céu Claro";"Dupla";"Reta";"Não";2;0;1;0;1;0;1;2;-19,95931561;-44,08825597;"SPRF-MG";"DEL01-MG";"UOP03-DEL01-MG"
539273;2023-07-30;"domingo";"19:55:00";"PI";316;26;"DEMERVAL LOBAO";"Velocidade Incompatível";"Colisão com objeto";"Com Vítimas Feridas";"Plena Noite";"Decrescente";"Céu Claro";"Dupla";"Em Obras;Aclive;Reta";"Não";1;0;1;0;0;0;1;1;-5,30236009;-42,70784522;"SPRF-PI";"DEL01-PI";"UOP02-DEL01-PI"
539275;2023-07-30;"domingo";"21:10:00";"SE";101;123;"ITAPORANGA DAJUDA";"Ingestão de álcool pelo condutor";"Tombamento";"Com Vítimas Feridas";"Plena Noite";"Decrescente";"Céu Claro";"Dupla";"Reta";"Não";1;0;1;0;0;0;1;1;-11,03730971;-37,3646369;"SPRF-SE";"DEL02-SE";"UOP01-DEL02-SE"
539277;2023-07-30;"domingo";"20:45:00";"RS";116;234;"NOVO HAMBURGO";"Condutor desrespeitou a iluminação vermelha do semáforo";"Colisão transversal";"Com Vítimas Feridas";"Plena Noite";"Decrescente";"Céu Claro";"Simples";"Rotatória;Reta";"Sim";7;0;4;0;3;0;4;2;-29,65005516;-51,14427567;"SPRF-RS";"DEL01-RS";"UOP02-DEL01-RS"
539278;2023-07-30;"domingo";"20:30:00";"PA";308;217;"AUGUSTO CORREA";"Acessar a via sem observar a presença dos outros veículos";"Atropelamento de Pedestre";"Com Vítimas Fatais";"Plena Noite";"Crescente";"Céu Claro";"Simples";"Reta";"Não";2;1;0;0;0;1;0;2;-1,06644956;-46,65296201;"SPRF-PA";"DEL01-PA";"UOP03-DEL01-PA"
539279;2023-07-30;"domingo";"20:10:00";"MG";459;9;"CALDAS";"Transitar na contramão";"Colisão lateral sentido oposto";"Com Vítimas Feridas";"Plena Noite";"Crescente";"Céu Claro";"Simples";"Curva;Aclive";"Não";2;0;1;0;1;0;1;2;-21,807894;-46,479424;"SPRF-MG";"DEL09-MG";"UOP01-DEL09-MG"
539280;2023-07-30;"domingo";"21:10:00";"GO";153;521,7;"HIDROLANDIA";"Ausência de reação do condutor";"Tombamento";"Com Vítimas Feridas";"Plena Noite";"Decrescente";"Céu Claro";"Dupla";"Reta";"Sim";2;0;1;0;0;1;1;2;-16,8937;-49,2557;"SPRF-GO";"DEL01-GO";"UOP03-DEL01-GO"
539281;2023-07-30;"domingo";"18:50:00";"SC";101;320,9;"PESCARIA BRAVA";"Demais falhas mecânicas ou elétricas";"Tombamento";"Com Vítimas Feridas";"Plena Noite";"Decrescente";"Céu Claro";"Dupla";"Reta";"Não";2;0;1;0;1;0;1;1;-28,42800492;-48,88171497;"SPRF-SC";"DEL02-SC";"UOP01-DEL02-SC"
539282;2023-07-30;"domingo";"21:30:00";"SC";280;75;"JARAGUA DO SUL";"Transitar na contramão";"Colisão lateral sentido oposto";"Sem Vítimas";"Plena Noite";"Crescente";"Céu Claro";"Simples";"Curva";"Não";3;0;0;0;3;0;0;3;-26,456725;-49,185733;"SPRF-SC";"DEL03-SC";"UOP03-DEL03-SC"
539283;2023-07-06;"quinta-feira";"17:25:00";"MG";365;499;"PATROCINIO";"Ultrapassagem Indevida";"Tombamento";"Com Vítimas Feridas";"Pleno dia";"Decrescente";"Céu Claro";"Simples";"Curva";"Não";2;0;1;1;0;0;2;1;-18,91652453;-47,20156973;"SPRF-MG";"DEL10-MG";"UOP01-DEL10-MG"
539284;2023-07-30;"domingo";"02:10:00";"MS";376;65,8;"GLORIA DE DOURADOS";"Ausência de reação do condutor";"Colisão lateral sentido oposto";"Com Vítimas Feridas";"Plena Noite";"Crescente";"Nevoeiro/Neblina";"Simples";"Reta";"Não";3;0;2;0;1;0;2;2;-22,396555;-54,22128797;"SPRF-MS";"DEL04-MS";"UOP01-DEL04-MS"
539285;2023-07-30;"domingo";"19:20:00";"RS";470;155,2;"NOVA PRATA";"Transitar na contramão";"Colisão frontal";"Com Vítimas Fatais";"Plena Noite";"Decrescente";"Céu Claro";"Simples";"Curva";"Sim";2;1;0;1;0;0;1;2;-28,77698812;-51,61107659;"SPRF-RS";"DEL06-RS";"UOP02-DEL06-RS"
539287;2023-07-30;"domingo";"18:00:00";"PR";476;232;"LAPA";"Ingestão de álcool pelo condutor";"Saída de leito carroçável";"Com Vítimas Feridas";"Plena Noite";"Crescente";"Céu Claro";"Simples";"Curva";"Não";1;0;0;1;0;0;1;1;-25,883068;-49,998787;"SPRF-PR";"DEL02-PR";"UOP03-DEL02-PR"
539289;2023-07-30;"domingo";"21:45:00";"GO";70;7;"AGUAS LINDAS DE GOIAS";"Pedestre cruzava a pista fora da faixa";"Atropelamento de Pedestre";"Com Vítimas Feridas";"Plena Noite";"Decrescente";"Céu Claro";"Dupla";"Reta";"Sim";2;0;1;1;0;0;2;2;-15,74375533;-48,26779708;"SPRF-DF";"DEL03-DF";"UOP02-DEL03-DF"
539290;2023-07-30;"domingo";"20:30:00";"PR";476;277,9;"SAO MATEUS DO SUL";"Desrespeitar a preferência no cruzamento";"Colisão transversal";"Com Vítimas Feridas";"Plena Noite";"Decrescente";"Céu Claro";"Simples";"Rotatória";"Sim";4;0;1;0;3;0;1;2;-25,86866888;-50,39525615;"SPRF-PR";"DEL02-PR";"UOP03-DEL02-PR"
539291;2023-07-30;"domingo";"22:20:00";"MT";158;653,5;"NOVA XAVANTINA";"Reação tardia ou ineficiente do condutor";"Colisão com objeto";"Com Vítimas Fatais";"Plena Noite";"Crescente";"Céu Claro";"Dupla";"Reta";"Sim";1;1;0;0;0;0;0;1;-14,677501;-52,35897;"SPRF-MT";"DEL07-MT";"UOP01-DEL07-MT"
539292;2023-07-30;"domingo";"21:45:00";"MG";381;349;"JOAO MONLEVADE";"Velocidade Incompatível";"Saída de leito carroçável";"Sem Vítimas";"Plena Noite";"Crescente";"Céu Claro";"Simples";"Declive;Reta";"Não";1;0;0;0;1;0;0;1;-19,85972723;-43,11756134;"SPRF-MG";"DEL03-MG";"UOP01-DEL03-MG"
539293;2023-07-30;"domingo";"18:25:00";"RR";174;512;"BOA VISTA";"Condutor deixou de manter distância do veículo da frente";"Colisão traseira";"Sem Vítimas";"Anoitecer";"Decrescente";"Céu Claro";"Simples";"Reta";"Não";2;0;0;0;2;0;0;2;2,871991;-60,697308;"SPRF-RR";"DEL01-RR";"UOP01-DEL01-RR"
539295;2023-07-30;"domingo";"21:50:00";"SP";116;169;"JACAREI";"Manobra de mudança de faixa";"Colisão com objeto";"Com Vítimas Feridas";"Plena Noite";"Crescente";"Céu Claro";"Dupla";"Reta";"Não";2;0;2;0;0;0;2;1;-23,307652;-46,045128;"SPRF-SP";"DEL02-SP";"UOP01-DEL02-SP"
539296;2023-07-30;"domingo";"18:20:00";"PA";10;306;"IRITUIA";"Velocidade Incompatível";"Saída de leito carroçável";"Com Vítimas Fatais";"Anoitecer";"Crescente";"Céu Claro";"Simples";"Curva;Declive";"Não";1;1;0;0;0;0;0;1;-1,753873;-47,503863;"SPRF-PA";"DEL02-PA";"UOP01-DEL02-PA"
539297;2023-07-30;"domingo";"18:20:00";"ES";262;78;"DOMINGOS MARTINS";"Velocidade Incompatível";"Saída de leito carroçável";"Com Vítimas Feridas";"Plena Noite";"Crescente";"Chuva";"Simples";"Curva";"Não";4;0;2;0;2;0;2;1;-20,41115651;-40,92351223;"SPRF-ES";"DEL01-ES";"UOP02-DEL01-ES"
539298;2023-07-30;"domingo";"23:10:00";"RS";386;349,9;"ESTRELA";"Ausência de reação do condutor";"Colisão com objeto";"Com Vítimas Feridas";"Plena Noite";"Crescente";"Céu Claro";"Dupla";"Reta;Ponte";"Sim";4;0;3;0;1;0;3;1;-29,4751535;-51,9531297;"SPRF-RS";"DEL04-RS";"UOP01-DEL04-RS"
539299;2023-07-30;"domingo";"19:00:00";"BA";420;289;"UBAIRA";"Velocidade Incompatível";"Saída de leito carroçável";"Com Vítimas Fatais";"Pleno dia";"Decrescente";"Céu Claro";"Simples";"Curva;Declive";"Não";1;1;0;0;0;0;0;1;-13,25147185;-39,72661809;"SPRF-BA";"DEL03-BA";"UOP01-DEL03-BA"
539300;2023-07-30;"domingo";"21:45:00";"SP";116;402;"MIRACATU";"Pedestre andava na pista";"Atropelamento de Pedestre";"Com Vítimas Fatais";"Plena Noite";"Crescente";"Nublado";"Dupla";"Reta;Retorno Regulamentado";"Não";3;1;0;0;2;0;0;2;-24,31365773;-47,5187501;"SPRF-SP";"DEL04-SP";"UOP02-DEL04-SP"
539301;2023-07-31;"segunda-feira";"00:40:00";"CE";116;12;"FORTALEZA";"Mal súbito do condutor";"Colisão com objeto";"Com Vítimas Feridas";"Plena Noite";"Decrescente";"Céu Claro";"Dupla";"Curva";"Sim";1;0;1;0;0;0;1;1;-3,852077;-38,495525;"SPRF-CE";"DEL01-CE";"UOP02-DEL01-CE"
539302;2023-07-30;"domingo";"23:50:00";"PE";110;241,2;"JATOBA";"Ausência de reação do condutor";"Tombamento";"Com Vítimas Fatais";"Plena Noite";"Crescente";"Nublado";"Simples";"Reta";"Não";1;1;0;0;0;0;0;1;-9,148655;-38,28464499;"SPRF-BA";"DEL07-BA";"UOP01-DEL07-BA"
539303;2023-07-31;"segunda-feira";"00:10:00";"MS";60;629,7;"JARDIM";"Ausência de reação do condutor";"Saída de leito carroçável";"Com Vítimas Fatais";"Plena Noite";"Decrescente";"Céu Claro";"Simples";"Reta";"Não";1;1;0;0;0;0;0;1;-21,76794;-56,25393;"SPRF-MS";"DEL05-MS";"UOP01-DEL05-MS"
539304;2023-07-31;"segunda-feira";"02:00:00";"SC";101;331,5;"TUBARAO";"Ausência de reação do condutor";"Saída de leito carroçável";"Sem Vítimas";"Plena Noite";"Crescente";"Céu Claro";"Múltipla";"Reta";"Não";1;0;0;0;0;1;0;1;-28,45567521;-48,9812689;"SPRF-SC";"DEL02-SC";"UOP01-DEL02-SC"
539305;2023-07-30;"domingo";"22:30:00";"RJ";116;190;"NOVA IGUACU";"Pedestre cruzava a pista fora da faixa";"Atropelamento de Pedestre";"Com Vítimas Feridas";"Plena Noite";"Crescente";"Céu Claro";"Múltipla";"Reta";"Sim";2;0;0;1;1;0;1;2;-22,74123776;-43,5007311;"SPRF-RJ";"DEL01-RJ";"UOP02-DEL01-RJ"
539306;2023-07-31;"segunda-feira";"00:00:00";"SP";381;87,5;"GUARULHOS";"Entrada inopinada do pedestre";"Atropelamento de Pedestre";"Com Vítimas Feridas";"Plena Noite";"Decrescente";"Céu Claro";"Múltipla";"Reta";"Sim";2;0;0;1;0;1;1;2;-23,46885001;-46,56996601;"SPRF-SP";"DEL03-SP";"UOP01-DEL03-SP"
539307;2023-07-31;"segunda-feira";"04:05:00";"SP";116;97;"PINDAMONHANGABA";"Ausência de reação do condutor";"Tombamento";"Com Vítimas Feridas";"Plena Noite";"Decrescente";"Céu Claro";"Dupla";"Reta";"Não";1;0;1;0;0;0;1;1;-22,97375666;-45,44726115;"SPRF-SP";"DEL08-SP";"UOP01-DEL08-SP"
539311;2023-07-30;"domingo";"23:10:00";"SC";101;17,5;"JOINVILLE";"Reação tardia ou ineficiente do condutor";"Colisão traseira";"Com Vítimas Feridas";"Plena Noite";"Decrescente";"Céu Claro";"Dupla";"Reta";"Não";4;0;1;1;1;1;2;3;-26,12141519;-48,88262078;"SPRF-SC";"DEL03-SC";"UOP01-DEL03-SC"
539312;2023-07-31;"segunda-feira";"04:30:00";"PR";277;659;"MATELANDIA";"Avarias e/ou desgaste excessivo no pneu";"Colisão com objeto";"Com Vítimas Feridas";"Plena Noite";"Decrescente";"Céu Claro";"Dupla";"Curva";"Não";1;0;1;0;0;0;1;1;-25,24873282;-53,98441315;"SPRF-PR";"DEL05-PR";"UOP02-DEL05-PR"
539313;2023-07-31;"segunda-feira";"05:00:00";"RN";406;101;"JOAO CAMARA";"Reação tardia ou ineficiente do condutor";"Colisão traseira";"Com Vítimas Feridas";"Amanhecer";"Crescente";"Ignorado";"Simples";"Aclive;Reta";"Não";3;0;2;0;1;0;2;2;-5,52190691;-35,82394168;"SPRF-RN";"DEL02-RN";"UOP01-DEL02-RN"
539314;2023-07-30;"domingo";"19:30:00";"TO";242;300;"PEIXE";"Ingestão de álcool pelo condutor";"Saída de leito carroçável";"Com Vítimas Feridas";"Plena Noite";"Crescente";"Céu Claro";"Simples";"Em Obras;Reta";"Não";2;0;1;0;0;1;1;2;-12,12261712;-48,53186462;"SPRF-TO";"DEL01-TO";"UOP02-DEL01-TO"
539316;2023-07-23;"domingo";"03:01:00";"PE";101;46;"IGARASSU";"Acessar a via sem observar a presença dos outros veículos";"Colisão transversal";"Com Vítimas Feridas";"Plena Noite";"Crescente";"Céu Claro";"Múltipla";"Reta";"Sim";3;0;2;0;0;1;2;2;-7,87406004;-34,90588126;"SPRF-PE";"DEL01-PE";"UOP02-DEL01-PE"
539318;2023-07-30;"domingo";"23:45:00";"DF";70;3;"BRASILIA";"Condutor Dormindo";"Saída de leito carroçável";"Sem Vítimas";"Plena Noite";"Decrescente";"Céu Claro";"Dupla";"Reta;Retorno Regulamentado";"Sim";1;0;0;0;0;1;0;1;-15,890521;-48,086864;"SPRF-DF";"DEL03-DF";"UOP02-DEL03-DF"
539319;2023-07-31;"segunda-feira";"05:30:00";"BA";367;54;"PORTO SEGURO";"Reação tardia ou ineficiente do condutor";"Saída de leito carroçável";"Com Vítimas Feridas";"Amanhecer";"Crescente";"Céu Claro";"Simples";"Curva;Em Obras";"Não";2;0;1;0;1;0;1;1;-16,38550286;-39,33035911;"SPRF-BA";"DEL09-BA";"UOP03-DEL09-BA"
539321;2023-07-31;"segunda-feira";"04:20:00";"RJ";493;67;"NOVA IGUACU";"Animais na Pista";"Capotamento";"Com Vítimas Feridas";"Plena Noite";"Decrescente";"Céu Claro";"Dupla";"Curva";"Não";1;0;1;0;0;0;1;1;-22,6835587;-43,4292984;"SPRF-RJ";"DEL01-RJ";"UOP03-DEL01-RJ"
539322;2023-07-31;"segunda-feira";"06:10:00";"SP";116;229;"SAO PAULO";"Manobra de mudança de faixa";"Colisão lateral mesmo sentido";"Com Vítimas Feridas";"Pleno dia";"Crescente";"Céu Claro";"Múltipla";"Reta";"Sim";4;0;2;0;2;0;2;4;-23,51291902;-46,57604698;"SPRF-SP";"DEL01-SP";"UOP01-DEL01-SP"
539323;2023-07-31;"segunda-feira";"06:50:00";"DF";20;13,3;"BRASILIA";"Pedestre cruzava a pista fora da faixa";"Atropelamento de Pedestre";"Com Vítimas Feridas";"Pleno dia";"Decrescente";"Céu Claro";"Dupla";"Reta";"Sim";2;0;0;1;1;0;1;2;-15,638752;-47,749599;"SPRF-DF";"DEL02-DF";"UOP01-DEL02-DF"
539324;2023-07-31;"segunda-feira";"07:00:00";"SP";116;210;"GUARULHOS";"Reação tardia ou ineficiente do condutor";"Colisão lateral mesmo sentido";"Com Vítimas Feridas";"Pleno dia";"Crescente";"Nublado";"Múltipla";"Reta";"Não";2;0;1;0;1;0;1;2;-23,42870023;-46,41085991;"SPRF-SP";"DEL01-SP";"UOP01-DEL01-SP"