"id";"data_inversa";"dia_semana";"horario";"uf";"br";"km";"municipio";"causa_acidente";"tipo_acidente";"classificacao_acidente";"fase_dia";"sentido_via";"condicao_metereologica";"tipo_pista";"tracado_via";"uso_solo";"pessoas";"mortos";"feridos_leves";"feridos_graves";"ilesos";"ignorados";"feridos";"veiculos";"latitude";"longitude";"regional";"delegacia";"uop"
539325;2023-07-31;"segunda-feira";"06:40:00";"MG";40;517;"RIBEIRAO DAS NEVES";"Trafegar com motocicleta (ou similar) entre as faixas";"Colisão lateral mesmo sentido";"Com Vítimas Feridas";"Pleno dia";"Crescente";"Céu Claro";"Dupla";"Reta";"Sim";3;0;1;0;2;0;1;3;-19,82577828;-44,0843153;"SPRF-MG";"DEL01-MG";"UOP02-DEL01-MG"
539327;2023-07-31;"segunda-feira";"07:00:00";"MG";40;512;"RIBEIRAO DAS NEVES";"Trafegar com motocicleta (ou similar) entre as faixas";"Colisão lateral mesmo sentido";"Com Vítimas Feridas";"Pleno dia";"Crescente";"Céu Claro";"Dupla";"Curva;Aclive";"Não";4;0;1;0;3;0;1;4;-19,79626385;-44,10937786;"SPRF-MG";"DEL01-MG";"UOP02-DEL01-MG"
539328;2023-07-31;"segunda-feira";"07:00:00";"RJ";101;506;"ANGRA DOS REIS";"Condutor Dormindo";"Colisão frontal";"Com Vítimas Feridas";"Pleno dia";"Decrescente";"Céu Claro";"Dupla";"Curva";"Não";2;0;2;0;0;0;2;2;-22,93656594;-44,39972699;"SPRF-RJ";"DEL03-RJ";"UOP03-DEL03-RJ"
539329;2023-07-31;"segunda-feira";"06:55:00";"PR";116;207,9;"RIO NEGRO";"Pedestre cruzava a pista fora da faixa";"Atropelamento de Pedestre";"Com Vítimas Feridas";"Amanhecer";"Crescente";"Nevoeiro/Neblina";"Simples";"Interseção de Vias;Aclive;Reta";"Sim";2;0;0;1;1;0;1;2;-26,0795816;-49,7689234;"SPRF-SC";"DEL06-SC";"UOP01-DEL06-SC"
539332;2023-07-31;"segunda-feira";"07:20:00";"PR";376;222,6;"CAMBIRA";"Acessar a via sem observar a presença dos outros veículos";"Colisão transversal";"Com Vítimas Fatais";"Pleno dia";"Decrescente";"Céu Claro";"Dupla";"Interseção de Vias;Retorno Regulamentado;Reta";"Não";2;1;0;0;1;0;0;2;-23,59676737;-51,58132214;"SPRF-PR";"DEL07-PR";"UOP03-DEL07-PR"
539333;2023-07-31;"segunda-feira";"07:50:00";"SC";101;201;"SAO JOSE";"Manobra de mudança de faixa";"Colisão lateral mesmo sentido";"Com Vítimas Feridas";"Pleno dia";"Crescente";"Céu Claro";"Dupla";"Reta";"Sim";3;0;2;0;1;0;2;2;-27,54836599;-48,61977975;"SPRF-SC";"DEL01-SC";"UOP01-DEL01-SC"
539334;2023-07-31;"segunda-feira";"07:30:00";"DF";60;2,9;"BRASILIA";"Ausência de reação do condutor";"Colisão traseira";"Com Vítimas Feridas";"Pleno dia";"Crescente";"Céu Claro";"Dupla";"Reta";"Sim";3;0;2;0;1;0;2;3;-15,890521;-48,086864;"SPRF-DF";"DEL03-DF";"UOP01-DEL03-DF"
539335;2023-07-31;"segunda-feira";"07:00:00";"ES";101;285;"CARIACICA";"Ausência de reação do condutor";"Colisão traseira";"Com Vítimas Feridas";"Pleno dia";"Decrescente";"Nublado";"Múltipla";"Reta";"Não";2;0;1;0;0;1;1;2;-20,25902175;-40,37753412;"SPRF-ES";"DEL01-ES";"UOP01-DEL01-ES"
539337;2023-07-31;"segunda-feira";"06:35:00";"AL";101;185,2;"JUNQUEIRO";"Acessar a via sem observar a presença dos outros veículos";"Colisão lateral mesmo sentido";"Com Vítimas Fatais";"Pleno dia";"Decrescente";"Nublado";"Dupla";"Reta";"Sim";4;1;1;0;1;1;1;3;-9,91976653;-36,31982714;"SPRF-AL";"DEL02-AL";"UOP02-DEL02-AL"
539339;2023-07-31;"segunda-feira";"07:30:00";"RN";304;296;"MACAIBA";"Manobra de mudança de faixa";"Colisão transversal";"Com Vítimas Feridas";"Pleno dia";"Crescente";"Céu Claro";"Dupla";"Reta";"Sim";2;0;0;1;1;0;1;2;-5,86484905;-35,34931012;"SPRF-RN";"DEL01-RN";"UOP02-DEL01-RN"
539342;2023-07-31;"segunda-feira";"08:10:00";"RS";116;259;"CANOAS";"Condutor deixou de manter distância do veículo da frente";"Colisão traseira";"Com Vítimas Feridas";"Pleno dia";"Crescente";"Céu Claro";"Dupla";"Reta";"Sim";2;0;1;0;0;1;1;2;-29,870408;-51,179909;"SPRF-RS";"DEL01-RS";"UOP02-DEL01-RS"
539343;2023-07-30;"domingo";"19:00:00";"RS";290;547,9;"ALEGRETE";"Demais falhas mecânicas ou elétricas";"Queda de ocupante de veículo";"Com Vítimas Feridas";"Anoitecer";"Crescente";"Céu Claro";"Simples";"Reta";"Não";2;0;2;0;0;0;2;1;-29,88589962;-55,59082031;"SPRF-RS";"DEL13-RS";"UOP02-DEL13-RS"
539344;2023-07-31;"segunda-feira";"08:30:00";"PR";277;83;"CURITIBA";"Manobra de mudança de faixa";"Colisão lateral mesmo sentido";"Com Vítimas Feridas";"Pleno dia";"Crescente";"Céu Claro";"Dupla";"Reta";"Sim";4;0;1;1;2;0;2;3;-25,45567494;-49,22492981;"SPRF-PR";"DEL01-PR";"UOP01-DEL01-PR"
539346;2023-07-31;"segunda-feira";"05:00:00";"SC";101;133,6;"BALNEARIO CAMBORIU";"Reação tardia ou ineficiente do condutor";"Colisão com objeto";"Sem Vítimas";"Plena Noite";"Crescente";"Céu Claro";"Simples";"Reta";"Sim";1;0;0;0;0;1;0;1;-26,99936;-48,64609;"SPRF-SC";"DEL04-SC";"UOP03-DEL04-SC"
539348;2023-07-31;"segunda-feira";"08:10:00";"PR";369;141;"IBIPORA";"Acesso irregular";"Colisão com objeto";"Com Vítimas Feridas";"Pleno dia";"Decrescente";"Céu Claro";"Simples";"Aclive";"Sim";2;0;1;0;1;0;1;2;-23,28481368;-51,07337952;"SPRF-PR";"DEL07-PR";"UOP01-DEL07-PR"
539349;2023-07-31;"segunda-feira";"08:50:00";"MG";381;857,2;"POUSO ALEGRE";"Pedestre andava na pista";"Atropelamento de Pedestre";"Com Vítimas Fatais";"Pleno dia";"Crescente";"Nublado";"Dupla";"Reta";"Não";7;1;0;0;2;4;0;2;-22,29958597;-45,90018582;"SPRF-MG";"DEL16-MG";"UOP01-DEL16-MG"
539351;2023-07-31;"segunda-feira";"08:20:00";"PR";277;14;"PARANAGUA";"Retorno proibido";"Colisão transversal";"Com Vítimas Feridas";"Pleno dia";"Decrescente";"Céu Claro";"Dupla";"Reta";"Não";2;0;1;0;0;1;1;2;-25,568198;-48,615292;"SPRF-PR";"DEL01-PR";"UOP05-DEL01-PR"
539352;2023-07-29;"sábado";"20:09:00";"RS";472;578,5;"URUGUAIANA";"Reação tardia ou ineficiente do condutor";"Colisão com objeto";"Sem Vítimas";"Plena Noite";"Decrescente";"Céu Claro";"Simples";"Reta";"Sim";1;0;0;0;1;0;0;1;-29,78319203;-57,0704627;"SPRF-RS";"DEL13-RS";"UOP01-DEL13-RS"
539353;2023-07-31;"segunda-feira";"09:05:00";"PE";232;144;"SAO CAITANO";"Reação tardia ou ineficiente do condutor";"Saída de leito carroçável";"Com Vítimas Feridas";"Pleno dia";"Crescente";"Céu Claro";"Dupla";"Reta";"Não";1;0;1;0;0;0;1;1;-8,32522249;-36,11250878;"SPRF-PE";"DEL02-PE";"UOP01-DEL02-PE"
539355;2023-07-31;"segunda-feira";"08:50:00";"RJ";101;327;"RIO DE JANEIRO";"Condutor deixou de manter distância do veículo da frente";"Colisão traseira";"Com Vítimas Feridas";"Pleno dia";"Crescente";"Céu Claro";"Simples";"Ponte;Reta";"Sim";2;0;1;0;1;0;1;2;-22,870516;-43,163205;"SPRF-RJ";"DEL02-RJ";"UOP01-DEL02-RJ"
539356;2023-07-31;"segunda-feira";"08:10:00";"PR";469;16;"FOZ DO IGUACU";"Ingestão de álcool pelo condutor";"Colisão traseira";"Com Vítimas Feridas";"Pleno dia";"Decrescente";"Céu Claro";"Simples";"Reta";"Sim";2;0;1;0;1;0;1;2;-25,5844;-54,5245;"SPRF-PR";"DEL05-PR";"UOP04-DEL05-PR"
539358;2023-07-31;"segunda-feira";"07:30:00";"MG";116;290,8;"TEOFILO OTONI";"Acessar a via sem observar a presença dos outros veículos";"Colisão transversal";"Com Vítimas Feridas";"Pleno dia";"Decrescente";"Nublado";"Múltipla";"Reta;Retorno Regulamentado";"Sim";3;0;1;0;1;1;1;3;-17,96871824;-41,54191753;"SPRF-MG";"DEL11-MG";"UOP01-DEL11-MG"
539359;2023-07-29;"sábado";"23:00:00";"SC";280;24;"ARAQUARI";"Acessar a via sem observar a presença dos outros veículos";"Colisão transversal";"Com Vítimas Feridas";"Plena Noite";"Crescente";"Céu Claro";"Simples";"Reta";"Sim";2;0;1;0;1;0;1;2;-26,37724921;-48,71953282;"SPRF-SC";"DEL03-SC";"UOP03-DEL03-SC"
539361;2023-07-31;"segunda-feira";"08:45:00";"MG";381;746;"TRES CORACOES";"Avarias e/ou desgaste excessivo no pneu";"Colisão com objeto";"Com Vítimas Feridas";"Pleno dia";"Decrescente";"Nublado";"Dupla";"Curva";"Não";2;0;2;0;0;0;2;1;-21,61498344;-45,26126862;"SPRF-MG";"DEL16-MG";"UOP02-DEL16-MG"
539363;2023-05-01;"segunda-feira";"17:30:00";"MG";40;129,3;"JOAO PINHEIRO";"Transitar na contramão";"Colisão lateral sentido oposto";"Com Vítimas Feridas";"Anoitecer";"Decrescente";"Céu Claro";"Simples";"Reta";"Não";2;0;0;1;1;0;1;2;-17,70395211;-46,29471003;"SPRF-MG";"DEL14-MG";"UOP01-DEL14-MG"
539364;2023-07-31;"segunda-feira";"10:30:00";"MG";40;457;"CAETANOPOLIS";"Demais falhas mecânicas ou elétricas";"Queda de ocupante de veículo";"Com Vítimas Feridas";"Pleno dia";"Crescente";"Céu Claro";"Dupla";"Reta";"Não";2;0;2;0;0;0;2;1;-19,32547602;-44,36467416;"SPRF-MG";"DEL02-MG";"UOP01-DEL02-MG"
539365;2023-07-30;"domingo";"16:45:00";"BA";242;190;"ITABERABA";"Avarias e/ou desgaste excessivo no pneu";"Colisão com objeto";"Sem Vítimas";"Anoitecer";"Crescente";"Céu Claro";"Simples";"Reta;Declive";"Não";1;0;0;0;0;1;0;1;-12,51994971;-39,957318;"SPRF-BA";"DEL06-BA";"UOP02-DEL06-BA"
539366;2023-07-31;"segunda-feira";"09:25:00";"PR";277;645,1;"CEU AZUL";"Ausência de reação do condutor";"Colisão traseira";"Com Vítimas Feridas";"Pleno dia";"Decrescente";"Céu Claro";"Simples";"Curva;Aclive";"Não";2;0;1;0;1;0;1;2;-25,17360863;-53,89806211;"SPRF-PR";"DEL05-PR";"UOP02-DEL05-PR"
539368;2023-07-30;"domingo";"18:00:00";"PR";163;63,5;"PEROLA DOESTE";"Ausência de reação do condutor";"Saída de leito carroçável";"Com Vítimas Feridas";"Anoitecer";"Decrescente";"Céu Claro";"Simples";"Reta;Declive";"Não";1;0;1;0;0;0;1;1;-25,842924;-53,751544;"SPRF-PR";"DEL02-PR";"UOP02-DEL02-PR"
539369;2023-07-31;"segunda-feira";"10:30:00";"MS";376;117,5;"IVINHEMA";"Desrespeitar a preferência no cruzamento";"Colisão transversal";"Com Vítimas Feridas";"Pleno dia";"Crescente";"Sol";"Simples";"Interseção de Vias";"Sim";2;0;0;1;1;0;1;2;-22,31692809;-53,81904876;"SPRF-MS";"DEL04-MS";"UOP04-DEL04-MS"
539371;2023-07-17;"segunda-feira";"16:30:00";"PI";316;306;"PICOS";"Ultrapassagem Indevida";"Colisão frontal";"Com Vítimas Fatais";"Pleno dia";"Crescente";"Sol";"Simples";"Curva";"Não";2;1;0;0;1;0;0;2;-7,07653;-41,509712;"SPRF-PI";"DEL04-PI";"UOP01-DEL04-PI"
539374;2023-05-13;"sábado";"23:00:00";"BA";324;530;"FEIRA DE SANTANA";"Condutor Dormindo";"Queda de ocupante de veículo";"Com Vítimas Feridas";"Plena Noite";"Decrescente";"Nublado";"Dupla";"Reta";"Não";1;0;1;0;0;0;1;1;-12,34008568;-38,84573579;"SPRF-BA";"DEL01-BA";"UOP03-DEL01-BA"
539375;2023-07-31;"segunda-feira";"10:30:00";"PA";316;110;"SANTA MARIA DO PARA";"Reação tardia ou ineficiente do condutor";"Colisão traseira";"Sem Vítimas";"Pleno dia";"Decrescente";"Céu Claro";"Simples";"Curva";"Não";2;0;0;0;2;0;0;2;-1,32235116;-47,52052288;"SPRF-PA";"DEL01-PA";"UOP02-DEL01-PA"
539379;2023-07-31;"segunda-feira";"10:50:00";"RO";319;64;"PORTO VELHO";"Acessar a via sem observar a presença dos outros veículos";"Colisão traseira";"Sem Vítimas";"Pleno dia";"Crescente";"Céu Claro";"Dupla";"Retorno Regulamentado";"Sim";2;0;0;0;2;0;0;2;-8,76759331;-63,88404965;"SPRF-RO";"DEL01-RO";"UOP01-DEL01-RO"
539380;2023-07-31;"segunda-feira";"11:45:00";"SC";101;426,1;"SOMBRIO";"Demais falhas mecânicas ou elétricas";"Tombamento";"Com Vítimas Feridas";"Pleno dia";"Decrescente";"Céu Claro";"Múltipla";"Reta";"Não";2;0;2;0;0;0;2;1;-29,03606014;-49,608078;"SPRF-SC";"DEL02-SC";"UOP02-DEL02-SC"
539381;2023-07-31;"segunda-feira";"10:40:00";"SC";163;69;"SAO MIGUEL DO OESTE";"Acessar a via sem observar a presença dos outros veículos";"Colisão transversal";"Com Vítimas Feridas";"Pleno dia";"Decrescente";"Céu Claro";"Dupla";"Declive;Interseção de Vias;Em Obras;Reta";"Sim";2;0;1;0;1;0;1;2;-26,7402449;-53,5012722;"SPRF-SC";"DEL07-SC";"UOP03-DEL07-SC"
539383;2023-07-31;"segunda-feira";"11:27:00";"SC";101;207,9;"SAO JOSE";"Condutor deixou de manter distância do veículo da frente";"Colisão traseira";"Com Vítimas Feridas";"Pleno dia";"Decrescente";"Céu Claro";"Múltipla";"Reta;Declive";"Sim";2;0;2;0;0;0;2;2;-27,60001226;-48,6226467;"SPRF-SC";"DEL01-SC";"UOP01-DEL01-SC"
539384;2023-07-31;"segunda-feira";"11:25:00";"SC";101;148,9;"ITAPEMA";"Condutor deixou de manter distância do veículo da frente";"Colisão lateral mesmo sentido";"Com Vítimas Feridas";"Pleno dia";"Crescente";"Céu Claro";"Múltipla";"Interseção de Vias";"Sim";2;0;1;0;1;0;1;2;-27,10123686;-48,61807962;"SPRF-SC";"DEL04-SC";"UOP03-DEL04-SC"
539385;2023-07-31;"segunda-feira";"12:12:00";"MG";262;358;"BETIM";"Reação tardia ou ineficiente do condutor";"Colisão traseira";"Com Vítimas Feridas";"Pleno dia";"Crescente";"Céu Claro";"Dupla";"Declive;Reta";"Não";3;0;1;0;1;1;1;3;-19,97562699;-44,197751;"SPRF-MG";"DEL01-MG";"UOP03-DEL01-MG"
539386;2023-07-23;"domingo";"11:35:00";"CE";116;28;"ITAITINGA";"Ausência de reação do condutor";"Colisão traseira";"Sem Vítimas";"Pleno dia";"Crescente";"Céu Claro";"Múltipla";"Interseção de Vias;Reta";"Não";4;0;0;0;1;3;0;2;-3,993072;-38,516277;"SPRF-CE";"DEL01-CE";"UOP02-DEL01-CE"
539389;2023-07-31;"segunda-feira";"13:10:00";"MG";365;624;"UBERLANDIA";"Reação tardia ou ineficiente do condutor";"Colisão traseira";"Com Vítimas Feridas";"Pleno dia";"Decrescente";"Céu Claro";"Dupla";"Reta;Em Obras";"Sim";2;0;1;0;1;0;1;2;-18,90754763;-48,3160669;"SPRF-MG";"DEL15-MG";"UOP01-DEL15-MG"
539390;2023-07-31;"segunda-feira";"11:55:00";"PR";163;291;"MARECHAL CANDIDO RONDON";"Reação tardia ou ineficiente do condutor";"Colisão traseira";"Sem Vítimas";"Pleno dia";"Decrescente";"Céu Claro";"Simples";"Reta";"Não";4;0;0;0;4;0;0;3;-24,51976923;-54,10441518;"SPRF-PR";"DEL06-PR";"UOP02-DEL06-PR"
539392;2023-07-31;"segunda-feira";"12:30:00";"PI";316;31;"DEMERVAL LOBAO";"Acessar a via sem observar a presença dos outros veículos";"Colisão transversal";"Com Vítimas Feridas";"Pleno dia";"Decrescente";"Sol";"Simples";"Reta;Em Obras";"Não";3;0;1;1;1;0;2;2;-5,33958796;-42,69400899;"SPRF-PI";"DEL01-PI";"UOP02-DEL01-PI"
539394;2023-07-31;"segunda-feira";"13:10:00";"MG";116;704,6;"MURIAE";"Acesso irregular";"Colisão lateral mesmo sentido";"Com Vítimas Feridas";"Pleno dia";"Crescente";"Sol";"Simples";"Reta";"Sim";2;0;1;0;1;0;1;2;-21,1406253;-42,38133073;"SPRF-MG";"DEL07-MG";"UOP02-DEL07-MG"
539395;2023-07-31;"segunda-feira";"13:30:00";"PR";163;284;"MARECHAL CANDIDO RONDON";"Condutor deixou de manter distância do veículo da frente";"Colisão traseira";"Com Vítimas Feridas";"Pleno dia";"Decrescente";"Céu Claro";"Simples";"Aclive;Reta";"Sim";6;0;1;0;5;0;1;2;-24,55221736;-54,04069662;"SPRF-PR";"DEL06-PR";"UOP02-DEL06-PR"
539398;2023-07-31;"segunda-feira";"13:15:00";"MG";381;453;"SABARA";"Transitar no Acostamento";"Atropelamento de Pedestre";"Com Vítimas Feridas";"Pleno dia";"Crescente";"Sol";"Simples";"Reta";"Sim";2;0;2;0;0;0;2;2;-19,85197588;-43,88851019;"SPRF-MG";"DEL01-MG";"UOP01-DEL01-MG"
539400;2023-07-31;"segunda-feira";"13:18:00";"DF";20;5;"BRASILIA";"Ausência de reação do condutor";"Tombamento";"Com Vítimas Feridas";"Pleno dia";"Decrescente";"Céu Claro";"Dupla";"Aclive;Reta";"Sim";2;0;2;0;0;0;2;1;-15,670546;-47,816044;"SPRF-DF";"DEL02-DF";"UOP01-DEL02-DF"
539401;2023-07-31;"segunda-feira";"14:00:00";"MG";381;434;"SABARA";"Frear bruscamente";"Queda de ocupante de veículo";"Com Vítimas Feridas";"Pleno dia";"Crescente";"Sol";"Simples";"Declive;Reta";"Não";3;0;0;2;1;0;2;2;-19,78681484;-43,72610092;"SPRF-MG";"DEL01-MG";"UOP01-DEL01-MG"
539402;2023-07-31;"segunda-feira";"13:20:00";"PR";369;199,4;"APUCARANA";"Condutor deixou de manter distância do veículo da frente";"Colisão traseira";"Com Vítimas Feridas";"Pleno dia";"Decrescente";"Céu Claro";"Simples";"Aclive;Reta";"Não";3;0;1;0;2;0;1;2;-23,52445;-51,44394;"SPRF-PR";"DEL07-PR";"UOP03-DEL07-PR"
539404;2023-07-31;"segunda-feira";"08:00:00";"CE";116;19;"EUSEBIO";"Trafegar com motocicleta (ou similar) entre as faixas";"Tombamento";"Com Vítimas Feridas";"Pleno dia";"Decrescente";"Céu Claro";"Dupla";"Reta";"Sim";1;0;1;0;0;0;1;1;-3,91384397;-38,50667231;"SPRF-CE";"DEL01-CE";"UOP02-DEL01-CE"
539405;2023-07-31;"segunda-feira";"13:55:00";"RJ";101;67;"CAMPOS DOS GOYTACAZES";"Condutor deixou de manter distância do veículo da frente";"Colisão traseira";"Com Vítimas Feridas";"Pleno dia";"Crescente";"Céu Claro";"Simples";"Interseção de Vias;Retorno Regulamentado;Reta";"Sim";2;0;1;0;1;0;1;2;-21,768038;-41,349937;"SPRF-RJ";"DEL08-RJ";"UOP02-DEL08-RJ"
539406;2023-07-31;"segunda-feira";"12:45:00";"SC";101;204,1;"SAO JOSE";"Reação tardia ou ineficiente do condutor";"Atropelamento de Pedestre";"Com Vítimas Feridas";"Pleno dia";"Crescente";"Céu Claro";"Dupla";"Interseção de Vias;Reta";"Sim";2;0;1;0;1;0;1;2;-27,57413014;-48,61363083;"SPRF-SC";"DEL01-SC";"UOP01-DEL01-SC"
539407;2023-07-31;"segunda-feira";"14:20:00";"MG";365;777,6;"ITUIUTABA";"Demais falhas mecânicas ou elétricas";"Saída de leito carroçável";"Com Vítimas Feridas";"Pleno dia";"Decrescente";"Céu Claro";"Simples";"Reta";"Não";3;0;3;0;0;0;3;1;-18,95872561;-49,67756598;"SPRF-MG";"DEL15-MG";"UOP03-DEL15-MG"
539410;2023-07-31;"segunda-feira";"13:00:00";"PA";10;354;"SANTA MARIA DO PARA";"Acessar a via sem observar a presença dos outros veículos";"Colisão transversal";"Sem Vítimas";"Pleno dia";"Crescente";"Céu Claro";"Simples";"Interseção de Vias;Em Obras;Reta";"Sim";4;0;0;0;3;1;0;3;-1,34759789;-47,57735696;"SPRF-PA";"DEL01-PA";"UOP02-DEL01-PA"
539411;2023-06-19;"segunda-feira";"17:50:00";"RO";319;45;"PORTO VELHO";"Acessar a via sem observar a presença dos outros veículos";"Colisão lateral mesmo sentido";"Com Vítimas Feridas";"Pleno dia";"Crescente";"Céu Claro";"Simples";"Reta";"Não";3;0;0;1;1;1;1;3;-8,68379899;-63,99440378;"SPRF-RO";"DEL01-RO";"UOP01-DEL01-RO"
539412;2023-05-26;"sexta-feira";"17:30:00";"BA";324;517,7;"FEIRA DE SANTANA";"Desrespeitar a preferência no cruzamento";"Colisão frontal";"Com Vítimas Feridas";"Pleno dia";"Crescente";"Céu Claro";"Simples";"Interseção de Vias;Reta";"Sim";2;0;0;1;0;1;1;2;-12,25713674;-38,93222094;"SPRF-BA";"DEL02-BA";"UOP01-DEL02-BA"
539413;2023-07-09;"domingo";"18:10:00";"PB";230;461,5;"SOUSA";"Ingestão de álcool pelo condutor";"Atropelamento de Pedestre";"Com Vítimas Feridas";"Plena Noite";"Decrescente";"Céu Claro";"Simples";"Reta";"Sim";3;0;2;1;0;0;3;2;-6,7753;-38,2061;"SPRF-PB";"DEL03-PB";"UOP03-DEL03-PB"
539414;2023-07-31;"segunda-feira";"15:00:00";"PR";469;14,5;"FOZ DO IGUACU";"Condutor deixou de manter distância do veículo da frente";"Colisão traseira";"Com Vítimas Feridas";"Pleno dia";"Crescente";"Céu Claro";"Simples";"Em Obras";"Sim";2;0;1;0;1;0;1;2;-25,5781;-54,5411;"SPRF-PR";"DEL05-PR";"UOP04-DEL05-PR"
539416;2023-07-31;"segunda-feira";"15:00:00";"RS";386;351,6;"ESTRELA";"Avarias e/ou desgaste excessivo no pneu";"Tombamento";"Com Vítimas Feridas";"Pleno dia";"Crescente";"Céu Claro";"Múltipla";"Declive;Reta";"Sim";2;0;1;0;1;0;1;1;-29,483124;-51,954472;"SPRF-RS";"DEL04-RS";"UOP01-DEL04-RS"
539417;2023-07-31;"segunda-feira";"09:15:00";"PB";230;72;"SOBRADO";"Demais falhas mecânicas ou elétricas";"Incêndio";"Sem Vítimas";"Pleno dia";"Crescente";"Céu Claro";"Dupla";"Reta";"Não";1;0;0;0;1;0;0;1;-7,1907;-35,2418;"SPRF-PB";"DEL01-PB";"UOP03-DEL01-PB"
539418;2023-04-23;"domingo";"04:00:00";"MG";50;176;"UBERABA";"Ausência de reação do condutor";"Tombamento";"Com Vítimas Feridas";"Plena Noite";"Decrescente";"Céu Claro";"Dupla";"Reta";"Sim";2;0;1;0;0;1;1;1;-19,77919981;-47,960032;"SPRF-MG";"DEL13-MG";"UOP01-DEL13-MG"
539419;2023-07-26;"quarta-feira";"20:10:00";"RS";470;212,9;"BENTO GONCALVES";"Desrespeitar a preferência no cruzamento";"Colisão frontal";"Com Vítimas Feridas";"Plena Noite";"Crescente";"Nevoeiro/Neblina";"Dupla";"Interseção de Vias;Curva";"Sim";2;0;1;0;1;0;1;2;-29,14484321;-51,53389335;"SPRF-RS";"DEL06-RS";"UOP01-DEL06-RS"
539420;2023-07-31;"segunda-feira";"11:00:00";"MG";365;419;"PATOS DE MINAS";"Acessar a via sem observar a presença dos outros veículos";"Colisão lateral sentido oposto";"Com Vítimas Feridas";"Pleno dia";"Decrescente";"Céu Claro";"Simples";"Curva";"Não";5;0;5;0;0;0;5;2;-18,69581421;-46,59448986;"SPRF-MG";"DEL10-MG";"UOP01-DEL10-MG"
539421;2023-07-31;"segunda-feira";"14:58:00";"GO";40;45,7;"LUZIANIA";"Velocidade Incompatível";"Saída de leito carroçável";"Sem Vítimas";"Pleno dia";"Crescente";"Céu Claro";"Dupla";"Curva";"Não";1;0;0;0;1;0;0;1;-16,411082;-47,823527;"SPRF-DF";"DEL01-DF";"UOP02-DEL01-DF"
539423;2023-01-29;"domingo";"20:15:00";"RS";290;691;"URUGUAIANA";"Transitar na contramão";"Colisão frontal";"Com Vítimas Fatais";"Plena Noite";"Decrescente";"Céu Claro";"Simples";"Reta";"Não";4;1;3;0;0;0;3;2;-29,875832;-56,80267;"SPRF-RS";"DEL13-RS";"UOP01-DEL13-RS"
539424;2023-07-31;"segunda-feira";"16:10:00";"CE";116;6;"FORTALEZA";"Manobra de mudança de faixa";"Colisão lateral mesmo sentido";"Com Vítimas Feridas";"Pleno dia";"Decrescente";"Céu Claro";"Múltipla";"Reta";"Sim";2;0;1;0;0;1;1;2;-3,802624;-38,50400499;"SPRF-CE";"DEL01-CE";"UOP02-DEL01-CE"
539425;2023-07-31;"segunda-feira";"15:15:00";"PR";277;2;"PARANAGUA";"Demais falhas mecânicas ou elétricas";"Incêndio";"Sem Vítimas";"Pleno dia";"Decrescente";"Céu Claro";"Dupla";"Rotatória";"Sim";1;0;0;0;0;1;0;1;-25,568198;-48,615292;"SPRF-PR";"DEL01-PR";"UOP05-DEL01-PR"
539426;2023-07-31;"segunda-feira";"15:40:00";"PR";277;81;"CURITIBA";"Condutor deixou de manter distância do veículo da frente";"Colisão traseira";"Com Vítimas Feridas";"Pleno dia";"Decrescente";"Céu Claro";"Dupla";"Reta";"Sim";3;0;1;0;1;1;1;3;-25,459558;-49,220974;"SPRF-PR";"DEL01-PR";"UOP01-DEL01-PR"
539427;2023-07-31;"segunda-feira";"16:16:00";"RJ";116;190;"NOVA IGUACU";"Demais falhas mecânicas ou elétricas";"Incêndio";"Sem Vítimas";"Pleno dia";"Decrescente";"Céu Claro";"Dupla";"Reta";"Sim";1;0;0;0;1;0;0;1;-22,74123776;-43,5007311;"SPRF-RJ";"DEL01-RJ";"UOP02-DEL01-RJ"
539428;2023-07-31;"segunda-feira";"15:55:00";"BA";324;577;"SAO SEBASTIAO DO PASSE";"Condutor deixou de manter distância do veículo da frente";"Colisão traseira";"Sem Vítimas";"Pleno dia";"Crescente";"Garoa/Chuvisco";"Dupla";"Reta";"Não";2;0;0;0;2;0;0;2;-12,58364429;-38,53073221;"SPRF-BA";"DEL01-BA";"UOP01-DEL01-BA"
539433;2023-07-31;"segunda-feira";"16:45:00";"SC";282;3,4;"FLORIANOPOLIS";"Condutor deixou de manter distância do veículo da frente";"Colisão traseira";"Com Vítimas Feridas";"Pleno dia";"Crescente";"Céu Claro";"Dupla";"Reta";"Não";2;0;1;0;1;0;1;2;-27,600384;-48,599705;"SPRF-SC";"DEL01-SC";"UOP01-DEL01-SC"
539434;2023-07-31;"segunda-feira";"17:00:00";"SC";470;66,9;"INDAIAL";"Ausência de reação do condutor";"Colisão transversal";"Com Vítimas Feridas";"Pleno dia";"Crescente";"Céu Claro";"Simples";"Em Obras;Reta";"Não";3;0;2;0;1;0;2;2;-26,87132003;-49,23004746;"SPRF-SC";"DEL04-SC";"UOP01-DEL04-SC"