"id";"data_inversa";"dia_semana";"horario";"uf";"br";"km";"municipio";"causa_acidente";"tipo_acidente";"classificacao_acidente";"fase_dia";"sentido_via";"condicao_metereologica";"tipo_pista";"tracado_via";"uso_solo";"pessoas";"mortos";"feridos_leves";"feridos_graves";"ilesos";"ignorados";"feridos";"veiculos";"latitude";"longitude";"regional";"delegacia";"uop"
539435;2023-07-31;"segunda-feira";"16:10:00";"MG";40;715,9;"BARBACENA";"Reação tardia ou ineficiente do condutor";"Tombamento";"Com Vítimas Feridas";"Pleno dia";"Decrescente";"Ignorado";"Dupla";"Curva;Interseção de Vias;Declive";"Não";1;0;1;0;0;0;1;1;-21,25161698;-43,67181701;"SPRF-MG";"DEL05-MG";"UOP01-DEL05-MG"
539438;2023-07-31;"segunda-feira";"15:20:00";"RN";226;142;"CAMPO REDONDO";"Desrespeitar a preferência no cruzamento";"Colisão traseira";"Com Vítimas Fatais";"Pleno dia";"Crescente";"Céu Claro";"Simples";"Aclive";"Não";2;1;0;0;1;0;0;2;-6,18814424;-36,24110498;"SPRF-RN";"DEL03-RN";"UOP02-DEL03-RN"
539439;2023-07-31;"segunda-feira";"17:30:00";"PR";376;635;"SAO JOSE DOS PINHAIS";"Manobra de mudança de faixa";"Saída de leito carroçável";"Sem Vítimas";"Anoitecer";"Decrescente";"Céu Claro";"Dupla";"Reta;Declive";"Não";3;0;0;0;3;0;0;1;-25,74428841;-49,13006544;"SPRF-PR";"DEL01-PR";"UOP04-DEL01-PR"
539440;2023-07-31;"segunda-feira";"07:20:00";"MG";50;174,8;"UBERABA";"Reação tardia ou ineficiente do condutor";"Colisão traseira";"Com Vítimas Feridas";"Pleno dia";"Decrescente";"Céu Claro";"Dupla";"Reta";"Sim";1;0;1;0;0;0;1;1;-19,770817;-47,973434;"SPRF-MG";"DEL13-MG";"UOP01-DEL13-MG"
539441;2023-07-31;"segunda-feira";"17:30:00";"SC";101;204,9;"SAO JOSE";"Manobra de mudança de faixa";"Colisão lateral mesmo sentido";"Com Vítimas Feridas";"Anoitecer";"Crescente";"Céu Claro";"Múltipla";"Reta";"Sim";2;0;1;0;1;0;1;2;-27,5824512;-48,61508131;"SPRF-SC";"DEL01-SC";"UOP01-DEL01-SC"
539442;2023-07-31;"segunda-feira";"17:30:00";"RN";101;85;"NATAL";"Transitar no Acostamento";"Colisão lateral mesmo sentido";"Com Vítimas Feridas";"Anoitecer";"Decrescente";"Céu Claro";"Dupla";"Aclive;Curva";"Sim";2;0;1;0;1;0;1;2;-5,777664;-35,24937;"SPRF-RN";"DEL02-RN";"UOP01-DEL02-RN"
539443;2023-07-31;"segunda-feira";"17:00:00";"RN";304;43,7;"MOSSORO";"Ausência de reação do condutor";"Tombamento";"Com Vítimas Feridas";"Pleno dia";"Crescente";"Sol";"Dupla";"Retorno Regulamentado";"Não";2;0;1;0;0;1;1;1;-5,22207556;-37,35974908;"SPRF-RN";"DEL04-RN";"UOP01-DEL04-RN"
539444;2023-07-31;"segunda-feira";"15:15:00";"AC";364;138;"RIO BRANCO";"Condutor deixou de manter distância do veículo da frente";"Colisão traseira";"Sem Vítimas";"Pleno dia";"Crescente";"Céu Claro";"Dupla";"Rotatória";"Sim";2;0;0;0;2;0;0;2;-9,96112502;-67,85646604;"SPRF-AC";"DEL01-AC";"UOP01-DEL01-AC"
539446;2023-07-31;"segunda-feira";"17:05:00";"PR";376;601,8;"CURITIBA";"Reação tardia ou ineficiente do condutor";"Colisão traseira";"Com Vítimas Feridas";"Pleno dia";"Crescente";"Sol";"Dupla";"Curva;Interseção de Vias";"Sim";2;0;0;1;1;0;1;2;-25,537054;-49,31404;"SPRF-PR";"DEL01-PR";"UOP06-DEL01-PR"
539447;2023-07-30;"domingo";"14:00:00";"MT";364;140;"PEDRA PRETA";"Mal súbito do condutor";"Saída de leito carroçável";"Com Vítimas Fatais";"Pleno dia";"Decrescente";"Céu Claro";"Múltipla";"Reta";"Não";3;3;0;0;0;0;0;1;-16,80094529;-54,1099251;"SPRF-MT";"DEL02-MT";"UOP01-DEL02-MT"
539449;2023-07-31;"segunda-feira";"17:05:00";"RO";319;63;"PORTO VELHO";"Condutor deixou de manter distância do veículo da frente";"Colisão traseira";"Sem Vítimas";"Pleno dia";"Decrescente";"Céu Claro";"Dupla";"Retorno Regulamentado";"Sim";2;0;0;0;2;0;0;2;-8,76762512;-63,88408184;"SPRF-RO";"DEL01-RO";"UOP01-DEL01-RO"
539450;2023-07-31;"segunda-feira";"17:45:00";"DF";20;17,9;"BRASILIA";"Ausência de reação do condutor";"Colisão traseira";"Com Vítimas Feridas";"Anoitecer";"Crescente";"Céu Claro";"Dupla";"Reta";"Não";2;0;1;0;0;1;1;2;-15,621374;-47,71698;"SPRF-DF";"DEL02-DF";"UOP01-DEL02-DF"
539451;2023-07-31;"segunda-feira";"17:50:00";"PR";476;154,5;"ARAUCARIA";"Ausência de reação do condutor";"Colisão traseira";"Com Vítimas Feridas";"Anoitecer";"Crescente";"Céu Claro";"Dupla";"Reta";"Sim";2;0;0;1;1;0;1;2;-25,584223;-49,401379;"SPRF-PR";"DEL01-PR";"UOP06-DEL01-PR"
539452;2023-07-31;"segunda-feira";"17:50:00";"ES";101;152,6;"LINHARES";"Condutor deixou de manter distância do veículo da frente";"Colisão traseira";"Com Vítimas Feridas";"Plena Noite";"Crescente";"Nublado";"Simples";"Reta";"Não";2;0;1;0;1;0;1;2;-19,41899326;-40,07056389;"SPRF-ES";"DEL04-ES";"UOP01-DEL04-ES"
539458;2023-07-31;"segunda-feira";"17:30:00";"TO";153;758;"ALVORADA";"Reação tardia ou ineficiente do condutor";"Queda de ocupante de veículo";"Com Vítimas Feridas";"Plena Noite";"Crescente";"Céu Claro";"Simples";"Reta";"Não";1;0;1;0;0;0;1;1;-12,45418101;-49,11937505;"SPRF-TO";"DEL01-TO";"UOP02-DEL01-TO"
539460;2023-07-31;"segunda-feira";"18:45:00";"PR";487;177,6;"CAMPO MOURAO";"Conversão proibida";"Colisão transversal";"Com Vítimas Feridas";"Plena Noite";"Crescente";"Céu Claro";"Simples";"Aclive;Reta";"Sim";3;0;1;0;2;0;1;2;-24,03898208;-52,40911903;"SPRF-PR";"DEL09-PR";"UOP03-DEL09-PR"
539462;2023-07-31;"segunda-feira";"19:00:00";"PR";369;159;"CAMBE";"Reação tardia ou ineficiente do condutor";"Colisão traseira";"Com Vítimas Feridas";"Plena Noite";"Decrescente";"Céu Claro";"Dupla";"Reta";"Sim";5;0;0;2;3;0;2;2;-23,283804;-51,246166;"SPRF-PR";"DEL07-PR";"UOP01-DEL07-PR"
539463;2023-07-31;"segunda-feira";"17:00:00";"MG";40;264;"SAO GONCALO DO ABAETE";"Ausência de reação do condutor";"Saída de leito carroçável";"Com Vítimas Feridas";"Pleno dia";"Decrescente";"Céu Claro";"Simples";"Curva";"Não";3;0;3;0;0;0;3;1;-18,14870194;-45,31944594;"SPRF-MG";"DEL14-MG";"UOP02-DEL14-MG"
539465;2023-07-31;"segunda-feira";"19:30:00";"RS";116;240;"NOVO HAMBURGO";"Ausência de reação do condutor";"Tombamento";"Com Vítimas Feridas";"Plena Noite";"Crescente";"Céu Claro";"Dupla";"Declive;Reta";"Sim";2;0;1;0;1;0;1;2;-29,70496497;-51,14676523;"SPRF-RS";"DEL01-RS";"UOP02-DEL01-RS"
539466;2023-07-31;"segunda-feira";"18:50:00";"RS";116;149;"CAXIAS DO SUL";"Ultrapassagem Indevida";"Colisão lateral mesmo sentido";"Com Vítimas Feridas";"Plena Noite";"Crescente";"Céu Claro";"Dupla";"Interseção de Vias";"Sim";3;0;1;0;1;1;1;3;-29,15996905;-51,15645292;"SPRF-RS";"DEL05-RS";"UOP01-DEL05-RS"
539467;2023-07-31;"segunda-feira";"19:40:00";"GO";153;427,9;"ANAPOLIS";"Acessar a via sem observar a presença dos outros veículos";"Colisão lateral mesmo sentido";"Com Vítimas Feridas";"Plena Noite";"Crescente";"Céu Claro";"Dupla";"Retorno Regulamentado";"Não";2;0;1;0;1;0;1;2;-16,229342;-49,009438;"SPRF-GO";"DEL02-GO";"UOP01-DEL02-GO"
539468;2023-07-31;"segunda-feira";"18:50:00";"RS";285;299,9;"PASSO FUNDO";"Desrespeitar a preferência no cruzamento";"Colisão transversal";"Com Vítimas Feridas";"Plena Noite";"Crescente";"Céu Claro";"Simples";"Interseção de Vias";"Não";3;0;0;2;1;0;2;2;-28,23101583;-52,4390316;"SPRF-RS";"DEL08-RS";"UOP03-DEL08-RS"
539469;2023-07-31;"segunda-feira";"14:30:00";"BA";116;467;"SANTO ESTEVAO";"Reação tardia ou ineficiente do condutor";"Saída de leito carroçável";"Com Vítimas Feridas";"Pleno dia";"Decrescente";"Céu Claro";"Dupla";"Reta";"Não";3;0;1;0;2;0;1;1;-12,45626515;-39,26217393;"SPRF-BA";"DEL02-BA";"UOP01-DEL02-BA"
539470;2023-07-31;"segunda-feira";"18:00:00";"CE";116;5,5;"FORTALEZA";"Condutor deixou de manter distância do veículo da frente";"Colisão traseira";"Com Vítimas Feridas";"Plena Noite";"Decrescente";"Céu Claro";"Dupla";"Viaduto";"Sim";2;0;1;0;1;0;1;2;-3,79467116;-38,50772734;"SPRF-CE";"DEL01-CE";"UOP02-DEL01-CE"
539471;2023-07-31;"segunda-feira";"17:20:00";"MA";135;12;"SAO LUIS";"Animais na Pista";"Atropelamento de Animal";"Com Vítimas Feridas";"Anoitecer";"Decrescente";"Céu Claro";"Dupla";"Reta";"Sim";2;0;0;1;0;1;1;2;-2,67223553;-44,29173767;"SPRF-MA";"DEL01-MA";"UOP01-DEL01-MA"
539472;2023-04-28;"sexta-feira";"19:30:00";"PR";476;196;"LAPA";"Acesso irregular";"Colisão transversal";"Com Vítimas Feridas";"Plena Noite";"Crescente";"Céu Claro";"Simples";"Reta";"Sim";2;0;0;1;1;0;1;2;-25,753437;-49,725754;"SPRF-PR";"DEL01-PR";"UOP06-DEL01-PR"
539473;2023-07-31;"segunda-feira";"18:45:00";"MG";267;20,2;"LEOPOLDINA";"Velocidade Incompatível";"Colisão com objeto";"Com Vítimas Feridas";"Anoitecer";"Crescente";"Céu Claro";"Simples";"Reta";"Não";2;0;2;0;0;0;2;1;-21,58859293;-42,77745298;"SPRF-MG";"DEL07-MG";"UOP01-DEL07-MG"
539474;2023-07-31;"segunda-feira";"18:15:00";"SC";101;124;"ITAJAI";"Entrada inopinada do pedestre";"Atropelamento de Pedestre";"Com Vítimas Feridas";"Plena Noite";"Crescente";"Céu Claro";"Dupla";"Reta";"Sim";2;0;2;0;0;0;2;2;-26,94335064;-48,69198648;"SPRF-SC";"DEL04-SC";"UOP04-DEL04-SC"
539475;2023-07-31;"segunda-feira";"20:30:00";"ES";262;161;"IBATIBA";"Condutor deixou de manter distância do veículo da frente";"Colisão traseira";"Com Vítimas Feridas";"Plena Noite";"Crescente";"Céu Claro";"Simples";"Reta";"Não";3;0;2;0;1;0;2;2;-20,234984;-41,524904;"SPRF-ES";"DEL01-ES";"UOP02-DEL01-ES"
539476;2023-07-31;"segunda-feira";"20:13:00";"DF";70;19;"BRASILIA";"Reação tardia ou ineficiente do condutor";"Capotamento";"Com Vítimas Feridas";"Plena Noite";"Decrescente";"Céu Claro";"Dupla";"Reta";"Não";1;0;1;0;0;0;1;1;-15,788868;-48,220242;"SPRF-DF";"DEL03-DF";"UOP02-DEL03-DF"
539478;2023-07-31;"segunda-feira";"15:40:00";"PA";230;5;"ALTAMIRA";"Acessar a via sem observar a presença dos outros veículos";"Colisão transversal";"Com Vítimas Feridas";"Pleno dia";"Crescente";"Céu Claro";"Simples";"Interseção de Vias;Rotatória;Reta";"Sim";3;0;0;1;1;1;1;3;-3,192471;-52,223695;"SPRF-PA";"DEL03-PA";"UOP01-DEL03-PA"
539479;2023-06-23;"sexta-feira";"09:15:00";"SC";101;132;"BALNEARIO CAMBORIU";"Ausência de reação do condutor";"Tombamento";"Com Vítimas Feridas";"Pleno dia";"Crescente";"Céu Claro";"Dupla";"Reta";"Sim";1;0;1;0;0;0;1;1;-26,99654133;-48,65564711;"SPRF-SC";"DEL04-SC";"UOP03-DEL04-SC"
539480;2023-07-31;"segunda-feira";"19:50:00";"RJ";101;505;"ANGRA DOS REIS";"Reação tardia ou ineficiente do condutor";"Colisão traseira";"Com Vítimas Feridas";"Plena Noite";"Decrescente";"Céu Claro";"Simples";"Reta";"Sim";3;0;1;0;2;0;1;2;-22,93561595;-44,39617909;"SPRF-RJ";"DEL03-RJ";"UOP03-DEL03-RJ"
539481;2023-07-31;"segunda-feira";"20:00:00";"RJ";101;553;"PARATY";"Acessar a via sem observar a presença dos outros veículos";"Colisão traseira";"Com Vítimas Feridas";"Plena Noite";"Decrescente";"Nublado";"Simples";"Reta";"Não";3;0;2;0;1;0;2;2;-23,06494306;-44,68448797;"SPRF-RJ";"DEL03-RJ";"UOP04-DEL03-RJ"
539482;2023-07-31;"segunda-feira";"20:40:00";"BA";110;340;"ALAGOINHAS";"Ausência de reação do condutor";"Colisão transversal";"Com Vítimas Feridas";"Plena Noite";"Crescente";"Nublado";"Simples";"Interseção de Vias;Reta";"Não";3;0;1;0;2;0;1;2;-12,2161459911;-38,4143208191;"SPRF-BA";"DEL01-BA";"UOP04-DEL01-BA"
539483;2023-07-31;"segunda-feira";"19:20:00";"PA";163;970;"SANTAREM";"Pedestre cruzava a pista fora da faixa";"Atropelamento de Pedestre";"Com Vítimas Feridas";"Plena Noite";"Decrescente";"Nublado";"Simples";"Reta";"Não";2;0;2;0;0;0;2;2;-2,65771572;-54,83456847;"SPRF-PA";"DEL05-PA";"UOP01-DEL05-PA"
539485;2023-07-31;"segunda-feira";"21:20:00";"RJ";101;329;"RIO DE JANEIRO";"Falta de acostamento";"Colisão traseira";"Com Vítimas Feridas";"Plena Noite";"Decrescente";"Nublado";"Dupla";"Reta";"Não";3;0;1;0;2;0;1;2;-22,86939305;-43,175642;"SPRF-RJ";"DEL02-RJ";"UOP01-DEL02-RJ"
539486;2023-07-31;"segunda-feira";"19:18:00";"MS";60;425;"SIDROLANDIA";"Conversão proibida";"Colisão frontal";"Com Vítimas Feridas";"Plena Noite";"Decrescente";"Céu Claro";"Dupla";"Interseção de Vias";"Sim";2;0;1;0;1;0;1;2;-20,92895668;-54,95702735;"SPRF-MS";"DEL01-MS";"UOP04-DEL01-MS"
539488;2023-07-31;"segunda-feira";"18:20:00";"PI";316;348;"CAMPO GRANDE DO PIAUI";"Manobra de mudança de faixa";"Colisão lateral mesmo sentido";"Com Vítimas Feridas";"Plena Noite";"Decrescente";"Céu Claro";"Simples";"Reta";"Não";4;0;1;0;3;0;1;2;-7,12148721;-41,13743702;"SPRF-PI";"DEL04-PI";"UOP03-DEL04-PI"
539489;2023-07-31;"segunda-feira";"18:10:00";"MS";463;86,1;"PONTA PORA";"Animais na Pista";"Atropelamento de Animal";"Com Vítimas Feridas";"Anoitecer";"Decrescente";"Céu Claro";"Simples";"Declive;Reta";"Não";3;0;1;0;2;0;1;1;-22,57121596;-55,50103005;"SPRF-MS";"DEL04-MS";"UOP03-DEL04-MS"
539490;2023-07-31;"segunda-feira";"19:45:00";"PB";104;98;"ESPERANCA";"Transitar na contramão";"Colisão frontal";"Sem Vítimas";"Plena Noite";"Crescente";"Céu Claro";"Simples";"Reta";"Sim";2;0;0;0;2;0;0;2;-7,02803215;-35,85657159;"SPRF-PB";"DEL02-PB";"UOP04-DEL02-PB"
539491;2023-07-31;"segunda-feira";"21:40:00";"MG";381;501;"BETIM";"Ultrapassagem Indevida";"Colisão frontal";"Com Vítimas Feridas";"Plena Noite";"Crescente";"Céu Claro";"Múltipla";"Reta";"Não";3;0;3;0;0;0;3;2;-20,03146447;-44,2377893;"SPRF-MG";"DEL04-MG";"UOP03-DEL04-MG"
539493;2023-07-31;"segunda-feira";"19:00:00";"BA";415;59,9;"ITABUNA";"Velocidade Incompatível";"Saída de leito carroçável";"Com Vítimas Feridas";"Plena Noite";"Decrescente";"Nublado";"Simples";"Curva";"Não";1;0;1;0;0;0;1;1;-14,81574494;-39,29612388;"SPRF-BA";"DEL05-BA";"UOP01-DEL05-BA"
539495;2023-07-31;"segunda-feira";"12:00:00";"BA";415;59,9;"ITABUNA";"Velocidade Incompatível";"Saída de leito carroçável";"Com Vítimas Fatais";"Pleno dia";"Decrescente";"Chuva";"Simples";"Curva";"Não";2;2;0;0;0;0;0;1;-14,81574494;-39,29612388;"SPRF-BA";"DEL05-BA";"UOP01-DEL05-BA"
539498;2023-07-31;"segunda-feira";"20:10:00";"RO";364;669;"CANDEIAS DO JAMARI";"Mal súbito do condutor";"Colisão transversal";"Sem Vítimas";"Plena Noite";"Decrescente";"Céu Claro";"Simples";"Aclive;Reta";"Não";3;0;0;0;3;0;0;2;-8,77491052;-63,48977695;"SPRF-RO";"DEL01-RO";"UOP01-DEL01-RO"
539499;2023-07-31;"segunda-feira";"20:20:00";"AL";104;36;"UNIAO DOS PALMARES";"Acessar a via sem observar a presença dos outros veículos";"Colisão transversal";"Com Vítimas Feridas";"Plena Noite";"Decrescente";"Céu Claro";"Simples";"Reta;Interseção de Vias";"Sim";2;0;1;0;1;0;1;2;-9,16859247;-36,02287647;"SPRF-AL";"DEL01-AL";"UOP02-DEL01-AL"
539501;2023-07-31;"segunda-feira";"22:00:00";"RS";116;636,4;"JAGUARAO";"Animais na Pista";"Tombamento";"Com Vítimas Feridas";"Plena Noite";"Crescente";"Céu Claro";"Simples";"Reta";"Não";1;0;1;0;0;0;1;1;-32,42400304;-53,24303896;"SPRF-RS";"DEL07-RS";"UOP03-DEL07-RS"
539502;2023-07-31;"segunda-feira";"19:20:00";"RO";174;16;"VILHENA";"Acessar a via sem observar a presença dos outros veículos";"Colisão transversal";"Com Vítimas Feridas";"Plena Noite";"Crescente";"Céu Claro";"Simples";"Reta";"Sim";2;0;1;0;1;0;1;2;-12,71452302;-60,1262149;"SPRF-RO";"DEL04-RO";"UOP01-DEL04-RO"
539503;2023-08-01;"terça-feira";"00:05:00";"SC";101;170,9;"TIJUCAS";"Velocidade Incompatível";"Tombamento";"Com Vítimas Feridas";"Plena Noite";"Crescente";"Nevoeiro/Neblina";"Dupla";"Reta;Interseção de Vias";"Não";2;0;1;0;1;0;1;1;-27,29669601;-48,63147594;"SPRF-SC";"DEL04-SC";"UOP03-DEL04-SC"
539504;2023-07-31;"segunda-feira";"20:20:00";"PI";316;88,5;"OLHO DAGUA DO PIAUI";"Velocidade Incompatível";"Saída de leito carroçável";"Com Vítimas Feridas";"Plena Noite";"Crescente";"Céu Claro";"Simples";"Curva;Em Obras";"Não";2;0;1;1;0;0;2;1;-5,78420841;-42,57148938;"SPRF-PI";"DEL04-PI";"UOP02-DEL04-PI"
539506;2023-08-01;"terça-feira";"00:20:00";"DF";60;5,6;"BRASILIA";"Ausência de reação do condutor";"Colisão traseira";"Com Vítimas Feridas";"Plena Noite";"Crescente";"Céu Claro";"Dupla";"Reta";"Sim";3;0;2;0;1;0;2;2;-15,895438;-48,104771;"SPRF-DF";"DEL03-DF";"UOP01-DEL03-DF"
539507;2023-07-31;"segunda-feira";"21:00:00";"MT";158;428,2;"RIBEIRAO CASCALHEIRA";"Ingestão de álcool pelo condutor";"Saída de leito carroçável";"Com Vítimas Feridas";"Plena Noite";"Decrescente";"Céu Claro";"Simples";"Reta";"Não";2;0;0;1;1;0;1;1;-12,97053211;-51,8747648;"SPRF-MT";"DEL07-MT";"UOP02-DEL07-MT"
539508;2023-07-31;"segunda-feira";"23:50:00";"RN";226;41,7;"MACAIBA";"Transitar na contramão";"Colisão lateral sentido oposto";"Com Vítimas Feridas";"Plena Noite";"Decrescente";"Céu Claro";"Simples";"Reta";"Não";2;0;0;1;1;0;1;2;-5,934721;-35,547092;"SPRF-RN";"DEL01-RN";"UOP02-DEL01-RN"
539511;2023-08-01;"terça-feira";"02:30:00";"SP";116;161;"JACAREI";"Acesso irregular";"Atropelamento de Pedestre";"Com Vítimas Feridas";"Plena Noite";"Decrescente";"Céu Claro";"Dupla";"Reta";"Sim";3;0;1;0;2;0;1;2;-23,27617003;-45,97592098;"SPRF-SP";"DEL02-SP";"UOP01-DEL02-SP"
539512;2023-08-01;"terça-feira";"02:00:00";"PE";424;92;"GARANHUNS";"Transitar na contramão";"Colisão lateral sentido oposto";"Sem Vítimas";"Plena Noite";"Decrescente";"Céu Claro";"Simples";"Reta";"Não";2;0;0;0;0;2;0;2;-8,9114249;-36,49444397;"SPRF-PE";"DEL03-PE";"UOP01-DEL03-PE"
539516;2023-08-01;"terça-feira";"04:20:00";"CE";116;165,7;"RUSSAS";"Acessar a via sem observar a presença dos outros veículos";"Colisão traseira";"Com Vítimas Feridas";"Amanhecer";"Crescente";"Céu Claro";"Simples";"Reta";"Não";2;0;2;0;0;0;2;2;-4,95409488;-37,99767009;"SPRF-CE";"DEL03-CE";"UOP01-DEL03-CE"
539517;2023-08-01;"terça-feira";"03:30:00";"PE";423;59;"LAJEDO";"Reação tardia ou ineficiente do condutor";"Tombamento";"Com Vítimas Fatais";"Amanhecer";"Crescente";"Nevoeiro/Neblina";"Simples";"Reta";"Não";2;1;1;0;0;0;1;1;-8,64676387;-36,31558317;"SPRF-PE";"DEL03-PE";"UOP01-DEL03-PE"
539518;2023-08-01;"terça-feira";"05:20:00";"ES";101;265,9;"SERRA";"Reação tardia ou ineficiente do condutor";"Colisão com objeto";"Com Vítimas Feridas";"Amanhecer";"Crescente";"Céu Claro";"Dupla";"Reta";"Sim";1;0;1;0;0;0;1;1;-20,1816849;-40,26536036;"SPRF-ES";"DEL02-ES";"UOP01-DEL02-ES"
539519;2023-07-31;"segunda-feira";"23:00:00";"RJ";493;24;"MAGE";"Ingestão de álcool pelo condutor";"Colisão traseira";"Com Vítimas Feridas";"Plena Noite";"Decrescente";"Céu Claro";"Simples";"Reta";"Não";2;0;1;0;1;0;1;2;-22,65715069;-43,07072902;"SPRF-RJ";"DEL04-RJ";"UOP02-DEL04-RJ"
539522;2023-08-01;"terça-feira";"06:00:00";"PR";277;703;"SAO MIGUEL DO IGUACU";"Deficiência do Sistema de Iluminação/Sinalização";"Colisão traseira";"Com Vítimas Fatais";"Plena Noite";"Crescente";"Céu Claro";"Dupla";"Reta";"Não";2;1;0;0;1;0;0;2;-25,420338;-54,352974;"SPRF-PR";"DEL05-PR";"UOP01-DEL05-PR"
539523;2023-08-01;"terça-feira";"07:30:00";"RS";392;718,6;"PORTO XAVIER";"Ausência de reação do condutor";"Colisão traseira";"Com Vítimas Feridas";"Pleno dia";"Crescente";"Céu Claro";"Simples";"Reta";"Não";3;0;1;0;1;1;1;3;-27,92806658;-55,13402939;"SPRF-RS";"DEL10-RS";"UOP01-DEL10-RS"
539526;2023-08-01;"terça-feira";"07:15:00";"SP";116;273,4;"TABOAO DA SERRA";"Condutor deixou de manter distância do veículo da frente";"Colisão traseira";"Com Vítimas Feridas";"Pleno dia";"Decrescente";"Céu Claro";"Dupla";"Reta";"Sim";2;0;1;0;1;0;1;2;-23,62809795;-46,81870306;"SPRF-SP";"DEL04-SP";"UOP01-DEL04-SP"
539527;2023-08-01;"terça-feira";"07:12:00";"PB";230;27;"JOAO PESSOA";"Trafegar com motocicleta (ou similar) entre as faixas";"Colisão lateral mesmo sentido";"Com Vítimas Feridas";"Pleno dia";"Crescente";"Céu Claro";"Múltipla";"Aclive;Reta;Viaduto";"Sim";2;0;1;0;1;0;1;2;-7,16549136;-34,89545345;"SPRF-PB";"DEL01-PB";"UOP01-DEL01-PB"
539528;2023-08-01;"terça-feira";"07:10:00";"PI";343;329,9;"TERESINA";"Acessar a via sem observar a presença dos outros veículos";"Colisão lateral mesmo sentido";"Com Vítimas Feridas";"Pleno dia";"Decrescente";"Céu Claro";"Simples";"Reta";"Não";2;0;1;0;1;0;1;2;-5,064808;-42,641769;"SPRF-PI";"DEL01-PI";"UOP01-DEL01-PI"
539530;2023-08-01;"terça-feira";"07:45:00";"RN";101;99,5;"NATAL";"Pedestre cruzava a pista fora da faixa";"Atropelamento de Pedestre";"Com Vítimas Feridas";"Pleno dia";"Decrescente";"Sol";"Simples";"Reta";"Sim";2;0;2;0;0;0;2;2;-5,8759735;-35,22209287;"SPRF-RN";"DEL01-RN";"UOP01-DEL01-RN"
539532;2023-08-01;"terça-feira";"06:10:00";"SP";101;43,5;"UBATUBA";"Reação tardia ou ineficiente do condutor";"Colisão lateral mesmo sentido";"Com Vítimas Feridas";"Pleno dia";"Decrescente";"Nublado";"Simples";"Reta;Rotatória";"Sim";2;0;1;0;0;1;1;2;-23,41217537;-45,05739148;"SPRF-SP";"DEL06-SP";"UOP01-DEL06-SP"
539533;2023-08-01;"terça-feira";"07:50:00";"RS";116;227,9;"DOIS IRMAOS";"Ausência de reação do condutor";"Colisão traseira";"Com Vítimas Feridas";"Amanhecer";"Decrescente";"Nevoeiro/Neblina";"Simples";"Reta;Aclive";"Não";2;0;1;0;1;0;1;2;-29,61103966;-51,12425074;"SPRF-RS";"DEL01-RS";"UOP02-DEL01-RS"
539534;2023-08-01;"terça-feira";"07:20:00";"SC";101;121;"ITAJAI";"Manobra de mudança de faixa";"Colisão lateral mesmo sentido";"Com Vítimas Feridas";"Pleno dia";"Decrescente";"Nublado";"Dupla";"Reta";"Não";2;0;1;0;1;0;1;2;-26,92103178;-48,70856446;"SPRF-SC";"DEL04-SC";"UOP04-DEL04-SC"
539535;2023-08-01;"terça-feira";"08:05:00";"RS";290;108;"ELDORADO DO SUL";"Reação tardia ou ineficiente do condutor";"Saída de leito carroçável";"Com Vítimas Feridas";"Pleno dia";"Decrescente";"Nublado";"Dupla";"Reta";"Não";1;0;1;0;0;0;1;1;-30,006546;-51,312927;"SPRF-RS";"DEL02-RS";"UOP01-DEL02-RS"
539536;2023-08-01;"terça-feira";"07:10:00";"DF";70;2,5;"BRASILIA";"Condutor deixou de manter distância do veículo da frente";"Colisão traseira";"Com Vítimas Feridas";"Pleno dia";"Decrescente";"Céu Claro";"Dupla";"Reta";"Sim";6;0;1;0;5;0;1;3;-15,80023377;-48,07660103;"SPRF-DF";"DEL03-DF";"UOP02-DEL03-DF"
539537;2023-08-01;"terça-feira";"01:30:00";"MG";381;304;"ANTONIO DIAS";"Avarias e/ou desgaste excessivo no pneu";"Incêndio";"Sem Vítimas";"Plena Noite";"Decrescente";"Ignorado";"Dupla";"Declive";"Não";2;0;0;0;2;0;0;1;-19,64450453;-42,92272769;"SPRF-MG";"DEL03-MG";"UOP02-DEL03-MG"
539538;2023-07-22;"sábado";"11:00:00";"PI";135;109,6;"SEBASTIAO LEAL";"Ausência de reação do condutor";"Saída de leito carroçável";"Com Vítimas Fatais";"Pleno dia";"Decrescente";"Céu Claro";"Simples";"Declive;Reta";"Não";1;1;0;0;0;0;0;1;-7,527103;-43,91581;"SPRF-PI";"DEL03-PI";"UOP01-DEL03-PI"
539539;2023-08-01;"terça-feira";"08:15:00";"SP";116;138;"SAO JOSE DOS CAMPOS";"Trafegar com motocicleta (ou similar) entre as faixas";"Colisão transversal";"Com Vítimas Feridas";"Pleno dia";"Crescente";"Céu Claro";"Dupla";"Reta";"Sim";2;0;1;0;1;0;1;2;-23,1572739;-45,79554605;"SPRF-SP";"DEL02-SP";"UOP01-DEL02-SP"
539540;2023-07-27;"quinta-feira";"06:20:00";"SP";381;30;"ATIBAIA";"Animais na Pista";"Atropelamento de Animal";"Sem Vítimas";"Pleno dia";"Crescente";"Céu Claro";"Dupla";"Reta";"Sim";1;0;0;0;1;0;0;1;-23,04885102;-46,56482797;"SPRF-SP";"DEL03-SP";"UOP02-DEL03-SP"