"id";"data_inversa";"dia_semana";"horario";"uf";"br";"km";"municipio";"causa_acidente";"tipo_acidente";"classificacao_acidente";"fase_dia";"sentido_via";"condicao_metereologica";"tipo_pista";"tracado_via";"uso_solo";"pessoas";"mortos";"feridos_leves";"feridos_graves";"ilesos";"ignorados";"feridos";"veiculos";"latitude";"longitude";"regional";"delegacia";"uop"
539541;2023-08-01;"terça-feira";"08:30:00";"RJ";101;429,8;"MANGARATIBA";"Ausência de reação do condutor";"Colisão lateral mesmo sentido";"Com Vítimas Feridas";"Pleno dia";"Crescente";"Céu Claro";"Simples";"Aclive";"Não";2;0;1;0;1;0;1;2;-22,935335;-44,0004;"SPRF-RJ";"DEL03-RJ";"UOP02-DEL03-RJ"
539542;2023-08-01;"terça-feira";"08:20:00";"MG";381;482,8;"BETIM";"Frear bruscamente";"Tombamento";"Sem Vítimas";"Pleno dia";"Crescente";"Céu Claro";"Múltipla";"Declive;Reta";"Sim";6;0;0;0;6;0;0;4;-19,9583392;-44,0758515;"SPRF-MG";"DEL01-MG";"UOP03-DEL01-MG"
539544;2023-08-01;"terça-feira";"07:55:00";"RS";158;502,3;"SANTANA DO LIVRAMENTO";"Ultrapassagem Indevida";"Colisão frontal";"Com Vítimas Feridas";"Amanhecer";"Decrescente";"Nevoeiro/Neblina";"Simples";"Reta";"Não";3;0;2;1;0;0;3;2;-30,53848808;-55,07632269;"SPRF-RS";"DEL11-RS";"UOP01-DEL11-RS"
539545;2023-08-01;"terça-feira";"07:00:00";"MT";163;117;"RONDONOPOLIS";"Manobra de mudança de faixa";"Colisão lateral mesmo sentido";"Sem Vítimas";"Pleno dia";"Decrescente";"Céu Claro";"Dupla";"Aclive;Reta";"Não";3;0;0;0;3;0;0;2;-16,51077918;-54,65398908;"SPRF-MT";"DEL02-MT";"UOP01-DEL02-MT"
539546;2023-08-01;"terça-feira";"08:30:00";"PR";277;698;"SAO MIGUEL DO IGUACU";"Ausência de reação do condutor";"Tombamento";"Sem Vítimas";"Pleno dia";"Crescente";"Céu Claro";"Dupla";"Reta";"Não";1;0;0;0;1;0;0;1;-25,3964712;-54,31179289;"SPRF-PR";"DEL05-PR";"UOP01-DEL05-PR"
539548;2023-08-01;"terça-feira";"07:45:00";"PR";158;537,2;"PATO BRANCO";"Demais falhas mecânicas ou elétricas";"Saída de leito carroçável";"Sem Vítimas";"Amanhecer";"Crescente";"Céu Claro";"Simples";"Curva";"Não";1;0;0;0;0;1;0;1;-26,24772632;-52,70504236;"SPRF-PR";"DEL02-PR";"UOP01-DEL02-PR"
539549;2023-08-01;"terça-feira";"07:40:00";"MT";70;514;"VARZEA GRANDE";"Manobra de mudança de faixa";"Colisão lateral mesmo sentido";"Sem Vítimas";"Pleno dia";"Decrescente";"Céu Claro";"Simples";"Interseção de Vias;Curva";"Sim";2;0;0;0;2;0;0;2;-15,705798;-56,132564;"SPRF-MT";"DEL01-MT";"UOP02-DEL01-MT"
539551;2023-08-01;"terça-feira";"08:50:00";"DF";60;3;"BRASILIA";"Ausência de reação do condutor";"Queda de ocupante de veículo";"Com Vítimas Feridas";"Pleno dia";"Decrescente";"Céu Claro";"Dupla";"Reta";"Sim";1;0;1;0;0;0;1;1;-15,890521;-48,086864;"SPRF-DF";"DEL03-DF";"UOP01-DEL03-DF"
539553;2023-08-01;"terça-feira";"08:15:00";"CE";116;4;"FORTALEZA";"Condutor deixou de manter distância do veículo da frente";"Engavetamento";"Com Vítimas Feridas";"Pleno dia";"Decrescente";"Céu Claro";"Múltipla";"Reta";"Não";4;0;2;0;2;0;2;3;-3,7867209;-38,5114568;"SPRF-CE";"DEL01-CE";"UOP02-DEL01-CE"
539554;2023-05-28;"domingo";"04:15:00";"RN";101;113;"PARNAMIRIM";"Condutor Dormindo";"Saída de leito carroçável";"Com Vítimas Feridas";"Plena Noite";"Decrescente";"Céu Claro";"Dupla";"Reta";"Sim";2;0;1;1;0;0;2;1;-5,973247;-35,26489;"SPRF-RN";"DEL01-RN";"UOP01-DEL01-RN"
539555;2023-08-01;"terça-feira";"07:13:00";"MT";163;603;"NOVA MUTUM";"Acessar a via sem observar a presença dos outros veículos";"Colisão transversal";"Com Vítimas Feridas";"Pleno dia";"Decrescente";"Céu Claro";"Simples";"Retorno Regulamentado";"Não";5;0;0;2;3;0;2;2;-13,774;-56,058;"SPRF-MT";"DEL01-MT";"UOP01-DEL01-MT"
539558;2023-07-27;"quinta-feira";"13:00:00";"SP";116;47;"CANAS";"Ausência de reação do condutor";"Colisão traseira";"Com Vítimas Feridas";"Pleno dia";"Decrescente";"Céu Claro";"Múltipla";"Reta";"Não";2;0;1;0;1;0;1;2;-22,71946606;-45,06109596;"SPRF-SP";"DEL08-SP";"UOP02-DEL08-SP"
539559;2023-07-30;"domingo";"22:00:00";"PA";163;568;"TRAIRAO";"Reação tardia ou ineficiente do condutor";"Queda de ocupante de veículo";"Com Vítimas Feridas";"Plena Noite";"Decrescente";"Céu Claro";"Múltipla";"Reta";"Não";1;0;1;0;0;0;1;1;-5,06762291;-56,15829984;"SPRF-PA";"DEL05-PA";"UOP02-DEL05-PA"
539561;2023-08-01;"terça-feira";"07:35:00";"SC";116;164,9;"PONTE ALTA DO NORTE";"Velocidade Incompatível";"Saída de leito carroçável";"Com Vítimas Feridas";"Pleno dia";"Crescente";"Nevoeiro/Neblina";"Simples";"Reta";"Não";7;0;2;0;5;0;2;1;-27,149315;-50,460779;"SPRF-SC";"DEL05-SC";"UOP03-DEL05-SC"
539562;2023-08-01;"terça-feira";"07:50:00";"RO";364;711;"PORTO VELHO";"Acessar a via sem observar a presença dos outros veículos";"Colisão lateral mesmo sentido";"Com Vítimas Feridas";"Pleno dia";"Decrescente";"Céu Claro";"Dupla";"Reta";"Sim";2;0;1;0;1;0;1;2;-8,78153947;-63,86531369;"SPRF-RO";"DEL01-RO";"UOP01-DEL01-RO"
539563;2023-08-01;"terça-feira";"08:30:00";"RS";285;295;"PASSO FUNDO";"Condutor deixou de manter distância do veículo da frente";"Colisão traseira";"Com Vítimas Feridas";"Pleno dia";"Decrescente";"Sol";"Simples";"Viaduto";"Sim";2;0;1;0;1;0;1;2;-28,231071;-52,394299;"SPRF-RS";"DEL08-RS";"UOP03-DEL08-RS"
539564;2023-08-01;"terça-feira";"08:45:00";"CE";222;5,3;"CAUCAIA";"Condutor deixou de manter distância do veículo da frente";"Colisão lateral mesmo sentido";"Com Vítimas Feridas";"Pleno dia";"Crescente";"Céu Claro";"Dupla";"Curva";"Sim";3;0;2;0;1;0;2;3;-3,74296918;-38,61330997;"SPRF-CE";"DEL01-CE";"UOP01-DEL01-CE"
539565;2023-07-28;"sexta-feira";"13:00:00";"MG";365;605;"UBERLANDIA";"Demais falhas mecânicas ou elétricas";"Saída de leito carroçável";"Sem Vítimas";"Pleno dia";"Decrescente";"Sol";"Simples";"Reta;Rotatória";"Não";1;0;0;0;0;1;0;1;-18,90390519;-48,16353682;"SPRF-MG";"DEL15-MG";"UOP01-DEL15-MG"
539566;2023-08-01;"terça-feira";"08:25:00";"PB";101;97;"CONDE";"Acessar a via sem observar a presença dos outros veículos";"Colisão lateral mesmo sentido";"Sem Vítimas";"Pleno dia";"Crescente";"Céu Claro";"Dupla";"Reta";"Sim";3;0;0;0;1;2;0;2;-7,23846306;-34,9268519;"SPRF-PB";"DEL01-PB";"UOP02-DEL01-PB"
539568;2023-08-01;"terça-feira";"09:10:00";"PE";232;4,5;"RECIFE";"Ausência de sinalização";"Colisão com objeto";"Sem Vítimas";"Pleno dia";"Decrescente";"Céu Claro";"Dupla";"Declive;Viaduto;Reta";"Sim";2;0;0;0;1;1;0;2;-8,066639;-34,941751;"SPRF-PE";"DEL01-PE";"UOP01-DEL01-PE"
539570;2023-08-01;"terça-feira";"07:10:00";"SP";459;30,1;"LORENA";"Ausência de reação do condutor";"Colisão traseira";"Com Vítimas Feridas";"Pleno dia";"Decrescente";"Céu Claro";"Simples";"Viaduto;Aclive;Reta";"Sim";3;0;1;1;0;1;2;3;-22,725021;-45,103531;"SPRF-SP";"DEL08-SP";"UOP02-DEL08-SP"
539571;2023-08-01;"terça-feira";"09:00:00";"PR";467;109;"CASCAVEL";"Ausência de reação do condutor";"Capotamento";"Com Vítimas Feridas";"Pleno dia";"Decrescente";"Céu Claro";"Dupla";"Curva";"Sim";1;0;1;0;0;0;1;1;-24,9261;-53,4589;"SPRF-PR";"DEL04-PR";"UOP01-DEL04-PR"
539572;2023-08-01;"terça-feira";"08:50:00";"ES";101;267,7;"SERRA";"Reação tardia ou ineficiente do condutor";"Colisão traseira";"Com Vítimas Feridas";"Pleno dia";"Crescente";"Céu Claro";"Múltipla";"Interseção de Vias";"Sim";2;0;1;0;1;0;1;2;-20,19930999;-40,26884609;"SPRF-ES";"DEL02-ES";"UOP01-DEL02-ES"
539573;2023-08-01;"terça-feira";"05:20:00";"SC";282;536,3;"CHAPECO";"Acumulo de areia ou detritos sobre o pavimento";"Tombamento";"Com Vítimas Feridas";"Amanhecer";"Decrescente";"Céu Claro";"Simples";"Interseção de Vias;Rotatória";"Sim";1;0;1;0;0;0;1;1;-27,000677;-52,653439;"SPRF-SC";"DEL07-SC";"UOP01-DEL07-SC"
539575;2023-07-29;"sábado";"14:48:00";"PA";163;652;"ITAITUBA";"Avarias e/ou desgaste excessivo no pneu";"Tombamento";"Sem Vítimas";"Pleno dia";"Crescente";"Céu Claro";"Simples";"Reta";"Não";1;0;0;0;0;1;0;1;-4,51394208;-55,86544792;"SPRF-PA";"DEL05-PA";"UOP02-DEL05-PA"
539576;2023-08-01;"terça-feira";"10:20:00";"RJ";101;59;"CAMPOS DOS GOYTACAZES";"Acumulo de óleo sobre o pavimento";"Tombamento";"Com Vítimas Feridas";"Pleno dia";"Crescente";"Céu Claro";"Simples";"Reta";"Sim";2;0;1;0;1;0;1;1;-21,71366497;-41,30861915;"SPRF-RJ";"DEL08-RJ";"UOP01-DEL08-RJ"
539577;2023-08-01;"terça-feira";"10:15:00";"SC";101;214,6;"PALHOCA";"Transitar na contramão";"Colisão frontal";"Com Vítimas Feridas";"Pleno dia";"Decrescente";"Céu Claro";"Simples";"Reta;Viaduto";"Sim";2;0;0;1;1;0;1;2;-27,64717245;-48,67245913;"SPRF-SC";"DEL01-SC";"UOP02-DEL01-SC"
539578;2023-08-01;"terça-feira";"06:20:00";"RJ";116;117,2;"MAGE";"Acesso irregular";"Colisão transversal";"Com Vítimas Feridas";"Pleno dia";"Decrescente";"Nublado";"Simples";"Reta;Em Obras";"Sim";5;0;3;0;2;0;3;2;-22,60276206;-43,02514183;"SPRF-RJ";"DEL04-RJ";"UOP02-DEL04-RJ"
539579;2023-08-01;"terça-feira";"08:00:00";"RS";290;91,5;"PORTO ALEGRE";"Condutor deixou de manter distância do veículo da frente";"Colisão traseira";"Com Vítimas Feridas";"Pleno dia";"Decrescente";"Céu Claro";"Múltipla";"Reta";"Sim";3;0;1;0;2;0;1;2;-29,969055;-51,167439;"SPRF-RS";"DEL01-RS";"UOP01-DEL01-RS"
539581;2023-07-16;"domingo";"12:45:00";"GO";153;496,3;"GOIANIA";"Condutor deixou de manter distância do veículo da frente";"Colisão traseira";"Com Vítimas Feridas";"Pleno dia";"Decrescente";"Céu Claro";"Múltipla";"Reta";"Sim";4;0;0;1;1;2;1;3;-16,6776;-49,2314;"SPRF-GO";"DEL01-GO";"UOP01-DEL01-GO"
539582;2023-08-01;"terça-feira";"07:10:00";"SC";101;316,4;"LAGUNA";"Manobra de mudança de faixa";"Colisão traseira";"Com Vítimas Fatais";"Pleno dia";"Crescente";"Céu Claro";"Múltipla";"Reta";"Não";3;1;0;1;0;1;1;2;-28,4266077;-48,8629527;"SPRF-SC";"DEL02-SC";"UOP01-DEL02-SC"
539585;2023-08-01;"terça-feira";"09:40:00";"BA";242;803;"BARREIRAS";"Acessar a via sem observar a presença dos outros veículos";"Colisão transversal";"Com Vítimas Feridas";"Pleno dia";"Crescente";"Céu Claro";"Simples";"Reta";"Sim";4;0;1;0;3;0;1;2;-12,11673613;-45,08570194;"SPRF-BA";"DEL10-BA";"UOP01-DEL10-BA"
539587;2023-08-01;"terça-feira";"10:35:00";"GO";40;22;"LUZIANIA";"Condutor deixou de manter distância do veículo da frente";"Colisão traseira";"Com Vítimas Feridas";"Pleno dia";"Crescente";"Céu Claro";"Dupla";"Reta";"Não";2;0;1;0;0;1;1;2;-16,227484;-47,914109;"SPRF-DF";"DEL01-DF";"UOP01-DEL01-DF"
539588;2023-08-01;"terça-feira";"10:45:00";"SC";101;400,2;"MARACAJA";"Acessar a via sem observar a presença dos outros veículos";"Colisão transversal";"Sem Vítimas";"Pleno dia";"Crescente";"Céu Claro";"Simples";"Reta";"Não";3;0;0;0;3;0;0;2;-28,86809955;-49,44996715;"SPRF-SC";"DEL02-SC";"UOP02-DEL02-SC"
539589;2023-08-01;"terça-feira";"08:30:00";"BA";407;3,5;"JUAZEIRO";"Acessar a via sem observar a presença dos outros veículos";"Colisão transversal";"Com Vítimas Feridas";"Pleno dia";"Crescente";"Céu Claro";"Simples";"Reta";"Sim";3;0;2;0;1;0;2;2;-9,43134011;-40,49823324;"SPRF-PE";"DEL06-PE";"UOP01-DEL06-PE"
539592;2023-08-01;"terça-feira";"09:00:00";"PR";376;3;"SAO JOSE DOS PINHAIS";"Condutor deixou de manter distância do veículo da frente";"Colisão traseira";"Com Vítimas Feridas";"Pleno dia";"Decrescente";"Sol";"Dupla";"Reta";"Sim";4;0;1;0;2;1;1;3;-25,5307;-49,1958;"SPRF-PR";"DEL01-PR";"UOP04-DEL01-PR"
539594;2023-08-01;"terça-feira";"12:40:00";"SC";101;198,2;"BIGUACU";"Reação tardia ou ineficiente do condutor";"Colisão traseira";"Com Vítimas Feridas";"Pleno dia";"Decrescente";"Céu Claro";"Dupla";"Reta";"Sim";2;0;1;0;1;0;1;2;-27,52658712;-48,63506019;"SPRF-SC";"DEL01-SC";"UOP01-DEL01-SC"
539596;2023-08-01;"terça-feira";"07:00:00";"RS";285;313;"PASSO FUNDO";"Condutor Dormindo";"Saída de leito carroçável";"Com Vítimas Feridas";"Pleno dia";"Decrescente";"Céu Claro";"Simples";"Reta";"Não";1;0;1;0;0;0;1;1;-28,242607;-52,563049;"SPRF-RS";"DEL08-RS";"UOP03-DEL08-RS"
539598;2023-08-01;"terça-feira";"12:55:00";"RN";406;149;"CEARA-MIRIM";"Acessar a via sem observar a presença dos outros veículos";"Colisão transversal";"Com Vítimas Feridas";"Pleno dia";"Decrescente";"Céu Claro";"Dupla";"Interseção de Vias";"Sim";2;0;0;1;1;0;1;2;-5,6485583;-35,44127004;"SPRF-RN";"DEL02-RN";"UOP01-DEL02-RN"
539599;2023-08-01;"terça-feira";"12:20:00";"AL";104;92,7;"RIO LARGO";"Ingestão de álcool pelo condutor";"Tombamento";"Com Vítimas Feridas";"Pleno dia";"Decrescente";"Céu Claro";"Dupla";"Reta";"Não";2;0;2;0;0;0;2;1;-9,51818474;-35,80329441;"SPRF-AL";"DEL01-AL";"UOP01-DEL01-AL"
539601;2023-08-01;"terça-feira";"12:40:00";"MG";262;488,3;"BETIM";"Ausência de reação do condutor";"Colisão com objeto";"Com Vítimas Feridas";"Pleno dia";"Decrescente";"Céu Claro";"Múltipla";"Reta";"Sim";1;0;1;0;0;0;1;1;-19,9563913;-44,1267579;"SPRF-MG";"DEL08-MG";"UOP03-DEL08-MG"
539603;2023-08-01;"terça-feira";"12:20:00";"RJ";101;484;"ANGRA DOS REIS";"Pedestre cruzava a pista fora da faixa";"Atropelamento de Pedestre";"Com Vítimas Feridas";"Pleno dia";"Crescente";"Céu Claro";"Simples";"Declive;Reta";"Não";2;0;1;0;1;0;1;2;-22,98573526;-44,29709764;"SPRF-RJ";"DEL03-RJ";"UOP03-DEL03-RJ"
539604;2023-08-01;"terça-feira";"07:30:00";"RN";427;92;"CAICO";"Condutor deixou de manter distância do veículo da frente";"Colisão traseira";"Com Vítimas Feridas";"Pleno dia";"Crescente";"Sol";"Simples";"Reta";"Não";2;0;0;1;1;0;1;2;-6,48413207;-37,04516103;"SPRF-RN";"DEL03-RN";"UOP01-DEL03-RN"
539605;2023-08-01;"terça-feira";"12:10:00";"SP";116;33,8;"CACHOEIRA PAULISTA";"Reação tardia ou ineficiente do condutor";"Colisão com objeto";"Com Vítimas Feridas";"Pleno dia";"Decrescente";"Céu Claro";"Simples";"Curva";"Não";2;0;1;0;1;0;1;1;-22,64775685;-44,95420606;"SPRF-SP";"DEL08-SP";"UOP02-DEL08-SP"
539608;2023-08-01;"terça-feira";"13:00:00";"MS";163;615,7;"SAO GABRIEL DO OESTE";"Acessar a via sem observar a presença dos outros veículos";"Colisão transversal";"Com Vítimas Feridas";"Pleno dia";"Crescente";"Céu Claro";"Simples";"Interseção de Vias;Reta";"Sim";2;0;1;0;1;0;1;2;-19,389256;-54,57154;"SPRF-MS";"DEL06-MS";"UOP02-DEL06-MS"
539609;2023-08-01;"terça-feira";"13:30:00";"BA";116;25,6;"VITORIA DA CONQUISTA";"Acessar a via sem observar a presença dos outros veículos";"Colisão transversal";"Com Vítimas Feridas";"Pleno dia";"Crescente";"Sol";"Simples";"Reta";"Sim";3;0;1;0;2;0;1;2;-14,852729;-40,800688;"SPRF-BA";"DEL08-BA";"UOP01-DEL08-BA"
539611;2023-08-01;"terça-feira";"12:50:00";"PR";116;150;"MANDIRITUBA";"Transitar na contramão";"Colisão transversal";"Com Vítimas Feridas";"Pleno dia";"Crescente";"Céu Claro";"Simples";"Aclive;Reta";"Sim";2;0;1;1;0;0;2;2;-25,847468;-49,353165;"SPRF-PR";"DEL01-PR";"UOP03-DEL01-PR"
539612;2023-08-01;"terça-feira";"08:15:00";"RJ";101;65;"CAMPOS DOS GOYTACAZES";"Acessar a via sem observar a presença dos outros veículos";"Colisão frontal";"Com Vítimas Feridas";"Pleno dia";"Crescente";"Céu Claro";"Simples";"Reta";"Sim";3;0;2;0;1;0;2;2;-21,749594;-41,336951;"SPRF-RJ";"DEL08-RJ";"UOP02-DEL08-RJ"
539614;2023-08-01;"terça-feira";"05:40:00";"CE";20;93,9;"TAUA";"Condutor deixou de manter distância do veículo da frente";"Colisão traseira";"Com Vítimas Feridas";"Amanhecer";"Crescente";"Céu Claro";"Simples";"Declive;Reta";"Não";3;0;2;0;0;1;2;2;-5,93577181;-40,23332741;"SPRF-CE";"DEL02-CE";"UOP02-DEL02-CE"
539616;2023-08-01;"terça-feira";"07:30:00";"PI";135;303;"CRISTINO CASTRO";"Afundamento ou ondulação no pavimento";"Saída de leito carroçável";"Com Vítimas Feridas";"Pleno dia";"Crescente";"Sol";"Simples";"Declive";"Não";3;0;2;0;1;0;2;1;-8,73188748;-44,13144059;"SPRF-PI";"DEL03-PI";"UOP02-DEL03-PI"
539617;2023-08-01;"terça-feira";"07:30:00";"SC";101;253,5;"PAULO LOPES";"Condutor Dormindo";"Saída de leito carroçável";"Com Vítimas Feridas";"Pleno dia";"Crescente";"Céu Claro";"Múltipla";"Reta";"Sim";2;0;0;1;1;0;1;1;-27,97368802;-48,67940247;"SPRF-SC";"DEL02-SC";"UOP03-DEL02-SC"
539618;2023-08-01;"terça-feira";"14:11:00";"SP";116;134,2;"SAO JOSE DOS CAMPOS";"Ausência de reação do condutor";"Colisão lateral mesmo sentido";"Com Vítimas Feridas";"Pleno dia";"Decrescente";"Céu Claro";"Dupla";"Reta";"Sim";2;0;1;0;1;0;1;2;-23,1402216;-45,7617252;"SPRF-SP";"DEL02-SP";"UOP01-DEL02-SP"
539619;2023-08-01;"terça-feira";"13:45:00";"SC";470;54;"BLUMENAU";"Acessar a via sem observar a presença dos outros veículos";"Colisão transversal";"Com Vítimas Feridas";"Pleno dia";"Crescente";"Sol";"Simples";"Reta";"Sim";2;0;1;0;1;0;1;2;-26,871065;-49,110374;"SPRF-SC";"DEL04-SC";"UOP01-DEL04-SC"
539621;2023-08-01;"terça-feira";"14:30:00";"BA";116;826;"VITORIA DA CONQUISTA";"Desrespeitar a preferência no cruzamento";"Colisão transversal";"Com Vítimas Feridas";"Pleno dia";"Decrescente";"Céu Claro";"Dupla";"Reta";"Não";2;0;1;0;0;1;1;2;-14,878675;-40,854563;"SPRF-BA";"DEL08-BA";"UOP01-DEL08-BA"
539622;2023-08-01;"terça-feira";"14:20:00";"PB";230;25;"JOAO PESSOA";"Ausência de sinalização";"Colisão traseira";"Com Vítimas Feridas";"Pleno dia";"Crescente";"Céu Claro";"Múltipla";"Viaduto;Reta";"Sim";2;0;1;0;1;0;1;2;-7,17034924;-34,87077355;"SPRF-PB";"DEL01-PB";"UOP01-DEL01-PB"
539626;2023-08-01;"terça-feira";"14:50:00";"PB";230;17;"JOAO PESSOA";"Condutor deixou de manter distância do veículo da frente";"Colisão transversal";"Sem Vítimas";"Pleno dia";"Crescente";"Céu Claro";"Dupla";"Reta;Retorno Regulamentado";"Sim";2;0;0;0;1;1;0;2;-7,11821804;-34,84404445;"SPRF-PB";"DEL01-PB";"UOP01-DEL01-PB"
539628;2023-08-01;"terça-feira";"15:15:00";"SC";101;193,2;"BIGUACU";"Acumulo de óleo sobre o pavimento";"Tombamento";"Com Vítimas Feridas";"Pleno dia";"Decrescente";"Céu Claro";"Dupla";"Reta";"Sim";1;0;1;0;0;0;1;1;-27,489574;-48,655914;"SPRF-SC";"DEL01-SC";"UOP01-DEL01-SC"
539630;2023-08-01;"terça-feira";"15:20:00";"SP";116;58,5;"GUARATINGUETA";"Reação tardia ou ineficiente do condutor";"Capotamento";"Com Vítimas Feridas";"Pleno dia";"Decrescente";"Céu Claro";"Dupla";"Declive;Reta";"Sim";2;0;2;0;0;0;2;1;-22,78203759;-45,14835835;"SPRF-SP";"DEL08-SP";"UOP01-DEL08-SP"
539632;2023-08-01;"terça-feira";"15:45:00";"RN";101;94;"NATAL";"Condutor deixou de manter distância do veículo da frente";"Colisão traseira";"Com Vítimas Feridas";"Pleno dia";"Crescente";"Céu Claro";"Múltipla";"Viaduto;Reta";"Sim";4;0;1;0;2;1;1;3;-5,83176615;-35,21191342;"SPRF-RN";"DEL01-RN";"UOP01-DEL01-RN"
539633;2023-08-01;"terça-feira";"15:13:00";"RJ";116;183;"NOVA IGUACU";"Reação tardia ou ineficiente do condutor";"Tombamento";"Com Vítimas Feridas";"Pleno dia";"Crescente";"Céu Claro";"Dupla";"Reta";"Sim";1;0;1;0;0;0;1;1;-22,7516014;-43,43849831;"SPRF-RJ";"DEL01-RJ";"UOP02-DEL01-RJ"
539635;2023-08-01;"terça-feira";"12:25:00";"RJ";116;257;"PIRAI";"Reação tardia ou ineficiente do condutor";"Colisão frontal";"Com Vítimas Feridas";"Pleno dia";"Crescente";"Céu Claro";"Dupla";"Reta";"Não";1;0;1;0;0;0;1;1;-22,58631777;-44,01407302;"SPRF-RJ";"DEL07-RJ";"UOP02-DEL07-RJ"
539636;2023-08-01;"terça-feira";"14:30:00";"MS";267;210;"NOVA ALVORADA DO SUL";"Avarias e/ou desgaste excessivo no pneu";"Saída de leito carroçável";"Sem Vítimas";"Pleno dia";"Crescente";"Céu Claro";"Simples";"Reta";"Não";1;0;0;0;1;0;0;1;-21,59410612;-54,04521999;"SPRF-MS";"DEL02-MS";"UOP01-DEL02-MS"
539638;2023-08-01;"terça-feira";"17:03:00";"GO";40;12;"LUZIANIA";"Reação tardia ou ineficiente do condutor";"Colisão lateral mesmo sentido";"Com Vítimas Feridas";"Pleno dia";"Crescente";"Céu Claro";"Dupla";"Retorno Regulamentado;Interseção de Vias;Reta";"Sim";3;0;0;1;2;0;1;2;-16,145123;-47,945382;"SPRF-DF";"DEL01-DF";"UOP01-DEL01-DF"
539640;2023-08-01;"terça-feira";"14:50:00";"SC";282;600;"CUNHA PORA";"Acesso irregular";"Colisão traseira";"Com Vítimas Feridas";"Pleno dia";"Decrescente";"Céu Claro";"Simples";"Curva";"Não";5;0;2;0;3;0;2;2;-26,816374;-53,163918;"SPRF-SC";"DEL07-SC";"UOP02-DEL07-SC"
539641;2023-04-08;"sábado";"16:16:00";"RJ";101;482;"ANGRA DOS REIS";"Chuva";"Colisão lateral sentido oposto";"Com Vítimas Feridas";"Pleno dia";"Crescente";"Chuva";"Simples";"Reta";"Não";2;0;1;0;1;0;1;2;-23,00453;-44,29746;"SPRF-RJ";"DEL03-RJ";"UOP03-DEL03-RJ"
539642;2023-08-01;"terça-feira";"17:07:00";"DF";20;56;"BRASILIA";"Ausência de reação do condutor";"Saída de leito carroçável";"Com Vítimas Feridas";"Pleno dia";"Crescente";"Céu Claro";"Dupla";"Curva";"Não";1;0;1;0;0;0;1;1;-15,583027;-47,367081;"SPRF-DF";"DEL02-DF";"UOP01-DEL02-DF"
539645;2023-08-01;"terça-feira";"17:23:00";"ES";262;47,7;"MARECHAL FLORIANO";"Acessar a via sem observar a presença dos outros veículos";"Colisão transversal";"Com Vítimas Feridas";"Anoitecer";"Decrescente";"Nublado";"Simples";"Curva";"Sim";2;0;1;1;0;0;2;2;-20,41130252;-40,67926543;"SPRF-ES";"DEL01-ES";"UOP01-DEL01-ES"
539646;2023-08-01;"terça-feira";"16:15:00";"MG";116;767,9;"LEOPOLDINA";"Acessar a via sem observar a presença dos outros veículos";"Colisão transversal";"Com Vítimas Feridas";"Pleno dia";"Crescente";"Céu Claro";"Simples";"Reta";"Sim";3;0;2;1;0;0;3;2;-21,5356551;-42,65610863;"SPRF-MG";"DEL07-MG";"UOP01-DEL07-MG"
539647;2023-08-01;"terça-feira";"17:10:00";"RS";158;326;"SANTA MARIA";"Acessar a via sem observar a presença dos outros veículos";"Colisão transversal";"Sem Vítimas";"Pleno dia";"Crescente";"Céu Claro";"Dupla";"Reta";"Sim";2;0;0;0;2;0;0;2;-29,70975376;-53,80284617;"SPRF-RS";"DEL09-RS";"UOP01-DEL09-RS"
539648;2023-08-01;"terça-feira";"16:35:00";"MG";381;389;"BARAO DE COCAIS";"Reação tardia ou ineficiente do condutor";"Colisão lateral mesmo sentido";"Com Vítimas Feridas";"Pleno dia";"Decrescente";"Céu Claro";"Simples";"Reta";"Não";2;0;1;0;1;0;1;2;-19,781548;-43,436355;"SPRF-MG";"DEL01-MG";"UOP01-DEL01-MG"
539651;2023-08-01;"terça-feira";"16:45:00";"RS";158;467,7;"ROSARIO DO SUL";"Ausência de reação do condutor";"Saída de leito carroçável";"Com Vítimas Feridas";"Pleno dia";"Crescente";"Céu Claro";"Simples";"Reta";"Não";5;0;4;1;0;0;5;1;-30,2476014;-54,95505095;"SPRF-RS";"DEL11-RS";"UOP02-DEL11-RS"
539652;2023-08-01;"terça-feira";"17:45:00";"DF";80;9;"BRASILIA";"Acumulo de óleo sobre o pavimento";"Tombamento";"Com Vítimas Feridas";"Anoitecer";"Crescente";"Céu Claro";"Simples";"Rotatória";"Não";1;0;1;0;0;0;1;1;-15,730719;-48,167587;"SPRF-DF";"DEL03-DF";"UOP02-DEL03-DF"
539654;2023-08-01;"terça-feira";"17:30:00";"DF";40;3;"BRASILIA";"Reação tardia ou ineficiente do condutor";"Colisão traseira";"Com Vítimas Feridas";"Plena Noite";"Decrescente";"Céu Claro";"Dupla";"Reta";"Sim";2;0;0;1;1;0;1;2;-16,003145;-47,983944;"SPRF-DF";"DEL01-DF";"UOP01-DEL01-DF"
539656;2023-08-01;"terça-feira";"13:30:00";"PR";277;272;"PRUDENTOPOLIS";"Reação tardia ou ineficiente do condutor";"Saída de leito carroçável";"Com Vítimas Feridas";"Pleno dia";"Crescente";"Céu Claro";"Simples";"Declive;Reta";"Não";2;0;1;1;0;0;2;1;-25,38455445;-50,84650092;"SPRF-PR";"DEL08-PR";"UOP02-DEL08-PR"