"id";"data_inversa";"dia_semana";"horario";"uf";"br";"km";"municipio";"causa_acidente";"tipo_acidente";"classificacao_acidente";"fase_dia";"sentido_via";"condicao_metereologica";"tipo_pista";"tracado_via";"uso_solo";"pessoas";"mortos";"feridos_leves";"feridos_graves";"ilesos";"ignorados";"feridos";"veiculos";"latitude";"longitude";"regional";"delegacia";"uop"
539658;2023-08-01;"terça-feira";"18:05:00";"PB";230;503,6;"CAJAZEIRAS";"Transitar no Acostamento";"Atropelamento de Pedestre";"Com Vítimas Fatais";"Anoitecer";"Decrescente";"Céu Claro";"Simples";"Ponte;Reta";"Sim";2;1;1;0;0;0;1;2;-6,894581;-38,539452;"SPRF-PB";"DEL03-PB";"UOP03-DEL03-PB"
539659;2023-08-01;"terça-feira";"19:00:00";"ES";101;36;"CONCEICAO DA BARRA";"Transitar na contramão";"Colisão lateral sentido oposto";"Com Vítimas Feridas";"Plena Noite";"Crescente";"Céu Claro";"Simples";"Reta";"Não";2;0;1;0;1;0;1;2;-18,46388405;-39,92935329;"SPRF-ES";"DEL04-ES";"UOP02-DEL04-ES"
539665;2023-08-01;"terça-feira";"18:15:00";"PR";277;726,5;"FOZ DO IGUACU";"Pedestre cruzava a pista fora da faixa";"Atropelamento de Pedestre";"Com Vítimas Feridas";"Anoitecer";"Crescente";"Céu Claro";"Dupla";"Curva;Interseção de Vias";"Sim";2;0;0;1;1;0;1;2;-25,5097634;-54,57387201;"SPRF-PR";"DEL05-PR";"UOP03-DEL05-PR"
539666;2023-08-01;"terça-feira";"18:45:00";"DF";70;19;"BRASILIA";"Manobra de mudança de faixa";"Colisão lateral mesmo sentido";"Com Vítimas Feridas";"Plena Noite";"Crescente";"Céu Claro";"Dupla";"Reta";"Não";2;0;1;0;0;1;1;2;-15,788868;-48,220242;"SPRF-DF";"DEL03-DF";"UOP02-DEL03-DF"
539667;2023-08-01;"terça-feira";"19:30:00";"BA";116;16,3;"VITORIA DA CONQUISTA";"Acessar a via sem observar a presença dos outros veículos";"Colisão transversal";"Com Vítimas Feridas";"Plena Noite";"Crescente";"Céu Claro";"Simples";"Interseção de Vias";"Sim";3;0;2;0;1;0;2;2;-14,902489;-40,844684;"SPRF-BA";"DEL08-BA";"UOP01-DEL08-BA"
539669;2023-08-01;"terça-feira";"16:40:00";"RN";226;411;"PAU DOS FERROS";"Mal súbito do condutor";"Saída de leito carroçável";"Com Vítimas Feridas";"Pleno dia";"Decrescente";"Céu Claro";"Simples";"Curva;Rotatória";"Não";3;0;2;1;0;0;3;1;-6,07924018;-38,20836451;"SPRF-RN";"DEL04-RN";"UOP02-DEL04-RN"
539670;2023-08-01;"terça-feira";"19:00:00";"RJ";40;108;"DUQUE DE CAXIAS";"Pista Escorregadia";"Tombamento";"Com Vítimas Feridas";"Plena Noite";"Decrescente";"Céu Claro";"Simples";"Curva";"Sim";2;0;1;0;1;0;1;1;-22,66476979;-43,28495144;"SPRF-RJ";"DEL01-RJ";"UOP01-DEL01-RJ"
539671;2023-08-01;"terça-feira";"19:25:00";"TO";153;333;"GUARAI";"Desrespeitar a preferência no cruzamento";"Colisão transversal";"Com Vítimas Feridas";"Plena Noite";"Crescente";"Céu Claro";"Simples";"Interseção de Vias";"Sim";3;0;1;0;2;0;1;2;-8,835718;-48,512123;"SPRF-TO";"DEL02-TO";"UOP02-DEL02-TO"
539673;2023-08-01;"terça-feira";"18:26:00";"MA";316;550,5;"CAXIAS";"Ingestão de álcool pelo condutor";"Saída de leito carroçável";"Sem Vítimas";"Plena Noite";"Crescente";"Céu Claro";"Simples";"Reta";"Sim";1;0;0;0;1;0;0;1;-4,886693;-43,359445;"SPRF-MA";"DEL03-MA";"UOP02-DEL03-MA"
539674;2023-08-01;"terça-feira";"18:45:00";"AL";101;73;"MESSIAS";"Acessar a via sem observar a presença dos outros veículos";"Colisão frontal";"Com Vítimas Feridas";"Plena Noite";"Crescente";"Céu Claro";"Dupla";"Interseção de Vias";"Sim";2;0;1;0;1;0;1;2;-9,38720792;-35,8364428;"SPRF-AL";"DEL01-AL";"UOP01-DEL01-AL"
539675;2023-08-01;"terça-feira";"19:30:00";"BA";367;82;"EUNAPOLIS";"Reação tardia ou ineficiente do condutor";"Atropelamento de Pedestre";"Com Vítimas Feridas";"Plena Noite";"Crescente";"Céu Claro";"Simples";"Reta";"Sim";3;0;0;2;1;0;2;2;-16,37205962;-39,56163401;"SPRF-BA";"DEL09-BA";"UOP03-DEL09-BA"
539676;2023-08-01;"terça-feira";"19:55:00";"MG";365;623;"UBERLANDIA";"Pedestre cruzava a pista fora da faixa";"Atropelamento de Pedestre";"Com Vítimas Feridas";"Plena Noite";"Crescente";"Céu Claro";"Dupla";"Reta";"Sim";2;0;0;1;1;0;1;2;-18,9100325;-48,30694985;"SPRF-MG";"DEL15-MG";"UOP01-DEL15-MG"
539677;2023-08-01;"terça-feira";"07:30:00";"PI";316;90,6;"OLHO DAGUA DO PIAUI";"Acumulo de areia ou detritos sobre o pavimento";"Saída de leito carroçável";"Com Vítimas Feridas";"Pleno dia";"Crescente";"Céu Claro";"Simples";"Em Obras;Reta";"Não";2;0;1;0;1;0;1;1;-5,78742326;-42,55777299;"SPRF-PI";"DEL04-PI";"UOP02-DEL04-PI"
539679;2023-08-01;"terça-feira";"18:40:00";"BA";324;530;"FEIRA DE SANTANA";"Mal súbito do condutor";"Queda de ocupante de veículo";"Com Vítimas Feridas";"Plena Noite";"Decrescente";"Nublado";"Dupla";"Reta";"Não";1;0;1;0;0;0;1;1;-12,32818491;-38,86174193;"SPRF-BA";"DEL01-BA";"UOP03-DEL01-BA"
539680;2023-08-01;"terça-feira";"18:40:00";"SC";101;43,6;"JOINVILLE";"Acessar a via sem observar a presença dos outros veículos";"Colisão transversal";"Com Vítimas Feridas";"Anoitecer";"Crescente";"Céu Claro";"Simples";"Reta";"Sim";2;0;1;0;1;0;1;2;-26,33581655;-48,86008501;"SPRF-SC";"DEL03-SC";"UOP01-DEL03-SC"
539681;2023-08-01;"terça-feira";"20:20:00";"PR";369;183,3;"ARAPONGAS";"Ingestão de álcool pelo condutor";"Saída de leito carroçável";"Com Vítimas Feridas";"Plena Noite";"Crescente";"Céu Claro";"Dupla";"Reta";"Não";1;0;1;0;0;0;1;1;-23,4378;-51,422186;"SPRF-PR";"DEL07-PR";"UOP03-DEL07-PR"
539682;2023-08-01;"terça-feira";"18:20:00";"RJ";393;181;"PARAIBA DO SUL";"Transitar na contramão";"Colisão frontal";"Com Vítimas Feridas";"Plena Noite";"Crescente";"Céu Claro";"Simples";"Curva";"Sim";2;0;2;0;0;0;2;2;-22,13626025;-43,25137178;"SPRF-RJ";"DEL05-RJ";"UOP03-DEL05-RJ"
539683;2023-08-01;"terça-feira";"20:00:00";"RJ";101;329;"RIO DE JANEIRO";"Trafegar com motocicleta (ou similar) entre as faixas";"Colisão lateral mesmo sentido";"Com Vítimas Feridas";"Plena Noite";"Decrescente";"Céu Claro";"Dupla";"Reta";"Sim";1;0;1;0;0;0;1;1;-22,86939305;-43,175642;"SPRF-RJ";"DEL02-RJ";"UOP01-DEL02-RJ"
539685;2023-08-01;"terça-feira";"19:20:00";"RJ";116;171;"RIO DE JANEIRO";"Entrada inopinada do pedestre";"Atropelamento de Pedestre";"Com Vítimas Fatais";"Plena Noite";"Crescente";"Céu Claro";"Dupla";"Reta";"Sim";2;1;0;0;1;0;0;2;-22,8060415;-43,34289573;"SPRF-RJ";"DEL01-RJ";"UOP02-DEL01-RJ"
539686;2023-08-01;"terça-feira";"20:10:00";"SC";101;164;"TIJUCAS";"Curva acentuada";"Colisão com objeto";"Com Vítimas Feridas";"Plena Noite";"Decrescente";"Céu Claro";"Dupla";"Curva";"Sim";1;0;1;0;0;0;1;1;-27,243868;-48,6309;"SPRF-SC";"DEL04-SC";"UOP03-DEL04-SC"
539687;2023-08-01;"terça-feira";"21:40:00";"GO";153;429,4;"ANAPOLIS";"Velocidade Incompatível";"Tombamento";"Com Vítimas Feridas";"Plena Noite";"Crescente";"Céu Claro";"Dupla";"Reta";"Sim";1;0;0;1;0;0;1;1;-16,263361;-48,98392;"SPRF-GO";"DEL02-GO";"UOP01-DEL02-GO"
539688;2023-07-28;"sexta-feira";"12:45:00";"BA";324;529;"FEIRA DE SANTANA";"Acumulo de água sobre o pavimento";"Saída de leito carroçável";"Sem Vítimas";"Pleno dia";"Crescente";"Chuva";"Dupla";"Reta";"Sim";1;0;0;0;1;0;0;1;-12,32272991;-38,86892893;"SPRF-BA";"DEL01-BA";"UOP03-DEL01-BA"
539689;2023-08-01;"terça-feira";"18:20:00";"RJ";101;319;"SAO GONCALO";"Manobra de mudança de faixa";"Colisão lateral mesmo sentido";"Com Vítimas Feridas";"Plena Noite";"Decrescente";"Céu Claro";"Dupla";"Reta";"Sim";2;0;0;1;1;0;1;2;-22,85411774;-43,1018014;"SPRF-RJ";"DEL02-RJ";"UOP02-DEL02-RJ"
539691;2023-08-01;"terça-feira";"20:05:00";"SC";101;210,8;"PALHOCA";"Reação tardia ou ineficiente do condutor";"Colisão traseira";"Com Vítimas Feridas";"Plena Noite";"Crescente";"Céu Claro";"Múltipla";"Reta";"Sim";2;0;0;1;1;0;1;2;-27,62301103;-48,6520797;"SPRF-SC";"DEL01-SC";"UOP01-DEL01-SC"
539692;2023-08-01;"terça-feira";"21:55:00";"SP";116;117;"TAUBATE";"Ingestão de álcool pelo condutor";"Colisão com objeto";"Sem Vítimas";"Plena Noite";"Decrescente";"Céu Claro";"Dupla";"Aclive;Reta";"Não";1;0;0;0;1;0;0;1;-23,0582298;-45,6176951;"SPRF-SP";"DEL02-SP";"UOP02-DEL02-SP"
539693;2023-08-01;"terça-feira";"18:40:00";"MG";40;332;"FELIXLANDIA";"Pedestre andava na pista";"Atropelamento de Pedestre";"Com Vítimas Feridas";"Plena Noite";"Decrescente";"Céu Claro";"Simples";"Aclive;Reta";"Não";4;0;0;1;3;0;1;2;-18,59007315;-45,00881635;"SPRF-MG";"DEL14-MG";"UOP02-DEL14-MG"
539695;2023-08-01;"terça-feira";"19:30:00";"RJ";465;1;"SEROPEDICA";"Acessar a via sem observar a presença dos outros veículos";"Colisão transversal";"Com Vítimas Feridas";"Plena Noite";"Crescente";"Céu Claro";"Simples";"Reta";"Sim";3;0;2;0;1;0;2;2;-22,719835;-43,725739;"SPRF-RJ";"DEL01-RJ";"UOP03-DEL01-RJ"
539696;2023-08-01;"terça-feira";"21:30:00";"MG";354;747;"ITANHANDU";"Avarias e/ou desgaste excessivo no pneu";"Tombamento";"Com Vítimas Feridas";"Plena Noite";"Decrescente";"Céu Claro";"Simples";"Aclive;Curva;Em Obras";"Não";3;0;1;0;1;1;1;2;-22,26578926;-44,9042579;"SPRF-MG";"DEL17-MG";"UOP01-DEL17-MG"
539698;2023-08-01;"terça-feira";"15:00:00";"RO";364;389,7;"OURO PRETO DO OESTE";"Falta de elemento de contenção que evite a saída do leito carroçável";"Saída de leito carroçável";"Com Vítimas Feridas";"Pleno dia";"Decrescente";"Céu Claro";"Simples";"Declive;Reta";"Não";1;0;1;0;0;0;1;1;-10,68004689;-62,27979686;"SPRF-RO";"DEL03-RO";"UOP02-DEL03-RO"
539700;2023-08-01;"terça-feira";"23:45:00";"SC";101;113;"ITAJAI";"Ausência de reação do condutor";"Tombamento";"Com Vítimas Feridas";"Plena Noite";"Crescente";"Nevoeiro/Neblina";"Múltipla";"Reta";"Não";1;0;1;0;0;0;1;1;-26,85311393;-48,72689927;"SPRF-SC";"DEL04-SC";"UOP04-DEL04-SC"
539701;2023-08-01;"terça-feira";"20:50:00";"RO";364;1017;"PORTO VELHO";"Reação tardia ou ineficiente do condutor";"Saída de leito carroçável";"Com Vítimas Feridas";"Plena Noite";"Crescente";"Céu Claro";"Simples";"Em Obras;Reta";"Não";1;0;1;0;0;0;1;1;-9,73431995;-66,14724702;"SPRF-RO";"DEL01-RO";"UOP03-DEL01-RO"
539702;2023-08-01;"terça-feira";"20:45:00";"MG";381;942;"EXTREMA";"Velocidade Incompatível";"Atropelamento de Animal";"Com Vítimas Feridas";"Plena Noite";"Decrescente";"Nublado";"Dupla";"Curva";"Sim";2;0;1;1;0;0;2;1;-22,845441;-46,3315508;"SPRF-MG";"DEL16-MG";"UOP03-DEL16-MG"
539707;2023-04-20;"quinta-feira";"15:00:00";"BA";101;64;"ENTRE RIOS";"Velocidade Incompatível";"Capotamento";"Com Vítimas Feridas";"Pleno dia";"Crescente";"Ignorado";"Simples";"Declive";"Não";1;0;0;1;0;0;1;1;-11,96618423;-38,14476501;"SPRF-BA";"DEL01-BA";"UOP04-DEL01-BA"
539708;2023-08-02;"quarta-feira";"06:00:00";"GO";40;5;"VALPARAISO DE GOIAS";"Animais na Pista";"Atropelamento de Animal";"Com Vítimas Feridas";"Plena Noite";"Crescente";"Céu Claro";"Dupla";"Reta";"Sim";1;0;1;0;0;0;1;1;-16,093134;-47,982236;"SPRF-DF";"DEL01-DF";"UOP01-DEL01-DF"
539709;2023-08-02;"quarta-feira";"07:00:00";"CE";116;1;"FORTALEZA";"Manobra de mudança de faixa";"Colisão traseira";"Com Vítimas Feridas";"Pleno dia";"Decrescente";"Sol";"Dupla";"Reta";"Sim";3;0;2;0;0;1;2;2;-3,76159894;-38,51900662;"SPRF-CE";"DEL01-CE";"UOP02-DEL01-CE"
539710;2023-08-02;"quarta-feira";"02:45:00";"MG";381;550;"ITAGUARA";"Reação tardia ou ineficiente do condutor";"Saída de leito carroçável";"Com Vítimas Feridas";"Pleno dia";"Crescente";"Ignorado";"Dupla";"Curva";"Não";1;0;1;0;0;0;1;1;-20,32661215;-44,45627931;"SPRF-MG";"DEL04-MG";"UOP03-DEL04-MG"
539711;2023-08-02;"quarta-feira";"06:45:00";"SC";101;205;"SAO JOSE";"Manobra de mudança de faixa";"Colisão traseira";"Com Vítimas Feridas";"Amanhecer";"Decrescente";"Céu Claro";"Múltipla";"Reta";"Sim";3;0;3;0;0;0;3;2;-27,58313237;-48,61532885;"SPRF-SC";"DEL01-SC";"UOP01-DEL01-SC"
539714;2023-08-02;"quarta-feira";"07:00:00";"PE";232;7,7;"RECIFE";"Manobra de mudança de faixa";"Colisão transversal";"Com Vítimas Feridas";"Pleno dia";"Decrescente";"Céu Claro";"Múltipla";"Em Obras;Reta";"Sim";2;0;1;0;1;0;1;2;-8,075407;-34,967798;"SPRF-PE";"DEL01-PE";"UOP01-DEL01-PE"
539715;2023-08-02;"quarta-feira";"07:30:00";"ES";101;271;"SERRA";"Condutor deixou de manter distância do veículo da frente";"Colisão traseira";"Com Vítimas Feridas";"Pleno dia";"Crescente";"Céu Claro";"Múltipla";"Reta";"Sim";3;0;2;0;1;0;2;2;-20,23267;-40,27658;"SPRF-ES";"DEL02-ES";"UOP01-DEL02-ES"
539716;2023-08-02;"quarta-feira";"07:40:00";"SC";101;200,8;"SAO JOSE";"Manobra de mudança de faixa";"Colisão lateral mesmo sentido";"Com Vítimas Feridas";"Pleno dia";"Crescente";"Sol";"Múltipla";"Reta";"Sim";2;0;1;0;1;0;1;2;-27,54018513;-48,62287714;"SPRF-SC";"DEL01-SC";"UOP01-DEL01-SC"
539717;2023-08-02;"quarta-feira";"07:20:00";"DF";80;21;"BRASILIA";"Condutor deixou de manter distância do veículo da frente";"Capotamento";"Com Vítimas Feridas";"Pleno dia";"Decrescente";"Céu Claro";"Simples";"Reta";"Sim";3;0;2;0;1;0;2;1;-15,658299;-48,20282;"SPRF-DF";"DEL03-DF";"UOP02-DEL03-DF"
539723;2023-08-02;"quarta-feira";"07:50:00";"PR";277;589;"CASCAVEL";"Condutor deixou de manter distância do veículo da frente";"Colisão traseira";"Com Vítimas Feridas";"Pleno dia";"Decrescente";"Sol";"Simples";"Declive;Interseção de Vias;Reta";"Sim";2;0;1;0;1;0;1;2;-24,97777319;-53,44688591;"SPRF-PR";"DEL04-PR";"UOP01-DEL04-PR"
539724;2023-08-02;"quarta-feira";"07:15:00";"RS";392;679,3;"SAO PEDRO DO BUTIA";"Acessar a via sem observar a presença dos outros veículos";"Colisão transversal";"Com Vítimas Feridas";"Pleno dia";"Decrescente";"Céu Claro";"Simples";"Interseção de Vias;Reta";"Sim";2;0;0;1;1;0;1;2;-28,12911366;-54,89085;"SPRF-RS";"DEL10-RS";"UOP01-DEL10-RS"
539725;2023-08-02;"quarta-feira";"06:50:00";"CE";116;17,8;"EUSEBIO";"Ausência de reação do condutor";"Engavetamento";"Com Vítimas Feridas";"Pleno dia";"Decrescente";"Sol";"Dupla";"Aclive;Reta";"Não";4;0;1;0;2;1;1;4;-3,90289678;-38,50458026;"SPRF-CE";"DEL01-CE";"UOP02-DEL01-CE"
539726;2023-07-29;"sábado";"10:50:00";"PE";232;16;"JABOATAO DOS GUARARAPES";"Acessar a via sem observar a presença dos outros veículos";"Colisão transversal";"Com Vítimas Feridas";"Pleno dia";"Crescente";"Céu Claro";"Dupla";"Reta";"Não";3;0;2;0;1;0;2;2;-8,09414193;-35,03716601;"SPRF-PE";"DEL01-PE";"UOP01-DEL01-PE"
539727;2023-08-02;"quarta-feira";"07:55:00";"MG";116;533,3;"SANTA RITA DE MINAS";"Acesso irregular";"Colisão transversal";"Com Vítimas Feridas";"Amanhecer";"Crescente";"Céu Claro";"Simples";"Reta";"Sim";2;0;1;0;1;0;1;2;-19,86620285;-42,1352356;"SPRF-MG";"DEL06-MG";"UOP02-DEL06-MG"
539728;2023-08-02;"quarta-feira";"08:00:00";"PR";369;149;"LONDRINA";"Reação tardia ou ineficiente do condutor";"Colisão traseira";"Com Vítimas Feridas";"Pleno dia";"Crescente";"Sol";"Dupla";"Reta";"Sim";2;0;1;0;1;0;1;2;-23,292856;-51,150286;"SPRF-PR";"DEL07-PR";"UOP01-DEL07-PR"
539731;2023-08-02;"quarta-feira";"07:30:00";"PR";376;601;"CURITIBA";"Trafegar com motocicleta (ou similar) entre as faixas";"Colisão lateral mesmo sentido";"Com Vítimas Feridas";"Pleno dia";"Crescente";"Nublado";"Dupla";"Reta";"Sim";3;0;0;1;2;0;1;3;-25,537054;-49,31404;"SPRF-PR";"DEL01-PR";"UOP06-DEL01-PR"
539732;2023-08-02;"quarta-feira";"08:45:00";"SP";116;228;"SAO PAULO";"Trafegar com motocicleta (ou similar) entre as faixas";"Colisão lateral mesmo sentido";"Com Vítimas Feridas";"Amanhecer";"Crescente";"Céu Claro";"Múltipla";"Declive";"Sim";4;0;2;0;2;0;2;2;-23,50343484;-46,56638712;"SPRF-SP";"DEL01-SP";"UOP01-DEL01-SP"
539737;2023-08-02;"quarta-feira";"09:20:00";"MG";381;480;"CONTAGEM";"Entrada inopinada do pedestre";"Atropelamento de Pedestre";"Com Vítimas Feridas";"Pleno dia";"Decrescente";"Céu Claro";"Dupla";"Reta";"Sim";2;0;0;1;1;0;1;2;-19,95929883;-44,05395806;"SPRF-MG";"DEL01-MG";"UOP03-DEL01-MG"
539738;2023-08-02;"quarta-feira";"08:05:00";"SC";101;156,9;"PORTO BELO";"Frear bruscamente";"Tombamento";"Com Vítimas Feridas";"Pleno dia";"Crescente";"Céu Claro";"Dupla";"Reta";"Não";1;0;1;0;0;0;1;1;-27,172272;-48,61170204;"SPRF-SC";"DEL04-SC";"UOP03-DEL04-SC"
539740;2023-08-02;"quarta-feira";"09:30:00";"GO";153;510,3;"APARECIDA DE GOIANIA";"Manobra de mudança de faixa";"Colisão traseira";"Com Vítimas Feridas";"Pleno dia";"Crescente";"Sol";"Dupla";"Reta";"Sim";2;0;1;0;1;0;1;2;-16,7977;-49,2386;"SPRF-GO";"DEL01-GO";"UOP03-DEL01-GO"
539741;2023-08-02;"quarta-feira";"07:30:00";"GO";50;96;"CRISTALINA";"Conversão proibida";"Colisão transversal";"Com Vítimas Feridas";"Pleno dia";"Crescente";"Céu Claro";"Simples";"Aclive;Reta";"Sim";3;0;1;0;2;0;1;2;-16,9309;-47,7117;"SPRF-DF";"DEL01-DF";"UOP02-DEL01-DF"
539742;2023-08-02;"quarta-feira";"06:30:00";"MS";262;117;"AGUA CLARA";"Reação tardia ou ineficiente do condutor";"Saída de leito carroçável";"Com Vítimas Feridas";"Pleno dia";"Decrescente";"Sol";"Simples";"Reta";"Não";3;0;0;1;0;2;1;2;-20,51171349;-52,6447039;"SPRF-MS";"DEL07-MS";"UOP02-DEL07-MS"
539744;2023-08-02;"quarta-feira";"07:05:00";"PR";277;2;"FOZ DO IGUACU";"Manobra de mudança de faixa";"Colisão transversal";"Com Vítimas Feridas";"Pleno dia";"Decrescente";"Céu Claro";"Dupla";"Reta";"Sim";2;0;1;0;1;0;1;2;-25,5469;-54,5882;"SPRF-PR";"DEL05-PR";"UOP03-DEL05-PR"
539746;2023-08-02;"quarta-feira";"09:35:00";"RO";364;711,6;"PORTO VELHO";"Condutor deixou de manter distância do veículo da frente";"Engavetamento";"Sem Vítimas";"Pleno dia";"Crescente";"Céu Claro";"Dupla";"Reta";"Sim";3;0;0;0;3;0;0;3;-8,78153947;-63,86531369;"SPRF-RO";"DEL01-RO";"UOP01-DEL01-RO"
539748;2023-08-02;"quarta-feira";"09:50:00";"PB";230;11;"CABEDELO";"Ausência de reação do condutor";"Colisão lateral mesmo sentido";"Com Vítimas Feridas";"Pleno dia";"Decrescente";"Céu Claro";"Simples";"Reta";"Sim";2;0;1;0;1;0;1;2;-7,06479614;-34,85007763;"SPRF-PB";"DEL01-PB";"UOP01-DEL01-PB"
539749;2023-08-02;"quarta-feira";"09:30:00";"SC";470;59;"BLUMENAU";"Reação tardia ou ineficiente do condutor";"Colisão traseira";"Com Vítimas Feridas";"Pleno dia";"Decrescente";"Céu Claro";"Simples";"Curva";"Sim";3;0;1;0;2;0;1;2;-26,882812;-49,1548;"SPRF-SC";"DEL04-SC";"UOP01-DEL04-SC"
539751;2023-08-02;"quarta-feira";"10:30:00";"PB";101;90;"JOAO PESSOA";"Acessar a via sem observar a presença dos outros veículos";"Colisão lateral mesmo sentido";"Com Vítimas Feridas";"Pleno dia";"Crescente";"Céu Claro";"Dupla";"Reta;Retorno Regulamentado";"Sim";2;0;0;1;1;0;1;2;-7,179652;-34,900417;"SPRF-PB";"DEL01-PB";"UOP02-DEL01-PB"
539753;2023-08-02;"quarta-feira";"10:42:00";"PE";101;69,5;"RECIFE";"Acessar a via sem observar a presença dos outros veículos";"Atropelamento de Pedestre";"Com Vítimas Feridas";"Pleno dia";"Decrescente";"Céu Claro";"Dupla";"Reta";"Sim";2;0;0;1;1;0;1;2;-8,05951606;-34,94581024;"SPRF-PE";"DEL01-PE";"UOP01-DEL01-PE"
539757;2023-08-02;"quarta-feira";"11:00:00";"RS";158;327;"SANTA MARIA";"Reação tardia ou ineficiente do condutor";"Colisão traseira";"Com Vítimas Feridas";"Pleno dia";"Crescente";"Céu Claro";"Simples";"Reta";"Não";2;0;1;0;1;0;1;2;-29,71338926;-53,81541789;"SPRF-RS";"DEL09-RS";"UOP01-DEL09-RS"
539758;2023-08-02;"quarta-feira";"08:00:00";"MS";376;4,2;"DOURADOS";"Acessar a via sem observar a presença dos outros veículos";"Colisão transversal";"Sem Vítimas";"Pleno dia";"Decrescente";"Céu Claro";"Simples";"Interseção de Vias";"Sim";2;0;0;0;2;0;0;2;-22,22300006;-54,66789607;"SPRF-MS";"DEL04-MS";"UOP01-DEL04-MS"
539761;2023-08-02;"quarta-feira";"11:00:00";"SC";282;2,7;"FLORIANOPOLIS";"Mal súbito do condutor";"Colisão com objeto";"Com Vítimas Fatais";"Pleno dia";"Decrescente";"Sol";"Dupla";"Curva";"Sim";3;1;0;0;1;1;0;3;-27,6020549;-48,5968078;"SPRF-SC";"DEL01-SC";"UOP01-DEL01-SC"
539762;2023-07-20;"quinta-feira";"17:30:00";"GO";153;493,9;"GOIANIA";"Manobra de mudança de faixa";"Colisão lateral mesmo sentido";"Com Vítimas Feridas";"Pleno dia";"Crescente";"Céu Claro";"Dupla";"Reta";"Sim";2;0;1;0;1;0;1;2;-16,6537;-49,2172;"SPRF-GO";"DEL01-GO";"UOP01-DEL01-GO"
539764;2023-08-02;"quarta-feira";"12:05:00";"PE";101;50,5;"ABREU E LIMA";"Ausência de reação do condutor";"Colisão lateral mesmo sentido";"Com Vítimas Feridas";"Pleno dia";"Crescente";"Céu Claro";"Múltipla";"Reta";"Sim";3;0;0;1;1;1;1;3;-7,913773;-34,899678;"SPRF-PE";"DEL01-PE";"UOP02-DEL01-PE"
539767;2023-08-02;"quarta-feira";"11:30:00";"AL";104;30;"UNIAO DOS PALMARES";"Ingestão de álcool pelo condutor";"Queda de ocupante de veículo";"Com Vítimas Feridas";"Pleno dia";"Decrescente";"Nublado";"Simples";"Reta";"Não";1;0;1;0;0;0;1;1;-9,12603274;-36,03386675;"SPRF-AL";"DEL01-AL";"UOP02-DEL01-AL"
539768;2023-08-02;"quarta-feira";"13:10:00";"SC";282;18,5;"PALHOCA";"Acesso irregular";"Colisão traseira";"Com Vítimas Feridas";"Pleno dia";"Decrescente";"Céu Claro";"Simples";"Viaduto;Reta";"Não";2;0;1;0;1;0;1;2;-27,672798;-48,694286;"SPRF-SC";"DEL01-SC";"UOP02-DEL01-SC"
539769;2023-08-02;"quarta-feira";"12:45:00";"SC";280;46,3;"GUARAMIRIM";"Condutor deixou de manter distância do veículo da frente";"Colisão lateral mesmo sentido";"Com Vítimas Feridas";"Pleno dia";"Crescente";"Céu Claro";"Simples";"Reta";"Não";2;0;1;0;1;0;1;2;-26,45295055;-48,90788103;"SPRF-SC";"DEL03-SC";"UOP03-DEL03-SC"
539771;2023-08-02;"quarta-feira";"11:50:00";"RS";290;38;"SANTO ANTONIO DA PATRULHA";"Demais falhas mecânicas ou elétricas";"Colisão com objeto";"Com Vítimas Feridas";"Pleno dia";"Crescente";"Céu Claro";"Múltipla";"Reta";"Não";1;0;1;0;0;0;1;1;-29,886322;-50,637886;"SPRF-RS";"DEL03-RS";"UOP01-DEL03-RS"
539772;2023-07-01;"sábado";"11:00:00";"MG";381;213,5;"NAQUE";"Acessar a via sem observar a presença dos outros veículos";"Tombamento";"Com Vítimas Feridas";"Pleno dia";"Decrescente";"Céu Claro";"Simples";"Interseção de Vias;Reta";"Sim";3;0;0;2;1;0;2;2;-19,230751;-42,32869;"SPRF-MG";"DEL06-MG";"UOP01-DEL06-MG"
539773;2023-08-02;"quarta-feira";"11:20:00";"MA";10;376;"ITINGA DO MARANHAO";"Ultrapassagem Indevida";"Colisão frontal";"Com Vítimas Feridas";"Pleno dia";"Decrescente";"Céu Claro";"Simples";"Reta";"Sim";2;0;0;1;1;0;1;2;-4,464304;-47,521744;"SPRF-MA";"DEL04-MA";"UOP03-DEL04-MA"
539774;2023-05-02;"terça-feira";"08:35:00";"PR";376;600;"CURITIBA";"Trafegar com motocicleta (ou similar) entre as faixas";"Colisão lateral mesmo sentido";"Com Vítimas Feridas";"Pleno dia";"Decrescente";"Nublado";"Dupla";"Reta";"Sim";2;0;0;1;1;0;1;2;-25,53195602;-49,32205901;"SPRF-PR";"DEL01-PR";"UOP06-DEL01-PR"
539775;2023-08-02;"quarta-feira";"11:50:00";"MG";381;678,9;"PERDOES";"Reação tardia ou ineficiente do condutor";"Colisão traseira";"Com Vítimas Feridas";"Pleno dia";"Decrescente";"Céu Claro";"Dupla";"Em Obras;Reta";"Não";5;0;1;0;4;0;1;2;-21,140046;-45,104398;"SPRF-MG";"DEL04-MG";"UOP02-DEL04-MG"
539779;2023-08-02;"quarta-feira";"11:10:00";"PR";277;427,6;"VIRMOND";"Demais falhas mecânicas ou elétricas";"Incêndio";"Sem Vítimas";"Pleno dia";"Crescente";"Céu Claro";"Simples";"Aclive;Curva";"Não";1;0;0;0;1;0;0;1;-25,38503412;-52,17891097;"SPRF-PR";"DEL04-PR";"UOP02-DEL04-PR"