"id";"data_inversa";"dia_semana";"horario";"uf";"br";"km";"municipio";"causa_acidente";"tipo_acidente";"classificacao_acidente";"fase_dia";"sentido_via";"condicao_metereologica";"tipo_pista";"tracado_via";"uso_solo";"pessoas";"mortos";"feridos_leves";"feridos_graves";"ilesos";"ignorados";"feridos";"veiculos";"latitude";"longitude";"regional";"delegacia";"uop"
539905;2023-08-03;"quinta-feira";"07:30:00";"CE";116;17,5;"EUSEBIO";"Condutor deixou de manter distância do veículo da frente";"Engavetamento";"Com Vítimas Feridas";"Pleno dia";"Decrescente";"Céu Claro";"Dupla";"Reta";"Sim";3;0;1;0;2;0;1;3;-3,89617918;-38,50336042;"SPRF-CE";"DEL01-CE";"UOP02-DEL01-CE"
539906;2023-08-03;"quinta-feira";"07:30:00";"GO";40;12;"LUZIANIA";"Trafegar com motocicleta (ou similar) entre as faixas";"Queda de ocupante de veículo";"Com Vítimas Feridas";"Pleno dia";"Decrescente";"Céu Claro";"Dupla";"Reta";"Sim";1;0;1;0;0;0;1;1;-16,145123;-47,945382;"SPRF-DF";"DEL01-DF";"UOP01-DEL01-DF"
539907;2023-08-03;"quinta-feira";"07:53:00";"RN";304;35;"MOSSORO";"Afundamento ou ondulação no pavimento";"Colisão com objeto";"Com Vítimas Feridas";"Pleno dia";"Decrescente";"Céu Claro";"Dupla";"Reta";"Não";1;0;1;0;0;0;1;1;-5,16149497;-37,35068212;"SPRF-RN";"DEL04-RN";"UOP02-DEL04-RN"
539908;2023-08-03;"quinta-feira";"07:30:00";"ES";259;57,9;"COLATINA";"Reação tardia ou ineficiente do condutor";"Queda de ocupante de veículo";"Com Vítimas Feridas";"Pleno dia";"Decrescente";"Céu Claro";"Simples";"Curva";"Sim";1;0;0;1;0;0;1;1;-19,50865703;-40,65581416;"SPRF-ES";"DEL02-ES";"UOP01-DEL02-ES"
539909;2023-08-03;"quinta-feira";"07:32:00";"PB";230;22,8;"JOAO PESSOA";"Ausência de reação do condutor";"Engavetamento";"Com Vítimas Feridas";"Pleno dia";"Decrescente";"Céu Claro";"Múltipla";"Reta";"Sim";4;0;1;1;2;0;2;3;-7,1495;-34,8517;"SPRF-PB";"DEL01-PB";"UOP01-DEL01-PB"
539911;2023-08-03;"quinta-feira";"06:40:00";"RJ";493;6;"ITABORAI";"Condutor deixou de manter distância do veículo da frente";"Colisão traseira";"Com Vítimas Feridas";"Pleno dia";"Decrescente";"Nublado";"Dupla";"Reta";"Não";4;0;0;2;2;0;2;2;-22,73124198;-42,95145305;"SPRF-RJ";"DEL02-RJ";"UOP02-DEL02-RJ"
539912;2023-08-03;"quinta-feira";"04:05:00";"RJ";116;192;"NOVA IGUACU";"Animais na Pista";"Atropelamento de Animal";"Com Vítimas Feridas";"Plena Noite";"Decrescente";"Céu Claro";"Dupla";"Reta";"Não";2;0;1;0;1;0;1;1;-22,74207737;-43,5192401;"SPRF-RJ";"DEL01-RJ";"UOP02-DEL01-RJ"
539913;2023-08-03;"quinta-feira";"08:05:00";"PR";476;152;"ARAUCARIA";"Manobra de mudança de faixa";"Colisão lateral mesmo sentido";"Com Vítimas Feridas";"Pleno dia";"Decrescente";"Céu Claro";"Dupla";"Reta";"Não";3;0;1;0;1;1;1;2;-25,570036;-49,384193;"SPRF-PR";"DEL01-PR";"UOP06-DEL01-PR"
539914;2023-08-03;"quinta-feira";"07:30:00";"SP";116;110;"TAUBATE";"Reação tardia ou ineficiente do condutor";"Tombamento";"Com Vítimas Feridas";"Amanhecer";"Crescente";"Céu Claro";"Dupla";"Reta";"Não";2;0;1;0;0;1;1;2;-23,03412614;-45,5526999;"SPRF-SP";"DEL08-SP";"UOP01-DEL08-SP"
539915;2023-08-03;"quinta-feira";"08:00:00";"SP";101;47;"UBATUBA";"Acessar a via sem observar a presença dos outros veículos";"Colisão transversal";"Com Vítimas Feridas";"Pleno dia";"Crescente";"Céu Claro";"Simples";"Reta";"Sim";2;0;1;0;1;0;1;2;-23,429897;-45,082436;"SPRF-SP";"DEL06-SP";"UOP01-DEL06-SP"
539917;2023-07-24;"segunda-feira";"12:50:00";"GO";153;527;"HIDROLANDIA";"Demais falhas mecânicas ou elétricas";"Incêndio";"Sem Vítimas";"Pleno dia";"Decrescente";"Céu Claro";"Dupla";"Aclive";"Não";1;0;0;0;1;0;0;1;-16,9457;-49,2511;"SPRF-GO";"DEL01-GO";"UOP03-DEL01-GO"
539918;2023-08-03;"quinta-feira";"08:30:00";"SP";116;111;"TAUBATE";"Reação tardia ou ineficiente do condutor";"Colisão traseira";"Com Vítimas Feridas";"Pleno dia";"Crescente";"Céu Claro";"Dupla";"Reta";"Sim";2;0;1;0;1;0;1;2;-23,03887149;-45,56097419;"SPRF-SP";"DEL02-SP";"UOP02-DEL02-SP"
539919;2023-08-03;"quinta-feira";"07:00:00";"RJ";101;526;"ANGRA DOS REIS";"Ausência de reação do condutor";"Queda de ocupante de veículo";"Com Vítimas Feridas";"Pleno dia";"Decrescente";"Céu Claro";"Simples";"Reta;Em Obras";"Não";1;0;1;0;0;0;1;1;-23,0129519;-44,48622015;"SPRF-RJ";"DEL03-RJ";"UOP03-DEL03-RJ"
539920;2023-08-03;"quinta-feira";"08:20:00";"ES";101;173;"ARACRUZ";"Ausência de reação do condutor";"Saída de leito carroçável";"Com Vítimas Feridas";"Pleno dia";"Crescente";"Céu Claro";"Simples";"Reta";"Não";1;0;1;0;0;0;1;1;-19,57221883;-40,18397327;"SPRF-ES";"DEL04-ES";"UOP01-DEL04-ES"
539921;2023-08-03;"quinta-feira";"08:00:00";"RS";392;117,8;"CANGUCU";"Ausência de reação do condutor";"Colisão com objeto";"Com Vítimas Feridas";"Pleno dia";"Crescente";"Nublado";"Simples";"Ponte";"Não";3;0;1;0;2;0;1;1;-31,41369338;-52,67628308;"SPRF-RS";"DEL07-RS";"UOP01-DEL07-RS"
539924;2023-08-02;"quarta-feira";"22:00:00";"PA";10;16,5;"DOM ELISEU";"Entrada inopinada do pedestre";"Atropelamento de Pedestre";"Com Vítimas Feridas";"Plena Noite";"Crescente";"Céu Claro";"Simples";"Reta";"Sim";2;0;0;1;0;1;1;2;-4,310932;-47,55446699;"SPRF-PA";"DEL02-PA";"UOP02-DEL02-PA"
539925;2023-08-03;"quinta-feira";"07:14:00";"MG";381;453;"SABARA";"Acessar a via sem observar a presença dos outros veículos";"Colisão transversal";"Com Vítimas Feridas";"Pleno dia";"Crescente";"Sol";"Simples";"Curva";"Sim";2;0;1;1;0;0;2;2;-19,841241;-43,861788;"SPRF-MG";"DEL01-MG";"UOP01-DEL01-MG"
539926;2023-08-03;"quinta-feira";"08:05:00";"PR";277;101,8;"CURITIBA";"Reação tardia ou ineficiente do condutor";"Colisão traseira";"Com Vítimas Feridas";"Pleno dia";"Decrescente";"Céu Claro";"Dupla";"Reta";"Não";2;0;1;0;1;0;1;2;-25,42934996;-49,37910318;"SPRF-PR";"DEL01-PR";"UOP06-DEL01-PR"
539929;2023-08-03;"quinta-feira";"08:10:00";"RO";364;709;"PORTO VELHO";"Acessar a via sem observar a presença dos outros veículos";"Colisão traseira";"Com Vítimas Feridas";"Pleno dia";"Decrescente";"Nublado";"Dupla";"Curva";"Sim";4;0;0;1;3;0;1;2;-8,78371398;-63,86184812;"SPRF-RO";"DEL01-RO";"UOP01-DEL01-RO"
539930;2023-08-03;"quinta-feira";"09:20:00";"RN";101;97;"NATAL";"Chuva";"Queda de ocupante de veículo";"Com Vítimas Feridas";"Pleno dia";"Decrescente";"Chuva";"Múltipla";"Viaduto";"Sim";1;0;1;0;0;0;1;1;-5,85758898;-35,21271205;"SPRF-RN";"DEL01-RN";"UOP01-DEL01-RN"
539931;2023-07-09;"domingo";"07:50:00";"MA";10;255;"IMPERATRIZ";"Ingestão de álcool pelo condutor";"Colisão traseira";"Com Vítimas Feridas";"Pleno dia";"Decrescente";"Céu Claro";"Simples";"Reta";"Sim";8;0;2;1;3;2;3;4;-5,508798;-47,471718;"SPRF-MA";"DEL04-MA";"UOP01-DEL04-MA"
539932;2023-08-03;"quinta-feira";"08:30:00";"SP";116;227;"GUARULHOS";"Trafegar com motocicleta (ou similar) entre as faixas";"Colisão lateral mesmo sentido";"Com Vítimas Feridas";"Pleno dia";"Crescente";"Céu Claro";"Múltipla";"Reta";"Sim";2;0;1;0;1;0;1;2;-23,49659264;-46,55648754;"SPRF-SP";"DEL01-SP";"UOP01-DEL01-SP"
539933;2023-07-31;"segunda-feira";"07:00:00";"RJ";116;82;"TERESOPOLIS";"Acessar a via sem observar a presença dos outros veículos";"Colisão transversal";"Com Vítimas Feridas";"Pleno dia";"Crescente";"Céu Claro";"Simples";"Reta";"Sim";2;0;0;2;0;0;2;2;-22,4065491;-42,95136745;"SPRF-RJ";"DEL04-RJ";"UOP01-DEL04-RJ"
539935;2023-08-03;"quinta-feira";"09:40:00";"SC";101;205,1;"SAO JOSE";"Reação tardia ou ineficiente do condutor";"Engavetamento";"Com Vítimas Feridas";"Pleno dia";"Crescente";"Céu Claro";"Dupla";"Reta";"Sim";4;0;1;0;3;0;1;3;-27,58313237;-48,61532885;"SPRF-SC";"DEL01-SC";"UOP01-DEL01-SC"
539936;2023-08-03;"quinta-feira";"10:00:00";"RS";392;667,7;"CERRO LARGO";"Velocidade Incompatível";"Colisão transversal";"Com Vítimas Feridas";"Pleno dia";"Decrescente";"Sol";"Simples";"Interseção de Vias;Reta";"Não";3;0;3;0;0;0;3;2;-28,12072256;-54,79278803;"SPRF-RS";"DEL10-RS";"UOP01-DEL10-RS"
539937;2023-07-15;"sábado";"08:20:00";"SP";116;125;"CACAPAVA";"Reação tardia ou ineficiente do condutor";"Engavetamento";"Com Vítimas Feridas";"Pleno dia";"Decrescente";"Céu Claro";"Dupla";"Reta";"Não";7;0;2;0;5;0;2;5;-23,09872598;-45,68608201;"SPRF-SP";"DEL02-SP";"UOP02-DEL02-SP"
539938;2023-08-03;"quinta-feira";"09:10:00";"MG";262;61,2;"MANHUACU";"Acessar a via sem observar a presença dos outros veículos";"Colisão transversal";"Com Vítimas Feridas";"Pleno dia";"Crescente";"Céu Claro";"Simples";"Declive;Reta";"Não";2;0;1;0;0;1;1;2;-20,2924829;-42,21744498;"SPRF-MG";"DEL06-MG";"UOP03-DEL06-MG"
539939;2023-08-03;"quinta-feira";"09:50:00";"ES";101;146,7;"LINHARES";"Reação tardia ou ineficiente do condutor";"Colisão lateral mesmo sentido";"Com Vítimas Feridas";"Pleno dia";"Crescente";"Céu Claro";"Múltipla";"Interseção de Vias";"Sim";2;0;0;1;1;0;1;2;-19,36990998;-40,06560718;"SPRF-ES";"DEL04-ES";"UOP01-DEL04-ES"
539940;2023-08-02;"quarta-feira";"13:45:00";"PA";10;180;"IPIXUNA DO PARA";"Demais falhas mecânicas ou elétricas";"Incêndio";"Sem Vítimas";"Pleno dia";"Decrescente";"Sol";"Simples";"Declive";"Não";1;0;0;0;1;0;0;1;-2,85881003;-47,43998019;"SPRF-PA";"DEL02-PA";"UOP01-DEL02-PA"
539941;2023-08-03;"quinta-feira";"10:30:00";"MG";116;699,6;"MURIAE";"Ausência de sinalização";"Colisão transversal";"Com Vítimas Feridas";"Pleno dia";"Crescente";"Sol";"Simples";"Reta;Em Obras;Interseção de Vias";"Sim";4;0;1;0;1;2;1;3;-21,09470198;-42,37369904;"SPRF-MG";"DEL07-MG";"UOP02-DEL07-MG"
539943;2023-08-03;"quinta-feira";"10:30:00";"MG";381;495;"BETIM";"Ausência de reação do condutor";"Tombamento";"Com Vítimas Feridas";"Pleno dia";"Crescente";"Sol";"Múltipla";"Reta";"Sim";1;0;1;0;0;0;1;1;-19,96902101;-44,18136835;"SPRF-MG";"DEL04-MG";"UOP03-DEL04-MG"
539944;2023-08-03;"quinta-feira";"09:50:00";"PR";376;218,5;"JANDAIA DO SUL";"Acessar a via sem observar a presença dos outros veículos";"Colisão transversal";"Com Vítimas Feridas";"Pleno dia";"Decrescente";"Sol";"Simples";"Interseção de Vias";"Sim";2;0;1;0;1;0;1;2;-23,59717604;-51,615043;"SPRF-PR";"DEL09-PR";"UOP01-DEL09-PR"
539945;2023-08-03;"quinta-feira";"09:00:00";"SP";381;87;"SAO PAULO";"Reação tardia ou ineficiente do condutor";"Colisão lateral mesmo sentido";"Com Vítimas Feridas";"Pleno dia";"Crescente";"Céu Claro";"Múltipla";"Reta";"Sim";2;0;1;0;1;0;1;2;-23,46885001;-46,56996601;"SPRF-SP";"DEL03-SP";"UOP01-DEL03-SP"
539947;2023-08-02;"quarta-feira";"09:10:00";"RJ";116;186;"NOVA IGUACU";"Reação tardia ou ineficiente do condutor";"Colisão traseira";"Com Vítimas Feridas";"Pleno dia";"Decrescente";"Céu Claro";"Dupla";"Reta";"Sim";2;0;1;0;1;0;1;2;-22,73962339;-43,46276495;"SPRF-RJ";"DEL01-RJ";"UOP02-DEL01-RJ"
539949;2023-08-03;"quinta-feira";"11:00:00";"MG";40;611,8;"CONGONHAS";"Transitar na contramão";"Colisão transversal";"Com Vítimas Feridas";"Pleno dia";"Crescente";"Céu Claro";"Simples";"Reta";"Sim";2;0;1;0;1;0;1;2;-20,51818279;-43,83556003;"SPRF-MG";"DEL05-MG";"UOP02-DEL05-MG"
539953;2023-07-10;"segunda-feira";"21:20:00";"GO";60;96,9;"ANAPOLIS";"Manobra de mudança de faixa";"Colisão traseira";"Com Vítimas Feridas";"Plena Noite";"Decrescente";"Céu Claro";"Dupla";"Reta";"Sim";4;0;0;1;2;1;1;3;-16,375704;-48,946975;"SPRF-GO";"DEL02-GO";"UOP01-DEL02-GO"
539954;2023-08-03;"quinta-feira";"08:50:00";"RS";468;132;"TIRADENTES DO SUL";"Ausência de reação do condutor";"Saída de leito carroçável";"Com Vítimas Feridas";"Pleno dia";"Decrescente";"Nevoeiro/Neblina";"Simples";"Reta";"Não";2;0;0;1;1;0;1;1;-27,37504398;-54,11018398;"SPRF-RS";"DEL08-RS";"UOP02-DEL08-RS"
539956;2023-08-03;"quinta-feira";"12:40:00";"SP";381;68;"MAIRIPORA";"Velocidade Incompatível";"Saída de leito carroçável";"Com Vítimas Feridas";"Pleno dia";"Crescente";"Sol";"Dupla";"Curva;Aclive";"Não";6;0;3;0;3;0;3;1;-23,34386149;-46,57241821;"SPRF-SP";"DEL03-SP";"UOP01-DEL03-SP"
539957;2023-08-03;"quinta-feira";"11:45:00";"MG";262;39,4;"MANHUACU";"Acessar a via sem observar a presença dos outros veículos";"Colisão transversal";"Com Vítimas Feridas";"Pleno dia";"Crescente";"Céu Claro";"Simples";"Interseção de Vias;Reta";"Não";2;0;2;0;0;0;2;2;-20,27165802;-42,03950458;"SPRF-MG";"DEL06-MG";"UOP03-DEL06-MG"
539959;2023-08-03;"quinta-feira";"11:20:00";"BA";116;422;"FEIRA DE SANTANA";"Desrespeitar a preferência no cruzamento";"Colisão transversal";"Com Vítimas Feridas";"Pleno dia";"Decrescente";"Nublado";"Dupla";"Rotatória";"Sim";3;0;1;0;2;0;1;2;-12,2308619;-38,9645092;"SPRF-BA";"DEL02-BA";"UOP01-DEL02-BA"
539962;2023-05-25;"quinta-feira";"19:49:00";"RS";116;256,6;"ESTEIO";"Pedestre cruzava a pista fora da faixa";"Atropelamento de Pedestre";"Com Vítimas Fatais";"Plena Noite";"Crescente";"Céu Claro";"Dupla";"Reta";"Sim";3;1;1;0;0;1;1;2;-29,84393699;-51,17728603;"SPRF-RS";"DEL01-RS";"UOP02-DEL01-RS"
539963;2023-08-03;"quinta-feira";"11:20:00";"RJ";101;320;"NITEROI";"Ausência de reação do condutor";"Tombamento";"Com Vítimas Feridas";"Pleno dia";"Decrescente";"Céu Claro";"Dupla";"Curva";"Sim";1;0;1;0;0;0;1;1;-22,86171098;-43,10714015;"SPRF-RJ";"DEL02-RJ";"UOP01-DEL02-RJ"
539968;2023-05-27;"sábado";"18:45:00";"RJ";40;82;"PETROPOLIS";"Acessar a via sem observar a presença dos outros veículos";"Queda de ocupante de veículo";"Com Vítimas Feridas";"Anoitecer";"Decrescente";"Céu Claro";"Dupla";"Reta;Interseção de Vias;Aclive";"Não";2;0;1;0;1;0;1;2;-22,51183137;-43,23076171;"SPRF-RJ";"DEL06-RJ";"UOP01-DEL06-RJ"
539969;2023-08-03;"quinta-feira";"12:40:00";"PI";343;342,9;"TERESINA";"Desrespeitar a preferência no cruzamento";"Colisão transversal";"Com Vítimas Feridas";"Pleno dia";"Decrescente";"Sol";"Dupla";"Viaduto;Reta";"Não";2;0;0;1;1;0;1;2;-5,08284;-42,750385;"SPRF-PI";"DEL01-PI";"UOP01-DEL01-PI"
539971;2023-08-03;"quinta-feira";"12:40:00";"SC";282;433,8;"VARGEM BONITA";"Acessar a via sem observar a presença dos outros veículos";"Colisão transversal";"Com Vítimas Feridas";"Pleno dia";"Crescente";"Céu Claro";"Simples";"Reta";"Não";4;0;3;0;1;0;3;2;-26,977535;-51,823674;"SPRF-SC";"DEL07-SC";"UOP04-DEL07-SC"
539974;2023-08-03;"quinta-feira";"13:00:00";"SC";280;21;"ARAQUARI";"Acessar a via sem observar a presença dos outros veículos";"Colisão transversal";"Com Vítimas Feridas";"Pleno dia";"Decrescente";"Sol";"Simples";"Interseção de Vias";"Sim";4;0;2;1;1;0;3;2;-26,37043169;-48,69219602;"SPRF-SC";"DEL03-SC";"UOP03-DEL03-SC"
539975;2023-08-03;"quinta-feira";"15:00:00";"ES";101;238,6;"SERRA";"Acesso irregular";"Colisão transversal";"Com Vítimas Feridas";"Pleno dia";"Crescente";"Sol";"Simples";"Curva";"Sim";2;0;1;0;1;0;1;2;-20,00196;-40,41321;"SPRF-ES";"DEL02-ES";"UOP01-DEL02-ES"
539976;2023-08-03;"quinta-feira";"14:20:00";"SP";116;66,8;"GUARATINGUETA";"Ausência de reação do condutor";"Tombamento";"Com Vítimas Feridas";"Pleno dia";"Decrescente";"Sol";"Dupla";"Reta";"Não";1;0;1;0;0;0;1;1;-22,82270215;-45,20193286;"SPRF-SP";"DEL08-SP";"UOP01-DEL08-SP"
539981;2023-08-03;"quinta-feira";"13:30:00";"MG";381;489,5;"BETIM";"Reação tardia ou ineficiente do condutor";"Tombamento";"Com Vítimas Feridas";"Pleno dia";"Crescente";"Céu Claro";"Dupla";"Interseção de Vias;Reta";"Sim";1;0;1;0;0;0;1;1;-19,95659517;-44,13698541;"SPRF-MG";"DEL01-MG";"UOP03-DEL01-MG"
539983;2023-08-03;"quinta-feira";"15:50:00";"RS";116;399,4;"CAMAQUA";"Reação tardia ou ineficiente do condutor";"Tombamento";"Com Vítimas Feridas";"Pleno dia";"Decrescente";"Nublado";"Simples";"Reta";"Não";1;0;1;0;0;0;1;1;-30,86691995;-51,80039803;"SPRF-RS";"DEL02-RS";"UOP02-DEL02-RS"
539985;2023-08-03;"quinta-feira";"15:00:00";"SC";280;127;"RIO NEGRINHO";"Acessar a via sem observar a presença dos outros veículos";"Colisão transversal";"Com Vítimas Feridas";"Pleno dia";"Crescente";"Céu Claro";"Simples";"Reta";"Sim";2;0;1;0;1;0;1;2;-26,23943953;-49,50420708;"SPRF-SC";"DEL06-SC";"UOP03-DEL06-SC"
539987;2023-08-03;"quinta-feira";"14:00:00";"MT";70;272;"PRIMAVERA DO LESTE";"Demais falhas mecânicas ou elétricas";"Incêndio";"Sem Vítimas";"Pleno dia";"Decrescente";"Sol";"Simples";"Aclive;Reta";"Não";1;0;0;0;0;1;0;1;-15,53758802;-54,22946999;"SPRF-MT";"DEL05-MT";"UOP01-DEL05-MT"
539988;2023-03-27;"segunda-feira";"07:30:00";"BA";101;166;"FEIRA DE SANTANA";"Mal súbito do condutor";"Saída de leito carroçável";"Com Vítimas Feridas";"Pleno dia";"Decrescente";"Céu Claro";"Simples";"Aclive;Curva";"Não";1;0;1;0;0;0;1;1;-12,35551436;-38,782478;"SPRF-BA";"DEL01-BA";"UOP03-DEL01-BA"
539989;2023-08-03;"quinta-feira";"16:10:00";"ES";101;294,6;"CARIACICA";"Frear bruscamente";"Colisão traseira";"Com Vítimas Feridas";"Pleno dia";"Decrescente";"Céu Claro";"Dupla";"Reta";"Sim";2;0;1;0;0;1;1;2;-20,32415948;-40,3952903;"SPRF-ES";"DEL01-ES";"UOP01-DEL01-ES"
539990;2023-08-03;"quinta-feira";"16:20:00";"ES";101;128;"SOORETAMA";"Acessar a via sem observar a presença dos outros veículos";"Colisão transversal";"Com Vítimas Feridas";"Pleno dia";"Crescente";"Céu Claro";"Simples";"Reta";"Não";2;0;1;0;1;0;1;2;-19,21191395;-40,09457556;"SPRF-ES";"DEL04-ES";"UOP01-DEL04-ES"
539991;2023-08-03;"quinta-feira";"09:39:00";"RN";304;176;"ANGICOS";"Avarias e/ou desgaste excessivo no pneu";"Saída de leito carroçável";"Com Vítimas Feridas";"Pleno dia";"Decrescente";"Nublado";"Simples";"Reta";"Não";1;0;1;0;0;0;1;1;-5,68840912;-36,37424401;"SPRF-RN";"DEL01-RN";"UOP03-DEL01-RN"
539993;2023-08-03;"quinta-feira";"16:44:00";"RS";116;269;"CANOAS";"Animais na Pista";"Colisão lateral mesmo sentido";"Com Vítimas Feridas";"Pleno dia";"Decrescente";"Céu Claro";"Dupla";"Reta";"Sim";2;0;1;0;1;0;1;2;-29,95942501;-51,17608515;"SPRF-RS";"DEL01-RS";"UOP01-DEL01-RS"
539994;2023-07-28;"sexta-feira";"22:00:00";"RO";0;0;"MONTE NEGRO";"Demais falhas na via";"Saída de leito carroçável";"Sem Vítimas";"Plena Noite";"Não Informado";"Céu Claro";"Simples";"Curva";"Não";4;0;0;0;4;0;0;1;-10,298055;-63,236989;"SPRF-RO";"DEL03-RO";"UOP01-DEL03-RO"
539995;2023-08-03;"quinta-feira";"16:50:00";"ES";101;335;"GUARAPARI";"Acumulo de óleo sobre o pavimento";"Tombamento";"Com Vítimas Feridas";"Pleno dia";"Decrescente";"Céu Claro";"Simples";"Curva";"Não";2;0;2;0;0;0;2;1;-20,62718356;-40,52742029;"SPRF-ES";"DEL03-ES";"UOP01-DEL03-ES"
539996;2023-08-03;"quinta-feira";"16:30:00";"MT";70;76;"GENERAL CARNEIRO";"Demais falhas na via";"Capotamento";"Com Vítimas Feridas";"Pleno dia";"Crescente";"Céu Claro";"Simples";"Curva";"Não";1;0;1;0;0;0;1;1;-15,66514838;-52,7995795;"SPRF-MT";"DEL07-MT";"UOP01-DEL07-MT"
539998;2023-08-03;"quinta-feira";"16:30:00";"PR";369;497;"CORBELIA";"Velocidade Incompatível";"Colisão lateral mesmo sentido";"Com Vítimas Feridas";"Pleno dia";"Decrescente";"Céu Claro";"Simples";"Reta";"Sim";6;0;3;0;3;0;3;3;-24,7566;-53,2895;"SPRF-PR";"DEL04-PR";"UOP03-DEL04-PR"
539999;2023-08-03;"quinta-feira";"16:50:00";"RJ";393;280;"BARRA DO PIRAI";"Ausência de reação do condutor";"Atropelamento de Pedestre";"Com Vítimas Feridas";"Pleno dia";"Decrescente";"Céu Claro";"Simples";"Reta";"Sim";2;0;1;0;1;0;1;2;-22,47750785;-44,01954402;"SPRF-RJ";"DEL05-RJ";"UOP04-DEL05-RJ"
540000;2023-08-03;"quinta-feira";"16:51:00";"PB";230;25,4;"JOAO PESSOA";"Demais falhas mecânicas ou elétricas";"Queda de ocupante de veículo";"Com Vítimas Feridas";"Pleno dia";"Decrescente";"Céu Claro";"Múltipla";"Viaduto";"Sim";1;0;1;0;0;0;1;1;-7,16953646;-34,87495065;"SPRF-PB";"DEL01-PB";"UOP01-DEL01-PB"
540001;2023-08-03;"quinta-feira";"14:52:00";"MA";10;253;"IMPERATRIZ";"Ausência de reação do condutor";"Colisão traseira";"Com Vítimas Feridas";"Pleno dia";"Crescente";"Céu Claro";"Simples";"Interseção de Vias";"Sim";4;0;1;0;3;0;1;2;-5,526911;-47,471455;"SPRF-MA";"DEL04-MA";"UOP01-DEL04-MA"
540002;2023-08-03;"quinta-feira";"16:40:00";"PB";230;4;"CABEDELO";"Ingestão de álcool pelo condutor";"Colisão traseira";"Com Vítimas Feridas";"Pleno dia";"Decrescente";"Céu Claro";"Dupla";"Reta";"Sim";2;0;2;0;0;0;2;1;-7,0004;-34,8284;"SPRF-PB";"DEL01-PB";"UOP01-DEL01-PB"
540003;2023-05-31;"quarta-feira";"13:30:00";"BA";242;145;"RAFAEL JAMBEIRO";"Reação tardia ou ineficiente do condutor";"Tombamento";"Com Vítimas Feridas";"Pleno dia";"Decrescente";"Céu Claro";"Simples";"Reta";"Não";2;0;0;1;0;1;1;2;-12,547949;-39,553899;"SPRF-BA";"DEL06-BA";"UOP02-DEL06-BA"
540004;2023-07-30;"domingo";"14:30:00";"RS";471;175;"RIO PARDO";"Acessar a via sem observar a presença dos outros veículos";"Colisão lateral mesmo sentido";"Sem Vítimas";"Pleno dia";"Decrescente";"Céu Claro";"Simples";"Reta";"Sim";2;0;0;0;1;1;0;2;-29,99292795;-52,36822128;"SPRF-RS";"DEL02-RS";"UOP03-DEL02-RS"
540009;2023-08-03;"quinta-feira";"17:20:00";"SC";101;135,1;"BALNEARIO CAMBORIU";"Acessar a via sem observar a presença dos outros veículos";"Colisão transversal";"Com Vítimas Feridas";"Anoitecer";"Decrescente";"Céu Claro";"Múltipla";"Interseção de Vias;Reta";"Sim";2;0;1;0;1;0;1;2;-27,00478614;-48,62635732;"SPRF-SC";"DEL04-SC";"UOP03-DEL04-SC"
540012;2023-08-03;"quinta-feira";"17:50:00";"GO";70;6;"AGUAS LINDAS DE GOIAS";"Problema na suspensão";"Saída de leito carroçável";"Com Vítimas Feridas";"Pleno dia";"Crescente";"Céu Claro";"Dupla";"Reta";"Sim";2;0;1;0;1;0;1;1;-15,75049381;-48,2612381;"SPRF-DF";"DEL03-DF";"UOP02-DEL03-DF"
540013;2023-08-03;"quinta-feira";"18:10:00";"CE";116;1;"FORTALEZA";"Trafegar com motocicleta (ou similar) entre as faixas";"Tombamento";"Com Vítimas Feridas";"Plena Noite";"Crescente";"Céu Claro";"Múltipla";"Reta";"Sim";1;0;1;0;0;0;1;1;-3,76159894;-38,51900662;"SPRF-CE";"DEL01-CE";"UOP02-DEL01-CE"
540014;2023-08-03;"quinta-feira";"18:00:00";"ES";101;147,3;"LINHARES";"Acessar a via sem observar a presença dos outros veículos";"Colisão transversal";"Com Vítimas Feridas";"Plena Noite";"Crescente";"Céu Claro";"Múltipla";"Interseção de Vias;Reta";"Sim";2;0;0;1;1;0;1;2;-19,37887202;-40,06657892;"SPRF-ES";"DEL04-ES";"UOP01-DEL04-ES"
540015;2023-08-03;"quinta-feira";"18:00:00";"PE";101;48,7;"ABREU E LIMA";"Acessar a via sem observar a presença dos outros veículos";"Atropelamento de Pedestre";"Com Vítimas Feridas";"Plena Noite";"Crescente";"Vento";"Múltipla";"Reta";"Sim";2;0;1;0;1;0;1;2;-7,89174705;-34,9033493;"SPRF-PE";"DEL01-PE";"UOP02-DEL01-PE"
540017;2023-08-03;"quinta-feira";"17:45:00";"PR";277;584;"CASCAVEL";"Acessar a via sem observar a presença dos outros veículos";"Colisão transversal";"Com Vítimas Feridas";"Anoitecer";"Crescente";"Céu Claro";"Dupla";"Interseção de Vias;Aclive;Reta";"Sim";3;0;1;0;2;0;1;2;-24,96684176;-53,40258186;"SPRF-PR";"DEL04-PR";"UOP01-DEL04-PR"
540020;2023-08-03;"quinta-feira";"16:00:00";"MG";153;12;"CENTRALINA";"Ausência de reação do condutor";"Saída de leito carroçável";"Com Vítimas Feridas";"Pleno dia";"Decrescente";"Sol";"Dupla";"Aclive;Reta";"Não";2;0;2;0;0;0;2;1;-18,52415703;-49,19080383;"SPRF-MG";"DEL15-MG";"UOP03-DEL15-MG"