"id";"data_inversa";"dia_semana";"horario";"uf";"br";"km";"municipio";"causa_acidente";"tipo_acidente";"classificacao_acidente";"fase_dia";"sentido_via";"condicao_metereologica";"tipo_pista";"tracado_via";"uso_solo";"pessoas";"mortos";"feridos_leves";"feridos_graves";"ilesos";"ignorados";"feridos";"veiculos";"latitude";"longitude";"regional";"delegacia";"uop"
540021;2023-08-03;"quinta-feira";"14:30:00";"GO";60;54,5;"ALEXANIA";"Ausência de reação do condutor";"Colisão lateral mesmo sentido";"Com Vítimas Feridas";"Pleno dia";"Crescente";"Céu Claro";"Dupla";"Reta";"Sim";2;0;1;0;1;0;1;2;-16,145149;-48,602052;"SPRF-GO";"DEL02-GO";"UOP01-DEL02-GO"
540023;2023-08-03;"quinta-feira";"18:45:00";"SP";116;221;"GUARULHOS";"Trafegar com motocicleta (ou similar) entre as faixas";"Colisão lateral mesmo sentido";"Com Vítimas Feridas";"Plena Noite";"Crescente";"Céu Claro";"Múltipla";"Reta";"Não";3;0;2;0;1;0;2;2;-23,46802395;-46,50704901;"SPRF-SP";"DEL01-SP";"UOP01-DEL01-SP"
540025;2023-08-03;"quinta-feira";"18:55:00";"RN";110;48,4;"MOSSORO";"Ausência de reação do condutor";"Colisão traseira";"Com Vítimas Feridas";"Anoitecer";"Decrescente";"Céu Claro";"Dupla";"Rotatória";"Sim";2;0;1;0;1;0;1;2;-5,211643;-37,332118;"SPRF-RN";"DEL04-RN";"UOP01-DEL04-RN"
540026;2023-08-03;"quinta-feira";"18:30:00";"MA";135;0;"SAO LUIS";"Manobra de mudança de faixa";"Colisão lateral mesmo sentido";"Com Vítimas Feridas";"Plena Noite";"Decrescente";"Céu Claro";"Dupla";"Reta";"Sim";2;0;1;0;1;0;1;2;-2,5804565;-44,241947;"SPRF-MA";"DEL01-MA";"UOP01-DEL01-MA"
540027;2023-08-03;"quinta-feira";"17:20:00";"PE";116;78;"CABROBO";"Ultrapassagem Indevida";"Colisão lateral mesmo sentido";"Com Vítimas Feridas";"Anoitecer";"Decrescente";"Céu Claro";"Simples";"Reta";"Não";3;0;1;1;1;0;2;2;-8,508235;-39,212662;"SPRF-PE";"DEL05-PE";"UOP03-DEL05-PE"
540030;2023-08-03;"quinta-feira";"17:30:00";"SC";470;100;"APIUNA";"Acessar a via sem observar a presença dos outros veículos";"Colisão transversal";"Com Vítimas Feridas";"Pleno dia";"Crescente";"Nublado";"Simples";"Interseção de Vias;Reta";"Sim";2;0;1;0;1;0;1;2;-27,045143;-49,394142;"SPRF-SC";"DEL04-SC";"UOP02-DEL04-SC"
540031;2023-08-03;"quinta-feira";"16:30:00";"MG";262;370;"JUATUBA";"Ausência de reação do condutor";"Saída de leito carroçável";"Com Vítimas Feridas";"Pleno dia";"Crescente";"Céu Claro";"Dupla";"Curva";"Não";1;0;0;1;0;0;1;1;-19,97222641;-44,29910985;"SPRF-MG";"DEL01-MG";"UOP03-DEL01-MG"
540032;2023-08-03;"quinta-feira";"19:10:00";"RS";386;44;"SEBERI";"Ausência de reação do condutor";"Colisão traseira";"Sem Vítimas";"Anoitecer";"Decrescente";"Céu Claro";"Simples";"Reta";"Não";2;0;0;0;2;0;0;2;-27,439693;-53,417526;"SPRF-RS";"DEL08-RS";"UOP02-DEL08-RS"
540035;2023-08-03;"quinta-feira";"19:10:00";"CE";304;47,7;"ARACATI";"Mal súbito do condutor";"Saída de leito carroçável";"Sem Vítimas";"Plena Noite";"Crescente";"Céu Claro";"Dupla";"Reta;Ponte";"Sim";1;0;0;0;0;1;0;1;-4,57573881;-37,78945494;"SPRF-CE";"DEL03-CE";"UOP03-DEL03-CE"
540036;2023-08-03;"quinta-feira";"18:00:00";"PE";101;76;"RECIFE";"Mal súbito do condutor";"Colisão com objeto";"Com Vítimas Feridas";"Plena Noite";"Decrescente";"Céu Claro";"Dupla";"Curva";"Não";1;0;0;1;0;0;1;1;-8,11813811;-34,94329214;"SPRF-PE";"DEL01-PE";"UOP01-DEL01-PE"
540038;2023-08-03;"quinta-feira";"20:00:00";"SC";101;201;"SAO JOSE";"Manobra de mudança de faixa";"Tombamento";"Com Vítimas Feridas";"Plena Noite";"Crescente";"Céu Claro";"Dupla";"Reta";"Sim";4;0;1;0;2;1;1;3;-27,54836599;-48,61977975;"SPRF-SC";"DEL01-SC";"UOP01-DEL01-SC"
540039;2023-08-03;"quinta-feira";"18:12:00";"GO";50;97;"CRISTALINA";"Velocidade Incompatível";"Colisão transversal";"Com Vítimas Feridas";"Anoitecer";"Crescente";"Céu Claro";"Simples";"Interseção de Vias";"Sim";2;0;0;1;1;0;1;2;-16,9309;-47,7117;"SPRF-DF";"DEL01-DF";"UOP02-DEL01-DF"
540041;2023-08-03;"quinta-feira";"19:05:00";"PI";343;306,4;"ALTOS";"Transitar na contramão";"Colisão transversal";"Com Vítimas Feridas";"Plena Noite";"Crescente";"Céu Claro";"Simples";"Reta";"Sim";2;0;0;1;1;0;1;2;-5,038756;-42,450893;"SPRF-PI";"DEL01-PI";"UOP01-DEL01-PI"
540044;2023-08-03;"quinta-feira";"19:10:00";"TO";153;205;"NOVA OLINDA";"Ausência de reação do condutor";"Colisão frontal";"Com Vítimas Feridas";"Plena Noite";"Decrescente";"Céu Claro";"Simples";"Reta";"Não";10;0;1;0;1;8;1;3;-7,69205412;-48,43389165;"SPRF-TO";"DEL02-TO";"UOP01-DEL02-TO"
540045;2023-08-03;"quinta-feira";"19:50:00";"PB";230;170,6;"CAMPINA GRANDE";"Reação tardia ou ineficiente do condutor";"Colisão traseira";"Com Vítimas Feridas";"Plena Noite";"Crescente";"Céu Claro";"Simples";"Reta";"Sim";2;0;1;1;0;0;2;2;-7,1806;-35,9873;"SPRF-PB";"DEL02-PB";"UOP02-DEL02-PB"
540050;2023-08-03;"quinta-feira";"19:15:00";"AP";156;820;"OIAPOQUE";"Acessar a via sem observar a presença dos outros veículos";"Colisão transversal";"Com Vítimas Feridas";"Plena Noite";"Decrescente";"Céu Claro";"Simples";"Reta";"Sim";2;0;1;0;1;0;1;2;3,83878842;-51,81774523;"SPRF-AP";"DEL01-AP";"UOP03-DEL01-AP"
540051;2023-08-03;"quinta-feira";"20:30:00";"PE";316;75;"OURICURI";"Ausência de reação do condutor";"Tombamento";"Com Vítimas Feridas";"Plena Noite";"Crescente";"Céu Claro";"Simples";"Declive";"Não";1;0;0;1;0;0;1;1;-7,83384491;-40,14394393;"SPRF-PE";"DEL05-PE";"UOP02-DEL05-PE"
540053;2023-08-03;"quinta-feira";"20:40:00";"BA";116;903,8;"CANDIDO SALES";"Reação tardia ou ineficiente do condutor";"Saída de leito carroçável";"Sem Vítimas";"Plena Noite";"Crescente";"Céu Claro";"Simples";"Declive";"Não";1;0;0;0;1;0;0;1;-15,37997916;-41,19853984;"SPRF-BA";"DEL08-BA";"UOP03-DEL08-BA"
540055;2023-08-03;"quinta-feira";"21:50:00";"MG";381;456,5;"BELO HORIZONTE";"Acessar a via sem observar a presença dos outros veículos";"Colisão lateral mesmo sentido";"Com Vítimas Feridas";"Plena Noite";"Crescente";"Céu Claro";"Dupla";"Reta";"Sim";3;0;1;0;2;0;1;2;-19,84455;-43,886612;"SPRF-MG";"DEL01-MG";"UOP01-DEL01-MG"
540057;2023-08-03;"quinta-feira";"11:00:00";"BA";110;36;"SANTA BRIGIDA";"Acessar a via sem observar a presença dos outros veículos";"Colisão transversal";"Com Vítimas Feridas";"Pleno dia";"Decrescente";"Nublado";"Simples";"Aclive;Reta";"Não";2;0;1;0;1;0;1;2;-9,770809;-38,248272;"SPRF-BA";"DEL07-BA";"UOP01-DEL07-BA"
540058;2023-08-03;"quinta-feira";"22:30:00";"SC";282;2,3;"FLORIANOPOLIS";"Frear bruscamente";"Colisão traseira";"Com Vítimas Feridas";"Plena Noite";"Crescente";"Céu Claro";"Múltipla";"Reta";"Sim";2;0;1;0;1;0;1;2;-27,603289;-48,590416;"SPRF-SC";"DEL01-SC";"UOP01-DEL01-SC"
540059;2023-08-03;"quinta-feira";"21:25:00";"MG";50;156;"UBERABA";"Ausência de reação do condutor";"Saída de leito carroçável";"Sem Vítimas";"Plena Noite";"Decrescente";"Céu Claro";"Dupla";"Reta;Em Obras;Declive";"Não";1;0;0;0;1;0;0;1;-19,61676094;-48,01874384;"SPRF-MG";"DEL13-MG";"UOP01-DEL13-MG"
540060;2023-08-03;"quinta-feira";"22:00:00";"PE";408;98,5;"SAO LOURENCO DA MATA";"Entrada inopinada do pedestre";"Atropelamento de Pedestre";"Com Vítimas Fatais";"Plena Noite";"Crescente";"Nublado";"Dupla";"Declive;Curva";"Não";2;1;0;0;1;0;0;2;-8,03598572;-35,03218461;"SPRF-PE";"DEL01-PE";"UOP01-DEL01-PE"
540062;2023-08-03;"quinta-feira";"22:10:00";"MG";381;262;"CORONEL FABRICIANO";"Animais na Pista";"Atropelamento de Animal";"Com Vítimas Feridas";"Plena Noite";"Crescente";"Céu Claro";"Simples";"Reta";"Não";1;0;1;0;0;0;1;1;-19,53390722;-42,5877285;"SPRF-MG";"DEL03-MG";"UOP02-DEL03-MG"
540063;2023-08-03;"quinta-feira";"20:30:00";"MS";158;139,1;"APARECIDA DO TABOADO";"Manobra de mudança de faixa";"Saída de leito carroçável";"Com Vítimas Feridas";"Plena Noite";"Crescente";"Céu Claro";"Simples";"Reta";"Não";2;0;1;0;1;0;1;1;-20,02596098;-51,11578938;"SPRF-MS";"DEL08-MS";"UOP01-DEL08-MS"
540066;2023-08-03;"quinta-feira";"23:00:00";"MS";163;258,1;"DOURADOS";"Ingestão de álcool pelo condutor";"Colisão com objeto";"Com Vítimas Feridas";"Plena Noite";"Crescente";"Céu Claro";"Dupla";"Reta";"Sim";2;0;1;0;0;1;1;2;-22,25859;-54,783592;"SPRF-MS";"DEL04-MS";"UOP01-DEL04-MS"
540067;2023-08-03;"quinta-feira";"23:20:00";"SC";470;71;"INDAIAL";"Ausência de reação do condutor";"Tombamento";"Com Vítimas Feridas";"Plena Noite";"Decrescente";"Céu Claro";"Dupla";"Reta";"Sim";1;0;1;0;0;0;1;1;-26,895243;-49,262104;"SPRF-SC";"DEL04-SC";"UOP01-DEL04-SC"
540068;2023-08-03;"quinta-feira";"22:50:00";"PE";101;3;"JABOATAO DOS GUARARAPES";"Pedestre andava na pista";"Atropelamento de Pedestre";"Com Vítimas Feridas";"Plena Noite";"Crescente";"Céu Claro";"Simples";"Reta";"Sim";2;0;1;1;0;0;2;2;-8,194018;-34,956637;"SPRF-PE";"DEL01-PE";"UOP02-DEL01-PE"
540069;2023-08-04;"sexta-feira";"00:15:00";"SC";101;161;"TIJUCAS";"Demais falhas mecânicas ou elétricas";"Queda de ocupante de veículo";"Com Vítimas Feridas";"Plena Noite";"Decrescente";"Nublado";"Múltipla";"Reta";"Sim";2;0;0;2;0;0;2;1;-27,21673911;-48,6244238;"SPRF-SC";"DEL04-SC";"UOP03-DEL04-SC"
540070;2023-08-03;"quinta-feira";"23:55:00";"RS";392;351;"SANTA MARIA";"Condutor deixou de manter distância do veículo da frente";"Colisão traseira";"Com Vítimas Feridas";"Plena Noite";"Decrescente";"Céu Claro";"Dupla";"Reta";"Não";3;0;1;0;2;0;1;2;-29,7284269;-53,80323691;"SPRF-RS";"DEL09-RS";"UOP01-DEL09-RS"
540075;2023-08-04;"sexta-feira";"00:05:00";"SC";470;24,9;"ILHOTA";"Velocidade Incompatível";"Saída de leito carroçável";"Com Vítimas Feridas";"Plena Noite";"Decrescente";"Nublado";"Dupla";"Reta";"Não";1;0;0;1;0;0;1;1;-26,881754;-48,856251;"SPRF-SC";"DEL04-SC";"UOP04-DEL04-SC"
540077;2023-08-04;"sexta-feira";"03:30:00";"SC";470;113;"IBIRAMA";"Acessar a via sem observar a presença dos outros veículos";"Colisão traseira";"Com Vítimas Feridas";"Plena Noite";"Decrescente";"Nublado";"Simples";"Curva";"Sim";6;0;2;0;4;0;2;2;-27,091105;-49,470123;"SPRF-SC";"DEL04-SC";"UOP02-DEL04-SC"
540079;2023-08-04;"sexta-feira";"02:00:00";"PR";277;294;"PRUDENTOPOLIS";"Ausência de reação do condutor";"Saída de leito carroçável";"Com Vítimas Feridas";"Plena Noite";"Decrescente";"Céu Claro";"Simples";"Curva";"Não";1;0;1;0;0;0;1;1;-25,31696098;-51,04094798;"SPRF-PR";"DEL08-PR";"UOP02-DEL08-PR"
540080;2023-08-04;"sexta-feira";"04:00:00";"RS";116;249;"SAO LEOPOLDO";"Transitar na contramão";"Colisão frontal";"Sem Vítimas";"Plena Noite";"Crescente";"Céu Claro";"Dupla";"Curva;Aclive;Viaduto";"Sim";8;0;0;0;8;0;0;2;-29,78767066;-51,16497815;"SPRF-RS";"DEL01-RS";"UOP02-DEL01-RS"
540081;2023-08-04;"sexta-feira";"04:10:00";"PB";101;87,5;"JOAO PESSOA";"Ausência de reação do condutor";"Colisão com objeto";"Sem Vítimas";"Amanhecer";"Crescente";"Céu Claro";"Dupla";"Reta";"Sim";1;0;0;0;0;1;0;1;-7,15886802;-34,90628504;"SPRF-PB";"DEL01-PB";"UOP01-DEL01-PB"
540084;2023-08-04;"sexta-feira";"05:40:00";"RS";448;18;"CANOAS";"Reação tardia ou ineficiente do condutor";"Colisão com objeto";"Sem Vítimas";"Plena Noite";"Decrescente";"Céu Claro";"Múltipla";"Reta";"Não";1;0;0;0;0;1;0;1;-29,944614;-51,204464;"SPRF-RS";"DEL01-RS";"UOP01-DEL01-RS"
540086;2023-07-28;"sexta-feira";"04:15:00";"BA";324;610;"SIMOES FILHO";"Ausência de reação do condutor";"Tombamento";"Com Vítimas Feridas";"Plena Noite";"Crescente";"Chuva";"Dupla";"Reta";"Não";2;0;1;1;0;0;2;1;-12,82931703;-38,41113193;"SPRF-BA";"DEL01-BA";"UOP01-DEL01-BA"
540088;2023-08-04;"sexta-feira";"04:30:00";"BA";407;8,4;"JUAZEIRO";"Retorno proibido";"Colisão transversal";"Com Vítimas Feridas";"Plena Noite";"Decrescente";"Céu Claro";"Simples";"Reta";"Sim";2;0;1;0;0;1;1;2;-9,47216396;-40,47887593;"SPRF-PE";"DEL06-PE";"UOP01-DEL06-PE"
540089;2023-07-27;"quinta-feira";"14:00:00";"RJ";101;306;"SAO GONCALO";"Ausência de reação do condutor";"Atropelamento de Pedestre";"Com Vítimas Feridas";"Pleno dia";"Crescente";"Céu Claro";"Dupla";"Reta";"Não";2;0;1;0;1;0;1;2;-22,78913759;-43,00550909;"SPRF-RJ";"DEL02-RJ";"UOP02-DEL02-RJ"
540090;2023-08-04;"sexta-feira";"05:10:00";"RJ";116;173;"SAO JOAO DE MERITI";"Reação tardia ou ineficiente do condutor";"Colisão lateral mesmo sentido";"Com Vítimas Feridas";"Amanhecer";"Decrescente";"Céu Claro";"Múltipla";"Reta";"Não";1;0;1;0;0;0;1;1;-22,79810324;-43,35726614;"SPRF-RJ";"DEL01-RJ";"UOP02-DEL01-RJ"
540091;2023-08-04;"sexta-feira";"01:30:00";"BA";116;6,8;"VITORIA DA CONQUISTA";"Velocidade Incompatível";"Colisão com objeto";"Com Vítimas Feridas";"Plena Noite";"Crescente";"Ignorado";"Simples";"Aclive";"Sim";2;0;2;0;0;0;2;1;-14,832286;-40,886875;"SPRF-BA";"DEL08-BA";"UOP01-DEL08-BA"
540092;2023-08-04;"sexta-feira";"06:40:00";"SP";116;227,5;"GUARULHOS";"Reação tardia ou ineficiente do condutor";"Colisão lateral mesmo sentido";"Sem Vítimas";"Pleno dia";"Crescente";"Céu Claro";"Múltipla";"Reta";"Sim";2;0;0;0;2;0;0;2;-23,49659264;-46,55648754;"SPRF-SP";"DEL01-SP";"UOP01-DEL01-SP"
540093;2023-08-04;"sexta-feira";"06:15:00";"SP";116;161;"JACAREI";"Reação tardia ou ineficiente do condutor";"Colisão transversal";"Com Vítimas Feridas";"Pleno dia";"Decrescente";"Céu Claro";"Dupla";"Reta";"Sim";2;0;1;1;0;0;2;2;-23,27617003;-45,97592098;"SPRF-SP";"DEL02-SP";"UOP01-DEL02-SP"
540097;2023-08-04;"sexta-feira";"06:45:00";"SC";101;441;"SANTA ROSA DO SUL";"Avarias e/ou desgaste excessivo no pneu";"Tombamento";"Com Vítimas Feridas";"Amanhecer";"Decrescente";"Céu Claro";"Múltipla";"Reta;Aclive";"Não";1;0;1;0;0;0;1;1;-29,1312336;-49,69232619;"SPRF-SC";"DEL02-SC";"UOP02-DEL02-SC"
540099;2023-08-04;"sexta-feira";"07:17:00";"DF";40;5;"BRASILIA";"Trafegar com motocicleta (ou similar) entre as faixas";"Colisão lateral mesmo sentido";"Com Vítimas Feridas";"Pleno dia";"Decrescente";"Céu Claro";"Dupla";"Reta";"Sim";2;0;0;1;1;0;1;2;-16,020903;-47,980541;"SPRF-DF";"DEL01-DF";"UOP01-DEL01-DF"
540102;2023-08-04;"sexta-feira";"05:30:00";"MT";364;324;"CAMPO VERDE";"Reação tardia ou ineficiente do condutor";"Saída de leito carroçável";"Com Vítimas Feridas";"Amanhecer";"Crescente";"Céu Claro";"Dupla";"Reta";"Não";1;0;0;1;0;0;1;1;-15,81416552;-55,35917509;"SPRF-MT";"DEL05-MT";"UOP02-DEL05-MT"
540104;2023-08-04;"sexta-feira";"07:30:00";"BA";324;612;"SALVADOR";"Trafegar com motocicleta (ou similar) entre as faixas";"Colisão lateral mesmo sentido";"Com Vítimas Feridas";"Pleno dia";"Decrescente";"Céu Claro";"Dupla";"Reta";"Não";1;0;1;0;0;0;1;1;-12,84664721;-38,41741648;"SPRF-BA";"DEL01-BA";"UOP01-DEL01-BA"
540105;2023-08-04;"sexta-feira";"07:10:00";"PR";369;167;"CAMBE";"Condutor deixou de manter distância do veículo da frente";"Colisão traseira";"Com Vítimas Feridas";"Pleno dia";"Crescente";"Céu Claro";"Dupla";"Reta";"Não";3;0;2;0;1;0;2;2;-23,28255213;-51,25024014;"SPRF-PR";"DEL07-PR";"UOP01-DEL07-PR"
540106;2023-05-14;"domingo";"13:45:00";"MA";316;376;"BACABAL";"Ausência de reação do condutor";"Colisão traseira";"Com Vítimas Feridas";"Pleno dia";"Decrescente";"Ignorado";"Simples";"Reta";"Sim";3;0;1;1;1;0;2;2;-4,212711;-44,655064;"SPRF-MA";"DEL03-MA";"UOP01-DEL03-MA"
540107;2023-08-03;"quinta-feira";"21:24:00";"CE";222;309;"TIANGUA";"Transitar na contramão";"Colisão frontal";"Com Vítimas Feridas";"Pleno dia";"Crescente";"Céu Claro";"Dupla";"Reta";"Sim";2;0;1;1;0;0;2;2;-3,69785396;-40,97573638;"SPRF-CE";"DEL04-CE";"UOP02-DEL04-CE"
540108;2023-08-04;"sexta-feira";"05:20:00";"RJ";40;114;"DUQUE DE CAXIAS";"Demais falhas mecânicas ou elétricas";"Incêndio";"Sem Vítimas";"Plena Noite";"Crescente";"Ignorado";"Múltipla";"Reta;Ponte";"Sim";2;0;0;0;1;1;0;2;-22,71853604;-43,28993324;"SPRF-RJ";"DEL01-RJ";"UOP01-DEL01-RJ"
540109;2023-07-11;"terça-feira";"20:20:00";"SC";101;203;"SAO JOSE";"Ausência de reação do condutor";"Colisão traseira";"Com Vítimas Feridas";"Plena Noite";"Decrescente";"Nublado";"Dupla";"Reta";"Não";1;0;0;1;0;0;1;1;-27,5650044;-48,61460082;"SPRF-SC";"DEL01-SC";"UOP01-DEL01-SC"
540110;2023-08-04;"sexta-feira";"08:05:00";"GO";40;5;"VALPARAISO DE GOIAS";"Manobra de mudança de faixa";"Colisão traseira";"Com Vítimas Feridas";"Pleno dia";"Decrescente";"Céu Claro";"Dupla";"Reta";"Sim";2;0;1;0;1;0;1;2;-16,093134;-47,982236;"SPRF-DF";"DEL01-DF";"UOP01-DEL01-DF"
540111;2023-08-04;"sexta-feira";"08:00:00";"PB";101;88;"JOAO PESSOA";"Ausência de reação do condutor";"Queda de ocupante de veículo";"Com Vítimas Feridas";"Pleno dia";"Crescente";"Céu Claro";"Dupla";"Reta";"Sim";2;0;2;0;0;0;2;1;-7,16911066;-34,89708424;"SPRF-PB";"DEL01-PB";"UOP01-DEL01-PB"
540112;2023-08-04;"sexta-feira";"08:30:00";"MG";50;70;"UBERLANDIA";"Manobra de mudança de faixa";"Colisão lateral mesmo sentido";"Com Vítimas Feridas";"Pleno dia";"Decrescente";"Céu Claro";"Dupla";"Reta";"Sim";2;0;0;1;0;1;1;2;-18,85140204;-48,25345932;"SPRF-MG";"DEL15-MG";"UOP01-DEL15-MG"
540113;2023-08-04;"sexta-feira";"08:15:00";"RS";116;149,2;"CAXIAS DO SUL";"Manobra de mudança de faixa";"Colisão lateral mesmo sentido";"Com Vítimas Feridas";"Pleno dia";"Decrescente";"Sol";"Múltipla";"Aclive;Reta";"Sim";2;0;1;0;1;0;1;2;-29,16266;-51,157345;"SPRF-RS";"DEL05-RS";"UOP01-DEL05-RS"
540114;2023-08-04;"sexta-feira";"07:30:00";"RO";364;712;"PORTO VELHO";"Acessar a via sem observar a presença dos outros veículos";"Colisão transversal";"Com Vítimas Feridas";"Pleno dia";"Crescente";"Céu Claro";"Dupla";"Reta";"Sim";2;0;1;0;1;0;1;2;-8,7770354;-63,87316466;"SPRF-RO";"DEL01-RO";"UOP01-DEL01-RO"
540115;2023-08-04;"sexta-feira";"08:20:00";"BA";242;800;"BARREIRAS";"Pedestre cruzava a pista fora da faixa";"Engavetamento";"Sem Vítimas";"Pleno dia";"Decrescente";"Céu Claro";"Simples";"Reta";"Não";6;0;0;0;6;0;0;3;-12,15705092;-44,88104988;"SPRF-BA";"DEL10-BA";"UOP01-DEL10-BA"
540119;2023-08-04;"sexta-feira";"05:30:00";"GO";70;340;"SANTA FE DE GOIAS";"Condutor Dormindo";"Capotamento";"Com Vítimas Feridas";"Plena Noite";"Decrescente";"Céu Claro";"Dupla";"Reta";"Não";3;0;2;0;1;0;2;1;-15,88520288;-51,05520856;"SPRF-GO";"DEL04-GO";"UOP02-DEL04-GO"
540121;2023-08-04;"sexta-feira";"06:55:00";"RO";364;711;"PORTO VELHO";"Condutor deixou de manter distância do veículo da frente";"Colisão traseira";"Com Vítimas Feridas";"Pleno dia";"Crescente";"Sol";"Dupla";"Reta";"Sim";2;0;0;1;1;0;1;2;-8,78153947;-63,86531369;"SPRF-RO";"DEL01-RO";"UOP01-DEL01-RO"
540123;2023-08-04;"sexta-feira";"08:20:00";"MG";381;923,5;"CAMANDUCAIA";"Ausência de reação do condutor";"Colisão com objeto";"Com Vítimas Feridas";"Pleno dia";"Crescente";"Céu Claro";"Dupla";"Reta";"Não";1;0;0;1;0;0;1;1;-22,7671484;-46,22667493;"SPRF-MG";"DEL16-MG";"UOP03-DEL16-MG"
540125;2023-08-04;"sexta-feira";"08:40:00";"MG";262;796;"UBERABA";"Avarias e/ou desgaste excessivo no pneu";"Tombamento";"Com Vítimas Feridas";"Pleno dia";"Decrescente";"Céu Claro";"Simples";"Reta";"Não";1;0;1;0;0;0;1;1;-19,761934;-47,850093;"SPRF-MG";"DEL13-MG";"UOP01-DEL13-MG"
540126;2023-08-04;"sexta-feira";"08:38:00";"PE";232;6;"RECIFE";"Frear bruscamente";"Colisão traseira";"Com Vítimas Feridas";"Pleno dia";"Decrescente";"Céu Claro";"Dupla";"Reta";"Sim";3;0;3;0;0;0;3;2;-8,07079525;-34,9535389;"SPRF-PE";"DEL01-PE";"UOP01-DEL01-PE"
540127;2023-08-04;"sexta-feira";"05:50:00";"RJ";101;313;"SAO GONCALO";"Ausência de reação do condutor";"Colisão traseira";"Com Vítimas Feridas";"Amanhecer";"Crescente";"Céu Claro";"Dupla";"Reta";"Não";2;0;1;0;1;0;1;2;-22,81049093;-43,06983304;"SPRF-RJ";"DEL02-RJ";"UOP02-DEL02-RJ"
540128;2023-08-04;"sexta-feira";"07:00:00";"RJ";116;173;"SAO JOAO DE MERITI";"Manobra de mudança de faixa";"Colisão lateral mesmo sentido";"Com Vítimas Feridas";"Amanhecer";"Decrescente";"Céu Claro";"Múltipla";"Reta";"Não";3;0;2;0;1;0;2;2;-22,79810324;-43,35726614;"SPRF-RJ";"DEL01-RJ";"UOP02-DEL01-RJ"
540132;2023-08-04;"sexta-feira";"08:45:00";"SC";101;208;"SAO JOSE";"Manobra de mudança de faixa";"Colisão traseira";"Com Vítimas Feridas";"Pleno dia";"Decrescente";"Céu Claro";"Dupla";"Reta";"Sim";2;0;1;0;1;0;1;2;-27,60327979;-48,63201818;"SPRF-SC";"DEL01-SC";"UOP01-DEL01-SC"
540134;2023-08-04;"sexta-feira";"08:50:00";"RJ";116;177;"SAO JOAO DE MERITI";"Manobra de mudança de faixa";"Colisão traseira";"Com Vítimas Feridas";"Pleno dia";"Decrescente";"Céu Claro";"Múltipla";"Reta";"Sim";2;0;1;0;1;0;1;2;-22,78055198;-43,39208599;"SPRF-RJ";"DEL01-RJ";"UOP02-DEL01-RJ"
540136;2023-08-04;"sexta-feira";"07:30:00";"MS";262;321,4;"CAMPO GRANDE";"Ausência de reação do condutor";"Tombamento";"Com Vítimas Feridas";"Pleno dia";"Decrescente";"Céu Claro";"Simples";"Declive;Reta";"Sim";1;0;0;1;0;0;1;1;-20,46975411;-54,48689;"SPRF-MS";"DEL01-MS";"UOP01-DEL01-MS"
540143;2023-08-04;"sexta-feira";"09:30:00";"PI";343;348;"TERESINA";"Acessar a via sem observar a presença dos outros veículos";"Colisão transversal";"Com Vítimas Feridas";"Pleno dia";"Crescente";"Céu Claro";"Simples";"Reta";"Sim";2;0;1;0;1;0;1;2;-5,11793774;-42,7851069;"SPRF-PI";"DEL01-PI";"UOP01-DEL01-PI"
540144;2023-08-04;"sexta-feira";"10:30:00";"GO";60;116,7;"TEREZOPOLIS DE GOIAS";"Ausência de reação do condutor";"Saída de leito carroçável";"Sem Vítimas";"Pleno dia";"Decrescente";"Sol";"Dupla";"Reta";"Não";1;0;0;0;1;0;0;1;-16,4732;-49,0789;"SPRF-GO";"DEL01-GO";"UOP01-DEL01-GO"
540148;2023-08-04;"sexta-feira";"11:40:00";"PE";101;70;"RECIFE";"Acumulo de óleo sobre o pavimento";"Queda de ocupante de veículo";"Com Vítimas Feridas";"Pleno dia";"Decrescente";"Céu Claro";"Simples";"Curva";"Sim";1;0;1;0;0;0;1;1;-8,06776119;-34,94265074;"SPRF-PE";"DEL01-PE";"UOP01-DEL01-PE"
540149;2023-08-04;"sexta-feira";"11:20:00";"RJ";116;196;"QUEIMADOS";"Condutor Dormindo";"Colisão com objeto";"Com Vítimas Feridas";"Pleno dia";"Crescente";"Céu Claro";"Dupla";"Reta";"Sim";1;0;1;0;0;0;1;1;-22,73336575;-43,55659479;"SPRF-RJ";"DEL01-RJ";"UOP02-DEL01-RJ"
540150;2023-07-07;"sexta-feira";"11:40:00";"RO";364;237;"CACOAL";"Estacionar ou parar em local proibido";"Colisão traseira";"Com Vítimas Feridas";"Pleno dia";"Decrescente";"Céu Claro";"Simples";"Reta";"Não";2;0;0;1;1;0;1;2;-11,44341056;-61,44672787;"SPRF-RO";"DEL02-RO";"UOP02-DEL02-RO"
540152;2023-08-04;"sexta-feira";"06:50:00";"BA";116;922,5;"ENCRUZILHADA";"Demais Fenômenos da natureza";"Saída de leito carroçável";"Com Vítimas Feridas";"Amanhecer";"Decrescente";"Nevoeiro/Neblina";"Simples";"Reta";"Não";1;0;1;0;0;0;1;1;-15,61241;-41,289676;"SPRF-BA";"DEL08-BA";"UOP03-DEL08-BA"
540153;2023-08-04;"sexta-feira";"12:20:00";"GO";414;436,8;"ANAPOLIS";"Desrespeitar a preferência no cruzamento";"Colisão transversal";"Com Vítimas Feridas";"Pleno dia";"Crescente";"Céu Claro";"Simples";"Interseção de Vias;Reta";"Sim";3;0;1;0;2;0;1;2;-16,25482505;-48,9361188;"SPRF-GO";"DEL02-GO";"UOP01-DEL02-GO"
540155;2023-08-04;"sexta-feira";"12:10:00";"RS";285;447,1;"BOZANO";"Reação tardia ou ineficiente do condutor";"Saída de leito carroçável";"Com Vítimas Feridas";"Pleno dia";"Crescente";"Céu Claro";"Simples";"Reta";"Não";2;0;1;0;1;0;1;1;-28,364437;-53,802204;"SPRF-RS";"DEL10-RS";"UOP01-DEL10-RS"