"id";"data_inversa";"dia_semana";"horario";"uf";"br";"km";"municipio";"causa_acidente";"tipo_acidente";"classificacao_acidente";"fase_dia";"sentido_via";"condicao_metereologica";"tipo_pista";"tracado_via";"uso_solo";"pessoas";"mortos";"feridos_leves";"feridos_graves";"ilesos";"ignorados";"feridos";"veiculos";"latitude";"longitude";"regional";"delegacia";"uop"
540156;2023-08-04;"sexta-feira";"12:50:00";"CE";116;62;"CHOROZINHO";"Ingestão de álcool pelo condutor";"Colisão traseira";"Com Vítimas Feridas";"Pleno dia";"Decrescente";"Céu Claro";"Simples";"Reta;Declive";"Não";4;0;1;0;3;0;1;2;-4,271919;-38,491313;"SPRF-CE";"DEL03-CE";"UOP02-DEL03-CE"
540158;2023-08-04;"sexta-feira";"12:00:00";"MG";381;559;"ITAGUARA";"Manobra de mudança de faixa";"Colisão lateral sentido oposto";"Com Vítimas Feridas";"Pleno dia";"Crescente";"Sol";"Dupla";"Reta";"Não";2;0;1;0;1;0;1;2;-20,38230203;-44,48068397;"SPRF-MG";"DEL04-MG";"UOP03-DEL04-MG"
540159;2023-08-04;"sexta-feira";"13:00:00";"SC";282;16;"PALHOCA";"Manobra de mudança de faixa";"Colisão lateral mesmo sentido";"Com Vítimas Feridas";"Pleno dia";"Crescente";"Céu Claro";"Múltipla";"Rotatória";"Não";3;0;2;0;0;1;2;2;-27,658611;-48,681847;"SPRF-SC";"DEL01-SC";"UOP02-DEL01-SC"
540161;2023-08-03;"quinta-feira";"21:35:00";"RJ";116;174;"SAO JOAO DE MERITI";"Ingestão de álcool pelo condutor";"Colisão com objeto";"Sem Vítimas";"Plena Noite";"Decrescente";"Céu Claro";"Dupla";"Reta";"Sim";1;0;0;0;1;0;0;1;-22,79423806;-43,36403759;"SPRF-RJ";"DEL01-RJ";"UOP02-DEL01-RJ"
540163;2023-08-04;"sexta-feira";"13:20:00";"GO";414;400,7;"CORUMBA DE GOIAS";"Ultrapassagem Indevida";"Colisão frontal";"Com Vítimas Fatais";"Pleno dia";"Crescente";"Céu Claro";"Simples";"Reta;Aclive";"Não";2;1;0;0;1;0;0;2;-15,97556585;-48,82566142;"SPRF-GO";"DEL02-GO";"UOP01-DEL02-GO"
540164;2023-07-24;"segunda-feira";"18:30:00";"BA";101;690,4;"EUNAPOLIS";"Reação tardia ou ineficiente do condutor";"Colisão com objeto";"Com Vítimas Feridas";"Plena Noite";"Crescente";"Céu Claro";"Simples";"Curva;Declive";"Não";1;0;0;1;0;0;1;1;-16,33255702;-39,58174321;"SPRF-BA";"DEL09-BA";"UOP01-DEL09-BA"
540166;2023-08-04;"sexta-feira";"13:40:00";"PB";230;22,8;"JOAO PESSOA";"Condutor deixou de manter distância do veículo da frente";"Colisão traseira";"Com Vítimas Feridas";"Pleno dia";"Decrescente";"Céu Claro";"Dupla";"Reta";"Sim";3;0;2;0;0;1;2;3;-7,1495;-34,8517;"SPRF-PB";"DEL01-PB";"UOP01-DEL01-PB"
540168;2023-08-04;"sexta-feira";"11:30:00";"BA";30;307;"RIO DO ANTONIO";"Reação tardia ou ineficiente do condutor";"Saída de leito carroçável";"Com Vítimas Feridas";"Pleno dia";"Decrescente";"Céu Claro";"Simples";"Curva";"Não";1;0;1;0;0;0;1;1;-14,17456904;-42,18130955;"SPRF-BA";"DEL08-BA";"UOP01-DEL08-BA"
540169;2023-08-04;"sexta-feira";"13:30:00";"PB";230;20,4;"JOAO PESSOA";"Acostamento em desnível";"Colisão lateral mesmo sentido";"Com Vítimas Feridas";"Pleno dia";"Crescente";"Céu Claro";"Dupla";"Reta";"Sim";2;0;2;0;0;0;2;2;-7,14199404;-34,85188723;"SPRF-PB";"DEL01-PB";"UOP01-DEL01-PB"
540171;2023-06-29;"quinta-feira";"11:30:00";"MG";50;72;"UBERLANDIA";"Ausência de reação do condutor";"Tombamento";"Com Vítimas Feridas";"Pleno dia";"Crescente";"Céu Claro";"Dupla";"Reta";"Sim";1;0;0;1;0;0;1;1;-18,9057581;-48,2317338;"SPRF-MG";"DEL15-MG";"UOP01-DEL15-MG"
540172;2023-08-04;"sexta-feira";"11:45:00";"MG";365;166;"BURITIZEIRO";"Reação tardia ou ineficiente do condutor";"Saída de leito carroçável";"Com Vítimas Feridas";"Pleno dia";"Crescente";"Céu Claro";"Simples";"Curva";"Não";4;0;2;0;2;0;2;1;-17,38199719;-44,97027099;"SPRF-MG";"DEL10-MG";"UOP02-DEL010-MG"
540173;2023-08-04;"sexta-feira";"13:00:00";"MG";50;179;"UBERABA";"Ausência de reação do condutor";"Saída de leito carroçável";"Com Vítimas Feridas";"Pleno dia";"Decrescente";"Sol";"Dupla";"Curva;Aclive";"Sim";2;0;1;1;0;0;2;1;-19,77827047;-47,93140998;"SPRF-MG";"DEL13-MG";"UOP01-DEL13-MG"
540176;2023-08-04;"sexta-feira";"14:15:00";"BA";110;404;"SAO SEBASTIAO DO PASSE";"Conversão proibida";"Colisão transversal";"Com Vítimas Feridas";"Pleno dia";"Decrescente";"Céu Claro";"Simples";"Retorno Regulamentado;Reta";"Não";2;0;0;1;1;0;1;2;-12,57781448;-38,54044086;"SPRF-BA";"DEL01-BA";"UOP01-DEL01-BA"
540178;2023-08-04;"sexta-feira";"13:30:00";"RS";116;37,2;"VACARIA";"Entrada inopinada do pedestre";"Atropelamento de Pedestre";"Com Vítimas Feridas";"Pleno dia";"Crescente";"Céu Claro";"Dupla";"Rotatória;Reta";"Não";2;0;1;0;1;0;1;2;-28,49841514;-50,91763973;"SPRF-RS";"DEL05-RS";"UOP03-DEL05-RS"
540181;2023-08-04;"sexta-feira";"13:00:00";"RO";364;434;"JARU";"Condutor Dormindo";"Saída de leito carroçável";"Com Vítimas Feridas";"Pleno dia";"Crescente";"Céu Claro";"Simples";"Curva";"Não";1;0;1;0;0;0;1;1;-10,39005863;-62,54015174;"SPRF-RO";"DEL03-RO";"UOP02-DEL03-RO"
540182;2023-08-04;"sexta-feira";"15:15:00";"RS";116;248;"SAO LEOPOLDO";"Manobra de mudança de faixa";"Colisão lateral mesmo sentido";"Com Vítimas Feridas";"Pleno dia";"Decrescente";"Céu Claro";"Múltipla";"Reta";"Sim";4;0;1;0;3;0;1;3;-29,77605895;-51,15508618;"SPRF-RS";"DEL01-RS";"UOP02-DEL01-RS"
540183;2023-08-04;"sexta-feira";"15:40:00";"CE";116;0,3;"FORTALEZA";"Demais falhas mecânicas ou elétricas";"Tombamento";"Com Vítimas Feridas";"Pleno dia";"Decrescente";"Céu Claro";"Múltipla";"Reta";"Não";2;0;2;0;0;0;2;1;-3,754584;-38,523407;"SPRF-CE";"DEL01-CE";"UOP02-DEL01-CE"
540191;2023-08-04;"sexta-feira";"15:25:00";"RS";470;224;"GARIBALDI";"Acessar a via sem observar a presença dos outros veículos";"Colisão transversal";"Com Vítimas Feridas";"Pleno dia";"Decrescente";"Céu Claro";"Simples";"Retorno Regulamentado;Reta";"Sim";2;0;1;0;1;0;1;2;-29,21351804;-51,51780626;"SPRF-RS";"DEL06-RS";"UOP01-DEL06-RS"
540192;2023-08-04;"sexta-feira";"15:51:00";"GO";50;114,1;"CRISTALINA";"Reação tardia ou ineficiente do condutor";"Saída de leito carroçável";"Com Vítimas Feridas";"Pleno dia";"Crescente";"Céu Claro";"Dupla";"Reta";"Não";2;0;2;0;0;0;2;1;-16,87858675;-47,67934799;"SPRF-DF";"DEL01-DF";"UOP02-DEL01-DF"
540197;2023-08-04;"sexta-feira";"15:50:00";"BA";324;568;"SAO SEBASTIAO DO PASSE";"Ausência de reação do condutor";"Colisão traseira";"Com Vítimas Feridas";"Pleno dia";"Decrescente";"Céu Claro";"Dupla";"Aclive;Reta";"Não";5;0;1;0;4;0;1;4;-12,53527699;-38,59595575;"SPRF-BA";"DEL01-BA";"UOP01-DEL01-BA"
540198;2023-08-04;"sexta-feira";"16:42:00";"ES";101;271,5;"SERRA";"Condutor desrespeitou a iluminação vermelha do semáforo";"Colisão transversal";"Com Vítimas Feridas";"Pleno dia";"Crescente";"Céu Claro";"Dupla";"Retorno Regulamentado";"Sim";2;0;1;1;0;0;2;1;-20,23267;-40,27658;"SPRF-ES";"DEL02-ES";"UOP01-DEL02-ES"
540199;2023-08-04;"sexta-feira";"15:30:00";"SP";116;89,6;"PINDAMONHANGABA";"Condutor deixou de manter distância do veículo da frente";"Colisão traseira";"Com Vítimas Feridas";"Pleno dia";"Crescente";"Céu Claro";"Dupla";"Reta";"Não";4;0;1;0;3;0;1;2;-22,9408965;-45,38217187;"SPRF-SP";"DEL08-SP";"UOP01-DEL08-SP"
540201;2023-08-04;"sexta-feira";"15:59:00";"PB";230;6;"CABEDELO";"Ausência de reação do condutor";"Colisão traseira";"Com Vítimas Feridas";"Pleno dia";"Decrescente";"Sol";"Múltipla";"Reta";"Sim";3;0;2;0;1;0;2;2;-7,02233954;-34,83650565;"SPRF-PB";"DEL01-PB";"UOP01-DEL01-PB"
540202;2023-08-04;"sexta-feira";"11:30:00";"AC";317;144;"CAPIXABA";"Reação tardia ou ineficiente do condutor";"Colisão traseira";"Com Vítimas Feridas";"Pleno dia";"Crescente";"Céu Claro";"Simples";"Reta";"Sim";2;0;1;0;1;0;1;2;-10,55746807;-67,67771749;"SPRF-AC";"DEL01-AC";"UOP01-DEL01-AC"
540203;2023-08-04;"sexta-feira";"15:50:00";"RJ";101;329;"NITEROI";"Condutor deixou de manter distância do veículo da frente";"Colisão traseira";"Com Vítimas Feridas";"Pleno dia";"Decrescente";"Céu Claro";"Dupla";"Reta";"Sim";5;0;3;0;2;0;3;2;-22,86939305;-43,175642;"SPRF-RJ";"DEL02-RJ";"UOP01-DEL02-RJ"
540205;2023-08-04;"sexta-feira";"15:25:00";"MG";146;462,9;"BOTELHOS";"Acesso irregular";"Colisão frontal";"Com Vítimas Feridas";"Pleno dia";"Decrescente";"Céu Claro";"Simples";"Interseção de Vias;Reta";"Sim";2;0;0;1;1;0;1;2;-21,636459;-46,40528;"SPRF-MG";"DEL09-MG";"UOP01-DEL09-MG"
540206;2023-08-04;"sexta-feira";"17:12:00";"SC";282;16,4;"PALHOCA";"Trafegar com motocicleta (ou similar) entre as faixas";"Colisão transversal";"Com Vítimas Feridas";"Pleno dia";"Decrescente";"Sol";"Simples";"Retorno Regulamentado;Interseção de Vias;Reta";"Sim";3;0;1;0;2;0;1;3;-27,658611;-48,681847;"SPRF-SC";"DEL01-SC";"UOP02-DEL01-SC"
540207;2023-08-04;"sexta-feira";"17:00:00";"PR";369;149,5;"LONDRINA";"Pedestre cruzava a pista fora da faixa";"Atropelamento de Pedestre";"Com Vítimas Feridas";"Pleno dia";"Decrescente";"Sol";"Dupla";"Reta";"Sim";3;0;1;2;0;0;3;2;-23,29296797;-51,15681231;"SPRF-PR";"DEL07-PR";"UOP01-DEL07-PR"
540208;2023-05-24;"quarta-feira";"07:00:00";"MG";116;704,7;"MURIAE";"Manobra de mudança de faixa";"Colisão lateral mesmo sentido";"Com Vítimas Feridas";"Pleno dia";"Crescente";"Nublado";"Simples";"Interseção de Vias;Reta";"Sim";3;0;2;0;1;0;2;2;-21,13416858;-42,38722798;"SPRF-MG";"DEL07-MG";"UOP02-DEL07-MG"
540209;2023-08-04;"sexta-feira";"17:25:00";"SC";101;142,8;"ITAPEMA";"Reação tardia ou ineficiente do condutor";"Colisão traseira";"Sem Vítimas";"Pleno dia";"Crescente";"Nublado";"Múltipla";"Reta";"Sim";3;0;0;0;3;0;0;3;-27,056089;-48,599449;"SPRF-SC";"DEL04-SC";"UOP03-DEL04-SC"
540211;2023-08-04;"sexta-feira";"17:20:00";"ES";101;292;"CARIACICA";"Manobra de mudança de faixa";"Colisão lateral mesmo sentido";"Com Vítimas Feridas";"Anoitecer";"Decrescente";"Céu Claro";"Dupla";"Reta";"Sim";1;0;1;0;0;0;1;1;-20,30650512;-40,39488717;"SPRF-ES";"DEL01-ES";"UOP01-DEL01-ES"
540212;2023-08-04;"sexta-feira";"17:15:00";"RJ";40;119;"DUQUE DE CAXIAS";"Manobra de mudança de faixa";"Colisão traseira";"Com Vítimas Feridas";"Anoitecer";"Decrescente";"Céu Claro";"Múltipla";"Reta";"Sim";2;0;0;1;1;0;1;2;-22,76375592;-43,28683062;"SPRF-RJ";"DEL01-RJ";"UOP01-DEL01-RJ"
540213;2023-08-04;"sexta-feira";"14:40:00";"GO";60;93,5;"ANAPOLIS";"Ausência de reação do condutor";"Colisão com objeto";"Com Vítimas Feridas";"Pleno dia";"Crescente";"Céu Claro";"Simples";"Reta";"Sim";2;0;2;0;0;0;2;1;-16,35361786;-48,92758196;"SPRF-GO";"DEL02-GO";"UOP01-DEL02-GO"
540214;2023-08-04;"sexta-feira";"17:25:00";"RS";158;327;"SANTA MARIA";"Ausência de reação do condutor";"Colisão traseira";"Com Vítimas Feridas";"Pleno dia";"Crescente";"Céu Claro";"Dupla";"Reta";"Sim";5;0;1;0;4;0;1;2;-29,71246953;-53,81721497;"SPRF-RS";"DEL09-RS";"UOP01-DEL09-RS"
540216;2023-08-04;"sexta-feira";"16:20:00";"MG";116;518,8;"CARATINGA";"Desrespeitar a preferência no cruzamento";"Colisão transversal";"Com Vítimas Feridas";"Pleno dia";"Crescente";"Céu Claro";"Simples";"Reta";"Não";3;0;2;0;1;0;2;2;-19,71038379;-42,12370706;"SPRF-MG";"DEL06-MG";"UOP02-DEL06-MG"
540217;2023-08-04;"sexta-feira";"17:30:00";"MS";262;236,8;"RIBAS DO RIO PARDO";"Velocidade Incompatível";"Saída de leito carroçável";"Com Vítimas Feridas";"Pleno dia";"Crescente";"Céu Claro";"Simples";"Reta";"Sim";2;0;1;0;0;1;1;1;-20,4563837;-53,72745692;"SPRF-MS";"DEL01-MS";"UOP01-DEL01-MS"
540220;2023-08-04;"sexta-feira";"17:50:00";"MT";364;272,7;"JACIARA";"Ausência de reação do condutor";"Queda de ocupante de veículo";"Com Vítimas Feridas";"Anoitecer";"Crescente";"Céu Claro";"Dupla";"Curva;Rotatória";"Sim";1;0;1;0;0;0;1;1;-15,96667987;-54,96121981;"SPRF-MT";"DEL05-MT";"UOP02-DEL05-MT"
540221;2023-08-04;"sexta-feira";"19:12:00";"SP";116;215;"GUARULHOS";"Ausência de reação do condutor";"Queda de ocupante de veículo";"Com Vítimas Feridas";"Plena Noite";"Decrescente";"Céu Claro";"Dupla";"Reta";"Sim";2;0;1;0;1;0;1;2;-23,44695693;-46,45394103;"SPRF-SP";"DEL01-SP";"UOP01-DEL01-SP"
540223;2023-08-04;"sexta-feira";"16:35:00";"RJ";116;114,8;"MAGE";"Ausência de reação do condutor";"Colisão traseira";"Com Vítimas Feridas";"Pleno dia";"Crescente";"Céu Claro";"Dupla";"Reta";"Não";2;0;0;1;1;0;1;2;-22,58009519;-43,0114958;"SPRF-RJ";"DEL04-RJ";"UOP02-DEL04-RJ"
540224;2023-08-04;"sexta-feira";"19:20:00";"RN";226;14;"MACAIBA";"Conversão proibida";"Colisão lateral sentido oposto";"Com Vítimas Feridas";"Plena Noite";"Crescente";"Céu Claro";"Simples";"Reta";"Sim";2;0;1;0;1;0;1;2;-5,85369361;-35,3275818;"SPRF-RN";"DEL01-RN";"UOP02-DEL01-RN"
540228;2023-08-04;"sexta-feira";"18:20:00";"SP";116;55;"LORENA";"Entrada inopinada do pedestre";"Atropelamento de Pedestre";"Com Vítimas Feridas";"Plena Noite";"Crescente";"Céu Claro";"Dupla";"Reta";"Não";2;0;0;1;1;0;1;2;-22,76356421;-45,12272385;"SPRF-SP";"DEL08-SP";"UOP02-DEL08-SP"
540229;2023-08-04;"sexta-feira";"19:30:00";"RS";158;105,8;"PALMEIRA DAS MISSOES";"Transitar na contramão";"Colisão frontal";"Com Vítimas Feridas";"Plena Noite";"Decrescente";"Céu Claro";"Simples";"Reta";"Não";3;0;2;0;1;0;2;2;-27,9439453;-53,3253995;"SPRF-RS";"DEL08-RS";"UOP01-DEL08-RS"
540230;2023-08-04;"sexta-feira";"17:25:00";"MG";40;42;"PARACATU";"Ingestão de substâncias psicoativas pelo condutor";"Colisão transversal";"Com Vítimas Feridas";"Anoitecer";"Crescente";"Céu Claro";"Simples";"Reta";"Sim";2;0;1;0;1;0;1;2;-17,2188441;-46,8666753;"SPRF-MG";"DEL14-MG";"UOP01-DEL14-MG"
540233;2023-08-04;"sexta-feira";"19:00:00";"MG";365;0;"MONTES CLAROS";"Acesso irregular";"Colisão transversal";"Com Vítimas Feridas";"Plena Noite";"Crescente";"Céu Claro";"Simples";"Reta";"Não";3;0;1;1;0;1;2;2;-16,716154;-43,863327;"SPRF-MG";"DEL12-MG";"UOP01-DEL12-MG"
540234;2023-08-04;"sexta-feira";"19:20:00";"PR";376;1,7;"SAO JOSE DOS PINHAIS";"Reação tardia ou ineficiente do condutor";"Engavetamento";"Com Vítimas Feridas";"Plena Noite";"Crescente";"Céu Claro";"Múltipla";"Reta;Em Obras";"Sim";6;0;0;1;5;0;1;3;-25,564098;-49,183404;"SPRF-PR";"DEL01-PR";"UOP04-DEL01-PR"
540235;2023-08-04;"sexta-feira";"18:30:00";"RS";153;416,6;"CACHOEIRA DO SUL";"Ingestão de álcool pelo condutor";"Colisão frontal";"Sem Vítimas";"Plena Noite";"Crescente";"Céu Claro";"Simples";"Reta";"Não";3;0;0;0;2;1;0;3;-30,133565;-52,859158;"SPRF-RS";"DEL02-RS";"UOP03-DEL02-RS"
540237;2023-08-04;"sexta-feira";"17:20:00";"SC";470;140;"RIO DO SUL";"Reação tardia ou ineficiente do condutor";"Engavetamento";"Com Vítimas Feridas";"Pleno dia";"Crescente";"Nublado";"Simples";"Reta";"Sim";3;0;1;0;2;0;1;3;-27,205016;-49,642132;"SPRF-SC";"DEL04-SC";"UOP02-DEL04-SC"
540238;2023-07-19;"quarta-feira";"19:04:00";"PR";476;277;"SAO MATEUS DO SUL";"Entrada inopinada do pedestre";"Atropelamento de Pedestre";"Com Vítimas Feridas";"Plena Noite";"Decrescente";"Céu Claro";"Simples";"Curva";"Sim";2;0;1;0;1;0;1;2;-25,87559366;-50,39003313;"SPRF-PR";"DEL02-PR";"UOP03-DEL02-PR"
540239;2023-08-04;"sexta-feira";"19:20:00";"MS";463;104,1;"PONTA PORA";"Transitar na contramão";"Colisão lateral sentido oposto";"Sem Vítimas";"Plena Noite";"Crescente";"Ignorado";"Simples";"Reta";"Não";3;0;0;0;3;0;0;2;-22,60782925;-55,65013213;"SPRF-MS";"DEL04-MS";"UOP03-DEL04-MS"
540242;2023-08-04;"sexta-feira";"20:15:00";"PR";116;17;"CURITIBA";"Condutor deixou de manter distância do veículo da frente";"Colisão traseira";"Com Vítimas Feridas";"Plena Noite";"Crescente";"Céu Claro";"Dupla";"Reta";"Sim";3;0;1;0;2;0;1;2;-25,389;-49,1867;"SPRF-PR";"DEL01-PR";"UOP02-DEL01-PR"
540243;2023-08-04;"sexta-feira";"21:30:00";"RJ";101;328;"RIO DE JANEIRO";"Condutor deixou de manter distância do veículo da frente";"Tombamento";"Com Vítimas Feridas";"Plena Noite";"Crescente";"Céu Claro";"Dupla";"Reta";"Sim";3;0;1;0;2;0;1;2;-22,869232;-43,175245;"SPRF-RJ";"DEL02-RJ";"UOP01-DEL02-RJ"
540245;2023-08-04;"sexta-feira";"18:55:00";"SC";101;116;"ITAJAI";"Acessar a via sem observar a presença dos outros veículos";"Colisão lateral mesmo sentido";"Com Vítimas Feridas";"Plena Noite";"Crescente";"Céu Claro";"Dupla";"Reta";"Não";2;0;1;0;1;0;1;2;-26,87905605;-48,72603512;"SPRF-SC";"DEL04-SC";"UOP04-DEL04-SC"
540246;2023-08-04;"sexta-feira";"17:45:00";"MS";163;680;"RIO VERDE DE MATO GROSSO";"Acessar a via sem observar a presença dos outros veículos";"Colisão transversal";"Sem Vítimas";"Anoitecer";"Crescente";"Céu Claro";"Simples";"Interseção de Vias;Reta";"Sim";2;0;0;0;2;0;0;2;-18,92417173;-54,83538529;"SPRF-MS";"DEL06-MS";"UOP02-DEL06-MS"
540247;2023-08-04;"sexta-feira";"21:35:00";"ES";101;271;"SERRA";"Reação tardia ou ineficiente do condutor";"Colisão com objeto";"Com Vítimas Feridas";"Plena Noite";"Crescente";"Céu Claro";"Dupla";"Reta";"Sim";1;0;0;1;0;0;1;1;-20,23267;-40,27658;"SPRF-ES";"DEL02-ES";"UOP01-DEL02-ES"
540249;2023-08-04;"sexta-feira";"20:20:00";"RO";364;713;"PORTO VELHO";"Acessar a via sem observar a presença dos outros veículos";"Colisão transversal";"Com Vítimas Feridas";"Plena Noite";"Decrescente";"Céu Claro";"Dupla";"Reta";"Sim";3;0;1;2;0;0;3;3;-8,77331583;-63,87969248;"SPRF-RO";"DEL01-RO";"UOP01-DEL01-RO"
540250;2023-08-04;"sexta-feira";"18:50:00";"RO";364;518,9;"ARIQUEMES";"Velocidade Incompatível";"Saída de leito carroçável";"Com Vítimas Feridas";"Plena Noite";"Crescente";"Céu Claro";"Simples";"Reta";"Não";1;0;0;1;0;0;1;1;-9,88869603;-63,05672846;"SPRF-RO";"DEL03-RO";"UOP01-DEL03-RO"
540251;2023-08-04;"sexta-feira";"19:35:00";"MG";40;523,8;"CONTAGEM";"Ausência de reação do condutor";"Tombamento";"Com Vítimas Feridas";"Plena Noite";"Crescente";"Céu Claro";"Dupla";"Reta";"Sim";1;0;1;0;0;0;1;1;-19,86874894;-44,05962197;"SPRF-MG";"DEL01-MG";"UOP02-DEL01-MG"
540253;2023-08-04;"sexta-feira";"18:15:00";"SC";101;115;"ITAJAI";"Acessar a via sem observar a presença dos outros veículos";"Colisão lateral mesmo sentido";"Sem Vítimas";"Plena Noite";"Decrescente";"Céu Claro";"Dupla";"Reta";"Sim";2;0;0;0;2;0;0;2;-26,87064015;-48,72954134;"SPRF-SC";"DEL04-SC";"UOP04-DEL04-SC"
540254;2023-08-04;"sexta-feira";"22:45:00";"PR";116;116;"CURITIBA";"Acessar a via sem observar a presença dos outros veículos";"Colisão lateral mesmo sentido";"Sem Vítimas";"Plena Noite";"Decrescente";"Nublado";"Múltipla";"Curva";"Sim";2;0;0;0;2;0;0;2;-25,55468195;-49,27402397;"SPRF-PR";"DEL01-PR";"UOP03-DEL01-PR"
540255;2023-08-04;"sexta-feira";"21:30:00";"RO";364;706;"PORTO VELHO";"Acesso irregular";"Colisão transversal";"Com Vítimas Feridas";"Plena Noite";"Decrescente";"Céu Claro";"Dupla";"Reta";"Sim";3;0;1;1;0;1;2;3;-8,800742;-63,827079;"SPRF-RO";"DEL01-RO";"UOP01-DEL01-RO"
540256;2023-08-04;"sexta-feira";"21:34:00";"PB";230;23;"JOAO PESSOA";"Condutor deixou de manter distância do veículo da frente";"Colisão traseira";"Com Vítimas Feridas";"Plena Noite";"Crescente";"Céu Claro";"Dupla";"Reta";"Sim";2;0;1;0;0;1;1;2;-7,1562;-34,8574;"SPRF-PB";"DEL01-PB";"UOP01-DEL01-PB"
540257;2023-08-04;"sexta-feira";"22:30:00";"AP";156;819;"OIAPOQUE";"Acessar a via sem observar a presença dos outros veículos";"Colisão transversal";"Com Vítimas Feridas";"Plena Noite";"Crescente";"Céu Claro";"Simples";"Reta";"Sim";2;0;0;1;1;0;1;2;3,83552896;-51,80935802;"SPRF-AP";"DEL01-AP";"UOP03-DEL01-AP"
540258;2023-08-04;"sexta-feira";"22:15:00";"PR";369;152;"LONDRINA";"Condutor deixou de manter distância do veículo da frente";"Colisão traseira";"Com Vítimas Feridas";"Plena Noite";"Decrescente";"Céu Claro";"Dupla";"Reta";"Sim";2;0;1;0;1;0;1;2;-23,29281276;-51,18019765;"SPRF-PR";"DEL07-PR";"UOP01-DEL07-PR"
540260;2023-08-04;"sexta-feira";"22:10:00";"TO";153;335;"GUARAI";"Acesso irregular";"Colisão transversal";"Com Vítimas Feridas";"Plena Noite";"Decrescente";"Céu Claro";"Simples";"Reta";"Sim";2;0;0;1;1;0;1;2;-8,84481597;-48,5107318;"SPRF-TO";"DEL02-TO";"UOP02-DEL02-TO"
540261;2023-08-04;"sexta-feira";"20:27:00";"SC";282;627,4;"IRACEMINHA";"Condutor deixou de manter distância do veículo da frente";"Colisão traseira";"Com Vítimas Feridas";"Plena Noite";"Decrescente";"Céu Claro";"Simples";"Curva;Aclive";"Não";5;0;1;0;4;0;1;2;-26,815043;-53,361762;"SPRF-SC";"DEL07-SC";"UOP02-DEL07-SC"
540262;2023-08-04;"sexta-feira";"21:03:00";"MG";262;15;"MARTINS SOARES";"Ausência de reação do condutor";"Tombamento";"Com Vítimas Feridas";"Plena Noite";"Crescente";"Céu Claro";"Dupla";"Retorno Regulamentado;Rotatória";"Sim";1;0;1;0;0;0;1;1;-20,26054008;-41,87631604;"SPRF-MG";"DEL06-MG";"UOP03-DEL06-MG"
540263;2023-08-04;"sexta-feira";"23:20:00";"SC";282;18,9;"PALHOCA";"Transitar na contramão";"Colisão com objeto";"Sem Vítimas";"Plena Noite";"Decrescente";"Céu Claro";"Simples";"Em Obras;Reta";"Não";1;0;0;0;0;1;0;1;-27,672798;-48,694286;"SPRF-SC";"DEL01-SC";"UOP02-DEL01-SC"
540264;2023-08-04;"sexta-feira";"22:47:00";"RS";287;253;"SANTA MARIA";"Ausência de reação do condutor";"Saída de leito carroçável";"Com Vítimas Feridas";"Plena Noite";"Crescente";"Céu Claro";"Dupla";"Reta";"Sim";1;0;1;0;0;0;1;1;-29,68806284;-53,90069397;"SPRF-RS";"DEL09-RS";"UOP01-DEL09-RS"
540265;2023-08-04;"sexta-feira";"23:00:00";"PR";369;191,3;"ARAPONGAS";"Retorno proibido";"Colisão transversal";"Com Vítimas Feridas";"Plena Noite";"Decrescente";"Céu Claro";"Dupla";"Retorno Regulamentado;Reta";"Não";2;0;1;0;0;1;1;2;-23,46380928;-51,42346603;"SPRF-PR";"DEL07-PR";"UOP03-DEL07-PR"
540267;2023-08-04;"sexta-feira";"23:05:00";"PR";376;160;"MARINGA";"Condutor deixou de manter distância do veículo da frente";"Colisão traseira";"Com Vítimas Feridas";"Plena Noite";"Decrescente";"Céu Claro";"Dupla";"Curva";"Sim";2;0;0;1;1;0;1;2;-23,36500614;-52,07446039;"SPRF-PR";"DEL09-PR";"UOP01-DEL09-PR"
540269;2023-08-04;"sexta-feira";"21:20:00";"RJ";116;311,1;"RESENDE";"Ausência de reação do condutor";"Queda de ocupante de veículo";"Com Vítimas Feridas";"Plena Noite";"Crescente";"Céu Claro";"Simples";"Reta";"Não";1;0;1;0;0;0;1;1;-22,46086624;-44,44296321;"SPRF-RJ";"DEL07-RJ";"UOP02-DEL07-RJ"
540271;2023-08-05;"sábado";"00:00:00";"SP";153;62;"SAO JOSE DO RIO PRETO";"Reação tardia ou ineficiente do condutor";"Colisão traseira";"Com Vítimas Feridas";"Plena Noite";"Crescente";"Céu Claro";"Dupla";"Aclive;Reta";"Sim";3;0;1;0;2;0;1;2;-20,81325404;-49,35675563;"SPRF-SP";"DEL09-SP";"UOP01-DEL09-SP"
540272;2023-08-05;"sábado";"00:50:00";"SC";101;214,3;"PALHOCA";"Desrespeitar a preferência no cruzamento";"Colisão transversal";"Sem Vítimas";"Plena Noite";"Decrescente";"Céu Claro";"Múltipla";"Retorno Regulamentado;Interseção de Vias;Viaduto;Reta";"Sim";2;0;0;0;2;0;0;2;-27,64443;-48,67057;"SPRF-SC";"DEL01-SC";"UOP02-DEL01-SC"
540273;2023-08-05;"sábado";"00:15:00";"RJ";40;105;"DUQUE DE CAXIAS";"Condutor Dormindo";"Engavetamento";"Com Vítimas Feridas";"Plena Noite";"Crescente";"Céu Claro";"Múltipla";"Reta";"Sim";8;0;2;0;6;0;2;3;-22,63784806;-43,28428824;"SPRF-RJ";"DEL01-RJ";"UOP01-DEL01-RJ"