"id";"data_inversa";"dia_semana";"horario";"uf";"br";"km";"municipio";"causa_acidente";"tipo_acidente";"classificacao_acidente";"fase_dia";"sentido_via";"condicao_metereologica";"tipo_pista";"tracado_via";"uso_solo";"pessoas";"mortos";"feridos_leves";"feridos_graves";"ilesos";"ignorados";"feridos";"veiculos";"latitude";"longitude";"regional";"delegacia";"uop"
540274;2023-08-05;"sábado";"00:30:00";"PR";277;60;"SAO JOSE DOS PINHAIS";"Neblina";"Colisão com objeto";"Com Vítimas Feridas";"Plena Noite";"Decrescente";"Nublado";"Múltipla";"Reta";"Não";4;0;1;0;2;1;1;1;-25,552444;-49,036713;"SPRF-PR";"DEL01-PR";"UOP01-DEL01-PR"
540275;2023-08-05;"sábado";"01:30:00";"SP";116;215;"GUARULHOS";"Ausência de reação do condutor";"Queda de ocupante de veículo";"Com Vítimas Feridas";"Plena Noite";"Crescente";"Céu Claro";"Múltipla";"Declive";"Sim";1;0;1;0;0;0;1;1;-23,44695693;-46,45394103;"SPRF-SP";"DEL01-SP";"UOP01-DEL01-SP"
540276;2023-08-05;"sábado";"00:07:00";"RO";364;713;"PORTO VELHO";"Acumulo de areia ou detritos sobre o pavimento";"Queda de ocupante de veículo";"Com Vítimas Feridas";"Plena Noite";"Decrescente";"Céu Claro";"Dupla";"Curva";"Sim";1;0;0;1;0;0;1;1;-8,77209975;-63,88240814;"SPRF-RO";"DEL01-RO";"UOP01-DEL01-RO"
540277;2023-08-04;"sexta-feira";"22:45:00";"RJ";356;20;"ITAPERUNA";"Reação tardia ou ineficiente do condutor";"Tombamento";"Com Vítimas Fatais";"Plena Noite";"Crescente";"Nublado";"Simples";"Interseção de Vias;Reta";"Sim";1;1;0;0;0;0;0;1;-21,17557977;-42,01087805;"SPRF-RJ";"DEL08-RJ";"UOP03-DEL08-RJ"
540278;2023-08-05;"sábado";"00:48:00";"PE";232;5;"RECIFE";"Ausência de reação do condutor";"Queda de ocupante de veículo";"Com Vítimas Feridas";"Plena Noite";"Crescente";"Céu Claro";"Dupla";"Reta";"Sim";2;0;2;0;0;0;2;1;-8,069198;-34,947861;"SPRF-PE";"DEL01-PE";"UOP01-DEL01-PE"
540279;2023-08-05;"sábado";"01:00:00";"PR";369;157;"LONDRINA";"Acessar a via sem observar a presença dos outros veículos";"Colisão traseira";"Com Vítimas Feridas";"Plena Noite";"Crescente";"Céu Claro";"Dupla";"Reta";"Sim";6;0;3;0;2;1;3;2;-23,28800373;-51,22490823;"SPRF-PR";"DEL07-PR";"UOP01-DEL07-PR"
540280;2023-08-04;"sexta-feira";"23:40:00";"MT";70;281;"PRIMAVERA DO LESTE";"Acessar a via sem observar a presença dos outros veículos";"Colisão transversal";"Com Vítimas Feridas";"Plena Noite";"Crescente";"Céu Claro";"Simples";"Reta";"Sim";2;0;1;0;1;0;1;2;-15,56702889;-54,30512706;"SPRF-MT";"DEL05-MT";"UOP01-DEL05-MT"
540281;2023-08-05;"sábado";"01:30:00";"RS";290;100;"PORTO ALEGRE";"Demais falhas mecânicas ou elétricas";"Incêndio";"Sem Vítimas";"Plena Noite";"Crescente";"Nublado";"Simples";"Reta";"Não";1;0;0;0;1;0;0;1;-29,988646;-51,236553;"SPRF-RS";"DEL01-RS";"UOP01-DEL01-RS"
540282;2023-08-05;"sábado";"01:35:00";"SC";101;145,3;"ITAPEMA";"Ingestão de álcool pelo condutor";"Colisão traseira";"Com Vítimas Feridas";"Plena Noite";"Decrescente";"Céu Claro";"Múltipla";"Reta;Aclive";"Não";2;0;1;0;1;0;1;2;-27,08139206;-48,60130993;"SPRF-SC";"DEL04-SC";"UOP03-DEL04-SC"
540283;2023-08-04;"sexta-feira";"23:00:00";"PR";369;188;"ARAPONGAS";"Desrespeitar a preferência no cruzamento";"Colisão transversal";"Com Vítimas Feridas";"Plena Noite";"Crescente";"Céu Claro";"Simples";"Interseção de Vias";"Sim";2;0;1;0;1;0;1;2;-23,43444537;-51,4222008;"SPRF-PR";"DEL07-PR";"UOP03-DEL07-PR"
540285;2023-08-04;"sexta-feira";"20:30:00";"PR";476;275;"SAO MATEUS DO SUL";"Manobra de mudança de faixa";"Colisão lateral mesmo sentido";"Com Vítimas Feridas";"Plena Noite";"Decrescente";"Céu Claro";"Simples";"Reta;Aclive";"Sim";2;0;2;0;0;0;2;2;-25,88582;-50,38245;"SPRF-PR";"DEL02-PR";"UOP03-DEL02-PR"
540287;2023-08-05;"sábado";"01:40:00";"SC";101;216,5;"PALHOCA";"Pista Escorregadia";"Tombamento";"Com Vítimas Feridas";"Plena Noite";"Decrescente";"Céu Claro";"Múltipla";"Viaduto";"Sim";1;0;1;0;0;0;1;1;-27,65981409;-48,67747798;"SPRF-SC";"DEL01-SC";"UOP02-DEL01-SC"
540288;2023-07-28;"sexta-feira";"03:15:00";"TO";153;246;"COLINAS DO TOCANTINS";"Ausência de reação do condutor";"Queda de ocupante de veículo";"Com Vítimas Fatais";"Plena Noite";"Decrescente";"Céu Claro";"Dupla";"Reta";"Sim";2;1;0;1;0;0;1;1;-8,046382;-48,46624384;"SPRF-TO";"DEL02-TO";"UOP02-DEL02-TO"
540289;2023-08-05;"sábado";"00:40:00";"MA";316;406,6;"ALTO ALEGRE DO MARANHAO";"Ausência de reação do condutor";"Colisão frontal";"Com Vítimas Fatais";"Plena Noite";"Crescente";"Céu Claro";"Simples";"Reta";"Sim";1;1;0;0;0;0;0;1;-4,24808;-44,435707;"SPRF-MA";"DEL03-MA";"UOP01-DEL03-MA"
540290;2023-08-05;"sábado";"02:30:00";"PR";277;728;"FOZ DO IGUACU";"Ingestão de álcool pelo condutor";"Saída de leito carroçável";"Sem Vítimas";"Plena Noite";"Crescente";"Céu Claro";"Dupla";"Reta";"Não";1;0;0;0;1;0;0;1;-25,5097634;-54,57387201;"SPRF-PR";"DEL05-PR";"UOP03-DEL05-PR"
540292;2023-08-05;"sábado";"03:50:00";"SP";116;217;"GUARULHOS";"Ingestão de álcool e/ou substâncias psicoativas pelo pedestre";"Colisão com objeto";"Com Vítimas Feridas";"Plena Noite";"Crescente";"Céu Claro";"Múltipla";"Reta";"Sim";3;0;2;0;1;0;2;2;-23,45373515;-46,47114939;"SPRF-SP";"DEL01-SP";"UOP01-DEL01-SP"
540293;2023-08-04;"sexta-feira";"19:20:00";"SP";459;31,7;"LORENA";"Acessar a via sem observar a presença dos outros veículos";"Atropelamento de Pedestre";"Com Vítimas Feridas";"Plena Noite";"Decrescente";"Céu Claro";"Simples";"Reta";"Sim";2;0;1;0;0;1;1;2;-22,73961487;-45,09458542;"SPRF-SP";"DEL08-SP";"UOP02-DEL08-SP"
540294;2023-08-05;"sábado";"01:00:00";"MS";262;118,8;"AGUA CLARA";"Reação tardia ou ineficiente do condutor";"Saída de leito carroçável";"Com Vítimas Feridas";"Plena Noite";"Decrescente";"Céu Claro";"Simples";"Aclive;Reta";"Não";2;0;2;0;0;0;2;1;-20,50995218;-52,65413403;"SPRF-MS";"DEL07-MS";"UOP02-DEL07-MS"
540295;2023-08-05;"sábado";"03:30:00";"MG";116;507;"UBAPORANGA";"Ingestão de álcool pelo condutor";"Saída de leito carroçável";"Com Vítimas Feridas";"Plena Noite";"Crescente";"Céu Claro";"Simples";"Reta";"Não";1;0;0;1;0;0;1;1;-19,61953715;-42,10872923;"SPRF-MG";"DEL06-MG";"UOP02-DEL06-MG"
540296;2023-08-05;"sábado";"04:15:00";"PR";116;154,3;"MANDIRITUBA";"Transitar na contramão";"Colisão frontal";"Com Vítimas Fatais";"Plena Noite";"Crescente";"Nevoeiro/Neblina";"Simples";"Curva;Aclive";"Não";4;2;0;1;0;1;1;2;-25,867794;-49,377197;"SPRF-PR";"DEL01-PR";"UOP03-DEL01-PR"
540297;2023-08-04;"sexta-feira";"20:40:00";"RO";364;15;"VILHENA";"Frear bruscamente";"Tombamento";"Com Vítimas Feridas";"Plena Noite";"Crescente";"Céu Claro";"Dupla";"Reta";"Sim";1;0;1;0;0;0;1;1;-12,73672751;-60,14804088;"SPRF-RO";"DEL04-RO";"UOP01-DEL04-RO"
540300;2023-08-05;"sábado";"01:15:00";"MG";364;18;"FRUTAL";"Ultrapassagem Indevida";"Colisão frontal";"Com Vítimas Feridas";"Plena Noite";"Decrescente";"Nublado";"Simples";"Reta";"Não";2;0;0;1;0;1;1;2;-20,0696176;-48,79029878;"SPRF-MG";"DEL13-MG";"UOP02-DEL13-MG"
540305;2023-08-05;"sábado";"03:05:00";"PI";316;3;"TERESINA";"Condutor deixou de manter distância do veículo da frente";"Colisão traseira";"Com Vítimas Feridas";"Pleno dia";"Crescente";"Céu Claro";"Múltipla";"Reta";"Sim";2;0;1;0;1;0;1;2;-5,12826443;-42,79292384;"SPRF-PI";"DEL01-PI";"UOP02-DEL01-PI"
540306;2023-08-05;"sábado";"05:00:00";"PI";316;287;"DOM EXPEDITO LOPES";"Transitar no Acostamento";"Tombamento";"Com Vítimas Feridas";"Amanhecer";"Crescente";"Céu Claro";"Simples";"Reta";"Não";2;0;2;0;0;0;2;1;-6,97750323;-41,63837027;"SPRF-PI";"DEL04-PI";"UOP01-DEL04-PI"
540307;2023-08-05;"sábado";"02:00:00";"PE";424;4;"ARCOVERDE";"Ausência de reação do condutor";"Saída de leito carroçável";"Sem Vítimas";"Plena Noite";"Crescente";"Céu Claro";"Simples";"Reta";"Não";1;0;0;0;0;1;0;1;-8,46099318;-37,04336835;"SPRF-PE";"DEL04-PE";"UOP02-DEL04-PE"
540308;2023-08-05;"sábado";"01:00:00";"SC";282;504,8;"XANXERE";"Ingestão de álcool ou de substâncias psicoativas pelo pedestre";"Atropelamento de Pedestre";"Com Vítimas Feridas";"Plena Noite";"Crescente";"Céu Claro";"Dupla";"Reta;Viaduto";"Sim";2;0;1;1;0;0;2;2;-26,884279;-52,408466;"SPRF-SC";"DEL07-SC";"UOP01-DEL07-SC"
540312;2023-08-05;"sábado";"06:00:00";"RJ";101;495;"ANGRA DOS REIS";"Transitar na contramão";"Colisão frontal";"Sem Vítimas";"Pleno dia";"Crescente";"Céu Claro";"Simples";"Curva";"Não";2;0;0;0;2;0;0;2;-22,93180313;-44,32178488;"SPRF-RJ";"DEL03-RJ";"UOP03-DEL03-RJ"
540313;2023-08-05;"sábado";"07:00:00";"SC";101;203,2;"SAO JOSE";"Ausência de reação do condutor";"Colisão com objeto";"Com Vítimas Feridas";"Pleno dia";"Decrescente";"Céu Claro";"Simples";"Curva";"Sim";2;0;1;0;1;0;1;1;-27,5650044;-48,61460082;"SPRF-SC";"DEL01-SC";"UOP01-DEL01-SC"
540314;2023-08-05;"sábado";"06:00:00";"RJ";493;66;"NOVA IGUACU";"Animais na Pista";"Saída de leito carroçável";"Com Vítimas Feridas";"Amanhecer";"Decrescente";"Céu Claro";"Dupla";"Curva";"Sim";2;0;1;0;1;0;1;1;-22,68292234;-43,42968158;"SPRF-RJ";"DEL01-RJ";"UOP03-DEL01-RJ"
540315;2023-08-05;"sábado";"04:40:00";"MT";364;563;"NOBRES";"Reação tardia ou ineficiente do condutor";"Saída de leito carroçável";"Sem Vítimas";"Amanhecer";"Crescente";"Céu Claro";"Dupla";"Reta";"Não";1;0;0;0;1;0;0;1;-14,76958479;-56,35495817;"SPRF-MT";"DEL01-MT";"UOP01-DEL01-MT"
540316;2023-08-05;"sábado";"04:50:00";"SC";101;75;"ARAQUARI";"Ausência de reação do condutor";"Colisão com objeto";"Com Vítimas Feridas";"Plena Noite";"Crescente";"Nublado";"Múltipla";"Curva";"Sim";1;0;1;0;0;0;1;1;-26,55502606;-48,72013271;"SPRF-SC";"DEL03-SC";"UOP02-DEL03-SC"
540317;2023-08-05;"sábado";"06:00:00";"SP";381;51;"ATIBAIA";"Reação tardia ou ineficiente do condutor";"Colisão com objeto";"Sem Vítimas";"Amanhecer";"Decrescente";"Céu Claro";"Dupla";"Declive;Curva";"Não";1;0;0;0;1;0;0;1;-23,2300622;-46,59963076;"SPRF-SP";"DEL03-SP";"UOP01-DEL03-SP"
540320;2023-08-05;"sábado";"06:20:00";"MG";40;678,9;"RESSAQUINHA";"Velocidade Incompatível";"Colisão frontal";"Com Vítimas Fatais";"Amanhecer";"Decrescente";"Céu Claro";"Simples";"Curva";"Não";4;1;0;3;0;0;3;2;-21,038769;-43,764743;"SPRF-MG";"DEL05-MG";"UOP02-DEL05-MG"
540321;2023-08-05;"sábado";"04:20:00";"SP";116;54;"LORENA";"Ingestão de álcool pelo condutor";"Colisão com objeto";"Sem Vítimas";"Plena Noite";"Decrescente";"Nevoeiro/Neblina";"Dupla";"Reta";"Não";1;0;0;0;0;1;0;1;-22,75803895;-45,11508003;"SPRF-SP";"DEL08-SP";"UOP02-DEL08-SP"
540322;2023-08-05;"sábado";"06:50:00";"SC";101;112;"ITAJAI";"Ausência de reação do condutor";"Saída de leito carroçável";"Com Vítimas Feridas";"Amanhecer";"Crescente";"Céu Claro";"Dupla";"Curva";"Não";2;0;1;1;0;0;2;1;-26,84589005;-48,72131295;"SPRF-SC";"DEL04-SC";"UOP04-DEL04-SC"
540323;2023-08-05;"sábado";"06:30:00";"PR";476;271,8;"SAO MATEUS DO SUL";"Transitar na contramão";"Colisão frontal";"Sem Vítimas";"Pleno dia";"Crescente";"Nublado";"Simples";"Reta";"Não";3;0;0;0;3;0;0;3;-25,89579;-50,348907;"SPRF-PR";"DEL02-PR";"UOP03-DEL02-PR"
540324;2023-08-05;"sábado";"07:25:00";"SC";101;131,5;"BALNEARIO CAMBORIU";"Reação tardia ou ineficiente do condutor";"Tombamento";"Com Vítimas Feridas";"Pleno dia";"Crescente";"Céu Claro";"Dupla";"Reta";"Sim";2;0;2;0;0;0;2;1;-26,99064209;-48,66310912;"SPRF-SC";"DEL04-SC";"UOP03-DEL04-SC"
540326;2023-08-05;"sábado";"07:15:00";"TO";10;457;"PALMAS";"Acessar a via sem observar a presença dos outros veículos";"Colisão transversal";"Com Vítimas Feridas";"Pleno dia";"Crescente";"Céu Claro";"Múltipla";"Retorno Regulamentado;Interseção de Vias;Reta";"Sim";2;0;0;1;1;0;1;2;-10,20499186;-48,16363986;"SPRF-TO";"DEL01-TO";"UOP03-DEL01-TO"
540327;2023-08-05;"sábado";"06:40:00";"SC";280;54,7;"GUARAMIRIM";"Reação tardia ou ineficiente do condutor";"Colisão traseira";"Com Vítimas Feridas";"Amanhecer";"Decrescente";"Céu Claro";"Dupla";"Reta";"Sim";5;0;2;1;1;1;3;3;-26,47539893;-48,983748;"SPRF-SC";"DEL03-SC";"UOP03-DEL03-SC"
540329;2023-08-05;"sábado";"08:00:00";"ES";262;33;"DOMINGOS MARTINS";"Acessar a via sem observar a presença dos outros veículos";"Colisão transversal";"Com Vítimas Feridas";"Pleno dia";"Crescente";"Céu Claro";"Simples";"Reta";"Não";4;0;1;1;2;0;2;2;-20,37551675;-40,58397889;"SPRF-ES";"DEL01-ES";"UOP01-DEL01-ES"
540330;2023-08-05;"sábado";"00:08:00";"SP";116;282;"EMBU DAS ARTES";"Ausência de reação do condutor";"Colisão com objeto";"Sem Vítimas";"Pleno dia";"Decrescente";"Céu Claro";"Dupla";"Reta";"Não";1;0;0;0;0;1;0;1;-23,68570216;-46,85970975;"SPRF-SP";"DEL04-SP";"UOP01-DEL04-SP"
540331;2023-08-05;"sábado";"07:45:00";"DF";20;13,6;"BRASILIA";"Acessar a via sem observar a presença dos outros veículos";"Colisão transversal";"Com Vítimas Feridas";"Pleno dia";"Decrescente";"Céu Claro";"Dupla";"Retorno Regulamentado;Reta";"Não";6;0;2;3;1;0;5;2;-15,638752;-47,749599;"SPRF-DF";"DEL02-DF";"UOP01-DEL02-DF"
540333;2023-08-05;"sábado";"07:36:00";"RJ";116;200;"QUEIMADOS";"Condutor deixou de manter distância do veículo da frente";"Queda de ocupante de veículo";"Com Vítimas Feridas";"Pleno dia";"Decrescente";"Céu Claro";"Dupla";"Reta";"Não";3;0;1;0;2;0;1;3;-22,7306082;-43,59401795;"SPRF-RJ";"DEL01-RJ";"UOP03-DEL01-RJ"
540336;2023-08-05;"sábado";"06:00:00";"PA";316;127;"NOVA TIMBOTEUA";"Ausência de reação do condutor";"Tombamento";"Com Vítimas Feridas";"Pleno dia";"Crescente";"Céu Claro";"Simples";"Aclive";"Sim";1;0;0;1;0;0;1;1;-1,29803243;-47,37596671;"SPRF-PA";"DEL01-PA";"UOP02-DEL01-PA"
540337;2023-08-05;"sábado";"08:27:00";"ES";101;138,8;"LINHARES";"Manobra de mudança de faixa";"Colisão transversal";"Com Vítimas Feridas";"Pleno dia";"Decrescente";"Céu Claro";"Múltipla";"Retorno Regulamentado";"Não";2;0;0;1;1;0;1;2;-19,30186109;-40,08371726;"SPRF-ES";"DEL04-ES";"UOP01-DEL04-ES"
540338;2023-08-05;"sábado";"04:05:00";"RJ";356;22;"ITAPERUNA";"Animais na Pista";"Atropelamento de Animal";"Sem Vítimas";"Plena Noite";"Crescente";"Céu Claro";"Simples";"Aclive;Curva";"Não";2;0;0;0;2;0;0;1;-21,17930593;-41,96405499;"SPRF-RJ";"DEL08-RJ";"UOP03-DEL08-RJ"
540341;2023-08-05;"sábado";"03:00:00";"AC";364;117;"RIO BRANCO";"Reação tardia ou ineficiente do condutor";"Queda de ocupante de veículo";"Com Vítimas Feridas";"Plena Noite";"Decrescente";"Céu Claro";"Dupla";"Reta";"Não";2;0;1;0;0;1;1;1;-10,012801;-67,728245;"SPRF-AC";"DEL01-AC";"UOP01-DEL01-AC"
540342;2023-06-22;"quinta-feira";"18:10:00";"SC";101;238;"PALHOCA";"Objeto estático sobre o leito carroçável";"Colisão com objeto";"Com Vítimas Feridas";"Anoitecer";"Crescente";"Ignorado";"Dupla";"Reta";"Não";1;0;1;0;0;0;1;1;-27,84293889;-48,63471922;"SPRF-SC";"DEL01-SC";"UOP02-DEL01-SC"
540343;2023-08-05;"sábado";"08:30:00";"PB";230;158;"CAMPINA GRANDE";"Reação tardia ou ineficiente do condutor";"Engavetamento";"Sem Vítimas";"Pleno dia";"Decrescente";"Céu Claro";"Simples";"Rotatória";"Sim";3;0;0;0;3;0;0;3;-7,2582;-35,9267;"SPRF-PB";"DEL02-PB";"UOP01-DEL02-PB"
540344;2023-08-05;"sábado";"03:50:00";"RJ";356;71,9;"ITALVA";"Animais na Pista";"Atropelamento de Animal";"Com Vítimas Feridas";"Plena Noite";"Decrescente";"Nevoeiro/Neblina";"Simples";"Curva";"Não";1;0;1;0;0;0;1;1;-21,3884862;-41,69430378;"SPRF-RJ";"DEL08-RJ";"UOP03-DEL08-RJ"
540348;2023-02-11;"sábado";"06:00:00";"PI";343;329;"TERESINA";"Ingestão de álcool pelo condutor";"Saída de leito carroçável";"Com Vítimas Feridas";"Pleno dia";"Crescente";"Céu Claro";"Simples";"Reta";"Não";1;0;1;0;0;0;1;1;-5,064808;-42,641769;"SPRF-PI";"DEL01-PI";"UOP01-DEL01-PI"
540350;2023-08-05;"sábado";"09:58:00";"RJ";116;181;"NOVA IGUACU";"Reação tardia ou ineficiente do condutor";"Colisão lateral mesmo sentido";"Com Vítimas Feridas";"Pleno dia";"Crescente";"Céu Claro";"Múltipla";"Retorno Regulamentado";"Sim";2;0;1;0;1;0;1;2;-22,761312;-43,423492;"SPRF-RJ";"DEL01-RJ";"UOP02-DEL01-RJ"
540353;2023-08-05;"sábado";"08:40:00";"MG";365;424,3;"PATOS DE MINAS";"Reação tardia ou ineficiente do condutor";"Saída de leito carroçável";"Com Vítimas Feridas";"Pleno dia";"Decrescente";"Sol";"Simples";"Declive;Reta";"Não";4;0;3;1;0;0;4;1;-18,73063418;-46,62262472;"SPRF-MG";"DEL10-MG";"UOP01-DEL10-MG"
540354;2023-04-23;"domingo";"07:50:00";"RN";226;112,6;"SANTA CRUZ";"Acessar a via sem observar a presença dos outros veículos";"Colisão transversal";"Com Vítimas Feridas";"Pleno dia";"Decrescente";"Céu Claro";"Simples";"Declive;Reta";"Sim";3;0;1;1;1;0;2;2;-6,21120499;-36,01975098;"SPRF-RN";"DEL03-RN";"UOP02-DEL03-RN"
540355;2023-08-05;"sábado";"07:50:00";"RO";421;25;"MONTE NEGRO";"Reação tardia ou ineficiente do condutor";"Colisão traseira";"Com Vítimas Feridas";"Pleno dia";"Decrescente";"Céu Claro";"Simples";"Reta";"Não";2;0;1;0;1;0;1;2;-10,07348;-63,212029;"SPRF-RO";"DEL03-RO";"UOP01-DEL03-RO"
540356;2023-08-05;"sábado";"10:30:00";"RJ";116;2;"SAPUCAIA";"Reação tardia ou ineficiente do condutor";"Colisão traseira";"Com Vítimas Feridas";"Pleno dia";"Crescente";"Céu Claro";"Simples";"Reta";"Sim";4;0;1;0;3;0;1;3;-21,882036;-42,687827;"SPRF-RJ";"DEL05-RJ";"UOP01-DEL05-RJ"
540357;2023-08-05;"sábado";"09:46:00";"PE";101;41;"IGARASSU";"Manobra de mudança de faixa";"Colisão lateral mesmo sentido";"Sem Vítimas";"Pleno dia";"Decrescente";"Céu Claro";"Dupla";"Reta";"Não";2;0;0;0;2;0;0;2;-7,83038346;-34,91426785;"SPRF-PE";"DEL01-PE";"UOP02-DEL01-PE"
540358;2023-08-05;"sábado";"07:40:00";"RS";116;157,9;"CAXIAS DO SUL";"Ingestão de álcool pelo condutor";"Colisão frontal";"Com Vítimas Feridas";"Pleno dia";"Crescente";"Nevoeiro/Neblina";"Simples";"Curva";"Não";4;0;1;0;2;1;1;4;-29,21555098;-51,17570043;"SPRF-RS";"DEL05-RS";"UOP01-DEL05-RS"
540359;2023-08-05;"sábado";"09:55:00";"SC";101;438,7;"SOMBRIO";"Ausência de reação do condutor";"Saída de leito carroçável";"Com Vítimas Feridas";"Pleno dia";"Crescente";"Nublado";"Dupla";"Reta";"Não";1;0;1;0;0;0;1;1;-29,11643738;-49,6399641;"SPRF-SC";"DEL02-SC";"UOP02-DEL02-SC"
540360;2023-08-05;"sábado";"11:00:00";"RS";153;44,5;"ERECHIM";"Desrespeitar a preferência no cruzamento";"Colisão transversal";"Sem Vítimas";"Pleno dia";"Crescente";"Céu Claro";"Simples";"Rotatória";"Não";2;0;0;0;2;0;0;2;-27,62312752;-52,23687793;"SPRF-RS";"DEL08-RS";"UOP04-DEL08-RS"
540361;2023-08-05;"sábado";"10:57:00";"TO";153;141;"ARAGUAINA";"Ausência de reação do condutor";"Colisão traseira";"Sem Vítimas";"Pleno dia";"Crescente";"Céu Claro";"Múltipla";"Curva;Rotatória";"Não";2;0;0;0;2;0;0;2;-7,175959;-48,219548;"SPRF-TO";"DEL02-TO";"UOP01-DEL02-TO"
540362;2023-08-05;"sábado";"08:12:00";"MT";163;755;"SORRISO";"Ingestão de álcool pelo condutor";"Saída de leito carroçável";"Com Vítimas Feridas";"Pleno dia";"Crescente";"Céu Claro";"Dupla";"Reta";"Sim";2;0;1;1;0;0;2;1;-12,63198432;-55,77543862;"SPRF-MT";"DEL06-MT";"UOP01-DEL06-MT"
540364;2023-07-04;"terça-feira";"17:40:00";"PR";376;161,4;"MARINGA";"Reação tardia ou ineficiente do condutor";"Colisão transversal";"Com Vítimas Feridas";"Pleno dia";"Decrescente";"Ignorado";"Dupla";"Interseção de Vias";"Sim";2;0;1;0;1;0;1;2;-23,37281665;-52,05547485;"SPRF-PR";"DEL09-PR";"UOP01-DEL09-PR"
540365;2023-08-05;"sábado";"11:27:00";"SP";381;4,8;"VARGEM";"Demais falhas na via";"Queda de ocupante de veículo";"Com Vítimas Feridas";"Pleno dia";"Decrescente";"Céu Claro";"Dupla";"Declive;Reta";"Não";1;0;1;0;0;0;1;1;-22,8826217;-46,40779515;"SPRF-SP";"DEL03-SP";"UOP02-DEL03-SP"
540366;2023-08-05;"sábado";"09:50:00";"MT";70;525;"VARZEA GRANDE";"Acesso irregular";"Colisão lateral sentido oposto";"Com Vítimas Feridas";"Pleno dia";"Crescente";"Sol";"Simples";"Reta";"Sim";3;0;2;0;1;0;2;2;-15,6520572;-56,20128319;"SPRF-MT";"DEL01-MT";"UOP02-DEL01-MT"
540367;2023-08-05;"sábado";"11:00:00";"SP";381;75;"SAO PAULO";"Ausência de reação do condutor";"Queda de ocupante de veículo";"Com Vítimas Feridas";"Pleno dia";"Decrescente";"Céu Claro";"Múltipla";"Curva";"Não";2;0;1;0;1;0;1;1;-23,37660089;-46,56409613;"SPRF-SP";"DEL03-SP";"UOP01-DEL03-SP"
540370;2023-08-05;"sábado";"10:35:00";"PR";277;322,1;"GUARAPUAVA";"Acesso irregular";"Colisão transversal";"Com Vítimas Feridas";"Pleno dia";"Decrescente";"Céu Claro";"Simples";"Retorno Regulamentado;Viaduto;Curva";"Sim";4;0;2;0;2;0;2;2;-25,377396;-51,288897;"SPRF-PR";"DEL08-PR";"UOP01-DEL08-PR"
540371;2023-08-05;"sábado";"11:15:00";"MG";365;625,3;"UBERLANDIA";"Frear bruscamente";"Engavetamento";"Com Vítimas Feridas";"Pleno dia";"Decrescente";"Céu Claro";"Dupla";"Reta";"Sim";6;0;1;0;5;0;1;4;-18,90585472;-48,32526001;"SPRF-MG";"DEL15-MG";"UOP01-DEL15-MG"
540372;2023-08-05;"sábado";"12:21:00";"PE";101;52;"PAULISTA";"Manobra de mudança de faixa";"Colisão traseira";"Com Vítimas Feridas";"Pleno dia";"Decrescente";"Céu Claro";"Dupla";"Reta";"Não";2;0;1;0;1;0;1;2;-7,92358799;-34,89607201;"SPRF-PE";"DEL01-PE";"UOP02-DEL01-PE"
540375;2023-08-05;"sábado";"13:03:00";"SC";470;0;"GASPAR";"Ultrapassagem Indevida";"Colisão lateral mesmo sentido";"Com Vítimas Feridas";"Pleno dia";"Crescente";"Céu Claro";"Simples";"Reta";"Não";2;0;0;1;1;0;1;2;-26,9198697;-48,959198;"SPRF-SC";"DEL04-SC";"UOP01-DEL04-SC"
540376;2023-08-05;"sábado";"13:10:00";"RN";101;96,2;"NATAL";"Reação tardia ou ineficiente do condutor";"Colisão traseira";"Com Vítimas Feridas";"Pleno dia";"Crescente";"Céu Claro";"Múltipla";"Reta";"Sim";3;0;0;1;2;0;1;2;-5,84949622;-35,20890752;"SPRF-RN";"DEL01-RN";"UOP01-DEL01-RN"
540380;2023-07-21;"sexta-feira";"19:10:00";"AM";174;925;"MANAUS";"Ultrapassagem Indevida";"Tombamento";"Com Vítimas Feridas";"Plena Noite";"Crescente";"Céu Claro";"Simples";"Reta";"Não";3;0;0;1;0;2;1;3;-2,61522997;-60,03946148;"SPRF-AM";"DEL01-AM";"UOP01-DEL01-AM"
540381;2023-08-05;"sábado";"11:35:00";"RJ";116;309;"RESENDE";"Avarias e/ou desgaste excessivo no pneu";"Queda de ocupante de veículo";"Com Vítimas Feridas";"Pleno dia";"Crescente";"Céu Claro";"Dupla";"Aclive";"Não";2;0;0;1;1;0;1;1;-22,45852838;-44,42672997;"SPRF-RJ";"DEL07-RJ";"UOP02-DEL07-RJ"
540383;2023-08-05;"sábado";"10:00:00";"SP";381;88;"GUARULHOS";"Pedestre andava na pista";"Atropelamento de Pedestre";"Com Vítimas Feridas";"Pleno dia";"Crescente";"Céu Claro";"Múltipla";"Reta";"Sim";2;0;1;0;0;1;1;2;-23,479371;-46,560288;"SPRF-SP";"DEL03-SP";"UOP01-DEL03-SP"
540385;2023-08-05;"sábado";"14:00:00";"BA";324;620;"SALVADOR";"Manobra de mudança de faixa";"Colisão lateral mesmo sentido";"Com Vítimas Feridas";"Pleno dia";"Decrescente";"Céu Claro";"Dupla";"Reta";"Sim";6;0;3;0;3;0;3;4;-12,90482172;-38,45556535;"SPRF-BA";"DEL01-BA";"UOP01-DEL01-BA"
540386;2023-08-05;"sábado";"14:20:00";"RS";285;293;"PASSO FUNDO";"Reação tardia ou ineficiente do condutor";"Colisão transversal";"Com Vítimas Feridas";"Pleno dia";"Crescente";"Sol";"Dupla";"Rotatória";"Sim";4;0;1;0;3;0;1;2;-28,236645;-52,375156;"SPRF-RS";"DEL08-RS";"UOP03-DEL08-RS"