"id";"data_inversa";"dia_semana";"horario";"uf";"br";"km";"municipio";"causa_acidente";"tipo_acidente";"classificacao_acidente";"fase_dia";"sentido_via";"condicao_metereologica";"tipo_pista";"tracado_via";"uso_solo";"pessoas";"mortos";"feridos_leves";"feridos_graves";"ilesos";"ignorados";"feridos";"veiculos";"latitude";"longitude";"regional";"delegacia";"uop"
540387;2023-08-05;"sábado";"08:35:00";"MG";116;401;"GOVERNADOR VALADARES";"Acessar a via sem observar a presença dos outros veículos";"Colisão transversal";"Com Vítimas Feridas";"Pleno dia";"Decrescente";"Céu Claro";"Simples";"Reta";"Não";5;0;1;0;4;0;1;2;-18,78798009;-41,98938377;"SPRF-MG";"DEL06-MG";"UOP01-DEL06-MG"
540388;2023-08-05;"sábado";"13:40:00";"SC";101;130;"BALNEARIO CAMBORIU";"Transitar na contramão";"Colisão frontal";"Com Vítimas Feridas";"Pleno dia";"Decrescente";"Céu Claro";"Múltipla";"Curva";"Sim";2;0;0;1;1;0;1;2;-26,98407618;-48,66977107;"SPRF-SC";"DEL04-SC";"UOP03-DEL04-SC"
540389;2023-08-05;"sábado";"14:00:00";"CE";116;399;"ICO";"Ausência de reação do condutor";"Colisão traseira";"Com Vítimas Feridas";"Pleno dia";"Crescente";"Céu Claro";"Simples";"Aclive;Reta";"Não";2;0;1;0;1;0;1;2;-6,58664907;-38,84352925;"SPRF-CE";"DEL05-CE";"UOP01-DEL05-CE"
540392;2023-08-05;"sábado";"14:30:00";"MG";40;512;"RIBEIRAO DAS NEVES";"Ingestão de álcool pelo condutor";"Colisão com objeto";"Sem Vítimas";"Pleno dia";"Decrescente";"Céu Claro";"Dupla";"Declive;Reta";"Não";2;0;0;0;2;0;0;2;-19,78946999;-44,11290699;"SPRF-MG";"DEL01-MG";"UOP02-DEL01-MG"
540393;2023-08-05;"sábado";"14:00:00";"SC";101;20;"JOINVILLE";"Ingestão de álcool pelo condutor";"Capotamento";"Com Vítimas Feridas";"Pleno dia";"Decrescente";"Céu Claro";"Dupla";"Declive;Viaduto;Reta";"Não";2;0;1;0;0;1;1;1;-26,14159852;-48,90331149;"SPRF-SC";"DEL03-SC";"UOP01-DEL03-SC"
540394;2023-08-05;"sábado";"14:30:00";"TO";153;149;"ARAGUAINA";"Demais falhas mecânicas ou elétricas";"Queda de ocupante de veículo";"Com Vítimas Feridas";"Pleno dia";"Crescente";"Céu Claro";"Simples";"Reta";"Não";2;0;1;1;0;0;2;1;-7,239191;-48,254288;"SPRF-TO";"DEL02-TO";"UOP01-DEL02-TO"
540395;2023-08-05;"sábado";"15:00:00";"GO";153;426;"ANAPOLIS";"Demais falhas mecânicas ou elétricas";"Queda de ocupante de veículo";"Com Vítimas Feridas";"Pleno dia";"Decrescente";"Sol";"Dupla";"Declive;Reta";"Não";1;0;1;0;0;0;1;1;-16,221258;-49,013374;"SPRF-GO";"DEL02-GO";"UOP01-DEL02-GO"
540397;2023-08-05;"sábado";"15:10:00";"SC";470;43;"GASPAR";"Condutor deixou de manter distância do veículo da frente";"Colisão traseira";"Com Vítimas Feridas";"Pleno dia";"Crescente";"Sol";"Dupla";"Reta;Aclive";"Não";2;0;1;0;1;0;1;2;-26,874519;-49,013454;"SPRF-SC";"DEL04-SC";"UOP01-DEL04-SC"
540400;2023-08-01;"terça-feira";"21:48:00";"RO";364;313,9;"PRESIDENTE MEDICI";"Iluminação deficiente";"Queda de ocupante de veículo";"Com Vítimas Feridas";"Plena Noite";"Crescente";"Céu Claro";"Simples";"Reta";"Não";1;0;0;1;0;0;1;1;-11,12733004;-61,9012405;"SPRF-RO";"DEL02-RO";"UOP01-DEL02-RO"
540403;2023-08-05;"sábado";"15:50:00";"ES";101;262,5;"SERRA";"Demais falhas na via";"Queda de ocupante de veículo";"Com Vítimas Feridas";"Pleno dia";"Crescente";"Sol";"Múltipla";"Reta";"Sim";2;0;1;0;1;0;1;1;-20,1572331;-40,27678329;"SPRF-ES";"DEL02-ES";"UOP01-DEL02-ES"
540404;2023-08-05;"sábado";"10:30:00";"RO";364;104;"VILHENA";"Reação tardia ou ineficiente do condutor";"Saída de leito carroçável";"Com Vítimas Feridas";"Pleno dia";"Crescente";"Céu Claro";"Simples";"Curva";"Não";3;0;1;2;0;0;3;1;-12,50239919;-60,48854829;"SPRF-RO";"DEL04-RO";"UOP01-DEL04-RO"
540407;2023-08-05;"sábado";"15:35:00";"SP";116;227;"SAO PAULO";"Transitar na contramão";"Colisão traseira";"Sem Vítimas";"Pleno dia";"Decrescente";"Céu Claro";"Dupla";"Reta";"Sim";2;0;0;0;1;1;0;2;-23,49659264;-46,55648754;"SPRF-SP";"DEL01-SP";"UOP01-DEL01-SP"
540409;2023-08-05;"sábado";"16:05:00";"DF";70;3;"BRASILIA";"Acessar a via sem observar a presença dos outros veículos";"Colisão transversal";"Com Vítimas Feridas";"Pleno dia";"Crescente";"Céu Claro";"Dupla";"Curva";"Sim";2;0;2;0;0;0;2;2;-15,802453;-48,080387;"SPRF-DF";"DEL03-DF";"UOP02-DEL03-DF"
540410;2023-08-05;"sábado";"16:05:00";"PR";376;1;"APUCARANA";"Conversão proibida";"Colisão lateral mesmo sentido";"Com Vítimas Feridas";"Pleno dia";"Crescente";"Céu Claro";"Simples";"Reta;Aclive;Em Obras";"Sim";2;0;0;1;1;0;1;2;-23,568064;-51,432385;"SPRF-PR";"DEL07-PR";"UOP03-DEL07-PR"
540411;2023-08-05;"sábado";"16:40:00";"PB";230;4,2;"CABEDELO";"Reação tardia ou ineficiente do condutor";"Colisão transversal";"Com Vítimas Feridas";"Pleno dia";"Crescente";"Céu Claro";"Dupla";"Reta";"Não";3;0;1;0;2;0;1;2;-7,0004;-34,8284;"SPRF-PB";"DEL01-PB";"UOP01-DEL01-PB"
540412;2023-08-05;"sábado";"16:40:00";"RJ";116;183;"NOVA IGUACU";"Reação tardia ou ineficiente do condutor";"Colisão traseira";"Com Vítimas Feridas";"Pleno dia";"Crescente";"Céu Claro";"Dupla";"Reta";"Não";3;0;0;1;1;1;1;3;-22,7516014;-43,43849831;"SPRF-RJ";"DEL01-RJ";"UOP02-DEL01-RJ"
540413;2023-08-05;"sábado";"16:00:00";"MG";40;527;"CONTAGEM";"Reação tardia ou ineficiente do condutor";"Saída de leito carroçável";"Com Vítimas Fatais";"Pleno dia";"Decrescente";"Céu Claro";"Múltipla";"Reta";"Sim";3;1;0;2;0;0;2;1;-19,90149502;-44,04938939;"SPRF-MG";"DEL01-MG";"UOP02-DEL01-MG"
540414;2023-08-05;"sábado";"14:45:00";"GO";153;210;"URUACU";"Ingestão de álcool pelo condutor";"Queda de ocupante de veículo";"Com Vítimas Feridas";"Pleno dia";"Decrescente";"Céu Claro";"Simples";"Reta";"Não";1;0;0;1;0;0;1;1;-14,605865;-49,166637;"SPRF-GO";"DEL07-GO";"UOP02-DEL07-GO"
540415;2023-08-05;"sábado";"17:00:00";"MG";459;83,7;"CONGONHAL";"Pedestre cruzava a pista fora da faixa";"Atropelamento de Pedestre";"Com Vítimas Feridas";"Pleno dia";"Decrescente";"Céu Claro";"Simples";"Reta";"Sim";2;0;1;0;1;0;1;2;-22,150704;-46,044353;"SPRF-MG";"DEL09-MG";"UOP01-DEL09-MG"
540417;2023-08-05;"sábado";"16:30:00";"MG";40;773,5;"JUIZ DE FORA";"Condutor deixou de manter distância do veículo da frente";"Colisão lateral mesmo sentido";"Com Vítimas Feridas";"Pleno dia";"Crescente";"Céu Claro";"Dupla";"Reta";"Não";2;0;1;0;1;0;1;2;-21,65058852;-43,4345965;"SPRF-MG";"DEL05-MG";"UOP01-DEL05-MG"
540419;2023-08-05;"sábado";"15:30:00";"PR";153;66;"GUAPIRAMA";"Conversão proibida";"Colisão transversal";"Com Vítimas Feridas";"Pleno dia";"Crescente";"Céu Claro";"Simples";"Reta";"Não";3;0;1;1;1;0;2;2;-23,49760333;-50,10824561;"SPRF-PR";"DEL07-PR";"UOP04-DEL07-PR"
540424;2023-08-05;"sábado";"12:45:00";"AP";156;674;"CALCOENE";"Pista Escorregadia";"Saída de leito carroçável";"Sem Vítimas";"Pleno dia";"Decrescente";"Céu Claro";"Simples";"Ponte;Declive";"Não";2;0;0;0;2;0;0;1;2,72252404;-51,36828789;"SPRF-AP";"DEL01-AP";"UOP03-DEL01-AP"
540426;2023-08-05;"sábado";"16:42:00";"MA";135;39,2;"BACABEIRA";"Reação tardia ou ineficiente do condutor";"Capotamento";"Com Vítimas Feridas";"Pleno dia";"Decrescente";"Céu Claro";"Dupla";"Reta";"Não";4;0;3;0;1;0;3;1;-2,88509899;-44,3749714;"SPRF-MA";"DEL01-MA";"UOP01-DEL01-MA"
540427;2023-08-05;"sábado";"18:10:00";"BA";324;611;"SIMOES FILHO";"Demais falhas mecânicas ou elétricas";"Incêndio";"Sem Vítimas";"Anoitecer";"Decrescente";"Céu Claro";"Dupla";"Reta";"Não";1;0;0;0;1;0;0;1;-12,83798396;-38,41427011;"SPRF-BA";"DEL01-BA";"UOP01-DEL01-BA"
540429;2023-07-02;"domingo";"02:17:00";"SC";470;72;"INDAIAL";"Manobra de mudança de faixa";"Capotamento";"Com Vítimas Feridas";"Plena Noite";"Crescente";"Ignorado";"Simples";"Reta";"Não";1;0;0;1;0;0;1;1;-26,901979;-49,268745;"SPRF-SC";"DEL04-SC";"UOP01-DEL04-SC"
540430;2023-08-05;"sábado";"16:40:00";"SP";116;41,7;"CACHOEIRA PAULISTA";"Ausência de reação do condutor";"Queda de ocupante de veículo";"Com Vítimas Feridas";"Pleno dia";"Crescente";"Céu Claro";"Dupla";"Reta";"Não";1;0;1;0;0;0;1;1;-22,68631027;-45,0146498;"SPRF-SP";"DEL08-SP";"UOP02-DEL08-SP"
540431;2023-08-05;"sábado";"18:00:00";"PR";277;12;"PARANAGUA";"Ausência de reação do condutor";"Capotamento";"Com Vítimas Feridas";"Plena Noite";"Decrescente";"Céu Claro";"Dupla";"Reta";"Não";1;0;0;1;0;0;1;1;-25,568198;-48,615292;"SPRF-PR";"DEL01-PR";"UOP05-DEL01-PR"
540433;2023-08-05;"sábado";"18:00:00";"PR";272;375;"CAMPO MOURAO";"Demais falhas mecânicas ou elétricas";"Incêndio";"Sem Vítimas";"Plena Noite";"Crescente";"Céu Claro";"Simples";"Aclive";"Não";1;0;0;0;1;0;0;1;-24,06289941;-52,47365702;"SPRF-PR";"DEL09-PR";"UOP03-DEL09-PR"
540434;2023-08-05;"sábado";"18:30:00";"CE";222;138;"IRAUCUBA";"Animais na Pista";"Atropelamento de Animal";"Com Vítimas Feridas";"Anoitecer";"Decrescente";"Céu Claro";"Simples";"Reta";"Não";2;0;1;1;0;0;2;1;-3,74299653;-39,69156297;"SPRF-CE";"DEL04-CE";"UOP03-DEL04-CE"
540435;2023-08-05;"sábado";"17:40:00";"MS";158;163;"APARECIDA DO TABOADO";"Pista esburacada";"Tombamento";"Com Vítimas Feridas";"Anoitecer";"Decrescente";"Céu Claro";"Simples";"Declive";"Não";1;0;0;1;0;0;1;1;-20,19426413;-51,23597292;"SPRF-MS";"DEL08-MS";"UOP01-DEL08-MS"
540436;2023-08-05;"sábado";"18:00:00";"PA";230;106;"MARABA";"Acessar a via sem observar a presença dos outros veículos";"Colisão lateral mesmo sentido";"Com Vítimas Feridas";"Anoitecer";"Crescente";"Céu Claro";"Simples";"Reta";"Não";3;0;0;1;2;0;1;2;-5,38163789;-48,99618596;"SPRF-PA";"DEL03-PA";"UOP01-DEL03-PA"
540437;2023-08-05;"sábado";"18:54:00";"DF";80;17;"BRASILIA";"Estacionar ou parar em local proibido";"Colisão traseira";"Com Vítimas Feridas";"Plena Noite";"Crescente";"Céu Claro";"Simples";"Aclive;Reta";"Não";3;0;0;1;2;0;1;3;-15,692071;-48,205139;"SPRF-DF";"DEL03-DF";"UOP02-DEL03-DF"
540438;2023-08-05;"sábado";"18:40:00";"PR";476;157;"ARAUCARIA";"Reação tardia ou ineficiente do condutor";"Tombamento";"Com Vítimas Feridas";"Plena Noite";"Decrescente";"Céu Claro";"Simples";"Retorno Regulamentado;Interseção de Vias;Reta";"Sim";2;0;1;0;1;0;1;2;-25,60639;-49,421112;"SPRF-PR";"DEL01-PR";"UOP06-DEL01-PR"
540439;2023-08-05;"sábado";"18:00:00";"PR";277;723,7;"FOZ DO IGUACU";"Condutor deixou de manter distância do veículo da frente";"Colisão lateral mesmo sentido";"Com Vítimas Feridas";"Anoitecer";"Decrescente";"Céu Claro";"Dupla";"Reta";"Sim";2;0;1;0;1;0;1;2;-25,50008964;-54,53302329;"SPRF-PR";"DEL05-PR";"UOP03-DEL05-PR"
540440;2023-08-05;"sábado";"18:20:00";"MG";365;681;"MONTE ALEGRE DE MINAS";"Transitar na contramão";"Colisão frontal";"Com Vítimas Feridas";"Anoitecer";"Crescente";"Céu Claro";"Dupla";"Reta;Retorno Regulamentado";"Não";2;0;1;0;0;1;1;2;-18,8497713;-48,82855398;"SPRF-MG";"DEL15-MG";"UOP01-DEL15-MG"
540441;2023-08-05;"sábado";"18:15:00";"RO";364;711;"PORTO VELHO";"Retorno proibido";"Tombamento";"Com Vítimas Feridas";"Anoitecer";"Crescente";"Céu Claro";"Múltipla";"Rotatória";"Sim";2;0;1;0;0;1;1;2;-8,778264;-63,8718152;"SPRF-RO";"DEL01-RO";"UOP01-DEL01-RO"
540442;2023-08-05;"sábado";"17:20:00";"RJ";40;75;"PETROPOLIS";"Pedestre andava na pista";"Atropelamento de Pedestre";"Com Vítimas Feridas";"Pleno dia";"Decrescente";"Céu Claro";"Simples";"Interseção de Vias;Curva";"Não";3;0;1;0;2;0;1;2;-22,46857126;-43,22958698;"SPRF-RJ";"DEL06-RJ";"UOP01-DEL06-RJ"
540443;2023-08-05;"sábado";"19:10:00";"SC";470;55,3;"BLUMENAU";"Conversão proibida";"Colisão transversal";"Com Vítimas Feridas";"Plena Noite";"Decrescente";"Céu Claro";"Simples";"Reta;Interseção de Vias;Declive";"Sim";3;0;1;1;1;0;2;2;-26,87643723;-49,12329739;"SPRF-SC";"DEL04-SC";"UOP01-DEL04-SC"
540445;2023-08-05;"sábado";"18:50:00";"MS";262;247,8;"RIBAS DO RIO PARDO";"Ultrapassagem Indevida";"Colisão lateral sentido oposto";"Com Vítimas Feridas";"Plena Noite";"Decrescente";"Céu Claro";"Simples";"Reta";"Não";7;0;4;1;1;1;5;3;-20,43929134;-53,82688725;"SPRF-MS";"DEL01-MS";"UOP01-DEL01-MS"
540446;2023-01-21;"sábado";"23:45:00";"SC";470;68;"INDAIAL";"Acessar a via sem observar a presença dos outros veículos";"Colisão transversal";"Com Vítimas Feridas";"Plena Noite";"Crescente";"Chuva";"Dupla";"Desvio Temporário;Em Obras;Reta";"Sim";3;0;1;1;0;1;2;2;-26,877615;-49,239231;"SPRF-SC";"DEL04-SC";"UOP01-DEL04-SC"
540447;2023-08-05;"sábado";"19:25:00";"MG";116;407;"GOVERNADOR VALADARES";"Ingestão de álcool pelo condutor";"Colisão traseira";"Com Vítimas Feridas";"Plena Noite";"Decrescente";"Nublado";"Simples";"Curva";"Sim";3;0;0;2;1;0;2;2;-18,835552;-41,98926799;"SPRF-MG";"DEL06-MG";"UOP01-DEL06-MG"
540449;2023-08-05;"sábado";"18:30:00";"MG";40;43;"PARACATU";"Acessar a via sem observar a presença dos outros veículos";"Colisão transversal";"Com Vítimas Feridas";"Plena Noite";"Decrescente";"Céu Claro";"Simples";"Reta";"Sim";8;0;1;0;7;0;1;3;-17,22598002;-46,86163701;"SPRF-MG";"DEL14-MG";"UOP01-DEL14-MG"
540453;2023-08-05;"sábado";"18:30:00";"RJ";101;480;"ANGRA DOS REIS";"Ausência de reação do condutor";"Saída de leito carroçável";"Com Vítimas Feridas";"Anoitecer";"Decrescente";"Céu Claro";"Simples";"Curva";"Não";1;0;1;0;0;0;1;1;-23,01331268;-44,28361913;"SPRF-RJ";"DEL03-RJ";"UOP03-DEL03-RJ"
540454;2023-08-05;"sábado";"18:50:00";"RS";285;332;"CARAZINHO";"Sinalização mal posicionada";"Saída de leito carroçável";"Com Vítimas Feridas";"Anoitecer";"Decrescente";"Céu Claro";"Simples";"Em Obras";"Sim";1;0;1;0;0;0;1;1;-28,295189;-52,731426;"SPRF-RS";"DEL08-RS";"UOP03-DEL08-RS"
540455;2023-08-05;"sábado";"18:50:00";"RS";285;332,5;"CARAZINHO";"Sinalização mal posicionada";"Saída de leito carroçável";"Sem Vítimas";"Plena Noite";"Decrescente";"Céu Claro";"Simples";"Em Obras";"Não";1;0;0;0;0;1;0;1;-28,295189;-52,731426;"SPRF-RS";"DEL08-RS";"UOP03-DEL08-RS"
540456;2023-08-05;"sábado";"18:39:00";"PA";316;21;"BENEVIDES";"Acostamento em desnível";"Saída de leito carroçável";"Com Vítimas Feridas";"Plena Noite";"Decrescente";"Chuva";"Dupla";"Reta";"Sim";1;0;1;0;0;0;1;1;-1,3609713784;-48,2624152703;"SPRF-PA";"DEL01-PA";"UOP01-DEL01-PA"
540457;2023-08-05;"sábado";"18:45:00";"BA";418;89,7;"NOVA VICOSA";"Transitar na contramão";"Colisão frontal";"Com Vítimas Feridas";"Plena Noite";"Crescente";"Céu Claro";"Simples";"Reta";"Sim";2;0;1;0;1;0;1;2;-17,88302551;-39,8141098;"SPRF-BA";"DEL09-BA";"UOP02-DEL09-BA"
540458;2023-08-05;"sábado";"20:00:00";"CE";304;37,1;"ARACATI";"Manobra de mudança de faixa";"Colisão frontal";"Com Vítimas Fatais";"Plena Noite";"Decrescente";"Céu Claro";"Simples";"Reta";"Sim";3;1;1;1;0;0;2;2;-4,58052404;-37,878518;"SPRF-CE";"DEL03-CE";"UOP03-DEL03-CE"
540459;2023-08-05;"sábado";"19:35:00";"PR";163;92;"CAPANEMA";"Problema na suspensão";"Saída de leito carroçável";"Com Vítimas Feridas";"Plena Noite";"Crescente";"Céu Claro";"Simples";"Declive";"Não";1;0;1;0;0;0;1;1;-25,646987;-53,803146;"SPRF-PR";"DEL02-PR";"UOP02-DEL02-PR"
540461;2023-08-05;"sábado";"17:00:00";"MG";116;532;"CARATINGA";"Reação tardia ou ineficiente do condutor";"Colisão lateral mesmo sentido";"Com Vítimas Feridas";"Anoitecer";"Decrescente";"Céu Claro";"Simples";"Reta";"Não";2;0;2;0;0;0;2;2;-19,82774609;-42,13965431;"SPRF-MG";"DEL06-MG";"UOP02-DEL06-MG"
540462;2023-08-05;"sábado";"18:50:00";"PA";316;28;"BENEVIDES";"Ingestão de álcool pelo condutor";"Colisão traseira";"Sem Vítimas";"Plena Noite";"Crescente";"Ignorado";"Dupla";"Reta";"Não";2;0;0;0;2;0;0;2;-1,31121896;-48,22115206;"SPRF-PA";"DEL01-PA";"UOP01-DEL01-PA"
540464;2023-08-05;"sábado";"20:15:00";"ES";447;14,5;"VILA VELHA";"Reação tardia ou ineficiente do condutor";"Tombamento";"Com Vítimas Feridas";"Plena Noite";"Crescente";"Céu Claro";"Simples";"Reta";"Sim";1;0;1;0;0;0;1;1;-20,35784325;-40,3328294;"SPRF-ES";"DEL01-ES";"UOP01-DEL01-ES"
540465;2023-08-05;"sábado";"10:30:00";"RJ";116;274;"BARRA MANSA";"Curva acentuada";"Tombamento";"Com Vítimas Feridas";"Pleno dia";"Decrescente";"Céu Claro";"Dupla";"Aclive;Curva";"Não";1;0;1;0;0;0;1;1;-22,56163574;-44,14771584;"SPRF-RJ";"DEL07-RJ";"UOP02-DEL07-RJ"
540466;2023-08-05;"sábado";"20:50:00";"RN";101;101;"PARNAMIRIM";"Ingestão de álcool pelo condutor";"Colisão traseira";"Com Vítimas Feridas";"Plena Noite";"Decrescente";"Céu Claro";"Múltipla";"Reta";"Sim";3;0;1;0;2;0;1;2;-5,887105;-35,231967;"SPRF-RN";"DEL01-RN";"UOP01-DEL01-RN"
540467;2023-08-05;"sábado";"20:19:00";"PR";163;12;"BARRACAO";"Transitar na contramão";"Colisão lateral sentido oposto";"Com Vítimas Feridas";"Plena Noite";"Crescente";"Céu Claro";"Simples";"Declive";"Não";2;0;1;0;1;0;1;2;-26,25066;-53,635523;"SPRF-PR";"DEL02-PR";"UOP02-DEL02-PR"
540468;2023-08-05;"sábado";"21:09:00";"GO";153;507,1;"APARECIDA DE GOIANIA";"Ausência de reação do condutor";"Colisão com objeto";"Com Vítimas Feridas";"Plena Noite";"Crescente";"Céu Claro";"Dupla";"Aclive";"Sim";2;0;2;0;0;0;2;1;-16,7715;-49,2387;"SPRF-GO";"DEL01-GO";"UOP03-DEL01-GO"
540469;2023-08-05;"sábado";"19:20:00";"RJ";101;277;"TANGUA";"Reação tardia ou ineficiente do condutor";"Colisão com objeto";"Sem Vítimas";"Plena Noite";"Crescente";"Céu Claro";"Dupla";"Reta";"Sim";1;0;0;0;1;0;0;1;-22,73943906;-42,748279;"SPRF-RJ";"DEL02-RJ";"UOP03-DEL02-RJ"
540471;2023-08-05;"sábado";"21:00:00";"MG";381;492,6;"BETIM";"Manobra de mudança de faixa";"Colisão lateral mesmo sentido";"Com Vítimas Feridas";"Plena Noite";"Crescente";"Céu Claro";"Dupla";"Reta";"Sim";2;0;0;1;1;0;1;2;-19,96250864;-44,16536093;"SPRF-MG";"DEL01-MG";"UOP03-DEL01-MG"
540472;2023-08-05;"sábado";"20:58:00";"PI";343;4;"TERESINA";"Ausência de reação do condutor";"Colisão traseira";"Com Vítimas Feridas";"Plena Noite";"Decrescente";"Céu Claro";"Dupla";"Reta";"Sim";3;0;1;0;2;0;1;2;-5,089569;-42,802288;"SPRF-PI";"DEL01-PI";"UOP01-DEL01-PI"
540473;2023-08-05;"sábado";"13:50:00";"PR";163;9;"BARRACAO";"Ausência de reação do condutor";"Colisão transversal";"Com Vítimas Feridas";"Pleno dia";"Decrescente";"Céu Claro";"Simples";"Reta";"Não";2;0;1;0;1;0;1;2;-26,25066;-53,635523;"SPRF-PR";"DEL02-PR";"UOP02-DEL02-PR"
540475;2023-08-05;"sábado";"17:45:00";"BA";330;847;"IPIAU";"Transitar na contramão";"Colisão frontal";"Com Vítimas Feridas";"Plena Noite";"Crescente";"Céu Claro";"Simples";"Reta";"Não";1;0;0;1;0;0;1;1;-14,17306203;-39,68148402;"SPRF-BA";"DEL03-BA";"UOP01-DEL03-BA"
540477;2023-08-05;"sábado";"18:50:00";"MT";70;267;"PRIMAVERA DO LESTE";"Ingestão de álcool pelo condutor";"Saída de leito carroçável";"Com Vítimas Feridas";"Plena Noite";"Crescente";"Céu Claro";"Simples";"Curva";"Não";1;0;0;1;0;0;1;1;-15,52898998;-54,21141386;"SPRF-MT";"DEL05-MT";"UOP01-DEL05-MT"
540478;2023-08-05;"sábado";"19:40:00";"PR";153;110,9;"IBAITI";"Ingestão de álcool pelo condutor";"Saída de leito carroçável";"Com Vítimas Feridas";"Plena Noite";"Decrescente";"Céu Claro";"Simples";"Declive;Reta";"Sim";3;0;2;0;0;1;2;1;-23,85522753;-50,19309573;"SPRF-PR";"DEL07-PR";"UOP04-DEL07-PR"
540480;2023-08-05;"sábado";"18:42:00";"MT";163;825;"SINOP";"Ausência de reação do condutor";"Colisão transversal";"Com Vítimas Feridas";"Plena Noite";"Crescente";"Céu Claro";"Simples";"Reta";"Sim";2;0;1;1;0;0;2;2;-12,0765760016;-55,5175539212;"SPRF-MT";"DEL06-MT";"UOP02-DEL06-MT"
540482;2023-08-05;"sábado";"21:45:00";"SC";280;230,4;"CANOINHAS";"Reação tardia ou ineficiente do condutor";"Saída de leito carroçável";"Com Vítimas Feridas";"Plena Noite";"Crescente";"Céu Claro";"Simples";"Reta;Aclive";"Sim";2;0;1;0;1;0;1;1;-26,18756479;-50,36192211;"SPRF-SC";"DEL06-SC";"UOP04-DEL06-SC"
540484;2023-08-05;"sábado";"21:09:00";"SC";280;58,2;"GUARAMIRIM";"Reação tardia ou ineficiente do condutor";"Colisão com objeto";"Com Vítimas Fatais";"Plena Noite";"Crescente";"Céu Claro";"Dupla";"Reta";"Sim";1;1;0;0;0;0;0;1;-26,474474;-49,0263726;"SPRF-SC";"DEL03-SC";"UOP03-DEL03-SC"
540486;2023-08-05;"sábado";"22:30:00";"ES";259;101,6;"BAIXO GUANDU";"Ingestão de álcool pelo condutor";"Colisão transversal";"Com Vítimas Feridas";"Plena Noite";"Crescente";"Céu Claro";"Simples";"Reta";"Sim";2;0;1;0;0;1;1;2;-19,52209676;-41,0123384;"SPRF-ES";"DEL02-ES";"UOP01-DEL02-ES"
540489;2023-08-05;"sábado";"22:00:00";"RJ";101;412;"ITAGUAI";"Acessar a via sem observar a presença dos outros veículos";"Colisão transversal";"Com Vítimas Feridas";"Plena Noite";"Decrescente";"Céu Claro";"Dupla";"Retorno Regulamentado;Reta";"Sim";5;0;1;2;2;0;3;2;-22,89720365;-43,85639217;"SPRF-RJ";"DEL03-RJ";"UOP01-DEL03-RJ"
540490;2023-08-05;"sábado";"22:55:00";"RJ";493;19;"MAGE";"Condutor deixou de manter distância do veículo da frente";"Colisão traseira";"Com Vítimas Feridas";"Plena Noite";"Crescente";"Céu Claro";"Simples";"Reta";"Sim";2;0;0;1;1;0;1;2;-22,6663848;-43,02770248;"SPRF-RJ";"DEL04-RJ";"UOP02-DEL04-RJ"
540492;2023-08-05;"sábado";"23:25:00";"SC";282;68,4;"RANCHO QUEIMADO";"Velocidade Incompatível";"Saída de leito carroçável";"Com Vítimas Feridas";"Plena Noite";"Decrescente";"Céu Claro";"Simples";"Curva";"Não";2;0;1;1;0;0;2;1;-27,692406;-49,075939;"SPRF-SC";"DEL01-SC";"UOP03-DEL01-SC"
540493;2023-08-05;"sábado";"23:00:00";"SC";101;375,8;"ICARA";"Reação tardia ou ineficiente do condutor";"Saída de leito carroçável";"Com Vítimas Feridas";"Plena Noite";"Crescente";"Céu Claro";"Dupla";"Reta";"Não";3;0;2;0;1;0;2;1;-28,72014713;-49,23508784;"SPRF-SC";"DEL02-SC";"UOP01-DEL02-SC"
540494;2023-08-05;"sábado";"23:30:00";"PR";376;488;"PONTA GROSSA";"Reação tardia ou ineficiente do condutor";"Saída de leito carroçável";"Sem Vítimas";"Plena Noite";"Decrescente";"Céu Claro";"Dupla";"Curva;Viaduto;Declive";"Sim";1;0;0;0;0;1;0;1;-25,13510082;-50,16497282;"SPRF-PR";"DEL03-PR";"UOP04-DEL03-PR"
540496;2023-08-06;"domingo";"00:05:00";"PI";343;2,2;"TERESINA";"Ingestão de álcool pelo condutor";"Colisão traseira";"Com Vítimas Feridas";"Plena Noite";"Decrescente";"Céu Claro";"Dupla";"Reta";"Sim";3;0;1;0;2;0;1;2;-5,089569;-42,802288;"SPRF-PI";"DEL01-PI";"UOP01-DEL01-PI"
540497;2023-08-05;"sábado";"23:34:00";"RS";0;0;"CANOAS";"Frear bruscamente";"Colisão traseira";"Sem Vítimas";"Plena Noite";"Não Informado";"Nublado";"Simples";"Curva";"Sim";5;0;0;0;2;3;0;4;-29,89784609;-51,23004978;"SPRF-RS";"DEL01-RS";"UOP01-DEL01-RS"
540498;2023-08-06;"domingo";"00:00:00";"SC";101;103;"BALNEARIO PICARRAS";"Condutor deixou de manter distância do veículo da frente";"Capotamento";"Com Vítimas Feridas";"Plena Noite";"Crescente";"Nublado";"Dupla";"Curva";"Não";3;0;2;0;1;0;2;1;-26,7832381;-48,68314632;"SPRF-SC";"DEL03-SC";"UOP02-DEL03-SC"
540499;2023-08-05;"sábado";"22:05:00";"CE";402;214,6;"ITAREMA";"Transitar na contramão";"Colisão lateral sentido oposto";"Com Vítimas Feridas";"Plena Noite";"Crescente";"Céu Claro";"Simples";"Reta";"Não";5;0;2;0;3;0;2;2;-3,26852985;-39,91992594;"SPRF-CE";"DEL01-CE";"UOP03-DEL01-CE"