"id";"data_inversa";"dia_semana";"horario";"uf";"br";"km";"municipio";"causa_acidente";"tipo_acidente";"classificacao_acidente";"fase_dia";"sentido_via";"condicao_metereologica";"tipo_pista";"tracado_via";"uso_solo";"pessoas";"mortos";"feridos_leves";"feridos_graves";"ilesos";"ignorados";"feridos";"veiculos";"latitude";"longitude";"regional";"delegacia";"uop"
540501;2023-08-05;"sábado";"23:50:00";"PR";153;330;"IRATI";"Curva acentuada";"Saída de leito carroçável";"Com Vítimas Feridas";"Plena Noite";"Decrescente";"Céu Claro";"Dupla";"Curva";"Sim";4;0;2;2;0;0;4;1;-25,46282105;-50,62272197;"SPRF-PR";"DEL08-PR";"UOP02-DEL08-PR"
540502;2023-08-06;"domingo";"00:30:00";"PR";116;9,7;"COLOMBO";"Pedestre cruzava a pista fora da faixa";"Atropelamento de Pedestre";"Com Vítimas Fatais";"Plena Noite";"Crescente";"Nevoeiro/Neblina";"Dupla";"Reta";"Sim";4;1;0;0;2;1;0;2;-25,371472;-49,131302;"SPRF-PR";"DEL01-PR";"UOP02-DEL01-PR"
540503;2023-08-05;"sábado";"23:20:00";"MG";365;524;"MONTE CARMELO";"Ausência de reação do condutor";"Saída de leito carroçável";"Com Vítimas Feridas";"Plena Noite";"Crescente";"Céu Claro";"Simples";"Retorno Regulamentado;Rotatória";"Não";2;0;1;1;0;0;2;1;-18,91416564;-47,41765094;"SPRF-MG";"DEL10-MG";"UOP01-DEL10-MG"
540504;2023-08-05;"sábado";"21:00:00";"AC";364;18;"ACRELANDIA";"Conversão proibida";"Colisão lateral sentido oposto";"Com Vítimas Feridas";"Plena Noite";"Crescente";"Céu Claro";"Simples";"Declive;Reta";"Não";3;0;1;0;2;0;1;3;-9,893886;-66,939327;"SPRF-AC";"DEL01-AC";"UOP03-DEL01-AC"
540505;2023-08-06;"domingo";"02:30:00";"PR";277;114,2;"CAMPO LARGO";"Ingestão de álcool pelo condutor";"Colisão traseira";"Com Vítimas Feridas";"Plena Noite";"Crescente";"Céu Claro";"Simples";"Reta";"Sim";4;0;2;0;2;0;2;2;-25,42766575;-49,38724005;"SPRF-PR";"DEL03-PR";"UOP03-DEL03-PR"
540506;2023-08-06;"domingo";"02:40:00";"RS";116;234;"NOVO HAMBURGO";"Reação tardia ou ineficiente do condutor";"Saída de leito carroçável";"Sem Vítimas";"Plena Noite";"Decrescente";"Céu Claro";"Dupla";"Curva";"Sim";1;0;0;0;0;1;0;1;-29,65821713;-51,14388253;"SPRF-RS";"DEL01-RS";"UOP02-DEL01-RS"
540508;2023-08-06;"domingo";"03:20:00";"MG";381;942;"EXTREMA";"Ausência de reação do condutor";"Colisão com objeto";"Com Vítimas Feridas";"Plena Noite";"Crescente";"Céu Claro";"Dupla";"Reta";"Sim";1;0;0;1;0;0;1;1;-22,86605937;-46,34940386;"SPRF-MG";"DEL16-MG";"UOP03-DEL16-MG"
540509;2023-08-06;"domingo";"03:30:00";"BA";324;561;"SAO SEBASTIAO DO PASSE";"Condutor Dormindo";"Colisão traseira";"Sem Vítimas";"Plena Noite";"Decrescente";"Céu Claro";"Dupla";"Reta";"Não";2;0;0;0;1;1;0;2;-12,49783433;-38,64646092;"SPRF-BA";"DEL01-BA";"UOP01-DEL01-BA"
540510;2023-08-06;"domingo";"02:50:00";"PR";467;107,7;"CASCAVEL";"Ingestão de álcool pelo condutor";"Saída de leito carroçável";"Com Vítimas Feridas";"Plena Noite";"Crescente";"Céu Claro";"Dupla";"Reta";"Não";2;0;1;0;1;0;1;1;-24,9209;-53,4764;"SPRF-PR";"DEL04-PR";"UOP01-DEL04-PR"
540511;2023-08-06;"domingo";"02:20:00";"RS";290;100;"PORTO ALEGRE";"Entrada inopinada do pedestre";"Atropelamento de Pedestre";"Com Vítimas Fatais";"Plena Noite";"Crescente";"Nevoeiro/Neblina";"Dupla";"Reta";"Não";2;1;0;0;1;0;0;2;-29,98559998;-51,24490142;"SPRF-RS";"DEL01-RS";"UOP01-DEL01-RS"
540512;2023-08-06;"domingo";"03:30:00";"ES";101;277;"SERRA";"Ingestão de álcool pelo condutor";"Colisão com objeto";"Com Vítimas Feridas";"Plena Noite";"Decrescente";"Céu Claro";"Dupla";"Reta";"Sim";1;0;1;0;0;0;1;1;-20,21307738;-40,32125972;"SPRF-ES";"DEL02-ES";"UOP01-DEL02-ES"
540513;2023-08-06;"domingo";"03:00:00";"PR";153;19;"JACAREZINHO";"Ingestão de álcool pelo condutor";"Queda de ocupante de veículo";"Com Vítimas Feridas";"Plena Noite";"Crescente";"Céu Claro";"Simples";"Reta";"Não";2;0;1;1;0;0;2;1;-23,15450365;-49,95715678;"SPRF-PR";"DEL07-PR";"UOP04-DEL07-PR"
540514;2023-08-06;"domingo";"03:30:00";"SP";116;217;"GUARULHOS";"Ausência de reação do condutor";"Colisão com objeto";"Com Vítimas Fatais";"Plena Noite";"Crescente";"Nublado";"Múltipla";"Reta";"Sim";2;1;0;1;0;0;1;1;-23,45423824;-46,47119028;"SPRF-SP";"DEL01-SP";"UOP01-DEL01-SP"
540515;2023-08-06;"domingo";"00:03:00";"RO";364;708;"PORTO VELHO";"Ausência de reação do condutor";"Queda de ocupante de veículo";"Com Vítimas Feridas";"Plena Noite";"Crescente";"Céu Claro";"Dupla";"Reta";"Sim";1;0;0;1;0;0;1;1;-8,793801;-63,8436467;"SPRF-RO";"DEL01-RO";"UOP01-DEL01-RO"
540516;2023-08-06;"domingo";"02:40:00";"RO";319;63;"PORTO VELHO";"Condutor desrespeitou a iluminação vermelha do semáforo";"Colisão transversal";"Com Vítimas Feridas";"Plena Noite";"Decrescente";"Céu Claro";"Dupla";"Interseção de Vias;Reta";"Sim";4;0;1;2;1;0;3;2;-8,766685;-63,884052;"SPRF-RO";"DEL01-RO";"UOP01-DEL01-RO"
540519;2023-08-06;"domingo";"04:35:00";"SC";101;113,7;"ITAJAI";"Velocidade Incompatível";"Saída de leito carroçável";"Com Vítimas Fatais";"Plena Noite";"Crescente";"Nublado";"Múltipla";"Reta";"Sim";1;1;0;0;0;0;0;1;-26,8607778;-48,7282423;"SPRF-SC";"DEL04-SC";"UOP04-DEL04-SC"
540520;2023-08-05;"sábado";"22:00:00";"MT";70;557,2;"NOSSA SENHORA DO LIVRAMENTO";"Velocidade Incompatível";"Capotamento";"Com Vítimas Feridas";"Plena Noite";"Decrescente";"Céu Claro";"Simples";"Em Obras;Reta";"Não";1;0;1;0;0;0;1;1;-15,68993081;-56,37014512;"SPRF-MT";"DEL03-MT";"UOP02-DEL03-MT"
540522;2023-08-06;"domingo";"02:43:00";"MT";364;290;"JACIARA";"Ingestão de álcool pelo condutor";"Saída de leito carroçável";"Sem Vítimas";"Plena Noite";"Crescente";"Céu Claro";"Dupla";"Reta";"Não";1;0;0;0;1;0;0;1;-15,90475053;-55,09158825;"SPRF-MT";"DEL05-MT";"UOP02-DEL05-MT"
540523;2023-08-06;"domingo";"04:15:00";"RS";285;228,1;"CASEIROS";"Reação tardia ou ineficiente do condutor";"Colisão frontal";"Com Vítimas Feridas";"Plena Noite";"Decrescente";"Céu Claro";"Simples";"Reta";"Não";8;0;4;3;1;0;7;2;-28,248196;-51,772388;"SPRF-RS";"DEL08-RS";"UOP05-DEL08-RS"
540525;2023-08-06;"domingo";"04:30:00";"BA";242;840;"BARREIRAS";"Manobra de mudança de faixa";"Colisão frontal";"Com Vítimas Fatais";"Plena Noite";"Crescente";"Céu Claro";"Simples";"Reta";"Não";6;1;1;4;0;0;5;2;-12,11858671;-45,19720999;"SPRF-BA";"DEL10-BA";"UOP01-DEL10-BA"
540526;2023-08-06;"domingo";"04:30:00";"SC";101;332;"TUBARAO";"Ingestão de álcool pelo condutor";"Colisão com objeto";"Sem Vítimas";"Plena Noite";"Decrescente";"Céu Claro";"Simples";"Interseção de Vias;Reta";"Sim";1;0;0;0;1;0;0;1;-28,46016431;-48,98968873;"SPRF-SC";"DEL02-SC";"UOP01-DEL02-SC"
540527;2023-08-06;"domingo";"04:00:00";"MG";262;449,6;"NOVA SERRANA";"Velocidade Incompatível";"Saída de leito carroçável";"Sem Vítimas";"Plena Noite";"Decrescente";"Céu Claro";"Simples";"Interseção de Vias";"Não";5;0;0;0;5;0;0;1;-19,8711072;-44,97973504;"SPRF-MG";"DEL08-MG";"UOP03-DEL08-MG"
540528;2023-08-06;"domingo";"03:40:00";"RJ";493;68;"NOVA IGUACU";"Animais na Pista";"Saída de leito carroçável";"Com Vítimas Feridas";"Amanhecer";"Decrescente";"Nevoeiro/Neblina";"Dupla";"Reta";"Não";3;0;0;3;0;0;3;1;-22,68231;-43,46647;"SPRF-RJ";"DEL01-RJ";"UOP03-DEL01-RJ"
540529;2023-08-06;"domingo";"04:00:00";"SC";116;30;"ITAIOPOLIS";"Ingestão de álcool pelo condutor";"Saída de leito carroçável";"Com Vítimas Feridas";"Plena Noite";"Decrescente";"Nublado";"Simples";"Declive;Reta";"Não";2;0;2;0;0;0;2;1;-26,31187517;-49,96286886;"SPRF-SC";"DEL06-SC";"UOP01-DEL06-SC"
540530;2023-08-06;"domingo";"02:20:00";"MT";163;845;"SINOP";"Reação tardia ou ineficiente do condutor";"Saída de leito carroçável";"Sem Vítimas";"Plena Noite";"Crescente";"Céu Claro";"Simples";"Reta";"Sim";1;0;0;0;0;1;0;1;-11,76905773;-55,47134399;"SPRF-MT";"DEL06-MT";"UOP02-DEL06-MT"
540531;2023-08-06;"domingo";"05:45:00";"MG";365;652;"UBERLANDIA";"Condutor Dormindo";"Saída de leito carroçável";"Com Vítimas Feridas";"Amanhecer";"Decrescente";"Céu Claro";"Dupla";"Reta";"Não";1;0;1;0;0;0;1;1;-18,86577425;-48,57750103;"SPRF-MG";"DEL15-MG";"UOP01-DEL15-MG"
540532;2023-08-06;"domingo";"05:50:00";"SP";116;99;"PINDAMONHANGABA";"Ausência de reação do condutor";"Atropelamento de Pedestre";"Com Vítimas Feridas";"Plena Noite";"Crescente";"Céu Claro";"Dupla";"Curva";"Não";1;0;1;0;0;0;1;1;-22,98236971;-45,46436617;"SPRF-SP";"DEL08-SP";"UOP01-DEL08-SP"
540533;2023-08-06;"domingo";"04:30:00";"RS";116;650;"JAGUARAO";"Ausência de reação do condutor";"Saída de leito carroçável";"Com Vítimas Feridas";"Pleno dia";"Decrescente";"Céu Claro";"Simples";"Reta";"Não";1;0;1;0;0;0;1;1;-32,52194116;-53,34417986;"SPRF-RS";"DEL07-RS";"UOP03-DEL07-RS"
540534;2023-08-06;"domingo";"04:35:00";"TO";153;131;"ARAGUAINA";"Condutor Dormindo";"Queda de ocupante de veículo";"Com Vítimas Feridas";"Pleno dia";"Decrescente";"Céu Claro";"Simples";"Reta";"Não";1;0;1;0;0;0;1;1;-7,10025201;-48,17644299;"SPRF-TO";"DEL02-TO";"UOP01-DEL02-TO"
540536;2023-08-06;"domingo";"00:05:00";"RJ";40;102;"DUQUE DE CAXIAS";"Ausência de reação do condutor";"Saída de leito carroçável";"Sem Vítimas";"Plena Noite";"Crescente";"Céu Claro";"Simples";"Reta";"Não";1;0;0;0;0;1;0;1;-22,61089297;-43,28656077;"SPRF-RJ";"DEL01-RJ";"UOP01-DEL01-RJ"
540537;2023-08-06;"domingo";"04:19:00";"SC";282;207;"LAGES";"Reação tardia ou ineficiente do condutor";"Saída de leito carroçável";"Sem Vítimas";"Plena Noite";"Decrescente";"Nevoeiro/Neblina";"Simples";"Declive;Reta";"Sim";2;0;0;0;0;2;0;1;-27,773464;-50,202095;"SPRF-SC";"DEL05-SC";"UOP01-DEL05-SC"
540538;2023-08-05;"sábado";"20:15:00";"MA";230;469;"RIACHAO";"Manobra de mudança de faixa";"Colisão frontal";"Com Vítimas Fatais";"Plena Noite";"Decrescente";"Céu Claro";"Simples";"Reta";"Não";2;1;0;0;1;0;0;2;-7,356557;-46,594363;"SPRF-MA";"DEL05-MA";"UOP01-DEL05-MA"
540541;2023-08-06;"domingo";"06:00:00";"PR";116;126;"FAZENDA RIO GRANDE";"Condutor Dormindo";"Colisão traseira";"Com Vítimas Feridas";"Amanhecer";"Crescente";"Nevoeiro/Neblina";"Dupla";"Reta";"Sim";4;0;1;0;3;0;1;2;-25,60389895;-49,31824423;"SPRF-PR";"DEL01-PR";"UOP03-DEL01-PR"
540542;2023-08-06;"domingo";"04:00:00";"MA";316;550,3;"CAXIAS";"Ingestão de álcool pelo condutor";"Colisão traseira";"Com Vítimas Feridas";"Plena Noite";"Decrescente";"Céu Claro";"Simples";"Reta;Ponte";"Sim";3;0;1;0;2;0;1;3;-4,886773;-43,362507;"SPRF-MA";"DEL03-MA";"UOP02-DEL03-MA"
540543;2023-08-06;"domingo";"05:54:00";"ES";101;262;"SERRA";"Ingestão de álcool pelo condutor";"Engavetamento";"Sem Vítimas";"Amanhecer";"Crescente";"Céu Claro";"Dupla";"Interseção de Vias";"Sim";3;0;0;0;3;0;0;3;-20,1572331;-40,27678329;"SPRF-ES";"DEL02-ES";"UOP01-DEL02-ES"
540545;2023-08-06;"domingo";"05:50:00";"SC";101;139,9;"BALNEARIO CAMBORIU";"Ausência de reação do condutor";"Atropelamento de Pedestre";"Com Vítimas Fatais";"Plena Noite";"Decrescente";"Nublado";"Simples";"Reta";"Não";4;1;0;1;0;2;1;3;-27,03863921;-48,60287189;"SPRF-SC";"DEL04-SC";"UOP03-DEL04-SC"
540547;2023-08-06;"domingo";"06:00:00";"MG";40;593,5;"ITABIRITO";"Reação tardia ou ineficiente do condutor";"Queda de ocupante de veículo";"Com Vítimas Feridas";"Amanhecer";"Crescente";"Nublado";"Dupla";"Reta";"Não";1;0;1;0;0;0;1;1;-20,39458;-43,905525;"SPRF-MG";"DEL05-MG";"UOP02-DEL05-MG"
540548;2023-08-06;"domingo";"02:30:00";"MG";262;580;"CAMPOS ALTOS";"Reação tardia ou ineficiente do condutor";"Colisão com objeto";"Com Vítimas Feridas";"Plena Noite";"Crescente";"Céu Claro";"Dupla";"Interseção de Vias;Rotatória";"Não";1;0;1;0;0;0;1;1;-19,6646721;-46,06563103;"SPRF-MG";"DEL08-MG";"UOP02-DEL08-MG"
540549;2023-08-06;"domingo";"05:30:00";"MG";365;583;"INDIANOPOLIS";"Demais falhas na via";"Queda de ocupante de veículo";"Com Vítimas Feridas";"Amanhecer";"Decrescente";"Céu Claro";"Simples";"Declive;Reta";"Não";3;0;1;0;0;2;1;2;-18,86861187;-47,98372099;"SPRF-MG";"DEL15-MG";"UOP02-DEL15-MG"
540551;2023-08-06;"domingo";"06:41:00";"MG";381;679,3;"PERDOES";"Condutor Dormindo";"Saída de leito carroçável";"Com Vítimas Feridas";"Pleno dia";"Crescente";"Céu Claro";"Dupla";"Reta";"Não";4;0;2;0;2;0;2;1;-21,14734508;-45,10983682;"SPRF-MG";"DEL04-MG";"UOP02-DEL04-MG"
540552;2023-08-06;"domingo";"05:30:00";"RN";405;69,5;"APODI";"Demais falhas mecânicas ou elétricas";"Saída de leito carroçável";"Com Vítimas Feridas";"Pleno dia";"Crescente";"Céu Claro";"Simples";"Reta";"Não";3;0;3;0;0;0;3;1;-5,59918091;-37,77514512;"SPRF-RN";"DEL04-RN";"UOP02-DEL04-RN"
540553;2023-08-06;"domingo";"04:30:00";"RN";405;86;"APODI";"Ingestão de álcool pelo condutor";"Colisão lateral mesmo sentido";"Com Vítimas Fatais";"Amanhecer";"Crescente";"Céu Claro";"Simples";"Aclive;Reta";"Não";2;1;0;0;0;1;0;2;-5,62112166;-37,79091547;"SPRF-RN";"DEL04-RN";"UOP02-DEL04-RN"
540554;2023-08-06;"domingo";"07:10:00";"DF";60;21,1;"BRASILIA";"Condutor deixou de manter distância do veículo da frente";"Colisão traseira";"Com Vítimas Fatais";"Pleno dia";"Crescente";"Céu Claro";"Dupla";"Reta";"Não";3;1;0;2;0;0;2;2;-15,979909;-48,206978;"SPRF-DF";"DEL03-DF";"UOP01-DEL03-DF"
540556;2023-08-06;"domingo";"07:55:00";"SC";101;264;"GAROPABA";"Condutor deixou de manter distância do veículo da frente";"Colisão traseira";"Com Vítimas Feridas";"Pleno dia";"Crescente";"Céu Claro";"Dupla";"Reta";"Não";3;0;2;0;1;0;2;2;-28,05149404;-48,71632789;"SPRF-SC";"DEL02-SC";"UOP03-DEL02-SC"
540557;2023-07-29;"sábado";"17:40:00";"PR";467;78,2;"TOLEDO";"Ingestão de álcool pelo condutor";"Saída de leito carroçável";"Sem Vítimas";"Pleno dia";"Decrescente";"Céu Claro";"Dupla";"Curva";"Não";1;0;0;0;1;0;0;1;-24,7717;-53,6844;"SPRF-PR";"DEL04-PR";"UOP01-DEL04-PR"
540558;2023-08-06;"domingo";"06:00:00";"PR";376;222,5;"CAMBIRA";"Ausência de reação do condutor";"Saída de leito carroçável";"Sem Vítimas";"Amanhecer";"Crescente";"Céu Claro";"Dupla";"Curva";"Não";1;0;0;0;0;1;0;1;-23,59676737;-51,58132214;"SPRF-PR";"DEL07-PR";"UOP03-DEL07-PR"
540559;2023-08-06;"domingo";"07:30:00";"RJ";101;407;"ITAGUAI";"Ausência de reação do condutor";"Colisão traseira";"Com Vítimas Feridas";"Pleno dia";"Decrescente";"Céu Claro";"Dupla";"Reta";"Não";1;0;1;0;0;0;1;1;-22,87672058;-43,81631971;"SPRF-RJ";"DEL03-RJ";"UOP01-DEL03-RJ"
540560;2023-08-06;"domingo";"06:00:00";"SC";163;105,9;"SAO JOSE DO CEDRO";"Reação tardia ou ineficiente do condutor";"Colisão frontal";"Com Vítimas Feridas";"Amanhecer";"Crescente";"Céu Claro";"Simples";"Curva";"Não";3;0;1;1;1;0;2;2;-26,4397975;-53,51534843;"SPRF-SC";"DEL07-SC";"UOP03-DEL07-SC"
540561;2023-08-05;"sábado";"23:30:00";"RN";110;42;"MOSSORO";"Ausência de reação do condutor";"Saída de leito carroçável";"Com Vítimas Feridas";"Plena Noite";"Crescente";"Céu Claro";"Simples";"Reta";"Não";1;0;1;0;0;0;1;1;-5,17931909;-37,28785097;"SPRF-RN";"DEL04-RN";"UOP01-DEL04-RN"
540562;2023-08-06;"domingo";"06:30:00";"RJ";465;12;"SEROPEDICA";"Reação tardia ou ineficiente do condutor";"Colisão frontal";"Com Vítimas Feridas";"Amanhecer";"Crescente";"Céu Claro";"Simples";"Reta";"Sim";3;0;1;2;0;0;3;2;-22,791252;-43,651257;"SPRF-RJ";"DEL01-RJ";"UOP03-DEL01-RJ"
540563;2023-08-06;"domingo";"07:00:00";"SC";280;284;"IRINEOPOLIS";"Ausência de reação do condutor";"Saída de leito carroçável";"Sem Vítimas";"Pleno dia";"Decrescente";"Nevoeiro/Neblina";"Simples";"Declive";"Não";2;0;0;0;2;0;0;1;-26,29310313;-50,86810503;"SPRF-SC";"DEL06-SC";"UOP04-DEL06-SC"
540564;2023-08-06;"domingo";"09:20:00";"GO";153;500;"GOIANIA";"Acessar a via sem observar a presença dos outros veículos";"Colisão lateral mesmo sentido";"Sem Vítimas";"Pleno dia";"Decrescente";"Céu Claro";"Dupla";"Reta";"Sim";2;0;0;0;2;0;0;2;-16,7118;-49,2324;"SPRF-GO";"DEL01-GO";"UOP01-DEL01-GO"
540565;2023-08-06;"domingo";"08:30:00";"DF";60;7,8;"BRASILIA";"Mal súbito do condutor";"Saída de leito carroçável";"Com Vítimas Feridas";"Pleno dia";"Crescente";"Céu Claro";"Dupla";"Declive;Reta";"Não";1;0;0;1;0;0;1;1;-15,901237;-48,122334;"SPRF-DF";"DEL03-DF";"UOP01-DEL03-DF"
540566;2023-08-06;"domingo";"09:35:00";"RJ";116;176;"SAO JOAO DE MERITI";"Ausência de reação do condutor";"Colisão lateral mesmo sentido";"Com Vítimas Feridas";"Pleno dia";"Decrescente";"Céu Claro";"Dupla";"Reta";"Sim";1;0;1;0;0;0;1;1;-22,7839538;-43,38195488;"SPRF-RJ";"DEL01-RJ";"UOP02-DEL01-RJ"
540567;2023-06-07;"quarta-feira";"01:15:00";"MT";70;3;"BARRA DO GARCAS";"Manobra de mudança de faixa";"Colisão lateral mesmo sentido";"Com Vítimas Feridas";"Plena Noite";"Decrescente";"Céu Claro";"Simples";"Reta";"Sim";3;0;2;0;0;1;2;2;-15,88252843;-52,27574027;"SPRF-MT";"DEL07-MT";"UOP01-DEL07-MT"
540568;2023-08-06;"domingo";"10:00:00";"BA";116;421;"FEIRA DE SANTANA";"Acessar a via sem observar a presença dos outros veículos";"Colisão lateral mesmo sentido";"Com Vítimas Feridas";"Pleno dia";"Crescente";"Nublado";"Dupla";"Rotatória";"Sim";2;0;1;0;0;1;1;2;-12,2307434;-38,96378702;"SPRF-BA";"DEL02-BA";"UOP01-DEL02-BA"
540569;2023-08-06;"domingo";"09:50:00";"MG";40;632,5;"CONSELHEIRO LAFAIETE";"Conversão proibida";"Colisão transversal";"Com Vítimas Feridas";"Pleno dia";"Crescente";"Sol";"Simples";"Curva";"Não";4;0;1;1;1;1;2;3;-20,682307;-43,794158;"SPRF-MG";"DEL05-MG";"UOP02-DEL05-MG"
540570;2023-08-06;"domingo";"09:30:00";"PR";163;64;"PEROLA DOESTE";"Ultrapassagem Indevida";"Saída de leito carroçável";"Com Vítimas Feridas";"Pleno dia";"Decrescente";"Céu Claro";"Simples";"Declive;Reta";"Não";2;0;1;0;0;1;1;2;-25,84293388;-53,75150368;"SPRF-PR";"DEL02-PR";"UOP02-DEL02-PR"
540571;2023-08-06;"domingo";"09:11:00";"SP";116;126;"CACAPAVA";"Ausência de reação do condutor";"Colisão com objeto";"Com Vítimas Feridas";"Pleno dia";"Crescente";"Céu Claro";"Dupla";"Reta";"Sim";1;0;1;0;0;0;1;1;-23,10433057;-45,69425762;"SPRF-SP";"DEL02-SP";"UOP02-DEL02-SP"
540573;2023-08-06;"domingo";"09:50:00";"RJ";116;321;"ITATIAIA";"Velocidade Incompatível";"Colisão com objeto";"Com Vítimas Feridas";"Pleno dia";"Decrescente";"Céu Claro";"Dupla";"Declive;Reta";"Não";3;0;2;0;1;0;2;2;-22,48093378;-44,53547807;"SPRF-RJ";"DEL07-RJ";"UOP02-DEL07-RJ"
540574;2023-08-06;"domingo";"02:20:00";"MS";60;139,9;"CAMAPUA";"Animais na Pista";"Atropelamento de Animal";"Sem Vítimas";"Plena Noite";"Decrescente";"Céu Claro";"Simples";"Ponte;Declive;Reta";"Não";2;0;0;0;2;0;0;1;-19,36997028;-53,56788476;"SPRF-MS";"DEL06-MS";"UOP02-DEL06-MS"
540575;2023-08-06;"domingo";"11:05:00";"MG";262;362,6;"JUATUBA";"Ausência de reação do condutor";"Tombamento";"Com Vítimas Feridas";"Pleno dia";"Decrescente";"Céu Claro";"Dupla";"Curva";"Sim";2;0;1;0;0;1;1;1;-19,970635;-44,293591;"SPRF-MG";"DEL01-MG";"UOP03-DEL01-MG"
540576;2023-08-06;"domingo";"10:00:00";"BA";116;672;"JEQUIE";"Condutor deixou de manter distância do veículo da frente";"Colisão traseira";"Com Vítimas Feridas";"Pleno dia";"Crescente";"Céu Claro";"Simples";"Reta";"Sim";2;0;1;0;0;1;1;2;-13,79970305;-40,11130458;"SPRF-BA";"DEL03-BA";"UOP01-DEL03-BA"
540577;2023-08-06;"domingo";"09:30:00";"RJ";356;107;"CARDOSO MOREIRA";"Demais falhas na via";"Queda de ocupante de veículo";"Com Vítimas Feridas";"Pleno dia";"Crescente";"Céu Claro";"Dupla";"Declive;Reta";"Não";1;0;0;1;0;0;1;1;-21,54984997;-41,46726055;"SPRF-RJ";"DEL08-RJ";"UOP03-DEL08-RJ"
540578;2023-08-06;"domingo";"11:40:00";"SC";470;70;"INDAIAL";"Acessar a via sem observar a presença dos outros veículos";"Colisão transversal";"Com Vítimas Feridas";"Pleno dia";"Crescente";"Sol";"Simples";"Reta;Em Obras";"Não";6;0;5;0;1;0;5;2;-26,895243;-49,262104;"SPRF-SC";"DEL04-SC";"UOP01-DEL04-SC"
540579;2023-08-06;"domingo";"11:33:00";"SP";116;286,5;"ITAPECERICA DA SERRA";"Condutor deixou de manter distância do veículo da frente";"Colisão traseira";"Com Vítimas Feridas";"Pleno dia";"Decrescente";"Céu Claro";"Dupla";"Declive";"Sim";4;0;2;0;2;0;2;2;-23,70925128;-46,87588966;"SPRF-SP";"DEL04-SP";"UOP01-DEL04-SP"
540580;2023-08-06;"domingo";"10:45:00";"RR";174;510,5;"BOA VISTA";"Acessar a via sem observar a presença dos outros veículos";"Atropelamento de Pedestre";"Com Vítimas Feridas";"Pleno dia";"Decrescente";"Céu Claro";"Simples";"Reta";"Sim";2;0;1;1;0;0;2;2;2,850846;-60,703896;"SPRF-RR";"DEL01-RR";"UOP01-DEL01-RR"
540581;2023-08-06;"domingo";"12:00:00";"RJ";101;71;"CAMPOS DOS GOYTACAZES";"Avarias e/ou desgaste excessivo no pneu";"Queda de ocupante de veículo";"Com Vítimas Feridas";"Pleno dia";"Decrescente";"Céu Claro";"Simples";"Reta";"Não";2;0;2;0;0;0;2;1;-21,789833;-41,386483;"SPRF-RJ";"DEL08-RJ";"UOP02-DEL08-RJ"
540583;2023-08-06;"domingo";"11:15:00";"SP";153;181,6;"LINS";"Reação tardia ou ineficiente do condutor";"Tombamento";"Com Vítimas Feridas";"Pleno dia";"Decrescente";"Céu Claro";"Simples";"Aclive";"Não";1;0;1;0;0;0;1;1;-21,69169015;-49,79282465;"SPRF-SP";"DEL07-SP";"UOP01-DEL07-SP"
540584;2023-08-06;"domingo";"11:10:00";"RJ";101;63;"CAMPOS DOS GOYTACAZES";"Acesso irregular";"Colisão com objeto";"Com Vítimas Feridas";"Pleno dia";"Decrescente";"Sol";"Dupla";"Reta";"Sim";2;0;1;1;0;0;2;1;-21,74378005;-41,33846283;"SPRF-RJ";"DEL08-RJ";"UOP01-DEL08-RJ"
540585;2023-08-06;"domingo";"11:30:00";"SP";116;50,8;"LORENA";"Reação tardia ou ineficiente do condutor";"Colisão traseira";"Com Vítimas Feridas";"Pleno dia";"Crescente";"Sol";"Dupla";"Reta";"Não";3;0;1;0;2;0;1;2;-22,73603721;-45,08433485;"SPRF-SP";"DEL08-SP";"UOP02-DEL08-SP"
540586;2023-08-06;"domingo";"11:08:00";"MS";419;233;"AQUIDAUANA";"Reação tardia ou ineficiente do condutor";"Saída de leito carroçável";"Com Vítimas Feridas";"Pleno dia";"Crescente";"Céu Claro";"Simples";"Reta";"Não";1;0;0;1;0;0;1;1;-20,41823217;-55,7716763;"SPRF-MS";"DEL03-MS";"UOP01-DEL03-MS"
540587;2023-08-06;"domingo";"12:35:00";"RJ";116;191;"NOVA IGUACU";"Demais falhas mecânicas ou elétricas";"Saída de leito carroçável";"Com Vítimas Feridas";"Pleno dia";"Decrescente";"Céu Claro";"Simples";"Reta";"Não";1;0;1;0;0;0;1;1;-22,74421443;-43,509822;"SPRF-RJ";"DEL01-RJ";"UOP02-DEL01-RJ"
540589;2023-08-06;"domingo";"04:00:00";"PA";308;189;"TRACUATEUA";"Animais na Pista";"Atropelamento de Animal";"Com Vítimas Feridas";"Amanhecer";"Crescente";"Sol";"Simples";"Declive;Reta";"Não";4;0;3;0;1;0;3;1;-1,08294451;-46,89141694;"SPRF-PA";"DEL01-PA";"UOP03-DEL01-PA"
540590;2023-08-06;"domingo";"12:50:00";"BA";101;745;"ITABELA";"Reação tardia ou ineficiente do condutor";"Saída de leito carroçável";"Sem Vítimas";"Pleno dia";"Decrescente";"Céu Claro";"Simples";"Reta";"Sim";1;0;0;0;1;0;0;1;-16,72722383;-39,45433823;"SPRF-BA";"DEL09-BA";"UOP01-DEL09-BA"
540591;2023-08-06;"domingo";"12:20:00";"GO";414;390,3;"CORUMBA DE GOIAS";"Acessar a via sem observar a presença dos outros veículos";"Colisão transversal";"Com Vítimas Feridas";"Pleno dia";"Decrescente";"Céu Claro";"Simples";"Curva";"Não";4;0;1;1;2;0;2;2;-15,90032526;-48,79793065;"SPRF-GO";"DEL02-GO";"UOP01-DEL02-GO"