"id";"data_inversa";"dia_semana";"horario";"uf";"br";"km";"municipio";"causa_acidente";"tipo_acidente";"classificacao_acidente";"fase_dia";"sentido_via";"condicao_metereologica";"tipo_pista";"tracado_via";"uso_solo";"pessoas";"mortos";"feridos_leves";"feridos_graves";"ilesos";"ignorados";"feridos";"veiculos";"latitude";"longitude";"regional";"delegacia";"uop"
540592;2023-08-06;"domingo";"12:30:00";"PR";369;151;"LONDRINA";"Reação tardia ou ineficiente do condutor";"Colisão com objeto";"Com Vítimas Feridas";"Pleno dia";"Decrescente";"Céu Claro";"Dupla";"Viaduto;Ponte";"Sim";2;0;1;0;0;1;1;1;-23,29291423;-51,17358685;"SPRF-PR";"DEL07-PR";"UOP01-DEL07-PR"
540594;2023-08-06;"domingo";"13:50:00";"SC";470;124,2;"LONTRAS";"Pista esburacada";"Tombamento";"Com Vítimas Feridas";"Pleno dia";"Crescente";"Céu Claro";"Simples";"Reta";"Não";1;0;1;0;0;0;1;1;-27,113192;-49,529163;"SPRF-SC";"DEL04-SC";"UOP02-DEL04-SC"
540595;2023-08-06;"domingo";"14:15:00";"SC";470;54;"BLUMENAU";"Condutor Dormindo";"Colisão lateral sentido oposto";"Com Vítimas Feridas";"Pleno dia";"Decrescente";"Céu Claro";"Simples";"Reta";"Não";8;0;4;0;4;0;4;3;-26,871065;-49,110374;"SPRF-SC";"DEL04-SC";"UOP01-DEL04-SC"
540596;2023-08-06;"domingo";"13:40:00";"RS";116;215,6;"MORRO REUTER";"Reação tardia ou ineficiente do condutor";"Saída de leito carroçável";"Com Vítimas Feridas";"Pleno dia";"Crescente";"Céu Claro";"Simples";"Reta";"Sim";1;0;0;1;0;0;1;1;-29,5353341678;-51,0849900171;"SPRF-RS";"DEL05-RS";"UOP02-DEL05-RS"
540597;2023-08-06;"domingo";"13:45:00";"PE";232;123,5;"CARUARU";"Reação tardia ou ineficiente do condutor";"Incêndio";"Sem Vítimas";"Pleno dia";"Crescente";"Sol";"Dupla";"Reta";"Não";1;0;0;0;1;0;0;1;-8,30417276;-35,92823905;"SPRF-PE";"DEL02-PE";"UOP01-DEL02-PE"
540598;2023-08-06;"domingo";"13:40:00";"SP";381;80;"SAO PAULO";"Ausência de reação do condutor";"Colisão frontal";"Com Vítimas Feridas";"Pleno dia";"Crescente";"Céu Claro";"Múltipla";"Reta";"Não";1;0;0;1;0;0;1;1;-23,40889686;-46,58095945;"SPRF-SP";"DEL03-SP";"UOP01-DEL03-SP"
540599;2023-08-06;"domingo";"12:00:00";"RJ";465;13;"SEROPEDICA";"Reação tardia ou ineficiente do condutor";"Colisão transversal";"Com Vítimas Feridas";"Pleno dia";"Crescente";"Céu Claro";"Simples";"Reta";"Sim";2;0;1;0;1;0;1;2;-22,798468;-43,645508;"SPRF-RJ";"DEL01-RJ";"UOP03-DEL01-RJ"
540600;2023-08-06;"domingo";"08:50:00";"PR";277;106;"CAMPO LARGO";"Ausência de reação do condutor";"Eventos atípicos";"Com Vítimas Feridas";"Pleno dia";"Crescente";"Céu Claro";"Dupla";"Curva;Aclive";"Não";3;0;0;3;0;0;3;2;-25,4307362;-49,4223263;"SPRF-PR";"DEL03-PR";"UOP03-DEL03-PR"
540601;2023-08-06;"domingo";"13:55:00";"MG";262;146,2;"RIO CASCA";"Condutor deixou de manter distância do veículo da frente";"Colisão lateral mesmo sentido";"Com Vítimas Feridas";"Pleno dia";"Crescente";"Céu Claro";"Simples";"Declive;Reta";"Não";3;0;1;1;0;1;2;2;-20,02822107;-42,74065423;"SPRF-MG";"DEL03-MG";"UOP03-DEL03-MG"
540602;2023-08-06;"domingo";"14:56:00";"RS";116;253;"SAPUCAIA DO SUL";"Acessar a via sem observar a presença dos outros veículos";"Colisão lateral mesmo sentido";"Sem Vítimas";"Pleno dia";"Decrescente";"Céu Claro";"Dupla";"Reta";"Sim";2;0;0;0;2;0;0;2;-29,8276328;-51,1729662;"SPRF-RS";"DEL01-RS";"UOP02-DEL01-RS"
540604;2023-08-06;"domingo";"15:02:00";"SE";101;191,8;"CRISTINAPOLIS";"Demais falhas mecânicas ou elétricas";"Saída de leito carroçável";"Com Vítimas Fatais";"Pleno dia";"Decrescente";"Chuva";"Simples";"Curva";"Não";7;1;0;4;2;0;4;1;-11,42866951;-37,72175703;"SPRF-SE";"DEL02-SE";"UOP03-DEL02-SE"
540606;2023-08-06;"domingo";"15:00:00";"PR";369;29,1;"CAMBARA";"Manobra de mudança de faixa";"Colisão com objeto";"Sem Vítimas";"Pleno dia";"Decrescente";"Céu Claro";"Simples";"Declive;Reta";"Não";1;0;0;0;1;0;0;1;-23,03756;-50,16661;"SPRF-PR";"DEL07-PR";"UOP05-DEL07-PR"
540607;2023-08-06;"domingo";"15:11:00";"PE";408;73;"PAUDALHO";"Área urbana sem a presença de local apropriado para a travessia de pedestres";"Atropelamento de Pedestre";"Com Vítimas Feridas";"Pleno dia";"Crescente";"Sol";"Dupla";"Reta";"Sim";3;0;0;1;1;1;1;2;-7,89069683;-35,17793383;"SPRF-PE";"DEL01-PE";"UOP01-DEL01-PE"
540608;2023-08-06;"domingo";"15:55:00";"AL";316;245,5;"ATALAIA";"Condutor deixou de manter distância do veículo da frente";"Colisão traseira";"Com Vítimas Feridas";"Pleno dia";"Crescente";"Céu Claro";"Simples";"Reta";"Sim";2;0;1;0;0;1;1;2;-9,51787134;-35,99989354;"SPRF-AL";"DEL01-AL";"UOP01-DEL01-AL"
540609;2023-08-06;"domingo";"09:50:00";"MG";365;523;"MONTE CARMELO";"Reação tardia ou ineficiente do condutor";"Colisão traseira";"Com Vítimas Feridas";"Pleno dia";"Decrescente";"Céu Claro";"Simples";"Reta";"Não";4;0;1;0;3;0;1;2;-18,90891261;-47,43327391;"SPRF-MG";"DEL10-MG";"UOP01-DEL10-MG"
540610;2023-08-06;"domingo";"16:20:00";"RJ";40;109;"DUQUE DE CAXIAS";"Manobra de mudança de faixa";"Colisão traseira";"Com Vítimas Feridas";"Pleno dia";"Decrescente";"Céu Claro";"Múltipla";"Curva";"Sim";2;0;2;0;0;0;2;1;-22,67374628;-43,28638368;"SPRF-RJ";"DEL01-RJ";"UOP01-DEL01-RJ"
540612;2023-08-06;"domingo";"16:25:00";"MG";40;633,4;"CONSELHEIRO LAFAIETE";"Acessar a via sem observar a presença dos outros veículos";"Colisão transversal";"Com Vítimas Feridas";"Pleno dia";"Crescente";"Céu Claro";"Simples";"Interseção de Vias;Reta";"Sim";5;0;2;0;3;0;2;2;-20,68869045;-43,79065633;"SPRF-MG";"DEL05-MG";"UOP02-DEL05-MG"
540613;2023-08-06;"domingo";"15:25:00";"GO";20;121,7;"FLORES DE GOIAS";"Entrada inopinada do pedestre";"Atropelamento de Pedestre";"Com Vítimas Fatais";"Pleno dia";"Crescente";"Céu Claro";"Simples";"Reta";"Não";3;1;0;0;2;0;0;2;-14,867457;-46,818375;"SPRF-DF";"DEL02-DF";"UOP03-DEL02-DF"
540614;2023-08-06;"domingo";"16:30:00";"SP";116;197;"ARUJA";"Reação tardia ou ineficiente do condutor";"Colisão traseira";"Com Vítimas Feridas";"Pleno dia";"Crescente";"Céu Claro";"Dupla";"Reta";"Não";3;0;1;0;1;1;1;2;-23,39721625;-46,29284287;"SPRF-SP";"DEL01-SP";"UOP01-DEL01-SP"
540615;2023-08-06;"domingo";"15:30:00";"RS";285;543,7;"CAIBATE";"Reação tardia ou ineficiente do condutor";"Colisão frontal";"Com Vítimas Feridas";"Pleno dia";"Crescente";"Céu Claro";"Simples";"Reta;Em Obras";"Não";4;0;0;3;0;1;3;3;-28,408222;-54,72303;"SPRF-RS";"DEL10-RS";"UOP01-DEL10-RS"
540616;2023-08-06;"domingo";"17:00:00";"PE";101;41;"IGARASSU";"Ingestão de álcool pelo condutor";"Tombamento";"Com Vítimas Feridas";"Pleno dia";"Crescente";"Céu Claro";"Múltipla";"Reta";"Sim";1;0;0;1;0;0;1;1;-7,83038346;-34,91426785;"SPRF-PE";"DEL01-PE";"UOP02-DEL01-PE"
540618;2023-08-06;"domingo";"17:10:00";"ES";101;6;"PEDRO CANARIO";"Reação tardia ou ineficiente do condutor";"Tombamento";"Com Vítimas Feridas";"Pleno dia";"Crescente";"Nublado";"Simples";"Curva";"Não";1;0;1;0;0;0;1;1;-18,21950697;-39,94488285;"SPRF-ES";"DEL04-ES";"UOP02-DEL04-ES"
540621;2023-07-21;"sexta-feira";"19:00:00";"PR";476;61;"TUNAS DO PARANA";"Reação tardia ou ineficiente do condutor";"Colisão traseira";"Com Vítimas Feridas";"Anoitecer";"Crescente";"Ignorado";"Simples";"Curva";"Não";2;0;1;0;0;1;1;2;-24,99772714;-49,07970428;"SPRF-PR";"DEL01-PR";"UOP01-DEL01-PR"
540623;2023-08-06;"domingo";"15:20:00";"GO";40;15,6;"LUZIANIA";"Ingestão de álcool pelo condutor";"Capotamento";"Sem Vítimas";"Pleno dia";"Crescente";"Céu Claro";"Dupla";"Reta";"Sim";1;0;0;0;0;1;0;1;-16,1671;-47,930161;"SPRF-DF";"DEL01-DF";"UOP01-DEL01-DF"
540624;2023-08-06;"domingo";"16:20:00";"RO";364;241,9;"CACOAL";"Demais falhas mecânicas ou elétricas";"Tombamento";"Com Vítimas Feridas";"Pleno dia";"Crescente";"Céu Claro";"Simples";"Rotatória";"Sim";1;0;1;0;0;0;1;1;-11,44070217;-61,4786063;"SPRF-RO";"DEL02-RO";"UOP02-DEL02-RO"
540625;2023-08-06;"domingo";"16:40:00";"SC";101;149;"ITAPEMA";"Ausência de reação do condutor";"Engavetamento";"Com Vítimas Feridas";"Pleno dia";"Crescente";"Céu Claro";"Múltipla";"Reta";"Sim";4;0;0;1;3;0;1;3;-27,1089649;-48,61277586;"SPRF-SC";"DEL04-SC";"UOP03-DEL04-SC"
540626;2023-08-06;"domingo";"17:10:00";"MG";381;435;"SABARA";"Ingestão de álcool pelo condutor";"Colisão traseira";"Sem Vítimas";"Pleno dia";"Crescente";"Céu Claro";"Simples";"Reta";"Não";2;0;0;0;2;0;0;2;-19,78779109;-43,7377578;"SPRF-MG";"DEL01-MG";"UOP01-DEL01-MG"
540627;2023-08-06;"domingo";"16:20:00";"MG";40;511;"RIBEIRAO DAS NEVES";"Condutor deixou de manter distância do veículo da frente";"Engavetamento";"Com Vítimas Feridas";"Pleno dia";"Crescente";"Céu Claro";"Dupla";"Reta";"Não";4;0;1;0;3;0;1;3;-19,78164295;-44,11733194;"SPRF-MG";"DEL01-MG";"UOP02-DEL01-MG"
540628;2023-08-06;"domingo";"16:30:00";"MG";116;552,2;"SANTA BARBARA DO LESTE";"Ausência de reação do condutor";"Saída de leito carroçável";"Com Vítimas Feridas";"Pleno dia";"Crescente";"Céu Claro";"Simples";"Reta";"Não";1;0;0;1;0;0;1;1;-19,98476697;-42,1434265;"SPRF-MG";"DEL06-MG";"UOP02-DEL06-MG"
540629;2023-08-06;"domingo";"16:00:00";"SC";101;310,8;"LAGUNA";"Ausência de reação do condutor";"Colisão traseira";"Sem Vítimas";"Pleno dia";"Crescente";"Céu Claro";"Dupla";"Reta";"Não";2;0;0;0;2;0;0;2;-28,43934589;-48,81190181;"SPRF-SC";"DEL02-SC";"UOP01-DEL02-SC"
540630;2023-08-06;"domingo";"17:00:00";"MG";381;500,7;"BETIM";"Reação tardia ou ineficiente do condutor";"Colisão traseira";"Com Vítimas Feridas";"Pleno dia";"Decrescente";"Céu Claro";"Dupla";"Reta;Aclive";"Não";3;0;1;0;2;0;1;2;-20,02513493;-44,23112709;"SPRF-MG";"DEL04-MG";"UOP03-DEL04-MG"
540631;2023-08-06;"domingo";"17:15:00";"MG";381;495,9;"BETIM";"Demais falhas mecânicas ou elétricas";"Incêndio";"Sem Vítimas";"Anoitecer";"Decrescente";"Céu Claro";"Dupla";"Reta";"Sim";2;0;0;0;2;0;0;1;-19,98890883;-44,20522016;"SPRF-MG";"DEL04-MG";"UOP03-DEL04-MG"
540632;2023-08-06;"domingo";"18:00:00";"PR";277;79;"SAO JOSE DOS PINHAIS";"Trafegar com motocicleta (ou similar) entre as faixas";"Colisão lateral mesmo sentido";"Com Vítimas Feridas";"Pleno dia";"Crescente";"Céu Claro";"Dupla";"Reta";"Não";2;0;1;0;1;0;1;2;-25,48419086;-49,18956757;"SPRF-PR";"DEL01-PR";"UOP01-DEL01-PR"
540633;2023-08-06;"domingo";"17:30:00";"SC";470;65;"INDAIAL";"Ausência de reação do condutor";"Colisão lateral mesmo sentido";"Com Vítimas Feridas";"Pleno dia";"Decrescente";"Céu Claro";"Simples";"Reta";"Não";2;0;1;0;1;0;1;2;-26,870411;-49,211864;"SPRF-SC";"DEL04-SC";"UOP01-DEL04-SC"
540634;2023-08-06;"domingo";"11:50:00";"SC";282;441;"PONTE SERRADA";"Demais falhas mecânicas ou elétricas";"Incêndio";"Sem Vítimas";"Pleno dia";"Decrescente";"Céu Claro";"Dupla";"Reta";"Não";2;0;0;0;2;0;0;1;-26,92963;-51,87466;"SPRF-SC";"DEL07-SC";"UOP04-DEL07-SC"
540636;2023-08-06;"domingo";"18:15:00";"MG";40;423;"CURVELO";"Retorno proibido";"Colisão transversal";"Com Vítimas Feridas";"Anoitecer";"Decrescente";"Céu Claro";"Simples";"Curva";"Sim";3;0;1;0;2;0;1;2;-19,15337404;-44,538155;"SPRF-MG";"DEL02-MG";"UOP01-DEL02-MG"
540637;2023-08-06;"domingo";"18:10:00";"RS";386;362,2;"ESTRELA";"Manobra de mudança de faixa";"Colisão lateral mesmo sentido";"Sem Vítimas";"Anoitecer";"Crescente";"Céu Claro";"Dupla";"Reta;Retorno Regulamentado";"Não";4;0;0;0;4;0;0;2;-29,557457;-51,891541;"SPRF-RS";"DEL04-RS";"UOP01-DEL04-RS"
540638;2023-08-06;"domingo";"18:20:00";"PB";230;52;"CRUZ DO ESPIRITO SANTO";"Ingestão de álcool pelo condutor";"Colisão traseira";"Com Vítimas Feridas";"Plena Noite";"Decrescente";"Chuva";"Dupla";"Reta";"Não";3;0;2;0;0;1;2;2;-7,1951;-35,0691;"SPRF-PB";"DEL01-PB";"UOP03-DEL01-PB"
540640;2023-08-06;"domingo";"16:00:00";"MT";163;726;"SORRISO";"Ultrapassagem Indevida";"Colisão lateral mesmo sentido";"Sem Vítimas";"Anoitecer";"Crescente";"Céu Claro";"Simples";"Reta";"Não";5;0;0;0;5;0;0;3;-12,751436;-55,83316;"SPRF-MT";"DEL06-MT";"UOP01-DEL06-MT"
540641;2023-08-06;"domingo";"19:00:00";"ES";101;139,4;"LINHARES";"Acessar a via sem observar a presença dos outros veículos";"Colisão transversal";"Com Vítimas Feridas";"Plena Noite";"Crescente";"Céu Claro";"Múltipla";"Reta;Interseção de Vias;Retorno Regulamentado";"Sim";2;0;1;0;1;0;1;2;-19,31328988;-40,07845759;"SPRF-ES";"DEL04-ES";"UOP01-DEL04-ES"
540642;2023-08-06;"domingo";"17:40:00";"PE";423;108,6;"CAETES";"Acessar a via sem observar a presença dos outros veículos";"Colisão transversal";"Com Vítimas Feridas";"Pleno dia";"Decrescente";"Céu Claro";"Simples";"Reta";"Não";2;0;1;0;0;1;1;2;-8,88624339;-36,59029116;"SPRF-PE";"DEL03-PE";"UOP01-DEL03-PE"
540643;2023-08-06;"domingo";"17:30:00";"RO";364;722;"PORTO VELHO";"Reação tardia ou ineficiente do condutor";"Saída de leito carroçável";"Com Vítimas Feridas";"Pleno dia";"Decrescente";"Céu Claro";"Dupla";"Curva";"Não";5;0;5;0;0;0;5;1;-8,82631046;-63,93327871;"SPRF-RO";"DEL01-RO";"UOP01-DEL01-RO"
540644;2023-08-06;"domingo";"19:00:00";"ES";101;258;"SERRA";"Manobra de mudança de faixa";"Colisão com objeto";"Com Vítimas Fatais";"Plena Noite";"Crescente";"Céu Claro";"Dupla";"Aclive;Reta";"Sim";1;1;0;0;0;0;0;1;-20,12455095;-40,30331881;"SPRF-ES";"DEL02-ES";"UOP01-DEL02-ES"
540645;2023-08-06;"domingo";"19:15:00";"SC";101;221,5;"PALHOCA";"Manobra de mudança de faixa";"Colisão lateral mesmo sentido";"Com Vítimas Feridas";"Plena Noite";"Decrescente";"Céu Claro";"Dupla";"Reta";"Não";2;0;1;0;1;0;1;2;-27,70012652;-48,66021182;"SPRF-SC";"DEL01-SC";"UOP02-DEL01-SC"
540646;2023-08-06;"domingo";"19:10:00";"PR";277;652;"MATELANDIA";"Reação tardia ou ineficiente do condutor";"Saída de leito carroçável";"Sem Vítimas";"Plena Noite";"Crescente";"Céu Claro";"Simples";"Reta";"Sim";1;0;0;0;0;1;0;1;-25,20772;-53,95101;"SPRF-PR";"DEL05-PR";"UOP02-DEL05-PR"
540647;2023-08-06;"domingo";"16:30:00";"BA";101;761;"ITABELA";"Transitar na contramão";"Colisão traseira";"Com Vítimas Fatais";"Pleno dia";"Decrescente";"Céu Claro";"Simples";"Declive;Reta";"Não";4;1;3;0;0;0;3;2;-16,83633493;-39,48731411;"SPRF-BA";"DEL09-BA";"UOP01-DEL09-BA"
540649;2023-08-06;"domingo";"16:40:00";"MS";60;396;"SIDROLANDIA";"Demais falhas mecânicas ou elétricas";"Incêndio";"Com Vítimas Feridas";"Pleno dia";"Crescente";"Céu Claro";"Simples";"Reta";"Não";4;0;1;0;3;0;1;1;-20,77316908;-54,79038868;"SPRF-MS";"DEL01-MS";"UOP04-DEL01-MS"
540652;2023-08-06;"domingo";"18:50:00";"PB";230;367;"MALTA";"Ausência de reação do condutor";"Colisão frontal";"Com Vítimas Feridas";"Plena Noite";"Decrescente";"Céu Claro";"Simples";"Reta";"Sim";3;0;0;1;2;0;1;2;-6,9048;-37,5252;"SPRF-PB";"DEL03-PB";"UOP02-DEL03-PB"
540653;2023-08-06;"domingo";"17:30:00";"SC";282;641,3;"DESCANSO";"Velocidade Incompatível";"Saída de leito carroçável";"Com Vítimas Feridas";"Pleno dia";"Decrescente";"Céu Claro";"Simples";"Declive;Curva";"Não";1;0;0;1;0;0;1;1;-26,779949;-53,460857;"SPRF-SC";"DEL07-SC";"UOP03-DEL07-SC"
540657;2023-08-06;"domingo";"17:50:00";"RJ";101;557;"PARATY";"Ausência de reação do condutor";"Tombamento";"Com Vítimas Feridas";"Anoitecer";"Decrescente";"Céu Claro";"Simples";"Curva";"Não";1;0;1;0;0;0;1;1;-23,09154148;-44,6958992;"SPRF-RJ";"DEL03-RJ";"UOP04-DEL03-RJ"
540658;2023-08-06;"domingo";"18:25:00";"MS";163;462;"CAMPO GRANDE";"Ausência de reação do condutor";"Colisão traseira";"Sem Vítimas";"Plena Noite";"Decrescente";"Céu Claro";"Simples";"Reta";"Não";2;0;0;0;1;1;0;2;-20,62069293;-54,5742707;"SPRF-MS";"DEL01-MS";"UOP01-DEL01-MS"
540659;2023-08-06;"domingo";"18:47:00";"PE";101;127;"ESCADA";"Reação tardia ou ineficiente do condutor";"Colisão traseira";"Com Vítimas Feridas";"Plena Noite";"Crescente";"Garoa/Chuvisco";"Dupla";"Reta";"Sim";3;0;0;1;2;0;1;3;-8,37472564;-35,23663257;"SPRF-PE";"DEL01-PE";"UOP03-DEL01-PE"
540661;2023-08-06;"domingo";"18:45:00";"PR";376;626,5;"SAO JOSE DOS PINHAIS";"Reação tardia ou ineficiente do condutor";"Colisão lateral mesmo sentido";"Com Vítimas Feridas";"Plena Noite";"Decrescente";"Nublado";"Dupla";"Reta";"Não";3;0;2;0;1;0;2;2;-25,66095117;-49,15500053;"SPRF-PR";"DEL01-PR";"UOP04-DEL01-PR"
540662;2023-08-06;"domingo";"19:30:00";"SP";116;455;"REGISTRO";"Acessar a via sem observar a presença dos outros veículos";"Colisão transversal";"Com Vítimas Feridas";"Plena Noite";"Decrescente";"Céu Claro";"Dupla";"Curva;Declive";"Não";4;0;3;0;1;0;3;2;-24,57253407;-47,88134891;"SPRF-SP";"DEL05-SP";"UOP01-DEL05-SP"
540663;2023-08-06;"domingo";"18:10:00";"SC";101;70,8;"ARAQUARI";"Pedestre cruzava a pista fora da faixa";"Atropelamento de Pedestre";"Com Vítimas Feridas";"Plena Noite";"Decrescente";"Nublado";"Dupla";"Reta";"Não";3;0;0;1;2;0;1;3;-26,51082007;-48,72345612;"SPRF-SC";"DEL03-SC";"UOP02-DEL03-SC"
540664;2023-08-06;"domingo";"19:30:00";"RS";290;79,8;"GRAVATAI";"Manobra de mudança de faixa";"Saída de leito carroçável";"Com Vítimas Feridas";"Plena Noite";"Crescente";"Céu Claro";"Simples";"Curva";"Não";1;0;1;0;0;0;1;1;-29,952908;-51,048054;"SPRF-RS";"DEL01-RS";"UOP01-DEL01-RS"
540665;2023-08-06;"domingo";"20:00:00";"SP";381;39;"ATIBAIA";"Reação tardia ou ineficiente do condutor";"Colisão com objeto";"Com Vítimas Feridas";"Plena Noite";"Decrescente";"Céu Claro";"Dupla";"Reta";"Sim";1;0;1;0;0;0;1;1;-23,1215761;-46,57471572;"SPRF-SP";"DEL03-SP";"UOP01-DEL03-SP"
540666;2023-05-18;"quinta-feira";"19:00:00";"MG";267;85;"JUIZ DE FORA";"Ingestão de álcool e/ou substâncias psicoativas pelo pedestre";"Atropelamento de Pedestre";"Com Vítimas Feridas";"Plena Noite";"Decrescente";"Ignorado";"Simples";"Curva";"Sim";2;0;0;1;0;1;1;2;-21,76198367;-43,25075184;"SPRF-MG";"DEL05-MG";"UOP01-DEL05-MG"
540667;2023-08-06;"domingo";"19:30:00";"RJ";116;147,1;"DUQUE DE CAXIAS";"Ausência de reação do condutor";"Capotamento";"Sem Vítimas";"Plena Noite";"Decrescente";"Céu Claro";"Múltipla";"Reta";"Sim";1;0;0;0;0;1;0;1;-22,66978425;-43,27286493;"SPRF-RJ";"DEL01-RJ";"UOP01-DEL01-RJ"
540668;2023-08-06;"domingo";"18:00:00";"PA";230;657;"ALTAMIRA";"Demais falhas mecânicas ou elétricas";"Saída de leito carroçável";"Sem Vítimas";"Pleno dia";"Decrescente";"Céu Claro";"Simples";"Curva";"Não";3;0;0;0;3;0;0;2;-3,24030513;-52,30611985;"SPRF-PA";"DEL04-PA";"UOP01-DEL04-PA"
540669;2023-08-06;"domingo";"20:45:00";"PR";277;13,5;"PARANAGUA";"Reação tardia ou ineficiente do condutor";"Saída de leito carroçável";"Com Vítimas Feridas";"Plena Noite";"Decrescente";"Céu Claro";"Dupla";"Reta";"Não";1;0;1;0;0;0;1;1;-25,55978725;-48,64814758;"SPRF-PR";"DEL01-PR";"UOP05-DEL01-PR"
540671;2023-08-06;"domingo";"20:10:00";"PI";343;0,2;"PARNAIBA";"Ingestão de álcool ou de substâncias psicoativas pelo pedestre";"Atropelamento de Pedestre";"Com Vítimas Feridas";"Plena Noite";"Crescente";"Céu Claro";"Simples";"Reta";"Sim";2;0;0;1;1;0;1;2;-2,881846;-41,665638;"SPRF-PI";"DEL05-PI";"UOP01-DEL05-PI"
540672;2023-08-06;"domingo";"19:40:00";"SP";116;211;"GUARULHOS";"Manobra de mudança de faixa";"Colisão traseira";"Com Vítimas Feridas";"Plena Noite";"Crescente";"Nublado";"Múltipla";"Reta";"Sim";2;0;2;0;0;0;2;2;-23,4324306;-46,4194352;"SPRF-SP";"DEL01-SP";"UOP01-DEL01-SP"
540675;2023-08-06;"domingo";"20:50:00";"MG";381;833,9;"SAO SEBASTIAO DA BELA VISTA";"Ingestão de álcool pelo condutor";"Colisão frontal";"Com Vítimas Feridas";"Plena Noite";"Decrescente";"Céu Claro";"Dupla";"Reta";"Não";2;0;2;0;0;0;2;2;-22,15829896;-45,82738805;"SPRF-MG";"DEL16-MG";"UOP01-DEL16-MG"
540676;2023-08-06;"domingo";"20:50:00";"SP";153;64,2;"SAO JOSE DO RIO PRETO";"Avarias e/ou desgaste excessivo no pneu";"Saída de leito carroçável";"Com Vítimas Feridas";"Plena Noite";"Decrescente";"Céu Claro";"Dupla";"Reta";"Sim";1;0;1;0;0;0;1;1;-20,83079745;-49,36182976;"SPRF-SP";"DEL09-SP";"UOP01-DEL09-SP"
540678;2023-08-06;"domingo";"20:50:00";"PE";408;95,5;"SAO LOURENCO DA MATA";"Animais na Pista";"Saída de leito carroçável";"Com Vítimas Feridas";"Plena Noite";"Decrescente";"Chuva";"Dupla";"Declive";"Não";1;0;1;0;0;0;1;1;-8,01186091;-35,04237616;"SPRF-PE";"DEL01-PE";"UOP01-DEL01-PE"
540679;2023-08-06;"domingo";"17:30:00";"MG";40;129,8;"JOAO PINHEIRO";"Acessar a via sem observar a presença dos outros veículos";"Colisão transversal";"Sem Vítimas";"Anoitecer";"Decrescente";"Céu Claro";"Simples";"Interseção de Vias;Reta";"Sim";5;0;0;0;4;1;0;2;-17,70395211;-46,29471003;"SPRF-MG";"DEL14-MG";"UOP01-DEL14-MG"
540680;2023-08-06;"domingo";"21:00:00";"SP";116;154;"SAO JOSE DOS CAMPOS";"Ausência de reação do condutor";"Engavetamento";"Com Vítimas Feridas";"Plena Noite";"Crescente";"Céu Claro";"Dupla";"Reta";"Sim";4;0;1;0;3;0;1;3;-23,23903999;-45,92061901;"SPRF-SP";"DEL02-SP";"UOP01-DEL02-SP"
540682;2023-08-06;"domingo";"19:20:00";"RJ";40;101;"DUQUE DE CAXIAS";"Condutor deixou de manter distância do veículo da frente";"Colisão traseira";"Sem Vítimas";"Plena Noite";"Decrescente";"Céu Claro";"Múltipla";"Reta";"Sim";5;0;0;0;5;0;0;2;-22,60246485;-43,28380739;"SPRF-RJ";"DEL01-RJ";"UOP01-DEL01-RJ"
540683;2023-08-06;"domingo";"20:40:00";"GO";251;30;"CRISTALINA";"Acessar a via sem observar a presença dos outros veículos";"Colisão transversal";"Com Vítimas Feridas";"Plena Noite";"Crescente";"Céu Claro";"Simples";"Reta";"Sim";2;0;1;0;1;0;1;2;-16,0820873;-47,52264448;"SPRF-DF";"DEL01-DF";"UOP01-DEL01-DF"
540684;2023-08-06;"domingo";"20:30:00";"RJ";40;92;"DUQUE DE CAXIAS";"Demais falhas mecânicas ou elétricas";"Incêndio";"Sem Vítimas";"Plena Noite";"Decrescente";"Céu Claro";"Dupla";"Curva;Aclive";"Não";2;0;0;0;2;0;0;1;-22,55191954;-43,25068815;"SPRF-RJ";"DEL06-RJ";"UOP01-DEL06-RJ"
540685;2023-08-06;"domingo";"21:00:00";"MG";40;510;"RIBEIRAO DAS NEVES";"Velocidade Incompatível";"Colisão traseira";"Com Vítimas Feridas";"Plena Noite";"Decrescente";"Céu Claro";"Dupla";"Reta";"Sim";3;0;1;0;1;1;1;2;-19,77463885;-44,12321882;"SPRF-MG";"DEL01-MG";"UOP02-DEL01-MG"
540686;2023-08-06;"domingo";"19:40:00";"PR";277;511,5;"GUARANIACU";"Acessar a via sem observar a presença dos outros veículos";"Colisão traseira";"Com Vítimas Feridas";"Plena Noite";"Crescente";"Céu Claro";"Simples";"Reta";"Não";2;0;0;1;1;0;1;2;-25,12170846;-52,76593808;"SPRF-PR";"DEL04-PR";"UOP04-DEL04-PR"
540688;2023-08-06;"domingo";"18:07:00";"SC";282;462;"PONTE SERRADA";"Estacionar ou parar em local proibido";"Eventos atípicos";"Sem Vítimas";"Plena Noite";"Decrescente";"Céu Claro";"Simples";"Reta";"Não";1;0;0;0;0;1;0;1;-26,857594;-52,050583;"SPRF-SC";"DEL07-SC";"UOP04-DEL07-SC"
540691;2023-08-06;"domingo";"18:40:00";"RJ";101;295,5;"ITABORAI";"Transitar no Acostamento";"Atropelamento de Pedestre";"Com Vítimas Feridas";"Anoitecer";"Decrescente";"Céu Claro";"Dupla";"Reta";"Sim";2;0;1;0;0;1;1;2;-22,76365068;-42,90223623;"SPRF-RJ";"DEL02-RJ";"UOP02-DEL02-RJ"
540693;2023-08-06;"domingo";"22:45:00";"MG";262;360,5;"BETIM";"Ausência de reação do condutor";"Saída de leito carroçável";"Com Vítimas Feridas";"Plena Noite";"Crescente";"Céu Claro";"Dupla";"Declive;Curva";"Não";1;0;0;1;0;0;1;1;-19,9830204;-44,20924834;"SPRF-MG";"DEL01-MG";"UOP03-DEL01-MG"