"id";"data_inversa";"dia_semana";"horario";"uf";"br";"km";"municipio";"causa_acidente";"tipo_acidente";"classificacao_acidente";"fase_dia";"sentido_via";"condicao_metereologica";"tipo_pista";"tracado_via";"uso_solo";"pessoas";"mortos";"feridos_leves";"feridos_graves";"ilesos";"ignorados";"feridos";"veiculos";"latitude";"longitude";"regional";"delegacia";"uop"
540694;2023-08-06;"domingo";"20:00:00";"PA";230;488;"ANAPU";"Condutor deixou de manter distância do veículo da frente";"Colisão traseira";"Com Vítimas Fatais";"Plena Noite";"Crescente";"Céu Claro";"Simples";"Reta";"Não";3;1;0;2;0;0;2;2;-3,53425615;-51,13012209;"SPRF-PA";"DEL04-PA";"UOP01-DEL04-PA"
540696;2023-08-06;"domingo";"22:10:00";"BA";116;6,4;"ABARE";"Transitar na contramão";"Colisão transversal";"Com Vítimas Fatais";"Plena Noite";"Crescente";"Céu Claro";"Simples";"Ponte;Reta";"Não";3;2;1;0;0;0;1;2;-8,66829796;-39,26397381;"SPRF-PE";"DEL05-PE";"UOP03-DEL05-PE"
540697;2023-08-06;"domingo";"17:00:00";"MG";381;195;"PERIQUITO";"Mal súbito do condutor";"Saída de leito carroçável";"Com Vítimas Feridas";"Pleno dia";"Decrescente";"Céu Claro";"Simples";"Curva";"Não";1;0;0;1;0;0;1;1;-19,11232613;-42,20286369;"SPRF-MG";"DEL06-MG";"UOP01-DEL06-MG"
540701;2023-08-06;"domingo";"20:50:00";"MS";376;126;"IVINHEMA";"Reação tardia ou ineficiente do condutor";"Saída de leito carroçável";"Com Vítimas Feridas";"Plena Noite";"Decrescente";"Céu Claro";"Simples";"Reta";"Não";2;0;2;0;0;0;2;1;-22,33326642;-53,77063514;"SPRF-MS";"DEL04-MS";"UOP04-DEL04-MS"
540702;2023-08-06;"domingo";"23:10:00";"BA";116;816;"VITORIA DA CONQUISTA";"Reação tardia ou ineficiente do condutor";"Colisão frontal";"Com Vítimas Feridas";"Plena Noite";"Crescente";"Céu Claro";"Simples";"Reta";"Não";2;0;1;0;1;0;1;2;-14,77751018;-40,73036091;"SPRF-BA";"DEL08-BA";"UOP01-DEL08-BA"
540703;2023-08-06;"domingo";"22:30:00";"ES";101;75,4;"SAO MATEUS";"Ingestão de álcool pelo condutor";"Colisão lateral sentido oposto";"Com Vítimas Feridas";"Plena Noite";"Decrescente";"Nublado";"Simples";"Reta";"Não";2;0;2;0;0;0;2;2;-18,78487912;-39,87911084;"SPRF-ES";"DEL04-ES";"UOP02-DEL04-ES"
540704;2023-08-06;"domingo";"22:45:00";"PB";101;87;"JOAO PESSOA";"Condutor deixou de manter distância do veículo da frente";"Colisão traseira";"Com Vítimas Feridas";"Plena Noite";"Decrescente";"Nublado";"Dupla";"Reta";"Sim";3;0;1;1;1;0;2;2;-7,15886802;-34,90628504;"SPRF-PB";"DEL01-PB";"UOP01-DEL01-PB"
540705;2023-08-06;"domingo";"19:30:00";"MG";365;152;"PIRAPORA";"Transitar na contramão";"Colisão frontal";"Com Vítimas Feridas";"Plena Noite";"Crescente";"Céu Claro";"Simples";"Reta";"Não";4;0;3;0;1;0;3;2;-17,29807999;-44,89095301;"SPRF-MG";"DEL10-MG";"UOP02-DEL010-MG"
540706;2023-08-06;"domingo";"18:40:00";"PR";373;404;"CANDOI";"Ausência de sinalização";"Colisão frontal";"Com Vítimas Fatais";"Plena Noite";"Crescente";"Céu Claro";"Simples";"Em Obras;Reta";"Não";3;1;0;2;0;0;2;3;-25,612262;-52,05681;"SPRF-PR";"DEL08-PR";"UOP01-DEL08-PR"
540707;2023-08-06;"domingo";"23:35:00";"RJ";116;171;"RIO DE JANEIRO";"Ingestão de álcool pelo condutor";"Colisão com objeto";"Sem Vítimas";"Plena Noite";"Decrescente";"Céu Claro";"Dupla";"Reta";"Sim";1;0;0;0;1;0;0;1;-22,8060415;-43,34289573;"SPRF-RJ";"DEL01-RJ";"UOP02-DEL01-RJ"
540709;2023-08-06;"domingo";"20:10:00";"RS";287;367;"JAGUARI";"Transitar na contramão";"Colisão frontal";"Com Vítimas Feridas";"Plena Noite";"Crescente";"Céu Claro";"Simples";"Curva";"Não";2;0;1;0;0;1;1;2;-29,4038582;-54,73685621;"SPRF-RS";"DEL12-RS";"UOP02-DEL12-RS"
540711;2023-08-06;"domingo";"23:30:00";"SC";101;196;"BIGUACU";"Ingestão de álcool pelo condutor";"Colisão traseira";"Sem Vítimas";"Plena Noite";"Crescente";"Nublado";"Múltipla";"Aclive;Reta";"Sim";3;0;0;0;3;0;0;3;-27,51101091;-48,64322292;"SPRF-SC";"DEL01-SC";"UOP01-DEL01-SC"
540712;2023-08-06;"domingo";"18:20:00";"MG";116;656,6;"SAO FRANCISCO DO GLORIA";"Transitar na contramão";"Colisão frontal";"Com Vítimas Feridas";"Plena Noite";"Decrescente";"Céu Claro";"Simples";"Curva";"Não";2;0;0;1;1;0;1;2;-20,76259299;-42,30462794;"SPRF-MG";"DEL07-MG";"UOP02-DEL07-MG"
540713;2023-08-06;"domingo";"22:40:00";"SC";101;412,5;"ARARANGUA";"Ausência de sinalização";"Tombamento";"Com Vítimas Feridas";"Plena Noite";"Decrescente";"Céu Claro";"Simples";"Rotatória";"Sim";1;0;1;0;0;0;1;1;-28,939333;-49,497513;"SPRF-SC";"DEL02-SC";"UOP02-DEL02-SC"
540714;2023-08-06;"domingo";"22:00:00";"SC";280;49,7;"GUARAMIRIM";"Reação tardia ou ineficiente do condutor";"Colisão frontal";"Com Vítimas Fatais";"Plena Noite";"Decrescente";"Céu Claro";"Múltipla";"Reta";"Sim";2;1;0;0;0;1;0;2;-26,45850039;-48,93692786;"SPRF-SC";"DEL03-SC";"UOP03-DEL03-SC"
540716;2023-08-06;"domingo";"23:00:00";"RS";471;174,3;"RIO PARDO";"Ingestão de álcool pelo condutor";"Colisão com objeto";"Sem Vítimas";"Plena Noite";"Crescente";"Céu Claro";"Simples";"Rotatória";"Sim";1;0;0;0;1;0;0;1;-29,98143019;-52,36957848;"SPRF-RS";"DEL02-RS";"UOP03-DEL02-RS"
540717;2023-08-06;"domingo";"21:30:00";"MS";163;615,5;"SAO GABRIEL DO OESTE";"Ausência de reação do condutor";"Saída de leito carroçável";"Com Vítimas Feridas";"Plena Noite";"Crescente";"Céu Claro";"Simples";"Reta";"Sim";1;0;1;0;0;0;1;1;-19,39850778;-54,56579964;"SPRF-MS";"DEL06-MS";"UOP02-DEL06-MS"
540718;2023-08-06;"domingo";"19:10:00";"MG";365;865,5;"SANTA VITORIA";"Ausência de reação do condutor";"Colisão com objeto";"Com Vítimas Feridas";"Plena Noite";"Crescente";"Céu Claro";"Simples";"Reta";"Não";2;0;1;0;1;0;1;1;-19,04504418;-50,45775798;"SPRF-MG";"DEL15-MG";"UOP03-DEL15-MG"
540719;2023-08-06;"domingo";"23:50:00";"PE";408;90,7;"SAO LOURENCO DA MATA";"Animais na Pista";"Atropelamento de Animal";"Com Vítimas Feridas";"Plena Noite";"Decrescente";"Chuva";"Dupla";"Reta";"Não";1;0;1;0;0;0;1;1;-7,9886528;-35,07625976;"SPRF-PE";"DEL01-PE";"UOP01-DEL01-PE"
540720;2023-08-06;"domingo";"23:30:00";"SE";101;91,5;"NOSSA SENHORA DO SOCORRO";"Ingestão de álcool pelo condutor";"Saída de leito carroçável";"Sem Vítimas";"Plena Noite";"Crescente";"Nublado";"Dupla";"Curva";"Sim";1;0;0;0;1;0;0;1;-10,89849802;-37,13176324;"SPRF-SE";"DEL01-SE";"UOP01-DEL01-SE"
540721;2023-08-06;"domingo";"20:40:00";"PR";277;318;"GUARAPUAVA";"Ausência de sinalização";"Colisão frontal";"Com Vítimas Feridas";"Plena Noite";"Crescente";"Céu Claro";"Simples";"Reta;Em Obras";"Não";13;0;13;0;0;0;13;2;-25,3312311;-51,21833133;"SPRF-PR";"DEL08-PR";"UOP01-DEL08-PR"
540722;2023-08-06;"domingo";"23:50:00";"PR";376;180;"MARINGA";"Ausência de reação do condutor";"Colisão com objeto";"Com Vítimas Feridas";"Plena Noite";"Crescente";"Céu Claro";"Dupla";"Viaduto;Reta";"Sim";2;0;0;2;0;0;2;1;-23,42308597;-51,90276146;"SPRF-PR";"DEL09-PR";"UOP01-DEL09-PR"
540724;2023-08-06;"domingo";"11:55:00";"RS";285;304;"PASSO FUNDO";"Ingestão de álcool pelo condutor";"Saída de leito carroçável";"Sem Vítimas";"Plena Noite";"Crescente";"Céu Claro";"Simples";"Viaduto;Curva";"Não";1;0;0;0;0;1;0;1;-28,226536;-52,477192;"SPRF-RS";"DEL08-RS";"UOP03-DEL08-RS"
540726;2023-08-06;"domingo";"22:10:00";"MA";135;195,8;"ALTO ALEGRE DO MARANHAO";"Ausência de reação do condutor";"Colisão frontal";"Com Vítimas Fatais";"Plena Noite";"Crescente";"Céu Claro";"Simples";"Reta";"Não";3;1;2;0;0;0;2;2;-4,15458101;-44,46970631;"SPRF-MA";"DEL03-MA";"UOP01-DEL03-MA"
540728;2023-08-06;"domingo";"20:15:00";"SC";282;262,3;"SAO JOSE DO CERRITO";"Transitar na contramão";"Colisão frontal";"Com Vítimas Fatais";"Plena Noite";"Crescente";"Céu Claro";"Simples";"Curva;Aclive";"Não";2;1;0;0;0;1;0;2;-27,631264;-50,612248;"SPRF-SC";"DEL05-SC";"UOP02-DEL05-SC"
540732;2023-08-07;"segunda-feira";"02:00:00";"RS";116;517;"PELOTAS";"Ingestão de álcool pelo condutor";"Saída de leito carroçável";"Sem Vítimas";"Plena Noite";"Crescente";"Chuva";"Simples";"Reta";"Não";1;0;0;0;1;0;0;1;-31,67908686;-52,34256731;"SPRF-RS";"DEL07-RS";"UOP01-DEL07-RS"
540735;2023-08-02;"quarta-feira";"17:50:00";"PR";467;106,3;"CASCAVEL";"Acesso irregular";"Colisão transversal";"Com Vítimas Feridas";"Pleno dia";"Decrescente";"Céu Claro";"Dupla";"Retorno Regulamentado;Curva";"Não";5;0;4;1;0;0;5;2;-24,9142;-53,492;"SPRF-PR";"DEL04-PR";"UOP01-DEL04-PR"
540737;2023-08-07;"segunda-feira";"01:00:00";"GO";364;30;"PARANAIGUARA";"Condutor Dormindo";"Tombamento";"Com Vítimas Feridas";"Plena Noite";"Crescente";"Céu Claro";"Simples";"Reta";"Não";1;0;0;1;0;0;1;1;-18,893084;-50,730663;"SPRF-GO";"DEL05-GO";"UOP02-DEL05-GO"
540738;2023-08-06;"domingo";"17:00:00";"MG";40;514;"RIBEIRAO DAS NEVES";"Reação tardia ou ineficiente do condutor";"Queda de ocupante de veículo";"Com Vítimas Feridas";"Pleno dia";"Crescente";"Céu Claro";"Dupla";"Reta";"Não";1;0;1;0;0;0;1;1;-19,80399327;-44,09801066;"SPRF-MG";"DEL01-MG";"UOP02-DEL01-MG"
540739;2023-08-06;"domingo";"23:15:00";"RJ";493;2;"ITABORAI";"Reação tardia ou ineficiente do condutor";"Colisão traseira";"Com Vítimas Feridas";"Plena Noite";"Crescente";"Nublado";"Simples";"Reta";"Não";6;0;5;0;0;1;5;2;-22,75950214;-42,93544822;"SPRF-RJ";"DEL02-RJ";"UOP02-DEL02-RJ"
540740;2023-08-07;"segunda-feira";"04:45:00";"MG";116;419,1;"GOVERNADOR VALADARES";"Pedestre andava na pista";"Atropelamento de Pedestre";"Com Vítimas Feridas";"Plena Noite";"Decrescente";"Nublado";"Simples";"Reta";"Não";2;0;0;1;1;0;1;2;-18,92044406;-41,94023945;"SPRF-MG";"DEL06-MG";"UOP01-DEL06-MG"
540741;2023-08-06;"domingo";"21:45:00";"RS";116;327,5;"BARRA DO RIBEIRO";"Ausência de reação do condutor";"Saída de leito carroçável";"Com Vítimas Fatais";"Plena Noite";"Decrescente";"Céu Claro";"Dupla";"Em Obras;Reta";"Sim";1;1;0;0;0;0;0;1;-30,353981;-51,42938;"SPRF-RS";"DEL02-RS";"UOP01-DEL02-RS"
540742;2023-08-07;"segunda-feira";"05:20:00";"RS";116;154,9;"CAXIAS DO SUL";"Transitar na contramão";"Colisão lateral sentido oposto";"Com Vítimas Feridas";"Amanhecer";"Decrescente";"Nublado";"Simples";"Curva";"Sim";9;0;7;2;0;0;9;3;-29,19074818;-51,18073734;"SPRF-RS";"DEL05-RS";"UOP01-DEL05-RS"
540743;2023-08-06;"domingo";"21:30:00";"PI";343;569,5;"FLORIANO";"Reação tardia ou ineficiente do condutor";"Saída de leito carroçável";"Sem Vítimas";"Plena Noite";"Crescente";"Céu Claro";"Simples";"Reta";"Não";1;0;0;0;1;0;0;1;-6,72439;-42,924717;"SPRF-PI";"DEL03-PI";"UOP01-DEL03-PI"
540744;2023-08-07;"segunda-feira";"05:34:00";"PE";232;503;"SALGUEIRO";"Condutor deixou de manter distância do veículo da frente";"Colisão traseira";"Com Vítimas Feridas";"Amanhecer";"Decrescente";"Céu Claro";"Simples";"Declive;Reta";"Não";3;0;0;2;1;0;2;2;-8,04856198;-39,07759201;"SPRF-PE";"DEL05-PE";"UOP01-DEL05-PE"
540746;2023-08-07;"segunda-feira";"05:00:00";"PE";101;177;"JOAQUIM NABUCO";"Animais na Pista";"Atropelamento de Animal";"Com Vítimas Feridas";"Amanhecer";"Decrescente";"Chuva";"Dupla";"Reta";"Não";2;0;1;0;1;0;1;1;-8,61465005;-35,5476602;"SPRF-PE";"DEL01-PE";"UOP03-DEL01-PE"
540747;2023-08-07;"segunda-feira";"01:00:00";"MG";40;548;"NOVA LIMA";"Ausência de reação do condutor";"Colisão com objeto";"Sem Vítimas";"Plena Noite";"Decrescente";"Céu Claro";"Dupla";"Reta";"Sim";1;0;0;0;0;1;0;1;-20,03136499;-43,96967792;"SPRF-MG";"DEL01-MG";"UOP02-DEL01-MG"
540751;2023-08-06;"domingo";"21:30:00";"PR";277;65;"SAO JOSE DOS PINHAIS";"Reação tardia ou ineficiente do condutor";"Saída de leito carroçável";"Sem Vítimas";"Plena Noite";"Decrescente";"Céu Claro";"Dupla";"Reta";"Não";1;0;0;0;1;0;0;1;-25,5530337;-49,03504085;"SPRF-PR";"DEL01-PR";"UOP01-DEL01-PR"
540752;2023-08-07;"segunda-feira";"06:20:00";"ES";101;297,8;"CARIACICA";"Acessar a via sem observar a presença dos outros veículos";"Colisão com objeto";"Com Vítimas Feridas";"Pleno dia";"Crescente";"Céu Claro";"Dupla";"Reta";"Sim";3;0;3;0;0;0;3;2;-20,34529844;-40,41026774;"SPRF-ES";"DEL01-ES";"UOP01-DEL01-ES"
540753;2023-08-06;"domingo";"18:30:00";"RJ";465;13;"SEROPEDICA";"Reação tardia ou ineficiente do condutor";"Atropelamento de Pedestre";"Com Vítimas Feridas";"Plena Noite";"Decrescente";"Céu Claro";"Simples";"Reta";"Sim";2;0;0;1;0;1;1;2;-22,798468;-43,645508;"SPRF-RJ";"DEL01-RJ";"UOP03-DEL01-RJ"
540754;2023-08-07;"segunda-feira";"07:35:00";"PB";101;89,4;"JOAO PESSOA";"Frear bruscamente";"Tombamento";"Com Vítimas Feridas";"Pleno dia";"Decrescente";"Chuva";"Dupla";"Retorno Regulamentado";"Sim";1;0;0;1;0;0;1;1;-7,17854577;-34,89976287;"SPRF-PB";"DEL01-PB";"UOP02-DEL01-PB"
540757;2023-08-07;"segunda-feira";"06:30:00";"PR";376;475;"PONTA GROSSA";"Condutor Dormindo";"Saída de leito carroçável";"Com Vítimas Feridas";"Amanhecer";"Crescente";"Céu Claro";"Dupla";"Curva;Aclive";"Não";2;0;1;0;1;0;1;1;-25,04162229;-50,28920537;"SPRF-PR";"DEL03-PR";"UOP01-DEL03-PR"
540759;2023-08-07;"segunda-feira";"01:00:00";"MG";40;413,8;"CURVELO";"Ingestão de álcool e/ou substâncias psicoativas pelo pedestre";"Saída de leito carroçável";"Sem Vítimas";"Plena Noite";"Decrescente";"Céu Claro";"Simples";"Declive;Interseção de Vias;Rotatória;Reta";"Não";1;0;0;0;1;0;0;1;-19,13248388;-44,62252053;"SPRF-MG";"DEL02-MG";"UOP01-DEL02-MG"
540760;2023-08-07;"segunda-feira";"06:40:00";"BA";116;18;"VITORIA DA CONQUISTA";"Manobra de mudança de faixa";"Colisão frontal";"Com Vítimas Feridas";"Pleno dia";"Decrescente";"Céu Claro";"Simples";"Curva";"Sim";2;0;0;1;1;0;1;2;-14,89649;-40,83242;"SPRF-PE";"DEL05-PE";"UOP03-DEL05-PE"
540762;2023-08-07;"segunda-feira";"07:20:00";"PR";153;342;"IRATI";"Condutor deixou de manter distância do veículo da frente";"Colisão traseira";"Com Vítimas Feridas";"Pleno dia";"Crescente";"Céu Claro";"Simples";"Reta";"Não";3;0;1;1;1;0;2;2;-25,54626385;-50,66707022;"SPRF-PR";"DEL08-PR";"UOP02-DEL08-PR"
540764;2023-08-07;"segunda-feira";"07:20:00";"RJ";101;596;"PARATY";"Velocidade Incompatível";"Capotamento";"Com Vítimas Feridas";"Pleno dia";"Decrescente";"Céu Claro";"Simples";"Reta";"Não";1;0;1;0;0;0;1;1;-23,34188139;-44,74117913;"SPRF-RJ";"DEL03-RJ";"UOP04-DEL03-RJ"
540765;2023-08-07;"segunda-feira";"07:40:00";"RN";101;105;"PARNAMIRIM";"Ausência de reação do condutor";"Queda de ocupante de veículo";"Com Vítimas Feridas";"Pleno dia";"Decrescente";"Céu Claro";"Dupla";"Reta";"Sim";2;0;1;0;1;0;1;1;-5,90165196;-35,25928517;"SPRF-RN";"DEL01-RN";"UOP01-DEL01-RN"
540767;2023-08-07;"segunda-feira";"07:35:00";"PR";369;148;"LONDRINA";"Pedestre cruzava a pista fora da faixa";"Atropelamento de Pedestre";"Com Vítimas Feridas";"Pleno dia";"Crescente";"Céu Claro";"Dupla";"Reta";"Sim";3;0;1;0;2;0;1;3;-23,293;-51,145;"SPRF-PR";"DEL07-PR";"UOP01-DEL07-PR"
540768;2023-08-07;"segunda-feira";"07:30:00";"PI";135;352;"BOM JESUS";"Condutor deixou de manter distância do veículo da frente";"Colisão lateral mesmo sentido";"Com Vítimas Feridas";"Pleno dia";"Crescente";"Céu Claro";"Dupla";"Retorno Regulamentado;Reta";"Sim";2;0;1;0;1;0;1;2;-9,08027121;-44,3610245;"SPRF-PI";"DEL03-PI";"UOP02-DEL03-PI"
540773;2023-08-07;"segunda-feira";"08:05:00";"GO";60;165,3;"GOIANIA";"Ausência de reação do condutor";"Colisão lateral mesmo sentido";"Com Vítimas Feridas";"Pleno dia";"Crescente";"Céu Claro";"Dupla";"Curva";"Sim";3;0;0;2;1;0;2;2;-16,7084;-49,3503;"SPRF-GO";"DEL01-GO";"UOP02-DEL01-GO"
540774;2023-08-07;"segunda-feira";"05:30:00";"MG";251;415,8;"GRAO MOGOL";"Avarias e/ou desgaste excessivo no pneu";"Capotamento";"Com Vítimas Feridas";"Plena Noite";"Crescente";"Céu Claro";"Simples";"Reta";"Não";3;0;1;0;2;0;1;1;-16,2964018;-43,04220808;"SPRF-MG";"DEL12-MG";"UOP01-DEL12-MG"
540775;2023-08-07;"segunda-feira";"07:50:00";"ES";101;290,4;"CARIACICA";"Manobra de mudança de faixa";"Colisão lateral mesmo sentido";"Com Vítimas Feridas";"Pleno dia";"Crescente";"Céu Claro";"Dupla";"Reta";"Sim";2;0;1;0;1;0;1;2;-20,28927747;-40,39181575;"SPRF-ES";"DEL01-ES";"UOP01-DEL01-ES"
540778;2023-08-04;"sexta-feira";"06:30:00";"SC";101;283;"IMBITUBA";"Reação tardia ou ineficiente do condutor";"Colisão traseira";"Com Vítimas Feridas";"Pleno dia";"Crescente";"Céu Claro";"Dupla";"Reta";"Não";5;0;4;0;1;0;4;2;-28,20457404;-48,6984006;"SPRF-SC";"DEL02-SC";"UOP03-DEL02-SC"
540779;2023-08-07;"segunda-feira";"08:20:00";"PE";104;65,3;"CARUARU";"Condutor deixou de manter distância do veículo da frente";"Colisão traseira";"Com Vítimas Feridas";"Pleno dia";"Crescente";"Céu Claro";"Dupla";"Curva";"Sim";2;0;1;0;1;0;1;2;-8,2867;-35,9838;"SPRF-PE";"DEL02-PE";"UOP01-DEL02-PE"
540780;2023-08-07;"segunda-feira";"09:00:00";"ES";101;245;"SERRA";"Ingestão de álcool e/ou substâncias psicoativas pelo pedestre";"Atropelamento de Pedestre";"Com Vítimas Feridas";"Pleno dia";"Crescente";"Céu Claro";"Simples";"Reta";"Não";3;0;1;0;2;0;1;2;-20,05454495;-40,38189997;"SPRF-ES";"DEL02-ES";"UOP01-DEL02-ES"
540782;2023-08-07;"segunda-feira";"08:25:00";"CE";116;12,5;"FORTALEZA";"Manobra de mudança de faixa";"Colisão lateral mesmo sentido";"Com Vítimas Feridas";"Pleno dia";"Decrescente";"Céu Claro";"Múltipla";"Reta;Aclive";"Sim";2;0;1;0;1;0;1;2;-3,852077;-38,495525;"SPRF-CE";"DEL01-CE";"UOP02-DEL01-CE"
540784;2023-06-11;"domingo";"04:20:00";"RN";304;34;"MOSSORO";"Reação tardia ou ineficiente do condutor";"Saída de leito carroçável";"Com Vítimas Feridas";"Amanhecer";"Crescente";"Céu Claro";"Múltipla";"Viaduto";"Sim";1;0;0;1;0;0;1;1;-5,15255798;-37,34873808;"SPRF-RN";"DEL04-RN";"UOP02-DEL04-RN"
540785;2023-08-07;"segunda-feira";"08:00:00";"RO";364;708,8;"PORTO VELHO";"Acessar a via sem observar a presença dos outros veículos";"Colisão traseira";"Sem Vítimas";"Pleno dia";"Crescente";"Céu Claro";"Dupla";"Retorno Regulamentado";"Sim";4;0;0;0;4;0;0;3;-8,79554083;-63,84072487;"SPRF-RO";"DEL01-RO";"UOP01-DEL01-RO"
540786;2023-08-07;"segunda-feira";"07:00:00";"MG";40;519;"CONTAGEM";"Manobra de mudança de faixa";"Colisão lateral mesmo sentido";"Com Vítimas Feridas";"Pleno dia";"Crescente";"Céu Claro";"Dupla";"Reta";"Não";3;0;2;0;1;0;2;3;-19,83957589;-44,07684485;"SPRF-MG";"DEL01-MG";"UOP02-DEL01-MG"
540787;2023-08-07;"segunda-feira";"08:20:00";"ES";101;393;"RIO NOVO DO SUL";"Reação tardia ou ineficiente do condutor";"Colisão lateral mesmo sentido";"Com Vítimas Feridas";"Pleno dia";"Crescente";"Céu Claro";"Simples";"Reta";"Não";2;0;0;1;0;1;1;2;-20,865694;-40,91366;"SPRF-ES";"DEL03-ES";"UOP02-DEL03-ES"
540788;2023-08-07;"segunda-feira";"09:10:00";"SC";101;192,9;"BIGUACU";"Condutor deixou de manter distância do veículo da frente";"Colisão traseira";"Sem Vítimas";"Pleno dia";"Crescente";"Sol";"Dupla";"Curva";"Sim";2;0;0;0;2;0;0;2;-27,48443781;-48,64765238;"SPRF-SC";"DEL01-SC";"UOP01-DEL01-SC"
540789;2023-08-07;"segunda-feira";"08:50:00";"PR";376;4,2;"APUCARANA";"Conversão proibida";"Colisão transversal";"Com Vítimas Feridas";"Pleno dia";"Crescente";"Sol";"Simples";"Reta";"Sim";2;0;1;0;1;0;1;2;-23,5513;-51,461266;"SPRF-PR";"DEL09-PR";"UOP01-DEL09-PR"
540790;2023-07-27;"quinta-feira";"00:10:00";"PR";369;178,3;"ROLANDIA";"Acessar a via sem observar a presença dos outros veículos";"Colisão traseira";"Com Vítimas Feridas";"Plena Noite";"Decrescente";"Céu Claro";"Dupla";"Retorno Regulamentado";"Não";2;0;1;0;1;0;1;2;-23,35799637;-51,39578104;"SPRF-PR";"DEL07-PR";"UOP01-DEL07-PR"
540791;2023-08-07;"segunda-feira";"08:40:00";"MG";381;485;"BETIM";"Ausência de reação do condutor";"Tombamento";"Com Vítimas Feridas";"Pleno dia";"Decrescente";"Sol";"Múltipla";"Reta";"Sim";1;0;0;1;0;0;1;1;-19,95659361;-44,12622893;"SPRF-MG";"DEL01-MG";"UOP03-DEL01-MG"
540792;2023-08-07;"segunda-feira";"07:30:00";"RJ";101;387;"RIO DE JANEIRO";"Ausência de reação do condutor";"Colisão traseira";"Com Vítimas Feridas";"Pleno dia";"Crescente";"Céu Claro";"Múltipla";"Retorno Regulamentado";"Sim";3;0;2;0;1;0;2;2;-22,88537839;-43,64965688;"SPRF-RJ";"DEL03-RJ";"UOP01-DEL03-RJ"
540794;2023-08-07;"segunda-feira";"07:30:00";"MG";153;7;"ARAPORA";"Ausência de reação do condutor";"Queda de ocupante de veículo";"Com Vítimas Feridas";"Pleno dia";"Decrescente";"Céu Claro";"Dupla";"Reta";"Não";1;0;1;0;0;0;1;1;-18,478658;-49,188442;"SPRF-MG";"DEL15-MG";"UOP03-DEL15-MG"
540796;2023-08-07;"segunda-feira";"09:45:00";"RJ";116;310;"RESENDE";"Desrespeitar a preferência no cruzamento";"Colisão transversal";"Com Vítimas Feridas";"Pleno dia";"Decrescente";"Céu Claro";"Simples";"Rotatória";"Não";2;0;1;0;1;0;1;2;-22,46066182;-44,44074869;"SPRF-RJ";"DEL07-RJ";"UOP02-DEL07-RJ"
540798;2023-08-07;"segunda-feira";"09:50:00";"RJ";116;260;"PIRAI";"Objeto estático sobre o leito carroçável";"Queda de ocupante de veículo";"Com Vítimas Feridas";"Pleno dia";"Decrescente";"Céu Claro";"Dupla";"Reta";"Não";2;0;1;0;1;0;1;2;-22,58273208;-44,04078998;"SPRF-RJ";"DEL07-RJ";"UOP02-DEL07-RJ"
540800;2023-08-07;"segunda-feira";"09:20:00";"PR";376;3,9;"MANDAGUARI";"Conversão proibida";"Colisão com objeto";"Com Vítimas Feridas";"Pleno dia";"Decrescente";"Céu Claro";"Simples";"Reta";"Não";3;0;1;0;2;0;1;3;-23,51736474;-51,68410778;"SPRF-PR";"DEL09-PR";"UOP01-DEL09-PR"
540802;2023-08-07;"segunda-feira";"09:00:00";"PE";101;90,2;"CABO DE SANTO AGOSTINHO";"Manobra de mudança de faixa";"Colisão lateral mesmo sentido";"Com Vítimas Feridas";"Pleno dia";"Crescente";"Céu Claro";"Dupla";"Reta";"Não";2;0;0;1;1;0;1;2;-8,21612792;-34,98772817;"SPRF-PE";"DEL01-PE";"UOP01-DEL01-PE"
540803;2023-08-07;"segunda-feira";"09:40:00";"RN";101;102;"PARNAMIRIM";"Condutor deixou de manter distância do veículo da frente";"Colisão traseira";"Com Vítimas Feridas";"Pleno dia";"Crescente";"Nublado";"Múltipla";"Reta";"Sim";3;0;2;0;1;0;2;2;-5,88858217;-35,24018997;"SPRF-RN";"DEL01-RN";"UOP01-DEL01-RN"
540809;2023-08-07;"segunda-feira";"09:30:00";"RJ";356;152,8;"CAMPOS DOS GOYTACAZES";"Acessar a via sem observar a presença dos outros veículos";"Colisão transversal";"Com Vítimas Feridas";"Pleno dia";"Crescente";"Céu Claro";"Simples";"Reta";"Não";2;0;1;0;1;0;1;2;-21,75886106;-41,25301796;"SPRF-RJ";"DEL08-RJ";"UOP02-DEL08-RJ"
540810;2023-08-07;"segunda-feira";"11:00:00";"ES";101;270;"SERRA";"Ausência de reação do condutor";"Atropelamento de Pedestre";"Com Vítimas Feridas";"Pleno dia";"Decrescente";"Céu Claro";"Múltipla";"Reta";"Sim";2;0;2;0;0;0;2;2;-20,22662056;-40,27075088;"SPRF-ES";"DEL02-ES";"UOP01-DEL02-ES"
540812;2023-08-07;"segunda-feira";"09:37:00";"SP";381;85,1;"SAO PAULO";"Ausência de reação do condutor";"Engavetamento";"Com Vítimas Feridas";"Pleno dia";"Crescente";"Céu Claro";"Dupla";"Reta";"Sim";4;0;1;0;3;0;1;3;-23,41704481;-46,58022057;"SPRF-SP";"DEL03-SP";"UOP01-DEL03-SP"
540814;2023-08-07;"segunda-feira";"10:40:00";"PR";277;587,8;"CASCAVEL";"Reação tardia ou ineficiente do condutor";"Colisão traseira";"Com Vítimas Feridas";"Pleno dia";"Crescente";"Nublado";"Simples";"Aclive;Reta";"Não";2;0;1;0;1;0;1;2;-24,96941255;-53,42959722;"SPRF-PR";"DEL04-PR";"UOP01-DEL04-PR"