"id";"data_inversa";"dia_semana";"horario";"uf";"br";"km";"municipio";"causa_acidente";"tipo_acidente";"classificacao_acidente";"fase_dia";"sentido_via";"condicao_metereologica";"tipo_pista";"tracado_via";"uso_solo";"pessoas";"mortos";"feridos_leves";"feridos_graves";"ilesos";"ignorados";"feridos";"veiculos";"latitude";"longitude";"regional";"delegacia";"uop"
541071;2023-08-08;"terça-feira";"18:10:00";"RS";116;268;"CANOAS";"Condutor deixou de manter distância do veículo da frente";"Colisão traseira";"Com Vítimas Feridas";"Plena Noite";"Decrescente";"Nublado";"Simples";"Reta";"Não";2;0;1;0;1;0;1;2;-29,95042502;-51,17652939;"SPRF-RS";"DEL01-RS";"UOP01-DEL01-RS"
541072;2023-06-21;"quarta-feira";"00:44:00";"PB";230;25;"JOAO PESSOA";"Transitar na contramão";"Colisão frontal";"Com Vítimas Feridas";"Plena Noite";"Crescente";"Nublado";"Múltipla";"Reta";"Sim";2;0;0;1;1;0;1;2;-7,1707;-34,8684;"SPRF-PB";"DEL01-PB";"UOP01-DEL01-PB"
541074;2023-08-08;"terça-feira";"15:40:00";"MT";70;504,9;"CUIABA";"Demais falhas mecânicas ou elétricas";"Incêndio";"Sem Vítimas";"Pleno dia";"Decrescente";"Céu Claro";"Simples";"Aclive;Reta";"Não";1;0;0;0;1;0;0;1;-15,7018878;-56,0564439;"SPRF-MT";"DEL01-MT";"UOP02-DEL01-MT"
541076;2023-08-08;"terça-feira";"18:15:00";"RS";290;473,1;"ROSARIO DO SUL";"Demais falhas mecânicas ou elétricas";"Tombamento";"Com Vítimas Feridas";"Pleno dia";"Crescente";"Céu Claro";"Simples";"Reta";"Não";2;0;2;0;0;0;2;1;-30,242659;-54,848007;"SPRF-RS";"DEL11-RS";"UOP02-DEL11-RS"
541079;2023-08-08;"terça-feira";"18:00:00";"RJ";116;171;"RIO DE JANEIRO";"Chuva";"Colisão transversal";"Com Vítimas Feridas";"Plena Noite";"Crescente";"Chuva";"Múltipla";"Reta";"Sim";2;0;1;0;1;0;1;2;-22,8060415;-43,34289573;"SPRF-RJ";"DEL01-RJ";"UOP02-DEL01-RJ"
541080;2023-08-08;"terça-feira";"18:21:00";"PE";101;52;"PAULISTA";"Entrada inopinada do pedestre";"Atropelamento de Pedestre";"Com Vítimas Fatais";"Plena Noite";"Decrescente";"Nublado";"Dupla";"Reta";"Não";2;1;1;0;0;0;1;2;-7,92358799;-34,89607201;"SPRF-PE";"DEL01-PE";"UOP02-DEL01-PE"
541081;2023-08-08;"terça-feira";"18:50:00";"RS";158;194,5;"CRUZ ALTA";"Desrespeitar a preferência no cruzamento";"Colisão transversal";"Com Vítimas Feridas";"Plena Noite";"Crescente";"Céu Claro";"Simples";"Interseção de Vias;Rotatória";"Sim";5;0;2;0;3;0;2;2;-28,63883986;-53,57203169;"SPRF-RS";"DEL10-RS";"UOP02-DEL10-RS"
541082;2023-08-08;"terça-feira";"18:00:00";"SC";101;276,5;"IMBITUBA";"Reação tardia ou ineficiente do condutor";"Saída de leito carroçável";"Com Vítimas Feridas";"Anoitecer";"Decrescente";"Céu Claro";"Dupla";"Aclive";"Não";1;0;1;0;0;0;1;1;-28,14644701;-48,69204746;"SPRF-SC";"DEL02-SC";"UOP03-DEL02-SC"
541086;2023-08-08;"terça-feira";"18:30:00";"RS";101;31;"TRES CACHOEIRAS";"Transitar na contramão";"Colisão frontal";"Com Vítimas Feridas";"Plena Noite";"Decrescente";"Nublado";"Simples";"Reta";"Sim";2;0;1;0;1;0;1;2;-29,48566666;-49,97371445;"SPRF-RS";"DEL03-RS";"UOP02-DEL03-RS"
541088;2023-08-08;"terça-feira";"18:15:00";"SC";101;411;"ARARANGUA";"Condutor deixou de manter distância do veículo da frente";"Colisão traseira";"Com Vítimas Feridas";"Anoitecer";"Decrescente";"Nublado";"Simples";"Reta";"Sim";2;0;1;0;1;0;1;2;-28,95175245;-49,50825691;"SPRF-SC";"DEL02-SC";"UOP02-DEL02-SC"
541091;2023-08-08;"terça-feira";"19:45:00";"RJ";101;309;"SAO GONCALO";"Ausência de reação do condutor";"Colisão traseira";"Com Vítimas Feridas";"Plena Noite";"Decrescente";"Chuva";"Dupla";"Reta";"Sim";3;0;1;0;1;1;1;2;-22,79498873;-43,03446105;"SPRF-RJ";"DEL02-RJ";"UOP02-DEL02-RJ"
541092;2023-08-08;"terça-feira";"18:20:00";"ES";101;265,7;"SERRA";"Animais na Pista";"Tombamento";"Com Vítimas Feridas";"Anoitecer";"Decrescente";"Ignorado";"Múltipla";"Reta";"Sim";1;0;1;0;0;0;1;1;-20,1816849;-40,26536036;"SPRF-ES";"DEL02-ES";"UOP01-DEL02-ES"
541093;2023-08-08;"terça-feira";"19:30:00";"SC";470;68,7;"INDAIAL";"Ingestão de álcool ou de substâncias psicoativas pelo pedestre";"Colisão com objeto";"Com Vítimas Feridas";"Plena Noite";"Decrescente";"Nublado";"Simples";"Rotatória";"Sim";1;0;1;0;0;0;1;1;-26,88330037;-49,2463742;"SPRF-SC";"DEL04-SC";"UOP01-DEL04-SC"
541094;2023-08-08;"terça-feira";"17:40:00";"AC";364;133;"RIO BRANCO";"Condutor deixou de manter distância do veículo da frente";"Colisão traseira";"Com Vítimas Feridas";"Anoitecer";"Crescente";"Céu Claro";"Dupla";"Reta";"Sim";2;0;1;0;1;0;1;2;-9,998272;-67,849413;"SPRF-AC";"DEL01-AC";"UOP01-DEL01-AC"
541095;2023-08-08;"terça-feira";"19:05:00";"DF";40;4;"BRASILIA";"Trafegar com motocicleta (ou similar) entre as faixas";"Tombamento";"Com Vítimas Feridas";"Plena Noite";"Crescente";"Céu Claro";"Dupla";"Reta";"Não";1;0;0;1;0;0;1;1;-16,012033;-47,982124;"SPRF-DF";"DEL01-DF";"UOP01-DEL01-DF"
541096;2023-08-08;"terça-feira";"20:00:00";"GO";60;385;"RIO VERDE";"Entrada inopinada do pedestre";"Atropelamento de Pedestre";"Com Vítimas Feridas";"Plena Noite";"Crescente";"Céu Claro";"Dupla";"Declive";"Sim";2;0;0;1;1;0;1;2;-17,7845;-50,9002;"SPRF-GO";"DEL04-GO";"UOP02-DEL04-GO"
541098;2023-08-08;"terça-feira";"16:00:00";"PE";316;302;"FLORESTA";"Reação tardia ou ineficiente do condutor";"Colisão transversal";"Com Vítimas Feridas";"Pleno dia";"Decrescente";"Céu Claro";"Simples";"Interseção de Vias";"Sim";5;0;5;0;0;0;5;2;-8,60666402;-38,587711;"SPRF-PE";"DEL04-PE";"UOP03-DEL04-PE"
541100;2023-08-08;"terça-feira";"18:00:00";"MS";163;217;"CAARAPO";"Animais na Pista";"Atropelamento de Animal";"Com Vítimas Feridas";"Plena Noite";"Decrescente";"Nublado";"Simples";"Aclive;Reta";"Não";1;0;1;0;0;0;1;1;-22,56184589;-54,82688586;"SPRF-MS";"DEL04-MS";"UOP02-DEL04-MS"
541101;2023-08-08;"terça-feira";"19:30:00";"SC";470;138;"RIO DO SUL";"Desrespeitar a preferência no cruzamento";"Colisão transversal";"Com Vítimas Feridas";"Plena Noite";"Crescente";"Nublado";"Simples";"Retorno Regulamentado";"Sim";2;0;1;0;1;0;1;2;-27,207214;-49,648476;"SPRF-SC";"DEL04-SC";"UOP02-DEL04-SC"
541103;2023-08-08;"terça-feira";"18:55:00";"MT";174;21;"PONTES E LACERDA";"Animais na Pista";"Atropelamento de Animal";"Com Vítimas Feridas";"Plena Noite";"Decrescente";"Céu Claro";"Simples";"Reta";"Não";2;0;0;2;0;0;2;1;-15,226537;-59,335728;"SPRF-MT";"DEL04-MT";"UOP01-DEL04-MT"
541104;2023-08-08;"terça-feira";"17:25:00";"RS";116;216,6;"MORRO REUTER";"Reação tardia ou ineficiente do condutor";"Colisão lateral sentido oposto";"Com Vítimas Feridas";"Anoitecer";"Crescente";"Céu Claro";"Simples";"Reta";"Não";3;0;1;0;2;0;1;2;-29,54001608;-51,07711676;"SPRF-RS";"DEL05-RS";"UOP02-DEL05-RS"
541108;2023-08-08;"terça-feira";"11:10:00";"SC";470;22;"ILHOTA";"Acessar a via sem observar a presença dos outros veículos";"Incêndio";"Sem Vítimas";"Pleno dia";"Decrescente";"Céu Claro";"Simples";"Interseção de Vias";"Não";1;0;0;0;0;1;0;1;-26,880066;-48,836224;"SPRF-SC";"DEL04-SC";"UOP04-DEL04-SC"
541109;2023-08-08;"terça-feira";"19:55:00";"SP";101;45,6;"UBATUBA";"Ausência de reação do condutor";"Saída de leito carroçável";"Com Vítimas Feridas";"Plena Noite";"Crescente";"Garoa/Chuvisco";"Simples";"Curva";"Sim";1;0;1;0;0;0;1;1;-23,41779396;-45,06788408;"SPRF-SP";"DEL06-SP";"UOP01-DEL06-SP"
541110;2023-08-08;"terça-feira";"17:40:00";"RS";392;7,2;"RIO GRANDE";"Acessar a via sem observar a presença dos outros veículos";"Colisão transversal";"Com Vítimas Feridas";"Pleno dia";"Crescente";"Céu Claro";"Simples";"Reta";"Não";2;0;1;0;1;0;1;2;-32,093615;-52,108877;"SPRF-RS";"DEL07-RS";"UOP02-DEL07-RS"
541111;2023-08-08;"terça-feira";"21:25:00";"DF";20;22;"BRASILIA";"Ingestão de álcool pelo condutor";"Colisão com objeto";"Sem Vítimas";"Plena Noite";"Crescente";"Céu Claro";"Dupla";"Curva;Retorno Regulamentado;Interseção de Vias";"Sim";1;0;0;0;1;0;0;1;-15,59468262;-47,65963554;"SPRF-DF";"DEL02-DF";"UOP01-DEL02-DF"
541114;2023-08-08;"terça-feira";"20:20:00";"RJ";40;52;"PETROPOLIS";"Transitar no Acostamento";"Atropelamento de Pedestre";"Com Vítimas Feridas";"Plena Noite";"Crescente";"Nublado";"Dupla";"Reta";"Não";3;0;3;0;0;0;3;2;-22,33571319;-43,13320403;"SPRF-RJ";"DEL05-RJ";"UOP02-DEL05-RJ"
541117;2023-08-08;"terça-feira";"21:15:00";"SP";116;274;"TABOAO DA SERRA";"Ausência de reação do condutor";"Queda de ocupante de veículo";"Com Vítimas Feridas";"Plena Noite";"Crescente";"Garoa/Chuvisco";"Dupla";"Reta";"Não";1;0;1;0;0;0;1;1;-23,63445084;-46,82418514;"SPRF-SP";"DEL04-SP";"UOP01-DEL04-SP"
541118;2023-08-08;"terça-feira";"16:40:00";"RS";290;175,9;"BUTIA";"Acessar a via sem observar a presença dos outros veículos";"Colisão transversal";"Com Vítimas Feridas";"Pleno dia";"Decrescente";"Céu Claro";"Simples";"Reta";"Não";2;0;1;0;1;0;1;2;-30,129343;-51,961823;"SPRF-RS";"DEL02-RS";"UOP03-DEL02-RS"
541119;2023-08-08;"terça-feira";"17:53:00";"PE";232;117,2;"CARUARU";"Acessar a via sem observar a presença dos outros veículos";"Colisão lateral mesmo sentido";"Com Vítimas Feridas";"Plena Noite";"Crescente";"Céu Claro";"Dupla";"Reta;Rotatória";"Não";2;0;1;0;1;0;1;2;-8,29529153;-35,8754959;"SPRF-PE";"DEL02-PE";"UOP01-DEL02-PE"
541125;2023-08-08;"terça-feira";"20:10:00";"SC";470;297;"CAMPOS NOVOS";"Ingestão de álcool pelo condutor";"Colisão com objeto";"Sem Vítimas";"Plena Noite";"Decrescente";"Céu Claro";"Simples";"Curva";"Não";1;0;0;0;1;0;0;1;-27,354078;-51,027855;"SPRF-SC";"DEL07-SC";"UOP06-DEL07-SC"
541126;2023-08-08;"terça-feira";"22:15:00";"SP";381;15;"BRAGANCA PAULISTA";"Reação tardia ou ineficiente do condutor";"Tombamento";"Com Vítimas Feridas";"Pleno dia";"Crescente";"Nublado";"Dupla";"Reta";"Não";1;0;1;0;0;0;1;1;-22,94909097;-46,47908707;"SPRF-SP";"DEL03-SP";"UOP02-DEL03-SP"
541128;2023-08-08;"terça-feira";"22:20:00";"MG";50;24,3;"ARAGUARI";"Manobra de mudança de faixa";"Saída de leito carroçável";"Com Vítimas Feridas";"Plena Noite";"Crescente";"Céu Claro";"Dupla";"Curva;Declive";"Não";3;0;1;0;2;0;1;1;-18,61024882;-48,06820499;"SPRF-MG";"DEL15-MG";"UOP02-DEL15-MG"
541129;2023-08-08;"terça-feira";"21:30:00";"SP";381;85;"SAO PAULO";"Manobra de mudança de faixa";"Colisão transversal";"Com Vítimas Feridas";"Plena Noite";"Crescente";"Garoa/Chuvisco";"Dupla";"Reta";"Sim";3;0;2;0;1;0;2;2;-23,46396185;-46,57169402;"SPRF-SP";"DEL03-SP";"UOP01-DEL03-SP"
541130;2023-08-08;"terça-feira";"14:30:00";"MG";116;376,2;"MATHIAS LOBATO";"Acessar a via sem observar a presença dos outros veículos";"Colisão transversal";"Sem Vítimas";"Pleno dia";"Crescente";"Céu Claro";"Simples";"Reta";"Sim";2;0;0;0;2;0;0;2;-18,586299;-41,92426908;"SPRF-MG";"DEL06-MG";"UOP01-DEL06-MG"
541131;2023-08-08;"terça-feira";"23:30:00";"MG";356;273,2;"EUGENOPOLIS";"Velocidade Incompatível";"Colisão com objeto";"Sem Vítimas";"Plena Noite";"Crescente";"Nublado";"Simples";"Curva;Declive";"Não";1;0;0;0;1;0;0;1;-21,12839937;-42,32458406;"SPRF-MG";"DEL07-MG";"UOP02-DEL07-MG"
541133;2023-08-08;"terça-feira";"23:15:00";"SP";116;273;"TABOAO DA SERRA";"Chuva";"Capotamento";"Sem Vítimas";"Plena Noite";"Crescente";"Chuva";"Dupla";"Reta";"Sim";1;0;0;0;0;1;0;1;-23,62809795;-46,81870306;"SPRF-SP";"DEL04-SP";"UOP01-DEL04-SP"
541134;2023-08-09;"quarta-feira";"00:10:00";"MG";50;184,3;"UBERABA";"Iluminação deficiente";"Colisão traseira";"Com Vítimas Fatais";"Plena Noite";"Decrescente";"Nublado";"Dupla";"Reta";"Não";1;1;0;0;0;0;0;1;-19,810175;-47,90028;"SPRF-MG";"DEL13-MG";"UOP01-DEL13-MG"
541135;2023-08-08;"terça-feira";"23:00:00";"PR";369;495,8;"CORBELIA";"Chuva";"Saída de leito carroçável";"Com Vítimas Feridas";"Plena Noite";"Crescente";"Chuva";"Simples";"Curva";"Não";1;0;1;0;0;0;1;1;-24,747;-53,2762;"SPRF-PR";"DEL04-PR";"UOP03-DEL04-PR"
541137;2023-08-09;"quarta-feira";"00:40:00";"RJ";116;172;"SAO JOAO DE MERITI";"Deficiência do Sistema de Iluminação/Sinalização";"Colisão lateral mesmo sentido";"Com Vítimas Feridas";"Plena Noite";"Crescente";"Garoa/Chuvisco";"Múltipla";"Reta";"Sim";2;0;1;0;1;0;1;2;-22,80188151;-43,35043673;"SPRF-RJ";"DEL01-RJ";"UOP02-DEL01-RJ"
541139;2023-08-08;"terça-feira";"23:45:00";"SP";381;79;"SAO PAULO";"Ausência de reação do condutor";"Queda de ocupante de veículo";"Com Vítimas Feridas";"Plena Noite";"Decrescente";"Garoa/Chuvisco";"Dupla";"Reta";"Não";1;0;1;0;0;0;1;1;-23,40319901;-46,57564699;"SPRF-SP";"DEL03-SP";"UOP01-DEL03-SP"
541145;2023-08-09;"quarta-feira";"05:30:00";"SP";116;206;"GUARULHOS";"Demais falhas mecânicas ou elétricas";"Incêndio";"Sem Vítimas";"Pleno dia";"Crescente";"Nublado";"Dupla";"Reta";"Não";1;0;0;0;1;0;0;1;-23,41722629;-46,37510292;"SPRF-SP";"DEL01-SP";"UOP01-DEL01-SP"
541146;2023-08-09;"quarta-feira";"06:10:00";"SP";116;211;"GUARULHOS";"Mal súbito do condutor";"Colisão com objeto";"Com Vítimas Feridas";"Pleno dia";"Crescente";"Nublado";"Múltipla";"Declive";"Sim";1;0;1;0;0;0;1;1;-23,4324306;-46,4194352;"SPRF-SP";"DEL01-SP";"UOP01-DEL01-SP"
541147;2023-08-09;"quarta-feira";"06:18:00";"DF";20;7,2;"BRASILIA";"Reação tardia ou ineficiente do condutor";"Saída de leito carroçável";"Com Vítimas Feridas";"Pleno dia";"Crescente";"Céu Claro";"Dupla";"Reta";"Sim";2;0;1;0;1;0;1;1;-15,661259;-47,797925;"SPRF-DF";"DEL02-DF";"UOP01-DEL02-DF"
541148;2023-08-09;"quarta-feira";"05:00:00";"MG";116;318;"ITAMBACURI";"Condutor Dormindo";"Saída de leito carroçável";"Com Vítimas Feridas";"Amanhecer";"Crescente";"Céu Claro";"Simples";"Declive;Reta";"Não";2;0;2;0;0;0;2;1;-18,13775307;-41,69598356;"SPRF-MG";"DEL11-MG";"UOP01-DEL11-MG"
541149;2023-08-09;"quarta-feira";"06:35:00";"PE";101;46;"IGARASSU";"Ultrapassagem Indevida";"Colisão transversal";"Com Vítimas Feridas";"Pleno dia";"Decrescente";"Céu Claro";"Múltipla";"Reta";"Sim";2;0;2;0;0;0;2;2;-7,87406004;-34,90588126;"SPRF-PE";"DEL01-PE";"UOP02-DEL01-PE"
541150;2023-08-09;"quarta-feira";"06:15:00";"MG";116;524,5;"CARATINGA";"Acessar a via sem observar a presença dos outros veículos";"Colisão transversal";"Com Vítimas Feridas";"Pleno dia";"Decrescente";"Nublado";"Simples";"Reta";"Sim";2;0;1;0;1;0;1;2;-19,76639589;-42,13116931;"SPRF-MG";"DEL06-MG";"UOP02-DEL06-MG"
541151;2023-08-09;"quarta-feira";"05:10:00";"RJ";101;266;"RIO BONITO";"Condutor Dormindo";"Saída de leito carroçável";"Com Vítimas Feridas";"Amanhecer";"Crescente";"Garoa/Chuvisco";"Dupla";"Reta";"Não";3;0;3;0;0;0;3;1;-22,70861445;-42,65178735;"SPRF-RJ";"DEL02-RJ";"UOP03-DEL02-RJ"
541152;2023-08-09;"quarta-feira";"06:00:00";"PR";116;127;"FAZENDA RIO GRANDE";"Reação tardia ou ineficiente do condutor";"Colisão traseira";"Sem Vítimas";"Amanhecer";"Decrescente";"Chuva";"Múltipla";"Interseção de Vias";"Sim";2;0;0;0;2;0;0;2;-25,648498;-49,312448;"SPRF-PR";"DEL01-PR";"UOP03-DEL01-PR"
541154;2023-08-09;"quarta-feira";"07:00:00";"RJ";101;432;"MANGARATIBA";"Velocidade Incompatível";"Saída de leito carroçável";"Sem Vítimas";"Pleno dia";"Decrescente";"Chuva";"Simples";"Curva";"Sim";1;0;0;0;1;0;0;1;-22,93437472;-44,02919087;"SPRF-RJ";"DEL03-RJ";"UOP02-DEL03-RJ"
541155;2023-08-09;"quarta-feira";"06:45:00";"GO";40;1,4;"VALPARAISO DE GOIAS";"Trafegar com motocicleta (ou similar) entre as faixas";"Colisão traseira";"Com Vítimas Feridas";"Pleno dia";"Decrescente";"Céu Claro";"Dupla";"Reta";"Não";4;0;1;0;3;0;1;2;-16,058245;-47,982825;"SPRF-DF";"DEL01-DF";"UOP01-DEL01-DF"
541159;2023-08-08;"terça-feira";"15:00:00";"RJ";116;90;"TERESOPOLIS";"Pista Escorregadia";"Colisão lateral sentido oposto";"Com Vítimas Feridas";"Pleno dia";"Decrescente";"Chuva";"Simples";"Curva";"Não";5;0;4;0;1;0;4;2;-22,46035934;-42,96568206;"SPRF-RJ";"DEL04-RJ";"UOP01-DEL04-RJ"
541160;2023-08-09;"quarta-feira";"06:50:00";"PI";343;345;"TERESINA";"Manobra de mudança de faixa";"Colisão transversal";"Com Vítimas Feridas";"Pleno dia";"Decrescente";"Céu Claro";"Simples";"Reta";"Sim";2;0;1;0;0;1;1;2;-5,102889;-42,766506;"SPRF-PI";"DEL01-PI";"UOP01-DEL01-PI"
541161;2023-08-09;"quarta-feira";"06:45:00";"PR";277;3,8;"PARANAGUA";"Chuva";"Tombamento";"Com Vítimas Feridas";"Amanhecer";"Crescente";"Chuva";"Simples";"Reta";"Sim";1;0;0;1;0;0;1;1;-25,5478637;-48,560644;"SPRF-PR";"DEL01-PR";"UOP05-DEL01-PR"
541163;2023-08-09;"quarta-feira";"07:37:00";"DF";70;18;"BRASILIA";"Ausência de reação do condutor";"Colisão transversal";"Com Vítimas Feridas";"Pleno dia";"Decrescente";"Céu Claro";"Dupla";"Reta";"Não";2;0;1;0;1;0;1;2;-15,791093;-48,21096;"SPRF-DF";"DEL03-DF";"UOP02-DEL03-DF"
541164;2023-08-09;"quarta-feira";"04:45:00";"PR";116;16;"CAMPINA GRANDE DO SUL";"Reação tardia ou ineficiente do condutor";"Capotamento";"Sem Vítimas";"Plena Noite";"Crescente";"Chuva";"Dupla";"Curva";"Não";1;0;0;0;0;1;0;1;-25,09969807;-48,692225;"SPRF-PR";"DEL01-PR";"UOP02-DEL01-PR"
541167;2023-08-09;"quarta-feira";"07:11:00";"RJ";116;234;"PIRAI";"Pista Escorregadia";"Capotamento";"Com Vítimas Feridas";"Amanhecer";"Decrescente";"Nevoeiro/Neblina";"Dupla";"Curva";"Sim";3;0;2;0;1;0;2;1;-22,66632663;-43,84704988;"SPRF-RJ";"DEL07-RJ";"UOP01-DEL07-RJ"
541168;2023-08-09;"quarta-feira";"06:50:00";"RS";471;174;"RIO PARDO";"Desrespeitar a preferência no cruzamento";"Colisão transversal";"Com Vítimas Feridas";"Pleno dia";"Decrescente";"Nublado";"Simples";"Interseção de Vias";"Sim";3;0;0;2;1;0;2;2;-29,98150729;-52,3695302;"SPRF-RS";"DEL02-RS";"UOP03-DEL02-RS"
541169;2023-08-09;"quarta-feira";"07:45:00";"MG";365;624;"UBERLANDIA";"Ausência de reação do condutor";"Engavetamento";"Com Vítimas Feridas";"Amanhecer";"Decrescente";"Céu Claro";"Múltipla";"Reta";"Sim";5;0;1;0;4;0;1;4;-18,90754763;-48,3160669;"SPRF-MG";"DEL15-MG";"UOP01-DEL15-MG"
541170;2023-08-09;"quarta-feira";"08:30:00";"MG";381;478,8;"CONTAGEM";"Ausência de reação do condutor";"Tombamento";"Sem Vítimas";"Pleno dia";"Decrescente";"Céu Claro";"Dupla";"Reta";"Sim";1;0;0;0;1;0;0;1;-19,95826094;-44,05921101;"SPRF-MG";"DEL01-MG";"UOP03-DEL01-MG"
541173;2023-08-07;"segunda-feira";"07:45:00";"PE";424;75,6;"CAETES";"Acessar a via sem observar a presença dos outros veículos";"Colisão transversal";"Com Vítimas Feridas";"Pleno dia";"Decrescente";"Nublado";"Simples";"Reta";"Não";3;0;0;1;2;0;1;2;-8,85702308;-36,51218326;"SPRF-PE";"DEL03-PE";"UOP01-DEL03-PE"
541174;2023-08-09;"quarta-feira";"07:25:00";"SC";101;120,1;"ITAJAI";"Manobra de mudança de faixa";"Colisão lateral mesmo sentido";"Com Vítimas Feridas";"Pleno dia";"Crescente";"Chuva";"Dupla";"Reta";"Não";3;0;2;0;1;0;2;2;-26,912758;-48,711998;"SPRF-SC";"DEL04-SC";"UOP04-DEL04-SC"
541177;2023-08-09;"quarta-feira";"07:30:00";"SC";163;85;"GUARACIABA";"Acessar a via sem observar a presença dos outros veículos";"Colisão frontal";"Com Vítimas Feridas";"Pleno dia";"Crescente";"Chuva";"Simples";"Aclive;Reta";"Não";2;0;1;0;1;0;1;2;-26,60730301;-53,51704391;"SPRF-SC";"DEL07-SC";"UOP03-DEL07-SC"
541178;2023-08-09;"quarta-feira";"08:15:00";"DF";70;19;"BRASILIA";"Ausência de reação do condutor";"Queda de ocupante de veículo";"Com Vítimas Feridas";"Pleno dia";"Decrescente";"Céu Claro";"Dupla";"Reta";"Não";1;0;1;0;0;0;1;1;-15,788868;-48,220242;"SPRF-DF";"DEL03-DF";"UOP02-DEL03-DF"
541179;2023-08-09;"quarta-feira";"08:17:00";"PI";316;1;"TERESINA";"Acessar a via sem observar a presença dos outros veículos";"Colisão lateral mesmo sentido";"Com Vítimas Feridas";"Pleno dia";"Decrescente";"Céu Claro";"Dupla";"Curva";"Não";2;0;1;0;1;0;1;2;-5,12861853;-42,80706778;"SPRF-PI";"DEL01-PI";"UOP02-DEL01-PI"
541181;2023-08-09;"quarta-feira";"08:56:00";"DF";20;4;"BRASILIA";"Reação tardia ou ineficiente do condutor";"Colisão lateral mesmo sentido";"Com Vítimas Feridas";"Pleno dia";"Decrescente";"Céu Claro";"Dupla";"Aclive";"Sim";4;0;1;1;2;0;2;3;-15,675484;-47,823761;"SPRF-DF";"DEL02-DF";"UOP01-DEL02-DF"
541182;2023-06-22;"quinta-feira";"06:58:00";"RN";101;97,1;"NATAL";"Pista Escorregadia";"Tombamento";"Com Vítimas Feridas";"Pleno dia";"Decrescente";"Chuva";"Múltipla";"Reta";"Sim";2;0;0;1;0;1;1;2;-5,857567;-35,212553;"SPRF-RN";"DEL01-RN";"UOP01-DEL01-RN"
541184;2023-08-09;"quarta-feira";"08:40:00";"PE";428;189;"PETROLINA";"Condutor desrespeitou a iluminação vermelha do semáforo";"Colisão transversal";"Com Vítimas Feridas";"Pleno dia";"Crescente";"Nublado";"Dupla";"Retorno Regulamentado;Interseção de Vias";"Sim";2;0;1;0;1;0;1;2;-9,37197508;-40,48679585;"SPRF-PE";"DEL06-PE";"UOP01-DEL06-PE"
541186;2023-08-09;"quarta-feira";"08:20:00";"PR";277;671;"MEDIANEIRA";"Chuva";"Colisão traseira";"Com Vítimas Feridas";"Pleno dia";"Crescente";"Chuva";"Dupla";"Reta";"Sim";4;0;1;0;3;0;1;4;-25,28490106;-54,08744898;"SPRF-PR";"DEL05-PR";"UOP02-DEL05-PR"
541189;2023-07-13;"quinta-feira";"13:00:00";"PE";407;124;"PETROLINA";"Desrespeitar a preferência no cruzamento";"Queda de ocupante de veículo";"Com Vítimas Feridas";"Pleno dia";"Decrescente";"Ignorado";"Dupla";"Reta;Rotatória";"Sim";1;0;1;0;0;0;1;1;-9,37575669;-40,53765774;"SPRF-PE";"DEL06-PE";"UOP01-DEL06-PE"
541191;2023-08-09;"quarta-feira";"08:10:00";"GO";70;3;"AGUAS LINDAS DE GOIAS";"Ausência de reação do condutor";"Saída de leito carroçável";"Com Vítimas Feridas";"Pleno dia";"Decrescente";"Céu Claro";"Dupla";"Declive;Reta";"Sim";4;0;4;0;0;0;4;1;-15,76177302;-48,2368693;"SPRF-DF";"DEL03-DF";"UOP02-DEL03-DF"
541192;2023-08-09;"quarta-feira";"07:40:00";"SP";116;270;"TABOAO DA SERRA";"Trafegar com motocicleta (ou similar) entre as faixas";"Colisão traseira";"Com Vítimas Feridas";"Pleno dia";"Decrescente";"Céu Claro";"Dupla";"Declive;Reta";"Sim";2;0;1;0;1;0;1;2;-23,6179972751;-46,7967769415;"SPRF-SP";"DEL04-SP";"UOP01-DEL04-SP"
541194;2023-08-09;"quarta-feira";"08:30:00";"PR";376;162;"MARINGA";"Reação tardia ou ineficiente do condutor";"Colisão traseira";"Com Vítimas Feridas";"Pleno dia";"Decrescente";"Chuva";"Múltipla";"Reta";"Não";3;0;1;0;2;0;1;2;-23,37710685;-52,04510993;"SPRF-PR";"DEL09-PR";"UOP01-DEL09-PR"
541196;2023-05-14;"domingo";"19:00:00";"MG";356;271,3;"MURIAE";"Demais falhas mecânicas ou elétricas";"Tombamento";"Com Vítimas Feridas";"Plena Noite";"Decrescente";"Ignorado";"Simples";"Curva";"Não";1;0;0;1;0;0;1;1;-21,12943471;-42,31871735;"SPRF-MG";"DEL07-MG";"UOP02-DEL07-MG"
541197;2023-08-09;"quarta-feira";"09:20:00";"SC";282;590,5;"SAUDADES";"Frear bruscamente";"Saída de leito carroçável";"Com Vítimas Feridas";"Pleno dia";"Decrescente";"Chuva";"Simples";"Curva";"Não";2;0;1;0;1;0;1;1;-26,825788;-53,072556;"SPRF-SC";"DEL07-SC";"UOP02-DEL07-SC"
541198;2023-07-21;"sexta-feira";"19:00:00";"SC";101;120;"ITAJAI";"Trafegar com motocicleta (ou similar) entre as faixas";"Colisão traseira";"Com Vítimas Feridas";"Plena Noite";"Crescente";"Céu Claro";"Dupla";"Reta";"Não";2;0;1;0;1;0;1;2;-26,912758;-48,711998;"SPRF-SC";"DEL04-SC";"UOP04-DEL04-SC"