"id";"data_inversa";"dia_semana";"horario";"uf";"br";"km";"municipio";"causa_acidente";"tipo_acidente";"classificacao_acidente";"fase_dia";"sentido_via";"condicao_metereologica";"tipo_pista";"tracado_via";"uso_solo";"pessoas";"mortos";"feridos_leves";"feridos_graves";"ilesos";"ignorados";"feridos";"veiculos";"latitude";"longitude";"regional";"delegacia";"uop"
541202;2023-08-09;"quarta-feira";"07:05:00";"PB";101;66,3;"SANTA RITA";"Ausência de reação do condutor";"Saída de leito carroçável";"Com Vítimas Fatais";"Pleno dia";"Crescente";"Ignorado";"Dupla";"Reta";"Não";1;1;0;0;0;0;0;1;-7,04802898;-35,04348899;"SPRF-PB";"DEL01-PB";"UOP04-DEL01-PB"
541203;2023-06-30;"sexta-feira";"18:35:00";"PR";277;721;"FOZ DO IGUACU";"Iluminação deficiente";"Atropelamento de Pedestre";"Com Vítimas Feridas";"Plena Noite";"Decrescente";"Céu Claro";"Dupla";"Reta";"Sim";2;0;0;2;0;0;2;2;-25,4911505;-54,51185421;"SPRF-PR";"DEL05-PR";"UOP03-DEL05-PR"
541205;2023-08-09;"quarta-feira";"10:40:00";"PR";277;698,3;"SAO MIGUEL DO IGUACU";"Reação tardia ou ineficiente do condutor";"Saída de leito carroçável";"Com Vítimas Feridas";"Pleno dia";"Decrescente";"Garoa/Chuvisco";"Dupla";"Reta";"Não";1;0;1;0;0;0;1;1;-25,3964712;-54,31179289;"SPRF-PR";"DEL05-PR";"UOP01-DEL05-PR"
541206;2023-07-08;"sábado";"21:20:00";"CE";116;4;"FORTALEZA";"Acessar a via sem observar a presença dos outros veículos";"Atropelamento de Pedestre";"Com Vítimas Fatais";"Plena Noite";"Decrescente";"Céu Claro";"Múltipla";"Reta";"Não";2;1;0;0;1;0;0;2;-3,7867209;-38,5114568;"SPRF-CE";"DEL01-CE";"UOP02-DEL01-CE"
541208;2023-08-09;"quarta-feira";"10:20:00";"PB";101;101;"CONDE";"Transitar no Acostamento";"Colisão lateral mesmo sentido";"Com Vítimas Feridas";"Pleno dia";"Decrescente";"Sol";"Dupla";"Reta";"Não";2;0;0;1;1;0;1;2;-7,26940303;-34,93723934;"SPRF-PB";"DEL01-PB";"UOP02-DEL01-PB"
541211;2023-08-09;"quarta-feira";"10:40:00";"PR";277;8;"PARANAGUA";"Pista Escorregadia";"Colisão com objeto";"Com Vítimas Feridas";"Pleno dia";"Decrescente";"Chuva";"Dupla";"Reta;Aclive";"Não";3;0;1;0;2;0;1;1;-25,565868;-48,603832;"SPRF-PR";"DEL01-PR";"UOP05-DEL01-PR"
541212;2023-08-09;"quarta-feira";"06:45:00";"GO";20;145;"ALVORADA DO NORTE";"Ausência de reação do condutor";"Saída de leito carroçável";"Com Vítimas Feridas";"Amanhecer";"Crescente";"Céu Claro";"Simples";"Reta";"Não";4;0;3;0;1;0;3;1;-14,743825;-46,653893;"SPRF-DF";"DEL02-DF";"UOP03-DEL02-DF"
541213;2023-08-09;"quarta-feira";"10:12:00";"GO";60;170,8;"GOIANIA";"Avarias e/ou desgaste excessivo no pneu";"Eventos atípicos";"Com Vítimas Fatais";"Pleno dia";"Crescente";"Céu Claro";"Dupla";"Declive";"Não";1;1;0;0;0;0;0;1;-16,7305;-49,3908;"SPRF-GO";"DEL01-GO";"UOP02-DEL01-GO"
541214;2023-08-09;"quarta-feira";"11:55:00";"SC";470;23;"ILHOTA";"Acumulo de água sobre o pavimento";"Saída de leito carroçável";"Com Vítimas Feridas";"Pleno dia";"Crescente";"Chuva";"Dupla";"Reta";"Não";1;0;0;1;0;0;1;1;-26,880913;-48,846237;"SPRF-SC";"DEL04-SC";"UOP04-DEL04-SC"
541215;2023-08-09;"quarta-feira";"11:30:00";"PR";376;623;"SAO JOSE DOS PINHAIS";"Velocidade Incompatível";"Saída de leito carroçável";"Com Vítimas Feridas";"Pleno dia";"Decrescente";"Garoa/Chuvisco";"Dupla";"Reta";"Não";2;0;1;0;1;0;1;1;-25,63462416;-49,16182135;"SPRF-PR";"DEL01-PR";"UOP04-DEL01-PR"
541218;2023-08-09;"quarta-feira";"12:35:00";"SC";101;204;"SAO JOSE";"Chuva";"Tombamento";"Com Vítimas Feridas";"Pleno dia";"Crescente";"Chuva";"Dupla";"Túnel";"Sim";1;0;0;1;0;0;1;1;-27,57413014;-48,61363083;"SPRF-SC";"DEL01-SC";"UOP01-DEL01-SC"
541220;2023-08-09;"quarta-feira";"13:00:00";"ES";101;266,4;"SERRA";"Condutor deixou de manter distância do veículo da frente";"Colisão traseira";"Com Vítimas Feridas";"Pleno dia";"Crescente";"Nublado";"Múltipla";"Reta";"Sim";3;0;1;0;2;0;1;3;-20,1931722;-40,268584;"SPRF-ES";"DEL02-ES";"UOP01-DEL02-ES"
541223;2023-08-01;"terça-feira";"09:15:00";"SP";381;89;"GUARULHOS";"Ausência de reação do condutor";"Colisão lateral mesmo sentido";"Com Vítimas Feridas";"Pleno dia";"Crescente";"Céu Claro";"Múltipla";"Reta";"Não";2;0;1;0;1;0;1;2;-23,48469299;-46,55983288;"SPRF-SP";"DEL03-SP";"UOP01-DEL03-SP"
541226;2023-07-12;"quarta-feira";"16:40:00";"MG";153;164;"COMENDADOR GOMES";"Acessar a via sem observar a presença dos outros veículos";"Colisão transversal";"Com Vítimas Feridas";"Pleno dia";"Decrescente";"Céu Claro";"Simples";"Reta";"Não";2;0;1;0;1;0;1;2;-19,708947;-48,980372;"SPRF-MG";"DEL13-MG";"UOP02-DEL13-MG"
541227;2023-08-09;"quarta-feira";"13:00:00";"PR";476;144,1;"CURITIBA";"Trafegar com motocicleta (ou similar) entre as faixas";"Colisão lateral mesmo sentido";"Com Vítimas Feridas";"Pleno dia";"Decrescente";"Chuva";"Dupla";"Reta";"Sim";2;0;0;1;1;0;1;2;-25,542501;-49,313011;"SPRF-PR";"DEL01-PR";"UOP06-DEL01-PR"
541228;2023-08-09;"quarta-feira";"09:30:00";"RJ";101;505;"ANGRA DOS REIS";"Desrespeitar a preferência no cruzamento";"Colisão transversal";"Com Vítimas Feridas";"Pleno dia";"Crescente";"Céu Claro";"Simples";"Interseção de Vias;Reta";"Sim";2;0;1;0;1;0;1;2;-22,93561595;-44,39617909;"SPRF-RJ";"DEL03-RJ";"UOP03-DEL03-RJ"
541229;2023-08-09;"quarta-feira";"11:00:00";"MG";116;497,1;"INHAPIM";"Acessar a via sem observar a presença dos outros veículos";"Colisão lateral mesmo sentido";"Com Vítimas Feridas";"Pleno dia";"Decrescente";"Céu Claro";"Simples";"Reta";"Não";2;0;1;0;1;0;1;2;-19,53876058;-42,12638855;"SPRF-MG";"DEL06-MG";"UOP02-DEL06-MG"
541231;2023-08-09;"quarta-feira";"13:15:00";"BA";324;573,9;"SAO SEBASTIAO DO PASSE";"Reação tardia ou ineficiente do condutor";"Saída de leito carroçável";"Com Vítimas Feridas";"Pleno dia";"Crescente";"Céu Claro";"Dupla";"Reta";"Não";2;0;2;0;0;0;2;1;-12,56758892;-38,55238794;"SPRF-BA";"DEL01-BA";"UOP01-DEL01-BA"
541238;2023-08-09;"quarta-feira";"14:19:00";"ES";259;30;"COLATINA";"Ausência de reação do condutor";"Colisão traseira";"Com Vítimas Feridas";"Pleno dia";"Crescente";"Chuva";"Simples";"Reta";"Não";2;0;1;0;1;0;1;2;-19,59524502;-40,50646804;"SPRF-ES";"DEL02-ES";"UOP01-DEL02-ES"
541239;2023-08-09;"quarta-feira";"12:20:00";"PR";376;250;"APUCARANA";"Manobra de mudança de faixa";"Colisão lateral mesmo sentido";"Com Vítimas Feridas";"Pleno dia";"Decrescente";"Nublado";"Dupla";"Curva";"Não";2;0;1;0;1;0;1;2;-23,63346001;-51,37800479;"SPRF-PR";"DEL07-PR";"UOP03-DEL07-PR"
541240;2023-08-09;"quarta-feira";"10:40:00";"RJ";356;110;"CARDOSO MOREIRA";"Reação tardia ou ineficiente do condutor";"Colisão frontal";"Com Vítimas Fatais";"Pleno dia";"Crescente";"Céu Claro";"Simples";"Reta";"Não";5;2;0;3;0;0;3;2;-21,55895006;-41,45319306;"SPRF-RJ";"DEL08-RJ";"UOP03-DEL08-RJ"
541241;2023-07-28;"sexta-feira";"15:30:00";"MG";262;544;"LUZ";"Acessar a via sem observar a presença dos outros veículos";"Colisão transversal";"Com Vítimas Feridas";"Pleno dia";"Decrescente";"Céu Claro";"Simples";"Reta";"Não";5;0;1;4;0;0;5;2;-19,744875;-45,835003;"SPRF-MG";"DEL08-MG";"UOP02-DEL08-MG"
541243;2023-08-09;"quarta-feira";"15:00:00";"MG";40;458;"CAETANOPOLIS";"Reação tardia ou ineficiente do condutor";"Tombamento";"Com Vítimas Feridas";"Pleno dia";"Crescente";"Céu Claro";"Dupla";"Aclive;Reta";"Não";2;0;1;1;0;0;2;1;-19,380294;-44,33825395;"SPRF-MG";"DEL02-MG";"UOP01-DEL02-MG"
541244;2023-08-09;"quarta-feira";"07:40:00";"SE";235;51;"ITABAIANA";"Acessar a via sem observar a presença dos outros veículos";"Queda de ocupante de veículo";"Com Vítimas Feridas";"Pleno dia";"Crescente";"Céu Claro";"Simples";"Reta";"Não";1;0;1;0;0;0;1;1;-10,700226;-37,431423;"SPRF-SE";"DEL01-SE";"UOP02-DEL01-SE"
541245;2023-08-09;"quarta-feira";"14:15:00";"PI";316;2,3;"TERESINA";"Condutor deixou de manter distância do veículo da frente";"Colisão lateral mesmo sentido";"Com Vítimas Feridas";"Pleno dia";"Crescente";"Sol";"Múltipla";"Reta";"Sim";2;0;1;0;1;0;1;2;-5,128622;-42,793202;"SPRF-PI";"DEL01-PI";"UOP02-DEL01-PI"
541249;2023-08-09;"quarta-feira";"15:30:00";"GO";153;495;"GOIANIA";"Manobra de mudança de faixa";"Colisão traseira";"Com Vítimas Feridas";"Pleno dia";"Crescente";"Sol";"Dupla";"Reta";"Sim";2;0;1;0;1;0;1;2;-16,6681;-49,2263;"SPRF-GO";"DEL01-GO";"UOP01-DEL01-GO"
541250;2023-08-09;"quarta-feira";"15:20:00";"MG";365;647,9;"UBERLANDIA";"Avarias e/ou desgaste excessivo no pneu";"Saída de leito carroçável";"Sem Vítimas";"Pleno dia";"Decrescente";"Céu Claro";"Dupla";"Reta";"Não";1;0;0;0;1;0;0;1;-18,87453984;-48,53093797;"SPRF-MG";"DEL15-MG";"UOP01-DEL15-MG"
541252;2023-07-22;"sábado";"06:00:00";"SC";282;516,1;"XAXIM";"Ingestão de álcool pelo condutor";"Capotamento";"Com Vítimas Feridas";"Plena Noite";"Crescente";"Ignorado";"Simples";"Curva";"Não";2;0;1;1;0;0;2;1;-26,930862;-52,499157;"SPRF-SC";"DEL07-SC";"UOP01-DEL07-SC"
541254;2023-08-09;"quarta-feira";"13:15:00";"RJ";116;171;"RIO DE JANEIRO";"Manobra de mudança de faixa";"Colisão com objeto";"Sem Vítimas";"Pleno dia";"Crescente";"Céu Claro";"Simples";"Reta";"Sim";3;0;0;0;3;0;0;1;-22,8060415;-43,34289573;"SPRF-RJ";"DEL01-RJ";"UOP02-DEL01-RJ"
541255;2023-08-09;"quarta-feira";"16:50:00";"SP";153;39,3;"ONDA VERDE";"Avarias e/ou desgaste excessivo no pneu";"Tombamento";"Com Vítimas Feridas";"Pleno dia";"Crescente";"Céu Claro";"Simples";"Reta";"Não";2;0;1;1;0;0;2;1;-20,61196908;-49,32942891;"SPRF-SP";"DEL09-SP";"UOP01-DEL09-SP"
541256;2023-08-09;"quarta-feira";"16:45:00";"PE";408;78;"PAUDALHO";"Retorno proibido";"Colisão transversal";"Com Vítimas Fatais";"Plena Noite";"Decrescente";"Céu Claro";"Dupla";"Reta";"Não";3;1;0;0;1;1;0;2;-7,92365927;-35,15513418;"SPRF-PE";"DEL01-PE";"UOP01-DEL01-PE"
541258;2023-08-09;"quarta-feira";"16:40:00";"PB";101;74,8;"SANTA RITA";"Avarias e/ou desgaste excessivo no pneu";"Tombamento";"Com Vítimas Feridas";"Pleno dia";"Decrescente";"Céu Claro";"Dupla";"Curva;Aclive";"Não";2;0;2;0;0;0;2;1;-7,08339163;-34,98076176;"SPRF-PB";"DEL01-PB";"UOP04-DEL01-PB"
541261;2023-08-09;"quarta-feira";"17:30:00";"GO";40;0,5;"VALPARAISO DE GOIAS";"Ingestão de álcool pelo condutor";"Colisão traseira";"Sem Vítimas";"Pleno dia";"Crescente";"Céu Claro";"Dupla";"Reta";"Sim";2;0;0;0;2;0;0;2;-16,058273;-47,982655;"SPRF-DF";"DEL01-DF";"UOP01-DEL01-DF"
541262;2023-08-09;"quarta-feira";"17:54:00";"ES";101;269,7;"SERRA";"Condutor desrespeitou a iluminação vermelha do semáforo";"Colisão transversal";"Com Vítimas Feridas";"Plena Noite";"Decrescente";"Nublado";"Múltipla";"Reta;Interseção de Vias";"Sim";2;0;0;1;0;1;1;2;-20,21740496;-40,26990578;"SPRF-ES";"DEL02-ES";"UOP01-DEL02-ES"
541263;2023-08-09;"quarta-feira";"17:45:00";"SP";116;147;"SAO JOSE DOS CAMPOS";"Ausência de reação do condutor";"Colisão traseira";"Com Vítimas Feridas";"Plena Noite";"Decrescente";"Céu Claro";"Múltipla";"Reta";"Sim";2;0;1;0;1;0;1;2;-23,19542994;-45,87176303;"SPRF-SP";"DEL02-SP";"UOP01-DEL02-SP"
541269;2023-08-09;"quarta-feira";"18:10:00";"MG";116;699,4;"MURIAE";"Transitar no Acostamento";"Colisão traseira";"Com Vítimas Feridas";"Anoitecer";"Decrescente";"Céu Claro";"Simples";"Reta";"Não";3;0;1;0;1;1;1;3;-21,10198;-42,378;"SPRF-MG";"DEL07-MG";"UOP02-DEL07-MG"
541270;2023-08-09;"quarta-feira";"16:40:00";"MG";262;676,7;"ARAXA";"Reação tardia ou ineficiente do condutor";"Colisão traseira";"Com Vítimas Feridas";"Pleno dia";"Crescente";"Céu Claro";"Simples";"Aclive;Reta";"Não";3;0;1;0;2;0;1;2;-19,55384552;-46,8717742;"SPRF-MG";"DEL08-MG";"UOP01-DEL08-MG"
541273;2023-08-09;"quarta-feira";"18:15:00";"PB";104;150,1;"QUEIMADAS";"Condutor deixou de manter distância do veículo da frente";"Colisão frontal";"Sem Vítimas";"Plena Noite";"Crescente";"Céu Claro";"Simples";"Reta";"Não";2;0;0;0;1;1;0;2;-7,45620953;-35,9166956;"SPRF-PB";"DEL02-PB";"UOP03-DEL02-PB"
541275;2023-08-09;"quarta-feira";"14:00:00";"CE";402;248,6;"ITAPIPOCA";"Afundamento ou ondulação no pavimento";"Saída de leito carroçável";"Com Vítimas Feridas";"Pleno dia";"Crescente";"Céu Claro";"Simples";"Reta";"Não";2;0;2;0;0;0;2;1;-3,44246918;-39,6955311;"SPRF-CE";"DEL01-CE";"UOP03-DEL01-CE"
541276;2023-08-09;"quarta-feira";"17:10:00";"RJ";116;312;"ITATIAIA";"Acessar a via sem observar a presença dos outros veículos";"Colisão traseira";"Com Vítimas Feridas";"Anoitecer";"Decrescente";"Nublado";"Dupla";"Reta";"Não";8;0;4;0;3;1;4;3;-22,46068623;-44,45262504;"SPRF-RJ";"DEL07-RJ";"UOP02-DEL07-RJ"
541277;2023-08-09;"quarta-feira";"18:45:00";"MG";381;499;"BETIM";"Demais falhas mecânicas ou elétricas";"Queda de ocupante de veículo";"Com Vítimas Feridas";"Plena Noite";"Crescente";"Céu Claro";"Múltipla";"Aclive;Reta";"Sim";1;0;1;0;0;0;1;1;-20,01792651;-44,2261448;"SPRF-MG";"DEL04-MG";"UOP03-DEL04-MG"
541279;2023-08-02;"quarta-feira";"14:40:00";"RS";0;0;"FARROUPILHA";"Frear bruscamente";"Colisão com objeto";"Sem Vítimas";"Pleno dia";"Não Informado";"Céu Claro";"Simples";"Reta";"Sim";3;0;0;0;3;0;0;1;-29,22906705;-51,34184014;"SPRF-RS";"DEL06-RS";"N/A"
541281;2023-08-09;"quarta-feira";"18:40:00";"PE";232;57,6;"POMBOS";"Reação tardia ou ineficiente do condutor";"Saída de leito carroçável";"Com Vítimas Feridas";"Plena Noite";"Crescente";"Céu Claro";"Dupla";"Reta";"Não";2;0;1;0;0;1;1;2;-8,1412132;-35,38181492;"SPRF-PE";"DEL02-PE";"UOP02-DEL02PE"
541283;2023-08-09;"quarta-feira";"18:30:00";"PI";316;301;"PICOS";"Animais na Pista";"Atropelamento de Animal";"Sem Vítimas";"Anoitecer";"Crescente";"Céu Claro";"Simples";"Reta";"Não";1;0;0;0;1;0;0;1;-7,0471911;-41,53905107;"SPRF-PI";"DEL04-PI";"UOP01-DEL04-PI"
541284;2023-08-09;"quarta-feira";"19:15:00";"PB";230;28;"JOAO PESSOA";"Manobra de mudança de faixa";"Colisão lateral mesmo sentido";"Com Vítimas Feridas";"Plena Noite";"Crescente";"Céu Claro";"Dupla";"Curva;Declive";"Sim";3;0;2;0;0;1;2;2;-7,1651;-34,8941;"SPRF-PB";"DEL01-PB";"UOP01-DEL01-PB"
541286;2023-08-09;"quarta-feira";"19:00:00";"PR";277;729,8;"FOZ DO IGUACU";"Pedestre cruzava a pista fora da faixa";"Atropelamento de Pedestre";"Com Vítimas Feridas";"Plena Noite";"Crescente";"Céu Claro";"Simples";"Declive;Curva";"Sim";3;0;0;1;2;0;1;2;-25,50749887;-54,58379896;"SPRF-PR";"DEL05-PR";"UOP03-DEL05-PR"
541287;2023-08-09;"quarta-feira";"19:20:00";"AP";210;11;"MACAPA";"Condutor deixou de manter distância do veículo da frente";"Colisão traseira";"Com Vítimas Feridas";"Plena Noite";"Decrescente";"Céu Claro";"Simples";"Reta";"Não";2;0;1;0;1;0;1;2;0,12665336;-51,13356549;"SPRF-AP";"DEL01-AP";"UOP01-DEL01-AP"
541288;2023-08-09;"quarta-feira";"19:40:00";"SP";116;161;"JACAREI";"Ausência de reação do condutor";"Colisão com objeto";"Com Vítimas Feridas";"Plena Noite";"Decrescente";"Céu Claro";"Dupla";"Reta";"Sim";1;0;0;1;0;0;1;1;-23,27617003;-45,97592098;"SPRF-SP";"DEL02-SP";"UOP01-DEL02-SP"
541289;2023-08-09;"quarta-feira";"19:30:00";"SC";282;21;"PALHOCA";"Transitar na contramão";"Colisão lateral sentido oposto";"Com Vítimas Feridas";"Pleno dia";"Crescente";"Nublado";"Simples";"Reta";"Sim";2;0;0;1;1;0;1;2;-27,68907;-48,717541;"SPRF-SC";"DEL01-SC";"UOP02-DEL01-SC"
541290;2023-08-09;"quarta-feira";"19:25:00";"RN";406;167,1;"SAO GONCALO DO AMARANTE";"Animais na Pista";"Atropelamento de Animal";"Com Vítimas Feridas";"Plena Noite";"Decrescente";"Nublado";"Dupla";"Reta";"Não";1;0;1;0;0;0;1;1;-5,74970173;-35,32342926;"SPRF-RN";"DEL02-RN";"UOP01-DEL02-RN"
541291;2023-08-09;"quarta-feira";"18:20:00";"TO";153;123;"WANDERLANDIA";"Acessar a via sem observar a presença dos outros veículos";"Colisão transversal";"Sem Vítimas";"Anoitecer";"Decrescente";"Céu Claro";"Simples";"Reta";"Não";2;0;0;0;2;0;0;2;-7,06272688;-48,11708226;"SPRF-TO";"DEL02-TO";"UOP01-DEL02-TO"
541293;2023-08-09;"quarta-feira";"19:05:00";"RJ";116;171;"RIO DE JANEIRO";"Problema com o freio";"Colisão traseira";"Com Vítimas Feridas";"Plena Noite";"Crescente";"Céu Claro";"Dupla";"Reta";"Não";4;0;2;0;2;0;2;2;-22,8060415;-43,34289573;"SPRF-RJ";"DEL01-RJ";"UOP02-DEL01-RJ"
541294;2023-08-09;"quarta-feira";"20:00:00";"RJ";393;283;"VOLTA REDONDA";"Condutor deixou de manter distância do veículo da frente";"Colisão traseira";"Com Vítimas Feridas";"Plena Noite";"Crescente";"Ignorado";"Simples";"Reta";"Sim";2;0;1;0;1;0;1;2;-22,47606388;-44,04976392;"SPRF-RJ";"DEL05-RJ";"UOP04-DEL05-RJ"
541295;2023-08-09;"quarta-feira";"19:36:00";"MG";153;20;"CENTRALINA";"Transitar no Acostamento";"Atropelamento de Pedestre";"Com Vítimas Feridas";"Plena Noite";"Decrescente";"Céu Claro";"Dupla";"Reta";"Não";2;0;1;0;0;1;1;2;-18,596883;-49,19243;"SPRF-MG";"DEL15-MG";"UOP03-DEL15-MG"
541296;2023-08-09;"quarta-feira";"19:32:00";"RS";290;75;"GRAVATAI";"Chuva";"Tombamento";"Com Vítimas Feridas";"Plena Noite";"Decrescente";"Chuva";"Dupla";"Reta";"Não";1;0;1;0;0;0;1;1;-29,954896;-51,003713;"SPRF-RS";"DEL01-RS";"UOP01-DEL01-RS"
541297;2023-08-09;"quarta-feira";"19:05:00";"PB";230;151,4;"CAMPINA GRANDE";"Ultrapassagem Indevida";"Colisão lateral sentido oposto";"Com Vítimas Feridas";"Plena Noite";"Crescente";"Céu Claro";"Simples";"Aclive;Reta";"Não";3;0;2;0;0;1;2;2;-7,2587;-35,8778;"SPRF-PB";"DEL02-PB";"UOP01-DEL02-PB"
541298;2023-01-08;"domingo";"20:05:00";"BA";101;730;"EUNAPOLIS";"Condutor Dormindo";"Colisão transversal";"Com Vítimas Feridas";"Plena Noite";"Decrescente";"Céu Claro";"Simples";"Curva";"Não";9;0;6;3;0;0;9;2;-16,470655;-39,575046;"SPRF-BA";"DEL09-BA";"UOP01-DEL09-BA"
541299;2023-08-09;"quarta-feira";"19:15:00";"SC";282;424,2;"VARGEM BONITA";"Ingestão de álcool pelo condutor";"Saída de leito carroçável";"Sem Vítimas";"Plena Noite";"Crescente";"Céu Claro";"Simples";"Curva;Aclive";"Não";1;0;0;0;1;0;0;1;-26,988014;-51,753124;"SPRF-SC";"DEL07-SC";"UOP05-DEL07-SC"
541302;2023-08-09;"quarta-feira";"12:00:00";"RJ";101;306;"SAO GONCALO";"Ausência de reação do condutor";"Colisão traseira";"Sem Vítimas";"Pleno dia";"Crescente";"Céu Claro";"Dupla";"Reta";"Sim";2;0;0;0;2;0;0;2;-22,78913759;-43,00550909;"SPRF-RJ";"DEL02-RJ";"UOP02-DEL02-RJ"
541303;2023-08-09;"quarta-feira";"21:00:00";"PE";408;67;"PAUDALHO";"Ausência de reação do condutor";"Saída de leito carroçável";"Com Vítimas Fatais";"Plena Noite";"Decrescente";"Céu Claro";"Dupla";"Reta";"Sim";1;1;0;0;0;0;0;1;-7,860431;-35,211291;"SPRF-PE";"DEL01-PE";"UOP01-DEL01-PE"
541304;2023-08-05;"sábado";"05:40:00";"BA";116;807,4;"VITORIA DA CONQUISTA";"Transitar na contramão";"Colisão frontal";"Com Vítimas Fatais";"Amanhecer";"Decrescente";"Nevoeiro/Neblina";"Simples";"Reta";"Não";4;1;0;1;2;0;1;2;-14,77883;-40,73281;"SPRF-BA";"DEL08-BA";"UOP01-DEL08-BA"
541305;2023-08-09;"quarta-feira";"21:17:00";"RN";226;43;"BOM JESUS";"Acessar a via sem observar a presença dos outros veículos";"Atropelamento de Pedestre";"Com Vítimas Feridas";"Plena Noite";"Decrescente";"Nublado";"Simples";"Reta";"Sim";2;0;1;0;1;0;1;2;-5,95030224;-35,55628568;"SPRF-RN";"DEL01-RN";"UOP02-DEL01-RN"
541306;2023-08-09;"quarta-feira";"21:20:00";"CE";116;45,5;"PACAJUS";"Velocidade Incompatível";"Colisão traseira";"Com Vítimas Feridas";"Plena Noite";"Crescente";"Céu Claro";"Dupla";"Reta";"Não";4;0;0;1;2;1;1;3;-4,1312959;-38,48313475;"SPRF-CE";"DEL01-CE";"UOP02-DEL01-CE"
541308;2023-08-09;"quarta-feira";"20:55:00";"PI";343;267,8;"CAMPO MAIOR";"Pedestre andava na pista";"Atropelamento de Pedestre";"Com Vítimas Feridas";"Plena Noite";"Decrescente";"Céu Claro";"Simples";"Reta";"Sim";2;0;2;0;0;0;2;2;-4,836484;-42,181347;"SPRF-PI";"DEL01-PI";"UOP03-DEL01-PI"
541310;2023-08-09;"quarta-feira";"21:45:00";"RS";158;323;"SANTA MARIA";"Demais falhas mecânicas ou elétricas";"Eventos atípicos";"Com Vítimas Feridas";"Plena Noite";"Crescente";"Céu Claro";"Dupla";"Reta";"Sim";2;0;1;0;1;0;1;2;-29,69556822;-53,78022006;"SPRF-RS";"DEL09-RS";"UOP01-DEL09-RS"
541313;2023-08-09;"quarta-feira";"20:30:00";"MG";262;544;"LUZ";"Acessar a via sem observar a presença dos outros veículos";"Colisão transversal";"Com Vítimas Feridas";"Plena Noite";"Crescente";"Céu Claro";"Simples";"Curva";"Não";3;0;1;2;0;0;3;2;-19,744875;-45,835003;"SPRF-MG";"DEL08-MG";"UOP02-DEL08-MG"
541314;2023-08-09;"quarta-feira";"21:00:00";"RJ";465;14;"SEROPEDICA";"Ausência de reação do condutor";"Atropelamento de Pedestre";"Com Vítimas Feridas";"Plena Noite";"Decrescente";"Céu Claro";"Simples";"Reta";"Sim";2;0;1;0;1;0;1;2;-22,804979;-43,638828;"SPRF-RJ";"DEL01-RJ";"UOP03-DEL01-RJ"
541315;2023-08-09;"quarta-feira";"20:10:00";"MG";381;195;"PERIQUITO";"Demais falhas mecânicas ou elétricas";"Incêndio";"Sem Vítimas";"Plena Noite";"Crescente";"Céu Claro";"Simples";"Curva";"Não";1;0;0;0;1;0;0;1;-19,13990956;-42,2213803;"SPRF-MG";"DEL06-MG";"UOP01-DEL06-MG"
541316;2023-08-09;"quarta-feira";"19:30:00";"MA";316;364,8;"BACABAL";"Animais na Pista";"Atropelamento de Animal";"Com Vítimas Fatais";"Plena Noite";"Crescente";"Céu Claro";"Simples";"Reta;Declive";"Sim";1;1;0;0;0;0;0;1;-4,22287;-44,760761;"SPRF-MA";"DEL03-MA";"UOP01-DEL03-MA"
541317;2023-08-09;"quarta-feira";"22:50:00";"RS";116;626,3;"ARROIO GRANDE";"Animais na Pista";"Saída de leito carroçável";"Sem Vítimas";"Plena Noite";"Decrescente";"Chuva";"Simples";"Reta";"Não";1;0;0;0;1;0;0;1;-32,35324879;-53,1717232;"SPRF-RS";"DEL07-RS";"UOP03-DEL07-RS"
541318;2023-08-09;"quarta-feira";"23:30:00";"BA";101;102;"ALAGOINHAS";"Ingestão de álcool ou de substâncias psicoativas pelo pedestre";"Atropelamento de Pedestre";"Com Vítimas Feridas";"Plena Noite";"Crescente";"Nublado";"Simples";"Reta";"Não";2;0;0;1;1;0;1;2;-12,1025238;-38,37441364;"SPRF-BA";"DEL01-BA";"UOP04-DEL01-BA"
541322;2023-08-09;"quarta-feira";"23:35:00";"MG";40;497;"ESMERALDAS";"Reação tardia ou ineficiente do condutor";"Saída de leito carroçável";"Com Vítimas Feridas";"Plena Noite";"Decrescente";"Céu Claro";"Dupla";"Aclive;Reta";"Sim";1;0;1;0;0;0;1;1;-19,67802022;-44,18830216;"SPRF-MG";"DEL02-MG";"UOP01-DEL02-MG"
541323;2023-08-10;"quinta-feira";"00:05:00";"PR";277;584,4;"CASCAVEL";"Velocidade Incompatível";"Colisão com objeto";"Sem Vítimas";"Pleno dia";"Crescente";"Céu Claro";"Múltipla";"Interseção de Vias";"Sim";1;0;0;0;1;0;0;1;-24,96684176;-53,40258186;"SPRF-PR";"DEL04-PR";"UOP01-DEL04-PR"
541324;2023-08-10;"quinta-feira";"00:34:00";"PR";476;148;"ARAUCARIA";"Reação tardia ou ineficiente do condutor";"Saída de leito carroçável";"Com Vítimas Feridas";"Plena Noite";"Decrescente";"Chuva";"Simples";"Reta";"Sim";1;0;1;0;0;0;1;1;-25,55729976;-49,34865475;"SPRF-PR";"DEL01-PR";"UOP06-DEL01-PR"
541325;2023-08-10;"quinta-feira";"00:21:00";"MG";365;640;"UBERLANDIA";"Animais na Pista";"Atropelamento de Animal";"Com Vítimas Feridas";"Plena Noite";"Decrescente";"Céu Claro";"Múltipla";"Reta";"Não";1;0;1;0;0;0;1;1;-18,88535924;-48,46544904;"SPRF-MG";"DEL15-MG";"UOP01-DEL15-MG"
541326;2023-08-10;"quinta-feira";"00:50:00";"SC";282;1;"FLORIANOPOLIS";"Ausência de reação do condutor";"Capotamento";"Sem Vítimas";"Plena Noite";"Decrescente";"Garoa/Chuvisco";"Múltipla";"Reta";"Sim";1;0;0;0;1;0;0;1;-27,602955;-48,580509;"SPRF-SC";"DEL01-SC";"UOP01-DEL01-SC"