"id";"data_inversa";"dia_semana";"horario";"uf";"br";"km";"municipio";"causa_acidente";"tipo_acidente";"classificacao_acidente";"fase_dia";"sentido_via";"condicao_metereologica";"tipo_pista";"tracado_via";"uso_solo";"pessoas";"mortos";"feridos_leves";"feridos_graves";"ilesos";"ignorados";"feridos";"veiculos";"latitude";"longitude";"regional";"delegacia";"uop"
541331;2023-08-10;"quinta-feira";"05:40:00";"SC";101;190,7;"BIGUACU";"Ausência de reação do condutor";"Saída de leito carroçável";"Com Vítimas Feridas";"Plena Noite";"Decrescente";"Chuva";"Dupla";"Curva";"Não";2;0;1;0;1;0;1;1;-27,47713105;-48,64102364;"SPRF-SC";"DEL01-SC";"UOP01-DEL01-SC"
541333;2023-08-10;"quinta-feira";"05:40:00";"SP";116;75,1;"APARECIDA";"Entrada inopinada do pedestre";"Atropelamento de Pedestre";"Com Vítimas Feridas";"Amanhecer";"Decrescente";"Céu Claro";"Dupla";"Reta";"Sim";2;0;0;1;1;0;1;2;-22,87521876;-45,26277018;"SPRF-SP";"DEL08-SP";"UOP01-DEL08-SP"
541334;2023-08-10;"quinta-feira";"06:00:00";"PR";116;120;"CURITIBA";"Reação tardia ou ineficiente do condutor";"Tombamento";"Com Vítimas Feridas";"Amanhecer";"Crescente";"Chuva";"Dupla";"Reta";"Sim";2;0;1;0;1;0;1;2;-25,59073263;-49,2724371;"SPRF-PR";"DEL01-PR";"UOP03-DEL01-PR"
541338;2023-08-10;"quinta-feira";"07:12:00";"MG";116;702,3;"MURIAE";"Desrespeitar a preferência no cruzamento";"Colisão transversal";"Com Vítimas Feridas";"Pleno dia";"Decrescente";"Nublado";"Múltipla";"Curva;Interseção de Vias";"Sim";2;0;0;1;1;0;1;2;-21,12501726;-42,38164902;"SPRF-MG";"DEL07-MG";"UOP02-DEL07-MG"
541341;2023-08-09;"quarta-feira";"18:33:00";"MT";364;612;"NOVA MUTUM";"Ultrapassagem Indevida";"Saída de leito carroçável";"Com Vítimas Feridas";"Plena Noite";"Crescente";"Céu Claro";"Simples";"Curva";"Não";2;0;1;1;0;0;2;1;-13,70557419;-56,04044437;"SPRF-MT";"DEL01-MT";"UOP01-DEL01-MT"
541342;2023-08-10;"quinta-feira";"06:40:00";"MG";116;277;"TEOFILO OTONI";"Reação tardia ou ineficiente do condutor";"Colisão traseira";"Com Vítimas Feridas";"Pleno dia";"Crescente";"Céu Claro";"Simples";"Interseção de Vias";"Sim";3;0;0;1;2;0;1;2;-17,859945;-41,515144;"SPRF-MG";"DEL11-MG";"UOP01-DEL11-MG"
541344;2023-08-10;"quinta-feira";"07:00:00";"BA";116;828,2;"VITORIA DA CONQUISTA";"Desrespeitar a preferência no cruzamento";"Colisão transversal";"Com Vítimas Feridas";"Pleno dia";"Decrescente";"Céu Claro";"Simples";"Reta;Retorno Regulamentado";"Sim";4;0;2;0;2;0;2;3;-14,89728293;-40,86650133;"SPRF-BA";"DEL08-BA";"UOP01-DEL08-BA"
541346;2023-08-10;"quinta-feira";"07:50:00";"RJ";116;110,3;"GUAPIMIRIM";"Reação tardia ou ineficiente do condutor";"Colisão traseira";"Com Vítimas Feridas";"Pleno dia";"Decrescente";"Céu Claro";"Múltipla";"Reta";"Sim";2;0;1;0;1;0;1;2;-22,535843;-42,99125;"SPRF-RJ";"DEL04-RJ";"UOP01-DEL04-RJ"
541347;2023-08-10;"quinta-feira";"07:00:00";"SP";116;210;"GUARULHOS";"Ausência de reação do condutor";"Capotamento";"Com Vítimas Feridas";"Pleno dia";"Decrescente";"Nublado";"Múltipla";"Reta;Declive";"Sim";1;0;1;0;0;0;1;1;-23,42870023;-46,41085991;"SPRF-SP";"DEL01-SP";"UOP01-DEL01-SP"
541349;2023-08-10;"quinta-feira";"07:40:00";"MG";381;498;"BETIM";"Trafegar com motocicleta (ou similar) entre as faixas";"Colisão lateral mesmo sentido";"Com Vítimas Feridas";"Pleno dia";"Decrescente";"Céu Claro";"Dupla";"Declive;Reta";"Não";3;0;2;0;1;0;2;2;-20,01172662;-44,21976041;"SPRF-MG";"DEL04-MG";"UOP03-DEL04-MG"
541350;2023-08-10;"quinta-feira";"07:30:00";"PI";343;339;"TERESINA";"Condutor deixou de manter distância do veículo da frente";"Colisão traseira";"Com Vítimas Feridas";"Pleno dia";"Crescente";"Céu Claro";"Dupla";"Reta";"Não";2;0;1;0;0;1;1;2;-5,067146;-42,730965;"SPRF-PI";"DEL01-PI";"UOP01-DEL01-PI"
541353;2023-08-10;"quinta-feira";"07:45:00";"RS";290;105,3;"ELDORADO DO SUL";"Reação tardia ou ineficiente do condutor";"Tombamento";"Com Vítimas Feridas";"Pleno dia";"Decrescente";"Céu Claro";"Dupla";"Reta";"Não";1;0;1;0;0;0;1;1;-29,99608;-51,285023;"SPRF-RS";"DEL02-RS";"UOP01-DEL02-RS"
541354;2023-08-10;"quinta-feira";"07:50:00";"SC";101;216;"PALHOCA";"Chuva";"Queda de ocupante de veículo";"Com Vítimas Feridas";"Pleno dia";"Decrescente";"Chuva";"Múltipla";"Reta";"Não";2;0;1;0;1;0;1;2;-27,65981409;-48,67747798;"SPRF-SC";"DEL01-SC";"UOP02-DEL01-SC"
541356;2023-08-10;"quinta-feira";"08:20:00";"GO";60;392;"RIO VERDE";"Reação tardia ou ineficiente do condutor";"Colisão com objeto";"Sem Vítimas";"Pleno dia";"Decrescente";"Céu Claro";"Dupla";"Reta;Aclive";"Não";1;0;0;0;1;0;0;1;-17,82624978;-50,98343524;"SPRF-GO";"DEL04-GO";"UOP02-DEL04-GO"
541357;2023-08-10;"quinta-feira";"07:50:00";"PR";376;130;"NOVA ESPERANCA";"Mal súbito do condutor";"Colisão com objeto";"Com Vítimas Feridas";"Pleno dia";"Decrescente";"Céu Claro";"Dupla";"Aclive;Reta";"Não";1;0;1;0;0;0;1;1;-23,17504848;-52,23423918;"SPRF-PR";"DEL09-PR";"UOP02-DEL09-PR"
541359;2023-08-10;"quinta-feira";"07:20:00";"SC";101;411,2;"ARARANGUA";"Acesso irregular";"Colisão transversal";"Com Vítimas Feridas";"Pleno dia";"Crescente";"Nevoeiro/Neblina";"Simples";"Rotatória";"Sim";2;0;1;0;1;0;1;2;-28,94947774;-49,50715721;"SPRF-SC";"DEL02-SC";"UOP02-DEL02-SC"
541361;2023-08-10;"quinta-feira";"08:15:00";"PR";369;158,1;"CAMBE";"Manobra de mudança de faixa";"Colisão lateral mesmo sentido";"Com Vítimas Feridas";"Pleno dia";"Decrescente";"Céu Claro";"Dupla";"Reta";"Não";2;0;1;0;1;0;1;2;-23,285447;-51,239118;"SPRF-PR";"DEL07-PR";"UOP01-DEL07-PR"
541362;2023-08-10;"quinta-feira";"07:32:00";"CE";222;0,5;"FORTALEZA";"Manobra de mudança de faixa";"Colisão lateral mesmo sentido";"Com Vítimas Feridas";"Pleno dia";"Decrescente";"Céu Claro";"Múltipla";"Interseção de Vias;Reta";"Sim";3;0;2;0;1;0;2;2;-3,737223;-38,5735;"SPRF-CE";"DEL01-CE";"UOP01-DEL01-CE"
541363;2023-08-10;"quinta-feira";"08:50:00";"CE";116;19;"ITAITINGA";"Pista Escorregadia";"Tombamento";"Com Vítimas Feridas";"Pleno dia";"Crescente";"Céu Claro";"Dupla";"Retorno Regulamentado;Curva";"Sim";1;0;1;0;0;0;1;1;-3,91384397;-38,50667231;"SPRF-CE";"DEL01-CE";"UOP02-DEL01-CE"
541365;2023-07-21;"sexta-feira";"12:50:00";"RN";226;98,4;"SANTA CRUZ";"Manobra de mudança de faixa";"Colisão transversal";"Com Vítimas Feridas";"Pleno dia";"Decrescente";"Céu Claro";"Simples";"Reta";"Sim";2;0;0;1;0;1;1;2;-6,26139227;-35,90859082;"SPRF-RN";"DEL03-RN";"UOP02-DEL03-RN"
541367;2023-08-09;"quarta-feira";"20:50:00";"AM";319;576;"HUMAITA";"Reação tardia ou ineficiente do condutor";"Saída de leito carroçável";"Com Vítimas Fatais";"Plena Noite";"Decrescente";"Ignorado";"Simples";"Ponte;Reta";"Não";5;1;1;3;0;0;4;1;-7,08492632;-63,11015281;"SPRF-AM";"DEL01-AM";"UOP04-DEL01-AM"
541368;2023-08-10;"quinta-feira";"08:45:00";"BA";110;167;"RIBEIRA DO POMBAL";"Condutor deixou de manter distância do veículo da frente";"Colisão lateral mesmo sentido";"Sem Vítimas";"Pleno dia";"Decrescente";"Chuva";"Simples";"Reta";"Sim";2;0;0;0;2;0;0;2;-10,824597;-38,53163103;"SPRF-BA";"DEL07-BA";"UOP02-DEL07-BA"
541369;2023-08-10;"quinta-feira";"07:45:00";"RJ";116;191;"NOVA IGUACU";"Trafegar com motocicleta (ou similar) entre as faixas";"Colisão lateral mesmo sentido";"Com Vítimas Feridas";"Pleno dia";"Decrescente";"Céu Claro";"Dupla";"Reta";"Sim";2;0;0;1;1;0;1;2;-22,74421443;-43,509822;"SPRF-RJ";"DEL01-RJ";"UOP02-DEL01-RJ"
541370;2023-07-01;"sábado";"13:00:00";"GO";153;394,9;"PIRENOPOLIS";"Avarias e/ou desgaste excessivo no pneu";"Tombamento";"Com Vítimas Feridas";"Pleno dia";"Decrescente";"Sol";"Simples";"Ponte;Reta";"Não";2;0;2;0;0;0;2;1;-16,00666962;-49,13038731;"SPRF-GO";"DEL02-GO";"UOP02-DEL02-GO"
541371;2023-08-10;"quinta-feira";"08:40:00";"PR";277;80;"CURITIBA";"Trafegar com motocicleta (ou similar) entre as faixas";"Colisão lateral mesmo sentido";"Com Vítimas Feridas";"Pleno dia";"Crescente";"Céu Claro";"Dupla";"Reta";"Sim";2;0;1;0;1;0;1;2;-25,47109899;-49,21152526;"SPRF-PR";"DEL01-PR";"UOP01-DEL01-PR"
541372;2023-08-10;"quinta-feira";"07:20:00";"SC";470;247;"CURITIBANOS";"Ingestão de álcool pelo condutor";"Saída de leito carroçável";"Com Vítimas Feridas";"Amanhecer";"Crescente";"Nublado";"Simples";"Curva";"Não";2;0;1;0;1;0;1;1;-27,315269;-50,541786;"SPRF-SC";"DEL05-SC";"UOP03-DEL05-SC"
541373;2023-08-10;"quinta-feira";"08:00:00";"SC";116;52,5;"PAPANDUVA";"Ausência de reação do condutor";"Colisão lateral mesmo sentido";"Com Vítimas Feridas";"Pleno dia";"Decrescente";"Garoa/Chuvisco";"Simples";"Reta";"Não";2;0;1;0;1;0;1;2;-26,39008273;-50,14576709;"SPRF-SC";"DEL06-SC";"UOP01-DEL06-SC"
541375;2023-08-10;"quinta-feira";"08:00:00";"RJ";101;65;"CAMPOS DOS GOYTACAZES";"Manobra de mudança de faixa";"Colisão lateral mesmo sentido";"Com Vítimas Feridas";"Pleno dia";"Decrescente";"Céu Claro";"Simples";"Reta;Em Obras";"Sim";3;0;1;0;2;0;1;2;-21,75371806;-41,344292;"SPRF-RJ";"DEL08-RJ";"UOP02-DEL08-RJ"
541377;2023-08-10;"quinta-feira";"09:50:00";"PR";277;599,4;"CASCAVEL";"Condutor deixou de manter distância do veículo da frente";"Colisão traseira";"Com Vítimas Feridas";"Pleno dia";"Crescente";"Nublado";"Dupla";"Reta";"Sim";2;0;1;0;1;0;1;2;-25,01271087;-53,5364381;"SPRF-PR";"DEL04-PR";"UOP01-DEL04-PR"
541378;2023-07-30;"domingo";"02:40:00";"MS";163;209;"CAARAPO";"Ingestão de álcool pelo condutor";"Eventos atípicos";"Sem Vítimas";"Plena Noite";"Crescente";"Céu Claro";"Simples";"Reta";"Sim";1;0;0;0;1;0;0;1;-22,63057907;-54,81905578;"SPRF-MS";"DEL04-MS";"UOP02-DEL04-MS"
541379;2023-08-10;"quinta-feira";"06:40:00";"SP";116;50,1;"LORENA";"Animais na Pista";"Colisão traseira";"Com Vítimas Feridas";"Pleno dia";"Crescente";"Céu Claro";"Dupla";"Reta";"Sim";2;0;1;0;1;0;1;2;-22,73603721;-45,08433485;"SPRF-SP";"DEL08-SP";"UOP02-DEL08-SP"
541380;2023-08-10;"quinta-feira";"09:28:00";"SE";235;0,8;"ARACAJU";"Manobra de mudança de faixa";"Colisão lateral mesmo sentido";"Com Vítimas Feridas";"Pleno dia";"Crescente";"Nublado";"Múltipla";"Reta";"Sim";2;0;0;1;1;0;1;2;-10,90904085;-37,08092809;"SPRF-SE";"DEL01-SE";"UOP01-DEL01-SE"
541382;2023-08-10;"quinta-feira";"10:30:00";"SP";116;218;"GUARULHOS";"Reação tardia ou ineficiente do condutor";"Colisão traseira";"Com Vítimas Feridas";"Pleno dia";"Crescente";"Céu Claro";"Múltipla";"Declive";"Sim";2;0;1;0;1;0;1;2;-23,457972;-46,479927;"SPRF-SP";"DEL01-SP";"UOP01-DEL01-SP"
541384;2023-08-10;"quinta-feira";"10:40:00";"MG";116;467;"TARUMIRIM";"Transitar na contramão";"Colisão frontal";"Com Vítimas Feridas";"Pleno dia";"Crescente";"Nublado";"Simples";"Curva;Declive";"Não";3;0;2;1;0;0;3;2;-19,29347636;-42,07682165;"SPRF-MG";"DEL06-MG";"UOP02-DEL06-MG"
541385;2023-08-10;"quinta-feira";"10:30:00";"SC";101;142;"ITAPEMA";"Acumulo de água sobre o pavimento";"Queda de ocupante de veículo";"Com Vítimas Feridas";"Pleno dia";"Crescente";"Garoa/Chuvisco";"Dupla";"Reta;Declive";"Sim";1;0;1;0;0;0;1;1;-27,05773755;-48,59792054;"SPRF-SC";"DEL04-SC";"UOP03-DEL04-SC"
541386;2023-08-10;"quinta-feira";"08:00:00";"SC";101;117;"ITAJAI";"Ausência de reação do condutor";"Colisão lateral mesmo sentido";"Com Vítimas Feridas";"Pleno dia";"Decrescente";"Chuva";"Múltipla";"Reta";"Não";2;0;1;0;0;1;1;2;-26,88747187;-48,72252969;"SPRF-SC";"DEL04-SC";"UOP04-DEL04-SC"
541390;2023-07-21;"sexta-feira";"17:15:00";"BA";101;200;"MURITIBA";"Ultrapassagem Indevida";"Colisão frontal";"Com Vítimas Feridas";"Anoitecer";"Decrescente";"Céu Claro";"Simples";"Aclive;Reta";"Não";3;0;3;0;0;0;3;2;-12,60161699;-39,00595633;"SPRF-BA";"DEL01-BA";"UOP03-DEL01-BA"
541395;2023-08-10;"quinta-feira";"11:45:00";"DF";70;6;"BRASILIA";"Ausência de reação do condutor";"Colisão lateral mesmo sentido";"Com Vítimas Feridas";"Pleno dia";"Crescente";"Céu Claro";"Dupla";"Reta;Retorno Regulamentado";"Sim";3;0;1;0;2;0;1;2;-15,791242;-48,105759;"SPRF-DF";"DEL03-DF";"UOP02-DEL03-DF"
541397;2023-08-10;"quinta-feira";"10:20:00";"PR";116;83;"PIRAQUARA";"Ausência de reação do condutor";"Saída de leito carroçável";"Sem Vítimas";"Pleno dia";"Decrescente";"Garoa/Chuvisco";"Dupla";"Reta";"Não";1;0;0;0;1;0;0;1;-25,42089417;-49,07238381;"SPRF-PR";"DEL01-PR";"UOP07-DEL01-PR"
541398;2023-08-10;"quinta-feira";"12:15:00";"SC";101;205,1;"SAO JOSE";"Manobra de mudança de faixa";"Colisão lateral mesmo sentido";"Com Vítimas Feridas";"Pleno dia";"Decrescente";"Nublado";"Múltipla";"Reta";"Sim";2;0;0;1;1;0;1;2;-27,58313237;-48,61532885;"SPRF-SC";"DEL01-SC";"UOP01-DEL01-SC"
541401;2023-07-22;"sábado";"15:44:00";"GO";364;352;"MINEIROS";"Ausência de reação do condutor";"Colisão traseira";"Com Vítimas Feridas";"Pleno dia";"Crescente";"Céu Claro";"Simples";"Reta";"Não";1;0;0;1;0;0;1;1;-17,380156;-52,924263;"SPRF-GO";"DEL05-GO";"UOP01-DEL05-GO"
541403;2023-08-10;"quinta-feira";"09:20:00";"MA";222;372,8;"PINDARE-MIRIM";"Condutor deixou de manter distância do veículo da frente";"Colisão traseira";"Sem Vítimas";"Pleno dia";"Decrescente";"Céu Claro";"Simples";"Reta";"Não";3;0;0;0;2;1;0;2;-3,74374297;-45,43781805;"SPRF-MA";"DEL02-MA";"UOP01-DEL02-MA"
541404;2023-08-10;"quinta-feira";"12:10:00";"RS";153;43,5;"ERECHIM";"Reação tardia ou ineficiente do condutor";"Tombamento";"Com Vítimas Feridas";"Pleno dia";"Decrescente";"Céu Claro";"Simples";"Aclive";"Não";1;0;1;0;0;0;1;1;-27,61448106;-52,23956251;"SPRF-RS";"DEL08-RS";"UOP04-DEL08-RS"
541405;2023-08-10;"quinta-feira";"12:20:00";"RO";364;344;"JI-PARANA";"Redutor de velocidade em desacordo";"Queda de ocupante de veículo";"Com Vítimas Feridas";"Pleno dia";"Decrescente";"Céu Claro";"Simples";"Reta";"Sim";1;0;1;0;0;0;1;1;-10,87376391;-61,95256893;"SPRF-RO";"DEL02-RO";"UOP01-DEL02-RO"
541406;2023-03-15;"quarta-feira";"18:00:00";"SC";101;92,8;"BARRA VELHA";"Condutor deixou de manter distância do veículo da frente";"Colisão traseira";"Com Vítimas Feridas";"Anoitecer";"Decrescente";"Nublado";"Dupla";"Reta";"Não";2;0;1;0;1;0;1;2;-26,688215;-48,69579;"SPRF-SC";"DEL03-SC";"UOP02-DEL03-SC"
541407;2023-08-10;"quinta-feira";"09:50:00";"BA";324;624;"SALVADOR";"Demais falhas mecânicas ou elétricas";"Queda de ocupante de veículo";"Com Vítimas Feridas";"Pleno dia";"Crescente";"Céu Claro";"Dupla";"Reta";"Não";2;0;2;0;0;0;2;1;-12,933839;-38,47190701;"SPRF-BA";"DEL01-BA";"UOP01-DEL01-BA"
541408;2023-03-19;"domingo";"17:18:00";"PR";376;39;"NOVA LONDRINA";"Demais falhas mecânicas ou elétricas";"Tombamento";"Com Vítimas Feridas";"Pleno dia";"Crescente";"Céu Claro";"Simples";"Reta";"Não";1;0;0;1;0;0;1;1;-22,82853111;-53,00319672;"SPRF-PR";"DEL09-PR";"UOP02-DEL09-PR"
541411;2023-08-10;"quinta-feira";"13:00:00";"RS";116;263,3;"CANOAS";"Desrespeitar a preferência no cruzamento";"Colisão transversal";"Com Vítimas Feridas";"Pleno dia";"Decrescente";"Céu Claro";"Múltipla";"Interseção de Vias;Viaduto;Reta";"Sim";3;0;1;0;2;0;1;2;-29,90545398;-51,17674031;"SPRF-RS";"DEL01-RS";"UOP01-DEL01-RS"
541412;2023-08-02;"quarta-feira";"19:00:00";"MS";163;265,7;"DOURADOS";"Entrada inopinada do pedestre";"Atropelamento de Pedestre";"Com Vítimas Feridas";"Plena Noite";"Decrescente";"Céu Claro";"Dupla";"Reta";"Não";2;0;0;1;0;1;1;2;-22,218637;-54,723359;"SPRF-MS";"DEL04-MS";"UOP01-DEL04-MS"
541413;2023-08-10;"quinta-feira";"12:04:00";"PR";116;64,3;"CAMPINA GRANDE DO SUL";"Pista Escorregadia";"Saída de leito carroçável";"Sem Vítimas";"Pleno dia";"Crescente";"Chuva";"Dupla";"Declive;Curva";"Não";2;0;0;0;1;1;0;2;-25,31031746;-49,00207969;"SPRF-PR";"DEL01-PR";"UOP02-DEL01-PR"
541414;2023-08-03;"quinta-feira";"05:30:00";"BA";101;713,9;"EUNAPOLIS";"Acessar a via sem observar a presença dos outros veículos";"Colisão transversal";"Com Vítimas Feridas";"Pleno dia";"Crescente";"Céu Claro";"Simples";"Interseção de Vias;Reta";"Não";2;0;1;0;1;0;1;2;-16,5089598;-39,5770756;"SPRF-BA";"DEL09-BA";"UOP01-DEL09-BA"
541415;2023-08-10;"quinta-feira";"12:50:00";"MS";163;466;"CAMPO GRANDE";"Reação tardia ou ineficiente do condutor";"Colisão com objeto";"Com Vítimas Feridas";"Pleno dia";"Crescente";"Céu Claro";"Simples";"Rotatória";"Não";1;0;1;0;0;0;1;1;-20,58566898;-54,58258181;"SPRF-MS";"DEL01-MS";"UOP01-DEL01-MS"
541416;2023-07-09;"domingo";"23:30:00";"RS";293;300,6;"SANTANA DO LIVRAMENTO";"Acessar a via sem observar a presença dos outros veículos";"Colisão frontal";"Com Vítimas Feridas";"Plena Noite";"Crescente";"Céu Claro";"Simples";"Reta";"Não";2;0;1;0;1;0;1;2;-30,80954078;-55,14162493;"SPRF-RS";"DEL11-RS";"UOP01-DEL11-RS"
541417;2023-08-10;"quinta-feira";"14:00:00";"RJ";116;170;"RIO DE JANEIRO";"Ausência de reação do condutor";"Colisão traseira";"Com Vítimas Feridas";"Pleno dia";"Crescente";"Céu Claro";"Dupla";"Reta";"Sim";2;0;1;0;1;0;1;2;-22,81113183;-43,3336729;"SPRF-RJ";"DEL01-RJ";"UOP02-DEL01-RJ"
541419;2023-08-10;"quinta-feira";"11:51:00";"MG";381;695,6;"LAVRAS";"Reação tardia ou ineficiente do condutor";"Queda de ocupante de veículo";"Com Vítimas Feridas";"Pleno dia";"Crescente";"Céu Claro";"Dupla";"Reta";"Não";1;0;1;0;0;0;1;1;-21,27640386;-45,13914121;"SPRF-MG";"DEL04-MG";"UOP02-DEL04-MG"
541421;2023-06-13;"terça-feira";"07:34:00";"PE";101;60;"RECIFE";"Área urbana sem a presença de local apropriado para a travessia de pedestres";"Atropelamento de Pedestre";"Com Vítimas Feridas";"Pleno dia";"Crescente";"Nublado";"Dupla";"Declive";"Não";3;0;0;1;0;2;1;2;-7,98344307;-34,93176727;"SPRF-PE";"DEL01-PE";"UOP02-DEL01-PE"
541422;2023-08-10;"quinta-feira";"13:10:00";"SP";116;128;"CACAPAVA";"Ausência de reação do condutor";"Colisão traseira";"Com Vítimas Feridas";"Pleno dia";"Decrescente";"Sol";"Dupla";"Reta";"Sim";2;0;0;1;1;0;1;2;-23,11454664;-45,71105567;"SPRF-SP";"DEL02-SP";"UOP02-DEL02-SP"
541424;2023-08-10;"quinta-feira";"14:08:00";"RJ";465;17;"NOVA IGUACU";"Acessar a via sem observar a presença dos outros veículos";"Colisão transversal";"Com Vítimas Feridas";"Pleno dia";"Decrescente";"Céu Claro";"Simples";"Reta";"Sim";4;0;2;0;2;0;2;2;-22,821091;-43,621195;"SPRF-RJ";"DEL03-RJ";"UOP01-DEL03-RJ"
541426;2023-08-10;"quinta-feira";"14:30:00";"GO";40;7,1;"VALPARAISO DE GOIAS";"Acessar a via sem observar a presença dos outros veículos";"Colisão traseira";"Com Vítimas Feridas";"Pleno dia";"Crescente";"Céu Claro";"Dupla";"Declive;Reta";"Não";2;0;1;0;1;0;1;2;-16,108482;-47,972524;"SPRF-DF";"DEL01-DF";"UOP01-DEL01-DF"
541427;2023-08-10;"quinta-feira";"15:20:00";"ES";101;270;"SERRA";"Transitar na contramão";"Colisão transversal";"Com Vítimas Feridas";"Pleno dia";"Crescente";"Nublado";"Dupla";"Reta";"Sim";2;0;1;0;1;0;1;2;-20,22599949;-40,27089;"SPRF-ES";"DEL02-ES";"UOP01-DEL02-ES"
541428;2023-08-10;"quinta-feira";"10:35:00";"MG";262;24,6;"REDUTO";"Condutor deixou de manter distância do veículo da frente";"Colisão lateral mesmo sentido";"Com Vítimas Feridas";"Pleno dia";"Decrescente";"Garoa/Chuvisco";"Simples";"Reta";"Não";2;0;1;0;1;0;1;2;-20,24814827;-41,94094189;"SPRF-MG";"DEL06-MG";"UOP03-DEL06-MG"
541431;2023-08-10;"quinta-feira";"14:35:00";"MS";262;8;"TRES LAGOAS";"Afundamento ou ondulação no pavimento";"Queda de ocupante de veículo";"Com Vítimas Feridas";"Pleno dia";"Decrescente";"Céu Claro";"Dupla";"Reta";"Sim";1;0;1;0;0;0;1;1;-20,79699882;-51,68201829;"SPRF-MS";"DEL07-MS";"UOP01-DEL07-MS"
541432;2023-08-10;"quinta-feira";"14:18:00";"MA";10;256;"IMPERATRIZ";"Acessar a via sem observar a presença dos outros veículos";"Colisão lateral sentido oposto";"Com Vítimas Feridas";"Pleno dia";"Decrescente";"Céu Claro";"Simples";"Reta";"Sim";3;0;2;0;1;0;2;2;-5,499715;-47,471836;"SPRF-MA";"DEL04-MA";"UOP01-DEL04-MA"
541435;2023-08-10;"quinta-feira";"15:30:00";"SP";116;218;"GUARULHOS";"Ausência de reação do condutor";"Colisão traseira";"Com Vítimas Feridas";"Pleno dia";"Decrescente";"Céu Claro";"Múltipla";"Reta";"Sim";2;0;1;0;1;0;1;2;-23,457972;-46,479927;"SPRF-SP";"DEL01-SP";"UOP01-DEL01-SP"
541436;2023-08-10;"quinta-feira";"15:30:00";"RS";116;2;"PORTO ALEGRE";"Manobra de mudança de faixa";"Colisão lateral mesmo sentido";"Com Vítimas Feridas";"Pleno dia";"Decrescente";"Sol";"Dupla";"Reta";"Sim";2;0;1;0;1;0;1;2;-29,99155605;-51,18507743;"SPRF-RS";"DEL01-RS";"UOP01-DEL01-RS"
541438;2023-08-10;"quinta-feira";"11:05:00";"GO";153;281;"NOVA GLORIA";"Reação tardia ou ineficiente do condutor";"Colisão traseira";"Com Vítimas Feridas";"Pleno dia";"Crescente";"Céu Claro";"Simples";"Aclive;Reta";"Não";3;0;1;0;1;1;1;3;-15,140403;-49,525562;"SPRF-GO";"DEL07-GO";"UOP02-DEL07-GO"
541440;2023-08-10;"quinta-feira";"16:30:00";"RN";304;42,1;"MOSSORO";"Manobra de mudança de faixa";"Colisão lateral mesmo sentido";"Com Vítimas Feridas";"Pleno dia";"Crescente";"Céu Claro";"Dupla";"Reta;Retorno Regulamentado";"Não";3;0;2;0;0;1;2;2;-5,21278093;-37,37221494;"SPRF-RN";"DEL04-RN";"UOP01-DEL04-RN"
541441;2023-08-10;"quinta-feira";"16:00:00";"RS";290;95,1;"PORTO ALEGRE";"Demais falhas mecânicas ou elétricas";"Queda de ocupante de veículo";"Com Vítimas Feridas";"Pleno dia";"Decrescente";"Céu Claro";"Múltipla";"Reta";"Sim";2;0;2;0;0;0;2;1;-29,982832;-51,201572;"SPRF-RS";"DEL01-RS";"UOP01-DEL01-RS"
541442;2023-08-06;"domingo";"19:56:00";"PR";116;94;"SAO JOSE DOS PINHAIS";"Reação tardia ou ineficiente do condutor";"Saída de leito carroçável";"Sem Vítimas";"Plena Noite";"Crescente";"Céu Claro";"Dupla";"Reta";"Sim";1;0;0;0;1;0;0;1;-25,48954287;-49,11201617;"SPRF-PR";"DEL01-PR";"UOP07-DEL01-PR"
541443;2023-08-10;"quinta-feira";"13:40:00";"PR";376;553;"PALMEIRA";"Ausência de reação do condutor";"Saída de leito carroçável";"Com Vítimas Feridas";"Pleno dia";"Crescente";"Garoa/Chuvisco";"Dupla";"Reta";"Não";1;0;1;0;0;0;1;1;-25,426733;-49,759744;"SPRF-PR";"DEL03-PR";"UOP03-DEL03-PR"
541444;2023-08-10;"quinta-feira";"16:39:00";"RJ";116;301;"PORTO REAL";"Velocidade Incompatível";"Colisão traseira";"Com Vítimas Feridas";"Pleno dia";"Decrescente";"Céu Claro";"Dupla";"Reta";"Não";2;0;1;0;1;0;1;2;-22,4529399;-44,36236901;"SPRF-RJ";"DEL07-RJ";"UOP02-DEL07-RJ"
541445;2023-08-10;"quinta-feira";"17:15:00";"MG";116;815,5;"ALEM PARAIBA";"Acesso irregular";"Colisão transversal";"Com Vítimas Feridas";"Pleno dia";"Crescente";"Céu Claro";"Simples";"Curva;Aclive;Interseção de Vias";"Sim";2;0;1;1;0;0;2;2;-21,86200678;-42,66859006;"SPRF-MG";"DEL07-MG";"UOP01-DEL07-MG"
541446;2023-08-10;"quinta-feira";"16:40:00";"MG";381;482;"BETIM";"Ausência de reação do condutor";"Colisão traseira";"Com Vítimas Feridas";"Pleno dia";"Crescente";"Céu Claro";"Múltipla";"Reta";"Sim";2;0;0;1;1;0;1;2;-19,955532;-44,097209;"SPRF-MG";"DEL01-MG";"UOP03-DEL01-MG"