"id";"data_inversa";"dia_semana";"horario";"uf";"br";"km";"municipio";"causa_acidente";"tipo_acidente";"classificacao_acidente";"fase_dia";"sentido_via";"condicao_metereologica";"tipo_pista";"tracado_via";"uso_solo";"pessoas";"mortos";"feridos_leves";"feridos_graves";"ilesos";"ignorados";"feridos";"veiculos";"latitude";"longitude";"regional";"delegacia";"uop"
541452;2023-08-10;"quinta-feira";"17:55:00";"MG";381;487,5;"BETIM";"Ausência de reação do condutor";"Colisão traseira";"Com Vítimas Feridas";"Anoitecer";"Crescente";"Céu Claro";"Dupla";"Curva";"Sim";2;0;1;0;1;0;1;2;-19,95586853;-44,14609501;"SPRF-MG";"DEL01-MG";"UOP03-DEL01-MG"
541453;2023-08-10;"quinta-feira";"17:00:00";"MS";60;550,1;"NIOAQUE";"Transitar na contramão";"Colisão frontal";"Com Vítimas Fatais";"Pleno dia";"Crescente";"Céu Claro";"Simples";"Reta";"Não";2;1;0;0;1;0;0;2;-21,20183067;-55,89638731;"SPRF-MS";"DEL05-MS";"UOP01-DEL05-MS"
541454;2023-08-05;"sábado";"17:20:00";"PE";104;84;"AGRESTINA";"Reação tardia ou ineficiente do condutor";"Colisão lateral sentido oposto";"Com Vítimas Feridas";"Anoitecer";"Crescente";"Céu Claro";"Simples";"Reta";"Não";3;0;1;0;2;0;1;2;-8,430662;-35,959164;"SPRF-PE";"DEL02-PE";"UOP01-DEL02-PE"
541456;2023-08-10;"quinta-feira";"15:30:00";"PR";369;3;"JACAREZINHO";"Ausência de reação do condutor";"Tombamento";"Com Vítimas Feridas";"Pleno dia";"Decrescente";"Céu Claro";"Dupla";"Reta;Declive";"Não";1;0;1;0;0;0;1;1;-23,00245336;-49,9238652;"SPRF-PR";"DEL07-PR";"UOP05-DEL07-PR"
541457;2023-08-10;"quinta-feira";"18:15:00";"RS";116;267,8;"CANOAS";"Manobra de mudança de faixa";"Colisão lateral mesmo sentido";"Com Vítimas Feridas";"Plena Noite";"Decrescente";"Céu Claro";"Dupla";"Reta";"Sim";2;0;1;0;1;0;1;2;-29,94903541;-51,1764729;"SPRF-RS";"DEL01-RS";"UOP01-DEL01-RS"
541458;2023-08-10;"quinta-feira";"18:30:00";"SP";116;223;"GUARULHOS";"Reação tardia ou ineficiente do condutor";"Colisão traseira";"Com Vítimas Feridas";"Plena Noite";"Crescente";"Céu Claro";"Dupla";"Reta";"Sim";2;0;1;0;1;0;1;2;-23,47559815;-46,5246609;"SPRF-SP";"DEL01-SP";"UOP01-DEL01-SP"
541459;2023-08-06;"domingo";"07:50:00";"SP";381;87;"GUARULHOS";"Manobra de mudança de faixa";"Colisão lateral mesmo sentido";"Sem Vítimas";"Pleno dia";"Crescente";"Céu Claro";"Múltipla";"Reta";"Não";2;0;0;0;2;0;0;1;-23,46885001;-46,56996601;"SPRF-SP";"DEL03-SP";"UOP01-DEL03-SP"
541460;2023-08-10;"quinta-feira";"18:45:00";"GO";153;503;"GOIANIA";"Acumulo de óleo sobre o pavimento";"Queda de ocupante de veículo";"Com Vítimas Feridas";"Plena Noite";"Decrescente";"Céu Claro";"Dupla";"Reta";"Sim";2;0;1;0;1;0;1;1;-16,73005379;-49,24296498;"SPRF-GO";"DEL01-GO";"UOP01-DEL01-GO"
541461;2023-08-10;"quinta-feira";"09:00:00";"PI";343;646;"JERUMENHA";"Reação tardia ou ineficiente do condutor";"Saída de leito carroçável";"Com Vítimas Feridas";"Pleno dia";"Decrescente";"Céu Claro";"Simples";"Declive;Reta";"Não";2;0;2;0;0;0;2;1;-7,043636;-43,420494;"SPRF-PI";"DEL03-PI";"UOP01-DEL03-PI"
541462;2023-08-10;"quinta-feira";"16:00:00";"AC";317;280;"EPITACIOLANDIA";"Ultrapassagem Indevida";"Colisão traseira";"Com Vítimas Feridas";"Pleno dia";"Decrescente";"Céu Claro";"Simples";"Curva";"Sim";3;0;2;0;1;0;2;2;-10,9954281;-68,64267787;"SPRF-AC";"DEL01-AC";"UOP02-DEL01-AC"
541463;2023-08-10;"quinta-feira";"18:15:00";"SP";116;488;"CAJATI";"Conversão proibida";"Colisão transversal";"Com Vítimas Feridas";"Plena Noite";"Crescente";"Nublado";"Simples";"Reta";"Sim";2;0;1;0;1;0;1;2;-24,73097634;-48,09815591;"SPRF-SP";"DEL05-SP";"UOP01-DEL05-SP"
541464;2023-08-10;"quinta-feira";"17:55:00";"PR";116;114;"CURITIBA";"Trafegar com motocicleta (ou similar) entre as faixas";"Colisão traseira";"Com Vítimas Feridas";"Anoitecer";"Decrescente";"Nublado";"Dupla";"Reta";"Não";6;0;1;0;5;0;1;2;-25,56296907;-49,25643801;"SPRF-PR";"DEL01-PR";"UOP07-DEL01-PR"
541468;2023-08-10;"quinta-feira";"19:16:00";"PR";277;723;"FOZ DO IGUACU";"Acessar a via sem observar a presença dos outros veículos";"Colisão transversal";"Com Vítimas Feridas";"Plena Noite";"Crescente";"Céu Claro";"Dupla";"Reta;Retorno Regulamentado";"Não";2;0;1;0;0;1;1;2;-25,49878215;-54,52985294;"SPRF-PR";"DEL05-PR";"UOP03-DEL05-PR"
541469;2023-08-10;"quinta-feira";"18:20:00";"ES";101;260;"SERRA";"Condutor deixou de manter distância do veículo da frente";"Colisão traseira";"Com Vítimas Feridas";"Plena Noite";"Decrescente";"Céu Claro";"Dupla";"Reta";"Não";3;0;2;0;1;0;2;2;-20,14616415;-40,28836206;"SPRF-ES";"DEL02-ES";"UOP01-DEL02-ES"
541470;2023-08-10;"quinta-feira";"19:00:00";"CE";116;20;"ITAITINGA";"Ingestão de álcool e/ou substâncias psicoativas pelo pedestre";"Atropelamento de Pedestre";"Com Vítimas Feridas";"Plena Noite";"Crescente";"Céu Claro";"Dupla";"Reta";"Sim";2;0;0;1;1;0;1;2;-3,92277497;-38,50762327;"SPRF-CE";"DEL01-CE";"UOP02-DEL01-CE"
541471;2023-07-31;"segunda-feira";"10:55:00";"MA";10;257;"IMPERATRIZ";"Transitar no Acostamento";"Colisão transversal";"Com Vítimas Feridas";"Pleno dia";"Decrescente";"Céu Claro";"Simples";"Reta";"Sim";2;0;1;0;1;0;1;2;-5,490634;-47,471973;"SPRF-MA";"DEL04-MA";"UOP01-DEL04-MA"
541473;2023-08-10;"quinta-feira";"18:00:00";"MT";163;793;"VERA";"Ultrapassagem Indevida";"Saída de leito carroçável";"Sem Vítimas";"Amanhecer";"Crescente";"Céu Claro";"Simples";"Reta";"Não";1;0;0;0;1;0;0;1;-12,34494493;-55,59456215;"SPRF-MT";"DEL06-MT";"UOP01-DEL06-MT"
541474;2023-08-10;"quinta-feira";"19:27:00";"CE";20;402;"CAUCAIA";"Transitar na contramão";"Colisão frontal";"Com Vítimas Feridas";"Plena Noite";"Decrescente";"Garoa/Chuvisco";"Simples";"Reta";"Não";4;0;0;3;1;0;3;2;-3,78838214;-38,7009529;"SPRF-CE";"DEL01-CE";"UOP01-DEL01-CE"
541475;2023-08-10;"quinta-feira";"19:55:00";"SP";116;196;"ARUJA";"Mal súbito do condutor";"Colisão com objeto";"Com Vítimas Feridas";"Plena Noite";"Decrescente";"Céu Claro";"Dupla";"Reta";"Não";1;0;1;0;0;0;1;1;-23,39265978;-46,2844631;"SPRF-SP";"DEL01-SP";"UOP01-DEL01-SP"
541477;2023-08-10;"quinta-feira";"17:20:00";"SC";101;441,9;"SANTA ROSA DO SUL";"Reação tardia ou ineficiente do condutor";"Colisão com objeto";"Com Vítimas Feridas";"Pleno dia";"Decrescente";"Nublado";"Dupla";"Desvio Temporário;Em Obras;Reta";"Não";1;0;1;0;0;0;1;1;-29,13174904;-49,69427884;"SPRF-SC";"DEL02-SC";"UOP02-DEL02-SC"
541478;2023-03-18;"sábado";"10:00:00";"PR";153;495;"GENERAL CARNEIRO";"Pista Escorregadia";"Saída de leito carroçável";"Com Vítimas Feridas";"Pleno dia";"Decrescente";"Céu Claro";"Simples";"Curva";"Não";4;0;3;0;1;0;3;1;-26,44827804;-51,32115126;"SPRF-PR";"DEL02-PR";"UOP03-DEL02-PR"
541480;2023-08-10;"quinta-feira";"20:00:00";"RJ";116;304,6;"RESENDE";"Reação tardia ou ineficiente do condutor";"Colisão traseira";"Com Vítimas Feridas";"Plena Noite";"Decrescente";"Céu Claro";"Dupla";"Reta";"Não";2;0;1;0;1;0;1;2;-22,4550412;-44,38649998;"SPRF-RJ";"DEL07-RJ";"UOP02-DEL07-RJ"
541481;2023-08-06;"domingo";"16:50:00";"TO";10;462;"PALMAS";"Ausência de reação do condutor";"Queda de ocupante de veículo";"Com Vítimas Feridas";"Pleno dia";"Crescente";"Céu Claro";"Múltipla";"Reta";"Sim";2;0;2;0;0;0;2;1;-10,27038933;-48,30546856;"SPRF-TO";"DEL01-TO";"UOP03-DEL01-TO"
541482;2023-08-10;"quinta-feira";"20:30:00";"PE";101;68;"RECIFE";"Manobra de mudança de faixa";"Tombamento";"Com Vítimas Feridas";"Plena Noite";"Decrescente";"Nublado";"Dupla";"Rotatória";"Sim";2;0;1;0;1;0;1;2;-8,05074296;-34,94580619;"SPRF-PE";"DEL01-PE";"UOP01-DEL01-PE"
541483;2023-08-10;"quinta-feira";"20:00:00";"PE";101;80;"JABOATAO DOS GUARARAPES";"Condutor deixou de manter distância do veículo da frente";"Colisão traseira";"Com Vítimas Feridas";"Plena Noite";"Decrescente";"Céu Claro";"Simples";"Reta";"Sim";3;0;2;0;1;0;2;2;-8,15112589;-34,9428866;"SPRF-PE";"DEL01-PE";"UOP01-DEL01-PE"
541484;2023-08-10;"quinta-feira";"17:35:00";"MG";50;176;"UBERABA";"Condutor deixou de manter distância do veículo da frente";"Colisão traseira";"Com Vítimas Feridas";"Pleno dia";"Decrescente";"Céu Claro";"Dupla";"Reta";"Sim";2;0;1;0;1;0;1;2;-19,77921993;-47,95778453;"SPRF-MG";"DEL13-MG";"UOP01-DEL13-MG"
541485;2023-08-10;"quinta-feira";"20:00:00";"BA";116;1,3;"VITORIA DA CONQUISTA";"Reação tardia ou ineficiente do condutor";"Saída de leito carroçável";"Com Vítimas Feridas";"Plena Noite";"Crescente";"Céu Claro";"Simples";"Reta";"Não";1;0;1;0;0;0;1;1;-14,851;-40,8485;"SPRF-BA";"DEL08-BA";"UOP01-DEL08-BA"
541486;2023-08-10;"quinta-feira";"17:50:00";"MG";365;622;"UBERLANDIA";"Manobra de mudança de faixa";"Colisão lateral mesmo sentido";"Com Vítimas Feridas";"Pleno dia";"Crescente";"Céu Claro";"Dupla";"Reta";"Não";2;0;1;0;1;0;1;2;-18,90751667;-48,29937209;"SPRF-MG";"DEL15-MG";"UOP01-DEL15-MG"
541487;2023-08-10;"quinta-feira";"18:30:00";"MG";365;613;"UBERLANDIA";"Reação tardia ou ineficiente do condutor";"Colisão lateral sentido oposto";"Com Vítimas Feridas";"Plena Noite";"Crescente";"Céu Claro";"Simples";"Reta";"Sim";2;0;0;1;1;0;1;2;-18,91555732;-48,21441662;"SPRF-MG";"DEL15-MG";"UOP01-DEL15-MG"
541488;2023-08-10;"quinta-feira";"20:50:00";"RJ";101;401;"ITAGUAI";"Ausência de reação do condutor";"Colisão com objeto";"Com Vítimas Feridas";"Plena Noite";"Decrescente";"Céu Claro";"Dupla";"Reta";"Não";1;0;1;0;0;0;1;1;-22,84853075;-43,77998836;"SPRF-RJ";"DEL03-RJ";"UOP01-DEL03-RJ"
541491;2023-08-10;"quinta-feira";"18:30:00";"PR";153;476;"PORTO VITORIA";"Pedestre andava na pista";"Atropelamento de Pedestre";"Com Vítimas Feridas";"Plena Noite";"Decrescente";"Céu Claro";"Simples";"Reta";"Não";2;0;0;1;1;0;1;2;-26,31065062;-51,21551514;"SPRF-PR";"DEL02-PR";"UOP03-DEL02-PR"
541492;2023-08-10;"quinta-feira";"20:00:00";"RJ";116;187,5;"NOVA IGUACU";"Reação tardia ou ineficiente do condutor";"Tombamento";"Com Vítimas Feridas";"Plena Noite";"Decrescente";"Céu Claro";"Dupla";"Reta";"Sim";1;0;1;0;0;0;1;1;-22,73902848;-43,47448533;"SPRF-RJ";"DEL01-RJ";"UOP02-DEL01-RJ"
541494;2023-08-10;"quinta-feira";"20:30:00";"PE";232;40;"VITORIA DE SANTO ANTAO";"Ausência de reação do condutor";"Saída de leito carroçável";"Com Vítimas Feridas";"Plena Noite";"Decrescente";"Céu Claro";"Dupla";"Curva";"Não";1;0;1;0;0;0;1;1;-8,11517172;-35,23667726;"SPRF-PE";"DEL01-PE";"UOP01-DEL01-PE"
541495;2023-08-10;"quinta-feira";"20:50:00";"RO";364;698;"PORTO VELHO";"Conversão proibida";"Colisão transversal";"Com Vítimas Feridas";"Plena Noite";"Crescente";"Céu Claro";"Dupla";"Reta";"Não";2;0;0;1;1;0;1;2;-8,80298977;-63,75179291;"SPRF-RO";"DEL01-RO";"UOP01-DEL01-RO"
541496;2023-08-10;"quinta-feira";"20:45:00";"PE";316;31,3;"ARARIPINA";"Animais na Pista";"Atropelamento de Animal";"Com Vítimas Fatais";"Plena Noite";"Crescente";"Céu Claro";"Simples";"Reta";"Não";1;1;0;0;0;0;0;1;-7,62762275;-40,4567719;"SPRF-PE";"DEL05-PE";"UOP02-DEL05-PE"
541497;2023-08-10;"quinta-feira";"22:00:00";"ES";101;245;"SERRA";"Reação tardia ou ineficiente do condutor";"Colisão com objeto";"Com Vítimas Feridas";"Plena Noite";"Decrescente";"Céu Claro";"Dupla";"Curva";"Não";3;0;3;0;0;0;3;1;-20,06043323;-40,37755966;"SPRF-ES";"DEL02-ES";"UOP01-DEL02-ES"
541499;2023-08-10;"quinta-feira";"19:00:00";"RO";364;344;"JI-PARANA";"Condutor desrespeitou a iluminação vermelha do semáforo";"Colisão transversal";"Com Vítimas Feridas";"Plena Noite";"Crescente";"Céu Claro";"Simples";"Interseção de Vias;Reta";"Sim";3;0;3;0;0;0;3;2;-10,87429828;-61,95184708;"SPRF-RO";"DEL02-RO";"UOP01-DEL02-RO"
541500;2023-08-10;"quinta-feira";"22:00:00";"SC";101;41;"JOINVILLE";"Ausência de reação do condutor";"Tombamento";"Com Vítimas Feridas";"Plena Noite";"Decrescente";"Nublado";"Dupla";"Reta";"Sim";1;0;0;1;0;0;1;1;-26,28215489;-48,88973081;"SPRF-SC";"DEL03-SC";"UOP01-DEL03-SC"
541507;2023-08-10;"quinta-feira";"21:40:00";"GO";40;16,5;"LUZIANIA";"Reação tardia ou ineficiente do condutor";"Saída de leito carroçável";"Com Vítimas Feridas";"Plena Noite";"Decrescente";"Céu Claro";"Dupla";"Declive;Retorno Regulamentado;Reta";"Sim";1;0;1;0;0;0;1;1;-16,17935616;-47,92886138;"SPRF-DF";"DEL01-DF";"UOP01-DEL01-DF"
541509;2023-08-11;"sexta-feira";"00:10:00";"SP";381;52,9;"ATIBAIA";"Reação tardia ou ineficiente do condutor";"Colisão lateral mesmo sentido";"Com Vítimas Fatais";"Plena Noite";"Crescente";"Céu Claro";"Dupla";"Curva";"Sim";4;1;0;1;1;1;1;4;-23,221911;-46,59644;"SPRF-SP";"DEL03-SP";"UOP01-DEL03-SP"
541510;2023-08-10;"quinta-feira";"21:10:00";"RO";364;341;"JI-PARANA";"Desrespeitar a preferência no cruzamento";"Colisão transversal";"Com Vítimas Feridas";"Plena Noite";"Crescente";"Céu Claro";"Simples";"Viaduto";"Não";4;0;2;0;2;0;2;2;-10,88987987;-61,93126772;"SPRF-RO";"DEL02-RO";"UOP01-DEL02-RO"
541511;2023-08-10;"quinta-feira";"22:30:00";"CE";116;7,2;"FORTALEZA";"Transitar na contramão";"Colisão frontal";"Com Vítimas Feridas";"Plena Noite";"Decrescente";"Céu Claro";"Simples";"Declive;Viaduto;Curva";"Sim";3;0;1;0;0;2;1;2;-3,81151498;-38,50110119;"SPRF-CE";"DEL01-CE";"UOP02-DEL01-CE"
541516;2023-08-11;"sexta-feira";"01:30:00";"MG";381;502;"BETIM";"Ausência de reação do condutor";"Saída de leito carroçável";"Sem Vítimas";"Plena Noite";"Crescente";"Céu Claro";"Dupla";"Declive;Curva";"Sim";1;0;0;0;0;1;0;1;-20,01700136;-44,22388136;"SPRF-MG";"DEL04-MG";"UOP03-DEL04-MG"
541518;2023-08-10;"quinta-feira";"21:00:00";"MT";174;226;"PORTO ESPERIDIAO";"Transitar na contramão";"Colisão frontal";"Com Vítimas Feridas";"Plena Noite";"Decrescente";"Céu Claro";"Simples";"Aclive;Reta";"Não";5;0;1;4;0;0;5;3;-15,594884;-58,897794;"SPRF-MT";"DEL04-MT";"UOP01-DEL04-MT"
541521;2023-08-11;"sexta-feira";"03:15:00";"RS";470;325,5;"TRIUNFO";"Reação tardia ou ineficiente do condutor";"Saída de leito carroçável";"Com Vítimas Feridas";"Plena Noite";"Crescente";"Chuva";"Simples";"Reta";"Não";1;0;1;0;0;0;1;1;-29,77771687;-51,65905381;"SPRF-RS";"DEL04-RS";"UOP02-DEL04-RS"
541522;2023-08-11;"sexta-feira";"04:00:00";"SC";101;202,8;"SAO JOSE";"Velocidade Incompatível";"Tombamento";"Com Vítimas Feridas";"Plena Noite";"Decrescente";"Céu Claro";"Múltipla";"Reta";"Sim";1;0;0;1;0;0;1;1;-27,55711595;-48,61897889;"SPRF-SC";"DEL01-SC";"UOP01-DEL01-SC"
541523;2023-08-11;"sexta-feira";"03:00:00";"PR";116;131;"FAZENDA RIO GRANDE";"Ausência de reação do condutor";"Atropelamento de Animal";"Sem Vítimas";"Plena Noite";"Crescente";"Céu Claro";"Dupla";"Reta";"Não";1;0;0;0;1;0;0;1;-25,648307;-49,31251207;"SPRF-PR";"DEL01-PR";"UOP03-DEL01-PR"
541525;2023-08-11;"sexta-feira";"03:40:00";"PR";277;706;"SANTA TEREZINHA DE ITAIPU";"Manobra de mudança de faixa";"Colisão lateral mesmo sentido";"Com Vítimas Feridas";"Plena Noite";"Decrescente";"Céu Claro";"Dupla";"Aclive;Reta";"Não";5;0;0;1;1;3;1;3;-25,4350489;-54,37780305;"SPRF-PR";"DEL05-PR";"UOP01-DEL05-PR"
541528;2023-08-11;"sexta-feira";"05:00:00";"SP";116;228;"SAO PAULO";"Demais falhas na via";"Queda de ocupante de veículo";"Com Vítimas Feridas";"Amanhecer";"Crescente";"Nublado";"Múltipla";"Reta";"Sim";1;0;1;0;0;0;1;1;-23,50343484;-46,56638712;"SPRF-SP";"DEL01-SP";"UOP01-DEL01-SP"
541529;2023-08-11;"sexta-feira";"01:48:00";"RO";421;30;"ARIQUEMES";"Ausência de reação do condutor";"Colisão com objeto";"Com Vítimas Fatais";"Plena Noite";"Decrescente";"Céu Claro";"Simples";"Aclive;Curva";"Não";1;1;0;0;0;0;0;1;-10,113057;-63,232388;"SPRF-RO";"DEL03-RO";"UOP01-DEL03-RO"
541530;2023-08-11;"sexta-feira";"02:20:00";"RJ";40;0,5;"COMENDADOR LEVY GASPARIAN";"Reação tardia ou ineficiente do condutor";"Colisão com objeto";"Sem Vítimas";"Plena Noite";"Crescente";"Céu Claro";"Dupla";"Reta";"Não";3;0;0;0;3;0;0;2;-22,011084;-43,26723;"SPRF-RJ";"DEL05-RJ";"UOP02-DEL05-RJ"
541533;2023-08-11;"sexta-feira";"05:36:00";"SC";280;51;"GUARAMIRIM";"Entrada inopinada do pedestre";"Atropelamento de Pedestre";"Com Vítimas Feridas";"Amanhecer";"Crescente";"Nublado";"Dupla";"Declive;Em Obras;Viaduto";"Não";3;0;1;1;1;0;2;2;-26,46538871;-48,95544449;"SPRF-SC";"DEL03-SC";"UOP03-DEL03-SC"
541534;2023-08-11;"sexta-feira";"06:00:00";"RS";158;322;"SANTA MARIA";"Ingestão de álcool pelo condutor";"Colisão com objeto";"Sem Vítimas";"Plena Noite";"Decrescente";"Chuva";"Dupla";"Interseção de Vias;Viaduto;Reta";"Sim";4;0;0;0;4;0;0;1;-29,6963663;-53,78670216;"SPRF-RS";"DEL09-RS";"UOP01-DEL09-RS"
541536;2023-08-11;"sexta-feira";"06:30:00";"SC";282;6;"SAO JOSE";"Manobra de mudança de faixa";"Colisão lateral mesmo sentido";"Com Vítimas Feridas";"Amanhecer";"Decrescente";"Chuva";"Dupla";"Curva";"Sim";2;0;1;0;1;0;1;2;-27,591936;-48,618244;"SPRF-SC";"DEL01-SC";"UOP01-DEL01-SC"
541537;2023-08-10;"quinta-feira";"14:00:00";"AP";210;248;"PEDRA BRANCA DO AMAPARI";"Transitar na contramão";"Colisão frontal";"Com Vítimas Fatais";"Pleno dia";"Crescente";"Céu Claro";"Simples";"Reta";"Não";2;1;0;0;1;0;0;2;1,09694395;-52,40149498;"SPRF-AP";"DEL01-AP";"UOP01-DEL01-AP"
541538;2023-08-11;"sexta-feira";"05:40:00";"BA";116;11;"VITORIA DA CONQUISTA";"Acessar a via sem observar a presença dos outros veículos";"Colisão transversal";"Com Vítimas Feridas";"Pleno dia";"Crescente";"Garoa/Chuvisco";"Simples";"Interseção de Vias";"Sim";2;0;1;1;0;0;2;2;-14,851;-40,8485;"SPRF-BA";"DEL08-BA";"UOP01-DEL08-BA"
541539;2023-08-11;"sexta-feira";"06:50:00";"MG";381;493;"BETIM";"Trafegar com motocicleta (ou similar) entre as faixas";"Colisão traseira";"Com Vítimas Feridas";"Pleno dia";"Decrescente";"Céu Claro";"Dupla";"Aclive;Reta";"Sim";2;0;1;0;1;0;1;2;-19,97670801;-44,19962698;"SPRF-MG";"DEL04-MG";"UOP03-DEL04-MG"
541540;2023-08-11;"sexta-feira";"06:50:00";"MG";262;195;"JOAO MONLEVADE";"Ausência de reação do condutor";"Colisão traseira";"Com Vítimas Feridas";"Pleno dia";"Crescente";"Céu Claro";"Simples";"Reta";"Não";2;0;0;1;1;0;1;2;-19,86097658;-43,10750503;"SPRF-MG";"DEL03-MG";"UOP01-DEL03-MG"
541541;2023-08-11;"sexta-feira";"03:20:00";"MG";116;807,3;"ALEM PARAIBA";"Velocidade Incompatível";"Saída de leito carroçável";"Com Vítimas Feridas";"Plena Noite";"Crescente";"Céu Claro";"Simples";"Reta";"Não";1;0;0;1;0;0;1;1;-21,81324096;-42,69642196;"SPRF-MG";"DEL07-MG";"UOP01-DEL07-MG"
541543;2023-08-11;"sexta-feira";"07:00:00";"RJ";40;115;"DUQUE DE CAXIAS";"Manobra de mudança de faixa";"Colisão lateral mesmo sentido";"Sem Vítimas";"Pleno dia";"Crescente";"Céu Claro";"Múltipla";"Reta";"Sim";2;0;0;0;2;0;0;2;-22,72756999;-43,2891609;"SPRF-RJ";"DEL01-RJ";"UOP01-DEL01-RJ"
541544;2023-08-11;"sexta-feira";"06:45:00";"GO";60;379;"RIO VERDE";"Reação tardia ou ineficiente do condutor";"Queda de ocupante de veículo";"Com Vítimas Feridas";"Amanhecer";"Decrescente";"Céu Claro";"Dupla";"Reta";"Não";1;0;1;0;0;0;1;1;-17,763942;-50,881804;"SPRF-GO";"DEL04-GO";"UOP02-DEL04-GO"
541545;2023-08-11;"sexta-feira";"07:30:00";"ES";101;148;"LINHARES";"Condutor deixou de manter distância do veículo da frente";"Colisão traseira";"Com Vítimas Feridas";"Pleno dia";"Decrescente";"Céu Claro";"Dupla";"Reta";"Não";2;0;1;0;1;0;1;2;-19,38787399;-40,06752766;"SPRF-ES";"DEL04-ES";"UOP01-DEL04-ES"
541546;2023-08-11;"sexta-feira";"06:10:00";"RJ";40;10;"COMENDADOR LEVY GASPARIAN";"Demais falhas mecânicas ou elétricas";"Queda de ocupante de veículo";"Com Vítimas Feridas";"Amanhecer";"Crescente";"Céu Claro";"Dupla";"Curva";"Não";2;0;0;1;1;0;1;1;-22,044804;-43,20572;"SPRF-RJ";"DEL05-RJ";"UOP02-DEL05-RJ"
541547;2023-08-11;"sexta-feira";"06:55:00";"GO";50;280;"CATALAO";"Acessar a via sem observar a presença dos outros veículos";"Colisão transversal";"Com Vítimas Feridas";"Pleno dia";"Decrescente";"Céu Claro";"Dupla";"Curva;Interseção de Vias;Rotatória";"Sim";2;0;1;0;1;0;1;2;-18,1784;-47,9362;"SPRF-GO";"DEL06-GO";"UOP01-DEL06-GO"
541549;2023-08-11;"sexta-feira";"06:50:00";"MG";116;411;"GOVERNADOR VALADARES";"Ausência de reação do condutor";"Atropelamento de Pedestre";"Com Vítimas Feridas";"Pleno dia";"Decrescente";"Nublado";"Múltipla";"Retorno Regulamentado";"Sim";2;0;1;1;0;0;2;2;-18,867053;-41,972875;"SPRF-MG";"DEL06-MG";"UOP01-DEL06-MG"
541553;2023-08-11;"sexta-feira";"07:50:00";"RJ";0;0;"RIO DE JANEIRO";"Condutor deixou de manter distância do veículo da frente";"Colisão traseira";"Sem Vítimas";"Pleno dia";"Não Informado";"Céu Claro";"Simples";"Curva";"Sim";5;0;0;0;5;0;0;2;-22,82182658;-43,31918836;"SPRF-RJ";"DEL01-RJ";"UOP02-DEL01-RJ"
541554;2023-08-11;"sexta-feira";"08:10:00";"PR";153;41,8;"SANTO ANTONIO DA PLATINA";"Mal súbito do condutor";"Colisão traseira";"Com Vítimas Feridas";"Pleno dia";"Decrescente";"Céu Claro";"Simples";"Interseção de Vias";"Sim";3;0;1;0;2;0;1;2;-23,2951298;-50,06573081;"SPRF-PR";"DEL07-PR";"UOP04-DEL07-PR"
541555;2023-08-11;"sexta-feira";"07:35:00";"MG";50;174;"UBERABA";"Avarias e/ou desgaste excessivo no pneu";"Tombamento";"Com Vítimas Feridas";"Pleno dia";"Crescente";"Céu Claro";"Dupla";"Reta";"Sim";2;0;2;0;0;0;2;1;-19,770817;-47,973434;"SPRF-MG";"DEL13-MG";"UOP01-DEL13-MG"
541559;2023-08-11;"sexta-feira";"08:30:00";"PR";116;115;"CURITIBA";"Manobra de mudança de faixa";"Colisão lateral mesmo sentido";"Com Vítimas Feridas";"Pleno dia";"Decrescente";"Nublado";"Múltipla";"Reta";"Não";3;0;1;0;1;1;1;3;-25,54761743;-49,30392087;"SPRF-PR";"DEL01-PR";"UOP07-DEL01-PR"
541562;2023-08-11;"sexta-feira";"09:05:00";"MG";146;479,9;"POCOS DE CALDAS";"Acessar a via sem observar a presença dos outros veículos";"Colisão lateral sentido oposto";"Com Vítimas Feridas";"Pleno dia";"Crescente";"Céu Claro";"Simples";"Reta";"Não";4;0;0;1;2;1;1;4;-21,760503;-46,409043;"SPRF-MG";"DEL09-MG";"UOP01-DEL09-MG"
541563;2023-08-11;"sexta-feira";"07:55:00";"PB";230;155,5;"CAMPINA GRANDE";"Ausência de reação do condutor";"Colisão traseira";"Com Vítimas Feridas";"Pleno dia";"Decrescente";"Nublado";"Simples";"Em Obras;Reta";"Sim";2;0;1;0;1;0;1;2;-7,274907;-35,905597;"SPRF-PB";"DEL02-PB";"UOP01-DEL02-PB"
541564;2023-08-11;"sexta-feira";"07:30:00";"PE";101;87;"JABOATAO DOS GUARARAPES";"Acessar a via sem observar a presença dos outros veículos";"Colisão frontal";"Com Vítimas Feridas";"Pleno dia";"Decrescente";"Chuva";"Simples";"Reta";"Sim";2;0;1;0;1;0;1;2;-8,19120206;-34,97449985;"SPRF-PE";"DEL01-PE";"UOP01-DEL01-PE"
541568;2023-08-11;"sexta-feira";"09:00:00";"CE";116;3;"FORTALEZA";"Demais falhas mecânicas ou elétricas";"Colisão traseira";"Com Vítimas Feridas";"Pleno dia";"Crescente";"Céu Claro";"Múltipla";"Reta";"Não";2;0;1;0;1;0;1;2;-3,77866493;-38,51490171;"SPRF-CE";"DEL01-CE";"UOP02-DEL01-CE"
541569;2023-08-11;"sexta-feira";"07:00:00";"MT";163;1046;"MATUPA";"Transitar na contramão";"Colisão lateral sentido oposto";"Com Vítimas Feridas";"Pleno dia";"Crescente";"Céu Claro";"Simples";"Curva";"Não";4;0;2;0;2;0;2;2;-10,114;-54,932;"SPRF-MT";"DEL06-MT";"UOP03-DEL06-MT"