"id";"data_inversa";"dia_semana";"horario";"uf";"br";"km";"municipio";"causa_acidente";"tipo_acidente";"classificacao_acidente";"fase_dia";"sentido_via";"condicao_metereologica";"tipo_pista";"tracado_via";"uso_solo";"pessoas";"mortos";"feridos_leves";"feridos_graves";"ilesos";"ignorados";"feridos";"veiculos";"latitude";"longitude";"regional";"delegacia";"uop"
541570;2023-08-11;"sexta-feira";"10:00:00";"ES";101;237,8;"FUNDAO";"Condutor deixou de manter distância do veículo da frente";"Colisão traseira";"Com Vítimas Feridas";"Pleno dia";"Decrescente";"Sol";"Simples";"Reta";"Sim";3;0;1;0;2;0;1;2;-19,993072;-40,4141669;"SPRF-ES";"DEL02-ES";"UOP01-DEL02-ES"
541571;2023-08-11;"sexta-feira";"07:50:00";"PR";376;9,1;"MARINGA";"Desrespeitar a preferência no cruzamento";"Colisão transversal";"Com Vítimas Feridas";"Pleno dia";"Decrescente";"Céu Claro";"Simples";"Reta";"Sim";2;0;1;0;1;0;1;2;-23,38114081;-51,9112587;"SPRF-PR";"DEL09-PR";"UOP01-DEL09-PR"
541572;2023-08-11;"sexta-feira";"06:00:00";"SC";282;71;"RANCHO QUEIMADO";"Desrespeitar a preferência no cruzamento";"Colisão transversal";"Com Vítimas Feridas";"Amanhecer";"Crescente";"Chuva";"Simples";"Interseção de Vias;Declive";"Não";4;0;3;0;1;0;3;2;-27,689093;-49,097748;"SPRF-SC";"DEL01-SC";"UOP03-DEL01-SC"
541573;2023-08-11;"sexta-feira";"08:30:00";"SC";101;57,8;"ARAQUARI";"Chuva";"Saída de leito carroçável";"Com Vítimas Feridas";"Pleno dia";"Crescente";"Garoa/Chuvisco";"Dupla";"Curva";"Não";4;0;2;2;0;0;4;1;-26,43646093;-48,81113029;"SPRF-SC";"DEL03-SC";"UOP01-DEL03-SC"
541574;2023-08-11;"sexta-feira";"08:13:00";"GO";153;504;"APARECIDA DE GOIANIA";"Condutor deixou de manter distância do veículo da frente";"Queda de ocupante de veículo";"Com Vítimas Feridas";"Pleno dia";"Decrescente";"Céu Claro";"Dupla";"Aclive;Reta";"Não";2;0;1;0;0;1;1;2;-16,7451;-49,2408;"SPRF-GO";"DEL01-GO";"UOP01-DEL01-GO"
541581;2023-08-05;"sábado";"21:30:00";"MS";376;66;"GLORIA DE DOURADOS";"Reação tardia ou ineficiente do condutor";"Tombamento";"Com Vítimas Feridas";"Plena Noite";"Crescente";"Céu Claro";"Simples";"Aclive;Reta";"Não";2;0;2;0;0;0;2;2;-22,40919;-54,227104;"SPRF-MS";"DEL04-MS";"UOP04-DEL04-MS"
541582;2023-08-11;"sexta-feira";"09:40:00";"RJ";101;518;"ANGRA DOS REIS";"Avarias e/ou desgaste excessivo no pneu";"Queda de ocupante de veículo";"Com Vítimas Feridas";"Pleno dia";"Crescente";"Chuva";"Simples";"Reta";"Não";2;0;2;0;0;0;2;1;-23,00098271;-44,44227202;"SPRF-RJ";"DEL03-RJ";"UOP03-DEL03-RJ"
541583;2023-08-11;"sexta-feira";"11:15:00";"PR";376;407;"TIBAGI";"Reação tardia ou ineficiente do condutor";"Saída de leito carroçável";"Com Vítimas Feridas";"Pleno dia";"Decrescente";"Chuva";"Dupla";"Curva";"Não";1;0;0;1;0;0;1;1;-24,64521802;-50,62349002;"SPRF-PR";"DEL03-PR";"UOP02-DEL03-PR"
541585;2023-08-11;"sexta-feira";"11:00:00";"PE";104;99;"CUPIRA";"Ultrapassagem Indevida";"Colisão frontal";"Com Vítimas Feridas";"Pleno dia";"Crescente";"Nublado";"Simples";"Aclive;Curva";"Não";3;0;1;2;0;0;3;2;-8,555543;-35,943687;"SPRF-PE";"DEL02-PE";"UOP03-DEL02-PE"
541586;2023-08-09;"quarta-feira";"06:30:00";"CE";222;301,9;"TIANGUA";"Acumulo de água sobre o pavimento";"Saída de leito carroçável";"Sem Vítimas";"Pleno dia";"Decrescente";"Chuva";"Simples";"Curva";"Não";1;0;0;0;1;0;0;1;-3,66159701;-40,940041;"SPRF-CE";"DEL04-CE";"UOP02-DEL04-CE"
541589;2023-08-11;"sexta-feira";"12:15:00";"SP";153;31,5;"NOVA GRANADA";"Acessar a via sem observar a presença dos outros veículos";"Colisão transversal";"Com Vítimas Feridas";"Pleno dia";"Decrescente";"Céu Claro";"Simples";"Interseção de Vias;Rotatória";"Sim";5;0;2;0;3;0;2;2;-20,54746171;-49,32959617;"SPRF-SP";"DEL09-SP";"UOP01-DEL09-SP"
541592;2023-08-11;"sexta-feira";"12:20:00";"SE";235;53,8;"ITABAIANA";"Reação tardia ou ineficiente do condutor";"Colisão traseira";"Com Vítimas Feridas";"Pleno dia";"Crescente";"Nublado";"Simples";"Reta";"Não";2;0;1;0;1;0;1;2;-10,684707;-37,440544;"SPRF-SE";"DEL01-SE";"UOP02-DEL01-SE"
541593;2023-08-11;"sexta-feira";"11:55:00";"RS";101;15,6;"TORRES";"Demais falhas mecânicas ou elétricas";"Tombamento";"Com Vítimas Feridas";"Pleno dia";"Crescente";"Nublado";"Dupla";"Declive;Reta";"Não";2;0;2;0;0;0;2;1;-29,41208667;-49,85836029;"SPRF-RS";"DEL03-RS";"UOP02-DEL03-RS"
541594;2023-08-11;"sexta-feira";"13:01:00";"SP";116;219;"GUARULHOS";"Demais falhas mecânicas ou elétricas";"Queda de ocupante de veículo";"Com Vítimas Feridas";"Pleno dia";"Crescente";"Céu Claro";"Múltipla";"Reta";"Não";1;0;1;0;0;0;1;1;-23,46143954;-46,48885316;"SPRF-SP";"DEL01-SP";"UOP01-DEL01-SP"
541597;2023-08-11;"sexta-feira";"11:45:00";"RO";364;353;"JI-PARANA";"Reação tardia ou ineficiente do condutor";"Saída de leito carroçável";"Sem Vítimas";"Pleno dia";"Crescente";"Céu Claro";"Simples";"Aclive";"Não";1;0;0;0;1;0;0;1;-10,82470302;-62,01461304;"SPRF-RO";"DEL02-RO";"UOP01-DEL02-RO"
541598;2023-07-28;"sexta-feira";"01:30:00";"SC";101;341,4;"TUBARAO";"Reação tardia ou ineficiente do condutor";"Saída de leito carroçável";"Sem Vítimas";"Plena Noite";"Decrescente";"Céu Claro";"Simples";"Curva;Interseção de Vias;Viaduto";"Sim";1;0;0;0;1;0;0;1;-28,50737981;-49,04951334;"SPRF-SC";"DEL02-SC";"UOP01-DEL02-SC"
541600;2023-08-11;"sexta-feira";"13:40:00";"SC";101;206,3;"SAO JOSE";"Mal súbito do condutor";"Colisão com objeto";"Com Vítimas Feridas";"Pleno dia";"Decrescente";"Céu Claro";"Dupla";"Interseção de Vias";"Sim";1;0;1;0;0;0;1;1;-27,59546887;-48,619169;"SPRF-SC";"DEL01-SC";"UOP01-DEL01-SC"
541601;2023-08-11;"sexta-feira";"09:40:00";"RJ";40;121;"DUQUE DE CAXIAS";"Manobra de mudança de faixa";"Queda de ocupante de veículo";"Com Vítimas Feridas";"Pleno dia";"Crescente";"Céu Claro";"Múltipla";"Reta";"Sim";1;0;1;0;0;0;1;1;-22,78185499;-43,28571273;"SPRF-RJ";"DEL01-RJ";"UOP01-DEL01-RJ"
541602;2023-08-11;"sexta-feira";"09:20:00";"ES";101;146,4;"LINHARES";"Reação tardia ou ineficiente do condutor";"Colisão lateral mesmo sentido";"Com Vítimas Feridas";"Pleno dia";"Crescente";"Céu Claro";"Múltipla";"Reta";"Sim";2;0;1;0;1;0;1;2;-19,36990998;-40,06560718;"SPRF-ES";"DEL04-ES";"UOP01-DEL04-ES"
541607;2023-08-11;"sexta-feira";"13:30:00";"PE";232;7;"RECIFE";"Manobra de mudança de faixa";"Colisão traseira";"Com Vítimas Feridas";"Pleno dia";"Decrescente";"Céu Claro";"Múltipla";"Reta";"Não";2;0;1;0;1;0;1;2;-8,07333497;-34,96184301;"SPRF-PE";"DEL01-PE";"UOP01-DEL01-PE"
541608;2023-08-11;"sexta-feira";"12:25:00";"ES";101;254;"SERRA";"Reação tardia ou ineficiente do condutor";"Engavetamento";"Com Vítimas Feridas";"Pleno dia";"Crescente";"Céu Claro";"Simples";"Reta";"Sim";4;0;1;0;3;0;1;3;-20,1100364;-40,32740141;"SPRF-ES";"DEL02-ES";"UOP01-DEL02-ES"
541609;2023-08-05;"sábado";"23:03:00";"MS";163;490;"CAMPO GRANDE";"Pedestre andava na pista";"Atropelamento de Pedestre";"Com Vítimas Feridas";"Plena Noite";"Crescente";"Céu Claro";"Simples";"Aclive;Reta";"Sim";2;0;1;0;1;0;1;2;-20,40017983;-54,55539878;"SPRF-MS";"DEL01-MS";"UOP02-DEL01-MS"
541611;2023-08-11;"sexta-feira";"13:30:00";"MT";364;198;"RONDONOPOLIS";"Condutor deixou de manter distância do veículo da frente";"Colisão traseira";"Com Vítimas Feridas";"Pleno dia";"Crescente";"Céu Claro";"Simples";"Reta";"Sim";3;0;1;0;1;1;1;3;-16,51125876;-54,61517884;"SPRF-MT";"DEL02-MT";"UOP01-DEL02-MT"
541613;2023-08-11;"sexta-feira";"14:25:00";"RS";470;223,5;"GARIBALDI";"Desrespeitar a preferência no cruzamento";"Colisão transversal";"Com Vítimas Feridas";"Pleno dia";"Crescente";"Céu Claro";"Simples";"Declive;Interseção de Vias;Reta";"Não";2;0;1;0;1;0;1;2;-29,22686209;-51,51608348;"SPRF-RS";"DEL06-RS";"UOP01-DEL06-RS"
541614;2023-07-30;"domingo";"20:20:00";"SP";116;271;"TABOAO DA SERRA";"Reação tardia ou ineficiente do condutor";"Colisão traseira";"Com Vítimas Feridas";"Plena Noite";"Crescente";"Céu Claro";"Dupla";"Reta";"Sim";2;0;1;0;1;0;1;2;-23,60873496;-46,76930308;"SPRF-SP";"DEL04-SP";"UOP01-DEL04-SP"
541615;2023-08-11;"sexta-feira";"14:00:00";"RJ";116;184;"NOVA IGUACU";"Trafegar com motocicleta (ou similar) entre as faixas";"Colisão lateral mesmo sentido";"Com Vítimas Feridas";"Amanhecer";"Crescente";"Céu Claro";"Dupla";"Reta";"Não";2;0;0;1;1;0;1;2;-22,74647215;-43,44594311;"SPRF-RJ";"DEL01-RJ";"UOP02-DEL01-RJ"
541616;2023-08-11;"sexta-feira";"14:00:00";"SP";116;125;"CACAPAVA";"Demais falhas mecânicas ou elétricas";"Incêndio";"Sem Vítimas";"Pleno dia";"Crescente";"Céu Claro";"Dupla";"Reta";"Não";1;0;0;0;1;0;0;1;-23,09872598;-45,68608201;"SPRF-SP";"DEL02-SP";"UOP02-DEL02-SP"
541617;2023-08-11;"sexta-feira";"13:30:00";"PE";101;48;"ABREU E LIMA";"Acessar a via sem observar a presença dos outros veículos";"Colisão transversal";"Sem Vítimas";"Pleno dia";"Crescente";"Céu Claro";"Múltipla";"Reta;Retorno Regulamentado";"Sim";3;0;0;0;3;0;0;2;-7,89174705;-34,9033493;"SPRF-PE";"DEL01-PE";"UOP02-DEL01-PE"
541622;2023-08-10;"quinta-feira";"23:00:00";"PR";277;473,8;"NOVA LARANJEIRAS";"Ausência de reação do condutor";"Saída de leito carroçável";"Com Vítimas Feridas";"Plena Noite";"Crescente";"Céu Claro";"Simples";"Curva";"Não";1;0;1;0;0;0;1;1;-25,31228529;-52,52903626;"SPRF-PR";"DEL04-PR";"UOP02-DEL04-PR"
541623;2023-08-11;"sexta-feira";"15:00:00";"MA";10;258;"IMPERATRIZ";"Acessar a via sem observar a presença dos outros veículos";"Colisão transversal";"Com Vítimas Feridas";"Pleno dia";"Decrescente";"Céu Claro";"Simples";"Retorno Regulamentado;Interseção de Vias;Reta";"Sim";2;0;1;0;1;0;1;2;-5,481554;-47,472092;"SPRF-MA";"DEL04-MA";"UOP01-DEL04-MA"
541628;2023-08-11;"sexta-feira";"15:00:00";"AL";316;255;"PILAR";"Condutor deixou de manter distância do veículo da frente";"Engavetamento";"Com Vítimas Feridas";"Pleno dia";"Crescente";"Céu Claro";"Simples";"Reta";"Sim";3;0;1;0;2;0;1;3;-9,59051052;-35,94993902;"SPRF-AL";"DEL02-AL";"UOP01-DEL02-AL"
541629;2023-08-11;"sexta-feira";"13:50:00";"RO";364;352;"JI-PARANA";"Acessar a via sem observar a presença dos outros veículos";"Colisão lateral mesmo sentido";"Com Vítimas Feridas";"Pleno dia";"Crescente";"Céu Claro";"Simples";"Declive;Reta";"Não";6;0;1;0;5;0;1;2;-10,83322284;-62,01156957;"SPRF-RO";"DEL02-RO";"UOP01-DEL02-RO"
541632;2023-08-11;"sexta-feira";"14:50:00";"PR";277;111;"CAMPO LARGO";"Ausência de reação do condutor";"Colisão traseira";"Sem Vítimas";"Pleno dia";"Crescente";"Nublado";"Dupla";"Aclive";"Não";4;0;0;0;4;0;0;2;-25,43363441;-49,43634152;"SPRF-PR";"DEL03-PR";"UOP03-DEL03-PR"
541633;2023-08-11;"sexta-feira";"15:15:00";"MA";222;669,5;"ACAILANDIA";"Retorno proibido";"Colisão transversal";"Com Vítimas Feridas";"Pleno dia";"Decrescente";"Céu Claro";"Simples";"Reta";"Não";2;0;0;1;1;0;1;2;-4,9115858;-47,41511612;"SPRF-MA";"DEL04-MA";"UOP03-DEL04-MA"
541634;2023-08-11;"sexta-feira";"15:30:00";"BA";324;617;"SALVADOR";"Reação tardia ou ineficiente do condutor";"Colisão traseira";"Com Vítimas Feridas";"Pleno dia";"Decrescente";"Céu Claro";"Dupla";"Reta";"Sim";2;0;1;0;1;0;1;2;-12,8860325;-38,43806469;"SPRF-BA";"DEL01-BA";"UOP01-DEL01-BA"
541635;2023-08-11;"sexta-feira";"13:45:00";"PR";277;178;"PALMEIRA";"Avarias e/ou desgaste excessivo no pneu";"Saída de leito carroçável";"Com Vítimas Feridas";"Pleno dia";"Decrescente";"Chuva";"Simples";"Declive;Reta";"Não";1;0;1;0;0;0;1;1;-25,421994;-50,077758;"SPRF-PR";"DEL08-PR";"UOP02-DEL08-PR"
541636;2023-08-11;"sexta-feira";"07:20:00";"CE";222;212;"FORQUILHA";"Velocidade Incompatível";"Saída de leito carroçável";"Com Vítimas Feridas";"Pleno dia";"Crescente";"Céu Claro";"Simples";"Curva";"Não";2;0;1;0;1;0;1;1;-3,78580885;-40,28377533;"SPRF-CE";"DEL04-CE";"UOP01-DEL04-CE"
541642;2023-08-11;"sexta-feira";"14:00:00";"PB";412;144,4;"MONTEIRO";"Manobra de mudança de faixa";"Colisão frontal";"Com Vítimas Feridas";"Pleno dia";"Decrescente";"Sol";"Simples";"Reta";"Sim";3;0;1;1;1;0;2;2;-7,891878;-37,111336;"SPRF-PB";"DEL02-PB";"UOP02-DEL02-PB"
541643;2023-08-11;"sexta-feira";"16:20:00";"SC";101;206;"SAO JOSE";"Condutor deixou de manter distância do veículo da frente";"Colisão traseira";"Com Vítimas Feridas";"Pleno dia";"Crescente";"Nublado";"Dupla";"Reta";"Não";2;0;1;0;1;0;1;2;-27,59193546;-48,61824557;"SPRF-SC";"DEL01-SC";"UOP01-DEL01-SC"
541644;2023-08-11;"sexta-feira";"16:20:00";"SP";116;215;"GUARULHOS";"Demais falhas mecânicas ou elétricas";"Colisão com objeto";"Com Vítimas Feridas";"Pleno dia";"Decrescente";"Nublado";"Múltipla";"Reta";"Sim";1;0;1;0;0;0;1;1;-23,44695693;-46,45394103;"SPRF-SP";"DEL01-SP";"UOP01-DEL01-SP"
541646;2023-08-11;"sexta-feira";"16:30:00";"PE";101;70;"RECIFE";"Ausência de reação do condutor";"Saída de leito carroçável";"Com Vítimas Feridas";"Pleno dia";"Decrescente";"Céu Claro";"Simples";"Curva";"Sim";1;0;1;0;0;0;1;1;-8,06776119;-34,94265074;"SPRF-PE";"DEL01-PE";"UOP01-DEL01-PE"
541647;2023-08-11;"sexta-feira";"16:30:00";"PR";116;40,1;"CAMPINA GRANDE DO SUL";"Ausência de reação do condutor";"Colisão com objeto";"Com Vítimas Feridas";"Pleno dia";"Decrescente";"Chuva";"Dupla";"Reta";"Não";2;0;1;0;1;0;1;1;-25,16445203;-48,86237697;"SPRF-PR";"DEL01-PR";"UOP02-DEL01-PR"
541649;2023-08-11;"sexta-feira";"17:20:00";"GO";70;7;"AGUAS LINDAS DE GOIAS";"Condutor deixou de manter distância do veículo da frente";"Colisão traseira";"Sem Vítimas";"Pleno dia";"Decrescente";"Céu Claro";"Dupla";"Reta";"Sim";2;0;0;0;2;0;0;2;-15,74375533;-48,26779708;"SPRF-DF";"DEL03-DF";"UOP02-DEL03-DF"
541650;2023-08-11;"sexta-feira";"16:51:00";"MG";365;606;"UBERLANDIA";"Acessar a via sem observar a presença dos outros veículos";"Colisão traseira";"Com Vítimas Feridas";"Pleno dia";"Decrescente";"Céu Claro";"Simples";"Curva";"Não";5;0;3;0;2;0;3;2;-18,91688593;-48,17707923;"SPRF-MG";"DEL15-MG";"UOP01-DEL15-MG"
541653;2023-08-11;"sexta-feira";"17:30:00";"DF";70;7;"BRASILIA";"Ausência de reação do condutor";"Colisão traseira";"Com Vítimas Feridas";"Anoitecer";"Crescente";"Céu Claro";"Dupla";"Reta";"Sim";2;0;1;0;1;0;1;2;-15,787601;-48,114429;"SPRF-DF";"DEL03-DF";"UOP02-DEL03-DF"
541655;2023-08-11;"sexta-feira";"17:30:00";"AL";101;187,4;"JUNQUEIRO";"Ingestão de álcool ou de substâncias psicoativas pelo pedestre";"Atropelamento de Pedestre";"Com Vítimas Feridas";"Anoitecer";"Crescente";"Chuva";"Dupla";"Curva";"Não";4;0;0;1;3;0;1;2;-9,90106897;-36,46390303;"SPRF-AL";"DEL02-AL";"UOP02-DEL02-AL"
541656;2023-08-11;"sexta-feira";"16:30:00";"PE";423;94;"GARANHUNS";"Pedestre cruzava a pista fora da faixa";"Atropelamento de Pedestre";"Com Vítimas Feridas";"Pleno dia";"Crescente";"Garoa/Chuvisco";"Dupla";"Reta";"Sim";2;0;1;0;0;1;1;2;-8,874732;-36,46946;"SPRF-PE";"DEL03-PE";"UOP01-DEL03-PE"
541658;2023-08-11;"sexta-feira";"17:40:00";"SP";116;229;"SAO PAULO";"Manobra de mudança de faixa";"Colisão traseira";"Com Vítimas Feridas";"Anoitecer";"Decrescente";"Nublado";"Múltipla";"Reta";"Sim";2;0;1;0;1;0;1;2;-23,51291902;-46,57604698;"SPRF-SP";"DEL01-SP";"UOP01-DEL01-SP"
541659;2023-08-11;"sexta-feira";"18:00:00";"RN";304;43;"MOSSORO";"Acessar a via sem observar a presença dos outros veículos";"Colisão lateral mesmo sentido";"Com Vítimas Feridas";"Plena Noite";"Crescente";"Céu Claro";"Dupla";"Reta";"Não";2;0;1;0;1;0;1;2;-5,21815835;-37,36500124;"SPRF-RN";"DEL04-RN";"UOP01-DEL04-RN"
541660;2023-08-11;"sexta-feira";"16:00:00";"CE";20;300;"CANINDE";"Afundamento ou ondulação no pavimento";"Saída de leito carroçável";"Com Vítimas Feridas";"Pleno dia";"Decrescente";"Céu Claro";"Simples";"Reta";"Não";2;0;2;0;0;0;2;1;-4,41415585;-39,32807231;"SPRF-CE";"DEL02-CE";"UOP01-DEL02-CE"
541662;2023-08-11;"sexta-feira";"14:15:00";"MA";316;524,1;"CAXIAS";"Condutor Dormindo";"Saída de leito carroçável";"Com Vítimas Feridas";"Pleno dia";"Decrescente";"Céu Claro";"Simples";"Reta";"Não";5;0;1;1;3;0;2;1;-4,79143;-43,572159;"SPRF-MA";"DEL03-MA";"UOP02-DEL03-MA"
541663;2023-08-11;"sexta-feira";"17:35:00";"MG";381;795,2;"SAO GONCALO DO SAPUCAI";"Pedestre cruzava a pista fora da faixa";"Atropelamento de Pedestre";"Com Vítimas Feridas";"Anoitecer";"Decrescente";"Céu Claro";"Dupla";"Reta";"Não";6;0;0;1;4;1;1;2;-21,93832681;-45,6149402;"SPRF-MG";"DEL16-MG";"UOP02-DEL16-MG"
541666;2023-08-11;"sexta-feira";"16:40:00";"RJ";465;10;"SEROPEDICA";"Acessar a via sem observar a presença dos outros veículos";"Colisão transversal";"Com Vítimas Feridas";"Anoitecer";"Decrescente";"Céu Claro";"Simples";"Reta";"Não";2;0;1;0;1;0;1;2;-22,777218;-43,663025;"SPRF-RJ";"DEL01-RJ";"UOP03-DEL01-RJ"
541668;2023-08-11;"sexta-feira";"17:40:00";"MG";262;50,6;"MANHUACU";"Acessar a via sem observar a presença dos outros veículos";"Colisão transversal";"Com Vítimas Feridas";"Anoitecer";"Decrescente";"Céu Claro";"Simples";"Interseção de Vias;Reta";"Não";3;0;2;0;1;0;2;2;-20,2428055;-42,13652397;"SPRF-MG";"DEL06-MG";"UOP03-DEL06-MG"
541669;2023-08-11;"sexta-feira";"17:20:00";"PI";343;21,7;"PARNAIBA";"Ausência de reação do condutor";"Colisão transversal";"Com Vítimas Feridas";"Pleno dia";"Crescente";"Sol";"Simples";"Reta";"Não";4;0;0;1;3;0;1;2;-2,990041;-41,764046;"SPRF-PI";"DEL05-PI";"UOP01-DEL05-PI"
541670;2023-08-11;"sexta-feira";"16:15:00";"MT";70;275;"PRIMAVERA DO LESTE";"Ausência de reação do condutor";"Colisão traseira";"Com Vítimas Feridas";"Pleno dia";"Decrescente";"Céu Claro";"Simples";"Reta";"Não";2;0;1;0;1;0;1;2;-15,54957476;-54,25390412;"SPRF-MT";"DEL05-MT";"UOP01-DEL05-MT"
541671;2023-08-11;"sexta-feira";"16:00:00";"PR";116;44;"CAMPINA GRANDE DO SUL";"Velocidade Incompatível";"Saída de leito carroçável";"Com Vítimas Feridas";"Pleno dia";"Crescente";"Chuva";"Dupla";"Curva";"Não";2;0;1;0;1;0;1;1;-25,1882321;-48,88492529;"SPRF-PR";"DEL01-PR";"UOP02-DEL01-PR"
541672;2023-08-11;"sexta-feira";"18:35:00";"SP";116;147;"SAO JOSE DOS CAMPOS";"Trafegar com motocicleta (ou similar) entre as faixas";"Colisão lateral mesmo sentido";"Com Vítimas Feridas";"Plena Noite";"Decrescente";"Céu Claro";"Múltipla";"Reta";"Sim";2;0;1;0;1;0;1;2;-23,19542994;-45,87176303;"SPRF-SP";"DEL02-SP";"UOP01-DEL02-SP"
541673;2023-08-11;"sexta-feira";"06:30:00";"SC";282;22,7;"SANTO AMARO DA IMPERATRIZ";"Reação tardia ou ineficiente do condutor";"Tombamento";"Com Vítimas Feridas";"Amanhecer";"Crescente";"Chuva";"Simples";"Declive;Reta";"Não";1;0;1;0;0;0;1;1;-27,688507;-48,72739;"SPRF-SC";"DEL01-SC";"UOP02-DEL01-SC"
541674;2023-08-11;"sexta-feira";"18:25:00";"GO";153;501,4;"GOIANIA";"Condutor deixou de manter distância do veículo da frente";"Colisão traseira";"Com Vítimas Feridas";"Plena Noite";"Crescente";"Céu Claro";"Múltipla";"Reta";"Sim";3;0;1;0;2;0;1;3;-16,7189;-49,2382;"SPRF-GO";"DEL01-GO";"UOP01-DEL01-GO"
541675;2023-08-11;"sexta-feira";"18:00:00";"SP";381;61;"MAIRIPORA";"Frear bruscamente";"Queda de ocupante de veículo";"Com Vítimas Feridas";"Anoitecer";"Crescente";"Céu Claro";"Dupla";"Declive;Curva";"Sim";2;0;1;0;0;1;1;2;-23,29011611;-46,5800681;"SPRF-SP";"DEL03-SP";"UOP01-DEL03-SP"
541676;2023-08-11;"sexta-feira";"17:10:00";"CE";20;317;"CANINDE";"Velocidade Incompatível";"Saída de leito carroçável";"Sem Vítimas";"Pleno dia";"Decrescente";"Céu Claro";"Simples";"Curva";"Não";1;0;0;0;0;1;0;1;-4,29121502;-39,24974699;"SPRF-CE";"DEL02-CE";"UOP01-DEL02-CE"
541678;2023-08-11;"sexta-feira";"18:30:00";"SC";101;119;"ITAJAI";"Ausência de reação do condutor";"Colisão traseira";"Com Vítimas Feridas";"Plena Noite";"Decrescente";"Nublado";"Dupla";"Reta";"Não";3;0;1;0;2;0;1;2;-26,9043179;-48,71555481;"SPRF-SC";"DEL04-SC";"UOP04-DEL04-SC"
541679;2023-08-11;"sexta-feira";"19:00:00";"DF";70;19;"BRASILIA";"Velocidade Incompatível";"Colisão traseira";"Com Vítimas Feridas";"Anoitecer";"Crescente";"Céu Claro";"Dupla";"Reta";"Sim";2;0;1;0;1;0;1;2;-15,788868;-48,220242;"SPRF-DF";"DEL03-DF";"UOP02-DEL03-DF"
541680;2023-08-11;"sexta-feira";"17:45:00";"PR";116;208;"RIO NEGRO";"Ausência de reação do condutor";"Queda de ocupante de veículo";"Com Vítimas Feridas";"Pleno dia";"Crescente";"Nublado";"Simples";"Declive;Reta";"Sim";2;0;1;0;0;1;1;2;-26,07336494;-49,74365505;"SPRF-SC";"DEL06-SC";"UOP01-DEL06-SC"
541682;2023-08-11;"sexta-feira";"19:00:00";"SC";101;206,8;"SAO JOSE";"Manobra de mudança de faixa";"Colisão lateral mesmo sentido";"Com Vítimas Feridas";"Plena Noite";"Crescente";"Céu Claro";"Dupla";"Reta";"Não";2;0;1;0;1;0;1;2;-27,59193546;-48,61824557;"SPRF-SC";"DEL01-SC";"UOP01-DEL01-SC"
541683;2023-08-11;"sexta-feira";"17:18:00";"RO";364;504,6;"ARIQUEMES";"Reação tardia ou ineficiente do condutor";"Saída de leito carroçável";"Com Vítimas Feridas";"Pleno dia";"Decrescente";"Céu Claro";"Simples";"Declive;Reta";"Não";4;0;4;0;0;0;4;1;-10,00474102;-63,00712403;"SPRF-RO";"DEL03-RO";"UOP01-DEL03-RO"
541685;2023-08-11;"sexta-feira";"15:10:00";"PR";277;397,9;"CANDOI";"Acessar a via sem observar a presença dos outros veículos";"Colisão transversal";"Com Vítimas Fatais";"Pleno dia";"Decrescente";"Nublado";"Simples";"Reta";"Não";4;2;2;0;0;0;2;2;-25,458398;-51,951816;"SPRF-PR";"DEL08-PR";"UOP01-DEL08-PR"
541687;2023-08-11;"sexta-feira";"18:13:00";"MG";116;412;"GOVERNADOR VALADARES";"Condutor deixou de manter distância do veículo da frente";"Colisão traseira";"Com Vítimas Feridas";"Plena Noite";"Decrescente";"Céu Claro";"Simples";"Reta";"Sim";5;0;1;0;4;0;1;4;-18,87258506;-41,96768761;"SPRF-MG";"DEL06-MG";"UOP01-DEL06-MG"
541690;2023-08-11;"sexta-feira";"05:30:00";"AL";101;121;"SAO MIGUEL DOS CAMPOS";"Velocidade Incompatível";"Saída de leito carroçável";"Com Vítimas Feridas";"Amanhecer";"Crescente";"Ignorado";"Dupla";"Declive;Desvio Temporário";"Não";1;0;1;0;0;0;1;1;-9,68903191;-36,03448792;"SPRF-AL";"DEL02-AL";"UOP01-DEL02-AL"
541691;2023-08-11;"sexta-feira";"12:30:00";"SC";282;548,8;"CHAPECO";"Reação tardia ou ineficiente do condutor";"Saída de leito carroçável";"Com Vítimas Feridas";"Pleno dia";"Crescente";"Sol";"Simples";"Reta";"Não";1;0;1;0;0;0;1;1;-26,968346;-52,753883;"SPRF-SC";"DEL07-SC";"UOP01-DEL07-SC"
541693;2023-08-11;"sexta-feira";"09:45:00";"MA";222;295;"VITORIA DO MEARIM";"Ultrapassagem Indevida";"Colisão frontal";"Com Vítimas Feridas";"Pleno dia";"Crescente";"Céu Claro";"Simples";"Reta";"Sim";4;0;0;3;0;1;3;3;-3,47534393;-44,8721989;"SPRF-MA";"DEL02-MA";"UOP01-DEL02-MA"
541694;2023-08-11;"sexta-feira";"13:10:00";"PR";277;159;"PORTO AMAZONAS";"Avarias e/ou desgaste excessivo no pneu";"Saída de leito carroçável";"Sem Vítimas";"Pleno dia";"Crescente";"Chuva";"Simples";"Curva";"Não";3;0;0;0;3;0;0;1;-25,47289;-49,895964;"SPRF-PR";"DEL03-PR";"UOP03-DEL03-PR"
541695;2023-08-11;"sexta-feira";"19:20:00";"MG";40;478,7;"SETE LAGOAS";"Pedestre andava na pista";"Atropelamento de Pedestre";"Com Vítimas Feridas";"Plena Noite";"Decrescente";"Céu Claro";"Dupla";"Reta;Declive";"Não";2;0;0;1;1;0;1;2;-19,532183;-44,256746;"SPRF-MG";"DEL02-MG";"UOP01-DEL02-MG"