"id";"data_inversa";"dia_semana";"horario";"uf";"br";"km";"municipio";"causa_acidente";"tipo_acidente";"classificacao_acidente";"fase_dia";"sentido_via";"condicao_metereologica";"tipo_pista";"tracado_via";"uso_solo";"pessoas";"mortos";"feridos_leves";"feridos_graves";"ilesos";"ignorados";"feridos";"veiculos";"latitude";"longitude";"regional";"delegacia";"uop"
541696;2023-08-11;"sexta-feira";"18:53:00";"CE";116;14;"FORTALEZA";"Ausência de reação do condutor";"Colisão traseira";"Com Vítimas Feridas";"Plena Noite";"Decrescente";"Céu Claro";"Simples";"Reta";"Sim";2;0;0;1;1;0;1;2;-3,86973356;-38,49827361;"SPRF-CE";"DEL01-CE";"UOP02-DEL01-CE"
541697;2023-08-11;"sexta-feira";"20:20:00";"RJ";101;306;"SAO GONCALO";"Trafegar com motocicleta (ou similar) entre as faixas";"Colisão traseira";"Com Vítimas Feridas";"Plena Noite";"Crescente";"Céu Claro";"Dupla";"Reta";"Não";3;0;2;0;1;0;2;2;-22,78913759;-43,00550909;"SPRF-RJ";"DEL02-RJ";"UOP02-DEL02-RJ"
541698;2023-08-11;"sexta-feira";"18:30:00";"BA";242;402;"SEABRA";"Animais na Pista";"Atropelamento de Animal";"Com Vítimas Feridas";"Plena Noite";"Decrescente";"Céu Claro";"Simples";"Reta";"Sim";1;0;1;0;0;0;1;1;-12,47110529;-41,70823799;"SPRF-BA";"DEL06-BA";"UOP01-DEL06-BA"
541699;2023-08-11;"sexta-feira";"18:45:00";"RS";116;244;"SAO LEOPOLDO";"Reação tardia ou ineficiente do condutor";"Colisão traseira";"Sem Vítimas";"Plena Noite";"Crescente";"Nublado";"Múltipla";"Reta";"Sim";2;0;0;0;2;0;0;2;-29,74088003;-51,15039566;"SPRF-RS";"DEL01-RS";"UOP02-DEL01-RS"
541700;2023-08-11;"sexta-feira";"15:00:00";"RJ";116;197;"QUEIMADOS";"Avarias e/ou desgaste excessivo no pneu";"Queda de ocupante de veículo";"Com Vítimas Feridas";"Pleno dia";"Decrescente";"Céu Claro";"Múltipla";"Reta";"Não";1;0;1;0;0;0;1;1;-22,72980637;-43,56512004;"SPRF-RJ";"DEL01-RJ";"UOP02-DEL01-RJ"
541701;2023-08-11;"sexta-feira";"19:30:00";"SC";282;602;"CUNHA PORA";"Acessar a via sem observar a presença dos outros veículos";"Colisão frontal";"Com Vítimas Feridas";"Plena Noite";"Crescente";"Céu Claro";"Simples";"Interseção de Vias;Reta";"Não";2;0;1;0;1;0;1;2;-26,80660578;-53,18138123;"SPRF-SC";"DEL07-SC";"UOP02-DEL07-SC"
541702;2023-08-11;"sexta-feira";"20:10:00";"GO";364;185;"JATAI";"Animais na Pista";"Atropelamento de Animal";"Com Vítimas Feridas";"Plena Noite";"Crescente";"Céu Claro";"Simples";"Aclive;Reta";"Não";3;0;1;0;2;0;1;1;-17,948332;-51,649601;"SPRF-GO";"DEL05-GO";"UOP01-DEL05-GO"
541704;2023-08-11;"sexta-feira";"19:20:00";"SC";116;86;"MONTE CASTELO";"Acessar a via sem observar a presença dos outros veículos";"Colisão transversal";"Com Vítimas Feridas";"Plena Noite";"Crescente";"Chuva";"Simples";"Aclive;Reta";"Não";2;0;0;1;1;0;1;2;-26,60977491;-50,22937022;"SPRF-SC";"DEL06-SC";"UOP02-DEL06-SC"
541706;2023-08-11;"sexta-feira";"18:30:00";"MT";364;396;"CUIABA";"Acessar a via sem observar a presença dos outros veículos";"Colisão lateral mesmo sentido";"Com Vítimas Feridas";"Plena Noite";"Crescente";"Céu Claro";"Dupla";"Retorno Regulamentado";"Não";4;0;1;0;3;0;1;2;-15,69004774;-55,90523988;"SPRF-MT";"DEL01-MT";"UOP02-DEL01-MT"
541707;2023-08-11;"sexta-feira";"19:00:00";"PB";104;112;"LAGOA SECA";"Acessar a via sem observar a presença dos outros veículos";"Colisão transversal";"Com Vítimas Feridas";"Plena Noite";"Decrescente";"Garoa/Chuvisco";"Simples";"Interseção de Vias;Reta";"Sim";2;0;1;1;0;0;2;2;-7,1450288;-35,85692679;"SPRF-PB";"DEL02-PB";"UOP04-DEL02-PB"
541709;2023-08-11;"sexta-feira";"21:40:00";"SC";101;148;"ITAPEMA";"Condutor deixou de manter distância do veículo da frente";"Colisão lateral mesmo sentido";"Com Vítimas Feridas";"Plena Noite";"Crescente";"Nublado";"Múltipla";"Reta";"Sim";2;0;1;0;0;1;1;2;-27,10123686;-48,61807962;"SPRF-SC";"DEL04-SC";"UOP03-DEL04-SC"
541710;2023-08-11;"sexta-feira";"20:50:00";"SC";282;216;"PALHOCA";"Acessar a via sem observar a presença dos outros veículos";"Colisão transversal";"Com Vítimas Feridas";"Plena Noite";"Crescente";"Céu Claro";"Simples";"Reta";"Não";2;0;0;1;0;1;1;2;-27,661036;-48,684042;"SPRF-SC";"DEL05-SC";"UOP01-DEL05-SC"
541712;2023-08-11;"sexta-feira";"21:40:00";"ES";101;293;"CARIACICA";"Ausência de reação do condutor";"Engavetamento";"Com Vítimas Feridas";"Plena Noite";"Decrescente";"Céu Claro";"Dupla";"Reta;Em Obras";"Sim";4;0;0;1;3;0;1;3;-20,31526144;-40,39567044;"SPRF-ES";"DEL01-ES";"UOP01-DEL01-ES"
541714;2023-08-11;"sexta-feira";"21:30:00";"ES";101;179;"ARACRUZ";"Ausência de reação do condutor";"Colisão transversal";"Com Vítimas Feridas";"Plena Noite";"Crescente";"Nublado";"Simples";"Reta";"Não";5;0;1;0;4;0;1;2;-19,61640717;-40,21532077;"SPRF-ES";"DEL04-ES";"UOP01-DEL04-ES"
541715;2023-08-11;"sexta-feira";"21:20:00";"PR";272;367;"CAMPO MOURAO";"Demais falhas mecânicas ou elétricas";"Colisão traseira";"Com Vítimas Feridas";"Plena Noite";"Decrescente";"Céu Claro";"Dupla";"Reta";"Sim";2;0;1;0;1;0;1;2;-24,05063682;-52,40169964;"SPRF-PR";"DEL09-PR";"UOP03-DEL09-PR"
541716;2023-08-11;"sexta-feira";"19:55:00";"CE";222;1;"FORTALEZA";"Pista esburacada";"Queda de ocupante de veículo";"Com Vítimas Feridas";"Plena Noite";"Crescente";"Céu Claro";"Dupla";"Em Obras;Reta";"Sim";1;0;1;0;0;0;1;1;-3,737804;-38,578061;"SPRF-CE";"DEL01-CE";"UOP01-DEL01-CE"
541717;2023-08-11;"sexta-feira";"19:30:00";"PA";316;111;"SANTA MARIA DO PARA";"Ausência de reação do condutor";"Colisão transversal";"Com Vítimas Feridas";"Plena Noite";"Crescente";"Céu Claro";"Simples";"Curva;Interseção de Vias";"Não";3;0;2;0;1;0;2;2;-1,31708992;-47,51316503;"SPRF-PA";"DEL01-PA";"UOP02-DEL01-PA"
541718;2023-08-11;"sexta-feira";"21:00:00";"MG";381;924,5;"CAMANDUCAIA";"Curva acentuada";"Colisão traseira";"Com Vítimas Feridas";"Plena Noite";"Crescente";"Chuva";"Dupla";"Curva";"Não";3;0;1;0;2;0;1;2;-22,77011557;-46,19399808;"SPRF-MG";"DEL16-MG";"UOP03-DEL16-MG"
541719;2023-08-11;"sexta-feira";"16:00:00";"PE";428;187,9;"PETROLINA";"Manobra de mudança de faixa";"Colisão lateral mesmo sentido";"Sem Vítimas";"Pleno dia";"Decrescente";"Chuva";"Múltipla";"Rotatória";"Sim";2;0;0;0;2;0;0;2;-9,3747593;-40,48788071;"SPRF-PE";"DEL06-PE";"UOP01-DEL06-PE"
541721;2023-08-11;"sexta-feira";"21:30:00";"PE";232;7;"RECIFE";"Velocidade Incompatível";"Tombamento";"Com Vítimas Feridas";"Plena Noite";"Crescente";"Céu Claro";"Múltipla";"Curva";"Não";1;0;0;1;0;0;1;1;-8,07333497;-34,96184301;"SPRF-PE";"DEL01-PE";"UOP01-DEL01-PE"
541722;2023-08-11;"sexta-feira";"21:40:00";"SC";470;57,9;"BLUMENAU";"Ausência de reação do condutor";"Colisão com objeto";"Com Vítimas Feridas";"Plena Noite";"Crescente";"Nublado";"Simples";"Reta";"Não";1;0;1;0;0;0;1;1;-26,880428;-49,136532;"SPRF-SC";"DEL04-SC";"UOP01-DEL04-SC"
541723;2023-08-11;"sexta-feira";"19:30:00";"RJ";101;383;"RIO DE JANEIRO";"Avarias e/ou desgaste excessivo no pneu";"Queda de ocupante de veículo";"Com Vítimas Feridas";"Plena Noite";"Crescente";"Céu Claro";"Dupla";"Reta";"Sim";2;0;2;0;0;0;2;1;-22,8765463;-43,61463385;"SPRF-RJ";"DEL03-RJ";"UOP01-DEL03-RJ"
541724;2023-08-04;"sexta-feira";"23:50:00";"PR";369;202;"APUCARANA";"Acessar a via sem observar a presença dos outros veículos";"Colisão transversal";"Com Vítimas Feridas";"Plena Noite";"Decrescente";"Céu Claro";"Simples";"Reta";"Sim";2;0;1;0;1;0;1;2;-23,5420747;-51,45579815;"SPRF-PR";"DEL07-PR";"UOP03-DEL07-PR"
541725;2023-08-11;"sexta-feira";"21:45:00";"RS";101;74,7;"OSORIO";"Ingestão de álcool pelo condutor";"Queda de ocupante de veículo";"Com Vítimas Feridas";"Plena Noite";"Crescente";"Céu Claro";"Dupla";"Reta";"Sim";1;0;1;0;0;0;1;1;-29,78050987;-50,22493416;"SPRF-RS";"DEL03-RS";"UOP01-DEL03-RS"
541728;2023-08-11;"sexta-feira";"20:15:00";"RS";386;4,5;"IRAI";"Entrada inopinada do pedestre";"Atropelamento de Pedestre";"Com Vítimas Fatais";"Plena Noite";"Crescente";"Céu Claro";"Simples";"Reta";"Não";4;1;0;0;3;0;0;2;-27,186953;-53,257248;"SPRF-RS";"DEL08-RS";"UOP02-DEL08-RS"
541729;2023-08-11;"sexta-feira";"20:00:00";"AL";101;20,6;"MATRIZ DE CAMARAGIBE";"Condutor deixou de manter distância do veículo da frente";"Colisão traseira";"Sem Vítimas";"Plena Noite";"Decrescente";"Chuva";"Simples";"Reta";"Não";4;0;0;0;4;0;0;2;-9,03032012;-35,68148769;"SPRF-AL";"DEL01-AL";"UOP02-DEL01-AL"
541733;2023-08-11;"sexta-feira";"21:40:00";"TO";153;152;"ARAGUAINA";"Ingestão de álcool pelo condutor";"Queda de ocupante de veículo";"Com Vítimas Feridas";"Plena Noite";"Crescente";"Céu Claro";"Simples";"Reta";"Não";2;0;2;0;0;0;2;1;-7,264632;-48,262614;"SPRF-TO";"DEL02-TO";"UOP01-DEL02-TO"
541734;2023-08-11;"sexta-feira";"22:00:00";"PR";277;40;"MORRETES";"Ausência de reação do condutor";"Saída de leito carroçável";"Com Vítimas Feridas";"Plena Noite";"Decrescente";"Céu Claro";"Múltipla";"Curva";"Não";1;0;1;0;0;0;1;1;-25,57368831;-48,82659689;"SPRF-PR";"DEL01-PR";"UOP05-DEL01-PR"
541735;2023-08-11;"sexta-feira";"11:30:00";"BA";110;247;"OLINDINA";"Conversão proibida";"Colisão lateral mesmo sentido";"Com Vítimas Feridas";"Pleno dia";"Crescente";"Sol";"Simples";"Reta";"Não";2;0;0;1;1;0;1;2;-11,404061;-38,297616;"SPRF-BA";"DEL01-BA";"UOP04-DEL01-BA"
541737;2023-08-11;"sexta-feira";"21:00:00";"SC";101;117,9;"ITAJAI";"Acessar a via sem observar a presença dos outros veículos";"Colisão traseira";"Sem Vítimas";"Plena Noite";"Crescente";"Nublado";"Dupla";"Reta";"Sim";2;0;0;0;0;2;0;2;-26,88747187;-48,72252969;"SPRF-SC";"DEL04-SC";"UOP04-DEL04-SC"
541738;2023-08-11;"sexta-feira";"19:40:00";"PI";407;421;"PICOS";"Ausência de reação do condutor";"Atropelamento de Pedestre";"Com Vítimas Feridas";"Plena Noite";"Crescente";"Céu Claro";"Simples";"Interseção de Vias";"Sim";2;0;1;0;0;1;1;2;-7,08014009;-41,43284105;"SPRF-PI";"DEL04-PI";"UOP01-DEL04-PI"
541739;2023-08-11;"sexta-feira";"23:00:00";"RN";110;14;"AREIA BRANCA";"Condutor Dormindo";"Capotamento";"Com Vítimas Feridas";"Plena Noite";"Decrescente";"Céu Claro";"Simples";"Reta";"Não";1;0;0;1;0;0;1;1;-5,01955894;-37,11448605;"SPRF-RN";"DEL04-RN";"UOP01-DEL04-RN"
541740;2023-08-11;"sexta-feira";"14:47:00";"PE";101;42,8;"IGARASSU";"Velocidade Incompatível";"Colisão transversal";"Com Vítimas Feridas";"Pleno dia";"Decrescente";"Céu Claro";"Múltipla";"Reta;Retorno Regulamentado";"Sim";2;0;1;0;1;0;1;2;-7,83887431;-34,91196739;"SPRF-PE";"DEL01-PE";"UOP02-DEL01-PE"
541742;2023-08-11;"sexta-feira";"19:25:00";"RJ";101;493,7;"ANGRA DOS REIS";"Ultrapassagem Indevida";"Colisão lateral sentido oposto";"Com Vítimas Feridas";"Plena Noite";"Decrescente";"Nublado";"Simples";"Reta";"Não";4;0;0;2;2;0;2;2;-22,94374503;-44,32522199;"SPRF-RJ";"DEL03-RJ";"UOP03-DEL03-RJ"
541743;2023-08-11;"sexta-feira";"16:20:00";"MA";316;512;"CODO";"Ingestão de álcool pelo condutor";"Colisão frontal";"Com Vítimas Feridas";"Pleno dia";"Crescente";"Céu Claro";"Simples";"Reta";"Não";3;0;2;0;1;0;2;2;-4,75043;-43,664165;"SPRF-MA";"DEL03-MA";"UOP02-DEL03-MA"
541744;2023-08-11;"sexta-feira";"22:00:00";"PR";369;196;"ARAPONGAS";"Ausência de reação do condutor";"Queda de ocupante de veículo";"Com Vítimas Feridas";"Plena Noite";"Decrescente";"Céu Claro";"Dupla";"Reta";"Não";1;0;1;0;0;0;1;1;-23,500732;-51,423914;"SPRF-PR";"DEL07-PR";"UOP03-DEL07-PR"
541746;2023-08-11;"sexta-feira";"21:55:00";"SC";280;124;"RIO NEGRINHO";"Ausência de reação do condutor";"Saída de leito carroçável";"Sem Vítimas";"Plena Noite";"Crescente";"Céu Claro";"Simples";"Reta";"Sim";1;0;0;0;0;1;0;1;-26,24130297;-49,47514499;"SPRF-SC";"DEL06-SC";"UOP03-DEL06-SC"
541747;2023-08-11;"sexta-feira";"22:40:00";"MG";116;702,5;"MURIAE";"Condutor deixou de manter distância do veículo da frente";"Colisão lateral mesmo sentido";"Sem Vítimas";"Plena Noite";"Crescente";"Céu Claro";"Simples";"Rotatória";"Sim";2;0;0;0;2;0;0;2;-21,11938311;-42,38006362;"SPRF-MG";"DEL07-MG";"UOP02-DEL07-MG"
541751;2023-08-11;"sexta-feira";"21:00:00";"SC";282;633;"DESCANSO";"Condutor Dormindo";"Saída de leito carroçável";"Com Vítimas Feridas";"Plena Noite";"Crescente";"Céu Claro";"Simples";"Curva";"Não";1;0;1;0;0;0;1;1;-26,824224;-53,412407;"SPRF-SC";"DEL07-SC";"UOP03-DEL07-SC"
541752;2023-08-11;"sexta-feira";"23:30:00";"PI";343;345;"TERESINA";"Condutor desrespeitou a iluminação vermelha do semáforo";"Colisão transversal";"Com Vítimas Feridas";"Plena Noite";"Decrescente";"Céu Claro";"Simples";"Interseção de Vias";"Sim";2;0;0;1;1;0;1;2;-5,102889;-42,766506;"SPRF-PI";"DEL01-PI";"UOP01-DEL01-PI"
541754;2023-08-11;"sexta-feira";"23:35:00";"DF";40;8;"BRASILIA";"Ultrapassagem Indevida";"Colisão lateral mesmo sentido";"Sem Vítimas";"Plena Noite";"Decrescente";"Céu Claro";"Dupla";"Reta";"Não";2;0;0;0;2;0;0;2;-16,038666;-47,979691;"SPRF-DF";"DEL01-DF";"UOP01-DEL01-DF"
541755;2023-08-11;"sexta-feira";"22:47:00";"SC";101;83,7;"BARRA VELHA";"Demais falhas mecânicas ou elétricas";"Tombamento";"Com Vítimas Fatais";"Plena Noite";"Decrescente";"Nublado";"Dupla";"Declive;Reta";"Não";3;1;0;0;0;2;0;2;-26,625882;-48,711252;"SPRF-SC";"DEL03-SC";"UOP02-DEL03-SC"
541756;2023-08-11;"sexta-feira";"21:30:00";"SC";470;173,5;"POUSO REDONDO";"Pedestre cruzava a pista fora da faixa";"Atropelamento de Pedestre";"Com Vítimas Feridas";"Plena Noite";"Decrescente";"Nublado";"Simples";"Viaduto";"Sim";2;0;1;1;0;0;2;2;-27,25984;-49,919285;"SPRF-SC";"DEL04-SC";"UOP02-DEL04-SC"
541757;2023-08-11;"sexta-feira";"23:50:00";"MG";40;548;"NOVA LIMA";"Demais falhas mecânicas ou elétricas";"Tombamento";"Com Vítimas Feridas";"Plena Noite";"Decrescente";"Céu Claro";"Dupla";"Declive;Reta";"Não";2;0;1;1;0;0;2;1;-20,03136499;-43,96967792;"SPRF-MG";"DEL01-MG";"UOP02-DEL01-MG"
541758;2023-08-11;"sexta-feira";"23:18:00";"MT";70;1;"BARRA DO GARCAS";"Condutor desrespeitou a iluminação vermelha do semáforo";"Colisão frontal";"Com Vítimas Feridas";"Plena Noite";"Crescente";"Céu Claro";"Simples";"Reta";"Sim";3;0;0;1;2;0;1;2;-15,89164596;-52,26202884;"SPRF-MT";"DEL07-MT";"UOP01-DEL07-MT"
541761;2023-08-12;"sábado";"00:20:00";"SP";153;54,8;"SAO JOSE DO RIO PRETO";"Animais na Pista";"Atropelamento de Animal";"Sem Vítimas";"Plena Noite";"Decrescente";"Céu Claro";"Dupla";"Declive";"Sim";2;0;0;0;2;0;0;1;-20,74488916;-49,33894564;"SPRF-SP";"DEL09-SP";"UOP01-DEL09-SP"
541764;2023-08-12;"sábado";"00:30:00";"SC";282;223;"LAGES";"Ingestão de álcool pelo condutor";"Colisão lateral sentido oposto";"Com Vítimas Feridas";"Plena Noite";"Decrescente";"Nublado";"Simples";"Curva;Declive";"Não";2;0;0;1;1;0;1;2;-27,800127;-50,362751;"SPRF-SC";"DEL05-SC";"UOP01-DEL05-SC"
541767;2023-08-11;"sexta-feira";"23:20:00";"RO";364;658,5;"CANDEIAS DO JAMARI";"Transitar na contramão";"Colisão lateral sentido oposto";"Com Vítimas Feridas";"Plena Noite";"Decrescente";"Céu Claro";"Simples";"Reta";"Não";3;0;1;0;1;1;1;2;-8,84965693;-63,44633557;"SPRF-RO";"DEL01-RO";"UOP01-DEL01-RO"
541768;2023-08-12;"sábado";"01:55:00";"SC";101;214,8;"PALHOCA";"Ingestão de álcool pelo condutor";"Colisão traseira";"Com Vítimas Feridas";"Plena Noite";"Decrescente";"Nublado";"Dupla";"Aclive;Reta";"Sim";2;0;0;1;1;0;1;2;-27,64443;-48,67057;"SPRF-SC";"DEL01-SC";"UOP02-DEL01-SC"
541769;2023-08-11;"sexta-feira";"22:30:00";"MG";262;521,1;"LUZ";"Acessar a via sem observar a presença dos outros veículos";"Saída de leito carroçável";"Com Vítimas Feridas";"Plena Noite";"Crescente";"Nublado";"Simples";"Interseção de Vias;Reta";"Não";4;0;2;1;0;1;3;2;-19,7876765;-45,62916392;"SPRF-MG";"DEL08-MG";"UOP03-DEL08-MG"
541770;2023-08-11;"sexta-feira";"22:50:00";"MG";262;483,1;"BOM DESPACHO";"Ultrapassagem Indevida";"Tombamento";"Com Vítimas Feridas";"Plena Noite";"Crescente";"Céu Claro";"Simples";"Reta";"Não";1;0;1;0;0;0;1;1;-19,78475619;-45,27534199;"SPRF-MG";"DEL08-MG";"UOP03-DEL08-MG"
541771;2023-08-12;"sábado";"01:30:00";"PR";277;123,4;"CAMPO LARGO";"Reação tardia ou ineficiente do condutor";"Capotamento";"Com Vítimas Feridas";"Plena Noite";"Decrescente";"Nublado";"Dupla";"Curva";"Sim";1;0;0;1;0;0;1;1;-25,46270769;-49,58698511;"SPRF-PR";"DEL03-PR";"UOP03-DEL03-PR"
541772;2023-08-12;"sábado";"02:50:00";"PR";277;115;"CAMPO LARGO";"Demais falhas mecânicas ou elétricas";"Incêndio";"Sem Vítimas";"Plena Noite";"Crescente";"Nublado";"Dupla";"Curva";"Não";1;0;0;0;0;1;0;1;-25,439905;-49,511297;"SPRF-PR";"DEL03-PR";"UOP03-DEL03-PR"
541774;2023-08-12;"sábado";"03:00:00";"SP";116;58;"GUARATINGUETA";"Entrada inopinada do pedestre";"Atropelamento de Pedestre";"Com Vítimas Fatais";"Plena Noite";"Crescente";"Céu Claro";"Dupla";"Reta";"Sim";2;1;0;0;1;0;0;2;-22,78005511;-45,14572791;"SPRF-SP";"DEL08-SP";"UOP01-DEL08-SP"
541776;2023-08-11;"sexta-feira";"16:40:00";"PR";277;299;"PRUDENTOPOLIS";"Acessar a via sem observar a presença dos outros veículos";"Colisão transversal";"Com Vítimas Feridas";"Pleno dia";"Decrescente";"Nublado";"Simples";"Reta";"Não";4;0;0;1;3;0;1;2;-25,29900292;-51,14449561;"SPRF-PR";"DEL08-PR";"UOP01-DEL08-PR"
541778;2023-08-12;"sábado";"04:00:00";"DF";80;25;"BRASILIA";"Reação tardia ou ineficiente do condutor";"Incêndio";"Sem Vítimas";"Plena Noite";"Crescente";"Céu Claro";"Dupla";"Reta";"Não";1;0;0;0;0;1;0;1;-15,62121;-48,198963;"SPRF-DF";"DEL03-DF";"UOP02-DEL03-DF"
541780;2023-08-12;"sábado";"04:50:00";"MS";163;260;"DOURADOS";"Animais na Pista";"Atropelamento de Animal";"Com Vítimas Feridas";"Plena Noite";"Crescente";"Céu Claro";"Dupla";"Reta";"Não";1;0;1;0;0;0;1;1;-22,24489388;-54,77203018;"SPRF-MS";"DEL04-MS";"UOP01-DEL04-MS"
541783;2023-08-12;"sábado";"05:30:00";"PR";277;178;"PALMEIRA";"Ausência de reação do condutor";"Saída de leito carroçável";"Com Vítimas Feridas";"Amanhecer";"Crescente";"Chuva";"Simples";"Reta";"Não";3;0;1;0;2;0;1;1;-25,43516735;-49,99131804;"SPRF-PR";"DEL08-PR";"UOP02-DEL08-PR"
541784;2023-08-11;"sexta-feira";"17:40:00";"SP";381;36,9;"ATIBAIA";"Manobra de mudança de faixa";"Colisão lateral mesmo sentido";"Com Vítimas Feridas";"Pleno dia";"Crescente";"Sol";"Dupla";"Declive;Curva";"Não";6;0;3;0;1;2;3;3;-23,09707232;-46,57180706;"SPRF-SP";"DEL03-SP";"UOP01-DEL03-SP"
541785;2023-08-12;"sábado";"06:04:00";"DF";70;15;"BRASILIA";"Ingestão de álcool e/ou substâncias psicoativas pelo pedestre";"Colisão com objeto";"Sem Vítimas";"Amanhecer";"Decrescente";"Céu Claro";"Dupla";"Reta";"Não";1;0;0;0;1;0;0;1;-15,798888;-48,185043;"SPRF-DF";"DEL03-DF";"UOP02-DEL03-DF"
541786;2023-08-12;"sábado";"04:50:00";"MG";116;758,8;"LEOPOLDINA";"Transitar na contramão";"Colisão lateral sentido oposto";"Com Vítimas Feridas";"Plena Noite";"Decrescente";"Céu Claro";"Simples";"Reta";"Não";8;0;1;0;7;0;1;3;-21,48061419;-42,57672071;"SPRF-MG";"DEL07-MG";"UOP01-DEL07-MG"
541787;2023-08-12;"sábado";"02:15:00";"MA";10;127;"ESTREITO";"Transitar na contramão";"Colisão frontal";"Com Vítimas Fatais";"Plena Noite";"Crescente";"Céu Claro";"Simples";"Reta";"Sim";2;1;0;0;0;1;0;2;-6,572875;-47,444546;"SPRF-MA";"DEL04-MA";"UOP02-DEL04-MA"
541788;2023-08-11;"sexta-feira";"07:00:00";"RJ";40;121;"DUQUE DE CAXIAS";"Reação tardia ou ineficiente do condutor";"Queda de ocupante de veículo";"Com Vítimas Feridas";"Pleno dia";"Crescente";"Céu Claro";"Múltipla";"Curva";"Sim";1;0;1;0;0;0;1;1;-22,78185499;-43,28571273;"SPRF-RJ";"DEL01-RJ";"UOP01-DEL01-RJ"
541789;2023-08-12;"sábado";"05:51:00";"GO";40;74;"CRISTALINA";"Condutor deixou de manter distância do veículo da frente";"Saída de leito carroçável";"Sem Vítimas";"Pleno dia";"Decrescente";"Céu Claro";"Simples";"Reta";"Sim";1;0;0;0;1;0;0;1;-16,627234;-47,741451;"SPRF-DF";"DEL01-DF";"UOP02-DEL01-DF"
541790;2023-08-12;"sábado";"05:00:00";"BA";116;751,8;"POCOES";"Neblina";"Colisão traseira";"Com Vítimas Feridas";"Amanhecer";"Crescente";"Nevoeiro/Neblina";"Simples";"Reta";"Não";2;0;1;0;1;0;1;2;-14,436957;-40,352864;"SPRF-BA";"DEL08-BA";"UOP02-DEL08-BA"
541791;2023-08-12;"sábado";"06:00:00";"RS";448;6;"CANOAS";"Transitar no Acostamento";"Colisão lateral mesmo sentido";"Sem Vítimas";"Plena Noite";"Crescente";"Nublado";"Dupla";"Reta";"Não";4;0;0;0;2;2;0;2;-29,872616;-51,230686;"SPRF-RS";"DEL01-RS";"UOP02-DEL01-RS"
541792;2023-08-12;"sábado";"06:00:00";"PR";116;103;"SAO JOSE DOS PINHAIS";"Reação tardia ou ineficiente do condutor";"Colisão transversal";"Com Vítimas Feridas";"Amanhecer";"Crescente";"Chuva";"Dupla";"Interseção de Vias";"Sim";2;0;1;0;1;0;1;2;-25,55944814;-49,15099774;"SPRF-PR";"DEL01-PR";"UOP07-DEL01-PR"
541793;2023-08-12;"sábado";"06:30:00";"DF";20;7,1;"BRASILIA";"Reação tardia ou ineficiente do condutor";"Saída de leito carroçável";"Sem Vítimas";"Pleno dia";"Crescente";"Céu Claro";"Dupla";"Reta";"Sim";1;0;0;0;1;0;0;1;-15,662208;-47,799866;"SPRF-DF";"DEL02-DF";"UOP01-DEL02-DF"
541794;2023-08-12;"sábado";"05:51:00";"DF";60;15;"BRASILIA";"Condutor Dormindo";"Saída de leito carroçável";"Sem Vítimas";"Amanhecer";"Decrescente";"Céu Claro";"Dupla";"Aclive;Reta";"Não";1;0;0;0;1;0;0;1;-15,9475578;-48,17303181;"SPRF-DF";"DEL03-DF";"UOP01-DEL03-DF"
541796;2023-08-12;"sábado";"06:50:00";"SP";116;54,4;"LORENA";"Ausência de reação do condutor";"Tombamento";"Com Vítimas Feridas";"Pleno dia";"Decrescente";"Céu Claro";"Dupla";"Reta";"Não";1;0;1;0;0;0;1;1;-22,75803895;-45,11508003;"SPRF-SP";"DEL08-SP";"UOP02-DEL08-SP"
541797;2023-08-11;"sexta-feira";"18:15:00";"RS";116;240;"NOVO HAMBURGO";"Condutor deixou de manter distância do veículo da frente";"Engavetamento";"Sem Vítimas";"Plena Noite";"Decrescente";"Céu Claro";"Dupla";"Reta;Aclive";"Não";2;0;0;0;2;0;0;2;-29,70496497;-51,14676523;"SPRF-RS";"DEL01-RS";"UOP02-DEL01-RS"
541799;2023-08-12;"sábado";"06:00:00";"MS";262;118;"AGUA CLARA";"Reação tardia ou ineficiente do condutor";"Saída de leito carroçável";"Com Vítimas Fatais";"Plena Noite";"Decrescente";"Céu Claro";"Simples";"Reta";"Não";2;1;0;1;0;0;1;1;-20,50995218;-52,65413403;"SPRF-MS";"DEL07-MS";"UOP02-DEL07-MS"
541800;2023-08-12;"sábado";"04:45:00";"MT";158;569;"AGUA BOA";"Animais na Pista";"Atropelamento de Animal";"Com Vítimas Feridas";"Amanhecer";"Crescente";"Céu Claro";"Simples";"Declive";"Sim";1;0;0;1;0;0;1;1;-14,06431192;-52,15395871;"SPRF-MT";"DEL07-MT";"UOP02-DEL07-MT"
541803;2023-08-12;"sábado";"06:00:00";"MT";70;2;"BARRA DO GARCAS";"Conversão proibida";"Colisão frontal";"Com Vítimas Feridas";"Amanhecer";"Decrescente";"Céu Claro";"Simples";"Interseção de Vias";"Não";3;0;2;0;1;0;2;2;-15,887496988;-52,268105684;"SPRF-MT";"DEL07-MT";"UOP01-DEL07-MT"
541804;2023-08-12;"sábado";"05:50:00";"MS";163;197,9;"CAARAPO";"Ausência de reação do condutor";"Saída de leito carroçável";"Com Vítimas Feridas";"Pleno dia";"Crescente";"Céu Claro";"Dupla";"Reta";"Não";1;0;1;0;0;0;1;1;-22,73041904;-54,78849272;"SPRF-MS";"DEL04-MS";"UOP02-DEL04-MS"