"id";"data_inversa";"dia_semana";"horario";"uf";"br";"km";"municipio";"causa_acidente";"tipo_acidente";"classificacao_acidente";"fase_dia";"sentido_via";"condicao_metereologica";"tipo_pista";"tracado_via";"uso_solo";"pessoas";"mortos";"feridos_leves";"feridos_graves";"ilesos";"ignorados";"feridos";"veiculos";"latitude";"longitude";"regional";"delegacia";"uop"
541908;2023-08-12;"sábado";"15:45:00";"MG";365;346;"VARJAO DE MINAS";"Acessar a via sem observar a presença dos outros veículos";"Colisão transversal";"Sem Vítimas";"Pleno dia";"Decrescente";"Céu Claro";"Simples";"Interseção de Vias;Reta;Em Obras";"Sim";4;0;0;0;3;1;0;3;-18,31679804;-45,98972299;"SPRF-MG";"DEL10-MG";"UOP01-DEL10-MG"
541909;2023-08-12;"sábado";"14:10:00";"AC";364;99;"RIO BRANCO";"Ingestão de álcool pelo condutor";"Saída de leito carroçável";"Com Vítimas Feridas";"Pleno dia";"Crescente";"Céu Claro";"Simples";"Rotatória";"Não";1;0;0;1;0;0;1;1;-10,06854519;-67,58357633;"SPRF-AC";"DEL01-AC";"UOP03-DEL01-AC"
541910;2023-08-12;"sábado";"18:00:00";"DF";60;3;"BRASILIA";"Avarias e/ou desgaste excessivo no pneu";"Colisão com objeto";"Com Vítimas Feridas";"Anoitecer";"Crescente";"Céu Claro";"Dupla";"Reta";"Sim";3;0;3;0;0;0;3;1;-15,890521;-48,086864;"SPRF-DF";"DEL03-DF";"UOP01-DEL03-DF"
541911;2023-08-12;"sábado";"16:30:00";"MS";163;342,2;"RIO BRILHANTE";"Reação tardia ou ineficiente do condutor";"Colisão traseira";"Com Vítimas Feridas";"Pleno dia";"Crescente";"Chuva";"Simples";"Reta";"Sim";6;0;1;0;5;0;1;2;-21,65708677;-54,42922206;"SPRF-MS";"DEL02-MS";"UOP02-DEL02-MS"
541912;2023-08-12;"sábado";"16:10:00";"PR";369;507;"CASCAVEL";"Velocidade Incompatível";"Saída de leito carroçável";"Com Vítimas Fatais";"Pleno dia";"Crescente";"Nublado";"Simples";"Curva";"Não";1;1;0;0;0;0;0;1;-24,8386;-53,3091;"SPRF-PR";"DEL04-PR";"UOP03-DEL04-PR"
541913;2023-08-12;"sábado";"07:51:00";"MA";135;5;"SAO LUIS";"Reação tardia ou ineficiente do condutor";"Tombamento";"Com Vítimas Feridas";"Pleno dia";"Decrescente";"Sol";"Dupla";"Retorno Regulamentado";"Sim";2;0;1;0;0;1;1;1;-2,62145385;-44,25797421;"SPRF-MA";"DEL01-MA";"UOP01-DEL01-MA"
541914;2023-08-12;"sábado";"18:20:00";"RN";101;80;"SAO GONCALO DO AMARANTE";"Manobra de mudança de faixa";"Colisão lateral mesmo sentido";"Com Vítimas Feridas";"Plena Noite";"Crescente";"Céu Claro";"Dupla";"Reta;Rotatória";"Sim";2;0;0;1;1;0;1;2;-5,763451;-35,286983;"SPRF-RN";"DEL02-RN";"UOP01-DEL02-RN"
541915;2023-08-12;"sábado";"18:15:00";"GO";414;415;"ABADIANIA";"Ausência de reação do condutor";"Colisão frontal";"Com Vítimas Fatais";"Plena Noite";"Crescente";"Céu Claro";"Simples";"Curva;Aclive";"Não";2;1;0;1;0;0;1;2;-16,10185605;-48,85799895;"SPRF-GO";"DEL02-GO";"UOP01-DEL02-GO"
541916;2023-08-12;"sábado";"17:00:00";"PB";230;278,9;"SANTA LUZIA";"Ausência de reação do condutor";"Saída de leito carroçável";"Com Vítimas Feridas";"Anoitecer";"Crescente";"Céu Claro";"Simples";"Reta";"Não";2;0;1;0;1;0;1;1;-6,9513;-36,8451;"SPRF-PB";"DEL03-PB";"UOP01-DEL03-PB"
541917;2023-08-12;"sábado";"18:15:00";"SE";101;46,2;"JAPARATUBA";"Pista esburacada";"Saída de leito carroçável";"Com Vítimas Feridas";"Anoitecer";"Decrescente";"Chuva";"Dupla";"Aclive";"Não";1;0;0;1;0;0;1;1;-10,57096002;-36,96427168;"SPRF-SE";"DEL02-SE";"UOP02-DEL02-SE"
541918;2023-08-12;"sábado";"18:20:00";"MG";381;480;"CONTAGEM";"Ingestão de álcool pelo condutor";"Colisão lateral mesmo sentido";"Sem Vítimas";"Plena Noite";"Decrescente";"Céu Claro";"Múltipla";"Curva";"Sim";2;0;0;0;2;0;0;2;-19,95749597;-44,07899901;"SPRF-MG";"DEL01-MG";"UOP03-DEL01-MG"
541920;2023-08-12;"sábado";"18:00:00";"BA";101;899;"CARAVELAS";"Ingestão de álcool pelo condutor";"Colisão traseira";"Com Vítimas Feridas";"Anoitecer";"Decrescente";"Céu Claro";"Simples";"Reta";"Não";2;0;0;1;1;0;1;2;-17,70740047;-39,76816893;"SPRF-BA";"DEL09-BA";"UOP02-DEL09-BA"
541921;2023-08-12;"sábado";"18:50:00";"MG";40;524;"CONTAGEM";"Condutor deixou de manter distância do veículo da frente";"Tombamento";"Com Vítimas Feridas";"Anoitecer";"Decrescente";"Céu Claro";"Dupla";"Reta";"Sim";1;0;1;0;0;0;1;1;-19,8754469;-44,05345586;"SPRF-MG";"DEL01-MG";"UOP02-DEL01-MG"
541922;2023-08-12;"sábado";"19:00:00";"ES";101;290,8;"CARIACICA";"Animais na Pista";"Atropelamento de Animal";"Com Vítimas Feridas";"Plena Noite";"Crescente";"Céu Claro";"Dupla";"Declive;Reta";"Não";1;0;1;0;0;0;1;1;-20,29701482;-40,3944022;"SPRF-ES";"DEL01-ES";"UOP01-DEL01-ES"
541924;2023-08-12;"sábado";"18:30:00";"PR";277;76;"SAO JOSE DOS PINHAIS";"Pedestre andava na pista";"Atropelamento de Pedestre";"Com Vítimas Feridas";"Plena Noite";"Crescente";"Nublado";"Dupla";"Reta";"Sim";2;0;0;1;1;0;1;2;-25,49042781;-49,17514801;"SPRF-PR";"DEL01-PR";"UOP01-DEL01-PR"
541925;2023-08-12;"sábado";"18:00:00";"MS";262;144;"AGUA CLARA";"Entrada inopinada do pedestre";"Atropelamento de Pedestre";"Com Vítimas Feridas";"Plena Noite";"Decrescente";"Chuva";"Dupla";"Reta";"Sim";2;0;1;0;1;0;1;2;-20,44368174;-52,88218617;"SPRF-MS";"DEL07-MS";"UOP02-DEL07-MS"
541927;2023-08-12;"sábado";"12:50:00";"SP";116;515;"CAJATI";"Pista Escorregadia";"Colisão com objeto";"Com Vítimas Feridas";"Pleno dia";"Decrescente";"Chuva";"Simples";"Declive;Curva";"Não";2;0;0;1;1;0;1;1;-24,86704083;-48,21738184;"SPRF-SP";"DEL05-SP";"UOP02-DEL05-SP"
541928;2023-08-12;"sábado";"18:25:00";"MG";40;776,1;"JUIZ DE FORA";"Reação tardia ou ineficiente do condutor";"Colisão com objeto";"Sem Vítimas";"Plena Noite";"Crescente";"Céu Claro";"Dupla";"Curva";"Não";1;0;0;0;1;0;0;1;-21,65017316;-43,43482311;"SPRF-MG";"DEL05-MG";"UOP01-DEL05-MG"
541929;2023-08-12;"sábado";"18:10:00";"SC";282;506,9;"XANXERE";"Reação tardia ou ineficiente do condutor";"Saída de leito carroçável";"Sem Vítimas";"Anoitecer";"Crescente";"Chuva";"Dupla";"Retorno Regulamentado";"Não";2;0;0;0;2;0;0;1;-26,885712;-52,42907;"SPRF-SC";"DEL07-SC";"UOP01-DEL07-SC"
541930;2023-08-12;"sábado";"16:20:00";"AL";104;91;"RIO LARGO";"Velocidade Incompatível";"Engavetamento";"Com Vítimas Feridas";"Pleno dia";"Decrescente";"Nublado";"Dupla";"Reta";"Sim";4;0;1;0;3;0;1;4;-9,50898856;-35,80777135;"SPRF-AL";"DEL01-AL";"UOP01-DEL01-AL"
541931;2023-08-12;"sábado";"15:50:00";"PR";277;114;"CAMPO LARGO";"Ausência de reação do condutor";"Colisão transversal";"Com Vítimas Feridas";"Anoitecer";"Crescente";"Garoa/Chuvisco";"Dupla";"Reta";"Sim";3;0;1;0;1;1;1;2;-25,446464;-49,487495;"SPRF-PR";"DEL03-PR";"UOP03-DEL03-PR"
541932;2023-08-12;"sábado";"18:15:00";"RO";364;11;"VILHENA";"Acessar a via sem observar a presença dos outros veículos";"Colisão transversal";"Com Vítimas Feridas";"Plena Noite";"Crescente";"Chuva";"Simples";"Curva";"Sim";2;0;1;0;1;0;1;2;-12,74605898;-60,11270299;"SPRF-RO";"DEL04-RO";"UOP01-DEL04-RO"
541933;2023-08-12;"sábado";"18:45:00";"PI";343;8,6;"PARNAIBA";"Ingestão de álcool pelo condutor";"Colisão transversal";"Com Vítimas Feridas";"Plena Noite";"Decrescente";"Céu Claro";"Simples";"Interseção de Vias";"Sim";3;0;1;0;2;0;1;2;-2,90030993;-41,72912121;"SPRF-PI";"DEL05-PI";"UOP01-DEL05-PI"
541935;2023-08-12;"sábado";"19:25:00";"PR";153;41,6;"SANTO ANTONIO DA PLATINA";"Velocidade Incompatível";"Queda de ocupante de veículo";"Com Vítimas Feridas";"Plena Noite";"Crescente";"Céu Claro";"Simples";"Rotatória;Reta";"Sim";1;0;1;0;0;0;1;1;-23,29473728;-50,06523371;"SPRF-PR";"DEL07-PR";"UOP04-DEL07-PR"
541937;2023-08-12;"sábado";"15:00:00";"MG";40;520,5;"CONTAGEM";"Ausência de reação do condutor";"Queda de ocupante de veículo";"Com Vítimas Feridas";"Pleno dia";"Decrescente";"Céu Claro";"Dupla";"Reta";"Não";2;0;1;0;0;1;1;1;-19,84761911;-44,07276144;"SPRF-MG";"DEL01-MG";"UOP02-DEL01-MG"
541938;2023-08-12;"sábado";"19:30:00";"RS";116;263;"CANOAS";"Condutor deixou de manter distância do veículo da frente";"Colisão traseira";"Com Vítimas Feridas";"Plena Noite";"Crescente";"Céu Claro";"Dupla";"Viaduto";"Sim";2;0;0;1;1;0;1;2;-29,90545398;-51,17674031;"SPRF-RS";"DEL01-RS";"UOP01-DEL01-RS"
541940;2023-08-12;"sábado";"18:37:00";"RJ";116;268;"VOLTA REDONDA";"Ausência de reação do condutor";"Colisão traseira";"Com Vítimas Feridas";"Plena Noite";"Decrescente";"Chuva";"Dupla";"Aclive";"Não";5;0;3;0;2;0;3;2;-22,58240306;-44,11006543;"SPRF-RJ";"DEL07-RJ";"UOP02-DEL07-RJ"
541941;2023-08-12;"sábado";"20:20:00";"GO";60;101;"ANAPOLIS";"Pedestre cruzava a pista fora da faixa";"Atropelamento de Pedestre";"Com Vítimas Feridas";"Plena Noite";"Decrescente";"Céu Claro";"Dupla";"Aclive";"Sim";3;0;0;1;2;0;1;2;-16,4022;-48,9745;"SPRF-GO";"DEL02-GO";"UOP01-DEL02-GO"
541942;2023-08-12;"sábado";"19:30:00";"TO";10;455,9;"PALMAS";"Acessar a via sem observar a presença dos outros veículos";"Colisão traseira";"Sem Vítimas";"Plena Noite";"Crescente";"Céu Claro";"Múltipla";"Reta;Retorno Regulamentado";"Sim";3;0;0;0;3;0;0;2;-10,2149113332;-48,1562057264;"SPRF-TO";"DEL01-TO";"UOP03-DEL01-TO"
541943;2023-08-12;"sábado";"18:16:00";"RJ";116;140;"MAGE";"Reação tardia ou ineficiente do condutor";"Atropelamento de Pedestre";"Com Vítimas Feridas";"Plena Noite";"Decrescente";"Céu Claro";"Dupla";"Reta";"Sim";2;0;0;1;0;1;1;2;-22,6466198;-43,21112001;"SPRF-RJ";"DEL01-RJ";"UOP01-DEL01-RJ"
541945;2023-08-12;"sábado";"20:20:00";"PR";277;673;"MEDIANEIRA";"Condutor deixou de manter distância do veículo da frente";"Colisão traseira";"Com Vítimas Feridas";"Plena Noite";"Decrescente";"Nublado";"Dupla";"Reta";"Não";2;0;0;1;1;0;1;2;-25,29056476;-54,10646111;"SPRF-PR";"DEL05-PR";"UOP01-DEL05-PR"
541946;2023-08-12;"sábado";"20:30:00";"RS";386;296,1;"POUSO NOVO";"Animais na Pista";"Atropelamento de Animal";"Com Vítimas Feridas";"Plena Noite";"Decrescente";"Nublado";"Simples";"Curva";"Não";1;0;1;0;0;0;1;1;-29,1411418;-52,23861694;"SPRF-RS";"DEL04-RS";"UOP01-DEL04-RS"
541947;2023-08-12;"sábado";"19:00:00";"BA";324;552;"AMELIA RODRIGUES";"Acumulo de areia ou detritos sobre o pavimento";"Tombamento";"Com Vítimas Feridas";"Plena Noite";"Crescente";"Céu Claro";"Dupla";"Reta";"Não";2;0;2;0;0;0;2;1;-12,44970237;-38,71122627;"SPRF-BA";"DEL01-BA";"UOP03-DEL01-BA"
541948;2023-08-12;"sábado";"20:30:00";"MG";262;423,2;"IGARATINGA";"Animais na Pista";"Tombamento";"Com Vítimas Fatais";"Plena Noite";"Decrescente";"Céu Claro";"Dupla";"Declive;Reta";"Não";3;1;0;1;1;0;1;2;-19,88411644;-44,73943306;"SPRF-MG";"DEL08-MG";"UOP03-DEL08-MG"
541951;2023-08-12;"sábado";"19:50:00";"RJ";101;263;"RIO BONITO";"Ausência de reação do condutor";"Capotamento";"Sem Vítimas";"Plena Noite";"Decrescente";"Nublado";"Dupla";"Reta";"Sim";1;0;0;0;0;1;0;1;-22,71887266;-42,62637498;"SPRF-RJ";"DEL02-RJ";"UOP03-DEL02-RJ"
541952;2023-08-12;"sábado";"18:15:00";"AC";364;121;"RIO BRANCO";"Conversão proibida";"Colisão transversal";"Com Vítimas Feridas";"Plena Noite";"Decrescente";"Céu Claro";"Simples";"Reta";"Não";2;0;1;1;0;0;2;2;-10,01210843;-67,76691198;"SPRF-AC";"DEL01-AC";"UOP01-DEL01-AC"
541953;2023-08-12;"sábado";"19:55:00";"GO";40;22;"LUZIANIA";"Pedestre cruzava a pista fora da faixa";"Atropelamento de Pedestre";"Com Vítimas Feridas";"Plena Noite";"Crescente";"Céu Claro";"Dupla";"Reta";"Não";2;0;1;1;0;0;2;2;-16,227484;-47,914109;"SPRF-DF";"DEL01-DF";"UOP01-DEL01-DF"
541954;2023-08-12;"sábado";"19:15:00";"RJ";101;485;"ANGRA DOS REIS";"Acessar a via sem observar a presença dos outros veículos";"Atropelamento de Pedestre";"Com Vítimas Feridas";"Plena Noite";"Crescente";"Nublado";"Simples";"Reta";"Não";2;0;0;1;0;1;1;2;-22,98573526;-44,29709764;"SPRF-RJ";"DEL03-RJ";"UOP03-DEL03-RJ"
541956;2023-08-12;"sábado";"20:30:00";"SP";116;70,5;"APARECIDA";"Velocidade Incompatível";"Saída de leito carroçável";"Sem Vítimas";"Plena Noite";"Crescente";"Chuva";"Dupla";"Declive";"Não";3;0;0;0;3;0;0;1;-22,8519746;-45,22805214;"SPRF-SP";"DEL08-SP";"UOP01-DEL08-SP"
541957;2023-08-12;"sábado";"16:10:00";"BA";101;148,7;"TEODORO SAMPAIO";"Retorno proibido";"Colisão transversal";"Com Vítimas Feridas";"Pleno dia";"Crescente";"Nublado";"Simples";"Reta;Em Obras";"Não";2;0;1;0;1;0;1;2;-12,284325;-38,701236;"SPRF-BA";"DEL01-BA";"UOP04-DEL01-BA"
541958;2023-08-12;"sábado";"18:30:00";"PE";407;117,7;"PETROLINA";"Ingestão de álcool pelo condutor";"Colisão traseira";"Sem Vítimas";"Plena Noite";"Decrescente";"Céu Claro";"Simples";"Reta";"Sim";2;0;0;0;2;0;0;2;-9,32371;-40,568027;"SPRF-PE";"DEL06-PE";"UOP01-DEL06-PE"
541960;2023-08-12;"sábado";"20:00:00";"RN";304;253,7;"SANTA MARIA";"Conversão proibida";"Colisão frontal";"Com Vítimas Feridas";"Plena Noite";"Crescente";"Céu Claro";"Simples";"Reta";"Não";3;0;2;0;0;1;2;2;-5,83617446;-35,72239995;"SPRF-RN";"DEL01-RN";"UOP02-DEL01-RN"
541962;2023-08-12;"sábado";"21:20:00";"PR";116;103,5;"SAO JOSE DOS PINHAIS";"Velocidade Incompatível";"Saída de leito carroçável";"Com Vítimas Feridas";"Plena Noite";"Crescente";"Nublado";"Dupla";"Reta";"Não";1;0;1;0;0;0;1;1;-25,570593;-49,19202;"SPRF-PR";"DEL01-PR";"UOP07-DEL01-PR"
541963;2023-08-12;"sábado";"20:25:00";"PE";407;123;"PETROLINA";"Condutor deixou de manter distância do veículo da frente";"Colisão traseira";"Com Vítimas Feridas";"Plena Noite";"Crescente";"Céu Claro";"Simples";"Reta";"Sim";2;0;1;0;1;0;1;2;-9,36149178;-40,54594462;"SPRF-PE";"DEL06-PE";"UOP01-DEL06-PE"
541964;2023-08-12;"sábado";"19:55:00";"MA";135;43;"BACABEIRA";"Entrada inopinada do pedestre";"Atropelamento de Pedestre";"Com Vítimas Feridas";"Plena Noite";"Decrescente";"Céu Claro";"Dupla";"Reta";"Sim";3;0;0;1;2;0;1;2;-2,91264134;-44,35402453;"SPRF-MA";"DEL01-MA";"UOP01-DEL01-MA"
541965;2023-08-12;"sábado";"21:00:00";"SC";101;39;"JOINVILLE";"Ingestão de álcool pelo condutor";"Colisão com objeto";"Sem Vítimas";"Plena Noite";"Crescente";"Céu Claro";"Dupla";"Reta";"Sim";1;0;0;0;1;0;0;1;-26,2628107;-48,90192257;"SPRF-SC";"DEL03-SC";"UOP01-DEL03-SC"
541966;2023-08-12;"sábado";"21:00:00";"BA";116;383,5;"SANTA BARBARA";"Manobra de mudança de faixa";"Saída de leito carroçável";"Com Vítimas Feridas";"Plena Noite";"Crescente";"Céu Claro";"Simples";"Aclive";"Não";6;0;3;0;3;0;3;3;-11,87658905;-38,97926356;"SPRF-BA";"DEL02-BA";"UOP01-DEL02-BA"
541968;2023-08-12;"sábado";"20:30:00";"AP";156;553;"AMAPA";"Transitar na contramão";"Colisão frontal";"Com Vítimas Fatais";"Plena Noite";"Decrescente";"Céu Claro";"Simples";"Reta";"Não";4;1;2;1;0;0;3;2;2,08874498;-50,88893784;"SPRF-AP";"DEL01-AP";"UOP02-DEL01-AP"
541969;2023-08-12;"sábado";"21:35:00";"MG";381;492;"BETIM";"Entrada inopinada do pedestre";"Atropelamento de Pedestre";"Com Vítimas Fatais";"Plena Noite";"Crescente";"Céu Claro";"Dupla";"Reta";"Sim";3;1;0;0;2;0;0;3;-19,97490091;-44,19004301;"SPRF-MG";"DEL01-MG";"UOP03-DEL01-MG"
541971;2023-08-12;"sábado";"17:20:00";"RS";285;246,4;"CIRIACO";"Velocidade Incompatível";"Saída de leito carroçável";"Com Vítimas Feridas";"Pleno dia";"Decrescente";"Céu Claro";"Simples";"Curva";"Não";1;0;0;1;0;0;1;1;-28,273693;-51,937973;"SPRF-RS";"DEL08-RS";"UOP03-DEL08-RS"
541972;2023-08-12;"sábado";"19:40:00";"SC";101;191;"BIGUACU";"Demais falhas mecânicas ou elétricas";"Saída de leito carroçável";"Sem Vítimas";"Plena Noite";"Crescente";"Nublado";"Dupla";"Reta";"Não";1;0;0;0;1;0;0;1;-27,47730273;-48,64127329;"SPRF-SC";"DEL01-SC";"UOP01-DEL01-SC"
541973;2023-08-12;"sábado";"22:00:00";"GO";153;495;"GOIANIA";"Acessar a via sem observar a presença dos outros veículos";"Colisão lateral mesmo sentido";"Com Vítimas Feridas";"Plena Noite";"Crescente";"Céu Claro";"Dupla";"Reta";"Sim";2;0;1;0;1;0;1;2;-16,6681;-49,2263;"SPRF-GO";"DEL01-GO";"UOP01-DEL01-GO"
541974;2023-08-12;"sábado";"22:00:00";"SC";101;139,1;"BALNEARIO CAMBORIU";"Reação tardia ou ineficiente do condutor";"Tombamento";"Com Vítimas Feridas";"Plena Noite";"Crescente";"Nublado";"Múltipla";"Curva";"Não";1;0;1;0;0;0;1;1;-27,02982303;-48,60115006;"SPRF-SC";"DEL04-SC";"UOP03-DEL04-SC"
541978;2023-08-12;"sábado";"19:40:00";"CE";116;507,4;"BREJO SANTO";"Condutor deixou de manter distância do veículo da frente";"Colisão traseira";"Com Vítimas Feridas";"Plena Noite";"Decrescente";"Céu Claro";"Simples";"Reta";"Não";2;0;1;1;0;0;2;2;-7,50507293;-38,98668016;"SPRF-CE";"DEL05-CE";"UOP03-DEL05-CE"
541980;2023-08-12;"sábado";"18:50:00";"SP";101;50;"UBATUBA";"Ausência de reação do condutor";"Colisão traseira";"Com Vítimas Feridas";"Plena Noite";"Decrescente";"Nublado";"Simples";"Reta";"Sim";2;0;1;0;1;0;1;2;-23,44758229;-45,08011591;"SPRF-SP";"DEL06-SP";"UOP01-DEL06-SP"
541981;2023-08-12;"sábado";"21:50:00";"PB";101;77;"SANTA RITA";"Ausência de reação do condutor";"Queda de ocupante de veículo";"Com Vítimas Feridas";"Plena Noite";"Decrescente";"Céu Claro";"Dupla";"Reta";"Não";2;0;2;0;0;0;2;1;-7,0994719432;-34,9657428263;"SPRF-PB";"DEL01-PB";"UOP04-DEL01-PB"
541982;2023-08-12;"sábado";"22:25:00";"PE";232;328;"CUSTODIA";"Transitar na contramão";"Colisão frontal";"Com Vítimas Feridas";"Plena Noite";"Decrescente";"Céu Claro";"Simples";"Ponte;Reta";"Não";3;0;0;2;1;0;2;2;-8,09113514;-37,59520501;"SPRF-PE";"DEL04-PE";"UOP02-DEL04-PE"
541983;2023-08-12;"sábado";"19:30:00";"GO";153;421,9;"ANAPOLIS";"Demais falhas mecânicas ou elétricas";"Incêndio";"Sem Vítimas";"Plena Noite";"Decrescente";"Céu Claro";"Dupla";"Reta";"Não";1;0;0;0;0;1;0;1;-16,19828026;-49,02420586;"SPRF-GO";"DEL02-GO";"UOP01-DEL02-GO"
541984;2023-08-12;"sábado";"19:00:00";"SC";101;116,3;"ITAJAI";"Demais falhas mecânicas ou elétricas";"Incêndio";"Sem Vítimas";"Plena Noite";"Decrescente";"Nublado";"Múltipla";"Reta";"Sim";1;0;0;0;1;0;0;1;-26,87905605;-48,72603512;"SPRF-SC";"DEL04-SC";"UOP04-DEL04-SC"
541985;2023-08-12;"sábado";"21:50:00";"PR";277;131;"CAMPO LARGO";"Condutor Dormindo";"Saída de leito carroçável";"Com Vítimas Feridas";"Plena Noite";"Decrescente";"Nevoeiro/Neblina";"Dupla";"Reta";"Não";1;0;1;0;0;0;1;1;-25,44518045;-49,4985659;"SPRF-PR";"DEL03-PR";"UOP03-DEL03-PR"
541986;2023-08-12;"sábado";"21:20:00";"BA";101;99;"ALAGOINHAS";"Iluminação deficiente";"Colisão com objeto";"Com Vítimas Feridas";"Plena Noite";"Decrescente";"Céu Claro";"Simples";"Reta";"Sim";3;0;3;0;0;0;3;2;-12,132932;-38,39226983;"SPRF-BA";"DEL01-BA";"UOP04-DEL01-BA"
541987;2023-08-12;"sábado";"06:15:00";"GO";80;164;"URUACU";"Ausência de reação do condutor";"Queda de ocupante de veículo";"Com Vítimas Feridas";"Amanhecer";"Crescente";"Céu Claro";"Simples";"Reta";"Não";1;0;1;0;0;0;1;1;-14,74284496;-49,0694046;"SPRF-GO";"DEL07-GO";"UOP02-DEL07-GO"
541989;2023-08-12;"sábado";"23:20:00";"GO";414;372,5;"COCALZINHO DE GOIAS";"Velocidade Incompatível";"Colisão com objeto";"Com Vítimas Fatais";"Plena Noite";"Decrescente";"Céu Claro";"Dupla";"Curva";"Sim";2;2;0;0;0;0;0;1;-15,76738476;-48,75944752;"SPRF-GO";"DEL02-GO";"UOP01-DEL02-GO"
541990;2023-08-12;"sábado";"23:00:00";"RJ";116;136;"MAGE";"Pista Escorregadia";"Tombamento";"Com Vítimas Feridas";"Plena Noite";"Crescente";"Nublado";"Dupla";"Reta";"Não";1;0;1;0;0;0;1;1;-22,64988985;-43,17250297;"SPRF-RJ";"DEL01-RJ";"UOP01-DEL01-RJ"
541991;2023-08-12;"sábado";"20:40:00";"GO";452;156;"ITUMBIARA";"Ingestão de substâncias psicoativas pelo condutor";"Saída de leito carroçável";"Com Vítimas Feridas";"Plena Noite";"Decrescente";"Céu Claro";"Simples";"Reta";"Não";2;0;2;0;0;0;2;1;-18,29781718;-49,55108643;"SPRF-GO";"DEL03-GO";"UOP02-DEL03-GO"
541992;2023-08-12;"sábado";"23:00:00";"MG";381;251;"SANTANA DO PARAISO";"Condutor deixou de manter distância do veículo da frente";"Colisão traseira";"Sem Vítimas";"Plena Noite";"Crescente";"Céu Claro";"Simples";"Reta";"Sim";2;0;0;0;2;0;0;2;-19,48994405;-42,56156695;"SPRF-MG";"DEL06-MG";"UOP01-DEL06-MG"
541993;2023-08-12;"sábado";"22:30:00";"MG";262;639;"IBIA";"Condutor Dormindo";"Capotamento";"Com Vítimas Feridas";"Plena Noite";"Crescente";"Céu Claro";"Simples";"Curva";"Não";2;0;1;0;1;0;1;1;-19,57058094;-46,55949701;"SPRF-MG";"DEL08-MG";"UOP01-DEL08-MG"
541994;2023-08-12;"sábado";"23:50:00";"GO";60;165;"GOIANIA";"Reação tardia ou ineficiente do condutor";"Colisão com objeto";"Com Vítimas Fatais";"Plena Noite";"Crescente";"Nublado";"Dupla";"Reta";"Não";1;1;0;0;0;0;0;1;-16,7084;-49,3503;"SPRF-GO";"DEL01-GO";"UOP02-DEL01-GO"
541996;2023-08-12;"sábado";"22:20:00";"MA";135;77;"SANTA RITA";"Ingestão de álcool pelo condutor";"Colisão frontal";"Com Vítimas Fatais";"Plena Noite";"Decrescente";"Céu Claro";"Simples";"Reta";"Não";2;1;0;0;1;0;0;2;-3,19624682;-44,35677317;"SPRF-MA";"DEL01-MA";"UOP02-DEL01-MA"
541997;2023-08-13;"domingo";"00:40:00";"TO";153;141;"ARAGUAINA";"Ausência de reação do condutor";"Colisão com objeto";"Com Vítimas Feridas";"Plena Noite";"Decrescente";"Céu Claro";"Dupla";"Interseção de Vias;Curva";"Sim";1;0;1;0;0;0;1;1;-7,175959;-48,219548;"SPRF-TO";"DEL02-TO";"UOP01-DEL02-TO"
541998;2023-08-12;"sábado";"22:45:00";"SC";101;253;"PAULO LOPES";"Ausência de reação do condutor";"Saída de leito carroçável";"Com Vítimas Feridas";"Plena Noite";"Crescente";"Céu Claro";"Múltipla";"Reta";"Sim";2;0;2;0;0;0;2;1;-27,96492999;-48,67962057;"SPRF-SC";"DEL02-SC";"UOP03-DEL02-SC"
541999;2023-08-13;"domingo";"00:20:00";"RS";153;48,5;"ERECHIM";"Reação tardia ou ineficiente do condutor";"Atropelamento de Pedestre";"Com Vítimas Feridas";"Plena Noite";"Decrescente";"Céu Claro";"Dupla";"Reta";"Sim";3;0;1;0;0;2;1;2;-27,65078385;-52,25569725;"SPRF-RS";"DEL08-RS";"UOP04-DEL08-RS"
542001;2023-08-12;"sábado";"23:00:00";"MG";116;636,4;"DIVINO";"Pedestre andava na pista";"Atropelamento de Pedestre";"Com Vítimas Feridas";"Plena Noite";"Crescente";"Céu Claro";"Simples";"Reta";"Não";2;0;0;1;1;0;1;2;-20,63182034;-42,23127365;"SPRF-MG";"DEL07-MG";"UOP02-DEL07-MG"
542004;2023-08-12;"sábado";"23:50:00";"RO";364;424;"JARU";"Acessar a via sem observar a presença dos outros veículos";"Colisão transversal";"Com Vítimas Feridas";"Plena Noite";"Crescente";"Nublado";"Simples";"Interseção de Vias";"Sim";2;0;1;0;0;1;1;2;-10,44457274;-62,46568412;"SPRF-RO";"DEL03-RO";"UOP02-DEL03-RO"
542005;2023-08-12;"sábado";"23:50:00";"MS";60;409,8;"SIDROLANDIA";"Transitar na contramão";"Colisão frontal";"Com Vítimas Feridas";"Plena Noite";"Crescente";"Nublado";"Simples";"Curva";"Não";6;0;4;1;1;0;5;3;-20,88417;-54,830181;"SPRF-MS";"DEL01-MS";"UOP04-DEL01-MS"
542006;2023-08-12;"sábado";"22:00:00";"SP";116;325,2;"JUQUITIBA";"Ausência de reação do condutor";"Saída de leito carroçável";"Sem Vítimas";"Plena Noite";"Decrescente";"Ignorado";"Dupla";"Reta";"Sim";1;0;0;0;0;1;0;1;-23,94085262;-47,05337099;"SPRF-SP";"DEL04-SP";"UOP03-DEL04-SP"
542007;2023-08-13;"domingo";"01:38:00";"GO";70;19;"AGUAS LINDAS DE GOIAS";"Ausência de reação do condutor";"Saída de leito carroçável";"Com Vítimas Feridas";"Pleno dia";"Crescente";"Céu Claro";"Dupla";"Declive;Reta";"Sim";1;0;1;0;0;0;1;1;-15,74341871;-48,36574849;"SPRF-DF";"DEL03-DF";"UOP02-DEL03-DF"