"id";"data_inversa";"dia_semana";"horario";"uf";"br";"km";"municipio";"causa_acidente";"tipo_acidente";"classificacao_acidente";"fase_dia";"sentido_via";"condicao_metereologica";"tipo_pista";"tracado_via";"uso_solo";"pessoas";"mortos";"feridos_leves";"feridos_graves";"ilesos";"ignorados";"feridos";"veiculos";"latitude";"longitude";"regional";"delegacia";"uop"
542008;2023-08-13;"domingo";"01:00:00";"PR";376;498;"PONTA GROSSA";"Acessar a via sem observar a presença dos outros veículos";"Colisão transversal";"Com Vítimas Feridas";"Plena Noite";"Crescente";"Garoa/Chuvisco";"Dupla";"Interseção de Vias;Reta";"Não";2;0;1;0;0;1;1;2;-25,18839776;-50,0846328;"SPRF-PR";"DEL03-PR";"UOP04-DEL03-PR"
542009;2023-08-13;"domingo";"01:40:00";"RO";364;195,8;"PIMENTA BUENO";"Desrespeitar a preferência no cruzamento";"Colisão transversal";"Com Vítimas Feridas";"Plena Noite";"Crescente";"Garoa/Chuvisco";"Simples";"Interseção de Vias;Rotatória;Reta";"Sim";4;0;1;0;3;0;1;2;-11,68671732;-61,18347731;"SPRF-RO";"DEL02-RO";"UOP02-DEL02-RO"
542010;2023-08-13;"domingo";"02:30:00";"SC";101;22,5;"JOINVILLE";"Demais falhas mecânicas ou elétricas";"Queda de ocupante de veículo";"Com Vítimas Feridas";"Plena Noite";"Crescente";"Chuva";"Dupla";"Reta";"Sim";1;0;1;0;0;0;1;1;-26,15679993;-48,90786269;"SPRF-SC";"DEL03-SC";"UOP01-DEL03-SC"
542012;2023-08-13;"domingo";"03:30:00";"CE";20;406;"CAUCAIA";"Ingestão de álcool pelo condutor";"Saída de leito carroçável";"Com Vítimas Feridas";"Plena Noite";"Crescente";"Céu Claro";"Múltipla";"Viaduto;Reta";"Não";1;0;1;0;0;0;1;1;-3,76999035;-38,67006282;"SPRF-CE";"DEL01-CE";"UOP01-DEL01-CE"
542013;2023-08-13;"domingo";"02:40:00";"RN";405;105;"ITAU";"Afundamento ou ondulação no pavimento";"Tombamento";"Com Vítimas Fatais";"Amanhecer";"Decrescente";"Céu Claro";"Simples";"Em Obras;Reta";"Não";1;1;0;0;0;0;0;1;-5,822442;-37,969162;"SPRF-RN";"DEL04-RN";"UOP02-DEL04-RN"
542014;2023-08-13;"domingo";"02:45:00";"RS";116;192;"PICADA CAFE";"Reação tardia ou ineficiente do condutor";"Saída de leito carroçável";"Com Vítimas Feridas";"Plena Noite";"Crescente";"Céu Claro";"Simples";"Curva";"Não";1;0;1;0;0;0;1;1;-29,43569192;-51,13405108;"SPRF-RS";"DEL05-RS";"UOP02-DEL05-RS"
542015;2023-08-12;"sábado";"17:50:00";"MG";381;428;"CAETE";"Demais falhas mecânicas ou elétricas";"Capotamento";"Com Vítimas Feridas";"Anoitecer";"Decrescente";"Céu Claro";"Dupla";"Ponte;Reta";"Não";2;0;2;0;0;0;2;1;-19,78885371;-43,70613892;"SPRF-MG";"DEL01-MG";"UOP01-DEL01-MG"
542016;2023-08-13;"domingo";"03:50:00";"MA";10;305;"ACAILANDIA";"Ingestão de álcool pelo condutor";"Capotamento";"Com Vítimas Feridas";"Amanhecer";"Decrescente";"Céu Claro";"Simples";"Curva";"Não";1;0;1;0;0;0;1;1;-5,069753;-47,558968;"SPRF-MA";"DEL04-MA";"UOP03-DEL04-MA"
542017;2023-08-13;"domingo";"03:21:00";"MS";60;410;"SIDROLANDIA";"Ausência de reação do condutor";"Engavetamento";"Sem Vítimas";"Plena Noite";"Crescente";"Céu Claro";"Simples";"Curva";"Não";3;0;0;0;3;0;0;3;-20,88358476;-54,82967832;"SPRF-MS";"DEL01-MS";"UOP04-DEL01-MS"
542019;2023-08-13;"domingo";"04:40:00";"GO";153;274;"NOVA GLORIA";"Ausência de reação do condutor";"Saída de leito carroçável";"Com Vítimas Feridas";"Plena Noite";"Crescente";"Céu Claro";"Simples";"Interseção de Vias";"Não";1;0;1;0;0;0;1;1;-15,099608;-49,47702;"SPRF-GO";"DEL07-GO";"UOP02-DEL07-GO"
542020;2023-08-13;"domingo";"02:25:00";"SP";116;445,4;"REGISTRO";"Ausência de reação do condutor";"Colisão com objeto";"Sem Vítimas";"Plena Noite";"Crescente";"Nublado";"Dupla";"Reta";"Sim";1;0;0;0;0;1;0;1;-24,49790715;-47,84208686;"SPRF-SP";"DEL05-SP";"UOP01-DEL05-SP"
542021;2023-08-13;"domingo";"05:15:00";"RJ";356;132;"CAMPOS DOS GOYTACAZES";"Animais na Pista";"Atropelamento de Animal";"Com Vítimas Feridas";"Pleno dia";"Crescente";"Céu Claro";"Simples";"Curva";"Não";2;0;1;0;1;0;1;1;-21,71335697;-41,35923796;"SPRF-RJ";"DEL08-RJ";"UOP01-DEL08-RJ"
542022;2023-08-13;"domingo";"04:45:00";"RS";290;46;"GLORINHA";"Reação tardia ou ineficiente do condutor";"Colisão traseira";"Com Vítimas Feridas";"Plena Noite";"Decrescente";"Céu Claro";"Dupla";"Reta";"Não";3;0;1;0;2;0;1;2;-29,891537;-50,720207;"SPRF-RS";"DEL03-RS";"UOP01-DEL03-RS"
542023;2023-08-12;"sábado";"19:30:00";"MT";70;514;"VARZEA GRANDE";"Condutor desrespeitou a iluminação vermelha do semáforo";"Colisão transversal";"Com Vítimas Fatais";"Plena Noite";"Decrescente";"Céu Claro";"Simples";"Interseção de Vias";"Não";3;1;1;0;1;0;1;3;-15,70612387;-56,13201499;"SPRF-MT";"DEL01-MT";"UOP02-DEL01-MT"
542024;2023-08-13;"domingo";"03:30:00";"MG";251;307;"SALINAS";"Velocidade Incompatível";"Colisão traseira";"Com Vítimas Fatais";"Plena Noite";"Crescente";"Céu Claro";"Simples";"Reta";"Não";6;1;1;1;2;1;2;2;-16,13437689;-42,29354318;"SPRF-MG";"DEL12-MG";"UOP02-DEL12-MG"
542025;2023-08-13;"domingo";"05:10:00";"RS";116;249;"SAO LEOPOLDO";"Condutor Dormindo";"Saída de leito carroçável";"Com Vítimas Feridas";"Plena Noite";"Crescente";"Céu Claro";"Múltipla";"Reta";"Sim";2;0;2;0;0;0;2;1;-29,7831804;-51,16099063;"SPRF-RS";"DEL01-RS";"UOP02-DEL01-RS"
542026;2023-08-13;"domingo";"05:50:00";"SC";101;136;"BALNEARIO CAMBORIU";"Acessar a via sem observar a presença dos outros veículos";"Atropelamento de Pedestre";"Com Vítimas Feridas";"Amanhecer";"Crescente";"Céu Claro";"Dupla";"Interseção de Vias";"Sim";2;0;1;0;0;1;1;2;-27,008113;-48,617245;"SPRF-SC";"DEL04-SC";"UOP03-DEL04-SC"
542028;2023-08-13;"domingo";"05:20:00";"PR";376;163,6;"MARINGA";"Condutor usando celular";"Colisão com objeto";"Sem Vítimas";"Plena Noite";"Decrescente";"Céu Claro";"Dupla";"Declive";"Não";1;0;0;0;1;0;0;1;-23,37710685;-52,04510993;"SPRF-PR";"DEL09-PR";"UOP01-DEL09-PR"
542030;2023-08-13;"domingo";"05:45:00";"SC";101;196,4;"BIGUACU";"Reação tardia ou ineficiente do condutor";"Capotamento";"Com Vítimas Feridas";"Amanhecer";"Decrescente";"Nublado";"Dupla";"Curva";"Sim";2;0;1;0;0;1;1;1;-27,51101091;-48,64322292;"SPRF-SC";"DEL01-SC";"UOP01-DEL01-SC"
542031;2023-08-12;"sábado";"21:30:00";"SC";163;107,5;"GUARUJA DO SUL";"Ausência de reação do condutor";"Saída de leito carroçável";"Com Vítimas Feridas";"Plena Noite";"Crescente";"Céu Claro";"Simples";"Reta";"Sim";1;0;1;0;0;0;1;1;-26,42911689;-53,52001976;"SPRF-SC";"DEL07-SC";"UOP03-DEL07-SC"
542032;2023-08-13;"domingo";"05:50:00";"MT";364;296,5;"JACIARA";"Ausência de reação do condutor";"Queda de ocupante de veículo";"Com Vítimas Feridas";"Amanhecer";"Decrescente";"Ignorado";"Dupla";"Reta";"Não";1;0;1;0;0;0;1;1;-15,8641558;-55,12584675;"SPRF-MT";"DEL05-MT";"UOP02-DEL05-MT"
542034;2023-08-13;"domingo";"06:20:00";"PI";343;0,5;"TERESINA";"Ingestão de álcool pelo condutor";"Colisão com objeto";"Com Vítimas Feridas";"Pleno dia";"Decrescente";"Sol";"Múltipla";"Reta;Em Obras";"Sim";2;0;1;0;1;0;1;2;-5,079313;-42,753376;"SPRF-PI";"DEL01-PI";"UOP01-DEL01-PI"
542035;2023-08-13;"domingo";"06:30:00";"RS";293;3,5;"PELOTAS";"Condutor Dormindo";"Saída de leito carroçável";"Sem Vítimas";"Amanhecer";"Decrescente";"Céu Claro";"Simples";"Reta";"Sim";1;0;0;0;1;0;0;1;-31,74064113;-52,36443631;"SPRF-RS";"DEL07-RS";"UOP01-DEL07-RS"
542036;2023-08-13;"domingo";"07:00:00";"CE";222;303;"TIANGUA";"Velocidade Incompatível";"Tombamento";"Com Vítimas Feridas";"Amanhecer";"Decrescente";"Nublado";"Simples";"Curva;Declive";"Não";2;0;2;0;0;0;2;1;-3,66552797;-40,95730864;"SPRF-CE";"DEL04-CE";"UOP02-DEL04-CE"
542038;2023-08-13;"domingo";"07:00:00";"RN";304;34;"MOSSORO";"Ausência de reação do condutor";"Saída de leito carroçável";"Sem Vítimas";"Amanhecer";"Crescente";"Céu Claro";"Múltipla";"Viaduto";"Sim";1;0;0;0;0;1;0;1;-5,15255798;-37,34873808;"SPRF-RN";"DEL04-RN";"UOP02-DEL04-RN"
542039;2023-08-13;"domingo";"04:35:00";"AC";317;236;"XAPURI";"Ausência de reação do condutor";"Saída de leito carroçável";"Com Vítimas Feridas";"Plena Noite";"Crescente";"Céu Claro";"Simples";"Curva";"Não";1;0;0;1;0;0;1;1;-10,71022531;-68,41323888;"SPRF-AC";"DEL01-AC";"UOP02-DEL01-AC"
542040;2023-08-13;"domingo";"02:00:00";"RJ";116;113;"GUAPIMIRIM";"Velocidade Incompatível";"Tombamento";"Com Vítimas Feridas";"Plena Noite";"Decrescente";"Nublado";"Dupla";"Reta";"Não";2;0;2;0;0;0;2;1;-22,57214;-43,007291;"SPRF-RJ";"DEL04-RJ";"UOP02-DEL04-RJ"
542041;2023-08-13;"domingo";"07:00:00";"CE";20;352,1;"CARIDADE";"Ausência de reação do condutor";"Saída de leito carroçável";"Com Vítimas Feridas";"Pleno dia";"Decrescente";"Céu Claro";"Simples";"Reta";"Não";1;0;1;0;0;0;1;1;-4,07402113;-39,03887984;"SPRF-CE";"DEL02-CE";"UOP01-DEL02-CE"
542042;2023-08-12;"sábado";"09:00:00";"PA";230;427;"PACAJA";"Reação tardia ou ineficiente do condutor";"Colisão frontal";"Com Vítimas Feridas";"Pleno dia";"Decrescente";"Céu Claro";"Simples";"Declive;Curva";"Não";2;0;1;1;0;0;2;2;-3,83374283;-50,66177922;"SPRF-PA";"DEL04-PA";"UOP01-DEL04-PA"
542043;2023-08-13;"domingo";"07:50:00";"SP";488;1;"APARECIDA";"Acessar a via sem observar a presença dos outros veículos";"Colisão transversal";"Com Vítimas Feridas";"Pleno dia";"Crescente";"Nublado";"Dupla";"Declive;Retorno Regulamentado;Reta";"Sim";2;0;1;0;1;0;1;2;-22,850164;-45,231808;"SPRF-SP";"DEL08-SP";"UOP01-DEL08-SP"
542044;2023-08-13;"domingo";"00:45:00";"PR";272;553;"TERRA ROXA";"Ausência de reação do condutor";"Saída de leito carroçável";"Com Vítimas Feridas";"Plena Noite";"Crescente";"Céu Claro";"Simples";"Reta";"Não";1;0;1;0;0;0;1;1;-24,08395803;-54,08657001;"SPRF-PR";"DEL06-PR";"UOP01-DEL06-PR"
542045;2023-08-13;"domingo";"06:27:00";"CE";222;264;"COREAU";"Entrada inopinada do pedestre";"Atropelamento de Pedestre";"Com Vítimas Feridas";"Pleno dia";"Decrescente";"Céu Claro";"Simples";"Reta";"Sim";2;0;0;1;1;0;1;2;-3,7479809;-40,68469599;"SPRF-CE";"DEL04-CE";"UOP02-DEL04-CE"
542046;2023-08-13;"domingo";"08:30:00";"PE";101;69,5;"RECIFE";"Pista Escorregadia";"Tombamento";"Com Vítimas Feridas";"Pleno dia";"Crescente";"Chuva";"Múltipla";"Curva";"Sim";1;0;1;0;0;0;1;1;-8,065647;-34,944342;"SPRF-PE";"DEL01-PE";"UOP01-DEL01-PE"
542047;2023-08-13;"domingo";"06:10:00";"RJ";495;9;"PETROPOLIS";"Reação tardia ou ineficiente do condutor";"Capotamento";"Com Vítimas Feridas";"Pleno dia";"Crescente";"Céu Claro";"Simples";"Reta";"Não";1;0;1;0;0;0;1;1;-22,385693;-43,130265;"SPRF-RJ";"DEL04-RJ";"UOP01-DEL04-RJ"
542048;2023-08-13;"domingo";"00:37:00";"AC";364;131;"RIO BRANCO";"Ausência de reação do condutor";"Saída de leito carroçável";"Sem Vítimas";"Plena Noite";"Decrescente";"Céu Claro";"Dupla";"Reta";"Sim";2;0;0;0;2;0;0;1;-10,01594689;-67,84093848;"SPRF-AC";"DEL01-AC";"UOP01-DEL01-AC"
542049;2023-08-12;"sábado";"21:00:00";"SP";153;213,9;"GUAIMBE";"Ingestão de álcool pelo condutor";"Saída de leito carroçável";"Sem Vítimas";"Plena Noite";"Crescente";"Nublado";"Simples";"Reta";"Não";1;0;0;0;1;0;0;1;-21,93518504;-49,91929679;"SPRF-SP";"DEL07-SP";"UOP02-DEL07-SP"
542051;2023-08-13;"domingo";"04:20:00";"MG";356;266,7;"MURIAE";"Ingestão de álcool pelo condutor";"Colisão lateral sentido oposto";"Sem Vítimas";"Plena Noite";"Decrescente";"Nublado";"Simples";"Curva";"Sim";2;0;0;0;2;0;0;2;-21,12823134;-42,35802453;"SPRF-MG";"DEL07-MG";"UOP02-DEL07-MG"
542052;2023-08-13;"domingo";"05:00:00";"MG";116;632,5;"DIVINO";"Ingestão de álcool pelo condutor";"Colisão com objeto";"Com Vítimas Feridas";"Amanhecer";"Crescente";"Céu Claro";"Simples";"Curva;Aclive";"Não";5;0;1;1;0;3;2;4;-20,61458947;-42,21503019;"SPRF-MG";"DEL07-MG";"UOP02-DEL07-MG"
542053;2023-08-13;"domingo";"08:30:00";"GO";60;53,2;"ABADIANIA";"Demais falhas mecânicas ou elétricas";"Saída de leito carroçável";"Com Vítimas Feridas";"Pleno dia";"Crescente";"Sol";"Dupla";"Curva";"Não";4;0;1;0;3;0;1;1;-16,1737;-48,6483;"SPRF-GO";"DEL02-GO";"UOP01-DEL02-GO"
542054;2023-08-13;"domingo";"05:00:00";"PR";376;104;"PARANAVAI";"Mal súbito do condutor";"Saída de leito carroçável";"Com Vítimas Feridas";"Plena Noite";"Decrescente";"Céu Claro";"Dupla";"Reta";"Não";1;0;0;1;0;0;1;1;-23,05157684;-52,44672491;"SPRF-PR";"DEL09-PR";"UOP02-DEL09-PR"
542056;2023-08-13;"domingo";"02:00:00";"MG";116;778,3;"LEOPOLDINA";"Ausência de reação do condutor";"Saída de leito carroçável";"Sem Vítimas";"Plena Noite";"Decrescente";"Céu Claro";"Simples";"Curva";"Não";1;0;0;0;1;0;0;1;-21,60159985;-42,69912624;"SPRF-MG";"DEL07-MG";"UOP01-DEL07-MG"
542058;2023-07-08;"sábado";"18:50:00";"PR";116;1;"CAMPINA GRANDE DO SUL";"Ausência de reação do condutor";"Saída de leito carroçável";"Com Vítimas Feridas";"Plena Noite";"Decrescente";"Ignorado";"Dupla";"Reta";"Não";4;0;4;0;0;0;4;1;-25,06368403;-48,57051896;"SPRF-PR";"DEL01-PR";"UOP02-DEL01-PR"
542059;2023-08-06;"domingo";"04:30:00";"SC";470;177;"POUSO REDONDO";"Reação tardia ou ineficiente do condutor";"Capotamento";"Com Vítimas Feridas";"Plena Noite";"Decrescente";"Nublado";"Dupla";"Reta";"Não";1;0;1;0;0;0;1;1;-27,251858;-49,958;"SPRF-SC";"DEL04-SC";"UOP02-DEL04-SC"
542062;2023-08-13;"domingo";"09:25:00";"TO";153;248;"COLINAS DO TOCANTINS";"Ausência de reação do condutor";"Colisão lateral mesmo sentido";"Sem Vítimas";"Pleno dia";"Crescente";"Céu Claro";"Dupla";"Curva";"Sim";1;0;0;0;1;0;0;1;-8,06220097;-48,46672098;"SPRF-TO";"DEL02-TO";"UOP02-DEL02-TO"
542063;2023-08-02;"quarta-feira";"19:00:00";"MA";10;260;"IMPERATRIZ";"Objeto estático sobre o leito carroçável";"Queda de ocupante de veículo";"Com Vítimas Feridas";"Plena Noite";"Crescente";"Céu Claro";"Simples";"Reta";"Sim";1;0;1;0;0;0;1;1;-5,463405;-47,472332;"SPRF-MA";"DEL04-MA";"UOP01-DEL04-MA"
542065;2023-08-13;"domingo";"09:45:00";"MG";381;350;"JOAO MONLEVADE";"Conversão proibida";"Colisão transversal";"Com Vítimas Feridas";"Pleno dia";"Crescente";"Céu Claro";"Simples";"Interseção de Vias";"Não";4;0;1;0;3;0;1;2;-19,84953832;-43,15779198;"SPRF-MG";"DEL03-MG";"UOP01-DEL03-MG"
542067;2023-08-13;"domingo";"09:00:00";"RO";364;710;"PORTO VELHO";"Ausência de reação do condutor";"Colisão traseira";"Com Vítimas Feridas";"Pleno dia";"Decrescente";"Chuva";"Múltipla";"Reta";"Sim";4;0;1;0;3;0;1;2;-8,78955619;-63,85169864;"SPRF-RO";"DEL01-RO";"UOP01-DEL01-RO"
542068;2023-08-13;"domingo";"04:30:00";"BA";101;626;"MASCOTE";"Ingestão de álcool pelo condutor";"Saída de leito carroçável";"Com Vítimas Feridas";"Amanhecer";"Crescente";"Céu Claro";"Simples";"Reta";"Não";2;0;0;1;0;1;1;1;-15,700144;-39,446697;"SPRF-BA";"DEL05-BA";"UOP02-DEL05-BA"
542069;2023-08-13;"domingo";"10:50:00";"ES";101;27;"CONCEICAO DA BARRA";"Condutor Dormindo";"Capotamento";"Com Vítimas Feridas";"Pleno dia";"Crescente";"Céu Claro";"Simples";"Declive;Reta";"Não";1;0;0;1;0;0;1;1;-18,38365905;-39,94481814;"SPRF-ES";"DEL04-ES";"UOP02-DEL04-ES"
542070;2023-08-13;"domingo";"10:05:00";"RS";116;243;"SAO LEOPOLDO";"Ausência de reação do condutor";"Colisão traseira";"Com Vítimas Feridas";"Pleno dia";"Decrescente";"Céu Claro";"Dupla";"Reta";"Sim";3;0;3;0;0;0;3;2;-29,73190551;-51,14930749;"SPRF-RS";"DEL01-RS";"UOP02-DEL01-RS"
542071;2023-08-06;"domingo";"19:15:00";"PB";104;99;"ESPERANCA";"Pedestre andava na pista";"Atropelamento de Pedestre";"Com Vítimas Fatais";"Plena Noite";"Crescente";"Céu Claro";"Simples";"Declive;Reta";"Não";2;1;0;1;0;0;1;2;-7,03648001;-35,8599039;"SPRF-PB";"DEL02-PB";"UOP04-DEL02-PB"
542072;2023-08-04;"sexta-feira";"14:30:00";"SC";101;203;"SAO JOSE";"Acessar a via sem observar a presença dos outros veículos";"Tombamento";"Com Vítimas Feridas";"Pleno dia";"Decrescente";"Céu Claro";"Dupla";"Rotatória";"Sim";2;0;1;0;0;1;1;2;-27,56644472;-48,61339152;"SPRF-SC";"DEL01-SC";"UOP01-DEL01-SC"
542073;2023-08-13;"domingo";"02:00:00";"MT";70;146,7;"GENERAL CARNEIRO";"Ausência de reação do condutor";"Saída de leito carroçável";"Sem Vítimas";"Plena Noite";"Decrescente";"Céu Claro";"Simples";"Curva";"Não";1;0;0;0;0;1;0;1;-15,58935408;-53,33789297;"SPRF-MT";"DEL07-MT";"UOP01-DEL07-MT"
542074;2023-08-13;"domingo";"05:20:00";"MA";222;624;"ACAILANDIA";"Reação tardia ou ineficiente do condutor";"Capotamento";"Com Vítimas Feridas";"Amanhecer";"Crescente";"Céu Claro";"Simples";"Curva";"Não";8;0;1;7;0;0;8;1;-4,77115757;-47,06052754;"SPRF-MA";"DEL04-MA";"UOP03-DEL04-MA"
542075;2023-08-13;"domingo";"05:20:00";"PE";407;2,3;"AFRANIO";"Reação tardia ou ineficiente do condutor";"Colisão lateral mesmo sentido";"Com Vítimas Feridas";"Amanhecer";"Crescente";"Céu Claro";"Simples";"Reta";"Não";2;0;0;1;1;0;1;1;-8,48459683;-40,95886052;"SPRF-PE";"DEL06-PE";"UOP02-DEL06-PE"
542076;2023-08-13;"domingo";"10:50:00";"MG";116;414;"GOVERNADOR VALADARES";"Acessar a via sem observar a presença dos outros veículos";"Colisão transversal";"Com Vítimas Feridas";"Pleno dia";"Crescente";"Céu Claro";"Simples";"Interseção de Vias";"Não";2;0;2;0;0;0;2;2;-18,88102703;-41,95910802;"SPRF-MG";"DEL06-MG";"UOP01-DEL06-MG"
542078;2023-08-13;"domingo";"11:00:00";"PE";101;74;"RECIFE";"Ultrapassagem Indevida";"Colisão lateral mesmo sentido";"Com Vítimas Feridas";"Pleno dia";"Crescente";"Céu Claro";"Dupla";"Reta";"Sim";2;0;0;1;1;0;1;2;-8,10146485;-34,94901577;"SPRF-PE";"DEL01-PE";"UOP01-DEL01-PE"
542079;2023-08-13;"domingo";"10:30:00";"MG";50;121;"UBERABA";"Avarias e/ou desgaste excessivo no pneu";"Saída de leito carroçável";"Com Vítimas Feridas";"Pleno dia";"Crescente";"Céu Claro";"Dupla";"Reta";"Não";1;0;1;0;0;0;1;1;-19,31647807;-48,10645516;"SPRF-MG";"DEL13-MG";"UOP01-DEL13-MG"
542080;2023-08-13;"domingo";"10:50:00";"PR";376;592;"CURITIBA";"Entrada inopinada do pedestre";"Atropelamento de Pedestre";"Com Vítimas Fatais";"Pleno dia";"Crescente";"Nublado";"Dupla";"Reta";"Sim";2;1;0;0;1;0;0;2;-25,4688616;-49,3552252;"SPRF-PR";"DEL01-PR";"UOP06-DEL01-PR"
542081;2023-08-12;"sábado";"14:00:00";"SC";282;516;"XAXIM";"Ausência de reação do condutor";"Saída de leito carroçável";"Sem Vítimas";"Pleno dia";"Crescente";"Chuva";"Simples";"Curva";"Não";1;0;0;0;0;1;0;1;-26,930862;-52,499157;"SPRF-SC";"DEL07-SC";"UOP01-DEL07-SC"
542083;2023-08-13;"domingo";"11:20:00";"RS";116;236;"NOVO HAMBURGO";"Manobra de mudança de faixa";"Colisão transversal";"Com Vítimas Feridas";"Pleno dia";"Decrescente";"Céu Claro";"Dupla";"Rotatória";"Sim";2;0;1;0;0;1;1;2;-29,66938502;-51,14304731;"SPRF-RS";"DEL01-RS";"UOP02-DEL01-RS"
542085;2023-08-13;"domingo";"11:48:00";"MG";381;481;"BETIM";"Ausência de reação do condutor";"Colisão traseira";"Com Vítimas Feridas";"Pleno dia";"Decrescente";"Céu Claro";"Múltipla";"Declive;Reta";"Sim";2;0;1;0;1;0;1;2;-19,95931561;-44,08825597;"SPRF-MG";"DEL01-MG";"UOP03-DEL01-MG"
542086;2023-08-13;"domingo";"11:39:00";"DF";20;24;"BRASILIA";"Ausência de reação do condutor";"Capotamento";"Com Vítimas Feridas";"Pleno dia";"Crescente";"Céu Claro";"Dupla";"Reta";"Não";1;0;1;0;0;0;1;1;-15,594831;-47,658615;"SPRF-DF";"DEL02-DF";"UOP01-DEL02-DF"
542087;2023-08-13;"domingo";"10:10:00";"PR";277;117;"CAMPO LARGO";"Reação tardia ou ineficiente do condutor";"Saída de leito carroçável";"Com Vítimas Feridas";"Pleno dia";"Crescente";"Nublado";"Dupla";"Reta";"Sim";2;0;1;0;0;1;1;2;-25,434195;-49,415613;"SPRF-PR";"DEL03-PR";"UOP03-DEL03-PR"
542088;2023-08-13;"domingo";"11:50:00";"SC";282;68,5;"RANCHO QUEIMADO";"Mal súbito do condutor";"Capotamento";"Com Vítimas Feridas";"Pleno dia";"Crescente";"Céu Claro";"Simples";"Curva";"Não";1;0;1;0;0;0;1;1;-27,692406;-49,075939;"SPRF-SC";"DEL01-SC";"UOP03-DEL01-SC"
542089;2023-08-13;"domingo";"12:00:00";"RJ";393;108;"SAPUCAIA";"Acessar a via sem observar a presença dos outros veículos";"Colisão lateral mesmo sentido";"Com Vítimas Feridas";"Pleno dia";"Crescente";"Sol";"Simples";"Reta";"Sim";2;0;1;0;1;0;1;2;-21,88166934;-42,68707329;"SPRF-RJ";"DEL05-RJ";"UOP01-DEL05-RJ"
542090;2023-08-13;"domingo";"12:07:00";"PE";232;5;"RECIFE";"Reação tardia ou ineficiente do condutor";"Colisão lateral mesmo sentido";"Com Vítimas Feridas";"Pleno dia";"Decrescente";"Céu Claro";"Múltipla";"Reta";"Sim";2;0;1;0;1;0;1;2;-8,06795766;-34,94535414;"SPRF-PE";"DEL01-PE";"UOP01-DEL01-PE"
542091;2023-08-13;"domingo";"11:40:00";"DF";20;21,9;"BRASILIA";"Acessar a via sem observar a presença dos outros veículos";"Colisão frontal";"Com Vítimas Feridas";"Pleno dia";"Decrescente";"Céu Claro";"Dupla";"Interseção de Vias;Reta";"Sim";2;0;0;1;1;0;1;2;-15,603384;-47,684692;"SPRF-DF";"DEL02-DF";"UOP01-DEL02-DF"
542092;2023-08-13;"domingo";"12:45:00";"SC";280;29;"ARAQUARI";"Acessar a via sem observar a presença dos outros veículos";"Colisão transversal";"Com Vítimas Feridas";"Pleno dia";"Decrescente";"Nublado";"Simples";"Reta";"Sim";3;0;1;0;2;0;1;2;-26,40450077;-48,74561031;"SPRF-SC";"DEL03-SC";"UOP03-DEL03-SC"
542095;2023-08-13;"domingo";"12:25:00";"ES";101;297;"CARIACICA";"Ausência de reação do condutor";"Tombamento";"Com Vítimas Feridas";"Pleno dia";"Crescente";"Nublado";"Dupla";"Reta";"Sim";2;0;2;0;0;0;2;1;-20,34529844;-40,41026774;"SPRF-ES";"DEL01-ES";"UOP01-DEL01-ES"
542098;2023-08-13;"domingo";"11:00:00";"RJ";116;123,3;"MAGE";"Reação tardia ou ineficiente do condutor";"Colisão com objeto";"Com Vítimas Feridas";"Pleno dia";"Crescente";"Nublado";"Dupla";"Reta";"Sim";2;0;1;1;0;0;2;1;-22,64080106;-43,06288894;"SPRF-RJ";"DEL04-RJ";"UOP02-DEL04-RJ"
542099;2023-08-13;"domingo";"12:35:00";"PB";101;79,8;"SANTA RITA";"Acumulo de água sobre o pavimento";"Saída de leito carroçável";"Com Vítimas Feridas";"Pleno dia";"Decrescente";"Chuva";"Dupla";"Ponte;Reta";"Não";2;0;1;0;1;0;1;1;-7,1147526;-34,95793891;"SPRF-PB";"DEL01-PB";"UOP04-DEL01-PB"
542100;2023-08-13;"domingo";"11:25:00";"SC";282;653;"SAO MIGUEL DO OESTE";"Retorno proibido";"Colisão transversal";"Com Vítimas Feridas";"Pleno dia";"Crescente";"Céu Claro";"Simples";"Curva";"Não";2;0;2;0;0;0;2;2;-26,70806585;-53,52223635;"SPRF-SC";"DEL07-SC";"UOP03-DEL07-SC"
542101;2023-08-13;"domingo";"09:50:00";"PB";230;438;"POMBAL";"Reação tardia ou ineficiente do condutor";"Saída de leito carroçável";"Com Vítimas Feridas";"Pleno dia";"Decrescente";"Céu Claro";"Simples";"Reta";"Não";1;0;1;0;0;0;1;1;-6,7612;-38,0094;"SPRF-PB";"DEL03-PB";"UOP02-DEL03-PB"
542102;2023-08-13;"domingo";"13:55:00";"RJ";356;164;"SAO JOAO DA BARRA";"Velocidade Incompatível";"Colisão com objeto";"Com Vítimas Feridas";"Pleno dia";"Crescente";"Céu Claro";"Simples";"Curva";"Não";2;0;2;0;0;0;2;1;-21,711906;-41,156598;"SPRF-RJ";"DEL08-RJ";"UOP02-DEL08-RJ"
542104;2023-08-13;"domingo";"13:25:00";"DF";20;9;"BRASILIA";"Reação tardia ou ineficiente do condutor";"Colisão transversal";"Com Vítimas Feridas";"Pleno dia";"Crescente";"Céu Claro";"Simples";"Reta;Viaduto";"Sim";2;0;1;0;1;0;1;2;-15,654671;-47,782917;"SPRF-DF";"DEL02-DF";"UOP01-DEL02-DF"