"id";"data_inversa";"dia_semana";"horario";"uf";"br";"km";"municipio";"causa_acidente";"tipo_acidente";"classificacao_acidente";"fase_dia";"sentido_via";"condicao_metereologica";"tipo_pista";"tracado_via";"uso_solo";"pessoas";"mortos";"feridos_leves";"feridos_graves";"ilesos";"ignorados";"feridos";"veiculos";"latitude";"longitude";"regional";"delegacia";"uop"
542105;2023-08-13;"domingo";"12:40:00";"PR";369;477;"CORBELIA";"Acessar a via sem observar a presença dos outros veículos";"Colisão transversal";"Com Vítimas Feridas";"Pleno dia";"Decrescente";"Céu Claro";"Simples";"Reta;Retorno Regulamentado";"Não";3;0;1;1;1;0;2;2;-24,6141;-53,2051;"SPRF-PR";"DEL04-PR";"UOP03-DEL04-PR"
542107;2023-08-13;"domingo";"13:49:00";"SC";101;410,3;"ARARANGUA";"Desrespeitar a preferência no cruzamento";"Colisão transversal";"Com Vítimas Feridas";"Pleno dia";"Crescente";"Sol";"Simples";"Retorno Regulamentado";"Sim";3;0;1;0;2;0;1;2;-28,94364748;-49,50166404;"SPRF-SC";"DEL02-SC";"UOP02-DEL02-SC"
542108;2023-08-13;"domingo";"12:13:00";"RJ";116;274;"BARRA MANSA";"Ausência de reação do condutor";"Capotamento";"Com Vítimas Feridas";"Pleno dia";"Decrescente";"Céu Claro";"Dupla";"Reta";"Não";1;0;1;0;0;0;1;1;-22,56163574;-44,14771584;"SPRF-RJ";"DEL07-RJ";"UOP02-DEL07-RJ"
542109;2023-08-13;"domingo";"13:35:00";"MA";316;278,3;"BELA VISTA DO MARANHAO";"Reação tardia ou ineficiente do condutor";"Colisão traseira";"Com Vítimas Feridas";"Pleno dia";"Decrescente";"Céu Claro";"Simples";"Reta";"Sim";2;0;0;1;1;0;1;2;-3,738404;-45,255051;"SPRF-MA";"DEL02-MA";"UOP01-DEL02-MA"
542110;2023-08-13;"domingo";"11:55:00";"PA";230;7,7;"ALTAMIRA";"Acessar a via sem observar a presença dos outros veículos";"Colisão transversal";"Com Vítimas Feridas";"Pleno dia";"Crescente";"Céu Claro";"Simples";"Aclive;Reta";"Sim";5;0;5;0;0;0;5;2;-3,20200911;-52,23790526;"SPRF-PA";"DEL04-PA";"UOP01-DEL04-PA"
542111;2023-08-13;"domingo";"14:30:00";"PE";232;10;"JABOATAO DOS GUARARAPES";"Reação tardia ou ineficiente do condutor";"Colisão lateral mesmo sentido";"Com Vítimas Feridas";"Pleno dia";"Decrescente";"Céu Claro";"Múltipla";"Em Obras;Reta";"Sim";3;0;2;0;1;0;2;2;-8,07917241;-34,98718609;"SPRF-PE";"DEL01-PE";"UOP01-DEL01-PE"
542112;2023-06-22;"quinta-feira";"05:25:00";"MG";381;746,5;"TRES CORACOES";"Condutor Dormindo";"Saída de leito carroçável";"Com Vítimas Feridas";"Plena Noite";"Crescente";"Céu Claro";"Dupla";"Aclive";"Não";54;0;1;0;53;0;1;1;-21,618761;-45,262445;"SPRF-MG";"DEL16-MG";"UOP02-DEL16-MG"
542113;2023-08-13;"domingo";"12:30:00";"RJ";101;310;"SAO GONCALO";"Ultrapassagem Indevida";"Colisão lateral mesmo sentido";"Sem Vítimas";"Pleno dia";"Crescente";"Nublado";"Dupla";"Reta";"Sim";3;0;0;0;3;0;0;3;-22,79717023;-43,04404993;"SPRF-RJ";"DEL02-RJ";"UOP02-DEL02-RJ"
542117;2023-08-10;"quinta-feira";"01:45:00";"GO";40;7;"VALPARAISO DE GOIAS";"Velocidade Incompatível";"Colisão traseira";"Sem Vítimas";"Plena Noite";"Crescente";"Céu Claro";"Dupla";"Reta";"Sim";3;0;0;0;3;0;0;2;-16,108482;-47,972524;"SPRF-DF";"DEL01-DF";"UOP01-DEL01-DF"
542118;2023-08-10;"quinta-feira";"12:25:00";"MG";262;37,2;"MANHUACU";"Transitar no Acostamento";"Colisão transversal";"Com Vítimas Feridas";"Pleno dia";"Decrescente";"Céu Claro";"Simples";"Curva";"Sim";2;0;0;1;1;0;1;2;-20,25748975;-42,03048732;"SPRF-MG";"DEL06-MG";"UOP03-DEL06-MG"
542119;2023-08-13;"domingo";"15:10:00";"ES";262;27;"VIANA";"Reação tardia ou ineficiente do condutor";"Capotamento";"Com Vítimas Feridas";"Pleno dia";"Decrescente";"Nublado";"Simples";"Aclive;Reta";"Não";3;0;1;0;2;0;1;1;-20,38398959;-40,55226465;"SPRF-ES";"DEL01-ES";"UOP01-DEL01-ES"
542120;2023-08-13;"domingo";"15:35:00";"PB";230;12,6;"CABEDELO";"Pedestre cruzava a pista fora da faixa";"Atropelamento de Pedestre";"Com Vítimas Feridas";"Pleno dia";"Crescente";"Céu Claro";"Dupla";"Interseção de Vias;Reta";"Não";5;0;0;3;0;2;3;4;-7,0769609;-34,84940756;"SPRF-PB";"DEL01-PB";"UOP01-DEL01-PB"
542121;2023-08-13;"domingo";"15:40:00";"BA";116;461;"SANTO ESTEVAO";"Transitar na contramão";"Colisão lateral sentido oposto";"Com Vítimas Feridas";"Pleno dia";"Decrescente";"Céu Claro";"Simples";"Curva;Viaduto;Retorno Regulamentado";"Sim";2;0;1;0;1;0;1;2;-12,44693118;-39,24296504;"SPRF-BA";"DEL02-BA";"UOP01-DEL02-BA"
542122;2023-08-13;"domingo";"14:00:00";"PE";423;79;"JUCATI";"Ingestão de álcool ou de substâncias psicoativas pelo pedestre";"Atropelamento de Pedestre";"Com Vítimas Feridas";"Pleno dia";"Crescente";"Céu Claro";"Simples";"Reta";"Sim";2;0;1;0;0;1;1;2;-8,755247;-36,43082;"SPRF-PE";"DEL03-PE";"UOP01-DEL03-PE"
542123;2023-08-13;"domingo";"15:30:00";"AL";316;139;"PALMEIRA DOS INDIOS";"Animais na Pista";"Atropelamento de Animal";"Com Vítimas Feridas";"Pleno dia";"Crescente";"Céu Claro";"Simples";"Reta";"Sim";2;0;2;0;0;0;2;1;-9,38852798;-36,76736299;"SPRF-AL";"DEL03-AL";"UOP01-DEL03-AL"
542124;2023-08-13;"domingo";"15:39:00";"MG";50;2;"ARAGUARI";"Ausência de reação do condutor";"Capotamento";"Com Vítimas Feridas";"Pleno dia";"Crescente";"Céu Claro";"Múltipla";"Declive";"Não";1;0;1;0;0;0;1;1;-18,43742886;-48,05720379;"SPRF-MG";"DEL15-MG";"UOP02-DEL15-MG"
542125;2023-08-13;"domingo";"13:40:00";"SC";116;55,8;"PAPANDUVA";"Transitar na contramão";"Colisão frontal";"Com Vítimas Fatais";"Pleno dia";"Decrescente";"Nublado";"Simples";"Aclive;Reta";"Não";5;1;4;0;0;0;4;2;-26,390065;-50,1821589;"SPRF-SC";"DEL06-SC";"UOP02-DEL06-SC"
542127;2023-08-13;"domingo";"15:45:00";"SP";381;73;"SAO PAULO";"Reação tardia ou ineficiente do condutor";"Capotamento";"Com Vítimas Feridas";"Pleno dia";"Decrescente";"Garoa/Chuvisco";"Múltipla";"Reta;Declive";"Não";4;0;1;0;3;0;1;1;-23,36553404;-46,55253934;"SPRF-SP";"DEL03-SP";"UOP01-DEL03-SP"
542129;2023-08-13;"domingo";"15:00:00";"ES";262;52;"MARECHAL FLORIANO";"Condutor deixou de manter distância do veículo da frente";"Colisão traseira";"Com Vítimas Feridas";"Pleno dia";"Decrescente";"Garoa/Chuvisco";"Simples";"Reta";"Não";6;0;6;0;0;0;6;3;-20,41363499;-40,723665;"SPRF-ES";"DEL01-ES";"UOP01-DEL01-ES"
542130;2023-08-13;"domingo";"16:21:00";"PE";232;10;"JABOATAO DOS GUARARAPES";"Transitar na contramão";"Colisão traseira";"Com Vítimas Feridas";"Pleno dia";"Crescente";"Céu Claro";"Dupla";"Reta;Viaduto";"Não";2;0;1;0;1;0;1;2;-8,07917241;-34,98718609;"SPRF-PE";"DEL01-PE";"UOP01-DEL01-PE"
542132;2023-08-13;"domingo";"16:15:00";"SP";153;56;"SAO JOSE DO RIO PRETO";"Ingestão de álcool pelo condutor";"Saída de leito carroçável";"Com Vítimas Feridas";"Pleno dia";"Decrescente";"Céu Claro";"Dupla";"Reta";"Sim";1;0;1;0;0;0;1;1;-20,7615601;-49,34622278;"SPRF-SP";"DEL09-SP";"UOP01-DEL09-SP"
542134;2023-08-13;"domingo";"16:45:00";"RS";285;459;"IJUI";"Desrespeitar a preferência no cruzamento";"Colisão transversal";"Com Vítimas Feridas";"Pleno dia";"Decrescente";"Céu Claro";"Simples";"Curva;Interseção de Vias";"Sim";4;0;1;0;3;0;1;2;-28,40733115;-53,9003849;"SPRF-RS";"DEL10-RS";"UOP01-DEL10-RS"
542135;2023-08-13;"domingo";"15:30:00";"PE";101;1,1;"GOIANA";"Reação tardia ou ineficiente do condutor";"Colisão com objeto";"Com Vítimas Feridas";"Pleno dia";"Decrescente";"Chuva";"Dupla";"Reta";"Não";1;0;0;1;0;0;1;1;-7,50897414;-34,98748949;"SPRF-PE";"DEL01-PE";"UOP02-DEL01-PE"
542137;2023-08-13;"domingo";"16:50:00";"MG";40;570;"ITABIRITO";"Mal súbito do condutor";"Saída de leito carroçável";"Com Vítimas Feridas";"Pleno dia";"Crescente";"Nublado";"Simples";"Declive;Reta";"Sim";1;0;1;0;0;0;1;1;-20,21286706;-43,97263241;"SPRF-MG";"DEL01-MG";"UOP02-DEL01-MG"
542138;2023-08-13;"domingo";"17:10:00";"MG";381;487;"BETIM";"Ingestão de álcool pelo condutor";"Colisão com objeto";"Sem Vítimas";"Anoitecer";"Crescente";"Nublado";"Dupla";"Reta";"Sim";2;0;0;0;2;0;0;2;-19,95586853;-44,14609501;"SPRF-MG";"DEL01-MG";"UOP03-DEL01-MG"
542140;2023-08-13;"domingo";"16:35:00";"RS";116;248;"SAO LEOPOLDO";"Manobra de mudança de faixa";"Colisão transversal";"Com Vítimas Feridas";"Pleno dia";"Decrescente";"Céu Claro";"Dupla";"Reta";"Sim";2;0;0;1;1;0;1;2;-29,77605895;-51,15508618;"SPRF-RS";"DEL01-RS";"UOP02-DEL01-RS"
542141;2023-08-13;"domingo";"15:15:00";"PE";428;15,5;"CABROBO";"Ultrapassagem Indevida";"Colisão lateral mesmo sentido";"Com Vítimas Feridas";"Pleno dia";"Decrescente";"Céu Claro";"Simples";"Reta";"Não";2;0;0;1;0;1;1;2;-8,49933524;-39,35206403;"SPRF-PE";"DEL05-PE";"UOP03-DEL05-PE"
542142;2023-08-13;"domingo";"16:40:00";"RS";392;103;"MORRO REDONDO";"Acessar a via sem observar a presença dos outros veículos";"Colisão transversal";"Com Vítimas Feridas";"Pleno dia";"Decrescente";"Sol";"Simples";"Aclive;Reta";"Não";3;0;1;2;0;0;3;2;-31,51576083;-52,59897285;"SPRF-RS";"DEL07-RS";"UOP01-DEL07-RS"
542143;2023-08-13;"domingo";"15:40:00";"BA";101;371;"GANDU";"Velocidade Incompatível";"Saída de leito carroçável";"Com Vítimas Feridas";"Pleno dia";"Crescente";"Céu Claro";"Simples";"Curva";"Não";2;0;0;1;1;0;1;1;-13,79639001;-39,49550629;"SPRF-BA";"DEL05-BA";"UOP03-DEL05-BA"
542144;2023-08-13;"domingo";"16:00:00";"PI";316;31;"DEMERVAL LOBAO";"Ausência de reação do condutor";"Saída de leito carroçável";"Com Vítimas Feridas";"Pleno dia";"Crescente";"Céu Claro";"Dupla";"Reta";"Sim";1;0;1;0;0;0;1;1;-5,33958796;-42,69400899;"SPRF-PI";"DEL01-PI";"UOP02-DEL01-PI"
542145;2023-08-13;"domingo";"17:55:00";"MG";146;449;"CABO VERDE";"Demais falhas mecânicas ou elétricas";"Tombamento";"Com Vítimas Feridas";"Anoitecer";"Decrescente";"Céu Claro";"Simples";"Aclive;Reta";"Não";2;0;1;0;1;0;1;1;-21,5199216;-46,4038142;"SPRF-MG";"DEL09-MG";"UOP01-DEL09-MG"
542146;2023-08-13;"domingo";"17:50:00";"RJ";101;42;"CAMPOS DOS GOYTACAZES";"Transitar na contramão";"Colisão frontal";"Com Vítimas Feridas";"Anoitecer";"Crescente";"Nublado";"Simples";"Reta";"Não";3;0;1;1;1;0;2;2;-21,5675774;-41,32380724;"SPRF-RJ";"DEL08-RJ";"UOP01-DEL08-RJ"
542147;2023-08-13;"domingo";"15:00:00";"RJ";493;48;"DUQUE DE CAXIAS";"Acumulo de areia ou detritos sobre o pavimento";"Queda de ocupante de veículo";"Com Vítimas Feridas";"Pleno dia";"Crescente";"Céu Claro";"Múltipla";"Rotatória";"Não";1;0;1;0;0;0;1;1;-22,672089;-43,285053;"SPRF-RJ";"DEL01-RJ";"UOP01-DEL01-RJ"
542148;2023-08-13;"domingo";"16:00:00";"MT";364;196;"RONDONOPOLIS";"Ingestão de álcool pelo condutor";"Colisão traseira";"Sem Vítimas";"Pleno dia";"Decrescente";"Céu Claro";"Simples";"Aclive;Reta";"Não";3;0;0;0;3;0;0;2;-16,51632055;-54,6074167;"SPRF-MT";"DEL02-MT";"UOP01-DEL02-MT"
542149;2023-08-01;"terça-feira";"23:20:00";"PR";116;115;"CURITIBA";"Manobra de mudança de faixa";"Colisão lateral mesmo sentido";"Com Vítimas Feridas";"Plena Noite";"Crescente";"Céu Claro";"Dupla";"Reta";"Sim";2;0;1;0;1;0;1;2;-25,54385191;-49,30329859;"SPRF-PR";"DEL01-PR";"UOP07-DEL01-PR"
542150;2023-08-13;"domingo";"17:00:00";"CE";222;23;"CAUCAIA";"Reação tardia ou ineficiente do condutor";"Colisão lateral mesmo sentido";"Com Vítimas Feridas";"Anoitecer";"Decrescente";"Céu Claro";"Simples";"Reta";"Sim";5;0;1;0;4;0;1;2;-3,73178984;-38,75974197;"SPRF-CE";"DEL01-CE";"UOP01-DEL01-CE"
542152;2023-08-13;"domingo";"16:56:00";"PR";116;17;"CURITIBA";"Entrada inopinada do pedestre";"Atropelamento de Pedestre";"Com Vítimas Feridas";"Plena Noite";"Crescente";"Garoa/Chuvisco";"Dupla";"Reta";"Sim";3;0;2;0;1;0;2;2;-25,4557498;-49,2511995;"SPRF-PR";"DEL01-PR";"UOP02-DEL01-PR"
542154;2023-08-13;"domingo";"15:40:00";"MT";364;151,1;"PEDRA PRETA";"Ausência de reação do condutor";"Saída de leito carroçável";"Com Vítimas Feridas";"Pleno dia";"Crescente";"Sol";"Simples";"Curva";"Não";2;0;2;0;0;0;2;1;-16,78856215;-54,21603106;"SPRF-MT";"DEL02-MT";"UOP01-DEL02-MT"
542156;2023-08-13;"domingo";"18:00:00";"CE";20;294;"CANINDE";"Pedestre cruzava a pista fora da faixa";"Atropelamento de Pedestre";"Com Vítimas Fatais";"Plena Noite";"Decrescente";"Céu Claro";"Simples";"Reta";"Sim";2;1;0;0;0;1;0;2;-4,457524;-39,346069;"SPRF-CE";"DEL02-CE";"UOP01-DEL02-CE"
542159;2023-08-13;"domingo";"19:00:00";"PE";232;407;"SERRA TALHADA";"Ausência de reação do condutor";"Queda de ocupante de veículo";"Com Vítimas Feridas";"Plena Noite";"Crescente";"Céu Claro";"Simples";"Reta";"Sim";2;0;1;0;1;0;1;1;-7,9854402;-38,27148304;"SPRF-PE";"DEL04-PE";"UOP01-DEL04-PE"
542160;2023-08-13;"domingo";"17:40:00";"RS";116;659;"JAGUARAO";"Acessar a via sem observar a presença dos outros veículos";"Colisão transversal";"Com Vítimas Feridas";"Anoitecer";"Decrescente";"Céu Claro";"Dupla";"Reta";"Sim";3;0;2;0;1;0;2;2;-32,568867;-53,37924;"SPRF-RS";"DEL07-RS";"UOP03-DEL07-RS"
542161;2023-08-13;"domingo";"18:50:00";"ES";101;94,5;"JAGUARE";"Ausência de reação do condutor";"Colisão traseira";"Com Vítimas Feridas";"Plena Noite";"Crescente";"Céu Claro";"Simples";"Reta";"Sim";6;0;3;0;3;0;3;4;-18,93086484;-39,97180828;"SPRF-ES";"DEL04-ES";"UOP02-DEL04-ES"
542164;2023-08-13;"domingo";"16:00:00";"MG";116;423,9;"ALPERCATA";"Ingestão de álcool pelo condutor";"Saída de leito carroçável";"Com Vítimas Feridas";"Pleno dia";"Crescente";"Céu Claro";"Simples";"Reta";"Não";1;0;1;0;0;0;1;1;-18,95208996;-41,95709803;"SPRF-MG";"DEL06-MG";"UOP01-DEL06-MG"
542165;2023-08-13;"domingo";"19:15:00";"SP";116;201;"ARUJA";"Demais falhas mecânicas ou elétricas";"Queda de ocupante de veículo";"Com Vítimas Feridas";"Plena Noite";"Crescente";"Nublado";"Dupla";"Reta";"Sim";2;0;2;0;0;0;2;1;-23,40362877;-46,33050107;"SPRF-SP";"DEL01-SP";"UOP01-DEL01-SP"
542166;2023-02-22;"quarta-feira";"18:11:00";"RO";319;64;"PORTO VELHO";"Reação tardia ou ineficiente do condutor";"Colisão lateral mesmo sentido";"Sem Vítimas";"Pleno dia";"Decrescente";"Céu Claro";"Dupla";"Interseção de Vias;Reta";"Sim";4;0;0;0;4;0;0;2;-8,76968571;-63,88353043;"SPRF-RO";"DEL01-RO";"UOP01-DEL01-RO"
542167;2023-08-13;"domingo";"18:30:00";"MG";153;242,6;"FRONTEIRA";"Animais na Pista";"Atropelamento de Animal";"Com Vítimas Feridas";"Plena Noite";"Crescente";"Nublado";"Simples";"Reta";"Não";2;0;1;0;1;0;1;2;-20,29847332;-49,20614844;"SPRF-MG";"DEL13-MG";"UOP02-DEL13-MG"
542168;2023-08-13;"domingo";"16:32:00";"MT";364;348,4;"SANTO ANTONIO DO LEVERGER";"Velocidade Incompatível";"Capotamento";"Com Vítimas Feridas";"Amanhecer";"Decrescente";"Céu Claro";"Dupla";"Reta";"Não";2;0;1;0;1;0;1;1;-15,80356822;-55,5619812;"SPRF-MT";"DEL05-MT";"UOP02-DEL05-MT"
542169;2023-08-13;"domingo";"19:45:00";"RN";406;143;"CEARA-MIRIM";"Acessar a via sem observar a presença dos outros veículos";"Colisão frontal";"Com Vítimas Feridas";"Plena Noite";"Decrescente";"Céu Claro";"Simples";"Declive;Reta";"Não";2;0;1;0;1;0;1;2;-5,64816875;-35,49487003;"SPRF-RN";"DEL02-RN";"UOP01-DEL02-RN"
542170;2023-08-13;"domingo";"18:54:00";"PE";232;8;"RECIFE";"Condutor deixou de manter distância do veículo da frente";"Colisão lateral mesmo sentido";"Com Vítimas Feridas";"Plena Noite";"Decrescente";"Céu Claro";"Dupla";"Reta;Em Obras";"Sim";5;0;3;0;2;0;3;3;-8,07617;-34,970577;"SPRF-PE";"DEL01-PE";"UOP01-DEL01-PE"
542171;2023-08-13;"domingo";"18:30:00";"PR";116;105,6;"SAO JOSE DOS PINHAIS";"Pedestre cruzava a pista fora da faixa";"Atropelamento de Pedestre";"Com Vítimas Feridas";"Plena Noite";"Crescente";"Garoa/Chuvisco";"Dupla";"Reta";"Não";2;0;1;0;1;0;1;2;-25,569719;-49,219974;"SPRF-PR";"DEL01-PR";"UOP07-DEL01-PR"
542172;2023-08-13;"domingo";"18:40:00";"MA";316;0,1;"TIMON";"Ingestão de álcool pelo condutor";"Colisão frontal";"Com Vítimas Feridas";"Plena Noite";"Crescente";"Céu Claro";"Simples";"Ponte";"Não";2;0;1;0;1;0;1;2;-5,131168;-42,81564;"SPRF-MA";"DEL02-MA";"UOP02-DEL02-MA"
542173;2023-08-13;"domingo";"19:30:00";"PB";230;153;"CAMPINA GRANDE";"Reação tardia ou ineficiente do condutor";"Saída de leito carroçável";"Sem Vítimas";"Plena Noite";"Decrescente";"Céu Claro";"Simples";"Interseção de Vias";"Sim";1;0;0;0;1;0;0;1;-7,2763;-35,8887;"SPRF-PB";"DEL02-PB";"UOP01-DEL02-PB"
542175;2023-08-13;"domingo";"17:40:00";"PE";423;57;"LAJEDO";"Reação tardia ou ineficiente do condutor";"Colisão traseira";"Com Vítimas Feridas";"Anoitecer";"Decrescente";"Nublado";"Simples";"Reta";"Não";4;0;0;3;1;0;3;2;-8,632877;-36,305004;"SPRF-PE";"DEL03-PE";"UOP01-DEL03-PE"
542176;2023-08-13;"domingo";"19:40:00";"RS";386;361,9;"ESTRELA";"Demais falhas mecânicas ou elétricas";"Queda de ocupante de veículo";"Com Vítimas Feridas";"Plena Noite";"Crescente";"Céu Claro";"Dupla";"Reta";"Não";2;0;1;0;1;0;1;1;-29,552738;-51,900085;"SPRF-RS";"DEL04-RS";"UOP01-DEL04-RS"
542177;2023-08-13;"domingo";"19:55:00";"PR";277;666;"MEDIANEIRA";"Reação tardia ou ineficiente do condutor";"Saída de leito carroçável";"Com Vítimas Feridas";"Plena Noite";"Crescente";"Céu Claro";"Dupla";"Reta";"Não";2;0;2;0;0;0;2;1;-25,26086511;-54,04611894;"SPRF-PR";"DEL05-PR";"UOP02-DEL05-PR"
542178;2023-08-13;"domingo";"20:15:00";"PE";101;69;"RECIFE";"Reação tardia ou ineficiente do condutor";"Colisão com objeto";"Sem Vítimas";"Plena Noite";"Decrescente";"Céu Claro";"Dupla";"Reta";"Sim";1;0;0;0;1;0;0;1;-8,05951606;-34,94581024;"SPRF-PE";"DEL01-PE";"UOP01-DEL01-PE"
542179;2023-08-13;"domingo";"15:55:00";"MG";381;526,2;"BRUMADINHO";"Velocidade Incompatível";"Saída de leito carroçável";"Com Vítimas Feridas";"Pleno dia";"Crescente";"Chuva";"Dupla";"Curva;Declive";"Não";1;0;1;0;0;0;1;1;-20,153319;-44,326239;"SPRF-MG";"DEL04-MG";"UOP03-DEL04-MG"
542180;2023-08-13;"domingo";"18:00:00";"MG";381;531;"ITATIAIUCU";"Velocidade Incompatível";"Colisão com objeto";"Com Vítimas Feridas";"Anoitecer";"Decrescente";"Chuva";"Dupla";"Curva";"Não";2;0;1;0;1;0;1;1;-20,18182886;-44,37895835;"SPRF-MG";"DEL04-MG";"UOP03-DEL04-MG"
542182;2023-08-13;"domingo";"19:30:00";"PB";230;407;"POMBAL";"Ultrapassagem Indevida";"Colisão frontal";"Com Vítimas Feridas";"Plena Noite";"Crescente";"Céu Claro";"Simples";"Curva";"Sim";3;0;0;3;0;0;3;2;-6,7733;-37,798;"SPRF-PB";"DEL03-PB";"UOP02-DEL03-PB"
542183;2023-08-13;"domingo";"19:00:00";"MG";354;732,5;"POUSO ALTO";"Ausência de sinalização";"Saída de leito carroçável";"Com Vítimas Feridas";"Plena Noite";"Decrescente";"Nublado";"Simples";"Curva;Aclive;Em Obras";"Não";2;0;1;0;0;1;1;2;-22,17502858;-44,97005105;"SPRF-MG";"DEL17-MG";"UOP01-DEL17-MG"
542184;2023-08-13;"domingo";"19:45:00";"PI";343;332,9;"TERESINA";"Ausência de reação do condutor";"Colisão com objeto";"Com Vítimas Feridas";"Plena Noite";"Decrescente";"Céu Claro";"Dupla";"Reta";"Sim";1;0;0;1;0;0;1;1;-5,05745178;-42,67188549;"SPRF-PI";"DEL01-PI";"UOP01-DEL01-PI"
542186;2023-08-13;"domingo";"20:00:00";"BA";101;263;"SANTO ANTONIO DE JESUS";"Transitar na contramão";"Colisão lateral sentido oposto";"Com Vítimas Feridas";"Plena Noite";"Decrescente";"Garoa/Chuvisco";"Simples";"Curva";"Não";6;0;2;0;4;0;2;3;-13,09003799;-39,27863203;"SPRF-BA";"DEL01-BA";"UOP02-DEL01-BA"
542187;2023-08-13;"domingo";"17:30:00";"PI";316;1,9;"TERESINA";"Ausência de reação do condutor";"Queda de ocupante de veículo";"Com Vítimas Feridas";"Pleno dia";"Crescente";"Céu Claro";"Simples";"Rotatória";"Sim";1;0;1;0;0;0;1;1;-5,12861853;-42,80706778;"SPRF-PI";"DEL01-PI";"UOP02-DEL01-PI"
542189;2023-08-13;"domingo";"18:30:00";"SC";101;169,1;"TIJUCAS";"Reação tardia ou ineficiente do condutor";"Saída de leito carroçável";"Com Vítimas Feridas";"Pleno dia";"Crescente";"Nublado";"Dupla";"Reta";"Não";2;0;2;0;0;0;2;1;-27,28790602;-48,63095745;"SPRF-SC";"DEL04-SC";"UOP03-DEL04-SC"
542190;2023-08-13;"domingo";"20:00:00";"SC";470;62;"BLUMENAU";"Acessar a via sem observar a presença dos outros veículos";"Colisão transversal";"Com Vítimas Feridas";"Plena Noite";"Decrescente";"Nublado";"Dupla";"Reta";"Não";2;0;1;0;1;0;1;2;-26,874521;-49,182938;"SPRF-SC";"DEL04-SC";"UOP01-DEL04-SC"
542191;2023-08-13;"domingo";"18:00:00";"CE";222;311;"TIANGUA";"Reação tardia ou ineficiente do condutor";"Colisão lateral mesmo sentido";"Com Vítimas Feridas";"Plena Noite";"Decrescente";"Céu Claro";"Dupla";"Reta";"Não";2;0;1;0;1;0;1;2;-3,711973;-40,984356;"SPRF-CE";"DEL04-CE";"UOP02-DEL04-CE"
542192;2023-08-13;"domingo";"21:00:00";"PR";376;216;"JANDAIA DO SUL";"Ausência de reação do condutor";"Tombamento";"Com Vítimas Feridas";"Plena Noite";"Crescente";"Céu Claro";"Simples";"Reta";"Sim";1;0;0;1;0;0;1;1;-23,59055277;-51,64528415;"SPRF-PR";"DEL09-PR";"UOP01-DEL09-PR"
542194;2023-08-13;"domingo";"16:00:00";"MG";381;616,5;"OLIVEIRA";"Reação tardia ou ineficiente do condutor";"Saída de leito carroçável";"Com Vítimas Feridas";"Pleno dia";"Crescente";"Chuva";"Dupla";"Curva;Declive";"Não";1;0;1;0;0;0;1;1;-20,75304819;-44,77475634;"SPRF-MG";"DEL04-MG";"UOP01-DEL04-MG"
542196;2023-08-13;"domingo";"20:42:00";"CE";222;313;"TIANGUA";"Acessar a via sem observar a presença dos outros veículos";"Colisão transversal";"Com Vítimas Feridas";"Plena Noite";"Decrescente";"Céu Claro";"Simples";"Reta";"Sim";2;0;0;1;0;1;1;2;-3,7236142;-40,99670064;"SPRF-CE";"DEL04-CE";"UOP02-DEL04-CE"
542197;2023-08-13;"domingo";"19:50:00";"MG";381;588,6;"CARMOPOLIS DE MINAS";"Reação tardia ou ineficiente do condutor";"Tombamento";"Com Vítimas Feridas";"Plena Noite";"Crescente";"Ignorado";"Simples";"Curva";"Não";1;0;1;0;0;0;1;1;-20,55378184;-44,66117041;"SPRF-MG";"DEL04-MG";"UOP01-DEL04-MG"
542198;2023-08-13;"domingo";"21:10:00";"PE";101;47,7;"ABREU E LIMA";"Manobra de mudança de faixa";"Colisão lateral mesmo sentido";"Com Vítimas Feridas";"Plena Noite";"Decrescente";"Nublado";"Múltipla";"Reta";"Sim";2;0;2;0;0;0;2;1;-7,888595;-34,90375;"SPRF-PE";"DEL01-PE";"UOP02-DEL01-PE"
542199;2023-08-13;"domingo";"19:00:00";"MG";40;646,9;"CRISTIANO OTONI";"Ausência de reação do condutor";"Saída de leito carroçável";"Com Vítimas Feridas";"Plena Noite";"Decrescente";"Céu Claro";"Simples";"Curva;Aclive";"Não";2;0;2;0;0;0;2;1;-20,79116504;-43,81052251;"SPRF-MG";"DEL05-MG";"UOP02-DEL05-MG"
542200;2023-08-13;"domingo";"19:30:00";"MS";163;339;"RIO BRILHANTE";"Manobra de mudança de faixa";"Colisão lateral mesmo sentido";"Com Vítimas Feridas";"Plena Noite";"Crescente";"Céu Claro";"Simples";"Reta";"Não";4;0;0;2;2;0;2;2;-21,66727715;-54,4553759;"SPRF-MS";"DEL02-MS";"UOP02-DEL02-MS"
542202;2023-08-13;"domingo";"20:40:00";"MT";163;834;"SINOP";"Deficiência do Sistema de Iluminação/Sinalização";"Queda de ocupante de veículo";"Com Vítimas Feridas";"Plena Noite";"Crescente";"Céu Claro";"Simples";"Reta";"Não";1;0;1;0;0;0;1;1;-11,86617496;-55,49662113;"SPRF-MT";"DEL06-MT";"UOP02-DEL06-MT"
542203;2023-08-13;"domingo";"22:15:00";"SE";235;109;"CARIRA";"Neblina";"Atropelamento de Pedestre";"Com Vítimas Feridas";"Plena Noite";"Crescente";"Nevoeiro/Neblina";"Simples";"Reta";"Não";2;0;0;2;0;0;2;2;-10,346371;-37,707779;"SPRF-SE";"DEL01-SE";"UOP02-DEL01-SE"