"id";"data_inversa";"dia_semana";"horario";"uf";"br";"km";"municipio";"causa_acidente";"tipo_acidente";"classificacao_acidente";"fase_dia";"sentido_via";"condicao_metereologica";"tipo_pista";"tracado_via";"uso_solo";"pessoas";"mortos";"feridos_leves";"feridos_graves";"ilesos";"ignorados";"feridos";"veiculos";"latitude";"longitude";"regional";"delegacia";"uop"
542204;2023-08-13;"domingo";"20:40:00";"PI";316;285;"DOM EXPEDITO LOPES";"Ingestão de álcool pelo condutor";"Colisão traseira";"Sem Vítimas";"Plena Noite";"Decrescente";"Céu Claro";"Simples";"Reta";"Sim";2;0;0;0;2;0;0;2;-6,96840473;-41,65280499;"SPRF-PI";"DEL04-PI";"UOP01-DEL04-PI"
542210;2023-08-13;"domingo";"22:00:00";"SP";101;51,7;"UBATUBA";"Condutor deixou de manter distância do veículo da frente";"Colisão traseira";"Com Vítimas Feridas";"Plena Noite";"Crescente";"Chuva";"Dupla";"Reta";"Sim";2;0;1;0;1;0;1;2;-23,4623355;-45,06476561;"SPRF-SP";"DEL06-SP";"UOP01-DEL06-SP"
542211;2023-08-13;"domingo";"18:50:00";"RO";364;337;"JI-PARANA";"Ausência de reação do condutor";"Tombamento";"Com Vítimas Feridas";"Plena Noite";"Crescente";"Nublado";"Simples";"Reta";"Não";1;0;1;0;0;0;1;1;-10,92585401;-61,9296014;"SPRF-RO";"DEL02-RO";"UOP01-DEL02-RO"
542212;2023-08-13;"domingo";"13:35:00";"AL";316;244,1;"ATALAIA";"Pedestre cruzava a pista fora da faixa";"Atropelamento de Pedestre";"Com Vítimas Feridas";"Pleno dia";"Crescente";"Céu Claro";"Simples";"Curva";"Sim";3;0;1;0;0;2;1;2;-9,51022028;-36,00471385;"SPRF-AL";"DEL01-AL";"UOP01-DEL01-AL"
542214;2023-08-13;"domingo";"22:30:00";"SC";101;216,9;"PALHOCA";"Ausência de reação do condutor";"Saída de leito carroçável";"Sem Vítimas";"Plena Noite";"Decrescente";"Nublado";"Dupla";"Reta";"Sim";2;0;0;0;2;0;0;1;-27,65981409;-48,67747798;"SPRF-SC";"DEL01-SC";"UOP02-DEL01-SC"
542215;2023-08-13;"domingo";"21:00:00";"PR";376;615;"SAO JOSE DOS PINHAIS";"Demais falhas mecânicas ou elétricas";"Queda de ocupante de veículo";"Com Vítimas Feridas";"Plena Noite";"Crescente";"Céu Claro";"Dupla";"Declive;Reta";"Não";2;0;2;0;0;0;2;1;-25,569237;-49,183735;"SPRF-PR";"DEL01-PR";"UOP06-DEL01-PR"
542217;2023-08-13;"domingo";"18:00:00";"RS";287;319;"SAO VICENTE DO SUL";"Ingestão de álcool pelo condutor";"Colisão traseira";"Com Vítimas Feridas";"Anoitecer";"Decrescente";"Céu Claro";"Simples";"Reta";"Não";5;0;1;0;4;0;1;2;-29,653065;-54,563408;"SPRF-RS";"DEL09-RS";"UOP01-DEL09-RS"
542218;2023-08-13;"domingo";"22:50:00";"MG";40;719,4;"BARBACENA";"Transitar na contramão";"Colisão frontal";"Sem Vítimas";"Plena Noite";"Crescente";"Nublado";"Dupla";"Curva";"Não";4;0;0;0;4;0;0;2;-21,2713795;-43,64890282;"SPRF-MG";"DEL05-MG";"UOP01-DEL05-MG"
542219;2023-08-13;"domingo";"22:37:00";"SP";381;50;"ATIBAIA";"Entrada inopinada do pedestre";"Atropelamento de Pedestre";"Com Vítimas Fatais";"Plena Noite";"Decrescente";"Céu Claro";"Dupla";"Reta";"Não";3;1;0;0;1;1;0;2;-23,21359807;-46,59367981;"SPRF-SP";"DEL03-SP";"UOP01-DEL03-SP"
542220;2023-08-13;"domingo";"22:42:00";"ES";262;86,6;"DOMINGOS MARTINS";"Velocidade Incompatível";"Saída de leito carroçável";"Sem Vítimas";"Plena Noite";"Crescente";"Céu Claro";"Simples";"Declive";"Não";1;0;0;0;0;1;0;1;-20,39816331;-40,99242518;"SPRF-ES";"DEL01-ES";"UOP02-DEL01-ES"
542221;2023-08-13;"domingo";"22:00:00";"PR";153;70,7;"CONSELHEIRO MAIRINCK";"Ausência de sinalização";"Colisão lateral sentido oposto";"Com Vítimas Feridas";"Plena Noite";"Crescente";"Céu Claro";"Simples";"Reta";"Não";3;0;0;1;2;0;1;2;-23,52448494;-50,11737319;"SPRF-PR";"DEL07-PR";"UOP04-DEL07-PR"
542222;2023-08-13;"domingo";"16:52:00";"MT";163;684;"LUCAS DO RIO VERDE";"Ingestão de álcool pelo condutor";"Saída de leito carroçável";"Com Vítimas Feridas";"Anoitecer";"Crescente";"Céu Claro";"Simples";"Reta";"Não";1;0;1;0;0;0;1;1;-13,20814904;-55,99714391;"SPRF-MT";"DEL06-MT";"UOP01-DEL06-MT"
542223;2023-08-13;"domingo";"23:23:00";"AP";210;2;"MACAPA";"Transitar na contramão";"Colisão frontal";"Sem Vítimas";"Plena Noite";"Decrescente";"Céu Claro";"Dupla";"Reta";"Sim";2;0;0;0;0;2;0;2;0,08686062;-51,08539581;"SPRF-AP";"DEL01-AP";"UOP01-DEL01-AP"
542224;2023-08-13;"domingo";"22:11:00";"PE";101;85;"JABOATAO DOS GUARARAPES";"Condutor deixou de manter distância do veículo da frente";"Colisão traseira";"Com Vítimas Feridas";"Plena Noite";"Crescente";"Chuva";"Simples";"Reta";"Sim";2;0;0;1;1;0;1;2;-8,18065563;-34,95965322;"SPRF-PE";"DEL01-PE";"UOP01-DEL01-PE"
542225;2023-08-13;"domingo";"23:45:00";"RN";427;103,9;"CAICO";"Ausência de reação do condutor";"Colisão com objeto";"Com Vítimas Feridas";"Plena Noite";"Crescente";"Céu Claro";"Simples";"Interseção de Vias";"Não";2;0;1;0;1;0;1;1;-6,42960102;-37,08366394;"SPRF-RN";"DEL03-RN";"UOP01-DEL03-RN"
542226;2023-08-13;"domingo";"22:40:00";"RJ";40;124;"RIO DE JANEIRO";"Acumulo de água sobre o pavimento";"Tombamento";"Com Vítimas Feridas";"Plena Noite";"Crescente";"Chuva";"Dupla";"Curva";"Não";1;0;1;0;0;0;1;1;-22,807953;-43,289124;"SPRF-RJ";"DEL01-RJ";"UOP01-DEL01-RJ"
542229;2023-08-13;"domingo";"21:35:00";"PR";369;18,8;"CAMBARA";"Acessar a via sem observar a presença dos outros veículos";"Colisão transversal";"Com Vítimas Feridas";"Plena Noite";"Crescente";"Nublado";"Simples";"Reta";"Não";3;0;0;2;1;0;2;2;-23,03612846;-50,06798029;"SPRF-PR";"DEL07-PR";"UOP05-DEL07-PR"
542230;2023-08-13;"domingo";"23:30:00";"RJ";101;328;"RIO DE JANEIRO";"Ausência de reação do condutor";"Colisão com objeto";"Com Vítimas Feridas";"Plena Noite";"Crescente";"Chuva";"Dupla";"Declive;Reta";"Não";1;0;0;1;0;0;1;1;-22,87028692;-43,16579699;"SPRF-RJ";"DEL02-RJ";"UOP01-DEL02-RJ"
542231;2023-08-13;"domingo";"23:20:00";"MG";365;523;"MONTE CARMELO";"Ausência de reação do condutor";"Queda de ocupante de veículo";"Com Vítimas Feridas";"Plena Noite";"Decrescente";"Céu Claro";"Dupla";"Rotatória";"Não";1;0;0;1;0;0;1;1;-18,90891261;-47,43327391;"SPRF-MG";"DEL10-MG";"UOP01-DEL10-MG"
542232;2023-08-13;"domingo";"21:40:00";"BA";235;1,9;"PEDRO ALEXANDRE";"Reação tardia ou ineficiente do condutor";"Colisão frontal";"Com Vítimas Feridas";"Plena Noite";"Crescente";"Ignorado";"Simples";"Reta";"Não";3;0;0;2;1;0;2;2;-10,24681473;-37,79313087;"SPRF-SE";"DEL01-SE";"UOP02-DEL01-SE"
542234;2023-08-14;"segunda-feira";"00:30:00";"RJ";116;109;"GUAPIMIRIM";"Chuva";"Queda de ocupante de veículo";"Com Vítimas Feridas";"Plena Noite";"Crescente";"Chuva";"Dupla";"Reta";"Não";1;0;1;0;0;0;1;1;-22,54280711;-42,98518617;"SPRF-RJ";"DEL04-RJ";"UOP01-DEL04-RJ"
542235;2023-08-14;"segunda-feira";"00:50:00";"RJ";356;149;"CAMPOS DOS GOYTACAZES";"Manobra de mudança de faixa";"Colisão lateral mesmo sentido";"Com Vítimas Feridas";"Plena Noite";"Decrescente";"Nublado";"Simples";"Curva";"Sim";2;0;0;1;1;0;1;2;-21,773859;-41,282326;"SPRF-RJ";"DEL08-RJ";"UOP02-DEL08-RJ"
542239;2023-08-14;"segunda-feira";"01:45:00";"ES";101;296;"VIANA";"Transitar na contramão";"Colisão frontal";"Com Vítimas Feridas";"Plena Noite";"Crescente";"Céu Claro";"Dupla";"Curva";"Sim";3;0;0;2;1;0;2;2;-20,34029997;-40,40405712;"SPRF-ES";"DEL01-ES";"UOP01-DEL01-ES"
542241;2023-08-13;"domingo";"21:00:00";"MA";316;113,5;"SANTA LUZIA DO PARUA";"Acessar a via sem observar a presença dos outros veículos";"Colisão frontal";"Com Vítimas Feridas";"Plena Noite";"Decrescente";"Céu Claro";"Simples";"Reta";"Sim";3;0;0;2;0;1;2;2;-2,530179;-45,779083;"SPRF-MA";"DEL02-MA";"UOP02-DEL02-MA"
542243;2023-07-16;"domingo";"18:40:00";"MG";40;510;"RIBEIRAO DAS NEVES";"Trafegar com motocicleta (ou similar) entre as faixas";"Colisão lateral mesmo sentido";"Com Vítimas Feridas";"Plena Noite";"Crescente";"Céu Claro";"Dupla";"Aclive;Reta";"Não";2;0;1;0;1;0;1;2;-19,77463885;-44,12321882;"SPRF-MG";"DEL01-MG";"UOP02-DEL01-MG"
542247;2023-08-14;"segunda-feira";"03:00:00";"MS";60;50,3;"PARAISO DAS AGUAS";"Reação tardia ou ineficiente do condutor";"Saída de leito carroçável";"Com Vítimas Feridas";"Amanhecer";"Crescente";"Céu Claro";"Simples";"Reta";"Não";4;0;2;0;2;0;2;1;-18,97851666;-52,91637607;"SPRF-MS";"DEL08-MS";"UOP01-DEL08-MS"
542249;2023-08-14;"segunda-feira";"05:30:00";"RN";304;44;"MOSSORO";"Reação tardia ou ineficiente do condutor";"Queda de ocupante de veículo";"Com Vítimas Feridas";"Amanhecer";"Crescente";"Céu Claro";"Dupla";"Reta";"Não";1;0;1;0;0;0;1;1;-5,22351428;-37,35781214;"SPRF-RN";"DEL04-RN";"UOP01-DEL04-RN"
542252;2023-08-14;"segunda-feira";"02:40:00";"SC";116;244;"LAGES";"Ingestão de álcool pelo condutor";"Colisão com objeto";"Sem Vítimas";"Plena Noite";"Decrescente";"Nublado";"Simples";"Curva;Declive;Em Obras";"Não";1;0;0;0;1;0;0;1;-27,79544281;-50,36187437;"SPRF-SC";"DEL05-SC";"UOP01-DEL05-SC"
542254;2023-08-14;"segunda-feira";"02:25:00";"MG";40;0,1;"PARACATU";"Reação tardia ou ineficiente do condutor";"Colisão com objeto";"Sem Vítimas";"Plena Noite";"Crescente";"Céu Claro";"Simples";"Curva";"Não";1;0;0;0;1;0;0;1;-17,034834;-47,15882;"SPRF-MG";"DEL14-MG";"UOP01-DEL14-MG"
542255;2023-08-14;"segunda-feira";"05:30:00";"PR";277;206;"PALMEIRA";"Reação tardia ou ineficiente do condutor";"Saída de leito carroçável";"Com Vítimas Feridas";"Plena Noite";"Decrescente";"Garoa/Chuvisco";"Simples";"Reta;Declive";"Não";1;0;1;0;0;0;1;1;-25,46468901;-50,25988;"SPRF-PR";"DEL08-PR";"UOP02-DEL08-PR"
542256;2023-08-14;"segunda-feira";"06:30:00";"AP";210;1,5;"MACAPA";"Ausência de reação do condutor";"Colisão com objeto";"Com Vítimas Feridas";"Amanhecer";"Crescente";"Céu Claro";"Dupla";"Reta";"Sim";1;0;0;1;0;0;1;1;0,05493163;-51,07475281;"SPRF-AP";"DEL01-AP";"UOP01-DEL01-AP"
542257;2023-08-14;"segunda-feira";"06:40:00";"SP";116;225;"SAO PAULO";"Condutor deixou de manter distância do veículo da frente";"Colisão lateral mesmo sentido";"Com Vítimas Feridas";"Pleno dia";"Decrescente";"Nublado";"Múltipla";"Reta";"Não";3;0;2;0;1;0;2;2;-23,48586772;-46,54075317;"SPRF-SP";"DEL01-SP";"UOP01-DEL01-SP"
542258;2023-08-13;"domingo";"16:33:00";"GO";60;1,1;"SANTO ANTONIO DO DESCOBERTO";"Ingestão de álcool pelo condutor";"Queda de ocupante de veículo";"Com Vítimas Feridas";"Pleno dia";"Crescente";"Céu Claro";"Dupla";"Reta";"Não";1;0;1;0;0;0;1;1;-16,06461956;-48,26431274;"SPRF-DF";"DEL03-DF";"UOP01-DEL03-DF"
542259;2023-08-14;"segunda-feira";"06:50:00";"CE";116;20,9;"EUSEBIO";"Trafegar com motocicleta (ou similar) entre as faixas";"Colisão lateral mesmo sentido";"Com Vítimas Feridas";"Pleno dia";"Decrescente";"Céu Claro";"Dupla";"Reta";"Sim";2;0;1;0;1;0;1;2;-3,930408;-38,508027;"SPRF-CE";"DEL01-CE";"UOP02-DEL01-CE"
542260;2023-08-14;"segunda-feira";"06:50:00";"PE";101;48;"ABREU E LIMA";"Reação tardia ou ineficiente do condutor";"Colisão traseira";"Com Vítimas Feridas";"Pleno dia";"Decrescente";"Chuva";"Múltipla";"Reta";"Sim";2;0;1;0;1;0;1;2;-7,89687219;-34,90253878;"SPRF-PE";"DEL01-PE";"UOP02-DEL01-PE"
542261;2023-08-14;"segunda-feira";"05:00:00";"CE";304;37;"ARACATI";"Mal súbito do condutor";"Queda de ocupante de veículo";"Com Vítimas Feridas";"Amanhecer";"Crescente";"Céu Claro";"Simples";"Reta";"Sim";1;0;1;0;0;0;1;1;-4,58052404;-37,878518;"SPRF-CE";"DEL03-CE";"UOP03-DEL03-CE"
542262;2023-08-13;"domingo";"18:20:00";"MA";10;268,8;"IMPERATRIZ";"Ingestão de álcool pelo condutor";"Saída de leito carroçável";"Sem Vítimas";"Plena Noite";"Decrescente";"Céu Claro";"Simples";"Declive";"Não";1;0;0;0;0;1;0;1;-5,391136;-47,473698;"SPRF-MA";"DEL04-MA";"UOP01-DEL04-MA"
542263;2023-08-14;"segunda-feira";"07:00:00";"BA";324;530;"FEIRA DE SANTANA";"Velocidade Incompatível";"Saída de leito carroçável";"Com Vítimas Feridas";"Pleno dia";"Decrescente";"Chuva";"Dupla";"Curva";"Não";1;0;1;0;0;0;1;1;-12,32818491;-38,86174193;"SPRF-BA";"DEL01-BA";"UOP03-DEL01-BA"
542264;2023-08-13;"domingo";"22:05:00";"RS";471;513,6;"RIO GRANDE";"Demais falhas mecânicas ou elétricas";"Incêndio";"Sem Vítimas";"Plena Noite";"Crescente";"Céu Claro";"Simples";"Reta";"Não";1;0;0;0;0;1;0;1;-32,494781;-52,579979;"SPRF-RS";"DEL07-RS";"UOP02-DEL07-RS"
542265;2023-08-14;"segunda-feira";"07:00:00";"RN";304;281;"MACAIBA";"Manobra de mudança de faixa";"Colisão lateral mesmo sentido";"Com Vítimas Feridas";"Pleno dia";"Crescente";"Céu Claro";"Dupla";"Interseção de Vias;Reta;Em Obras";"Não";3;0;1;0;2;0;1;2;-5,88698418;-35,48092295;"SPRF-RN";"DEL01-RN";"UOP02-DEL01-RN"
542266;2023-08-14;"segunda-feira";"07:30:00";"SP";153;60,9;"SAO JOSE DO RIO PRETO";"Manobra de mudança de faixa";"Colisão lateral mesmo sentido";"Com Vítimas Feridas";"Pleno dia";"Crescente";"Céu Claro";"Dupla";"Declive;Reta";"Não";2;0;1;0;1;0;1;2;-20,79627979;-49,35480206;"SPRF-SP";"DEL09-SP";"UOP01-DEL09-SP"
542267;2023-08-14;"segunda-feira";"07:40:00";"MG";50;181;"UBERABA";"Animais na Pista";"Atropelamento de Animal";"Com Vítimas Feridas";"Pleno dia";"Crescente";"Céu Claro";"Dupla";"Reta";"Não";1;0;0;1;0;0;1;1;-19,785967;-47,916336;"SPRF-MG";"DEL13-MG";"UOP01-DEL13-MG"
542268;2023-08-14;"segunda-feira";"07:30:00";"RJ";101;391;"RIO DE JANEIRO";"Ausência de reação do condutor";"Colisão traseira";"Com Vítimas Feridas";"Pleno dia";"Crescente";"Garoa/Chuvisco";"Dupla";"Reta;Ponte";"Não";2;0;1;0;1;0;1;2;-22,894827;-43,68492;"SPRF-RJ";"DEL03-RJ";"UOP01-DEL03-RJ"
542270;2023-08-14;"segunda-feira";"06:10:00";"PR";376;80,9;"GUAIRACA";"Ultrapassagem Indevida";"Colisão frontal";"Com Vítimas Feridas";"Pleno dia";"Crescente";"Céu Claro";"Simples";"Reta";"Não";2;0;1;1;0;0;2;2;-22,96001303;-52,64981901;"SPRF-PR";"DEL09-PR";"UOP02-DEL09-PR"
542271;2023-08-14;"segunda-feira";"07:40:00";"PE";101;67;"RECIFE";"Manobra de mudança de faixa";"Colisão traseira";"Com Vítimas Feridas";"Pleno dia";"Crescente";"Garoa/Chuvisco";"Dupla";"Reta";"Sim";3;0;1;0;2;0;1;2;-8,042334;-34,943096;"SPRF-PE";"DEL01-PE";"UOP01-DEL01-PE"
542272;2023-08-14;"segunda-feira";"06:51:00";"MT";364;203;"RONDONOPOLIS";"Reação tardia ou ineficiente do condutor";"Colisão lateral mesmo sentido";"Com Vítimas Feridas";"Pleno dia";"Decrescente";"Nublado";"Dupla";"Reta";"Sim";2;0;1;0;0;1;1;2;-16,47555256;-54,65344724;"SPRF-MT";"DEL02-MT";"UOP01-DEL02-MT"
542273;2023-08-14;"segunda-feira";"07:45:00";"RS";293;0,8;"PELOTAS";"Ausência de reação do condutor";"Colisão traseira";"Sem Vítimas";"Pleno dia";"Crescente";"Céu Claro";"Simples";"Rotatória";"Não";2;0;0;0;2;0;0;2;-31,760326;-52,356205;"SPRF-RS";"DEL07-RS";"UOP01-DEL07-RS"
542274;2023-08-14;"segunda-feira";"07:40:00";"SP";116;270,5;"TABOAO DA SERRA";"Reação tardia ou ineficiente do condutor";"Colisão traseira";"Com Vítimas Feridas";"Pleno dia";"Decrescente";"Nublado";"Múltipla";"Reta";"Sim";2;0;0;1;1;0;1;2;-23,61799728;-46,79677694;"SPRF-SP";"DEL04-SP";"UOP01-DEL04-SP"
542275;2023-08-14;"segunda-feira";"08:40:00";"GO";70;9;"AGUAS LINDAS DE GOIAS";"Ingestão de álcool pelo condutor";"Colisão lateral mesmo sentido";"Com Vítimas Feridas";"Pleno dia";"Crescente";"Sol";"Múltipla";"Reta";"Sim";2;0;1;0;1;0;1;2;-15,73576731;-48,28288046;"SPRF-DF";"DEL03-DF";"UOP02-DEL03-DF"
542276;2023-08-14;"segunda-feira";"07:50:00";"SC";101;32;"JOINVILLE";"Demais falhas mecânicas ou elétricas";"Tombamento";"Com Vítimas Feridas";"Pleno dia";"Crescente";"Nublado";"Dupla";"Reta";"Sim";2;0;2;0;0;0;2;1;-26,226987;-48,91657;"SPRF-SC";"DEL03-SC";"UOP01-DEL03-SC"
542277;2023-08-14;"segunda-feira";"07:10:00";"RJ";40;121;"DUQUE DE CAXIAS";"Acumulo de óleo sobre o pavimento";"Queda de ocupante de veículo";"Com Vítimas Feridas";"Pleno dia";"Crescente";"Chuva";"Múltipla";"Reta";"Sim";1;0;1;0;0;0;1;1;-22,78185499;-43,28571273;"SPRF-RJ";"DEL01-RJ";"UOP01-DEL01-RJ"
542281;2023-08-14;"segunda-feira";"08:30:00";"PB";230;23;"JOAO PESSOA";"Ausência de reação do condutor";"Colisão traseira";"Com Vítimas Feridas";"Pleno dia";"Decrescente";"Nublado";"Múltipla";"Reta";"Sim";6;0;1;0;5;0;1;2;-7,1562;-34,8574;"SPRF-PB";"DEL01-PB";"UOP01-DEL01-PB"
542282;2023-06-20;"terça-feira";"20:30:00";"RN";101;85,4;"NATAL";"Falta de acostamento";"Colisão lateral mesmo sentido";"Com Vítimas Feridas";"Plena Noite";"Crescente";"Céu Claro";"Simples";"Reta;Em Obras;Desvio Temporário;Ponte";"Sim";2;0;0;1;0;1;1;2;-5,78406536;-35,24654388;"SPRF-RN";"DEL02-RN";"UOP01-DEL02-RN"
542283;2023-08-14;"segunda-feira";"07:40:00";"PR";476;147;"CURITIBA";"Trafegar com motocicleta (ou similar) entre as faixas";"Colisão lateral mesmo sentido";"Com Vítimas Feridas";"Pleno dia";"Decrescente";"Nublado";"Dupla";"Reta";"Sim";3;0;1;0;2;0;1;2;-25,554628;-49,339268;"SPRF-PR";"DEL01-PR";"UOP06-DEL01-PR"
542285;2023-08-14;"segunda-feira";"09:00:00";"RJ";116;170;"RIO DE JANEIRO";"Ausência de reação do condutor";"Tombamento";"Com Vítimas Feridas";"Pleno dia";"Decrescente";"Chuva";"Múltipla";"Reta";"Sim";1;0;0;1;0;0;1;1;-22,81113183;-43,3336729;"SPRF-RJ";"DEL01-RJ";"UOP02-DEL01-RJ"
542286;2023-08-14;"segunda-feira";"08:00:00";"MG";116;528;"CARATINGA";"Acessar a via sem observar a presença dos outros veículos";"Colisão transversal";"Com Vítimas Feridas";"Pleno dia";"Crescente";"Céu Claro";"Simples";"Interseção de Vias;Reta";"Sim";3;0;1;0;2;0;1;2;-19,794033;-42,13731414;"SPRF-MG";"DEL06-MG";"UOP02-DEL06-MG"
542287;2023-08-14;"segunda-feira";"07:45:00";"SC";101;154;"PORTO BELO";"Manobra de mudança de faixa";"Colisão lateral mesmo sentido";"Com Vítimas Feridas";"Pleno dia";"Crescente";"Nublado";"Dupla";"Reta";"Sim";2;0;0;1;1;0;1;2;-27,153819;-48,61086393;"SPRF-SC";"DEL04-SC";"UOP03-DEL04-SC"
542288;2023-08-14;"segunda-feira";"07:00:00";"MG";116;676,1;"MIRADOURO";"Ultrapassagem Indevida";"Queda de ocupante de veículo";"Sem Vítimas";"Pleno dia";"Decrescente";"Céu Claro";"Simples";"Reta";"Não";3;0;0;0;2;1;0;3;-20,91146677;-42,34913374;"SPRF-MG";"DEL07-MG";"UOP02-DEL07-MG"
542289;2023-08-14;"segunda-feira";"09:20:00";"ES";101;268,1;"SERRA";"Reação tardia ou ineficiente do condutor";"Colisão lateral mesmo sentido";"Com Vítimas Feridas";"Pleno dia";"Decrescente";"Céu Claro";"Dupla";"Reta";"Sim";2;0;1;0;1;0;1;2;-20,20842;-40,269405;"SPRF-ES";"DEL02-ES";"UOP01-DEL02-ES"
542291;2023-08-14;"segunda-feira";"07:40:00";"RJ";101;299;"ITABORAI";"Acumulo de óleo sobre o pavimento";"Tombamento";"Com Vítimas Feridas";"Pleno dia";"Crescente";"Garoa/Chuvisco";"Dupla";"Reta";"Não";2;0;2;0;0;0;2;1;-22,77489989;-42,94169133;"SPRF-RJ";"DEL02-RJ";"UOP02-DEL02-RJ"
542293;2023-08-14;"segunda-feira";"09:00:00";"BA";116;422;"FEIRA DE SANTANA";"Acumulo de areia ou detritos sobre o pavimento";"Colisão com objeto";"Com Vítimas Feridas";"Pleno dia";"Crescente";"Céu Claro";"Dupla";"Curva;Viaduto";"Sim";1;0;1;0;0;0;1;1;-12,22064702;-38,96561131;"SPRF-BA";"DEL02-BA";"UOP01-DEL02-BA"
542294;2023-08-14;"segunda-feira";"09:10:00";"RS";392;351;"SANTA MARIA";"Acessar a via sem observar a presença dos outros veículos";"Colisão transversal";"Sem Vítimas";"Pleno dia";"Crescente";"Céu Claro";"Simples";"Reta;Em Obras";"Sim";3;0;0;0;3;0;0;3;-29,72940591;-53,80215704;"SPRF-RS";"DEL09-RS";"UOP01-DEL09-RS"
542297;2023-08-14;"segunda-feira";"09:30:00";"PR";376;653,9;"TIJUCAS DO SUL";"Condutor Dormindo";"Colisão com objeto";"Com Vítimas Feridas";"Pleno dia";"Crescente";"Nublado";"Dupla";"Aclive;Reta";"Não";2;0;2;0;0;0;2;1;-25,84420191;-49,0604381;"SPRF-PR";"DEL01-PR";"UOP04-DEL01-PR"
542300;2023-08-14;"segunda-feira";"08:30:00";"MG";381;736;"TRES CORACOES";"Manobra de mudança de faixa";"Colisão com objeto";"Com Vítimas Feridas";"Pleno dia";"Decrescente";"Céu Claro";"Dupla";"Aclive;Reta";"Não";3;0;2;0;1;0;2;1;-21,58858702;-45,23762813;"SPRF-MG";"DEL16-MG";"UOP02-DEL16-MG"
542303;2023-08-14;"segunda-feira";"09:40:00";"PI";135;350;"BOM JESUS";"Desrespeitar a preferência no cruzamento";"Colisão transversal";"Com Vítimas Feridas";"Pleno dia";"Crescente";"Céu Claro";"Simples";"Interseção de Vias;Reta";"Sim";2;0;2;0;0;0;2;2;-9,07559457;-44,34774041;"SPRF-PI";"DEL03-PI";"UOP02-DEL03-PI"
542305;2023-08-14;"segunda-feira";"10:40:00";"PE";232;151;"SAO CAITANO";"Acessar a via sem observar a presença dos outros veículos";"Colisão transversal";"Com Vítimas Feridas";"Pleno dia";"Crescente";"Céu Claro";"Simples";"Reta";"Não";4;0;1;0;3;0;1;2;-8,32643046;-36,17195697;"SPRF-PE";"DEL03-PE";"UOP02-DEL03-PE"
542306;2023-08-14;"segunda-feira";"10:40:00";"SP";116;230;"SAO PAULO";"Manobra de mudança de faixa";"Colisão lateral mesmo sentido";"Com Vítimas Feridas";"Pleno dia";"Crescente";"Nublado";"Múltipla";"Reta";"Sim";2;0;1;0;1;0;1;2;-23,52251783;-46,5855702;"SPRF-SP";"DEL01-SP";"UOP01-DEL01-SP"
542307;2023-08-14;"segunda-feira";"10:00:00";"PB";427;21,1;"PAULISTA";"Avarias e/ou desgaste excessivo no pneu";"Colisão com objeto";"Com Vítimas Feridas";"Pleno dia";"Decrescente";"Céu Claro";"Simples";"Curva";"Não";2;0;2;0;0;0;2;1;-6,710463;-37,64633;"SPRF-PB";"DEL03-PB";"UOP02-DEL03-PB"
542311;2023-08-14;"segunda-feira";"11:30:00";"SC";101;215,1;"PALHOCA";"Manobra de mudança de faixa";"Queda de ocupante de veículo";"Com Vítimas Feridas";"Pleno dia";"Crescente";"Céu Claro";"Dupla";"Reta";"Sim";1;0;0;1;0;0;1;1;-27,65184843;-48,67604941;"SPRF-SC";"DEL01-SC";"UOP02-DEL01-SC"
542313;2023-08-14;"segunda-feira";"09:00:00";"PI";316;117;"PASSAGEM FRANCA DO PIAUI";"Acessar a via sem observar a presença dos outros veículos";"Colisão lateral mesmo sentido";"Com Vítimas Feridas";"Pleno dia";"Crescente";"Céu Claro";"Simples";"Interseção de Vias;Reta";"Não";5;0;2;0;3;0;2;2;-5,93319732;-42,38002737;"SPRF-PI";"DEL04-PI";"UOP02-DEL04-PI"
542315;2023-08-14;"segunda-feira";"11:25:00";"RJ";40;121;"DUQUE DE CAXIAS";"Problema com o freio";"Engavetamento";"Com Vítimas Feridas";"Pleno dia";"Crescente";"Garoa/Chuvisco";"Dupla";"Reta";"Sim";5;0;1;0;4;0;1;4;-22,78185499;-43,28571273;"SPRF-RJ";"DEL01-RJ";"UOP01-DEL01-RJ"
542316;2023-07-21;"sexta-feira";"14:50:00";"MG";381;439,4;"SABARA";"Reação tardia ou ineficiente do condutor";"Engavetamento";"Sem Vítimas";"Pleno dia";"Crescente";"Nublado";"Simples";"Reta";"Não";11;0;0;0;11;0;0;5;-19,7995677;-43,757019;"SPRF-MG";"DEL01-MG";"UOP01-DEL01-MG"
542317;2023-07-29;"sábado";"02:30:00";"SP";116;218;"GUARULHOS";"Reação tardia ou ineficiente do condutor";"Colisão traseira";"Com Vítimas Feridas";"Plena Noite";"Crescente";"Céu Claro";"Múltipla";"Reta";"Não";3;0;1;2;0;0;3;2;-23,457972;-46,479927;"SPRF-SP";"DEL01-SP";"UOP01-DEL01-SP"
542319;2023-08-14;"segunda-feira";"09:20:00";"PR";163;283;"MARECHAL CANDIDO RONDON";"Reação tardia ou ineficiente do condutor";"Saída de leito carroçável";"Com Vítimas Feridas";"Pleno dia";"Decrescente";"Sol";"Simples";"Reta";"Sim";1;0;1;0;0;0;1;1;-24,544385;-54,044604;"SPRF-PR";"DEL06-PR";"UOP02-DEL06-PR"
542320;2023-08-14;"segunda-feira";"11:00:00";"MA";316;609,8;"TIMON";"Ultrapassagem Indevida";"Colisão traseira";"Com Vítimas Feridas";"Pleno dia";"Crescente";"Céu Claro";"Simples";"Reta";"Sim";2;0;1;0;1;0;1;2;-5,065395;-42,884464;"SPRF-MA";"DEL03-MA";"UOP02-DEL03-MA"