"id";"data_inversa";"dia_semana";"horario";"uf";"br";"km";"municipio";"causa_acidente";"tipo_acidente";"classificacao_acidente";"fase_dia";"sentido_via";"condicao_metereologica";"tipo_pista";"tracado_via";"uso_solo";"pessoas";"mortos";"feridos_leves";"feridos_graves";"ilesos";"ignorados";"feridos";"veiculos";"latitude";"longitude";"regional";"delegacia";"uop"
542322;2023-08-14;"segunda-feira";"12:16:00";"MG";381;168,3;"GOVERNADOR VALADARES";"Acesso irregular";"Colisão transversal";"Com Vítimas Fatais";"Pleno dia";"Decrescente";"Nublado";"Simples";"Reta";"Não";3;1;2;0;0;0;2;2;-18,96571703;-42,08181098;"SPRF-MG";"DEL06-MG";"UOP01-DEL06-MG"
542323;2023-07-05;"quarta-feira";"19:11:00";"ES";262;37;"DOMINGOS MARTINS";"Acessar a via sem observar a presença dos outros veículos";"Colisão transversal";"Com Vítimas Feridas";"Plena Noite";"Crescente";"Céu Claro";"Simples";"Interseção de Vias";"Não";2;0;0;1;1;0;1;2;-20,38127779;-40,61151172;"SPRF-ES";"DEL01-ES";"UOP01-DEL01-ES"
542325;2023-08-14;"segunda-feira";"03:00:00";"MT";174;221;"FIGUEIROPOLIS DOESTE";"Animais na Pista";"Atropelamento de Animal";"Com Vítimas Feridas";"Plena Noite";"Decrescente";"Céu Claro";"Simples";"Declive";"Não";2;0;2;0;0;0;2;1;-15,60500348;-58,84336483;"SPRF-MT";"DEL04-MT";"UOP01-DEL04-MT"
542326;2023-08-14;"segunda-feira";"07:30:00";"SC";282;503;"XANXERE";"Reação tardia ou ineficiente do condutor";"Atropelamento de Pedestre";"Com Vítimas Feridas";"Pleno dia";"Decrescente";"Céu Claro";"Simples";"Interseção de Vias";"Não";2;0;1;0;1;0;1;2;-26,88543812;-52,39360147;"SPRF-SC";"DEL07-SC";"UOP01-DEL07-SC"
542327;2023-08-14;"segunda-feira";"13:45:00";"BA";324;0;"FEIRA DE SANTANA";"Reação tardia ou ineficiente do condutor";"Colisão traseira";"Com Vítimas Feridas";"Pleno dia";"Crescente";"Céu Claro";"Dupla";"Reta;Viaduto";"Sim";2;0;2;0;0;0;2;1;-12,27168;-38,93719;"SPRF-BA";"DEL02-BA";"UOP01-DEL02-BA"
542330;2023-08-14;"segunda-feira";"13:50:00";"RJ";101;79;"CAMPOS DOS GOYTACAZES";"Reação tardia ou ineficiente do condutor";"Colisão traseira";"Com Vítimas Feridas";"Pleno dia";"Crescente";"Chuva";"Simples";"Reta";"Não";2;0;1;0;1;0;1;2;-21,83685554;-41,42866013;"SPRF-RJ";"DEL08-RJ";"UOP02-DEL08-RJ"
542331;2023-07-29;"sábado";"14:45:00";"SC";101;198,9;"SAO JOSE";"Reação tardia ou ineficiente do condutor";"Colisão lateral mesmo sentido";"Com Vítimas Feridas";"Pleno dia";"Decrescente";"Sol";"Múltipla";"Reta";"Não";2;0;1;0;1;0;1;2;-27,52658712;-48,63506019;"SPRF-SC";"DEL01-SC";"UOP01-DEL01-SC"
542332;2023-08-14;"segunda-feira";"11:10:00";"MG";40;593,7;"ITABIRITO";"Acumulo de óleo sobre o pavimento";"Tombamento";"Com Vítimas Feridas";"Pleno dia";"Crescente";"Céu Claro";"Simples";"Curva";"Não";1;0;1;0;0;0;1;1;-20,38936536;-43,90720367;"SPRF-MG";"DEL05-MG";"UOP02-DEL05-MG"
542334;2023-08-14;"segunda-feira";"11:00:00";"RJ";116;180;"NOVA IGUACU";"Reação tardia ou ineficiente do condutor";"Capotamento";"Com Vítimas Feridas";"Pleno dia";"Crescente";"Chuva";"Múltipla";"Reta";"Sim";1;0;1;0;0;0;1;1;-22,7651616;-43,4154728;"SPRF-RJ";"DEL01-RJ";"UOP02-DEL01-RJ"
542335;2023-08-14;"segunda-feira";"12:25:00";"MG";116;797;"ALEM PARAIBA";"Reação tardia ou ineficiente do condutor";"Tombamento";"Com Vítimas Feridas";"Pleno dia";"Decrescente";"Céu Claro";"Simples";"Curva;Declive";"Não";1;0;1;0;0;0;1;1;-21,73681384;-42,72988351;"SPRF-MG";"DEL07-MG";"UOP01-DEL07-MG"
542338;2023-08-06;"domingo";"22:21:00";"MS";267;298;"RIO BRILHANTE";"Ausência de reação do condutor";"Colisão traseira";"Com Vítimas Feridas";"Plena Noite";"Crescente";"Céu Claro";"Simples";"Reta";"Não";4;0;2;0;2;0;2;2;-21,75925651;-54,59208058;"SPRF-MS";"DEL02-MS";"UOP02-DEL02-MS"
542340;2023-08-14;"segunda-feira";"09:30:00";"DF";0;0;"BRASILIA";"Estacionar ou parar em local proibido";"Colisão traseira";"Sem Vítimas";"Pleno dia";"Não Informado";"Céu Claro";"Simples";"Reta";"Sim";7;0;0;0;6;1;0;4;-15,83299522;-47,92371082;"N/A";"N/A";"N/A"
542344;2023-08-14;"segunda-feira";"14:35:00";"SC";470;5;"NAVEGANTES";"Acessar a via sem observar a presença dos outros veículos";"Colisão transversal";"Com Vítimas Feridas";"Pleno dia";"Decrescente";"Céu Claro";"Dupla";"Em Obras;Reta";"Não";2;0;0;1;1;0;1;2;-26,855688;-48,700333;"SPRF-SC";"DEL04-SC";"UOP04-DEL04-SC"
542346;2023-08-14;"segunda-feira";"14:40:00";"MG";40;553;"NOVA LIMA";"Pedestre cruzava a pista fora da faixa";"Atropelamento de Pedestre";"Com Vítimas Feridas";"Pleno dia";"Crescente";"Céu Claro";"Simples";"Curva";"Sim";2;0;0;1;1;0;1;2;-20,0712998;-43,98353934;"SPRF-MG";"DEL01-MG";"UOP02-DEL01-MG"
542347;2023-08-14;"segunda-feira";"13:30:00";"RS";153;406,1;"CACHOEIRA DO SUL";"Desrespeitar a preferência no cruzamento";"Colisão transversal";"Com Vítimas Feridas";"Pleno dia";"Decrescente";"Sol";"Simples";"Rotatória";"Sim";2;0;1;0;1;0;1;2;-30,01500354;-52,92251587;"SPRF-RS";"DEL02-RS";"UOP03-DEL02-RS"
542348;2023-08-14;"segunda-feira";"14:50:00";"PE";101;42;"IGARASSU";"Acessar a via sem observar a presença dos outros veículos";"Colisão transversal";"Com Vítimas Feridas";"Pleno dia";"Crescente";"Nublado";"Múltipla";"Reta;Retorno Regulamentado";"Sim";2;0;1;0;1;0;1;2;-7,83887431;-34,91196739;"SPRF-PE";"DEL01-PE";"UOP02-DEL01-PE"
542350;2023-08-14;"segunda-feira";"14:00:00";"RJ";101;484;"ANGRA DOS REIS";"Reação tardia ou ineficiente do condutor";"Colisão traseira";"Com Vítimas Feridas";"Pleno dia";"Decrescente";"Chuva";"Simples";"Aclive;Reta";"Não";3;0;1;0;2;0;1;3;-22,99096308;-44,30429882;"SPRF-RJ";"DEL03-RJ";"UOP03-DEL03-RJ"
542353;2023-08-14;"segunda-feira";"11:40:00";"RJ";393;177;"PARAIBA DO SUL";"Ausência de reação do condutor";"Tombamento";"Com Vítimas Feridas";"Pleno dia";"Decrescente";"Nublado";"Simples";"Reta";"Não";1;0;1;0;0;0;1;1;-22,1305317;-43,22040965;"SPRF-RJ";"DEL05-RJ";"UOP03-DEL05-RJ"
542354;2023-08-14;"segunda-feira";"14:00:00";"PE";104;20;"TAQUARITINGA DO NORTE";"Transitar na contramão";"Colisão frontal";"Com Vítimas Feridas";"Pleno dia";"Crescente";"Céu Claro";"Simples";"Curva;Declive";"Não";3;0;2;0;1;0;2;2;-7,956497;-36,128529;"SPRF-PE";"DEL02-PE";"UOP01-DEL02-PE"
542355;2023-08-13;"domingo";"12:55:00";"RS";116;231;"IVOTI";"Ultrapassagem Indevida";"Colisão com objeto";"Com Vítimas Feridas";"Pleno dia";"Crescente";"Céu Claro";"Simples";"Declive;Reta";"Sim";8;0;4;1;1;2;5;4;-29,626789;-51,13821387;"SPRF-RS";"DEL01-RS";"UOP02-DEL01-RS"
542356;2023-08-14;"segunda-feira";"16:34:00";"PR";277;644,5;"CEU AZUL";"Condutor deixou de manter distância do veículo da frente";"Colisão traseira";"Com Vítimas Feridas";"Pleno dia";"Crescente";"Céu Claro";"Simples";"Aclive;Reta;Interseção de Vias";"Não";4;0;2;0;2;0;2;2;-25,17363131;-53,88603272;"SPRF-PR";"DEL05-PR";"UOP02-DEL05-PR"
542359;2023-08-14;"segunda-feira";"13:20:00";"SC";280;30;"ARAQUARI";"Reação tardia ou ineficiente do condutor";"Colisão traseira";"Sem Vítimas";"Pleno dia";"Decrescente";"Céu Claro";"Simples";"Reta";"Sim";2;0;0;0;2;0;0;2;-26,4141523;-48,76209493;"SPRF-SC";"DEL03-SC";"UOP03-DEL03-SC"
542360;2023-08-14;"segunda-feira";"14:00:00";"GO";158;168,4;"CAIAPONIA";"Retorno proibido";"Colisão transversal";"Com Vítimas Feridas";"Pleno dia";"Crescente";"Céu Claro";"Simples";"Reta";"Não";5;0;5;0;0;0;5;2;-17,04808897;-51,85312225;"SPRF-GO";"DEL05-GO";"UOP01-DEL05-GO"
542362;2023-08-14;"segunda-feira";"16:10:00";"BA";367;22;"PORTO SEGURO";"Reação tardia ou ineficiente do condutor";"Colisão traseira";"Com Vítimas Feridas";"Pleno dia";"Decrescente";"Céu Claro";"Simples";"Reta";"Não";2;0;2;0;0;0;2;2;-16,44149625;-39,06566204;"SPRF-BA";"DEL09-BA";"UOP03-DEL09-BA"
542365;2023-08-14;"segunda-feira";"15:10:00";"MA";222;668,8;"ACAILANDIA";"Manobra de mudança de faixa";"Colisão lateral sentido oposto";"Com Vítimas Feridas";"Pleno dia";"Crescente";"Céu Claro";"Simples";"Declive;Reta";"Sim";3;0;2;0;1;0;2;2;-4,95619372;-47,49234711;"SPRF-MA";"DEL04-MA";"UOP03-DEL04-MA"
542368;2023-08-14;"segunda-feira";"14:00:00";"MS";163;256;"DOURADOS";"Pedestre cruzava a pista fora da faixa";"Colisão transversal";"Com Vítimas Feridas";"Pleno dia";"Decrescente";"Céu Claro";"Dupla";"Reta";"Não";2;0;2;0;0;0;2;2;-22,258688;-54,804028;"SPRF-MS";"DEL04-MS";"UOP01-DEL04-MS"
542369;2023-08-14;"segunda-feira";"16:20:00";"GO";60;118;"TEREZOPOLIS DE GOIAS";"Ingestão de álcool pelo condutor";"Colisão traseira";"Com Vítimas Feridas";"Pleno dia";"Decrescente";"Céu Claro";"Dupla";"Reta";"Não";2;0;1;0;1;0;1;2;-16,4848;-49,0935;"SPRF-GO";"DEL01-GO";"UOP01-DEL01-GO"
542373;2023-08-14;"segunda-feira";"16:25:00";"MA";10;248;"IMPERATRIZ";"Acessar a via sem observar a presença dos outros veículos";"Colisão transversal";"Com Vítimas Feridas";"Pleno dia";"Crescente";"Céu Claro";"Múltipla";"Em Obras;Interseção de Vias;Reta";"Sim";2;0;0;1;1;0;1;2;-5,566143;-47,449028;"SPRF-MA";"DEL04-MA";"UOP01-DEL04-MA"
542374;2023-08-14;"segunda-feira";"17:45:00";"GO";60;94;"ANAPOLIS";"Trafegar com motocicleta (ou similar) entre as faixas";"Colisão lateral mesmo sentido";"Com Vítimas Feridas";"Pleno dia";"Decrescente";"Céu Claro";"Múltipla";"Reta";"Não";2;0;1;0;1;0;1;2;-16,3611;-48,9328;"SPRF-GO";"DEL02-GO";"UOP01-DEL02-GO"
542375;2023-08-14;"segunda-feira";"16:55:00";"SC";282;29;"SANTO AMARO DA IMPERATRIZ";"Reação tardia ou ineficiente do condutor";"Saída de leito carroçável";"Com Vítimas Feridas";"Anoitecer";"Crescente";"Céu Claro";"Simples";"Curva";"Não";2;0;0;2;0;0;2;2;-27,67478;-48,778904;"SPRF-SC";"DEL01-SC";"UOP03-DEL01-SC"
542377;2023-08-14;"segunda-feira";"18:10:00";"MG";381;649;"SANTO ANTONIO DO AMPARO";"Acesso irregular";"Atropelamento de Pedestre";"Com Vítimas Feridas";"Plena Noite";"Crescente";"Céu Claro";"Dupla";"Curva";"Não";3;0;1;1;1;0;2;2;-20,95729465;-44,90268302;"SPRF-MG";"DEL04-MG";"UOP02-DEL04-MG"
542379;2023-08-14;"segunda-feira";"18:20:00";"SC";101;62,6;"ARAQUARI";"Reação tardia ou ineficiente do condutor";"Queda de ocupante de veículo";"Com Vítimas Feridas";"Plena Noite";"Decrescente";"Céu Claro";"Dupla";"Interseção de Vias;Reta";"Não";1;0;1;0;0;0;1;1;-26,45504246;-48,76711901;"SPRF-SC";"DEL03-SC";"UOP02-DEL03-SC"
542380;2023-08-14;"segunda-feira";"09:50:00";"AC";364;476;"FEIJO";"Reação tardia ou ineficiente do condutor";"Colisão lateral sentido oposto";"Com Vítimas Feridas";"Pleno dia";"Decrescente";"Céu Claro";"Simples";"Declive;Reta";"Não";2;0;1;0;1;0;1;2;-8,28917577;-70,26863765;"SPRF-AC";"DEL01-AC";"UOP01-DEL01-AC"
542382;2023-08-14;"segunda-feira";"17:55:00";"SE";101;80;"LARANJEIRAS";"Conversão proibida";"Colisão transversal";"Com Vítimas Feridas";"Plena Noite";"Crescente";"Ignorado";"Dupla";"Declive;Reta";"Não";3;0;0;1;2;0;1;2;-10,79993997;-37,14082565;"SPRF-SE";"DEL01-SE";"UOP01-DEL01-SE"
542385;2023-08-14;"segunda-feira";"17:00:00";"RO";364;351;"JI-PARANA";"Condutor deixou de manter distância do veículo da frente";"Colisão traseira";"Com Vítimas Feridas";"Pleno dia";"Decrescente";"Céu Claro";"Simples";"Reta;Interseção de Vias";"Sim";6;0;2;0;4;0;2;2;-10,84031861;-62,00639574;"SPRF-RO";"DEL02-RO";"UOP01-DEL02-RO"
542387;2023-08-14;"segunda-feira";"17:15:00";"SC";101;52,7;"JOINVILLE";"Reação tardia ou ineficiente do condutor";"Colisão traseira";"Com Vítimas Feridas";"Pleno dia";"Decrescente";"Nublado";"Dupla";"Reta";"Não";3;0;2;0;1;0;2;2;-26,39111608;-48,83984239;"SPRF-SC";"DEL03-SC";"UOP01-DEL03-SC"
542389;2023-08-14;"segunda-feira";"14:00:00";"MG";40;42,5;"PARACATU";"Acessar a via sem observar a presença dos outros veículos";"Colisão transversal";"Com Vítimas Feridas";"Pleno dia";"Decrescente";"Céu Claro";"Simples";"Curva;Declive;Interseção de Vias";"Sim";3;0;2;0;1;0;2;2;-17,2188441;-46,8666753;"SPRF-MG";"DEL14-MG";"UOP01-DEL14-MG"
542391;2023-08-14;"segunda-feira";"18:37:00";"SP";116;148;"SAO JOSE DOS CAMPOS";"Ausência de reação do condutor";"Colisão traseira";"Com Vítimas Feridas";"Plena Noite";"Decrescente";"Céu Claro";"Múltipla";"Reta";"Sim";3;0;0;1;2;0;1;2;-23,20067421;-45,8795018;"SPRF-SP";"DEL02-SP";"UOP01-DEL02-SP"
542392;2023-08-14;"segunda-feira";"18:50:00";"SP";153;63;"SAO JOSE DO RIO PRETO";"Velocidade Incompatível";"Colisão traseira";"Com Vítimas Feridas";"Plena Noite";"Decrescente";"Céu Claro";"Dupla";"Reta";"Sim";2;0;0;1;1;0;1;2;-20,82149698;-49,35764818;"SPRF-SP";"DEL09-SP";"UOP01-DEL09-SP"
542393;2023-08-14;"segunda-feira";"15:30:00";"RJ";40;94;"DUQUE DE CAXIAS";"Chuva";"Saída de leito carroçável";"Com Vítimas Feridas";"Anoitecer";"Crescente";"Chuva";"Dupla";"Curva;Declive";"Não";2;0;1;0;1;0;1;1;-22,55763285;-43,26574352;"SPRF-RJ";"DEL01-RJ";"UOP01-DEL01-RJ"
542394;2023-08-14;"segunda-feira";"18:35:00";"SP";116;221,6;"GUARULHOS";"Manobra de mudança de faixa";"Colisão lateral mesmo sentido";"Com Vítimas Feridas";"Plena Noite";"Crescente";"Céu Claro";"Múltipla";"Reta";"Não";3;0;1;0;2;0;1;2;-23,46802395;-46,50704901;"SPRF-SP";"DEL01-SP";"UOP01-DEL01-SP"
542395;2023-08-14;"segunda-feira";"16:45:00";"RN";405;11;"MOSSORO";"Reação tardia ou ineficiente do condutor";"Saída de leito carroçável";"Sem Vítimas";"Pleno dia";"Crescente";"Céu Claro";"Simples";"Reta";"Não";1;0;0;0;0;1;0;1;-5,20096926;-37,45079992;"SPRF-RN";"DEL04-RN";"UOP02-DEL04-RN"
542396;2023-08-14;"segunda-feira";"18:25:00";"ES";0;0;"GUARAPARI";"Pista Escorregadia";"Colisão com objeto";"Com Vítimas Feridas";"Plena Noite";"Não Informado";"Nublado";"Simples";"Interseção de Vias;Curva";"Sim";3;0;1;2;0;0;3;1;-20,64818585;-40,49057364;"SPRF-ES";"DEL03-ES";"UOP01-DEL03-ES"
542397;2023-08-14;"segunda-feira";"18:18:00";"MG";116;522,2;"CARATINGA";"Condutor deixou de manter distância do veículo da frente";"Colisão lateral mesmo sentido";"Com Vítimas Feridas";"Plena Noite";"Decrescente";"Nublado";"Simples";"Interseção de Vias";"Sim";3;0;1;0;2;0;1;3;-19,74300101;-42,13231969;"SPRF-MG";"DEL06-MG";"UOP02-DEL06-MG"
542398;2023-08-14;"segunda-feira";"18:35:00";"PR";376;248;"APUCARANA";"Pedestre cruzava a pista fora da faixa";"Atropelamento de Pedestre";"Com Vítimas Feridas";"Plena Noite";"Crescente";"Nublado";"Simples";"Reta";"Não";3;0;0;2;0;1;2;2;-23,60748352;-51,40698731;"SPRF-PR";"DEL07-PR";"UOP03-DEL07-PR"
542399;2023-08-14;"segunda-feira";"18:50:00";"SC";116;247;"LAGES";"Reação tardia ou ineficiente do condutor";"Colisão traseira";"Com Vítimas Feridas";"Plena Noite";"Crescente";"Céu Claro";"Simples";"Interseção de Vias";"Sim";3;0;1;0;2;0;1;2;-27,81155436;-50,36754012;"SPRF-SC";"DEL05-SC";"UOP02-DEL05-SC"
542400;2023-08-14;"segunda-feira";"19:25:00";"PB";101;81;"BAYEUX";"Carga excessiva e/ou mal acondicionada";"Colisão com objeto";"Com Vítimas Feridas";"Plena Noite";"Decrescente";"Céu Claro";"Dupla";"Reta";"Sim";1;0;1;0;0;0;1;1;-7,12508575;-34,94513217;"SPRF-PB";"DEL01-PB";"UOP01-DEL01-PB"
542401;2023-08-14;"segunda-feira";"19:00:00";"RN";101;163;"CANGUARETAMA";"Transitar na contramão";"Colisão frontal";"Com Vítimas Feridas";"Plena Noite";"Decrescente";"Chuva";"Dupla";"Reta";"Não";3;0;0;2;0;1;2;2;-6,393516;-35,13976;"SPRF-RN";"DEL01-RN";"UOP01-DEL01-RN"
542403;2023-07-27;"quinta-feira";"17:30:00";"PR";376;181,5;"MARINGA";"Manobra de mudança de faixa";"Colisão lateral mesmo sentido";"Com Vítimas Feridas";"Pleno dia";"Crescente";"Céu Claro";"Dupla";"Reta";"Sim";3;0;1;0;2;0;1;2;-23,4303118;-51,8903482;"SPRF-PR";"DEL09-PR";"UOP01-DEL09-PR"
542405;2023-08-14;"segunda-feira";"19:40:00";"PR";277;232;"FERNANDES PINHEIRO";"Objeto estático sobre o leito carroçável";"Colisão com objeto";"Sem Vítimas";"Plena Noite";"Crescente";"Nublado";"Simples";"Reta;Declive";"Não";1;0;0;0;1;0;0;1;-25,4687637;-50,47923205;"SPRF-PR";"DEL08-PR";"UOP02-DEL08-PR"
542407;2023-08-14;"segunda-feira";"19:15:00";"MS";262;549;"MIRANDA";"Animais na Pista";"Atropelamento de Animal";"Com Vítimas Feridas";"Plena Noite";"Crescente";"Céu Claro";"Simples";"Reta";"Não";4;0;1;3;0;0;4;1;-20,28136602;-56,30662601;"SPRF-MS";"DEL03-MS";"UOP02-DEL03-MS"
542409;2023-08-14;"segunda-feira";"20:00:00";"AP";156;819;"OIAPOQUE";"Transitar na contramão";"Colisão frontal";"Com Vítimas Feridas";"Plena Noite";"Crescente";"Nublado";"Simples";"Aclive;Reta";"Sim";2;0;2;0;0;0;2;2;3,83552896;-51,80935802;"SPRF-AP";"DEL01-AP";"UOP03-DEL01-AP"
542410;2023-08-14;"segunda-feira";"15:21:00";"PR";116;150;"MANDIRITUBA";"Mal súbito do condutor";"Colisão com objeto";"Com Vítimas Feridas";"Pleno dia";"Crescente";"Céu Claro";"Dupla";"Reta";"Não";1;0;1;0;0;0;1;1;-25,81557015;-49,33088979;"SPRF-PR";"DEL01-PR";"UOP03-DEL01-PR"
542412;2023-08-14;"segunda-feira";"17:20:00";"MG";116;522,2;"CARATINGA";"Acesso irregular";"Colisão frontal";"Com Vítimas Feridas";"Pleno dia";"Crescente";"Nublado";"Simples";"Reta;Interseção de Vias";"Sim";2;0;1;1;0;0;2;2;-19,74300101;-42,13231969;"SPRF-MG";"DEL06-MG";"UOP02-DEL06-MG"
542413;2023-08-14;"segunda-feira";"17:30:00";"SC";280;305,5;"PORTO UNIAO";"Acessar a via sem observar a presença dos outros veículos";"Colisão transversal";"Com Vítimas Feridas";"Anoitecer";"Decrescente";"Céu Claro";"Simples";"Reta";"Sim";2;0;1;0;1;0;1;2;-26,26539205;-51,06071949;"SPRF-SC";"DEL06-SC";"UOP04-DEL06-SC"
542416;2023-08-14;"segunda-feira";"19:15:00";"MG";262;408;"IGARATINGA";"Ausência de reação do condutor";"Saída de leito carroçável";"Com Vítimas Feridas";"Plena Noite";"Crescente";"Céu Claro";"Dupla";"Declive";"Não";1;0;1;0;0;0;1;1;-19,9084783;-44,67315674;"SPRF-MG";"DEL08-MG";"UOP03-DEL08-MG"
542417;2023-08-14;"segunda-feira";"20:30:00";"GO";153;533,5;"HIDROLANDIA";"Reação tardia ou ineficiente do condutor";"Colisão lateral mesmo sentido";"Sem Vítimas";"Plena Noite";"Crescente";"Ignorado";"Dupla";"Reta;Aclive";"Não";2;0;0;0;2;0;0;2;-16,9941;-49,2281;"SPRF-GO";"DEL01-GO";"UOP03-DEL01-GO"
542418;2023-08-14;"segunda-feira";"21:40:00";"MG";381;489,5;"BETIM";"Pedestre andava na pista";"Atropelamento de Pedestre";"Com Vítimas Feridas";"Plena Noite";"Decrescente";"Céu Claro";"Múltipla";"Reta";"Sim";3;0;1;1;1;0;2;2;-19,95656893;-44,1324234;"SPRF-MG";"DEL01-MG";"UOP03-DEL01-MG"
542421;2023-08-14;"segunda-feira";"14:40:00";"MA";222;123;"VARGEM GRANDE";"Manobra de mudança de faixa";"Colisão transversal";"Com Vítimas Fatais";"Pleno dia";"Decrescente";"Sol";"Simples";"Curva";"Sim";2;1;0;0;0;1;0;2;-3,59509203;-43,69978101;"SPRF-MA";"DEL01-MA";"UOP02-DEL01-MA"
542422;2023-08-14;"segunda-feira";"20:05:00";"SC";101;164;"TIJUCAS";"Acessar a via sem observar a presença dos outros veículos";"Colisão transversal";"Com Vítimas Feridas";"Plena Noite";"Decrescente";"Nublado";"Dupla";"Reta";"Sim";2;0;1;0;1;0;1;2;-27,243868;-48,6309;"SPRF-SC";"DEL04-SC";"UOP03-DEL04-SC"
542426;2023-08-14;"segunda-feira";"21:20:00";"MG";364;24;"FRUTAL";"Reação tardia ou ineficiente do condutor";"Saída de leito carroçável";"Sem Vítimas";"Plena Noite";"Crescente";"Céu Claro";"Simples";"Reta";"Não";1;0;0;0;1;0;0;1;-20,025185;-48,94096;"SPRF-MG";"DEL13-MG";"UOP02-DEL13-MG"
542428;2023-08-14;"segunda-feira";"23:19:00";"SP";116;385;"MIRACATU";"Animais na Pista";"Atropelamento de Animal";"Com Vítimas Feridas";"Plena Noite";"Crescente";"Garoa/Chuvisco";"Simples";"Aclive;Reta;Viaduto";"Não";1;0;1;0;0;0;1;1;-24,25492716;-47,37487078;"SPRF-SP";"DEL04-SP";"UOP02-DEL04-SP"
542429;2023-08-14;"segunda-feira";"18:20:00";"RO";364;1042;"PORTO VELHO";"Condutor deixou de manter distância do veículo da frente";"Colisão traseira";"Sem Vítimas";"Anoitecer";"Crescente";"Céu Claro";"Simples";"Reta";"Não";2;0;0;0;2;0;0;2;-9,77388016;-66,37583497;"SPRF-AC";"DEL01-AC";"UOP03-DEL01-AC"
542430;2023-08-14;"segunda-feira";"22:50:00";"GO";153;514,6;"APARECIDA DE GOIANIA";"Ausência de reação do condutor";"Queda de ocupante de veículo";"Sem Vítimas";"Plena Noite";"Decrescente";"Céu Claro";"Múltipla";"Reta";"Sim";1;0;0;0;1;0;0;1;-16,8315;-49,2434;"SPRF-GO";"DEL01-GO";"UOP03-DEL01-GO"
542435;2023-08-15;"terça-feira";"00:50:00";"RS";116;262;"CANOAS";"Frear bruscamente";"Colisão com objeto";"Sem Vítimas";"Plena Noite";"Decrescente";"Céu Claro";"Dupla";"Reta";"Sim";1;0;0;0;0;1;0;1;-29,89185935;-51,17776524;"SPRF-RS";"DEL01-RS";"UOP01-DEL01-RS"
542439;2023-08-14;"segunda-feira";"17:00:00";"RO";435;88;"COLORADO DO OESTE";"Manobra de mudança de faixa";"Colisão lateral mesmo sentido";"Com Vítimas Feridas";"Plena Noite";"Crescente";"Céu Claro";"Simples";"Reta";"Sim";2;0;2;0;0;0;2;2;-13,13028336;-60,54363728;"SPRF-RO";"DEL04-RO";"UOP02-DEL04-RO"
542440;2023-08-15;"terça-feira";"03:20:00";"MG";365;360;"PATROCINIO";"Animais na Pista";"Atropelamento de Animal";"Com Vítimas Feridas";"Plena Noite";"Crescente";"Céu Claro";"Simples";"Reta";"Não";4;0;3;0;1;0;3;1;-18,84976168;-46,87179565;"SPRF-MG";"DEL10-MG";"UOP01-DEL10-MG"
542443;2023-08-14;"segunda-feira";"18:00:00";"RO";435;118,5;"CEREJEIRAS";"Ingestão de álcool pelo condutor";"Saída de leito carroçável";"Com Vítimas Feridas";"Anoitecer";"Crescente";"Céu Claro";"Simples";"Reta";"Não";2;0;2;0;0;0;2;1;-13,1868982;-60,76562401;"SPRF-RO";"DEL04-RO";"UOP02-DEL04-RO"
542444;2023-08-14;"segunda-feira";"19:40:00";"PE";424;12;"PEDRA";"Demais falhas mecânicas ou elétricas";"Incêndio";"Sem Vítimas";"Pleno dia";"Decrescente";"Céu Claro";"Simples";"Aclive;Reta";"Não";1;0;0;0;0;1;0;1;-8,49803522;-36,99233497;"SPRF-PE";"DEL04-PE";"UOP02-DEL04-PE"
542445;2023-08-15;"terça-feira";"05:29:00";"PE";101;78;"JABOATAO DOS GUARARAPES";"Ultrapassagem Indevida";"Colisão lateral mesmo sentido";"Com Vítimas Feridas";"Pleno dia";"Crescente";"Garoa/Chuvisco";"Dupla";"Reta";"Sim";2;0;1;0;0;1;1;2;-8,13496499;-34,94738614;"SPRF-PE";"DEL01-PE";"UOP01-DEL01-PE"
542446;2023-08-15;"terça-feira";"06:30:00";"SC";282;16,9;"PALHOCA";"Acessar a via sem observar a presença dos outros veículos";"Colisão transversal";"Com Vítimas Feridas";"Amanhecer";"Decrescente";"Céu Claro";"Simples";"Reta";"Não";2;0;1;0;1;0;1;2;-27,658611;-48,681847;"SPRF-SC";"DEL01-SC";"UOP02-DEL01-SC"
542448;2023-08-15;"terça-feira";"06:53:00";"SC";101;203;"SAO JOSE";"Manobra de mudança de faixa";"Colisão traseira";"Com Vítimas Feridas";"Pleno dia";"Crescente";"Sol";"Múltipla";"Reta";"Sim";2;0;1;0;0;1;1;2;-27,5650044;-48,61460082;"SPRF-SC";"DEL01-SC";"UOP01-DEL01-SC"
542449;2023-08-15;"terça-feira";"06:30:00";"RS";386;345,7;"LAJEADO";"Acessar a via sem observar a presença dos outros veículos";"Atropelamento de Pedestre";"Com Vítimas Fatais";"Plena Noite";"Crescente";"Céu Claro";"Simples";"Desvio Temporário;Em Obras";"Sim";3;1;1;0;0;1;1;2;-29,443069;-51,984135;"SPRF-RS";"DEL04-RS";"UOP01-DEL04-RS"
542450;2023-08-15;"terça-feira";"05:50:00";"PE";232;9,3;"JABOATAO DOS GUARARAPES";"Manobra de mudança de faixa";"Colisão traseira";"Com Vítimas Feridas";"Amanhecer";"Decrescente";"Nublado";"Dupla";"Reta";"Sim";2;0;1;0;1;0;1;2;-8,078493;-34,98247;"SPRF-PE";"DEL01-PE";"UOP01-DEL01-PE"