"id";"data_inversa";"dia_semana";"horario";"uf";"br";"km";"municipio";"causa_acidente";"tipo_acidente";"classificacao_acidente";"fase_dia";"sentido_via";"condicao_metereologica";"tipo_pista";"tracado_via";"uso_solo";"pessoas";"mortos";"feridos_leves";"feridos_graves";"ilesos";"ignorados";"feridos";"veiculos";"latitude";"longitude";"regional";"delegacia";"uop"
542568;2023-08-15;"terça-feira";"17:10:00";"MG";262;444,8;"NOVA SERRANA";"Pedestre cruzava a pista fora da faixa";"Atropelamento de Pedestre";"Com Vítimas Feridas";"Pleno dia";"Decrescente";"Céu Claro";"Dupla";"Reta";"Sim";2;0;0;1;1;0;1;2;-19,881131;-44,931502;"SPRF-MG";"DEL08-MG";"UOP03-DEL08-MG"
542571;2023-08-15;"terça-feira";"17:10:00";"MS";163;265;"DOURADOS";"Transtornos Mentais (exceto suicidio)";"Queda de ocupante de veículo";"Com Vítimas Feridas";"Pleno dia";"Decrescente";"Céu Claro";"Dupla";"Rotatória";"Não";2;0;1;0;1;0;1;1;-22,222698;-54,73128;"SPRF-MS";"DEL04-MS";"UOP01-DEL04-MS"
542572;2023-08-15;"terça-feira";"18:40:00";"PR";277;55;"SAO JOSE DOS PINHAIS";"Retorno proibido";"Colisão transversal";"Com Vítimas Feridas";"Pleno dia";"Crescente";"Céu Claro";"Dupla";"Reta;Declive";"Não";5;0;4;0;1;0;4;2;-25,58844984;-48,94524097;"SPRF-PR";"DEL01-PR";"UOP01-DEL01-PR"
542573;2023-08-15;"terça-feira";"14:30:00";"RJ";116;145;"DUQUE DE CAXIAS";"Condutor deixou de manter distância do veículo da frente";"Colisão traseira";"Com Vítimas Feridas";"Pleno dia";"Decrescente";"Nublado";"Dupla";"Reta";"Não";2;0;1;0;1;0;1;2;-22,66237951;-43,25529831;"SPRF-RJ";"DEL01-RJ";"UOP01-DEL01-RJ"
542574;2023-08-15;"terça-feira";"18:30:00";"RO";364;710;"PORTO VELHO";"Reação tardia ou ineficiente do condutor";"Atropelamento de Pedestre";"Com Vítimas Feridas";"Plena Noite";"Decrescente";"Nublado";"Dupla";"Reta";"Sim";2;0;2;0;0;0;2;2;-8,78621576;-63,85712687;"SPRF-RO";"DEL01-RO";"UOP01-DEL01-RO"
542575;2023-08-15;"terça-feira";"18:50:00";"RJ";465;3;"SEROPEDICA";"Ausência de reação do condutor";"Saída de leito carroçável";"Com Vítimas Feridas";"Plena Noite";"Decrescente";"Céu Claro";"Simples";"Reta";"Sim";3;0;2;0;1;0;2;1;-22,73427;-43,711994;"SPRF-RJ";"DEL01-RJ";"UOP03-DEL01-RJ"
542577;2023-08-15;"terça-feira";"16:30:00";"BA";101;122;"ARAMARI";"Reação tardia ou ineficiente do condutor";"Saída de leito carroçável";"Com Vítimas Feridas";"Pleno dia";"Decrescente";"Céu Claro";"Simples";"Reta";"Não";2;0;1;0;1;0;1;1;-12,17564101;-38,57512499;"SPRF-BA";"DEL01-BA";"UOP04-DEL01-BA"
542578;2023-08-15;"terça-feira";"19:30:00";"RJ";116;120;"MAGE";"Transitar no Acostamento";"Colisão transversal";"Com Vítimas Feridas";"Plena Noite";"Crescente";"Céu Claro";"Simples";"Reta";"Sim";2;0;1;0;1;0;1;2;-22,62191389;-43,04363229;"SPRF-RJ";"DEL04-RJ";"UOP02-DEL04-RJ"
542579;2023-08-15;"terça-feira";"17:00:00";"RJ";495;28;"PETROPOLIS";"Problema com o freio";"Atropelamento de Pedestre";"Com Vítimas Feridas";"Pleno dia";"Crescente";"Nublado";"Simples";"Curva";"Sim";6;0;2;0;4;0;2;2;-22,396297;-43,120255;"SPRF-RJ";"DEL06-RJ";"UOP01-DEL06-RJ"
542580;2023-05-03;"quarta-feira";"19:15:00";"RN";101;84,4;"NATAL";"Manobra de mudança de faixa";"Colisão lateral mesmo sentido";"Com Vítimas Feridas";"Plena Noite";"Decrescente";"Céu Claro";"Dupla";"Reta";"Sim";3;0;0;1;2;0;1;2;-5,774175;-35,2578;"SPRF-RN";"DEL02-RN";"UOP01-DEL02-RN"
542581;2023-08-15;"terça-feira";"20:00:00";"PR";376;183,4;"SARANDI";"Entrada inopinada do pedestre";"Atropelamento de Pedestre";"Com Vítimas Feridas";"Plena Noite";"Crescente";"Céu Claro";"Dupla";"Reta";"Sim";3;0;0;1;2;0;1;2;-23,44159097;-51,87067398;"SPRF-PR";"DEL09-PR";"UOP01-DEL09-PR"
542583;2023-08-15;"terça-feira";"19:05:00";"RR";174;518,2;"BOA VISTA";"Deficiência do Sistema de Iluminação/Sinalização";"Colisão traseira";"Com Vítimas Feridas";"Plena Noite";"Decrescente";"Céu Claro";"Simples";"Reta";"Não";2;0;1;0;1;0;1;2;2,921912;-60,712013;"SPRF-RR";"DEL01-RR";"UOP01-DEL01-RR"
542585;2023-08-15;"terça-feira";"20:10:00";"MG";365;624;"UBERLANDIA";"Ausência de reação do condutor";"Colisão com objeto";"Com Vítimas Feridas";"Plena Noite";"Crescente";"Vento";"Dupla";"Curva;Declive";"Sim";1;0;1;0;0;0;1;1;-18,90754763;-48,3160669;"SPRF-MG";"DEL15-MG";"UOP01-DEL15-MG"
542587;2023-08-15;"terça-feira";"20:40:00";"RS";290;80;"GRAVATAI";"Reação tardia ou ineficiente do condutor";"Saída de leito carroçável";"Com Vítimas Feridas";"Plena Noite";"Decrescente";"Céu Claro";"Dupla";"Curva";"Não";1;0;1;0;0;0;1;1;-29,95343;-51,058449;"SPRF-RS";"DEL01-RS";"UOP01-DEL01-RS"
542588;2023-08-15;"terça-feira";"19:00:00";"PE";101;74;"RECIFE";"Objeto estático sobre o leito carroçável";"Colisão com objeto";"Com Vítimas Feridas";"Plena Noite";"Decrescente";"Céu Claro";"Dupla";"Curva";"Não";1;0;1;0;0;0;1;1;-8,10146485;-34,94901577;"SPRF-PE";"DEL01-PE";"UOP01-DEL01-PE"
542590;2023-05-06;"sábado";"08:40:00";"RJ";116;174;"SAO JOAO DE MERITI";"Manobra de mudança de faixa";"Colisão lateral mesmo sentido";"Com Vítimas Feridas";"Pleno dia";"Decrescente";"Sol";"Dupla";"Reta";"Sim";1;0;1;0;0;0;1;1;-22,79423806;-43,36403759;"SPRF-RJ";"DEL01-RJ";"UOP02-DEL01-RJ"
542591;2023-08-15;"terça-feira";"19:30:00";"SC";470;64;"INDAIAL";"Ingestão de álcool e/ou substâncias psicoativas pelo pedestre";"Atropelamento de Pedestre";"Com Vítimas Feridas";"Plena Noite";"Decrescente";"Céu Claro";"Simples";"Reta";"Não";2;0;1;0;1;0;1;2;-26,869867;-49,201859;"SPRF-SC";"DEL04-SC";"UOP01-DEL04-SC"
542592;2023-08-15;"terça-feira";"20:20:00";"ES";262;53,1;"MARECHAL FLORIANO";"Transitar na contramão";"Colisão frontal";"Com Vítimas Fatais";"Plena Noite";"Crescente";"Chuva";"Simples";"Curva";"Não";2;1;0;0;1;0;0;2;-20,41397156;-40,73317528;"SPRF-ES";"DEL01-ES";"UOP01-DEL01-ES"
542593;2023-08-15;"terça-feira";"21:00:00";"CE";116;7,9;"FORTALEZA";"Manobra de mudança de faixa";"Colisão lateral mesmo sentido";"Com Vítimas Feridas";"Plena Noite";"Crescente";"Céu Claro";"Múltipla";"Reta";"Sim";2;0;1;0;1;0;1;2;-3,8192799;-38,50268337;"SPRF-CE";"DEL01-CE";"UOP02-DEL01-CE"
542594;2023-08-15;"terça-feira";"08:05:00";"MT";163;838;"SINOP";"Pedestre cruzava a pista fora da faixa";"Queda de ocupante de veículo";"Com Vítimas Feridas";"Pleno dia";"Decrescente";"Céu Claro";"Dupla";"Reta";"Sim";3;0;1;0;2;0;1;2;-11,96019283;-55,51701665;"SPRF-MT";"DEL06-MT";"UOP02-DEL06-MT"
542595;2023-08-15;"terça-feira";"20:09:00";"BA";30;261;"CAETITE";"Ultrapassagem Indevida";"Colisão transversal";"Com Vítimas Feridas";"Plena Noite";"Crescente";"Nublado";"Simples";"Reta";"Sim";7;0;1;0;6;0;1;2;-14,06674265;-42,52894789;"SPRF-BA";"DEL08-BA";"UOP01-DEL08-BA"
542596;2023-08-15;"terça-feira";"19:35:00";"PE";407;124;"PETROLINA";"Acessar a via sem observar a presença dos outros veículos";"Colisão transversal";"Com Vítimas Feridas";"Plena Noite";"Crescente";"Céu Claro";"Dupla";"Rotatória";"Sim";2;0;0;2;0;0;2;2;-9,37598722;-40,53789854;"SPRF-PE";"DEL06-PE";"UOP01-DEL06-PE"
542597;2023-08-15;"terça-feira";"18:39:00";"AC";364;77;"PLACIDO DE CASTRO";"Animais na Pista";"Saída de leito carroçável";"Com Vítimas Feridas";"Plena Noite";"Decrescente";"Céu Claro";"Simples";"Reta";"Não";3;0;0;2;1;0;2;1;-10,0840559;-67,39982704;"SPRF-AC";"DEL01-AC";"UOP03-DEL01-AC"
542598;2023-08-15;"terça-feira";"22:00:00";"DF";70;18;"BRASILIA";"Manobra de mudança de faixa";"Colisão transversal";"Com Vítimas Feridas";"Plena Noite";"Decrescente";"Céu Claro";"Dupla";"Reta;Retorno Regulamentado";"Não";2;0;0;1;1;0;1;2;-15,78940416;-48,21708441;"SPRF-DF";"DEL03-DF";"UOP02-DEL03-DF"
542599;2023-08-15;"terça-feira";"17:31:00";"RJ";116;34;"SAPUCAIA";"Reação tardia ou ineficiente do condutor";"Capotamento";"Com Vítimas Feridas";"Anoitecer";"Decrescente";"Céu Claro";"Simples";"Reta";"Não";1;0;1;0;0;0;1;1;-22,09396197;-42,80688484;"SPRF-RJ";"DEL05-RJ";"UOP01-DEL05-RJ"
542600;2023-08-15;"terça-feira";"20:10:00";"RS";468;0,6;"PALMEIRA DAS MISSOES";"Reação tardia ou ineficiente do condutor";"Saída de leito carroçável";"Com Vítimas Feridas";"Plena Noite";"Decrescente";"Céu Claro";"Simples";"Reta";"Sim";1;0;1;0;0;0;1;1;-27,882782;-53,304043;"SPRF-RS";"DEL08-RS";"UOP01-DEL08-RS"
542601;2023-08-15;"terça-feira";"22:20:00";"RJ";101;275,4;"TANGUA";"Acessar a via sem observar a presença dos outros veículos";"Atropelamento de Pedestre";"Com Vítimas Fatais";"Plena Noite";"Decrescente";"Céu Claro";"Dupla";"Reta";"Sim";3;1;0;0;1;1;0;2;-22,73653355;-42,72909106;"SPRF-RJ";"DEL02-RJ";"UOP03-DEL02-RJ"
542602;2023-08-15;"terça-feira";"20:20:00";"RS";290;92;"PORTO ALEGRE";"Acumulo de areia ou detritos sobre o pavimento";"Saída de leito carroçável";"Com Vítimas Feridas";"Plena Noite";"Crescente";"Céu Claro";"Dupla";"Curva";"Não";1;0;1;0;0;0;1;1;-29,971916;-51,176838;"SPRF-RS";"DEL01-RS";"UOP01-DEL01-RS"
542603;2023-08-15;"terça-feira";"21:40:00";"SC";101;313,4;"LAGUNA";"Ausência de reação do condutor";"Saída de leito carroçável";"Sem Vítimas";"Plena Noite";"Decrescente";"Céu Claro";"Simples";"Curva;Rotatória";"Sim";2;0;0;0;2;0;0;1;-28,4404376;-48,81403409;"SPRF-SC";"DEL02-SC";"UOP01-DEL02-SC"
542604;2023-08-15;"terça-feira";"13:50:00";"MT";163;831;"SINOP";"Animais na Pista";"Atropelamento de Animal";"Com Vítimas Feridas";"Pleno dia";"Decrescente";"Céu Claro";"Dupla";"Reta";"Sim";1;0;1;0;0;0;1;1;-11,89764756;-55,50475788;"SPRF-MT";"DEL06-MT";"UOP02-DEL06-MT"
542605;2023-08-15;"terça-feira";"21:30:00";"MG";354;732,4;"POUSO ALTO";"Ausência de reação do condutor";"Saída de leito carroçável";"Sem Vítimas";"Plena Noite";"Decrescente";"Céu Claro";"Simples";"Curva";"Não";1;0;0;0;1;0;0;1;-22,17502858;-44,97005105;"SPRF-MG";"DEL17-MG";"UOP01-DEL17-MG"
542608;2023-08-15;"terça-feira";"23:00:00";"PR";116;130;"FAZENDA RIO GRANDE";"Pedestre andava na pista";"Atropelamento de Pedestre";"Com Vítimas Feridas";"Plena Noite";"Crescente";"Céu Claro";"Dupla";"Reta";"Sim";2;0;1;0;1;0;1;2;-25,63927799;-49,31302988;"SPRF-PR";"DEL01-PR";"UOP03-DEL01-PR"
542609;2023-08-15;"terça-feira";"23:15:00";"PR";277;115;"CAMPO LARGO";"Reação tardia ou ineficiente do condutor";"Tombamento";"Com Vítimas Feridas";"Plena Noite";"Crescente";"Céu Claro";"Dupla";"Reta";"Sim";1;0;1;0;0;0;1;1;-25,445;-49,499;"SPRF-PR";"DEL03-PR";"UOP03-DEL03-PR"
542610;2023-08-15;"terça-feira";"23:48:00";"GO";40;0,4;"VALPARAISO DE GOIAS";"Velocidade Incompatível";"Capotamento";"Com Vítimas Feridas";"Plena Noite";"Crescente";"Céu Claro";"Dupla";"Reta";"Sim";1;0;1;0;0;0;1;1;-16,058273;-47,982655;"SPRF-DF";"DEL01-DF";"UOP01-DEL01-DF"
542613;2023-08-15;"terça-feira";"22:30:00";"SP";116;385,9;"MIRACATU";"Reação tardia ou ineficiente do condutor";"Saída de leito carroçável";"Com Vítimas Feridas";"Plena Noite";"Crescente";"Nublado";"Dupla";"Curva";"Não";1;0;1;0;0;0;1;1;-24,254993;-47,375412;"SPRF-SP";"DEL04-SP";"UOP02-DEL04-SP"
542614;2023-08-16;"quarta-feira";"01:50:00";"RJ";116;178;"BELFORD ROXO";"Velocidade Incompatível";"Colisão com objeto";"Sem Vítimas";"Plena Noite";"Decrescente";"Céu Claro";"Dupla";"Reta";"Sim";1;0;0;0;1;0;0;1;-22,77496393;-43,40081465;"SPRF-RJ";"DEL01-RJ";"UOP02-DEL01-RJ"
542616;2023-08-16;"quarta-feira";"01:20:00";"PE";101;11;"GOIANA";"Acessar a via sem observar a presença dos outros veículos";"Atropelamento de Pedestre";"Com Vítimas Fatais";"Plena Noite";"Decrescente";"Vento";"Múltipla";"Reta";"Não";2;1;0;0;1;0;0;2;-7,59514001;-34,98460002;"SPRF-PE";"DEL01-PE";"UOP02-DEL01-PE"
542618;2023-08-16;"quarta-feira";"02:15:00";"RS";116;309;"GUAIBA";"Condutor Dormindo";"Colisão com objeto";"Com Vítimas Fatais";"Plena Noite";"Crescente";"Céu Claro";"Simples";"Reta;Ponte";"Não";2;1;0;0;1;0;0;2;-30,19187406;-51,39787181;"SPRF-RS";"DEL02-RS";"UOP01-DEL02-RS"
542619;2023-08-16;"quarta-feira";"03:55:00";"AL";101;174,9;"TEOTONIO VILELA";"Suicídio (presumido)";"Atropelamento de Pedestre";"Com Vítimas Fatais";"Plena Noite";"Decrescente";"Garoa/Chuvisco";"Dupla";"Reta";"Sim";2;1;0;0;0;1;0;2;-9,90270371;-36,35878384;"SPRF-AL";"DEL02-AL";"UOP02-DEL02-AL"
542621;2023-08-16;"quarta-feira";"04:45:00";"RS";392;73,5;"PELOTAS";"Animais na Pista";"Atropelamento de Animal";"Com Vítimas Feridas";"Plena Noite";"Crescente";"Céu Claro";"Simples";"Reta";"Não";1;0;1;0;0;0;1;1;-31,71186042;-52,3969147;"SPRF-RS";"DEL07-RS";"UOP01-DEL07-RS"
542627;2023-08-16;"quarta-feira";"05:45:00";"SP";116;210;"GUARULHOS";"Reação tardia ou ineficiente do condutor";"Atropelamento de Pedestre";"Com Vítimas Feridas";"Pleno dia";"Decrescente";"Céu Claro";"Dupla";"Reta";"Não";2;0;1;0;1;0;1;2;-23,42870023;-46,41085991;"SPRF-SP";"DEL01-SP";"UOP01-DEL01-SP"
542628;2023-08-16;"quarta-feira";"05:15:00";"SC";101;157;"PORTO BELO";"Ingestão de álcool pelo condutor";"Colisão com objeto";"Sem Vítimas";"Amanhecer";"Crescente";"Nublado";"Dupla";"Reta";"Não";1;0;0;0;1;0;0;1;-27,181625;-48,6121179;"SPRF-SC";"DEL04-SC";"UOP03-DEL04-SC"
542630;2023-08-16;"quarta-feira";"05:30:00";"SC";101;218,1;"PALHOCA";"Acessar a via sem observar a presença dos outros veículos";"Colisão lateral mesmo sentido";"Com Vítimas Feridas";"Amanhecer";"Decrescente";"Nublado";"Simples";"Reta";"Sim";3;0;2;1;0;0;3;2;-27,6758601;-48,67052525;"SPRF-SC";"DEL01-SC";"UOP02-DEL01-SC"
542631;2023-08-15;"terça-feira";"14:00:00";"RJ";493;52;"DUQUE DE CAXIAS";"Reação tardia ou ineficiente do condutor";"Colisão traseira";"Com Vítimas Feridas";"Pleno dia";"Crescente";"Céu Claro";"Dupla";"Reta";"Não";2;0;1;0;1;0;1;2;-22,672089;-43,285053;"SPRF-RJ";"DEL01-RJ";"UOP01-DEL01-RJ"
542633;2023-08-16;"quarta-feira";"07:10:00";"RS";116;301;"GUAIBA";"Acesso irregular";"Colisão transversal";"Com Vítimas Feridas";"Pleno dia";"Decrescente";"Céu Claro";"Simples";"Reta";"Não";2;0;1;0;1;0;1;2;-30,131899;-51,353867;"SPRF-RS";"DEL02-RS";"UOP01-DEL02-RS"
542635;2023-08-16;"quarta-feira";"05:40:00";"RJ";40;72;"PETROPOLIS";"Demais falhas mecânicas ou elétricas";"Incêndio";"Sem Vítimas";"Amanhecer";"Decrescente";"Chuva";"Simples";"Curva";"Não";1;0;0;0;1;0;0;1;-22,4585308;-43,21600514;"SPRF-RJ";"DEL06-RJ";"UOP01-DEL06-RJ"
542636;2023-08-16;"quarta-feira";"07:23:00";"DF";20;19,4;"BRASILIA";"Pedestre cruzava a pista fora da faixa";"Atropelamento de Pedestre";"Com Vítimas Feridas";"Pleno dia";"Decrescente";"Céu Claro";"Dupla";"Reta";"Não";3;0;0;1;2;0;1;2;-15,612175;-47,700928;"SPRF-DF";"DEL02-DF";"UOP01-DEL02-DF"
542638;2023-08-16;"quarta-feira";"07:30:00";"CE";116;8;"FORTALEZA";"Manobra de mudança de faixa";"Colisão lateral mesmo sentido";"Com Vítimas Feridas";"Pleno dia";"Crescente";"Céu Claro";"Dupla";"Reta";"Sim";2;0;0;1;1;0;1;2;-3,8192799;-38,50268337;"SPRF-CE";"DEL01-CE";"UOP02-DEL01-CE"
542643;2023-08-16;"quarta-feira";"07:20:00";"SC";101;210;"SAO JOSE";"Trafegar com motocicleta (ou similar) entre as faixas";"Colisão lateral mesmo sentido";"Com Vítimas Feridas";"Pleno dia";"Decrescente";"Céu Claro";"Dupla";"Aclive;Reta";"Sim";5;0;1;0;4;0;1;2;-27,6167305;-48,6457265;"SPRF-SC";"DEL01-SC";"UOP01-DEL01-SC"
542644;2023-08-16;"quarta-feira";"07:20:00";"CE";20;403,9;"CAUCAIA";"Acessar a via sem observar a presença dos outros veículos";"Colisão transversal";"Com Vítimas Feridas";"Pleno dia";"Decrescente";"Sol";"Simples";"Retorno Regulamentado";"Não";2;0;1;0;1;0;1;2;-3,78330069;-38,69351522;"SPRF-CE";"DEL01-CE";"UOP01-DEL01-CE"
542646;2023-08-16;"quarta-feira";"08:00:00";"ES";101;267,5;"SERRA";"Entrada inopinada do pedestre";"Atropelamento de Pedestre";"Com Vítimas Feridas";"Pleno dia";"Crescente";"Chuva";"Dupla";"Reta";"Sim";3;0;3;0;0;0;3;2;-20,19930999;-40,26884609;"SPRF-ES";"DEL02-ES";"UOP01-DEL02-ES"
542647;2023-08-16;"quarta-feira";"06:00:00";"RS";470;287;"MONTENEGRO";"Acessar a via sem observar a presença dos outros veículos";"Colisão transversal";"Com Vítimas Feridas";"Amanhecer";"Decrescente";"Céu Claro";"Simples";"Rotatória";"Sim";2;0;1;0;1;0;1;2;-29,64978706;-51,45797809;"SPRF-RS";"DEL06-RS";"UOP01-DEL06-RS"
542649;2023-08-16;"quarta-feira";"07:43:00";"MA";10;258;"IMPERATRIZ";"Ausência de reação do condutor";"Colisão traseira";"Com Vítimas Feridas";"Pleno dia";"Crescente";"Céu Claro";"Simples";"Reta";"Sim";3;0;2;0;1;0;2;2;-5,481554;-47,472092;"SPRF-MA";"DEL04-MA";"UOP01-DEL04-MA"
542650;2023-08-16;"quarta-feira";"06:50:00";"GO";60;93,8;"ANAPOLIS";"Velocidade Incompatível";"Tombamento";"Com Vítimas Feridas";"Pleno dia";"Decrescente";"Céu Claro";"Dupla";"Curva;Viaduto";"Sim";1;0;1;0;0;0;1;1;-16,3538;-48,9268;"SPRF-GO";"DEL02-GO";"UOP01-DEL02-GO"
542652;2023-08-16;"quarta-feira";"08:25:00";"SC";101;335;"TUBARAO";"Acessar a via sem observar a presença dos outros veículos";"Colisão transversal";"Com Vítimas Feridas";"Pleno dia";"Decrescente";"Céu Claro";"Dupla";"Reta";"Sim";2;0;0;1;1;0;1;2;-28,476495;-49,029519;"SPRF-SC";"DEL02-SC";"UOP01-DEL02-SC"
542653;2023-08-16;"quarta-feira";"06:50:00";"RS";471;157,4;"SANTA CRUZ DO SUL";"Afundamento ou ondulação no pavimento";"Colisão frontal";"Com Vítimas Fatais";"Amanhecer";"Crescente";"Ignorado";"Simples";"Retorno Regulamentado;Interseção de Vias;Aclive;Reta;Em Obras";"Não";5;1;1;1;1;1;2;3;-29,83955874;-52,39619974;"SPRF-RS";"DEL02-RS";"UOP03-DEL02-RS"
542655;2023-04-06;"quinta-feira";"18:30:00";"RN";304;187;"ANGICOS";"Pista esburacada";"Capotamento";"Com Vítimas Feridas";"Plena Noite";"Crescente";"Vento";"Simples";"Reta";"Não";2;0;2;0;0;0;2;1;-5,69228521;-36,2754111;"SPRF-RN";"DEL01-RN";"UOP03-DEL01-RN"
542656;2023-08-08;"terça-feira";"22:20:00";"MT";174;45;"VILA BELA DA SANTISSIMA TRINDADE";"Ingestão de álcool pelo condutor";"Atropelamento de Animal";"Com Vítimas Feridas";"Plena Noite";"Decrescente";"Céu Claro";"Simples";"Reta";"Não";1;0;1;0;0;0;1;1;-15,06582472;-59,71652985;"SPRF-MT";"DEL03-MT";"UOP01-DEL03-MT"
542657;2023-08-16;"quarta-feira";"09:00:00";"RJ";116;189;"NOVA IGUACU";"Reação tardia ou ineficiente do condutor";"Colisão traseira";"Sem Vítimas";"Pleno dia";"Decrescente";"Céu Claro";"Múltipla";"Reta";"Sim";3;0;0;0;3;0;0;2;-22,73765712;-43,49182298;"SPRF-RJ";"DEL01-RJ";"UOP02-DEL01-RJ"
542660;2023-08-16;"quarta-feira";"06:25:00";"BA";110;128,7;"CICERO DANTAS";"Pista esburacada";"Capotamento";"Com Vítimas Feridas";"Amanhecer";"Decrescente";"Nublado";"Simples";"Reta";"Não";4;0;3;0;1;0;3;1;-10,52423685;-38,38039833;"SPRF-BA";"DEL07-BA";"UOP02-DEL07-BA"
542661;2023-08-16;"quarta-feira";"08:40:00";"SP";153;280;"OCAUCU";"Condutor deixou de manter distância do veículo da frente";"Colisão traseira";"Com Vítimas Feridas";"Pleno dia";"Crescente";"Céu Claro";"Simples";"Reta";"Não";2;0;0;1;1;0;1;2;-22,41321412;-49,86091715;"SPRF-SP";"DEL07-SP";"UOP02-DEL07-SP"
542664;2023-08-16;"quarta-feira";"05:10:00";"MT";163;114,2;"RONDONOPOLIS";"Acesso irregular";"Colisão transversal";"Com Vítimas Fatais";"Amanhecer";"Crescente";"Céu Claro";"Dupla";"Reta";"Não";4;1;0;1;2;0;1;2;-16,54595325;-54,67086252;"SPRF-MT";"DEL02-MT";"UOP01-DEL02-MT"
542665;2023-08-16;"quarta-feira";"08:48:00";"GO";20;23,3;"FORMOSA";"Reação tardia ou ineficiente do condutor";"Colisão traseira";"Com Vítimas Feridas";"Pleno dia";"Decrescente";"Céu Claro";"Simples";"Reta";"Não";5;0;4;0;1;0;4;2;-15,542938;-47,151627;"SPRF-DF";"DEL02-DF";"UOP02-DEL02-DF"
542666;2023-08-16;"quarta-feira";"08:25:00";"MT";163;100,2;"RONDONOPOLIS";"Demais falhas mecânicas ou elétricas";"Queda de ocupante de veículo";"Com Vítimas Feridas";"Amanhecer";"Crescente";"Sol";"Dupla";"Declive;Reta";"Não";1;0;1;0;0;0;1;1;-16,66088715;-54,68146429;"SPRF-MT";"DEL02-MT";"UOP03-DEL02-MT"
542667;2023-08-16;"quarta-feira";"07:18:00";"RO";364;714;"PORTO VELHO";"Reação tardia ou ineficiente do condutor";"Atropelamento de Pedestre";"Com Vítimas Feridas";"Pleno dia";"Crescente";"Céu Claro";"Simples";"Reta";"Sim";2;0;1;0;1;0;1;2;-8,77323714;-63,88521091;"SPRF-RO";"DEL01-RO";"UOP01-DEL01-RO"
542668;2023-08-16;"quarta-feira";"08:30:00";"SE";101;18,6;"SAO FRANCISCO";"Condutor deixou de manter distância do veículo da frente";"Colisão traseira";"Com Vítimas Feridas";"Pleno dia";"Decrescente";"Céu Claro";"Dupla";"Declive";"Não";4;0;1;0;3;0;1;2;-10,34642149;-36,8979388;"SPRF-SE";"DEL02-SE";"UOP02-DEL02-SE"
542674;2023-07-31;"segunda-feira";"08:30:00";"AC";364;272;"SENA MADUREIRA";"Ausência de reação do condutor";"Colisão frontal";"Com Vítimas Fatais";"Pleno dia";"Crescente";"Céu Claro";"Simples";"Ponte";"Sim";2;1;0;0;1;0;0;2;-9,08147284;-68,65945397;"SPRF-AC";"DEL01-AC";"UOP01-DEL01-AC"
542675;2023-08-16;"quarta-feira";"10:00:00";"CE";222;1,2;"FORTALEZA";"Reação tardia ou ineficiente do condutor";"Colisão lateral mesmo sentido";"Com Vítimas Feridas";"Pleno dia";"Crescente";"Céu Claro";"Múltipla";"Reta";"Sim";2;0;2;0;0;0;2;2;-3,737804;-38,578061;"SPRF-CE";"DEL01-CE";"UOP01-DEL01-CE"
542677;2023-08-16;"quarta-feira";"10:30:00";"PE";101;81;"JABOATAO DOS GUARARAPES";"Acessar a via sem observar a presença dos outros veículos";"Colisão lateral mesmo sentido";"Com Vítimas Feridas";"Pleno dia";"Crescente";"Céu Claro";"Dupla";"Reta";"Sim";2;0;1;0;1;0;1;2;-8,165945;-34,938474;"SPRF-PE";"DEL01-PE";"UOP01-DEL01-PE"
542679;2023-08-16;"quarta-feira";"11:10:00";"SC";101;327;"CAPIVARI DE BAIXO";"Desrespeitar a preferência no cruzamento";"Colisão transversal";"Com Vítimas Feridas";"Pleno dia";"Decrescente";"Céu Claro";"Múltipla";"Reta";"Não";2;0;1;0;1;0;1;2;-28,43023306;-48,95205197;"SPRF-SC";"DEL02-SC";"UOP01-DEL02-SC"
542683;2023-04-09;"domingo";"19:10:00";"PR";376;3;"SAO JOSE DOS PINHAIS";"Reação tardia ou ineficiente do condutor";"Colisão traseira";"Com Vítimas Feridas";"Plena Noite";"Decrescente";"Nublado";"Dupla";"Reta";"Sim";2;0;1;0;1;0;1;2;-25,5307;-49,1958;"SPRF-PR";"DEL01-PR";"UOP04-DEL01-PR"
542685;2023-08-16;"quarta-feira";"08:35:00";"PI";316;313;"PICOS";"Acessar a via sem observar a presença dos outros veículos";"Colisão transversal";"Com Vítimas Feridas";"Pleno dia";"Crescente";"Céu Claro";"Simples";"Interseção de Vias;Reta";"Sim";2;0;1;0;1;0;1;2;-7,07959049;-41,44975182;"SPRF-PI";"DEL04-PI";"UOP01-DEL04-PI"
542688;2023-08-16;"quarta-feira";"12:40:00";"RS";116;238;"NOVO HAMBURGO";"Demais falhas mecânicas ou elétricas";"Tombamento";"Com Vítimas Feridas";"Pleno dia";"Crescente";"Sol";"Dupla";"Aclive;Reta";"Sim";1;0;0;1;0;0;1;1;-29,68732575;-51,14223719;"SPRF-RS";"DEL01-RS";"UOP02-DEL01-RS"
542691;2023-08-16;"quarta-feira";"12:20:00";"ES";101;272,5;"SERRA";"Ausência de reação do condutor";"Colisão com objeto";"Com Vítimas Feridas";"Pleno dia";"Decrescente";"Nublado";"Dupla";"Reta";"Sim";1;0;1;0;0;0;1;1;-20,22724888;-40,28426988;"SPRF-ES";"DEL02-ES";"UOP01-DEL02-ES"
542692;2023-08-16;"quarta-feira";"11:45:00";"RJ";493;0,5;"ITABORAI";"Ausência de reação do condutor";"Atropelamento de Pedestre";"Com Vítimas Feridas";"Pleno dia";"Decrescente";"Céu Claro";"Simples";"Reta";"Sim";2;0;1;0;1;0;1;2;-22,77062;-42,92223;"SPRF-RJ";"DEL02-RJ";"UOP02-DEL02-RJ"