"id";"data_inversa";"dia_semana";"horario";"uf";"br";"km";"municipio";"causa_acidente";"tipo_acidente";"classificacao_acidente";"fase_dia";"sentido_via";"condicao_metereologica";"tipo_pista";"tracado_via";"uso_solo";"pessoas";"mortos";"feridos_leves";"feridos_graves";"ilesos";"ignorados";"feridos";"veiculos";"latitude";"longitude";"regional";"delegacia";"uop"
542693;2023-08-16;"quarta-feira";"10:30:00";"MA";135;20;"SAO LUIS";"Ausência de reação do condutor";"Colisão transversal";"Com Vítimas Feridas";"Pleno dia";"Crescente";"Céu Claro";"Dupla";"Reta";"Não";2;0;1;0;1;0;1;2;-2,53073;-44,3068;"SPRF-MA";"DEL01-MA";"UOP01-DEL01-MA"
542694;2023-05-24;"quarta-feira";"09:00:00";"RN";101;94,3;"NATAL";"Condutor deixou de manter distância do veículo da frente";"Colisão traseira";"Com Vítimas Feridas";"Pleno dia";"Crescente";"Céu Claro";"Dupla";"Reta";"Sim";3;0;0;1;2;0;1;2;-5,83176615;-35,21191342;"SPRF-RN";"DEL01-RN";"UOP01-DEL01-RN"
542695;2023-05-06;"sábado";"22:20:00";"ES";101;270,1;"SERRA";"Transitar na contramão";"Colisão frontal";"Com Vítimas Feridas";"Plena Noite";"Decrescente";"Nublado";"Dupla";"Reta";"Sim";5;0;1;2;2;0;3;3;-20,21740496;-40,26990578;"SPRF-ES";"DEL02-ES";"UOP01-DEL02-ES"
542698;2023-07-04;"terça-feira";"06:39:00";"RS";386;347;"LAJEADO";"Ausência de reação do condutor";"Colisão transversal";"Com Vítimas Feridas";"Anoitecer";"Crescente";"Ignorado";"Dupla";"Reta";"Sim";2;0;1;0;1;0;1;2;-29,45448996;-51,96052551;"SPRF-RS";"DEL04-RS";"UOP01-DEL04-RS"
542699;2023-08-16;"quarta-feira";"12:10:00";"PB";230;13;"CABEDELO";"Reação tardia ou ineficiente do condutor";"Colisão lateral mesmo sentido";"Com Vítimas Feridas";"Pleno dia";"Decrescente";"Sol";"Dupla";"Reta";"Sim";3;0;1;0;1;1;1;3;-7,09112182;-34,84821731;"SPRF-PB";"DEL01-PB";"UOP01-DEL01-PB"
542700;2023-05-18;"quinta-feira";"18:20:00";"SP";116;229;"SAO PAULO";"Condutor deixou de manter distância do veículo da frente";"Engavetamento";"Com Vítimas Feridas";"Anoitecer";"Decrescente";"Céu Claro";"Dupla";"Reta";"Não";16;0;11;0;4;1;11;4;-23,51291902;-46,57604698;"SPRF-SP";"DEL01-SP";"UOP01-DEL01-SP"
542701;2023-08-13;"domingo";"23:00:00";"RS";386;272;"FONTOURA XAVIER";"Reação tardia ou ineficiente do condutor";"Saída de leito carroçável";"Sem Vítimas";"Plena Noite";"Crescente";"Céu Claro";"Simples";"Reta";"Não";1;0;0;0;1;0;0;1;-28,98914;-52,366314;"SPRF-RS";"DEL04-RS";"UOP03-DEL04-RS"
542702;2023-08-16;"quarta-feira";"10:00:00";"SP";116;284,7;"ITAPECERICA DA SERRA";"Reação tardia ou ineficiente do condutor";"Colisão frontal";"Sem Vítimas";"Pleno dia";"Decrescente";"Céu Claro";"Dupla";"Curva;Viaduto";"Sim";3;0;0;0;3;0;0;3;-23,69998;-46,867767;"SPRF-SP";"DEL04-SP";"UOP01-DEL04-SP"
542709;2023-08-16;"quarta-feira";"12:45:00";"RS";392;26;"RIO GRANDE";"Avarias e/ou desgaste excessivo no pneu";"Queda de ocupante de veículo";"Com Vítimas Feridas";"Pleno dia";"Crescente";"Céu Claro";"Dupla";"Reta";"Sim";2;0;1;0;1;0;1;1;-32,07835445;-52,25665029;"SPRF-RS";"DEL07-RS";"UOP02-DEL07-RS"
542710;2023-08-16;"quarta-feira";"09:15:00";"MS";267;113;"NOVA ANDRADINA";"Demais falhas mecânicas ou elétricas";"Saída de leito carroçável";"Sem Vítimas";"Pleno dia";"Crescente";"Céu Claro";"Simples";"Declive;Reta";"Não";1;0;0;0;1;0;0;1;-21,79758579;-53,15869188;"SPRF-MS";"DEL02-MS";"UOP03-DEL02-MS"
542711;2023-08-16;"quarta-feira";"14:43:00";"SP";116;155;"SAO JOSE DOS CAMPOS";"Ausência de reação do condutor";"Queda de ocupante de veículo";"Com Vítimas Feridas";"Pleno dia";"Crescente";"Céu Claro";"Dupla";"Reta";"Não";1;0;1;0;0;0;1;1;-23,24524337;-45,92772774;"SPRF-SP";"DEL02-SP";"UOP01-DEL02-SP"
542712;2023-08-16;"quarta-feira";"14:50:00";"PE";101;68,6;"RECIFE";"Manobra de mudança de faixa";"Colisão lateral mesmo sentido";"Com Vítimas Feridas";"Pleno dia";"Decrescente";"Céu Claro";"Múltipla";"Interseção de Vias;Reta";"Sim";2;0;1;0;1;0;1;2;-8,05492734;-34,94615793;"SPRF-PE";"DEL01-PE";"UOP01-DEL01-PE"
542713;2023-08-16;"quarta-feira";"14:30:00";"SC";101;149;"ITAPEMA";"Acessar a via sem observar a presença dos outros veículos";"Tombamento";"Com Vítimas Feridas";"Pleno dia";"Decrescente";"Chuva";"Múltipla";"Reta";"Sim";1;0;0;1;0;0;1;1;-27,1089649;-48,61277586;"SPRF-SC";"DEL04-SC";"UOP03-DEL04-SC"
542717;2023-08-16;"quarta-feira";"11:00:00";"SC";280;81,9;"CORUPA";"Conversão proibida";"Colisão traseira";"Sem Vítimas";"Pleno dia";"Decrescente";"Céu Claro";"Simples";"Reta;Em Obras";"Sim";2;0;0;0;2;0;0;2;-26,44057489;-49,217056;"SPRF-SC";"DEL06-SC";"UOP03-DEL06-SC"
542718;2023-08-16;"quarta-feira";"13:58:00";"GO";80;133;"BARRO ALTO";"Pista Escorregadia";"Saída de leito carroçável";"Com Vítimas Feridas";"Pleno dia";"Decrescente";"Céu Claro";"Simples";"Curva";"Sim";2;0;1;0;1;0;1;1;-14,98332313;-48,92599052;"SPRF-GO";"DEL07-GO";"UOP02-DEL07-GO"
542719;2023-08-16;"quarta-feira";"14:00:00";"RJ";116;290;"BARRA MANSA";"Mal súbito do condutor";"Colisão com objeto";"Com Vítimas Feridas";"Pleno dia";"Decrescente";"Nublado";"Dupla";"Aclive;Reta";"Não";4;0;1;0;1;2;1;2;-22,47546917;-44,26675004;"SPRF-RJ";"DEL07-RJ";"UOP02-DEL07-RJ"
542720;2023-04-17;"segunda-feira";"17:00:00";"SP";381;89;"GUARULHOS";"Reação tardia ou ineficiente do condutor";"Queda de ocupante de veículo";"Sem Vítimas";"Pleno dia";"Decrescente";"Chuva";"Múltipla";"Reta";"Não";1;0;0;0;0;1;0;1;-23,48469299;-46,55983288;"SPRF-SP";"DEL03-SP";"UOP01-DEL03-SP"
542723;2023-08-16;"quarta-feira";"15:10:00";"RS";386;157,3;"ALMIRANTE TAMANDARE DO SUL";"Acessar a via sem observar a presença dos outros veículos";"Colisão traseira";"Com Vítimas Feridas";"Pleno dia";"Crescente";"Céu Claro";"Simples";"Aclive;Interseção de Vias;Reta";"Não";7;0;2;1;4;0;3;2;-28,133848;-52,848679;"SPRF-RS";"DEL08-RS";"UOP01-DEL08-RS"
542725;2023-08-16;"quarta-feira";"14:50:00";"BA";324;375;"SAO JOSE DO JACUIPE";"Manobra de mudança de faixa";"Capotamento";"Com Vítimas Feridas";"Pleno dia";"Decrescente";"Nublado";"Simples";"Reta";"Não";1;0;1;0;0;0;1;1;-11,44322238;-39,83693013;"SPRF-BA";"DEL04-BA";"UOP02-DEL04-BA"
542726;2023-08-16;"quarta-feira";"15:00:00";"PE";232;34;"MORENO";"Acessar a via sem observar a presença dos outros veículos";"Colisão transversal";"Com Vítimas Feridas";"Pleno dia";"Crescente";"Sol";"Dupla";"Reta;Viaduto";"Sim";2;0;0;1;1;0;1;2;-8,10702537;-35,18394691;"SPRF-PE";"DEL01-PE";"UOP01-DEL01-PE"
542727;2023-08-16;"quarta-feira";"16:10:00";"RS";116;221;"DOIS IRMAOS";"Acumulo de areia ou detritos sobre o pavimento";"Tombamento";"Com Vítimas Feridas";"Pleno dia";"Decrescente";"Céu Claro";"Simples";"Interseção de Vias;Rotatória;Reta";"Sim";1;0;1;0;0;0;1;1;-29,57244205;-51,09624556;"SPRF-RS";"DEL01-RS";"UOP02-DEL01-RS"
542728;2023-08-16;"quarta-feira";"16:10:00";"PI";316;303,6;"PICOS";"Acessar a via sem observar a presença dos outros veículos";"Colisão transversal";"Com Vítimas Feridas";"Pleno dia";"Crescente";"Sol";"Simples";"Reta";"Sim";3;0;1;1;1;0;2;2;-7,05788693;-41,52443595;"SPRF-PI";"DEL04-PI";"UOP01-DEL04-PI"
542729;2023-08-16;"quarta-feira";"16:45:00";"RS";116;246;"SAO LEOPOLDO";"Manobra de mudança de faixa";"Colisão lateral mesmo sentido";"Com Vítimas Feridas";"Pleno dia";"Decrescente";"Céu Claro";"Dupla";"Reta";"Sim";2;0;1;0;1;0;1;2;-29,758751;-51,15186806;"SPRF-RS";"DEL01-RS";"UOP02-DEL01-RS"
542730;2023-08-16;"quarta-feira";"16:25:00";"RS";116;312;"GUAIBA";"Ausência de reação do condutor";"Colisão frontal";"Com Vítimas Feridas";"Pleno dia";"Crescente";"Céu Claro";"Simples";"Aclive;Reta";"Sim";3;0;1;0;2;0;1;2;-30,21844198;-51,40424588;"SPRF-RS";"DEL02-RS";"UOP01-DEL02-RS"
542732;2023-08-16;"quarta-feira";"15:50:00";"SC";101;136;"BALNEARIO CAMBORIU";"Ausência de reação do condutor";"Queda de ocupante de veículo";"Com Vítimas Feridas";"Pleno dia";"Decrescente";"Céu Claro";"Dupla";"Viaduto;Reta";"Sim";1;0;1;0;0;0;1;1;-27,008113;-48,617245;"SPRF-SC";"DEL04-SC";"UOP03-DEL04-SC"
542733;2023-08-16;"quarta-feira";"17:35:00";"GO";60;106,3;"GOIANAPOLIS";"Entrada inopinada do pedestre";"Atropelamento de Pedestre";"Com Vítimas Fatais";"Pleno dia";"Decrescente";"Céu Claro";"Dupla";"Reta";"Não";2;1;0;0;1;0;0;2;-16,4232;-49,0134;"SPRF-GO";"DEL02-GO";"UOP01-DEL02-GO"
542734;2023-08-16;"quarta-feira";"17:00:00";"BA";116;25,5;"VITORIA DA CONQUISTA";"Acessar a via sem observar a presença dos outros veículos";"Colisão transversal";"Com Vítimas Feridas";"Pleno dia";"Crescente";"Céu Claro";"Simples";"Reta";"Não";2;0;0;1;1;0;1;2;-14,852848;-40,80059;"SPRF-BA";"DEL08-BA";"UOP01-DEL08-BA"
542735;2023-08-16;"quarta-feira";"17:00:00";"PA";316;67;"CASTANHAL";"Ultrapassagem Indevida";"Colisão frontal";"Com Vítimas Feridas";"Pleno dia";"Crescente";"Céu Claro";"Simples";"Reta";"Sim";2;0;2;0;0;0;2;2;-1,2948794;-47,89280703;"SPRF-PA";"DEL01-PA";"UOP01-DEL01-PA"
542737;2023-08-16;"quarta-feira";"18:00:00";"CE";116;1;"FORTALEZA";"Condutor deixou de manter distância do veículo da frente";"Colisão traseira";"Sem Vítimas";"Anoitecer";"Decrescente";"Céu Claro";"Múltipla";"Reta";"Sim";2;0;0;0;2;0;0;2;-3,76159894;-38,51900662;"SPRF-CE";"DEL01-CE";"UOP02-DEL01-CE"
542738;2023-08-16;"quarta-feira";"18:10:00";"CE";116;14;"FORTALEZA";"Reação tardia ou ineficiente do condutor";"Colisão com objeto";"Com Vítimas Feridas";"Anoitecer";"Crescente";"Céu Claro";"Simples";"Reta";"Não";1;0;1;0;0;0;1;1;-3,86973356;-38,49827361;"SPRF-CE";"DEL01-CE";"UOP02-DEL01-CE"
542739;2023-08-16;"quarta-feira";"17:30:00";"MS";262;368,2;"TERENOS";"Acessar a via sem observar a presença dos outros veículos";"Colisão transversal";"Com Vítimas Feridas";"Plena Noite";"Crescente";"Ignorado";"Simples";"Reta";"Sim";2;0;0;1;1;0;1;2;-20,47852447;-54,76010297;"SPRF-MS";"DEL01-MS";"UOP03-DEL01-MS"
542740;2023-08-16;"quarta-feira";"18:28:00";"TO";153;335;"GUARAI";"Acessar a via sem observar a presença dos outros veículos";"Colisão traseira";"Com Vítimas Feridas";"Plena Noite";"Decrescente";"Céu Claro";"Simples";"Reta";"Sim";3;0;2;0;1;0;2;2;-8,84481597;-48,5107318;"SPRF-TO";"DEL02-TO";"UOP02-DEL02-TO"
542741;2023-08-16;"quarta-feira";"12:45:00";"MG";40;603,7;"CONGONHAS";"Velocidade Incompatível";"Saída de leito carroçável";"Com Vítimas Feridas";"Pleno dia";"Crescente";"Nublado";"Simples";"Declive;Curva";"Não";2;0;1;1;0;0;2;1;-20,45365401;-43,8396775;"SPRF-MG";"DEL05-MG";"UOP02-DEL05-MG"
542742;2023-08-16;"quarta-feira";"02:30:00";"PI";316;35,9;"DEMERVAL LOBAO";"Condutor Dormindo";"Saída de leito carroçável";"Com Vítimas Feridas";"Plena Noite";"Crescente";"Ignorado";"Simples";"Curva";"Não";1;0;1;0;0;0;1;1;-5,37513794;-42,67077569;"SPRF-PI";"DEL01-PI";"UOP02-DEL01-PI"
542745;2023-08-16;"quarta-feira";"18:21:00";"TO";10;463;"PALMAS";"Acessar a via sem observar a presença dos outros veículos";"Colisão lateral mesmo sentido";"Com Vítimas Feridas";"Anoitecer";"Decrescente";"Céu Claro";"Dupla";"Reta";"Sim";3;0;1;1;1;0;2;2;-10,15618788;-48,16564032;"SPRF-TO";"DEL01-TO";"UOP03-DEL01-TO"
542746;2023-08-16;"quarta-feira";"08:20:00";"PI";343;593,8;"FLORIANO";"Acessar a via sem observar a presença dos outros veículos";"Colisão traseira";"Com Vítimas Feridas";"Pleno dia";"Crescente";"Céu Claro";"Simples";"Aclive;Reta";"Sim";3;0;2;0;0;1;2;3;-6,781913;-43,038273;"SPRF-PI";"DEL03-PI";"UOP01-DEL03-PI"
542747;2023-08-16;"quarta-feira";"16:45:00";"RJ";116;176;"SAO JOAO DE MERITI";"Trafegar com motocicleta (ou similar) entre as faixas";"Colisão lateral mesmo sentido";"Com Vítimas Feridas";"Pleno dia";"Crescente";"Céu Claro";"Múltipla";"Reta";"Sim";3;0;1;0;2;0;1;3;-22,7839538;-43,38195488;"SPRF-RJ";"DEL01-RJ";"UOP02-DEL01-RJ"
542748;2023-08-16;"quarta-feira";"19:25:00";"ES";101;146;"LINHARES";"Acessar a via sem observar a presença dos outros veículos";"Colisão transversal";"Com Vítimas Feridas";"Plena Noite";"Crescente";"Nublado";"Múltipla";"Reta;Retorno Regulamentado";"Sim";2;0;0;1;1;0;1;2;-19,36990998;-40,06560718;"SPRF-ES";"DEL04-ES";"UOP01-DEL04-ES"
542749;2023-08-16;"quarta-feira";"18:50:00";"PR";277;584,4;"CASCAVEL";"Manobra de mudança de faixa";"Colisão lateral mesmo sentido";"Com Vítimas Feridas";"Plena Noite";"Crescente";"Nublado";"Múltipla";"Curva";"Não";3;0;0;1;2;0;1;2;-24,96684176;-53,40258186;"SPRF-PR";"DEL04-PR";"UOP01-DEL04-PR"
542750;2023-08-16;"quarta-feira";"16:09:00";"PR";116;106;"SAO JOSE DOS PINHAIS";"Trafegar com motocicleta (ou similar) entre as faixas";"Colisão lateral mesmo sentido";"Com Vítimas Feridas";"Plena Noite";"Crescente";"Céu Claro";"Dupla";"Reta";"Sim";2;0;1;0;1;0;1;2;-25,56830653;-49,17799791;"SPRF-PR";"DEL01-PR";"UOP07-DEL01-PR"
542753;2023-08-16;"quarta-feira";"19:15:00";"RN";304;46,8;"MOSSORO";"Acumulo de areia ou detritos sobre o pavimento";"Tombamento";"Com Vítimas Feridas";"Plena Noite";"Decrescente";"Céu Claro";"Dupla";"Interseção de Vias";"Sim";2;0;2;0;0;0;2;1;-5,22597224;-37,33086797;"SPRF-RN";"DEL04-RN";"UOP01-DEL04-RN"
542756;2023-08-16;"quarta-feira";"15:20:00";"MA";316;582;"CAXIAS";"Velocidade Incompatível";"Colisão frontal";"Com Vítimas Fatais";"Pleno dia";"Crescente";"Céu Claro";"Simples";"Reta";"Sim";4;1;1;0;2;0;1;2;-4,973422;-43,106636;"SPRF-MA";"DEL03-MA";"UOP02-DEL03-MA"
542758;2023-08-16;"quarta-feira";"19:15:00";"MA";10;154;"PORTO FRANCO";"Ingestão de álcool pelo condutor";"Saída de leito carroçável";"Sem Vítimas";"Plena Noite";"Crescente";"Céu Claro";"Simples";"Reta";"Não";2;0;0;0;2;0;0;1;-6,373761;-47,380894;"SPRF-MA";"DEL04-MA";"UOP02-DEL04-MA"
542759;2023-08-16;"quarta-feira";"18:20:00";"BA";101;348,2;"WENCESLAU GUIMARAES";"Pedestre andava na pista";"Atropelamento de Pedestre";"Com Vítimas Feridas";"Plena Noite";"Decrescente";"Céu Claro";"Simples";"Reta";"Sim";2;0;0;1;0;1;1;2;-13,72913201;-39,47790091;"SPRF-BA";"DEL05-BA";"UOP03-DEL05-BA"
542760;2023-08-16;"quarta-feira";"19:00:00";"SC";101;111,1;"NAVEGANTES";"Conversão proibida";"Colisão transversal";"Com Vítimas Fatais";"Plena Noite";"Crescente";"Céu Claro";"Múltipla";"Curva;Interseção de Vias";"Sim";3;1;0;0;1;1;0;3;-26,8401293;-48,7149136;"SPRF-SC";"DEL04-SC";"UOP04-DEL04-SC"
542761;2023-08-16;"quarta-feira";"20:20:00";"SC";101;196,8;"BIGUACU";"Mal súbito do condutor";"Queda de ocupante de veículo";"Com Vítimas Feridas";"Plena Noite";"Decrescente";"Céu Claro";"Dupla";"Reta";"Não";1;0;1;0;0;0;1;1;-27,51101091;-48,64322292;"SPRF-SC";"DEL01-SC";"UOP01-DEL01-SC"
542762;2023-08-16;"quarta-feira";"20:30:00";"PA";316;55,5;"CASTANHAL";"Demais falhas mecânicas ou elétricas";"Incêndio";"Sem Vítimas";"Plena Noite";"Decrescente";"Nublado";"Dupla";"Reta";"Não";1;0;0;0;1;0;0;1;-1,30561339;-47,99919919;"SPRF-PA";"DEL01-PA";"UOP01-DEL01-PA"
542764;2023-08-16;"quarta-feira";"20:00:00";"MG";40;527;"CONTAGEM";"Ausência de reação do condutor";"Saída de leito carroçável";"Com Vítimas Feridas";"Plena Noite";"Crescente";"Céu Claro";"Dupla";"Reta";"Sim";1;0;1;0;0;0;1;1;-19,90149502;-44,04938939;"SPRF-MG";"DEL01-MG";"UOP02-DEL01-MG"
542765;2023-08-16;"quarta-feira";"20:40:00";"SC";101;194,7;"BIGUACU";"Acessar a via sem observar a presença dos outros veículos";"Colisão transversal";"Com Vítimas Feridas";"Plena Noite";"Decrescente";"Céu Claro";"Dupla";"Interseção de Vias";"Sim";2;0;1;0;1;0;1;2;-27,49815117;-48,65661236;"SPRF-SC";"DEL01-SC";"UOP01-DEL01-SC"
542766;2023-08-16;"quarta-feira";"18:50:00";"PR";369;57,6;"BANDEIRANTES";"Manobra de mudança de faixa";"Colisão lateral mesmo sentido";"Com Vítimas Feridas";"Plena Noite";"Crescente";"Céu Claro";"Simples";"Aclive;Interseção de Vias;Reta";"Sim";2;0;1;0;0;1;1;2;-23,11651075;-50,37366629;"SPRF-PR";"DEL07-PR";"UOP05-DEL07-PR"
542767;2023-08-16;"quarta-feira";"19:30:00";"PR";369;56,7;"BANDEIRANTES";"Ingestão de álcool e/ou substâncias psicoativas pelo pedestre";"Atropelamento de Pedestre";"Com Vítimas Feridas";"Pleno dia";"Decrescente";"Céu Claro";"Simples";"Curva";"Sim";2;0;0;2;0;0;2;2;-23,113166;-50,372734;"SPRF-PR";"DEL07-PR";"UOP05-DEL07-PR"
542768;2023-08-16;"quarta-feira";"19:45:00";"SC";280;27,5;"ARAQUARI";"Reação tardia ou ineficiente do condutor";"Colisão frontal";"Com Vítimas Feridas";"Plena Noite";"Decrescente";"Nublado";"Simples";"Reta";"Sim";2;0;1;0;1;0;1;2;-26,39685622;-48,74021969;"SPRF-SC";"DEL03-SC";"UOP03-DEL03-SC"
542769;2023-08-16;"quarta-feira";"19:45:00";"PR";476;183,3;"LAPA";"Ultrapassagem Indevida";"Colisão frontal";"Com Vítimas Feridas";"Plena Noite";"Crescente";"Nublado";"Simples";"Reta";"Não";3;0;0;3;0;0;3;2;-25,7138011;-49,626508;"SPRF-PR";"DEL01-PR";"UOP06-DEL01-PR"
542773;2023-08-16;"quarta-feira";"19:00:00";"PB";104;143,5;"QUEIMADAS";"Reação tardia ou ineficiente do condutor";"Atropelamento de Animal";"Com Vítimas Feridas";"Plena Noite";"Decrescente";"Céu Claro";"Simples";"Reta";"Não";1;0;0;1;0;0;1;1;-7,40477903;-35,89667929;"SPRF-PB";"DEL02-PB";"UOP03-DEL02-PB"
542774;2023-08-16;"quarta-feira";"16:15:00";"RJ";40;102;"DUQUE DE CAXIAS";"Acessar a via sem observar a presença dos outros veículos";"Atropelamento de Pedestre";"Com Vítimas Feridas";"Pleno dia";"Crescente";"Céu Claro";"Múltipla";"Reta";"Não";3;0;1;0;0;2;1;3;-22,61089109;-43,28675508;"SPRF-RJ";"DEL01-RJ";"UOP01-DEL01-RJ"
542775;2023-08-16;"quarta-feira";"19:30:00";"DF";40;0;"BRASILIA";"Animais na Pista";"Atropelamento de Animal";"Com Vítimas Feridas";"Plena Noite";"Decrescente";"Céu Claro";"Dupla";"Reta";"Não";1;0;0;1;0;0;1;1;-15,976897;-47,990129;"SPRF-DF";"DEL01-DF";"UOP01-DEL01-DF"
542776;2023-08-16;"quarta-feira";"21:50:00";"SE";235;3,3;"NOSSA SENHORA DO SOCORRO";"Demais falhas na via";"Tombamento";"Com Vítimas Feridas";"Plena Noite";"Crescente";"Garoa/Chuvisco";"Dupla";"Curva;Em Obras";"Sim";1;0;1;0;0;0;1;1;-10,9059;-37,111;"SPRF-SE";"DEL01-SE";"UOP01-DEL01-SE"
542778;2023-08-16;"quarta-feira";"21:20:00";"SC";470;94,9;"APIUNA";"Acessar a via sem observar a presença dos outros veículos";"Colisão transversal";"Com Vítimas Feridas";"Plena Noite";"Crescente";"Céu Claro";"Simples";"Reta";"Não";2;0;0;1;1;0;1;2;-27,003345;-49,374668;"SPRF-SC";"DEL04-SC";"UOP01-DEL04-SC"
542779;2023-08-16;"quarta-feira";"19:10:00";"RS";448;16;"CANOAS";"Reação tardia ou ineficiente do condutor";"Tombamento";"Com Vítimas Feridas";"Plena Noite";"Decrescente";"Céu Claro";"Múltipla";"Reta";"Não";1;0;1;0;0;0;1;1;-29,93223;-51,211967;"SPRF-RS";"DEL01-RS";"UOP01-DEL01-RS"
542780;2023-08-16;"quarta-feira";"21:10:00";"PR";277;70;"SAO JOSE DOS PINHAIS";"Entrada inopinada do pedestre";"Atropelamento de Pedestre";"Com Vítimas Fatais";"Plena Noite";"Crescente";"Nublado";"Múltipla";"Reta";"Sim";4;1;0;0;2;1;0;2;-25,513882;-49,122769;"SPRF-PR";"DEL01-PR";"UOP01-DEL01-PR"
542783;2023-08-16;"quarta-feira";"22:20:00";"PR";116;95;"SAO JOSE DOS PINHAIS";"Acessar a via sem observar a presença dos outros veículos";"Colisão transversal";"Com Vítimas Feridas";"Plena Noite";"Decrescente";"Nevoeiro/Neblina";"Dupla";"Reta;Em Obras";"Não";3;0;1;0;1;1;1;3;-25,49693272;-49,11732495;"SPRF-PR";"DEL01-PR";"UOP07-DEL01-PR"
542786;2023-08-16;"quarta-feira";"23:15:00";"SE";235;3,4;"NOSSA SENHORA DO SOCORRO";"Demais falhas na via";"Queda de ocupante de veículo";"Com Vítimas Feridas";"Plena Noite";"Crescente";"Céu Claro";"Dupla";"Reta";"Sim";2;0;2;0;0;0;2;1;-10,9059;-37,111;"SPRF-SE";"DEL01-SE";"UOP01-DEL01-SE"
542788;2023-08-16;"quarta-feira";"22:00:00";"BA";415;23;"ILHEUS";"Acessar a via sem observar a presença dos outros veículos";"Colisão frontal";"Com Vítimas Feridas";"Plena Noite";"Crescente";"Nublado";"Simples";"Reta";"Sim";2;0;1;0;1;0;1;2;-14,79902897;-39,17251652;"SPRF-BA";"DEL05-BA";"UOP01-DEL05-BA"
542789;2023-08-16;"quarta-feira";"22:50:00";"SC";280;128;"RIO NEGRINHO";"Desrespeitar a preferência no cruzamento";"Colisão frontal";"Com Vítimas Feridas";"Plena Noite";"Crescente";"Nevoeiro/Neblina";"Simples";"Curva;Interseção de Vias";"Sim";2;0;0;1;1;0;1;2;-26,25152147;-49,5270431;"SPRF-SC";"DEL06-SC";"UOP03-DEL06-SC"
542790;2023-08-16;"quarta-feira";"19:00:00";"RR";432;88,9;"CANTA";"Transitar na contramão";"Colisão frontal";"Com Vítimas Fatais";"Plena Noite";"Crescente";"Céu Claro";"Simples";"Reta";"Não";2;1;0;0;1;0;0;2;1,87744983;-60,5882283;"SPRF-RR";"DEL01-RR";"UOP01-DEL01-RR"
542794;2023-08-16;"quarta-feira";"23:30:00";"RJ";493;19,6;"MAGE";"Ausência de reação do condutor";"Colisão frontal";"Com Vítimas Feridas";"Plena Noite";"Decrescente";"Nublado";"Simples";"Reta";"Sim";2;0;0;1;0;1;1;2;-22,6663848;-43,02770248;"SPRF-RJ";"DEL04-RJ";"UOP02-DEL04-RJ"
542795;2023-08-16;"quarta-feira";"23:49:00";"PB";101;78;"SANTA RITA";"Ingestão de álcool pelo condutor";"Colisão traseira";"Sem Vítimas";"Plena Noite";"Crescente";"Chuva";"Dupla";"Curva;Declive";"Não";2;0;0;0;2;0;0;2;-7,10808295;-34,96293885;"SPRF-PB";"DEL01-PB";"UOP04-DEL01-PB"
542797;2023-08-17;"quinta-feira";"00:30:00";"MS";163;615;"SAO GABRIEL DO OESTE";"Velocidade Incompatível";"Saída de leito carroçável";"Sem Vítimas";"Plena Noite";"Crescente";"Céu Claro";"Simples";"Reta";"Sim";1;0;0;0;1;0;0;1;-19,39850778;-54,56579964;"SPRF-MS";"DEL06-MS";"UOP02-DEL06-MS"
542798;2023-08-17;"quinta-feira";"00:50:00";"RJ";116;141;"DUQUE DE CAXIAS";"Reação tardia ou ineficiente do condutor";"Tombamento";"Com Vítimas Feridas";"Plena Noite";"Decrescente";"Céu Claro";"Dupla";"Reta";"Não";1;0;1;0;0;0;1;1;-22,64724486;-43,22083001;"SPRF-RJ";"DEL01-RJ";"UOP01-DEL01-RJ"
542800;2023-08-09;"quarta-feira";"22:30:00";"SP";116;220;"GUARULHOS";"Trafegar com motocicleta (ou similar) entre as faixas";"Colisão lateral mesmo sentido";"Sem Vítimas";"Plena Noite";"Decrescente";"Céu Claro";"Múltipla";"Reta";"Não";2;0;0;0;2;0;0;2;-23,46472809;-46,49793962;"SPRF-SP";"DEL01-SP";"UOP01-DEL01-SP"
542801;2023-08-17;"quinta-feira";"04:40:00";"SP";116;456;"REGISTRO";"Ingestão de álcool pelo condutor";"Saída de leito carroçável";"Sem Vítimas";"Plena Noite";"Crescente";"Nublado";"Dupla";"Reta";"Não";1;0;0;0;1;0;0;1;-24,56168114;-47,86752174;"SPRF-SP";"DEL05-SP";"UOP01-DEL05-SP"
542802;2023-08-17;"quinta-feira";"04:50:00";"GO";40;1,7;"VALPARAISO DE GOIAS";"Ausência de reação do condutor";"Capotamento";"Sem Vítimas";"Amanhecer";"Decrescente";"Céu Claro";"Dupla";"Reta";"Sim";1;0;0;0;0;1;0;1;-16,058245;-47,982825;"SPRF-DF";"DEL01-DF";"UOP01-DEL01-DF"
542803;2023-08-17;"quinta-feira";"04:30:00";"RJ";116;308,8;"RESENDE";"Animais na Pista";"Colisão com objeto";"Sem Vítimas";"Amanhecer";"Crescente";"Céu Claro";"Simples";"Reta";"Não";2;0;0;0;2;0;0;2;-22,45783299;-44,418685;"SPRF-RJ";"DEL07-RJ";"UOP02-DEL07-RJ"