"id";"data_inversa";"dia_semana";"horario";"uf";"br";"km";"municipio";"causa_acidente";"tipo_acidente";"classificacao_acidente";"fase_dia";"sentido_via";"condicao_metereologica";"tipo_pista";"tracado_via";"uso_solo";"pessoas";"mortos";"feridos_leves";"feridos_graves";"ilesos";"ignorados";"feridos";"veiculos";"latitude";"longitude";"regional";"delegacia";"uop"
542942;2023-08-17;"quinta-feira";"20:40:00";"SC";101;90,1;"BARRA VELHA";"Velocidade Incompatível";"Saída de leito carroçável";"Com Vítimas Feridas";"Plena Noite";"Decrescente";"Céu Claro";"Dupla";"Interseção de Vias;Reta";"Sim";1;0;1;0;0;0;1;1;-26,66148503;-48,68866176;"SPRF-SC";"DEL03-SC";"UOP02-DEL03-SC"
542944;2023-08-17;"quinta-feira";"21:50:00";"MG";40;513,3;"RIBEIRAO DAS NEVES";"Demais falhas mecânicas ou elétricas";"Incêndio";"Sem Vítimas";"Plena Noite";"Crescente";"Nublado";"Dupla";"Reta";"Sim";1;0;0;0;1;0;0;1;-19,7970544;-44,1080512;"SPRF-MG";"DEL01-MG";"UOP02-DEL01-MG"
542945;2023-08-17;"quinta-feira";"21:22:00";"GO";40;11;"LUZIANIA";"Velocidade Incompatível";"Atropelamento de Pedestre";"Com Vítimas Feridas";"Plena Noite";"Crescente";"Ignorado";"Dupla";"Reta";"Sim";2;0;0;2;0;0;2;2;-16,138336;-47,951644;"SPRF-DF";"DEL01-DF";"UOP01-DEL01-DF"
542946;2023-08-17;"quinta-feira";"13:52:00";"RJ";101;206;"CASIMIRO DE ABREU";"Ultrapassagem Indevida";"Colisão transversal";"Com Vítimas Feridas";"Pleno dia";"Decrescente";"Céu Claro";"Simples";"Interseção de Vias";"Sim";2;0;1;0;1;0;1;2;-22,47673341;-42,2017251;"SPRF-RJ";"DEL08-RJ";"UOP04-DEL08-RJ"
542947;2023-08-17;"quinta-feira";"18:30:00";"MA";230;316;"SAO RAIMUNDO DAS MANGABEIRAS";"Animais na Pista";"Atropelamento de Animal";"Com Vítimas Feridas";"Plena Noite";"Crescente";"Céu Claro";"Simples";"Reta";"Sim";1;0;0;1;0;0;1;1;-7,029108;-45,491777;"SPRF-MA";"DEL05-MA";"UOP01-DEL05-MA"
542948;2023-08-17;"quinta-feira";"17:03:00";"MT";163;750;"SORRISO";"Condutor deixou de manter distância do veículo da frente";"Colisão traseira";"Com Vítimas Feridas";"Pleno dia";"Decrescente";"Céu Claro";"Dupla";"Retorno Regulamentado";"Sim";2;0;1;0;1;0;1;2;-12,5928893;-55,74263334;"SPRF-MT";"DEL06-MT";"UOP01-DEL06-MT"
542949;2023-08-17;"quinta-feira";"20:30:00";"PR";476;286,5;"SAO MATEUS DO SUL";"Acessar a via sem observar a presença dos outros veículos";"Colisão lateral mesmo sentido";"Com Vítimas Feridas";"Plena Noite";"Crescente";"Céu Claro";"Simples";"Reta";"Não";5;0;3;0;1;1;3;3;-25,907349;-50,444057;"SPRF-PR";"DEL02-PR";"UOP03-DEL02-PR"
542951;2023-08-06;"domingo";"12:30:00";"RJ";116;186;"NOVA IGUACU";"Ausência de reação do condutor";"Colisão traseira";"Com Vítimas Feridas";"Pleno dia";"Decrescente";"Céu Claro";"Dupla";"Reta";"Sim";4;0;1;0;3;0;1;2;-22,73962339;-43,46276495;"SPRF-RJ";"DEL01-RJ";"UOP02-DEL01-RJ"
542953;2023-08-17;"quinta-feira";"21:45:00";"RJ";40;71;"PETROPOLIS";"Condutor Dormindo";"Saída de leito carroçável";"Com Vítimas Feridas";"Plena Noite";"Crescente";"Céu Claro";"Simples";"Reta";"Não";1;0;0;1;0;0;1;1;-22,45304974;-43,20832411;"SPRF-RJ";"DEL06-RJ";"UOP01-DEL06-RJ"
542954;2023-08-17;"quinta-feira";"22:35:00";"RS";290;580;"ALEGRETE";"Reação tardia ou ineficiente do condutor";"Saída de leito carroçável";"Sem Vítimas";"Plena Noite";"Crescente";"Céu Claro";"Simples";"Interseção de Vias;Reta";"Sim";4;0;0;0;4;0;0;1;-29,804993;-55,777481;"SPRF-RS";"DEL13-RS";"UOP02-DEL13-RS"
542955;2023-08-17;"quinta-feira";"12:20:00";"SC";101;202,2;"SAO JOSE";"Condutor deixou de manter distância do veículo da frente";"Colisão traseira";"Com Vítimas Feridas";"Pleno dia";"Decrescente";"Céu Claro";"Múltipla";"Reta";"Sim";2;0;1;0;1;0;1;2;-27,55711595;-48,61897889;"SPRF-SC";"DEL01-SC";"UOP01-DEL01-SC"
542956;2023-08-17;"quinta-feira";"23:00:00";"PR";369;507;"CASCAVEL";"Velocidade Incompatível";"Engavetamento";"Com Vítimas Feridas";"Plena Noite";"Crescente";"Céu Claro";"Simples";"Reta;Interseção de Vias;Declive";"Não";11;0;5;0;6;0;5;3;-24,8386;-53,3091;"SPRF-PR";"DEL04-PR";"UOP03-DEL04-PR"
542957;2023-08-18;"sexta-feira";"01:10:00";"PR";376;251,9;"APUCARANA";"Reação tardia ou ineficiente do condutor";"Incêndio";"Sem Vítimas";"Plena Noite";"Decrescente";"Céu Claro";"Dupla";"Curva";"Não";1;0;0;0;0;1;0;1;-23,650385;-51,37400796;"SPRF-PR";"DEL07-PR";"UOP03-DEL07-PR"
542958;2023-08-18;"sexta-feira";"01:50:00";"TO";153;570;"SANTA RITA DO TOCANTINS";"Ausência de reação do condutor";"Saída de leito carroçável";"Com Vítimas Fatais";"Plena Noite";"Crescente";"Céu Claro";"Simples";"Reta";"Não";2;1;0;1;0;0;1;1;-10,82855598;-48,90383333;"SPRF-TO";"DEL01-TO";"UOP01-DEL01-TO"
542961;2023-08-18;"sexta-feira";"03:10:00";"RS";470;171;"VERANOPOLIS";"Objeto estático sobre o leito carroçável";"Colisão com objeto";"Com Vítimas Feridas";"Plena Noite";"Crescente";"Céu Claro";"Simples";"Reta";"Não";2;0;2;0;0;0;2;1;-28,88090703;-51,5484283;"SPRF-RS";"DEL06-RS";"UOP02-DEL06-RS"
542963;2023-08-17;"quinta-feira";"17:50:00";"RS";470;158;"NOVA PRATA";"Acessar a via sem observar a presença dos outros veículos";"Colisão transversal";"Com Vítimas Feridas";"Anoitecer";"Decrescente";"Céu Claro";"Simples";"Interseção de Vias;Rotatória;Reta";"Sim";2;0;1;0;1;0;1;2;-28,80148491;-51,6098578;"SPRF-RS";"DEL06-RS";"UOP02-DEL06-RS"
542964;2023-08-18;"sexta-feira";"05:50:00";"GO";153;493;"GOIANIA";"Demais falhas mecânicas ou elétricas";"Incêndio";"Sem Vítimas";"Amanhecer";"Decrescente";"Céu Claro";"Dupla";"Aclive;Reta";"Sim";1;0;0;0;1;0;0;1;-16,6537;-49,2172;"SPRF-GO";"DEL01-GO";"UOP01-DEL01-GO"
542966;2023-08-18;"sexta-feira";"05:30:00";"DF";40;4;"BRASILIA";"Ingestão de álcool pelo condutor";"Colisão com objeto";"Com Vítimas Feridas";"Amanhecer";"Decrescente";"Céu Claro";"Dupla";"Reta";"Sim";1;0;1;0;0;0;1;1;-16,01425975;-47,98182249;"SPRF-DF";"DEL01-DF";"UOP01-DEL01-DF"
542967;2023-08-18;"sexta-feira";"05:00:00";"RS";290;341,4;"SAO SEPE";"Animais na Pista";"Atropelamento de Animal";"Com Vítimas Feridas";"Plena Noite";"Decrescente";"Nublado";"Simples";"Reta";"Não";5;0;2;0;3;0;2;1;-30,374334;-53,588898;"SPRF-RS";"DEL09-RS";"UOP02-DEL09-RS"
542968;2023-08-18;"sexta-feira";"05:25:00";"PI";343;306,2;"ALTOS";"Reação tardia ou ineficiente do condutor";"Colisão lateral mesmo sentido";"Com Vítimas Feridas";"Amanhecer";"Crescente";"Céu Claro";"Simples";"Curva";"Sim";2;0;0;1;1;0;1;2;-5,038756;-42,450893;"SPRF-PI";"DEL01-PI";"UOP01-DEL01-PI"
542970;2023-08-18;"sexta-feira";"06:35:00";"SP";116;227;"SAO PAULO";"Manobra de mudança de faixa";"Colisão lateral mesmo sentido";"Com Vítimas Feridas";"Pleno dia";"Crescente";"Céu Claro";"Múltipla";"Reta";"Não";2;0;1;0;0;1;1;2;-23,49659264;-46,55648754;"SPRF-SP";"DEL01-SP";"UOP01-DEL01-SP"
542972;2023-08-18;"sexta-feira";"06:30:00";"RS";290;69;"GRAVATAI";"Ausência de reação do condutor";"Colisão traseira";"Com Vítimas Feridas";"Amanhecer";"Crescente";"Céu Claro";"Dupla";"Reta";"Sim";4;0;3;0;1;0;3;2;-29,944933;-50,946438;"SPRF-RS";"DEL03-RS";"UOP01-DEL03-RS"
542974;2023-08-18;"sexta-feira";"07:00:00";"GO";153;529,8;"HIDROLANDIA";"Acumulo de areia ou detritos sobre o pavimento";"Colisão lateral mesmo sentido";"Sem Vítimas";"Pleno dia";"Decrescente";"Sol";"Dupla";"Reta";"Sim";2;0;0;0;2;0;0;2;-16,9603;-49,2384;"SPRF-GO";"DEL01-GO";"UOP03-DEL01-GO"
542975;2023-08-18;"sexta-feira";"06:40:00";"SC";101;201;"SAO JOSE";"Acessar a via sem observar a presença dos outros veículos";"Colisão lateral mesmo sentido";"Com Vítimas Feridas";"Pleno dia";"Crescente";"Céu Claro";"Dupla";"Interseção de Vias;Reta";"Sim";4;0;1;0;3;0;1;2;-27,54836599;-48,61977975;"SPRF-SC";"DEL01-SC";"UOP01-DEL01-SC"
542976;2023-08-18;"sexta-feira";"06:15:00";"SC";101;211,1;"PALHOCA";"Ingestão de álcool pelo condutor";"Colisão traseira";"Com Vítimas Feridas";"Amanhecer";"Crescente";"Céu Claro";"Dupla";"Reta";"Sim";3;0;3;0;0;0;3;3;-27,62329313;-48,65245588;"SPRF-SC";"DEL01-SC";"UOP02-DEL01-SC"
542977;2023-08-18;"sexta-feira";"06:40:00";"RJ";116;171;"RIO DE JANEIRO";"Reação tardia ou ineficiente do condutor";"Queda de ocupante de veículo";"Com Vítimas Feridas";"Pleno dia";"Decrescente";"Céu Claro";"Dupla";"Reta";"Não";1;0;1;0;0;0;1;1;-22,8060415;-43,34289573;"SPRF-RJ";"DEL01-RJ";"UOP02-DEL01-RJ"
542978;2023-08-18;"sexta-feira";"06:30:00";"MG";116;634;"DIVINO";"Ausência de reação do condutor";"Saída de leito carroçável";"Com Vítimas Feridas";"Pleno dia";"Crescente";"Céu Claro";"Simples";"Reta";"Não";1;0;1;0;0;0;1;1;-20,61516;-42,217882;"SPRF-MG";"DEL07-MG";"UOP02-DEL07-MG"
542979;2023-08-18;"sexta-feira";"07:08:00";"RS";392;346,5;"SANTA MARIA";"Acesso irregular";"Colisão transversal";"Com Vítimas Feridas";"Amanhecer";"Crescente";"Chuva";"Simples";"Reta";"Sim";3;0;0;1;2;0;1;2;-29,769868;-53,78433605;"SPRF-RS";"DEL09-RS";"UOP01-DEL09-RS"
542980;2023-08-18;"sexta-feira";"05:50:00";"SP";116;147;"SAO JOSE DOS CAMPOS";"Ausência de reação do condutor";"Colisão com objeto";"Sem Vítimas";"Amanhecer";"Crescente";"Céu Claro";"Dupla";"Reta";"Não";1;0;0;0;1;0;0;1;-23,19542994;-45,87176303;"SPRF-SP";"DEL02-SP";"UOP01-DEL02-SP"
542981;2023-08-18;"sexta-feira";"07:05:00";"MG";116;684,5;"MURIAE";"Acesso irregular";"Colisão lateral mesmo sentido";"Com Vítimas Feridas";"Pleno dia";"Crescente";"Céu Claro";"Simples";"Reta";"Não";2;0;1;0;1;0;1;2;-20,97323599;-42,35516386;"SPRF-MG";"DEL07-MG";"UOP02-DEL07-MG"
542982;2023-08-18;"sexta-feira";"07:30:00";"PR";369;199;"APUCARANA";"Velocidade Incompatível";"Colisão traseira";"Com Vítimas Feridas";"Pleno dia";"Crescente";"Sol";"Dupla";"Declive;Reta";"Não";3;0;1;0;2;0;1;2;-23,52155618;-51,43795252;"SPRF-PR";"DEL07-PR";"UOP03-DEL07-PR"
542983;2023-08-18;"sexta-feira";"05:50:00";"BA";407;0,7;"JUAZEIRO";"Ingestão de álcool pelo condutor";"Colisão frontal";"Sem Vítimas";"Pleno dia";"Decrescente";"Céu Claro";"Simples";"Reta";"Sim";2;0;0;0;2;0;0;2;-9,41208;-40,506008;"SPRF-PE";"DEL06-PE";"UOP01-DEL06-PE"
542984;2023-08-18;"sexta-feira";"07:30:00";"GO";20;11;"FORMOSA";"Acessar a via sem observar a presença dos outros veículos";"Colisão transversal";"Com Vítimas Feridas";"Pleno dia";"Crescente";"Sol";"Simples";"Reta";"Não";3;0;2;0;1;0;2;2;-15,562011;-47,257778;"SPRF-DF";"DEL02-DF";"UOP02-DEL02-DF"
542986;2023-08-18;"sexta-feira";"07:00:00";"ES";101;396;"RIO NOVO DO SUL";"Desrespeitar a preferência no cruzamento";"Colisão transversal";"Com Vítimas Feridas";"Pleno dia";"Crescente";"Céu Claro";"Simples";"Interseção de Vias";"Sim";3;0;2;1;0;0;3;2;-20,868874;-40,94103;"SPRF-ES";"DEL03-ES";"UOP02-DEL03-ES"
542987;2023-08-18;"sexta-feira";"07:15:00";"PR";116;115;"CURITIBA";"Reação tardia ou ineficiente do condutor";"Colisão traseira";"Com Vítimas Feridas";"Pleno dia";"Decrescente";"Sol";"Dupla";"Reta;Viaduto";"Sim";3;0;0;1;2;0;1;2;-25,54396807;-49,30313766;"SPRF-PR";"DEL01-PR";"UOP07-DEL01-PR"
542988;2023-08-18;"sexta-feira";"08:00:00";"SP";116;224;"GUARULHOS";"Trafegar com motocicleta (ou similar) entre as faixas";"Queda de ocupante de veículo";"Com Vítimas Feridas";"Pleno dia";"Crescente";"Céu Claro";"Múltipla";"Reta";"Não";1;0;1;0;0;0;1;1;-23,48071896;-46,53271603;"SPRF-SP";"DEL01-SP";"UOP01-DEL01-SP"
542989;2023-08-18;"sexta-feira";"07:55:00";"ES";101;266,9;"SERRA";"Ausência de reação do condutor";"Queda de ocupante de veículo";"Com Vítimas Feridas";"Pleno dia";"Crescente";"Céu Claro";"Dupla";"Reta";"Sim";1;0;1;0;0;0;1;1;-20,190199;-40,26828891;"SPRF-ES";"DEL02-ES";"UOP01-DEL02-ES"
542991;2023-08-18;"sexta-feira";"07:10:00";"RJ";40;46;"PETROPOLIS";"Demais falhas mecânicas ou elétricas";"Tombamento";"Com Vítimas Feridas";"Pleno dia";"Crescente";"Céu Claro";"Dupla";"Reta";"Não";2;0;2;0;0;0;2;1;-22,28561813;-43,12096273;"SPRF-RJ";"DEL05-RJ";"UOP02-DEL05-RJ"
542993;2023-08-18;"sexta-feira";"07:20:00";"GO";153;504;"APARECIDA DE GOIANIA";"Manobra de mudança de faixa";"Colisão lateral mesmo sentido";"Sem Vítimas";"Pleno dia";"Decrescente";"Céu Claro";"Dupla";"Reta";"Não";3;0;0;0;1;2;0;2;-16,7451;-49,2408;"SPRF-GO";"DEL01-GO";"UOP01-DEL01-GO"
542994;2023-08-18;"sexta-feira";"06:50:00";"RN";110;47,6;"MOSSORO";"Manobra de mudança de faixa";"Colisão frontal";"Com Vítimas Feridas";"Pleno dia";"Decrescente";"Céu Claro";"Simples";"Declive";"Sim";3;0;2;0;0;1;2;3;-5,20338376;-37,32563418;"SPRF-RN";"DEL04-RN";"UOP01-DEL04-RN"
542995;2023-08-18;"sexta-feira";"07:15:00";"RJ";465;6;"SEROPEDICA";"Ausência de reação do condutor";"Saída de leito carroçável";"Com Vítimas Feridas";"Pleno dia";"Decrescente";"Céu Claro";"Dupla";"Reta";"Não";1;0;1;0;0;0;1;1;-22,754314;-43,692879;"SPRF-RJ";"DEL01-RJ";"UOP03-DEL01-RJ"
542996;2023-08-18;"sexta-feira";"03:30:00";"PB";405;1;"UIRAUNA";"Ausência de reação do condutor";"Queda de ocupante de veículo";"Com Vítimas Feridas";"Amanhecer";"Crescente";"Céu Claro";"Simples";"Aclive;Reta";"Não";1;0;0;1;0;0;1;1;-6,461908;-38,378624;"SPRF-PB";"DEL03-PB";"UOP03-DEL03-PB"
542997;2023-08-18;"sexta-feira";"07:40:00";"SC";101;146,8;"ITAPEMA";"Reação tardia ou ineficiente do condutor";"Atropelamento de Pedestre";"Com Vítimas Feridas";"Pleno dia";"Decrescente";"Sol";"Múltipla";"Interseção de Vias";"Não";2;0;1;0;1;0;1;2;-27,09035204;-48,61500084;"SPRF-SC";"DEL04-SC";"UOP03-DEL04-SC"
543002;2023-08-18;"sexta-feira";"08:30:00";"PI";343;338;"TERESINA";"Acesso irregular";"Colisão traseira";"Com Vítimas Feridas";"Pleno dia";"Decrescente";"Céu Claro";"Dupla";"Reta";"Sim";2;0;1;0;1;0;1;2;-5,063362;-42,722912;"SPRF-PI";"DEL01-PI";"UOP01-DEL01-PI"
543003;2023-08-18;"sexta-feira";"07:20:00";"BA";116;420;"FEIRA DE SANTANA";"Acumulo de água sobre o pavimento";"Tombamento";"Com Vítimas Feridas";"Pleno dia";"Crescente";"Chuva";"Dupla";"Reta";"Sim";1;0;1;0;0;0;1;1;-12,20321398;-38,96555531;"SPRF-BA";"DEL02-BA";"UOP01-DEL02-BA"
543004;2023-08-18;"sexta-feira";"08:30:00";"SP";116;270;"TABOAO DA SERRA";"Manobra de mudança de faixa";"Colisão lateral mesmo sentido";"Com Vítimas Feridas";"Pleno dia";"Decrescente";"Céu Claro";"Múltipla";"Reta";"Sim";5;0;2;0;3;0;2;4;-23,61799728;-46,79677694;"SPRF-SP";"DEL04-SP";"UOP01-DEL04-SP"
543006;2023-08-18;"sexta-feira";"08:10:00";"MG";381;942;"EXTREMA";"Acessar a via sem observar a presença dos outros veículos";"Colisão lateral mesmo sentido";"Com Vítimas Feridas";"Pleno dia";"Crescente";"Céu Claro";"Dupla";"Retorno Regulamentado;Reta";"Não";3;0;2;0;1;0;2;2;-22,86021873;-46,34260711;"SPRF-MG";"DEL16-MG";"UOP03-DEL16-MG"
543010;2023-08-18;"sexta-feira";"08:30:00";"RS";116;488,5;"TURUCU";"Transitar na contramão";"Saída de leito carroçável";"Com Vítimas Feridas";"Pleno dia";"Decrescente";"Chuva";"Simples";"Reta";"Não";2;0;1;0;1;0;1;1;-31,47067593;-52,16889122;"SPRF-RS";"DEL07-RS";"UOP01-DEL07-RS"
543011;2023-08-18;"sexta-feira";"07:30:00";"MS";463;107;"PONTA PORA";"Transitar no Acostamento";"Colisão traseira";"Com Vítimas Feridas";"Pleno dia";"Crescente";"Céu Claro";"Simples";"Reta";"Sim";2;0;1;0;1;0;1;2;-22,59094101;-55,67301101;"SPRF-MS";"DEL04-MS";"UOP03-DEL04-MS"
543012;2023-07-09;"domingo";"02:40:00";"RN";304;34;"MOSSORO";"Ingestão de álcool pelo condutor";"Queda de ocupante de veículo";"Com Vítimas Feridas";"Amanhecer";"Decrescente";"Céu Claro";"Dupla";"Reta";"Sim";1;0;0;1;0;0;1;1;-5,15666742;-37,34933402;"SPRF-RN";"DEL04-RN";"UOP02-DEL04-RN"
543013;2023-08-18;"sexta-feira";"09:20:00";"SP";116;207;"GUARULHOS";"Manobra de mudança de faixa";"Colisão lateral mesmo sentido";"Com Vítimas Feridas";"Pleno dia";"Crescente";"Céu Claro";"Dupla";"Reta";"Sim";2;0;1;0;1;0;1;2;-23,41972188;-46,38419203;"SPRF-SP";"DEL01-SP";"UOP01-DEL01-SP"
543014;2023-08-18;"sexta-feira";"07:00:00";"MS";267;164;"NOVA ANDRADINA";"Transtornos Mentais (exceto suicidio)";"Atropelamento de Pedestre";"Com Vítimas Feridas";"Pleno dia";"Decrescente";"Céu Claro";"Simples";"Reta";"Não";28;0;0;1;27;0;1;1;-21,62880766;-53,60626896;"SPRF-MS";"DEL02-MS";"UOP03-DEL02-MS"
543016;2023-08-18;"sexta-feira";"09:40:00";"SC";470;179,8;"POUSO REDONDO";"Desrespeitar a preferência no cruzamento";"Colisão transversal";"Com Vítimas Feridas";"Pleno dia";"Decrescente";"Nublado";"Simples";"Reta";"Não";3;0;2;0;1;0;2;2;-27,24797205;-49,97657061;"SPRF-SC";"DEL04-SC";"UOP02-DEL04-SC"
543017;2023-08-18;"sexta-feira";"09:40:00";"MG";251;505,2;"FRANCISCO SA";"Reação tardia ou ineficiente do condutor";"Tombamento";"Com Vítimas Feridas";"Pleno dia";"Decrescente";"Céu Claro";"Simples";"Aclive;Curva";"Não";1;0;1;0;0;0;1;1;-16,615529;-43,665418;"SPRF-MG";"DEL12-MG";"UOP01-DEL12-MG"
543018;2023-08-18;"sexta-feira";"09:45:00";"MG";381;485;"BETIM";"Acessar a via sem observar a presença dos outros veículos";"Tombamento";"Com Vítimas Feridas";"Pleno dia";"Crescente";"Céu Claro";"Dupla";"Aclive;Reta";"Sim";2;0;2;0;0;0;2;1;-19,95659361;-44,12622893;"SPRF-MG";"DEL01-MG";"UOP03-DEL01-MG"
543019;2023-08-18;"sexta-feira";"09:30:00";"RS";290;91,2;"PORTO ALEGRE";"Manobra de mudança de faixa";"Colisão traseira";"Com Vítimas Feridas";"Pleno dia";"Decrescente";"Céu Claro";"Dupla";"Reta";"Sim";3;0;2;0;1;0;2;2;-29,96987809;-51,17026627;"SPRF-RS";"DEL01-RS";"UOP01-DEL01-RS"
543021;2023-08-18;"sexta-feira";"09:50:00";"SC";101;115,9;"ITAJAI";"Condutor deixou de manter distância do veículo da frente";"Colisão traseira";"Com Vítimas Feridas";"Pleno dia";"Decrescente";"Céu Claro";"Dupla";"Reta";"Sim";2;0;2;0;0;0;2;2;-26,87064015;-48,72954134;"SPRF-SC";"DEL04-SC";"UOP04-DEL04-SC"
543022;2023-08-18;"sexta-feira";"08:30:00";"GO";153;435,5;"ANAPOLIS";"Reação tardia ou ineficiente do condutor";"Engavetamento";"Sem Vítimas";"Pleno dia";"Crescente";"Sol";"Dupla";"Declive;Reta;Em Obras";"Sim";3;0;0;0;3;0;0;3;-16,291353;-48,935321;"SPRF-GO";"DEL02-GO";"UOP01-DEL02-GO"
543023;2023-08-18;"sexta-feira";"09:30:00";"SC";101;275,9;"IMBITUBA";"Ingestão de álcool pelo condutor";"Colisão com objeto";"Sem Vítimas";"Pleno dia";"Crescente";"Céu Claro";"Múltipla";"Aclive;Reta";"Não";1;0;0;0;1;0;0;1;-28,1575343;-48,6930263;"SPRF-SC";"DEL02-SC";"UOP03-DEL02-SC"
543024;2023-08-18;"sexta-feira";"09:40:00";"RJ";116;280;"BARRA MANSA";"Reação tardia ou ineficiente do condutor";"Colisão traseira";"Com Vítimas Feridas";"Pleno dia";"Crescente";"Céu Claro";"Dupla";"Reta";"Não";2;0;1;0;1;0;1;2;-22,54202281;-44,19110088;"SPRF-RJ";"DEL07-RJ";"UOP02-DEL07-RJ"
543027;2023-08-18;"sexta-feira";"10:15:00";"PA";163;996;"SANTAREM";"Ultrapassagem Indevida";"Colisão lateral mesmo sentido";"Com Vítimas Feridas";"Pleno dia";"Decrescente";"Céu Claro";"Simples";"Aclive";"Não";3;0;2;0;1;0;2;2;-2,50389971;-54,72751963;"SPRF-PA";"DEL05-PA";"UOP01-DEL05-PA"
543028;2023-08-18;"sexta-feira";"09:15:00";"PR";376;533,5;"PALMEIRA";"Reação tardia ou ineficiente do condutor";"Saída de leito carroçável";"Com Vítimas Feridas";"Pleno dia";"Decrescente";"Céu Claro";"Dupla";"Reta";"Não";1;0;1;0;0;0;1;1;-25,36723068;-49,82264169;"SPRF-PR";"DEL03-PR";"UOP03-DEL03-PR"
543029;2023-08-18;"sexta-feira";"09:00:00";"PA";316;24,9;"BENEVIDES";"Ausência de reação do condutor";"Colisão traseira";"Com Vítimas Feridas";"Pleno dia";"Crescente";"Céu Claro";"Dupla";"Reta";"Não";3;0;0;2;1;0;2;2;-1,34599732;-48,25152822;"SPRF-PA";"DEL01-PA";"UOP01-DEL01-PA"
543030;2023-08-18;"sexta-feira";"10:00:00";"MG";381;862,9;"POUSO ALEGRE";"Velocidade Incompatível";"Engavetamento";"Com Vítimas Feridas";"Pleno dia";"Decrescente";"Céu Claro";"Dupla";"Reta";"Não";11;0;1;0;10;0;1;5;-22,37453071;-45,93949727;"SPRF-MG";"DEL16-MG";"UOP01-DEL16-MG"
543031;2023-07-18;"terça-feira";"17:09:00";"GO";40;11;"LUZIANIA";"Condutor deixou de manter distância do veículo da frente";"Queda de ocupante de veículo";"Com Vítimas Feridas";"Pleno dia";"Crescente";"Céu Claro";"Dupla";"Reta";"Sim";2;0;1;0;0;1;1;2;-16,138336;-47,951644;"SPRF-DF";"DEL01-DF";"UOP01-DEL01-DF"
543033;2023-08-18;"sexta-feira";"09:45:00";"GO";60;37;"GOIANIA";"Condutor deixou de manter distância do veículo da frente";"Colisão traseira";"Com Vítimas Feridas";"Pleno dia";"Decrescente";"Céu Claro";"Dupla";"Reta";"Sim";2;0;1;0;1;0;1;2;-16,7400316;-49,3455645;"SPRF-GO";"DEL01-GO";"UOP02-DEL01-GO"
543035;2023-07-25;"terça-feira";"11:30:00";"RJ";101;515;"ANGRA DOS REIS";"Velocidade Incompatível";"Saída de leito carroçável";"Com Vítimas Feridas";"Pleno dia";"Decrescente";"Céu Claro";"Simples";"Curva";"Não";5;0;5;0;0;0;5;1;-22,98288597;-44,43920603;"SPRF-RJ";"DEL03-RJ";"UOP03-DEL03-RJ"
543036;2023-08-18;"sexta-feira";"09:30:00";"PR";277;102,5;"CURITIBA";"Reação tardia ou ineficiente do condutor";"Colisão traseira";"Com Vítimas Feridas";"Pleno dia";"Crescente";"Céu Claro";"Dupla";"Reta";"Não";6;0;3;0;3;0;3;2;-25,51408786;-49,33726669;"SPRF-PR";"DEL01-PR";"UOP06-DEL01-PR"
543038;2023-08-18;"sexta-feira";"11:25:00";"MG";40;628,7;"CONSELHEIRO LAFAIETE";"Conversão proibida";"Colisão transversal";"Com Vítimas Feridas";"Pleno dia";"Decrescente";"Céu Claro";"Simples";"Reta;Interseção de Vias";"Não";2;0;1;0;1;0;1;2;-20,65317;-43,80881295;"SPRF-MG";"DEL05-MG";"UOP02-DEL05-MG"
543039;2023-07-29;"sábado";"15:00:00";"SC";101;199,1;"SAO JOSE";"Velocidade Incompatível";"Tombamento";"Com Vítimas Feridas";"Pleno dia";"Decrescente";"Céu Claro";"Dupla";"Declive;Viaduto";"Sim";2;0;2;0;0;0;2;1;-27,53413705;-48,63003205;"SPRF-SC";"DEL01-SC";"UOP01-DEL01-SC"
543040;2023-08-18;"sexta-feira";"11:40:00";"PB";230;185,3;"POCINHOS";"Condutor deixou de manter distância do veículo da frente";"Colisão traseira";"Com Vítimas Feridas";"Pleno dia";"Decrescente";"Nublado";"Simples";"Reta";"Não";4;0;2;0;2;0;2;2;-7,15082;-36,112378;"SPRF-PB";"DEL02-PB";"UOP02-DEL02-PB"
543041;2023-08-18;"sexta-feira";"11:55:00";"DF";20;16,4;"BRASILIA";"Ausência de reação do condutor";"Tombamento";"Com Vítimas Feridas";"Pleno dia";"Decrescente";"Céu Claro";"Dupla";"Aclive;Retorno Regulamentado;Reta";"Sim";1;0;0;1;0;0;1;1;-15,625675;-47,725159;"SPRF-DF";"DEL02-DF";"UOP01-DEL02-DF"
543043;2023-08-18;"sexta-feira";"11:10:00";"ES";101;149;"LINHARES";"Condutor desrespeitou a iluminação vermelha do semáforo";"Colisão transversal";"Com Vítimas Feridas";"Pleno dia";"Decrescente";"Sol";"Múltipla";"Interseção de Vias;Reta";"Sim";3;0;2;0;1;0;2;3;-19,39619083;-40,06435871;"SPRF-ES";"DEL04-ES";"UOP01-DEL04-ES"
543045;2023-08-18;"sexta-feira";"11:40:00";"RJ";393;284,2;"VOLTA REDONDA";"Reação tardia ou ineficiente do condutor";"Colisão traseira";"Com Vítimas Feridas";"Pleno dia";"Decrescente";"Céu Claro";"Simples";"Reta";"Sim";2;0;1;0;1;0;1;2;-22,47341979;-44,05990606;"SPRF-RJ";"DEL05-RJ";"UOP04-DEL05-RJ"
543046;2023-08-18;"sexta-feira";"12:25:00";"MG";381;453,3;"SABARA";"Transitar no Acostamento";"Colisão lateral mesmo sentido";"Com Vítimas Feridas";"Pleno dia";"Decrescente";"Céu Claro";"Simples";"Curva";"Sim";2;0;1;0;1;0;1;2;-19,84127;-43,86185;"SPRF-MG";"DEL01-MG";"UOP01-DEL01-MG"