"id";"data_inversa";"dia_semana";"horario";"uf";"br";"km";"municipio";"causa_acidente";"tipo_acidente";"classificacao_acidente";"fase_dia";"sentido_via";"condicao_metereologica";"tipo_pista";"tracado_via";"uso_solo";"pessoas";"mortos";"feridos_leves";"feridos_graves";"ilesos";"ignorados";"feridos";"veiculos";"latitude";"longitude";"regional";"delegacia";"uop"
543157;2023-08-18;"sexta-feira";"18:40:00";"PR";277;83;"CURITIBA";"Reação tardia ou ineficiente do condutor";"Colisão traseira";"Com Vítimas Feridas";"Anoitecer";"Decrescente";"Céu Claro";"Dupla";"Reta";"Sim";2;0;1;0;1;0;1;2;-25,4482349;-49,23110962;"SPRF-PR";"DEL01-PR";"UOP01-DEL01-PR"
543158;2023-08-18;"sexta-feira";"20:15:00";"MG";116;702,4;"MURIAE";"Reação tardia ou ineficiente do condutor";"Atropelamento de Pedestre";"Com Vítimas Feridas";"Plena Noite";"Crescente";"Céu Claro";"Simples";"Reta";"Sim";2;0;1;0;1;0;1;2;-21,12537754;-42,38247514;"SPRF-MG";"DEL07-MG";"UOP02-DEL07-MG"
543159;2023-08-18;"sexta-feira";"18:50:00";"PR";476;192;"LAPA";"Transitar na contramão";"Colisão frontal";"Com Vítimas Fatais";"Plena Noite";"Crescente";"Nublado";"Simples";"Reta;Declive";"Sim";4;1;0;3;0;0;3;2;-25,7293;-49,701283;"SPRF-PR";"DEL01-PR";"UOP06-DEL01-PR"
543160;2023-08-18;"sexta-feira";"18:25:00";"SP";116;105;"TAUBATE";"Reação tardia ou ineficiente do condutor";"Engavetamento";"Com Vítimas Feridas";"Plena Noite";"Crescente";"Céu Claro";"Dupla";"Reta";"Sim";3;0;1;0;2;0;1;3;-23,00757973;-45,51466613;"SPRF-SP";"DEL02-SP";"UOP02-DEL02-SP"
543161;2023-08-18;"sexta-feira";"20:15:00";"SC";101;258,7;"PAULO LOPES";"Reação tardia ou ineficiente do condutor";"Colisão com objeto";"Com Vítimas Feridas";"Plena Noite";"Decrescente";"Chuva";"Dupla";"Aclive;Reta";"Não";2;0;1;0;1;0;1;1;-28,01018975;-48,69419038;"SPRF-SC";"DEL02-SC";"UOP03-DEL02-SC"
543162;2023-08-18;"sexta-feira";"20:00:00";"RS";287;269;"SANTA MARIA";"Condutor Dormindo";"Colisão frontal";"Sem Vítimas";"Plena Noite";"Crescente";"Ignorado";"Simples";"Reta";"Não";5;0;0;0;5;0;0;2;-29,66803033;-54,06367003;"SPRF-RS";"DEL09-RS";"UOP01-DEL09-RS"
543163;2023-08-18;"sexta-feira";"16:57:00";"SC";280;80,4;"CORUPA";"Acessar a via sem observar a presença dos outros veículos";"Colisão transversal";"Com Vítimas Feridas";"Pleno dia";"Decrescente";"Céu Claro";"Simples";"Interseção de Vias;Reta";"Sim";2;0;0;1;1;0;1;2;-26,44412189;-49,20975187;"SPRF-SC";"DEL06-SC";"UOP03-DEL06-SC"
543164;2023-08-18;"sexta-feira";"20:10:00";"PE";408;98;"SAO LOURENCO DA MATA";"Animais na Pista";"Atropelamento de Animal";"Com Vítimas Feridas";"Pleno dia";"Decrescente";"Céu Claro";"Dupla";"Reta";"Não";2;0;0;1;1;0;1;1;-8,03598572;-35,03218461;"SPRF-PE";"DEL01-PE";"UOP01-DEL01-PE"
543166;2023-08-18;"sexta-feira";"19:40:00";"ES";101;15,8;"PEDRO CANARIO";"Pedestre andava na pista";"Atropelamento de Pedestre";"Com Vítimas Feridas";"Plena Noite";"Decrescente";"Nublado";"Dupla";"Reta";"Sim";2;0;1;0;0;1;1;2;-18,29002497;-39,95475507;"SPRF-ES";"DEL04-ES";"UOP02-DEL04-ES"
543167;2023-08-18;"sexta-feira";"18:40:00";"MA";10;153;"PORTO FRANCO";"Reação tardia ou ineficiente do condutor";"Capotamento";"Com Vítimas Feridas";"Plena Noite";"Decrescente";"Céu Claro";"Simples";"Ponte;Reta";"Não";1;0;1;0;0;0;1;1;-6,382564;-47,3829;"SPRF-MA";"DEL04-MA";"UOP02-DEL04-MA"
543169;2023-08-18;"sexta-feira";"19:05:00";"PI";343;47;"BURITI DOS LOPES";"Frear bruscamente";"Colisão traseira";"Com Vítimas Feridas";"Plena Noite";"Crescente";"Céu Claro";"Simples";"Reta";"Sim";3;0;0;2;0;1;2;2;-3,16904;-41,861897;"SPRF-PI";"DEL05-PI";"UOP01-DEL05-PI"
543171;2023-08-18;"sexta-feira";"17:30:00";"RJ";116;184;"NOVA IGUACU";"Condutor deixou de manter distância do veículo da frente";"Queda de ocupante de veículo";"Com Vítimas Fatais";"Anoitecer";"Decrescente";"Céu Claro";"Dupla";"Reta";"Sim";2;1;1;0;0;0;1;1;-22,74647215;-43,44594311;"SPRF-RJ";"DEL01-RJ";"UOP02-DEL01-RJ"
543173;2023-08-18;"sexta-feira";"21:35:00";"CE";222;2,2;"FORTALEZA";"Acessar a via sem observar a presença dos outros veículos";"Colisão lateral mesmo sentido";"Com Vítimas Feridas";"Plena Noite";"Crescente";"Céu Claro";"Dupla";"Reta";"Sim";3;0;1;0;2;0;1;2;-3,73927865;-38,5892576;"SPRF-CE";"DEL01-CE";"UOP01-DEL01-CE"
543174;2023-08-18;"sexta-feira";"20:40:00";"ES";101;287;"CARIACICA";"Velocidade Incompatível";"Colisão com objeto";"Com Vítimas Feridas";"Plena Noite";"Crescente";"Céu Claro";"Dupla";"Reta";"Sim";2;0;2;0;0;0;2;1;-20,26493528;-40,38471702;"SPRF-ES";"DEL01-ES";"UOP01-DEL01-ES"
543176;2023-08-18;"sexta-feira";"22:00:00";"RN";101;82,1;"NATAL";"Ingestão de álcool e/ou substâncias psicoativas pelo pedestre";"Colisão frontal";"Sem Vítimas";"Plena Noite";"Crescente";"Chuva";"Dupla";"Interseção de Vias;Reta";"Sim";2;0;0;0;2;0;0;2;-5,76687328;-35,27758241;"SPRF-RN";"DEL02-RN";"UOP01-DEL02-RN"
543178;2023-08-18;"sexta-feira";"20:00:00";"PR";369;194,1;"ARAPONGAS";"Acumulo de água sobre o pavimento";"Queda de ocupante de veículo";"Com Vítimas Feridas";"Plena Noite";"Decrescente";"Chuva";"Dupla";"Reta";"Não";1;0;1;0;0;0;1;1;-23,47893967;-51,42368316;"SPRF-PR";"DEL07-PR";"UOP03-DEL07-PR"
543179;2023-08-18;"sexta-feira";"19:10:00";"MA";135;16,9;"SAO LUIS";"Condutor deixou de manter distância do veículo da frente";"Colisão traseira";"Com Vítimas Feridas";"Plena Noite";"Crescente";"Céu Claro";"Simples";"Declive";"Não";4;0;2;1;0;1;3;3;-2,553797;-44,349408;"SPRF-MA";"DEL01-MA";"UOP01-DEL01-MA"
543182;2023-08-18;"sexta-feira";"21:55:00";"SC";101;199,6;"SAO JOSE";"Manobra de mudança de faixa";"Colisão traseira";"Com Vítimas Feridas";"Plena Noite";"Decrescente";"Chuva";"Múltipla";"Reta";"Não";3;0;3;0;0;0;3;2;-27,53413705;-48,63003205;"SPRF-SC";"DEL01-SC";"UOP01-DEL01-SC"
543184;2023-08-18;"sexta-feira";"23:00:00";"SP";116;186;"SANTA ISABEL";"Reação tardia ou ineficiente do condutor";"Saída de leito carroçável";"Com Vítimas Feridas";"Plena Noite";"Decrescente";"Céu Claro";"Dupla";"Curva;Interseção de Vias";"Não";4;0;3;0;1;0;3;1;-23,35220682;-46,19934905;"SPRF-SP";"DEL01-SP";"UOP01-DEL01-SP"
543185;2023-08-18;"sexta-feira";"22:15:00";"MG";365;620,1;"UBERLANDIA";"Ausência de reação do condutor";"Saída de leito carroçável";"Com Vítimas Feridas";"Plena Noite";"Crescente";"Céu Claro";"Dupla";"Reta";"Sim";1;0;1;0;0;0;1;1;-18,88611939;-48,26730412;"SPRF-MG";"DEL15-MG";"UOP01-DEL15-MG"
543186;2023-08-18;"sexta-feira";"21:00:00";"PR";376;541;"PALMEIRA";"Avarias e/ou desgaste excessivo no pneu";"Capotamento";"Com Vítimas Feridas";"Plena Noite";"Decrescente";"Chuva";"Dupla";"Aclive;Reta";"Não";1;0;1;0;0;0;1;1;-25,41972138;-49,7685113;"SPRF-PR";"DEL03-PR";"UOP03-DEL03-PR"
543187;2023-08-18;"sexta-feira";"22:45:00";"SP";488;0,5;"APARECIDA";"Ingestão de álcool pelo condutor";"Colisão lateral mesmo sentido";"Com Vítimas Feridas";"Plena Noite";"Decrescente";"Céu Claro";"Dupla";"Reta";"Sim";2;0;2;0;0;0;2;2;-22,85856;-45,233116;"SPRF-SP";"DEL08-SP";"UOP01-DEL08-SP"
543188;2023-08-18;"sexta-feira";"20:30:00";"MS";163;263;"DOURADOS";"Pista Escorregadia";"Saída de leito carroçável";"Sem Vítimas";"Plena Noite";"Crescente";"Chuva";"Dupla";"Reta";"Não";1;0;0;0;1;0;0;1;-22,2316424;-54,7478208;"SPRF-MS";"DEL04-MS";"UOP01-DEL04-MS"
543192;2023-08-18;"sexta-feira";"23:10:00";"MG";116;534,2;"SANTA RITA DE MINAS";"Animais na Pista";"Atropelamento de Animal";"Com Vítimas Feridas";"Plena Noite";"Crescente";"Nublado";"Simples";"Curva";"Não";1;0;0;1;0;0;1;1;-19,84469501;-42,13981698;"SPRF-MG";"DEL06-MG";"UOP02-DEL06-MG"
543193;2023-08-18;"sexta-feira";"23:15:00";"BA";324;522;"FEIRA DE SANTANA";"Ingestão de álcool pelo condutor";"Engavetamento";"Com Vítimas Fatais";"Plena Noite";"Crescente";"Garoa/Chuvisco";"Dupla";"Reta";"Sim";2;1;0;0;1;0;0;2;-12,28462524;-38,91926018;"SPRF-BA";"DEL01-BA";"UOP03-DEL01-BA"
543194;2023-08-18;"sexta-feira";"22:15:00";"MS";163;106;"ITAQUIRAI";"Acumulo de água sobre o pavimento";"Saída de leito carroçável";"Com Vítimas Feridas";"Plena Noite";"Decrescente";"Chuva";"Dupla";"Reta";"Não";2;0;1;0;1;0;1;1;-23,22825489;-54,21969336;"SPRF-MS";"DEL09-MS";"UOP01-DEL09-MS"
543195;2023-08-18;"sexta-feira";"23:30:00";"PR";277;1;"PARANAGUA";"Transitar no Acostamento";"Colisão traseira";"Com Vítimas Feridas";"Plena Noite";"Decrescente";"Chuva";"Simples";"Reta";"Sim";2;0;0;1;0;1;1;2;-25,53083042;-48,54898321;"SPRF-PR";"DEL01-PR";"UOP05-DEL01-PR"
543196;2023-08-18;"sexta-feira";"20:10:00";"RJ";493;66;"NOVA IGUACU";"Entrada inopinada do pedestre";"Atropelamento de Pedestre";"Com Vítimas Fatais";"Plena Noite";"Decrescente";"Céu Claro";"Dupla";"Curva";"Não";2;1;0;0;1;0;0;2;-22,68620417;-43,44534874;"SPRF-RJ";"DEL01-RJ";"UOP03-DEL01-RJ"
543197;2023-08-19;"sábado";"00:18:00";"BA";418;87;"NOVA VICOSA";"Velocidade Incompatível";"Colisão com objeto";"Com Vítimas Fatais";"Plena Noite";"Crescente";"Céu Claro";"Simples";"Reta";"Sim";1;1;0;0;0;0;0;1;-17,892078;-39,81627;"SPRF-BA";"DEL09-BA";"UOP02-DEL09-BA"
543199;2023-08-18;"sexta-feira";"23:30:00";"RS";290;273;"CACHOEIRA DO SUL";"Ultrapassagem Indevida";"Colisão frontal";"Com Vítimas Feridas";"Plena Noite";"Crescente";"Céu Claro";"Simples";"Reta";"Não";3;0;1;0;2;0;1;2;-30,271566;-52,956188;"SPRF-RS";"DEL02-RS";"UOP03-DEL02-RS"
543200;2023-08-18;"sexta-feira";"23:00:00";"RJ";356;56;"ITAPERUNA";"Ingestão de álcool pelo condutor";"Colisão com objeto";"Sem Vítimas";"Plena Noite";"Decrescente";"Céu Claro";"Simples";"Curva";"Não";1;0;0;0;1;0;0;1;-21,28265177;-41,72772087;"SPRF-RJ";"DEL08-RJ";"UOP03-DEL08-RJ"
543201;2023-08-19;"sábado";"00:45:00";"RS";392;347;"SANTA MARIA";"Ingestão de álcool pelo condutor";"Saída de leito carroçável";"Com Vítimas Feridas";"Plena Noite";"Decrescente";"Nublado";"Simples";"Reta";"Sim";2;0;0;2;0;0;2;1;-29,76125014;-53,78681035;"SPRF-RS";"DEL09-RS";"UOP01-DEL09-RS"
543204;2023-08-19;"sábado";"00:30:00";"PR";277;98;"CURITIBA";"Ausência de reação do condutor";"Saída de leito carroçável";"Com Vítimas Feridas";"Plena Noite";"Crescente";"Nublado";"Dupla";"Reta";"Sim";1;0;1;0;0;0;1;1;-25,430917;-49,356291;"SPRF-PR";"DEL01-PR";"UOP06-DEL01-PR"
543205;2023-08-19;"sábado";"00:20:00";"SC";101;317;"PESCARIA BRAVA";"Reação tardia ou ineficiente do condutor";"Colisão traseira";"Com Vítimas Feridas";"Pleno dia";"Decrescente";"Nublado";"Dupla";"Reta";"Não";2;0;1;0;1;0;1;2;-28,42708421;-48,85211624;"SPRF-SC";"DEL02-SC";"UOP01-DEL02-SC"
543206;2023-08-14;"segunda-feira";"07:00:00";"BA";324;586;"CANDEIAS";"Ausência de reação do condutor";"Saída de leito carroçável";"Sem Vítimas";"Pleno dia";"Decrescente";"Céu Claro";"Dupla";"Reta";"Não";4;0;0;0;4;0;0;1;-12,63864013;-38,47736247;"SPRF-BA";"DEL01-BA";"UOP01-DEL01-BA"
543210;2023-08-19;"sábado";"02:40:00";"GO";40;22;"LUZIANIA";"Reação tardia ou ineficiente do condutor";"Saída de leito carroçável";"Sem Vítimas";"Plena Noite";"Crescente";"Céu Claro";"Dupla";"Aclive;Reta";"Sim";1;0;0;0;1;0;0;1;-16,227484;-47,914109;"SPRF-DF";"DEL01-DF";"UOP01-DEL01-DF"
543211;2023-08-19;"sábado";"02:50:00";"MG";381;506;"SAO JOAQUIM DE BICAS";"Ausência de reação do condutor";"Colisão traseira";"Com Vítimas Feridas";"Plena Noite";"Crescente";"Céu Claro";"Dupla";"Reta";"Sim";5;0;2;1;2;0;3;2;-20,05039397;-44,27962502;"SPRF-MG";"DEL04-MG";"UOP03-DEL04-MG"
543212;2023-08-19;"sábado";"02:45:00";"PR";376;450;"PONTA GROSSA";"Ausência de reação do condutor";"Capotamento";"Sem Vítimas";"Plena Noite";"Crescente";"Ignorado";"Dupla";"Curva";"Não";1;0;0;0;1;0;0;1;-24,934557;-50,40438302;"SPRF-PR";"DEL03-PR";"UOP02-DEL03-PR"
543213;2023-08-19;"sábado";"02:20:00";"SC";101;49,8;"JOINVILLE";"Ingestão de álcool pelo condutor";"Colisão com objeto";"Sem Vítimas";"Plena Noite";"Crescente";"Chuva";"Simples";"Viaduto";"Não";1;0;0;0;1;0;0;1;-26,36479799;-48,85878798;"SPRF-SC";"DEL03-SC";"UOP01-DEL03-SC"
543214;2023-08-19;"sábado";"03:00:00";"GO";153;577,1;"PROFESSOR JAMIL";"Condutor Dormindo";"Saída de leito carroçável";"Com Vítimas Feridas";"Plena Noite";"Decrescente";"Céu Claro";"Dupla";"Declive;Reta";"Não";1;0;1;0;0;0;1;1;-17,362;-49,2477;"SPRF-GO";"DEL03-GO";"UOP01-DEL03-GO"
543215;2023-08-19;"sábado";"01:40:00";"MS";163;487;"CAMPO GRANDE";"Ingestão de álcool pelo condutor";"Saída de leito carroçável";"Sem Vítimas";"Plena Noite";"Decrescente";"Chuva";"Simples";"Reta";"Sim";1;0;0;0;1;0;0;1;-20,42493093;-54,54550758;"SPRF-MS";"DEL01-MS";"UOP02-DEL01-MS"
543217;2023-08-19;"sábado";"05:00:00";"RS";392;350,9;"SANTA MARIA";"Acessar a via sem observar a presença dos outros veículos";"Colisão transversal";"Com Vítimas Feridas";"Plena Noite";"Decrescente";"Céu Claro";"Simples";"Reta";"Sim";4;0;0;2;2;0;2;2;-29,73610908;-53,79788213;"SPRF-RS";"DEL09-RS";"UOP01-DEL09-RS"
543218;2023-08-19;"sábado";"04:30:00";"SC";101;276,9;"IMBITUBA";"Ingestão de álcool pelo condutor";"Colisão com objeto";"Sem Vítimas";"Plena Noite";"Crescente";"Nublado";"Múltipla";"Interseção de Vias;Reta";"Não";1;0;0;0;0;1;0;1;-28,16499728;-48,69385242;"SPRF-SC";"DEL02-SC";"UOP03-DEL02-SC"
543222;2023-08-19;"sábado";"05:30:00";"SC";101;212;"PALHOCA";"Velocidade Incompatível";"Colisão com objeto";"Sem Vítimas";"Amanhecer";"Crescente";"Céu Claro";"Simples";"Reta";"Sim";1;0;0;0;1;0;0;1;-27,62996929;-48,65903871;"SPRF-SC";"DEL01-SC";"UOP02-DEL01-SC"
543223;2023-08-19;"sábado";"05:00:00";"SP";381;28;"ATIBAIA";"Ausência de reação do condutor";"Queda de ocupante de veículo";"Com Vítimas Feridas";"Plena Noite";"Crescente";"Céu Claro";"Dupla";"Reta";"Não";2;0;1;0;1;0;1;1;-23,03614495;-46,55183601;"SPRF-SP";"DEL03-SP";"UOP02-DEL03-SP"
543224;2023-08-19;"sábado";"06:30:00";"SC";282;379;"HERVAL DOESTE";"Ausência de reação do condutor";"Queda de ocupante de veículo";"Com Vítimas Feridas";"Amanhecer";"Decrescente";"Nublado";"Dupla";"Reta";"Não";1;0;1;0;0;0;1;1;-27,214668;-51,489677;"SPRF-SC";"DEL07-SC";"UOP05-DEL07-SC"
543226;2023-08-19;"sábado";"06:50:00";"RS";116;148,4;"CAXIAS DO SUL";"Velocidade Incompatível";"Saída de leito carroçável";"Sem Vítimas";"Amanhecer";"Crescente";"Nublado";"Simples";"Curva";"Sim";1;0;0;0;1;0;0;1;-29,15444539;-51,15101681;"SPRF-RS";"DEL05-RS";"UOP01-DEL05-RS"
543227;2023-08-19;"sábado";"04:35:00";"PR";376;363;"ORTIGUEIRA";"Velocidade Incompatível";"Saída de leito carroçável";"Com Vítimas Feridas";"Plena Noite";"Crescente";"Garoa/Chuvisco";"Simples";"Curva";"Não";2;0;2;0;0;0;2;1;-24,33517026;-50,84050313;"SPRF-PR";"DEL07-PR";"UOP02-DEL07-PR"
543229;2023-08-19;"sábado";"06:45:00";"SP";153;67;"SAO JOSE DO RIO PRETO";"Ingestão de álcool pelo condutor";"Saída de leito carroçável";"Com Vítimas Feridas";"Pleno dia";"Decrescente";"Sol";"Dupla";"Curva";"Sim";1;0;1;0;0;0;1;1;-20,84853593;-49,37585608;"SPRF-SP";"DEL09-SP";"UOP01-DEL09-SP"
543230;2023-08-19;"sábado";"05:25:00";"RS";153;387;"CACHOEIRA DO SUL";"Transitar na contramão";"Colisão lateral sentido oposto";"Com Vítimas Feridas";"Amanhecer";"Decrescente";"Céu Claro";"Simples";"Curva";"Não";2;0;1;0;1;0;1;2;-29,90771304;-52,9719666;"SPRF-RS";"DEL02-RS";"UOP03-DEL02-RS"
543231;2023-08-19;"sábado";"05:00:00";"SC";101;121,4;"ITAJAI";"Condutor deixou de manter distância do veículo da frente";"Colisão traseira";"Com Vítimas Feridas";"Amanhecer";"Decrescente";"Céu Claro";"Múltipla";"Reta";"Sim";2;0;1;0;0;1;1;2;-26,92103178;-48,70856446;"SPRF-SC";"DEL04-SC";"UOP04-DEL04-SC"
543233;2023-08-19;"sábado";"07:05:00";"PB";230;67,8;"SOBRADO";"Ausência de reação do condutor";"Saída de leito carroçável";"Com Vítimas Feridas";"Pleno dia";"Decrescente";"Chuva";"Dupla";"Declive;Retorno Regulamentado";"Não";1;0;1;0;0;0;1;1;-7,18826054;-35,21282315;"SPRF-PB";"DEL01-PB";"UOP03-DEL01-PB"
543234;2023-08-19;"sábado";"06:40:00";"PE";101;8;"GOIANA";"Acumulo de água sobre o pavimento";"Colisão com objeto";"Com Vítimas Feridas";"Pleno dia";"Crescente";"Chuva";"Dupla";"Aclive;Reta";"Não";1;0;1;0;0;0;1;1;-7,56898134;-34,98959891;"SPRF-PE";"DEL01-PE";"UOP02-DEL01-PE"
543235;2023-08-19;"sábado";"06:45:00";"PR";277;723;"FOZ DO IGUACU";"Acesso irregular";"Colisão transversal";"Com Vítimas Feridas";"Pleno dia";"Decrescente";"Sol";"Dupla";"Reta";"Sim";2;0;1;0;0;1;1;2;-25,49878215;-54,52985294;"SPRF-PR";"DEL05-PR";"UOP03-DEL05-PR"
543236;2023-08-18;"sexta-feira";"21:10:00";"MG";365;633;"UBERLANDIA";"Ausência de reação do condutor";"Saída de leito carroçável";"Com Vítimas Feridas";"Plena Noite";"Decrescente";"Céu Claro";"Dupla";"Reta";"Não";1;0;1;0;0;0;1;1;-18,89532742;-48,39981506;"SPRF-MG";"DEL15-MG";"UOP01-DEL15-MG"
543237;2023-08-19;"sábado";"05:45:00";"PR";376;658,5;"TIJUCAS DO SUL";"Demais falhas mecânicas ou elétricas";"Incêndio";"Sem Vítimas";"Amanhecer";"Crescente";"Garoa/Chuvisco";"Simples";"Reta";"Não";2;0;0;0;2;0;0;1;-25,85300602;-49,02166198;"SPRF-PR";"DEL01-PR";"UOP04-DEL01-PR"
543239;2023-08-19;"sábado";"05:58:00";"ES";259;84,5;"BAIXO GUANDU";"Ausência de reação do condutor";"Tombamento";"Com Vítimas Fatais";"Pleno dia";"Decrescente";"Céu Claro";"Simples";"Reta";"Não";1;1;0;0;0;0;0;1;-19,51022604;-40,86873227;"SPRF-ES";"DEL02-ES";"UOP01-DEL02-ES"
543240;2023-08-19;"sábado";"07:00:00";"MG";381;903;"CAMBUI";"Ausência de reação do condutor";"Saída de leito carroçável";"Com Vítimas Feridas";"Pleno dia";"Decrescente";"Céu Claro";"Dupla";"Reta";"Não";2;0;2;0;0;0;2;1;-22,68185904;-46,10140424;"SPRF-MG";"DEL16-MG";"UOP03-DEL16-MG"
543241;2023-07-28;"sexta-feira";"16:45:00";"MG";381;491;"BETIM";"Trafegar com motocicleta (ou similar) entre as faixas";"Colisão lateral mesmo sentido";"Com Vítimas Feridas";"Pleno dia";"Crescente";"Céu Claro";"Dupla";"Reta";"Sim";2;0;1;0;0;1;1;2;-19,9583438;-44,15263653;"SPRF-MG";"DEL01-MG";"UOP03-DEL01-MG"
543242;2023-08-19;"sábado";"02:40:00";"MG";381;536;"ITATIAIUCU";"Condutor deixou de manter distância do veículo da frente";"Colisão traseira";"Com Vítimas Feridas";"Plena Noite";"Crescente";"Céu Claro";"Simples";"Curva";"Não";2;0;1;0;0;1;1;2;-20,22443302;-44,39530859;"SPRF-MG";"DEL04-MG";"UOP03-DEL04-MG"
543243;2023-03-25;"sábado";"02:20:00";"SC";101;190;"BIGUACU";"Velocidade Incompatível";"Colisão com objeto";"Sem Vítimas";"Plena Noite";"Crescente";"Céu Claro";"Dupla";"Reta";"Não";4;0;0;0;4;0;0;3;-27,468056;-48,641712;"SPRF-SC";"DEL01-SC";"UOP01-DEL01-SC"
543244;2023-08-19;"sábado";"00:10:00";"MG";116;724;"LARANJAL";"Animais na Pista";"Atropelamento de Animal";"Com Vítimas Feridas";"Plena Noite";"Crescente";"Ignorado";"Simples";"Curva;Em Obras;Desvio Temporário";"Não";2;0;2;0;0;0;2;1;-21,27785924;-42,4110683;"SPRF-MG";"DEL07-MG";"UOP02-DEL07-MG"
543245;2023-08-19;"sábado";"08:30:00";"RJ";101;312;"SAO GONCALO";"Condutor deixou de manter distância do veículo da frente";"Colisão traseira";"Com Vítimas Feridas";"Pleno dia";"Crescente";"Céu Claro";"Dupla";"Reta";"Sim";2;0;1;0;1;0;1;2;-22,80546555;-43,06156967;"SPRF-RJ";"DEL02-RJ";"UOP02-DEL02-RJ"
543247;2023-08-19;"sábado";"08:15:00";"SP";116;134;"CACAPAVA";"Demais falhas mecânicas ou elétricas";"Incêndio";"Sem Vítimas";"Pleno dia";"Decrescente";"Céu Claro";"Dupla";"Reta;Retorno Regulamentado";"Não";1;0;0;0;1;0;0;1;-23,1402216;-45,7617252;"SPRF-SP";"DEL02-SP";"UOP02-DEL02-SP"
543250;2023-08-19;"sábado";"08:00:00";"RO";364;267,3;"CACOAL";"Acostamento em desnível";"Saída de leito carroçável";"Com Vítimas Feridas";"Pleno dia";"Decrescente";"Céu Claro";"Simples";"Reta";"Não";2;0;1;1;0;0;2;1;-11,37617365;-61,68682298;"SPRF-RO";"DEL02-RO";"UOP02-DEL02-RO"
543251;2023-08-19;"sábado";"07:50:00";"RJ";393;284;"VOLTA REDONDA";"Condutor deixou de manter distância do veículo da frente";"Colisão traseira";"Sem Vítimas";"Pleno dia";"Crescente";"Sol";"Simples";"Reta";"Sim";3;0;0;0;3;0;0;2;-22,47341979;-44,05990606;"SPRF-RJ";"DEL05-RJ";"UOP04-DEL05-RJ"
543252;2023-08-19;"sábado";"07:50:00";"MG";381;486;"BETIM";"Demais falhas mecânicas ou elétricas";"Queda de ocupante de veículo";"Com Vítimas Feridas";"Pleno dia";"Decrescente";"Céu Claro";"Dupla";"Reta";"Sim";2;0;2;0;0;0;2;1;-19,95644414;-44,13611598;"SPRF-MG";"DEL01-MG";"UOP03-DEL01-MG"
543253;2023-08-19;"sábado";"08:55:00";"ES";101;96,4;"JAGUARE";"Ausência de reação do condutor";"Colisão traseira";"Com Vítimas Feridas";"Pleno dia";"Decrescente";"Sol";"Simples";"Aclive;Reta";"Não";4;0;1;0;3;0;1;2;-18,94725102;-39,97972996;"SPRF-ES";"DEL04-ES";"UOP02-DEL04-ES"
543254;2023-08-19;"sábado";"08:40:00";"MS";163;584,5;"BANDEIRANTES";"Ausência de reação do condutor";"Saída de leito carroçável";"Sem Vítimas";"Pleno dia";"Crescente";"Nublado";"Dupla";"Reta";"Não";1;0;0;0;1;0;0;1;-19,61576697;-54,38455896;"SPRF-MS";"DEL06-MS";"UOP02-DEL06-MS"
543256;2023-08-19;"sábado";"09:30:00";"SP";116;149;"SAO JOSE DOS CAMPOS";"Condutor deixou de manter distância do veículo da frente";"Engavetamento";"Com Vítimas Feridas";"Pleno dia";"Decrescente";"Céu Claro";"Dupla";"Reta";"Sim";4;0;1;0;3;0;1;3;-23,20700047;-45,88626861;"SPRF-SP";"DEL02-SP";"UOP01-DEL02-SP"
543257;2023-08-18;"sexta-feira";"21:00:00";"RO";364;257;"CACOAL";"Condutor Dormindo";"Saída de leito carroçável";"Com Vítimas Feridas";"Plena Noite";"Crescente";"Céu Claro";"Simples";"Curva";"Não";1;0;1;0;0;0;1;1;-11,43520135;-61,62493101;"SPRF-RO";"DEL02-RO";"UOP02-DEL02-RO"
543258;2023-07-31;"segunda-feira";"00:20:00";"RJ";356;96;"CARDOSO MOREIRA";"Deficiência do Sistema de Iluminação/Sinalização";"Colisão lateral mesmo sentido";"Com Vítimas Feridas";"Plena Noite";"Crescente";"Céu Claro";"Simples";"Reta";"Não";3;0;1;0;1;1;1;2;-21,50299504;-41,55900306;"SPRF-RJ";"DEL08-RJ";"UOP03-DEL08-RJ"
543260;2023-08-19;"sábado";"09:00:00";"MG";40;378,4;"CURVELO";"Ausência de reação do condutor";"Saída de leito carroçável";"Com Vítimas Feridas";"Pleno dia";"Crescente";"Céu Claro";"Simples";"Aclive;Reta";"Não";1;0;1;0;0;0;1;1;-18,86489809;-44,73657907;"SPRF-MG";"DEL02-MG";"UOP01-DEL02-MG"
543262;2023-08-19;"sábado";"09:10:00";"GO";153;523;"HIDROLANDIA";"Ausência de reação do condutor";"Atropelamento de Pedestre";"Com Vítimas Feridas";"Pleno dia";"Crescente";"Céu Claro";"Dupla";"Reta;Aclive";"Não";3;0;1;1;1;0;2;2;-16,9113;-49,2534;"SPRF-GO";"DEL01-GO";"UOP03-DEL01-GO"
543264;2023-08-19;"sábado";"05:00:00";"PR";277;75;"CURITIBA";"Velocidade Incompatível";"Saída de leito carroçável";"Sem Vítimas";"Plena Noite";"Decrescente";"Ignorado";"Dupla";"Reta";"Não";1;0;0;0;0;1;0;1;-25,49565731;-49,16484833;"SPRF-PR";"DEL01-PR";"UOP01-DEL01-PR"
543265;2023-08-19;"sábado";"09:20:00";"GO";153;525;"HIDROLANDIA";"Mal súbito do condutor";"Colisão traseira";"Com Vítimas Feridas";"Pleno dia";"Crescente";"Céu Claro";"Dupla";"Reta";"Não";2;0;1;1;0;0;2;2;-16,9288;-49,2518;"SPRF-GO";"DEL01-GO";"UOP03-DEL01-GO"