"id";"data_inversa";"dia_semana";"horario";"uf";"br";"km";"municipio";"causa_acidente";"tipo_acidente";"classificacao_acidente";"fase_dia";"sentido_via";"condicao_metereologica";"tipo_pista";"tracado_via";"uso_solo";"pessoas";"mortos";"feridos_leves";"feridos_graves";"ilesos";"ignorados";"feridos";"veiculos";"latitude";"longitude";"regional";"delegacia";"uop"
543266;2023-08-19;"sábado";"10:00:00";"RJ";40;60;"PETROPOLIS";"Reação tardia ou ineficiente do condutor";"Saída de leito carroçável";"Com Vítimas Feridas";"Pleno dia";"Decrescente";"Céu Claro";"Dupla";"Curva";"Não";6;0;2;0;4;0;2;2;-22,39450315;-43,13468983;"SPRF-RJ";"DEL05-RJ";"UOP02-DEL05-RJ"
543267;2023-08-19;"sábado";"10:30:00";"CE";20;348;"CARIDADE";"Acessar a via sem observar a presença dos outros veículos";"Atropelamento de Pedestre";"Com Vítimas Fatais";"Pleno dia";"Crescente";"Céu Claro";"Simples";"Declive;Reta";"Sim";3;1;0;0;2;0;0;2;-4,10360991;-39,05907029;"SPRF-CE";"DEL02-CE";"UOP01-DEL02-CE"
543268;2023-08-19;"sábado";"10:45:00";"MG";381;828;"SAO SEBASTIAO DA BELA VISTA";"Avarias e/ou desgaste excessivo no pneu";"Tombamento";"Com Vítimas Feridas";"Pleno dia";"Crescente";"Nublado";"Dupla";"Reta";"Não";2;0;1;0;1;0;1;1;-22,12802668;-45,80183626;"SPRF-MG";"DEL16-MG";"UOP01-DEL16-MG"
543270;2023-08-19;"sábado";"10:30:00";"MG";381;485;"BETIM";"Condutor deixou de manter distância do veículo da frente";"Engavetamento";"Com Vítimas Feridas";"Pleno dia";"Crescente";"Céu Claro";"Dupla";"Curva";"Não";3;0;1;0;2;0;1;3;-19,95549397;-44,09654986;"SPRF-MG";"DEL01-MG";"UOP03-DEL01-MG"
543271;2023-08-19;"sábado";"10:40:00";"MG";381;815;"CAREACU";"Ausência de reação do condutor";"Saída de leito carroçável";"Com Vítimas Feridas";"Pleno dia";"Decrescente";"Sol";"Dupla";"Curva";"Não";1;0;0;1;0;0;1;1;-22,08771284;-45,70503017;"SPRF-MG";"DEL16-MG";"UOP02-DEL16-MG"
543272;2023-08-19;"sábado";"10:30:00";"AL";316;270;"SATUBA";"Condutor Dormindo";"Colisão frontal";"Com Vítimas Feridas";"Pleno dia";"Crescente";"Garoa/Chuvisco";"Simples";"Curva";"Não";2;0;2;0;0;0;2;2;-9,5716559;-35,824111;"SPRF-AL";"DEL02-AL";"UOP01-DEL02-AL"
543274;2023-08-19;"sábado";"10:56:00";"PR";277;726,5;"FOZ DO IGUACU";"Ultrapassagem Indevida";"Colisão lateral mesmo sentido";"Com Vítimas Feridas";"Pleno dia";"Crescente";"Céu Claro";"Dupla";"Reta";"Sim";3;0;1;1;1;0;2;2;-25,5106015;-54,55481999;"SPRF-PR";"DEL05-PR";"UOP03-DEL05-PR"
543275;2023-08-19;"sábado";"10:50:00";"PB";230;64,6;"SAO MIGUEL DE TAIPU";"Reação tardia ou ineficiente do condutor";"Saída de leito carroçável";"Com Vítimas Feridas";"Pleno dia";"Crescente";"Chuva";"Dupla";"Ponte";"Não";3;0;1;0;2;0;1;1;-7,1944;-35,1754;"SPRF-PB";"DEL01-PB";"UOP03-DEL01-PB"
543276;2023-08-19;"sábado";"10:55:00";"MG";381;482;"BETIM";"Velocidade Incompatível";"Queda de ocupante de veículo";"Com Vítimas Feridas";"Pleno dia";"Crescente";"Céu Claro";"Dupla";"Reta";"Sim";1;0;1;0;0;0;1;1;-19,955532;-44,097209;"SPRF-MG";"DEL01-MG";"UOP03-DEL01-MG"
543277;2023-08-19;"sábado";"10:08:00";"SE";235;2;"ARACAJU";"Acessar a via sem observar a presença dos outros veículos";"Colisão lateral mesmo sentido";"Com Vítimas Feridas";"Pleno dia";"Crescente";"Céu Claro";"Dupla";"Declive;Reta";"Sim";2;0;1;0;0;1;1;2;-10,9062;-37,1034;"SPRF-SE";"DEL01-SE";"UOP01-DEL01-SE"
543278;2023-08-19;"sábado";"11:20:00";"SC";101;194;"BIGUACU";"Avarias e/ou desgaste excessivo no pneu";"Tombamento";"Com Vítimas Feridas";"Pleno dia";"Crescente";"Nublado";"Dupla";"Reta";"Sim";1;0;1;0;0;0;1;1;-27,49815117;-48,65661236;"SPRF-SC";"DEL01-SC";"UOP01-DEL01-SC"
543281;2023-08-19;"sábado";"11:15:00";"PE";101;68;"RECIFE";"Trafegar com motocicleta (ou similar) entre as faixas";"Queda de ocupante de veículo";"Com Vítimas Feridas";"Pleno dia";"Crescente";"Chuva";"Dupla";"Aclive";"Sim";2;0;1;1;0;0;2;1;-8,05074296;-34,94580619;"SPRF-PE";"DEL01-PE";"UOP01-DEL01-PE"
543283;2023-08-19;"sábado";"06:00:00";"MS";163;0,1;"MUNDO NOVO";"Reação tardia ou ineficiente do condutor";"Saída de leito carroçável";"Sem Vítimas";"Amanhecer";"Crescente";"Céu Claro";"Simples";"Curva";"Não";1;0;0;0;0;1;0;1;-24,044483;-54,272316;"SPRF-MS";"DEL09-MS";"UOP02-DEL09-MS"
543284;2023-08-19;"sábado";"11:00:00";"PR";277;616,2;"CEU AZUL";"Demais falhas mecânicas ou elétricas";"Incêndio";"Sem Vítimas";"Pleno dia";"Decrescente";"Céu Claro";"Simples";"Reta";"Não";1;0;0;0;0;1;0;1;-25,07429046;-53,673465;"SPRF-PR";"DEL05-PR";"UOP02-DEL05-PR"
543285;2023-08-19;"sábado";"10:55:00";"RO";364;195,1;"PIMENTA BUENO";"Ultrapassagem Indevida";"Colisão lateral mesmo sentido";"Com Vítimas Feridas";"Pleno dia";"Decrescente";"Sol";"Simples";"Reta";"Sim";2;0;1;1;0;0;2;2;-11,692221;-61,178654;"SPRF-RO";"DEL02-RO";"UOP02-DEL02-RO"
543286;2023-08-19;"sábado";"11:40:00";"PE";101;69,1;"RECIFE";"Ausência de sinalização";"Tombamento";"Com Vítimas Feridas";"Pleno dia";"Decrescente";"Chuva";"Dupla";"Reta";"Sim";1;0;0;1;0;0;1;1;-8,05951606;-34,94581024;"SPRF-PE";"DEL01-PE";"UOP01-DEL01-PE"
543287;2023-08-19;"sábado";"11:15:00";"SC";101;331,5;"TUBARAO";"Ausência de reação do condutor";"Colisão com objeto";"Com Vítimas Feridas";"Pleno dia";"Crescente";"Céu Claro";"Múltipla";"Em Obras;Viaduto;Reta";"Sim";1;0;1;0;0;0;1;1;-28,45567521;-48,9812689;"SPRF-SC";"DEL02-SC";"UOP01-DEL02-SC"
543288;2023-08-19;"sábado";"10:50:00";"SP";381;74;"SAO PAULO";"Pista Escorregadia";"Queda de ocupante de veículo";"Com Vítimas Feridas";"Pleno dia";"Decrescente";"Sol";"Múltipla";"Reta";"Não";2;0;2;0;0;0;2;1;-23,37208014;-46,55700294;"SPRF-SP";"DEL03-SP";"UOP01-DEL03-SP"
543290;2023-08-19;"sábado";"12:20:00";"BA";324;519;"FEIRA DE SANTANA";"Condutor deixou de manter distância do veículo da frente";"Colisão traseira";"Com Vítimas Feridas";"Pleno dia";"Decrescente";"Sol";"Dupla";"Reta";"Não";2;0;1;0;1;0;1;2;-12,26687642;-38,93349875;"SPRF-BA";"DEL02-BA";"UOP01-DEL02-BA"
543291;2023-08-19;"sábado";"11:30:00";"MG";116;125,2;"ITAOBIM";"Ausência de reação do condutor";"Saída de leito carroçável";"Com Vítimas Feridas";"Pleno dia";"Crescente";"Céu Claro";"Simples";"Reta";"Não";1;0;0;1;0;0;1;1;-16,64444699;-41,50129709;"SPRF-MG";"DEL11-MG";"UOP02-DEL11-MG"
543292;2023-08-19;"sábado";"13:00:00";"MG";381;264;"TIMOTEO";"Acesso irregular";"Colisão lateral mesmo sentido";"Com Vítimas Feridas";"Pleno dia";"Decrescente";"Céu Claro";"Simples";"Reta";"Não";2;0;1;0;1;0;1;2;-19,52389212;-42,65444398;"SPRF-MG";"DEL03-MG";"UOP02-DEL03-MG"
543293;2023-08-19;"sábado";"11:30:00";"RN";101;148;"GOIANINHA";"Conversão proibida";"Queda de ocupante de veículo";"Com Vítimas Feridas";"Pleno dia";"Decrescente";"Céu Claro";"Múltipla";"Reta";"Sim";4;0;1;0;3;0;1;2;-6,27949119;-35,20490033;"SPRF-RN";"DEL01-RN";"UOP01-DEL01-RN"
543294;2023-08-19;"sábado";"10:30:00";"MG";116;699,9;"MURIAE";"Transitar na contramão";"Colisão frontal";"Com Vítimas Feridas";"Pleno dia";"Decrescente";"Céu Claro";"Simples";"Curva";"Sim";5;0;3;1;1;0;4;2;-21,09470198;-42,37369904;"SPRF-MG";"DEL07-MG";"UOP02-DEL07-MG"
543295;2023-08-19;"sábado";"09:00:00";"BA";324;620;"SALVADOR";"Manobra de mudança de faixa";"Colisão lateral mesmo sentido";"Com Vítimas Feridas";"Pleno dia";"Crescente";"Céu Claro";"Dupla";"Reta";"Sim";2;0;2;0;0;0;2;1;-12,90482172;-38,45556535;"SPRF-BA";"DEL01-BA";"UOP01-DEL01-BA"
543297;2023-08-19;"sábado";"12:50:00";"SP";101;42;"UBATUBA";"Acessar a via sem observar a presença dos outros veículos";"Colisão transversal";"Com Vítimas Feridas";"Pleno dia";"Crescente";"Sol";"Simples";"Interseção de Vias";"Não";4;0;1;0;2;1;1;3;-23,41271925;-45,04909808;"SPRF-SP";"DEL06-SP";"UOP01-DEL06-SP"
543298;2023-08-19;"sábado";"13:00:00";"MG";40;559;"NOVA LIMA";"Reação tardia ou ineficiente do condutor";"Tombamento";"Com Vítimas Feridas";"Pleno dia";"Decrescente";"Céu Claro";"Dupla";"Reta";"Não";2;0;1;1;0;0;2;1;-20,11861708;-43,96783926;"SPRF-MG";"DEL01-MG";"UOP02-DEL01-MG"
543300;2023-03-04;"sábado";"20:30:00";"PR";376;176;"MARINGA";"Manobra de mudança de faixa";"Colisão lateral mesmo sentido";"Com Vítimas Feridas";"Plena Noite";"Crescente";"Ignorado";"Dupla";"Interseção de Vias";"Sim";2;0;1;0;1;0;1;2;-23,41119301;-51,93666458;"SPRF-PR";"DEL09-PR";"UOP01-DEL09-PR"
543301;2023-08-19;"sábado";"14:00:00";"MG";381;455;"BELO HORIZONTE";"Velocidade Incompatível";"Colisão frontal";"Com Vítimas Feridas";"Pleno dia";"Decrescente";"Céu Claro";"Simples";"Curva;Retorno Regulamentado";"Sim";2;0;0;1;1;0;1;2;-19,85777408;-43,90468298;"SPRF-MG";"DEL01-MG";"UOP01-DEL01-MG"
543302;2023-08-19;"sábado";"12:15:00";"GO";60;15,2;"ALEXANIA";"Ingestão de álcool pelo condutor";"Saída de leito carroçável";"Com Vítimas Feridas";"Pleno dia";"Crescente";"Céu Claro";"Dupla";"Curva";"Não";2;0;1;0;1;0;1;1;-16,108955;-48,362627;"SPRF-DF";"DEL03-DF";"UOP01-DEL03-DF"
543303;2023-08-19;"sábado";"14:00:00";"GO";60;89,8;"ANAPOLIS";"Reação tardia ou ineficiente do condutor";"Colisão com objeto";"Com Vítimas Feridas";"Pleno dia";"Decrescente";"Céu Claro";"Múltipla";"Interseção de Vias";"Sim";2;0;2;0;0;0;2;1;-16,3367;-48,8957;"SPRF-GO";"DEL02-GO";"UOP01-DEL02-GO"
543304;2023-08-19;"sábado";"14:30:00";"ES";101;237,7;"FUNDAO";"Ausência de reação do condutor";"Colisão com objeto";"Com Vítimas Feridas";"Pleno dia";"Crescente";"Sol";"Dupla";"Interseção de Vias";"Sim";1;0;1;0;0;0;1;1;-19,993072;-40,4141669;"SPRF-ES";"DEL02-ES";"UOP01-DEL02-ES"
543306;2023-08-19;"sábado";"10:15:00";"RJ";116;183;"NOVA IGUACU";"Condutor deixou de manter distância do veículo da frente";"Colisão traseira";"Com Vítimas Feridas";"Pleno dia";"Crescente";"Sol";"Múltipla";"Reta";"Sim";3;0;1;0;1;1;1;2;-22,7516014;-43,43849831;"SPRF-RJ";"DEL01-RJ";"UOP02-DEL01-RJ"
543307;2023-08-19;"sábado";"14:05:00";"SP";116;52,5;"LORENA";"Demais falhas mecânicas ou elétricas";"Tombamento";"Com Vítimas Feridas";"Pleno dia";"Decrescente";"Sol";"Dupla";"Reta";"Não";2;0;2;0;0;0;2;1;-22,74708138;-45,09973038;"SPRF-SP";"DEL08-SP";"UOP02-DEL08-SP"
543310;2023-08-19;"sábado";"14:21:00";"ES";262;158;"IBATIBA";"Ingestão de álcool pelo condutor";"Colisão traseira";"Com Vítimas Feridas";"Pleno dia";"Crescente";"Céu Claro";"Múltipla";"Reta";"Sim";2;0;1;0;1;0;1;2;-20,23111383;-41,49626094;"SPRF-ES";"DEL01-ES";"UOP02-DEL01-ES"
543315;2023-08-19;"sábado";"15:10:00";"SP";116;269;"TABOAO DA SERRA";"Acessar a via sem observar a presença dos outros veículos";"Colisão transversal";"Com Vítimas Feridas";"Pleno dia";"Crescente";"Céu Claro";"Dupla";"Interseção de Vias";"Sim";2;0;1;0;1;0;1;2;-23,61593059;-46,78826044;"SPRF-SP";"DEL04-SP";"UOP01-DEL04-SP"
543320;2023-08-19;"sábado";"14:50:00";"SC";470;1,2;"NAVEGANTES";"Pedestre cruzava a pista fora da faixa";"Atropelamento de Pedestre";"Com Vítimas Feridas";"Pleno dia";"Crescente";"Nublado";"Dupla";"Reta";"Sim";2;0;0;1;1;0;1;2;-26,875383;-48,668285;"SPRF-SC";"DEL04-SC";"UOP04-DEL04-SC"
543321;2023-08-19;"sábado";"16:09:00";"MA";316;488,8;"CODO";"Ingestão de álcool pelo condutor";"Colisão frontal";"Com Vítimas Fatais";"Pleno dia";"Crescente";"Céu Claro";"Simples";"Reta";"Sim";4;2;1;0;1;0;1;2;-4,633326;-43,871956;"SPRF-MA";"DEL03-MA";"UOP02-DEL03-MA"
543323;2023-08-19;"sábado";"16:00:00";"PR";277;110;"CAMPO LARGO";"Acessar a via sem observar a presença dos outros veículos";"Colisão frontal";"Com Vítimas Feridas";"Pleno dia";"Decrescente";"Céu Claro";"Simples";"Interseção de Vias;Curva";"Sim";3;0;2;0;1;0;2;2;-25,44333274;-49,4532609;"SPRF-PR";"DEL03-PR";"UOP03-DEL03-PR"
543324;2023-08-19;"sábado";"15:50:00";"PI";316;6,5;"TERESINA";"Condutor deixou de manter distância do veículo da frente";"Colisão traseira";"Com Vítimas Feridas";"Pleno dia";"Decrescente";"Céu Claro";"Múltipla";"Aclive;Reta";"Sim";2;0;1;0;1;0;1;2;-5,155307;-42,771758;"SPRF-PI";"DEL01-PI";"UOP02-DEL01-PI"
543325;2023-08-19;"sábado";"16:50:00";"CE";116;27;"AQUIRAZ";"Ingestão de álcool pelo condutor";"Colisão transversal";"Sem Vítimas";"Pleno dia";"Decrescente";"Céu Claro";"Dupla";"Reta";"Não";2;0;0;0;2;0;0;2;-3,98418708;-38,5151357;"SPRF-CE";"DEL01-CE";"UOP02-DEL01-CE"
543329;2023-08-19;"sábado";"16:30:00";"SC";101;216;"PALHOCA";"Desrespeitar a preferência no cruzamento";"Colisão transversal";"Com Vítimas Feridas";"Pleno dia";"Crescente";"Céu Claro";"Simples";"Rotatória";"Não";4;0;2;0;2;0;2;2;-27,65586529;-48,6794275;"SPRF-SC";"DEL01-SC";"UOP02-DEL01-SC"
543330;2023-08-19;"sábado";"11:30:00";"PI";20;385;"PIO IX";"Entrada inopinada do pedestre";"Atropelamento de Pedestre";"Com Vítimas Fatais";"Pleno dia";"Crescente";"Céu Claro";"Simples";"Reta";"Não";2;1;0;0;0;1;0;2;-6,66602431;-40,90333165;"SPRF-PI";"DEL04-PI";"UOP01-DEL04-PI"
543332;2023-08-19;"sábado";"14:12:00";"PA";230;698,6;"BRASIL NOVO";"Ausência de reação do condutor";"Queda de ocupante de veículo";"Com Vítimas Feridas";"Pleno dia";"Crescente";"Céu Claro";"Simples";"Declive;Reta";"Sim";2;0;1;1;0;0;2;2;-3,307562;-52,527344;"SPRF-PA";"DEL04-PA";"UOP01-DEL04-PA"
543333;2023-08-19;"sábado";"17:30:00";"ES";101;290,3;"CARIACICA";"Reação tardia ou ineficiente do condutor";"Tombamento";"Com Vítimas Feridas";"Anoitecer";"Crescente";"Céu Claro";"Dupla";"Declive";"Não";2;0;1;1;0;0;2;1;-20,28927747;-40,39181575;"SPRF-ES";"DEL01-ES";"UOP01-DEL01-ES"
543336;2023-08-19;"sábado";"17:00:00";"MT";364;268;"JACIARA";"Ausência de reação do condutor";"Saída de leito carroçável";"Com Vítimas Feridas";"Pleno dia";"Crescente";"Céu Claro";"Dupla";"Reta";"Não";1;0;0;1;0;0;1;1;-15,974228;-54,938;"SPRF-MT";"DEL02-MT";"UOP01-DEL02-MT"
543337;2023-08-19;"sábado";"15:30:00";"MG";116;425,8;"ALPERCATA";"Demais falhas mecânicas ou elétricas";"Incêndio";"Com Vítimas Feridas";"Pleno dia";"Decrescente";"Céu Claro";"Simples";"Reta";"Não";1;0;1;0;0;0;1;1;-18,96299507;-41,97075176;"SPRF-MG";"DEL06-MG";"UOP01-DEL06-MG"
543339;2023-08-19;"sábado";"17:00:00";"CE";222;310;"TIANGUA";"Desrespeitar a preferência no cruzamento";"Colisão transversal";"Com Vítimas Feridas";"Pleno dia";"Decrescente";"Céu Claro";"Dupla";"Viaduto";"Sim";4;0;2;0;1;1;2;3;-3,70670595;-40,97707006;"SPRF-CE";"DEL04-CE";"UOP02-DEL04-CE"
543342;2023-08-19;"sábado";"16:30:00";"MG";116;304,3;"ITAMBACURI";"Acessar a via sem observar a presença dos outros veículos";"Colisão transversal";"Com Vítimas Feridas";"Pleno dia";"Crescente";"Céu Claro";"Simples";"Reta";"Não";2;0;0;1;1;0;1;2;-18,025635;-41,648873;"SPRF-MG";"DEL11-MG";"UOP01-DEL11-MG"
543343;2023-08-19;"sábado";"18:20:00";"PB";101;96;"CONDE";"Reação tardia ou ineficiente do condutor";"Colisão traseira";"Com Vítimas Feridas";"Plena Noite";"Crescente";"Céu Claro";"Múltipla";"Reta";"Sim";2;0;1;0;0;1;1;2;-7,230921;-34,921149;"SPRF-PB";"DEL01-PB";"UOP02-DEL01-PB"
543345;2023-08-19;"sábado";"18:30:00";"ES";101;260,5;"SERRA";"Reação tardia ou ineficiente do condutor";"Queda de ocupante de veículo";"Com Vítimas Feridas";"Anoitecer";"Crescente";"Céu Claro";"Dupla";"Reta";"Não";2;0;1;1;0;0;2;1;-20,14616415;-40,28836206;"SPRF-ES";"DEL02-ES";"UOP01-DEL02-ES"
543346;2023-08-19;"sábado";"19:10:00";"SC";101;176;"BIGUACU";"Ausência de reação do condutor";"Queda de ocupante de veículo";"Com Vítimas Feridas";"Plena Noite";"Crescente";"Nublado";"Dupla";"Reta";"Não";1;0;0;1;0;0;1;1;-27,34661396;-48,63300917;"SPRF-SC";"DEL01-SC";"UOP01-DEL01-SC"
543347;2023-08-19;"sábado";"19:20:00";"MG";116;469,8;"TARUMIRIM";"Acessar a via sem observar a presença dos outros veículos";"Colisão frontal";"Com Vítimas Fatais";"Plena Noite";"Crescente";"Céu Claro";"Simples";"Interseção de Vias";"Não";4;1;2;1;0;0;3;2;-19,31016755;-42,0786674;"SPRF-MG";"DEL06-MG";"UOP02-DEL06-MG"
543348;2023-08-19;"sábado";"18:20:00";"PR";467;92,5;"CASCAVEL";"Velocidade Incompatível";"Saída de leito carroçável";"Com Vítimas Feridas";"Anoitecer";"Crescente";"Céu Claro";"Dupla";"Curva";"Não";1;0;1;0;0;0;1;1;-24,8543;-53,5952;"SPRF-PR";"DEL04-PR";"UOP01-DEL04-PR"
543349;2023-08-19;"sábado";"19:40:00";"ES";101;57;"SAO MATEUS";"Reação tardia ou ineficiente do condutor";"Colisão traseira";"Sem Vítimas";"Plena Noite";"Decrescente";"Céu Claro";"Simples";"Reta";"Não";3;0;0;0;3;0;0;2;-18,64677697;-39,87407788;"SPRF-ES";"DEL04-ES";"UOP02-DEL04-ES"
543350;2023-08-19;"sábado";"18:00:00";"MS";267;28;"BATAGUASSU";"Acessar a via sem observar a presença dos outros veículos";"Tombamento";"Com Vítimas Feridas";"Anoitecer";"Crescente";"Nublado";"Dupla";"Curva";"Sim";1;0;1;0;0;0;1;1;-21,72090146;-52,41360507;"SPRF-MS";"DEL02-MS";"UOP04-DEL02-MS"
543351;2023-08-19;"sábado";"18:00:00";"PE";232;305;"SERTANIA";"Animais na Pista";"Atropelamento de Animal";"Com Vítimas Feridas";"Plena Noite";"Decrescente";"Céu Claro";"Simples";"Reta";"Não";2;0;1;1;0;0;2;1;-8,19109556;-37,44132256;"SPRF-PE";"DEL04-PE";"UOP02-DEL04-PE"
543352;2023-08-19;"sábado";"19:20:00";"SC";101;463;"PASSO DE TORRES";"Ausência de reação do condutor";"Tombamento";"Com Vítimas Feridas";"Plena Noite";"Decrescente";"Céu Claro";"Simples";"Rotatória";"Não";1;0;1;0;0;0;1;1;-29,29421214;-49,76369977;"SPRF-RS";"DEL03-RS";"UOP02-DEL03-RS"
543353;2023-08-19;"sábado";"19:40:00";"SP";153;75,7;"BADY BASSITT";"Reação tardia ou ineficiente do condutor";"Colisão traseira";"Com Vítimas Feridas";"Plena Noite";"Crescente";"Céu Claro";"Dupla";"Curva;Declive";"Sim";3;0;1;0;2;0;1;2;-20,89418221;-49,43387582;"SPRF-SP";"DEL09-SP";"UOP01-DEL09-SP"
543355;2023-08-19;"sábado";"20:00:00";"ES";101;141,7;"LINHARES";"Acessar a via sem observar a presença dos outros veículos";"Colisão frontal";"Com Vítimas Feridas";"Plena Noite";"Crescente";"Céu Claro";"Múltipla";"Reta";"Sim";3;0;2;1;0;0;3;2;-19,32655693;-40,07192387;"SPRF-ES";"DEL04-ES";"UOP01-DEL04-ES"
543356;2023-08-19;"sábado";"20:00:00";"RS";293;13;"CAPAO DO LEAO";"Transitar na contramão";"Colisão lateral sentido oposto";"Sem Vítimas";"Plena Noite";"Crescente";"Céu Claro";"Simples";"Reta";"Sim";2;0;0;0;2;0;0;2;-31,7543548;-52,45089496;"SPRF-RS";"DEL07-RS";"UOP01-DEL07-RS"
543357;2023-08-19;"sábado";"17:20:00";"MA";10;320,8;"ACAILANDIA";"Ultrapassagem Indevida";"Colisão lateral mesmo sentido";"Com Vítimas Feridas";"Pleno dia";"Crescente";"Céu Claro";"Simples";"Declive;Interseção de Vias;Reta";"Sim";2;0;0;1;1;0;1;2;-4,94364596;-47,50313401;"SPRF-MA";"DEL04-MA";"UOP03-DEL04-MA"
543358;2023-08-19;"sábado";"19:00:00";"RS";101;44;"TERRA DE AREIA";"Acessar a via sem observar a presença dos outros veículos";"Colisão traseira";"Com Vítimas Feridas";"Plena Noite";"Decrescente";"Céu Claro";"Dupla";"Reta";"Sim";3;0;2;0;1;0;2;2;-29,561518;-50,045163;"SPRF-RS";"DEL03-RS";"UOP02-DEL03-RS"
543359;2023-08-19;"sábado";"20:10:00";"GO";40;12,9;"LUZIANIA";"Ingestão de álcool ou de substâncias psicoativas pelo pedestre";"Atropelamento de Pedestre";"Sem Vítimas";"Plena Noite";"Crescente";"Céu Claro";"Dupla";"Reta";"Sim";2;0;0;0;1;1;0;2;-16,145123;-47,945382;"SPRF-DF";"DEL01-DF";"UOP01-DEL01-DF"
543360;2023-08-19;"sábado";"18:00:00";"MT";163;929;"ITAUBA";"Ausência de reação do condutor";"Queda de ocupante de veículo";"Com Vítimas Feridas";"Plena Noite";"Decrescente";"Céu Claro";"Simples";"Reta";"Não";1;0;0;1;0;0;1;1;-11,18101607;-55,31012039;"SPRF-MT";"DEL06-MT";"UOP02-DEL06-MT"
543361;2023-08-19;"sábado";"20:30:00";"RJ";101;486;"ANGRA DOS REIS";"Reação tardia ou ineficiente do condutor";"Colisão traseira";"Sem Vítimas";"Plena Noite";"Crescente";"Ignorado";"Simples";"Reta";"Sim";2;0;0;0;2;0;0;2;-22,97708786;-44,29634653;"SPRF-RJ";"DEL03-RJ";"UOP03-DEL03-RJ"
543363;2023-08-19;"sábado";"21:00:00";"ES";259;57;"COLATINA";"Ingestão de álcool pelo condutor";"Colisão traseira";"Sem Vítimas";"Plena Noite";"Crescente";"Céu Claro";"Simples";"Declive";"Não";2;0;0;0;2;0;0;2;-19,50865703;-40,65581416;"SPRF-ES";"DEL02-ES";"UOP01-DEL02-ES"
543366;2023-08-19;"sábado";"19:15:00";"GO";153;313,8;"RIALMA";"Reação tardia ou ineficiente do condutor";"Saída de leito carroçável";"Com Vítimas Feridas";"Plena Noite";"Crescente";"Céu Claro";"Simples";"Reta";"Não";1;0;1;0;0;0;1;1;-15,393724;-49,547279;"SPRF-GO";"DEL02-GO";"UOP02-DEL02-GO"
543368;2023-08-19;"sábado";"20:45:00";"BA";101;905,1;"NOVA VICOSA";"Velocidade Incompatível";"Saída de leito carroçável";"Com Vítimas Feridas";"Plena Noite";"Decrescente";"Céu Claro";"Simples";"Curva";"Não";2;0;0;1;1;0;1;1;-17,95919696;-39,86084979;"SPRF-BA";"DEL09-BA";"UOP02-DEL09-BA"
543369;2023-08-19;"sábado";"18:30:00";"RJ";116;176;"SAO JOAO DE MERITI";"Demais falhas na via";"Colisão com objeto";"Com Vítimas Feridas";"Anoitecer";"Decrescente";"Céu Claro";"Múltipla";"Curva";"Sim";2;0;1;0;1;0;1;1;-22,7839538;-43,38195488;"SPRF-RJ";"DEL01-RJ";"UOP02-DEL01-RJ"
543370;2023-08-19;"sábado";"20:30:00";"PR";469;12,5;"FOZ DO IGUACU";"Ausência de sinalização";"Colisão lateral mesmo sentido";"Com Vítimas Feridas";"Plena Noite";"Crescente";"Céu Claro";"Simples";"Reta;Em Obras";"Sim";2;0;1;0;1;0;1;2;-25,5754;-54,5489;"SPRF-PR";"DEL05-PR";"UOP04-DEL05-PR"
543371;2023-08-19;"sábado";"19:50:00";"GO";60;27,2;"ALEXANIA";"Reação tardia ou ineficiente do condutor";"Colisão traseira";"Com Vítimas Feridas";"Plena Noite";"Crescente";"Céu Claro";"Dupla";"Declive;Ponte;Reta";"Não";3;0;3;0;0;0;3;2;-16,10172134;-48,46037149;"SPRF-DF";"DEL03-DF";"UOP01-DEL03-DF"
543374;2023-08-19;"sábado";"20:15:00";"RS";158;300,4;"ITAARA";"Ingestão de álcool pelo condutor";"Colisão frontal";"Com Vítimas Feridas";"Plena Noite";"Decrescente";"Nublado";"Simples";"Reta;Declive";"Não";2;0;0;2;0;0;2;2;-29,53368404;-53,73976696;"SPRF-RS";"DEL09-RS";"UOP01-DEL09-RS"
543375;2023-08-19;"sábado";"20:30:00";"MG";381;4,5;"BETIM";"Ingestão de álcool pelo condutor";"Colisão com objeto";"Sem Vítimas";"Plena Noite";"Crescente";"Nublado";"Dupla";"Reta";"Não";1;0;0;0;1;0;0;1;-19,98691462;-44,17967688;"SPRF-MG";"DEL01-MG";"UOP03-DEL01-MG"
543376;2023-08-19;"sábado";"21:00:00";"RS";386;429,5;"NOVA SANTA RITA";"Reação tardia ou ineficiente do condutor";"Queda de ocupante de veículo";"Com Vítimas Feridas";"Plena Noite";"Decrescente";"Céu Claro";"Dupla";"Reta";"Não";1;0;1;0;0;0;1;1;-29,826061;-51,332359;"SPRF-RS";"DEL04-RS";"UOP02-DEL04-RS"
543377;2023-07-23;"domingo";"04:15:00";"RS";392;257,5;"CACAPAVA DO SUL";"Acessar a via sem observar a presença dos outros veículos";"Colisão transversal";"Com Vítimas Feridas";"Plena Noite";"Crescente";"Ignorado";"Simples";"Reta;Aclive;Interseção de Vias";"Sim";3;0;2;0;1;0;2;2;-30,496409;-53,477132;"SPRF-RS";"DEL09-RS";"UOP02-DEL09-RS"
543378;2023-08-19;"sábado";"20:45:00";"PE";423;90,5;"GARANHUNS";"Ingestão de álcool pelo condutor";"Colisão traseira";"Com Vítimas Feridas";"Plena Noite";"Crescente";"Garoa/Chuvisco";"Simples";"Reta";"Não";4;0;1;0;3;0;1;2;-8,84566879;-36,4596095;"SPRF-PE";"DEL03-PE";"UOP01-DEL03-PE"