"id";"data_inversa";"dia_semana";"horario";"uf";"br";"km";"municipio";"causa_acidente";"tipo_acidente";"classificacao_acidente";"fase_dia";"sentido_via";"condicao_metereologica";"tipo_pista";"tracado_via";"uso_solo";"pessoas";"mortos";"feridos_leves";"feridos_graves";"ilesos";"ignorados";"feridos";"veiculos";"latitude";"longitude";"regional";"delegacia";"uop"
543379;2023-08-19;"sábado";"20:40:00";"BA";116;817,1;"VITORIA DA CONQUISTA";"Reação tardia ou ineficiente do condutor";"Saída de leito carroçável";"Com Vítimas Feridas";"Plena Noite";"Decrescente";"Nublado";"Simples";"Reta";"Não";1;0;1;0;0;0;1;1;-14,82055;-40,81267;"SPRF-BA";"DEL08-BA";"UOP01-DEL08-BA"
543380;2023-08-19;"sábado";"14:24:00";"AC";364;222;"SENA MADUREIRA";"Demais falhas mecânicas ou elétricas";"Atropelamento de Pedestre";"Com Vítimas Fatais";"Pleno dia";"Crescente";"Céu Claro";"Simples";"Reta";"Não";2;1;0;0;1;0;0;2;-9,44187243;-68,39875551;"SPRF-AC";"DEL01-AC";"UOP01-DEL01-AC"
543382;2023-08-18;"sexta-feira";"18:30:00";"RJ";116;243;"PIRAI";"Acessar a via sem observar a presença dos outros veículos";"Atropelamento de Pedestre";"Com Vítimas Feridas";"Anoitecer";"Decrescente";"Céu Claro";"Dupla";"Reta";"Sim";2;0;1;0;1;0;1;2;-22,63023454;-43,91033921;"SPRF-RJ";"DEL07-RJ";"UOP01-DEL07-RJ"
543383;2023-08-19;"sábado";"19:40:00";"SP";459;31,8;"LORENA";"Entrada inopinada do pedestre";"Atropelamento de Pedestre";"Com Vítimas Feridas";"Plena Noite";"Crescente";"Céu Claro";"Simples";"Reta";"Sim";2;0;0;2;0;0;2;2;-22,732813;-45,098679;"SPRF-SP";"DEL08-SP";"UOP02-DEL08-SP"
543385;2023-08-19;"sábado";"20:35:00";"SC";470;247,3;"CURITIBANOS";"Velocidade Incompatível";"Saída de leito carroçável";"Com Vítimas Feridas";"Plena Noite";"Crescente";"Céu Claro";"Simples";"Reta";"Sim";2;0;2;0;0;0;2;1;-27,312819;-50,560728;"SPRF-SC";"DEL05-SC";"UOP03-DEL05-SC"
543386;2023-08-19;"sábado";"22:00:00";"SC";280;66;"JARAGUA DO SUL";"Conversão proibida";"Colisão transversal";"Com Vítimas Feridas";"Plena Noite";"Decrescente";"Céu Claro";"Simples";"Reta";"Sim";2;0;1;0;1;0;1;2;-26,478254;-49,102419;"SPRF-SC";"DEL03-SC";"UOP03-DEL03-SC"
543387;2023-08-19;"sábado";"22:00:00";"PE";232;94,3;"GRAVATA";"Acumulo de água sobre o pavimento";"Saída de leito carroçável";"Com Vítimas Feridas";"Plena Noite";"Crescente";"Chuva";"Dupla";"Reta";"Não";4;0;1;1;2;0;2;1;-8,22473335;-35,69081624;"SPRF-PE";"DEL02-PE";"UOP02-DEL02PE"
543388;2023-08-19;"sábado";"23:00:00";"TO";10;456;"PALMAS";"Ausência de sinalização";"Colisão traseira";"Com Vítimas Feridas";"Plena Noite";"Decrescente";"Céu Claro";"Múltipla";"Declive;Reta";"Não";2;0;1;0;1;0;1;2;-10,20863984;-48,15545194;"SPRF-TO";"DEL01-TO";"UOP03-DEL01-TO"
543389;2023-08-19;"sábado";"21:50:00";"SC";116;68,2;"MONTE CASTELO";"Acessar a via sem observar a presença dos outros veículos";"Colisão transversal";"Com Vítimas Feridas";"Plena Noite";"Crescente";"Nublado";"Simples";"Aclive;Reta;Interseção de Vias";"Sim";3;0;2;0;0;1;2;2;-26,4526362;-50,2277937;"SPRF-SC";"DEL06-SC";"UOP02-DEL06-SC"
543391;2023-08-19;"sábado";"20:53:00";"SP";153;274,6;"OCAUCU";"Ingestão de álcool pelo condutor";"Saída de leito carroçável";"Sem Vítimas";"Plena Noite";"Crescente";"Nublado";"Simples";"Curva;Aclive";"Não";2;0;0;0;0;2;0;2;-22,37013;-49,863808;"SPRF-SP";"DEL07-SP";"UOP02-DEL07-SP"
543392;2023-08-19;"sábado";"19:20:00";"MG";365;165;"PIRAPORA";"Entrada inopinada do pedestre";"Atropelamento de Pedestre";"Com Vítimas Feridas";"Plena Noite";"Crescente";"Céu Claro";"Simples";"Rotatória";"Sim";2;0;0;1;1;0;1;2;-17,368853;-44,942242;"SPRF-MG";"DEL10-MG";"UOP02-DEL010-MG"
543393;2023-08-19;"sábado";"21:40:00";"RJ";393;134,5;"SAPUCAIA";"Reação tardia ou ineficiente do condutor";"Capotamento";"Com Vítimas Feridas";"Plena Noite";"Decrescente";"Céu Claro";"Simples";"Reta";"Sim";1;0;0;1;0;0;1;1;-21,98473799;-42,89796901;"SPRF-RJ";"DEL05-RJ";"UOP01-DEL05-RJ"
543394;2023-08-19;"sábado";"22:10:00";"GO";60;168;"ABADIA DE GOIAS";"Ausência de reação do condutor";"Colisão lateral mesmo sentido";"Com Vítimas Feridas";"Plena Noite";"Crescente";"Céu Claro";"Dupla";"Reta;Declive";"Sim";2;0;1;0;1;0;1;2;-16,7223;-49,3746;"SPRF-GO";"DEL01-GO";"UOP02-DEL01-GO"
543396;2023-08-19;"sábado";"17:30:00";"PR";163;113,5;"CAPANEMA";"Transitar na contramão";"Colisão frontal";"Com Vítimas Feridas";"Pleno dia";"Decrescente";"Céu Claro";"Simples";"Curva";"Não";2;0;0;1;1;0;1;2;-25,621395;-53,645793;"SPRF-PR";"DEL02-PR";"UOP02-DEL02-PR"
543397;2023-08-19;"sábado";"20:00:00";"PA";10;331;"SAO MIGUEL DO GUAMA";"Ausência de reação do condutor";"Colisão frontal";"Com Vítimas Fatais";"Plena Noite";"Crescente";"Céu Claro";"Simples";"Reta";"Não";2;1;0;0;0;1;0;2;-1,54592096;-47,51292285;"SPRF-PA";"DEL01-PA";"UOP02-DEL01-PA"
543398;2023-08-19;"sábado";"18:30:00";"MT";174;306;"PONTES E LACERDA";"Ausência de reação do condutor";"Colisão frontal";"Com Vítimas Feridas";"Plena Noite";"Crescente";"Céu Claro";"Simples";"Em Obras;Reta";"Não";4;0;0;1;3;0;1;2;-15,08374502;-59,29660595;"SPRF-MT";"DEL04-MT";"UOP01-DEL04-MT"
543399;2023-08-19;"sábado";"19:50:00";"MG";146;418,1;"MUZAMBINHO";"Velocidade Incompatível";"Colisão com objeto";"Sem Vítimas";"Plena Noite";"Crescente";"Céu Claro";"Simples";"Declive;Ponte;Curva";"Não";1;0;0;0;0;1;0;1;-21,33136464;-46,57216787;"SPRF-MG";"DEL09-MG";"UOP01-DEL09-MG"
543400;2023-08-19;"sábado";"23:45:00";"SC";280;58,9;"GUARAMIRIM";"Velocidade Incompatível";"Colisão com objeto";"Com Vítimas Feridas";"Plena Noite";"Decrescente";"Céu Claro";"Dupla";"Curva";"Sim";1;0;0;1;0;0;1;1;-26,4748037;-49,0295697;"SPRF-SC";"DEL03-SC";"UOP03-DEL03-SC"
543404;2023-08-19;"sábado";"18:40:00";"MG";116;701,9;"MURIAE";"Desrespeitar a preferência no cruzamento";"Colisão transversal";"Com Vítimas Feridas";"Plena Noite";"Decrescente";"Céu Claro";"Simples";"Curva;Interseção de Vias";"Sim";2;0;1;0;1;0;1;2;-21,11084891;-42,3806104;"SPRF-MG";"DEL07-MG";"UOP02-DEL07-MG"
543406;2023-08-19;"sábado";"22:35:00";"RO";364;315;"PRESIDENTE MEDICI";"Avarias e/ou desgaste excessivo no pneu";"Tombamento";"Com Vítimas Feridas";"Plena Noite";"Decrescente";"Céu Claro";"Simples";"Reta";"Não";2;0;2;0;0;0;2;1;-11,10935386;-61,90211266;"SPRF-RO";"DEL02-RO";"UOP01-DEL02-RO"
543407;2023-08-19;"sábado";"23:00:00";"RJ";493;63,2;"NOVA IGUACU";"Demais falhas mecânicas ou elétricas";"Incêndio";"Sem Vítimas";"Plena Noite";"Crescente";"Nublado";"Dupla";"Reta";"Não";1;0;0;0;1;0;0;1;-22,67389699;-43,38809967;"SPRF-RJ";"DEL01-RJ";"UOP03-DEL01-RJ"
543408;2023-08-19;"sábado";"23:00:00";"RJ";101;506,9;"ANGRA DOS REIS";"Ingestão de álcool pelo condutor";"Colisão transversal";"Com Vítimas Feridas";"Plena Noite";"Crescente";"Céu Claro";"Simples";"Reta";"Sim";2;0;1;0;1;0;1;2;-22,93563;-44,40762;"SPRF-RJ";"DEL03-RJ";"UOP03-DEL03-RJ"
543409;2023-08-20;"domingo";"01:20:00";"MG";50;184;"UBERABA";"Animais na Pista";"Atropelamento de Animal";"Com Vítimas Feridas";"Plena Noite";"Crescente";"Céu Claro";"Dupla";"Reta";"Não";5;0;4;1;0;0;5;1;-19,80163169;-47,90598553;"SPRF-MG";"DEL13-MG";"UOP01-DEL13-MG"
543410;2023-08-20;"domingo";"01:00:00";"MG";262;408,5;"IGARATINGA";"Condutor usando celular";"Saída de leito carroçável";"Com Vítimas Feridas";"Plena Noite";"Crescente";"Céu Claro";"Dupla";"Reta";"Não";1;0;1;0;0;0;1;1;-19,90202206;-44,66114044;"SPRF-MG";"DEL08-MG";"UOP03-DEL08-MG"
543411;2023-08-20;"domingo";"01:30:00";"SP";116;114;"TAUBATE";"Manobra de mudança de faixa";"Colisão lateral mesmo sentido";"Sem Vítimas";"Plena Noite";"Crescente";"Céu Claro";"Dupla";"Reta";"Não";2;0;0;0;2;0;0;2;-23,04654177;-45,59018006;"SPRF-SP";"DEL02-SP";"UOP02-DEL02-SP"
543412;2023-08-20;"domingo";"01:40:00";"SP";116;229;"SAO PAULO";"Reação tardia ou ineficiente do condutor";"Colisão lateral mesmo sentido";"Com Vítimas Feridas";"Plena Noite";"Decrescente";"Vento";"Múltipla";"Aclive;Reta";"Sim";2;0;1;0;1;0;1;2;-23,51291902;-46,57604698;"SPRF-SP";"DEL01-SP";"UOP01-DEL01-SP"
543413;2023-08-20;"domingo";"01:50:00";"RS";116;241;"SAO LEOPOLDO";"Reação tardia ou ineficiente do condutor";"Colisão traseira";"Com Vítimas Feridas";"Plena Noite";"Crescente";"Céu Claro";"Dupla";"Reta";"Sim";3;0;2;0;1;0;2;2;-29,71696082;-51,14829898;"SPRF-RS";"DEL01-RS";"UOP02-DEL01-RS"
543416;2023-08-20;"domingo";"01:00:00";"PR";116;128;"FAZENDA RIO GRANDE";"Transitar na contramão";"Colisão frontal";"Com Vítimas Fatais";"Plena Noite";"Crescente";"Nevoeiro/Neblina";"Dupla";"Reta";"Sim";7;1;1;3;0;2;4;3;-25,657936;-49,312224;"SPRF-PR";"DEL01-PR";"UOP03-DEL01-PR"
543417;2023-08-20;"domingo";"01:20:00";"MG";50;184;"UBERABA";"Animais na Pista";"Atropelamento de Animal";"Com Vítimas Feridas";"Plena Noite";"Crescente";"Céu Claro";"Dupla";"Reta";"Não";1;0;1;0;0;0;1;1;-19,80945315;-47,90078523;"SPRF-MG";"DEL13-MG";"UOP01-DEL13-MG"
543418;2023-08-20;"domingo";"03:00:00";"PR";476;156,2;"ARAUCARIA";"Transitar na contramão";"Colisão lateral sentido oposto";"Sem Vítimas";"Plena Noite";"Decrescente";"Nevoeiro/Neblina";"Dupla";"Reta";"Não";2;0;0;0;2;0;0;2;-25,599157;-49,417736;"SPRF-PR";"DEL01-PR";"UOP06-DEL01-PR"
543419;2023-08-19;"sábado";"23:20:00";"BA";116;11;"VITORIA DA CONQUISTA";"Desrespeitar a preferência no cruzamento";"Colisão transversal";"Com Vítimas Feridas";"Plena Noite";"Decrescente";"Céu Claro";"Simples";"Reta";"Não";3;0;2;0;0;1;2;2;-14,87322;-40,871383;"SPRF-PE";"DEL05-PE";"UOP03-DEL05-PE"
543420;2023-08-20;"domingo";"02:30:00";"RJ";101;393;"RIO DE JANEIRO";"Acessar a via sem observar a presença dos outros veículos";"Atropelamento de Pedestre";"Com Vítimas Fatais";"Plena Noite";"Crescente";"Nublado";"Dupla";"Reta";"Não";3;1;0;0;2;0;0;2;-22,88499439;-43,71509694;"SPRF-RJ";"DEL03-RJ";"UOP01-DEL03-RJ"
543422;2023-08-20;"domingo";"02:00:00";"SC";101;94,7;"BARRA VELHA";"Transtornos Mentais (exceto suicidio)";"Saída de leito carroçável";"Com Vítimas Feridas";"Plena Noite";"Decrescente";"Céu Claro";"Dupla";"Reta";"Não";2;0;1;0;0;1;1;1;-26,69940401;-48,69902784;"SPRF-SC";"DEL03-SC";"UOP02-DEL03-SC"
543425;2023-08-20;"domingo";"03:20:00";"SC";101;209;"SAO JOSE";"Ausência de reação do condutor";"Capotamento";"Sem Vítimas";"Plena Noite";"Crescente";"Céu Claro";"Múltipla";"Reta";"Não";1;0;0;0;1;0;0;1;-27,61000542;-48,63895057;"SPRF-SC";"DEL01-SC";"UOP01-DEL01-SC"
543426;2023-08-20;"domingo";"02:45:00";"SC";470;247,4;"CURITIBANOS";"Velocidade Incompatível";"Colisão com objeto";"Com Vítimas Feridas";"Plena Noite";"Decrescente";"Nublado";"Simples";"Interseção de Vias";"Sim";2;0;2;0;0;0;2;1;-27,315269;-50,541786;"SPRF-SC";"DEL05-SC";"UOP03-DEL05-SC"
543427;2023-08-20;"domingo";"03:40:00";"TO";153;681;"GURUPI";"Ingestão de álcool pelo condutor";"Saída de leito carroçável";"Com Vítimas Feridas";"Plena Noite";"Crescente";"Céu Claro";"Simples";"Reta";"Não";1;0;1;0;0;0;1;1;-11,79764182;-49,12157239;"SPRF-TO";"DEL01-TO";"UOP02-DEL01-TO"
543430;2023-08-19;"sábado";"15:15:00";"BA";110;382,4;"SAO SEBASTIAO DO PASSE";"Reação tardia ou ineficiente do condutor";"Colisão lateral sentido oposto";"Com Vítimas Feridas";"Pleno dia";"Decrescente";"Céu Claro";"Simples";"Reta";"Não";5;0;1;0;4;0;1;2;-12,46815995;-38,47693711;"SPRF-BA";"DEL01-BA";"UOP01-DEL01-BA"
543431;2023-08-20;"domingo";"01:20:00";"PR";163;352;"GUAIRA";"Ingestão de álcool pelo condutor";"Colisão lateral sentido oposto";"Sem Vítimas";"Plena Noite";"Crescente";"Céu Claro";"Simples";"Ponte";"Não";2;0;0;0;2;0;0;2;-24,06182593;-54,25598145;"SPRF-PR";"DEL06-PR";"UOP01-DEL06-PR"
543432;2023-08-20;"domingo";"04:15:00";"SC";282;538,1;"CHAPECO";"Ausência de reação do condutor";"Saída de leito carroçável";"Com Vítimas Feridas";"Plena Noite";"Crescente";"Céu Claro";"Simples";"Reta";"Não";1;0;1;0;0;0;1;1;-26,998323;-52,673199;"SPRF-SC";"DEL07-SC";"UOP01-DEL07-SC"
543433;2023-08-20;"domingo";"04:00:00";"SC";101;347;"TUBARAO";"Ingestão de álcool pelo condutor";"Capotamento";"Sem Vítimas";"Plena Noite";"Crescente";"Céu Claro";"Dupla";"Reta";"Não";2;0;0;0;2;0;0;1;-28,56402604;-49,05410532;"SPRF-SC";"DEL02-SC";"UOP01-DEL02-SC"
543434;2023-08-19;"sábado";"23:00:00";"CE";403;25,3;"MARCO";"Manobra de mudança de faixa";"Colisão frontal";"Sem Vítimas";"Plena Noite";"Crescente";"Céu Claro";"Simples";"Reta";"Sim";2;0;0;0;0;2;0;2;-3,12214488;-40,08410786;"SPRF-CE";"DEL01-CE";"UOP03-DEL01-CE"
543435;2023-08-20;"domingo";"03:23:00";"PE";408;99;"SAO LOURENCO DA MATA";"Reação tardia ou ineficiente do condutor";"Colisão traseira";"Com Vítimas Feridas";"Amanhecer";"Crescente";"Chuva";"Dupla";"Declive;Interseção de Vias;Reta";"Não";3;0;1;0;0;2;1;3;-8,04133634;-35,02531212;"SPRF-PE";"DEL01-PE";"UOP01-DEL01-PE"
543436;2023-08-20;"domingo";"04:25:00";"MS";163;216;"CAARAPO";"Ingestão de álcool pelo condutor";"Saída de leito carroçável";"Sem Vítimas";"Plena Noite";"Crescente";"Céu Claro";"Dupla";"Reta";"Não";1;0;0;0;1;0;0;1;-22,56915207;-54,82118711;"SPRF-MS";"DEL04-MS";"UOP02-DEL04-MS"
543437;2023-08-20;"domingo";"05:50:00";"PR";116;174;"QUITANDINHA";"Velocidade Incompatível";"Saída de leito carroçável";"Sem Vítimas";"Amanhecer";"Decrescente";"Nevoeiro/Neblina";"Simples";"Declive;Reta";"Não";1;0;0;0;0;1;0;1;-25,89927738;-49,55847859;"SPRF-PR";"DEL01-PR";"UOP03-DEL01-PR"
543438;2023-08-20;"domingo";"03:40:00";"MG";116;581,4;"MANHUACU";"Ingestão de álcool pelo condutor";"Saída de leito carroçável";"Com Vítimas Fatais";"Plena Noite";"Decrescente";"Céu Claro";"Simples";"Reta";"Não";1;1;0;0;0;0;0;1;-20,20493736;-42,18252182;"SPRF-MG";"DEL06-MG";"UOP03-DEL06-MG"
543439;2023-08-19;"sábado";"18:55:00";"PA";316;42,3;"SANTA IZABEL DO PARA";"Desrespeitar a preferência no cruzamento";"Colisão transversal";"Com Vítimas Feridas";"Plena Noite";"Crescente";"Céu Claro";"Dupla";"Reta";"Sim";2;0;1;1;0;0;2;2;-1,27648404;-48,104951;"SPRF-PA";"DEL01-PA";"UOP01-DEL01-PA"
543440;2023-08-20;"domingo";"06:00:00";"GO";50;282;"CATALAO";"Desrespeitar a preferência no cruzamento";"Colisão transversal";"Com Vítimas Feridas";"Amanhecer";"Decrescente";"Céu Claro";"Simples";"Interseção de Vias;Reta";"Sim";3;0;1;0;2;0;1;2;-18,1896;-47,9511;"SPRF-GO";"DEL06-GO";"UOP01-DEL06-GO"
543441;2023-08-20;"domingo";"00:40:00";"SP";116;291,5;"ITAPECERICA DA SERRA";"Ausência de reação do condutor";"Queda de ocupante de veículo";"Com Vítimas Feridas";"Plena Noite";"Crescente";"Céu Claro";"Dupla";"Reta";"Sim";2;0;2;0;0;0;2;1;-23,72747522;-46,8938756;"SPRF-SP";"DEL04-SP";"UOP01-DEL04-SP"
543442;2023-08-20;"domingo";"03:00:00";"MG";381;480;"CONTAGEM";"Ausência de reação do condutor";"Colisão com objeto";"Sem Vítimas";"Plena Noite";"Decrescente";"Céu Claro";"Dupla";"Reta";"Sim";1;0;0;0;0;1;0;1;-19,95749597;-44,07899901;"SPRF-MG";"DEL01-MG";"UOP03-DEL01-MG"
543443;2023-08-20;"domingo";"05:40:00";"RJ";101;318;"SAO GONCALO";"Ausência de reação do condutor";"Queda de ocupante de veículo";"Com Vítimas Feridas";"Amanhecer";"Crescente";"Garoa/Chuvisco";"Dupla";"Reta";"Sim";3;0;2;0;1;0;2;2;-22,84562994;-43,09841211;"SPRF-RJ";"DEL02-RJ";"UOP02-DEL02-RJ"
543444;2023-08-20;"domingo";"06:50:00";"PR";376;433;"TIBAGI";"Ausência de reação do condutor";"Colisão com objeto";"Com Vítimas Feridas";"Amanhecer";"Decrescente";"Nevoeiro/Neblina";"Dupla";"Reta";"Não";1;0;0;1;0;0;1;1;-24,766214;-50,525484;"SPRF-PR";"DEL03-PR";"UOP02-DEL03-PR"
543445;2023-08-19;"sábado";"23:00:00";"RO";364;716;"PORTO VELHO";"Ausência de reação do condutor";"Atropelamento de Pedestre";"Com Vítimas Fatais";"Plena Noite";"Decrescente";"Céu Claro";"Dupla";"Reta";"Não";2;1;0;0;1;0;0;2;-8,78573785;-63,89817015;"SPRF-RO";"DEL01-RO";"UOP01-DEL01-RO"
543446;2023-08-20;"domingo";"00:50:00";"SP";116;273;"EMBU DAS ARTES";"Velocidade Incompatível";"Tombamento";"Com Vítimas Feridas";"Plena Noite";"Decrescente";"Céu Claro";"Múltipla";"Reta";"Sim";1;0;1;0;0;0;1;1;-23,62809795;-46,81870306;"SPRF-SP";"DEL04-SP";"UOP01-DEL04-SP"
543447;2023-08-20;"domingo";"06:00:00";"MS";163;418,3;"SIDROLANDIA";"Reação tardia ou ineficiente do condutor";"Saída de leito carroçável";"Sem Vítimas";"Amanhecer";"Decrescente";"Nevoeiro/Neblina";"Simples";"Aclive";"Não";1;0;0;0;1;0;0;1;-21,00893181;-54,50876798;"SPRF-MS";"DEL02-MS";"UOP01-DEL02-MS"
543448;2023-08-20;"domingo";"06:45:00";"PR";376;635,5;"SAO JOSE DOS PINHAIS";"Condutor Dormindo";"Colisão com objeto";"Com Vítimas Fatais";"Amanhecer";"Decrescente";"Nevoeiro/Neblina";"Dupla";"Curva";"Não";3;1;0;0;2;0;0;2;-25,73890105;-49,13059434;"SPRF-PR";"DEL01-PR";"UOP04-DEL01-PR"
543449;2023-08-20;"domingo";"06:50:00";"RN";226;168,3;"CURRAIS NOVOS";"Reação tardia ou ineficiente do condutor";"Capotamento";"Com Vítimas Feridas";"Pleno dia";"Crescente";"Céu Claro";"Simples";"Reta";"Não";2;0;2;0;0;0;2;1;-6,23417195;-36,45478404;"SPRF-RN";"DEL03-RN";"UOP02-DEL03-RN"
543450;2023-08-20;"domingo";"05:30:00";"PI";343;13,6;"PARNAIBA";"Condutor desrespeitou a iluminação vermelha do semáforo";"Atropelamento de Animal";"Com Vítimas Fatais";"Amanhecer";"Decrescente";"Céu Claro";"Dupla";"Reta;Interseção de Vias";"Sim";2;1;0;0;0;1;0;2;-2,919029;-41,754124;"SPRF-PI";"DEL05-PI";"UOP01-DEL05-PI"
543453;2023-05-29;"segunda-feira";"16:40:00";"SC";470;2;"NAVEGANTES";"Reação tardia ou ineficiente do condutor";"Colisão traseira";"Com Vítimas Feridas";"Pleno dia";"Decrescente";"Nublado";"Simples";"Reta";"Sim";2;0;1;0;0;1;1;2;-26,868551;-48,674831;"SPRF-SC";"DEL04-SC";"UOP04-DEL04-SC"
543454;2023-08-20;"domingo";"07:30:00";"ES";262;53;"MARECHAL FLORIANO";"Velocidade Incompatível";"Saída de leito carroçável";"Com Vítimas Feridas";"Pleno dia";"Crescente";"Céu Claro";"Simples";"Curva";"Não";1;0;0;1;0;0;1;1;-20,41363499;-40,723665;"SPRF-ES";"DEL01-ES";"UOP01-DEL01-ES"
543458;2023-08-20;"domingo";"08:30:00";"SP";116;228;"SAO PAULO";"Manobra de mudança de faixa";"Colisão lateral mesmo sentido";"Com Vítimas Feridas";"Pleno dia";"Crescente";"Céu Claro";"Múltipla";"Reta";"Sim";2;0;1;0;1;0;1;2;-23,50343484;-46,56638712;"SPRF-SP";"DEL01-SP";"UOP01-DEL01-SP"
543460;2023-07-31;"segunda-feira";"20:30:00";"PR";277;114;"CAMPO LARGO";"Reação tardia ou ineficiente do condutor";"Atropelamento de Pedestre";"Com Vítimas Fatais";"Plena Noite";"Decrescente";"Céu Claro";"Dupla";"Reta";"Sim";3;1;0;0;1;1;0;2;-25,445106;-49,498594;"SPRF-PR";"DEL03-PR";"UOP03-DEL03-PR"
543463;2023-08-20;"domingo";"08:10:00";"SC";101;204,6;"SAO JOSE";"Ingestão de álcool pelo condutor";"Saída de leito carroçável";"Sem Vítimas";"Pleno dia";"Decrescente";"Céu Claro";"Múltipla";"Reta";"Sim";1;0;0;0;1;0;0;1;-27,57413014;-48,61363083;"SPRF-SC";"DEL01-SC";"UOP01-DEL01-SC"
543465;2023-08-19;"sábado";"21:10:00";"RJ";465;3;"SEROPEDICA";"Retorno proibido";"Colisão frontal";"Com Vítimas Feridas";"Plena Noite";"Crescente";"Céu Claro";"Simples";"Reta";"Não";4;0;2;0;2;0;2;2;-22,73427;-43,711994;"SPRF-RJ";"DEL01-RJ";"UOP03-DEL01-RJ"
543466;2023-08-20;"domingo";"09:00:00";"MG";40;810;"MATIAS BARBOSA";"Velocidade Incompatível";"Colisão com objeto";"Sem Vítimas";"Pleno dia";"Crescente";"Nublado";"Simples";"Rotatória;Declive";"Sim";2;0;0;0;1;1;0;2;-21,875084;-43,339466;"SPRF-MG";"DEL05-MG";"UOP01-DEL05-MG"
543467;2023-08-20;"domingo";"09:30:00";"MG";381;688;"LAVRAS";"Demais falhas mecânicas ou elétricas";"Colisão com objeto";"Com Vítimas Feridas";"Pleno dia";"Decrescente";"Chuva";"Dupla";"Curva";"Não";2;0;1;0;1;0;1;1;-21,21737985;-45,1265452;"SPRF-MG";"DEL04-MG";"UOP02-DEL04-MG"
543468;2023-08-20;"domingo";"08:10:00";"GO";60;125;"GOIANAPOLIS";"Ingestão de álcool pelo condutor";"Saída de leito carroçável";"Com Vítimas Feridas";"Pleno dia";"Crescente";"Céu Claro";"Dupla";"Reta";"Não";2;0;2;0;0;0;2;1;-16,5291;-49,1391;"SPRF-GO";"DEL01-GO";"UOP01-DEL01-GO"
543470;2023-08-20;"domingo";"07:00:00";"CE";116;26;"ITAITINGA";"Transitar na contramão";"Colisão lateral sentido oposto";"Com Vítimas Feridas";"Pleno dia";"Crescente";"Céu Claro";"Simples";"Curva;Aclive;Viaduto";"Não";2;0;0;1;1;0;1;2;-3,9752959;-38,51436047;"SPRF-CE";"DEL01-CE";"UOP02-DEL01-CE"
543472;2023-08-20;"domingo";"08:00:00";"RS";392;12;"RIO GRANDE";"Reação tardia ou ineficiente do condutor";"Saída de leito carroçável";"Com Vítimas Feridas";"Amanhecer";"Decrescente";"Nublado";"Simples";"Curva";"Sim";1;0;1;0;0;0;1;1;-32,12601434;-52,13875392;"SPRF-RS";"DEL07-RS";"UOP02-DEL07-RS"
543473;2023-08-17;"quinta-feira";"07:00:00";"RJ";101;398,1;"ITAGUAI";"Avarias e/ou desgaste excessivo no pneu";"Saída de leito carroçável";"Com Vítimas Feridas";"Pleno dia";"Crescente";"Céu Claro";"Dupla";"Curva;Declive";"Sim";1;0;1;0;0;0;1;1;-22,86787912;-43,74862922;"SPRF-RJ";"DEL03-RJ";"UOP01-DEL03-RJ"
543474;2023-08-20;"domingo";"09:30:00";"PR";476;157,4;"ARAUCARIA";"Ultrapassagem Indevida";"Colisão frontal";"Sem Vítimas";"Pleno dia";"Decrescente";"Céu Claro";"Simples";"Aclive;Reta";"Sim";3;0;0;0;2;1;0;3;-25,60505642;-49,42043066;"SPRF-PR";"DEL01-PR";"UOP06-DEL01-PR"
543475;2023-08-20;"domingo";"09:20:00";"SP";116;98,8;"PINDAMONHANGABA";"Demais falhas mecânicas ou elétricas";"Colisão com objeto";"Com Vítimas Feridas";"Pleno dia";"Decrescente";"Nublado";"Dupla";"Declive";"Não";1;0;1;0;0;0;1;1;-22,98111308;-45,46196222;"SPRF-SP";"DEL08-SP";"UOP01-DEL08-SP"
543476;2023-08-19;"sábado";"21:45:00";"PA";10;236,9;"IPIXUNA DO PARA";"Animais na Pista";"Atropelamento de Animal";"Sem Vítimas";"Plena Noite";"Decrescente";"Céu Claro";"Simples";"Reta";"Não";2;0;0;0;2;0;0;1;-2,36527803;-47,55550605;"SPRF-PA";"DEL02-PA";"UOP01-DEL02-PA"
543477;2023-08-20;"domingo";"09:02:00";"ES";262;100;"VENDA NOVA DO IMIGRANTE";"Ausência de reação do condutor";"Colisão com objeto";"Com Vítimas Feridas";"Pleno dia";"Crescente";"Céu Claro";"Simples";"Curva";"Não";1;0;0;1;0;0;1;1;-20,34889991;-41,102073;"SPRF-ES";"DEL01-ES";"UOP02-DEL01-ES"
543478;2023-08-20;"domingo";"09:20:00";"SC";101;235;"CANOINHAS";"Desrespeitar a preferência no cruzamento";"Colisão transversal";"Sem Vítimas";"Pleno dia";"Decrescente";"Nevoeiro/Neblina";"Simples";"Interseção de Vias;Reta";"Sim";2;0;0;0;2;0;0;2;-26,19256068;-50,41652836;"SPRF-SC";"DEL01-SC";"UOP02-DEL01-SC"
543479;2023-08-20;"domingo";"08:30:00";"PE";424;20;"PEDRA";"Transitar na contramão";"Colisão frontal";"Com Vítimas Fatais";"Pleno dia";"Decrescente";"Céu Claro";"Simples";"Reta";"Não";2;1;1;0;0;0;1;2;-8,51024896;-36,92901694;"SPRF-PE";"DEL04-PE";"UOP02-DEL04-PE"
543480;2023-08-20;"domingo";"10:25:00";"PE";101;91;"CABO DE SANTO AGOSTINHO";"Ausência de reação do condutor";"Saída de leito carroçável";"Com Vítimas Feridas";"Pleno dia";"Crescente";"Chuva";"Dupla";"Reta";"Não";1;0;1;0;0;0;1;1;-8,22399812;-34,99290474;"SPRF-PE";"DEL01-PE";"UOP01-DEL01-PE"