"id";"data_inversa";"dia_semana";"horario";"uf";"br";"km";"municipio";"causa_acidente";"tipo_acidente";"classificacao_acidente";"fase_dia";"sentido_via";"condicao_metereologica";"tipo_pista";"tracado_via";"uso_solo";"pessoas";"mortos";"feridos_leves";"feridos_graves";"ilesos";"ignorados";"feridos";"veiculos";"latitude";"longitude";"regional";"delegacia";"uop"
543481;2023-08-20;"domingo";"09:50:00";"SC";470;29,5;"GASPAR";"Ausência de reação do condutor";"Colisão lateral mesmo sentido";"Com Vítimas Feridas";"Pleno dia";"Decrescente";"Nublado";"Dupla";"Reta";"Não";3;0;2;0;1;0;2;2;-26,89353252;-48,90880925;"SPRF-SC";"DEL04-SC";"UOP01-DEL04-SC"
543483;2023-08-20;"domingo";"06:25:00";"SC";470;87;"ASCURRA";"Transitar na contramão";"Colisão frontal";"Com Vítimas Fatais";"Amanhecer";"Decrescente";"Nublado";"Simples";"Reta";"Não";5;2;2;0;0;1;2;3;-26,94989757;-49,36842531;"SPRF-SC";"DEL04-SC";"UOP01-DEL04-SC"
543487;2023-08-20;"domingo";"11:10:00";"MG";381;791;"SAO GONCALO DO SAPUCAI";"Reação tardia ou ineficiente do condutor";"Colisão com objeto";"Com Vítimas Fatais";"Pleno dia";"Decrescente";"Céu Claro";"Dupla";"Curva";"Não";3;1;1;1;0;0;2;1;-21,92067259;-45,60998797;"SPRF-MG";"DEL16-MG";"UOP02-DEL16-MG"
543489;2023-08-20;"domingo";"11:45:00";"GO";40;11,9;"LUZIANIA";"Ingestão de álcool pelo condutor";"Colisão traseira";"Com Vítimas Feridas";"Pleno dia";"Decrescente";"Céu Claro";"Dupla";"Reta";"Sim";2;0;1;0;1;0;1;2;-16,138336;-47,951644;"SPRF-DF";"DEL01-DF";"UOP01-DEL01-DF"
543490;2023-08-20;"domingo";"11:35:00";"PE";232;133;"CARUARU";"Ingestão de álcool pelo condutor";"Colisão traseira";"Com Vítimas Feridas";"Pleno dia";"Decrescente";"Nublado";"Dupla";"Reta";"Sim";3;0;1;0;2;0;1;2;-8,30607988;-36,01576003;"SPRF-PE";"DEL02-PE";"UOP01-DEL02-PE"
543491;2023-08-20;"domingo";"09:00:00";"MA";135;46,2;"BACABEIRA";"Reação tardia ou ineficiente do condutor";"Capotamento";"Com Vítimas Feridas";"Pleno dia";"Crescente";"Céu Claro";"Dupla";"Curva;Declive;Em Obras";"Não";1;0;0;1;0;0;1;1;-2,932143;-44,333369;"SPRF-MA";"DEL01-MA";"UOP01-DEL01-MA"
543492;2023-08-20;"domingo";"10:50:00";"PR";376;470,8;"PONTA GROSSA";"Reação tardia ou ineficiente do condutor";"Tombamento";"Com Vítimas Feridas";"Pleno dia";"Crescente";"Nublado";"Dupla";"Curva";"Não";1;0;0;1;0;0;1;1;-25,02215092;-50,33360481;"SPRF-PR";"DEL03-PR";"UOP01-DEL03-PR"
543494;2023-08-20;"domingo";"07:40:00";"MG";153;242;"FRONTEIRA";"Reação tardia ou ineficiente do condutor";"Saída de leito carroçável";"Com Vítimas Feridas";"Pleno dia";"Crescente";"Céu Claro";"Simples";"Reta";"Sim";1;0;0;1;0;0;1;1;-20,29847332;-49,20614844;"SPRF-MG";"DEL13-MG";"UOP02-DEL13-MG"
543496;2023-08-20;"domingo";"10:43:00";"RJ";116;244;"PIRAI";"Ingestão de álcool e/ou substâncias psicoativas pelo pedestre";"Atropelamento de Pedestre";"Sem Vítimas";"Pleno dia";"Crescente";"Chuva";"Dupla";"Reta";"Não";2;0;0;0;1;1;0;2;-22,58294854;-43,96453857;"SPRF-RJ";"DEL07-RJ";"UOP01-DEL07-RJ"
543499;2023-08-20;"domingo";"12:35:00";"PB";230;35,6;"SANTA RITA";"Reação tardia ou ineficiente do condutor";"Colisão com objeto";"Com Vítimas Feridas";"Pleno dia";"Crescente";"Garoa/Chuvisco";"Simples";"Aclive;Curva;Viaduto";"Sim";4;0;1;2;1;0;3;1;-7,12381411;-34,94593263;"SPRF-PB";"DEL01-PB";"UOP01-DEL01-PB"
543500;2023-08-20;"domingo";"13:05:00";"SP";116;154;"SAO JOSE DOS CAMPOS";"Reação tardia ou ineficiente do condutor";"Colisão traseira";"Com Vítimas Feridas";"Pleno dia";"Crescente";"Céu Claro";"Dupla";"Reta";"Sim";3;0;2;0;1;0;2;2;-23,23903999;-45,92061901;"SPRF-SP";"DEL02-SP";"UOP01-DEL02-SP"
543501;2023-08-20;"domingo";"11:40:00";"SC";101;1,8;"GARUVA";"Velocidade Incompatível";"Colisão com objeto";"Com Vítimas Feridas";"Pleno dia";"Decrescente";"Céu Claro";"Dupla";"Reta";"Não";1;0;1;0;0;0;1;1;-25,98895627;-48,88356133;"SPRF-SC";"DEL03-SC";"UOP01-DEL03-SC"
543503;2023-08-20;"domingo";"13:35:00";"GO";40;64,9;"CRISTALINA";"Ausência de reação do condutor";"Saída de leito carroçável";"Com Vítimas Feridas";"Pleno dia";"Decrescente";"Céu Claro";"Simples";"Curva;Aclive";"Não";2;0;1;1;0;0;2;1;-16,56446697;-47,79052734;"SPRF-DF";"DEL01-DF";"UOP02-DEL01-DF"
543504;2023-08-20;"domingo";"14:00:00";"PR";376;223,9;"CAMBIRA";"Acessar a via sem observar a presença dos outros veículos";"Colisão transversal";"Com Vítimas Feridas";"Pleno dia";"Crescente";"Céu Claro";"Dupla";"Interseção de Vias";"Sim";4;0;1;0;3;0;1;2;-23,59643;-51,58092;"SPRF-PR";"DEL07-PR";"UOP03-DEL07-PR"
543505;2023-08-20;"domingo";"10:50:00";"SC";101;398;"MARACAJA";"Ausência de reação do condutor";"Colisão com objeto";"Com Vítimas Feridas";"Pleno dia";"Crescente";"Céu Claro";"Múltipla";"Curva";"Não";2;0;2;0;0;0;2;1;-28,836033;-49,420303;"SPRF-SC";"DEL02-SC";"UOP02-DEL02-SC"
543506;2023-06-09;"sexta-feira";"13:41:00";"PR";369;150,1;"LONDRINA";"Condutor desrespeitou a iluminação vermelha do semáforo";"Colisão transversal";"Com Vítimas Feridas";"Pleno dia";"Crescente";"Sol";"Dupla";"Reta;Interseção de Vias";"Sim";3;0;1;0;2;0;1;3;-23,292795;-51,162815;"SPRF-PR";"DEL07-PR";"UOP01-DEL07-PR"
543508;2023-08-20;"domingo";"11:40:00";"MA";316;262;"SANTA INES";"Condutor desrespeitou a iluminação vermelha do semáforo";"Colisão transversal";"Com Vítimas Feridas";"Pleno dia";"Decrescente";"Céu Claro";"Simples";"Retorno Regulamentado;Reta";"Sim";2;0;0;1;1;0;1;2;-3,66636028;-45,37687182;"SPRF-MA";"DEL02-MA";"UOP01-DEL02-MA"
543509;2023-08-20;"domingo";"14:20:00";"MG";262;93;"ABRE CAMPO";"Reação tardia ou ineficiente do condutor";"Colisão traseira";"Com Vítimas Feridas";"Pleno dia";"Decrescente";"Céu Claro";"Simples";"Reta";"Não";2;0;1;0;1;0;1;2;-20,31531995;-42,46661228;"SPRF-MG";"DEL03-MG";"UOP03-DEL03-MG"
543510;2023-08-20;"domingo";"14:15:00";"MG";40;782,7;"JUIZ DE FORA";"Avarias e/ou desgaste excessivo no pneu";"Saída de leito carroçável";"Com Vítimas Feridas";"Pleno dia";"Crescente";"Chuva";"Dupla";"Curva;Declive";"Não";2;0;0;1;1;0;1;1;-21,69593719;-43,44982474;"SPRF-MG";"DEL05-MG";"UOP01-DEL05-MG"
543511;2023-08-20;"domingo";"14:50:00";"PE";101;66,9;"RECIFE";"Frear bruscamente";"Colisão traseira";"Com Vítimas Feridas";"Pleno dia";"Crescente";"Chuva";"Simples";"Reta";"Sim";2;0;0;1;1;0;1;2;-8,03368534;-34,94184125;"SPRF-PE";"DEL01-PE";"UOP01-DEL01-PE"
543512;2023-08-20;"domingo";"13:44:00";"SC";101;205,5;"SAO JOSE";"Avarias e/ou desgaste excessivo no pneu";"Queda de ocupante de veículo";"Com Vítimas Feridas";"Pleno dia";"Decrescente";"Céu Claro";"Dupla";"Reta";"Sim";2;0;2;0;0;0;2;1;-27,58313237;-48,61532885;"SPRF-SC";"DEL01-SC";"UOP01-DEL01-SC"
543513;2023-08-20;"domingo";"11:30:00";"MT";364;291,6;"JACIARA";"Manobra de mudança de faixa";"Saída de leito carroçável";"Com Vítimas Feridas";"Pleno dia";"Crescente";"Céu Claro";"Dupla";"Reta";"Não";2;0;0;2;0;0;2;1;-15,89922799;-55,09840599;"SPRF-MT";"DEL05-MT";"UOP02-DEL05-MT"
543515;2023-08-20;"domingo";"15:12:00";"MG";381;479;"CONTAGEM";"Ausência de reação do condutor";"Queda de ocupante de veículo";"Com Vítimas Feridas";"Pleno dia";"Crescente";"Céu Claro";"Dupla";"Reta";"Sim";2;0;1;0;1;0;1;1;-19,96305728;-44,04902816;"SPRF-MG";"DEL01-MG";"UOP03-DEL01-MG"
543516;2023-08-20;"domingo";"08:08:00";"PA";163;599;"TRAIRAO";"Entrada inopinada do pedestre";"Atropelamento de Pedestre";"Sem Vítimas";"Pleno dia";"Crescente";"Céu Claro";"Simples";"Reta";"Não";2;0;0;0;0;2;0;2;-4,84477628;-56,15183988;"SPRF-PA";"DEL05-PA";"UOP02-DEL05-PA"
543518;2023-08-20;"domingo";"15:20:00";"MG";381;358,3;"JOAO MONLEVADE";"Reação tardia ou ineficiente do condutor";"Colisão transversal";"Com Vítimas Feridas";"Pleno dia";"Decrescente";"Céu Claro";"Simples";"Curva";"Sim";2;0;1;0;1;0;1;2;-19,85592801;-43,21689055;"SPRF-MG";"DEL03-MG";"UOP01-DEL03-MG"
543519;2023-08-20;"domingo";"11:00:00";"SC";101;273;"IMBITUBA";"Acessar a via sem observar a presença dos outros veículos";"Colisão transversal";"Com Vítimas Feridas";"Pleno dia";"Decrescente";"Sol";"Simples";"Reta";"Sim";4;0;2;0;2;0;2;2;-28,12382408;-48,69625015;"SPRF-SC";"DEL02-SC";"UOP03-DEL02-SC"
543520;2023-08-20;"domingo";"14:15:00";"MG";381;712,6;"CARMO DA CACHOEIRA";"Velocidade Incompatível";"Capotamento";"Com Vítimas Feridas";"Pleno dia";"Crescente";"Chuva";"Dupla";"Curva";"Não";4;0;2;0;2;0;2;1;-21,39692643;-45,20681689;"SPRF-MG";"DEL04-MG";"UOP02-DEL04-MG"
543522;2023-08-20;"domingo";"15:50:00";"PR";116;131;"FAZENDA RIO GRANDE";"Ingestão de álcool pelo condutor";"Colisão com objeto";"Com Vítimas Feridas";"Pleno dia";"Decrescente";"Céu Claro";"Simples";"Reta";"Sim";2;0;1;0;1;0;1;1;-25,690682;-49,316844;"SPRF-PR";"DEL01-PR";"UOP03-DEL01-PR"
543524;2023-08-20;"domingo";"14:30:00";"MG";116;760,8;"LEOPOLDINA";"Acessar a via sem observar a presença dos outros veículos";"Colisão transversal";"Com Vítimas Feridas";"Pleno dia";"Decrescente";"Chuva";"Simples";"Reta";"Sim";2;0;0;1;1;0;1;2;-21,51427716;-42,61283265;"SPRF-MG";"DEL07-MG";"UOP01-DEL07-MG"
543525;2023-08-20;"domingo";"15:00:00";"GO";60;112;"GOIANAPOLIS";"Ingestão de álcool pelo condutor";"Capotamento";"Sem Vítimas";"Pleno dia";"Crescente";"Céu Claro";"Dupla";"Reta";"Não";2;0;0;0;2;0;0;1;-16,4511;-49,0498;"SPRF-GO";"DEL01-GO";"UOP01-DEL01-GO"
543526;2023-08-20;"domingo";"16:30:00";"SP";116;216;"GUARULHOS";"Reação tardia ou ineficiente do condutor";"Queda de ocupante de veículo";"Com Vítimas Feridas";"Pleno dia";"Decrescente";"Céu Claro";"Dupla";"Aclive;Reta;Interseção de Vias";"Sim";1;0;0;1;0;0;1;1;-23,45056589;-46,46258105;"SPRF-SP";"DEL01-SP";"UOP01-DEL01-SP"
543527;2023-08-20;"domingo";"16:40:00";"MG";146;38;"CALDAS";"Ingestão de álcool pelo condutor";"Colisão transversal";"Com Vítimas Feridas";"Pleno dia";"Crescente";"Céu Claro";"Simples";"Reta";"Não";2;0;0;2;0;0;2;2;-21,988356;-46,33038;"SPRF-MG";"DEL10-MG";"UOP01-DEL10-MG"
543528;2023-08-20;"domingo";"13:00:00";"MG";381;727;"CARMO DA CACHOEIRA";"Chuva";"Capotamento";"Com Vítimas Feridas";"Pleno dia";"Decrescente";"Chuva";"Dupla";"Curva";"Não";1;0;1;0;0;0;1;1;-21,51583943;-45,22069256;"SPRF-MG";"DEL04-MG";"UOP02-DEL04-MG"
543529;2023-08-20;"domingo";"16:40:00";"SC";101;121;"ITAJAI";"Acessar a via sem observar a presença dos outros veículos";"Colisão lateral mesmo sentido";"Com Vítimas Feridas";"Pleno dia";"Decrescente";"Nublado";"Dupla";"Reta";"Sim";2;0;0;1;1;0;1;2;-26,92103178;-48,70856446;"SPRF-SC";"DEL04-SC";"UOP04-DEL04-SC"
543530;2023-08-20;"domingo";"15:40:00";"RN";406;149;"CEARA-MIRIM";"Demais falhas mecânicas ou elétricas";"Incêndio";"Sem Vítimas";"Pleno dia";"Crescente";"Céu Claro";"Simples";"Reta";"Sim";1;0;0;0;1;0;0;1;-5,6485583;-35,44127004;"SPRF-RN";"DEL02-RN";"UOP01-DEL02-RN"
543531;2023-08-20;"domingo";"10:50:00";"MG";50;115,1;"UBERABA";"Pista Escorregadia";"Saída de leito carroçável";"Com Vítimas Feridas";"Pleno dia";"Decrescente";"Chuva";"Dupla";"Reta";"Não";2;0;2;0;0;0;2;1;-19,26611991;-48,12839379;"SPRF-MG";"DEL13-MG";"UOP01-DEL13-MG"
543532;2023-08-20;"domingo";"16:15:00";"RS";471;460;"RIO GRANDE";"Pedestre andava na pista";"Atropelamento de Pedestre";"Com Vítimas Feridas";"Pleno dia";"Decrescente";"Nublado";"Simples";"Reta";"Sim";5;0;2;0;1;2;2;2;-32,078369;-52,274906;"SPRF-RS";"DEL07-RS";"UOP02-DEL07-RS"
543533;2023-08-20;"domingo";"17:00:00";"RS";386;419,2;"MONTENEGRO";"Ausência de reação do condutor";"Colisão com objeto";"Sem Vítimas";"Pleno dia";"Crescente";"Céu Claro";"Dupla";"Reta";"Não";3;0;0;0;3;0;0;1;-29,81805489;-51,42950177;"SPRF-RS";"DEL04-RS";"UOP02-DEL04-RS"
543534;2023-08-20;"domingo";"16:30:00";"RJ";393;174,4;"TRES RIOS";"Velocidade Incompatível";"Colisão com objeto";"Com Vítimas Feridas";"Pleno dia";"Crescente";"Chuva";"Simples";"Curva";"Não";3;0;3;0;0;0;3;1;-22,12390702;-43,194329;"SPRF-RJ";"DEL05-RJ";"UOP02-DEL05-RJ"
543535;2023-08-20;"domingo";"16:30:00";"RJ";40;67;"PETROPOLIS";"Reação tardia ou ineficiente do condutor";"Capotamento";"Com Vítimas Feridas";"Pleno dia";"Decrescente";"Garoa/Chuvisco";"Dupla";"Reta";"Não";1;0;1;0;0;0;1;1;-22,43674775;-43,1756712;"SPRF-RJ";"DEL06-RJ";"UOP01-DEL06-RJ"
543536;2023-08-20;"domingo";"15:50:00";"RS";392;19,7;"RIO GRANDE";"Reação tardia ou ineficiente do condutor";"Saída de leito carroçável";"Com Vítimas Feridas";"Pleno dia";"Decrescente";"Céu Claro";"Dupla";"Reta";"Sim";1;0;1;0;0;0;1;1;-32,0879243;-52,18669807;"SPRF-RS";"DEL07-RS";"UOP02-DEL07-RS"
543537;2023-08-20;"domingo";"14:30:00";"RJ";40;52;"PETROPOLIS";"Velocidade Incompatível";"Capotamento";"Com Vítimas Feridas";"Pleno dia";"Decrescente";"Chuva";"Dupla";"Curva";"Sim";4;0;4;0;0;0;4;1;-22,33571319;-43,13320403;"SPRF-RJ";"DEL05-RJ";"UOP02-DEL05-RJ"
543538;2023-08-20;"domingo";"16:10:00";"SC";101;57;"ARAQUARI";"Velocidade Incompatível";"Tombamento";"Com Vítimas Feridas";"Pleno dia";"Crescente";"Sol";"Simples";"Interseção de Vias";"Sim";2;0;2;0;0;0;2;1;-26,43646093;-48,81113029;"SPRF-SC";"DEL03-SC";"UOP01-DEL03-SC"
543539;2023-08-20;"domingo";"17:15:00";"BA";116;16,3;"VITORIA DA CONQUISTA";"Velocidade Incompatível";"Tombamento";"Com Vítimas Feridas";"Anoitecer";"Crescente";"Céu Claro";"Simples";"Interseção de Vias;Rotatória";"Sim";1;0;1;0;0;0;1;1;-14,902491;-40,844693;"SPRF-PE";"DEL05-PE";"UOP03-DEL05-PE"
543540;2023-08-20;"domingo";"16:40:00";"PR";277;691;"SAO MIGUEL DO IGUACU";"Reação tardia ou ineficiente do condutor";"Saída de leito carroçável";"Com Vítimas Feridas";"Pleno dia";"Crescente";"Céu Claro";"Dupla";"Aclive;Reta";"Sim";5;0;3;0;2;0;3;1;-25,3630051;-54,25351194;"SPRF-PR";"DEL05-PR";"UOP01-DEL05-PR"
543541;2023-08-20;"domingo";"15:20:00";"MG";40;708,3;"BARBACENA";"Avarias e/ou desgaste excessivo no pneu";"Colisão com objeto";"Com Vítimas Feridas";"Pleno dia";"Decrescente";"Chuva";"Dupla";"Reta";"Não";1;0;0;1;0;0;1;1;-21,23935869;-43,69985148;"SPRF-MG";"DEL05-MG";"UOP02-DEL05-MG"
543544;2023-08-20;"domingo";"17:30:00";"PR";277;690;"SAO MIGUEL DO IGUACU";"Retorno proibido";"Colisão transversal";"Com Vítimas Feridas";"Pleno dia";"Crescente";"Céu Claro";"Dupla";"Reta;Retorno Regulamentado";"Sim";3;0;1;0;2;0;1;2;-25,36023416;-54,2488414;"SPRF-PR";"DEL05-PR";"UOP01-DEL05-PR"
543546;2023-08-20;"domingo";"15:45:00";"RO";364;693;"CANDEIAS DO JAMARI";"Acesso irregular";"Colisão transversal";"Com Vítimas Feridas";"Pleno dia";"Decrescente";"Céu Claro";"Simples";"Reta";"Sim";4;0;1;2;0;1;3;2;-8,798112;-63,708916;"SPRF-RO";"DEL01-RO";"UOP01-DEL01-RO"
543547;2023-08-20;"domingo";"17:45:00";"SE";235;12;"NOSSA SENHORA DO SOCORRO";"Manobra de mudança de faixa";"Colisão lateral mesmo sentido";"Com Vítimas Feridas";"Plena Noite";"Crescente";"Céu Claro";"Simples";"Reta";"Não";2;0;0;1;1;0;1;2;-10,872643;-37,163246;"SPRF-SE";"DEL01-SE";"UOP01-DEL01-SE"
543548;2023-08-20;"domingo";"16:00:00";"RO";364;714;"PORTO VELHO";"Reação tardia ou ineficiente do condutor";"Colisão lateral mesmo sentido";"Sem Vítimas";"Pleno dia";"Decrescente";"Sol";"Dupla";"Reta";"Sim";7;0;0;0;7;0;0;2;-8,77323714;-63,88521091;"SPRF-RO";"DEL01-RO";"UOP01-DEL01-RO"
543549;2023-08-20;"domingo";"17:30:00";"SC";101;93,8;"BARRA VELHA";"Demais falhas mecânicas ou elétricas";"Tombamento";"Com Vítimas Feridas";"Pleno dia";"Decrescente";"Céu Claro";"Dupla";"Curva;Aclive";"Não";1;0;1;0;0;0;1;1;-26,70029104;-48,69902372;"SPRF-SC";"DEL03-SC";"UOP02-DEL03-SC"
543550;2023-08-20;"domingo";"13:20:00";"MG";262;792;"UBERABA";"Avarias e/ou desgaste excessivo no pneu";"Saída de leito carroçável";"Sem Vítimas";"Pleno dia";"Decrescente";"Chuva";"Simples";"Declive;Curva";"Não";1;0;0;0;1;0;0;1;-19,76475021;-47,86860297;"SPRF-MG";"DEL13-MG";"UOP01-DEL13-MG"
543553;2023-08-20;"domingo";"16:50:00";"GO";60;178,1;"ABADIA DE GOIAS";"Reação tardia ou ineficiente do condutor";"Queda de ocupante de veículo";"Com Vítimas Feridas";"Pleno dia";"Crescente";"Nublado";"Dupla";"Aclive;Reta";"Não";1;0;1;0;0;0;1;1;-16,7602;-49,4578;"SPRF-GO";"DEL01-GO";"UOP02-DEL01-GO"
543556;2023-08-20;"domingo";"17:45:00";"MG";40;668,1;"CARANDAI";"Ausência de reação do condutor";"Colisão frontal";"Com Vítimas Feridas";"Anoitecer";"Decrescente";"Céu Claro";"Simples";"Curva";"Não";6;0;5;0;1;0;5;2;-20,95232841;-43,79297337;"SPRF-MG";"DEL05-MG";"UOP02-DEL05-MG"
543557;2023-08-20;"domingo";"17:00:00";"MS";262;382;"TERENOS";"Condutor deixou de manter distância do veículo da frente";"Engavetamento";"Com Vítimas Feridas";"Anoitecer";"Decrescente";"Nublado";"Simples";"Reta";"Não";11;0;1;0;10;0;1;3;-20,44071205;-54,85510206;"SPRF-MS";"DEL01-MS";"UOP03-DEL01-MS"
543558;2023-08-20;"domingo";"14:15:00";"RJ";40;78;"PETROPOLIS";"Ausência de reação do condutor";"Colisão com objeto";"Com Vítimas Feridas";"Pleno dia";"Crescente";"Chuva";"Simples";"Curva";"Não";2;0;2;0;0;0;2;1;-22,48485874;-43,22843406;"SPRF-RJ";"DEL06-RJ";"UOP01-DEL06-RJ"
543562;2023-08-20;"domingo";"17:30:00";"MS";359;150;"ALCINOPOLIS";"Ingestão de álcool pelo condutor";"Tombamento";"Com Vítimas Feridas";"Anoitecer";"Crescente";"Chuva";"Simples";"Reta";"Não";1;0;0;1;0;0;1;1;-18,26732985;-54,09137804;"SPRF-MS";"DEL06-MS";"UOP01-DEL06-MS"
543563;2023-08-20;"domingo";"17:40:00";"TO";153;713,6;"CARIRI DO TOCANTINS";"Reação tardia ou ineficiente do condutor";"Colisão com objeto";"Com Vítimas Fatais";"Anoitecer";"Crescente";"Céu Claro";"Simples";"Curva";"Não";1;1;0;0;0;0;0;1;-12,075405;-49,20445399;"SPRF-TO";"DEL01-TO";"UOP02-DEL01-TO"
543564;2023-08-20;"domingo";"17:30:00";"RJ";101;394;"RIO DE JANEIRO";"Frear bruscamente";"Colisão traseira";"Sem Vítimas";"Plena Noite";"Crescente";"Garoa/Chuvisco";"Dupla";"Reta";"Sim";2;0;0;0;2;0;0;2;-22,88582179;-43,71288392;"SPRF-RJ";"DEL03-RJ";"UOP01-DEL03-RJ"
543565;2023-08-20;"domingo";"18:40:00";"BA";324;623,8;"SALVADOR";"Entrada inopinada do pedestre";"Atropelamento de Pedestre";"Com Vítimas Feridas";"Plena Noite";"Crescente";"Céu Claro";"Múltipla";"Reta";"Não";2;0;1;0;1;0;1;2;-12,92628699;-38,46838679;"SPRF-BA";"DEL01-BA";"UOP01-DEL01-BA"
543567;2023-08-20;"domingo";"15:40:00";"RJ";393;220;"VASSOURAS";"Ultrapassagem Indevida";"Saída de leito carroçável";"Com Vítimas Feridas";"Pleno dia";"Crescente";"Chuva";"Simples";"Curva";"Não";1;0;1;0;0;0;1;1;-22,31476053;-43,52216514;"SPRF-RJ";"DEL05-RJ";"UOP03-DEL05-RJ"
543568;2023-08-20;"domingo";"19:16:00";"MG";40;473;"SETE LAGOAS";"Pedestre andava na pista";"Atropelamento de Pedestre";"Com Vítimas Feridas";"Plena Noite";"Crescente";"Céu Claro";"Dupla";"Reta";"Não";2;0;1;0;1;0;1;2;-19,496351;-44,27992;"SPRF-MG";"DEL02-MG";"UOP01-DEL02-MG"
543569;2023-08-20;"domingo";"19:00:00";"PE";232;10;"JABOATAO DOS GUARARAPES";"Demais falhas mecânicas ou elétricas";"Tombamento";"Sem Vítimas";"Plena Noite";"Crescente";"Céu Claro";"Dupla";"Viaduto;Reta";"Sim";1;0;0;0;0;1;0;1;-8,07917241;-34,98718609;"SPRF-PE";"DEL01-PE";"UOP01-DEL01-PE"
543570;2023-08-20;"domingo";"17:59:00";"PE";116;24;"SALGUEIRO";"Ingestão de álcool pelo condutor";"Saída de leito carroçável";"Com Vítimas Feridas";"Plena Noite";"Crescente";"Céu Claro";"Simples";"Reta";"Sim";1;0;1;0;0;0;1;1;-8,052562;-39,13718;"SPRF-PE";"DEL05-PE";"UOP01-DEL05-PE"
543571;2023-08-20;"domingo";"18:50:00";"PR";116;146,6;"MANDIRITUBA";"Acessar a via sem observar a presença dos outros veículos";"Colisão lateral mesmo sentido";"Sem Vítimas";"Plena Noite";"Decrescente";"Nublado";"Simples";"Reta";"Não";5;0;0;0;5;0;0;2;-25,81873514;-49,33309793;"SPRF-PR";"DEL01-PR";"UOP03-DEL01-PR"
543572;2023-08-20;"domingo";"18:16:00";"PE";232;135;"CARUARU";"Entrada inopinada do pedestre";"Atropelamento de Pedestre";"Com Vítimas Fatais";"Plena Noite";"Crescente";"Céu Claro";"Dupla";"Reta;Declive";"Sim";2;1;0;0;0;1;0;2;-8,31096592;-36,03308802;"SPRF-PE";"DEL02-PE";"UOP01-DEL02-PE"
543573;2023-08-20;"domingo";"18:00:00";"RS";386;165;"ALMIRANTE TAMANDARE DO SUL";"Ingestão de álcool pelo condutor";"Colisão traseira";"Sem Vítimas";"Anoitecer";"Decrescente";"Céu Claro";"Simples";"Reta";"Não";2;0;0;0;2;0;0;2;-28,197134;-52,827736;"SPRF-RS";"DEL08-RS";"UOP01-DEL08-RS"
543574;2023-08-20;"domingo";"15:50:00";"MT";163;770;"SORRISO";"Acessar a via sem observar a presença dos outros veículos";"Colisão lateral mesmo sentido";"Com Vítimas Feridas";"Pleno dia";"Decrescente";"Céu Claro";"Simples";"Reta";"Não";5;0;2;0;3;0;2;2;-12,4126484;-55,6320006;"SPRF-MT";"DEL06-MT";"UOP01-DEL06-MT"
543577;2023-08-20;"domingo";"19:20:00";"SC";101;205;"SAO JOSE";"Condutor deixou de manter distância do veículo da frente";"Colisão traseira";"Com Vítimas Feridas";"Plena Noite";"Crescente";"Céu Claro";"Dupla";"Reta";"Sim";4;0;2;0;2;0;2;3;-27,58313237;-48,61532885;"SPRF-SC";"DEL01-SC";"UOP01-DEL01-SC"
543578;2023-08-20;"domingo";"19:40:00";"MG";50;50;"ARAGUARI";"Animais na Pista";"Atropelamento de Animal";"Com Vítimas Feridas";"Plena Noite";"Crescente";"Céu Claro";"Dupla";"Reta";"Sim";1;0;1;0;0;0;1;1;-18,73632416;-48,22707877;"SPRF-MG";"DEL15-MG";"UOP02-DEL15-MG"
543579;2023-08-20;"domingo";"17:30:00";"CE";222;86;"UMIRIM";"Condutor deixou de manter distância do veículo da frente";"Queda de ocupante de veículo";"Com Vítimas Feridas";"Anoitecer";"Crescente";"Céu Claro";"Simples";"Reta";"Não";2;0;1;1;0;0;2;1;-3,67228804;-39,311731;"SPRF-CE";"DEL04-CE";"UOP03-DEL04-CE"
543580;2023-08-20;"domingo";"15:50:00";"RO";364;422;"JARU";"Acessar a via sem observar a presença dos outros veículos";"Colisão transversal";"Com Vítimas Feridas";"Pleno dia";"Crescente";"Céu Claro";"Simples";"Declive";"Sim";3;0;3;0;0;0;3;2;-10,4597532;-62,4558043;"SPRF-RO";"DEL03-RO";"UOP02-DEL03-RO"
543582;2023-08-20;"domingo";"14:35:00";"RJ";465;17;"NOVA IGUACU";"Reação tardia ou ineficiente do condutor";"Queda de ocupante de veículo";"Com Vítimas Feridas";"Pleno dia";"Crescente";"Céu Claro";"Simples";"Reta";"Não";2;0;0;1;0;1;1;1;-22,823448;-43,619843;"SPRF-RJ";"DEL03-RJ";"UOP01-DEL03-RJ"
543583;2023-08-20;"domingo";"18:53:00";"PR";277;673,8;"MEDIANEIRA";"Acesso irregular";"Colisão transversal";"Com Vítimas Feridas";"Plena Noite";"Crescente";"Céu Claro";"Dupla";"Reta";"Sim";3;0;1;1;1;0;2;2;-25,294067;-54,113532;"SPRF-PR";"DEL05-PR";"UOP01-DEL05-PR"
543584;2023-08-20;"domingo";"04:50:00";"PR";476;160,2;"ARAUCARIA";"Condutor Dormindo";"Saída de leito carroçável";"Sem Vítimas";"Plena Noite";"Decrescente";"Nublado";"Simples";"Reta";"Sim";1;0;0;0;0;1;0;1;-25,627626;-49,454449;"SPRF-PR";"DEL01-PR";"UOP06-DEL01-PR"
543585;2023-08-20;"domingo";"20:20:00";"SE";101;58;"ROSARIO DO CATETE";"Reação tardia ou ineficiente do condutor";"Colisão traseira";"Com Vítimas Feridas";"Plena Noite";"Crescente";"Céu Claro";"Simples";"Declive";"Não";3;0;1;1;0;1;2;2;-10,65178333;-37,02372954;"SPRF-SE";"DEL02-SE";"UOP02-DEL02-SE"