"id";"data_inversa";"dia_semana";"horario";"uf";"br";"km";"municipio";"causa_acidente";"tipo_acidente";"classificacao_acidente";"fase_dia";"sentido_via";"condicao_metereologica";"tipo_pista";"tracado_via";"uso_solo";"pessoas";"mortos";"feridos_leves";"feridos_graves";"ilesos";"ignorados";"feridos";"veiculos";"latitude";"longitude";"regional";"delegacia";"uop"
543586;2023-08-20;"domingo";"18:00:00";"MG";40;330;"FELIXLANDIA";"Manobra de mudança de faixa";"Saída de leito carroçável";"Com Vítimas Feridas";"Anoitecer";"Decrescente";"Nublado";"Simples";"Curva;Aclive";"Não";2;0;2;0;0;0;2;1;-18,57443079;-45,01733049;"SPRF-MG";"DEL14-MG";"UOP02-DEL14-MG"
543587;2023-08-20;"domingo";"19:00:00";"MS";60;539;"NIOAQUE";"Acessar a via sem observar a presença dos outros veículos";"Colisão frontal";"Com Vítimas Feridas";"Plena Noite";"Decrescente";"Nublado";"Simples";"Reta";"Sim";4;0;0;1;3;0;1;2;-21,1493413;-55,82506483;"SPRF-MS";"DEL05-MS";"UOP01-DEL05-MS"
543588;2023-08-20;"domingo";"20:00:00";"BA";415;22;"ILHEUS";"Reação tardia ou ineficiente do condutor";"Colisão transversal";"Com Vítimas Feridas";"Plena Noite";"Crescente";"Céu Claro";"Simples";"Curva";"Não";4;0;1;0;1;2;1;2;-14,7987416;-39,16316986;"SPRF-BA";"DEL05-BA";"UOP01-DEL05-BA"
543589;2023-08-20;"domingo";"18:30:00";"PA";10;340;"SANTA MARIA DO PARA";"Ultrapassagem Indevida";"Saída de leito carroçável";"Com Vítimas Feridas";"Plena Noite";"Decrescente";"Céu Claro";"Simples";"Reta";"Não";5;0;4;1;0;0;5;1;-1,46695196;-47,53338287;"SPRF-PA";"DEL01-PA";"UOP02-DEL01-PA"
543590;2023-08-20;"domingo";"20:14:00";"PE";408;95,8;"SAO LOURENCO DA MATA";"Chuva";"Saída de leito carroçável";"Sem Vítimas";"Plena Noite";"Crescente";"Chuva";"Dupla";"Reta";"Não";1;0;0;0;0;1;0;1;-8,019205;-35,041488;"SPRF-PE";"DEL01-PE";"UOP01-DEL01-PE"
543591;2023-08-20;"domingo";"15:30:00";"SC";282;576,2;"PINHALZINHO";"Velocidade Incompatível";"Saída de leito carroçável";"Com Vítimas Feridas";"Pleno dia";"Crescente";"Nublado";"Simples";"Reta";"Sim";2;0;0;2;0;0;2;1;-26,856054;-52,98011;"SPRF-SC";"DEL07-SC";"UOP02-DEL07-SC"
543592;2023-08-20;"domingo";"20:00:00";"PE";101;46,7;"IGARASSU";"Ausência de reação do condutor";"Colisão traseira";"Com Vítimas Feridas";"Plena Noite";"Crescente";"Chuva";"Múltipla";"Declive;Reta";"Sim";2;0;0;1;1;0;1;2;-7,87406004;-34,90588126;"SPRF-PE";"DEL01-PE";"UOP02-DEL01-PE"
543593;2023-08-20;"domingo";"19:50:00";"PA";230;5;"ALTAMIRA";"Ingestão de álcool pelo condutor";"Colisão lateral sentido oposto";"Com Vítimas Feridas";"Plena Noite";"Crescente";"Céu Claro";"Simples";"Reta";"Sim";6;0;1;0;5;0;1;2;-3,19121819;-52,20503032;"SPRF-PA";"DEL03-PA";"UOP01-DEL03-PA"
543594;2023-08-20;"domingo";"19:30:00";"PR";487;124;"TUNEIRAS DO OESTE";"Animais na Pista";"Atropelamento de Animal";"Com Vítimas Feridas";"Plena Noite";"Crescente";"Céu Claro";"Simples";"Declive;Reta";"Não";2;0;0;1;1;0;1;2;-23,86328055;-52,88673684;"SPRF-PR";"DEL09-PR";"UOP03-DEL09-PR"
543595;2023-08-20;"domingo";"21:07:00";"GO";40;75;"CRISTALINA";"Ingestão de álcool pelo condutor";"Colisão transversal";"Com Vítimas Feridas";"Plena Noite";"Decrescente";"Céu Claro";"Simples";"Curva";"Não";3;0;1;1;1;0;2;2;-16,635638;-47,738487;"SPRF-DF";"DEL01-DF";"UOP02-DEL01-DF"
543596;2023-08-20;"domingo";"19:15:00";"CE";226;68;"JAGUARIBE";"Entrada inopinada do pedestre";"Atropelamento de Pedestre";"Com Vítimas Feridas";"Plena Noite";"Crescente";"Céu Claro";"Simples";"Reta";"Sim";4;0;1;0;3;0;1;2;-5,89605773;-38,63585767;"SPRF-CE";"DEL05-CE";"UOP02-DEL05-CE"
543597;2023-08-20;"domingo";"18:25:00";"SC";282;604,2;"MARAVILHA";"Transitar na contramão";"Colisão lateral sentido oposto";"Com Vítimas Feridas";"Anoitecer";"Decrescente";"Céu Claro";"Simples";"Curva";"Sim";7;0;4;1;2;0;5;3;-26,806049;-53,178757;"SPRF-SC";"DEL07-SC";"UOP02-DEL07-SC"
543598;2023-08-20;"domingo";"19:50:00";"GO";153;514;"APARECIDA DE GOIANIA";"Desrespeitar a preferência no cruzamento";"Colisão transversal";"Com Vítimas Feridas";"Plena Noite";"Decrescente";"Nublado";"Múltipla";"Interseção de Vias";"Sim";2;0;1;0;1;0;1;2;-16,8269401;-49,24226761;"SPRF-GO";"DEL01-GO";"UOP03-DEL01-GO"
543599;2023-08-20;"domingo";"20:15:00";"RJ";101;60;"CAMPOS DOS GOYTACAZES";"Condutor deixou de manter distância do veículo da frente";"Colisão traseira";"Com Vítimas Feridas";"Plena Noite";"Crescente";"Nublado";"Simples";"Reta";"Sim";2;0;1;0;1;0;1;1;-21,72048414;-41,31448591;"SPRF-RJ";"DEL08-RJ";"UOP01-DEL08-RJ"
543600;2023-08-20;"domingo";"20:40:00";"PR";153;339;"IRATI";"Pedestre andava na pista";"Atropelamento de Pedestre";"Com Vítimas Feridas";"Plena Noite";"Crescente";"Céu Claro";"Simples";"Reta";"Sim";2;0;1;0;0;1;1;2;-25,52383787;-50,65389862;"SPRF-PR";"DEL08-PR";"UOP02-DEL08-PR"
543601;2023-08-20;"domingo";"19:50:00";"PR";116;153;"MANDIRITUBA";"Velocidade Incompatível";"Saída de leito carroçável";"Com Vítimas Feridas";"Plena Noite";"Crescente";"Céu Claro";"Simples";"Curva";"Sim";3;0;2;0;1;0;2;1;-25,83870564;-49,34314731;"SPRF-PR";"DEL01-PR";"UOP03-DEL01-PR"
543602;2023-08-20;"domingo";"19:00:00";"PR";277;602,2;"SANTA TEREZA DO OESTE";"Manobra de mudança de faixa";"Colisão lateral mesmo sentido";"Sem Vítimas";"Plena Noite";"Crescente";"Céu Claro";"Dupla";"Declive;Interseção de Vias;Reta;Viaduto";"Não";2;0;0;0;2;0;0;2;-25,02905699;-53,569607;"SPRF-PR";"DEL04-PR";"UOP01-DEL04-PR"
543603;2023-08-20;"domingo";"21:30:00";"AP";156;820;"OIAPOQUE";"Iluminação deficiente";"Atropelamento de Pedestre";"Com Vítimas Feridas";"Plena Noite";"Crescente";"Céu Claro";"Simples";"Reta";"Não";2;0;1;0;1;0;1;2;3,83878842;-51,81774523;"SPRF-AP";"DEL01-AP";"UOP03-DEL01-AP"
543604;2023-08-20;"domingo";"20:30:00";"PE";232;80;"GRAVATA";"Ingestão de álcool pelo condutor";"Colisão traseira";"Com Vítimas Feridas";"Plena Noite";"Crescente";"Garoa/Chuvisco";"Múltipla";"Reta";"Sim";4;0;1;0;3;0;1;2;-8,19579864;-35,56962305;"SPRF-PE";"DEL02-PE";"UOP02-DEL02PE"
543606;2023-08-20;"domingo";"19:20:00";"RJ";116;42;"TERESOPOLIS";"Acessar a via sem observar a presença dos outros veículos";"Colisão transversal";"Com Vítimas Feridas";"Plena Noite";"Crescente";"Céu Claro";"Simples";"Reta";"Sim";2;0;0;1;1;0;1;2;-22,14560636;-42,79362881;"SPRF-RJ";"DEL04-RJ";"UOP01-DEL04-RJ"
543608;2023-08-20;"domingo";"18:50:00";"PR";373;181,5;"PONTA GROSSA";"Conversão proibida";"Colisão lateral mesmo sentido";"Com Vítimas Feridas";"Plena Noite";"Crescente";"Céu Claro";"Simples";"Reta";"Sim";6;0;2;0;4;0;2;2;-25,04314837;-50,26335239;"SPRF-PR";"DEL03-PR";"UOP01-DEL03-PR"
543609;2023-08-20;"domingo";"19:00:00";"MG";116;414;"GOVERNADOR VALADARES";"Problema na suspensão";"Tombamento";"Com Vítimas Feridas";"Plena Noite";"Decrescente";"Céu Claro";"Simples";"Reta";"Sim";1;0;1;0;0;0;1;1;-18,88102703;-41,95910802;"SPRF-MG";"DEL06-MG";"UOP01-DEL06-MG"
543610;2023-08-20;"domingo";"19:50:00";"RJ";40;93;"DUQUE DE CAXIAS";"Chuva";"Atropelamento de Pedestre";"Com Vítimas Feridas";"Plena Noite";"Decrescente";"Garoa/Chuvisco";"Dupla";"Aclive;Curva";"Não";3;0;1;0;2;0;1;2;-22,57420728;-43,25991154;"SPRF-RJ";"DEL06-RJ";"UOP01-DEL06-RJ"
543611;2023-08-20;"domingo";"21:30:00";"SC";470;57,7;"BLUMENAU";"Ausência de reação do condutor";"Colisão com objeto";"Sem Vítimas";"Plena Noite";"Decrescente";"Céu Claro";"Simples";"Curva;Em Obras;Desvio Temporário";"Sim";1;0;0;0;1;0;0;1;-26,880428;-49,136532;"SPRF-SC";"DEL04-SC";"UOP01-DEL04-SC"
543612;2023-08-20;"domingo";"21:00:00";"DF";60;6,2;"BRASILIA";"Acessar a via sem observar a presença dos outros veículos";"Colisão lateral mesmo sentido";"Com Vítimas Feridas";"Plena Noite";"Crescente";"Céu Claro";"Dupla";"Reta";"Sim";5;0;0;1;4;0;1;2;-15,897939;-48,113056;"SPRF-DF";"DEL03-DF";"UOP01-DEL03-DF"
543613;2023-08-20;"domingo";"21:45:00";"PE";428;189,8;"PETROLINA";"Ingestão de álcool pelo condutor";"Colisão transversal";"Sem Vítimas";"Pleno dia";"Crescente";"Céu Claro";"Dupla";"Interseção de Vias;Retorno Regulamentado";"Sim";2;0;0;0;2;0;0;2;-9,37197508;-40,48679585;"SPRF-PE";"DEL06-PE";"UOP01-DEL06-PE"
543614;2023-08-20;"domingo";"21:00:00";"PR";476;93,2;"BOCAIUVA DO SUL";"Entrada inopinada do pedestre";"Atropelamento de Pedestre";"Com Vítimas Feridas";"Plena Noite";"Crescente";"Nublado";"Dupla";"Reta";"Sim";3;0;0;1;0;2;1;2;-25,211386;-49,112589;"SPRF-PR";"DEL01-PR";"UOP01-DEL01-PR"
543615;2023-08-20;"domingo";"22:00:00";"SP";116;223;"GUARULHOS";"Reação tardia ou ineficiente do condutor";"Saída de leito carroçável";"Sem Vítimas";"Pleno dia";"Decrescente";"Céu Claro";"Dupla";"Reta";"Não";1;0;0;0;1;0;0;1;-23,47559815;-46,5246609;"SPRF-SP";"DEL01-SP";"UOP01-DEL01-SP"
543617;2023-08-20;"domingo";"19:45:00";"RS";285;99,6;"MONTE ALEGRE DOS CAMPOS";"Ingestão de álcool pelo condutor";"Saída de leito carroçável";"Sem Vítimas";"Plena Noite";"Crescente";"Céu Claro";"Simples";"Reta";"Não";1;0;0;0;1;0;0;1;-28,585506;-50,768902;"SPRF-RS";"DEL05-RS";"UOP03-DEL05-RS"
543619;2023-08-20;"domingo";"21:30:00";"PE";423;76;"JUCATI";"Ingestão de álcool pelo condutor";"Colisão lateral sentido oposto";"Sem Vítimas";"Plena Noite";"Decrescente";"Céu Claro";"Simples";"Reta;Aclive";"Não";2;0;0;0;2;0;0;2;-8,73183901;-36,43146015;"SPRF-PE";"DEL03-PE";"UOP01-DEL03-PE"
543620;2023-08-20;"domingo";"22:04:00";"PE";101;42;"IGARASSU";"Reação tardia ou ineficiente do condutor";"Colisão com objeto";"Sem Vítimas";"Plena Noite";"Crescente";"Céu Claro";"Múltipla";"Reta";"Sim";2;0;0;0;0;2;0;2;-7,83887431;-34,91196739;"SPRF-PE";"DEL01-PE";"UOP02-DEL01-PE"
543621;2023-08-20;"domingo";"18:20:00";"PE";232;121;"CARUARU";"Reação tardia ou ineficiente do condutor";"Colisão traseira";"Com Vítimas Feridas";"Plena Noite";"Crescente";"Céu Claro";"Dupla";"Reta";"Não";8;0;2;0;6;0;2;2;-8,30018257;-35,91071184;"SPRF-PE";"DEL02-PE";"UOP01-DEL02-PE"
543622;2023-08-20;"domingo";"20:20:00";"MG";50;114;"UBERABA";"Velocidade Incompatível";"Saída de leito carroçável";"Com Vítimas Feridas";"Plena Noite";"Decrescente";"Céu Claro";"Dupla";"Reta";"Não";1;0;1;0;0;0;1;1;-19,25772707;-48,13205017;"SPRF-MG";"DEL13-MG";"UOP01-DEL13-MG"
543623;2023-08-20;"domingo";"23:50:00";"SP";116;230;"SAO PAULO";"Manobra de mudança de faixa";"Colisão lateral mesmo sentido";"Com Vítimas Feridas";"Plena Noite";"Crescente";"Céu Claro";"Múltipla";"Reta";"Sim";4;0;3;0;1;0;3;2;-23,52251783;-46,5855702;"SPRF-SP";"DEL01-SP";"UOP01-DEL01-SP"
543624;2023-08-20;"domingo";"22:50:00";"RS";392;300;"SAO SEPE";"Retorno proibido";"Colisão transversal";"Com Vítimas Feridas";"Plena Noite";"Crescente";"Céu Claro";"Simples";"Reta";"Não";3;0;0;1;1;1;1;3;-30,14233601;-53,60049402;"SPRF-RS";"DEL09-RS";"UOP01-DEL09-RS"
543625;2023-08-21;"segunda-feira";"00:10:00";"PE";101;42;"IGARASSU";"Animais na Pista";"Atropelamento de Animal";"Sem Vítimas";"Plena Noite";"Decrescente";"Céu Claro";"Dupla";"Reta";"Sim";3;0;0;0;3;0;0;1;-7,83887431;-34,91196739;"SPRF-PE";"DEL01-PE";"UOP02-DEL01-PE"
543626;2023-08-20;"domingo";"19:00:00";"CE";20;358,7;"MARANGUAPE";"Velocidade Incompatível";"Saída de leito carroçável";"Sem Vítimas";"Plena Noite";"Crescente";"Céu Claro";"Dupla";"Reta";"Não";2;0;0;0;2;0;0;1;-4,03936964;-38,99855442;"SPRF-CE";"DEL02-CE";"UOP01-DEL02-CE"
543627;2023-08-20;"domingo";"23:10:00";"RJ";101;205,3;"CASIMIRO DE ABREU";"Ausência de reação do condutor";"Atropelamento de Pedestre";"Com Vítimas Fatais";"Plena Noite";"Crescente";"Nublado";"Dupla";"Reta";"Sim";2;1;0;0;0;1;0;2;-22,475714;-42,19184;"SPRF-RJ";"DEL08-RJ";"UOP04-DEL08-RJ"
543628;2023-08-21;"segunda-feira";"00:30:00";"SC";101;212;"PALHOCA";"Reação tardia ou ineficiente do condutor";"Tombamento";"Com Vítimas Feridas";"Plena Noite";"Decrescente";"Céu Claro";"Simples";"Reta";"Sim";1;0;0;1;0;0;1;1;-27,62996929;-48,65903871;"SPRF-SC";"DEL01-SC";"UOP02-DEL01-SC"
543629;2023-08-20;"domingo";"23:58:00";"ES";101;66,2;"SAO MATEUS";"Condutor deixou de manter distância do veículo da frente";"Colisão traseira";"Com Vítimas Feridas";"Plena Noite";"Decrescente";"Céu Claro";"Dupla";"Reta";"Não";4;0;1;0;3;0;1;3;-18,7165195;-39,87436378;"SPRF-ES";"DEL04-ES";"UOP02-DEL04-ES"
543632;2023-08-21;"segunda-feira";"02:21:00";"SP";116;105;"TAUBATE";"Ausência de reação do condutor";"Colisão com objeto";"Sem Vítimas";"Pleno dia";"Crescente";"Nublado";"Dupla";"Reta";"Sim";1;0;0;0;0;1;0;1;-23,00757973;-45,51466613;"SPRF-SP";"DEL02-SP";"UOP02-DEL02-SP"
543634;2023-08-21;"segunda-feira";"03:10:00";"SC";101;136;"BALNEARIO CAMBORIU";"Reação tardia ou ineficiente do condutor";"Tombamento";"Com Vítimas Feridas";"Plena Noite";"Decrescente";"Céu Claro";"Dupla";"Interseção de Vias";"Sim";1;0;1;0;0;0;1;1;-27,008113;-48,617245;"SPRF-SC";"DEL04-SC";"UOP03-DEL04-SC"
543635;2023-08-21;"segunda-feira";"03:04:00";"MG";381;486,3;"BETIM";"Ingestão de álcool pelo condutor";"Colisão com objeto";"Sem Vítimas";"Plena Noite";"Crescente";"Céu Claro";"Dupla";"Reta";"Sim";1;0;0;0;1;0;0;1;-19,95644414;-44,13611598;"SPRF-MG";"DEL01-MG";"UOP03-DEL01-MG"
543636;2023-08-20;"domingo";"21:45:00";"PB";230;51;"CRUZ DO ESPIRITO SANTO";"Chuva";"Saída de leito carroçável";"Sem Vítimas";"Plena Noite";"Decrescente";"Chuva";"Dupla";"Reta";"Não";1;0;0;0;0;1;0;1;-7,1897;-35,0615;"SPRF-PB";"DEL01-PB";"UOP03-DEL01-PB"
543639;2023-08-21;"segunda-feira";"06:40:00";"RJ";393;248,5;"BARRA DO PIRAI";"Condutor Dormindo";"Atropelamento de Pedestre";"Com Vítimas Fatais";"Amanhecer";"Decrescente";"Céu Claro";"Simples";"Curva";"Não";3;1;1;1;0;0;2;2;-22,43017988;-43,74389791;"SPRF-RJ";"DEL05-RJ";"UOP04-DEL05-RJ"
543641;2023-08-21;"segunda-feira";"02:10:00";"SP";116;215;"GUARULHOS";"Reação tardia ou ineficiente do condutor";"Colisão com objeto";"Sem Vítimas";"Plena Noite";"Crescente";"Céu Claro";"Múltipla";"Reta";"Sim";1;0;0;0;0;1;0;1;-23,44695693;-46,45394103;"SPRF-SP";"DEL01-SP";"UOP01-DEL01-SP"
543642;2023-08-21;"segunda-feira";"07:20:00";"SP";116;220;"GUARULHOS";"Ausência de reação do condutor";"Colisão traseira";"Sem Vítimas";"Pleno dia";"Crescente";"Céu Claro";"Dupla";"Reta";"Não";2;0;0;0;2;0;0;2;-23,46472809;-46,49793962;"SPRF-SP";"DEL01-SP";"UOP01-DEL01-SP"
543644;2023-08-21;"segunda-feira";"06:55:00";"MG";40;515,1;"RIBEIRAO DAS NEVES";"Condutor deixou de manter distância do veículo da frente";"Colisão lateral mesmo sentido";"Com Vítimas Feridas";"Pleno dia";"Crescente";"Céu Claro";"Dupla";"Reta";"Sim";5;0;1;0;4;0;1;3;-19,80151928;-44,10000333;"SPRF-MG";"DEL01-MG";"UOP02-DEL01-MG"
543646;2023-08-20;"domingo";"20:10:00";"BA";415;19;"ILHEUS";"Ingestão de álcool pelo condutor";"Saída de leito carroçável";"Com Vítimas Feridas";"Plena Noite";"Crescente";"Céu Claro";"Simples";"Curva";"Não";2;0;1;0;1;0;1;1;-14,8047755;-39,13660711;"SPRF-BA";"DEL05-BA";"UOP01-DEL05-BA"
543647;2023-08-21;"segunda-feira";"06:50:00";"DF";70;0;"BRASILIA";"Manobra de mudança de faixa";"Colisão lateral mesmo sentido";"Com Vítimas Feridas";"Pleno dia";"Decrescente";"Céu Claro";"Dupla";"Reta";"Não";2;0;1;0;1;0;1;2;-15,792352;-48,054509;"SPRF-DF";"DEL03-DF";"UOP02-DEL03-DF"
543650;2023-08-21;"segunda-feira";"07:30:00";"SC";101;206,9;"SAO JOSE";"Reação tardia ou ineficiente do condutor";"Colisão traseira";"Com Vítimas Feridas";"Pleno dia";"Crescente";"Céu Claro";"Múltipla";"Aclive;Reta";"Sim";2;0;1;0;1;0;1;2;-27,59193546;-48,61824557;"SPRF-SC";"DEL01-SC";"UOP01-DEL01-SC"
543651;2023-08-21;"segunda-feira";"06:46:00";"RJ";101;195;"CASIMIRO DE ABREU";"Ausência de reação do condutor";"Saída de leito carroçável";"Sem Vítimas";"Pleno dia";"Decrescente";"Céu Claro";"Dupla";"Curva";"Não";1;0;0;0;1;0;0;1;-22,49220783;-42,10020136;"SPRF-RJ";"DEL08-RJ";"UOP04-DEL08-RJ"
543652;2023-08-21;"segunda-feira";"07:30:00";"RS";290;99;"PORTO ALEGRE";"Condutor deixou de manter distância do veículo da frente";"Colisão traseira";"Com Vítimas Feridas";"Pleno dia";"Decrescente";"Céu Claro";"Dupla";"Reta";"Sim";2;0;1;0;1;0;1;2;-29,991756;-51,22699;"SPRF-RS";"DEL01-RS";"UOP01-DEL01-RS"
543653;2023-08-21;"segunda-feira";"07:45:00";"SC";101;117;"ITAJAI";"Ausência de reação do condutor";"Colisão lateral mesmo sentido";"Com Vítimas Feridas";"Pleno dia";"Crescente";"Céu Claro";"Múltipla";"Reta";"Sim";2;0;1;0;0;1;1;2;-26,88747187;-48,72252969;"SPRF-SC";"DEL04-SC";"UOP04-DEL04-SC"
543655;2023-08-21;"segunda-feira";"07:42:00";"PE";101;76;"RECIFE";"Ausência de reação do condutor";"Colisão traseira";"Com Vítimas Feridas";"Pleno dia";"Crescente";"Céu Claro";"Dupla";"Declive;Reta";"Sim";2;0;1;0;1;0;1;2;-8,124577;-34,943872;"SPRF-PE";"DEL01-PE";"UOP01-DEL01-PE"
543656;2023-08-20;"domingo";"18:40:00";"RJ";40;60;"PETROPOLIS";"Ausência de reação do condutor";"Colisão com objeto";"Com Vítimas Feridas";"Plena Noite";"Crescente";"Garoa/Chuvisco";"Dupla";"Reta";"Não";1;0;1;0;0;0;1;1;-22,39450315;-43,13468983;"SPRF-RJ";"DEL05-RJ";"UOP02-DEL05-RJ"
543657;2023-08-21;"segunda-feira";"06:45:00";"SC";282;653,7;"SAO MIGUEL DO OESTE";"Acessar a via sem observar a presença dos outros veículos";"Colisão transversal";"Com Vítimas Feridas";"Pleno dia";"Decrescente";"Céu Claro";"Simples";"Interseção de Vias";"Não";2;0;1;0;1;0;1;2;-26,70506312;-53,52552474;"SPRF-SC";"DEL07-SC";"UOP03-DEL07-SC"
543659;2023-08-21;"segunda-feira";"07:20:00";"PR";369;507;"CASCAVEL";"Ultrapassagem Indevida";"Colisão frontal";"Com Vítimas Feridas";"Pleno dia";"Crescente";"Céu Claro";"Simples";"Reta";"Não";3;0;1;0;2;0;1;2;-24,92797234;-53,35878794;"SPRF-PR";"DEL04-PR";"UOP03-DEL04-PR"
543660;2023-08-21;"segunda-feira";"07:50:00";"SP";116;142,5;"SAO JOSE DOS CAMPOS";"Ausência de reação do condutor";"Engavetamento";"Sem Vítimas";"Pleno dia";"Decrescente";"Céu Claro";"Dupla";"Aclive;Reta";"Sim";4;0;0;0;4;0;0;4;-23,17426078;-45,82940111;"SPRF-SP";"DEL02-SP";"UOP01-DEL02-SP"
543661;2023-08-21;"segunda-feira";"07:15:00";"PE";232;129,1;"CARUARU";"Manobra de mudança de faixa";"Colisão lateral mesmo sentido";"Com Vítimas Feridas";"Pleno dia";"Crescente";"Nublado";"Dupla";"Curva";"Não";2;0;0;1;1;0;1;2;-8,300446;-35,986558;"SPRF-PE";"DEL02-PE";"UOP01-DEL02-PE"
543662;2023-08-21;"segunda-feira";"08:20:00";"MG";40;794,3;"JUIZ DE FORA";"Curva acentuada";"Colisão com objeto";"Com Vítimas Feridas";"Pleno dia";"Crescente";"Céu Claro";"Dupla";"Curva";"Não";2;0;1;0;1;0;1;2;-21,79926451;-43,40729012;"SPRF-MG";"DEL05-MG";"UOP01-DEL05-MG"
543664;2023-08-21;"segunda-feira";"06:50:00";"SC";280;14;"SAO FRANCISCO DO SUL";"Acessar a via sem observar a presença dos outros veículos";"Colisão lateral mesmo sentido";"Com Vítimas Feridas";"Pleno dia";"Crescente";"Céu Claro";"Simples";"Reta";"Não";2;0;0;1;1;0;1;2;-26,3301861;-48,65148076;"SPRF-SC";"DEL03-SC";"UOP03-DEL03-SC"
543666;2023-04-06;"quinta-feira";"08:15:00";"PI";343;590;"FLORIANO";"Reação tardia ou ineficiente do condutor";"Colisão com objeto";"Com Vítimas Feridas";"Pleno dia";"Decrescente";"Céu Claro";"Dupla";"Declive";"Sim";1;0;0;1;0;0;1;1;-6,783895;-43,015095;"SPRF-PI";"DEL03-PI";"UOP01-DEL03-PI"
543667;2023-08-21;"segunda-feira";"08:53:00";"MG";153;1;"ARAPORA";"Acumulo de areia ou detritos sobre o pavimento";"Queda de ocupante de veículo";"Com Vítimas Feridas";"Pleno dia";"Crescente";"Céu Claro";"Dupla";"Curva";"Não";1;0;1;0;0;0;1;1;-18,42608911;-49,19359032;"SPRF-MG";"DEL15-MG";"UOP03-DEL15-MG"
543668;2023-08-21;"segunda-feira";"09:10:00";"PB";230;23;"JOAO PESSOA";"Trafegar com motocicleta (ou similar) entre as faixas";"Colisão lateral mesmo sentido";"Com Vítimas Feridas";"Pleno dia";"Decrescente";"Céu Claro";"Dupla";"Viaduto";"Não";2;0;1;0;1;0;1;2;-7,1562;-34,8574;"SPRF-PB";"DEL01-PB";"UOP01-DEL01-PB"
543670;2023-08-21;"segunda-feira";"07:50:00";"SP";381;70;"MAIRIPORA";"Reação tardia ou ineficiente do condutor";"Tombamento";"Com Vítimas Feridas";"Pleno dia";"Crescente";"Céu Claro";"Múltipla";"Curva;Aclive";"Não";1;0;1;0;0;0;1;1;-23,34972978;-46,56070474;"SPRF-SP";"DEL03-SP";"UOP01-DEL03-SP"
543671;2023-08-20;"domingo";"20:10:00";"MT";163;1026;"TERRA NOVA DO NORTE";"Reação tardia ou ineficiente do condutor";"Queda de ocupante de veículo";"Com Vítimas Fatais";"Plena Noite";"Crescente";"Céu Claro";"Simples";"Reta";"Não";2;1;0;0;1;0;0;2;-10,395714;-55,05181498;"SPRF-MT";"DEL06-MT";"UOP03-DEL06-MT"
543673;2023-08-21;"segunda-feira";"10:05:00";"SC";101;40;"JOINVILLE";"Ausência de reação do condutor";"Colisão com objeto";"Com Vítimas Feridas";"Pleno dia";"Crescente";"Sol";"Simples";"Aclive;Reta";"Sim";1;0;1;0;0;0;1;1;-26,27176094;-48,89468382;"SPRF-SC";"DEL03-SC";"UOP01-DEL03-SC"
543674;2023-08-21;"segunda-feira";"07:40:00";"GO";50;258,5;"CATALAO";"Reação tardia ou ineficiente do condutor";"Saída de leito carroçável";"Com Vítimas Feridas";"Pleno dia";"Decrescente";"Nublado";"Dupla";"Reta";"Não";1;0;1;0;0;0;1;1;-18,0291;-47,8275;"SPRF-GO";"DEL06-GO";"UOP01-DEL06-GO"
543675;2023-08-21;"segunda-feira";"10:15:00";"SE";101;150;"ESTANCIA";"Ausência de reação do condutor";"Colisão com objeto";"Com Vítimas Feridas";"Pleno dia";"Crescente";"Garoa/Chuvisco";"Dupla";"Reta";"Sim";2;0;1;1;0;0;2;1;-11,25101095;-37,4365661;"SPRF-SE";"DEL02-SE";"UOP01-DEL02-SE"
543679;2023-08-21;"segunda-feira";"10:34:00";"SC";101;253;"PAULO LOPES";"Acessar a via sem observar a presença dos outros veículos";"Colisão transversal";"Com Vítimas Feridas";"Pleno dia";"Crescente";"Céu Claro";"Simples";"Reta";"Sim";2;0;1;0;1;0;1;2;-27,96492999;-48,67962057;"SPRF-SC";"DEL02-SC";"UOP03-DEL02-SC"
543681;2023-08-21;"segunda-feira";"10:20:00";"PR";153;364;"RIO AZUL";"Acessar a via sem observar a presença dos outros veículos";"Colisão transversal";"Com Vítimas Feridas";"Pleno dia";"Crescente";"Céu Claro";"Simples";"Interseção de Vias";"Não";2;0;2;0;0;0;2;2;-25,67503796;-50,75089805;"SPRF-PR";"DEL08-PR";"UOP02-DEL08-PR"
543684;2023-08-21;"segunda-feira";"08:40:00";"MG";381;191;"PERIQUITO";"Reação tardia ou ineficiente do condutor";"Colisão frontal";"Com Vítimas Fatais";"Pleno dia";"Crescente";"Chuva";"Simples";"Curva;Declive";"Não";5;3;2;0;0;0;2;2;-19,11352521;-42,20478692;"SPRF-MG";"DEL06-MG";"UOP01-DEL06-MG"
543685;2023-08-21;"segunda-feira";"06:50:00";"RJ";101;327;"RIO DE JANEIRO";"Condutor deixou de manter distância do veículo da frente";"Colisão traseira";"Com Vítimas Feridas";"Pleno dia";"Crescente";"Nublado";"Dupla";"Reta";"Sim";2;0;2;0;0;0;2;1;-22,87117393;-43,15595099;"SPRF-RJ";"DEL02-RJ";"UOP01-DEL02-RJ"
543687;2023-08-21;"segunda-feira";"11:00:00";"MS";262;5;"TRES LAGOAS";"Reação tardia ou ineficiente do condutor";"Colisão traseira";"Com Vítimas Feridas";"Pleno dia";"Crescente";"Céu Claro";"Dupla";"Curva";"Não";2;0;1;0;1;0;1;2;-20,78181497;-51,66952729;"SPRF-MS";"DEL07-MS";"UOP01-DEL07-MS"