"id";"data_inversa";"dia_semana";"horario";"uf";"br";"km";"municipio";"causa_acidente";"tipo_acidente";"classificacao_acidente";"fase_dia";"sentido_via";"condicao_metereologica";"tipo_pista";"tracado_via";"uso_solo";"pessoas";"mortos";"feridos_leves";"feridos_graves";"ilesos";"ignorados";"feridos";"veiculos";"latitude";"longitude";"regional";"delegacia";"uop"
543805;2023-08-22;"terça-feira";"07:05:00";"MG";381;486;"BETIM";"Trafegar com motocicleta (ou similar) entre as faixas";"Colisão lateral mesmo sentido";"Com Vítimas Feridas";"Pleno dia";"Decrescente";"Sol";"Dupla";"Reta";"Sim";4;0;1;0;3;0;1;3;-19,95592351;-44,10686731;"SPRF-MG";"DEL01-MG";"UOP03-DEL01-MG"
543806;2023-05-06;"sábado";"14:00:00";"RS";116;200,2;"PICADA CAFE";"Ultrapassagem Indevida";"Colisão frontal";"Com Vítimas Feridas";"Pleno dia";"Decrescente";"Céu Claro";"Simples";"Curva";"Não";4;0;2;1;0;1;3;3;-29,48890588;-51,13828706;"SPRF-RS";"DEL05-RS";"UOP02-DEL05-RS"
543807;2023-06-20;"terça-feira";"04:55:00";"RN";101;83;"NATAL";"Pedestre andava na pista";"Atropelamento de Pedestre";"Com Vítimas Fatais";"Amanhecer";"Decrescente";"Céu Claro";"Dupla";"Viaduto;Declive";"Sim";3;1;0;0;0;2;0;3;-5,7710445;-35,26616981;"SPRF-RN";"DEL02-RN";"UOP01-DEL02-RN"
543808;2023-07-17;"segunda-feira";"19:15:00";"RN";406;153,7;"CEARA-MIRIM";"Avarias e/ou desgaste excessivo no pneu";"Tombamento";"Com Vítimas Feridas";"Plena Noite";"Decrescente";"Céu Claro";"Simples";"Aclive;Reta";"Não";2;0;1;1;0;0;2;1;-5,66365202;-35,41112203;"SPRF-RN";"DEL02-RN";"UOP01-DEL02-RN"
543811;2023-08-22;"terça-feira";"08:00:00";"MG";381;503,9;"BETIM";"Ausência de reação do condutor";"Colisão com objeto";"Com Vítimas Feridas";"Pleno dia";"Crescente";"Nublado";"Dupla";"Aclive;Reta";"Não";1;0;1;0;0;0;1;1;-20,029985;-44,235943;"SPRF-MG";"DEL04-MG";"UOP03-DEL04-MG"
543812;2023-08-22;"terça-feira";"07:43:00";"PR";369;149,1;"LONDRINA";"Trafegar com motocicleta (ou similar) entre as faixas";"Atropelamento de Pedestre";"Com Vítimas Feridas";"Pleno dia";"Crescente";"Céu Claro";"Dupla";"Reta";"Não";2;0;1;0;1;0;1;2;-23,292812;-51,153453;"SPRF-PR";"DEL07-PR";"UOP01-DEL07-PR"
543813;2023-07-25;"terça-feira";"07:00:00";"PB";101;89;"JOAO PESSOA";"Ausência de reação do condutor";"Tombamento";"Com Vítimas Feridas";"Pleno dia";"Crescente";"Céu Claro";"Simples";"Reta";"Não";1;0;1;0;0;0;1;1;-7,1710694;-34,89765372;"SPRF-PB";"DEL01-PB";"UOP02-DEL01-PB"
543815;2023-08-22;"terça-feira";"07:00:00";"SP";116;112,8;"TAUBATE";"Frear bruscamente";"Colisão com objeto";"Com Vítimas Feridas";"Pleno dia";"Crescente";"Sol";"Dupla";"Reta";"Não";1;0;1;0;0;0;1;1;-23,04402619;-45,58128797;"SPRF-SP";"DEL02-SP";"UOP02-DEL02-SP"
543816;2023-08-22;"terça-feira";"07:30:00";"MG";50;71,9;"UBERLANDIA";"Velocidade Incompatível";"Colisão traseira";"Com Vítimas Feridas";"Pleno dia";"Decrescente";"Céu Claro";"Dupla";"Reta";"Sim";4;0;1;0;3;0;1;4;-18,90180013;-48,23744774;"SPRF-MG";"DEL15-MG";"UOP01-DEL15-MG"
543817;2023-04-15;"sábado";"20:15:00";"SC";470;156;"AGRONOMICA";"Ingestão de álcool pelo condutor";"Colisão lateral sentido oposto";"Com Vítimas Feridas";"Plena Noite";"Crescente";"Céu Claro";"Simples";"Reta";"Não";4;0;1;1;2;0;2;3;-27,281332;-49,760201;"SPRF-SC";"DEL04-SC";"UOP02-DEL04-SC"
543821;2023-08-22;"terça-feira";"05:20:00";"RJ";116;142;"DUQUE DE CAXIAS";"Entrada inopinada do pedestre";"Atropelamento de Pedestre";"Com Vítimas Feridas";"Pleno dia";"Crescente";"Céu Claro";"Dupla";"Reta";"Não";2;0;0;1;1;0;1;2;-22,64876087;-43,23031638;"SPRF-RJ";"DEL01-RJ";"UOP01-DEL01-RJ"
543822;2023-08-21;"segunda-feira";"09:50:00";"RJ";40;108;"DUQUE DE CAXIAS";"Manobra de mudança de faixa";"Colisão lateral mesmo sentido";"Com Vítimas Feridas";"Pleno dia";"Decrescente";"Céu Claro";"Múltipla";"Curva";"Sim";2;0;0;1;1;0;1;2;-22,66476979;-43,28495144;"SPRF-RJ";"DEL01-RJ";"UOP01-DEL01-RJ"
543824;2023-08-13;"domingo";"10:00:00";"RO";0;0;"PRESIDENTE MEDICI";"Acumulo de areia ou detritos sobre o pavimento";"Colisão com objeto";"Sem Vítimas";"Pleno dia";"Não Informado";"Garoa/Chuvisco";"Simples";"Reta";"Sim";3;0;0;0;3;0;0;2;-11,17151;-61,901801;"SPRF-RO";"DEL02-RO";"UOP01-DEL02-RO"
543825;2023-08-22;"terça-feira";"07:45:00";"BA";415;21;"ILHEUS";"Acessar a via sem observar a presença dos outros veículos";"Colisão transversal";"Com Vítimas Feridas";"Pleno dia";"Crescente";"Nublado";"Múltipla";"Reta";"Não";5;0;2;1;2;0;3;4;-14,80067939;-39,15326379;"SPRF-BA";"DEL05-BA";"UOP01-DEL05-BA"
543826;2023-08-22;"terça-feira";"08:50:00";"SP";116;421;"JUQUIA";"Ausência de reação do condutor";"Saída de leito carroçável";"Com Vítimas Feridas";"Pleno dia";"Crescente";"Nublado";"Dupla";"Curva";"Não";1;0;1;0;0;0;1;1;-24,35801488;-47,68588212;"SPRF-SP";"DEL05-SP";"UOP01-DEL05-SP"
543827;2023-08-22;"terça-feira";"09:30:00";"ES";259;6,5;"JOAO NEIVA";"Avarias e/ou desgaste excessivo no pneu";"Saída de leito carroçável";"Com Vítimas Feridas";"Pleno dia";"Crescente";"Sol";"Simples";"Viaduto";"Sim";2;0;0;2;0;0;2;1;-19,69680739;-40,38547654;"SPRF-ES";"DEL02-ES";"UOP01-DEL02-ES"
543831;2023-08-22;"terça-feira";"09:00:00";"RN";226;14;"MACAIBA";"Conversão proibida";"Colisão transversal";"Com Vítimas Feridas";"Pleno dia";"Decrescente";"Céu Claro";"Simples";"Reta";"Não";3;0;1;0;2;0;1;2;-5,85369361;-35,3275818;"SPRF-RN";"DEL01-RN";"UOP02-DEL01-RN"
543834;2023-08-07;"segunda-feira";"13:57:00";"AM";230;610,4;"HUMAITA";"Problema com o freio";"Colisão traseira";"Sem Vítimas";"Pleno dia";"Crescente";"Céu Claro";"Simples";"Declive";"Sim";6;0;0;0;6;0;0;6;-7,49498252;-63,02202171;"SPRF-AM";"DEL01-AM";"UOP05-DEL01-AM"
543835;2023-08-22;"terça-feira";"07:40:00";"PI";343;5;"TERESINA";"Acesso irregular";"Atropelamento de Pedestre";"Com Vítimas Feridas";"Pleno dia";"Crescente";"Sol";"Múltipla";"Aclive;Reta";"Sim";2;0;1;1;0;0;2;2;-5,089569;-42,802288;"SPRF-PI";"DEL05-PI";"UOP01-DEL05-PI"
543837;2023-08-22;"terça-feira";"04:50:00";"MA";316;275,9;"BELA VISTA DO MARANHAO";"Condutor Dormindo";"Colisão com objeto";"Sem Vítimas";"Amanhecer";"Crescente";"Céu Claro";"Simples";"Reta";"Não";1;0;0;0;1;0;0;1;-3,724337;-45,27808;"SPRF-MA";"DEL02-MA";"UOP01-DEL02-MA"
543838;2023-07-31;"segunda-feira";"19:00:00";"ES";101;268;"SERRA";"Frear bruscamente";"Tombamento";"Com Vítimas Feridas";"Plena Noite";"Crescente";"Céu Claro";"Dupla";"Reta";"Sim";3;0;1;0;1;1;1;2;-20,20842;-40,269405;"SPRF-ES";"DEL02-ES";"UOP01-DEL02-ES"
543839;2023-08-22;"terça-feira";"10:25:00";"ES";101;304;"VIANA";"Condutor deixou de manter distância do veículo da frente";"Colisão traseira";"Com Vítimas Feridas";"Pleno dia";"Crescente";"Céu Claro";"Dupla";"Reta";"Sim";4;0;1;0;3;0;1;2;-20,3800645;-40,45431391;"SPRF-ES";"DEL01-ES";"UOP01-DEL01-ES"
543841;2023-08-22;"terça-feira";"10:30:00";"DF";40;5,9;"BRASILIA";"Condutor deixou de manter distância do veículo da frente";"Colisão lateral mesmo sentido";"Com Vítimas Feridas";"Pleno dia";"Decrescente";"Céu Claro";"Dupla";"Reta";"Sim";3;0;1;0;1;1;1;3;-16,020903;-47,980541;"SPRF-DF";"DEL01-DF";"UOP01-DEL01-DF"
543842;2023-08-22;"terça-feira";"09:10:00";"AL";101;189,7;"JUNQUEIRO";"Acesso irregular";"Colisão transversal";"Com Vítimas Feridas";"Pleno dia";"Crescente";"Céu Claro";"Dupla";"Reta";"Não";2;0;0;1;1;0;1;2;-9,9143238;-36,47202321;"SPRF-AL";"DEL02-AL";"UOP02-DEL02-AL"
543845;2023-08-22;"terça-feira";"11:00:00";"PE";232;16,8;"JABOATAO DOS GUARARAPES";"Demais falhas mecânicas ou elétricas";"Capotamento";"Com Vítimas Feridas";"Pleno dia";"Decrescente";"Chuva";"Dupla";"Reta";"Não";2;0;2;0;0;0;2;1;-8,09414193;-35,03716601;"SPRF-PE";"DEL01-PE";"UOP01-DEL01-PE"
543846;2023-08-22;"terça-feira";"11:15:00";"PR";369;38,1;"ANDIRA";"Acessar a via sem observar a presença dos outros veículos";"Colisão traseira";"Com Vítimas Feridas";"Pleno dia";"Decrescente";"Céu Claro";"Simples";"Reta";"Não";2;0;1;0;1;0;1;2;-23,05088;-50,23858;"SPRF-PR";"DEL07-PR";"UOP05-DEL07-PR"
543848;2023-08-22;"terça-feira";"10:40:00";"PR";376;159,9;"MARINGA";"Mal súbito do condutor";"Colisão com objeto";"Com Vítimas Feridas";"Pleno dia";"Decrescente";"Sol";"Dupla";"Retorno Regulamentado;Curva";"Não";3;0;2;0;1;0;2;1;-23,36551;-52,08188;"SPRF-PR";"DEL09-PR";"UOP01-DEL09-PR"
543849;2023-08-22;"terça-feira";"12:25:00";"SE";101;50,4;"JAPARATUBA";"Demais falhas mecânicas ou elétricas";"Incêndio";"Sem Vítimas";"Pleno dia";"Crescente";"Céu Claro";"Dupla";"Reta";"Não";1;0;0;0;1;0;0;1;-10,60303597;-36,9754765;"SPRF-SE";"DEL02-SE";"UOP02-DEL02-SE"
543850;2023-08-22;"terça-feira";"12:20:00";"PA";230;119;"MARABA";"Manobra de mudança de faixa";"Colisão traseira";"Com Vítimas Feridas";"Pleno dia";"Crescente";"Céu Claro";"Dupla";"Reta";"Sim";3;0;1;0;2;0;1;3;-5,350407;-49,105981;"SPRF-PA";"DEL03-PA";"UOP01-DEL03-PA"
543852;2023-08-22;"terça-feira";"11:55:00";"MG";40;546,9;"NOVA LIMA";"Reação tardia ou ineficiente do condutor";"Colisão traseira";"Com Vítimas Feridas";"Pleno dia";"Crescente";"Céu Claro";"Dupla";"Aclive;Curva";"Não";3;0;1;0;2;0;1;2;-20,02464535;-43,96968842;"SPRF-MG";"DEL01-MG";"UOP02-DEL01-MG"
543853;2023-08-22;"terça-feira";"12:10:00";"RO";364;344;"JI-PARANA";"Ausência de reação do condutor";"Colisão traseira";"Com Vítimas Feridas";"Pleno dia";"Crescente";"Sol";"Dupla";"Interseção de Vias;Reta";"Sim";3;0;2;0;1;0;2;2;-10,87376391;-61,95256893;"SPRF-RO";"DEL02-RO";"UOP01-DEL02-RO"
543854;2023-08-09;"quarta-feira";"08:30:00";"PR";369;499;"CORBELIA";"Avarias e/ou desgaste excessivo no pneu";"Colisão com objeto";"Sem Vítimas";"Pleno dia";"Crescente";"Chuva";"Dupla";"Viaduto";"Sim";1;0;0;0;1;0;0;1;-24,7725;-53,2931;"SPRF-PR";"DEL04-PR";"UOP03-DEL04-PR"
543856;2023-08-22;"terça-feira";"12:50:00";"BA";116;823,7;"VITORIA DA CONQUISTA";"Acessar a via sem observar a presença dos outros veículos";"Colisão transversal";"Com Vítimas Feridas";"Pleno dia";"Crescente";"Céu Claro";"Dupla";"Interseção de Vias";"Sim";4;0;1;0;3;0;1;2;-14,8079923;-40,78877284;"SPRF-BA";"DEL08-BA";"UOP01-DEL08-BA"
543860;2023-06-30;"sexta-feira";"09:23:00";"PR";469;12;"FOZ DO IGUACU";"Acumulo de areia ou detritos sobre o pavimento";"Tombamento";"Com Vítimas Feridas";"Pleno dia";"Crescente";"Céu Claro";"Simples";"Reta";"Sim";1;0;1;0;0;0;1;1;-25,57598857;-54,54696894;"SPRF-PR";"DEL05-PR";"UOP04-DEL05-PR"
543862;2023-08-22;"terça-feira";"13:15:00";"PE";101;185,5;"PALMARES";"Acessar a via sem observar a presença dos outros veículos";"Colisão transversal";"Com Vítimas Feridas";"Pleno dia";"Decrescente";"Céu Claro";"Dupla";"Reta";"Sim";3;0;0;2;1;0;2;2;-8,67427585;-35,57646077;"SPRF-PE";"DEL01-PE";"UOP03-DEL01-PE"
543863;2023-08-22;"terça-feira";"13:40:00";"PR";277;594,9;"CASCAVEL";"Desrespeitar a preferência no cruzamento";"Colisão transversal";"Com Vítimas Feridas";"Pleno dia";"Decrescente";"Céu Claro";"Simples";"Interseção de Vias";"Sim";3;0;1;0;2;0;1;2;-24,9794792;-53,49232599;"SPRF-PR";"DEL04-PR";"UOP01-DEL04-PR"
543865;2023-08-22;"terça-feira";"14:15:00";"PR";369;3,8;"CAMPO MOURAO";"Acessar a via sem observar a presença dos outros veículos";"Colisão transversal";"Com Vítimas Feridas";"Pleno dia";"Crescente";"Céu Claro";"Simples";"Declive";"Não";2;0;0;1;1;0;1;2;-24,058067;-52,383947;"SPRF-PR";"DEL07-PR";"UOP05-DEL07-PR"
543869;2023-08-22;"terça-feira";"13:00:00";"PB";101;102;"ALHANDRA";"Pista Escorregadia";"Colisão com objeto";"Sem Vítimas";"Pleno dia";"Decrescente";"Chuva";"Dupla";"Reta";"Não";3;0;0;0;1;2;0;1;-7,28436337;-34,93897449;"SPRF-PB";"DEL01-PB";"UOP02-DEL01-PB"
543870;2023-08-22;"terça-feira";"14:30:00";"RJ";101;479;"ANGRA DOS REIS";"Reação tardia ou ineficiente do condutor";"Queda de ocupante de veículo";"Com Vítimas Feridas";"Pleno dia";"Crescente";"Sol";"Simples";"Reta";"Sim";2;0;2;0;0;0;2;1;-23,00854164;-44,27562028;"SPRF-RJ";"DEL03-RJ";"UOP03-DEL03-RJ"
543871;2023-08-22;"terça-feira";"06:40:00";"PR";0;0;"CATANDUVAS";"Acesso irregular";"Colisão com objeto";"Sem Vítimas";"Amanhecer";"Não Informado";"Céu Claro";"Simples";"Curva";"Não";4;0;0;0;4;0;0;1;-25,063763;-53,148005;"SPRF-PR";"DEL04-PR";"UOP01-DEL04-PR"
543872;2023-06-19;"segunda-feira";"06:45:00";"RJ";101;322;"NITEROI";"Acessar a via sem observar a presença dos outros veículos";"Colisão traseira";"Com Vítimas Feridas";"Pleno dia";"Crescente";"Céu Claro";"Dupla";"Curva";"Sim";3;0;1;0;2;0;1;3;-22,878923;-43,110676;"SPRF-RJ";"DEL02-RJ";"UOP01-DEL02-RJ"
543873;2023-08-22;"terça-feira";"11:35:00";"GO";80;141;"VILA PROPICIO";"Condutor deixou de manter distância do veículo da frente";"Colisão traseira";"Sem Vítimas";"Pleno dia";"Decrescente";"Céu Claro";"Simples";"Declive;Reta";"Não";2;0;0;0;2;0;0;2;-15,208875;-48,697312;"SPRF-GO";"DEL07-GO";"UOP02-DEL07-GO"
543875;2023-08-22;"terça-feira";"13:40:00";"MT";163;90,8;"RONDONOPOLIS";"Demais falhas mecânicas ou elétricas";"Capotamento";"Com Vítimas Feridas";"Pleno dia";"Decrescente";"Céu Claro";"Dupla";"Reta";"Não";4;0;4;0;0;0;4;1;-16,74053802;-54,64595296;"SPRF-MT";"DEL02-MT";"UOP03-DEL02-MT"
543876;2023-08-22;"terça-feira";"16:08:00";"PR";376;599;"CURITIBA";"Trafegar com motocicleta (ou similar) entre as faixas";"Colisão lateral mesmo sentido";"Com Vítimas Feridas";"Pleno dia";"Crescente";"Céu Claro";"Dupla";"Reta";"Sim";3;0;0;1;2;0;1;2;-25,52808505;-49,32837301;"SPRF-PR";"DEL01-PR";"UOP06-DEL01-PR"
543880;2023-08-22;"terça-feira";"14:52:00";"TO";153;107;"WANDERLANDIA";"Transitar no Acostamento";"Colisão com objeto";"Com Vítimas Feridas";"Pleno dia";"Crescente";"Céu Claro";"Simples";"Reta";"Não";2;0;1;0;1;0;1;2;-6,93239785;-48,07046115;"SPRF-TO";"DEL02-TO";"UOP01-DEL02-TO"
543882;2023-08-22;"terça-feira";"16:00:00";"MG";40;556;"NOVA LIMA";"Demais falhas mecânicas ou elétricas";"Tombamento";"Com Vítimas Feridas";"Pleno dia";"Decrescente";"Sol";"Múltipla";"Reta";"Sim";2;0;2;0;0;0;2;1;-20,09356202;-43,97554136;"SPRF-MG";"DEL01-MG";"UOP02-DEL01-MG"
543883;2023-08-22;"terça-feira";"12:50:00";"PR";153;102,5;"IBAITI";"Ausência de reação do condutor";"Colisão traseira";"Com Vítimas Feridas";"Pleno dia";"Crescente";"Céu Claro";"Simples";"Reta";"Não";2;0;1;0;1;0;1;2;-23,78980606;-50,18764213;"SPRF-PR";"DEL07-PR";"UOP04-DEL07-PR"
543885;2023-08-22;"terça-feira";"16:50:00";"GO";20;6;"FORMOSA";"Reação tardia ou ineficiente do condutor";"Saída de leito carroçável";"Com Vítimas Feridas";"Pleno dia";"Crescente";"Céu Claro";"Simples";"Aclive;Curva";"Não";1;0;0;1;0;0;1;1;-15,54921;-47,300228;"SPRF-DF";"DEL02-DF";"UOP02-DEL02-DF"
543886;2023-06-17;"sábado";"22:50:00";"PI";343;306,9;"ALTOS";"Acessar a via sem observar a presença dos outros veículos";"Colisão transversal";"Com Vítimas Feridas";"Plena Noite";"Decrescente";"Céu Claro";"Dupla";"Reta";"Sim";2;0;1;1;0;0;2;2;-5,038756;-42,450893;"SPRF-PI";"DEL01-PI";"UOP01-DEL01-PI"
543887;2023-08-22;"terça-feira";"16:30:00";"PR";376;170;"MARINGA";"Acessar a via sem observar a presença dos outros veículos";"Colisão transversal";"Com Vítimas Feridas";"Pleno dia";"Crescente";"Céu Claro";"Dupla";"Interseção de Vias;Rotatória";"Sim";2;0;1;0;1;0;1;2;-23,41005092;-51,98756218;"SPRF-PR";"DEL09-PR";"UOP01-DEL09-PR"
543891;2023-08-22;"terça-feira";"16:55:00";"RJ";40;121;"DUQUE DE CAXIAS";"Trafegar com motocicleta (ou similar) entre as faixas";"Colisão traseira";"Com Vítimas Feridas";"Pleno dia";"Decrescente";"Céu Claro";"Múltipla";"Reta";"Sim";3;0;2;0;1;0;2;2;-22,78185499;-43,28571273;"SPRF-RJ";"DEL01-RJ";"UOP01-DEL01-RJ"
543892;2023-08-22;"terça-feira";"15:45:00";"SC";101;202;"SAO JOSE";"Ausência de reação do condutor";"Colisão traseira";"Com Vítimas Feridas";"Pleno dia";"Crescente";"Céu Claro";"Múltipla";"Reta";"Sim";2;0;1;0;0;1;1;2;-27,55808244;-48,61848772;"SPRF-SC";"DEL01-SC";"UOP01-DEL01-SC"
543894;2023-08-22;"terça-feira";"17:30:00";"RS";116;243;"SAO LEOPOLDO";"Pedestre andava na pista";"Atropelamento de Pedestre";"Com Vítimas Feridas";"Pleno dia";"Crescente";"Céu Claro";"Múltipla";"Retorno Regulamentado";"Sim";2;0;1;0;1;0;1;2;-29,73196199;-51,14952004;"SPRF-RS";"DEL01-RS";"UOP02-DEL01-RS"
543896;2023-08-22;"terça-feira";"17:15:00";"BA";324;613;"SALVADOR";"Pista esburacada";"Queda de ocupante de veículo";"Com Vítimas Feridas";"Pleno dia";"Decrescente";"Sol";"Múltipla";"Reta";"Sim";1;0;1;0;0;0;1;1;-12,85531601;-38,42055197;"SPRF-BA";"DEL01-BA";"UOP01-DEL01-BA"
543897;2023-08-22;"terça-feira";"16:30:00";"RJ";116;174;"SAO JOAO DE MERITI";"Trafegar com motocicleta (ou similar) entre as faixas";"Colisão lateral mesmo sentido";"Com Vítimas Feridas";"Pleno dia";"Decrescente";"Céu Claro";"Simples";"Reta";"Sim";2;0;1;0;1;0;1;2;-22,79423806;-43,36403759;"SPRF-RJ";"DEL01-RJ";"UOP02-DEL01-RJ"
543898;2023-07-26;"quarta-feira";"07:50:00";"SP";116;209,5;"GUARULHOS";"Reação tardia ou ineficiente do condutor";"Queda de ocupante de veículo";"Com Vítimas Feridas";"Pleno dia";"Crescente";"Céu Claro";"Dupla";"Reta";"Sim";2;0;1;0;1;0;1;2;-23,42511799;-46,40221101;"SPRF-SP";"DEL01-SP";"UOP01-DEL01-SP"
543899;2023-08-22;"terça-feira";"17:50:00";"MG";50;71;"UBERLANDIA";"Ausência de reação do condutor";"Colisão traseira";"Sem Vítimas";"Anoitecer";"Crescente";"Céu Claro";"Dupla";"Reta";"Sim";2;0;0;0;2;0;0;2;-18,89614331;-48,24705189;"SPRF-MG";"DEL15-MG";"UOP01-DEL15-MG"
543900;2023-08-22;"terça-feira";"18:00:00";"SC";470;138;"RIO DO SUL";"Reação tardia ou ineficiente do condutor";"Colisão transversal";"Com Vítimas Feridas";"Plena Noite";"Crescente";"Céu Claro";"Simples";"Interseção de Vias";"Não";2;0;1;0;1;0;1;2;-27,207214;-49,648476;"SPRF-SC";"DEL04-SC";"UOP02-DEL04-SC"
543901;2023-08-22;"terça-feira";"17:45:00";"MG";381;496;"BETIM";"Ausência de reação do condutor";"Colisão traseira";"Com Vítimas Feridas";"Plena Noite";"Decrescente";"Céu Claro";"Dupla";"Curva";"Sim";3;0;1;0;1;1;1;3;-19,99676497;-44,20958506;"SPRF-MG";"DEL04-MG";"UOP03-DEL04-MG"
543903;2023-08-22;"terça-feira";"16:40:00";"RJ";493;105,8;"ITAGUAI";"Ausência de reação do condutor";"Saída de leito carroçável";"Com Vítimas Feridas";"Pleno dia";"Decrescente";"Céu Claro";"Dupla";"Aclive;Reta";"Não";1;0;1;0;0;0;1;1;-22,78145397;-43,7526226;"SPRF-RJ";"DEL03-RJ";"UOP01-DEL03-RJ"
543904;2023-08-22;"terça-feira";"18:30:00";"MG";381;453;"SABARA";"Reação tardia ou ineficiente do condutor";"Queda de ocupante de veículo";"Com Vítimas Feridas";"Plena Noite";"Decrescente";"Céu Claro";"Simples";"Reta";"Sim";1;0;1;0;0;0;1;1;-19,85197588;-43,88851019;"SPRF-MG";"DEL01-MG";"UOP01-DEL01-MG"
543905;2023-07-15;"sábado";"12:20:00";"ES";101;262;"SERRA";"Ausência de reação do condutor";"Colisão traseira";"Com Vítimas Feridas";"Pleno dia";"Decrescente";"Nublado";"Dupla";"Reta";"Não";2;0;1;0;1;0;1;2;-20,1572331;-40,27678329;"SPRF-ES";"DEL02-ES";"UOP01-DEL02-ES"
543906;2023-08-22;"terça-feira";"18:20:00";"BA";101;878;"TEIXEIRA DE FREITAS";"Reação tardia ou ineficiente do condutor";"Atropelamento de Animal";"Com Vítimas Feridas";"Plena Noite";"Crescente";"Céu Claro";"Simples";"Reta";"Sim";1;0;1;0;0;0;1;1;-17,54774639;-39,71982479;"SPRF-BA";"DEL09-BA";"UOP02-DEL09-BA"
543907;2023-08-22;"terça-feira";"18:40:00";"RS";116;2,2;"PORTO ALEGRE";"Trafegar com motocicleta (ou similar) entre as faixas";"Colisão transversal";"Com Vítimas Feridas";"Plena Noite";"Crescente";"Céu Claro";"Dupla";"Reta";"Sim";2;0;1;0;1;0;1;2;-30,033535;-51,230453;"SPRF-RS";"DEL01-RS";"UOP01-DEL01-RS"
543910;2023-08-22;"terça-feira";"17:40:00";"DF";70;2,2;"BRASILIA";"Velocidade Incompatível";"Colisão lateral mesmo sentido";"Com Vítimas Feridas";"Pleno dia";"Crescente";"Céu Claro";"Dupla";"Reta";"Sim";4;0;3;0;1;0;3;2;-15,798048;-48,073235;"SPRF-DF";"DEL03-DF";"UOP02-DEL03-DF"
543911;2023-08-22;"terça-feira";"18:15:00";"PR";277;6,8;"PARANAGUA";"Demais falhas mecânicas ou elétricas";"Queda de ocupante de veículo";"Com Vítimas Feridas";"Plena Noite";"Decrescente";"Céu Claro";"Dupla";"Reta";"Não";2;0;2;0;0;0;2;1;-25,56119359;-48,58358794;"SPRF-PR";"DEL01-PR";"UOP05-DEL01-PR"
543913;2023-08-14;"segunda-feira";"10:35:00";"SC";101;205;"SAO JOSE";"Reação tardia ou ineficiente do condutor";"Tombamento";"Com Vítimas Feridas";"Pleno dia";"Crescente";"Céu Claro";"Dupla";"Viaduto;Curva";"Sim";2;0;0;1;1;0;1;1;-27,58313237;-48,61532885;"SPRF-SC";"DEL01-SC";"UOP01-DEL01-SC"
543914;2023-08-22;"terça-feira";"18:01:00";"MT";70;2;"BARRA DO GARCAS";"Acessar a via sem observar a presença dos outros veículos";"Colisão transversal";"Com Vítimas Feridas";"Anoitecer";"Decrescente";"Céu Claro";"Simples";"Aclive;Reta";"Sim";3;0;3;0;0;0;3;2;-15,88749699;-52,26810568;"SPRF-MT";"DEL07-MT";"UOP01-DEL07-MT"
543915;2023-08-22;"terça-feira";"18:10:00";"PR";277;597;"CASCAVEL";"Acessar a via sem observar a presença dos outros veículos";"Colisão transversal";"Com Vítimas Feridas";"Plena Noite";"Decrescente";"Céu Claro";"Simples";"Reta";"Não";2;0;1;0;1;0;1;2;-24,99513602;-53,51418998;"SPRF-PR";"DEL04-PR";"UOP01-DEL04-PR"
543917;2023-08-22;"terça-feira";"18:15:00";"PR";369;197;"ARAPONGAS";"Acesso irregular";"Colisão traseira";"Com Vítimas Feridas";"Plena Noite";"Decrescente";"Céu Claro";"Dupla";"Reta";"Não";2;0;2;0;0;0;2;2;-23,49945893;-51,42356873;"SPRF-PR";"DEL07-PR";"UOP03-DEL07-PR"
543918;2023-08-22;"terça-feira";"18:15:00";"PR";116;121;"CURITIBA";"Ausência de reação do condutor";"Colisão lateral mesmo sentido";"Com Vítimas Feridas";"Anoitecer";"Crescente";"Céu Claro";"Dupla";"Reta";"Sim";2;0;0;1;1;0;1;2;-25,5599323;-49,30743945;"SPRF-PR";"DEL01-PR";"UOP03-DEL01-PR"
543919;2023-07-09;"domingo";"20:46:00";"RN";226;83,4;"TANGARA";"Manobra de mudança de faixa";"Colisão frontal";"Com Vítimas Feridas";"Plena Noite";"Decrescente";"Céu Claro";"Simples";"Reta";"Sim";3;0;1;1;1;0;2;2;-6,197673;-35,79863;"SPRF-RN";"DEL01-RN";"UOP02-DEL01-RN"
543920;2023-08-22;"terça-feira";"18:40:00";"MG";381;409;"NOVA UNIAO";"Objeto estático sobre o leito carroçável";"Colisão com objeto";"Com Vítimas Feridas";"Plena Noite";"Decrescente";"Nublado";"Dupla";"Curva";"Não";2;0;2;0;0;0;2;1;-19,72316131;-43,57826387;"SPRF-MG";"DEL01-MG";"UOP01-DEL01-MG"
543921;2023-08-22;"terça-feira";"18:30:00";"PB";104;107;"SAO SEBASTIAO DE LAGOA DE  ROCA";"Transitar na contramão";"Colisão com objeto";"Com Vítimas Feridas";"Plena Noite";"Crescente";"Céu Claro";"Simples";"Reta";"Sim";2;0;1;0;1;0;1;2;-7,10299395;-35,8661241;"SPRF-PB";"DEL02-PB";"UOP04-DEL02-PB"
543922;2023-08-22;"terça-feira";"18:30:00";"PE";232;84,9;"GRAVATA";"Acesso irregular";"Saída de leito carroçável";"Com Vítimas Feridas";"Plena Noite";"Decrescente";"Céu Claro";"Dupla";"Reta";"Sim";3;0;2;0;0;1;2;2;-8,209284;-35,61088;"SPRF-PE";"DEL02-PE";"UOP02-DEL02PE"