"id";"data_inversa";"dia_semana";"horario";"uf";"br";"km";"municipio";"causa_acidente";"tipo_acidente";"classificacao_acidente";"fase_dia";"sentido_via";"condicao_metereologica";"tipo_pista";"tracado_via";"uso_solo";"pessoas";"mortos";"feridos_leves";"feridos_graves";"ilesos";"ignorados";"feridos";"veiculos";"latitude";"longitude";"regional";"delegacia";"uop"
543926;2023-08-22;"terça-feira";"19:00:00";"SC";101;134,5;"BALNEARIO CAMBORIU";"Reação tardia ou ineficiente do condutor";"Colisão transversal";"Com Vítimas Feridas";"Plena Noite";"Decrescente";"Nublado";"Múltipla";"Interseção de Vias";"Sim";3;0;1;0;2;0;1;2;-27,00218;-48,636433;"SPRF-SC";"DEL04-SC";"UOP03-DEL04-SC"
543928;2023-05-23;"terça-feira";"11:20:00";"BA";101;612;"MASCOTE";"Velocidade Incompatível";"Capotamento";"Com Vítimas Feridas";"Pleno dia";"Crescente";"Chuva";"Simples";"Curva";"Não";2;0;1;0;1;0;1;1;-15,74211501;-39,47647498;"SPRF-BA";"DEL05-BA";"UOP02-DEL05-BA"
543929;2023-08-22;"terça-feira";"13:20:00";"PA";163;985;"SANTAREM";"Acessar a via sem observar a presença dos outros veículos";"Colisão transversal";"Com Vítimas Feridas";"Pleno dia";"Decrescente";"Céu Claro";"Simples";"Aclive;Reta";"Não";2;0;1;0;1;0;1;2;-2,60170904;-54,7193154;"SPRF-PA";"DEL05-PA";"UOP01-DEL05-PA"
543930;2023-08-22;"terça-feira";"18:20:00";"RS";285;492,2;"ENTRE-IJUIS";"Ausência de reação do condutor";"Saída de leito carroçável";"Com Vítimas Feridas";"Amanhecer";"Decrescente";"Céu Claro";"Simples";"Reta";"Não";1;0;1;0;0;0;1;1;-28,374706;-54,217434;"SPRF-RS";"DEL10-RS";"UOP01-DEL10-RS"
543932;2023-08-22;"terça-feira";"19:39:00";"PE";104;30;"TORITAMA";"Manobra de mudança de faixa";"Colisão frontal";"Com Vítimas Feridas";"Plena Noite";"Crescente";"Céu Claro";"Simples";"Reta";"Sim";2;0;1;0;1;0;1;2;-8,0137;-36,0565;"SPRF-PE";"DEL02-PE";"UOP01-DEL02-PE"
543933;2023-08-22;"terça-feira";"19:00:00";"DF";40;3;"BRASILIA";"Reação tardia ou ineficiente do condutor";"Colisão traseira";"Com Vítimas Feridas";"Plena Noite";"Crescente";"Céu Claro";"Dupla";"Viaduto;Reta";"Sim";3;0;2;0;1;0;2;2;-16,003145;-47,983944;"SPRF-DF";"DEL01-DF";"UOP01-DEL01-DF"
543935;2023-08-22;"terça-feira";"19:20:00";"RO";319;61;"PORTO VELHO";"Reação tardia ou ineficiente do condutor";"Colisão traseira";"Com Vítimas Feridas";"Plena Noite";"Decrescente";"Céu Claro";"Dupla";"Reta";"Sim";3;0;2;0;1;0;2;2;-8,74115792;-63,88959646;"SPRF-RO";"DEL01-RO";"UOP01-DEL01-RO"
543936;2023-08-22;"terça-feira";"20:00:00";"SP";381;79;"SAO PAULO";"Entrada inopinada do pedestre";"Atropelamento de Pedestre";"Com Vítimas Fatais";"Plena Noite";"Crescente";"Céu Claro";"Múltipla";"Curva;Declive";"Sim";2;1;0;0;1;0;0;2;-23,40520383;-46,57977283;"SPRF-SP";"DEL03-SP";"UOP01-DEL03-SP"
543937;2023-08-22;"terça-feira";"19:50:00";"RJ";393;286,3;"VOLTA REDONDA";"Ausência de reação do condutor";"Colisão traseira";"Com Vítimas Feridas";"Plena Noite";"Crescente";"Céu Claro";"Simples";"Reta";"Não";2;0;1;0;1;0;1;2;-22,49133996;-44,06505619;"SPRF-RJ";"DEL05-RJ";"UOP04-DEL05-RJ"
543941;2023-08-22;"terça-feira";"20:25:00";"DF";20;11,7;"BRASILIA";"Manobra de mudança de faixa";"Colisão lateral mesmo sentido";"Com Vítimas Feridas";"Plena Noite";"Decrescente";"Céu Claro";"Dupla";"Retorno Regulamentado;Reta;Em Obras";"Sim";4;0;0;1;3;0;1;2;-15,64654;-47,766422;"SPRF-DF";"DEL02-DF";"UOP01-DEL02-DF"
543942;2023-08-22;"terça-feira";"19:30:00";"TO";153;334;"GUARAI";"Reação tardia ou ineficiente do condutor";"Colisão traseira";"Com Vítimas Feridas";"Plena Noite";"Decrescente";"Céu Claro";"Múltipla";"Reta";"Sim";3;0;2;0;1;0;2;2;-8,835718;-48,512123;"SPRF-TO";"DEL02-TO";"UOP02-DEL02-TO"
543943;2023-08-22;"terça-feira";"19:00:00";"MT";70;517;"VARZEA GRANDE";"Acessar a via sem observar a presença dos outros veículos";"Colisão transversal";"Com Vítimas Feridas";"Plena Noite";"Crescente";"Céu Claro";"Simples";"Interseção de Vias;Rotatória;Reta";"Sim";2;0;0;1;1;0;1;2;-15,701447;-56,159828;"SPRF-MT";"DEL01-MT";"UOP02-DEL01-MT"
543944;2023-08-22;"terça-feira";"20:00:00";"SC";101;425;"ARARANGUA";"Ausência de reação do condutor";"Tombamento";"Com Vítimas Feridas";"Plena Noite";"Decrescente";"Nublado";"Simples";"Curva";"Não";2;0;2;0;0;0;2;1;-29,02859309;-49,60229516;"SPRF-SC";"DEL02-SC";"UOP02-DEL02-SC"
543945;2023-08-22;"terça-feira";"20:10:00";"MT";163;1033;"PEIXOTO DE AZEVEDO";"Ausência de reação do condutor";"Engavetamento";"Sem Vítimas";"Plena Noite";"Crescente";"Céu Claro";"Simples";"Reta";"Não";4;0;0;0;3;1;0;3;-10,33413892;-55,03922841;"SPRF-MT";"DEL06-MT";"UOP03-DEL06-MT"
543946;2023-08-22;"terça-feira";"20:15:00";"SC";101;49,8;"JOINVILLE";"Velocidade Incompatível";"Tombamento";"Com Vítimas Feridas";"Plena Noite";"Crescente";"Céu Claro";"Simples";"Curva;Aclive;Retorno Regulamentado;Viaduto";"Não";1;0;0;1;0;0;1;1;-26,36479799;-48,85878798;"SPRF-SC";"DEL03-SC";"UOP01-DEL03-SC"
543948;2023-08-22;"terça-feira";"20:00:00";"BA";101;859,5;"TEIXEIRA DE FREITAS";"Pedestre andava na pista";"Atropelamento de Pedestre";"Com Vítimas Feridas";"Plena Noite";"Decrescente";"Céu Claro";"Simples";"Reta";"Não";3;0;0;3;0;0;3;2;-17,59267385;-39,74678616;"SPRF-BA";"DEL09-BA";"UOP02-DEL09-BA"
543949;2023-08-22;"terça-feira";"21:00:00";"AL";316;246;"ATALAIA";"Ausência de reação do condutor";"Saída de leito carroçável";"Com Vítimas Feridas";"Plena Noite";"Crescente";"Céu Claro";"Simples";"Reta";"Não";1;0;0;1;0;0;1;1;-9,52549872;-35,99508253;"SPRF-AL";"DEL01-AL";"UOP01-DEL01-AL"
543952;2023-08-22;"terça-feira";"20:30:00";"GO";251;0;"CRISTALINA";"Demais falhas mecânicas ou elétricas";"Capotamento";"Com Vítimas Feridas";"Plena Noite";"Decrescente";"Céu Claro";"Simples";"Reta";"Não";1;0;1;0;0;0;1;1;-16,248925;-47,328127;"SPRF-DF";"DEL01-DF";"UOP01-DEL01-DF"
543953;2023-08-22;"terça-feira";"22:03:00";"MG";381;291;"ANTONIO DIAS";"Demais falhas na via";"Queda de ocupante de veículo";"Com Vítimas Feridas";"Plena Noite";"Crescente";"Céu Claro";"Dupla";"Aclive;Em Obras;Reta";"Não";1;0;1;0;0;0;1;1;-19,61853702;-42,79876471;"SPRF-MG";"DEL03-MG";"UOP02-DEL03-MG"
543954;2023-08-22;"terça-feira";"20:30:00";"RO";364;161,3;"PIMENTA BUENO";"Ultrapassagem Indevida";"Capotamento";"Com Vítimas Feridas";"Plena Noite";"Crescente";"Céu Claro";"Simples";"Curva;Declive";"Não";2;0;2;0;0;0;2;1;-11,91064703;-60,96644505;"SPRF-RO";"DEL02-RO";"UOP02-DEL02-RO"
543957;2023-08-22;"terça-feira";"21:50:00";"PR";277;101;"CURITIBA";"Velocidade Incompatível";"Colisão traseira";"Com Vítimas Feridas";"Plena Noite";"Crescente";"Céu Claro";"Múltipla";"Declive;Curva";"Sim";2;0;1;0;1;0;1;2;-25,52228492;-49,3331539;"SPRF-PR";"DEL01-PR";"UOP06-DEL01-PR"
543958;2023-08-22;"terça-feira";"22:30:00";"PE";104;67;"CARUARU";"Velocidade Incompatível";"Capotamento";"Sem Vítimas";"Plena Noite";"Decrescente";"Céu Claro";"Dupla";"Aclive;Reta;Em Obras";"Sim";1;0;0;0;0;1;0;1;-8,29345;-35,986116;"SPRF-PE";"DEL02-PE";"UOP01-DEL02-PE"
543959;2023-08-22;"terça-feira";"21:50:00";"PB";230;158,5;"CAMPINA GRANDE";"Animais na Pista";"Atropelamento de Animal";"Com Vítimas Feridas";"Plena Noite";"Decrescente";"Nublado";"Simples";"Declive;Reta";"Sim";1;0;1;0;0;0;1;1;-7,2582;-35,9267;"SPRF-PB";"DEL02-PB";"UOP01-DEL02-PB"
543960;2023-08-22;"terça-feira";"22:29:00";"ES";101;270;"SERRA";"Reação tardia ou ineficiente do condutor";"Atropelamento de Pedestre";"Com Vítimas Feridas";"Plena Noite";"Decrescente";"Céu Claro";"Múltipla";"Reta";"Sim";2;0;1;0;0;1;1;2;-20,22662056;-40,27075088;"SPRF-ES";"DEL02-ES";"UOP01-DEL02-ES"
543962;2023-08-22;"terça-feira";"20:30:00";"RJ";101;403;"ITAGUAI";"Reação tardia ou ineficiente do condutor";"Colisão com objeto";"Sem Vítimas";"Plena Noite";"Crescente";"Céu Claro";"Dupla";"Reta";"Sim";1;0;0;0;1;0;0;1;-22,85924449;-43,79010059;"SPRF-RJ";"DEL03-RJ";"UOP01-DEL03-RJ"
543963;2023-08-22;"terça-feira";"21:50:00";"RJ";493;86;"JAPERI";"Animais na Pista";"Atropelamento de Animal";"Com Vítimas Feridas";"Plena Noite";"Crescente";"Céu Claro";"Dupla";"Reta";"Não";2;0;2;0;0;0;2;2;-22,67098646;-43,63941193;"SPRF-RJ";"DEL01-RJ";"UOP03-DEL01-RJ"
543964;2023-08-22;"terça-feira";"22:52:00";"GO";60;101,5;"ANAPOLIS";"Ingestão de álcool e/ou substâncias psicoativas pelo pedestre";"Atropelamento de Pedestre";"Com Vítimas Fatais";"Plena Noite";"Decrescente";"Céu Claro";"Dupla";"Reta";"Sim";3;1;0;0;2;0;0;2;-16,403632;-48,977933;"SPRF-GO";"DEL02-GO";"UOP01-DEL02-GO"
543967;2023-08-23;"quarta-feira";"00:05:00";"SP";116;207;"GUARULHOS";"Condutor Dormindo";"Saída de leito carroçável";"Sem Vítimas";"Plena Noite";"Decrescente";"Céu Claro";"Múltipla";"Reta";"Sim";1;0;0;0;1;0;0;1;-23,41972188;-46,38419203;"SPRF-SP";"DEL01-SP";"UOP01-DEL01-SP"
543968;2023-08-22;"terça-feira";"23:08:00";"CE";304;53,1;"ARACATI";"Animais na Pista";"Atropelamento de Animal";"Com Vítimas Feridas";"Plena Noite";"Crescente";"Céu Claro";"Simples";"Reta";"Não";35;0;1;0;34;0;1;2;-4,57402355;-37,73636121;"SPRF-CE";"DEL03-CE";"UOP03-DEL03-CE"
543969;2023-07-01;"sábado";"11:00:00";"RS";116;206,8;"PICADA CAFE";"Acumulo de areia ou detritos sobre o pavimento";"Colisão com objeto";"Com Vítimas Feridas";"Pleno dia";"Decrescente";"Nublado";"Simples";"Curva";"Não";1;0;0;1;0;0;1;1;-29,49820155;-51,12876177;"SPRF-RS";"DEL05-RS";"UOP02-DEL05-RS"
543971;2023-08-22;"terça-feira";"21:54:00";"MG";381;722,8;"CARMO DA CACHOEIRA";"Reação tardia ou ineficiente do condutor";"Colisão traseira";"Com Vítimas Feridas";"Plena Noite";"Crescente";"Céu Claro";"Dupla";"Aclive;Reta";"Sim";3;0;1;0;2;0;1;2;-21,47729514;-45,20207819;"SPRF-MG";"DEL04-MG";"UOP02-DEL04-MG"
543973;2023-08-22;"terça-feira";"16:30:00";"RO";364;953;"PORTO VELHO";"Ausência de reação do condutor";"Saída de leito carroçável";"Com Vítimas Fatais";"Anoitecer";"Decrescente";"Céu Claro";"Simples";"Reta";"Não";4;2;0;2;0;0;2;1;-9,652217;-65,562718;"SPRF-RO";"DEL01-RO";"UOP03-DEL01-RO"
543976;2023-08-22;"terça-feira";"15:52:00";"MT";364;435,1;"VARZEA GRANDE";"Acessar a via sem observar a presença dos outros veículos";"Colisão transversal";"Com Vítimas Feridas";"Pleno dia";"Crescente";"Céu Claro";"Simples";"Reta";"Sim";2;0;1;0;1;0;1;2;-15,64127781;-56,13085281;"SPRF-MT";"DEL01-MT";"UOP02-DEL01-MT"
543978;2023-08-23;"quarta-feira";"01:50:00";"PR";153;358;"REBOUCAS";"Ingestão de álcool pelo condutor";"Queda de ocupante de veículo";"Com Vítimas Feridas";"Plena Noite";"Crescente";"Céu Claro";"Simples";"Reta";"Não";1;0;1;0;0;0;1;1;-25,66294277;-50,7370991;"SPRF-PR";"DEL08-PR";"UOP02-DEL08-PR"
543979;2023-08-23;"quarta-feira";"03:10:00";"RS";386;348,6;"LAJEADO";"Sinalização mal posicionada";"Saída de leito carroçável";"Com Vítimas Feridas";"Plena Noite";"Crescente";"Céu Claro";"Dupla";"Em Obras;Reta";"Não";2;0;1;0;1;0;1;1;-29,46383163;-51,95571899;"SPRF-RS";"DEL04-RS";"UOP01-DEL04-RS"
543981;2023-08-23;"quarta-feira";"04:10:00";"MG";381;490;"BETIM";"Condutor Dormindo";"Saída de leito carroçável";"Sem Vítimas";"Plena Noite";"Crescente";"Céu Claro";"Dupla";"Curva;Aclive";"Sim";1;0;0;0;1;0;0;1;-19,96502819;-44,17422195;"SPRF-MG";"DEL01-MG";"UOP03-DEL01-MG"
543982;2023-08-23;"quarta-feira";"05:20:00";"SP";116;13,1;"QUELUZ";"Animais na Pista";"Atropelamento de Animal";"Com Vítimas Feridas";"Amanhecer";"Crescente";"Céu Claro";"Dupla";"Reta";"Não";2;0;0;2;0;0;2;1;-22,55124414;-44,8118935;"SPRF-SP";"DEL08-SP";"UOP02-DEL08-SP"
543985;2023-08-23;"quarta-feira";"06:45:00";"SP";116;213;"GUARULHOS";"Ausência de reação do condutor";"Queda de ocupante de veículo";"Com Vítimas Feridas";"Pleno dia";"Crescente";"Céu Claro";"Múltipla";"Reta";"Não";2;0;1;0;1;0;1;1;-23,43971486;-46,43667806;"SPRF-SP";"DEL01-SP";"UOP01-DEL01-SP"
543987;2023-08-22;"terça-feira";"23:30:00";"MT";364;394;"SANTO ANTONIO DO LEVERGER";"Ausência de reação do condutor";"Saída de leito carroçável";"Sem Vítimas";"Plena Noite";"Crescente";"Ignorado";"Dupla";"Rotatória";"Não";2;0;0;0;0;2;0;1;-15,700119;-55,890619;"SPRF-MT";"DEL01-MT";"UOP02-DEL01-MT"
543989;2023-08-23;"quarta-feira";"07:19:00";"CE";116;168;"RUSSAS";"Acessar a via sem observar a presença dos outros veículos";"Colisão lateral mesmo sentido";"Com Vítimas Feridas";"Pleno dia";"Crescente";"Céu Claro";"Simples";"Reta";"Sim";3;0;1;1;1;0;2;3;-4,97562655;-38,01382028;"SPRF-CE";"DEL03-CE";"UOP01-DEL03-CE"
543990;2023-08-15;"terça-feira";"05:24:00";"BA";324;513,9;"FEIRA DE SANTANA";"Acessar a via sem observar a presença dos outros veículos";"Colisão transversal";"Com Vítimas Feridas";"Amanhecer";"Crescente";"Nublado";"Simples";"Reta;Interseção de Vias";"Sim";3;0;0;1;1;1;1;3;-12,23223543;-38,95288467;"SPRF-BA";"DEL02-BA";"UOP01-DEL02-BA"
543991;2023-04-29;"sábado";"08:13:00";"PI";343;340,7;"TERESINA";"Desrespeitar a preferência no cruzamento";"Colisão transversal";"Com Vítimas Feridas";"Pleno dia";"Decrescente";"Nublado";"Dupla";"Declive;Interseção de Vias";"Sim";2;0;1;0;0;1;1;2;-5,074137;-42,73629;"SPRF-PI";"DEL01-PI";"UOP01-DEL01-PI"
543992;2023-08-23;"quarta-feira";"06:50:00";"RS";471;161;"RIO PARDO";"Estacionar ou parar em local proibido";"Colisão traseira";"Sem Vítimas";"Pleno dia";"Decrescente";"Céu Claro";"Simples";"Reta";"Não";2;0;0;0;2;0;0;2;-29,9147;-52,391598;"SPRF-RS";"DEL02-RS";"UOP03-DEL02-RS"
543997;2023-08-23;"quarta-feira";"07:30:00";"GO";153;501,7;"GOIANIA";"Condutor deixou de manter distância do veículo da frente";"Colisão traseira";"Com Vítimas Feridas";"Pleno dia";"Decrescente";"Céu Claro";"Dupla";"Reta";"Sim";2;0;1;0;1;0;1;2;-16,7189;-49,2382;"SPRF-GO";"DEL01-GO";"UOP01-DEL01-GO"
543998;2023-08-23;"quarta-feira";"08:00:00";"RS";448;15;"CANOAS";"Reação tardia ou ineficiente do condutor";"Colisão lateral mesmo sentido";"Com Vítimas Feridas";"Pleno dia";"Decrescente";"Nublado";"Múltipla";"Reta";"Não";3;0;2;0;1;0;2;2;-29,92343586;-51,22860432;"SPRF-RS";"DEL01-RS";"UOP01-DEL01-RS"
543999;2023-08-23;"quarta-feira";"07:50:00";"SC";101;200;"SAO JOSE";"Manobra de mudança de faixa";"Colisão lateral mesmo sentido";"Com Vítimas Feridas";"Pleno dia";"Crescente";"Céu Claro";"Dupla";"Reta";"Não";2;0;1;0;1;0;1;2;-27,54018513;-48,62287714;"SPRF-SC";"DEL01-SC";"UOP01-DEL01-SC"
544000;2023-08-22;"terça-feira";"18:30:00";"SP";101;34;"UBATUBA";"Entrada inopinada do pedestre";"Atropelamento de Pedestre";"Com Vítimas Fatais";"Plena Noite";"Decrescente";"Céu Claro";"Simples";"Reta";"Não";3;1;0;0;2;0;0;2;-23,39159;-44,999209;"SPRF-SP";"DEL06-SP";"UOP01-DEL06-SP"
544001;2023-08-23;"quarta-feira";"08:10:00";"MG";381;498;"BETIM";"Ausência de reação do condutor";"Queda de ocupante de veículo";"Com Vítimas Feridas";"Pleno dia";"Decrescente";"Céu Claro";"Dupla";"Reta";"Não";1;0;0;1;0;0;1;1;-19,98675929;-44,20342684;"SPRF-MG";"DEL04-MG";"UOP03-DEL04-MG"
544003;2023-08-23;"quarta-feira";"07:45:00";"GO";60;96,5;"ANAPOLIS";"Reação tardia ou ineficiente do condutor";"Saída de leito carroçável";"Com Vítimas Feridas";"Pleno dia";"Decrescente";"Céu Claro";"Dupla";"Reta";"Sim";2;0;2;0;0;0;2;1;-16,371;-48,9422;"SPRF-GO";"DEL02-GO";"UOP01-DEL02-GO"
544005;2023-08-23;"quarta-feira";"08:30:00";"RJ";116;317;"ITATIAIA";"Ultrapassagem Indevida";"Colisão lateral mesmo sentido";"Com Vítimas Feridas";"Pleno dia";"Crescente";"Céu Claro";"Simples";"Retorno Regulamentado;Reta";"Não";2;0;1;0;1;0;1;2;-22,46708478;-44,50067002;"SPRF-RJ";"DEL07-RJ";"UOP02-DEL07-RJ"
544006;2023-08-23;"quarta-feira";"08:00:00";"RO";364;710;"PORTO VELHO";"Reação tardia ou ineficiente do condutor";"Colisão traseira";"Com Vítimas Feridas";"Pleno dia";"Decrescente";"Céu Claro";"Dupla";"Retorno Regulamentado";"Sim";3;0;0;2;1;0;2;2;-8,78621576;-63,85712687;"SPRF-RO";"DEL01-RO";"UOP01-DEL01-RO"
544007;2023-08-23;"quarta-feira";"09:10:00";"PI";343;345,3;"TERESINA";"Condutor desrespeitou a iluminação vermelha do semáforo";"Colisão transversal";"Sem Vítimas";"Pleno dia";"Crescente";"Céu Claro";"Simples";"Interseção de Vias;Reta";"Sim";2;0;0;0;2;0;0;2;-5,102889;-42,766506;"SPRF-PI";"DEL01-PI";"UOP01-DEL01-PI"
544008;2023-08-23;"quarta-feira";"07:00:00";"SP";381;84;"SAO PAULO";"Ausência de reação do condutor";"Atropelamento de Pedestre";"Com Vítimas Feridas";"Pleno dia";"Crescente";"Céu Claro";"Dupla";"Reta";"Sim";2;0;0;1;1;0;1;2;-23,43937;-46,56807;"SPRF-SP";"DEL03-SP";"UOP01-DEL03-SP"
544009;2023-07-19;"quarta-feira";"18:20:00";"SC";282;137;"BOM RETIRO";"Desrespeitar a preferência no cruzamento";"Colisão frontal";"Com Vítimas Feridas";"Plena Noite";"Crescente";"Céu Claro";"Simples";"Reta";"Sim";6;0;2;3;0;1;5;3;-27,8218;-49,567032;"SPRF-SC";"DEL05-SC";"UOP01-DEL05-SC"
544010;2023-08-23;"quarta-feira";"07:48:00";"MA";135;22;"SAO LUIS";"Trafegar com motocicleta (ou similar) entre as faixas";"Colisão lateral mesmo sentido";"Sem Vítimas";"Pleno dia";"Decrescente";"Sol";"Dupla";"Aclive;Reta";"Sim";4;0;0;0;1;3;0;4;-2,53073;-44,3068;"SPRF-MA";"DEL01-MA";"UOP01-DEL01-MA"
544016;2023-08-08;"terça-feira";"14:00:00";"MT";163;855,6;"SINOP";"Condutor deixou de manter distância do veículo da frente";"Colisão traseira";"Com Vítimas Feridas";"Pleno dia";"Crescente";"Céu Claro";"Simples";"Reta";"Não";2;0;1;0;1;0;1;2;-11,6858046;-55,44950746;"SPRF-MT";"DEL06-MT";"UOP02-DEL06-MT"
544017;2023-08-23;"quarta-feira";"09:30:00";"MG";381;488;"BETIM";"Objeto estático sobre o leito carroçável";"Colisão com objeto";"Com Vítimas Feridas";"Pleno dia";"Decrescente";"Céu Claro";"Dupla";"Reta";"Não";2;0;1;0;1;0;1;1;-19,9598656;-44,15489715;"SPRF-MG";"DEL01-MG";"UOP03-DEL01-MG"
544018;2023-08-23;"quarta-feira";"09:20:00";"SC";101;42,9;"JOINVILLE";"Velocidade Incompatível";"Colisão com objeto";"Com Vítimas Feridas";"Pleno dia";"Crescente";"Céu Claro";"Dupla";"Aclive";"Sim";2;0;1;0;1;0;1;2;-26,29251598;-48,88474385;"SPRF-SC";"DEL03-SC";"UOP01-DEL03-SC"
544021;2023-08-23;"quarta-feira";"09:00:00";"MS";262;1;"TRES LAGOAS";"Ausência de reação do condutor";"Saída de leito carroçável";"Com Vítimas Feridas";"Pleno dia";"Crescente";"Sol";"Simples";"Rotatória";"Não";1;0;1;0;0;0;1;1;-20,788565;-51,641582;"SPRF-MS";"DEL07-MS";"UOP01-DEL07-MS"
544022;2023-08-20;"domingo";"09:40:00";"RS";116;207,8;"PICADA CAFE";"Frear bruscamente";"Colisão traseira";"Com Vítimas Feridas";"Pleno dia";"Crescente";"Céu Claro";"Simples";"Reta";"Não";2;0;1;0;1;0;1;2;-29,49931278;-51,12022161;"SPRF-RS";"DEL05-RS";"UOP02-DEL05-RS"
544023;2023-08-23;"quarta-feira";"11:10:00";"CE";116;64,9;"CHOROZINHO";"Ausência de reação do condutor";"Colisão traseira";"Sem Vítimas";"Pleno dia";"Crescente";"Sol";"Simples";"Reta";"Sim";3;0;0;0;3;0;0;3;-4,29393586;-38,49864721;"SPRF-CE";"DEL03-CE";"UOP02-DEL03-CE"
544024;2023-08-23;"quarta-feira";"11:10:00";"DF";70;11,6;"BRASILIA";"Acesso irregular";"Colisão transversal";"Com Vítimas Feridas";"Pleno dia";"Crescente";"Céu Claro";"Dupla";"Reta;Retorno Regulamentado";"Não";2;0;0;1;1;0;1;2;-15,789762;-48,148727;"SPRF-DF";"DEL03-DF";"UOP02-DEL03-DF"
544025;2023-08-23;"quarta-feira";"11:40:00";"BA";116;829;"VITORIA DA CONQUISTA";"Ausência de reação do condutor";"Colisão lateral mesmo sentido";"Com Vítimas Feridas";"Pleno dia";"Crescente";"Nublado";"Simples";"Declive";"Sim";2;0;0;1;0;1;1;2;-14,83285011;-40,83861386;"SPRF-BA";"DEL08-BA";"UOP01-DEL08-BA"
544026;2023-08-23;"quarta-feira";"11:40:00";"RN";101;106;"PARNAMIRIM";"Acessar a via sem observar a presença dos outros veículos";"Colisão transversal";"Com Vítimas Feridas";"Pleno dia";"Crescente";"Sol";"Múltipla";"Interseção de Vias;Reta";"Sim";2;0;1;0;1;0;1;2;-5,91056401;-35,26130795;"SPRF-RN";"DEL01-RN";"UOP01-DEL01-RN"
544029;2023-07-30;"domingo";"09:50:00";"RJ";101;397;"ITAGUAI";"Demais falhas mecânicas ou elétricas";"Incêndio";"Sem Vítimas";"Pleno dia";"Decrescente";"Nublado";"Dupla";"Reta";"Não";4;0;0;0;4;0;0;1;-22,870909;-43,74577;"SPRF-RJ";"DEL03-RJ";"UOP01-DEL03-RJ"
544030;2023-08-23;"quarta-feira";"11:46:00";"RS";392;346,5;"SANTA MARIA";"Desrespeitar a preferência no cruzamento";"Colisão transversal";"Sem Vítimas";"Pleno dia";"Decrescente";"Céu Claro";"Simples";"Interseção de Vias;Reta";"Sim";2;0;0;0;2;0;0;2;-29,769868;-53,78433605;"SPRF-RS";"DEL09-RS";"UOP01-DEL09-RS"
544031;2023-08-23;"quarta-feira";"12:30:00";"RS";116;248;"SAO LEOPOLDO";"Conversão proibida";"Colisão transversal";"Sem Vítimas";"Pleno dia";"Crescente";"Chuva";"Múltipla";"Reta;Interseção de Vias;Viaduto";"Sim";2;0;0;0;2;0;0;2;-29,7725901;-51,15436348;"SPRF-RS";"DEL01-RS";"UOP02-DEL01-RS"
544032;2023-08-23;"quarta-feira";"12:00:00";"MG";40;532;"BELO HORIZONTE";"Demais falhas mecânicas ou elétricas";"Incêndio";"Sem Vítimas";"Pleno dia";"Crescente";"Céu Claro";"Dupla";"Reta";"Sim";2;0;0;0;2;0;0;1;-19,92372561;-44,01700789;"SPRF-MG";"DEL01-MG";"UOP02-DEL01-MG"
544036;2023-08-23;"quarta-feira";"12:40:00";"SP";116;487;"CAJATI";"Ausência de reação do condutor";"Saída de leito carroçável";"Com Vítimas Feridas";"Pleno dia";"Decrescente";"Céu Claro";"Dupla";"Reta";"Não";2;0;2;0;0;0;2;1;-24,72633575;-48,08998415;"SPRF-SP";"DEL05-SP";"UOP01-DEL05-SP"
544038;2023-06-25;"domingo";"04:45:00";"PE";407;129;"PETROLINA";"Pedestre andava na pista";"Atropelamento de Pedestre";"Com Vítimas Fatais";"Amanhecer";"Crescente";"Céu Claro";"Dupla";"Reta";"Sim";2;1;0;0;0;1;0;2;-9,39958299;-40,50459298;"SPRF-PE";"DEL06-PE";"UOP01-DEL06-PE"
544040;2023-08-23;"quarta-feira";"13:40:00";"TO";10;456,1;"PALMAS";"Acessar a via sem observar a presença dos outros veículos";"Colisão transversal";"Com Vítimas Feridas";"Pleno dia";"Crescente";"Céu Claro";"Múltipla";"Reta";"Sim";2;0;1;0;1;0;1;2;-10,296807;-48,297552;"SPRF-TO";"DEL01-TO";"UOP03-DEL01-TO"
544042;2023-07-23;"domingo";"07:30:00";"PI";343;140;"PIRACURUCA";"Conversão proibida";"Colisão lateral mesmo sentido";"Com Vítimas Feridas";"Pleno dia";"Crescente";"Céu Claro";"Dupla";"Reta";"Não";2;0;0;1;1;0;1;2;-3,92065;-41,712273;"SPRF-PI";"DEL02-PI";"UOP01-DEL02-PI"
544043;2023-08-23;"quarta-feira";"13:35:00";"SP";381;54,5;"MAIRIPORA";"Demais falhas mecânicas ou elétricas";"Incêndio";"Sem Vítimas";"Pleno dia";"Crescente";"Sol";"Dupla";"Curva";"Sim";1;0;0;0;1;0;0;1;-23,2449074;-46,59562343;"SPRF-SP";"DEL03-SP";"UOP01-DEL03-SP"
544044;2023-08-23;"quarta-feira";"13:55:00";"RN";304;35,3;"MOSSORO";"Acessar a via sem observar a presença dos outros veículos";"Colisão transversal";"Com Vítimas Feridas";"Pleno dia";"Crescente";"Sol";"Dupla";"Rotatória;Reta";"Não";3;0;2;0;1;0;2;2;-5,16526856;-37,35213648;"SPRF-RN";"DEL04-RN";"UOP02-DEL04-RN"
544046;2023-07-02;"domingo";"10:30:00";"PB";230;56,7;"CRUZ DO ESPIRITO SANTO";"Manobra de mudança de faixa";"Colisão lateral mesmo sentido";"Com Vítimas Feridas";"Pleno dia";"Decrescente";"Chuva";"Dupla";"Curva";"Não";2;0;0;1;1;0;1;2;-7,2021;-35,1038;"SPRF-PB";"DEL01-PB";"UOP03-DEL01-PB"