"id";"data_inversa";"dia_semana";"horario";"uf";"br";"km";"municipio";"causa_acidente";"tipo_acidente";"classificacao_acidente";"fase_dia";"sentido_via";"condicao_metereologica";"tipo_pista";"tracado_via";"uso_solo";"pessoas";"mortos";"feridos_leves";"feridos_graves";"ilesos";"ignorados";"feridos";"veiculos";"latitude";"longitude";"regional";"delegacia";"uop"
544164;2023-08-24;"quinta-feira";"03:00:00";"RJ";116;177;"SAO JOAO DE MERITI";"Ingestão de álcool pelo condutor";"Colisão traseira";"Com Vítimas Feridas";"Plena Noite";"Crescente";"Céu Claro";"Dupla";"Reta";"Sim";4;0;1;2;0;1;3;3;-22,78055198;-43,39208599;"SPRF-RJ";"DEL01-RJ";"UOP02-DEL01-RJ"
544165;2023-08-24;"quinta-feira";"06:00:00";"SC";101;153;"PORTO BELO";"Condutor deixou de manter distância do veículo da frente";"Colisão traseira";"Com Vítimas Feridas";"Pleno dia";"Crescente";"Nublado";"Dupla";"Reta";"Não";6;0;3;0;3;0;3;3;-27,144717;-48,61063935;"SPRF-SC";"DEL04-SC";"UOP03-DEL04-SC"
544166;2023-08-24;"quinta-feira";"06:18:00";"RN";110;49,9;"MOSSORO";"Ausência de reação do condutor";"Colisão traseira";"Com Vítimas Fatais";"Pleno dia";"Decrescente";"Céu Claro";"Dupla";"Reta";"Sim";3;2;0;0;1;0;0;2;-5,21645975;-37,32927128;"SPRF-RN";"DEL04-RN";"UOP01-DEL04-RN"
544167;2023-08-16;"quarta-feira";"08:00:00";"CE";116;8;"FORTALEZA";"Condutor deixou de manter distância do veículo da frente";"Colisão traseira";"Com Vítimas Feridas";"Pleno dia";"Decrescente";"Céu Claro";"Dupla";"Reta";"Sim";3;0;0;1;2;0;1;2;-3,8192799;-38,50268337;"SPRF-CE";"DEL01-CE";"UOP02-DEL01-CE"
544169;2023-08-24;"quinta-feira";"06:30:00";"SC";101;51,3;"JOINVILLE";"Avarias e/ou desgaste excessivo no pneu";"Tombamento";"Com Vítimas Feridas";"Pleno dia";"Crescente";"Céu Claro";"Dupla";"Reta";"Não";2;0;2;0;0;0;2;1;-26,39817407;-48,83955002;"SPRF-SC";"DEL03-SC";"UOP01-DEL03-SC"
544171;2023-08-24;"quinta-feira";"07:00:00";"SP";116;220;"GUARULHOS";"Trafegar com motocicleta (ou similar) entre as faixas";"Colisão lateral mesmo sentido";"Com Vítimas Feridas";"Pleno dia";"Crescente";"Céu Claro";"Múltipla";"Reta";"Sim";2;0;1;0;1;0;1;2;-23,46143954;-46,48885316;"SPRF-SP";"DEL01-SP";"UOP01-DEL01-SP"
544172;2023-08-24;"quinta-feira";"05:35:00";"SC";101;116;"ITAJAI";"Condutor deixou de manter distância do veículo da frente";"Colisão traseira";"Com Vítimas Feridas";"Amanhecer";"Crescente";"Nublado";"Dupla";"Reta";"Não";2;0;1;0;1;0;1;2;-26,87905605;-48,72603512;"SPRF-SC";"DEL04-SC";"UOP04-DEL04-SC"
544173;2023-08-24;"quinta-feira";"06:50:00";"DF";70;18;"BRASILIA";"Entrada inopinada do pedestre";"Atropelamento de Pedestre";"Com Vítimas Feridas";"Pleno dia";"Decrescente";"Céu Claro";"Dupla";"Reta";"Não";4;0;2;0;2;0;2;4;-15,791093;-48,21096;"SPRF-DF";"DEL03-DF";"UOP02-DEL03-DF"
544174;2023-08-24;"quinta-feira";"07:00:00";"PE";428;191,7;"PETROLINA";"Reação tardia ou ineficiente do condutor";"Tombamento";"Com Vítimas Feridas";"Pleno dia";"Crescente";"Céu Claro";"Dupla";"Reta";"Não";1;0;1;0;0;0;1;1;-9,37766429;-40,50269795;"SPRF-PE";"DEL06-PE";"UOP01-DEL06-PE"
544175;2023-08-24;"quinta-feira";"05:10:00";"RJ";40;114;"DUQUE DE CAXIAS";"Avarias e/ou desgaste excessivo no pneu";"Engavetamento";"Com Vítimas Feridas";"Pleno dia";"Crescente";"Céu Claro";"Múltipla";"Reta";"Sim";6;0;2;0;4;0;2;3;-22,7202195;-43,28983426;"SPRF-RJ";"DEL01-RJ";"UOP01-DEL01-RJ"
544177;2023-08-24;"quinta-feira";"06:30:00";"MS";163;477,9;"CAMPO GRANDE";"Ausência de reação do condutor";"Colisão traseira";"Com Vítimas Feridas";"Pleno dia";"Crescente";"Céu Claro";"Simples";"Reta";"Não";3;0;1;0;2;0;1;2;-20,50427591;-54,55557367;"SPRF-MS";"DEL01-MS";"UOP01-DEL01-MS"
544178;2023-08-24;"quinta-feira";"07:15:00";"RS";116;261;"CANOAS";"Manobra de mudança de faixa";"Colisão traseira";"Com Vítimas Feridas";"Pleno dia";"Crescente";"Nublado";"Dupla";"Reta";"Sim";2;0;1;0;1;0;1;2;-29,887983;-51,17901;"SPRF-RS";"DEL01-RS";"UOP01-DEL01-RS"
544179;2023-08-23;"quarta-feira";"19:20:00";"PR";277;475,7;"NOVA LARANJEIRAS";"Pedestre andava na pista";"Atropelamento de Pedestre";"Com Vítimas Fatais";"Plena Noite";"Crescente";"Céu Claro";"Simples";"Curva;Aclive";"Não";2;1;0;0;1;0;0;2;-25,29752;-52,57066;"SPRF-PR";"DEL04-PR";"UOP02-DEL04-PR"
544183;2023-08-24;"quinta-feira";"07:30:00";"BA";324;616;"SALVADOR";"Condutor deixou de manter distância do veículo da frente";"Colisão traseira";"Com Vítimas Feridas";"Pleno dia";"Decrescente";"Céu Claro";"Dupla";"Reta";"Sim";2;0;1;0;1;0;1;2;-12,87957905;-38,43213893;"SPRF-BA";"DEL01-BA";"UOP01-DEL01-BA"
544184;2023-08-24;"quinta-feira";"07:50:00";"PR";116;119;"CURITIBA";"Manobra de mudança de faixa";"Colisão traseira";"Com Vítimas Feridas";"Pleno dia";"Decrescente";"Céu Claro";"Dupla";"Reta;Declive";"Sim";3;0;2;0;1;0;2;2;-25,54456009;-49,30146002;"SPRF-PR";"DEL01-PR";"UOP03-DEL01-PR"
544185;2023-08-24;"quinta-feira";"06:13:00";"RO";364;696;"CANDEIAS DO JAMARI";"Reação tardia ou ineficiente do condutor";"Colisão lateral mesmo sentido";"Com Vítimas Feridas";"Pleno dia";"Decrescente";"Céu Claro";"Dupla";"Reta";"Não";2;0;1;0;1;0;1;2;-8,80046614;-63,734779;"SPRF-RO";"DEL01-RO";"UOP01-DEL01-RO"
544186;2023-08-24;"quinta-feira";"07:15:00";"RN";304;47,6;"MOSSORO";"Entrada inopinada do pedestre";"Atropelamento de Pedestre";"Com Vítimas Feridas";"Pleno dia";"Decrescente";"Céu Claro";"Dupla";"Viaduto";"Sim";2;0;1;0;1;0;1;2;-5,227667;-37,322688;"SPRF-RN";"DEL04-RN";"UOP01-DEL04-RN"
544188;2023-08-24;"quinta-feira";"06:15:00";"RJ";116;188;"NOVA IGUACU";"Condutor Dormindo";"Colisão traseira";"Com Vítimas Feridas";"Amanhecer";"Crescente";"Céu Claro";"Dupla";"Reta";"Sim";3;0;2;0;1;0;2;2;-22,7380709;-43,48213999;"SPRF-RJ";"DEL01-RJ";"UOP02-DEL01-RJ"
544195;2023-04-14;"sexta-feira";"09:00:00";"MG";365;588;"ARAGUARI";"Demais falhas mecânicas ou elétricas";"Tombamento";"Com Vítimas Feridas";"Pleno dia";"Decrescente";"Sol";"Simples";"Reta";"Não";2;0;0;2;0;0;2;1;-18,87511406;-48,02851694;"SPRF-MG";"DEL15-MG";"UOP02-DEL15-MG"
544196;2023-08-24;"quinta-feira";"08:00:00";"BA";415;49;"ITABUNA";"Trafegar com motocicleta (ou similar) entre as faixas";"Colisão lateral mesmo sentido";"Com Vítimas Feridas";"Pleno dia";"Decrescente";"Céu Claro";"Simples";"Reta";"Sim";2;0;2;0;0;0;2;2;-14,82040951;-39,30690408;"SPRF-BA";"DEL05-BA";"UOP01-DEL05-BA"
544197;2023-08-24;"quinta-feira";"08:30:00";"BA";324;515,7;"FEIRA DE SANTANA";"Reação tardia ou ineficiente do condutor";"Colisão traseira";"Com Vítimas Feridas";"Pleno dia";"Crescente";"Céu Claro";"Simples";"Declive";"Sim";2;0;1;0;1;0;1;2;-12,23547809;-38,94396807;"SPRF-BA";"DEL02-BA";"UOP01-DEL02-BA"
544198;2023-08-24;"quinta-feira";"07:54:00";"BA";116;286;"TUCANO";"Pista esburacada";"Colisão frontal";"Com Vítimas Feridas";"Pleno dia";"Decrescente";"Sol";"Simples";"Reta";"Não";2;0;0;1;1;0;1;2;-11,05644706;-38,83973638;"SPRF-BA";"DEL02-BA";"UOP01-DEL02-BA"
544200;2023-08-24;"quinta-feira";"07:20:00";"MA";135;4,5;"SAO LUIS";"Manobra de mudança de faixa";"Colisão lateral mesmo sentido";"Com Vítimas Feridas";"Pleno dia";"Crescente";"Céu Claro";"Dupla";"Reta";"Sim";2;0;1;0;1;0;1;2;-2,61424881;-44,25257023;"SPRF-MA";"DEL01-MA";"UOP01-DEL01-MA"
544201;2023-08-24;"quinta-feira";"09:05:00";"SC";280;29,6;"ARAQUARI";"Transitar no Acostamento";"Colisão transversal";"Com Vítimas Feridas";"Pleno dia";"Crescente";"Céu Claro";"Simples";"Reta";"Não";2;0;1;1;0;0;2;2;-26,41066264;-48,75295628;"SPRF-SC";"DEL03-SC";"UOP03-DEL03-SC"
544204;2023-08-24;"quinta-feira";"07:40:00";"PI";316;13;"TERESINA";"Manobra de mudança de faixa";"Colisão lateral mesmo sentido";"Sem Vítimas";"Pleno dia";"Decrescente";"Céu Claro";"Múltipla";"Reta";"Sim";3;0;0;0;3;0;0;2;-5,2096314;-42,75526995;"SPRF-PI";"DEL01-PI";"UOP02-DEL01-PI"
544205;2023-08-24;"quinta-feira";"09:00:00";"SP";153;53,5;"SAO JOSE DO RIO PRETO";"Condutor deixou de manter distância do veículo da frente";"Colisão traseira";"Com Vítimas Feridas";"Pleno dia";"Crescente";"Céu Claro";"Dupla";"Curva";"Não";3;0;1;0;2;0;1;2;-20,73965967;-49,33792591;"SPRF-SP";"DEL09-SP";"UOP01-DEL09-SP"
544206;2023-08-13;"domingo";"00:41:00";"MS";163;265;"DOURADOS";"Velocidade Incompatível";"Colisão com objeto";"Com Vítimas Feridas";"Plena Noite";"Crescente";"Garoa/Chuvisco";"Dupla";"Rotatória";"Sim";2;0;2;0;0;0;2;1;-22,222698;-54,73128;"SPRF-MS";"DEL04-MS";"UOP01-DEL04-MS"
544207;2023-08-24;"quinta-feira";"07:47:00";"RO";319;62;"PORTO VELHO";"Acessar a via sem observar a presença dos outros veículos";"Colisão transversal";"Com Vítimas Feridas";"Pleno dia";"Decrescente";"Céu Claro";"Dupla";"Interseção de Vias";"Sim";2;0;2;0;0;0;2;2;-8,76090246;-63,8853693;"SPRF-RO";"DEL01-RO";"UOP01-DEL01-RO"
544208;2023-08-24;"quinta-feira";"07:20:00";"SC";470;27;"ILHOTA";"Ausência de reação do condutor";"Colisão transversal";"Com Vítimas Feridas";"Amanhecer";"Crescente";"Céu Claro";"Dupla";"Reta";"Sim";2;0;1;0;1;0;1;2;-26,891006;-48,884411;"SPRF-SC";"DEL04-SC";"UOP01-DEL04-SC"
544209;2023-08-24;"quinta-feira";"06:15:00";"CE";222;153,9;"IRAUCUBA";"Condutor Dormindo";"Saída de leito carroçável";"Com Vítimas Feridas";"Pleno dia";"Decrescente";"Céu Claro";"Simples";"Reta";"Não";1;0;1;0;0;0;1;1;-3,73604265;-39,81449294;"SPRF-CE";"DEL04-CE";"UOP03-DEL04-CE"
544211;2023-08-24;"quinta-feira";"07:50:00";"SC";101;45,8;"JOINVILLE";"Transitar no Acostamento";"Colisão lateral mesmo sentido";"Sem Vítimas";"Pleno dia";"Decrescente";"Nublado";"Dupla";"Reta";"Não";2;0;0;0;2;0;0;2;-26,34434499;-48,85761738;"SPRF-SC";"DEL03-SC";"UOP01-DEL03-SC"
544214;2023-08-24;"quinta-feira";"09:15:00";"PB";230;117,8;"INGA";"Ausência de reação do condutor";"Saída de leito carroçável";"Com Vítimas Feridas";"Pleno dia";"Decrescente";"Céu Claro";"Dupla";"Curva;Declive;Retorno Regulamentado";"Não";1;0;1;0;0;0;1;1;-7,2393;-35,6128;"SPRF-PB";"DEL02-PB";"UOP01-DEL02-PB"
544215;2023-08-24;"quinta-feira";"07:55:00";"MG";116;544;"SANTA BARBARA DO LESTE";"Ausência de reação do condutor";"Queda de ocupante de veículo";"Com Vítimas Feridas";"Pleno dia";"Crescente";"Céu Claro";"Simples";"Curva";"Não";1;0;1;0;0;0;1;1;-19,919262;-42,13155389;"SPRF-MG";"DEL06-MG";"UOP02-DEL06-MG"
544216;2023-02-18;"sábado";"21:00:00";"PR";376;141,3;"NOVA ESPERANCA";"Animais na Pista";"Atropelamento de Animal";"Com Vítimas Feridas";"Plena Noite";"Decrescente";"Céu Claro";"Dupla";"Aclive";"Não";1;0;1;0;0;0;1;1;-23,24847;-52,168648;"SPRF-PR";"DEL09-PR";"UOP02-DEL09-PR"
544218;2023-08-24;"quinta-feira";"07:40:00";"ES";101;258,6;"SERRA";"Velocidade Incompatível";"Colisão traseira";"Com Vítimas Feridas";"Pleno dia";"Decrescente";"Céu Claro";"Simples";"Reta";"Sim";2;0;1;1;0;0;2;2;-20,13059888;-40,2961019;"SPRF-ES";"DEL02-ES";"UOP01-DEL02-ES"
544219;2023-08-24;"quinta-feira";"07:45:00";"PR";376;489;"PONTA GROSSA";"Reação tardia ou ineficiente do condutor";"Tombamento";"Com Vítimas Feridas";"Pleno dia";"Decrescente";"Sol";"Dupla";"Reta";"Sim";2;0;2;0;0;0;2;1;-25,14172584;-50,1586859;"SPRF-PR";"DEL03-PR";"UOP04-DEL03-PR"
544220;2023-08-24;"quinta-feira";"10:00:00";"RS";116;183,2;"NOVA PETROPOLIS";"Conversão proibida";"Colisão transversal";"Com Vítimas Feridas";"Pleno dia";"Crescente";"Nublado";"Simples";"Curva;Declive";"Não";2;0;1;1;0;0;2;2;-29,38166089;-51,12475991;"SPRF-RS";"DEL05-RS";"UOP02-DEL05-RS"
544221;2023-08-24;"quinta-feira";"10:25:00";"RS";116;517;"PELOTAS";"Desrespeitar a preferência no cruzamento";"Colisão transversal";"Com Vítimas Feridas";"Pleno dia";"Decrescente";"Céu Claro";"Múltipla";"Rotatória;Viaduto";"Sim";2;0;1;0;1;0;1;2;-31,67908686;-52,34256731;"SPRF-RS";"DEL07-RS";"UOP01-DEL07-RS"
544223;2023-08-24;"quinta-feira";"10:00:00";"MG";40;41,2;"PARACATU";"Acessar a via sem observar a presença dos outros veículos";"Colisão transversal";"Com Vítimas Feridas";"Pleno dia";"Decrescente";"Céu Claro";"Simples";"Interseção de Vias;Reta";"Sim";4;0;1;0;3;0;1;3;-17,21271307;-46,87295209;"SPRF-MG";"DEL14-MG";"UOP01-DEL14-MG"
544224;2023-08-24;"quinta-feira";"10:15:00";"PB";101;94;"CONDE";"Ausência de reação do condutor";"Colisão traseira";"Sem Vítimas";"Pleno dia";"Decrescente";"Céu Claro";"Dupla";"Reta";"Não";2;0;0;0;2;0;0;2;-7,22545094;-34,91588116;"SPRF-PB";"DEL01-PB";"UOP02-DEL01-PB"
544226;2023-08-24;"quinta-feira";"10:40:00";"SC";282;54;"AGUAS MORNAS";"Avarias e/ou desgaste excessivo no pneu";"Tombamento";"Com Vítimas Feridas";"Pleno dia";"Crescente";"Céu Claro";"Simples";"Curva;Declive";"Não";1;0;1;0;0;0;1;1;-27,68800949;-48,97894442;"SPRF-SC";"DEL01-SC";"UOP03-DEL01-SC"
544230;2023-08-24;"quinta-feira";"02:50:00";"RS";116;243;"SAO LEOPOLDO";"Condutor deixou de manter distância do veículo da frente";"Saída de leito carroçável";"Sem Vítimas";"Plena Noite";"Crescente";"Garoa/Chuvisco";"Múltipla";"Interseção de Vias;Reta;Viaduto";"Sim";1;0;0;0;1;0;0;1;-29,73196199;-51,14952004;"SPRF-RS";"DEL01-RS";"UOP02-DEL01-RS"
544232;2023-08-24;"quinta-feira";"11:40:00";"CE";116;40;"HORIZONTE";"Acesso irregular";"Colisão traseira";"Com Vítimas Feridas";"Pleno dia";"Crescente";"Céu Claro";"Múltipla";"Retorno Regulamentado";"Sim";2;0;0;1;1;0;1;2;-4,09496999;-38,50351984;"SPRF-CE";"DEL01-CE";"UOP02-DEL01-CE"
544235;2023-08-24;"quinta-feira";"08:00:00";"MT";70;785,1;"BARRA DO GARCAS";"Condutor deixou de manter distância do veículo da frente";"Colisão traseira";"Com Vítimas Feridas";"Pleno dia";"Crescente";"Céu Claro";"Simples";"Declive";"Não";3;0;2;0;0;1;2;2;-15,781947;-52,286295;"SPRF-MT";"DEL03-MT";"UOP01-DEL03-MT"
544237;2023-08-24;"quinta-feira";"11:10:00";"MT";163;833;"SINOP";"Desrespeitar a preferência no cruzamento";"Colisão transversal";"Com Vítimas Feridas";"Pleno dia";"Crescente";"Céu Claro";"Dupla";"Retorno Regulamentado";"Sim";2;0;1;0;1;0;1;2;-11,87191505;-55,4981572;"SPRF-MT";"DEL06-MT";"UOP02-DEL06-MT"
544238;2023-08-24;"quinta-feira";"11:25:00";"SC";101;134;"BALNEARIO CAMBORIU";"Ausência de reação do condutor";"Colisão lateral mesmo sentido";"Com Vítimas Feridas";"Pleno dia";"Decrescente";"Céu Claro";"Simples";"Reta";"Sim";2;0;1;0;1;0;1;2;-27,00218;-48,636433;"SPRF-SC";"DEL04-SC";"UOP03-DEL04-SC"
544239;2023-08-11;"sexta-feira";"22:45:00";"SC";470;49,2;"BLUMENAU";"Ausência de reação do condutor";"Tombamento";"Com Vítimas Fatais";"Plena Noite";"Crescente";"Nublado";"Dupla";"Reta";"Sim";2;1;0;0;1;0;0;2;-26,8611262;-49,0669683;"SPRF-SC";"DEL04-SC";"UOP01-DEL04-SC"
544240;2023-08-24;"quinta-feira";"10:30:00";"PR";163;309;"MERCEDES";"Demais falhas mecânicas ou elétricas";"Saída de leito carroçável";"Sem Vítimas";"Pleno dia";"Decrescente";"Céu Claro";"Simples";"Reta";"Não";1;0;0;0;1;0;0;1;-24,43542005;-54,16717611;"SPRF-PR";"DEL06-PR";"UOP02-DEL06-PR"
544241;2023-08-24;"quinta-feira";"13:00:00";"RS";116;242;"SAO LEOPOLDO";"Acessar a via sem observar a presença dos outros veículos";"Colisão transversal";"Com Vítimas Feridas";"Pleno dia";"Decrescente";"Nublado";"Simples";"Reta";"Sim";2;0;0;1;1;0;1;2;-29,72297087;-51,14858729;"SPRF-RS";"DEL01-RS";"UOP02-DEL01-RS"
544242;2023-08-01;"terça-feira";"08:00:00";"RJ";493;54;"DUQUE DE CAXIAS";"Condutor Dormindo";"Capotamento";"Com Vítimas Feridas";"Pleno dia";"Decrescente";"Céu Claro";"Dupla";"Reta";"Sim";2;0;2;0;0;0;2;1;-22,672089;-43,285053;"SPRF-RJ";"DEL01-RJ";"UOP01-DEL01-RJ"
544245;2023-08-24;"quinta-feira";"12:40:00";"AP";210;0;"MACAPA";"Reação tardia ou ineficiente do condutor";"Engavetamento";"Sem Vítimas";"Pleno dia";"Crescente";"Céu Claro";"Dupla";"Curva";"Sim";3;0;0;0;3;0;0;3;0,078156;-51,069958;"SPRF-AP";"DEL01-AP";"UOP01-DEL01-AP"
544247;2023-08-24;"quinta-feira";"13:00:00";"PE";232;137;"CARUARU";"Condutor deixou de manter distância do veículo da frente";"Colisão traseira";"Com Vítimas Feridas";"Pleno dia";"Crescente";"Céu Claro";"Dupla";"Reta";"Não";2;0;1;0;1;0;1;1;-8,31589863;-36,05040211;"SPRF-PE";"DEL02-PE";"UOP01-DEL02-PE"
544253;2023-08-24;"quinta-feira";"13:00:00";"PB";230;18,8;"JOAO PESSOA";"Objeto estático sobre o leito carroçável";"Tombamento";"Com Vítimas Feridas";"Pleno dia";"Crescente";"Sol";"Dupla";"Reta";"Não";2;0;1;0;0;1;1;1;-7,1198;-34,8453;"SPRF-PB";"DEL01-PB";"UOP01-DEL01-PB"
544255;2023-06-18;"domingo";"07:30:00";"BA";101;332,1;"PRESIDENTE TANCREDO NEVES";"Reação tardia ou ineficiente do condutor";"Capotamento";"Com Vítimas Feridas";"Amanhecer";"Decrescente";"Ignorado";"Simples";"Curva";"Não";1;0;1;0;0;0;1;1;-13,480901;-39,421377;"SPRF-BA";"DEL05-BA";"UOP03-DEL05-BA"
544256;2023-08-24;"quinta-feira";"13:30:00";"SC";101;234;"PALHOCA";"Manobra de mudança de faixa";"Colisão traseira";"Com Vítimas Feridas";"Pleno dia";"Decrescente";"Céu Claro";"Dupla";"Aclive";"Não";3;0;1;1;1;0;2;2;-27,81043812;-48,63537111;"SPRF-SC";"DEL01-SC";"UOP02-DEL01-SC"
544257;2023-08-24;"quinta-feira";"14:35:00";"CE";116;5;"FORTALEZA";"Reação tardia ou ineficiente do condutor";"Colisão traseira";"Com Vítimas Feridas";"Pleno dia";"Decrescente";"Céu Claro";"Dupla";"Reta";"Sim";2;0;1;0;1;0;1;2;-3,79467116;-38,50772734;"SPRF-CE";"DEL01-CE";"UOP02-DEL01-CE"
544258;2023-04-18;"terça-feira";"18:00:00";"RJ";493;102;"SEROPEDICA";"Pedestre andava na pista";"Atropelamento de Pedestre";"Com Vítimas Fatais";"Plena Noite";"Crescente";"Chuva";"Dupla";"Reta";"Sim";3;1;0;0;0;2;0;2;-22,75761497;-43,73322487;"SPRF-RJ";"DEL03-RJ";"UOP01-DEL03-RJ"
544259;2023-08-24;"quinta-feira";"10:40:00";"GO";60;124;"GOIANIA";"Afundamento ou ondulação no pavimento";"Queda de ocupante de veículo";"Com Vítimas Feridas";"Pleno dia";"Decrescente";"Céu Claro";"Dupla";"Reta";"Não";1;0;1;0;0;0;1;1;-16,5243;-49,1313;"SPRF-GO";"DEL01-GO";"UOP01-DEL01-GO"
544263;2023-08-24;"quinta-feira";"12:50:00";"PR";277;194,5;"PALMEIRA";"Acessar a via sem observar a presença dos outros veículos";"Colisão transversal";"Com Vítimas Feridas";"Pleno dia";"Crescente";"Céu Claro";"Simples";"Reta";"Não";7;0;4;0;2;1;4;3;-25,43176631;-50,14954706;"SPRF-PR";"DEL08-PR";"UOP02-DEL08-PR"
544265;2023-08-24;"quinta-feira";"14:24:00";"MT";158;784;"BARRA DO GARCAS";"Avarias e/ou desgaste excessivo no pneu";"Tombamento";"Com Vítimas Feridas";"Pleno dia";"Decrescente";"Céu Claro";"Simples";"Reta";"Não";2;0;2;0;0;0;2;1;-15,77641997;-52,28416808;"SPRF-MT";"DEL07-MT";"UOP01-DEL07-MT"
544269;2023-08-24;"quinta-feira";"15:50:00";"MG";40;525;"CONTAGEM";"Entrada inopinada do pedestre";"Atropelamento de Pedestre";"Com Vítimas Feridas";"Pleno dia";"Decrescente";"Céu Claro";"Dupla";"Reta";"Sim";2;0;2;0;0;0;2;2;-19,88361702;-44,05039336;"SPRF-MG";"DEL01-MG";"UOP02-DEL01-MG"
544270;2023-08-24;"quinta-feira";"16:15:00";"PB";230;22,5;"JOAO PESSOA";"Condutor deixou de manter distância do veículo da frente";"Colisão traseira";"Com Vítimas Feridas";"Pleno dia";"Decrescente";"Céu Claro";"Dupla";"Reta";"Sim";3;0;1;0;1;1;1;3;-7,15398392;-34,85543489;"SPRF-PB";"DEL01-PB";"UOP01-DEL01-PB"
544271;2023-08-24;"quinta-feira";"16:00:00";"RN";406;170,6;"SAO GONCALO DO AMARANTE";"Acessar a via sem observar a presença dos outros veículos";"Colisão lateral mesmo sentido";"Com Vítimas Feridas";"Pleno dia";"Decrescente";"Céu Claro";"Dupla";"Reta;Interseção de Vias";"Sim";3;0;2;0;1;0;2;2;-5,75872063;-35,29921986;"SPRF-RN";"DEL02-RN";"UOP01-DEL02-RN"
544273;2023-08-24;"quinta-feira";"13:20:00";"RS";158;425,6;"SAO GABRIEL";"Animais na Pista";"Tombamento";"Com Vítimas Feridas";"Pleno dia";"Decrescente";"Céu Claro";"Simples";"Curva";"Não";1;0;0;1;0;0;1;1;-30,08572049;-54,62482059;"SPRF-RS";"DEL11-RS";"UOP02-DEL11-RS"
544274;2023-08-24;"quinta-feira";"15:57:00";"RN";101;104,7;"PARNAMIRIM";"Conversão proibida";"Colisão transversal";"Com Vítimas Feridas";"Pleno dia";"Decrescente";"Céu Claro";"Múltipla";"Interseção de Vias";"Sim";2;0;1;0;1;0;1;2;-5,89773801;-35,25827765;"SPRF-RN";"DEL01-RN";"UOP01-DEL01-RN"
544275;2023-08-24;"quinta-feira";"15:30:00";"SP";116;272,5;"TABOAO DA SERRA";"Reação tardia ou ineficiente do condutor";"Colisão com objeto";"Com Vítimas Feridas";"Pleno dia";"Crescente";"Céu Claro";"Dupla";"Reta";"Sim";1;0;1;0;0;0;1;1;-23,621691;-46,813288;"SPRF-SP";"DEL04-SP";"UOP01-DEL04-SP"
544276;2023-08-24;"quinta-feira";"16:01:00";"PE";232;4,4;"RECIFE";"Acessar a via sem observar a presença dos outros veículos";"Colisão traseira";"Com Vítimas Feridas";"Pleno dia";"Decrescente";"Céu Claro";"Múltipla";"Curva;Declive";"Não";3;0;1;1;1;0;2;2;-8,066189;-34,94041;"SPRF-PE";"DEL01-PE";"UOP01-DEL01-PE"
544277;2023-08-24;"quinta-feira";"15:40:00";"MS";163;22;"MUNDO NOVO";"Condutor deixou de manter distância do veículo da frente";"Colisão traseira";"Com Vítimas Feridas";"Pleno dia";"Decrescente";"Céu Claro";"Simples";"Reta";"Não";2;0;1;0;1;0;1;2;-23,91127109;-54,29550011;"SPRF-MS";"DEL09-MS";"UOP02-DEL09-MS"
544280;2023-08-24;"quinta-feira";"16:40:00";"SP";116;225;"GUARULHOS";"Manobra de mudança de faixa";"Colisão lateral mesmo sentido";"Com Vítimas Feridas";"Anoitecer";"Decrescente";"Nublado";"Múltipla";"Reta";"Sim";2;0;1;0;1;0;1;2;-23,48586772;-46,54075317;"SPRF-SP";"DEL01-SP";"UOP01-DEL01-SP"
544282;2023-08-24;"quinta-feira";"16:20:00";"GO";60;87;"ANAPOLIS";"Condutor Dormindo";"Tombamento";"Com Vítimas Feridas";"Pleno dia";"Decrescente";"Céu Claro";"Dupla";"Declive;Reta";"Não";2;0;1;0;1;0;1;1;-16,3258;-48,8803;"SPRF-GO";"DEL02-GO";"UOP01-DEL02-GO"
544283;2023-08-24;"quinta-feira";"14:10:00";"RJ";101;289;"ITABORAI";"Ausência de reação do condutor";"Colisão com objeto";"Com Vítimas Feridas";"Pleno dia";"Decrescente";"Céu Claro";"Dupla";"Reta";"Sim";1;0;1;0;0;0;1;1;-22,76376316;-42,85172094;"SPRF-RJ";"DEL02-RJ";"UOP02-DEL02-RJ"
544284;2023-08-24;"quinta-feira";"15:30:00";"PE";423;62,2;"LAJEDO";"Ingestão de álcool pelo condutor";"Colisão transversal";"Com Vítimas Feridas";"Pleno dia";"Decrescente";"Sol";"Simples";"Reta;Interseção de Vias";"Sim";2;0;1;0;1;0;1;2;-8,66011023;-36,33781395;"SPRF-PE";"DEL03-PE";"UOP01-DEL03-PE"
544286;2023-08-24;"quinta-feira";"16:20:00";"RS";471;148;"SANTA CRUZ DO SUL";"Sinalização mal posicionada";"Colisão lateral mesmo sentido";"Com Vítimas Feridas";"Pleno dia";"Crescente";"Céu Claro";"Dupla";"Interseção de Vias;Em Obras;Reta";"Sim";2;0;1;0;1;0;1;2;-29,799774;-52,407185;"SPRF-RS";"DEL02-RS";"UOP03-DEL02-RS"
544287;2023-08-24;"quinta-feira";"17:20:00";"BA";367;82;"EUNAPOLIS";"Acessar a via sem observar a presença dos outros veículos";"Colisão transversal";"Com Vítimas Feridas";"Anoitecer";"Decrescente";"Céu Claro";"Simples";"Reta";"Sim";2;0;1;0;1;0;1;2;-16,37205962;-39,56163401;"SPRF-BA";"DEL09-BA";"UOP03-DEL09-BA"