"id";"data_inversa";"dia_semana";"horario";"uf";"br";"km";"municipio";"causa_acidente";"tipo_acidente";"classificacao_acidente";"fase_dia";"sentido_via";"condicao_metereologica";"tipo_pista";"tracado_via";"uso_solo";"pessoas";"mortos";"feridos_leves";"feridos_graves";"ilesos";"ignorados";"feridos";"veiculos";"latitude";"longitude";"regional";"delegacia";"uop"
544290;2023-08-12;"sábado";"14:00:00";"BA";324;615;"SALVADOR";"Ausência de reação do condutor";"Queda de ocupante de veículo";"Com Vítimas Feridas";"Pleno dia";"Crescente";"Ignorado";"Dupla";"Reta";"Sim";1;0;0;1;0;0;1;1;-12,87206398;-38,42746403;"SPRF-BA";"DEL01-BA";"UOP01-DEL01-BA"
544291;2023-08-24;"quinta-feira";"16:55:00";"RJ";393;238;"VASSOURAS";"Desrespeitar a preferência no cruzamento";"Colisão transversal";"Com Vítimas Feridas";"Pleno dia";"Decrescente";"Céu Claro";"Simples";"Reta;Interseção de Vias";"Sim";2;0;1;0;1;0;1;2;-22,42952532;-43,69746566;"SPRF-RJ";"DEL05-RJ";"UOP03-DEL05-RJ"
544293;2023-08-24;"quinta-feira";"10:50:00";"MG";262;580;"CAMPOS ALTOS";"Ausência de reação do condutor";"Queda de ocupante de veículo";"Com Vítimas Feridas";"Pleno dia";"Crescente";"Céu Claro";"Dupla";"Interseção de Vias";"Não";1;0;1;0;0;0;1;1;-19,6646721;-46,06563103;"SPRF-MG";"DEL08-MG";"UOP02-DEL08-MG"
544294;2023-08-24;"quinta-feira";"17:50:00";"RN";304;5;"MOSSORO";"Condutor deixou de manter distância do veículo da frente";"Colisão traseira";"Com Vítimas Feridas";"Plena Noite";"Crescente";"Céu Claro";"Simples";"Reta";"Não";3;0;2;0;0;1;2;2;-4,91815295;-37,42282892;"SPRF-RN";"DEL04-RN";"UOP02-DEL04-RN"
544295;2023-08-24;"quinta-feira";"13:15:00";"MT";70;601;"POCONE";"Transitar na contramão";"Colisão lateral sentido oposto";"Com Vítimas Feridas";"Pleno dia";"Decrescente";"Sol";"Simples";"Curva";"Não";3;0;0;1;2;0;1;2;-15,82256187;-56,73706906;"SPRF-MT";"DEL03-MT";"UOP02-DEL03-MT"
544296;2023-08-24;"quinta-feira";"17:00:00";"MT";364;379;"SANTO ANTONIO DO LEVERGER";"Demais falhas mecânicas ou elétricas";"Incêndio";"Sem Vítimas";"Pleno dia";"Crescente";"Céu Claro";"Dupla";"Reta";"Não";1;0;0;0;1;0;0;1;-15,70357434;-55,755179;"SPRF-MT";"DEL01-MT";"UOP02-DEL01-MT"
544297;2023-08-24;"quinta-feira";"17:50:00";"MG";40;528,1;"CONTAGEM";"Trafegar com motocicleta (ou similar) entre as faixas";"Colisão traseira";"Com Vítimas Feridas";"Plena Noite";"Decrescente";"Céu Claro";"Dupla";"Reta";"Sim";2;0;0;1;1;0;1;2;-19,91114508;-44,04306585;"SPRF-MG";"DEL01-MG";"UOP02-DEL01-MG"
544301;2023-08-24;"quinta-feira";"13:00:00";"RJ";101;55;"CAMPOS DOS GOYTACAZES";"Ausência de reação do condutor";"Colisão traseira";"Com Vítimas Feridas";"Pleno dia";"Decrescente";"Céu Claro";"Simples";"Reta";"Não";2;0;1;0;1;0;1;2;-21,67827099;-41,31079872;"SPRF-RJ";"DEL08-RJ";"UOP01-DEL08-RJ"
544302;2023-08-24;"quinta-feira";"14:20:00";"SP";101;40;"UBATUBA";"Ingestão de álcool pelo condutor";"Saída de leito carroçável";"Sem Vítimas";"Pleno dia";"Decrescente";"Céu Claro";"Simples";"Reta";"Não";1;0;0;0;1;0;0;1;-23,41495528;-45,03516778;"SPRF-SP";"DEL06-SP";"UOP01-DEL06-SP"
544303;2023-07-19;"quarta-feira";"18:30:00";"PB";361;64;"OLHO DAGUA";"Transitar na contramão";"Colisão frontal";"Com Vítimas Feridas";"Plena Noite";"Crescente";"Céu Claro";"Simples";"Reta";"Não";2;0;0;1;1;0;1;2;-7,21220219;-37,75729797;"SPRF-PB";"DEL03-PB";"UOP01-DEL03-PB"
544304;2023-08-24;"quinta-feira";"16:05:00";"MA";10;316,5;"ACAILANDIA";"Acesso irregular";"Colisão transversal";"Com Vítimas Feridas";"Pleno dia";"Crescente";"Céu Claro";"Simples";"Aclive;Reta";"Não";3;0;3;0;0;0;3;2;-4,982702;-47,522224;"SPRF-MA";"DEL04-MA";"UOP03-DEL04-MA"
544306;2023-08-24;"quinta-feira";"17:00:00";"RJ";101;306;"SAO GONCALO";"Manobra de mudança de faixa";"Capotamento";"Com Vítimas Feridas";"Pleno dia";"Decrescente";"Céu Claro";"Dupla";"Reta";"Sim";1;0;1;0;0;0;1;1;-22,78913759;-43,00550909;"SPRF-RJ";"DEL02-RJ";"UOP02-DEL02-RJ"
544307;2023-08-24;"quinta-feira";"18:49:00";"SP";116;111;"TAUBATE";"Reação tardia ou ineficiente do condutor";"Colisão com objeto";"Sem Vítimas";"Plena Noite";"Crescente";"Garoa/Chuvisco";"Dupla";"Reta";"Sim";1;0;0;0;1;0;0;1;-23,03887149;-45,56097419;"SPRF-SP";"DEL02-SP";"UOP02-DEL02-SP"
544309;2023-08-24;"quinta-feira";"18:37:00";"ES";101;66;"SAO MATEUS";"Acessar a via sem observar a presença dos outros veículos";"Colisão transversal";"Com Vítimas Fatais";"Plena Noite";"Crescente";"Céu Claro";"Simples";"Reta";"Sim";2;1;0;1;0;0;1;2;-18,7165195;-39,87436378;"SPRF-ES";"DEL04-ES";"UOP02-DEL04-ES"
544311;2023-08-24;"quinta-feira";"18:35:00";"RS";116;242;"SAO LEOPOLDO";"Manobra de mudança de faixa";"Colisão traseira";"Com Vítimas Feridas";"Plena Noite";"Crescente";"Céu Claro";"Dupla";"Reta";"Sim";4;0;1;0;2;1;1;3;-29,72297087;-51,14858729;"SPRF-RS";"DEL01-RS";"UOP02-DEL01-RS"
544312;2023-08-24;"quinta-feira";"19:00:00";"RJ";393;283,5;"VOLTA REDONDA";"Pedestre cruzava a pista fora da faixa";"Atropelamento de Pedestre";"Com Vítimas Feridas";"Plena Noite";"Crescente";"Céu Claro";"Simples";"Reta";"Sim";3;0;0;1;1;1;1;2;-22,47606388;-44,04976392;"SPRF-RJ";"DEL05-RJ";"UOP04-DEL05-RJ"
544314;2023-08-24;"quinta-feira";"17:40:00";"GO";60;388;"RIO VERDE";"Reação tardia ou ineficiente do condutor";"Colisão lateral mesmo sentido";"Com Vítimas Feridas";"Anoitecer";"Decrescente";"Céu Claro";"Dupla";"Reta";"Sim";2;0;1;0;1;0;1;2;-17,8151;-50,9343;"SPRF-GO";"DEL04-GO";"UOP02-DEL04-GO"
544315;2023-08-24;"quinta-feira";"18:00:00";"PA";316;64;"CASTANHAL";"Transitar na contramão";"Colisão traseira";"Sem Vítimas";"Plena Noite";"Decrescente";"Céu Claro";"Dupla";"Reta";"Sim";3;0;0;0;2;1;0;3;-1,296076;-47,917386;"SPRF-PA";"DEL01-PA";"UOP01-DEL01-PA"
544319;2023-08-24;"quinta-feira";"16:40:00";"RJ";101;508;"ANGRA DOS REIS";"Ausência de reação do condutor";"Colisão traseira";"Com Vítimas Feridas";"Pleno dia";"Crescente";"Céu Claro";"Simples";"Reta";"Não";4;0;2;0;0;2;2;4;-22,94163902;-44,42239099;"SPRF-RJ";"DEL03-RJ";"UOP03-DEL03-RJ"
544322;2023-08-24;"quinta-feira";"18:40:00";"PR";476;174,5;"CONTENDA";"Ingestão de álcool pelo condutor";"Saída de leito carroçável";"Sem Vítimas";"Anoitecer";"Decrescente";"Nublado";"Simples";"Reta";"Não";1;0;0;0;1;0;0;1;-25,685408;-49,535042;"SPRF-PR";"DEL01-PR";"UOP06-DEL01-PR"
544324;2023-08-24;"quinta-feira";"19:15:00";"SC";101;123;"ITAJAI";"Acumulo de água sobre o pavimento";"Tombamento";"Com Vítimas Feridas";"Plena Noite";"Decrescente";"Garoa/Chuvisco";"Dupla";"Reta";"Sim";1;0;1;0;0;0;1;1;-26,93668609;-48,69876905;"SPRF-SC";"DEL04-SC";"UOP04-DEL04-SC"
544326;2023-08-24;"quinta-feira";"20:10:00";"GO";40;10,6;"LUZIANIA";"Manobra de mudança de faixa";"Colisão traseira";"Com Vítimas Feridas";"Plena Noite";"Crescente";"Céu Claro";"Dupla";"Reta";"Sim";2;0;1;0;1;0;1;2;-16,131285;-47,957923;"SPRF-DF";"DEL01-DF";"UOP01-DEL01-DF"
544328;2023-08-24;"quinta-feira";"19:20:00";"PR";369;508;"CASCAVEL";"Ingestão de álcool pelo condutor";"Colisão frontal";"Sem Vítimas";"Plena Noite";"Crescente";"Céu Claro";"Simples";"Reta";"Sim";2;0;0;0;2;0;0;2;-24,844;-53,3169;"SPRF-PR";"DEL04-PR";"UOP01-DEL04-PR"
544331;2023-08-24;"quinta-feira";"17:50:00";"RN";304;75,9;"MOSSORO";"Pista esburacada";"Tombamento";"Com Vítimas Feridas";"Anoitecer";"Crescente";"Céu Claro";"Simples";"Em Obras;Reta";"Não";2;0;1;1;0;0;2;1;-5,43735203;-37,19777204;"SPRF-RN";"DEL04-RN";"UOP01-DEL04-RN"
544332;2023-08-24;"quinta-feira";"18:00:00";"MT";174;77,5;"VILA BELA DA SANTISSIMA TRINDADE";"Ingestão de substâncias psicoativas pelo condutor";"Colisão traseira";"Com Vítimas Feridas";"Anoitecer";"Crescente";"Céu Claro";"Simples";"Reta";"Não";2;0;1;0;1;0;1;2;-15,01476421;-59,92012024;"SPRF-MT";"DEL04-MT";"UOP01-DEL04-MT"
544333;2023-08-24;"quinta-feira";"18:30:00";"MG";153;0,5;"ARAPORA";"Reação tardia ou ineficiente do condutor";"Colisão com objeto";"Com Vítimas Feridas";"Plena Noite";"Decrescente";"Céu Claro";"Dupla";"Reta;Declive";"Sim";1;0;1;0;0;0;1;1;-18,42143535;-49,194417;"SPRF-MG";"DEL15-MG";"UOP03-DEL15-MG"
544334;2023-08-24;"quinta-feira";"07:10:00";"MG";365;619;"UBERLANDIA";"Ausência de reação do condutor";"Colisão traseira";"Com Vítimas Feridas";"Pleno dia";"Decrescente";"Sol";"Dupla";"Reta";"Não";2;0;1;0;1;0;1;2;-18,89926195;-48,27319804;"SPRF-MG";"DEL15-MG";"UOP01-DEL15-MG"
544336;2023-08-24;"quinta-feira";"19:15:00";"RJ";116;310,9;"RESENDE";"Transitar no Acostamento";"Queda de ocupante de veículo";"Com Vítimas Feridas";"Plena Noite";"Crescente";"Céu Claro";"Dupla";"Declive;Reta";"Sim";1;0;0;1;0;0;1;1;-22,45923593;-44,434776;"SPRF-RJ";"DEL07-RJ";"UOP02-DEL07-RJ"
544337;2023-08-24;"quinta-feira";"18:59:00";"MS";163;697;"RIO VERDE DE MATO GROSSO";"Animais na Pista";"Atropelamento de Animal";"Com Vítimas Feridas";"Plena Noite";"Decrescente";"Nublado";"Dupla";"Reta;Aclive";"Não";2;0;1;0;1;0;1;1;-18,78267807;-54,82820046;"SPRF-MS";"DEL06-MS";"UOP01-DEL06-MS"
544339;2023-08-24;"quinta-feira";"19:40:00";"PE";316;34;"ARARIPINA";"Pedestre andava na pista";"Atropelamento de Pedestre";"Com Vítimas Fatais";"Plena Noite";"Crescente";"Ignorado";"Simples";"Reta";"Não";3;1;1;1;0;0;2;2;-7,63794532;-40,43301114;"SPRF-PE";"DEL05-PE";"UOP02-DEL05-PE"
544340;2023-08-24;"quinta-feira";"22:16:00";"SP";116;187;"SANTA ISABEL";"Acumulo de água sobre o pavimento";"Colisão com objeto";"Com Vítimas Feridas";"Plena Noite";"Decrescente";"Chuva";"Dupla";"Curva;Aclive";"Não";1;0;1;0;0;0;1;1;-23,35713072;-46,20737811;"SPRF-SP";"DEL01-SP";"UOP01-DEL01-SP"
544342;2023-08-24;"quinta-feira";"22:20:00";"MG";40;483,8;"SETE LAGOAS";"Iluminação deficiente";"Atropelamento de Pedestre";"Com Vítimas Fatais";"Plena Noite";"Decrescente";"Céu Claro";"Dupla";"Curva;Declive";"Não";2;1;0;0;0;1;0;2;-19,571355;-44,232353;"SPRF-MG";"DEL02-MG";"UOP01-DEL02-MG"
544343;2023-08-24;"quinta-feira";"20:30:00";"MG";116;785;"LEOPOLDINA";"Transitar na contramão";"Queda de ocupante de veículo";"Com Vítimas Feridas";"Plena Noite";"Decrescente";"Céu Claro";"Simples";"Reta";"Não";1;0;1;0;0;0;1;1;-21,63945948;-42,71309186;"SPRF-MG";"DEL07-MG";"UOP01-DEL07-MG"
544345;2023-08-24;"quinta-feira";"22:45:00";"SP";116;218;"GUARULHOS";"Reação tardia ou ineficiente do condutor";"Tombamento";"Com Vítimas Feridas";"Plena Noite";"Decrescente";"Garoa/Chuvisco";"Múltipla";"Aclive;Reta";"Sim";2;0;2;0;0;0;2;1;-23,457972;-46,479927;"SPRF-SP";"DEL01-SP";"UOP01-DEL01-SP"
544346;2023-08-24;"quinta-feira";"18:45:00";"RO";364;339,5;"JI-PARANA";"Reação tardia ou ineficiente do condutor";"Colisão traseira";"Com Vítimas Feridas";"Plena Noite";"Decrescente";"Céu Claro";"Dupla";"Interseção de Vias";"Sim";2;0;1;0;1;0;1;2;-10,89260587;-61,93057537;"SPRF-RO";"DEL02-RO";"UOP01-DEL02-RO"
544348;2023-08-24;"quinta-feira";"22:05:00";"SC";101;205;"SAO JOSE";"Acumulo de óleo sobre o pavimento";"Queda de ocupante de veículo";"Com Vítimas Feridas";"Plena Noite";"Decrescente";"Nublado";"Dupla";"Reta";"Sim";3;0;2;0;1;0;2;2;-27,58313237;-48,61532885;"SPRF-SC";"DEL01-SC";"UOP01-DEL01-SC"
544350;2023-08-24;"quinta-feira";"21:00:00";"GO";60;369;"RIO VERDE";"Ingestão de álcool pelo condutor";"Saída de leito carroçável";"Sem Vítimas";"Plena Noite";"Decrescente";"Nublado";"Dupla";"Reta";"Não";1;0;0;0;1;0;0;1;-17,6799;-50,8314;"SPRF-GO";"DEL04-GO";"UOP02-DEL04-GO"
544352;2023-08-24;"quinta-feira";"22:30:00";"PI";316;72,4;"MONSENHOR GIL";"Reação tardia ou ineficiente do condutor";"Saída de leito carroçável";"Com Vítimas Feridas";"Plena Noite";"Crescente";"Céu Claro";"Simples";"Curva";"Não";2;0;1;1;0;0;2;1;-5,64919099;-42,59145462;"SPRF-PI";"DEL01-PI";"UOP02-DEL01-PI"
544356;2023-08-24;"quinta-feira";"22:40:00";"PR";277;328;"GUARAPUAVA";"Reação tardia ou ineficiente do condutor";"Saída de leito carroçável";"Com Vítimas Feridas";"Plena Noite";"Decrescente";"Céu Claro";"Simples";"Curva;Declive";"Não";2;0;2;0;0;0;2;1;-25,3774541;-51,28942499;"SPRF-PR";"DEL08-PR";"UOP01-DEL08-PR"
544358;2023-08-24;"quinta-feira";"20:30:00";"MG";381;212,8;"BELO ORIENTE";"Pedestre andava na pista";"Atropelamento de Pedestre";"Com Vítimas Fatais";"Plena Noite";"Crescente";"Céu Claro";"Simples";"Reta";"Não";2;1;0;0;1;0;0;2;-19,26345825;-42,3457167;"SPRF-MG";"DEL06-MG";"UOP01-DEL06-MG"
544361;2023-08-25;"sexta-feira";"00:01:00";"PR";369;166,8;"CAMBE";"Avarias e/ou desgaste excessivo no pneu";"Saída de leito carroçável";"Com Vítimas Feridas";"Plena Noite";"Crescente";"Céu Claro";"Dupla";"Reta";"Não";4;0;2;0;2;0;2;1;-23,295199;-51,310449;"SPRF-PR";"DEL07-PR";"UOP01-DEL07-PR"
544362;2023-08-25;"sexta-feira";"00:01:00";"PR";277;518,3;"GUARANIACU";"Ingestão de álcool pelo condutor";"Colisão transversal";"Sem Vítimas";"Plena Noite";"Crescente";"Céu Claro";"Simples";"Interseção de Vias";"Sim";2;0;0;0;1;1;0;2;-25,11240772;-52,83208297;"SPRF-PR";"DEL04-PR";"UOP04-DEL04-PR"
544363;2023-08-24;"quinta-feira";"21:40:00";"BA";110;403;"SAO SEBASTIAO DO PASSE";"Reação tardia ou ineficiente do condutor";"Saída de leito carroçável";"Com Vítimas Fatais";"Plena Noite";"Crescente";"Céu Claro";"Simples";"Reta";"Não";1;1;0;0;0;0;0;1;-12,50766107;-38,49626949;"SPRF-BA";"DEL01-BA";"UOP01-DEL01-BA"
544364;2023-08-25;"sexta-feira";"00:10:00";"RJ";116;174;"SAO JOAO DE MERITI";"Ingestão de álcool e/ou substâncias psicoativas pelo pedestre";"Colisão com objeto";"Com Vítimas Feridas";"Plena Noite";"Crescente";"Garoa/Chuvisco";"Múltipla";"Reta";"Sim";1;0;1;0;0;0;1;1;-22,79423806;-43,36403759;"SPRF-RJ";"DEL01-RJ";"UOP02-DEL01-RJ"
544366;2023-08-24;"quinta-feira";"23:50:00";"AL";423;83,6;"DELMIRO GOUVEIA";"Demais falhas na via";"Capotamento";"Com Vítimas Feridas";"Plena Noite";"Decrescente";"Céu Claro";"Simples";"Reta;Em Obras";"Não";5;0;4;0;1;0;4;1;-9,34005967;-38,01139111;"SPRF-BA";"DEL07-BA";"UOP01-DEL07-BA"
544369;2023-08-25;"sexta-feira";"02:40:00";"GO";40;2,2;"VALPARAISO DE GOIAS";"Ingestão de álcool pelo condutor";"Saída de leito carroçável";"Com Vítimas Feridas";"Plena Noite";"Crescente";"Céu Claro";"Dupla";"Reta";"Sim";1;0;1;0;0;0;1;1;-16,067129;-47,984235;"SPRF-DF";"DEL01-DF";"UOP01-DEL01-DF"
544370;2023-08-25;"sexta-feira";"02:10:00";"MG";381;931,1;"ITAPEVA";"Ingestão de álcool pelo condutor";"Queda de ocupante de veículo";"Com Vítimas Feridas";"Plena Noite";"Decrescente";"Nublado";"Dupla";"Curva";"Não";1;0;1;0;0;0;1;1;-22,78610591;-46,24158875;"SPRF-MG";"DEL16-MG";"UOP03-DEL16-MG"
544372;2023-08-25;"sexta-feira";"04:10:00";"RJ";393;178;"PARAIBA DO SUL";"Acostamento em desnível";"Tombamento";"Com Vítimas Feridas";"Plena Noite";"Decrescente";"Céu Claro";"Simples";"Reta";"Não";1;0;1;0;0;0;1;1;-22,13743413;-43,25255156;"SPRF-RJ";"DEL05-RJ";"UOP03-DEL05-RJ"
544376;2023-08-24;"quinta-feira";"19:27:00";"AL";316;157;"PALMEIRA DOS INDIOS";"Falta de acostamento";"Tombamento";"Com Vítimas Feridas";"Plena Noite";"Crescente";"Céu Claro";"Simples";"Reta";"Sim";2;0;1;0;0;1;1;2;-9,42635226;-36,6189263;"SPRF-AL";"DEL03-AL";"UOP01-DEL03-AL"
544379;2023-08-24;"quinta-feira";"11:00:00";"RJ";116;170;"RIO DE JANEIRO";"Manobra de mudança de faixa";"Colisão lateral mesmo sentido";"Com Vítimas Feridas";"Pleno dia";"Crescente";"Céu Claro";"Dupla";"Reta";"Sim";2;0;1;0;1;0;1;2;-22,81113183;-43,3336729;"SPRF-RJ";"DEL01-RJ";"UOP02-DEL01-RJ"
544380;2023-08-25;"sexta-feira";"05:40:00";"SC";280;59;"GUARAMIRIM";"Acesso irregular";"Colisão transversal";"Com Vítimas Feridas";"Amanhecer";"Crescente";"Nublado";"Simples";"Curva";"Não";2;0;1;0;1;0;1;2;-26,47525778;-49,03098916;"SPRF-SC";"DEL03-SC";"UOP03-DEL03-SC"
544381;2023-08-25;"sexta-feira";"06:19:00";"RN";101;85;"SAO GONCALO DO AMARANTE";"Estacionar ou parar em local proibido";"Colisão traseira";"Sem Vítimas";"Pleno dia";"Crescente";"Céu Claro";"Dupla";"Ponte;Reta";"Não";2;0;0;0;2;0;0;2;-5,777664;-35,24937;"SPRF-RN";"DEL02-RN";"UOP01-DEL02-RN"
544382;2023-08-25;"sexta-feira";"05:50:00";"PR";116;117;"CURITIBA";"Manobra de mudança de faixa";"Colisão lateral mesmo sentido";"Sem Vítimas";"Pleno dia";"Crescente";"Nublado";"Múltipla";"Reta";"Sim";3;0;0;0;2;1;0;3;-25,54988723;-49,28248211;"SPRF-PR";"DEL01-PR";"UOP03-DEL01-PR"
544384;2023-08-25;"sexta-feira";"06:20:00";"BA";324;560;"SAO SEBASTIAO DO PASSE";"Reação tardia ou ineficiente do condutor";"Saída de leito carroçável";"Com Vítimas Feridas";"Pleno dia";"Decrescente";"Céu Claro";"Dupla";"Aclive;Reta";"Não";3;0;2;0;1;0;2;1;-12,49250283;-38,65366887;"SPRF-BA";"DEL01-BA";"UOP01-DEL01-BA"
544385;2023-08-24;"quinta-feira";"20:45:00";"BA";135;150;"RIACHAO DAS NEVES";"Animais na Pista";"Colisão com objeto";"Sem Vítimas";"Plena Noite";"Crescente";"Céu Claro";"Simples";"Reta";"Não";2;0;0;0;2;0;0;1;-11,93771815;-44,89750167;"SPRF-BA";"DEL08-BA";"UOP04-DEL08-BA"
544387;2023-08-25;"sexta-feira";"07:00:00";"PR";116;116;"CURITIBA";"Trafegar com motocicleta (ou similar) entre as faixas";"Tombamento";"Com Vítimas Feridas";"Pleno dia";"Decrescente";"Chuva";"Dupla";"Aclive;Reta";"Sim";2;0;1;0;1;0;1;1;-25,55468195;-49,27402397;"SPRF-PR";"DEL01-PR";"UOP03-DEL01-PR"
544388;2023-08-25;"sexta-feira";"07:20:00";"RS";116;269;"CANOAS";"Manobra de mudança de faixa";"Colisão lateral mesmo sentido";"Com Vítimas Feridas";"Pleno dia";"Crescente";"Céu Claro";"Dupla";"Reta";"Sim";2;0;1;0;1;0;1;2;-29,95942501;-51,17608515;"SPRF-RS";"DEL01-RS";"UOP01-DEL01-RS"
544391;2023-08-25;"sexta-feira";"06:15:00";"SP";116;272;"TABOAO DA SERRA";"Trafegar com motocicleta (ou similar) entre as faixas";"Colisão lateral mesmo sentido";"Com Vítimas Feridas";"Pleno dia";"Decrescente";"Nublado";"Dupla";"Reta";"Sim";2;0;0;1;1;0;1;2;-23,621691;-46,813288;"SPRF-SP";"DEL04-SP";"UOP01-DEL04-SP"
544393;2023-08-25;"sexta-feira";"05:00:00";"RJ";116;202;"NOVA IGUACU";"Manobra de mudança de faixa";"Colisão lateral mesmo sentido";"Sem Vítimas";"Plena Noite";"Decrescente";"Céu Claro";"Múltipla";"Reta";"Sim";2;0;0;0;2;0;0;1;-22,72996588;-43,61317403;"SPRF-RJ";"DEL01-RJ";"UOP03-DEL01-RJ"
544394;2023-08-25;"sexta-feira";"05:10:00";"RO";364;341;"JI-PARANA";"Reação tardia ou ineficiente do condutor";"Colisão com objeto";"Com Vítimas Feridas";"Amanhecer";"Crescente";"Nublado";"Dupla";"Reta";"Sim";1;0;1;0;0;0;1;1;-10,88565234;-61,93469524;"SPRF-RO";"DEL02-RO";"UOP01-DEL02-RO"
544396;2023-08-25;"sexta-feira";"06:50:00";"SC";101;49;"JOINVILLE";"Ultrapassagem Indevida";"Colisão lateral mesmo sentido";"Com Vítimas Feridas";"Amanhecer";"Crescente";"Céu Claro";"Dupla";"Curva";"Não";2;0;1;0;0;1;1;2;-26,36479799;-48,85878798;"SPRF-SC";"DEL03-SC";"UOP01-DEL03-SC"
544398;2023-08-25;"sexta-feira";"07:40:00";"GO";153;495;"GOIANIA";"Condutor deixou de manter distância do veículo da frente";"Colisão traseira";"Com Vítimas Feridas";"Pleno dia";"Crescente";"Céu Claro";"Dupla";"Reta";"Sim";4;0;2;1;1;0;3;3;-16,663346;-49,22320431;"SPRF-GO";"DEL01-GO";"UOP01-DEL01-GO"
544399;2023-08-25;"sexta-feira";"07:30:00";"DF";70;2;"BRASILIA";"Manobra de mudança de faixa";"Colisão lateral mesmo sentido";"Com Vítimas Feridas";"Pleno dia";"Decrescente";"Céu Claro";"Dupla";"Reta";"Sim";2;0;1;0;1;0;1;2;-15,798048;-48,073235;"SPRF-DF";"DEL03-DF";"UOP02-DEL03-DF"
544401;2023-08-25;"sexta-feira";"08:28:00";"SP";116;134;"SAO JOSE DOS CAMPOS";"Ausência de reação do condutor";"Engavetamento";"Com Vítimas Feridas";"Pleno dia";"Crescente";"Céu Claro";"Dupla";"Reta";"Sim";4;0;4;0;0;0;4;3;-23,1402216;-45,7617252;"SPRF-SP";"DEL02-SP";"UOP02-DEL02-SP"
544402;2023-08-25;"sexta-feira";"08:00:00";"PR";376;474;"PONTA GROSSA";"Ausência de reação do condutor";"Colisão lateral sentido oposto";"Sem Vítimas";"Pleno dia";"Crescente";"Chuva";"Dupla";"Curva";"Não";2;0;0;0;2;0;0;2;-25,04786596;-50,23557994;"SPRF-PR";"DEL03-PR";"UOP01-DEL03-PR"
544403;2023-08-25;"sexta-feira";"08:30:00";"MG";459;65,3;"IPUIUNA";"Velocidade Incompatível";"Colisão lateral sentido oposto";"Com Vítimas Feridas";"Pleno dia";"Decrescente";"Céu Claro";"Simples";"Curva";"Não";2;0;0;1;1;0;1;2;-22,115179;-46,179901;"SPRF-MG";"DEL09-MG";"UOP01-DEL09-MG"
544404;2023-08-25;"sexta-feira";"08:00:00";"DF";20;5;"BRASILIA";"Reação tardia ou ineficiente do condutor";"Colisão traseira";"Com Vítimas Feridas";"Pleno dia";"Crescente";"Céu Claro";"Dupla";"Reta;Declive";"Sim";2;0;1;0;1;0;1;2;-15,670546;-47,816044;"SPRF-DF";"DEL02-DF";"UOP01-DEL02-DF"
544406;2023-08-25;"sexta-feira";"06:00:00";"RO";364;16;"VILHENA";"Ingestão de álcool pelo condutor";"Saída de leito carroçável";"Sem Vítimas";"Amanhecer";"Crescente";"Céu Claro";"Simples";"Curva";"Sim";1;0;0;0;1;0;0;1;-12,73437947;-60,15696986;"SPRF-RO";"DEL04-RO";"UOP01-DEL04-RO"
544407;2023-08-25;"sexta-feira";"08:30:00";"MG";40;633;"CONSELHEIRO LAFAIETE";"Acessar a via sem observar a presença dos outros veículos";"Colisão transversal";"Com Vítimas Feridas";"Pleno dia";"Crescente";"Nublado";"Simples";"Interseção de Vias;Reta";"Sim";2;0;1;0;1;0;1;2;-20,68168197;-43,79419779;"SPRF-MG";"DEL05-MG";"UOP02-DEL05-MG"
544408;2023-08-25;"sexta-feira";"07:05:00";"SC";280;26,9;"ARAQUARI";"Transitar na contramão";"Colisão transversal";"Com Vítimas Feridas";"Pleno dia";"Decrescente";"Nublado";"Simples";"Reta;Em Obras";"Não";2;0;1;0;1;0;1;2;-26,38972308;-48,73411593;"SPRF-SC";"DEL03-SC";"UOP03-DEL03-SC"
544409;2023-08-25;"sexta-feira";"07:50:00";"BA";324;532;"FEIRA DE SANTANA";"Condutor deixou de manter distância do veículo da frente";"Engavetamento";"Sem Vítimas";"Pleno dia";"Decrescente";"Céu Claro";"Dupla";"Aclive;Reta";"Não";3;0;0;0;3;0;0;3;-12,33921226;-38,8474782;"SPRF-BA";"DEL01-BA";"UOP03-DEL01-BA"
544410;2023-08-25;"sexta-feira";"09:15:00";"BA";324;621;"SALVADOR";"Frear bruscamente";"Saída de leito carroçável";"Com Vítimas Feridas";"Pleno dia";"Crescente";"Céu Claro";"Múltipla";"Declive;Curva";"Sim";1;0;1;0;0;0;1;1;-12,91233708;-38,45956983;"SPRF-BA";"DEL01-BA";"UOP01-DEL01-BA"
544411;2023-08-25;"sexta-feira";"08:00:00";"PE";101;79,9;"JABOATAO DOS GUARARAPES";"Reação tardia ou ineficiente do condutor";"Colisão traseira";"Sem Vítimas";"Pleno dia";"Crescente";"Céu Claro";"Múltipla";"Declive;Retorno Regulamentado";"Sim";2;0;0;0;2;0;0;2;-8,14366112;-34,94723453;"SPRF-PE";"DEL01-PE";"UOP01-DEL01-PE"
544412;2023-07-23;"domingo";"23:18:00";"GO";153;499;"GOIANIA";"Entrada inopinada do pedestre";"Atropelamento de Pedestre";"Com Vítimas Feridas";"Plena Noite";"Crescente";"Céu Claro";"Dupla";"Reta";"Sim";3;0;1;1;1;0;2;2;-16,7033;-49,2311;"SPRF-GO";"DEL01-GO";"UOP01-DEL01-GO"
544413;2023-07-04;"terça-feira";"07:20:00";"PR";272;367;"CAMPO MOURAO";"Ausência de reação do condutor";"Colisão transversal";"Com Vítimas Feridas";"Pleno dia";"Crescente";"Céu Claro";"Dupla";"Reta";"Não";2;0;1;0;0;1;1;2;-24,05060639;-52,40201828;"SPRF-PR";"DEL09-PR";"UOP03-DEL09-PR"