"id";"data_inversa";"dia_semana";"horario";"uf";"br";"km";"municipio";"causa_acidente";"tipo_acidente";"classificacao_acidente";"fase_dia";"sentido_via";"condicao_metereologica";"tipo_pista";"tracado_via";"uso_solo";"pessoas";"mortos";"feridos_leves";"feridos_graves";"ilesos";"ignorados";"feridos";"veiculos";"latitude";"longitude";"regional";"delegacia";"uop"
544414;2023-08-25;"sexta-feira";"08:00:00";"MG";116;410;"GOVERNADOR VALADARES";"Ausência de reação do condutor";"Colisão lateral mesmo sentido";"Com Vítimas Feridas";"Pleno dia";"Decrescente";"Céu Claro";"Dupla";"Reta";"Não";1;0;1;0;0;0;1;1;-18,855625;-41,975623;"SPRF-MG";"DEL06-MG";"UOP01-DEL06-MG"
544417;2023-08-10;"quinta-feira";"06:40:00";"SC";280;26;"ARAQUARI";"Ultrapassagem Indevida";"Colisão lateral mesmo sentido";"Com Vítimas Feridas";"Amanhecer";"Crescente";"Nublado";"Simples";"Reta";"Não";2;0;1;0;1;0;1;2;-26,38972308;-48,73411593;"SPRF-SC";"DEL03-SC";"UOP03-DEL03-SC"
544418;2023-08-25;"sexta-feira";"06:40:00";"RO";174;16;"VILHENA";"Manobra de mudança de faixa";"Colisão transversal";"Com Vítimas Feridas";"Pleno dia";"Crescente";"Céu Claro";"Simples";"Reta";"Sim";2;0;2;0;0;0;2;2;-12,71452302;-60,1262149;"SPRF-RO";"DEL04-RO";"UOP01-DEL04-RO"
544419;2023-08-25;"sexta-feira";"09:50:00";"PB";230;296;"SANTA LUZIA";"Manobra de mudança de faixa";"Saída de leito carroçável";"Com Vítimas Feridas";"Pleno dia";"Decrescente";"Céu Claro";"Simples";"Reta";"Não";1;0;1;0;0;0;1;1;-6,90301252;-36,9881022;"SPRF-PB";"DEL03-PB";"UOP01-DEL03-PB"
544420;2023-08-25;"sexta-feira";"09:00:00";"MG";365;601,6;"UBERLANDIA";"Ausência de reação do condutor";"Saída de leito carroçável";"Com Vítimas Feridas";"Pleno dia";"Crescente";"Céu Claro";"Simples";"Reta";"Não";1;0;1;0;0;0;1;1;-18,89301829;-48,13943907;"SPRF-MG";"DEL15-MG";"UOP01-DEL15-MG"
544421;2023-08-25;"sexta-feira";"10:20:00";"PR";277;721;"FOZ DO IGUACU";"Manobra de mudança de faixa";"Colisão lateral mesmo sentido";"Com Vítimas Feridas";"Pleno dia";"Crescente";"Céu Claro";"Dupla";"Reta";"Não";4;0;3;0;1;0;3;3;-25,4911505;-54,51185421;"SPRF-PR";"DEL05-PR";"UOP03-DEL05-PR"
544422;2023-08-25;"sexta-feira";"09:00:00";"MG";262;384;"MATEUS LEME";"Velocidade Incompatível";"Saída de leito carroçável";"Com Vítimas Feridas";"Pleno dia";"Crescente";"Garoa/Chuvisco";"Dupla";"Aclive;Curva";"Sim";1;0;0;1;0;0;1;1;-19,92138997;-44,47265625;"SPRF-MG";"DEL01-MG";"UOP03-DEL01-MG"
544423;2023-08-25;"sexta-feira";"09:06:00";"MT";364;404;"CUIABA";"Manobra de mudança de faixa";"Colisão lateral mesmo sentido";"Com Vítimas Feridas";"Pleno dia";"Decrescente";"Céu Claro";"Dupla";"Reta";"Sim";2;0;2;0;0;0;2;2;-15,66158612;-55,97144205;"SPRF-MT";"DEL01-MT";"UOP02-DEL01-MT"
544424;2023-08-18;"sexta-feira";"06:28:00";"SC";280;24;"ARAQUARI";"Transitar no Acostamento";"Atropelamento de Pedestre";"Sem Vítimas";"Amanhecer";"Crescente";"Nublado";"Simples";"Reta";"Não";2;0;0;0;0;2;0;2;-26,37724921;-48,71953282;"SPRF-SC";"DEL03-SC";"UOP03-DEL03-SC"
544426;2023-08-25;"sexta-feira";"09:50:00";"PE";101;69;"RECIFE";"Reação tardia ou ineficiente do condutor";"Colisão traseira";"Sem Vítimas";"Pleno dia";"Crescente";"Céu Claro";"Dupla";"Reta";"Sim";2;0;0;0;2;0;0;2;-8,05951606;-34,94581024;"SPRF-PE";"DEL01-PE";"UOP01-DEL01-PE"
544427;2023-08-25;"sexta-feira";"09:15:00";"MG";381;491,5;"BETIM";"Demais falhas mecânicas ou elétricas";"Tombamento";"Com Vítimas Feridas";"Pleno dia";"Crescente";"Nublado";"Dupla";"Reta";"Sim";1;0;1;0;0;0;1;1;-19,95882786;-44,15336609;"SPRF-MG";"DEL01-MG";"UOP03-DEL01-MG"
544429;2023-08-25;"sexta-feira";"08:07:00";"PR";116;15;"CAMPINA GRANDE DO SUL";"Acumulo de água sobre o pavimento";"Colisão com objeto";"Com Vítimas Feridas";"Pleno dia";"Crescente";"Chuva";"Dupla";"Curva";"Não";4;0;1;0;3;0;1;1;-25,09832756;-48,68266005;"SPRF-PR";"DEL01-PR";"UOP02-DEL01-PR"
544432;2023-06-20;"terça-feira";"22:00:00";"MG";381;455;"BELO HORIZONTE";"Conversão proibida";"Colisão traseira";"Com Vítimas Feridas";"Plena Noite";"Decrescente";"Céu Claro";"Simples";"Curva";"Não";2;0;1;0;1;0;1;2;-19,85777408;-43,90468298;"SPRF-MG";"DEL01-MG";"UOP01-DEL01-MG"
544433;2023-08-25;"sexta-feira";"11:20:00";"RJ";101;324;"NITEROI";"Ausência de reação do condutor";"Colisão traseira";"Com Vítimas Feridas";"Pleno dia";"Decrescente";"Nublado";"Múltipla";"Reta";"Sim";3;0;2;0;1;0;2;2;-22,87314249;-43,13471053;"SPRF-RJ";"DEL02-RJ";"UOP01-DEL02-RJ"
544434;2023-08-25;"sexta-feira";"09:30:00";"MG";251;337;"FRUTA DE LEITE";"Transitar na contramão";"Colisão lateral sentido oposto";"Com Vítimas Feridas";"Pleno dia";"Crescente";"Céu Claro";"Simples";"Curva;Declive";"Não";5;0;0;1;4;0;1;2;-16,2584166;-42,46139979;"SPRF-MG";"DEL12-MG";"UOP02-DEL12-MG"
544435;2023-08-25;"sexta-feira";"11:30:00";"SC";470;53,3;"BLUMENAU";"Retorno proibido";"Colisão lateral mesmo sentido";"Com Vítimas Feridas";"Pleno dia";"Crescente";"Garoa/Chuvisco";"Simples";"Curva;Em Obras";"Não";3;0;1;0;2;0;1;2;-26,86834076;-49,10440743;"SPRF-SC";"DEL04-SC";"UOP01-DEL04-SC"
544436;2023-08-25;"sexta-feira";"11:55:00";"RJ";356;42,9;"ITAPERUNA";"Falta de acostamento";"Saída de leito carroçável";"Com Vítimas Feridas";"Pleno dia";"Crescente";"Céu Claro";"Dupla";"Aclive;Curva";"Não";2;0;2;0;0;0;2;1;-21,21755178;-41,82535005;"SPRF-RJ";"DEL08-RJ";"UOP03-DEL08-RJ"
544438;2023-08-25;"sexta-feira";"12:15:00";"SP";0;0;"UBATUBA";"Retorno proibido";"Colisão transversal";"Com Vítimas Feridas";"Pleno dia";"Não Informado";"Nublado";"Dupla";"Reta";"Sim";2;0;1;0;1;0;1;2;-23,43353;-45,08677;"SPRF-SP";"DEL06-SP";"UOP01-DEL06-SP"
544439;2023-08-25;"sexta-feira";"11:30:00";"PE";407;126;"PETROLINA";"Ultrapassagem Indevida";"Colisão lateral mesmo sentido";"Com Vítimas Feridas";"Pleno dia";"Decrescente";"Céu Claro";"Simples";"Reta";"Sim";2;0;1;0;1;0;1;2;-9,38491309;-40,52809509;"SPRF-PE";"DEL06-PE";"UOP01-DEL06-PE"
544441;2023-08-25;"sexta-feira";"12:00:00";"PI";343;11;"PARNAIBA";"Acessar a via sem observar a presença dos outros veículos";"Colisão lateral mesmo sentido";"Com Vítimas Feridas";"Pleno dia";"Decrescente";"Céu Claro";"Dupla";"Curva";"Sim";2;0;1;0;1;0;1;2;-2,903314;-41,750664;"SPRF-PI";"DEL05-PI";"UOP01-DEL05-PI"
544445;2023-08-25;"sexta-feira";"13:25:00";"MG";381;429;"SABARA";"Acessar a via sem observar a presença dos outros veículos";"Colisão transversal";"Com Vítimas Feridas";"Pleno dia";"Crescente";"Céu Claro";"Simples";"Reta";"Sim";2;0;1;0;1;0;1;2;-19,78663743;-43,71433695;"SPRF-MG";"DEL01-MG";"UOP01-DEL01-MG"
544447;2023-08-25;"sexta-feira";"12:30:00";"PR";116;115;"CURITIBA";"Reação tardia ou ineficiente do condutor";"Colisão traseira";"Com Vítimas Feridas";"Pleno dia";"Decrescente";"Chuva";"Dupla";"Reta";"Sim";2;0;1;0;0;1;1;2;-25,54638127;-49,30364728;"SPRF-PR";"DEL01-PR";"UOP07-DEL01-PR"
544448;2023-08-25;"sexta-feira";"13:00:00";"GO";20;33;"FORMOSA";"Reação tardia ou ineficiente do condutor";"Saída de leito carroçável";"Com Vítimas Feridas";"Pleno dia";"Decrescente";"Garoa/Chuvisco";"Simples";"Aclive;Reta";"Não";3;0;3;0;0;0;3;1;-15,473233;-47,100567;"SPRF-DF";"DEL02-DF";"UOP02-DEL02-DF"
544451;2023-08-25;"sexta-feira";"12:40:00";"BA";367;31;"PORTO SEGURO";"Reação tardia ou ineficiente do condutor";"Colisão traseira";"Com Vítimas Feridas";"Pleno dia";"Decrescente";"Céu Claro";"Simples";"Reta";"Não";2;0;1;0;1;0;1;2;-16,41635076;-39,11793376;"SPRF-BA";"DEL09-BA";"UOP03-DEL09-BA"
544452;2023-08-25;"sexta-feira";"13:00:00";"BA";324;526;"FEIRA DE SANTANA";"Condutor deixou de manter distância do veículo da frente";"Colisão traseira";"Com Vítimas Feridas";"Pleno dia";"Decrescente";"Céu Claro";"Dupla";"Aclive;Reta";"Não";3;0;2;0;1;0;2;2;-12,30639712;-38,89051509;"SPRF-BA";"DEL01-BA";"UOP03-DEL01-BA"
544453;2023-08-25;"sexta-feira";"12:50:00";"MS";60;160,6;"CAMAPUA";"Condutor Dormindo";"Colisão frontal";"Com Vítimas Feridas";"Pleno dia";"Decrescente";"Céu Claro";"Simples";"Aclive;Reta";"Não";6;0;2;3;0;1;5;3;-19,42832532;-53,75002871;"SPRF-MS";"DEL06-MS";"UOP02-DEL06-MS"
544454;2023-08-25;"sexta-feira";"13:35:00";"PE";101;44;"IGARASSU";"Acessar a via sem observar a presença dos outros veículos";"Colisão transversal";"Com Vítimas Feridas";"Pleno dia";"Decrescente";"Sol";"Múltipla";"Reta;Retorno Regulamentado";"Sim";2;0;1;0;0;1;1;2;-7,84753808;-34,90977038;"SPRF-PE";"DEL01-PE";"UOP02-DEL01-PE"
544456;2023-08-25;"sexta-feira";"13:30:00";"PB";230;19;"JOAO PESSOA";"Condutor deixou de manter distância do veículo da frente";"Engavetamento";"Sem Vítimas";"Pleno dia";"Decrescente";"Céu Claro";"Dupla";"Reta";"Sim";9;0;0;0;8;1;0;7;-7,1281;-34,8466;"SPRF-PB";"DEL01-PB";"UOP01-DEL01-PB"
544460;2023-08-25;"sexta-feira";"14:20:00";"RJ";101;330;"RIO DE JANEIRO";"Ausência de reação do condutor";"Colisão com objeto";"Com Vítimas Feridas";"Pleno dia";"Crescente";"Nublado";"Dupla";"Reta";"Sim";2;0;0;1;1;0;1;2;-22,8684989;-43,18548699;"SPRF-RJ";"DEL02-RJ";"UOP01-DEL02-RJ"
544461;2023-08-25;"sexta-feira";"09:40:00";"PR";369;56;"BANDEIRANTES";"Ausência de reação do condutor";"Colisão lateral mesmo sentido";"Com Vítimas Feridas";"Pleno dia";"Crescente";"Sol";"Simples";"Declive;Interseção de Vias;Reta";"Não";2;0;0;1;1;0;1;2;-23,10908224;-50,36879539;"SPRF-PR";"DEL07-PR";"UOP05-DEL07-PR"
544462;2023-08-25;"sexta-feira";"14:50:00";"RS";116;254;"SAPUCAIA DO SUL";"Reação tardia ou ineficiente do condutor";"Colisão traseira";"Com Vítimas Feridas";"Pleno dia";"Crescente";"Céu Claro";"Dupla";"Reta";"Sim";3;0;2;0;1;0;2;2;-29,83018304;-51,17362976;"SPRF-RS";"DEL01-RS";"UOP02-DEL01-RS"
544464;2023-08-25;"sexta-feira";"14:30:00";"GO";60;172;"ABADIA DE GOIAS";"Velocidade Incompatível";"Saída de leito carroçável";"Com Vítimas Feridas";"Pleno dia";"Decrescente";"Céu Claro";"Dupla";"Reta;Em Obras";"Não";2;0;1;0;1;0;1;1;-16,74483546;-49,41895192;"SPRF-GO";"DEL01-GO";"UOP02-DEL01-GO"
544466;2023-08-25;"sexta-feira";"14:30:00";"GO";40;18;"LUZIANIA";"Condutor Dormindo";"Colisão traseira";"Com Vítimas Feridas";"Pleno dia";"Crescente";"Céu Claro";"Dupla";"Reta";"Não";1;0;1;0;0;0;1;1;-16,19349;-47,925575;"SPRF-DF";"DEL01-DF";"UOP01-DEL01-DF"
544469;2023-08-25;"sexta-feira";"15:25:00";"BA";116;421;"FEIRA DE SANTANA";"Sinalização mal posicionada";"Colisão com objeto";"Com Vítimas Feridas";"Pleno dia";"Crescente";"Céu Claro";"Dupla";"Em Obras";"Sim";1;0;1;0;0;0;1;1;-12,211936;-38,96567;"SPRF-BA";"DEL02-BA";"UOP01-DEL02-BA"
544470;2023-08-25;"sexta-feira";"14:30:00";"PI";316;31;"DEMERVAL LOBAO";"Condutor deixou de manter distância do veículo da frente";"Colisão traseira";"Sem Vítimas";"Pleno dia";"Crescente";"Sol";"Simples";"Aclive;Em Obras;Reta";"Não";4;0;0;0;4;0;0;4;-5,33958796;-42,69400899;"SPRF-PI";"DEL01-PI";"UOP02-DEL01-PI"
544471;2023-08-25;"sexta-feira";"14:50:00";"RS";471;173,3;"RIO PARDO";"Desrespeitar a preferência no cruzamento";"Colisão transversal";"Com Vítimas Feridas";"Pleno dia";"Crescente";"Sol";"Simples";"Interseção de Vias";"Sim";2;0;0;1;1;0;1;2;-29,97411894;-52,37148285;"SPRF-RS";"DEL02-RS";"UOP03-DEL02-RS"
544474;2023-08-25;"sexta-feira";"07:30:00";"SC";282;4,5;"FLORIANOPOLIS";"Acessar a via sem observar a presença dos outros veículos";"Colisão lateral mesmo sentido";"Com Vítimas Feridas";"Pleno dia";"Decrescente";"Garoa/Chuvisco";"Múltipla";"Reta";"Sim";3;0;1;0;2;0;1;3;-27,592646;-48,604034;"SPRF-SC";"DEL01-SC";"UOP01-DEL01-SC"
544481;2023-08-25;"sexta-feira";"15:50:00";"PR";116;2;"CAMPINA GRANDE DO SUL";"Acumulo de água sobre o pavimento";"Colisão com objeto";"Com Vítimas Feridas";"Pleno dia";"Decrescente";"Chuva";"Dupla";"Curva";"Não";5;0;5;0;0;0;5;1;-25,06602975;-48,57857703;"SPRF-PR";"DEL01-PR";"UOP02-DEL01-PR"
544482;2023-08-25;"sexta-feira";"15:30:00";"PR";116;115;"CURITIBA";"Reação tardia ou ineficiente do condutor";"Colisão com objeto";"Com Vítimas Feridas";"Pleno dia";"Decrescente";"Chuva";"Dupla";"Reta";"Sim";1;0;1;0;0;0;1;1;-25,545775;-49,303497;"SPRF-PR";"DEL01-PR";"UOP07-DEL01-PR"
544483;2023-08-25;"sexta-feira";"16:22:00";"RN";226;10;"MACAIBA";"Condutor deixou de manter distância do veículo da frente";"Colisão lateral mesmo sentido";"Com Vítimas Feridas";"Pleno dia";"Decrescente";"Céu Claro";"Simples";"Reta";"Sim";3;0;1;1;1;0;2;3;-5,84199104;-35,29535395;"SPRF-RN";"DEL01-RN";"UOP02-DEL01-RN"
544485;2023-08-25;"sexta-feira";"16:35:00";"PE";101;70;"RECIFE";"Ausência de reação do condutor";"Colisão traseira";"Com Vítimas Feridas";"Pleno dia";"Decrescente";"Céu Claro";"Dupla";"Reta";"Sim";2;0;0;1;1;0;1;2;-8,06776119;-34,94265074;"SPRF-PE";"DEL01-PE";"UOP01-DEL01-PE"
544487;2023-08-25;"sexta-feira";"12:15:00";"ES";0;0;"VITORIA";"Ausência de reação do condutor";"Colisão com objeto";"Sem Vítimas";"Pleno dia";"Não Informado";"Garoa/Chuvisco";"Simples";"Reta";"Não";1;0;0;0;1;0;0;1;-20,31847445;-40,30537432;"SPRF-ES";"DEL01-ES";"UOP01-DEL01-ES"
544488;2023-08-25;"sexta-feira";"16:50:00";"PI";343;24;"PARNAIBA";"Condutor deixou de manter distância do veículo da frente";"Colisão lateral mesmo sentido";"Com Vítimas Feridas";"Pleno dia";"Crescente";"Sol";"Simples";"Reta";"Sim";2;0;1;0;0;1;1;2;-3,01677;-41,768826;"SPRF-PI";"DEL05-PI";"UOP01-DEL05-PI"
544491;2023-08-25;"sexta-feira";"16:55:00";"RJ";493;5;"ITABORAI";"Falta de elemento de contenção que evite a saída do leito carroçável";"Saída de leito carroçável";"Com Vítimas Feridas";"Pleno dia";"Crescente";"Chuva";"Dupla";"Reta";"Não";5;0;4;0;1;0;4;1;-22,73998606;-42,95374823;"SPRF-RJ";"DEL02-RJ";"UOP02-DEL02-RJ"
544492;2023-08-25;"sexta-feira";"17:20:00";"SC";101;201;"SAO JOSE";"Ausência de reação do condutor";"Colisão traseira";"Com Vítimas Feridas";"Anoitecer";"Crescente";"Chuva";"Múltipla";"Reta";"Não";2;0;1;0;1;0;1;2;-27,55711595;-48,61897889;"SPRF-SC";"DEL01-SC";"UOP01-DEL01-SC"
544493;2023-08-25;"sexta-feira";"16:20:00";"PE";232;14,4;"JABOATAO DOS GUARARAPES";"Ingestão de álcool ou de substâncias psicoativas pelo pedestre";"Atropelamento de Pedestre";"Com Vítimas Feridas";"Pleno dia";"Crescente";"Céu Claro";"Dupla";"Reta";"Não";3;0;0;1;1;1;1;2;-8,09025488;-35,02052302;"SPRF-PE";"DEL01-PE";"UOP01-DEL01-PE"
544494;2023-08-25;"sexta-feira";"17:20:00";"PB";101;96,3;"CONDE";"Condutor deixou de manter distância do veículo da frente";"Colisão traseira";"Com Vítimas Feridas";"Anoitecer";"Decrescente";"Céu Claro";"Dupla";"Reta;Retorno Regulamentado";"Não";2;0;1;0;0;1;1;2;-7,23313935;-34,92274404;"SPRF-PB";"DEL01-PB";"UOP02-DEL01-PB"
544496;2023-08-25;"sexta-feira";"17:00:00";"SP";116;438;"REGISTRO";"Chuva";"Colisão com objeto";"Com Vítimas Feridas";"Anoitecer";"Decrescente";"Chuva";"Dupla";"Declive;Reta";"Não";2;0;2;0;0;0;2;1;-24,44811308;-47,80555693;"SPRF-SP";"DEL05-SP";"UOP01-DEL05-SP"
544497;2023-08-25;"sexta-feira";"17:50:00";"RJ";101;400;"ITAGUAI";"Ausência de reação do condutor";"Colisão frontal";"Com Vítimas Feridas";"Plena Noite";"Decrescente";"Céu Claro";"Dupla";"Reta";"Não";2;0;1;0;1;0;1;2;-22,8483707;-43,76952338;"SPRF-RJ";"DEL03-RJ";"UOP01-DEL03-RJ"
544498;2023-08-25;"sexta-feira";"15:30:00";"MT";174;274;"PONTES E LACERDA";"Demais falhas mecânicas ou elétricas";"Saída de leito carroçável";"Com Vítimas Feridas";"Pleno dia";"Crescente";"Céu Claro";"Simples";"Curva";"Não";2;0;1;1;0;0;2;1;-15,33072008;-59,22007806;"SPRF-MT";"DEL04-MT";"UOP01-DEL04-MT"
544499;2023-08-25;"sexta-feira";"17:20:00";"RN";406;171;"SAO GONCALO DO AMARANTE";"Ingestão de álcool pelo condutor";"Saída de leito carroçável";"Sem Vítimas";"Pleno dia";"Crescente";"Céu Claro";"Dupla";"Aclive;Reta";"Sim";2;0;0;0;2;0;0;1;-5,76148917;-35,28977752;"SPRF-RN";"DEL02-RN";"UOP01-DEL02-RN"
544502;2023-08-25;"sexta-feira";"14:30:00";"GO";60;299;"ACREUNA";"Acumulo de água sobre o pavimento";"Saída de leito carroçável";"Com Vítimas Feridas";"Pleno dia";"Crescente";"Chuva";"Dupla";"Curva";"Não";3;0;0;1;2;0;1;1;-17,3572;-50,3304;"SPRF-GO";"DEL04-GO";"UOP02-DEL04-GO"
544503;2023-08-25;"sexta-feira";"18:20:00";"SC";101;204;"SAO JOSE";"Ausência de reação do condutor";"Colisão traseira";"Com Vítimas Feridas";"Plena Noite";"Decrescente";"Chuva";"Dupla";"Reta";"Sim";4;0;1;0;3;0;1;3;-27,57413014;-48,61363083;"SPRF-SC";"DEL01-SC";"UOP01-DEL01-SC"
544504;2023-08-25;"sexta-feira";"18:55:00";"PR";277;1,4;"FOZ DO IGUACU";"Desrespeitar a preferência no cruzamento";"Colisão transversal";"Com Vítimas Feridas";"Plena Noite";"Crescente";"Céu Claro";"Dupla";"Interseção de Vias";"Sim";2;0;2;0;0;0;2;2;-25,49475381;-54,58336299;"SPRF-PR";"DEL05-PR";"UOP03-DEL05-PR"
544505;2023-08-25;"sexta-feira";"19:15:00";"DF";70;6,9;"BRASILIA";"Transitar no Acostamento";"Colisão transversal";"Com Vítimas Feridas";"Plena Noite";"Crescente";"Nublado";"Dupla";"Reta;Retorno Regulamentado";"Sim";6;0;4;0;2;0;4;2;-15,791242;-48,105759;"SPRF-DF";"DEL03-DF";"UOP02-DEL03-DF"
544507;2023-08-25;"sexta-feira";"19:30:00";"MG";381;481;"CONTAGEM";"Ausência de reação do condutor";"Colisão traseira";"Com Vítimas Feridas";"Plena Noite";"Crescente";"Céu Claro";"Múltipla";"Reta";"Sim";4;0;1;0;2;1;1;3;-19,95931561;-44,08825597;"SPRF-MG";"DEL01-MG";"UOP03-DEL01-MG"
544509;2023-08-25;"sexta-feira";"11:15:00";"RS";153;44,4;"ERECHIM";"Acessar a via sem observar a presença dos outros veículos";"Colisão transversal";"Com Vítimas Feridas";"Pleno dia";"Crescente";"Céu Claro";"Simples";"Interseção de Vias;Rotatória";"Não";2;0;0;1;1;0;1;2;-27,62312752;-52,23687793;"SPRF-RS";"DEL08-RS";"UOP04-DEL08-RS"
544510;2023-08-25;"sexta-feira";"18:50:00";"MG";116;525,9;"CARATINGA";"Desrespeitar a preferência no cruzamento";"Colisão transversal";"Com Vítimas Feridas";"Plena Noite";"Decrescente";"Céu Claro";"Dupla";"Rotatória;Interseção de Vias;Retorno Regulamentado";"Sim";2;0;1;0;1;0;1;2;-19,77944503;-42,13293314;"SPRF-MG";"DEL06-MG";"UOP02-DEL06-MG"
544512;2023-08-25;"sexta-feira";"19:55:00";"SE";101;116,5;"ITAPORANGA DAJUDA";"Afundamento ou ondulação no pavimento";"Tombamento";"Com Vítimas Feridas";"Plena Noite";"Decrescente";"Céu Claro";"Dupla";"Reta";"Não";1;0;1;0;0;0;1;1;-11,016006;-37,319555;"SPRF-SE";"DEL02-SE";"UOP01-DEL02-SE"
544513;2023-08-25;"sexta-feira";"20:10:00";"MG";50;177;"UBERABA";"Ausência de reação do condutor";"Colisão traseira";"Com Vítimas Feridas";"Plena Noite";"Decrescente";"Céu Claro";"Dupla";"Reta;Interseção de Vias";"Não";1;0;1;0;0;0;1;1;-19,77914852;-47,95047701;"SPRF-MG";"DEL13-MG";"UOP01-DEL13-MG"
544514;2023-08-25;"sexta-feira";"18:00:00";"PR";116;0,4;"CAMPINA GRANDE DO SUL";"Acumulo de água sobre o pavimento";"Colisão com objeto";"Sem Vítimas";"Anoitecer";"Crescente";"Chuva";"Dupla";"Curva";"Não";1;0;0;0;1;0;0;1;-25,0604;-48,562973;"SPRF-PR";"DEL01-PR";"UOP02-DEL01-PR"
544515;2023-08-25;"sexta-feira";"19:20:00";"PR";369;140,5;"LONDRINA";"Retorno proibido";"Colisão transversal";"Com Vítimas Feridas";"Plena Noite";"Decrescente";"Nublado";"Simples";"Reta";"Sim";2;0;1;1;0;0;2;2;-23,28305092;-51,07140344;"SPRF-PR";"DEL07-PR";"UOP01-DEL07-PR"
544516;2023-08-25;"sexta-feira";"18:45:00";"RJ";101;417,8;"MANGARATIBA";"Ingestão de álcool pelo condutor";"Colisão lateral sentido oposto";"Com Vítimas Feridas";"Plena Noite";"Crescente";"Chuva";"Simples";"Reta;Túnel";"Não";4;0;3;0;1;0;3;3;-22,9178274;-43,90471593;"SPRF-RJ";"DEL03-RJ";"UOP02-DEL03-RJ"
544522;2023-08-25;"sexta-feira";"19:10:00";"MS";163;70,6;"ITAQUIRAI";"Falta de acostamento";"Colisão traseira";"Com Vítimas Feridas";"Plena Noite";"Crescente";"Nublado";"Simples";"Reta";"Não";2;0;0;1;0;1;1;2;-23,54559603;-54,19367364;"SPRF-MS";"DEL09-MS";"UOP02-DEL09-MS"
544528;2023-08-25;"sexta-feira";"20:55:00";"PB";230;17;"JOAO PESSOA";"Pedestre cruzava a pista fora da faixa";"Atropelamento de Pedestre";"Com Vítimas Feridas";"Plena Noite";"Crescente";"Céu Claro";"Dupla";"Reta";"Sim";3;0;0;1;1;1;1;2;-7,1121;-34,8426;"SPRF-PB";"DEL01-PB";"UOP01-DEL01-PB"
544529;2023-08-25;"sexta-feira";"18:50:00";"GO";153;176;"CAMPINORTE";"Conversão proibida";"Colisão frontal";"Com Vítimas Feridas";"Plena Noite";"Crescente";"Céu Claro";"Simples";"Reta";"Sim";7;0;1;0;6;0;1;2;-14,31039;-49,148968;"SPRF-GO";"DEL07-GO";"UOP02-DEL07-GO"
544530;2023-08-25;"sexta-feira";"19:30:00";"MG";262;446;"NOVA SERRANA";"Acessar a via sem observar a presença dos outros veículos";"Atropelamento de Pedestre";"Com Vítimas Feridas";"Plena Noite";"Crescente";"Céu Claro";"Simples";"Reta";"Sim";2;0;0;2;0;0;2;2;-19,87514825;-44,95031205;"SPRF-MG";"DEL08-MG";"UOP03-DEL08-MG"
544531;2023-08-25;"sexta-feira";"18:30:00";"RJ";101;274;"TANGUA";"Acessar a via sem observar a presença dos outros veículos";"Colisão frontal";"Sem Vítimas";"Plena Noite";"Decrescente";"Garoa/Chuvisco";"Simples";"Reta";"Sim";4;0;0;0;3;1;0;3;-22,73506292;-42,71948103;"SPRF-RJ";"DEL02-RJ";"UOP03-DEL02-RJ"
544535;2023-08-25;"sexta-feira";"20:10:00";"BA";116;233;"EUCLIDES DA CUNHA";"Acessar a via sem observar a presença dos outros veículos";"Atropelamento de Pedestre";"Com Vítimas Fatais";"Plena Noite";"Decrescente";"Céu Claro";"Simples";"Reta";"Sim";2;1;0;0;0;1;0;2;-10,61306901;-38,96860803;"SPRF-BA";"DEL07-BA";"UOP02-DEL07-BA"
544536;2023-08-25;"sexta-feira";"20:40:00";"MG";116;415;"GOVERNADOR VALADARES";"Acessar a via sem observar a presença dos outros veículos";"Colisão transversal";"Sem Vítimas";"Plena Noite";"Crescente";"Nublado";"Simples";"Retorno Regulamentado";"Sim";2;0;0;0;2;0;0;2;-18,88401297;-41,94924399;"SPRF-MG";"DEL06-MG";"UOP01-DEL06-MG"
544537;2023-08-25;"sexta-feira";"20:30:00";"MG";116;696,9;"MURIAE";"Reação tardia ou ineficiente do condutor";"Saída de leito carroçável";"Com Vítimas Feridas";"Plena Noite";"Decrescente";"Céu Claro";"Simples";"Curva";"Não";29;0;5;0;24;0;5;1;-21,079861;-42,374074;"SPRF-MG";"DEL07-MG";"UOP02-DEL07-MG"
544538;2023-08-25;"sexta-feira";"22:10:00";"DF";70;13,1;"BRASILIA";"Pista Escorregadia";"Queda de ocupante de veículo";"Com Vítimas Feridas";"Plena Noite";"Crescente";"Chuva";"Dupla";"Rotatória";"Sim";1;0;1;0;0;0;1;1;-15,794558;-48,166584;"SPRF-DF";"DEL03-DF";"UOP02-DEL03-DF"
544539;2023-08-25;"sexta-feira";"22:10:00";"PR";277;721;"FOZ DO IGUACU";"Acessar a via sem observar a presença dos outros veículos";"Colisão transversal";"Com Vítimas Feridas";"Plena Noite";"Decrescente";"Céu Claro";"Dupla";"Interseção de Vias";"Não";3;0;2;0;1;0;2;3;-25,4911505;-54,51185421;"SPRF-PR";"DEL05-PR";"UOP03-DEL05-PR"
544541;2023-08-25;"sexta-feira";"21:30:00";"BA";101;900;"CARAVELAS";"Pedestre andava na pista";"Atropelamento de Pedestre";"Com Vítimas Feridas";"Plena Noite";"Crescente";"Nublado";"Simples";"Reta";"Não";2;0;0;2;0;0;2;2;-17,738787;-39,766069;"SPRF-BA";"DEL09-BA";"UOP02-DEL09-BA"