"id";"data_inversa";"dia_semana";"horario";"uf";"br";"km";"municipio";"causa_acidente";"tipo_acidente";"classificacao_acidente";"fase_dia";"sentido_via";"condicao_metereologica";"tipo_pista";"tracado_via";"uso_solo";"pessoas";"mortos";"feridos_leves";"feridos_graves";"ilesos";"ignorados";"feridos";"veiculos";"latitude";"longitude";"regional";"delegacia";"uop"
544658;2023-08-26;"sábado";"10:45:00";"RS";116;38,5;"VACARIA";"Acessar a via sem observar a presença dos outros veículos";"Colisão transversal";"Com Vítimas Feridas";"Pleno dia";"Decrescente";"Céu Claro";"Simples";"Reta";"Sim";2;0;1;0;1;0;1;2;-28,50548;-50,92516;"SPRF-RS";"DEL05-RS";"UOP03-DEL05-RS"
544664;2023-08-26;"sábado";"12:17:00";"MG";381;454,9;"BELO HORIZONTE";"Transitar no Acostamento";"Colisão transversal";"Com Vítimas Feridas";"Pleno dia";"Decrescente";"Nublado";"Simples";"Reta";"Sim";3;0;1;1;1;0;2;2;-19,85593827;-43,89662047;"SPRF-MG";"DEL01-MG";"UOP01-DEL01-MG"
544666;2023-08-26;"sábado";"11:48:00";"SC";470;56;"BLUMENAU";"Conversão proibida";"Colisão transversal";"Com Vítimas Feridas";"Pleno dia";"Crescente";"Sol";"Simples";"Curva";"Sim";3;0;2;0;1;0;2;2;-26,87674;-49,127743;"SPRF-SC";"DEL04-SC";"UOP01-DEL04-SC"
544668;2023-08-26;"sábado";"12:30:00";"MG";356;264,5;"MURIAE";"Reação tardia ou ineficiente do condutor";"Colisão traseira";"Com Vítimas Feridas";"Pleno dia";"Decrescente";"Nublado";"Simples";"Reta";"Sim";2;0;1;0;1;0;1;2;-21,12466699;-42,37977147;"SPRF-MG";"DEL07-MG";"UOP02-DEL07-MG"
544670;2023-08-26;"sábado";"12:45:00";"RJ";116;172;"SAO JOAO DE MERITI";"Reação tardia ou ineficiente do condutor";"Tombamento";"Com Vítimas Feridas";"Pleno dia";"Crescente";"Chuva";"Dupla";"Reta";"Sim";1;0;1;0;0;0;1;1;-22,80188151;-43,35043673;"SPRF-RJ";"DEL01-RJ";"UOP02-DEL01-RJ"
544671;2023-07-16;"domingo";"22:30:00";"RO";364;233;"CACOAL";"Transitar na contramão";"Colisão frontal";"Com Vítimas Feridas";"Plena Noite";"Decrescente";"Céu Claro";"Simples";"Reta;Declive";"Não";2;0;0;2;0;0;2;2;-11,46104613;-61,41546107;"SPRF-RO";"DEL02-RO";"UOP02-DEL02-RO"
544674;2023-08-26;"sábado";"13:05:00";"CE";116;27;"AQUIRAZ";"Área urbana sem a presença de local apropriado para a travessia de pedestres";"Atropelamento de Pedestre";"Com Vítimas Feridas";"Pleno dia";"Decrescente";"Céu Claro";"Dupla";"Curva";"Sim";2;0;0;1;1;0;1;2;-3,989921;-38,516008;"SPRF-CE";"DEL01-CE";"UOP02-DEL01-CE"
544675;2023-08-26;"sábado";"12:10:00";"BA";116;826;"VITORIA DA CONQUISTA";"Reação tardia ou ineficiente do condutor";"Queda de ocupante de veículo";"Com Vítimas Feridas";"Pleno dia";"Crescente";"Sol";"Múltipla";"Reta";"Sim";1;0;1;0;0;0;1;1;-14,88266;-40,85746;"SPRF-BA";"DEL08-BA";"UOP01-DEL08-BA"
544676;2023-08-26;"sábado";"13:26:00";"ES";101;343,2;"GUARAPARI";"Velocidade Incompatível";"Colisão com objeto";"Com Vítimas Feridas";"Pleno dia";"Decrescente";"Chuva";"Dupla";"Curva";"Não";2;0;1;0;1;0;1;1;-20,66338513;-40,59300184;"SPRF-ES";"DEL03-ES";"UOP01-DEL03-ES"
544677;2023-08-26;"sábado";"10:36:00";"RJ";116;246;"PIRAI";"Acumulo de água sobre o pavimento";"Colisão com objeto";"Com Vítimas Feridas";"Pleno dia";"Crescente";"Chuva";"Dupla";"Aclive;Reta";"Não";2;0;1;0;1;0;1;1;-22,61426907;-43,93189964;"SPRF-RJ";"DEL07-RJ";"UOP01-DEL07-RJ"
544678;2023-08-26;"sábado";"08:00:00";"MG";267;193;"BOM JARDIM DE MINAS";"Reação tardia ou ineficiente do condutor";"Capotamento";"Com Vítimas Feridas";"Pleno dia";"Decrescente";"Nublado";"Simples";"Curva";"Não";2;0;2;0;0;0;2;1;-21,93573498;-44,03725706;"SPRF-MG";"DEL05-MG";"UOP01-DEL05-MG"
544679;2023-08-26;"sábado";"13:30:00";"SC";101;219,9;"PALHOCA";"Ultrapassagem Indevida";"Colisão frontal";"Com Vítimas Feridas";"Pleno dia";"Crescente";"Céu Claro";"Simples";"Curva";"Não";3;0;1;0;2;0;1;2;-27,68392194;-48,66710085;"SPRF-SC";"DEL01-SC";"UOP02-DEL01-SC"
544683;2023-08-26;"sábado";"14:05:00";"SP";116;503;"CAJATI";"Manobra de mudança de faixa";"Colisão lateral mesmo sentido";"Com Vítimas Feridas";"Pleno dia";"Crescente";"Nublado";"Simples";"Reta";"Não";3;0;1;0;2;0;1;3;-24,77541893;-48,20947907;"SPRF-SP";"DEL05-SP";"UOP02-DEL05-SP"
544684;2023-08-26;"sábado";"12:30:00";"SC";470;159,8;"TROMBUDO CENTRAL";"Reação tardia ou ineficiente do condutor";"Saída de leito carroçável";"Com Vítimas Feridas";"Pleno dia";"Crescente";"Céu Claro";"Simples";"Curva;Declive";"Não";5;0;3;0;1;1;3;2;-27,285444;-49,807579;"SPRF-SC";"DEL04-SC";"UOP02-DEL04-SC"
544686;2023-08-26;"sábado";"13:00:00";"RJ";40;76;"PETROPOLIS";"Chuva";"Colisão com objeto";"Com Vítimas Feridas";"Pleno dia";"Crescente";"Chuva";"Simples";"Curva;Aclive";"Não";2;0;1;0;1;0;1;1;-22,47192899;-43,23779321;"SPRF-RJ";"DEL06-RJ";"UOP01-DEL06-RJ"
544687;2023-08-26;"sábado";"08:45:00";"MG";365;1,5;"MONTES CLAROS";"Demais falhas mecânicas ou elétricas";"Incêndio";"Com Vítimas Feridas";"Pleno dia";"Crescente";"Nublado";"Simples";"Reta";"Não";2;0;1;0;1;0;1;1;-16,777756;-43,887004;"SPRF-MG";"DEL12-MG";"UOP01-DEL12-MG"
544688;2023-08-26;"sábado";"13:40:00";"BA";242;782;"BARREIRAS";"Acessar a via sem observar a presença dos outros veículos";"Colisão traseira";"Sem Vítimas";"Pleno dia";"Crescente";"Céu Claro";"Simples";"Reta";"Não";3;0;0;0;3;0;0;2;-12,14229586;-44,72659899;"SPRF-BA";"DEL10-BA";"UOP01-DEL10-BA"
544689;2023-08-26;"sábado";"14:40:00";"PR";116;51;"CAMPINA GRANDE DO SUL";"Condutor Dormindo";"Saída de leito carroçável";"Com Vítimas Feridas";"Pleno dia";"Crescente";"Nublado";"Dupla";"Reta";"Não";2;0;1;0;1;0;1;1;-25,24249703;-48,90292205;"SPRF-PR";"DEL01-PR";"UOP02-DEL01-PR"
544690;2023-08-26;"sábado";"14:50:00";"GO";70;1;"AGUAS LINDAS DE GOIAS";"Frear bruscamente";"Saída de leito carroçável";"Com Vítimas Feridas";"Pleno dia";"Crescente";"Chuva";"Dupla";"Declive;Reta";"Não";3;0;2;0;1;0;2;1;-15,77579351;-48,23259001;"SPRF-DF";"DEL03-DF";"UOP02-DEL03-DF"
544691;2023-08-26;"sábado";"14:40:00";"ES";101;156,8;"LINHARES";"Demais falhas mecânicas ou elétricas";"Tombamento";"Com Vítimas Feridas";"Pleno dia";"Crescente";"Céu Claro";"Simples";"Reta";"Não";2;0;2;0;0;0;2;1;-19,44596035;-40,09435048;"SPRF-ES";"DEL04-ES";"UOP01-DEL04-ES"
544692;2023-08-26;"sábado";"14:45:00";"GO";50;236,4;"CATALAO";"Ausência de reação do condutor";"Saída de leito carroçável";"Com Vítimas Feridas";"Pleno dia";"Crescente";"Céu Claro";"Dupla";"Aclive;Reta";"Não";1;0;1;0;0;0;1;1;-17,85635;-47,777608;"SPRF-GO";"DEL06-GO";"UOP01-DEL06-GO"
544693;2023-08-26;"sábado";"14:45:00";"MG";381;866,9;"POUSO ALEGRE";"Condutor Dormindo";"Saída de leito carroçável";"Com Vítimas Feridas";"Pleno dia";"Crescente";"Nublado";"Dupla";"Reta";"Não";3;0;0;2;1;0;2;1;-22,370533;-45,9358;"SPRF-MG";"DEL16-MG";"UOP01-DEL16-MG"
544695;2023-08-26;"sábado";"15:00:00";"MG";365;7,2;"MONTES CLAROS";"Chuva";"Colisão frontal";"Com Vítimas Feridas";"Pleno dia";"Crescente";"Chuva";"Simples";"Curva";"Não";3;0;1;0;2;0;1;3;-16,816986;-43,915671;"SPRF-MG";"DEL12-MG";"UOP01-DEL12-MG"
544696;2023-08-26;"sábado";"13:30:00";"RJ";101;571;"PARATY";"Reação tardia ou ineficiente do condutor";"Tombamento";"Com Vítimas Feridas";"Pleno dia";"Decrescente";"Chuva";"Simples";"Curva";"Não";1;0;1;0;0;0;1;1;-23,18579921;-44,72424085;"SPRF-RJ";"DEL03-RJ";"UOP04-DEL03-RJ"
544697;2023-08-26;"sábado";"13:53:00";"SC";282;400,6;"JOACABA";"Ausência de reação do condutor";"Saída de leito carroçável";"Com Vítimas Feridas";"Pleno dia";"Crescente";"Céu Claro";"Simples";"Curva";"Não";1;0;0;1;0;0;1;1;-27,132223;-51,627563;"SPRF-SC";"DEL07-SC";"UOP05-DEL07-SC"
544698;2023-08-26;"sábado";"14:55:00";"SC";101;387,3;"ICARA";"Avarias e/ou desgaste excessivo no pneu";"Tombamento";"Com Vítimas Feridas";"Pleno dia";"Crescente";"Sol";"Dupla";"Reta";"Não";2;0;2;0;0;0;2;1;-28,78085074;-49,32874013;"SPRF-SC";"DEL02-SC";"UOP02-DEL02-SC"
544699;2023-08-26;"sábado";"15:40:00";"RS";116;153,8;"CAXIAS DO SUL";"Reação tardia ou ineficiente do condutor";"Colisão traseira";"Com Vítimas Feridas";"Pleno dia";"Crescente";"Sol";"Simples";"Rotatória";"Sim";2;0;0;1;1;0;1;2;-29,19074818;-51,18073734;"SPRF-RS";"DEL05-RS";"UOP01-DEL05-RS"
544700;2023-08-26;"sábado";"15:30:00";"ES";101;268,8;"SERRA";"Pedestre andava na pista";"Atropelamento de Pedestre";"Com Vítimas Feridas";"Pleno dia";"Decrescente";"Nublado";"Múltipla";"Reta";"Sim";2;0;1;0;0;1;1;2;-20,21740496;-40,26990578;"SPRF-ES";"DEL02-ES";"UOP01-DEL02-ES"
544702;2023-08-26;"sábado";"07:20:00";"RO";429;168;"SAO MIGUEL DO GUAPORE";"Transitar na contramão";"Colisão frontal";"Com Vítimas Fatais";"Pleno dia";"Crescente";"Céu Claro";"Simples";"Curva";"Não";6;1;3;1;0;1;4;3;-11,72348585;-62,77981414;"SPRF-RO";"DEL02-RO";"UOP03-DEL02-RO"
544703;2023-08-26;"sábado";"15:50:00";"MG";50;166;"UBERABA";"Reação tardia ou ineficiente do condutor";"Colisão traseira";"Com Vítimas Feridas";"Pleno dia";"Decrescente";"Céu Claro";"Dupla";"Reta";"Não";3;0;1;0;2;0;1;2;-19,70178201;-47,98627802;"SPRF-MG";"DEL13-MG";"UOP01-DEL13-MG"
544704;2023-08-26;"sábado";"14:30:00";"RO";364;9;"VILHENA";"Acessar a via sem observar a presença dos outros veículos";"Colisão transversal";"Com Vítimas Feridas";"Pleno dia";"Decrescente";"Céu Claro";"Simples";"Interseção de Vias";"Sim";2;0;1;0;0;1;1;2;-12,75881009;-60,1001711;"SPRF-RO";"DEL04-RO";"UOP01-DEL04-RO"
544705;2023-08-26;"sábado";"16:20:00";"PA";155;344;"MARABA";"Reação tardia ou ineficiente do condutor";"Tombamento";"Com Vítimas Feridas";"Pleno dia";"Crescente";"Céu Claro";"Simples";"Reta;Declive";"Sim";1;0;1;0;0;0;1;1;-5,36957395;-49,07796968;"SPRF-PA";"DEL03-PA";"UOP01-DEL03-PA"
544706;2023-08-26;"sábado";"15:35:00";"CE";222;34;"CAUCAIA";"Demais falhas mecânicas ou elétricas";"Colisão com objeto";"Com Vítimas Feridas";"Pleno dia";"Crescente";"Sol";"Dupla";"Reta";"Sim";1;0;1;0;0;0;1;1;-3,70296419;-38,85572805;"SPRF-CE";"DEL01-CE";"UOP01-DEL01-CE"
544707;2023-08-26;"sábado";"16:00:00";"PE";232;412;"SERRA TALHADA";"Manobra de mudança de faixa";"Colisão frontal";"Com Vítimas Fatais";"Pleno dia";"Decrescente";"Sol";"Simples";"Curva";"Sim";2;1;0;0;1;0;0;2;-7,98377927;-38,3208774;"SPRF-PE";"DEL04-PE";"UOP01-DEL04-PE"
544708;2023-08-26;"sábado";"15:40:00";"RJ";393;176;"TRES RIOS";"Velocidade Incompatível";"Colisão com objeto";"Sem Vítimas";"Pleno dia";"Crescente";"Nublado";"Simples";"Curva";"Não";1;0;0;0;1;0;0;1;-22,12504988;-43,23207378;"SPRF-RJ";"DEL05-RJ";"UOP03-DEL05-RJ"
544709;2023-08-26;"sábado";"13:35:00";"MG";381;876,8;"ESTIVA";"Velocidade Incompatível";"Saída de leito carroçável";"Com Vítimas Feridas";"Pleno dia";"Decrescente";"Chuva";"Dupla";"Curva";"Não";8;0;5;0;0;3;5;2;-22,472813;-46,01072791;"SPRF-MG";"DEL16-MG";"UOP01-DEL16-MG"
544710;2023-08-26;"sábado";"16:00:00";"PE";101;48;"IGARASSU";"Acessar a via sem observar a presença dos outros veículos";"Colisão transversal";"Com Vítimas Feridas";"Pleno dia";"Decrescente";"Céu Claro";"Dupla";"Reta;Retorno Regulamentado";"Sim";2;0;1;0;1;0;1;2;-7,89174705;-34,9033493;"SPRF-PE";"DEL01-PE";"UOP02-DEL01-PE"
544712;2023-08-26;"sábado";"16:02:00";"PE";408;90,9;"SAO LOURENCO DA MATA";"Entrada inopinada do pedestre";"Atropelamento de Pedestre";"Com Vítimas Fatais";"Pleno dia";"Decrescente";"Sol";"Dupla";"Reta";"Não";2;1;1;0;0;0;1;2;-7,994328;-35,070481;"SPRF-PE";"DEL01-PE";"UOP01-DEL01-PE"
544713;2023-08-26;"sábado";"11:45:00";"MG";381;924;"CAMANDUCAIA";"Velocidade Incompatível";"Colisão com objeto";"Com Vítimas Feridas";"Pleno dia";"Decrescente";"Chuva";"Dupla";"Curva";"Não";4;0;1;0;3;0;1;1;-22,772211;-46,191883;"SPRF-MG";"DEL16-MG";"UOP03-DEL16-MG"
544715;2023-08-26;"sábado";"16:40:00";"MG";40;633,2;"CONSELHEIRO LAFAIETE";"Chuva";"Colisão lateral mesmo sentido";"Com Vítimas Feridas";"Pleno dia";"Decrescente";"Chuva";"Simples";"Reta";"Não";2;0;1;0;1;0;1;2;-20,68168197;-43,79419779;"SPRF-MG";"DEL05-MG";"UOP02-DEL05-MG"
544716;2023-08-26;"sábado";"17:00:00";"RJ";116;78;"TERESOPOLIS";"Pista Escorregadia";"Colisão frontal";"Com Vítimas Feridas";"Pleno dia";"Crescente";"Chuva";"Simples";"Curva";"Sim";2;0;2;0;0;0;2;2;-22,37408687;-42,95260496;"SPRF-RJ";"DEL04-RJ";"UOP01-DEL04-RJ"
544717;2023-08-26;"sábado";"16:00:00";"MG";40;735;"SANTOS DUMONT";"Reação tardia ou ineficiente do condutor";"Capotamento";"Com Vítimas Feridas";"Pleno dia";"Crescente";"Chuva";"Simples";"Curva";"Não";2;0;1;0;1;0;1;1;-21,37012696;-43,57558994;"SPRF-MG";"DEL05-MG";"UOP01-DEL05-MG"
544718;2023-08-26;"sábado";"17:00:00";"SC";282;45;"AGUAS MORNAS";"Avarias e/ou desgaste excessivo no pneu";"Tombamento";"Com Vítimas Feridas";"Pleno dia";"Crescente";"Céu Claro";"Simples";"Aclive;Curva";"Não";2;0;0;2;0;0;2;1;-27,719851;-48,916126;"SPRF-SC";"DEL01-SC";"UOP03-DEL01-SC"
544719;2023-08-26;"sábado";"16:00:00";"MT";163;645;"NOVA MUTUM";"Demais falhas mecânicas ou elétricas";"Capotamento";"Com Vítimas Feridas";"Pleno dia";"Crescente";"Céu Claro";"Simples";"Curva";"Sim";1;0;1;0;0;0;1;1;-13,51597619;-56,03599325;"SPRF-MT";"DEL06-MT";"UOP01-DEL06-MT"
544720;2023-08-26;"sábado";"16:00:00";"MT";364;389;"SANTO ANTONIO DO LEVERGER";"Ausência de reação do condutor";"Saída de leito carroçável";"Com Vítimas Feridas";"Pleno dia";"Decrescente";"Céu Claro";"Dupla";"Reta";"Não";2;0;2;0;0;0;2;1;-15,70161235;-55,845608;"SPRF-MT";"DEL01-MT";"UOP02-DEL01-MT"
544721;2023-08-26;"sábado";"16:30:00";"RJ";101;314;"SAO GONCALO";"Manobra de mudança de faixa";"Colisão lateral mesmo sentido";"Com Vítimas Feridas";"Pleno dia";"Decrescente";"Chuva";"Dupla";"Reta";"Não";3;0;1;0;2;0;1;2;-22,81648739;-43,07728467;"SPRF-RJ";"DEL02-RJ";"UOP02-DEL02-RJ"
544722;2023-08-26;"sábado";"15:45:00";"PE";316;265;"BELEM DE SAO FRANCISCO";"Reação tardia ou ineficiente do condutor";"Colisão com objeto";"Sem Vítimas";"Pleno dia";"Decrescente";"Céu Claro";"Simples";"Ponte;Reta";"Não";2;0;0;0;1;1;0;1;-8,72046213;-38,90228393;"SPRF-PE";"DEL05-PE";"UOP03-DEL05-PE"
544723;2023-08-26;"sábado";"16:40:00";"GO";452;189;"ITUMBIARA";"Demais falhas mecânicas ou elétricas";"Saída de leito carroçável";"Com Vítimas Feridas";"Pleno dia";"Crescente";"Céu Claro";"Simples";"Reta";"Não";2;0;2;0;0;0;2;1;-18,38867632;-49,28567776;"SPRF-GO";"DEL03-GO";"UOP02-DEL03-GO"
544724;2023-08-26;"sábado";"17:30:00";"RN";406;170;"SAO GONCALO DO AMARANTE";"Reação tardia ou ineficiente do condutor";"Colisão transversal";"Com Vítimas Feridas";"Pleno dia";"Crescente";"Céu Claro";"Dupla";"Reta";"Não";3;0;2;0;1;0;2;2;-5,75872063;-35,29921986;"SPRF-RN";"DEL02-RN";"UOP01-DEL02-RN"
544725;2023-08-26;"sábado";"16:20:00";"ES";262;141,9;"MUNIZ FREIRE";"Conversão proibida";"Colisão lateral mesmo sentido";"Com Vítimas Feridas";"Pleno dia";"Crescente";"Nublado";"Simples";"Reta";"Não";3;0;2;0;1;0;2;2;-20,22928738;-41,37705381;"SPRF-ES";"DEL01-ES";"UOP02-DEL01-ES"
544726;2023-08-26;"sábado";"17:20:00";"AP";210;5;"MACAPA";"Velocidade Incompatível";"Colisão com objeto";"Sem Vítimas";"Pleno dia";"Crescente";"Céu Claro";"Dupla";"Reta";"Sim";1;0;0;0;0;1;0;1;0,09166714;-51,10599518;"SPRF-AP";"DEL01-AP";"UOP01-DEL01-AP"
544727;2023-08-26;"sábado";"16:45:00";"RS";116;526,8;"PELOTAS";"Ingestão de álcool pelo condutor";"Colisão com objeto";"Sem Vítimas";"Pleno dia";"Decrescente";"Céu Claro";"Simples";"Curva";"Não";1;0;0;0;1;0;0;1;-31,74307729;-52,39966642;"SPRF-RS";"DEL07-RS";"UOP01-DEL07-RS"
544728;2023-08-26;"sábado";"17:10:00";"PB";230;72,8;"SOBRADO";"Avarias e/ou desgaste excessivo no pneu";"Tombamento";"Com Vítimas Feridas";"Pleno dia";"Decrescente";"Céu Claro";"Dupla";"Reta";"Não";2;0;1;1;0;0;2;1;-7,1907;-35,2418;"SPRF-PB";"DEL01-PB";"UOP03-DEL01-PB"
544731;2023-08-26;"sábado";"16:30:00";"RJ";116;126,2;"MAGE";"Acumulo de água sobre o pavimento";"Saída de leito carroçável";"Sem Vítimas";"Pleno dia";"Crescente";"Chuva";"Dupla";"Reta";"Não";3;0;0;0;2;1;0;2;-22,65489354;-43,08636526;"SPRF-RJ";"DEL04-RJ";"UOP02-DEL04-RJ"
544732;2023-08-26;"sábado";"17:00:00";"MG";40;531;"BELO HORIZONTE";"Ausência de reação do condutor";"Colisão traseira";"Com Vítimas Feridas";"Anoitecer";"Crescente";"Nublado";"Dupla";"Reta";"Sim";3;0;1;0;2;0;1;2;-19,91962483;-44,02522683;"SPRF-MG";"DEL01-MG";"UOP02-DEL01-MG"
544733;2023-08-26;"sábado";"15:10:00";"GO";60;36,3;"ALEXANIA";"Acumulo de água sobre o pavimento";"Saída de leito carroçável";"Com Vítimas Feridas";"Pleno dia";"Crescente";"Ignorado";"Dupla";"Curva;Declive";"Não";1;0;1;0;0;0;1;1;-16,11118076;-48,52700293;"SPRF-DF";"DEL03-DF";"UOP01-DEL03-DF"
544735;2023-08-26;"sábado";"16:45:00";"PR";376;155,4;"MANDAGUACU";"Ausência de reação do condutor";"Colisão traseira";"Com Vítimas Feridas";"Pleno dia";"Crescente";"Nublado";"Dupla";"Interseção de Vias";"Sim";4;0;0;1;0;3;1;3;-23,33851773;-52,09845693;"SPRF-PR";"DEL09-PR";"UOP01-DEL09-PR"
544737;2023-08-26;"sábado";"18:10:00";"MG";40;494;"ESMERALDAS";"Pista Escorregadia";"Colisão transversal";"Com Vítimas Feridas";"Plena Noite";"Decrescente";"Chuva";"Dupla";"Curva;Declive";"Não";2;0;0;1;1;0;1;2;-19,648005;-44,2022067;"SPRF-MG";"DEL02-MG";"UOP01-DEL02-MG"
544738;2023-08-26;"sábado";"14:25:00";"RS";470;273;"MONTENEGRO";"Reação tardia ou ineficiente do condutor";"Saída de leito carroçável";"Com Vítimas Feridas";"Pleno dia";"Decrescente";"Céu Claro";"Simples";"Curva";"Não";1;0;0;1;0;0;1;1;-29,53825216;-51,48857651;"SPRF-RS";"DEL06-RS";"UOP01-DEL06-RS"
544739;2023-08-26;"sábado";"18:40:00";"BA";101;35,4;"ESPLANADA";"Deficiência do Sistema de Iluminação/Sinalização";"Colisão transversal";"Com Vítimas Fatais";"Plena Noite";"Crescente";"Céu Claro";"Simples";"Reta";"Sim";2;1;0;0;1;0;0;2;-11,81933048;-37,97719212;"SPRF-SE";"DEL02-SE";"UOP03-DEL02-SE"
544740;2023-08-26;"sábado";"16:30:00";"MG";381;637;"SANTO ANTONIO DO AMPARO";"Chuva";"Capotamento";"Com Vítimas Feridas";"Pleno dia";"Decrescente";"Garoa/Chuvisco";"Dupla";"Curva";"Não";2;0;1;0;1;0;1;1;-20,89963404;-44,85537595;"SPRF-MG";"DEL04-MG";"UOP01-DEL04-MG"
544743;2023-08-26;"sábado";"16:00:00";"RJ";101;529;"ANGRA DOS REIS";"Pista Escorregadia";"Colisão com objeto";"Com Vítimas Feridas";"Pleno dia";"Decrescente";"Chuva";"Simples";"Curva;Declive";"Sim";3;0;2;0;1;0;2;1;-23,02483585;-44,50876994;"SPRF-RJ";"DEL03-RJ";"UOP03-DEL03-RJ"
544744;2023-08-26;"sábado";"18:30:00";"RO";364;713;"PORTO VELHO";"Ausência de reação do condutor";"Colisão traseira";"Com Vítimas Feridas";"Anoitecer";"Decrescente";"Céu Claro";"Dupla";"Interseção de Vias;Aclive";"Sim";2;0;1;0;1;0;1;2;-8,77320625;-63,88488293;"SPRF-RO";"DEL01-RO";"UOP01-DEL01-RO"
544745;2023-08-26;"sábado";"19:00:00";"PR";376;106,1;"PARANAVAI";"Transitar no Acostamento";"Colisão frontal";"Com Vítimas Feridas";"Plena Noite";"Crescente";"Nublado";"Dupla";"Reta";"Não";2;0;0;2;0;0;2;2;-23,06315623;-52,43184719;"SPRF-PR";"DEL09-PR";"UOP02-DEL09-PR"
544746;2023-08-26;"sábado";"19:00:00";"SC";101;199,8;"SAO JOSE";"Ingestão de álcool pelo condutor";"Colisão traseira";"Com Vítimas Feridas";"Plena Noite";"Crescente";"Céu Claro";"Dupla";"Aclive;Reta";"Não";2;0;1;1;0;0;2;2;-27,53413705;-48,63003205;"SPRF-SC";"DEL01-SC";"UOP01-DEL01-SC"
544747;2023-08-26;"sábado";"19:45:00";"MG";40;449;"CAETANOPOLIS";"Pedestre andava na pista";"Atropelamento de Pedestre";"Com Vítimas Feridas";"Plena Noite";"Crescente";"Nublado";"Dupla";"Reta";"Não";2;0;0;1;1;0;1;2;-19,30931885;-44,37278577;"SPRF-MG";"DEL02-MG";"UOP01-DEL02-MG"
544749;2023-08-26;"sábado";"19:40:00";"MG";40;530;"CONTAGEM";"Chuva";"Tombamento";"Com Vítimas Feridas";"Plena Noite";"Decrescente";"Chuva";"Dupla";"Declive;Reta";"Sim";2;0;1;1;0;0;2;1;-19,92064782;-44,0335681;"SPRF-MG";"DEL01-MG";"UOP02-DEL01-MG"
544752;2023-08-26;"sábado";"20:04:00";"MG";365;605;"UBERLANDIA";"Manobra de mudança de faixa";"Colisão lateral mesmo sentido";"Com Vítimas Feridas";"Plena Noite";"Crescente";"Céu Claro";"Simples";"Reta;Interseção de Vias";"Não";2;0;0;1;1;0;1;2;-18,91046419;-48,17036078;"SPRF-MG";"DEL15-MG";"UOP01-DEL15-MG"
544753;2023-08-26;"sábado";"17:10:00";"PB";230;14;"CABEDELO";"Transtornos Mentais (exceto suicidio)";"Queda de ocupante de veículo";"Com Vítimas Feridas";"Anoitecer";"Decrescente";"Céu Claro";"Múltipla";"Reta";"Sim";3;0;1;0;2;0;1;1;-7,0844;-34,8488;"SPRF-PB";"DEL01-PB";"UOP01-DEL01-PB"
544754;2023-08-26;"sábado";"18:00:00";"BA";407;4;"JUAZEIRO";"Transitar na contramão";"Colisão frontal";"Sem Vítimas";"Anoitecer";"Decrescente";"Céu Claro";"Simples";"Reta";"Sim";2;0;0;0;2;0;0;2;-9,43957495;-40,49433089;"SPRF-PE";"DEL06-PE";"UOP01-DEL06-PE"
544756;2023-08-26;"sábado";"18:20:00";"MT";70;514;"VARZEA GRANDE";"Acesso irregular";"Colisão transversal";"Com Vítimas Feridas";"Plena Noite";"Crescente";"Céu Claro";"Simples";"Reta";"Sim";3;0;1;0;2;0;1;2;-15,67659326;-56,17584229;"SPRF-MT";"DEL01-MT";"UOP02-DEL01-MT"
544757;2023-08-26;"sábado";"19:50:00";"SC";101;379;"ICARA";"Ausência de reação do condutor";"Colisão com objeto";"Com Vítimas Feridas";"Plena Noite";"Decrescente";"Nublado";"Múltipla";"Curva;Declive;Interseção de Vias";"Não";1;0;1;0;0;0;1;1;-28,75741692;-49,28070903;"SPRF-SC";"DEL02-SC";"UOP02-DEL02-SC"
544758;2023-08-26;"sábado";"18:49:00";"TO";153;243,9;"COLINAS DO TOCANTINS";"Ingestão de álcool pelo condutor";"Colisão traseira";"Com Vítimas Fatais";"Plena Noite";"Decrescente";"Céu Claro";"Simples";"Reta";"Não";3;1;0;1;1;0;1;2;-8,02092701;-48,46548085;"SPRF-TO";"DEL02-TO";"UOP01-DEL02-TO"
544759;2023-08-26;"sábado";"20:00:00";"ES";101;262;"SERRA";"Ausência de reação do condutor";"Engavetamento";"Sem Vítimas";"Plena Noite";"Decrescente";"Vento";"Dupla";"Reta";"Sim";3;0;0;0;3;0;0;3;-20,1572331;-40,27678329;"SPRF-ES";"DEL02-ES";"UOP01-DEL02-ES"
544760;2023-08-26;"sábado";"19:20:00";"PR";277;475,1;"NOVA LARANJEIRAS";"Pedestre andava na pista";"Atropelamento de Pedestre";"Com Vítimas Feridas";"Plena Noite";"Crescente";"Céu Claro";"Simples";"Reta";"Não";2;0;1;0;0;1;1;2;-25,29881682;-52,56183693;"SPRF-PR";"DEL04-PR";"UOP02-DEL04-PR"
544762;2023-08-26;"sábado";"20:15:00";"SP";116;112;"TAUBATE";"Suicídio (presumido)";"Atropelamento de Pedestre";"Com Vítimas Feridas";"Plena Noite";"Crescente";"Garoa/Chuvisco";"Dupla";"Reta";"Sim";2;0;1;0;1;0;1;2;-23,04159343;-45,57065616;"SPRF-SP";"DEL02-SP";"UOP02-DEL02-SP"
544765;2023-08-26;"sábado";"20:05:00";"PE";101;60,7;"RECIFE";"Reação tardia ou ineficiente do condutor";"Colisão traseira";"Sem Vítimas";"Plena Noite";"Crescente";"Céu Claro";"Dupla";"Declive";"Não";3;0;0;0;3;0;0;2;-7,98344307;-34,93176727;"SPRF-PE";"DEL01-PE";"UOP02-DEL01-PE"