"id";"data_inversa";"dia_semana";"horario";"uf";"br";"km";"municipio";"causa_acidente";"tipo_acidente";"classificacao_acidente";"fase_dia";"sentido_via";"condicao_metereologica";"tipo_pista";"tracado_via";"uso_solo";"pessoas";"mortos";"feridos_leves";"feridos_graves";"ilesos";"ignorados";"feridos";"veiculos";"latitude";"longitude";"regional";"delegacia";"uop"
544871;2023-08-27;"domingo";"10:23:00";"PR";369;185,8;"ARAPONGAS";"Ingestão de álcool pelo condutor";"Saída de leito carroçável";"Sem Vítimas";"Pleno dia";"Crescente";"Nublado";"Simples";"Reta";"Sim";1;0;0;0;1;0;0;1;-23,41438003;-51,42699659;"SPRF-PR";"DEL07-PR";"UOP03-DEL07-PR"
544872;2023-08-27;"domingo";"08:30:00";"CE";116;312;"JAGUARIBE";"Condutor Dormindo";"Saída de leito carroçável";"Com Vítimas Feridas";"Pleno dia";"Crescente";"Céu Claro";"Simples";"Declive";"Não";1;0;1;0;0;0;1;1;-5,9206379;-38,62730824;"SPRF-CE";"DEL05-CE";"UOP02-DEL05-CE"
544873;2023-08-27;"domingo";"11:00:00";"RJ";101;305;"SAO GONCALO";"Pedestre cruzava a pista fora da faixa";"Atropelamento de Pedestre";"Com Vítimas Feridas";"Pleno dia";"Crescente";"Garoa/Chuvisco";"Dupla";"Reta";"Sim";2;0;0;1;1;0;1;2;-22,78702832;-42,99589293;"SPRF-RJ";"DEL02-RJ";"UOP02-DEL02-RJ"
544874;2023-08-27;"domingo";"10:51:00";"RO";429;92;"ALVORADA DOESTE";"Reação tardia ou ineficiente do condutor";"Atropelamento de Animal";"Com Vítimas Feridas";"Pleno dia";"Decrescente";"Sol";"Dupla";"Reta";"Sim";2;0;1;0;1;0;1;2;-11,346812;-62,28655;"SPRF-RO";"DEL02-RO";"UOP03-DEL02-RO"
544875;2023-08-06;"domingo";"00:33:00";"MG";381;327;"NOVA ERA";"Desrespeitar a preferência no cruzamento";"Tombamento";"Com Vítimas Feridas";"Plena Noite";"Decrescente";"Céu Claro";"Simples";"Interseção de Vias;Reta";"Não";1;0;0;1;0;0;1;1;-19,76723696;-43,04699067;"SPRF-MG";"DEL03-MG";"UOP02-DEL03-MG"
544877;2023-08-27;"domingo";"10:10:00";"PR";277;328,5;"GUARAPUAVA";"Acumulo de areia ou detritos sobre o pavimento";"Queda de ocupante de veículo";"Com Vítimas Feridas";"Pleno dia";"Decrescente";"Céu Claro";"Simples";"Curva";"Não";3;0;2;0;0;1;2;2;-25,3774540991;-51,2894249938;"SPRF-PR";"DEL08-PR";"UOP01-DEL08-PR"
544879;2023-08-27;"domingo";"11:25:00";"RS";116;256;"ESTEIO";"Ausência de reação do condutor";"Colisão com objeto";"Com Vítimas Feridas";"Pleno dia";"Crescente";"Sol";"Dupla";"Reta";"Sim";1;0;1;0;0;0;1;1;-29,84393699;-51,17728603;"SPRF-RS";"DEL01-RS";"UOP02-DEL01-RS"
544880;2023-08-27;"domingo";"11:40:00";"MG";262;117;"RIO CASCA";"Pista Escorregadia";"Saída de leito carroçável";"Com Vítimas Feridas";"Pleno dia";"Crescente";"Chuva";"Simples";"Curva;Declive";"Não";1;0;0;1;0;0;1;1;-20,231395;-42,633773;"SPRF-MG";"DEL03-MG";"UOP03-DEL03-MG"
544881;2023-08-27;"domingo";"12:15:00";"SC";101;145;"ITAPEMA";"Objeto estático sobre o leito carroçável";"Queda de ocupante de veículo";"Com Vítimas Feridas";"Pleno dia";"Decrescente";"Céu Claro";"Dupla";"Reta";"Não";1;0;0;1;0;0;1;1;-27,08139206;-48,60130993;"SPRF-SC";"DEL04-SC";"UOP03-DEL04-SC"
544882;2023-08-27;"domingo";"12:30:00";"GO";60;114;"TEREZOPOLIS DE GOIAS";"Velocidade Incompatível";"Saída de leito carroçável";"Com Vítimas Feridas";"Pleno dia";"Crescente";"Céu Claro";"Dupla";"Reta;Declive";"Não";1;0;1;0;0;0;1;1;-16,4633;-49,0636;"SPRF-GO";"DEL01-GO";"UOP01-DEL01-GO"
544883;2023-08-27;"domingo";"12:30:00";"BA";242;674;"WANDERLEY";"Pista Escorregadia";"Tombamento";"Com Vítimas Feridas";"Pleno dia";"Crescente";"Chuva";"Simples";"Reta";"Não";2;0;1;0;1;0;1;1;-12,22718148;-43,96648408;"SPRF-BA";"DEL10-BA";"UOP02-DEL10-BA"
544884;2023-08-27;"domingo";"10:45:00";"SC";101;101,6;"BALNEARIO PICARRAS";"Manobra de mudança de faixa";"Colisão com objeto";"Com Vítimas Feridas";"Pleno dia";"Crescente";"Nublado";"Dupla";"Reta";"Sim";1;0;1;0;0;0;1;1;-26,76404198;-48,68657667;"SPRF-SC";"DEL03-SC";"UOP02-DEL03-SC"
544885;2023-08-27;"domingo";"13:15:00";"MG";381;745,7;"TRES CORACOES";"Chuva";"Saída de leito carroçável";"Com Vítimas Feridas";"Pleno dia";"Decrescente";"Chuva";"Dupla";"Curva";"Não";4;0;0;3;1;0;3;1;-21,637253;-45,28388;"SPRF-MG";"DEL16-MG";"UOP02-DEL16-MG"
544886;2023-08-27;"domingo";"10:00:00";"MG";116;702,4;"MURIAE";"Ausência de reação do condutor";"Atropelamento de Pedestre";"Com Vítimas Feridas";"Pleno dia";"Crescente";"Nublado";"Simples";"Reta";"Sim";2;0;0;1;1;0;1;2;-21,11938311;-42,38006362;"SPRF-MG";"DEL07-MG";"UOP02-DEL07-MG"
544887;2023-08-27;"domingo";"13:00:00";"SP";116;155;"SAO JOSE DOS CAMPOS";"Manobra de mudança de faixa";"Capotamento";"Com Vítimas Feridas";"Pleno dia";"Decrescente";"Nublado";"Múltipla";"Reta";"Não";1;0;1;0;0;0;1;1;-23,24524337;-45,92772774;"SPRF-SP";"DEL02-SP";"UOP01-DEL02-SP"
544888;2023-08-27;"domingo";"13:15:00";"SC";101;219,5;"PALHOCA";"Manobra de mudança de faixa";"Colisão lateral mesmo sentido";"Sem Vítimas";"Pleno dia";"Decrescente";"Céu Claro";"Dupla";"Reta";"Não";2;0;0;0;2;0;0;2;-27,68392194;-48,66710085;"SPRF-SC";"DEL01-SC";"UOP02-DEL01-SC"
544889;2023-08-27;"domingo";"08:00:00";"MG";116;305,1;"ITAMBACURI";"Transitar na contramão";"Colisão frontal";"Com Vítimas Fatais";"Pleno dia";"Decrescente";"Garoa/Chuvisco";"Simples";"Curva";"Não";3;1;1;1;0;0;2;2;-18,03188584;-41,65290534;"SPRF-MG";"DEL11-MG";"UOP01-DEL11-MG"
544890;2023-08-27;"domingo";"14:14:00";"RN";101;107,4;"PARNAMIRIM";"Pedestre cruzava a pista fora da faixa";"Atropelamento de Pedestre";"Com Vítimas Feridas";"Pleno dia";"Crescente";"Sol";"Dupla";"Reta";"Sim";3;0;3;0;0;0;3;2;-5,91920796;-35,26412409;"SPRF-RN";"DEL01-RN";"UOP01-DEL01-RN"
544892;2023-08-27;"domingo";"14:05:00";"MG";459;95,3;"POUSO ALEGRE";"Conversão proibida";"Colisão transversal";"Com Vítimas Fatais";"Pleno dia";"Crescente";"Garoa/Chuvisco";"Simples";"Declive;Interseção de Vias;Reta";"Não";2;1;0;0;1;0;0;2;-22,189781;-45,983028;"SPRF-MG";"DEL09-MG";"UOP01-DEL09-MG"
544893;2023-08-27;"domingo";"13:50:00";"MG";381;929,8;"ITAPEVA";"Chuva";"Colisão com objeto";"Com Vítimas Feridas";"Pleno dia";"Crescente";"Chuva";"Dupla";"Curva";"Não";2;0;2;0;0;0;2;1;-22,77486163;-46,23884583;"SPRF-MG";"DEL16-MG";"UOP03-DEL16-MG"
544895;2023-08-27;"domingo";"14:30:00";"MG";381;616,5;"OLIVEIRA";"Chuva";"Queda de ocupante de veículo";"Com Vítimas Feridas";"Pleno dia";"Decrescente";"Chuva";"Dupla";"Reta";"Não";1;0;1;0;0;0;1;1;-20,72201623;-44,76789951;"SPRF-MG";"DEL04-MG";"UOP01-DEL04-MG"
544896;2023-08-27;"domingo";"14:35:00";"MG";381;592,3;"CARMOPOLIS DE MINAS";"Velocidade Incompatível";"Saída de leito carroçável";"Com Vítimas Feridas";"Pleno dia";"Decrescente";"Garoa/Chuvisco";"Dupla";"Curva";"Não";1;0;1;0;0;0;1;1;-20,56119756;-44,66388702;"SPRF-MG";"DEL04-MG";"UOP01-DEL04-MG"
544897;2023-08-27;"domingo";"11:54:00";"PR";277;584;"CASCAVEL";"Avarias e/ou desgaste excessivo no pneu";"Saída de leito carroçável";"Com Vítimas Feridas";"Pleno dia";"Decrescente";"Céu Claro";"Múltipla";"Aclive;Reta;Viaduto";"Sim";1;0;1;0;0;0;1;1;-24,96684176;-53,40258186;"SPRF-PR";"DEL04-PR";"UOP01-DEL04-PR"
544898;2023-08-27;"domingo";"14:40:00";"MG";381;430;"CAETE";"Chuva";"Saída de leito carroçável";"Com Vítimas Feridas";"Pleno dia";"Decrescente";"Chuva";"Simples";"Curva;Declive";"Não";1;0;1;0;0;0;1;1;-19,787671;-43,691103;"SPRF-MG";"DEL01-MG";"UOP01-DEL01-MG"
544899;2023-08-27;"domingo";"14:45:00";"MG";153;30;"CANAPOLIS";"Ausência de reação do condutor";"Tombamento";"Com Vítimas Feridas";"Pleno dia";"Decrescente";"Sol";"Dupla";"Reta";"Não";2;0;2;0;0;0;2;1;-18,67926678;-49,15604759;"SPRF-MG";"DEL15-MG";"UOP03-DEL15-MG"
544900;2023-08-27;"domingo";"14:15:00";"RS";386;371,3;"FAZENDA VILANOVA";"Reação tardia ou ineficiente do condutor";"Colisão com objeto";"Com Vítimas Feridas";"Pleno dia";"Crescente";"Céu Claro";"Dupla";"Curva";"Não";1;0;1;0;0;0;1;1;-29,596546;-51,814407;"SPRF-RS";"DEL04-RS";"UOP01-DEL04-RS"
544902;2023-08-27;"domingo";"14:10:00";"MG";365;575,7;"INDIANOPOLIS";"Acessar a via sem observar a presença dos outros veículos";"Colisão transversal";"Com Vítimas Feridas";"Pleno dia";"Decrescente";"Céu Claro";"Simples";"Reta";"Não";6;0;6;0;0;0;6;2;-18,90629009;-47,90126681;"SPRF-MG";"DEL15-MG";"UOP02-DEL15-MG"
544903;2023-08-27;"domingo";"15:00:00";"BA";324;516,7;"FEIRA DE SANTANA";"Conversão proibida";"Colisão lateral mesmo sentido";"Com Vítimas Feridas";"Pleno dia";"Crescente";"Céu Claro";"Dupla";"Curva";"Sim";3;0;1;0;2;0;1;2;-12,2417119;-38,93768485;"SPRF-BA";"DEL02-BA";"UOP01-DEL02-BA"
544904;2023-08-27;"domingo";"15:15:00";"MG";267;63,3;"BICAS";"Avarias e/ou desgaste excessivo no pneu";"Saída de leito carroçável";"Com Vítimas Feridas";"Pleno dia";"Crescente";"Chuva";"Simples";"Curva";"Não";4;0;3;1;0;0;4;1;-21,73014728;-43,07352612;"SPRF-MG";"DEL05-MG";"UOP01-DEL05-MG"
544905;2023-08-27;"domingo";"14:50:00";"ES";101;362;"ANCHIETA";"Acumulo de água sobre o pavimento";"Capotamento";"Com Vítimas Feridas";"Pleno dia";"Decrescente";"Chuva";"Simples";"Reta";"Não";4;0;0;1;0;3;1;2;-20,71645213;-40,7300389;"SPRF-ES";"DEL03-ES";"UOP01-DEL03-ES"
544906;2023-08-05;"sábado";"11:59:00";"PE";424;18;"PEDRA";"Velocidade Incompatível";"Queda de ocupante de veículo";"Com Vítimas Feridas";"Pleno dia";"Decrescente";"Céu Claro";"Simples";"Curva";"Sim";1;0;0;1;0;0;1;1;-8,49676628;-36,93934222;"SPRF-PE";"DEL04-PE";"UOP02-DEL04-PE"
544907;2023-08-27;"domingo";"15:05:00";"SP";116;191;"SANTA ISABEL";"Velocidade Incompatível";"Saída de leito carroçável";"Com Vítimas Feridas";"Pleno dia";"Decrescente";"Garoa/Chuvisco";"Dupla";"Curva;Aclive";"Não";6;0;3;0;3;0;3;3;-23,37555;-46,248183;"SPRF-SP";"DEL01-SP";"UOP01-DEL01-SP"
544908;2023-08-27;"domingo";"15:11:00";"PE";232;71,1;"GRAVATA";"Acessar a via sem observar a presença dos outros veículos";"Colisão transversal";"Com Vítimas Feridas";"Pleno dia";"Decrescente";"Céu Claro";"Dupla";"Reta";"Não";2;0;1;0;1;0;1;2;-8,1853565;-35,49626827;"SPRF-PE";"DEL02-PE";"UOP02-DEL02PE"
544909;2023-08-27;"domingo";"14:50:00";"MG";381;628,5;"OLIVEIRA";"Velocidade Incompatível";"Saída de leito carroçável";"Com Vítimas Feridas";"Pleno dia";"Decrescente";"Chuva";"Dupla";"Aclive;Curva";"Não";1;0;1;0;0;0;1;1;-20,822907;-44,80101979;"SPRF-MG";"DEL04-MG";"UOP01-DEL04-MG"
544910;2023-08-27;"domingo";"13:40:00";"AL";104;35;"UNIAO DOS PALMARES";"Transitar na contramão";"Colisão frontal";"Com Vítimas Feridas";"Pleno dia";"Crescente";"Céu Claro";"Simples";"Reta";"Sim";3;0;2;0;1;0;2;2;-9,1616676;-36,01701171;"SPRF-AL";"DEL01-AL";"UOP02-DEL01-AL"
544911;2023-08-27;"domingo";"14:35:00";"MG";381;523;"BRUMADINHO";"Chuva";"Saída de leito carroçável";"Com Vítimas Feridas";"Pleno dia";"Decrescente";"Chuva";"Dupla";"Reta";"Não";2;0;1;0;1;0;1;1;-20,13291064;-44,30698872;"SPRF-MG";"DEL04-MG";"UOP03-DEL04-MG"
544914;2023-08-27;"domingo";"15:40:00";"GO";60;379,5;"RIO VERDE";"Ingestão de álcool ou de substâncias psicoativas pelo pedestre";"Saída de leito carroçável";"Sem Vítimas";"Pleno dia";"Crescente";"Nublado";"Dupla";"Curva";"Não";1;0;0;0;0;1;0;1;-17,7564;-50,8793;"SPRF-GO";"DEL04-GO";"UOP02-DEL04-GO"
544915;2023-08-27;"domingo";"13:30:00";"MG";354;712;"CAXAMBU";"Velocidade Incompatível";"Saída de leito carroçável";"Com Vítimas Feridas";"Pleno dia";"Decrescente";"Chuva";"Simples";"Curva";"Não";2;0;2;0;0;0;2;1;-22,04608674;-44,92642164;"SPRF-MG";"DEL17-MG";"UOP01-DEL17-MG"
544916;2023-08-27;"domingo";"14:20:00";"RJ";101;229;"SILVA JARDIM";"Chuva";"Saída de leito carroçável";"Com Vítimas Feridas";"Pleno dia";"Decrescente";"Chuva";"Dupla";"Curva";"Não";3;0;2;0;1;0;2;1;-22,5653276;-42,36847904;"SPRF-RJ";"DEL02-RJ";"UOP03-DEL02-RJ"
544917;2023-08-27;"domingo";"14:45:00";"RJ";116;49,1;"TERESOPOLIS";"Acumulo de óleo sobre o pavimento";"Colisão com objeto";"Com Vítimas Feridas";"Pleno dia";"Crescente";"Chuva";"Simples";"Curva";"Não";3;0;2;0;1;0;2;1;-22,17771398;-42,84707003;"SPRF-RJ";"DEL04-RJ";"UOP01-DEL04-RJ"
544918;2023-08-27;"domingo";"15:40:00";"PE";104;75;"CARUARU";"Avarias e/ou desgaste excessivo no pneu";"Saída de leito carroçável";"Sem Vítimas";"Pleno dia";"Decrescente";"Céu Claro";"Simples";"Curva";"Não";1;0;0;0;0;1;0;1;-8,364408;-35,986152;"SPRF-PE";"DEL02-PE";"UOP01-DEL02-PE"
544919;2023-08-27;"domingo";"16:20:00";"RS";116;521;"PELOTAS";"Participar de racha";"Queda de ocupante de veículo";"Com Vítimas Fatais";"Pleno dia";"Crescente";"Céu Claro";"Dupla";"Interseção de Vias;Reta";"Não";1;1;0;0;0;0;0;1;-31,70752405;-52,36800695;"SPRF-RS";"DEL07-RS";"UOP01-DEL07-RS"
544920;2023-08-27;"domingo";"10:25:00";"GO";153;182,2;"CAMPINORTE";"Reação tardia ou ineficiente do condutor";"Colisão traseira";"Sem Vítimas";"Pleno dia";"Decrescente";"Céu Claro";"Múltipla";"Reta";"Não";5;0;0;0;5;0;0;2;-14,360892;-49,158459;"SPRF-GO";"DEL07-GO";"UOP02-DEL07-GO"
544921;2023-08-27;"domingo";"15:50:00";"PE";101;123;"ESCADA";"Demais falhas mecânicas ou elétricas";"Tombamento";"Com Vítimas Feridas";"Pleno dia";"Crescente";"Céu Claro";"Dupla";"Reta";"Não";2;0;2;0;0;0;2;1;-8,35963442;-35,20419694;"SPRF-PE";"DEL01-PE";"UOP03-DEL01-PE"
544923;2023-08-27;"domingo";"16:50:00";"MG";381;941;"EXTREMA";"Chuva";"Saída de leito carroçável";"Com Vítimas Feridas";"Pleno dia";"Decrescente";"Chuva";"Dupla";"Curva";"Não";2;0;2;0;0;0;2;1;-22,86021873;-46,34260711;"SPRF-MG";"DEL16-MG";"UOP03-DEL16-MG"
544924;2023-08-27;"domingo";"15:23:00";"PR";373;450;"CHOPINZINHO";"Reação tardia ou ineficiente do condutor";"Saída de leito carroçável";"Com Vítimas Feridas";"Pleno dia";"Decrescente";"Céu Claro";"Simples";"Curva";"Não";3;0;3;0;0;0;3;1;-25,87296687;-52,34819817;"SPRF-PR";"DEL02-PR";"UOP01-DEL02-PR"
544925;2023-08-27;"domingo";"16:15:00";"SC";101;147;"ITAPEMA";"Condutor deixou de manter distância do veículo da frente";"Engavetamento";"Com Vítimas Feridas";"Pleno dia";"Decrescente";"Céu Claro";"Múltipla";"Reta";"Sim";9;0;1;0;8;0;1;4;-27,08854957;-48,61237764;"SPRF-SC";"DEL04-SC";"UOP03-DEL04-SC"
544926;2023-08-27;"domingo";"16:45:00";"CE";20;403,9;"CAUCAIA";"Desrespeitar a preferência no cruzamento";"Colisão transversal";"Sem Vítimas";"Pleno dia";"Decrescente";"Céu Claro";"Simples";"Reta;Retorno Regulamentado";"Não";3;0;0;0;3;0;0;3;-3,77821762;-38,68607924;"SPRF-CE";"DEL01-CE";"UOP01-DEL01-CE"
544927;2023-08-27;"domingo";"16:53:00";"PR";369;239,2;"JANDAIA DO SUL";"Acessar a via sem observar a presença dos outros veículos";"Colisão transversal";"Com Vítimas Feridas";"Pleno dia";"Decrescente";"Céu Claro";"Simples";"Interseção de Vias;Declive";"Não";3;0;3;0;0;0;3;2;-23,661737;-51,691866;"SPRF-PR";"DEL09-PR";"UOP01-DEL09-PR"
544928;2023-08-27;"domingo";"16:10:00";"MG";153;245,1;"FRONTEIRA";"Acessar a via sem observar a presença dos outros veículos";"Colisão transversal";"Com Vítimas Feridas";"Pleno dia";"Crescente";"Céu Claro";"Simples";"Reta";"Não";3;0;1;1;1;0;2;2;-20,29847332;-49,20614844;"SPRF-MG";"DEL13-MG";"UOP02-DEL13-MG"
544929;2023-08-27;"domingo";"15:30:00";"PR";163;149,6;"SANTA LUCIA";"Retorno proibido";"Colisão transversal";"Com Vítimas Fatais";"Pleno dia";"Decrescente";"Sol";"Dupla";"Curva;Aclive";"Não";5;2;0;0;1;2;0;3;-25,42681521;-53,57635452;"SPRF-PR";"DEL05-PR";"UOP05-DEL05-PR"
544930;2023-08-27;"domingo";"16:50:00";"MG";40;741,1;"SANTOS DUMONT";"Chuva";"Colisão com objeto";"Com Vítimas Feridas";"Pleno dia";"Decrescente";"Chuva";"Simples";"Curva;Declive";"Sim";1;0;1;0;0;0;1;1;-21,40505399;-43,56732403;"SPRF-MG";"DEL05-MG";"UOP01-DEL05-MG"
544931;2023-08-27;"domingo";"16:20:00";"PB";101;93,2;"CONDE";"Acessar a via sem observar a presença dos outros veículos";"Colisão transversal";"Com Vítimas Feridas";"Pleno dia";"Decrescente";"Céu Claro";"Dupla";"Reta";"Sim";4;0;2;0;2;0;2;2;-7,205825;-34,90879;"SPRF-PB";"DEL01-PB";"UOP02-DEL01-PB"
544934;2023-08-27;"domingo";"16:30:00";"RJ";40;17;"TRES RIOS";"Acumulo de água sobre o pavimento";"Saída de leito carroçável";"Com Vítimas Feridas";"Anoitecer";"Crescente";"Chuva";"Dupla";"Curva";"Não";3;0;3;0;0;0;3;1;-22,08639692;-43,17655185;"SPRF-RJ";"DEL05-RJ";"UOP02-DEL05-RJ"
544936;2023-03-21;"terça-feira";"06:26:00";"MA";135;7;"SAO LUIS";"Acessar a via sem observar a presença dos outros veículos";"Colisão transversal";"Com Vítimas Feridas";"Amanhecer";"Decrescente";"Céu Claro";"Dupla";"Retorno Regulamentado;Reta";"Sim";5;0;2;0;3;0;2;3;-2,63608835;-44,26848552;"SPRF-MA";"DEL01-MA";"UOP01-DEL01-MA"
544937;2023-08-27;"domingo";"14:08:00";"MG";381;708,9;"NEPOMUCENO";"Chuva";"Saída de leito carroçável";"Com Vítimas Feridas";"Pleno dia";"Crescente";"Chuva";"Dupla";"Curva";"Não";4;0;4;0;0;0;4;1;-21,37772086;-45,19419525;"SPRF-MG";"DEL04-MG";"UOP02-DEL04-MG"
544938;2023-08-27;"domingo";"04:00:00";"PR";280;284,5;"FLOR DA SERRA DO SUL";"Ingestão de álcool pelo condutor";"Saída de leito carroçável";"Sem Vítimas";"Plena Noite";"Crescente";"Céu Claro";"Simples";"Curva";"Não";1;0;0;0;0;1;0;1;-26,23847999;-53,260151;"SPRF-PR";"DEL02-PR";"UOP01-DEL02-PR"
544940;2023-08-27;"domingo";"15:30:00";"MG";251;456;"GRAO MOGOL";"Pista Escorregadia";"Saída de leito carroçável";"Sem Vítimas";"Pleno dia";"Crescente";"Nublado";"Simples";"Curva";"Não";1;0;0;0;1;0;0;1;-16,42186488;-43,35166492;"SPRF-MG";"DEL12-MG";"UOP01-DEL12-MG"
544941;2023-08-27;"domingo";"17:40:00";"PI";343;141;"PIRACURUCA";"Acessar a via sem observar a presença dos outros veículos";"Colisão transversal";"Com Vítimas Feridas";"Pleno dia";"Crescente";"Céu Claro";"Dupla";"Reta";"Não";2;0;2;0;0;0;2;2;-3,929562;-41,713806;"SPRF-PI";"DEL02-PI";"UOP01-DEL02-PI"
544942;2023-08-27;"domingo";"16:45:00";"MG";40;735;"SANTOS DUMONT";"Chuva";"Saída de leito carroçável";"Com Vítimas Feridas";"Plena Noite";"Crescente";"Chuva";"Simples";"Curva";"Não";3;0;2;0;1;0;2;1;-21,37012696;-43,57558994;"SPRF-MG";"DEL05-MG";"UOP01-DEL05-MG"
544943;2023-08-27;"domingo";"16:30:00";"MG";365;30,7;"MONTES CLAROS";"Reação tardia ou ineficiente do condutor";"Colisão frontal";"Com Vítimas Feridas";"Pleno dia";"Decrescente";"Chuva";"Simples";"Curva";"Não";2;0;1;0;1;0;1;2;-16,84484393;-44,10249905;"SPRF-MG";"DEL12-MG";"UOP01-DEL12-MG"
544944;2023-08-26;"sábado";"23:30:00";"MT";174;151,5;"GLORIA DOESTE";"Ausência de reação do condutor";"Saída de leito carroçável";"Com Vítimas Fatais";"Plena Noite";"Decrescente";"Céu Claro";"Simples";"Interseção de Vias";"Não";1;1;0;0;0;0;0;1;-15,81404499;-58,31495;"SPRF-MT";"DEL03-MT";"UOP01-DEL03-MT"
544946;2023-08-27;"domingo";"17:40:00";"SC";116;285;"CAPAO ALTO";"Ausência de reação do condutor";"Colisão com objeto";"Com Vítimas Feridas";"Pleno dia";"Decrescente";"Céu Claro";"Simples";"Rotatória";"Não";2;0;2;0;0;0;2;1;-28,07678926;-50,58122635;"SPRF-SC";"DEL05-SC";"UOP02-DEL05-SC"
544947;2023-08-27;"domingo";"17:40:00";"SC";116;285;"CAPAO ALTO";"Ausência de reação do condutor";"Colisão com objeto";"Com Vítimas Feridas";"Anoitecer";"Decrescente";"Céu Claro";"Simples";"Interseção de Vias;Rotatória";"Não";1;0;1;0;0;0;1;1;-28,07933778;-50,5840442;"SPRF-SC";"DEL05-SC";"UOP02-DEL05-SC"
544948;2023-08-27;"domingo";"18:05:00";"RN";110;49,7;"MOSSORO";"Reação tardia ou ineficiente do condutor";"Colisão traseira";"Com Vítimas Feridas";"Plena Noite";"Crescente";"Céu Claro";"Dupla";"Reta";"Sim";2;0;0;1;1;0;1;2;-5,21645975;-37,32927128;"SPRF-RN";"DEL04-RN";"UOP01-DEL04-RN"
544950;2023-08-27;"domingo";"14:20:00";"RJ";393;172,4;"TRES RIOS";"Acumulo de água sobre o pavimento";"Saída de leito carroçável";"Sem Vítimas";"Pleno dia";"Crescente";"Chuva";"Simples";"Curva;Declive";"Não";2;0;0;0;2;0;0;1;-22,12295568;-43,20656776;"SPRF-RJ";"DEL05-RJ";"UOP02-DEL05-RJ"
544953;2023-08-27;"domingo";"18:45:00";"SP";116;219;"GUARULHOS";"Reação tardia ou ineficiente do condutor";"Colisão lateral mesmo sentido";"Com Vítimas Feridas";"Plena Noite";"Decrescente";"Chuva";"Múltipla";"Reta";"Sim";4;0;1;0;3;0;1;2;-23,46143954;-46,48885316;"SPRF-SP";"DEL01-SP";"UOP01-DEL01-SP"
544954;2023-08-27;"domingo";"16:30:00";"MG";153;245;"FRONTEIRA";"Ingestão de álcool pelo condutor";"Colisão traseira";"Sem Vítimas";"Pleno dia";"Crescente";"Céu Claro";"Simples";"Reta";"Sim";2;0;0;0;1;1;0;1;-20,29847332;-49,20614844;"SPRF-MG";"DEL13-MG";"UOP02-DEL13-MG"
544955;2023-08-27;"domingo";"18:30:00";"DF";70;7;"BRASILIA";"Ingestão de álcool pelo condutor";"Colisão lateral mesmo sentido";"Sem Vítimas";"Plena Noite";"Decrescente";"Garoa/Chuvisco";"Múltipla";"Reta";"Não";2;0;0;0;2;0;0;2;-15,787601;-48,114429;"SPRF-DF";"DEL03-DF";"UOP02-DEL03-DF"
544956;2023-08-27;"domingo";"14:13:00";"MG";381;791,7;"SAO GONCALO DO SAPUCAI";"Chuva";"Saída de leito carroçável";"Com Vítimas Feridas";"Pleno dia";"Decrescente";"Chuva";"Dupla";"Curva";"Não";3;0;3;0;0;0;3;1;-21,91694596;-45,58909701;"SPRF-MG";"DEL16-MG";"UOP02-DEL16-MG"
544957;2023-08-27;"domingo";"13:00:00";"SP";381;50;"ATIBAIA";"Chuva";"Colisão com objeto";"Com Vítimas Feridas";"Pleno dia";"Decrescente";"Garoa/Chuvisco";"Dupla";"Reta";"Sim";2;0;2;0;0;0;2;1;-23,21359807;-46,59367981;"SPRF-SP";"DEL03-SP";"UOP01-DEL03-SP"
544958;2023-08-27;"domingo";"18:50:00";"PR";277;2;"PARANAGUA";"Ingestão de álcool pelo condutor";"Colisão frontal";"Com Vítimas Feridas";"Plena Noite";"Crescente";"Nublado";"Simples";"Curva";"Sim";3;0;2;0;1;0;2;2;-25,539603;-48,558335;"SPRF-PR";"DEL01-PR";"UOP05-DEL01-PR"
544959;2023-08-27;"domingo";"14:00:00";"MG";381;251,9;"IPATINGA";"Ingestão de álcool pelo condutor";"Colisão transversal";"Com Vítimas Feridas";"Pleno dia";"Crescente";"Chuva";"Simples";"Reta";"Sim";6;0;1;0;3;2;1;3;-19,48994405;-42,56156695;"SPRF-MG";"DEL03-MG";"UOP01-DEL03-MG"
544960;2023-08-27;"domingo";"19:00:00";"SP";116;159;"JACAREI";"Reação tardia ou ineficiente do condutor";"Colisão traseira";"Com Vítimas Feridas";"Plena Noite";"Decrescente";"Chuva";"Dupla";"Reta";"Sim";6;0;3;0;3;0;3;4;-23,26585409;-45,95983994;"SPRF-SP";"DEL02-SP";"UOP01-DEL02-SP"
544962;2023-08-27;"domingo";"19:00:00";"SP";116;130;"CACAPAVA";"Ingestão de álcool ou de substâncias psicoativas pelo pedestre";"Saída de leito carroçável";"Sem Vítimas";"Plena Noite";"Decrescente";"Chuva";"Simples";"Interseção de Vias";"Sim";1;0;0;0;1;0;0;1;-23,12313858;-45,72792271;"SPRF-SP";"DEL02-SP";"UOP02-DEL02-SP"
544964;2023-08-27;"domingo";"18:40:00";"MG";40;510;"RIBEIRAO DAS NEVES";"Condutor deixou de manter distância do veículo da frente";"Colisão traseira";"Com Vítimas Feridas";"Plena Noite";"Crescente";"Céu Claro";"Dupla";"Reta;Aclive";"Não";3;0;2;0;1;0;2;2;-19,77463885;-44,12321882;"SPRF-MG";"DEL01-MG";"UOP02-DEL01-MG"