"id";"data_inversa";"dia_semana";"horario";"uf";"br";"km";"municipio";"causa_acidente";"tipo_acidente";"classificacao_acidente";"fase_dia";"sentido_via";"condicao_metereologica";"tipo_pista";"tracado_via";"uso_solo";"pessoas";"mortos";"feridos_leves";"feridos_graves";"ilesos";"ignorados";"feridos";"veiculos";"latitude";"longitude";"regional";"delegacia";"uop"
544965;2023-08-27;"domingo";"20:00:00";"RS";386;400;"TRIUNFO";"Pedestre andava na pista";"Atropelamento de Pedestre";"Com Vítimas Fatais";"Plena Noite";"Crescente";"Céu Claro";"Simples";"Curva;Aclive";"Não";2;1;0;0;1;0;0;2;-29,751001;-51,599842;"SPRF-RS";"DEL04-RS";"UOP02-DEL04-RS"
544966;2023-08-27;"domingo";"18:50:00";"PR";153;367;"RIO AZUL";"Acessar a via sem observar a presença dos outros veículos";"Colisão transversal";"Com Vítimas Feridas";"Plena Noite";"Decrescente";"Nublado";"Simples";"Reta";"Sim";2;0;2;0;0;0;2;2;-25,72144604;-50,79474995;"SPRF-PR";"DEL08-PR";"UOP02-DEL08-PR"
544967;2023-08-27;"domingo";"19:08:00";"RO";364;237,2;"CACOAL";"Acesso irregular";"Colisão transversal";"Com Vítimas Feridas";"Plena Noite";"Crescente";"Céu Claro";"Simples";"Interseção de Vias;Reta";"Sim";3;0;0;2;1;0;2;2;-11,441682;-61,449772;"SPRF-RO";"DEL02-RO";"UOP02-DEL02-RO"
544969;2023-08-27;"domingo";"19:20:00";"RJ";101;280;"TANGUA";"Suicídio (presumido)";"Atropelamento de Pedestre";"Com Vítimas Fatais";"Plena Noite";"Decrescente";"Chuva";"Dupla";"Reta";"Não";4;1;0;0;3;0;0;2;-22,73840017;-42,77718501;"SPRF-RJ";"DEL02-RJ";"UOP03-DEL02-RJ"
544970;2023-08-27;"domingo";"18:45:00";"MT";163;989;"TERRA NOVA DO NORTE";"Transitar na contramão";"Colisão frontal";"Com Vítimas Fatais";"Plena Noite";"Decrescente";"Céu Claro";"Simples";"Reta";"Não";3;1;0;0;2;0;0;2;-10,59295;-55,095269;"SPRF-MT";"DEL06-MT";"UOP03-DEL06-MT"
544971;2023-08-27;"domingo";"19:40:00";"RJ";101;299,5;"SAO GONCALO";"Manobra de mudança de faixa";"Colisão lateral mesmo sentido";"Com Vítimas Feridas";"Plena Noite";"Crescente";"Chuva";"Dupla";"Reta";"Sim";3;0;1;0;2;0;1;3;-22,77432673;-42,93823207;"SPRF-RJ";"DEL02-RJ";"UOP02-DEL02-RJ"
544972;2023-08-27;"domingo";"19:25:00";"PR";369;486,8;"CORBELIA";"Ingestão de álcool pelo condutor";"Colisão frontal";"Com Vítimas Feridas";"Plena Noite";"Decrescente";"Céu Claro";"Simples";"Curva";"Não";2;0;0;1;1;0;1;2;-24,6836;-53,2279;"SPRF-PR";"DEL04-PR";"UOP03-DEL04-PR"
544974;2023-08-27;"domingo";"20:10:00";"CE";20;254;"MADALENA";"Acessar a via sem observar a presença dos outros veículos";"Colisão frontal";"Sem Vítimas";"Plena Noite";"Crescente";"Céu Claro";"Simples";"Declive";"Não";2;0;0;0;2;0;0;2;-4,75960532;-39,48209975;"SPRF-CE";"DEL02-CE";"UOP01-DEL02-CE"
544975;2023-08-27;"domingo";"18:50:00";"SE";101;68,4;"MARUIM";"Ingestão de álcool pelo condutor";"Colisão transversal";"Sem Vítimas";"Plena Noite";"Decrescente";"Céu Claro";"Simples";"Declive;Reta;Rotatória";"Não";3;0;0;0;3;0;0;2;-10,72409501;-37,07334069;"SPRF-SE";"DEL01-SE";"UOP01-DEL01-SE"
544977;2023-08-27;"domingo";"19:55:00";"SC";480;130,7;"CHAPECO";"Ingestão de álcool pelo condutor";"Colisão frontal";"Sem Vítimas";"Plena Noite";"Crescente";"Céu Claro";"Dupla";"Reta";"Sim";4;0;0;0;3;1;0;3;-27,05534298;-52,63652069;"SPRF-SC";"DEL07-SC";"UOP01-DEL07-SC"
544979;2023-08-27;"domingo";"15:30:00";"RJ";40;97;"DUQUE DE CAXIAS";"Reação tardia ou ineficiente do condutor";"Saída de leito carroçável";"Com Vítimas Feridas";"Pleno dia";"Decrescente";"Chuva";"Dupla";"Curva";"Não";2;0;1;0;1;0;1;1;-22,57356181;-43,27802893;"SPRF-RJ";"DEL01-RJ";"UOP01-DEL01-RJ"
544980;2023-08-27;"domingo";"20:00:00";"MG";40;825;"SIMAO PEREIRA";"Chuva";"Colisão lateral mesmo sentido";"Com Vítimas Feridas";"Plena Noite";"Crescente";"Chuva";"Dupla";"Curva;Declive";"Não";3;0;1;0;2;0;1;2;-21,9735272;-43,28541842;"SPRF-MG";"DEL05-MG";"UOP01-DEL05-MG"
544982;2023-08-27;"domingo";"19:00:00";"MG";365;66;"JEQUITAI";"Chuva";"Capotamento";"Com Vítimas Feridas";"Plena Noite";"Crescente";"Chuva";"Simples";"Reta";"Não";3;0;1;1;1;0;2;1;-17,04887701;-44,32704498;"SPRF-MG";"DEL12-MG";"UOP01-DEL12-MG"
544984;2023-08-27;"domingo";"17:40:00";"TO";153;466,1;"BARROLANDIA";"Ausência de reação do condutor";"Queda de ocupante de veículo";"Com Vítimas Feridas";"Pleno dia";"Crescente";"Céu Claro";"Dupla";"Curva;Declive";"Não";1;0;0;1;0;0;1;1;-9,968541;-48,743929;"SPRF-TO";"DEL01-TO";"UOP01-DEL01-TO"
544985;2023-08-27;"domingo";"19:30:00";"GO";60;250,2;"INDIARA";"Velocidade Incompatível";"Saída de leito carroçável";"Com Vítimas Feridas";"Anoitecer";"Decrescente";"Céu Claro";"Dupla";"Reta";"Sim";3;0;3;0;0;0;3;1;-17,1222;-49,9621;"SPRF-GO";"DEL01-GO";"UOP02-DEL01-GO"
544986;2023-08-27;"domingo";"20:25:00";"MG";50;81;"UBERLANDIA";"Acumulo de areia ou detritos sobre o pavimento";"Queda de ocupante de veículo";"Com Vítimas Feridas";"Plena Noite";"Decrescente";"Nublado";"Múltipla";"Viaduto";"Sim";1;0;0;1;0;0;1;1;-18,97226885;-48,21412325;"SPRF-MG";"DEL15-MG";"UOP01-DEL15-MG"
544987;2023-08-27;"domingo";"19:40:00";"RJ";101;413;"ITAGUAI";"Ausência de reação do condutor";"Colisão traseira";"Com Vítimas Feridas";"Plena Noite";"Decrescente";"Chuva";"Dupla";"Reta";"Sim";2;0;1;0;1;0;1;2;-22,89931896;-43,865293;"SPRF-RJ";"DEL03-RJ";"UOP01-DEL03-RJ"
544988;2023-08-27;"domingo";"20:50:00";"CE";116;10;"FORTALEZA";"Ingestão de álcool e/ou substâncias psicoativas pelo pedestre";"Atropelamento de Pedestre";"Com Vítimas Feridas";"Plena Noite";"Decrescente";"Céu Claro";"Múltipla";"Reta";"Não";3;0;1;0;2;0;1;2;-3,83603805;-38,5027281;"SPRF-CE";"DEL01-CE";"UOP02-DEL01-CE"
544989;2023-08-27;"domingo";"20:20:00";"PR";277;2;"FOZ DO IGUACU";"Demais falhas mecânicas ou elétricas";"Incêndio";"Sem Vítimas";"Plena Noite";"Crescente";"Céu Claro";"Dupla";"Reta";"Sim";1;0;0;0;1;0;0;1;-25,49856248;-54,58355427;"SPRF-PR";"DEL01-PR";"UOP05-DEL01-PR"
544990;2023-08-27;"domingo";"20:30:00";"RO";364;242;"CACOAL";"Reação tardia ou ineficiente do condutor";"Colisão lateral mesmo sentido";"Com Vítimas Feridas";"Plena Noite";"Decrescente";"Nublado";"Simples";"Rotatória";"Sim";3;0;1;1;1;0;2;2;-11,44084787;-61,48767999;"SPRF-RO";"DEL02-RO";"UOP02-DEL02-RO"
544992;2023-08-27;"domingo";"16:35:00";"MG";40;130,3;"JOAO PINHEIRO";"Reação tardia ou ineficiente do condutor";"Capotamento";"Com Vítimas Feridas";"Pleno dia";"Decrescente";"Nublado";"Simples";"Reta";"Não";7;0;3;0;4;0;3;1;-17,70612195;-46,28554299;"SPRF-MG";"DEL14-MG";"UOP01-DEL14-MG"
544997;2023-08-27;"domingo";"19:00:00";"SP";116;538;"BARRA DO TURVO";"Reação tardia ou ineficiente do condutor";"Colisão com objeto";"Com Vítimas Feridas";"Plena Noite";"Crescente";"Chuva";"Simples";"Curva";"Não";2;0;1;0;1;0;1;1;-24,97172153;-48,37309592;"SPRF-SP";"DEL05-SP";"UOP02-DEL05-SP"
544998;2023-08-27;"domingo";"21:00:00";"MS";163;461,2;"CAMPO GRANDE";"Velocidade Incompatível";"Tombamento";"Com Vítimas Feridas";"Plena Noite";"Decrescente";"Céu Claro";"Simples";"Reta";"Não";1;0;1;0;0;0;1;1;-20,6294929;-54,57205471;"SPRF-MS";"DEL01-MS";"UOP01-DEL01-MS"
544999;2023-08-27;"domingo";"20:00:00";"MG";381;426;"CAETE";"Demais falhas mecânicas ou elétricas";"Incêndio";"Com Vítimas Feridas";"Plena Noite";"Crescente";"Nublado";"Dupla";"Reta";"Sim";2;0;1;0;1;0;1;1;-19,78686195;-43,68924804;"SPRF-MG";"DEL01-MG";"UOP01-DEL01-MG"
545000;2023-08-27;"domingo";"19:55:00";"BA";116;867;"VITORIA DA CONQUISTA";"Ultrapassagem Indevida";"Colisão frontal";"Com Vítimas Fatais";"Plena Noite";"Crescente";"Nublado";"Simples";"Reta";"Não";2;1;0;0;1;0;0;2;-15,24973962;-41,10534668;"SPRF-BA";"DEL08-BA";"UOP01-DEL08-BA"
545004;2023-08-27;"domingo";"20:00:00";"MG";116;636,3;"DIVINO";"Ausência de reação do condutor";"Colisão traseira";"Com Vítimas Feridas";"Plena Noite";"Decrescente";"Chuva";"Simples";"Reta";"Não";2;0;1;0;0;1;1;2;-20,60151499;-42,20862002;"SPRF-MG";"DEL07-MG";"UOP02-DEL07-MG"
545005;2023-08-27;"domingo";"19:15:00";"SC";101;359;"SANGAO";"Desrespeitar a preferência no cruzamento";"Colisão transversal";"Com Vítimas Feridas";"Plena Noite";"Crescente";"Céu Claro";"Simples";"Viaduto;Interseção de Vias";"Não";2;0;1;0;1;0;1;2;-28,65057609;-49,10516385;"SPRF-SC";"DEL02-SC";"UOP01-DEL02-SC"
545008;2023-08-27;"domingo";"22:00:00";"GO";153;442,3;"ANAPOLIS";"Animais na Pista";"Atropelamento de Animal";"Com Vítimas Feridas";"Plena Noite";"Decrescente";"Chuva";"Dupla";"Declive;Reta";"Sim";3;0;2;1;0;0;3;1;-16,3488213;-48,9268837;"SPRF-GO";"DEL02-GO";"UOP01-DEL02-GO"
545009;2023-08-27;"domingo";"22:00:00";"PR";487;178,1;"CAMPO MOURAO";"Ingestão de álcool pelo condutor";"Colisão traseira";"Com Vítimas Feridas";"Plena Noite";"Crescente";"Céu Claro";"Simples";"Rotatória";"Sim";2;0;1;0;1;0;1;2;-24,04318572;-52,40047987;"SPRF-PR";"DEL09-PR";"UOP03-DEL09-PR"
545010;2023-06-02;"sexta-feira";"18:30:00";"SC";116;231,7;"CORREIA PINTO";"Animais na Pista";"Atropelamento de Animal";"Sem Vítimas";"Plena Noite";"Crescente";"Céu Claro";"Simples";"Reta";"Não";1;0;0;0;1;0;0;1;-27,685651;-50,334932;"SPRF-SC";"DEL05-SC";"UOP03-DEL05-SC"
545012;2023-08-27;"domingo";"21:11:00";"MT";163;843;"SINOP";"Animais na Pista";"Atropelamento de Animal";"Com Vítimas Feridas";"Plena Noite";"Crescente";"Céu Claro";"Simples";"Reta";"Não";1;0;0;1;0;0;1;1;-11,91612191;-55,50952235;"SPRF-MT";"DEL06-MT";"UOP02-DEL06-MT"
545013;2023-08-27;"domingo";"22:25:00";"PR";376;191,8;"MARIALVA";"Ingestão de álcool pelo condutor";"Tombamento";"Com Vítimas Feridas";"Plena Noite";"Crescente";"Céu Claro";"Dupla";"Reta";"Não";1;0;1;0;0;0;1;1;-23,48387006;-51,82124913;"SPRF-PR";"DEL09-PR";"UOP01-DEL09-PR"
545014;2023-08-27;"domingo";"21:45:00";"PI";343;592;"FLORIANO";"Acessar a via sem observar a presença dos outros veículos";"Colisão transversal";"Com Vítimas Feridas";"Plena Noite";"Decrescente";"Céu Claro";"Dupla";"Rotatória";"Sim";2;0;1;0;0;1;1;2;-6,77721378;-43,03310823;"SPRF-PI";"DEL03-PI";"UOP01-DEL03-PI"
545015;2023-08-27;"domingo";"19:00:00";"PR";163;28,7;"SANTO ANTONIO DO SUDOESTE";"Reação tardia ou ineficiente do condutor";"Saída de leito carroçável";"Sem Vítimas";"Anoitecer";"Decrescente";"Céu Claro";"Simples";"Reta";"Não";1;0;0;0;0;1;0;1;-26,15350396;-53,6850788;"SPRF-PR";"DEL02-PR";"UOP02-DEL02-PR"
545016;2023-08-27;"domingo";"23:20:00";"PR";376;3;"SAO JOSE DOS PINHAIS";"Ingestão de álcool pelo condutor";"Colisão traseira";"Com Vítimas Feridas";"Plena Noite";"Crescente";"Céu Claro";"Dupla";"Reta";"Sim";4;0;3;0;0;1;3;2;-25,5307;-49,1958;"SPRF-PR";"DEL01-PR";"UOP04-DEL01-PR"
545017;2023-08-27;"domingo";"22:45:00";"RJ";393;285;"VOLTA REDONDA";"Ingestão de álcool pelo condutor";"Colisão com objeto";"Sem Vítimas";"Plena Noite";"Decrescente";"Garoa/Chuvisco";"Simples";"Interseção de Vias";"Sim";1;0;0;0;1;0;0;1;-22,50545737;-44,07291591;"SPRF-RJ";"DEL05-RJ";"UOP04-DEL05-RJ"
545019;2023-08-27;"domingo";"23:25:00";"GO";153;503;"GOIANIA";"Iluminação deficiente";"Atropelamento de Pedestre";"Com Vítimas Fatais";"Plena Noite";"Decrescente";"Céu Claro";"Dupla";"Curva";"Não";2;1;0;0;1;0;0;2;-16,731083;-49,243412;"SPRF-GO";"DEL01-GO";"UOP01-DEL01-GO"
545020;2023-08-27;"domingo";"23:10:00";"RS";290;486,3;"ROSARIO DO SUL";"Ingestão de álcool pelo condutor";"Saída de leito carroçável";"Com Vítimas Feridas";"Plena Noite";"Crescente";"Céu Claro";"Simples";"Reta";"Não";2;0;0;1;1;0;1;1;-30,240009;-54,982067;"SPRF-RS";"DEL11-RS";"UOP02-DEL11-RS"
545021;2023-08-27;"domingo";"22:00:00";"SC";280;248,5;"CANOINHAS";"Conversão proibida";"Colisão lateral mesmo sentido";"Com Vítimas Feridas";"Plena Noite";"Decrescente";"Céu Claro";"Simples";"Reta;Interseção de Vias";"Não";2;0;1;0;0;1;1;2;-26,25130977;-50,52296105;"SPRF-SC";"DEL06-SC";"UOP04-DEL06-SC"
545023;2023-08-28;"segunda-feira";"00:30:00";"SC";101;89;"BARRA VELHA";"Ingestão de álcool pelo condutor";"Saída de leito carroçável";"Com Vítimas Feridas";"Plena Noite";"Decrescente";"Céu Claro";"Múltipla";"Reta";"Sim";2;0;1;0;1;0;1;1;-26,65175997;-48,68721921;"SPRF-SC";"DEL03-SC";"UOP02-DEL03-SC"
545024;2023-08-27;"domingo";"19:45:00";"SP";381;83;"SAO PAULO";"Demais falhas mecânicas ou elétricas";"Incêndio";"Sem Vítimas";"Plena Noite";"Crescente";"Chuva";"Simples";"Reta";"Sim";1;0;0;0;0;1;0;1;-23,42399;-46,575112;"SPRF-SP";"DEL03-SP";"UOP01-DEL03-SP"
545025;2023-08-27;"domingo";"19:00:00";"MT";174;388;"CONQUISTA DOESTE";"Ingestão de álcool pelo condutor";"Colisão frontal";"Com Vítimas Feridas";"Plena Noite";"Decrescente";"Céu Claro";"Simples";"Reta";"Não";2;0;0;1;1;0;1;2;-14,482545;-59,58194;"SPRF-MT";"DEL04-MT";"UOP02-DEL04-MT"
545026;2023-08-28;"segunda-feira";"00:40:00";"GO";40;10,7;"VALPARAISO DE GOIAS";"Velocidade Incompatível";"Colisão traseira";"Sem Vítimas";"Plena Noite";"Decrescente";"Nublado";"Dupla";"Reta";"Sim";4;0;0;0;4;0;0;2;-16,131285;-47,957923;"SPRF-DF";"DEL01-DF";"UOP01-DEL01-DF"
545027;2023-08-27;"domingo";"23:30:00";"PE";408;27,8;"TIMBAUBA";"Ingestão de álcool pelo condutor";"Colisão com objeto";"Com Vítimas Fatais";"Plena Noite";"Crescente";"Chuva";"Simples";"Reta";"Não";2;1;0;1;0;0;1;1;-7,5940327;-35,24470263;"SPRF-PE";"DEL01-PE";"UOP02-DEL01-PE"
545028;2023-08-28;"segunda-feira";"01:30:00";"RS";116;257,8;"ESTEIO";"Reação tardia ou ineficiente do condutor";"Colisão com objeto";"Com Vítimas Feridas";"Plena Noite";"Crescente";"Céu Claro";"Dupla";"Reta";"Sim";1;0;1;0;0;0;1;1;-29,85741865;-51,18101902;"SPRF-RS";"DEL01-RS";"UOP02-DEL01-RS"
545029;2023-08-28;"segunda-feira";"01:45:00";"RS";290;36,6;"SANTO ANTONIO DA PATRULHA";"Condutor Dormindo";"Saída de leito carroçável";"Com Vítimas Feridas";"Plena Noite";"Decrescente";"Céu Claro";"Dupla";"Reta";"Não";1;0;1;0;0;0;1;1;-29,885544;-50,6242254;"SPRF-RS";"DEL03-RS";"UOP01-DEL03-RS"
545031;2023-08-28;"segunda-feira";"00:30:00";"MT";163;750;"SORRISO";"Transitar na contramão";"Colisão frontal";"Com Vítimas Feridas";"Plena Noite";"Decrescente";"Nublado";"Dupla";"Reta";"Sim";2;0;0;2;0;0;2;2;-12,57232083;-55,72721785;"SPRF-MT";"DEL06-MT";"UOP01-DEL06-MT"
545032;2023-08-28;"segunda-feira";"01:00:00";"GO";60;78;"ANAPOLIS";"Ingestão de álcool pelo condutor";"Colisão com objeto";"Sem Vítimas";"Plena Noite";"Decrescente";"Nublado";"Dupla";"Declive;Ponte";"Não";3;0;0;0;0;3;0;2;-16,29725922;-48,80481005;"SPRF-GO";"DEL02-GO";"UOP01-DEL02-GO"
545036;2023-08-28;"segunda-feira";"01:50:00";"RJ";101;295;"ITABORAI";"Ausência de reação do condutor";"Colisão com objeto";"Sem Vítimas";"Plena Noite";"Decrescente";"Chuva";"Múltipla";"Reta";"Não";4;0;0;0;4;0;0;1;-22,76365068;-42,90223623;"SPRF-RJ";"DEL02-RJ";"UOP02-DEL02-RJ"
545038;2023-08-28;"segunda-feira";"02:30:00";"BA";101;747,6;"ITABELA";"Reação tardia ou ineficiente do condutor";"Colisão com objeto";"Sem Vítimas";"Plena Noite";"Decrescente";"Céu Claro";"Simples";"Curva";"Não";1;0;0;0;0;1;0;1;-16,744017;-39,454727;"SPRF-BA";"DEL09-BA";"UOP01-DEL09-BA"
545045;2023-08-28;"segunda-feira";"04:20:00";"ES";101;285,6;"CARIACICA";"Acumulo de água sobre o pavimento";"Saída de leito carroçável";"Com Vítimas Feridas";"Amanhecer";"Crescente";"Chuva";"Múltipla";"Declive";"Sim";2;0;0;1;1;0;1;1;-20,25148171;-40,37270066;"SPRF-ES";"DEL01-ES";"UOP01-DEL01-ES"
545046;2023-08-28;"segunda-feira";"05:00:00";"GO";414;325;"COCALZINHO DE GOIAS";"Velocidade Incompatível";"Saída de leito carroçável";"Com Vítimas Feridas";"Amanhecer";"Decrescente";"Chuva";"Simples";"Curva";"Não";2;0;1;1;0;0;2;1;-15,4171825;-48,624362;"SPRF-GO";"DEL02-GO";"UOP01-DEL02-GO"
545050;2023-08-28;"segunda-feira";"06:20:00";"SC";470;170;"POUSO REDONDO";"Objeto estático sobre o leito carroçável";"Tombamento";"Com Vítimas Feridas";"Pleno dia";"Crescente";"Nublado";"Simples";"Curva;Declive";"Sim";1;0;0;1;0;0;1;1;-27,26524172;-49,88375008;"SPRF-SC";"DEL04-SC";"UOP02-DEL04-SC"
545053;2023-08-28;"segunda-feira";"05:30:00";"MG";40;510;"RIBEIRAO DAS NEVES";"Condutor deixou de manter distância do veículo da frente";"Colisão traseira";"Com Vítimas Feridas";"Amanhecer";"Crescente";"Nublado";"Dupla";"Reta;Declive";"Sim";2;0;1;0;1;0;1;2;-19,77421529;-44,12409782;"SPRF-MG";"DEL01-MG";"UOP02-DEL01-MG"
545058;2023-08-28;"segunda-feira";"07:15:00";"BA";116;425,9;"FEIRA DE SANTANA";"Reação tardia ou ineficiente do condutor";"Colisão lateral sentido oposto";"Com Vítimas Feridas";"Pleno dia";"Crescente";"Céu Claro";"Simples";"Reta";"Não";5;0;1;1;2;1;2;3;-12,26867967;-38,98817182;"SPRF-BA";"DEL02-BA";"UOP01-DEL02-BA"
545061;2023-08-13;"domingo";"20:15:00";"SC";101;73;"ARAQUARI";"Acessar a via sem observar a presença dos outros veículos";"Colisão transversal";"Com Vítimas Feridas";"Plena Noite";"Decrescente";"Nublado";"Dupla";"Reta";"Sim";2;0;1;0;0;1;1;2;-26,53605407;-48,71297121;"SPRF-SC";"DEL03-SC";"UOP02-DEL03-SC"
545062;2023-08-28;"segunda-feira";"07:00:00";"RJ";116;280;"BARRA MANSA";"Chuva";"Capotamento";"Com Vítimas Feridas";"Pleno dia";"Crescente";"Chuva";"Dupla";"Curva";"Não";1;0;0;1;0;0;1;1;-22,54134895;-44,19176093;"SPRF-RJ";"DEL07-RJ";"UOP02-DEL07-RJ"
545063;2023-08-28;"segunda-feira";"07:20:00";"PR";277;597,4;"CASCAVEL";"Acessar a via sem observar a presença dos outros veículos";"Colisão traseira";"Com Vítimas Feridas";"Pleno dia";"Crescente";"Sol";"Dupla";"Reta";"Não";2;0;1;0;1;0;1;2;-24,99513602;-53,51418998;"SPRF-PR";"DEL04-PR";"UOP01-DEL04-PR"
545064;2023-08-28;"segunda-feira";"07:00:00";"SC";101;332,8;"TUBARAO";"Desrespeitar a preferência no cruzamento";"Atropelamento de Pedestre";"Com Vítimas Feridas";"Pleno dia";"Crescente";"Céu Claro";"Simples";"Curva;Interseção de Vias;Viaduto;Retorno Regulamentado";"Sim";2;0;2;0;0;0;2;2;-28,46016431;-48,98968873;"SPRF-SC";"DEL02-SC";"UOP01-DEL02-SC"
545066;2023-08-28;"segunda-feira";"08:00:00";"PE";101;83;"JABOATAO DOS GUARARAPES";"Conversão proibida";"Colisão lateral mesmo sentido";"Com Vítimas Feridas";"Pleno dia";"Decrescente";"Céu Claro";"Simples";"Reta";"Não";2;0;1;0;1;0;1;2;-8,175172;-34,942642;"SPRF-PE";"DEL01-PE";"UOP01-DEL01-PE"
545067;2023-08-28;"segunda-feira";"06:40:00";"RN";110;46,6;"MOSSORO";"Condutor deixou de manter distância do veículo da frente";"Colisão traseira";"Com Vítimas Feridas";"Pleno dia";"Decrescente";"Céu Claro";"Simples";"Reta";"Sim";2;0;1;0;1;0;1;2;-5,19797675;-37,31839819;"SPRF-RN";"DEL04-RN";"UOP01-DEL04-RN"
545068;2023-08-27;"domingo";"11:15:00";"SP";381;79;"SAO PAULO";"Chuva";"Colisão com objeto";"Com Vítimas Feridas";"Pleno dia";"Crescente";"Chuva";"Dupla";"Curva;Declive;Viaduto";"Sim";2;0;1;0;1;0;1;1;-23,40889686;-46,58095945;"SPRF-SP";"DEL03-SP";"UOP01-DEL03-SP"
545071;2023-08-28;"segunda-feira";"07:30:00";"PR";369;161;"CAMBE";"Manobra de mudança de faixa";"Colisão lateral mesmo sentido";"Com Vítimas Feridas";"Pleno dia";"Decrescente";"Céu Claro";"Dupla";"Reta";"Não";5;0;1;0;4;0;1;3;-23,29315073;-51,26763582;"SPRF-PR";"DEL07-PR";"UOP01-DEL07-PR"
545072;2023-08-28;"segunda-feira";"07:10:00";"PR";153;68,3;"CONSELHEIRO MAIRINCK";"Reação tardia ou ineficiente do condutor";"Colisão transversal";"Com Vítimas Feridas";"Pleno dia";"Crescente";"Céu Claro";"Simples";"Interseção de Vias;Reta";"Não";3;0;2;0;1;0;2;2;-23,50738555;-50,11155541;"SPRF-PR";"DEL07-PR";"UOP04-DEL07-PR"
545074;2023-08-28;"segunda-feira";"07:45:00";"RS";470;222,9;"GARIBALDI";"Manobra de mudança de faixa";"Saída de leito carroçável";"Com Vítimas Feridas";"Pleno dia";"Decrescente";"Céu Claro";"Dupla";"Retorno Regulamentado";"Não";2;0;2;0;0;0;2;1;-29,22109384;-51,51669145;"SPRF-RS";"DEL06-RS";"UOP01-DEL06-RS"
545075;2023-08-28;"segunda-feira";"07:15:00";"SP";116;507;"CAJATI";"Condutor Dormindo";"Colisão com objeto";"Com Vítimas Feridas";"Amanhecer";"Decrescente";"Nublado";"Dupla";"Curva;Declive";"Não";2;0;1;0;1;0;1;1;-24,805288;-48,214966;"SPRF-SP";"DEL05-SP";"UOP02-DEL05-SP"
545077;2023-08-28;"segunda-feira";"08:05:00";"PR";277;609;"SANTA TEREZA DO OESTE";"Acessar a via sem observar a presença dos outros veículos";"Colisão transversal";"Com Vítimas Feridas";"Pleno dia";"Crescente";"Sol";"Simples";"Reta";"Sim";3;0;1;0;2;0;1;2;-25,04783521;-53,61298988;"SPRF-PR";"DEL05-PR";"UOP02-DEL05-PR"
545078;2023-08-28;"segunda-feira";"08:00:00";"SP";116;274;"EMBU DAS ARTES";"Reação tardia ou ineficiente do condutor";"Colisão traseira";"Com Vítimas Feridas";"Pleno dia";"Decrescente";"Garoa/Chuvisco";"Dupla";"Reta";"Sim";3;0;2;0;1;0;2;2;-23,63445084;-46,82418514;"SPRF-SP";"DEL04-SP";"UOP01-DEL04-SP"
545079;2023-08-28;"segunda-feira";"07:20:00";"MG";116;415;"GOVERNADOR VALADARES";"Acessar a via sem observar a presença dos outros veículos";"Colisão transversal";"Com Vítimas Feridas";"Pleno dia";"Crescente";"Chuva";"Simples";"Interseção de Vias";"Sim";2;0;1;0;1;0;1;2;-18,88401297;-41,94924399;"SPRF-MG";"DEL06-MG";"UOP01-DEL06-MG"
545080;2023-08-27;"domingo";"09:30:00";"RJ";116;247;"PIRAI";"Pista Escorregadia";"Capotamento";"Com Vítimas Feridas";"Pleno dia";"Crescente";"Garoa/Chuvisco";"Dupla";"Curva";"Não";2;0;2;0;0;0;2;1;-22,60655103;-43,93505207;"SPRF-RJ";"DEL07-RJ";"UOP01-DEL07-RJ"
545081;2023-08-28;"segunda-feira";"07:50:00";"SC";101;212;"PALHOCA";"Ausência de reação do condutor";"Colisão traseira";"Com Vítimas Feridas";"Pleno dia";"Crescente";"Céu Claro";"Múltipla";"Reta";"Sim";2;0;0;1;1;0;1;2;-27,62996929;-48,65903871;"SPRF-SC";"DEL01-SC";"UOP02-DEL01-SC"
545082;2023-08-28;"segunda-feira";"08:40:00";"GO";153;699;"ITUMBIARA";"Acesso irregular";"Colisão lateral mesmo sentido";"Com Vítimas Feridas";"Pleno dia";"Decrescente";"Sol";"Dupla";"Retorno Regulamentado";"Sim";2;0;1;0;1;0;1;2;-18,3862;-49,2076;"SPRF-GO";"DEL03-GO";"UOP02-DEL03-GO"
545083;2023-08-11;"sexta-feira";"13:40:00";"SC";163;2,3;"DIONISIO CERQUEIRA";"Acessar a via sem observar a presença dos outros veículos";"Colisão transversal";"Com Vítimas Feridas";"Pleno dia";"Crescente";"Céu Claro";"Simples";"Declive;Curva";"Sim";2;0;1;0;1;0;1;2;-26,26824949;-53,63628387;"SPRF-SC";"DEL07-SC";"UOP03-DEL07-SC"
545084;2023-08-28;"segunda-feira";"08:40:00";"CE";222;35;"CAUCAIA";"Conversão proibida";"Colisão transversal";"Sem Vítimas";"Pleno dia";"Crescente";"Céu Claro";"Simples";"Reta";"Não";2;0;0;0;2;0;0;2;-3,700936;-38,8647996;"SPRF-CE";"DEL01-CE";"UOP01-DEL01-CE"
545085;2023-08-28;"segunda-feira";"07:50:00";"CE";116;459;"BARRO";"Transitar no Acostamento";"Atropelamento de Pedestre";"Com Vítimas Feridas";"Pleno dia";"Crescente";"Sol";"Simples";"Curva";"Não";2;0;0;1;0;1;1;2;-7,19309604;-38,79061197;"SPRF-CE";"DEL05-CE";"UOP03-DEL05-CE"
545086;2023-08-28;"segunda-feira";"09:10:00";"MG";116;750,9;"LEOPOLDINA";"Conversão proibida";"Colisão transversal";"Com Vítimas Feridas";"Pleno dia";"Crescente";"Céu Claro";"Simples";"Aclive;Reta";"Não";5;0;3;0;2;0;3;2;-21,45435073;-42,55155944;"SPRF-MG";"DEL07-MG";"UOP01-DEL07-MG"