"id";"data_inversa";"dia_semana";"horario";"uf";"br";"km";"municipio";"causa_acidente";"tipo_acidente";"classificacao_acidente";"fase_dia";"sentido_via";"condicao_metereologica";"tipo_pista";"tracado_via";"uso_solo";"pessoas";"mortos";"feridos_leves";"feridos_graves";"ilesos";"ignorados";"feridos";"veiculos";"latitude";"longitude";"regional";"delegacia";"uop"
545336;2023-07-18;"terça-feira";"16:30:00";"MG";251;376;"GRAO MOGOL";"Condutor Dormindo";"Saída de leito carroçável";"Com Vítimas Feridas";"Pleno dia";"Decrescente";"Céu Claro";"Simples";"Reta";"Não";4;0;3;1;0;0;4;1;-16,2987657;-42,73773199;"SPRF-MG";"DEL12-MG";"UOP01-DEL12-MG"
545337;2023-08-29;"terça-feira";"16:25:00";"PR";277;674,7;"MEDIANEIRA";"Condutor Dormindo";"Saída de leito carroçável";"Com Vítimas Feridas";"Pleno dia";"Decrescente";"Céu Claro";"Dupla";"Declive;Reta";"Não";1;0;1;0;0;0;1;1;-25,29484117;-54,11509792;"SPRF-PR";"DEL05-PR";"UOP01-DEL05-PR"
545338;2023-08-29;"terça-feira";"17:50:00";"PB";230;16;"JOAO PESSOA";"Trafegar com motocicleta (ou similar) entre as faixas";"Queda de ocupante de veículo";"Com Vítimas Feridas";"Anoitecer";"Decrescente";"Céu Claro";"Dupla";"Reta";"Sim";1;0;1;0;0;0;1;1;-7,1039;-34,8458;"SPRF-PB";"DEL01-PB";"UOP01-DEL01-PB"
545339;2023-08-29;"terça-feira";"18:05:00";"CE";222;3,9;"CAUCAIA";"Condutor deixou de manter distância do veículo da frente";"Colisão traseira";"Com Vítimas Feridas";"Plena Noite";"Crescente";"Céu Claro";"Múltipla";"Reta";"Sim";2;0;1;0;1;0;1;2;-3,7403769;-38,59569202;"SPRF-CE";"DEL01-CE";"UOP01-DEL01-CE"
545340;2023-08-29;"terça-feira";"18:05:00";"RS";158;322;"SANTA MARIA";"Acessar a via sem observar a presença dos outros veículos";"Colisão transversal";"Com Vítimas Feridas";"Pleno dia";"Crescente";"Céu Claro";"Simples";"Rotatória";"Sim";3;0;1;0;2;0;1;2;-29,6951492;-53,77544761;"SPRF-RS";"DEL09-RS";"UOP01-DEL09-RS"
545342;2023-08-29;"terça-feira";"17:40:00";"SC";101;126,9;"ITAJAI";"Condutor deixou de manter distância do veículo da frente";"Engavetamento";"Sem Vítimas";"Pleno dia";"Crescente";"Chuva";"Dupla";"Reta";"Não";3;0;0;0;3;0;0;3;-26,95564404;-48,67978366;"SPRF-SC";"DEL04-SC";"UOP04-DEL04-SC"
545343;2023-08-29;"terça-feira";"18:16:00";"DF";20;20,8;"BRASILIA";"Acessar a via sem observar a presença dos outros veículos";"Atropelamento de Pedestre";"Com Vítimas Feridas";"Plena Noite";"Crescente";"Nublado";"Dupla";"Aclive;Reta";"Sim";2;0;0;2;0;0;2;2;-15,607905;-47,692791;"SPRF-DF";"DEL02-DF";"UOP01-DEL02-DF"
545344;2023-08-29;"terça-feira";"18:29:00";"ES";262;1;"CARIACICA";"Condutor deixou de manter distância do veículo da frente";"Colisão lateral mesmo sentido";"Com Vítimas Feridas";"Plena Noite";"Decrescente";"Garoa/Chuvisco";"Dupla";"Reta;Interseção de Vias";"Sim";2;0;1;0;1;0;1;2;-20,32621686;-40,35471439;"SPRF-ES";"DEL01-ES";"UOP01-DEL01-ES"
545348;2023-08-29;"terça-feira";"18:40:00";"SC";280;50;"GUARAMIRIM";"Conversão proibida";"Colisão transversal";"Com Vítimas Feridas";"Plena Noite";"Decrescente";"Nublado";"Simples";"Aclive";"Sim";2;0;1;0;1;0;1;2;-26,4619489;-48,94618404;"SPRF-SC";"DEL03-SC";"UOP03-DEL03-SC"
545349;2023-08-29;"terça-feira";"18:40:00";"CE";116;26,6;"ITAITINGA";"Condutor deixou de manter distância do veículo da frente";"Colisão traseira";"Com Vítimas Feridas";"Plena Noite";"Crescente";"Céu Claro";"Dupla";"Reta";"Não";3;0;1;0;2;0;1;2;-3,9752959;-38,51436047;"SPRF-CE";"DEL01-CE";"UOP02-DEL01-CE"
545350;2023-08-29;"terça-feira";"16:00:00";"SC";470;54;"BLUMENAU";"Conversão proibida";"Colisão transversal";"Com Vítimas Feridas";"Pleno dia";"Crescente";"Nublado";"Simples";"Em Obras;Reta";"Não";2;0;2;0;0;0;2;2;-26,871065;-49,110374;"SPRF-SC";"DEL04-SC";"UOP01-DEL04-SC"
545351;2023-08-29;"terça-feira";"19:10:00";"SC";101;203;"SAO JOSE";"Acessar a via sem observar a presença dos outros veículos";"Colisão lateral mesmo sentido";"Com Vítimas Feridas";"Plena Noite";"Decrescente";"Chuva";"Múltipla";"Reta";"Sim";2;0;1;0;1;0;1;2;-27,5650044;-48,61460082;"SPRF-SC";"DEL01-SC";"UOP01-DEL01-SC"
545352;2023-08-29;"terça-feira";"19:00:00";"SP";116;162;"JACAREI";"Ausência de reação do condutor";"Tombamento";"Com Vítimas Feridas";"Plena Noite";"Decrescente";"Céu Claro";"Dupla";"Reta";"Sim";1;0;0;1;0;0;1;1;-23,28133317;-45,98394689;"SPRF-SP";"DEL02-SP";"UOP01-DEL02-SP"
545353;2023-08-29;"terça-feira";"15:20:00";"RJ";101;329;"RIO DE JANEIRO";"Avarias e/ou desgaste excessivo no pneu";"Queda de ocupante de veículo";"Com Vítimas Feridas";"Pleno dia";"Decrescente";"Nublado";"Dupla";"Reta";"Sim";1;0;1;0;0;0;1;1;-22,86939305;-43,175642;"SPRF-RJ";"DEL02-RJ";"UOP01-DEL02-RJ"
545355;2023-08-29;"terça-feira";"19:00:00";"RJ";116;170;"RIO DE JANEIRO";"Condutor deixou de manter distância do veículo da frente";"Colisão traseira";"Com Vítimas Feridas";"Plena Noite";"Crescente";"Nublado";"Múltipla";"Reta";"Sim";2;0;1;0;1;0;1;2;-22,81113183;-43,3336729;"SPRF-RJ";"DEL01-RJ";"UOP02-DEL01-RJ"
545356;2023-08-29;"terça-feira";"19:10:00";"RS";116;243;"SAO LEOPOLDO";"Ausência de reação do condutor";"Colisão traseira";"Com Vítimas Feridas";"Plena Noite";"Decrescente";"Céu Claro";"Dupla";"Viaduto;Reta";"Sim";2;0;1;0;1;0;1;2;-29,73038692;-51,14931822;"SPRF-RS";"DEL01-RS";"UOP02-DEL01-RS"
545357;2023-08-29;"terça-feira";"19:15:00";"ES";101;346,6;"GUARAPARI";"Manobra de mudança de faixa";"Colisão traseira";"Com Vítimas Feridas";"Plena Noite";"Decrescente";"Garoa/Chuvisco";"Dupla";"Reta";"Não";3;0;0;2;1;0;2;2;-20,6572762;-40,6175371;"SPRF-ES";"DEL03-ES";"UOP01-DEL03-ES"
545358;2023-08-29;"terça-feira";"13:25:00";"RO";319;60;"PORTO VELHO";"Acessar a via sem observar a presença dos outros veículos";"Colisão transversal";"Sem Vítimas";"Pleno dia";"Decrescente";"Céu Claro";"Dupla";"Rotatória";"Sim";3;0;0;0;3;0;0;2;-8,73986106;-63,88983065;"SPRF-RO";"DEL01-RO";"UOP01-DEL01-RO"
545359;2023-08-29;"terça-feira";"18:45:00";"BA";116;420;"FEIRA DE SANTANA";"Ausência de reação do condutor";"Colisão traseira";"Com Vítimas Feridas";"Plena Noite";"Crescente";"Céu Claro";"Dupla";"Rotatória";"Sim";3;0;1;0;2;0;1;2;-12,20321398;-38,96555531;"SPRF-BA";"DEL02-BA";"UOP01-DEL02-BA"
545360;2023-08-29;"terça-feira";"18:10:00";"MG";116;442;"ENGENHEIRO CALDAS";"Ultrapassagem Indevida";"Colisão lateral sentido oposto";"Com Vítimas Feridas";"Plena Noite";"Crescente";"Céu Claro";"Simples";"Reta";"Não";6;0;4;0;2;0;4;2;-19,09304397;-42,00040903;"SPRF-MG";"DEL06-MG";"UOP01-DEL06-MG"
545361;2023-08-29;"terça-feira";"19:40:00";"RJ";116;110;"GUAPIMIRIM";"Reação tardia ou ineficiente do condutor";"Colisão lateral mesmo sentido";"Com Vítimas Feridas";"Plena Noite";"Crescente";"Céu Claro";"Dupla";"Curva";"Não";3;0;2;0;1;0;2;3;-22,54700417;-42,98856854;"SPRF-RJ";"DEL04-RJ";"UOP01-DEL04-RJ"
545363;2023-08-29;"terça-feira";"16:05:00";"RS";116;245,4;"SAO LEOPOLDO";"Ausência de reação do condutor";"Queda de ocupante de veículo";"Com Vítimas Feridas";"Pleno dia";"Decrescente";"Sol";"Dupla";"Reta";"Sim";1;0;1;0;0;0;1;1;-29,74980902;-51,15125361;"SPRF-RS";"DEL01-RS";"UOP02-DEL01-RS"
545364;2023-08-29;"terça-feira";"19:30:00";"PR";116;120,8;"CURITIBA";"Acessar a via sem observar a presença dos outros veículos";"Colisão transversal";"Com Vítimas Feridas";"Plena Noite";"Crescente";"Céu Claro";"Dupla";"Reta";"Sim";3;0;1;0;2;0;1;2;-25,59046532;-49,31549191;"SPRF-PR";"DEL01-PR";"UOP03-DEL01-PR"
545367;2023-08-29;"terça-feira";"19:30:00";"RS";116;148;"CAXIAS DO SUL";"Reação tardia ou ineficiente do condutor";"Saída de leito carroçável";"Sem Vítimas";"Plena Noite";"Decrescente";"Céu Claro";"Dupla";"Curva";"Sim";1;0;0;0;1;0;0;1;-29,15444539;-51,15101681;"SPRF-RS";"DEL05-RS";"UOP01-DEL05-RS"
545368;2023-08-29;"terça-feira";"19:15:00";"SC";101;433,9;"SOMBRIO";"Desrespeitar a preferência no cruzamento";"Colisão transversal";"Com Vítimas Feridas";"Plena Noite";"Crescente";"Céu Claro";"Múltipla";"Reta;Interseção de Vias";"Sim";3;0;1;1;1;0;2;2;-29,08200809;-49,6297237;"SPRF-SC";"DEL02-SC";"UOP02-DEL02-SC"
545369;2023-08-29;"terça-feira";"20:52:00";"SE";101;92,1;"NOSSA SENHORA DO SOCORRO";"Manobra de mudança de faixa";"Colisão lateral mesmo sentido";"Com Vítimas Feridas";"Plena Noite";"Crescente";"Céu Claro";"Dupla";"Reta";"Sim";2;0;1;0;1;0;1;2;-10,90169474;-37,13619222;"SPRF-SE";"DEL01-SE";"UOP01-DEL01-SE"
545371;2023-08-29;"terça-feira";"21:20:00";"SC";282;18,5;"PALHOCA";"Ausência de sinalização";"Queda de ocupante de veículo";"Com Vítimas Feridas";"Plena Noite";"Crescente";"Chuva";"Simples";"Curva;Desvio Temporário;Em Obras";"Não";1;0;0;1;0;0;1;1;-27,672798;-48,694286;"SPRF-SC";"DEL01-SC";"UOP02-DEL01-SC"
545373;2023-08-29;"terça-feira";"20:50:00";"RJ";101;138;"CARAPEBUS";"Entrada inopinada do pedestre";"Atropelamento de Pedestre";"Com Vítimas Feridas";"Plena Noite";"Decrescente";"Nublado";"Dupla";"Reta";"Não";2;0;1;0;1;0;1;2;-22,16283807;-41,74187091;"SPRF-RJ";"DEL08-RJ";"UOP04-DEL08-RJ"
545374;2023-08-29;"terça-feira";"19:00:00";"MG";50;119;"UBERABA";"Reação tardia ou ineficiente do condutor";"Colisão traseira";"Com Vítimas Feridas";"Plena Noite";"Crescente";"Céu Claro";"Dupla";"Reta";"Não";3;0;2;0;1;0;2;2;-19,29969201;-48,11376802;"SPRF-MG";"DEL13-MG";"UOP01-DEL13-MG"
545375;2023-08-29;"terça-feira";"19:00:00";"MA";10;202;"RIBAMAR FIQUENE";"Deficiência do Sistema de Iluminação/Sinalização";"Colisão com objeto";"Com Vítimas Feridas";"Plena Noite";"Crescente";"Nublado";"Simples";"Ponte;Declive";"Não";3;0;1;0;2;0;1;2;-5,947669;-47,383747;"SPRF-MA";"DEL04-MA";"UOP01-DEL04-MA"
545376;2023-08-29;"terça-feira";"18:30:00";"RS";153;401,8;"CACHOEIRA DO SUL";"Acesso irregular";"Colisão frontal";"Com Vítimas Fatais";"Anoitecer";"Crescente";"Céu Claro";"Simples";"Declive;Interseção de Vias;Reta";"Não";8;1;6;0;1;0;6;2;-29,97842191;-52,93074489;"SPRF-RS";"DEL02-RS";"UOP03-DEL02-RS"
545377;2023-08-29;"terça-feira";"21:10:00";"PE";232;410,4;"SERRA TALHADA";"Ausência de reação do condutor";"Tombamento";"Com Vítimas Feridas";"Plena Noite";"Decrescente";"Céu Claro";"Simples";"Reta";"Sim";1;0;0;1;0;0;1;1;-7,98261841;-38,30039606;"SPRF-PE";"DEL04-PE";"UOP01-DEL04-PE"
545381;2023-08-29;"terça-feira";"22:25:00";"PI";343;594;"FLORIANO";"Ausência de reação do condutor";"Tombamento";"Com Vítimas Feridas";"Plena Noite";"Crescente";"Céu Claro";"Simples";"Reta";"Sim";1;0;0;1;0;0;1;1;-6,788374;-43,044399;"SPRF-PI";"DEL03-PI";"UOP01-DEL03-PI"
545382;2023-08-17;"quinta-feira";"13:00:00";"PA";230;109;"MARABA";"Ausência de reação do condutor";"Colisão traseira";"Com Vítimas Feridas";"Pleno dia";"Decrescente";"Céu Claro";"Simples";"Reta";"Não";2;0;1;0;0;1;1;2;-5,37536896;-49,02246799;"SPRF-PA";"DEL03-PA";"UOP01-DEL03-PA"
545383;2023-08-29;"terça-feira";"23:25:00";"RN";101;98;"NATAL";"Ausência de reação do condutor";"Colisão traseira";"Com Vítimas Feridas";"Plena Noite";"Crescente";"Céu Claro";"Múltipla";"Viaduto;Declive";"Não";4;0;3;0;1;0;3;2;-5,86567888;-35,21651625;"SPRF-RN";"DEL01-RN";"UOP01-DEL01-RN"
545384;2023-08-29;"terça-feira";"20:00:00";"RS";285;528,9;"SAO MIGUEL DAS MISSOES";"Ausência de reação do condutor";"Saída de leito carroçável";"Com Vítimas Feridas";"Plena Noite";"Decrescente";"Céu Claro";"Simples";"Reta";"Não";1;0;1;0;0;0;1;1;-28,411121;-54,571983;"SPRF-RS";"DEL10-RS";"UOP01-DEL10-RS"
545385;2023-08-29;"terça-feira";"23:00:00";"RS";290;95;"PORTO ALEGRE";"Ausência de reação do condutor";"Colisão com objeto";"Com Vítimas Feridas";"Plena Noite";"Decrescente";"Céu Claro";"Dupla";"Curva;Declive;Viaduto";"Sim";2;0;0;2;0;0;2;1;-29,982832;-51,201572;"SPRF-RS";"DEL01-RS";"UOP01-DEL01-RS"
545389;2023-08-29;"terça-feira";"21:00:00";"MG";262;658,7;"IBIA";"Avarias e/ou desgaste excessivo no pneu";"Saída de leito carroçável";"Com Vítimas Feridas";"Plena Noite";"Decrescente";"Nevoeiro/Neblina";"Simples";"Curva;Declive";"Não";2;0;2;0;0;0;2;1;-19,578615;-46,725851;"SPRF-MG";"DEL08-MG";"UOP01-DEL08-MG"
545393;2023-08-30;"quarta-feira";"00:30:00";"SP";116;112,8;"TAUBATE";"Velocidade Incompatível";"Colisão traseira";"Com Vítimas Feridas";"Plena Noite";"Decrescente";"Céu Claro";"Dupla";"Reta";"Sim";2;0;1;0;1;0;1;2;-23,04159343;-45,57065616;"SPRF-SP";"DEL02-SP";"UOP02-DEL02-SP"
545394;2023-08-29;"terça-feira";"20:00:00";"PR";376;49;"LOANDA";"Condutor deixou de manter distância do veículo da frente";"Colisão traseira";"Com Vítimas Feridas";"Plena Noite";"Decrescente";"Céu Claro";"Simples";"Reta";"Não";2;0;1;0;1;0;1;2;-22,89053091;-52,92398195;"SPRF-PR";"DEL09-PR";"UOP02-DEL09-PR"
545396;2023-08-30;"quarta-feira";"01:00:00";"SP";116;147;"SAO JOSE DOS CAMPOS";"Condutor Dormindo";"Capotamento";"Com Vítimas Feridas";"Plena Noite";"Decrescente";"Céu Claro";"Múltipla";"Reta";"Não";1;0;1;0;0;0;1;1;-23,19542994;-45,87176303;"SPRF-SP";"DEL02-SP";"UOP01-DEL02-SP"
545398;2023-08-30;"quarta-feira";"00:35:00";"RS";293;291,3;"DOM PEDRITO";"Animais na Pista";"Atropelamento de Animal";"Sem Vítimas";"Plena Noite";"Decrescente";"Céu Claro";"Simples";"Reta";"Não";2;0;0;0;2;0;0;1;-30,83765171;-55,05274773;"SPRF-RS";"DEL11-RS";"UOP01-DEL11-RS"
545403;2023-08-30;"quarta-feira";"03:10:00";"DF";70;19;"BRASILIA";"Acumulo de óleo sobre o pavimento";"Capotamento";"Sem Vítimas";"Plena Noite";"Crescente";"Chuva";"Múltipla";"Curva;Declive";"Sim";1;0;0;0;1;0;0;1;-15,788868;-48,220242;"SPRF-DF";"DEL03-DF";"UOP02-DEL03-DF"
545404;2023-08-29;"terça-feira";"20:00:00";"MT";70;171;"GENERAL CARNEIRO";"Animais na Pista";"Atropelamento de Animal";"Com Vítimas Feridas";"Plena Noite";"Crescente";"Céu Claro";"Simples";"Reta";"Não";2;0;1;0;1;0;1;1;-15,61417698;-53,53359501;"SPRF-MT";"DEL05-MT";"UOP01-DEL05-MT"
545405;2023-08-30;"quarta-feira";"04:15:00";"RN";304;131,4;"ITAJA";"Animais na Pista";"Saída de leito carroçável";"Com Vítimas Feridas";"Plena Noite";"Crescente";"Ignorado";"Simples";"Reta";"Não";1;0;0;1;0;0;1;1;-5,65909301;-36,762258;"SPRF-RN";"DEL04-RN";"UOP01-DEL04-RN"
545407;2023-08-30;"quarta-feira";"04:55:00";"SC";101;134,1;"BALNEARIO CAMBORIU";"Reação tardia ou ineficiente do condutor";"Saída de leito carroçável";"Com Vítimas Feridas";"Plena Noite";"Crescente";"Nublado";"Simples";"Reta";"Sim";1;0;1;0;0;0;1;1;-27,00218;-48,636433;"SPRF-SC";"DEL04-SC";"UOP03-DEL04-SC"
545408;2023-08-30;"quarta-feira";"04:30:00";"RJ";493;0;"ITABORAI";"Animais na Pista";"Atropelamento de Animal";"Com Vítimas Feridas";"Amanhecer";"Crescente";"Céu Claro";"Simples";"Curva";"Não";1;0;1;0;0;0;1;1;-22,77062;-42,92223;"SPRF-RJ";"DEL02-RJ";"UOP02-DEL02-RJ"
545409;2023-08-25;"sexta-feira";"16:00:00";"PA";316;62;"CASTANHAL";"Retorno proibido";"Colisão transversal";"Com Vítimas Feridas";"Pleno dia";"Decrescente";"Céu Claro";"Dupla";"Reta";"Sim";2;0;0;1;0;1;1;2;-1,29786885;-47,93764104;"SPRF-PA";"DEL01-PA";"UOP01-DEL01-PA"
545414;2023-08-30;"quarta-feira";"05:40:00";"RS";290;463,1;"ROSARIO DO SUL";"Condutor Dormindo";"Colisão frontal";"Com Vítimas Feridas";"Plena Noite";"Decrescente";"Céu Claro";"Simples";"Reta;Declive";"Não";4;0;2;0;2;0;2;2;-30,231846;-54,746655;"SPRF-RS";"DEL11-RS";"UOP02-DEL11-RS"
545415;2023-08-13;"domingo";"12:20:00";"BA";420;235;"LAJE";"Demais falhas mecânicas ou elétricas";"Incêndio";"Sem Vítimas";"Pleno dia";"Crescente";"Céu Claro";"Simples";"Reta";"Não";1;0;0;0;1;0;0;1;-13,16761865;-39,34166551;"SPRF-BA";"DEL01-BA";"UOP02-DEL01-BA"
545416;2023-08-30;"quarta-feira";"07:32:00";"ES";101;266;"SERRA";"Pedestre cruzava a pista fora da faixa";"Atropelamento de Pedestre";"Com Vítimas Feridas";"Amanhecer";"Decrescente";"Nublado";"Dupla";"Reta";"Sim";2;0;2;0;0;0;2;2;-20,190199;-40,26828891;"SPRF-ES";"DEL02-ES";"UOP01-DEL02-ES"
545418;2023-08-30;"quarta-feira";"07:14:00";"SC";282;5,5;"SAO JOSE";"Trafegar com motocicleta (ou similar) entre as faixas";"Tombamento";"Com Vítimas Feridas";"Pleno dia";"Decrescente";"Nublado";"Múltipla";"Reta";"Sim";1;0;1;0;0;0;1;1;-27,588425;-48,612919;"SPRF-SC";"DEL01-SC";"UOP01-DEL01-SC"
545420;2023-08-30;"quarta-feira";"06:00:00";"SP";116;154;"SAO JOSE DOS CAMPOS";"Ausência de reação do condutor";"Tombamento";"Com Vítimas Feridas";"Amanhecer";"Decrescente";"Nublado";"Dupla";"Reta";"Sim";1;0;1;0;0;0;1;1;-23,23903999;-45,92061901;"SPRF-SP";"DEL02-SP";"UOP01-DEL02-SP"
545421;2023-08-30;"quarta-feira";"08:06:00";"RJ";116;172;"SAO JOAO DE MERITI";"Trafegar com motocicleta (ou similar) entre as faixas";"Colisão traseira";"Com Vítimas Feridas";"Pleno dia";"Decrescente";"Sol";"Dupla";"Reta";"Sim";3;0;2;0;1;0;2;2;-22,80188151;-43,35043673;"SPRF-RJ";"DEL01-RJ";"UOP02-DEL01-RJ"
545422;2023-08-30;"quarta-feira";"07:15:00";"RS";472;156,9;"SANTA ROSA";"Desrespeitar a preferência no cruzamento";"Colisão transversal";"Com Vítimas Feridas";"Pleno dia";"Decrescente";"Céu Claro";"Simples";"Curva";"Não";4;0;2;0;2;0;2;2;-27,83631124;-54,43075203;"SPRF-RS";"DEL10-RS";"UOP01-DEL10-RS"
545423;2023-08-30;"quarta-feira";"07:30:00";"RN";304;297,8;"MACAIBA";"Condutor deixou de manter distância do veículo da frente";"Colisão traseira";"Com Vítimas Feridas";"Plena Noite";"Crescente";"Céu Claro";"Dupla";"Reta";"Não";2;0;1;0;1;0;1;2;-5,86534101;-35,340694;"SPRF-RN";"DEL01-RN";"UOP02-DEL01-RN"
545425;2023-08-30;"quarta-feira";"07:30:00";"SC";101;233,7;"PALHOCA";"Velocidade Incompatível";"Colisão com objeto";"Com Vítimas Feridas";"Pleno dia";"Crescente";"Garoa/Chuvisco";"Dupla";"Curva;Declive";"Não";1;0;1;0;0;0;1;1;-27,80376397;-48,63826211;"SPRF-SC";"DEL01-SC";"UOP02-DEL01-SC"
545428;2023-08-30;"quarta-feira";"08:10:00";"RS";472;578;"URUGUAIANA";"Acessar a via sem observar a presença dos outros veículos";"Colisão frontal";"Com Vítimas Feridas";"Pleno dia";"Decrescente";"Céu Claro";"Simples";"Reta";"Sim";2;0;1;0;1;0;1;2;-29,783838;-57,072161;"SPRF-RS";"DEL13-RS";"UOP01-DEL13-RS"
545429;2023-08-29;"terça-feira";"19:30:00";"RJ";40;108;"DUQUE DE CAXIAS";"Acessar a via sem observar a presença dos outros veículos";"Colisão lateral mesmo sentido";"Com Vítimas Feridas";"Plena Noite";"Crescente";"Céu Claro";"Múltipla";"Interseção de Vias;Rotatória";"Não";3;0;2;0;1;0;2;2;-22,66476979;-43,28495144;"SPRF-RJ";"DEL01-RJ";"UOP01-DEL01-RJ"
545430;2023-08-30;"quarta-feira";"07:14:00";"PE";232;106,7;"BEZERROS";"Condutor deixou de manter distância do veículo da frente";"Colisão traseira";"Sem Vítimas";"Pleno dia";"Decrescente";"Céu Claro";"Dupla";"Declive;Reta";"Não";2;0;0;0;2;0;0;2;-8,27437583;-35,80416315;"SPRF-PE";"DEL02-PE";"UOP02-DEL02PE"
545431;2023-08-27;"domingo";"01:40:00";"PR";476;94;"BOCAIUVA DO SUL";"Ausência de reação do condutor";"Colisão traseira";"Com Vítimas Feridas";"Plena Noite";"Crescente";"Nublado";"Simples";"Reta";"Sim";2;0;1;0;1;0;1;2;-25,217236;-49,114784;"SPRF-PR";"DEL01-PR";"UOP01-DEL01-PR"
545432;2023-08-30;"quarta-feira";"07:15:00";"RJ";101;333;"RIO DE JANEIRO";"Reação tardia ou ineficiente do condutor";"Tombamento";"Com Vítimas Feridas";"Pleno dia";"Crescente";"Nublado";"Múltipla";"Ponte;Reta";"Sim";1;0;0;1;0;0;1;1;-22,8855656;-43,21738243;"SPRF-RJ";"DEL02-RJ";"UOP01-DEL02-RJ"
545433;2023-08-30;"quarta-feira";"09:11:00";"ES";101;269,8;"SERRA";"Reação tardia ou ineficiente do condutor";"Tombamento";"Com Vítimas Feridas";"Pleno dia";"Crescente";"Céu Claro";"Dupla";"Reta";"Não";1;0;0;1;0;0;1;1;-20,21740496;-40,26990578;"SPRF-ES";"DEL02-ES";"UOP01-DEL02-ES"
545434;2023-08-30;"quarta-feira";"08:25:00";"MT";163;833,7;"SINOP";"Pista Escorregadia";"Queda de ocupante de veículo";"Com Vítimas Feridas";"Pleno dia";"Decrescente";"Nublado";"Dupla";"Retorno Regulamentado";"Sim";1;0;1;0;0;0;1;1;-12,004832;-55,51713;"SPRF-MT";"DEL06-MT";"UOP02-DEL06-MT"
545438;2023-08-30;"quarta-feira";"08:20:00";"RJ";116;191;"NOVA IGUACU";"Avarias e/ou desgaste excessivo no pneu";"Queda de ocupante de veículo";"Com Vítimas Feridas";"Pleno dia";"Decrescente";"Céu Claro";"Dupla";"Reta";"Sim";2;0;2;0;0;0;2;1;-22,74421443;-43,509822;"SPRF-RJ";"DEL01-RJ";"UOP02-DEL01-RJ"
545439;2023-08-18;"sexta-feira";"18:40:00";"RJ";101;402;"ITAGUAI";"Ausência de reação do condutor";"Queda de ocupante de veículo";"Com Vítimas Feridas";"Plena Noite";"Decrescente";"Céu Claro";"Dupla";"Reta";"Não";2;0;2;0;0;0;2;1;-22,85924449;-43,79010059;"SPRF-RJ";"DEL03-RJ";"UOP01-DEL03-RJ"
545442;2023-08-30;"quarta-feira";"00:45:00";"BA";418;85;"NOVA VICOSA";"Ausência de reação do condutor";"Colisão com objeto";"Com Vítimas Feridas";"Plena Noite";"Decrescente";"Céu Claro";"Simples";"Reta";"Sim";1;0;1;0;0;0;1;1;-17,89031983;-39,79951109;"SPRF-BA";"DEL09-BA";"UOP02-DEL09-BA"
545443;2023-08-11;"sexta-feira";"13:00:00";"MS";60;94;"PARAISO DAS AGUAS";"Demais falhas mecânicas ou elétricas";"Incêndio";"Sem Vítimas";"Pleno dia";"Decrescente";"Céu Claro";"Simples";"Reta";"Não";1;0;0;0;1;0;0;1;-19,24379532;-53,17400892;"SPRF-MS";"DEL06-MS";"UOP02-DEL06-MS"
545445;2023-08-30;"quarta-feira";"06:20:00";"PA";316;249;"CACHOEIRA DO PIRIA";"Reação tardia ou ineficiente do condutor";"Colisão com objeto";"Com Vítimas Feridas";"Amanhecer";"Crescente";"Nevoeiro/Neblina";"Simples";"Reta";"Não";3;0;0;1;0;2;1;2;-1,77615298;-46,52331199;"SPRF-PA";"DEL01-PA";"UOP04-DEL01-PA"
545447;2023-08-30;"quarta-feira";"10:20:00";"MG";40;628,1;"CONSELHEIRO LAFAIETE";"Retorno proibido";"Colisão transversal";"Com Vítimas Feridas";"Pleno dia";"Decrescente";"Sol";"Simples";"Reta";"Não";2;0;1;0;1;0;1;2;-20,649174;-43,809455;"SPRF-MG";"DEL05-MG";"UOP02-DEL05-MG"
545448;2023-06-19;"segunda-feira";"14:35:00";"SC";101;103,8;"PENHA";"Desrespeitar a preferência no cruzamento";"Colisão transversal";"Com Vítimas Feridas";"Pleno dia";"Decrescente";"Céu Claro";"Dupla";"Retorno Regulamentado";"Não";1;0;0;1;0;0;1;1;-26,7832381;-48,68314632;"SPRF-SC";"DEL03-SC";"UOP02-DEL03-SC"
545449;2023-08-30;"quarta-feira";"11:00:00";"RJ";393;106;"SAPUCAIA";"Conversão proibida";"Colisão transversal";"Com Vítimas Feridas";"Pleno dia";"Crescente";"Chuva";"Simples";"Reta";"Sim";3;0;2;0;1;0;2;2;-21,87764485;-42,67025797;"SPRF-RJ";"DEL05-RJ";"UOP01-DEL05-RJ"
545450;2023-08-30;"quarta-feira";"08:10:00";"RJ";40;78;"PETROPOLIS";"Ausência de reação do condutor";"Capotamento";"Com Vítimas Feridas";"Pleno dia";"Crescente";"Garoa/Chuvisco";"Simples";"Curva;Declive";"Não";2;0;1;0;1;0;1;1;-22,48485874;-43,22843406;"SPRF-RJ";"DEL06-RJ";"UOP01-DEL06-RJ"
545451;2023-08-17;"quinta-feira";"11:53:00";"AM";230;619;"HUMAITA";"Acessar a via sem observar a presença dos outros veículos";"Atropelamento de Pedestre";"Com Vítimas Feridas";"Pleno dia";"Crescente";"Céu Claro";"Simples";"Reta";"Não";2;0;1;0;0;1;1;2;-7,5446021;-63,06959337;"SPRF-AM";"DEL01-AM";"UOP05-DEL01-AM"
545453;2023-08-30;"quarta-feira";"06:00:00";"MS";60;381,1;"CAMPO GRANDE";"Ausência de reação do condutor";"Saída de leito carroçável";"Sem Vítimas";"Amanhecer";"Crescente";"Céu Claro";"Simples";"Curva";"Não";1;0;0;0;0;1;0;1;-20,63419592;-54,7524692;"SPRF-MS";"DEL01-MS";"UOP04-DEL01-MS"