"id";"data_inversa";"dia_semana";"horario";"uf";"br";"km";"municipio";"causa_acidente";"tipo_acidente";"classificacao_acidente";"fase_dia";"sentido_via";"condicao_metereologica";"tipo_pista";"tracado_via";"uso_solo";"pessoas";"mortos";"feridos_leves";"feridos_graves";"ilesos";"ignorados";"feridos";"veiculos";"latitude";"longitude";"regional";"delegacia";"uop"
545454;2023-08-30;"quarta-feira";"12:20:00";"SP";116;227;"GUARULHOS";"Carga excessiva e/ou mal acondicionada";"Colisão com objeto";"Com Vítimas Feridas";"Pleno dia";"Decrescente";"Céu Claro";"Múltipla";"Reta";"Não";1;0;1;0;0;0;1;1;-23,49659264;-46,55648754;"SPRF-SP";"DEL01-SP";"UOP01-DEL01-SP"
545456;2023-08-30;"quarta-feira";"12:00:00";"PB";104;130,8;"QUEIMADAS";"Acesso irregular";"Colisão lateral sentido oposto";"Com Vítimas Feridas";"Pleno dia";"Crescente";"Céu Claro";"Simples";"Reta";"Sim";2;0;0;1;1;0;1;2;-7,29013399;-35,89029705;"SPRF-PB";"DEL02-PB";"UOP03-DEL02-PB"
545459;2023-08-30;"quarta-feira";"08:20:00";"SC";101;407,4;"ARARANGUA";"Ausência de reação do condutor";"Saída de leito carroçável";"Com Vítimas Feridas";"Pleno dia";"Crescente";"Céu Claro";"Dupla";"Curva";"Não";3;0;0;1;2;0;1;1;-28,91971555;-49,49041486;"SPRF-SC";"DEL02-SC";"UOP02-DEL02-SC"
545461;2023-07-01;"sábado";"15:00:00";"RS";470;261,7;"SALVADOR DO SUL";"Transitar na contramão";"Colisão frontal";"Com Vítimas Feridas";"Pleno dia";"Crescente";"Céu Claro";"Simples";"Declive;Curva";"Não";6;0;2;3;0;1;5;4;-29,48150021;-51,48249149;"SPRF-RS";"DEL06-RS";"UOP01-DEL06-RS"
545463;2023-08-30;"quarta-feira";"12:00:00";"SC";101;90,6;"BARRA VELHA";"Acessar a via sem observar a presença dos outros veículos";"Colisão frontal";"Com Vítimas Feridas";"Pleno dia";"Crescente";"Sol";"Simples";"Reta";"Não";2;0;1;0;1;0;1;2;-26,66148503;-48,68866176;"SPRF-SC";"DEL03-SC";"UOP02-DEL03-SC"
545464;2023-08-30;"quarta-feira";"13:30:00";"SP";116;163;"JACAREI";"Ausência de reação do condutor";"Queda de ocupante de veículo";"Com Vítimas Feridas";"Pleno dia";"Decrescente";"Céu Claro";"Dupla";"Reta";"Sim";1;0;1;0;0;0;1;1;-23,28649584;-45,9919851;"SPRF-SP";"DEL02-SP";"UOP01-DEL02-SP"
545466;2023-08-30;"quarta-feira";"14:00:00";"PE";101;50,1;"ABREU E LIMA";"Transitar na contramão";"Colisão traseira";"Com Vítimas Feridas";"Pleno dia";"Crescente";"Céu Claro";"Dupla";"Reta";"Sim";3;0;1;0;1;1;1;3;-7,90938602;-34,90123228;"SPRF-PE";"DEL01-PE";"UOP02-DEL01-PE"
545468;2023-08-30;"quarta-feira";"14:30:00";"SC";101;122;"ITAJAI";"Ausência de reação do condutor";"Colisão lateral mesmo sentido";"Com Vítimas Feridas";"Pleno dia";"Crescente";"Céu Claro";"Múltipla";"Reta";"Não";2;0;0;1;1;0;1;2;-26,92955916;-48,70499836;"SPRF-SC";"DEL04-SC";"UOP04-DEL04-SC"
545470;2023-08-30;"quarta-feira";"13:00:00";"MG";50;182;"UBERABA";"Animais na Pista";"Atropelamento de Animal";"Com Vítimas Feridas";"Pleno dia";"Decrescente";"Céu Claro";"Dupla";"Reta";"Sim";1;0;1;0;0;0;1;1;-19,793806;-47,911165;"SPRF-MG";"DEL13-MG";"UOP01-DEL13-MG"
545471;2023-08-18;"sexta-feira";"21:15:00";"MG";356;268,9;"MURIAE";"Transitar na contramão";"Colisão frontal";"Com Vítimas Fatais";"Plena Noite";"Decrescente";"Céu Claro";"Simples";"Rotatória;Reta";"Sim";2;1;1;0;0;0;1;2;-21,12665618;-42,33310204;"SPRF-MG";"DEL07-MG";"UOP02-DEL07-MG"
545472;2023-08-30;"quarta-feira";"13:35:00";"PR";369;172,4;"ROLANDIA";"Acessar a via sem observar a presença dos outros veículos";"Colisão transversal";"Com Vítimas Feridas";"Pleno dia";"Crescente";"Céu Claro";"Simples";"Reta";"Sim";2;0;1;1;0;0;2;2;-23,30833693;-51,36760443;"SPRF-PR";"DEL07-PR";"UOP01-DEL07-PR"
545473;2023-08-30;"quarta-feira";"14:20:00";"BA";415;23;"ILHEUS";"Acesso irregular";"Colisão lateral mesmo sentido";"Com Vítimas Feridas";"Pleno dia";"Decrescente";"Sol";"Simples";"Reta";"Sim";2;0;1;0;1;0;1;2;-14,793049;-39,173531;"SPRF-BA";"DEL05-BA";"UOP01-DEL05-BA"
545474;2023-08-30;"quarta-feira";"11:25:00";"AC";364;139;"RIO BRANCO";"Reação tardia ou ineficiente do condutor";"Atropelamento de Pedestre";"Com Vítimas Feridas";"Pleno dia";"Decrescente";"Céu Claro";"Dupla";"Reta";"Sim";3;0;1;1;1;0;2;3;-9,95359291;-67,86119892;"SPRF-AC";"DEL01-AC";"UOP01-DEL01-AC"
545476;2023-08-30;"quarta-feira";"14:00:00";"ES";259;58;"COLATINA";"Reação tardia ou ineficiente do condutor";"Colisão traseira";"Com Vítimas Feridas";"Pleno dia";"Crescente";"Céu Claro";"Simples";"Reta";"Sim";2;0;1;0;1;0;1;2;-19,514467;-40,660786;"SPRF-ES";"DEL02-ES";"UOP01-DEL02-ES"
545477;2023-08-30;"quarta-feira";"15:00:00";"SP";116;142;"SAO JOSE DOS CAMPOS";"Avarias e/ou desgaste excessivo no pneu";"Tombamento";"Com Vítimas Feridas";"Pleno dia";"Decrescente";"Sol";"Dupla";"Reta";"Sim";2;0;2;0;0;0;2;1;-23,17426078;-45,82940111;"SPRF-SP";"DEL02-SP";"UOP01-DEL02-SP"
545478;2023-08-30;"quarta-feira";"14:40:00";"PE";232;9;"JABOATAO DOS GUARARAPES";"Reação tardia ou ineficiente do condutor";"Colisão traseira";"Sem Vítimas";"Pleno dia";"Crescente";"Céu Claro";"Dupla";"Reta;Em Obras";"Sim";3;0;0;0;3;0;0;3;-8,07764447;-34,97863609;"SPRF-PE";"DEL01-PE";"UOP01-DEL01-PE"
545482;2023-08-27;"domingo";"13:00:00";"MS";463;109;"PONTA PORA";"Reação tardia ou ineficiente do condutor";"Saída de leito carroçável";"Com Vítimas Feridas";"Pleno dia";"Crescente";"Céu Claro";"Dupla";"Reta";"Sim";3;0;0;1;2;0;1;1;-22,58039272;-55,68886181;"SPRF-MS";"DEL04-MS";"UOP03-DEL04-MS"
545484;2023-08-30;"quarta-feira";"15:20:00";"SC";470;76,6;"INDAIAL";"Acessar a via sem observar a presença dos outros veículos";"Colisão transversal";"Com Vítimas Feridas";"Pleno dia";"Crescente";"Céu Claro";"Simples";"Reta";"Não";2;0;0;1;1;0;1;2;-26,933308;-49,287426;"SPRF-SC";"DEL04-SC";"UOP01-DEL04-SC"
545486;2023-08-30;"quarta-feira";"15:50:00";"RS";290;85,8;"PORTO ALEGRE";"Avarias e/ou desgaste excessivo no pneu";"Tombamento";"Com Vítimas Feridas";"Pleno dia";"Crescente";"Sol";"Simples";"Curva;Aclive";"Não";1;0;1;0;0;0;1;1;-29,967936;-51,106873;"SPRF-RS";"DEL01-RS";"UOP01-DEL01-RS"
545487;2023-08-30;"quarta-feira";"16:00:00";"PR";376;2;"MANDAGUARI";"Acessar a via sem observar a presença dos outros veículos";"Colisão transversal";"Com Vítimas Feridas";"Pleno dia";"Decrescente";"Céu Claro";"Simples";"Reta;Interseção de Vias";"Sim";2;0;1;0;1;0;1;2;-23,51422;-51,7002;"SPRF-PR";"DEL09-PR";"UOP01-DEL09-PR"
545488;2023-08-14;"segunda-feira";"23:00:00";"SC";470;141,5;"RIO DO SUL";"Reação tardia ou ineficiente do condutor";"Colisão com objeto";"Com Vítimas Feridas";"Plena Noite";"Decrescente";"Céu Claro";"Simples";"Ponte;Curva;Em Obras";"Sim";1;0;0;1;0;0;1;1;-27,226065;-49,666161;"SPRF-SC";"DEL04-SC";"UOP02-DEL04-SC"
545489;2023-08-17;"quinta-feira";"06:00:00";"MS";463;38,9;"PONTA PORA";"Acumulo de areia ou detritos sobre o pavimento";"Saída de leito carroçável";"Com Vítimas Feridas";"Amanhecer";"Decrescente";"Céu Claro";"Simples";"Curva";"Não";3;0;1;0;2;0;1;1;-22,30963332;-55,14249494;"SPRF-MS";"DEL04-MS";"UOP03-DEL04-MS"
545492;2023-08-30;"quarta-feira";"11:00:00";"RN";110;46;"MOSSORO";"Acessar a via sem observar a presença dos outros veículos";"Tombamento";"Com Vítimas Feridas";"Pleno dia";"Crescente";"Céu Claro";"Simples";"Reta";"Sim";2;0;0;1;0;1;1;2;-5,19797675;-37,31839819;"SPRF-RN";"DEL04-RN";"UOP01-DEL04-RN"
545493;2023-08-28;"segunda-feira";"08:40:00";"RJ";116;298;"PORTO REAL";"Chuva";"Queda de ocupante de veículo";"Com Vítimas Feridas";"Pleno dia";"Decrescente";"Chuva";"Simples";"Aclive;Curva;Retorno Regulamentado";"Não";1;0;1;0;0;0;1;1;-22,45093378;-44,32835408;"SPRF-RJ";"DEL07-RJ";"UOP02-DEL07-RJ"
545494;2023-08-30;"quarta-feira";"16:12:00";"RS";386;34;"FREDERICO WESTPHALEN";"Acessar a via sem observar a presença dos outros veículos";"Colisão transversal";"Com Vítimas Feridas";"Pleno dia";"Crescente";"Céu Claro";"Simples";"Reta";"Sim";3;0;1;0;2;0;1;2;-27,358442;-53,388298;"SPRF-RS";"DEL08-RS";"UOP02-DEL08-RS"
545496;2023-08-30;"quarta-feira";"16:50:00";"PE";101;75,8;"RECIFE";"Manobra de mudança de faixa";"Engavetamento";"Com Vítimas Feridas";"Pleno dia";"Decrescente";"Céu Claro";"Dupla";"Reta";"Sim";4;0;3;0;1;0;3;3;-8,10973523;-34,94660151;"SPRF-PE";"DEL01-PE";"UOP01-DEL01-PE"
545498;2023-08-06;"domingo";"20:30:00";"AL";104;9;"SAO JOSE DA LAJE";"Velocidade Incompatível";"Queda de ocupante de veículo";"Com Vítimas Feridas";"Pleno dia";"Crescente";"Chuva";"Simples";"Rotatória";"Não";2;0;1;1;0;0;2;2;-8,97108463;-36,01804588;"SPRF-AL";"DEL01-AL";"UOP02-DEL01-AL"
545501;2023-08-30;"quarta-feira";"15:48:00";"PR";467;91,7;"CASCAVEL";"Velocidade Incompatível";"Queda de ocupante de veículo";"Com Vítimas Feridas";"Pleno dia";"Decrescente";"Sol";"Dupla";"Curva;Aclive";"Não";1;0;1;0;0;0;1;1;-24,8515;-53,6035;"SPRF-PR";"DEL04-PR";"UOP01-DEL04-PR"
545502;2023-08-30;"quarta-feira";"16:00:00";"RS";116;427,8;"CRISTAL";"Acessar a via sem observar a presença dos outros veículos";"Colisão transversal";"Com Vítimas Feridas";"Pleno dia";"Crescente";"Céu Claro";"Simples";"Reta";"Sim";3;0;0;2;1;0;2;2;-30,99035;-52,038357;"SPRF-RS";"DEL02-RS";"UOP02-DEL02-RS"
545504;2023-08-30;"quarta-feira";"17:30:00";"MG";40;723,1;"BARBACENA";"Reação tardia ou ineficiente do condutor";"Capotamento";"Com Vítimas Feridas";"Anoitecer";"Crescente";"Céu Claro";"Dupla";"Curva";"Não";2;0;2;0;0;0;2;1;-21,29864253;-43,62857213;"SPRF-MG";"DEL05-MG";"UOP01-DEL05-MG"
545506;2023-07-27;"quinta-feira";"19:30:00";"MG";116;765;"LEOPOLDINA";"Desrespeitar a preferência no cruzamento";"Colisão transversal";"Com Vítimas Feridas";"Anoitecer";"Decrescente";"Céu Claro";"Simples";"Interseção de Vias";"Não";3;0;1;0;1;1;1;3;-21,52094137;-42,65138805;"SPRF-MG";"DEL07-MG";"UOP01-DEL07-MG"
545507;2023-08-30;"quarta-feira";"13:00:00";"BA";116;19,7;"VITORIA DA CONQUISTA";"Ausência de reação do condutor";"Colisão traseira";"Com Vítimas Feridas";"Pleno dia";"Crescente";"Céu Claro";"Simples";"Reta;Em Obras";"Sim";2;0;1;0;0;1;1;2;-14,89181;-40,81886;"SPRF-BA";"DEL08-BA";"UOP01-DEL08-BA"
545508;2023-08-30;"quarta-feira";"15:50:00";"PB";230;165;"CAMPINA GRANDE";"Condutor deixou de manter distância do veículo da frente";"Colisão traseira";"Sem Vítimas";"Pleno dia";"Crescente";"Céu Claro";"Simples";"Reta";"Sim";2;0;0;0;2;0;0;2;-7,2051;-35,951;"SPRF-PB";"DEL02-PB";"UOP01-DEL02-PB"
545509;2023-08-30;"quarta-feira";"16:20:00";"BA";116;826,5;"VITORIA DA CONQUISTA";"Acessar a via sem observar a presença dos outros veículos";"Colisão transversal";"Com Vítimas Feridas";"Pleno dia";"Crescente";"Céu Claro";"Simples";"Reta;Interseção de Vias";"Não";2;0;1;0;1;0;1;2;-14,88328;-40,85737;"SPRF-BA";"DEL08-BA";"UOP01-DEL08-BA"
545510;2023-08-30;"quarta-feira";"17:20:00";"SC";101;211,2;"PALHOCA";"Trafegar com motocicleta (ou similar) entre as faixas";"Colisão lateral mesmo sentido";"Com Vítimas Feridas";"Anoitecer";"Crescente";"Nublado";"Dupla";"Reta";"Sim";1;0;1;0;0;0;1;1;-27,62329313;-48,65245588;"SPRF-SC";"DEL01-SC";"UOP02-DEL01-SC"
545511;2023-08-30;"quarta-feira";"18:20:00";"SC";101;194,6;"BIGUACU";"Reação tardia ou ineficiente do condutor";"Colisão traseira";"Com Vítimas Feridas";"Plena Noite";"Decrescente";"Céu Claro";"Múltipla";"Reta";"Sim";2;0;1;0;1;0;1;2;-27,49815117;-48,65661236;"SPRF-SC";"DEL01-SC";"UOP01-DEL01-SC"
545512;2023-08-30;"quarta-feira";"18:00:00";"PE";104;113;"PANELAS";"Pista esburacada";"Queda de ocupante de veículo";"Com Vítimas Feridas";"Plena Noite";"Crescente";"Céu Claro";"Simples";"Ponte;Reta";"Não";1;0;0;1;0;0;1;1;-8,643015;-36,0154;"SPRF-PE";"DEL02-PE";"UOP03-DEL02-PE"
545513;2023-08-30;"quarta-feira";"16:45:00";"BA";101;430,5;"MARAU";"Manobra de mudança de faixa";"Colisão frontal";"Com Vítimas Fatais";"Anoitecer";"Crescente";"Sol";"Simples";"Curva";"Não";3;1;0;1;0;1;1;3;-14,190635;-39,315801;"SPRF-BA";"DEL05-BA";"UOP01-DEL05-BA"
545514;2023-08-30;"quarta-feira";"18:25:00";"TO";153;495;"PARAISO DO TOCANTINS";"Ausência de sinalização";"Queda de ocupante de veículo";"Com Vítimas Feridas";"Anoitecer";"Decrescente";"Nublado";"Simples";"Em Obras;Reta";"Sim";1;0;1;0;0;0;1;1;-10,17092827;-48,88102233;"SPRF-TO";"DEL01-TO";"UOP01-DEL01-TO"
545515;2023-08-30;"quarta-feira";"17:30:00";"PR";277;495;"GUARANIACU";"Reação tardia ou ineficiente do condutor";"Colisão lateral sentido oposto";"Com Vítimas Feridas";"Pleno dia";"Decrescente";"Céu Claro";"Simples";"Curva";"Não";3;0;0;1;2;0;1;2;-25,18369963;-52,66655434;"SPRF-PR";"DEL04-PR";"UOP04-DEL04-PR"
545516;2023-08-30;"quarta-feira";"17:30:00";"MS";163;491;"CAMPO GRANDE";"Reação tardia ou ineficiente do condutor";"Colisão traseira";"Sem Vítimas";"Anoitecer";"Crescente";"Céu Claro";"Simples";"Interseção de Vias;Rotatória";"Não";3;0;0;0;3;0;0;2;-20,39499697;-54,55703259;"SPRF-MS";"DEL01-MS";"UOP02-DEL01-MS"
545518;2023-08-30;"quarta-feira";"18:10:00";"BA";101;875,7;"TEIXEIRA DE FREITAS";"Acessar a via sem observar a presença dos outros veículos";"Colisão transversal";"Com Vítimas Feridas";"Plena Noite";"Decrescente";"Céu Claro";"Simples";"Interseção de Vias;Reta";"Sim";2;0;1;0;1;0;1;2;-17,52943451;-39,70984697;"SPRF-BA";"DEL09-BA";"UOP02-DEL09-BA"
545519;2023-08-30;"quarta-feira";"19:00:00";"SP";116;146;"SAO JOSE DOS CAMPOS";"Condutor deixou de manter distância do veículo da frente";"Colisão traseira";"Sem Vítimas";"Plena Noite";"Decrescente";"Nublado";"Dupla";"Reta";"Sim";2;0;0;0;2;0;0;2;-23,19122919;-45,86327591;"SPRF-SP";"DEL02-SP";"UOP01-DEL02-SP"
545520;2023-08-30;"quarta-feira";"18:30:00";"ES";262;43,7;"DOMINGOS MARTINS";"Reação tardia ou ineficiente do condutor";"Colisão traseira";"Com Vítimas Feridas";"Anoitecer";"Crescente";"Nublado";"Simples";"Reta";"Não";2;0;1;0;1;0;1;2;-20,3877764;-40,66838264;"SPRF-ES";"DEL01-ES";"UOP01-DEL01-ES"
545522;2023-08-30;"quarta-feira";"18:50:00";"DF";251;54;"BRASILIA";"Mal súbito do condutor";"Saída de leito carroçável";"Com Vítimas Feridas";"Plena Noite";"Crescente";"Céu Claro";"Simples";"Reta";"Não";3;0;0;1;1;1;1;3;-15,948113;-47,845235;"SPRF-DF";"DEL01-DF";"UOP01-DEL01-DF"
545523;2023-08-30;"quarta-feira";"18:15:00";"MT";163;508;"DIAMANTINO";"Ausência de reação do condutor";"Colisão traseira";"Sem Vítimas";"Plena Noite";"Decrescente";"Céu Claro";"Dupla";"Reta";"Não";2;0;0;0;2;0;0;2;-14,601855;-56,243324;"SPRF-MT";"DEL01-MT";"UOP01-DEL01-MT"
545524;2023-08-30;"quarta-feira";"17:40:00";"PB";230;158,9;"CAMPINA GRANDE";"Desrespeitar a preferência no cruzamento";"Colisão transversal";"Com Vítimas Feridas";"Pleno dia";"Decrescente";"Nublado";"Simples";"Reta;Interseção de Vias";"Sim";2;0;0;1;1;0;1;2;-7,2582;-35,9267;"SPRF-PB";"DEL02-PB";"UOP01-DEL02-PB"
545525;2023-08-30;"quarta-feira";"18:40:00";"PR";277;662,8;"MEDIANEIRA";"Reação tardia ou ineficiente do condutor";"Capotamento";"Com Vítimas Feridas";"Plena Noite";"Crescente";"Céu Claro";"Dupla";"Reta";"Não";2;0;1;1;0;0;2;1;-25,25121745;-54,00913508;"SPRF-PR";"DEL05-PR";"UOP02-DEL05-PR"
545526;2023-08-30;"quarta-feira";"19:15:00";"SP";116;216;"GUARULHOS";"Reação tardia ou ineficiente do condutor";"Tombamento";"Com Vítimas Feridas";"Plena Noite";"Decrescente";"Céu Claro";"Múltipla";"Reta";"Sim";1;0;1;0;0;0;1;1;-23,45056589;-46,46258105;"SPRF-SP";"DEL01-SP";"UOP01-DEL01-SP"
545528;2023-08-30;"quarta-feira";"20:07:00";"PE";104;61;"CARUARU";"Acessar a via sem observar a presença dos outros veículos";"Colisão transversal";"Com Vítimas Feridas";"Plena Noite";"Decrescente";"Céu Claro";"Dupla";"Reta;Retorno Regulamentado";"Não";3;0;2;0;1;0;2;2;-8,24583016;-35,97492456;"SPRF-PE";"DEL02-PE";"UOP01-DEL02-PE"
545529;2023-08-30;"quarta-feira";"14:30:00";"MA";10;351;"ACAILANDIA";"Manobra de mudança de faixa";"Saída de leito carroçável";"Sem Vítimas";"Pleno dia";"Decrescente";"Sol";"Simples";"Reta";"Não";1;0;0;0;1;0;0;1;-4,683117;-47,493061;"SPRF-MA";"DEL04-MA";"UOP03-DEL04-MA"
545531;2023-08-30;"quarta-feira";"19:30:00";"RJ";40;120;"DUQUE DE CAXIAS";"Condutor deixou de manter distância do veículo da frente";"Colisão traseira";"Com Vítimas Feridas";"Plena Noite";"Decrescente";"Nublado";"Dupla";"Reta";"Não";2;0;1;0;1;0;1;2;-22,77280597;-43,28626763;"SPRF-RJ";"DEL01-RJ";"UOP01-DEL01-RJ"
545532;2023-07-24;"segunda-feira";"05:30:00";"CE";116;35;"HORIZONTE";"Ausência de reação do condutor";"Colisão traseira";"Com Vítimas Fatais";"Amanhecer";"Decrescente";"Céu Claro";"Dupla";"Declive;Reta";"Sim";2;1;0;0;0;1;0;2;-4,05218058;-38,50627716;"SPRF-CE";"DEL01-CE";"UOP02-DEL01-CE"
545533;2023-08-30;"quarta-feira";"20:20:00";"RS";116;264;"CANOAS";"Mal súbito do condutor";"Colisão com objeto";"Com Vítimas Feridas";"Plena Noite";"Crescente";"Céu Claro";"Dupla";"Reta";"Sim";1;0;1;0;0;0;1;1;-29,914435;-51,17754495;"SPRF-RS";"DEL01-RS";"UOP01-DEL01-RS"
545535;2023-08-30;"quarta-feira";"11:50:00";"RJ";101;80;"CAMPOS DOS GOYTACAZES";"Manobra de mudança de faixa";"Queda de ocupante de veículo";"Com Vítimas Feridas";"Pleno dia";"Decrescente";"Céu Claro";"Múltipla";"Reta";"Não";1;0;1;0;0;0;1;1;-21,83453437;-41,43797909;"SPRF-RJ";"DEL08-RJ";"UOP02-DEL08-RJ"
545538;2023-08-30;"quarta-feira";"16:55:00";"RJ";101;322;"NITEROI";"Velocidade Incompatível";"Colisão traseira";"Com Vítimas Feridas";"Pleno dia";"Decrescente";"Nublado";"Simples";"Declive;Ponte;Reta";"Sim";2;0;0;1;1;0;1;2;-22,88467014;-43,11555505;"SPRF-RJ";"DEL02-RJ";"UOP01-DEL02-RJ"
545539;2023-08-30;"quarta-feira";"21:15:00";"MG";381;865,5;"POUSO ALEGRE";"Pedestre andava na pista";"Atropelamento de Pedestre";"Com Vítimas Feridas";"Plena Noite";"Crescente";"Céu Claro";"Dupla";"Reta";"Não";2;0;1;0;1;0;1;2;-22,39502394;-45,95810707;"SPRF-MG";"DEL16-MG";"UOP01-DEL16-MG"
545541;2023-08-30;"quarta-feira";"21:40:00";"RJ";116;67,3;"TERESOPOLIS";"Velocidade Incompatível";"Colisão lateral sentido oposto";"Com Vítimas Feridas";"Plena Noite";"Decrescente";"Nublado";"Simples";"Curva";"Não";3;0;0;1;1;1;1;3;-22,29221849;-42,93306291;"SPRF-RJ";"DEL04-RJ";"UOP01-DEL04-RJ"
545542;2023-08-30;"quarta-feira";"20:40:00";"PR";116;104;"SAO JOSE DOS PINHAIS";"Pedestre andava na pista";"Atropelamento de Pedestre";"Com Vítimas Feridas";"Plena Noite";"Crescente";"Nublado";"Simples";"Declive;Reta";"Não";4;0;3;0;1;0;3;2;-25,56635207;-49,16833598;"SPRF-PR";"DEL01-PR";"UOP07-DEL01-PR"
545546;2023-08-30;"quarta-feira";"19:40:00";"RJ";465;5;"SEROPEDICA";"Acessar a via sem observar a presença dos outros veículos";"Colisão transversal";"Com Vítimas Feridas";"Plena Noite";"Decrescente";"Céu Claro";"Dupla";"Reta";"Não";2;0;0;1;1;0;1;2;-22,747673;-43,699196;"SPRF-RJ";"DEL01-RJ";"UOP03-DEL01-RJ"
545548;2023-08-30;"quarta-feira";"21:50:00";"RS";290;276,4;"CACHOEIRA DO SUL";"Manobra de mudança de faixa";"Colisão frontal";"Com Vítimas Feridas";"Plena Noite";"Crescente";"Céu Claro";"Simples";"Aclive;Reta";"Não";3;0;0;2;1;0;2;2;-30,260109;-52,983849;"SPRF-RS";"DEL02-RS";"UOP03-DEL02-RS"
545549;2023-08-30;"quarta-feira";"21:00:00";"SC";101;321;"PESCARIA BRAVA";"Mal súbito do condutor";"Colisão traseira";"Com Vítimas Feridas";"Plena Noite";"Crescente";"Céu Claro";"Dupla";"Reta";"Sim";2;0;0;1;1;0;1;2;-28,42612789;-48,90632629;"SPRF-SC";"DEL02-SC";"UOP01-DEL02-SC"
545550;2023-08-30;"quarta-feira";"20:52:00";"PR";116;126;"FAZENDA RIO GRANDE";"Ingestão de álcool ou de substâncias psicoativas pelo pedestre";"Atropelamento de Pedestre";"Com Vítimas Feridas";"Plena Noite";"Decrescente";"Céu Claro";"Dupla";"Reta";"Sim";2;0;1;0;1;0;1;2;-25,60401548;-49,31810551;"SPRF-PR";"DEL01-PR";"UOP03-DEL01-PR"
545553;2023-08-30;"quarta-feira";"23:30:00";"SC";101;221,6;"PALHOCA";"Reação tardia ou ineficiente do condutor";"Queda de ocupante de veículo";"Com Vítimas Feridas";"Plena Noite";"Crescente";"Céu Claro";"Dupla";"Reta;Viaduto";"Não";1;0;0;1;0;0;1;1;-27,70012652;-48,66021182;"SPRF-SC";"DEL01-SC";"UOP02-DEL01-SC"
545554;2023-08-30;"quarta-feira";"22:40:00";"RS";386;118,6;"SARANDI";"Reação tardia ou ineficiente do condutor";"Saída de leito carroçável";"Com Vítimas Feridas";"Plena Noite";"Decrescente";"Céu Claro";"Simples";"Curva";"Não";1;0;1;0;0;0;1;1;-27,85459;-53,01472;"SPRF-RS";"DEL08-RS";"UOP01-DEL08-RS"
545556;2023-08-30;"quarta-feira";"22:20:00";"MG";40;686,7;"RESSAQUINHA";"Animais na Pista";"Colisão com objeto";"Com Vítimas Feridas";"Plena Noite";"Decrescente";"Céu Claro";"Simples";"Aclive;Reta";"Não";2;0;1;0;1;0;1;1;-21,096925;-43,768041;"SPRF-MG";"DEL05-MG";"UOP02-DEL05-MG"
545557;2023-08-30;"quarta-feira";"21:00:00";"MA";135;9;"SAO LUIS";"Reação tardia ou ineficiente do condutor";"Atropelamento de Pedestre";"Com Vítimas Feridas";"Plena Noite";"Decrescente";"Céu Claro";"Dupla";"Curva";"Sim";2;0;1;0;0;1;1;2;-2,64941425;-44,28038883;"SPRF-MA";"DEL01-MA";"UOP01-DEL01-MA"
545558;2023-08-30;"quarta-feira";"22:30:00";"MG";50;163;"UBERABA";"Ausência de reação do condutor";"Colisão com objeto";"Sem Vítimas";"Plena Noite";"Decrescente";"Céu Claro";"Dupla";"Reta";"Não";5;0;0;0;4;1;0;1;-19,67626592;-47,99599279;"SPRF-MG";"DEL13-MG";"UOP01-DEL13-MG"
545562;2023-08-31;"quinta-feira";"00:00:00";"DF";60;2,7;"BRASILIA";"Acesso irregular";"Colisão transversal";"Com Vítimas Feridas";"Plena Noite";"Crescente";"Céu Claro";"Dupla";"Reta";"Sim";2;0;1;0;1;0;1;2;-15,887383;-48,077988;"SPRF-DF";"DEL03-DF";"UOP01-DEL03-DF"
545564;2023-08-30;"quarta-feira";"21:50:00";"MT";364;271;"JACIARA";"Ausência de reação do condutor";"Queda de ocupante de veículo";"Com Vítimas Feridas";"Plena Noite";"Crescente";"Céu Claro";"Dupla";"Aclive";"Sim";2;0;2;0;0;0;2;1;-15,96962998;-54,95363;"SPRF-MT";"DEL05-MT";"UOP02-DEL05-MT"
545567;2023-08-30;"quarta-feira";"21:30:00";"AC";364;128;"RIO BRANCO";"Reação tardia ou ineficiente do condutor";"Saída de leito carroçável";"Sem Vítimas";"Plena Noite";"Crescente";"Céu Claro";"Simples";"Reta";"Não";1;0;0;0;0;1;0;1;-10,02644375;-67,8206882;"SPRF-AC";"DEL01-AC";"UOP01-DEL01-AC"
545569;2023-08-30;"quarta-feira";"22:05:00";"SC";101;341,3;"TUBARAO";"Desrespeitar a preferência no cruzamento";"Colisão frontal";"Com Vítimas Feridas";"Plena Noite";"Decrescente";"Céu Claro";"Simples";"Reta;Aclive";"Sim";2;0;1;0;1;0;1;2;-28,52403678;-49,05551612;"SPRF-SC";"DEL02-SC";"UOP01-DEL02-SC"
545571;2023-08-31;"quinta-feira";"02:30:00";"RJ";116;143;"DUQUE DE CAXIAS";"Entrada inopinada do pedestre";"Atropelamento de Pedestre";"Com Vítimas Fatais";"Plena Noite";"Decrescente";"Nublado";"Dupla";"Reta";"Não";2;1;0;0;0;1;0;2;-22,65237271;-43,23918118;"SPRF-RJ";"DEL01-RJ";"UOP01-DEL01-RJ"