"id";"data_inversa";"dia_semana";"horario";"uf";"br";"km";"municipio";"causa_acidente";"tipo_acidente";"classificacao_acidente";"fase_dia";"sentido_via";"condicao_metereologica";"tipo_pista";"tracado_via";"uso_solo";"pessoas";"mortos";"feridos_leves";"feridos_graves";"ilesos";"ignorados";"feridos";"veiculos";"latitude";"longitude";"regional";"delegacia";"uop"
545575;2023-08-31;"quinta-feira";"04:30:00";"BA";116;425;"FEIRA DE SANTANA";"Animais na Pista";"Atropelamento de Animal";"Com Vítimas Feridas";"Plena Noite";"Decrescente";"Nublado";"Dupla";"Reta";"Sim";2;0;0;2;0;0;2;1;-12,24420407;-38,98563987;"SPRF-BA";"DEL02-BA";"UOP01-DEL02-BA"
545577;2023-08-31;"quinta-feira";"05:07:00";"PA";316;71,5;"CASTANHAL";"Ausência de reação do condutor";"Colisão traseira";"Com Vítimas Feridas";"Pleno dia";"Decrescente";"Céu Claro";"Simples";"Reta";"Não";6;0;1;0;5;0;1;2;-1,28995;-47,852737;"SPRF-PA";"DEL01-PA";"UOP01-DEL01-PA"
545578;2023-08-31;"quinta-feira";"03:30:00";"BA";101;799;"ITAMARAJU";"Ausência de reação do condutor";"Saída de leito carroçável";"Com Vítimas Feridas";"Plena Noite";"Crescente";"Céu Claro";"Simples";"Declive;Reta";"Não";1;0;0;1;0;0;1;1;-17,132744;-39,570017;"SPRF-BA";"DEL09-BA";"UOP01-DEL09-BA"
545579;2023-08-31;"quinta-feira";"06:25:00";"RS";116;245;"SAO LEOPOLDO";"Trafegar com motocicleta (ou similar) entre as faixas";"Colisão lateral mesmo sentido";"Com Vítimas Feridas";"Pleno dia";"Crescente";"Céu Claro";"Dupla";"Reta";"Sim";3;0;2;0;1;0;2;2;-29,74980902;-51,15125361;"SPRF-RS";"DEL01-RS";"UOP02-DEL01-RS"
545581;2023-08-31;"quinta-feira";"06:20:00";"SC";470;62;"BLUMENAU";"Acessar a via sem observar a presença dos outros veículos";"Colisão frontal";"Com Vítimas Feridas";"Pleno dia";"Crescente";"Céu Claro";"Simples";"Aclive;Reta";"Não";2;0;1;0;1;0;1;2;-26,874521;-49,182938;"SPRF-SC";"DEL04-SC";"UOP01-DEL04-SC"
545582;2023-08-30;"quarta-feira";"21:00:00";"GO";158;220,9;"JATAI";"Condutor deixou de manter distância do veículo da frente";"Colisão traseira";"Com Vítimas Feridas";"Plena Noite";"Crescente";"Céu Claro";"Simples";"Reta";"Não";2;0;2;0;0;0;2;2;-17,48083704;-51,88860607;"SPRF-GO";"DEL05-GO";"UOP01-DEL05-GO"
545583;2023-08-31;"quinta-feira";"06:50:00";"RS";287;250;"SANTA MARIA";"Pedestre cruzava a pista fora da faixa";"Colisão transversal";"Com Vítimas Feridas";"Pleno dia";"Crescente";"Céu Claro";"Dupla";"Reta";"Sim";3;0;0;1;1;1;1;3;-29,69123099;-53,86931419;"SPRF-RS";"DEL09-RS";"UOP01-DEL09-RS"
545586;2023-07-12;"quarta-feira";"11:10:00";"MT";70;5;"BARRA DO GARCAS";"Acessar a via sem observar a presença dos outros veículos";"Colisão transversal";"Com Vítimas Feridas";"Pleno dia";"Decrescente";"Sol";"Dupla";"Interseção de Vias";"Sim";2;0;1;0;1;0;1;2;-15,87814789;-52,296134;"SPRF-MT";"DEL07-MT";"UOP01-DEL07-MT"
545587;2023-08-30;"quarta-feira";"21:40:00";"SC";101;74;"ARAQUARI";"Objeto estático sobre o leito carroçável";"Tombamento";"Com Vítimas Feridas";"Plena Noite";"Decrescente";"Céu Claro";"Dupla";"Reta";"Não";1;0;1;0;0;0;1;1;-26,53567108;-48,71326731;"SPRF-SC";"DEL03-SC";"UOP02-DEL03-SC"
545588;2023-08-31;"quinta-feira";"06:59:00";"GO";40;15;"LUZIANIA";"Demais falhas mecânicas ou elétricas";"Colisão com objeto";"Com Vítimas Feridas";"Pleno dia";"Decrescente";"Céu Claro";"Dupla";"Reta";"Não";1;0;1;0;0;0;1;1;-16,1671;-47,930161;"SPRF-DF";"DEL01-DF";"UOP01-DEL01-DF"
545590;2023-08-31;"quinta-feira";"07:30:00";"SC";470;70;"INDAIAL";"Reação tardia ou ineficiente do condutor";"Saída de leito carroçável";"Com Vítimas Feridas";"Pleno dia";"Crescente";"Céu Claro";"Simples";"Em Obras";"Sim";2;0;2;0;0;0;2;1;-26,889374;-49,254478;"SPRF-SC";"DEL04-SC";"UOP01-DEL04-SC"
545591;2023-08-31;"quinta-feira";"07:00:00";"MG";40;512,7;"RIBEIRAO DAS NEVES";"Manobra de mudança de faixa";"Colisão lateral mesmo sentido";"Com Vítimas Feridas";"Pleno dia";"Crescente";"Céu Claro";"Dupla";"Aclive;Reta";"Não";2;0;1;0;1;0;1;2;-19,78946999;-44,11290699;"SPRF-MG";"DEL01-MG";"UOP02-DEL01-MG"
545592;2023-08-31;"quinta-feira";"06:40:00";"BA";101;98;"ALAGOINHAS";"Condutor Dormindo";"Saída de leito carroçável";"Sem Vítimas";"Pleno dia";"Crescente";"Céu Claro";"Simples";"Reta";"Não";2;0;0;0;2;0;0;1;-12,12395106;-38,39300331;"SPRF-BA";"DEL01-BA";"UOP04-DEL01-BA"
545593;2023-08-31;"quinta-feira";"06:30:00";"PB";101;55;"SANTA RITA";"Condutor Dormindo";"Saída de leito carroçável";"Com Vítimas Feridas";"Pleno dia";"Decrescente";"Sol";"Dupla";"Reta";"Não";1;0;1;0;0;0;1;1;-6,96193314;-35,08636026;"SPRF-PB";"DEL01-PB";"UOP04-DEL01-PB"
545597;2023-08-30;"quarta-feira";"15:00:00";"RO";364;920;"PORTO VELHO";"Fumaça";"Colisão frontal";"Com Vítimas Feridas";"Pleno dia";"Crescente";"Nublado";"Simples";"Em Obras;Reta";"Não";2;0;2;0;0;0;2;2;-9,73910374;-65,30423594;"SPRF-RO";"DEL01-RO";"UOP03-DEL01-RO"
545600;2023-08-31;"quinta-feira";"07:45:00";"ES";101;270;"SERRA";"Ausência de reação do condutor";"Colisão transversal";"Com Vítimas Feridas";"Pleno dia";"Decrescente";"Nublado";"Múltipla";"Interseção de Vias";"Sim";2;0;1;0;1;0;1;2;-20,22662056;-40,27075088;"SPRF-ES";"DEL02-ES";"UOP01-DEL02-ES"
545601;2023-08-31;"quinta-feira";"07:50:00";"SP";116;227;"SAO PAULO";"Manobra de mudança de faixa";"Colisão lateral mesmo sentido";"Com Vítimas Feridas";"Pleno dia";"Crescente";"Nublado";"Múltipla";"Reta";"Sim";2;0;1;0;0;1;1;2;-23,49659264;-46,55648754;"SPRF-SP";"DEL01-SP";"UOP01-DEL01-SP"
545603;2023-08-31;"quinta-feira";"01:20:00";"RJ";40;55;"PETROPOLIS";"Ausência de reação do condutor";"Colisão com objeto";"Com Vítimas Feridas";"Plena Noite";"Crescente";"Céu Claro";"Dupla";"Reta";"Não";1;0;1;0;0;0;1;1;-22,35382783;-43,12184226;"SPRF-RJ";"DEL05-RJ";"UOP02-DEL05-RJ"
545604;2023-08-31;"quinta-feira";"08:44:00";"ES";101;304;"VIANA";"Ausência de reação do condutor";"Colisão traseira";"Com Vítimas Feridas";"Pleno dia";"Decrescente";"Céu Claro";"Dupla";"Reta";"Sim";2;0;1;0;1;0;1;2;-20,3800645;-40,45431391;"SPRF-ES";"DEL01-ES";"UOP01-DEL01-ES"
545605;2023-08-31;"quinta-feira";"08:02:00";"AL";424;98;"MARECHAL DEODORO";"Animais na Pista";"Atropelamento de Animal";"Com Vítimas Feridas";"Pleno dia";"Decrescente";"Céu Claro";"Simples";"Reta";"Não";1;0;1;0;0;0;1;1;-9,63501808;-35,85954733;"SPRF-AL";"DEL02-AL";"UOP01-DEL02-AL"
545607;2023-08-31;"quinta-feira";"08:30:00";"RJ";116;143;"DUQUE DE CAXIAS";"Condutor deixou de manter distância do veículo da frente";"Colisão traseira";"Com Vítimas Feridas";"Pleno dia";"Decrescente";"Céu Claro";"Múltipla";"Reta";"Não";2;0;1;0;1;0;1;2;-22,65237271;-43,23918118;"SPRF-RJ";"DEL01-RJ";"UOP01-DEL01-RJ"
545608;2023-08-31;"quinta-feira";"08:15:00";"GO";60;95;"ANAPOLIS";"Demais Fenômenos da natureza";"Colisão transversal";"Com Vítimas Feridas";"Pleno dia";"Decrescente";"Céu Claro";"Simples";"Aclive;Reta";"Sim";2;0;1;0;1;0;1;2;-16,3679;-48,939;"SPRF-GO";"DEL02-GO";"UOP01-DEL02-GO"
545609;2023-08-31;"quinta-feira";"09:00:00";"PB";230;8,4;"CABEDELO";"Ausência de reação do condutor";"Colisão traseira";"Com Vítimas Feridas";"Pleno dia";"Decrescente";"Céu Claro";"Dupla";"Viaduto";"Sim";2;0;1;0;1;0;1;2;-7,0355;-34,8429;"SPRF-PB";"DEL01-PB";"UOP01-DEL01-PB"
545610;2023-08-31;"quinta-feira";"08:27:00";"PR";476;175;"CONTENDA";"Demais falhas mecânicas ou elétricas";"Incêndio";"Sem Vítimas";"Pleno dia";"Crescente";"Céu Claro";"Simples";"Reta";"Não";1;0;0;0;1;0;0;1;-25,690516;-49,543564;"SPRF-PR";"DEL01-PR";"UOP06-DEL01-PR"
545612;2023-08-31;"quinta-feira";"08:40:00";"SC";101;147;"ITAPEMA";"Desrespeitar a preferência no cruzamento";"Colisão transversal";"Com Vítimas Feridas";"Pleno dia";"Crescente";"Céu Claro";"Múltipla";"Interseção de Vias;Reta";"Sim";3;0;1;0;2;0;1;2;-27,09237407;-48,61730888;"SPRF-SC";"DEL04-SC";"UOP03-DEL04-SC"
545613;2023-08-31;"quinta-feira";"07:43:00";"AP";210;1;"MACAPA";"Ausência de reação do condutor";"Colisão traseira";"Com Vítimas Feridas";"Pleno dia";"Crescente";"Céu Claro";"Dupla";"Reta";"Sim";3;0;1;2;0;0;3;2;0,07816717;-51,06998693;"SPRF-AP";"DEL01-AP";"UOP01-DEL01-AP"
545614;2023-08-31;"quinta-feira";"08:38:00";"PR";376;594;"CURITIBA";"Trafegar com motocicleta (ou similar) entre as faixas";"Queda de ocupante de veículo";"Com Vítimas Feridas";"Pleno dia";"Decrescente";"Sol";"Dupla";"Reta";"Sim";1;0;0;1;0;0;1;1;-25,48479613;-49,34730331;"SPRF-PR";"DEL01-PR";"UOP06-DEL01-PR"
545615;2023-08-31;"quinta-feira";"09:00:00";"MG";116;522,7;"CARATINGA";"Condutor deixou de manter distância do veículo da frente";"Colisão lateral mesmo sentido";"Com Vítimas Feridas";"Pleno dia";"Crescente";"Céu Claro";"Simples";"Retorno Regulamentado;Interseção de Vias;Rotatória";"Sim";3;0;2;0;0;1;2;2;-19,74300101;-42,13231969;"SPRF-MG";"DEL06-MG";"UOP02-DEL06-MG"
545616;2023-08-31;"quinta-feira";"05:40:00";"MG";40;192,3;"JOAO PINHEIRO";"Acessar a via sem observar a presença dos outros veículos";"Colisão traseira";"Com Vítimas Feridas";"Pleno dia";"Decrescente";"Céu Claro";"Simples";"Reta";"Não";3;0;2;0;1;0;2;2;-18,00352499;-45,879104;"SPRF-MG";"DEL14-MG";"UOP02-DEL14-MG"
545617;2023-08-31;"quinta-feira";"07:25:00";"SP";116;224;"GUARULHOS";"Trafegar com motocicleta (ou similar) entre as faixas";"Colisão traseira";"Com Vítimas Feridas";"Pleno dia";"Crescente";"Céu Claro";"Múltipla";"Reta";"Sim";3;0;1;0;2;0;1;2;-23,48071896;-46,53271603;"SPRF-SP";"DEL01-SP";"UOP01-DEL01-SP"
545618;2023-08-31;"quinta-feira";"09:45:00";"ES";101;305,8;"VIANA";"Reação tardia ou ineficiente do condutor";"Colisão com objeto";"Com Vítimas Feridas";"Pleno dia";"Decrescente";"Céu Claro";"Dupla";"Curva";"Não";1;0;1;0;0;0;1;1;-20,38392;-40,461254;"SPRF-ES";"DEL01-ES";"UOP01-DEL01-ES"
545620;2023-08-31;"quinta-feira";"08:00:00";"SP";116;219;"GUARULHOS";"Trafegar com motocicleta (ou similar) entre as faixas";"Capotamento";"Com Vítimas Feridas";"Pleno dia";"Crescente";"Céu Claro";"Múltipla";"Reta";"Não";2;0;2;0;0;0;2;1;-23,46143954;-46,48885316;"SPRF-SP";"DEL01-SP";"UOP01-DEL01-SP"
545621;2023-07-03;"segunda-feira";"02:00:00";"PR";467;80;"CASCAVEL";"Velocidade Incompatível";"Saída de leito carroçável";"Com Vítimas Feridas";"Plena Noite";"Crescente";"Ignorado";"Dupla";"Reta";"Não";4;0;4;0;0;0;4;1;-24,7875;-53,6778;"SPRF-PR";"DEL04-PR";"UOP01-DEL04-PR"
545622;2023-08-23;"quarta-feira";"12:30:00";"GO";40;11,9;"LUZIANIA";"Acessar a via sem observar a presença dos outros veículos";"Colisão transversal";"Com Vítimas Feridas";"Pleno dia";"Decrescente";"Céu Claro";"Dupla";"Reta";"Não";2;0;1;0;1;0;1;2;-16,138336;-47,951644;"SPRF-DF";"DEL01-DF";"UOP01-DEL01-DF"
545624;2023-08-31;"quinta-feira";"10:45:00";"DF";40;3;"BRASILIA";"Acumulo de óleo sobre o pavimento";"Queda de ocupante de veículo";"Com Vítimas Feridas";"Pleno dia";"Crescente";"Céu Claro";"Dupla";"Reta";"Sim";2;0;1;0;1;0;1;2;-16,01164767;-47,98235178;"SPRF-DF";"DEL01-DF";"UOP01-DEL01-DF"
545625;2023-08-31;"quinta-feira";"08:10:00";"PB";230;125,5;"RIACHAO DO BACAMARTE";"Ausência de reação do condutor";"Saída de leito carroçável";"Com Vítimas Feridas";"Pleno dia";"Decrescente";"Céu Claro";"Simples";"Declive;Reta";"Não";1;0;1;0;0;0;1;1;-7,26077579;-35,69267035;"SPRF-PB";"DEL02-PB";"UOP01-DEL02-PB"
545628;2023-08-31;"quinta-feira";"09:30:00";"GO";153;212;"URUACU";"Conversão proibida";"Colisão lateral mesmo sentido";"Com Vítimas Feridas";"Pleno dia";"Decrescente";"Céu Claro";"Simples";"Reta";"Não";5;0;2;0;3;0;2;2;-14,62512;-49,17255;"SPRF-GO";"DEL07-GO";"UOP02-DEL07-GO"
545629;2023-08-24;"quinta-feira";"22:50:00";"BA";367;83;"EUNAPOLIS";"Acessar a via sem observar a presença dos outros veículos";"Colisão lateral mesmo sentido";"Com Vítimas Feridas";"Plena Noite";"Crescente";"Céu Claro";"Simples";"Interseção de Vias";"Sim";2;0;1;0;1;0;1;2;-16,37256267;-39,57064408;"SPRF-BA";"DEL09-BA";"UOP03-DEL09-BA"
545630;2023-08-31;"quinta-feira";"09:00:00";"SP";116;58,1;"GUARATINGUETA";"Ausência de reação do condutor";"Colisão com objeto";"Com Vítimas Feridas";"Pleno dia";"Crescente";"Céu Claro";"Dupla";"Reta";"Sim";1;0;1;0;0;0;1;1;-22,78005511;-45,14572791;"SPRF-SP";"DEL08-SP";"UOP01-DEL08-SP"
545631;2023-08-31;"quinta-feira";"11:30:00";"RS";116;2,7;"PORTO ALEGRE";"Reação tardia ou ineficiente do condutor";"Tombamento";"Com Vítimas Feridas";"Pleno dia";"Decrescente";"Céu Claro";"Múltipla";"Reta";"Sim";1;0;1;0;0;0;1;1;-30,033535;-51,230453;"SPRF-RS";"DEL01-RS";"UOP01-DEL01-RS"
545632;2023-08-31;"quinta-feira";"11:50:00";"ES";101;300,6;"VIANA";"Mal súbito do condutor";"Colisão com objeto";"Com Vítimas Feridas";"Pleno dia";"Crescente";"Céu Claro";"Dupla";"Reta";"Sim";1;0;1;0;0;0;1;1;-20,358635;-40,432167;"SPRF-ES";"DEL01-ES";"UOP01-DEL01-ES"
545633;2023-07-29;"sábado";"15:30:00";"PE";104;62;"CARUARU";"Manobra de mudança de faixa";"Colisão traseira";"Com Vítimas Feridas";"Pleno dia";"Crescente";"Céu Claro";"Dupla";"Viaduto";"Sim";2;0;0;1;1;0;1;2;-8,2618;-35,976;"SPRF-PE";"DEL02-PE";"UOP01-DEL02-PE"
545634;2023-08-31;"quinta-feira";"11:23:00";"ES";101;270;"SERRA";"Manobra de mudança de faixa";"Colisão lateral mesmo sentido";"Com Vítimas Feridas";"Pleno dia";"Decrescente";"Céu Claro";"Dupla";"Reta";"Sim";2;0;1;0;1;0;1;2;-20,22662056;-40,27075088;"SPRF-ES";"DEL02-ES";"UOP01-DEL02-ES"
545635;2023-08-31;"quinta-feira";"11:20:00";"MA";10;269;"IMPERATRIZ";"Ultrapassagem Indevida";"Colisão frontal";"Com Vítimas Feridas";"Pleno dia";"Crescente";"Céu Claro";"Simples";"Declive;Reta";"Não";4;0;4;0;0;0;4;2;-5,382404;-47,476055;"SPRF-MA";"DEL04-MA";"UOP01-DEL04-MA"
545637;2023-07-07;"sexta-feira";"21:40:00";"RN";226;5;"NATAL";"Acessar a via sem observar a presença dos outros veículos";"Atropelamento de Pedestre";"Com Vítimas Fatais";"Plena Noite";"Crescente";"Nublado";"Simples";"Reta";"Sim";2;1;0;0;1;0;0;2;-5,82090114;-35,26828435;"SPRF-RN";"DEL01-RN";"UOP02-DEL01-RN"
545639;2023-08-31;"quinta-feira";"10:30:00";"PR";272;376;"CAMPO MOURAO";"Retorno proibido";"Colisão transversal";"Com Vítimas Feridas";"Pleno dia";"Decrescente";"Céu Claro";"Simples";"Aclive;Reta";"Não";2;0;2;0;0;0;2;2;-24,06221556;-52,48333492;"SPRF-PR";"DEL09-PR";"UOP03-DEL09-PR"
545643;2023-08-31;"quinta-feira";"10:00:00";"BA";30;342;"MALHADA DE PEDRAS";"Manobra de mudança de faixa";"Colisão transversal";"Com Vítimas Feridas";"Pleno dia";"Decrescente";"Céu Claro";"Simples";"Aclive;Reta;Interseção de Vias";"Não";3;0;2;0;1;0;2;2;-14,23823939;-41,88609914;"SPRF-BA";"DEL08-BA";"UOP01-DEL08-BA"
545644;2023-08-31;"quinta-feira";"13:00:00";"SC";101;123,6;"ITAJAI";"Ausência de reação do condutor";"Colisão transversal";"Com Vítimas Feridas";"Pleno dia";"Crescente";"Sol";"Simples";"Interseção de Vias";"Não";3;0;1;1;1;0;2;2;-26,93668609;-48,69876905;"SPRF-SC";"DEL04-SC";"UOP04-DEL04-SC"
545647;2023-08-31;"quinta-feira";"11:17:00";"SC";470;38,6;"GASPAR";"Ausência de reação do condutor";"Colisão lateral mesmo sentido";"Com Vítimas Feridas";"Pleno dia";"Decrescente";"Céu Claro";"Dupla";"Reta";"Sim";2;0;0;1;1;0;1;2;-26,89974048;-48,98452878;"SPRF-SC";"DEL04-SC";"UOP01-DEL04-SC"
545648;2023-08-31;"quinta-feira";"13:10:00";"RJ";356;122;"CAMPOS DOS GOYTACAZES";"Mal súbito do condutor";"Colisão traseira";"Com Vítimas Feridas";"Pleno dia";"Decrescente";"Céu Claro";"Simples";"Reta";"Não";2;0;1;0;1;0;1;2;-21,64985806;-41,397958;"SPRF-RJ";"DEL08-RJ";"UOP01-DEL08-RJ"
545649;2023-08-27;"domingo";"17:30:00";"BA";420;249;"MUTUIPE";"Manobra de mudança de faixa";"Colisão frontal";"Com Vítimas Feridas";"Anoitecer";"Decrescente";"Céu Claro";"Simples";"Reta";"Sim";2;0;2;0;0;0;2;2;-13,20068694;-39,46359017;"SPRF-BA";"DEL01-BA";"UOP02-DEL01-BA"
545650;2023-08-31;"quinta-feira";"11:00:00";"PR";163;265,8;"TOLEDO";"Acessar a via sem observar a presença dos outros veículos";"Colisão traseira";"Com Vítimas Feridas";"Pleno dia";"Decrescente";"Céu Claro";"Dupla";"Reta";"Não";2;0;1;1;0;0;2;2;-24,63855056;-53,86145174;"SPRF-PR";"DEL06-PR";"UOP02-DEL06-PR"
545651;2023-08-12;"sábado";"04:24:00";"PR";376;10;"MARINGA";"Reação tardia ou ineficiente do condutor";"Colisão lateral mesmo sentido";"Com Vítimas Feridas";"Plena Noite";"Crescente";"Céu Claro";"Dupla";"Reta";"Sim";2;0;0;1;1;0;1;2;-23,4273;-51,9375;"SPRF-PR";"DEL09-PR";"UOP01-DEL09-PR"
545652;2023-08-31;"quinta-feira";"07:45:00";"MG";381;232,2;"BELO ORIENTE";"Reação tardia ou ineficiente do condutor";"Colisão frontal";"Com Vítimas Feridas";"Pleno dia";"Crescente";"Céu Claro";"Simples";"Declive;Reta";"Não";2;0;1;0;1;0;1;2;-19,36930432;-42,45336531;"SPRF-MG";"DEL06-MG";"UOP01-DEL06-MG"
545655;2023-08-31;"quinta-feira";"13:40:00";"MT";163;839;"SINOP";"Reação tardia ou ineficiente do condutor";"Colisão traseira";"Sem Vítimas";"Pleno dia";"Decrescente";"Céu Claro";"Simples";"Reta";"Sim";2;0;0;0;2;0;0;2;-11,951051;-55,516876;"SPRF-MT";"DEL06-MT";"UOP02-DEL06-MT"
545657;2023-08-31;"quinta-feira";"13:00:00";"PB";361;78;"PIANCO";"Condutor Dormindo";"Colisão frontal";"Com Vítimas Feridas";"Pleno dia";"Crescente";"Céu Claro";"Simples";"Reta";"Não";3;0;0;2;1;0;2;2;-7,18552414;-37,877191;"SPRF-PB";"DEL03-PB";"UOP01-DEL03-PB"
545658;2023-08-31;"quinta-feira";"14:35:00";"DF";20;23;"BRASILIA";"Demais falhas mecânicas ou elétricas";"Incêndio";"Sem Vítimas";"Pleno dia";"Decrescente";"Nublado";"Dupla";"Reta";"Sim";1;0;0;0;1;0;0;1;-15,5949203;-47,66731739;"SPRF-DF";"DEL02-DF";"UOP01-DEL02-DF"
545660;2023-03-11;"sábado";"20:30:00";"RJ";116;133;"MAGE";"Ausência de reação do condutor";"Colisão traseira";"Com Vítimas Fatais";"Plena Noite";"Decrescente";"Chuva";"Dupla";"Reta";"Não";3;1;1;0;1;0;1;2;-22,65418284;-43,14382995;"SPRF-RJ";"DEL04-RJ";"UOP02-DEL04-RJ"
545665;2023-04-21;"sexta-feira";"23:45:00";"BA";101;268,7;"LAJE";"Manobra de mudança de faixa";"Colisão lateral sentido oposto";"Com Vítimas Feridas";"Plena Noite";"Crescente";"Nublado";"Simples";"Aclive";"Não";3;0;2;0;1;0;2;2;-13,11564207;-39,2877458;"SPRF-BA";"DEL01-BA";"UOP02-DEL01-BA"
545667;2023-03-30;"quinta-feira";"18:50:00";"TO";153;141;"ARAGUAINA";"Entrada inopinada do pedestre";"Atropelamento de Pedestre";"Com Vítimas Feridas";"Plena Noite";"Crescente";"Nublado";"Dupla";"Reta";"Sim";3;0;0;1;2;0;1;3;-7,175959;-48,219548;"SPRF-TO";"DEL02-TO";"UOP01-DEL02-TO"
545668;2023-08-31;"quinta-feira";"15:00:00";"MS";163;270;"DOURADOS";"Chuva";"Saída de leito carroçável";"Com Vítimas Feridas";"Pleno dia";"Crescente";"Chuva";"Dupla";"Rotatória";"Não";1;0;1;0;0;0;1;1;-22,194847;-54,69295;"SPRF-MS";"DEL04-MS";"UOP01-DEL04-MS"
545674;2023-08-31;"quinta-feira";"15:40:00";"AL";101;47,4;"FLEXEIRAS";"Avarias e/ou desgaste excessivo no pneu";"Colisão com objeto";"Com Vítimas Feridas";"Pleno dia";"Crescente";"Céu Claro";"Dupla";"Aclive;Curva";"Não";3;0;2;0;1;0;2;1;-9,21410505;-35,77500833;"SPRF-AL";"DEL01-AL";"UOP02-DEL01-AL"
545677;2023-08-31;"quinta-feira";"15:20:00";"SE";101;102;"SAO CRISTOVAO";"Desrespeitar a preferência no cruzamento";"Colisão transversal";"Com Vítimas Feridas";"Pleno dia";"Crescente";"Céu Claro";"Dupla";"Reta";"Não";4;0;2;0;2;0;2;2;-10,95202036;-37,21806407;"SPRF-SE";"DEL02-SE";"UOP01-DEL02-SE"
545678;2023-07-06;"quinta-feira";"08:50:00";"RS";470;217,1;"BENTO GONCALVES";"Ausência de reação do condutor";"Saída de leito carroçável";"Com Vítimas Feridas";"Pleno dia";"Decrescente";"Céu Claro";"Dupla";"Reta";"Sim";1;0;0;1;0;0;1;1;-29,1756525;-51,522156;"SPRF-RS";"DEL06-RS";"UOP01-DEL06-RS"
545680;2023-08-31;"quinta-feira";"15:50:00";"RJ";116;130;"MAGE";"Ausência de reação do condutor";"Capotamento";"Com Vítimas Feridas";"Pleno dia";"Crescente";"Nublado";"Dupla";"Curva";"Não";2;0;1;0;1;0;1;1;-22,65949914;-43,11671944;"SPRF-RJ";"DEL04-RJ";"UOP02-DEL04-RJ"
545681;2023-07-26;"quarta-feira";"17:20:00";"RS";293;92;"PIRATINI";"Reação tardia ou ineficiente do condutor";"Saída de leito carroçável";"Com Vítimas Feridas";"Anoitecer";"Crescente";"Chuva";"Simples";"Reta";"Não";1;0;0;1;0;0;1;1;-31,62523598;-53,23283497;"SPRF-RS";"DEL07-RS";"UOP01-DEL07-RS"
545682;2023-08-31;"quinta-feira";"16:40:00";"PE";104;61;"CARUARU";"Manobra de mudança de faixa";"Colisão lateral mesmo sentido";"Com Vítimas Feridas";"Pleno dia";"Crescente";"Céu Claro";"Dupla";"Reta";"Sim";3;0;3;0;0;0;3;2;-8,2529;-35,9751;"SPRF-PE";"DEL02-PE";"UOP01-DEL02-PE"
545683;2023-08-31;"quinta-feira";"14:50:00";"GO";364;71,5;"CACHOEIRA ALTA";"Acumulo de água sobre o pavimento";"Saída de leito carroçável";"Com Vítimas Feridas";"Pleno dia";"Decrescente";"Chuva";"Simples";"Reta";"Não";4;0;2;0;2;0;2;1;-18,64979;-51,004898;"SPRF-GO";"DEL05-GO";"UOP02-DEL05-GO"
545684;2023-08-31;"quinta-feira";"17:15:00";"RN";304;302;"MACAIBA";"Ausência de sinalização";"Atropelamento de Pedestre";"Com Vítimas Feridas";"Amanhecer";"Crescente";"Nublado";"Múltipla";"Reta";"Não";2;0;1;1;0;0;2;2;-5,87937446;-35,29790983;"SPRF-RN";"DEL01-RN";"UOP02-DEL01-RN"
545685;2023-06-24;"sábado";"01:30:00";"RJ";493;24;"MAGE";"Ausência de reação do condutor";"Atropelamento de Pedestre";"Com Vítimas Fatais";"Plena Noite";"Decrescente";"Céu Claro";"Simples";"Reta";"Não";2;1;0;0;0;1;0;2;-22,65715069;-43,07072902;"SPRF-RJ";"DEL04-RJ";"UOP02-DEL04-RJ"
545686;2023-08-31;"quinta-feira";"17:18:00";"PB";230;19;"JOAO PESSOA";"Trafegar com motocicleta (ou similar) entre as faixas";"Colisão transversal";"Com Vítimas Feridas";"Anoitecer";"Crescente";"Céu Claro";"Dupla";"Reta";"Sim";3;0;1;1;0;1;2;2;-7,1281;-34,8466;"SPRF-PB";"DEL01-PB";"UOP01-DEL01-PB"
545687;2023-08-31;"quinta-feira";"11:50:00";"PI";230;306,7;"FLORIANO";"Avarias e/ou desgaste excessivo no pneu";"Eventos atípicos";"Com Vítimas Feridas";"Pleno dia";"Decrescente";"Céu Claro";"Simples";"Rotatória";"Sim";2;0;2;0;0;0;2;1;-6,78843;-42,99213;"SPRF-PI";"DEL03-PI";"UOP01-DEL03-PI"
545688;2023-08-31;"quinta-feira";"17:25:00";"RS";116;249;"SAO LEOPOLDO";"Manobra de mudança de faixa";"Colisão traseira";"Com Vítimas Feridas";"Pleno dia";"Crescente";"Céu Claro";"Dupla";"Reta";"Sim";3;0;1;0;1;1;1;3;-29,78294663;-51,16101265;"SPRF-RS";"DEL01-RS";"UOP02-DEL01-RS"
545689;2023-08-31;"quinta-feira";"17:35:00";"RJ";116;184;"NOVA IGUACU";"Reação tardia ou ineficiente do condutor";"Queda de ocupante de veículo";"Com Vítimas Feridas";"Anoitecer";"Crescente";"Céu Claro";"Múltipla";"Reta";"Não";1;0;1;0;0;0;1;1;-22,74647215;-43,44594311;"SPRF-RJ";"DEL01-RJ";"UOP02-DEL01-RJ"
545693;2023-08-31;"quinta-feira";"17:20:00";"BA";324;610,8;"SIMOES FILHO";"Trafegar com motocicleta (ou similar) entre as faixas";"Colisão lateral mesmo sentido";"Com Vítimas Feridas";"Plena Noite";"Crescente";"Céu Claro";"Dupla";"Reta";"Não";2;0;1;0;1;0;1;2;-12,82931703;-38,41113193;"SPRF-BA";"DEL01-BA";"UOP01-DEL01-BA"
545694;2023-08-31;"quinta-feira";"17:05:00";"CE";116;399,1;"UMARI";"Pista esburacada";"Saída de leito carroçável";"Com Vítimas Feridas";"Pleno dia";"Decrescente";"Sol";"Simples";"Reta;Declive";"Não";2;0;2;0;0;0;2;1;-6,60176;-38,839016;"SPRF-CE";"DEL05-CE";"UOP01-DEL05-CE"