"id";"data_inversa";"dia_semana";"horario";"uf";"br";"km";"municipio";"causa_acidente";"tipo_acidente";"classificacao_acidente";"fase_dia";"sentido_via";"condicao_metereologica";"tipo_pista";"tracado_via";"uso_solo";"pessoas";"mortos";"feridos_leves";"feridos_graves";"ilesos";"ignorados";"feridos";"veiculos";"latitude";"longitude";"regional";"delegacia";"uop"
545695;2023-08-31;"quinta-feira";"17:50:00";"RJ";101;48;"CAMPOS DOS GOYTACAZES";"Acessar a via sem observar a presença dos outros veículos";"Atropelamento de Pedestre";"Com Vítimas Feridas";"Plena Noite";"Decrescente";"Céu Claro";"Simples";"Reta";"Não";3;0;0;1;0;2;1;2;-21,61625895;-41,31535762;"SPRF-RJ";"DEL08-RJ";"UOP01-DEL08-RJ"
545696;2023-08-31;"quinta-feira";"17:10:00";"PI";316;299,1;"PICOS";"Reação tardia ou ineficiente do condutor";"Saída de leito carroçável";"Sem Vítimas";"Pleno dia";"Decrescente";"Céu Claro";"Dupla";"Aclive;Reta";"Não";1;0;0;0;0;1;0;1;-7,03649583;-41,55366988;"SPRF-PI";"DEL04-PI";"UOP01-DEL04-PI"
545698;2023-08-31;"quinta-feira";"18:15:00";"RS";116;521;"PELOTAS";"Acessar a via sem observar a presença dos outros veículos";"Colisão transversal";"Com Vítimas Feridas";"Anoitecer";"Crescente";"Céu Claro";"Dupla";"Rotatória";"Sim";2;0;1;0;1;0;1;2;-31,70752405;-52,36800695;"SPRF-RS";"DEL07-RS";"UOP01-DEL07-RS"
545701;2023-08-31;"quinta-feira";"18:43:00";"DF";70;10;"BRASILIA";"Pedestre cruzava a pista fora da faixa";"Atropelamento de Pedestre";"Com Vítimas Feridas";"Anoitecer";"Crescente";"Céu Claro";"Dupla";"Reta";"Sim";2;0;1;0;0;1;1;2;-15,787066;-48,140709;"SPRF-DF";"DEL03-DF";"UOP02-DEL03-DF"
545702;2023-08-31;"quinta-feira";"18:00:00";"PE";423;98,2;"GARANHUNS";"Ausência de reação do condutor";"Saída de leito carroçável";"Com Vítimas Feridas";"Plena Noite";"Crescente";"Céu Claro";"Simples";"Interseção de Vias;Curva";"Não";3;0;2;1;0;0;3;1;-8,87522405;-36,50593758;"SPRF-PE";"DEL03-PE";"UOP01-DEL03-PE"
545703;2023-08-31;"quinta-feira";"18:00:00";"RO";364;240,6;"CACOAL";"Retorno proibido";"Colisão transversal";"Com Vítimas Feridas";"Pleno dia";"Crescente";"Céu Claro";"Simples";"Reta;Declive";"Não";2;0;2;0;0;0;2;2;-11,439015;-61,476142;"SPRF-RO";"DEL02-RO";"UOP02-DEL02-RO"
545704;2023-08-31;"quinta-feira";"16:00:00";"MT";163;1025;"PEIXOTO DE AZEVEDO";"Manobra de mudança de faixa";"Colisão transversal";"Com Vítimas Feridas";"Pleno dia";"Crescente";"Céu Claro";"Simples";"Reta";"Não";2;0;1;0;1;0;1;2;-10,27496903;-55,01421083;"SPRF-MT";"DEL06-MT";"UOP03-DEL06-MT"
545705;2023-08-04;"sexta-feira";"19:40:00";"PR";163;11,2;"BARRACAO";"Ingestão de álcool pelo condutor";"Saída de leito carroçável";"Sem Vítimas";"Plena Noite";"Crescente";"Céu Claro";"Simples";"Reta";"Sim";1;0;0;0;0;1;0;1;-26,25066;-53,635523;"SPRF-PR";"DEL02-PR";"UOP02-DEL02-PR"
545706;2023-08-31;"quinta-feira";"14:30:00";"MG";381;282;"JAGUARACU";"Acessar a via sem observar a presença dos outros veículos";"Colisão transversal";"Com Vítimas Feridas";"Pleno dia";"Crescente";"Céu Claro";"Simples";"Reta";"Não";4;0;3;1;0;0;4;2;-19,618552;-42,776355;"SPRF-MG";"DEL03-MG";"UOP02-DEL03-MG"
545707;2023-08-31;"quinta-feira";"18:45:00";"MG";381;490;"BETIM";"Pedestre andava na pista";"Atropelamento de Pedestre";"Com Vítimas Fatais";"Anoitecer";"Decrescente";"Céu Claro";"Dupla";"Reta";"Sim";3;1;0;1;1;0;1;2;-19,96502819;-44,17422195;"SPRF-MG";"DEL01-MG";"UOP03-DEL01-MG"
545710;2023-08-31;"quinta-feira";"13:30:00";"PB";104;169;"BARRA DE SANTANA";"Ausência de reação do condutor";"Saída de leito carroçável";"Com Vítimas Feridas";"Pleno dia";"Crescente";"Céu Claro";"Simples";"Reta";"Não";1;0;0;1;0;0;1;1;-7,58058542;-36,02331289;"SPRF-PB";"DEL02-PB";"UOP03-DEL02-PB"
545712;2023-08-31;"quinta-feira";"18:20:00";"RR";174;511;"BOA VISTA";"Avarias e/ou desgaste excessivo no pneu";"Saída de leito carroçável";"Com Vítimas Feridas";"Plena Noite";"Decrescente";"Céu Claro";"Simples";"Reta";"Não";2;0;1;0;1;0;1;1;2,861408;-60,69804;"SPRF-RR";"DEL01-RR";"UOP01-DEL01-RR"
545713;2023-08-31;"quinta-feira";"19:45:00";"SC";101;214;"PALHOCA";"Ausência de sinalização";"Colisão traseira";"Com Vítimas Feridas";"Plena Noite";"Decrescente";"Céu Claro";"Dupla";"Aclive;Reta;Viaduto";"Sim";2;0;1;0;1;0;1;2;-27,64443;-48,67057;"SPRF-SC";"DEL01-SC";"UOP02-DEL01-SC"
545714;2023-08-31;"quinta-feira";"17:30:00";"GO";153;499;"GOIANIA";"Condutor deixou de manter distância do veículo da frente";"Colisão traseira";"Sem Vítimas";"Anoitecer";"Crescente";"Nublado";"Dupla";"Aclive;Reta";"Sim";2;0;0;0;2;0;0;2;-16,7033;-49,2311;"SPRF-GO";"DEL01-GO";"UOP01-DEL01-GO"
545716;2023-08-31;"quinta-feira";"18:30:00";"PR";277;1,1;"FOZ DO IGUACU";"Acessar a via sem observar a presença dos outros veículos";"Colisão transversal";"Com Vítimas Feridas";"Anoitecer";"Crescente";"Céu Claro";"Dupla";"Interseção de Vias;Reta";"Sim";3;0;0;1;1;1;1;3;-25,49463079;-54,58336115;"SPRF-PR";"DEL01-PR";"UOP05-DEL01-PR"
545717;2023-08-31;"quinta-feira";"19:00:00";"RJ";393;286;"VOLTA REDONDA";"Desrespeitar a preferência no cruzamento";"Colisão transversal";"Com Vítimas Feridas";"Plena Noite";"Decrescente";"Céu Claro";"Simples";"Interseção de Vias";"Sim";2;0;1;0;1;0;1;2;-22,481726;-44,06308602;"SPRF-RJ";"DEL05-RJ";"UOP04-DEL05-RJ"
545719;2023-08-31;"quinta-feira";"18:45:00";"GO";153;499;"GOIANIA";"Manobra de mudança de faixa";"Queda de ocupante de veículo";"Com Vítimas Feridas";"Plena Noite";"Crescente";"Céu Claro";"Dupla";"Reta";"Sim";2;0;1;0;1;0;1;2;-16,7033;-49,2311;"SPRF-GO";"DEL01-GO";"UOP01-DEL01-GO"
545720;2023-08-31;"quinta-feira";"18:40:00";"PR";277;70,3;"SAO JOSE DOS PINHAIS";"Ausência de reação do condutor";"Colisão lateral mesmo sentido";"Com Vítimas Fatais";"Anoitecer";"Crescente";"Céu Claro";"Dupla";"Reta";"Sim";4;1;2;0;0;1;2;4;-25,512288;-49,126023;"SPRF-PR";"DEL01-PR";"UOP01-DEL01-PR"
545721;2023-08-31;"quinta-feira";"20:30:00";"ES";101;270;"SERRA";"Manobra de mudança de faixa";"Colisão lateral mesmo sentido";"Com Vítimas Feridas";"Plena Noite";"Crescente";"Céu Claro";"Dupla";"Reta";"Sim";2;0;1;0;1;0;1;2;-20,22662056;-40,27075088;"SPRF-ES";"DEL02-ES";"UOP01-DEL02-ES"
545723;2023-08-31;"quinta-feira";"20:00:00";"SC";101;132;"BALNEARIO CAMBORIU";"Mal súbito do condutor";"Colisão frontal";"Com Vítimas Feridas";"Plena Noite";"Crescente";"Nublado";"Múltipla";"Reta";"Não";2;0;1;0;1;0;1;2;-26,99654133;-48,65564711;"SPRF-SC";"DEL04-SC";"UOP03-DEL04-SC"
545726;2023-08-31;"quinta-feira";"19:45:00";"MS";163;558;"BANDEIRANTES";"Ultrapassagem Indevida";"Colisão frontal";"Com Vítimas Feridas";"Plena Noite";"Crescente";"Céu Claro";"Simples";"Reta";"Não";10;0;1;0;9;0;1;2;-19,8326751;-54,3701115;"SPRF-MS";"DEL01-MS";"UOP02-DEL01-MS"
545729;2023-08-31;"quinta-feira";"07:20:00";"RS";392;4;"RIO GRANDE";"Reação tardia ou ineficiente do condutor";"Colisão traseira";"Com Vítimas Feridas";"Pleno dia";"Crescente";"Céu Claro";"Simples";"Reta";"Sim";3;0;1;0;1;1;1;2;-32,06960295;-52,09547805;"SPRF-RS";"DEL07-RS";"UOP02-DEL07-RS"
545732;2023-08-31;"quinta-feira";"19:00:00";"BA";407;127;"SENHOR DO BONFIM";"Acesso irregular";"Colisão transversal";"Com Vítimas Feridas";"Plena Noite";"Decrescente";"Céu Claro";"Simples";"Reta";"Sim";2;0;1;0;1;0;1;2;-10,46231315;-40,17519422;"SPRF-BA";"DEL04-BA";"UOP01-DEL04-BA"
545733;2023-08-31;"quinta-feira";"21:45:00";"ES";101;261;"SERRA";"Retorno proibido";"Colisão transversal";"Com Vítimas Feridas";"Plena Noite";"Decrescente";"Céu Claro";"Simples";"Curva";"Não";2;0;0;1;1;0;1;2;-20,14854215;-40,27970926;"SPRF-ES";"DEL02-ES";"UOP01-DEL02-ES"
545734;2023-08-31;"quinta-feira";"19:00:00";"MG";116;276,1;"TEOFILO OTONI";"Desrespeitar a preferência no cruzamento";"Colisão lateral mesmo sentido";"Com Vítimas Feridas";"Plena Noite";"Crescente";"Nublado";"Simples";"Reta";"Sim";1;0;1;0;0;0;1;1;-17,85105696;-41,51454492;"SPRF-MG";"DEL11-MG";"UOP01-DEL11-MG"
545735;2023-08-31;"quinta-feira";"21:00:00";"SC";163;70,3;"SAO MIGUEL DO OESTE";"Velocidade Incompatível";"Colisão com objeto";"Sem Vítimas";"Plena Noite";"Crescente";"Céu Claro";"Dupla";"Reta";"Sim";1;0;0;0;0;1;0;1;-26,73461723;-53,50680015;"SPRF-SC";"DEL07-SC";"UOP03-DEL07-SC"
545736;2023-08-31;"quinta-feira";"21:21:00";"RN";101;103;"PARNAMIRIM";"Manobra de mudança de faixa";"Colisão frontal";"Com Vítimas Feridas";"Plena Noite";"Decrescente";"Nublado";"Múltipla";"Interseção de Vias";"Sim";3;0;1;0;2;0;1;2;-5,89034022;-35,24894996;"SPRF-RN";"DEL01-RN";"UOP01-DEL01-RN"
545737;2023-08-31;"quinta-feira";"21:30:00";"RJ";101;65;"CAMPOS DOS GOYTACAZES";"Ultrapassagem Indevida";"Colisão lateral mesmo sentido";"Sem Vítimas";"Pleno dia";"Crescente";"Céu Claro";"Simples";"Rotatória";"Sim";2;0;0;0;2;0;0;2;-21,76551809;-41,34657383;"SPRF-RJ";"DEL08-RJ";"UOP02-DEL08-RJ"
545738;2023-08-31;"quinta-feira";"21:45:00";"RJ";116;176;"SAO JOAO DE MERITI";"Avarias e/ou desgaste excessivo no pneu";"Queda de ocupante de veículo";"Com Vítimas Feridas";"Plena Noite";"Crescente";"Nublado";"Múltipla";"Reta";"Sim";2;0;0;1;1;0;1;1;-22,7839538;-43,38195488;"SPRF-RJ";"DEL01-RJ";"UOP02-DEL01-RJ"
545739;2023-08-31;"quinta-feira";"19:20:00";"PB";230;470;"SOUSA";"Ingestão de álcool pelo condutor";"Queda de ocupante de veículo";"Com Vítimas Feridas";"Plena Noite";"Crescente";"Céu Claro";"Simples";"Reta";"Não";1;0;1;0;0;0;1;1;-6,789;-38,2846;"SPRF-PB";"DEL03-PB";"UOP03-DEL03-PB"
545741;2023-08-31;"quinta-feira";"22:45:00";"RS";285;456;"IJUI";"Acessar a via sem observar a presença dos outros veículos";"Colisão transversal";"Sem Vítimas";"Plena Noite";"Decrescente";"Céu Claro";"Simples";"Reta";"Não";3;0;0;0;3;0;0;2;-28,3885877;-53,89205933;"SPRF-RS";"DEL10-RS";"UOP01-DEL10-RS"
545742;2023-08-31;"quinta-feira";"22:30:00";"MG";0;0;"PATOS DE MINAS";"Velocidade Incompatível";"Queda de ocupante de veículo";"Com Vítimas Feridas";"Plena Noite";"Não Informado";"Céu Claro";"Simples";"Retorno Regulamentado";"Sim";3;0;1;0;2;0;1;2;-18,64040692;-46,50263971;"SPRF-MG";"DEL10-MG";"UOP01-DEL10-MG"
545743;2023-08-31;"quinta-feira";"23:00:00";"ES";101;269,5;"SERRA";"Pedestre andava na pista";"Atropelamento de Pedestre";"Com Vítimas Feridas";"Plena Noite";"Crescente";"Céu Claro";"Múltipla";"Interseção de Vias;Reta";"Sim";2;0;0;1;1;0;1;2;-20,22662056;-40,27075088;"SPRF-ES";"DEL02-ES";"UOP01-DEL02-ES"
545744;2023-08-31;"quinta-feira";"23:00:00";"ES";101;270;"SERRA";"Objeto estático sobre o leito carroçável";"Colisão com objeto";"Com Vítimas Feridas";"Plena Noite";"Crescente";"Nublado";"Múltipla";"Reta";"Sim";2;0;0;2;0;0;2;1;-20,22662056;-40,27075088;"SPRF-ES";"DEL02-ES";"UOP01-DEL02-ES"
545745;2023-08-31;"quinta-feira";"23:10:00";"RS";285;337;"CARAZINHO";"Transitar no Acostamento";"Tombamento";"Com Vítimas Feridas";"Plena Noite";"Crescente";"Céu Claro";"Simples";"Reta";"Sim";1;0;0;1;0;0;1;1;-28,318346;-52,769249;"SPRF-RS";"DEL08-RS";"UOP03-DEL08-RS"
545746;2023-08-31;"quinta-feira";"23:20:00";"RS";287;251;"SANTA MARIA";"Manobra de mudança de faixa";"Colisão lateral mesmo sentido";"Sem Vítimas";"Plena Noite";"Crescente";"Céu Claro";"Dupla";"Rotatória;Retorno Regulamentado";"Sim";2;0;0;0;1;1;0;2;-29,68773859;-53,88038188;"SPRF-RS";"DEL09-RS";"UOP01-DEL09-RS"
545748;2023-08-31;"quinta-feira";"23:59:00";"PR";163;83,2;"PLANALTO";"Desrespeitar a preferência no cruzamento";"Colisão transversal";"Com Vítimas Feridas";"Plena Noite";"Crescente";"Céu Claro";"Simples";"Reta;Interseção de Vias";"Não";4;0;0;1;3;0;1;2;-25,71010225;-53,76859188;"SPRF-PR";"DEL02-PR";"UOP02-DEL02-PR"
545750;2023-08-31;"quinta-feira";"23:10:00";"SC";116;8;"MAFRA";"Acesso irregular";"Saída de leito carroçável";"Sem Vítimas";"Plena Noite";"Crescente";"Céu Claro";"Simples";"Declive";"Não";1;0;0;0;0;1;0;1;-26,15748603;-49,83898198;"SPRF-SC";"DEL06-SC";"UOP01-DEL06-SC"
545752;2023-09-01;"sexta-feira";"02:10:00";"SC";101;194,4;"BIGUACU";"Animais na Pista";"Atropelamento de Animal";"Com Vítimas Feridas";"Plena Noite";"Decrescente";"Nevoeiro/Neblina";"Dupla";"Reta";"Sim";1;0;1;0;0;0;1;1;-27,49815117;-48,65661236;"SPRF-SC";"DEL01-SC";"UOP01-DEL01-SC"
545757;2023-09-01;"sexta-feira";"02:45:00";"GO";60;388,8;"RIO VERDE";"Ausência de reação do condutor";"Saída de leito carroçável";"Sem Vítimas";"Plena Noite";"Crescente";"Nublado";"Dupla";"Reta";"Sim";2;0;0;0;2;0;0;1;-17,8151;-50,9343;"SPRF-GO";"DEL04-GO";"UOP02-DEL04-GO"
545760;2023-09-01;"sexta-feira";"03:40:00";"PR";373;264,1;"PRUDENTOPOLIS";"Velocidade Incompatível";"Saída de leito carroçável";"Sem Vítimas";"Plena Noite";"Decrescente";"Céu Claro";"Simples";"Reta;Interseção de Vias";"Sim";1;0;0;0;1;0;0;1;-25,20255572;-50,98273035;"SPRF-PR";"DEL08-PR";"UOP01-DEL08-PR"
545762;2023-09-01;"sexta-feira";"05:20:00";"RS";116;253;"CANOAS";"Condutor deixou de manter distância do veículo da frente";"Colisão traseira";"Com Vítimas Feridas";"Plena Noite";"Decrescente";"Céu Claro";"Dupla";"Reta;Aclive";"Sim";6;0;1;1;4;0;2;3;-29,902628;-51,17657;"SPRF-RS";"DEL01-RS";"UOP02-DEL01-RS"
545763;2023-09-01;"sexta-feira";"04:00:00";"RJ";101;61;"CAMPOS DOS GOYTACAZES";"Ingestão de álcool pelo condutor";"Colisão com objeto";"Sem Vítimas";"Plena Noite";"Crescente";"Céu Claro";"Simples";"Reta";"Sim";1;0;0;0;1;0;0;1;-21,72655788;-41,32133519;"SPRF-RJ";"DEL08-RJ";"UOP01-DEL08-RJ"
545764;2023-09-01;"sexta-feira";"02:35:00";"PR";376;461,8;"PONTA GROSSA";"Ausência de reação do condutor";"Colisão com objeto";"Com Vítimas Feridas";"Plena Noite";"Crescente";"Céu Claro";"Dupla";"Reta";"Não";1;0;1;0;0;0;1;1;-25,01133488;-50,34693693;"SPRF-PR";"DEL03-PR";"UOP01-DEL03-PR"
545765;2023-09-01;"sexta-feira";"05:45:00";"RN";304;62,7;"MOSSORO";"Ausência de reação do condutor";"Colisão lateral mesmo sentido";"Com Vítimas Feridas";"Amanhecer";"Crescente";"Céu Claro";"Simples";"Reta;Em Obras";"Não";2;0;1;0;0;1;1;2;-5,348542;-37,255697;"SPRF-RN";"DEL04-RN";"UOP01-DEL04-RN"
545767;2023-09-01;"sexta-feira";"06:15:00";"PR";116;126;"FAZENDA RIO GRANDE";"Mal súbito do condutor";"Saída de leito carroçável";"Sem Vítimas";"Amanhecer";"Decrescente";"Céu Claro";"Múltipla";"Reta";"Sim";1;0;0;0;1;0;0;1;-25,64036283;-49,31280434;"SPRF-PR";"DEL01-PR";"UOP03-DEL01-PR"
545768;2023-09-01;"sexta-feira";"05:00:00";"RO";364;422;"JARU";"Ausência de sinalização";"Colisão com objeto";"Com Vítimas Feridas";"Amanhecer";"Decrescente";"Céu Claro";"Simples";"Reta";"Não";1;0;0;1;0;0;1;1;-10,4597532;-62,4558043;"SPRF-RO";"DEL03-RO";"UOP02-DEL03-RO"
545770;2023-09-01;"sexta-feira";"06:30:00";"MS";163;266;"DOURADOS";"Demais falhas mecânicas ou elétricas";"Tombamento";"Com Vítimas Feridas";"Amanhecer";"Crescente";"Céu Claro";"Dupla";"Reta";"Sim";1;0;1;0;0;0;1;1;-22,21821026;-54,72287079;"SPRF-MS";"DEL04-MS";"UOP01-DEL04-MS"
545771;2023-09-01;"sexta-feira";"07:20:00";"PR";277;70;"SAO JOSE DOS PINHAIS";"Velocidade Incompatível";"Colisão traseira";"Com Vítimas Feridas";"Pleno dia";"Crescente";"Céu Claro";"Dupla";"Reta";"Sim";2;0;1;0;1;0;1;2;-25,53317957;-49,07969781;"SPRF-PR";"DEL01-PR";"UOP01-DEL01-PR"
545772;2023-09-01;"sexta-feira";"07:20:00";"RS";116;147,3;"CAXIAS DO SUL";"Condutor desrespeitou a iluminação vermelha do semáforo";"Colisão transversal";"Com Vítimas Feridas";"Pleno dia";"Decrescente";"Céu Claro";"Dupla";"Interseção de Vias";"Sim";2;0;1;0;1;0;1;2;-29,14908014;-51,1429969;"SPRF-RS";"DEL05-RS";"UOP01-DEL05-RS"
545775;2023-05-20;"sábado";"17:57:00";"ES";262;63;"MARECHAL FLORIANO";"Velocidade Incompatível";"Colisão lateral mesmo sentido";"Com Vítimas Feridas";"Plena Noite";"Crescente";"Céu Claro";"Simples";"Curva;Declive";"Não";3;0;0;1;2;0;1;3;-20,42077468;-40,80814348;"SPRF-ES";"DEL01-ES";"UOP02-DEL01-ES"
545778;2023-09-01;"sexta-feira";"07:30:00";"SP";116;213;"GUARULHOS";"Velocidade Incompatível";"Colisão traseira";"Com Vítimas Feridas";"Amanhecer";"Crescente";"Nublado";"Simples";"Reta";"Sim";4;0;2;0;2;0;2;2;-23,43971486;-46,43667806;"SPRF-SP";"DEL01-SP";"UOP01-DEL01-SP"
545779;2023-09-01;"sexta-feira";"07:30:00";"RJ";116;297;"PORTO REAL";"Ausência de reação do condutor";"Colisão com objeto";"Sem Vítimas";"Pleno dia";"Crescente";"Céu Claro";"Dupla";"Reta";"Não";1;0;0;0;1;0;0;1;-22,44584311;-44,33160961;"SPRF-RJ";"DEL07-RJ";"UOP02-DEL07-RJ"
545781;2023-09-01;"sexta-feira";"07:15:00";"SC";101;186;"BIGUACU";"Ingestão de álcool pelo condutor";"Colisão traseira";"Com Vítimas Feridas";"Pleno dia";"Crescente";"Céu Claro";"Dupla";"Reta";"Não";2;0;1;0;1;0;1;2;-27,4341098;-48,62567129;"SPRF-SC";"DEL01-SC";"UOP01-DEL01-SC"
545782;2023-09-01;"sexta-feira";"06:40:00";"MG";262;445,5;"NOVA SERRANA";"Velocidade Incompatível";"Colisão lateral mesmo sentido";"Com Vítimas Feridas";"Pleno dia";"Decrescente";"Céu Claro";"Dupla";"Reta";"Sim";4;0;4;0;0;0;4;2;-19,87514825;-44,95031205;"SPRF-MG";"DEL08-MG";"UOP03-DEL08-MG"
545786;2023-09-01;"sexta-feira";"07:10:00";"PE";232;211,2;"PESQUEIRA";"Ingestão de álcool pelo condutor";"Colisão transversal";"Com Vítimas Fatais";"Pleno dia";"Crescente";"Céu Claro";"Simples";"Interseção de Vias;Reta";"Sim";5;2;1;2;0;0;3;2;-8,36989;-36,707561;"SPRF-PE";"DEL03-PE";"UOP02-DEL03-PE"
545787;2023-09-01;"sexta-feira";"07:30:00";"RJ";116;176;"NOVA IGUACU";"Ausência de reação do condutor";"Colisão traseira";"Com Vítimas Feridas";"Pleno dia";"Decrescente";"Céu Claro";"Dupla";"Reta";"Sim";4;0;1;0;3;0;1;2;-22,7839538;-43,38195488;"SPRF-RJ";"DEL01-RJ";"UOP02-DEL01-RJ"
545791;2023-09-01;"sexta-feira";"02:45:00";"MG";381;619,8;"OLIVEIRA";"Condutor Dormindo";"Colisão com objeto";"Sem Vítimas";"Plena Noite";"Crescente";"Céu Claro";"Dupla";"Reta";"Não";1;0;0;0;1;0;0;1;-20,77747317;-44,78250849;"SPRF-MG";"DEL04-MG";"UOP01-DEL04-MG"
545793;2023-09-01;"sexta-feira";"08:40:00";"SP";116;222;"GUARULHOS";"Reação tardia ou ineficiente do condutor";"Queda de ocupante de veículo";"Com Vítimas Feridas";"Pleno dia";"Crescente";"Céu Claro";"Múltipla";"Reta";"Não";2;0;1;0;0;1;1;2;-23,47093408;-46,51631097;"SPRF-SP";"DEL01-SP";"UOP01-DEL01-SP"
545795;2023-09-01;"sexta-feira";"07:30:00";"SC";282;508;"XANXERE";"Mal súbito do condutor";"Saída de leito carroçável";"Com Vítimas Feridas";"Pleno dia";"Crescente";"Céu Claro";"Simples";"Aclive";"Não";1;0;1;0;0;0;1;1;-26,887014;-52,448372;"SPRF-SC";"DEL07-SC";"UOP01-DEL07-SC"
545796;2023-09-01;"sexta-feira";"04:30:00";"GO";60;311;"ACREUNA";"Condutor Dormindo";"Saída de leito carroçável";"Com Vítimas Feridas";"Plena Noite";"Decrescente";"Nublado";"Dupla";"Curva";"Não";1;0;1;0;0;0;1;1;-17,4173;-50,4189;"SPRF-GO";"DEL04-GO";"UOP02-DEL04-GO"
545797;2023-09-01;"sexta-feira";"08:00:00";"MG";381;806;"SAO GONCALO DO SAPUCAI";"Condutor Dormindo";"Saída de leito carroçável";"Com Vítimas Feridas";"Pleno dia";"Decrescente";"Céu Claro";"Dupla";"Curva";"Não";2;0;2;0;0;0;2;1;-22,01443986;-45,67874834;"SPRF-MG";"DEL16-MG";"UOP02-DEL16-MG"
545798;2023-09-01;"sexta-feira";"08:28:00";"PE";101;78,9;"JABOATAO DOS GUARARAPES";"Reação tardia ou ineficiente do condutor";"Colisão traseira";"Com Vítimas Feridas";"Pleno dia";"Decrescente";"Céu Claro";"Dupla";"Curva";"Sim";4;0;1;0;3;0;1;3;-8,13496499;-34,94738614;"SPRF-PE";"DEL01-PE";"UOP01-DEL01-PE"
545799;2023-09-01;"sexta-feira";"08:20:00";"MG";40;549,3;"NOVA LIMA";"Demais falhas mecânicas ou elétricas";"Tombamento";"Com Vítimas Feridas";"Pleno dia";"Crescente";"Céu Claro";"Dupla";"Reta";"Não";2;0;2;0;0;0;2;1;-20,03972326;-43,96703232;"SPRF-MG";"DEL01-MG";"UOP02-DEL01-MG"
545800;2023-05-29;"segunda-feira";"18:00:00";"SC";101;147;"ITAPEMA";"Demais falhas mecânicas ou elétricas";"Incêndio";"Sem Vítimas";"Pleno dia";"Crescente";"Céu Claro";"Simples";"Reta";"Sim";1;0;0;0;1;0;0;1;-27,09237407;-48,61730888;"SPRF-SC";"DEL04-SC";"UOP03-DEL04-SC"
545801;2023-09-01;"sexta-feira";"09:00:00";"PR";476;138;"CURITIBA";"Reação tardia ou ineficiente do condutor";"Colisão traseira";"Com Vítimas Feridas";"Pleno dia";"Crescente";"Céu Claro";"Múltipla";"Reta";"Sim";2;0;1;0;0;1;1;2;-25,505564;-49,283417;"SPRF-PR";"DEL01-PR";"UOP03-DEL01-PR"
545803;2023-09-01;"sexta-feira";"08:50:00";"PB";230;57;"CRUZ DO ESPIRITO SANTO";"Ausência de reação do condutor";"Colisão traseira";"Sem Vítimas";"Pleno dia";"Decrescente";"Céu Claro";"Dupla";"Reta";"Não";3;0;0;0;3;0;0;2;-7,2028;-35,1125;"SPRF-PB";"DEL01-PB";"UOP03-DEL01-PB"
545805;2023-09-01;"sexta-feira";"09:21:00";"PE";101;54;"PAULISTA";"Manobra de mudança de faixa";"Colisão lateral mesmo sentido";"Com Vítimas Feridas";"Pleno dia";"Crescente";"Céu Claro";"Dupla";"Reta";"Sim";2;0;1;0;1;0;1;2;-7,93961103;-34,90356584;"SPRF-PE";"DEL01-PE";"UOP02-DEL01-PE"
545807;2023-09-01;"sexta-feira";"09:30:00";"SP";116;225;"GUARULHOS";"Ausência de reação do condutor";"Colisão traseira";"Com Vítimas Feridas";"Pleno dia";"Crescente";"Céu Claro";"Múltipla";"Reta";"Sim";3;0;1;0;2;0;1;2;-23,48586772;-46,54075317;"SPRF-SP";"DEL01-SP";"UOP01-DEL01-SP"
545809;2023-09-01;"sexta-feira";"06:20:00";"MT";364;185;"PEDRA PRETA";"Ingestão de álcool pelo condutor";"Colisão frontal";"Com Vítimas Fatais";"Pleno dia";"Decrescente";"Céu Claro";"Simples";"Reta";"Não";2;1;0;0;1;0;0;2;-16,57389919;-54,53948513;"SPRF-MT";"DEL02-MT";"UOP01-DEL02-MT"
545810;2023-09-01;"sexta-feira";"08:55:00";"RN";101;83,9;"NATAL";"Pedestre cruzava a pista fora da faixa";"Atropelamento de Pedestre";"Com Vítimas Feridas";"Pleno dia";"Crescente";"Céu Claro";"Dupla";"Interseção de Vias";"Sim";2;0;1;0;1;0;1;2;-5,7710444961;-35,2661698055;"SPRF-RN";"DEL02-RN";"UOP01-DEL02-RN"
545811;2023-09-01;"sexta-feira";"09:30:00";"MG";50;41;"ARAGUARI";"Ausência de reação do condutor";"Tombamento";"Com Vítimas Feridas";"Pleno dia";"Crescente";"Céu Claro";"Dupla";"Declive;Reta";"Não";1;0;1;0;0;0;1;1;-18,682136;-48,17887197;"SPRF-MG";"DEL15-MG";"UOP02-DEL15-MG"
545812;2023-09-01;"sexta-feira";"08:20:00";"SC";282;158;"BOM RETIRO";"Ausência de reação do condutor";"Saída de leito carroçável";"Com Vítimas Fatais";"Pleno dia";"Decrescente";"Céu Claro";"Simples";"Declive;Reta";"Não";1;1;0;0;0;0;0;1;-27,7628;-49,669552;"SPRF-SC";"DEL05-SC";"UOP01-DEL05-SC"
545813;2023-09-01;"sexta-feira";"09:30:00";"PR";277;7,8;"PARANAGUA";"Desrespeitar a preferência no cruzamento";"Colisão transversal";"Com Vítimas Feridas";"Pleno dia";"Crescente";"Nublado";"Simples";"Interseção de Vias;Rotatória;Reta";"Sim";2;0;2;0;0;0;2;2;-25,5205;-48,5095;"SPRF-PR";"DEL01-PR";"UOP05-DEL01-PR"
545814;2023-08-28;"segunda-feira";"13:05:00";"CE";116;3;"FORTALEZA";"Ultrapassagem Indevida";"Colisão frontal";"Com Vítimas Feridas";"Pleno dia";"Crescente";"Céu Claro";"Múltipla";"Reta";"Sim";2;0;1;1;0;0;2;2;-3,77866493;-38,51490171;"SPRF-CE";"DEL01-CE";"UOP02-DEL01-CE"