"id";"data_inversa";"dia_semana";"horario";"uf";"br";"km";"municipio";"causa_acidente";"tipo_acidente";"classificacao_acidente";"fase_dia";"sentido_via";"condicao_metereologica";"tipo_pista";"tracado_via";"uso_solo";"pessoas";"mortos";"feridos_leves";"feridos_graves";"ilesos";"ignorados";"feridos";"veiculos";"latitude";"longitude";"regional";"delegacia";"uop"
545815;2023-09-01;"sexta-feira";"05:54:00";"PE";316;327;"FLORESTA";"Ausência de reação do condutor";"Saída de leito carroçável";"Com Vítimas Feridas";"Pleno dia";"Crescente";"Céu Claro";"Simples";"Aclive;Reta";"Não";2;0;0;2;0;0;2;1;-8,73614452;-38,43409598;"SPRF-PE";"DEL04-PE";"UOP03-DEL04-PE"
545816;2023-09-01;"sexta-feira";"09:30:00";"BA";324;532;"CONCEICAO DO JACUIPE";"Manobra de mudança de faixa";"Colisão lateral mesmo sentido";"Com Vítimas Feridas";"Pleno dia";"Crescente";"Céu Claro";"Dupla";"Reta";"Não";2;0;1;0;1;0;1;2;-12,33921226;-38,8474782;"SPRF-BA";"DEL01-BA";"UOP03-DEL01-BA"
545817;2023-08-25;"sexta-feira";"06:30:00";"SP";116;207;"GUARULHOS";"Condutor deixou de manter distância do veículo da frente";"Colisão traseira";"Com Vítimas Feridas";"Amanhecer";"Crescente";"Nublado";"Dupla";"Reta";"Sim";2;0;1;0;1;0;1;2;-23,41972188;-46,38419203;"SPRF-SP";"DEL01-SP";"UOP01-DEL01-SP"
545822;2023-09-01;"sexta-feira";"07:05:00";"RS";290;113;"ELDORADO DO SUL";"Acessar a via sem observar a presença dos outros veículos";"Colisão transversal";"Com Vítimas Feridas";"Pleno dia";"Decrescente";"Céu Claro";"Simples";"Reta";"Não";2;0;0;1;1;0;1;2;-30,043636;-51,337456;"SPRF-RS";"DEL02-RS";"UOP01-DEL02-RS"
545823;2023-09-01;"sexta-feira";"10:00:00";"RJ";40;109;"DUQUE DE CAXIAS";"Reação tardia ou ineficiente do condutor";"Engavetamento";"Com Vítimas Feridas";"Pleno dia";"Decrescente";"Céu Claro";"Múltipla";"Reta";"Sim";5;0;2;0;3;0;2;4;-22,67374628;-43,28638368;"SPRF-RJ";"DEL01-RJ";"UOP01-DEL01-RJ"
545825;2023-09-01;"sexta-feira";"11:00:00";"SE";235;54;"ITABAIANA";"Condutor deixou de manter distância do veículo da frente";"Colisão traseira";"Com Vítimas Feridas";"Pleno dia";"Decrescente";"Céu Claro";"Simples";"Retorno Regulamentado";"Sim";2;0;1;0;1;0;1;2;-10,676047;-37,443279;"SPRF-SE";"DEL01-SE";"UOP02-DEL01-SE"
545826;2023-09-01;"sexta-feira";"10:45:00";"PE";104;61;"CARUARU";"Acessar a via sem observar a presença dos outros veículos";"Colisão lateral mesmo sentido";"Com Vítimas Feridas";"Pleno dia";"Decrescente";"Céu Claro";"Múltipla";"Interseção de Vias;Reta";"Sim";4;0;1;1;2;0;2;4;-8,2529;-35,9751;"SPRF-PE";"DEL02-PE";"UOP01-DEL02-PE"
545827;2023-09-01;"sexta-feira";"11:00:00";"PA";10;63,7;"CASTANHAL";"Condutor deixou de manter distância do veículo da frente";"Colisão traseira";"Com Vítimas Feridas";"Pleno dia";"Decrescente";"Céu Claro";"Dupla";"Interseção de Vias";"Sim";2;0;1;0;1;0;1;2;-1,296258;-47,921281;"SPRF-PA";"DEL02-PA";"UOP02-DEL02-PA"
545830;2023-07-22;"sábado";"15:30:00";"RS";116;232;"ESTANCIA VELHA";"Acessar a via sem observar a presença dos outros veículos";"Colisão lateral mesmo sentido";"Com Vítimas Feridas";"Pleno dia";"Crescente";"Céu Claro";"Simples";"Reta";"Sim";2;0;0;1;1;0;1;2;-29,63300002;-51,14325106;"SPRF-RS";"DEL01-RS";"UOP02-DEL01-RS"
545833;2023-09-01;"sexta-feira";"11:40:00";"RS";116;248;"SAO LEOPOLDO";"Conversão proibida";"Colisão transversal";"Sem Vítimas";"Pleno dia";"Crescente";"Céu Claro";"Dupla";"Reta";"Sim";4;0;0;0;4;0;0;2;-29,7726363;-51,15411066;"SPRF-RS";"DEL01-RS";"UOP02-DEL01-RS"
545834;2023-09-01;"sexta-feira";"11:15:00";"RS";116;265;"CANOAS";"Mal súbito do condutor";"Engavetamento";"Com Vítimas Feridas";"Pleno dia";"Crescente";"Céu Claro";"Múltipla";"Reta";"Sim";4;0;1;0;3;0;1;4;-29,92342302;-51,17780944;"SPRF-RS";"DEL01-RS";"UOP01-DEL01-RS"
545835;2023-09-01;"sexta-feira";"11:00:00";"MS";158;334;"BRASILANDIA";"Acessar a via sem observar a presença dos outros veículos";"Colisão frontal";"Com Vítimas Fatais";"Pleno dia";"Decrescente";"Céu Claro";"Simples";"Reta";"Sim";2;1;0;0;1;0;0;2;-21,22456158;-52,01772094;"SPRF-MS";"DEL07-MS";"UOP01-DEL07-MS"
545838;2023-09-01;"sexta-feira";"12:30:00";"PA";316;40;"SANTA IZABEL DO PARA";"Demais falhas mecânicas ou elétricas";"Saída de leito carroçável";"Com Vítimas Feridas";"Pleno dia";"Crescente";"Sol";"Dupla";"Curva";"Não";2;0;2;0;0;0;2;1;-1,2795637;-48,12243407;"SPRF-PA";"DEL01-PA";"UOP01-DEL01-PA"
545839;2023-09-01;"sexta-feira";"13:15:00";"SP";116;60,3;"GUARATINGUETA";"Ausência de reação do condutor";"Colisão com objeto";"Com Vítimas Feridas";"Pleno dia";"Crescente";"Sol";"Dupla";"Interseção de Vias;Reta";"Não";1;0;1;0;0;0;1;1;-22,79106843;-45,16105167;"SPRF-SP";"DEL08-SP";"UOP01-DEL08-SP"
545840;2023-09-01;"sexta-feira";"13:20:00";"PR";277;731;"FOZ DO IGUACU";"Pista Escorregadia";"Tombamento";"Com Vítimas Feridas";"Pleno dia";"Decrescente";"Chuva";"Simples";"Declive";"Sim";1;0;1;0;0;0;1;1;-25,50826305;-54,59238593;"SPRF-PR";"DEL05-PR";"UOP03-DEL05-PR"
545841;2023-09-01;"sexta-feira";"08:25:00";"RJ";495;3;"TERESOPOLIS";"Condutor deixou de manter distância do veículo da frente";"Colisão traseira";"Com Vítimas Feridas";"Pleno dia";"Crescente";"Céu Claro";"Simples";"Reta";"Sim";2;0;1;0;1;0;1;2;-22,396009;-42,991104;"SPRF-RJ";"DEL04-RJ";"UOP01-DEL04-RJ"
545844;2023-07-30;"domingo";"06:30:00";"SP";381;85;"SAO PAULO";"Reação tardia ou ineficiente do condutor";"Colisão traseira";"Com Vítimas Feridas";"Amanhecer";"Decrescente";"Garoa/Chuvisco";"Múltipla";"Reta";"Sim";2;0;2;0;0;0;2;2;-23,449343;-46,56983501;"SPRF-SP";"DEL03-SP";"UOP01-DEL03-SP"
545845;2023-08-05;"sábado";"07:43:00";"MG";381;513;"IGARAPE";"Ausência de reação do condutor";"Colisão transversal";"Com Vítimas Feridas";"Pleno dia";"Crescente";"Céu Claro";"Múltipla";"Reta";"Sim";2;0;2;0;0;0;2;1;-20,099993;-44,318903;"SPRF-MG";"DEL04-MG";"UOP03-DEL04-MG"
545846;2023-09-01;"sexta-feira";"13:00:00";"PE";101;76,9;"RECIFE";"Condutor deixou de manter distância do veículo da frente";"Colisão traseira";"Com Vítimas Feridas";"Pleno dia";"Crescente";"Céu Claro";"Dupla";"Curva";"Sim";2;0;1;0;0;1;1;2;-8,11813811;-34,94329214;"SPRF-PE";"DEL01-PE";"UOP01-DEL01-PE"
545847;2023-09-01;"sexta-feira";"13:35:00";"MS";163;266;"DOURADOS";"Acessar a via sem observar a presença dos outros veículos";"Colisão transversal";"Com Vítimas Feridas";"Pleno dia";"Decrescente";"Nublado";"Dupla";"Rotatória";"Sim";2;0;1;0;1;0;1;2;-22,21267289;-54,71577108;"SPRF-MS";"DEL04-MS";"UOP01-DEL04-MS"
545848;2023-08-11;"sexta-feira";"20:25:00";"RS";472;579;"URUGUAIANA";"Reação tardia ou ineficiente do condutor";"Saída de leito carroçável";"Com Vítimas Feridas";"Plena Noite";"Decrescente";"Céu Claro";"Simples";"Reta";"Não";1;0;0;1;0;0;1;1;-29,787919;-57,08663;"SPRF-RS";"DEL13-RS";"UOP01-DEL13-RS"
545849;2023-09-01;"sexta-feira";"13:30:00";"ES";101;292;"CARIACICA";"Acumulo de areia ou detritos sobre o pavimento";"Tombamento";"Com Vítimas Feridas";"Pleno dia";"Crescente";"Nublado";"Dupla";"Reta";"Sim";1;0;1;0;0;0;1;1;-20,30619467;-40,3950119;"SPRF-ES";"DEL01-ES";"UOP01-DEL01-ES"
545850;2023-09-01;"sexta-feira";"13:47:00";"GO";40;3;"VALPARAISO DE GOIAS";"Condutor deixou de manter distância do veículo da frente";"Tombamento";"Com Vítimas Feridas";"Pleno dia";"Decrescente";"Céu Claro";"Dupla";"Reta";"Sim";2;0;1;0;1;0;1;2;-16,076081;-47,985671;"SPRF-DF";"DEL01-DF";"UOP01-DEL01-DF"
545855;2023-09-01;"sexta-feira";"14:40:00";"GO";414;402,7;"ABADIANIA";"Ausência de reação do condutor";"Saída de leito carroçável";"Com Vítimas Feridas";"Pleno dia";"Decrescente";"Chuva";"Simples";"Curva;Declive";"Não";2;0;2;0;0;0;2;1;-15,99146056;-48,83559539;"SPRF-GO";"DEL02-GO";"UOP01-DEL02-GO"
545857;2023-09-01;"sexta-feira";"14:00:00";"MS";376;15;"DOURADOS";"Reação tardia ou ineficiente do condutor";"Saída de leito carroçável";"Com Vítimas Feridas";"Pleno dia";"Crescente";"Céu Claro";"Simples";"Reta";"Não";4;0;4;0;0;0;4;1;-22,29649291;-54,6021319;"SPRF-MS";"DEL04-MS";"UOP01-DEL04-MS"
545858;2023-08-05;"sábado";"05:10:00";"PR";376;182;"MARINGA";"Reação tardia ou ineficiente do condutor";"Colisão lateral mesmo sentido";"Com Vítimas Feridas";"Amanhecer";"Decrescente";"Céu Claro";"Múltipla";"Rotatória";"Sim";3;0;1;0;2;0;1;2;-23,43158169;-51,88704371;"SPRF-PR";"DEL09-PR";"UOP01-DEL09-PR"
545862;2023-09-01;"sexta-feira";"14:10:00";"ES";259;104,2;"BAIXO GUANDU";"Acessar a via sem observar a presença dos outros veículos";"Colisão transversal";"Com Vítimas Feridas";"Pleno dia";"Crescente";"Nublado";"Simples";"Reta";"Não";2;0;1;0;1;0;1;2;-19,522022;-41,01212;"SPRF-ES";"DEL02-ES";"UOP01-DEL02-ES"
545864;2023-09-01;"sexta-feira";"13:45:00";"AL";101;58;"MESSIAS";"Avarias e/ou desgaste excessivo no pneu";"Saída de leito carroçável";"Sem Vítimas";"Pleno dia";"Crescente";"Céu Claro";"Dupla";"Curva;Declive";"Não";1;0;0;0;0;1;0;1;-9,26780247;-35,78483784;"SPRF-AL";"DEL01-AL";"UOP02-DEL01-AL"
545865;2023-09-01;"sexta-feira";"15:30:00";"RS";116;243;"SAO LEOPOLDO";"Trafegar com motocicleta (ou similar) entre as faixas";"Atropelamento de Pedestre";"Com Vítimas Feridas";"Pleno dia";"Decrescente";"Céu Claro";"Dupla";"Reta;Viaduto";"Sim";3;0;2;0;1;0;2;2;-29,73196199;-51,14952004;"SPRF-RS";"DEL01-RS";"UOP02-DEL01-RS"
545866;2023-09-01;"sexta-feira";"15:30:00";"PE";101;50;"PAULISTA";"Manobra de mudança de faixa";"Colisão transversal";"Com Vítimas Feridas";"Pleno dia";"Crescente";"Céu Claro";"Dupla";"Interseção de Vias";"Sim";3;0;0;1;2;0;1;2;-7,90938602;-34,90123228;"SPRF-PE";"DEL01-PE";"UOP02-DEL01-PE"
545867;2023-09-01;"sexta-feira";"11:52:00";"SC";101;87,9;"BARRA VELHA";"Ausência de reação do condutor";"Colisão traseira";"Com Vítimas Feridas";"Pleno dia";"Crescente";"Sol";"Múltipla";"Reta";"Sim";2;0;1;0;1;0;1;2;-26,63713377;-48,69651057;"SPRF-SC";"DEL03-SC";"UOP02-DEL03-SC"
545868;2023-09-01;"sexta-feira";"12:20:00";"RN";405;151;"PAU DOS FERROS";"Conversão proibida";"Colisão transversal";"Com Vítimas Feridas";"Pleno dia";"Crescente";"Céu Claro";"Dupla";"Reta";"Sim";1;0;1;0;0;0;1;1;-6,11489502;-38,20651128;"SPRF-RN";"DEL04-RN";"UOP02-DEL04-RN"
545869;2023-09-01;"sexta-feira";"15:50:00";"ES";101;450;"MIMOSO DO SUL";"Acesso irregular";"Colisão transversal";"Com Vítimas Feridas";"Pleno dia";"Crescente";"Sol";"Simples";"Reta";"Não";4;0;3;0;1;0;3;2;-21,14473102;-41,27036927;"SPRF-ES";"DEL03-ES";"UOP02-DEL03-ES"
545870;2023-09-01;"sexta-feira";"15:30:00";"RJ";116;173;"SAO JOAO DE MERITI";"Acesso irregular";"Atropelamento de Pedestre";"Com Vítimas Feridas";"Pleno dia";"Crescente";"Céu Claro";"Dupla";"Reta";"Não";2;0;0;1;1;0;1;2;-22,79810324;-43,35726614;"SPRF-RJ";"DEL01-RJ";"UOP02-DEL01-RJ"
545871;2023-09-01;"sexta-feira";"15:50:00";"RS";116;242;"SAO LEOPOLDO";"Ausência de reação do condutor";"Colisão traseira";"Com Vítimas Feridas";"Pleno dia";"Decrescente";"Céu Claro";"Dupla";"Reta";"Sim";5;0;2;0;3;0;2;5;-29,72297087;-51,14858729;"SPRF-RS";"DEL01-RS";"UOP02-DEL01-RS"
545873;2023-09-01;"sexta-feira";"14:30:00";"RJ";101;302;"ITABORAI";"Condutor deixou de manter distância do veículo da frente";"Colisão traseira";"Com Vítimas Feridas";"Pleno dia";"Decrescente";"Céu Claro";"Dupla";"Reta";"Sim";7;0;5;0;2;0;5;2;-22,78069318;-42,96706396;"SPRF-RJ";"DEL02-RJ";"UOP02-DEL02-RJ"
545875;2023-09-01;"sexta-feira";"16:00:00";"MG";50;40,6;"ARAGUARI";"Pedestre andava na pista";"Colisão com objeto";"Com Vítimas Feridas";"Pleno dia";"Crescente";"Céu Claro";"Dupla";"Declive;Reta";"Não";2;0;1;0;1;0;1;2;-18,66594982;-48,17302108;"SPRF-MG";"DEL15-MG";"UOP02-DEL15-MG"
545876;2023-09-01;"sexta-feira";"15:20:00";"CE";20;398;"CAUCAIA";"Demais falhas mecânicas ou elétricas";"Colisão lateral sentido oposto";"Sem Vítimas";"Pleno dia";"Crescente";"Céu Claro";"Simples";"Reta";"Não";2;0;0;0;2;0;0;2;-3,8094938;-38,73009916;"SPRF-CE";"DEL01-CE";"UOP01-DEL01-CE"
545877;2023-09-01;"sexta-feira";"16:09:00";"PE";101;49;"ABREU E LIMA";"Manobra de mudança de faixa";"Atropelamento de Pedestre";"Com Vítimas Feridas";"Pleno dia";"Decrescente";"Céu Claro";"Dupla";"Reta";"Sim";2;0;0;1;0;1;1;2;-7,9005152;-34,90180641;"SPRF-PE";"DEL01-PE";"UOP02-DEL01-PE"
545880;2023-09-01;"sexta-feira";"17:00:00";"PE";101;66,7;"RECIFE";"Pedestre cruzava a pista fora da faixa";"Atropelamento de Pedestre";"Com Vítimas Feridas";"Pleno dia";"Crescente";"Céu Claro";"Dupla";"Reta";"Sim";2;0;1;0;0;1;1;2;-8,039946;-34,942403;"SPRF-PE";"DEL01-PE";"UOP01-DEL01-PE"
545881;2023-09-01;"sexta-feira";"16:46:00";"RJ";101;330;"RIO DE JANEIRO";"Condutor deixou de manter distância do veículo da frente";"Colisão lateral mesmo sentido";"Com Vítimas Feridas";"Pleno dia";"Decrescente";"Céu Claro";"Múltipla";"Reta";"Não";2;0;1;0;1;0;1;2;-22,8684989;-43,18548699;"SPRF-RJ";"DEL02-RJ";"UOP01-DEL02-RJ"
545884;2023-09-01;"sexta-feira";"17:00:00";"PE";104;61;"CARUARU";"Acessar a via sem observar a presença dos outros veículos";"Colisão lateral mesmo sentido";"Com Vítimas Feridas";"Anoitecer";"Decrescente";"Céu Claro";"Múltipla";"Reta;Interseção de Vias";"Não";3;0;2;0;1;0;2;2;-8,2529;-35,9751;"SPRF-PE";"DEL02-PE";"UOP01-DEL02-PE"
545885;2023-09-01;"sexta-feira";"17:02:00";"GO";40;1;"VALPARAISO DE GOIAS";"Transitar no Acostamento";"Atropelamento de Pedestre";"Com Vítimas Feridas";"Pleno dia";"Crescente";"Céu Claro";"Dupla";"Reta";"Sim";2;0;1;0;0;1;1;2;-16,058245;-47,982825;"SPRF-DF";"DEL01-DF";"UOP01-DEL01-DF"
545886;2023-09-01;"sexta-feira";"17:15:00";"MG";146;462,8;"BOTELHOS";"Acessar a via sem observar a presença dos outros veículos";"Colisão transversal";"Com Vítimas Feridas";"Pleno dia";"Decrescente";"Céu Claro";"Simples";"Interseção de Vias;Reta";"Não";2;0;1;0;1;0;1;2;-21,6314793;-46,4091195;"SPRF-MG";"DEL09-MG";"UOP01-DEL09-MG"
545887;2023-09-01;"sexta-feira";"15:30:00";"RJ";101;476;"ANGRA DOS REIS";"Demais falhas mecânicas ou elétricas";"Engavetamento";"Com Vítimas Feridas";"Pleno dia";"Crescente";"Nublado";"Simples";"Declive";"Não";3;0;1;0;2;0;1;3;-23,0055431;-44,26195833;"SPRF-RJ";"DEL03-RJ";"UOP03-DEL03-RJ"
545889;2023-08-25;"sexta-feira";"13:20:00";"RJ";101;285;"ITABORAI";"Ausência de reação do condutor";"Colisão traseira";"Com Vítimas Feridas";"Pleno dia";"Crescente";"Céu Claro";"Múltipla";"Reta;Aclive";"Não";1;0;0;1;0;0;1;1;-22,7498742;-42,81644087;"SPRF-RJ";"DEL02-RJ";"UOP02-DEL02-RJ"
545890;2023-09-01;"sexta-feira";"17:15:00";"RS";116;242;"SAO LEOPOLDO";"Reação tardia ou ineficiente do condutor";"Colisão traseira";"Com Vítimas Feridas";"Pleno dia";"Crescente";"Nublado";"Dupla";"Reta";"Sim";2;0;1;0;1;0;1;2;-29,72297087;-51,14858729;"SPRF-RS";"DEL01-RS";"UOP02-DEL01-RS"
545891;2023-09-01;"sexta-feira";"16:55:00";"BA";101;256;"CONCEICAO DO ALMEIDA";"Ausência de sinalização";"Colisão traseira";"Com Vítimas Feridas";"Pleno dia";"Crescente";"Céu Claro";"Simples";"Declive";"Não";6;0;0;1;3;2;1;5;-12,93647198;-39,25233534;"SPRF-BA";"DEL01-BA";"UOP02-DEL01-BA"
545893;2023-09-01;"sexta-feira";"16:40:00";"DF";20;2;"BRASILIA";"Condutor deixou de manter distância do veículo da frente";"Colisão traseira";"Sem Vítimas";"Pleno dia";"Crescente";"Céu Claro";"Dupla";"Declive;Reta";"Sim";5;0;0;0;5;0;0;2;-15,682896;-47,840729;"SPRF-DF";"DEL02-DF";"UOP01-DEL02-DF"
545894;2023-09-01;"sexta-feira";"16:00:00";"BA";407;4,2;"JUAZEIRO";"Transitar no Acostamento";"Colisão transversal";"Sem Vítimas";"Pleno dia";"Crescente";"Céu Claro";"Simples";"Reta";"Sim";2;0;0;0;1;1;0;2;-9,43634952;-40,49586028;"SPRF-PE";"DEL06-PE";"UOP01-DEL06-PE"
545896;2023-09-01;"sexta-feira";"16:20:00";"PB";230;151,8;"CAMPINA GRANDE";"Ultrapassagem Indevida";"Colisão lateral mesmo sentido";"Com Vítimas Feridas";"Pleno dia";"Decrescente";"Céu Claro";"Simples";"Reta";"Sim";2;0;1;0;0;1;1;2;-7,2587;-35,8778;"SPRF-PB";"DEL02-PB";"UOP01-DEL02-PB"
545897;2023-09-01;"sexta-feira";"17:20:00";"MG";40;550,1;"NOVA LIMA";"Trafegar com motocicleta (ou similar) entre as faixas";"Colisão transversal";"Com Vítimas Feridas";"Pleno dia";"Decrescente";"Céu Claro";"Dupla";"Curva;Declive";"Não";2;0;1;0;1;0;1;2;-20,0477638;-43,96439441;"SPRF-MG";"DEL01-MG";"UOP02-DEL01-MG"
545898;2023-09-01;"sexta-feira";"15:50:00";"SC";470;122,8;"IBIRAMA";"Conversão proibida";"Colisão transversal";"Com Vítimas Feridas";"Pleno dia";"Decrescente";"Sol";"Simples";"Curva";"Não";2;0;1;0;1;0;1;2;-27,099888;-49,527679;"SPRF-SC";"DEL04-SC";"UOP02-DEL04-SC"
545900;2023-09-01;"sexta-feira";"17:30:00";"SC";101;433,8;"SOMBRIO";"Desrespeitar a preferência no cruzamento";"Colisão transversal";"Com Vítimas Feridas";"Pleno dia";"Decrescente";"Nublado";"Múltipla";"Reta";"Sim";2;0;1;0;1;0;1;2;-29,08200809;-49,6297237;"SPRF-SC";"DEL02-SC";"UOP02-DEL02-SC"
545901;2023-09-01;"sexta-feira";"16:50:00";"MG";381;503;"BETIM";"Ausência de reação do condutor";"Engavetamento";"Com Vítimas Feridas";"Pleno dia";"Decrescente";"Céu Claro";"Dupla";"Reta;Aclive";"Não";3;0;0;1;2;0;1;3;-20,03855134;-44,25495493;"SPRF-MG";"DEL04-MG";"UOP03-DEL04-MG"
545902;2023-09-01;"sexta-feira";"17:50:00";"GO";414;439;"ANAPOLIS";"Condutor deixou de manter distância do veículo da frente";"Colisão lateral mesmo sentido";"Com Vítimas Feridas";"Pleno dia";"Crescente";"Céu Claro";"Simples";"Aclive;Reta";"Sim";3;0;0;1;1;1;1;2;-16,28128823;-48,94258908;"SPRF-GO";"DEL02-GO";"UOP01-DEL02-GO"
545903;2023-09-01;"sexta-feira";"10:00:00";"RJ";101;294;"ITABORAI";"Ausência de reação do condutor";"Colisão traseira";"Com Vítimas Feridas";"Pleno dia";"Decrescente";"Céu Claro";"Dupla";"Reta";"Sim";2;0;1;0;1;0;1;2;-22,7584434;-42,89502344;"SPRF-RJ";"DEL02-RJ";"UOP02-DEL02-RJ"
545904;2023-09-01;"sexta-feira";"17:20:00";"SP";381;46;"ATIBAIA";"Reação tardia ou ineficiente do condutor";"Colisão com objeto";"Sem Vítimas";"Anoitecer";"Crescente";"Céu Claro";"Dupla";"Reta;Declive";"Não";2;0;0;0;2;0;0;1;-23,180897;-46,580777;"SPRF-SP";"DEL03-SP";"UOP01-DEL03-SP"
545906;2023-09-01;"sexta-feira";"17:00:00";"MG";356;266,9;"MURIAE";"Velocidade Incompatível";"Colisão com objeto";"Com Vítimas Feridas";"Pleno dia";"Crescente";"Nublado";"Simples";"Curva";"Sim";2;0;0;1;0;1;1;2;-21,12823134;-42,35802453;"SPRF-MG";"DEL07-MG";"UOP02-DEL07-MG"
545907;2023-09-01;"sexta-feira";"17:45:00";"RS";386;347,6;"LAJEADO";"Condutor deixou de manter distância do veículo da frente";"Colisão traseira";"Com Vítimas Feridas";"Anoitecer";"Decrescente";"Chuva";"Dupla";"Em Obras;Reta";"Sim";4;0;1;0;3;0;1;2;-29,451736;-51,965893;"SPRF-RS";"DEL04-RS";"UOP01-DEL04-RS"
545908;2023-09-01;"sexta-feira";"18:10:00";"MG";365;623,3;"UBERLANDIA";"Acessar a via sem observar a presença dos outros veículos";"Colisão lateral mesmo sentido";"Com Vítimas Feridas";"Anoitecer";"Decrescente";"Céu Claro";"Dupla";"Reta";"Sim";3;0;0;1;1;1;1;3;-18,905179;-48,287943;"SPRF-MG";"DEL15-MG";"UOP01-DEL15-MG"
545910;2023-09-01;"sexta-feira";"18:30:00";"SP";101;47,9;"UBATUBA";"Reação tardia ou ineficiente do condutor";"Colisão transversal";"Com Vítimas Feridas";"Plena Noite";"Crescente";"Céu Claro";"Simples";"Rotatória";"Sim";2;0;1;0;1;0;1;2;-23,429897;-45,082436;"SPRF-SP";"DEL06-SP";"UOP01-DEL06-SP"
545911;2023-09-01;"sexta-feira";"17:50:00";"RJ";116;323;"ITATIAIA";"Transitar na contramão";"Colisão frontal";"Com Vítimas Feridas";"Anoitecer";"Crescente";"Céu Claro";"Simples";"Reta";"Sim";3;0;2;1;0;0;3;2;-22,488885;-44,552696;"SPRF-RJ";"DEL07-RJ";"UOP02-DEL07-RJ"
545912;2023-09-01;"sexta-feira";"18:00:00";"PR";277;74;"SAO JOSE DOS PINHAIS";"Manobra de mudança de faixa";"Colisão lateral mesmo sentido";"Com Vítimas Feridas";"Anoitecer";"Crescente";"Céu Claro";"Dupla";"Reta";"Sim";2;0;1;0;1;0;1;2;-25,51726115;-49,11540707;"SPRF-PR";"DEL01-PR";"UOP01-DEL01-PR"
545915;2023-08-16;"quarta-feira";"18:00:00";"RJ";465;15;"SEROPEDICA";"Condutor deixou de manter distância do veículo da frente";"Colisão lateral mesmo sentido";"Com Vítimas Feridas";"Pleno dia";"Crescente";"Ignorado";"Simples";"Ponte";"Sim";1;0;1;0;0;0;1;1;-22,810925;-43,631504;"SPRF-RJ";"DEL01-RJ";"UOP03-DEL01-RJ"
545916;2023-09-01;"sexta-feira";"17:45:00";"RJ";101;304;"SAO GONCALO";"Ausência de reação do condutor";"Colisão traseira";"Com Vítimas Feridas";"Anoitecer";"Decrescente";"Céu Claro";"Dupla";"Reta";"Não";2;0;1;0;1;0;1;2;-22,78491869;-42,98627706;"SPRF-RJ";"DEL02-RJ";"UOP02-DEL02-RJ"
545917;2023-09-01;"sexta-feira";"18:10:00";"MG";116;765;"LEOPOLDINA";"Animais na Pista";"Atropelamento de Animal";"Com Vítimas Feridas";"Plena Noite";"Decrescente";"Céu Claro";"Simples";"Reta";"Sim";1;0;1;0;0;0;1;1;-21,5197389;-42,6491103;"SPRF-MG";"DEL07-MG";"UOP01-DEL07-MG"
545919;2023-09-01;"sexta-feira";"18:50:00";"BA";101;714,1;"EUNAPOLIS";"Acessar a via sem observar a presença dos outros veículos";"Colisão transversal";"Com Vítimas Feridas";"Plena Noite";"Crescente";"Céu Claro";"Simples";"Reta";"Sim";3;0;2;0;0;1;2;2;-16,51577516;-39,57427325;"SPRF-BA";"DEL09-BA";"UOP01-DEL09-BA"
545924;2023-09-01;"sexta-feira";"18:15:00";"RN";405;191;"MAJOR SALES";"Pista esburacada";"Tombamento";"Sem Vítimas";"Plena Noite";"Crescente";"Céu Claro";"Simples";"Reta";"Não";1;0;0;0;1;0;0;1;-6,43405421;-38,33934794;"SPRF-RN";"DEL04-RN";"UOP02-DEL04-RN"
545926;2023-09-01;"sexta-feira";"18:45:00";"RJ";116;202;"QUEIMADOS";"Transitar na contramão";"Colisão frontal";"Com Vítimas Feridas";"Plena Noite";"Crescente";"Céu Claro";"Dupla";"Reta";"Sim";2;0;2;0;0;0;2;2;-22,7302653;-43,6141071;"SPRF-RJ";"DEL01-RJ";"UOP03-DEL01-RJ"
545927;2023-09-01;"sexta-feira";"18:39:00";"PE";407;129;"PETROLINA";"Ausência de reação do condutor";"Colisão lateral mesmo sentido";"Sem Vítimas";"Plena Noite";"Crescente";"Céu Claro";"Dupla";"Rotatória";"Sim";2;0;0;0;2;0;0;2;-9,39958299;-40,50459298;"SPRF-PE";"DEL06-PE";"UOP01-DEL06-PE"
545928;2023-09-01;"sexta-feira";"18:30:00";"MS";60;453;"SIDROLANDIA";"Acessar a via sem observar a presença dos outros veículos";"Colisão transversal";"Com Vítimas Feridas";"Plena Noite";"Crescente";"Céu Claro";"Simples";"Interseção de Vias;Reta";"Não";5;0;2;0;3;0;2;2;-21,003684;-55,168209;"SPRF-MS";"DEL01-MS";"UOP04-DEL01-MS"
545929;2023-09-01;"sexta-feira";"18:45:00";"RO";364;236,7;"CACOAL";"Condutor deixou de manter distância do veículo da frente";"Colisão traseira";"Sem Vítimas";"Plena Noite";"Crescente";"Céu Claro";"Dupla";"Reta";"Sim";2;0;0;0;2;0;0;2;-11,44587672;-61,43784993;"SPRF-RO";"DEL02-RO";"UOP02-DEL02-RO"
545930;2023-09-01;"sexta-feira";"17:30:00";"SC";101;335;"TUBARAO";"Acessar a via sem observar a presença dos outros veículos";"Colisão transversal";"Com Vítimas Feridas";"Pleno dia";"Decrescente";"Céu Claro";"Dupla";"Interseção de Vias;Reta";"Sim";2;0;1;0;1;0;1;2;-28,47621735;-49,0288496;"SPRF-SC";"DEL02-SC";"UOP01-DEL02-SC"