"id";"data_inversa";"dia_semana";"horario";"uf";"br";"km";"municipio";"causa_acidente";"tipo_acidente";"classificacao_acidente";"fase_dia";"sentido_via";"condicao_metereologica";"tipo_pista";"tracado_via";"uso_solo";"pessoas";"mortos";"feridos_leves";"feridos_graves";"ilesos";"ignorados";"feridos";"veiculos";"latitude";"longitude";"regional";"delegacia";"uop"
545934;2023-09-01;"sexta-feira";"19:50:00";"BA";101;884;"TEIXEIRA DE FREITAS";"Ausência de reação do condutor";"Tombamento";"Com Vítimas Feridas";"Plena Noite";"Decrescente";"Céu Claro";"Simples";"Curva";"Não";1;0;0;1;0;0;1;1;-17,60144372;-39,74883556;"SPRF-BA";"DEL09-BA";"UOP02-DEL09-BA"
545935;2023-09-01;"sexta-feira";"19:30:00";"RJ";116;142;"DUQUE DE CAXIAS";"Acesso irregular";"Atropelamento de Pedestre";"Com Vítimas Fatais";"Plena Noite";"Crescente";"Céu Claro";"Dupla";"Reta;Interseção de Vias";"Sim";6;1;0;0;3;2;0;2;-22,64876087;-43,23031638;"SPRF-RJ";"DEL01-RJ";"UOP01-DEL01-RJ"
545937;2023-09-01;"sexta-feira";"19:49:00";"RJ";393;279,8;"BARRA DO PIRAI";"Acessar a via sem observar a presença dos outros veículos";"Colisão transversal";"Com Vítimas Feridas";"Plena Noite";"Crescente";"Céu Claro";"Simples";"Reta";"Sim";4;0;2;0;2;0;2;2;-22,47615736;-44,00889998;"SPRF-RJ";"DEL05-RJ";"UOP04-DEL05-RJ"
545938;2023-09-01;"sexta-feira";"19:10:00";"SC";101;113;"ITAJAI";"Trafegar com motocicleta (ou similar) entre as faixas";"Colisão lateral mesmo sentido";"Com Vítimas Feridas";"Plena Noite";"Decrescente";"Céu Claro";"Dupla";"Reta";"Sim";2;0;1;0;1;0;1;2;-26,85311393;-48,72689927;"SPRF-SC";"DEL04-SC";"UOP04-DEL04-SC"
545941;2023-09-01;"sexta-feira";"18:00:00";"RS";472;415;"SAO BORJA";"Ausência de reação do condutor";"Colisão frontal";"Com Vítimas Feridas";"Anoitecer";"Crescente";"Chuva";"Simples";"Reta";"Não";4;0;1;0;3;0;1;2;-28,74490331;-56,02747862;"SPRF-RS";"DEL12-RS";"UOP01-DEL12-RS"
545942;2023-09-01;"sexta-feira";"20:00:00";"RJ";101;162;"MACAE";"Avarias e/ou desgaste excessivo no pneu";"Queda de ocupante de veículo";"Com Vítimas Feridas";"Plena Noite";"Decrescente";"Céu Claro";"Simples";"Reta";"Não";2;0;2;0;0;0;2;1;-22,30241181;-41,88311841;"SPRF-RJ";"DEL08-RJ";"UOP04-DEL08-RJ"
545943;2023-09-01;"sexta-feira";"18:40:00";"AC";364;124;"RIO BRANCO";"Acumulo de água sobre o pavimento";"Colisão traseira";"Sem Vítimas";"Plena Noite";"Crescente";"Chuva";"Dupla";"Reta";"Sim";2;0;0;0;2;0;0;2;-10,01152469;-67,79140099;"SPRF-AC";"DEL01-AC";"UOP01-DEL01-AC"
545944;2023-09-01;"sexta-feira";"17:45:00";"MA";10;260;"IMPERATRIZ";"Ausência de reação do condutor";"Queda de ocupante de veículo";"Com Vítimas Feridas";"Pleno dia";"Decrescente";"Céu Claro";"Simples";"Reta";"Sim";1;0;0;1;0;0;1;1;-5,463405;-47,472332;"SPRF-MA";"DEL04-MA";"UOP01-DEL04-MA"
545945;2023-09-01;"sexta-feira";"18:30:00";"AL";316;155,6;"PALMEIRA DOS INDIOS";"Área urbana sem a presença de local apropriado para a travessia de pedestres";"Atropelamento de Pedestre";"Com Vítimas Feridas";"Plena Noite";"Decrescente";"Céu Claro";"Simples";"Curva";"Sim";2;0;0;2;0;0;2;2;-9,42623278;-36,63304512;"SPRF-AL";"DEL03-AL";"UOP01-DEL03-AL"
545946;2023-09-01;"sexta-feira";"18:45:00";"SC";101;91;"BARRA VELHA";"Condutor deixou de manter distância do veículo da frente";"Colisão traseira";"Com Vítimas Feridas";"Plena Noite";"Decrescente";"Céu Claro";"Múltipla";"Reta";"Não";3;0;1;0;2;0;1;2;-26,67120698;-48,69011814;"SPRF-SC";"DEL03-SC";"UOP02-DEL03-SC"
545948;2023-09-01;"sexta-feira";"20:00:00";"SP";101;45,5;"UBATUBA";"Acessar a via sem observar a presença dos outros veículos";"Colisão lateral sentido oposto";"Com Vítimas Feridas";"Plena Noite";"Crescente";"Céu Claro";"Simples";"Reta";"Sim";2;0;1;0;0;1;1;2;-23,41779396;-45,06788408;"SPRF-SP";"DEL06-SP";"UOP01-DEL06-SP"
545950;2023-09-01;"sexta-feira";"20:06:00";"DF";40;1,6;"BRASILIA";"Condutor Dormindo";"Colisão traseira";"Sem Vítimas";"Plena Noite";"Crescente";"Nublado";"Dupla";"Reta";"Não";2;0;0;0;2;0;0;2;-15,985532;-47,987747;"SPRF-DF";"DEL01-DF";"UOP01-DEL01-DF"
545951;2023-09-01;"sexta-feira";"21:30:00";"SP";116;219;"GUARULHOS";"Ausência de reação do condutor";"Colisão transversal";"Com Vítimas Feridas";"Plena Noite";"Crescente";"Céu Claro";"Múltipla";"Reta";"Sim";3;0;2;0;1;0;2;2;-23,46143954;-46,48885316;"SPRF-SP";"DEL01-SP";"UOP01-DEL01-SP"
545952;2023-09-01;"sexta-feira";"20:00:00";"RJ";116;191;"NOVA IGUACU";"Reação tardia ou ineficiente do condutor";"Colisão traseira";"Com Vítimas Feridas";"Plena Noite";"Crescente";"Céu Claro";"Dupla";"Reta";"Sim";3;0;0;2;1;0;2;2;-22,74421443;-43,509822;"SPRF-RJ";"DEL01-RJ";"UOP02-DEL01-RJ"
545953;2023-09-01;"sexta-feira";"20:12:00";"RJ";116;185;"NOVA IGUACU";"Ingestão de álcool pelo condutor";"Colisão traseira";"Com Vítimas Feridas";"Plena Noite";"Crescente";"Céu Claro";"Dupla";"Reta";"Sim";2;0;1;0;1;0;1;2;-22,74151051;-43,45351823;"SPRF-RJ";"DEL01-RJ";"UOP02-DEL01-RJ"
545954;2023-09-01;"sexta-feira";"21:10:00";"MG";381;480;"CONTAGEM";"Ingestão de álcool pelo condutor";"Colisão com objeto";"Sem Vítimas";"Plena Noite";"Decrescente";"Céu Claro";"Dupla";"Curva";"Sim";1;0;0;0;1;0;0;1;-19,95749597;-44,07899901;"SPRF-MG";"DEL01-MG";"UOP03-DEL01-MG"
545955;2023-09-01;"sexta-feira";"21:15:00";"PR";376;618;"SAO JOSE DOS PINHAIS";"Acessar a via sem observar a presença dos outros veículos";"Colisão transversal";"Com Vítimas Feridas";"Plena Noite";"Crescente";"Nevoeiro/Neblina";"Dupla";"Reta";"Sim";3;0;1;0;2;0;1;2;-25,59168398;-49,17197705;"SPRF-PR";"DEL01-PR";"UOP04-DEL01-PR"
545956;2023-09-01;"sexta-feira";"19:45:00";"MT";174;312;"PONTES E LACERDA";"Animais na Pista";"Atropelamento de Animal";"Sem Vítimas";"Plena Noite";"Crescente";"Céu Claro";"Simples";"Reta";"Não";2;0;0;0;2;0;0;1;-15,03220191;-59,29387534;"SPRF-MT";"DEL04-MT";"UOP01-DEL04-MT"
545957;2023-09-01;"sexta-feira";"21:30:00";"RJ";116;184;"NOVA IGUACU";"Demais falhas mecânicas ou elétricas";"Incêndio";"Sem Vítimas";"Plena Noite";"Crescente";"Céu Claro";"Dupla";"Reta";"Não";1;0;0;0;1;0;0;1;-22,74647215;-43,44594311;"SPRF-RJ";"DEL01-RJ";"UOP02-DEL01-RJ"
545958;2023-09-01;"sexta-feira";"19:30:00";"RR";432;186;"CANTA";"Ausência de reação do condutor";"Saída de leito carroçável";"Com Vítimas Feridas";"Plena Noite";"Crescente";"Ignorado";"Simples";"Reta";"Não";3;0;1;0;2;0;1;1;2,58690735;-60,63326925;"SPRF-RR";"DEL01-RR";"UOP01-DEL01-RR"
545960;2023-09-01;"sexta-feira";"21:45:00";"RS";158;318;"SANTA MARIA";"Ausência de reação do condutor";"Saída de leito carroçável";"Com Vítimas Feridas";"Plena Noite";"Decrescente";"Céu Claro";"Simples";"Reta";"Não";2;0;1;0;1;0;1;1;-29,66358197;-53,77555695;"SPRF-RS";"DEL09-RS";"UOP01-DEL09-RS"
545961;2023-09-01;"sexta-feira";"19:20:00";"GO";153;501;"GOIANIA";"Condutor deixou de manter distância do veículo da frente";"Colisão traseira";"Com Vítimas Feridas";"Plena Noite";"Crescente";"Nublado";"Dupla";"Reta";"Sim";2;0;0;1;1;0;1;2;-16,7189;-49,2382;"SPRF-GO";"DEL01-GO";"UOP01-DEL01-GO"
545964;2023-09-01;"sexta-feira";"21:00:00";"MS";60;502,8;"MARACAJU";"Ausência de reação do condutor";"Saída de leito carroçável";"Com Vítimas Feridas";"Plena Noite";"Crescente";"Céu Claro";"Simples";"Rotatória";"Não";5;0;4;1;0;0;5;1;-21,22021369;-55,53654076;"SPRF-MS";"DEL01-MS";"UOP04-DEL01-MS"
545967;2023-05-22;"segunda-feira";"17:10:00";"RS";116;387,2;"ARAMBARE";"Condutor Dormindo";"Saída de leito carroçável";"Com Vítimas Feridas";"Pleno dia";"Decrescente";"Céu Claro";"Dupla";"Curva;Aclive";"Não";1;0;0;1;0;0;1;1;-30,81257309;-51,69204127;"SPRF-RS";"DEL02-RS";"UOP02-DEL02-RS"
545969;2023-09-01;"sexta-feira";"21:45:00";"SP";153;86,5;"MIRASSOL";"Velocidade Incompatível";"Colisão com objeto";"Sem Vítimas";"Plena Noite";"Crescente";"Céu Claro";"Dupla";"Curva";"Não";2;0;0;0;1;1;0;2;-20,94035079;-49,52635316;"SPRF-SP";"DEL09-SP";"UOP01-DEL09-SP"
545970;2023-09-01;"sexta-feira";"20:30:00";"RS";386;252,9;"SOLEDADE";"Entrada inopinada do pedestre";"Atropelamento de Pedestre";"Com Vítimas Feridas";"Plena Noite";"Crescente";"Nublado";"Simples";"Reta";"Não";2;0;0;1;0;1;1;2;-28,83514;-52,453606;"SPRF-RS";"DEL04-RS";"UOP03-DEL04-RS"
545971;2023-09-01;"sexta-feira";"22:10:00";"MG";40;548,3;"NOVA LIMA";"Velocidade Incompatível";"Colisão traseira";"Com Vítimas Feridas";"Plena Noite";"Decrescente";"Céu Claro";"Dupla";"Curva;Declive";"Não";4;0;1;0;2;1;1;2;-20,03136499;-43,96967792;"SPRF-MG";"DEL01-MG";"UOP02-DEL01-MG"
545972;2023-07-23;"domingo";"19:30:00";"MG";40;423;"CURVELO";"Entrada inopinada do pedestre";"Atropelamento de Pedestre";"Com Vítimas Fatais";"Plena Noite";"Crescente";"Céu Claro";"Dupla";"Reta";"Sim";2;1;0;0;1;0;0;2;-19,15337404;-44,538155;"SPRF-MG";"DEL02-MG";"UOP01-DEL02-MG"
545975;2023-09-01;"sexta-feira";"23:10:00";"SP";116;269;"TABOAO DA SERRA";"Ausência de reação do condutor";"Colisão traseira";"Com Vítimas Fatais";"Plena Noite";"Decrescente";"Céu Claro";"Múltipla";"Reta";"Sim";3;1;0;0;2;0;0;2;-23,61593059;-46,78826044;"SPRF-SP";"DEL04-SP";"UOP01-DEL04-SP"
545977;2023-09-01;"sexta-feira";"23:30:00";"RJ";116;127;"MAGE";"Manobra de mudança de faixa";"Colisão traseira";"Com Vítimas Feridas";"Plena Noite";"Crescente";"Ignorado";"Dupla";"Interseção de Vias;Reta";"Não";2;0;1;0;1;0;1;2;-22,66137035;-43,09295957;"SPRF-RJ";"DEL04-RJ";"UOP02-DEL04-RJ"
545979;2023-09-01;"sexta-feira";"23:50:00";"SC";101;215,4;"PALHOCA";"Condutor deixou de manter distância do veículo da frente";"Colisão traseira";"Com Vítimas Feridas";"Plena Noite";"Crescente";"Nublado";"Múltipla";"Aclive";"Não";3;0;1;1;1;0;2;2;-27,65184843;-48,67604941;"SPRF-SC";"DEL01-SC";"UOP02-DEL01-SC"
545980;2023-09-01;"sexta-feira";"20:20:00";"RS";468;65,8;"SANTO AUGUSTO";"Transitar na contramão";"Colisão transversal";"Sem Vítimas";"Plena Noite";"Crescente";"Garoa/Chuvisco";"Simples";"Reta";"Não";2;0;0;0;1;1;0;2;-27,75258312;-53,83005715;"SPRF-RS";"DEL08-RS";"UOP02-DEL08-RS"
545983;2023-09-02;"sábado";"01:00:00";"SC";101;113;"ITAJAI";"Ingestão de álcool pelo condutor";"Colisão com objeto";"Com Vítimas Feridas";"Plena Noite";"Crescente";"Nublado";"Dupla";"Em Obras;Reta";"Sim";1;0;1;0;0;0;1;1;-26,85311393;-48,72689927;"SPRF-SC";"DEL04-SC";"UOP04-DEL04-SC"
545984;2023-09-02;"sábado";"00:40:00";"SC";470;18,7;"ILHOTA";"Ausência de reação do condutor";"Colisão com objeto";"Com Vítimas Feridas";"Plena Noite";"Crescente";"Nublado";"Simples";"Desvio Temporário;Em Obras";"Não";2;0;0;1;1;0;1;1;-26,862995;-48,814396;"SPRF-SC";"DEL04-SC";"UOP04-DEL04-SC"
545986;2023-09-01;"sexta-feira";"23:55:00";"SC";282;414,4;"CATANDUVAS";"Condutor Dormindo";"Saída de leito carroçável";"Com Vítimas Fatais";"Plena Noite";"Decrescente";"Nublado";"Simples";"Reta;Declive";"Não";1;1;0;0;0;0;0;1;-27,0514567;-51,6998801;"SPRF-SC";"DEL07-SC";"UOP05-DEL07-SC"
545987;2023-09-02;"sábado";"01:30:00";"GO";50;257;"CATALAO";"Mal súbito do condutor";"Saída de leito carroçável";"Com Vítimas Feridas";"Plena Noite";"Crescente";"Céu Claro";"Dupla";"Reta";"Não";1;0;1;0;0;0;1;1;-18,0231;-47,8203;"SPRF-GO";"DEL06-GO";"UOP01-DEL06-GO"
545989;2023-09-02;"sábado";"02:14:00";"ES";101;4,5;"PEDRO CANARIO";"Ausência de reação do condutor";"Capotamento";"Com Vítimas Feridas";"Plena Noite";"Crescente";"Nublado";"Simples";"Curva";"Não";1;0;1;0;0;0;1;1;-18,2058992;-39,93492691;"SPRF-ES";"DEL04-ES";"UOP02-DEL04-ES"
545990;2023-09-02;"sábado";"01:10:00";"MS";267;291,9;"RIO BRILHANTE";"Ausência de reação do condutor";"Colisão traseira";"Com Vítimas Feridas";"Plena Noite";"Crescente";"Céu Claro";"Simples";"Reta";"Não";2;0;1;0;0;1;1;2;-21,7801622;-54,53366955;"SPRF-MS";"DEL02-MS";"UOP02-DEL02-MS"
545992;2023-09-01;"sexta-feira";"23:00:00";"MG";116;620,8;"ORIZANIA";"Condutor deixou de manter distância do veículo da frente";"Colisão traseira";"Sem Vítimas";"Plena Noite";"Crescente";"Nublado";"Simples";"Interseção de Vias;Reta";"Sim";2;0;0;0;1;1;0;2;-20,49749893;-42,18810811;"SPRF-MG";"DEL07-MG";"UOP02-DEL07-MG"
545993;2023-09-02;"sábado";"02:40:00";"GO";70;1;"AGUAS LINDAS DE GOIAS";"Reação tardia ou ineficiente do condutor";"Colisão com objeto";"Sem Vítimas";"Plena Noite";"Crescente";"Céu Claro";"Dupla";"Aclive;Reta";"Não";1;0;0;0;0;1;0;1;-15,77579351;-48,23259001;"SPRF-DF";"DEL03-DF";"UOP02-DEL03-DF"
545994;2023-09-02;"sábado";"01:45:00";"MG";381;874,2;"ESTIVA";"Estacionar ou parar em local proibido";"Colisão traseira";"Com Vítimas Feridas";"Plena Noite";"Decrescente";"Nublado";"Dupla";"Reta";"Não";5;0;1;0;4;0;1;2;-22,45619351;-46,00792634;"SPRF-MG";"DEL16-MG";"UOP01-DEL16-MG"
545995;2023-09-02;"sábado";"03:15:00";"GO";153;574,4;"PROFESSOR JAMIL";"Condutor Dormindo";"Saída de leito carroçável";"Com Vítimas Feridas";"Plena Noite";"Decrescente";"Céu Claro";"Dupla";"Reta";"Não";4;0;3;0;1;0;3;1;-17,3299;-49,2395;"SPRF-GO";"DEL03-GO";"UOP01-DEL03-GO"
545996;2023-09-02;"sábado";"03:00:00";"SC";101;134;"BALNEARIO CAMBORIU";"Ingestão de álcool pelo condutor";"Colisão com objeto";"Com Vítimas Feridas";"Plena Noite";"Decrescente";"Nublado";"Múltipla";"Reta";"Não";1;0;0;1;0;0;1;1;-26,99936;-48,64609;"SPRF-SC";"DEL04-SC";"UOP03-DEL04-SC"
545997;2023-09-02;"sábado";"01:30:00";"BA";101;403;"IBIRAPITANGA";"Pista Escorregadia";"Tombamento";"Com Vítimas Feridas";"Plena Noite";"Crescente";"Nevoeiro/Neblina";"Simples";"Curva;Declive";"Não";4;0;1;0;3;0;1;1;-14,01183619;-39,44410846;"SPRF-BA";"DEL05-BA";"UOP03-DEL05-BA"
546000;2023-09-02;"sábado";"02:20:00";"RJ";101;314;"SAO GONCALO";"Velocidade Incompatível";"Queda de ocupante de veículo";"Com Vítimas Feridas";"Plena Noite";"Crescente";"Céu Claro";"Dupla";"Reta";"Sim";1;0;0;1;0;0;1;1;-22,81648739;-43,07728467;"SPRF-RJ";"DEL02-RJ";"UOP02-DEL02-RJ"
546001;2023-09-02;"sábado";"05:00:00";"GO";153;423;"ANAPOLIS";"Ausência de reação do condutor";"Saída de leito carroçável";"Sem Vítimas";"Plena Noite";"Crescente";"Nublado";"Dupla";"Reta;Aclive";"Não";4;0;0;0;2;2;0;2;-16,197029;-49,025223;"SPRF-GO";"DEL02-GO";"UOP01-DEL02-GO"
546002;2023-09-02;"sábado";"05:15:00";"SP";0;0;"GUARULHOS";"Reação tardia ou ineficiente do condutor";"Saída de leito carroçável";"Com Vítimas Feridas";"Amanhecer";"Não Informado";"Céu Claro";"Simples";"Curva;Declive;Interseção de Vias;Viaduto";"Sim";1;0;1;0;0;0;1;1;-23,49629072;-46,55887842;"SPRF-SP";"DEL01-SP";"UOP01-DEL01-SP"
546003;2023-09-02;"sábado";"02:40:00";"MS";163;842;"SONORA";"Ausência de reação do condutor";"Saída de leito carroçável";"Com Vítimas Feridas";"Plena Noite";"Decrescente";"Céu Claro";"Simples";"Reta";"Não";5;0;4;0;1;0;4;1;-17,55520696;-54,74130854;"SPRF-MS";"DEL06-MS";"UOP01-DEL06-MS"
546005;2023-09-02;"sábado";"05:00:00";"ES";101;141;"LINHARES";"Reação tardia ou ineficiente do condutor";"Tombamento";"Com Vítimas Feridas";"Amanhecer";"Crescente";"Céu Claro";"Simples";"Reta";"Não";1;0;0;1;0;0;1;1;-19,32655693;-40,07192387;"SPRF-ES";"DEL04-ES";"UOP01-DEL04-ES"
546006;2023-09-02;"sábado";"00:10:00";"SC";282;524,5;"XAXIM";"Ingestão de álcool pelo condutor";"Colisão frontal";"Com Vítimas Fatais";"Plena Noite";"Crescente";"Chuva";"Simples";"Reta";"Não";36;1;1;0;33;1;1;3;-26,9642804;-52,561759;"SPRF-SC";"DEL07-SC";"UOP01-DEL07-SC"
546008;2023-07-19;"quarta-feira";"11:40:00";"RJ";493;0,9;"ITABORAI";"Pedestre cruzava a pista fora da faixa";"Atropelamento de Pedestre";"Com Vítimas Feridas";"Pleno dia";"Crescente";"Céu Claro";"Dupla";"Reta";"Sim";2;0;1;0;1;0;1;2;-22,77062;-42,92223;"SPRF-RJ";"DEL02-RJ";"UOP02-DEL02-RJ"
546009;2023-09-02;"sábado";"04:40:00";"MG";381;507;"SAO JOAQUIM DE BICAS";"Ausência de reação do condutor";"Colisão traseira";"Com Vítimas Feridas";"Amanhecer";"Crescente";"Céu Claro";"Dupla";"Reta";"Sim";1;0;1;0;0;0;1;1;-20,04262745;-44,26760674;"SPRF-MG";"DEL04-MG";"UOP03-DEL04-MG"
546011;2023-09-02;"sábado";"05:10:00";"SC";282;500;"XANXERE";"Ingestão de álcool pelo condutor";"Saída de leito carroçável";"Sem Vítimas";"Amanhecer";"Decrescente";"Chuva";"Dupla";"Reta;Rotatória";"Sim";1;0;0;0;0;1;0;1;-26,88130149;-52,36947656;"SPRF-SC";"DEL07-SC";"UOP01-DEL07-SC"
546013;2023-09-02;"sábado";"04:30:00";"DF";80;37;"BRASILIA";"Ingestão de álcool pelo condutor";"Capotamento";"Com Vítimas Feridas";"Plena Noite";"Crescente";"Céu Claro";"Simples";"Reta";"Não";1;0;1;0;0;0;1;1;-15,53257;-48,191132;"SPRF-DF";"DEL03-DF";"UOP02-DEL03-DF"
546014;2023-09-02;"sábado";"04:20:00";"SC";282;99;"ALFREDO WAGNER";"Condutor Dormindo";"Saída de leito carroçável";"Com Vítimas Feridas";"Amanhecer";"Decrescente";"Nublado";"Simples";"Curva";"Não";1;0;1;0;0;0;1;1;-27,700373;-49,287563;"SPRF-SC";"DEL01-SC";"UOP03-DEL01-SC"
546016;2023-09-02;"sábado";"01:20:00";"MG";262;802;"UBERABA";"Ingestão de álcool pelo condutor";"Saída de leito carroçável";"Sem Vítimas";"Anoitecer";"Crescente";"Céu Claro";"Dupla";"Reta";"Sim";1;0;0;0;0;1;0;1;-19,770851;-47,907826;"SPRF-MG";"DEL13-MG";"UOP01-DEL13-MG"
546017;2023-09-02;"sábado";"05:30:00";"PR";277;643;"CEU AZUL";"Reação tardia ou ineficiente do condutor";"Colisão com objeto";"Sem Vítimas";"Plena Noite";"Decrescente";"Chuva";"Simples";"Reta";"Não";1;0;0;0;1;0;0;1;-25,17676379;-53,87753189;"SPRF-PR";"DEL05-PR";"UOP02-DEL05-PR"
546023;2023-09-02;"sábado";"05:00:00";"AL";316;245;"ATALAIA";"Ingestão de álcool pelo condutor";"Colisão traseira";"Com Vítimas Feridas";"Plena Noite";"Crescente";"Chuva";"Simples";"Reta";"Não";5;0;0;2;1;2;2;3;-9,51787134;-35,99989354;"SPRF-AL";"DEL01-AL";"UOP01-DEL01-AL"
546024;2023-09-02;"sábado";"05:30:00";"SE";235;74;"FREI PAULO";"Animais na Pista";"Atropelamento de Animal";"Com Vítimas Feridas";"Amanhecer";"Crescente";"Céu Claro";"Simples";"Declive;Reta";"Sim";2;0;0;2;0;0;2;1;-10,544461;-37,545914;"SPRF-SE";"DEL01-SE";"UOP02-DEL01-SE"
546025;2023-08-11;"sexta-feira";"14:45:00";"CE";116;42;"HORIZONTE";"Manobra de mudança de faixa";"Colisão lateral mesmo sentido";"Com Vítimas Feridas";"Pleno dia";"Crescente";"Céu Claro";"Dupla";"Reta";"Sim";3;0;2;0;1;0;2;2;-4,11316739;-38,49000514;"SPRF-CE";"DEL01-CE";"UOP02-DEL01-CE"
546026;2023-08-12;"sábado";"20:05:00";"SC";280;21,8;"ARAQUARI";"Transitar na contramão";"Colisão frontal";"Com Vítimas Feridas";"Plena Noite";"Decrescente";"Nublado";"Simples";"Reta";"Não";2;0;0;1;1;0;1;2;-26,37043169;-48,69219602;"SPRF-SC";"DEL03-SC";"UOP03-DEL03-SC"
546027;2023-09-02;"sábado";"07:00:00";"PR";476;149;"ARAUCARIA";"Condutor Dormindo";"Saída de leito carroçável";"Com Vítimas Feridas";"Pleno dia";"Decrescente";"Nublado";"Dupla";"Curva";"Sim";1;0;1;0;0;0;1;1;-25,55765501;-49,36548293;"SPRF-PR";"DEL01-PR";"UOP06-DEL01-PR"
546030;2023-09-02;"sábado";"07:40:00";"SC";282;377;"HERVAL DOESTE";"Pista Escorregadia";"Colisão com objeto";"Com Vítimas Feridas";"Amanhecer";"Crescente";"Chuva";"Simples";"Curva";"Não";3;0;1;0;2;0;1;1;-27,216974;-51,470055;"SPRF-SC";"DEL07-SC";"UOP05-DEL07-SC"
546031;2023-09-02;"sábado";"06:00:00";"PR";153;99;"JAPIRA";"Transitar na contramão";"Colisão lateral sentido oposto";"Sem Vítimas";"Amanhecer";"Decrescente";"Céu Claro";"Simples";"Curva";"Não";2;0;0;0;2;0;0;2;-23,76398712;-50,18737353;"SPRF-PR";"DEL07-PR";"UOP04-DEL07-PR"
546032;2023-09-02;"sábado";"07:15:00";"SP";116;143;"SAO JOSE DOS CAMPOS";"Trafegar com motocicleta (ou similar) entre as faixas";"Colisão transversal";"Com Vítimas Feridas";"Pleno dia";"Crescente";"Céu Claro";"Dupla";"Reta";"Sim";4;0;2;0;2;0;2;3;-23,17849879;-45,83787411;"SPRF-SP";"DEL02-SP";"UOP01-DEL02-SP"
546034;2023-09-02;"sábado";"07:50:00";"CE";116;12;"FORTALEZA";"Manobra de mudança de faixa";"Colisão lateral mesmo sentido";"Com Vítimas Feridas";"Pleno dia";"Crescente";"Céu Claro";"Múltipla";"Reta";"Sim";2;0;0;1;1;0;1;2;-3,852077;-38,495525;"SPRF-CE";"DEL01-CE";"UOP02-DEL01-CE"
546037;2023-09-02;"sábado";"07:30:00";"MG";381;355,5;"JOAO MONLEVADE";"Acessar a via sem observar a presença dos outros veículos";"Colisão transversal";"Com Vítimas Feridas";"Pleno dia";"Decrescente";"Céu Claro";"Simples";"Reta";"Não";2;0;1;0;1;0;1;2;-19,84112398;-43,199388;"SPRF-MG";"DEL03-MG";"UOP01-DEL03-MG"
546039;2023-09-01;"sexta-feira";"19:50:00";"MT";163;1030;"PEIXOTO DE AZEVEDO";"Reação tardia ou ineficiente do condutor";"Colisão transversal";"Com Vítimas Feridas";"Plena Noite";"Crescente";"Chuva";"Simples";"Reta";"Não";2;0;1;0;1;0;1;2;-10,24167713;-54,98635769;"SPRF-MT";"DEL06-MT";"UOP03-DEL06-MT"
546040;2023-09-01;"sexta-feira";"18:20:00";"MT";163;1066;"GUARANTA DO NORTE";"Acesso irregular";"Colisão transversal";"Com Vítimas Feridas";"Anoitecer";"Crescente";"Céu Claro";"Simples";"Reta";"Não";2;0;2;0;0;0;2;2;-10,07803309;-54,90939686;"SPRF-MT";"DEL06-MT";"UOP03-DEL06-MT"
546041;2023-09-02;"sábado";"08:30:00";"MG";40;555,1;"NOVA LIMA";"Reação tardia ou ineficiente do condutor";"Colisão traseira";"Com Vítimas Feridas";"Pleno dia";"Crescente";"Nublado";"Dupla";"Curva";"Não";2;0;1;0;1;0;1;2;-20,08472706;-43,97697012;"SPRF-MG";"DEL01-MG";"UOP02-DEL01-MG"
546042;2023-09-02;"sábado";"07:15:00";"RN";304;42;"MOSSORO";"Condutor deixou de manter distância do veículo da frente";"Colisão traseira";"Sem Vítimas";"Pleno dia";"Decrescente";"Céu Claro";"Dupla";"Reta";"Não";2;0;0;0;1;1;0;2;-5,217077;-37,366387;"SPRF-RN";"DEL04-RN";"UOP01-DEL04-RN"
546043;2023-09-02;"sábado";"08:40:00";"SC";282;1,8;"FLORIANOPOLIS";"Ausência de reação do condutor";"Colisão com objeto";"Com Vítimas Feridas";"Pleno dia";"Decrescente";"Garoa/Chuvisco";"Múltipla";"Reta";"Sim";1;0;1;0;0;0;1;1;-27,603289;-48,590416;"SPRF-SC";"DEL01-SC";"UOP01-DEL01-SC"
546044;2023-09-02;"sábado";"08:00:00";"RJ";40;26;"TRES RIOS";"Reação tardia ou ineficiente do condutor";"Colisão com objeto";"Com Vítimas Feridas";"Pleno dia";"Decrescente";"Nublado";"Dupla";"Curva";"Não";3;0;0;1;2;0;1;1;-22,155451;-43,15757964;"SPRF-RJ";"DEL05-RJ";"UOP02-DEL05-RJ"
546048;2023-09-02;"sábado";"09:10:00";"SC";282;1,8;"FLORIANOPOLIS";"Condutor deixou de manter distância do veículo da frente";"Colisão traseira";"Sem Vítimas";"Pleno dia";"Crescente";"Garoa/Chuvisco";"Múltipla";"Reta";"Sim";2;0;0;0;2;0;0;2;-27,602955;-48,580509;"SPRF-SC";"DEL01-SC";"UOP01-DEL01-SC"
546049;2023-09-02;"sábado";"09:10:00";"SP";101;49;"UBATUBA";"Acessar a via sem observar a presença dos outros veículos";"Colisão transversal";"Com Vítimas Feridas";"Pleno dia";"Crescente";"Céu Claro";"Simples";"Interseção de Vias;Reta";"Sim";2;0;1;0;1;0;1;2;-23,44410908;-45,08375708;"SPRF-SP";"DEL06-SP";"UOP01-DEL06-SP"
546051;2023-09-02;"sábado";"09:30:00";"SC";101;189;"BIGUACU";"Reação tardia ou ineficiente do condutor";"Colisão com objeto";"Com Vítimas Feridas";"Pleno dia";"Crescente";"Garoa/Chuvisco";"Dupla";"Curva";"Não";1;0;1;0;0;0;1;1;-27,459393;-48,638914;"SPRF-SC";"DEL01-SC";"UOP01-DEL01-SC"