"id";"data_inversa";"dia_semana";"horario";"uf";"br";"km";"municipio";"causa_acidente";"tipo_acidente";"classificacao_acidente";"fase_dia";"sentido_via";"condicao_metereologica";"tipo_pista";"tracado_via";"uso_solo";"pessoas";"mortos";"feridos_leves";"feridos_graves";"ilesos";"ignorados";"feridos";"veiculos";"latitude";"longitude";"regional";"delegacia";"uop"
546162;2023-09-02;"sábado";"18:00:00";"SP";116;272;"TABOAO DA SERRA";"Acumulo de água sobre o pavimento";"Capotamento";"Sem Vítimas";"Anoitecer";"Crescente";"Chuva";"Dupla";"Reta";"Não";1;0;0;0;0;1;0;1;-23,621691;-46,813288;"SPRF-SP";"DEL04-SP";"UOP01-DEL04-SP"
546163;2023-09-02;"sábado";"13:40:00";"MT";70;681,3;"CACERES";"Velocidade Incompatível";"Saída de leito carroçável";"Com Vítimas Feridas";"Pleno dia";"Crescente";"Sol";"Simples";"Curva";"Não";1;0;1;0;0;0;1;1;-16,184746;-57,368112;"SPRF-MT";"DEL03-MT";"UOP02-DEL03-MT"
546166;2023-08-13;"domingo";"08:40:00";"BA";330;802;"JEQUIE";"Demais falhas mecânicas ou elétricas";"Incêndio";"Sem Vítimas";"Pleno dia";"Decrescente";"Céu Claro";"Simples";"Reta";"Não";1;0;0;0;1;0;0;1;-13,96295606;-39,96174304;"SPRF-BA";"DEL03-BA";"UOP01-DEL03-BA"
546167;2023-09-02;"sábado";"18:30:00";"BA";235;120;"JEREMOABO";"Deficiência do Sistema de Iluminação/Sinalização";"Colisão traseira";"Com Vítimas Fatais";"Plena Noite";"Crescente";"Céu Claro";"Simples";"Reta";"Não";3;1;0;1;0;1;1;2;-9,98484056;-38,65004186;"SPRF-BA";"DEL07-BA";"UOP01-DEL07-BA"
546171;2023-09-02;"sábado";"19:40:00";"RS";386;346;"LAJEADO";"Ausência de reação do condutor";"Colisão com objeto";"Sem Vítimas";"Plena Noite";"Decrescente";"Nublado";"Dupla";"Viaduto;Reta";"Sim";2;0;0;0;0;2;0;2;-29,44747103;-51,9731909;"SPRF-RS";"DEL04-RS";"UOP01-DEL04-RS"
546172;2023-09-02;"sábado";"18:30:00";"RJ";101;60;"CAMPOS DOS GOYTACAZES";"Transitar na contramão";"Colisão lateral sentido oposto";"Com Vítimas Feridas";"Plena Noite";"Crescente";"Céu Claro";"Simples";"Reta";"Sim";4;0;3;0;1;0;3;2;-21,721;-41,315267;"SPRF-RJ";"DEL08-RJ";"UOP01-DEL08-RJ"
546173;2023-09-02;"sábado";"13:22:00";"GO";364;202;"JATAI";"Reação tardia ou ineficiente do condutor";"Colisão traseira";"Sem Vítimas";"Pleno dia";"Decrescente";"Céu Claro";"Simples";"Reta";"Não";3;0;0;0;3;0;0;2;-17,91061888;-51,77780628;"SPRF-GO";"DEL05-GO";"UOP01-DEL05-GO"
546175;2023-09-02;"sábado";"19:30:00";"PR";153;336;"IRATI";"Conversão proibida";"Colisão transversal";"Sem Vítimas";"Plena Noite";"Crescente";"Garoa/Chuvisco";"Simples";"Reta";"Sim";2;0;0;0;1;1;0;2;-25,4975379469;-50,6481551541;"SPRF-PR";"DEL08-PR";"UOP02-DEL08-PR"
546176;2023-09-02;"sábado";"19:00:00";"PR";376;192;"MARIALVA";"Ingestão de álcool pelo condutor";"Colisão transversal";"Sem Vítimas";"Plena Noite";"Crescente";"Céu Claro";"Dupla";"Reta";"Não";2;0;0;0;2;0;0;2;-23,48623461;-51,82113647;"SPRF-PR";"DEL09-PR";"UOP01-DEL09-PR"
546178;2023-09-02;"sábado";"16:53:00";"MG";365;794;"GURINHATA";"Chuva";"Queda de ocupante de veículo";"Com Vítimas Feridas";"Pleno dia";"Decrescente";"Chuva";"Simples";"Reta";"Não";2;0;2;0;0;0;2;1;-18,92535632;-49,85462012;"SPRF-MG";"DEL15-MG";"UOP03-DEL15-MG"
546180;2023-09-02;"sábado";"20:25:00";"RS";392;2;"CAPAO DO LEAO";"Trafegar com motocicleta (ou similar) entre as faixas";"Colisão frontal";"Com Vítimas Feridas";"Plena Noite";"Decrescente";"Céu Claro";"Simples";"Curva";"Não";2;0;1;0;1;0;1;2;-31,750426;-52,35999499;"SPRF-RS";"DEL07-RS";"UOP01-DEL07-RS"
546181;2023-09-02;"sábado";"17:22:00";"MS";463;88,5;"PONTA PORA";"Acessar a via sem observar a presença dos outros veículos";"Colisão transversal";"Com Vítimas Feridas";"Pleno dia";"Crescente";"Céu Claro";"Simples";"Interseção de Vias";"Não";5;0;1;0;4;0;1;2;-22,589359;-55,519368;"SPRF-MS";"DEL04-MS";"UOP03-DEL04-MS"
546183;2023-09-02;"sábado";"17:55:00";"RO";421;7;"ARIQUEMES";"Velocidade Incompatível";"Queda de ocupante de veículo";"Com Vítimas Feridas";"Pleno dia";"Crescente";"Céu Claro";"Simples";"Curva;Declive";"Não";2;0;0;2;0;0;2;1;-9,9481;-63,107493;"SPRF-RO";"DEL03-RO";"UOP01-DEL03-RO"
546184;2023-09-02;"sábado";"19:50:00";"MG";267;56,7;"GUARARA";"Acessar a via sem observar a presença dos outros veículos";"Colisão transversal";"Com Vítimas Feridas";"Plena Noite";"Crescente";"Nublado";"Simples";"Reta";"Sim";5;0;3;0;1;1;3;2;-21,72321004;-43,02098803;"SPRF-MG";"DEL07-MG";"UOP01-DEL07-MG"
546186;2023-09-02;"sábado";"17:35:00";"MS";163;526;"JARAGUARI";"Reação tardia ou ineficiente do condutor";"Saída de leito carroçável";"Com Vítimas Feridas";"Anoitecer";"Decrescente";"Céu Claro";"Simples";"Reta";"Sim";1;0;1;0;0;0;1;1;-20,10884692;-54,44308417;"SPRF-MS";"DEL01-MS";"UOP02-DEL01-MS"
546187;2023-09-02;"sábado";"20:10:00";"PR";277;37;"MORRETES";"Reação tardia ou ineficiente do condutor";"Saída de leito carroçável";"Com Vítimas Feridas";"Plena Noite";"Decrescente";"Garoa/Chuvisco";"Dupla";"Curva;Declive";"Não";2;0;0;1;1;0;1;1;-25,56011566;-48,81439895;"SPRF-PR";"DEL01-PR";"UOP05-DEL01-PR"
546188;2023-09-02;"sábado";"18:40:00";"RS";472;600;"URUGUAIANA";"Ausência de reação do condutor";"Saída de leito carroçável";"Sem Vítimas";"Anoitecer";"Crescente";"Nublado";"Simples";"Reta";"Não";1;0;0;0;0;1;0;1;-29,89417962;-57,12807126;"SPRF-RS";"DEL13-RS";"UOP01-DEL13-RS"
546189;2023-09-02;"sábado";"20:40:00";"RJ";101;422;"MANGARATIBA";"Ingestão de álcool pelo condutor";"Colisão frontal";"Com Vítimas Feridas";"Plena Noite";"Decrescente";"Céu Claro";"Simples";"Reta";"Não";3;0;1;0;2;0;1;3;-22,91608393;-43,94022903;"SPRF-RJ";"DEL03-RJ";"UOP02-DEL03-RJ"
546190;2023-09-02;"sábado";"18:00:00";"PB";104;116,8;"LAGOA SECA";"Manobra de mudança de faixa";"Colisão frontal";"Com Vítimas Feridas";"Plena Noite";"Decrescente";"Nublado";"Simples";"Curva";"Sim";2;0;0;1;0;1;1;2;-7,18022102;-35,86480593;"SPRF-PB";"DEL02-PB";"UOP04-DEL02-PB"
546192;2023-09-02;"sábado";"20:40:00";"MA";226;300;"BARRA DO CORDA";"Transitar na contramão";"Colisão frontal";"Com Vítimas Feridas";"Plena Noite";"Decrescente";"Céu Claro";"Simples";"Reta";"Sim";2;0;0;1;1;0;1;2;-5,50149653;-45,24822581;"SPRF-MA";"DEL06-MA";"UOP01-DEL06-MA"
546193;2023-09-02;"sábado";"21:00:00";"TO";242;383;"GURUPI";"Velocidade Incompatível";"Queda de ocupante de veículo";"Com Vítimas Feridas";"Plena Noite";"Crescente";"Céu Claro";"Simples";"Reta";"Sim";2;0;0;2;0;0;2;1;-11,74111262;-49,08145111;"SPRF-TO";"DEL01-TO";"UOP02-DEL01-TO"
546194;2023-09-02;"sábado";"20:45:00";"CE";222;154;"IRAUCUBA";"Acumulo de areia ou detritos sobre o pavimento";"Saída de leito carroçável";"Com Vítimas Feridas";"Plena Noite";"Decrescente";"Céu Claro";"Simples";"Interseção de Vias";"Não";1;0;1;0;0;0;1;1;-3,73501558;-39,82342302;"SPRF-CE";"DEL04-CE";"UOP03-DEL04-CE"
546195;2023-09-02;"sábado";"19:00:00";"PR";280;288,9;"FLOR DA SERRA DO SUL";"Acessar a via sem observar a presença dos outros veículos";"Colisão transversal";"Com Vítimas Feridas";"Plena Noite";"Crescente";"Nevoeiro/Neblina";"Simples";"Interseção de Vias";"Não";4;0;0;1;1;2;1;3;-26,2565499;-53,30085754;"SPRF-PR";"DEL02-PR";"UOP01-DEL02-PR"
546196;2023-09-02;"sábado";"21:40:00";"TO";153;334;"GUARAI";"Desrespeitar a preferência no cruzamento";"Colisão transversal";"Com Vítimas Feridas";"Plena Noite";"Crescente";"Céu Claro";"Múltipla";"Interseção de Vias";"Não";3;0;1;1;0;1;2;2;-8,83895522;-48,51206487;"SPRF-TO";"DEL02-TO";"UOP02-DEL02-TO"
546200;2023-09-02;"sábado";"21:40:00";"SE";235;54,5;"ITABAIANA";"Ingestão de álcool pelo condutor";"Queda de ocupante de veículo";"Com Vítimas Feridas";"Plena Noite";"Crescente";"Céu Claro";"Simples";"Reta";"Sim";1;0;1;0;0;0;1;1;-10,676047;-37,443279;"SPRF-SE";"DEL01-SE";"UOP02-DEL01-SE"
546202;2023-09-02;"sábado";"21:39:00";"SC";101;410,4;"ARARANGUA";"Acessar a via sem observar a presença dos outros veículos";"Colisão transversal";"Com Vítimas Feridas";"Plena Noite";"Crescente";"Nublado";"Simples";"Reta";"Sim";2;0;1;0;1;0;1;2;-28,94210111;-49,49967384;"SPRF-SC";"DEL02-SC";"UOP02-DEL02-SC"
546203;2023-09-02;"sábado";"19:00:00";"PE";424;105,5;"BREJAO";"Ingestão de álcool pelo condutor";"Colisão lateral sentido oposto";"Com Vítimas Feridas";"Plena Noite";"Decrescente";"Céu Claro";"Simples";"Curva;Declive";"Não";2;0;0;1;1;0;1;2;-8,992641;-36,497961;"SPRF-PE";"DEL03-PE";"UOP01-DEL03-PE"
546204;2023-09-02;"sábado";"18:27:00";"PE";424;76;"CAETES";"Demais falhas mecânicas ou elétricas";"Colisão traseira";"Sem Vítimas";"Plena Noite";"Decrescente";"Céu Claro";"Simples";"Reta";"Não";3;0;0;0;1;2;0;2;-8,80996529;-36,5762862;"SPRF-PE";"DEL03-PE";"UOP01-DEL03-PE"
546205;2023-07-24;"segunda-feira";"15:10:00";"GO";60;89;"ANAPOLIS";"Reação tardia ou ineficiente do condutor";"Tombamento";"Com Vítimas Feridas";"Pleno dia";"Crescente";"Céu Claro";"Múltipla";"Reta";"Não";1;0;1;0;0;0;1;1;-16,3367;-48,8957;"SPRF-GO";"DEL02-GO";"UOP01-DEL02-GO"
546206;2023-09-02;"sábado";"18:30:00";"PR";376;668;"GUARATUBA";"Demais falhas mecânicas ou elétricas";"Incêndio";"Sem Vítimas";"Anoitecer";"Decrescente";"Chuva";"Dupla";"Curva;Aclive";"Não";1;0;0;0;1;0;0;1;-25,864159;-48,937538;"SPRF-PR";"DEL01-PR";"UOP04-DEL01-PR"
546207;2023-09-02;"sábado";"21:45:00";"SC";470;62;"INDAIAL";"Acessar a via sem observar a presença dos outros veículos";"Colisão transversal";"Com Vítimas Feridas";"Plena Noite";"Crescente";"Nublado";"Simples";"Reta";"Sim";3;0;2;0;0;1;2;2;-26,874521;-49,182938;"SPRF-SC";"DEL04-SC";"UOP01-DEL04-SC"
546208;2023-09-02;"sábado";"18:35:00";"RJ";493;6;"ITABORAI";"Acessar a via sem observar a presença dos outros veículos";"Atropelamento de Pedestre";"Sem Vítimas";"Plena Noite";"Decrescente";"Céu Claro";"Simples";"Reta";"Não";3;0;0;0;3;0;0;3;-22,73124198;-42,95145305;"SPRF-RJ";"DEL02-RJ";"UOP02-DEL02-RJ"
546211;2023-09-02;"sábado";"22:59:00";"ES";101;35;"CONCEICAO DA BARRA";"Transitar na contramão";"Colisão lateral sentido oposto";"Sem Vítimas";"Plena Noite";"Crescente";"Céu Claro";"Simples";"Reta";"Não";3;0;0;0;1;2;0;3;-18,45416994;-39,9307555;"SPRF-ES";"DEL04-ES";"UOP02-DEL04-ES"
546212;2023-09-02;"sábado";"22:30:00";"PE";232;100;"BEZERROS";"Ingestão de álcool pelo condutor";"Colisão frontal";"Sem Vítimas";"Plena Noite";"Crescente";"Céu Claro";"Simples";"Interseção de Vias";"Sim";2;0;0;0;2;0;0;2;-8,23791176;-35,74297705;"SPRF-PE";"DEL02-PE";"UOP02-DEL02PE"
546215;2023-09-02;"sábado";"18:20:00";"PR";376;507,8;"PONTA GROSSA";"Chuva";"Colisão traseira";"Sem Vítimas";"Plena Noite";"Crescente";"Chuva";"Dupla";"Reta";"Não";1;0;0;0;0;1;0;1;-25,24704785;-50,02183083;"SPRF-PR";"DEL03-PR";"UOP04-DEL03-PR"
546216;2023-09-02;"sábado";"18:30:00";"PR";376;507,9;"PONTA GROSSA";"Condutor deixou de manter distância do veículo da frente";"Colisão traseira";"Sem Vítimas";"Plena Noite";"Decrescente";"Chuva";"Dupla";"Reta;Declive";"Não";2;0;0;0;2;0;0;2;-25,20338473;-50,06940722;"SPRF-PR";"DEL03-PR";"UOP04-DEL03-PR"
546217;2023-09-02;"sábado";"22:30:00";"BA";324;619;"SALVADOR";"Manobra de mudança de faixa";"Colisão lateral mesmo sentido";"Com Vítimas Feridas";"Pleno dia";"Crescente";"Céu Claro";"Múltipla";"Reta";"Sim";3;0;1;0;2;0;1;3;-12,89820999;-38,45012202;"SPRF-BA";"DEL01-BA";"UOP01-DEL01-BA"
546218;2023-09-02;"sábado";"22:30:00";"RJ";116;274;"BARRA MANSA";"Objeto estático sobre o leito carroçável";"Colisão com objeto";"Com Vítimas Feridas";"Plena Noite";"Decrescente";"Nublado";"Dupla";"Aclive;Reta";"Sim";1;0;1;0;0;0;1;1;-22,56163574;-44,14771584;"SPRF-RJ";"DEL07-RJ";"UOP02-DEL07-RJ"
546220;2023-09-02;"sábado";"18:30:00";"AC";317;310;"BRASILEIA";"Ausência de reação do condutor";"Atropelamento de Pedestre";"Com Vítimas Feridas";"Plena Noite";"Decrescente";"Céu Claro";"Simples";"Reta";"Não";2;0;1;1;0;0;2;2;-10,93941236;-68,83599078;"SPRF-AC";"DEL01-AC";"UOP02-DEL01-AC"
546222;2023-09-02;"sábado";"22:30:00";"GO";153;673,5;"PANAMA";"Reação tardia ou ineficiente do condutor";"Colisão traseira";"Com Vítimas Feridas";"Plena Noite";"Crescente";"Nublado";"Dupla";"Aclive;Reta";"Não";2;0;2;0;0;0;2;1;-18,168;-49,2891;"SPRF-GO";"DEL03-GO";"UOP02-DEL03-GO"
546223;2023-09-02;"sábado";"19:30:00";"MG";116;566;"MANHUACU";"Conversão proibida";"Colisão lateral mesmo sentido";"Com Vítimas Fatais";"Plena Noite";"Decrescente";"Nublado";"Simples";"Reta";"Não";2;1;0;0;1;0;0;2;-20,07456;-42,183519;"SPRF-MG";"DEL06-MG";"UOP03-DEL06-MG"
546224;2023-09-02;"sábado";"23:30:00";"PR";376;149;"PRESIDENTE CASTELO BRANCO";"Acessar a via sem observar a presença dos outros veículos";"Colisão transversal";"Com Vítimas Feridas";"Plena Noite";"Crescente";"Céu Claro";"Dupla";"Reta;Retorno Regulamentado";"Não";3;0;2;0;1;0;2;2;-23,29513984;-52,12025282;"SPRF-PR";"DEL09-PR";"UOP01-DEL09-PR"
546225;2023-09-03;"domingo";"00:40:00";"SC";470;103;"APIUNA";"Transitar na contramão";"Colisão frontal";"Com Vítimas Feridas";"Plena Noite";"Decrescente";"Céu Claro";"Simples";"Reta";"Não";5;0;1;2;2;0;3;2;-27,064796;-49,401424;"SPRF-SC";"DEL04-SC";"UOP02-DEL04-SC"
546226;2023-09-03;"domingo";"00:05:00";"PR";369;151;"LONDRINA";"Ausência de reação do condutor";"Queda de ocupante de veículo";"Com Vítimas Feridas";"Plena Noite";"Crescente";"Céu Claro";"Dupla";"Reta";"Sim";1;0;1;0;0;0;1;1;-23,292911;-51,164333;"SPRF-PR";"DEL07-PR";"UOP01-DEL07-PR"
546228;2023-09-03;"domingo";"00:35:00";"GO";153;436,5;"ANAPOLIS";"Ingestão de álcool pelo condutor";"Colisão com objeto";"Com Vítimas Feridas";"Plena Noite";"Crescente";"Céu Claro";"Dupla";"Reta";"Não";1;0;1;0;0;0;1;1;-16,298719;-48,928312;"SPRF-GO";"DEL02-GO";"UOP01-DEL02-GO"
546230;2023-09-03;"domingo";"00:30:00";"RJ";101;321;"NITEROI";"Demais falhas na via";"Queda de ocupante de veículo";"Com Vítimas Feridas";"Plena Noite";"Decrescente";"Céu Claro";"Múltipla";"Curva";"Sim";1;0;1;0;0;0;1;1;-22,86981096;-43,11046465;"SPRF-RJ";"DEL02-RJ";"UOP01-DEL02-RJ"
546231;2023-09-03;"domingo";"00:15:00";"SC";101;103,6;"PENHA";"Ausência de reação do condutor";"Colisão com objeto";"Com Vítimas Feridas";"Plena Noite";"Crescente";"Nublado";"Dupla";"Reta";"Não";1;0;1;0;0;0;1;1;-26,7832381;-48,68314632;"SPRF-SC";"DEL03-SC";"UOP02-DEL03-SC"
546234;2023-09-03;"domingo";"00:45:00";"SP";116;147;"SAO JOSE DOS CAMPOS";"Ausência de reação do condutor";"Capotamento";"Com Vítimas Feridas";"Amanhecer";"Crescente";"Chuva";"Dupla";"Reta";"Sim";3;0;0;3;0;0;3;2;-23,19542994;-45,87176303;"SPRF-SP";"DEL02-SP";"UOP01-DEL02-SP"
546236;2023-09-03;"domingo";"02:00:00";"MG";381;876,6;"ESTIVA";"Velocidade Incompatível";"Capotamento";"Sem Vítimas";"Plena Noite";"Decrescente";"Chuva";"Dupla";"Curva";"Não";1;0;0;0;0;1;0;1;-22,48184;-46,010895;"SPRF-MG";"DEL16-MG";"UOP01-DEL16-MG"
546237;2023-09-03;"domingo";"00:35:00";"SP";381;54;"MAIRIPORA";"Reação tardia ou ineficiente do condutor";"Colisão com objeto";"Sem Vítimas";"Plena Noite";"Decrescente";"Garoa/Chuvisco";"Dupla";"Declive;Reta";"Não";2;0;0;0;2;0;0;1;-23,2449074;-46,59562343;"SPRF-SP";"DEL03-SP";"UOP01-DEL03-SP"
546238;2023-09-03;"domingo";"02:00:00";"SP";116;150;"SAO JOSE DOS CAMPOS";"Ausência de reação do condutor";"Saída de leito carroçável";"Com Vítimas Feridas";"Plena Noite";"Decrescente";"Chuva";"Múltipla";"Declive";"Sim";1;0;0;1;0;0;1;1;-23,21335525;-45,8930588;"SPRF-SP";"DEL02-SP";"UOP01-DEL02-SP"
546239;2023-09-03;"domingo";"00:50:00";"MS";163;259,1;"DOURADOS";"Ausência de reação do condutor";"Colisão traseira";"Com Vítimas Feridas";"Plena Noite";"Decrescente";"Céu Claro";"Dupla";"Reta";"Sim";4;0;1;0;3;0;1;2;-22,25258409;-54,77697385;"SPRF-MS";"DEL04-MS";"UOP01-DEL04-MS"
546240;2023-09-03;"domingo";"03:20:00";"SC";101;198;"SAO JOSE";"Condutor Dormindo";"Colisão com objeto";"Com Vítimas Feridas";"Plena Noite";"Crescente";"Nublado";"Dupla";"Reta";"Sim";1;0;1;0;0;0;1;1;-27,52658712;-48,63506019;"SPRF-SC";"DEL01-SC";"UOP01-DEL01-SC"
546242;2023-09-03;"domingo";"03:05:00";"MG";116;810,5;"ALEM PARAIBA";"Reação tardia ou ineficiente do condutor";"Tombamento";"Com Vítimas Feridas";"Plena Noite";"Crescente";"Céu Claro";"Simples";"Reta";"Não";1;0;1;0;0;0;1;1;-21,8327779;-42,67715755;"SPRF-MG";"DEL07-MG";"UOP01-DEL07-MG"
546243;2023-09-03;"domingo";"02:00:00";"MG";116;529,7;"CARATINGA";"Ausência de reação do condutor";"Tombamento";"Com Vítimas Feridas";"Plena Noite";"Crescente";"Nublado";"Simples";"Reta";"Não";1;0;1;0;0;0;1;1;-19,80209596;-42,13678193;"SPRF-MG";"DEL06-MG";"UOP02-DEL06-MG"
546244;2023-09-03;"domingo";"03:45:00";"MG";381;484,1;"BETIM";"Velocidade Incompatível";"Colisão com objeto";"Com Vítimas Feridas";"Plena Noite";"Decrescente";"Nublado";"Dupla";"Curva;Aclive";"Sim";1;0;1;0;0;0;1;1;-19,9593048;-44,0896678;"SPRF-MG";"DEL01-MG";"UOP03-DEL01-MG"
546245;2023-09-03;"domingo";"04:00:00";"RN";304;29,8;"MOSSORO";"Acessar a via sem observar a presença dos outros veículos";"Colisão transversal";"Com Vítimas Feridas";"Plena Noite";"Decrescente";"Céu Claro";"Simples";"Reta;Declive";"Sim";3;0;0;1;2;0;1;2;-5,11495632;-37,34045863;"SPRF-RN";"DEL04-RN";"UOP02-DEL04-RN"
546246;2023-09-03;"domingo";"02:35:00";"MS";163;300;"DOURADINA";"Condutor Dormindo";"Saída de leito carroçável";"Com Vítimas Feridas";"Plena Noite";"Crescente";"Céu Claro";"Simples";"Curva";"Não";1;0;1;0;0;0;1;1;-21,982779;-54,531565;"SPRF-MS";"DEL02-MS";"UOP02-DEL02-MS"
546247;2023-09-02;"sábado";"19:30:00";"PR";373;230,2;"IMBITUVA";"Iluminação deficiente";"Saída de leito carroçável";"Sem Vítimas";"Plena Noite";"Decrescente";"Chuva";"Simples";"Reta";"Sim";1;0;0;0;0;1;0;1;-25,17911687;-50,65862417;"SPRF-PR";"DEL03-PR";"UOP01-DEL03-PR"
546249;2023-09-02;"sábado";"19:30:00";"MT";70;523;"VARZEA GRANDE";"Acesso irregular";"Colisão transversal";"Com Vítimas Feridas";"Plena Noite";"Crescente";"Céu Claro";"Simples";"Reta";"Sim";2;0;0;1;1;0;1;2;-15,655677;-56,190387;"SPRF-MT";"DEL01-MT";"UOP02-DEL01-MT"
546250;2023-09-03;"domingo";"04:30:00";"GO";414;438;"ANAPOLIS";"Deficiência do Sistema de Iluminação/Sinalização";"Colisão traseira";"Com Vítimas Feridas";"Plena Noite";"Crescente";"Ignorado";"Simples";"Reta;Declive";"Sim";3;0;2;0;0;1;2;2;-16,27247393;-48,94040427;"SPRF-GO";"DEL02-GO";"UOP01-DEL02-GO"
546253;2023-09-03;"domingo";"02:30:00";"RJ";116;305;"RESENDE";"Ausência de reação do condutor";"Colisão traseira";"Com Vítimas Feridas";"Plena Noite";"Crescente";"Nublado";"Dupla";"Reta";"Sim";2;0;1;0;1;0;1;2;-22,45573779;-44,39454802;"SPRF-RJ";"DEL07-RJ";"UOP02-DEL07-RJ"
546255;2023-09-03;"domingo";"00:31:00";"MT";70;720;"CACERES";"Velocidade Incompatível";"Colisão com objeto";"Com Vítimas Feridas";"Plena Noite";"Crescente";"Céu Claro";"Simples";"Reta";"Não";1;0;1;0;0;0;1;1;-16,20833594;-57,57476078;"SPRF-MT";"DEL03-MT";"UOP01-DEL03-MT"
546260;2023-09-02;"sábado";"14:25:00";"BA";367;82,1;"EUNAPOLIS";"Frear bruscamente";"Tombamento";"Com Vítimas Feridas";"Pleno dia";"Decrescente";"Garoa/Chuvisco";"Múltipla";"Rotatória";"Sim";1;0;1;0;0;0;1;1;-16,37205962;-39,56163401;"SPRF-BA";"DEL09-BA";"UOP03-DEL09-BA"
546261;2023-09-03;"domingo";"06:00:00";"SP";153;68,7;"SAO JOSE DO RIO PRETO";"Chuva";"Colisão com objeto";"Sem Vítimas";"Amanhecer";"Crescente";"Chuva";"Dupla";"Curva";"Sim";1;0;0;0;1;0;0;1;-20,8505829;-49,383795;"SPRF-SP";"DEL09-SP";"UOP01-DEL09-SP"
546262;2023-09-03;"domingo";"05:30:00";"SC";101;227;"PALHOCA";"Velocidade Incompatível";"Saída de leito carroçável";"Com Vítimas Feridas";"Amanhecer";"Crescente";"Céu Claro";"Múltipla";"Viaduto";"Sim";2;0;1;0;1;0;1;1;-27,75498636;-48,63332838;"SPRF-SC";"DEL01-SC";"UOP02-DEL01-SC"
546265;2023-09-03;"domingo";"05:15:00";"MG";40;621;"CONSELHEIRO LAFAIETE";"Condutor Dormindo";"Saída de leito carroçável";"Com Vítimas Feridas";"Amanhecer";"Decrescente";"Céu Claro";"Simples";"Curva";"Sim";4;0;2;1;0;1;3;1;-20,58556107;-43,80743334;"SPRF-MG";"DEL05-MG";"UOP02-DEL05-MG"
546266;2023-09-03;"domingo";"05:00:00";"SC";101;229;"PALHOCA";"Transitar na contramão";"Colisão frontal";"Com Vítimas Feridas";"Plena Noite";"Crescente";"Céu Claro";"Múltipla";"Reta";"Sim";3;0;2;0;1;0;2;2;-27,7688932;-48,63205379;"SPRF-SC";"DEL01-SC";"UOP02-DEL01-SC"
546268;2023-09-02;"sábado";"15:00:00";"SE";101;33;"CAPELA";"Mal súbito do condutor";"Saída de leito carroçável";"Com Vítimas Feridas";"Pleno dia";"Decrescente";"Céu Claro";"Dupla";"Declive;Retorno Regulamentado";"Não";2;0;1;1;0;0;2;1;-10,46953007;-36,94610596;"SPRF-SE";"DEL02-SE";"UOP02-DEL02-SE"
546269;2023-09-03;"domingo";"06:00:00";"PE";407;59;"PETROLINA";"Ausência de reação do condutor";"Saída de leito carroçável";"Com Vítimas Fatais";"Amanhecer";"Crescente";"Céu Claro";"Simples";"Reta";"Não";2;1;0;0;0;1;0;2;-8,85117877;-40,79105385;"SPRF-PE";"DEL06-PE";"UOP02-DEL06-PE"
546270;2023-09-02;"sábado";"21:40:00";"MG";262;13,2;"MARTINS SOARES";"Conversão proibida";"Colisão transversal";"Com Vítimas Feridas";"Plena Noite";"Crescente";"Nublado";"Simples";"Reta";"Sim";2;0;1;0;1;0;1;2;-20,26309441;-41,87392885;"SPRF-MG";"DEL06-MG";"UOP03-DEL06-MG"
546271;2023-09-03;"domingo";"07:15:00";"SE";235;6;"NOSSA SENHORA DO SOCORRO";"Ingestão de álcool pelo condutor";"Colisão traseira";"Com Vítimas Feridas";"Pleno dia";"Decrescente";"Céu Claro";"Dupla";"Reta";"Sim";6;0;1;0;2;3;1;4;-10,90360477;-37,12958336;"SPRF-SE";"DEL01-SE";"UOP01-DEL01-SE"
546272;2023-09-03;"domingo";"06:45:00";"MG";50;18;"UBERLANDIA";"Reação tardia ou ineficiente do condutor";"Saída de leito carroçável";"Sem Vítimas";"Pleno dia";"Decrescente";"Céu Claro";"Dupla";"Viaduto";"Sim";1;0;0;0;0;1;0;1;-18,92763754;-48,19122868;"SPRF-MG";"DEL15-MG";"UOP01-DEL15-MG"
546273;2023-09-03;"domingo";"07:00:00";"PR";163;258;"TOLEDO";"Ausência de reação do condutor";"Colisão traseira";"Sem Vítimas";"Pleno dia";"Crescente";"Céu Claro";"Dupla";"Reta;Retorno Regulamentado";"Não";2;0;0;0;2;0;0;2;-24,67131206;-53,80266304;"SPRF-PR";"DEL06-PR";"UOP02-DEL06-PR"
546274;2023-09-03;"domingo";"06:30:00";"BA";324;545;"AMELIA RODRIGUES";"Animais na Pista";"Atropelamento de Animal";"Sem Vítimas";"Pleno dia";"Crescente";"Céu Claro";"Dupla";"Reta";"Sim";1;0;0;0;1;0;0;1;-12,40647;-38,753143;"SPRF-BA";"DEL01-BA";"UOP03-DEL01-BA"
546276;2023-09-02;"sábado";"20:15:00";"RJ";40;112;"DUQUE DE CAXIAS";"Ingestão de álcool pelo condutor";"Colisão lateral mesmo sentido";"Com Vítimas Feridas";"Plena Noite";"Decrescente";"Céu Claro";"Múltipla";"Reta";"Não";3;0;1;0;2;0;1;2;-22,7004454;-43,29014851;"SPRF-RJ";"DEL01-RJ";"UOP01-DEL01-RJ"
546277;2023-09-03;"domingo";"04:55:00";"RJ";40;111;"DUQUE DE CAXIAS";"Condutor Dormindo";"Tombamento";"Com Vítimas Feridas";"Amanhecer";"Decrescente";"Céu Claro";"Múltipla";"Reta";"Sim";1;0;1;0;0;0;1;1;-22,691868;-43,287453;"SPRF-RJ";"DEL01-RJ";"UOP01-DEL01-RJ"