"id";"data_inversa";"dia_semana";"horario";"uf";"br";"km";"municipio";"causa_acidente";"tipo_acidente";"classificacao_acidente";"fase_dia";"sentido_via";"condicao_metereologica";"tipo_pista";"tracado_via";"uso_solo";"pessoas";"mortos";"feridos_leves";"feridos_graves";"ilesos";"ignorados";"feridos";"veiculos";"latitude";"longitude";"regional";"delegacia";"uop"
546280;2023-09-03;"domingo";"06:50:00";"BA";116;808,9;"VITORIA DA CONQUISTA";"Ingestão de álcool pelo condutor";"Saída de leito carroçável";"Com Vítimas Feridas";"Amanhecer";"Crescente";"Nevoeiro/Neblina";"Simples";"Reta";"Não";4;0;1;2;0;1;3;1;-14,78531;-40,74541;"SPRF-BA";"DEL08-BA";"UOP01-DEL08-BA"
546282;2023-09-02;"sábado";"17:45:00";"MA";222;527,7;"BURITICUPU";"Velocidade Incompatível";"Colisão frontal";"Com Vítimas Feridas";"Pleno dia";"Decrescente";"Céu Claro";"Simples";"Declive;Reta";"Sim";4;0;2;1;1;0;3;2;-4,31572282;-46,45674998;"SPRF-MA";"DEL04-MA";"UOP03-DEL04-MA"
546284;2023-08-03;"quinta-feira";"05:00:00";"PR";369;156;"LONDRINA";"Acessar a via sem observar a presença dos outros veículos";"Colisão transversal";"Com Vítimas Feridas";"Amanhecer";"Crescente";"Céu Claro";"Dupla";"Reta";"Não";2;0;1;1;0;0;2;2;-23,291718;-51,216739;"SPRF-PR";"DEL07-PR";"UOP01-DEL07-PR"
546285;2023-09-03;"domingo";"08:20:00";"PE";101;80,4;"JABOATAO DOS GUARARAPES";"Velocidade Incompatível";"Colisão transversal";"Com Vítimas Feridas";"Pleno dia";"Decrescente";"Nublado";"Simples";"Curva;Interseção de Vias";"Sim";3;0;0;1;2;0;1;2;-8,1548;-34,941413;"SPRF-PE";"DEL01-PE";"UOP01-DEL01-PE"
546286;2023-09-03;"domingo";"07:15:00";"DF";70;2,4;"BRASILIA";"Manobra de mudança de faixa";"Saída de leito carroçável";"Com Vítimas Feridas";"Pleno dia";"Crescente";"Sol";"Dupla";"Reta";"Sim";4;0;4;0;0;0;4;1;-15,798048;-48,073235;"SPRF-DF";"DEL03-DF";"UOP02-DEL03-DF"
546287;2023-09-03;"domingo";"07:30:00";"MG";40;547,9;"NOVA LIMA";"Condutor Dormindo";"Saída de leito carroçável";"Com Vítimas Feridas";"Pleno dia";"Crescente";"Céu Claro";"Dupla";"Reta;Aclive";"Não";4;0;4;0;0;0;4;1;-20,02252424;-43,97026042;"SPRF-MG";"DEL01-MG";"UOP02-DEL01-MG"
546288;2023-09-03;"domingo";"07:32:00";"PR";476;176;"CONTENDA";"Ultrapassagem Indevida";"Colisão traseira";"Com Vítimas Feridas";"Pleno dia";"Crescente";"Céu Claro";"Simples";"Reta";"Sim";3;0;0;1;2;0;1;2;-25,690516;-49,543564;"SPRF-PR";"DEL01-PR";"UOP06-DEL01-PR"
546291;2023-09-03;"domingo";"06:00:00";"MT";163;807;"SINOP";"Ingestão de álcool pelo condutor";"Saída de leito carroçável";"Sem Vítimas";"Pleno dia";"Decrescente";"Céu Claro";"Simples";"Reta";"Não";1;0;0;0;1;0;0;1;-12,12408939;-55,51597595;"SPRF-MT";"DEL06-MT";"UOP02-DEL06-MT"
546292;2023-09-03;"domingo";"05:00:00";"PR";369;190;"ARAPONGAS";"Ausência de reação do condutor";"Capotamento";"Sem Vítimas";"Plena Noite";"Crescente";"Céu Claro";"Dupla";"Reta";"Não";1;0;0;0;0;1;0;1;-23,475223;-51,423959;"SPRF-PR";"DEL07-PR";"UOP03-DEL07-PR"
546293;2023-04-20;"quinta-feira";"19:40:00";"RJ";101;271;"RIO BONITO";"Entrada inopinada do pedestre";"Atropelamento de Pedestre";"Com Vítimas Fatais";"Plena Noite";"Crescente";"Céu Claro";"Dupla";"Curva";"Não";2;1;0;0;1;0;0;2;-22,72443147;-42,69368143;"SPRF-RJ";"DEL02-RJ";"UOP03-DEL02-RJ"
546294;2023-09-03;"domingo";"07:00:00";"MG";381;712;"CARMO DA CACHOEIRA";"Problema na suspensão";"Saída de leito carroçável";"Com Vítimas Feridas";"Pleno dia";"Crescente";"Céu Claro";"Dupla";"Curva";"Não";2;0;2;0;0;0;2;1;-21,39692643;-45,20681689;"SPRF-MG";"DEL04-MG";"UOP02-DEL04-MG"
546295;2023-09-03;"domingo";"08:05:00";"PR";116;126;"FAZENDA RIO GRANDE";"Trafegar com motocicleta (ou similar) entre as faixas";"Colisão traseira";"Com Vítimas Feridas";"Amanhecer";"Decrescente";"Céu Claro";"Dupla";"Reta";"Sim";4;0;1;0;3;0;1;2;-25,60389895;-49,31824423;"SPRF-PR";"DEL01-PR";"UOP03-DEL01-PR"
546297;2023-09-03;"domingo";"09:25:00";"PR";376;313,8;"ORTIGUEIRA";"Velocidade Incompatível";"Queda de ocupante de veículo";"Com Vítimas Feridas";"Pleno dia";"Crescente";"Sol";"Dupla";"Curva";"Não";1;0;0;1;0;0;1;1;-24,01071301;-51,09287371;"SPRF-PR";"DEL07-PR";"UOP02-DEL07-PR"
546298;2023-09-03;"domingo";"07:00:00";"MG";262;582;"CAMPOS ALTOS";"Problema na suspensão";"Colisão com objeto";"Com Vítimas Feridas";"Pleno dia";"Crescente";"Céu Claro";"Dupla";"Curva;Interseção de Vias";"Não";2;0;1;0;0;1;1;2;-19,648819;-46,07129;"SPRF-MG";"DEL08-MG";"UOP02-DEL08-MG"
546299;2023-09-03;"domingo";"07:20:00";"GO";60;97,6;"ANAPOLIS";"Ingestão de álcool pelo condutor";"Saída de leito carroçável";"Com Vítimas Feridas";"Pleno dia";"Crescente";"Céu Claro";"Dupla";"Reta";"Sim";1;0;0;1;0;0;1;1;-16,3774;-48,9483;"SPRF-GO";"DEL02-GO";"UOP01-DEL02-GO"
546301;2023-09-02;"sábado";"22:25:00";"RO";364;1046;"PORTO VELHO";"Ausência de reação do condutor";"Colisão traseira";"Com Vítimas Feridas";"Plena Noite";"Crescente";"Céu Claro";"Simples";"Reta";"Não";4;0;1;3;0;0;4;2;-9,78041659;-66,41524707;"SPRF-AC";"DEL01-AC";"UOP03-DEL01-AC"
546302;2023-09-03;"domingo";"09:30:00";"SP";381;82;"SAO PAULO";"Reação tardia ou ineficiente do condutor";"Engavetamento";"Com Vítimas Feridas";"Pleno dia";"Decrescente";"Céu Claro";"Múltipla";"Reta";"Sim";3;0;1;0;2;0;1;3;-23,42399;-46,575112;"SPRF-SP";"DEL03-SP";"UOP01-DEL03-SP"
546303;2023-09-03;"domingo";"07:00:00";"MG";116;412,5;"GOVERNADOR VALADARES";"Ingestão de álcool pelo condutor";"Colisão transversal";"Com Vítimas Feridas";"Pleno dia";"Decrescente";"Nublado";"Simples";"Retorno Regulamentado";"Sim";3;0;1;0;1;1;1;3;-18,87705685;-41,96325941;"SPRF-MG";"DEL06-MG";"UOP01-DEL06-MG"
546304;2023-09-03;"domingo";"07:03:00";"SE";101;105;"SAO CRISTOVAO";"Ingestão de álcool pelo condutor";"Colisão lateral mesmo sentido";"Sem Vítimas";"Pleno dia";"Decrescente";"Céu Claro";"Dupla";"Reta";"Sim";4;0;0;0;4;0;0;2;-10,95817959;-37,23594898;"SPRF-SE";"DEL02-SE";"UOP01-DEL02-SE"
546305;2023-09-03;"domingo";"09:50:00";"RS";285;215,4;"CASEIROS";"Pista Escorregadia";"Saída de leito carroçável";"Com Vítimas Feridas";"Pleno dia";"Decrescente";"Chuva";"Simples";"Curva";"Não";3;0;1;0;2;0;1;1;-28,263868;-51,661053;"SPRF-RS";"DEL08-RS";"UOP05-DEL08-RS"
546306;2023-09-03;"domingo";"09:45:00";"SP";153;47,7;"SAO JOSE DO RIO PRETO";"Conversão proibida";"Colisão transversal";"Com Vítimas Feridas";"Pleno dia";"Crescente";"Sol";"Simples";"Reta;Declive";"Não";2;0;1;1;0;0;2;2;-20,68199298;-49,34015562;"SPRF-SP";"DEL09-SP";"UOP01-DEL09-SP"
546308;2023-09-03;"domingo";"09:20:00";"MS";163;21;"MUNDO NOVO";"Reação tardia ou ineficiente do condutor";"Colisão traseira";"Com Vítimas Feridas";"Pleno dia";"Crescente";"Céu Claro";"Simples";"Reta";"Não";4;0;1;0;3;0;1;2;-23,91837576;-54,2894369;"SPRF-MS";"DEL09-MS";"UOP02-DEL09-MS"
546310;2023-09-02;"sábado";"21:40:00";"PE";428;190;"PETROLINA";"Demais falhas mecânicas ou elétricas";"Incêndio";"Sem Vítimas";"Plena Noite";"Crescente";"Céu Claro";"Múltipla";"Reta";"Não";2;0;0;0;2;0;0;1;-9,37605965;-40,49382106;"SPRF-PE";"DEL06-PE";"UOP01-DEL06-PE"
546311;2023-09-03;"domingo";"10:00:00";"PR";376;238;"APUCARANA";"Manobra de mudança de faixa";"Colisão lateral mesmo sentido";"Com Vítimas Feridas";"Pleno dia";"Crescente";"Céu Claro";"Dupla";"Reta";"Não";5;0;2;0;3;0;2;2;-23,58011423;-51,55497551;"SPRF-PR";"DEL07-PR";"UOP03-DEL07-PR"
546313;2023-09-03;"domingo";"08:30:00";"RO";364;560;"ALTO PARAISO";"Acessar a via sem observar a presença dos outros veículos";"Colisão traseira";"Com Vítimas Fatais";"Pleno dia";"Crescente";"Céu Claro";"Simples";"Reta";"Não";3;1;0;0;2;0;0;2;-9,56183199;-63,07517177;"SPRF-RO";"DEL01-RO";"UOP04-DEL01-RO"
546314;2023-09-03;"domingo";"11:12:00";"GO";40;8;"LUZIANIA";"Acessar a via sem observar a presença dos outros veículos";"Colisão transversal";"Com Vítimas Feridas";"Pleno dia";"Crescente";"Céu Claro";"Dupla";"Reta";"Sim";6;0;2;1;3;0;3;2;-16,116158;-47,96761;"SPRF-DF";"DEL01-DF";"UOP01-DEL01-DF"
546315;2023-09-03;"domingo";"11:20:00";"SC";101;203;"SAO JOSE";"Desrespeitar a preferência no cruzamento";"Colisão transversal";"Sem Vítimas";"Pleno dia";"Crescente";"Nublado";"Múltipla";"Reta;Interseção de Vias";"Sim";2;0;0;0;1;1;0;2;-27,5650044;-48,61460082;"SPRF-SC";"DEL01-SC";"UOP01-DEL01-SC"
546316;2023-09-03;"domingo";"11:40:00";"RJ";40;105;"DUQUE DE CAXIAS";"Reação tardia ou ineficiente do condutor";"Colisão lateral mesmo sentido";"Com Vítimas Feridas";"Pleno dia";"Decrescente";"Céu Claro";"Simples";"Interseção de Vias";"Sim";2;0;1;0;1;0;1;2;-22,63784806;-43,28428824;"SPRF-RJ";"DEL01-RJ";"UOP01-DEL01-RJ"
546317;2023-09-03;"domingo";"07:50:00";"MG";116;684,6;"MURIAE";"Ultrapassagem Indevida";"Colisão lateral mesmo sentido";"Com Vítimas Feridas";"Pleno dia";"Crescente";"Céu Claro";"Simples";"Reta";"Não";2;0;1;0;1;0;1;2;-20,982685;-42,354993;"SPRF-MG";"DEL07-MG";"UOP02-DEL07-MG"
546325;2023-06-27;"terça-feira";"08:00:00";"PR";116;115,5;"CURITIBA";"Velocidade Incompatível";"Colisão traseira";"Com Vítimas Feridas";"Pleno dia";"Crescente";"Céu Claro";"Dupla";"Reta";"Sim";2;0;1;0;1;0;1;2;-25,55953326;-49,26560414;"SPRF-PR";"DEL01-PR";"UOP03-DEL01-PR"
546326;2023-09-03;"domingo";"11:00:00";"RS";290;86;"PORTO ALEGRE";"Chuva";"Queda de ocupante de veículo";"Com Vítimas Feridas";"Pleno dia";"Crescente";"Chuva";"Múltipla";"Reta";"Sim";2;0;1;0;1;0;1;1;-29,968412;-51,117138;"SPRF-RS";"DEL01-RS";"UOP01-DEL01-RS"
546329;2023-09-03;"domingo";"11:50:00";"RJ";116;170;"RIO DE JANEIRO";"Objeto estático sobre o leito carroçável";"Tombamento";"Com Vítimas Feridas";"Pleno dia";"Decrescente";"Céu Claro";"Dupla";"Reta";"Sim";1;0;1;0;0;0;1;1;-22,81113183;-43,3336729;"SPRF-RJ";"DEL01-RJ";"UOP02-DEL01-RJ"
546330;2023-09-03;"domingo";"13:05:00";"RS";116;156,7;"CAXIAS DO SUL";"Reação tardia ou ineficiente do condutor";"Saída de leito carroçável";"Com Vítimas Feridas";"Pleno dia";"Crescente";"Chuva";"Simples";"Curva;Declive";"Não";1;0;1;0;0;0;1;1;-29,20731013;-51,17757864;"SPRF-RS";"DEL05-RS";"UOP01-DEL05-RS"
546331;2023-09-03;"domingo";"13:30:00";"MG";40;469,8;"SETE LAGOAS";"Pista esburacada";"Queda de ocupante de veículo";"Com Vítimas Feridas";"Pleno dia";"Crescente";"Céu Claro";"Dupla";"Reta";"Não";2;0;2;0;0;0;2;1;-19,46099279;-44,30121988;"SPRF-MG";"DEL02-MG";"UOP01-DEL02-MG"
546332;2023-09-03;"domingo";"10:00:00";"PR";373;399;"CANDOI";"Acessar a via sem observar a presença dos outros veículos";"Colisão transversal";"Com Vítimas Feridas";"Pleno dia";"Decrescente";"Céu Claro";"Simples";"Reta";"Sim";3;0;1;0;2;0;1;2;-25,56145105;-52,04536396;"SPRF-PR";"DEL08-PR";"UOP01-DEL08-PR"
546333;2023-09-03;"domingo";"12:55:00";"SC";470;157;"TROMBUDO CENTRAL";"Avarias e/ou desgaste excessivo no pneu";"Colisão frontal";"Com Vítimas Feridas";"Pleno dia";"Decrescente";"Nublado";"Simples";"Aclive;Curva";"Não";2;0;0;1;1;0;1;2;-27,285425;-49,76881;"SPRF-SC";"DEL04-SC";"UOP02-DEL04-SC"
546336;2023-09-03;"domingo";"13:50:00";"PR";277;16,2;"PARANAGUA";"Demais falhas mecânicas ou elétricas";"Tombamento";"Com Vítimas Fatais";"Pleno dia";"Crescente";"Céu Claro";"Dupla";"Reta";"Não";2;1;1;0;0;0;1;1;-25,549654;-48,673429;"SPRF-PR";"DEL01-PR";"UOP05-DEL01-PR"
546337;2023-09-03;"domingo";"13:07:00";"RJ";116;293;"BARRA MANSA";"Condutor Dormindo";"Saída de leito carroçável";"Com Vítimas Feridas";"Pleno dia";"Crescente";"Céu Claro";"Dupla";"Reta";"Não";1;0;1;0;0;0;1;1;-22,45745983;-44,29161274;"SPRF-RJ";"DEL07-RJ";"UOP02-DEL07-RJ"
546339;2023-09-03;"domingo";"13:30:00";"RJ";116;144;"DUQUE DE CAXIAS";"Condutor deixou de manter distância do veículo da frente";"Colisão traseira";"Com Vítimas Feridas";"Pleno dia";"Crescente";"Céu Claro";"Dupla";"Reta";"Não";2;0;1;0;1;0;1;2;-22,65737709;-43,24724694;"SPRF-RJ";"DEL01-RJ";"UOP01-DEL01-RJ"
546340;2023-09-03;"domingo";"13:40:00";"PR";277;117;"CAMPO LARGO";"Ausência de reação do condutor";"Saída de leito carroçável";"Com Vítimas Feridas";"Pleno dia";"Decrescente";"Céu Claro";"Dupla";"Curva";"Não";1;0;1;0;0;0;1;1;-25,43537513;-49,51844085;"SPRF-PR";"DEL03-PR";"UOP03-DEL03-PR"
546341;2023-09-03;"domingo";"14:30:00";"SC";470;87,1;"ASCURRA";"Pista esburacada";"Tombamento";"Com Vítimas Feridas";"Pleno dia";"Crescente";"Céu Claro";"Simples";"Aclive;Reta";"Não";1;0;1;0;0;0;1;1;-26,948483;-49,366833;"SPRF-SC";"DEL04-SC";"UOP01-DEL04-SC"
546343;2023-09-03;"domingo";"14:50:00";"AP";210;4;"MACAPA";"Acessar a via sem observar a presença dos outros veículos";"Colisão transversal";"Com Vítimas Feridas";"Pleno dia";"Crescente";"Sol";"Simples";"Reta;Interseção de Vias";"Sim";2;0;2;0;0;0;2;2;0,08824228;-51,09472897;"SPRF-AP";"DEL01-AP";"UOP01-DEL01-AP"
546344;2023-09-03;"domingo";"10:20:00";"RS";448;21,8;"PORTO ALEGRE";"Velocidade Incompatível";"Colisão com objeto";"Sem Vítimas";"Pleno dia";"Crescente";"Chuva";"Simples";"Curva;Declive";"Não";1;0;0;0;0;1;0;1;-29,97339402;-51,19941115;"SPRF-RS";"DEL01-RS";"UOP01-DEL01-RS"
546345;2023-09-03;"domingo";"11:50:00";"RS";448;10,1;"CANOAS";"Velocidade Incompatível";"Saída de leito carroçável";"Com Vítimas Feridas";"Pleno dia";"Crescente";"Chuva";"Simples";"Curva";"Não";3;0;1;0;2;0;1;1;-29,88478833;-51,23823999;"SPRF-RS";"DEL01-RS";"UOP01-DEL01-RS"
546348;2023-09-03;"domingo";"14:29:00";"MG";381;928,3;"ITAPEVA";"Reação tardia ou ineficiente do condutor";"Tombamento";"Com Vítimas Feridas";"Pleno dia";"Decrescente";"Nublado";"Dupla";"Curva";"Sim";2;0;0;2;0;0;2;1;-22,76965993;-46,23000939;"SPRF-MG";"DEL16-MG";"UOP03-DEL16-MG"
546349;2023-09-03;"domingo";"14:40:00";"RS";386;355,8;"ESTRELA";"Velocidade Incompatível";"Saída de leito carroçável";"Com Vítimas Feridas";"Pleno dia";"Decrescente";"Chuva";"Dupla";"Reta";"Não";2;0;1;0;1;0;1;1;-29,515066;-51,940083;"SPRF-RS";"DEL04-RS";"UOP01-DEL04-RS"
546351;2023-09-03;"domingo";"14:35:00";"GO";60;210,2;"GUAPO";"Problema com o freio";"Colisão transversal";"Com Vítimas Feridas";"Pleno dia";"Decrescente";"Céu Claro";"Dupla";"Curva";"Não";3;0;1;0;2;0;1;2;-16,9406;-49,6717;"SPRF-GO";"DEL01-GO";"UOP02-DEL01-GO"
546352;2023-09-03;"domingo";"14:55:00";"SC";282;6;"SAO JOSE";"Velocidade Incompatível";"Queda de ocupante de veículo";"Com Vítimas Feridas";"Pleno dia";"Crescente";"Garoa/Chuvisco";"Dupla";"Curva;Declive;Viaduto";"Sim";2;0;1;0;0;1;1;1;-27,591936;-48,618244;"SPRF-SC";"DEL01-SC";"UOP01-DEL01-SC"
546354;2023-09-03;"domingo";"15:20:00";"MG";40;554,9;"NOVA LIMA";"Chuva";"Tombamento";"Com Vítimas Feridas";"Pleno dia";"Decrescente";"Chuva";"Dupla";"Aclive;Reta";"Sim";1;0;1;0;0;0;1;1;-20,07715896;-43,98213593;"SPRF-MG";"DEL01-MG";"UOP02-DEL01-MG"
546355;2023-09-03;"domingo";"15:05:00";"RJ";393;250;"BARRA DO PIRAI";"Manobra de mudança de faixa";"Colisão transversal";"Com Vítimas Feridas";"Pleno dia";"Crescente";"Céu Claro";"Simples";"Reta";"Sim";2;0;0;1;0;1;1;2;-22,42457483;-43,76088293;"SPRF-RJ";"DEL05-RJ";"UOP04-DEL05-RJ"
546356;2023-09-03;"domingo";"15:20:00";"MG";365;611;"UBERLANDIA";"Ausência de reação do condutor";"Queda de ocupante de veículo";"Com Vítimas Feridas";"Pleno dia";"Crescente";"Céu Claro";"Dupla";"Viaduto;Reta";"Sim";2;0;1;0;1;0;1;1;-18,92793854;-48,19198317;"SPRF-MG";"DEL15-MG";"UOP01-DEL15-MG"
546358;2023-09-03;"domingo";"14:40:00";"RJ";116;233;"PIRAI";"Condutor deixou de manter distância do veículo da frente";"Engavetamento";"Com Vítimas Feridas";"Pleno dia";"Decrescente";"Céu Claro";"Dupla";"Reta";"Não";4;0;1;0;3;0;1;3;-22,66355363;-43,84062168;"SPRF-RJ";"DEL07-RJ";"UOP01-DEL07-RJ"
546360;2023-09-03;"domingo";"14:58:00";"GO";60;466;"JATAI";"Ausência de reação do condutor";"Saída de leito carroçável";"Com Vítimas Feridas";"Pleno dia";"Decrescente";"Céu Claro";"Dupla";"Reta";"Não";4;0;1;3;0;0;4;1;-17,8947;-51,663;"SPRF-GO";"DEL05-GO";"UOP01-DEL05-GO"
546362;2023-09-03;"domingo";"12:09:00";"SC";280;82,8;"CORUPA";"Ausência de reação do condutor";"Saída de leito carroçável";"Sem Vítimas";"Pleno dia";"Crescente";"Céu Claro";"Simples";"Curva";"Não";2;0;0;0;0;2;0;2;-26,44009491;-49,22605498;"SPRF-SC";"DEL06-SC";"UOP03-DEL06-SC"
546363;2023-09-03;"domingo";"13:40:00";"PB";230;87,7;"GURINHEM";"Acessar a via sem observar a presença dos outros veículos";"Saída de leito carroçável";"Com Vítimas Feridas";"Pleno dia";"Crescente";"Céu Claro";"Dupla";"Reta";"Não";5;0;4;1;0;0;5;1;-7,1673;-35,3656;"SPRF-PB";"DEL01-PB";"UOP03-DEL01-PB"
546365;2023-09-03;"domingo";"15:40:00";"PR";376;621,2;"SAO JOSE DOS PINHAIS";"Demais falhas mecânicas ou elétricas";"Incêndio";"Sem Vítimas";"Pleno dia";"Decrescente";"Sol";"Dupla";"Aclive;Reta";"Não";1;0;0;0;1;0;0;1;-25,61783292;-49,1690968;"SPRF-PR";"DEL01-PR";"UOP04-DEL01-PR"
546366;2023-09-03;"domingo";"16:00:00";"GO";40;8,8;"LUZIANIA";"Velocidade Incompatível";"Capotamento";"Com Vítimas Feridas";"Pleno dia";"Crescente";"Céu Claro";"Dupla";"Reta";"Sim";3;0;2;1;0;0;3;1;-16,116158;-47,96761;"SPRF-DF";"DEL01-DF";"UOP01-DEL01-DF"
546367;2023-09-03;"domingo";"13:30:00";"RJ";101;309;"SAO GONCALO";"Ausência de reação do condutor";"Colisão traseira";"Com Vítimas Feridas";"Pleno dia";"Crescente";"Sol";"Dupla";"Reta";"Sim";3;0;2;0;1;0;2;2;-22,79498873;-43,03446105;"SPRF-RJ";"DEL02-RJ";"UOP02-DEL02-RJ"
546368;2023-09-03;"domingo";"16:00:00";"SP";116;322;"JUQUITIBA";"Velocidade Incompatível";"Colisão traseira";"Com Vítimas Feridas";"Pleno dia";"Decrescente";"Sol";"Dupla";"Reta";"Não";5;0;4;0;1;0;4;2;-23,935106;-47,026682;"SPRF-SP";"DEL04-SP";"UOP03-DEL04-SP"
546369;2023-09-03;"domingo";"14:40:00";"GO";60;27;"ALEXANIA";"Ausência de reação do condutor";"Saída de leito carroçável";"Com Vítimas Fatais";"Pleno dia";"Crescente";"Nublado";"Dupla";"Declive;Reta";"Não";5;2;2;1;0;0;3;1;-16,10161848;-48,46141934;"SPRF-DF";"DEL03-DF";"UOP01-DEL03-DF"
546370;2023-09-03;"domingo";"16:40:00";"PR";116;106;"CURITIBA";"Demais falhas mecânicas ou elétricas";"Saída de leito carroçável";"Com Vítimas Feridas";"Pleno dia";"Decrescente";"Céu Claro";"Dupla";"Reta";"Não";2;0;2;0;0;0;2;1;-25,56830653;-49,17799791;"SPRF-PR";"DEL01-PR";"UOP07-DEL01-PR"
546371;2023-09-03;"domingo";"13:00:00";"DF";60;21,3;"BRASILIA";"Reação tardia ou ineficiente do condutor";"Colisão traseira";"Com Vítimas Feridas";"Pleno dia";"Decrescente";"Céu Claro";"Dupla";"Reta";"Não";4;0;0;1;2;1;1;3;-15,979909;-48,206978;"SPRF-DF";"DEL03-DF";"UOP01-DEL03-DF"
546373;2023-09-03;"domingo";"16:00:00";"MT";163;848;"SINOP";"Ausência de reação do condutor";"Saída de leito carroçável";"Com Vítimas Feridas";"Pleno dia";"Decrescente";"Céu Claro";"Simples";"Reta";"Não";1;0;1;0;0;0;1;1;-11,751983;-55,466836;"SPRF-MT";"DEL06-MT";"UOP02-DEL06-MT"
546374;2023-09-03;"domingo";"17:30:00";"PE";104;25;"TAQUARITINGA DO NORTE";"Participar de racha";"Colisão frontal";"Com Vítimas Feridas";"Pleno dia";"Crescente";"Céu Claro";"Simples";"Aclive";"Não";2;0;1;0;1;0;1;2;-7,985154;-36,099102;"SPRF-PE";"DEL02-PE";"UOP01-DEL02-PE"
546375;2023-09-03;"domingo";"16:20:00";"SC";101;5,8;"GARUVA";"Condutor deixou de manter distância do veículo da frente";"Colisão traseira";"Com Vítimas Feridas";"Pleno dia";"Decrescente";"Céu Claro";"Dupla";"Reta";"Não";4;0;1;0;3;0;1;3;-26,01779797;-48,86233322;"SPRF-SC";"DEL03-SC";"UOP01-DEL03-SC"
546378;2023-09-03;"domingo";"16:25:00";"SC";101;334,5;"TUBARAO";"Condutor deixou de manter distância do veículo da frente";"Tombamento";"Com Vítimas Feridas";"Pleno dia";"Crescente";"Chuva";"Dupla";"Interseção de Vias";"Sim";2;0;2;0;0;0;2;1;-28,47352011;-49,02442932;"SPRF-SC";"DEL02-SC";"UOP01-DEL02-SC"
546379;2023-09-03;"domingo";"17:00:00";"GO";40;7;"VALPARAISO DE GOIAS";"Condutor usando celular";"Colisão traseira";"Com Vítimas Feridas";"Pleno dia";"Decrescente";"Céu Claro";"Dupla";"Reta";"Sim";3;0;1;0;2;0;1;2;-16,108482;-47,972524;"SPRF-DF";"DEL01-DF";"UOP01-DEL01-DF"
546380;2023-09-03;"domingo";"17:45:00";"SC";282;344;"CAMPOS NOVOS";"Reação tardia ou ineficiente do condutor";"Colisão traseira";"Com Vítimas Feridas";"Pleno dia";"Decrescente";"Chuva";"Simples";"Reta";"Não";4;0;1;0;3;0;1;2;-27,381166;-51,240082;"SPRF-SC";"DEL07-SC";"UOP06-DEL07-SC"
546381;2023-09-03;"domingo";"18:15:00";"SC";101;236;"PALHOCA";"Ingestão de álcool e/ou substâncias psicoativas pelo pedestre";"Queda de ocupante de veículo";"Com Vítimas Feridas";"Plena Noite";"Decrescente";"Garoa/Chuvisco";"Simples";"Curva";"Não";1;0;1;0;0;0;1;1;-27,82629382;-48,63034842;"SPRF-SC";"DEL01-SC";"UOP02-DEL01-SC"
546382;2023-09-03;"domingo";"18:30:00";"RS";116;250;"SAO LEOPOLDO";"Avarias e/ou desgaste excessivo no pneu";"Colisão com objeto";"Com Vítimas Feridas";"Plena Noite";"Crescente";"Chuva";"Dupla";"Curva;Viaduto";"Sim";2;0;1;0;1;0;1;1;-29,78808655;-51,16453171;"SPRF-RS";"DEL01-RS";"UOP02-DEL01-RS"
546383;2023-09-03;"domingo";"18:00:00";"SC";101;201,1;"SAO JOSE";"Trafegar com motocicleta (ou similar) entre as faixas";"Colisão traseira";"Com Vítimas Feridas";"Plena Noite";"Crescente";"Nublado";"Múltipla";"Reta";"Sim";2;0;1;0;1;0;1;2;-27,54836599;-48,61977975;"SPRF-SC";"DEL01-SC";"UOP01-DEL01-SC"
546387;2023-09-03;"domingo";"19:05:00";"RJ";116;86;"TERESOPOLIS";"Conversão proibida";"Colisão lateral sentido oposto";"Com Vítimas Feridas";"Plena Noite";"Crescente";"Nublado";"Simples";"Reta";"Sim";2;0;1;0;1;0;1;2;-22,4065491;-42,95136745;"SPRF-RJ";"DEL04-RJ";"UOP01-DEL04-RJ"
546388;2023-09-03;"domingo";"17:06:00";"GO";80;19;"PADRE BERNARDO";"Ingestão de álcool pelo condutor";"Colisão lateral mesmo sentido";"Sem Vítimas";"Pleno dia";"Decrescente";"Céu Claro";"Dupla";"Reta";"Não";2;0;0;0;1;1;0;2;-15,384497;-48,208798;"SPRF-DF";"DEL03-DF";"UOP02-DEL03-DF"
546389;2023-09-03;"domingo";"18:40:00";"RN";406;161,3;"CEARA-MIRIM";"Entrada inopinada do pedestre";"Atropelamento de Pedestre";"Com Vítimas Feridas";"Plena Noite";"Decrescente";"Nublado";"Simples";"Reta";"Sim";2;0;2;0;0;0;2;2;-5,72093004;-35,36655305;"SPRF-RN";"DEL02-RN";"UOP01-DEL02-RN"
546390;2023-09-03;"domingo";"19:13:00";"TO";153;149;"ARAGUAINA";"Ausência de reação do condutor";"Colisão traseira";"Sem Vítimas";"Pleno dia";"Decrescente";"Céu Claro";"Dupla";"Aclive";"Sim";2;0;0;0;2;0;0;2;-7,239191;-48,254288;"SPRF-TO";"DEL02-TO";"UOP01-DEL02-TO"
546392;2023-09-03;"domingo";"18:53:00";"PE";407;125,7;"PETROLINA";"Velocidade Incompatível";"Atropelamento de Pedestre";"Com Vítimas Feridas";"Plena Noite";"Decrescente";"Céu Claro";"Dupla";"Reta";"Sim";3;0;0;1;0;2;1;3;-9,37739336;-40,53595733;"SPRF-PE";"DEL06-PE";"UOP01-DEL06-PE"
546395;2023-09-03;"domingo";"08:20:00";"SC";101;135;"BALNEARIO CAMBORIU";"Condutor Dormindo";"Saída de leito carroçável";"Sem Vítimas";"Pleno dia";"Crescente";"Nublado";"Múltipla";"Reta";"Não";1;0;0;0;1;0;0;1;-27,0050108;-48,62677494;"SPRF-SC";"DEL04-SC";"UOP03-DEL04-SC"