"id";"data_inversa";"dia_semana";"horario";"uf";"br";"km";"municipio";"causa_acidente";"tipo_acidente";"classificacao_acidente";"fase_dia";"sentido_via";"condicao_metereologica";"tipo_pista";"tracado_via";"uso_solo";"pessoas";"mortos";"feridos_leves";"feridos_graves";"ilesos";"ignorados";"feridos";"veiculos";"latitude";"longitude";"regional";"delegacia";"uop"
546396;2023-09-03;"domingo";"18:40:00";"MS";163;163;"JUTI";"Reação tardia ou ineficiente do condutor";"Colisão traseira";"Com Vítimas Feridas";"Plena Noite";"Crescente";"Céu Claro";"Simples";"Reta";"Não";6;0;1;0;4;1;1;3;-22,90648372;-54,53657191;"SPRF-MS";"DEL09-MS";"UOP01-DEL09-MS"
546397;2023-09-03;"domingo";"20:28:00";"RS";290;19;"SANTO ANTONIO DA PATRULHA";"Avarias e/ou desgaste excessivo no pneu";"Eventos atípicos";"Com Vítimas Feridas";"Plena Noite";"Crescente";"Chuva";"Múltipla";"Reta";"Não";4;0;1;0;3;0;1;1;-29,884407;-50,444893;"SPRF-RS";"DEL03-RS";"UOP01-DEL03-RS"
546398;2023-09-03;"domingo";"19:00:00";"ES";101;258;"SERRA";"Ausência de reação do condutor";"Queda de ocupante de veículo";"Com Vítimas Feridas";"Plena Noite";"Crescente";"Nublado";"Dupla";"Reta;Declive";"Sim";2;0;1;0;0;1;1;2;-20,13059888;-40,2961019;"SPRF-ES";"DEL02-ES";"UOP01-DEL02-ES"
546400;2023-09-03;"domingo";"18:30:00";"ES";259;6,5;"JOAO NEIVA";"Velocidade Incompatível";"Saída de leito carroçável";"Com Vítimas Feridas";"Pleno dia";"Decrescente";"Céu Claro";"Simples";"Reta;Viaduto";"Não";4;0;4;0;0;0;4;1;-19,68870615;-40,38869427;"SPRF-ES";"DEL02-ES";"UOP01-DEL02-ES"
546401;2023-09-03;"domingo";"18:15:00";"BA";101;879;"TEIXEIRA DE FREITAS";"Acessar a via sem observar a presença dos outros veículos";"Colisão transversal";"Sem Vítimas";"Plena Noite";"Decrescente";"Céu Claro";"Simples";"Interseção de Vias;Reta";"Sim";2;0;0;0;2;0;0;2;-17,55670728;-39,72480297;"SPRF-BA";"DEL09-BA";"UOP02-DEL09-BA"
546402;2023-09-03;"domingo";"14:10:00";"MT";70;269;"PRIMAVERA DO LESTE";"Reação tardia ou ineficiente do condutor";"Saída de leito carroçável";"Com Vítimas Feridas";"Pleno dia";"Decrescente";"Céu Claro";"Simples";"Reta";"Não";1;0;1;0;0;0;1;1;-15,5313333;-54,20482018;"SPRF-MT";"DEL05-MT";"UOP01-DEL05-MT"
546404;2023-09-03;"domingo";"19:20:00";"PB";104;114,6;"LAGOA SECA";"Reação tardia ou ineficiente do condutor";"Colisão com objeto";"Com Vítimas Feridas";"Plena Noite";"Crescente";"Céu Claro";"Simples";"Reta";"Sim";1;0;0;1;0;0;1;1;-7,1620139;-35,85712429;"SPRF-PB";"DEL02-PB";"UOP04-DEL02-PB"
546405;2023-09-03;"domingo";"19:45:00";"MA";222;668;"ACAILANDIA";"Animais na Pista";"Atropelamento de Animal";"Com Vítimas Feridas";"Plena Noite";"Crescente";"Céu Claro";"Simples";"Declive;Reta";"Sim";1;0;1;0;0;0;1;1;-4,929263;-47,445314;"SPRF-MA";"DEL04-MA";"UOP03-DEL04-MA"
546407;2023-09-03;"domingo";"16:45:00";"MG";381;908;"CAMBUI";"Chuva";"Tombamento";"Com Vítimas Feridas";"Pleno dia";"Decrescente";"Chuva";"Dupla";"Curva;Declive";"Não";2;0;1;1;0;0;2;1;-22,71744092;-46,12652111;"SPRF-MG";"DEL16-MG";"UOP03-DEL16-MG"
546408;2023-09-03;"domingo";"19:20:00";"MG";381;896;"CAMBUI";"Reação tardia ou ineficiente do condutor";"Colisão com objeto";"Sem Vítimas";"Plena Noite";"Crescente";"Nublado";"Dupla";"Interseção de Vias;Reta";"Não";5;0;0;0;5;0;0;1;-22,59703728;-46,05685902;"SPRF-MG";"DEL16-MG";"UOP03-DEL16-MG"
546410;2023-09-03;"domingo";"19:45:00";"SC";101;287;"IMBITUBA";"Ingestão de álcool pelo condutor";"Colisão lateral mesmo sentido";"Com Vítimas Feridas";"Plena Noite";"Crescente";"Garoa/Chuvisco";"Dupla";"Reta";"Não";2;0;0;1;1;0;1;2;-28,2568439;-48,70392144;"SPRF-SC";"DEL02-SC";"UOP03-DEL02-SC"
546414;2023-09-03;"domingo";"19:50:00";"DF";60;1;"BRASILIA";"Pedestre cruzava a pista fora da faixa";"Atropelamento de Pedestre";"Com Vítimas Feridas";"Plena Noite";"Crescente";"Céu Claro";"Dupla";"Reta";"Sim";3;0;0;1;1;1;1;2;-15,885093;-48,068954;"SPRF-DF";"DEL03-DF";"UOP01-DEL03-DF"
546416;2023-09-03;"domingo";"19:50:00";"PR";476;120,4;"COLOMBO";"Condutor deixou de manter distância do veículo da frente";"Colisão traseira";"Com Vítimas Feridas";"Plena Noite";"Crescente";"Céu Claro";"Múltipla";"Reta";"Sim";3;0;1;1;1;0;2;2;-25,37191;-49,19146;"SPRF-PR";"DEL01-PR";"UOP01-DEL01-PR"
546417;2023-09-03;"domingo";"17:50:00";"SC";470;121;"IBIRAMA";"Velocidade Incompatível";"Saída de leito carroçável";"Com Vítimas Feridas";"Plena Noite";"Crescente";"Nublado";"Simples";"Curva;Aclive";"Não";2;0;2;0;0;0;2;1;-27,095861;-49,526859;"SPRF-SC";"DEL04-SC";"UOP02-DEL04-SC"
546420;2023-09-03;"domingo";"20:12:00";"SC";280;131,2;"RIO NEGRINHO";"Pedestre andava na pista";"Atropelamento de Pedestre";"Com Vítimas Feridas";"Plena Noite";"Decrescente";"Nublado";"Simples";"Declive";"Não";2;0;0;1;1;0;1;2;-26,25581515;-49,53953493;"SPRF-SC";"DEL06-SC";"UOP03-DEL06-SC"
546421;2023-09-03;"domingo";"19:40:00";"ES";101;302;"VIANA";"Manobra de mudança de faixa";"Colisão lateral mesmo sentido";"Sem Vítimas";"Plena Noite";"Decrescente";"Céu Claro";"Dupla";"Reta";"Não";2;0;0;0;2;0;0;2;-20,36958283;-40,44384551;"SPRF-ES";"DEL01-ES";"UOP01-DEL01-ES"
546422;2023-09-03;"domingo";"19:43:00";"SP";116;444,2;"REGISTRO";"Reação tardia ou ineficiente do condutor";"Colisão com objeto";"Sem Vítimas";"Plena Noite";"Decrescente";"Céu Claro";"Dupla";"Curva;Aclive";"Não";1;0;0;0;0;1;0;1;-24,49129421;-47,83614553;"SPRF-SP";"DEL05-SP";"UOP01-DEL05-SP"
546424;2023-09-03;"domingo";"20:00:00";"PI";316;47;"LAGOA DO PIAUI";"Ingestão de álcool pelo condutor";"Tombamento";"Com Vítimas Feridas";"Plena Noite";"Crescente";"Céu Claro";"Simples";"Aclive;Reta";"Não";1;0;0;1;0;0;1;1;-5,475436;-42,637404;"SPRF-PI";"DEL01-PI";"UOP02-DEL01-PI"
546425;2023-09-03;"domingo";"15:30:00";"SC";282;52,6;"RANCHO QUEIMADO";"Ingestão de álcool pelo condutor";"Saída de leito carroçável";"Com Vítimas Feridas";"Pleno dia";"Decrescente";"Garoa/Chuvisco";"Simples";"Curva";"Sim";3;0;2;0;1;0;2;1;-27,696936;-48,964138;"SPRF-SC";"DEL01-SC";"UOP03-DEL01-SC"
546427;2023-09-03;"domingo";"21:00:00";"RJ";116;115;"MAGE";"Transitar na contramão";"Colisão frontal";"Com Vítimas Feridas";"Plena Noite";"Decrescente";"Nublado";"Simples";"Reta";"Não";2;0;1;1;0;0;2;2;-22,58686665;-43,0179492;"SPRF-RJ";"DEL04-RJ";"UOP02-DEL04-RJ"
546428;2023-09-03;"domingo";"21:05:00";"SP";381;53,5;"MAIRIPORA";"Ausência de reação do condutor";"Tombamento";"Com Vítimas Feridas";"Plena Noite";"Crescente";"Nublado";"Dupla";"Reta";"Sim";2;0;2;0;0;0;2;1;-23,24254294;-46,59770608;"SPRF-SP";"DEL03-SP";"UOP01-DEL03-SP"
546429;2023-09-03;"domingo";"19:50:00";"PA";230;98;"SAO JOAO DO ARAGUAIA";"Acessar a via sem observar a presença dos outros veículos";"Colisão transversal";"Com Vítimas Feridas";"Plena Noite";"Decrescente";"Céu Claro";"Simples";"Reta";"Sim";2;0;0;2;0;0;2;2;-5,41919096;-48,93656196;"SPRF-PA";"DEL03-PA";"UOP01-DEL03-PA"
546430;2023-09-03;"domingo";"21:30:00";"RJ";116;175;"SAO JOAO DE MERITI";"Velocidade Incompatível";"Colisão traseira";"Com Vítimas Feridas";"Plena Noite";"Decrescente";"Céu Claro";"Dupla";"Reta";"Não";4;0;1;0;3;0;1;2;-22,78923555;-43,37275272;"SPRF-RJ";"DEL01-RJ";"UOP02-DEL01-RJ"
546431;2023-09-03;"domingo";"21:50:00";"RS";158;327;"SANTA MARIA";"Acessar a via sem observar a presença dos outros veículos";"Colisão transversal";"Com Vítimas Feridas";"Plena Noite";"Crescente";"Chuva";"Dupla";"Em Obras;Interseção de Vias;Reta";"Sim";3;0;1;0;0;2;1;3;-29,71037945;-53,82094324;"SPRF-RS";"DEL09-RS";"UOP01-DEL09-RS"
546433;2023-09-03;"domingo";"21:30:00";"PR";376;248;"APUCARANA";"Mal súbito do condutor";"Queda de ocupante de veículo";"Com Vítimas Feridas";"Plena Noite";"Decrescente";"Céu Claro";"Simples";"Reta";"Não";1;0;1;0;0;0;1;1;-23,60721808;-51,40736282;"SPRF-PR";"DEL07-PR";"UOP03-DEL07-PR"
546434;2023-09-03;"domingo";"19:00:00";"PI";343;591,1;"FLORIANO";"Ingestão de álcool pelo condutor";"Atropelamento de Pedestre";"Com Vítimas Feridas";"Plena Noite";"Crescente";"Céu Claro";"Dupla";"Reta";"Sim";3;0;0;1;1;1;1;2;-6,781361;-43,023224;"SPRF-PI";"DEL03-PI";"UOP01-DEL03-PI"
546436;2023-09-03;"domingo";"22:20:00";"PR";277;505;"DIAMANTE DO SUL";"Ingestão de álcool pelo condutor";"Saída de leito carroçável";"Com Vítimas Feridas";"Plena Noite";"Decrescente";"Garoa/Chuvisco";"Simples";"Curva";"Não";1;0;0;1;0;0;1;1;-25,13706208;-52,71289206;"SPRF-PR";"DEL04-PR";"UOP04-DEL04-PR"
546437;2023-09-03;"domingo";"20:45:00";"RS";285;315;"PASSO FUNDO";"Reação tardia ou ineficiente do condutor";"Colisão frontal";"Com Vítimas Feridas";"Plena Noite";"Crescente";"Chuva";"Simples";"Reta";"Não";3;0;1;0;2;0;1;2;-28,249598;-52,581173;"SPRF-RS";"DEL08-RS";"UOP03-DEL08-RS"
546439;2023-09-03;"domingo";"22:50:00";"CE";222;1,3;"FORTALEZA";"Ingestão de álcool ou de substâncias psicoativas pelo pedestre";"Atropelamento de Pedestre";"Sem Vítimas";"Plena Noite";"Decrescente";"Céu Claro";"Dupla";"Reta";"Sim";1;0;0;0;1;0;0;1;-3,737804;-38,578061;"SPRF-CE";"DEL01-CE";"UOP01-DEL01-CE"
546440;2023-09-03;"domingo";"23:25:00";"PR";116;210;"RIO NEGRO";"Ingestão de álcool pelo condutor";"Colisão com objeto";"Sem Vítimas";"Plena Noite";"Decrescente";"Céu Claro";"Simples";"Declive;Reta";"Sim";2;0;0;0;0;2;0;2;-26,07479435;-49,76117178;"SPRF-SC";"DEL06-SC";"UOP01-DEL06-SC"
546441;2023-09-03;"domingo";"21:15:00";"MG";40;618,5;"CONGONHAS";"Ingestão de álcool pelo condutor";"Saída de leito carroçável";"Com Vítimas Feridas";"Plena Noite";"Crescente";"Céu Claro";"Simples";"Interseção de Vias";"Sim";2;0;1;0;0;1;1;2;-20,571668;-43,812399;"SPRF-MG";"DEL05-MG";"UOP02-DEL05-MG"
546442;2023-09-03;"domingo";"22:45:00";"MS";163;236;"CAARAPO";"Ausência de reação do condutor";"Saída de leito carroçável";"Com Vítimas Fatais";"Plena Noite";"Crescente";"Nublado";"Dupla";"Curva";"Não";1;1;0;0;0;0;0;1;-22,42290981;-54,80690426;"SPRF-MS";"DEL04-MS";"UOP02-DEL04-MS"
546443;2023-09-03;"domingo";"22:35:00";"PE";428;189;"PETROLINA";"Ingestão de álcool pelo condutor";"Colisão traseira";"Com Vítimas Feridas";"Plena Noite";"Crescente";"Céu Claro";"Múltipla";"Reta;Interseção de Vias;Retorno Regulamentado";"Sim";4;0;2;0;2;0;2;3;-9,37773382;-40,50385594;"SPRF-PE";"DEL06-PE";"UOP01-DEL06-PE"
546444;2023-09-03;"domingo";"21:15:00";"GO";20;54,3;"FORMOSA";"Ausência de reação do condutor";"Queda de ocupante de veículo";"Com Vítimas Fatais";"Plena Noite";"Crescente";"Céu Claro";"Simples";"Aclive;Reta";"Não";4;1;2;0;1;0;2;2;-15,298045;-47,148319;"SPRF-DF";"DEL02-DF";"UOP02-DEL02-DF"
546447;2023-09-03;"domingo";"17:45:00";"MG";116;409,5;"GOVERNADOR VALADARES";"Ingestão de álcool pelo condutor";"Queda de ocupante de veículo";"Com Vítimas Feridas";"Anoitecer";"Crescente";"Céu Claro";"Dupla";"Reta";"Sim";1;0;1;0;0;0;1;1;-18,84936788;-41,97891368;"SPRF-MG";"DEL06-MG";"UOP01-DEL06-MG"
546449;2023-09-03;"domingo";"22:30:00";"RJ";116;273;"BARRA MANSA";"Ausência de reação do condutor";"Colisão com objeto";"Com Vítimas Feridas";"Plena Noite";"Crescente";"Céu Claro";"Dupla";"Curva";"Não";3;0;1;0;2;0;1;2;-22,56085103;-44,14076726;"SPRF-RJ";"DEL07-RJ";"UOP02-DEL07-RJ"
546450;2023-09-03;"domingo";"22:00:00";"BA";101;681;"ITAGIMIRIM";"Velocidade Incompatível";"Colisão com objeto";"Com Vítimas Fatais";"Plena Noite";"Decrescente";"Céu Claro";"Simples";"Ponte";"Não";1;1;0;0;0;0;0;1;-16,08519;-39,61963;"SPRF-BA";"DEL09-BA";"UOP01-DEL09-BA"
546452;2023-09-03;"domingo";"18:40:00";"RJ";356;106;"CARDOSO MOREIRA";"Animais na Pista";"Atropelamento de Animal";"Com Vítimas Feridas";"Plena Noite";"Decrescente";"Nublado";"Simples";"Curva";"Não";2;0;1;0;1;0;1;1;-21,54392978;-41,48390899;"SPRF-RJ";"DEL08-RJ";"UOP03-DEL08-RJ"
546453;2023-09-03;"domingo";"23:30:00";"SC";280;242,7;"CANOINHAS";"Transitar na contramão";"Colisão lateral sentido oposto";"Sem Vítimas";"Plena Noite";"Decrescente";"Garoa/Chuvisco";"Simples";"Curva";"Não";2;0;0;0;2;0;0;2;-26,23372461;-50,47898054;"SPRF-SC";"DEL06-SC";"UOP04-DEL06-SC"
546454;2023-09-03;"domingo";"23:00:00";"MG";50;57,5;"UBERLANDIA";"Ingestão de álcool pelo condutor";"Saída de leito carroçável";"Sem Vítimas";"Plena Noite";"Crescente";"Céu Claro";"Dupla";"Reta";"Não";1;0;0;0;1;0;0;1;-18,78608604;-48,23160008;"SPRF-MG";"DEL15-MG";"UOP02-DEL15-MG"
546455;2023-09-04;"segunda-feira";"00:03:00";"PB";101;92,9;"JOAO PESSOA";"Condutor Dormindo";"Colisão com objeto";"Sem Vítimas";"Plena Noite";"Crescente";"Céu Claro";"Dupla";"Reta";"Não";1;0;0;0;1;0;0;1;-7,207301;-34,909384;"SPRF-PB";"DEL01-PB";"UOP02-DEL01-PB"
546457;2023-09-03;"domingo";"23:15:00";"MT";163;1029;"PEIXOTO DE AZEVEDO";"Ausência de reação do condutor";"Queda de ocupante de veículo";"Com Vítimas Feridas";"Plena Noite";"Crescente";"Céu Claro";"Simples";"Reta";"Não";1;0;0;1;0;0;1;1;-10,2483127;-54,991884;"SPRF-MT";"DEL06-MT";"UOP03-DEL06-MT"
546458;2023-09-04;"segunda-feira";"00:20:00";"RO";319;63;"PORTO VELHO";"Reação tardia ou ineficiente do condutor";"Tombamento";"Com Vítimas Feridas";"Plena Noite";"Crescente";"Céu Claro";"Dupla";"Reta";"Sim";1;0;1;0;0;0;1;1;-8,766685;-63,884052;"SPRF-RO";"DEL01-RO";"UOP01-DEL01-RO"
546459;2023-09-03;"domingo";"20:25:00";"PA";308;160;"CAPANEMA";"Reação tardia ou ineficiente do condutor";"Tombamento";"Com Vítimas Feridas";"Plena Noite";"Crescente";"Céu Claro";"Simples";"Reta";"Não";2;0;0;2;0;0;2;1;-1,21017675;-47,10523507;"SPRF-PA";"DEL01-PA";"UOP03-DEL01-PA"
546460;2023-09-03;"domingo";"18:20:00";"MG";381;188,5;"PERIQUITO";"Velocidade Incompatível";"Saída de leito carroçável";"Com Vítimas Feridas";"Plena Noite";"Decrescente";"Nublado";"Simples";"Curva";"Não";4;0;4;0;0;0;4;1;-19,066434;-42,170817;"SPRF-MG";"DEL06-MG";"UOP01-DEL06-MG"
546461;2023-09-04;"segunda-feira";"00:20:00";"SC";282;602;"MARAVILHA";"Ingestão de álcool pelo condutor";"Colisão frontal";"Com Vítimas Feridas";"Plena Noite";"Crescente";"Céu Claro";"Simples";"Declive;Reta";"Não";6;0;2;0;3;1;2;3;-26,806049;-53,178757;"SPRF-SC";"DEL07-SC";"UOP02-DEL07-SC"
546463;2023-09-04;"segunda-feira";"02:00:00";"PE";104;111,7;"PANELAS";"Reação tardia ou ineficiente do condutor";"Saída de leito carroçável";"Com Vítimas Fatais";"Plena Noite";"Crescente";"Céu Claro";"Simples";"Ponte";"Não";2;1;0;0;0;1;0;1;-8,628445;-36,008938;"SPRF-PE";"DEL02-PE";"UOP03-DEL02-PE"
546465;2023-09-03;"domingo";"21:00:00";"PA";230;654;"ALTAMIRA";"Reação tardia ou ineficiente do condutor";"Colisão com objeto";"Com Vítimas Feridas";"Plena Noite";"Decrescente";"Céu Claro";"Simples";"Declive";"Não";2;0;2;0;0;0;2;1;-3,22542812;-52,29639288;"SPRF-PA";"DEL04-PA";"UOP01-DEL04-PA"
546468;2023-09-04;"segunda-feira";"03:05:00";"PA";10;213,9;"IPIXUNA DO PARA";"Acessar a via sem observar a presença dos outros veículos";"Colisão transversal";"Com Vítimas Feridas";"Plena Noite";"Crescente";"Céu Claro";"Simples";"Reta";"Sim";3;0;2;0;1;0;2;2;-2,557013;-47,494178;"SPRF-PA";"DEL02-PA";"UOP01-DEL02-PA"
546469;2023-09-04;"segunda-feira";"03:10:00";"MG";381;541;"ITATIAIUCU";"Reação tardia ou ineficiente do condutor";"Saída de leito carroçável";"Com Vítimas Feridas";"Plena Noite";"Decrescente";"Céu Claro";"Dupla";"Curva";"Não";16;0;8;2;6;0;10;1;-20,25686585;-44,4185141;"SPRF-MG";"DEL04-MG";"UOP03-DEL04-MG"
546472;2023-09-04;"segunda-feira";"03:40:00";"SP";116;285;"ITAPECERICA DA SERRA";"Ausência de reação do condutor";"Colisão traseira";"Com Vítimas Feridas";"Amanhecer";"Crescente";"Céu Claro";"Dupla";"Reta";"Sim";6;0;2;0;4;0;2;2;-23,70407794;-46,87249709;"SPRF-SP";"DEL04-SP";"UOP01-DEL04-SP"
546473;2023-09-04;"segunda-feira";"04:30:00";"BA";324;620;"SALVADOR";"Condutor deixou de manter distância do veículo da frente";"Colisão traseira";"Com Vítimas Feridas";"Amanhecer";"Decrescente";"Céu Claro";"Dupla";"Reta";"Não";2;0;1;0;1;0;1;2;-12,90482172;-38,45556535;"SPRF-BA";"DEL01-BA";"UOP01-DEL01-BA"
546475;2023-09-04;"segunda-feira";"04:12:00";"PI";343;3,2;"TERESINA";"Ingestão de álcool pelo condutor";"Colisão lateral sentido oposto";"Sem Vítimas";"Plena Noite";"Crescente";"Céu Claro";"Múltipla";"Reta";"Sim";2;0;0;0;2;0;0;2;-5,089569;-42,802288;"SPRF-PI";"DEL01-PI";"UOP01-DEL01-PI"
546476;2023-09-04;"segunda-feira";"05:45:00";"SP";116;188;"SANTA ISABEL";"Ausência de reação do condutor";"Queda de ocupante de veículo";"Com Vítimas Feridas";"Pleno dia";"Decrescente";"Céu Claro";"Dupla";"Reta";"Não";1;0;1;0;0;0;1;1;-23,3594352;-46,21675791;"SPRF-SP";"DEL01-SP";"UOP01-DEL01-SP"
546477;2023-09-04;"segunda-feira";"04:30:00";"MG";50;22,6;"ARAGUARI";"Ausência de reação do condutor";"Tombamento";"Com Vítimas Feridas";"Plena Noite";"Decrescente";"Céu Claro";"Dupla";"Aclive;Reta";"Não";1;0;1;0;0;0;1;1;-18,60646215;-48,05279374;"SPRF-MG";"DEL15-MG";"UOP02-DEL15-MG"
546479;2023-09-04;"segunda-feira";"06:10:00";"PR";369;199;"APUCARANA";"Velocidade Incompatível";"Capotamento";"Com Vítimas Feridas";"Pleno dia";"Crescente";"Céu Claro";"Dupla";"Reta";"Sim";1;0;1;0;0;0;1;1;-23,5211522;-51,43618584;"SPRF-PR";"DEL07-PR";"UOP03-DEL07-PR"
546480;2023-09-04;"segunda-feira";"05:53:00";"ES";101;255;"SERRA";"Reação tardia ou ineficiente do condutor";"Tombamento";"Com Vítimas Feridas";"Amanhecer";"Crescente";"Nublado";"Simples";"Reta";"Sim";2;0;2;0;0;0;2;1;-20,11487935;-40,31943619;"SPRF-ES";"DEL02-ES";"UOP01-DEL02-ES"
546481;2023-09-04;"segunda-feira";"06:45:00";"MG";381;449;"SABARA";"Reação tardia ou ineficiente do condutor";"Queda de ocupante de veículo";"Com Vítimas Feridas";"Pleno dia";"Crescente";"Céu Claro";"Simples";"Reta";"Sim";2;0;1;0;1;0;1;2;-19,84164036;-43,86232683;"SPRF-MG";"DEL01-MG";"UOP01-DEL01-MG"
546482;2023-09-04;"segunda-feira";"06:30:00";"MG";262;54;"MANHUACU";"Reação tardia ou ineficiente do condutor";"Queda de ocupante de veículo";"Com Vítimas Feridas";"Pleno dia";"Crescente";"Céu Claro";"Simples";"Reta";"Não";1;0;1;0;0;0;1;1;-20,26134902;-42,16469099;"SPRF-MG";"DEL06-MG";"UOP03-DEL06-MG"
546483;2023-09-04;"segunda-feira";"05:00:00";"AL";423;19;"CANAPI";"Ausência de reação do condutor";"Capotamento";"Com Vítimas Feridas";"Amanhecer";"Decrescente";"Céu Claro";"Simples";"Declive;Reta";"Não";1;0;1;0;0;0;1;1;-9,17394974;-37,45443908;"SPRF-AL";"DEL03-AL";"UOP02-DEL03-AL"
546488;2023-09-04;"segunda-feira";"07:10:00";"MG";381;493,8;"BETIM";"Manobra de mudança de faixa";"Colisão traseira";"Com Vítimas Feridas";"Pleno dia";"Decrescente";"Céu Claro";"Dupla";"Reta";"Sim";2;0;1;0;1;0;1;2;-19,97670801;-44,19962698;"SPRF-MG";"DEL04-MG";"UOP03-DEL04-MG"
546489;2023-09-04;"segunda-feira";"06:50:00";"RS";472;583;"URUGUAIANA";"Ausência de reação do condutor";"Saída de leito carroçável";"Sem Vítimas";"Amanhecer";"Crescente";"Chuva";"Simples";"Reta";"Não";1;0;0;0;1;0;0;1;-29,820438;-57,099411;"SPRF-RS";"DEL13-RS";"UOP01-DEL13-RS"
546490;2023-09-04;"segunda-feira";"05:45:00";"BA";324;580,6;"CANDEIAS";"Demais falhas mecânicas ou elétricas";"Saída de leito carroçável";"Com Vítimas Feridas";"Amanhecer";"Crescente";"Chuva";"Dupla";"Reta";"Sim";2;0;2;0;0;0;2;1;-12,59913862;-38,50896481;"SPRF-BA";"DEL01-BA";"UOP01-DEL01-BA"
546492;2023-09-04;"segunda-feira";"07:05:00";"PB";230;158,8;"CAMPINA GRANDE";"Reação tardia ou ineficiente do condutor";"Colisão traseira";"Sem Vítimas";"Pleno dia";"Crescente";"Céu Claro";"Simples";"Reta";"Sim";2;0;0;0;2;0;0;2;-7,2582;-35,9267;"SPRF-PB";"DEL02-PB";"UOP01-DEL02-PB"
546494;2023-09-04;"segunda-feira";"07:08:00";"PR";163;289;"MARECHAL CANDIDO RONDON";"Transitar no Acostamento";"Saída de leito carroçável";"Com Vítimas Feridas";"Pleno dia";"Decrescente";"Céu Claro";"Simples";"Curva;Declive";"Não";2;0;2;0;0;0;2;1;-24,51662026;-54,08610106;"SPRF-PR";"DEL06-PR";"UOP02-DEL06-PR"
546495;2023-09-04;"segunda-feira";"07:40:00";"BA";116;441,7;"FEIRA DE SANTANA";"Velocidade Incompatível";"Saída de leito carroçável";"Com Vítimas Feridas";"Pleno dia";"Decrescente";"Chuva";"Dupla";"Curva";"Não";2;0;0;1;0;1;1;2;-12,33163605;-39,06586497;"SPRF-BA";"DEL02-BA";"UOP01-DEL02-BA"
546499;2023-09-04;"segunda-feira";"05:30:00";"RJ";101;310;"SAO GONCALO";"Reação tardia ou ineficiente do condutor";"Colisão com objeto";"Com Vítimas Feridas";"Amanhecer";"Crescente";"Céu Claro";"Dupla";"Reta";"Sim";2;0;1;0;1;0;1;1;-22,797102;-43,04442286;"SPRF-RJ";"DEL02-RJ";"UOP02-DEL02-RJ"
546500;2023-09-04;"segunda-feira";"08:00:00";"SP";116;144,8;"SAO JOSE DOS CAMPOS";"Manobra de mudança de faixa";"Colisão lateral mesmo sentido";"Com Vítimas Feridas";"Pleno dia";"Crescente";"Sol";"Dupla";"Reta";"Sim";2;0;1;0;1;0;1;2;-23,18572164;-45,85282471;"SPRF-SP";"DEL02-SP";"UOP01-DEL02-SP"
546506;2023-09-04;"segunda-feira";"07:20:00";"PR";277;73,8;"SAO JOSE DOS PINHAIS";"Ausência de reação do condutor";"Colisão traseira";"Com Vítimas Fatais";"Amanhecer";"Decrescente";"Sol";"Dupla";"Reta";"Não";2;1;0;0;0;1;0;2;-25,4986475;-49,1569107;"SPRF-PR";"DEL01-PR";"UOP01-DEL01-PR"
546508;2023-08-27;"domingo";"21:30:00";"SP";116;529;"BARRA DO TURVO";"Animais na Pista";"Atropelamento de Animal";"Sem Vítimas";"Plena Noite";"Decrescente";"Chuva";"Dupla";"Reta";"Não";2;0;0;0;2;0;0;1;-24,939211;-48,301248;"SPRF-SP";"DEL05-SP";"UOP02-DEL05-SP"
546510;2023-09-04;"segunda-feira";"07:45:00";"PR";376;616,2;"SAO JOSE DOS PINHAIS";"Condutor deixou de manter distância do veículo da frente";"Engavetamento";"Com Vítimas Feridas";"Pleno dia";"Decrescente";"Sol";"Dupla";"Reta";"Sim";9;0;3;0;5;1;3;5;-25,57583659;-49,17953679;"SPRF-PR";"DEL01-PR";"UOP04-DEL01-PR"
546511;2023-09-04;"segunda-feira";"07:55:00";"MG";40;522,9;"CONTAGEM";"Condutor deixou de manter distância do veículo da frente";"Colisão traseira";"Com Vítimas Feridas";"Pleno dia";"Crescente";"Céu Claro";"Dupla";"Reta";"Não";3;0;3;0;0;0;3;2;-19,86608429;-44,06508923;"SPRF-MG";"DEL01-MG";"UOP02-DEL01-MG"
546513;2023-09-04;"segunda-feira";"07:30:00";"GO";60;233,1;"CEZARINA";"Acostamento em desnível";"Saída de leito carroçável";"Com Vítimas Feridas";"Pleno dia";"Crescente";"Céu Claro";"Dupla";"Declive;Reta";"Não";2;0;2;0;0;0;2;1;-17,0716;-49,8138;"SPRF-GO";"DEL01-GO";"UOP02-DEL01-GO"
546514;2023-09-04;"segunda-feira";"08:00:00";"RS";386;282,8;"SAO JOSE DO HERVAL";"Transitar na contramão";"Colisão frontal";"Com Vítimas Feridas";"Pleno dia";"Crescente";"Chuva";"Simples";"Curva";"Não";2;0;1;0;1;0;1;2;-29,05315739;-52,29155302;"SPRF-RS";"DEL04-RS";"UOP03-DEL04-RS"
546515;2023-09-03;"domingo";"22:50:00";"PR";163;28;"SANTO ANTONIO DO SUDOESTE";"Ausência de reação do condutor";"Saída de leito carroçável";"Sem Vítimas";"Plena Noite";"Crescente";"Garoa/Chuvisco";"Simples";"Curva;Aclive";"Não";1;0;0;0;0;1;0;1;-26,15350396;-53,6850788;"SPRF-PR";"DEL02-PR";"UOP02-DEL02-PR"
546516;2023-09-04;"segunda-feira";"05:00:00";"PB";230;12;"CABEDELO";"Ausência de reação do condutor";"Saída de leito carroçável";"Sem Vítimas";"Pleno dia";"Crescente";"Céu Claro";"Dupla";"Retorno Regulamentado";"Sim";1;0;0;0;0;1;0;1;-7,07432042;-34,84956849;"SPRF-PB";"DEL01-PB";"UOP01-DEL01-PB"