"id";"data_inversa";"dia_semana";"horario";"uf";"br";"km";"municipio";"causa_acidente";"tipo_acidente";"classificacao_acidente";"fase_dia";"sentido_via";"condicao_metereologica";"tipo_pista";"tracado_via";"uso_solo";"pessoas";"mortos";"feridos_leves";"feridos_graves";"ilesos";"ignorados";"feridos";"veiculos";"latitude";"longitude";"regional";"delegacia";"uop"
546517;2023-09-04;"segunda-feira";"08:50:00";"PR";376;101;"PARANAVAI";"Reação tardia ou ineficiente do condutor";"Tombamento";"Com Vítimas Feridas";"Pleno dia";"Decrescente";"Céu Claro";"Simples";"Reta";"Sim";1;0;1;0;0;0;1;1;-23,03870043;-52,47581542;"SPRF-PR";"DEL09-PR";"UOP02-DEL09-PR"
546518;2023-09-04;"segunda-feira";"07:30:00";"SE";235;73;"FREI PAULO";"Mal súbito do condutor";"Saída de leito carroçável";"Sem Vítimas";"Pleno dia";"Crescente";"Céu Claro";"Simples";"Declive;Reta";"Sim";2;0;0;0;2;0;0;1;-10,545807;-37,53688;"SPRF-SE";"DEL01-SE";"UOP02-DEL01-SE"
546522;2023-09-04;"segunda-feira";"07:30:00";"RJ";101;309;"SAO GONCALO";"Condutor deixou de manter distância do veículo da frente";"Colisão traseira";"Com Vítimas Feridas";"Pleno dia";"Crescente";"Céu Claro";"Múltipla";"Reta";"Não";7;0;1;0;6;0;1;2;-22,79498873;-43,03446105;"SPRF-RJ";"DEL02-RJ";"UOP02-DEL02-RJ"
546526;2023-09-04;"segunda-feira";"09:20:00";"MS";419;236;"AQUIDAUANA";"Acessar a via sem observar a presença dos outros veículos";"Colisão traseira";"Com Vítimas Feridas";"Pleno dia";"Crescente";"Céu Claro";"Simples";"Reta;Interseção de Vias";"Sim";4;0;2;0;2;0;2;2;-20,500391;-55,81333;"SPRF-MS";"DEL03-MS";"UOP01-DEL03-MS"
546528;2023-08-14;"segunda-feira";"19:35:00";"RS";285;188,3;"LAGOA VERMELHA";"Ingestão de álcool pelo condutor";"Colisão lateral sentido oposto";"Com Vítimas Feridas";"Plena Noite";"Crescente";"Céu Claro";"Simples";"Reta";"Não";3;0;3;0;0;0;3;2;-28,281801;-51,467041;"SPRF-RS";"DEL08-RS";"UOP05-DEL08-RS"
546529;2023-09-04;"segunda-feira";"09:35:00";"MT";163;587;"DIAMANTINO";"Condutor deixou de manter distância do veículo da frente";"Colisão lateral mesmo sentido";"Sem Vítimas";"Pleno dia";"Crescente";"Céu Claro";"Dupla";"Reta";"Não";3;0;0;0;3;0;0;3;-14,5328539;-56,23065256;"SPRF-MT";"DEL01-MT";"UOP01-DEL01-MT"
546530;2023-09-04;"segunda-feira";"09:42:00";"RJ";101;332;"RIO DE JANEIRO";"Condutor deixou de manter distância do veículo da frente";"Colisão traseira";"Com Vítimas Feridas";"Pleno dia";"Crescente";"Céu Claro";"Dupla";"Reta";"Não";2;0;1;0;1;0;1;2;-22,87133305;-43,20407695;"SPRF-RJ";"DEL02-RJ";"UOP01-DEL02-RJ"
546531;2023-09-04;"segunda-feira";"10:25:00";"PB";101;81;"BAYEUX";"Manobra de mudança de faixa";"Colisão lateral mesmo sentido";"Sem Vítimas";"Pleno dia";"Crescente";"Sol";"Dupla";"Reta";"Sim";2;0;0;0;2;0;0;2;-7,12508575;-34,94513217;"SPRF-PB";"DEL01-PB";"UOP01-DEL01-PB"
546532;2023-09-04;"segunda-feira";"11:00:00";"RN";304;221;"CAICARA DO RIO DO VENTO";"Ultrapassagem Indevida";"Colisão lateral mesmo sentido";"Sem Vítimas";"Pleno dia";"Decrescente";"Sol";"Simples";"Reta";"Não";1;0;0;0;1;0;0;1;-5,75922285;-35,98088696;"SPRF-RN";"DEL01-RN";"UOP03-DEL01-RN"
546533;2023-09-04;"segunda-feira";"10:30:00";"SP";381;61;"MAIRIPORA";"Ausência de reação do condutor";"Colisão traseira";"Sem Vítimas";"Pleno dia";"Crescente";"Céu Claro";"Dupla";"Curva;Declive";"Sim";2;0;0;0;2;0;0;2;-23,29011611;-46,5800681;"SPRF-SP";"DEL03-SP";"UOP01-DEL03-SP"
546534;2023-09-04;"segunda-feira";"09:30:00";"PR";369;148,9;"LONDRINA";"Condutor deixou de manter distância do veículo da frente";"Colisão traseira";"Sem Vítimas";"Pleno dia";"Crescente";"Céu Claro";"Dupla";"Reta";"Sim";2;0;0;0;2;0;0;2;-23,29284232;-51,15107054;"SPRF-PR";"DEL07-PR";"UOP01-DEL07-PR"
546536;2023-09-04;"segunda-feira";"05:00:00";"RO";364;963,8;"PORTO VELHO";"Ingestão de álcool pelo condutor";"Saída de leito carroçável";"Com Vítimas Feridas";"Amanhecer";"Crescente";"Céu Claro";"Simples";"Curva";"Não";2;0;2;0;0;0;2;1;-9,65500211;-65,66226803;"SPRF-RO";"DEL01-RO";"UOP03-DEL01-RO"
546537;2023-08-26;"sábado";"12:30:00";"RS";290;142,1;"ELDORADO DO SUL";"Transitar na contramão";"Saída de leito carroçável";"Com Vítimas Feridas";"Pleno dia";"Crescente";"Céu Claro";"Simples";"Reta";"Não";3;0;2;0;1;0;2;2;-30,089678;-51,628311;"SPRF-RS";"DEL02-RS";"UOP01-DEL02-RS"
546538;2023-09-04;"segunda-feira";"11:10:00";"PR";277;208,6;"PALMEIRA";"Mal súbito do condutor";"Saída de leito carroçável";"Com Vítimas Feridas";"Pleno dia";"Decrescente";"Céu Claro";"Simples";"Declive;Reta";"Não";1;0;1;0;0;0;1;1;-25,46206261;-50,3448379;"SPRF-PR";"DEL08-PR";"UOP02-DEL08-PR"
546539;2023-09-04;"segunda-feira";"10:38:00";"PA";316;20;"BENEVIDES";"Avarias e/ou desgaste excessivo no pneu";"Queda de ocupante de veículo";"Com Vítimas Feridas";"Pleno dia";"Crescente";"Céu Claro";"Dupla";"Reta";"Sim";2;0;1;1;0;0;2;1;-1,3642339;-48,266582;"SPRF-PA";"DEL01-PA";"UOP01-DEL01-PA"
546542;2023-09-02;"sábado";"18:00:00";"BA";101;359;"WENCESLAU GUIMARAES";"Avarias e/ou desgaste excessivo no pneu";"Saída de leito carroçável";"Com Vítimas Feridas";"Anoitecer";"Decrescente";"Nublado";"Simples";"Reta";"Não";1;0;0;1;0;0;1;1;-13,69924687;-39,47779458;"SPRF-BA";"DEL05-BA";"UOP03-DEL05-BA"
546543;2023-09-04;"segunda-feira";"11:47:00";"GO";70;6;"AGUAS LINDAS DE GOIAS";"Ausência de reação do condutor";"Colisão traseira";"Com Vítimas Feridas";"Pleno dia";"Crescente";"Céu Claro";"Dupla";"Reta";"Sim";2;0;0;1;1;0;1;2;-15,74080738;-48,27073228;"SPRF-DF";"DEL03-DF";"UOP02-DEL03-DF"
546545;2023-09-04;"segunda-feira";"12:35:00";"GO";70;7;"AGUAS LINDAS DE GOIAS";"Pedestre cruzava a pista fora da faixa";"Atropelamento de Pedestre";"Com Vítimas Feridas";"Pleno dia";"Crescente";"Céu Claro";"Dupla";"Reta";"Sim";2;0;1;0;1;0;1;2;-15,74375533;-48,26779708;"SPRF-DF";"DEL03-DF";"UOP02-DEL03-DF"
546546;2023-09-04;"segunda-feira";"08:30:00";"MG";262;547;"LUZ";"Velocidade Incompatível";"Queda de ocupante de veículo";"Com Vítimas Feridas";"Pleno dia";"Decrescente";"Céu Claro";"Simples";"Curva";"Não";1;0;0;1;0;0;1;1;-19,74018668;-45,86034892;"SPRF-MG";"DEL08-MG";"UOP02-DEL08-MG"
546548;2023-09-04;"segunda-feira";"11:45:00";"AL";104;93,2;"RIO LARGO";"Reação tardia ou ineficiente do condutor";"Saída de leito carroçável";"Com Vítimas Feridas";"Pleno dia";"Decrescente";"Céu Claro";"Dupla";"Reta";"Sim";3;0;1;0;2;0;1;3;-9,52891696;-35,79807693;"SPRF-AL";"DEL01-AL";"UOP01-DEL01-AL"
546550;2023-09-04;"segunda-feira";"12:30:00";"PR";369;185,2;"ARAPONGAS";"Ausência de reação do condutor";"Colisão traseira";"Com Vítimas Feridas";"Pleno dia";"Decrescente";"Céu Claro";"Simples";"Reta";"Sim";2;0;1;0;1;0;1;2;-23,4094;-51,4275;"SPRF-PR";"DEL07-PR";"UOP03-DEL07-PR"
546555;2023-09-04;"segunda-feira";"13:10:00";"CE";222;4,6;"CAUCAIA";"Conversão proibida";"Colisão transversal";"Com Vítimas Feridas";"Pleno dia";"Crescente";"Céu Claro";"Múltipla";"Reta";"Sim";2;0;0;1;1;0;1;2;-3,742325;-38,610079;"SPRF-CE";"DEL01-CE";"UOP01-DEL01-CE"
546557;2023-09-04;"segunda-feira";"13:55:00";"SC";101;129,1;"BALNEARIO CAMBORIU";"Demais falhas mecânicas ou elétricas";"Tombamento";"Com Vítimas Feridas";"Pleno dia";"Decrescente";"Céu Claro";"Dupla";"Reta";"Sim";2;0;2;0;0;0;2;1;-26,98064277;-48,6790679;"SPRF-SC";"DEL04-SC";"UOP03-DEL04-SC"
546558;2023-04-10;"segunda-feira";"19:20:00";"MG";40;782,3;"JUIZ DE FORA";"Animais na Pista";"Atropelamento de Animal";"Com Vítimas Feridas";"Plena Noite";"Decrescente";"Nublado";"Dupla";"Reta";"Não";1;0;0;1;0;0;1;1;-21,71560987;-43,44470501;"SPRF-MG";"DEL05-MG";"UOP01-DEL05-MG"
546560;2023-09-04;"segunda-feira";"14:00:00";"PI";230;20,4;"FRONTEIRAS";"Transitar na contramão";"Colisão frontal";"Com Vítimas Fatais";"Pleno dia";"Decrescente";"Céu Claro";"Simples";"Aclive;Reta";"Não";2;1;0;0;1;0;0;2;-7,09341522;-40,63518195;"SPRF-PI";"DEL04-PI";"UOP03-DEL04-PI"
546561;2023-02-26;"domingo";"14:12:00";"PR";277;3;"FOZ DO IGUACU";"Reação tardia ou ineficiente do condutor";"Tombamento";"Com Vítimas Feridas";"Pleno dia";"Crescente";"Ignorado";"Múltipla";"Reta";"Sim";2;0;0;2;0;0;2;1;-25,46993375;-54,5850563;"SPRF-PR";"DEL05-PR";"UOP03-DEL05-PR"
546562;2023-09-04;"segunda-feira";"08:30:00";"BA";101;262;"SANTO ANTONIO DE JESUS";"Acessar a via sem observar a presença dos outros veículos";"Colisão transversal";"Sem Vítimas";"Pleno dia";"Decrescente";"Nublado";"Simples";"Reta";"Sim";2;0;0;0;2;0;0;2;-13,0815032;-39,27559444;"SPRF-BA";"DEL01-BA";"UOP02-DEL01-BA"
546564;2023-09-04;"segunda-feira";"13:30:00";"RJ";101;482;"ANGRA DOS REIS";"Ultrapassagem Indevida";"Colisão lateral mesmo sentido";"Com Vítimas Feridas";"Pleno dia";"Decrescente";"Sol";"Simples";"Curva";"Não";2;0;1;0;1;0;1;2;-23,00453;-44,29746;"SPRF-RJ";"DEL03-RJ";"UOP03-DEL03-RJ"
546568;2023-09-04;"segunda-feira";"13:40:00";"BA";116;789,6;"VITORIA DA CONQUISTA";"Ultrapassagem Indevida";"Colisão lateral sentido oposto";"Com Vítimas Feridas";"Pleno dia";"Decrescente";"Céu Claro";"Simples";"Reta";"Sim";5;0;3;0;2;0;3;2;-14,702346;-40,586518;"SPRF-BA";"DEL08-BA";"UOP02-DEL08-BA"
546569;2023-09-04;"segunda-feira";"15:00:00";"PE";407;129;"PETROLINA";"Acessar a via sem observar a presença dos outros veículos";"Colisão transversal";"Com Vítimas Feridas";"Pleno dia";"Crescente";"Sol";"Dupla";"Rotatória";"Sim";2;0;0;1;1;0;1;2;-9,39958299;-40,50459298;"SPRF-PE";"DEL06-PE";"UOP01-DEL06-PE"
546570;2023-09-04;"segunda-feira";"10:00:00";"MG";381;412,8;"NOVA UNIAO";"Demais falhas mecânicas ou elétricas";"Saída de leito carroçável";"Sem Vítimas";"Pleno dia";"Crescente";"Sol";"Dupla";"Aclive;Reta";"Não";1;0;0;0;0;1;0;1;-19,72362236;-43,57581675;"SPRF-MG";"DEL01-MG";"UOP01-DEL01-MG"
546573;2023-09-01;"sexta-feira";"10:35:00";"RS";470;217,3;"BENTO GONCALVES";"Pista Escorregadia";"Colisão transversal";"Sem Vítimas";"Pleno dia";"Crescente";"Céu Claro";"Simples";"Reta";"Não";2;0;0;0;2;0;0;2;-29,16462512;-51,52551964;"SPRF-RS";"DEL06-RS";"UOP01-DEL06-RS"
546575;2023-09-04;"segunda-feira";"14:12:00";"SC";282;137;"BOM RETIRO";"Acumulo de água sobre o pavimento";"Tombamento";"Com Vítimas Feridas";"Pleno dia";"Decrescente";"Chuva";"Simples";"Rotatória;Reta";"Não";1;0;0;1;0;0;1;1;-27,8218;-49,567032;"SPRF-SC";"DEL05-SC";"UOP01-DEL05-SC"
546576;2023-09-04;"segunda-feira";"15:20:00";"SC";470;126,4;"LONTRAS";"Desrespeitar a preferência no cruzamento";"Colisão transversal";"Com Vítimas Feridas";"Pleno dia";"Decrescente";"Chuva";"Simples";"Reta";"Sim";3;0;2;0;1;0;2;2;-27,13413162;-49,54042196;"SPRF-SC";"DEL04-SC";"UOP02-DEL04-SC"
546578;2023-09-04;"segunda-feira";"13:50:00";"RS";290;646;"URUGUAIANA";"Reação tardia ou ineficiente do condutor";"Saída de leito carroçável";"Com Vítimas Feridas";"Pleno dia";"Decrescente";"Chuva";"Simples";"Reta";"Não";3;0;2;0;1;0;2;1;-30,014561;-56,379185;"SPRF-RS";"DEL13-RS";"UOP02-DEL13-RS"
546579;2023-09-04;"segunda-feira";"14:00:00";"MG";381;477;"CONTAGEM";"Ingestão de álcool pelo condutor";"Colisão traseira";"Sem Vítimas";"Pleno dia";"Crescente";"Céu Claro";"Dupla";"Reta";"Sim";2;0;0;0;2;0;0;2;-19,96179268;-44,05041676;"SPRF-MG";"DEL01-MG";"UOP03-DEL01-MG"
546580;2023-01-23;"segunda-feira";"10:10:00";"RO";364;763;"PORTO VELHO";"Acessar a via sem observar a presença dos outros veículos";"Saída de leito carroçável";"Com Vítimas Feridas";"Pleno dia";"Decrescente";"Céu Claro";"Simples";"Aclive;Reta";"Não";2;0;1;0;0;1;1;2;-9,11536439;-64,11490778;"SPRF-RO";"DEL01-RO";"UOP02-DEL01-RO"
546581;2023-09-04;"segunda-feira";"16:00:00";"RJ";116;169;"RIO DE JANEIRO";"Manobra de mudança de faixa";"Queda de ocupante de veículo";"Com Vítimas Feridas";"Pleno dia";"Decrescente";"Céu Claro";"Múltipla";"Curva";"Sim";3;0;2;0;1;0;2;2;-22,816206;-43,324463;"SPRF-RJ";"DEL01-RJ";"UOP02-DEL01-RJ"
546583;2023-08-11;"sexta-feira";"10:20:00";"PR";369;156;"LONDRINA";"Manobra de mudança de faixa";"Colisão lateral mesmo sentido";"Com Vítimas Feridas";"Pleno dia";"Crescente";"Céu Claro";"Dupla";"Reta";"Sim";2;0;0;1;1;0;1;2;-23,29292809;-51,17027164;"SPRF-PR";"DEL07-PR";"UOP01-DEL07-PR"
546585;2023-08-30;"quarta-feira";"06:22:00";"MA";222;673;"ACAILANDIA";"Ausência de reação do condutor";"Colisão lateral sentido oposto";"Com Vítimas Feridas";"Amanhecer";"Decrescente";"Céu Claro";"Simples";"Reta";"Sim";2;0;0;2;0;0;2;2;-4,92960481;-47,44590111;"SPRF-MA";"DEL04-MA";"UOP03-DEL04-MA"
546586;2023-09-04;"segunda-feira";"16:20:00";"PE";428;187,9;"PETROLINA";"Desrespeitar a preferência no cruzamento";"Colisão lateral mesmo sentido";"Com Vítimas Feridas";"Pleno dia";"Decrescente";"Céu Claro";"Dupla";"Interseção de Vias;Rotatória";"Sim";2;0;1;0;0;1;1;2;-9,37197508;-40,48679585;"SPRF-PE";"DEL06-PE";"UOP01-DEL06-PE"
546587;2023-09-04;"segunda-feira";"16:15:00";"MG";40;570;"NOVA LIMA";"Condutor deixou de manter distância do veículo da frente";"Colisão traseira";"Com Vítimas Feridas";"Pleno dia";"Crescente";"Céu Claro";"Simples";"Reta";"Sim";6;0;5;0;1;0;5;2;-20,21287123;-43,97271395;"SPRF-MG";"DEL01-MG";"UOP02-DEL01-MG"
546589;2023-09-04;"segunda-feira";"15:00:00";"MG";381;501;"BETIM";"Demais falhas mecânicas ou elétricas";"Colisão lateral mesmo sentido";"Com Vítimas Feridas";"Pleno dia";"Crescente";"Céu Claro";"Dupla";"Reta";"Não";4;0;1;1;2;0;2;3;-20,00533624;-44,21398267;"SPRF-MG";"DEL04-MG";"UOP03-DEL04-MG"
546590;2023-09-04;"segunda-feira";"08:00:00";"RJ";101;318;"SAO GONCALO";"Ausência de reação do condutor";"Queda de ocupante de veículo";"Com Vítimas Feridas";"Pleno dia";"Crescente";"Céu Claro";"Dupla";"Reta";"Sim";1;0;1;0;0;0;1;1;-22,84562994;-43,09841211;"SPRF-RJ";"DEL02-RJ";"UOP02-DEL02-RJ"
546591;2023-09-04;"segunda-feira";"12:00:00";"MG";116;526,4;"CARATINGA";"Velocidade Incompatível";"Atropelamento de Pedestre";"Com Vítimas Feridas";"Pleno dia";"Crescente";"Nublado";"Dupla";"Reta";"Sim";2;0;0;1;1;0;1;2;-19,77654011;-42,13327989;"SPRF-MG";"DEL06-MG";"UOP02-DEL06-MG"
546593;2023-09-04;"segunda-feira";"14:36:00";"MG";116;804;"ALEM PARAIBA";"Trafegar com motocicleta (ou similar) entre as faixas";"Tombamento";"Com Vítimas Feridas";"Pleno dia";"Crescente";"Céu Claro";"Simples";"Reta";"Não";1;0;0;1;0;0;1;1;-21,79286161;-42,71488284;"SPRF-MG";"DEL07-MG";"UOP01-DEL07-MG"
546594;2023-09-04;"segunda-feira";"15:55:00";"RJ";101;297;"ITABORAI";"Avarias e/ou desgaste excessivo no pneu";"Colisão lateral mesmo sentido";"Com Vítimas Feridas";"Pleno dia";"Decrescente";"Nublado";"Simples";"Aclive;Reta";"Sim";3;0;2;0;1;0;2;2;-22,76942037;-42,91873581;"SPRF-RJ";"DEL02-RJ";"UOP02-DEL02-RJ"
546597;2023-09-04;"segunda-feira";"13:40:00";"MA";10;161;"PORTO FRANCO";"Ausência de reação do condutor";"Saída de leito carroçável";"Com Vítimas Feridas";"Pleno dia";"Decrescente";"Céu Claro";"Simples";"Reta";"Não";2;0;1;1;0;0;2;1;-6,311336;-47,366684;"SPRF-MA";"DEL04-MA";"UOP02-DEL04-MA"
546599;2023-09-04;"segunda-feira";"16:00:00";"RS";386;299,7;"POUSO NOVO";"Reação tardia ou ineficiente do condutor";"Colisão lateral mesmo sentido";"Sem Vítimas";"Pleno dia";"Decrescente";"Chuva";"Simples";"Curva";"Não";3;0;0;0;3;0;0;2;-29,155434;-52,229389;"SPRF-RS";"DEL04-RS";"UOP01-DEL04-RS"
546600;2023-09-04;"segunda-feira";"17:30:00";"PB";230;160;"CAMPINA GRANDE";"Acessar a via sem observar a presença dos outros veículos";"Colisão transversal";"Com Vítimas Feridas";"Anoitecer";"Crescente";"Céu Claro";"Simples";"Interseção de Vias";"Sim";3;0;0;1;2;0;1;2;-7,2436;-35,9375;"SPRF-PB";"DEL02-PB";"UOP01-DEL02-PB"
546601;2023-09-04;"segunda-feira";"17:10:00";"ES";262;144;"MUNIZ FREIRE";"Demais falhas mecânicas ou elétricas";"Incêndio";"Sem Vítimas";"Pleno dia";"Crescente";"Céu Claro";"Simples";"Reta";"Não";1;0;0;0;1;0;0;1;-20,23880893;-41,40054411;"SPRF-ES";"DEL01-ES";"UOP02-DEL01-ES"
546604;2023-09-04;"segunda-feira";"18:12:00";"TO";153;144;"ARAGUAINA";"Ausência de reação do condutor";"Queda de ocupante de veículo";"Com Vítimas Feridas";"Anoitecer";"Decrescente";"Céu Claro";"Dupla";"Rotatória";"Sim";1;0;1;0;0;0;1;1;-7,19662811;-48,23636977;"SPRF-TO";"DEL02-TO";"UOP01-DEL02-TO"
546605;2023-09-04;"segunda-feira";"18:30:00";"SP";116;210;"GUARULHOS";"Reação tardia ou ineficiente do condutor";"Engavetamento";"Com Vítimas Feridas";"Plena Noite";"Decrescente";"Nublado";"Múltipla";"Aclive";"Sim";7;0;1;0;6;0;1;4;-23,42870023;-46,41085991;"SPRF-SP";"DEL01-SP";"UOP01-DEL01-SP"
546607;2023-09-04;"segunda-feira";"19:00:00";"ES";101;275;"SERRA";"Ausência de reação do condutor";"Colisão lateral mesmo sentido";"Com Vítimas Feridas";"Plena Noite";"Crescente";"Nublado";"Dupla";"Reta";"Sim";3;0;2;0;1;0;2;2;-20,20828089;-40,30388897;"SPRF-ES";"DEL02-ES";"UOP01-DEL02-ES"
546608;2023-09-04;"segunda-feira";"18:00:00";"BA";116;821;"VITORIA DA CONQUISTA";"Iluminação deficiente";"Colisão traseira";"Com Vítimas Feridas";"Anoitecer";"Crescente";"Céu Claro";"Simples";"Declive;Reta";"Sim";3;0;3;0;0;0;3;3;-14,836971;-40,841811;"SPRF-BA";"DEL08-BA";"UOP01-DEL08-BA"
546609;2023-09-04;"segunda-feira";"18:30:00";"ES";101;67;"SAO MATEUS";"Acessar a via sem observar a presença dos outros veículos";"Colisão transversal";"Com Vítimas Feridas";"Plena Noite";"Decrescente";"Céu Claro";"Dupla";"Interseção de Vias";"Sim";3;0;3;0;0;0;3;2;-18,72054021;-39,8658931;"SPRF-ES";"DEL04-ES";"UOP02-DEL04-ES"
546610;2023-09-04;"segunda-feira";"18:45:00";"PR";116;152;"MANDIRITUBA";"Acessar a via sem observar a presença dos outros veículos";"Colisão transversal";"Com Vítimas Feridas";"Plena Noite";"Decrescente";"Nublado";"Dupla";"Reta";"Não";3;0;1;0;2;0;1;2;-25,862043;-49,361898;"SPRF-PR";"DEL01-PR";"UOP03-DEL01-PR"
546611;2023-09-04;"segunda-feira";"18:40:00";"PR";153;333,4;"IRATI";"Entrada inopinada do pedestre";"Atropelamento de Pedestre";"Com Vítimas Feridas";"Plena Noite";"Decrescente";"Chuva";"Simples";"Reta;Interseção de Vias";"Sim";2;0;1;0;1;0;1;2;-25,47271703;-50,63775197;"SPRF-PR";"DEL08-PR";"UOP02-DEL08-PR"
546613;2023-09-04;"segunda-feira";"02:30:00";"MG";381;231,5;"BELO ORIENTE";"Condutor Dormindo";"Saída de leito carroçável";"Com Vítimas Feridas";"Amanhecer";"Decrescente";"Céu Claro";"Simples";"Aclive;Reta";"Não";1;0;1;0;0;0;1;1;-19,3292867;-42,4199295;"SPRF-MG";"DEL06-MG";"UOP01-DEL06-MG"
546614;2023-09-04;"segunda-feira";"18:50:00";"MG";381;843,6;"SAO SEBASTIAO DA BELA VISTA";"Reação tardia ou ineficiente do condutor";"Colisão com objeto";"Com Vítimas Feridas";"Anoitecer";"Decrescente";"Nublado";"Dupla";"Curva;Retorno Regulamentado";"Não";5;0;1;0;4;0;1;1;-22,22245372;-45,87389143;"SPRF-MG";"DEL16-MG";"UOP01-DEL16-MG"
546617;2023-09-04;"segunda-feira";"19:25:00";"BA";324;625;"SALVADOR";"Reação tardia ou ineficiente do condutor";"Tombamento";"Com Vítimas Feridas";"Plena Noite";"Crescente";"Céu Claro";"Dupla";"Reta";"Sim";1;0;1;0;0;0;1;1;-12,94194706;-38,47081224;"SPRF-BA";"DEL01-BA";"UOP01-DEL01-BA"
546618;2023-09-04;"segunda-feira";"17:50:00";"PR";277;248;"IRATI";"Manobra de mudança de faixa";"Colisão transversal";"Com Vítimas Feridas";"Anoitecer";"Decrescente";"Chuva";"Simples";"Declive;Reta";"Não";2;0;1;0;1;0;1;2;-25,44066153;-50,70942548;"SPRF-PR";"DEL08-PR";"UOP02-DEL08-PR"
546622;2023-09-04;"segunda-feira";"19:45:00";"SC";101;213;"PALHOCA";"Chuva";"Queda de ocupante de veículo";"Com Vítimas Feridas";"Plena Noite";"Crescente";"Chuva";"Simples";"Reta";"Sim";4;0;1;0;1;2;1;3;-27,63697369;-48,66514142;"SPRF-SC";"DEL01-SC";"UOP02-DEL01-SC"
546624;2023-09-04;"segunda-feira";"18:10:00";"RJ";40;111;"DUQUE DE CAXIAS";"Reação tardia ou ineficiente do condutor";"Engavetamento";"Com Vítimas Feridas";"Anoitecer";"Decrescente";"Céu Claro";"Múltipla";"Aclive;Reta";"Não";4;0;1;0;3;0;1;4;-22,691868;-43,287453;"SPRF-RJ";"DEL01-RJ";"UOP01-DEL01-RJ"
546626;2023-09-04;"segunda-feira";"18:30:00";"MG";40;616,9;"CONGONHAS";"Pedestre cruzava a pista fora da faixa";"Atropelamento de Pedestre";"Com Vítimas Fatais";"Plena Noite";"Crescente";"Céu Claro";"Simples";"Reta";"Não";3;1;0;0;0;2;0;3;-20,557662;-43,813973;"SPRF-MG";"DEL05-MG";"UOP02-DEL05-MG"
546627;2023-09-04;"segunda-feira";"18:40:00";"SC";280;66;"JARAGUA DO SUL";"Transitar na contramão";"Colisão frontal";"Com Vítimas Feridas";"Plena Noite";"Crescente";"Chuva";"Simples";"Interseção de Vias;Reta";"Sim";2;0;1;0;1;0;1;2;-26,47606607;-49,09568797;"SPRF-SC";"DEL03-SC";"UOP03-DEL03-SC"
546629;2023-09-04;"segunda-feira";"19:33:00";"MG";40;276;"TRES MARIAS";"Acessar a via sem observar a presença dos outros veículos";"Colisão transversal";"Com Vítimas Feridas";"Plena Noite";"Crescente";"Céu Claro";"Simples";"Aclive";"Sim";2;0;0;1;1;0;1;2;-18,20959108;-45,22790194;"SPRF-MG";"DEL14-MG";"UOP02-DEL14-MG"
546630;2023-09-04;"segunda-feira";"17:39:00";"RO";364;338,8;"JI-PARANA";"Retorno proibido";"Colisão lateral mesmo sentido";"Com Vítimas Feridas";"Pleno dia";"Decrescente";"Céu Claro";"Dupla";"Reta";"Sim";2;0;1;0;1;0;1;2;-10,91683399;-61,9298606;"SPRF-RO";"DEL02-RO";"UOP01-DEL02-RO"
546631;2023-09-04;"segunda-feira";"19:30:00";"RJ";493;6;"ITABORAI";"Iluminação deficiente";"Queda de ocupante de veículo";"Com Vítimas Feridas";"Plena Noite";"Decrescente";"Céu Claro";"Dupla";"Reta";"Não";2;0;1;0;1;0;1;1;-22,73124198;-42,95145305;"SPRF-RJ";"DEL02-RJ";"UOP02-DEL02-RJ"
546632;2023-09-04;"segunda-feira";"20:30:00";"PR";369;168;"ROLANDIA";"Ingestão de álcool pelo condutor";"Tombamento";"Com Vítimas Feridas";"Plena Noite";"Crescente";"Vento";"Dupla";"Reta";"Sim";1;0;1;0;0;0;1;1;-23,29928694;-51,32455766;"SPRF-PR";"DEL07-PR";"UOP01-DEL07-PR"
546633;2023-09-04;"segunda-feira";"20:50:00";"CE";116;11;"FORTALEZA";"Demais falhas mecânicas ou elétricas";"Colisão traseira";"Com Vítimas Feridas";"Plena Noite";"Crescente";"Céu Claro";"Dupla";"Reta";"Sim";3;0;1;0;2;0;1;2;-3,84394724;-38,49891546;"SPRF-CE";"DEL01-CE";"UOP02-DEL01-CE"
546634;2023-09-04;"segunda-feira";"20:10:00";"SC";101;173,8;"GOVERNADOR CELSO RAMOS";"Acumulo de água sobre o pavimento";"Saída de leito carroçável";"Com Vítimas Feridas";"Plena Noite";"Crescente";"Chuva";"Dupla";"Reta";"Não";1;0;1;0;0;0;1;1;-27,32203197;-48,62757785;"SPRF-SC";"DEL01-SC";"UOP01-DEL01-SC"
546636;2023-09-04;"segunda-feira";"21:10:00";"SE";235;59,1;"ITABAIANA";"Transitar na contramão";"Colisão frontal";"Com Vítimas Feridas";"Plena Noite";"Crescente";"Nublado";"Simples";"Curva";"Não";2;0;0;1;0;1;1;2;-10,63273;-37,45686;"SPRF-SE";"DEL01-SE";"UOP02-DEL01-SE"
546637;2023-09-04;"segunda-feira";"21:00:00";"SP";116;214;"GUARULHOS";"Reação tardia ou ineficiente do condutor";"Colisão traseira";"Com Vítimas Feridas";"Plena Noite";"Crescente";"Céu Claro";"Múltipla";"Reta";"Sim";2;0;1;0;1;0;1;2;-23,44333014;-46,44531294;"SPRF-SP";"DEL01-SP";"UOP01-DEL01-SP"