"id";"data_inversa";"dia_semana";"horario";"uf";"br";"km";"municipio";"causa_acidente";"tipo_acidente";"classificacao_acidente";"fase_dia";"sentido_via";"condicao_metereologica";"tipo_pista";"tracado_via";"uso_solo";"pessoas";"mortos";"feridos_leves";"feridos_graves";"ilesos";"ignorados";"feridos";"veiculos";"latitude";"longitude";"regional";"delegacia";"uop"
546891;2023-09-06;"quarta-feira";"08:10:00";"AL";424;105;"MARECHAL DEODORO";"Pista Escorregadia";"Colisão com objeto";"Sem Vítimas";"Pleno dia";"Decrescente";"Nublado";"Simples";"Curva";"Não";1;0;0;0;1;0;0;1;-9,68581717;-35,82572614;"SPRF-AL";"DEL02-AL";"UOP01-DEL02-AL"
546893;2023-09-06;"quarta-feira";"08:27:00";"PA";316;61,5;"CASTANHAL";"Condutor desrespeitou a iluminação vermelha do semáforo";"Colisão transversal";"Com Vítimas Feridas";"Pleno dia";"Crescente";"Céu Claro";"Dupla";"Interseção de Vias";"Sim";2;0;0;1;1;0;1;2;-1,297798;-47,942305;"SPRF-PA";"DEL01-PA";"UOP01-DEL01-PA"
546895;2023-09-06;"quarta-feira";"08:30:00";"GO";414;377,9;"COCALZINHO DE GOIAS";"Velocidade Incompatível";"Colisão lateral sentido oposto";"Sem Vítimas";"Pleno dia";"Decrescente";"Céu Claro";"Simples";"Curva";"Não";4;0;0;0;4;0;0;2;-15,80931;-48,78236;"SPRF-GO";"DEL02-GO";"UOP01-DEL02-GO"
546896;2023-09-06;"quarta-feira";"08:55:00";"PR";277;83;"CURITIBA";"Trafegar com motocicleta (ou similar) entre as faixas";"Colisão traseira";"Com Vítimas Feridas";"Pleno dia";"Crescente";"Garoa/Chuvisco";"Dupla";"Reta";"Sim";3;0;2;0;1;0;2;3;-25,446447;-49,23088;"SPRF-PR";"DEL01-PR";"UOP01-DEL01-PR"
546897;2023-09-06;"quarta-feira";"08:50:00";"SP";116;273;"TABOAO DA SERRA";"Trafegar com motocicleta (ou similar) entre as faixas";"Queda de ocupante de veículo";"Com Vítimas Feridas";"Pleno dia";"Decrescente";"Nublado";"Dupla";"Reta";"Sim";1;0;1;0;0;0;1;1;-23,62809795;-46,81870306;"SPRF-SP";"DEL04-SP";"UOP01-DEL04-SP"
546898;2023-09-06;"quarta-feira";"10:00:00";"CE";222;4,9;"CAUCAIA";"Pedestre cruzava a pista fora da faixa";"Atropelamento de Pedestre";"Com Vítimas Feridas";"Pleno dia";"Crescente";"Céu Claro";"Múltipla";"Reta";"Sim";2;0;2;0;0;0;2;2;-3,74164754;-38,60449792;"SPRF-CE";"DEL01-CE";"UOP01-DEL01-CE"
546899;2023-09-06;"quarta-feira";"08:02:00";"AC";364;132;"RIO BRANCO";"Acessar a via sem observar a presença dos outros veículos";"Queda de ocupante de veículo";"Com Vítimas Feridas";"Pleno dia";"Crescente";"Sol";"Dupla";"Rotatória";"Sim";1;0;1;0;0;0;1;1;-10,00671373;-67,84837604;"SPRF-AC";"DEL01-AC";"UOP01-DEL01-AC"
546902;2023-06-26;"segunda-feira";"19:15:00";"CE";116;40;"HORIZONTE";"Acessar a via sem observar a presença dos outros veículos";"Colisão transversal";"Com Vítimas Feridas";"Plena Noite";"Crescente";"Céu Claro";"Dupla";"Retorno Regulamentado";"Sim";6;0;5;1;0;0;6;2;-4,09496999;-38,50351984;"SPRF-CE";"DEL01-CE";"UOP02-DEL01-CE"
546904;2023-09-06;"quarta-feira";"11:20:00";"PB";230;23,5;"JOAO PESSOA";"Avarias e/ou desgaste excessivo no pneu";"Tombamento";"Com Vítimas Feridas";"Pleno dia";"Crescente";"Céu Claro";"Múltipla";"Viaduto;Curva";"Sim";1;0;1;0;0;0;1;1;-7,1646504;-34,86251593;"SPRF-PB";"DEL01-PB";"UOP01-DEL01-PB"
546905;2023-09-06;"quarta-feira";"10:50:00";"CE";116;62;"CHOROZINHO";"Ingestão de álcool pelo condutor";"Colisão transversal";"Sem Vítimas";"Pleno dia";"Decrescente";"Céu Claro";"Simples";"Interseção de Vias";"Sim";2;0;0;0;2;0;0;2;-4,29300507;-38,49816442;"SPRF-CE";"DEL03-CE";"UOP02-DEL03-CE"
546908;2023-09-06;"quarta-feira";"11:40:00";"SC";101;209;"SAO JOSE";"Ausência de reação do condutor";"Colisão traseira";"Com Vítimas Feridas";"Pleno dia";"Decrescente";"Nublado";"Múltipla";"Reta";"Sim";2;0;1;0;1;0;1;2;-27,61000542;-48,63895057;"SPRF-SC";"DEL01-SC";"UOP01-DEL01-SC"
546909;2023-09-06;"quarta-feira";"11:50:00";"ES";101;267,1;"SERRA";"Condutor deixou de manter distância do veículo da frente";"Colisão traseira";"Com Vítimas Feridas";"Pleno dia";"Crescente";"Chuva";"Múltipla";"Reta";"Sim";2;0;0;1;1;0;1;2;-20,19930999;-40,26884609;"SPRF-ES";"DEL02-ES";"UOP01-DEL02-ES"
546910;2023-09-06;"quarta-feira";"11:20:00";"ES";101;145;"LINHARES";"Ingestão de álcool pelo condutor";"Colisão traseira";"Com Vítimas Feridas";"Pleno dia";"Decrescente";"Chuva";"Dupla";"Reta";"Sim";2;0;1;0;1;0;1;2;-19,36089598;-40,06464018;"SPRF-ES";"DEL04-ES";"UOP01-DEL04-ES"
546913;2023-09-06;"quarta-feira";"08:01:00";"PR";476;1,5;"ADRIANOPOLIS";"Conversão proibida";"Colisão transversal";"Com Vítimas Feridas";"Pleno dia";"Crescente";"Céu Claro";"Simples";"Reta;Interseção de Vias";"Sim";3;0;1;0;2;0;1;2;-24,65971;-48,99048;"SPRF-PR";"DEL01-PR";"UOP01-DEL01-PR"
546915;2023-09-06;"quarta-feira";"10:50:00";"RJ";101;206;"CASIMIRO DE ABREU";"Ultrapassagem Indevida";"Colisão transversal";"Com Vítimas Feridas";"Pleno dia";"Decrescente";"Chuva";"Simples";"Reta";"Não";2;0;1;0;1;0;1;2;-22,47673341;-42,2017251;"SPRF-RJ";"DEL08-RJ";"UOP04-DEL08-RJ"
546916;2023-09-06;"quarta-feira";"11:37:00";"PB";230;16,6;"JOAO PESSOA";"Condutor deixou de manter distância do veículo da frente";"Engavetamento";"Sem Vítimas";"Pleno dia";"Crescente";"Céu Claro";"Dupla";"Reta";"Sim";4;0;0;0;4;0;0;3;-7,11196871;-34,84261036;"SPRF-PB";"DEL01-PB";"UOP01-DEL01-PB"
546917;2023-09-06;"quarta-feira";"12:25:00";"PR";153;41,8;"SANTO ANTONIO DA PLATINA";"Pedestre cruzava a pista fora da faixa";"Atropelamento de Pedestre";"Com Vítimas Feridas";"Pleno dia";"Crescente";"Céu Claro";"Simples";"Reta";"Sim";3;0;0;1;2;0;1;2;-23,287931;-50,059216;"SPRF-PR";"DEL07-PR";"UOP04-DEL07-PR"
546918;2023-09-06;"quarta-feira";"13:00:00";"SP";116;222;"GUARULHOS";"Condutor deixou de manter distância do veículo da frente";"Colisão frontal";"Com Vítimas Feridas";"Pleno dia";"Crescente";"Garoa/Chuvisco";"Dupla";"Reta";"Sim";2;0;1;0;1;0;1;2;-23,47093408;-46,51631097;"SPRF-SP";"DEL01-SP";"UOP01-DEL01-SP"
546920;2023-09-06;"quarta-feira";"12:30:00";"SC";101;154,1;"PORTO BELO";"Demais falhas mecânicas ou elétricas";"Incêndio";"Sem Vítimas";"Pleno dia";"Crescente";"Nublado";"Dupla";"Reta";"Não";1;0;0;0;1;0;0;1;-27,153819;-48,61086393;"SPRF-SC";"DEL04-SC";"UOP03-DEL04-SC"
546921;2023-09-06;"quarta-feira";"12:50:00";"PR";376;163,5;"MARINGA";"Ingestão de álcool pelo condutor";"Colisão com objeto";"Com Vítimas Fatais";"Pleno dia";"Decrescente";"Céu Claro";"Dupla";"Declive;Reta";"Não";2;1;0;0;0;1;0;2;-23,38150629;-52,03480212;"SPRF-PR";"DEL09-PR";"UOP01-DEL09-PR"
546922;2023-08-11;"sexta-feira";"13:56:00";"DF";251;41;"BRASILIA";"Demais falhas mecânicas ou elétricas";"Incêndio";"Sem Vítimas";"Pleno dia";"Decrescente";"Céu Claro";"Simples";"Aclive;Reta";"Não";1;0;0;0;1;0;0;1;-15,939383;-47,804717;"SPRF-DF";"DEL01-DF";"UOP01-DEL01-DF"
546924;2023-09-06;"quarta-feira";"12:05:00";"SC";470;176,9;"POUSO REDONDO";"Desrespeitar a preferência no cruzamento";"Colisão transversal";"Com Vítimas Feridas";"Pleno dia";"Crescente";"Nublado";"Simples";"Rotatória";"Não";2;0;1;0;1;0;1;2;-27,25069997;-49,95970488;"SPRF-SC";"DEL04-SC";"UOP02-DEL04-SC"
546926;2023-09-06;"quarta-feira";"12:40:00";"PR";116;22;"CAMPINA GRANDE DO SUL";"Velocidade Incompatível";"Saída de leito carroçável";"Sem Vítimas";"Pleno dia";"Crescente";"Chuva";"Dupla";"Reta";"Não";1;0;0;0;1;0;0;1;-25,10922624;-48,74659689;"SPRF-PR";"DEL01-PR";"UOP02-DEL01-PR"
546928;2023-08-27;"domingo";"02:00:00";"BA";407;101;"JAGUARARI";"Ingestão de álcool pelo condutor";"Colisão traseira";"Com Vítimas Feridas";"Plena Noite";"Decrescente";"Céu Claro";"Simples";"Reta";"Não";2;0;0;1;1;0;1;2;-10,24363321;-40,19909237;"SPRF-BA";"DEL04-BA";"UOP01-DEL04-BA"
546929;2023-09-06;"quarta-feira";"10:30:00";"BA";367;32;"PORTO SEGURO";"Demais falhas mecânicas ou elétricas";"Incêndio";"Sem Vítimas";"Pleno dia";"Crescente";"Céu Claro";"Simples";"Reta";"Não";1;0;0;0;1;0;0;1;-16,42202306;-39,14457302;"SPRF-BA";"DEL09-BA";"UOP03-DEL09-BA"
546930;2023-09-06;"quarta-feira";"11:50:00";"MG";116;539,8;"SANTA RITA DE MINAS";"Acessar a via sem observar a presença dos outros veículos";"Colisão transversal";"Com Vítimas Feridas";"Pleno dia";"Decrescente";"Céu Claro";"Simples";"Curva";"Não";4;0;2;0;2;0;2;2;-19,85682107;-42,13977814;"SPRF-MG";"DEL06-MG";"UOP02-DEL06-MG"
546931;2023-09-06;"quarta-feira";"14:00:00";"RJ";116;6;"SAPUCAIA";"Transitar na contramão";"Colisão frontal";"Com Vítimas Fatais";"Pleno dia";"Decrescente";"Nublado";"Simples";"Curva";"Não";3;1;0;0;2;0;0;2;-21,909874;-42,691774;"SPRF-RJ";"DEL05-RJ";"UOP01-DEL05-RJ"
546932;2023-05-17;"quarta-feira";"10:58:00";"RS";116;241,9;"SAO LEOPOLDO";"Demais falhas mecânicas ou elétricas";"Queda de ocupante de veículo";"Com Vítimas Feridas";"Pleno dia";"Crescente";"Sol";"Dupla";"Reta";"Sim";1;0;1;0;0;0;1;1;-29,71697014;-51,14819169;"SPRF-RS";"DEL01-RS";"UOP02-DEL01-RS"
546933;2023-09-06;"quarta-feira";"14:25:00";"BA";324;1;"FEIRA DE SANTANA";"Trafegar com motocicleta (ou similar) entre as faixas";"Colisão lateral mesmo sentido";"Com Vítimas Feridas";"Pleno dia";"Crescente";"Chuva";"Simples";"Interseção de Vias";"Sim";2;0;1;0;1;0;1;2;-12,267113;-38,966988;"SPRF-BA";"DEL02-BA";"UOP01-DEL02-BA"
546934;2023-09-06;"quarta-feira";"14:15:00";"RS";290;108;"ELDORADO DO SUL";"Ausência de reação do condutor";"Colisão traseira";"Com Vítimas Feridas";"Pleno dia";"Decrescente";"Céu Claro";"Dupla";"Reta";"Não";3;0;0;1;2;0;1;2;-30,006546;-51,312927;"SPRF-RS";"DEL02-RS";"UOP01-DEL02-RS"
546935;2023-09-06;"quarta-feira";"14:20:00";"SC";101;208,7;"SAO JOSE";"Ausência de reação do condutor";"Colisão lateral mesmo sentido";"Com Vítimas Feridas";"Pleno dia";"Decrescente";"Nublado";"Dupla";"Reta";"Não";2;0;1;0;1;0;1;2;-27,60327979;-48,63201818;"SPRF-SC";"DEL01-SC";"UOP01-DEL01-SC"
546937;2023-09-06;"quarta-feira";"17:00:00";"MG";381;484;"BETIM";"Ausência de reação do condutor";"Colisão traseira";"Com Vítimas Feridas";"Pleno dia";"Crescente";"Céu Claro";"Múltipla";"Reta";"Não";3;0;1;0;2;0;1;2;-19,95531717;-44,11722196;"SPRF-MG";"DEL01-MG";"UOP03-DEL01-MG"
546938;2023-09-06;"quarta-feira";"10:40:00";"SP";116;499;"CAJATI";"Reação tardia ou ineficiente do condutor";"Queda de ocupante de veículo";"Com Vítimas Feridas";"Pleno dia";"Crescente";"Chuva";"Dupla";"Curva";"Não";2;0;2;0;0;0;2;1;-24,78228753;-48,17695233;"SPRF-SP";"DEL05-SP";"UOP02-DEL05-SP"
546939;2023-09-06;"quarta-feira";"14:20:00";"ES";101;226;"FUNDAO";"Manobra de mudança de faixa";"Colisão frontal";"Com Vítimas Feridas";"Pleno dia";"Decrescente";"Céu Claro";"Simples";"Reta";"Não";5;0;3;0;2;0;3;5;-19,90890954;-40,40679932;"SPRF-ES";"DEL02-ES";"UOP01-DEL02-ES"
546940;2023-09-06;"quarta-feira";"11:30:00";"SP";116;538;"BARRA DO TURVO";"Reação tardia ou ineficiente do condutor";"Colisão com objeto";"Com Vítimas Feridas";"Pleno dia";"Crescente";"Garoa/Chuvisco";"Dupla";"Curva";"Não";2;0;2;0;0;0;2;1;-24,97172153;-48,37309592;"SPRF-SP";"DEL05-SP";"UOP02-DEL05-SP"
546941;2023-09-06;"quarta-feira";"14:00:00";"PR";487;173,7;"CAMPO MOURAO";"Acessar a via sem observar a presença dos outros veículos";"Colisão transversal";"Com Vítimas Feridas";"Pleno dia";"Crescente";"Sol";"Simples";"Declive;Reta;Retorno Regulamentado";"Não";6;0;3;0;3;0;3;2;-24,026639;-52,43448;"SPRF-PR";"DEL09-PR";"UOP03-DEL09-PR"
546944;2023-09-06;"quarta-feira";"13:35:00";"PR";116;55;"CAMPINA GRANDE DO SUL";"Chuva";"Colisão com objeto";"Com Vítimas Feridas";"Pleno dia";"Decrescente";"Chuva";"Dupla";"Curva";"Não";4;0;4;0;0;0;4;1;-25,27333381;-48,92168126;"SPRF-PR";"DEL01-PR";"UOP02-DEL01-PR"
546945;2023-08-29;"terça-feira";"05:00:00";"RJ";101;319;"NITEROI";"Condutor deixou de manter distância do veículo da frente";"Colisão com objeto";"Com Vítimas Feridas";"Plena Noite";"Crescente";"Garoa/Chuvisco";"Simples";"Reta";"Sim";2;0;0;1;1;0;1;2;-22,859118;-43,10159;"SPRF-RJ";"DEL02-RJ";"UOP02-DEL02-RJ"
546946;2023-08-21;"segunda-feira";"19:00:00";"MG";116;299;"ITAMBACURI";"Demais Fenômenos da natureza";"Eventos atípicos";"Sem Vítimas";"Plena Noite";"Crescente";"Granizo";"Simples";"Curva";"Não";1;0;0;0;1;0;0;1;-18,01255032;-41,6076398;"SPRF-MG";"DEL11-MG";"UOP01-DEL11-MG"
546947;2023-09-06;"quarta-feira";"14:24:00";"MG";116;528,8;"CARATINGA";"Transitar na contramão";"Colisão transversal";"Com Vítimas Feridas";"Pleno dia";"Crescente";"Nublado";"Simples";"Reta";"Sim";2;0;1;0;1;0;1;2;-19,794033;-42,13731414;"SPRF-MG";"DEL06-MG";"UOP02-DEL06-MG"
546948;2023-09-06;"quarta-feira";"15:00:00";"RJ";465;18;"NOVA IGUACU";"Estacionar ou parar em local proibido";"Colisão lateral mesmo sentido";"Com Vítimas Feridas";"Pleno dia";"Decrescente";"Nublado";"Simples";"Reta";"Sim";3;0;1;0;2;0;1;2;-22,831354;-43,615128;"SPRF-RJ";"DEL03-RJ";"UOP01-DEL03-RJ"
546950;2023-09-06;"quarta-feira";"15:30:00";"CE";222;36,2;"CAUCAIA";"Condutor deixou de manter distância do veículo da frente";"Colisão traseira";"Com Vítimas Feridas";"Pleno dia";"Crescente";"Céu Claro";"Simples";"Reta;Aclive";"Não";5;0;2;0;3;0;2;3;-3,69766843;-38,87312982;"SPRF-CE";"DEL01-CE";"UOP01-DEL01-CE"
546951;2023-09-06;"quarta-feira";"16:30:00";"RS";116;248;"SAO LEOPOLDO";"Condutor deixou de manter distância do veículo da frente";"Colisão traseira";"Com Vítimas Feridas";"Pleno dia";"Decrescente";"Sol";"Dupla";"Viaduto";"Sim";2;0;1;0;1;0;1;2;-29,77605895;-51,15508618;"SPRF-RS";"DEL01-RS";"UOP02-DEL01-RS"
546952;2023-09-01;"sexta-feira";"08:00:00";"PI";135;351;"BOM JESUS";"Acessar a via sem observar a presença dos outros veículos";"Colisão lateral mesmo sentido";"Com Vítimas Feridas";"Pleno dia";"Decrescente";"Sol";"Dupla";"Interseção de Vias;Aclive;Reta";"Sim";3;0;2;0;1;0;2;2;-9,075483;-44,356113;"SPRF-PI";"DEL03-PI";"UOP02-DEL03-PI"
546954;2023-09-06;"quarta-feira";"11:30:00";"PB";104;89,5;"REMIGIO";"Acessar a via sem observar a presença dos outros veículos";"Colisão transversal";"Com Vítimas Fatais";"Pleno dia";"Crescente";"Sol";"Simples";"Reta;Declive";"Sim";2;1;0;0;1;0;0;2;-6,9732572;-35,80905795;"SPRF-PB";"DEL02-PB";"UOP04-DEL02-PB"
546957;2023-09-06;"quarta-feira";"15:35:00";"SC";101;136,3;"BALNEARIO CAMBORIU";"Reação tardia ou ineficiente do condutor";"Tombamento";"Com Vítimas Feridas";"Pleno dia";"Crescente";"Céu Claro";"Dupla";"Reta";"Não";1;0;1;0;0;0;1;1;-27,008113;-48,617245;"SPRF-SC";"DEL04-SC";"UOP03-DEL04-SC"
546958;2023-09-06;"quarta-feira";"16:00:00";"BA";418;87;"NOVA VICOSA";"Conversão proibida";"Colisão transversal";"Com Vítimas Feridas";"Pleno dia";"Crescente";"Nublado";"Simples";"Reta";"Sim";2;0;1;0;1;0;1;2;-17,892078;-39,81627;"SPRF-BA";"DEL09-BA";"UOP02-DEL09-BA"
546959;2023-09-06;"quarta-feira";"16:40:00";"MS";463;107;"PONTA PORA";"Ausência de reação do condutor";"Tombamento";"Com Vítimas Feridas";"Pleno dia";"Crescente";"Céu Claro";"Simples";"Reta";"Sim";1;0;1;0;0;0;1;1;-22,59094101;-55,67301101;"SPRF-MS";"DEL04-MS";"UOP03-DEL04-MS"
546961;2023-09-06;"quarta-feira";"17:00:00";"PB";230;312;"SAO MAMEDE";"Animais na Pista";"Atropelamento de Animal";"Com Vítimas Feridas";"Anoitecer";"Crescente";"Céu Claro";"Simples";"Curva";"Sim";1;0;1;0;0;0;1;1;-6,9321;-37,0867;"SPRF-PB";"DEL03-PB";"UOP01-DEL03-PB"
546962;2023-09-06;"quarta-feira";"16:00:00";"PE";101;48,9;"IGARASSU";"Transitar na contramão";"Colisão frontal";"Com Vítimas Feridas";"Pleno dia";"Crescente";"Céu Claro";"Múltipla";"Reta";"Sim";2;0;0;1;1;0;1;2;-7,89174705;-34,9033493;"SPRF-PE";"DEL01-PE";"UOP02-DEL01-PE"
546965;2023-09-06;"quarta-feira";"17:59:00";"ES";101;145;"LINHARES";"Condutor deixou de manter distância do veículo da frente";"Colisão traseira";"Com Vítimas Feridas";"Anoitecer";"Decrescente";"Garoa/Chuvisco";"Dupla";"Reta";"Sim";2;0;1;0;1;0;1;2;-19,36089598;-40,06464018;"SPRF-ES";"DEL04-ES";"UOP01-DEL04-ES"
546967;2023-09-06;"quarta-feira";"17:30:00";"BA";116;427;"FEIRA DE SANTANA";"Reação tardia ou ineficiente do condutor";"Colisão traseira";"Com Vítimas Feridas";"Plena Noite";"Crescente";"Chuva";"Dupla";"Aclive";"Sim";2;0;0;1;1;0;1;2;-12,25241793;-38,98887036;"SPRF-BA";"DEL02-BA";"UOP01-DEL02-BA"
546968;2023-09-06;"quarta-feira";"17:15:00";"RJ";393;298;"BARRA MANSA";"Ausência de reação do condutor";"Colisão frontal";"Com Vítimas Feridas";"Anoitecer";"Decrescente";"Nublado";"Simples";"Reta;Retorno Regulamentado";"Sim";2;0;1;0;1;0;1;2;-22,54313289;-44,11298586;"SPRF-RJ";"DEL07-RJ";"UOP02-DEL07-RJ"
546969;2023-09-06;"quarta-feira";"15:20:00";"PI";230;308;"FLORIANO";"Acessar a via sem observar a presença dos outros veículos";"Colisão transversal";"Com Vítimas Feridas";"Pleno dia";"Decrescente";"Céu Claro";"Simples";"Curva";"Sim";2;0;1;0;1;0;1;2;-6,78159309;-43,00121707;"SPRF-PI";"DEL03-PI";"UOP01-DEL03-PI"
546971;2023-09-06;"quarta-feira";"17:59:00";"ES";101;238;"FUNDAO";"Condutor deixou de manter distância do veículo da frente";"Colisão traseira";"Sem Vítimas";"Plena Noite";"Decrescente";"Nublado";"Simples";"Reta";"Não";2;0;0;0;1;1;0;2;-20,00196;-40,41321;"SPRF-ES";"DEL02-ES";"UOP01-DEL02-ES"
546973;2023-09-06;"quarta-feira";"18:05:00";"AL";104;32,8;"UNIAO DOS PALMARES";"Pedestre andava na pista";"Atropelamento de Pedestre";"Com Vítimas Feridas";"Anoitecer";"Decrescente";"Nublado";"Simples";"Curva";"Não";2;0;0;1;1;0;1;2;-9,16859247;-36,02287647;"SPRF-AL";"DEL01-AL";"UOP02-DEL01-AL"
546975;2023-09-06;"quarta-feira";"18:15:00";"SP";153;75;"BADY BASSITT";"Acumulo de óleo sobre o pavimento";"Tombamento";"Com Vítimas Feridas";"Anoitecer";"Crescente";"Céu Claro";"Simples";"Rotatória";"Sim";1;0;1;0;0;0;1;1;-20,89418221;-49,43387582;"SPRF-SP";"DEL09-SP";"UOP01-DEL09-SP"
546976;2023-09-06;"quarta-feira";"17:50:00";"PE";428;189,8;"PETROLINA";"Conversão proibida";"Colisão transversal";"Com Vítimas Feridas";"Anoitecer";"Crescente";"Céu Claro";"Múltipla";"Interseção de Vias";"Sim";4;0;3;0;1;0;3;3;-9,37197508;-40,48679585;"SPRF-PE";"DEL06-PE";"UOP01-DEL06-PE"
546977;2023-09-06;"quarta-feira";"18:15:00";"SP";153;75;"BADY BASSITT";"Acumulo de óleo sobre o pavimento";"Tombamento";"Com Vítimas Feridas";"Anoitecer";"Decrescente";"Nublado";"Dupla";"Interseção de Vias";"Sim";2;0;1;0;0;1;1;2;-20,89418221;-49,43387582;"SPRF-SP";"DEL09-SP";"UOP01-DEL09-SP"
546978;2023-09-06;"quarta-feira";"18:05:00";"RJ";101;71;"CAMPOS DOS GOYTACAZES";"Conversão proibida";"Colisão transversal";"Com Vítimas Feridas";"Plena Noite";"Decrescente";"Nublado";"Simples";"Reta";"Não";5;0;3;0;2;0;3;3;-21,78577807;-41,38139396;"SPRF-RJ";"DEL08-RJ";"UOP02-DEL08-RJ"
546979;2023-09-06;"quarta-feira";"17:25:00";"RO";364;26;"VILHENA";"Pista Escorregadia";"Queda de ocupante de veículo";"Com Vítimas Feridas";"Pleno dia";"Crescente";"Céu Claro";"Simples";"Reta";"Não";1;0;1;0;0;0;1;1;-12,72395036;-60,24805101;"SPRF-RO";"DEL04-RO";"UOP01-DEL04-RO"
546980;2023-09-06;"quarta-feira";"16:30:00";"RJ";116;217;"SEROPEDICA";"Reação tardia ou ineficiente do condutor";"Colisão traseira";"Com Vítimas Feridas";"Pleno dia";"Decrescente";"Garoa/Chuvisco";"Dupla";"Reta";"Sim";2;0;1;0;1;0;1;2;-22,70206801;-43,74864201;"SPRF-RJ";"DEL01-RJ";"UOP03-DEL01-RJ"
546981;2023-09-06;"quarta-feira";"18:20:00";"SC";101;214;"PALHOCA";"Transitar na contramão";"Colisão frontal";"Com Vítimas Feridas";"Plena Noite";"Decrescente";"Céu Claro";"Múltipla";"Reta";"Sim";2;0;0;1;0;1;1;2;-27,64638838;-48,67164373;"SPRF-SC";"DEL01-SC";"UOP02-DEL01-SC"
546982;2023-09-06;"quarta-feira";"17:40:00";"SP";116;138,8;"SAO JOSE DOS CAMPOS";"Manobra de mudança de faixa";"Colisão traseira";"Com Vítimas Feridas";"Anoitecer";"Crescente";"Nublado";"Dupla";"Reta";"Sim";3;0;1;0;2;0;1;3;-23,1572739;-45,79554605;"SPRF-SP";"DEL02-SP";"UOP01-DEL02-SP"
546983;2023-09-06;"quarta-feira";"18:10:00";"ES";101;438,7;"MIMOSO DO SUL";"Reação tardia ou ineficiente do condutor";"Colisão traseira";"Com Vítimas Feridas";"Plena Noite";"Crescente";"Garoa/Chuvisco";"Simples";"Reta";"Não";5;0;1;0;3;1;1;2;-21,06633614;-41,22124288;"SPRF-ES";"DEL03-ES";"UOP02-DEL03-ES"
546985;2023-07-20;"quinta-feira";"06:15:00";"SC";282;471,5;"VARGEAO";"Ultrapassagem Indevida";"Colisão frontal";"Com Vítimas Fatais";"Plena Noite";"Crescente";"Céu Claro";"Simples";"Reta";"Não";3;1;0;2;0;0;2;2;-26,8589693;-52,1147169;"SPRF-SC";"DEL07-SC";"UOP01-DEL07-SC"
546987;2023-09-06;"quarta-feira";"18:10:00";"TO";230;104;"SAO BENTO DO TOCANTINS";"Reação tardia ou ineficiente do condutor";"Colisão com objeto";"Com Vítimas Feridas";"Anoitecer";"Crescente";"Céu Claro";"Simples";"Reta";"Não";2;0;0;1;0;1;1;2;-5,94633113;-47,89160728;"SPRF-TO";"DEL02-TO";"UOP03-DEL02-TO"
546989;2023-09-06;"quarta-feira";"18:45:00";"RS";392;352;"SANTA MARIA";"Manobra de mudança de faixa";"Colisão traseira";"Com Vítimas Feridas";"Plena Noite";"Crescente";"Nublado";"Dupla";"Reta";"Sim";2;0;1;0;1;0;1;2;-29,720404;-53,807632;"SPRF-RS";"DEL09-RS";"UOP01-DEL09-RS"
546994;2023-09-06;"quarta-feira";"18:35:00";"PR";163;210;"CASCAVEL";"Ingestão de álcool pelo condutor";"Colisão traseira";"Sem Vítimas";"Anoitecer";"Decrescente";"Céu Claro";"Simples";"Reta";"Não";2;0;0;0;2;0;0;2;-24,94362702;-53,53895883;"SPRF-PR";"DEL05-PR";"UOP05-DEL05-PR"
546995;2023-09-06;"quarta-feira";"18:30:00";"PI";343;347;"TERESINA";"Entrada inopinada do pedestre";"Atropelamento de Pedestre";"Com Vítimas Feridas";"Plena Noite";"Decrescente";"Céu Claro";"Simples";"Reta";"Sim";2;0;1;0;1;0;1;2;-5,114822;-42,778355;"SPRF-PI";"DEL01-PI";"UOP01-DEL01-PI"
546997;2023-09-06;"quarta-feira";"17:00:00";"MG";262;34,5;"MANHUACU";"Acessar a via sem observar a presença dos outros veículos";"Colisão transversal";"Com Vítimas Feridas";"Anoitecer";"Decrescente";"Nublado";"Simples";"Reta;Interseção de Vias";"Sim";2;0;1;0;1;0;1;2;-20,25692664;-42,01099203;"SPRF-MG";"DEL06-MG";"UOP03-DEL06-MG"
546998;2023-09-06;"quarta-feira";"19:10:00";"RS";287;248;"SANTA MARIA";"Conversão proibida";"Colisão transversal";"Com Vítimas Feridas";"Plena Noite";"Crescente";"Céu Claro";"Simples";"Reta;Em Obras";"Sim";2;0;0;1;1;0;1;2;-29,6959982;-53,85042721;"SPRF-RS";"DEL09-RS";"UOP01-DEL09-RS"
546999;2023-09-06;"quarta-feira";"19:35:00";"PB";101;88;"JOAO PESSOA";"Entrada inopinada do pedestre";"Atropelamento de Pedestre";"Com Vítimas Feridas";"Plena Noite";"Decrescente";"Nublado";"Múltipla";"Viaduto;Reta";"Sim";4;0;0;1;2;1;1;3;-7,16544878;-34,89541054;"SPRF-PB";"DEL01-PB";"UOP01-DEL01-PB"
547001;2023-09-06;"quarta-feira";"17:03:00";"MT";70;326;"DOM AQUINO";"Carga excessiva e/ou mal acondicionada";"Colisão com objeto";"Com Vítimas Feridas";"Anoitecer";"Crescente";"Nublado";"Simples";"Reta";"Não";1;0;1;0;0;0;1;1;-15,5123113;-54,67154906;"SPRF-MT";"DEL05-MT";"UOP01-DEL05-MT"