"id";"data_inversa";"dia_semana";"horario";"uf";"br";"km";"municipio";"causa_acidente";"tipo_acidente";"classificacao_acidente";"fase_dia";"sentido_via";"condicao_metereologica";"tipo_pista";"tracado_via";"uso_solo";"pessoas";"mortos";"feridos_leves";"feridos_graves";"ilesos";"ignorados";"feridos";"veiculos";"latitude";"longitude";"regional";"delegacia";"uop"
547003;2023-09-06;"quarta-feira";"18:00:00";"RJ";116;81;"TERESOPOLIS";"Ingestão de substâncias psicoativas pelo condutor";"Eventos atípicos";"Com Vítimas Feridas";"Plena Noite";"Decrescente";"Chuva";"Simples";"Reta";"Sim";8;0;1;3;4;0;4;5;-22,39843405;-42,95507553;"SPRF-RJ";"DEL04-RJ";"UOP01-DEL04-RJ"
547004;2023-09-06;"quarta-feira";"19:35:00";"RS";116;242,6;"SAO LEOPOLDO";"Manobra de mudança de faixa";"Colisão lateral mesmo sentido";"Sem Vítimas";"Plena Noite";"Crescente";"Nublado";"Dupla";"Reta";"Sim";2;0;0;0;2;0;0;2;-29,728033;-51,149277;"SPRF-RS";"DEL01-RS";"UOP02-DEL01-RS"
547005;2023-09-06;"quarta-feira";"17:34:00";"PI";135;315;"CRISTINO CASTRO";"Ausência de reação do condutor";"Colisão traseira";"Com Vítimas Feridas";"Anoitecer";"Crescente";"Céu Claro";"Simples";"Reta";"Sim";2;0;1;0;0;1;1;2;-8,80195784;-44,21400131;"SPRF-PI";"DEL03-PI";"UOP02-DEL03-PI"
547006;2023-09-06;"quarta-feira";"17:30:00";"MG";116;725,8;"LARANJAL";"Ausência de reação do condutor";"Colisão traseira";"Com Vítimas Feridas";"Anoitecer";"Decrescente";"Nublado";"Simples";"Em Obras;Reta";"Não";4;0;4;0;0;0;4;2;-21,28131403;-42,41701518;"SPRF-MG";"DEL07-MG";"UOP02-DEL07-MG"
547007;2023-09-06;"quarta-feira";"19:10:00";"RN";226;78;"TANGARA";"Transitar na contramão";"Colisão frontal";"Com Vítimas Feridas";"Plena Noite";"Decrescente";"Nublado";"Simples";"Reta";"Sim";3;0;0;2;1;0;2;2;-6,17123303;-35,76264796;"SPRF-RN";"DEL01-RN";"UOP02-DEL01-RN"
547008;2023-09-06;"quarta-feira";"19:00:00";"RJ";116;309;"RESENDE";"Acessar a via sem observar a presença dos outros veículos";"Colisão traseira";"Com Vítimas Feridas";"Plena Noite";"Decrescente";"Nublado";"Dupla";"Reta";"Sim";2;0;1;0;0;1;1;2;-22,45852838;-44,42672997;"SPRF-RJ";"DEL07-RJ";"UOP02-DEL07-RJ"
547010;2023-09-06;"quarta-feira";"18:40:00";"PI";343;322;"ALTOS";"Acessar a via sem observar a presença dos outros veículos";"Colisão transversal";"Com Vítimas Feridas";"Plena Noite";"Decrescente";"Céu Claro";"Simples";"Reta";"Sim";2;0;1;0;1;0;1;2;-5,054964;-42,585648;"SPRF-PI";"DEL01-PI";"UOP01-DEL01-PI"
547011;2023-09-06;"quarta-feira";"19:50:00";"SP";116;219;"GUARULHOS";"Trafegar com motocicleta (ou similar) entre as faixas";"Colisão traseira";"Com Vítimas Feridas";"Plena Noite";"Crescente";"Nublado";"Múltipla";"Reta";"Sim";2;0;1;0;1;0;1;2;-23,46143954;-46,48885316;"SPRF-SP";"DEL01-SP";"UOP01-DEL01-SP"
547012;2023-09-06;"quarta-feira";"20:15:00";"PE";232;330;"CUSTODIA";"Demais falhas mecânicas ou elétricas";"Incêndio";"Sem Vítimas";"Plena Noite";"Crescente";"Céu Claro";"Simples";"Reta";"Sim";1;0;0;0;1;0;0;1;-8,09012961;-37,60830897;"SPRF-PE";"DEL04-PE";"UOP02-DEL04-PE"
547013;2023-09-06;"quarta-feira";"19:10:00";"PR";376;108;"PARANAVAI";"Desrespeitar a preferência no cruzamento";"Colisão transversal";"Com Vítimas Feridas";"Plena Noite";"Decrescente";"Céu Claro";"Dupla";"Interseção de Vias;Rotatória";"Sim";4;0;2;0;2;0;2;2;-23,07492893;-52,41720594;"SPRF-PR";"DEL09-PR";"UOP02-DEL09-PR"
547014;2023-09-06;"quarta-feira";"19:10:00";"RS";285;201,2;"LAGOA VERMELHA";"Acessar a via sem observar a presença dos outros veículos";"Colisão transversal";"Com Vítimas Feridas";"Plena Noite";"Decrescente";"Nublado";"Simples";"Interseção de Vias;Reta";"Sim";5;0;2;0;3;0;2;2;-28,206482;-51,538555;"SPRF-RS";"DEL08-RS";"UOP05-DEL08-RS"
547015;2023-09-06;"quarta-feira";"18:20:00";"PI";343;346;"TERESINA";"Acumulo de óleo sobre o pavimento";"Queda de ocupante de veículo";"Com Vítimas Feridas";"Plena Noite";"Decrescente";"Céu Claro";"Dupla";"Rotatória";"Sim";2;0;1;0;1;0;1;1;-5,110751;-42,770531;"SPRF-PI";"DEL01-PI";"UOP01-DEL01-PI"
547018;2023-09-06;"quarta-feira";"17:20:00";"RS";471;173,5;"RIO PARDO";"Ultrapassagem Indevida";"Colisão lateral mesmo sentido";"Com Vítimas Feridas";"Pleno dia";"Crescente";"Sol";"Simples";"Reta";"Não";2;0;0;1;1;0;1;2;-29,97664684;-52,37234116;"SPRF-RS";"DEL02-RS";"UOP03-DEL02-RS"
547020;2023-09-06;"quarta-feira";"20:07:00";"PB";230;20;"JOAO PESSOA";"Condutor deixou de manter distância do veículo da frente";"Colisão traseira";"Sem Vítimas";"Plena Noite";"Decrescente";"Céu Claro";"Dupla";"Reta";"Sim";3;0;0;0;3;0;0;3;-7,1337;-34,8544;"SPRF-PB";"DEL01-PB";"UOP01-DEL01-PB"
547021;2023-09-06;"quarta-feira";"19:30:00";"RS";392;114;"CANGUCU";"Acesso irregular";"Colisão transversal";"Com Vítimas Feridas";"Plena Noite";"Decrescente";"Garoa/Chuvisco";"Simples";"Curva";"Não";3;0;0;1;2;0;1;2;-31,43234525;-52,65622636;"SPRF-RS";"DEL07-RS";"UOP01-DEL07-RS"
547022;2023-09-06;"quarta-feira";"20:21:00";"DF";251;34;"BRASILIA";"Ausência de reação do condutor";"Colisão traseira";"Com Vítimas Feridas";"Plena Noite";"Crescente";"Céu Claro";"Simples";"Reta";"Não";3;0;0;1;2;0;1;2;-15,938301;-47,759799;"SPRF-DF";"DEL01-DF";"UOP01-DEL01-DF"
547024;2023-09-06;"quarta-feira";"19:25:00";"PE";101;58,2;"PAULISTA";"Ausência de reação do condutor";"Colisão traseira";"Com Vítimas Feridas";"Plena Noite";"Crescente";"Céu Claro";"Dupla";"Reta;Declive";"Sim";2;0;0;1;1;0;1;2;-7,97063209;-34,92064675;"SPRF-PE";"DEL01-PE";"UOP02-DEL01-PE"
547025;2023-09-06;"quarta-feira";"18:50:00";"MG";40;41;"PARACATU";"Acessar a via sem observar a presença dos outros veículos";"Colisão transversal";"Com Vítimas Feridas";"Anoitecer";"Decrescente";"Céu Claro";"Simples";"Interseção de Vias;Rotatória";"Sim";2;0;1;0;1;0;1;2;-17,21271307;-46,87295209;"SPRF-MG";"DEL14-MG";"UOP01-DEL14-MG"
547027;2023-09-06;"quarta-feira";"17:30:00";"RJ";116;230;"PIRAI";"Neblina";"Colisão com objeto";"Com Vítimas Feridas";"Plena Noite";"Decrescente";"Nevoeiro/Neblina";"Dupla";"Declive";"Não";4;0;1;0;3;0;1;1;-22,65208783;-43,82143902;"SPRF-RJ";"DEL07-RJ";"UOP01-DEL07-RJ"
547029;2023-09-06;"quarta-feira";"12:00:00";"MT";364;131,7;"PEDRA PRETA";"Reação tardia ou ineficiente do condutor";"Saída de leito carroçável";"Com Vítimas Feridas";"Pleno dia";"Decrescente";"Sol";"Simples";"Curva;Aclive";"Não";1;0;1;0;0;0;1;1;-16,83056489;-54,02703101;"SPRF-MT";"DEL02-MT";"UOP01-DEL02-MT"
547031;2023-08-13;"domingo";"18:17:00";"MT";163;743;"SORRISO";"Reação tardia ou ineficiente do condutor";"Colisão traseira";"Com Vítimas Feridas";"Anoitecer";"Crescente";"Céu Claro";"Simples";"Reta";"Não";3;0;1;0;0;2;1;2;-12,72348109;-55,82831683;"SPRF-MT";"DEL06-MT";"UOP01-DEL06-MT"
547033;2023-09-06;"quarta-feira";"20:30:00";"RJ";116;180;"NOVA IGUACU";"Demais falhas mecânicas ou elétricas";"Incêndio";"Sem Vítimas";"Plena Noite";"Crescente";"Céu Claro";"Múltipla";"Reta";"Sim";1;0;0;0;1;0;0;1;-22,7651616;-43,4154728;"SPRF-RJ";"DEL01-RJ";"UOP02-DEL01-RJ"
547034;2023-09-06;"quarta-feira";"19:30:00";"SC";480;130;"CHAPECO";"Transitar na contramão";"Colisão frontal";"Com Vítimas Feridas";"Plena Noite";"Decrescente";"Céu Claro";"Simples";"Aclive;Reta;Interseção de Vias";"Sim";2;0;0;1;1;0;1;2;-27,05534298;-52,63652069;"SPRF-SC";"DEL07-SC";"UOP01-DEL07-SC"
547036;2023-09-06;"quarta-feira";"20:28:00";"PI";343;183;"PIRIPIRI";"Manobra de mudança de faixa";"Colisão traseira";"Com Vítimas Feridas";"Plena Noite";"Decrescente";"Céu Claro";"Simples";"Reta";"Sim";2;0;1;0;1;0;1;2;-4,264742;-41,756226;"SPRF-PI";"DEL02-PI";"UOP01-DEL02-PI"
547037;2023-09-06;"quarta-feira";"19:40:00";"MS";267;390,5;"MARACAJU";"Ausência de reação do condutor";"Colisão traseira";"Com Vítimas Feridas";"Plena Noite";"Crescente";"Chuva";"Simples";"Reta";"Não";2;0;0;1;1;0;1;2;-21,62003446;-55,3757459;"SPRF-MS";"DEL05-MS";"UOP01-DEL05-MS"
547038;2023-09-06;"quarta-feira";"19:00:00";"GO";414;358,9;"COCALZINHO DE GOIAS";"Transitar na contramão";"Colisão lateral sentido oposto";"Com Vítimas Fatais";"Anoitecer";"Crescente";"Céu Claro";"Simples";"Declive;Reta";"Não";7;1;0;0;5;1;0;4;-15,689492;-48,704985;"SPRF-GO";"DEL02-GO";"UOP01-DEL02-GO"
547039;2023-09-06;"quarta-feira";"19:00:00";"PI";343;210,7;"CAPITAO DE CAMPOS";"Animais na Pista";"Atropelamento de Animal";"Com Vítimas Feridas";"Plena Noite";"Crescente";"Céu Claro";"Simples";"Reta";"Não";2;0;1;0;1;0;1;2;-4,440038;-41,91481;"SPRF-PI";"DEL02-PI";"UOP01-DEL02-PI"
547040;2023-09-06;"quarta-feira";"19:00:00";"BA";101;871;"TEIXEIRA DE FREITAS";"Manobra de mudança de faixa";"Colisão traseira";"Com Vítimas Feridas";"Plena Noite";"Decrescente";"Céu Claro";"Simples";"Curva";"Não";6;0;2;0;4;0;2;2;-17,493846;-39,706012;"SPRF-BA";"DEL09-BA";"UOP02-DEL09-BA"
547041;2023-09-06;"quarta-feira";"20:15:00";"MG";116;520;"CARATINGA";"Reação tardia ou ineficiente do condutor";"Saída de leito carroçável";"Com Vítimas Feridas";"Plena Noite";"Decrescente";"Céu Claro";"Dupla";"Curva";"Não";1;0;1;0;0;0;1;1;-19,72594839;-42,13212852;"SPRF-MG";"DEL06-MG";"UOP02-DEL06-MG"
547044;2023-09-06;"quarta-feira";"18:40:00";"MG";262;810,2;"UBERABA";"Avarias e/ou desgaste excessivo no pneu";"Tombamento";"Com Vítimas Feridas";"Plena Noite";"Crescente";"Nublado";"Dupla";"Reta";"Sim";2;0;2;0;0;0;2;1;-19,76051836;-48,04440502;"SPRF-MG";"DEL13-MG";"UOP01-DEL13-MG"
547045;2023-09-06;"quarta-feira";"16:30:00";"MA";10;244;"IMPERATRIZ";"Ultrapassagem Indevida";"Tombamento";"Com Vítimas Feridas";"Pleno dia";"Crescente";"Céu Claro";"Simples";"Reta";"Sim";1;0;0;1;0;0;1;1;-5,596112;-47,42886;"SPRF-MA";"DEL04-MA";"UOP01-DEL04-MA"
547046;2023-09-06;"quarta-feira";"17:20:00";"MT";364;584;"NOBRES";"Pista Escorregadia";"Saída de leito carroçável";"Com Vítimas Feridas";"Anoitecer";"Crescente";"Garoa/Chuvisco";"Dupla";"Curva;Declive";"Não";4;0;1;0;3;0;1;1;-14,561485;-56,219742;"SPRF-MT";"DEL01-MT";"UOP01-DEL01-MT"
547047;2023-09-06;"quarta-feira";"18:15:00";"PE";232;319;"CUSTODIA";"Ultrapassagem Indevida";"Colisão lateral sentido oposto";"Com Vítimas Feridas";"Plena Noite";"Crescente";"Céu Claro";"Simples";"Reta";"Não";7;0;2;0;5;0;2;2;-8,1236144;-37,53328221;"SPRF-PE";"DEL04-PE";"UOP02-DEL04-PE"
547049;2023-09-06;"quarta-feira";"21:45:00";"SC";101;6,3;"GARUVA";"Velocidade Incompatível";"Saída de leito carroçável";"Com Vítimas Feridas";"Plena Noite";"Crescente";"Nublado";"Dupla";"Viaduto;Reta";"Sim";4;0;2;0;2;0;2;1;-26,02692002;-48,86142017;"SPRF-SC";"DEL03-SC";"UOP01-DEL03-SC"
547050;2023-09-06;"quarta-feira";"12:29:00";"MT";364;533,2;"ROSARIO OESTE";"Ausência de reação do condutor";"Saída de leito carroçável";"Com Vítimas Feridas";"Pleno dia";"Crescente";"Ignorado";"Simples";"Reta";"Não";4;0;4;0;0;0;4;1;-14,97797096;-56,5187654;"SPRF-MT";"DEL01-MT";"UOP01-DEL01-MT"
547052;2023-09-06;"quarta-feira";"22:05:00";"PE";232;62,4;"POMBOS";"Ausência de reação do condutor";"Queda de ocupante de veículo";"Com Vítimas Feridas";"Plena Noite";"Decrescente";"Céu Claro";"Dupla";"Reta";"Não";1;0;0;1;0;0;1;1;-8,15598579;-35,42308007;"SPRF-PE";"DEL02-PE";"UOP02-DEL02PE"
547053;2023-09-06;"quarta-feira";"21:47:00";"PR";163;267;"TOLEDO";"Afundamento ou ondulação no pavimento";"Colisão com objeto";"Com Vítimas Feridas";"Plena Noite";"Decrescente";"Ignorado";"Dupla";"Reta";"Não";1;0;0;1;0;0;1;1;-24,62826995;-53,88987064;"SPRF-PR";"DEL06-PR";"UOP02-DEL06-PR"
547054;2023-09-06;"quarta-feira";"22:15:00";"MG";381;455,3;"BELO HORIZONTE";"Reação tardia ou ineficiente do condutor";"Colisão traseira";"Com Vítimas Feridas";"Plena Noite";"Crescente";"Céu Claro";"Simples";"Curva";"Sim";6;0;3;1;1;1;4;3;-19,83782;-43,88252;"SPRF-MG";"DEL01-MG";"UOP01-DEL01-MG"
547055;2023-09-06;"quarta-feira";"21:30:00";"PR";467;108,8;"CASCAVEL";"Desrespeitar a preferência no cruzamento";"Colisão transversal";"Com Vítimas Feridas";"Plena Noite";"Crescente";"Céu Claro";"Dupla";"Curva";"Sim";2;0;1;0;1;0;1;2;-24,9237;-53,4676;"SPRF-PR";"DEL04-PR";"UOP01-DEL04-PR"
547057;2023-09-06;"quarta-feira";"20:50:00";"PI";316;312;"PICOS";"Ausência de reação do condutor";"Colisão com objeto";"Com Vítimas Feridas";"Plena Noite";"Crescente";"Céu Claro";"Simples";"Reta";"Sim";1;0;1;0;0;0;1;1;-7,08092534;-41,4582602;"SPRF-PI";"DEL04-PI";"UOP01-DEL04-PI"
547058;2023-08-06;"domingo";"03:05:00";"SC";470;66;"INDAIAL";"Velocidade Incompatível";"Saída de leito carroçável";"Sem Vítimas";"Plena Noite";"Crescente";"Nublado";"Simples";"Reta;Declive;Rotatória";"Sim";1;0;0;0;0;1;0;1;-26,86965193;-49,22539299;"SPRF-SC";"DEL04-SC";"UOP01-DEL04-SC"
547060;2023-09-06;"quarta-feira";"21:00:00";"MG";381;302;"ANTONIO DIAS";"Ausência de reação do condutor";"Saída de leito carroçável";"Com Vítimas Feridas";"Plena Noite";"Decrescente";"Céu Claro";"Simples";"Reta;Retorno Regulamentado";"Não";1;0;0;1;0;0;1;1;-19,64614211;-42,91069811;"SPRF-MG";"DEL03-MG";"UOP02-DEL03-MG"
547061;2023-09-06;"quarta-feira";"23:00:00";"RJ";116;174;"SAO JOAO DE MERITI";"Ausência de reação do condutor";"Tombamento";"Com Vítimas Feridas";"Plena Noite";"Crescente";"Nublado";"Múltipla";"Reta";"Sim";1;0;1;0;0;0;1;1;-22,80188151;-43,35043673;"SPRF-RJ";"DEL01-RJ";"UOP02-DEL01-RJ"
547062;2023-09-06;"quarta-feira";"22:25:00";"SC";101;335,1;"TUBARAO";"Velocidade Incompatível";"Capotamento";"Sem Vítimas";"Plena Noite";"Crescente";"Céu Claro";"Simples";"Reta";"Sim";1;0;0;0;0;1;0;1;-28,46927473;-49,01557908;"SPRF-SC";"DEL02-SC";"UOP01-DEL02-SC"
547063;2023-09-06;"quarta-feira";"20:20:00";"DF";80;32;"BRASILIA";"Ausência de reação do condutor";"Saída de leito carroçável";"Com Vítimas Fatais";"Plena Noite";"Crescente";"Céu Claro";"Simples";"Reta;Aclive";"Não";2;1;0;0;1;0;0;2;-15,574078;-48,191849;"SPRF-DF";"DEL03-DF";"UOP02-DEL03-DF"
547064;2023-09-02;"sábado";"22:50:00";"SC";470;57,6;"BLUMENAU";"Ultrapassagem Indevida";"Colisão com objeto";"Com Vítimas Feridas";"Plena Noite";"Decrescente";"Céu Claro";"Simples";"Reta;Interseção de Vias;Desvio Temporário";"Sim";1;0;1;0;0;0;1;1;-26,88332738;-49,14319938;"SPRF-SC";"DEL04-SC";"UOP01-DEL04-SC"
547065;2023-09-06;"quarta-feira";"22:20:00";"SC";280;24;"ARAQUARI";"Ultrapassagem Indevida";"Colisão transversal";"Com Vítimas Feridas";"Plena Noite";"Crescente";"Nublado";"Simples";"Reta";"Não";2;0;1;0;1;0;1;2;-26,37724921;-48,71953282;"SPRF-SC";"DEL03-SC";"UOP03-DEL03-SC"
547066;2023-09-06;"quarta-feira";"22:15:00";"SC";101;127;"ITAJAI";"Ausência de reação do condutor";"Colisão traseira";"Com Vítimas Feridas";"Plena Noite";"Crescente";"Céu Claro";"Dupla";"Reta";"Sim";2;0;1;0;1;0;1;2;-26,9639319;-48,68328024;"SPRF-SC";"DEL04-SC";"UOP04-DEL04-SC"
547067;2023-09-06;"quarta-feira";"21:40:00";"SC";116;11,1;"MAFRA";"Acessar a via sem observar a presença dos outros veículos";"Colisão transversal";"Com Vítimas Feridas";"Plena Noite";"Decrescente";"Céu Claro";"Simples";"Curva;Declive";"Não";6;0;4;1;1;0;5;2;-26,17627262;-49,8580203;"SPRF-SC";"DEL06-SC";"UOP01-DEL06-SC"
547069;2023-09-06;"quarta-feira";"21:30:00";"MT";70;5;"BARRA DO GARCAS";"Reação tardia ou ineficiente do condutor";"Queda de ocupante de veículo";"Com Vítimas Feridas";"Plena Noite";"Crescente";"Garoa/Chuvisco";"Dupla";"Reta";"Sim";2;0;1;0;1;0;1;1;-15,87814789;-52,296134;"SPRF-MT";"DEL07-MT";"UOP01-DEL07-MT"
547072;2023-09-07;"quinta-feira";"00:10:00";"BA";101;899;"CARAVELAS";"Acostamento em desnível";"Colisão frontal";"Com Vítimas Feridas";"Plena Noite";"Crescente";"Chuva";"Simples";"Reta";"Não";4;0;3;0;1;0;3;2;-17,71246212;-39,76751849;"SPRF-BA";"DEL09-BA";"UOP02-DEL09-BA"
547073;2023-09-06;"quarta-feira";"22:45:00";"MT";163;829;"SINOP";"Entrada inopinada do pedestre";"Atropelamento de Pedestre";"Com Vítimas Feridas";"Plena Noite";"Crescente";"Céu Claro";"Simples";"Reta";"Sim";3;0;0;1;2;0;1;2;-11,90969;-55,507818;"SPRF-MT";"DEL06-MT";"UOP02-DEL06-MT"
547076;2023-09-06;"quarta-feira";"18:40:00";"MT";364;1178;"CAMPOS DE JULIO";"Ausência de reação do condutor";"Saída de leito carroçável";"Com Vítimas Feridas";"Plena Noite";"Crescente";"Céu Claro";"Simples";"Curva";"Não";1;0;1;0;0;0;1;1;-13,72454391;-59,27385807;"SPRF-MT";"DEL04-MT";"UOP02-DEL04-MT"
547078;2023-09-07;"quinta-feira";"01:50:00";"SP";116;17,6;"LAVRINHAS";"Animais na Pista";"Atropelamento de Animal";"Com Vítimas Feridas";"Plena Noite";"Crescente";"Céu Claro";"Dupla";"Reta";"Não";2;0;1;0;1;0;1;1;-22,55763946;-44,84739708;"SPRF-SP";"DEL08-SP";"UOP02-DEL08-SP"
547079;2023-09-07;"quinta-feira";"01:20:00";"ES";262;114,7;"VENDA NOVA DO IMIGRANTE";"Velocidade Incompatível";"Saída de leito carroçável";"Com Vítimas Feridas";"Plena Noite";"Crescente";"Garoa/Chuvisco";"Simples";"Reta";"Não";1;0;0;1;0;0;1;1;-20,32544863;-41,21078488;"SPRF-ES";"DEL01-ES";"UOP02-DEL01-ES"
547081;2023-09-06;"quarta-feira";"16:50:00";"BA";324;565;"SAO SEBASTIAO DO PASSE";"Condutor Dormindo";"Saída de leito carroçável";"Com Vítimas Feridas";"Pleno dia";"Crescente";"Nublado";"Dupla";"Reta";"Não";1;0;1;0;0;0;1;1;-12,51921908;-38,61760506;"SPRF-BA";"DEL01-BA";"UOP01-DEL01-BA"
547082;2023-09-07;"quinta-feira";"02:40:00";"MG";40;801;"MATIAS BARBOSA";"Velocidade Incompatível";"Saída de leito carroçável";"Com Vítimas Feridas";"Plena Noite";"Decrescente";"Chuva";"Dupla";"Curva";"Não";3;0;0;2;1;0;2;1;-21,84672919;-43,37899486;"SPRF-MG";"DEL05-MG";"UOP01-DEL05-MG"
547083;2023-09-07;"quinta-feira";"01:45:00";"MS";262;285;"RIBAS DO RIO PARDO";"Velocidade Incompatível";"Colisão com objeto";"Com Vítimas Feridas";"Plena Noite";"Decrescente";"Céu Claro";"Simples";"Declive;Reta";"Não";1;0;1;0;0;0;1;1;-20,48598359;-54,16565308;"SPRF-MS";"DEL01-MS";"UOP01-DEL01-MS"
547084;2023-09-06;"quarta-feira";"20:02:00";"RO";364;17;"VILHENA";"Chuva";"Queda de ocupante de veículo";"Com Vítimas Feridas";"Plena Noite";"Crescente";"Chuva";"Simples";"Reta;Aclive";"Sim";1;0;1;0;0;0;1;1;-12,73207998;-60,16589399;"SPRF-RO";"DEL04-RO";"UOP01-DEL04-RO"
547085;2023-09-07;"quinta-feira";"02:30:00";"SP";116;124,9;"CACAPAVA";"Velocidade Incompatível";"Colisão com objeto";"Sem Vítimas";"Plena Noite";"Crescente";"Nublado";"Simples";"Curva;Interseção de Vias;Aclive";"Não";1;0;0;0;1;0;0;1;-23,09872598;-45,68608201;"SPRF-SP";"DEL02-SP";"UOP02-DEL02-SP"
547086;2023-09-07;"quinta-feira";"03:15:00";"SC";101;207,6;"SAO JOSE";"Demais falhas mecânicas ou elétricas";"Tombamento";"Com Vítimas Feridas";"Plena Noite";"Crescente";"Céu Claro";"Múltipla";"Curva;Declive";"Sim";1;0;1;0;0;0;1;1;-27,60001226;-48,6226467;"SPRF-SC";"DEL01-SC";"UOP01-DEL01-SC"
547087;2023-09-07;"quinta-feira";"02:20:00";"PR";373;438,6;"CHOPINZINHO";"Transitar na contramão";"Colisão frontal";"Com Vítimas Fatais";"Plena Noite";"Decrescente";"Céu Claro";"Simples";"Reta";"Não";4;1;1;0;2;0;1;2;-25,79881412;-52,2748969;"SPRF-PR";"DEL02-PR";"UOP01-DEL02-PR"
547088;2023-09-07;"quinta-feira";"03:30:00";"RS";116;238,8;"NOVO HAMBURGO";"Ingestão de álcool pelo condutor";"Colisão com objeto";"Sem Vítimas";"Plena Noite";"Decrescente";"Céu Claro";"Dupla";"Reta;Interseção de Vias";"Sim";1;0;0;0;1;0;0;1;-29,68739789;-51,14197352;"SPRF-RS";"DEL01-RS";"UOP02-DEL01-RS"
547089;2023-09-07;"quinta-feira";"03:20:00";"SC";280;5;"SAO FRANCISCO DO SUL";"Condutor deixou de manter distância do veículo da frente";"Colisão traseira";"Sem Vítimas";"Plena Noite";"Crescente";"Nublado";"Simples";"Reta";"Sim";2;0;0;0;2;0;0;2;-26,26011706;-48,62571995;"SPRF-SC";"DEL03-SC";"UOP03-DEL03-SC"
547091;2023-09-07;"quinta-feira";"04:07:00";"RS";116;250,1;"SAO LEOPOLDO";"Velocidade Incompatível";"Colisão com objeto";"Sem Vítimas";"Plena Noite";"Crescente";"Céu Claro";"Dupla";"Curva";"Não";1;0;0;0;0;1;0;1;-29,79148798;-51,16399615;"SPRF-RS";"DEL01-RS";"UOP02-DEL01-RS"
547092;2023-09-07;"quinta-feira";"03:40:00";"MS";262;6;"TRES LAGOAS";"Velocidade Incompatível";"Tombamento";"Com Vítimas Feridas";"Plena Noite";"Crescente";"Céu Claro";"Dupla";"Reta";"Sim";1;0;1;0;0;0;1;1;-20,78237921;-51,67197438;"SPRF-MS";"DEL07-MS";"UOP01-DEL07-MS"
547093;2023-09-07;"quinta-feira";"04:30:00";"GO";414;387;"CORUMBA DE GOIAS";"Animais na Pista";"Atropelamento de Animal";"Sem Vítimas";"Plena Noite";"Crescente";"Céu Claro";"Simples";"Curva";"Não";1;0;0;0;1;0;0;1;-15,88092998;-48,79068001;"SPRF-GO";"DEL02-GO";"UOP01-DEL02-GO"
547095;2023-09-07;"quinta-feira";"04:40:00";"PE";232;411;"SERRA TALHADA";"Conversão proibida";"Colisão frontal";"Com Vítimas Feridas";"Amanhecer";"Crescente";"Nublado";"Simples";"Reta";"Sim";2;0;0;1;0;1;1;2;-7,97976163;-38,31087404;"SPRF-PE";"DEL04-PE";"UOP01-DEL04-PE"
547096;2023-09-07;"quinta-feira";"04:00:00";"PR";158;532,6;"PATO BRANCO";"Ausência de reação do condutor";"Atropelamento de Pedestre";"Com Vítimas Fatais";"Amanhecer";"Crescente";"Céu Claro";"Múltipla";"Reta";"Sim";5;1;0;2;0;2;2;2;-26,21099702;-52,6807167;"SPRF-PR";"DEL02-PR";"UOP01-DEL02-PR"
547097;2023-09-07;"quinta-feira";"04:30:00";"RJ";116;143;"DUQUE DE CAXIAS";"Condutor Dormindo";"Saída de leito carroçável";"Com Vítimas Feridas";"Plena Noite";"Crescente";"Garoa/Chuvisco";"Dupla";"Reta";"Sim";1;0;0;1;0;0;1;1;-22,65237271;-43,23918118;"SPRF-RJ";"DEL01-RJ";"UOP01-DEL01-RJ"
547099;2023-09-06;"quarta-feira";"16:30:00";"PR";369;186;"ARAPONGAS";"Condutor deixou de manter distância do veículo da frente";"Colisão traseira";"Sem Vítimas";"Pleno dia";"Decrescente";"Céu Claro";"Simples";"Reta";"Sim";2;0;0;0;2;0;0;2;-23,422799;-51,424004;"SPRF-PR";"DEL07-PR";"UOP03-DEL07-PR"
547100;2023-09-07;"quinta-feira";"04:40:00";"PR";277;335,9;"GUARAPUAVA";"Reação tardia ou ineficiente do condutor";"Saída de leito carroçável";"Com Vítimas Feridas";"Plena Noite";"Crescente";"Nublado";"Dupla";"Reta;Declive";"Não";7;0;2;0;5;0;2;1;-25,344074;-51,409638;"SPRF-PR";"DEL08-PR";"UOP01-DEL08-PR"
547101;2023-09-07;"quinta-feira";"05:00:00";"PR";476;115;"COLOMBO";"Ausência de reação do condutor";"Colisão com objeto";"Sem Vítimas";"Amanhecer";"Crescente";"Céu Claro";"Simples";"Reta";"Sim";1;0;0;0;0;1;0;1;-25,344196;-49,159679;"SPRF-PR";"DEL01-PR";"UOP01-DEL01-PR"
547102;2023-09-07;"quinta-feira";"05:30:00";"PE";104;65;"CARUARU";"Velocidade Incompatível";"Colisão com objeto";"Sem Vítimas";"Amanhecer";"Decrescente";"Nublado";"Dupla";"Reta";"Sim";1;0;0;0;0;1;0;1;-8,2867;-35,9838;"SPRF-PE";"DEL02-PE";"UOP01-DEL02-PE"
547104;2023-09-07;"quinta-feira";"05:00:00";"SP";116;514;"CAJATI";"Reação tardia ou ineficiente do condutor";"Colisão com objeto";"Com Vítimas Feridas";"Amanhecer";"Decrescente";"Nublado";"Dupla";"Curva;Aclive";"Não";4;0;1;0;3;0;1;1;-24,85874304;-48,21731282;"SPRF-SP";"DEL05-SP";"UOP02-DEL05-SP"
547105;2023-09-07;"quinta-feira";"06:00:00";"MG";40;343,7;"FELIXLANDIA";"Falta de elemento de contenção que evite a saída do leito carroçável";"Saída de leito carroçável";"Com Vítimas Feridas";"Amanhecer";"Decrescente";"Céu Claro";"Simples";"Reta";"Não";2;0;2;0;0;0;2;1;-18,68560533;-44,98971131;"SPRF-MG";"DEL02-MG";"UOP01-DEL02-MG"