"id";"data_inversa";"dia_semana";"horario";"uf";"br";"km";"municipio";"causa_acidente";"tipo_acidente";"classificacao_acidente";"fase_dia";"sentido_via";"condicao_metereologica";"tipo_pista";"tracado_via";"uso_solo";"pessoas";"mortos";"feridos_leves";"feridos_graves";"ilesos";"ignorados";"feridos";"veiculos";"latitude";"longitude";"regional";"delegacia";"uop"
547327;2023-09-08;"sexta-feira";"04:30:00";"RJ";116;87;"TERESOPOLIS";"Ausência de reação do condutor";"Incêndio";"Com Vítimas Feridas";"Amanhecer";"Crescente";"Céu Claro";"Simples";"Declive;Reta";"Não";3;0;1;0;1;1;1;2;-22,44527396;-42,95175555;"SPRF-RJ";"DEL04-RJ";"UOP01-DEL04-RJ"
547328;2023-09-08;"sexta-feira";"00:15:00";"SC";470;135;"RIO DO SUL";"Ausência de reação do condutor";"Colisão transversal";"Com Vítimas Feridas";"Plena Noite";"Decrescente";"Garoa/Chuvisco";"Simples";"Reta";"Não";2;0;1;0;1;0;1;2;-27,188492;-49,61232;"SPRF-SC";"DEL04-SC";"UOP02-DEL04-SC"
547330;2023-09-08;"sexta-feira";"06:00:00";"BA";110;170;"RIBEIRA DO POMBAL";"Retorno proibido";"Colisão transversal";"Com Vítimas Feridas";"Pleno dia";"Crescente";"Céu Claro";"Simples";"Reta";"Não";3;0;1;0;2;0;1;2;-10,8426100019;-38,5312190138;"SPRF-BA";"DEL07-BA";"UOP02-DEL07-BA"
547331;2023-09-08;"sexta-feira";"07:15:00";"MG";40;483,9;"SETE LAGOAS";"Avarias e/ou desgaste excessivo no pneu";"Capotamento";"Com Vítimas Feridas";"Pleno dia";"Crescente";"Céu Claro";"Dupla";"Curva;Aclive";"Não";1;0;1;0;0;0;1;1;-19,56753;-44,23715;"SPRF-MG";"DEL02-MG";"UOP01-DEL02-MG"
547332;2023-09-08;"sexta-feira";"07:30:00";"RJ";356;159;"CAMPOS DOS GOYTACAZES";"Acessar a via sem observar a presença dos outros veículos";"Colisão frontal";"Com Vítimas Feridas";"Pleno dia";"Crescente";"Céu Claro";"Simples";"Reta;Interseção de Vias";"Não";3;0;1;1;1;0;2;2;-21,735695;-41,197328;"SPRF-RJ";"DEL08-RJ";"UOP02-DEL08-RJ"
547333;2023-09-08;"sexta-feira";"08:00:00";"PB";230;22,2;"JOAO PESSOA";"Avarias e/ou desgaste excessivo no pneu";"Tombamento";"Com Vítimas Feridas";"Pleno dia";"Decrescente";"Sol";"Dupla";"Reta";"Sim";2;0;1;1;0;0;2;1;-7,1495;-34,8517;"SPRF-PB";"DEL01-PB";"UOP01-DEL01-PB"
547334;2023-09-08;"sexta-feira";"07:00:00";"RJ";116;299;"PORTO REAL";"Ausência de reação do condutor";"Colisão traseira";"Com Vítimas Feridas";"Pleno dia";"Decrescente";"Nevoeiro/Neblina";"Dupla";"Viaduto;Reta";"Não";3;0;1;0;2;0;1;2;-22,45153554;-44,34627905;"SPRF-RJ";"DEL07-RJ";"UOP02-DEL07-RJ"
547336;2023-09-08;"sexta-feira";"07:00:00";"SP";116;273;"TABOAO DA SERRA";"Ingestão de álcool pelo condutor";"Engavetamento";"Sem Vítimas";"Pleno dia";"Decrescente";"Sol";"Dupla";"Reta";"Sim";7;0;0;0;7;0;0;3;-23,61649127;-46,79008484;"SPRF-SP";"DEL04-SP";"UOP01-DEL04-SP"
547338;2023-09-08;"sexta-feira";"07:30:00";"MG";262;439;"NOVA SERRANA";"Velocidade Incompatível";"Saída de leito carroçável";"Com Vítimas Feridas";"Pleno dia";"Decrescente";"Sol";"Dupla";"Aclive;Reta";"Sim";1;0;0;1;0;0;1;1;-19,89197285;-44,88685183;"SPRF-MG";"DEL08-MG";"UOP03-DEL08-MG"
547339;2023-09-08;"sexta-feira";"07:20:00";"RN";406;144,5;"CEARA-MIRIM";"Animais na Pista";"Atropelamento de Animal";"Com Vítimas Feridas";"Pleno dia";"Crescente";"Céu Claro";"Simples";"Reta";"Não";1;0;1;0;0;0;1;1;-5,647072;-35,485105;"SPRF-RN";"DEL02-RN";"UOP01-DEL02-RN"
547340;2023-08-09;"quarta-feira";"08:00:00";"SC";470;57;"BLUMENAU";"Demais falhas mecânicas ou elétricas";"Incêndio";"Sem Vítimas";"Pleno dia";"Decrescente";"Chuva";"Simples";"Curva;Retorno Regulamentado";"Sim";1;0;0;0;1;0;0;1;-26,880428;-49,136532;"SPRF-SC";"DEL04-SC";"UOP01-DEL04-SC"
547344;2023-09-08;"sexta-feira";"08:10:00";"MG";381;512;"IGARAPE";"Velocidade Incompatível";"Colisão lateral mesmo sentido";"Com Vítimas Feridas";"Pleno dia";"Decrescente";"Céu Claro";"Dupla";"Reta;Interseção de Vias";"Sim";3;0;0;1;2;0;1;3;-20,09239724;-44,31458341;"SPRF-MG";"DEL04-MG";"UOP03-DEL04-MG"
547346;2023-09-08;"sexta-feira";"08:00:00";"MG";116;701,1;"MURIAE";"Desrespeitar a preferência no cruzamento";"Colisão transversal";"Com Vítimas Feridas";"Pleno dia";"Decrescente";"Céu Claro";"Simples";"Curva;Interseção de Vias";"Sim";2;0;2;0;0;0;2;2;-21,11507917;-42,37991095;"SPRF-MG";"DEL07-MG";"UOP02-DEL07-MG"
547347;2023-08-11;"sexta-feira";"14:30:00";"MG";381;245;"SANTANA DO PARAISO";"Desrespeitar a preferência no cruzamento";"Colisão transversal";"Com Vítimas Feridas";"Pleno dia";"Decrescente";"Ignorado";"Simples";"Reta";"Não";2;0;1;0;0;1;1;2;-19,44053253;-42,51194;"SPRF-MG";"DEL06-MG";"UOP01-DEL06-MG"
547348;2023-09-08;"sexta-feira";"08:30:00";"MG";381;938,3;"EXTREMA";"Velocidade Incompatível";"Colisão com objeto";"Com Vítimas Feridas";"Pleno dia";"Crescente";"Sol";"Dupla";"Retorno Regulamentado";"Não";1;0;1;0;0;0;1;1;-22,83909203;-46,32850893;"SPRF-MG";"DEL16-MG";"UOP03-DEL16-MG"
547349;2023-09-08;"sexta-feira";"07:20:00";"AM";319;681;"HUMAITA";"Afundamento ou ondulação no pavimento";"Saída de leito carroçável";"Com Vítimas Feridas";"Pleno dia";"Crescente";"Céu Claro";"Simples";"Reta";"Não";1;0;1;0;0;0;1;1;-7,572252;-63,07827884;"SPRF-AM";"DEL01-AM";"UOP05-DEL01-AM"
547352;2023-09-08;"sexta-feira";"10:10:00";"ES";101;266;"SERRA";"Pedestre cruzava a pista fora da faixa";"Atropelamento de Pedestre";"Com Vítimas Feridas";"Pleno dia";"Crescente";"Céu Claro";"Múltipla";"Reta";"Sim";2;0;0;1;1;0;1;2;-20,190199;-40,26828891;"SPRF-ES";"DEL02-ES";"UOP01-DEL02-ES"
547353;2023-09-08;"sexta-feira";"09:00:00";"RJ";393;296,7;"BARRA MANSA";"Reação tardia ou ineficiente do condutor";"Colisão traseira";"Com Vítimas Feridas";"Pleno dia";"Decrescente";"Céu Claro";"Simples";"Reta";"Sim";4;0;4;0;0;0;4;2;-22,55379152;-44,11316514;"SPRF-RJ";"DEL07-RJ";"UOP02-DEL07-RJ"
547354;2023-09-08;"sexta-feira";"10:10:00";"SP";116;445;"REGISTRO";"Ausência de reação do condutor";"Colisão transversal";"Com Vítimas Feridas";"Pleno dia";"Crescente";"Céu Claro";"Múltipla";"Reta;Viaduto;Interseção de Vias";"Sim";2;0;1;0;1;0;1;2;-24,49790715;-47,84208686;"SPRF-SP";"DEL05-SP";"UOP01-DEL05-SP"
547355;2023-09-08;"sexta-feira";"09:30:00";"MS";163;368;"NOVA ALVORADA DO SUL";"Demais falhas mecânicas ou elétricas";"Saída de leito carroçável";"Com Vítimas Feridas";"Pleno dia";"Decrescente";"Céu Claro";"Simples";"Reta";"Não";1;0;1;0;0;0;1;1;-21,43831812;-54,37684031;"SPRF-MS";"DEL02-MS";"UOP01-DEL02-MS"
547357;2023-07-30;"domingo";"23:00:00";"MG";381;419,5;"CAETE";"Acumulo de areia ou detritos sobre o pavimento";"Queda de ocupante de veículo";"Com Vítimas Feridas";"Plena Noite";"Crescente";"Céu Claro";"Dupla";"Reta";"Não";1;0;0;1;0;0;1;1;-19,77066812;-43,64873289;"SPRF-MG";"DEL01-MG";"UOP01-DEL01-MG"
547359;2023-09-08;"sexta-feira";"10:22:00";"RJ";101;422;"MANGARATIBA";"Condutor deixou de manter distância do veículo da frente";"Colisão lateral mesmo sentido";"Com Vítimas Feridas";"Pleno dia";"Crescente";"Céu Claro";"Simples";"Declive;Curva";"Não";2;0;1;0;1;0;1;2;-22,91608393;-43,94022903;"SPRF-RJ";"DEL03-RJ";"UOP02-DEL03-RJ"
547360;2023-09-08;"sexta-feira";"11:00:00";"MG";262;436,7;"NOVA SERRANA";"Condutor deixou de manter distância do veículo da frente";"Saída de leito carroçável";"Com Vítimas Feridas";"Pleno dia";"Crescente";"Sol";"Dupla";"Reta";"Não";2;0;1;0;1;0;1;1;-19,87993178;-44,91889951;"SPRF-MG";"DEL08-MG";"UOP03-DEL08-MG"
547364;2023-09-08;"sexta-feira";"09:05:00";"PE";104;65;"CARUARU";"Manobra de mudança de faixa";"Colisão lateral mesmo sentido";"Com Vítimas Feridas";"Pleno dia";"Decrescente";"Céu Claro";"Dupla";"Reta";"Não";2;0;1;0;1;0;1;2;-8,2867;-35,9838;"SPRF-PE";"DEL02-PE";"UOP01-DEL02-PE"
547366;2023-09-08;"sexta-feira";"11:00:00";"DF";70;17;"BRASILIA";"Ausência de reação do condutor";"Engavetamento";"Sem Vítimas";"Pleno dia";"Decrescente";"Sol";"Dupla";"Reta";"Sim";6;0;0;0;6;0;0;3;-15,794133;-48,202095;"SPRF-DF";"DEL03-DF";"UOP02-DEL03-DF"
547367;2023-08-04;"sexta-feira";"06:45:00";"PR";277;8;"PARANAGUA";"Velocidade Incompatível";"Colisão transversal";"Com Vítimas Feridas";"Amanhecer";"Crescente";"Ignorado";"Dupla";"Reta";"Sim";2;0;0;1;0;1;1;2;-25,50762618;-48,51693392;"SPRF-PR";"DEL01-PR";"UOP05-DEL01-PR"
547369;2023-09-08;"sexta-feira";"11:50:00";"SC";470;158;"TROMBUDO CENTRAL";"Acessar a via sem observar a presença dos outros veículos";"Colisão transversal";"Com Vítimas Feridas";"Pleno dia";"Crescente";"Nublado";"Simples";"Reta";"Não";5;0;1;1;3;0;2;2;-27,287016;-49,778389;"SPRF-SC";"DEL04-SC";"UOP02-DEL04-SC"
547370;2023-09-03;"domingo";"02:00:00";"SC";101;202,7;"SAO JOSE";"Velocidade Incompatível";"Colisão traseira";"Com Vítimas Feridas";"Plena Noite";"Decrescente";"Céu Claro";"Múltipla";"Reta";"Sim";3;0;2;0;1;0;2;2;-27,55711595;-48,61897889;"SPRF-SC";"DEL01-SC";"UOP01-DEL01-SC"
547372;2023-08-07;"segunda-feira";"06:00:00";"MG";40;622;"CONSELHEIRO LAFAIETE";"Transitar na contramão";"Colisão frontal";"Com Vítimas Feridas";"Amanhecer";"Decrescente";"Céu Claro";"Simples";"Reta";"Não";4;0;0;2;2;0;2;4;-20,593914;-43,80411985;"SPRF-MG";"DEL05-MG";"UOP02-DEL05-MG"
547374;2023-09-08;"sexta-feira";"12:25:00";"SC";101;65;"ARAQUARI";"Velocidade Incompatível";"Saída de leito carroçável";"Sem Vítimas";"Pleno dia";"Crescente";"Sol";"Múltipla";"Reta";"Não";1;0;0;0;0;1;0;1;-26,47135714;-48,74457217;"SPRF-SC";"DEL03-SC";"UOP02-DEL03-SC"
547375;2023-09-08;"sexta-feira";"10:25:00";"MG";40;98,9;"LAGOA GRANDE";"Ausência de reação do condutor";"Colisão com objeto";"Com Vítimas Fatais";"Pleno dia";"Crescente";"Céu Claro";"Simples";"Reta";"Não";1;1;0;0;0;0;0;1;-17,555524;-46,514776;"SPRF-MG";"DEL14-MG";"UOP01-DEL14-MG"
547377;2023-06-04;"domingo";"11:33:00";"PR";369;136;"IBIPORA";"Manobra de mudança de faixa";"Colisão lateral mesmo sentido";"Com Vítimas Feridas";"Pleno dia";"Crescente";"Céu Claro";"Dupla";"Curva";"Sim";2;0;1;0;0;1;1;2;-23,27108205;-51,0389775;"SPRF-PR";"DEL07-PR";"UOP01-DEL07-PR"
547379;2023-09-08;"sexta-feira";"13:00:00";"PB";230;51,9;"CRUZ DO ESPIRITO SANTO";"Avarias e/ou desgaste excessivo no pneu";"Saída de leito carroçável";"Com Vítimas Feridas";"Pleno dia";"Crescente";"Nublado";"Dupla";"Reta";"Não";1;0;1;0;0;0;1;1;-7,19844722;-35,0735414;"SPRF-PB";"DEL01-PB";"UOP03-DEL01-PB"
547380;2023-09-08;"sexta-feira";"08:47:00";"RJ";101;334;"RIO DE JANEIRO";"Ausência de reação do condutor";"Tombamento";"Com Vítimas Feridas";"Pleno dia";"Crescente";"Céu Claro";"Dupla";"Curva";"Não";1;0;1;0;0;0;1;1;-22,88517902;-43,21704364;"SPRF-RJ";"DEL02-RJ";"UOP01-DEL02-RJ"
547381;2023-09-08;"sexta-feira";"11:07:00";"AC";364;123;"RIO BRANCO";"Condutor deixou de manter distância do veículo da frente";"Colisão traseira";"Com Vítimas Feridas";"Pleno dia";"Crescente";"Céu Claro";"Dupla";"Reta";"Não";4;0;2;0;2;0;2;3;-10,0117071;-67,782373;"SPRF-AC";"DEL01-AC";"UOP01-DEL01-AC"
547382;2023-09-08;"sexta-feira";"12:45:00";"PB";230;88;"JOAO PESSOA";"Manobra de mudança de faixa";"Colisão lateral mesmo sentido";"Com Vítimas Feridas";"Pleno dia";"Decrescente";"Nublado";"Dupla";"Interseção de Vias;Viaduto";"Sim";3;0;1;0;2;0;1;2;-7,16709876;-34,89659071;"SPRF-PB";"DEL01-PB";"UOP03-DEL01-PB"
547383;2023-09-08;"sexta-feira";"13:35:00";"RS";116;248;"SAO LEOPOLDO";"Acessar a via sem observar a presença dos outros veículos";"Colisão transversal";"Sem Vítimas";"Pleno dia";"Decrescente";"Nublado";"Múltipla";"Reta";"Sim";14;0;0;0;14;0;0;2;-29,78071179;-51,15824461;"SPRF-RS";"DEL01-RS";"UOP02-DEL01-RS"
547385;2023-09-08;"sexta-feira";"10:15:00";"RR";401;2;"BONFIM";"Ausência de reação do condutor";"Capotamento";"Com Vítimas Feridas";"Pleno dia";"Crescente";"Céu Claro";"Simples";"Reta";"Não";3;0;3;0;0;0;3;1;3,3593671;-59,83377;"SPRF-RR";"DEL01-RR";"UOP01-DEL01-RR"
547386;2023-09-08;"sexta-feira";"13:56:00";"RJ";116;310;"RESENDE";"Acessar a via sem observar a presença dos outros veículos";"Colisão lateral mesmo sentido";"Com Vítimas Feridas";"Pleno dia";"Crescente";"Céu Claro";"Simples";"Curva";"Sim";2;0;0;1;1;0;1;2;-22,45923593;-44,434776;"SPRF-RJ";"DEL07-RJ";"UOP02-DEL07-RJ"
547387;2023-09-08;"sexta-feira";"11:15:00";"PR";369;133;"IBIPORA";"Condutor deixou de manter distância do veículo da frente";"Colisão traseira";"Com Vítimas Feridas";"Pleno dia";"Decrescente";"Céu Claro";"Dupla";"Reta;Retorno Regulamentado";"Não";4;0;1;0;2;1;1;3;-23,26040757;-51,0087418;"SPRF-PR";"DEL07-PR";"UOP01-DEL07-PR"
547389;2023-09-08;"sexta-feira";"13:00:00";"SP";116;149;"SAO JOSE DOS CAMPOS";"Ausência de reação do condutor";"Colisão traseira";"Com Vítimas Feridas";"Pleno dia";"Decrescente";"Céu Claro";"Múltipla";"Reta";"Sim";2;0;0;1;1;0;1;2;-23,20700047;-45,88626861;"SPRF-SP";"DEL02-SP";"UOP01-DEL02-SP"
547391;2023-09-08;"sexta-feira";"13:30:00";"PB";101;88,5;"JOAO PESSOA";"Avarias e/ou desgaste excessivo no pneu";"Colisão com objeto";"Sem Vítimas";"Pleno dia";"Decrescente";"Nublado";"Múltipla";"Curva";"Não";1;0;0;0;1;0;0;1;-7,16587458;-34,8945415;"SPRF-PB";"DEL01-PB";"UOP02-DEL01-PB"
547394;2023-09-08;"sexta-feira";"14:30:00";"ES";101;296,4;"CARIACICA";"Demais falhas na via";"Saída de leito carroçável";"Com Vítimas Feridas";"Pleno dia";"Decrescente";"Céu Claro";"Múltipla";"Viaduto;Retorno Regulamentado;Curva";"Sim";2;0;0;1;0;1;1;2;-20,34029997;-40,40405712;"SPRF-ES";"DEL01-ES";"UOP01-DEL01-ES"
547397;2023-09-08;"sexta-feira";"07:43:00";"PI";316;312,9;"PICOS";"Ausência de sinalização";"Tombamento";"Com Vítimas Feridas";"Pleno dia";"Decrescente";"Céu Claro";"Simples";"Reta";"Sim";1;0;0;1;0;0;1;1;-7,08046;-41,451941;"SPRF-PI";"DEL04-PI";"UOP01-DEL04-PI"
547398;2023-09-08;"sexta-feira";"15:00:00";"SC";101;2,7;"ARARANGUA";"Acessar a via sem observar a presença dos outros veículos";"Colisão transversal";"Com Vítimas Feridas";"Pleno dia";"Crescente";"Céu Claro";"Simples";"Rotatória";"Não";2;0;0;1;1;0;1;2;-28,9356;-49,4864;"SPRF-SC";"DEL02-SC";"UOP02-DEL02-SC"
547400;2023-09-08;"sexta-feira";"12:40:00";"PR";476;240,5;"LAPA";"Ausência de reação do condutor";"Colisão frontal";"Com Vítimas Feridas";"Pleno dia";"Decrescente";"Garoa/Chuvisco";"Simples";"Curva";"Não";3;0;2;1;0;0;3;2;-25,864338;-50,069801;"SPRF-PR";"DEL02-PR";"UOP03-DEL02-PR"
547401;2023-09-08;"sexta-feira";"15:20:00";"BA";135;171;"BARREIRAS";"Reação tardia ou ineficiente do condutor";"Saída de leito carroçável";"Com Vítimas Feridas";"Pleno dia";"Decrescente";"Céu Claro";"Simples";"Reta";"Sim";1;0;0;1;0;0;1;1;-12,1088162;-44,98317719;"SPRF-BA";"DEL08-BA";"UOP04-DEL08-BA"
547403;2023-09-08;"sexta-feira";"15:47:00";"RN";101;141;"ARES";"Pista esburacada";"Queda de ocupante de veículo";"Com Vítimas Feridas";"Pleno dia";"Crescente";"Nublado";"Dupla";"Aclive;Reta";"Não";1;0;1;0;0;0;1;1;-6,15559697;-35,22641868;"SPRF-RN";"DEL01-RN";"UOP01-DEL01-RN"
547404;2023-09-08;"sexta-feira";"14:50:00";"SP";116;158;"JACAREI";"Ultrapassagem Indevida";"Colisão lateral mesmo sentido";"Com Vítimas Feridas";"Pleno dia";"Decrescente";"Céu Claro";"Simples";"Reta;Aclive";"Não";2;0;1;0;1;0;1;2;-23,26072137;-45,95179176;"SPRF-SP";"DEL02-SP";"UOP01-DEL02-SP"
547405;2023-09-08;"sexta-feira";"11:59:00";"SP";381;27;"ATIBAIA";"Reação tardia ou ineficiente do condutor";"Queda de ocupante de veículo";"Com Vítimas Feridas";"Pleno dia";"Crescente";"Sol";"Dupla";"Curva";"Não";1;0;1;0;0;0;1;1;-23,03325858;-46,54275266;"SPRF-SP";"DEL03-SP";"UOP02-DEL03-SP"
547406;2023-09-08;"sexta-feira";"15:20:00";"SC";280;48,5;"GUARAMIRIM";"Ausência de reação do condutor";"Tombamento";"Com Vítimas Feridas";"Pleno dia";"Crescente";"Nublado";"Simples";"Aclive;Em Obras";"Não";1;0;1;0;0;0;1;1;-26,45506795;-48,92766502;"SPRF-SC";"DEL03-SC";"UOP03-DEL03-SC"
547407;2023-09-08;"sexta-feira";"15:15:00";"SC";280;12,3;"MAFRA";"Acessar a via sem observar a presença dos outros veículos";"Colisão transversal";"Com Vítimas Feridas";"Pleno dia";"Crescente";"Garoa/Chuvisco";"Simples";"Reta;Interseção de Vias;Retorno Regulamentado";"Não";2;0;1;0;1;0;1;2;-26,17974211;-49,87106323;"SPRF-SC";"DEL03-SC";"UOP03-DEL03-SC"
547409;2023-09-08;"sexta-feira";"14:20:00";"BA";110;141;"CICERO DANTAS";"Conversão proibida";"Colisão lateral sentido oposto";"Com Vítimas Feridas";"Pleno dia";"Crescente";"Céu Claro";"Simples";"Reta";"Não";2;0;1;0;0;1;1;2;-10,635602;-38,401222;"SPRF-BA";"DEL07-BA";"UOP02-DEL07-BA"
547410;2023-09-08;"sexta-feira";"16:09:00";"RN";110;48,2;"MOSSORO";"Ausência de reação do condutor";"Colisão traseira";"Sem Vítimas";"Pleno dia";"Crescente";"Nublado";"Dupla";"Reta";"Sim";4;0;0;0;4;0;0;2;-5,21002355;-37,33338833;"SPRF-RN";"DEL04-RN";"UOP01-DEL04-RN"
547411;2023-09-08;"sexta-feira";"16:00:00";"PR";373;334;"GUARAPUAVA";"Ingestão de álcool pelo condutor";"Colisão com objeto";"Sem Vítimas";"Pleno dia";"Crescente";"Chuva";"Dupla";"Curva";"Não";1;0;0;0;1;0;0;1;-25,34697365;-51,39155388;"SPRF-PR";"DEL08-PR";"UOP01-DEL08-PR"
547413;2023-09-08;"sexta-feira";"15:25:00";"RN";101;154;"CANGUARETAMA";"Reação tardia ou ineficiente do condutor";"Capotamento";"Com Vítimas Feridas";"Pleno dia";"Crescente";"Nublado";"Dupla";"Reta";"Não";2;0;2;0;0;0;2;1;-6,3250942;-35,17882034;"SPRF-RN";"DEL01-RN";"UOP01-DEL01-RN"
547414;2023-09-08;"sexta-feira";"16:13:00";"SE";101;63;"ROSARIO DO CATETE";"Ingestão de álcool pelo condutor";"Capotamento";"Sem Vítimas";"Pleno dia";"Crescente";"Céu Claro";"Simples";"Reta";"Não";1;0;0;0;1;0;0;1;-10,6919344;-37,04082067;"SPRF-SE";"DEL02-SE";"UOP02-DEL02-SE"
547415;2023-09-08;"sexta-feira";"16:30:00";"RS";116;433,7;"CRISTAL";"Ausência de reação do condutor";"Saída de leito carroçável";"Com Vítimas Feridas";"Pleno dia";"Crescente";"Chuva";"Dupla";"Reta";"Não";1;0;1;0;0;0;1;1;-31,03991793;-52,04337884;"SPRF-RS";"DEL02-RS";"UOP02-DEL02-RS"
547416;2023-09-08;"sexta-feira";"14:40:00";"SC";101;65;"ARAQUARI";"Condutor deixou de manter distância do veículo da frente";"Saída de leito carroçável";"Sem Vítimas";"Pleno dia";"Crescente";"Céu Claro";"Múltipla";"Curva";"Não";1;0;0;0;1;0;0;1;-26,4772045;-48,739832;"SPRF-SC";"DEL03-SC";"UOP02-DEL03-SC"
547419;2023-09-08;"sexta-feira";"16:20:00";"RS";290;353,1;"SAO SEPE";"Reação tardia ou ineficiente do condutor";"Colisão traseira";"Com Vítimas Feridas";"Pleno dia";"Crescente";"Chuva";"Simples";"Reta";"Não";3;0;2;0;1;0;2;2;-30,374231;-53,702789;"SPRF-RS";"DEL09-RS";"UOP02-DEL09-RS"
547420;2023-09-08;"sexta-feira";"17:01:00";"SP";116;223;"GUARULHOS";"Reação tardia ou ineficiente do condutor";"Colisão com objeto";"Com Vítimas Feridas";"Pleno dia";"Decrescente";"Céu Claro";"Dupla";"Reta";"Não";1;0;1;0;0;0;1;1;-23,47559815;-46,5246609;"SPRF-SP";"DEL01-SP";"UOP01-DEL01-SP"
547421;2023-09-08;"sexta-feira";"17:00:00";"SC";101;144;"ITAPEMA";"Reação tardia ou ineficiente do condutor";"Colisão traseira";"Com Vítimas Feridas";"Pleno dia";"Decrescente";"Nublado";"Dupla";"Reta";"Não";4;0;1;0;3;0;1;3;-27,0732659;-48,59672716;"SPRF-SC";"DEL04-SC";"UOP03-DEL04-SC"
547422;2023-09-08;"sexta-feira";"16:45:00";"SP";101;52;"UBATUBA";"Acessar a via sem observar a presença dos outros veículos";"Colisão transversal";"Com Vítimas Feridas";"Pleno dia";"Decrescente";"Céu Claro";"Simples";"Rotatória";"Sim";2;0;0;1;1;0;1;2;-23,46282021;-45,0638634;"SPRF-SP";"DEL06-SP";"UOP01-DEL06-SP"
547423;2023-09-08;"sexta-feira";"16:45:00";"PE";232;440,6;"SERRA TALHADA";"Avarias e/ou desgaste excessivo no pneu";"Colisão traseira";"Sem Vítimas";"Pleno dia";"Crescente";"Nublado";"Simples";"Declive;Ponte;Reta";"Não";4;0;0;0;4;0;0;2;-8,012745;-38,564997;"SPRF-PE";"DEL04-PE";"UOP01-DEL04-PE"
547425;2023-09-08;"sexta-feira";"16:40:00";"RN";101;112;"SAO JOSE DE MIPIBU";"Ausência de reação do condutor";"Colisão traseira";"Sem Vítimas";"Pleno dia";"Decrescente";"Céu Claro";"Dupla";"Em Obras;Reta";"Sim";2;0;0;0;2;0;0;2;-5,96429;-35,264877;"SPRF-RN";"DEL01-RN";"UOP01-DEL01-RN"
547426;2023-09-08;"sexta-feira";"16:30:00";"MG";381;938,3;"EXTREMA";"Condutor deixou de manter distância do veículo da frente";"Colisão traseira";"Com Vítimas Feridas";"Pleno dia";"Decrescente";"Céu Claro";"Dupla";"Reta";"Não";2;0;1;0;1;0;1;2;-22,83909203;-46,32850893;"SPRF-MG";"DEL16-MG";"UOP03-DEL16-MG"
547428;2023-09-08;"sexta-feira";"17:30:00";"SP";116;47,5;"CANAS";"Demais falhas mecânicas ou elétricas";"Tombamento";"Com Vítimas Feridas";"Anoitecer";"Crescente";"Céu Claro";"Dupla";"Reta";"Não";2;0;1;0;1;0;1;1;-22,71946606;-45,06109596;"SPRF-SP";"DEL08-SP";"UOP02-DEL08-SP"
547429;2023-09-08;"sexta-feira";"17:35:00";"MG";40;517,5;"RIBEIRAO DAS NEVES";"Mal súbito do condutor";"Colisão traseira";"Com Vítimas Feridas";"Pleno dia";"Decrescente";"Céu Claro";"Dupla";"Reta";"Sim";5;0;1;0;4;0;1;2;-19,8357094;-44,07980919;"SPRF-MG";"DEL01-MG";"UOP02-DEL01-MG"
547430;2023-09-08;"sexta-feira";"16:00:00";"AL";316;85;"SANTANA DO IPANEMA";"Velocidade Incompatível";"Colisão traseira";"Com Vítimas Feridas";"Pleno dia";"Decrescente";"Céu Claro";"Simples";"Rotatória";"Sim";2;0;2;0;0;0;2;2;-9,36982836;-37,24347904;"SPRF-AL";"DEL03-AL";"UOP02-DEL03-AL"
547431;2023-09-08;"sexta-feira";"18:05:00";"RN";101;100,7;"PARNAMIRIM";"Manobra de mudança de faixa";"Colisão lateral mesmo sentido";"Com Vítimas Feridas";"Plena Noite";"Crescente";"Céu Claro";"Dupla";"Reta";"Sim";2;0;1;0;1;0;1;2;-5,88106901;-35,22542396;"SPRF-RN";"DEL01-RN";"UOP01-DEL01-RN"
547432;2023-09-08;"sexta-feira";"17:30:00";"SC";101;196,8;"BIGUACU";"Condutor deixou de manter distância do veículo da frente";"Tombamento";"Com Vítimas Feridas";"Anoitecer";"Decrescente";"Céu Claro";"Múltipla";"Reta";"Sim";1;0;1;0;0;0;1;1;-27,51101091;-48,64322292;"SPRF-SC";"DEL01-SC";"UOP01-DEL01-SC"
547434;2023-09-08;"sexta-feira";"17:55:00";"RN";101;107,6;"PARNAMIRIM";"Pedestre cruzava a pista fora da faixa";"Atropelamento de Pedestre";"Com Vítimas Feridas";"Plena Noite";"Crescente";"Céu Claro";"Múltipla";"Reta";"Sim";3;0;2;1;0;0;3;2;-5,91920796;-35,26412409;"SPRF-RN";"DEL01-RN";"UOP01-DEL01-RN"
547435;2023-09-08;"sexta-feira";"15:40:00";"SP";153;263;"MARILIA";"Ingestão de álcool pelo condutor";"Tombamento";"Sem Vítimas";"Pleno dia";"Crescente";"Céu Claro";"Simples";"Declive";"Não";1;0;0;0;1;0;0;1;-22,29139897;-49,91452691;"SPRF-SP";"DEL07-SP";"UOP02-DEL07-SP"
547436;2023-09-08;"sexta-feira";"14:45:00";"SC";101;293;"IMBITUBA";"Avarias e/ou desgaste excessivo no pneu";"Tombamento";"Com Vítimas Feridas";"Pleno dia";"Crescente";"Nublado";"Dupla";"Reta";"Não";2;0;1;1;0;0;2;1;-28,2856298;-48,70438133;"SPRF-SC";"DEL02-SC";"UOP03-DEL02-SC"
547437;2023-09-08;"sexta-feira";"17:20:00";"SC";282;342;"CAMPOS NOVOS";"Demais falhas mecânicas ou elétricas";"Colisão transversal";"Com Vítimas Feridas";"Pleno dia";"Decrescente";"Céu Claro";"Simples";"Rotatória";"Sim";2;0;1;0;1;0;1;2;-27,390287;-51,223286;"SPRF-SC";"DEL07-SC";"UOP06-DEL07-SC"