"id";"data_inversa";"dia_semana";"horario";"uf";"br";"km";"municipio";"causa_acidente";"tipo_acidente";"classificacao_acidente";"fase_dia";"sentido_via";"condicao_metereologica";"tipo_pista";"tracado_via";"uso_solo";"pessoas";"mortos";"feridos_leves";"feridos_graves";"ilesos";"ignorados";"feridos";"veiculos";"latitude";"longitude";"regional";"delegacia";"uop"
547438;2023-09-08;"sexta-feira";"18:38:00";"PR";376;2;"MANDAGUARI";"Acessar a via sem observar a presença dos outros veículos";"Colisão frontal";"Com Vítimas Feridas";"Plena Noite";"Decrescente";"Chuva";"Simples";"Interseção de Vias";"Sim";2;0;1;0;1;0;1;2;-23,547966;-51,671265;"SPRF-PR";"DEL09-PR";"UOP01-DEL09-PR"
547440;2023-09-08;"sexta-feira";"18:20:00";"SE";101;148;"ESTANCIA";"Conversão proibida";"Colisão frontal";"Com Vítimas Feridas";"Plena Noite";"Decrescente";"Céu Claro";"Simples";"Reta";"Sim";2;0;1;0;1;0;1;2;-11,23058903;-37,42573496;"SPRF-SE";"DEL02-SE";"UOP01-DEL02-SE"
547442;2023-09-08;"sexta-feira";"17:45:00";"PE";101;86;"JABOATAO DOS GUARARAPES";"Ausência de reação do condutor";"Colisão traseira";"Com Vítimas Feridas";"Plena Noite";"Decrescente";"Garoa/Chuvisco";"Dupla";"Reta";"Sim";2;0;0;1;1;0;1;2;-8,18470013;-34,96816895;"SPRF-PE";"DEL01-PE";"UOP01-DEL01-PE"
547443;2023-09-08;"sexta-feira";"17:20:00";"PE";101;69;"RECIFE";"Acessar a via sem observar a presença dos outros veículos";"Colisão traseira";"Com Vítimas Feridas";"Amanhecer";"Crescente";"Nublado";"Múltipla";"Reta";"Sim";2;0;1;0;1;0;1;2;-8,05951606;-34,94581024;"SPRF-PE";"DEL01-PE";"UOP01-DEL01-PE"
547444;2023-09-08;"sexta-feira";"15:00:00";"PB";361;34,3;"CATINGUEIRA";"Velocidade Incompatível";"Saída de leito carroçável";"Com Vítimas Fatais";"Pleno dia";"Crescente";"Céu Claro";"Simples";"Curva";"Não";1;1;0;0;0;0;0;1;-7,08749516;-37,54524796;"SPRF-PB";"DEL03-PB";"UOP01-DEL03-PB"
547447;2023-09-08;"sexta-feira";"18:00:00";"RN";226;4;"NATAL";"Conversão proibida";"Colisão frontal";"Com Vítimas Feridas";"Plena Noite";"Crescente";"Nublado";"Simples";"Reta";"Não";2;0;1;0;1;0;1;2;-5,81958019;-35,25969486;"SPRF-RN";"DEL01-RN";"UOP02-DEL01-RN"
547448;2023-09-08;"sexta-feira";"18:50:00";"BA";242;798;"BARREIRAS";"Reação tardia ou ineficiente do condutor";"Saída de leito carroçável";"Com Vítimas Feridas";"Plena Noite";"Decrescente";"Céu Claro";"Dupla";"Declive;Retorno Regulamentado";"Não";1;0;0;1;0;0;1;1;-12,11841138;-45,04483765;"SPRF-BA";"DEL10-BA";"UOP01-DEL10-BA"
547449;2023-09-08;"sexta-feira";"18:05:00";"BA";324;538;"CONCEICAO DO JACUIPE";"Reação tardia ou ineficiente do condutor";"Colisão traseira";"Com Vítimas Feridas";"Anoitecer";"Decrescente";"Céu Claro";"Dupla";"Reta";"Não";2;0;1;0;1;0;1;2;-12,37446934;-38,80672447;"SPRF-BA";"DEL01-BA";"UOP03-DEL01-BA"
547450;2023-09-08;"sexta-feira";"18:10:00";"MT";163;842;"SINOP";"Ingestão de álcool pelo condutor";"Colisão traseira";"Com Vítimas Feridas";"Pleno dia";"Crescente";"Céu Claro";"Simples";"Reta";"Sim";4;0;1;0;3;0;1;2;-11,92479503;-55,5117839;"SPRF-MT";"DEL06-MT";"UOP02-DEL06-MT"
547451;2023-09-08;"sexta-feira";"19:00:00";"PR";277;74;"SAO JOSE DOS PINHAIS";"Condutor deixou de manter distância do veículo da frente";"Colisão traseira";"Com Vítimas Feridas";"Plena Noite";"Decrescente";"Nublado";"Dupla";"Reta";"Sim";7;0;1;0;5;1;1;4;-25,4957516;-49,1639843;"SPRF-PR";"DEL01-PR";"UOP01-DEL01-PR"
547454;2023-09-08;"sexta-feira";"18:50:00";"SC";101;123,6;"ITAJAI";"Ausência de reação do condutor";"Colisão transversal";"Com Vítimas Feridas";"Plena Noite";"Decrescente";"Nublado";"Simples";"Interseção de Vias";"Não";3;0;1;0;2;0;1;2;-26,93668609;-48,69876905;"SPRF-SC";"DEL04-SC";"UOP04-DEL04-SC"
547456;2023-09-08;"sexta-feira";"18:40:00";"SP";116;219;"GUARULHOS";"Reação tardia ou ineficiente do condutor";"Colisão lateral mesmo sentido";"Com Vítimas Feridas";"Plena Noite";"Decrescente";"Céu Claro";"Simples";"Curva";"Sim";2;0;0;1;1;0;1;2;-23,46143954;-46,48885316;"SPRF-SP";"DEL01-SP";"UOP01-DEL01-SP"
547457;2023-09-08;"sexta-feira";"19:35:00";"RS";116;145;"CAXIAS DO SUL";"Manobra de mudança de faixa";"Colisão traseira";"Com Vítimas Feridas";"Plena Noite";"Crescente";"Céu Claro";"Dupla";"Declive;Reta";"Sim";2;0;1;0;1;0;1;2;-29,1350217;-51,1302779;"SPRF-RS";"DEL05-RS";"UOP01-DEL05-RS"
547458;2023-09-08;"sexta-feira";"19:20:00";"SC";470;72;"INDAIAL";"Ausência de sinalização";"Saída de leito carroçável";"Com Vítimas Feridas";"Plena Noite";"Crescente";"Garoa/Chuvisco";"Simples";"Reta;Em Obras";"Não";4;0;3;0;1;0;3;1;-26,901979;-49,268745;"SPRF-SC";"DEL04-SC";"UOP01-DEL04-SC"
547459;2023-09-08;"sexta-feira";"19:30:00";"PE";428;85,1;"SANTA MARIA DA BOA VISTA";"Pedestre andava na pista";"Atropelamento de Pedestre";"Com Vítimas Feridas";"Plena Noite";"Decrescente";"Céu Claro";"Simples";"Declive;Reta";"Não";3;0;1;0;0;2;1;2;-8,79493882;-39,83968793;"SPRF-PE";"DEL06-PE";"UOP03-DEL06-PE"
547460;2023-09-08;"sexta-feira";"20:00:00";"SC";101;125,8;"ITAJAI";"Ausência de reação do condutor";"Colisão lateral mesmo sentido";"Com Vítimas Feridas";"Plena Noite";"Crescente";"Nublado";"Dupla";"Reta";"Não";2;0;0;1;1;0;1;2;-26,94802427;-48,68338515;"SPRF-SC";"DEL04-SC";"UOP04-DEL04-SC"
547461;2023-09-08;"sexta-feira";"20:10:00";"MG";50;31,9;"ARAGUARI";"Ausência de reação do condutor";"Capotamento";"Com Vítimas Feridas";"Plena Noite";"Decrescente";"Céu Claro";"Dupla";"Reta";"Não";1;0;1;0;0;0;1;1;-18,62419107;-48,11705236;"SPRF-MG";"DEL15-MG";"UOP02-DEL15-MG"
547462;2023-09-08;"sexta-feira";"17:00:00";"RJ";101;325;"NITEROI";"Condutor deixou de manter distância do veículo da frente";"Tombamento";"Com Vítimas Feridas";"Anoitecer";"Decrescente";"Céu Claro";"Dupla";"Reta";"Não";1;0;1;0;0;0;1;1;-22,87292569;-43,13625699;"SPRF-RJ";"DEL02-RJ";"UOP01-DEL02-RJ"
547463;2023-09-08;"sexta-feira";"18:40:00";"MG";381;867,1;"POUSO ALEGRE";"Pedestre andava na pista";"Atropelamento de Pedestre";"Com Vítimas Feridas";"Plena Noite";"Crescente";"Céu Claro";"Dupla";"Declive";"Não";4;0;0;1;1;2;1;2;-22,411919;-45,96177005;"SPRF-MG";"DEL16-MG";"UOP01-DEL16-MG"
547464;2023-09-08;"sexta-feira";"19:05:00";"RS";386;122,5;"SARANDI";"Reação tardia ou ineficiente do condutor";"Colisão frontal";"Sem Vítimas";"Plena Noite";"Decrescente";"Nublado";"Simples";"Reta";"Não";8;0;0;0;6;2;0;3;-27,887949;-52,991646;"SPRF-RS";"DEL08-RS";"UOP01-DEL08-RS"
547465;2023-09-08;"sexta-feira";"18:40:00";"BA";101;870,5;"CARAVELAS";"Acostamento em desnível";"Queda de ocupante de veículo";"Com Vítimas Feridas";"Anoitecer";"Crescente";"Céu Claro";"Simples";"Declive;Reta";"Não";1;0;1;0;0;0;1;1;-17,67853538;-39,7741127;"SPRF-BA";"DEL09-BA";"UOP02-DEL09-BA"
547467;2023-09-08;"sexta-feira";"19:15:00";"PR";277;97;"CURITIBA";"Ausência de reação do condutor";"Tombamento";"Com Vítimas Feridas";"Plena Noite";"Crescente";"Garoa/Chuvisco";"Dupla";"Reta";"Sim";3;0;1;0;2;0;1;3;-25,43049804;-49,33615142;"SPRF-PR";"DEL01-PR";"UOP06-DEL01-PR"
547468;2023-09-08;"sexta-feira";"20:45:00";"RS";448;5,1;"ESTEIO";"Manobra de mudança de faixa";"Colisão lateral mesmo sentido";"Com Vítimas Feridas";"Plena Noite";"Decrescente";"Garoa/Chuvisco";"Dupla";"Reta";"Não";4;0;1;0;1;2;1;3;-29,860846;-51,225819;"SPRF-RS";"DEL01-RS";"UOP02-DEL01-RS"
547469;2023-09-08;"sexta-feira";"18:30:00";"PE";408;33;"ALIANCA";"Velocidade Incompatível";"Colisão frontal";"Com Vítimas Feridas";"Plena Noite";"Decrescente";"Chuva";"Simples";"Interseção de Vias;Reta";"Não";6;0;6;0;0;0;6;2;-7,5940327;-35,24470263;"SPRF-PE";"DEL01-PE";"UOP02-DEL01-PE"
547470;2023-09-08;"sexta-feira";"11:40:00";"RJ";40;31;"AREAL";"Acumulo de óleo sobre o pavimento";"Colisão com objeto";"Com Vítimas Feridas";"Pleno dia";"Crescente";"Céu Claro";"Dupla";"Curva";"Não";3;0;3;0;0;0;3;1;-22,19245612;-43,16023202;"SPRF-RJ";"DEL05-RJ";"UOP02-DEL05-RJ"
547471;2023-09-08;"sexta-feira";"18:50:00";"PR";153;11,5;"JACAREZINHO";"Reação tardia ou ineficiente do condutor";"Capotamento";"Com Vítimas Feridas";"Plena Noite";"Decrescente";"Céu Claro";"Simples";"Reta";"Não";1;0;1;0;0;0;1;1;-23,08444598;-49,93636609;"SPRF-PR";"DEL07-PR";"UOP04-DEL07-PR"
547473;2023-09-08;"sexta-feira";"20:28:00";"DF";40;2;"BRASILIA";"Demais falhas mecânicas ou elétricas";"Colisão com objeto";"Sem Vítimas";"Plena Noite";"Crescente";"Céu Claro";"Múltipla";"Reta";"Sim";1;0;0;0;0;1;0;1;-15,99435;-47,985947;"SPRF-DF";"DEL01-DF";"UOP01-DEL01-DF"
547474;2023-09-08;"sexta-feira";"18:45:00";"MS";158;91,9;"PARANAIBA";"Manobra de mudança de faixa";"Colisão lateral mesmo sentido";"Sem Vítimas";"Plena Noite";"Crescente";"Vento";"Dupla";"Rotatória";"Sim";6;0;0;0;6;0;0;2;-19,656206;-51,203968;"SPRF-MS";"DEL08-MS";"UOP01-DEL08-MS"
547476;2023-09-08;"sexta-feira";"19:53:00";"SP";116;80,8;"ROSEIRA";"Ausência de reação do condutor";"Atropelamento de Pedestre";"Com Vítimas Fatais";"Plena Noite";"Decrescente";"Céu Claro";"Dupla";"Reta";"Sim";2;1;0;0;1;0;0;2;-22,89958454;-45,30245564;"SPRF-SP";"DEL08-SP";"UOP01-DEL08-SP"
547477;2023-09-08;"sexta-feira";"21:30:00";"ES";101;151,1;"LINHARES";"Pedestre andava na pista";"Atropelamento de Pedestre";"Com Vítimas Fatais";"Plena Noite";"Decrescente";"Céu Claro";"Simples";"Reta";"Não";2;1;1;0;0;0;1;2;-19,41156656;-40,06592463;"SPRF-ES";"DEL04-ES";"UOP01-DEL04-ES"
547478;2023-09-08;"sexta-feira";"21:50:00";"GO";60;389;"RIO VERDE";"Conversão proibida";"Colisão transversal";"Com Vítimas Feridas";"Plena Noite";"Crescente";"Céu Claro";"Simples";"Aclive;Reta";"Sim";2;0;0;1;1;0;1;2;-17,819;-50,943;"SPRF-GO";"DEL04-GO";"UOP02-DEL04-GO"
547480;2023-09-08;"sexta-feira";"21:25:00";"RS";290;175;"BUTIA";"Acessar a via sem observar a presença dos outros veículos";"Colisão transversal";"Com Vítimas Feridas";"Plena Noite";"Crescente";"Nublado";"Simples";"Reta";"Sim";3;0;2;0;1;0;2;2;-30,129343;-51,961823;"SPRF-RS";"DEL02-RS";"UOP03-DEL02-RS"
547481;2023-09-02;"sábado";"18:30:00";"BA";116;14;"VITORIA DA CONQUISTA";"Acessar a via sem observar a presença dos outros veículos";"Tombamento";"Com Vítimas Feridas";"Plena Noite";"Crescente";"Nublado";"Simples";"Reta";"Não";1;0;1;0;0;0;1;1;-14,893422;-40,865376;"SPRF-BA";"DEL08-BA";"UOP01-DEL08-BA"
547482;2023-09-08;"sexta-feira";"20:25:00";"MG";116;574,1;"MANHUACU";"Velocidade Incompatível";"Colisão com objeto";"Com Vítimas Feridas";"Plena Noite";"Decrescente";"Nublado";"Simples";"Curva";"Não";1;0;1;0;0;0;1;1;-20,13900489;-42,17990632;"SPRF-MG";"DEL06-MG";"UOP03-DEL06-MG"
547483;2023-09-08;"sexta-feira";"21:00:00";"RN";406;75;"JOAO CAMARA";"Transitar na contramão";"Colisão lateral sentido oposto";"Com Vítimas Feridas";"Plena Noite";"Decrescente";"Céu Claro";"Simples";"Reta";"Não";5;0;1;0;2;2;1;2;-5,40717;-36,017085;"SPRF-RN";"DEL02-RN";"UOP01-DEL02-RN"
547485;2023-09-08;"sexta-feira";"22:20:00";"SP";381;88;"SAO PAULO";"Trafegar com motocicleta (ou similar) entre as faixas";"Colisão lateral mesmo sentido";"Com Vítimas Feridas";"Plena Noite";"Crescente";"Céu Claro";"Múltipla";"Reta";"Não";2;0;0;1;1;0;1;2;-23,40319901;-46,57564699;"SPRF-SP";"DEL03-SP";"UOP01-DEL03-SP"
547486;2023-09-08;"sexta-feira";"18:00:00";"BA";116;320;"ARACI";"Transitar na contramão";"Colisão frontal";"Com Vítimas Fatais";"Plena Noite";"Crescente";"Céu Claro";"Simples";"Reta";"Não";2;1;0;0;1;0;0;2;-11,324903;-38,950989;"SPRF-BA";"DEL02-BA";"UOP01-DEL02-BA"
547488;2023-09-08;"sexta-feira";"19:20:00";"SC";282;194;"LAGES";"Acessar a via sem observar a presença dos outros veículos";"Colisão transversal";"Com Vítimas Feridas";"Plena Noite";"Decrescente";"Garoa/Chuvisco";"Simples";"Aclive;Reta";"Não";3;0;3;0;0;0;3;2;-27,74440094;-50,07845163;"SPRF-SC";"DEL05-SC";"UOP01-DEL05-SC"
547490;2023-09-08;"sexta-feira";"23:00:00";"RJ";116;170;"RIO DE JANEIRO";"Iluminação deficiente";"Atropelamento de Pedestre";"Com Vítimas Feridas";"Plena Noite";"Crescente";"Céu Claro";"Dupla";"Reta";"Sim";2;0;0;1;1;0;1;2;-22,81113183;-43,3336729;"SPRF-RJ";"DEL01-RJ";"UOP02-DEL01-RJ"
547491;2023-09-08;"sexta-feira";"19:04:00";"TO";153;248;"COLINAS DO TOCANTINS";"Animais na Pista";"Atropelamento de Animal";"Com Vítimas Feridas";"Plena Noite";"Decrescente";"Céu Claro";"Dupla";"Reta";"Sim";3;0;1;1;1;0;2;2;-8,06220097;-48,46672098;"SPRF-TO";"DEL02-TO";"UOP02-DEL02-TO"
547492;2023-09-08;"sexta-feira";"19:45:00";"RO";364;710;"PORTO VELHO";"Acessar a via sem observar a presença dos outros veículos";"Colisão transversal";"Com Vítimas Feridas";"Plena Noite";"Decrescente";"Céu Claro";"Dupla";"Reta";"Sim";2;0;0;2;0;0;2;2;-8,78621576;-63,85712687;"SPRF-RO";"DEL01-RO";"UOP01-DEL01-RO"
547493;2023-09-08;"sexta-feira";"23:00:00";"SC";101;178;"GOVERNADOR CELSO RAMOS";"Ingestão de álcool pelo condutor";"Colisão com objeto";"Com Vítimas Feridas";"Plena Noite";"Crescente";"Nublado";"Simples";"Viaduto";"Não";1;0;1;0;0;0;1;1;-27,36408098;-48,63391212;"SPRF-SC";"DEL01-SC";"UOP01-DEL01-SC"
547496;2023-09-08;"sexta-feira";"21:00:00";"SC";101;282,8;"IMBITUBA";"Ausência de reação do condutor";"Colisão lateral mesmo sentido";"Sem Vítimas";"Plena Noite";"Crescente";"Céu Claro";"Dupla";"Reta";"Sim";1;0;0;0;0;1;0;1;-28,19626005;-48,69739859;"SPRF-SC";"DEL02-SC";"UOP03-DEL02-SC"
547498;2023-09-08;"sexta-feira";"22:35:00";"PE";101;56;"RECIFE";"Pedestre andava na pista";"Atropelamento de Pedestre";"Com Vítimas Feridas";"Plena Noite";"Crescente";"Céu Claro";"Dupla";"Reta";"Sim";2;0;0;1;0;1;1;2;-7,9554509;-34,91140727;"SPRF-PE";"DEL01-PE";"UOP02-DEL01-PE"
547499;2023-09-08;"sexta-feira";"23:40:00";"SC";101;2;"GARUVA";"Pista Escorregadia";"Saída de leito carroçável";"Sem Vítimas";"Plena Noite";"Decrescente";"Garoa/Chuvisco";"Dupla";"Reta";"Não";1;0;0;0;1;0;0;1;-25,99699834;-48,87891655;"SPRF-SC";"DEL03-SC";"UOP01-DEL03-SC"
547501;2023-09-09;"sábado";"00:05:00";"RJ";101;388;"RIO DE JANEIRO";"Manobra de mudança de faixa";"Colisão lateral mesmo sentido";"Sem Vítimas";"Plena Noite";"Decrescente";"Céu Claro";"Dupla";"Reta";"Não";4;0;0;0;4;0;0;2;-22,88810094;-43,65827302;"SPRF-RJ";"DEL03-RJ";"UOP01-DEL03-RJ"
547502;2023-09-09;"sábado";"01:15:00";"PR";277;81,2;"CURITIBA";"Ausência de reação do condutor";"Colisão traseira";"Com Vítimas Fatais";"Plena Noite";"Crescente";"Garoa/Chuvisco";"Dupla";"Reta";"Sim";5;1;1;2;0;1;3;3;-25,4617027;-49,2189666;"SPRF-PR";"DEL01-PR";"UOP01-DEL01-PR"
547506;2023-09-09;"sábado";"02:15:00";"MG";116;414;"GOVERNADOR VALADARES";"Ausência de reação do condutor";"Colisão com objeto";"Com Vítimas Feridas";"Plena Noite";"Crescente";"Ignorado";"Simples";"Interseção de Vias";"Sim";2;0;2;0;0;0;2;1;-18,88431741;-41,94867427;"SPRF-MG";"DEL06-MG";"UOP01-DEL06-MG"
547507;2023-09-09;"sábado";"02:50:00";"PR";369;507;"CASCAVEL";"Demais falhas mecânicas ou elétricas";"Incêndio";"Sem Vítimas";"Plena Noite";"Crescente";"Nublado";"Simples";"Reta";"Não";1;0;0;0;0;1;0;1;-24,8386;-53,3091;"SPRF-PR";"DEL04-PR";"UOP03-DEL04-PR"
547508;2023-09-09;"sábado";"03:20:00";"PR";163;183;"LINDOESTE";"Ausência de reação do condutor";"Saída de leito carroçável";"Sem Vítimas";"Plena Noite";"Decrescente";"Nublado";"Dupla";"Reta";"Não";1;0;0;0;0;1;0;1;-25,15061891;-53,59355915;"SPRF-PR";"DEL05-PR";"UOP05-DEL05-PR"
547510;2023-09-09;"sábado";"03:55:00";"SC";163;85;"GUARACIABA";"Ingestão de álcool pelo condutor";"Saída de leito carroçável";"Com Vítimas Feridas";"Plena Noite";"Crescente";"Céu Claro";"Simples";"Declive;Reta";"Sim";1;0;1;0;0;0;1;1;-26,60730301;-53,51704391;"SPRF-SC";"DEL07-SC";"UOP03-DEL07-SC"
547511;2023-09-09;"sábado";"03:30:00";"PR";116;17;"COLOMBO";"Velocidade Incompatível";"Queda de ocupante de veículo";"Com Vítimas Feridas";"Plena Noite";"Decrescente";"Chuva";"Dupla";"Curva";"Sim";1;0;0;1;0;0;1;1;-25,389;-49,1867;"SPRF-PR";"DEL01-PR";"UOP02-DEL01-PR"
547513;2023-09-09;"sábado";"03:15:00";"SC";101;332,2;"TUBARAO";"Ingestão de álcool pelo condutor";"Saída de leito carroçável";"Sem Vítimas";"Plena Noite";"Crescente";"Céu Claro";"Dupla";"Curva";"Não";2;0;0;0;2;0;0;1;-28,46016431;-48,98968873;"SPRF-SC";"DEL02-SC";"UOP01-DEL02-SC"
547514;2023-09-09;"sábado";"04:30:00";"SC";282;510,1;"XANXERE";"Ingestão de álcool e/ou substâncias psicoativas pelo pedestre";"Saída de leito carroçável";"Com Vítimas Feridas";"Plena Noite";"Crescente";"Chuva";"Simples";"Reta";"Não";1;0;1;0;0;0;1;1;-26,8952;-52,4625;"SPRF-SC";"DEL07-SC";"UOP01-DEL07-SC"
547515;2023-09-09;"sábado";"05:00:00";"RS";392;344;"SANTA MARIA";"Ingestão de álcool pelo condutor";"Saída de leito carroçável";"Sem Vítimas";"Plena Noite";"Decrescente";"Chuva";"Simples";"Reta;Declive";"Não";2;0;0;0;2;0;0;1;-29,77885999;-53,78356691;"SPRF-RS";"DEL09-RS";"UOP01-DEL09-RS"
547516;2023-09-08;"sexta-feira";"19:15:00";"MG";262;828;"UBERABA";"Demais falhas mecânicas ou elétricas";"Saída de leito carroçável";"Sem Vítimas";"Plena Noite";"Crescente";"Céu Claro";"Dupla";"Viaduto;Reta";"Não";1;0;0;0;1;0;0;1;-19,74463026;-48,18434503;"SPRF-MG";"DEL13-MG";"UOP01-DEL13-MG"
547517;2023-09-08;"sexta-feira";"17:15:00";"CE";403;5;"ACARAU";"Transitar na contramão";"Colisão lateral sentido oposto";"Com Vítimas Fatais";"Plena Noite";"Crescente";"Céu Claro";"Simples";"Reta";"Não";3;1;0;0;1;1;0;3;-2,92932501;-40,1209249;"SPRF-CE";"DEL01-CE";"UOP03-DEL01-CE"
547519;2023-09-09;"sábado";"05:00:00";"PI";316;18,1;"TERESINA";"Animais na Pista";"Atropelamento de Animal";"Com Vítimas Feridas";"Plena Noite";"Crescente";"Céu Claro";"Dupla";"Curva";"Não";2;0;2;0;0;0;2;1;-5,250487;-42,730416;"SPRF-PI";"DEL01-PI";"UOP02-DEL01-PI"
547521;2023-09-09;"sábado";"05:15:00";"MG";40;429,5;"PARAOPEBA";"Entrada inopinada do pedestre";"Atropelamento de Pedestre";"Com Vítimas Fatais";"Amanhecer";"Decrescente";"Céu Claro";"Dupla";"Declive;Reta";"Não";2;1;0;0;1;0;0;2;-19,18561589;-44,49396791;"SPRF-MG";"DEL02-MG";"UOP01-DEL02-MG"
547524;2023-09-09;"sábado";"05:50:00";"MG";381;683,2;"LAVRAS";"Condutor Dormindo";"Saída de leito carroçável";"Com Vítimas Feridas";"Amanhecer";"Decrescente";"Céu Claro";"Dupla";"Aclive;Reta";"Não";1;0;1;0;0;0;1;1;-21,17656293;-45,12506072;"SPRF-MG";"DEL04-MG";"UOP02-DEL04-MG"
547526;2023-09-08;"sexta-feira";"18:49:00";"RO";364;308;"PRESIDENTE MEDICI";"Acessar a via sem observar a presença dos outros veículos";"Colisão transversal";"Com Vítimas Feridas";"Plena Noite";"Crescente";"Céu Claro";"Simples";"Reta;Interseção de Vias";"Sim";2;0;1;0;1;0;1;2;-11,172427;-61,901573;"SPRF-RO";"DEL02-RO";"UOP01-DEL02-RO"
547527;2023-09-09;"sábado";"06:50:00";"DF";40;0;"BRASILIA";"Condutor deixou de manter distância do veículo da frente";"Colisão traseira";"Com Vítimas Feridas";"Amanhecer";"Crescente";"Céu Claro";"Dupla";"Reta";"Sim";3;0;2;0;1;0;2;2;-15,976897;-47,990129;"SPRF-DF";"DEL01-DF";"UOP01-DEL01-DF"
547528;2023-09-09;"sábado";"06:30:00";"BA";116;809,5;"VITORIA DA CONQUISTA";"Desrespeitar a preferência no cruzamento";"Colisão transversal";"Com Vítimas Feridas";"Pleno dia";"Decrescente";"Nublado";"Simples";"Reta;Retorno Regulamentado";"Não";2;0;1;0;1;0;1;2;-14,78642415;-40,74720526;"SPRF-BA";"DEL08-BA";"UOP01-DEL08-BA"
547529;2023-09-09;"sábado";"06:45:00";"ES";101;269,5;"SERRA";"Velocidade Incompatível";"Queda de ocupante de veículo";"Com Vítimas Feridas";"Pleno dia";"Crescente";"Céu Claro";"Dupla";"Reta";"Sim";1;0;0;1;0;0;1;1;-20,21740496;-40,26990578;"SPRF-ES";"DEL02-ES";"UOP01-DEL02-ES"
547531;2023-09-09;"sábado";"06:20:00";"DF";70;15,4;"BRASILIA";"Ausência de reação do condutor";"Saída de leito carroçável";"Com Vítimas Feridas";"Pleno dia";"Decrescente";"Céu Claro";"Dupla";"Reta";"Sim";1;0;1;0;0;0;1;1;-15,798888;-48,185043;"SPRF-DF";"DEL03-DF";"UOP02-DEL03-DF"
547532;2023-09-09;"sábado";"07:00:00";"MG";40;614,8;"CONGONHAS";"Ingestão de álcool pelo condutor";"Saída de leito carroçável";"Com Vítimas Feridas";"Pleno dia";"Crescente";"Céu Claro";"Simples";"Reta";"Sim";2;0;2;0;0;0;2;1;-20,53976711;-43,82092053;"SPRF-MG";"DEL05-MG";"UOP02-DEL05-MG"
547533;2023-09-09;"sábado";"06:20:00";"SC";116;6,7;"MAFRA";"Ausência de reação do condutor";"Queda de ocupante de veículo";"Com Vítimas Feridas";"Amanhecer";"Crescente";"Céu Claro";"Simples";"Curva;Declive";"Sim";1;0;1;0;0;0;1;1;-26,14644691;-49,82305806;"SPRF-SC";"DEL06-SC";"UOP01-DEL06-SC"
547536;2023-09-09;"sábado";"07:30:00";"ES";101;291;"CARIACICA";"Acessar a via sem observar a presença dos outros veículos";"Colisão transversal";"Com Vítimas Feridas";"Pleno dia";"Crescente";"Sol";"Dupla";"Retorno Regulamentado";"Sim";3;0;1;0;2;0;1;3;-20,29755744;-40,39445616;"SPRF-ES";"DEL01-ES";"UOP01-DEL01-ES"
547537;2023-09-04;"segunda-feira";"23:30:00";"SP";116;292;"ITAPECERICA DA SERRA";"Condutor Dormindo";"Saída de leito carroçável";"Sem Vítimas";"Plena Noite";"Crescente";"Céu Claro";"Simples";"Retorno Regulamentado";"Não";1;0;0;0;0;1;0;1;-23,74581995;-46,90003027;"SPRF-SP";"DEL04-SP";"UOP01-DEL04-SP"
547541;2023-09-03;"domingo";"16:49:00";"BA";101;373;"IBIRAPITANGA";"Problema com o freio";"Tombamento";"Com Vítimas Feridas";"Pleno dia";"Decrescente";"Céu Claro";"Simples";"Reta;Declive";"Não";2;0;1;0;1;0;1;1;-13,93346395;-39,48730406;"SPRF-BA";"DEL05-BA";"UOP03-DEL05-BA"
547542;2023-09-09;"sábado";"07:55:00";"MG";381;677;"PERDOES";"Demais falhas mecânicas ou elétricas";"Queda de ocupante de veículo";"Com Vítimas Feridas";"Pleno dia";"Crescente";"Céu Claro";"Simples";"Rotatória";"Sim";3;0;2;0;0;1;2;2;-21,10682575;-45,09186322;"SPRF-MG";"DEL04-MG";"UOP02-DEL04-MG"
547544;2023-09-09;"sábado";"07:34:00";"MA";135;24;"SAO LUIS";"Condutor Dormindo";"Colisão traseira";"Sem Vítimas";"Pleno dia";"Decrescente";"Céu Claro";"Dupla";"Aclive;Ponte;Reta";"Sim";4;0;0;0;4;0;0;2;-2,76313962;-44,3587932;"SPRF-MA";"DEL01-MA";"UOP01-DEL01-MA"
547545;2023-09-08;"sexta-feira";"20:35:00";"RJ";465;20;"NOVA IGUACU";"Reação tardia ou ineficiente do condutor";"Atropelamento de Pedestre";"Com Vítimas Feridas";"Plena Noite";"Decrescente";"Céu Claro";"Simples";"Reta";"Não";2;0;1;0;0;1;1;2;-22,846828;-43,605339;"SPRF-RJ";"DEL03-RJ";"UOP01-DEL03-RJ"
547550;2023-09-09;"sábado";"09:40:00";"MG";381;729;"CARMO DA CACHOEIRA";"Ausência de reação do condutor";"Saída de leito carroçável";"Com Vítimas Feridas";"Pleno dia";"Crescente";"Céu Claro";"Dupla";"Reta";"Não";2;0;1;0;1;0;1;1;-21,53065495;-45,23082007;"SPRF-MG";"DEL04-MG";"UOP02-DEL04-MG"
547551;2023-09-09;"sábado";"09:40:00";"SC";470;128;"LONTRAS";"Reação tardia ou ineficiente do condutor";"Colisão traseira";"Sem Vítimas";"Pleno dia";"Decrescente";"Chuva";"Simples";"Reta;Aclive";"Não";2;0;0;0;2;0;0;2;-27,143742;-49,548897;"SPRF-SC";"DEL04-SC";"UOP02-DEL04-SC"