"id";"data_inversa";"dia_semana";"horario";"uf";"br";"km";"municipio";"causa_acidente";"tipo_acidente";"classificacao_acidente";"fase_dia";"sentido_via";"condicao_metereologica";"tipo_pista";"tracado_via";"uso_solo";"pessoas";"mortos";"feridos_leves";"feridos_graves";"ilesos";"ignorados";"feridos";"veiculos";"latitude";"longitude";"regional";"delegacia";"uop"
547667;2023-09-09;"sábado";"19:30:00";"MS";163;206;"CAARAPO";"Reação tardia ou ineficiente do condutor";"Saída de leito carroçável";"Sem Vítimas";"Plena Noite";"Decrescente";"Nublado";"Simples";"Reta";"Não";1;0;0;0;1;0;0;1;-22,65390994;-54,80646392;"SPRF-MS";"DEL04-MS";"UOP02-DEL04-MS"
547669;2023-09-09;"sábado";"20:10:00";"SC";470;73,2;"INDAIAL";"Ingestão de álcool pelo condutor";"Colisão lateral mesmo sentido";"Com Vítimas Feridas";"Plena Noite";"Crescente";"Nublado";"Dupla";"Reta";"Sim";4;0;2;0;2;0;2;2;-26,91023322;-49,27641213;"SPRF-SC";"DEL04-SC";"UOP01-DEL04-SC"
547670;2023-09-09;"sábado";"20:30:00";"BA";101;932;"MUCURI";"Ausência de reação do condutor";"Saída de leito carroçável";"Com Vítimas Feridas";"Plena Noite";"Decrescente";"Céu Claro";"Simples";"Reta";"Não";3;0;3;0;0;0;3;1;-18,16840196;-39,91873914;"SPRF-BA";"DEL09-BA";"UOP02-DEL09-BA"
547671;2023-09-09;"sábado";"20:20:00";"DF";60;2,5;"BRASILIA";"Ausência de reação do condutor";"Colisão traseira";"Com Vítimas Feridas";"Plena Noite";"Crescente";"Céu Claro";"Dupla";"Reta";"Sim";2;0;1;0;1;0;1;2;-15,888712;-48,082738;"SPRF-DF";"DEL03-DF";"UOP01-DEL03-DF"
547673;2023-09-09;"sábado";"20:15:00";"PR";277;4,8;"FOZ DO IGUACU";"Ausência de reação do condutor";"Colisão traseira";"Sem Vítimas";"Plena Noite";"Decrescente";"Céu Claro";"Dupla";"Reta";"Sim";2;0;0;0;1;1;0;2;-25,5469;-54,5882;"SPRF-PR";"DEL05-PR";"UOP03-DEL05-PR"
547674;2023-09-09;"sábado";"20:00:00";"GO";158;8;"ARAGARCAS";"Manobra de mudança de faixa";"Colisão lateral sentido oposto";"Com Vítimas Feridas";"Plena Noite";"Crescente";"Céu Claro";"Simples";"Reta";"Não";6;0;1;0;4;1;1;3;-15,936459;-52,21084102;"SPRF-GO";"DEL04-GO";"UOP02-DEL04-GO"
547675;2023-09-09;"sábado";"19:01:00";"PE";232;518;"SALGUEIRO";"Pedestre andava na pista";"Atropelamento de Pedestre";"Com Vítimas Feridas";"Pleno dia";"Crescente";"Céu Claro";"Simples";"Reta";"Não";2;0;0;1;0;1;1;2;-8,061821;-39,206123;"SPRF-PE";"DEL05-PE";"UOP01-DEL05-PE"
547676;2023-09-09;"sábado";"20:11:00";"MG";40;559,5;"NOVA LIMA";"Ingestão de álcool pelo condutor";"Colisão frontal";"Com Vítimas Feridas";"Plena Noite";"Decrescente";"Céu Claro";"Dupla";"Reta";"Não";4;0;0;1;1;2;1;3;-20,11861708;-43,96783926;"SPRF-MG";"DEL01-MG";"UOP02-DEL01-MG"
547677;2023-09-09;"sábado";"17:40:00";"MA";10;321,4;"ACAILANDIA";"Ingestão de álcool pelo condutor";"Colisão traseira";"Com Vítimas Feridas";"Pleno dia";"Crescente";"Sol";"Simples";"Reta";"Sim";2;0;1;0;1;0;1;2;-4,943377;-47,503078;"SPRF-MA";"DEL04-MA";"UOP03-DEL04-MA"
547678;2023-09-09;"sábado";"21:00:00";"RS";116;236,3;"NOVO HAMBURGO";"Ingestão de álcool pelo condutor";"Capotamento";"Com Vítimas Feridas";"Plena Noite";"Crescente";"Nublado";"Múltipla";"Reta";"Sim";1;0;1;0;0;0;1;1;-29,66938502;-51,14304731;"SPRF-RS";"DEL01-RS";"UOP02-DEL01-RS"
547679;2023-09-09;"sábado";"19:40:00";"DF";20;10,1;"BRASILIA";"Reação tardia ou ineficiente do condutor";"Colisão traseira";"Com Vítimas Feridas";"Plena Noite";"Crescente";"Céu Claro";"Múltipla";"Reta";"Sim";3;0;1;0;2;0;1;2;-15,650243;-47,773872;"SPRF-DF";"DEL02-DF";"UOP01-DEL02-DF"
547680;2023-09-09;"sábado";"20:25:00";"PR";376;164;"MARINGA";"Demais falhas mecânicas ou elétricas";"Incêndio";"Sem Vítimas";"Plena Noite";"Decrescente";"Nublado";"Dupla";"Reta";"Não";1;0;0;0;1;0;0;1;-23,38591406;-52,02449602;"SPRF-PR";"DEL09-PR";"UOP01-DEL09-PR"
547682;2023-09-09;"sábado";"20:10:00";"RJ";356;168;"SAO JOAO DA BARRA";"Condutor deixou de manter distância do veículo da frente";"Colisão traseira";"Com Vítimas Feridas";"Plena Noite";"Decrescente";"Céu Claro";"Simples";"Reta";"Sim";5;0;4;0;1;0;4;2;-21,718879;-41,111479;"SPRF-RJ";"DEL08-RJ";"UOP02-DEL08-RJ"
547684;2023-09-09;"sábado";"15:20:00";"MT";163;582;"NOVA MUTUM";"Acostamento em desnível";"Saída de leito carroçável";"Sem Vítimas";"Pleno dia";"Decrescente";"Garoa/Chuvisco";"Simples";"Reta";"Não";1;0;0;0;0;1;0;1;-14,06590909;-56,10266283;"SPRF-MT";"DEL01-MT";"UOP01-DEL01-MT"
547685;2023-09-09;"sábado";"20:30:00";"RS";116;253;"SAPUCAIA DO SUL";"Ausência de reação do condutor";"Colisão traseira";"Com Vítimas Feridas";"Plena Noite";"Crescente";"Chuva";"Dupla";"Reta";"Sim";3;0;1;0;2;0;1;2;-29,81784209;-51,16996166;"SPRF-RS";"DEL01-RS";"UOP02-DEL01-RS"
547686;2023-09-09;"sábado";"20:40:00";"GO";70;313;"JUSSARA";"Velocidade Incompatível";"Colisão traseira";"Sem Vítimas";"Plena Noite";"Decrescente";"Céu Claro";"Dupla";"Reta;Declive";"Sim";4;0;0;0;4;0;0;2;-15,87353468;-50,85658377;"SPRF-GO";"DEL04-GO";"UOP02-DEL04-GO"
547687;2023-09-09;"sábado";"20:30:00";"PE";424;103;"GARANHUNS";"Velocidade Incompatível";"Tombamento";"Com Vítimas Feridas";"Plena Noite";"Crescente";"Nublado";"Simples";"Reta;Declive";"Não";1;0;0;1;0;0;1;1;-8,97809794;-36,51402997;"SPRF-PE";"DEL03-PE";"UOP01-DEL03-PE"
547688;2023-09-09;"sábado";"21:40:00";"GO";414;344,1;"COCALZINHO DE GOIAS";"Ingestão de álcool pelo condutor";"Saída de leito carroçável";"Sem Vítimas";"Plena Noite";"Crescente";"Céu Claro";"Simples";"Reta";"Não";2;0;0;0;2;0;0;1;-15,58443369;-48,63170542;"SPRF-GO";"DEL02-GO";"UOP01-DEL02-GO"
547691;2023-09-09;"sábado";"22:00:00";"GO";153;441;"ANAPOLIS";"Estacionar ou parar em local proibido";"Colisão traseira";"Sem Vítimas";"Plena Noite";"Crescente";"Céu Claro";"Dupla";"Declive";"Não";2;0;0;0;2;0;0;2;-16,315866;-48,921612;"SPRF-GO";"DEL02-GO";"UOP01-DEL02-GO"
547693;2023-09-09;"sábado";"22:00:00";"PA";316;66;"CASTANHAL";"Ausência de reação do condutor";"Colisão traseira";"Com Vítimas Feridas";"Plena Noite";"Crescente";"Céu Claro";"Dupla";"Reta";"Sim";3;0;1;0;2;0;1;3;-1,29533525;-47,90182499;"SPRF-PA";"DEL01-PA";"UOP01-DEL01-PA"
547694;2023-09-09;"sábado";"22:10:00";"GO";60;105,9;"GOIANAPOLIS";"Ingestão de álcool ou de substâncias psicoativas pelo pedestre";"Atropelamento de Pedestre";"Com Vítimas Feridas";"Plena Noite";"Crescente";"Céu Claro";"Dupla";"Reta;Declive";"Não";2;0;1;0;1;0;1;2;-16,4156;-49,0087;"SPRF-GO";"DEL02-GO";"UOP01-DEL02-GO"
547695;2023-09-09;"sábado";"22:55:00";"RN";110;46,3;"MOSSORO";"Pedestre cruzava a pista fora da faixa";"Atropelamento de Pedestre";"Com Vítimas Feridas";"Plena Noite";"Crescente";"Céu Claro";"Simples";"Reta;Interseção de Vias";"Sim";2;0;1;0;1;0;1;2;-5,19797675;-37,31839819;"SPRF-RN";"DEL04-RN";"UOP01-DEL04-RN"
547696;2023-09-09;"sábado";"22:05:00";"SC";101;123;"ITAJAI";"Reação tardia ou ineficiente do condutor";"Tombamento";"Com Vítimas Feridas";"Plena Noite";"Crescente";"Nublado";"Dupla";"Ponte;Reta";"Não";1;0;1;0;0;0;1;1;-26,93668609;-48,69876905;"SPRF-SC";"DEL04-SC";"UOP04-DEL04-SC"
547697;2023-09-09;"sábado";"22:30:00";"PR";376;505;"PONTA GROSSA";"Reação tardia ou ineficiente do condutor";"Saída de leito carroçável";"Com Vítimas Feridas";"Plena Noite";"Crescente";"Céu Claro";"Dupla";"Reta";"Não";5;0;1;0;4;0;1;1;-25,18564142;-50,08825779;"SPRF-PR";"DEL03-PR";"UOP04-DEL03-PR"
547698;2023-09-09;"sábado";"22:40:00";"SP";116;454;"REGISTRO";"Reação tardia ou ineficiente do condutor";"Tombamento";"Com Vítimas Feridas";"Plena Noite";"Crescente";"Nublado";"Dupla";"Reta";"Não";1;0;1;0;0;0;1;1;-24,56704392;-47,87450304;"SPRF-SP";"DEL05-SP";"UOP01-DEL05-SP"
547699;2023-09-09;"sábado";"22:15:00";"RS";101;72,9;"OSORIO";"Reação tardia ou ineficiente do condutor";"Saída de leito carroçável";"Com Vítimas Feridas";"Plena Noite";"Crescente";"Chuva";"Dupla";"Reta";"Não";2;0;1;0;1;0;1;1;-29,7653103;-50,21740458;"SPRF-RS";"DEL03-RS";"UOP01-DEL03-RS"
547700;2023-09-09;"sábado";"19:30:00";"MA";226;298;"BARRA DO CORDA";"Ingestão de álcool pelo condutor";"Colisão lateral mesmo sentido";"Com Vítimas Feridas";"Plena Noite";"Crescente";"Céu Claro";"Simples";"Reta";"Sim";3;0;1;1;1;0;2;2;-5,50176103;-45,23562004;"SPRF-MA";"DEL06-MA";"UOP01-DEL06-MA"
547702;2023-09-09;"sábado";"19:30:00";"RJ";40;111;"DUQUE DE CAXIAS";"Ausência de reação do condutor";"Colisão com objeto";"Sem Vítimas";"Plena Noite";"Crescente";"Céu Claro";"Múltipla";"Reta";"Sim";1;0;0;0;1;0;0;1;-22,691868;-43,287453;"SPRF-RJ";"DEL01-RJ";"UOP01-DEL01-RJ"
547703;2023-09-09;"sábado";"22:30:00";"SC";116;135,1;"SANTA CECILIA";"Ausência de reação do condutor";"Colisão com objeto";"Com Vítimas Feridas";"Plena Noite";"Decrescente";"Céu Claro";"Simples";"Curva";"Não";2;0;1;0;1;0;1;1;-26,92904296;-50,4345818;"SPRF-SC";"DEL06-SC";"UOP02-DEL06-SC"
547704;2023-09-09;"sábado";"21:00:00";"RJ";101;556;"PARATY";"Transitar na contramão";"Colisão lateral sentido oposto";"Com Vítimas Feridas";"Plena Noite";"Crescente";"Céu Claro";"Simples";"Reta";"Não";3;0;1;0;2;0;1;2;-23,08433215;-44,69666524;"SPRF-RJ";"DEL03-RJ";"UOP04-DEL03-RJ"
547705;2023-09-09;"sábado";"22:35:00";"PR";163;305;"MERCEDES";"Reação tardia ou ineficiente do condutor";"Saída de leito carroçável";"Com Vítimas Feridas";"Plena Noite";"Decrescente";"Nublado";"Dupla";"Reta";"Não";1;0;0;1;0;0;1;1;-24,46810715;-54,15205207;"SPRF-PR";"DEL06-PR";"UOP02-DEL06-PR"
547706;2023-09-09;"sábado";"23:58:00";"SP";116;109;"TAUBATE";"Ausência de reação do condutor";"Colisão com objeto";"Com Vítimas Feridas";"Plena Noite";"Decrescente";"Céu Claro";"Dupla";"Curva";"Sim";1;0;1;0;0;0;1;1;-23,02871304;-45,54517097;"SPRF-SP";"DEL08-SP";"UOP01-DEL08-SP"
547707;2023-09-09;"sábado";"22:00:00";"RJ";101;389;"RIO DE JANEIRO";"Reação tardia ou ineficiente do condutor";"Colisão transversal";"Com Vítimas Feridas";"Plena Noite";"Crescente";"Céu Claro";"Simples";"Retorno Regulamentado";"Sim";3;0;1;0;2;0;1;2;-22,89077885;-43,66684705;"SPRF-RJ";"DEL03-RJ";"UOP01-DEL03-RJ"
547708;2023-09-09;"sábado";"21:20:00";"AC";364;122;"RIO BRANCO";"Desrespeitar a preferência no cruzamento";"Atropelamento de Pedestre";"Com Vítimas Fatais";"Plena Noite";"Crescente";"Céu Claro";"Dupla";"Reta";"Sim";2;1;0;0;0;1;0;2;-10,01188291;-67,773345;"SPRF-AC";"DEL01-AC";"UOP01-DEL01-AC"
547709;2023-09-10;"domingo";"00:10:00";"MG";40;548,4;"NOVA LIMA";"Ausência de reação do condutor";"Colisão lateral mesmo sentido";"Com Vítimas Feridas";"Plena Noite";"Crescente";"Céu Claro";"Dupla";"Curva;Aclive";"Não";4;0;1;0;2;1;1;3;-20,03136499;-43,96967792;"SPRF-MG";"DEL01-MG";"UOP02-DEL01-MG"
547710;2023-09-09;"sábado";"22:15:00";"PR";369;395,5;"MAMBORE";"Animais na Pista";"Saída de leito carroçável";"Com Vítimas Feridas";"Plena Noite";"Decrescente";"Nublado";"Simples";"Reta";"Não";3;0;2;0;1;0;2;1;-24,2881;-52,5756;"SPRF-PR";"DEL04-PR";"UOP03-DEL04-PR"
547711;2023-09-09;"sábado";"21:30:00";"BA";324;392;"GAVIAO";"Ultrapassagem Indevida";"Colisão frontal";"Com Vítimas Feridas";"Plena Noite";"Decrescente";"Nublado";"Simples";"Reta";"Não";5;0;3;0;1;1;3;2;-11,53085485;-39,71043986;"SPRF-BA";"DEL04-BA";"UOP02-DEL04-BA"
547712;2023-09-10;"domingo";"00:45:00";"ES";101;226,8;"FUNDAO";"Ausência de reação do condutor";"Tombamento";"Sem Vítimas";"Plena Noite";"Decrescente";"Céu Claro";"Simples";"Reta";"Não";1;0;0;0;1;0;0;1;-19,90117299;-40,40897598;"SPRF-ES";"DEL02-ES";"UOP01-DEL02-ES"
547714;2023-09-10;"domingo";"00:25:00";"SP";381;86;"SAO PAULO";"Entrada inopinada do pedestre";"Atropelamento de Pedestre";"Com Vítimas Feridas";"Plena Noite";"Crescente";"Céu Claro";"Dupla";"Curva";"Sim";2;0;0;1;1;0;1;2;-23,45930499;-46,57161179;"SPRF-SP";"DEL03-SP";"UOP01-DEL03-SP"
547715;2023-09-09;"sábado";"23:30:00";"SC";101;247;"PAULO LOPES";"Ingestão de álcool pelo condutor";"Colisão traseira";"Sem Vítimas";"Plena Noite";"Crescente";"Nublado";"Dupla";"Reta";"Não";6;0;0;0;6;0;0;2;-27,91824491;-48,65414317;"SPRF-SC";"DEL02-SC";"UOP03-DEL02-SC"
547716;2023-09-09;"sábado";"23:30:00";"SC";101;362;"SANGAO";"Ausência de reação do condutor";"Saída de leito carroçável";"Com Vítimas Feridas";"Plena Noite";"Decrescente";"Chuva";"Múltipla";"Curva";"Não";1;0;1;0;0;0;1;1;-28,67136197;-49,12225505;"SPRF-SC";"DEL02-SC";"UOP01-DEL02-SC"
547717;2023-09-09;"sábado";"21:40:00";"MA";135;90;"ITAPECURU MIRIM";"Ultrapassagem Indevida";"Colisão frontal";"Com Vítimas Feridas";"Plena Noite";"Decrescente";"Céu Claro";"Simples";"Reta";"Não";6;0;1;1;4;0;2;2;-3,29768115;-44,41720963;"SPRF-MA";"DEL01-MA";"UOP02-DEL01-MA"
547718;2023-09-10;"domingo";"00:01:00";"RJ";116;321;"ITATIAIA";"Ausência de reação do condutor";"Colisão traseira";"Com Vítimas Feridas";"Plena Noite";"Crescente";"Céu Claro";"Dupla";"Reta";"Não";3;0;1;1;1;0;2;2;-22,48093378;-44,53547807;"SPRF-RJ";"DEL07-RJ";"UOP02-DEL07-RJ"
547719;2023-09-10;"domingo";"00:20:00";"RJ";101;328;"NITEROI";"Reação tardia ou ineficiente do condutor";"Tombamento";"Com Vítimas Feridas";"Plena Noite";"Crescente";"Céu Claro";"Dupla";"Reta";"Sim";1;0;1;0;0;0;1;1;-22,87028692;-43,16579699;"SPRF-RJ";"DEL02-RJ";"UOP01-DEL02-RJ"
547721;2023-09-10;"domingo";"00:40:00";"PR";277;321;"GUARAPUAVA";"Ausência de reação do condutor";"Saída de leito carroçável";"Com Vítimas Feridas";"Plena Noite";"Decrescente";"Nevoeiro/Neblina";"Simples";"Curva";"Sim";1;0;1;0;0;0;1;1;-25,35344678;-51,22861718;"SPRF-PR";"DEL08-PR";"UOP01-DEL08-PR"
547722;2023-09-10;"domingo";"00:20:00";"SC";116;247;"LAGES";"Ingestão de álcool pelo condutor";"Saída de leito carroçável";"Com Vítimas Feridas";"Plena Noite";"Decrescente";"Nevoeiro/Neblina";"Simples";"Rotatória";"Não";3;0;1;0;1;1;1;2;-27,81262488;-50,36859817;"SPRF-SC";"DEL05-SC";"UOP02-DEL05-SC"
547723;2023-09-10;"domingo";"00:10:00";"AL";423;37;"INHAPI";"Chuva";"Queda de ocupante de veículo";"Com Vítimas Feridas";"Pleno dia";"Crescente";"Chuva";"Simples";"Reta;Em Obras";"Não";1;0;0;1;0;0;1;1;-9,22455527;-37,60991991;"SPRF-AL";"DEL03-AL";"UOP02-DEL03-AL"
547724;2023-09-09;"sábado";"23:50:00";"PI";230;197;"OEIRAS";"Acessar a via sem observar a presença dos outros veículos";"Colisão transversal";"Com Vítimas Feridas";"Plena Noite";"Crescente";"Céu Claro";"Simples";"Reta";"Sim";2;0;0;1;1;0;1;2;-7,00931468;-42,12706364;"SPRF-PI";"DEL04-PI";"UOP01-DEL04-PI"
547725;2023-09-10;"domingo";"01:50:00";"SC";101;338;"TUBARAO";"Objeto estático sobre o leito carroçável";"Colisão com objeto";"Com Vítimas Feridas";"Plena Noite";"Decrescente";"Garoa/Chuvisco";"Dupla";"Declive;Reta";"Sim";4;0;2;0;2;0;2;1;-28,503478;-49,047833;"SPRF-SC";"DEL02-SC";"UOP01-DEL02-SC"
547726;2023-09-10;"domingo";"01:25:00";"MG";354;752,4;"ITAMONTE";"Retorno proibido";"Colisão transversal";"Com Vítimas Feridas";"Plena Noite";"Decrescente";"Céu Claro";"Simples";"Reta";"Sim";2;0;1;0;1;0;1;2;-22,29340799;-44,86366398;"SPRF-MG";"DEL17-MG";"UOP01-DEL17-MG"
547730;2023-09-10;"domingo";"03:41:00";"SP";116;202;"ARUJA";"Ausência de reação do condutor";"Capotamento";"Com Vítimas Feridas";"Plena Noite";"Decrescente";"Céu Claro";"Múltipla";"Aclive";"Não";2;0;1;0;1;0;1;1;-23,40809408;-46,33859597;"SPRF-SP";"DEL01-SP";"UOP01-DEL01-SP"
547731;2023-09-10;"domingo";"03:00:00";"RS";386;345,1;"LAJEADO";"Ingestão de álcool pelo condutor";"Saída de leito carroçável";"Sem Vítimas";"Plena Noite";"Crescente";"Nublado";"Simples";"Reta";"Sim";2;0;0;0;2;0;0;1;-29,443069;-51,984135;"SPRF-RS";"DEL04-RS";"UOP01-DEL04-RS"
547732;2023-09-10;"domingo";"03:56:00";"ES";101;69;"SAO MATEUS";"Animais na Pista";"Atropelamento de Animal";"Com Vítimas Feridas";"Plena Noite";"Crescente";"Céu Claro";"Simples";"Reta";"Não";1;0;1;0;0;0;1;1;-18,73556097;-39,86069526;"SPRF-ES";"DEL04-ES";"UOP02-DEL04-ES"
547734;2023-09-10;"domingo";"03:00:00";"PR";369;93;"CORNELIO PROCOPIO";"Ingestão de álcool pelo condutor";"Colisão com objeto";"Sem Vítimas";"Plena Noite";"Crescente";"Céu Claro";"Dupla";"Reta";"Não";1;0;0;0;0;1;0;1;-23,15298742;-50,60302734;"SPRF-PR";"DEL07-PR";"UOP05-DEL07-PR"
547736;2023-09-10;"domingo";"02:10:00";"RJ";101;305;"SAO GONCALO";"Ausência de reação do condutor";"Atropelamento de Animal";"Com Vítimas Fatais";"Plena Noite";"Crescente";"Céu Claro";"Dupla";"Reta";"Sim";1;1;0;0;0;0;0;1;-22,78702832;-42,99589293;"SPRF-RJ";"DEL02-RJ";"UOP02-DEL02-RJ"
547737;2023-09-10;"domingo";"02:20:00";"MA";10;307,6;"ACAILANDIA";"Ingestão de álcool pelo condutor";"Colisão lateral sentido oposto";"Com Vítimas Feridas";"Plena Noite";"Decrescente";"Céu Claro";"Simples";"Reta";"Não";3;0;0;2;0;1;2;2;-5,052458;-47,554607;"SPRF-MA";"DEL04-MA";"UOP03-DEL04-MA"
547738;2023-09-09;"sábado";"22:40:00";"SP";381;73,2;"MAIRIPORA";"Reação tardia ou ineficiente do condutor";"Colisão com objeto";"Com Vítimas Feridas";"Plena Noite";"Crescente";"Céu Claro";"Dupla";"Curva;Declive";"Não";1;0;1;0;0;0;1;1;-23,36553404;-46,55253934;"SPRF-SP";"DEL03-SP";"UOP01-DEL03-SP"
547739;2023-09-10;"domingo";"03:20:00";"PE";424;98;"GARANHUNS";"Ingestão de álcool pelo condutor";"Colisão frontal";"Sem Vítimas";"Plena Noite";"Decrescente";"Chuva";"Simples";"Reta";"Não";3;0;0;0;2;1;0;3;-8,94248907;-36,50883182;"SPRF-PE";"DEL03-PE";"UOP01-DEL03-PE"
547740;2023-09-10;"domingo";"05:00:00";"GO";70;0;"AGUAS LINDAS DE GOIAS";"Velocidade Incompatível";"Capotamento";"Com Vítimas Feridas";"Plena Noite";"Decrescente";"Céu Claro";"Múltipla";"Curva";"Sim";1;0;1;0;0;0;1;1;-15,783543;-48,2326;"SPRF-DF";"DEL03-DF";"UOP02-DEL03-DF"
547741;2023-09-10;"domingo";"05:00:00";"SC";470;53,3;"BLUMENAU";"Ingestão de substâncias psicoativas pelo condutor";"Saída de leito carroçável";"Sem Vítimas";"Amanhecer";"Decrescente";"Céu Claro";"Simples";"Aclive;Reta";"Sim";1;0;0;0;1;0;0;1;-26,867121;-49,102066;"SPRF-SC";"DEL04-SC";"UOP01-DEL04-SC"
547742;2023-09-10;"domingo";"04:40:00";"MG";381;499;"BETIM";"Animais na Pista";"Atropelamento de Animal";"Com Vítimas Feridas";"Amanhecer";"Decrescente";"Céu Claro";"Dupla";"Reta";"Sim";2;0;1;0;1;0;1;1;-20,01792651;-44,2261448;"SPRF-MG";"DEL04-MG";"UOP03-DEL04-MG"
547743;2023-09-10;"domingo";"05:00:00";"SC";282;606;"MARAVILHA";"Ingestão de álcool pelo condutor";"Saída de leito carroçável";"Com Vítimas Feridas";"Plena Noite";"Decrescente";"Céu Claro";"Simples";"Aclive;Reta";"Não";2;0;2;0;0;0;2;1;-26,778643;-53,198692;"SPRF-SC";"DEL07-SC";"UOP02-DEL07-SC"
547744;2023-09-10;"domingo";"02:30:00";"MT";163;707;"SORRISO";"Ausência de reação do condutor";"Colisão traseira";"Com Vítimas Feridas";"Plena Noite";"Decrescente";"Céu Claro";"Simples";"Reta";"Não";2;0;1;0;1;0;1;2;-13,02951905;-55,89811787;"SPRF-MT";"DEL06-MT";"UOP01-DEL06-MT"
547745;2023-09-10;"domingo";"05:02:00";"SP";116;101;"PINDAMONHANGABA";"Ingestão de álcool pelo condutor";"Tombamento";"Com Vítimas Feridas";"Plena Noite";"Crescente";"Céu Claro";"Dupla";"Reta;Declive";"Não";1;0;0;1;0;0;1;1;-22,99074204;-45,48115098;"SPRF-SP";"DEL08-SP";"UOP01-DEL08-SP"
547746;2023-09-10;"domingo";"05:00:00";"SC";470;49,5;"BLUMENAU";"Ingestão de álcool pelo condutor";"Saída de leito carroçável";"Sem Vítimas";"Plena Noite";"Decrescente";"Nublado";"Dupla";"Curva";"Não";1;0;0;0;0;1;0;1;-26,86074816;-49,07184005;"SPRF-SC";"DEL04-SC";"UOP01-DEL04-SC"
547747;2023-09-10;"domingo";"04:00:00";"SC";101;315;"LAGUNA";"Ausência de reação do condutor";"Colisão com objeto";"Sem Vítimas";"Plena Noite";"Decrescente";"Garoa/Chuvisco";"Dupla";"Ponte;Reta";"Sim";2;0;0;0;1;1;0;2;-28,43552413;-48,8343121;"SPRF-SC";"DEL02-SC";"UOP01-DEL02-SC"
547748;2023-09-10;"domingo";"05:40:00";"PI";402;41,7;"PARNAIBA";"Animais na Pista";"Atropelamento de Animal";"Com Vítimas Feridas";"Amanhecer";"Crescente";"Céu Claro";"Simples";"Reta";"Sim";1;0;0;1;0;0;1;1;-2,99403297;-41,70542983;"SPRF-PI";"DEL05-PI";"UOP01-DEL05-PI"
547749;2023-09-10;"domingo";"06:29:00";"ES";101;148;"LINHARES";"Condutor desrespeitou a iluminação vermelha do semáforo";"Colisão lateral sentido oposto";"Com Vítimas Feridas";"Pleno dia";"Crescente";"Céu Claro";"Dupla";"Interseção de Vias";"Sim";3;0;0;1;2;0;1;2;-19,38787399;-40,06752766;"SPRF-ES";"DEL04-ES";"UOP01-DEL04-ES"
547754;2023-09-10;"domingo";"06:10:00";"BA";324;587;"CANDEIAS";"Reação tardia ou ineficiente do condutor";"Saída de leito carroçável";"Com Vítimas Feridas";"Amanhecer";"Crescente";"Nublado";"Dupla";"Reta";"Não";2;0;2;0;0;0;2;1;-12,64715411;-38,47504041;"SPRF-BA";"DEL01-BA";"UOP01-DEL01-BA"
547756;2023-09-10;"domingo";"06:50:00";"RN";304;68;"MOSSORO";"Ingestão de álcool pelo condutor";"Colisão com objeto";"Com Vítimas Feridas";"Pleno dia";"Decrescente";"Céu Claro";"Simples";"Interseção de Vias";"Não";1;0;1;0;0;0;1;1;-5,386368;-37,234276;"SPRF-RN";"DEL04-RN";"UOP01-DEL04-RN"
547757;2023-09-10;"domingo";"05:20:00";"RJ";101;476;"ANGRA DOS REIS";"Velocidade Incompatível";"Saída de leito carroçável";"Com Vítimas Feridas";"Amanhecer";"Crescente";"Céu Claro";"Simples";"Curva";"Não";2;0;2;0;0;0;2;1;-23,0055431;-44,26195833;"SPRF-RJ";"DEL03-RJ";"UOP03-DEL03-RJ"
547760;2023-09-10;"domingo";"07:05:00";"RS";116;306;"GUAIBA";"Ausência de reação do condutor";"Saída de leito carroçável";"Sem Vítimas";"Amanhecer";"Crescente";"Céu Claro";"Simples";"Reta";"Não";1;0;0;0;1;0;0;1;-30,16925677;-51,3836101;"SPRF-RS";"DEL02-RS";"UOP01-DEL02-RS"
547761;2023-09-10;"domingo";"04:00:00";"PI";343;503;"AMARANTE";"Transitar na contramão";"Colisão frontal";"Com Vítimas Feridas";"Amanhecer";"Crescente";"Céu Claro";"Simples";"Reta";"Sim";2;0;0;1;1;0;1;2;-6,246497;-42,829082;"SPRF-PI";"DEL03-PI";"UOP01-DEL03-PI"
547764;2023-09-10;"domingo";"06:00:00";"SP";153;96;"JACI";"Velocidade Incompatível";"Capotamento";"Sem Vítimas";"Amanhecer";"Crescente";"Céu Claro";"Simples";"Em Obras";"Não";2;0;0;0;0;2;0;2;-20,97759804;-49,61145294;"SPRF-SP";"DEL09-SP";"UOP01-DEL09-SP"
547765;2023-09-10;"domingo";"05:00:00";"SC";158;123;"CAIBI";"Ingestão de álcool pelo condutor";"Colisão transversal";"Com Vítimas Feridas";"Amanhecer";"Crescente";"Céu Claro";"Simples";"Curva";"Não";2;0;1;0;1;0;1;2;-26,99025;-53,22588;"SPRF-SC";"DEL07-SC";"UOP02-DEL07-SC"
547766;2023-09-10;"domingo";"06:40:00";"PR";376;152,4;"MANDAGUACU";"Demais falhas mecânicas ou elétricas";"Incêndio";"Sem Vítimas";"Pleno dia";"Crescente";"Céu Claro";"Dupla";"Reta";"Não";1;0;0;0;1;0;0;1;-23,31656265;-52,10969925;"SPRF-PR";"DEL09-PR";"UOP01-DEL09-PR"
547767;2023-09-10;"domingo";"07:26:00";"PE";101;92;"CABO DE SANTO AGOSTINHO";"Condutor deixou de manter distância do veículo da frente";"Colisão traseira";"Com Vítimas Feridas";"Pleno dia";"Crescente";"Nublado";"Dupla";"Reta";"Não";4;0;4;0;0;0;4;3;-8,23201792;-34,99778611;"SPRF-PE";"DEL01-PE";"UOP01-DEL01-PE"
547768;2023-09-10;"domingo";"06:20:00";"SC";101;111;"NAVEGANTES";"Ingestão de álcool pelo condutor";"Colisão traseira";"Com Vítimas Feridas";"Pleno dia";"Crescente";"Nublado";"Dupla";"Reta";"Sim";2;0;1;0;1;0;1;2;-26,83955734;-48,71418074;"SPRF-SC";"DEL04-SC";"UOP04-DEL04-SC"