"id";"data_inversa";"dia_semana";"horario";"uf";"br";"km";"municipio";"causa_acidente";"tipo_acidente";"classificacao_acidente";"fase_dia";"sentido_via";"condicao_metereologica";"tipo_pista";"tracado_via";"uso_solo";"pessoas";"mortos";"feridos_leves";"feridos_graves";"ilesos";"ignorados";"feridos";"veiculos";"latitude";"longitude";"regional";"delegacia";"uop"
547769;2023-09-10;"domingo";"05:24:00";"CE";116;317;"JAGUARIBE";"Condutor Dormindo";"Colisão frontal";"Com Vítimas Feridas";"Pleno dia";"Crescente";"Céu Claro";"Simples";"Reta";"Não";6;0;4;2;0;0;6;2;-5,96397197;-38,63000367;"SPRF-CE";"DEL05-CE";"UOP02-DEL05-CE"
547770;2023-09-09;"sábado";"21:50:00";"RJ";356;76;"ITALVA";"Ausência de reação do condutor";"Colisão traseira";"Com Vítimas Feridas";"Plena Noite";"Crescente";"Céu Claro";"Simples";"Reta";"Sim";2;0;1;0;1;0;1;2;-21,4292092;-41,6933554;"SPRF-RJ";"DEL08-RJ";"UOP03-DEL08-RJ"
547773;2023-09-10;"domingo";"04:00:00";"MA";226;299;"BARRA DO CORDA";"Ingestão de álcool pelo condutor";"Colisão frontal";"Com Vítimas Fatais";"Plena Noite";"Decrescente";"Céu Claro";"Simples";"Curva";"Sim";2;1;0;1;0;0;1;2;-5,49791235;-45,24263176;"SPRF-MA";"DEL06-MA";"UOP01-DEL06-MA"
547775;2023-09-10;"domingo";"07:35:00";"GO";153;507,5;"APARECIDA DE GOIANIA";"Ausência de reação do condutor";"Colisão com objeto";"Com Vítimas Feridas";"Pleno dia";"Crescente";"Céu Claro";"Simples";"Curva";"Sim";1;0;1;0;0;0;1;1;-16,7715;-49,2387;"SPRF-GO";"DEL01-GO";"UOP03-DEL01-GO"
547776;2023-09-10;"domingo";"07:50:00";"SP";116;306,8;"SAO LOURENCO DA SERRA";"Manobra de mudança de faixa";"Capotamento";"Com Vítimas Feridas";"Amanhecer";"Decrescente";"Nublado";"Dupla";"Reta";"Sim";3;0;2;0;1;0;2;1;-23,8486091;-46,93801566;"SPRF-SP";"DEL04-SP";"UOP01-DEL04-SP"
547777;2023-09-10;"domingo";"08:20:00";"SE";101;102,1;"SAO CRISTOVAO";"Acumulo de água sobre o pavimento";"Saída de leito carroçável";"Com Vítimas Feridas";"Pleno dia";"Decrescente";"Chuva";"Dupla";"Reta";"Não";1;0;1;0;0;0;1;1;-10,94880037;-37,21099182;"SPRF-SE";"DEL02-SE";"UOP01-DEL02-SE"
547778;2023-09-10;"domingo";"06:30:00";"CE";222;1,7;"FORTALEZA";"Condutor Dormindo";"Colisão com objeto";"Com Vítimas Feridas";"Pleno dia";"Decrescente";"Céu Claro";"Múltipla";"Reta";"Sim";1;0;0;1;0;0;1;1;-3,737804;-38,578061;"SPRF-CE";"DEL01-CE";"UOP01-DEL01-CE"
547779;2023-09-06;"quarta-feira";"17:10:00";"SC";470;66;"INDAIAL";"Reação tardia ou ineficiente do condutor";"Colisão lateral mesmo sentido";"Com Vítimas Feridas";"Pleno dia";"Decrescente";"Nublado";"Simples";"Rotatória";"Sim";2;0;1;0;1;0;1;2;-26,870407;-49,221844;"SPRF-SC";"DEL04-SC";"UOP01-DEL04-SC"
547782;2023-09-10;"domingo";"08:30:00";"GO";153;533,9;"HIDROLANDIA";"Reação tardia ou ineficiente do condutor";"Capotamento";"Sem Vítimas";"Pleno dia";"Crescente";"Sol";"Dupla";"Curva";"Não";1;0;0;0;0;1;0;1;-16,9941;-49,2281;"SPRF-GO";"DEL01-GO";"UOP03-DEL01-GO"
547783;2023-09-10;"domingo";"08:30:00";"AP";210;1;"MACAPA";"Acessar a via sem observar a presença dos outros veículos";"Colisão transversal";"Com Vítimas Feridas";"Pleno dia";"Decrescente";"Céu Claro";"Dupla";"Reta";"Sim";5;0;3;2;0;0;5;3;0,07816717;-51,06998693;"SPRF-AP";"DEL01-AP";"UOP01-DEL01-AP"
547784;2023-09-10;"domingo";"07:50:00";"RJ";101;503;"ANGRA DOS REIS";"Desrespeitar a preferência no cruzamento";"Colisão transversal";"Com Vítimas Feridas";"Pleno dia";"Crescente";"Céu Claro";"Simples";"Reta";"Sim";3;0;2;0;1;0;2;2;-22,92894705;-44,37879998;"SPRF-RJ";"DEL03-RJ";"UOP03-DEL03-RJ"
547785;2023-06-05;"segunda-feira";"13:35:00";"MG";40;50,6;"PARACATU";"Acessar a via sem observar a presença dos outros veículos";"Colisão transversal";"Com Vítimas Feridas";"Pleno dia";"Decrescente";"Céu Claro";"Simples";"Reta";"Não";3;0;2;0;0;1;2;3;-17,23931275;-46,80040697;"SPRF-MG";"DEL14-MG";"UOP01-DEL14-MG"
547786;2023-09-10;"domingo";"09:40:00";"RJ";393;236;"VASSOURAS";"Acessar a via sem observar a presença dos outros veículos";"Colisão transversal";"Com Vítimas Feridas";"Pleno dia";"Crescente";"Céu Claro";"Simples";"Reta";"Sim";2;0;0;1;1;0;1;2;-22,38996804;-43,64928296;"SPRF-RJ";"DEL05-RJ";"UOP03-DEL05-RJ"
547789;2023-09-10;"domingo";"09:00:00";"SP";116;394;"MIRACATU";"Ausência de reação do condutor";"Saída de leito carroçável";"Com Vítimas Feridas";"Pleno dia";"Crescente";"Nublado";"Dupla";"Reta";"Não";1;0;0;1;0;0;1;1;-24,28717454;-47,45143994;"SPRF-SP";"DEL04-SP";"UOP02-DEL04-SP"
547791;2023-09-10;"domingo";"09:45:00";"PR";163;175,5;"LINDOESTE";"Curva acentuada";"Saída de leito carroçável";"Com Vítimas Feridas";"Pleno dia";"Decrescente";"Céu Claro";"Dupla";"Curva;Declive";"Não";1;0;1;0;0;0;1;1;-25,21734703;-53,59537645;"SPRF-PR";"DEL05-PR";"UOP05-DEL05-PR"
547793;2023-09-10;"domingo";"09:19:00";"SP";381;87;"GUARULHOS";"Manobra de mudança de faixa";"Colisão lateral mesmo sentido";"Com Vítimas Feridas";"Pleno dia";"Decrescente";"Céu Claro";"Múltipla";"Reta";"Sim";2;0;1;0;1;0;1;2;-23,46885001;-46,56996601;"SPRF-SP";"DEL03-SP";"UOP01-DEL03-SP"
547794;2023-09-10;"domingo";"09:45:00";"MS";262;560,5;"MIRANDA";"Ausência de reação do condutor";"Colisão traseira";"Com Vítimas Feridas";"Pleno dia";"Crescente";"Céu Claro";"Simples";"Reta";"Não";3;0;2;0;0;1;2;3;-20,22912981;-56,39396087;"SPRF-MS";"DEL03-MS";"UOP02-DEL03-MS"
547795;2023-09-10;"domingo";"10:50:00";"SP";116;472,9;"JACUPIRANGA";"Demais falhas mecânicas ou elétricas";"Saída de leito carroçável";"Sem Vítimas";"Pleno dia";"Crescente";"Nublado";"Dupla";"Reta";"Não";1;0;0;0;1;0;0;1;-24,6649709;-47,9738381;"SPRF-SP";"DEL05-SP";"UOP01-DEL05-SP"
547796;2023-09-10;"domingo";"08:20:00";"PB";230;370,5;"CONDADO";"Ultrapassagem Indevida";"Saída de leito carroçável";"Com Vítimas Feridas";"Pleno dia";"Decrescente";"Céu Claro";"Simples";"Reta";"Não";5;0;4;1;0;0;5;1;-6,9079;-37,5497;"SPRF-PB";"DEL03-PB";"UOP02-DEL03-PB"
547797;2023-09-10;"domingo";"10:35:00";"SE";235;16,7;"NOSSA SENHORA DO SOCORRO";"Chuva";"Saída de leito carroçável";"Com Vítimas Fatais";"Pleno dia";"Crescente";"Chuva";"Simples";"Reta";"Não";2;1;1;0;0;0;1;1;-10,852552;-37,192886;"SPRF-SE";"DEL01-SE";"UOP02-DEL01-SE"
547799;2023-09-10;"domingo";"11:01:00";"MG";381;499;"BETIM";"Ausência de reação do condutor";"Engavetamento";"Com Vítimas Feridas";"Pleno dia";"Decrescente";"Céu Claro";"Dupla";"Reta";"Sim";4;0;1;0;3;0;1;3;-20,01792651;-44,2261448;"SPRF-MG";"DEL04-MG";"UOP03-DEL04-MG"
547800;2023-09-10;"domingo";"11:20:00";"SC";101;199,6;"SAO JOSE";"Manobra de mudança de faixa";"Colisão lateral mesmo sentido";"Com Vítimas Feridas";"Pleno dia";"Decrescente";"Nublado";"Dupla";"Reta";"Sim";4;0;1;0;3;0;1;2;-27,53413705;-48,63003205;"SPRF-SC";"DEL01-SC";"UOP01-DEL01-SC"
547802;2023-09-10;"domingo";"10:53:00";"SP";116;142;"SAO JOSE DOS CAMPOS";"Condutor deixou de manter distância do veículo da frente";"Engavetamento";"Com Vítimas Feridas";"Pleno dia";"Crescente";"Céu Claro";"Dupla";"Reta";"Não";6;0;3;0;3;0;3;4;-23,17426078;-45,82940111;"SPRF-SP";"DEL02-SP";"UOP01-DEL02-SP"
547803;2023-09-10;"domingo";"11:30:00";"SP";116;76,4;"ROSEIRA";"Ausência de reação do condutor";"Colisão traseira";"Com Vítimas Feridas";"Pleno dia";"Crescente";"Nublado";"Dupla";"Aclive;Reta";"Não";2;0;1;0;1;0;1;2;-22,87747687;-45,27203908;"SPRF-SP";"DEL08-SP";"UOP01-DEL08-SP"
547805;2023-09-10;"domingo";"09:30:00";"AL";104;92,6;"RIO LARGO";"Condutor deixou de manter distância do veículo da frente";"Colisão traseira";"Com Vítimas Feridas";"Pleno dia";"Crescente";"Chuva";"Dupla";"Reta";"Sim";3;0;1;0;2;0;1;2;-9,51818474;-35,80329441;"SPRF-AL";"DEL01-AL";"UOP01-DEL01-AL"
547806;2023-09-10;"domingo";"12:17:00";"PR";373;182,9;"PONTA GROSSA";"Acessar a via sem observar a presença dos outros veículos";"Colisão transversal";"Com Vítimas Fatais";"Pleno dia";"Crescente";"Céu Claro";"Simples";"Reta";"Não";9;1;0;1;7;0;1;3;-25,04193864;-50,26741587;"SPRF-PR";"DEL03-PR";"UOP01-DEL03-PR"
547807;2023-09-10;"domingo";"11:40:00";"RS";285;132,2;"VACARIA";"Acessar a via sem observar a presença dos outros veículos";"Colisão transversal";"Com Vítimas Feridas";"Pleno dia";"Decrescente";"Céu Claro";"Simples";"Reta";"Não";3;0;0;1;1;1;1;3;-28,437056;-51,003933;"SPRF-RS";"DEL05-RS";"UOP03-DEL05-RS"
547808;2023-09-10;"domingo";"05:00:00";"PI";135;399,3;"REDENCAO DO GURGUEIA";"Ingestão de álcool pelo condutor";"Saída de leito carroçável";"Com Vítimas Fatais";"Amanhecer";"Crescente";"Céu Claro";"Simples";"Reta";"Não";3;1;1;0;0;1;1;2;-9,39520294;-44,58906936;"SPRF-PI";"DEL03-PI";"UOP02-DEL03-PI"
547809;2023-09-10;"domingo";"11:40:00";"MG";381;455;"BELO HORIZONTE";"Manobra de mudança de faixa";"Queda de ocupante de veículo";"Com Vítimas Feridas";"Pleno dia";"Crescente";"Céu Claro";"Simples";"Curva";"Não";4;0;2;0;0;2;2;2;-19,85777408;-43,90468298;"SPRF-MG";"DEL01-MG";"UOP01-DEL01-MG"
547810;2023-09-10;"domingo";"05:00:00";"BA";101;644;"ITAPEBI";"Ingestão de álcool pelo condutor";"Saída de leito carroçável";"Com Vítimas Feridas";"Amanhecer";"Decrescente";"Céu Claro";"Simples";"Reta";"Não";1;0;0;1;0;0;1;1;-15,98612876;-39,57047706;"SPRF-BA";"DEL05-BA";"UOP02-DEL05-BA"
547811;2023-09-10;"domingo";"10:55:00";"RJ";101;384;"RIO DE JANEIRO";"Acessar a via sem observar a presença dos outros veículos";"Atropelamento de Pedestre";"Com Vítimas Feridas";"Pleno dia";"Decrescente";"Céu Claro";"Dupla";"Reta";"Sim";3;0;0;1;2;0;1;2;-22,87911609;-43,62323999;"SPRF-RJ";"DEL03-RJ";"UOP01-DEL03-RJ"
547812;2023-09-10;"domingo";"02:00:00";"MG";365;265;"JOAO PINHEIRO";"Ausência de reação do condutor";"Saída de leito carroçável";"Com Vítimas Feridas";"Plena Noite";"Crescente";"Ignorado";"Simples";"Curva";"Não";5;0;2;0;3;0;2;1;-17,89348552;-45,55536809;"SPRF-MG";"DEL10-MG";"UOP02-DEL010-MG"
547813;2023-09-10;"domingo";"09:40:00";"PI";316;316;"PICOS";"Ausência de reação do condutor";"Colisão com objeto";"Com Vítimas Feridas";"Pleno dia";"Crescente";"Céu Claro";"Simples";"Reta";"Sim";1;0;1;0;0;0;1;1;-7,08133721;-41,42347604;"SPRF-PI";"DEL04-PI";"UOP01-DEL04-PI"
547814;2023-09-10;"domingo";"12:20:00";"SP";116;136;"SAO JOSE DOS CAMPOS";"Condutor deixou de manter distância do veículo da frente";"Engavetamento";"Com Vítimas Feridas";"Pleno dia";"Crescente";"Céu Claro";"Dupla";"Reta";"Não";4;0;2;0;2;0;2;3;-23,14874471;-45,77863714;"SPRF-SP";"DEL02-SP";"UOP01-DEL02-SP"
547815;2023-09-10;"domingo";"10:45:00";"SC";470;40;"GASPAR";"Condutor deixou de manter distância do veículo da frente";"Colisão traseira";"Com Vítimas Feridas";"Pleno dia";"Crescente";"Nublado";"Dupla";"Reta";"Sim";2;0;1;0;1;0;1;2;-26,889574;-48,99094;"SPRF-SC";"DEL04-SC";"UOP01-DEL04-SC"
547817;2023-09-10;"domingo";"13:00:00";"RS";116;266,5;"CANOAS";"Mal súbito do condutor";"Tombamento";"Com Vítimas Feridas";"Pleno dia";"Crescente";"Céu Claro";"Dupla";"Reta";"Sim";1;0;1;0;0;0;1;1;-29,93242399;-51,17742077;"SPRF-RS";"DEL01-RS";"UOP01-DEL01-RS"
547818;2023-09-10;"domingo";"13:00:00";"RJ";101;66;"CAMPOS DOS GOYTACAZES";"Acumulo de areia ou detritos sobre o pavimento";"Queda de ocupante de veículo";"Com Vítimas Feridas";"Pleno dia";"Crescente";"Céu Claro";"Simples";"Rotatória;Curva";"Sim";1;0;1;0;0;0;1;1;-21,765157;-41,346297;"SPRF-RJ";"DEL08-RJ";"UOP02-DEL08-RJ"
547819;2023-09-10;"domingo";"12:17:00";"MG";381;563,2;"ITAGUARA";"Velocidade Incompatível";"Saída de leito carroçável";"Com Vítimas Fatais";"Pleno dia";"Crescente";"Sol";"Dupla";"Curva";"Sim";2;1;0;0;0;1;0;2;-20,385158;-44,484526;"SPRF-MG";"DEL04-MG";"UOP03-DEL04-MG"
547820;2023-09-10;"domingo";"06:50:00";"GO";414;405;"ABADIANIA";"Reação tardia ou ineficiente do condutor";"Saída de leito carroçável";"Com Vítimas Feridas";"Amanhecer";"Crescente";"Céu Claro";"Simples";"Curva;Aclive";"Não";1;0;1;0;0;0;1;1;-16,017412;-48,83738;"SPRF-GO";"DEL02-GO";"UOP01-DEL02-GO"
547821;2023-09-10;"domingo";"07:30:00";"BA";101;355;"WENCESLAU GUIMARAES";"Velocidade Incompatível";"Saída de leito carroçável";"Com Vítimas Fatais";"Pleno dia";"Crescente";"Nublado";"Simples";"Curva;Declive";"Não";1;1;0;0;0;0;0;1;-13,66827651;-39,47868347;"SPRF-BA";"DEL05-BA";"UOP03-DEL05-BA"
547822;2023-09-10;"domingo";"13:55:00";"SC";101;393,9;"MARACAJA";"Reação tardia ou ineficiente do condutor";"Engavetamento";"Com Vítimas Feridas";"Pleno dia";"Crescente";"Nublado";"Múltipla";"Reta";"Não";10;0;1;0;9;0;1;3;-28,83086473;-49,41323698;"SPRF-SC";"DEL02-SC";"UOP02-DEL02-SC"
547825;2023-09-10;"domingo";"14:20:00";"SC";101;336,7;"TUBARAO";"Manobra de mudança de faixa";"Tombamento";"Com Vítimas Feridas";"Pleno dia";"Decrescente";"Céu Claro";"Múltipla";"Reta;Declive";"Não";1;0;1;0;0;0;1;1;-28,47311347;-49,02437375;"SPRF-SC";"DEL02-SC";"UOP01-DEL02-SC"
547826;2023-09-10;"domingo";"14:40:00";"ES";101;147;"LINHARES";"Desrespeitar a preferência no cruzamento";"Colisão lateral mesmo sentido";"Com Vítimas Feridas";"Pleno dia";"Crescente";"Céu Claro";"Dupla";"Reta";"Sim";3;0;1;0;2;0;1;2;-19,37887202;-40,06657892;"SPRF-ES";"DEL04-ES";"UOP01-DEL04-ES"
547827;2023-09-10;"domingo";"14:10:00";"RJ";40;112;"DUQUE DE CAXIAS";"Mal súbito do condutor";"Colisão lateral mesmo sentido";"Com Vítimas Feridas";"Pleno dia";"Crescente";"Sol";"Múltipla";"Reta";"Não";3;0;2;0;0;1;2;2;-22,7004454;-43,29014851;"SPRF-RJ";"DEL01-RJ";"UOP01-DEL01-RJ"
547828;2023-09-10;"domingo";"15:00:00";"SP";116;61;"GUARATINGUETA";"Ausência de reação do condutor";"Engavetamento";"Com Vítimas Feridas";"Pleno dia";"Crescente";"Céu Claro";"Dupla";"Reta";"Sim";4;0;1;0;3;0;1;3;-22,79763613;-45,1674588;"SPRF-SP";"DEL08-SP";"UOP01-DEL08-SP"
547829;2023-06-29;"quinta-feira";"19:56:00";"PB";104;94;"ESPERANCA";"Acessar a via sem observar a presença dos outros veículos";"Colisão transversal";"Com Vítimas Feridas";"Pleno dia";"Decrescente";"Céu Claro";"Simples";"Reta";"Sim";2;0;1;0;0;1;1;2;-7,00474364;-35,85081722;"SPRF-PB";"DEL02-PB";"UOP04-DEL02-PB"
547830;2023-09-10;"domingo";"13:00:00";"BA";101;158;"CONCEICAO DO JACUIPE";"Animais na Pista";"Atropelamento de Animal";"Sem Vítimas";"Pleno dia";"Crescente";"Sol";"Dupla";"Reta";"Não";1;0;0;0;1;0;0;1;-12,35551436;-38,782478;"SPRF-BA";"DEL01-BA";"UOP03-DEL01-BA"
547831;2023-09-10;"domingo";"12:30:00";"RJ";116;204;"SEROPEDICA";"Demais falhas mecânicas ou elétricas";"Tombamento";"Com Vítimas Feridas";"Pleno dia";"Crescente";"Céu Claro";"Dupla";"Reta";"Não";2;0;1;0;1;0;1;1;-22,72895007;-43,63189001;"SPRF-RJ";"DEL01-RJ";"UOP03-DEL01-RJ"
547832;2023-09-10;"domingo";"14:30:00";"SP";381;71,2;"MAIRIPORA";"Reação tardia ou ineficiente do condutor";"Tombamento";"Com Vítimas Feridas";"Pleno dia";"Decrescente";"Nublado";"Dupla";"Curva;Declive";"Não";2;0;1;0;1;0;1;1;-23,35448;-46,54967;"SPRF-SP";"DEL03-SP";"UOP01-DEL03-SP"
547834;2023-09-10;"domingo";"15:30:00";"PE";232;57,2;"POMBOS";"Acessar a via sem observar a presença dos outros veículos";"Colisão traseira";"Com Vítimas Fatais";"Pleno dia";"Decrescente";"Céu Claro";"Dupla";"Reta";"Não";2;1;0;0;1;0;0;2;-8,141665;-35,381932;"SPRF-PE";"DEL02-PE";"UOP02-DEL02PE"
547835;2023-09-10;"domingo";"11:23:00";"RO";364;345,7;"JI-PARANA";"Velocidade Incompatível";"Colisão com objeto";"Com Vítimas Feridas";"Pleno dia";"Decrescente";"Sol";"Dupla";"Reta";"Sim";1;0;0;1;0;0;1;1;-10,8688113;-61,9601791;"SPRF-RO";"DEL02-RO";"UOP01-DEL02-RO"
547836;2023-09-10;"domingo";"14:50:00";"AL";101;104;"PILAR";"Transitar na contramão";"Colisão frontal";"Com Vítimas Fatais";"Pleno dia";"Decrescente";"Céu Claro";"Dupla";"Reta;Interseção de Vias";"Não";6;1;0;0;5;0;0;2;-9,587137;-35,979357;"SPRF-AL";"DEL02-AL";"UOP01-DEL02-AL"
547837;2023-09-10;"domingo";"11:00:00";"SC";470;157,9;"TROMBUDO CENTRAL";"Manobra de mudança de faixa";"Colisão transversal";"Com Vítimas Feridas";"Pleno dia";"Decrescente";"Garoa/Chuvisco";"Múltipla";"Aclive";"Não";7;0;1;0;6;0;1;3;-27,285425;-49,76881;"SPRF-SC";"DEL04-SC";"UOP02-DEL04-SC"
547838;2023-09-10;"domingo";"15:30:00";"MG";381;938,4;"EXTREMA";"Acessar a via sem observar a presença dos outros veículos";"Queda de ocupante de veículo";"Com Vítimas Feridas";"Pleno dia";"Decrescente";"Céu Claro";"Dupla";"Retorno Regulamentado";"Não";4;0;0;2;0;2;2;3;-22,84701434;-46,33321175;"SPRF-MG";"DEL16-MG";"UOP03-DEL16-MG"
547839;2023-09-10;"domingo";"16:00:00";"ES";101;447,8;"MIMOSO DO SUL";"Velocidade Incompatível";"Tombamento";"Com Vítimas Feridas";"Pleno dia";"Crescente";"Céu Claro";"Simples";"Curva";"Não";1;0;0;1;0;0;1;1;-21,12741912;-41,27649307;"SPRF-ES";"DEL03-ES";"UOP02-DEL03-ES"
547840;2023-09-10;"domingo";"14:10:00";"SC";280;220;"TRES BARRAS";"Acessar a via sem observar a presença dos outros veículos";"Colisão transversal";"Com Vítimas Feridas";"Pleno dia";"Decrescente";"Céu Claro";"Simples";"Curva";"Não";6;0;0;1;5;0;1;2;-26,17118856;-50,26466388;"SPRF-SC";"DEL06-SC";"UOP04-DEL06-SC"
547842;2023-09-10;"domingo";"16:20:00";"SC";101;202;"SAO JOSE";"Trafegar com motocicleta (ou similar) entre as faixas";"Colisão lateral mesmo sentido";"Com Vítimas Feridas";"Pleno dia";"Crescente";"Nublado";"Dupla";"Reta";"Não";2;0;1;0;1;0;1;2;-27,55711595;-48,61897889;"SPRF-SC";"DEL01-SC";"UOP01-DEL01-SC"
547843;2023-09-10;"domingo";"15:35:00";"SP";153;164,4;"PROMISSAO";"Objeto estático sobre o leito carroçável";"Colisão com objeto";"Com Vítimas Feridas";"Pleno dia";"Decrescente";"Céu Claro";"Simples";"Reta";"Não";4;0;1;0;3;0;1;1;-21,543305;-49,78222494;"SPRF-SP";"DEL07-SP";"UOP01-DEL07-SP"
547845;2023-09-10;"domingo";"15:05:00";"RO";364;340;"JI-PARANA";"Reação tardia ou ineficiente do condutor";"Queda de ocupante de veículo";"Com Vítimas Feridas";"Pleno dia";"Decrescente";"Garoa/Chuvisco";"Dupla";"Reta";"Sim";1;0;1;0;0;0;1;1;-10,898802;-61,93046;"SPRF-RO";"DEL02-RO";"UOP01-DEL02-RO"
547846;2023-09-10;"domingo";"16:07:00";"PB";101;84;"BAYEUX";"Ausência de reação do condutor";"Colisão traseira";"Com Vítimas Feridas";"Pleno dia";"Decrescente";"Céu Claro";"Dupla";"Reta";"Não";2;0;0;1;1;0;1;2;-7,13957906;-34,92312806;"SPRF-PB";"DEL01-PB";"UOP01-DEL01-PB"
547848;2023-09-10;"domingo";"16:15:00";"PB";230;375;"CONDADO";"Ingestão de álcool pelo condutor";"Colisão traseira";"Com Vítimas Feridas";"Pleno dia";"Crescente";"Céu Claro";"Simples";"Reta";"Sim";2;0;1;0;1;0;1;2;-6,9088;-37,5918;"SPRF-PB";"DEL03-PB";"UOP02-DEL03-PB"
547849;2023-09-10;"domingo";"16:40:00";"SC";101;222,1;"PALHOCA";"Trafegar com motocicleta (ou similar) entre as faixas";"Colisão lateral mesmo sentido";"Com Vítimas Feridas";"Pleno dia";"Decrescente";"Nublado";"Dupla";"Reta";"Não";3;0;1;0;1;1;1;3;-27,70865409;-48,65586407;"SPRF-SC";"DEL01-SC";"UOP02-DEL01-SC"
547850;2023-09-10;"domingo";"15:00:00";"SC";282;266,8;"SAO JOSE DO CERRITO";"Manobra de mudança de faixa";"Colisão traseira";"Com Vítimas Feridas";"Pleno dia";"Crescente";"Sol";"Simples";"Reta;Interseção de Vias";"Não";3;0;1;0;2;0;1;2;-27,62681333;-50,62362671;"SPRF-SC";"DEL05-SC";"UOP02-DEL05-SC"
547851;2023-09-10;"domingo";"15:00:00";"MG";381;800;"SAO GONCALO DO SAPUCAI";"Reação tardia ou ineficiente do condutor";"Queda de ocupante de veículo";"Com Vítimas Feridas";"Pleno dia";"Crescente";"Céu Claro";"Dupla";"Curva";"Não";1;0;1;0;0;0;1;1;-21,97761923;-45,63996491;"SPRF-MG";"DEL16-MG";"UOP02-DEL16-MG"
547853;2023-09-10;"domingo";"16:10:00";"PR";116;105;"SAO JOSE DOS PINHAIS";"Ausência de reação do condutor";"Saída de leito carroçável";"Com Vítimas Feridas";"Pleno dia";"Decrescente";"Céu Claro";"Dupla";"Reta";"Sim";2;0;1;0;1;0;1;1;-25,56635207;-49,16833598;"SPRF-PR";"DEL01-PR";"UOP07-DEL01-PR"
547854;2023-09-10;"domingo";"16:55:00";"MG";50;48,2;"ARAGUARI";"Velocidade Incompatível";"Saída de leito carroçável";"Com Vítimas Feridas";"Pleno dia";"Crescente";"Céu Claro";"Dupla";"Curva;Declive";"Não";1;0;0;1;0;0;1;1;-18,7286485;-48,21573257;"SPRF-MG";"DEL15-MG";"UOP02-DEL15-MG"
547858;2023-09-10;"domingo";"17:00:00";"ES";101;247;"SERRA";"Acessar a via sem observar a presença dos outros veículos";"Colisão transversal";"Sem Vítimas";"Pleno dia";"Crescente";"Céu Claro";"Simples";"Reta;Retorno Regulamentado;Em Obras";"Não";4;0;0;0;4;0;0;2;-20,06746339;-40,37085006;"SPRF-ES";"DEL02-ES";"UOP01-DEL02-ES"
547859;2023-09-10;"domingo";"16:50:00";"RS";101;2,3;"TORRES";"Condutor deixou de manter distância do veículo da frente";"Colisão traseira";"Com Vítimas Feridas";"Pleno dia";"Crescente";"Nublado";"Dupla";"Reta";"Sim";2;0;0;1;1;0;1;2;-29,316784;-49,774467;"SPRF-RS";"DEL03-RS";"UOP02-DEL03-RS"
547860;2023-09-10;"domingo";"17:20:00";"MG";381;431,4;"SABARA";"Ultrapassagem Indevida";"Saída de leito carroçável";"Com Vítimas Feridas";"Pleno dia";"Crescente";"Céu Claro";"Simples";"Curva";"Não";1;0;1;0;0;0;1;1;-19,78831547;-43,73175712;"SPRF-MG";"DEL01-MG";"UOP01-DEL01-MG"
547861;2023-09-10;"domingo";"17:50:00";"ES";101;140;"LINHARES";"Condutor deixou de manter distância do veículo da frente";"Colisão traseira";"Com Vítimas Feridas";"Anoitecer";"Crescente";"Nublado";"Dupla";"Reta";"Sim";3;0;1;0;2;0;1;2;-19,31817306;-40,07552313;"SPRF-ES";"DEL04-ES";"UOP01-DEL04-ES"
547862;2023-06-21;"quarta-feira";"12:46:00";"MG";381;479,9;"BETIM";"Ausência de reação do condutor";"Colisão traseira";"Sem Vítimas";"Pleno dia";"Crescente";"Céu Claro";"Dupla";"Reta";"Sim";2;0;0;0;0;2;0;2;-19,95889605;-44,069202;"SPRF-MG";"DEL01-MG";"UOP03-DEL01-MG"
547863;2023-09-10;"domingo";"17:40:00";"SP";116;287;"ITAPECERICA DA SERRA";"Transitar no Acostamento";"Atropelamento de Pedestre";"Com Vítimas Feridas";"Pleno dia";"Crescente";"Céu Claro";"Dupla";"Reta";"Sim";4;0;1;0;3;0;1;2;-23,71441779;-46,87929634;"SPRF-SP";"DEL04-SP";"UOP01-DEL04-SP"
547864;2023-09-10;"domingo";"17:10:00";"BA";324;545;"AMELIA RODRIGUES";"Ausência de reação do condutor";"Saída de leito carroçável";"Com Vítimas Feridas";"Pleno dia";"Crescente";"Céu Claro";"Dupla";"Reta";"Sim";3;0;3;0;0;0;3;1;-12,40647;-38,753143;"SPRF-BA";"DEL01-BA";"UOP03-DEL01-BA"
547866;2023-09-10;"domingo";"17:45:00";"MG";381;873,8;"ESTIVA";"Avarias e/ou desgaste excessivo no pneu";"Colisão com objeto";"Com Vítimas Feridas";"Pleno dia";"Decrescente";"Céu Claro";"Dupla";"Curva";"Não";1;0;1;0;0;0;1;1;-22,4201235;-45,96493006;"SPRF-MG";"DEL16-MG";"UOP01-DEL16-MG"
547868;2023-09-10;"domingo";"18:00:00";"RJ";101;474;"ANGRA DOS REIS";"Ingestão de álcool ou de substâncias psicoativas pelo pedestre";"Atropelamento de Pedestre";"Com Vítimas Feridas";"Plena Noite";"Crescente";"Céu Claro";"Simples";"Curva";"Não";2;0;1;0;1;0;1;2;-22,99498627;-44,24919963;"SPRF-RJ";"DEL03-RJ";"UOP03-DEL03-RJ"