"id";"data_inversa";"dia_semana";"horario";"uf";"br";"km";"municipio";"causa_acidente";"tipo_acidente";"classificacao_acidente";"fase_dia";"sentido_via";"condicao_metereologica";"tipo_pista";"tracado_via";"uso_solo";"pessoas";"mortos";"feridos_leves";"feridos_graves";"ilesos";"ignorados";"feridos";"veiculos";"latitude";"longitude";"regional";"delegacia";"uop"
547869;2023-09-10;"domingo";"18:28:00";"SC";101;133,1;"BALNEARIO CAMBORIU";"Trafegar com motocicleta (ou similar) entre as faixas";"Colisão lateral mesmo sentido";"Com Vítimas Feridas";"Plena Noite";"Decrescente";"Nublado";"Múltipla";"Reta";"Sim";2;0;1;0;1;0;1;2;-26,99654133;-48,65564711;"SPRF-SC";"DEL04-SC";"UOP03-DEL04-SC"
547870;2023-09-10;"domingo";"09:10:00";"MG";262;161;"SAO DOMINGOS DO PRATA";"Velocidade Incompatível";"Saída de leito carroçável";"Com Vítimas Feridas";"Pleno dia";"Decrescente";"Céu Claro";"Simples";"Reta;Declive";"Não";5;0;2;2;1;0;4;1;-19,96082911;-42,85234404;"SPRF-MG";"DEL03-MG";"UOP03-DEL03-MG"
547871;2023-09-10;"domingo";"18:10:00";"SE";235;30,7;"AREIA BRANCA";"Ingestão de álcool e/ou substâncias psicoativas pelo pedestre";"Colisão com objeto";"Com Vítimas Feridas";"Plena Noite";"Crescente";"Chuva";"Simples";"Curva";"Não";1;0;1;0;0;0;1;1;-10,785139;-37,291378;"SPRF-SE";"DEL01-SE";"UOP02-DEL01-SE"
547872;2023-09-10;"domingo";"18:20:00";"ES";101;301,9;"VIANA";"Reação tardia ou ineficiente do condutor";"Colisão transversal";"Com Vítimas Feridas";"Plena Noite";"Crescente";"Céu Claro";"Dupla";"Reta";"Sim";2;0;0;2;0;0;2;2;-20,36794323;-40,44394612;"SPRF-ES";"DEL01-ES";"UOP01-DEL01-ES"
547873;2023-09-10;"domingo";"18:00:00";"MG";116;509,3;"UBAPORANGA";"Ingestão de álcool e/ou substâncias psicoativas pelo pedestre";"Colisão lateral mesmo sentido";"Com Vítimas Fatais";"Plena Noite";"Crescente";"Céu Claro";"Simples";"Reta";"Não";2;1;0;0;0;1;0;2;-19,63654904;-42,10593182;"SPRF-MG";"DEL06-MG";"UOP02-DEL06-MG"
547874;2023-09-10;"domingo";"18:45:00";"RS";116;248,2;"SAO LEOPOLDO";"Ausência de reação do condutor";"Colisão traseira";"Sem Vítimas";"Anoitecer";"Decrescente";"Céu Claro";"Dupla";"Reta";"Sim";2;0;0;0;1;1;0;2;-29,77605895;-51,15508618;"SPRF-RS";"DEL01-RS";"UOP02-DEL01-RS"
547875;2023-09-10;"domingo";"05:40:00";"AL";316;93,8;"SANTANA DO IPANEMA";"Deficiência do Sistema de Iluminação/Sinalização";"Saída de leito carroçável";"Com Vítimas Feridas";"Plena Noite";"Decrescente";"Nublado";"Simples";"Reta";"Não";4;0;3;0;1;0;3;1;-9,38753121;-37,179845;"SPRF-AL";"DEL03-AL";"UOP02-DEL03-AL"
547876;2023-09-10;"domingo";"18:30:00";"PR";369;158;"CAMBE";"Condutor deixou de manter distância do veículo da frente";"Colisão traseira";"Com Vítimas Feridas";"Pleno dia";"Crescente";"Nublado";"Dupla";"Interseção de Vias;Reta";"Sim";3;0;2;0;0;1;2;2;-23,28487281;-51,23851776;"SPRF-PR";"DEL07-PR";"UOP01-DEL07-PR"
547877;2023-09-10;"domingo";"17:29:00";"PI";343;444;"AGUA BRANCA";"Acessar a via sem observar a presença dos outros veículos";"Colisão transversal";"Sem Vítimas";"Anoitecer";"Decrescente";"Céu Claro";"Simples";"Reta";"Sim";2;0;0;0;1;1;0;2;-5,888477;-42,642536;"SPRF-PI";"DEL01-PI";"UOP02-DEL01-PI"
547878;2023-09-10;"domingo";"18:45:00";"ES";262;45;"MARECHAL FLORIANO";"Conversão proibida";"Colisão frontal";"Com Vítimas Fatais";"Anoitecer";"Crescente";"Céu Claro";"Simples";"Reta";"Sim";2;1;0;0;1;0;0;2;-20,39769215;-40,67180229;"SPRF-ES";"DEL01-ES";"UOP01-DEL01-ES"
547879;2023-09-10;"domingo";"18:50:00";"PR";369;90,7;"CORNELIO PROCOPIO";"Desrespeitar a preferência no cruzamento";"Colisão transversal";"Com Vítimas Feridas";"Plena Noite";"Decrescente";"Céu Claro";"Simples";"Interseção de Vias";"Sim";4;0;3;0;1;0;3;2;-23,19680919;-50,65423608;"SPRF-PR";"DEL07-PR";"UOP05-DEL07-PR"
547880;2023-09-10;"domingo";"17:20:00";"RJ";101;419;"MANGARATIBA";"Entrada inopinada do pedestre";"Atropelamento de Pedestre";"Com Vítimas Feridas";"Anoitecer";"Crescente";"Céu Claro";"Simples";"Reta;Túnel";"Sim";2;0;1;0;1;0;1;2;-22,91808988;-43,91359106;"SPRF-RJ";"DEL03-RJ";"UOP02-DEL03-RJ"
547881;2023-09-10;"domingo";"18:40:00";"GO";60;63;"ABADIANIA";"Entrada inopinada do pedestre";"Atropelamento de Pedestre";"Com Vítimas Feridas";"Plena Noite";"Crescente";"Céu Claro";"Dupla";"Reta";"Sim";4;0;0;1;3;0;1;2;-16,1936;-48,7279;"SPRF-GO";"DEL02-GO";"UOP01-DEL02-GO"
547882;2023-09-10;"domingo";"19:10:00";"GO";60;128;"GOIANAPOLIS";"Condutor deixou de manter distância do veículo da frente";"Engavetamento";"Com Vítimas Feridas";"Plena Noite";"Crescente";"Céu Claro";"Dupla";"Reta";"Não";9;0;4;0;5;0;4;3;-16,5498;-49,1518;"SPRF-GO";"DEL01-GO";"UOP01-DEL01-GO"
547884;2023-09-10;"domingo";"19:00:00";"RJ";116;190;"NOVA IGUACU";"Suicídio (presumido)";"Atropelamento de Pedestre";"Com Vítimas Feridas";"Plena Noite";"Decrescente";"Céu Claro";"Dupla";"Reta";"Não";2;0;1;1;0;0;2;2;-22,74123776;-43,5007311;"SPRF-RJ";"DEL01-RJ";"UOP02-DEL01-RJ"
547885;2023-09-10;"domingo";"16:50:00";"ES";101;340,3;"GUARAPARI";"Ausência de reação do condutor";"Tombamento";"Com Vítimas Feridas";"Pleno dia";"Decrescente";"Céu Claro";"Dupla";"Declive;Em Obras;Desvio Temporário;Reta";"Não";2;0;0;2;0;0;2;1;-20,64704932;-40,56667574;"SPRF-ES";"DEL03-ES";"UOP01-DEL03-ES"
547886;2023-09-10;"domingo";"19:00:00";"GO";50;205,7;"CAMPO ALEGRE DE GOIAS";"Acessar a via sem observar a presença dos outros veículos";"Colisão transversal";"Com Vítimas Feridas";"Plena Noite";"Crescente";"Céu Claro";"Dupla";"Reta";"Não";9;0;1;1;7;0;2;3;-17,6048;-47,7924;"SPRF-GO";"DEL06-GO";"UOP01-DEL06-GO"
547887;2023-09-10;"domingo";"18:30:00";"RJ";116;170;"RIO DE JANEIRO";"Velocidade Incompatível";"Colisão traseira";"Com Vítimas Feridas";"Plena Noite";"Crescente";"Céu Claro";"Dupla";"Reta";"Sim";4;0;2;0;2;0;2;2;-22,81113183;-43,3336729;"SPRF-RJ";"DEL01-RJ";"UOP02-DEL01-RJ"
547891;2023-09-10;"domingo";"18:40:00";"RS";101;57,6;"MAQUINE";"Demais falhas mecânicas ou elétricas";"Incêndio";"Sem Vítimas";"Plena Noite";"Crescente";"Nublado";"Dupla";"Reta";"Não";2;0;0;0;2;0;0;1;-29,661982;-50,132804;"SPRF-RS";"DEL03-RS";"UOP02-DEL03-RS"
547892;2023-09-10;"domingo";"19:00:00";"SP";153;61;"SAO JOSE DO RIO PRETO";"Ingestão de álcool pelo condutor";"Colisão traseira";"Com Vítimas Feridas";"Plena Noite";"Crescente";"Céu Claro";"Dupla";"Declive;Reta";"Sim";2;0;1;0;1;0;1;2;-20,80502876;-49,35574909;"SPRF-SP";"DEL09-SP";"UOP01-DEL09-SP"
547893;2023-09-10;"domingo";"19:45:00";"SC";101;146;"ITAPEMA";"Trafegar com motocicleta (ou similar) entre as faixas";"Colisão lateral mesmo sentido";"Com Vítimas Feridas";"Plena Noite";"Crescente";"Nublado";"Dupla";"Aclive;Reta";"Sim";2;0;0;1;1;0;1;2;-27,08666525;-48,60955587;"SPRF-SC";"DEL04-SC";"UOP03-DEL04-SC"
547895;2023-09-10;"domingo";"18:37:00";"RS";470;257;"SALVADOR DO SUL";"Ausência de reação do condutor";"Saída de leito carroçável";"Com Vítimas Feridas";"Plena Noite";"Decrescente";"Céu Claro";"Simples";"Curva";"Não";1;0;1;0;0;0;1;1;-29,44071;-51,50798;"SPRF-RS";"DEL06-RS";"UOP01-DEL06-RS"
547896;2023-09-10;"domingo";"18:20:00";"PI";343;177;"PIRIPIRI";"Reação tardia ou ineficiente do condutor";"Colisão lateral sentido oposto";"Com Vítimas Feridas";"Plena Noite";"Crescente";"Céu Claro";"Simples";"Reta";"Não";2;0;0;1;1;0;1;2;-4,21867;-41,774715;"SPRF-PI";"DEL02-PI";"UOP01-DEL02-PI"
547897;2023-09-10;"domingo";"19:00:00";"PI";343;16;"PARNAIBA";"Ingestão de álcool pelo condutor";"Tombamento";"Com Vítimas Feridas";"Plena Noite";"Decrescente";"Céu Claro";"Simples";"Reta";"Sim";1;0;0;1;0;0;1;1;-2,945431;-41,756462;"SPRF-PI";"DEL05-PI";"UOP01-DEL05-PI"
547898;2023-09-10;"domingo";"19:45:00";"PA";230;413;"PACAJA";"Pedestre andava na pista";"Atropelamento de Pedestre";"Com Vítimas Feridas";"Plena Noite";"Crescente";"Céu Claro";"Simples";"Reta";"Sim";2;0;0;1;1;0;1;2;-3,83681736;-50,62421394;"SPRF-PA";"DEL04-PA";"UOP01-DEL04-PA"
547899;2023-09-10;"domingo";"19:25:00";"SC";282;498,6;"XANXERE";"Ingestão de álcool pelo condutor";"Colisão transversal";"Com Vítimas Feridas";"Plena Noite";"Crescente";"Céu Claro";"Simples";"Curva";"Não";3;0;2;0;1;0;2;2;-26,884584;-52,390911;"SPRF-SC";"DEL07-SC";"UOP01-DEL07-SC"
547900;2023-09-10;"domingo";"18:20:00";"PB";230;171,8;"CAMPINA GRANDE";"Reação tardia ou ineficiente do condutor";"Colisão traseira";"Com Vítimas Feridas";"Plena Noite";"Decrescente";"Céu Claro";"Simples";"Reta;Aclive";"Não";4;0;1;0;3;0;1;2;-7,18;-35,9938;"SPRF-PB";"DEL02-PB";"UOP02-DEL02-PB"
547901;2023-09-10;"domingo";"19:09:00";"ES";101;299;"VIANA";"Animais na Pista";"Atropelamento de Animal";"Com Vítimas Feridas";"Plena Noite";"Crescente";"Céu Claro";"Dupla";"Reta";"Sim";2;0;1;0;1;0;1;2;-20,35860628;-40,42327504;"SPRF-ES";"DEL01-ES";"UOP01-DEL01-ES"
547902;2023-09-10;"domingo";"19:40:00";"PI";343;184;"PIRIPIRI";"Ausência de reação do condutor";"Colisão com objeto";"Com Vítimas Feridas";"Plena Noite";"Decrescente";"Céu Claro";"Simples";"Rotatória";"Sim";1;0;1;0;0;0;1;1;-4,2704946;-41,76050305;"SPRF-PI";"DEL02-PI";"UOP01-DEL02-PI"
547903;2023-09-10;"domingo";"19:45:00";"RN";101;101;"PARNAMIRIM";"Reação tardia ou ineficiente do condutor";"Colisão traseira";"Com Vítimas Feridas";"Plena Noite";"Crescente";"Céu Claro";"Múltipla";"Reta;Aclive";"Sim";3;0;1;0;2;0;1;2;-5,88106901;-35,22542396;"SPRF-RN";"DEL01-RN";"UOP01-DEL01-RN"
547904;2023-09-10;"domingo";"19:20:00";"SC";470;140;"RIO DO SUL";"Acessar a via sem observar a presença dos outros veículos";"Colisão transversal";"Com Vítimas Feridas";"Plena Noite";"Decrescente";"Nublado";"Simples";"Interseção de Vias";"Sim";3;0;1;1;1;0;2;2;-27,222485;-49,662827;"SPRF-SC";"DEL04-SC";"UOP02-DEL04-SC"
547905;2023-09-10;"domingo";"20:25:00";"MT";158;636;"NOVA XAVANTINA";"Manobra de mudança de faixa";"Capotamento";"Com Vítimas Feridas";"Plena Noite";"Decrescente";"Céu Claro";"Simples";"Reta";"Não";1;0;1;0;0;0;1;1;-14,53642582;-52,354405;"SPRF-MT";"DEL07-MT";"UOP02-DEL07-MT"
547906;2023-09-10;"domingo";"19:15:00";"GO";70;13;"AGUAS LINDAS DE GOIAS";"Velocidade Incompatível";"Colisão traseira";"Com Vítimas Feridas";"Plena Noite";"Decrescente";"Céu Claro";"Simples";"Reta";"Sim";6;0;5;1;0;0;6;2;-15,74489239;-48,31832762;"SPRF-DF";"DEL03-DF";"UOP02-DEL03-DF"
547908;2023-09-10;"domingo";"17:45:00";"PR";277;419,5;"CANTAGALO";"Animais na Pista";"Saída de leito carroçável";"Com Vítimas Feridas";"Pleno dia";"Decrescente";"Céu Claro";"Simples";"Reta";"Não";1;0;1;0;0;0;1;1;-25,41318664;-52,07945271;"SPRF-PR";"DEL04-PR";"UOP02-DEL04-PR"
547909;2023-09-10;"domingo";"19:30:00";"GO";60;126,9;"GOIANAPOLIS";"Velocidade Incompatível";"Saída de leito carroçável";"Sem Vítimas";"Plena Noite";"Crescente";"Céu Claro";"Dupla";"Curva";"Não";1;0;0;0;0;1;0;1;-16,5324;-49,1473;"SPRF-GO";"DEL01-GO";"UOP01-DEL01-GO"
547911;2023-09-10;"domingo";"19:20:00";"PR";376;3,9;"MANDAGUARI";"Transitar na contramão";"Colisão transversal";"Com Vítimas Feridas";"Plena Noite";"Decrescente";"Céu Claro";"Simples";"Curva";"Sim";5;0;3;1;1;0;4;2;-23,547966;-51,671265;"SPRF-PR";"DEL09-PR";"UOP01-DEL09-PR"
547912;2023-09-10;"domingo";"20:50:00";"RN";304;35;"MOSSORO";"Ausência de reação do condutor";"Tombamento";"Com Vítimas Feridas";"Plena Noite";"Crescente";"Céu Claro";"Dupla";"Reta";"Sim";1;0;0;1;0;0;1;1;-5,16149497;-37,35068212;"SPRF-RN";"DEL04-RN";"UOP02-DEL04-RN"
547914;2023-09-10;"domingo";"17:00:00";"PR";277;281;"PRUDENTOPOLIS";"Ausência de reação do condutor";"Saída de leito carroçável";"Sem Vítimas";"Pleno dia";"Decrescente";"Céu Claro";"Simples";"Curva";"Não";3;0;0;0;3;0;0;1;-25,35311186;-50,92528987;"SPRF-PR";"DEL08-PR";"UOP02-DEL08-PR"
547916;2023-09-10;"domingo";"18:25:00";"MG";40;698;"BARBACENA";"Ausência de reação do condutor";"Colisão traseira";"Sem Vítimas";"Plena Noite";"Decrescente";"Céu Claro";"Simples";"Aclive;Reta";"Não";2;0;0;0;2;0;0;2;-21,18909347;-43,75185013;"SPRF-MG";"DEL05-MG";"UOP02-DEL05-MG"
547918;2023-09-10;"domingo";"20:20:00";"PR";277;692;"SAO MIGUEL DO IGUACU";"Manobra de mudança de faixa";"Saída de leito carroçável";"Sem Vítimas";"Plena Noite";"Decrescente";"Céu Claro";"Dupla";"Aclive";"Não";2;0;0;0;1;1;0;2;-25,36774473;-54,26181715;"SPRF-PR";"DEL05-PR";"UOP01-DEL05-PR"
547919;2023-09-10;"domingo";"16:50:00";"RS";285;665;"SAO BORJA";"Ausência de reação do condutor";"Capotamento";"Com Vítimas Feridas";"Pleno dia";"Crescente";"Céu Claro";"Simples";"Reta";"Não";3;0;2;0;1;0;2;1;-28,65798;-55,91003;"SPRF-RS";"DEL12-RS";"UOP01-DEL12-RS"
547920;2023-09-10;"domingo";"20:00:00";"PI";343;53,5;"BURITI DOS LOPES";"Demais falhas mecânicas ou elétricas";"Incêndio";"Com Vítimas Feridas";"Plena Noite";"Decrescente";"Céu Claro";"Simples";"Reta";"Não";1;0;1;0;0;0;1;1;-3,201669;-41,835808;"SPRF-PI";"DEL05-PI";"UOP01-DEL05-PI"
547921;2023-09-10;"domingo";"20:00:00";"MG";262;34;"MANHUACU";"Acessar a via sem observar a presença dos outros veículos";"Atropelamento de Pedestre";"Com Vítimas Feridas";"Plena Noite";"Crescente";"Céu Claro";"Simples";"Rotatória";"Sim";2;0;1;0;1;0;1;2;-20,25692664;-42,01099203;"SPRF-MG";"DEL06-MG";"UOP03-DEL06-MG"
547922;2023-09-10;"domingo";"20:10:00";"SC";101;448,6;"SANTA ROSA DO SUL";"Acessar a via sem observar a presença dos outros veículos";"Colisão transversal";"Com Vítimas Feridas";"Plena Noite";"Decrescente";"Nublado";"Múltipla";"Reta";"Não";2;0;0;1;1;0;1;2;-29,15898991;-49,73540906;"SPRF-SC";"DEL02-SC";"UOP02-DEL02-SC"
547924;2023-09-10;"domingo";"20:55:00";"RN";304;35,8;"MOSSORO";"Ausência de sinalização";"Tombamento";"Com Vítimas Feridas";"Plena Noite";"Crescente";"Céu Claro";"Dupla";"Reta;Em Obras";"Sim";1;0;1;0;0;0;1;1;-5,16665923;-37,35338175;"SPRF-RN";"DEL04-RN";"UOP02-DEL04-RN"
547925;2023-09-10;"domingo";"20:10:00";"GO";452;191;"ITUMBIARA";"Acessar a via sem observar a presença dos outros veículos";"Atropelamento de Pedestre";"Com Vítimas Feridas";"Plena Noite";"Decrescente";"Céu Claro";"Simples";"Reta";"Sim";2;0;1;0;1;0;1;2;-18,3773812;-49,27010486;"SPRF-GO";"DEL03-GO";"UOP02-DEL03-GO"
547927;2023-09-10;"domingo";"20:00:00";"SC";101;14,9;"GARUVA";"Acessar a via sem observar a presença dos outros veículos";"Colisão transversal";"Com Vítimas Feridas";"Plena Noite";"Crescente";"Céu Claro";"Dupla";"Reta";"Não";6;0;2;1;3;0;3;4;-26,09803515;-48,86773972;"SPRF-SC";"DEL03-SC";"UOP01-DEL03-SC"
547928;2023-09-10;"domingo";"18:25:00";"BA";242;418;"SEABRA";"Animais na Pista";"Atropelamento de Animal";"Com Vítimas Feridas";"Plena Noite";"Crescente";"Céu Claro";"Simples";"Aclive;Reta";"Sim";1;0;1;0;0;0;1;1;-12,43218557;-41,80645406;"SPRF-BA";"DEL06-BA";"UOP01-DEL06-BA"
547929;2023-09-10;"domingo";"21:50:00";"PR";116;128;"FAZENDA RIO GRANDE";"Reação tardia ou ineficiente do condutor";"Colisão com objeto";"Com Vítimas Feridas";"Plena Noite";"Crescente";"Céu Claro";"Dupla";"Reta";"Sim";3;0;3;0;0;0;3;1;-25,661952;-49,313135;"SPRF-PR";"DEL01-PR";"UOP03-DEL01-PR"
547930;2023-09-10;"domingo";"21:20:00";"MS";163;616;"SAO GABRIEL DO OESTE";"Acessar a via sem observar a presença dos outros veículos";"Colisão transversal";"Com Vítimas Feridas";"Plena Noite";"Crescente";"Céu Claro";"Simples";"Interseção de Vias;Reta";"Sim";2;0;1;0;0;1;1;2;-19,38918996;-54,57160234;"SPRF-MS";"DEL06-MS";"UOP02-DEL06-MS"
547931;2023-09-10;"domingo";"17:35:00";"PR";373;183,6;"PONTA GROSSA";"Acessar a via sem observar a presença dos outros veículos";"Colisão transversal";"Com Vítimas Feridas";"Anoitecer";"Decrescente";"Céu Claro";"Dupla";"Reta;Interseção de Vias;Retorno Regulamentado;Rotatória";"Não";2;0;1;0;1;0;1;2;-25,03935712;-50,2767641;"SPRF-PR";"DEL03-PR";"UOP01-DEL03-PR"
547932;2023-09-10;"domingo";"21:45:00";"PR";376;45;"NOVA LONDRINA";"Desrespeitar a preferência no cruzamento";"Colisão transversal";"Com Vítimas Feridas";"Plena Noite";"Crescente";"Céu Claro";"Simples";"Interseção de Vias";"Não";5;0;2;0;3;0;2;2;-22,860661;-52,966096;"SPRF-PR";"DEL09-PR";"UOP02-DEL09-PR"
547933;2023-09-10;"domingo";"19:40:00";"BA";101;940;"MUCURI";"Ausência de reação do condutor";"Queda de ocupante de veículo";"Com Vítimas Feridas";"Plena Noite";"Decrescente";"Céu Claro";"Simples";"Reta";"Não";1;0;1;0;0;0;1;1;-18,16840196;-39,91873914;"SPRF-BA";"DEL09-BA";"UOP02-DEL09-BA"
547934;2023-09-10;"domingo";"22:30:00";"RN";226;250,3;"JUCURUTU";"Ausência de sinalização";"Colisão frontal";"Com Vítimas Fatais";"Plena Noite";"Crescente";"Céu Claro";"Simples";"Reta";"Não";5;1;2;1;0;1;3;2;-5,999146;-37,03559;"SPRF-RN";"DEL03-RN";"UOP01-DEL03-RN"
547935;2023-09-10;"domingo";"21:25:00";"PI";343;181,2;"PIRIPIRI";"Manobra de mudança de faixa";"Colisão transversal";"Com Vítimas Feridas";"Plena Noite";"Decrescente";"Céu Claro";"Simples";"Reta";"Sim";2;0;1;0;1;0;1;2;-4,249616;-41,764942;"SPRF-PI";"DEL02-PI";"UOP01-DEL02-PI"
547936;2023-09-10;"domingo";"20:45:00";"MT";163;697;"SORRISO";"Demais falhas mecânicas ou elétricas";"Tombamento";"Com Vítimas Feridas";"Plena Noite";"Crescente";"Céu Claro";"Simples";"Reta";"Não";2;0;1;0;1;0;1;1;-13,001523;-55,887224;"SPRF-MT";"DEL06-MT";"UOP01-DEL06-MT"
547937;2023-09-10;"domingo";"20:30:00";"BA";242;900,1;"LUIS EDUARDO MAGALHAES";"Reação tardia ou ineficiente do condutor";"Saída de leito carroçável";"Com Vítimas Feridas";"Plena Noite";"Decrescente";"Céu Claro";"Simples";"Reta";"Não";1;0;0;1;0;0;1;1;-12,1064664;-45,90705872;"SPRF-BA";"DEL10-BA";"UOP01-DEL10-BA"
547938;2023-09-10;"domingo";"20:40:00";"PR";373;387,7;"CANDOI";"Transitar na contramão";"Colisão frontal";"Com Vítimas Fatais";"Plena Noite";"Crescente";"Céu Claro";"Simples";"Curva";"Não";3;1;1;1;0;0;2;2;-25,507282;-51,959181;"SPRF-PR";"DEL08-PR";"UOP01-DEL08-PR"
547939;2023-09-10;"domingo";"18:30:00";"RJ";101;291;"ITABORAI";"Condutor deixou de manter distância do veículo da frente";"Colisão traseira";"Sem Vítimas";"Plena Noite";"Decrescente";"Céu Claro";"Dupla";"Reta";"Não";4;0;0;0;4;0;0;2;-22,76457445;-42,86989322;"SPRF-RJ";"DEL02-RJ";"UOP02-DEL02-RJ"
547940;2023-09-10;"domingo";"21:50:00";"RJ";493;1;"ITABORAI";"Conversão proibida";"Colisão transversal";"Com Vítimas Feridas";"Plena Noite";"Decrescente";"Céu Claro";"Simples";"Reta";"Sim";2;0;1;0;1;0;1;2;-22,76398788;-42,92731895;"SPRF-RJ";"DEL02-RJ";"UOP02-DEL02-RJ"
547942;2023-09-10;"domingo";"21:40:00";"MG";153;9;"ARAPORA";"Condutor Dormindo";"Saída de leito carroçável";"Com Vítimas Feridas";"Plena Noite";"Decrescente";"Céu Claro";"Dupla";"Reta";"Não";1;0;1;0;0;0;1;1;-18,49690399;-49,18880024;"SPRF-MG";"DEL15-MG";"UOP03-DEL15-MG"
547943;2023-09-10;"domingo";"22:30:00";"PR";476;283;"SAO MATEUS DO SUL";"Ausência de reação do condutor";"Queda de ocupante de veículo";"Com Vítimas Feridas";"Plena Noite";"Crescente";"Céu Claro";"Simples";"Reta";"Não";1;0;1;0;0;0;1;1;-25,891396;-50,435032;"SPRF-PR";"DEL02-PR";"UOP03-DEL02-PR"
547945;2023-09-10;"domingo";"21:20:00";"MS";262;431,5;"DOIS IRMAOS DO BURITI";"Ultrapassagem Indevida";"Colisão traseira";"Com Vítimas Feridas";"Plena Noite";"Decrescente";"Céu Claro";"Simples";"Reta";"Não";4;0;1;0;3;0;1;2;-20,49784673;-55,31053909;"SPRF-MS";"DEL03-MS";"UOP01-DEL03-MS"
547946;2023-09-10;"domingo";"23:05:00";"SP";381;84,6;"SAO PAULO";"Ausência de reação do condutor";"Colisão com objeto";"Com Vítimas Feridas";"Plena Noite";"Crescente";"Céu Claro";"Múltipla";"Reta";"Sim";1;0;1;0;0;0;1;1;-23,43937;-46,56807;"SPRF-SP";"DEL03-SP";"UOP01-DEL03-SP"
547947;2023-09-10;"domingo";"23:40:00";"PR";369;58;"BANDEIRANTES";"Ingestão de álcool e/ou substâncias psicoativas pelo pedestre";"Colisão transversal";"Com Vítimas Feridas";"Plena Noite";"Decrescente";"Céu Claro";"Simples";"Interseção de Vias;Reta";"Sim";2;0;1;0;0;1;1;2;-23,12358734;-50,38117647;"SPRF-PR";"DEL07-PR";"UOP05-DEL07-PR"
547948;2023-09-10;"domingo";"20:38:00";"RO";364;342;"JI-PARANA";"Acessar a via sem observar a presença dos outros veículos";"Colisão traseira";"Com Vítimas Feridas";"Plena Noite";"Decrescente";"Céu Claro";"Simples";"Reta";"Sim";2;0;1;0;1;0;1;2;-10,88381227;-61,93741416;"SPRF-RO";"DEL02-RO";"UOP01-DEL02-RO"
547949;2023-09-10;"domingo";"21:20:00";"RO";364;499;"ARIQUEMES";"Entrada inopinada do pedestre";"Atropelamento de Pedestre";"Com Vítimas Fatais";"Plena Noite";"Decrescente";"Céu Claro";"Simples";"Curva";"Não";4;1;0;0;2;1;0;2;-10,033716;-62,977759;"SPRF-RO";"DEL03-RO";"UOP01-DEL03-RO"
547950;2023-09-10;"domingo";"18:50:00";"RJ";493;18,2;"GUAPIMIRIM";"Reação tardia ou ineficiente do condutor";"Saída de leito carroçável";"Com Vítimas Feridas";"Plena Noite";"Crescente";"Céu Claro";"Simples";"Reta";"Sim";2;0;1;0;1;0;1;1;-22,6687122;-43,01862696;"SPRF-RJ";"DEL04-RJ";"UOP02-DEL04-RJ"
547951;2023-09-10;"domingo";"19:00:00";"RJ";116;118;"MAGE";"Condutor deixou de manter distância do veículo da frente";"Colisão traseira";"Com Vítimas Fatais";"Plena Noite";"Decrescente";"Céu Claro";"Dupla";"Reta";"Não";3;2;0;0;1;0;0;2;-22,60969336;-43,03076263;"SPRF-RJ";"DEL04-RJ";"UOP02-DEL04-RJ"
547952;2023-09-10;"domingo";"22:40:00";"BA";242;410;"SEABRA";"Ingestão de álcool pelo condutor";"Colisão lateral sentido oposto";"Com Vítimas Feridas";"Plena Noite";"Decrescente";"Céu Claro";"Simples";"Curva";"Não";2;0;1;0;1;0;1;2;-12,452029897;-41,7505505176;"SPRF-BA";"DEL06-BA";"UOP01-DEL06-BA"
547953;2023-09-10;"domingo";"22:30:00";"MG";40;510;"RIBEIRAO DAS NEVES";"Suicídio (presumido)";"Saída de leito carroçável";"Sem Vítimas";"Plena Noite";"Decrescente";"Céu Claro";"Dupla";"Reta";"Sim";1;0;0;0;1;0;0;1;-19,77463885;-44,12321882;"SPRF-MG";"DEL01-MG";"UOP02-DEL01-MG"
547955;2023-09-11;"segunda-feira";"01:00:00";"SP";116;92,5;"PINDAMONHANGABA";"Ingestão de álcool pelo condutor";"Colisão lateral mesmo sentido";"Sem Vítimas";"Plena Noite";"Decrescente";"Céu Claro";"Dupla";"Reta";"Sim";3;0;0;0;3;0;0;3;-22,95222732;-45,40443885;"SPRF-SP";"DEL08-SP";"UOP01-DEL08-SP"
547957;2023-09-11;"segunda-feira";"01:48:00";"MT";163;835;"SINOP";"Reação tardia ou ineficiente do condutor";"Saída de leito carroçável";"Sem Vítimas";"Plena Noite";"Decrescente";"Céu Claro";"Simples";"Viaduto";"Não";1;0;0;0;0;1;0;1;-11,85769118;-55,4941535;"SPRF-MT";"DEL06-MT";"UOP02-DEL06-MT"
547959;2023-08-29;"terça-feira";"18:40:00";"BA";116;4,8;"VITORIA DA CONQUISTA";"Animais na Pista";"Atropelamento de Animal";"Com Vítimas Feridas";"Plena Noite";"Decrescente";"Ignorado";"Simples";"Reta";"Não";1;0;0;1;0;0;1;1;-14,825985;-40,872787;"SPRF-BA";"DEL08-BA";"UOP01-DEL08-BA"
547960;2023-09-11;"segunda-feira";"02:20:00";"PR";277;9;"PARANAGUA";"Ausência de reação do condutor";"Saída de leito carroçável";"Com Vítimas Feridas";"Plena Noite";"Decrescente";"Céu Claro";"Dupla";"Reta";"Não";6;0;0;6;0;0;6;1;-25,567406;-48,619392;"SPRF-PR";"DEL01-PR";"UOP05-DEL01-PR"