"id";"data_inversa";"dia_semana";"horario";"uf";"br";"km";"municipio";"causa_acidente";"tipo_acidente";"classificacao_acidente";"fase_dia";"sentido_via";"condicao_metereologica";"tipo_pista";"tracado_via";"uso_solo";"pessoas";"mortos";"feridos_leves";"feridos_graves";"ilesos";"ignorados";"feridos";"veiculos";"latitude";"longitude";"regional";"delegacia";"uop"
548068;2023-09-11;"segunda-feira";"15:07:00";"SP";116;288;"ITAPECERICA DA SERRA";"Demais falhas mecânicas ou elétricas";"Incêndio";"Sem Vítimas";"Pleno dia";"Decrescente";"Céu Claro";"Dupla";"Reta";"Sim";1;0;0;0;1;0;0;1;-23,719254;-46,883144;"SPRF-SP";"DEL04-SP";"UOP01-DEL04-SP"
548069;2023-09-11;"segunda-feira";"15:45:00";"MG";116;764,1;"LEOPOLDINA";"Conversão proibida";"Colisão transversal";"Com Vítimas Feridas";"Pleno dia";"Decrescente";"Céu Claro";"Simples";"Curva;Declive";"Sim";2;0;2;0;0;0;2;2;-21,52171912;-42,64030314;"SPRF-MG";"DEL07-MG";"UOP01-DEL07-MG"
548070;2023-09-11;"segunda-feira";"14:30:00";"MT";163;804;"SINOP";"Reação tardia ou ineficiente do condutor";"Saída de leito carroçável";"Com Vítimas Feridas";"Pleno dia";"Crescente";"Céu Claro";"Simples";"Reta;Interseção de Vias";"Não";1;0;0;1;0;0;1;1;-12,05323896;-55,51755041;"SPRF-MT";"DEL06-MT";"UOP02-DEL06-MT"
548072;2023-09-11;"segunda-feira";"13:20:00";"SP";116;52;"LORENA";"Avarias e/ou desgaste excessivo no pneu";"Tombamento";"Com Vítimas Feridas";"Pleno dia";"Decrescente";"Céu Claro";"Dupla";"Reta";"Sim";2;0;2;0;0;0;2;1;-22,74708138;-45,09973038;"SPRF-SP";"DEL08-SP";"UOP02-DEL08-SP"
548073;2023-09-11;"segunda-feira";"15:20:00";"GO";414;337;"COCALZINHO DE GOIAS";"Condutor Dormindo";"Saída de leito carroçável";"Com Vítimas Feridas";"Pleno dia";"Crescente";"Céu Claro";"Simples";"Reta";"Não";2;0;2;0;0;0;2;1;-15,580993;-48,628662;"SPRF-GO";"DEL02-GO";"UOP01-DEL02-GO"
548074;2023-09-03;"domingo";"18:10:00";"CE";20;198,7;"BOA VIAGEM";"Reação tardia ou ineficiente do condutor";"Colisão transversal";"Com Vítimas Feridas";"Plena Noite";"Crescente";"Céu Claro";"Simples";"Reta";"Não";3;0;2;0;1;0;2;2;-5,16678504;-39,75927094;"SPRF-CE";"DEL02-CE";"UOP02-DEL02-CE"
548075;2023-09-11;"segunda-feira";"10:50:00";"RO";319;58;"PORTO VELHO";"Manobra de mudança de faixa";"Colisão lateral mesmo sentido";"Com Vítimas Feridas";"Pleno dia";"Crescente";"Céu Claro";"Dupla";"Reta";"Sim";2;0;1;0;1;0;1;2;-8,739714;-63,93214024;"SPRF-RO";"DEL01-RO";"UOP01-DEL01-RO"
548077;2023-09-11;"segunda-feira";"15:30:00";"GO";40;10,9;"LUZIANIA";"Ingestão de álcool pelo condutor";"Colisão com objeto";"Sem Vítimas";"Pleno dia";"Crescente";"Sol";"Dupla";"Reta";"Sim";1;0;0;0;0;1;0;1;-16,13760373;-47,9522717;"SPRF-DF";"DEL01-DF";"UOP01-DEL01-DF"
548078;2023-09-11;"segunda-feira";"14:13:00";"AC";364;123;"RIO BRANCO";"Condutor deixou de manter distância do veículo da frente";"Colisão traseira";"Com Vítimas Feridas";"Pleno dia";"Crescente";"Céu Claro";"Dupla";"Reta";"Não";2;0;1;0;1;0;1;2;-10,0117071;-67,782373;"SPRF-AC";"DEL01-AC";"UOP01-DEL01-AC"
548079;2023-07-30;"domingo";"19:00:00";"RS";116;427;"CRISTAL";"Acessar a via sem observar a presença dos outros veículos";"Colisão transversal";"Com Vítimas Feridas";"Plena Noite";"Decrescente";"Céu Claro";"Simples";"Reta";"Sim";3;0;1;0;2;0;1;2;-30,99035;-52,038357;"SPRF-RS";"DEL02-RS";"UOP02-DEL02-RS"
548080;2023-09-11;"segunda-feira";"15:40:00";"MG";116;528,6;"CARATINGA";"Acessar a via sem observar a presença dos outros veículos";"Colisão transversal";"Com Vítimas Feridas";"Pleno dia";"Crescente";"Céu Claro";"Simples";"Rotatória;Reta";"Sim";2;0;1;0;1;0;1;2;-19,80209596;-42,13678193;"SPRF-MG";"DEL06-MG";"UOP02-DEL06-MG"
548081;2023-09-11;"segunda-feira";"16:10:00";"SP";116;223;"GUARULHOS";"Entrada inopinada do pedestre";"Atropelamento de Pedestre";"Com Vítimas Feridas";"Pleno dia";"Crescente";"Céu Claro";"Múltipla";"Interseção de Vias;Reta";"Sim";2;0;0;1;1;0;1;2;-23,47559815;-46,5246609;"SPRF-SP";"DEL01-SP";"UOP01-DEL01-SP"
548083;2023-09-11;"segunda-feira";"16:50:00";"SP";153;41,8;"ONDA VERDE";"Ingestão de álcool pelo condutor";"Colisão traseira";"Sem Vítimas";"Pleno dia";"Crescente";"Céu Claro";"Simples";"Interseção de Vias";"Não";2;0;0;0;2;0;0;2;-20,62848304;-49,33623886;"SPRF-SP";"DEL09-SP";"UOP01-DEL09-SP"
548084;2023-09-11;"segunda-feira";"15:30:00";"PB";101;11;"MAMANGUAPE";"Ausência de reação do condutor";"Saída de leito carroçável";"Com Vítimas Feridas";"Pleno dia";"Crescente";"Céu Claro";"Dupla";"Reta;Declive";"Não";1;0;0;1;0;0;1;1;-6,59256898;-35,14508356;"SPRF-PB";"DEL01-PB";"UOP04-DEL01-PB"
548085;2023-09-11;"segunda-feira";"16:30:00";"MG";381;499;"BETIM";"Ausência de reação do condutor";"Colisão traseira";"Com Vítimas Feridas";"Pleno dia";"Decrescente";"Céu Claro";"Dupla";"Reta;Declive";"Não";2;0;1;0;1;0;1;2;-19,99493312;-44,20784175;"SPRF-MG";"DEL04-MG";"UOP03-DEL04-MG"
548088;2023-09-11;"segunda-feira";"16:15:00";"GO";60;425;"RIO VERDE";"Condutor Dormindo";"Saída de leito carroçável";"Com Vítimas Feridas";"Pleno dia";"Decrescente";"Céu Claro";"Dupla";"Reta";"Não";2;0;1;1;0;0;2;1;-17,8145;-51,2842;"SPRF-GO";"DEL04-GO";"UOP02-DEL04-GO"
548090;2023-09-11;"segunda-feira";"17:10:00";"SP";116;145;"SAO JOSE DOS CAMPOS";"Demais falhas mecânicas ou elétricas";"Tombamento";"Com Vítimas Feridas";"Pleno dia";"Crescente";"Céu Claro";"Dupla";"Aclive;Reta";"Sim";1;0;1;0;0;0;1;1;-23,1869844;-45,8548078;"SPRF-SP";"DEL02-SP";"UOP01-DEL02-SP"
548091;2023-09-11;"segunda-feira";"17:25:00";"SP";116;184;"SANTA ISABEL";"Pedestre andava na pista";"Atropelamento de Pedestre";"Com Vítimas Fatais";"Anoitecer";"Decrescente";"Céu Claro";"Dupla";"Reta";"Não";3;1;0;0;1;1;0;2;-23,35197301;-46,180058;"SPRF-SP";"DEL01-SP";"UOP01-DEL01-SP"
548092;2023-09-11;"segunda-feira";"16:30:00";"RJ";101;492;"ANGRA DOS REIS";"Acessar a via sem observar a presença dos outros veículos";"Colisão traseira";"Com Vítimas Feridas";"Pleno dia";"Crescente";"Céu Claro";"Simples";"Retorno Regulamentado;Interseção de Vias;Reta";"Sim";4;0;3;0;1;0;3;2;-22,94874989;-44,3279949;"SPRF-RJ";"DEL03-RJ";"UOP03-DEL03-RJ"
548094;2023-09-11;"segunda-feira";"15:15:00";"SC";101;151;"ITAPEMA";"Reação tardia ou ineficiente do condutor";"Colisão traseira";"Com Vítimas Feridas";"Pleno dia";"Decrescente";"Céu Claro";"Simples";"Curva;Viaduto";"Sim";2;0;1;0;1;0;1;2;-27,126536;-48,609642;"SPRF-SC";"DEL04-SC";"UOP03-DEL04-SC"
548095;2023-09-11;"segunda-feira";"17:44:00";"PE";232;4,6;"RECIFE";"Velocidade Incompatível";"Colisão transversal";"Com Vítimas Feridas";"Anoitecer";"Crescente";"Nublado";"Simples";"Interseção de Vias";"Sim";4;0;3;0;0;1;3;3;-8,06419048;-34,94195223;"SPRF-PE";"DEL01-PE";"UOP01-DEL01-PE"
548096;2023-09-11;"segunda-feira";"17:40:00";"SP";116;152;"SAO JOSE DOS CAMPOS";"Reação tardia ou ineficiente do condutor";"Engavetamento";"Com Vítimas Feridas";"Plena Noite";"Crescente";"Céu Claro";"Dupla";"Reta";"Sim";3;0;1;0;2;0;1;3;-23,22620401;-45,90682999;"SPRF-SP";"DEL02-SP";"UOP01-DEL02-SP"
548098;2023-09-11;"segunda-feira";"18:05:00";"MG";50;109;"UBERABA";"Avarias e/ou desgaste excessivo no pneu";"Tombamento";"Com Vítimas Feridas";"Anoitecer";"Crescente";"Céu Claro";"Dupla";"Reta";"Não";2;0;2;0;0;0;2;1;-19,21477497;-48,1473349;"SPRF-MG";"DEL13-MG";"UOP01-DEL13-MG"
548099;2023-09-11;"segunda-feira";"18:05:00";"RS";116;114;"SAO MARCOS";"Acessar a via sem observar a presença dos outros veículos";"Colisão transversal";"Com Vítimas Feridas";"Anoitecer";"Crescente";"Céu Claro";"Simples";"Reta";"Sim";5;0;4;0;1;0;4;2;-28,96397179;-51,0753428;"SPRF-RS";"DEL05-RS";"UOP01-DEL05-RS"
548100;2023-09-11;"segunda-feira";"17:20:00";"PR";153;17,8;"JACAREZINHO";"Condutor desrespeitou a iluminação vermelha do semáforo";"Colisão transversal";"Com Vítimas Feridas";"Anoitecer";"Decrescente";"Céu Claro";"Simples";"Reta;Interseção de Vias";"Sim";2;0;1;0;0;1;1;2;-23,135487;-49,9450358;"SPRF-PR";"DEL07-PR";"UOP04-DEL07-PR"
548101;2023-09-11;"segunda-feira";"18:20:00";"SC";101;329,9;"TUBARAO";"Manobra de mudança de faixa";"Colisão lateral mesmo sentido";"Com Vítimas Feridas";"Plena Noite";"Decrescente";"Céu Claro";"Dupla";"Reta";"Não";3;0;1;0;2;0;1;2;-28,44404822;-48,96611372;"SPRF-SC";"DEL02-SC";"UOP01-DEL02-SC"
548104;2023-09-11;"segunda-feira";"17:30:00";"MG";356;265,2;"MURIAE";"Conversão proibida";"Colisão transversal";"Com Vítimas Feridas";"Anoitecer";"Decrescente";"Céu Claro";"Simples";"Curva";"Sim";2;0;1;0;0;1;1;2;-21,12681866;-42,37282991;"SPRF-MG";"DEL07-MG";"UOP02-DEL07-MG"
548106;2023-09-11;"segunda-feira";"18:40:00";"PR";277;13;"PARANAGUA";"Reação tardia ou ineficiente do condutor";"Colisão com objeto";"Com Vítimas Feridas";"Anoitecer";"Crescente";"Céu Claro";"Dupla";"Reta";"Não";3;0;2;0;1;0;2;1;-25,568198;-48,615292;"SPRF-PR";"DEL01-PR";"UOP05-DEL01-PR"
548107;2023-09-11;"segunda-feira";"18:45:00";"RN";101;99;"NATAL";"Condutor deixou de manter distância do veículo da frente";"Colisão traseira";"Com Vítimas Feridas";"Plena Noite";"Crescente";"Céu Claro";"Dupla";"Reta";"Sim";2;0;1;0;1;0;1;2;-5,87359183;-35,22063023;"SPRF-RN";"DEL01-RN";"UOP01-DEL01-RN"
548108;2023-09-11;"segunda-feira";"19:06:00";"SP";116;279;"EMBU DAS ARTES";"Reação tardia ou ineficiente do condutor";"Tombamento";"Com Vítimas Feridas";"Plena Noite";"Crescente";"Céu Claro";"Múltipla";"Reta;Aclive";"Sim";2;0;1;0;0;1;1;2;-23,64419987;-46,83995247;"SPRF-SP";"DEL04-SP";"UOP01-DEL04-SP"
548110;2023-09-11;"segunda-feira";"17:30:00";"RJ";116;133;"MAGE";"Entrada inopinada do pedestre";"Tombamento";"Com Vítimas Feridas";"Anoitecer";"Crescente";"Sol";"Dupla";"Reta";"Sim";2;0;2;0;0;0;2;1;-22,65418284;-43,14382995;"SPRF-RJ";"DEL04-RJ";"UOP02-DEL04-RJ"
548111;2023-09-11;"segunda-feira";"17:15:00";"RN";406;103,8;"JOAO CAMARA";"Manobra de mudança de faixa";"Colisão transversal";"Com Vítimas Feridas";"Anoitecer";"Crescente";"Céu Claro";"Simples";"Reta";"Sim";3;0;3;0;0;0;3;2;-5,53714888;-35,81373986;"SPRF-RN";"DEL02-RN";"UOP01-DEL02-RN"
548112;2023-09-11;"segunda-feira";"18:50:00";"RJ";116;299,9;"RESENDE";"Reação tardia ou ineficiente do condutor";"Colisão traseira";"Com Vítimas Feridas";"Plena Noite";"Decrescente";"Céu Claro";"Dupla";"Reta";"Não";2;0;1;0;1;0;1;2;-22,45153554;-44,34627905;"SPRF-RJ";"DEL07-RJ";"UOP02-DEL07-RJ"
548113;2023-09-11;"segunda-feira";"18:25:00";"PE";408;74;"PAUDALHO";"Conversão proibida";"Colisão frontal";"Com Vítimas Feridas";"Plena Noite";"Crescente";"Céu Claro";"Múltipla";"Interseção de Vias;Reta";"Sim";3;0;1;1;0;1;2;2;-7,89701706;-35,17300548;"SPRF-PE";"DEL01-PE";"UOP01-DEL01-PE"
548116;2023-09-11;"segunda-feira";"19:30:00";"RJ";40;124;"DUQUE DE CAXIAS";"Manobra de mudança de faixa";"Colisão transversal";"Com Vítimas Feridas";"Plena Noite";"Decrescente";"Céu Claro";"Múltipla";"Reta";"Não";2;0;1;0;0;1;1;2;-22,807953;-43,289124;"SPRF-RJ";"DEL01-RJ";"UOP01-DEL01-RJ"
548117;2023-09-11;"segunda-feira";"17:30:00";"BA";324;615;"SIMOES FILHO";"Acessar a via sem observar a presença dos outros veículos";"Tombamento";"Com Vítimas Feridas";"Anoitecer";"Crescente";"Céu Claro";"Dupla";"Reta";"Sim";2;0;1;0;1;0;1;1;-12,87206398;-38,42746403;"SPRF-BA";"DEL01-BA";"UOP01-DEL01-BA"
548118;2023-09-11;"segunda-feira";"15:00:00";"RJ";101;326;"NITEROI";"Condutor deixou de manter distância do veículo da frente";"Colisão traseira";"Com Vítimas Feridas";"Pleno dia";"Crescente";"Céu Claro";"Múltipla";"Ponte;Reta";"Não";2;0;1;0;1;0;1;2;-22,87206203;-43,146105;"SPRF-RJ";"DEL02-RJ";"UOP01-DEL02-RJ"
548119;2023-09-11;"segunda-feira";"19:00:00";"RS";116;252;"SAPUCAIA DO SUL";"Trafegar com motocicleta (ou similar) entre as faixas";"Colisão traseira";"Com Vítimas Feridas";"Plena Noite";"Crescente";"Céu Claro";"Dupla";"Reta";"Sim";3;0;1;0;2;0;1;2;-29,80913395;-51,1675292;"SPRF-RS";"DEL01-RS";"UOP02-DEL01-RS"
548121;2023-09-11;"segunda-feira";"17:30:00";"MT";364;58;"ALTO GARCAS";"Ultrapassagem Indevida";"Colisão frontal";"Com Vítimas Feridas";"Anoitecer";"Crescente";"Sol";"Simples";"Declive";"Sim";2;0;0;1;1;0;1;2;-16,93623873;-53,53436782;"SPRF-MT";"DEL02-MT";"UOP02-DEL02-MT"
548123;2023-09-11;"segunda-feira";"15:35:00";"PR";373;420,1;"CANDOI";"Reação tardia ou ineficiente do condutor";"Saída de leito carroçável";"Com Vítimas Feridas";"Pleno dia";"Crescente";"Sol";"Simples";"Reta;Declive";"Não";1;0;1;0;0;0;1;1;-25,69481872;-52,16079429;"SPRF-PR";"DEL08-PR";"UOP01-DEL08-PR"
548126;2023-09-11;"segunda-feira";"18:30:00";"RJ";101;487,6;"ANGRA DOS REIS";"Ausência de reação do condutor";"Engavetamento";"Com Vítimas Feridas";"Plena Noite";"Crescente";"Céu Claro";"Simples";"Reta";"Sim";4;0;1;0;3;0;1;3;-22,96828891;-44,29864663;"SPRF-RJ";"DEL03-RJ";"UOP03-DEL03-RJ"
548127;2023-09-11;"segunda-feira";"18:30:00";"RS";386;38,5;"FREDERICO WESTPHALEN";"Reação tardia ou ineficiente do condutor";"Colisão traseira";"Com Vítimas Feridas";"Anoitecer";"Decrescente";"Céu Claro";"Simples";"Aclive";"Não";3;0;1;0;2;0;1;2;-27,391367;-53,400776;"SPRF-RS";"DEL08-RS";"UOP02-DEL08-RS"
548128;2023-09-11;"segunda-feira";"20:30:00";"BA";110;369;"CATU";"Acessar a via sem observar a presença dos outros veículos";"Colisão transversal";"Com Vítimas Feridas";"Plena Noite";"Decrescente";"Céu Claro";"Simples";"Reta";"Sim";2;0;0;1;1;0;1;2;-12,40807355;-38,4135452;"SPRF-BA";"DEL01-BA";"UOP04-DEL01-BA"
548130;2023-09-11;"segunda-feira";"19:50:00";"PR";277;510,7;"GUARANIACU";"Deficiência do Sistema de Iluminação/Sinalização";"Colisão lateral mesmo sentido";"Com Vítimas Feridas";"Plena Noite";"Decrescente";"Céu Claro";"Simples";"Aclive;Reta";"Não";2;0;0;1;1;0;1;2;-25,121555;-52,783096;"SPRF-PR";"DEL04-PR";"UOP04-DEL04-PR"
548131;2023-09-11;"segunda-feira";"20:00:00";"RS";285;298,1;"PASSO FUNDO";"Ausência de reação do condutor";"Saída de leito carroçável";"Com Vítimas Feridas";"Plena Noite";"Decrescente";"Céu Claro";"Simples";"Reta";"Não";1;0;1;0;0;0;1;1;-28,236414;-52,423466;"SPRF-RS";"DEL08-RS";"UOP03-DEL08-RS"
548132;2023-06-23;"sexta-feira";"07:11:00";"PR";476;55;"TUNAS DO PARANA";"Ausência de sinalização";"Colisão lateral mesmo sentido";"Com Vítimas Feridas";"Pleno dia";"Crescente";"Céu Claro";"Simples";"Reta";"Sim";2;0;0;1;0;1;1;2;-24,9723563;-49,0855304;"SPRF-PR";"DEL01-PR";"UOP01-DEL01-PR"
548134;2023-09-11;"segunda-feira";"19:00:00";"ES";101;155,7;"LINHARES";"Avarias e/ou desgaste excessivo no pneu";"Queda de ocupante de veículo";"Com Vítimas Feridas";"Plena Noite";"Crescente";"Céu Claro";"Simples";"Reta";"Não";1;0;1;0;0;0;1;1;-19,43842387;-40,08913618;"SPRF-ES";"DEL04-ES";"UOP01-DEL04-ES"
548135;2023-09-11;"segunda-feira";"19:35:00";"PA";10;215,2;"IPIXUNA DO PARA";"Ausência de reação do condutor";"Colisão traseira";"Com Vítimas Feridas";"Plena Noite";"Decrescente";"Céu Claro";"Simples";"Em Obras;Reta";"Não";3;0;0;2;1;0;2;2;-2,54772208;-47,49592541;"SPRF-PA";"DEL02-PA";"UOP01-DEL02-PA"
548136;2023-09-11;"segunda-feira";"21:40:00";"RS";158;327;"SANTA MARIA";"Manobra de mudança de faixa";"Colisão lateral mesmo sentido";"Com Vítimas Feridas";"Plena Noite";"Decrescente";"Nublado";"Dupla";"Reta;Em Obras";"Sim";4;0;1;0;3;0;1;2;-29,71004675;-53,82196784;"SPRF-RS";"DEL09-RS";"UOP01-DEL09-RS"
548137;2023-09-11;"segunda-feira";"18:00:00";"MS";262;117;"AGUA CLARA";"Reação tardia ou ineficiente do condutor";"Saída de leito carroçável";"Com Vítimas Feridas";"Anoitecer";"Decrescente";"Céu Claro";"Simples";"Reta";"Não";4;0;0;1;3;0;1;1;-20,510491;-52,650637;"SPRF-MS";"DEL07-MS";"UOP02-DEL07-MS"
548138;2023-09-11;"segunda-feira";"19:40:00";"RN";405;159;"RAFAEL FERNANDES";"Acessar a via sem observar a presença dos outros veículos";"Colisão frontal";"Com Vítimas Feridas";"Plena Noite";"Decrescente";"Céu Claro";"Simples";"Reta";"Sim";2;0;1;1;0;0;2;2;-6,1826935;-38,21912468;"SPRF-RN";"DEL04-RN";"UOP02-DEL04-RN"
548139;2023-09-11;"segunda-feira";"22:20:00";"RJ";101;64;"CAMPOS DOS GOYTACAZES";"Acessar a via sem observar a presença dos outros veículos";"Colisão transversal";"Com Vítimas Feridas";"Plena Noite";"Decrescente";"Céu Claro";"Dupla";"Interseção de Vias;Reta";"Sim";2;0;1;0;1;0;1;2;-21,74908605;-41,33632461;"SPRF-RJ";"DEL08-RJ";"UOP02-DEL08-RJ"
548143;2023-09-11;"segunda-feira";"21:40:00";"MT";174;288;"PONTES E LACERDA";"Ausência de reação do condutor";"Tombamento";"Com Vítimas Feridas";"Plena Noite";"Decrescente";"Céu Claro";"Simples";"Declive;Reta";"Não";1;0;0;1;0;0;1;1;-15,256;-59,307465;"SPRF-MT";"DEL04-MT";"UOP01-DEL04-MT"
548144;2023-09-11;"segunda-feira";"20:35:00";"MT";70;297;"POXOREO";"Acostamento em desnível";"Saída de leito carroçável";"Com Vítimas Feridas";"Plena Noite";"Crescente";"Céu Claro";"Simples";"Declive";"Não";1;0;1;0;0;0;1;1;-15,58134047;-54,44650497;"SPRF-MT";"DEL05-MT";"UOP01-DEL05-MT"
548145;2023-09-11;"segunda-feira";"23:00:00";"TO";153;495;"PARAISO DO TOCANTINS";"Demais falhas mecânicas ou elétricas";"Incêndio";"Sem Vítimas";"Plena Noite";"Crescente";"Ignorado";"Simples";"Reta";"Sim";1;0;0;0;0;1;0;1;-10,16039618;-48,88154257;"SPRF-TO";"DEL01-TO";"UOP01-DEL01-TO"
548148;2023-09-12;"terça-feira";"00:05:00";"MG";40;803,5;"JUIZ DE FORA";"Ausência de reação do condutor";"Colisão com objeto";"Sem Vítimas";"Plena Noite";"Crescente";"Céu Claro";"Dupla";"Declive;Reta";"Não";2;0;0;0;1;1;0;2;-21,85782703;-43,37661004;"SPRF-MG";"DEL05-MG";"UOP01-DEL05-MG"
548149;2023-09-11;"segunda-feira";"22:00:00";"BA";135;199;"BARREIRAS";"Transitar na contramão";"Colisão transversal";"Com Vítimas Feridas";"Plena Noite";"Crescente";"Céu Claro";"Simples";"Reta";"Não";6;0;5;0;1;0;5;2;-12,31548999;-45,01539923;"SPRF-BA";"DEL08-BA";"UOP04-DEL08-BA"
548150;2023-09-11;"segunda-feira";"21:20:00";"MA";135;5;"SAO LUIS";"Condutor Dormindo";"Queda de ocupante de veículo";"Com Vítimas Feridas";"Plena Noite";"Decrescente";"Céu Claro";"Dupla";"Reta";"Sim";1;0;1;0;0;0;1;1;-2,6245427;-44,316693;"SPRF-MA";"DEL01-MA";"UOP01-DEL01-MA"
548151;2023-09-12;"terça-feira";"02:25:00";"PR";376;49,2;"LOANDA";"Condutor Dormindo";"Saída de leito carroçável";"Com Vítimas Feridas";"Plena Noite";"Decrescente";"Céu Claro";"Simples";"Reta";"Não";1;0;1;0;0;0;1;1;-22,89053091;-52,92398195;"SPRF-PR";"DEL09-PR";"UOP02-DEL09-PR"
548155;2023-09-11;"segunda-feira";"20:00:00";"MS";376;60,2;"GLORIA DE DOURADOS";"Velocidade Incompatível";"Colisão com objeto";"Com Vítimas Feridas";"Plena Noite";"Decrescente";"Ignorado";"Simples";"Rotatória;Retorno Regulamentado";"Não";1;0;0;1;0;0;1;1;-22,45874836;-54,25040352;"SPRF-MS";"DEL04-MS";"UOP01-DEL04-MS"
548161;2023-09-12;"terça-feira";"07:00:00";"MG";40;523;"CONTAGEM";"Reação tardia ou ineficiente do condutor";"Colisão traseira";"Com Vítimas Feridas";"Pleno dia";"Decrescente";"Céu Claro";"Dupla";"Reta";"Sim";2;0;1;0;1;0;1;2;-19,86874894;-44,05962197;"SPRF-MG";"DEL01-MG";"UOP02-DEL01-MG"
548163;2023-09-12;"terça-feira";"06:20:00";"MS";163;579;"BANDEIRANTES";"Ausência de reação do condutor";"Saída de leito carroçável";"Com Vítimas Feridas";"Pleno dia";"Crescente";"Céu Claro";"Dupla";"Reta";"Não";1;0;1;0;0;0;1;1;-19,65275019;-54,35743825;"SPRF-MS";"DEL06-MS";"UOP02-DEL06-MS"
548164;2023-09-11;"segunda-feira";"21:20:00";"PE";232;395;"SERRA TALHADA";"Animais na Pista";"Atropelamento de Animal";"Sem Vítimas";"Plena Noite";"Crescente";"Céu Claro";"Simples";"Aclive;Reta";"Não";1;0;0;0;1;0;0;1;-8,02539353;-38,18345818;"SPRF-PE";"DEL04-PE";"UOP01-DEL04-PE"
548166;2023-09-12;"terça-feira";"07:00:00";"RJ";101;471;"ANGRA DOS REIS";"Acessar a via sem observar a presença dos outros veículos";"Colisão transversal";"Com Vítimas Feridas";"Pleno dia";"Crescente";"Céu Claro";"Simples";"Curva;Retorno Regulamentado";"Sim";3;0;1;0;2;0;1;2;-22,99649604;-44,22906307;"SPRF-RJ";"DEL03-RJ";"UOP03-DEL03-RJ"
548167;2023-09-12;"terça-feira";"07:00:00";"MG";116;702,9;"MURIAE";"Condutor deixou de manter distância do veículo da frente";"Colisão traseira";"Com Vítimas Feridas";"Pleno dia";"Decrescente";"Nublado";"Simples";"Reta";"Não";2;0;1;0;1;0;1;2;-21,12836687;-42,38416141;"SPRF-MG";"DEL07-MG";"UOP02-DEL07-MG"
548168;2023-09-11;"segunda-feira";"06:25:00";"BA";324;530;"FEIRA DE SANTANA";"Acumulo de óleo sobre o pavimento";"Colisão com objeto";"Sem Vítimas";"Amanhecer";"Decrescente";"Chuva";"Dupla";"Curva";"Não";1;0;0;0;1;0;0;1;-12,32818491;-38,86174193;"SPRF-BA";"DEL01-BA";"UOP03-DEL01-BA"
548169;2023-09-12;"terça-feira";"07:20:00";"PR";116;126;"CURITIBA";"Manobra de mudança de faixa";"Colisão lateral mesmo sentido";"Com Vítimas Feridas";"Pleno dia";"Decrescente";"Sol";"Dupla";"Reta";"Sim";1;0;0;1;0;0;1;1;-25,60389895;-49,31824423;"SPRF-PR";"DEL01-PR";"UOP03-DEL01-PR"
548171;2023-09-12;"terça-feira";"07:55:00";"SP";116;271;"TABOAO DA SERRA";"Ausência de reação do condutor";"Colisão traseira";"Com Vítimas Feridas";"Pleno dia";"Decrescente";"Céu Claro";"Dupla";"Reta";"Sim";3;0;1;0;1;1;1;3;-23,61809286;-46,80556302;"SPRF-SP";"DEL04-SP";"UOP01-DEL04-SP"
548173;2023-09-12;"terça-feira";"07:50:00";"PR";277;586,9;"CASCAVEL";"Acessar a via sem observar a presença dos outros veículos";"Colisão frontal";"Com Vítimas Feridas";"Pleno dia";"Decrescente";"Céu Claro";"Simples";"Reta;Aclive";"Sim";3;0;2;0;1;0;2;2;-24,9649472;-53,4210459;"SPRF-PR";"DEL04-PR";"UOP01-DEL04-PR"
548175;2023-09-12;"terça-feira";"08:10:00";"SP";116;135;"SAO JOSE DOS CAMPOS";"Condutor deixou de manter distância do veículo da frente";"Colisão traseira";"Com Vítimas Feridas";"Pleno dia";"Crescente";"Céu Claro";"Dupla";"Reta";"Não";2;0;1;0;1;0;1;2;-23,144484;-45,77018;"SPRF-SP";"DEL02-SP";"UOP01-DEL02-SP"
548176;2023-09-12;"terça-feira";"07:50:00";"SP";116;271;"TABOAO DA SERRA";"Trafegar com motocicleta (ou similar) entre as faixas";"Tombamento";"Sem Vítimas";"Pleno dia";"Decrescente";"Céu Claro";"Múltipla";"Reta";"Sim";2;0;0;0;1;1;0;2;-23,61809286;-46,80556302;"SPRF-SP";"DEL04-SP";"UOP01-DEL04-SP"
548177;2023-09-12;"terça-feira";"08:15:00";"SC";101;204;"SAO JOSE";"Reação tardia ou ineficiente do condutor";"Tombamento";"Com Vítimas Feridas";"Pleno dia";"Crescente";"Céu Claro";"Dupla";"Reta";"Sim";1;0;0;1;0;0;1;1;-27,57413014;-48,61363083;"SPRF-SC";"DEL01-SC";"UOP01-DEL01-SC"
548179;2023-09-12;"terça-feira";"07:40:00";"BA";324;572;"SAO SEBASTIAO DO PASSE";"Manobra de mudança de faixa";"Tombamento";"Com Vítimas Feridas";"Pleno dia";"Crescente";"Céu Claro";"Dupla";"Reta";"Não";1;0;1;0;0;0;1;1;-12,55680911;-38,56690209;"SPRF-BA";"DEL01-BA";"UOP01-DEL01-BA"
548180;2023-09-12;"terça-feira";"07:45:00";"RJ";40;75;"PETROPOLIS";"Ausência de reação do condutor";"Tombamento";"Com Vítimas Feridas";"Pleno dia";"Crescente";"Céu Claro";"Simples";"Curva;Aclive";"Não";1;0;1;0;0;0;1;1;-22,47389767;-43,23643684;"SPRF-RJ";"DEL06-RJ";"UOP01-DEL06-RJ"