"id";"data_inversa";"dia_semana";"horario";"uf";"br";"km";"municipio";"causa_acidente";"tipo_acidente";"classificacao_acidente";"fase_dia";"sentido_via";"condicao_metereologica";"tipo_pista";"tracado_via";"uso_solo";"pessoas";"mortos";"feridos_leves";"feridos_graves";"ilesos";"ignorados";"feridos";"veiculos";"latitude";"longitude";"regional";"delegacia";"uop"
548181;2023-09-08;"sexta-feira";"22:46:00";"RJ";101;269;"RIO BONITO";"Velocidade Incompatível";"Colisão com objeto";"Sem Vítimas";"Plena Noite";"Crescente";"Céu Claro";"Dupla";"Reta";"Sim";2;0;0;0;1;1;0;2;-22,71495082;-42,67804708;"SPRF-RJ";"DEL02-RJ";"UOP03-DEL02-RJ"
548182;2023-07-02;"domingo";"13:50:00";"PB";230;157,7;"CAMPINA GRANDE";"Acessar a via sem observar a presença dos outros veículos";"Colisão transversal";"Com Vítimas Feridas";"Pleno dia";"Crescente";"Céu Claro";"Simples";"Interseção de Vias";"Não";3;0;0;2;1;0;2;2;-7,264;-35,9199;"SPRF-PB";"DEL02-PB";"UOP01-DEL02-PB"
548183;2023-08-05;"sábado";"16:40:00";"RS";116;148;"CAXIAS DO SUL";"Ausência de reação do condutor";"Tombamento";"Com Vítimas Feridas";"Pleno dia";"Decrescente";"Céu Claro";"Dupla";"Curva";"Sim";2;0;1;1;0;0;2;1;-29,15444539;-51,15101681;"SPRF-RS";"DEL05-RS";"UOP01-DEL05-RS"
548184;2023-09-12;"terça-feira";"08:50:00";"PR";369;156;"LONDRINA";"Trafegar com motocicleta (ou similar) entre as faixas";"Colisão traseira";"Com Vítimas Feridas";"Pleno dia";"Decrescente";"Céu Claro";"Dupla";"Reta";"Não";3;0;0;2;1;0;2;2;-23,29142328;-51,21812761;"SPRF-PR";"DEL07-PR";"UOP01-DEL07-PR"
548187;2023-09-12;"terça-feira";"08:31:00";"PR";376;494;"PONTA GROSSA";"Acessar a via sem observar a presença dos outros veículos";"Colisão lateral mesmo sentido";"Sem Vítimas";"Pleno dia";"Decrescente";"Céu Claro";"Dupla";"Reta";"Não";2;0;0;0;2;0;0;2;-25,16566955;-50,11640967;"SPRF-PR";"DEL03-PR";"UOP04-DEL03-PR"
548188;2023-09-12;"terça-feira";"07:50:00";"PR";277;4,3;"PARANAGUA";"Retorno proibido";"Colisão transversal";"Com Vítimas Feridas";"Pleno dia";"Crescente";"Céu Claro";"Simples";"Reta;Declive";"Sim";2;0;1;0;1;0;1;2;-25,55150186;-48,56169462;"SPRF-PR";"DEL01-PR";"UOP05-DEL01-PR"
548190;2023-09-12;"terça-feira";"08:00:00";"GO";153;505;"APARECIDA DE GOIANIA";"Curva acentuada";"Colisão com objeto";"Sem Vítimas";"Amanhecer";"Decrescente";"Céu Claro";"Simples";"Curva";"Não";1;0;0;0;0;1;0;1;-16,7537;-49,2411;"SPRF-GO";"DEL01-GO";"UOP01-DEL01-GO"
548191;2023-09-12;"terça-feira";"07:40:00";"MG";116;701,9;"MURIAE";"Desrespeitar a preferência no cruzamento";"Colisão transversal";"Com Vítimas Feridas";"Pleno dia";"Decrescente";"Céu Claro";"Simples";"Interseção de Vias;Reta";"Sim";2;0;1;1;0;0;2;2;-21,11084891;-42,3806104;"SPRF-MG";"DEL07-MG";"UOP02-DEL07-MG"
548193;2023-09-12;"terça-feira";"08:40:00";"PR";277;106;"CAMPO LARGO";"Reação tardia ou ineficiente do condutor";"Engavetamento";"Com Vítimas Feridas";"Pleno dia";"Decrescente";"Céu Claro";"Dupla";"Reta";"Não";13;0;1;0;11;1;1;7;-25,43124;-49,425326;"SPRF-PR";"DEL03-PR";"UOP03-DEL03-PR"
548195;2023-09-12;"terça-feira";"08:00:00";"MT";163;843,9;"SINOP";"Desvio temporário";"Atropelamento de Pedestre";"Com Vítimas Feridas";"Pleno dia";"Decrescente";"Céu Claro";"Simples";"Em Obras;Reta";"Sim";2;0;1;0;0;1;1;2;-11,78335233;-55,47504544;"SPRF-MT";"DEL06-MT";"UOP02-DEL06-MT"
548196;2023-09-12;"terça-feira";"09:30:00";"RJ";101;324;"NITEROI";"Trafegar com motocicleta (ou similar) entre as faixas";"Colisão lateral mesmo sentido";"Com Vítimas Feridas";"Pleno dia";"Crescente";"Céu Claro";"Dupla";"Reta";"Não";4;0;2;0;2;0;2;3;-22,87381074;-43,12640997;"SPRF-RJ";"DEL02-RJ";"UOP01-DEL02-RJ"
548197;2023-09-11;"segunda-feira";"18:00:00";"RN";226;339;"PATU";"Demais falhas mecânicas ou elétricas";"Incêndio";"Sem Vítimas";"Anoitecer";"Crescente";"Céu Claro";"Simples";"Reta";"Não";2;0;0;0;0;2;0;2;-6,09890293;-37,64481815;"SPRF-RN";"DEL04-RN";"UOP01-DEL04-RN"
548200;2023-09-12;"terça-feira";"10:05:00";"ES";101;259,3;"SERRA";"Conversão proibida";"Colisão transversal";"Com Vítimas Feridas";"Pleno dia";"Crescente";"Céu Claro";"Simples";"Reta;Declive";"Não";2;0;0;1;1;0;1;2;-20,138397;-40,292213;"SPRF-ES";"DEL02-ES";"UOP01-DEL02-ES"
548203;2023-09-12;"terça-feira";"09:50:00";"PR";277;106;"CAMPO LARGO";"Condutor deixou de manter distância do veículo da frente";"Colisão traseira";"Sem Vítimas";"Pleno dia";"Decrescente";"Céu Claro";"Dupla";"Reta;Declive";"Não";1;0;0;0;1;0;0;1;-25,43124;-49,425326;"SPRF-PR";"DEL03-PR";"UOP03-DEL03-PR"
548204;2023-09-12;"terça-feira";"10:10:00";"SC";101;206;"SAO JOSE";"Condutor deixou de manter distância do veículo da frente";"Colisão traseira";"Com Vítimas Feridas";"Pleno dia";"Crescente";"Céu Claro";"Múltipla";"Reta";"Não";2;0;1;0;1;0;1;2;-27,59193546;-48,61824557;"SPRF-SC";"DEL01-SC";"UOP01-DEL01-SC"
548205;2023-09-12;"terça-feira";"10:00:00";"SP";116;282,1;"ITAPECERICA DA SERRA";"Frear bruscamente";"Engavetamento";"Com Vítimas Feridas";"Pleno dia";"Crescente";"Céu Claro";"Dupla";"Reta";"Não";3;0;1;0;2;0;1;3;-23,68570216;-46,85970975;"SPRF-SP";"DEL04-SP";"UOP01-DEL04-SP"
548208;2023-09-12;"terça-feira";"10:00:00";"PR";277;40;"MORRETES";"Demais falhas mecânicas ou elétricas";"Incêndio";"Sem Vítimas";"Pleno dia";"Crescente";"Sol";"Dupla";"Curva;Aclive";"Não";2;0;0;0;2;0;0;1;-25,57993121;-48,87157559;"SPRF-PR";"DEL01-PR";"UOP05-DEL01-PR"
548209;2023-09-12;"terça-feira";"10:30:00";"MG";40;521;"CONTAGEM";"Ausência de reação do condutor";"Saída de leito carroçável";"Com Vítimas Feridas";"Pleno dia";"Crescente";"Céu Claro";"Dupla";"Curva";"Não";2;0;2;0;0;0;2;1;-19,85651501;-44,07213222;"SPRF-MG";"DEL01-MG";"UOP02-DEL01-MG"
548210;2023-09-12;"terça-feira";"10:10:00";"PR";376;3,7;"APUCARANA";"Acessar a via sem observar a presença dos outros veículos";"Colisão frontal";"Com Vítimas Feridas";"Pleno dia";"Crescente";"Céu Claro";"Dupla";"Reta";"Sim";2;0;1;0;1;0;1;2;-23,5513;-51,461266;"SPRF-PR";"DEL07-PR";"UOP03-DEL07-PR"
548220;2023-09-12;"terça-feira";"09:10:00";"RJ";101;324;"NITEROI";"Ausência de reação do condutor";"Tombamento";"Com Vítimas Feridas";"Pleno dia";"Decrescente";"Céu Claro";"Dupla";"Reta";"Não";1;0;1;0;0;0;1;1;-22,87381074;-43,12640997;"SPRF-RJ";"DEL02-RJ";"UOP01-DEL02-RJ"
548221;2023-09-12;"terça-feira";"12:45:00";"ES";101;226;"FUNDAO";"Ausência de reação do condutor";"Queda de ocupante de veículo";"Com Vítimas Feridas";"Pleno dia";"Crescente";"Sol";"Simples";"Reta";"Sim";1;0;1;0;0;0;1;1;-19,90117299;-40,40897598;"SPRF-ES";"DEL02-ES";"UOP01-DEL02-ES"
548223;2023-08-08;"terça-feira";"21:20:00";"TO";153;374;"FORTALEZA DO TABOCAO";"Transitar na contramão";"Colisão frontal";"Com Vítimas Feridas";"Pleno dia";"Decrescente";"Céu Claro";"Simples";"Reta";"Não";3;0;2;1;0;0;3;2;-9,18935301;-48,53865291;"SPRF-TO";"DEL02-TO";"UOP02-DEL02-TO"
548226;2023-09-12;"terça-feira";"13:25:00";"PE";407;23,8;"AFRANIO";"Velocidade Incompatível";"Colisão com objeto";"Com Vítimas Feridas";"Pleno dia";"Crescente";"Céu Claro";"Simples";"Curva";"Não";4;0;3;1;0;0;4;1;-8,62939396;-40,99402428;"SPRF-PE";"DEL06-PE";"UOP02-DEL06-PE"
548228;2023-09-12;"terça-feira";"07:50:00";"MG";40;531,8;"CONTAGEM";"Trafegar com motocicleta (ou similar) entre as faixas";"Colisão traseira";"Com Vítimas Feridas";"Pleno dia";"Crescente";"Céu Claro";"Dupla";"Reta";"Sim";2;0;1;0;1;0;1;2;-19,91937259;-44,02632594;"SPRF-MG";"DEL01-MG";"UOP02-DEL01-MG"
548229;2023-09-12;"terça-feira";"12:45:00";"PR";369;112;"URAI";"Objeto estático sobre o leito carroçável";"Colisão com objeto";"Com Vítimas Feridas";"Pleno dia";"Decrescente";"Céu Claro";"Dupla";"Reta";"Não";1;0;1;0;0;0;1;1;-23,2739789;-50,8220582;"SPRF-PR";"DEL07-PR";"UOP05-DEL07-PR"
548231;2023-07-27;"quinta-feira";"18:10:00";"RS";158;327;"SANTA MARIA";"Acessar a via sem observar a presença dos outros veículos";"Colisão transversal";"Com Vítimas Feridas";"Anoitecer";"Crescente";"Céu Claro";"Dupla";"Reta";"Sim";5;0;1;1;2;1;2;3;-29,714945;-53,81083;"SPRF-RS";"DEL09-RS";"UOP01-DEL09-RS"
548234;2023-09-12;"terça-feira";"13:30:00";"PR";376;620;"SAO JOSE DOS PINHAIS";"Pedestre andava na pista";"Atropelamento de Pedestre";"Com Vítimas Feridas";"Pleno dia";"Crescente";"Céu Claro";"Simples";"Reta";"Sim";2;0;0;1;0;1;1;2;-25,60925907;-49,17205834;"SPRF-PR";"DEL01-PR";"UOP04-DEL01-PR"
548235;2023-09-12;"terça-feira";"13:20:00";"RS";290;77;"GRAVATAI";"Acumulo de água sobre o pavimento";"Colisão com objeto";"Com Vítimas Feridas";"Pleno dia";"Decrescente";"Chuva";"Múltipla";"Reta";"Não";3;0;2;0;1;0;2;1;-29,955027;-51,027363;"SPRF-RS";"DEL01-RS";"UOP01-DEL01-RS"
548236;2023-09-12;"terça-feira";"14:02:00";"RN";101;94;"NATAL";"Condutor deixou de manter distância do veículo da frente";"Colisão lateral mesmo sentido";"Com Vítimas Feridas";"Pleno dia";"Decrescente";"Céu Claro";"Múltipla";"Interseção de Vias";"Sim";1;0;1;0;0;0;1;1;-5,83176615;-35,21191342;"SPRF-RN";"DEL01-RN";"UOP01-DEL01-RN"
548237;2023-07-21;"sexta-feira";"18:35:00";"SC";101;292,4;"IMBITUBA";"Condutor deixou de manter distância do veículo da frente";"Colisão lateral mesmo sentido";"Com Vítimas Feridas";"Plena Noite";"Decrescente";"Céu Claro";"Dupla";"Aclive;Reta";"Não";3;0;2;0;0;1;2;2;-28,2954037;-48,71328771;"SPRF-SC";"DEL02-SC";"UOP03-DEL02-SC"
548238;2023-09-12;"terça-feira";"14:25:00";"SC";280;48,6;"GUARAMIRIM";"Desvio temporário";"Colisão com objeto";"Com Vítimas Feridas";"Pleno dia";"Decrescente";"Céu Claro";"Dupla";"Em Obras;Aclive";"Não";1;0;1;0;0;0;1;1;-26,45506795;-48,92766502;"SPRF-SC";"DEL03-SC";"UOP03-DEL03-SC"
548239;2023-09-12;"terça-feira";"09:00:00";"RS";472;472;"ITAQUI";"Ausência de reação do condutor";"Colisão traseira";"Com Vítimas Feridas";"Pleno dia";"Crescente";"Garoa/Chuvisco";"Simples";"Reta";"Não";3;0;2;0;1;0;2;2;-29,1541137;-56,34904722;"SPRF-RS";"DEL12-RS";"UOP01-DEL12-RS"
548242;2023-09-12;"terça-feira";"14:50:00";"SP";116;277;"EMBU DAS ARTES";"Manobra de mudança de faixa";"Colisão lateral mesmo sentido";"Com Vítimas Feridas";"Pleno dia";"Crescente";"Céu Claro";"Dupla";"Reta";"Não";2;0;1;0;1;0;1;2;-23,64870535;-46,84395469;"SPRF-SP";"DEL04-SP";"UOP01-DEL04-SP"
548243;2023-09-12;"terça-feira";"12:20:00";"RJ";116;218,4;"PARACAMBI";"Manobra de mudança de faixa";"Colisão traseira";"Com Vítimas Feridas";"Pleno dia";"Decrescente";"Céu Claro";"Dupla";"Aclive";"Não";4;0;1;0;3;0;1;2;-22,70018792;-43,76266479;"SPRF-RJ";"DEL01-RJ";"UOP03-DEL01-RJ"
548245;2023-09-02;"sábado";"09:00:00";"RJ";116;283;"BARRA MANSA";"Ausência de reação do condutor";"Colisão lateral mesmo sentido";"Com Vítimas Feridas";"Pleno dia";"Crescente";"Céu Claro";"Dupla";"Curva";"Não";2;0;1;0;1;0;1;2;-22,51669896;-44,20814495;"SPRF-RJ";"DEL07-RJ";"UOP02-DEL07-RJ"
548246;2023-09-12;"terça-feira";"12:00:00";"AC";364;124;"RIO BRANCO";"Ingestão de álcool pelo condutor";"Colisão lateral mesmo sentido";"Com Vítimas Feridas";"Pleno dia";"Decrescente";"Céu Claro";"Dupla";"Reta";"Sim";3;0;3;0;0;0;3;2;-10,01152469;-67,79140099;"SPRF-AC";"DEL01-AC";"UOP01-DEL01-AC"
548247;2023-09-12;"terça-feira";"15:10:00";"PB";104;133;"QUEIMADAS";"Ausência de reação do condutor";"Colisão traseira";"Com Vítimas Feridas";"Anoitecer";"Decrescente";"Garoa/Chuvisco";"Simples";"Reta";"Não";3;0;1;0;2;0;1;3;-7,31674795;-35,89500926;"SPRF-PB";"DEL02-PB";"UOP03-DEL02-PB"
548249;2023-09-12;"terça-feira";"13:30:00";"SP";381;89;"GUARULHOS";"Ausência de reação do condutor";"Colisão traseira";"Com Vítimas Feridas";"Pleno dia";"Crescente";"Céu Claro";"Múltipla";"Reta";"Sim";3;0;2;0;1;0;2;2;-23,48469299;-46,55983288;"SPRF-SP";"DEL03-SP";"UOP01-DEL03-SP"
548251;2023-09-12;"terça-feira";"14:30:00";"MG";153;96;"PRATA";"Ausência de reação do condutor";"Colisão traseira";"Sem Vítimas";"Pleno dia";"Crescente";"Sol";"Simples";"Reta;Aclive";"Não";2;0;0;0;2;0;0;2;-19,19438108;-48,94446419;"SPRF-MG";"DEL15-MG";"UOP03-DEL15-MG"
548253;2023-09-12;"terça-feira";"16:30:00";"MG";116;671;"MIRADOURO";"Reação tardia ou ineficiente do condutor";"Tombamento";"Com Vítimas Feridas";"Pleno dia";"Crescente";"Céu Claro";"Simples";"Reta";"Não";1;0;1;0;0;0;1;1;-20,88351303;-42,33856201;"SPRF-MG";"DEL07-MG";"UOP02-DEL07-MG"
548254;2023-09-12;"terça-feira";"16:45:00";"GO";60;35;"GOIANIA";"Acessar a via sem observar a presença dos outros veículos";"Colisão transversal";"Com Vítimas Feridas";"Pleno dia";"Crescente";"Céu Claro";"Dupla";"Rotatória";"Sim";2;0;1;0;1;0;1;2;-16,6777;-49,2676;"SPRF-GO";"DEL01-GO";"UOP02-DEL01-GO"
548255;2023-09-12;"terça-feira";"17:05:00";"GO";60;35;"GOIANIA";"Ausência de reação do condutor";"Colisão transversal";"Com Vítimas Feridas";"Pleno dia";"Crescente";"Céu Claro";"Dupla";"Rotatória";"Sim";2;0;1;0;1;0;1;2;-16,6777;-49,2676;"SPRF-GO";"DEL01-GO";"UOP02-DEL01-GO"
548256;2023-09-12;"terça-feira";"16:25:00";"PE";110;256;"JATOBA";"Acostamento em desnível";"Queda de ocupante de veículo";"Com Vítimas Feridas";"Pleno dia";"Crescente";"Chuva";"Simples";"Em Obras;Reta";"Não";1;0;1;0;0;0;1;1;-9,26271509;-38,23011208;"SPRF-BA";"DEL07-BA";"UOP01-DEL07-BA"
548257;2023-08-26;"sábado";"03:40:00";"RS";116;242,1;"SAO LEOPOLDO";"Ausência de reação do condutor";"Colisão com objeto";"Com Vítimas Feridas";"Plena Noite";"Crescente";"Céu Claro";"Dupla";"Interseção de Vias;Curva";"Não";1;0;1;0;0;0;1;1;-29,72297087;-51,14858729;"SPRF-RS";"DEL01-RS";"UOP02-DEL01-RS"
548258;2023-09-12;"terça-feira";"17:15:00";"RN";226;3,7;"NATAL";"Conversão proibida";"Colisão traseira";"Com Vítimas Feridas";"Anoitecer";"Crescente";"Céu Claro";"Simples";"Reta";"Sim";3;0;2;0;1;0;2;2;-5,82004698;-35,25696158;"SPRF-RN";"DEL01-RN";"UOP02-DEL01-RN"
548260;2023-09-12;"terça-feira";"17:10:00";"SC";101;178;"BIGUACU";"Objeto estático sobre o leito carroçável";"Tombamento";"Com Vítimas Feridas";"Pleno dia";"Crescente";"Céu Claro";"Dupla";"Reta";"Não";1;0;1;0;0;0;1;1;-27,36408098;-48,63391212;"SPRF-SC";"DEL01-SC";"UOP01-DEL01-SC"
548261;2023-09-12;"terça-feira";"17:00:00";"MG";381;759,8;"TRES CORACOES";"Demais falhas mecânicas ou elétricas";"Saída de leito carroçável";"Sem Vítimas";"Anoitecer";"Decrescente";"Céu Claro";"Dupla";"Reta";"Não";1;0;0;0;1;0;0;1;-21,71597801;-45,37713297;"SPRF-MG";"DEL16-MG";"UOP02-DEL16-MG"
548262;2023-09-03;"domingo";"11:00:00";"MG";381;439,3;"SABARA";"Transitar na contramão";"Colisão frontal";"Com Vítimas Fatais";"Pleno dia";"Crescente";"Céu Claro";"Simples";"Aclive;Curva";"Não";6;1;0;3;1;1;3;4;-19,81604176;-43,80389901;"SPRF-MG";"DEL01-MG";"UOP01-DEL01-MG"
548264;2023-09-12;"terça-feira";"17:50:00";"CE";116;1;"FORTALEZA";"Trafegar com motocicleta (ou similar) entre as faixas";"Colisão lateral mesmo sentido";"Com Vítimas Feridas";"Anoitecer";"Crescente";"Céu Claro";"Múltipla";"Curva";"Sim";2;0;1;0;1;0;1;2;-3,75861664;-38,51965427;"SPRF-CE";"DEL01-CE";"UOP02-DEL01-CE"
548267;2023-09-12;"terça-feira";"16:15:00";"RS";392;0,9;"SANTANA DA BOA VISTA";"Ingestão de álcool pelo condutor";"Colisão com objeto";"Com Vítimas Feridas";"Pleno dia";"Decrescente";"Chuva";"Simples";"Curva";"Sim";1;0;1;0;0;0;1;1;-30,87008931;-53,12714403;"SPRF-RS";"DEL07-RS";"UOP02-DEL07-RS"
548268;2023-09-12;"terça-feira";"17:45:00";"DF";70;6;"BRASILIA";"Acessar a via sem observar a presença dos outros veículos";"Atropelamento de Pedestre";"Com Vítimas Feridas";"Anoitecer";"Crescente";"Céu Claro";"Dupla";"Aclive;Reta";"Não";4;0;2;0;2;0;2;3;-15,791242;-48,105759;"SPRF-DF";"DEL03-DF";"UOP02-DEL03-DF"
548269;2023-09-12;"terça-feira";"16:10:00";"PE";101;40;"IGARASSU";"Acessar a via sem observar a presença dos outros veículos";"Colisão lateral mesmo sentido";"Sem Vítimas";"Pleno dia";"Decrescente";"Nublado";"Dupla";"Reta";"Sim";3;0;0;0;2;1;0;2;-7,821475;-34,916545;"SPRF-PE";"DEL01-PE";"UOP02-DEL01-PE"
548272;2023-09-12;"terça-feira";"18:40:00";"SC";101;218;"PALHOCA";"Acessar a via sem observar a presença dos outros veículos";"Colisão lateral mesmo sentido";"Sem Vítimas";"Anoitecer";"Crescente";"Céu Claro";"Múltipla";"Reta";"Sim";2;0;0;0;1;1;0;2;-27,6758601;-48,67052525;"SPRF-SC";"DEL01-SC";"UOP02-DEL01-SC"
548273;2023-05-01;"segunda-feira";"15:00:00";"SP";153;47,6;"SAO JOSE DO RIO PRETO";"Acessar a via sem observar a presença dos outros veículos";"Colisão transversal";"Com Vítimas Feridas";"Pleno dia";"Crescente";"Céu Claro";"Simples";"Reta";"Não";3;0;2;1;0;0;3;2;-20,68797782;-49,33992147;"SPRF-SP";"DEL09-SP";"UOP01-DEL09-SP"
548274;2023-09-12;"terça-feira";"17:00:00";"RJ";101;296;"ITABORAI";"Acessar a via sem observar a presença dos outros veículos";"Atropelamento de Pedestre";"Com Vítimas Feridas";"Anoitecer";"Decrescente";"Céu Claro";"Dupla";"Reta";"Sim";2;0;1;0;1;0;1;2;-22,7670498;-42,91019601;"SPRF-RJ";"DEL02-RJ";"UOP02-DEL02-RJ"
548275;2023-09-12;"terça-feira";"12:00:00";"MG";262;583,9;"CAMPOS ALTOS";"Ausência de reação do condutor";"Saída de leito carroçável";"Sem Vítimas";"Pleno dia";"Decrescente";"Ignorado";"Simples";"Reta";"Não";1;0;0;0;0;1;0;1;-19,649634;-46,080652;"SPRF-MG";"DEL08-MG";"UOP02-DEL08-MG"
548276;2023-09-12;"terça-feira";"18:30:00";"ES";101;298,8;"VIANA";"Manobra de mudança de faixa";"Colisão transversal";"Com Vítimas Feridas";"Plena Noite";"Crescente";"Céu Claro";"Múltipla";"Reta;Retorno Regulamentado";"Sim";3;0;0;1;1;1;1;3;-20,35860628;-40,42327504;"SPRF-ES";"DEL01-ES";"UOP01-DEL01-ES"
548277;2023-09-12;"terça-feira";"14:40:00";"MA";10;130;"ESTREITO";"Acessar a via sem observar a presença dos outros veículos";"Colisão transversal";"Com Vítimas Feridas";"Pleno dia";"Decrescente";"Céu Claro";"Simples";"Interseção de Vias";"Sim";3;0;0;1;2;0;1;2;-6,553709;-47,440681;"SPRF-MA";"DEL04-MA";"UOP02-DEL04-MA"
548279;2023-09-12;"terça-feira";"19:00:00";"RJ";101;423;"MANGARATIBA";"Conversão proibida";"Colisão transversal";"Com Vítimas Feridas";"Plena Noite";"Crescente";"Nublado";"Simples";"Aclive;Curva";"Não";2;0;1;0;1;0;1;2;-22,91801286;-43,94820686;"SPRF-RJ";"DEL03-RJ";"UOP02-DEL03-RJ"
548282;2023-04-15;"sábado";"19:00:00";"ES";101;272,2;"SERRA";"Avarias e/ou desgaste excessivo no pneu";"Saída de leito carroçável";"Com Vítimas Feridas";"Plena Noite";"Decrescente";"Chuva";"Múltipla";"Reta";"Não";4;0;2;1;1;0;3;2;-20,22724888;-40,28426988;"SPRF-ES";"DEL02-ES";"UOP01-DEL02-ES"
548283;2023-09-12;"terça-feira";"18:30:00";"SC";101;295;"IMBITUBA";"Desrespeitar a preferência no cruzamento";"Colisão transversal";"Com Vítimas Feridas";"Plena Noite";"Decrescente";"Céu Claro";"Simples";"Interseção de Vias";"Não";2;0;0;1;1;0;1;2;-28,32043785;-48,72769117;"SPRF-SC";"DEL02-SC";"UOP03-DEL02-SC"
548285;2023-09-12;"terça-feira";"19:10:00";"SP";116;212;"GUARULHOS";"Reação tardia ou ineficiente do condutor";"Colisão traseira";"Com Vítimas Feridas";"Plena Noite";"Crescente";"Céu Claro";"Múltipla";"Reta";"Sim";2;0;1;0;1;0;1;2;-23,43608315;-46,42805094;"SPRF-SP";"DEL01-SP";"UOP01-DEL01-SP"
548287;2023-09-12;"terça-feira";"18:40:00";"PR";376;222,6;"CAMBIRA";"Faróis desregulados";"Colisão transversal";"Com Vítimas Feridas";"Plena Noite";"Decrescente";"Céu Claro";"Dupla";"Retorno Regulamentado";"Não";8;0;1;0;7;0;1;2;-23,59676737;-51,58132214;"SPRF-PR";"DEL07-PR";"UOP03-DEL07-PR"
548289;2023-09-12;"terça-feira";"18:50:00";"PR";277;4;"FOZ DO IGUACU";"Condutor deixou de manter distância do veículo da frente";"Colisão traseira";"Com Vítimas Feridas";"Plena Noite";"Crescente";"Céu Claro";"Dupla";"Reta";"Sim";3;0;1;0;2;0;1;3;-25,5469;-54,5882;"SPRF-PR";"DEL05-PR";"UOP03-DEL05-PR"
548290;2023-08-23;"quarta-feira";"12:50:00";"ES";101;257,2;"SERRA";"Ausência de reação do condutor";"Colisão traseira";"Com Vítimas Feridas";"Pleno dia";"Crescente";"Sol";"Simples";"Reta";"Sim";2;0;0;1;1;0;1;2;-20,12455095;-40,30331881;"SPRF-ES";"DEL02-ES";"UOP01-DEL02-ES"
548291;2023-09-12;"terça-feira";"18:15:00";"MT";163;827;"SINOP";"Ingestão de álcool pelo condutor";"Queda de ocupante de veículo";"Com Vítimas Feridas";"Anoitecer";"Crescente";"Céu Claro";"Dupla";"Interseção de Vias;Reta";"Sim";1;0;1;0;0;0;1;1;-12,05864;-55,51743619;"SPRF-MT";"DEL06-MT";"UOP02-DEL06-MT"
548292;2023-09-12;"terça-feira";"14:10:00";"SC";280;257,5;"CANOINHAS";"Condutor deixou de manter distância do veículo da frente";"Colisão traseira";"Com Vítimas Feridas";"Pleno dia";"Decrescente";"Sol";"Simples";"Aclive;Reta";"Não";7;0;1;0;6;0;1;3;-26,26373765;-50,60830397;"SPRF-SC";"DEL06-SC";"UOP04-DEL06-SC"
548293;2023-09-12;"terça-feira";"18:50:00";"RR";174;690;"PACARAIMA";"Pista esburacada";"Saída de leito carroçável";"Com Vítimas Fatais";"Anoitecer";"Decrescente";"Céu Claro";"Simples";"Reta";"Não";5;1;3;1;0;0;4;1;4,34042;-61,134941;"SPRF-RR";"DEL01-RR";"UOP01-DEL01-RR"
548297;2023-09-12;"terça-feira";"17:50:00";"RS";470;212,9;"BENTO GONCALVES";"Retorno proibido";"Colisão traseira";"Com Vítimas Feridas";"Anoitecer";"Crescente";"Céu Claro";"Simples";"Interseção de Vias";"Sim";2;0;1;0;1;0;1;2;-29,14488728;-51,53364122;"SPRF-RS";"DEL06-RS";"UOP01-DEL06-RS"
548299;2023-09-12;"terça-feira";"20:10:00";"MG";365;85,6;"JEQUITAI";"Afundamento ou ondulação no pavimento";"Tombamento";"Com Vítimas Feridas";"Plena Noite";"Decrescente";"Céu Claro";"Simples";"Reta";"Não";2;0;2;0;0;0;2;1;-17,16499801;-44,41819599;"SPRF-MG";"DEL12-MG";"UOP01-DEL12-MG"
548300;2023-09-12;"terça-feira";"20:00:00";"PE";316;311;"FLORESTA";"Ultrapassagem Indevida";"Colisão frontal";"Com Vítimas Feridas";"Plena Noite";"Crescente";"Céu Claro";"Simples";"Reta";"Não";3;0;0;1;2;0;1;2;-8,66345703;-38,54702708;"SPRF-PE";"DEL04-PE";"UOP03-DEL04-PE"
548301;2023-09-12;"terça-feira";"19:45:00";"SC";101;36,8;"JOINVILLE";"Ausência de reação do condutor";"Tombamento";"Com Vítimas Feridas";"Plena Noite";"Decrescente";"Nublado";"Dupla";"Reta";"Sim";1;0;1;0;0;0;1;1;-26,24573198;-48,9101069;"SPRF-SC";"DEL03-SC";"UOP01-DEL03-SC"
548302;2023-09-12;"terça-feira";"21:15:00";"SC";101;44,9;"JOINVILLE";"Ausência de reação do condutor";"Colisão com objeto";"Com Vítimas Feridas";"Plena Noite";"Crescente";"Céu Claro";"Dupla";"Interseção de Vias;Declive;Viaduto";"Sim";1;0;1;0;0;0;1;1;-26,34851764;-48,85710239;"SPRF-SC";"DEL03-SC";"UOP01-DEL03-SC"
548303;2023-09-12;"terça-feira";"18:30:00";"BA";116;755,3;"POCOES";"Pedestre andava na pista";"Atropelamento de Pedestre";"Com Vítimas Feridas";"Anoitecer";"Crescente";"Garoa/Chuvisco";"Simples";"Reta";"Sim";2;0;0;1;1;0;1;2;-14,51029;-40,36378;"SPRF-BA";"DEL08-BA";"UOP02-DEL08-BA"
548304;2023-09-12;"terça-feira";"19:04:00";"RN";304;119,2;"ITAJA";"Acessar a via sem observar a presença dos outros veículos";"Colisão transversal";"Com Vítimas Feridas";"Plena Noite";"Decrescente";"Céu Claro";"Simples";"Interseção de Vias;Rotatória;Reta";"Sim";2;0;1;0;1;0;1;2;-5,62995344;-36,86423021;"SPRF-RN";"DEL04-RN";"UOP01-DEL04-RN"