"id";"data_inversa";"dia_semana";"horario";"uf";"br";"km";"municipio";"causa_acidente";"tipo_acidente";"classificacao_acidente";"fase_dia";"sentido_via";"condicao_metereologica";"tipo_pista";"tracado_via";"uso_solo";"pessoas";"mortos";"feridos_leves";"feridos_graves";"ilesos";"ignorados";"feridos";"veiculos";"latitude";"longitude";"regional";"delegacia";"uop"
548305;2023-09-12;"terça-feira";"17:00:00";"MG";365;794;"GURINHATA";"Ausência de reação do condutor";"Saída de leito carroçável";"Com Vítimas Feridas";"Pleno dia";"Crescente";"Sol";"Simples";"Reta";"Não";2;0;2;0;0;0;2;1;-18,925387;-49,854808;"SPRF-MG";"DEL15-MG";"UOP03-DEL15-MG"
548308;2023-09-12;"terça-feira";"22:00:00";"CE";116;28;"ITAITINGA";"Objeto estático sobre o leito carroçável";"Queda de ocupante de veículo";"Com Vítimas Feridas";"Plena Noite";"Crescente";"Céu Claro";"Dupla";"Reta";"Sim";1;0;1;0;0;0;1;1;-3,993072;-38,516277;"SPRF-CE";"DEL01-CE";"UOP02-DEL01-CE"
548309;2023-09-12;"terça-feira";"18:40:00";"AC";317;90;"SENADOR GUIOMARD";"Animais na Pista";"Atropelamento de Animal";"Com Vítimas Feridas";"Plena Noite";"Crescente";"Ignorado";"Simples";"Reta";"Não";2;0;2;0;0;0;2;1;-10,151113;-67,711309;"SPRF-AC";"DEL01-AC";"UOP01-DEL01-AC"
548310;2023-09-12;"terça-feira";"21:20:00";"BA";101;878;"TEIXEIRA DE FREITAS";"Entrada inopinada do pedestre";"Atropelamento de Pedestre";"Com Vítimas Feridas";"Plena Noite";"Decrescente";"Céu Claro";"Simples";"Interseção de Vias";"Sim";2;0;2;0;0;0;2;2;-17,5444731;-39,7179544;"SPRF-BA";"DEL09-BA";"UOP02-DEL09-BA"
548312;2023-09-12;"terça-feira";"22:10:00";"GO";40;5;"VALPARAISO DE GOIAS";"Velocidade Incompatível";"Colisão com objeto";"Com Vítimas Feridas";"Plena Noite";"Crescente";"Céu Claro";"Dupla";"Reta;Declive";"Sim";1;0;1;0;0;0;1;1;-16,093134;-47,982236;"SPRF-DF";"DEL01-DF";"UOP01-DEL01-DF"
548313;2023-09-12;"terça-feira";"20:00:00";"RS";472;474;"ITAQUI";"Acessar a via sem observar a presença dos outros veículos";"Colisão transversal";"Com Vítimas Feridas";"Plena Noite";"Decrescente";"Garoa/Chuvisco";"Simples";"Reta";"Não";3;0;2;0;1;0;2;2;-29,16190868;-56,36661702;"SPRF-RS";"DEL12-RS";"UOP01-DEL12-RS"
548322;2023-09-12;"terça-feira";"21:29:00";"SP";381;60;"MAIRIPORA";"Ausência de reação do condutor";"Tombamento";"Com Vítimas Feridas";"Plena Noite";"Crescente";"Céu Claro";"Simples";"Curva;Declive";"Não";1;0;1;0;0;0;1;1;-23,28957673;-46,58729853;"SPRF-SP";"DEL03-SP";"UOP01-DEL03-SP"
548323;2023-09-12;"terça-feira";"22:40:00";"MT";364;547;"ROSARIO OESTE";"Entrada inopinada do pedestre";"Atropelamento de Pedestre";"Com Vítimas Fatais";"Plena Noite";"Decrescente";"Nublado";"Dupla";"Reta";"Não";2;1;0;0;1;0;0;2;-14,87035692;-56,4590843;"SPRF-MT";"DEL01-MT";"UOP01-DEL01-MT"
548327;2023-09-13;"quarta-feira";"02:45:00";"MG";50;140,9;"UBERABA";"Condutor Dormindo";"Saída de leito carroçável";"Com Vítimas Feridas";"Amanhecer";"Crescente";"Céu Claro";"Dupla";"Reta";"Não";3;0;2;0;1;0;2;1;-19,47657604;-48,05332612;"SPRF-MG";"DEL13-MG";"UOP01-DEL13-MG"
548330;2023-09-12;"terça-feira";"18:30:00";"SC";101;335;"TUBARAO";"Desrespeitar a preferência no cruzamento";"Colisão transversal";"Com Vítimas Feridas";"Anoitecer";"Decrescente";"Céu Claro";"Simples";"Retorno Regulamentado;Interseção de Vias;Reta";"Sim";3;0;1;0;2;0;1;2;-28,46927473;-49,01557908;"SPRF-SC";"DEL02-SC";"UOP01-DEL02-SC"
548331;2023-09-13;"quarta-feira";"05:17:00";"RN";101;78,8;"NATAL";"Reação tardia ou ineficiente do condutor";"Colisão traseira";"Com Vítimas Feridas";"Pleno dia";"Crescente";"Chuva";"Dupla";"Reta";"Sim";2;0;0;2;0;0;2;2;-5,74071896;-35,29021064;"SPRF-RN";"DEL02-RN";"UOP01-DEL02-RN"
548332;2023-09-13;"quarta-feira";"04:57:00";"ES";101;153;"LINHARES";"Reação tardia ou ineficiente do condutor";"Colisão traseira";"Com Vítimas Feridas";"Amanhecer";"Crescente";"Céu Claro";"Simples";"Reta";"Não";2;0;1;0;1;0;1;2;-19,423338;-40,07872401;"SPRF-ES";"DEL04-ES";"UOP01-DEL04-ES"
548337;2023-09-13;"quarta-feira";"05:50:00";"RS";116;300;"GUAIBA";"Reação tardia ou ineficiente do condutor";"Colisão lateral mesmo sentido";"Sem Vítimas";"Amanhecer";"Decrescente";"Chuva";"Dupla";"Reta;Declive";"Sim";1;0;0;0;1;0;0;1;-30,12368942;-51,34922543;"SPRF-RS";"DEL02-RS";"UOP01-DEL02-RS"
548339;2023-09-13;"quarta-feira";"06:25:00";"PE";428;187,9;"PETROLINA";"Condutor deixou de manter distância do veículo da frente";"Colisão traseira";"Com Vítimas Feridas";"Amanhecer";"Crescente";"Céu Claro";"Dupla";"Reta";"Sim";2;0;1;0;1;0;1;2;-9,35604301;-40,47854198;"SPRF-PE";"DEL06-PE";"UOP01-DEL06-PE"
548340;2023-09-12;"terça-feira";"21:20:00";"SC";101;135;"BALNEARIO CAMBORIU";"Ingestão de álcool pelo condutor";"Colisão frontal";"Com Vítimas Feridas";"Plena Noite";"Crescente";"Céu Claro";"Múltipla";"Reta";"Sim";1;0;1;0;0;0;1;1;-27,0050108;-48,62677494;"SPRF-SC";"DEL04-SC";"UOP03-DEL04-SC"
548341;2023-09-13;"quarta-feira";"06:10:00";"MG";381;490;"BETIM";"Velocidade Incompatível";"Capotamento";"Com Vítimas Feridas";"Amanhecer";"Crescente";"Céu Claro";"Dupla";"Reta";"Sim";1;0;1;0;0;0;1;1;-19,96502819;-44,17422195;"SPRF-MG";"DEL01-MG";"UOP03-DEL01-MG"
548342;2023-09-13;"quarta-feira";"05:50:00";"GO";60;62,8;"ABADIANIA";"Ultrapassagem Indevida";"Saída de leito carroçável";"Com Vítimas Feridas";"Amanhecer";"Decrescente";"Céu Claro";"Dupla";"Reta";"Sim";1;0;1;0;0;0;1;1;-16,19196423;-48,72600492;"SPRF-GO";"DEL02-GO";"UOP01-DEL02-GO"
548343;2023-09-12;"terça-feira";"21:25:00";"MA";222;678;"ACAILANDIA";"Velocidade Incompatível";"Colisão lateral sentido oposto";"Com Vítimas Feridas";"Plena Noite";"Crescente";"Céu Claro";"Simples";"Curva";"Sim";3;0;2;0;1;0;2;2;-4,95184058;-47,48456324;"SPRF-MA";"DEL04-MA";"UOP03-DEL04-MA"
548344;2023-09-13;"quarta-feira";"06:45:00";"PE";104;60,9;"CARUARU";"Demais falhas na via";"Saída de leito carroçável";"Com Vítimas Feridas";"Pleno dia";"Crescente";"Céu Claro";"Dupla";"Reta;Em Obras";"Não";1;0;1;0;0;0;1;1;-8,2438;-35,9752;"SPRF-PE";"DEL02-PE";"UOP01-DEL02-PE"
548347;2023-09-13;"quarta-feira";"06:50:00";"SP";116;230;"SAO PAULO";"Trafegar com motocicleta (ou similar) entre as faixas";"Colisão lateral mesmo sentido";"Com Vítimas Feridas";"Pleno dia";"Crescente";"Sol";"Múltipla";"Curva";"Sim";3;0;1;0;2;0;1;2;-23,52251783;-46,5855702;"SPRF-SP";"DEL01-SP";"UOP01-DEL01-SP"
548348;2023-09-13;"quarta-feira";"06:40:00";"SP";116;139,5;"SAO JOSE DOS CAMPOS";"Ausência de reação do condutor";"Tombamento";"Com Vítimas Feridas";"Amanhecer";"Crescente";"Nublado";"Dupla";"Reta";"Não";1;0;1;0;0;0;1;1;-23,1637198;-45,80818176;"SPRF-SP";"DEL02-SP";"UOP01-DEL02-SP"
548349;2023-09-13;"quarta-feira";"06:35:00";"RS";158;370,4;"DILERMANDO DE AGUIAR";"Ausência de reação do condutor";"Saída de leito carroçável";"Com Vítimas Feridas";"Amanhecer";"Crescente";"Chuva";"Simples";"Reta";"Não";2;0;2;0;0;0;2;1;-29,84026084;-54,17937506;"SPRF-RS";"DEL09-RS";"UOP01-DEL09-RS"
548352;2023-09-13;"quarta-feira";"07:40:00";"PR";376;176,3;"MARINGA";"Acumulo de óleo sobre o pavimento";"Queda de ocupante de veículo";"Com Vítimas Feridas";"Pleno dia";"Decrescente";"Nublado";"Múltipla";"Reta";"Sim";1;0;1;0;0;0;1;1;-23,41269173;-51,93158327;"SPRF-PR";"DEL09-PR";"UOP01-DEL09-PR"
548353;2023-09-13;"quarta-feira";"07:35:00";"RN";101;97;"NATAL";"Condutor deixou de manter distância do veículo da frente";"Tombamento";"Com Vítimas Feridas";"Pleno dia";"Decrescente";"Céu Claro";"Múltipla";"Reta";"Sim";1;0;0;1;0;0;1;1;-5,85758898;-35,21271205;"SPRF-RN";"DEL01-RN";"UOP01-DEL01-RN"
548354;2023-09-13;"quarta-feira";"08:00:00";"SE";101;102;"SAO CRISTOVAO";"Condutor Dormindo";"Saída de leito carroçável";"Com Vítimas Feridas";"Pleno dia";"Crescente";"Céu Claro";"Dupla";"Reta";"Não";1;0;1;0;0;0;1;1;-10,94880037;-37,21099182;"SPRF-SE";"DEL02-SE";"UOP01-DEL02-SE"
548356;2023-09-13;"quarta-feira";"07:20:00";"MG";116;276;"TEOFILO OTONI";"Acessar a via sem observar a presença dos outros veículos";"Colisão transversal";"Com Vítimas Feridas";"Pleno dia";"Decrescente";"Céu Claro";"Simples";"Reta";"Sim";2;0;2;0;0;0;2;2;-17,85105696;-41,51454492;"SPRF-MG";"DEL11-MG";"UOP01-DEL11-MG"
548359;2023-05-29;"segunda-feira";"00:02:00";"MG";365;613;"UBERLANDIA";"Reação tardia ou ineficiente do condutor";"Colisão traseira";"Com Vítimas Feridas";"Plena Noite";"Crescente";"Céu Claro";"Dupla";"Reta";"Sim";3;0;0;2;1;0;2;2;-18,93732673;-48,21066462;"SPRF-MG";"DEL15-MG";"UOP01-DEL15-MG"
548361;2023-09-12;"terça-feira";"12:20:00";"RJ";116;279;"BARRA MANSA";"Avarias e/ou desgaste excessivo no pneu";"Queda de ocupante de veículo";"Com Vítimas Feridas";"Pleno dia";"Decrescente";"Sol";"Dupla";"Reta";"Não";1;0;1;0;0;0;1;1;-22,54744306;-44,1836602;"SPRF-RJ";"DEL07-RJ";"UOP02-DEL07-RJ"
548362;2023-06-21;"quarta-feira";"09:50:00";"SC";101;205;"SAO JOSE";"Condutor deixou de manter distância do veículo da frente";"Colisão traseira";"Com Vítimas Feridas";"Pleno dia";"Decrescente";"Céu Claro";"Dupla";"Reta";"Não";2;0;1;0;1;0;1;2;-27,58313237;-48,61532885;"SPRF-SC";"DEL01-SC";"UOP01-DEL01-SC"
548363;2023-09-13;"quarta-feira";"07:10:00";"RS";153;405,3;"CACHOEIRA DO SUL";"Velocidade Incompatível";"Colisão frontal";"Com Vítimas Fatais";"Pleno dia";"Crescente";"Chuva";"Simples";"Curva";"Sim";2;1;1;0;0;0;1;2;-30,011094;-52,920725;"SPRF-RS";"DEL02-RS";"UOP03-DEL02-RS"
548367;2023-09-13;"quarta-feira";"08:00:00";"MT";163;843;"SINOP";"Ultrapassagem Indevida";"Colisão frontal";"Com Vítimas Feridas";"Pleno dia";"Crescente";"Céu Claro";"Simples";"Reta";"Sim";3;0;1;0;2;0;1;2;-11,78771094;-55,47615051;"SPRF-MT";"DEL06-MT";"UOP02-DEL06-MT"
548368;2023-08-22;"terça-feira";"07:35:00";"RJ";101;65;"CAMPOS DOS GOYTACAZES";"Transitar no Acostamento";"Colisão transversal";"Com Vítimas Feridas";"Pleno dia";"Decrescente";"Céu Claro";"Simples";"Reta";"Não";2;0;1;0;1;0;1;2;-21,75371806;-41,344292;"SPRF-RJ";"DEL08-RJ";"UOP02-DEL08-RJ"
548369;2023-09-13;"quarta-feira";"09:00:00";"ES";262;0,5;"VITORIA";"Avarias e/ou desgaste excessivo no pneu";"Tombamento";"Com Vítimas Feridas";"Pleno dia";"Crescente";"Céu Claro";"Dupla";"Reta";"Não";1;0;1;0;0;0;1;1;-20,32258569;-40,3540931;"SPRF-ES";"DEL01-ES";"UOP01-DEL01-ES"
548371;2023-09-13;"quarta-feira";"08:15:00";"AL";316;254;"PILAR";"Acessar a via sem observar a presença dos outros veículos";"Colisão transversal";"Com Vítimas Feridas";"Pleno dia";"Crescente";"Céu Claro";"Simples";"Reta;Declive";"Sim";2;0;1;0;1;0;1;2;-9,590915;-35,9394;"SPRF-AL";"DEL02-AL";"UOP01-DEL02-AL"
548374;2023-09-13;"quarta-feira";"06:50:00";"AC";364;122;"RIO BRANCO";"Ausência de reação do condutor";"Colisão traseira";"Com Vítimas Feridas";"Pleno dia";"Crescente";"Céu Claro";"Dupla";"Reta";"Sim";2;0;0;1;1;0;1;2;-10,01188291;-67,773345;"SPRF-AC";"DEL01-AC";"UOP01-DEL01-AC"
548376;2023-08-07;"segunda-feira";"07:45:00";"PR";116;122;"CURITIBA";"Trafegar com motocicleta (ou similar) entre as faixas";"Colisão lateral mesmo sentido";"Com Vítimas Feridas";"Pleno dia";"Decrescente";"Céu Claro";"Dupla";"Reta";"Sim";4;0;1;0;3;0;1;2;-25,56857207;-49,31023179;"SPRF-PR";"DEL01-PR";"UOP03-DEL01-PR"
548377;2023-09-13;"quarta-feira";"09:45:00";"SP";381;3,5;"VARGEM";"Reação tardia ou ineficiente do condutor";"Colisão traseira";"Com Vítimas Feridas";"Pleno dia";"Decrescente";"Céu Claro";"Dupla";"Aclive;Reta";"Não";2;0;1;0;1;0;1;2;-22,8826217;-46,40779515;"SPRF-SP";"DEL03-SP";"UOP02-DEL03-SP"
548379;2023-09-13;"quarta-feira";"09:20:00";"PR";116;116;"CURITIBA";"Trafegar com motocicleta (ou similar) entre as faixas";"Colisão lateral mesmo sentido";"Com Vítimas Feridas";"Pleno dia";"Decrescente";"Céu Claro";"Múltipla";"Reta";"Sim";2;0;1;0;1;0;1;2;-25,55331514;-49,30510998;"SPRF-PR";"DEL01-PR";"UOP03-DEL01-PR"
548380;2023-08-19;"sábado";"19:20:00";"MA";316;550,7;"CAXIAS";"Ingestão de álcool pelo condutor";"Colisão lateral sentido oposto";"Sem Vítimas";"Plena Noite";"Decrescente";"Céu Claro";"Simples";"Em Obras;Reta";"Não";3;0;0;0;3;0;0;3;-4,886773;-43,362507;"SPRF-MA";"DEL03-MA";"UOP02-DEL03-MA"
548382;2023-08-20;"domingo";"16:00:00";"MG";365;507;"PATROCINIO";"Acumulo de água sobre o pavimento";"Saída de leito carroçável";"Com Vítimas Feridas";"Pleno dia";"Decrescente";"Chuva";"Simples";"Curva";"Não";2;0;2;0;0;0;2;1;-18,96107462;-47,24519551;"SPRF-MG";"DEL10-MG";"UOP01-DEL10-MG"
548383;2023-08-28;"segunda-feira";"17:25:00";"RJ";101;324;"NITEROI";"Reação tardia ou ineficiente do condutor";"Colisão lateral mesmo sentido";"Com Vítimas Feridas";"Anoitecer";"Crescente";"Nevoeiro/Neblina";"Dupla";"Reta";"Não";4;0;3;0;0;1;3;2;-22,87381074;-43,12640997;"SPRF-RJ";"DEL02-RJ";"UOP01-DEL02-RJ"
548385;2023-09-13;"quarta-feira";"09:10:00";"MS";163;494,5;"CAMPO GRANDE";"Reação tardia ou ineficiente do condutor";"Tombamento";"Com Vítimas Feridas";"Pleno dia";"Crescente";"Céu Claro";"Simples";"Reta;Aclive";"Não";1;0;0;1;0;0;1;1;-20,37762705;-54,53752293;"SPRF-MS";"DEL01-MS";"UOP02-DEL01-MS"
548389;2023-09-13;"quarta-feira";"11:05:00";"PE";101;83;"JABOATAO DOS GUARARAPES";"Manobra de mudança de faixa";"Colisão lateral mesmo sentido";"Com Vítimas Feridas";"Pleno dia";"Crescente";"Nublado";"Dupla";"Reta";"Sim";2;0;1;0;1;0;1;2;-8,177575;-34,950767;"SPRF-PE";"DEL01-PE";"UOP01-DEL01-PE"
548391;2023-08-07;"segunda-feira";"07:35:00";"RS";386;343,7;"LAJEADO";"Chuva";"Tombamento";"Com Vítimas Feridas";"Pleno dia";"Crescente";"Chuva";"Simples";"Reta";"Não";2;0;0;1;0;1;1;2;-29,434835;-52,002365;"SPRF-RS";"DEL04-RS";"UOP01-DEL04-RS"
548392;2023-09-01;"sexta-feira";"16:30:00";"AL";316;267;"SATUBA";"Transitar na contramão";"Colisão frontal";"Com Vítimas Feridas";"Pleno dia";"Decrescente";"Céu Claro";"Simples";"Curva";"Não";13;0;7;2;4;0;9;2;-9,58684648;-35,84355384;"SPRF-AL";"DEL02-AL";"UOP01-DEL02-AL"
548393;2023-09-13;"quarta-feira";"11:40:00";"GO";153;520;"HIDROLANDIA";"Velocidade Incompatível";"Saída de leito carroçável";"Com Vítimas Feridas";"Pleno dia";"Decrescente";"Céu Claro";"Dupla";"Declive";"Não";1;0;1;0;0;0;1;1;-16,8847;-49,254;"SPRF-GO";"DEL01-GO";"UOP03-DEL01-GO"
548396;2023-09-13;"quarta-feira";"11:00:00";"MT";364;137;"PEDRA PRETA";"Condutor deixou de manter distância do veículo da frente";"Colisão traseira";"Sem Vítimas";"Pleno dia";"Crescente";"Sol";"Simples";"Declive";"Não";2;0;0;0;2;0;0;2;-16,80823795;-54,08884296;"SPRF-MT";"DEL02-MT";"UOP01-DEL02-MT"
548398;2023-09-13;"quarta-feira";"12:00:00";"ES";262;20;"VIANA";"Reação tardia ou ineficiente do condutor";"Colisão traseira";"Com Vítimas Feridas";"Pleno dia";"Crescente";"Céu Claro";"Simples";"Reta";"Sim";3;0;1;0;2;0;1;2;-20,38569081;-40,49680586;"SPRF-ES";"DEL01-ES";"UOP01-DEL01-ES"
548399;2023-09-13;"quarta-feira";"11:45:00";"RJ";101;326;"NITEROI";"Manobra de mudança de faixa";"Colisão lateral mesmo sentido";"Com Vítimas Feridas";"Pleno dia";"Decrescente";"Céu Claro";"Dupla";"Reta";"Sim";3;0;0;1;2;0;1;2;-22,87206203;-43,146105;"SPRF-RJ";"DEL02-RJ";"UOP01-DEL02-RJ"
548400;2023-09-13;"quarta-feira";"11:40:00";"SC";282;487,7;"FAXINAL DOS GUEDES";"Desrespeitar a preferência no cruzamento";"Colisão transversal";"Sem Vítimas";"Pleno dia";"Decrescente";"Chuva";"Simples";"Rotatória";"Sim";2;0;0;0;2;0;0;2;-26,85758;-52,263203;"SPRF-SC";"DEL07-SC";"UOP01-DEL07-SC"
548401;2023-09-13;"quarta-feira";"09:30:00";"RJ";101;575;"PARATY";"Pedestre andava na pista";"Atropelamento de Pedestre";"Com Vítimas Feridas";"Pleno dia";"Crescente";"Céu Claro";"Simples";"Curva";"Sim";2;0;0;1;1;0;1;2;-23,22351836;-44,73298425;"SPRF-RJ";"DEL03-RJ";"UOP04-DEL03-RJ"
548402;2023-09-10;"domingo";"03:00:00";"MG";116;429;"ALPERCATA";"Animais na Pista";"Atropelamento de Animal";"Com Vítimas Feridas";"Plena Noite";"Decrescente";"Céu Claro";"Simples";"Reta";"Não";1;0;0;1;0;0;1;1;-18,99119185;-41,98354684;"SPRF-MG";"DEL06-MG";"UOP01-DEL06-MG"
548404;2023-09-13;"quarta-feira";"11:30:00";"SC";101;91;"BARRA VELHA";"Mal súbito do condutor";"Tombamento";"Com Vítimas Feridas";"Pleno dia";"Decrescente";"Nublado";"Múltipla";"Reta";"Sim";1;0;1;0;0;0;1;1;-26,67790441;-48,69197488;"SPRF-SC";"DEL03-SC";"UOP02-DEL03-SC"
548408;2023-09-13;"quarta-feira";"13:20:00";"RJ";116;225;"PIRAI";"Ausência de reação do condutor";"Queda de ocupante de veículo";"Com Vítimas Feridas";"Pleno dia";"Decrescente";"Sol";"Simples";"Reta";"Não";1;0;1;0;0;0;1;1;-22,68023262;-43,81407738;"SPRF-RJ";"DEL07-RJ";"UOP01-DEL07-RJ"
548410;2023-09-13;"quarta-feira";"13:50:00";"PB";230;108;"GURINHEM";"Reação tardia ou ineficiente do condutor";"Saída de leito carroçável";"Com Vítimas Feridas";"Pleno dia";"Crescente";"Garoa/Chuvisco";"Dupla";"Curva";"Não";4;0;3;0;1;0;3;1;-7,203;-35,5483;"SPRF-PB";"DEL01-PB";"UOP03-DEL01-PB"
548413;2023-09-13;"quarta-feira";"14:45:00";"SC";280;23;"ARAQUARI";"Acessar a via sem observar a presença dos outros veículos";"Colisão transversal";"Com Vítimas Feridas";"Pleno dia";"Crescente";"Nublado";"Simples";"Reta";"Sim";2;0;1;0;1;0;1;2;-26,37522288;-48,71715546;"SPRF-SC";"DEL03-SC";"UOP03-DEL03-SC"
548414;2023-09-10;"domingo";"18:15:00";"SC";282;525;"XAXIM";"Ingestão de álcool pelo condutor";"Colisão lateral sentido oposto";"Sem Vítimas";"Pleno dia";"Decrescente";"Céu Claro";"Simples";"Curva";"Não";2;0;0;0;2;0;0;2;-26,965441;-52,566383;"SPRF-SC";"DEL07-SC";"UOP01-DEL07-SC"
548419;2023-09-13;"quarta-feira";"15:00:00";"RS";116;265;"CANOAS";"Acessar a via sem observar a presença dos outros veículos";"Colisão lateral mesmo sentido";"Com Vítimas Feridas";"Pleno dia";"Decrescente";"Chuva";"Simples";"Reta";"Sim";2;0;1;0;1;0;1;2;-29,92715247;-51,17793739;"SPRF-RS";"DEL01-RS";"UOP01-DEL01-RS"
548420;2023-09-13;"quarta-feira";"15:00:00";"BA";101;883;"TEIXEIRA DE FREITAS";"Velocidade Incompatível";"Colisão traseira";"Com Vítimas Feridas";"Pleno dia";"Crescente";"Céu Claro";"Simples";"Aclive";"Não";2;0;1;0;1;0;1;2;-17,586057;-39,74134;"SPRF-BA";"DEL09-BA";"UOP02-DEL09-BA"
548421;2023-09-13;"quarta-feira";"15:00:00";"PE";104;60;"CARUARU";"Manobra de mudança de faixa";"Colisão traseira";"Com Vítimas Feridas";"Pleno dia";"Decrescente";"Sol";"Dupla";"Interseção de Vias";"Sim";2;0;1;0;0;1;1;2;-8,23756048;-35,97816467;"SPRF-PE";"DEL02-PE";"UOP01-DEL02-PE"
548422;2023-09-13;"quarta-feira";"15:00:00";"RS";392;122,5;"CANGUCU";"Reação tardia ou ineficiente do condutor";"Saída de leito carroçável";"Sem Vítimas";"Pleno dia";"Crescente";"Chuva";"Simples";"Reta";"Não";1;0;0;0;1;0;0;1;-31,38660826;-52,70733133;"SPRF-RS";"DEL07-RS";"UOP01-DEL07-RS"
548423;2023-09-06;"quarta-feira";"11:55:00";"SC";282;502,6;"XANXERE";"Desrespeitar a preferência no cruzamento";"Colisão transversal";"Com Vítimas Feridas";"Pleno dia";"Decrescente";"Sol";"Simples";"Declive;Reta";"Sim";2;0;1;0;1;0;1;2;-26,884584;-52,390911;"SPRF-SC";"DEL07-SC";"UOP01-DEL07-SC"
548425;2023-09-13;"quarta-feira";"16:00:00";"PR";369;152,7;"LONDRINA";"Transitar no Acostamento";"Queda de ocupante de veículo";"Com Vítimas Feridas";"Pleno dia";"Crescente";"Céu Claro";"Dupla";"Reta;Interseção de Vias";"Sim";1;0;0;1;0;0;1;1;-23,29400621;-51,1878562;"SPRF-PR";"DEL07-PR";"UOP01-DEL07-PR"
548429;2023-09-13;"quarta-feira";"16:00:00";"GO";40;24,8;"LUZIANIA";"Reação tardia ou ineficiente do condutor";"Colisão transversal";"Com Vítimas Feridas";"Pleno dia";"Decrescente";"Céu Claro";"Simples";"Reta";"Sim";5;0;3;0;2;0;3;3;-16,2512639;-47,9016174;"SPRF-DF";"DEL01-DF";"UOP01-DEL01-DF"
548430;2023-09-13;"quarta-feira";"11:30:00";"RS";285;362;"COLORADO";"Chuva";"Saída de leito carroçável";"Com Vítimas Feridas";"Pleno dia";"Decrescente";"Chuva";"Simples";"Reta";"Não";1;0;1;0;0;0;1;1;-28,37335;-52,995274;"SPRF-RS";"DEL08-RS";"UOP03-DEL08-RS"
548432;2023-09-10;"domingo";"05:00:00";"RJ";101;297;"ITABORAI";"Acumulo de areia ou detritos sobre o pavimento";"Queda de ocupante de veículo";"Com Vítimas Feridas";"Amanhecer";"Decrescente";"Céu Claro";"Simples";"Aclive";"Não";2;0;1;1;0;0;2;1;-22,76942037;-42,91873581;"SPRF-RJ";"DEL02-RJ";"UOP02-DEL02-RJ"
548436;2023-09-13;"quarta-feira";"16:50:00";"MG";40;549,2;"NOVA LIMA";"Condutor deixou de manter distância do veículo da frente";"Colisão traseira";"Com Vítimas Feridas";"Pleno dia";"Decrescente";"Céu Claro";"Dupla";"Curva;Declive";"Não";4;0;1;0;3;0;1;2;-20,03283028;-43,96943092;"SPRF-MG";"DEL01-MG";"UOP02-DEL01-MG"
548437;2023-09-13;"quarta-feira";"16:20:00";"PR";116;15;"COLOMBO";"Condutor deixou de manter distância do veículo da frente";"Colisão traseira";"Com Vítimas Feridas";"Pleno dia";"Decrescente";"Céu Claro";"Dupla";"Reta";"Sim";2;0;1;0;1;0;1;2;-25,3848;-49,1711;"SPRF-PR";"DEL01-PR";"UOP02-DEL01-PR"
548438;2023-09-13;"quarta-feira";"16:50:00";"CE";116;10;"FORTALEZA";"Condutor deixou de manter distância do veículo da frente";"Colisão traseira";"Com Vítimas Feridas";"Pleno dia";"Decrescente";"Céu Claro";"Múltipla";"Reta";"Sim";2;0;0;1;1;0;1;2;-3,83603805;-38,5027281;"SPRF-CE";"DEL01-CE";"UOP02-DEL01-CE"
548439;2023-09-13;"quarta-feira";"13:20:00";"SC";282;4;"FLORIANOPOLIS";"Acessar a via sem observar a presença dos outros veículos";"Colisão lateral mesmo sentido";"Com Vítimas Feridas";"Pleno dia";"Crescente";"Céu Claro";"Dupla";"Reta";"Sim";2;0;1;0;1;0;1;2;-27,592646;-48,604034;"SPRF-SC";"DEL01-SC";"UOP01-DEL01-SC"
548440;2023-09-13;"quarta-feira";"17:30:00";"ES";101;213;"IBIRACU";"Reação tardia ou ineficiente do condutor";"Colisão transversal";"Com Vítimas Feridas";"Anoitecer";"Crescente";"Céu Claro";"Simples";"Curva";"Sim";2;0;1;0;0;1;1;2;-19,82352998;-40,36981894;"SPRF-ES";"DEL02-ES";"UOP01-DEL02-ES"
548441;2023-09-13;"quarta-feira";"16:00:00";"RO";319;64;"PORTO VELHO";"Condutor deixou de manter distância do veículo da frente";"Colisão traseira";"Com Vítimas Feridas";"Pleno dia";"Decrescente";"Céu Claro";"Dupla";"Reta";"Sim";6;0;5;0;1;0;5;2;-8,766685;-63,884052;"SPRF-RO";"DEL01-RO";"UOP01-DEL01-RO"
548444;2023-09-13;"quarta-feira";"17:30:00";"SP";116;272;"TABOAO DA SERRA";"Ausência de reação do condutor";"Colisão lateral mesmo sentido";"Com Vítimas Feridas";"Pleno dia";"Crescente";"Sol";"Simples";"Reta";"Sim";2;0;1;0;1;0;1;2;-23,621691;-46,813288;"SPRF-SP";"DEL04-SP";"UOP01-DEL04-SP"
548446;2023-09-13;"quarta-feira";"17:40:00";"SP";153;63,7;"SAO JOSE DO RIO PRETO";"Condutor deixou de manter distância do veículo da frente";"Colisão traseira";"Com Vítimas Feridas";"Pleno dia";"Decrescente";"Céu Claro";"Dupla";"Curva";"Sim";2;0;1;0;0;1;1;2;-20,82149698;-49,35764818;"SPRF-SP";"DEL09-SP";"UOP01-DEL09-SP"