"id";"data_inversa";"dia_semana";"horario";"uf";"br";"km";"municipio";"causa_acidente";"tipo_acidente";"classificacao_acidente";"fase_dia";"sentido_via";"condicao_metereologica";"tipo_pista";"tracado_via";"uso_solo";"pessoas";"mortos";"feridos_leves";"feridos_graves";"ilesos";"ignorados";"feridos";"veiculos";"latitude";"longitude";"regional";"delegacia";"uop"
548570;2023-09-11;"segunda-feira";"12:40:00";"CE";116;420,4;"IPAUMIRIM";"Pista esburacada";"Saída de leito carroçável";"Com Vítimas Feridas";"Pleno dia";"Crescente";"Céu Claro";"Simples";"Aclive";"Não";2;0;1;1;0;0;2;1;-6,776197;-38,770347;"SPRF-CE";"DEL05-CE";"UOP01-DEL05-CE"
548572;2023-09-14;"quinta-feira";"07:30:00";"PR";153;22,9;"JACAREZINHO";"Ingestão de álcool pelo condutor";"Saída de leito carroçável";"Com Vítimas Feridas";"Amanhecer";"Decrescente";"Nublado";"Simples";"Reta;Declive";"Não";1;0;1;0;0;0;1;1;-23,17225028;-49,96840286;"SPRF-PR";"DEL07-PR";"UOP04-DEL07-PR"
548573;2023-09-14;"quinta-feira";"07:40:00";"MG";116;516;"UBAPORANGA";"Transitar na contramão";"Colisão frontal";"Com Vítimas Feridas";"Pleno dia";"Crescente";"Sol";"Simples";"Curva";"Não";3;0;2;1;0;0;3;2;-19,69633994;-42,11689689;"SPRF-MG";"DEL06-MG";"UOP02-DEL06-MG"
548575;2023-09-14;"quinta-feira";"08:20:00";"SP";116;272;"TABOAO DA SERRA";"Manobra de mudança de faixa";"Queda de ocupante de veículo";"Com Vítimas Feridas";"Pleno dia";"Decrescente";"Garoa/Chuvisco";"Múltipla";"Reta";"Sim";2;0;1;0;1;0;1;2;-23,621691;-46,813288;"SPRF-SP";"DEL04-SP";"UOP01-DEL04-SP"
548576;2023-09-14;"quinta-feira";"06:30:00";"ES";393;1,5;"CACHOEIRO DE ITAPEMIRIM";"Acessar a via sem observar a presença dos outros veículos";"Colisão transversal";"Com Vítimas Feridas";"Pleno dia";"Crescente";"Céu Claro";"Simples";"Reta";"Sim";2;0;1;0;1;0;1;2;-20,83723289;-41,16733095;"SPRF-ES";"DEL03-ES";"UOP02-DEL03-ES"
548577;2023-09-14;"quinta-feira";"11:10:00";"SC";280;48;"GUARAMIRIM";"Ultrapassagem Indevida";"Colisão transversal";"Com Vítimas Feridas";"Pleno dia";"Decrescente";"Céu Claro";"Simples";"Desvio Temporário";"Sim";2;0;1;0;1;0;1;2;-26,45506795;-48,92766502;"SPRF-SC";"DEL03-SC";"UOP03-DEL03-SC"
548579;2023-09-14;"quinta-feira";"10:45:00";"PR";376;601,9;"CURITIBA";"Acesso irregular";"Colisão lateral mesmo sentido";"Com Vítimas Feridas";"Pleno dia";"Crescente";"Nublado";"Dupla";"Interseção de Vias";"Sim";2;0;0;1;1;0;1;2;-25,537054;-49,31404;"SPRF-PR";"DEL01-PR";"UOP06-DEL01-PR"
548580;2023-09-14;"quinta-feira";"10:40:00";"RJ";465;5;"SEROPEDICA";"Pedestre cruzava a pista fora da faixa";"Atropelamento de Pedestre";"Com Vítimas Feridas";"Pleno dia";"Crescente";"Sol";"Simples";"Reta";"Sim";3;0;1;0;1;1;1;2;-22,747673;-43,699196;"SPRF-RJ";"DEL01-RJ";"UOP03-DEL01-RJ"
548581;2023-09-14;"quinta-feira";"11:20:00";"ES";262;89;"DOMINGOS MARTINS";"Avarias e/ou desgaste excessivo no pneu";"Queda de ocupante de veículo";"Com Vítimas Feridas";"Pleno dia";"Crescente";"Céu Claro";"Dupla";"Curva";"Não";2;0;1;0;1;0;1;1;-20,38725617;-41,01746327;"SPRF-ES";"DEL01-ES";"UOP02-DEL01-ES"
548583;2023-07-31;"segunda-feira";"07:40:00";"PR";277;1,8;"FOZ DO IGUACU";"Conversão proibida";"Colisão traseira";"Com Vítimas Feridas";"Pleno dia";"Crescente";"Céu Claro";"Dupla";"Reta";"Sim";2;0;1;0;1;0;1;2;-25,4904;-54,583;"SPRF-PR";"DEL05-PR";"UOP03-DEL05-PR"
548584;2023-09-14;"quinta-feira";"12:08:00";"MG";365;850;"SANTA VITORIA";"Demais falhas mecânicas ou elétricas";"Tombamento";"Com Vítimas Feridas";"Pleno dia";"Crescente";"Sol";"Simples";"Curva;Declive";"Não";2;0;2;0;0;0;2;1;-19,012052;-50,317363;"SPRF-MG";"DEL15-MG";"UOP03-DEL15-MG"
548588;2023-09-14;"quinta-feira";"12:30:00";"RJ";101;387;"RIO DE JANEIRO";"Reação tardia ou ineficiente do condutor";"Colisão traseira";"Com Vítimas Feridas";"Pleno dia";"Decrescente";"Céu Claro";"Múltipla";"Reta";"Sim";2;0;1;0;1;0;1;2;-22,88537839;-43,64965688;"SPRF-RJ";"DEL03-RJ";"UOP01-DEL03-RJ"
548589;2023-09-14;"quinta-feira";"12:00:00";"RS";116;516;"PELOTAS";"Desrespeitar a preferência no cruzamento";"Colisão transversal";"Com Vítimas Feridas";"Pleno dia";"Decrescente";"Céu Claro";"Simples";"Rotatória";"Não";3;0;1;0;2;0;1;2;-31,67013527;-52,34055575;"SPRF-RS";"DEL07-RS";"UOP01-DEL07-RS"
548590;2023-07-02;"domingo";"15:00:00";"BA";116;426;"FEIRA DE SANTANA";"Acessar a via sem observar a presença dos outros veículos";"Colisão lateral mesmo sentido";"Com Vítimas Feridas";"Pleno dia";"Decrescente";"Nublado";"Simples";"Interseção de Vias;Viaduto;Reta";"Sim";2;0;1;0;0;1;1;2;-12,26899418;-38,98879409;"SPRF-BA";"DEL02-BA";"UOP01-DEL02-BA"
548594;2023-09-14;"quinta-feira";"12:20:00";"DF";70;3,4;"BRASILIA";"Manobra de mudança de faixa";"Tombamento";"Com Vítimas Feridas";"Pleno dia";"Decrescente";"Céu Claro";"Dupla";"Curva;Retorno Regulamentado";"Sim";1;0;1;0;0;0;1;1;-15,802453;-48,080387;"SPRF-DF";"DEL03-DF";"UOP02-DEL03-DF"
548595;2023-08-07;"segunda-feira";"23:00:00";"SC";280;225,7;"TRES BARRAS";"Velocidade Incompatível";"Capotamento";"Com Vítimas Feridas";"Plena Noite";"Decrescente";"Nublado";"Simples";"Curva";"Não";2;0;0;2;0;0;2;1;-26,17875971;-50,31308811;"SPRF-SC";"DEL06-SC";"UOP04-DEL06-SC"
548596;2023-09-14;"quinta-feira";"13:45:00";"RJ";116;108,7;"GUAPIMIRIM";"Reação tardia ou ineficiente do condutor";"Colisão lateral mesmo sentido";"Com Vítimas Feridas";"Pleno dia";"Crescente";"Céu Claro";"Dupla";"Reta";"Sim";3;0;2;0;0;1;2;2;-22,535843;-42,99125;"SPRF-RJ";"DEL04-RJ";"UOP01-DEL04-RJ"
548599;2023-09-14;"quinta-feira";"13:55:00";"PI";343;332;"TERESINA";"Condutor Dormindo";"Colisão com objeto";"Com Vítimas Feridas";"Pleno dia";"Decrescente";"Céu Claro";"Dupla";"Reta";"Não";3;0;1;0;2;0;1;1;-5,05669834;-42,67459989;"SPRF-PI";"DEL01-PI";"UOP01-DEL01-PI"
548601;2023-09-14;"quinta-feira";"14:15:00";"PB";230;1,4;"CABEDELO";"Acessar a via sem observar a presença dos outros veículos";"Colisão transversal";"Com Vítimas Feridas";"Pleno dia";"Crescente";"Céu Claro";"Simples";"Interseção de Vias;Reta";"Sim";2;0;2;0;0;0;2;2;-6,97575438;-34,83158654;"SPRF-PB";"DEL01-PB";"UOP01-DEL01-PB"
548602;2023-09-14;"quinta-feira";"13:20:00";"MG";40;532;"BELO HORIZONTE";"Ausência de reação do condutor";"Atropelamento de Pedestre";"Com Vítimas Feridas";"Pleno dia";"Crescente";"Céu Claro";"Dupla";"Reta;Declive";"Sim";2;0;1;0;1;0;1;2;-19,92372561;-44,01700789;"SPRF-MG";"DEL01-MG";"UOP02-DEL01-MG"
548604;2023-09-14;"quinta-feira";"14:17:00";"PR";153;332,6;"IRATI";"Ultrapassagem Indevida";"Colisão lateral mesmo sentido";"Com Vítimas Feridas";"Pleno dia";"Crescente";"Céu Claro";"Simples";"Reta";"Sim";2;0;1;0;1;0;1;2;-25,463053;-50,623066;"SPRF-PR";"DEL08-PR";"UOP02-DEL08-PR"
548605;2023-09-14;"quinta-feira";"12:35:00";"RJ";40;86;"PETROPOLIS";"Pista Escorregadia";"Queda de ocupante de veículo";"Com Vítimas Feridas";"Pleno dia";"Decrescente";"Céu Claro";"Simples";"Curva;Aclive";"Não";1;0;1;0;0;0;1;1;-22,56041412;-43,22597623;"SPRF-RJ";"DEL06-RJ";"UOP01-DEL06-RJ"
548607;2023-05-10;"quarta-feira";"02:50:00";"RN";427;109,2;"CAICO";"Animais na Pista";"Atropelamento de Animal";"Sem Vítimas";"Plena Noite";"Decrescente";"Céu Claro";"Simples";"Reta;Declive";"Não";5;0;0;0;5;0;0;1;-6,448436;-37,124478;"SPRF-RN";"DEL03-RN";"UOP01-DEL03-RN"
548608;2023-09-14;"quinta-feira";"13:50:00";"PR";476;119,8;"CURITIBA";"Condutor deixou de manter distância do veículo da frente";"Colisão traseira";"Com Vítimas Feridas";"Pleno dia";"Crescente";"Céu Claro";"Dupla";"Declive;Reta";"Sim";2;0;0;1;1;0;1;2;-25,364202;-49,185825;"SPRF-PR";"DEL01-PR";"UOP01-DEL01-PR"
548610;2023-09-14;"quinta-feira";"13:50:00";"RO";364;15;"VILHENA";"Ausência de reação do condutor";"Colisão lateral mesmo sentido";"Com Vítimas Feridas";"Pleno dia";"Decrescente";"Céu Claro";"Dupla";"Rotatória";"Sim";2;0;1;0;1;0;1;2;-12,73672751;-60,14804088;"SPRF-RO";"DEL04-RO";"UOP01-DEL04-RO"
548611;2023-09-14;"quinta-feira";"06:56:00";"MT";163;599;"NOVA MUTUM";"Conversão proibida";"Colisão transversal";"Com Vítimas Feridas";"Pleno dia";"Crescente";"Chuva";"Dupla";"Reta";"Não";2;0;2;0;0;0;2;2;-13,91274012;-56,09619141;"SPRF-MT";"DEL01-MT";"UOP01-DEL01-MT"
548612;2023-08-22;"terça-feira";"07:37:00";"PR";476;145;"CURITIBA";"Transitar no Acostamento";"Colisão traseira";"Com Vítimas Feridas";"Pleno dia";"Decrescente";"Sol";"Dupla";"Reta";"Sim";2;0;1;0;1;0;1;2;-25,55076621;-49,32878494;"SPRF-PR";"DEL01-PR";"UOP06-DEL01-PR"
548614;2023-09-14;"quinta-feira";"14:32:00";"RS";158;328;"SANTA MARIA";"Reação tardia ou ineficiente do condutor";"Colisão traseira";"Com Vítimas Feridas";"Pleno dia";"Decrescente";"Céu Claro";"Dupla";"Reta;Em Obras";"Sim";2;0;1;0;1;0;1;2;-29,71112906;-53,81968204;"SPRF-RS";"DEL09-RS";"UOP01-DEL09-RS"
548615;2023-09-14;"quinta-feira";"15:00:00";"RS";285;123;"VACARIA";"Ingestão de álcool pelo condutor";"Colisão transversal";"Sem Vítimas";"Pleno dia";"Decrescente";"Céu Claro";"Simples";"Reta";"Sim";4;0;0;0;4;0;0;2;-28,499468;-50,951084;"SPRF-RS";"DEL05-RS";"UOP03-DEL05-RS"
548617;2023-09-14;"quinta-feira";"15:40:00";"SC";101;193,8;"BIGUACU";"Acessar a via sem observar a presença dos outros veículos";"Colisão lateral mesmo sentido";"Com Vítimas Feridas";"Pleno dia";"Crescente";"Nublado";"Dupla";"Reta";"Sim";2;0;1;0;1;0;1;2;-27,489574;-48,655914;"SPRF-SC";"DEL01-SC";"UOP01-DEL01-SC"
548618;2023-09-14;"quinta-feira";"15:25:00";"BA";324;599;"SIMOES FILHO";"Condutor deixou de manter distância do veículo da frente";"Colisão lateral mesmo sentido";"Com Vítimas Feridas";"Pleno dia";"Crescente";"Céu Claro";"Múltipla";"Reta";"Sim";2;0;1;0;1;0;1;2;-12,74194511;-38,43853918;"SPRF-BA";"DEL01-BA";"UOP01-DEL01-BA"
548620;2023-09-14;"quinta-feira";"13:50:00";"RJ";393;285;"VOLTA REDONDA";"Condutor deixou de manter distância do veículo da frente";"Colisão transversal";"Com Vítimas Feridas";"Pleno dia";"Crescente";"Céu Claro";"Simples";"Reta";"Não";2;0;1;0;1;0;1;2;-22,481726;-44,06308602;"SPRF-RJ";"DEL05-RJ";"UOP04-DEL05-RJ"
548621;2023-09-14;"quinta-feira";"14:30:00";"RS";158;267;"JULIO DE CASTILHOS";"Ausência de reação do condutor";"Engavetamento";"Com Vítimas Feridas";"Pleno dia";"Decrescente";"Céu Claro";"Simples";"Reta";"Não";5;0;2;0;3;0;2;4;-29,26579793;-53,66684128;"SPRF-RS";"DEL09-RS";"UOP01-DEL09-RS"
548624;2023-09-14;"quinta-feira";"16:05:00";"SE";235;38,4;"AREIA BRANCA";"Objeto estático sobre o leito carroçável";"Colisão com objeto";"Com Vítimas Feridas";"Pleno dia";"Crescente";"Céu Claro";"Simples";"Reta";"Não";1;0;1;0;0;0;1;1;-10,770479;-37,346272;"SPRF-SE";"DEL01-SE";"UOP02-DEL01-SE"
548625;2023-08-22;"terça-feira";"13:45:00";"RS";116;405,6;"CAMAQUA";"Ausência de reação do condutor";"Saída de leito carroçável";"Com Vítimas Feridas";"Pleno dia";"Crescente";"Céu Claro";"Dupla";"Reta";"Não";2;0;1;1;0;0;2;1;-30,89496088;-51,85038907;"SPRF-RS";"DEL02-RS";"UOP02-DEL02-RS"
548628;2023-08-21;"segunda-feira";"19:10:00";"RS";448;1;"SAPUCAIA DO SUL";"Velocidade Incompatível";"Colisão com objeto";"Com Vítimas Feridas";"Anoitecer";"Crescente";"Céu Claro";"Múltipla";"Interseção de Vias";"Não";2;0;1;1;0;0;2;1;-29,836086;-51,182426;"SPRF-RS";"DEL01-RS";"UOP02-DEL01-RS"
548629;2023-09-14;"quinta-feira";"16:50:00";"SP";116;231;"SAO PAULO";"Velocidade Incompatível";"Tombamento";"Sem Vítimas";"Anoitecer";"Crescente";"Chuva";"Múltipla";"Reta";"Sim";1;0;0;0;1;0;0;1;-23,51831899;-46,5816378;"SPRF-SP";"DEL01-SP";"UOP01-DEL01-SP"
548630;2023-09-14;"quinta-feira";"14:30:00";"SP";116;155,6;"SAO JOSE DOS CAMPOS";"Demais falhas mecânicas ou elétricas";"Tombamento";"Com Vítimas Feridas";"Pleno dia";"Decrescente";"Chuva";"Dupla";"Declive";"Sim";1;0;1;0;0;0;1;1;-23,24524337;-45,92772774;"SPRF-SP";"DEL02-SP";"UOP01-DEL02-SP"
548631;2023-09-14;"quinta-feira";"12:40:00";"GO";153;292;"RIALMA";"Avarias e/ou desgaste excessivo no pneu";"Tombamento";"Com Vítimas Feridas";"Pleno dia";"Crescente";"Céu Claro";"Simples";"Aclive;Curva";"Não";4;0;1;1;2;0;2;2;-15,225485;-49,553764;"SPRF-GO";"DEL02-GO";"UOP02-DEL02-GO"
548632;2023-09-14;"quinta-feira";"17:20:00";"GO";60;163;"GOIANIA";"Avarias e/ou desgaste excessivo no pneu";"Queda de ocupante de veículo";"Com Vítimas Feridas";"Pleno dia";"Crescente";"Céu Claro";"Dupla";"Reta";"Sim";2;0;2;0;0;0;2;1;-16,7002;-49,3335;"SPRF-GO";"DEL01-GO";"UOP02-DEL01-GO"
548634;2023-09-14;"quinta-feira";"17:30:00";"RJ";116;255;"PIRAI";"Acumulo de água sobre o pavimento";"Colisão com objeto";"Com Vítimas Feridas";"Anoitecer";"Crescente";"Chuva";"Dupla";"Reta";"Não";5;0;1;0;4;0;1;2;-22,58171235;-43,99533787;"SPRF-RJ";"DEL07-RJ";"UOP02-DEL07-RJ"
548635;2023-09-14;"quinta-feira";"17:00:00";"DF";60;9,5;"BRASILIA";"Manobra de mudança de faixa";"Colisão traseira";"Com Vítimas Feridas";"Pleno dia";"Crescente";"Céu Claro";"Dupla";"Reta";"Não";2;0;1;0;1;0;1;2;-15,906293;-48,139965;"SPRF-DF";"DEL03-DF";"UOP01-DEL03-DF"
548636;2023-09-14;"quinta-feira";"16:40:00";"RO";319;61;"PORTO VELHO";"Acessar a via sem observar a presença dos outros veículos";"Colisão transversal";"Com Vítimas Feridas";"Pleno dia";"Decrescente";"Céu Claro";"Dupla";"Reta;Rotatória";"Sim";2;0;1;0;1;0;1;2;-8,766685;-63,884052;"SPRF-RO";"DEL01-RO";"UOP01-DEL01-RO"
548637;2023-09-14;"quinta-feira";"15:30:00";"AC";364;132;"RIO BRANCO";"Demais falhas mecânicas ou elétricas";"Tombamento";"Com Vítimas Feridas";"Pleno dia";"Crescente";"Sol";"Dupla";"Curva;Declive";"Sim";1;0;0;1;0;0;1;1;-10,01005063;-67,84552927;"SPRF-AC";"DEL01-AC";"UOP01-DEL01-AC"
548640;2023-09-14;"quinta-feira";"16:00:00";"MG";381;700;"LAVRAS";"Chuva";"Saída de leito carroçável";"Com Vítimas Feridas";"Pleno dia";"Decrescente";"Chuva";"Dupla";"Curva";"Não";2;0;2;0;0;0;2;1;-21,31137883;-45,16451703;"SPRF-MG";"DEL04-MG";"UOP02-DEL04-MG"
548644;2023-09-14;"quinta-feira";"10:50:00";"PA";0;0;"ITAITUBA";"Reação tardia ou ineficiente do condutor";"Colisão com objeto";"Sem Vítimas";"Pleno dia";"Não Informado";"Céu Claro";"Dupla";"Reta";"Sim";1;0;0;0;1;0;0;1;-4,264328;-55,99267;"SPRF-PA";"DEL05-PA";"UOP02-DEL05-PA"
548645;2023-09-14;"quinta-feira";"17:40:00";"GO";60;239;"INDIARA";"Ausência de reação do condutor";"Saída de leito carroçável";"Com Vítimas Feridas";"Pleno dia";"Crescente";"Sol";"Dupla";"Reta;Declive";"Não";1;0;1;0;0;0;1;1;-17,0946;-49,8649;"SPRF-GO";"DEL01-GO";"UOP02-DEL01-GO"
548646;2023-09-14;"quinta-feira";"16:49:00";"PR";376;601,9;"CURITIBA";"Acessar a via sem observar a presença dos outros veículos";"Colisão transversal";"Com Vítimas Feridas";"Pleno dia";"Crescente";"Céu Claro";"Dupla";"Interseção de Vias";"Sim";3;0;0;1;2;0;1;2;-25,543462;-49,307989;"SPRF-PR";"DEL01-PR";"UOP06-DEL01-PR"
548649;2023-09-14;"quinta-feira";"17:45:00";"SC";470;53;"BLUMENAU";"Conversão proibida";"Colisão transversal";"Com Vítimas Feridas";"Pleno dia";"Decrescente";"Sol";"Simples";"Curva";"Sim";2;0;1;0;1;0;1;2;-26,867121;-49,102066;"SPRF-SC";"DEL04-SC";"UOP01-DEL04-SC"
548650;2023-09-14;"quinta-feira";"17:18:00";"MG";116;277,6;"TEOFILO OTONI";"Desrespeitar a preferência no cruzamento";"Colisão transversal";"Com Vítimas Feridas";"Anoitecer";"Crescente";"Céu Claro";"Dupla";"Rotatória";"Sim";3;0;2;0;1;0;2;2;-17,859945;-41,515144;"SPRF-MG";"DEL11-MG";"UOP01-DEL11-MG"
548653;2023-09-14;"quinta-feira";"18:00:00";"MG";381;342;"BELA VISTA DE MINAS";"Reação tardia ou ineficiente do condutor";"Saída de leito carroçável";"Com Vítimas Fatais";"Anoitecer";"Crescente";"Céu Claro";"Simples";"Curva";"Não";1;1;0;0;0;0;0;1;-19,84962291;-43,10954212;"SPRF-MG";"DEL03-MG";"UOP01-DEL03-MG"
548654;2023-09-14;"quinta-feira";"17:40:00";"MS";262;463,5;"DOIS IRMAOS DO BURITI";"Avarias e/ou desgaste excessivo no pneu";"Tombamento";"Com Vítimas Feridas";"Plena Noite";"Crescente";"Céu Claro";"Simples";"Declive;Reta";"Não";1;0;0;1;0;0;1;1;-20,5378036;-55,56452057;"SPRF-MS";"DEL03-MS";"UOP01-DEL03-MS"
548655;2023-09-14;"quinta-feira";"18:30:00";"MG";50;75;"UBERLANDIA";"Manobra de mudança de faixa";"Colisão lateral mesmo sentido";"Com Vítimas Feridas";"Pleno dia";"Crescente";"Céu Claro";"Dupla";"Reta";"Sim";2;0;1;0;1;0;1;2;-18,986906;-48,211853;"SPRF-MG";"DEL15-MG";"UOP01-DEL15-MG"
548657;2023-09-14;"quinta-feira";"14:00:00";"PA";163;936;"BELTERRA";"Velocidade Incompatível";"Saída de leito carroçável";"Com Vítimas Feridas";"Pleno dia";"Crescente";"Sol";"Simples";"Curva";"Não";1;0;1;0;0;0;1;1;-2,92020695;-54,92463029;"SPRF-PA";"DEL05-PA";"UOP01-DEL05-PA"
548659;2023-09-14;"quinta-feira";"18:30:00";"CE";116;16;"ITAITINGA";"Ausência de reação do condutor";"Colisão traseira";"Com Vítimas Feridas";"Plena Noite";"Decrescente";"Céu Claro";"Dupla";"Reta";"Sim";2;0;1;0;1;0;1;2;-3,88728692;-38,50156975;"SPRF-CE";"DEL01-CE";"UOP02-DEL01-CE"
548660;2023-09-14;"quinta-feira";"17:45:00";"PR";376;619;"SAO JOSE DOS PINHAIS";"Velocidade Incompatível";"Colisão frontal";"Com Vítimas Feridas";"Pleno dia";"Crescente";"Sol";"Simples";"Reta";"Sim";2;0;1;0;1;0;1;2;-25,60034699;-49,17355691;"SPRF-PR";"DEL01-PR";"UOP04-DEL01-PR"
548661;2023-09-14;"quinta-feira";"18:00:00";"RS";386;352,3;"ESTRELA";"Avarias e/ou desgaste excessivo no pneu";"Tombamento";"Com Vítimas Feridas";"Anoitecer";"Crescente";"Céu Claro";"Dupla";"Reta";"Sim";2;0;1;0;1;0;1;1;-29,491436;-51,95174;"SPRF-RS";"DEL04-RS";"UOP01-DEL04-RS"
548665;2023-09-14;"quinta-feira";"17:00:00";"BA";242;239;"ITABERABA";"Demais falhas mecânicas ou elétricas";"Incêndio";"Sem Vítimas";"Pleno dia";"Crescente";"Céu Claro";"Simples";"Curva";"Não";1;0;0;0;1;0;0;1;-12,50786179;-40,38533162;"SPRF-BA";"DEL06-BA";"UOP02-DEL06-BA"
548666;2023-09-14;"quinta-feira";"17:15:00";"RJ";116;177;"SAO JOAO DE MERITI";"Reação tardia ou ineficiente do condutor";"Tombamento";"Com Vítimas Feridas";"Anoitecer";"Crescente";"Vento";"Dupla";"Reta";"Sim";2;0;2;0;0;0;2;2;-22,78055198;-43,39208599;"SPRF-RJ";"DEL01-RJ";"UOP02-DEL01-RJ"
548668;2023-09-14;"quinta-feira";"18:45:00";"PE";101;72,4;"RECIFE";"Manobra de mudança de faixa";"Colisão lateral mesmo sentido";"Com Vítimas Feridas";"Plena Noite";"Crescente";"Céu Claro";"Dupla";"Curva";"Sim";2;0;1;0;0;1;1;2;-8,088081;-34,946764;"SPRF-PE";"DEL01-PE";"UOP01-DEL01-PE"
548669;2023-09-14;"quinta-feira";"19:30:00";"RJ";393;106;"SAPUCAIA";"Manobra de mudança de faixa";"Colisão transversal";"Com Vítimas Feridas";"Pleno dia";"Crescente";"Chuva";"Simples";"Reta";"Sim";2;0;1;0;1;0;1;2;-21,87764485;-42,67025797;"SPRF-RJ";"DEL05-RJ";"UOP01-DEL05-RJ"
548670;2023-09-14;"quinta-feira";"18:56:00";"PE";101;78;"JABOATAO DOS GUARARAPES";"Acessar a via sem observar a presença dos outros veículos";"Colisão lateral mesmo sentido";"Com Vítimas Feridas";"Plena Noite";"Crescente";"Céu Claro";"Dupla";"Interseção de Vias";"Sim";2;0;0;1;1;0;1;2;-8,13496499;-34,94738614;"SPRF-PE";"DEL01-PE";"UOP01-DEL01-PE"
548671;2023-09-14;"quinta-feira";"18:30:00";"CE";222;0,2;"FORTALEZA";"Ausência de reação do condutor";"Colisão lateral mesmo sentido";"Com Vítimas Feridas";"Plena Noite";"Decrescente";"Céu Claro";"Múltipla";"Reta";"Sim";2;0;1;0;1;0;1;2;-3,7367737;-38,56923;"SPRF-CE";"DEL01-CE";"UOP01-DEL01-CE"
548672;2023-09-14;"quinta-feira";"18:00:00";"RJ";116;264;"BARRA MANSA";"Reação tardia ou ineficiente do condutor";"Saída de leito carroçável";"Com Vítimas Feridas";"Plena Noite";"Decrescente";"Nublado";"Dupla";"Viaduto;Retorno Regulamentado";"Sim";3;0;2;0;1;0;2;1;-22,59213864;-44,07723781;"SPRF-RJ";"DEL07-RJ";"UOP02-DEL07-RJ"
548677;2023-09-14;"quinta-feira";"17:45:00";"PI";343;177;"PIRIPIRI";"Reação tardia ou ineficiente do condutor";"Saída de leito carroçável";"Com Vítimas Feridas";"Anoitecer";"Decrescente";"Céu Claro";"Simples";"Reta";"Não";1;0;1;0;0;0;1;1;-4,21867;-41,774715;"SPRF-PI";"DEL02-PI";"UOP01-DEL02-PI"
548678;2023-09-14;"quinta-feira";"19:30:00";"PR";116;124;"FAZENDA RIO GRANDE";"Manobra de mudança de faixa";"Colisão lateral mesmo sentido";"Com Vítimas Feridas";"Plena Noite";"Crescente";"Céu Claro";"Dupla";"Reta";"Sim";4;0;1;0;3;0;1;3;-25,622795;-49,315923;"SPRF-PR";"DEL01-PR";"UOP03-DEL01-PR"
548679;2023-09-14;"quinta-feira";"15:40:00";"MG";40;684,9;"RESSAQUINHA";"Ausência de reação do condutor";"Saída de leito carroçável";"Sem Vítimas";"Pleno dia";"Crescente";"Sol";"Simples";"Reta";"Não";1;0;0;0;1;0;0;1;-21,06342685;-43,76285914;"SPRF-MG";"DEL05-MG";"UOP02-DEL05-MG"
548681;2023-09-14;"quinta-feira";"19:30:00";"MG";381;2,1;"BETIM";"Velocidade Incompatível";"Colisão frontal";"Com Vítimas Feridas";"Plena Noite";"Decrescente";"Chuva";"Dupla";"Reta";"Sim";3;0;1;1;1;0;2;2;-19,98063;-44,16345;"SPRF-MG";"DEL01-MG";"UOP03-DEL01-MG"
548682;2023-09-14;"quinta-feira";"19:30:00";"SP";381;36,2;"ATIBAIA";"Chuva";"Engavetamento";"Com Vítimas Feridas";"Plena Noite";"Decrescente";"Chuva";"Dupla";"Reta";"Não";3;0;1;0;2;0;1;3;-23,09707232;-46,57180706;"SPRF-SP";"DEL03-SP";"UOP01-DEL03-SP"
548684;2023-09-14;"quinta-feira";"18:54:00";"PR";487;172,9;"PONTA GROSSA";"Transitar na contramão";"Colisão frontal";"Com Vítimas Feridas";"Anoitecer";"Crescente";"Ignorado";"Simples";"Reta";"Sim";2;0;0;2;0;0;2;2;-25,08038479;-50,19918323;"SPRF-PR";"DEL09-PR";"UOP03-DEL09-PR"
548686;2023-09-14;"quinta-feira";"19:00:00";"BA";418;56;"CARAVELAS";"Animais na Pista";"Atropelamento de Animal";"Com Vítimas Feridas";"Plena Noite";"Decrescente";"Céu Claro";"Simples";"Reta";"Não";1;0;1;0;0;0;1;1;-17,75759003;-39,59031194;"SPRF-BA";"DEL09-BA";"UOP02-DEL09-BA"
548687;2023-09-14;"quinta-feira";"21:10:00";"DF";60;13;"BRASILIA";"Acostamento em desnível";"Queda de ocupante de veículo";"Com Vítimas Feridas";"Plena Noite";"Decrescente";"Céu Claro";"Dupla";"Reta";"Não";1;0;0;1;0;0;1;1;-15,930956;-48,168451;"SPRF-DF";"DEL03-DF";"UOP01-DEL03-DF"
548688;2023-09-14;"quinta-feira";"19:40:00";"PE";407;123;"PETROLINA";"Condutor deixou de manter distância do veículo da frente";"Colisão traseira";"Com Vítimas Feridas";"Plena Noite";"Decrescente";"Céu Claro";"Simples";"Reta";"Sim";2;0;1;0;1;0;1;2;-9,36149178;-40,54594462;"SPRF-PE";"DEL06-PE";"UOP01-DEL06-PE"
548689;2023-08-27;"domingo";"20:30:00";"RS";153;424,5;"CACHOEIRA DO SUL";"Animais na Pista";"Atropelamento de Animal";"Com Vítimas Feridas";"Plena Noite";"Decrescente";"Céu Claro";"Simples";"Reta";"Não";2;0;0;1;1;0;1;1;-30,2523699;-52,789923;"SPRF-RS";"DEL02-RS";"UOP03-DEL02-RS"
548690;2023-09-14;"quinta-feira";"21:00:00";"GO";40;15;"LUZIANIA";"Manobra de mudança de faixa";"Colisão traseira";"Com Vítimas Feridas";"Plena Noite";"Crescente";"Céu Claro";"Dupla";"Reta";"Sim";3;0;2;0;1;0;2;2;-16,1671;-47,930161;"SPRF-DF";"DEL01-DF";"UOP01-DEL01-DF"
548692;2023-09-14;"quinta-feira";"20:30:00";"MG";116;580;"MANHUACU";"Reação tardia ou ineficiente do condutor";"Saída de leito carroçável";"Sem Vítimas";"Plena Noite";"Decrescente";"Céu Claro";"Simples";"Reta";"Sim";1;0;0;0;0;1;0;1;-20,18726337;-42,18489254;"SPRF-MG";"DEL06-MG";"UOP03-DEL06-MG"