"id";"data_inversa";"dia_semana";"horario";"uf";"br";"km";"municipio";"causa_acidente";"tipo_acidente";"classificacao_acidente";"fase_dia";"sentido_via";"condicao_metereologica";"tipo_pista";"tracado_via";"uso_solo";"pessoas";"mortos";"feridos_leves";"feridos_graves";"ilesos";"ignorados";"feridos";"veiculos";"latitude";"longitude";"regional";"delegacia";"uop"
548694;2023-09-14;"quinta-feira";"20:00:00";"PR";476;120;"COLOMBO";"Acessar a via sem observar a presença dos outros veículos";"Atropelamento de Pedestre";"Com Vítimas Feridas";"Plena Noite";"Crescente";"Céu Claro";"Múltipla";"Reta";"Sim";2;0;1;0;1;0;1;2;-25,37191;-49,19146;"SPRF-PR";"DEL01-PR";"UOP01-DEL01-PR"
548696;2023-09-14;"quinta-feira";"21:40:00";"RS";116;265;"CANOAS";"Ausência de reação do condutor";"Colisão traseira";"Com Vítimas Feridas";"Plena Noite";"Crescente";"Nublado";"Dupla";"Curva;Rotatória";"Sim";2;0;1;0;1;0;1;2;-29,92342302;-51,17780944;"SPRF-RS";"DEL01-RS";"UOP01-DEL01-RS"
548697;2023-09-14;"quinta-feira";"18:30:00";"MG";365;794;"GURINHATA";"Ausência de reação do condutor";"Tombamento";"Com Vítimas Feridas";"Plena Noite";"Decrescente";"Nublado";"Simples";"Reta";"Não";1;0;1;0;0;0;1;1;-18,924588;-49,856975;"SPRF-MG";"DEL15-MG";"UOP03-DEL15-MG"
548698;2023-09-14;"quinta-feira";"21:50:00";"RS";116;152,7;"CAXIAS DO SUL";"Manobra de mudança de faixa";"Colisão lateral mesmo sentido";"Com Vítimas Feridas";"Plena Noite";"Crescente";"Céu Claro";"Simples";"Curva";"Sim";3;0;1;0;2;0;1;3;-29,185614;-51,174265;"SPRF-RS";"DEL05-RS";"UOP01-DEL05-RS"
548699;2023-09-14;"quinta-feira";"21:00:00";"PR";369;137;"IBIPORA";"Modificação proibida";"Colisão transversal";"Com Vítimas Feridas";"Plena Noite";"Crescente";"Céu Claro";"Simples";"Reta";"Sim";2;0;2;0;0;0;2;2;-23,26818255;-51,03898936;"SPRF-PR";"DEL07-PR";"UOP01-DEL07-PR"
548700;2023-09-14;"quinta-feira";"20:40:00";"RJ";101;61;"CAMPOS DOS GOYTACAZES";"Acessar a via sem observar a presença dos outros veículos";"Colisão transversal";"Com Vítimas Feridas";"Plena Noite";"Crescente";"Nublado";"Simples";"Reta";"Sim";2;0;1;0;0;1;1;2;-21,72655788;-41,32133519;"SPRF-RJ";"DEL08-RJ";"UOP01-DEL08-RJ"
548703;2023-09-14;"quinta-feira";"22:30:00";"MG";262;365;"JUATUBA";"Animais na Pista";"Atropelamento de Animal";"Com Vítimas Feridas";"Plena Noite";"Crescente";"Céu Claro";"Dupla";"Reta";"Não";1;0;1;0;0;0;1;1;-19,98290644;-44,24492623;"SPRF-MG";"DEL01-MG";"UOP03-DEL01-MG"
548705;2023-09-14;"quinta-feira";"21:52:00";"RJ";101;262;"RIO BONITO";"Reação tardia ou ineficiente do condutor";"Saída de leito carroçável";"Com Vítimas Feridas";"Plena Noite";"Crescente";"Chuva";"Dupla";"Curva";"Sim";1;0;1;0;0;0;1;1;-22,7145587;-42,62162089;"SPRF-RJ";"DEL02-RJ";"UOP03-DEL02-RJ"
548707;2023-09-14;"quinta-feira";"22:30:00";"MG";262;365;"JUATUBA";"Animais na Pista";"Saída de leito carroçável";"Com Vítimas Feridas";"Plena Noite";"Crescente";"Chuva";"Dupla";"Reta";"Sim";1;0;1;0;0;0;1;1;-19,97856934;-44,25336717;"SPRF-MG";"DEL01-MG";"UOP03-DEL01-MG"
548710;2023-09-14;"quinta-feira";"23:30:00";"PE";232;395;"SERRA TALHADA";"Animais na Pista";"Atropelamento de Animal";"Com Vítimas Feridas";"Plena Noite";"Crescente";"Céu Claro";"Simples";"Declive";"Não";2;0;2;0;0;0;2;1;-8,02539353;-38,18345818;"SPRF-PE";"DEL04-PE";"UOP01-DEL04-PE"
548712;2023-09-15;"sexta-feira";"00:00:00";"RS";285;101;"MONTE ALEGRE DOS CAMPOS";"Reação tardia ou ineficiente do condutor";"Capotamento";"Com Vítimas Feridas";"Plena Noite";"Crescente";"Céu Claro";"Simples";"Reta";"Não";1;0;1;0;0;0;1;1;-28,570061;-50,779354;"SPRF-RS";"DEL05-RS";"UOP03-DEL05-RS"
548714;2023-09-15;"sexta-feira";"00:05:00";"PR";376;158,3;"MANDAGUACU";"Condutor deixou de manter distância do veículo da frente";"Colisão traseira";"Com Vítimas Feridas";"Plena Noite";"Decrescente";"Céu Claro";"Dupla";"Reta";"Não";3;0;3;0;0;0;3;2;-23,36169997;-52,08593395;"SPRF-PR";"DEL09-PR";"UOP01-DEL09-PR"
548715;2023-09-15;"sexta-feira";"02:00:00";"SC";101;133,6;"BALNEARIO CAMBORIU";"Acessar a via sem observar a presença dos outros veículos";"Tombamento";"Com Vítimas Feridas";"Plena Noite";"Decrescente";"Céu Claro";"Múltipla";"Reta";"Sim";1;0;1;0;0;0;1;1;-26,99936;-48,64609;"SPRF-SC";"DEL04-SC";"UOP03-DEL04-SC"
548717;2023-09-15;"sexta-feira";"03:45:00";"RJ";101;285;"ITABORAI";"Demais falhas mecânicas ou elétricas";"Incêndio";"Sem Vítimas";"Plena Noite";"Decrescente";"Garoa/Chuvisco";"Dupla";"Declive";"Não";1;0;0;0;1;0;0;1;-22,7498742;-42,81644087;"SPRF-RJ";"DEL02-RJ";"UOP02-DEL02-RJ"
548718;2023-09-15;"sexta-feira";"00:10:00";"PI";230;198;"OEIRAS";"Ausência de reação do condutor";"Saída de leito carroçável";"Com Vítimas Feridas";"Plena Noite";"Crescente";"Céu Claro";"Dupla";"Reta";"Sim";2;0;1;0;0;1;1;1;-7,013799;-42,135582;"SPRF-PI";"DEL04-PI";"UOP01-DEL04-PI"
548721;2023-09-15;"sexta-feira";"05:40:00";"RN";405;164;"RAFAEL FERNANDES";"Transitar na contramão";"Colisão frontal";"Com Vítimas Feridas";"Pleno dia";"Crescente";"Céu Claro";"Simples";"Reta";"Não";5;0;1;0;3;1;1;2;-6,22171893;-38,23789208;"SPRF-RN";"DEL04-RN";"UOP02-DEL04-RN"
548722;2023-09-15;"sexta-feira";"06:00:00";"RJ";116;81;"TERESOPOLIS";"Acessar a via sem observar a presença dos outros veículos";"Colisão transversal";"Com Vítimas Feridas";"Pleno dia";"Decrescente";"Céu Claro";"Simples";"Reta;Retorno Regulamentado";"Sim";2;0;1;0;1;0;1;2;-22,399089;-42,955197;"SPRF-RJ";"DEL04-RJ";"UOP01-DEL04-RJ"
548723;2023-09-15;"sexta-feira";"06:40:00";"PR";376;162,7;"MARINGA";"Ausência de reação do condutor";"Colisão lateral mesmo sentido";"Com Vítimas Feridas";"Pleno dia";"Crescente";"Céu Claro";"Dupla";"Reta";"Não";2;0;1;0;1;0;1;2;-23,37710685;-52,04510993;"SPRF-PR";"DEL09-PR";"UOP01-DEL09-PR"
548725;2023-09-15;"sexta-feira";"06:40:00";"RJ";393;256;"BARRA DO PIRAI";"Ausência de reação do condutor";"Saída de leito carroçável";"Com Vítimas Feridas";"Pleno dia";"Crescente";"Céu Claro";"Simples";"Reta";"Sim";1;0;0;1;0;0;1;1;-22,4534484;-43,80778895;"SPRF-RJ";"DEL05-RJ";"UOP04-DEL05-RJ"
548726;2023-09-15;"sexta-feira";"07:00:00";"RJ";116;199;"QUEIMADOS";"Acesso irregular";"Atropelamento de Pedestre";"Com Vítimas Feridas";"Pleno dia";"Crescente";"Céu Claro";"Dupla";"Reta";"Não";2;0;0;1;1;0;1;2;-22,72898648;-43,58452101;"SPRF-RJ";"DEL01-RJ";"UOP03-DEL01-RJ"
548727;2023-09-15;"sexta-feira";"07:00:00";"MG";40;526;"CONTAGEM";"Reação tardia ou ineficiente do condutor";"Colisão traseira";"Com Vítimas Feridas";"Pleno dia";"Crescente";"Nublado";"Dupla";"Reta";"Sim";3;0;3;0;0;0;3;2;-19,89255399;-44,04985478;"SPRF-MG";"DEL01-MG";"UOP02-DEL01-MG"
548728;2023-09-15;"sexta-feira";"05:30:00";"BA";242;867;"LUIS EDUARDO MAGALHAES";"Velocidade Incompatível";"Saída de leito carroçável";"Com Vítimas Feridas";"Pleno dia";"Decrescente";"Céu Claro";"Simples";"Reta";"Não";1;0;1;0;0;0;1;1;-12,07289558;-45,64956665;"SPRF-BA";"DEL10-BA";"UOP01-DEL10-BA"
548729;2023-09-15;"sexta-feira";"07:20:00";"BA";116;419,2;"FEIRA DE SANTANA";"Pedestre cruzava a pista fora da faixa";"Atropelamento de Pedestre";"Com Vítimas Feridas";"Pleno dia";"Crescente";"Céu Claro";"Dupla";"Reta";"Sim";2;0;1;0;1;0;1;2;-12,194529;-38,965336;"SPRF-BA";"DEL02-BA";"UOP01-DEL02-BA"
548730;2023-09-15;"sexta-feira";"07:20:00";"PB";230;159,1;"CAMPINA GRANDE";"Conversão proibida";"Colisão transversal";"Com Vítimas Feridas";"Pleno dia";"Crescente";"Céu Claro";"Simples";"Reta";"Sim";3;0;2;0;1;0;2;2;-7,252;-35,9334;"SPRF-PB";"DEL02-PB";"UOP01-DEL02-PB"
548732;2023-09-15;"sexta-feira";"07:35:00";"RS";285;292;"PASSO FUNDO";"Desrespeitar a preferência no cruzamento";"Colisão transversal";"Sem Vítimas";"Pleno dia";"Crescente";"Sol";"Dupla";"Rotatória";"Sim";2;0;0;0;2;0;0;2;-28,239017;-52,365276;"SPRF-RS";"DEL08-RS";"UOP03-DEL08-RS"
548733;2023-09-15;"sexta-feira";"06:20:00";"MS";376;123;"IVINHEMA";"Reação tardia ou ineficiente do condutor";"Tombamento";"Com Vítimas Feridas";"Amanhecer";"Crescente";"Céu Claro";"Simples";"Reta";"Não";1;0;1;0;0;0;1;1;-22,32375462;-53,79878587;"SPRF-MS";"DEL04-MS";"UOP04-DEL04-MS"
548734;2023-09-15;"sexta-feira";"06:30:00";"PR";277;690;"SAO MIGUEL DO IGUACU";"Ausência de reação do condutor";"Colisão transversal";"Com Vítimas Feridas";"Pleno dia";"Crescente";"Céu Claro";"Dupla";"Reta;Retorno Regulamentado";"Não";2;0;1;0;1;0;1;2;-25,3582673;-54,24527283;"SPRF-PR";"DEL05-PR";"UOP01-DEL05-PR"
548735;2023-09-15;"sexta-feira";"07:30:00";"RJ";116;171;"RIO DE JANEIRO";"Reação tardia ou ineficiente do condutor";"Colisão traseira";"Com Vítimas Feridas";"Pleno dia";"Decrescente";"Céu Claro";"Múltipla";"Reta";"Sim";2;0;1;0;1;0;1;2;-22,8060415;-43,34289573;"SPRF-RJ";"DEL01-RJ";"UOP02-DEL01-RJ"
548737;2023-09-15;"sexta-feira";"06:46:00";"PR";376;162;"MARINGA";"Condutor deixou de manter distância do veículo da frente";"Queda de ocupante de veículo";"Com Vítimas Feridas";"Amanhecer";"Crescente";"Céu Claro";"Dupla";"Declive";"Não";1;0;1;0;0;0;1;1;-23,371121;-52,059536;"SPRF-PR";"DEL09-PR";"UOP01-DEL09-PR"
548738;2023-09-15;"sexta-feira";"07:00:00";"SC";101;100;"BALNEARIO PICARRAS";"Ultrapassagem Indevida";"Colisão transversal";"Com Vítimas Feridas";"Amanhecer";"Decrescente";"Céu Claro";"Simples";"Interseção de Vias;Reta";"Não";2;0;1;0;1;0;1;2;-26,75482787;-48,68993675;"SPRF-SC";"DEL03-SC";"UOP02-DEL03-SC"
548739;2023-09-15;"sexta-feira";"08:00:00";"SC";101;209,4;"SAO JOSE";"Trafegar com motocicleta (ou similar) entre as faixas";"Colisão lateral mesmo sentido";"Com Vítimas Feridas";"Pleno dia";"Decrescente";"Céu Claro";"Múltipla";"Reta";"Não";3;0;2;0;1;0;2;2;-27,61000542;-48,63895057;"SPRF-SC";"DEL01-SC";"UOP01-DEL01-SC"
548740;2023-08-18;"sexta-feira";"17:00:00";"PR";277;72;"SAO JOSE DOS PINHAIS";"Frear bruscamente";"Colisão traseira";"Com Vítimas Feridas";"Pleno dia";"Crescente";"Céu Claro";"Dupla";"Reta";"Não";2;0;1;0;1;0;1;2;-25,52522628;-49,09755612;"SPRF-PR";"DEL01-PR";"UOP01-DEL01-PR"
548746;2023-09-15;"sexta-feira";"08:30:00";"AL";316;173;"IGACI";"Conversão proibida";"Colisão frontal";"Com Vítimas Feridas";"Pleno dia";"Decrescente";"Céu Claro";"Simples";"Reta";"Não";3;0;3;0;0;0;3;2;-9,531675;-36,532585;"SPRF-AL";"DEL03-AL";"UOP01-DEL03-AL"
548747;2023-09-15;"sexta-feira";"08:45:00";"PB";230;2;"CABEDELO";"Manobra de mudança de faixa";"Colisão lateral mesmo sentido";"Com Vítimas Feridas";"Pleno dia";"Crescente";"Céu Claro";"Simples";"Reta";"Sim";3;0;0;1;1;1;1;3;-6,9837;-34,8295;"SPRF-PB";"DEL01-PB";"UOP01-DEL01-PB"
548749;2023-09-15;"sexta-feira";"08:40:00";"SC";470;60;"BLUMENAU";"Acessar a via sem observar a presença dos outros veículos";"Colisão transversal";"Com Vítimas Feridas";"Pleno dia";"Crescente";"Céu Claro";"Simples";"Reta";"Não";2;0;1;0;1;0;1;2;-26,88138;-49,164543;"SPRF-SC";"DEL04-SC";"UOP01-DEL04-SC"
548750;2023-09-15;"sexta-feira";"08:40:00";"MG";40;728,1;"OLIVEIRA FORTES";"Chuva";"Colisão com objeto";"Com Vítimas Feridas";"Pleno dia";"Crescente";"Chuva";"Dupla";"Curva";"Não";2;0;1;0;1;0;1;1;-21,31842199;-43,58689599;"SPRF-MG";"DEL05-MG";"UOP01-DEL05-MG"
548752;2023-09-15;"sexta-feira";"08:30:00";"GO";153;507;"APARECIDA DE GOIANIA";"Condutor deixou de manter distância do veículo da frente";"Colisão traseira";"Com Vítimas Feridas";"Pleno dia";"Decrescente";"Céu Claro";"Múltipla";"Reta";"Sim";2;0;0;1;1;0;1;2;-16,7715;-49,2387;"SPRF-GO";"DEL01-GO";"UOP03-DEL01-GO"
548753;2023-09-14;"quinta-feira";"19:00:00";"BA";324;355;"CAPIM GROSSO";"Ingestão de álcool pelo condutor";"Colisão frontal";"Com Vítimas Feridas";"Plena Noite";"Decrescente";"Céu Claro";"Simples";"Reta";"Sim";5;0;4;0;1;0;4;2;-11,37365967;-40,00722582;"SPRF-BA";"DEL04-BA";"UOP02-DEL04-BA"
548754;2023-09-15;"sexta-feira";"09:00:00";"PE";232;79;"GRAVATA";"Avarias e/ou desgaste excessivo no pneu";"Colisão lateral mesmo sentido";"Sem Vítimas";"Pleno dia";"Decrescente";"Céu Claro";"Dupla";"Reta;Declive";"Sim";2;0;0;0;2;0;0;2;-8,19460572;-35,56074803;"SPRF-PE";"DEL02-PE";"UOP02-DEL02PE"
548756;2023-09-15;"sexta-feira";"09:30:00";"RS";116;96;"PORTO ALEGRE";"Condutor deixou de manter distância do veículo da frente";"Colisão traseira";"Com Vítimas Feridas";"Pleno dia";"Crescente";"Céu Claro";"Simples";"Reta";"Sim";2;0;1;0;1;0;1;2;-29,99521102;-51,20605767;"SPRF-RS";"DEL05-RS";"UOP01-DEL05-RS"
548758;2023-09-15;"sexta-feira";"08:15:00";"SP";116;563;"BARRA DO TURVO";"Reação tardia ou ineficiente do condutor";"Capotamento";"Com Vítimas Feridas";"Pleno dia";"Crescente";"Céu Claro";"Dupla";"Aclive;Curva";"Não";2;0;1;0;1;0;1;1;-25,02939642;-48,5286439;"SPRF-SP";"DEL05-SP";"UOP02-DEL05-SP"
548759;2023-09-15;"sexta-feira";"09:30:00";"SP";381;88;"GUARULHOS";"Ausência de reação do condutor";"Tombamento";"Com Vítimas Feridas";"Pleno dia";"Decrescente";"Céu Claro";"Múltipla";"Reta";"Sim";2;0;2;0;0;0;2;1;-23,47469314;-46,56112919;"SPRF-SP";"DEL03-SP";"UOP01-DEL03-SP"
548762;2023-09-15;"sexta-feira";"09:00:00";"PB";101;127;"CAAPORA";"Reação tardia ou ineficiente do condutor";"Engavetamento";"Com Vítimas Feridas";"Pleno dia";"Crescente";"Céu Claro";"Dupla";"Reta";"Sim";5;0;1;0;4;0;1;4;-7,49352627;-34,98332893;"SPRF-PB";"DEL01-PB";"UOP02-DEL01-PB"
548765;2023-09-15;"sexta-feira";"09:25:00";"MG";262;39;"MANHUACU";"Transitar no Acostamento";"Colisão transversal";"Com Vítimas Feridas";"Pleno dia";"Decrescente";"Nublado";"Simples";"Curva";"Sim";3;0;0;1;1;1;1;3;-20,27165802;-42,03950458;"SPRF-MG";"DEL06-MG";"UOP03-DEL06-MG"
548766;2023-09-15;"sexta-feira";"10:45:00";"MG";40;749;"SANTOS DUMONT";"Pista Escorregadia";"Colisão transversal";"Com Vítimas Feridas";"Pleno dia";"Crescente";"Garoa/Chuvisco";"Dupla";"Curva;Declive";"Não";5;0;1;0;4;0;1;3;-21,447874;-43,55738803;"SPRF-MG";"DEL05-MG";"UOP01-DEL05-MG"
548768;2023-09-15;"sexta-feira";"09:30:00";"SC";101;4;"ARARANGUA";"Acessar a via sem observar a presença dos outros veículos";"Colisão transversal";"Com Vítimas Feridas";"Pleno dia";"Decrescente";"Céu Claro";"Simples";"Interseção de Vias;Reta";"Sim";2;0;1;0;1;0;1;2;-28,94322777;-49,50194836;"SPRF-SC";"DEL02-SC";"UOP02-DEL02-SC"
548770;2023-09-15;"sexta-feira";"10:30:00";"GO";60;33;"ALEXANIA";"Manobra de mudança de faixa";"Engavetamento";"Sem Vítimas";"Pleno dia";"Decrescente";"Céu Claro";"Dupla";"Reta;Aclive";"Não";4;0;0;0;4;0;0;3;-16,0963;-48,5202;"SPRF-DF";"DEL03-DF";"UOP01-DEL03-DF"
548771;2023-09-15;"sexta-feira";"11:45:00";"ES";101;257,3;"SERRA";"Velocidade Incompatível";"Colisão traseira";"Com Vítimas Feridas";"Pleno dia";"Decrescente";"Nublado";"Dupla";"Rotatória";"Sim";2;0;1;1;0;0;2;2;-20,12455095;-40,30331881;"SPRF-ES";"DEL02-ES";"UOP01-DEL02-ES"
548774;2023-09-15;"sexta-feira";"11:27:00";"SP";116;269;"TABOAO DA SERRA";"Condutor desrespeitou a iluminação vermelha do semáforo";"Colisão transversal";"Com Vítimas Feridas";"Pleno dia";"Decrescente";"Céu Claro";"Múltipla";"Interseção de Vias;Reta";"Sim";3;0;1;1;1;0;2;2;-23,60868581;-46,75841331;"SPRF-SP";"DEL04-SP";"UOP01-DEL04-SP"
548775;2023-09-15;"sexta-feira";"06:00:00";"RJ";40;5;"COMENDADOR LEVY GASPARIAN";"Condutor Dormindo";"Colisão com objeto";"Com Vítimas Feridas";"Amanhecer";"Crescente";"Céu Claro";"Dupla";"Reta";"Não";2;0;0;1;1;0;1;1;-22,021647;-43,23788;"SPRF-RJ";"DEL05-RJ";"UOP02-DEL05-RJ"
548776;2023-09-15;"sexta-feira";"12:20:00";"GO";40;0,9;"VALPARAISO DE GOIAS";"Acessar a via sem observar a presença dos outros veículos";"Colisão transversal";"Com Vítimas Feridas";"Pleno dia";"Decrescente";"Céu Claro";"Simples";"Aclive;Interseção de Vias";"Sim";2;0;0;1;1;0;1;2;-16,058273;-47,982655;"SPRF-DF";"DEL01-DF";"UOP01-DEL01-DF"
548777;2023-09-15;"sexta-feira";"12:30:00";"RN";101;105;"PARNAMIRIM";"Ausência de reação do condutor";"Colisão traseira";"Com Vítimas Feridas";"Pleno dia";"Crescente";"Céu Claro";"Múltipla";"Reta";"Sim";2;0;0;1;1;0;1;2;-5,90165196;-35,25928517;"SPRF-RN";"DEL01-RN";"UOP01-DEL01-RN"
548778;2023-09-07;"quinta-feira";"07:55:00";"SP";101;45;"UBATUBA";"Velocidade Incompatível";"Colisão frontal";"Com Vítimas Fatais";"Pleno dia";"Decrescente";"Garoa/Chuvisco";"Simples";"Declive;Curva";"Sim";7;1;1;3;0;2;4;3;-23,41779396;-45,06788408;"SPRF-SP";"DEL06-SP";"UOP01-DEL06-SP"
548780;2023-09-15;"sexta-feira";"12:45:00";"BA";135;163;"BARREIRAS";"Avarias e/ou desgaste excessivo no pneu";"Saída de leito carroçável";"Com Vítimas Feridas";"Pleno dia";"Decrescente";"Céu Claro";"Simples";"Reta";"Não";3;0;3;0;0;0;3;1;-12,03181479;-44,95663949;"SPRF-BA";"DEL08-BA";"UOP04-DEL08-BA"
548781;2023-09-15;"sexta-feira";"12:50:00";"BA";101;719;"EUNAPOLIS";"Acessar a via sem observar a presença dos outros veículos";"Colisão transversal";"Com Vítimas Feridas";"Pleno dia";"Decrescente";"Céu Claro";"Simples";"Reta;Rotatória";"Sim";2;0;0;1;1;0;1;2;-16,38674668;-39,58637953;"SPRF-BA";"DEL09-BA";"UOP01-DEL09-BA"
548782;2023-09-15;"sexta-feira";"11:55:00";"PB";230;82,3;"CALDAS BRANDAO";"Conversão proibida";"Colisão lateral mesmo sentido";"Com Vítimas Feridas";"Pleno dia";"Decrescente";"Céu Claro";"Dupla";"Reta";"Sim";3;0;0;2;1;0;2;2;-7,1727;-35,3284;"SPRF-PB";"DEL01-PB";"UOP03-DEL01-PB"
548783;2023-09-14;"quinta-feira";"20:20:00";"SC";470;43,7;"GASPAR";"Reação tardia ou ineficiente do condutor";"Tombamento";"Com Vítimas Feridas";"Plena Noite";"Crescente";"Céu Claro";"Dupla";"Reta;Em Obras";"Não";1;0;1;0;0;0;1;1;-26,87135547;-49,01779002;"SPRF-SC";"DEL04-SC";"UOP01-DEL04-SC"
548785;2023-09-15;"sexta-feira";"13:20:00";"SP";101;50;"UBATUBA";"Reação tardia ou ineficiente do condutor";"Colisão traseira";"Sem Vítimas";"Pleno dia";"Crescente";"Nublado";"Simples";"Reta";"Sim";2;0;0;0;2;0;0;2;-23,45215131;-45,07551491;"SPRF-SP";"DEL06-SP";"UOP01-DEL06-SP"
548786;2023-09-15;"sexta-feira";"13:20:00";"RN";406;171;"SAO GONCALO DO AMARANTE";"Acessar a via sem observar a presença dos outros veículos";"Colisão traseira";"Com Vítimas Feridas";"Pleno dia";"Crescente";"Sol";"Dupla";"Reta";"Sim";4;0;4;0;0;0;4;2;-5,76172663;-35,29115323;"SPRF-RN";"DEL02-RN";"UOP01-DEL02-RN"
548787;2023-09-15;"sexta-feira";"12:01:00";"PR";376;160;"MARINGA";"Reação tardia ou ineficiente do condutor";"Saída de leito carroçável";"Com Vítimas Feridas";"Pleno dia";"Decrescente";"Céu Claro";"Dupla";"Reta";"Não";3;0;3;0;0;0;3;1;-23,36838484;-52,06572891;"SPRF-PR";"DEL09-PR";"UOP01-DEL09-PR"
548791;2023-09-15;"sexta-feira";"13:40:00";"TO";153;144,9;"ARAGUAINA";"Acessar a via sem observar a presença dos outros veículos";"Colisão transversal";"Com Vítimas Feridas";"Pleno dia";"Crescente";"Céu Claro";"Dupla";"Interseção de Vias;Reta";"Sim";2;0;1;0;1;0;1;2;-7,21337786;-48,24431331;"SPRF-TO";"DEL02-TO";"UOP01-DEL02-TO"
548794;2023-09-15;"sexta-feira";"13:55:00";"MG";116;374;"FREI INOCENCIO";"Retorno proibido";"Colisão transversal";"Com Vítimas Feridas";"Pleno dia";"Decrescente";"Céu Claro";"Simples";"Reta";"Sim";2;0;1;1;0;0;2;2;-18,566235;-41,907386;"SPRF-MG";"DEL11-MG";"UOP01-DEL11-MG"
548795;2023-09-15;"sexta-feira";"14:24:00";"RS";392;76,1;"PELOTAS";"Reação tardia ou ineficiente do condutor";"Colisão transversal";"Com Vítimas Feridas";"Pleno dia";"Decrescente";"Sol";"Simples";"Reta";"Não";5;0;4;0;1;0;4;2;-31,69748285;-52,42085591;"SPRF-RS";"DEL07-RS";"UOP01-DEL07-RS"
548796;2023-09-15;"sexta-feira";"13:40:00";"PR";376;176,9;"MARINGA";"Acessar a via sem observar a presença dos outros veículos";"Colisão transversal";"Com Vítimas Feridas";"Pleno dia";"Decrescente";"Céu Claro";"Múltipla";"Retorno Regulamentado;Reta";"Sim";3;0;0;1;1;1;1;3;-23,41574;-51,92327;"SPRF-PR";"DEL09-PR";"UOP01-DEL09-PR"
548799;2023-09-15;"sexta-feira";"12:45:00";"SC";101;206;"SAO JOSE";"Reação tardia ou ineficiente do condutor";"Tombamento";"Com Vítimas Feridas";"Pleno dia";"Crescente";"Céu Claro";"Múltipla";"Reta";"Sim";1;0;1;0;0;0;1;1;-27,58823948;-48,61678183;"SPRF-SC";"DEL01-SC";"UOP01-DEL01-SC"
548802;2023-09-15;"sexta-feira";"09:15:00";"RO";364;642;"CANDEIAS DO JAMARI";"Reação tardia ou ineficiente do condutor";"Tombamento";"Com Vítimas Feridas";"Pleno dia";"Crescente";"Céu Claro";"Simples";"Reta";"Sim";1;0;1;0;0;0;1;1;-8,99301696;-63,42231178;"SPRF-RO";"DEL01-RO";"UOP04-DEL01-RO"
548805;2023-09-15;"sexta-feira";"09:00:00";"RO";174;13;"VILHENA";"Desrespeitar a preferência no cruzamento";"Colisão transversal";"Com Vítimas Feridas";"Pleno dia";"Crescente";"Céu Claro";"Dupla";"Reta";"Sim";2;0;1;0;1;0;1;2;-12,73626702;-60,13072372;"SPRF-RO";"DEL04-RO";"UOP01-DEL04-RO"
548806;2023-09-03;"domingo";"19:30:00";"MS";163;261;"DOURADOS";"Iluminação deficiente";"Tombamento";"Com Vítimas Feridas";"Plena Noite";"Crescente";"Céu Claro";"Dupla";"Reta";"Não";1;0;1;0;0;0;1;1;-22,23864271;-54,76552912;"SPRF-MS";"DEL04-MS";"UOP01-DEL04-MS"
548807;2023-09-15;"sexta-feira";"08:15:00";"RJ";101;316;"SAO GONCALO";"Demais falhas mecânicas ou elétricas";"Queda de ocupante de veículo";"Com Vítimas Feridas";"Pleno dia";"Crescente";"Céu Claro";"Simples";"Reta";"Sim";2;0;2;0;0;0;2;1;-22,82835879;-43,09208739;"SPRF-RJ";"DEL02-RJ";"UOP02-DEL02-RJ"
548808;2023-09-15;"sexta-feira";"14:10:00";"MG";40;747,6;"SANTOS DUMONT";"Chuva";"Saída de leito carroçável";"Com Vítimas Feridas";"Pleno dia";"Crescente";"Chuva";"Simples";"Curva";"Não";1;0;1;0;0;0;1;1;-21,4328731;-43,55221915;"SPRF-MG";"DEL05-MG";"UOP01-DEL05-MG"
548809;2023-09-15;"sexta-feira";"14:50:00";"RS";386;215,8;"TIO HUGO";"Manobra de mudança de faixa";"Colisão lateral mesmo sentido";"Com Vítimas Feridas";"Pleno dia";"Decrescente";"Sol";"Simples";"Aclive;Reta";"Sim";3;0;2;0;1;0;2;2;-28,57666;-52,596031;"SPRF-RS";"DEL04-RS";"UOP03-DEL04-RS"
548810;2023-09-15;"sexta-feira";"13:50:00";"SE";235;46,9;"ITABAIANA";"Condutor deixou de manter distância do veículo da frente";"Colisão traseira";"Com Vítimas Feridas";"Pleno dia";"Crescente";"Céu Claro";"Simples";"Aclive;Reta";"Sim";3;0;0;2;1;0;2;2;-10,739394;-37,405602;"SPRF-SE";"DEL01-SE";"UOP02-DEL01-SE"
548813;2023-09-15;"sexta-feira";"14:15:00";"SC";470;70,5;"INDAIAL";"Conversão proibida";"Colisão transversal";"Com Vítimas Feridas";"Pleno dia";"Decrescente";"Céu Claro";"Simples";"Reta;Em Obras";"Sim";3;0;2;1;0;0;3;2;-26,89255291;-49,25872564;"SPRF-SC";"DEL04-SC";"UOP01-DEL04-SC"
548814;2023-09-15;"sexta-feira";"12:00:00";"MG";116;645,5;"FERVEDOURO";"Acessar a via sem observar a presença dos outros veículos";"Colisão transversal";"Com Vítimas Feridas";"Pleno dia";"Decrescente";"Céu Claro";"Simples";"Curva";"Não";2;0;1;0;1;0;1;2;-20,6788531;-42,27154792;"SPRF-MG";"DEL07-MG";"UOP02-DEL07-MG"