"id";"data_inversa";"dia_semana";"horario";"uf";"br";"km";"municipio";"causa_acidente";"tipo_acidente";"classificacao_acidente";"fase_dia";"sentido_via";"condicao_metereologica";"tipo_pista";"tracado_via";"uso_solo";"pessoas";"mortos";"feridos_leves";"feridos_graves";"ilesos";"ignorados";"feridos";"veiculos";"latitude";"longitude";"regional";"delegacia";"uop"
548815;2023-09-15;"sexta-feira";"15:00:00";"SC";101;276;"IMBITUBA";"Reação tardia ou ineficiente do condutor";"Tombamento";"Com Vítimas Feridas";"Pleno dia";"Decrescente";"Céu Claro";"Simples";"Reta;Interseção de Vias";"Não";1;0;0;1;0;0;1;1;-28,15728836;-48,69260788;"SPRF-SC";"DEL02-SC";"UOP03-DEL02-SC"
548817;2023-08-27;"domingo";"07:10:00";"DF";80;9;"BRASILIA";"Acessar a via sem observar a presença dos outros veículos";"Colisão transversal";"Com Vítimas Feridas";"Pleno dia";"Decrescente";"Céu Claro";"Simples";"Reta";"Sim";2;0;1;0;0;1;1;2;-15,731064;-48,159393;"SPRF-DF";"DEL03-DF";"UOP02-DEL03-DF"
548818;2023-09-15;"sexta-feira";"13:20:00";"MG";50;145,7;"UBERABA";"Ausência de reação do condutor";"Colisão com objeto";"Com Vítimas Feridas";"Pleno dia";"Crescente";"Céu Claro";"Dupla";"Reta";"Não";2;0;1;0;1;0;1;1;-19,51997196;-48,03997088;"SPRF-MG";"DEL13-MG";"UOP01-DEL13-MG"
548821;2023-09-15;"sexta-feira";"14:46:00";"RS";290;62,5;"GRAVATAI";"Ausência de reação do condutor";"Colisão com objeto";"Com Vítimas Feridas";"Pleno dia";"Crescente";"Céu Claro";"Múltipla";"Reta";"Não";5;0;4;1;0;0;5;1;-29,932089;-50,877304;"SPRF-RS";"DEL03-RS";"UOP01-DEL03-RS"
548822;2023-09-15;"sexta-feira";"13:10:00";"MT";70;279;"PRIMAVERA DO LESTE";"Ultrapassagem Indevida";"Colisão lateral mesmo sentido";"Com Vítimas Feridas";"Pleno dia";"Crescente";"Céu Claro";"Simples";"Reta";"Sim";2;0;1;0;1;0;1;2;-15,5590689;-54,28878402;"SPRF-MT";"DEL05-MT";"UOP01-DEL05-MT"
548825;2023-09-15;"sexta-feira";"15:50:00";"RS";285;294;"PASSO FUNDO";"Transitar na contramão";"Colisão lateral sentido oposto";"Com Vítimas Feridas";"Pleno dia";"Decrescente";"Sol";"Simples";"Reta";"Sim";2;0;1;0;1;0;1;2;-28,234547;-52,384975;"SPRF-RS";"DEL08-RS";"UOP03-DEL08-RS"
548826;2023-09-15;"sexta-feira";"15:40:00";"MG";381;494,8;"BETIM";"Demais falhas mecânicas ou elétricas";"Queda de ocupante de veículo";"Com Vítimas Feridas";"Pleno dia";"Crescente";"Céu Claro";"Dupla";"Reta";"Não";2;0;2;0;0;0;2;1;-19,985563;-44,20318;"SPRF-MG";"DEL04-MG";"UOP03-DEL04-MG"
548828;2023-04-03;"segunda-feira";"13:00:00";"RJ";101;436,8;"MANGARATIBA";"Velocidade Incompatível";"Tombamento";"Com Vítimas Fatais";"Pleno dia";"Crescente";"Céu Claro";"Simples";"Curva";"Não";4;1;1;0;2;0;1;2;-22,94335387;-44,06046308;"SPRF-RJ";"DEL03-RJ";"UOP02-DEL03-RJ"
548829;2023-09-15;"sexta-feira";"16:30:00";"SP";116;229;"GUARULHOS";"Reação tardia ou ineficiente do condutor";"Colisão traseira";"Com Vítimas Feridas";"Pleno dia";"Crescente";"Céu Claro";"Múltipla";"Reta";"Não";2;0;1;0;1;0;1;2;-23,51291902;-46,57604698;"SPRF-SP";"DEL01-SP";"UOP01-DEL01-SP"
548830;2023-09-15;"sexta-feira";"13:30:00";"MS";60;409;"SIDROLANDIA";"Demais falhas mecânicas ou elétricas";"Incêndio";"Sem Vítimas";"Pleno dia";"Crescente";"Céu Claro";"Simples";"Reta";"Não";5;0;0;0;5;0;0;1;-20,87525613;-54,82603469;"SPRF-MS";"DEL01-MS";"UOP04-DEL01-MS"
548831;2023-09-15;"sexta-feira";"16:35:00";"GO";153;509,9;"APARECIDA DE GOIANIA";"Avarias e/ou desgaste excessivo no pneu";"Queda de ocupante de veículo";"Com Vítimas Feridas";"Pleno dia";"Decrescente";"Céu Claro";"Dupla";"Declive";"Sim";2;0;2;0;0;0;2;1;-16,7888;-49,2379;"SPRF-GO";"DEL01-GO";"UOP03-DEL01-GO"
548833;2023-09-15;"sexta-feira";"16:20:00";"SC";282;213,7;"LAGES";"Acessar a via sem observar a presença dos outros veículos";"Colisão lateral mesmo sentido";"Sem Vítimas";"Pleno dia";"Crescente";"Céu Claro";"Simples";"Interseção de Vias;Reta";"Sim";2;0;0;0;1;1;0;2;-27,785299;-50,261921;"SPRF-SC";"DEL05-SC";"UOP01-DEL05-SC"
548837;2023-09-15;"sexta-feira";"14:10:00";"RJ";101;331;"RIO DE JANEIRO";"Condutor deixou de manter distância do veículo da frente";"Colisão traseira";"Com Vítimas Feridas";"Pleno dia";"Decrescente";"Garoa/Chuvisco";"Múltipla";"Reta";"Não";2;0;1;0;1;0;1;2;-22,867662;-43,195337;"SPRF-RJ";"DEL02-RJ";"UOP01-DEL02-RJ"
548838;2023-09-15;"sexta-feira";"14:45:00";"SC";280;126;"RIO NEGRINHO";"Ausência de reação do condutor";"Colisão traseira";"Com Vítimas Feridas";"Pleno dia";"Decrescente";"Céu Claro";"Simples";"Reta";"Não";3;0;1;0;2;0;1;2;-26,23779604;-49,49427399;"SPRF-SC";"DEL06-SC";"UOP03-DEL06-SC"
548839;2023-09-15;"sexta-feira";"17:15:00";"MG";381;893,2;"CAMBUI";"Ausência de reação do condutor";"Colisão traseira";"Com Vítimas Feridas";"Pleno dia";"Decrescente";"Céu Claro";"Dupla";"Reta";"Não";5;0;1;0;4;0;1;2;-22,6103125;-46,0623465;"SPRF-MG";"DEL16-MG";"UOP03-DEL16-MG"
548840;2023-09-15;"sexta-feira";"17:40:00";"RJ";116;178;"SAO JOAO DE MERITI";"Ultrapassagem Indevida";"Queda de ocupante de veículo";"Com Vítimas Feridas";"Anoitecer";"Decrescente";"Chuva";"Dupla";"Reta";"Sim";2;0;1;0;1;0;1;1;-22,774963926;-43,4008146465;"SPRF-RJ";"DEL01-RJ";"UOP02-DEL01-RJ"
548841;2023-09-15;"sexta-feira";"16:00:00";"SC";101;102,9;"BALNEARIO PICARRAS";"Reação tardia ou ineficiente do condutor";"Colisão com objeto";"Com Vítimas Feridas";"Pleno dia";"Crescente";"Céu Claro";"Dupla";"Reta;Aclive";"Não";3;0;1;0;2;0;1;2;-26,7832381;-48,68314632;"SPRF-SC";"DEL03-SC";"UOP02-DEL03-SC"
548842;2023-09-15;"sexta-feira";"17:10:00";"SC";101;146;"ITAPEMA";"Reação tardia ou ineficiente do condutor";"Colisão traseira";"Sem Vítimas";"Pleno dia";"Decrescente";"Céu Claro";"Dupla";"Reta";"Sim";2;0;0;0;2;0;0;2;-27,08666525;-48,60955587;"SPRF-SC";"DEL04-SC";"UOP03-DEL04-SC"
548844;2023-09-15;"sexta-feira";"08:00:00";"AM";174;959;"MANAUS";"Condutor Dormindo";"Saída de leito carroçável";"Sem Vítimas";"Pleno dia";"Crescente";"Nublado";"Simples";"Reta";"Não";1;0;0;0;0;1;0;1;-2,31941605;-60,04638457;"SPRF-AM";"DEL01-AM";"UOP01-DEL01-AM"
548845;2023-09-15;"sexta-feira";"17:30:00";"RS";101;46,2;"TERRA DE AREIA";"Acessar a via sem observar a presença dos outros veículos";"Colisão transversal";"Com Vítimas Feridas";"Pleno dia";"Decrescente";"Sol";"Simples";"Interseção de Vias";"Sim";2;0;1;0;1;0;1;2;-29,57664003;-50,06327396;"SPRF-RS";"DEL03-RS";"UOP02-DEL03-RS"
548846;2023-09-15;"sexta-feira";"16:30:00";"MS";163;176;"JUTI";"Ingestão de álcool pelo condutor";"Tombamento";"Com Vítimas Feridas";"Pleno dia";"Crescente";"Céu Claro";"Simples";"Reta;Aclive";"Não";2;0;2;0;0;0;2;1;-22,85265558;-54,64650283;"SPRF-MS";"DEL09-MS";"UOP01-DEL09-MS"
548847;2023-09-15;"sexta-feira";"17:20:00";"RS";470;177,9;"VERANOPOLIS";"Transitar na contramão";"Colisão frontal";"Com Vítimas Feridas";"Pleno dia";"Decrescente";"Sol";"Simples";"Reta;Interseção de Vias";"Sim";3;0;2;0;1;0;2;2;-28,94253;-51,550451;"SPRF-RS";"DEL06-RS";"UOP02-DEL06-RS"
548848;2023-09-15;"sexta-feira";"17:30:00";"MG";381;500;"BETIM";"Transitar no Acostamento";"Atropelamento de Pedestre";"Com Vítimas Feridas";"Pleno dia";"Decrescente";"Nublado";"Dupla";"Aclive;Reta";"Sim";2;0;1;0;0;1;1;2;-20,02513493;-44,23112709;"SPRF-MG";"DEL04-MG";"UOP03-DEL04-MG"
548849;2023-09-15;"sexta-feira";"16:00:00";"MG";365;23,3;"MONTES CLAROS";"Velocidade Incompatível";"Saída de leito carroçável";"Com Vítimas Feridas";"Pleno dia";"Decrescente";"Chuva";"Simples";"Reta";"Não";5;0;3;0;2;0;3;1;-16,85762832;-44,04286812;"SPRF-MG";"DEL12-MG";"UOP01-DEL12-MG"
548850;2023-09-15;"sexta-feira";"17:25:00";"PR";116;116;"CURITIBA";"Ausência de reação do condutor";"Tombamento";"Com Vítimas Feridas";"Pleno dia";"Decrescente";"Céu Claro";"Dupla";"Reta";"Sim";2;0;1;0;1;0;1;1;-25,55468195;-49,27402397;"SPRF-PR";"DEL01-PR";"UOP03-DEL01-PR"
548851;2023-09-15;"sexta-feira";"17:20:00";"PR";369;156;"LONDRINA";"Reação tardia ou ineficiente do condutor";"Colisão com objeto";"Com Vítimas Feridas";"Pleno dia";"Crescente";"Céu Claro";"Dupla";"Reta";"Sim";1;0;1;0;0;0;1;1;-23,291325;-51,217372;"SPRF-PR";"DEL07-PR";"UOP01-DEL07-PR"
548853;2023-09-15;"sexta-feira";"18:02:00";"ES";101;262;"SERRA";"Condutor deixou de manter distância do veículo da frente";"Engavetamento";"Com Vítimas Feridas";"Plena Noite";"Crescente";"Céu Claro";"Simples";"Declive;Reta";"Sim";5;0;1;0;3;1;1;5;-20,1572331;-40,27678329;"SPRF-ES";"DEL02-ES";"UOP01-DEL02-ES"
548855;2023-09-15;"sexta-feira";"17:40:00";"RJ";101;484;"ANGRA DOS REIS";"Condutor deixou de manter distância do veículo da frente";"Colisão traseira";"Com Vítimas Feridas";"Anoitecer";"Crescente";"Chuva";"Simples";"Reta;Declive";"Sim";3;0;2;0;1;0;2;2;-22,99096308;-44,30429882;"SPRF-RJ";"DEL03-RJ";"UOP03-DEL03-RJ"
548856;2023-09-15;"sexta-feira";"16:44:00";"MT";364;300,9;"JACIARA";"Reação tardia ou ineficiente do condutor";"Saída de leito carroçável";"Com Vítimas Feridas";"Anoitecer";"Decrescente";"Ignorado";"Dupla";"Reta";"Não";1;0;1;0;0;0;1;1;-15,84205454;-55,15336269;"SPRF-MT";"DEL05-MT";"UOP02-DEL05-MT"
548859;2023-09-15;"sexta-feira";"18:30:00";"MG";40;522,5;"CONTAGEM";"Manobra de mudança de faixa";"Colisão lateral mesmo sentido";"Com Vítimas Feridas";"Anoitecer";"Decrescente";"Céu Claro";"Dupla";"Reta";"Não";2;0;0;1;1;0;1;2;-19,86849586;-44,06007886;"SPRF-MG";"DEL01-MG";"UOP02-DEL01-MG"
548860;2023-09-15;"sexta-feira";"18:30:00";"ES";101;268;"SERRA";"Condutor desrespeitou a iluminação vermelha do semáforo";"Atropelamento de Pedestre";"Com Vítimas Feridas";"Plena Noite";"Crescente";"Nublado";"Múltipla";"Reta";"Sim";2;0;1;0;0;1;1;2;-20,20842;-40,269405;"SPRF-ES";"DEL02-ES";"UOP01-DEL02-ES"
548861;2023-09-15;"sexta-feira";"18:00:00";"SC";282;2,8;"FLORIANOPOLIS";"Trafegar com motocicleta (ou similar) entre as faixas";"Colisão lateral mesmo sentido";"Com Vítimas Feridas";"Plena Noite";"Crescente";"Céu Claro";"Múltipla";"Reta";"Sim";2;0;1;0;1;0;1;2;-27,603289;-48,590416;"SPRF-SC";"DEL01-SC";"UOP01-DEL01-SC"
548862;2023-09-15;"sexta-feira";"18:40:00";"SP";116;230;"SAO PAULO";"Manobra de mudança de faixa";"Colisão traseira";"Com Vítimas Feridas";"Plena Noite";"Decrescente";"Céu Claro";"Múltipla";"Reta";"Sim";2;0;1;0;0;1;1;2;-23,52251783;-46,5855702;"SPRF-SP";"DEL01-SP";"UOP01-DEL01-SP"
548863;2023-09-15;"sexta-feira";"15:20:00";"RJ";116;213;"SEROPEDICA";"Avarias e/ou desgaste excessivo no pneu";"Queda de ocupante de veículo";"Com Vítimas Feridas";"Pleno dia";"Crescente";"Chuva";"Dupla";"Reta";"Sim";2;0;1;0;1;0;1;1;-22,713438;-43,734085;"SPRF-RJ";"DEL01-RJ";"UOP03-DEL01-RJ"
548865;2023-09-15;"sexta-feira";"15:40:00";"MG";50;62;"UBERLANDIA";"Desrespeitar a preferência no cruzamento";"Colisão transversal";"Com Vítimas Feridas";"Pleno dia";"Decrescente";"Céu Claro";"Simples";"Reta";"Sim";2;0;1;0;1;0;1;2;-18,87916;-48,26179;"SPRF-MG";"DEL15-MG";"UOP02-DEL15-MG"
548866;2023-09-15;"sexta-feira";"18:44:00";"PR";116;118;"CURITIBA";"Ausência de reação do condutor";"Colisão traseira";"Com Vítimas Feridas";"Anoitecer";"Decrescente";"Céu Claro";"Dupla";"Reta";"Não";2;0;0;1;1;0;1;2;-25,56692429;-49,30974126;"SPRF-PR";"DEL01-PR";"UOP03-DEL01-PR"
548867;2023-09-15;"sexta-feira";"17:30:00";"PR";376;495,5;"PONTA GROSSA";"Ausência de reação do condutor";"Queda de ocupante de veículo";"Com Vítimas Feridas";"Anoitecer";"Crescente";"Céu Claro";"Dupla";"Reta";"Não";2;0;0;2;0;0;2;1;-25,17134586;-50,1084609;"SPRF-PR";"DEL03-PR";"UOP04-DEL03-PR"
548869;2023-09-15;"sexta-feira";"18:30:00";"TO";10;454;"PALMAS";"Ausência de reação do condutor";"Atropelamento de Pedestre";"Com Vítimas Feridas";"Plena Noite";"Crescente";"Céu Claro";"Múltipla";"Curva";"Sim";3;0;0;1;0;2;1;3;-10,22066983;-48,16302307;"SPRF-TO";"DEL01-TO";"UOP03-DEL01-TO"
548870;2023-09-15;"sexta-feira";"18:25:00";"SC";101;134;"BALNEARIO CAMBORIU";"Demais falhas mecânicas ou elétricas";"Tombamento";"Com Vítimas Feridas";"Plena Noite";"Crescente";"Céu Claro";"Simples";"Reta";"Sim";2;0;1;1;0;0;2;1;-27,00218;-48,636433;"SPRF-SC";"DEL04-SC";"UOP03-DEL04-SC"
548871;2023-09-15;"sexta-feira";"19:40:00";"PE";101;65,2;"RECIFE";"Reação tardia ou ineficiente do condutor";"Colisão traseira";"Com Vítimas Feridas";"Plena Noite";"Decrescente";"Céu Claro";"Dupla";"Reta";"Sim";3;0;1;0;2;0;1;2;-8,026755;-34,942971;"SPRF-PE";"DEL01-PE";"UOP01-DEL01-PE"
548872;2023-09-15;"sexta-feira";"18:50:00";"RN";304;303;"MACAIBA";"Manobra de mudança de faixa";"Colisão traseira";"Com Vítimas Feridas";"Plena Noite";"Decrescente";"Céu Claro";"Dupla";"Reta";"Não";4;0;2;0;2;0;2;2;-5,881863;-35,290307;"SPRF-RN";"DEL01-RN";"UOP02-DEL01-RN"
548873;2023-09-15;"sexta-feira";"18:40:00";"PB";230;171;"CAMPINA GRANDE";"Manobra de mudança de faixa";"Colisão frontal";"Com Vítimas Feridas";"Plena Noite";"Crescente";"Céu Claro";"Simples";"Reta";"Não";2;0;1;0;0;1;1;2;-7,18;-35,9938;"SPRF-PB";"DEL02-PB";"UOP02-DEL02-PB"
548874;2023-09-15;"sexta-feira";"18:30:00";"SP";116;103,4;"TAUBATE";"Velocidade Incompatível";"Engavetamento";"Com Vítimas Feridas";"Plena Noite";"Crescente";"Céu Claro";"Dupla";"Aclive";"Não";3;0;1;0;2;0;1;3;-22,99919465;-45,49788917;"SPRF-SP";"DEL02-SP";"UOP02-DEL02-SP"
548875;2023-09-15;"sexta-feira";"19:30:00";"PR";369;173;"ROLANDIA";"Desrespeitar a preferência no cruzamento";"Colisão transversal";"Com Vítimas Feridas";"Plena Noite";"Decrescente";"Céu Claro";"Simples";"Interseção de Vias";"Sim";2;0;2;0;0;0;2;2;-23,3153922;-51,37591575;"SPRF-PR";"DEL07-PR";"UOP01-DEL07-PR"
548879;2023-09-15;"sexta-feira";"18:30:00";"BA";116;799,2;"VITORIA DA CONQUISTA";"Animais na Pista";"Queda de ocupante de veículo";"Com Vítimas Feridas";"Plena Noite";"Decrescente";"Céu Claro";"Simples";"Reta";"Não";2;0;2;0;0;0;2;1;-14,70513312;-40,59188194;"SPRF-BA";"DEL08-BA";"UOP02-DEL08-BA"
548881;2023-09-15;"sexta-feira";"19:05:00";"PR";369;502,2;"CORBELIA";"Velocidade Incompatível";"Colisão lateral mesmo sentido";"Com Vítimas Feridas";"Plena Noite";"Crescente";"Céu Claro";"Dupla";"Declive;Reta";"Não";3;0;1;1;1;0;2;2;-24,8065595;-53,29264355;"SPRF-PR";"DEL04-PR";"UOP03-DEL04-PR"
548882;2023-09-12;"terça-feira";"11:02:00";"PA";163;637;"TRAIRAO";"Velocidade Incompatível";"Tombamento";"Com Vítimas Feridas";"Pleno dia";"Decrescente";"Céu Claro";"Simples";"Reta";"Não";1;0;1;0;0;0;1;1;-4,61449791;-55,9456811;"SPRF-PA";"DEL05-PA";"UOP02-DEL05-PA"
548883;2023-09-15;"sexta-feira";"19:00:00";"DF";20;16;"BRASILIA";"Ingestão de álcool pelo condutor";"Colisão traseira";"Sem Vítimas";"Pleno dia";"Decrescente";"Céu Claro";"Dupla";"Reta;Declive";"Sim";3;0;0;0;3;0;0;2;-15,625675;-47,725159;"SPRF-DF";"DEL02-DF";"UOP01-DEL02-DF"
548884;2023-09-15;"sexta-feira";"19:40:00";"RS";158;326;"SANTA MARIA";"Ausência de reação do condutor";"Colisão traseira";"Com Vítimas Feridas";"Plena Noite";"Crescente";"Céu Claro";"Simples";"Reta;Em Obras;Interseção de Vias";"Sim";4;0;0;1;3;0;1;2;-29,71349453;-53,81541252;"SPRF-RS";"DEL09-RS";"UOP01-DEL09-RS"
548885;2023-09-15;"sexta-feira";"19:10:00";"ES";262;84,5;"DOMINGOS MARTINS";"Retorno proibido";"Colisão transversal";"Com Vítimas Feridas";"Plena Noite";"Crescente";"Nublado";"Simples";"Aclive;Reta";"Não";2;0;1;0;0;1;1;2;-20,40386535;-40,97556717;"SPRF-ES";"DEL01-ES";"UOP02-DEL01-ES"
548886;2023-09-15;"sexta-feira";"18:30:00";"MA";135;3;"SAO LUIS";"Reação tardia ou ineficiente do condutor";"Colisão transversal";"Com Vítimas Feridas";"Plena Noite";"Decrescente";"Céu Claro";"Dupla";"Reta";"Sim";3;0;2;0;1;0;2;2;-2,606802;-44,247512;"SPRF-MA";"DEL01-MA";"UOP01-DEL01-MA"
548888;2023-09-15;"sexta-feira";"17:30:00";"RO";364;426,3;"JARU";"Velocidade Incompatível";"Colisão traseira";"Com Vítimas Feridas";"Anoitecer";"Crescente";"Chuva";"Simples";"Reta";"Sim";2;0;1;0;1;0;1;2;-10,43079662;-62,48187661;"SPRF-RO";"DEL03-RO";"UOP02-DEL03-RO"
548891;2023-09-15;"sexta-feira";"20:30:00";"MA";135;2;"SAO LUIS";"Condutor deixou de manter distância do veículo da frente";"Colisão traseira";"Com Vítimas Feridas";"Plena Noite";"Decrescente";"Céu Claro";"Dupla";"Reta";"Não";2;0;1;0;1;0;1;2;-2,59806699;-44,24573511;"SPRF-MA";"DEL01-MA";"UOP01-DEL01-MA"
548892;2023-09-15;"sexta-feira";"19:40:00";"GO";50;200;"CAMPO ALEGRE DE GOIAS";"Ausência de reação do condutor";"Colisão com objeto";"Sem Vítimas";"Plena Noite";"Crescente";"Céu Claro";"Dupla";"Reta";"Não";1;0;0;0;1;0;0;1;-17,5796;-47,8193;"SPRF-GO";"DEL06-GO";"UOP01-DEL06-GO"
548893;2023-09-15;"sexta-feira";"20:30:00";"RJ";40;108;"DUQUE DE CAXIAS";"Condutor deixou de manter distância do veículo da frente";"Colisão traseira";"Com Vítimas Feridas";"Plena Noite";"Crescente";"Chuva";"Dupla";"Reta";"Não";2;0;1;0;1;0;1;2;-22,66476979;-43,28495144;"SPRF-RJ";"DEL01-RJ";"UOP01-DEL01-RJ"
548894;2023-09-15;"sexta-feira";"20:45:00";"PR";369;446,7;"UBIRATA";"Velocidade Incompatível";"Colisão traseira";"Sem Vítimas";"Plena Noite";"Decrescente";"Céu Claro";"Simples";"Reta";"Não";4;0;0;0;2;2;0;3;-24,5543;-52,9553;"SPRF-PR";"DEL04-PR";"UOP03-DEL04-PR"
548895;2023-09-15;"sexta-feira";"21:00:00";"SC";470;52;"BLUMENAU";"Acessar a via sem observar a presença dos outros veículos";"Colisão transversal";"Sem Vítimas";"Plena Noite";"Decrescente";"Céu Claro";"Simples";"Reta;Interseção de Vias";"Sim";18;0;0;0;18;0;0;2;-26,862286;-49,093903;"SPRF-SC";"DEL04-SC";"UOP01-DEL04-SC"
548896;2023-09-15;"sexta-feira";"18:20:00";"RJ";116;258;"PINHEIRAL";"Ausência de reação do condutor";"Colisão frontal";"Com Vítimas Feridas";"Anoitecer";"Crescente";"Nublado";"Dupla";"Retorno Regulamentado";"Não";3;0;2;0;1;0;2;2;-22,58138777;-44,02160689;"SPRF-RJ";"DEL07-RJ";"UOP02-DEL07-RJ"
548897;2023-09-15;"sexta-feira";"21:00:00";"RJ";116;300,4;"PORTO REAL";"Ausência de reação do condutor";"Tombamento";"Com Vítimas Feridas";"Plena Noite";"Decrescente";"Nublado";"Dupla";"Reta";"Não";1;0;0;1;0;0;1;1;-22,45085557;-44,33824539;"SPRF-RJ";"DEL07-RJ";"UOP02-DEL07-RJ"
548898;2023-09-15;"sexta-feira";"20:20:00";"MG";262;357;"BETIM";"Manobra de mudança de faixa";"Colisão traseira";"Com Vítimas Feridas";"Plena Noite";"Crescente";"Céu Claro";"Dupla";"Reta";"Não";2;0;1;0;1;0;1;2;-19,97470835;-44,18804897;"SPRF-MG";"DEL01-MG";"UOP03-DEL01-MG"
548900;2023-09-15;"sexta-feira";"19:30:00";"RJ";116;1;"SAPUCAIA";"Ingestão de álcool ou de substâncias psicoativas pelo pedestre";"Atropelamento de Pedestre";"Com Vítimas Feridas";"Plena Noite";"Crescente";"Chuva";"Simples";"Reta";"Sim";2;0;1;0;1;0;1;2;-21,87743576;-42,67292698;"SPRF-RJ";"DEL05-RJ";"UOP01-DEL05-RJ"
548901;2023-09-15;"sexta-feira";"20:52:00";"MA";10;155;"PORTO FRANCO";"Desrespeitar a preferência no cruzamento";"Colisão transversal";"Sem Vítimas";"Plena Noite";"Crescente";"Céu Claro";"Simples";"Rotatória;Reta";"Sim";2;0;0;0;2;0;0;2;-6,364955;-47,378895;"SPRF-MA";"DEL04-MA";"UOP02-DEL04-MA"
548903;2023-09-15;"sexta-feira";"21:30:00";"PB";230;137;"CAMPINA GRANDE";"Condutor deixou de manter distância do veículo da frente";"Colisão traseira";"Sem Vítimas";"Plena Noite";"Crescente";"Céu Claro";"Dupla";"Reta";"Não";2;0;0;0;1;1;0;2;-7,2766;-35,7739;"SPRF-PB";"DEL02-PB";"UOP01-DEL02-PB"
548904;2023-09-15;"sexta-feira";"18:35:00";"PI";230;196;"OEIRAS";"Animais na Pista";"Atropelamento de Animal";"Com Vítimas Feridas";"Plena Noite";"Decrescente";"Céu Claro";"Simples";"Reta";"Sim";1;0;0;1;0;0;1;1;-7,00554;-42,11866;"SPRF-PI";"DEL04-PI";"UOP01-DEL04-PI"
548907;2023-09-15;"sexta-feira";"20:40:00";"MT";364;205;"RONDONOPOLIS";"Frear bruscamente";"Tombamento";"Com Vítimas Feridas";"Plena Noite";"Decrescente";"Céu Claro";"Dupla";"Declive;Reta";"Sim";1;0;0;1;0;0;1;1;-16,45928621;-54,66092345;"SPRF-MT";"DEL02-MT";"UOP01-DEL02-MT"
548909;2023-09-15;"sexta-feira";"22:50:00";"PR";277;75;"SAO JOSE DOS PINHAIS";"Ingestão de álcool pelo condutor";"Colisão traseira";"Sem Vítimas";"Plena Noite";"Crescente";"Nublado";"Dupla";"Reta";"Não";2;0;0;0;2;0;0;2;-25,49023412;-49,17600632;"SPRF-PR";"DEL01-PR";"UOP01-DEL01-PR"
548912;2023-09-15;"sexta-feira";"20:00:00";"MS";60;487;"MARACAJU";"Ausência de reação do condutor";"Saída de leito carroçável";"Com Vítimas Feridas";"Pleno dia";"Crescente";"Céu Claro";"Simples";"Reta";"Não";2;0;2;0;0;0;2;1;-21,15708849;-55,40138441;"SPRF-MS";"DEL01-MS";"UOP04-DEL01-MS"
548913;2023-09-15;"sexta-feira";"22:30:00";"RS";285;426,5;"PANAMBI";"Ultrapassagem Indevida";"Colisão frontal";"Com Vítimas Feridas";"Plena Noite";"Crescente";"Céu Claro";"Simples";"Curva";"Não";3;0;1;0;2;0;1;2;-28,320379;-53,607491;"SPRF-RS";"DEL10-RS";"UOP01-DEL10-RS"
548914;2023-09-15;"sexta-feira";"23:10:00";"RJ";40;72;"PETROPOLIS";"Demais falhas mecânicas ou elétricas";"Colisão frontal";"Sem Vítimas";"Plena Noite";"Crescente";"Garoa/Chuvisco";"Simples";"Aclive";"Não";2;0;0;0;2;0;0;2;-22,4585308;-43,21600514;"SPRF-RJ";"DEL06-RJ";"UOP01-DEL06-RJ"
548917;2023-09-15;"sexta-feira";"22:40:00";"RJ";101;387;"RIO DE JANEIRO";"Condutor deixou de manter distância do veículo da frente";"Colisão traseira";"Com Vítimas Feridas";"Plena Noite";"Crescente";"Céu Claro";"Múltipla";"Reta";"Não";4;0;1;1;2;0;2;3;-22,88537839;-43,64965688;"SPRF-RJ";"DEL03-RJ";"UOP01-DEL03-RJ"
548918;2023-09-15;"sexta-feira";"22:50:00";"GO";153;440;"ANAPOLIS";"Condutor deixou de manter distância do veículo da frente";"Colisão traseira";"Com Vítimas Feridas";"Plena Noite";"Crescente";"Céu Claro";"Dupla";"Declive";"Sim";2;0;2;0;0;0;2;2;-16,306765;-48,923847;"SPRF-GO";"DEL02-GO";"UOP01-DEL02-GO"
548919;2023-09-15;"sexta-feira";"22:00:00";"MG";356;264,5;"MURIAE";"Trafegar com motocicleta (ou similar) entre as faixas";"Colisão lateral sentido oposto";"Com Vítimas Feridas";"Plena Noite";"Crescente";"Nublado";"Simples";"Reta;Interseção de Vias";"Sim";2;0;0;2;0;0;2;2;-21,12472406;-42,38020247;"SPRF-MG";"DEL07-MG";"UOP02-DEL07-MG"
548920;2023-09-16;"sábado";"00:10:00";"PE";101;74;"RECIFE";"Reação tardia ou ineficiente do condutor";"Atropelamento de Pedestre";"Com Vítimas Feridas";"Plena Noite";"Crescente";"Céu Claro";"Dupla";"Reta";"Sim";3;0;0;1;0;2;1;2;-8,10146485;-34,94901577;"SPRF-PE";"DEL01-PE";"UOP01-DEL01-PE"
548921;2023-09-15;"sexta-feira";"23:55:00";"MG";116;600,1;"SAO JOAO DO MANHUACU";"Chuva";"Tombamento";"Com Vítimas Feridas";"Plena Noite";"Decrescente";"Garoa/Chuvisco";"Simples";"Curva";"Não";1;0;1;0;0;0;1;1;-20,33157703;-42,14776317;"SPRF-MG";"DEL06-MG";"UOP03-DEL06-MG"
548922;2023-09-15;"sexta-feira";"19:15:00";"SC";282;229;"LAGES";"Carga excessiva e/ou mal acondicionada";"Derramamento de carga";"Com Vítimas Feridas";"Plena Noite";"Decrescente";"Céu Claro";"Simples";"Aclive;Reta";"Não";4;0;1;0;2;1;1;2;-27,791073;-50,416897;"SPRF-SC";"DEL05-SC";"UOP02-DEL05-SC"
548923;2023-09-16;"sábado";"00:50:00";"DF";40;1,8;"BRASILIA";"Reação tardia ou ineficiente do condutor";"Saída de leito carroçável";"Sem Vítimas";"Plena Noite";"Crescente";"Céu Claro";"Dupla";"Reta";"Não";1;0;0;0;1;0;0;1;-15,985532;-47,987747;"SPRF-DF";"DEL01-DF";"UOP01-DEL01-DF"