"id";"data_inversa";"dia_semana";"horario";"uf";"br";"km";"municipio";"causa_acidente";"tipo_acidente";"classificacao_acidente";"fase_dia";"sentido_via";"condicao_metereologica";"tipo_pista";"tracado_via";"uso_solo";"pessoas";"mortos";"feridos_leves";"feridos_graves";"ilesos";"ignorados";"feridos";"veiculos";"latitude";"longitude";"regional";"delegacia";"uop"
548924;2023-09-16;"sábado";"01:08:00";"RS";116;247;"SAO LEOPOLDO";"Acessar a via sem observar a presença dos outros veículos";"Colisão lateral mesmo sentido";"Com Vítimas Feridas";"Plena Noite";"Decrescente";"Céu Claro";"Dupla";"Interseção de Vias;Reta";"Sim";5;0;1;0;4;0;1;2;-29,76733091;-51,1535296;"SPRF-RS";"DEL01-RS";"UOP02-DEL01-RS"
548925;2023-09-16;"sábado";"01:10:00";"SC";101;192;"BIGUACU";"Ingestão de álcool pelo condutor";"Colisão com objeto";"Sem Vítimas";"Plena Noite";"Decrescente";"Céu Claro";"Múltipla";"Viaduto";"Sim";1;0;0;0;1;0;0;1;-27,48443781;-48,64765238;"SPRF-SC";"DEL01-SC";"UOP01-DEL01-SC"
548926;2023-09-15;"sexta-feira";"22:45:00";"SC";101;350,1;"JAGUARUNA";"Ausência de reação do condutor";"Saída de leito carroçável";"Com Vítimas Feridas";"Plena Noite";"Decrescente";"Céu Claro";"Dupla";"Viaduto;Declive";"Não";1;0;1;0;0;0;1;1;-28,5820168;-49,05059372;"SPRF-SC";"DEL02-SC";"UOP01-DEL02-SC"
548927;2023-09-16;"sábado";"01:30:00";"PB";104;111,6;"LAGOA SECA";"Ingestão de álcool pelo condutor";"Saída de leito carroçável";"Com Vítimas Feridas";"Plena Noite";"Decrescente";"Céu Claro";"Simples";"Reta";"Não";1;0;0;1;0;0;1;1;-7,136985;-35,86095;"SPRF-PB";"DEL02-PB";"UOP04-DEL02-PB"
548928;2023-09-16;"sábado";"01:30:00";"SC";470;92;"APIUNA";"Suicídio (presumido)";"Atropelamento de Pedestre";"Com Vítimas Feridas";"Plena Noite";"Crescente";"Céu Claro";"Simples";"Reta";"Não";3;0;0;1;0;2;1;2;-26,994484;-49,375908;"SPRF-SC";"DEL04-SC";"UOP01-DEL04-SC"
548929;2023-09-15;"sexta-feira";"23:40:00";"GO";153;437;"ANAPOLIS";"Ingestão de álcool pelo condutor";"Colisão lateral mesmo sentido";"Sem Vítimas";"Plena Noite";"Decrescente";"Céu Claro";"Dupla";"Reta;Aclive";"Sim";3;0;0;0;3;0;0;2;-16,286884;-48,942978;"SPRF-GO";"DEL02-GO";"UOP01-DEL02-GO"
548932;2023-07-01;"sábado";"08:00:00";"RS";386;327,2;"MARQUES DE SOUZA";"Transitar na contramão";"Colisão frontal";"Com Vítimas Feridas";"Pleno dia";"Crescente";"Nublado";"Simples";"Reta";"Não";8;0;0;1;6;1;1;3;-29,33476311;-52,09549963;"SPRF-RS";"DEL04-RS";"UOP01-DEL04-RS"
548933;2023-09-15;"sexta-feira";"21:45:00";"SC";101;334,3;"TUBARAO";"Ingestão de álcool pelo condutor";"Saída de leito carroçável";"Sem Vítimas";"Plena Noite";"Decrescente";"Céu Claro";"Dupla";"Declive";"Sim";2;0;0;0;1;1;0;2;-28,4719734;-49,02194023;"SPRF-SC";"DEL02-SC";"UOP01-DEL02-SC"
548934;2023-09-16;"sábado";"02:30:00";"DF";20;2,8;"BRASILIA";"Condutor deixou de manter distância do veículo da frente";"Colisão traseira";"Sem Vítimas";"Pleno dia";"Crescente";"Céu Claro";"Dupla";"Reta";"Sim";3;0;0;0;3;0;0;2;-15,682896;-47,840729;"SPRF-DF";"DEL02-DF";"UOP01-DEL02-DF"
548935;2023-09-16;"sábado";"03:00:00";"GO";60;162,9;"GOIANIA";"Velocidade Incompatível";"Colisão com objeto";"Com Vítimas Feridas";"Plena Noite";"Crescente";"Céu Claro";"Múltipla";"Reta";"Não";1;0;0;1;0;0;1;1;-16,7002;-49,3335;"SPRF-GO";"DEL01-GO";"UOP02-DEL01-GO"
548936;2023-09-16;"sábado";"04:10:00";"MG";40;521;"CONTAGEM";"Ausência de reação do condutor";"Saída de leito carroçável";"Com Vítimas Feridas";"Plena Noite";"Decrescente";"Nublado";"Dupla";"Curva";"Sim";1;0;1;0;0;0;1;1;-19,85651501;-44,07213222;"SPRF-MG";"DEL01-MG";"UOP02-DEL01-MG"
548938;2023-09-16;"sábado";"03:45:00";"MG";381;488;"BETIM";"Ausência de reação do condutor";"Colisão traseira";"Com Vítimas Feridas";"Plena Noite";"Decrescente";"Céu Claro";"Dupla";"Reta";"Sim";3;0;2;0;1;0;2;2;-19,9598656;-44,15489715;"SPRF-MG";"DEL01-MG";"UOP03-DEL01-MG"
548939;2023-09-16;"sábado";"04:30:00";"SC";470;6;"NAVEGANTES";"Ausência de reação do condutor";"Colisão com objeto";"Com Vítimas Feridas";"Plena Noite";"Crescente";"Céu Claro";"Simples";"Reta;Viaduto;Em Obras";"Não";1;0;0;1;0;0;1;1;-26,852238;-48,709545;"SPRF-SC";"DEL04-SC";"UOP04-DEL04-SC"
548940;2023-09-16;"sábado";"04:48:00";"MS";262;7;"TRES LAGOAS";"Manobra de mudança de faixa";"Saída de leito carroçável";"Com Vítimas Feridas";"Amanhecer";"Crescente";"Céu Claro";"Dupla";"Reta";"Sim";2;0;1;0;1;0;1;1;-20,78873275;-51,6767654;"SPRF-MS";"DEL07-MS";"UOP01-DEL07-MS"
548942;2023-09-16;"sábado";"04:19:00";"ES";262;24,7;"VIANA";"Velocidade Incompatível";"Saída de leito carroçável";"Sem Vítimas";"Plena Noite";"Decrescente";"Chuva";"Simples";"Declive";"Não";1;0;0;0;0;1;0;1;-20,37917648;-40,52624613;"SPRF-ES";"DEL01-ES";"UOP01-DEL01-ES"
548944;2023-09-16;"sábado";"05:53:00";"ES";101;299;"VIANA";"Avarias e/ou desgaste excessivo no pneu";"Tombamento";"Com Vítimas Feridas";"Pleno dia";"Crescente";"Sol";"Múltipla";"Interseção de Vias";"Sim";1;0;1;0;0;0;1;1;-20,35773399;-40,42719841;"SPRF-ES";"DEL01-ES";"UOP01-DEL01-ES"
548945;2023-09-16;"sábado";"05:00:00";"BA";116;427,9;"FEIRA DE SANTANA";"Acessar a via sem observar a presença dos outros veículos";"Atropelamento de Pedestre";"Com Vítimas Fatais";"Amanhecer";"Crescente";"Céu Claro";"Dupla";"Reta";"Não";2;1;0;0;1;0;0;2;-12,28384982;-38,99923008;"SPRF-BA";"DEL02-BA";"UOP01-DEL02-BA"
548946;2023-09-16;"sábado";"04:50:00";"RS";116;295;"GUAIBA";"Ingestão de álcool pelo condutor";"Saída de leito carroçável";"Sem Vítimas";"Plena Noite";"Crescente";"Céu Claro";"Dupla";"Reta";"Não";1;0;0;0;1;0;0;1;-30,07969402;-51,34154882;"SPRF-RS";"DEL02-RS";"UOP01-DEL02-RS"
548947;2023-09-16;"sábado";"06:46:00";"DF";20;6;"BRASILIA";"Reação tardia ou ineficiente do condutor";"Capotamento";"Sem Vítimas";"Pleno dia";"Crescente";"Céu Claro";"Dupla";"Reta";"Sim";1;0;0;0;0;1;0;1;-15,665888;-47,808308;"SPRF-DF";"DEL02-DF";"UOP01-DEL02-DF"
548948;2023-09-16;"sábado";"05:45:00";"MG";116;794,9;"LEOPOLDINA";"Velocidade Incompatível";"Colisão com objeto";"Com Vítimas Feridas";"Amanhecer";"Decrescente";"Chuva";"Simples";"Curva;Aclive";"Não";1;0;1;0;0;0;1;1;-21,710918;-42,73011109;"SPRF-MG";"DEL07-MG";"UOP01-DEL07-MG"
548949;2023-09-16;"sábado";"05:00:00";"MA";316;552,7;"CAXIAS";"Ingestão de álcool pelo condutor";"Colisão com objeto";"Com Vítimas Feridas";"Plena Noite";"Crescente";"Céu Claro";"Dupla";"Aclive;Curva";"Sim";1;0;1;0;0;0;1;1;-4,8850467;-43,34793091;"SPRF-MA";"DEL03-MA";"UOP02-DEL03-MA"
548951;2023-09-16;"sábado";"05:00:00";"PR";369;46;"BANDEIRANTES";"Ausência de reação do condutor";"Saída de leito carroçável";"Com Vítimas Feridas";"Amanhecer";"Crescente";"Céu Claro";"Simples";"Reta";"Não";1;0;1;0;0;0;1;1;-23,093944;-50,300505;"SPRF-PR";"DEL07-PR";"UOP05-DEL07-PR"
548954;2023-09-16;"sábado";"03:20:00";"BA";135;181;"BARREIRAS";"Ingestão de álcool pelo condutor";"Colisão traseira";"Sem Vítimas";"Plena Noite";"Decrescente";"Céu Claro";"Simples";"Reta";"Sim";6;0;0;0;6;0;0;2;-12,157;-45,005;"SPRF-BA";"DEL08-BA";"UOP04-DEL08-BA"
548955;2023-09-16;"sábado";"04:00:00";"MG";365;658;"UBERLANDIA";"Velocidade Incompatível";"Colisão traseira";"Com Vítimas Feridas";"Plena Noite";"Decrescente";"Céu Claro";"Dupla";"Reta";"Não";2;0;0;1;1;0;1;2;-18,88872432;-48,62436294;"SPRF-MG";"DEL15-MG";"UOP01-DEL15-MG"
548956;2023-09-16;"sábado";"06:20:00";"MG";365;823;"SANTA VITORIA";"Ausência de reação do condutor";"Saída de leito carroçável";"Sem Vítimas";"Pleno dia";"Crescente";"Céu Claro";"Simples";"Interseção de Vias";"Não";2;0;0;0;1;1;0;2;-18,8765869;-50,12366004;"SPRF-MG";"DEL15-MG";"UOP03-DEL15-MG"
548957;2023-09-16;"sábado";"03:30:00";"RS";158;326;"SANTA MARIA";"Ausência de reação do condutor";"Eventos atípicos";"Com Vítimas Fatais";"Plena Noite";"Crescente";"Céu Claro";"Simples";"Em Obras;Viaduto";"Sim";1;1;0;0;0;0;0;1;-29,71520906;-53,8105309;"SPRF-RS";"DEL09-RS";"UOP01-DEL09-RS"
548958;2023-07-06;"quinta-feira";"16:00:00";"MG";40;508,8;"RIBEIRAO DAS NEVES";"Condutor deixou de manter distância do veículo da frente";"Colisão traseira";"Com Vítimas Feridas";"Pleno dia";"Crescente";"Céu Claro";"Dupla";"Retorno Regulamentado";"Sim";2;0;0;1;1;0;1;2;-19,76516885;-44,12993431;"SPRF-MG";"DEL01-MG";"UOP02-DEL01-MG"
548959;2023-02-09;"quinta-feira";"05:10:00";"PR";116;89,5;"PIRAQUARA";"Ausência de reação do condutor";"Colisão com objeto";"Com Vítimas Feridas";"Plena Noite";"Crescente";"Céu Claro";"Dupla";"Reta";"Não";2;0;2;0;0;0;2;1;-25,45428705;-49,08817119;"SPRF-PR";"DEL01-PR";"UOP07-DEL01-PR"
548960;2023-09-16;"sábado";"06:30:00";"RJ";116;184;"NOVA IGUACU";"Ingestão de álcool pelo condutor";"Colisão frontal";"Com Vítimas Feridas";"Pleno dia";"Crescente";"Céu Claro";"Dupla";"Curva";"Sim";7;0;5;0;2;0;5;1;-22,74647215;-43,44594311;"SPRF-RJ";"DEL01-RJ";"UOP02-DEL01-RJ"
548961;2023-09-16;"sábado";"06:00:00";"RN";304;124,2;"ITAJA";"Reação tardia ou ineficiente do condutor";"Colisão com objeto";"Com Vítimas Feridas";"Pleno dia";"Crescente";"Céu Claro";"Simples";"Reta;Declive;Em Obras";"Não";1;0;0;1;0;0;1;1;-5,64980686;-36,82396993;"SPRF-RN";"DEL04-RN";"UOP01-DEL04-RN"
548962;2023-09-16;"sábado";"08:35:00";"SC";101;188;"BIGUACU";"Ausência de reação do condutor";"Engavetamento";"Com Vítimas Feridas";"Pleno dia";"Crescente";"Céu Claro";"Dupla";"Reta";"Sim";8;0;0;2;6;0;2;4;-27,45123421;-48,63370766;"SPRF-SC";"DEL01-SC";"UOP01-DEL01-SC"
548963;2023-09-16;"sábado";"04:30:00";"MG";40;141,5;"JOAO PINHEIRO";"Reação tardia ou ineficiente do condutor";"Saída de leito carroçável";"Sem Vítimas";"Plena Noite";"Decrescente";"Nublado";"Simples";"Curva";"Sim";1;0;0;0;1;0;0;1;-17,73618679;-46,19334804;"SPRF-MG";"DEL14-MG";"UOP01-DEL14-MG"
548964;2023-09-16;"sábado";"08:00:00";"GO";50;97;"CRISTALINA";"Desrespeitar a preferência no cruzamento";"Colisão transversal";"Sem Vítimas";"Pleno dia";"Decrescente";"Céu Claro";"Simples";"Interseção de Vias";"Sim";2;0;0;0;2;0;0;2;-16,766534;-47,61624;"SPRF-DF";"DEL01-DF";"UOP02-DEL01-DF"
548965;2023-09-16;"sábado";"09:05:00";"PB";230;22,6;"JOAO PESSOA";"Suicídio (presumido)";"Atropelamento de Pedestre";"Com Vítimas Fatais";"Pleno dia";"Crescente";"Céu Claro";"Dupla";"Reta";"Sim";2;1;0;0;1;0;0;2;-7,1578945;-34,85829592;"SPRF-PB";"DEL01-PB";"UOP01-DEL01-PB"
548966;2023-09-16;"sábado";"09:10:00";"SC";101;203;"SAO JOSE";"Ausência de reação do condutor";"Queda de ocupante de veículo";"Sem Vítimas";"Pleno dia";"Crescente";"Céu Claro";"Múltipla";"Reta";"Não";1;0;0;0;1;0;0;1;-27,5650044;-48,61460082;"SPRF-SC";"DEL01-SC";"UOP01-DEL01-SC"
548968;2023-09-16;"sábado";"08:40:00";"PE";408;102;"SAO LOURENCO DA MATA";"Reação tardia ou ineficiente do condutor";"Atropelamento de Pedestre";"Com Vítimas Feridas";"Pleno dia";"Crescente";"Céu Claro";"Dupla";"Reta;Aclive";"Não";4;0;0;1;1;2;1;2;-8,05323195;-35,00247996;"SPRF-PE";"DEL01-PE";"UOP01-DEL01-PE"
548969;2023-09-16;"sábado";"07:30:00";"SC";116;36,4;"ITAIOPOLIS";"Reação tardia ou ineficiente do condutor";"Saída de leito carroçável";"Sem Vítimas";"Pleno dia";"Crescente";"Céu Claro";"Simples";"Aclive;Retorno Regulamentado;Interseção de Vias;Reta";"Sim";1;0;0;0;1;0;0;1;-26,3385056;-50,01471809;"SPRF-SC";"DEL06-SC";"UOP01-DEL06-SC"
548972;2023-09-16;"sábado";"09:15:00";"SP";381;73;"SAO PAULO";"Trafegar com motocicleta (ou similar) entre as faixas";"Queda de ocupante de veículo";"Com Vítimas Feridas";"Pleno dia";"Crescente";"Sol";"Múltipla";"Reta";"Não";1;0;1;0;0;0;1;1;-23,36553404;-46,55253934;"SPRF-SP";"DEL03-SP";"UOP01-DEL03-SP"
548973;2023-09-16;"sábado";"09:00:00";"SP";116;270;"TABOAO DA SERRA";"Ausência de reação do condutor";"Colisão traseira";"Com Vítimas Feridas";"Pleno dia";"Decrescente";"Céu Claro";"Múltipla";"Reta";"Sim";2;0;1;0;1;0;1;2;-23,61799728;-46,79677694;"SPRF-SP";"DEL04-SP";"UOP01-DEL04-SP"
548974;2023-09-16;"sábado";"08:00:00";"PR";116;161;"QUITANDINHA";"Restrição de visibilidade em curvas verticais";"Atropelamento de Pedestre";"Com Vítimas Fatais";"Pleno dia";"Decrescente";"Céu Claro";"Simples";"Curva;Aclive";"Não";3;1;0;1;1;0;1;2;-25,86249393;-49,40112698;"SPRF-PR";"DEL01-PR";"UOP03-DEL01-PR"
548975;2023-09-16;"sábado";"09:00:00";"MG";262;93,5;"ABRE CAMPO";"Acessar a via sem observar a presença dos outros veículos";"Colisão transversal";"Com Vítimas Feridas";"Pleno dia";"Crescente";"Céu Claro";"Simples";"Reta";"Sim";3;0;0;1;2;0;1;3;-20,31531995;-42,46661228;"SPRF-MG";"DEL03-MG";"UOP03-DEL03-MG"
548976;2023-09-16;"sábado";"08:45:00";"SC";101;278,5;"IMBITUBA";"Reação tardia ou ineficiente do condutor";"Colisão traseira";"Com Vítimas Feridas";"Pleno dia";"Decrescente";"Céu Claro";"Dupla";"Viaduto";"Não";6;0;1;1;4;0;2;2;-28,16300604;-48,6939345;"SPRF-SC";"DEL02-SC";"UOP03-DEL02-SC"
548977;2023-09-16;"sábado";"09:30:00";"PE";232;8;"RECIFE";"Reação tardia ou ineficiente do condutor";"Tombamento";"Com Vítimas Feridas";"Pleno dia";"Decrescente";"Céu Claro";"Dupla";"Reta;Retorno Regulamentado";"Sim";1;0;1;0;0;0;1;1;-8,075322;-34,967648;"SPRF-PE";"DEL01-PE";"UOP01-DEL01-PE"
548978;2023-09-16;"sábado";"08:00:00";"PR";369;192,8;"ARAPONGAS";"Ingestão de álcool pelo condutor";"Saída de leito carroçável";"Sem Vítimas";"Pleno dia";"Crescente";"Céu Claro";"Dupla";"Reta";"Não";1;0;0;0;1;0;0;1;-23,48066412;-51,4237994;"SPRF-PR";"DEL07-PR";"UOP03-DEL07-PR"
548979;2023-09-16;"sábado";"10:25:00";"GO";50;311,4;"CUMARI";"Velocidade Incompatível";"Tombamento";"Com Vítimas Feridas";"Pleno dia";"Crescente";"Sol";"Dupla";"Curva;Viaduto";"Não";1;0;1;0;0;0;1;1;-18,4065;-48,08;"SPRF-GO";"DEL06-GO";"UOP01-DEL06-GO"
548981;2023-09-16;"sábado";"07:00:00";"PR";163;3,5;"BARRACAO";"Reação tardia ou ineficiente do condutor";"Saída de leito carroçável";"Com Vítimas Feridas";"Pleno dia";"Decrescente";"Céu Claro";"Simples";"Reta";"Não";3;0;2;1;0;0;3;1;-26,25066;-53,635523;"SPRF-PR";"DEL02-PR";"UOP02-DEL02-PR"
548982;2023-09-16;"sábado";"10:45:00";"SP";153;109,3;"JOSE BONIFACIO";"Ultrapassagem Indevida";"Tombamento";"Com Vítimas Fatais";"Pleno dia";"Crescente";"Céu Claro";"Simples";"Reta";"Não";1;1;0;0;0;0;0;1;-21,08026506;-49,67062088;"SPRF-SP";"DEL09-SP";"UOP01-DEL09-SP"
548985;2023-09-16;"sábado";"06:00:00";"MT";70;559,5;"NOSSA SENHORA DO LIVRAMENTO";"Condutor Dormindo";"Saída de leito carroçável";"Com Vítimas Fatais";"Amanhecer";"Crescente";"Céu Claro";"Simples";"Reta";"Não";1;1;0;0;0;0;0;1;-15,69640765;-56,38798683;"SPRF-MT";"DEL03-MT";"UOP02-DEL03-MT"
548986;2023-09-16;"sábado";"11:09:00";"DF";70;6;"BRASILIA";"Mal súbito do condutor";"Saída de leito carroçável";"Com Vítimas Feridas";"Pleno dia";"Decrescente";"Céu Claro";"Dupla";"Reta";"Sim";1;0;0;1;0;0;1;1;-15,791242;-48,105759;"SPRF-DF";"DEL03-DF";"UOP02-DEL03-DF"
548987;2023-09-16;"sábado";"11:05:00";"SC";282;22;"SANTO AMARO DA IMPERATRIZ";"Reação tardia ou ineficiente do condutor";"Engavetamento";"Com Vítimas Feridas";"Pleno dia";"Crescente";"Céu Claro";"Simples";"Reta";"Sim";3;0;1;0;2;0;1;3;-27,688507;-48,72739;"SPRF-SC";"DEL01-SC";"UOP02-DEL01-SC"
548988;2023-09-16;"sábado";"09:10:00";"PA";10;194,4;"IPIXUNA DO PARA";"Pista esburacada";"Tombamento";"Com Vítimas Feridas";"Pleno dia";"Decrescente";"Sol";"Simples";"Declive;Reta";"Não";1;0;1;0;0;0;1;1;-2,73435192;-47,46235362;"SPRF-PA";"DEL02-PA";"UOP01-DEL02-PA"
548989;2023-09-15;"sexta-feira";"18:00:00";"PA";222;28,8;"DOM ELISEU";"Pista esburacada";"Capotamento";"Com Vítimas Feridas";"Plena Noite";"Decrescente";"Céu Claro";"Dupla";"Aclive;Reta";"Não";1;0;1;0;0;0;1;1;-4,31721;-47,644073;"SPRF-PA";"DEL02-PA";"UOP02-DEL02-PA"
548990;2023-09-16;"sábado";"11:30:00";"SP";116;117;"TAUBATE";"Reação tardia ou ineficiente do condutor";"Colisão traseira";"Com Vítimas Feridas";"Pleno dia";"Decrescente";"Céu Claro";"Dupla";"Reta";"Não";2;0;1;0;1;0;1;2;-23,0582298;-45,6176951;"SPRF-SP";"DEL02-SP";"UOP02-DEL02-SP"
548991;2023-09-16;"sábado";"06:50:00";"PE";408;102;"RECIFE";"Ausência de reação do condutor";"Capotamento";"Com Vítimas Feridas";"Pleno dia";"Crescente";"Céu Claro";"Dupla";"Reta";"Não";1;0;0;1;0;0;1;1;-8,05323195;-35,00247996;"SPRF-PE";"DEL01-PE";"UOP01-DEL01-PE"
548992;2023-09-16;"sábado";"07:30:00";"BA";110;10;"PAULO AFONSO";"Ausência de reação do condutor";"Queda de ocupante de veículo";"Com Vítimas Feridas";"Pleno dia";"Crescente";"Céu Claro";"Simples";"Curva";"Não";1;0;0;1;0;0;1;1;-9,5409718;-38,2205516;"SPRF-BA";"DEL07-BA";"UOP01-DEL07-BA"
548993;2023-09-16;"sábado";"08:30:00";"MA";135;72;"SANTA RITA";"Transitar na contramão";"Colisão frontal";"Com Vítimas Feridas";"Pleno dia";"Crescente";"Céu Claro";"Simples";"Reta";"Não";2;0;1;0;1;0;1;2;-3,15759591;-44,33373316;"SPRF-MA";"DEL01-MA";"UOP02-DEL01-MA"
548994;2023-09-05;"terça-feira";"00:20:00";"MG";381;896,1;"CAMBUI";"Animais na Pista";"Atropelamento de Animal";"Sem Vítimas";"Plena Noite";"Decrescente";"Céu Claro";"Dupla";"Reta";"Não";2;0;0;0;2;0;0;1;-22,59270469;-46,05464888;"SPRF-MG";"DEL16-MG";"UOP03-DEL16-MG"
548997;2023-09-16;"sábado";"07:00:00";"RS";158;121,2;"PALMEIRA DAS MISSOES";"Reação tardia ou ineficiente do condutor";"Saída de leito carroçável";"Com Vítimas Feridas";"Pleno dia";"Decrescente";"Céu Claro";"Simples";"Reta";"Não";1;0;1;0;0;0;1;1;-28,06328669;-53,38453516;"SPRF-RS";"DEL08-RS";"UOP01-DEL08-RS"
548998;2023-09-16;"sábado";"12:50:00";"MG";381;449;"SANTA LUZIA";"Conversão proibida";"Colisão transversal";"Com Vítimas Feridas";"Pleno dia";"Crescente";"Sol";"Simples";"Curva";"Sim";3;0;2;0;1;0;2;2;-19,84164036;-43,86232683;"SPRF-MG";"DEL01-MG";"UOP01-DEL01-MG"
548999;2023-09-16;"sábado";"10:55:00";"SC";101;54,6;"JOINVILLE";"Reação tardia ou ineficiente do condutor";"Colisão traseira";"Com Vítimas Feridas";"Pleno dia";"Crescente";"Céu Claro";"Dupla";"Reta";"Sim";3;0;1;0;2;0;1;2;-26,41319508;-48,83617332;"SPRF-SC";"DEL03-SC";"UOP01-DEL03-SC"
549001;2023-09-16;"sábado";"11:30:00";"SC";101;133;"BALNEARIO CAMBORIU";"Participar de racha";"Colisão com objeto";"Com Vítimas Feridas";"Pleno dia";"Decrescente";"Céu Claro";"Dupla";"Reta";"Sim";2;0;0;1;0;1;1;1;-26,99936;-48,64609;"SPRF-SC";"DEL04-SC";"UOP03-DEL04-SC"
549002;2023-09-15;"sexta-feira";"20:00:00";"RS";471;527;"RIO GRANDE";"Animais na Pista";"Tombamento";"Com Vítimas Feridas";"Plena Noite";"Crescente";"Céu Claro";"Simples";"Reta";"Não";1;0;1;0;0;0;1;1;-32,614906;-52,574619;"SPRF-RS";"DEL07-RS";"UOP02-DEL07-RS"
549003;2023-09-16;"sábado";"12:25:00";"MG";40;747;"SANTOS DUMONT";"Ausência de reação do condutor";"Saída de leito carroçável";"Com Vítimas Feridas";"Pleno dia";"Decrescente";"Céu Claro";"Simples";"Curva;Aclive";"Não";1;0;1;0;0;0;1;1;-21,4328731;-43,55221915;"SPRF-MG";"DEL05-MG";"UOP01-DEL05-MG"
549004;2023-09-16;"sábado";"12:40:00";"MG";381;2;"BETIM";"Condutor deixou de manter distância do veículo da frente";"Colisão traseira";"Com Vítimas Feridas";"Pleno dia";"Crescente";"Céu Claro";"Dupla";"Reta";"Não";2;0;1;0;1;0;1;2;-19,96825;-44,198708;"SPRF-MG";"DEL01-MG";"UOP03-DEL01-MG"
549005;2023-09-16;"sábado";"11:00:00";"RJ";101;330;"RIO DE JANEIRO";"Ausência de reação do condutor";"Colisão traseira";"Com Vítimas Feridas";"Pleno dia";"Decrescente";"Céu Claro";"Dupla";"Reta";"Sim";2;0;1;0;1;0;1;2;-22,8684989;-43,18548699;"SPRF-RJ";"DEL02-RJ";"UOP01-DEL02-RJ"
549006;2023-09-16;"sábado";"13:00:00";"SP";116;463;"PARIQUERA-ACU";"Reação tardia ou ineficiente do condutor";"Colisão traseira";"Com Vítimas Feridas";"Pleno dia";"Decrescente";"Sol";"Dupla";"Reta";"Não";2;0;1;0;1;0;1;2;-24,62904309;-47,90227592;"SPRF-SP";"DEL05-SP";"UOP01-DEL05-SP"
549007;2023-09-16;"sábado";"12:00:00";"SC";101;207;"SAO JOSE";"Condutor deixou de manter distância do veículo da frente";"Colisão traseira";"Com Vítimas Feridas";"Pleno dia";"Crescente";"Céu Claro";"Múltipla";"Reta";"Sim";2;0;1;0;1;0;1;2;-27,60001226;-48,6226467;"SPRF-SC";"DEL01-SC";"UOP01-DEL01-SC"
549008;2023-09-16;"sábado";"13:10:00";"PE";101;73,9;"RECIFE";"Condutor deixou de manter distância do veículo da frente";"Colisão traseira";"Com Vítimas Feridas";"Pleno dia";"Crescente";"Céu Claro";"Dupla";"Reta";"Sim";3;0;1;0;2;0;1;3;-8,10146485;-34,94901577;"SPRF-PE";"DEL01-PE";"UOP01-DEL01-PE"
549010;2023-09-16;"sábado";"13:00:00";"DF";20;9;"BRASILIA";"Ingestão de álcool pelo condutor";"Saída de leito carroçável";"Sem Vítimas";"Pleno dia";"Decrescente";"Céu Claro";"Dupla";"Retorno Regulamentado;Reta";"Sim";1;0;0;0;1;0;0;1;-15,654671;-47,782917;"SPRF-DF";"DEL02-DF";"UOP01-DEL02-DF"
549012;2023-09-16;"sábado";"13:00:00";"PR";116;129;"FAZENDA RIO GRANDE";"Ausência de reação do condutor";"Queda de ocupante de veículo";"Com Vítimas Feridas";"Pleno dia";"Crescente";"Céu Claro";"Dupla";"Reta";"Não";1;0;1;0;0;0;1;1;-25,63027814;-49,31381255;"SPRF-PR";"DEL01-PR";"UOP03-DEL01-PR"
549013;2023-09-16;"sábado";"10:40:00";"CE";222;329;"TIANGUA";"Ausência de reação do condutor";"Colisão lateral mesmo sentido";"Com Vítimas Feridas";"Pleno dia";"Crescente";"Sol";"Simples";"Declive";"Não";8;0;3;0;5;0;3;2;-3,82050627;-41,1005498;"SPRF-CE";"DEL04-CE";"UOP02-DEL04-CE"
549015;2023-09-16;"sábado";"13:30:00";"MG";116;690,3;"MURIAE";"Transitar na contramão";"Colisão frontal";"Com Vítimas Feridas";"Pleno dia";"Crescente";"Sol";"Simples";"Aclive;Reta";"Não";4;0;3;0;0;1;3;3;-21,02706551;-42,36332601;"SPRF-MG";"DEL07-MG";"UOP02-DEL07-MG"
549016;2023-09-16;"sábado";"11:30:00";"BA";415;47;"ITABUNA";"Retorno proibido";"Colisão transversal";"Com Vítimas Feridas";"Pleno dia";"Decrescente";"Céu Claro";"Simples";"Reta";"Sim";3;0;0;2;1;0;2;2;-14,81574494;-39,29612388;"SPRF-BA";"DEL05-BA";"UOP01-DEL05-BA"
549017;2023-09-16;"sábado";"11:14:00";"RO";364;13;"VILHENA";"Acessar a via sem observar a presença dos outros veículos";"Colisão lateral mesmo sentido";"Sem Vítimas";"Pleno dia";"Decrescente";"Céu Claro";"Dupla";"Retorno Regulamentado";"Sim";2;0;0;0;1;1;0;2;-12,74140004;-60,13026401;"SPRF-RO";"DEL04-RO";"UOP01-DEL04-RO"
549018;2023-09-16;"sábado";"13:50:00";"RS";116;146;"CAXIAS DO SUL";"Área urbana sem a presença de local apropriado para a travessia de pedestres";"Atropelamento de Pedestre";"Com Vítimas Feridas";"Pleno dia";"Decrescente";"Céu Claro";"Dupla";"Reta";"Sim";2;0;1;0;1;0;1;2;-29,14228897;-51,13622202;"SPRF-RS";"DEL05-RS";"UOP01-DEL05-RS"
549020;2023-09-16;"sábado";"14:10:00";"MG";381;941,1;"EXTREMA";"Demais falhas mecânicas ou elétricas";"Queda de ocupante de veículo";"Com Vítimas Feridas";"Pleno dia";"Decrescente";"Céu Claro";"Dupla";"Curva;Declive;Interseção de Vias";"Sim";2;0;2;0;0;0;2;1;-22,86021873;-46,34260711;"SPRF-MG";"DEL16-MG";"UOP03-DEL16-MG"