"id";"data_inversa";"dia_semana";"horario";"uf";"br";"km";"municipio";"causa_acidente";"tipo_acidente";"classificacao_acidente";"fase_dia";"sentido_via";"condicao_metereologica";"tipo_pista";"tracado_via";"uso_solo";"pessoas";"mortos";"feridos_leves";"feridos_graves";"ilesos";"ignorados";"feridos";"veiculos";"latitude";"longitude";"regional";"delegacia";"uop"
549022;2023-06-28;"quarta-feira";"19:48:00";"ES";101;271;"SERRA";"Acessar a via sem observar a presença dos outros veículos";"Colisão transversal";"Com Vítimas Feridas";"Plena Noite";"Crescente";"Céu Claro";"Dupla";"Reta";"Sim";2;0;0;1;1;0;1;2;-20,23267;-40,27658;"SPRF-ES";"DEL02-ES";"UOP01-DEL02-ES"
549026;2023-09-16;"sábado";"14:20:00";"SC";282;223,2;"LAGES";"Ultrapassagem Indevida";"Colisão transversal";"Com Vítimas Feridas";"Pleno dia";"Decrescente";"Céu Claro";"Simples";"Reta;Interseção de Vias";"Sim";3;0;0;1;1;1;1;3;-27,79852061;-50,36566257;"SPRF-SC";"DEL05-SC";"UOP01-DEL05-SC"
549027;2023-09-16;"sábado";"14:50:00";"TO";10;456;"PALMAS";"Condutor deixou de manter distância do veículo da frente";"Colisão traseira";"Sem Vítimas";"Pleno dia";"Crescente";"Céu Claro";"Dupla";"Reta";"Não";2;0;0;0;2;0;0;2;-10,20499186;-48,16363986;"SPRF-TO";"DEL01-TO";"UOP03-DEL01-TO"
549028;2023-09-16;"sábado";"15:20:00";"SP";116;449;"REGISTRO";"Acessar a via sem observar a presença dos outros veículos";"Colisão transversal";"Com Vítimas Feridas";"Pleno dia";"Crescente";"Céu Claro";"Dupla";"Reta";"Sim";2;0;1;0;1;0;1;2;-24,53129282;-47,85734653;"SPRF-SP";"DEL05-SP";"UOP01-DEL05-SP"
549031;2023-09-16;"sábado";"14:40:00";"MG";40;407,5;"CURVELO";"Manobra de mudança de faixa";"Saída de leito carroçável";"Com Vítimas Feridas";"Pleno dia";"Decrescente";"Céu Claro";"Simples";"Reta";"Não";1;0;1;0;0;0;1;1;-19,09225393;-44,65330954;"SPRF-MG";"DEL02-MG";"UOP01-DEL02-MG"
549033;2023-09-16;"sábado";"15:50:00";"BA";324;601;"SIMOES FILHO";"Pista esburacada";"Queda de ocupante de veículo";"Com Vítimas Feridas";"Pleno dia";"Decrescente";"Nublado";"Dupla";"Reta";"Sim";2;0;1;0;1;0;1;1;-12,75619292;-38,42803587;"SPRF-BA";"DEL01-BA";"UOP01-DEL01-BA"
549034;2023-09-16;"sábado";"14:59:00";"SC";101;333;"TUBARAO";"Velocidade Incompatível";"Capotamento";"Com Vítimas Feridas";"Pleno dia";"Decrescente";"Céu Claro";"Simples";"Curva;Declive;Interseção de Vias";"Sim";1;0;1;0;0;0;1;1;-28,46630107;-48,99653096;"SPRF-SC";"DEL02-SC";"UOP01-DEL02-SC"
549035;2023-09-16;"sábado";"13:15:00";"SC";282;449;"PONTE SERRADA";"Velocidade Incompatível";"Capotamento";"Com Vítimas Feridas";"Pleno dia";"Crescente";"Céu Claro";"Simples";"Reta";"Não";1;0;1;0;0;0;1;1;-26,919342;-51,944427;"SPRF-SC";"DEL07-SC";"UOP04-DEL07-SC"
549036;2023-09-16;"sábado";"15:10:00";"RJ";101;492,8;"ANGRA DOS REIS";"Animais na Pista";"Colisão com objeto";"Com Vítimas Feridas";"Pleno dia";"Decrescente";"Céu Claro";"Simples";"Reta";"Sim";2;0;2;0;0;0;2;1;-22,94874989;-44,3279949;"SPRF-RJ";"DEL03-RJ";"UOP03-DEL03-RJ"
549037;2023-09-16;"sábado";"15:58:00";"GO";40;2;"VALPARAISO DE GOIAS";"Acessar a via sem observar a presença dos outros veículos";"Colisão transversal";"Com Vítimas Feridas";"Pleno dia";"Decrescente";"Céu Claro";"Dupla";"Reta";"Não";2;0;2;0;0;0;2;2;-16,067129;-47,984235;"SPRF-DF";"DEL01-DF";"UOP01-DEL01-DF"
549038;2023-09-16;"sábado";"16:10:00";"RS";116;267;"CANOAS";"Demais falhas mecânicas ou elétricas";"Tombamento";"Com Vítimas Feridas";"Pleno dia";"Crescente";"Céu Claro";"Múltipla";"Reta";"Sim";2;0;2;0;0;0;2;1;-29,94142398;-51,17697062;"SPRF-RS";"DEL01-RS";"UOP01-DEL01-RS"
549039;2023-09-16;"sábado";"16:05:00";"SP";116;223;"GUARULHOS";"Reação tardia ou ineficiente do condutor";"Colisão traseira";"Com Vítimas Feridas";"Pleno dia";"Decrescente";"Céu Claro";"Múltipla";"Reta";"Sim";5;0;1;0;4;0;1;2;-23,47559815;-46,5246609;"SPRF-SP";"DEL01-SP";"UOP01-DEL01-SP"
549040;2023-09-16;"sábado";"15:00:00";"RS";472;146,5;"SANTA ROSA";"Ausência de reação do condutor";"Colisão traseira";"Sem Vítimas";"Pleno dia";"Decrescente";"Céu Claro";"Simples";"Reta";"Não";5;0;0;0;5;0;0;3;-27,77853541;-54,3654005;"SPRF-RS";"DEL10-RS";"UOP01-DEL10-RS"
549042;2023-09-16;"sábado";"15:28:00";"GO";40;9;"LUZIANIA";"Ausência de reação do condutor";"Colisão com objeto";"Sem Vítimas";"Pleno dia";"Crescente";"Céu Claro";"Dupla";"Reta";"Sim";1;0;0;0;0;1;0;1;-16,131158;-47,957739;"SPRF-DF";"DEL01-DF";"UOP01-DEL01-DF"
549044;2023-09-16;"sábado";"16:35:00";"RS";116;220,8;"DOIS IRMAOS";"Velocidade Incompatível";"Saída de leito carroçável";"Com Vítimas Feridas";"Pleno dia";"Crescente";"Céu Claro";"Simples";"Curva";"Não";2;0;1;0;0;1;1;2;-29,56726102;-51,0948801;"SPRF-RS";"DEL01-RS";"UOP02-DEL01-RS"
549045;2023-09-16;"sábado";"09:44:00";"BA";101;942,8;"MUCURI";"Transitar na contramão";"Colisão frontal";"Com Vítimas Fatais";"Pleno dia";"Crescente";"Céu Claro";"Simples";"Reta";"Não";2;1;0;0;0;1;0;2;-18,16840196;-39,91873914;"SPRF-BA";"DEL09-BA";"UOP02-DEL09-BA"
549048;2023-09-16;"sábado";"17:30:00";"MA";316;549,5;"CAXIAS";"Ausência de reação do condutor";"Saída de leito carroçável";"Com Vítimas Feridas";"Pleno dia";"Crescente";"Céu Claro";"Simples";"Reta";"Sim";1;0;1;0;0;0;1;1;-4,887895;-43,371475;"SPRF-MA";"DEL03-MA";"UOP02-DEL03-MA"
549053;2023-09-16;"sábado";"17:25:00";"RJ";101;422;"MANGARATIBA";"Ingestão de álcool pelo condutor";"Colisão traseira";"Com Vítimas Feridas";"Pleno dia";"Decrescente";"Céu Claro";"Simples";"Aclive;Reta";"Sim";2;0;1;0;1;0;1;2;-22,91608393;-43,94022903;"SPRF-RJ";"DEL03-RJ";"UOP02-DEL03-RJ"
549054;2023-09-16;"sábado";"16:15:00";"PI";343;11,2;"PARNAIBA";"Ingestão de álcool pelo condutor";"Colisão traseira";"Sem Vítimas";"Pleno dia";"Crescente";"Céu Claro";"Simples";"Reta";"Sim";2;0;0;0;2;0;0;2;-2,90354468;-41,75265384;"SPRF-PI";"DEL05-PI";"UOP01-DEL05-PI"
549058;2023-09-16;"sábado";"17:30:00";"PR";467;75;"CASCAVEL";"Velocidade Incompatível";"Colisão traseira";"Com Vítimas Feridas";"Pleno dia";"Decrescente";"Sol";"Dupla";"Curva;Declive";"Não";2;0;1;0;1;0;1;2;-24,7493;-53,6949;"SPRF-PR";"DEL04-PR";"UOP01-DEL04-PR"
549059;2023-09-16;"sábado";"17:20:00";"RS";392;76,3;"PELOTAS";"Desrespeitar a preferência no cruzamento";"Colisão transversal";"Sem Vítimas";"Pleno dia";"Crescente";"Céu Claro";"Simples";"Reta";"Não";2;0;0;0;2;0;0;2;-31,69748285;-52,42085591;"SPRF-RS";"DEL07-RS";"UOP01-DEL07-RS"
549060;2023-09-16;"sábado";"18:30:00";"PB";230;26;"JOAO PESSOA";"Velocidade Incompatível";"Colisão com objeto";"Com Vítimas Feridas";"Plena Noite";"Decrescente";"Nublado";"Múltipla";"Interseção de Vias;Reta;Viaduto";"Sim";2;0;0;2;0;0;2;1;-7,1693;-34,8782;"SPRF-PB";"DEL01-PB";"UOP01-DEL01-PB"
549062;2023-09-16;"sábado";"17:30:00";"RJ";465;22;"NOVA IGUACU";"Condutor deixou de manter distância do veículo da frente";"Saída de leito carroçável";"Com Vítimas Feridas";"Pleno dia";"Decrescente";"Céu Claro";"Simples";"Reta";"Sim";3;0;1;0;2;0;1;2;-22,863579;-43,601479;"SPRF-RJ";"DEL03-RJ";"UOP01-DEL03-RJ"
549064;2023-09-16;"sábado";"18:30:00";"SC";101;206,1;"SAO JOSE";"Reação tardia ou ineficiente do condutor";"Colisão traseira";"Sem Vítimas";"Plena Noite";"Decrescente";"Nublado";"Múltipla";"Reta";"Não";3;0;0;0;3;0;0;3;-27,59193546;-48,61824557;"SPRF-SC";"DEL01-SC";"UOP01-DEL01-SC"
549065;2023-09-16;"sábado";"13:30:00";"MG";262;98;"ABRE CAMPO";"Condutor deixou de manter distância do veículo da frente";"Colisão traseira";"Com Vítimas Feridas";"Pleno dia";"Crescente";"Céu Claro";"Simples";"Reta";"Não";2;0;0;1;1;0;1;2;-20,29148325;-42,51035213;"SPRF-MG";"DEL03-MG";"UOP03-DEL03-MG"
549066;2023-09-16;"sábado";"18:00:00";"MS";163;263;"DOURADOS";"Conversão proibida";"Colisão transversal";"Com Vítimas Feridas";"Anoitecer";"Crescente";"Céu Claro";"Dupla";"Curva";"Sim";2;0;1;0;0;1;1;2;-22,2316424;-54,7478208;"SPRF-MS";"DEL04-MS";"UOP01-DEL04-MS"
549067;2023-09-16;"sábado";"19:00:00";"SP";116;212;"GUARULHOS";"Transitar no Acostamento";"Colisão traseira";"Com Vítimas Fatais";"Plena Noite";"Decrescente";"Nublado";"Múltipla";"Declive;Reta";"Sim";2;1;0;0;0;1;0;2;-23,43608315;-46,42805094;"SPRF-SP";"DEL01-SP";"UOP01-DEL01-SP"
549068;2023-09-16;"sábado";"15:00:00";"MA";230;396;"BALSAS";"Ultrapassagem Indevida";"Colisão lateral mesmo sentido";"Com Vítimas Fatais";"Pleno dia";"Decrescente";"Céu Claro";"Simples";"Reta";"Não";2;1;0;0;0;1;0;2;-7,46231931;-46,01717591;"SPRF-MA";"DEL05-MA";"UOP01-DEL05-MA"
549069;2023-09-16;"sábado";"19:00:00";"GO";70;5;"AGUAS LINDAS DE GOIAS";"Ingestão de substâncias psicoativas pelo condutor";"Colisão frontal";"Com Vítimas Feridas";"Plena Noite";"Crescente";"Céu Claro";"Múltipla";"Viaduto;Curva";"Sim";5;0;0;1;2;2;1;3;-15,75683677;-48,25464732;"SPRF-DF";"DEL03-DF";"UOP02-DEL03-DF"
549070;2023-09-16;"sábado";"15:30:00";"RJ";393;142;"SAPUCAIA";"Reação tardia ou ineficiente do condutor";"Colisão traseira";"Com Vítimas Feridas";"Pleno dia";"Decrescente";"Céu Claro";"Simples";"Interseção de Vias;Curva";"Sim";2;0;1;0;1;0;1;2;-22,01940357;-42,96428732;"SPRF-RJ";"DEL05-RJ";"UOP01-DEL05-RJ"
549071;2023-09-16;"sábado";"18:00:00";"BA";110;401;"SAO SEBASTIAO DO PASSE";"Acessar a via sem observar a presença dos outros veículos";"Colisão transversal";"Com Vítimas Feridas";"Anoitecer";"Decrescente";"Céu Claro";"Simples";"Reta";"Não";3;0;0;1;1;1;1;3;-12,50766107;-38,49626949;"SPRF-BA";"DEL01-BA";"UOP01-DEL01-BA"
549072;2023-09-16;"sábado";"17:45:00";"SC";282;408,1;"CATANDUVAS";"Ingestão de álcool pelo condutor";"Saída de leito carroçável";"Com Vítimas Feridas";"Pleno dia";"Decrescente";"Céu Claro";"Simples";"Aclive;Curva";"Sim";1;0;1;0;0;0;1;1;-27,081282;-51,664106;"SPRF-SC";"DEL07-SC";"UOP05-DEL07-SC"
549075;2023-09-16;"sábado";"17:00:00";"TO";153;587;"SANTA RITA DO TOCANTINS";"Ingestão de álcool pelo condutor";"Capotamento";"Com Vítimas Feridas";"Pleno dia";"Decrescente";"Céu Claro";"Simples";"Reta";"Não";1;0;0;1;0;0;1;1;-10,98054598;-48,9089545;"SPRF-TO";"DEL01-TO";"UOP01-DEL01-TO"
549077;2023-09-16;"sábado";"17:45:00";"SC";116;244;"LAGES";"Ausência de reação do condutor";"Colisão com objeto";"Com Vítimas Feridas";"Anoitecer";"Crescente";"Céu Claro";"Simples";"Reta";"Não";4;0;1;0;3;0;1;2;-27,78925388;-50,35413817;"SPRF-SC";"DEL05-SC";"UOP01-DEL05-SC"
549079;2023-09-16;"sábado";"19:20:00";"PR";116;126;"FAZENDA RIO GRANDE";"Ingestão de álcool pelo condutor";"Colisão traseira";"Sem Vítimas";"Plena Noite";"Decrescente";"Céu Claro";"Múltipla";"Reta";"Sim";2;0;0;0;2;0;0;2;-25,60389895;-49,31824423;"SPRF-PR";"DEL01-PR";"UOP03-DEL01-PR"
549082;2023-09-16;"sábado";"20:00:00";"SP";116;474;"PARIQUERA-ACU";"Pedestre cruzava a pista fora da faixa";"Atropelamento de Pedestre";"Com Vítimas Feridas";"Plena Noite";"Decrescente";"Céu Claro";"Dupla";"Reta";"Sim";2;0;1;0;1;0;1;2;-24,6915925;-47,99416065;"SPRF-SP";"DEL05-SP";"UOP01-DEL05-SP"
549083;2023-09-16;"sábado";"20:00:00";"SC";470;71;"INDAIAL";"Reação tardia ou ineficiente do condutor";"Saída de leito carroçável";"Com Vítimas Feridas";"Plena Noite";"Crescente";"Céu Claro";"Dupla";"Reta";"Sim";2;0;2;0;0;0;2;1;-26,895243;-49,262104;"SPRF-SC";"DEL04-SC";"UOP01-DEL04-SC"
549084;2023-09-16;"sábado";"19:00:00";"PI";343;349,4;"TERESINA";"Retorno proibido";"Colisão lateral mesmo sentido";"Com Vítimas Feridas";"Plena Noite";"Crescente";"Céu Claro";"Simples";"Reta";"Sim";2;0;0;1;1;0;1;2;-5,122515;-42,794392;"SPRF-PI";"DEL01-PI";"UOP02-DEL01-PI"
549085;2023-09-16;"sábado";"19:40:00";"MG";40;560;"SANTA BARBARA";"Entrada inopinada do pedestre";"Atropelamento de Pedestre";"Com Vítimas Fatais";"Plena Noite";"Decrescente";"Céu Claro";"Dupla";"Reta";"Sim";3;1;0;0;1;1;0;2;-20,07321;-43,57566;"SPRF-MG";"DEL01-MG";"UOP02-DEL01-MG"
549086;2023-09-16;"sábado";"18:20:00";"SP";101;46;"UBATUBA";"Ingestão de álcool ou de substâncias psicoativas pelo pedestre";"Queda de ocupante de veículo";"Com Vítimas Feridas";"Plena Noite";"Decrescente";"Céu Claro";"Simples";"Reta";"Sim";1;0;1;0;0;0;1;1;-23,42403383;-45,07492113;"SPRF-SP";"DEL06-SP";"UOP01-DEL06-SP"
549088;2023-09-16;"sábado";"18:50:00";"RS";472;408;"SAO BORJA";"Reação tardia ou ineficiente do condutor";"Colisão traseira";"Com Vítimas Feridas";"Anoitecer";"Decrescente";"Céu Claro";"Simples";"Reta";"Não";5;0;2;0;3;0;2;2;-28,68864318;-55,99679556;"SPRF-RS";"DEL12-RS";"UOP01-DEL12-RS"
549089;2023-09-16;"sábado";"18:30:00";"RN";101;51;"CEARA-MIRIM";"Reação tardia ou ineficiente do condutor";"Colisão com objeto";"Com Vítimas Fatais";"Plena Noite";"Decrescente";"Céu Claro";"Simples";"Reta";"Não";3;1;0;0;2;0;0;3;-5,53884002;-35,31632113;"SPRF-RN";"DEL02-RN";"UOP01-DEL02-RN"
549090;2023-09-16;"sábado";"19:20:00";"MT";163;22;"ITIQUIRA";"Avarias e/ou desgaste excessivo no pneu";"Queda de ocupante de veículo";"Com Vítimas Feridas";"Plena Noite";"Decrescente";"Céu Claro";"Dupla";"Aclive;Reta";"Não";1;0;1;0;0;0;1;1;-17,32505699;-54,76070288;"SPRF-MT";"DEL02-MT";"UOP03-DEL02-MT"
549091;2023-09-16;"sábado";"20:20:00";"ES";101;159;"LINHARES";"Conversão proibida";"Colisão transversal";"Com Vítimas Feridas";"Plena Noite";"Crescente";"Nublado";"Simples";"Reta";"Sim";3;0;1;0;0;2;1;2;-19,476769;-40,114132;"SPRF-ES";"DEL04-ES";"UOP01-DEL04-ES"
549093;2023-09-16;"sábado";"20:13:00";"ES";101;4;"ICONHA";"Velocidade Incompatível";"Queda de ocupante de veículo";"Com Vítimas Feridas";"Plena Noite";"Crescente";"Céu Claro";"Dupla";"Reta";"Não";1;0;0;1;0;0;1;1;-20,79354;-40,811462;"SPRF-ES";"DEL03-ES";"UOP01-DEL03-ES"
549095;2023-09-16;"sábado";"20:43:00";"GO";50;97;"CRISTALINA";"Reação tardia ou ineficiente do condutor";"Queda de ocupante de veículo";"Com Vítimas Feridas";"Plena Noite";"Crescente";"Céu Claro";"Simples";"Em Obras";"Sim";1;0;0;1;0;0;1;1;-16,9309;-47,7117;"SPRF-DF";"DEL01-DF";"UOP02-DEL01-DF"
549096;2023-09-16;"sábado";"19:05:00";"SC";280;280;"IRINEOPOLIS";"Ausência de reação do condutor";"Saída de leito carroçável";"Com Vítimas Feridas";"Plena Noite";"Decrescente";"Céu Claro";"Simples";"Reta;Declive";"Não";1;0;0;1;0;0;1;1;-26,29669225;-50,82875994;"SPRF-SC";"DEL06-SC";"UOP04-DEL06-SC"
549097;2023-09-16;"sábado";"18:15:00";"RJ";101;504,7;"ANGRA DOS REIS";"Ausência de reação do condutor";"Colisão transversal";"Com Vítimas Feridas";"Plena Noite";"Decrescente";"Céu Claro";"Simples";"Reta";"Não";2;0;1;0;1;0;1;2;-22,9330217;-44,39328432;"SPRF-RJ";"DEL03-RJ";"UOP03-DEL03-RJ"
549099;2023-09-16;"sábado";"18:35:00";"RJ";101;525;"ANGRA DOS REIS";"Acessar a via sem observar a presença dos outros veículos";"Colisão transversal";"Com Vítimas Feridas";"Plena Noite";"Crescente";"Céu Claro";"Simples";"Interseção de Vias;Reta;Retorno Regulamentado";"Não";4;0;1;0;3;0;1;2;-23,00539889;-44,48448504;"SPRF-RJ";"DEL03-RJ";"UOP03-DEL03-RJ"
549100;2023-09-16;"sábado";"20:45:00";"RJ";101;395;"ITAGUAI";"Manobra de mudança de faixa";"Colisão lateral mesmo sentido";"Com Vítimas Feridas";"Plena Noite";"Crescente";"Céu Claro";"Dupla";"Reta";"Não";3;0;1;0;2;0;1;2;-22,88237391;-43,72205597;"SPRF-RJ";"DEL03-RJ";"UOP01-DEL03-RJ"
549101;2023-09-16;"sábado";"18:25:00";"BA";324;526,5;"FEIRA DE SANTANA";"Manobra de mudança de faixa";"Colisão lateral mesmo sentido";"Com Vítimas Feridas";"Anoitecer";"Decrescente";"Céu Claro";"Dupla";"Curva";"Não";2;0;1;0;1;0;1;2;-12,30639712;-38,89051509;"SPRF-BA";"DEL01-BA";"UOP03-DEL01-BA"
549103;2023-09-16;"sábado";"21:30:00";"ES";262;55;"MARECHAL FLORIANO";"Transitar na contramão";"Colisão frontal";"Com Vítimas Feridas";"Plena Noite";"Crescente";"Céu Claro";"Simples";"Reta;Declive";"Não";2;0;0;1;1;0;1;2;-20,41120651;-40,7479394;"SPRF-ES";"DEL01-ES";"UOP01-DEL01-ES"
549104;2023-09-16;"sábado";"21:00:00";"DF";251;31,8;"BRASILIA";"Manobra de mudança de faixa";"Colisão traseira";"Com Vítimas Feridas";"Plena Noite";"Crescente";"Céu Claro";"Simples";"Reta";"Não";4;0;2;0;2;0;2;2;-15,943398;-47,728924;"SPRF-DF";"DEL01-DF";"UOP01-DEL01-DF"
549105;2023-09-16;"sábado";"20:10:00";"RN";406;148;"CEARA-MIRIM";"Animais na Pista";"Atropelamento de Animal";"Com Vítimas Feridas";"Plena Noite";"Decrescente";"Céu Claro";"Simples";"Reta";"Não";1;0;1;0;0;0;1;1;-5,64738063;-35,45019595;"SPRF-RN";"DEL02-RN";"UOP01-DEL02-RN"
549106;2023-09-16;"sábado";"20:00:00";"ES";101;269,8;"SERRA";"Manobra de mudança de faixa";"Colisão lateral mesmo sentido";"Sem Vítimas";"Plena Noite";"Decrescente";"Céu Claro";"Múltipla";"Reta";"Sim";2;0;0;0;2;0;0;2;-20,21740496;-40,26990578;"SPRF-ES";"DEL02-ES";"UOP01-DEL02-ES"
549108;2023-09-16;"sábado";"21:40:00";"RS";116;148,9;"CAXIAS DO SUL";"Retorno proibido";"Colisão transversal";"Com Vítimas Feridas";"Plena Noite";"Decrescente";"Céu Claro";"Dupla";"Reta";"Sim";2;0;1;0;1;0;1;2;-29,15444539;-51,15101681;"SPRF-RS";"DEL05-RS";"UOP01-DEL05-RS"
549109;2023-09-16;"sábado";"15:00:00";"MT";364;273;"JACIARA";"Ausência de reação do condutor";"Colisão com objeto";"Com Vítimas Feridas";"Pleno dia";"Decrescente";"Céu Claro";"Dupla";"Curva";"Não";1;0;1;0;0;0;1;1;-15,96077957;-54,96772983;"SPRF-MT";"DEL05-MT";"UOP02-DEL05-MT"
549110;2023-09-16;"sábado";"20:15:00";"MG";50;184;"UBERABA";"Manobra de mudança de faixa";"Capotamento";"Com Vítimas Feridas";"Plena Noite";"Crescente";"Céu Claro";"Dupla";"Reta";"Não";4;0;4;0;0;0;4;1;-19,80945315;-47,90078523;"SPRF-MG";"DEL13-MG";"UOP01-DEL13-MG"
549112;2023-09-16;"sábado";"20:39:00";"GO";80;81;"PADRE BERNARDO";"Ingestão de álcool e/ou substâncias psicoativas pelo pedestre";"Atropelamento de Pedestre";"Com Vítimas Fatais";"Plena Noite";"Crescente";"Céu Claro";"Simples";"Declive";"Não";2;1;0;0;1;0;0;2;-15,214273;-48,579413;"SPRF-DF";"DEL03-DF";"UOP02-DEL03-DF"
549113;2023-09-16;"sábado";"21:00:00";"CE";222;32;"CAUCAIA";"Condutor Dormindo";"Queda de ocupante de veículo";"Com Vítimas Feridas";"Plena Noite";"Crescente";"Céu Claro";"Múltipla";"Curva;Retorno Regulamentado";"Não";1;0;0;1;0;0;1;1;-3,70784148;-38,83774211;"SPRF-CE";"DEL01-CE";"UOP01-DEL01-CE"
549115;2023-09-16;"sábado";"21:51:00";"GO";40;7,7;"LUZIANIA";"Pedestre cruzava a pista fora da faixa";"Atropelamento de Pedestre";"Com Vítimas Fatais";"Plena Noite";"Decrescente";"Nublado";"Simples";"Reta";"Sim";6;1;0;0;5;0;0;2;-16,108482;-47,972524;"SPRF-DF";"DEL01-DF";"UOP01-DEL01-DF"
549116;2023-09-16;"sábado";"22:00:00";"RN";226;161,3;"CURRAIS NOVOS";"Ingestão de álcool pelo condutor";"Colisão lateral sentido oposto";"Com Vítimas Feridas";"Plena Noite";"Decrescente";"Céu Claro";"Simples";"Aclive;Reta";"Não";2;0;1;0;1;0;1;2;-6,20462671;-36,40252638;"SPRF-RN";"DEL03-RN";"UOP02-DEL03-RN"
549117;2023-09-16;"sábado";"21:50:00";"PR";277;82,3;"SAO JOSE DOS PINHAIS";"Acesso irregular";"Capotamento";"Com Vítimas Feridas";"Plena Noite";"Decrescente";"Céu Claro";"Dupla";"Reta";"Sim";2;0;1;0;0;1;1;1;-25,45594962;-49,22370315;"SPRF-PR";"DEL01-PR";"UOP01-DEL01-PR"
549118;2023-09-16;"sábado";"22:15:00";"RJ";101;71,2;"CAMPOS DOS GOYTACAZES";"Pedestre andava na pista";"Atropelamento de Pedestre";"Com Vítimas Feridas";"Pleno dia";"Decrescente";"Céu Claro";"Simples";"Reta";"Não";1;0;0;1;0;0;1;1;-21,78577807;-41,38139396;"SPRF-RJ";"DEL08-RJ";"UOP02-DEL08-RJ"
549119;2023-09-16;"sábado";"20:19:00";"PI";316;44;"LAGOA DO PIAUI";"Animais na Pista";"Atropelamento de Animal";"Sem Vítimas";"Plena Noite";"Crescente";"Céu Claro";"Simples";"Curva";"Não";2;0;0;0;2;0;0;1;-5,43754797;-42,63447174;"SPRF-PI";"DEL01-PI";"UOP02-DEL01-PI"
549120;2023-09-16;"sábado";"22:00:00";"GO";50;277,2;"CATALAO";"Animais na Pista";"Atropelamento de Animal";"Com Vítimas Feridas";"Plena Noite";"Decrescente";"Céu Claro";"Simples";"Reta";"Sim";4;0;1;0;3;0;1;1;-18,1652;-47,9113;"SPRF-GO";"DEL06-GO";"UOP01-DEL06-GO"
549121;2023-09-16;"sábado";"22:20:00";"SC";282;22;"SANTO AMARO DA IMPERATRIZ";"Condutor deixou de manter distância do veículo da frente";"Colisão traseira";"Sem Vítimas";"Plena Noite";"Decrescente";"Céu Claro";"Simples";"Reta";"Não";2;0;0;0;2;0;0;2;-27,688507;-48,72739;"SPRF-SC";"DEL01-SC";"UOP02-DEL01-SC"
549122;2023-09-16;"sábado";"22:00:00";"GO";50;111;"CRISTALINA";"Condutor Dormindo";"Colisão com objeto";"Sem Vítimas";"Plena Noite";"Decrescente";"Céu Claro";"Dupla";"Reta";"Não";1;0;0;0;1;0;0;1;-16,864124;-47,677686;"SPRF-DF";"DEL01-DF";"UOP02-DEL01-DF"
549123;2023-09-16;"sábado";"21:30:00";"SP";116;116;"TAUBATE";"Ingestão de álcool pelo condutor";"Colisão traseira";"Com Vítimas Feridas";"Plena Noite";"Crescente";"Céu Claro";"Dupla";"Reta";"Não";5;0;2;1;2;0;3;2;-23,05376319;-45,6088049;"SPRF-SP";"DEL02-SP";"UOP02-DEL02-SP"
549124;2023-09-16;"sábado";"22:45:00";"SP";116;230;"SAO PAULO";"Ausência de reação do condutor";"Colisão traseira";"Com Vítimas Feridas";"Plena Noite";"Crescente";"Céu Claro";"Múltipla";"Reta";"Sim";2;0;1;0;1;0;1;2;-23,52251783;-46,5855702;"SPRF-SP";"DEL01-SP";"UOP01-DEL01-SP"
549126;2023-09-16;"sábado";"21:57:00";"PR";376;166;"MARINGA";"Ausência de reação do condutor";"Colisão traseira";"Com Vítimas Feridas";"Plena Noite";"Decrescente";"Nublado";"Dupla";"Reta";"Não";2;0;1;0;0;1;1;2;-23,39663206;-52,00514304;"SPRF-PR";"DEL09-PR";"UOP01-DEL09-PR"
549128;2023-09-16;"sábado";"22:40:00";"MG";262;13,5;"MARTINS SOARES";"Reação tardia ou ineficiente do condutor";"Colisão lateral sentido oposto";"Sem Vítimas";"Plena Noite";"Decrescente";"Céu Claro";"Simples";"Reta;Declive";"Não";4;0;0;0;3;1;0;2;-20,25771509;-41,86161294;"SPRF-MG";"DEL06-MG";"UOP03-DEL06-MG"
549129;2023-09-16;"sábado";"22:00:00";"PE";101;70;"RECIFE";"Animais na Pista";"Tombamento";"Com Vítimas Feridas";"Plena Noite";"Crescente";"Céu Claro";"Dupla";"Reta";"Sim";1;0;0;1;0;0;1;1;-8,07696628;-34,94301975;"SPRF-PE";"DEL01-PE";"UOP01-DEL01-PE"
549131;2023-09-16;"sábado";"23:58:00";"SP";116;69,6;"APARECIDA";"Demais falhas mecânicas ou elétricas";"Incêndio";"Sem Vítimas";"Plena Noite";"Crescente";"Céu Claro";"Dupla";"Reta";"Sim";1;0;0;0;1;0;0;1;-22,84017188;-45,22364349;"SPRF-SP";"DEL08-SP";"UOP01-DEL08-SP"
549132;2023-09-16;"sábado";"19:30:00";"RS";470;333,6;"TRIUNFO";"Reação tardia ou ineficiente do condutor";"Colisão traseira";"Com Vítimas Feridas";"Plena Noite";"Decrescente";"Céu Claro";"Simples";"Aclive;Reta";"Sim";5;0;3;0;1;1;3;3;-29,87750324;-51,71143413;"SPRF-RS";"DEL04-RS";"UOP02-DEL04-RS"
549133;2023-09-16;"sábado";"21:00:00";"PR";376;13;"MARINGA";"Ingestão de álcool pelo condutor";"Colisão com objeto";"Sem Vítimas";"Plena Noite";"Crescente";"Céu Claro";"Dupla";"Curva;Declive";"Não";1;0;0;0;1;0;0;1;-23,4273;-51,9375;"SPRF-PR";"DEL09-PR";"UOP01-DEL09-PR"
549135;2023-09-16;"sábado";"21:00:00";"AL";316;122;"CACIMBINHAS";"Condutor deixou de manter distância do veículo da frente";"Colisão traseira";"Com Vítimas Feridas";"Plena Noite";"Crescente";"Céu Claro";"Simples";"Reta";"Não";3;0;2;0;0;1;2;2;-9,40032336;-36,92082803;"SPRF-AL";"DEL03-AL";"UOP01-DEL03-AL"