"id";"data_inversa";"dia_semana";"horario";"uf";"br";"km";"municipio";"causa_acidente";"tipo_acidente";"classificacao_acidente";"fase_dia";"sentido_via";"condicao_metereologica";"tipo_pista";"tracado_via";"uso_solo";"pessoas";"mortos";"feridos_leves";"feridos_graves";"ilesos";"ignorados";"feridos";"veiculos";"latitude";"longitude";"regional";"delegacia";"uop"
549139;2023-09-16;"sábado";"23:30:00";"GO";70;4,6;"AGUAS LINDAS DE GOIAS";"Manobra de mudança de faixa";"Colisão traseira";"Com Vítimas Feridas";"Plena Noite";"Decrescente";"Nublado";"Dupla";"Declive;Reta";"Sim";3;0;1;0;2;0;1;2;-15,758739;-48,251236;"SPRF-DF";"DEL03-DF";"UOP02-DEL03-DF"
549141;2023-09-16;"sábado";"22:10:00";"SC";282;396;"JOACABA";"Ingestão de álcool pelo condutor";"Colisão com objeto";"Sem Vítimas";"Plena Noite";"Decrescente";"Céu Claro";"Simples";"Reta";"Não";1;0;0;0;1;0;0;1;-27,155375;-51,601593;"SPRF-SC";"DEL07-SC";"UOP05-DEL07-SC"
549142;2023-09-17;"domingo";"00:25:00";"DF";20;40;"BRASILIA";"Ingestão de álcool pelo condutor";"Saída de leito carroçável";"Sem Vítimas";"Plena Noite";"Decrescente";"Céu Claro";"Dupla";"Curva;Aclive;Ponte";"Não";1;0;0;0;1;0;0;1;-15,581853;-47,512711;"SPRF-DF";"DEL02-DF";"UOP01-DEL02-DF"
549143;2023-09-17;"domingo";"01:00:00";"RS";290;108;"ELDORADO DO SUL";"Entrada inopinada do pedestre";"Atropelamento de Pedestre";"Com Vítimas Feridas";"Plena Noite";"Decrescente";"Céu Claro";"Dupla";"Reta";"Sim";3;0;2;1;0;0;3;2;-30,006546;-51,312927;"SPRF-RS";"DEL02-RS";"UOP01-DEL02-RS"
549144;2023-09-16;"sábado";"23:40:00";"GO";153;302;"RIALMA";"Ausência de reação do condutor";"Capotamento";"Com Vítimas Feridas";"Plena Noite";"Crescente";"Chuva";"Simples";"Aclive;Reta";"Não";4;0;2;0;2;0;2;1;-15,294864;-49,568897;"SPRF-GO";"DEL02-GO";"UOP02-DEL02-GO"
549145;2023-09-17;"domingo";"01:10:00";"BA";324;558;"AMELIA RODRIGUES";"Ausência de reação do condutor";"Colisão com objeto";"Com Vítimas Feridas";"Plena Noite";"Decrescente";"Nublado";"Dupla";"Reta";"Não";2;0;1;0;1;0;1;1;-12,48182515;-38,66808011;"SPRF-BA";"DEL01-BA";"UOP03-DEL01-BA"
549146;2023-09-16;"sábado";"22:46:00";"GO";153;297,9;"RIALMA";"Curva acentuada";"Queda de ocupante de veículo";"Com Vítimas Feridas";"Plena Noite";"Decrescente";"Garoa/Chuvisco";"Simples";"Curva";"Não";2;0;2;0;0;0;2;1;-15,262218;-49,547047;"SPRF-GO";"DEL02-GO";"UOP02-DEL02-GO"
549147;2023-09-17;"domingo";"01:00:00";"GO";70;0,5;"AGUAS LINDAS DE GOIAS";"Reação tardia ou ineficiente do condutor";"Colisão com objeto";"Com Vítimas Feridas";"Plena Noite";"Crescente";"Céu Claro";"Dupla";"Reta";"Não";3;0;1;1;1;0;2;1;-15,783543;-48,2326;"SPRF-DF";"DEL03-DF";"UOP02-DEL03-DF"
549148;2023-09-16;"sábado";"20:20:00";"PB";230;464;"SOUSA";"Acessar a via sem observar a presença dos outros veículos";"Colisão transversal";"Com Vítimas Feridas";"Pleno dia";"Decrescente";"Céu Claro";"Simples";"Reta";"Não";2;0;1;0;1;0;1;2;-6,7786;-38,2341;"SPRF-PB";"DEL03-PB";"UOP03-DEL03-PB"
549149;2023-09-17;"domingo";"02:00:00";"MG";354;750;"ITANHANDU";"Velocidade Incompatível";"Saída de leito carroçável";"Com Vítimas Feridas";"Plena Noite";"Decrescente";"Céu Claro";"Simples";"Curva";"Não";1;0;0;1;0;0;1;1;-22,28077569;-44,87170669;"SPRF-MG";"DEL17-MG";"UOP01-DEL17-MG"
549152;2023-09-17;"domingo";"00:35:00";"SC";116;169;"PONTE ALTA DO NORTE";"Ultrapassagem Indevida";"Colisão frontal";"Com Vítimas Feridas";"Plena Noite";"Crescente";"Nublado";"Dupla";"Reta";"Não";3;0;1;1;0;1;2;2;-27,18614796;-50,46482181;"SPRF-SC";"DEL05-SC";"UOP03-DEL05-SC"
549153;2023-09-17;"domingo";"01:40:00";"MG";50;91,8;"UBERLANDIA";"Condutor Dormindo";"Saída de leito carroçável";"Com Vítimas Feridas";"Plena Noite";"Decrescente";"Céu Claro";"Dupla";"Reta";"Não";2;0;2;0;0;0;2;1;-19,05745188;-48,19415161;"SPRF-MG";"DEL15-MG";"UOP01-DEL15-MG"
549154;2023-09-17;"domingo";"02:30:00";"SP";116;449;"REGISTRO";"Ausência de reação do condutor";"Colisão traseira";"Com Vítimas Fatais";"Plena Noite";"Crescente";"Céu Claro";"Dupla";"Reta";"Não";4;1;1;1;1;0;2;3;-24,52913591;-47,85619324;"SPRF-SP";"DEL05-SP";"UOP01-DEL05-SP"
549155;2023-09-17;"domingo";"02:15:00";"RS";392;262,7;"CACAPAVA DO SUL";"Pista esburacada";"Incêndio";"Sem Vítimas";"Plena Noite";"Decrescente";"Céu Claro";"Simples";"Curva";"Não";1;0;0;0;1;0;0;1;-30,46762575;-53,48766755;"SPRF-RS";"DEL09-RS";"UOP02-DEL09-RS"
549157;2023-09-17;"domingo";"01:40:00";"RN";304;6,9;"MOSSORO";"Pedestre andava na pista";"Atropelamento de Pedestre";"Com Vítimas Feridas";"Plena Noite";"Crescente";"Céu Claro";"Simples";"Reta";"Não";3;0;2;1;0;0;3;2;-4,9257959;-37,41798185;"SPRF-RN";"DEL04-RN";"UOP02-DEL04-RN"
549158;2023-09-17;"domingo";"01:00:00";"PA";316;28;"SANTA IZABEL DO PARA";"Acessar a via sem observar a presença dos outros veículos";"Colisão traseira";"Com Vítimas Feridas";"Plena Noite";"Crescente";"Céu Claro";"Dupla";"Curva";"Não";2;0;0;1;1;0;1;2;-1,308578;-48,2173;"SPRF-PA";"DEL01-PA";"UOP01-DEL01-PA"
549159;2023-09-17;"domingo";"01:40:00";"PI";343;261,6;"CAMPO MAIOR";"Animais na Pista";"Atropelamento de Animal";"Com Vítimas Feridas";"Plena Noite";"Decrescente";"Céu Claro";"Simples";"Reta";"Não";1;0;1;0;0;0;1;1;-4,806726;-42,145878;"SPRF-PI";"DEL01-PI";"UOP03-DEL01-PI"
549160;2023-09-17;"domingo";"03:15:00";"RS";158;327,9;"SANTA MARIA";"Reação tardia ou ineficiente do condutor";"Atropelamento de Animal";"Com Vítimas Feridas";"Plena Noite";"Decrescente";"Céu Claro";"Simples";"Em Obras;Interseção de Vias;Viaduto;Reta";"Não";2;0;1;0;0;1;1;2;-29,71375544;-53,81532669;"SPRF-RS";"DEL09-RS";"UOP01-DEL09-RS"
549161;2023-09-17;"domingo";"04:18:00";"ES";101;259;"SERRA";"Reação tardia ou ineficiente do condutor";"Queda de ocupante de veículo";"Com Vítimas Feridas";"Plena Noite";"Crescente";"Nublado";"Dupla";"Declive";"Sim";1;0;0;1;0;0;1;1;-20,138397;-40,292213;"SPRF-ES";"DEL02-ES";"UOP01-DEL02-ES"
549162;2023-09-17;"domingo";"03:50:00";"SC";470;57;"BLUMENAU";"Reação tardia ou ineficiente do condutor";"Saída de leito carroçável";"Sem Vítimas";"Plena Noite";"Crescente";"Céu Claro";"Simples";"Em Obras;Reta";"Sim";1;0;0;0;0;1;0;1;-26,880428;-49,136532;"SPRF-SC";"DEL04-SC";"UOP01-DEL04-SC"
549163;2023-09-17;"domingo";"03:50:00";"PI";343;340,9;"TERESINA";"Ausência de reação do condutor";"Colisão com objeto";"Sem Vítimas";"Plena Noite";"Decrescente";"Céu Claro";"Dupla";"Reta;Declive;Em Obras";"Sim";1;0;0;0;0;1;0;1;-5,074137;-42,73629;"SPRF-PI";"DEL01-PI";"UOP01-DEL01-PI"
549164;2023-09-17;"domingo";"02:50:00";"SP";153;286;"OCAUCU";"Condutor Dormindo";"Saída de leito carroçável";"Com Vítimas Feridas";"Pleno dia";"Decrescente";"Céu Claro";"Simples";"Reta;Declive";"Não";1;0;1;0;0;0;1;1;-22,46005506;-49,87663694;"SPRF-SP";"DEL07-SP";"UOP02-DEL07-SP"
549165;2023-09-17;"domingo";"04:05:00";"RS";116;152,4;"CAXIAS DO SUL";"Ingestão de álcool pelo condutor";"Saída de leito carroçável";"Com Vítimas Feridas";"Plena Noite";"Crescente";"Céu Claro";"Simples";"Curva";"Sim";1;0;1;0;0;0;1;1;-29,1829343;-51,16801501;"SPRF-RS";"DEL05-RS";"UOP01-DEL05-RS"
549166;2023-09-17;"domingo";"04:10:00";"MS";163;257;"DOURADOS";"Reação tardia ou ineficiente do condutor";"Queda de ocupante de veículo";"Com Vítimas Feridas";"Plena Noite";"Crescente";"Céu Claro";"Dupla";"Reta";"Não";1;0;1;0;0;0;1;1;-22,25888398;-54,793819;"SPRF-MS";"DEL04-MS";"UOP01-DEL04-MS"
549167;2023-07-27;"quinta-feira";"05:20:00";"PI";343;478;"ANGICAL DO PIAUI";"Animais na Pista";"Atropelamento de Animal";"Com Vítimas Feridas";"Plena Noite";"Decrescente";"Céu Claro";"Simples";"Curva";"Não";1;0;0;1;0;0;1;1;-6,152664;-42,712521;"SPRF-PI";"DEL01-PI";"UOP02-DEL01-PI"
549168;2023-09-17;"domingo";"04:40:00";"RJ";116;176;"SAO JOAO DE MERITI";"Ausência de reação do condutor";"Colisão traseira";"Com Vítimas Feridas";"Amanhecer";"Decrescente";"Céu Claro";"Dupla";"Reta";"Sim";3;0;1;0;2;0;1;3;-22,7839538;-43,38195488;"SPRF-RJ";"DEL01-RJ";"UOP02-DEL01-RJ"
549170;2023-09-17;"domingo";"03:30:00";"SC";101;317;"PESCARIA BRAVA";"Acesso irregular";"Colisão frontal";"Com Vítimas Feridas";"Plena Noite";"Crescente";"Céu Claro";"Dupla";"Reta";"Não";3;0;0;3;0;0;3;2;-28,42708421;-48,85211624;"SPRF-SC";"DEL02-SC";"UOP01-DEL02-SC"
549171;2023-09-17;"domingo";"06:15:00";"SP";381;57;"MAIRIPORA";"Ingestão de álcool pelo condutor";"Queda de ocupante de veículo";"Com Vítimas Feridas";"Amanhecer";"Crescente";"Céu Claro";"Dupla";"Reta";"Não";2;0;2;0;0;0;2;1;-23,2658219;-46,5839857;"SPRF-SP";"DEL03-SP";"UOP01-DEL03-SP"
549173;2023-09-17;"domingo";"06:15:00";"SC";101;132;"BALNEARIO CAMBORIU";"Ausência de reação do condutor";"Colisão traseira";"Com Vítimas Feridas";"Pleno dia";"Crescente";"Nublado";"Dupla";"Reta";"Sim";4;0;3;0;1;0;3;2;-26,99654133;-48,65564711;"SPRF-SC";"DEL04-SC";"UOP03-DEL04-SC"
549174;2023-09-16;"sábado";"23:30:00";"RO";319;63;"PORTO VELHO";"Ingestão de álcool pelo condutor";"Colisão traseira";"Com Vítimas Feridas";"Plena Noite";"Decrescente";"Céu Claro";"Múltipla";"Interseção de Vias;Reta";"Sim";5;0;1;0;2;2;1;2;-8,75869428;-63,88573929;"SPRF-RO";"DEL01-RO";"UOP01-DEL01-RO"
549175;2023-09-17;"domingo";"05:00:00";"RJ";40;110;"DUQUE DE CAXIAS";"Avarias e/ou desgaste excessivo no pneu";"Queda de ocupante de veículo";"Com Vítimas Feridas";"Amanhecer";"Decrescente";"Céu Claro";"Múltipla";"Reta";"Sim";1;0;1;0;0;0;1;1;-22,68289906;-43,28549346;"SPRF-RJ";"DEL01-RJ";"UOP01-DEL01-RJ"
549177;2023-09-16;"sábado";"21:20:00";"MS";163;103;"ITAQUIRAI";"Demais falhas mecânicas ou elétricas";"Incêndio";"Sem Vítimas";"Plena Noite";"Decrescente";"Céu Claro";"Simples";"Curva";"Não";1;0;0;0;0;1;0;1;-23,25402074;-54,22770482;"SPRF-MS";"DEL09-MS";"UOP01-DEL09-MS"
549178;2023-09-17;"domingo";"05:10:00";"MG";50;46;"ARAGUARI";"Ingestão de álcool pelo condutor";"Saída de leito carroçável";"Sem Vítimas";"Amanhecer";"Decrescente";"Céu Claro";"Dupla";"Reta;Aclive";"Não";1;0;0;0;1;0;0;1;-18,72016606;-48,20216392;"SPRF-MG";"DEL15-MG";"UOP02-DEL15-MG"
549179;2023-09-17;"domingo";"05:00:00";"SC";101;154;"PORTO BELO";"Reação tardia ou ineficiente do condutor";"Saída de leito carroçável";"Sem Vítimas";"Amanhecer";"Decrescente";"Céu Claro";"Múltipla";"Reta";"Não";1;0;0;0;1;0;0;1;-27,153819;-48,61086393;"SPRF-SC";"DEL04-SC";"UOP03-DEL04-SC"
549183;2023-09-17;"domingo";"04:00:00";"PR";376;525,3;"PONTA GROSSA";"Ingestão de álcool pelo condutor";"Saída de leito carroçável";"Sem Vítimas";"Plena Noite";"Crescente";"Céu Claro";"Dupla";"Reta";"Não";2;0;0;0;1;1;0;1;-25,31565784;-49,87766188;"SPRF-PR";"DEL03-PR";"UOP04-DEL03-PR"
549184;2023-09-16;"sábado";"00:45:00";"RJ";101;328;"NITEROI";"Ausência de reação do condutor";"Colisão com objeto";"Com Vítimas Feridas";"Plena Noite";"Decrescente";"Céu Claro";"Múltipla";"Reta";"Não";4;0;2;0;2;0;2;3;-22,87028692;-43,16579699;"SPRF-RJ";"DEL02-RJ";"UOP01-DEL02-RJ"
549185;2023-09-17;"domingo";"05:00:00";"BA";242;516;"OLIVEIRA DOS BREJINHOS";"Reação tardia ou ineficiente do condutor";"Saída de leito carroçável";"Com Vítimas Fatais";"Amanhecer";"Crescente";"Céu Claro";"Simples";"Em Obras;Reta";"Não";1;1;0;0;0;0;0;1;-12,31702385;-42,58836731;"SPRF-BA";"DEL06-BA";"UOP01-DEL06-BA"
549187;2023-09-17;"domingo";"05:30:00";"MS";163;241;"DOURADOS";"Ingestão de álcool pelo condutor";"Tombamento";"Com Vítimas Feridas";"Amanhecer";"Crescente";"Céu Claro";"Simples";"Reta";"Não";1;0;1;0;0;0;1;1;-22,38181002;-54,79220932;"SPRF-MS";"DEL04-MS";"UOP02-DEL04-MS"
549188;2023-09-17;"domingo";"06:30:00";"SC";282;368;"CAMPOS NOVOS";"Reação tardia ou ineficiente do condutor";"Saída de leito carroçável";"Sem Vítimas";"Amanhecer";"Decrescente";"Céu Claro";"Simples";"Aclive;Reta";"Não";2;0;0;0;0;2;0;1;-27,332703;-51,3500126;"SPRF-SC";"DEL07-SC";"UOP05-DEL07-SC"
549189;2023-09-17;"domingo";"06:40:00";"RJ";356;49;"ITAPERUNA";"Reação tardia ou ineficiente do condutor";"Saída de leito carroçável";"Com Vítimas Feridas";"Amanhecer";"Crescente";"Céu Claro";"Simples";"Curva";"Não";1;0;1;0;0;0;1;1;-21,24835224;-41,7818749;"SPRF-RJ";"DEL08-RJ";"UOP03-DEL08-RJ"
549190;2023-09-17;"domingo";"00:10:00";"MG";116;563,7;"MANHUACU";"Velocidade Incompatível";"Saída de leito carroçável";"Sem Vítimas";"Plena Noite";"Decrescente";"Céu Claro";"Simples";"Curva";"Não";1;0;0;0;0;1;0;1;-20,05498398;-42,17498796;"SPRF-MG";"DEL06-MG";"UOP03-DEL06-MG"
549191;2023-09-17;"domingo";"07:40:00";"SC";101;195;"BIGUACU";"Acessar a via sem observar a presença dos outros veículos";"Atropelamento de Pedestre";"Com Vítimas Feridas";"Pleno dia";"Decrescente";"Céu Claro";"Múltipla";"Reta";"Não";2;0;1;0;1;0;1;2;-27,5047092;-48,65010819;"SPRF-SC";"DEL01-SC";"UOP01-DEL01-SC"
549192;2023-09-17;"domingo";"06:20:00";"MG";116;309,2;"ITAMBACURI";"Ausência de reação do condutor";"Incêndio";"Sem Vítimas";"Pleno dia";"Decrescente";"Céu Claro";"Simples";"Curva";"Não";1;0;0;0;1;0;0;1;-18,03188584;-41,65290534;"SPRF-MG";"DEL11-MG";"UOP01-DEL11-MG"
549194;2023-09-17;"domingo";"07:30:00";"MG";40;773;"JUIZ DE FORA";"Condutor Dormindo";"Saída de leito carroçável";"Com Vítimas Feridas";"Pleno dia";"Crescente";"Céu Claro";"Dupla";"Reta";"Não";2;0;1;1;0;0;2;1;-21,62581762;-43,45044987;"SPRF-MG";"DEL05-MG";"UOP01-DEL05-MG"
549195;2023-09-16;"sábado";"16:00:00";"RJ";116;81;"TERESOPOLIS";"Ausência de reação do condutor";"Colisão traseira";"Sem Vítimas";"Pleno dia";"Crescente";"Céu Claro";"Simples";"Curva";"Sim";2;0;0;0;1;1;0;2;-22,39843405;-42,95507553;"SPRF-RJ";"DEL04-RJ";"UOP01-DEL04-RJ"
549196;2023-09-01;"sexta-feira";"19:00:00";"AP";210;4;"MACAPA";"Acessar a via sem observar a presença dos outros veículos";"Atropelamento de Pedestre";"Com Vítimas Feridas";"Plena Noite";"Crescente";"Céu Claro";"Dupla";"Reta;Declive";"Sim";2;0;1;0;1;0;1;2;0,08824228;-51,09472897;"SPRF-AP";"DEL01-AP";"UOP01-DEL01-AP"
549197;2023-09-17;"domingo";"08:00:00";"MG";381;341;"BELA VISTA DE MINAS";"Ausência de reação do condutor";"Saída de leito carroçável";"Com Vítimas Feridas";"Pleno dia";"Crescente";"Céu Claro";"Simples";"Curva";"Sim";1;0;0;1;0;0;1;1;-19,81861215;-43,06762934;"SPRF-MG";"DEL03-MG";"UOP01-DEL03-MG"
549198;2023-09-17;"domingo";"07:50:00";"RS";293;22,5;"CAPAO DO LEAO";"Condutor Dormindo";"Saída de leito carroçável";"Com Vítimas Feridas";"Pleno dia";"Decrescente";"Céu Claro";"Simples";"Reta";"Não";1;0;1;0;0;0;1;1;-31,73624309;-52,54172002;"SPRF-RS";"DEL07-RS";"UOP01-DEL07-RS"
549199;2023-09-17;"domingo";"08:30:00";"CE";20;398;"CAUCAIA";"Conversão proibida";"Colisão lateral mesmo sentido";"Com Vítimas Feridas";"Pleno dia";"Decrescente";"Céu Claro";"Simples";"Reta";"Não";2;0;1;0;1;0;1;2;-3,8094938;-38,73009916;"SPRF-CE";"DEL01-CE";"UOP01-DEL01-CE"
549201;2023-09-17;"domingo";"07:45:00";"GO";50;195;"CAMPO ALEGRE DE GOIAS";"Acessar a via sem observar a presença dos outros veículos";"Colisão lateral mesmo sentido";"Sem Vítimas";"Pleno dia";"Crescente";"Céu Claro";"Dupla";"Reta;Retorno Regulamentado";"Não";4;0;0;0;3;1;0;2;-17,5368;-47,8289;"SPRF-GO";"DEL06-GO";"UOP01-DEL06-GO"
549205;2023-09-03;"domingo";"14:40:00";"BA";116;1,5;"VITORIA DA CONQUISTA";"Demais falhas mecânicas ou elétricas";"Capotamento";"Com Vítimas Feridas";"Pleno dia";"Decrescente";"Céu Claro";"Simples";"Reta";"Não";1;0;1;0;0;0;1;1;-14,851;-40,8485;"SPRF-PE";"DEL05-PE";"UOP03-DEL05-PE"
549208;2023-09-17;"domingo";"11:00:00";"MG";40;435;"PARAOPEBA";"Frear bruscamente";"Capotamento";"Com Vítimas Feridas";"Pleno dia";"Crescente";"Céu Claro";"Dupla";"Reta";"Não";3;0;2;0;1;0;2;1;-19,21980485;-44,45033788;"SPRF-MG";"DEL02-MG";"UOP01-DEL02-MG"
549209;2023-05-13;"sábado";"09:10:00";"RJ";116;173;"SAO JOAO DE MERITI";"Pedestre andava na pista";"Queda de ocupante de veículo";"Com Vítimas Feridas";"Pleno dia";"Decrescente";"Céu Claro";"Dupla";"Reta";"Não";3;0;2;0;1;0;2;3;-22,79810324;-43,35726614;"SPRF-RJ";"DEL01-RJ";"UOP02-DEL01-RJ"
549210;2023-09-17;"domingo";"10:45:00";"SC";101;206,2;"SAO JOSE";"Frear bruscamente";"Queda de ocupante de veículo";"Com Vítimas Feridas";"Pleno dia";"Decrescente";"Céu Claro";"Dupla";"Reta";"Sim";2;0;1;0;1;0;1;2;-27,59193546;-48,61824557;"SPRF-SC";"DEL01-SC";"UOP01-DEL01-SC"
549211;2023-09-17;"domingo";"10:20:00";"RJ";40;111;"DUQUE DE CAXIAS";"Demais falhas mecânicas ou elétricas";"Tombamento";"Com Vítimas Feridas";"Pleno dia";"Crescente";"Céu Claro";"Múltipla";"Reta";"Sim";2;0;2;0;0;0;2;1;-22,691868;-43,287453;"SPRF-RJ";"DEL01-RJ";"UOP01-DEL01-RJ"
549212;2023-09-17;"domingo";"11:00:00";"ES";262;64;"MARECHAL FLORIANO";"Velocidade Incompatível";"Saída de leito carroçável";"Sem Vítimas";"Pleno dia";"Crescente";"Sol";"Simples";"Curva";"Não";1;0;0;0;0;1;0;1;-20,41797008;-40,81618087;"SPRF-ES";"DEL01-ES";"UOP02-DEL01-ES"
549214;2023-09-17;"domingo";"10:00:00";"CE";222;77;"SAO LUIS DO CURU";"Acessar a via sem observar a presença dos outros veículos";"Colisão transversal";"Com Vítimas Feridas";"Pleno dia";"Crescente";"Céu Claro";"Simples";"Reta";"Sim";2;0;1;0;1;0;1;2;-3,67137027;-39,23351021;"SPRF-CE";"DEL04-CE";"UOP03-DEL04-CE"
549215;2023-09-17;"domingo";"10:00:00";"RJ";393;175,4;"TRES RIOS";"Acessar a via sem observar a presença dos outros veículos";"Colisão traseira";"Com Vítimas Feridas";"Pleno dia";"Decrescente";"Céu Claro";"Simples";"Reta";"Sim";2;0;1;0;1;0;1;2;-22,12499315;-43,22928071;"SPRF-RJ";"DEL05-RJ";"UOP02-DEL05-RJ"
549217;2023-09-17;"domingo";"09:00:00";"GO";153;499;"GOIANIA";"Ultrapassagem Indevida";"Colisão lateral mesmo sentido";"Com Vítimas Feridas";"Pleno dia";"Decrescente";"Nublado";"Dupla";"Reta";"Sim";3;0;1;0;2;0;1;2;-16,7033;-49,2311;"SPRF-GO";"DEL01-GO";"UOP01-DEL01-GO"
549218;2023-09-17;"domingo";"12:40:00";"PE";232;50;"VITORIA DE SANTO ANTAO";"Acessar a via sem observar a presença dos outros veículos";"Colisão lateral mesmo sentido";"Sem Vítimas";"Pleno dia";"Decrescente";"Céu Claro";"Dupla";"Reta";"Sim";3;0;0;0;3;0;0;2;-8,14106223;-35,32322707;"SPRF-PE";"DEL01-PE";"UOP01-DEL01-PE"
549220;2023-09-17;"domingo";"10:00:00";"RJ";116;226;"PIRAI";"Pista Escorregadia";"Tombamento";"Com Vítimas Feridas";"Pleno dia";"Crescente";"Céu Claro";"Simples";"Aclive;Curva";"Não";2;0;2;0;0;0;2;1;-22,67208078;-43,81789284;"SPRF-RJ";"DEL07-RJ";"UOP01-DEL07-RJ"
549222;2023-09-17;"domingo";"12:50:00";"ES";101;271,1;"SERRA";"Condutor deixou de manter distância do veículo da frente";"Colisão traseira";"Com Vítimas Feridas";"Pleno dia";"Crescente";"Céu Claro";"Simples";"Reta";"Sim";2;0;1;0;1;0;1;2;-20,23267;-40,27658;"SPRF-ES";"DEL02-ES";"UOP01-DEL02-ES"
549224;2023-09-17;"domingo";"13:00:00";"SC";101;133,6;"BALNEARIO CAMBORIU";"Reação tardia ou ineficiente do condutor";"Colisão traseira";"Com Vítimas Feridas";"Pleno dia";"Decrescente";"Céu Claro";"Múltipla";"Reta";"Sim";4;0;2;0;2;0;2;2;-26,99654133;-48,65564711;"SPRF-SC";"DEL04-SC";"UOP03-DEL04-SC"
549225;2023-09-17;"domingo";"11:15:00";"SP";153;158,5;"PROMISSAO";"Ingestão de álcool pelo condutor";"Tombamento";"Com Vítimas Feridas";"Pleno dia";"Decrescente";"Céu Claro";"Simples";"Reta";"Não";1;0;1;0;0;0;1;1;-21,48929697;-49,77999964;"SPRF-SP";"DEL07-SP";"UOP01-DEL07-SP"
549227;2023-09-17;"domingo";"11:45:00";"RJ";101;457,7;"ANGRA DOS REIS";"Conversão proibida";"Queda de ocupante de veículo";"Com Vítimas Feridas";"Pleno dia";"Crescente";"Céu Claro";"Simples";"Aclive;Reta";"Não";1;0;1;0;0;0;1;1;-23,03149804;-44,17715297;"SPRF-RJ";"DEL03-RJ";"UOP03-DEL03-RJ"
549228;2023-09-17;"domingo";"13:00:00";"MG";364;22,6;"FRUTAL";"Demais falhas mecânicas ou elétricas";"Incêndio";"Sem Vítimas";"Pleno dia";"Decrescente";"Céu Claro";"Simples";"Reta;Declive";"Não";3;0;0;0;3;0;0;1;-20,04238555;-48,85371208;"SPRF-MG";"DEL13-MG";"UOP02-DEL13-MG"
549229;2023-09-17;"domingo";"13:10:00";"PR";376;338,9;"ORTIGUEIRA";"Demais falhas mecânicas ou elétricas";"Tombamento";"Com Vítimas Feridas";"Pleno dia";"Crescente";"Céu Claro";"Simples";"Aclive;Curva";"Não";2;0;1;1;0;0;2;1;-24,138425;-51,005637;"SPRF-PR";"DEL07-PR";"UOP02-DEL07-PR"
549231;2023-09-17;"domingo";"10:45:00";"MG";381;602;"OLIVEIRA";"Condutor deixou de manter distância do veículo da frente";"Colisão traseira";"Com Vítimas Feridas";"Pleno dia";"Crescente";"Sol";"Dupla";"Curva;Aclive";"Não";2;0;1;0;1;0;1;2;-20,64093399;-44,73754786;"SPRF-MG";"DEL04-MG";"UOP01-DEL04-MG"
549232;2023-09-17;"domingo";"14:00:00";"ES";101;385,8;"RIO NOVO DO SUL";"Reação tardia ou ineficiente do condutor";"Saída de leito carroçável";"Com Vítimas Feridas";"Pleno dia";"Decrescente";"Céu Claro";"Simples";"Curva";"Não";1;0;1;0;0;0;1;1;-20,83675912;-40,86790091;"SPRF-ES";"DEL03-ES";"UOP01-DEL03-ES"
549233;2023-09-17;"domingo";"11:20:00";"MS";163;1,7;"MUNDO NOVO";"Ausência de reação do condutor";"Queda de ocupante de veículo";"Com Vítimas Feridas";"Pleno dia";"Crescente";"Céu Claro";"Simples";"Reta;Declive";"Não";1;0;1;0;0;0;1;1;-24,03924443;-54,27975143;"SPRF-MS";"DEL09-MS";"UOP02-DEL09-MS"
549234;2023-09-17;"domingo";"13:40:00";"MG";40;133,6;"JOAO PINHEIRO";"Reação tardia ou ineficiente do condutor";"Saída de leito carroçável";"Com Vítimas Feridas";"Pleno dia";"Crescente";"Céu Claro";"Simples";"Reta";"Não";1;0;1;0;0;0;1;1;-17,71287522;-46,25812209;"SPRF-MG";"DEL14-MG";"UOP01-DEL14-MG"
549235;2023-09-17;"domingo";"14:00:00";"MG";50;72;"UBERLANDIA";"Desrespeitar a preferência no cruzamento";"Colisão transversal";"Com Vítimas Feridas";"Pleno dia";"Crescente";"Sol";"Simples";"Interseção de Vias";"Sim";3;0;1;0;1;1;1;3;-18,85140204;-48,25345932;"SPRF-MG";"DEL15-MG";"UOP01-DEL15-MG"
549237;2023-09-17;"domingo";"11:40:00";"SC";282;42,5;"AGUAS MORNAS";"Desrespeitar a preferência no cruzamento";"Colisão transversal";"Com Vítimas Fatais";"Pleno dia";"Decrescente";"Céu Claro";"Simples";"Reta";"Não";5;1;1;3;0;0;4;2;-27,7198836;-48,8939106;"SPRF-SC";"DEL01-SC";"UOP03-DEL01-SC"
549238;2023-09-17;"domingo";"14:00:00";"CE";20;348;"CARIDADE";"Condutor Dormindo";"Colisão frontal";"Com Vítimas Feridas";"Pleno dia";"Crescente";"Sol";"Simples";"Reta";"Sim";3;0;0;2;1;0;2;2;-4,10360991;-39,05907029;"SPRF-CE";"DEL02-CE";"UOP01-DEL02-CE"
549240;2023-09-17;"domingo";"11:30:00";"RO";364;19;"VILHENA";"Transitar na contramão";"Colisão frontal";"Com Vítimas Feridas";"Pleno dia";"Crescente";"Céu Claro";"Simples";"Reta";"Não";2;0;1;0;1;0;1;2;-12,72739955;-60,18370888;"SPRF-RO";"DEL04-RO";"UOP01-DEL04-RO"
549243;2023-09-17;"domingo";"11:30:00";"SC";101;139;"BALNEARIO CAMBORIU";"Manobra de mudança de faixa";"Colisão traseira";"Com Vítimas Feridas";"Pleno dia";"Crescente";"Céu Claro";"Dupla";"Reta;Aclive";"Não";4;0;1;1;1;1;2;3;-27,02982303;-48,60115006;"SPRF-SC";"DEL04-SC";"UOP03-DEL04-SC"