"id";"data_inversa";"dia_semana";"horario";"uf";"br";"km";"municipio";"causa_acidente";"tipo_acidente";"classificacao_acidente";"fase_dia";"sentido_via";"condicao_metereologica";"tipo_pista";"tracado_via";"uso_solo";"pessoas";"mortos";"feridos_leves";"feridos_graves";"ilesos";"ignorados";"feridos";"veiculos";"latitude";"longitude";"regional";"delegacia";"uop"
549245;2023-09-17;"domingo";"15:00:00";"SC";101;83,2;"BARRA VELHA";"Acessar a via sem observar a presença dos outros veículos";"Colisão transversal";"Com Vítimas Feridas";"Pleno dia";"Crescente";"Céu Claro";"Dupla";"Interseção de Vias;Reta";"Não";2;0;1;0;1;0;1;2;-26,62325287;-48,71511698;"SPRF-SC";"DEL03-SC";"UOP02-DEL03-SC"
549246;2023-09-17;"domingo";"14:20:00";"MG";40;517,6;"RIBEIRAO DAS NEVES";"Retorno proibido";"Colisão transversal";"Com Vítimas Feridas";"Pleno dia";"Crescente";"Céu Claro";"Dupla";"Curva";"Sim";3;0;1;0;0;2;1;3;-19,82351202;-44,08438913;"SPRF-MG";"DEL01-MG";"UOP02-DEL01-MG"
549247;2023-09-17;"domingo";"13:50:00";"MG";50;194;"UBERABA";"Ausência de reação do condutor";"Saída de leito carroçável";"Com Vítimas Feridas";"Pleno dia";"Crescente";"Céu Claro";"Dupla";"Reta";"Não";2;0;1;0;1;0;1;1;-19,887439;-47,848374;"SPRF-MG";"DEL13-MG";"UOP01-DEL13-MG"
549248;2023-09-17;"domingo";"15:45:00";"SC";101;199,6;"SAO JOSE";"Condutor deixou de manter distância do veículo da frente";"Colisão traseira";"Com Vítimas Feridas";"Pleno dia";"Crescente";"Céu Claro";"Dupla";"Reta;Aclive";"Não";4;0;1;0;2;1;1;4;-27,53413705;-48,63003205;"SPRF-SC";"DEL01-SC";"UOP01-DEL01-SC"
549249;2023-09-17;"domingo";"13:35:00";"SC";101;406,8;"ARARANGUA";"Demais falhas mecânicas ou elétricas";"Saída de leito carroçável";"Com Vítimas Feridas";"Pleno dia";"Decrescente";"Céu Claro";"Dupla";"Reta";"Não";1;0;1;0;0;0;1;1;-28,91520781;-49,48658466;"SPRF-SC";"DEL02-SC";"UOP02-DEL02-SC"
549250;2023-09-17;"domingo";"14:40:00";"RJ";101;385;"RIO DE JANEIRO";"Reação tardia ou ineficiente do condutor";"Colisão traseira";"Com Vítimas Feridas";"Pleno dia";"Decrescente";"Céu Claro";"Dupla";"Reta";"Não";3;0;2;0;1;0;2;2;-22,88348988;-43,64099979;"SPRF-RJ";"DEL03-RJ";"UOP01-DEL03-RJ"
549251;2023-09-17;"domingo";"15:40:00";"PE";101;68;"RECIFE";"Mal súbito do condutor";"Saída de leito carroçável";"Com Vítimas Feridas";"Pleno dia";"Crescente";"Céu Claro";"Múltipla";"Reta";"Não";2;0;2;0;0;0;2;1;-8,05074296;-34,94580619;"SPRF-PE";"DEL01-PE";"UOP01-DEL01-PE"
549252;2023-09-17;"domingo";"15:30:00";"SP";116;447;"REGISTRO";"Ausência de reação do condutor";"Colisão traseira";"Com Vítimas Feridas";"Pleno dia";"Decrescente";"Céu Claro";"Dupla";"Em Obras;Reta";"Sim";2;0;1;0;1;0;1;2;-24,51285376;-47,85054871;"SPRF-SP";"DEL05-SP";"UOP01-DEL05-SP"
549253;2023-09-17;"domingo";"15:40:00";"PR";116;70;"QUATRO BARRAS";"Demais falhas mecânicas ou elétricas";"Colisão com objeto";"Com Vítimas Feridas";"Pleno dia";"Decrescente";"Céu Claro";"Dupla";"Reta";"Não";2;0;1;0;1;0;1;1;-25,33849717;-49,03792883;"SPRF-PR";"DEL01-PR";"UOP02-DEL01-PR"
549254;2023-09-17;"domingo";"10:50:00";"PE";232;261,9;"ARCOVERDE";"Ingestão de álcool pelo condutor";"Saída de leito carroçável";"Com Vítimas Feridas";"Pleno dia";"Decrescente";"Sol";"Simples";"Reta";"Não";2;0;0;1;0;1;1;2;-8,40930624;-37,13788894;"SPRF-PE";"DEL04-PE";"UOP02-DEL04-PE"
549255;2023-09-17;"domingo";"16:30:00";"SP";116;218;"GUARULHOS";"Demais falhas na via";"Colisão com objeto";"Com Vítimas Feridas";"Pleno dia";"Crescente";"Céu Claro";"Dupla";"Reta";"Sim";2;0;1;0;1;0;1;1;-23,457972;-46,479927;"SPRF-SP";"DEL01-SP";"UOP01-DEL01-SP"
549256;2023-09-17;"domingo";"15:46:00";"RS";116;231,7;"ESTANCIA VELHA";"Acessar a via sem observar a presença dos outros veículos";"Colisão transversal";"Com Vítimas Feridas";"Pleno dia";"Decrescente";"Céu Claro";"Dupla";"Retorno Regulamentado;Reta;Aclive";"Sim";4;0;2;0;2;0;2;2;-29,62743221;-51,13858608;"SPRF-RS";"DEL01-RS";"UOP02-DEL01-RS"
549261;2023-09-17;"domingo";"15:45:00";"BA";324;620;"SALVADOR";"Demais falhas mecânicas ou elétricas";"Queda de ocupante de veículo";"Com Vítimas Feridas";"Pleno dia";"Crescente";"Céu Claro";"Dupla";"Reta";"Sim";2;0;2;0;0;0;2;1;-12,90482172;-38,45556535;"SPRF-BA";"DEL01-BA";"UOP01-DEL01-BA"
549263;2023-09-17;"domingo";"16:30:00";"MG";381;502;"BETIM";"Velocidade Incompatível";"Colisão traseira";"Com Vítimas Feridas";"Pleno dia";"Crescente";"Céu Claro";"Dupla";"Reta";"Sim";3;0;2;0;1;0;2;2;-20,03619694;-44,24586303;"SPRF-MG";"DEL04-MG";"UOP03-DEL04-MG"
549264;2023-09-17;"domingo";"13:05:00";"PR";277;726,5;"FOZ DO IGUACU";"Acumulo de areia ou detritos sobre o pavimento";"Tombamento";"Com Vítimas Feridas";"Pleno dia";"Crescente";"Céu Claro";"Dupla";"Curva;Interseção de Vias";"Não";2;0;1;0;1;0;1;1;-25,51033166;-54,55854535;"SPRF-PR";"DEL05-PR";"UOP03-DEL05-PR"
549265;2023-09-17;"domingo";"17:30:00";"SC";470;6;"NAVEGANTES";"Reação tardia ou ineficiente do condutor";"Colisão traseira";"Com Vítimas Feridas";"Pleno dia";"Crescente";"Céu Claro";"Dupla";"Reta";"Não";3;0;2;0;1;0;2;2;-26,852238;-48,709545;"SPRF-SC";"DEL04-SC";"UOP04-DEL04-SC"
549266;2023-09-17;"domingo";"14:27:00";"GO";153;381;"SAO FRANCISCO DE GOIAS";"Ingestão de álcool pelo condutor";"Queda de ocupante de veículo";"Com Vítimas Feridas";"Pleno dia";"Crescente";"Nublado";"Simples";"Reta";"Não";1;0;0;1;0;0;1;1;-15,91892295;-49,21770226;"SPRF-GO";"DEL02-GO";"UOP02-DEL02-GO"
549270;2023-09-17;"domingo";"14:50:00";"MG";267;27,5;"ARGIRITA";"Velocidade Incompatível";"Saída de leito carroçável";"Com Vítimas Feridas";"Pleno dia";"Decrescente";"Céu Claro";"Simples";"Reta";"Não";4;0;3;1;0;0;4;1;-21,62218533;-42,82361977;"SPRF-MG";"DEL07-MG";"UOP01-DEL07-MG"
549271;2023-09-17;"domingo";"17:00:00";"PR";369;191,2;"ARAPONGAS";"Demais falhas mecânicas ou elétricas";"Saída de leito carroçável";"Com Vítimas Feridas";"Pleno dia";"Decrescente";"Céu Claro";"Dupla";"Reta";"Não";3;0;1;0;2;0;1;1;-23,46239;-51,42344;"SPRF-PR";"DEL07-PR";"UOP03-DEL07-PR"
549272;2023-09-17;"domingo";"17:15:00";"DF";70;3;"BRASILIA";"Acessar a via sem observar a presença dos outros veículos";"Colisão lateral mesmo sentido";"Com Vítimas Feridas";"Pleno dia";"Decrescente";"Chuva";"Dupla";"Reta;Retorno Regulamentado";"Sim";3;0;1;0;2;0;1;2;-15,802453;-48,080387;"SPRF-DF";"DEL03-DF";"UOP02-DEL03-DF"
549273;2023-09-17;"domingo";"17:30:00";"RJ";116;188;"NOVA IGUACU";"Condutor deixou de manter distância do veículo da frente";"Engavetamento";"Com Vítimas Feridas";"Pleno dia";"Decrescente";"Céu Claro";"Múltipla";"Reta";"Sim";4;0;1;0;3;0;1;3;-22,7380709;-43,48213999;"SPRF-RJ";"DEL01-RJ";"UOP02-DEL01-RJ"
549275;2023-09-17;"domingo";"17:40:00";"SC";116;1,7;"MAFRA";"Ausência de reação do condutor";"Colisão com objeto";"Sem Vítimas";"Pleno dia";"Decrescente";"Céu Claro";"Simples";"Reta";"Sim";1;0;0;0;0;1;0;1;-26,1170929;-49,78694917;"SPRF-SC";"DEL06-SC";"UOP01-DEL06-SC"
549276;2023-09-17;"domingo";"09:18:00";"GO";20;191;"SIMOLANDIA";"Ausência de reação do condutor";"Queda de ocupante de veículo";"Com Vítimas Feridas";"Pleno dia";"Crescente";"Céu Claro";"Simples";"Reta";"Não";1;0;0;1;0;0;1;1;-14,390564;-46,448238;"SPRF-DF";"DEL02-DF";"UOP03-DEL02-DF"
549279;2023-09-17;"domingo";"17:45:00";"CE";222;3;"FORTALEZA";"Entrada inopinada do pedestre";"Atropelamento de Pedestre";"Com Vítimas Feridas";"Anoitecer";"Decrescente";"Céu Claro";"Múltipla";"Reta";"Sim";2;0;0;1;1;0;1;2;-3,7403769;-38,59569202;"SPRF-CE";"DEL01-CE";"UOP01-DEL01-CE"
549280;2023-09-17;"domingo";"06:00:00";"PE";424;99,4;"BREJAO";"Ingestão de álcool pelo condutor";"Colisão frontal";"Sem Vítimas";"Pleno dia";"Decrescente";"Ignorado";"Simples";"Curva";"Não";2;0;0;0;0;2;0;2;-8,95084312;-36,50807533;"SPRF-PE";"DEL03-PE";"UOP01-DEL03-PE"
549281;2023-09-17;"domingo";"17:45:00";"ES";101;343,6;"GUARAPARI";"Velocidade Incompatível";"Saída de leito carroçável";"Com Vítimas Feridas";"Anoitecer";"Decrescente";"Céu Claro";"Dupla";"Curva";"Não";4;0;1;2;0;1;3;2;-20,66191662;-40,59045821;"SPRF-ES";"DEL03-ES";"UOP01-DEL03-ES"
549282;2023-09-17;"domingo";"18:45:00";"SP";116;206;"ARUJA";"Ingestão de álcool pelo condutor";"Colisão lateral mesmo sentido";"Sem Vítimas";"Plena Noite";"Crescente";"Céu Claro";"Dupla";"Reta";"Sim";4;0;0;0;4;0;0;2;-23,41722629;-46,37510292;"SPRF-SP";"DEL01-SP";"UOP01-DEL01-SP"
549284;2023-09-17;"domingo";"18:25:00";"RJ";116;171;"RIO DE JANEIRO";"Condutor deixou de manter distância do veículo da frente";"Queda de ocupante de veículo";"Com Vítimas Feridas";"Plena Noite";"Crescente";"Ignorado";"Dupla";"Reta";"Não";2;0;2;0;0;0;2;1;-22,8060415;-43,34289573;"SPRF-RJ";"DEL01-RJ";"UOP02-DEL01-RJ"
549286;2023-09-17;"domingo";"17:00:00";"RS";293;17,9;"CAPAO DO LEAO";"Manobra de mudança de faixa";"Colisão lateral mesmo sentido";"Com Vítimas Feridas";"Pleno dia";"Decrescente";"Céu Claro";"Simples";"Reta";"Não";3;0;2;0;1;0;2;2;-31,74630748;-52,49128208;"SPRF-RS";"DEL07-RS";"UOP01-DEL07-RS"
549288;2023-09-17;"domingo";"17:45:00";"PR";116;66;"CAMPINA GRANDE DO SUL";"Ausência de reação do condutor";"Colisão lateral mesmo sentido";"Sem Vítimas";"Anoitecer";"Crescente";"Nublado";"Dupla";"Reta";"Não";3;0;0;0;3;0;0;2;-25,31033956;-49,01212903;"SPRF-PR";"DEL01-PR";"UOP02-DEL01-PR"
549289;2023-09-17;"domingo";"18:50:00";"RJ";116;171;"RIO DE JANEIRO";"Condutor deixou de manter distância do veículo da frente";"Engavetamento";"Sem Vítimas";"Plena Noite";"Crescente";"Céu Claro";"Múltipla";"Reta";"Sim";4;0;0;0;4;0;0;3;-22,8060415;-43,34289573;"SPRF-RJ";"DEL01-RJ";"UOP02-DEL01-RJ"
549290;2023-09-17;"domingo";"16:45:00";"SC";158;101,3;"CUNHA PORA";"Condutor usando celular";"Tombamento";"Com Vítimas Feridas";"Pleno dia";"Crescente";"Sol";"Simples";"Aclive;Reta";"Não";1;0;1;0;0;0;1;1;-26,83661705;-53,17563409;"SPRF-SC";"DEL07-SC";"UOP02-DEL07-SC"
549292;2023-09-17;"domingo";"18:30:00";"PI";343;589;"FLORIANO";"Reação tardia ou ineficiente do condutor";"Colisão transversal";"Sem Vítimas";"Plena Noite";"Decrescente";"Céu Claro";"Simples";"Curva;Interseção de Vias";"Sim";2;0;0;0;2;0;0;2;-6,776695;-43,009346;"SPRF-PI";"DEL03-PI";"UOP01-DEL03-PI"
549294;2023-09-17;"domingo";"19:20:00";"PE";101;8,7;"GOIANA";"Acessar a via sem observar a presença dos outros veículos";"Atropelamento de Animal";"Com Vítimas Feridas";"Plena Noite";"Crescente";"Nublado";"Dupla";"Reta";"Não";2;0;0;1;1;0;1;2;-7,56898134;-34,98959891;"SPRF-PE";"DEL01-PE";"UOP02-DEL01-PE"
549295;2023-09-17;"domingo";"19:15:00";"RS";158;249,5;"JULIO DE CASTILHOS";"Objeto estático sobre o leito carroçável";"Colisão frontal";"Com Vítimas Feridas";"Plena Noite";"Crescente";"Céu Claro";"Simples";"Declive;Reta;Ponte";"Não";3;0;1;1;1;0;2;2;-29,10973298;-53,65093978;"SPRF-RS";"DEL10-RS";"UOP02-DEL10-RS"
549296;2023-09-17;"domingo";"19:00:00";"PR";369;176;"ROLANDIA";"Condutor deixou de manter distância do veículo da frente";"Colisão traseira";"Com Vítimas Feridas";"Pleno dia";"Decrescente";"Céu Claro";"Simples";"Reta;Interseção de Vias";"Sim";3;0;1;0;1;1;1;2;-23,32535795;-51,38629777;"SPRF-PR";"DEL07-PR";"UOP01-DEL07-PR"
549297;2023-09-17;"domingo";"19:20:00";"PR";277;63,5;"SAO JOSE DOS PINHAIS";"Ausência de reação do condutor";"Colisão lateral mesmo sentido";"Com Vítimas Feridas";"Plena Noite";"Crescente";"Céu Claro";"Múltipla";"Reta";"Sim";4;0;2;0;0;2;2;3;-25,56100984;-49,01719293;"SPRF-PR";"DEL01-PR";"UOP01-DEL01-PR"
549298;2023-09-17;"domingo";"19:30:00";"DF";70;13;"BRASILIA";"Condutor deixou de manter distância do veículo da frente";"Colisão traseira";"Com Vítimas Feridas";"Plena Noite";"Crescente";"Céu Claro";"Dupla";"Reta";"Sim";2;0;1;0;1;0;1;2;-15,794558;-48,166584;"SPRF-DF";"DEL03-DF";"UOP02-DEL03-DF"
549299;2023-09-17;"domingo";"18:00:00";"RJ";493;109;"SEROPEDICA";"Condutor Dormindo";"Capotamento";"Com Vítimas Feridas";"Anoitecer";"Decrescente";"Céu Claro";"Dupla";"Reta";"Não";2;0;2;0;0;0;2;1;-22,77903044;-43,74515533;"SPRF-RJ";"DEL03-RJ";"UOP01-DEL03-RJ"
549300;2023-09-17;"domingo";"16:10:00";"PE";232;340;"CUSTODIA";"Reação tardia ou ineficiente do condutor";"Queda de ocupante de veículo";"Com Vítimas Feridas";"Pleno dia";"Crescente";"Céu Claro";"Simples";"Reta";"Não";3;0;1;0;0;2;1;2;-8,08583603;-37,69469399;"SPRF-PE";"DEL04-PE";"UOP02-DEL04-PE"
549301;2023-09-17;"domingo";"19:15:00";"PR";277;576,1;"CASCAVEL";"Ausência de sinalização";"Queda de ocupante de veículo";"Com Vítimas Feridas";"Anoitecer";"Crescente";"Céu Claro";"Dupla";"Reta;Em Obras";"Sim";1;0;1;0;0;0;1;1;-24,98692731;-53,33030208;"SPRF-PR";"DEL04-PR";"UOP01-DEL04-PR"
549302;2023-09-17;"domingo";"18:15:00";"MT";70;0,5;"BARRA DO GARCAS";"Velocidade Incompatível";"Colisão traseira";"Com Vítimas Feridas";"Plena Noite";"Decrescente";"Céu Claro";"Simples";"Declive";"Não";2;0;1;0;0;1;1;2;-15,895538;-52,25599;"SPRF-MT";"DEL07-MT";"UOP01-DEL07-MT"
549303;2023-09-17;"domingo";"18:20:00";"MT";163;823;"SINOP";"Condutor deixou de manter distância do veículo da frente";"Colisão traseira";"Com Vítimas Feridas";"Plena Noite";"Decrescente";"Nublado";"Simples";"Reta";"Não";3;0;2;0;1;0;2;2;-11,974733;-55,517032;"SPRF-MT";"DEL06-MT";"UOP02-DEL06-MT"
549307;2023-09-17;"domingo";"17:50:00";"BA";367;53,5;"PORTO SEGURO";"Demais falhas mecânicas ou elétricas";"Incêndio";"Sem Vítimas";"Anoitecer";"Crescente";"Céu Claro";"Simples";"Reta";"Não";2;0;0;0;2;0;0;1;-16,37909975;-39,32439006;"SPRF-BA";"DEL09-BA";"UOP03-DEL09-BA"
549308;2023-09-17;"domingo";"19:25:00";"MA";135;1;"SAO LUIS";"Manobra de mudança de faixa";"Colisão traseira";"Com Vítimas Feridas";"Plena Noite";"Decrescente";"Céu Claro";"Dupla";"Reta";"Sim";5;0;1;0;4;0;1;3;-2,58917895;-44,24423719;"SPRF-MA";"DEL01-MA";"UOP01-DEL01-MA"
549309;2023-09-17;"domingo";"18:12:00";"MT";364;270;"JACIARA";"Reação tardia ou ineficiente do condutor";"Queda de ocupante de veículo";"Com Vítimas Feridas";"Plena Noite";"Decrescente";"Nublado";"Dupla";"Reta";"Sim";1;0;1;0;0;0;1;1;-15,9689785;-54,94463002;"SPRF-MT";"DEL05-MT";"UOP02-DEL05-MT"
549310;2023-09-17;"domingo";"18:00:00";"DF";20;51;"BRASILIA";"Entrada inopinada do pedestre";"Atropelamento de Pedestre";"Com Vítimas Fatais";"Plena Noite";"Decrescente";"Céu Claro";"Dupla";"Reta";"Não";3;1;0;0;2;0;0;2;-15,580705;-47,41259;"SPRF-DF";"DEL02-DF";"UOP01-DEL02-DF"
549313;2023-09-17;"domingo";"19:10:00";"RJ";116;135;"MAGE";"Manobra de mudança de faixa";"Capotamento";"Com Vítimas Feridas";"Plena Noite";"Decrescente";"Céu Claro";"Dupla";"Reta";"Não";1;0;1;0;0;0;1;1;-22,65225773;-43,16309893;"SPRF-RJ";"DEL04-RJ";"UOP02-DEL04-RJ"
549314;2023-09-17;"domingo";"18:50:00";"RS";386;147,9;"SARANDI";"Condutor deixou de manter distância do veículo da frente";"Colisão traseira";"Com Vítimas Feridas";"Plena Noite";"Crescente";"Céu Claro";"Simples";"Curva;Declive";"Não";2;0;1;0;1;0;1;2;-28,056545;-52,870819;"SPRF-RS";"DEL08-RS";"UOP01-DEL08-RS"
549316;2023-09-17;"domingo";"20:00:00";"SC";101;201;"SAO JOSE";"Acessar a via sem observar a presença dos outros veículos";"Colisão transversal";"Com Vítimas Feridas";"Plena Noite";"Crescente";"Céu Claro";"Múltipla";"Declive;Reta";"Sim";3;0;0;1;2;0;1;2;-27,55331036;-48,61975908;"SPRF-SC";"DEL01-SC";"UOP01-DEL01-SC"
549318;2023-09-17;"domingo";"18:30:00";"ES";393;2;"CACHOEIRO DE ITAPEMIRIM";"Pista Escorregadia";"Queda de ocupante de veículo";"Com Vítimas Feridas";"Plena Noite";"Decrescente";"Céu Claro";"Simples";"Reta";"Sim";1;0;1;0;0;0;1;1;-20,83242503;-41,17491003;"SPRF-ES";"DEL03-ES";"UOP02-DEL03-ES"
549319;2023-09-17;"domingo";"20:30:00";"MG";262;792,5;"UBERABA";"Velocidade Incompatível";"Saída de leito carroçável";"Com Vítimas Feridas";"Plena Noite";"Decrescente";"Nublado";"Simples";"Curva;Declive";"Não";2;0;0;2;0;0;2;1;-19,76475021;-47,86860297;"SPRF-MG";"DEL13-MG";"UOP01-DEL13-MG"
549320;2023-09-17;"domingo";"20:20:00";"RS";386;388,5;"TRIUNFO";"Acessar a via sem observar a presença dos outros veículos";"Colisão transversal";"Com Vítimas Feridas";"Plena Noite";"Crescente";"Céu Claro";"Dupla";"Reta;Retorno Regulamentado;Aclive";"Sim";4;0;2;0;2;0;2;2;-29,694038;-51,695747;"SPRF-RS";"DEL04-RS";"UOP02-DEL04-RS"
549321;2023-09-17;"domingo";"18:40:00";"RS";285;126;"VACARIA";"Reação tardia ou ineficiente do condutor";"Tombamento";"Sem Vítimas";"Plena Noite";"Crescente";"Céu Claro";"Simples";"Reta";"Não";1;0;0;0;0;1;0;1;-28,476643;-50,96656;"SPRF-RS";"DEL05-RS";"UOP03-DEL05-RS"
549322;2023-09-17;"domingo";"19:00:00";"RS";386;410,7;"TRIUNFO";"Pedestre cruzava a pista fora da faixa";"Atropelamento de Pedestre";"Com Vítimas Feridas";"Plena Noite";"Decrescente";"Céu Claro";"Simples";"Reta";"Não";5;0;0;1;4;0;1;2;-29,800684;-51,518406;"SPRF-RS";"DEL04-RS";"UOP02-DEL04-RS"
549323;2023-09-17;"domingo";"21:00:00";"RN";101;44;"MAXARANGUAPE";"Animais na Pista";"Atropelamento de Animal";"Com Vítimas Feridas";"Plena Noite";"Crescente";"Garoa/Chuvisco";"Simples";"Ponte";"Não";3;0;1;2;0;0;3;1;-5,47619087;-35,32581621;"SPRF-RN";"DEL02-RN";"UOP01-DEL02-RN"
549324;2023-09-17;"domingo";"20:00:00";"PB";230;60,2;"CRUZ DO ESPIRITO SANTO";"Transitar na contramão";"Colisão frontal";"Com Vítimas Fatais";"Plena Noite";"Decrescente";"Nublado";"Dupla";"Reta";"Não";2;1;0;0;1;0;0;2;-7,2055;-35,148;"SPRF-PB";"DEL01-PB";"UOP03-DEL01-PB"
549325;2023-09-17;"domingo";"19:45:00";"BA";324;545;"AMELIA RODRIGUES";"Área urbana sem a presença de local apropriado para a travessia de pedestres";"Atropelamento de Pedestre";"Com Vítimas Feridas";"Plena Noite";"Decrescente";"Céu Claro";"Dupla";"Reta";"Sim";2;0;0;1;0;1;1;2;-12,40647;-38,753143;"SPRF-BA";"DEL01-BA";"UOP03-DEL01-BA"
549326;2023-09-17;"domingo";"19:10:00";"PR";116;210,8;"RIO NEGRO";"Desrespeitar a preferência no cruzamento";"Colisão transversal";"Com Vítimas Feridas";"Plena Noite";"Decrescente";"Céu Claro";"Simples";"Interseção de Vias";"Sim";2;0;1;0;1;0;1;2;-26,07479435;-49,76117178;"SPRF-SC";"DEL06-SC";"UOP01-DEL06-SC"
549328;2023-09-17;"domingo";"16:30:00";"RS";101;79,5;"OSORIO";"Condutor deixou de manter distância do veículo da frente";"Colisão traseira";"Com Vítimas Feridas";"Pleno dia";"Crescente";"Céu Claro";"Dupla";"Reta";"Não";4;0;2;0;0;2;2;2;-29,81836971;-50,24552545;"SPRF-RS";"DEL03-RS";"UOP01-DEL03-RS"
549329;2023-09-17;"domingo";"21:20:00";"RJ";101;490;"ANGRA DOS REIS";"Reação tardia ou ineficiente do condutor";"Colisão com objeto";"Com Vítimas Feridas";"Plena Noite";"Crescente";"Céu Claro";"Simples";"Declive";"Não";2;0;1;1;0;0;2;1;-22,95638787;-44,31488872;"SPRF-RJ";"DEL03-RJ";"UOP03-DEL03-RJ"
549330;2023-09-17;"domingo";"21:20:00";"RJ";101;490;"ANGRA DOS REIS";"Ausência de reação do condutor";"Saída de leito carroçável";"Sem Vítimas";"Plena Noite";"Crescente";"Céu Claro";"Simples";"Curva";"Não";1;0;0;0;1;0;0;1;-22,95640053;-44,31282898;"SPRF-RJ";"DEL03-RJ";"UOP03-DEL03-RJ"
549331;2023-09-17;"domingo";"21:30:00";"RN";101;69,1;"EXTREMOZ";"Transitar na contramão";"Colisão transversal";"Com Vítimas Feridas";"Plena Noite";"Crescente";"Céu Claro";"Simples";"Reta;Rotatória;Em Obras";"Sim";2;0;1;0;0;1;1;2;-5,6724731;-35,2597308;"SPRF-RN";"DEL02-RN";"UOP01-DEL02-RN"
549333;2023-09-17;"domingo";"19:20:00";"TO";153;675;"GURUPI";"Acessar a via sem observar a presença dos outros veículos";"Colisão transversal";"Com Vítimas Feridas";"Plena Noite";"Decrescente";"Céu Claro";"Simples";"Aclive;Reta";"Sim";3;0;0;1;2;0;1;2;-11,75312428;-49,09074565;"SPRF-TO";"DEL01-TO";"UOP02-DEL01-TO"
549334;2023-09-17;"domingo";"22:00:00";"MG";267;125,7;"JUIZ DE FORA";"Transitar na contramão";"Colisão frontal";"Com Vítimas Feridas";"Plena Noite";"Decrescente";"Céu Claro";"Simples";"Reta";"Sim";5;0;1;3;1;0;4;3;-21,704811;-43,512682;"SPRF-MG";"DEL05-MG";"UOP01-DEL05-MG"
549335;2023-09-17;"domingo";"18:50:00";"GO";60;307;"ACREUNA";"Acessar a via sem observar a presença dos outros veículos";"Colisão transversal";"Com Vítimas Feridas";"Plena Noite";"Crescente";"Céu Claro";"Dupla";"Reta";"Não";2;0;1;1;0;0;2;2;-17,3986;-50,3873;"SPRF-GO";"DEL04-GO";"UOP02-DEL04-GO"
549336;2023-09-17;"domingo";"19:50:00";"RJ";101;415;"MANGARATIBA";"Ingestão de álcool pelo condutor";"Colisão com objeto";"Sem Vítimas";"Plena Noite";"Decrescente";"Céu Claro";"Dupla";"Reta";"Não";1;0;0;0;1;0;0;1;-22,90433243;-43,88181398;"SPRF-RJ";"DEL03-RJ";"UOP01-DEL03-RJ"
549337;2023-09-17;"domingo";"19:20:00";"SP";116;85,8;"PINDAMONHANGABA";"Entrada inopinada do pedestre";"Atropelamento de Pedestre";"Com Vítimas Fatais";"Plena Noite";"Crescente";"Nublado";"Dupla";"Reta";"Não";4;1;0;0;2;1;0;2;-22,92525514;-45,35103679;"SPRF-SP";"DEL08-SP";"UOP01-DEL08-SP"
549338;2023-09-17;"domingo";"19:25:00";"MA";10;238;"IMPERATRIZ";"Ultrapassagem Indevida";"Colisão lateral sentido oposto";"Com Vítimas Feridas";"Plena Noite";"Decrescente";"Céu Claro";"Simples";"Reta";"Não";2;0;1;0;1;0;1;2;-5,640739;-47,398945;"SPRF-MA";"DEL04-MA";"UOP01-DEL04-MA"
549339;2023-09-17;"domingo";"21:40:00";"GO";153;423;"ANAPOLIS";"Velocidade Incompatível";"Colisão com objeto";"Com Vítimas Feridas";"Plena Noite";"Crescente";"Nevoeiro/Neblina";"Simples";"Reta;Declive";"Não";1;0;1;0;0;0;1;1;-16,197029;-49,025223;"SPRF-GO";"DEL02-GO";"UOP01-DEL02-GO"
549340;2023-09-17;"domingo";"21:50:00";"MG";365;856,2;"SANTA VITORIA";"Ingestão de álcool e/ou substâncias psicoativas pelo pedestre";"Colisão frontal";"Com Vítimas Fatais";"Plena Noite";"Crescente";"Céu Claro";"Simples";"Reta";"Não";4;1;1;0;2;0;1;2;-19,031322;-50,375256;"SPRF-MG";"DEL15-MG";"UOP03-DEL15-MG"
549341;2023-09-17;"domingo";"20:05:00";"MS";163;730;"COXIM";"Ingestão de álcool pelo condutor";"Saída de leito carroçável";"Sem Vítimas";"Plena Noite";"Crescente";"Nublado";"Simples";"Reta";"Sim";1;0;0;0;1;0;0;1;-18,50978886;-54,73602351;"SPRF-MS";"DEL06-MS";"UOP01-DEL06-MS"
549342;2023-09-17;"domingo";"19:40:00";"RS";290;173;"BUTIA";"Ausência de reação do condutor";"Saída de leito carroçável";"Com Vítimas Feridas";"Plena Noite";"Crescente";"Céu Claro";"Simples";"Reta";"Não";4;0;1;0;2;1;1;1;-30,127287;-51,94133;"SPRF-RS";"DEL02-RS";"UOP03-DEL02-RS"
549343;2023-09-17;"domingo";"22:00:00";"CE";116;43;"HORIZONTE";"Ingestão de álcool pelo condutor";"Tombamento";"Com Vítimas Feridas";"Plena Noite";"Decrescente";"Céu Claro";"Múltipla";"Retorno Regulamentado;Reta";"Não";1;0;0;1;0;0;1;1;-4,11528518;-38,48917049;"SPRF-CE";"DEL01-CE";"UOP02-DEL01-CE"
549344;2023-09-17;"domingo";"20:30:00";"SP";101;29,5;"UBATUBA";"Manobra de mudança de faixa";"Colisão lateral sentido oposto";"Com Vítimas Feridas";"Plena Noite";"Crescente";"Céu Claro";"Dupla";"Curva";"Não";4;0;1;0;3;0;1;2;-23,3744835;-44,96474504;"SPRF-SP";"DEL06-SP";"UOP01-DEL06-SP"