"id";"data_inversa";"dia_semana";"horario";"uf";"br";"km";"municipio";"causa_acidente";"tipo_acidente";"classificacao_acidente";"fase_dia";"sentido_via";"condicao_metereologica";"tipo_pista";"tracado_via";"uso_solo";"pessoas";"mortos";"feridos_leves";"feridos_graves";"ilesos";"ignorados";"feridos";"veiculos";"latitude";"longitude";"regional";"delegacia";"uop"
549346;2023-09-17;"domingo";"21:15:00";"PR";163;278,5;"QUATRO PONTES";"Acessar a via sem observar a presença dos outros veículos";"Colisão transversal";"Com Vítimas Feridas";"Plena Noite";"Decrescente";"Céu Claro";"Simples";"Interseção de Vias;Reta";"Não";4;0;1;0;3;0;1;2;-24,60094197;-53,98016768;"SPRF-PR";"DEL06-PR";"UOP02-DEL06-PR"
549347;2023-09-17;"domingo";"21:05:00";"SC";101;389,1;"CRICIUMA";"Ingestão de álcool pelo condutor";"Colisão traseira";"Com Vítimas Feridas";"Plena Noite";"Crescente";"Ignorado";"Múltipla";"Reta";"Sim";3;0;2;0;1;0;2;2;-28,80376678;-49,36946869;"SPRF-SC";"DEL02-SC";"UOP02-DEL02-SC"
549348;2023-09-17;"domingo";"22:15:00";"MG";381;511;"IGARAPE";"Ingestão de álcool pelo condutor";"Queda de ocupante de veículo";"Com Vítimas Feridas";"Plena Noite";"Crescente";"Céu Claro";"Dupla";"Reta";"Sim";1;0;1;0;0;0;1;1;-20,08463223;-44,3099407;"SPRF-MG";"DEL04-MG";"UOP03-DEL04-MG"
549351;2023-09-17;"domingo";"22:45:00";"RS";116;40;"VACARIA";"Reação tardia ou ineficiente do condutor";"Colisão traseira";"Com Vítimas Feridas";"Plena Noite";"Crescente";"Céu Claro";"Simples";"Reta";"Sim";5;0;1;0;4;0;1;2;-28,51839098;-50,93942202;"SPRF-RS";"DEL05-RS";"UOP03-DEL05-RS"
549352;2023-09-17;"domingo";"21:30:00";"RJ";116;197,9;"QUEIMADOS";"Ingestão de álcool pelo condutor";"Colisão com objeto";"Sem Vítimas";"Plena Noite";"Crescente";"Céu Claro";"Simples";"Reta";"Sim";1;0;0;0;1;0;0;1;-22,72980637;-43,56512004;"SPRF-RJ";"DEL01-RJ";"UOP02-DEL01-RJ"
549353;2023-09-17;"domingo";"19:00:00";"PI";135;288;"CRISTINO CASTRO";"Ausência de reação do condutor";"Saída de leito carroçável";"Sem Vítimas";"Plena Noite";"Crescente";"Céu Claro";"Simples";"Reta";"Não";1;0;0;0;0;1;0;1;-8,64393781;-44,03003227;"SPRF-PI";"DEL03-PI";"UOP02-DEL03-PI"
549354;2023-09-17;"domingo";"22:00:00";"RJ";101;408;"ITAGUAI";"Velocidade Incompatível";"Saída de leito carroçável";"Com Vítimas Feridas";"Plena Noite";"Decrescente";"Céu Claro";"Dupla";"Reta";"Sim";1;0;1;0;0;0;1;1;-22,88087914;-43,82441392;"SPRF-RJ";"DEL03-RJ";"UOP01-DEL03-RJ"
549355;2023-09-17;"domingo";"22:50:00";"SC";282;5,5;"SAO JOSE";"Manobra de mudança de faixa";"Colisão lateral mesmo sentido";"Com Vítimas Feridas";"Plena Noite";"Crescente";"Céu Claro";"Dupla";"Reta";"Não";3;0;1;0;2;0;1;2;-27,588425;-48,612919;"SPRF-SC";"DEL01-SC";"UOP01-DEL01-SC"
549356;2023-09-17;"domingo";"22:10:00";"MS";262;397,1;"TERENOS";"Ausência de reação do condutor";"Saída de leito carroçável";"Com Vítimas Feridas";"Plena Noite";"Crescente";"Nublado";"Simples";"Reta";"Não";1;0;0;1;0;0;1;1;-20,42263188;-54,99214199;"SPRF-MS";"DEL01-MS";"UOP03-DEL01-MS"
549357;2023-09-17;"domingo";"23:30:00";"ES";101;214;"IBIRACU";"Ausência de reação do condutor";"Saída de leito carroçável";"Com Vítimas Fatais";"Plena Noite";"Crescente";"Céu Claro";"Simples";"Reta";"Não";1;1;0;0;0;0;0;1;-19,82999127;-40,37211181;"SPRF-ES";"DEL02-ES";"UOP01-DEL02-ES"
549359;2023-09-17;"domingo";"23:25:00";"DF";20;15;"BRASILIA";"Reação tardia ou ineficiente do condutor";"Tombamento";"Com Vítimas Feridas";"Plena Noite";"Crescente";"Céu Claro";"Dupla";"Reta";"Sim";1;0;1;0;0;0;1;1;-15,630189;-47,733288;"SPRF-DF";"DEL02-DF";"UOP01-DEL02-DF"
549360;2023-09-17;"domingo";"21:00:00";"RJ";393;222;"VASSOURAS";"Ultrapassagem Indevida";"Tombamento";"Com Vítimas Feridas";"Plena Noite";"Crescente";"Céu Claro";"Simples";"Reta";"Não";1;0;1;0;0;0;1;1;-22,32635987;-43,53667408;"SPRF-RJ";"DEL05-RJ";"UOP03-DEL05-RJ"
549361;2023-08-20;"domingo";"07:50:00";"RS";392;96,8;"MORRO REDONDO";"Condutor Dormindo";"Saída de leito carroçável";"Com Vítimas Feridas";"Pleno dia";"Crescente";"Céu Claro";"Dupla";"Aclive;Reta";"Não";1;0;0;1;0;0;1;1;-31,56036793;-52,54775386;"SPRF-RS";"DEL07-RS";"UOP01-DEL07-RS"
549362;2023-09-17;"domingo";"22:00:00";"RS";116;267;"CANOAS";"Ingestão de álcool pelo condutor";"Colisão traseira";"Sem Vítimas";"Pleno dia";"Decrescente";"Céu Claro";"Múltipla";"Reta";"Não";2;0;0;0;2;0;0;2;-29,94142398;-51,17697062;"SPRF-RS";"DEL01-RS";"UOP01-DEL01-RS"
549363;2023-09-17;"domingo";"22:15:00";"CE";222;310;"TIANGUA";"Demais falhas mecânicas ou elétricas";"Capotamento";"Com Vítimas Fatais";"Plena Noite";"Decrescente";"Céu Claro";"Dupla";"Reta";"Não";1;1;0;0;0;0;0;1;-3,70670595;-40,97707006;"SPRF-CE";"DEL04-CE";"UOP02-DEL04-CE"
549366;2023-09-17;"domingo";"21:30:00";"GO";153;672;"GOIATUBA";"Condutor Dormindo";"Capotamento";"Sem Vítimas";"Plena Noite";"Crescente";"Céu Claro";"Simples";"Reta";"Não";1;0;0;0;0;1;0;1;-18,159;-49,2877;"SPRF-GO";"DEL03-GO";"UOP02-DEL03-GO"
549367;2023-09-17;"domingo";"23:10:00";"ES";262;156;"IBATIBA";"Acessar a via sem observar a presença dos outros veículos";"Colisão transversal";"Com Vítimas Feridas";"Plena Noite";"Decrescente";"Céu Claro";"Simples";"Reta";"Não";5;0;0;1;4;0;1;2;-20,229624;-41,478369;"SPRF-ES";"DEL01-ES";"UOP02-DEL01-ES"
549368;2023-09-17;"domingo";"23:30:00";"PE";232;36;"MORENO";"Condutor Dormindo";"Colisão traseira";"Com Vítimas Feridas";"Plena Noite";"Crescente";"Chuva";"Dupla";"Reta";"Sim";2;0;1;0;1;0;1;2;-8,11106;-35,202174;"SPRF-PE";"DEL01-PE";"UOP01-DEL01-PE"
549370;2023-09-17;"domingo";"22:45:00";"SC";101;318;"PESCARIA BRAVA";"Ingestão de álcool e/ou substâncias psicoativas pelo pedestre";"Atropelamento de Pedestre";"Com Vítimas Feridas";"Plena Noite";"Decrescente";"Céu Claro";"Simples";"Reta";"Sim";2;0;0;1;0;1;1;2;-28,429347;-48,878489;"SPRF-SC";"DEL02-SC";"UOP01-DEL02-SC"
549371;2023-09-18;"segunda-feira";"00:30:00";"PE";101;74;"RECIFE";"Reação tardia ou ineficiente do condutor";"Queda de ocupante de veículo";"Com Vítimas Feridas";"Plena Noite";"Crescente";"Chuva";"Dupla";"Curva";"Sim";2;0;1;1;0;0;2;1;-8,10146485;-34,94901577;"SPRF-PE";"DEL01-PE";"UOP01-DEL01-PE"
549372;2023-09-17;"domingo";"21:00:00";"CE";20;3;"PARAMBU";"Manobra de mudança de faixa";"Colisão transversal";"Com Vítimas Feridas";"Plena Noite";"Crescente";"Céu Claro";"Simples";"Reta";"Não";1;0;0;1;0;0;1;1;-6,50482384;-40,76838615;"SPRF-CE";"DEL02-CE";"UOP02-DEL02-CE"
549377;2023-09-17;"domingo";"22:38:00";"RS";290;68,9;"GRAVATAI";"Reação tardia ou ineficiente do condutor";"Queda de ocupante de veículo";"Com Vítimas Feridas";"Plena Noite";"Crescente";"Céu Claro";"Múltipla";"Curva";"Não";1;0;1;0;0;0;1;1;-29,943384;-50,936207;"SPRF-RS";"DEL03-RS";"UOP01-DEL03-RS"
549378;2023-09-17;"domingo";"23:55:00";"RJ";465;21;"NOVA IGUACU";"Conversão proibida";"Colisão transversal";"Sem Vítimas";"Plena Noite";"Crescente";"Céu Claro";"Simples";"Reta";"Sim";2;0;0;0;2;0;0;2;-22,854782;-43,601933;"SPRF-RJ";"DEL03-RJ";"UOP01-DEL03-RJ"
549379;2023-09-18;"segunda-feira";"01:20:00";"MG";381;487,5;"BETIM";"Ingestão de álcool pelo condutor";"Saída de leito carroçável";"Com Vítimas Feridas";"Plena Noite";"Decrescente";"Céu Claro";"Dupla";"Curva";"Sim";4;0;3;0;0;1;3;1;-19,95586853;-44,14609501;"SPRF-MG";"DEL01-MG";"UOP03-DEL01-MG"
549384;2023-09-18;"segunda-feira";"02:30:00";"AL";104;51,5;"MURICI";"Velocidade Incompatível";"Saída de leito carroçável";"Com Vítimas Fatais";"Plena Noite";"Crescente";"Céu Claro";"Simples";"Curva;Declive";"Não";4;1;2;0;0;1;2;2;-9,26206857;-35,98743439;"SPRF-AL";"DEL01-AL";"UOP02-DEL01-AL"
549386;2023-09-17;"domingo";"17:50:00";"MG";381;425;"CAETE";"Condutor deixou de manter distância do veículo da frente";"Colisão traseira";"Com Vítimas Feridas";"Anoitecer";"Crescente";"Céu Claro";"Dupla";"Viaduto";"Não";2;0;1;0;1;0;1;2;-19,789917;-43,68234;"SPRF-MG";"DEL01-MG";"UOP01-DEL01-MG"
549388;2023-09-18;"segunda-feira";"02:50:00";"MT";174;5;"PONTES E LACERDA";"Ingestão de álcool pelo condutor";"Colisão com objeto";"Sem Vítimas";"Plena Noite";"Decrescente";"Céu Claro";"Simples";"Reta";"Sim";1;0;0;0;1;0;0;1;-15,22644845;-59,34960365;"SPRF-MT";"DEL04-MT";"UOP01-DEL04-MT"
549389;2023-09-18;"segunda-feira";"02:00:00";"AM";174;1089;"PRESIDENTE FIGUEIREDO";"Demais falhas mecânicas ou elétricas";"Incêndio";"Sem Vítimas";"Plena Noite";"Decrescente";"Céu Claro";"Simples";"Reta";"Não";37;0;0;0;37;0;0;1;-1,2889311;-60,4062884;"SPRF-AM";"DEL01-AM";"UOP02-DEL01-AM"
549390;2023-09-18;"segunda-feira";"02:00:00";"RJ";101;307;"SAO GONCALO";"Reação tardia ou ineficiente do condutor";"Queda de ocupante de veículo";"Com Vítimas Feridas";"Plena Noite";"Decrescente";"Céu Claro";"Dupla";"Reta";"Não";2;0;1;0;1;0;1;1;-22,79115777;-43,01514205;"SPRF-RJ";"DEL02-RJ";"UOP02-DEL02-RJ"
549392;2023-09-18;"segunda-feira";"04:45:00";"CE";304;44;"ARACATI";"Iluminação deficiente";"Colisão traseira";"Com Vítimas Fatais";"Amanhecer";"Crescente";"Ignorado";"Simples";"Reta";"Não";2;1;0;1;0;0;1;2;-4,57887167;-37,81559999;"SPRF-CE";"DEL03-CE";"UOP03-DEL03-CE"
549393;2023-09-18;"segunda-feira";"04:40:00";"PI";343;342;"TERESINA";"Reação tardia ou ineficiente do condutor";"Colisão traseira";"Com Vítimas Fatais";"Amanhecer";"Decrescente";"Céu Claro";"Simples";"Reta";"Não";2;1;1;0;0;0;1;2;-5,085;-42,755596;"SPRF-PI";"DEL01-PI";"UOP01-DEL01-PI"
549395;2023-09-18;"segunda-feira";"05:46:00";"BA";324;623;"SALVADOR";"Pista Escorregadia";"Queda de ocupante de veículo";"Com Vítimas Feridas";"Pleno dia";"Crescente";"Céu Claro";"Dupla";"Reta";"Não";1;0;1;0;0;0;1;1;-12,92628699;-38,46838679;"SPRF-BA";"DEL01-BA";"UOP01-DEL01-BA"
549397;2023-09-17;"domingo";"20:56:00";"MA";10;126;"ESTREITO";"Ausência de reação do condutor";"Colisão traseira";"Com Vítimas Feridas";"Plena Noite";"Crescente";"Céu Claro";"Simples";"Declive";"Não";6;0;4;1;0;1;5;3;-6,581329;-47,44136;"SPRF-MA";"DEL04-MA";"UOP02-DEL04-MA"
549398;2023-09-18;"segunda-feira";"07:11:00";"SP";116;225;"GUARULHOS";"Manobra de mudança de faixa";"Colisão traseira";"Com Vítimas Feridas";"Pleno dia";"Crescente";"Céu Claro";"Dupla";"Aclive;Reta";"Sim";2;0;1;0;1;0;1;2;-23,48586772;-46,54075317;"SPRF-SP";"DEL01-SP";"UOP01-DEL01-SP"
549400;2023-09-18;"segunda-feira";"06:00:00";"SC";282;252,6;"SAO JOSE DO CERRITO";"Condutor Dormindo";"Saída de leito carroçável";"Com Vítimas Feridas";"Amanhecer";"Crescente";"Céu Claro";"Simples";"Curva";"Não";1;0;1;0;0;0;1;1;-27,691267;-50,561481;"SPRF-SC";"DEL05-SC";"UOP02-DEL05-SC"
549401;2023-09-18;"segunda-feira";"05:30:00";"DF";251;31;"BRASILIA";"Animais na Pista";"Atropelamento de Animal";"Com Vítimas Feridas";"Plena Noite";"Decrescente";"Céu Claro";"Simples";"Reta";"Não";3;0;2;1;0;0;3;1;-15,943398;-47,728924;"SPRF-DF";"DEL01-DF";"UOP01-DEL01-DF"
549402;2023-09-18;"segunda-feira";"05:40:00";"RJ";40;121;"DUQUE DE CAXIAS";"Trafegar com motocicleta (ou similar) entre as faixas";"Colisão lateral mesmo sentido";"Com Vítimas Feridas";"Pleno dia";"Crescente";"Céu Claro";"Múltipla";"Reta";"Sim";2;0;0;1;1;0;1;2;-22,78185499;-43,28571273;"SPRF-RJ";"DEL01-RJ";"UOP01-DEL01-RJ"
549403;2023-09-09;"sábado";"18:45:00";"SC";280;4,7;"SAO FRANCISCO DO SUL";"Ausência de reação do condutor";"Queda de ocupante de veículo";"Com Vítimas Feridas";"Plena Noite";"Crescente";"Nublado";"Simples";"Rotatória";"Sim";1;0;1;0;0;0;1;1;-26,258191;-48,62306;"SPRF-SC";"DEL03-SC";"UOP03-DEL03-SC"
549404;2023-09-18;"segunda-feira";"07:14:00";"PB";101;99,6;"ALHANDRA";"Velocidade Incompatível";"Queda de ocupante de veículo";"Com Vítimas Feridas";"Pleno dia";"Crescente";"Céu Claro";"Múltipla";"Retorno Regulamentado";"Sim";1;0;1;0;0;0;1;1;-7,2557332;-34,93469152;"SPRF-PB";"DEL01-PB";"UOP02-DEL01-PB"
549406;2023-09-18;"segunda-feira";"07:30:00";"DF";20;13,6;"BRASILIA";"Trafegar com motocicleta (ou similar) entre as faixas";"Colisão lateral mesmo sentido";"Com Vítimas Feridas";"Pleno dia";"Crescente";"Céu Claro";"Dupla";"Reta";"Não";24;0;0;1;23;0;1;3;-15,636615;-47,745029;"SPRF-DF";"DEL02-DF";"UOP01-DEL02-DF"
549408;2023-09-18;"segunda-feira";"07:30:00";"RJ";101;73;"CAMPOS DOS GOYTACAZES";"Condutor deixou de manter distância do veículo da frente";"Colisão traseira";"Com Vítimas Feridas";"Pleno dia";"Crescente";"Céu Claro";"Simples";"Reta";"Não";2;0;1;0;1;0;1;2;-21,798874;-41,393955;"SPRF-RJ";"DEL08-RJ";"UOP02-DEL08-RJ"
549409;2023-09-18;"segunda-feira";"07:50:00";"ES";393;24,9;"MUQUI";"Avarias e/ou desgaste excessivo no pneu";"Colisão frontal";"Com Vítimas Fatais";"Pleno dia";"Crescente";"Sol";"Simples";"Reta";"Não";2;1;1;0;0;0;1;2;-20,95370668;-41,34812538;"SPRF-ES";"DEL03-ES";"UOP02-DEL03-ES"
549410;2023-09-18;"segunda-feira";"07:00:00";"CE";116;15;"FORTALEZA";"Condutor deixou de manter distância do veículo da frente";"Colisão traseira";"Com Vítimas Feridas";"Pleno dia";"Decrescente";"Céu Claro";"Dupla";"Reta";"Sim";4;0;1;0;3;0;1;4;-3,87839882;-38,50066893;"SPRF-CE";"DEL01-CE";"UOP02-DEL01-CE"
549411;2023-09-18;"segunda-feira";"06:50:00";"GO";60;307,8;"ACREUNA";"Ausência de reação do condutor";"Saída de leito carroçável";"Com Vítimas Feridas";"Amanhecer";"Decrescente";"Céu Claro";"Dupla";"Reta";"Não";2;0;1;0;1;0;1;1;-17,3986;-50,3873;"SPRF-GO";"DEL04-GO";"UOP02-DEL04-GO"
549412;2023-09-18;"segunda-feira";"07:39:00";"PR";116;114,9;"CURITIBA";"Área urbana sem a presença de local apropriado para a travessia de pedestres";"Atropelamento de Pedestre";"Com Vítimas Feridas";"Pleno dia";"Crescente";"Céu Claro";"Dupla";"Reta";"Sim";2;0;1;0;1;0;1;2;-25,5629690665;-49,2564380147;"SPRF-PR";"DEL01-PR";"UOP07-DEL01-PR"
549413;2023-09-18;"segunda-feira";"07:15:00";"ES";101;269,2;"SERRA";"Acessar a via sem observar a presença dos outros veículos";"Colisão transversal";"Com Vítimas Feridas";"Pleno dia";"Crescente";"Céu Claro";"Múltipla";"Reta";"Não";4;0;1;0;3;0;1;3;-20,21740496;-40,26990578;"SPRF-ES";"DEL02-ES";"UOP01-DEL02-ES"
549414;2023-09-18;"segunda-feira";"07:40:00";"RN";101;107;"PARNAMIRIM";"Reação tardia ou ineficiente do condutor";"Colisão traseira";"Com Vítimas Feridas";"Pleno dia";"Decrescente";"Garoa/Chuvisco";"Múltipla";"Viaduto;Declive";"Sim";2;0;1;0;0;1;1;2;-5,91920796;-35,26412409;"SPRF-RN";"DEL01-RN";"UOP01-DEL01-RN"
549416;2023-09-18;"segunda-feira";"07:00:00";"RN";101;109;"PARNAMIRIM";"Condutor deixou de manter distância do veículo da frente";"Colisão traseira";"Sem Vítimas";"Pleno dia";"Decrescente";"Chuva";"Dupla";"Reta";"Não";2;0;0;0;2;0;0;2;-5,937378;-35,26483;"SPRF-RN";"DEL01-RN";"UOP01-DEL01-RN"
549417;2023-09-18;"segunda-feira";"07:50:00";"PE";232;142;"SAO CAITANO";"Avarias e/ou desgaste excessivo no pneu";"Queda de ocupante de veículo";"Com Vítimas Feridas";"Pleno dia";"Decrescente";"Céu Claro";"Dupla";"Reta;Declive";"Não";2;0;2;0;0;0;2;1;-8,32242118;-36,09480698;"SPRF-PE";"DEL03-PE";"UOP02-DEL03-PE"
549419;2023-09-18;"segunda-feira";"08:15:00";"SP";153;61;"SAO JOSE DO RIO PRETO";"Ausência de reação do condutor";"Colisão lateral mesmo sentido";"Com Vítimas Feridas";"Pleno dia";"Crescente";"Céu Claro";"Dupla";"Declive;Reta";"Não";1;0;1;0;0;0;1;1;-20,80502876;-49,35574909;"SPRF-SP";"DEL09-SP";"UOP01-DEL09-SP"
549422;2023-09-18;"segunda-feira";"07:00:00";"PE";428;192,1;"PETROLINA";"Acessar a via sem observar a presença dos outros veículos";"Colisão lateral mesmo sentido";"Com Vítimas Feridas";"Pleno dia";"Crescente";"Nublado";"Dupla";"Curva";"Sim";3;0;2;1;0;0;3;2;-9,38653978;-40,52434412;"SPRF-PE";"DEL06-PE";"UOP01-DEL06-PE"
549424;2023-09-18;"segunda-feira";"07:35:00";"SC";101;134,3;"BALNEARIO CAMBORIU";"Acessar a via sem observar a presença dos outros veículos";"Colisão transversal";"Com Vítimas Feridas";"Pleno dia";"Crescente";"Céu Claro";"Múltipla";"Interseção de Vias";"Sim";2;0;1;0;1;0;1;2;-27,00218;-48,636433;"SPRF-SC";"DEL04-SC";"UOP03-DEL04-SC"
549425;2023-08-29;"terça-feira";"21:30:00";"GO";60;344;"SANTO ANTONIO DA BARRA";"Pista Escorregadia";"Saída de leito carroçável";"Com Vítimas Feridas";"Plena Noite";"Decrescente";"Chuva";"Dupla";"Curva";"Sim";1;0;1;0;0;0;1;1;-17,5628;-50,6402;"SPRF-GO";"DEL04-GO";"UOP02-DEL04-GO"
549426;2023-09-18;"segunda-feira";"08:00:00";"DF";70;19;"BRASILIA";"Manobra de mudança de faixa";"Colisão traseira";"Com Vítimas Feridas";"Pleno dia";"Decrescente";"Céu Claro";"Dupla";"Reta";"Não";2;0;1;0;1;0;1;2;-15,788868;-48,220242;"SPRF-DF";"DEL03-DF";"UOP02-DEL03-DF"
549427;2023-09-18;"segunda-feira";"07:10:00";"RJ";40;121;"DUQUE DE CAXIAS";"Manobra de mudança de faixa";"Colisão lateral mesmo sentido";"Com Vítimas Feridas";"Pleno dia";"Crescente";"Céu Claro";"Múltipla";"Reta";"Sim";2;0;1;0;1;0;1;2;-22,78185499;-43,28571273;"SPRF-RJ";"DEL01-RJ";"UOP01-DEL01-RJ"
549429;2023-07-09;"domingo";"06:15:00";"RS";290;65;"GRAVATAI";"Ausência de reação do condutor";"Saída de leito carroçável";"Sem Vítimas";"Amanhecer";"Decrescente";"Nevoeiro/Neblina";"Dupla";"Curva";"Sim";1;0;0;0;1;0;0;1;-29,943108;-50,905231;"SPRF-RS";"DEL03-RS";"UOP01-DEL03-RS"
549430;2023-08-29;"terça-feira";"12:45:00";"MG";40;531;"BELO HORIZONTE";"Manobra de mudança de faixa";"Colisão lateral mesmo sentido";"Com Vítimas Feridas";"Pleno dia";"Crescente";"Ignorado";"Dupla";"Reta";"Sim";2;0;1;0;1;0;1;2;-19,91962483;-44,02522683;"SPRF-MG";"DEL01-MG";"UOP02-DEL01-MG"
549431;2023-09-18;"segunda-feira";"07:45:00";"RS";285;183,3;"CAPAO BONITO DO SUL";"Velocidade Incompatível";"Saída de leito carroçável";"Com Vítimas Feridas";"Pleno dia";"Crescente";"Céu Claro";"Simples";"Curva";"Não";1;0;1;0;0;0;1;1;-28,293627;-51,431511;"SPRF-RS";"DEL08-RS";"UOP05-DEL08-RS"
549438;2023-09-18;"segunda-feira";"09:52:00";"SC";470;89,1;"ASCURRA";"Acessar a via sem observar a presença dos outros veículos";"Colisão lateral mesmo sentido";"Com Vítimas Feridas";"Pleno dia";"Crescente";"Céu Claro";"Simples";"Reta;Interseção de Vias";"Não";3;0;1;0;2;0;1;2;-26,961573;-49,371918;"SPRF-SC";"DEL04-SC";"UOP01-DEL04-SC"
549439;2023-09-18;"segunda-feira";"09:00:00";"PE";101;59,8;"RECIFE";"Frear bruscamente";"Tombamento";"Com Vítimas Feridas";"Pleno dia";"Crescente";"Chuva";"Dupla";"Curva";"Sim";2;0;1;0;1;0;1;1;-7,982235;-34,93206;"SPRF-PE";"DEL01-PE";"UOP02-DEL01-PE"
549440;2023-09-18;"segunda-feira";"09:00:00";"MG";50;72;"UBERLANDIA";"Condutor deixou de manter distância do veículo da frente";"Engavetamento";"Com Vítimas Feridas";"Pleno dia";"Crescente";"Céu Claro";"Dupla";"Reta";"Sim";4;0;1;0;3;0;1;4;-18,85140204;-48,25345932;"SPRF-MG";"DEL15-MG";"UOP01-DEL15-MG"
549442;2023-07-27;"quinta-feira";"17:25:00";"PA";0;0;"CAPANEMA";"Manobra de mudança de faixa";"Colisão lateral mesmo sentido";"Com Vítimas Feridas";"Pleno dia";"Não Informado";"Céu Claro";"Simples";"Reta";"Sim";2;0;0;1;1;0;1;2;-1,20207181;-47,18194842;"SPRF-PA";"DEL01-PA";"UOP03-DEL01-PA"
549443;2023-09-18;"segunda-feira";"10:30:00";"GO";153;494;"GOIANIA";"Avarias e/ou desgaste excessivo no pneu";"Tombamento";"Com Vítimas Feridas";"Pleno dia";"Decrescente";"Céu Claro";"Dupla";"Reta;Declive";"Sim";2;0;1;1;0;0;2;1;-16,6614;-49,2218;"SPRF-GO";"DEL01-GO";"UOP01-DEL01-GO"
549444;2023-09-18;"segunda-feira";"09:30:00";"PR";376;213,6;"JANDAIA DO SUL";"Reação tardia ou ineficiente do condutor";"Tombamento";"Com Vítimas Feridas";"Pleno dia";"Decrescente";"Céu Claro";"Dupla";"Reta";"Não";1;0;0;1;0;0;1;1;-23,5808343;-51,65143895;"SPRF-PR";"DEL09-PR";"UOP01-DEL09-PR"
549445;2023-09-18;"segunda-feira";"10:00:00";"RJ";101;468,8;"ANGRA DOS REIS";"Acumulo de óleo sobre o pavimento";"Tombamento";"Com Vítimas Feridas";"Pleno dia";"Decrescente";"Céu Claro";"Simples";"Curva";"Não";2;0;2;0;0;0;2;1;-23,00721537;-44,22359287;"SPRF-RJ";"DEL03-RJ";"UOP03-DEL03-RJ"
549446;2023-09-18;"segunda-feira";"08:30:00";"AC";364;142;"RIO BRANCO";"Manobra de mudança de faixa";"Colisão traseira";"Sem Vítimas";"Pleno dia";"Decrescente";"Céu Claro";"Dupla";"Reta";"Sim";2;0;0;0;1;1;0;2;-9,930951;-67,88561275;"SPRF-AC";"DEL01-AC";"UOP01-DEL01-AC"
549447;2023-06-19;"segunda-feira";"07:30:00";"MA";0;0;"SAO LUIS";"Pista Escorregadia";"Colisão traseira";"Sem Vítimas";"Pleno dia";"Não Informado";"Garoa/Chuvisco";"Dupla";"Reta";"Sim";2;0;0;0;2;0;0;2;-2,49096464;-44,23458153;"SPRF-MA";"DEL01-MA";"N/A"
549448;2023-09-18;"segunda-feira";"09:20:00";"MG";365;612,9;"UBERLANDIA";"Acessar a via sem observar a presença dos outros veículos";"Colisão transversal";"Com Vítimas Feridas";"Pleno dia";"Crescente";"Céu Claro";"Simples";"Reta";"Não";3;0;0;1;2;0;1;2;-18,92793854;-48,19198317;"SPRF-MG";"DEL15-MG";"UOP01-DEL15-MG"
549452;2023-09-18;"segunda-feira";"08:40:00";"MT";364;296,7;"JACIARA";"Ausência de reação do condutor";"Saída de leito carroçável";"Com Vítimas Feridas";"Pleno dia";"Decrescente";"Céu Claro";"Dupla";"Reta";"Não";1;0;1;0;0;0;1;1;-15,8641558;-55,12584675;"SPRF-MT";"DEL05-MT";"UOP02-DEL05-MT"
549455;2023-09-18;"segunda-feira";"06:00:00";"PI";316;128;"ELESBAO VELOSO";"Ausência de reação do condutor";"Colisão com objeto";"Com Vítimas Fatais";"Pleno dia";"Decrescente";"Céu Claro";"Simples";"Reta";"Não";2;1;1;0;0;0;1;1;-6,00729292;-42,31692692;"SPRF-PI";"DEL04-PI";"UOP02-DEL04-PI"
549458;2023-09-18;"segunda-feira";"08:50:00";"MT";174;89;"CACERES";"Demais falhas mecânicas ou elétricas";"Saída de leito carroçável";"Com Vítimas Feridas";"Pleno dia";"Decrescente";"Céu Claro";"Simples";"Reta";"Não";1;0;1;0;0;0;1;1;-15,91432227;-57,8037704;"SPRF-MT";"DEL03-MT";"UOP01-DEL03-MT"
549460;2023-09-18;"segunda-feira";"11:50:00";"PE";428;189,8;"PETROLINA";"Reação tardia ou ineficiente do condutor";"Atropelamento de Pedestre";"Com Vítimas Feridas";"Pleno dia";"Crescente";"Sol";"Dupla";"Rotatória";"Sim";2;0;1;1;0;0;2;2;-9,37801963;-40,50433874;"SPRF-PE";"DEL06-PE";"UOP01-DEL06-PE"
549463;2023-09-18;"segunda-feira";"12:15:00";"PE";232;408;"SERRA TALHADA";"Reação tardia ou ineficiente do condutor";"Tombamento";"Com Vítimas Feridas";"Pleno dia";"Crescente";"Sol";"Simples";"Declive";"Sim";1;0;1;0;0;0;1;1;-7,98371447;-38,28047709;"SPRF-PE";"DEL04-PE";"UOP01-DEL04-PE"
549465;2023-09-18;"segunda-feira";"12:41:00";"PB";230;158,9;"CAMPINA GRANDE";"Acessar a via sem observar a presença dos outros veículos";"Colisão transversal";"Com Vítimas Feridas";"Pleno dia";"Decrescente";"Chuva";"Simples";"Reta";"Sim";2;0;1;0;1;0;1;2;-7,2582;-35,9267;"SPRF-PB";"DEL02-PB";"UOP01-DEL02-PB"
549466;2023-09-18;"segunda-feira";"13:00:00";"SC";470;40;"GASPAR";"Trafegar com motocicleta (ou similar) entre as faixas";"Colisão com objeto";"Com Vítimas Feridas";"Pleno dia";"Crescente";"Céu Claro";"Dupla";"Em Obras;Reta";"Não";1;0;1;0;0;0;1;1;-26,889574;-48,99094;"SPRF-SC";"DEL04-SC";"UOP01-DEL04-SC"