"id";"data_inversa";"dia_semana";"horario";"uf";"br";"km";"municipio";"causa_acidente";"tipo_acidente";"classificacao_acidente";"fase_dia";"sentido_via";"condicao_metereologica";"tipo_pista";"tracado_via";"uso_solo";"pessoas";"mortos";"feridos_leves";"feridos_graves";"ilesos";"ignorados";"feridos";"veiculos";"latitude";"longitude";"regional";"delegacia";"uop"
549468;2023-09-18;"segunda-feira";"12:25:00";"PE";316;79;"OURICURI";"Ausência de reação do condutor";"Tombamento";"Com Vítimas Feridas";"Pleno dia";"Decrescente";"Céu Claro";"Simples";"Reta;Aclive";"Não";1;0;0;1;0;0;1;1;-7,85585332;-40,11547828;"SPRF-PE";"DEL05-PE";"UOP02-DEL05-PE"
549472;2023-09-18;"segunda-feira";"13:00:00";"RS";470;227;"GARIBALDI";"Manobra de mudança de faixa";"Colisão lateral mesmo sentido";"Com Vítimas Feridas";"Pleno dia";"Decrescente";"Céu Claro";"Simples";"Curva;Em Obras;Aclive";"Não";2;0;1;0;1;0;1;2;-29,25900841;-51,50882435;"SPRF-RS";"DEL06-RS";"UOP01-DEL06-RS"
549473;2023-09-18;"segunda-feira";"13:00:00";"RS";116;151,7;"CAXIAS DO SUL";"Ingestão de álcool pelo condutor";"Colisão transversal";"Com Vítimas Feridas";"Pleno dia";"Crescente";"Nublado";"Dupla";"Reta;Declive";"Sim";3;0;1;0;1;1;1;3;-29,181819;-51,166252;"SPRF-RS";"DEL05-RS";"UOP01-DEL05-RS"
549475;2023-09-17;"domingo";"18:08:00";"PA";163;590;"TRAIRAO";"Ingestão de álcool e/ou substâncias psicoativas pelo pedestre";"Tombamento";"Com Vítimas Feridas";"Pleno dia";"Crescente";"Céu Claro";"Simples";"Reta";"Não";1;0;1;0;0;0;1;1;-4,91026693;-56,18979906;"SPRF-PA";"DEL05-PA";"UOP02-DEL05-PA"
549480;2023-09-18;"segunda-feira";"12:10:00";"SC";101;318;"PESCARIA BRAVA";"Reação tardia ou ineficiente do condutor";"Tombamento";"Com Vítimas Feridas";"Pleno dia";"Decrescente";"Céu Claro";"Simples";"Reta";"Sim";1;0;1;0;0;0;1;1;-28,4266481;-48,86160099;"SPRF-SC";"DEL02-SC";"UOP01-DEL02-SC"
549481;2023-09-18;"segunda-feira";"10:50:00";"SC";470;138,6;"RIO DO SUL";"Conversão proibida";"Colisão transversal";"Com Vítimas Feridas";"Pleno dia";"Decrescente";"Céu Claro";"Simples";"Reta";"Sim";2;0;0;1;1;0;1;2;-27,2054947;-49,6447438;"SPRF-SC";"DEL04-SC";"UOP02-DEL04-SC"
549482;2023-09-18;"segunda-feira";"14:10:00";"RJ";101;426,9;"MANGARATIBA";"Avarias e/ou desgaste excessivo no pneu";"Colisão lateral sentido oposto";"Com Vítimas Feridas";"Pleno dia";"Crescente";"Sol";"Simples";"Curva;Declive";"Não";3;0;1;0;2;0;1;2;-22,92769078;-43,97265811;"SPRF-RJ";"DEL03-RJ";"UOP02-DEL03-RJ"
549483;2023-09-18;"segunda-feira";"13:45:00";"PR";277;4,5;"PARANAGUA";"Condutor deixou de manter distância do veículo da frente";"Colisão traseira";"Com Vítimas Feridas";"Pleno dia";"Crescente";"Sol";"Dupla";"Reta";"Sim";2;0;1;0;1;0;1;2;-25,533418;-48,529971;"SPRF-PR";"DEL01-PR";"UOP05-DEL01-PR"
549484;2023-09-18;"segunda-feira";"12:15:00";"GO";60;362;"RIO VERDE";"Acesso irregular";"Colisão traseira";"Com Vítimas Feridas";"Pleno dia";"Crescente";"Nublado";"Dupla";"Reta";"Não";2;0;1;0;1;0;1;2;-17,6383;-50,7826;"SPRF-GO";"DEL04-GO";"UOP02-DEL04-GO"
549486;2023-09-18;"segunda-feira";"13:50:00";"GO";60;127;"GOIANAPOLIS";"Demais falhas mecânicas ou elétricas";"Incêndio";"Sem Vítimas";"Pleno dia";"Crescente";"Sol";"Dupla";"Curva";"Não";1;0;0;0;1;0;0;1;-16,54180061;-49,15034294;"SPRF-GO";"DEL01-GO";"UOP01-DEL01-GO"
549487;2023-09-18;"segunda-feira";"14:30:00";"SC";101;205,2;"SAO JOSE";"Pedestre andava na pista";"Atropelamento de Pedestre";"Com Vítimas Feridas";"Pleno dia";"Decrescente";"Céu Claro";"Dupla";"Curva;Declive";"Sim";2;0;1;0;1;0;1;2;-27,58313237;-48,61532885;"SPRF-SC";"DEL01-SC";"UOP01-DEL01-SC"
549488;2023-09-18;"segunda-feira";"13:40:00";"PR";116;116,3;"CURITIBA";"Problema na suspensão";"Colisão com objeto";"Com Vítimas Feridas";"Pleno dia";"Crescente";"Céu Claro";"Dupla";"Reta";"Sim";1;0;1;0;0;0;1;1;-25,553838;-49,305608;"SPRF-PR";"DEL01-PR";"UOP03-DEL01-PR"
549489;2023-09-18;"segunda-feira";"14:15:00";"SP";116;302,1;"SAO LOURENCO DA SERRA";"Demais falhas mecânicas ou elétricas";"Incêndio";"Sem Vítimas";"Pleno dia";"Decrescente";"Céu Claro";"Dupla";"Reta";"Não";1;0;0;0;1;0;0;1;-23,81957108;-46,92449376;"SPRF-SP";"DEL04-SP";"UOP01-DEL04-SP"
549490;2023-09-18;"segunda-feira";"13:45:00";"RS";386;34;"FREDERICO WESTPHALEN";"Acessar a via sem observar a presença dos outros veículos";"Colisão transversal";"Com Vítimas Feridas";"Pleno dia";"Decrescente";"Céu Claro";"Simples";"Rotatória";"Sim";2;0;1;0;1;0;1;2;-27,358442;-53,388298;"SPRF-RS";"DEL08-RS";"UOP02-DEL08-RS"
549492;2023-09-18;"segunda-feira";"15:00:00";"RN";304;290;"MACAIBA";"Ausência de reação do condutor";"Colisão traseira";"Com Vítimas Feridas";"Pleno dia";"Crescente";"Céu Claro";"Simples";"Reta";"Não";4;0;2;0;1;1;2;3;-5,86659018;-35,40283899;"SPRF-RN";"DEL01-RN";"UOP02-DEL01-RN"
549493;2023-09-18;"segunda-feira";"15:00:00";"SC";101;258,5;"PAULO LOPES";"Reação tardia ou ineficiente do condutor";"Queda de ocupante de veículo";"Com Vítimas Feridas";"Pleno dia";"Crescente";"Céu Claro";"Dupla";"Curva;Declive";"Não";1;0;1;0;0;0;1;1;-28,00482282;-48,69190437;"SPRF-SC";"DEL02-SC";"UOP03-DEL02-SC"
549495;2023-09-18;"segunda-feira";"14:40:00";"CE";20;309,9;"CANINDE";"Condutor deixou de manter distância do veículo da frente";"Colisão traseira";"Sem Vítimas";"Pleno dia";"Decrescente";"Céu Claro";"Simples";"Reta";"Não";2;0;0;0;2;0;0;2;-4,34227877;-39,2939223;"SPRF-CE";"DEL02-CE";"UOP01-DEL02-CE"
549496;2023-07-05;"quarta-feira";"16:40:00";"RS";448;21;"PORTO ALEGRE";"Reação tardia ou ineficiente do condutor";"Colisão com objeto";"Sem Vítimas";"Pleno dia";"Crescente";"Céu Claro";"Dupla";"Declive;Curva";"Sim";1;0;0;0;1;0;0;1;-29,97397024;-51,19963646;"SPRF-RS";"DEL01-RS";"UOP01-DEL01-RS"
549498;2023-09-18;"segunda-feira";"10:30:00";"RO";364;342;"JI-PARANA";"Ausência de reação do condutor";"Colisão traseira";"Com Vítimas Feridas";"Pleno dia";"Decrescente";"Céu Claro";"Dupla";"Reta";"Sim";3;0;2;0;1;0;2;2;-10,88381227;-61,93741416;"SPRF-RO";"DEL02-RO";"UOP01-DEL02-RO"
549499;2023-09-18;"segunda-feira";"15:00:00";"GO";50;96;"CRISTALINA";"Conversão proibida";"Colisão transversal";"Com Vítimas Feridas";"Pleno dia";"Decrescente";"Céu Claro";"Simples";"Em Obras;Reta";"Sim";4;0;1;3;0;0;4;2;-16,755653;-47,606413;"SPRF-DF";"DEL01-DF";"UOP02-DEL01-DF"
549502;2023-09-18;"segunda-feira";"16:10:00";"DF";70;1;"BRASILIA";"Avarias e/ou desgaste excessivo no pneu";"Tombamento";"Com Vítimas Feridas";"Pleno dia";"Crescente";"Céu Claro";"Dupla";"Reta";"Não";1;0;1;0;0;0;1;1;-15,795264;-48,063801;"SPRF-DF";"DEL03-DF";"UOP02-DEL03-DF"
549503;2023-09-18;"segunda-feira";"16:00:00";"SP";116;447,1;"REGISTRO";"Afundamento ou ondulação no pavimento";"Queda de ocupante de veículo";"Com Vítimas Feridas";"Pleno dia";"Decrescente";"Céu Claro";"Simples";"Interseção de Vias";"Sim";1;0;1;0;0;0;1;1;-24,52099699;-47,85336602;"SPRF-SP";"DEL05-SP";"UOP01-DEL05-SP"
549506;2023-09-18;"segunda-feira";"15:15:00";"MG";116;702,2;"MURIAE";"Desrespeitar a preferência no cruzamento";"Tombamento";"Com Vítimas Feridas";"Pleno dia";"Decrescente";"Sol";"Simples";"Interseção de Vias";"Sim";2;0;1;0;1;0;1;2;-21,124806;-42,381329;"SPRF-MG";"DEL07-MG";"UOP02-DEL07-MG"
549507;2023-09-18;"segunda-feira";"16:10:00";"ES";101;414,9;"ITAPEMIRIM";"Reação tardia ou ineficiente do condutor";"Atropelamento de Pedestre";"Com Vítimas Feridas";"Pleno dia";"Crescente";"Sol";"Simples";"Curva;Interseção de Vias";"Não";3;0;2;0;1;0;2;2;-20,92345849;-41,07835562;"SPRF-ES";"DEL03-ES";"UOP02-DEL03-ES"
549510;2023-09-18;"segunda-feira";"14:00:00";"RJ";493;6;"ITABORAI";"Ausência de reação do condutor";"Queda de ocupante de veículo";"Com Vítimas Feridas";"Pleno dia";"Decrescente";"Céu Claro";"Dupla";"Reta";"Não";1;0;1;0;0;0;1;1;-22,73124198;-42,95145305;"SPRF-RJ";"DEL02-RJ";"UOP02-DEL02-RJ"
549511;2023-09-17;"domingo";"22:30:00";"RS";285;332,9;"CARAZINHO";"Reação tardia ou ineficiente do condutor";"Saída de leito carroçável";"Com Vítimas Feridas";"Plena Noite";"Crescente";"Céu Claro";"Simples";"Em Obras";"Não";4;0;2;0;2;0;2;1;-28,29733365;-52,73615599;"SPRF-RS";"DEL08-RS";"UOP03-DEL08-RS"
549516;2023-09-18;"segunda-feira";"16:30:00";"SP";459;30,7;"LORENA";"Trafegar com motocicleta (ou similar) entre as faixas";"Colisão transversal";"Com Vítimas Feridas";"Pleno dia";"Decrescente";"Céu Claro";"Simples";"Reta";"Sim";2;0;1;0;1;0;1;2;-22,725021;-45,103531;"SPRF-SP";"DEL08-SP";"UOP02-DEL08-SP"
549517;2023-09-18;"segunda-feira";"16:00:00";"MG";116;517,9;"CARATINGA";"Reação tardia ou ineficiente do condutor";"Tombamento";"Com Vítimas Feridas";"Pleno dia";"Crescente";"Céu Claro";"Simples";"Reta";"Não";3;0;0;1;0;2;1;2;-19,70492713;-42,11720373;"SPRF-MG";"DEL06-MG";"UOP02-DEL06-MG"
549518;2023-07-11;"terça-feira";"17:05:00";"SC";116;86;"MONTE CASTELO";"Reação tardia ou ineficiente do condutor";"Colisão transversal";"Com Vítimas Feridas";"Anoitecer";"Crescente";"Chuva";"Simples";"Interseção de Vias;Aclive";"Não";2;0;0;1;1;0;1;2;-26,60977491;-50,22937022;"SPRF-SC";"DEL06-SC";"UOP02-DEL06-SC"
549520;2023-09-18;"segunda-feira";"17:10:00";"MG";381;521;"BRUMADINHO";"Carga excessiva e/ou mal acondicionada";"Tombamento";"Com Vítimas Feridas";"Pleno dia";"Crescente";"Céu Claro";"Dupla";"Curva;Declive";"Não";2;0;2;0;0;0;2;2;-20,13846621;-44,31715274;"SPRF-MG";"DEL04-MG";"UOP03-DEL04-MG"
549522;2023-09-18;"segunda-feira";"09:00:00";"BA";101;320;"PRESIDENTE TANCREDO NEVES";"Acessar a via sem observar a presença dos outros veículos";"Colisão frontal";"Com Vítimas Feridas";"Pleno dia";"Crescente";"Céu Claro";"Simples";"Reta";"Sim";6;0;6;0;0;0;6;2;-13,51369502;-39,44700694;"SPRF-BA";"DEL05-BA";"UOP03-DEL05-BA"
549523;2023-09-18;"segunda-feira";"11:30:00";"PE";101;66,9;"RECIFE";"Reação tardia ou ineficiente do condutor";"Colisão traseira";"Com Vítimas Feridas";"Pleno dia";"Decrescente";"Nublado";"Dupla";"Reta";"Sim";2;0;0;1;1;0;1;2;-8,03368534;-34,94184125;"SPRF-PE";"DEL01-PE";"UOP01-DEL01-PE"
549526;2023-09-18;"segunda-feira";"16:40:00";"MA";230;405;"BALSAS";"Acessar a via sem observar a presença dos outros veículos";"Colisão transversal";"Com Vítimas Feridas";"Pleno dia";"Crescente";"Céu Claro";"Simples";"Reta;Retorno Regulamentado";"Sim";2;0;1;0;1;0;1;2;-7,521123;-46,050115;"SPRF-MA";"DEL05-MA";"UOP01-DEL05-MA"
549527;2023-09-18;"segunda-feira";"09:10:00";"SC";101;78,1;"ARAQUARI";"Demais falhas mecânicas ou elétricas";"Queda de ocupante de veículo";"Com Vítimas Feridas";"Pleno dia";"Crescente";"Céu Claro";"Dupla";"Reta";"Não";1;0;1;0;0;0;1;1;-26,57672096;-48,72270551;"SPRF-SC";"DEL03-SC";"UOP02-DEL03-SC"
549528;2023-09-18;"segunda-feira";"15:05:00";"SC";470;247,2;"CURITIBANOS";"Condutor deixou de manter distância do veículo da frente";"Colisão traseira";"Com Vítimas Feridas";"Pleno dia";"Crescente";"Sol";"Simples";"Declive;Reta";"Sim";4;0;1;0;3;0;1;4;-27,315269;-50,541786;"SPRF-SC";"DEL05-SC";"UOP03-DEL05-SC"
549529;2023-09-18;"segunda-feira";"17:10:00";"RJ";101;325;"NITEROI";"Trafegar com motocicleta (ou similar) entre as faixas";"Colisão lateral mesmo sentido";"Com Vítimas Feridas";"Pleno dia";"Decrescente";"Céu Claro";"Dupla";"Reta;Declive";"Não";3;0;1;0;2;0;1;3;-22,87332829;-43,14193726;"SPRF-RJ";"DEL02-RJ";"UOP01-DEL02-RJ"
549530;2023-05-06;"sábado";"15:41:00";"SP";116;341;"MIRACATU";"Condutor Dormindo";"Capotamento";"Com Vítimas Feridas";"Pleno dia";"Crescente";"Céu Claro";"Dupla";"Curva";"Não";1;0;1;0;0;0;1;1;-24,00990014;-47,16199395;"SPRF-SP";"DEL04-SP";"UOP03-DEL04-SP"
549531;2023-09-18;"segunda-feira";"18:05:00";"ES";101;288;"CARIACICA";"Acessar a via sem observar a presença dos outros veículos";"Colisão transversal";"Com Vítimas Feridas";"Plena Noite";"Crescente";"Céu Claro";"Dupla";"Reta;Retorno Regulamentado";"Sim";2;0;2;0;0;0;2;2;-20,27160351;-40,39091743;"SPRF-ES";"DEL01-ES";"UOP01-DEL01-ES"
549533;2023-09-18;"segunda-feira";"18:00:00";"PI";343;9;"PARNAIBA";"Acessar a via sem observar a presença dos outros veículos";"Colisão transversal";"Com Vítimas Feridas";"Anoitecer";"Crescente";"Céu Claro";"Simples";"Reta";"Sim";3;0;2;0;1;0;2;2;-2,900722;-41,732681;"SPRF-PI";"DEL05-PI";"UOP01-DEL05-PI"
549534;2023-09-18;"segunda-feira";"17:45:00";"PB";230;16;"JOAO PESSOA";"Ausência de reação do condutor";"Colisão traseira";"Com Vítimas Feridas";"Anoitecer";"Crescente";"Céu Claro";"Dupla";"Reta;Declive";"Sim";2;0;1;0;0;1;1;2;-7,1039;-34,8458;"SPRF-PB";"DEL01-PB";"UOP01-DEL01-PB"
549535;2023-09-18;"segunda-feira";"18:30:00";"PI";343;8;"PARNAIBA";"Ausência de reação do condutor";"Colisão traseira";"Com Vítimas Feridas";"Plena Noite";"Decrescente";"Céu Claro";"Simples";"Reta";"Sim";2;0;1;0;1;0;1;2;-2,900049;-41,727985;"SPRF-PI";"DEL05-PI";"UOP01-DEL05-PI"
549538;2023-09-18;"segunda-feira";"17:50:00";"SP";116;450;"REGISTRO";"Acumulo de óleo sobre o pavimento";"Tombamento";"Com Vítimas Feridas";"Anoitecer";"Decrescente";"Nublado";"Simples";"Aclive;Retorno Regulamentado;Curva";"Não";2;0;2;0;0;0;2;2;-24,53728295;-47,85899314;"SPRF-SP";"DEL05-SP";"UOP01-DEL05-SP"
549540;2023-09-18;"segunda-feira";"16:10:00";"MG";40;272,3;"SAO GONCALO DO ABAETE";"Acessar a via sem observar a presença dos outros veículos";"Colisão transversal";"Com Vítimas Feridas";"Pleno dia";"Decrescente";"Sol";"Simples";"Reta";"Não";2;0;0;1;1;0;1;2;-18,18478495;-45,26086898;"SPRF-MG";"DEL14-MG";"UOP02-DEL14-MG"
549542;2023-09-18;"segunda-feira";"18:45:00";"PR";376;229;"APUCARANA";"Ingestão de álcool ou de substâncias psicoativas pelo pedestre";"Saída de leito carroçável";"Com Vítimas Feridas";"Plena Noite";"Decrescente";"Céu Claro";"Dupla";"Reta";"Não";2;0;2;0;0;0;2;1;-23,564101;-51,5307394;"SPRF-PR";"DEL07-PR";"UOP03-DEL07-PR"
549543;2023-09-18;"segunda-feira";"18:00:00";"PB";427;37;"POMBAL";"Ingestão de álcool pelo condutor";"Colisão lateral sentido oposto";"Sem Vítimas";"Plena Noite";"Crescente";"Céu Claro";"Simples";"Reta";"Sim";2;0;0;0;2;0;0;2;-6,76405124;-37,78910384;"SPRF-PB";"DEL03-PB";"UOP02-DEL03-PB"
549544;2023-09-18;"segunda-feira";"18:25:00";"RS";116;235;"NOVO HAMBURGO";"Manobra de mudança de faixa";"Colisão lateral mesmo sentido";"Sem Vítimas";"Plena Noite";"Decrescente";"Chuva";"Múltipla";"Reta";"Sim";3;0;0;0;2;1;0;2;-29,66037586;-51,14386509;"SPRF-RS";"DEL01-RS";"UOP02-DEL01-RS"
549546;2023-09-18;"segunda-feira";"15:00:00";"MT";163;1035;"MATUPA";"Acessar a via sem observar a presença dos outros veículos";"Colisão transversal";"Sem Vítimas";"Pleno dia";"Crescente";"Nublado";"Simples";"Reta";"Não";2;0;0;0;2;0;0;2;-10,20818;-54,961829;"SPRF-MT";"DEL06-MT";"UOP03-DEL06-MT"
549548;2023-09-16;"sábado";"21:35:00";"RJ";101;304;"SAO GONCALO";"Condutor deixou de manter distância do veículo da frente";"Colisão traseira";"Com Vítimas Feridas";"Plena Noite";"Decrescente";"Céu Claro";"Dupla";"Reta";"Não";2;0;1;0;1;0;1;2;-22,78491869;-42,98627706;"SPRF-RJ";"DEL02-RJ";"UOP02-DEL02-RJ"
549549;2023-09-18;"segunda-feira";"19:20:00";"ES";101;415,9;"ITAPEMIRIM";"Velocidade Incompatível";"Queda de ocupante de veículo";"Com Vítimas Fatais";"Plena Noite";"Decrescente";"Céu Claro";"Simples";"Reta";"Não";1;1;0;0;0;0;0;1;-20,93222599;-41,0792708;"SPRF-ES";"DEL03-ES";"UOP02-DEL03-ES"
549550;2023-09-18;"segunda-feira";"18:05:00";"SE";101;64;"ROSARIO DO CATETE";"Chuva";"Queda de ocupante de veículo";"Com Vítimas Feridas";"Plena Noite";"Crescente";"Chuva";"Simples";"Declive;Reta";"Não";1;0;0;1;0;0;1;1;-10,69863603;-37,04704997;"SPRF-SE";"DEL02-SE";"UOP02-DEL02-SE"
549551;2023-09-15;"sexta-feira";"15:45:00";"RS";101;57,6;"MAQUINE";"Ausência de reação do condutor";"Saída de leito carroçável";"Com Vítimas Feridas";"Pleno dia";"Crescente";"Céu Claro";"Dupla";"Curva";"Não";2;0;1;0;1;0;1;1;-29,660588;-50,131926;"SPRF-RS";"DEL03-RS";"UOP02-DEL03-RS"
549554;2023-09-18;"segunda-feira";"19:15:00";"MA";316;264;"SANTA INES";"Acessar a via sem observar a presença dos outros veículos";"Colisão transversal";"Sem Vítimas";"Plena Noite";"Crescente";"Céu Claro";"Simples";"Interseção de Vias";"Sim";2;0;0;0;2;0;0;2;-3,673308;-45,362946;"SPRF-MA";"DEL02-MA";"UOP01-DEL02-MA"
549555;2023-09-18;"segunda-feira";"19:00:00";"ES";393;6,2;"CACHOEIRO DE ITAPEMIRIM";"Demais falhas mecânicas ou elétricas";"Saída de leito carroçável";"Com Vítimas Feridas";"Plena Noite";"Decrescente";"Céu Claro";"Simples";"Reta";"Não";2;0;2;0;0;0;2;1;-20,82897242;-41,20516777;"SPRF-ES";"DEL03-ES";"UOP02-DEL03-ES"
549556;2023-09-17;"domingo";"00:30:00";"MS";376;136;"IVINHEMA";"Ingestão de álcool pelo condutor";"Saída de leito carroçável";"Com Vítimas Feridas";"Plena Noite";"Decrescente";"Céu Claro";"Simples";"Reta";"Não";2;0;2;0;0;0;2;1;-22,37394861;-53,68121979;"SPRF-MS";"DEL04-MS";"UOP04-DEL04-MS"
549557;2023-09-18;"segunda-feira";"20:00:00";"AL";104;84;"RIO LARGO";"Animais na Pista";"Tombamento";"Com Vítimas Feridas";"Plena Noite";"Crescente";"Chuva";"Dupla";"Reta;Retorno Regulamentado";"Não";1;0;0;1;0;0;1;1;-9,45007991;-35,83193975;"SPRF-AL";"DEL01-AL";"UOP01-DEL01-AL"
549558;2023-09-18;"segunda-feira";"18:15:00";"BA";101;878;"TEIXEIRA DE FREITAS";"Transitar no Acostamento";"Colisão frontal";"Com Vítimas Feridas";"Plena Noite";"Crescente";"Céu Claro";"Simples";"Reta";"Sim";2;0;0;1;1;0;1;2;-17,5631924;-39,72827911;"SPRF-BA";"DEL09-BA";"UOP02-DEL09-BA"
549559;2023-09-18;"segunda-feira";"19:30:00";"PR";277;26;"MORRETES";"Ausência de reação do condutor";"Queda de ocupante de veículo";"Com Vítimas Feridas";"Plena Noite";"Decrescente";"Céu Claro";"Dupla";"Reta";"Não";1;0;1;0;0;0;1;1;-25,53270001;-48,716296;"SPRF-PR";"DEL01-PR";"UOP05-DEL01-PR"
549560;2023-09-18;"segunda-feira";"20:07:00";"RN";101;106,5;"PARNAMIRIM";"Manobra de mudança de faixa";"Colisão lateral mesmo sentido";"Com Vítimas Feridas";"Plena Noite";"Decrescente";"Céu Claro";"Múltipla";"Reta";"Sim";2;0;1;0;1;0;1;2;-5,91123421;-35,26141405;"SPRF-RN";"DEL01-RN";"UOP01-DEL01-RN"
549562;2023-09-18;"segunda-feira";"14:00:00";"MT";174;354;"CONQUISTA DOESTE";"Demais falhas mecânicas ou elétricas";"Saída de leito carroçável";"Com Vítimas Feridas";"Pleno dia";"Decrescente";"Céu Claro";"Simples";"Reta";"Não";1;0;1;0;0;0;1;1;-14,70807286;-59,39417587;"SPRF-MT";"DEL04-MT";"UOP01-DEL04-MT"
549563;2023-09-18;"segunda-feira";"20:00:00";"PE";101;67;"RECIFE";"Condutor deixou de manter distância do veículo da frente";"Colisão traseira";"Com Vítimas Feridas";"Plena Noite";"Decrescente";"Ignorado";"Múltipla";"Reta";"Sim";2;0;1;0;1;0;1;2;-8,044992;-34,944147;"SPRF-PE";"DEL01-PE";"UOP01-DEL01-PE"
549564;2023-09-18;"segunda-feira";"18:15:00";"RJ";101;318;"SAO GONCALO";"Trafegar com motocicleta (ou similar) entre as faixas";"Colisão transversal";"Com Vítimas Feridas";"Plena Noite";"Decrescente";"Céu Claro";"Dupla";"Reta";"Sim";3;0;2;0;1;0;2;2;-22,84562994;-43,09841211;"SPRF-RJ";"DEL02-RJ";"UOP02-DEL02-RJ"
549565;2023-09-18;"segunda-feira";"17:10:00";"RO";364;170;"PIMENTA BUENO";"Ingestão de álcool pelo condutor";"Saída de leito carroçável";"Sem Vítimas";"Pleno dia";"Crescente";"Céu Claro";"Simples";"Reta";"Não";1;0;0;0;1;0;0;1;-11,84752501;-61,01742202;"SPRF-RO";"DEL02-RO";"UOP02-DEL02-RO"
549568;2023-09-18;"segunda-feira";"17:20:00";"MA";402;33;"AXIXA";"Ultrapassagem Indevida";"Colisão transversal";"Com Vítimas Feridas";"Anoitecer";"Crescente";"Céu Claro";"Simples";"Reta";"Sim";7;0;1;1;4;1;2;3;-2,856714;-44,083298;"SPRF-MA";"DEL01-MA";"UOP01-DEL01-MA"
549571;2023-09-18;"segunda-feira";"17:50:00";"MG";40;805,7;"MATIAS BARBOSA";"Manobra de mudança de faixa";"Tombamento";"Com Vítimas Feridas";"Anoitecer";"Crescente";"Céu Claro";"Dupla";"Declive";"Não";1;0;0;1;0;0;1;1;-21,86534291;-43,36765294;"SPRF-MG";"DEL05-MG";"UOP01-DEL05-MG"
549572;2023-09-18;"segunda-feira";"21:00:00";"RJ";116;103;"GUAPIMIRIM";"Mal súbito do condutor";"Saída de leito carroçável";"Com Vítimas Feridas";"Pleno dia";"Crescente";"Céu Claro";"Dupla";"Curva";"Não";1;0;1;0;0;0;1;1;-22,5031646;-42,99910415;"SPRF-RJ";"DEL04-RJ";"UOP01-DEL04-RJ"
549573;2023-09-18;"segunda-feira";"19:43:00";"GO";20;216,5;"POSSE";"Demais falhas mecânicas ou elétricas";"Incêndio";"Sem Vítimas";"Plena Noite";"Crescente";"Céu Claro";"Simples";"Reta";"Não";2;0;0;0;2;0;0;1;-14,230496;-46,344475;"SPRF-DF";"DEL02-DF";"UOP03-DEL02-DF"
549574;2023-08-05;"sábado";"16:40:00";"RN";101;104;"PARNAMIRIM";"Reação tardia ou ineficiente do condutor";"Colisão traseira";"Com Vítimas Feridas";"Pleno dia";"Decrescente";"Céu Claro";"Dupla";"Reta";"Sim";5;0;2;0;2;1;2;3;-5,892745;-35,257225;"SPRF-RN";"DEL01-RN";"UOP01-DEL01-RN"
549577;2023-09-18;"segunda-feira";"19:35:00";"SC";470;179,8;"POUSO REDONDO";"Ingestão de álcool pelo condutor";"Colisão traseira";"Sem Vítimas";"Plena Noite";"Crescente";"Chuva";"Simples";"Reta";"Não";2;0;0;0;2;0;0;2;-27,2507095;-49,992342;"SPRF-SC";"DEL04-SC";"UOP02-DEL04-SC"
549579;2023-09-18;"segunda-feira";"20:45:00";"MG";365;407,4;"PATOS DE MINAS";"Ausência de reação do condutor";"Colisão frontal";"Sem Vítimas";"Plena Noite";"Decrescente";"Céu Claro";"Simples";"Reta;Em Obras";"Sim";2;0;0;0;2;0;0;2;-18,64392302;-46,49892399;"SPRF-MG";"DEL10-MG";"UOP01-DEL10-MG"
549580;2023-09-18;"segunda-feira";"18:10:00";"BA";110;174;"RIBEIRA DO POMBAL";"Conversão proibida";"Colisão transversal";"Com Vítimas Feridas";"Plena Noite";"Crescente";"Céu Claro";"Simples";"Reta";"Sim";4;0;0;1;1;2;1;3;-10,87839594;-38,52607058;"SPRF-BA";"DEL07-BA";"UOP02-DEL07-BA"
549582;2023-09-18;"segunda-feira";"21:30:00";"MG";381;481;"CONTAGEM";"Condutor deixou de manter distância do veículo da frente";"Engavetamento";"Com Vítimas Feridas";"Plena Noite";"Crescente";"Céu Claro";"Múltipla";"Reta";"Sim";5;0;3;0;2;0;3;4;-19,9584393;-44,0709202;"SPRF-MG";"DEL01-MG";"UOP03-DEL01-MG"
549583;2023-09-18;"segunda-feira";"21:50:00";"PA";155;342;"MARABA";"Demais falhas na via";"Queda de ocupante de veículo";"Com Vítimas Feridas";"Plena Noite";"Crescente";"Céu Claro";"Simples";"Aclive;Reta";"Não";2;0;1;0;1;0;1;1;-5,37851903;-49,07674765;"SPRF-PA";"DEL03-PA";"UOP01-DEL03-PA"
549588;2023-09-18;"segunda-feira";"21:20:00";"RO";364;264,2;"CACOAL";"Pedestre andava na pista";"Atropelamento de Pedestre";"Com Vítimas Feridas";"Plena Noite";"Crescente";"Céu Claro";"Simples";"Reta;Declive";"Não";2;0;0;1;1;0;1;2;-11,385715;-61,665885;"SPRF-RO";"DEL02-RO";"UOP02-DEL02-RO"
549590;2023-09-19;"terça-feira";"00:58:00";"PR";277;76;"CURITIBA";"Animais na Pista";"Atropelamento de Animal";"Sem Vítimas";"Plena Noite";"Crescente";"Céu Claro";"Dupla";"Reta";"Sim";1;0;0;0;1;0;0;1;-25,48368436;-49,19032395;"SPRF-PR";"DEL01-PR";"UOP01-DEL01-PR"